tree
version=v4
num_class=1
num_tree_per_iteration=1
label_index=0
max_feature_idx=210
objective=regression
feature_names=Column_0 Column_1 Column_2 Column_3 Column_4 Column_5 Column_6 Column_7 Column_8 Column_9 Column_10 Column_11 Column_12 Column_13 Column_14 Column_15 Column_16 Column_17 Column_18 Column_19 Column_20 Column_21 Column_22 Column_23 Column_24 Column_25 Column_26 Column_27 Column_28 Column_29 Column_30 Column_31 Column_32 Column_33 Column_34 Column_35 Column_36 Column_37 Column_38 Column_39 Column_40 Column_41 Column_42 Column_43 Column_44 Column_45 Column_46 Column_47 Column_48 Column_49 Column_50 Column_51 Column_52 Column_53 Column_54 Column_55 Column_56 Column_57 Column_58 Column_59 Column_60 Column_61 Column_62 Column_63 Column_64 Column_65 Column_66 Column_67 Column_68 Column_69 Column_70 Column_71 Column_72 Column_73 Column_74 Column_75 Column_76 Column_77 Column_78 Column_79 Column_80 Column_81 Column_82 Column_83 Column_84 Column_85 Column_86 Column_87 Column_88 Column_89 Column_90 Column_91 Column_92 Column_93 Column_94 Column_95 Column_96 Column_97 Column_98 Column_99 Column_100 Column_101 Column_102 Column_103 Column_104 Column_105 Column_106 Column_107 Column_108 Column_109 Column_110 Column_111 Column_112 Column_113 Column_114 Column_115 Column_116 Column_117 Column_118 Column_119 Column_120 Column_121 Column_122 Column_123 Column_124 Column_125 Column_126 Column_127 Column_128 Column_129 Column_130 Column_131 Column_132 Column_133 Column_134 Column_135 Column_136 Column_137 Column_138 Column_139 Column_140 Column_141 Column_142 Column_143 Column_144 Column_145 Column_146 Column_147 Column_148 Column_149 Column_150 Column_151 Column_152 Column_153 Column_154 Column_155 Column_156 Column_157 Column_158 Column_159 Column_160 Column_161 Column_162 Column_163 Column_164 Column_165 Column_166 Column_167 Column_168 Column_169 Column_170 Column_171 Column_172 Column_173 Column_174 Column_175 Column_176 Column_177 Column_178 Column_179 Column_180 Column_181 Column_182 Column_183 Column_184 Column_185 Column_186 Column_187 Column_188 Column_189 Column_190 Column_191 Column_192 Column_193 Column_194 Column_195 Column_196 Column_197 Column_198 Column_199 Column_200 Column_201 Column_202 Column_203 Column_204 Column_205 Column_206 Column_207 Column_208 Column_209 Column_210
feature_infos=[0:855] [0:855] [0:870] [0:1054] [0:870] [0:817] [0:1444] [0:1444] [0:1444] [0:1444] [0:1444] [0:786] [0:710] [0:901.25] [15.666695594787598:610.590576171875] [23.476922988891602:506.79165649414062] [27.76646614074707:470.02041625976562] [0:409.95999145507812] [-787.6669921875:855] [0:3.3925573825836182] [0:2000] [0:2000] [0:1385] [0:1853] [0:1385] [0:1715] [0:1824] [0:1824] [0:1824] [0:1824] [0:1824] [0:1715] [0:1715] [0:1320.199951171875] [0:794.66668701171875] [0:702.6099853515625] [2.6028480529785156:614.1209716796875] [0:525.30609130859375] [-1867:1733] [0:3.087540864944458] [0:400] [0:400] [0:400] [0:400] [0:400] [0:400] [0:400] [0:400] [0:400] [0:400] [0:400] [0:400] [0:400] [0:400] [2.2097084522247314:359.61819458007812] [4.1344723701477051:245.36337280273438] [5.0374569892883301:227.07902526855469] [1.1318782567977905:171.99636840820312] [-374.04998779296875:355.89999389648438] [0.065420374274253845:2.2226533889770508] [0:217.33999633789062] [0:217.33999633789062] [0:214.80000305175781] [0:228.60000610351562] [0:214.80000305175781] [0:228.64999389648438] [0:228.64999389648438] [0:228.64999389648438] [0:228.64999389648438] [0:217.19999694824219] [0:217.19999694824219] [0:228.64999389648438] [0:228.64999389648438] [0:152.07339477539062] [0:114.45916748046875] [1.7516615390777588:84.592247009277344] [2.333594799041748:73.546760559082031] [0:75.797805786132812] [-164.375:177.65499877929688] [0:2.085813045501709] [0:316.89999389648438] [0:316.89999389648438] [0:252.875] [0:500] [0:252.875] [0:500] [0:469.64999389648438] [0:469.64999389648438] [0:500] [0:500] [0:500] [0:500] [0:500] [0:241.96665954589844] [0:183.13371276855469] [3.5774412155151367:137.87123107910156] [8.3538732528686523:89.993255615234375] [0:108.89633941650391] [-277.89999389648438:218.375] [0:2.1358723640441895] [7.1999998092651367:328.79998779296875] [7.1999998092651367:328.79998779296875] [17.149999618530273:237.20832824707031] [-197.5:519.20001220703125] [-113.60137176513672:352.74444580078125] [-62.636432647705078:225.39999389648438] [0:4.3487629890441895] [0.27063429355621338:2.3977539539337158] [-0.93384784460067749:7.8842973709106445] [7.3000001907348633:1411.9000244140625] [7.3000001907348633:1411.9000244140625] [17.225000381469727:933.57086181640625] [-1080.4000244140625:1772.800048828125] [-773.0291748046875:590.84210205078125] [-315.6102294921875:433.27142333984375] [0:15.132203102111816] [0.10029593110084534:5.6251230239868164] [-0.95105236768722534:13.683218955993652] [2.2000000476837158:174.19999694824219] [2.2000000476837158:174.19999694824219] [10.116666793823242:93.333335876464844] [-91.474998474121094:354.10000610351562] [-47.222198486328125:162.00929260253906] [-24.35760498046875:110.28528594970703] [0:4.7643218040466309] [0.061533201485872269:3.5797793865203857] [-0.86588382720947266:11.08967399597168] [0:307] [0:307] [39.166667938232422:167.83332824707031] [-303.93301391601562:30.299999237060547] [-186.89166259765625:-18.227777481079102] [-144.27378845214844:-43.939723968505859] [0:9.6639947891235352] [0:3.3588089942932129] [-0.98310810327529907:4.3400001525878906] [7:154.60000610351562] [7.5999999046325684:154.60000610351562] [11.766666412353516:98.520835876464844] [-152.89999389648438:298.20001220703125] [-99.004165649414062:127.05487823486328] [-47.304943084716797:45.825366973876953] [0:6.1660394668579102] [0.31517437100410461:2.4852848052978516] [-0.96103078126907349:12.582278251647949] [0:24.399999618530273] [0.20000000298023224:37.900001525878906] [-1:1] [-1:1] [0:582.59002685546875] [0:6.3691987991333008] [0:345.04000854492188] [0:48] [0:3.8918201923370361] [0:48] [0:3201.3701171875] [0:8.0716466903686523] [0:3201.3701171875] [0:342] [0:5.8377304077148438] [0:342] [0:5795.7900390625] [0:8.6650600433349609] [0:5795.7900390625] [0:756] [0:6.6293630599975586] [0:756] [0:2329.669921875] [0:7.753911018371582] [0:2329.669921875] [0:220.30000305175781] [0:5.3995194435119629] [0:220.30000305175781] [0:4003.93994140625] [0:8.2952842712402344] [0:4003.93994140625] [0:429.91000366210938] [0:6.0658993721008301] [0:429.91000366210938] [0:1] [0:31.355998992919922] [1:167] [0:1] [6:874.6400146484375] [0.10938350111246109:14.986226081848145] [6.0999999046325684:1578.5999755859375] [0.026750246062874794:14.264322280883789] [2:368.92401123046875] [0.048042278736829758:17.259798049926758] [0:329] [0:4.9939813613891602] [4.4819998741149902:190.75799560546875] [0.062074355781078339:7.8328981399536133] [5.4000000953674316:44.700000762939453] [5:100] [0:10.399999618530273] [0:100] [969.5:1001] [0:24] [1:360] [0.20000000298023224:38.900001525878906] [10:5305] [-1:1] [-1:1] [0:22] [-1:1] [-1:1] [-0.99999940395355225:0.99998557567596436] [-0.99997919797897339:0.99999076128005981] [1:12] [0:1]
tree_sizes=7006 7194 7192 7158 7185 7191 7124 7159 7150 7193 7197 7205 7128 7206 7185 7200 7190 7204 7217 7235 7235 7203 7164 7215 7265 7183 7173 7211 7186 7227 7254 7231 3640 3630 3660 3612 3649 3635 3639 3625 3611 3653 3642 3655 3660 3621 3632 3635 3612 3638 3670 3665 3629 3653 3671 3633 3660 3666 3649 3653 3664 3653 3654 3641 3631 3670 3644 3670 3666 3636 3651 3647 3697 3649 3668 3672 3659 3676 3667 3671 3648 3675 3668 3677 3679 3660 3672 3660 3672 3705 3666 3673 3719 3677 3711 3658 3665 3701 3695 3710 3689 3708 3687 3711 3694 3719 3684 3663 3713 3667 3717 3709 3727 3697 3704 3673 3688 3717 3673 3712 3671 3733 3734 3695 3695 3663 3691 3678 3723 3697 3715 3711 3736 3674 3697 3721 3682 3695 3696 3726 3695 3697 3698 3737 3698 3702 3692 3672 3707 3702 3671 3665 3723 3684 3671 3677 3707 3731 3730

Tree=0
num_leaves=80
num_cat=0
split_feature=96 96 204 132 142 77 35 86 94 96 96 35 86 94 207 80 35 90 209 80 85 56 57 48 92 75 194 62 96 30 51 94 80 86 76 96 35 204 29 96 47 114 193 85 90 96 34 85 88 35 90 82 94 207 94 207 57 96 42 193 85 207 194 80 93 194 96 92 194 85 200 32 206 94 86 96 80 68 85
split_gain=1.75561e+07 4.59356e+06 4.04151e+06 5.45206e+06 4.67604e+06 5.91042e+06 4.44334e+06 2.54461e+06 2.38846e+06 1.94704e+06 1.87801e+06 2.73458e+06 3.06151e+06 1.84646e+06 1.53364e+06 999795 956118 933563 916460 898096 883864 853556 939501 745412 781842 632406 589265 566786 535672 1.21004e+06 520364 367652 360092 350841 351172 338144 310339 746758 281003 275020 232590 223744 206967 310712 206862 205532 197615 196628 195746 228160 167312 124993 123020 121289 117897 115208 114923 109275 101919 100697 95285.2 255257 238078 91231.4 87403 358478 81855.7 103298 513753 79162.9 76739.8 69681.4 69428.9 65939.5 65499.6 61976.2 61904.7 61253.1 60148.9
threshold=14.551137924194338 40.390100479125984 10.500000000000002 -124.44892120361327 0.60601139068603527 27.618434906005863 324.40005493164068 10.454999923706056 23.988020896911625 9.2945833206176776 19.927397727966312 287.79019165039068 10.236499786376955 14.513813495635988 0.64579916000366222 42.562500000000007 151.32827758789065 10.477499961853029 10.500000000000002 18.755999565124515 12.506000041961672 64.869487762451186 23.13537693023682 29.878999710083011 11.402499675750734 41.392045974731452 51.500000000000007 26.577500343322757 23.04102993011475 162.50599670410159 29.307499885559086 13.354000091552736 22.833999633789066 11.302500247955324 58.066104888916023 5.1829547882080087 144.99942779541018 8.0000000000000018 220.59400177001956 24.732159614562992 27.427499771118168 164.67273712158206 7.9500000476837167 10.308000087738039 5.5824999809265146 17.752361297607425 382.60417175292974 11.402499675750734 8.7824997901916522 182.29873657226565 47.858499526977546 21.01249980926514 28.365287780761722 0.86975130438804638 18.428458213806156 0.9996619224548341 28.956272125244144 9.2945833206176776 79.480998992919936 5.0499999523162851 7.7014999389648446 -0.27694603800773615 66.500000000000014 30.628999710083011 7.7524166107177743 86.500000000000014 12.608902454376222 5.8010001182556161 87.500000000000014 18.852499961853031 5.8500001430511483 159.04499816894534 -0.25000000000000006 30.302958488464359 11.812500000000002 18.978005409240726 10.601500034332277 10.671000003814699 24.255000114440922
decision_type=10 10 2 10 2 8 8 8 10 8 10 8 10 10 2 2 10 8 2 2 10 10 10 8 8 10 10 10 10 8 10 10 2 8 10 10 8 2 8 10 10 10 8 10 10 10 8 8 8 8 8 8 10 2 10 2 10 10 10 8 10 2 10 2 8 10 10 8 10 8 10 10 2 10 8 10 2 10 8
left_child=9 2 3 4 5 6 7 8 13 35 11 12 30 -2 33 36 -9 18 20 47 23 22 25 -6 -25 -16 52 -18 48 -30 -7 59 54 56 71 -1 37 -3 -31 69 -15 50 43 -33 -13 -22 -8 74 49 -19 -17 78 55 -40 -28 -5 -12 -44 -43 -11 61 -50 -63 -41 65 -59 -61 68 -68 -21 -54 -35 -52 -34 -4 -49 -37 -53 -38
right_child=1 15 19 26 17 10 46 16 -10 31 14 44 -14 40 21 41 27 28 -20 39 45 -23 -24 24 -26 -27 32 -29 29 38 -32 42 73 34 -36 76 51 -39 53 63 -42 58 57 -45 -46 -47 -48 75 60 -51 72 77 70 -55 -56 -57 -58 64 -60 66 -62 62 -64 -65 -66 -67 67 -69 -70 -71 -72 -73 -74 -75 -76 -77 -78 -79 -80
leaf_value=15.122817049547432 20.625078613740861 20.519120037816009 15.500790324679707 16.430922125898135 17.310077745986408 22.649579325586199 17.927721371133718 22.17130684391439 18.389444687098258 16.909879771845461 15.355893517626203 18.321689024695168 17.359675202366997 24.987255494530949 16.624562138112267 17.267924909085181 16.482757730987004 18.844602189089187 16.017711818467546 15.925940889764734 16.049132124244181 15.970195863803921 22.643839852881012 23.679206135238942 18.785111292759836 20.384883208873898 15.734592042886524 20.161668043667223 21.102215350148612 18.218346537195139 26.618547788944674 18.794193681973923 16.25170793884844 16.908696113559614 18.776151980898298 15.32666946893692 15.997518550483042 16.315119996929024 16.144158390447533 16.281810549939088 27.56634632387961 19.916469513196461 16.568043593422349 15.894303641830746 16.12527603355171 18.459747158553483 15.836999425593211 15.785546179602056 15.834216722354562 16.367411391727813 17.319026122209547 17.472464796906358 18.13680610645843 17.448865543048129 16.035233905142331 17.534351653087114 16.686985805791359 15.743492752193667 18.523804579642814 15.528092081787204 15.98901274786725 16.04495818615279 18.506736343325166 16.62088094018802 15.757005530980363 17.848219280373264 15.607364782080708 15.641044575243644 18.789275352135835 16.160202630626159 16.942197558587846 15.809000910279112 18.265278647325356 16.640076204073814 15.756040118085414 15.957657196813782 15.497785553397616 16.765541150569369 16.745000397365125
leaf_weight=36687 232 269 9211 4821 221 268 250 372 225 200 1771 200 385 202 368 925 306 203 650 9144 334 350 243 268 212 286 9961 297 254 368 228 209 6146 353 261 60250 955 349 1367 7013 496 319 658 363 667 205 463 16169 784 391 313 688 228 315 8882 366 268 1343 496 51398 6287 241 342 4828 24648 371 935 14640 226 12022 1303 501 3135 2118 5962 14099 8720 1249 652
leaf_count=36687 232 269 9211 4821 221 268 250 372 225 200 1771 200 385 202 368 925 306 203 650 9144 334 350 243 268 212 286 9961 297 254 368 228 209 6146 353 261 60250 955 349 1367 7013 496 319 658 363 667 205 463 16169 784 391 313 688 228 315 8882 366 268 1343 496 51398 6287 241 342 4828 24648 371 935 14640 226 12022 1303 501 3135 2118 5962 14099 8720 1249 652
internal_value=15.8093 16.3172 16.2272 16.6203 17.3689 18.4113 20.6732 22.045 23.9508 15.4472 17.3649 19.0282 21.3805 25.2921 16.7037 17.6028 19.7814 16.6154 17.8432 15.9504 18.7991 18.4841 19.4637 20.2025 21.5283 18.2735 16.1458 18.299 16.3954 17.204 24.4921 15.6443 16.0211 15.9992 16.8544 15.27 16.9097 18.1497 16.7187 16.1886 26.8342 18.1585 15.8288 16.9572 16.6343 16.9692 16.572 15.7774 16.1693 17.2177 17.9873 16.6928 16.6488 16.3893 15.8763 16.5091 15.5312 15.8049 19.0733 15.5688 16.0878 16.5416 17.4912 16.4201 15.7858 16.2 15.5648 15.6843 16.2288 16.059 17.1215 16.2643 18.1798 16.3513 15.6011 15.8657 15.3483 17.0174 16.3012
internal_weight=343705 143057 133707 55259 21434 8992 2843 2130 1155 200648 6149 1748 881 930 4401 9350 975 12442 1890 78448 1240 1247 897 701 480 654 33825 603 10552 2304 496 94991 27107 3154 1115 105657 4162 618 2050 33007 698 5188 27592 572 867 539 713 45441 8248 594 4373 3544 6718 1682 18843 5187 2039 27020 815 67399 7654 1367 583 11841 26362 1714 67199 15801 1161 21166 1531 854 3448 8264 15173 30268 68970 1937 1607
internal_count=343705 143057 133707 55259 21434 8992 2843 2130 1155 200648 6149 1748 881 930 4401 9350 975 12442 1890 78448 1240 1247 897 701 480 654 33825 603 10552 2304 496 94991 27107 3154 1115 105657 4162 618 2050 33007 698 5188 27592 572 867 539 713 45441 8248 594 4373 3544 6718 1682 18843 5187 2039 27020 815 67399 7654 1367 583 11841 26362 1714 67199 15801 1161 21166 1531 854 3448 8264 15173 30268 68970 1937 1607
is_linear=0
shrinkage=1


Tree=1
num_leaves=80
num_cat=0
split_feature=96 96 97 205 97 101 36 96 93 95 81 97 97 204 94 36 94 94 95 60 205 139 90 94 77 166 114 197 96 96 92 82 94 81 193 59 194 94 194 86 95 94 26 81 35 196 203 19 68 10 95 90 57 193 194 56 81 9 79 181 193 89 36 16 205 194 11 146 94 56 94 92 96 96 92 205 42 22 94
split_gain=1.55436e+07 4.14153e+06 4.25536e+06 1.55415e+07 3.60449e+07 6.58878e+06 3.02502e+06 1.71774e+06 1.08537e+06 1.06893e+06 985415 981013 759415 1.30034e+06 1.76775e+06 429727 386424 340734 288469 234129 232109 226438 316014 369274 708324 210298 209876 192659 185794 179112 305240 170336 155477 145685 138104 130308 124312 118592 117447 95484.6 81391.5 78968 78851.4 76135.2 65828.7 64156.1 63841.4 62203.9 81938.9 151356 60879.3 60347.1 60753.9 106122 58693.4 57562 56612.3 56203.1 52916.4 52730.2 50418.4 84732 48889.6 46631.9 45837.4 101426 45068.5 66312 42936.2 42519.1 39548.1 37051.8 36706.8 36680.1 36652.1 34873.8 33955 32068 31742.6
threshold=14.551137924194338 40.390100479125984 36.21507644653321 0.93301269412040722 54.202339172363288 22.150000572204593 331.44911193847662 8.3077626228332537 23.065333366394047 21.624119758605961 42.562500000000007 63.294715881347663 36.21507644653321 10.500000000000002 17.343852043151859 123.06286239624025 44.443561553955085 30.302958488464359 12.326422214508058 39.902500152587898 0.93301269412040722 -2.4585000276565547 10.882500171661379 10.071020603179933 29.900869369506839 23.500000000000004 161.01001739501956 990.95001220703136 5.0695102214813241 18.312257766723636 10.508500099182131 4.0009999275207528 36.957334518432624 16.008500099182132 5.0499999523162851 0.1456849277019501 50.500000000000007 15.452107906341555 50.500000000000007 29.088999748229984 34.328315734863288 27.261770248413089 124.02500152587892 20.928999900817875 301.79379272460943 25.500000000000004 0.90992662310600292 0.41304479539394384 36.153501510620124 98.366500854492202 9.2666573524475115 27.005999565124515 30.229197502136234 28.050000190734867 29.500000000000004 16.895620346069339 9.7034997940063494 21.394000053405765 1.2409538030624392 43.000000000000007 16.250000000000004 9.5274996757507342 268.92478942871099 61.693590164184577 0.37940952181816107 52.500000000000007 90.034999847412124 24.050000190734867 15.543064117431642 36.889263153076179 16.965405464172367 28.616499900817875 18.978005409240726 24.248289108276371 11.480000019073488 1.0000000180025095e-35 9.6510000228881854 132.01249694824222 7.116035223007203
decision_type=10 10 2 2 2 10 8 8 8 10 2 2 2 2 8 8 10 10 10 8 2 8 10 10 8 10 10 10 10 10 8 10 8 2 8 10 8 8 10 8 10 10 8 2 10 8 8 10 10 10 10 8 10 8 8 8 2 8 8 2 10 8 8 8 2 8 10 10 10 10 10 10 10 10 10 2 10 10 8
left_child=7 2 9 32 5 6 8 28 31 20 15 -6 18 14 -14 -3 58 43 34 -18 37 38 23 24 -23 -16 35 -28 -1 39 -31 -5 54 46 -9 -12 -24 -2 -22 60 69 70 -32 64 -29 59 -17 -38 -49 57 -36 -35 -53 -54 -4 -34 -56 -50 74 -37 -25 -62 -47 -61 -11 76 67 -67 -40 71 -20 -19 -39 -45 -13 -58 -66 -42 -30
right_child=1 10 3 4 11 -7 -8 12 -10 17 26 16 13 -15 25 33 19 40 41 -21 21 22 36 29 -26 -27 27 44 78 30 42 -33 55 51 50 45 47 72 68 -41 77 -43 -44 73 -46 62 -48 48 49 -51 -52 52 53 -55 56 -57 75 -59 -60 63 61 -63 -64 -65 65 66 -68 -69 -70 -71 -72 -73 -74 -75 -76 -77 -78 -79 -80
leaf_value=-0.6472942877085367 -0.092987930726133566 2.9383729563748582 0.72745711007066383 9.7007566289404572 3.6325764810803687 0.17665516161113634 3.3514827943732293 0.95608569320507075 6.8981848185265076 0.20214500294787299 2.3611185144381825 -0.46008674235410069 7.5558381889944206 -0.31583274367564129 2.2197985931640041 0.17905465098837323 0.41574634886367923 0.70187228111066646 -0.10616947756148558 2.5489949228520783 0.68470873094756113 4.3862471866096762 0.7818493142839108 -0.0985570141092727 0.066567167757607223 -0.38652090264475619 4.4439980220794677 3.2084113137440013 -0.50816641078636138 2.615722777579756 1.4118664814807749 11.673274152267068 1.1697271672945755 0.59382393239043285 -0.35387314607660125 2.5543123748648253 0.013722532562227201 0.052246701716068843 -0.17867317178327338 1.5767362790460238 0.71968180611326882 0.79223334933125122 0.28870385857585917 0.38739204272591837 1.971013971567154 1.6758846772427254 1.3312959211897939 0.16277484833859485 1.2610707671701344 2.0192460178914677 -0.23948826304157708 1.0656910266232664 2.6692680342944168 0.85614500126991222 -0.37398722503860771 0.22272317981120637 -0.17325962986203769 0.16173416635047211 0.62577748162285329 2.4209576341672374 1.5308819793560857 0.24758783586546976 0.71950681868591693 1.369826218155078 1.6392969340708718 0.37692982399547131 0.10556464487374424 1.4356925180244755 0.085938587183205281 0.56626695594506904 0.055038329880071381 1.1848511089400913 0.194334706071038 0.55084407163288462 0.043181226793366639 0.24361294895690222 0.77684265845668921 1.1672723474705813 -0.41238854754824883
leaf_weight=35354 17385 375 229 216 284 260 208 327 217 8271 2416 2469 218 953 231 1251 527 1559 29388 285 889 279 1281 1044 267 214 263 278 30220 378 323 1611 259 614 25213 392 5334 16978 4161 200 776 380 739 9172 368 469 200 3528 211 258 49956 1234 263 210 5136 2085 2928 798 211 219 220 1148 330 518 200 2757 2301 230 4700 4211 6733 910 10652 10756 660 958 936 2315 21261
leaf_count=35354 17385 375 229 216 284 260 208 327 217 8271 2416 2469 218 953 231 1251 527 1559 29388 285 889 279 1281 1044 267 214 263 278 30220 378 323 1611 259 614 25213 392 5334 16978 4161 200 776 380 739 9172 368 469 200 3528 211 258 49956 1234 263 210 5136 2085 2928 798 211 219 220 1148 330 518 200 2757 2301 230 4700 4211 6733 910 10652 10756 660 958 936 2315 21261
internal_value=0.000538861 0.478169 0.39258 1.23611 3.47983 9.22115 10.2648 -0.340466 10.9664 0.256754 1.69545 0.227317 -0.186909 1.10409 3.1425 1.00368 -0.00642428 0.48755 -0.205547 1.1667 0.111978 0.255617 0.394447 0.814344 2.27786 0.968366 2.24128 3.07216 -0.541372 0.616625 1.15367 11.4455 -0.10857 0.81061 -0.272502 2.06675 0.22518 0.0297818 0.0276639 0.32022 0.800454 -0.0670579 0.631313 0.399224 2.50765 1.69685 0.338682 0.154709 0.311507 0.725203 -0.277859 1.10537 1.28891 1.86779 -0.219164 0.327816 -0.24327 0.392646 -0.291891 1.98885 0.215421 0.454933 1.28228 1.68503 0.295575 0.415818 0.305205 0.458908 -0.0383255 0.682448 -0.0761194 0.880292 0.10703 0.475637 -0.353953 -0.0704535 0.929991 1.05517 -0.46862
internal_weight=343558 143110 133710 18543 6948 2512 2252 200448 2044 115167 9400 4436 113613 1616 663 4147 4152 44394 111997 812 70773 25758 16008 4598 546 445 5253 909 86835 4052 1440 1827 11595 3772 75496 4344 11410 45015 9750 2612 9771 36501 1062 34623 646 1928 1451 10129 4795 1267 75169 2321 1707 473 9251 2344 9022 1009 3340 1129 2412 1368 799 737 14695 6424 5288 2987 8861 6680 36121 2469 27630 19928 3129 3886 1136 3091 51481
internal_count=343558 143110 133710 18543 6948 2512 2252 200448 2044 115167 9400 4436 113613 1616 663 4147 4152 44394 111997 812 70773 25758 16008 4598 546 445 5253 909 86835 4052 1440 1827 11595 3772 75496 4344 11410 45015 9750 2612 9771 36501 1062 34623 646 1928 1451 10129 4795 1267 75169 2321 1707 473 9251 2344 9022 1009 3340 1129 2412 1368 799 737 14695 6424 5288 2987 8861 6680 36121 2469 27630 19928 3129 3886 1136 3091 51481
is_linear=0
shrinkage=0.06


Tree=2
num_leaves=80
num_cat=0
split_feature=96 96 97 204 97 100 97 96 93 32 94 80 97 194 36 94 164 94 96 60 96 50 94 114 80 59 197 82 204 132 207 90 36 93 85 96 207 207 194 94 181 204 63 84 97 200 86 113 85 194 94 80 56 80 86 123 97 106 94 94 55 201 208 17 207 204 56 189 194 204 123 114 96 193 97 194 201 193 204
split_gain=1.38809e+07 3.7238e+06 3.99067e+06 1.43221e+07 3.18926e+07 5.08511e+06 2.36751e+06 1.47879e+06 1.29241e+06 991684 966930 789257 549715 1.00994e+06 416374 372362 331705 286271 268813 250396 221142 208652 173657 169664 145322 136444 135734 131995 125065 177308 351816 719760 170605 201723 165823 95531.2 87662.4 85173.1 80504.8 70122.7 68989.3 68351.8 64920.9 61397.4 59913.8 59641.9 58965.2 58495.7 55828.3 218401 55153.3 53728.4 50676.9 49046.2 46265 45501.1 44669.3 44659.5 44296.8 43076.5 41678.5 39728.9 53701.8 48713.7 39556.8 61096.7 38428.5 38045.9 37839.2 49013.1 41543.7 40113.6 37445.8 36304.6 36135.9 35929.4 35174.7 35173.6 34959.2
threshold=14.464246273040773 40.390100479125984 36.21507644653321 8.0000000000000018 48.168771743774421 27.150000572204593 63.294715881347663 9.3664197921752947 24.247550010681156 120.73600006103517 21.350853919982914 42.562500000000007 40.950769424438484 89.500000000000014 123.06286239624025 44.443561553955085 69.500000000000014 30.783332824707035 5.2934453487396249 39.902500152587898 17.880798339843754 47.812500000000007 12.061291217803957 161.01001739501956 14.407499790191652 0.1456849277019501 990.95001220703136 19.102499961853031 8.0000000000000018 -97.997333526611314 0.5986820161342622 12.308000087738039 160.30117034912112 12.304583549499513 5.0209999084472665 24.248289108276371 0.94978111982345592 0.99274429678916942 53.500000000000007 21.350853919982914 43.000000000000007 10.500000000000002 51.042499542236335 7.305000066757203 42.884325027465827 19.94999980926514 27.202500343322757 218.36955261230472 49.913999557495124 84.500000000000014 7.4329395294189462 17.258500099182132 16.895620346069339 62.957500457763679 11.502500057220461 42.703346252441413 4.195552110671998 1.3940123915672304 42.197711944580085 14.111770629882814 35.86015701293946 97.500000000000014 0.18281312286853793 53.589725494384773 0.89787620306015026 10.500000000000002 83.837211608886733 161.25859069824222 74.500000000000014 10.500000000000002 3.8794074058532719 -75.64986419677733 9.4321970939636248 21.750000000000004 12.729717731475832 63.500000000000007 102.50000000000001 21.050000190734867 17.000000000000004
decision_type=10 10 2 2 2 10 2 8 8 8 8 2 2 10 8 10 2 10 10 8 10 10 8 10 2 10 10 8 2 10 2 8 8 10 10 10 2 2 10 10 2 2 10 10 2 8 8 10 8 10 8 2 10 2 10 8 2 8 10 10 10 8 2 8 2 2 10 8 8 2 8 10 10 10 2 10 10 10 2
left_child=7 2 10 4 5 8 9 18 16 -6 20 14 22 41 -3 36 44 35 -1 -17 48 -11 56 25 37 67 -25 42 29 30 32 -32 33 -22 -33 61 -8 54 76 68 53 -14 -16 -29 -4 58 -45 -28 59 -50 -20 -30 -26 -27 -5 -42 -9 -36 64 -2 -48 62 63 -12 66 75 -19 -13 69 70 71 -24 -41 -68 -67 -66 -31 -65 -44
right_child=1 11 3 24 6 -7 15 12 -10 21 17 23 13 -15 27 19 -18 45 50 -21 28 -23 39 26 52 40 47 43 51 38 31 34 -34 -35 57 -37 -38 -39 -40 72 55 -43 78 46 -46 -47 60 -49 49 -51 -52 -53 -54 -55 -56 -57 -58 -59 -60 -61 -62 -63 -64 77 65 74 73 -69 -70 -71 -72 -73 -74 -75 -76 -77 -78 -79 -80
leaf_value=-0.60384910116280044 -0.10475874538360282 2.9224354934790902 10.133659724670121 -0.34902023403995669 7.4488586247145232 0.15443143135955181 -0.3672777281913529 -0.27096945775810444 5.5755361819093663 3.600939928061508 0.45600481039019047 2.1597366457300788 0.93254950018055671 3.6410956170900843 0.10426792141642362 0.37795840015136539 8.2957394951652574 0.5901264303332806 -0.45846578704771895 2.59221589807987 2.5684149548156179 0.91828848331432622 0.9648729081706392 4.024124607983314 1.1251812611953311 1.6760221182897865 2.9157657085814646 1.9355214827340026 0.031212263530141501 0.90833258628451352 3.5696647767730227 2.2708824068540476 0.049885631222528773 0.38998178544604234 0.28302131127183155 0.50113469272588795 0.8975340796251432 0.97016919183585693 0.10116817141367879 0.94384659458356701 1.5302135255632816 -0.25777809113144873 1.5067613435853018 0.52314386462078821 11.192924164036585 0.46213824050438962 0.51809519858110564 1.7746809204394305 0.024544846515300107 1.5823752831234597 -0.35095379456608433 0.23197516682255956 0.17047812479472965 2.7975064198266377 -0.012620404250179375 0.74436164061332999 -0.14164531110418782 1.2340246911703627 1.1789402952024688 0.032572209226432988 1.3823625313748449 0.23637315140142318 0.30171195515312632 1.6643494571612347 1.6026390961464791 0.91719173172972535 0.76016107672719446 3.0372799334508267 -0.14471500766863701 -0.080990207803029804 0.068933221608061687 0.057328262865705075 0.18062965443268511 1.7592171735609474 0.15421111344583666 0.83340614700195736 0.30114834194941448 0.77195232191293972 0.45770366022984182
leaf_weight=38296 12786 362 394 6138 200 202 3043 38899 205 217 1712 2222 225 386 1062 526 210 3556 34882 282 226 202 403 252 213 414 349 270 11440 680 390 204 2783 471 1108 13981 210 204 7247 275 908 749 218 693 1227 1981 252 315 1914 389 33897 8266 3108 219 1936 379 12777 211 1134 23034 1022 13439 5638 223 625 669 368 200 20185 13207 3519 310 1438 205 336 342 696 563 242
leaf_count=38296 12786 362 394 6138 200 202 3043 38899 205 217 1712 2222 225 386 1062 526 210 3556 34882 282 226 202 403 252 213 414 349 270 11440 680 390 204 2783 471 1108 13981 210 204 7247 275 908 749 218 693 1227 1981 252 315 1914 389 33897 8266 3108 219 1936 379 12777 211 1134 23034 1022 13439 5638 223 625 669 368 200 20185 13207 3519 310 1438 205 336 342 696 563 242
internal_value=-0.000244369 0.447536 0.367289 1.18552 3.34598 9.23538 0.528264 -0.324691 10.1358 3.98167 0.237358 1.60358 -0.14879 1.04815 0.981491 0.00102596 10.6431 0.456213 -0.476436 1.15301 0.100969 2.3129 -0.166687 2.09086 -0.103223 1.93332 2.8347 0.793846 0.212891 0.349895 0.619714 1.27312 0.260265 1.099 0.683081 0.378952 -0.285376 -0.237734 0.181093 -0.0716921 1.55379 0.0178694 0.362468 1.08705 10.9419 0.754218 0.969663 2.37792 0.00196413 0.288251 -0.405486 0.115433 0.23203 2.06782 -0.268369 1.29955 -0.238997 0.435973 0.834117 -0.0164498 1.21195 0.299756 0.40441 0.635987 0.769842 0.99118 0.663917 2.23342 -0.0887881 -0.0240502 0.153622 0.570921 0.303633 1.12003 0.662513 1.33173 0.601652 1.02693 0.957056
internal_weight=343961 144513 135134 18517 6918 2238 4680 199448 2036 619 116617 9379 92373 1360 4121 4061 1831 44772 107075 808 71845 419 91013 5258 11599 4342 916 3759 33722 14016 5393 1913 3480 697 1523 35556 3253 8278 8623 39337 1920 974 1522 2237 1621 9216 1967 664 38123 2303 68779 19706 3321 633 8074 1287 51676 1319 7235 35820 1274 21575 8136 2498 6101 1972 4129 2422 37624 17439 4232 713 1713 573 1005 967 1376 786 460
internal_count=343961 144513 135134 18517 6918 2238 4680 199448 2036 619 116617 9379 92373 1360 4121 4061 1831 44772 107075 808 71845 419 91013 5258 11599 4342 916 3759 33722 14016 5393 1913 3480 697 1523 35556 3253 8278 8623 39337 1920 974 1522 2237 1621 9216 1967 664 38123 2303 68779 19706 3321 633 8074 1287 51676 1319 7235 35820 1274 21575 8136 2498 6101 1972 4129 2422 37624 17439 4232 713 1713 573 1005 967 1376 786 460
is_linear=0
shrinkage=0.06


Tree=3
num_leaves=80
num_cat=0
split_feature=95 95 97 205 97 100 97 25 95 10 94 80 97 194 55 204 95 207 95 95 114 59 197 36 181 94 80 95 97 205 85 34 194 205 207 132 88 85 194 193 86 141 36 11 162 98 45 94 205 194 99 207 31 173 80 34 194 88 203 201 201 16 79 207 86 23 85 14 84 181 92 80 59 142 36 73 80 35 208
split_gain=1.22045e+07 3.2948e+06 3.33699e+06 1.24048e+07 2.74282e+07 4.52983e+06 2.30861e+06 1.35528e+06 1.12867e+06 1.0123e+06 866530 856601 847943 1.47903e+06 263184 259446 214436 205982 198523 181549 167224 168984 132738 131726 122535 121291 109792 106985 105141 103659 154184 247041 107538 96667.8 150332 243080 352426 101537 79554.7 77476.2 74405.4 119620 225356 253915 274387 70967.9 68662.8 67819.4 66391.2 175987 69781.5 60704.1 58709.5 88895.4 57154 55967.4 51159.1 49260.4 48076.5 47398.8 47093.7 55548.6 46722 45357.8 41436 39929.8 39211 37690.2 36825.2 34302.4 40888.6 33032.4 31919.5 31809.3 31350 78923.3 30966.3 30578.7 29996.2
threshold=13.968404769897463 39.422855377197273 36.21507644653321 0.93301269412040722 48.168771743774421 13.300000190734865 63.294715881347663 365.99499511718756 8.3748583793640154 40.986000061035163 22.986307144165043 42.562500000000007 40.950769424438484 91.500000000000014 25.322566032409672 10.500000000000002 18.315331459045414 0.97112539410591137 30.835494995117191 4.6374206542968759 161.01001739501956 0.16475552320480349 990.95001220703136 109.17042160034181 7.0000000000000009 35.29249572753907 11.254000186920168 11.274910926818849 63.294715881347663 0.93301269412040722 35.88750076293946 120.33929824829103 50.500000000000007 0.93301269412040722 0.5986820161342622 -124.44892120361327 12.50500011444092 7.3015000820159921 55.500000000000007 5.0499999523162851 9.5075001716613787 7.8066141605377206 294.44996643066412 66.044998168945327 4.863333225250245 5.0014998912811288 81.712497711181655 27.989417076110843 0.37940952181816107 52.500000000000007 0.3245361745357514 0.98667103052139293 182.03350067138675 34.454999923706062 16.008500099182132 360.02082824707037 92.500000000000014 9.9010000228881854 0.9238443672657014 47.500000000000007 62.500000000000007 68.205711364746108 0.39532402157783514 0.9990701973438264 25.258500099182132 214.01249694824222 4.6549999713897714 92.460937500000014 7.2049999237060556 55.000000000000007 31.758500099182132 10.601500034332277 0.43428461253643041 0.59151095151901256 182.22661590576175 66.847499847412124 12.202499866485597 68.407890319824233 0.48126256465911871
decision_type=10 10 2 2 2 10 2 8 8 10 8 2 2 10 10 2 10 2 10 10 10 10 10 8 2 10 2 8 2 2 8 8 8 2 2 10 8 10 10 8 10 8 8 8 2 2 10 10 2 8 2 2 10 2 2 10 8 8 10 10 8 10 8 2 8 10 8 10 10 2 8 2 10 2 8 8 2 10 2
left_child=8 2 10 26 5 7 9 14 19 -6 16 23 27 15 -5 -14 29 25 48 -1 21 58 -22 -3 -23 -8 51 76 47 -2 32 -32 -31 54 66 36 -36 -38 63 -21 41 -34 43 -43 -45 -27 -16 -25 50 59 -12 -4 53 64 -18 -24 62 -33 -13 67 61 -20 -26 -37 -30 -39 -35 -50 -49 -64 -71 -41 -63 -51 75 -68 -10 -28 -42
right_child=1 11 3 4 6 -7 17 -9 12 -11 18 20 13 -15 46 -17 33 -19 60 39 22 24 55 28 56 45 77 -29 52 30 31 57 40 34 35 38 37 65 -40 71 78 42 -44 44 -46 -47 -48 68 49 73 -52 -53 -54 -55 -56 -57 -58 -59 -60 -61 -62 72 69 -65 -66 -67 74 -69 -70 70 -72 -73 -74 -75 -76 -77 -78 -79 -80
leaf_value=-0.5822872299151941 -0.03016376108279813 1.9446909116216808 -0.31636377126274401 8.0823604018284261 6.5962950351768068 0.0028535545462428933 -0.41958192610518003 5.18332149004355 -0.27159530240949209 1.7177394097141858 0.42837911077037716 2.0410609940970903 1.8003452903591768 5.1052678695575366 10.509666689277962 -0.3677779459396634 0.025008515247855009 1.5202077008072754 1.9470606123097243 0.56021595696874915 3.8384517579617734 2.6756272738571125 2.7439520166983757 0.44890001380860445 1.9934665107452216 0.052973437238366262 0.82523294167176109 -0.12321234296179846 -0.035318507609215184 0.6284184394669855 2.7185803200778307 1.2128907848604242 -0.096339755238649363 -0.58529083336789567 2.8409923777526442 0.57133939626173569 1.8676575910838114 0.18500079018880841 0.1806935124068178 -0.42260531633093656 0.06566434654286489 0.21838483321537241 -0.0080050679478210155 4.0388012031365683 0.8979578243409938 1.236666767748871 9.1346964457275668 1.8276553425435047 0.92269360532559963 0.13907781312981518 0.17951170027463809 0.73207529683374772 0.07487017840977496 1.7151457096508145 0.2213269253503681 1.62475626665523 0.37422641815582536 0.14231502634299337 3.0169505033821897 0.83540954458771788 0.65884156250269499 0.66550650474344253 1.610752051770687 1.4956641531206363 0.87850177320370404 1.1207525558099836 0.2701529485532147 2.0543990133489878 1.0636638195057335 0.46387918703176684 1.2757500861170923 -0.26056626628290719 1.1976871677794205 0.43610295510495733 0.12090401835964223 1.4843407319573181 -0.15744362722910263 0.067006167595783275 -0.13061326637478424
leaf_weight=31245 32480 360 6663 241 269 201 2717 240 44248 356 9192 2287 276 292 1317 702 8571 262 203 297 252 247 342 629 346 660 200 43124 375 1305 205 203 1220 237 370 1444 215 667 3121 57469 8285 327 777 200 201 251 217 262 201 1571 7263 204 941 249 14156 316 211 642 202 2010 5191 947 534 220 340 217 1948 230 1797 331 696 4923 717 7501 5522 213 10612 4050 4235
leaf_count=31245 32480 360 6663 241 269 201 2717 240 44248 356 9192 2287 276 292 1317 702 8571 262 203 297 252 247 342 629 346 660 200 43124 375 1305 205 203 1220 237 370 1444 215 667 3121 57469 8285 327 777 200 201 251 217 262 201 1571 7263 204 941 249 14156 316 211 642 202 2010 5191 947 534 220 340 217 1948 230 1797 331 696 4923 717 7501 5522 213 10612 4050 4235
internal_value=0.000573382 0.405523 0.327822 1.09408 3.12672 8.59215 0.442932 9.44852 -0.315047 3.82465 0.215721 1.41938 -0.173959 1.36585 10.022 0.245299 0.114249 -0.101247 0.467698 -0.464123 1.91662 1.7759 2.66449 0.840449 1.41149 -0.218729 -0.136792 -0.193931 0.753494 0.03338 0.150642 0.855343 0.105884 0.223996 0.346964 0.566839 1.24172 0.701199 0.359434 -0.40522 0.061116 0.345179 0.702914 1.46065 2.47061 0.380105 10.3212 0.995146 0.395913 0.506447 0.31855 -0.285115 0.412174 0.741011 0.147294 2.20975 1.26287 0.400636 2.12144 0.958624 0.752053 1.01073 1.36095 0.694371 0.399845 0.415711 0.17329 1.52998 1.16172 1.21956 1.01479 -0.409824 0.895399 0.384688 0.196763 0.390461 -0.249517 0.102873 -0.00073341
internal_weight=343760 150572 139855 17848 6731 2216 4515 2015 193188 625 122007 10717 99254 1270 1775 978 86981 3890 35026 93934 5764 4854 910 4953 2365 3628 11117 97984 4593 50080 17600 1050 16550 36901 14174 6254 1469 1099 4785 62689 15245 2725 1505 728 401 911 1534 2688 27968 11513 16455 6867 1905 964 22727 658 2118 845 2489 2441 7058 1867 1907 1664 715 884 7920 431 2059 1561 1027 62392 1664 9072 7683 2161 54860 4250 12520
internal_count=343760 150572 139855 17848 6731 2216 4515 2015 193188 625 122007 10717 99254 1270 1775 978 86981 3890 35026 93934 5764 4854 910 4953 2365 3628 11117 97984 4593 50080 17600 1050 16550 36901 14174 6254 1469 1099 4785 62689 15245 2725 1505 728 401 911 1534 2688 27968 11513 16455 6867 1905 964 22727 658 2118 845 2489 2441 7058 1867 1907 1664 715 884 7920 431 2059 1561 1027 62392 1664 9072 7683 2161 54860 4250 12520
is_linear=0
shrinkage=0.06


Tree=4
num_leaves=80
num_cat=0
split_feature=96 96 97 205 97 93 97 96 97 36 94 80 97 204 97 36 94 96 144 36 95 95 95 95 193 114 197 45 82 205 207 132 90 85 82 36 207 206 205 85 87 86 193 164 157 68 201 208 205 14 99 207 207 164 94 80 83 80 193 207 201 193 33 87 22 79 93 85 207 201 181 94 208 197 80 74 93 32 86
split_gain=1.08792e+07 2.82565e+06 3.0978e+06 1.11039e+07 2.50602e+07 2.86117e+06 1.94956e+06 1.20898e+06 1.17073e+06 1.02947e+06 736763 602552 534356 928957 1.40638e+06 340790 281014 215175 207317 449098 203997 195133 186493 130393 129933 124204 127340 120028 117247 102348 169997 419374 666203 132576 102001 84030.5 76947.5 75931.3 70059.5 190205 247958 173175 73512.5 77758.5 91043.6 63557.9 62804.1 69200.9 66568.6 65831.6 64301.4 60053.6 57738.9 64783.3 57686.9 53717.1 53231.2 51481.9 50419.3 50040.4 49325.4 67283.7 48848.2 48815.3 79264.3 48431.7 46649.1 46049.7 42068.5 50906.7 40426 40055.6 39294.2 40536.2 38307.4 43034.8 43313.2 37786.8 31762.3
threshold=14.551137924194338 40.390100479125984 36.21507644653321 0.93301269412040722 48.168771743774421 30.080249786376957 63.294715881347663 8.3077626228332537 40.950769424438484 161.5507736206055 22.631583213806156 42.562500000000007 40.950769424438484 10.500000000000002 48.168771743774421 123.06286239624025 44.443561553955085 18.312257766723636 1.9473270773887636 240.78892517089847 12.326422214508058 25.296884536743168 30.835494995117191 4.8872821331024179 5.0499999523162851 175.01625061035159 991.54998779296886 30.002499580383304 19.300999641418461 0.93301269412040722 0.5986820161342622 -124.44892120361327 12.308000087738039 7.4574999809265146 12.301500320434572 386.57731628417974 0.98667103052139293 -0.25000000000000006 0.93301269412040722 49.913999557495124 11.903499603271486 62.496000289916999 16.650000572204593 223.50000000000003 76.909999847412124 9.921000003814699 122.50000000000001 0.20812153071165088 -0.68301269412040699 111.5483741760254 0.30107709765434271 0.94978111982345592 0.89017060399055492 15.500000000000002 27.261770248413089 18.755999565124515 28.202500343322757 10.601500034332277 21.750000000000004 -0.074117381125688539 192.50000000000003 21.849999427795414 216.74308013916018 53.112499237060554 96.291500091552749 0.57784107327461254 53.161666870117195 35.88750076293946 0.99168354272842418 107.50000000000001 7.0000000000000009 13.906270503997805 -0.43733099102973932 980.25000000000011 16.302499771118168 18.249697685241703 12.304583549499513 59.583499908447273 11.602499961853029
decision_type=10 10 2 2 2 8 2 8 2 8 8 2 2 2 2 8 10 10 8 8 10 10 8 8 8 10 10 8 8 2 2 10 8 10 8 8 2 2 2 8 8 8 10 2 10 10 8 2 2 10 2 2 2 2 10 2 8 2 10 2 8 10 10 8 10 10 10 8 2 10 2 10 2 8 2 8 8 10 10
left_child=7 2 10 34 5 8 9 23 -5 -6 17 15 20 14 -14 -3 51 38 -18 -20 24 -10 46 -1 -9 35 -27 -16 65 55 63 32 -32 -34 36 37 78 59 71 41 -41 42 -40 -44 -45 60 47 48 -12 -50 -48 -8 -33 -54 -22 -19 -24 -26 -51 -13 61 -30 -35 74 -65 -17 -39 -67 -55 -70 -68 -2 -58 -74 75 76 -31 -42 -4
right_child=1 11 3 4 6 -7 16 12 21 -11 22 25 13 -15 27 28 18 29 19 -21 54 -23 56 -25 57 26 -28 -29 45 30 31 52 33 62 -36 -37 -38 66 39 40 77 -43 43 44 -46 -47 50 -49 49 58 -52 -53 53 68 -56 -57 72 -59 -60 -61 -62 -63 -64 64 -66 67 70 -69 69 -71 -72 -73 73 -75 -76 -77 -78 -79 -80
leaf_value=-0.54552667444952685 -0.15065968709064148 2.6305330660541855 -0.32925164493231551 5.0323393967686867 6.773219068921529 1.779047241420485 -0.31059857929465245 0.95627180646835674 9.7607228924830736 1.6739423061996375 0.21605263034251998 1.9617306991670189 6.5288640787204111 -0.29369541707896291 -0.4281007205368263 -0.11011091242329432 0.025401492990496648 0.059758623584247099 3.9764886593462814 -0.0051861728517822205 -0.06389486234947292 7.756561554171439 0.47538893683555949 -0.39479982956142534 -0.26875113298357906 3.8114940605478149 2.006132407497057 1.6411800580238227 1.1329896605211733 1.1606664637241308 3.8950261596639169 0.0025259797308653043 2.1634037168662799 0.20856215245855192 0.14139264637373394 0.57976879082418775 0.90759181685459156 1.5622440021950996 -0.13553291943089762 2.8308818412774688 0.98180157914968591 1.7300520706724691 0.11199602726158044 1.8662915869130947 0.07326585328881291 0.75514106458772812 0.39120658304668615 0.36380813399391448 0.65767578134844229 2.0782148090879851 0.15034255880736624 0.75505148327936933 0.18050015527865571 0.48525418006410032 0.64168043669507402 0.24753953286979938 0.45614102742557266 -0.1636046244179247 0.93740069418546546 0.82717464666319107 0.83828069145825956 2.6469899217615573 1.2429914963313744 1.505443370153426 0.1054485798597838 0.23696471366703201 2.8087602698270762 1.0968974707072616 1.5302071345998989 0.3636249773741731 1.95371844659794 0.007497874095562379 1.6422685162365929 0.84026409359163345 0.2456262380618745 -0.11525273419473576 0.039414531623013317 -0.061628451024899715 -0.014356225088943915
leaf_weight=34113 8429 359 5530 244 233 223 3074 331 1511 367 965 204 224 877 202 623 393 13535 200 207 36347 226 2612 52457 49854 215 420 200 226 202 319 1513 202 670 4233 221 207 1134 5097 205 211 222 8013 201 206 1505 9208 8476 2836 217 7044 202 1587 1012 421 9220 937 25266 397 451 294 202 217 246 355 578 223 366 385 208 2373 18234 241 3970 3975 2965 319 304 1457
leaf_count=34113 8429 359 5530 244 233 223 3074 331 1511 367 965 204 224 877 202 623 393 13535 200 207 36347 226 2612 52457 49854 215 420 200 226 202 319 1513 202 670 4233 221 207 1134 5097 205 211 222 8013 201 206 1505 9208 8476 2836 217 7044 202 1587 1012 421 9220 937 25266 397 451 294 202 217 246 355 578 223 366 385 208 2373 18234 241 3970 3975 2965 319 304 1457
internal_value=-4.76123e-05 0.400377 0.329472 1.05435 2.95854 8.23147 0.471955 -0.285247 8.95655 3.66214 0.214024 1.40608 -0.15663 0.966824 2.73041 0.865939 0.00156696 0.109576 1.00899 1.95636 -0.171686 9.50458 0.434929 -0.4542 -0.228157 1.83385 2.62243 0.60291 0.698318 0.214698 0.34125 0.579845 1.48793 0.779898 -0.0922809 1.72459 -0.229777 1.78214 0.0151671 0.121511 1.07144 0.0716556 0.0442925 0.153152 0.961169 0.978035 0.365305 0.464216 0.656854 0.780053 0.286826 -0.24468 0.307837 0.452507 -0.0557987 0.135852 0.696324 -0.233389 1.34331 1.18298 1.44097 1.85205 0.462745 0.160286 0.68004 0.300418 1.88701 0.571179 0.721183 1.12232 2.02822 -0.0425044 0.808308 0.886543 0.118333 -0.0268459 0.475532 0.366948 -0.263598
internal_weight=342948 142656 133262 18307 6880 2204 4676 200292 1981 600 114955 9394 113722 1503 626 4153 4076 78052 800 407 112219 1737 36903 86570 75451 5241 635 402 3794 36930 14175 6113 1408 1089 11427 4606 7194 4385 41122 14459 720 13739 13517 8420 407 2227 29143 12891 4415 3450 16252 3276 4705 3192 36768 22755 7760 75120 614 655 722 428 887 8062 601 1567 3730 944 1605 593 2596 26663 5148 4211 7461 3486 521 515 6987
internal_count=342948 142656 133262 18307 6880 2204 4676 200292 1981 600 114955 9394 113722 1503 626 4153 4076 78052 800 407 112219 1737 36903 86570 75451 5241 635 402 3794 36930 14175 6113 1408 1089 11427 4606 7194 4385 41122 14459 720 13739 13517 8420 407 2227 29143 12891 4415 3450 16252 3276 4705 3192 36768 22755 7760 75120 614 655 722 428 887 8062 601 1567 3730 944 1605 593 2596 26663 5148 4211 7461 3486 521 515 6987
is_linear=0
shrinkage=0.06


Tree=5
num_leaves=80
num_cat=0
split_feature=96 97 205 97 184 36 94 96 96 93 94 97 97 204 97 94 96 194 114 96 209 82 71 198 94 80 205 209 132 90 173 94 207 80 194 205 86 89 140 94 33 96 86 197 10 88 36 36 145 194 94 74 207 194 56 205 194 94 96 194 207 105 80 94 105 193 65 193 97 8 68 198 80 84 76 193 207 197 86
split_gain=9.63195e+06 2.60866e+06 9.98965e+06 2.24988e+07 4.7491e+06 3.36651e+06 3.17901e+06 1.08349e+06 703975 701685 656455 839791 602822 1.00304e+06 1.50048e+06 273825 228714 205385 189651 185067 163922 147530 162712 140251 119881 107708 107604 195506 251533 371362 356114 142181 98680.3 88790.2 86837.9 84239.9 135007 167268 98534.7 220461 420017 81287.8 75692.7 74325.7 69621.7 69235.2 146204 73639 138678 68625.1 68168.6 67814.4 65736.9 59316.8 74036.6 66494.2 57456 57093.9 55712.7 53488.8 52832 46913.1 46311.6 44512.5 42464 42048.1 41679.6 39683.5 39122.7 51816.7 111706 38940.8 38845 35167.2 33630 33365.8 32054.7 39853.8 31371.9
threshold=14.551137924194338 36.21507644653321 0.93301269412040722 54.202339172363288 0.2460705563426018 382.81842041015631 42.197711944580085 9.2945833206176776 19.517843246459964 24.887084007263187 33.252143859863288 75.481174468994155 40.950769424438484 10.500000000000002 48.168771743774421 28.365287780761722 46.914346694946296 34.500000000000007 175.01625061035159 5.4026846885681161 9.5000000000000018 14.982500076293947 34.384000778198249 7.3500001430511483 12.061291217803957 13.927500247955324 0.37940952181816107 4.5000000000000009 -95.46584320068358 12.108500003814699 7.805000066757203 13.906270503997805 0.95752912759780895 17.100999832153324 51.500000000000007 0.93301269412040722 49.601499557495124 11.701499938964846 -2.506130456924438 9.991244316101076 152.38892364501956 30.294282913208011 7.0525000095367441 991.75000000000011 70.012500762939467 10.386499881744387 137.325553894043 303.23957824707037 6.5499999523162851 48.500000000000007 18.028547286987308 86.839828491210952 0.92922380566596996 77.500000000000014 103.80358123779298 -0.37940952181816096 50.500000000000007 15.452107906341555 54.606544494628913 56.500000000000007 0.9470459818840028 2.1139771938323979 18.612500190734867 27.261770248413089 28.51051235198975 5.0499999523162851 3.8099999427795415 5.9500000476837167 4.6888568401336679 18.943499565124515 27.115000724792484 8.7500000000000018 9.927500247955324 16.107999801635746 31.792515754699711 20.250000000000004 0.89787620306015026 981.54998779296886 11.502500057220461
decision_type=10 2 2 2 10 8 10 8 10 8 10 2 2 2 2 10 10 8 10 10 2 8 10 10 10 2 2 2 10 8 2 8 2 2 10 2 8 10 8 10 8 10 10 10 8 8 8 8 8 8 8 10 2 8 10 2 8 8 10 10 2 10 2 10 10 8 10 8 2 8 10 10 2 10 10 10 2 10 10
left_child=7 6 17 4 5 9 8 19 35 20 32 -12 24 14 -14 26 -8 23 58 -1 42 73 52 -3 67 78 33 28 29 30 -28 -31 66 -10 71 57 38 -38 59 40 -40 -17 44 -20 -4 46 -41 48 -48 74 -29 -52 -23 54 55 -43 -47 -2 64 -37 -25 -27 -26 -64 -18 -21 -5 -9 -69 70 -70 75 -67 -13 -33 -30 -57 -78 -19
right_child=1 2 3 10 -6 -7 16 12 15 -11 11 21 13 -15 -16 41 18 25 43 65 -22 22 -24 60 62 61 27 50 34 31 -32 49 -34 -35 -36 36 37 -39 39 45 -42 53 -44 -45 -46 56 47 -49 -50 -51 51 -53 -54 -55 -56 76 -58 -59 -60 -61 -62 -63 63 -65 -66 72 -68 68 69 -71 -72 -73 -74 -75 -76 -77 77 -79 -80
leaf_value=-0.50158061266824339 -0.098418326737291409 2.1018144036213986 7.9018427402872433 0.48860443899089973 0.045729056229522703 0.96488065043730398 1.0850854239871486 0.43855350477620958 0.061844988767354891 5.3748340046855638 3.7370870545512518 -0.21382332865533948 6.9024774922457484 -0.26095842878440756 0.67384824419778488 0.45850936211273341 1.5803497113403884 -0.30721325764308932 3.9129238930601034 0.3103962032708617 7.6028294076710718 0.31939302789540591 2.2720354556518876 1.0175801429951039 -0.089953229759622111 0.085407879623319694 0.84718793613518151 -0.03860422324309716 1.6490339958133982 2.1823552058697824 4.2555236534909762 1.7640535165354756 1.0446259788034566 0.28273509489165266 0.27140219683276162 0.36314320697760039 2.0133689744294481 -0.07307620275090998 3.1111013436915953 1.9382606573204031 0.16072061004866825 0.57069203669310153 9.6789574757847223 2.2821349901128039 9.277906085682563 0.53475308384203046 2.010697571683675 -0.14827511788523087 0.26217876775087878 0.30551663129306783 0.27570002648786091 1.3364429311422557 1.4886197940418495 0.41483704966372326 1.9949085156377313 0.80455330399008329 0.036699538971746465 0.055991910044497127 1.9114614400844465 -0.10032355108773255 -0.049152274746859681 0.84232292192924463 0.047861417853798535 0.83551495928984532 0.7082275236337896 -0.36167420424304825 -0.40202533830418385 -0.22550707565275499 -0.12725321844220161 -0.13445746991704566 1.3682196593017719 0.34508374149264126 -0.23847405331088065 0.66640824361779805 0.69122589353273312 0.80556061115641808 2.0524473599244408 1.1090362231971489 -0.03082226455759448
leaf_weight=39460 14591 229 283 204 305 223 2021 351 10251 211 369 618 220 812 377 7238 1138 5963 202 358 273 624 297 283 32364 3492 204 2787 200 220 241 201 200 18153 4658 1028 304 253 271 221 481 1971 980 213 440 935 209 740 736 1112 8140 222 239 1327 202 935 7642 21065 2277 6959 406 321 7138 267 247 54834 2471 43164 546 9216 267 582 11084 221 224 1104 200 863 1966
leaf_count=39460 14591 229 283 204 305 223 2021 351 10251 211 369 618 220 812 377 7238 1138 5963 202 358 273 624 297 283 32364 3492 204 2787 200 220 241 201 200 18153 4658 1028 304 253 271 221 481 1971 980 213 440 935 209 740 736 1112 8140 222 239 1327 202 935 7642 21065 2277 6959 406 321 7138 267 247 54834 2471 43164 546 9216 267 582 11084 221 224 1104 200 863 1966
internal_value=0.00179494 0.377644 1.00205 2.66768 7.09996 7.99233 0.272602 -0.266673 0.202676 8.70812 0.371585 1.11113 -0.119291 1.11206 2.97686 0.343254 1.60792 -0.04509 1.86677 -0.3987 9.06116 0.624771 1.06284 0.818722 -0.137896 -0.112688 0.277984 0.384994 0.597343 1.15194 2.69845 0.758934 -0.237717 0.203021 0.41058 0.0478921 0.147196 1.06723 0.120482 0.235013 1.22668 0.590738 9.29034 3.08341 8.75094 0.163766 0.490768 0.299882 0.650605 0.553904 0.218374 0.304018 0.644548 0.7647 0.875883 0.818442 0.0910496 -0.00719619 1.72808 -0.0406331 0.389837 0.149333 -0.0589825 0.0763706 1.42544 -0.337439 -0.333947 -0.196505 -0.200704 -0.0939401 0.364957 0.753993 -0.340962 0.0185547 1.20156 0.936092 1.06244 1.2883 -0.238694
internal_weight=343644 143186 20618 7958 2715 2410 122568 200458 116470 2187 5243 2368 94722 1409 597 61035 6098 12660 4077 105736 1976 1999 1160 918 93313 11742 48299 19895 8746 2202 445 1757 2875 28404 6544 55435 19779 557 19222 11235 752 12736 1703 415 723 10483 1906 1685 945 1537 11149 8362 863 5498 4171 3969 8577 35656 3662 7987 689 3813 39769 7405 1385 66276 2675 53544 53193 10029 813 1886 65918 839 425 1304 1998 1063 7929
internal_count=343644 143186 20618 7958 2715 2410 122568 200458 116470 2187 5243 2368 94722 1409 597 61035 6098 12660 4077 105736 1976 1999 1160 918 93313 11742 48299 19895 8746 2202 445 1757 2875 28404 6544 55435 19779 557 19222 11235 752 12736 1703 415 723 10483 1906 1685 945 1537 11149 8362 863 5498 4171 3969 8577 35656 3662 7987 689 3813 39769 7405 1385 66276 2675 53544 53193 10029 813 1886 65918 839 425 1304 1998 1063 7929
is_linear=0
shrinkage=0.06


Tree=6
num_leaves=80
num_cat=0
split_feature=95 95 204 99 122 36 96 93 99 194 84 99 91 96 77 80 91 80 194 209 52 80 96 193 99 96 99 194 34 36 96 114 96 36 204 136 197 7 59 95 140 86 166 88 95 86 95 181 193 25 87 8 194 8 194 151 80 194 95 201 93 123 92 201 79 209 15 86 16 80 96 201 17 36 141 16 62 87 193
split_gain=8.37284e+06 2.33455e+06 1.91435e+06 4.10334e+06 3.12453e+06 4.86402e+06 5.18314e+06 2.52473e+06 2.31811e+06 1.7427e+06 1.39007e+06 953589 849134 838832 628033 556024 534224 430841 309749 295043 374041 281048 216815 170890 217898 177043 195642 386479 656682 164931 343908 140870 139442 132379 346634 987767 123288 108779 102735 101492 95050.1 194786 108850 200695 95032.3 91574.4 89158.5 87503.7 82223.2 71407.3 122794 67474.4 66960.2 64583 63705.5 61184.6 59144.9 57530.2 57147.3 54709.9 51148.1 50269.7 50014.1 49699.9 47219.9 46764.1 60272.5 118660 45854.3 45331.7 42280.9 41845.2 41796.1 41694.7 45214.5 40169.9 39424.3 38397.9 37853.6
threshold=13.968404769897463 39.422855377197273 10.500000000000002 0.5849612057209016 -77.961490631103501 284.58528137207037 21.774844169616703 27.415249824523929 0.74050867557525646 70.500000000000014 14.002500057220461 0.89449110627174389 12.807499885559084 8.06439256668091 29.900869369506839 42.562500000000007 5.8825001716613778 19.096500396728519 50.500000000000007 4.5000000000000009 54.729000091552741 11.655999660491945 19.245353698730472 5.0499999523162851 0.30372016131877905 12.846057415008547 0.61733973026275646 87.500000000000014 188.26499938964847 324.04495239257818 23.392558097839359 175.01625061035159 23.392558097839359 252.63591766357425 8.0000000000000018 7.9500000476837167 991.54998779296886 inf 0.19397548586130145 4.6374206542968759 8.4287896156311053 8.5015001296997088 33.500000000000007 12.105000019073488 19.900753021240238 11.402499675750734 26.083090782165531 55.000000000000007 19.750000000000004 inf 10.654999732971193 186.02649688720706 56.500000000000007 460.87500000000006 72.500000000000014 13.385000228881838 12.903499603271486 70.500000000000014 31.419023513793949 47.500000000000007 62.169025421142585 8.3287019729614276 9.9010000228881854 147.50000000000003 1.068868160247803 10.500000000000002 155.70578765869143 10.602499961853029 150.85352325439456 20.928999900817875 19.245353698730472 87.500000000000014 36.156414031982429 292.33467102050787 16.734758377075199 52.278116226196296 36.852499008178718 18.502499580383304 30.550000190734867
decision_type=10 8 2 2 10 8 8 10 2 10 8 2 10 10 10 2 10 2 8 2 10 2 8 8 2 10 2 10 8 8 8 10 8 8 2 10 10 8 10 8 8 8 10 8 10 8 10 2 10 8 8 8 10 8 8 10 2 8 10 10 10 10 8 10 10 2 10 10 8 2 8 10 10 8 8 8 8 10 10
left_child=13 2 3 18 5 6 7 9 14 -5 19 12 21 39 -8 33 -12 45 46 20 -10 44 49 24 -15 56 -27 -28 -29 30 -7 38 -19 34 35 -3 -33 53 -17 -1 69 -42 43 -43 -11 57 48 60 71 65 -51 -30 61 -31 64 58 -25 -4 -45 -48 -40 -6 -21 -50 -35 66 -20 -68 -66 -24 -47 -2 -37 74 -49 -36 -60 -54 -77
right_child=1 15 17 4 52 29 8 -9 10 11 16 -13 -14 23 -16 31 -18 32 22 62 -22 -23 40 25 -26 26 27 28 51 37 -32 36 -34 54 75 72 -38 -39 47 -41 41 42 -44 55 -46 70 59 73 63 50 -52 -53 77 -55 -56 -57 -58 -59 76 -61 -62 -63 -64 -65 68 -67 67 -69 -70 -71 -72 -73 -74 -75 -76 78 -78 -79 -80
leaf_value=-0.49167356014511637 1.91078636181092 4.8375370932205612 -0.035293646291079429 0.83170622916363957 1.2358726025933631 3.0267494887686692 7.6036659818887706 -0.0092995483600176298 2.6768597364464362 8.679433434126901 1.0525196595254698 3.395518343471887 4.1155489704468664 -0.23157585117784646 3.405760950776922 1.7454032621179696 4.8666806924391963 0.14606904140308533 0.027276397339924638 -0.61440831705560106 -0.063565500967724384 6.0131310063318795 0.10764514578350103 -0.2250649072449252 2.4829297668097623 -0.089046085512113099 0.019909800621323841 3.280698540632299 -0.35906006382346151 -0.0041097642719447984 0.042366666258736092 3.543362619762835 0.39445355708981145 0.48437585264704253 -0.1739353122722499 0.20698740127496421 1.8233017270985457 1.2228481891270062 1.2989618186806811 -0.3545791628994272 1.8895593726692193 2.0912785916812484 0.17352237780000701 0.31467098260115367 7.1379558538410759 -0.028211357902671482 1.9459585470017395 0.52515346923637451 0.61499771141250814 1.4724430401831581 0.16622958896196219 0.96081086352970957 -0.17183729358234845 0.89587752615655858 0.099478780168546249 1.3818256666801951 -0.097258825273220065 -0.26365026557174254 0.61533525280273216 0.90384387931176302 2.2153627972886833 0.30703706059008268 0.37503171763022741 0.20067097482321136 0.70572249951866961 -0.1758359071737817 1.5006157814421792 0.11275003426597062 1.8478514675923756 0.33825406432145344 0.111431093494093 0.77362032152425786 1.251449771264775 0.46273571065554536 1.4187203141795173 0.34735404330544767 1.6516554828259744 0.27007787886864498 1.2280952613463159
leaf_weight=30701 206 292 7996 200 266 246 231 272 307 832 208 265 254 226 294 2629 365 19623 12504 1012 429 237 5549 66382 200 22092 2855 397 374 2402 318 229 13902 1289 315 383 447 352 579 53060 350 321 3027 2430 218 19784 211 298 2428 325 1264 221 1991 325 1078 272 16223 7891 385 1304 360 984 224 1828 324 3678 302 828 209 6868 12891 272 215 500 656 564 202 1097 255
leaf_count=30701 206 292 7996 200 266 246 231 272 307 832 208 265 254 226 294 2629 365 19623 12504 1012 429 237 5549 66382 200 22092 2855 397 374 2402 318 229 13902 1289 315 383 447 352 579 53060 350 321 3027 2430 218 19784 211 298 2428 325 1264 221 1991 325 1078 272 16223 7891 385 1304 360 984 224 1828 324 3678 302 828 209 6868 12891 272 215 500 656 564 202 1097 255
internal_value=-0.000146635 0.335058 0.269974 0.534216 1.45779 2.09582 3.24746 5.41536 1.6376 6.15055 0.887788 6.73878 7.31114 -0.262062 5.26378 1.19258 3.48638 0.0836417 0.257889 0.131336 1.0816 7.93813 0.19398 -0.152315 1.04567 -0.157027 -0.02028 0.374541 1.39413 0.404766 1.34712 1.59613 0.249077 0.725375 1.09772 1.98338 2.41036 0.231768 1.48607 -0.404834 0.33486 0.511886 0.438962 0.661424 8.36649 -0.0305698 0.649544 1.20054 0.521138 0.049341 0.434149 0.131967 0.135205 0.103439 0.465216 0.521279 -0.199966 -0.148727 0.443264 1.05017 1.65228 0.505523 -0.434934 0.437129 0.681434 0.013998 0.065218 0.484665 1.1562 0.235215 0.0268824 1.26666 0.583967 0.90787 1.14044 0.401484 0.974159 -0.014812 0.622741
internal_weight=343323 150592 139970 57883 13329 8991 5348 2278 3070 2006 2545 1806 1541 192731 525 10622 573 82087 44554 1972 736 1287 38305 108970 426 108544 25939 3847 992 3643 564 5698 33525 4924 2024 890 676 3079 5022 83761 19404 6987 6637 3610 1050 48562 6249 2393 4734 18901 1589 595 4338 2727 2900 3289 82605 15887 3017 1515 939 1250 1236 4256 1822 17312 13634 1130 533 12417 32675 478 598 1454 954 1134 587 3088 819
internal_count=343323 150592 139970 57883 13329 8991 5348 2278 3070 2006 2545 1806 1541 192731 525 10622 573 82087 44554 1972 736 1287 38305 108970 426 108544 25939 3847 992 3643 564 5698 33525 4924 2024 890 676 3079 5022 83761 19404 6987 6637 3610 1050 48562 6249 2393 4734 18901 1589 595 4338 2727 2900 3289 82605 15887 3017 1515 939 1250 1236 4256 1822 17312 13634 1130 533 12417 32675 478 598 1454 954 1134 587 3088 819
is_linear=0
shrinkage=0.06


Tree=7
num_leaves=80
num_cat=0
split_feature=95 95 205 97 97 100 36 97 204 97 93 95 80 163 80 194 85 92 209 82 95 85 87 204 36 60 176 114 42 79 201 181 80 207 85 207 95 36 88 122 56 91 5 95 97 56 85 143 31 94 207 34 207 203 59 88 95 201 194 181 80 82 205 85 97 207 207 201 198 94 82 80 97 92 181 198 59 208 77
split_gain=7.44749e+06 1.9515e+06 1.78488e+06 6.76911e+06 1.68719e+07 4.45963e+06 2.48214e+06 1.05685e+06 1.49418e+06 2.46597e+06 1.01522e+06 759603 477308 423121 412823 311047 155046 145176 246409 138070 135180 120114 393483 119747 356983 132772 179616 107892 106360 105406 102466 102066 100575 99427 91194.1 89621.4 86052.5 73110.2 89952.1 182789 210029 397966 70487.1 67281.6 63970.5 80213.1 63493.1 184682 215682 62150.3 58542.2 56620.3 55682.5 52820.3 45865.9 45721.8 44305.6 42829.3 70253.3 40736.6 40560.2 40409.4 39957.2 39735 39569.5 37327 37142.9 39970 52480.6 35169.9 31010.6 30742.4 30562.5 30562 30549.5 30107.5 28459.4 73276 28193.9
threshold=14.924178600311281 39.422855377197273 0.93301269412040722 36.21507644653321 63.294715881347663 13.300000190734865 382.81842041015631 40.950769424438484 8.0000000000000018 48.168771743774421 24.887084007263187 8.807859420776369 42.562500000000007 10.475000381469728 19.096500396728519 50.500000000000007 24.914000511169437 9.9010000228881854 8.5000000000000018 14.303500175476076 5.975832700729371 inf 11.006499767303469 10.500000000000002 139.59760284423831 43.75849914550782 7.1649999618530282 145.91398620605472 74.512500762939467 0.48646269738674169 147.50000000000003 7.0000000000000009 22.833999633789066 -0.41398024559020991 11.402499675750734 0.22700754553079608 12.411856174468996 321.53282165527349 9.6075000762939471 -66.329750061035142 34.604238510131843 9.5075001716613787 24.010000228881839 25.79141998291016 42.884325027465827 78.908622741699233 8.4760003089904803 0.33138222992420202 156.01249694824222 28.832396507263187 0.97112539410591137 105.8093948364258 0.9996619224548341 0.9170251488685609 0.66788560152053844 3.6764999628067021 22.282892227172855 177.50000000000003 72.500000000000014 7.0000000000000009 31.871000289916996 20.61100006103516 -0.37940952181816096 18.029000282287601 99.781967163085952 -0.32614396512508387 0.95752912759780895 62.500000000000007 6.1499998569488534 22.823631286621097 18.612500190734867 18.901499748229984 1.5322539210319521 18.358500480651859 7.0000000000000009 1.7500000000000002 0.014556466136127712 -0.19337245076894757 8.5872921943664569
decision_type=10 10 2 2 2 10 8 2 2 2 8 8 2 10 2 8 8 10 2 8 10 8 8 2 8 8 2 10 10 8 10 2 2 2 8 2 10 8 8 10 10 10 10 10 2 8 10 10 10 10 2 8 2 10 10 10 10 8 10 2 2 10 2 10 2 2 2 8 10 10 8 2 2 10 2 8 8 2 10
left_child=7 2 14 15 5 6 10 11 9 13 17 20 23 -9 34 30 63 18 55 50 72 32 -23 24 -3 42 -27 29 -29 -14 49 -31 37 -11 64 -21 71 38 39 40 -17 -42 -26 -18 45 -25 47 48 -40 52 -6 -24 -4 -46 -51 -5 -19 58 62 -34 -45 -44 -33 74 75 -30 70 68 -68 -57 -48 -13 -1 -36 -16 -2 77 -74 -39
right_child=1 12 3 4 19 -7 -8 8 -10 33 -12 36 27 -15 16 21 43 56 -20 35 -22 22 51 44 25 26 -28 28 65 31 -32 57 59 -35 73 -37 -38 78 46 -41 41 -43 61 60 53 -47 66 -49 -50 54 -52 -53 -54 -55 -56 69 -58 -59 -60 -61 -62 -63 -64 -65 -66 -67 67 -69 -70 -71 -72 -73 76 -75 -76 -77 -78 -79 -80
leaf_value=-0.46082671117698609 0.59530453325393118 3.424883770062634 0.68132479801357149 7.3069529138697256 -0.36637407849881143 -0.46894012121159001 1.394274996299119 8.2072830008569166 -0.30155887052009667 -0.96873960572762541 3.8091618513291881 -0.17594199059111509 1.6144763964459539 4.3481309541220803 0.41407434167990204 0.11246485301333925 0.26246120838679338 8.397636206200783 6.225464517931889 0.19461414263208857 -0.28855416918149213 2.8188130388192407 1.1980558939353576 0.49204461643224839 1.4581310372853624 0.6104980849904742 2.6292872241698206 2.970071923756739 1.9999231999970992 2.3146741690984585 0.29744247930962947 0.977759516635896 0.75332996798152685 0.84773689227738402 5.3063092985518282e-05 1.6368660059917803 -0.052273885685380939 0.16701404468539177 0.30789868540227411 0.066144428430638058 3.806995172770852 0.46576794259013216 -0.076562388886564539 0.4096516459327566 -0.01838857173199265 1.6408488751098733 -0.022135101554374793 -0.10649942953369652 2.9336985272060607 1.0520565350992339 0.68231419703364371 0.1998095478059165 1.5345767050313159 0.98863458382575486 2.1364733021527949 8.1896455646521567 9.7320270086704994 0.59854537034041488 0.41557809404953555 0.31629500974661379 0.68768888309244514 0.63674547056133823 1.9408899044283638 0.23589194123300308 -0.38692580341870486 1.0530167544722644 0.3762509938275348 0.13025410613490154 1.4414684670412141 9.3126105030304789 0.19557791814459499 0.014800582966870084 0.96701975359191439 0.13455564377683699 0.045112592509592167 -0.12248507977451813 -0.376061256769466 -0.48007139606827715 -0.11558512051964699
leaf_weight=32988 214 201 2829 201 2958 326 251 213 1097 232 216 63028 2784 205 879 367 5832 281 292 558 51400 264 236 1128 206 368 279 319 378 204 1565 273 848 202 23509 214 36777 1694 249 1161 235 282 615 4269 1178 271 7184 598 205 426 204 1499 305 222 212 570 260 880 296 8102 3398 533 370 11484 2222 255 894 2146 204 217 3503 3196 202 8203 9862 9815 16821 331 5079
leaf_count=32988 214 201 2829 201 2958 326 251 213 1097 232 216 63028 2784 205 879 367 5832 281 292 558 51400 264 236 1128 206 368 279 319 378 204 1565 273 848 202 23509 214 36777 1694 249 1161 235 282 615 4269 1178 271 7184 598 205 426 204 1499 305 222 212 570 260 880 296 8102 3398 533 370 11484 2222 255 894 2146 204 217 3503 3196 202 8203 9862 9815 16821 331 5079
internal_value=-6.06655e-05 0.342857 0.27678 0.571594 2.36002 6.09533 7.03042 -0.22749 1.16274 3.04625 7.72389 -0.24073 1.11849 6.32953 0.104242 0.279413 0.255736 8.18589 7.81148 -0.122874 -0.357011 0.213901 0.66532 0.689446 1.02042 0.777306 1.48376 1.49089 2.07552 1.3747 0.705849 1.04409 0.186329 -0.123278 -0.0188636 0.59601 -0.125868 0.121843 0.188161 0.561344 1.2109 1.98893 0.438888 0.416119 0.428791 0.715592 0.137192 0.586442 1.4974 0.875173 -0.298522 0.336206 0.764826 0.141888 1.41518 8.27345 9.05571 0.900396 1.18234 0.357783 0.532951 0.254882 1.53412 0.158308 -0.157889 1.62073 0.103228 0.281017 0.575292 8.51071 0.0492388 -0.166737 -0.426899 0.0348482 0.0753427 -0.107111 -0.362384 0.069141 -0.0448898
internal_weight=343774 137082 126322 46635 6548 2614 2288 206692 1949 852 2037 204743 10760 418 79687 40087 35724 1821 1280 3934 101742 34750 1999 5001 2202 2001 647 5759 952 4807 5337 2023 32751 434 43963 772 103001 23801 17028 2045 884 517 1354 13499 2799 1399 14983 1052 454 3772 3162 1735 3134 1400 638 988 541 1819 939 8950 7667 1148 643 22225 12251 633 13931 3244 1098 787 10687 66224 50342 31712 10741 10029 17354 533 6773
internal_count=343774 137082 126322 46635 6548 2614 2288 206692 1949 852 2037 204743 10760 418 79687 40087 35724 1821 1280 3934 101742 34750 1999 5001 2202 2001 647 5759 952 4807 5337 2023 32751 434 43963 772 103001 23801 17028 2045 884 517 1354 13499 2799 1399 14983 1052 454 3772 3162 1735 3134 1400 638 988 541 1819 939 8950 7667 1148 643 22225 12251 633 13931 3244 1098 787 10687 66224 50342 31712 10741 10029 17354 533 6773
is_linear=0
shrinkage=0.06


Tree=8
num_leaves=80
num_cat=0
split_feature=96 94 205 99 99 190 36 93 77 149 96 59 80 80 54 209 96 84 84 140 91 171 86 99 39 96 193 99 94 207 204 36 100 79 96 59 67 96 114 85 197 94 85 64 80 77 94 197 194 83 85 99 194 107 39 124 141 77 141 207 85 83 13 129 194 33 98 90 207 93 123 207 90 194 205 194 30 194 124
split_gain=6.75861e+06 1.77507e+06 1.67857e+06 3.31415e+06 2.55765e+06 3.39518e+06 5.85016e+06 2.78032e+06 983553 774879 710750 645037 448397 421648 375305 357757 703047 265728 231646 213698 285397 443592 608692 462104 203788 177278 166817 251506 162797 159293 147460 354485 828585 135157 159388 126808 120261 120236 147699 109245 126192 103698 102452 101624 90145.5 86533.6 84384.1 81829.9 80602.2 77695.2 76782 76061.9 388468 455383 959442 69212.7 66930.8 65964.2 77617.2 123263 64496.8 73934.2 61289.7 55001 52673.8 51702.1 50697.2 93830.9 47804.1 47463 71872.1 47206.2 46908.7 45906.3 58994.2 45173.5 44772.3 44583.2 44509.4
threshold=14.551137924194338 42.197711944580085 0.93301269412040722 0.5849612057209016 0.91204342246055614 1.6640256047248843 264.22698974609381 30.080249786376957 27.618434906005863 4.4749999046325692 8.06439256668091 0.41772252321243292 37.412500381469734 19.096500396728519 57.645729064941413 2.5000000000000004 23.392558097839359 10.328999996185305 12.202499866485597 0.58229169249534618 9.305000305175783 1.2223027348518374 10.877500057220461 0.38068187236785894 0.46238921582698828 29.372396469116214 5.0499999523162851 0.30584888160228735 11.164750099182131 0.89017060399055492 10.500000000000002 196.03713989257815 16.94999980926514 1.0626984834671023 19.245353698730472 0.22619253396987918 37.737499237060554 46.914346694946296 175.01625061035159 6.5784997940063485 982.54998779296886 15.898104190826418 13.301500320434572 97.191497802734389 30.012999534606937 15.502862930297853 4.5551645755767831 991.85000610351574 56.500000000000007 11.285000324249269 18.852499961853031 0.74050867557525646 87.500000000000014 1.7793068289756777 0.83911743760108959 0.68645313382148754 5.5810182094573983 27.347650527954105 36.862089157104499 -0.35846811532974238 21.610000610351566 9.1224999427795428 294.34167480468756 119.02083206176759 50.500000000000007 402.51669311523443 5.1275000572204599 11.055000305175783 -0.048361575230956071 57.633584976196296 50.908790588378913 -0.87395131587982167 26.009999275207523 78.500000000000014 0.37940952181816107 67.500000000000014 147.06600189208987 45.500000000000007 0.50293791294097911
decision_type=8 10 2 2 2 8 8 8 10 2 10 10 2 2 10 2 8 10 8 8 8 2 10 2 10 10 8 2 10 2 2 8 10 10 8 10 8 8 10 10 10 10 8 10 2 8 8 10 10 8 8 2 10 8 8 8 10 8 8 2 8 8 8 8 10 8 2 8 2 10 8 2 8 8 2 8 10 8 10
left_child=10 2 13 19 5 48 7 8 14 11 46 17 30 42 24 16 -8 -10 -11 41 21 22 23 -21 35 50 27 -12 -28 60 31 32 -3 57 -35 -7 -37 78 65 40 -31 -4 75 -33 56 -17 -1 -40 -5 -9 -15 73 -53 -54 -55 -47 77 58 -6 -60 66 -62 -57 -46 -43 69 -22 -68 -36 -39 -71 -69 -27 74 -30 -2 -23 -41 -14
right_child=1 12 3 4 33 6 15 49 9 18 26 -13 37 25 -16 45 -18 -19 -20 20 29 76 -24 -25 -26 72 28 -29 51 39 -32 43 -34 34 68 36 -38 38 47 44 -42 64 -44 -45 63 55 -48 -49 -50 -51 -52 52 53 54 -56 62 -58 -59 59 -61 61 -63 -64 -65 -66 -67 67 71 -70 70 -72 -73 -74 -75 -76 -77 -78 -79 -80
leaf_value=-0.43559560860414248 -0.032755840817058832 4.8544008376793126 -0.11819121408017241 0.68291709796480571 -0.26181328267392356 8.6505410734273624 3.8188000763289986 -0.46183751478534318 -0.018953607077492728 4.8430269226928555 -0.25731279869791207 4.8948898398566243 0.23765180066227912 0.060261360084271819 4.2144969715444098 1.4081081942137048 0.11352730063389438 2.8982526360655658 7.6571394222516282 5.7052674089357858 0.014708114031000251 0.69605067705148482 0.73303821151497861 1.7305801035280095 5.4291895038506075 0.27687731573610835 -0.20024653783145785 2.5618394780374953 -0.073701499710245408 0.48122765761145342 0.25981988349867796 0.20359804220518132 0.17159639440484858 2.1770892200329235 -0.1159646025133617 6.2364075888578707 8.0745332302578845 1.2601308146910499 3.4733968909705082 0.6236220849051296 2.5076408152220147 0.65326916367212351 0.051484083574950427 1.6455287448721272 0.77867810194300435 0.99708834558438797 -0.31129572350129958 1.8055416055043538 -0.019183421893079061 1.0846629085245647 0.26270827666135876 -0.11279935198579455 -0.56653146495079176 4.2576434623092165 -0.23973796577665579 -0.14979543508161178 0.92636215844324654 -0.29344176644928105 -0.052598929985094876 1.7479892017040402 1.4777175946159313 0.30811705386973443 0.97841135240224475 1.8937821425880703 0.16041506142984516 0.73375174586024794 1.6108810196767616 0.88058667499446464 0.9836137222313851 1.581989135051834 2.7698473153943599 -0.051876231145777114 0.6481148725727216 -0.13957898378100697 0.14478850544560479 -0.21106947767316556 -0.14383217529617418 0.1648625791223215 1.1049352853723922
leaf_weight=32287 9974 244 5627 869 474 235 352 231 213 233 253 374 242 10630 223 237 386 237 207 205 6648 348 640 218 260 1702 62064 206 19184 228 2310 1088 306 215 393 389 223 1543 208 1037 215 844 28702 209 673 311 50333 224 1820 235 18453 3745 347 355 328 1221 692 1966 294 255 202 4738 201 209 10279 340 203 266 222 1779 206 729 4395 23727 5791 10498 661 2879 1818
leaf_count=32287 9974 244 5627 869 474 235 352 231 213 233 253 374 242 10630 223 237 386 237 207 205 6648 348 640 218 260 1702 62064 206 19184 228 2310 1088 306 215 393 389 223 1543 208 1037 215 844 28702 209 673 311 50333 224 1820 235 18453 3745 347 355 328 1221 692 1966 294 255 202 4738 201 209 10279 340 203 266 222 1779 206 729 4395 23727 5791 10498 661 2879 1818
internal_value=0.00182967 0.313741 0.254898 0.531052 1.38681 1.96874 2.78946 4.5866 5.35289 4.14804 -0.225388 3.05614 1.06434 0.0918058 6.49398 0.757764 1.88359 1.52046 6.1813 0.251186 0.379672 1.04769 1.90241 3.66576 6.94895 0.250399 -0.129598 1.01075 -0.134137 0.305677 0.579541 0.979052 2.2541 0.0979881 0.774858 7.40852 6.91826 1.38107 1.56181 0.5626 1.46813 0.09169 -0.0216576 0.437041 0.489276 0.335267 -0.359875 2.61475 0.207883 0.318703 0.188717 -0.0574092 0.171095 1.20242 2.10065 0.18782 0.38275 -0.0901648 0.300398 0.785397 0.186424 0.356232 0.0102523 1.04476 0.197868 1.44356 0.0794776 0.438588 0.281909 1.51174 1.7066 0.198039 0.544545 -0.079816 -0.023036 -0.124201 0.146242 0.286475 1.00322
internal_weight=343308 144688 134171 49817 12276 8457 5768 3060 2594 1264 198620 824 10517 84354 1330 2708 738 450 440 37541 20791 2072 1063 423 1107 35180 116000 459 115541 18719 4157 1847 550 3819 830 847 612 6360 4300 5933 443 16750 49174 1297 5490 1970 82620 432 2689 466 29083 53477 4775 1030 683 1733 4608 2989 1023 549 12786 4940 1422 882 11123 3868 7846 1198 615 3528 1985 995 6097 48702 24975 20472 1009 3916 2060
internal_count=343308 144688 134171 49817 12276 8457 5768 3060 2594 1264 198620 824 10517 84354 1330 2708 738 450 440 37541 20791 2072 1063 423 1107 35180 116000 459 115541 18719 4157 1847 550 3819 830 847 612 6360 4300 5933 443 16750 49174 1297 5490 1970 82620 432 2689 466 29083 53477 4775 1030 683 1733 4608 2989 1023 549 12786 4940 1422 882 11123 3868 7846 1198 615 3528 1985 995 6097 48702 24975 20472 1009 3916 2060
is_linear=0
shrinkage=0.06


Tree=9
num_leaves=80
num_cat=0
split_feature=95 205 97 97 109 36 95 97 96 96 97 204 94 94 80 94 80 194 36 103 48 96 114 85 94 193 20 86 198 94 96 96 139 193 75 35 144 44 94 67 34 97 63 85 86 42 94 89 56 193 109 87 82 106 194 96 82 66 5 80 92 86 203 193 57 36 97 181 85 193 0 76 105 123 27 53 198 205 16
split_gain=5.9249e+06 1.60066e+06 6.05796e+06 1.43469e+07 3.53248e+06 2.21716e+06 1.20407e+06 601143 592201 578752 637163 1.02024e+06 1.04546e+06 498239 381276 379300 333063 265651 247189 547835 197425 126455 117314 112836 265845 93009.4 131139 87909.1 83883.3 82806.2 81649 79765.8 77487.9 76461.5 72878.6 70969.1 146514 278843 486539 143425 69032.2 67234 67156.7 65055.6 63160.4 62962.9 55295.6 54178.6 53617.3 51594.6 47958.2 46348.8 106859 42444.2 41236.4 40416 37637.4 37106.6 111013 37052.3 42561.6 36973.7 36887.7 33270 33013.2 106999 32907.6 32581 31464.6 30592.1 46821 29788.2 29434.2 28604.7 28600.9 28112.5 27936 26409 28380.7
threshold=13.968404769897463 0.93301269412040722 36.21507644653321 54.202339172363288 1996.7500000000002 382.81842041015631 37.913728713989265 63.294715881347663 40.390100479125984 8.06439256668091 40.950769424438484 10.500000000000002 17.88543796539307 31.860347747802738 38.962499618530281 42.197711944580085 19.602499961853031 50.500000000000007 204.98958587646487 41.125000000000007 23.402500152587894 23.205305099487308 161.01001739501956 25.840000152587894 12.400949478149416 5.0499999523162851 376.32901000976568 11.402499675750734 8.6500000953674334 4.5551645755767831 17.880798339843754 10.781460285186769 12.328999996185305 19.050000190734867 56.765949249267585 243.2447204589844 -0.88426831364631642 33.301500320434577 15.035220146179201 27.829000473022464 354.06103515625006 27.395751953125004 16.22399997711182 30.309999465942386 13.408499717712404 79.480998992919936 28.365287780761722 1.2154999971389773 78.908622741699233 19.050000190734867 1654.0000000000002 5.4549999237060556 7.1790001392364511 1.1874073147773745 70.500000000000014 18.978005409240726 21.832500457763675 59.371000289916999 178.01650238037112 18.454999923706058 9.9010000228881854 49.601499557495124 0.94828754663467418 25.150000572204593 0.1794179901480675 105.42291641235353 7.2669343948364267 67.000000000000014 17.458499908447269 16.650000572204593 179.55000305175784 31.031676292419437 -39.188133239746087 17.409184455871586 203.02899932861331 11.12400007247925 4.3500001430511483 -0.37940952181816096 25.094517707824711
decision_type=10 2 2 2 8 8 8 2 8 10 2 2 8 10 2 10 2 8 8 8 8 8 10 8 8 8 8 8 10 8 10 8 8 10 8 8 10 8 10 10 8 2 10 10 10 10 10 10 8 10 8 8 8 10 8 8 8 8 10 2 8 10 10 10 8 8 2 2 8 10 10 10 10 8 8 8 10 2 8
left_child=9 6 8 4 -4 13 16 -5 17 29 25 12 -12 20 41 -9 27 28 19 -17 -6 68 34 30 -25 26 -11 54 33 -1 51 -27 -10 -3 42 36 37 74 -39 53 50 48 67 73 47 -24 76 -22 72 -20 -34 52 -19 -40 -2 -29 -26 69 75 -37 -61 -44 -43 -48 65 -31 -47 -16 -18 -53 -71 -33 -8 -23 -32 -59 -35 -73 -79
right_child=1 2 3 7 5 -7 14 15 32 10 11 -13 -14 -15 22 18 21 23 49 -21 44 43 45 24 56 31 -28 55 -30 64 35 71 40 46 -36 59 -38 38 39 -41 -42 62 61 -45 -46 66 63 -49 -50 -51 -52 57 -54 -55 -56 -57 -58 58 -60 60 -62 -63 -64 -65 -66 -67 -68 -69 -70 70 -72 77 -74 -75 -76 -77 -78 78 -80
leaf_value=-0.41279232563592055 -0.044935930303956456 1.7126513212138208 -0.15657068994223025 2.5662703392781476 5.8560399638724867 1.1911216444379826 0.030432683157466223 -0.27121443210039914 0.46947496035730196 1.8436689371105441 6.4864022777505115 -0.239959114055592 0.60713203963883422 4.1458607020460789 1.133051839744301 -0.071939562270615959 0.021284327597921718 1.6344161409081763 -0.060212334434407343 3.6116527785029127 6.337836161656166 0.37623141818215827 2.5317601356922452 2.2167045841464659 0.16284292178914483 -0.20070832917427353 -0.29127269635785297 -0.025083813862359999 0.2838833673078065 1.2065369967344615 -0.2079091646266629 -0.14439064830662593 1.3075162228814086 0.22354783153367672 0.3279935909945394 -0.04171838456991462 0.19042009842677238 3.6820963142640974 -0.065752436451423757 2.1044266086071728 0.51311431502825333 0.012162355467428604 1.0061747424066068 0.56097754107594677 8.4768892236621358 0.8561117243896359 1.707149039472263 7.5438153892274995 1.4504670033942471 0.82905780386948402 2.0807918451218987 -0.1754069734516755 -0.065581125237778898 0.96660166659494751 -0.23530140806348485 0.10334914267772836 0.43056244667983556 0.68855636753141869 1.5137896079461108 0.95643404590828407 0.16102876807469016 1.5435837318409091 0.87205538754979961 0.78509236656945858 -0.29706436544565612 -0.29675819128156777 1.8536916913071724 0.46530522894701071 0.17658098158831784 -0.0090774611230475342 0.75033768313351401 -0.13404431807971892 0.67598377860133829 0.1828551016104546 0.53522919252572154 0.00037883683757475555 0.68541123138097571 0.68716957332457662 -0.024141376872449393
leaf_weight=32599 8209 289 341 375 310 266 353 3471 471 202 218 609 217 204 496 281 7770 205 620 300 200 5181 317 271 3499 50975 211 21614 1871 223 658 26163 1392 595 421 4177 6378 260 430 203 322 1558 699 3808 280 206 278 1165 254 377 369 4607 376 214 8177 14901 4116 239 211 256 4220 1405 202 291 50450 712 291 564 11875 6091 306 10572 909 5885 259 1950 2293 203 19930
leaf_count=32599 8209 289 341 375 310 266 353 3471 471 202 218 609 217 204 496 281 7770 205 620 300 200 5181 317 271 3499 50975 211 21614 1871 223 658 26163 1392 595 421 4177 6378 260 430 203 322 1558 699 3808 280 206 278 1165 254 377 369 4607 376 214 8177 14901 4116 239 211 256 4220 1405 202 291 50450 712 291 564 11875 6091 306 10572 909 5885 259 1950 2293 203 19930
internal_value=0.000206243 0.282644 0.539367 2.04538 5.56112 6.36486 0.133384 0.251811 0.277439 -0.219541 -0.128529 1.34593 3.56164 7.00145 0.853883 0.0794368 0.0701188 0.226478 0.85042 1.83302 7.29715 0.215097 1.21878 0.170808 0.373465 -0.142761 0.754867 -0.0244848 0.612177 -0.337984 0.11931 -0.146205 1.16579 0.776028 1.07056 0.207426 0.331625 0.776275 1.4168 0.717905 1.32294 0.363679 1.16923 0.347071 7.56501 1.86944 0.697255 7.37188 0.656419 0.276545 1.47064 0.0118447 0.536023 0.278264 -0.139941 0.0273284 0.307586 -0.0109143 0.202797 0.0868045 0.206725 1.36561 0.111294 1.23779 -0.290517 0.0626877 1.44276 0.778534 0.115162 -0.0575394 0.0273607 -0.0973477 0.495581 0.273418 0.00233927 0.0757957 0.590366 -0.0572601 -0.0169355
internal_weight=343666 150382 55287 8190 2766 2425 95095 5424 47097 193284 109300 1044 435 2159 7675 5049 87420 44543 1578 581 1955 34519 4399 38926 7886 108256 413 52901 5617 83984 31040 107843 2554 3746 3585 17055 8402 2024 1107 847 2083 3276 3164 14874 1645 814 3457 1365 1516 997 1761 13985 581 644 16386 36515 7615 13404 2400 8653 4476 2104 1760 569 51385 935 497 1060 19645 11004 6397 56868 1262 11066 917 2189 2888 30705 20133
internal_count=343666 150382 55287 8190 2766 2425 95095 5424 47097 193284 109300 1044 435 2159 7675 5049 87420 44543 1578 581 1955 34519 4399 38926 7886 108256 413 52901 5617 83984 31040 107843 2554 3746 3585 17055 8402 2024 1107 847 2083 3276 3164 14874 1645 814 3457 1365 1516 997 1761 13985 581 644 16386 36515 7615 13404 2400 8653 4476 2104 1760 569 51385 935 497 1060 19645 11004 6397 56868 1262 11066 917 2189 2888 30705 20133
is_linear=0
shrinkage=0.06


Tree=10
num_leaves=80
num_cat=0
split_feature=96 97 205 97 109 36 95 93 97 96 96 84 80 79 194 198 209 80 209 193 84 209 58 96 207 79 201 141 96 205 85 87 86 87 208 89 134 194 86 95 80 181 97 97 84 80 96 201 140 209 83 32 132 197 208 205 209 92 193 85 194 201 91 85 98 193 194 205 122 207 96 207 16 57 16 72 80 78 16
split_gain=5.25746e+06 1.55207e+06 5.93174e+06 1.33775e+07 2.99679e+06 1.84162e+06 1.81154e+06 634082 456186 440758 432149 273917 236606 171555 146972 162348 138538 128398 126814 104422 194337 97349.1 106740 95109 94646.3 83989.8 79589.7 68938.5 76318.3 65109.9 124149 155294 102287 135030 80693.3 113827 265254 416129 64859.5 80100.1 64416.6 63790.8 61881.3 264800 57062.1 55238.9 52682.7 50685.2 49346.3 78631.4 120082 43956 59584.7 42720.9 42595.4 42258.5 81798.7 124308 258548 55953.6 44779.6 43721.3 53012.3 41180.5 40519.4 64684.2 39423.1 66417.4 51231.4 75182.6 38921.2 49774.2 38746.2 34081.6 128153 33918.2 33753.5 33354.6 61152.2
threshold=13.76802444458008 36.21507644653321 0.93301269412040722 54.202339172363288 1996.7500000000002 382.81842041015631 37.913728713989265 24.887084007263187 63.294715881347663 7.7295663356781015 19.517843246459964 19.8129997253418 42.562500000000007 1.02344685792923 32.500000000000007 7.3500001430511483 9.5000000000000018 27.987500190734867 10.500000000000002 5.0499999523162851 7.6024999618530282 4.5000000000000009 0.050499999895691879 10.712003707885744 0.9260200858116151 0.48646269738674169 52.500000000000007 25.098985671997074 46.914346694946296 0.93301269412040722 49.913999557495124 10.000999927520754 52.658500671386726 8.9109997749328631 0.48126256465911871 9.3759999275207537 1.0000000180025095e-35 86.500000000000014 4.6525001525878915 23.037702560424808 9.7034997940063494 7.0000000000000009 40.950769424438484 48.168771743774421 15.027999877929689 13.607500076293947 5.0695102214813241 97.500000000000014 4.6255209445953378 8.5000000000000018 14.127500057220461 324.13999938964849 -88.542453765869126 991.75000000000011 -0.31800055503845209 0.37940952181816107 4.5000000000000009 10.428999900817873 17.250000000000004 7.5039999485015878 78.500000000000014 62.500000000000007 14.928999900817873 9.0950002670288104 2.7009999752044682 15.650000095367433 74.500000000000014 0.37940952181816107 6.2052187919616708 0.90162119269371044 27.858308792114261 0.89787620306015026 66.471218109130874 0.1794179901480675 41.759174346923835 11.606500148773195 37.412500381469734 27.404000282287601 180.07835388183597
decision_type=8 2 2 2 8 8 10 8 2 10 10 8 2 8 8 10 2 2 2 8 10 2 10 10 2 8 10 8 10 2 8 8 8 10 2 8 10 10 10 10 2 2 2 2 8 2 10 8 8 2 10 10 10 10 2 2 2 8 8 8 8 10 8 8 2 8 8 2 8 2 10 2 10 8 10 8 2 8 10
left_child=9 6 14 4 -4 7 10 16 -5 46 29 24 75 21 15 -3 38 44 25 20 -11 22 -13 -21 -10 -14 -26 28 -20 45 32 -32 34 -34 35 36 37 -31 -6 -40 -16 76 66 -44 63 -2 -1 51 -33 50 -50 -37 -53 -30 -17 -46 57 58 -57 -59 61 62 -61 -12 -65 -66 67 -25 69 -69 -43 -72 -73 74 -48 -8 -19 -36 -79
right_child=1 2 3 8 5 -7 12 -9 11 19 17 13 18 -15 40 54 -18 41 27 23 -22 -23 -24 42 26 -27 -28 -29 53 30 31 48 33 -35 77 47 -38 -39 39 -41 -42 70 43 -45 55 -47 73 -49 49 -51 -52 52 -54 -55 -56 56 -58 59 -60 60 -62 -63 -64 64 65 -67 -68 68 -70 -71 71 72 -74 -75 -76 -77 -78 78 -80
leaf_value=-0.38028227294531314 -0.095342674976578667 2.1501072633838545 -0.0028933794370400688 2.3182464647098362 6.2154354788383968 1.068363719285766 0.97791677459476078 3.5833785926057145 -0.33333107962862379 2.1122171295051144 -0.17722001442455254 0.20634681785569314 1.3286131101948602 2.0265137626345338 -0.25916400464134365 0.83383391614656455 5.6110797033590423 0.59651881562217635 1.3180894180218379 -0.19627450877178465 -0.33040148880836878 -0.048425621764841567 1.991649711243177 -0.084924596276666153 1.4049717500954191 0.77558023300870504 -0.076247891914565116 1.1977470500582503 3.2950751693738161 0.18430708646546781 1.8267397419440921 -0.11940096583096363 2.0979235146589139 0.16331936726185772 -0.15862060499870198 0.14586257726975499 0.060049983037889873 3.2417982196448869 7.0347944534656612 8.1708070486766786 0.017694721701481134 0.27808877498612827 2.0456708419539655 -0.34621472698606309 0.17489787359027956 0.038984593425086457 1.4119610402971607 -0.050704311240581314 2.2000021234410148 -0.030477156523225732 0.15014937420086613 1.5258279034072784 0.064542123828784076 2.0970002980046458 -0.17895933838310529 3.0433223441632378 0.18712089052406164 1.3536451660798512 0.39650850639390156 1.6792949788552698 0.14030764558090594 0.34683781280191234 0.59769645595720178 0.06470530056147579 1.3373713915531746 0.24001966763945576 -0.13811552130078394 0.15577071315019472 0.058021867774000389 1.1862067990947569 0.37439353415188348 1.4427024177999959 0.64477676200985656 -0.28842734453792068 -0.29837482659280551 0.51119638514540644 1.2772856508374801 -0.063930038759258692 1.0599871374308369
leaf_weight=35342 19540 209 333 351 283 241 729 230 2989 209 1971 247 2748 311 5868 246 271 748 224 57236 265 642 235 17869 220 1553 319 362 217 360 306 530 203 358 6694 5631 1296 288 1117 346 6244 6936 250 495 20377 25276 202 6685 209 347 202 200 201 230 378 200 8963 206 393 201 2271 2605 862 6202 231 1166 29331 710 3508 397 3440 269 1189 39817 706 2447 406 666 235
leaf_count=35342 19540 209 333 351 283 241 729 230 2989 209 1971 247 2748 311 5868 246 271 748 224 57236 265 642 235 17869 220 1553 319 362 217 360 306 530 203 358 6694 5631 1296 288 1117 346 6244 6936 250 495 20377 25276 202 6685 209 347 202 200 201 230 378 200 8963 206 393 201 2271 2605 862 6202 231 1166 29331 710 3508 397 3440 269 1189 39817 706 2447 406 666 235
internal_value=0.000116651 0.255366 0.734492 2.00402 5.34263 6.0578 0.1813 6.59223 0.231007 -0.215567 0.12488 0.0829528 1.0289 0.781572 -0.0634077 0.707019 6.93338 0.244732 1.27304 -0.138922 0.748797 0.435614 1.0791 -0.142761 -0.201349 1.12915 0.529814 1.87049 2.23111 0.0233616 0.102202 0.61397 0.0664246 0.865851 0.0462357 0.128463 0.555938 1.54609 7.13529 7.30886 -0.116448 0.411183 -0.0844848 0.458098 0.197364 -0.0195836 -0.326671 0.0630774 0.324649 0.634881 1.19534 0.189164 0.795346 2.68467 0.22101 0.231914 0.305895 0.463838 1.29282 0.383643 0.349776 0.479392 0.803599 0.067105 0.130492 0.422298 -0.0922948 -0.0325168 0.170377 0.52605 0.369599 0.499102 0.792881 -0.280139 0.0832531 0.618599 0.836925 -0.112487 0.230062
internal_weight=343790 157453 21080 8135 2821 2488 136373 2247 5314 186337 127863 4963 8510 1435 12945 833 2017 58636 5334 110270 474 1124 482 109796 3528 4301 539 1033 671 69227 24411 1594 22817 561 22256 14661 1944 648 1746 1463 12112 12988 52560 745 45648 44816 76067 12717 1288 758 411 6032 401 447 624 36078 15701 6738 593 6145 5939 3668 1063 9570 7599 1397 51815 22484 4615 1107 11834 4898 1458 40725 908 3176 1154 7595 901
internal_count=343790 157453 21080 8135 2821 2488 136373 2247 5314 186337 127863 4963 8510 1435 12945 833 2017 58636 5334 110270 474 1124 482 109796 3528 4301 539 1033 671 69227 24411 1594 22817 561 22256 14661 1944 648 1746 1463 12112 12988 52560 745 45648 44816 76067 12717 1288 758 411 6032 401 447 624 36078 15701 6738 593 6145 5939 3668 1063 9570 7599 1397 51815 22484 4615 1107 11834 4898 1458 40725 908 3176 1154 7595 901
is_linear=0
shrinkage=0.06


Tree=11
num_leaves=80
num_cat=0
split_feature=94 96 205 97 97 100 97 100 166 97 204 46 96 194 35 84 85 94 70 96 207 80 94 207 96 198 97 43 209 79 114 193 207 80 196 203 103 207 193 76 197 157 196 56 76 98 126 94 56 194 82 89 94 140 92 208 54 96 207 91 193 84 207 209 85 181 203 96 97 207 206 194 72 28 97 205 146 28 208
split_gain=4.68291e+06 1.2769e+06 1.11245e+06 4.55973e+06 1.09358e+07 2.82315e+06 864241 943016 1.21842e+06 703741 929733 691978 533651 286809 267930 221086 213733 169900 179277 131057 117601 115308 108150 103796 90155.9 88575.7 82614.2 81540.7 72801.2 76988.2 69362.9 74722.5 66249.2 64242.5 61095.9 65246.2 60129 134650 415208 68416 107322 55341.7 54360 55743.4 80969.3 53370.9 90873.6 134082 52835.8 47927.6 50351.8 47828.7 46511.1 45142.6 42347.9 42022.3 39847.8 37999.5 37337.2 37007 35381.4 128535 35085.4 34153.1 33845.8 33314.1 31998.8 31488.6 30936.2 30787.4 30570.4 30365.4 29108.8 31174.1 27608.8 27297.4 34121.3 27215.2 26929.8
threshold=14.688240528106691 40.390100479125984 0.37940952181816107 36.21507644653321 48.168771743774421 13.300000190734865 63.294715881347663 23.94999980926514 33.500000000000007 40.950769424438484 17.000000000000004 13.302500247955324 9.7091674804687518 50.500000000000007 310.50178527832037 43.38750076293946 18.703500747680668 44.443561553955085 33.806501388549812 20.742754936218265 -0.90893998742103566 23.481999397277836 5.8276236057281503 -0.94423642754554737 17.880798339843754 8.6500000953674334 88.929145812988295 12.204999923706056 5.5000000000000009 0.74745464324951183 -298.06298828124994 19.050000190734867 0.96687895059585582 9.927500247955324 81.500000000000014 0.76037701964378368 49.149999618530281 0.5986820161342622 16.849999427795414 24.982212066650394 990.64999389648449 96.77500152587892 30.500000000000004 32.10542297363282 45.483896255493171 6.1039998531341562 -0.64977428317069996 24.459066390991214 66.803859710693374 78.500000000000014 2.7674999237060551 7.9060001373291025 32.556417465209968 10.480782508850099 14.885000228881838 -0.35846087336540217 29.772681236267093 18.711366653442386 0.9646572768688203 24.501000404357914 7.0499999523162851 4.5009999275207528 0.9837264120578767 4.5000000000000009 5.8274998664855966 43.000000000000007 -0.25037047266960138 24.248289108276371 4.6442852020263681 0.92273071408271801 1.0000000180025095e-35 67.500000000000014 17.628999710083011 259.05000305175787 1.76990282535553 -0.37940952181816096 26.849999427795414 141.14749908447268 0.98630350828170787
decision_type=10 10 2 2 2 10 2 10 10 2 2 10 10 8 8 8 8 10 10 8 2 2 8 2 10 10 2 10 2 8 8 10 2 2 8 10 8 2 8 8 8 10 8 10 10 2 10 10 10 8 10 8 10 10 8 2 10 8 2 8 8 10 2 2 10 2 8 10 2 2 2 8 8 10 2 2 10 10 2
left_child=9 2 16 13 5 11 7 8 -6 12 -11 -5 22 25 23 20 33 58 63 32 -3 57 74 -13 60 30 27 -22 29 -17 -4 -32 -15 71 35 48 -26 39 -39 40 -38 45 43 44 -34 51 47 -47 56 50 -41 -21 -23 -33 -25 -29 -30 -18 -8 -57 61 -14 77 -19 -63 -31 -36 -40 -62 -67 -71 -2 73 -61 -1 -70 -77 -28 -54
right_child=1 15 3 4 6 -7 17 -9 -10 10 -12 14 24 19 -16 28 21 18 -20 41 26 52 -24 54 36 -27 62 55 34 65 31 53 42 -35 66 -37 37 38 67 49 -42 -43 -44 -45 -46 46 -48 -49 -50 -51 -52 -53 78 -55 -56 59 -58 -59 -60 72 68 64 -64 -65 -66 69 -68 -69 75 70 -72 -73 -74 -75 -76 76 -78 -79 -80
leaf_value=-0.3642346617391875 -0.022178041402218827 1.9438850524981277 0.38497166034398161 2.8226933643221854 5.3776163219842381 -0.4466573677868933 -0.29416499991134887 -1.0323756272765412 -0.0799762693678195 4.4409661592310128 -0.24123241105138563 5.3438904488086694 1.6073399544451938 -0.016623301417694251 4.297445113835404 1.2306982249452927 0.004845904448124454 0.76861390977421995 2.1655555492196532 1.0599551577942565 1.6756608098663472 0.246941035050252 -0.22050907811553766 6.6004623039860153 -0.074347065266338469 0.26359583474911968 0.81151427848618241 0.088137512761468598 1.5034594665393886 1.0958914268548232 1.9863302740493971 0.68632004168694838 1.514703068864995 0.021833843632816763 1.4702697908126494 2.6991916335233741 1.7771900999339501 2.6622215443012256 -0.064427511677835031 0.89936097047667374 0.098396998997951776 0.0039387366224206966 0.0062516152233306208 0.26413914743817984 0.065829352405727709 2.1160729601479216 0.32193998390487577 0.39079074493807081 1.1319973289249212 -0.26629046246009108 0.030376706233313087 0.240998848216122 0.52621751208405099 1.3108803525448391 7.4424742757659601 0.16701299305476019 2.5032864357427109 0.15738581055383871 0.53470617333570358 0.76172642057553086 -0.12586388755554345 0.5948881373335333 -0.4502891805479603 -0.15251163946172022 -0.29280428421154547 -0.16107639710587193 0.49580298810384488 0.77910485798897944 -0.13083009386915712 0.17946612003561738 1.1607905407563635 -0.25390742108255171 0.6419328544165247 1.6918291067495941 -0.26258031957604983 -0.0077292970393402511 0.62760123285354141 -0.020135451877758791 -0.17996088966871929
leaf_weight=37893 3306 221 1463 223 380 278 3318 260 240 274 343 215 201 16605 205 2410 9678 226 221 262 272 11699 62452 1017 4021 2328 236 495 342 346 208 2172 373 28960 219 206 201 314 691 294 427 2492 1433 1181 221 297 1423 357 591 1702 1289 10941 3610 517 387 358 257 14977 207 276 60352 203 340 400 638 248 274 206 8249 230 227 5298 903 249 12909 14165 310 352 205
leaf_count=37893 3306 221 1463 223 380 278 3318 260 240 274 343 215 201 16605 205 2410 9678 226 221 262 272 11699 62452 1017 4021 2328 236 495 342 346 208 2172 373 28960 219 206 201 314 691 294 427 2492 1433 1181 221 297 1423 357 591 1702 1289 10941 3610 517 387 358 257 14977 207 276 60352 203 340 400 638 248 274 206 8249 230 227 5298 903 249 12909 14165 310 352 205
internal_value=3.34749e-05 0.272692 0.22383 0.445069 1.80038 5.22535 0.283477 1.9979 3.26827 -0.179825 1.84188 5.9955 -0.185874 0.202106 6.38165 0.961263 0.081947 -0.0619811 0.700556 0.134344 0.604539 0.178156 -0.273398 6.64274 -0.079587 0.562575 0.518973 0.695142 1.20794 1.04376 0.722117 0.892185 0.0316061 -0.0209362 1.50805 1.7111 0.0993197 0.235591 0.788194 0.0644126 0.637689 0.263395 0.281175 0.502999 0.976661 0.312078 0.591403 1.17632 1.53793 -0.0453424 0.192233 0.260244 0.306304 0.806844 6.83769 0.577536 1.93589 0.0975109 -0.245353 0.71305 -0.0990381 0.248263 0.0340931 0.180731 -0.0780817 0.614338 0.93078 0.129945 -0.103397 0.376783 0.668378 -0.164881 0.849729 1.20524 -0.33841 -0.0437253 0.00591951 0.314467 0.488234
internal_weight=343769 136635 127583 49850 7577 2325 5252 880 620 207134 617 2047 206517 42273 1824 9052 77733 4372 847 35585 3702 40169 113254 1619 93263 6688 3481 2553 5350 3461 4360 2897 19813 37564 1889 1396 9145 5124 1211 3913 628 15772 3208 1775 594 13280 2077 654 1190 3285 1583 11203 15514 2689 1404 2281 599 24655 3525 1786 84118 1042 928 626 841 1051 493 897 83076 705 457 8604 1428 525 50802 22724 14475 588 3815
internal_count=343769 136635 127583 49850 7577 2325 5252 880 620 207134 617 2047 206517 42273 1824 9052 77733 4372 847 35585 3702 40169 113254 1619 93263 6688 3481 2553 5350 3461 4360 2897 19813 37564 1889 1396 9145 5124 1211 3913 628 15772 3208 1775 594 13280 2077 654 1190 3285 1583 11203 15514 2689 1404 2281 599 24655 3525 1786 84118 1042 928 626 841 1051 493 897 83076 705 457 8604 1428 525 50802 22724 14475 588 3815
is_linear=0
shrinkage=0.06


Tree=12
num_leaves=80
num_cat=0
split_feature=95 205 99 114 36 99 93 95 94 85 209 95 95 202 82 200 80 150 209 76 95 85 80 95 91 59 99 193 38 76 162 204 209 86 139 54 155 85 201 99 95 209 208 193 165 208 9 203 88 193 12 7 80 80 95 146 198 85 59 100 83 198 95 94 76 82 22 95 18 80 122 176 193 101 208 88 183 173 26
split_gain=4.118e+06 1.05763e+06 1.79707e+06 1.68268e+06 2.6765e+06 2.70202e+06 1.90757e+06 819046 664626 729688 549305 517810 418841 399619 368063 306114 299185 297641 254278 343631 380303 248411 210924 194172 161033 144345 124784 456728 350607 103083 183865 756880 102188 147158 339734 296045 311714 100839 94646.2 101247 89579.2 83777.2 72390.2 99123.5 86393.2 67991.2 60083 59331.2 58719.2 56981.3 55106.6 77964.8 52533.1 52486.6 51799.1 51744.7 51741.4 55284.1 51469.3 45715 45212.8 43627.8 41364.2 40036.9 39785.8 39631.3 38611.5 33659.5 31831.1 31680.6 27712.2 34547.7 27492.4 55260 27121 26977.8 71629.3 26732.2 26309.4
threshold=14.924178600311281 0.93301269412040722 0.5849612057209016 352.88233947753912 267.28839111328131 0.91204342246055614 27.415249824523929 37.913728713989265 27.633520126342777 13.904999732971193 4.5000000000000009 9.184965133666994 43.944955825805671 0.99140709638595592 20.001000404357914 15.449999809265138 38.962499618530281 1.7001918554306032 7.5000000000000009 47.20930480957032 24.24803447723389 11.402499675750734 15.779999732971193 20.749359130859379 19.402500152587894 0.36105085909366613 0.72101914882659923 8.9499998092651385 -131.87499999999997 32.651695251464851 2.1132373809814458 10.500000000000002 10.500000000000002 9.5075001716613787 21.68650054931641 19.170675277709964 13.394999980926515 25.210000038146976 117.50000000000001 0.33317074179649359 5.975832700729371 5.5000000000000009 0.2332836911082268 16.94999980926514 5.4138731956481942 -0.031174269504845139 238.44999694824222 0.97625884413719188 8.9039998054504412 5.0499999523162851 320.14999389648443 285.62500000000006 18.901499748229984 23.026499748229984 26.083090782165531 15.84999990463257 0.94999998807907116 11.129000186920168 0.14926966279745105 129.69999694824222 30.699000358581547 8.8499999046325701 12.485429286956789 29.319250106811527 22.070900917053226 21.832500457763675 160.02749633789065 19.900753021240238 59.541500091552741 26.501500129699711 10.300537109375002 5.3750000000000009 25.44999980926514 83.700000762939467 -0.39036008715629572 10.386499881744387 60.75782775878907 1353.6199951171877 140.11650085449222
decision_type=10 2 2 8 8 2 10 10 10 8 2 8 10 8 10 8 2 2 2 8 10 10 2 10 8 10 2 8 10 10 2 2 2 8 8 10 2 10 8 2 10 2 2 10 2 2 10 10 8 8 8 8 2 2 10 10 8 8 10 8 8 8 8 8 10 10 8 10 10 2 8 2 10 8 2 8 10 2 8
left_child=11 7 12 53 5 6 8 22 13 -10 15 40 32 17 78 -7 47 21 19 20 -6 23 56 48 66 -22 62 28 -28 -29 31 -31 33 34 -3 -36 -37 67 39 63 -1 58 43 -41 -44 61 64 60 -5 -42 77 -52 -34 -4 -45 -19 -2 -58 -18 -56 -9 -21 -13 75 -43 -40 -12 -24 -55 -39 71 -32 -14 -74 -60 76 -35 -20 -8
right_child=1 2 3 4 18 10 14 16 9 -11 24 26 72 -15 -16 -17 41 55 50 45 25 -23 37 -25 -26 -27 27 29 -30 30 70 -33 52 38 35 36 -38 69 65 42 49 46 44 54 -46 -47 -48 -49 -50 -51 51 -53 -54 68 59 -57 57 -59 74 -61 -62 -63 -64 -65 -66 -67 -68 -69 -70 -71 -72 -73 73 -75 -76 -77 -78 -79 -80
leaf_value=-0.31805441624407971 0.78754323653381897 0.084719139916698355 -0.030085303305042537 6.2226009962293833 3.2641381791202808 4.0918324626456286 -0.8150885393364089 0.037001978735584834 0.52711711102624936 4.7903690478380989 -0.50588493078844887 -0.12131924014295843 1.014261682604032 2.3825990510995587 2.7622704411467702 1.0900138734121922 1.2022312424945345 5.6837343695554239 -0.20254791226328198 1.3899240171240597 -0.20461031521100606 3.0806670841211226 0.033903064626711235 3.7896233781171693 1.475506037202365 1.8889546881343278 0.14241035936445726 -0.1164155543100456 3.4832564192071671 4.063147304035355 -0.096561729794039444 -0.19430540203951394 -0.13353579465945026 1.2751260584988875 -0.25217192022458595 4.1599161997064948 1.3102888057350126 0.20284764120633234 0.01025596589367183 2.0252887440255831 0.63598473605426309 0.61499908812294235 0.062266823164419324 0.5142175919491988 1.3564598825553225 -0.26143193692125322 2.2283689477662931 1.1836555115552234 4.9410429531214186 -0.21309333546619996 0.042169973646837562 1.4740502032486635 0.18231766013827094 0.29086033495839614 0.6874412013567528 7.0443383604904701 -0.17056537243876363 -0.0012830757553170587 0.011123061311509221 1.8229415357841674 0.52377219767664251 0.1815033488759869 -0.037044731097764148 0.62765591415019339 1.4109543780339036 0.24757913539547904 0.41666024659551787 0.15326182164339974 1.0938579101839536 0.40078576398784377 -0.056244920110152315 0.9664326521120965 0.98579284089703978 2.3087602895409312 0.74522117141255872 0.15807648432378682 0.022993602100938846 0.36743620299480179 0.10958538507178742
leaf_weight=50563 264 1081 3174 377 381 203 209 1966 309 271 874 56355 1279 212 201 308 984 231 1610 204 267 286 15262 279 211 212 204 5008 253 222 203 461 4063 284 203 224 362 5671 7228 205 285 298 1324 1978 215 523 260 241 244 58064 377 214 3552 1082 293 260 10110 22181 202 228 1055 227 33391 807 967 3899 200 19214 212 5989 1624 239 268 200 1759 8510 389 362 234
leaf_count=50563 264 1081 3174 377 381 203 209 1966 309 271 874 56355 1279 212 201 308 984 231 1610 204 267 286 15262 279 211 212 204 5008 253 222 203 461 4063 284 203 224 362 5671 7228 205 285 298 1324 1978 215 523 260 241 244 58064 377 214 3552 1082 293 260 10110 22181 202 228 1055 227 33391 807 967 3899 200 19214 212 5989 1624 239 268 200 1759 8510 389 362 234
internal_value=-0.000688137 0.254757 0.473357 1.05803 1.51833 2.48005 3.549 0.127406 4.3073 2.5239 0.626296 -0.169571 0.253571 4.85325 0.639632 2.28818 0.716626 5.16397 0.439396 0.982777 1.85181 4.64022 0.0695026 5.13185 -0.0358424 0.723983 -0.0694775 0.154349 1.9955 0.0456348 0.340785 1.19344 0.2081 0.262435 0.77597 1.72174 2.4048 0.152018 0.224538 0.327021 -0.259597 1.03541 0.572551 0.759485 0.24383 0.198248 1.39665 0.279599 5.72781 -0.208935 0.0545771 0.562265 0.0137979 0.101247 0.654879 6.41707 -0.0474367 -0.0542874 0.847945 1.1869 0.20711 0.755364 -0.0899647 0.222692 1.22408 0.0934309 -0.333861 0.100426 0.423161 0.304542 0.058465 0.479109 1.15989 1.55488 0.669647 0.187039 0.55249 -0.0977827 -0.327514
internal_weight=343641 136769 50346 13754 9286 4909 3113 86423 2469 580 1796 206872 36592 1889 644 511 7732 1677 4377 1814 860 1186 78691 900 1285 479 97960 8214 457 7757 2749 683 34845 27230 1870 789 586 46136 25360 14233 108912 4470 4243 2704 1539 954 1525 3262 621 58349 2563 591 7615 4468 2499 491 32555 32291 2945 521 3021 431 89746 9990 1265 11127 1074 34476 1294 11660 2066 442 1747 468 1961 9183 673 1972 443
internal_count=343641 136769 50346 13754 9286 4909 3113 86423 2469 580 1796 206872 36592 1889 644 511 7732 1677 4377 1814 860 1186 78691 900 1285 479 97960 8214 457 7757 2749 683 34845 27230 1870 789 586 46136 25360 14233 108912 4470 4243 2704 1539 954 1525 3262 621 58349 2563 591 7615 4468 2499 491 32555 32291 2945 521 3021 431 89746 9990 1265 11127 1074 34476 1294 11660 2066 442 1747 468 1961 9183 673 1972 443
is_linear=0
shrinkage=0.06


Tree=13
num_leaves=80
num_cat=0
split_feature=96 97 205 97 100 94 97 94 112 207 95 96 94 99 193 125 36 96 194 193 99 185 96 141 94 74 11 207 97 97 160 92 123 205 90 209 103 74 194 94 81 201 36 47 66 81 194 205 163 57 207 95 90 205 94 110 20 92 5 207 193 123 94 76 44 95 207 93 16 104 205 94 94 201 77 94 94 206 201
split_gain=3.67449e+06 1.09308e+06 4.24199e+06 9.99984e+06 1.67195e+06 1.29806e+06 950770 945816 723522 876683 371029 327694 272088 256688 201759 185984 450688 146941 139106 118820 175300 116220 91988.2 106466 74365.8 70488.9 62643.9 62620.3 58756 265958 58287.1 57372.3 53880.7 52100.5 106361 268456 541214 110692 53524.4 51325.2 47817 45524.6 77038 43939.2 42733 39462.8 38835.5 61542.3 34814.7 34112.1 109124 34083.8 34863.4 79249 223910 368993 553871 37355.1 52808.8 33705.8 32766.8 32106.8 31406.6 30497.5 29700.7 124486 29356.6 28578.2 28092.5 27809.3 29011.9 27486.8 26791.1 26279.6 26215 25979.5 24279.8 24256.1 24139.9
threshold=13.936894416809084 36.21507644653321 0.93301269412040722 48.168771743774421 22.650000572204593 42.197711944580085 63.294715881347663 32.556417465209968 -1314.752502441406 0.27694219350814825 25.509792327880863 8.06439256668091 42.197711944580085 0.82751867175102245 14.150000095367433 0.33169119060039526 204.98958587646487 17.880798339843754 32.500000000000007 5.0499999523162851 0.30372016131877905 153.70687103271487 46.914346694946296 7.3819017410278329 10.776729106903078 32.660623550415046 69.009998321533217 -0.32614396512508387 42.884325027465827 48.168771743774421 28.500000000000004 21.503999710083011 40.75843811035157 0.93301269412040722 12.002500057220461 3.5000000000000004 124.27350234985353 20.138187408447269 50.500000000000007 4.5551645755767831 9.927500247955324 52.500000000000007 171.22954559326175 31.702500343322757 104.97399902343751 15.779999732971193 62.500000000000007 0.37940952181816107 32.915000915527351 0.1794179901480675 0.96234640479087841 9.184965133666994 8.9014997482299822 0.93301269412040722 10.642074108123781 857.75000000000011 204.51999664306643 31.758500099182132 151.05000305175784 0.999393790960312 35.049999237060554 3.8794074058532719 22.458884239196781 59.749738693237312 10.5314998626709 15.670791149139406 0.97112539410591137 27.817334175109867 29.052990913391117 4.461956501007081 0.12940952181816109 9.623660087585451 18.428458213806156 97.500000000000014 90.812438964843764 15.452107906341555 25.949479103088382 0.91597560048103344 157.50000000000003
decision_type=8 2 2 2 10 10 2 10 10 2 10 10 10 2 8 10 8 10 8 8 2 10 8 8 10 10 10 2 2 2 10 8 10 2 8 2 8 8 8 8 2 8 8 8 8 2 8 2 10 8 2 10 10 2 8 8 8 8 8 2 10 8 10 8 10 10 2 10 10 10 2 8 10 8 8 8 10 2 10
left_child=11 5 18 4 7 10 8 13 9 -5 17 39 66 25 -15 16 -14 51 21 20 -13 -3 77 -24 -21 43 -18 -25 46 -30 33 73 -29 45 35 36 -35 -37 59 -1 -20 42 -33 -4 72 -19 47 -26 -31 50 -41 -2 53 -53 55 -55 -57 -56 -59 -36 -23 78 -27 67 65 -40 -8 -43 -42 70 -70 -66 -39 76 -75 -54 -12 -7 -49
right_child=1 2 3 6 -6 22 12 -9 -10 -11 31 19 15 14 -16 -17 26 30 40 24 -22 60 23 27 28 62 -28 32 29 48 -32 41 -34 34 38 37 -38 44 64 49 68 63 -44 -45 -46 -47 -48 61 -50 -51 -52 52 75 54 57 56 -58 58 -60 -61 -62 -63 -64 -65 71 -67 -68 -69 69 -71 -72 -73 -74 74 -76 -77 -78 -79 -80
leaf_value=-0.32544315298771559 -0.26872674001217811 1.7634846747357134 4.9727711294202379 1.6042536517412946 -0.054530469647185366 0.5833392613137417 -0.30658437429666241 1.5973487304959977 -0.70349955416028043 6.5807961896587823 0.15246304862693885 -0.23067409579310258 3.3069176348276876 5.8924767784371754 3.2844487407842577 -0.013612040840243258 1.0785774167373028 0.0082573044366249151 -0.22690783501607664 -0.15985870853445644 2.1819783771571823 -0.12762124494407634 2.4340464868280107 1.8375225252943768 -0.038444124901560447 6.2629632052915021 -0.19485903694084636 1.0764752937355717 1.8056058465113487 0.23532299847796456 -0.034862870998479345 1.549018909155305 0.073268462975048326 0.15817166159435042 0.37749101540233732 1.5024195327288632 3.4562794153501808 -0.37674042117205403 1.7441065692955864 -0.22957363477759105 0.56957256118231747 0.28092516746161539 0.51073269679824329 6.0856275394984651 0.78419553938274555 0.1583221484824395 -0.10406169099813858 1.2189767477432734 -0.62435832132972835 -0.23544995086670906 1.2990685073733328 -0.023436950609353868 -0.076540190006467251 -0.31334852588929207 -0.0079103707852013136 4.6922637691737998 0.23125450168082964 0.12891654153829918 1.104939160259633 1.1852726451311171 0.79843380965091082 0.18345163364416983 7.2342395511426423 0.066449427353316229 -0.48000811239877311 0.18552306475103078 0.43743107348753901 0.4745504331711608 -0.1268634637574623 0.49061298889411581 0.2070311952921218 0.11104600092084979 0.18301145338266753 0.13806910592011051 -0.55594265689464606 0.023452595679153674 0.45609788145822344 1.1221361244340307 0.35687913775878177
leaf_weight=32428 1744 253 202 342 219 1695 3242 209 206 203 1723 235 271 210 228 725 238 9491 6058 55022 200 361 227 372 13329 372 332 3260 325 288 6402 287 205 419 2038 202 312 692 205 712 307 5314 2441 657 216 18814 34385 210 410 49551 219 7967 19159 300 2688 200 200 641 289 204 221 1739 303 1234 290 1770 202 5689 4209 361 1204 10673 553 4444 204 18276 2111 367 265
leaf_count=32428 1744 253 202 342 219 1695 3242 209 206 203 1723 235 271 210 228 725 238 9491 6058 55022 200 361 227 372 13329 372 332 3260 325 288 6402 287 205 419 2038 202 312 692 205 712 307 5314 2441 657 216 18814 34385 210 410 49551 219 7967 19159 300 2688 200 200 641 289 204 221 1739 303 1234 290 1770 202 5689 4209 361 1204 10673 553 4444 204 18276 2111 367 265
internal_value=7.31064e-05 0.217249 0.618126 1.6898 4.94294 0.153693 0.333938 5.44455 2.32329 3.46656 0.112602 -0.177108 0.0353296 5.85127 4.54545 0.690805 1.29736 0.0638824 -0.0560654 -0.107426 0.881052 0.692558 1.00671 1.17241 -0.111492 6.22092 0.337814 1.09715 -0.0592589 0.390649 0.134728 0.328155 1.01716 0.158393 0.239537 0.611155 1.56864 0.189585 0.180894 -0.266535 -0.107613 0.398817 0.620493 5.83002 0.00716667 0.108006 -0.068485 0.0102213 -0.269818 -0.228689 0.131018 -0.0080891 0.00105836 0.0887587 0.295725 1.27719 2.4679 0.105534 0.433079 0.451487 0.224791 0.303088 6.70901 0.349352 0.133972 0.348101 -0.262832 0.381071 0.0112476 -0.0185317 -0.0525716 0.0953687 -0.128164 0.203451 0.107496 -0.0277238 0.31972 0.679733 0.739777
internal_weight=343771 154453 21135 8161 2400 133318 5761 2181 751 545 127192 189318 5010 1972 438 1566 841 103745 12974 106408 435 835 6126 4064 105973 1534 570 3837 50951 1023 52281 23447 3465 45879 17574 2394 731 1663 15180 82910 12139 14965 2728 859 1461 28305 49928 15543 698 50482 931 51464 49720 12285 4318 700 400 3618 930 2242 582 2214 675 12237 12938 1975 3444 11003 6081 5774 5413 10963 1245 8482 4648 37435 3834 2062 475
internal_count=343771 154453 21135 8161 2400 133318 5761 2181 751 545 127192 189318 5010 1972 438 1566 841 103745 12974 106408 435 835 6126 4064 105973 1534 570 3837 50951 1023 52281 23447 3465 45879 17574 2394 731 1663 15180 82910 12139 14965 2728 859 1461 28305 49928 15543 698 50482 931 51464 49720 12285 4318 700 400 3618 930 2242 582 2214 675 12237 12938 1975 3444 11003 6081 5774 5413 10963 1245 8482 4648 37435 3834 2062 475
is_linear=0
shrinkage=0.06


Tree=14
num_leaves=80
num_cat=0
split_feature=96 97 205 97 100 94 93 97 132 9 96 96 94 94 35 96 194 200 95 141 193 85 54 166 92 97 81 81 207 85 194 85 85 207 56 166 97 205 91 146 180 194 194 201 31 104 94 16 207 35 16 160 201 197 34 76 96 97 194 199 36 92 112 193 191 209 27 166 91 194 56 70 36 194 85 99 118 25 105
split_gain=3.21406e+06 1.04833e+06 3.73713e+06 8.94817e+06 1.45603e+06 1.19218e+06 854853 757173 638699 719837 294075 246752 240239 217593 190498 171735 123149 111911 89000.6 82102 76690.3 165609 75529.7 111852 68934.9 88367.2 55857.9 55212.8 51318.5 50260 60949.8 49630.2 48359.1 50267.4 40497 40080 42081.9 47622 96943.8 213186 48188 39654 36411.5 35124.5 52377.4 109522 31829.8 31347.3 31145.8 31133.6 96164.1 30958.3 38697 29722.7 69608.2 28887.9 28556.6 30965.7 131392 28384.5 28338.9 27950.4 27881.9 27582.5 36309.6 27239.1 47871.8 75497.5 40600.7 89523.5 25519.8 29531.2 25961.8 25379.8 23592.9 23453.5 38634.1 23185.9 25314.2
threshold=13.335365295410158 36.21507644653321 0.93301269412040722 48.168771743774421 22.650000572204593 36.957334518432624 28.269000053405765 63.294715881347663 -73.857776641845689 30.755000114440922 19.245353698730472 7.4810249805450448 25.663520812988285 42.197711944580085 121.29818725585939 43.21882629394532 32.500000000000007 14.34999990463257 28.483522415161136 5.9231507778167733 5.0499999523162851 6.7260000705719003 60.971124649047859 36.500000000000007 14.885000228881838 42.884325027465827 13.828999996185305 18.101500511169437 0.9470459818840028 27.202500343322757 96.500000000000014 11.502500057220461 52.850000381469734 -0.32614396512508387 60.846452713012702 79.500000000000014 24.971164703369144 0.37940952181816107 9.681000232696535 20.94999980926514 0.59805998206138622 50.500000000000007 66.500000000000014 92.500000000000014 132.0350036621094 29.585416793823246 4.2543771266937265 27.914626121521 0.97112539410591137 238.76918029785159 117.33075332641603 21.500000000000004 137.50000000000003 983.54998779296886 110.43746185302736 61.074563980102546 9.9847736358642596 42.884325027465827 86.500000000000014 99.500000000000014 403.36105346679693 12.308000087738039 90.149997711181655 32.049999237060554 7.2370414733886728 10.500000000000002 260.02999877929693 152.50000000000003 8.6524996757507342 86.500000000000014 90.073581695556655 10.401000022888185 251.23167419433597 20.500000000000004 12.405999660491945 0.87895214557647716 20.849999427795414 205.03749847412112 14.771258831024172
decision_type=8 2 2 2 10 10 8 2 10 10 10 10 10 10 8 8 8 10 8 8 8 10 10 10 8 2 2 2 2 8 10 10 10 2 10 10 2 2 8 10 10 8 10 8 8 8 8 10 2 8 10 8 8 10 8 8 10 2 10 10 8 8 10 10 10 2 10 10 10 10 10 10 8 8 8 2 10 8 10
left_child=11 5 16 4 6 10 12 8 9 -5 29 46 24 48 -15 60 17 -3 27 -17 21 -13 42 -24 25 -4 56 35 -19 51 53 -18 63 -34 -35 36 37 75 39 40 -39 -40 -16 44 45 -20 -1 -33 -9 50 -43 52 65 -31 -55 -45 -22 -58 -59 -27 73 -44 -49 64 -21 66 -2 68 69 -68 72 -72 77 -7 -38 -12 -77 -46 -79
right_child=1 2 3 7 -6 15 -8 13 -10 -11 18 20 -14 14 22 19 31 28 43 32 26 -23 23 -25 -26 59 -28 -29 -30 30 -32 47 33 34 -36 -37 74 38 41 -41 -42 49 61 55 70 -47 -48 62 -50 -51 -52 -53 -54 54 -56 -57 57 58 -60 -61 -62 -63 -64 -65 -66 -67 67 -69 -70 -71 71 -73 -74 -75 -76 76 -78 78 -80
leaf_value=-0.31108888063553625 0.058723049850190036 1.8319758527888725 4.6025661515786096 5.7477510070867597 -0.012634525275537491 0.10367137543510738 1.3648171292179323 -0.26831005595836932 -0.8411892103735763 1.365690285205841 0.021491163472020923 1.9414192710956242 3.8704985992670058 2.1677170187254724 0.53611951470815011 2.1261593855501255 -0.1929047747998536 0.92044727706042417 0.41516325113540087 1.5062832189577184 -0.17666659706450796 -0.30513056313388653 1.9595987359434364 0.01951215928289252 6.4262107676510354 5.1754391461749414 -0.027073051646714433 0.20252375304743925 -0.17743712019156382 0.021655351492617735 1.1262235376923198 0.73092515982338724 1.8047846013037385 1.1214235559735388 0.25248597477733248 -0.10349345191752467 -0.67073837846039441 -0.30003334814080396 0.5110519049491129 2.5503278026028591 0.78554073185109607 0.10592311158118903 -0.64149681104203826 0.29223347936109251 0.34659986045262897 2.0281841359240729 -0.22937944357417328 -0.01464159357648686 0.48717374081816966 -0.071211314601979769 1.2655086234058301 -0.10893522236301434 -0.037560118494906439 1.1126600103657873 0.16751752298429509 -0.11345434857020753 -0.11425231358322263 -0.32322720175342901 1.5515487572507161 6.0246831038487354 0.12138986936788321 0.19934937020408289 0.66354947919787266 0.2115144181481167 0.7196964182390132 -0.053205913587459699 0.16666883510667904 1.3036569320697768 0.070766132181423705 1.6092651751869032 1.2958683688649153 0.30146688638775831 0.20728555792370332 0.63551553458992371 0.087350335216947961 -0.035669188365340235 1.0794065694903652 1.4011859394774062 0.44565473038758802
leaf_weight=28468 15537 214 324 222 221 362 202 3295 201 344 8492 202 299 243 325 240 7486 250 458 253 42877 282 215 212 441 257 18593 29416 393 4944 220 234 363 2243 212 3756 373 265 1011 203 329 2236 311 6622 652 226 43281 4265 208 2147 290 9831 30878 306 3261 698 45475 391 204 696 570 261 229 291 1297 5464 513 259 1741 221 221 210 2252 3032 244 249 202 201 200
leaf_count=28468 15537 214 324 222 221 362 202 3295 201 344 8492 202 299 243 325 240 7486 250 458 253 42877 282 215 212 441 257 18593 29416 393 4944 220 234 363 2243 212 3756 373 265 1011 203 329 2236 311 6622 652 226 43281 4265 208 2147 290 9831 30878 306 3261 698 45475 391 204 696 570 261 229 291 1297 5464 513 259 1741 221 221 210 2252 3032 244 249 202 201 200
internal_value=-0.000229547 0.191557 0.583746 1.58127 4.63174 0.133001 5.0941 0.305528 2.06119 3.09155 0.0884636 -0.175551 5.46672 0.0395739 0.627047 0.806926 -0.0479925 0.646849 0.185805 1.04452 -0.118261 0.634549 0.342858 0.998667 5.74211 5.50102 -0.121655 0.150388 0.25019 0.0073789 0.142466 -0.0967954 0.988352 1.1448 1.04652 0.0729149 0.114225 0.133669 0.257501 0.8768 0.301545 0.170525 0.0299081 0.334245 0.467815 0.950303 -0.261803 0.0553865 -0.223325 0.0967589 0.239499 -0.0109248 0.00671988 0.116907 0.248887 0.253539 -0.141425 -0.108623 0.321078 5.80133 0.513106 -0.258146 0.0200568 0.748384 0.848976 0.064325 0.099474 0.330951 0.228675 0.602619 0.379249 0.813177 0.322432 0.578837 -0.371287 0.0439095 0.465049 0.56826 0.926906
internal_weight=344112 164339 21348 8277 2440 142991 2219 5837 767 566 134128 179773 2017 5070 1567 8863 13071 857 60953 4899 108024 484 1324 427 1718 1277 107540 49213 643 73175 8731 12214 4659 2818 2455 19797 16041 15424 6481 797 594 5684 897 11740 4420 684 71749 4728 3503 4673 2526 64444 54613 8511 3567 7320 88947 46070 595 953 3964 572 4494 1841 1550 23735 18271 2734 2475 734 3736 431 3305 3394 617 8943 451 1053 401
internal_count=344112 164339 21348 8277 2440 142991 2219 5837 767 566 134128 179773 2017 5070 1567 8863 13071 857 60953 4899 108024 484 1324 427 1718 1277 107540 49213 643 73175 8731 12214 4659 2818 2455 19797 16041 15424 6481 797 594 5684 897 11740 4420 684 71749 4728 3503 4673 2526 64444 54613 8511 3567 7320 88947 46070 595 953 3964 572 4494 1841 1550 23735 18271 2734 2475 734 3736 431 3305 3394 617 8943 451 1053 401
is_linear=0
shrinkage=0.06


Tree=15
num_leaves=80
num_cat=0
split_feature=94 94 205 99 99 36 100 93 199 94 85 39 94 87 209 45 193 82 194 86 26 94 99 28 181 93 23 4 35 10 9 207 72 99 193 20 75 16 80 85 94 114 87 147 79 39 91 85 29 49 207 198 207 193 73 91 45 35 52 36 206 207 207 207 76 193 199 99 147 93 193 99 92 90 205 208 199 94 115
split_gain=2.83517e+06 755968 651984 1.34171e+06 1.2959e+06 1.30912e+06 2.40542e+06 1.42935e+06 526516 544654 423187 386266 335523 299441 241762 326487 221402 215707 184233 147412 134693 114264 109543 101459 86570.2 81595.4 81173.1 79496.4 72682.8 84441.8 71686.5 70099.3 69626.6 68945.7 167768 174589 71875.1 80558.2 64151.1 61426.7 59977.7 58139.5 57946.6 51905.5 49317.8 76955.2 80567.3 48199.2 47082.9 43927 48927.3 43560.2 43470.5 83615.2 148871 42740 40514 52250 39059.2 42876.8 48981.6 38404.2 37857.3 47269 137682 37316.3 34584.4 32206.7 31212.8 31141.7 31087.3 30455.1 28026.4 27464 27291.3 38633.4 28875 27108.1 25801.9
threshold=14.688240528106691 42.197711944580085 0.37940952181816107 0.60014364123344432 0.91204342246055614 261.05882263183599 1.0000000180025095e-35 32.941583633422859 19.500000000000004 27.989417076110843 11.502500057220461 0.46238921582698828 8.5371303558349627 10.403499603271486 2.5000000000000004 48.987501144409187 8.6500000953674334 45.241500854492195 51.500000000000007 17.803999900817875 70.341499328613295 26.544060707092289 1.04492723941803 81.099998474121108 7.0000000000000009 62.169025421142585 478.06250000000006 43.969999313354499 243.2447204589844 106.24750137329103 16.029999732971195 0.9996619224548341 0.85350000858306896 0.74050867557525646 9.4499998092651385 248.11100006103518 30.149911880493168 32.181882858276374 18.755999565124515 26.133500099182132 4.1683957576751718 175.01625061035159 9.8415002822875994 -0.71322327852249134 1.0574485659599306 0.49492545425891882 7.3185000419616708 12.405999660491945 328.12500000000006 30.604000091552738 0.90162119269371044 8.6500000953674334 0.89017060399055492 16.050000190734867 58.506250381469734 14.828999996185305 68.312500000000014 269.48765563964849 23.821499824523929 128.78221130371097 1.0000000180025095e-35 0.87811094522476207 0.97112539410591137 -0.87395131587982167 57.534769058227546 16.849999427795414 321.50000000000006 0.50591489672660839 -0.41467745602130884 27.415249824523929 5.0499999523162851 0.94932973384857189 15.812500000000002 10.806000232696535 0.93301269412040722 0.14037931710481646 238.50000000000003 23.784187316894535 0.45466084778308874
decision_type=8 10 2 2 2 8 10 10 10 8 10 8 10 8 2 10 8 10 8 8 8 10 2 8 2 10 8 10 10 8 10 2 10 2 8 8 10 8 2 10 10 10 10 10 8 8 10 8 10 8 2 10 2 8 8 8 10 8 10 10 2 2 2 2 10 8 10 2 10 10 8 2 8 8 2 2 10 8 10
left_child=12 2 19 18 5 6 7 8 -5 11 -11 20 40 -13 15 -7 -6 22 31 47 -10 -17 23 -3 25 -19 41 -22 29 -29 43 51 42 52 35 -35 -36 -38 62 72 -1 55 -16 -25 73 46 -46 -2 -43 50 -8 69 -14 54 -54 -26 67 -58 59 -39 -61 -34 63 64 -20 -64 -24 -32 -9 -4 -42 -57 -21 -18 -55 76 -76 -40 -75
right_child=1 17 3 4 16 14 49 68 9 10 -12 13 33 -15 32 21 44 24 38 39 27 -23 66 30 26 -27 -28 28 -30 -31 56 -33 61 34 36 -37 37 58 77 -41 70 48 -44 -45 45 -47 -48 -49 -50 -51 -52 -53 53 74 -56 71 57 -59 -60 60 -62 -63 65 -65 -66 -67 -68 -69 -70 -71 -72 -73 -74 78 75 -77 -78 -79 -80
leaf_value=-0.28925088342122079 -0.13018097463930078 1.7726477854662102 0.43092780500222488 0.62807344729089976 1.5950840182015389 3.4350592877518604 0.021815591895273913 0.43696122219472527 3.5848061997389671 0.38616004624039274 4.0476292668883476 4.2984379614231196 -0.099178684106129761 1.1391563570201395 1.5288390167256654 1.7221294753784591 -0.39556405825866325 1.0540463499551596 0.049003132271755338 0.012663049650702994 5.9855486661454904 -0.097992735474540529 -0.14496557090500867 0.50679555776303109 0.13552675954131194 2.6091065878539843 0.24232802162485179 3.7181238069221241 5.7400038230582462 5.1438726428285717 0.65847170732744775 1.3382355716015444 -0.15059149040850331 2.5187481082522347 -0.11993955922347796 0.085348252074359213 1.4292273378678657 -0.0486835616200893 0.12012164843682635 0.27161095302857924 0.37070780192784625 1.0385163050703703 0.25446363510428821 1.7393425905482687 1.657321143191762 -0.33585214559583654 0.18427662329545599 0.018955026983281935 2.2527601978308716 -0.086746926941321328 1.0694757989414978 0.19295667178065648 0.078525913102802242 -0.07620099557973771 1.6270625456374186 0.89565266680002253 1.4634978867990189 0.42857697431732938 0.0078285241483527918 0.26150993487699564 1.3550948709071495 0.43072185436866789 0.81513871093179491 -0.071488014245536052 1.2984849844187689 0.14638159627537298 0.65084925606300859 0.033643511666739533 -0.56959804442597595 0.81919046816810004 -0.19143305543083247 1.6567831301689149 0.13589761214941892 0.60067144016521734 -0.0011844016321911214 -0.14735770981729629 0.33541474400212135 0.28103076906540264 -0.14857254156859109
leaf_weight=30157 11258 242 2454 202 296 203 320 201 290 262 200 214 75752 219 216 201 1645 300 2746 9584 275 322 1287 234 257 206 653 326 218 309 392 319 1525 206 4011 218 202 331 8080 9602 355 257 316 261 204 464 385 25404 212 1015 321 1908 815 13306 307 3744 231 729 1604 298 292 558 349 11045 358 2124 231 1216 245 1070 72888 200 21655 204 1601 1785 2148 7068 857
leaf_count=30157 11258 242 2454 202 296 203 320 201 290 262 200 214 75752 219 216 201 1645 300 2746 9584 275 322 1287 234 257 206 653 326 218 309 392 319 1525 206 4011 218 202 331 8080 9602 355 257 316 261 204 464 385 25404 212 1015 321 1908 815 13306 307 3744 231 729 1604 298 292 558 349 11045 358 2124 231 1216 245 1070 72888 200 21655 204 1601 1785 2148 7068 857
internal_value=-0.000966256 0.209876 0.169162 0.339184 0.891031 1.33583 1.99036 3.01426 3.56919 3.82567 1.97653 4.28588 -0.141703 2.70686 0.430989 1.39886 0.0180015 0.695369 0.162482 0.0604936 4.76581 0.60347 0.398415 0.592158 0.940962 1.69103 0.869357 5.06599 4.76287 4.41891 0.498342 0.474943 0.161848 -0.0649854 0.114567 1.27076 0.041634 0.279241 0.105907 0.138893 -0.218031 0.956963 0.773777 1.15888 -0.106576 0.241661 0.69641 -0.0268433 1.59101 0.158865 0.547312 0.424008 -0.0784219 0.000347331 0.503306 0.885816 0.370617 0.678869 0.186713 0.497908 0.804119 0.00526435 0.0245125 -0.013349 0.193484 0.241051 -0.0235146 0.186279 -0.116007 0.549016 -0.188703 0.93466 0.0980914 -0.242126 -0.0296311 0.0823357 0.191709 0.195215 -0.00408436
internal_weight=343965 137689 127037 49534 12013 7958 4617 2961 2515 2313 462 1851 206276 433 3341 726 4055 10652 37521 77503 1418 523 4823 3305 5829 506 5323 1128 853 635 3063 5751 2615 102876 7162 424 6738 2727 31770 40841 103400 4670 532 495 3759 1053 589 36662 469 1656 641 5432 95714 19962 1122 4201 2568 960 2525 921 590 2083 16622 14149 3104 2473 1518 1608 446 3524 73243 3944 31239 2706 18840 5534 3749 15148 1061
internal_count=343965 137689 127037 49534 12013 7958 4617 2961 2515 2313 462 1851 206276 433 3341 726 4055 10652 37521 77503 1418 523 4823 3305 5829 506 5323 1128 853 635 3063 5751 2615 102876 7162 424 6738 2727 31770 40841 103400 4670 532 495 3759 1053 589 36662 469 1656 641 5432 95714 19962 1122 4201 2568 960 2525 921 590 2083 16622 14149 3104 2473 1518 1608 446 3524 73243 3944 31239 2706 18840 5534 3749 15148 1061
is_linear=0
shrinkage=0.06


Tree=16
num_leaves=80
num_cat=0
split_feature=96 95 97 97 204 100 36 96 95 97 194 86 82 200 207 115 36 100 142 37 191 96 202 81 81 207 16 114 123 208 99 207 50 163 160 76 201 81 197 197 196 91 193 99 209 202 16 84 61 161 194 124 95 94 18 97 94 10 207 11 82 194 52 201 208 188 77 194 163 96 193 92 94 194 194 204 158 207 197
split_gain=2.62617e+06 710321 698576 3.00056e+06 6.86039e+06 1.33439e+06 1.00414e+06 311815 243693 235334 527276 219509 145887 126227 111874 108875 104473 477525 117612 92747 122059 81134 65711.2 64515.3 57931.9 57110.7 74764.2 69797.3 74386.5 54619.8 54115.8 49426.3 49267.2 106123 48879.8 46117.6 42538.7 41378.2 39702 39526.8 38737.4 38001.3 231945 37665.7 36902.8 36495.9 36118.3 36098.4 46100.9 35566 32790.8 35564.3 31354.5 47616.3 110881 28756.5 51325.8 28612.7 26660.3 37288.8 25966.2 35181.8 25717.3 25667.4 34249.9 29747.7 27993.8 25178.2 34286.6 24739.7 30961.4 85266.5 24621 23765.6 22151.1 39669.5 25910 22597.8 31107.5
threshold=14.902025222778322 43.944955825805671 36.21507644653321 54.202339172363288 8.0000000000000018 197.19999694824222 382.81842041015631 9.2945833206176776 25.79141998291016 42.884325027465827 91.500000000000014 3.9025000333786015 11.079999923706056 21.849999427795414 0.64579916000366222 1.0356022119522097 160.30117034912112 22.650000572204593 0.63881203532218944 24.689346313476566 46.802999496459968 17.880798339843754 0.84335932135581981 30.012999534606937 5.7775001525878915 -0.091260667890310274 105.84000778198244 110.72814941406251 20.049107551574711 0.274878740310669 0.24544165283441546 0.97112539410591137 52.729000091552741 3.6950000524520878 29.500000000000004 46.617485046386726 62.500000000000007 14.407499790191652 991.75000000000011 979.14999389648449 26.500000000000004 8.8775000572204608 16.150000572204593 0.21881825476884845 8.5000000000000018 -0.46173103153705591 49.917840957641609 19.527500152587894 70.049999237060561 16.195000648498539 55.500000000000007 1.1838058233261111 16.173789978027347 9.991244316101076 -24.996000289916989 97.217563629150405 32.556417465209968 271.08149719238287 0.9837264120578767 75.049999237060561 inf 69.500000000000014 14.277499675750734 77.500000000000014 -0.23537842929363248 1.4460163712501528 115.90660476684572 70.500000000000014 1.1599999666213991 13.160812854766847 8.9499998092651385 9.3274998664855975 50.659521102905281 75.500000000000014 54.500000000000007 10.500000000000002 19.500000000000004 0.96687895059585582 983.45001220703136
decision_type=8 10 2 2 2 8 8 10 10 2 10 10 8 8 2 10 8 10 2 10 8 10 10 2 2 2 10 10 10 2 2 2 8 10 10 8 8 2 10 10 10 8 8 2 2 10 10 8 10 2 10 10 10 10 8 2 10 8 2 8 8 10 8 8 2 8 8 10 10 10 8 10 10 10 8 2 2 2 8
left_child=7 2 8 4 5 -4 11 24 21 37 22 -7 31 16 15 32 17 -3 58 20 -14 52 -11 62 -1 27 39 -20 -29 -16 -15 55 33 -13 35 41 50 69 -30 -27 -28 42 -23 -38 -34 -32 -44 -21 -49 -48 51 -25 -2 54 -54 56 -5 -52 59 -18 -55 -62 -10 64 65 -64 -65 68 -6 74 71 -71 -41 -61 75 76 -9 -76 -79
right_child=1 13 3 12 67 6 -8 9 23 10 -12 14 19 30 29 -17 18 -19 25 47 -22 34 -24 36 -26 26 40 28 38 -31 45 -33 44 -35 -36 -37 43 -39 -40 72 -42 -43 46 -45 -46 -47 49 48 -50 -51 57 -53 53 60 -56 -57 -58 -59 -60 73 61 -63 63 66 -66 -67 -68 -69 -70 70 -72 -73 -74 -75 77 -77 -78 78 -80
leaf_value=-0.24777181343380766 -0.055075797916960371 3.8897703427807855 -0.1222720960454326 -0.18550655163193985 0.81471054661624165 3.1196409388641255 0.61924843741757829 0.14908892361954451 -0.12535746684875695 -0.23048201631991741 2.6664998863438489 5.4453806548422952 0.09267134590074419 0.73970223246624101 6.6164541865096371 3.42584960425078 0.96072553729528898 0.64536835641296819 0.39484634958299969 -0.017074007867782709 2.1239765324596971 1.8053994590318516 0.89516121620727962 0.68248774717665939 -0.15854194419557752 1.4500219391710709 0.64299597023514166 2.3649912779681062 1.7992445479975927 5.3495317170210965 0.24237414620357664 0.45951727292443617 4.8969089018268344 3.5802236009898936 -0.040364873689987285 0.047319375924229717 0.47131295826288516 0.0010413022315805321 0.76626043485812423 0.50141214823121782 -0.27890991539567506 0.16077333012624218 -0.31803890179807781 0.1890606753928378 6.0840969429016107 -0.54222115199017962 1.0131839402045053 0.19704951793797948 0.99284615148267585 0.13405265248285986 0.3591440783432131 1.6641932900793743 1.7255415145418982 0.024990830260675279 -0.071316624409432358 -0.33689136810566372 0.63753301216790881 1.0220564564809203 -0.2236686466803432 0.43827130142325088 0.10720063348428198 1.0241477011895539 0.35159079107714863 0.18516777990943045 0.29118013711475421 1.3773120269070311 -0.46698296211171347 -0.20636886669283999 0.013167742246991833 1.3876166560603627 -0.042406956123122903 -0.18876837750372205 0.95617526736091529 -0.265721516598309 -0.13944488520410489 -0.080031261275778628 0.86014466474872853 0.66327336142574489 -0.028208119236015738
leaf_weight=57304 18230 219 253 2169 216 230 220 1343 784 816 366 234 223 517 203 200 322 636 241 2400 203 360 241 366 48265 452 360 275 217 477 632 376 242 227 6303 14238 3814 22723 355 594 300 31037 479 3077 219 321 207 1473 318 816 1083 210 200 17544 321 4468 311 299 293 488 474 220 204 8286 4209 204 243 1845 1676 202 16616 315 1575 266 43441 9412 213 255 2751
leaf_count=57304 18230 219 253 2169 216 230 220 1343 784 816 366 234 223 517 203 200 322 636 241 2400 203 360 241 366 48265 452 360 275 217 477 632 376 242 227 6303 14238 3814 22723 355 594 300 31037 479 3077 219 321 207 1473 318 816 1083 210 200 17544 321 4468 311 299 293 488 474 220 204 8286 4209 204 243 1845 1676 202 16616 315 1575 266 43441 9412 213 255 2751
internal_value=0.0017333 0.202453 0.168904 0.514103 1.58004 4.00889 4.47285 -0.135302 0.113456 -0.0586304 0.707114 4.88956 -0.0431875 0.749055 5.11361 4.73108 0.861145 1.47996 0.768695 0.220923 1.06335 0.0692719 0.0267724 0.288848 -0.206979 0.920736 0.795339 1.29781 1.55396 5.73691 0.246087 -0.209689 5.01019 4.5367 0.116554 0.137537 0.415541 -0.0698398 1.1606 0.939028 0.22416 0.176579 0.439803 0.345326 5.47284 -0.0221933 0.111513 0.135061 0.338822 0.312757 0.662352 1.04267 0.000959829 0.0554153 0.62044 -0.245964 -0.0820794 0.503203 0.283155 0.421245 0.0392412 0.398931 0.208343 0.228252 0.342203 0.866565 0.166535 -0.0487112 0.105058 -0.0914449 -0.0281686 0.42864 0.831923 0.18989 -0.110326 -0.03363 0.246915 -0.128436 0.0306516
internal_weight=343717 139454 131391 18183 6242 2505 2252 204263 113208 98694 1423 2032 11941 8063 1802 1122 6593 855 5738 4617 426 90429 1057 22779 105569 4369 3281 1088 847 680 1470 7324 922 461 53440 47137 8849 97271 572 2621 660 32899 1862 6891 461 953 1502 4191 1791 1023 1958 576 36989 18759 521 6948 2480 1382 1369 1076 18238 694 13930 13146 4617 408 8529 3737 1892 74548 17133 517 2169 754 57415 10968 1556 46447 3006
internal_count=343717 139454 131391 18183 6242 2505 2252 204263 113208 98694 1423 2032 11941 8063 1802 1122 6593 855 5738 4617 426 90429 1057 22779 105569 4369 3281 1088 847 680 1470 7324 922 461 53440 47137 8849 97271 572 2621 660 32899 1862 6891 461 953 1502 4191 1791 1023 1958 576 36989 18759 521 6948 2480 1382 1369 1076 18238 694 13930 13146 4617 408 8529 3737 1892 74548 17133 517 2169 754 57415 10968 1556 46447 3006
is_linear=0
shrinkage=0.06


Tree=17
num_leaves=80
num_cat=0
split_feature=95 95 205 97 97 190 36 57 207 96 97 204 194 80 80 36 112 204 85 12 85 87 198 85 96 80 28 196 199 113 80 209 91 85 83 114 193 49 198 58 86 90 208 132 194 151 6 35 94 193 94 207 37 194 56 79 98 18 96 86 56 55 96 96 84 59 77 104 203 145 50 207 95 194 205 114 46 132 193
split_gain=2.30533e+06 694770 636454 2.42697e+06 5.93405e+06 1.92946e+06 1.1044e+06 493572 231019 228428 257028 547361 171416 144554 142607 113126 231284 673998 100480 89937.5 79709.1 323036 67860.2 67022.2 65074.4 64080.7 63280.8 61044.6 77342.5 119815 53553.7 49204.2 159869 67859.2 53266.7 45253.6 51694.6 45122.7 42834.4 41531.8 41438.9 40767 40052.9 37138.6 37136.3 34967.2 58929.3 97018.3 42711.6 143256 33972.9 33594.6 33289 32805.6 33109.5 54618.3 32488 32343.2 35182.5 31732.7 37485.6 39876.7 30242.5 27221.5 36220.4 35693.1 25206.2 24652.7 24581.1 23749.6 23651.3 23559.4 22824.5 22422.6 56592.1 38124.3 41874.7 32946.5 22408.5
threshold=13.968404769897463 39.422855377197273 0.37940952181816107 36.21507644653321 63.294715881347663 1.232256352901459 382.81842041015631 5.7406790256500253 -0.94975915551185597 9.1582765579223651 40.950769424438484 10.500000000000002 50.500000000000007 42.562500000000007 13.704999923706056 240.78892517089847 -1497.2999877929685 10.500000000000002 13.301500320434572 59.027500152587898 inf 11.006499767303469 8.6500000953674334 19.002499580383304 19.245353698730472 19.227499961853031 155.109001159668 24.500000000000004 322.50000000000006 67.743770599365249 7.4275000095367441 4.5000000000000009 8.5774998664855975 7.3015000820159921 16.951499938964847 -346.45733642578119 19.050000190734867 36.107500076293952 3.2500000000000004 10.85100030899048 28.105999946594242 11.229000091552736 -0.10837475582957266 -47.583591461181634 70.500000000000014 1.3350000381469729 184.05500030517581 352.02659606933599 11.477128505706789 26.050000190734867 25.663520812988285 0.97112539410591137 67.026897430419936 72.500000000000014 81.942749023437514 0.85227510333061229 6.7764999866485605 -47.990499496459954 27.858308792114261 9.1354999542236346 39.534437179565437 39.886434555053718 50.332506179809577 5.1829547882080087 0.40500000119209295 0.34720082581043249 18.15897369384766 5.006521701812745 0.19936034083366397 6.8500001430511483 54.055000305175788 0.95752912759780895 34.328315734863288 58.500000000000007 0.37940952181816107 -193.49452972412107 22.451499938964847 -45.446657180786126 33.250000000000007
decision_type=10 10 2 2 2 8 8 8 2 10 2 2 8 2 2 8 10 2 8 10 8 8 10 8 8 2 8 8 10 8 2 2 8 10 8 8 10 8 10 10 10 8 2 8 10 10 10 8 10 10 10 2 10 8 8 10 2 10 8 8 10 10 8 10 8 10 10 10 10 10 8 2 10 8 2 10 8 8 10
left_child=9 2 14 12 5 -5 7 -7 -9 30 56 -12 22 15 42 16 17 -3 39 -20 24 -22 35 -16 45 51 -27 28 38 -30 63 32 -26 -34 -33 -4 -37 -19 -15 41 -25 52 -2 68 78 46 48 -48 49 -14 -38 -6 -10 54 69 -56 73 -23 -59 -35 61 -61 -40 -1 65 -65 -52 -18 -29 -17 -49 -47 -42 74 -11 -76 -77 -75 -44
right_child=1 13 3 4 25 6 -8 8 18 10 11 -13 20 27 23 53 67 37 19 -21 21 57 -24 40 31 26 -28 43 29 -31 -32 34 33 59 -36 36 50 -39 62 -41 72 -43 44 -45 -46 71 47 70 -50 -51 66 -53 -54 -55 55 -57 -58 58 -60 60 -62 -63 -64 64 -66 -67 -68 -69 -70 -71 -72 -73 -74 77 75 76 -78 -79 -80
leaf_value=-0.26184893120981284 -0.17036725621810769 3.9494483747785742 0.2681895777521901 -0.59711228316639831 -0.29579021181796195 1.6221656500466979 0.44391135481505617 3.1114178039716638 4.2298402804565427 -0.070329781478057962 2.6506904109959137 -0.25926935290629716 -0.086967976031912184 1.5225454267549376 0.021630114693352909 0.54145609724958799 0.068364468343070639 0.75283468251297281 6.7575564281757066 4.9093130777910421 2.084974217863496 0.65636266098588614 0.16596838510352208 0.11682340539362433 1.4558697736168964 1.2914563742169898 -0.04497850007756591 1.0052571333663005 0.80538029650162002 2.8136714900162683 -0.12733751619357658 -0.1164540431772824 1.0376502560856737 0.77914300763438382 0.16293363673215011 1.5179580401978952 0.46246279635276333 -0.50340942026314572 0.54699388559561524 4.1137144136714365 0.23401797463204968 5.519618763285024 0.018507523923623644 0.17929998274339307 -0.15531103406851884 -0.12143454709674671 1.4039013678698729 -0.33501376178579512 -0.00057071376281555663 1.7529973847793237 1.4168483692410612 0.4984958464257857 5.1517527964920502 -0.066830525237831701 0.13527158223700114 1.4479442194720109 0.039396785190373304 -0.081180320295642483 0.74248630609831145 0.2473216643780618 0.01745323605391387 1.1243369765299382 0.94840219155570327 0.92018334831957682 -0.19561117177950665 -0.16588030389461078 0.72224212284030243 0.65550151134491896 0.47982528448885398 0.030648840778537006 0.50049127374800428 0.12441031138758013 0.5235860861299626 -0.16835350281233044 0.04829938207168484 1.2762107575369435 0.32106705289116749 -0.074884396897636457 0.53747527264715989
leaf_weight=35534 9494 274 1359 373 3205 201 276 275 374 16882 387 581 490 345 25082 486 782 200 207 210 363 358 2413 23953 394 202 343 660 231 200 28693 3405 342 295 8814 245 1937 210 1012 333 5560 335 14164 605 5366 7889 311 264 7947 220 247 203 298 1171 232 224 7874 1417 214 2476 3619 201 2066 208 39402 227 806 383 629 1002 225 1706 1190 20391 1429 214 719 40628 305
leaf_count=35534 9494 274 1359 373 3205 201 276 275 374 16882 387 581 490 345 25082 486 782 200 207 210 363 358 2413 23953 394 202 343 660 231 200 28693 3405 342 295 8814 245 1937 210 1012 333 5560 335 14164 605 5366 7889 311 264 7947 220 247 203 298 1171 232 224 7874 1417 214 2476 3619 201 2066 208 39402 227 806 383 629 1002 225 1706 1190 20391 1429 214 719 40628 305
internal_value=0.000465399 0.17642 0.14076 0.300258 1.35792 3.4279 4.02628 4.46867 4.7493 -0.136731 -0.0662186 0.905648 0.149491 0.64211 0.0380818 0.404804 0.776454 1.65138 5.00374 5.84076 0.102562 0.4416 0.423699 0.0943947 0.0818911 -0.151724 0.451819 0.846942 0.984085 1.74166 -0.197106 0.158804 0.281731 0.214804 0.0850751 0.559007 0.681056 0.109733 0.888216 4.7391 0.153835 4.94162 -0.0690271 0.567504 -0.0205146 0.00297982 0.0848514 0.577215 0.0392903 0.484826 0.611996 -0.248346 4.64571 0.184021 0.335083 0.781851 -0.0769027 0.140781 0.0272799 0.171957 0.143388 0.313567 0.816646 -0.223664 -0.189597 0.354352 0.886364 0.261786 0.74943 0.197737 0.0496579 -0.0777147 0.285138 -0.0883123 -0.0318398 0.243175 0.541278 -0.106122 0.0294835
internal_weight=343787 150618 139906 54792 6835 2882 2509 2233 2032 193169 89105 968 47957 10712 85114 4964 1849 684 1757 417 40950 2352 7007 55785 38598 3953 545 5748 3854 431 104064 19546 7327 6933 12219 4594 3235 410 3423 1340 30703 1007 29329 1894 19835 19052 9457 800 8657 710 2990 3408 672 3115 1944 456 88137 1989 1631 6591 6296 2677 3078 75371 39837 435 1053 1165 1289 1488 489 9595 6750 80263 19244 2362 933 61019 14469
internal_count=343787 150618 139906 54792 6835 2882 2509 2233 2032 193169 89105 968 47957 10712 85114 4964 1849 684 1757 417 40950 2352 7007 55785 38598 3953 545 5748 3854 431 104064 19546 7327 6933 12219 4594 3235 410 3423 1340 30703 1007 29329 1894 19835 19052 9457 800 8657 710 2990 3408 672 3115 1944 456 88137 1989 1631 6591 6296 2677 3078 75371 39837 435 1053 1165 1289 1488 489 9595 6750 80263 19244 2362 933 61019 14469
is_linear=0
shrinkage=0.06


Tree=18
num_leaves=80
num_cat=0
split_feature=96 97 205 97 114 94 94 97 109 35 94 97 96 94 35 194 198 96 199 56 96 97 96 157 205 91 107 36 129 88 34 85 95 105 27 40 36 96 208 12 36 201 208 94 76 50 201 203 206 208 132 99 102 95 205 90 85 34 194 86 194 76 59 201 208 208 194 76 125 194 194 147 192 76 139 10 68 206 181
split_gain=2.01753e+06 653168 2.54252e+06 5.84486e+06 981297 724597 580920 492615 522102 696772 232804 157085 150695 146636 245154 90151.5 115045 81816.4 73898.5 114257 57251.4 58194.8 55698.2 50184.8 49391.7 153200 271819 528546 56584.1 67577.8 147695 51478.7 51552.4 49163.5 46114.2 45640.6 78098.7 45485.7 41216.6 40607.3 38802.4 38532.7 37560.9 36653 36065.8 31658.9 30810.7 30717.6 30004.1 29144.8 27935.1 27875.5 53576.8 27541.4 28014.2 59784.1 134045 294795 151016 61459 35135.2 36419.3 74798.4 26717.7 48998.9 50385.3 34349.7 26815.2 25369.8 25003.5 24808.8 24798.8 52722.2 24707.5 23843.6 23733.8 24929.8 23478.6 23021.1
threshold=13.335365295410158 36.21507644653321 0.93301269412040722 48.168771743774421 339.35041809082037 42.197711944580085 32.556417465209968 63.294715881347663 1283.3499755859377 177.25870513916018 21.524050712585453 40.950769424438484 7.4810249805450448 42.197711944580085 121.29818725585939 34.500000000000007 7.2500000000000009 24.248289108276371 106.50000000000001 33.46827697753907 17.880798339843754 19.085178375244144 54.606544494628913 120.14000320434572 0.93301269412040722 8.8775000572204608 0.40949891507625585 243.45011138916018 110.31250000000001 11.903499603271486 185.72048187255862 6.1340000629425058 25.79141998291016 -6.9777579307556143 250.04000091552737 46.428998947143562 274.14323425292974 15.479041099548342 -0.10837475582957266 202.58350372314456 62.566499710083015 77.500000000000014 -0.39036008715629572 11.164750099182131 26.062777519226078 98.237499237060561 97.500000000000014 0.64942333102226268 -0.68301269412040699 0.81304046511650097 -49.011329650878899 0.87895214557647716 75.679168701171889 7.4753007888793954 1.0000000180025095e-35 8.1050000190734881 6.7260000705719003 107.00172805786134 92.500000000000014 62.496000289916999 78.500000000000014 58.621971130371101 0.43428461253643041 67.500000000000014 -0.23537842929363248 -0.42179730534553522 24.500000000000004 61.074563980102546 0.70703327655792247 36.500000000000007 85.500000000000014 0.93663650751113903 0.068936649709939971 23.456978797912601 17.847499847412113 26.748499870300297 3.3200000524520878 0.91597560048103344 67.000000000000014
decision_type=8 2 2 2 8 10 10 2 8 8 8 2 10 10 8 8 10 8 10 10 10 2 8 10 2 8 10 8 8 8 8 8 10 10 8 10 10 10 2 10 10 10 2 10 10 10 8 10 2 2 8 2 8 10 2 10 10 8 10 8 10 10 10 8 2 2 10 8 8 10 10 10 10 10 10 10 10 2 2
left_child=12 5 15 4 -4 10 11 8 -5 -10 20 -6 -1 -9 -15 16 -3 46 19 -13 53 23 42 24 51 26 27 -26 -27 30 -30 -31 33 75 -32 47 -37 -20 -17 73 -40 -35 -7 -14 -39 50 74 -16 -42 -47 77 -22 -53 -2 -55 56 57 -56 -59 71 -57 -62 -63 64 65 -19 -66 -65 -50 -68 -23 -58 -73 -24 -12 76 -33 -44 -52
right_child=1 2 3 7 6 22 -8 13 9 -11 17 18 43 14 35 38 -18 63 37 -21 21 70 39 -25 25 28 -28 -29 29 31 34 32 -34 41 -36 36 -38 44 40 -41 48 -43 45 -45 -46 49 -48 -49 68 -51 78 52 -54 54 55 60 59 58 -60 -61 61 62 -64 67 66 -67 69 -69 -70 -71 -72 72 -74 -75 -76 -77 -78 -79 -80
leaf_value=-0.20543027154045967 -0.31291980912235806 1.7585516288520047 -0.15557019611733539 -0.80020212728880979 2.8419230822459705 -0.15264304602445472 1.1170641749595926 -0.19664423336007117 5.4043210757357398 0.98828596767135291 0.1797573197579018 2.8435282763312841 -0.11977405986979917 2.2110001660062104 -0.33741529521484348 -0.26859135404467493 0.14955353585251591 0.41830076904798097 5.7196895448926464 4.6269543557965811 0.048356999548684679 -0.16885354741307701 0.24680651748358309 -0.1059470966161771 3.9771949336118997 0.034673585452833576 -0.067929662250756445 -0.082237632601205993 1.9550689419257243 0.9950100733891879 0.94435491506542479 0.84490193814066761 0.91891422930792277 1.2661603252250042 -0.20511585164713586 1.518217214568726 0.011902178800485741 4.1440314796696534 0.76339817887257544 1.748542446196079 0.19794935811507472 0.16928849372008206 0.621212290919403 -0.047093671759872502 4.9596257970024462 0.6417150943807951 0.056200648925476986 0.50767654660188755 0.45464431069556033 1.6431653243143385 0.62626687683541438 1.2600190056259952 0.11341445075559917 -0.051110190662763462 2.8259679709879966 0.053687104030877446 -0.025736677475900614 -0.055531079197250789 1.7947768657154111 1.0840554027916753 -0.12996065429168471 -0.23993477367256816 1.2447883776944373 0.25840792044118832 -0.34899051258980535 1.5904102308064891 0.9855455754453486 0.0047733417581567392 -0.12348664185369675 0.33192503258002881 -0.79945531518488633 1.1723334344790259 -0.082342430001852526 0.94577219387509814 0.70282011428310831 -0.11980821406687302 0.054278632597657056 1.2172830516958999 0.062155138955629886
leaf_weight=71886 1090 208 213 222 211 228 213 3414 205 344 8444 203 68524 253 581 3600 683 307 212 393 17949 855 200 3873 235 5965 461 226 270 277 202 202 285 203 329 205 311 344 217 215 1478 266 1612 39311 673 218 14210 210 284 204 484 200 544 27713 207 12199 4308 756 200 203 8726 284 213 14055 258 232 219 1680 6647 5154 304 200 301 2129 325 2070 491 280 563
leaf_count=71886 1090 208 213 222 211 228 213 3414 205 344 8444 203 68524 253 581 3600 683 307 212 393 17949 855 200 3873 235 5965 461 226 270 277 202 202 285 203 329 205 311 344 217 215 1478 266 1612 39311 673 218 14210 210 284 204 484 200 544 27713 207 12199 4308 756 200 203 8726 284 213 14055 258 232 219 1680 6647 5154 304 200 301 2129 325 2070 491 280 563
internal_value=0.000710261 0.152918 0.462633 1.29084 3.73614 0.106609 4.10463 0.242441 1.6526 2.64409 0.0779386 4.41648 -0.138139 0.0235707 0.50532 -0.0556139 0.526717 0.189884 4.59686 4.02529 0.023088 0.0831219 0.744552 0.0973576 0.123455 0.221396 0.962694 1.99123 0.156587 0.314808 0.815261 0.208963 0.146789 0.0784393 0.233112 0.173708 0.61212 4.87055 -0.0980923 0.959445 -0.0269129 0.645738 0.592004 -0.0932793 4.68809 0.642549 0.110785 -0.112697 -0.0473958 1.12857 0.572404 0.0632868 0.422919 -0.0143882 -0.00849947 0.0342907 0.198759 0.778792 0.333034 0.0640374 -0.0131252 -0.101492 0.397597 0.272853 0.378692 0.924819 0.326262 0.23133 -0.0997354 0.358745 -0.334804 0.0207635 0.419864 0.885881 0.199221 -0.0180545 0.28562 0.710022 0.323278
internal_weight=343669 163948 21324 8207 2462 142624 2249 5745 771 549 136491 2036 179721 4974 1560 13117 891 44884 1825 596 91607 35207 6133 34048 30175 11482 922 461 10560 4595 801 3794 3517 3232 531 1307 516 1229 12226 2544 8626 469 3589 107835 1017 3361 22979 791 8409 422 2939 18693 744 56400 55310 27597 6175 1163 956 5012 21422 9223 497 21905 6170 539 5631 15735 6931 5373 1159 4809 501 2329 8769 2763 693 1892 1047
internal_count=343669 163948 21324 8207 2462 142624 2249 5745 771 549 136491 2036 179721 4974 1560 13117 891 44884 1825 596 91607 35207 6133 34048 30175 11482 922 461 10560 4595 801 3794 3517 3232 531 1307 516 1229 12226 2544 8626 469 3589 107835 1017 3361 22979 791 8409 422 2939 18693 744 56400 55310 27597 6175 1163 956 5012 21422 9223 497 21905 6170 539 5631 15735 6931 5373 1159 4809 501 2329 8769 2763 693 1892 1047
is_linear=0
shrinkage=0.06


Tree=19
num_leaves=80
num_cat=0
split_feature=96 97 97 206 194 95 93 97 207 97 194 56 94 201 96 36 94 83 96 94 36 52 75 45 96 9 96 97 163 201 132 90 201 99 191 138 208 95 201 96 80 96 55 35 206 55 208 200 90 194 93 80 92 36 15 7 34 95 90 194 94 125 33 78 164 194 207 36 80 198 123 196 97 194 60 208 194 194 198
split_gain=1.8089e+06 635115 2.1964e+06 4.81268e+06 1.32503e+06 645509 622703 305482 266269 372277 545865 208253 169007 132879 123748 122687 102744 100205 91905.2 63119.6 97562.7 230809 45183.6 44141.6 57893.7 42614 41852 49638.8 42918.5 42467 64877.3 87785 41528.8 39926.7 38739.1 38541.8 35146.9 37517.3 50961.9 34500.6 33268.2 33225.6 32160 44344.7 33480.4 33027.7 31778.3 30566.3 79846.4 206149 30062.7 29434.8 26561.7 46756.4 25247.7 35635.4 25100.8 24447.3 25786.5 88847.9 230486 276815 552211 37360.2 24242.4 23512.3 23329.1 79575.9 23307.2 22294.9 21865.6 21457.8 25433.6 28714.1 20564.7 20450.4 20427.2 20384.9 20216.3
threshold=13.160812854766847 36.21507644653321 48.168771743774421 1.0000000180025095e-35 63.500000000000007 34.328315734863288 30.080249786376957 40.950769424438484 0.9260200858116151 75.481174468994155 60.500000000000007 64.463066101074233 21.524050712585453 42.500000000000007 7.5551335811614999 163.96820068359378 44.443561553955085 6.9509999752044687 15.070066452026369 47.403690338134773 238.086296081543 50.01250076293946 33.17570877075196 139.16249847412112 26.622037887573246 211.09999847412112 17.880798339843754 19.085178375244144 256.36999511718756 42.500000000000007 -69.115142822265611 12.002500057220461 97.500000000000014 0.23214163631200793 11.384292125701906 32.577083587646491 0.30778898298740393 28.946006774902347 37.500000000000007 54.606544494628913 11.841500282287599 54.606544494628913 102.43346023559572 293.90606689453131 1.0000000180025095e-35 35.640367507934577 -0.37446588277816767 19.150000572204593 11.701499938964846 74.500000000000014 16.27449989318848 12.102499961853029 11.480000019073488 100.99428176879884 84.489536285400405 51.987499237060554 inf 7.4753007888793954 8.9014997482299822 86.500000000000014 10.642074108123781 1.6488065719604494 221.75691986083987 -49.945999145507805 7.5000000000000009 78.500000000000014 -0.87395131587982167 272.34017944335943 6.305000066757203 7.6499998569488534 -9.9543523788452131 23.500000000000004 6.5222134590148935 24.500000000000004 4.6284999847412118 -0.45273527503013605 67.500000000000014 74.500000000000014 8.6500000953674334
decision_type=8 2 2 2 10 10 8 2 2 2 10 10 8 10 10 10 8 8 10 10 10 8 10 8 10 10 10 2 10 8 10 8 8 2 8 10 2 10 10 10 2 10 10 8 2 10 2 10 8 10 10 2 10 8 8 8 8 10 10 10 10 8 8 10 2 10 2 10 2 10 10 10 2 10 10 2 10 10 10
left_child=14 5 3 76 -5 12 7 -6 17 10 -10 18 26 15 68 -11 42 -4 -9 23 21 -21 64 52 -25 39 57 28 29 30 31 -28 34 -34 -14 -27 37 71 -39 46 -16 51 43 45 -44 -7 -18 -31 49 -49 -47 78 -19 -54 55 -33 -35 -2 59 -59 61 -61 -63 -62 -20 75 67 -67 -1 -50 -41 72 -36 -74 -65 -60 -3 -29 -15
right_child=1 2 8 4 6 16 -8 11 9 13 -12 -13 32 41 40 -17 25 19 22 20 -22 -23 -24 24 -26 35 27 77 -30 47 -32 54 33 56 36 -37 -38 38 -40 70 -42 -43 44 -45 -46 50 -48 48 69 -51 -52 -53 53 -55 -56 -57 -58 58 65 60 63 62 -64 74 -66 66 -68 -69 -70 -71 -72 -73 73 -75 -76 -77 -78 -79 -80
leaf_value=-0.21381391734473529 -0.28515390141905889 0.086353118848650268 -0.27886013231521056 -0.094246734346860372 2.1857226735266773 0.2234488201056489 0.60291534875392361 5.8056340531741872 0.60336240758032067 2.1915277494410188 4.3885837175990163 2.6678330210593231 0.053213725037371304 0.27038996028834994 -0.11264928436102038 0.11259227620683064 -0.16807228033864929 -0.15584356348391235 4.3803287052154545 -0.039581729743166726 0.048325673342214083 2.2835204527125086 4.7468178946041704 1.1719855214296122 -0.061985812754180261 0.77887970103329396 1.5415129793093425 -0.094057554407936922 -0.045467212986349405 0.048593997787128709 0.0659971568502358 0.27832947663895108 0.19674869533579922 0.06244043986408359 0.17084967172467339 1.8898925599054648 0.20819787745835755 1.4955948547794338 0.46549575329772142 0.29281270208752758 -0.036808040825543058 -0.50308341908505116 1.2356024129442065 0.07908110645506683 0.33464669191448693 1.2858477227561749 0.58764861124904999 0.105415359685471 0.68655810031753317 2.1227629893228634 0.52250783487237129 0.50905660690753418 0.89820741277141103 0.011900293467991116 0.13519434199080152 1.2504968131380154 -0.34322104932359998 -0.010424707365508398 -0.1135719300876966 -0.40070055787225028 0.73846618358287131 4.1377341991465943 -0.083052481123819369 0.45543072002669494 3.6214691044431215 -0.065453175204359101 -0.14615327865224242 0.95331813015305578 -0.13728387845597873 0.085996116446288656 0.9048081459385614 0.11022742332047901 -0.10174892688918614 0.63764564623526276 -0.13483935475587905 0.016937558358488862 -0.21075003794558886 -0.62645459739398213 -0.47684060438138659
leaf_weight=53794 1180 1385 4494 367 274 1419 204 203 393 204 210 240 3197 222 75176 204 220 3744 399 345 1045 277 750 252 298 250 291 563 7466 16945 1690 329 11582 13179 937 207 7634 252 551 235 28800 444 295 1832 300 207 2194 571 233 267 1790 408 237 2150 671 231 572 11795 5184 221 246 241 207 247 326 2335 9632 312 19537 4555 2090 1066 213 1665 1483 25979 2088 479 313
leaf_count=53794 1180 1385 4494 367 274 1419 204 203 393 204 210 240 3197 222 75176 204 220 3744 399 345 1045 277 750 252 298 250 291 563 7466 16945 1690 329 11582 13179 937 207 7634 252 551 235 28800 444 295 1832 300 207 2194 571 233 267 1790 408 237 2150 671 231 572 11795 5184 221 246 241 207 247 326 2335 9632 312 19537 4555 2090 1066 213 1665 1483 25979 2088 479 313
internal_value=-0.000329582 0.141556 0.446096 1.39457 3.26284 0.0965219 3.77688 4.07186 0.0579275 0.638167 1.92668 4.34003 0.0602416 0.20448 -0.13374 1.15488 0.537535 -0.0504624 4.57746 0.0725102 0.402681 0.996988 4.40462 -0.00991988 0.504498 0.731653 0.0157014 0.0684245 0.0812078 0.117889 0.321985 0.605999 0.16203 0.114677 0.239335 1.28515 0.287632 0.417023 0.790223 0.678017 -0.0916428 -0.0757197 0.364817 0.317303 0.782663 0.445 0.518735 0.0888324 0.209997 0.749938 0.602236 0.125819 -0.0561421 0.100239 0.383778 0.680863 0.0455424 -0.0149099 -0.00939584 0.0600636 0.374281 1.33597 2.19166 0.0481772 4.04456 -0.0324848 -0.102802 0.0549433 -0.193427 0.115359 0.843103 0.339622 0.426421 0.553775 -0.0503494 -0.00477579 -0.0922773 -0.339163 -0.166849
internal_weight=344023 166716 21476 6236 2763 145240 2396 2192 15240 2398 603 1918 134201 1795 177307 408 11039 12842 1678 8348 1667 622 1475 6681 550 5196 93353 34291 33249 25783 3212 1522 40848 25333 15515 457 12318 4684 803 4739 103976 1387 5843 5248 595 3416 2414 22571 5626 838 1997 943 6131 2387 1231 560 13751 59062 57882 14440 2645 669 448 1976 725 43442 12279 2647 73331 4788 2325 3881 2815 1878 1730 31163 3473 1042 535
internal_count=344023 166716 21476 6236 2763 145240 2396 2192 15240 2398 603 1918 134201 1795 177307 408 11039 12842 1678 8348 1667 622 1475 6681 550 5196 93353 34291 33249 25783 3212 1522 40848 25333 15515 457 12318 4684 803 4739 103976 1387 5843 5248 595 3416 2414 22571 5626 838 1997 943 6131 2387 1231 560 13751 59062 57882 14440 2645 669 448 1976 725 43442 12279 2647 73331 4788 2325 3881 2815 1878 1730 31163 3473 1042 535
is_linear=0
shrinkage=0.06


Tree=20
num_leaves=80
num_cat=0
split_feature=96 97 97 206 194 94 93 209 20 207 201 36 96 207 96 16 84 96 79 194 193 82 95 84 82 209 197 132 93 206 80 85 193 94 97 96 90 79 89 12 97 157 36 99 194 56 95 132 90 98 105 146 194 157 181 160 201 94 89 87 194 19 97 32 194 59 97 85 28 99 193 194 56 97 207 56 197 52 98
split_gain=1.57099e+06 498980 1.88574e+06 4.02534e+06 1.10375e+06 581361 576308 319067 296617 243230 356218 409901 150403 134794 115012 91316.4 86362.6 71284 66406.2 268268 63136.2 206924 57603.7 52660.4 49424.6 47604.4 52587.3 44558.2 44345.2 41443.3 40641.8 38387.8 71946.2 37004.4 36794.3 32115.4 29656.1 29626.4 36764.3 28599 28171.8 27891.9 28246.5 33221.1 45180.7 44788.5 54679.4 42007.4 40091.5 36836.2 29027.8 27144.7 26960 27227.7 25787.3 25193.8 26506.7 25413.3 29150.1 36739.4 131972 24561.9 31161.4 24544 24508.7 24072.3 27210.1 23614.1 50406.3 23249.3 22808.1 22755.5 22577.7 22210.5 21133.5 26236.2 24519.7 20579.8 20559.6
threshold=13.160812854766847 36.21507644653321 48.168771743774421 1.0000000180025095e-35 63.500000000000007 36.957334518432624 32.12158393859864 9.5000000000000018 207.53900146484378 0.9260200858116151 42.500000000000007 158.89533996582034 19.245353698730472 0.94425827264785778 6.7697556018829355 41.41076850891114 15.652499675750734 43.21882629394532 0.96238461136817943 90.500000000000014 5.0499999523162851 6.4524998664855966 14.363492965698244 5.1015000343322763 18.612500190734867 10.500000000000002 990.95001220703136 -62.124561309814446 15.775833129882814 -0.25000000000000006 10.402499675750734 27.202500343322757 10.449999809265138 6.6742992401123056 97.217563629150405 29.372396469116214 13.107500076293947 1.1962379217147829 12.204999923706056 113.00999832153322 27.395751953125004 126.97999954223634 88.989036560058608 0.36896030604839331 24.500000000000004 28.041413307189945 18.079735755920414 -78.691993713378892 9.8274998664855975 4.7775001525878915 4.8121988773345956 11.650000095367433 45.500000000000007 2.2899999618530278 103.00000000000001 21.500000000000004 112.50000000000001 5.5691609382629403 10.079999923706056 7.1015000343322763 87.500000000000014 0.8229295313358308 54.202339172363288 123.51649856567384 25.500000000000004 0.34720082581043249 75.481174468994155 7.2360000610351571 196.12500000000003 1.2259705662727358 18.050000190734867 89.500000000000014 57.881231307983406 88.929145812988295 0.89787620306015026 100.81482315063478 980.35000610351574 20.253999710083011 15.507500171661379
decision_type=8 2 2 2 10 10 8 2 8 2 8 10 10 2 10 10 8 8 8 10 8 10 10 10 10 2 8 8 10 2 2 8 8 8 2 10 8 10 10 8 2 10 10 2 10 8 8 10 8 2 10 10 10 10 2 8 8 8 10 8 8 10 2 10 10 10 2 8 8 2 10 10 10 2 2 10 8 10 2
left_child=14 5 3 64 -5 12 7 22 -9 16 11 -11 31 -12 78 -15 34 54 36 63 21 -16 -6 -24 33 29 -27 70 -25 -19 -22 55 -33 -14 37 67 39 61 -39 -18 41 42 -35 -44 -45 46 -46 48 -47 52 -48 -38 -50 -54 -7 56 57 -2 59 60 -59 62 -4 -20 -3 -17 -67 68 -26 -32 -28 -31 -64 -53 75 -37 -76 -55 -1
right_child=1 2 9 4 6 17 -8 8 -10 10 13 -13 24 15 20 65 18 25 19 -21 30 -23 23 28 35 26 27 -29 -30 71 69 32 -34 40 -36 74 51 38 -40 -41 -42 -43 43 44 45 47 50 -49 49 -51 -52 73 53 77 -56 -57 -58 58 -60 -61 -62 -63 72 -65 -66 66 -68 -69 -70 -71 -72 -73 -74 -75 76 -77 -78 -79 -80
leaf_value=-0.19547120071908344 -0.38035826792174132 0.42065832034633138 0.57954938773128828 -0.076995794890829208 5.0645788560409892 0.48164998604449227 0.41025912484873339 3.8524127332585443 0.62095753289320887 3.7913062282219347 1.5544889922506069 0.36219965060530551 -0.38266232966958952 1.2084720364081507 2.0792145554565669 -0.4560392296778899 -0.55108976520967612 0.062831718417831126 0.60978716138967848 2.4245830320347905 -0.12046147927417437 -0.36332205920869654 3.0417072735437705 3.9502180979922072 1.2230042003685946 1.7349258984637916 0.86237245251035144 1.430203260085767 4.8903620332601117 0.73149258164844544 -0.050065545157058189 1.0047458905410021 0.088392335819725582 -0.10694400423086742 -0.27435192991023322 0.19090292790111743 -0.10031651178703588 1.0179869600115479 -0.11508507532619155 0.039626876259740637 -0.2373413303791328 -0.072412639467653042 0.066571022218535128 -0.043931997018822146 1.4590393838855586 0.98377343483207624 0.1009658915867931 0.066908094374871635 0.63529190866800922 0.84047904286735731 0.77101083072447363 0.82871161920833802 0.62792677278174969 0.45083556004657466 0.1561068933060151 -0.099018491704838896 -0.028341522070720691 0.060213939744425911 0.020169366049484449 0.11865128898236287 1.7560548015265591 -0.69781909771669992 -0.21729682949001103 -0.053575144994761195 -0.12684633955495786 0.6257652457312427 -0.14868768914928807 0.14385844063289935 0.031791245478908631 0.53261389906776813 0.0013057412220431226 0.10934139346213717 0.13153490434555037 0.18902694821001767 0.9917767201062847 0.78911218603065914 0.38022664411011814 -0.1517483099142635 0.41252790540234363
leaf_weight=59432 469 324 265 361 220 2655 201 206 203 242 236 260 641 203 200 557 523 426 273 221 75008 329 200 1084 226 310 219 251 244 3207 41511 319 8558 1836 4923 3950 713 206 205 675 974 3219 10174 1752 232 362 474 2859 404 386 457 288 273 254 1309 10031 34793 568 15000 5509 232 219 1957 751 3121 219 633 28908 293 247 223 227 1013 606 281 282 1470 1020 200
leaf_count=59432 469 324 265 361 220 2655 201 206 203 242 236 260 641 203 200 557 523 426 273 221 75008 329 200 1084 226 310 219 251 244 3207 41511 319 8558 1836 4923 3950 713 206 205 675 974 3219 10174 1752 232 362 474 2859 404 386 457 288 273 254 1309 10031 34793 568 15000 5509 232 219 1957 751 3121 219 633 28908 293 247 223 227 1013 606 281 282 1470 1020 200
internal_value=-0.00111251 0.13124 0.402034 1.28704 3.01247 0.0913707 3.48528 3.7715 2.25396 0.042796 0.603868 2.01953 0.0607877 0.218428 -0.125579 0.0219831 -0.0599475 0.563224 0.169262 0.533748 -0.091085 0.562313 4.12509 3.9866 0.131078 0.717182 1.08565 0.793121 4.12651 0.621183 -0.0940499 0.00423402 0.121431 0.0670586 -0.165587 0.176847 0.0073513 -0.0270137 0.453922 -0.218501 0.0787559 0.0917549 0.117557 0.139666 0.227417 0.298147 0.636631 0.227218 0.396944 0.305662 0.430345 0.175753 0.199474 0.085323 0.374215 -0.0113882 0.00415167 0.0560624 0.0656852 0.173881 0.553586 -0.0843563 -0.0426238 0.123701 -0.0752468 -0.149695 0.0508797 0.151073 0.551863 -0.0466063 0.428926 0.69041 -0.098314 0.395796 0.303571 0.230942 0.478878 -0.0313506 -0.193425
internal_weight=343312 166385 21352 6164 2719 145033 2358 2157 409 15188 2350 502 136206 1848 176927 1612 12838 8827 4050 1245 117295 529 1748 1528 60727 4863 1003 693 1328 3860 116766 75479 8877 25317 8788 35410 2805 3865 411 1198 24676 23702 20483 18647 8473 6721 1163 5558 2699 2337 931 1607 1951 1547 3964 66602 56571 21778 21309 6309 800 3454 3235 1024 3445 1409 852 29427 519 41758 442 3434 2970 894 5983 4232 1751 1274 59632
internal_count=343312 166385 21352 6164 2719 145033 2358 2157 409 15188 2350 502 136206 1848 176927 1612 12838 8827 4050 1245 117295 529 1748 1528 60727 4863 1003 693 1328 3860 116766 75479 8877 25317 8788 35410 2805 3865 411 1198 24676 23702 20483 18647 8473 6721 1163 5558 2699 2337 931 1607 1951 1547 3964 66602 56571 21778 21309 6309 800 3454 3235 1024 3445 1409 852 29427 519 41758 442 3434 2970 894 5983 4232 1751 1274 59632
is_linear=0
shrinkage=0.06


Tree=21
num_leaves=80
num_cat=0
split_feature=94 96 97 97 205 118 93 207 201 46 96 97 96 84 74 204 193 97 36 92 82 36 97 201 193 92 7 96 74 129 24 207 42 40 55 201 129 198 56 36 208 208 205 175 96 104 148 77 91 48 76 93 5 207 194 57 193 197 193 207 104 194 98 87 181 96 82 56 189 45 85 8 82 31 191 198 83 65 97
split_gain=1.43298e+06 419410 383041 1.62757e+06 3.70951e+06 1.11735e+06 523042 161761 190161 152396 150332 152895 139613 117270 108344 162666 71843 219751 69435.7 60564.1 56992.6 52127.4 44554.7 44225.1 42711.5 141316 43131.9 42589.7 42403.2 42213.2 42171.7 37320.5 50357.3 52342.5 41547 36649.9 47330.3 42079.5 39296.1 35905.3 35329.1 52612.9 31032.7 34916.3 42480.9 123321 238318 93869.3 149778 54680.4 36557.5 32147.2 95994.9 30880 28605.4 32374.9 30973.6 44882.6 28212.8 27594.9 26165.2 25409.9 27517.9 49878.8 25046.9 24671.2 24526.3 24034.7 23793.9 26060.1 23787.5 33351.1 23764.9 34213.6 23721.5 23676.5 23127.5 22454.3 20756
threshold=13.724246978759767 36.506265640258796 36.21507644653321 48.168771743774421 0.93301269412040722 8.8499999046325701 27.415249824523929 0.90531614422798168 37.500000000000007 13.302500247955324 10.118322849273683 40.950769424438484 20.742754936218265 51.96100044250489 37.941476821899421 10.500000000000002 8.9499998092651385 97.217563629150405 107.87080764770509 12.308000087738039 35.38750076293946 100.99428176879884 43.938581466674812 82.500000000000014 8.3499999046325701 6.9435000419616708 357.12500000000006 5.0695102214813241 81.156024932861342 103.81250000000001 191.01499938964847 -0.32614396512508387 30.801499366760257 85.812500000000014 59.620431900024421 112.50000000000001 105.77083206176759 4.8500001430511483 25.45160007476807 inf -0.37446588277816767 -0.23537842929363248 -0.37940952181816096 98.599998474121108 17.357866287231449 166.2250900268555 0.6755644977092744 45.948186874389656 10.308500289916994 37.652500152587898 34.237064361572273 6.1506667137146005 19.005000114440922 0.99168354272842418 78.500000000000014 28.567020416259769 28.150000572204593 987.64999389648449 14.949999809265138 -0.35041563212871546 53.986459732055671 23.500000000000004 6.5865001678466806 38.658500671386726 55.000000000000007 15.479041099548342 19.475999832153324 37.809919357299812 145.1675720214844 31.702500343322757 29.685999870300297 223.11000061035159 29.712500572204593 195.04000091552737 10.522502899169924 7.0499999523162851 6.486499786376954 16.651000022888187 88.929145812988295
decision_type=8 8 2 2 2 10 8 2 8 10 10 2 10 8 10 2 8 2 8 10 8 8 2 8 8 8 8 10 8 10 10 2 10 8 8 8 10 10 10 8 2 2 2 8 10 8 10 8 8 8 8 8 10 2 8 10 10 10 10 2 8 10 2 8 2 10 10 8 8 8 8 10 8 10 8 10 10 10 2
left_child=10 2 12 4 60 6 9 16 -9 -6 27 24 35 18 -10 -16 17 -5 -3 -18 54 -21 59 29 25 -12 65 -1 31 61 77 32 -15 -34 68 36 58 -38 -39 66 -22 -42 -26 44 50 -46 47 48 -47 -50 -44 52 -52 -31 55 78 57 -57 72 -11 -4 -14 -63 -64 -36 -27 -25 -68 -33 -70 -43 -72 -2 -74 -60 -56 -54 -24 -20
right_child=1 13 3 7 5 -7 -8 8 14 22 11 -13 23 28 15 -17 19 -19 20 21 40 -23 30 39 42 26 -28 -29 -30 53 -32 34 33 -35 64 -37 37 38 -40 -41 41 70 43 -45 45 46 -48 -49 49 -51 51 -53 76 -55 75 56 -58 -59 74 -61 -62 62 63 -65 -66 -67 67 -69 69 -71 71 -73 73 -75 -76 -77 -78 -79 -80
leaf_value=-0.2034665401554841 -0.090953187287248272 1.1471273455224777 0.60744083804216709 2.1082907780795033 2.2056743995274339 -0.66047136204772516 0.53564436351551736 2.124078995571006 -0.31684257563645229 3.1415274611059223 1.5184403305656429 1.6044288749530395 -0.33226275955730084 0.28528185978168391 2.0215638466459898 0.059361569726750517 -0.20725868632320846 -0.19138463076874318 0.22593559434597418 0.78930468721823255 -0.22672556915252309 0.016019752566832034 3.5420941531699421 0.039460661752534223 -0.10191367708120197 -0.26598098322111657 0.82389328843177256 -0.12558752761131226 0.10435186064961352 0.38828017944463999 4.9317955563318865 0.69018018773038037 2.0571765923367873 0.95441190095020911 0.67527595762485337 -0.015726528460577437 0.057232061313715693 1.2541869231680749 0.38250679005349952 -0.40315234499709113 1.4225999211715663 0.077869231440126904 -0.081735100560027071 -0.18140031521920949 -0.10475946096717388 1.9806297749962125 2.197040457536021 -0.57227806005397985 0.86007693657804929 -0.23666888090857269 1.3372548226199368 0.012217516712088487 0.00079893538088973129 1.0215084373353427 0.068449223346509339 1.290117760647689 0.036994665536120429 0.24107949308043483 -0.048568370836598845 3.8705974338404938 -0.095661746655199845 0.17465053876857631 0.27838973976693149 1.0797012940682524 -0.12209542322630756 0.41946005474351628 0.23481004645011805 0.10191364151324618 1.661198828713252 0.75216707806254546 0.46466606474539041 1.2681256174263109 0.69407057047065379 -0.15259902137511294 0.11705206728541845 -0.49278999735424656 0.67291792076410251 4.3863848318265175 -0.23345027039660629
leaf_weight=36289 6637 355 201 212 213 269 203 239 581 317 267 202 316 204 246 396 8309 502 1256 362 245 2317 288 9523 27158 934 200 83357 385 1540 256 2419 247 423 242 44754 1518 212 1498 481 216 503 18337 4363 2131 209 275 357 254 456 263 15796 1291 338 910 309 292 280 3932 632 3360 10816 1562 340 340 236 8282 11999 207 257 2282 202 350 336 14942 384 214 253 492
leaf_count=36289 6637 355 201 212 213 269 203 239 581 317 267 202 316 204 246 396 8309 502 1256 362 245 2317 288 9523 27158 934 200 83357 385 1540 256 2419 247 423 242 44754 1518 212 1498 481 216 503 18337 4363 2131 209 275 357 254 456 263 15796 1291 338 910 309 292 280 3932 632 3360 10816 1562 340 340 236 8282 11999 207 257 2282 202 350 336 14942 384 214 253 492
internal_value=0.000675582 0.139069 0.109088 0.358141 1.17779 2.9841 3.43766 -0.0150095 0.579815 3.73795 -0.107819 -0.0399265 0.0691201 0.472635 0.276544 0.813208 -0.0893676 0.493426 0.328572 -0.127279 0.288999 0.120765 3.92351 0.152246 -0.0445148 0.258403 0.0119054 -0.14921 0.708126 0.236827 4.26727 0.761663 1.11238 1.36341 0.672903 0.0184706 0.0704816 0.287227 0.491245 0.110592 0.466929 0.520041 -0.0514923 -0.0203311 -0.00257323 0.191489 0.598326 0.252325 0.572928 0.156346 -0.022481 0.039382 0.281936 0.502731 0.132534 0.246171 0.542539 0.792678 0.0437642 3.63063 -0.0558159 0.198479 0.211691 0.422124 0.210047 -0.127481 0.118897 0.156192 0.766236 1.16041 0.45432 0.530488 -0.0561926 0.279757 0.0825478 -0.0983528 0.0967527 3.94429 0.0965752
internal_weight=343571 150982 138532 19156 5992 2431 2162 13164 1462 1959 192589 72943 119376 12450 1223 642 11702 714 7726 10988 7371 2679 1746 45197 72741 1637 1370 119646 4724 14912 797 4339 874 670 3465 74179 29425 3228 1710 30285 3448 3203 71104 43946 39583 3682 1551 1276 919 710 35901 17564 1768 1878 3923 2629 881 589 26197 949 3561 13034 12718 1902 582 1170 29804 20281 2883 464 2987 2484 7323 686 18874 1294 1505 541 1748
internal_count=343571 150982 138532 19156 5992 2431 2162 13164 1462 1959 192589 72943 119376 12450 1223 642 11702 714 7726 10988 7371 2679 1746 45197 72741 1637 1370 119646 4724 14912 797 4339 874 670 3465 74179 29425 3228 1710 30285 3448 3203 71104 43946 39583 3682 1551 1276 919 710 35901 17564 1768 1878 3923 2629 881 589 26197 949 3561 13034 12718 1902 582 1170 29804 20281 2883 464 2987 2484 7323 686 18874 1294 1505 541 1748
is_linear=0
shrinkage=0.06


Tree=22
num_leaves=80
num_cat=0
split_feature=95 95 205 139 209 99 99 36 194 77 34 86 50 79 16 96 35 193 36 96 16 70 62 77 194 86 87 74 57 95 200 193 85 186 35 99 92 87 68 99 36 194 36 85 96 80 4 76 199 52 56 86 11 209 101 201 85 76 99 208 193 124 157 208 208 193 90 84 37 181 85 197 123 194 205 199 208 105 47
split_gain=1.27181e+06 344981 334147 555824 626245 515054 697418 649500 335015 334644 467452 315673 298567 254702 168419 278077 364357 163552 169737 158637 153346 242875 138131 124311 102663 100665 94754.1 95283.1 88924.2 83451.3 76140.2 69134.5 258093 170822 272760 371600 65457.9 62721.6 62258.7 93910.4 61544.1 75623.7 59520.1 148520 56476.1 55737.9 53475.7 50022.6 110349 54385.5 49071.2 48643.4 46230.6 40485.5 36475.2 57263.4 36368 32713.8 56740.9 108658 244369 32461.2 32247.6 41575.2 32023.8 71380 31853.7 63900.8 31216.4 30842.6 29304.2 27662.8 27552.2 25629.9 31138.5 55269.9 37208.4 46192.6 34431.2
threshold=14.924178600311281 43.944955825805671 0.37940952181816107 17.847499847412113 10.500000000000002 0.5849612057209016 0.91204342246055614 264.22698974609381 46.500000000000007 26.864005088806156 85.37360000610353 9.5075001716613787 33.484998703002937 0.75721094012260448 141.05319976806643 23.568561553955082 348.97494506835943 15.84999990463257 270.49874877929693 9.1582765579223651 116.27529144287111 36.680000305175788 57.01250076293946 21.029136657714847 54.500000000000007 17.505000114440922 9.0025000572204608 36.414127349853523 10.500191211700441 23.998956680297855 25.250000000000004 8.9499998092651385 6.1340000629425058 0.30560925602912908 143.78491210937503 0.53295642137527477 5.3274998664855966 6.0009999275207528 6.9010000228881845 0.51602375507354747 107.87080764770509 93.500000000000014 184.71990966796878 22.002499580383304 34.975189208984382 5.5285000801086435 107.17749786376955 44.308576583862312 343.50000000000006 12.558500289916994 88.684356689453139 18.751000404357914 45.987499237060554 7.5000000000000009 145.05000305175784 127.50000000000001 5.2934999465942392 30.46060943603516 0.74050867557525646 -0.52034142613410939 28.44999980926514 1.1504199504852297 22.154999732971195 0.30778898298740393 0.063390085473656668 32.350000381469734 10.308000087738039 13.402499675750734 81.861396789550795 43.000000000000007 17.758500099182132 990.04998779296886 6.5109031200408944 71.500000000000014 0.37940952181816107 212.50000000000003 0.24164313822984698 -6.9777579307556143 28.181499481201175
decision_type=10 10 2 8 2 2 2 8 10 10 10 8 10 10 8 10 8 8 8 10 8 8 8 10 10 8 8 10 10 10 8 8 10 10 10 2 10 10 10 2 8 10 10 10 8 2 8 8 10 8 8 10 10 2 10 10 8 10 2 2 8 8 10 2 2 10 8 10 10 2 8 10 10 10 2 10 2 10 8
left_child=19 2 25 24 5 11 7 8 -7 22 -11 12 52 -12 68 16 -16 18 -8 56 21 -15 23 28 72 64 27 -13 -10 66 40 32 33 34 -21 -36 38 -19 39 -6 -3 47 43 -31 70 -34 53 48 49 -42 69 -26 -5 -39 -51 -56 -1 -33 73 60 -60 -44 63 -61 -2 -66 67 -28 -9 -49 -27 -17 -4 74 -59 -76 77 -77 -79
right_child=1 30 3 4 36 6 17 14 9 10 13 26 -14 20 15 71 -18 37 -20 31 -22 -23 -24 -25 51 44 29 -29 -30 42 -32 57 45 -35 35 -37 -38 46 -40 -41 41 -43 61 -45 -46 -47 -48 50 -50 54 -52 -53 -54 -55 55 -57 -58 58 59 62 -62 -63 -64 -65 65 -67 -68 -69 -70 -71 -72 -73 -74 -75 75 76 -78 78 -80
leaf_value=-0.1849808933320857 -0.10278887371089192 1.3455419092216008 0.50024737879883652 1.0223598448590534 0.046392912189283313 0.043787639675963969 2.4132695092061698 -0.51735228805937994 3.7200522505022153 -0.83424159895844197 0.69833399343100133 0.19335953538634759 2.6787941422177464 0.91031431190195788 3.975464559992854 0.68485001576587545 0.43395888409752775 -0.36480582910176806 0.10402600276696145 -0.37026893112952164 3.5599505455109157 3.2972550810155248 4.0645530234550939 1.3858686121779142 -0.075582979039028247 0.0099630356453278644 1.3353913172425294 2.0131378373145488 2.3101640366486138 2.3361090200426666 -0.0246182895264388 -0.087635025917616807 0.62797017635074703 -0.41769874912364263 0.94529645240645288 4.1731827583524028 -0.25719272773678636 0.67981207719716152 -0.14089846393673372 1.5848505944351763 -0.030634484983359776 -0.46404844301990988 0.17305677906694866 0.39927452055710599 0.35662556268745832 -0.22593880202761843 1.1307822354703465 0.53796513317826056 1.9843711781127553 0.60587884035167872 1.1451149382095525 0.097545916155200696 -0.23050679994577711 -0.34697580792513044 1.8071939298313064 0.63065122340904911 -0.11372722211674108 -0.027737633076479178 2.5682076397703755 0.028991215297628357 -0.10717424253692159 0.90728335012649663 -0.14797203768183972 0.81010208650220805 0.0020478908805546645 1.1297508618060281 0.013590445675899558 0.1094558961243175 0.22831437647786756 -0.078504496976222665 0.12017290401026449 -0.14990004141990673 0.21123990580725735 -0.090465742787851564 -0.085785498870436738 0.29714006482794286 0.014658716260645355 1.5692244885913511 0.49782011206561727
leaf_weight=47714 14434 363 1652 204 337 295 216 364 313 241 373 203 388 345 212 249 206 1088 243 207 346 277 293 243 11541 12936 204 211 349 201 822 45688 317 220 335 208 3590 219 696 247 431 257 1284 486 2938 2044 219 450 220 3860 201 11830 219 371 248 375 56133 27387 215 689 285 260 1176 380 21296 203 4884 605 452 829 26433 333 4229 17996 2445 1586 1103 201 235
leaf_count=47714 14434 363 1652 204 337 295 216 364 313 241 373 203 388 345 212 249 206 1088 243 207 346 277 293 243 11541 12936 204 211 349 201 822 45688 317 220 335 208 3590 219 696 247 431 257 1284 486 2938 2044 219 450 220 3860 201 11830 219 371 248 375 56133 27387 215 689 285 260 1176 380 21296 203 4884 605 452 829 26433 333 4229 17996 2445 1586 1103 201 235
internal_value=-0.000198442 0.141687 0.117852 0.238139 0.471548 0.648989 1.02681 1.43526 1.9665 2.17044 1.59583 0.349634 1.47897 2.03285 0.535136 1.05669 2.23533 0.178636 1.19361 -0.0941737 2.54583 1.9769 2.92726 2.55497 0.0684422 0.0401834 0.239624 1.12345 2.98138 0.193312 0.522564 -0.0413039 0.227532 1.05097 1.48176 2.18716 -0.125859 -0.0674488 0.242402 0.698673 0.584735 0.544351 0.504265 0.968518 0.102904 -0.111071 0.332415 0.583598 0.672196 0.613058 0.276014 0.0120523 0.374699 0.0346593 0.674936 1.10115 -0.146467 -0.0503164 -0.0185634 0.247112 1.04607 0.297203 0.0687844 0.307152 -0.0336638 0.0127481 0.0713865 0.419859 -0.104538 0.138643 0.0839609 0.207797 0.292495 -0.0328808 -0.00143505 0.127873 0.295014 0.447865 0.994208
internal_weight=343378 136814 128758 50518 21266 16396 7247 4891 3075 2780 1582 9149 811 1341 1816 1000 418 2356 459 206564 968 622 1198 905 29252 78240 8338 414 662 7924 8056 102717 3331 970 750 543 4870 1897 1280 584 7234 6871 2231 687 42307 2361 809 6614 5134 4914 1480 23371 423 590 4483 623 103847 99386 53698 2745 500 1544 2245 1069 35933 21499 5693 809 816 1279 39369 582 5881 50953 32957 5570 3125 2022 436
internal_count=343378 136814 128758 50518 21266 16396 7247 4891 3075 2780 1582 9149 811 1341 1816 1000 418 2356 459 206564 968 622 1198 905 29252 78240 8338 414 662 7924 8056 102717 3331 970 750 543 4870 1897 1280 584 7234 6871 2231 687 42307 2361 809 6614 5134 4914 1480 23371 423 590 4483 623 103847 99386 53698 2745 500 1544 2245 1069 35933 21499 5693 809 816 1279 39369 582 5881 50953 32957 5570 3125 2022 436
is_linear=0
shrinkage=0.06


Tree=23
num_leaves=80
num_cat=0
split_feature=96 205 97 97 114 85 97 103 35 80 95 80 35 85 40 194 80 80 181 56 91 190 36 77 86 44 16 109 35 86 96 16 193 84 207 207 82 207 47 194 208 193 147 97 146 169 207 208 208 203 194 7 97 96 97 97 99 194 205 191 111 85 177 97 58 80 63 84 80 85 97 76 207 181 57 196 80 85 80
split_gain=1.12208e+06 356221 1.42197e+06 3.40149e+06 582122 345056 336724 455091 496908 251976 162528 133845 125123 118127 110307 84566.6 84526.6 81307 73094.5 70769.7 90908.4 142553 364539 701277 632942 186021 65906.3 145451 239484 64338.2 76511.3 76276.6 55703.3 175256 48949.9 98560.1 45572.6 44612.7 43373.4 40609.1 40180.7 55404.3 40152.4 38299.7 37656.4 104377 36477.5 35409.5 47786.1 43383.6 31623.8 31460.8 37265 29902.2 29379.6 76721.9 28299.4 27706.7 30032.9 27452 26727.5 26230.6 29983.7 25136.6 24946.2 23044.9 22831.5 67393.4 27985.5 93670.2 22793.1 22556.6 22196.7 22180.1 25345.1 72295.2 21812.1 20989.6 20316
threshold=13.335365295410158 0.37940952181816107 36.21507644653321 48.168771743774421 339.35041809082037 25.210000038146976 63.294715881347663 -138.72499847412107 177.25870513916018 33.457500457763679 28.946006774902347 12.102499961853029 112.01203918457033 37.112499237060554 75.887500762939467 50.500000000000007 9.3074998855590838 13.704999923706056 7.0000000000000009 68.214843750000014 9.2100000381469744 2.1202012300491337 275.59486389160162 26.388023376464847 10.877500057220461 39.082500457763679 105.84000778198244 1654.0000000000002 219.18650054931643 13.000999927520754 15.175619125366213 41.759174346923835 5.0499999523162851 5.2024998664855966 0.9837264120578767 0.90531614422798168 18.475999832153324 0.9996619224548341 139.16249847412112 73.500000000000014 0.063390085473656668 31.550000190734867 0.72534674406051647 1.5322539210319521 23.349999427795414 18.644999504089359 -0.11692013591527937 0.86004966497421276 0.94066718220710765 0.21643137186765674 41.500000000000007 35.010000228881843 42.884325027465827 54.606544494628913 48.168771743774421 42.884325027465827 0.22686960548162463 63.500000000000007 0.37940952181816107 66.099998474121108 126.43125152587892 29.685999870300297 2.7418072223663335 24.971164703369144 9.6259999275207537 40.587499618530281 59.75849914550782 1.0000000180025095e-35 8.8039999008178729 6.7260000705719003 13.594364643096926 27.174648284912113 -0.67166441679000843 31.000000000000004 0.27745829522609716 78.500000000000014 31.209000587463382 18.558499336242679 24.001000404357914
decision_type=8 2 2 2 8 8 2 10 8 2 10 2 8 10 10 8 2 2 2 8 8 8 8 8 10 8 10 8 8 10 10 8 8 10 2 2 8 2 10 10 2 10 10 2 10 10 2 2 2 10 8 10 2 8 2 2 2 8 2 10 10 10 2 2 8 2 10 10 2 10 2 10 2 2 8 10 2 8 2
left_child=16 9 10 4 -4 14 7 8 -5 17 15 -8 -13 18 29 37 32 39 70 20 21 -17 23 24 -23 -25 27 46 -29 30 -6 -32 33 -1 35 64 66 65 56 40 -2 61 -24 -34 -38 -46 -12 53 -49 -50 -28 -33 -53 -15 55 63 -20 58 -18 77 -55 -42 -63 73 -14 -3 -22 -68 69 -69 -11 -52 -61 -45 75 -75 -21 -19 -60
right_child=1 2 3 6 5 -7 11 -9 -10 13 26 12 34 47 -16 19 57 59 38 76 36 22 42 25 -26 -27 50 28 -30 -31 31 51 43 -35 -36 -37 44 -39 -40 -41 41 -43 -44 54 45 -47 -48 48 49 -51 71 52 -54 60 -56 -57 -58 -59 78 72 -62 62 -64 -65 -66 -67 67 68 -70 -71 -72 -73 -74 74 -76 -77 -78 -79 -80
leaf_value=1.7024982669961941 -0.11306252545970893 0.21473487362124874 -0.13280450014154924 4.6587575435638433 4.4605767596276449 0.94081457661343859 -0.22417002044470002 -0.76368142952482065 0.86127217487948804 0.51878203405090539 0.026671070955000327 1.6836039302375438 -0.10208326393894815 0.34517318801465374 2.0489237050364602 -0.037033038668704499 -0.012206694199786108 0.0056867003104458325 0.29793307527157292 -0.12658895696405734 -0.0616667670621927 5.4858018756120099 -0.25123141970801482 -0.51950085586288597 0.86553433994679196 1.495495547095675 0.78907573599456671 3.055369184950695 0.519887150294989 4.3739177917480463 2.1498673819608465 4.0686917840063046 -0.17448367667423081 -0.42330795553639616 -0.51163766808226196 1.4572831132330122 0.10694196934247964 0.93642415768108078 0.90992720850983289 -0.17072067823283513 0.0022038256658614931 0.9464625803434874 0.62988874807439998 -0.16386612658209848 0.15385644544781496 1.716624050442852 0.47433008410828575 1.3967257598231699 1.0600611303944607 -0.042249171801457992 0.31875482445966119 2.5854341852906262 3.500397228081467 0.12407918907086783 -0.48408369056443395 0.96873304547753636 0.0002836698052930825 -0.072199824795315504 0.16305965288624166 0.8701717612793779 0.86759855781897077 0.14262614766502232 0.94464909901364003 -0.4518652363899936 0.60125555911267048 0.7777001908795399 0.92848852000438575 1.4735918968886432 -0.03389200266298014 -0.0075466174686107763 1.3128868062403596 -0.045291910147144329 0.20809384673270959 -0.098322438791229372 -0.08776157104457008 1.2147130268468307 0.34039001825051329 0.084157848300647611 0.76461821084419879
leaf_weight=237 11162 5519 214 203 210 230 3369 250 318 360 821 245 642 2452 200 1927 15067 23003 1498 8536 12042 229 942 428 200 267 252 203 393 299 214 225 52706 337 268 243 10666 352 228 9068 15748 235 231 15873 657 200 3248 378 255 258 961 246 573 217 732 239 4938 41585 1999 203 886 731 217 747 252 274 322 201 3953 643 205 1687 1728 550 49346 207 375 26302 224
leaf_count=237 11162 5519 214 203 210 230 3369 250 318 360 821 245 642 2452 200 1927 15067 23003 1498 8536 12042 229 942 428 200 267 252 203 393 299 214 225 52706 337 268 243 10666 352 228 9068 15748 235 231 15873 657 200 3248 378 255 258 961 246 573 217 732 239 4938 41585 1999 203 886 731 217 747 252 274 322 201 3953 643 205 1687 1728 550 49346 207 375 26302 224
internal_value=-0.00115472 0.11245 0.223325 0.960757 2.85387 3.14472 0.172092 1.33866 2.347 0.0418392 0.114399 -0.00734298 0.435246 0.303805 3.40181 0.0736285 -0.104623 0.00723723 0.154096 0.0430853 0.0837015 0.34354 0.662688 1.43434 3.33885 0.255642 0.372849 0.512463 1.38715 3.5537 3.38377 3.20062 -0.133319 0.455855 0.216518 0.388449 0.045427 0.281445 0.098481 -0.0603297 -0.0246924 0.0335701 -0.0773229 -0.136131 0.137715 0.520139 0.384035 0.547135 0.885417 0.506679 0.148165 3.41374 3.22906 0.462126 -0.106268 -0.102131 0.0695981 -0.0456599 0.0181729 0.0562431 0.721566 0.020665 0.327014 -0.105981 0.0966236 0.241492 -0.0165455 0.0895895 0.0330964 0.346515 0.808719 0.0868967 0.27811 -0.102058 -0.0824742 0.261853 -0.106901 0.0475484 0.223992
internal_weight=343651 163802 63730 8201 2411 2197 5790 771 521 100072 55529 5019 1650 11675 1967 47964 179849 88397 7229 41819 32908 4224 2297 1124 429 695 7565 4665 596 1767 1468 1258 120974 574 1405 1137 28684 6145 6664 37161 28093 16931 1173 120400 11523 857 4069 4446 891 513 2900 1044 819 3555 67694 66962 6436 58875 17290 51236 1103 16696 948 66723 894 5793 17161 5119 4797 844 565 2648 1931 65976 50103 757 8911 49305 2223
internal_count=343651 163802 63730 8201 2411 2197 5790 771 521 100072 55529 5019 1650 11675 1967 47964 179849 88397 7229 41819 32908 4224 2297 1124 429 695 7565 4665 596 1767 1468 1258 120974 574 1405 1137 28684 6145 6664 37161 28093 16931 1173 120400 11523 857 4069 4446 891 513 2900 1044 819 3555 67694 66962 6436 58875 17290 51236 1103 16696 948 66723 894 5793 17161 5119 4797 844 565 2648 1931 65976 50103 757 8911 49305 2223
is_linear=0
shrinkage=0.06


Tree=24
num_leaves=80
num_cat=0
split_feature=96 97 204 97 114 36 94 93 207 97 82 35 96 57 80 96 141 96 193 84 122 82 92 36 55 96 194 96 208 193 204 112 95 208 194 99 86 90 207 16 194 99 194 208 76 207 97 204 194 208 78 89 194 85 33 88 90 98 56 97 23 208 39 104 95 163 163 72 40 37 181 97 114 97 194 204 199 56 85
split_gain=1.01632e+06 343473 1.3618e+06 2.98038e+06 1.178e+06 802455 358312 287801 166663 131027 115170 172740 104607 84868.8 84729.8 56373.6 68676.2 54448.8 47472.8 107196 44222.6 40420.2 39087.9 46446.9 38686 35926.3 35770.1 34898.8 34188.8 43521.7 47837.8 122847 33099.1 32271 31232.2 29729.8 28895.5 47453.9 33076.4 71745.8 141723 161424 28475.1 33185.7 28073.4 62844.8 27873.2 27327.4 26064.5 27836.9 25565.4 24928.1 120946 24521.6 58422.8 127339 70694.7 24415.2 23728.1 23711.3 23199.6 29535.5 23487.5 23060.7 22529.1 22350.9 22213.8 29598.8 21520.3 29559.3 20506.1 20006.4 19510.7 19493.7 27599.2 19194.9 22906.1 30426.2 33983.9
threshold=13.160812854766847 36.21507644653321 10.500000000000002 63.294715881347663 339.35041809082037 382.81842041015631 36.957334518432624 32.941583633422859 -0.94423642754554737 48.168771743774421 14.982500076293947 109.41787719726564 19.517843246459964 0.44560605287551885 7.7274999618530282 46.914346694946296 7.3819017410278329 14.994769096374513 5.0499999523162851 5.2024998664855966 17.242008209228519 4.3025000095367441 5.8010001182556161 255.47584533691409 8.123350143432619 19.369464874267582 20.500000000000004 28.200880050659183 -0.45273527503013605 19.650000572204593 10.500000000000002 -1595.2874755859373 41.348640441894538 -0.11692317575216292 58.500000000000007 0.75970560312271129 49.601499557495124 6.9014999866485605 -0.87395131587982167 129.95306396484378 86.500000000000014 0.31516210734844213 70.500000000000014 -0.048362832516431802 21.113194465637211 -0.32614396512508387 1.5322539210319521 10.500000000000002 77.500000000000014 -0.45273527503013605 inf 10.308000087738039 89.500000000000014 5.2024998664855966 193.03466796875003 8.4024996757507342 7.4010000228881845 9.2109999656677264 63.181373596191413 43.938581466674812 517.12500000000011 -0.45273527503013605 0.21698793023824695 26.976041793823246 24.755772590637211 13.945000171661379 256.36999511718756 0.5874999761581422 4.43400001525879 47.761167526245124 7.0000000000000009 19.950067520141605 -82.030223846435533 18.032930374145511 87.500000000000014 14.000000000000002 185.50000000000003 35.14173889160157 27.604000091552738
decision_type=10 2 2 2 8 8 8 8 2 2 8 8 10 8 2 10 8 10 8 10 10 10 8 8 10 10 10 10 2 8 2 10 10 2 8 2 8 8 2 10 10 2 10 2 10 2 2 2 8 2 8 8 10 10 8 8 10 2 10 2 8 2 10 8 10 10 10 8 10 10 2 2 10 2 10 2 10 10 8
left_child=14 6 3 4 64 7 12 8 -6 17 32 -12 36 -4 18 60 -17 -10 19 -1 33 -19 -13 -24 -14 -23 -22 66 -29 71 31 -31 -5 -15 47 -32 38 -38 39 51 -41 -42 43 -35 -18 -46 -20 -16 49 65 -39 52 -2 54 55 -50 -57 -36 -47 -27 61 -8 63 -63 -3 -40 67 -26 69 -69 -59 -30 -28 -70 -75 76 -51 78 -78
right_child=1 2 13 10 5 -7 15 -9 9 -11 11 22 24 20 34 16 44 21 46 -21 26 25 23 -25 27 59 72 28 29 30 35 -33 -34 42 57 -37 37 50 48 40 41 -43 -44 -45 45 58 -48 -49 53 75 -52 -53 -54 -55 -56 56 -58 70 -60 -61 -62 62 -64 -65 -66 -67 -68 68 73 -71 -72 -73 -74 74 -76 -77 77 -79 -80
leaf_value=1.4796345913238418 -0.028746810033110339 -0.92874525097779703 0.97512772513612322 -0.23102199183169686 2.1152624783703207 -0.046448479937655586 -0.070736804695066172 1.0790876997802235 4.3530797419828531 5.0032386236101658 2.0578077466876379 -0.56998117614148258 -0.20831830287995093 -0.25025920496615889 0.1905983690113317 1.6306009869093763 -0.13927895838849283 2.4712260518624229 -0.17300386329949002 -0.36452296905040743 0.96311402120853806 3.1313945101959928 0.87750481975078576 0.040543664940760261 0.63223736922397755 3.3953782180259968 -0.29403082129431934 0.0020670994900619309 0.1466985358136785 1.6129322081886541 0.1905845507900609 0.37761684878733648 0.36786255056637202 0.67291211420727759 -0.083766530227528543 0.78756508590822871 0.90754541861861937 0.044926907229413338 0.0084714518536953068 0.15179766582674811 0.25773249023246325 2.6155621170608572 -0.17721380287075611 0.013782111403918343 1.2882034462993963 0.54960396784448162 -0.10862583850875217 -0.015209641193363644 1.7175824544050478 -0.049831841989272395 0.71651685858915248 -0.019491646547209553 1.2666181089658652 -0.088318311222969126 -0.12004874661630618 1.0081735228043627 -0.14602006756744812 0.46440770589662672 0.055491453747857696 4.2640293936081868 0.039594470319618651 0.39936010336476391 0.36744354415877506 1.299942646848345 -0.085829198377376251 -0.20512570304661237 0.01376956977383279 1.0331483587368488 0.11579160175727425 0.14804135426181683 0.022531337684155391 -0.31739340172637076 0.47910685157353677 0.0074188237132497108 -0.66336847313074954 -0.0013583459277892391 0.25503831636675411 0.084223465589960272 0.98701818997850854
leaf_weight=207 1242 201 284 3185 330 314 494 217 203 213 209 200 1339 3573 2704 218 208 207 45794 249 250 781 374 657 395 289 245 2198 2901 359 3358 1492 370 290 57948 329 299 2194 3655 1493 216 202 3176 4998 399 3078 51389 16429 219 2830 224 8052 327 22823 1910 250 799 421 395 242 1000 206 3048 205 263 3407 9616 213 33321 373 3634 377 224 1836 250 17495 1790 6632 261
leaf_count=207 1242 201 284 3185 330 314 494 217 203 213 209 200 1339 3573 2704 218 208 207 45794 249 250 781 374 657 395 289 245 2198 2901 359 3358 1492 370 290 57948 329 299 2194 3655 1493 216 202 3176 4998 399 3078 51389 16429 219 2830 224 8052 327 22823 1910 250 799 421 395 242 1000 206 3048 205 263 3407 9616 213 33321 373 3634 377 224 1836 250 17495 1790 6632 261
internal_value=0.000702939 0.107979 0.332877 0.935872 2.34677 2.81125 0.0747024 3.17265 3.37266 3.5859 0.0147631 0.467256 0.049889 -0.048892 -0.0984416 0.435894 0.594901 3.40778 -0.136095 0.474033 -0.0717654 3.27867 0.19576 0.344711 0.110361 3.40409 0.385013 0.117848 0.213781 0.266559 0.369111 0.617947 -0.168605 -0.0990796 -0.0531278 0.244054 0.00364936 0.195767 -0.00344508 0.089866 0.425561 1.40069 -0.0352385 0.05005 0.539176 0.575648 -0.138963 0.0138849 -0.0207823 0.0122284 0.107413 0.0231503 0.241859 -0.0665751 0.0895535 0.405125 0.129748 -0.0738066 0.493438 3.79853 0.297822 0.36312 0.425084 0.850621 -0.452184 -0.0945911 0.0948762 0.116309 0.110629 0.470973 0.0685112 0.0932432 0.0754627 0.104652 -0.0732521 0.038236 0.0983978 0.14671 0.348622
internal_weight=343998 165223 21295 8255 3260 2796 143928 2482 2265 1935 4995 1440 134677 13040 178775 9251 4298 1722 97639 456 12756 1519 1231 1031 58357 1312 719 57018 11014 8816 5538 1851 3555 12037 81136 3687 76320 2717 73603 11532 1911 418 8464 5288 4080 3872 97183 19133 62071 36070 2418 9621 1569 26001 3178 1268 1049 62003 3473 531 4953 3953 3459 411 464 7062 46004 36388 35993 586 4055 3278 469 35407 2086 29008 11513 8683 2051
internal_count=343998 165223 21295 8255 3260 2796 143928 2482 2265 1935 4995 1440 134677 13040 178775 9251 4298 1722 97639 456 12756 1519 1231 1031 58357 1312 719 57018 11014 8816 5538 1851 3555 12037 81136 3687 76320 2717 73603 11532 1911 418 8464 5288 4080 3872 97183 19133 62071 36070 2418 9621 1569 26001 3178 1268 1049 62003 3473 531 4953 3953 3459 411 464 7062 46004 36388 35993 586 4055 3278 469 35407 2086 29008 11513 8683 2051
is_linear=0
shrinkage=0.06


Tree=25
num_leaves=80
num_cat=0
split_feature=94 97 205 94 205 97 97 57 186 166 77 194 97 68 95 46 36 193 50 87 90 198 83 65 208 208 59 203 79 205 207 196 99 123 80 85 207 76 114 63 59 122 37 96 193 90 5 49 193 199 96 97 123 169 43 205 120 96 88 77 44 82 88 48 36 96 90 208 93 80 164 94 50 105 99 75 158 123 72
split_gain=881614 280536 548649 238312 200528 687710 2.19609e+06 835101 674336 413952 153371 124988 121899 120363 106545 103812 79025 178475 73673.5 69327.7 67540.4 62746.4 62253.3 50808.4 43514.3 56006.9 41252.6 45543.4 41079.3 109155 40718.5 55798.4 73613.7 99299.8 43273.7 37805.9 37247.2 118236 36833.3 36268.9 39050.1 63280.4 66284.6 35492.5 47727.8 141000 147627 38154.4 33667.5 89907.5 30458.8 29681.3 28134.2 28008.8 27802.6 27516.7 48197 58029.8 142133 231189 272545 43911.6 36083.1 57221.8 150147 37954.3 103636 27287.6 25795.1 33121 25081.4 23905.9 23835.6 23148.3 27825.6 23854.8 23025.4 23005.1 22206.2
threshold=15.24204206466675 42.884325027465827 0.93301269412040722 44.443561553955085 0.37940952181816107 36.21507644653321 54.202339172363288 3.6916832923889165 0.10585624352097513 79.500000000000014 49.881315231323249 51.500000000000007 88.929145812988295 30.029000282287601 6.9189262390136728 25.675999641418461 107.87080764770509 27.849999427795414 21.501500129699711 18.804999351501468 18.376500129699711 8.6500000953674334 50.918998718261726 26.725999832153324 0.99445194005966198 0.97461712360382091 0.72482705116271984 -0.095842104405164705 0.95756816864013683 0.93301269412040722 0.97112539410591137 31.500000000000004 0.42419478297233587 1.4717429280281069 18.454999923706058 30.912499427795414 -0.87395131587982167 56.999017715454109 -317.51936340332026 4.8524999618530282 0.47471302747726446 -18.148878097534176 105.79731750488283 10.847508430480959 8.9499998092651385 7.7514998912811288 119.26250076293947 105.78750228881837 25.849999427795414 252.50000000000003 16.813183784484867 19.950067520141605 6.0294041633605966 47.43499946594239 10.95099973678589 1.0000000180025095e-35 19.48124980926514 17.880798339843754 12.308000087738039 39.149621963500984 31.836500167846683 19.827500343322757 9.4024996757507342 11.026000022888185 166.3420104980469 14.637004852294924 11.153499603271486 0.063390085473656668 8.6340832710266131 10.302500247955324 12.500000000000002 21.697896003723148 54.457500457763679 17.799068450927738 0.65144547820091259 40.399446487426765 65.500000000000014 6.7406029701232919 0.85350000858306896
decision_type=8 2 2 10 2 2 2 10 10 10 10 8 2 8 10 10 8 10 10 10 8 10 8 10 2 2 10 10 10 2 2 8 2 10 2 10 2 10 10 10 10 10 8 8 8 10 8 8 10 10 10 2 10 8 10 2 10 10 8 8 10 8 10 8 8 8 8 2 10 2 2 10 10 10 2 10 2 10 8
left_child=1 14 -3 4 20 11 7 -7 9 10 13 21 16 15 -1 -9 17 -5 -15 22 67 26 50 70 25 39 38 -28 -14 -30 34 32 -32 -34 36 -22 37 -13 -6 -18 41 42 -41 -16 45 46 -45 -47 49 -40 -8 53 -29 55 -52 73 57 62 59 60 -59 68 63 64 -57 -65 -67 -2 -60 -70 -17 -20 -42 -46 -75 -76 78 -50 -36
right_child=3 2 -4 12 5 6 19 8 -10 -11 -12 30 28 18 43 23 24 -19 71 -21 35 -23 -24 -25 -26 -27 27 52 29 -31 31 -33 33 -35 76 -37 -38 -39 48 40 72 -43 -44 44 51 47 -48 -49 77 -51 54 -53 -54 -55 -56 56 -58 58 61 -61 -62 -63 -64 65 -66 66 -68 -69 69 -71 -72 -73 -74 74 75 -77 -78 -79 -80
leaf_value=-0.14272824039825568 -0.08298732500830551 -0.33255585826656153 2.929308955188191 2.615850093443604 0.15278145816919919 -1.63039951073812 -0.74555268529774554 1.6090319600435767 -0.44081424227199101 0.7840193442825798 1.5301108539968298 0.011764878819150037 -0.078995249998604633 4.7213882815600394 -0.082510190313102014 3.168099304607936 0.082220956287490363 0.10242955208701246 2.9795962293404505 0.70046427638125208 0.070506762834151512 0.082134567467208652 0.82884301262242444 3.9485967266944146 -0.28534012235898748 1.4375853434255568 1.545493342527529 1.0742379996434945 -0.12689118452323306 1.3312013186346614 0.21866536927333471 0.0026086565538849188 1.8323834065823537 0.34221896067947932 0.72657741940304843 0.24178950616543529 -0.095255227010073648 1.2411575341432155 1.8321097263011854 1.9184603688086588 0.38579617152327811 0.53248406998745346 0.63150244489906393 -0.049039041113483839 -0.07826344154482362 -0.26732446781659158 1.7179740368651248 0.56884794116848036 0.67421119533395502 0.45640497402523084 0.48686658103673192 -0.40374806332798968 0.14781862007101465 -0.17281398153518998 -0.23593092196852644 2.0359410188658535 -0.062598873322390017 0.62045320730055531 -0.49663842810248882 -0.3126279420377614 3.5233868427685833 0.85362143050212014 -0.017480655678923453 0.023877322445617709 -0.1660221383717668 1.3115943143915192 0.078496675776057928 0.022150609623052681 0.74597274763536625 -0.11939656368059956 2.3021291334462721 3.9122509944145309 -0.29104951756046366 0.0034955154018049472 0.13336725967105578 0.85772683215341894 -0.22275482316479084 0.17952145035474978 0.10908682509588567
leaf_weight=66703 14511 429 326 203 1476 200 398 201 269 332 206 2589 1891 250 68346 335 680 203 250 340 31193 2305 202 216 244 235 245 204 476 301 1990 2396 270 398 212 5449 11359 315 235 260 670 3570 325 299 28584 1025 394 242 533 625 204 759 279 4447 2942 200 14243 278 404 287 200 200 11351 4167 250 330 949 22926 206 689 214 202 259 6308 443 259 749 927 13523
leaf_count=66703 14511 429 326 203 1476 200 398 201 269 332 206 2589 1891 250 68346 335 680 203 250 340 31193 2305 202 216 244 235 245 204 476 301 1990 2396 270 398 212 5449 11359 315 235 260 670 3570 325 299 28584 1025 394 242 533 625 204 759 279 4447 2942 200 14243 278 404 287 200 200 11351 4167 250 330 949 22926 206 689 214 202 259 6308 443 259 749 927 13523
internal_value=-0.000372319 -0.0758581 1.07789 0.12217 0.0997372 0.19612 0.756378 2.0925 2.39388 2.73958 3.08543 0.102874 0.414596 3.27648 -0.0799806 2.83486 0.552055 1.36248 3.87928 -0.118644 0.0380761 0.33698 -0.193157 3.15442 0.499141 0.531091 0.466778 0.880383 0.0719508 0.43894 0.0555677 0.212609 0.401837 0.94637 0.0279519 0.095984 -0.0462298 0.1455 0.387245 0.49389 0.548925 0.627548 1.20578 -0.0510866 -0.0230169 0.26917 0.956611 -0.107291 0.536283 0.834016 -0.251626 -0.0307019 0.540512 -0.0268596 -0.188922 -0.0174978 0.0213132 0.0825689 0.368098 1.03299 1.83989 0.0283147 0.0450686 0.165471 0.814972 0.111663 0.397429 -0.0186032 -0.0993122 0.0803937 2.83534 3.40412 0.196985 -0.0543021 0.0434 0.401457 0.101 0.360455 0.11867
internal_weight=343105 212318 755 130787 121470 47391 6761 2675 2475 2206 1874 40630 9317 1668 211563 966 6649 406 702 4086 74079 6829 3746 765 6243 5999 4524 728 2668 777 33801 5054 2658 668 28747 36642 14263 2904 3796 5764 5084 4155 585 144860 76514 1960 693 1267 2320 860 3544 74554 483 73795 3146 69348 33754 19511 2264 765 478 1499 17247 5896 450 5446 1279 37437 1299 895 549 452 929 35594 7010 702 14484 1460 13735
internal_count=343105 212318 755 130787 121470 47391 6761 2675 2475 2206 1874 40630 9317 1668 211563 966 6649 406 702 4086 74079 6829 3746 765 6243 5999 4524 728 2668 777 33801 5054 2658 668 28747 36642 14263 2904 3796 5764 5084 4155 585 144860 76514 1960 693 1267 2320 860 3544 74554 483 73795 3146 69348 33754 19511 2264 765 478 1499 17247 5896 450 5446 1279 37437 1299 895 549 452 929 35594 7010 702 14484 1460 13735
is_linear=0
shrinkage=0.06


Tree=26
num_leaves=80
num_cat=0
split_feature=94 96 205 99 209 76 96 36 99 129 77 145 39 201 78 52 71 56 193 79 194 57 96 82 199 77 91 96 36 206 86 207 149 95 89 29 194 42 207 207 175 54 163 42 69 201 208 56 207 196 99 49 15 171 193 87 17 208 123 194 209 201 63 18 49 35 191 94 48 96 205 139 201 96 90 194 90 35 77
split_gain=797233 237518 210960 390360 543694 329706 404988 297444 508422 596218 253113 198549 182451 169513 113976 110479 116540 109019 100703 96637.9 89055.1 83124.3 74174.1 69615.9 84285.4 56677.4 55678.2 79581.7 53711.8 269018 52726.8 48019.4 47045.9 44286.2 59435.4 93097.7 42026.9 40892.8 38651.1 47880.8 119260 93886.5 52267.4 41591.7 34088.2 30414.4 80405.2 37945.1 29602.3 30539.7 41849.4 50127.5 29460.4 64583.2 28985.2 143384 28738.8 28250.1 27808.9 27429.6 27412 29844.6 50214.9 26894.7 31132.2 26602 26311.9 26696.8 25838.9 25081.6 29894.9 42725.7 81612.8 193803 208075 56809.6 129803 41634.4 68664.8
threshold=13.354000091552736 36.506265640258796 0.37940952181816107 0.5849612057209016 2.5000000000000004 52.376279830932624 23.780482292175297 182.22661590576175 0.91204342246055614 157.29167175292972 47.517541885375984 5.5499999523162851 0.54185408353805553 37.500000000000007 -12.381500244140623 16.428999900817875 7.9514999389648446 64.463066101074233 16.550000190734867 0.7281862497329713 50.500000000000007 4.0167546272277841 6.7697556018829355 43.01250076293946 345.50000000000006 15.502862930297853 6.0260000228881845 17.357866287231449 131.08409118652347 -1.0000000180025095e-35 17.656499862670902 0.9996619224548341 0.63499999046325695 19.179116249084476 8.7290000915527362 144.02850341796878 78.500000000000014 19.289000511169437 -0.9550008475780486 -0.87395131587982167 44.264999389648445 65.865268707275405 582.80499267578136 9.427500247955324 11.202499866485597 177.50000000000003 -0.21862536668777463 79.896656036376967 0.96687895059585582 96.500000000000014 0.36586348712444311 17.829999923706058 62.624094009399421 0.32569362223148351 5.0499999523162851 6.5784997940063485 43.646940231323249 0.063390085473656668 -28.062470436096188 72.500000000000014 2.5000000000000004 57.500000000000007 18.452500343322757 34.018499374389656 36.371000289916999 279.26306152343756 21.449253082275394 42.197711944580085 26.833999633789066 10.518916606903078 -0.37940952181816096 7.7565000057220468 177.50000000000003 14.722737789154055 12.002500057220461 95.500000000000014 7.2525000572204599 249.19450378417972 23.251429557800297
decision_type=8 8 2 2 2 8 10 8 2 8 10 10 8 8 10 10 10 10 8 8 8 10 10 8 10 8 10 10 8 2 10 2 2 8 8 8 8 10 2 2 10 10 10 10 10 10 2 10 2 8 2 10 10 2 8 10 10 2 10 10 2 8 10 10 10 8 8 8 8 10 2 8 10 10 10 10 8 8 10
left_child=22 2 30 20 5 6 11 8 9 56 12 -5 13 -11 -13 -15 -17 -8 -10 -18 31 65 -1 28 37 32 -16 -28 29 -3 57 -4 -23 48 35 -35 44 -25 -27 40 -40 -42 43 58 45 46 -30 -48 -22 50 -50 -52 53 -20 55 -24 -6 -2 -41 -59 -39 62 -62 -45 -65 -9 -32 -68 -69 -56 -71 -72 75 -74 -75 -73 -77 78 -78
right_child=1 23 3 4 7 -7 17 21 18 10 -12 14 -14 15 26 16 19 -19 52 -21 33 25 54 24 -26 38 27 -29 36 -31 66 -33 -34 34 -36 -37 -38 60 39 42 41 -43 -44 63 -46 -47 47 -49 49 -51 51 -53 -54 -55 69 -57 -58 59 -60 -61 61 -63 -64 64 -66 -67 67 68 -70 70 71 72 73 74 -76 76 77 -79 -80
leaf_value=-0.13879606504664418 -0.078444389731411768 -0.59505278412812246 0.25614478246468858 0.7641419179772222 -0.10284820692366703 -0.31246620931713154 1.3530795747155493 -1.0474586980686826 1.1624495109308113 4.1091469083387073 0.2168138802667027 3.9076367982771334 0.70872609877292025 3.2960446085359068 2.8895232077048725 3.0145994147833655 0.44148427920944894 -0.19371625923087102 -0.31643759080991496 2.1052172804434037 -0.050531163764160503 1.3181611258619359 1.5629479895366523 0.032692911153932476 1.6732180839691844 -0.69976829884219027 0.96863524860349182 2.5891999718965577 1.7634270590602128 2.3180368784093455 0.011690024902060201 1.0170866090474249 0.29416983497870525 1.5033620248434785 0.088307034915707558 0.16606614961458346 -0.086253037397749713 0.032131737767174692 -0.48754788523417636 1.0904533217214207 0.29397152194126841 2.083179990791757 -0.41420647863135973 -0.079400628311478802 0.12382867912466344 0.16111493070372646 0.13816414146383005 1.0864261214456086 0.086382146452679553 -0.20402794089515439 1.4375305820531739 0.32361629819299315 -0.87292118390811524 0.73985648639230839 -0.085321157186174279 -0.48852985153210832 0.67200630375935178 0.045170961503645697 0.14233834238939508 -0.097600748190652661 1.5615782698461991 0.48083551788615231 0.55437538006875131 0.97383984552425096 0.019040558088990842 -0.3138827818790727 0.099182939254759739 1.02950346577803 0.2560977584243837 -0.086295570431635757 -0.06088826439810828 -0.020717951674281858 0.093197627858715423 2.3516515608221571 0.16933850643228046 1.6809073002957577 -0.044027630884844078 -0.29462424350971428 1.3350624971475127
leaf_weight=60103 19279 232 5456 257 836 386 274 252 205 201 275 204 242 241 337 203 242 406 1277 262 16211 215 215 742 209 251 202 241 200 223 15874 315 644 277 16595 576 1759 403 258 232 222 201 915 2190 2413 635 531 212 1581 659 202 516 229 248 65869 283 216 23041 214 6133 262 4124 559 205 305 605 22656 203 659 22699 19575 14323 2118 323 306 231 352 485 205
leaf_count=60103 19279 232 5456 257 836 386 274 252 205 201 275 204 242 241 337 203 242 406 1277 262 16211 215 215 742 209 251 202 241 200 223 15874 315 644 277 16595 576 1759 403 258 232 222 201 915 2190 2413 635 531 212 1581 659 202 516 229 248 65869 283 216 23041 214 6133 262 4124 559 205 305 605 22656 203 659 22699 19575 14323 2118 323 306 231 352 485 205
internal_value=-0.000301585 0.0996593 0.077866 0.168779 0.447282 1.28701 1.6084 0.27704 0.644278 1.17522 1.88103 2.25289 2.20966 2.52489 2.64055 2.18501 1.80216 0.430623 -0.0925971 1.30882 0.0788033 0.0209716 -0.0838824 0.350482 0.49099 0.101818 2.30458 1.8541 0.207789 0.834634 0.019825 0.297848 0.5517 0.0442737 0.113433 0.601586 0.15805 0.45015 0.0243247 0.0627913 0.527981 1.14707 -0.0153284 0.100778 0.26572 0.482476 0.698476 0.409828 -0.0186794 0.155839 0.259037 0.638565 -0.23986 -0.144288 -0.0578903 0.398506 0.0567345 -0.0220882 0.636864 0.015155 0.508053 0.546824 0.877306 0.0120217 0.403987 -0.530559 0.0713784 0.111664 0.439216 -0.0596904 -0.0318379 0.000763718 0.0665563 0.368052 1.29194 0.0134321 0.397382 0.111499 0.46502
internal_weight=343517 156430 143926 56081 13693 2307 1921 11386 4677 2718 1666 1241 1391 1149 984 948 707 680 1959 504 42388 6709 187087 12504 6299 5852 780 443 6205 455 87845 5771 859 36617 17448 853 5750 6090 4993 4742 681 423 4061 3146 3991 1578 943 743 19169 2958 2299 718 1754 1525 126984 498 1052 48453 446 29174 5348 4945 821 2700 510 857 39392 23518 862 126486 60617 37918 18343 2747 629 15596 1273 1042 557
internal_count=343517 156430 143926 56081 13693 2307 1921 11386 4677 2718 1666 1241 1391 1149 984 948 707 680 1959 504 42388 6709 187087 12504 6299 5852 780 443 6205 455 87845 5771 859 36617 17448 853 5750 6090 4993 4742 681 423 4061 3146 3991 1578 943 743 19169 2958 2299 718 1754 1525 126984 498 1052 48453 446 29174 5348 4945 821 2700 510 857 39392 23518 862 126486 60617 37918 18343 2747 629 15596 1273 1042 557
is_linear=0
shrinkage=0.06


Tree=27
num_leaves=80
num_cat=0
split_feature=94 96 97 97 205 120 57 97 207 36 205 95 97 123 36 205 57 85 97 84 194 52 74 207 122 191 203 141 124 97 71 133 200 94 85 193 54 80 191 84 207 56 148 74 49 160 56 36 114 202 93 194 84 193 57 95 145 40 193 191 194 89 96 2 3 36 88 96 204 149 46 36 194 192 208 76 205 194 57
split_gain=696364 222880 173851 811773 1.88297e+06 562194 346788 166573 132866 172334 143330 84575.3 77028.6 67719.3 91865.7 204183 91144.9 80526.8 67478.2 56320.3 93087.6 51641.5 60255.3 49788.1 86341.8 37591 37219.4 37289.7 34868.6 31969.6 42785.9 57326.7 30457.1 37152.6 30297.9 44975.7 98476.5 30239.6 29670.8 25257.6 29784.3 50635.6 27533.5 25193.1 24842.6 24267.8 24070.8 23524 23345.2 23062.1 22471.3 22125.8 20140.9 45040.4 35306.1 19838.3 27784.5 19340.7 19339.5 41489.6 43542.3 19288.2 18089.1 56032.4 25146.6 29270.9 17468.5 17463.5 17204.8 17038.3 16545.4 21183.9 16079 16036.7 16897.2 17203.2 21645.7 18372.4 28075.4
threshold=13.724246978759767 40.390100479125984 36.21507644653321 48.168771743774421 0.93301269412040722 94.93125152587892 6.0288295745849618 40.950769424438484 0.97112539410591137 156.50531768798831 0.93301269412040722 19.320567131042484 42.884325027465827 -10.276521682739256 158.89533996582034 0.93301269412040722 4.2418375015258798 18.372500419616703 1.5074734687805178 14.71299982070923 95.500000000000014 89.502498626708999 40.066303253173835 0.82414472103118908 -10.257125377655028 12.860840797424318 -0.97988739609718312 5.9231507778167733 0.86565911769866954 75.481174468994155 34.384000778198249 1.1560968160629275 19.94999980926514 30.783332824707035 14.777499675750734 8.9499998092651385 50.030729293823249 9.8515000343322772 33.900127410888679 51.96100044250489 -0.091260667890310274 54.457740783691413 0.35019405186176306 81.156024932861342 128.67499542236331 18.500000000000004 36.234933853149421 inf -230.16585540771482 -0.70088258385658253 3.693366646766663 92.500000000000014 0.40500000119209295 8.6500000953674334 0.1794179901480675 18.315331459045414 7.0499999523162851 inf 17.44999980926514 49.514556884765632 71.500000000000014 5.5824999809265146 17.880798339843754 30.005999565124515 78.012500762939467 274.14323425292974 5.0060000419616708 9.7091674804687518 8.0000000000000018 24.204999923706058 22.451499938964847 210.819938659668 61.500000000000007 0.81557041406631481 -0.42179730534553522 41.13264465332032 -0.68301269412040699 77.500000000000014 27.955738067626957
decision_type=8 8 2 2 2 8 8 2 2 10 2 8 2 8 8 2 10 8 2 8 10 10 8 2 10 8 8 8 8 2 8 8 8 8 8 8 10 2 10 8 2 10 8 8 8 8 10 8 10 10 10 10 10 8 10 10 10 8 10 8 10 8 10 8 10 8 10 10 2 2 10 10 10 8 2 8 2 10 10
left_child=12 2 11 4 -4 -6 -7 -8 19 10 -10 51 18 38 15 16 -15 44 50 29 23 22 46 43 -25 48 -19 -28 -24 30 55 -32 33 57 45 36 -36 -29 -3 -39 42 -42 -41 58 -16 52 -9 -34 -13 -11 -1 -2 53 -20 -55 -5 -57 -27 -21 -60 -61 -53 -37 -64 -65 -66 -48 -54 -47 -69 71 -71 -50 -35 -75 77 -77 78 -76
right_child=1 13 3 8 5 6 7 21 9 49 -12 25 -14 14 17 -17 -18 26 34 20 -22 -23 28 24 -26 32 27 37 -30 -31 31 -33 47 73 35 62 -38 39 -40 40 41 -43 -44 -45 -46 68 66 -49 72 -51 -52 61 67 54 -56 56 -58 -59 59 60 -62 -63 63 64 65 -67 -68 69 -70 70 -72 -73 -74 74 75 76 -78 -79 -80
leaf_value=-0.17924204595193052 0.012247184272494433 -0.39719426041809464 -0.050783713058145843 -0.38801360782180833 -0.53586163350341398 0.049526737633317997 1.1666002908323994 2.1232648401260374 0.52943116507960553 -0.59760479932246002 2.6841247449929897 -0.091957388871506673 0.9585482245902297 1.1377022404618122 -0.26667608556419925 2.104602242453034 -0.55951473058093082 1.2421711310714778 0.89213274934418785 -0.14000291910578186 1.1817840295833286 1.9656168920717068 3.0987797616360453 1.5086633226455644 -0.19896830497643436 0.12283175017317763 1.0626011569593468 -0.33150067825340529 4.1256220922335771 -0.21238829920962327 0.095072506668294282 1.2115540363129882 0.061649290936860696 0.11118964227966052 -0.02210755008922418 -0.016335678568198512 1.6105748930772239 0.28770404234799968 0.45312473270541698 1.2970825472703769 0.55455217065983087 -0.19389205500600232 0.43517765000018671 -0.53151167307211 0.28397818932194363 -0.19295899791452092 3.302578117586823 -0.42093675637861744 0.19661712635240419 0.26349578928263462 -0.10292237422867248 0.28645152223899734 -0.086708641656757679 0.79037144724927511 -0.005004384957841921 -0.15254126481190114 0.44007010114283213 0.68762552780674935 -0.050170108397313833 0.12650040197366733 1.2354044340682768 -0.14586745815102647 0.96446655506553169 -0.26786589436904384 0.88079959545784914 0.0065483890489929104 2.6506475947170185 -0.040327399608956233 -0.077997990315546023 0.065461492938111016 0.037681086371906779 0.83045945348142969 0.0011426951682289804 0.098364310580733652 0.50117003725713916 -0.029215117343653743 0.43099406972610205 0.24783266013252594 1.1564735466080611
leaf_weight=20349 56288 557 3586 676 258 201 237 219 240 206 207 5103 258 203 848 355 257 201 218 1318 283 209 337 214 211 28601 305 205 212 6337 652 221 13131 1298 393 17946 200 3142 200 314 2179 382 234 321 451 7945 246 373 2557 243 43768 400 41690 206 6832 1070 387 219 1012 293 225 5066 280 565 200 439 517 37828 11431 275 1539 247 3715 776 1049 585 990 592 304
leaf_count=20349 56288 557 3586 676 258 201 237 219 240 206 207 5103 258 203 848 355 257 201 218 1318 283 209 337 214 211 28601 305 205 212 6337 652 221 13131 1298 393 17946 200 3142 200 314 2179 382 234 321 451 7945 246 373 2557 243 43768 400 41690 206 6832 1070 387 219 1012 293 225 5066 280 565 200 439 517 37828 11431 275 1539 247 3715 776 1049 585 990 592 304
internal_value=0.000133768 0.096594 0.0773562 0.240587 0.823762 2.11066 2.42426 2.66555 -0.00824057 0.698417 1.53101 0.0501984 -0.0754974 0.37278 0.418252 1.0257 0.190318 0.358206 -0.0768894 -0.0561842 0.136041 2.86893 2.99088 0.0533911 0.662397 0.101381 0.439114 0.415059 3.50208 -0.135957 0.0251871 0.378773 0.124657 0.154621 -0.05176 0.0160389 0.530329 0.384308 -0.172238 0.407832 0.529103 0.442882 0.930506 -0.028467 -0.075423 -0.0643053 2.70182 0.0482894 0.00332651 -0.132025 -0.127147 0.00105479 -0.0510342 0.0447553 0.018385 -0.119639 0.00505865 0.127147 0.0283982 0.173462 0.609619 -0.114184 0.000316432 0.201566 0.0234937 0.281128 2.86489 -0.0595546 -0.125145 -0.0311731 0.136785 0.428339 0.0808533 0.296117 0.351953 0.407814 0.260149 0.527193 0.649153
internal_weight=343627 151018 141185 20138 6022 2436 2178 1977 14116 896 447 121047 192609 9833 9076 815 460 8261 192351 13220 3877 1740 1531 3594 425 59293 6962 6761 549 9343 3006 873 47918 34414 128234 20023 593 6456 757 6251 3109 2561 548 3169 1299 108211 982 13504 11375 449 64117 61754 88835 7256 7038 2133 1457 28820 2848 1530 518 5466 19430 1484 1204 639 763 81579 19376 39889 2061 522 6272 5594 4296 3520 1575 1945 1353
internal_count=343627 151018 141185 20138 6022 2436 2178 1977 14116 896 447 121047 192609 9833 9076 815 460 8261 192351 13220 3877 1740 1531 3594 425 59293 6962 6761 549 9343 3006 873 47918 34414 128234 20023 593 6456 757 6251 3109 2561 548 3169 1299 108211 982 13504 11375 449 64117 61754 88835 7256 7038 2133 1457 28820 2848 1530 518 5466 19430 1484 1204 639 763 81579 19376 39889 2061 522 6272 5594 4296 3520 1575 1945 1353
is_linear=0
shrinkage=0.06


Tree=28
num_leaves=80
num_cat=0
split_feature=96 205 97 97 93 97 209 75 85 80 29 194 85 139 37 60 85 83 30 194 84 39 88 80 86 80 181 198 56 90 144 56 29 84 22 59 36 62 52 84 207 207 193 84 59 208 193 105 65 193 197 207 189 27 47 91 53 90 194 85 56 68 47 83 85 208 197 4 208 208 199 199 96 114 37 82 91 96 80
split_gain=634173 223187 863339 1.91021e+06 413108 218626 600798 231431 189716 171306 128471 95755.6 86737.1 105144 150628 314689 74765.4 71187.3 68375.9 67449.2 64389.5 93525.4 60628.9 59263.3 53730.9 52734.7 48688.4 44240.7 46630.9 55602.1 144763 168671 281697 160881 175617 116928 125465 50643.8 43337 41378.5 41117.9 107084 35107.6 141590 34947.2 34406.4 48311.8 34325.3 33716.1 32784.2 39856 43794.8 32345.7 41203.2 70879.9 32434.6 30865.9 30013.4 29181.7 27207.6 26293.6 25830.1 24353.4 24313.7 23564.3 23305.9 53693.3 32868.8 32658.1 47381.7 22993.3 22689.2 22592.8 35532 211015 20388.7 20089.4 19324.2 23018.1
threshold=13.160812854766847 0.93301269412040722 36.21507644653321 48.168771743774421 36.440832138061531 75.481174468994155 4.5000000000000009 43.067745208740241 24.501000404357914 31.209000587463382 98.970001220703139 55.500000000000007 49.913999557495124 25.445999145507816 48.086233139038093 43.158500671386726 37.112499237060554 18.164000511169437 70.014999389648452 83.500000000000014 16.107999801635746 0.24002577364444735 7.2525000572204599 28.891500473022464 17.350999832153324 9.3074998855590838 7.0000000000000009 17.250000000000004 72.571735382080092 10.236499786376955 -0.88426831364631642 34.352075576782234 144.02850341796878 9.1050000190734881 247.20999908447268 0.44452853500843054 166.3420104980469 78.002498626708999 72.212497711181655 12.610000133514406 0.9837264120578767 0.90162119269371044 5.0499999523162851 5.2024998664855966 0.73844173550605785 0.063390085473656668 32.750000000000007 -16.038388252258297 15.661499977111818 26.150000572204593 983.04998779296886 0.9996619224548341 12.730971336364748 246.02349853515628 65.187500000000014 44.760000228881843 59.185832977294929 1.5825000405311587 70.500000000000014 5.0209999084472665 63.653787612915046 17.871000289916996 139.16249847412112 6.0014998912811288 5.6015000343322763 0.86004966497421276 989.95001220703136 184.0830001831055 0.81304046511650097 0.76002004742622387 261.50000000000006 251.50000000000003 23.205305099487308 367.33544921875006 89.778610229492202 8.6024999618530291 15.711499691009523 18.978005409240726 6.8775000572204599
decision_type=8 2 2 2 8 2 2 10 8 2 8 8 8 8 8 8 8 10 10 10 8 8 10 2 10 2 2 8 8 10 10 10 8 10 8 8 8 10 10 8 2 2 8 10 10 2 10 10 8 10 10 2 8 10 10 8 10 10 10 10 10 10 10 8 8 2 8 8 2 2 10 10 10 8 8 8 10 10 2
left_child=25 9 11 4 8 6 7 -5 17 24 -8 23 27 -14 15 61 26 18 -4 -20 -7 -22 -12 47 45 42 -11 28 29 30 31 35 -33 34 -34 57 -37 48 63 -31 41 76 43 -1 -25 75 58 -3 -35 50 70 -52 -16 55 -55 -54 -50 -13 -47 -41 -24 -15 -28 -21 -44 68 -67 -68 69 -18 -49 -51 -61 -74 -75 -2 -23 -26 -79
right_child=1 2 3 5 -6 20 10 -9 -10 16 22 12 13 14 52 -17 65 -19 19 38 21 40 60 44 77 -27 62 -29 -30 39 -32 32 33 37 -36 36 -38 -39 -40 59 -42 -43 64 -45 -46 46 -48 49 56 71 51 -53 53 54 -56 -57 -58 -59 -60 72 -62 -63 -64 -65 -66 66 67 -69 -70 -71 -72 -73 73 74 -76 -77 -78 78 -80
leaf_value=1.4822291175315008 -0.18985301842648267 0.080047313195425698 3.0726627573937422 1.2745152424698445 -0.30017397658809164 -0.21759703456841467 1.2393351738689458 4.1422366189440849 0.82070458954716308 0.60652144072253045 0.33644364715091823 0.062011892484475493 -0.054592094220975849 -0.079553590748669967 -0.4410115421329861 3.1472161768829765 0.32146979091030486 3.6333268473853528 1.3804619286008124 2.1609356899559495 1.4580290734360857 -0.35878807972371579 -1.2174041203266153 0.48705001599612063 -0.0017624083957006017 -0.030796032892995134 0.048018617891363941 -0.29553956910694879 -0.098735550565716437 -0.13667412316085278 -0.043261298088968753 2.4484096836076334 2.8350118836613709 -0.31385412693134174 0.37508673541925946 1.7198147774000225 -0.22797153212273347 1.0927745640692967 1.7209133623414119 0.57256752801692545 -0.64572841641011425 1.461456760185436 -0.13295688633477212 -0.43203923695259266 1.2492460450700027 0.030247860263486939 0.92127093038180974 1.4257332180667692 0.075842341722304377 -0.23895225570076145 0.10552993292391907 1.0498757836149102 -0.1711788971608473 0.1508925885772705 1.6350267682152408 0.46759106944868528 0.90334848836841097 -0.61831746786901587 -0.10144295039068514 0.0079232831657381261 -0.30547202371860421 0.83282151087929923 0.70151517703811428 2.8995079474112355 -0.079337790565580907 1.4969461208581925 0.72298665112521787 -0.03235808119177818 -0.37398437348243435 1.2518136273049614 0.59339105545633253 0.32484353336265959 0.091698728399932122 2.1755094887316226 -0.041374828251499324 -0.059353435098355604 0.23613352779111818 0.39502761905189154 0.078300541225427261
leaf_weight=238 5861 3568 483 200 226 2945 222 207 248 648 253 364 1661 211 200 226 4628 212 273 255 204 419 259 1247 12780 56891 7604 1473 7205 4558 3871 324 202 471 216 242 233 209 235 370 231 205 53111 332 262 24183 204 235 525 399 734 232 530 249 216 620 234 649 8081 13056 204 236 210 537 66407 209 528 341 227 205 247 718 5899 205 619 16285 397 856 22927
leaf_count=238 5861 3568 483 200 226 2945 222 207 248 648 253 364 1661 211 200 226 4628 212 273 255 204 419 259 1247 12780 56891 7604 1473 7205 4558 3871 324 202 471 216 242 233 209 235 370 231 205 53111 332 262 24183 204 235 525 399 734 232 530 249 216 620 234 649 8081 13056 204 236 210 537 66407 209 528 341 227 205 247 718 5899 205 619 16285 397 856 22927
internal_value=0.000721034 0.084697 0.176167 0.748252 2.14364 0.148398 0.817566 2.73961 2.3899 0.032006 -0.0184435 0.0870038 0.0537038 0.315074 0.561788 1.32779 0.222812 2.58446 2.45778 2.22715 -0.056248 0.270032 -0.40961 0.283381 0.00145049 -0.0783814 0.107153 0.0271988 0.0392559 0.0700897 0.212697 0.482685 0.818587 0.53306 1.56778 -0.00987398 0.765903 0.231614 2.45065 0.0265624 0.0754519 0.23909 -0.100924 0.368448 0.620126 -0.0362361 0.00309566 0.200439 0.0845173 0.36781 0.556121 0.333181 0.27718 0.366338 0.842326 0.173308 0.331816 -0.374036 -0.00273819 0.0634939 -0.817127 0.402932 0.0656688 2.66473 -0.103166 0.382219 0.635544 0.426889 0.328135 0.361183 1.00131 0.123418 0.0539423 0.143296 0.512124 -0.0938975 -0.0694123 0.0577423 0.0897163
internal_weight=343687 166708 60931 8215 2469 5746 1345 407 2243 105777 938 52716 45074 4149 2488 673 14600 1995 1783 1300 4401 1456 716 7642 91177 176979 8462 40925 39452 32247 7540 3669 2181 1857 418 1488 475 1439 1027 24707 1252 1021 120088 570 1509 54614 32468 6133 1230 2565 1448 966 1815 1615 465 1150 759 1013 32264 20149 463 447 7814 792 119518 6138 1078 869 5060 4833 482 1117 19779 6723 824 22146 816 36563 23783
internal_count=343687 166708 60931 8215 2469 5746 1345 407 2243 105777 938 52716 45074 4149 2488 673 14600 1995 1783 1300 4401 1456 716 7642 91177 176979 8462 40925 39452 32247 7540 3669 2181 1857 418 1488 475 1439 1027 24707 1252 1021 120088 570 1509 54614 32468 6133 1230 2565 1448 966 1815 1615 465 1150 759 1013 32264 20149 463 447 7814 792 119518 6138 1078 869 5060 4833 482 1117 19779 6723 824 22146 816 36563 23783
is_linear=0
shrinkage=0.06


Tree=29
num_leaves=80
num_cat=0
split_feature=94 97 205 96 205 97 97 141 39 164 77 97 203 36 77 80 96 56 207 201 198 99 123 198 201 96 196 80 114 202 114 82 28 132 64 113 199 97 45 200 208 88 207 66 40 172 205 120 202 85 57 115 88 16 20 96 78 72 87 90 115 71 51 176 114 96 80 28 80 155 99 205 62 86 203 196 201 196 146
split_gain=569234 214449 371341 158357 141006 491317 1.30467e+06 839964 536847 269638 146532 210850 99933.3 93474.7 355803 83196.5 72635.7 54080 46938.7 63357.6 71860.2 63848.3 46028.4 51354.4 48422.6 55276.4 42121 42533.6 49887.9 47678.7 40249.1 37927.4 53193.4 36378.5 36045.2 35705.5 34893.7 33485 32514.5 29565.5 29383 28706.4 27072.3 71663 44307.6 26771.1 27816.9 41112.1 55820.5 100438 125503 189590 326010 95928.4 62342.5 45808.7 102171 66256.7 38538.6 73721.7 35847.3 41112.4 29770.8 27463.4 26063.2 25851.6 25784.6 24426.6 23870.6 23827.1 23579.3 25878.5 44870.6 23161.7 22033.1 23391.6 36170.9 21086.7 21004.4
threshold=15.24204206466675 42.884325027465827 0.93301269412040722 31.362920761108402 0.93301269412040722 36.21507644653321 63.294715881347663 10.481819629669191 0.77940684556961071 77.500000000000014 47.121683120727546 48.168771743774421 0.99901017546653759 109.17042160034181 18.718308448791507 26.207500457763675 9.7091674804687518 26.653347015380863 0.90162119269371044 82.500000000000014 3.9500000476837163 0.32228387892246252 13.795756816864015 5.3500001430511483 37.500000000000007 21.935880661010746 24.500000000000004 52.175998687744148 161.01001739501956 -0.70088258385658253 -230.16585540771482 14.982500076293947 150.0100021362305 -46.990528106689446 104.86000061035158 233.74914550781253 298.50000000000006 15.493083477020265 151.20000457763675 13.050000190734865 -0.4906590580940246 9.4024996757507342 -0.87395131587982167 59.371000289916999 111.62500000000001 9.4349999427795428 -0.37940952181816096 19.48124980926514 -0.97625884413719166 5.368499994277955 10.410302162170412 1.0646523833274844 8.5515003204345721 117.33075332641603 50.024999618530281 17.880798339843754 27.404000282287601 1.9525000452995303 5.2874999046325692 7.4809999465942392 1.0816870927810671 21.409999847412113 76.312500000000014 2.8750000000000004 -8.5828533172607404 23.04102993011475 18.270000457763675 309.12500000000006 7.5899999141693124 86.224998474121108 1.0164502859115603 0.37940952181816107 87.239002227783217 30.701499938964847 0.7933231294155122 23.500000000000004 67.500000000000014 1.5000000000000002 23.349999427795414
decision_type=10 2 2 8 2 2 2 8 8 2 10 2 10 8 10 2 10 10 2 8 10 2 8 10 10 10 8 2 8 10 10 8 8 8 8 8 10 2 10 10 2 10 2 10 8 10 2 10 10 10 10 8 8 10 8 10 8 10 8 8 8 10 8 2 8 10 2 8 2 2 2 2 10 10 8 8 10 10 10
left_child=1 16 -3 4 30 18 7 41 9 10 11 17 13 14 40 34 68 -9 42 20 -20 -22 23 -23 25 -24 27 -17 -29 35 37 -8 -33 69 38 -30 -21 -2 74 -35 -5 -7 43 44 -6 46 -18 48 -48 50 54 52 -52 63 -50 58 57 -57 59 -51 -56 -62 -59 -54 -41 67 -44 -19 -1 -28 71 -36 -73 -32 -15 76 -76 -49 -68
right_child=3 2 -4 12 5 6 31 8 -10 -11 -12 -13 -14 15 -16 26 45 65 19 36 21 22 24 -25 -26 -27 33 28 29 -31 73 32 -34 39 70 -37 -38 -39 -40 64 -42 -43 66 -45 -46 -47 47 77 49 55 51 -53 53 -55 60 56 -58 62 -60 -61 61 -63 -64 -65 -66 -67 78 -69 -70 -71 -72 72 -74 -75 75 -77 -78 -79 -80
leaf_value=-0.11328156681512462 0.019598493372754412 -0.22006302779761966 2.3732221617941129 -0.10175817616875306 0.064586860538812838 -1.286323995290868 -0.2118524045294482 1.6142036947062317 -0.8421222837062543 0.62230055381749805 1.1057209903172083 4.4149115909438539 1.5161295179874363 -0.14832624065858127 2.4502320927944021 0.28002357475691075 -0.058941918946517957 2.3695195883819733 -0.00092569142601192926 -0.099583194584597745 0.18070994959906345 0.46402283070348554 0.4460487628452563 1.7044267543544993 0.32492344484302643 1.7285482814988573 0.42444139461271013 0.41861177267138228 1.1297966744559151 1.4756465277603683 0.057094205137311067 0.95482355222672555 -0.13608036031502199 0.14751258784840846 0.1588280712300183 0.060302665349509982 0.22522892976410958 -0.096964385952032092 0.66453647716408182 0.12420502550676144 0.65781151839709684 -0.30264223686078695 -0.078691035169454901 1.2309253121301602 0.95505039900115551 -0.13070933017051742 -0.027526095745562289 0.013140925776716795 1.0195702647468901 1.4072985149912718 3.1172580536253998 -0.030256693390485461 0.58863348395204151 1.5209592271273424 -0.34051484367098001 1.0408722304276401 1.4581258481767145 -0.24335412629371481 -0.0064360972530290847 0.068988685678245856 -0.092375947370898298 0.94731644769410395 0.42774801939462909 -0.37473139308493236 -0.67217133305655652 3.2935375254494805 0.036774005362248105 3.1264764250978896 -0.052977413625935485 -0.077158060817882929 -0.20020505163989721 0.16746213447571415 1.2173687661567119 0.23024391178294421 0.050509233994754689 -0.075996036645199841 1.001099108486984 -0.10178478014387217 0.37787436789460482
leaf_weight=80042 28596 453 353 610 4787 225 2864 212 208 284 209 248 225 3424 325 4185 34110 775 1809 3177 1726 210 268 283 1264 221 1584 1983 209 373 25293 262 414 927 702 242 1903 12862 229 232 261 204 9210 210 209 7968 16476 10182 212 204 266 592 203 276 815 247 255 792 11890 535 393 209 339 222 406 209 9086 208 33533 434 282 290 296 3124 378 830 232 13195 699
leaf_count=80042 28596 453 353 610 4787 225 2864 212 208 284 209 248 225 3424 325 4185 34110 775 1809 3177 1726 210 268 283 1264 221 1584 1983 209 373 25293 262 414 927 702 242 1903 12862 229 232 261 204 9210 210 209 7968 16476 10182 212 204 266 592 203 276 815 247 255 792 11890 535 393 209 339 222 406 209 9086 208 33533 434 282 290 296 3124 378 830 232 13195 699
internal_value=0.00119914 -0.0589997 0.917239 0.100248 0.0731187 0.160887 0.647707 1.61975 2.06479 2.34693 2.60965 2.79913 0.261999 0.24661 0.759355 0.210993 -0.0626989 2.51078 0.0730933 0.176716 0.312544 0.455274 0.666097 1.17807 0.521524 1.02801 0.315615 0.401331 0.582026 0.974306 0.0211354 -0.116439 0.287511 0.148279 0.044922 0.557325 0.0221139 -0.0165656 -0.0325731 -0.0688009 0.126344 -0.820351 0.0265838 0.147787 0.102022 -0.0252382 -0.0160435 0.00949261 0.0516787 0.12646 0.430867 0.815505 1.33278 0.652168 0.0624839 0.0583898 0.357326 0.152713 0.0197104 0.43983 -0.0813257 0.269553 -0.0420013 0.0857186 -0.382839 2.66875 -0.00664064 2.5327 -0.0954774 0.31658 0.296173 0.404923 0.698961 0.0761367 -0.0655233 0.13133 0.413092 -0.0517297 0.0611769
internal_weight=343680 213762 806 129918 111259 41384 6322 2782 2353 2145 1861 1652 18659 18434 1196 17238 212956 1404 35062 10861 5781 3972 2246 493 1753 489 10575 6992 2807 824 69875 3540 676 3583 6663 451 5080 41458 5093 1565 871 429 24201 5206 4996 99381 91413 57303 33926 17450 3188 1559 967 701 1629 14262 1633 1378 12629 739 1417 602 1131 425 638 1192 18995 983 113575 2018 1570 1288 586 28417 4864 1440 610 23377 9785
internal_count=343680 213762 806 129918 111259 41384 6322 2782 2353 2145 1861 1652 18659 18434 1196 17238 212956 1404 35062 10861 5781 3972 2246 493 1753 489 10575 6992 2807 824 69875 3540 676 3583 6663 451 5080 41458 5093 1565 871 429 24201 5206 4996 99381 91413 57303 33926 17450 3188 1559 967 701 1629 14262 1633 1378 12629 739 1417 602 1131 425 638 1192 18995 983 113575 2018 1570 1288 586 28417 4864 1440 610 23377 9785
is_linear=0
shrinkage=0.06


Tree=30
num_leaves=80
num_cat=0
split_feature=94 97 204 81 181 79 81 201 191 209 194 190 183 97 97 76 194 71 94 96 97 97 204 109 166 39 207 193 208 97 194 140 193 194 99 141 91 194 56 193 57 193 194 207 76 207 76 194 190 96 207 204 88 88 17 204 123 95 197 99 95 59 99 99 59 77 97 57 207 55 96 201 197 146 194 193 5 97 208
split_gain=491713 237380 469004 141422 166914 130541 119573 98012.9 82197 81597 130904 214780 280350 117566 500197 153229 85776.5 78433.5 77846.1 59717.3 51980.1 87727 368886 382738 110397 106821 50336.8 122389 78735.6 136798 275667 51774.3 48744.7 47012.5 45694.6 44965.1 38030.4 32676.2 32282.3 31533.7 137491 31001.2 28646.6 30857.9 28294.9 28254.7 28248.2 26555 30103.6 50745.3 147148 298100 451861 32974.4 31499.1 28577.3 32096.6 25738.7 25543.8 24783.7 24500 23824 23810.2 23477.3 23407.1 29158.7 22364.6 23940.1 110915 22289.2 22048 20654.1 20571.5 22179.8 20467.4 19698.1 52896.9 19432.3 18939.9
threshold=16.591833114624027 42.884325027465827 10.500000000000002 37.412500381469734 7.0000000000000009 0.67034921050071727 62.957500457763679 107.50000000000001 11.384292125701906 10.500000000000002 86.500000000000014 1.0362189412117007 61.207494735717781 63.294715881347663 36.21507644653321 54.399641036987312 90.500000000000014 23.564999580383304 8.6151371002197283 46.914346694946296 75.481174468994155 36.21507644653321 10.500000000000002 2454.9499511718755 27.500000000000004 0.43051770329475408 0.9260200858116151 16.94999980926514 -0.065537083894014345 42.884325027465827 60.500000000000007 11.043000221252443 10.84999990463257 32.500000000000007 0.74050867557525646 7.3819017410278329 8.058500289916994 71.500000000000014 9.4434633255004901 5.0499999523162851 12.503234863281252 22.250000000000004 73.500000000000014 -0.12546116113662717 51.970226287841804 -0.32614396512508387 29.950344085693363 58.500000000000007 0.018413078971207145 17.880798339843754 0.61237135529518139 10.500000000000002 12.308000087738039 6.4260001182556161 13.057032585144045 10.500000000000002 5.5225324630737314 17.790887832641605 982.04998779296886 0.44365294277668005 16.388657569885257 0.53762775659561168 0.85159438848495495 0.40239635109901434 0.52771341800689708 16.262592315673832 1.5322539210319521 0.27745829522609716 0.78325453400611889 48.07988357543946 25.468791007995609 42.500000000000007 988.25000000000011 25.050000190734867 77.500000000000014 8.6500000953674334 294.14750671386724 14.741779804229738 0.054805127903819091
decision_type=10 2 2 2 2 8 2 8 8 2 10 8 8 2 2 10 10 10 8 8 2 2 2 8 10 8 2 10 2 2 10 10 10 8 2 8 8 10 10 8 10 10 8 2 8 2 10 8 10 10 2 2 10 8 10 2 8 8 10 2 10 10 2 2 10 10 2 8 2 10 10 10 10 10 10 8 8 2 2
left_child=1 18 5 7 6 -3 63 8 -2 10 26 -12 -13 14 15 36 -15 32 39 61 21 44 23 -23 25 34 62 -28 29 31 -31 38 -16 -24 -25 -21 -14 -11 -29 40 -1 59 45 -44 70 -37 -39 55 49 -49 53 52 -52 -51 -55 56 -20 60 71 -40 66 -6 -10 -5 65 -47 -41 68 -68 -22 72 -30 -9 -74 -63 76 -69 -60 -57
right_child=3 2 -4 4 19 -7 -8 20 9 37 11 12 13 16 17 -17 -18 -19 47 35 69 22 33 24 -26 -27 27 28 58 30 -32 -33 -34 -35 -36 42 -38 46 41 57 -42 -43 43 -45 -46 64 -48 48 -50 50 51 -53 -54 54 -56 78 -58 -59 77 -61 -62 74 -64 -65 -66 -67 67 75 -70 -71 -72 -73 73 -75 -76 -77 -78 -79 -80
leaf_value=-0.43710551619716942 -0.017031434283623633 0.91484939210555127 -0.21859341832053403 0.39905530093422453 0.18788976449874864 2.8525394079484134 2.0472712412883909 -0.0057478480611230049 0.12103076567233487 0.17513092684813236 0.017402464298937527 2.4501495644083393 0.80574197111651302 1.0212669494832323 2.3332361195833626 1.7987564747618592 -0.19819441556847922 3.1387219732829501 0.47136161495372303 1.2771351797539408 -0.23749242129994072 -0.5867136244707295 0.80287744131963701 2.0606755472191778 0.79124917227511449 1.0577218118698393 1.3241020286267584 -0.38401255984729354 0.83848267952392319 -0.042260294514042986 2.7696179223060606 1.1918369509881648 1.1635222130188574 -0.063620529993441047 3.280883642300402 0.94934423946681312 -0.07027981283348142 0.10845524941218428 0.33277180912122845 -0.12214822883278786 1.5908286585064955 0.13329187091490993 -0.57830520494121385 0.25445149474522688 -0.070424179611293103 0.45428965277707756 -0.15672017900976704 -0.02733838481588045 -0.078649127021465884 -0.59150775308608561 4.0477976299581284 -0.040702683760079073 0.35292433919734323 0.58324030407498373 -0.032471392562007151 -0.057299701021916942 0.082969659207616578 -0.39601076747158531 0.064288080406443376 1.1761913753610174 0.39850469099046432 0.034904471647171566 -0.14367873478958737 1.0138277847738808 0.99442309170672039 -0.0099351059549780026 -0.084360230790035393 -0.00425539690223725 1.4847759304092778 0.038808020669498462 0.12802971012292844 0.13763379234735754 0.09788129846093839 0.72340114001694289 -0.46294001445703375 -0.078760854425646454 0.98793183871346213 -0.27830453739857725 0.042310492714484053
leaf_weight=297 8616 203 731 594 5649 331 277 23849 8796 4314 2173 324 207 274 261 206 847 209 926 201 3565 337 239 222 296 210 391 303 225 251 250 202 259 3708 238 355 1253 2545 310 51011 201 1386 208 685 9928 1790 3347 46519 39637 331 203 698 287 338 2542 12173 4414 1013 1967 211 364 1912 1420 360 205 669 839 1379 200 1490 8568 460 5481 211 351 49039 224 854 15777
leaf_count=297 8616 203 731 594 5649 331 277 23849 8796 4314 2173 324 207 274 261 206 847 209 926 201 3565 337 239 222 296 210 391 303 225 251 250 202 259 3708 238 355 1253 2545 310 51011 201 1386 208 685 9928 1790 3347 46519 39637 331 203 698 287 338 2542 12173 4414 1013 1967 211 364 1912 1420 360 205 669 839 1379 200 1490 8568 460 5481 211 351 49039 224 854 15777
internal_value=0.000241358 -0.0502404 0.769085 0.102432 0.286598 2.11901 0.951762 0.0780658 0.14812 0.19092 0.253482 0.494126 0.763822 0.607774 0.845059 0.271029 0.100517 2.15473 -0.0547814 0.218432 0.0277998 0.045244 0.278091 1.15302 1.75992 2.18605 0.168471 0.294819 0.231926 0.462405 1.36359 0.27473 1.75398 -0.010962 2.69775 0.403856 0.0543898 0.0496833 0.190403 -0.0929011 0.382946 0.281824 0.358672 0.0600536 0.0197907 0.446952 -0.0421809 -0.022595 -0.0394405 -0.00891763 0.185842 0.756049 1.88878 -0.0252917 0.0399666 0.0232276 0.150396 -0.0951818 0.0403521 0.675948 -0.0922209 0.122001 0.0842263 0.631864 0.379673 0.328039 -0.0939642 -0.0661438 0.218824 -0.156059 0.0432943 0.368726 0.0187144 0.121192 -0.0424835 -0.0719946 0.13492 -0.0394867 -0.00107301
internal_weight=343136 229677 1265 113459 13256 534 1231 100203 41861 33245 23039 6013 3840 3516 2395 1666 1121 729 228412 12025 58342 53287 5250 1303 966 670 17026 6810 6419 2913 501 2412 520 3947 460 4113 1460 10206 2210 104567 498 1907 3912 893 48037 3019 5892 123845 90555 50918 4399 1188 490 3211 2880 33290 5340 104069 3506 521 103056 7912 10216 954 2664 2459 102692 51681 1039 5055 38109 685 29541 5692 2263 50642 1603 2821 27950
internal_count=343136 229677 1265 113459 13256 534 1231 100203 41861 33245 23039 6013 3840 3516 2395 1666 1121 729 228412 12025 58342 53287 5250 1303 966 670 17026 6810 6419 2913 501 2412 520 3947 460 4113 1460 10206 2210 104567 498 1907 3912 893 48037 3019 5892 123845 90555 50918 4399 1188 490 3211 2880 33290 5340 104069 3506 521 103056 7912 10216 954 2664 2459 102692 51681 1039 5055 38109 685 29541 5692 2263 50642 1603 2821 27950
is_linear=0
shrinkage=0.06


Tree=31
num_leaves=80
num_cat=0
split_feature=94 97 194 96 201 191 209 97 97 194 207 194 95 203 96 193 45 43 82 194 76 207 207 193 203 94 97 97 194 97 200 79 199 200 193 99 97 76 56 39 54 82 59 80 169 28 27 207 96 193 88 15 105 40 201 193 97 87 20 82 60 40 66 96 201 193 207 55 197 193 35 92 5 97 203 92 65 197 201
split_gain=447753 229526 352843 132859 97832.3 83035.3 82364.2 132878 347331 387960 131271 166209 80116.1 76234.3 72487.3 52014.9 50285.8 87083.5 52946.8 48098.8 177833 43936 39041.2 84206.1 96984.4 39009 37598.9 46803.5 93377.9 145991 77623.8 72035.4 49821.4 34879.5 32161.3 30978.2 30751.7 28366.5 27442 25789.9 25724.5 26806.2 25405.5 24376.9 24150.1 24069.5 23778.3 23313.7 40483.9 154483 261590 34507.5 31932.2 30403.7 27390.6 24580.7 33485.7 28222 82751.5 189714 25410.5 22811.4 22679.1 35040.2 22536.1 22312.8 22072.5 46064.3 37135.5 33075.8 21711.7 21570.3 39034.8 21005.9 20439.2 19859.2 19314.6 19253.7 25368.6
threshold=16.846211433410648 42.884325027465827 87.500000000000014 43.21882629394532 107.50000000000001 11.384292125701906 9.5000000000000018 36.21507644653321 75.481174468994155 92.500000000000014 0.92922380566596996 69.500000000000014 14.732999801635744 0.62249094247818004 10.118322849273683 17.349999427795414 8.3575000762939471 12.204999923706056 11.611000061035158 86.500000000000014 55.852872848510749 0.96904698014259349 -0.46801505982875818 24.050000190734867 0.46173103153705602 21.166041374206547 88.929145812988295 36.21507644653321 86.500000000000014 48.168771743774421 30.44999980926514 0.6940889060497285 322.50000000000006 18.050000190734867 5.0499999523162851 0.22273667901754382 15.493083477020265 17.48543739318848 78.908622741699233 0.35460376739501959 10.098768234252931 29.128999710083011 0.047827124595642097 27.553999900817875 47.43499946594239 37.052499771118171 180.52500152587893 0.35042373836040502 18.312257766723636 16.849999427795414 12.308000087738039 219.07724761962893 -1.0000000180025095e-35 33.102499008178718 37.500000000000007 18.050000190734867 27.395751953125004 5.9010000228881845 73.021499633789077 6.1659998893737802 3.9550000429153447 8.4600000381469744 15.219000339508058 31.362920761108402 47.500000000000007 16.250000000000004 -0.099819734692573533 54.131189346313484 987.35000610351574 30.849999427795414 244.73762512207034 9.0025000572204608 35.013999938964851 1.5954406261444094 0.77159520983695995 25.927499771118168 19.653499603271488 979.45001220703136 197.50000000000003
decision_type=10 2 10 8 8 8 2 2 2 10 2 10 10 10 10 10 8 8 8 10 10 2 2 10 8 10 2 2 10 2 10 10 10 10 8 2 2 8 8 8 10 8 8 2 8 10 10 2 10 8 8 10 8 8 8 10 2 10 8 8 8 10 8 10 10 10 2 10 10 10 10 10 10 2 8 10 10 8 10
left_child=1 14 76 4 5 -2 7 40 9 10 33 -12 -4 25 73 36 -5 -18 70 62 -21 -10 23 24 -20 -11 27 35 30 39 32 -31 -29 -9 -16 43 -8 -24 45 -30 -7 61 -36 -6 47 74 64 52 51 50 -50 -49 -44 -52 -51 -54 57 58 59 -57 -60 -42 63 -17 -38 -40 -47 77 69 -69 -19 72 -43 -1 -39 -28 -3 78 -68
right_child=3 2 12 16 26 6 15 8 21 13 11 -13 -14 -15 34 19 17 18 22 20 -22 -23 37 -25 -26 -27 75 28 29 31 -32 -33 -34 -35 42 -37 46 38 65 -41 41 71 44 -45 -46 66 -48 48 49 54 53 -53 55 -55 -56 56 -58 -59 60 -61 -62 -63 -64 -65 -66 -67 67 68 -70 -71 -72 -73 -74 -75 -76 -77 -78 -79 -80
leaf_value=-0.10882783668454274 -0.013150204638991921 -0.22125087730119983 2.8145461548656479 -0.32679191408800873 0.047093629106650055 -0.20657222134989101 0.056686444569307916 -0.023858753654849352 -0.14621906468739798 2.2392103522783748 0.40652934917119832 2.4649205130219936 1.2726999876813434 1.369099226460528 0.74345119924687186 0.17555491590763345 1.3630859367446144 -0.67665866947755571 -0.28151655272400272 0.14793541727657267 1.6350654188089351 0.65291197934292133 -0.29722281976862064 1.6749601403276175 1.0555245591279121 3.4059362948288037 -0.17318521185237126 -0.0066960578681947045 1.8912508113477309 -0.55577661124463784 1.1951397221172984 0.84068337422571604 0.74290932319993375 0.86056855364569584 -0.21697238358065696 -0.01069452997416181 0.45909850073080566 -0.19076903019461552 0.34722018757020123 0.98201202982174807 0.6298206323081994 1.3632026781013422 -0.11637858002070739 0.19963488111267458 -0.12940225716265247 0.86601467854822323 -0.35164046691874878 0.0022495282481947345 2.4175310164990145 0.55675446452059107 0.69152860025672802 0.7773430416457211 -0.047289120524183839 -0.21597572511647428 0.0025045060081330772 2.2784753618945537 -0.5924038894396092 0.017818244184166214 0.62062235904034491 0.15096735368746556 -0.0045920061517145247 0.15020972717376194 0.034019998573716306 0.79347875509654042 -0.27459719341648309 1.1325064450989868 1.2653364330507926 0.57437626272372022 -0.74326151103315863 -0.29234477578571028 0.12502851140387822 0.28724058515734413 0.35268370635825819 -0.058929810904190305 0.48829221044092957 0.36633023550947202 0.34985868570785034 0.34109740093178231 0.46668801563290446
leaf_weight=56557 8640 526 235 396 15041 550 4759 767 1543 230 324 250 256 200 200 3244 302 245 381 1282 373 294 265 246 399 205 3944 4426 268 302 221 236 343 202 2222 30397 304 587 255 200 370 208 12004 5033 5960 279 1458 35240 282 347 229 207 25679 314 4136 212 298 18933 257 518 2518 9551 4246 367 297 268 200 328 222 305 240 1891 406 65612 218 261 357 2617 506
leaf_count=56557 8640 526 235 396 15041 550 4759 767 1543 230 324 250 256 200 200 3244 302 245 381 1282 373 294 265 246 399 205 3944 4426 268 302 221 236 343 202 2222 30397 304 587 255 200 370 208 12004 5033 5960 279 1458 35240 282 347 229 207 25679 314 4136 212 298 18933 257 518 2518 9551 4246 367 297 268 200 328 222 305 240 1891 406 65612 218 261 357 2617 506
internal_value=0.00154868 -0.045666 0.727249 0.100795 0.0821629 0.152602 0.19558 0.288057 0.589668 1.102 0.587558 1.30577 2.01487 2.34917 -0.050252 0.0993481 0.332295 0.365526 0.325507 0.19 0.483886 -0.0180377 0.367077 0.709236 0.402907 2.7956 0.0334453 0.0463353 0.204804 0.73185 0.0984248 0.0572201 0.0473621 0.161208 -0.0148147 0.0275054 -0.0271331 0.308944 0.336758 1.50561 0.194695 0.212471 -0.0162083 0.0853472 -0.0120424 0.295449 -0.2208 -0.00512767 0.0299405 0.184459 0.938475 0.00679765 -0.0287826 0.167315 0.04552 -0.00706217 0.0383719 0.0467753 0.203143 0.771091 0.0535134 0.168158 0.128043 0.238559 0.0966696 0.751016 0.349974 0.315315 -0.0773774 0.156959 -0.280507 0.387834 0.696669 -0.0820303 -0.00649652 -0.139619 0.00978529 0.416347 0.694404
internal_weight=343991 233099 1374 110892 102633 41961 33321 16991 4015 2178 1543 574 491 635 231725 16330 8259 7863 7561 9512 1655 1837 7076 1026 780 435 60672 56467 5996 1006 4990 538 4769 969 109556 50471 6818 6050 5785 468 12976 12426 109356 20074 107134 5262 2059 101174 40755 5308 825 35447 60419 543 4483 48415 22736 22438 3505 730 2775 9921 7857 3611 601 523 4457 4178 855 633 485 2505 614 122169 805 4205 883 3323 706
internal_count=343991 233099 1374 110892 102633 41961 33321 16991 4015 2178 1543 574 491 635 231725 16330 8259 7863 7561 9512 1655 1837 7076 1026 780 435 60672 56467 5996 1006 4990 538 4769 969 109556 50471 6818 6050 5785 468 12976 12426 109356 20074 107134 5262 2059 101174 40755 5308 825 35447 60419 543 4483 48415 22736 22438 3505 730 2775 9921 7857 3611 601 523 4457 4178 855 633 485 2505 614 122169 805 4205 883 3323 706
is_linear=0
shrinkage=0.06


Tree=32
num_leaves=39
num_cat=0
split_feature=141 96 199 209 199 141 201 199 80 204 209 132 35 191 191 114 74 204 74 123 166 201 209 123 199 209 96 14 204 123 163 199 102 204 96 76 16 191
split_gain=320873 399849 947125 1.54838e+06 869256 271243 273631 233567 223232 201856 173945 441492 158403 155778 145112 144087 308770 142026 127577 124680 127484 109942 92966.8 116801 84575.9 84162.9 102683 69846.5 67321.2 81261.5 70845.7 65667 61952.5 60561.1 52532.4 48914.7 47855.1 44596.8
threshold=14.7769832611084 45.261835098266609 263.50000000000006 11.500000000000002 337.50000000000006 -36.443717956542962 67.500000000000014 248.50000000000003 43.63750076293946 11.000000000000002 7.5000000000000009 -86.706226348876939 333.07812500000006 39.95000076293946 34.80946350097657 55.939237594604499 25.226999282836918 3.0000000000000004 5.4765470027923593 21.084873199462894 14.500000000000002 4287.5000000000009 11.500000000000002 1.8106715679168703 112.50000000000001 1.5000000000000002 33.935894012451179 444.36079406738287 11.000000000000002 34.484188079833991 397.36500549316412 85.500000000000014 76.589584350585952 3.0000000000000004 13.410613536834719 12.977402687072756 33.578125000000007 42.072967529296882
decision_type=10 10 2 2 2 8 2 2 2 2 2 8 10 10 10 10 10 2 8 10 2 2 2 10 2 2 8 10 2 10 2 2 10 2 8 10 10 10
left_child=1 5 3 -3 8 6 -1 10 35 -5 19 17 32 14 33 21 25 -12 -19 36 31 28 23 -13 -8 -17 -27 -24 30 -30 -9 -21 -2 -10 -22 -4 -7 -37
right_child=12 2 4 9 -6 7 24 15 13 -11 11 22 -14 -15 -16 16 -18 18 -20 20 34 -23 27 -25 -26 26 -28 -29 29 -31 -32 -33 -34 -35 -36 37 -38 -39
leaf_value=1.5051150902922426 -0.43147889707597858 0.12949799127781964 -0.017786425977862896 2.2250227465904566 1.7252463770988402 0.14259596324494475 0.96157273543491095 -0.028252296281253197 -0.62374731214265489 3.7332849568974629 0.064411549932624643 0.11340594607402728 -0.010656558290106123 -0.52928342097642667 0.75269438894984919 -0.066998548899084312 0.39908742277643156 1.0732200242288756 0.33196868684230657 0.3495222471866678 0.31347275236117594 0.79619552266750804 -0.11708288533324349 0.26759676427877904 0.22822003464341523 0.10038416217949954 -0.10936149493859597 0.56881636411708214 0.064699415298134416 -0.070071085162509913 -0.20666413424226038 0.16150301706553546 -0.10970521228406524 -0.0012838149852034124 0.040613651928356857 0.79814727210023018 0.0038440714596626184 0.19017417131130454
leaf_weight=198 1701 407 160 175 279 2536 160 18661 185 147 246 15044 3207 794 202 4524 2511 748 290 2301 677 153 1701 6262 1226 18068 2377 145 15182 5480 2244 6114 788 587 10241 314 18983 166
leaf_count=198 1701 407 160 175 279 2536 160 18661 185 147 246 15044 3207 794 202 4524 2511 748 290 2301 677 153 1701 6262 1226 18068 2377 145 15182 5480 2244 6114 788 587 10241 314 18983 166
internal_value=0.0706742 0.0796867 0.400259 1.35929 0.140064 0.0716389 0.461922 0.0670421 -0.0436074 2.91367 0.107745 0.171059 -0.15003 -0.217396 0.0368557 0.0286406 0.0819795 0.712533 0.866132 0.0698725 0.125166 -0.00649258 0.141029 0.158724 0.312885 0.0500895 0.0759984 -0.0632039 -0.0094473 0.0289554 -0.0474036 0.212915 -0.329609 -0.150456 0.0575333 0.436479 0.020196 0.587899
internal_weight=145184 139488 3416 729 2687 136072 1584 134488 2408 322 65288 24436 5696 1768 974 69200 27480 1284 1038 40852 19333 41720 23152 21306 1386 24969 20445 1846 41567 20662 20905 8415 2489 772 10918 640 21519 480
internal_count=145184 139488 3416 729 2687 136072 1584 134488 2408 322 65288 24436 5696 1768 974 69200 27480 1284 1038 40852 19333 41720 23152 21306 1386 24969 20445 1846 41567 20662 20905 8415 2489 772 10918 640 21519 480
is_linear=0
shrinkage=0.03


Tree=33
num_leaves=39
num_cat=0
split_feature=202 95 97 104 197 96 208 184 123 105 105 197 75 208 194 93 114 75 197 93 123 123 201 95 208 208 204 208 96 197 208 208 102 200 138 208 208 197
split_gain=305734 619305 238657 163626 348747 368476 652768 259426 185984 154960 397975 647567 157787 443302 134855 122695 152340 180612 126399 113091 103643 108892 128727 102706 100422 104958 93374.3 92503.8 88405.4 82881.9 80596.4 70124.5 65161.1 61817.8 55625.7 55416 177658 47475.9
threshold=0.13052122294902804 52.004308700561531 4.6426730155944833 133.72916412353518 992.54998779296886 46.54467964172364 0.86004966497421276 0.23303909599781039 62.827201843261726 128.37414550781253 144.92008972167972 993.54998779296886 4.2409923076629648 0.080547325313091292 7.5000000000000009 47.864582061767585 57.80437088012696 21.908268928527836 979.75000000000011 45.510416030883796 28.817677497863773 71.556137084960952 72.500000000000014 50.626459121704109 -0.99168640375137318 -0.72694849967956532 13.000000000000002 -0.32613736391067499 52.650903701782234 993.75000000000011 0.59696555137634288 0.88522326946258556 135.09791564941409 4.2500000000000009 34.131250381469734 0.83258596062660228 0.87709078192710888 993.64999389648449
decision_type=2 10 2 10 2 10 2 10 10 10 10 2 8 2 2 10 10 10 2 10 10 10 2 10 2 2 2 2 10 2 2 2 8 2 10 2 2 2
left_child=3 2 28 8 5 7 -7 -5 14 12 11 -11 13 -4 -1 16 27 18 -18 24 -9 22 -22 -6 -14 -26 -15 32 -2 33 -19 -29 -16 -12 -10 37 -37 -17
right_child=1 -3 9 4 23 6 -8 20 34 10 29 -13 19 26 15 35 17 30 -20 -21 21 -23 -24 -25 25 -27 -28 31 -30 -31 -32 -33 -34 -35 -36 36 -38 -39
leaf_value=0.89174826343694991 0.03988128285371912 2.0424647486245631 0.16212228291239109 1.4735911184083679 0.039359252018791563 0.19720749255502357 2.3797062182766551 0.050740067933493373 -0.25426093645018261 2.872628920563892 0.80027037963395586 0.17199947496136239 -0.10544775649604184 0.76060849180377244 0.094687595100909974 -0.18809659334746084 0.48181104418270954 0.25520117478447929 0.058241509452348822 -0.083378450086440709 1.0599405607974286 0.0016622169273908802 0.34809658844355579 -0.2984104005201127 0.26510839180401735 0.12891155819511946 1.6617262819547367 -0.038958245861175855 -0.62623763675541921 -0.10398056541767552 0.67558627842116914 0.1165205053248879 -0.033275462642354973 0.26180618659588711 -0.015449559399896565 0.82302774732986883 -0.29628997573033311 -0.65873596898161701
leaf_weight=163 19161 151 1381 148 4918 303 208 2224 2775 145 237 178 1341 182 13317 2044 656 1701 18958 2023 272 636 1434 970 6607 22215 240 28505 181 468 541 2874 4899 1008 1284 198 359 213
leaf_count=163 19161 151 1381 148 4918 303 208 2224 2775 145 237 178 1341 182 13317 2044 656 1701 18958 2023 272 636 1434 970 6607 22215 240 28505 181 468 541 2874 4899 1008 1284 198 359 213
internal_value=0.0685649 0.123883 0.11865 0.0342885 0.142028 0.320431 1.08561 0.237483 0.0190335 0.164289 0.418508 1.38441 0.149061 0.422161 0.0298181 0.0279262 0.0355786 0.101565 0.0724082 0.133762 0.197414 0.336696 0.461596 -0.0162859 0.148325 0.160133 1.27312 0.00649893 0.0336475 0.236374 0.356644 -0.0247179 0.0602733 0.364315 -0.178717 -0.166379 0.101607 -0.232515
internal_weight=145118 55518 55367 89600 11113 5225 511 4714 78487 36025 2036 323 33989 1803 74428 74265 71451 21856 19614 32186 4566 2342 1706 5888 30163 28822 422 49595 19342 1713 2242 31379 18216 1245 4059 2814 557 2257
internal_count=145118 55518 55367 89600 11113 5225 511 4714 78487 36025 2036 323 33989 1803 74428 74265 71451 21856 19614 32186 4566 2342 1706 5888 30163 28822 422 49595 19342 1713 2242 31379 18216 1245 4059 2814 557 2257
is_linear=0
shrinkage=0.03


Tree=34
num_leaves=39
num_cat=0
split_feature=207 208 188 197 96 138 207 202 75 207 208 194 129 184 207 105 197 80 200 96 207 208 197 208 202 208 207 203 197 202 183 56 183 207 207 82 113 181
split_gain=437622 3.0018e+06 1.38555e+06 898578 518982 305274 282207 205904 198181 215069 516256 212588 121259 126771 243412 127178 248496 119945 119233 110336 96718.1 132917 93614.8 98158.2 218143 92029.9 90028.3 89316.7 88872 87281.1 86222.2 80340.1 113653 76909.1 74939.8 71156.8 62540.3 55459.9
threshold=-0.47558552026748652 0.86004966497421276 0.33029714226722723 991.64999389648449 35.283611297607429 46.689582824707038 -0.49064628779888148 0.33379416167736059 21.701390266418461 -0.99372696876525868 0.080547325313091292 96.500000000000014 138.85416412353518 0.21647835522890094 -0.17647087574005124 172.50346374511722 990.45001220703136 40.371000289916999 4.2500000000000009 74.969795227050795 -0.68430826067924488 -0.75013810396194447 985.64999389648449 0.03762133605778218 0.59480014443397533 0.45082531869411474 0.75014290213584911 -0.16504132002592084 994.35000610351574 -0.46173103153705591 111.81881713867189 86.457378387451186 74.901123046875014 -0.38242425024509424 -0.99940761923789967 26.128999710083011 35.030483245849616 36.000000000000007
decision_type=2 2 10 2 10 8 2 2 10 2 2 2 10 8 2 10 2 2 2 10 2 2 2 2 2 2 2 2 2 2 10 10 8 2 2 8 8 2
left_child=1 5 -3 6 12 8 -4 28 9 10 30 -12 13 14 -2 22 -17 20 -18 35 -11 -22 23 36 -25 -24 -27 -9 -7 -30 34 -29 -33 -21 -1 -6 -15 -37
right_child=4 2 3 -5 19 7 -8 27 -10 17 11 -13 -14 15 -16 16 18 -19 -20 33 21 -23 25 24 -26 26 -28 31 29 -31 -32 32 -34 -35 -36 37 -38 -39
leaf_value=0.3411639380004533 1.311330271970512 -0.11447529245626838 2.7794177179385096 1.1273058288610696 -0.16265887002789026 -0.034301377361004172 4.3805147882053639 -0.00088877922211110633 0.3105443660370687 0.084712392460979932 1.3590378144795816 0.076953237698084043 0.17192852177166221 0.060785333586944518 0.082016366001391491 1.2796980855792186 0.89616983292163044 -0.049059878782461257 0.085782547713218055 0.07948769212014084 0.1520982774486378 0.55957257908194269 -0.067043236646304558 0.087630343434616231 0.59582908986786542 0.0050009341198851785 0.18653574781997251 0.037064395175275953 -0.58857023339002967 0.080153964242197284 0.8577094206079019 0.87787521191021178 0.25600890082335814 -0.33482598542287745 0.036361180333549778 -0.15033430935875247 -0.026737586786670049 -0.53635135492937203
leaf_weight=1100 203 235 246 244 1001 12586 166 2290 6574 12526 532 149 6208 27380 507 194 179 4588 1874 1073 2752 976 15265 4445 917 17750 2854 1337 521 265 158 293 2719 646 2135 409 10043 1851
leaf_count=1100 203 235 246 244 1001 12586 166 2290 6574 12526 532 149 6208 27380 507 194 179 4588 1874 1073 2752 976 15265 4445 917 17750 2854 1337 521 265 158 293 2719 646 2135 409 10043 1851
internal_value=0.0663534 0.13567 1.86209 2.57015 0.0272188 0.105802 3.42461 0.0141777 0.164027 0.125368 0.324724 1.07853 0.0441133 0.0343906 0.433509 0.0308878 0.253428 0.0863998 0.156444 -0.270705 0.124636 0.258777 0.0245302 0.0544975 0.174543 -0.0112151 0.0301466 0.150751 -0.0536289 -0.363111 0.173428 0.230598 0.316505 -0.0762121 0.140004 -0.373229 0.0372973 -0.466494
internal_weight=145191 52392 891 656 92799 51501 412 20011 31490 24916 4074 681 87819 81611 710 80901 2247 20842 2053 4980 16254 3728 78654 42785 5362 35869 20604 6639 13372 786 3393 4349 3012 1719 3235 3261 37423 2260
internal_count=145191 52392 891 656 92799 51501 412 20011 31490 24916 4074 681 87819 81611 710 80901 2247 20842 2053 4980 16254 3728 78654 42785 5362 35869 20604 6639 13372 786 3393 4349 3012 1719 3235 3261 37423 2260
is_linear=0
shrinkage=0.03


Tree=35
num_leaves=39
num_cat=0
split_feature=207 208 204 190 199 123 138 141 197 140 199 75 207 208 204 193 205 200 197 140 140 141 123 185 201 199 95 194 105 201 201 197 193 199 197 76 199 54
split_gain=422262 2.98153e+06 1.18353e+06 704979 580430 319023 293545 274160 314452 226357 185394 182189 212557 491728 285013 173100 170608 169259 150627 133455 132688 120487 119622 180922 114532 111834 103983 130317 103953 102079 227979 157831 195926 97267.9 88828.1 77887.5 74503.1 72212.7
threshold=-0.47558552026748652 0.86004966497421276 15.000000000000002 0.36526331305503851 269.50000000000006 61.583036422729499 46.689582824707038 -36.443717956542962 990.45001220703136 -1.1190833449363706 99.500000000000014 21.701390266418461 -0.99372696876525868 0.080547325313091292 9.0000000000000018 14.949999809265138 -0.68301269412040699 4.2500000000000009 985.64999389648449 9.3098955154418963 17.815291404724125 -14.229028701782225 41.78119087219239 29.403898239135746 137.50000000000003 51.500000000000007 17.438424110412601 24.500000000000004 -27.347637176513668 32.500000000000007 27.500000000000004 989.64999389648449 26.349999427795414 286.50000000000006 994.64999389648449 10.18955183029175 85.500000000000014 124.17869567871095
decision_type=2 2 2 10 2 10 8 8 2 10 2 10 2 2 2 2 2 2 2 8 10 10 10 10 2 2 8 2 10 2 2 2 2 2 2 10 2 10
left_child=1 6 4 -4 -3 7 11 8 -2 -7 25 12 13 16 -15 -6 24 -10 19 26 37 22 35 -24 -1 -8 27 -9 36 30 -27 -31 -33 -18 -12 -20 -28 -14
right_child=5 2 3 -5 15 9 10 18 17 -11 34 -13 20 14 -16 -17 33 -19 21 -21 -22 -23 23 -25 -26 29 28 -29 -30 31 -32 32 -34 -35 -36 -37 -38 -39
leaf_value=0.19876759128385962 1.6469043598233533 2.0467421253373748 1.897464760793288 4.8169881750207724 0.86103113651944529 -0.029667798353354688 0.052740330846698741 0.025087312204759297 1.190317279930355 -0.36775062006102532 -0.030558928589164626 0.30058005434928914 0.10322525483026998 0.29866269036332593 1.5461568895272493 -0.56893516574883574 0.19977350067871533 0.16920867766732001 -0.055064740425367145 -0.0084165417828981539 -0.13141491698552382 -0.061470253733309534 1.1779404940509479 0.17487171323921688 1.003153619355361 0.28885656035025598 0.41743628481340994 0.31400935494534399 0.04922271722208308 -0.081890825296806344 1.7046896290329272 0.15343863363343088 1.0800268234749884 -0.17529112603169414 -0.44242225945349528 0.078963113353978404 0.13984389001147365 0.56135075128576839
leaf_weight=308 171 287 145 153 157 4587 3539 2148 165 2915 13755 6592 18243 273 416 148 1804 1275 6457 13512 2282 19339 193 1002 330 348 1096 4062 21953 829 145 558 325 950 488 9863 4223 315
leaf_count=308 171 287 145 153 157 4587 3539 2148 165 2915 13755 6592 18243 273 416 148 1804 1275 6457 13512 2282 19339 193 1002 330 348 1096 4062 21953 829 145 558 325 950 488 9863 4223 315
internal_value=0.0649256 0.133038 1.8546 3.39652 1.07839 0.0265392 0.103287 0.0430053 0.430657 -0.161035 0.0133525 0.160327 0.123228 0.321218 1.05188 0.167148 0.1728 0.286218 0.0355572 0.0711652 0.0844568 -0.00984794 0.0471503 0.336882 0.614839 0.157228 0.103281 0.214073 0.0780531 0.324929 0.705303 0.215391 0.49449 0.0703936 -0.0446707 0.025935 0.197044 0.111002
internal_weight=145351 52390 890 298 592 92961 51500 85459 1611 7502 19987 31513 24921 4081 689 305 3392 1440 83848 46994 20840 36854 17515 1195 638 5744 33482 6210 27272 2205 493 1712 883 2754 14243 16320 5319 18558
internal_count=145351 52390 890 298 592 92961 51500 85459 1611 7502 19987 31513 24921 4081 689 305 3392 1440 83848 46994 20840 36854 17515 1195 638 5744 33482 6210 27272 2205 493 1712 883 2754 14243 16320 5319 18558
is_linear=0
shrinkage=0.03


Tree=36
num_leaves=39
num_cat=0
split_feature=207 208 187 204 199 96 138 141 197 198 202 94 208 207 207 199 129 201 202 204 102 208 207 197 196 184 207 197 207 202 197 202 168 132 204 97 176 196
split_gain=396591 2.61376e+06 1.41971e+06 1.14417e+06 570436 462677 280230 265824 290316 198511 195324 165576 206863 242651 126019 181579 125740 103533 177783 113002 99384.5 97202.1 167035 92288.3 104680 88192.2 163068 89541.8 153309 115949 76544.2 89963.2 75424.5 73648.5 62836 86443.4 65779.6 70825.9
threshold=-0.47558552026748652 0.86004966497421276 22.44999980926514 15.000000000000002 269.50000000000006 35.283611297607429 49.662500381469734 -36.443717956542962 990.45001220703136 2.5499999523162846 0.33379416167736059 40.02052307128907 0.011826144531369211 -0.99940761923789967 -0.80924677848815907 259.50000000000006 138.85416412353518 37.500000000000007 0.95878320932388317 9.0000000000000018 76.708332061767592 0.44312302768230444 -0.86976337432861317 979.64999389648449 1.0000000180025095e-35 0.21647835522890094 -0.17647087574005124 984.14999389648449 0.99168354272842418 0.59480014443397533 994.35000610351574 -0.46173103153705591 1.5841195583343508 -53.323804855346673 11.000000000000002 37.371011734008796 101.3400001525879 37.500000000000007
decision_type=2 2 10 2 2 10 8 8 2 2 2 10 2 2 2 2 10 2 2 2 8 2 2 2 2 8 2 2 2 2 2 2 2 8 2 2 2 2
left_child=1 6 -3 4 -4 7 11 8 -2 -10 30 12 23 -14 15 -15 25 18 -12 -19 -7 -21 -23 24 -1 26 -9 28 -27 -30 34 -32 -13 -29 35 -8 -36 -38
right_child=5 2 3 -5 -6 20 10 16 9 -11 17 32 13 14 -16 -17 -18 19 -20 21 -22 22 -24 -25 -26 27 -28 33 29 -31 31 -33 -34 -35 36 -37 37 -39
leaf_value=0.80671042909100221 1.5744268744586412 -0.19918558846316756 2.6003154320047037 4.2341877282958933 0.36726802527875901 -0.38555784130419635 -0.076072763053229936 1.1706022304688342 1.2547660875260997 0.15395562627782614 0.22094409331431791 -0.12263098810030036 1.1546925311495757 0.37106630400772905 0.48263288197432691 0.087757316441553601 0.16464534204900377 -0.13155001625033327 1.0816377258172871 -0.0023548772606331752 -0.11755558444634627 0.77751408516464915 0.12731316368448481 0.067580017653518745 0.19071100762399534 0.039332853678708223 0.092283415118750226 -0.023842736147060277 0.12777803403992544 0.54588712506440029 -0.59256183257630457 0.11929336826830751 0.10302605099020246 0.088335551134192336 -0.02248166575927743 -0.5746236201180922 0.13400479314402081 0.7956457682722653
leaf_weight=261 176 243 222 222 192 2560 6076 170 167 1258 1629 2336 285 3709 1971 4514 6228 1616 249 1423 2425 525 1102 10456 5092 33970 490 36557 1651 935 478 240 3105 6154 4649 330 1298 164
leaf_count=261 176 243 222 222 192 2560 6076 170 167 1258 1629 2336 285 3709 1971 4514 6228 1616 249 1423 2425 525 1102 10456 5092 33970 490 36557 1651 935 478 240 3105 6154 4649 330 1298 164
internal_value=0.0632312 0.129216 1.75133 2.49657 1.56473 0.0259583 0.101533 0.0419288 0.424951 0.282971 0.0129061 0.156781 0.187959 0.291325 0.267186 0.215545 0.0348112 0.146978 0.335067 0.071274 -0.255186 0.178738 0.337123 0.119443 0.220747 0.0246943 0.370045 0.0218188 0.0562838 0.278952 -0.0533852 -0.354617 0.00614396 -0.00767954 -0.0361056 -0.101756 0.032714 0.208229
internal_weight=145128 52387 879 636 414 92741 51508 87756 1601 1425 19779 31729 26288 10479 10194 8223 86155 6544 1878 4666 4985 3050 1627 15809 5353 79927 660 79267 36556 2586 13235 718 5441 42711 12517 6406 6111 1462
internal_count=145128 52387 879 636 414 92741 51508 87756 1601 1425 19779 31729 26288 10479 10194 8223 86155 6544 1878 4666 4985 3050 1627 15809 5353 79927 660 79267 36556 2586 13235 718 5441 42711 12517 6406 6111 1462
is_linear=0
shrinkage=0.03


Tree=37
num_leaves=39
num_cat=0
split_feature=207 207 123 204 199 96 138 199 75 207 207 204 99 97 105 199 94 199 181 205 207 198 105 199 207 56 195 205 198 36 102 196 113 181 132 111 204 97
split_gain=365633 1.70663e+06 1.77553e+06 1.30272e+06 698475 439971 256499 170274 163746 192266 343949 377565 146692 156017 164393 132639 121200 104227 96727.7 93692.1 93657.3 181065 91599.9 91457.4 117918 86621.5 85959.2 82752.9 212943 299862 73978.5 68918.3 67872.1 131996 77333.8 66789.6 75335.5 81019.8
threshold=-0.47558552026748652 -0.50556187331676472 55.728399276733406 15.000000000000002 269.50000000000006 35.283611297607429 46.689582824707038 99.500000000000014 21.701390266418461 -0.99372696876525868 -0.99630266427993763 11.000000000000002 0.31009252369403845 16.668210029602054 169.66653442382815 286.50000000000006 39.223838806152351 51.500000000000007 62.000000000000007 -0.68301269412040699 -0.17647087574005124 4.2500000000000009 -25.485853195190426 85.500000000000014 0.25206111371517187 40.226018905639656 0.35000000894069677 1.0000000180025095e-35 5.1499998569488534 458.29698181152349 76.708332061767592 1.5000000000000002 429.89582824707037 120.00000000000001 -86.353397369384751 167.122917175293 11.000000000000002 37.371011734008796
decision_type=2 2 10 2 2 10 8 2 10 2 2 2 2 2 10 2 10 2 2 2 2 2 8 2 2 10 2 2 2 10 10 2 10 2 10 10 2 2
left_child=1 6 -3 4 -4 12 8 17 9 10 15 -12 32 14 22 -1 25 -8 -7 -13 21 -16 23 24 -14 -11 -25 -19 -29 -30 -20 -23 34 -34 -2 36 37 -9
right_child=5 2 3 -5 -6 18 7 35 -10 16 11 19 13 -15 20 -17 -18 27 30 -21 -22 31 -24 26 -26 -27 -28 28 29 -31 -32 -33 33 -35 -36 -37 -38 -39
leaf_value=0.25720437770482918 0.036199425645637051 0.052202880736514731 2.5433567724999833 4.1805212142262569 0.19755174508906609 -0.066140998758731681 0.050591404494135475 -0.061238694136604606 0.28393196132921056 0.064329879199763837 0.22706455549953136 1.817235262794302 0.0158754065829021 -0.079308030337098628 1.4742336320389375 -0.19819293260416304 -0.063594038636231628 0.14810030911731253 -0.48401642254070298 0.99658072049367874 0.19007024618267654 0.87196800292577559 0.07090991198628023 0.10104013736127745 0.6882857807197118 0.20993969562151521 0.6165130571382379 0.16734503807873641 0.017326146388858578 1.7440917808072853 -0.19846542147782867 0.089527043271319745 0.030179287818220182 1.1110307872711265 -0.04246710386303873 -0.24987663641550531 0.063017462067238308 -0.52243467227770213
leaf_weight=2229 24456 631 226 217 231 1711 3534 7179 6587 10430 556 224 356 4820 188 776 4301 1216 1672 284 700 156 31123 3570 689 5679 317 603 148 233 1596 289 335 146 20823 1268 5466 360
leaf_count=2229 24456 631 226 217 231 1711 3534 7179 6587 10430 556 224 356 4820 188 776 4301 1216 1672 284 700 156 31123 3570 689 5679 317 603 148 233 1596 289 335 146 20823 1268 5466 360
internal_value=0.0611874 0.124577 1.19586 2.26654 1.35765 0.0254658 0.0972035 0.0134273 0.151157 0.115428 0.303729 0.767255 0.0409941 0.0813315 0.102041 0.139604 0.0778879 0.151508 -0.248885 1.35847 0.429203 0.693639 0.0899451 0.210065 0.459218 0.115663 0.14308 0.313616 0.518151 1.07335 -0.344562 0.363834 0.00378785 0.358271 2.20898e-05 -0.0420449 -0.0217809 -0.0832623
internal_weight=145325 52378 1305 674 457 92947 51073 20007 31066 24479 4069 1064 87968 42208 37388 3005 20410 5734 4979 508 1333 633 36055 4932 1045 16109 3887 2200 984 381 3268 445 45760 481 45279 14273 13005 7539
internal_count=145325 52378 1305 674 457 92947 51073 20007 31066 24479 4069 1064 87968 42208 37388 3005 20410 5734 4979 508 1333 633 36055 4932 1045 16109 3887 2200 984 381 3268 445 45760 481 45279 14273 13005 7539
is_linear=0
shrinkage=0.03


Tree=38
num_leaves=39
num_cat=0
split_feature=141 209 123 123 197 209 56 193 197 197 95 80 197 140 55 35 55 206 197 185 95 105 193 197 138 181 36 95 131 209 193 193 16 76 16 189 76 193
split_gain=228678 263506 292769 415602 1.15722e+06 1.05266e+06 1.41803e+06 556616 418527 287894 180152 168000 138435 126556 116606 114223 111731 86238.7 96229.4 84506.6 83951.3 93253 75719.8 107280 75109.5 74946.6 70637.6 69363.5 67571.6 63835.3 101069 63345.9 60973.9 73532.4 59104.5 49816.8 47880.4 46107.2
threshold=14.7769832611084 7.5000000000000009 67.233905792236342 28.817677497863773 991.95001220703136 11.500000000000002 105.45421218872072 15.550000190734865 990.35000610351574 993.85000610351574 38.187152862548835 44.312500000000007 985.64999389648449 9.5317225456237811 21.043791770935062 333.07812500000006 103.83118057250978 0.68301269412040722 986.04998779296886 42.13243484497071 17.266415596008304 -27.347637176513668 25.750000000000004 989.54998779296886 50.118751525878913 54.000000000000007 416.24848937988287 28.405482292175297 -90.697109222412095 10.500000000000002 28.550000190734867 18.349999427795414 110.6254234313965 12.597652912139894 66.404491424560561 63.003078460693366 10.499974250793459 33.95000076293946
decision_type=10 2 8 10 2 2 10 2 2 2 10 2 2 8 10 10 8 2 2 10 8 10 2 2 10 2 10 10 10 2 2 2 10 10 10 10 10 2
left_child=1 12 3 10 5 26 8 -8 -7 19 14 -11 13 20 17 25 31 18 -3 -6 28 34 -18 37 -21 -2 -5 36 -1 30 -25 -4 -14 -34 -22 -28 -16 -24
right_child=15 2 16 4 9 6 7 -9 -10 11 -12 -13 32 -15 27 -17 22 -19 -20 24 21 -23 23 29 -26 -27 35 -29 -30 -31 -32 -33 33 -35 -36 -37 -38 -39
leaf_value=0.1094312445950847 -0.061134965313156681 0.73358494636259508 -0.24041411649475916 0.46359593643084862 0.61051440340106833 2.0241351696272099 1.4462800659520396 3.568311617927868 0.36184632952245815 0.090112167859740452 -0.097873570232756349 -0.43682241971958563 -0.061216847507423226 -0.016496759870550479 0.11062800146632594 -0.0098119688108375767 0.050974385546233639 0.015685221839345991 0.23702625209244926 0.38586118808701531 0.10082234603404977 0.041652823323546979 0.026030536606867292 1.2550305425738149 0.00068019604082202663 -0.40481799775772953 0.36695181727814735 0.051198541227480715 0.29708343953426358 0.16439820882928827 0.42004548325334562 -0.013250501665975157 -0.021094668902249428 0.12242838632883811 0.3041016846670439 -0.20558275326966219 0.2123671709813448 0.49018942599165183
leaf_weight=4456 893 702 1237 1341 545 172 179 294 657 1009 3229 1183 15572 13534 9079 3213 7731 470 703 873 3304 23046 1413 186 953 1584 255 8290 2820 353 437 10337 10330 4663 2109 295 7689 223
leaf_count=4456 893 702 1237 1341 545 172 179 294 657 1009 3229 1183 15572 13534 9079 3213 7731 470 703 873 3304 23046 1413 186 953 1584 255 8290 2820 353 437 10337 10330 4663 2109 295 7689 223
internal_value=0.0585954 0.0661903 0.113788 0.164239 0.3601 0.798161 1.45462 2.7653 0.706756 0.0535621 0.113874 -0.19427 0.0305164 0.0616319 0.139261 -0.12783 0.0265028 0.367459 0.485132 0.282684 0.0912217 0.0679716 0.0981561 0.237804 0.184834 -0.280915 0.346172 0.122185 0.182161 0.486723 0.66935 -0.0375294 -0.0196399 0.0235427 0.180024 0.0598661 0.157281 0.0893018
internal_weight=145359 139669 59835 37918 7756 3193 1302 473 829 4563 30162 2192 79834 49269 26933 5690 21917 1875 1405 2371 35735 28459 10343 2612 1826 2477 1891 25058 7276 976 623 11574 30565 14993 5413 550 16768 1636
internal_count=145359 139669 59835 37918 7756 3193 1302 473 829 4563 30162 2192 79834 49269 26933 5690 21917 1875 1405 2371 35735 28459 10343 2612 1826 2477 1891 25058 7276 976 623 11574 30565 14993 5413 550 16768 1636
is_linear=0
shrinkage=0.03


Tree=39
num_leaves=39
num_cat=0
split_feature=207 208 187 204 198 94 114 208 36 207 208 204 184 207 80 105 207 198 129 202 201 202 204 201 95 207 122 95 194 97 201 201 208 194 208 207 97 185
split_gain=323059 2.23373e+06 1.23073e+06 924815 376536 263675 222197 212826 193874 144874 422127 251873 115852 184889 115681 110774 172783 174047 117326 99662.9 121645 180800 95340.7 171922 76908.4 76107.7 75491 87553.9 63005.4 83293.7 62268.7 197238 60002.3 117476 116010 134354 61126.4 57319
threshold=-0.47558552026748652 0.86004966497421276 22.44999980926514 15.000000000000002 3.0499999523162846 42.358055114746101 213.34575653076175 0.26659387350082403 531.51239013671886 -0.99372696876525868 0.080547325313091292 9.0000000000000018 0.1899911165237427 -0.17647087574005124 34.924999237060554 172.50346374511722 -0.17647087574005124 4.2500000000000009 136.77083587646487 0.33379416167736059 32.500000000000007 0.94828754663467418 15.000000000000002 137.50000000000003 37.342340469360359 -0.8978554606437682 65.554595947265639 17.266415596008304 19.500000000000004 4.5322427749633798 302.50000000000006 452.50000000000006 0.83258596062660228 66.500000000000014 0.79253265261650097 -0.5917624533176421 13.222447872161867 90.833251953125014
decision_type=2 2 10 2 2 10 8 2 10 2 2 2 8 2 2 10 2 2 10 2 2 2 2 2 10 2 10 10 2 2 2 2 2 2 2 2 2 8
left_child=1 6 -3 4 -4 12 7 9 19 10 22 -12 13 -2 -7 18 17 -17 26 32 21 -21 -1 -24 -11 -10 28 -28 -14 -30 37 -32 34 -34 36 -36 -8 -27
right_child=5 2 3 -5 -6 14 8 -9 25 24 11 -13 15 -15 -16 16 -18 -19 -20 20 -22 -23 23 -25 -26 30 27 -29 29 -31 31 -33 33 -35 35 -37 -38 -39
leaf_value=0.052476251521699442 1.3492424911208944 -0.21021466735904012 2.1593713176618747 3.8642957214656142 0.28629751255575636 -0.012400437047019224 -0.0043819895329858805 0.39274954237821802 0.080333875621364209 0.10451564049004926 0.26192081742820694 1.4460202630946168 -0.063602658677204341 0.06845971260257544 -0.34409562755027939 1.518087215918684 0.078365884823691431 0.34764817206890786 0.14800772494388706 0.21909219364955421 0.013306168874634167 1.2908188816350614 0.074842483316274008 0.9229396563637845 -0.12632389797658866 0.50444524461064766 0.11006213797752139 -0.14061310411460412 -0.00096327527810222211 0.066212104615426454 1.4657260703811941 0.29479340680915606 -0.03879936924014421 0.72655054800359409 -0.89198667880479587 -0.13953610014482953 -0.15694337261006175 0.11837149792941777
leaf_weight=2483 156 241 262 223 153 1547 11795 3031 2660 15472 270 403 6488 290 2437 168 1318 358 6640 1450 3871 157 539 358 1418 456 1662 5108 31618 35004 161 661 566 265 306 707 2956 1436
leaf_count=2483 156 241 262 223 153 1547 11795 3031 2660 15472 270 403 6488 290 2437 168 1318 358 6640 1450 3871 157 539 358 1418 456 1662 5108 31618 35004 161 661 566 265 306 707 2956 1436
internal_value=0.0570721 0.1167 1.61624 2.30617 1.46884 0.0234651 0.0910658 0.157792 0.0327827 0.123787 0.284861 0.970984 0.034176 0.516466 -0.215298 0.0317417 0.261822 0.721498 0.026838 -0.0065589 0.104393 0.323804 0.148243 0.413331 0.0851354 0.194373 0.0167657 -0.0790735 0.0256405 0.0343315 0.306142 0.524151 -0.0431841 0.20527 -0.0562815 -0.366838 -0.0349544 0.211423
internal_weight=145094 52300 879 638 415 92794 51421 23974 27447 20943 4053 673 88810 446 3984 88364 1844 526 86520 22073 5478 1607 3380 897 16890 5374 79880 6770 73110 66622 2714 822 16595 831 15764 1013 14751 1892
internal_count=145094 52300 879 638 415 92794 51421 23974 27447 20943 4053 673 88810 446 3984 88364 1844 526 86520 22073 5478 1607 3380 897 16890 5374 79880 6770 73110 66622 2714 822 16595 831 15764 1013 14751 1892
is_linear=0
shrinkage=0.03


Tree=40
num_leaves=39
num_cat=0
split_feature=207 208 187 204 199 123 114 141 201 208 140 199 207 208 204 205 194 208 194 208 207 129 80 198 99 184 201 199 199 207 207 193 201 205 193 208 207 193
split_gain=306808 2.14606e+06 1.16674e+06 842977 481927 255479 216017 206147 201258 200771 176210 170280 133270 398208 238625 138904 131223 98602.2 122604 102213 125451 94386.7 100803 93191.9 87377.9 111106 86285.7 86095.5 82994.6 81552.4 138975 108063 71501 103405 186662 97631 88300.2 76870
threshold=-0.47558552026748652 0.86004966497421276 22.44999980926514 15.000000000000002 269.50000000000006 61.583036422729499 213.34575653076175 -36.443717956542962 67.500000000000014 0.26659387350082403 -1.1190833449363706 236.50000000000003 -0.99372696876525868 0.080547325313091292 9.0000000000000018 -0.68301269412040699 7.5000000000000009 0.83258596062660228 65.500000000000014 0.79253265261650097 -0.5917624533176421 138.85416412353518 47.174999237060554 4.6499998569488534 0.33336578309535986 0.1899911165237427 137.50000000000003 286.50000000000006 112.50000000000001 -0.68430826067924488 -0.65882179141044606 29.550000190734867 37.500000000000007 0.68301269412040722 21.750000000000004 0.44312302768230444 -0.86546283960342396 27.550000190734867
decision_type=2 2 10 2 2 10 8 8 2 2 10 2 2 2 2 2 2 2 2 2 2 10 2 2 2 8 2 2 2 2 2 2 2 2 2 2 2 2
left_child=1 6 -3 4 -4 7 9 8 -2 12 -7 32 13 15 -15 26 -9 19 -19 -13 -21 22 24 -22 25 -18 -1 -17 -10 -14 31 -31 33 -8 -35 -34 37 -37
right_child=5 2 3 -5 -6 10 11 16 28 -11 -12 17 29 14 -16 27 21 18 -20 20 23 -23 -24 -25 -26 -27 -28 -29 -30 30 -32 -33 35 34 -36 36 -38 -39
leaf_value=0.17689013732953343 1.2629666385519878 -0.2092507454036108 2.374956542055902 3.7279148729975482 0.34107197248434201 -0.028365131410173498 0.13076063217877715 0.84294748115343998 0.89076873767284692 0.38365999524645011 -0.32728564792389903 -0.034910534687809865 0.04905935757952716 0.2495832334016212 1.4004108015405037 0.17245521631509508 0.82973247899931613 0.0037318284524411787 0.72102808008332964 -0.84854454598592066 -0.43245957457654333 0.1511869071722873 -0.16194932495431116 0.2904571130934146 0.066132488989152249 -0.0020387412040587033 0.8765361766757328 -0.18040939234698355 0.16474613214084913 0.84892150680270551 0.12019293362505754 0.066790244561330994 -0.034595675042744849 0.27777910360147035 1.3122236476442823 0.22360733706077018 0.042780585586416446 0.70028165860833069
leaf_weight=303 201 240 231 224 192 4545 2946 179 160 3012 2912 13015 13096 270 406 1815 145 596 335 313 369 5396 2607 284 31331 44189 333 947 1239 471 3123 240 4383 773 197 1532 2312 380
leaf_count=303 201 240 231 224 192 4545 2946 179 160 3012 2912 13015 13096 270 406 1815 145 596 335 313 369 5396 2607 284 31331 44189 333 947 1239 471 3123 240 4383 773 197 1532 2312 380
internal_value=0.056033 0.114125 1.5772 2.23987 1.4518 0.0233065 0.0889018 0.0380031 0.375324 0.154603 -0.145096 0.0313888 0.121755 0.275803 0.940771 0.143511 0.0315661 -0.0371028 0.26184 -0.0570097 -0.35475 0.0298301 0.0214639 -0.118051 0.0277833 0.000681838 0.543222 0.0514691 0.247785 0.0846855 0.206375 0.584916 0.112946 0.21922 0.487878 0.0645937 0.167517 0.318347
internal_weight=145242 52338 887 647 423 92904 51451 85447 1600 24016 7457 27435 21004 4074 676 3398 83847 14912 931 13981 966 83668 78272 653 75665 44334 636 2762 1399 16930 3834 711 12523 3916 970 8607 4224 1912
internal_count=145242 52338 887 647 423 92904 51451 85447 1600 24016 7457 27435 21004 4074 676 3398 83847 14912 931 13981 966 83668 78272 653 75665 44334 636 2762 1399 16930 3834 711 12523 3916 970 8607 4224 1912
is_linear=0
shrinkage=0.03


Tree=41
num_leaves=39
num_cat=0
split_feature=202 95 97 96 208 75 141 208 94 204 83 114 173 96 204 194 202 195 208 56 208 141 99 186 97 208 208 203 208 194 97 56 96 150 208 208 94 208
split_gain=219536 789886 171503 285974 738857 166713 166203 147555 133063 121155 117065 106519 162688 100731 100344 100305 87753.8 82647 76872.9 75704.3 89089.2 64949.2 64947.7 61885 54682.4 52490.9 334707 92166.9 87935.7 76960.1 66347.7 52433.7 49544.4 44993.6 44792.5 43076.7 41529.7 39104.3
threshold=-0.33379416167736048 54.924900054931648 6.8844251632690439 45.261835098266609 0.86004966497421276 3.8646427392959599 -36.443717956542962 0.063390085473656668 40.02052307128907 11.000000000000002 47.229000091552741 -103.79502105712889 61.465000152587898 52.650903701782234 9.0000000000000018 90.500000000000014 0.84335932135581981 1.3499999642372134 0.58307701349258434 80.395332336425795 0.96633976697921764 8.5658421516418475 0.24278204888105395 0.21434580534696582 27.787721633911136 0.87709078192710888 0.86004966497421276 0.87032255530357372 0.82293498516082775 67.500000000000014 43.124767303466804 123.71704864501955 47.094318389892585 1.7534299492836001 0.88522326946258556 0.51849433779716503 33.087072372436531 0.92843842506408703
decision_type=2 10 2 10 2 8 8 2 10 2 10 10 2 10 2 2 2 2 2 8 2 10 2 8 2 2 2 2 2 2 2 10 10 2 2 2 10 2
left_child=6 2 13 5 -5 7 15 -4 14 -9 11 24 19 23 17 -1 -16 -7 33 22 31 -20 35 -2 34 26 27 28 32 -30 -27 -21 -12 -14 -8 -13 -24 -25
right_child=1 -3 3 4 -6 8 10 9 -10 -11 25 12 18 -15 16 -17 -18 -19 21 20 -22 -23 36 37 -26 30 -28 -29 29 -31 -32 -33 -34 -35 -36 -37 -38 -39
leaf_value=0.23220025667126917 0.15866761450650929 2.2601652106747148 0.1536469808017964 0.054497252447396533 1.9526606970875742 0.045421224360021391 -0.033273811611885216 0.37585371186623384 -0.075312222372179785 1.2476506591259946 -0.082734573082042615 0.047049745123328032 -0.10661456792507809 -0.51102376601046529 0.11996050397034562 0.92280081489943233 0.26095563040761965 0.57055173990635688 0.39124028872239791 -0.11797273698965989 0.3610063822201684 0.06910932227366462 0.10400050260521487 0.042953877169652266 -0.27126653039573984 -0.45715357693970526 1.1651384175951534 -0.60483609313092723 0.038581038970930778 0.87267675874061557 -0.061906764758946742 0.17577890019621562 -0.42915916511335878 0.163010020593986 0.10220668837425122 -0.052666911157333143 -0.051519516729524907 -0.083462597252206353
leaf_weight=844 4000 151 633 553 277 10270 20016 283 3127 291 3784 9282 771 293 9685 244 6736 277 2185 5692 421 759 15790 29176 797 769 193 315 285 153 760 605 412 2007 2467 6723 1713 2382
leaf_count=844 4000 151 633 553 277 10270 20016 283 3127 291 3784 9282 771 293 9685 244 6736 277 2185 5692 421 759 15790 29176 797 769 193 315 285 153 760 605 412 2007 2467 6723 1713 2382
internal_value=0.0536393 0.0928619 0.0880477 0.138379 0.687996 0.123805 0.018927 0.469515 0.10994 0.817841 0.0136495 0.0252152 0.0517033 0.0429374 0.13142 0.387085 0.177798 0.0592135 0.201377 0.0304128 -0.0615013 0.308192 0.0488406 0.0475023 -0.0270647 -0.106373 -0.0604838 -0.108283 -0.0745277 0.329957 -0.260695 -0.0897495 -0.116751 0.0881788 -0.0184078 0.00516311 0.0887799 0.0334119
internal_weight=145121 68134 67983 32132 830 31302 76987 1207 30095 574 75899 69228 45948 35851 26968 1088 16421 10547 5722 40226 6718 2944 33508 35558 23280 6671 5142 4949 4634 438 1529 6297 4196 2778 22483 16005 17503 31558
internal_count=145121 68134 67983 32132 830 31302 76987 1207 30095 574 75899 69228 45948 35851 26968 1088 16421 10547 5722 40226 6718 2944 33508 35558 23280 6671 5142 4949 4634 438 1529 6297 4196 2778 22483 16005 17503 31558
is_linear=0
shrinkage=0.03


Tree=42
num_leaves=39
num_cat=0
split_feature=202 95 114 149 209 55 193 141 201 93 96 204 194 105 95 114 174 203 194 197 194 174 199 184 193 201 75 208 56 131 208 193 208 197 208 208 208 208
split_gain=215294 844754 166278 615438 188915 700212 171741 164940 317618 151153 138418 123478 118336 110637 107854 106645 156072 93057.2 88719.3 82000.4 80291.4 72452.2 63797.6 63767.5 58344 117310 58001.7 116906 52161.6 50997.8 49185 49192.9 48841.3 46599.3 44504.3 44136.5 42680.1 168510
threshold=-0.38266885280609125 54.924900054931648 337.65689086914068 16.585000038146976 11.500000000000002 92.745376586914077 40.649999618530281 -36.443717956542962 72.500000000000014 47.864582061767585 37.134746551513679 11.000000000000002 93.500000000000014 10.838234901428224 26.288146018981937 -103.79502105712889 4.1345853805542001 -0.18222858756780622 57.500000000000007 982.85000610351574 24.500000000000004 4.24823021888733 330.50000000000006 0.4042703658342362 21.750000000000004 32.500000000000007 15.410593509674074 0.4584775865077973 78.032104492187514 -53.990980148315423 0.8930937945842744 20.250000000000004 0.011826144531369211 988.75000000000011 -0.099822327494621263 0.94066718220710765 0.87709078192710888 0.82293498516082775
decision_type=2 10 10 2 2 10 2 8 2 10 10 2 2 8 10 10 2 2 2 2 2 2 2 8 2 2 10 2 8 10 2 2 2 2 2 2 2 2
left_child=7 2 6 4 18 17 10 8 -1 15 11 24 20 -14 -8 30 19 -6 -4 32 -13 -18 23 -11 34 -26 28 -28 -21 -23 31 -9 -17 -20 -2 -12 37 -25
right_child=1 -3 3 -5 5 -7 14 9 -10 22 35 12 13 -15 -16 16 21 -19 33 26 -22 29 -24 36 25 -27 27 -29 -30 -31 -32 -33 -34 -35 -36 -37 -38 -39
leaf_value=1.4714579306048867 -0.46758495909988795 2.2610907480826041 -0.069679319027653772 2.0850823175069078 -0.094691621955111174 2.4512691327769596 1.3685009825978811 -0.17156274619017939 0.14174951024225441 0.20455467513364939 -0.092097928274463753 -0.092952041427186868 0.9830175847090793 0.059357169307545254 0.27702843528371235 0.093789779289742276 0.52282233833394809 0.67519475269188778 0.48157916005635243 -0.0011957245765659174 0.11975215459568915 0.11726898229131018 -0.59206364544366497 -0.17768634620022516 0.3959461304706694 0.040975791258971599 -0.014434714645497958 0.16605869322411279 -0.12351752966905322 0.35981786574990132 0.10446942557259474 -0.026636209108631154 0.42366077982422773 0.14649419391477869 -0.03261446346374685 -0.50280324652501718 -0.29848787540745997 0.48082218675535088
leaf_weight=198 219 161 1537 161 405 151 145 2381 881 495 487 1684 271 205 186 8545 552 217 512 13538 30984 4282 270 2783 869 23410 8707 5134 4084 954 2248 18377 424 1381 6345 456 1308 400
leaf_count=198 219 161 1537 161 405 151 145 2381 881 495 487 1684 271 205 186 8545 552 217 512 13538 30984 4282 270 2783 869 23410 8707 5134 4084 954 2248 18377 424 1381 6345 456 1308 400
internal_value=0.052601 0.0905936 0.0855742 0.264858 0.195127 0.618799 0.0735855 0.017512 0.385766 0.0121772 0.0701107 0.0754282 0.11563 0.585232 0.755192 0.0239532 0.0502233 0.173908 0.0996455 0.0293653 0.108787 0.195926 -0.142922 -0.118599 0.0322271 0.0536811 0.00655462 0.0525152 -0.0295446 0.161462 -0.0288246 -0.0432598 0.109385 0.237127 -0.0471274 -0.290703 -0.154218 -0.0949319
internal_weight=145347 69786 69625 4364 4203 773 65261 75561 1079 74482 64930 63987 33144 476 331 69226 46220 622 3430 40432 32668 5788 5256 4986 30843 24279 31463 13841 17622 5236 23006 20758 8969 1893 6564 943 4491 3183
internal_count=145347 69786 69625 4364 4203 773 65261 75561 1079 74482 64930 63987 33144 476 331 69226 46220 622 3430 40432 32668 5788 5256 4986 30843 24279 31463 13841 17622 5236 23006 20758 8969 1893 6564 943 4491 3183
is_linear=0
shrinkage=0.03


Tree=43
num_leaves=39
num_cat=0
split_feature=207 208 187 204 197 96 114 208 207 208 204 205 194 94 194 56 184 193 55 207 96 186 197 181 197 201 204 197 207 194 142 204 144 194 193 207 197 56
split_gain=269015 1.77313e+06 1.0134e+06 803159 378295 329971 197768 176756 130449 378505 212234 123742 116709 96528 89145.9 95542.8 131870 142458 109189 152688 88496.9 105245 103876 87133.7 83487 83362.6 76831 75129.4 71787.9 90222.5 66333 64253.6 62033.2 100090 61003 58648.9 54723 52067
threshold=-0.47558552026748652 0.86004966497421276 22.44999980926514 15.000000000000002 991.64999389648449 35.283611297607429 213.34575653076175 0.24997577071189883 -0.99372696876525868 0.080547325313091292 9.0000000000000018 -0.68301269412040699 7.5000000000000009 48.531978607177741 22.500000000000004 66.160190582275405 0.21647835522890094 16.150000572204593 86.024665832519545 -0.17647087574005124 19.193656921386722 0.14628864824771884 987.25000000000011 68.000000000000014 982.85000610351574 137.50000000000003 19.000000000000004 984.35000610351574 -0.54939359426498402 66.500000000000014 0.56169387698173534 7.0000000000000009 -0.14971755445003507 66.500000000000014 34.049999237060554 0.63920241594314586 990.25000000000011 88.490680694580092
decision_type=2 2 10 2 2 10 8 2 2 2 2 2 2 8 2 8 8 2 10 2 8 10 2 2 2 2 2 2 2 2 2 2 8 2 2 2 2 10
left_child=1 6 -3 4 -4 12 7 8 9 11 -11 25 -2 26 -14 20 17 -17 19 -18 21 -16 34 -7 -10 -1 32 -23 -15 -30 -25 -20 33 -8 -22 -24 -26 -34
right_child=5 2 3 -5 -6 23 13 -9 24 10 -12 -13 14 28 15 16 18 -19 31 -21 22 27 35 30 36 -27 -28 -29 29 -31 -32 -33 37 -35 -36 -37 -38 -39
leaf_value=0.15148631457012318 0.78221793495371217 -0.20446020543802554 2.1684935364941142 3.5337561405831663 0.35139327559583983 -0.056677656305759841 0.0032400185835349021 0.34681172230983215 0.11559770145049852 0.24804419216929535 1.3239078799687549 0.04764080710697987 -0.049444542812462404 -0.21598177569462232 -0.036788256428600591 1.2432239765654136 0.6174693038254615 0.17618270832227145 -0.097846902106971861 0.10831018943183832 0.013264664431550818 0.28086442967397035 -0.027942152532116384 -0.0080484740820391341 -0.055814063605392324 0.84690965414197539 0.16487866220721439 0.085936901292069892 -0.081433510046472354 0.74198142232460151 -0.37913643630871025 0.054668411347199915 -0.049691914382400525 0.34576824852719701 0.17703793383005847 -0.16673746804052073 0.53477473908829842 0.05440672007807057
leaf_weight=296 187 243 214 221 199 1871 1859 3364 12213 271 422 2764 10636 2240 4136 181 547 298 3702 17127 21440 2633 7233 522 4289 326 4101 5490 411 169 2558 7569 9003 1308 2263 4411 146 8321
leaf_count=296 187 243 214 221 199 1871 1859 3364 12213 271 422 2764 10636 2240 4136 181 547 298 3702 17127 21440 2633 7233 522 4289 326 4101 5490 411 169 2558 7569 9003 1308 2263 4411 146 8321
internal_value=0.0508167 0.105173 1.44276 2.07411 1.29297 0.020137 0.0823962 0.145105 0.112367 0.264414 0.903197 0.133674 0.0335661 0.0272849 0.031969 0.0432103 0.0857085 0.579403 0.0775383 0.124069 0.0169433 0.0863982 -0.00714496 -0.218154 0.0751135 0.515977 0.0463485 0.149121 -0.13896 0.1585 -0.316245 0.00457414 0.0226262 0.144708 0.0289007 -0.080521 -0.0363707 0.000308339
internal_weight=145184 52380 877 634 413 92804 51503 24091 20727 4079 693 3386 87853 27412 87666 77030 29424 479 28945 17674 47606 12259 35347 4951 16648 622 24592 8123 2820 580 3080 11271 20491 3167 23703 11644 4435 17324
internal_count=145184 52380 877 634 413 92804 51503 24091 20727 4079 693 3386 87853 27412 87666 77030 29424 479 28945 17674 47606 12259 35347 4951 16648 622 24592 8123 2820 580 3080 11271 20491 3167 23703 11644 4435 17324
is_linear=0
shrinkage=0.03


Tree=44
num_leaves=39
num_cat=0
split_feature=199 95 99 209 183 154 170 123 76 199 95 193 36 186 197 140 197 208 185 55 81 113 208 198 141 208 55 140 209 94 199 208 55 114 74 198 136 123
split_gain=196561 289796 142561 145999 271685 209191 129861 164368 128166 147485 446707 132423 122963 128707 200767 118555 113054 109991 114795 91337.2 90820 83974.4 77687.5 76100.1 75499.4 72822 70185.5 68709.6 77724.3 59045.2 54597.4 49546.2 49360.4 49294.6 48037.1 46411.8 41312.1 39994.3
threshold=248.50000000000003 52.004308700561531 0.1409549415111542 9.5000000000000018 46.00053787231446 8.5000000000000018 4.2999999523162851 47.407510757446296 12.652441024780275 337.50000000000006 41.015392303466804 32.850000381469734 305.69987487792974 0.17892380803823474 991.14999389648449 14.064062595367433 985.64999389648449 0.11478523537516595 51.798387527465827 106.97571945190431 52.862499237060554 -135.39958190917966 0.03762133605778218 4.2500000000000009 12.07247829437256 0.92843842506408703 21.447113037109379 1.5821250081062319 1.5000000000000002 26.776525497436527 135.50000000000003 -0.72694849967956532 29.051905632019047 -11.980750560760496 38.479082107543952 6.6499998569488534 54.750000000000007 -10.493229389190672
decision_type=2 10 2 2 8 2 2 8 10 2 10 2 10 8 2 8 2 2 10 10 2 8 2 2 8 2 10 10 2 10 2 2 10 10 10 2 10 10
left_child=1 2 25 15 5 17 7 27 -8 12 11 -11 32 14 -14 16 21 18 -5 -19 24 31 -23 -22 -15 -1 30 28 -2 -9 -6 -4 -10 -30 36 -31 -28 -35
right_child=6 -3 3 4 26 -7 8 29 9 10 -12 -13 13 20 -16 -17 -18 19 -20 -21 23 22 -24 -25 -26 -27 34 -29 33 35 -32 -33 -34 37 -36 -37 -38 -39
leaf_value=0.016985956119423613 -0.062773752334958549 1.3236862674110608 0.28678313871284228 0.45596900553999009 0.88269421678274773 1.4886534414663919 -0.065268443663123135 -0.049674792673059687 0.17252201553332805 0.10070372406997054 1.7479217401250664 1.0374061266376042 1.5554078908172335 0.21079247965641637 0.14156095082468245 -0.027564901933705574 -0.0056197910237481899 0.1025214577821842 1.2424649276510815 0.75586067855552597 0.42409286549371955 0.075539351914622022 0.29321598941290078 -0.21399354558676778 0.040714575455846821 -0.22925465633031589 0.16754962227158221 -0.028003563549723227 0.0054540186672864723 -0.26260067771710038 0.14361869536005659 0.13207947682838425 -0.13446685169812184 -0.081371290999869755 -0.0011298037811814188 -0.072285712871206317 -0.074269884682464121 0.11849987147096931
leaf_weight=11888 4159 170 4025 610 195 174 4269 13319 579 1210 193 153 145 6271 240 8001 6958 1009 230 238 198 16148 1624 1118 3756 1189 8383 13166 5998 2477 167 3469 2536 959 2424 2158 688 14904
leaf_count=11888 4159 170 4025 610 195 174 4269 13319 579 1210 193 153 145 6271 240 8001 6958 1009 230 238 198 16148 1624 1118 3756 1189 8383 13166 5998 2477 167 3469 2536 959 2424 2158 688 14904
internal_value=0.0492207 0.0866457 0.0835263 0.104926 0.187928 0.4893 0.0167105 -0.00659869 0.0811526 0.119269 0.397139 0.205857 0.0901395 0.13464 0.674075 0.0757945 0.101458 0.405974 0.671331 0.227222 0.11633 0.130946 0.0954307 -0.117987 0.147083 -0.0054031 0.130459 0.0278423 0.0561 -0.0817688 0.541753 0.215171 -0.0774049 0.0787155 0.117506 -0.173993 0.149208 0.106417
internal_weight=145398 67590 67420 54343 14118 2261 77808 57140 20668 16399 1556 1363 14843 11728 385 40225 32224 2087 840 1247 11343 25266 17772 1316 10027 13077 11857 39186 26020 17954 362 7494 3115 21861 11495 4635 9071 15863
internal_count=145398 67590 67420 54343 14118 2261 77808 57140 20668 16399 1556 1363 14843 11728 385 40225 32224 2087 840 1247 11343 25266 17772 1316 10027 13077 11857 39186 26020 17954 362 7494 3115 21861 11495 4635 9071 15863
is_linear=0
shrinkage=0.03


Tree=45
num_leaves=39
num_cat=0
split_feature=207 209 188 204 199 96 94 141 141 197 198 193 207 204 199 74 199 207 194 197 197 207 194 95 203 201 36 201 140 113 204 181 194 207 76 184 97 36
split_gain=243058 1.63946e+06 792873 863808 449751 303531 181777 218211 162683 247928 149569 125321 106123 154872 102716 101072 100705 101765 97879.3 90433.8 88118.7 118833 160675 100373 86916 92300.9 168352 148902 85075.1 92319.5 83997.4 81757.3 79287.9 79202.7 86524.5 105767 75714 67430.5
threshold=-0.47558552026748652 11.500000000000002 0.33029714226722723 15.000000000000002 269.50000000000006 35.283611297607429 48.531978607177741 10.32693386077881 -36.443717956542962 990.45001220703136 2.5499999523162846 24.94999980926514 -0.99275806546211232 11.000000000000002 99.500000000000014 17.637130737304691 329.50000000000006 -0.56368473172187794 7.5000000000000009 985.54998779296886 984.14999389648449 0.99168354272842418 24.500000000000004 19.569999694824222 0.608738273382187 397.50000000000006 545.72491455078136 32.500000000000007 9.5317225456237811 -161.34166717529294 11.000000000000002 66.000000000000014 66.500000000000014 0.89787620306015026 13.892649650573732 0.23303909599781039 37.371011734008796 367.00677490234381
decision_type=2 2 10 2 2 10 8 8 8 2 2 2 2 2 2 10 2 2 2 2 2 2 2 10 2 2 10 2 8 8 2 2 2 2 10 8 2 10
left_child=1 6 -3 4 -4 8 7 11 9 -2 -11 12 13 19 24 -14 17 -8 -10 -1 21 28 -23 -24 25 27 -27 -9 29 -20 36 -7 -19 34 -22 -36 -16 -13
right_child=5 2 3 -5 -6 31 16 14 18 10 -12 37 15 -15 30 -17 -18 32 20 -21 33 22 23 -25 -26 26 -28 -29 -30 -31 -32 -33 -34 -35 35 -37 -38 -39
leaf_value=0.79225360259739874 1.3954917317423439 -0.14162015474710049 2.1052116398591441 3.4287483795033422 0.14877643847036659 -0.049621671974760639 -0.14219412495584788 0.6212015124776854 0.71658943501319605 1.0706536425845434 0.092468808107468076 0.13208449339759462 0.035262204403555923 1.2448953085886179 -0.060779326304350581 0.29635866437272901 -0.51930797072241108 0.030726983861803812 0.18079317421687152 -0.10462367900435811 -0.0073241008059362128 -0.20857751464160926 0.51548174051152829 0.065228197094330156 0.038414819432761836 0.20750038862391551 1.4561920747950672 0.010851241533577785 -0.023139412869041868 0.043712176387667959 0.06239922057982171 -0.30230389487834058 0.74033044067643483 -0.049691140295173693 0.89687919086503665 0.09985129964742627 -0.50083876822765405 -0.036225188631588995
leaf_weight=176 175 226 211 224 212 1816 2687 503 184 158 1283 16866 1873 232 8537 4640 500 395 5550 238 16328 541 1403 653 3559 255 157 1263 12415 21748 6585 3154 221 20097 153 7249 367 2454
leaf_count=176 175 226 211 224 212 1816 2687 503 184 158 1283 16866 1873 232 8537 4640 500 395 5550 238 16328 541 1403 653 3559 255 157 1263 12415 21748 6585 3154 221 20097 153 7249 367 2454
internal_value=0.0472494 0.0989266 1.3881 1.92244 1.12471 0.0181138 0.0770763 0.0929887 0.0310049 0.329229 0.199729 0.150435 0.257651 0.624403 0.0213257 0.221273 -0.122529 -0.0624639 0.0254219 0.276666 0.0239454 0.0548277 0.251435 0.372479 0.129762 0.279029 0.68336 0.184697 0.0419706 0.0715824 -0.0188383 -0.209976 0.285317 -0.005868 0.0312459 0.116327 -0.078918 0.110706
internal_weight=145288 52381 873 647 423 92907 51508 47705 87937 1616 1441 26479 7159 646 21226 6513 3803 3303 86321 414 86137 42310 2597 2056 5737 2178 412 1766 39713 27298 15489 4970 616 43827 23730 7402 8904 19320
internal_count=145288 52381 873 647 423 92907 51508 47705 87937 1616 1441 26479 7159 646 21226 6513 3803 3303 86321 414 86137 42310 2597 2056 5737 2178 412 1766 39713 27298 15489 4970 616 43827 23730 7402 8904 19320
is_linear=0
shrinkage=0.03


Tree=46
num_leaves=39
num_cat=0
split_feature=207 209 187 204 197 96 138 141 197 202 75 199 55 207 197 140 204 204 199 96 141 186 207 113 95 132 207 207 197 207 204 207 199 207 197 197 199 193
split_gain=228982 1.60675e+06 902454 744786 306618 285224 173836 144639 204671 128340 117758 129714 220773 100682 85256.9 104871 84045.6 102068 174235 79843.8 78415.1 75033.7 105567 73425.1 79235.8 93726 75644.3 138899 67713.6 75394.3 170203 70193.1 65797.2 64814 57764.2 57528.8 57521.5 53471.5
threshold=-0.47558552026748652 11.500000000000002 22.44999980926514 13.000000000000002 991.64999389648449 35.283611297607429 49.662500381469734 -36.443717956542962 990.45001220703136 0.63605400919914257 21.701390266418461 250.50000000000003 20.443764686584476 -0.99763298034667958 985.64999389648449 9.5317225456237811 3.0000000000000004 5.0000000000000009 99.500000000000014 74.969795227050795 -14.229028701782225 0.1360224857926369 -0.17647087574005124 -139.07211303710935 17.438424110412601 -71.447296142578111 0.31799963116645819 0.25206111371517187 980.25000000000011 -0.99275806546211232 15.000000000000002 -0.54939359426498402 225.50000000000003 -0.38242425024509424 994.64999389648449 993.64999389648449 126.50000000000001 20.250000000000004
decision_type=2 2 10 2 2 10 8 8 2 2 10 2 10 2 2 8 2 2 2 10 10 8 2 8 8 10 2 2 2 2 2 2 2 2 2 2 2 2
left_child=1 6 -3 4 -4 7 10 8 -2 34 11 12 13 -1 15 23 -11 18 -18 -7 21 22 -16 26 25 -25 27 -9 29 30 -13 -30 -14 -21 -8 -19 -15 -22
right_child=5 2 3 -5 -6 19 9 14 -10 16 -12 28 32 36 20 -17 17 35 -20 33 37 -23 -24 24 -26 -27 -28 -29 31 -31 -32 -33 -34 -35 -36 -37 -38 -39
leaf_value=0.24793394491433007 1.2843341457368114 -0.18567915040852287 2.0388699335358003 3.1702512183422176 0.29952349349193486 -0.29026164249266734 -0.027161309604910588 0.034456509211838474 0.19465206656892367 -0.14945802735338151 0.23141671925188603 -0.083187946547685326 0.10557880108998045 1.2456061594215584 1.0438154610545558 -0.019598818623273007 1.3045915634195635 0.11529992239330664 0.058099830170891431 0.10381312340574333 -0.1434343910213218 0.028262590262942127 0.021229580527304427 0.084923717924794223 0.031990996690539765 0.39049486676664369 0.10320162476603263 0.52298058108565626 -0.025111294930656003 0.081977662004184507 1.0405853526548714 0.35812890941404502 0.4305511858841769 -0.27900702119902543 -0.34899569600635105 0.63989423325859418 0.60802913933520875 -0.02380017889476339
leaf_weight=399 174 243 167 267 201 3256 14431 926 1430 761 6574 233 10615 223 159 13573 191 3445 214 1081 4296 17117 212 3258 22767 1250 6098 1206 10227 1851 253 449 592 630 520 199 297 15473
leaf_count=399 174 243 167 267 201 3256 14431 926 1430 761 6574 233 10615 223 159 13573 191 3445 214 1081 4296 17117 212 3258 22767 1250 6098 1206 10227 1851 253 449 592 630 520 199 297 15473
internal_value=0.0463797 0.0965569 1.3691 1.96407 1.08888 0.018105 0.0748507 0.0305975 0.312867 0.00500947 0.11837 0.0888077 0.159402 0.606415 0.0253533 0.0513281 0.1398 0.194166 0.645969 -0.20307 -0.00886294 0.0374113 0.459497 0.0784424 0.0547441 0.169655 0.156981 0.310799 0.0230251 0.169291 0.50183 -0.00899304 0.122746 -0.037144 -0.038355 0.14395 0.88147 -0.049798
internal_weight=145258 52352 878 635 368 92906 51474 87939 1604 19761 31713 25139 12126 919 86335 49078 4810 4049 405 4967 37257 17488 371 35505 27275 4508 8230 2132 13013 2337 486 10676 11207 1711 14951 3644 520 19769
internal_count=145258 52352 878 635 368 92906 51474 87939 1604 19761 31713 25139 12126 919 86335 49078 4810 4049 405 4967 37257 17488 371 35505 27275 4508 8230 2132 13013 2337 486 10676 11207 1711 14951 3644 520 19769
is_linear=0
shrinkage=0.03


Tree=47
num_leaves=39
num_cat=0
split_feature=207 209 187 205 197 94 94 141 141 197 198 197 123 193 199 123 207 189 199 194 199 207 207 205 74 197 141 76 194 199 206 36 201 193 193 207 114 197
split_gain=216259 1.47052e+06 832642 677978 269103 200384 167211 191626 150103 212573 156011 117866 112387 110983 110778 110318 105623 110150 95468.7 90140.4 89547.5 95168.2 86555.3 115063 97375.5 85884.1 85473.5 98851.1 82354 80041.4 93223.7 159078 137370 72075.2 68260.4 77635.8 65670.2 76315.9
threshold=-0.47558552026748652 11.500000000000002 22.44999980926514 -1.0000000180025095e-35 991.64999389648449 42.358055114746101 48.531978607177741 10.32693386077881 -36.443717956542962 990.45001220703136 2.5499999523162846 984.14999389648449 21.084873199462894 24.94999980926514 101.50000000000001 60.370136260986335 0.99168354272842418 66.012626647949233 99.500000000000014 7.5000000000000009 329.50000000000006 -0.56368473172187794 -0.99275806546211232 -1.0000000180025095e-35 17.637130737304691 976.14999389648449 -14.229028701782225 10.18955183029175 67.500000000000014 51.500000000000007 -0.68301269412040699 528.63720703125011 32.500000000000007 24.050000190734867 19.750000000000004 -0.38242425024509424 213.34575653076175 984.85000610351574
decision_type=2 2 10 2 2 10 8 8 8 2 2 2 10 2 2 10 2 10 2 2 2 2 2 2 10 2 10 10 2 2 2 10 2 2 2 2 10 2
left_child=1 6 -3 -4 -5 8 7 13 9 -2 -11 12 -10 22 16 -7 25 -18 29 -16 21 -8 23 -1 -24 -14 27 -13 -23 -9 31 -31 -32 -25 35 -28 37 -15
right_child=5 2 3 4 -6 15 20 18 11 10 -12 26 14 36 19 -17 17 -19 -20 -21 -22 28 24 33 -26 -27 34 -29 -30 30 32 -33 -34 -35 -36 -37 -38 -39
leaf_value=1.1765940666175059 1.3016014365862281 -0.1881311720804334 3.0141327881719531 1.9262066774964146 0.30121925357929175 -0.085000023481475645 -0.13841990289321948 0.037719660954429537 0.015237764745395376 1.0643393058975663 0.080877251433696229 -0.050848429989296853 0.4235812074897245 0.10060502886012723 0.78263014990343938 -0.42766326896125184 1.013371350993207 0.076267756915716078 -0.017613529610749985 0.06178500473627406 -0.4928525577726191 0.034255097024618736 0.027183510171994846 -0.027046179203096928 0.28346009119094251 0.11342898869982762 0.26432218119303069 0.098029405126935032 0.77745114778289148 0.10653253792607116 0.60658614750476059 1.3517897346510175 0.021105293012113599 0.74221381759819138 -0.019217436998839509 -0.16243826098702158 -0.040049309544145172 0.28676684087700988
leaf_weight=198 175 243 271 168 202 2730 2691 3561 23503 164 1264 6449 1075 14566 158 1225 300 181 15446 13107 499 412 1868 252 4671 3182 412 10630 199 193 495 177 1329 194 22768 5574 2458 2294
leaf_count=198 175 243 271 168 202 2730 2691 3561 23503 164 1264 6449 1075 14566 158 1225 300 181 15446 13107 499 412 1868 252 4671 3182 412 10630 199 193 495 177 1329 194 22768 5574 2458 2294
internal_value=0.0452952 0.0940355 1.30724 1.87412 1.03908 0.0178093 0.0732117 0.0884705 0.0271005 0.314773 0.19383 0.0218206 0.0584428 0.142251 0.114847 -0.191136 0.239365 0.660749 0.0212452 0.0703716 -0.118283 -0.0616761 0.242932 0.57477 0.21025 0.191751 -0.0113442 0.0418134 0.27632 0.125539 0.268074 0.702257 0.179997 0.307572 -0.0429183 -0.133065 0.104815 0.125935
internal_weight=145284 52387 884 641 370 92897 51503 47702 88942 1603 1428 87339 41506 26501 18003 3955 4738 481 21201 13265 3801 3302 7183 644 6539 4257 45833 17079 611 5755 2194 370 1824 446 28754 5986 19318 16860
internal_count=145284 52387 884 641 370 92897 51503 47702 88942 1603 1428 87339 41506 26501 18003 3955 4738 481 21201 13265 3801 3302 7183 644 6539 4257 45833 17079 611 5755 2194 370 1824 446 28754 5986 19318 16860
is_linear=0
shrinkage=0.03


Tree=48
num_leaves=39
num_cat=0
split_feature=207 208 187 193 200 94 94 141 193 141 201 199 208 123 36 194 201 194 201 129 123 200 196 200 199 200 184 55 201 196 207 203 208 193 208 208 200 207
split_gain=204125 1.45719e+06 812310 313423 420909 187845 154927 185455 139555 133092 164644 110794 117731 100417 90512.7 87994.6 87590.1 98059.2 91860.8 81686.4 84109.5 81140.2 74811 69008 67774.9 67754.7 63062.7 105627 62643.6 56258.5 90432.2 96593 52299.9 52252.4 48684.5 66246 47229.5 44746.4
threshold=-0.47558552026748652 0.86004966497421276 22.44999980926514 15.550000190734865 8.0500001907348651 42.358055114746101 42.358055114746101 10.32693386077881 24.94999980926514 -36.443717956542962 67.500000000000014 324.50000000000006 0.82293498516082775 60.370136260986335 460.72016906738287 67.500000000000014 397.50000000000006 47.500000000000007 37.500000000000007 136.77083587646487 62.827201843261726 3.0499999523162846 15.500000000000002 21.250000000000004 112.50000000000001 16.849999427795414 0.21647835522890094 70.835929870605483 27.500000000000004 26.500000000000004 -0.99275806546211232 0.23343648016452792 0.79253265261650097 17.650000572204593 0.56901594996452343 0.31595529615879064 6.6499998569488534 -0.54939359426498402
decision_type=2 2 10 2 2 10 8 8 2 8 2 2 2 10 10 2 2 2 2 10 10 2 2 2 2 2 8 10 2 2 2 2 2 2 2 2 2 2
left_child=1 6 -3 -4 -5 9 7 8 21 10 -2 12 -8 -7 33 -14 18 22 28 20 26 -1 -18 -23 -12 -20 27 -11 -16 34 31 -31 -13 -9 35 -10 -32 -34
right_child=5 2 3 4 -6 13 11 14 29 19 24 32 15 -15 16 -17 17 -19 25 -21 -22 23 -24 -25 -26 -27 -28 -29 -30 30 36 -33 37 -35 -36 -37 -38 -39
leaf_value=0.84601395668407708 1.0922451325253051 -0.18354555779309092 1.089996599942372 1.4691487518600954 3.4996289566217698 -0.086360525960996443 -0.060218610905983599 -0.31164743055790145 0.074721437666445747 0.0066051300100257093 0.76771498597600718 -0.12895663000382207 0.090091440858409672 -0.41591585849077461 0.081714829643739564 0.79197368560758163 0.14069926572555547 0.97644649468343703 -0.13029654600617396 0.12096850873392927 -0.10653059677714868 0.27450302964804607 0.82097903762873536 -0.13680367787184142 0.1064015837063834 0.18584502958252389 0.017558729613613648 0.79950607668463614 0.4180059942465712 0.69470771347333171 -0.038146095654273619 0.052771958099514252 -0.77487997638985273 -0.013941054636465194 0.33257063945718124 -0.1367112644135294 0.15827116078834749 -0.24238876123595574
leaf_weight=211 204 244 280 196 173 2751 4946 555 7748 385 157 565 416 1193 1404 262 1230 174 2427 6729 5037 5574 165 393 1249 815 74946 249 773 543 1315 345 316 12068 535 1611 6795 258
leaf_count=211 204 244 280 196 173 2751 4946 555 7748 385 157 565 416 1193 1404 262 1230 174 2427 6729 5037 5574 165 393 1249 815 74946 249 773 543 1315 345 316 12068 535 1611 6795 258
internal_value=0.0432447 0.0906289 1.2921 1.84688 2.42117 0.0165498 0.0697727 0.0900274 0.144084 0.0255323 0.295814 -0.0640437 -0.00939857 -0.186047 0.0209229 0.361328 0.107545 0.304933 0.050394 0.0205503 0.0121685 0.267859 0.221168 0.247413 0.180252 -0.0508219 0.0200792 0.31802 0.201125 0.103608 0.157894 0.445311 -0.333861 -0.0270307 0.0542376 0.0383266 0.126423 -0.535546
internal_weight=145237 52337 893 649 369 92900 51444 44681 25070 88956 1610 6763 5624 3944 19611 678 6988 1569 5419 87346 80617 6178 1395 5967 1406 3242 75580 634 2177 18892 8998 888 1139 12623 9894 9359 8110 574
internal_count=145237 52337 893 649 369 92900 51444 44681 25070 88956 1610 6763 5624 3944 19611 678 6988 1569 5419 87346 80617 6178 1395 5967 1406 3242 75580 634 2177 18892 8998 888 1139 12623 9894 9359 8110 574
is_linear=0
shrinkage=0.03


Tree=49
num_leaves=39
num_cat=0
split_feature=207 208 187 204 199 96 94 141 141 201 194 199 199 208 204 208 199 55 208 94 202 194 202 201 36 201 198 129 97 208 97 99 184 201 207 199 207 132
split_gain=189945 1.33438e+06 731256 595145 335037 240399 150033 168322 121608 151394 110704 90311.9 81682.1 84719.1 78328.2 78089.8 111354 197326 103497 81718.3 76511.9 75584.1 74977.4 82000.3 132964 130962 73721.8 73294.9 69526.8 66063.7 65239.5 89815.2 81617.3 62238 62237.8 61262.9 52425.6 49602.2
threshold=-0.47558552026748652 0.86004966497421276 22.44999980926514 15.000000000000002 269.50000000000006 35.283611297607429 48.531978607177741 10.32693386077881 -36.443717956542962 67.500000000000014 7.5000000000000009 99.500000000000014 329.50000000000006 0.82293498516082775 11.000000000000002 0.58307701349258434 250.50000000000003 21.674082756042484 0.080547325313091292 40.02052307128907 -0.71322327852249134 66.500000000000014 0.7933231294155122 397.50000000000006 528.63720703125011 32.500000000000007 7.1499998569488534 138.85416412353518 37.371011734008796 0.51849433779716503 17.709986686706547 0.33336578309535986 0.1899911165237427 627.50000000000011 -0.82897400856018055 112.50000000000001 -0.39826117455959315 -69.007465362548814
decision_type=2 2 10 2 2 10 8 8 8 2 2 2 2 2 2 2 2 10 2 10 2 2 2 2 10 2 2 10 2 2 2 2 8 2 2 2 2 10
left_child=1 6 -3 4 -4 8 7 15 9 -2 -10 22 13 -8 28 16 17 18 -1 -17 -19 -15 -9 25 -25 -24 -7 30 -13 -18 31 32 -12 36 -31 -11 -28 -33
right_child=5 2 3 -5 -6 26 12 11 10 35 27 14 -14 21 -16 19 29 20 -20 -21 -22 -23 23 24 -26 -27 33 -29 -30 34 -32 37 -34 -35 -36 -37 -38 -39
leaf_value=0.28371939875530305 1.0486533304811938 -0.17264305175521616 1.8864102962560871 3.0107129601784695 0.18274310134214664 -0.30018398172605665 -0.13200751655103701 0.037456491905261152 0.76044379351552149 0.73976551881222352 0.68547473437925155 -0.058501406680187822 -0.47397309684990518 0.013000084250147958 0.060561585497815665 0.40880410423838381 0.070083760616426918 0.46196692407152351 0.90329248655936401 0.099140700780361232 0.1223954356388237 0.71231441321144195 0.58731578132185147 0.17235555479532699 1.2575938426132416 0.0066982617546918945 0.23567252484026896 0.12120392064920148 -0.48130750884428308 -0.40123094119876551 -0.10617132286562797 0.044139905069030212 -0.0085557735342553214 -0.29159152239175157 0.05090604722220949 0.10532751387113079 -0.10620176920545063 0.15142922160404146
leaf_weight=495 205 239 225 226 193 2522 2686 3542 183 154 153 8533 492 394 6598 1764 10082 633 476 1357 10553 215 488 235 179 1233 685 6198 365 548 3862 25714 45743 772 548 1239 983 4567
leaf_count=495 205 239 225 226 193 2522 2686 3542 183 154 153 8533 492 394 6598 1764 10082 633 476 1357 10553 215 488 235 179 1233 685 6198 365 548 3862 25714 45743 772 548 1239 983 4567
internal_value=0.0424481 0.0881866 1.24451 1.77044 1.09981 0.0167213 0.068328 0.0827783 0.0281747 0.287493 0.0233796 0.0197367 -0.113413 -0.0595738 -0.0177651 0.133231 0.114382 0.177222 0.58745 0.274164 0.141612 0.259892 0.122102 0.262529 0.641596 0.171338 -0.186444 0.0218154 -0.0758456 0.0460372 0.0141191 0.0202175 -0.00624199 -0.0688812 -0.175164 0.175471 0.0341965 0.0603214
internal_weight=145279 52299 883 644 418 92980 51416 47629 88018 1598 86420 21173 3787 3295 15496 26456 23335 12157 971 3121 11186 609 5677 2135 414 1721 4962 86237 8898 11178 80039 76177 45896 2440 1096 1393 1668 30281
internal_count=145279 52299 883 644 418 92980 51416 47629 88018 1598 86420 21173 3787 3295 15496 26456 23335 12157 971 3121 11186 609 5677 2135 414 1721 4962 86237 8898 11178 80039 76177 45896 2440 1096 1393 1668 30281
is_linear=0
shrinkage=0.03


Tree=50
num_leaves=39
num_cat=0
split_feature=204 199 79 79 201 80 114 75 208 74 96 114 201 122 114 209 74 199 198 208 208 208 208 196 198 56 209 198 198 96 205 208 201 208 75 199 94 208
split_gain=152931 111433 130142 98827.2 95346.2 83906.3 98107.3 140663 117502 78428.2 77616.8 77224.5 96484.8 85930.4 71081.2 71986.3 236763 69498 115443 67490.8 65307.5 57641.8 176220 99220.3 51870.6 50719.7 53032.7 111124 49434.2 58815.4 55339.5 45465.1 50260.3 50020 44960.1 44670.6 39780.4 37796.2
threshold=19.000000000000004 248.50000000000003 0.041660849004983909 0.028876786120235923 4287.5000000000009 44.312500000000007 55.939237594604499 14.608035087585451 0.58307701349258434 17.896309852600101 18.240036010742191 327.76303100585943 57.500000000000007 71.61041641235353 -75.254444122314439 9.5000000000000018 7.0534789562225351 345.50000000000006 5.7500000000000009 0.86004966497421276 0.51849433779716503 -0.94426098465919484 -0.96466007828712452 91.500000000000014 1.9499999880790713 102.70215988159181 11.500000000000002 6.3500001430511483 1.1500000357627871 47.094318389892585 0.68301269412040722 0.91511079668998729 262.50000000000006 0.96177148818969738 13.491397857666017 243.50000000000003 28.323625564575199 0.14888729155063632
decision_type=2 2 8 8 2 2 10 10 2 10 8 10 2 10 8 2 8 2 2 2 2 2 2 2 2 10 2 2 2 10 2 2 2 2 8 2 10 2
left_child=1 2 -1 -2 5 6 34 10 20 -10 -8 13 19 14 21 35 -17 28 -19 -13 -9 22 -4 -23 -14 31 -27 -28 -7 -30 -31 32 -5 -33 -3 -16 -15 -12
right_child=3 4 11 25 -6 17 7 8 9 -11 37 12 24 36 15 16 -18 18 -20 -21 -22 23 -24 -25 -26 26 27 -29 29 30 -32 33 -34 -35 -36 -37 -38 -39
leaf_value=0.71495190884735804 0.81620058016412789 0.043975161559925514 0.064499483071789598 0.13271105325334803 0.74212479247074492 0.37075920614237468 0.18716158908359312 0.11294196862065238 0.14161383781850898 0.38845476230926301 0.050377604721014081 0.35064857746704509 0.61946294823931791 -0.026887343614490664 0.0011235088869575303 0.56521266973626139 0.053534438714517733 -0.16262976056518169 0.87691197109047914 1.0500527568389171 -0.13034625707261063 0.024857028796422605 0.48211745984200682 0.26019785904438336 0.069716776934896807 0.16962478312832463 1.2019748857787882 0.18276494313331967 -0.073184471002771243 -0.37493065274928289 -0.039939636447143934 -0.28198091342071285 0.020747616266998604 0.044691563832050647 -0.038772624130575042 0.36288012333329078 -0.30364680341413103 -0.057372141804035
leaf_weight=271 177 7487 2659 14104 156 175 1771 3496 2537 2132 4250 580 166 1037 25130 901 8417 223 169 158 1387 7896 1382 2026 2222 2264 147 279 3975 1423 645 570 4849 1623 28049 311 851 9433
leaf_count=271 177 7487 2659 14104 156 175 1771 3496 2537 2132 4250 580 166 1037 25130 901 8417 223 169 158 1387 7896 1382 2026 2222 2264 147 279 3975 1423 645 570 4849 1623 28049 311 851 9433
internal_value=0.0407842 0.0270924 0.0591905 0.109956 0.00133728 -0.000383729 0.0106968 0.0562224 0.146725 0.254329 0.000283309 0.0558833 0.20059 0.0469452 0.0546403 0.031674 0.103012 -0.101872 0.285549 0.500397 0.0438366 0.111812 0.207323 0.0729121 0.107934 0.104711 0.227407 0.534484 -0.126297 -0.140692 -0.270449 0.0891027 0.104066 -0.0402171 -0.0213387 0.0055459 -0.151635 -0.0239046
internal_weight=145328 121315 54007 24013 67308 67152 60542 25006 9552 4669 15454 53736 3126 50610 48722 34759 9318 6610 392 738 4883 13963 4041 9922 2388 23836 2690 426 6218 6043 2068 21146 18953 2193 35536 25441 1888 13683
internal_count=145328 121315 54007 24013 67308 67152 60542 25006 9552 4669 15454 53736 3126 50610 48722 34759 9318 6610 392 738 4883 13963 4041 9922 2388 23836 2690 426 6218 6043 2068 21146 18953 2193 35536 25441 1888 13683
is_linear=0
shrinkage=0.03


Tree=51
num_leaves=39
num_cat=0
split_feature=199 95 97 194 170 36 197 105 197 132 94 195 36 80 94 122 200 208 105 208 66 199 122 95 122 208 149 132 208 105 197 208 14 208 198 208 56 95
split_gain=147960 191956 115930 110631 89922.7 138488 132104 191127 434313 771956 107302 83664 123918 83357.7 79662.9 75806 64854.4 64757.7 63237.7 119137 60042 58362.1 57352.3 47694.4 46641.1 44177 50104.1 39610.8 44183.1 34940.6 36039.4 90055 34787.9 53831 38570.9 32165.2 31172 30715
threshold=248.50000000000003 52.004308700561531 4.6426730155944833 7.5000000000000009 4.2999999523162851 305.69987487792974 992.95001220703136 74.031970977783217 989.95001220703136 -65.904918670654283 39.497228622436531 1.3499999642372134 145.04105377197268 43.074998855590827 30.253642082214359 38.249834060668952 11.550000190734865 0.79253265261650097 119.03345870971681 0.86004966497421276 17.268500328063968 326.50000000000006 72.701396942138686 42.219734191894538 76.154167175292983 -0.99168640375137318 13.865000247955324 -64.947208404541001 0.92191100120544445 184.34688568115237 980.35000610351574 -0.10837475582957266 426.30113220214849 0.92843842506408703 5.2500000000000009 -0.99168640375137318 20.636942863464359 18.810016632080082
decision_type=2 10 2 2 2 10 2 10 2 10 10 2 10 2 8 8 2 2 10 2 10 2 10 8 10 2 2 10 2 10 2 2 10 2 2 2 8 10
left_child=1 2 32 -2 10 24 7 -7 9 -9 15 14 -13 -8 23 29 -14 -15 22 -20 -10 -19 35 25 36 -4 -27 -17 -29 30 31 -5 33 34 -1 -16 -6 -32
right_child=3 -3 11 4 5 6 13 8 20 -11 -12 12 16 17 18 27 -18 21 19 -21 -22 -23 -24 -25 -26 26 -28 28 -30 -31 37 -33 -34 -35 -36 -37 -38 -39
leaf_value=0.071433429761708703 0.78774288597937958 1.0704664412956675 -0.045928426318219868 0.072495275172982876 0.20404508924325149 0.067933166524679275 0.081388480263241247 2.5913149922908145 0.054543918785794829 0.32355982583372173 -0.14986058728728144 0.060740188206243786 1.1682471408850825 0.050210780922706817 -0.20364718053897751 -0.053420423500668605 0.39440272403467685 -0.21578820841608212 0.090552250880775426 0.85891486850820142 0.31021407306528792 -0.82121930420815048 -0.27208138247242658 0.56974896592615287 -0.37936210009825855 0.13787405246058382 0.020096058188788578 0.19976962373763979 -0.10211510778706062 0.30054468778859306 0.090791964023765867 0.70056942066180006 0.46946007358417996 -0.14684015898664254 -0.008310134783461506 0.032940036910963012 -0.07385560811665938 -0.0014635639478193054
leaf_weight=9748 165 173 1462 5798 400 6399 3234 201 1464 412 4498 461 198 805 549 19493 192 1135 1019 221 1899 164 650 209 420 25773 3720 1205 684 432 3845 213 152 1733 12407 8922 3955 20916
leaf_count=9748 165 173 1462 5798 400 6399 3234 201 1464 412 4498 461 198 805 549 19493 192 1135 1019 221 1899 164 650 209 420 25773 3720 1205 684 432 3845 213 152 1733 12407 8922 3955 20916
internal_value=0.0400013 0.0724649 0.0699037 0.0117755 0.0101249 0.0640401 0.107037 0.169431 0.332781 1.06718 -0.00922576 0.0991911 0.393715 -0.0142333 0.093297 0.00280361 0.787297 -0.161211 0.0252912 0.2275 0.198915 -0.29223 0.000516834 0.118089 -0.0774481 0.115039 0.123019 -0.0407094 0.0904581 0.0326201 0.0288587 0.0947522 0.0170597 0.0141809 0.0267763 0.0192257 -0.0483304 0.0128623
internal_weight=145326 67589 67416 77737 77572 20488 15713 10375 3976 613 57084 43376 851 5338 42525 52586 390 2104 11361 1240 3363 1299 10121 31164 4775 30955 29493 21382 1889 31204 30772 6011 24040 23888 22155 9471 4355 24761
internal_count=145326 67589 67416 77737 77572 20488 15713 10375 3976 613 57084 43376 851 5338 42525 52586 390 2104 11361 1240 3363 1299 10121 31164 4775 30955 29493 21382 1889 31204 30772 6011 24040 23888 22155 9471 4355 24761
is_linear=0
shrinkage=0.03


Tree=52
num_leaves=39
num_cat=0
split_feature=202 79 99 141 201 80 197 209 197 201 79 74 194 141 75 197 193 194 113 196 185 111 185 141 55 202 209 141 16 99 122 197 96 94 99 197 197 96
split_gain=138935 181707 112075 107063 205877 76674.6 86162.9 188608 364021 97389.2 83340.1 89353.5 69382.6 104121 63155.9 125430 60648.8 58055.4 57981.4 83210 68920.8 77913.1 63495.6 63305.8 137824 91765 56900 89079.4 65619.3 71937 62621 55991.8 55678.3 51191.2 48107.6 47710.7 44485.5 56872.5
threshold=0.13052122294902804 0.041660849004983909 0.20391262322664264 -36.443717956542962 72.500000000000014 44.824998855590827 993.35000610351574 11.500000000000002 991.25000000000011 97.500000000000014 0.12061452120542528 16.232412338256839 82.500000000000014 7.2975776195526132 3.9443173408508305 982.25000000000011 12.550000190734865 7.5000000000000009 -186.92377471923825 71.500000000000014 179.34725189208987 603.57501220703136 389.40998840332037 -7.4571130275726309 122.08153533935548 0.9536806344985963 4.5000000000000009 10.712348937988283 109.11672973632814 0.33336578309535986 60.560396194458015 985.85000610351574 50.399358749389656 33.239908218383796 0.24739698320627215 993.25000000000011 991.04998779296886 33.742334365844734
decision_type=2 8 2 8 2 2 2 2 2 2 8 10 2 8 8 2 2 2 8 2 10 10 10 8 10 2 2 8 10 2 10 2 10 8 2 2 2 10
left_child=3 -2 32 4 -1 10 7 36 -9 -10 11 -5 13 -8 15 -4 -13 -12 19 -16 21 -21 -22 24 25 -20 28 30 -19 -30 -28 -17 -3 -25 -18 -36 37 -7
right_child=1 2 14 5 -6 6 12 8 9 -11 17 16 -14 -15 18 31 34 26 23 20 22 -23 -24 33 -26 -27 27 -29 29 -31 -32 -33 -34 -35 35 -37 -38 -39
leaf_value=1.1219147058376793 0.84306513005003336 0.014428170662446907 0.088338470049655601 0.035002517424330158 0.10790185627166772 -0.055309894113550626 -0.48763583296060148 1.5858147004917826 0.55253642743584119 -0.36887193968099924 0.59863193759943856 0.89225221893761397 0.3898780813094031 -0.093166757781027912 0.10065529392815491 0.88626946079371005 0.041627732912735305 -0.05129715740450725 0.082386452059501999 0.11589552033607384 0.80807286851378668 0.67205884221492462 0.090429704232344463 0.074025198231026365 0.98296675103393782 0.46742938480925023 0.057994834882033532 -0.017889267353074022 -0.02625497811056457 0.11188501943698802 0.2427592656540242 0.33265249899934418 -0.43655805893516286 -0.0424455260765998 0.51363695523783515 0.0087577086946093643 0.072931253270668156 -0.32974452856116321
leaf_weight=222 276 16962 1202 2351 957 2517 1028 188 173 256 152 153 159 1454 4504 322 548 20325 3486 1173 411 281 152 21315 184 663 23267 16990 7854 5973 1777 336 250 4040 719 220 1365 931
leaf_count=222 276 16962 1202 2351 957 2517 1028 188 173 256 152 153 159 1454 4504 322 548 20325 3486 1173 411 281 152 21315 184 663 23267 16990 7854 5973 1777 336 250 4040 719 220 1365 931
internal_value=0.037967 0.0752382 0.0714045 0.0148513 0.298843 0.0110636 -0.0770804 -0.00872028 0.485094 0.00270138 0.0199199 0.153561 -0.217631 -0.25655 0.100127 0.270615 0.323518 0.012933 0.091369 0.17237 0.332509 0.223384 0.614327 0.073577 0.179549 0.143916 0.0117644 0.0351338 -0.0169985 0.0334189 0.0711049 0.603581 0.00787745 0.055467 0.264995 0.39535 -0.0720254 -0.129411
internal_weight=145136 55557 55281 89579 1179 88400 8071 5430 617 429 80329 3991 2641 2482 38069 1860 1640 76338 36209 6521 2017 1454 563 29688 4333 4149 76186 42034 34152 13827 25044 658 17212 25355 1487 939 4813 3448
internal_count=145136 55557 55281 89579 1179 88400 8071 5430 617 429 80329 3991 2641 2482 38069 1860 1640 76338 36209 6521 2017 1454 563 29688 4333 4149 76186 42034 34152 13827 25044 658 17212 25355 1487 939 4813 3448
is_linear=0
shrinkage=0.03


Tree=53
num_leaves=39
num_cat=0
split_feature=207 208 204 198 96 197 138 140 202 77 201 202 204 198 208 207 194 194 123 208 197 199 197 207 207 208 204 201 201 208 189 206 207 197 56 207 197 204
split_gain=160615 1.16837e+06 567598 378287 208160 147647 129391 93057.4 88740.5 87552 72592.3 105176 76843.6 69301.6 68594.2 127106 63981.7 73675 98364.1 126211 444695 171500 153973 98500.5 60912.9 138628 92258.8 70728.5 57924.2 53933.5 53684.3 50773 49470 49292.3 44640.7 43899.7 43906.1 43718.4
threshold=-0.47558552026748652 0.86004966497421276 15.000000000000002 3.0499999523162846 35.283611297607429 991.64999389648449 49.662500381469734 2.1670743227005009 0.33379416167736059 12.321859836578371 37.500000000000007 0.95878320932388317 9.0000000000000018 7.1499998569488534 0.44312302768230444 -0.89015004038810719 7.5000000000000009 19.500000000000004 21.084873199462894 0.96633976697921764 990.25000000000011 103.50000000000001 985.64999389648449 0.99168354272842418 -0.99372696876525868 0.080547325313091292 9.0000000000000018 147.50000000000003 627.50000000000011 0.39629089832305914 69.998691558837905 -0.68301269412040699 -0.39826117455959315 994.64999389648449 80.053176879882827 0.98667103052139293 987.64999389648449 11.000000000000002
decision_type=2 2 2 2 10 2 8 10 2 10 2 2 2 2 2 2 2 2 10 2 2 2 2 2 2 2 2 2 2 2 10 2 2 2 8 2 2 2
left_child=1 6 3 5 16 -3 7 24 33 -9 11 -10 -12 -6 -14 -16 -2 -18 35 22 -21 -22 23 -20 25 30 -27 29 32 -26 -1 -32 -15 37 -24 -19 -37 -8
right_child=4 2 -4 -5 13 -7 8 9 10 -11 12 -13 14 28 15 -17 17 18 19 20 21 -23 34 -25 27 26 -28 -29 -30 -31 31 -33 -34 -35 -36 36 -38 -39
leaf_value=0.022079226036571878 0.58293150760427292 2.0279424543343518 2.2651797146937573 -0.14065865753955761 -0.28535402271923804 0.7009670330975184 -0.086842786218230994 0.016024035959672101 0.15993739745913146 0.20014958838058516 -0.13912349453456541 0.82018223871866325 -0.034792576868606317 0.23461536531924412 0.87420709626129756 0.1363324200905677 -0.065248315333276283 0.010239534253695946 0.078375576409716374 1.7933203462152054 1.0859220125512954 0.10258600381299364 0.016557290764759248 0.26589210122665458 0.145081344842968 0.23205993552600515 1.1691352844715261 0.075443059048021524 -0.27584513588689519 0.34772712820209029 0.060781670085561061 0.62223947364344423 -0.097705113007110891 -0.33603269823750026 -0.09374469741014102 -0.037747612899132213 -0.27354755413953746 0.024563712665903795
leaf_weight=847 184 154 285 289 2532 148 6552 13422 1652 2811 1632 250 1426 682 249 1345 7771 39452 16435 161 171 2398 9443 2978 3379 154 245 8488 774 1818 245 355 986 502 5078 2848 947 6142
leaf_count=847 184 154 285 289 2532 148 6552 13422 1652 2811 1632 250 1426 682 249 1345 7771 39452 16435 161 171 2398 9443 2978 3379 154 245 8488 774 1818 245 355 986 502 5078 2848 947 6142
internal_value=0.0371203 0.0791183 1.16553 0.635219 0.0134206 1.37768 0.0606435 0.0981346 0.000346547 0.0479084 0.0905797 0.246724 0.0267386 -0.175383 0.11637 0.251601 0.0241086 0.0229358 0.0315114 0.0676602 0.263899 0.168044 0.0518727 0.107141 0.150631 0.312395 0.807472 0.12881 -0.0613573 0.215971 0.175877 0.392983 0.038172 -0.0444692 -0.0220154 0.000865072 -0.0965895 -0.0329387
internal_weight=145230 52390 876 591 92840 302 51514 31764 19750 16233 6554 1902 4652 4974 3020 1594 87866 87682 79911 36664 2730 2569 33934 19413 15531 1846 399 13685 2442 5197 1447 600 1668 13196 14521 43247 3795 12694
internal_count=145230 52390 876 591 92840 302 51514 31764 19750 16233 6554 1902 4652 4974 3020 1594 87866 87682 79911 36664 2730 2569 33934 19413 15531 1846 399 13685 2442 5197 1447 600 1668 13196 14521 43247 3795 12694
is_linear=0
shrinkage=0.03


Tree=54
num_leaves=39
num_cat=0
split_feature=199 79 170 123 209 74 201 96 113 195 199 96 140 193 16 80 123 193 184 153 208 200 208 201 209 105 193 199 208 208 199 208 61 205 140 96 208 199
split_gain=129173 259824 87205.4 120497 82214.3 228890 96618.2 83105.9 82669.9 125982 81412.5 257606 80714.6 80410 74020.2 76364.4 96100.5 143363 70778.5 173319 61796.3 99595.7 60508.5 65701.3 57838.9 57075.2 54799.8 51132.5 60550.2 76130.9 47019.9 65071.3 46951.2 44551.2 42872 69188.1 42818.9 42649.1
threshold=248.50000000000003 0.028876786120235923 4.2999999523162851 48.472558975219734 9.5000000000000018 5.4765470027923593 97.500000000000014 52.650903701782234 -103.93333435058592 1.3499999642372134 337.50000000000006 46.54467964172364 1.5821250081062319 33.649999618530281 100.53579330444337 48.250000000000007 35.95477485656739 11.84999990463257 0.4042703658342362 1.7005987167358401 0.063390085473656668 9.7500000000000018 0.56901594996452343 32.500000000000007 1.5000000000000002 128.37414550781253 22.250000000000004 330.50000000000006 0.87709078192710888 0.82293498516082775 86.500000000000014 -0.94978386163711537 20.970999717712406 0.25000000000000011 13.31512498855591 14.110526084899904 0.75438815355300914 243.50000000000003
decision_type=2 8 2 10 2 8 2 10 8 2 2 10 8 2 10 2 10 2 8 2 2 2 2 2 2 10 2 2 2 2 2 2 10 2 8 8 2 2
left_child=1 -1 3 12 8 6 -6 18 9 26 14 13 24 -12 -4 16 36 -18 19 -7 -8 -22 23 -20 -2 -24 -3 28 29 -17 31 -28 -19 -14 35 -10 -16 -37
right_child=2 4 10 -5 5 7 20 -9 34 -11 11 -13 33 -15 15 27 17 32 22 -21 21 -23 25 -25 -26 -27 30 -29 -30 -31 -32 -33 -34 -35 -36 37 -38 -39
leaf_value=1.2701467976504739 -0.058412853269679738 -0.13578394048062697 -0.081082809442947823 -0.11727414120319642 -0.021704919209577001 0.085605575501993117 0.32422082948412273 -0.41002294475914397 0.24847497168897476 0.78791327479083129 0.065285204611886069 1.2866249302906032 0.0040186212826345538 0.79136701938935605 -0.13221977293885759 -0.066023459763670786 0.85929792203086353 0.10182727263878107 0.26644631808831803 1.1223701775882959 1.2577682174820781 0.47412672905287151 -0.12569986623941357 0.085174616801112921 0.063606824728078826 0.096382416850235991 0.42904586866578315 -0.62250995270017329 -0.25947469077334828 0.38379319001301193 0.073548879258919619 0.13245598523752597 0.27636265748352173 -0.080214465689169484 -0.036214535638001914 0.02558226761330127 0.059248437774813846 0.42398828236473701
leaf_weight=161 4156 860 3478 8007 219 480 289 291 1359 241 1509 194 12921 151 1571 1225 260 5874 2344 208 288 296 1973 7747 22024 2206 863 145 792 468 8736 2913 1816 10044 8781 27015 3177 244
leaf_count=161 4156 860 3478 8007 219 480 289 291 1359 241 1509 194 12921 151 1571 1225 260 5874 2344 208 288 296 1973 7747 22024 2206 863 145 792 468 8736 2913 1816 10044 8781 27015 3177 244
internal_value=0.0360857 0.06645 0.00974005 -0.00935492 0.0635725 0.122134 0.541703 0.0920879 0.044813 0.108114 0.0625627 0.252231 0.00822794 0.131337 0.043864 0.0722152 0.102689 0.16647 0.101857 0.399058 0.683038 0.860595 0.0875273 0.127282 0.0442365 -0.00846758 0.0958618 -0.0749188 -0.0429644 0.0583216 0.111784 0.200242 0.143044 -0.0328217 0.0217718 0.039564 -0.00410388 0.0291486
internal_weight=145326 67514 77812 57152 67353 16341 1092 15249 51012 13613 20660 1854 49145 1660 18806 15328 12698 7950 14958 688 873 584 14270 10091 26180 4179 13372 2630 2485 1693 12512 3776 7690 22965 37399 28618 4748 27259
internal_count=145326 67514 77812 57152 67353 16341 1092 15249 51012 13613 20660 1854 49145 1660 18806 15328 12698 7950 14958 688 873 584 14270 10091 26180 4179 13372 2630 2485 1693 12512 3776 7690 22965 37399 28618 4748 27259
is_linear=0
shrinkage=0.03


Tree=55
num_leaves=39
num_cat=0
split_feature=207 208 187 204 199 96 93 141 141 207 193 193 199 36 204 202 199 199 181 200 207 202 75 196 208 196 207 208 207 98 104 202 207 208 207 96 184 95
split_gain=146522 1.04773e+06 633999 508172 294074 186789 117766 123320 100894 101371 148464 90803.9 77074.7 75822.8 84885.3 104385 162582 75762.8 67076.3 66401.1 71309 65222 62919 62164.5 58365.4 53836.5 61623.1 74706.9 50502.8 48861.4 47775.6 66932.6 82668.2 79642.3 120910 64106.9 58242.4 57901.5
threshold=-0.47558552026748652 0.86004966497421276 22.44999980926514 15.000000000000002 269.50000000000006 35.283611297607429 46.453332901000984 10.32693386077881 -36.443717956542962 -0.17647087574005124 11.84999990463257 24.94999980926514 269.50000000000006 464.14422607421881 3.0000000000000004 0.83385404944419872 74.500000000000014 324.50000000000006 62.000000000000007 20.94999980926514 -0.99467751383781422 0.7933231294155122 16.045660018920902 37.500000000000007 0.82293498516082775 26.500000000000004 -0.98523971438407887 0.080547325313091292 -0.99275806546211232 -32.954000473022454 43.754167556762702 0.28400452435016638 0.12545942142605784 -0.94426098465919484 0.25206111371517187 14.110526084899904 0.1899911165237427 31.013631820678714
decision_type=2 2 10 2 2 10 10 8 8 2 2 2 2 10 2 2 2 2 2 2 2 2 10 2 2 2 2 2 2 2 8 2 2 2 2 10 8 10
left_child=1 6 -3 4 -4 8 7 11 9 10 -2 19 -12 -9 -15 23 -17 24 -7 20 21 -1 -22 -16 28 -13 27 -27 -8 -20 31 -10 -33 34 -34 -35 37 -32
right_child=5 2 3 -5 -6 18 17 13 30 -11 12 25 -14 14 15 16 -18 -19 29 -21 22 -23 -24 -25 -26 26 -28 -29 -30 -31 36 32 33 35 -36 -37 -38 -39
leaf_value=0.97878568520601128 1.3529806545186605 -0.19661735113285106 1.7152742910129051 2.7474095162125294 0.11750833637708363 -0.013800538257793562 0.3017343927470082 -0.025201934822157997 0.006363404720812104 0.033856195849441675 0.90181657265232018 0.036320895480141481 0.11047512005780373 -0.13108395282784041 0.057473735473521338 1.0321739387863125 0.20677874171536403 -0.32178789929277413 0.014635454220170437 -0.11700475812100572 0.040347896152529962 0.21458371918669161 0.26687363802981268 0.66266798903650193 0.27450901683727946 0.24834000306416926 0.11047504501223002 0.96734378132424936 -0.089691582298716183 -0.29669504276107961 0.83345662366776307 -0.0022156029889422667 0.10782558124180053 0.29297694530408058 0.44252318654427686 0.049377587395271871 -0.014627165499100616 -0.0071618264498517891
leaf_weight=216 151 246 224 224 193 1723 321 12862 30779 849 146 10059 459 1230 4594 273 1007 909 544 514 1462 188 4501 158 528 782 7751 156 3911 2733 146 8494 2791 1074 1490 10266 31211 149
leaf_count=216 151 246 224 224 193 1723 321 12862 30779 849 146 10059 459 1230 4594 273 1007 909 544 514 1462 188 4501 158 528 782 7751 156 3911 2733 146 8494 2791 1074 1490 10266 31211 149
internal_value=0.0356211 0.0757895 1.09806 1.59493 0.975801 0.0130291 0.0581556 0.0741365 0.0231629 0.25884 0.511497 0.11778 0.301455 0.0185541 0.096052 0.142368 0.382827 -0.0708218 -0.165337 0.210989 0.237468 0.623181 0.211335 0.0775973 -0.0228951 0.0835697 0.138268 0.367927 -0.060001 -0.245012 0.0187849 0.0356855 0.0731104 0.114069 0.224318 0.0724489 -0.0106616 0.408885
internal_weight=145314 52309 887 641 417 93005 51422 45753 88005 1605 756 25629 605 20124 7262 6032 1280 5669 5000 6881 6367 404 5963 4752 4760 18748 8689 938 4232 3277 86400 54894 24115 15621 4281 11340 31506 295
internal_count=145314 52309 887 641 417 93005 51422 45753 88005 1605 756 25629 605 20124 7262 6032 1280 5669 5000 6881 6367 404 5963 4752 4760 18748 8689 938 4232 3277 86400 54894 24115 15621 4281 11340 31506 295
is_linear=0
shrinkage=0.03


Tree=56
num_leaves=39
num_cat=0
split_feature=204 141 197 200 199 81 56 200 114 99 96 208 195 113 94 208 114 173 199 200 208 200 200 96 208 208 208 200 204 55 97 74 197 197 208 150 75 129
split_gain=133098 108895 147305 107769 86103.3 78806.1 72614.2 89374.1 261863 70678.7 98931.3 247339 71573 78997.5 67851.1 62792.5 54102.6 80664.8 51834.6 118793 47953.8 45442.2 44741.3 45170.5 40991.4 43451.4 42800.3 40255.3 39633.4 78539.1 53330.1 39168.3 37884.6 37138 92112.4 36877 34987.1 34863.5
threshold=19.000000000000004 -36.443717956542962 990.45001220703136 4.2500000000000009 248.50000000000003 44.312500000000007 105.45421218872072 13.250000000000002 359.06178283691412 0.1409549415111542 45.261835098266609 0.86004966497421276 1.3499999642372134 -177.79999542236325 40.02052307128907 -0.42179730534553522 -103.79502105712889 61.465000152587898 345.50000000000006 11.250000000000002 0.59696555137634288 10.750000000000002 3.8500000238418584 47.094318389892585 0.91511079668998729 0.96177148818969738 -0.96687281131744374 26.150000572204593 9.0000000000000018 98.969909667968764 24.892492294311527 17.122917175292972 973.64999389648449 980.35000610351574 -0.10837475582957266 2.6500604152679448 15.410593509674074 92.604167938232436
decision_type=2 8 2 2 2 2 10 2 8 2 10 2 2 8 8 2 10 2 2 2 2 2 2 10 2 2 2 2 2 8 2 10 2 2 2 2 10 8
left_child=1 2 -1 -4 9 16 24 8 -8 -3 12 -12 14 -14 21 -15 28 33 22 -20 35 -11 -7 -24 26 -26 -2 32 30 -30 -6 -22 -28 34 -18 -19 -35 -10
right_child=6 4 3 -5 5 18 7 -9 37 10 11 -13 13 15 -16 -17 17 20 19 -21 31 -23 23 -25 25 -27 27 -29 29 -31 -32 -33 -34 36 -36 -37 -38 -39
leaf_value=1.1140295573068315 -0.018581022167736376 -0.023450957950800631 0.88668574618108864 0.051428235572186266 -0.06307987588137022 0.27896412672953202 1.542825920575488 0.096119477364977501 0.03480272264395684 0.09403542075768849 0.0088196560126413484 1.1977381815544492 0.95492235291534011 0.070441917094340945 -0.090513814792983024 0.7302483101972036 0.064353165947948029 -0.085757022718964446 -0.17630253468805437 0.90179845023314731 0.077174393174366779 0.02905522343979133 -0.080069711606037763 -0.25354638226067999 -0.26244765570236051 0.037658910303914481 0.50073313913016093 -0.20865687476457948 -0.042115674663185325 0.13630199336411478 -0.42525092999248409 0.35028068990807115 0.11376714660679429 -0.025452869887393609 0.69907322107143111 0.14924126451613515 0.039666671681301995 0.40645945829717844
leaf_weight=171 2597 10486 162 980 9241 238 168 1489 379 19602 458 240 146 670 2819 161 3181 984 243 148 735 19147 3878 2073 588 1660 231 344 8357 3024 381 1324 15892 18315 220 1544 12489 567
leaf_count=171 2597 10486 162 980 9241 238 168 1489 379 19602 458 240 146 670 2819 161 3181 984 243 148 735 19147 3878 2073 588 1660 231 344 8357 3024 381 1324 15892 18315 220 1544 12489 567
internal_value=0.0339023 0.0211608 0.292886 0.169921 0.0181902 -0.00466341 0.0985912 0.24817 0.451403 0.0464227 0.0633664 0.417628 0.0575543 0.31136 0.0515888 0.198282 0.00618033 0.0271778 -0.103205 0.231787 0.145311 0.0619269 -0.124369 -0.1405 0.0803218 -0.0408393 0.094609 0.11246 -0.0326015 0.00529101 -0.0774211 0.252791 0.119312 0.0113357 0.105413 0.0577703 0.000948821 0.257563
internal_weight=145332 121417 1313 1142 120104 66375 23915 2603 1114 53729 43243 698 42545 977 41568 831 59795 38792 6580 391 4587 38749 6189 5951 21312 2248 19064 16467 21003 11381 9622 2059 16123 34205 3401 2528 30804 946
internal_count=145332 121417 1313 1142 120104 66375 23915 2603 1114 53729 43243 698 42545 977 41568 831 59795 38792 6580 391 4587 38749 6189 5951 21312 2248 19064 16467 21003 11381 9622 2059 16123 34205 3401 2528 30804 946
is_linear=0
shrinkage=0.03


Tree=57
num_leaves=39
num_cat=0
split_feature=207 208 188 205 197 93 94 141 99 141 207 193 207 193 197 132 132 184 113 36 193 194 207 194 74 114 208 207 205 123 194 207 207 207 194 208 194 36
split_gain=139255 1.0026e+06 505721 459593 262749 143122 121071 119589 101236 88633.5 85903 126568 89252.1 77071.7 73111.9 90292.3 66398.3 67723.3 66051.1 59088.9 71840.1 114267 56495.5 70786.5 58841.3 50793.6 83147 185755 70937 50715.1 49107.2 46104.8 70548.1 46660 44560.2 42194.3 64684.6 42252.5
threshold=-0.47558552026748652 0.86004966497421276 0.33029714226722723 -1.0000000180025095e-35 991.64999389648449 45.510416030883796 48.531978607177741 10.32693386077881 0.33336578309535986 -14.229028701782225 -0.17647087574005124 11.84999990463257 -0.19337636232376096 24.94999980926514 984.14999389648449 -70.100856781005845 -86.353397369384751 0.21647835522890094 -135.39958190917966 545.72491455078136 25.750000000000004 47.500000000000007 -0.99467751383781422 94.500000000000014 17.896309852600101 203.33466339111331 0.011826144531369211 -0.99940761923789967 -1.0000000180025095e-35 60.370136260986335 66.500000000000014 -0.2603763341903686 -0.35846811532974238 -0.056952163577079766 74.500000000000014 0.83258596062660228 66.500000000000014 499.68975830078131
decision_type=2 2 10 2 2 10 8 8 2 8 2 2 2 2 2 10 10 10 8 10 2 2 2 2 10 10 2 2 2 10 2 2 2 2 2 2 2 10
left_child=1 6 -3 -4 -5 8 7 13 16 10 11 -10 -13 22 15 18 -2 -18 30 -9 -21 -22 23 -1 -24 26 28 -28 -15 -7 -11 32 -19 -33 -26 37 -37 -8
right_child=5 2 3 4 -6 29 35 19 9 14 -12 12 -14 25 -16 -17 17 31 -20 20 21 -23 24 -25 34 -27 27 -29 -30 -31 -32 33 -34 -35 -36 36 -38 -39
leaf_value=0.80807309138927663 0.024723896890692564 -0.15436256780965907 2.4225260563394291 1.7094027720261873 0.11568529841333386 -0.10450082104119493 -0.068239446223446909 -0.0039464110983898097 1.2080050937289497 0.095943630382920364 0.11776971951165714 0.082990073241191592 0.91453006035530982 0.15126889653529516 -0.0061132380357487113 0.34939529056965496 0.46399530428700647 0.050141089969212023 0.017187340239174117 0.042253085889176159 0.20934024625220471 1.1114775823305336 0.040263136181796132 0.031197446057668929 0.17414623627653969 -0.04651265638090965 1.0951654264587694 0.17804028483818252 0.015443423469899367 -0.35627333453585808 0.30158468825766704 0.13378728738005274 -0.25707458393294713 -0.044943940274704774 0.3813404512892038 -0.072408566984079131 0.64154672189593509 -0.29457329860667653
leaf_weight=284 25508 224 278 166 212 2546 2043 18543 161 4397 4073 515 150 5823 16969 1066 234 995 9933 1804 665 156 2079 168 3320 2508 218 2251 8530 1004 1371 1405 2077 20424 1300 399 160 1166
leaf_count=284 25508 224 278 166 212 2546 2043 18543 161 4397 4073 515 150 5823 16969 1066 234 995 9933 1804 665 156 2079 168 3320 2508 218 2251 8530 1004 1371 1405 2077 20424 1300 399 160 1166
internal_value=0.033157 0.0723092 1.07636 1.49661 0.815598 0.0110996 0.0551246 0.0680701 0.0185277 0.0551027 0.174343 0.4533 0.270566 0.110563 0.0377871 0.0822163 -0.00937505 -0.04398 0.0640763 0.0149122 0.148129 0.380769 0.194709 0.51933 0.172805 0.0794333 0.0982107 0.259022 0.0705478 -0.175707 0.144823 -0.0487538 -0.15757 -0.03344 0.232448 -0.108579 0.13195 -0.150479
internal_weight=145125 52297 880 656 378 92828 51417 47649 89278 38635 4899 826 665 26481 33736 16767 50643 25135 15701 21168 2625 821 7151 452 6699 19330 16822 2469 14353 3550 5768 24901 3072 21829 4620 3768 559 3209
internal_count=145125 52297 880 656 378 92828 51417 47649 89278 38635 4899 826 665 26481 33736 16767 50643 25135 15701 21168 2625 821 7151 452 6699 19330 16822 2469 14353 3550 5768 24901 3072 21829 4620 3768 559 3209
is_linear=0
shrinkage=0.03


Tree=58
num_leaves=39
num_cat=0
split_feature=207 208 187 204 198 96 94 188 204 197 199 208 208 99 105 207 198 197 197 207 202 184 113 204 204 181 193 207 204 66 197 204 114 196 196 204 36 199
split_gain=132169 917375 548262 482998 268442 161704 110295 96502.4 69204.5 80127.2 68543.5 72758.9 67400.7 66251 69704.8 99256.2 187939 93248.3 74188.2 86872.6 106247 69583.2 64361.5 62942.7 81524.3 62615.9 53613.5 77814.9 110754 71829.8 67487.6 63140.5 80818.8 65933.1 53113.4 52325.4 52214.7 50165
threshold=-0.47558552026748652 0.86004966497421276 22.44999980926514 15.000000000000002 3.0499999523162846 35.283611297607429 48.531978607177741 0.30581060051918035 9.0000000000000018 993.64999389648449 329.50000000000006 0.82293498516082775 0.59696555137634288 0.31009252369403845 46.04566955566407 -0.17647087574005124 3.9500000476837163 991.25000000000011 984.14999389648449 0.99168354272842418 0.84335932135581981 0.1899911165237427 -123.06766128540038 7.0000000000000009 3.0000000000000004 60.000000000000007 24.94999980926514 -0.99275806546211232 11.000000000000002 17.041500091552738 985.54998779296886 11.000000000000002 213.34575653076175 98.500000000000014 5.5000000000000009 13.000000000000002 469.01451110839849 85.500000000000014
decision_type=2 2 10 2 2 10 8 10 2 2 2 2 2 2 10 2 2 2 2 2 2 8 8 2 2 2 2 2 2 8 2 2 10 2 2 2 10 2
left_child=1 6 -3 4 -4 13 7 8 12 36 11 -8 23 21 18 16 -16 -18 19 22 -21 -2 37 24 -1 -7 27 28 30 -29 -9 33 -33 -28 -17 -13 -10 -15
right_child=5 2 3 -5 -6 25 10 26 9 -11 -12 35 -14 14 15 34 17 -19 -20 20 -22 -23 -24 -25 -26 -27 31 29 -30 -31 -32 32 -34 -35 -36 -37 -38 -39
leaf_value=-0.098877563832572277 0.63367226351043848 -0.19084357306570413 1.4617961355166853 2.5901190807815384 -0.11436889411431446 -0.0057307313727720738 -0.11963948538225239 0.62642653501172396 0.0039346880827801009 0.58537316550546648 -0.43205179195977739 0.44491258817921953 -0.32003259776722426 0.27154772093214768 1.3702548905648964 0.14232876279707019 0.84424507001530769 0.024573833300565132 -0.019530702071069189 0.15098950999989308 0.71641896334560762 -0.007160087768857285 -0.00054626469999731464 -0.21521361906910594 0.13972827623706585 -0.23116600450050201 -0.032541794503639518 0.032874423680435597 1.0077782516286029 0.21202400662869292 -0.14338999047766954 0.16579784489509022 -0.053258807673959678 0.15050554828502358 -0.035133060360324826 -0.14478058910316208 0.13636708359586971 0.074265397725562884
leaf_weight=2584 153 242 261 229 155 1667 2686 180 8234 254 493 399 791 1525 157 5180 164 524 15720 1543 371 45433 9987 1276 2571 3312 6664 3442 230 4856 238 8191 1860 2412 2147 205 3972 4847
leaf_count=2584 153 242 261 229 155 1667 2686 180 8234 254 493 399 791 1525 157 5180 164 524 15720 1543 371 45433 9987 1276 2571 3312 6664 3442 230 4856 238 8191 1860 2412 2147 205 3972 4847
internal_value=0.0321483 0.0702207 1.02681 1.48366 0.874533 0.0106241 0.0537571 0.0661093 0.0151772 0.0580048 -0.102172 -0.0527384 -0.0587124 0.0200607 0.0471646 0.125834 0.433705 0.21997 0.0282522 0.0693591 0.260593 -0.00500913 0.0469847 -0.0265701 0.0201245 -0.155689 0.101818 0.162439 0.479056 0.137713 0.188116 0.0734643 0.12526 0.0161042 0.0903278 0.244769 0.0470301 0.121481
internal_weight=145155 52425 887 645 416 92730 51538 47755 19682 12460 3783 3290 7222 87751 42165 8172 845 688 33993 18273 1914 45586 16359 6431 5155 4979 28073 8946 648 8298 418 19127 10051 9076 7327 604 12206 6372
internal_count=145155 52425 887 645 416 92730 51538 47755 19682 12460 3783 3290 7222 87751 42165 8172 845 688 33993 18273 1914 45586 16359 6431 5155 4979 28073 8946 648 8298 418 19127 10051 9076 7327 604 12206 6372
is_linear=0
shrinkage=0.03


Tree=59
num_leaves=39
num_cat=0
split_feature=207 208 187 205 96 202 93 141 193 141 207 203 193 36 202 203 193 202 208 80 207 97 99 184 203 208 205 193 132 207 190 74 208 208 205 203 191 193
split_gain=122282 835359 513983 425408 156559 155051 99908.7 103162 72279.6 69210.3 71684 110224 115556 67599.2 60244.1 130411 68171 59779.6 58693.1 58461.9 98208.4 56027.1 90730.8 63658.9 54853.8 64847.1 54774.9 51082.8 49526.8 48589.4 94908.1 61339 49282.6 43810.1 40805.6 42459.4 40028.5 38465.9
threshold=-0.47558552026748652 0.86004966497421276 22.44999980926514 -1.0000000180025095e-35 35.283611297607429 0.13052122294902804 46.453332901000984 10.32693386077881 27.250000000000004 -36.443717956542962 -0.17647087574005124 0.35019405186176306 16.750000000000004 464.14422607421881 0.83385404944419872 0.26722820103168493 27.050000190734867 0.90255093574523937 0.31595529615879064 44.312500000000007 -0.38242425024509424 13.799117565155031 0.33336578309535986 0.1899911165237427 0.8140845298767091 0.82293498516082775 0.68301269412040722 34.149999618530281 -86.902797698974595 -0.99275806546211232 0.81246694922447216 17.830592155456547 0.063390085473656668 0.79253265261650097 0.25000000000000011 0.49240480363368994 47.655416488647468 17.650000572204593
decision_type=2 2 10 2 10 2 10 8 2 8 2 2 2 10 2 2 2 2 2 2 2 2 2 8 2 2 2 2 10 2 10 8 2 2 2 2 8 2
left_child=1 6 -3 -4 9 -5 7 8 29 10 11 12 -2 37 27 16 -16 -17 34 20 -6 22 23 -11 25 -8 -27 -15 -25 30 32 -31 -1 -26 -10 -36 -24 -9
right_child=4 2 3 5 19 -7 24 13 18 21 -12 -13 -14 14 15 17 -18 -19 -20 -21 -22 -23 36 28 33 26 -28 -29 -30 31 -32 -33 -34 -35 35 -37 -38 -39
leaf_value=0.031207644243602159 1.1514093529465652 -0.19899951982940289 2.3322285098177873 0.13526779808029221 0.18225350661808837 1.3608497342515564 -0.0578552370193934 -0.26008714327806282 0.12130963532883364 0.60404949643399497 0.02416282243344604 -0.015412140482504076 0.18563989716204102 0.02742012097728572 0.017539255154685598 0.37402268621214668 0.59511288674613949 1.195603905085062 -0.11911999093420507 -0.30123844635540648 -0.18167767183173383 -0.066985182762231338 0.078779893116603925 0.024005878886342123 -0.082562579868184022 0.065066708290055633 0.71842396541396913 0.57117651779636547 -0.036903059132488203 0.046135189111782902 0.8583851845615974 0.19934877095172313 0.47050210315122576 -0.43826349102611478 0.052761947435208699 -0.18596141663982182 -0.009240897416111048 -0.014090804986861686
leaf_weight=577 252 241 270 180 919 192 3937 600 8393 155 837 303 200 5508 1072 156 222 163 1450 1625 2437 6789 25477 25332 698 313 183 160 22855 3769 254 6254 382 563 3699 819 5688 12293
leaf_count=577 252 241 270 180 919 192 3937 600 8393 155 837 303 200 5508 1072 156 222 163 1450 1625 2437 6789 25477 25332 698 313 183 160 22855 3769 254 6254 382 563 3699 819 5688 12293
internal_value=0.0307489 0.0674163 0.982332 1.42579 0.0100804 0.767846 0.0517186 0.0664614 0.106445 0.0193534 0.215357 0.427313 0.724091 0.0157292 0.0888056 0.250569 0.116632 0.793851 0.0618543 -0.153538 -0.0820192 0.0157375 0.0228011 -0.00293055 -0.0667908 -0.0171286 0.306134 0.0427706 -0.0048831 0.163438 0.342769 0.141735 0.206196 -0.241375 0.0821791 0.00948701 0.062715 -0.0255389
internal_weight=145217 52348 883 642 92869 372 51465 45771 25597 87888 1592 755 452 20174 7281 1613 1294 319 14361 4981 3356 86296 79507 48342 5694 4433 496 5668 48187 11236 1213 10023 959 1261 12911 4518 31165 12893
internal_count=145217 52348 883 642 92869 372 51465 45771 25597 87888 1592 755 452 20174 7281 1613 1294 319 14361 4981 3356 86296 79507 48342 5694 4433 496 5668 48187 11236 1213 10023 959 1261 12911 4518 31165 12893
is_linear=0
shrinkage=0.03


Tree=60
num_leaves=39
num_cat=0
split_feature=202 79 208 208 208 141 193 194 80 79 91 208 96 197 197 105 197 208 205 202 203 197 194 203 123 198 194 105 208 194 96 197 170 208 197 188 202 120
split_gain=99194.6 192163 74509.3 85573.4 267861 72513.3 149556 72998.5 64197.2 66880.1 65867.8 61836 285562 59940.3 57202.8 139347 219496 65188.4 81891 66745.3 63414.4 58274.1 55907.5 53750.4 52882.4 77484.7 52849.4 51404.5 51141.9 48271.5 38154.6 34598.4 54132.8 48017.5 29243.3 23949 23701.6 20499.2
threshold=0.13052122294902804 0.028876786120235923 0.8930937945842744 -0.96466007828712452 -0.96234029531478871 -36.443717956542962 11.84999990463257 7.5000000000000009 44.824998855590827 0.12061452120542528 34.425001144409187 0.85114607214927684 45.261835098266609 992.95001220703136 993.14999389648449 128.37414550781253 989.95001220703136 0.79253265261650097 0.68301269412040722 -0.86159634590148915 0.47714059054851538 991.04998779296886 57.500000000000007 -0.70088258385658253 60.370136260986335 2.1499999761581425 24.500000000000004 19.093263626098636 0.86004966497421276 16.500000000000004 33.742334365844734 980.35000610351574 3.1450001001358037 -0.12545862048864362 973.04998779296886 2.0922869443893437 0.97233289480209362 51.762498855590827
decision_type=2 8 2 2 2 8 2 2 2 8 10 2 10 2 2 10 2 2 2 2 2 2 2 2 10 2 2 8 2 2 10 2 2 2 2 8 2 10
left_child=5 -2 3 22 -5 6 -1 -7 9 10 -9 26 -13 28 15 30 -17 -16 20 -20 -19 -18 23 -3 25 -4 -6 -28 -12 -11 -10 33 -33 -31 35 -24 -36 -15
right_child=1 2 24 4 11 7 -8 8 14 29 13 12 -14 37 17 16 21 18 19 -21 -22 -23 34 -25 -26 -27 27 -29 -30 31 -32 32 -34 -35 36 -37 -38 -39
leaf_value=1.061960519330863 1.1195750229649537 0.58537795868306786 0.5472581237547568 1.0143404393494864 -0.10707318433913308 0.64944820719463414 0.10415492742807117 0.044820828674916866 -0.073615341939993154 -0.08793972626229675 0.34488710730659516 0.070236685842627627 1.5322089330054289 0.31953198683077066 0.026821269580350356 1.1122802266055654 -0.30038430075354478 -0.20741673616147868 -0.19759607393130563 0.50686576066638378 -0.62408438021663792 0.15415510132932406 0.29866387829698232 0.058853331377080979 -0.29769159996270533 -0.066581614743743439 0.11534887305187022 0.045020898638514655 0.93569123017558586 0.043179631126163125 -0.30255348074465815 -0.01488422802679759 0.048272207456359462 0.28527556240301882 -0.0064572394795423642 -0.036727846771740159 -0.10987169700608096 -0.067776240383748729
leaf_weight=172 154 271 203 279 1366 159 998 2615 2460 4451 673 641 148 183 892 205 307 660 403 173 655 1466 455 490 784 2095 20263 17374 164 12642 893 41078 17383 783 8019 331 2655 375
leaf_count=172 154 271 203 279 1366 159 998 2615 2460 4451 673 641 148 183 892 205 307 660 403 173 655 1466 455 490 784 2095 20263 17374 164 12642 893 41078 17383 783 8019 331 2655 375
internal_value=0.0298278 0.0613462 0.0584029 0.0668513 0.0880452 0.0103362 0.244968 0.00723845 0.00608407 0.0142056 0.133626 0.0815503 0.344488 0.300095 -0.0743371 -0.0167844 0.182911 -0.184582 -0.284303 0.0139912 -0.414962 0.0754489 -0.00264066 0.24636 -0.0849393 -0.0123543 0.0762312 0.0828841 0.460658 0.00793235 -0.134589 0.0138685 0.00389493 0.0572999 -0.0191757 0.157425 -0.0321802 0.0592467
internal_weight=145318 55528 55374 52292 40071 89790 1170 88620 88461 80347 4010 39792 789 1395 8114 5331 1978 2783 1891 576 1315 1773 12221 761 3082 2298 39003 37637 837 76337 3353 71886 58461 13425 11460 786 10674 558
internal_count=145318 55528 55374 52292 40071 89790 1170 88620 88461 80347 4010 39792 789 1395 8114 5331 1978 2783 1891 576 1315 1773 12221 761 3082 2298 39003 37637 837 76337 3353 71886 58461 13425 11460 786 10674 558
is_linear=0
shrinkage=0.03


Tree=61
num_leaves=39
num_cat=0
split_feature=207 209 205 183 198 96 114 36 197 205 207 207 141 197 198 200 201 205 197 209 203 207 207 207 140 111 198 197 207 203 207 201 207 205 207 207 206 201
split_gain=112853 799119 352485 281566 207299 137754 91467.7 96676.5 84403.6 73572 121917 231491 66912.2 131881 121397 66100.5 65433 56871.3 56378.5 88706.2 74771 62427.5 75501.6 79912 61034.4 58449.3 56052.1 55755.6 53462.5 75328.5 50989.1 50598.2 47009.8 107315 220089 46781.8 72898.2 145818
threshold=-0.47558552026748652 11.500000000000002 -1.0000000180025095e-35 48.423013687133796 3.0499999523162846 35.283611297607429 213.34575653076175 531.51239013671886 989.95001220703136 -1.0000000180025095e-35 -0.99275806546211232 -0.99630266427993763 -36.443717956542962 990.45001220703136 2.5499999523162846 2.2500000000000004 32.500000000000007 -0.68301269412040699 984.14999389648449 3.5000000000000004 0.84335932135581981 0.88621068000793468 0.75014290213584911 0.63920241594314586 9.5317225456237811 458.07916259765631 7.1499998569488534 983.14999389648449 0.99168354272842418 -0.21643137186765668 -0.98214942216873158 627.50000000000011 -0.9413962960243224 0.68301269412040722 -0.9550008475780486 -0.8978554606437682 -0.68301269412040699 557.50000000000011
decision_type=2 2 2 10 2 10 8 10 2 2 2 2 8 2 2 2 2 2 2 2 2 2 2 2 8 10 2 2 2 2 2 2 2 2 2 2 2 2
left_child=1 6 3 -3 -4 12 8 16 9 10 11 27 13 -2 -15 -11 32 -13 19 20 28 22 23 -20 25 -21 -7 -1 -14 -30 -12 -28 33 -8 -35 -9 37 -37
right_child=5 2 4 -5 -6 26 7 35 -10 15 30 17 18 14 -16 -17 -18 -19 21 24 -22 -23 -24 -25 -26 -27 31 -29 29 -31 -32 -33 -34 34 -36 36 -38 -39
leaf_value=-0.055981751532898923 0.99277875117442127 0.72295395308164467 1.0456055598560396 2.3940142956113712 -0.14896945514224655 -0.24384927958880553 0.05131229200151019 0.036358298200051445 0.29595130019084376 0.59434196069445444 -0.07953021496976162 1.0931410069506666 0.062373124942572647 0.90267824339731351 0.018429461993049873 0.023267770896537043 -0.043368538400198761 0.51224622309701051 0.019525112126218894 0.034923416224109237 -0.19872095686661323 -0.047308313836189934 0.13705777668366395 -0.18244381343835872 -0.026617761714454961 0.15791391542115904 0.050405450164544556 0.39095857875564072 0.10968725582673947 0.5381556077886438 0.12620148411972185 -0.24197767598572331 -0.012048970433848288 0.19106148888678892 1.4603351579093666 1.2671341946310843 0.12286247333949055 0.2382404907735578
leaf_weight=687 173 161 264 208 259 2508 1757 2652 1698 185 1319 343 754 157 1270 13012 17205 272 17011 23161 354 20493 4358 1967 12525 4092 1680 396 607 943 6091 780 2427 510 162 162 2029 528
leaf_count=687 173 161 264 208 259 2508 1757 2652 1698 185 1319 343 754 157 1270 13012 17205 272 17011 23161 354 20493 4358 1967 12525 4092 1680 396 607 943 6091 780 2427 510 162 162 2029 528
internal_value=0.0294976 0.06473 0.954973 1.66494 0.454035 0.00963823 0.049291 0.0118687 0.0920592 0.0765375 0.142122 0.37141 0.018328 0.210558 0.115721 0.0312737 -0.01592 0.836237 0.0147625 0.0394101 0.207203 -0.00910167 0.0244503 -0.00140828 0.028198 0.0533903 -0.14405 0.107444 0.269573 0.370364 0.0895806 -0.0423018 0.0813311 0.174634 0.497064 0.126009 0.213449 0.479821
internal_weight=145160 52327 892 369 523 92833 51435 27432 24003 22305 9108 1698 87865 1600 1427 13197 22061 615 86265 42436 2658 43829 23336 18978 39778 27253 4968 1083 2304 1550 7410 2460 4856 2429 672 5371 2719 690
internal_count=145160 52327 892 369 523 92833 51435 27432 24003 22305 9108 1698 87865 1600 1427 13197 22061 615 86265 42436 2658 43829 23336 18978 39778 27253 4968 1083 2304 1550 7410 2460 4856 2429 672 5371 2719 690
is_linear=0
shrinkage=0.03


Tree=62
num_leaves=39
num_cat=0
split_feature=204 207 207 189 104 141 201 194 199 207 208 184 55 204 183 201 114 97 81 194 201 207 111 55 94 132 199 201 204 207 199 200 200 176 200 76 201 184
split_gain=118227 101592 118346 196102 210551 79805.7 139371 71777.9 67740 80017.4 232526 168800 89985.5 88916.4 88651.1 79251.9 78330.8 64934.7 63942.1 60725.5 80533.3 59496.6 52902.7 59430 45417.3 44948.4 43244.7 44546.7 42985.3 38612.5 36325.3 78887.1 35634.1 35328.5 33935.3 36012.7 32736.5 31945.4
threshold=19.000000000000004 -0.36647418141365046 -0.54939359426498402 49.974962234497077 -2.3106060028076167 -36.443717956542962 67.500000000000014 93.500000000000014 248.50000000000003 -0.36647418141365046 0.86004966497421276 1.8454942703247073 20.443764686584476 3.0000000000000004 36.591749191284187 4287.5000000000009 -177.07861328124997 7.3404283523559579 44.312500000000007 87.500000000000014 192.50000000000003 0.92273071408271801 75.687500000000014 71.175712585449233 33.087072372436531 -114.20082092285155 228.50000000000003 32.500000000000007 9.0000000000000018 -0.26866367459297175 345.50000000000006 9.2500000000000018 12.34999990463257 21.32499980926514 3.8500000238418584 31.439155578613285 322.50000000000006 0.23303909599781039
decision_type=2 2 2 8 10 8 2 2 2 2 2 8 8 2 10 2 8 2 2 2 2 2 10 10 8 10 2 2 2 2 2 2 2 2 2 10 2 8
left_child=5 2 7 4 -4 6 -1 33 9 10 12 -12 13 -7 -15 18 -11 -9 21 20 -8 22 28 -24 37 -23 27 -14 -10 -3 34 -32 -28 -2 -20 -36 -31 -18
right_child=1 29 3 -5 -6 8 19 17 15 16 11 -13 26 14 -16 -17 24 -19 30 -21 -22 25 23 -25 -26 -27 32 -29 -30 36 31 -33 -34 -35 35 -37 -38 -39
leaf_value=1.0780213649828452 0.06653211888675932 -0.13792969912481337 0.50456071687960113 0.13144637959091071 1.8520205286762761 -0.14905074604155541 0.89971509246485071 0.12097814637596357 -0.077062932689943006 0.10639568434695192 1.4760572588363372 0.10897905833125991 0.18283474469367925 0.17801668425972342 0.85082011583179828 0.65988035337336715 0.42742281759955236 1.0028312435266373 0.23411960513144178 -0.20142271372673351 0.13205803543848366 -0.44126775182139771 0.014334015467871266 0.10875907684650653 -0.12966805578419865 -0.045355364909214296 0.16276324100570136 0.03265296089346769 0.01881051202497401 0.076155985880913185 -0.19399450250198616 0.66135414085109268 0.6460588566464317 0.20993062950075161 -0.15881115716707017 0.059413856799165582 -0.040521796636541062 -0.0018638431688497324
leaf_weight=160 5635 1028 366 771 146 233 151 145 7592 6186 185 145 1997 340 366 160 157 156 240 343 663 263 19792 8608 2657 13779 541 16176 9445 10809 221 173 184 2131 5117 785 2706 24545
leaf_count=160 5635 1028 366 771 146 233 151 145 7592 6186 185 145 1997 340 366 160 157 156 240 343 663 263 19792 8608 2657 13779 541 16176 9445 10809 221 173 184 2131 5117 785 2706 24545
internal_value=0.0279221 0.0889142 0.166064 0.433694 0.888825 0.0158987 0.248157 0.123499 0.0133473 0.0383778 0.0856027 0.875393 0.0724636 0.359107 0.526814 -0.00696912 0.00998648 0.578037 -0.00858545 0.133388 0.27447 0.00120196 0.0178819 0.0429542 -0.0118121 -0.0527709 0.0582207 0.0491563 -0.0239125 0.0393127 -0.0976529 0.181583 0.285428 0.105881 -0.115566 -0.129786 0.0527945 0.000864745
internal_weight=145097 23893 9350 1283 512 121204 1317 8067 119887 53712 20167 330 19837 939 706 66175 33545 301 66015 1157 814 59479 45437 28400 27359 14042 18898 18173 17037 14543 6536 394 725 7766 6142 5902 13515 24702
internal_count=145097 23893 9350 1283 512 121204 1317 8067 119887 53712 20167 330 19837 939 706 66175 33545 301 66015 1157 814 59479 45437 28400 27359 14042 18898 18173 17037 14543 6536 394 725 7766 6142 5902 13515 24702
is_linear=0
shrinkage=0.03


Tree=63
num_leaves=39
num_cat=0
split_feature=207 209 189 197 207 96 202 203 202 138 75 175 141 197 198 140 197 200 97 99 198 207 105 75 102 194 56 197 202 197 194 16 181 105 197 97 55 183
split_gain=99870.1 720784 344436 225581 142962 127832 91976.3 93576.1 97525.2 90128.9 88285.5 62706 62678 141509 102815 57471.2 56790.6 56303.5 56118.8 79809 53380.5 51642.1 70041.9 60120 44422.8 45228.1 40028.6 39404.6 60998.2 39285.8 38681.4 37407.2 36349.2 36027.1 35334.2 33426.2 32378.7 59703
threshold=-0.47558552026748652 11.500000000000002 184.50000000000003 991.64999389648449 -0.49064628779888148 35.283611297607429 0.83385404944419872 0.26722820103168493 0.95878320932388317 49.662500381469734 21.701390266418461 686.19500732421886 -36.443717956542962 990.45001220703136 2.5499999523162846 9.1295208930969256 993.64999389648449 3.8500000238418584 13.799117565155031 0.33336578309535986 7.1499998569488534 -0.68430826067924488 -30.957205772399899 4.2409923076629648 55.814584732055671 19.500000000000004 83.295829772949233 994.25000000000011 -0.46173103153705591 987.25000000000011 74.500000000000014 33.578125000000007 72.000000000000014 63.860664367675788 993.95001220703136 13.222447872161867 92.745376586914077 46.512247085571296
decision_type=2 2 8 2 2 10 2 2 2 8 10 2 8 2 2 10 2 2 2 2 2 2 8 8 10 2 8 2 2 2 2 10 2 8 2 2 8 8
left_child=1 6 3 4 -3 12 9 16 11 10 15 33 13 -2 -15 -1 21 -12 19 31 32 23 -23 -8 -21 -26 -27 35 -29 -19 -16 -14 -7 -9 -22 -11 -33 -38
right_child=5 2 -4 -5 -6 20 7 8 -10 27 17 -13 18 14 30 -17 -18 29 -20 24 34 22 -24 -25 25 26 -28 28 -30 -31 -32 36 -34 -35 -36 -37 37 -39
leaf_value=0.069682791291603721 1.0080308000630709 1.2506206352400002 -0.053918408347381715 0.55590594710926777 2.4109006602326275 -0.071408907520629325 0.5994926715383827 0.3375338929034043 0.9589565619627678 0.0089963356683776443 0.61333834320147118 0.7936818458034578 0.1002593952673662 0.80872372769692014 0.19415676961834077 -0.03851011421954826 0.64349547829652221 -0.0094010716874597337 -0.069176433837755083 -0.003515865736412124 -0.12578434781128411 0.7554933978818591 0.089371179104751758 0.040777387912122973 -0.026366894047571126 0.11145478334167741 -0.015572734670468115 -0.44553991171896551 0.092456562003685225 0.18516705324118188 -0.13873799014906069 -0.017249367435907836 -0.31560653834447439 -0.016024590966058797 0.11271819476394884 -0.090553406213304155 0.45505800341787161 0.036873819997053053
leaf_weight=12801 175 242 244 247 158 810 178 539 207 12129 241 167 2940 165 576 6748 164 1175 6782 7883 1542 231 369 6598 3178 17647 2556 479 314 4553 691 42086 1700 500 877 4049 343 2948
leaf_count=12801 175 242 244 247 158 810 178 539 207 12129 241 167 2940 165 576 6748 164 1175 6782 7883 1542 231 369 6598 3178 17647 2556 479 314 4553 691 42086 1700 500 877 4049 343 2948
internal_value=0.0274592 0.0606047 0.906572 1.26879 1.70898 0.00878718 0.045952 0.13334 0.357384 0.027538 0.0631705 0.254122 0.0171172 0.202755 0.104339 0.0323363 0.0913541 0.164155 0.013663 0.0207226 -0.139882 0.0790768 0.345837 0.0554552 0.0580709 0.0788351 0.0953838 -0.0260397 -0.232513 0.145255 0.0126017 -0.0034439 -0.236802 0.167391 -0.0393158 -0.0159188 -0.0101629 0.0804598
internal_weight=145232 52333 891 647 400 92899 51442 8953 1413 42489 25518 1206 87970 1607 1432 19549 7540 5969 86363 79581 4929 7376 600 6776 31264 23381 20203 16971 793 5728 1267 48317 2510 1039 2419 16178 45377 3291
internal_count=145232 52333 891 647 400 92899 51442 8953 1413 42489 25518 1206 87970 1607 1432 19549 7540 5969 86363 79581 4929 7376 600 6776 31264 23381 20203 16971 793 5728 1267 48317 2510 1039 2419 16178 45377 3291
is_linear=0
shrinkage=0.03


Tree=64
num_leaves=39
num_cat=0
split_feature=204 207 207 198 105 123 209 123 198 209 198 80 201 194 80 194 202 105 202 194 123 207 201 178 202 194 99 99 201 202 151 199 80 153 194 96 198 207
split_gain=112661 93833.2 111332 269225 178660 70883.9 111153 108534 115899 289099 241689 99711.4 131700 138702 74083.6 68590.5 64412.2 59060.4 58532.1 71595.5 70416.9 51358.2 49695.3 106607 94171.4 47610.7 47396.5 60696.7 45623.1 92116.6 125870 44097.1 42894.5 39973.5 36897.4 40895.4 36250.3 90416.4
threshold=19.000000000000004 -0.36647418141365046 -0.54939359426498402 4.4500000476837167 -14.569220542907713 62.827201843261726 5.5000000000000009 28.182850837707523 2.7500000000000004 11.500000000000002 1.4499999880790713 43.074998855590827 72.500000000000014 84.500000000000014 19.187500000000004 93.500000000000014 0.74892720580101024 10.611315727233888 -0.25037047266960138 83.500000000000014 56.906290054321296 0.31799963116645819 232.50000000000003 119.37500000000001 0.87032255530357372 7.5000000000000009 0.33336578309535986 0.97834214568138134 42.500000000000007 0.95878320932388317 4.1199998855590829 332.50000000000006 38.375000000000007 1.4978661537170412 21.500000000000004 14.110526084899904 1.2500000000000002 -0.93843427300453175
decision_type=2 2 2 2 10 8 2 8 2 2 2 2 2 2 2 2 2 8 2 2 10 2 2 2 2 2 2 2 2 2 2 2 2 2 2 8 2 2
left_child=5 2 15 4 -4 6 25 14 9 16 -11 12 13 -10 -8 -2 -9 -17 19 -13 -20 -14 28 -24 31 -1 -27 34 29 33 -31 -25 -5 -7 -28 -36 37 -16
right_child=1 -3 3 32 -6 22 7 8 11 10 -12 18 21 -15 36 17 -18 -19 20 -21 -22 -23 23 24 -26 26 27 -29 -30 30 -32 -33 -34 -35 35 -37 -38 -39
leaf_value=0.49100314771809728 0.10156576392541732 0.038407210472009914 0.53434830725750515 0.31003415572127696 1.9493667715551066 0.037558832529818821 0.1086134191427492 -0.084432258828056828 0.17402704536202401 0.30821652502055596 1.7295112890954605 -0.182310710703881 0.16480253468816811 1.1858767672513821 0.55596658362347773 0.97624400912833853 0.56374376816586869 0.14130943588687114 0.031977998157209135 0.50917073167088067 0.74804732211817859 -0.024512809604543793 -0.0060561350070620929 -0.010733292095538092 0.7214446239067831 -0.041386472079016419 -0.044167264611718104 -0.14723177152615002 -0.098287080308759017 1.1427993679936477 0.039807797193360403 0.56382883703825337 -0.11339300617877676 -0.1222161717801503 0.18468946046064225 0.041218527604010562 0.0019397730742148549 -0.024607412380858878
leaf_weight=171 7795 14568 180 638 145 3557 8780 591 269 210 221 1907 6482 223 374 153 180 152 643 145 153 1610 14085 561 336 21208 3615 1695 10320 147 254 153 325 2334 2121 11392 26881 681
leaf_count=171 7795 14568 180 638 145 3557 8780 591 269 210 221 1907 6482 223 374 153 180 152 643 145 153 1610 14085 561 336 21208 3615 1695 10320 147 254 153 325 2334 2121 11392 26881 681
internal_value=0.0266183 0.08607 0.160032 0.419108 1.1657 0.0148769 0.0285315 0.058698 0.134541 0.41476 1.03702 0.105078 0.156112 0.632665 0.0326002 0.118835 0.0668974 0.560164 -0.0487401 -0.133446 0.169622 0.127136 -0.0236402 0.0156829 0.307294 -0.00849939 -0.0106332 0.0240166 -0.059467 0.00420495 0.444165 0.112392 0.167133 -0.0257437 0.0409636 0.0637379 0.00870997 0.18121
internal_weight=145255 23956 9388 1288 325 121299 89552 49350 12634 1202 431 11432 8584 492 36716 8100 771 305 2848 2052 796 8092 31747 15135 1050 40202 40031 18823 16612 6292 401 714 963 5891 17128 13513 27936 1055
internal_count=145255 23956 9388 1288 325 121299 89552 49350 12634 1202 431 11432 8584 492 36716 8100 771 305 2848 2052 796 8092 31747 15135 1050 40202 40031 18823 16612 6292 401 714 963 5891 17128 13513 27936 1055
is_linear=0
shrinkage=0.03


Tree=65
num_leaves=39
num_cat=0
split_feature=207 208 187 205 197 96 94 141 208 199 208 200 201 56 183 199 141 197 200 97 197 123 195 199 141 208 141 59 200 201 206 123 197 208 199 75 208 123
split_gain=91503.1 645222 410372 350678 181061 121716 97300.7 103412 88532.1 79082.8 85048.8 72848.3 61334.7 51504.6 73433.4 63682.2 50872.7 120511 90649.2 49661.5 59640.6 68349.1 79965.5 80681.8 53906 49011.8 75115 50621.4 48069.8 47586.7 63660.4 46936.3 71826 46650.5 42679.9 75574.4 42522.5 41571.1
threshold=-0.47558552026748652 0.86004966497421276 22.44999980926514 -1.0000000180025095e-35 991.64999389648449 35.283611297607429 40.02052307128907 10.32693386077881 0.61067742109298717 324.50000000000006 0.82293498516082775 2.0499999523162846 97.500000000000014 88.490680694580092 82.412528991699233 98.500000000000014 -36.443717956542962 990.45001220703136 4.2500000000000009 13.799117565155031 985.64999389648449 21.084873199462894 1.3499999642372134 101.50000000000001 -14.229028701782225 0.92843842506408703 9.7163848876953143 0.27423614263534551 14.449999809265138 397.50000000000006 -0.25000000000000006 41.78119087219239 990.45001220703136 0.79253265261650097 250.50000000000003 3.9443173408508305 -0.15101602673530576 65.613677978515639
decision_type=2 2 10 2 2 10 8 8 2 2 2 2 2 8 8 2 8 2 2 2 2 10 2 2 10 2 8 10 2 2 2 10 2 2 2 10 2 10
left_child=1 6 -3 -4 -5 16 7 8 11 10 37 -1 -12 -9 15 -15 17 -2 -19 20 21 -18 23 -23 31 26 -7 -28 -14 30 -16 -22 -33 -11 35 -13 -26 -8
right_child=5 2 3 4 -6 25 9 13 -10 33 12 34 28 14 29 -17 19 18 -20 -21 24 22 -24 -25 36 -27 27 -29 -30 -31 -32 32 -34 -35 -36 -37 -38 -39
leaf_value=0.66839828739558771 0.92891377167777345 -0.19560716655975388 2.0818991035488725 1.3656087196310696 0.02335984073741753 -0.40083183163089664 -0.11517134444069302 -0.031793415290324638 0.34528875686954841 -0.096454930299914615 0.79603793755477525 0.44200517337302375 -0.1565409394052453 0.77265607574314421 -0.18806522541158427 0.15949591151076609 0.0084480413772668149 0.77015279609720078 0.0081043253995155759 -0.06520558734167417 0.014734227804776357 0.17904577456491361 0.71215444134759431 0.042022045159219111 0.14082560456273305 -0.27561797136457655 -0.11265037165934491 0.14488226539514751 0.41446893993385397 0.17669601923169606 0.051585815659505325 0.54225333719036173 0.045746589157112626 -0.45689923382926173 0.042107217638338315 0.10626668147748777 -0.0578292685070333 0.042142391040442456
leaf_weight=194 174 238 271 171 192 531 3465 11181 1288 686 171 639 253 229 1281 456 24576 158 1267 6763 15412 5196 180 15126 1029 1563 1769 1123 279 1760 4509 393 788 611 10920 10833 16841 2682
leaf_count=194 174 238 271 171 192 531 3465 11181 1288 686 171 639 253 229 1281 456 24576 158 1267 6763 15412 5196 180 15126 1029 1563 1769 1123 279 1760 4509 393 788 611 10920 10833 16841 2682
internal_value=0.0256381 0.0573741 0.866591 1.26533 0.655679 0.00776642 0.0436555 0.0615552 0.10337 -0.0514567 -0.0107852 0.0895741 0.301794 0.0101395 0.0670737 0.364488 0.0159452 0.183614 0.0926029 0.0128387 0.0194744 0.0421883 0.0826331 0.0770568 -0.0102355 -0.136425 -0.072866 -0.0126469 0.142919 0.0400893 -0.00143558 0.0287015 0.210972 -0.266258 0.084559 0.124968 -0.0463901 -0.0465337
internal_weight=145198 52309 872 634 363 92889 51437 43290 23874 8147 6850 22586 703 19416 8235 685 87903 1599 1425 86304 79541 45078 20502 20322 34463 4986 3423 2892 532 7550 5790 16593 1181 1297 22392 11472 17870 6147
internal_count=145198 52309 872 634 363 92889 51437 43290 23874 8147 6850 22586 703 19416 8235 685 87903 1599 1425 86304 79541 45078 20502 20322 34463 4986 3423 2892 532 7550 5790 16593 1181 1297 22392 11472 17870 6147
is_linear=0
shrinkage=0.03


Tree=66
num_leaves=39
num_cat=0
split_feature=204 141 197 198 202 79 206 202 96 80 56 197 141 105 209 197 79 36 204 99 97 76 173 200 205 198 96 97 198 197 199 96 198 199 74 204 198 160
split_gain=103082 65061.2 105596 106187 64591.4 205413 69727.1 105159 264115 66588.7 51590.8 62834.4 224214 51414.8 67993.7 143688 50689.2 47577 45564.4 43720.5 41253.5 38305.8 37446.1 37167.7 35983.2 50212.7 92393.1 28741.2 28687 30535.9 28495.7 47409.3 31396.9 27675.1 26950.4 24098.5 22147.4 21425.6
threshold=19.000000000000004 -36.443717956542962 990.45001220703136 2.8500000238418584 -0.25037047266960138 0.028876786120235923 -0.93301269412040699 -0.07845610752701758 20.446756362915043 44.312500000000007 105.45421218872072 992.04998779296886 19.335863113403324 17.545869827270511 9.5000000000000018 985.85000610351574 0.12061452120542528 464.14422607421881 7.0000000000000009 0.22493001818656924 18.952692031860355 26.329413414001468 424.56500244140631 2.0499999523162846 0.68301269412040722 5.0499999523162851 46.54467964172364 7.1133005619049081 11.550000190734865 992.45001220703136 299.50000000000006 46.54467964172364 2.2500000000000004 161.50000000000003 17.896309852600101 11.000000000000002 6.4500000476837167 64.500000000000014
decision_type=2 8 2 2 2 8 2 2 8 2 10 2 8 8 2 2 8 8 2 2 2 10 2 2 2 2 10 2 2 2 2 10 2 2 10 2 2 2
left_child=1 2 -1 -4 9 -6 7 8 -7 16 28 12 -12 14 21 -16 19 -15 -19 -3 37 -8 -22 -11 25 26 -25 -9 29 -2 32 -32 -26 -31 -21 -5 -14 -18
right_child=10 4 3 35 5 6 13 27 -10 23 11 -13 36 17 15 -17 20 18 -20 34 22 -23 -24 24 30 -27 -28 -29 -30 33 31 -33 -34 -35 -36 -37 -38 -39
leaf_value=0.93179700103752827 0.088356682956022836 -0.0018921969345158404 0.87683599081381425 -0.11653352705289063 1.0600250676528546 1.5828346140712786 0.029509587128161163 0.033533808734745561 -0.11215872224395787 0.36823217293199173 1.4474851771714949 0.025353460052957327 0.47496160931595227 -0.04026703333124939 0.71932198819716908 0.044184805718436325 0.0039806336517369534 0.14434934758351883 -0.0082840459941647248 0.11842738406272786 -0.066391404041325514 0.17656595091316279 -0.35746235981911378 -0.12561206486652582 0.34895156246262699 -0.084594475409877218 -0.62089840124174556 0.18282162122887066 -0.0913068036220063 -0.22217482912312464 -0.045099432336659549 0.54732690979644771 -0.11258699949069237 0.026280994538767932 0.3593810049535005 0.18345498229376025 0.15934456097114919 -0.17627520092214913
leaf_weight=166 17837 1446 146 571 176 151 21171 2490 183 150 146 1019 241 15400 421 870 54437 2926 4418 968 2824 1724 463 960 146 2796 524 2174 985 502 310 200 1450 2056 735 417 1179 600
leaf_count=166 17837 1446 146 571 176 151 21171 2490 183 150 146 1019 241 15400 421 870 54437 2926 4418 968 2824 1724 463 960 146 2796 524 2174 985 502 310 200 1450 2056 735 417 1179 600
internal_value=0.025264 0.0140407 0.225133 0.121681 0.011756 0.03689 0.0334221 0.139946 0.654162 -0.0075 0.082124 0.208712 0.328022 0.0220773 0.0525276 0.264354 0.00217948 -0.0103036 0.0525283 0.119419 -0.00415046 0.0405831 -0.107392 -0.0985383 -0.109503 -0.159456 -0.300501 0.103121 0.0668185 0.0744554 -0.00798304 0.18723 -0.070364 -0.0224782 0.222423 0.0100812 0.212914 0.00201549
internal_weight=145378 121413 1300 1134 120113 52104 51928 4998 334 68009 23965 2585 1566 46930 24186 1291 61473 22744 7344 3149 58324 22895 3287 6536 6386 4280 1484 4664 21380 20395 2106 510 1596 2558 1703 988 1420 55037
internal_count=145378 121413 1300 1134 120113 52104 51928 4998 334 68009 23965 2585 1566 46930 24186 1291 61473 22744 7344 3149 58324 22895 3287 6536 6386 4280 1484 4664 21380 20395 2106 510 1596 2558 1703 988 1420 55037
is_linear=0
shrinkage=0.03


Tree=67
num_leaves=39
num_cat=0
split_feature=204 207 207 189 104 123 207 193 95 197 189 203 74 201 207 207 93 207 99 207 197 207 34 59 36 204 202 204 193 197 193 197 193 207 183 207 197 122
split_gain=97767.6 85694.1 96514.4 168087 158713 63306.5 84094.9 101024 202776 80930.9 60685.9 86445.4 59250.7 72615.1 70565.7 82049.5 59758.6 58163.6 53955.7 56380.4 66294.7 50872.1 47890.1 50379.6 45018.6 65250.7 103927 142792 101774 106926 49409.4 43797.5 43237.9 36210.6 63403.8 33708.3 30957.6 30948.9
threshold=19.000000000000004 -0.36647418141365046 -0.54939359426498402 49.974962234497077 -0.33333332836627955 62.827201843261726 -0.056952163577079766 11.150000095367433 25.009951591491703 987.14999389648449 209.50000000000003 0.89490029215812694 17.896309852600101 122.50000000000001 -0.81923159956932057 -0.85671821236610401 20.682250022888187 -0.47558552026748652 1.0311903953552248 0.12545942142605784 974.35000610351574 -0.96689236164093006 587.50875854492199 0.27506303787231451 451.89759826660162 3.0000000000000004 0.87032255530357372 5.0000000000000009 27.050000190734867 991.25000000000011 34.149999618530281 986.95001220703136 20.250000000000004 0.26866988837718969 62.201496124267585 -0.26866367459297175 993.54998779296886 100.8661460876465
decision_type=2 2 2 8 10 8 2 2 10 2 10 2 10 2 2 2 10 2 2 2 2 2 10 10 10 2 2 2 2 2 2 2 2 2 10 2 2 10
left_child=5 2 -2 4 -4 6 7 8 -1 10 18 33 16 21 15 -15 -9 -16 19 -8 -21 -14 23 -18 32 -26 30 -28 -29 -30 -27 -23 37 34 -12 -3 -5 -7
right_child=1 35 3 36 -6 24 9 12 -10 -11 11 -13 13 14 17 -17 22 -19 -20 20 -22 31 -24 -25 25 26 27 28 29 -31 -32 -33 -34 -35 -36 -37 -38 -39
leaf_value=1.4241109106743131 0.11235170693235225 -0.1313571705046381 0.48194866747095705 0.29786412789866035 1.6524702871636106 -0.16126167748054918 -0.11387735776594964 0.10291191662695144 0.12795789989985554 -0.047952933654993077 0.095609863051698885 0.90945699384265277 -0.095774868142057434 0.055157669617596425 0.20772511727047982 -0.29193510436410824 -0.033365265955740908 -0.21478658475144505 -0.17844002574217849 0.26495154176530877 0.031468702181756097 0.027638104768374503 -0.26584232463958024 0.059579599348331652 -0.1246564280412486 0.010077839210693544 1.1191526635168003 -0.054383411646212632 0.17436353675379568 1.200452931471137 0.51689305967587806 0.34581959447974586 -0.02684235933439932 0.033902747103993616 0.83701554469065498 0.04690780004823767 -0.083870653134450052 0.10405098126805221
leaf_weight=145 8147 1027 371 389 145 3852 2281 8011 433 19005 289 146 353 2239 2766 844 10238 328 1172 1144 25285 476 564 10770 2128 7884 173 614 239 148 177 2139 16082 922 162 13551 376 441
leaf_count=145 8147 1027 371 389 145 3852 2281 8011 433 19005 289 146 353 2239 2766 844 10238 328 1172 1144 25285 476 564 10770 2128 7884 173 614 239 148 177 2139 16082 922 162 13551 376 441
internal_value=0.0246105 0.0799317 0.150413 0.392477 0.810899 0.0136756 0.0265584 0.0594506 0.453136 0.000909494 0.0304828 0.21546 0.0535749 0.120315 0.0617159 -0.0398627 0.0329435 0.162933 0.0210797 0.0292246 0.0415753 0.242269 0.00695997 0.014284 -0.0227396 0.0251046 0.0596139 0.323324 0.185773 0.56679 0.0212069 0.287903 -0.049422 0.141657 0.361937 0.0343492 0.110241 -0.134007
internal_weight=145456 24006 9428 1281 516 121450 89712 39306 578 50406 31401 1519 38728 9145 6177 3083 29583 3094 29882 28710 26429 2968 21572 21008 31738 11363 9235 1174 1001 387 8061 2615 20375 1373 451 14578 765 4293
internal_count=145456 24006 9428 1281 516 121450 89712 39306 578 50406 31401 1519 38728 9145 6177 3083 29583 3094 29882 28710 26429 2968 21572 21008 31738 11363 9235 1174 1001 387 8061 2615 20375 1373 451 14578 765 4293
is_linear=0
shrinkage=0.03


Tree=68
num_leaves=39
num_cat=0
split_feature=204 207 207 198 123 194 97 123 55 209 80 75 184 194 95 190 194 207 208 194 197 204 55 202 199 197 15 42 207 208 202 206 203 97 204 207 176 55
split_gain=95518.8 79800.8 90254.5 218536 139274 66849.1 61137.6 60318.7 91902.2 81037.3 95427 74806.9 60480.2 57667 47741.2 56078 44635.6 174372 48929.7 44306.4 44281.8 42472.7 43085.7 47801.8 113835 39205.5 38142.8 37861.9 33666.5 48761.7 37807.9 31339.7 61505.3 35627.3 42069.7 30808.5 30153.2 29845
threshold=19.000000000000004 -0.36647418141365046 -0.54939359426498402 4.4500000476837167 11.505834579467775 93.500000000000014 8.0561971664428729 62.827201843261726 132.94401550292972 5.5000000000000009 18.687500000000004 21.618843078613285 0.21647835522890094 7.5000000000000009 18.110783576965336 0.55429190397262584 66.500000000000014 0.25206111371517187 0.61067742109298717 31.500000000000004 993.54998779296886 3.0000000000000004 103.83118057250978 0.87032255530357372 74.500000000000014 993.85000610351574 240.03790283203128 32.337499618530281 0.25206111371517187 -0.94978386163711537 0.28400452435016638 -0.93301269412040699 0.9238443672657014 37.371011734008796 9.0000000000000018 0.94425827264785778 21.32499980926514 90.399826049804702
decision_type=2 2 2 2 10 2 2 8 10 2 2 10 10 2 8 10 2 2 2 2 2 2 8 2 2 2 8 10 2 2 2 2 2 2 2 2 2 10
left_child=7 2 5 4 -4 36 -7 8 9 13 12 19 -11 -1 15 -15 18 -18 -13 -12 -5 -9 -23 31 26 -21 -25 -17 -3 -30 35 32 -24 -33 -35 -31 -2 -16
right_child=1 28 3 20 -6 6 -8 21 -10 10 11 16 -14 14 37 27 17 -19 -20 25 -22 22 23 24 -26 -27 -28 -29 29 30 -32 33 -34 34 -36 -37 -38 -39
leaf_value=0.54501817331555491 0.055489235380685946 -0.023445773279244544 0.48251051737135714 0.32443266269380805 1.7328131139712426 0.14694897250791175 0.98470350964553388 -0.093340386499917452 0.57681904588002231 0.56180691386475501 -0.16858256458235663 0.016216958385922031 0.11594722972498009 0.10143117983810095 -0.02692289910971201 0.14630134317087462 0.10734280102009104 0.76570345050921118 0.30543300389861655 0.022789123313473939 -0.089907115743195362 -0.038935248699440546 0.076930495977566293 1.0669778741401938 0.065527369048449316 -0.11741766127155299 0.38351481260353915 -0.043902725481177719 0.51455398426656396 0.076259149915635024 0.13809583509716217 0.010491643567034758 0.72661041077460509 -0.56256084754154478 -0.01718745504730702 -0.067511355113596225 0.18790250050473387 -0.1691112306527735
leaf_weight=169 5600 5589 175 561 148 168 147 6204 271 281 1253 4011 10699 6215 24422 1088 2445 425 606 27352 396 14813 1043 148 1140 1921 146 7014 217 2915 3375 7534 150 219 304 2485 2139 1405
leaf_count=169 5600 5589 175 561 148 168 147 6204 271 281 1253 4011 10699 6215 24422 1088 2445 425 606 27352 396 14813 1043 148 1140 1921 146 7014 217 2915 3375 7534 150 219 304 2485 2139 1405
internal_value=0.0234255 0.0782215 0.146715 0.380718 1.05544 0.109525 0.53792 0.0126202 0.0252064 0.0235325 0.0494551 0.0269529 0.127358 -0.00797166 -0.0102998 0.033641 0.111931 0.204838 0.0541784 0.00611058 0.152982 -0.0229444 -0.00581538 0.0401041 0.201269 0.0135882 0.727595 -0.0183604 0.0343755 0.0703144 0.0593281 0.015119 0.158622 -0.00612971 -0.245563 0.010098 0.0920875 -0.0346581
internal_weight=145193 23915 9334 1280 323 8054 315 121278 89577 89306 48993 38013 10980 40313 40144 14317 7487 2870 4617 30526 957 31701 25497 10684 1434 29273 294 8102 14581 8992 8775 9250 1193 8057 523 5400 7739 25827
internal_count=145193 23915 9334 1280 323 8054 315 121278 89577 89306 48993 38013 10980 40313 40144 14317 7487 2870 4617 30526 957 31701 25497 10684 1434 29273 294 8102 14581 8992 8775 9250 1193 8057 523 5400 7739 25827
is_linear=0
shrinkage=0.03


Tree=69
num_leaves=39
num_cat=0
split_feature=204 207 207 199 197 194 105 123 209 76 200 209 207 194 207 196 207 199 194 197 207 204 207 196 199 95 194 95 132 197 36 204 202 199 197 197 94 202
split_gain=86455.5 73182.4 90579.9 180744 74619.4 59431.8 60674 56022.5 87100.5 90902.2 127598 269440 197965 73232.4 214504 115140 94877.1 93615.6 71040.8 64579 63872.7 145696 180447 107590 57345.4 54558 50184.8 44565.7 85950.3 43319.3 42820.7 59506.4 90148.4 116885 41546.3 40825.1 39958 39876.8
threshold=19.000000000000004 -0.36647418141365046 -0.54939359426498402 312.50000000000006 993.54998779296886 93.500000000000014 10.1570200920105 62.827201843261726 5.5000000000000009 13.209074497222902 4.1499998569488534 11.500000000000002 -0.94705909490585316 66.500000000000014 0.25206111371517187 6.5000000000000009 -0.81923159956932057 337.50000000000006 87.500000000000014 993.25000000000011 -0.99372696876525868 15.000000000000002 -0.99630266427993763 99.500000000000014 297.50000000000006 28.735247611999515 7.5000000000000009 18.110783576965336 -74.396759033203111 981.75000000000011 451.89759826660162 3.0000000000000004 0.87032255530357372 74.500000000000014 982.04998779296886 976.85000610351574 30.674176216125492 0.93038213253021251
decision_type=2 2 2 2 2 2 8 8 2 10 2 2 2 2 2 2 2 2 2 2 2 2 2 2 2 10 2 8 10 2 10 2 2 2 2 2 10 2
left_child=7 2 5 4 -4 -2 -7 8 26 20 11 12 -11 16 15 -15 25 -18 -16 -13 21 23 34 24 -10 -12 -1 28 37 -30 -9 -32 -33 -34 -23 -14 -22 -28
right_child=1 -3 3 -5 -6 6 -8 30 9 10 13 19 35 14 18 -17 17 -19 -20 -21 36 22 -24 -25 -26 -27 27 -29 29 -31 31 32 33 -35 -36 -37 -38 -39
leaf_value=0.50196996526112159 0.087379881560230271 0.033001700036622283 0.42165194409818962 1.3217549202268013 -0.092056269200989915 0.95864289013507764 0.11507839432231368 -0.047540235119309042 0.092520797601326879 0.97888395191492572 0.026648246839381436 1.6224114582555533 0.26920527148918144 0.27773319795581974 0.98142712267375887 0.031684066078457064 0.064040282141220511 0.63860448615807186 0.24073538076910619 0.73156339118274583 0.019070343298467782 -0.0062175750208364831 1.4256362066250685 0.71734036472354323 -0.2058616119688392 -0.21608246301118636 -0.030903033405977512 -0.033624608592443185 0.5140376446298478 0.12013086631047093 -0.11819115670741011 0.022424699583684843 0.85044811069307336 0.13941051481686967 0.60908714092021055 -0.10567661008161258 -0.074692378377620661 0.22115070097959053
leaf_weight=173 7823 14586 722 159 393 145 163 20366 1901 231 1506 146 391 2419 345 5854 6909 265 176 147 19650 246 161 203 834 1866 9404 25791 268 4023 2119 8063 271 896 165 789 5166 601
leaf_count=173 7823 14586 722 159 393 145 163 20366 1901 231 1506 146 391 2419 345 5854 6909 265 176 147 19650 246 161 203 834 1866 9404 25791 268 4023 2119 8063 271 896 165 789 5166 601
internal_value=0.0230379 0.0750756 0.140327 0.37553 0.240587 0.103474 0.512229 0.0127496 0.024875 0.0515811 0.0988097 0.347679 0.17577 0.0768823 0.140811 0.103628 0.023574 0.0852649 0.731222 1.17551 0.0164939 0.136278 0.57432 0.0509934 0.00153272 -0.107674 -0.00787407 -0.0100745 0.0324116 0.144734 -0.0215182 0.0251789 0.0580935 0.304533 0.24081 0.0185435 -0.000448449 -0.0157619
internal_weight=145336 23991 9405 1274 1115 8131 308 121345 89630 49370 21044 1704 1411 19340 8794 8273 10546 7174 521 293 28326 3510 572 2938 2735 3372 40260 40087 14296 4291 31715 11349 9230 1167 411 1180 24816 10005
internal_count=145336 23991 9405 1274 1115 8131 308 121345 89630 49370 21044 1704 1411 19340 8794 8273 10546 7174 521 293 28326 3510 572 2938 2735 3372 40260 40087 14296 4291 31715 11349 9230 1167 411 1180 24816 10005
is_linear=0
shrinkage=0.03


Tree=70
num_leaves=39
num_cat=0
split_feature=204 94 185 193 99 105 197 56 200 69 200 96 194 105 194 97 56 200 200 197 185 194 193 139 55 204 56 206 202 204 95 55 56 197 194 183 203 197
split_gain=81327.8 55095.3 61890.9 70888.5 69292.4 61921.9 159014 250645 118782 48943.1 57747.1 79472.4 42979.8 42466.6 40749.7 53310.4 44189.9 61795 111746 39377.6 36035.1 37184.8 40727.6 34275 31575.6 31476.5 37564.4 39965.3 52063.3 48294 31078.2 26051.2 25556 44216.4 41522.5 32212.2 28585.3 24176
threshold=19.000000000000004 30.253642082214359 233.93025970458987 40.649999618530281 0.21238681674003604 128.37414550781253 989.85000610351574 72.362644195556655 4.1499998569488534 17.125000000000004 4.1499998569488534 46.54467964172364 21.500000000000004 -26.607241630554196 94.500000000000014 7.0189180374145517 102.70215988159181 13.250000000000002 11.750000000000002 985.64999389648449 419.51200866699224 66.500000000000014 28.44999980926514 -24.749999999999996 90.91559219360353 3.0000000000000004 101.4408302307129 -0.68301269412040699 0.87032255530357372 5.0000000000000009 32.205884933471687 84.668487548828139 115.82641983032228 993.14999389648449 82.500000000000014 65.708293914794936 0.83385404944419872 991.04998779296886
decision_type=2 8 8 2 2 10 2 10 2 10 2 10 2 8 2 2 10 2 2 2 10 2 2 8 10 2 10 2 2 2 10 8 8 2 2 8 2 2
left_child=1 2 3 4 -1 12 7 -7 -8 24 11 -11 -6 20 16 -16 30 18 37 -14 21 -4 -23 -12 -3 31 -27 28 -28 -29 -2 -15 -26 35 36 -34 -35 -18
right_child=14 9 13 -5 5 6 8 -9 -10 10 23 -13 19 25 15 -17 17 -19 -20 -21 -22 22 -24 -25 32 26 27 29 -30 -31 -32 -33 33 34 -36 -37 -38 -39
leaf_value=-0.0025608606895647298 0.066639365277745277 -0.029652569449056681 0.11560957512557543 0.52280066439126738 -0.066851996521195861 0.18580623719744174 0.70588348154424108 1.6943128787744377 0.041167396231377926 0.10411604026286121 0.30634088629080974 0.80028985218349469 0.092104335337628254 -0.027007968345190422 0.030097318735157134 0.78597738803100137 0.40209327342765699 0.062219238129758429 0.99619673817459642 0.022840003037740218 0.0066261807066942714 0.21042422431244523 0.86134276855746117 -0.0040949880568675028 -0.19206074431006578 -0.019371520608437037 0.11045968792516755 0.29963840564979416 0.55139400638113012 -0.033994394761091243 -0.048355143165610744 -0.14392132796308663 0.34793819798424674 -0.13187822405378036 0.30979542595272153 -0.011378192073811083 -0.44335517173131894 0.095385151371048763
leaf_weight=20936 18334 12372 552 276 2452 275 269 155 2405 627 331 193 18010 4734 171 165 378 1667 198 12524 993 187 161 9706 2314 20286 2177 441 271 3408 2391 2690 307 999 151 836 361 596
leaf_count=20936 18334 12372 552 276 2452 275 269 155 2405 627 331 193 18010 4734 171 165 378 1667 198 12524 993 187 161 9706 2314 20286 2177 441 271 3408 2391 2690 307 999 151 836 361 596
internal_value=0.0226712 0.0127125 0.0238288 0.043179 0.0408576 0.0660448 0.194146 0.729596 0.108039 -0.0240311 0.0259189 0.267979 0.0539904 -0.00705702 0.0732558 0.401301 0.068578 0.179578 0.346501 0.0636945 0.131238 0.268724 0.511584 0.0061428 -0.055306 -0.0147552 0.00049746 0.0645061 0.159274 0.00423219 0.0533727 -0.0693703 -0.119191 -0.0556565 -0.162157 0.0851328 -0.21456 0.214419
internal_weight=145299 121399 93202 57302 57026 36090 3104 430 2674 28197 10857 820 32986 35900 23900 336 23564 2839 1172 30534 1893 900 348 10037 17340 34007 26583 6297 2448 3849 20725 7424 4968 2654 1511 1143 1360 974
internal_count=145299 121399 93202 57302 57026 36090 3104 430 2674 28197 10857 820 32986 35900 23900 336 23564 2839 1172 30534 1893 900 348 10037 17340 34007 26583 6297 2448 3849 20725 7424 4968 2654 1511 1143 1360 974
is_linear=0
shrinkage=0.03


Tree=71
num_leaves=39
num_cat=0
split_feature=207 96 208 207 199 199 190 201 94 80 140 194 194 99 122 207 201 201 184 96 199 132 199 193 56 201 201 206 56 75 208 199 201 17 56 183 208 75
split_gain=72912 128181 105285 276247 224418 179866 173297 189558 114594 76797.9 64957.5 49812.3 49576.2 59922.6 48959.3 56405.8 112697 45306.3 42883 42529.6 41499.7 60815.8 57444.9 41358.4 40182.2 46475.8 67700.9 64954.5 39975.9 38743.2 41886.3 38173.2 35532.9 35431.3 34441.1 33384.5 33330.6 33329.2
threshold=-0.38242425024509424 40.412738800048835 0.83258596062660228 -0.47558552026748652 337.50000000000006 313.50000000000006 0.8364776372909547 112.50000000000001 48.531978607177741 43.074998855590827 9.1295208930969256 7.5000000000000009 19.500000000000004 0.31009252369403845 65.554595947265639 -0.18492533266544339 77.500000000000014 47.500000000000007 0.21647835522890094 13.614706039428713 250.50000000000003 -96.898994445800767 225.50000000000003 22.150000572204593 83.295829772949233 397.50000000000006 452.50000000000006 -0.25000000000000006 105.45421218872072 21.701390266418461 0.59696555137634288 324.50000000000006 147.50000000000003 164.24196624755862 30.385595321655277 61.005294799804695 0.79253265261650097 14.441330909729006
decision_type=2 10 2 2 2 2 8 2 8 2 8 2 2 2 8 2 2 2 8 8 2 10 2 2 10 2 2 2 10 10 2 2 2 10 10 10 2 8
left_child=2 11 8 4 5 6 7 17 10 -5 20 -2 34 18 15 16 -15 -4 -14 -17 21 -1 23 -23 -12 27 -27 32 -11 -22 -31 -10 -26 -29 -13 -8 -33 -16
right_child=1 -3 3 9 -6 -7 35 -9 31 28 24 12 13 14 37 19 -18 -19 -20 -21 29 22 -24 -25 25 26 -28 33 -30 30 -32 36 -34 -35 -36 -37 -38 -39
leaf_value=0.55763707051054801 0.49357340516007436 -0.20073391686159253 1.0046027996094624 0.12767609099932523 1.5087406500170824 -0.061202717724630727 -0.1025061044650758 0.30698463164581757 -0.092905922130515226 -0.044564981480416731 -0.018711082391071995 0.11161959842148282 0.36574743679395627 0.9437992397322581 0.19955391437921238 0.17379647135730819 0.12771072318662013 1.6564878983921876 -0.010121847919613703 0.042904316529383306 0.011606066970279934 0.30495771454087078 0.39501135946015992 0.080058912016857109 -0.2695631014547254 0.68698200251336261 0.12164354545887766 0.090480257794316871 -0.40474454247993974 0.086309652006519369 0.38851252246987017 -0.16059850213949747 -0.0077802924966377373 -0.13894548509239471 -0.084881538515901411 0.44204155502519366 -0.65102708316995672 -0.047949639053250559
leaf_weight=283 192 2655 194 1681 170 582 253 286 2712 685 14468 908 275 189 532 2441 784 190 41135 26360 8717 794 613 10060 901 206 2556 5835 466 2412 498 283 968 676 6926 169 223 6153
leaf_count=283 192 2655 194 1681 170 582 253 286 2712 685 14468 908 275 189 532 2441 784 190 41135 26360 8717 794 613 10060 901 206 2556 5835 466 2412 498 283 968 676 6926 169 223 6153
internal_value=0.0215911 0.00456629 0.0480946 0.184471 0.470228 0.364756 0.591777 0.891707 0.0358793 -0.00159515 0.0472713 0.0109121 0.00983074 0.0170679 0.0451148 0.0615877 0.286239 1.32718 -0.00762564 0.053998 0.0834294 0.123191 0.112469 0.0965112 0.0142658 0.0570867 0.163811 0.0219109 -0.190392 0.043247 0.138028 -0.137538 -0.13398 0.0666601 -0.0621059 0.115575 -0.376745 -0.0282527
internal_weight=145431 88550 56881 4676 1844 1674 1092 670 52205 2832 48987 85895 85703 77869 36459 29774 973 384 41410 28801 23377 11750 11467 10854 25610 11142 2762 8380 1151 11627 2910 3218 1869 6511 7834 422 506 6685
internal_count=145431 88550 56881 4676 1844 1674 1092 670 52205 2832 48987 85895 85703 77869 36459 29774 973 384 41410 28801 23377 11750 11467 10854 25610 11142 2762 8380 1151 11627 2910 3218 1869 6511 7834 422 506 6685
is_linear=0
shrinkage=0.03


Tree=72
num_leaves=39
num_cat=0
split_feature=204 93 191 97 202 197 114 192 193 208 197 198 197 208 208 208 193 173 183 97 54 204 208 199 179 198 75 197 208 202 208 208 208 197 208 199 97 137
split_gain=78697.7 54681.3 50870.4 46979.8 54218.1 70915.6 62222.1 53466.6 45251.6 43671.5 247572 57325.8 42086.9 42053.8 41303.5 46198.9 46243.1 38158.1 40524.3 45156 38004.7 37018.4 38753.5 36203.3 33544.7 38349.2 32984.5 28259.6 29038.5 35816.6 46640.9 100365 62626.9 42179.5 39656.1 27677 27640.4 27635.9
threshold=19.000000000000004 47.22291564941407 20.904371261596683 6.8844251632690439 0.86159634590148937 993.45001220703136 57.80437088012696 0.32181751728057867 28.849999427795414 0.83258596062660228 990.54998779296886 2.7500000000000004 993.64999389648449 -0.99168640375137318 0.92191100120544445 0.96177148818969738 20.349999427795414 61.465000152587898 59.316671371459968 6.9438490867614755 107.68319702148439 3.0000000000000004 -0.72694849967956532 76.500000000000014 1.0000000180025095e-35 1.2500000000000002 5.1407847404479989 993.54998779296886 -0.96687281131744374 0.56638467311859142 -0.013976481743156908 0.11478523537516595 0.080547325313091292 980.45001220703136 0.4584775865077973 74.500000000000014 16.668210029602054 34.250000000000007
decision_type=2 10 10 2 2 2 10 8 2 2 2 2 2 2 2 2 2 2 8 2 10 2 2 2 2 2 10 2 2 2 2 2 2 2 2 2 2 10
left_child=1 2 36 7 6 13 21 -4 12 26 -11 -12 -8 -6 24 -16 -17 27 19 -19 -13 -5 -23 -15 -9 -26 -3 28 -2 33 35 32 -32 -30 -35 -31 -1 -28
right_child=17 9 3 4 5 -7 8 14 -10 10 11 20 -14 23 15 16 -18 18 -20 -21 -22 22 -24 -25 25 -27 37 -29 29 30 31 -33 -34 34 -36 -37 -38 -39
leaf_value=-0.0031997942489471807 -0.027105263870583731 0.13328655082851959 0.45313017312819115 -0.099015144691612558 -0.11728213910465646 0.76090679034540398 0.15749801053330653 0.0076233137170772418 -0.033630004310401189 1.0835100764635588 0.46219316324017234 -0.20900808743407476 -0.015705849516295608 0.30113534671346948 -0.17549591447738022 -0.036140365635000268 0.2888983619285081 0.1716579987793152 0.12324551004596433 0.84209088433459134 0.071271086402345543 0.10729922460706455 -0.015102975922846564 0.10939790689163539 0.39196279544437884 0.067401739024587265 -0.092323869726988542 -0.049961964986016134 0.18951481799206468 0.25783955586696861 0.39678929240037641 0.12067355660225741 1.0972644770315707 -0.018880205908984395 0.12650075410784364 0.035448835147682094 -0.099914070082363957 -0.25219213973871812
leaf_weight=40188 2601 448 244 2843 601 160 6810 26747 1995 189 178 1136 1550 1100 2111 4579 431 217 3882 155 706 3360 7579 4562 348 5600 3598 2145 1609 627 373 1215 166 6033 2345 2560 2848 1334
leaf_count=40188 2601 448 244 2843 601 160 6810 26747 1995 189 178 1136 1550 1100 2111 4579 431 217 3882 155 706 3360 7579 4562 348 5600 3598 2145 1609 627 373 1215 166 6033 2345 2560 2848 1334
internal_value=0.0207166 0.0109041 0.0161101 0.031778 0.0597931 0.137255 0.0391799 0.0104065 0.0947489 -0.0670632 0.0452472 -0.0519015 0.125385 0.121322 0.00769328 -0.0577787 -0.00817739 0.0704374 0.151909 0.45102 -0.101583 -0.00257148 0.0224938 0.146649 0.0219532 0.0863915 -0.113177 0.0528211 0.0653985 0.0815161 0.147581 0.271824 0.612536 0.0488306 0.0218119 0.079202 -0.0096001 -0.135565
internal_weight=145173 121245 113656 70620 30560 6423 24137 40060 10355 7589 2209 2020 8360 6263 39816 7121 5010 23928 4254 372 1842 13782 10939 5662 32695 5948 5380 19674 17529 14928 4941 1754 539 9987 8378 3187 43036 4932
internal_count=145173 121245 113656 70620 30560 6423 24137 40060 10355 7589 2209 2020 8360 6263 39816 7121 5010 23928 4254 372 1842 13782 10939 5662 32695 5948 5380 19674 17529 14928 4941 1754 539 9987 8378 3187 43036 4932
is_linear=0
shrinkage=0.03


Tree=73
num_leaves=39
num_cat=0
split_feature=199 203 97 209 114 96 93 203 200 36 141 209 194 197 197 190 132 197 16 82 193 200 96 199 197 193 194 114 76 171 197 53 197 197 194 200 199 193
split_gain=59257 81127.9 64178.7 59815.5 194624 45091.7 43012.1 47949.4 176069 42160.5 43577.8 55109.4 41155.9 61119.7 164218 40773 40035.7 50972.7 70049.7 35386.1 52510.4 34099.5 65877.6 32912.1 68297.5 32450 42221.8 57915.3 31715.2 31495.3 33576.2 30925.6 30069.1 29869.7 42952.1 30892.5 29573.2 40496.6
threshold=83.500000000000014 0.87878364324569713 4.1387085914611825 11.500000000000002 309.66575622558599 13.007534980773928 44.865251541137702 0.94260558485984813 12.250000000000002 502.83963012695318 10.864171981811525 4.5000000000000009 65.500000000000014 985.75000000000011 984.35000610351574 0.82900017499923717 -53.323804855346673 987.85000610351574 109.11672973632814 18.01249980926514 11.84999990463257 4.1499998569488534 46.54467964172364 326.50000000000006 993.14999389648449 21.94999980926514 65.500000000000014 55.939237594604499 20.303087234497074 1.465556859970093 993.35000610351574 118.98937606811525 988.04998779296886 989.95001220703136 69.500000000000014 11.949999809265138 309.50000000000006 17.250000000000004
decision_type=2 2 2 2 10 8 10 2 2 10 8 2 2 2 2 8 10 2 10 8 2 2 10 2 2 2 2 10 10 2 2 10 2 2 2 2 2 2
left_child=1 2 -1 5 -5 -4 9 21 -9 10 11 16 -7 14 -14 31 17 18 -2 20 -13 22 -8 36 -25 -3 -27 -28 -19 -21 -31 33 -17 34 -11 -36 -23 -38
right_child=6 25 3 4 -6 12 7 8 -10 15 -12 19 13 -15 -16 32 -18 28 -20 29 -22 23 -24 24 -26 26 27 -29 -30 30 -32 -33 -34 -35 35 -37 37 -39
leaf_value=0.0014103118523425481 -0.0070432809798886102 -0.12910411403854286 0.51525952776568307 -0.1983617357376137 1.0969704726706484 0.06156806543954129 -0.042531772391668082 -0.12951488527450997 1.1002518913062382 0.1006077887375358 -0.024645165113088504 0.57754524615460723 0.16439691280662197 0.036453433777462074 0.75074467744854034 -0.13807209003418625 0.14076077493137701 -0.038446190218343973 0.12968520299157782 0.021754635060885045 0.086182794060857354 -0.090842666994544657 0.68160502602900419 -0.040693628008124566 -0.69586900314184796 -0.037520569478607109 0.083612523666303201 0.65041552767026289 -0.19094785696650274 0.14990545051574622 -0.075045909267590569 0.52549439124582598 0.06680023751724419 0.044537906092134281 0.25850257342949357 0.77491841586714005 0.34360870306293145 -0.038786445164703941
leaf_weight=3648 17230 1775 270 194 226 4887 404 353 149 548 22127 200 2458 1587 521 730 1649 14249 4193 33124 9176 6280 157 369 234 3213 1184 188 1343 3365 726 225 5521 1057 219 199 349 872
leaf_count=3648 17230 1775 270 194 226 4887 404 353 149 548 22127 200 2458 1587 521 730 1649 14249 4193 33124 9176 6280 157 369 234 3213 1184 188 1343 3365 726 225 5521 1057 219 199 349 872
internal_value=0.0207039 0.0684457 0.109324 0.148135 0.498658 0.132993 0.0130104 -0.0495457 0.235509 0.0179591 0.0128683 0.0226045 0.122074 0.186834 0.266946 0.0822796 -0.00387269 -0.0103161 0.0197178 0.0445768 0.0966647 -0.0660604 0.160131 -0.0817187 -0.294948 -0.0201937 0.021969 0.161284 -0.0515819 0.0314537 0.109985 0.191852 0.0428747 0.154741 0.275324 0.504369 -0.0645769 0.0705155
internal_weight=145199 20151 13791 10143 420 9723 125048 9167 502 115881 107382 85255 9453 4566 2979 8499 38664 37015 21423 46591 9376 8665 561 8104 603 6360 4585 1372 15592 37215 4091 2248 6251 2023 966 418 7501 1221
internal_count=145199 20151 13791 10143 420 9723 125048 9167 502 115881 107382 85255 9453 4566 2979 8499 38664 37015 21423 46591 9376 8665 561 8104 603 6360 4585 1372 15592 37215 4091 2248 6251 2023 966 418 7501 1221
is_linear=0
shrinkage=0.03


Tree=74
num_leaves=39
num_cat=0
split_feature=204 99 195 79 208 209 195 97 199 203 208 16 97 55 197 74 199 113 122 16 95 197 97 36 185 96 199 201 186 97 96 208 120 94 208 16 193 208
split_gain=74638 63259.6 83976.9 81932.4 134167 331200 79918.2 62020.7 52659.3 58647.3 75189 49558.6 49410.3 48862.8 47230.1 35459.5 41061 29333.4 27979.9 44300.8 34491.8 26097.6 37445.7 29496.7 34354.7 26909.4 29105.9 26066 25435.9 25251.9 24605.9 46235.6 24216.7 26787 22168 20199.6 30878.3 47354
threshold=3.0000000000000004 0.21720981597900393 1.2500000000000002 0.12745653092861178 0.87709078192710888 11.500000000000002 2.6499999761581425 13.331787109375002 99.500000000000014 0.8038262426853181 -0.96466007828712452 262.41406250000006 7.9291136264801034 89.23956680297853 993.75000000000011 4.8531320095062265 243.50000000000003 402.94746398925787 26.786955833435062 110.6254234313965 18.810016632080082 992.95001220703136 8.3574123382568377 486.54302978515631 65.278949737548842 40.412738800048835 353.50000000000006 147.50000000000003 0.83575603365898143 13.799117565155031 46.54467964172364 0.84199059009552013 22.783333778381351 53.04362869262696 0.80290535092353832 106.1389503479004 22.94999980926514 0.12332734838128091
decision_type=2 2 2 8 2 2 2 2 2 2 2 10 2 10 2 8 2 10 8 10 8 2 2 10 8 10 2 2 8 2 10 2 8 10 2 8 2 2
left_child=13 21 3 4 5 -3 12 8 9 10 -5 15 -4 29 27 16 -9 -17 20 -20 -10 22 23 25 34 26 -2 -6 -28 35 -13 -32 -23 -34 -25 36 -1 -38
right_child=1 2 6 7 14 -7 -8 11 18 -11 -12 30 -14 -15 -16 17 -18 -19 19 -21 -22 32 -24 24 -26 -27 28 -29 -30 -31 31 -33 33 -35 -36 -37 37 -39
leaf_value=-0.12596117278374927 0.00042359388897438298 0.18613353821227252 0.18670543891789443 -0.055229315908837354 0.37297279031746861 1.3015061522983953 0.075544715339843332 0.34749697417263353 0.14374893488487114 0.0037527159955527043 0.18767795988074237 0.088463073173669582 0.8506249924629512 -0.10676952496393476 -0.19652475275403294 -0.038304283801743659 -0.021722259777413152 -0.32248689402152603 -0.014120984094113803 0.063550639650174379 0.042866006458052157 -0.1991498136088484 0.44416366834990206 0.17642936766678574 0.040835722798680467 -0.19496855952515482 0.57629054510576749 0.011675051587618515 0.06738005521401487 -0.10346108606161303 0.033129479071524484 0.77079295740137399 -0.018776294007896883 -0.30364330151928781 0.54776765961215168 0.062758301977395292 -0.0088091179832665029 0.25535687256979511
leaf_weight=1836 28786 1504 155 1367 279 285 540 461 3848 3578 7122 1033 289 5487 718 13500 658 335 16927 10842 14711 856 179 578 2548 626 146 505 224 2093 156 150 7127 310 193 4346 10105 650
leaf_count=1836 28786 1504 155 1367 279 285 540 461 3848 3578 7122 1033 289 5487 718 13500 658 335 16927 10842 14711 856 179 578 2548 626 146 505 224 2093 156 150 7127 310 193 4346 10105 650
internal_value=0.0198193 0.0295247 0.0452943 0.0418189 0.188313 0.363826 0.320704 0.0353638 0.0498041 0.105625 0.148562 -0.0163911 0.618861 -0.0278966 -0.0207368 -0.0320475 0.130388 -0.0451857 0.0352646 0.0162048 0.063783 -0.00042776 0.0114376 0.00909738 0.0939294 -0.000356585 0.00382192 0.140253 0.268204 -0.00515473 0.158459 0.394743 -0.0480436 -0.030651 0.26939 0.00699356 -0.0122546 0.00715646
internal_weight=145053 120536 78963 77979 3291 1789 984 74688 58395 12067 8489 16293 444 24517 1502 14954 1119 13835 46328 27769 18559 41573 33280 33101 3319 29782 29156 784 370 19030 1339 306 8293 7437 771 16937 12591 10755
internal_count=145053 120536 78963 77979 3291 1789 984 74688 58395 12067 8489 16293 444 24517 1502 14954 1119 13835 46328 27769 18559 41573 33280 33101 3319 29782 29156 784 370 19030 1339 306 8293 7437 771 16937 12591 10755
is_linear=0
shrinkage=0.03


Tree=75
num_leaves=39
num_cat=0
split_feature=194 194 99 140 79 37 199 36 193 88 183 199 203 208 195 181 96 198 186 117 181 123 194 84 209 187 75 198 138 208 208 186 81 75 132 16 108 193
split_gain=56507.5 60654.4 58693.4 76440.2 67109.1 59286.5 57936.8 54253.3 56377.6 51064.8 45007.1 76456.3 44844.5 44668 35195.6 32800.8 32619.9 43875.5 42242.6 31635.5 32109.9 30551.8 29592.3 28263 26964.9 26664.7 23535.1 39010.2 24918.9 24722.7 21261.2 20590.5 19533.1 19405.3 18722.8 18690.5 18250.1 17548.5
threshold=7.5000000000000009 19.500000000000004 0.21238681674003604 16.229326248168949 0.15860410034656527 199.54737854003909 85.500000000000014 454.95083618164068 34.149999618530281 45.837499618530281 74.901123046875014 98.500000000000014 0.95878320932388317 0.83258596062660228 1.2500000000000002 24.000000000000004 47.094318389892585 6.6499998569488534 0.26024384796619421 3.2184907197952275 62.000000000000007 3.6191363334655766 56.500000000000007 86.062500000000014 4.5000000000000009 57.324790954589851 21.099640846252445 5.5499999523162851 36.170833587646491 0.24997577071189883 0.91511079668998729 0.78380918502807628 43.074998855590827 12.131787300109865 -52.864042282104485 31.396877288818363 2.4963237047195439 17.050000190734867
decision_type=2 2 2 8 8 10 2 10 2 10 8 2 2 2 2 2 10 2 10 10 2 8 2 10 2 8 10 2 10 2 2 10 2 10 8 10 10 2
left_child=-1 21 16 4 9 6 12 19 10 15 11 -9 -6 -11 -8 -4 24 18 -18 32 -21 -2 -15 -7 34 -12 35 29 -29 -28 -19 -20 37 -23 -3 -26 -17 -5
right_child=1 2 3 7 5 23 14 8 -10 13 25 -13 -14 22 -16 36 17 30 31 20 -22 33 -24 -25 26 -27 27 28 -30 -31 -32 -33 -34 -35 -36 -37 -38 -39
leaf_value=0.53751723250421801 0.17120674030747066 -0.049704896619933027 -0.082911783130515102 -0.14520594557179442 0.15988570236618463 -0.039749531942759639 0.040527175440941164 0.72243530727387772 0.63643686800672827 0.10145426230799839 -0.12853272325608275 0.078645244006787129 -0.066457534231623899 0.39901843427803835 0.2506211981016333 0.14980315259741078 0.18145524983540012 0.20470331146624085 -0.34642962925420356 0.5697369645723559 0.040113595179719075 0.061171692533141121 0.98484160317078873 -0.42401641087233766 0.1101252314472069 0.040471559924482967 -0.014264878083521315 0.03098117399508022 -0.19001792829757425 0.18734780702352261 -0.07515059694758891 -0.11669518202275679 -0.13502613676962541 -0.094517909324169244 0.071138012194273847 -0.0037347946607029303 0.41362294608720507 -0.023055166728958749
leaf_weight=189 473 10590 532 1148 6687 4572 45995 227 146 196 941 618 893 162 729 2656 229 454 897 148 339 809 149 179 1372 7843 703 3712 524 2473 529 577 1890 6587 1295 23906 259 13576
leaf_count=189 473 10590 532 1148 6687 4572 45995 227 146 196 941 618 893 162 729 2656 229 454 897 148 339 809 149 179 1372 7843 703 3712 524 2473 529 577 1890 6587 1295 23906 259 13576
internal_value=0.0191354 0.0184598 0.0231072 0.0373381 0.0554065 0.0473952 0.0562861 -0.00502203 0.0513552 0.175059 0.0424833 0.251599 0.13322 0.456169 0.0438052 0.13371 -0.00395832 -0.10549 -0.197609 -0.0372475 0.201076 -0.0625388 0.679709 -0.0542282 0.0021598 0.0223665 0.0162289 0.0632373 0.00364278 0.142721 0.0541007 -0.256501 -0.0442335 -0.0774879 -0.0365377 0.00244515 0.173245 -0.0325791
internal_weight=145204 145015 137146 89885 63009 59055 54304 26876 9775 3954 9629 845 7580 507 46724 3447 47261 2686 1703 17101 487 7869 311 4751 44575 8784 32690 7412 4236 3176 983 1474 16614 7396 11885 25278 2915 14724
internal_count=145204 145015 137146 89885 63009 59055 54304 26876 9775 3954 9629 845 7580 507 46724 3447 47261 2686 1703 17101 487 7869 311 4751 44575 8784 32690 7412 4236 3176 983 1474 16614 7396 11885 25278 2915 14724
is_linear=0
shrinkage=0.03


Tree=76
num_leaves=39
num_cat=0
split_feature=204 207 207 207 96 207 94 207 94 97 203 105 198 199 132 199 199 35 123 204 207 105 75 199 96 207 123 199 207 207 16 187 96 193 76 105 193 96
split_gain=71358.6 91184 110802 267388 400294 432169 107775 64180.7 63397.2 61538.9 59377.9 52616.3 55487.3 41785.3 94688.3 38981.4 147675 230433 67988.1 41285 36832 36330.8 36046 97360.2 33108.5 32747.5 73673.5 49174.6 36978.3 51128.5 31387 31213.3 41132.1 31047.9 30854.4 55824.6 116603 35107.8
threshold=11.000000000000002 -0.36647418141365046 -0.52032786607742298 -0.47558552026748652 45.261835098266609 -0.49064628779888148 42.358055114746101 -0.26866367459297175 36.200523376464851 13.799117565155031 0.8038262426853181 123.44343948364259 2.4500000476837163 353.50000000000006 -109.21417999267577 76.500000000000014 63.500000000000007 415.56958007812506 24.021881103515629 1.0000000180025095e-35 -0.50556187331676472 103.55309295654298 4.2409923076629648 196.50000000000003 23.642989158630375 0.89017060399055492 38.844259262084968 194.50000000000003 0.84773966670036327 0.8431384563446046 235.824577331543 23.050000190734867 47.094318389892585 25.150000572204593 13.966109275817873 50.778463363647468 11.84999990463257 18.823380470275882
decision_type=2 2 2 2 10 2 10 2 10 2 2 10 2 2 8 2 2 10 10 2 2 10 8 2 8 2 10 2 2 2 10 10 10 2 8 10 2 10
left_child=9 2 8 4 20 -6 -5 21 22 15 -10 24 -13 25 -15 16 -1 18 -18 -20 -4 -3 23 -2 -11 26 -9 -27 29 -28 -8 -17 34 -12 37 -36 -37 -33
right_child=1 7 3 6 5 -7 30 13 10 11 33 12 -14 14 -16 31 17 -19 19 -21 -22 -23 -24 -25 -26 27 28 -29 -30 -31 -32 32 -34 -35 35 36 -38 -39
leaf_value=0.013003984019318239 0.67666133308262622 -0.049101206736396931 0.44701646508816451 0.22011962106010396 0.54373168344440881 2.6300841816055236 -0.078065772079301626 0.010319653276931358 0.025557256310397555 -0.19969144570434105 -0.35507561642589391 0.5327089821525296 0.016549418327448495 0.87402617859108256 0.072851606910976072 -0.031408937134632074 -0.034615036417005106 1.4322675410031085 0.83649363946647182 0.2008889508610639 -0.10640516990138232 -0.26720977149371128 0.075849634300808655 -0.024363943846436257 -0.065722735017118644 0.079875328251267558 0.1576611188232033 -0.049442678897996119 0.028668235669157157 0.61503490991820253 -0.49443843710257546 0.10864509526935255 -0.15166156192220487 -0.064596382599440227 0.020463018335399798 0.84481108053997001 0.10722195353453436 -0.023208367432172285
leaf_weight=4679 325 2213 182 1816 204 159 553 19579 3817 2255 652 215 1462 166 663 18219 456 167 181 187 267 997 19123 395 6295 3494 3667 10910 2088 234 231 2063 1271 673 15759 202 4276 15269
leaf_count=4679 325 2213 182 1816 204 159 553 19579 3817 2255 652 215 1462 166 663 18219 456 167 181 187 267 997 19123 395 6295 3494 3667 10910 2088 234 231 2063 1271 673 15759 202 4276 15269
internal_value=0.0182581 0.0393567 0.081268 0.241627 0.716845 1.45763 0.0932102 0.0123144 0.059369 -0.00268202 -0.0345068 -0.0709199 0.0827266 0.022476 0.233288 0.00844312 0.0834646 0.41614 0.210188 0.513524 0.117925 -0.116845 0.0836955 0.292075 -0.101056 0.0181037 0.0384847 -0.0180738 0.130561 0.185098 -0.200752 0.000988149 0.0161849 -0.207536 0.0218634 0.0470237 0.140496 -0.00751399
internal_weight=145364 72408 28397 3412 812 363 2600 44011 24985 72956 5142 10227 1677 40801 829 62729 5670 991 824 368 449 3210 19843 720 8550 39972 25568 14404 5989 3901 784 57059 38840 1325 37569 20237 4478 17332
internal_count=145364 72408 28397 3412 812 363 2600 44011 24985 72956 5142 10227 1677 40801 829 62729 5670 991 824 368 449 3210 19843 720 8550 39972 25568 14404 5989 3901 784 57059 38840 1325 37569 20237 4478 17332
is_linear=0
shrinkage=0.03


Tree=77
num_leaves=39
num_cat=0
split_feature=204 207 207 198 114 194 94 97 207 207 197 183 97 184 207 197 194 202 197 170 207 207 197 207 55 207 56 197 198 94 181 114 80 198 202 207 207 205
split_gain=69070.1 59425.4 72113.7 174587 112028 53086.2 50898.3 48629.9 46964 80844.9 70850.7 55494.4 61932.1 76033.7 38140 61024.4 64259.1 44359.7 47438.7 37105.5 56622.4 228468 289064 35884.2 35734.7 34913.2 40923 33532.8 32862.4 31143.3 33433.7 32008.1 28822.7 28627.7 42123.4 49646.6 35947.1 39116.1
threshold=19.000000000000004 -0.36647418141365046 -0.54939359426498402 4.4500000476837167 1.4481261968612673 93.500000000000014 30.253642082214359 7.0189180374145517 0.91939014196395885 0.9159645438194276 982.04998779296886 163.51499938964847 4.9527516365051278 0.21647835522890094 0.99168354272842418 983.64999389648449 24.500000000000004 0.93038213253021251 981.75000000000011 4.3900001049041757 -0.47558552026748652 -0.50556187331676472 991.64999389648449 0.99053108692169201 32.50975418090821 0.89787620306015026 69.800651550292983 993.54998779296886 12.250000000000002 42.358055114746101 52.000000000000007 251.70841979980472 45.487499237060554 4.4500000476837167 -0.58068084716796864 -0.56368473172187794 -0.60554069280624379 0.68301269412040722
decision_type=2 2 2 2 10 2 10 2 2 2 2 8 2 8 2 2 2 2 2 2 2 2 2 2 10 2 8 2 2 10 2 10 2 2 2 2 2 2
left_child=6 2 5 4 -4 -2 8 -7 9 11 -11 12 13 -1 23 16 -16 18 -18 29 21 33 -23 24 -10 26 -14 -5 -17 30 31 -8 -22 36 35 -35 -21 -38
right_child=1 -3 3 27 -6 7 19 -9 14 10 -12 -13 25 -15 15 28 17 -19 -20 20 32 22 -24 -25 -26 -27 -28 -29 -30 -31 -32 -33 -34 34 -36 -37 37 -39
leaf_value=0.59682546704683181 0.075027365533693754 0.026593771777473491 0.43592935994046811 0.27784759326687358 1.5523265436339067 0.070021600395524936 -0.0039236258912006081 0.81649535428440745 0.054327021800715226 0.080800211153436594 0.93206201960415502 -0.016545100431414789 0.054798573919287955 0.0035926705865536408 -0.19767900510906766 0.012406113925256538 0.64533888510906057 0.72897693702484889 0.12975916777302784 0.011303023219906156 -0.0099906564558187843 1.3748936594767818 -0.18149297082393587 -0.38321440266028617 -0.073533634879445961 -0.080308980468969685 0.13150798747193129 -0.083125014391485938 -0.20089436094599844 -0.11767712294286214 -0.060908782673696524 0.1873699218688083 -0.19027688794232725 0.10629979412166007 -0.063489821846403532 0.53573837986422279 -0.48593510276636892 0.073073265636055387
leaf_weight=196 7840 14556 183 554 145 146 3646 170 2493 186 167 18445 19513 24374 307 5625 193 175 957 1506 2488 262 182 292 9328 1287 9215 398 735 4695 9434 1004 1175 1585 1078 286 313 176
leaf_count=196 7840 14556 183 554 145 146 3646 170 2493 186 167 18445 19513 24374 307 5625 193 175 957 1506 2488 262 182 292 9328 1287 9215 398 735 4695 9434 1004 1175 1585 1078 286 313 176
internal_value=0.0180979 0.0646081 0.123249 0.332597 0.92949 0.0903937 0.00890003 0.471619 0.0195021 0.0306317 0.483537 0.0284424 0.0436443 0.00832525 -0.0211209 0.0297486 0.193397 0.28401 0.216292 -0.0267149 0.0231818 0.0850506 0.736924 -0.0546839 -0.0465683 0.0725562 0.0794045 0.126937 -0.0122444 -0.0507638 -0.0284577 0.0373795 -0.0678225 0.0265072 0.085883 0.171946 -0.0612616 -0.284739
internal_weight=145310 23992 9436 1280 328 8156 121318 316 93488 73383 353 73030 54585 24570 20105 7992 1632 1325 1150 27830 9051 5388 444 12113 11821 30015 28728 952 6360 18779 14084 4650 3663 4944 2949 1871 1995 489
internal_count=145310 23992 9436 1280 328 8156 121318 316 93488 73383 353 73030 54585 24570 20105 7992 1632 1325 1150 27830 9051 5388 444 12113 11821 30015 28728 952 6360 18779 14084 4650 3663 4944 2949 1871 1995 489
is_linear=0
shrinkage=0.03


Tree=78
num_leaves=39
num_cat=0
split_feature=207 207 199 192 94 207 190 208 114 185 207 113 202 191 202 199 196 176 208 183 114 75 193 97 14 183 199 207 187 202 129 207 97 195 207 75 114 199
split_gain=56055.9 83978.7 178305 220857 84251.5 82444.4 105954 116655 93495.9 83228 72194.6 70649.4 70279.1 50164.8 48680.2 83119.9 79357.4 128436 57226.7 62388.8 52347.1 46657.2 46255.9 44569.3 41318.4 41476.9 41000.8 56832.1 39305.4 39179 37887.3 37803.9 36439.6 42418.9 37629.9 34848.1 34477.8 37004.5
threshold=-0.38242425024509424 -0.54939359426498402 337.50000000000006 0.4532503634691239 48.531978607177741 -0.47558552026748652 0.37874278426170355 0.86004966497421276 317.93284606933599 101.8037567138672 -0.26866367459297175 25.448369979858402 -0.97233289480209339 58.214420318603523 0.83385404944419872 74.500000000000014 1.0000000180025095e-35 52.715000152587898 -0.72694849967956532 71.917217254638686 51.677001953125007 21.994915008544925 17.650000572204593 12.520436286926271 388.54292297363287 44.701007843017585 269.50000000000006 -0.99275806546211232 108.94800186157228 -0.77159520983695973 81.520832061767592 -0.56368473172187794 7.5114488601684579 1.3499999642372134 -0.18492533266544339 4.2409923076629648 226.55328369140628 351.50000000000006
decision_type=2 2 2 10 8 2 8 2 10 10 2 10 2 10 2 2 2 2 2 8 10 10 2 2 10 8 2 2 10 2 10 2 2 2 2 10 10 2
left_child=1 4 5 -4 14 6 7 29 -7 13 11 -2 -11 -8 20 16 17 -16 19 -17 22 26 -1 24 32 -26 27 -22 -28 -3 -18 -24 -12 34 -34 -20 37 -25
right_child=10 2 3 -5 -6 8 9 -9 -10 12 23 -13 -14 -15 15 18 30 -19 35 -21 21 -23 31 36 25 -27 28 -29 -30 -31 -32 -33 33 -35 -36 -37 -38 -39
leaf_value=-0.28828986600780881 -0.0076131485274190877 0.55318595980783536 0.066291911018223154 1.6872291381961351 -0.12197262926113628 0.070300150253187615 -0.073609262836047851 0.93522114046377736 -0.38123043366260345 0.032538373972456243 0.0031553220589023972 -0.19934962524553593 0.87570184871904788 0.43306151351434113 0.22551704811227274 0.84294526516149604 -0.0048050689417014165 1.3648619362861072 0.50389723882533588 0.0043243423607647229 0.25941349802916069 0.13837584147080567 0.0014192887427560926 -0.087591277427417166 0.60192593587003396 0.10560028786819153 -0.023941209374409033 0.032641753471818753 0.40212038100887787 0.069721260627518877 0.38317805996557952 -0.37741489805647122 0.3474314251360594 0.49284957832531967 0.041107753329664841 0.033802898607653911 0.063258668627666312 0.35991369596985817
leaf_weight=526 4055 238 157 146 3213 3869 1275 336 462 159 51464 3016 202 204 215 172 489 152 145 149 1399 4939 19371 7629 205 581 7587 3441 200 412 422 240 368 194 18746 6668 1948 170
leaf_count=526 4055 238 157 146 3213 3869 1275 336 462 159 51464 3016 202 204 215 172 489 152 145 149 1399 4939 19371 7629 205 581 7587 3441 200 412 422 240 368 194 18746 6668 1948 170
internal_value=0.0174932 0.0407495 0.134561 0.847367 0.0265622 0.104382 0.230432 0.481368 0.0221333 0.0959617 0.00254928 -0.0893949 0.504348 -0.00372108 0.0369112 0.102166 0.324971 0.697422 0.0622522 0.453692 0.0223519 0.0601997 -0.0106636 0.0105456 0.0187432 0.235055 0.0296213 0.0981905 -0.0129978 0.24675 0.174921 -0.00321705 0.0163408 0.0514855 0.0470056 0.0438086 -0.0496375 -0.0778362
internal_weight=145164 56788 7460 303 49328 7157 2826 986 4331 1840 88376 7071 361 1479 46115 8412 1278 367 7134 321 37703 17566 20137 81305 71558 786 12627 4840 7787 650 911 19611 70772 19308 19114 6813 9747 7799
internal_count=145164 56788 7460 303 49328 7157 2826 986 4331 1840 88376 7071 361 1479 46115 8412 1278 367 7134 321 37703 17566 20137 81305 71558 786 12627 4840 7787 650 911 19611 70772 19308 19114 6813 9747 7799
is_linear=0
shrinkage=0.03


Tree=79
num_leaves=39
num_cat=0
split_feature=202 199 208 197 193 210 208 80 79 114 197 208 197 208 189 141 208 197 208 209 141 56 181 200 200 132 197 208 55 197 193 201 190 201 201 56 55 208
split_gain=49690.5 106193 70905.9 116274 59779.2 66499.7 47008.1 43901.6 41564.6 37953.3 37411.7 56069 201826 83511.6 104144 47370.4 36901.2 37850.2 36748 34236.6 58949.1 45869 58505.8 41491.9 66547.6 31960.8 36307.3 79431.5 40070.1 29968.5 27421 35190.9 27140.4 27122.6 35554.8 24256.5 24242.3 32977.2
threshold=0.84335932135581981 76.500000000000014 0.054805127903819091 984.45001220703136 18.150000572204593 1.0000000180025095e-35 0.44312302768230444 44.312500000000007 0.027529679238796238 -35.858140945434563 994.35000610351574 0.83258596062660228 990.04998779296886 0.87709078192710888 51.006269454956062 10.438712120056154 -0.99168640375137318 971.95001220703136 0.83258596062660228 5.5000000000000009 10.712348937988283 124.73535156250001 86.000000000000014 19.750000000000004 19.650000572204593 -53.323804855346673 987.85000610351574 0.58307701349258434 84.668487548828139 994.45001220703136 32.549999237060554 722.50000000000011 0.34714372456073767 237.50000000000003 182.50000000000003 47.314626693725593 112.58044433593751 0.92843842506408703
decision_type=2 2 2 2 2 2 2 2 8 8 2 2 2 2 10 8 2 2 2 2 8 10 2 2 2 10 2 2 10 2 2 2 10 2 2 10 10 2
left_child=7 2 9 -4 -5 6 -6 8 18 30 11 -9 -13 14 32 -12 -3 -18 -1 25 21 23 -23 24 -21 26 27 28 -10 36 31 33 -14 34 -2 -28 37 -22
right_child=1 16 3 4 5 -7 -8 10 19 -11 15 12 13 -15 -16 -17 17 -19 -20 20 29 22 -24 -25 -26 -27 35 -29 -30 -31 -32 -33 -34 -35 -36 -37 -38 -39
leaf_value=0.014062496827866184 0.13755494278522165 -0.068010695876369293 0.94374535927759184 0.63990780335295916 0.18517740607684344 -0.16587876715742875 0.74800004782689833 -0.06178012228900262 0.02065714968630377 -0.0082172702657428223 -0.29912191809797906 1.1929026913877401 0.41081781034662707 -0.17457964039833773 -0.021989727958592855 -0.0011698578720239405 0.48794271686617224 0.03836687882089343 0.59758444464980287 0.055323294970439377 -0.023908693578034088 0.088703989943052314 0.76672406425551665 -0.05424013824415972 0.69940277792902961 0.1260151669397743 -0.11269645322886715 0.36749198911437314 -0.080258908455172889 0.14836656528418385 0.056778412919462375 0.74372492657752687 0.98835523587854412 -0.0022491045252614416 0.70514946603209516 -0.026017069743025447 0.040369531008053565 -0.22252869925179133
leaf_weight=183 228 3172 244 270 623 407 170 6732 21613 1544 1094 147 145 839 457 856 170 19511 207 33085 16618 309 182 3246 145 1594 3636 553 4235 1047 632 145 148 273 176 14465 5302 788
leaf_count=183 228 3172 244 270 623 407 170 6732 21613 1544 1094 147 145 839 457 856 170 19511 207 33085 16618 309 182 3246 145 1594 3636 553 4235 1047 632 145 148 273 176 14465 5302 788
internal_value=0.0174294 0.0536838 0.18336 0.33727 0.236598 0.145849 0.305841 0.00893335 0.0146467 0.0953656 -0.0498604 -0.0225793 0.129436 0.0310473 0.261075 -0.168329 0.0269462 0.0422505 0.323786 0.0135179 0.0283159 0.052011 0.340038 0.0481338 0.058134 -0.00597536 -0.0107031 0.0117341 0.00412278 -0.00855771 0.20536 0.319595 0.702567 0.228745 0.384835 -0.0434287 -0.0157931 -0.0329007
internal_weight=145191 27565 4712 1714 1470 1200 793 117626 107208 2998 10418 8468 1736 1589 750 1950 22853 19681 390 106818 60722 36967 491 36476 33230 46096 44502 26401 25848 23755 1454 822 293 677 404 18101 22708 17406
internal_count=145191 27565 4712 1714 1470 1200 793 117626 107208 2998 10418 8468 1736 1589 750 1950 22853 19681 390 106818 60722 36967 491 36476 33230 46096 44502 26401 25848 23755 1454 822 293 677 404 18101 22708 17406
is_linear=0
shrinkage=0.03


Tree=80
num_leaves=39
num_cat=0
split_feature=204 197 79 208 56 123 208 104 202 193 209 192 141 36 197 197 208 96 165 141 201 193 195 102 95 208 197 56 80 105 208 201 33 204 208 197 201 200
split_gain=67452.3 57676.6 170469 201730 67756 115804 195285 58480.8 70764 89403.9 91151.5 61328.3 54968.5 54616.9 55747.1 47728.7 70767.3 43107.7 37993.5 37137.3 35878 41980.9 34544.9 56104 33428.3 127053 253565 45283.1 32229 29871.2 28714.5 27801.7 26922.7 26673.1 31406.4 25219.3 24873.9 24865.1
threshold=11.000000000000002 992.95001220703136 0.028876786120235923 0.85114607214927684 102.70215988159181 65.266838073730483 0.85114607214927684 54.066667556762702 -0.16504132002592084 40.649999618530281 9.5000000000000018 1.1018337011337282 -5.9417648315429679 509.09477233886724 993.85000610351574 980.35000610351574 -0.12545862048864362 45.736633300781257 6.38519310951233 10.864171981811525 62.500000000000007 14.750000000000002 1.3499999642372134 87.529163360595717 18.611268997192386 0.97461712360382091 993.85000610351574 80.946262359619155 44.312500000000007 130.701286315918 0.58307701349258434 1437.5000000000002 1.0000000180025095e-35 13.000000000000002 0.48877522349357611 989.85000610351574 72.500000000000014 9.5500001907348651
decision_type=2 2 8 2 10 8 2 8 2 2 2 10 8 10 2 2 2 8 2 10 2 2 2 10 8 2 2 8 2 10 2 2 8 2 2 2 2 2
left_child=12 2 3 -2 7 6 -6 8 15 10 -10 -11 13 24 20 16 -4 -3 22 -19 21 -15 28 -24 25 27 -27 -1 29 32 -17 -9 -14 34 37 -22 -35 -7
right_child=1 17 4 -5 5 33 -8 31 9 11 -12 -13 18 14 -16 30 -18 19 -20 -21 35 -23 23 -25 -26 26 -28 -29 -30 -31 -32 -33 -34 36 -36 -37 -38 -39
leaf_value=0.084386628350546375 -0.0050483094029315735 -0.00089118273567991772 0.05731240444650549 1.4192992426147752 0.098939433696029769 0.63152981904199335 1.2747109187256154 0.00286915820432611 0.06765976635195807 0.18902635870233475 0.32729672725214881 1.051460715236944 -0.21850645977942668 0.92627955483739477 -0.14116444996093108 -0.027812513029579451 0.49138230365333319 -0.34031067388349323 -0.22992305908619723 -0.062565029148181961 0.37745132024919065 0.28459175273880505 0.05041529149082663 0.66913452482613867 -0.01324878007520003 1.2276730105764586 -0.25572429710361533 -0.081945116842270668 -0.091360980462890221 0.14354357776088186 0.18379442881196761 -0.10275929392337195 -0.013311545106454501 0.1446891640074911 0.075451824711348953 0.073984292540511559 0.013940308877132625 0.17175012847822987
leaf_weight=5568 181 6468 5537 177 327 244 208 15533 17662 152 1307 145 583 146 355 12976 360 685 766 1179 393 247 642 166 10258 236 185 2003 5148 1082 604 2621 44550 2315 459 661 3015 187
leaf_count=5568 181 6468 5537 177 327 244 208 15533 17662 152 1307 145 583 146 355 12976 360 685 766 1179 393 247 642 166 10258 236 185 2003 5148 1082 604 2621 44550 2315 459 661 3015 187
internal_value=0.0161936 0.0367228 0.0463873 0.699186 0.0427156 0.132546 0.556077 0.0320507 0.0528703 0.0936361 0.0855494 0.610101 -0.00415375 0.0381472 0.195712 0.0125461 0.0838123 -0.0375234 -0.0201769 -0.164635 0.27836 0.522997 -0.0170973 0.177535 0.0225892 0.0685884 0.575832 0.0403814 -0.0201591 -0.0122277 -0.0184007 -0.0123811 -0.0159622 0.0961156 0.248146 0.187139 0.0707292 0.432052
internal_weight=145331 72342 64010 358 63652 6755 535 56897 38743 19266 18969 297 72989 20052 1802 19477 5897 8332 52937 1864 1447 393 52171 808 18250 7992 421 7571 51363 46215 13580 18154 45133 6220 890 1054 5330 431
internal_count=145331 72342 64010 358 63652 6755 535 56897 38743 19266 18969 297 72989 20052 1802 19477 5897 8332 52937 1864 1447 393 52171 808 18250 7992 421 7571 51363 46215 13580 18154 45133 6220 890 1054 5330 431
is_linear=0
shrinkage=0.03


Tree=81
num_leaves=39
num_cat=0
split_feature=204 207 96 207 207 208 191 105 95 206 200 206 208 194 75 199 206 208 207 114 208 194 177 80 123 207 207 207 123 194 200 207 200 204 208 206 185 207
split_gain=62245.9 76224 76108.1 73713.2 144202 310539 302796 73232 65432.4 64729.6 52597.5 94552.2 56183 46366.6 46327.5 96247.2 51676 52810 62413.3 44876.6 47578.1 41650.5 38904 38228.3 37261.2 50465.8 77597.2 41845.6 35259 32702.5 43926.5 31386.1 47495.2 30124.1 43989.6 29623.5 27825.1 24647.1
threshold=3.0000000000000004 -0.36647418141365046 52.650903701782234 -0.54939359426498402 -0.47558552026748652 0.86869874596595775 34.80946350097657 135.28446197509768 38.187152862548835 1.0000000180025095e-35 8.0500001907348651 -0.68301269412040699 0.85114607214927684 7.5000000000000009 4.2409923076629648 248.50000000000003 0.25000000000000011 0.13185577094554904 -0.9413962960243224 203.33466339111331 0.011826144531369211 16.500000000000004 4.3863921165466317 44.312500000000007 21.084873199462894 0.84773966670036327 -0.2603763341903686 0.9937499761581422 58.047098159790046 89.500000000000014 10.84999990463257 -0.99630266427993763 9.7500000000000018 17.000000000000004 -0.91939276456832875 -0.93301269412040699 54.703922271728523 -0.99763298034667958
decision_type=2 2 10 2 2 2 10 10 10 2 2 2 2 2 8 2 2 2 2 8 2 2 2 2 10 2 2 2 10 2 2 2 2 2 2 2 10 2
left_child=22 3 13 8 5 9 -7 33 14 10 11 -5 -12 -3 15 31 19 -18 -19 20 -16 -15 23 -1 -23 26 -26 -27 36 30 -11 -2 -33 -6 -35 -21 -10 -17
right_child=1 2 -4 4 7 6 -8 -9 28 29 12 -13 -14 21 16 37 17 18 -20 35 -22 24 -24 -25 25 27 -28 -29 -30 -31 -32 32 -34 34 -36 -37 -38 -39
leaf_value=-0.0073885384001800341 0.20658731233603336 0.47815044526465 -0.24971600951833628 -0.59846843877841815 0.030893753324232102 0.33576776981884399 2.0283641441985516 -0.28935335844208632 0.013863316958886925 0.92413294311277683 0.067303416829448473 0.36563941040847392 0.62633989221326314 -0.077024455746580484 0.032788109404299749 -0.29081542102959423 0.035458614828489082 0.34012779079394539 0.10471408956951853 0.096731618925257917 0.18233084260439736 -0.007945363735886923 -0.19106880461018605 -0.1447536178126422 -0.16323680682974284 -0.019552247117182255 0.10217585296954804 0.085789416137678862 0.011113113161331593 0.085618824285576392 0.33952085759716633 0.92324057137106108 0.29545720438794532 0.64812759972077127 0.13649107399727492 -0.036014821178579036 -0.20538493809974975 0.092453212957457925
leaf_weight=21307 236 189 1039 240 2676 207 176 528 740 179 797 148 203 4872 8765 184 5067 1433 3463 1762 2450 34336 1248 1994 1077 14446 12471 4436 3084 191 327 237 200 177 1039 10705 1760 842
leaf_count=21307 236 189 1039 240 2676 207 176 528 740 179 797 148 203 4872 8765 184 5067 1433 3463 1762 2450 34336 1248 1994 1077 14446 12471 4436 3084 191 327 237 200 177 1039 10705 1760 842
internal_value=0.0156623 0.0245205 0.00520654 0.0539526 0.144749 0.328444 1.1136 0.0421789 0.0386718 0.184213 0.0657594 -0.230715 0.180793 0.00889411 0.0537491 0.206592 0.0460308 0.103353 0.173617 0.0219155 0.065457 0.00765602 -0.027884 -0.0191437 0.0138353 0.036896 0.0810767 0.00519597 -0.0567597 0.420094 0.546344 0.485384 0.635939 0.0871562 0.210969 -0.0172533 -0.140487 0.0237165
internal_weight=145231 120682 72866 47816 6888 2468 383 4420 40928 2085 1388 388 1000 71827 35344 1699 33645 9963 4896 23682 11215 71638 24549 23301 66766 32430 13548 18882 5584 697 506 673 437 3892 1216 12467 2500 1026
internal_count=145231 120682 72866 47816 6888 2468 383 4420 40928 2085 1388 388 1000 71827 35344 1699 33645 9963 4896 23682 11215 71638 24549 23301 66766 32430 13548 18882 5584 697 506 673 437 3892 1216 12467 2500 1026
is_linear=0
shrinkage=0.03


Tree=82
num_leaves=39
num_cat=0
split_feature=204 99 195 195 79 208 209 105 94 199 55 197 208 208 16 123 123 201 104 208 208 201 104 192 203 181 80 176 122 94 195 193 201 96 199 173 94 96
split_gain=61511.5 48215.3 70478.8 75031.7 60371.3 96308.5 218414 50468.3 48369.4 48391 39480 36880.1 35595.6 169856 32271.3 48615.8 36299.5 30338.3 30264.8 25509.6 77539.7 29034.1 28151.6 24247.7 22956.3 22893.1 21497.3 19784.4 24876.4 19738 18709.2 18395.6 17461.9 23757.5 30891.4 19910.3 17223.2 16990.3
threshold=3.0000000000000004 0.21720981597900393 1.2500000000000002 2.6499999761581425 0.12745653092861178 0.87709078192710888 11.500000000000002 8.9493913650512713 33.087072372436531 262.50000000000006 89.23956680297853 993.54998779296886 0.011826144531369211 0.11478523537516595 109.11672973632814 29.137392997741703 29.137392997741703 147.50000000000003 19.98749923706055 0.82293498516082775 0.87709078192710888 147.50000000000003 44.562221527099616 0.35650572180747991 -0.58068084716796864 58.000000000000007 33.574998855590827 24.144999504089359 68.890625000000014 29.188759803771976 5.3499999046325692 41.850000381469734 102.50000000000001 46.54467964172364 275.50000000000006 668.31500244140636 47.638500213623054 29.455460548400882
decision_type=2 2 2 2 8 2 2 8 8 2 10 2 2 2 10 8 10 2 8 2 2 2 10 8 2 2 2 2 10 10 2 2 2 8 2 2 10 10
left_child=10 27 4 7 5 6 25 -4 9 12 29 17 18 -14 15 -11 -16 -7 -6 22 21 -21 -10 -12 -25 -3 -22 28 31 -1 -5 -2 33 35 -35 -26 -24 -27
right_child=1 2 3 30 8 11 -8 -9 19 14 23 -13 13 -15 16 -17 -18 -19 -20 20 26 -23 36 24 32 37 -28 -29 -30 -31 -32 -33 -34 34 -36 -37 -38 -39
leaf_value=0.0085148531917794441 -2.415976117068078e-05 0.027263926985814587 0.81664084451101504 -0.056234183178220654 0.063008063530743952 0.40205743489360318 1.0676162534408826 0.14993347222882436 -0.021507404164762205 0.042129342460291479 0.26310278061962222 -0.16530745860296309 0.36924771004683199 0.059289708092736947 0.013726723185413403 -0.053202716411145531 0.11833113919340482 -0.00463077410804649 -0.021369886986325037 0.8027806216023442 0.13144349026335586 0.21924539104475455 -0.091399344218336648 0.05877747060095119 -0.082962020577172974 0.14495260401181329 -0.12517413554408346 0.07084354919751211 -0.11663064376203815 -0.065753269271065895 0.33867739189820217 -0.18024462283428794 -0.047061383311561913 0.0043195528260141381 -0.48307700047228558 -0.26649287419202 -0.28211199363556899 0.41299126644036305
leaf_weight=14949 36254 634 286 392 13189 250 287 159 6786 8597 162 751 1853 11261 8773 10942 4526 486 5389 152 483 155 1409 643 1933 476 750 3103 1805 4105 149 517 1485 163 415 734 611 385
leaf_count=14949 36254 634 286 392 13189 250 287 159 6786 8597 162 751 1853 11261 8773 10942 4526 486 5389 152 483 155 1409 643 1933 476 750 3103 1805 4105 149 517 1485 163 415 734 611 385
internal_value=0.0152775 0.0240807 0.0378353 0.289886 0.034655 0.160852 0.309598 0.578433 0.0291453 0.0388001 -0.0279738 -0.017404 0.0652446 0.103087 0.0132784 -0.0112574 0.0493264 0.133513 0.0385322 -0.0310732 0.0815724 0.508179 -0.0507728 -0.0985037 -0.109407 0.164073 -0.0246494 -0.00203353 -0.00789569 -0.0074855 0.052534 -0.00255811 -0.13227 -0.171264 -0.345629 -0.133473 -0.149086 0.264811
internal_weight=145399 120810 79131 986 78145 3269 1782 445 74876 64530 24589 1487 31692 13114 32838 19539 13299 736 18578 10346 1540 307 8806 5535 5373 1495 1233 41679 38576 19054 541 36771 4730 3245 578 2667 2020 861
internal_count=145399 120810 79131 986 78145 3269 1782 445 74876 64530 24589 1487 31692 13114 32838 19539 13299 736 18578 10346 1540 307 8806 5535 5373 1495 1233 41679 38576 19054 541 36771 4730 3245 578 2667 2020 861
is_linear=0
shrinkage=0.03


Tree=83
num_leaves=39
num_cat=0
split_feature=204 81 114 201 193 194 199 204 184 97 74 201 194 199 194 203 194 185 197 181 139 208 208 208 208 59 198 208 199 79 194 199 193 36 197 200 208 74
split_gain=59900.3 41268.3 42259.8 57463.8 85240.9 36407.3 91830.5 43924.6 68899.4 42737.7 33243.7 30925.4 39526.4 46108.9 43386.6 34065.9 38926.9 48714.2 32014.4 28604.7 30931.6 27483.7 26961.1 85362.3 27012.1 25850.2 36408.4 76068.2 41123.6 29546.2 25777.6 25654.2 25277.9 24912.6 24859.4 26215.9 27057.6 24796.6
threshold=19.000000000000004 44.312500000000007 341.22982788085943 67.500000000000014 12.550000190734865 21.500000000000004 347.50000000000006 11.000000000000002 0.1899911165237427 4.6426730155944833 48.520259857177741 147.50000000000003 59.500000000000007 335.50000000000006 94.500000000000014 0.87878364324569713 57.500000000000007 103.50000000000001 993.85000610351574 12.000000000000002 40.737501144409187 0.42763730883598333 0.10623887926340105 0.054805127903819091 0.24164313822984698 0.30168960988521581 2.8500000238418584 0.86004966497421276 337.50000000000006 0.18192715942859652 8.5000000000000018 251.50000000000003 31.250000000000004 514.82324218750011 993.54998779296886 14.550000190734865 0.46611291170120245 17.896309852600101
decision_type=2 2 10 2 2 2 2 2 8 2 10 2 2 2 2 2 2 8 2 2 10 2 2 2 2 10 2 2 2 10 2 2 2 8 2 2 2 10
left_child=1 2 5 4 -4 6 30 8 -7 -9 -10 12 13 15 32 16 18 -18 -2 20 -3 -5 23 -11 -24 -21 27 -27 29 -28 -1 -6 37 -12 35 36 -23 -14
right_child=11 19 3 21 31 7 -8 9 10 22 33 -13 14 -15 -16 -17 17 -19 -20 25 -22 34 24 -25 -26 26 28 -29 -30 -31 -32 -33 -34 -35 -36 -37 -38 -39
leaf_value=-0.38708605467910995 0.15292803140208353 0.027631848002947854 0.82942960695667012 -0.14908830560506722 0.29059585721804454 0.51367305016903519 0.6648691939980651 -0.0017045364537676658 -0.00015438903434766537 0.079096929521370471 -0.21021122213822921 0.018867968108514308 -0.0025956275319347429 0.52821378778028505 0.50919117079080434 -0.12080964337570081 0.86120485114721279 0.19879677623904474 -0.22615470801158882 -0.10694197208851663 0.49378661299448023 0.02274927996433301 -0.091456992655103278 0.45110130654284974 0.050409944554423054 -0.08075968492456792 -0.21671304949108974 0.68134933953138943 0.38281103278740697 -0.012554510546662078 -0.056543617606999205 -0.027291955247501522 0.30315710307149263 -0.00022059064712293841 -0.063635021436911243 -0.035683549288600208 0.27634326280143773 0.10563842064749658
leaf_weight=218 3177 627 210 580 562 232 158 13862 59490 10230 1210 10232 5816 287 183 421 153 288 214 5572 161 578 1382 587 9589 283 861 202 195 2463 8166 385 323 877 847 649 1098 2833
leaf_count=218 3177 627 210 580 562 232 158 13862 59490 10230 1210 10232 5816 287 183 421 153 288 214 5572 161 578 1382 587 9589 283 861 202 195 2463 8166 385 323 877 847 649 1098 2833
internal_value=0.014946 0.00638724 0.0117369 0.0977882 0.282623 0.00775175 -0.0516352 0.0129569 -0.0023388 0.0394761 -0.00428303 0.0583261 0.0878066 0.160181 0.0519156 0.135344 0.163487 0.428626 0.129004 -0.0508616 0.122879 0.0407901 0.0656761 0.0992847 0.0325391 -0.0651588 -0.0070127 0.236661 -0.0405973 -0.0654373 -0.0651388 0.16136 0.0425881 -0.121969 0.0755099 0.126201 0.188887 0.0328567
internal_weight=145201 121274 110910 4909 1157 106001 8542 97459 61809 35650 61577 23927 13695 4540 9155 4253 3832 441 3391 10364 788 3752 21788 10817 10971 9576 4004 485 3519 3324 8384 947 8972 2087 3172 2325 1676 8649
internal_count=145201 121274 110910 4909 1157 106001 8542 97459 61809 35650 61577 23927 13695 4540 9155 4253 3832 441 3391 10364 788 3752 21788 10817 10971 9576 4004 485 3519 3324 8384 947 8972 2087 3172 2325 1676 8649
is_linear=0
shrinkage=0.03


Tree=84
num_leaves=39
num_cat=0
split_feature=94 171 59 209 197 201 209 183 197 76 202 201 203 203 165 132 56 132 95 205 141 197 200 201 201 184 105 114 55 37 201 181 114 199 114 199 203 14
split_gain=45232.9 45778.6 54907.2 45129.1 289794 155360 44214 56098.7 54415.2 75259.3 97626.3 95257.3 89866.3 49950.7 42152.7 39368.3 37151.4 36440.3 35254.5 33173.4 33655.8 33046.4 31264.7 60319.2 30027.2 130971 46719.9 31361.2 32996.2 29489.9 49032.9 28051.1 51606.1 26952.3 26774.5 27101.7 25463 25264.8
threshold=30.253642082214359 1.6845436692237856 0.27368308603763586 11.500000000000002 991.95001220703136 92.500000000000014 4.5000000000000009 163.51499938964847 983.75000000000011 21.274952888488773 0.93038213253021251 137.50000000000003 0.98897820711135875 -0.87878364324569691 2.3502402305603032 -69.531230926513658 103.93614959716798 -53.323804855346673 38.187152862548835 -1.0000000180025095e-35 -8.344167232513426 982.25000000000011 2.6499999761581425 197.50000000000003 72.500000000000014 0.36999519169330602 155.36610412597659 186.82655334472659 106.21556854248048 119.8531951904297 132.50000000000003 52.000000000000007 194.60375976562503 342.50000000000006 -253.84262084960935 131.50000000000003 0.7933231294155122 100.574275970459
decision_type=10 2 10 2 2 2 2 8 2 10 2 2 2 2 2 10 10 10 10 2 10 2 2 2 2 8 10 8 10 10 2 2 10 2 8 2 2 10
left_child=6 18 21 36 5 -5 8 14 9 10 15 -12 13 -11 19 -1 -9 -10 31 20 -8 -3 23 -16 25 -24 -27 -26 -29 -6 -31 32 34 -23 35 -2 -4 -33
right_child=1 2 3 4 29 -7 7 16 17 12 11 -13 -14 -15 22 -17 -18 -19 -20 -21 -22 33 24 -25 27 26 -28 28 -30 30 -32 37 -34 -35 -36 -37 -38 -39
leaf_value=0.063580283146594932 0.42373086113857711 -0.37640981132779211 0.081916699562271891 0.33319935397370715 0.11687891008940768 1.574863470917905 -0.01224854297209939 -0.031686932956693989 -0.023688151823157234 0.48319744026380945 0.95973477343780733 0.14522690059566484 0.66691944341906428 -0.071537266180481215 0.72714987072920845 0.350316130539505 0.05831239577018503 0.11834462005400481 -0.10256674795860569 0.012175725973719378 0.098191096446523754 -0.038827070567095355 0.86623546232108495 0.0090134325868839165 0.12161008118579629 0.089784845808285108 0.60142738438506937 -0.0016725514025470172 0.2055142923854297 0.19296138539684254 -0.49261196540254465 -0.015173683999035415 0.22495785202623381 0.34429105457275772 -0.038542355428147622 0.019139776659267038 -0.10698703570223604 -0.11371460787119697
leaf_weight=2973 240 253 4056 177 513 186 3239 13685 32983 152 255 262 164 3750 201 504 5911 1710 6039 20171 10646 4213 226 221 5238 2910 170 5772 786 153 243 7674 1068 172 3713 393 763 3370
leaf_count=2973 240 253 4056 177 513 186 3239 13685 32983 152 255 262 164 3750 201 504 5911 1710 6039 20171 10646 4213 226 221 5238 2910 170 5772 786 153 243 7674 1068 172 3713 393 763 3370
internal_value=0.0144859 -0.0162514 0.0347399 0.0939611 0.252903 0.969449 0.0236102 0.0384331 -0.000373964 0.0698445 0.162338 0.546978 -0.0210115 -0.0499267 0.0554175 0.105144 -0.00453921 -0.0166874 -0.0405695 0.0367414 0.0724285 -0.0430341 0.0963884 0.351074 0.0892715 0.169177 0.118027 0.0668766 0.0231597 -0.033249 -0.227732 -0.0178206 0.0381179 -0.0237986 -0.00779701 0.172544 0.052007 -0.0452429
internal_weight=145155 33226 10729 6091 1272 363 111929 69176 42753 8060 3994 517 4066 3902 49580 3477 19596 34693 22497 34056 13885 4638 15524 422 15102 3306 3080 11796 6558 909 396 16458 5414 4385 4346 633 4819 11044
internal_count=145155 33226 10729 6091 1272 363 111929 69176 42753 8060 3994 517 4066 3902 49580 3477 19596 34693 22497 34056 13885 4638 15524 422 15102 3306 3080 11796 6558 909 396 16458 5414 4385 4346 633 4819 11044
is_linear=0
shrinkage=0.03


Tree=85
num_leaves=39
num_cat=0
split_feature=207 208 202 184 205 208 207 207 194 207 193 80 197 113 197 199 199 197 139 194 194 123 193 199 207 195 132 36 202 199 196 174 197 194 207 197 208 207
split_gain=46574.7 68205.9 220200 248562 131817 67832.9 112035 63928.4 63879 79142.2 62590.7 74100.1 83380.8 58553.4 57611.2 52026.8 55278 48656.2 46460.9 42800.8 41400.1 46505.2 104782 87322.2 93066.3 42195 31584.3 33121.7 29787 76439.7 121002 63472.5 54933.1 29776.1 53110.8 62832.7 46053.1 128482
threshold=-0.38242425024509424 0.83258596062660228 -0.38266885280609125 2.1830942630767827 0.25000000000000011 0.79253265261650097 -0.5917624533176421 -0.26866367459297175 67.500000000000014 -0.49064628779888148 24.750000000000004 43.074998855590827 991.85000610351574 25.448369979858402 992.54998779296886 330.50000000000006 300.50000000000006 992.45001220703136 11.275000095367433 7.5000000000000009 22.500000000000004 21.084873199462894 11.150000095367433 101.50000000000001 -0.056952163577079766 1.3499999642372134 -53.323804855346673 87.70597076416017 0.83385404944419872 74.500000000000014 1.0000000180025095e-35 5.385209560394288 992.85000610351574 54.500000000000007 -0.81923159956932057 979.04998779296886 0.011826144531369211 -0.99940761923789967
decision_type=2 2 2 8 2 2 2 2 2 2 2 2 2 10 2 2 2 2 8 2 2 10 2 2 2 2 10 8 2 2 2 2 2 2 2 2 2 2
left_child=1 5 8 4 -4 18 -7 13 10 17 11 -3 -13 -2 -14 16 -8 -10 33 -9 -21 26 -23 24 -24 -25 27 -22 -20 30 31 -30 -31 34 35 -1 -35 -38
right_child=7 2 3 -5 -6 6 15 19 9 -11 -12 12 14 -15 -16 -17 -18 -19 28 20 21 22 23 25 -26 -27 -28 -29 29 32 -32 -33 -34 36 -36 -37 37 -39
leaf_value=0.52770035272390281 -0.011133746125722791 0.10961585977165639 1.5814175102156676 0.02855638217885631 0.46057778738433314 -0.67136071022799837 -0.046987659749107666 0.46502630456153848 0.30763369339215829 0.057567193993933979 0.51181502708795412 -0.86404497638676203 0.40490067695035675 -0.18507670991418312 -0.19324195509801867 -0.44582443932817639 0.56368842590670898 1.0236018662039772 -0.0098164168075560356 -0.047869998970056185 0.092948549650683346 0.619198733403167 0.82408591234641915 0.0070890486114231939 0.11167460874334255 0.38965381399238413 0.1169133171060126 -0.023073613782938596 0.37935358393546448 -0.0016888322351839744 0.041834277258684605 1.2595273597545065 0.55234609782644439 0.043633724369720121 0.17063676964004626 -0.053530463520191522 0.83315121391258751 0.12011619104848467
leaf_weight=173 4057 1434 237 341 157 323 663 184 186 556 195 150 166 3052 1141 217 167 158 22689 10747 2381 279 169 26815 7017 262 1717 31664 146 3897 449 149 168 10101 1441 5154 236 6263
leaf_count=173 4057 1434 237 341 157 323 663 184 186 556 195 150 166 3052 1141 217 167 158 22689 10747 2381 279 169 26815 7017 262 1717 31664 146 3897 449 149 168 10101 1441 5154 236 6263
internal_value=0.014095 0.0352482 0.144449 0.621577 1.13481 0.0253788 -0.18293 0.000457112 0.0564677 0.278853 -0.00838907 -0.0434789 -0.194157 -0.0858103 -0.11727 -0.0322443 0.0758878 0.6365 0.0309893 0.00800652 0.00696894 0.0153519 0.0401786 0.0354635 0.12843 0.0107909 -0.00862786 -0.0149594 0.00455844 0.0723794 0.351952 0.823943 0.0212097 0.0620915 0.00905581 -0.0346534 0.0837148 0.14601
internal_weight=145301 56957 4721 735 394 52236 1370 88344 3986 900 3086 2891 1457 7109 1307 1047 830 344 50866 81235 81051 70304 34542 34263 7186 27077 35762 34045 27498 4809 744 295 4065 23368 6768 5327 16600 6499
internal_count=145301 56957 4721 735 394 52236 1370 88344 3986 900 3086 2891 1457 7109 1307 1047 830 344 50866 81235 81051 70304 34542 34263 7186 27077 35762 34045 27498 4809 744 295 4065 23368 6768 5327 16600 6499
is_linear=0
shrinkage=0.03


Tree=86
num_leaves=39
num_cat=0
split_feature=204 207 206 207 193 114 207 194 207 207 194 199 204 201 193 207 207 204 193 197 194 194 56 207 207 193 95 201 201 207 141 199 138 56 56 201 194 193
split_gain=54604 66264.9 70510.6 62700.5 50750.8 56163.2 48537.5 49134.9 45661.4 99775 88630.4 51777.4 149478 127487 49550.4 43735.5 169261 109550 52383.4 44172.3 43388.6 40009.3 40358.4 75217.3 159757 47791 38003.3 37427.9 46306.5 86263.4 64823 36737.9 36670 35699.1 34513.6 59910.9 111678 35530.8
threshold=3.0000000000000004 -0.36647418141365046 0.25000000000000011 -0.26866367459297175 12.750000000000002 213.34575653076175 -0.46038399636745447 80.500000000000014 -0.56368473172187794 -0.47558552026748652 62.500000000000007 74.500000000000014 19.000000000000004 32.500000000000007 29.550000190734867 -0.99372696876525868 -0.99630266427993763 15.000000000000002 30.94999980926514 989.95001220703136 7.5000000000000009 22.500000000000004 66.388950347900405 -0.17647087574005124 -0.19337636232376096 32.45000076293946 18.810016632080082 57.500000000000007 72.500000000000014 0.96687895059585582 -19.520685195922848 56.500000000000007 29.547916412353519 78.991821289062514 89.359912872314467 297.50000000000006 50.500000000000007 19.44999980926514
decision_type=2 2 2 2 2 8 2 2 2 2 2 2 2 2 2 2 2 2 2 2 2 2 10 2 2 2 8 2 2 2 8 2 10 10 8 2 2 2
left_child=27 2 4 32 6 15 7 -2 11 10 -10 12 13 -4 -11 16 18 -18 -6 -17 -5 -22 25 24 -24 26 -23 -1 29 30 -29 -14 -3 -25 -7 37 -37 -36
right_child=1 3 8 20 5 34 -8 -9 9 14 -12 -13 31 -15 -16 19 17 -19 -20 -21 21 22 23 33 -26 -27 -28 28 -30 -31 -32 -33 -34 -35 35 36 -38 -39
leaf_value=-0.085009858401799282 0.96390679266158186 -0.028094718935234391 1.3893848337131822 0.467928964895368 0.23217443812001448 -0.059640469785515668 0.031860160356984628 0.20367281148602148 1.1517361551609966 -0.019857916298486357 0.34535435735848319 0.053078989036919252 0.04811572586014809 0.27691789565970998 0.41383839893211272 0.023487137332961903 0.37872117829948793 1.299195464033998 -0.10253899230990426 0.2168464707611428 -0.044594376591855271 0.03979730877657451 0.10606266251373513 0.074625322226672383 0.89519857622867638 0.085023139064967806 -0.035256007673774736 0.67205161989875006 -0.021884653246376146 0.72160245635430875 0.017102165356543235 0.40626745141366261 -0.18895066798838481 -0.0045052643597958512 0.039874660075203738 0.055811780863526346 0.61083523635092962 -0.12962108853811335
leaf_weight=7144 145 3009 163 187 694 8352 313 162 157 1008 561 9700 1635 215 310 11562 486 153 1069 1171 10139 8432 1198 10792 286 5104 21693 147 15260 199 1817 306 2214 9782 1967 4812 350 2564
leaf_count=7144 145 3009 163 187 694 8352 313 162 157 1008 561 9700 1635 215 310 11562 486 153 1069 1171 10139 8432 1198 10792 286 5104 21693 147 15260 199 1817 306 2214 9782 1967 4812 350 2564
internal_value=0.013586 0.0218846 0.0493088 0.00386616 0.0258264 0.0208013 0.294747 0.562761 0.10578 0.237159 0.521693 0.0835245 0.210872 0.756656 0.0821515 0.0634196 0.180835 0.599133 0.0292203 0.0412698 0.0116024 0.0103367 0.0200588 0.0518808 0.258152 0.000134017 -0.0142485 -0.0271825 -0.0034713 0.126435 0.0661265 0.10458 -0.0962809 0.0370023 -0.0149442 0.0235685 0.0934452 -0.0560395
internal_weight=145258 120691 47855 72836 33800 33180 620 307 14055 2036 718 12019 2319 378 1318 15135 2402 639 1763 12733 67613 67426 57287 22058 1484 35229 30125 24567 17423 2163 1964 1941 5223 20574 18045 9693 5162 4531
internal_count=145258 120691 47855 72836 33800 33180 620 307 14055 2036 718 12019 2319 378 1318 15135 2402 639 1763 12733 67613 67426 57287 22058 1484 35229 30125 24567 17423 2163 1964 1941 5223 20574 18045 9693 5162 4531
is_linear=0
shrinkage=0.03


Tree=87
num_leaves=39
num_cat=0
split_feature=204 207 207 197 95 114 184 97 207 194 141 199 201 194 114 105 201 201 197 196 197 207 201 199 199 36 194 194 207 204 194 75 36 176 191 114 123 197
split_gain=53721.1 60409.2 90978.8 185939 508877 76654.9 60047.4 55073.8 49251 44766.7 47053.5 41012.5 112383 50170.3 37304.6 36054.3 44089.5 35655.3 35207.4 94144.8 96548.5 37030 32371.3 29531.1 114162 202753 72293.1 31949.1 44668.2 58441.2 37433.7 29453.4 27880.9 27721.8 26979 26807.2 26281.4 49725
threshold=11.000000000000002 -0.36647418141365046 -0.52032786607742298 991.95001220703136 40.380588531494148 213.34575653076175 0.1899911165237427 13.799117565155031 -0.26866367459297175 93.500000000000014 6.3209238052368173 353.50000000000006 1322.5000000000002 16.500000000000004 315.12037658691412 123.44343948364259 52.500000000000007 155.62500000000003 983.75000000000011 25.500000000000004 985.95001220703136 -0.96689236164093006 792.50000000000011 76.500000000000014 63.500000000000007 449.30375671386724 76.500000000000014 66.500000000000014 -0.94705909490585316 3.0000000000000004 82.500000000000014 14.608035087585451 101.3308448791504 38.974998474121101 23.912512779235843 404.42735290527349 20.527999877929691 983.75000000000011
decision_type=2 2 2 2 10 10 8 2 2 2 8 2 2 2 10 10 2 2 2 2 2 2 2 2 2 10 2 2 2 2 2 10 8 2 10 10 10 2
left_child=6 2 5 4 32 9 -1 23 -3 18 -11 13 -13 -10 -5 33 -17 -7 -2 21 -21 -20 -16 24 27 26 31 -8 29 -29 -30 -26 -4 -9 -19 -25 -15 -38
right_child=1 8 3 14 -6 17 7 15 11 10 -12 12 -14 36 22 16 -18 34 19 20 -22 -23 -24 35 25 -27 -28 28 30 -31 -32 -33 -34 -35 -36 -37 37 -39
leaf_value=0.47577466676943625 0.031183227627252869 -0.10363402128215975 0.33798826390347209 0.037852698764234471 1.5201930566361836 0.058312704838125229 -0.10180543277864118 -0.074220963007698967 -0.080060921344195152 0.75794604614853989 0.0341880904902137 0.057695926581661998 0.94699874410893825 0.00051647348437337608 -0.52828354057453386 0.43480988414497362 -0.0065073655303302573 -0.42689854263839089 -0.041139357467245077 0.67713048104051388 0.11835748127658473 0.11276000598380159 0.024842159530874174 -0.0042319015614078505 0.21125148461800125 1.3958293934443811 -0.045143255507390172 -0.1825813928692808 0.15829388671728498 0.51368997007761641 -0.076936316192060192 0.78329089598679613 0.094697002842883377 -0.22990330160217165 -0.089978947697655104 0.25059123193923416 0.11140811791224788 0.0089162957617533421
leaf_weight=233 10992 3214 711 900 305 1618 1581 7352 4524 174 151 671 158 17920 242 238 1415 229 1888 503 623 5524 157 56484 146 146 497 152 981 379 1605 182 1050 1197 3243 374 7379 10080
leaf_count=233 10992 3214 711 900 305 1618 1581 7352 4524 174 151 671 158 17920 242 238 1415 229 1888 503 623 5524 157 56484 146 146 497 152 981 379 1605 182 1050 1197 3243 374 7379 10080
internal_value=0.013108 0.0314436 0.0656199 0.212047 0.388875 0.0458673 -0.0050502 -0.00659068 0.00942716 0.0724944 0.421689 0.0183484 0.227198 0.0140094 -0.0691916 -0.0712202 0.0570356 -0.0579991 0.0666832 0.112387 0.367973 0.0735584 -0.310641 0.00395438 0.0692478 0.365371 0.182997 0.00804328 0.0637608 0.31438 0.0122984 0.528678 0.192927 -0.0960193 -0.112202 -0.00255568 0.0260384 0.0522343
internal_weight=145218 72256 28310 3365 2066 24945 72962 72729 43946 19855 325 40732 829 39903 1299 10202 1653 5090 19530 8538 1126 7412 399 62527 5669 971 825 4698 3117 531 2586 328 1761 8549 3472 56858 35379 17459
internal_count=145218 72256 28310 3365 2066 24945 72962 72729 43946 19855 325 40732 829 39903 1299 10202 1653 5090 19530 8538 1126 7412 399 62527 5669 971 825 4698 3117 531 2586 328 1761 8549 3472 56858 35379 17459
is_linear=0
shrinkage=0.03


Tree=88
num_leaves=39
num_cat=0
split_feature=93 207 123 207 197 207 200 199 199 55 197 203 138 207 207 193 196 197 199 201 205 207 14 197 197 207 197 207 203 199 199 199 201 207 207 193 205 205
split_gain=42663.5 46469.4 91108.8 49425 47080.4 62210.7 112241 46995.7 43941.8 49988.9 43329.2 42960.5 37608.8 35899.1 247153 37208.2 34825.1 36525 33149.8 32083.4 81556.4 40982.5 31700 35611.2 30808.3 70040.5 77595 61609 67971.1 55569.7 47108.5 37930.2 92255.4 33399.3 80064.8 36847.9 30378.9 29496.5
threshold=43.666000366210945 -0.36647418141365046 30.413567543029789 -0.26866367459297175 992.95001220703136 -0.50556187331676472 14.34999990463257 248.50000000000003 217.50000000000003 20.443764686584476 982.25000000000011 0.608738273382187 28.852083206176761 -0.47558552026748652 -0.49064628779888148 12.550000190734865 71.500000000000014 985.64999389648449 326.50000000000006 32.500000000000007 0.68301269412040722 -0.8978554606437682 388.54292297363287 990.75000000000011 984.14999389648449 -0.17647087574005124 990.85000610351574 0.99168354272842418 0.84335932135581981 104.50000000000001 276.50000000000006 353.50000000000006 1287.5000000000002 0.87811094522476207 0.75014290213584911 19.750000000000004 0.68301269412040722 -1.0000000180025095e-35
decision_type=10 2 10 2 2 2 2 2 2 8 2 2 10 2 2 2 2 2 2 2 2 2 10 2 2 2 2 2 2 2 2 2 2 2 2 2 2 2
left_child=1 2 7 12 5 -4 -7 8 9 10 -1 -12 -3 14 15 -2 17 -10 -6 20 -11 -21 24 -24 27 26 -26 31 29 -29 -28 -5 -33 34 -27 -35 -18 -9
right_child=13 3 4 22 18 6 -8 37 16 19 11 -13 -14 -15 -16 -17 36 -19 -20 21 -22 -23 23 -25 25 33 30 28 -30 -31 -32 32 -34 35 -36 -37 -38 -39
leaf_value=-0.18344723738673338 0.33384247497044656 -0.015988272860222821 0.20017159159600068 0.015104790396373143 0.099501488567240837 1.2008710840158405 0.062018248708916889 0.041390653933180095 -0.030584800712846461 0.047887437366045102 0.24619328581042732 0.81189584223633615 -0.1695337136634105 -0.11460697786676455 0.93357174275365351 -0.047516823579269632 0.65406110539081286 0.38288912604639491 -0.33756605400491119 -0.031427434364687028 0.42925412334987789 0.062128580632258186 0.61299996617249175 0.10209368376729733 0.86428499105769019 -0.016326750141453503 0.45862911282824614 0.4723874421123036 -0.28848340794646965 0.13557662774803173 0.0030437289782030263 -0.10573988097880697 0.90489342609452583 -0.14798034555384212 0.13836861059038827 -0.026657817980161751 0.17522320598476207 -0.030511107643773565
leaf_weight=162 238 3488 2159 32929 1920 162 150 8245 563 2415 621 150 2440 4024 245 7069 255 292 170 7371 638 9839 151 657 147 15856 281 599 259 1670 748 185 145 2560 3717 18791 224 13613
leaf_count=162 238 3488 2159 32929 1920 162 150 8245 563 2415 621 150 2440 4024 245 7069 255 292 170 7371 638 9839 151 657 147 15856 281 599 259 1670 748 185 145 2560 3717 18791 224 13613
internal_value=0.0130162 0.0178043 0.0410702 0.00434646 0.168753 0.257396 0.653365 0.0279503 0.0583551 0.0478444 0.262548 0.356261 -0.0791887 -0.0422326 -0.00366851 -0.0350949 0.225359 0.110627 0.063949 0.0379583 0.127585 0.0220588 0.0106391 0.197579 0.00869973 -0.00869604 0.219568 0.0291642 0.171937 0.224494 0.127459 0.0183121 0.338338 -0.0152556 0.0130506 -0.0412046 0.430146 -0.00338921
internal_weight=145148 133572 48949 84623 4561 2471 312 44388 22530 21196 933 771 5928 11576 7552 7307 1334 855 2090 20263 3053 17210 78695 808 77887 42100 1176 35787 2528 2269 1029 33259 330 40924 19573 21351 479 21858
internal_count=145148 133572 48949 84623 4561 2471 312 44388 22530 21196 933 771 5928 11576 7552 7307 1334 855 2090 20263 3053 17210 78695 808 77887 42100 1176 35787 2528 2269 1029 33259 330 40924 19573 21351 479 21858
is_linear=0
shrinkage=0.03


Tree=89
num_leaves=39
num_cat=0
split_feature=194 94 209 111 96 194 56 170 207 207 193 197 197 79 197 132 208 208 132 80 95 36 201 184 201 201 193 203 197 192 201 208 200 207 201 114 201 207
split_gain=49137.5 44534.6 39880.1 57108.2 46807.3 54947.9 44383.2 38473.1 58089.8 301649 44417.3 35462.5 45348.4 32402.3 72185.7 43642.9 31708.6 30581.5 30383.1 29834.6 29574.2 28844.8 28958.3 40607 39881.7 29781.6 27238.1 27096.7 26475.7 43557.3 130087 27504.5 25085.4 27188.8 22212.9 21607.9 26731.5 20898.8
threshold=7.5000000000000009 30.253642082214359 4.5000000000000009 104.07291793823244 13.614706039428713 23.500000000000004 130.58855438232425 4.3900001049041757 -0.47558552026748652 -0.49064628779888148 12.550000190734865 984.64999389648449 982.95001220703136 0.81385299563407909 983.75000000000011 -53.681190490722649 -0.15101602673530576 0.58307701349258434 -82.184940338134751 45.487499237060554 38.187152862548835 479.31156921386724 372.50000000000006 1.3523712158203127 422.50000000000006 37.500000000000007 20.250000000000004 -0.97233289480209339 993.54998779296886 0.32181751728057867 155.62500000000003 -0.96687281131744374 14.449999809265138 -0.60554069280624379 112.50000000000001 5.7214286327362069 42.500000000000007 0.9970000982284547
decision_type=2 10 2 10 8 2 10 2 2 2 2 2 2 8 2 8 2 2 10 2 10 8 2 10 2 2 2 2 2 10 2 2 2 2 2 10 2 2
left_child=-1 2 4 21 5 -2 28 20 9 10 -9 12 -7 14 37 16 -16 -13 -14 -10 -3 26 23 25 -24 -23 -4 -15 29 30 -5 -31 33 -12 -30 36 -28 -6
right_child=1 7 3 6 13 11 -8 8 19 -11 32 17 18 27 15 -17 -18 -19 -20 -21 -22 22 24 -25 -26 -27 35 -29 34 31 -32 -33 -34 -35 -36 -37 -38 -39
leaf_value=0.49998599605787014 -0.067416624623037005 -0.019864196670250703 -0.091837269180488179 1.0800874491096344 0.10083446372525652 0.15031107335705648 0.47017502217521112 0.4535055491435071 -0.0027822120745797136 1.0486268995775641 0.027478331811077839 0.041124483475921403 0.92292587778550494 0.33077809523056895 0.12783412500055688 0.097008440364344917 -0.035576294934832609 0.34092196773720973 0.32440041663949876 -0.1715002282325106 -0.09746091145555856 0.11373037609492589 0.53019619309583998 0.44682621995693617 0.11673745615923975 -0.035221415174778024 0.070144843263683712 -0.068059328884169629 -0.27369586245217586 -0.024067376331780202 -0.15507950119407679 0.078325440396330465 0.11990090921238743 -0.15530639109378955 0.029368511748425835 0.045513335005556883 -0.020555592844913727 0.32491048661703914
leaf_weight=186 1165 16449 2549 145 3399 393 247 227 2976 280 3164 1328 160 156 1123 2835 22103 398 146 1381 6045 1870 242 206 1586 3413 3455 8857 366 2641 163 22274 1782 953 537 10487 19045 421
leaf_count=186 1165 16449 2549 145 3399 393 247 227 2976 280 3164 1328 160 156 1123 2835 22103 398 146 1381 6045 1870 242 206 1586 3413 3455 8857 366 2641 163 22274 1782 953 537 10487 19045 421
internal_value=0.0127024 0.0120771 0.0211497 0.0351918 -0.0017313 0.101916 0.0699251 -0.0183976 0.0282495 0.0857279 0.0417153 0.183266 0.363538 -0.0112982 0.0037403 -0.0141116 -0.0276752 0.110257 0.637375 -0.0562596 -0.0407175 0.0138158 0.0680573 0.0336156 0.171476 0.0175024 0.00264729 -0.0611557 0.0661409 0.0718551 0.426425 0.0674717 0.0258684 -0.0148327 -0.0934693 0.00994841 -0.006628 0.125531
internal_weight=145153 144967 111710 69226 42484 3590 26373 33257 10763 6406 6126 2425 699 38894 29881 26061 23226 1726 306 4357 22494 42853 7317 5489 1828 5283 35536 9013 26126 25223 308 24915 5899 4117 903 32987 22500 3820
internal_count=145153 144967 111710 69226 42484 3590 26373 33257 10763 6406 6126 2425 699 38894 29881 26061 23226 1726 306 4357 22494 42853 7317 5489 1828 5283 35536 9013 26126 25223 308 24915 5899 4117 903 32987 22500 3820
is_linear=0
shrinkage=0.03


Tree=90
num_leaves=39
num_cat=0
split_feature=204 207 207 198 4 194 105 80 194 199 74 99 105 197 129 200 204 194 105 207 198 200 187 94 207 132 207 207 184 194 204 207 69 200 199 184 194 132
split_gain=48431.9 41235.4 55807.9 120916 82939.1 41326.1 42985.9 39266.9 31054 111363 32738.4 34961.6 49383.9 151076 230322 98610.5 39400.9 31851.4 26758.7 26491.4 49770.4 51595.9 25718.3 25689.3 25093.1 23252.1 22944.2 31914.5 28148.5 22682.4 22629.7 26717.8 24872.1 32991 27644.6 24212.7 24210.1 21820.3
threshold=19.000000000000004 -0.36647418141365046 -0.54939359426498402 4.4500000476837167 76.375000000000014 93.500000000000014 10.1570200920105 44.312500000000007 21.500000000000004 353.50000000000006 54.242467880249031 0.21238681674003604 128.37414550781253 989.95001220703136 86.770832061767592 4.0499999523162851 11.000000000000002 8.5000000000000018 -23.867772102355953 -0.39826117455959315 1.2500000000000002 3.9500000476837163 23.050000190734867 41.071020126342781 -0.41398024559020991 -84.954505920410142 0.25206111371517187 0.30164402723312383 0.93449658155441295 55.500000000000007 3.0000000000000004 -0.98803845047950734 16.829000473022464 4.1499998569488534 337.50000000000006 0.27514642477035528 67.500000000000014 -100.12878036499022
decision_type=2 2 2 2 10 2 8 2 2 2 10 2 10 2 10 2 2 2 8 2 2 2 10 10 2 8 2 2 8 2 2 2 10 2 2 8 2 10
left_child=7 2 5 4 -4 25 -7 8 9 17 11 19 16 14 -14 -15 22 -1 -18 20 21 -10 -13 -5 -22 -2 -3 28 -28 -12 -9 -32 35 -34 36 -33 -35 -21
right_child=1 26 3 23 -6 6 -8 30 10 -11 29 12 13 15 -16 -17 18 -19 -20 37 24 -23 -24 -25 -26 -27 27 -29 -30 -31 31 32 33 34 -36 -37 -38 -39
leaf_value=-0.40934597990203808 -0.16259644813051286 -0.02814871106704828 0.36087043448260459 0.22224287409005333 1.3146870503378651 0.78036402878957889 0.073112345182815064 -0.13934011339711944 0.80846790447211092 0.76235459969604158 0.024927126620438122 -0.0295603226043392 0.19954424300820814 0.54428897275102017 1.5807525158544862 0.01365765794453839 0.13884415988207885 -0.049869486836737288 0.042283410831972151 0.012552837053259706 0.013606347770546128 0.026740439971772646 0.022357948815191035 -0.10799651260943574 0.28297584567591372 0.069790057578718076 0.65234003681990949 0.038940895699932046 0.062229189167319565 -0.15559261586275389 0.18308777556530337 0.18212548666774933 0.3312200833540842 -0.093155166276562534 0.36445037634658983 -0.10872807999018518 0.088083098758325581 -0.044996068826251005
leaf_weight=228 409 5582 189 632 145 148 162 2099 150 151 993 12856 369 347 154 3438 3002 8193 18501 9521 9309 154 25860 319 322 7372 146 8715 145 1697 502 275 278 1940 168 4068 1008 15720
leaf_count=228 409 5582 189 632 145 148 162 2099 150 151 993 12856 369 347 154 3438 3002 8193 18501 9521 9309 154 25860 319 322 7372 146 8715 145 1697 502 275 278 1940 168 4068 1008 15720
internal_value=0.0122171 0.0511897 0.100277 0.283934 0.774979 0.0711081 0.410783 0.00451787 0.00972771 -0.0451228 0.0143196 0.017106 0.0302224 0.128346 0.60627 0.062306 0.0232027 -0.0596029 0.0557642 -0.00695481 0.0345425 0.412476 0.005118 0.111468 0.0226127 0.0575747 0.0196405 0.0492607 0.358311 -0.0889547 -0.0514029 -0.0289995 -0.0427606 0.0180849 -0.00985281 -0.0903107 -0.0311847 -0.0232884
internal_weight=145267 23964 9376 1285 334 8091 310 121303 110965 8572 102393 99703 64527 4308 523 3785 60219 8421 21503 35176 9935 304 38716 951 9631 7781 14588 9006 291 2690 10338 8239 7737 3394 3116 4343 2948 25241
internal_count=145267 23964 9376 1285 334 8091 310 121303 110965 8572 102393 99703 64527 4308 523 3785 60219 8421 21503 35176 9935 304 38716 951 9631 7781 14588 9006 291 2690 10338 8239 7737 3394 3116 4343 2948 25241
is_linear=0
shrinkage=0.03


Tree=91
num_leaves=39
num_cat=0
split_feature=204 207 206 96 120 203 207 201 200 173 208 190 194 208 55 193 193 207 175 197 75 193 201 200 185 194 194 99 185 55 102 187 197 207 194 193 198 141
split_gain=46926.7 51812.5 62485.2 57722.5 48868 52761.4 67491 47361 39135 112132 89675.6 109885 40129.6 38815.8 35035.9 34708.3 31877.9 57579.1 29329.1 80625.6 29047.7 28900 27868.7 25238.1 35410 24493.5 29883 27999.7 43739 48579.4 27890.3 23126.8 22719 21993.9 21671.5 21104 19739.3 18745.8
threshold=3.0000000000000004 -0.36647418141365046 0.25000000000000011 52.650903701782234 54.070835113525398 -0.96359375119209278 -0.9413962960243224 52.500000000000007 13.250000000000002 318.30000305175787 0.86004966497421276 0.68074825406074535 84.500000000000014 -0.72694849967956532 89.23956680297853 22.250000000000004 34.149999618530281 -0.94705909490585316 686.19500732421886 993.64999389648449 20.455344200134281 27.050000190734867 417.50000000000006 10.650000095367433 51.798387527465827 7.5000000000000009 16.500000000000004 0.33336578309535986 126.44824981689455 86.024665832519545 111.31041717529298 111.9186248779297 992.54998779296886 -0.96235975623130787 50.500000000000007 27.050000190734867 7.7500000000000009 10.32693386077881
decision_type=2 2 2 10 8 2 2 2 2 2 2 8 2 2 10 2 2 2 2 2 10 2 2 2 8 2 2 2 10 10 10 10 2 2 2 2 2 10
left_child=14 2 4 25 5 6 -2 15 9 10 13 -12 36 35 33 -7 18 -18 23 22 -15 -8 -20 32 -25 -3 -27 -28 30 -30 -29 34 -6 -1 -9 -4 -11 -35
right_child=1 3 8 -5 16 7 21 31 -10 12 11 -13 -14 20 -16 -17 17 -19 19 -21 -22 -23 -24 24 -26 26 27 28 29 -31 -32 -33 -34 37 -36 -37 -38 -39
leaf_value=-0.088871690889223282 0.83133715285162224 0.34954982549511493 0.49304267299217175 -0.21728398767044965 -0.062588114801625738 0.57082907809893479 0.42520486620058795 -0.008312047316495574 0.040013658608367648 0.51044656753743534 1.2091113192780587 0.077127141517180461 0.93121876794440162 0.012738283706796904 -0.092747718715243843 0.037439416776633781 -0.025309760267670456 0.69537229807026746 -0.069391745120499906 0.75489415640765756 0.15765954527487958 -0.099317613702159926 0.16694062514228342 0.27296919788880214 -0.022966775946988201 -0.066096887042876917 -0.006210217533211119 -0.022124849942844891 0.092490695208819113 -0.049631473289536349 0.10055881023565649 0.31187577541263617 -0.2121295639615553 0.01128581849647642 0.058126109775896537 0.17719725734154457 0.091450695495272863 -0.17916216029165102
leaf_weight=2550 173 187 256 1051 4791 262 162 7243 6133 335 145 165 161 4167 5506 189 280 155 1147 146 1775 227 738 391 5247 4854 37377 12112 12636 2612 1934 270 1130 16077 11332 743 145 479
leaf_count=2550 173 187 256 1051 4791 262 162 7243 6133 335 145 165 161 4167 5506 189 280 155 1147 146 1775 227 738 391 5247 4854 37377 12112 12636 2612 1934 270 1130 16077 11332 743 145 479
internal_value=0.0116815 0.0193816 0.043608 0.00343068 0.0215652 0.0518431 0.338376 0.0434976 0.0968611 0.141038 0.107416 0.606625 0.521367 0.085119 -0.0260715 0.347308 -0.0213053 0.231494 -0.0293973 0.0757418 0.0560295 0.119125 0.0231354 -0.0478711 -0.00244288 0.00666548 0.00576896 0.0110012 0.0329617 0.068145 -0.0052324 0.0362266 -0.0911279 -0.00685657 0.0322197 0.258139 0.38388 0.00577564
internal_weight=145283 120671 47908 72763 33883 19858 562 19296 14025 7892 7251 310 641 6941 24612 451 14025 435 13590 2031 5942 389 1885 11559 5638 71712 71525 66671 29294 15248 14046 18845 5921 19106 18575 999 480 16556
internal_count=145283 120671 47908 72763 33883 19858 562 19296 14025 7892 7251 310 641 6941 24612 451 14025 435 13590 2031 5942 389 1885 11559 5638 71712 71525 66671 29294 15248 14046 18845 5921 19106 18575 999 480 16556
is_linear=0
shrinkage=0.03


Tree=92
num_leaves=39
num_cat=0
split_feature=194 93 207 123 199 132 207 199 197 207 197 197 207 207 199 193 141 202 79 207 198 196 197 208 202 207 208 208 197 207 205 208 199 205 198 207 207 123
split_gain=40524.6 36731.2 40549.4 85000.1 45603.9 45489.8 44783.8 40552.1 38538.3 54132.2 102029 34022.6 33740.8 262653 32527 57330 31737 28956.3 28935.1 42240.9 121287 84370.2 39061.6 67288.3 94278 29338 28334.1 74859.3 105677 62876.8 35203.1 28222.7 28177.1 25895 25741.3 22682.8 28875.9 22115.8
threshold=7.5000000000000009 43.666000366210945 -0.36647418141365046 30.413567543029789 248.50000000000003 -93.773986816406236 -0.26866367459297175 217.50000000000003 992.95001220703136 -0.50556187331676472 991.95001220703136 991.25000000000011 -0.47558552026748652 -0.49064628779888148 324.50000000000006 12.550000190734865 -3.1955699920654292 0.83385404944419872 0.25453488528728491 -0.17647087574005124 3.6499999761581425 1.0000000180025095e-35 984.14999389648449 0.054805127903819091 0.88697704672813427 -0.17647087574005124 0.51849433779716503 0.46611291170120245 988.75000000000011 -0.83847111463546742 -1.0000000180025095e-35 -0.15101602673530576 326.50000000000006 0.25000000000000011 5.4500000476837167 -0.60554069280624379 -0.54939359426498402 60.370136260986335
decision_type=2 10 2 10 2 8 2 2 2 2 2 2 2 2 2 2 8 2 8 2 2 2 2 2 2 2 2 2 2 2 2 2 2 2 2 2 2 10
left_child=-1 2 3 4 5 -2 11 17 9 -5 -11 -4 13 14 15 -3 -9 -7 19 20 -8 -22 23 34 -25 -24 27 30 -29 -28 -6 -27 -10 -31 -20 -16 -37 -14
right_child=1 12 6 8 26 7 18 16 32 10 -12 -13 37 -15 35 -17 -18 -19 22 -21 21 -23 25 24 -26 31 29 28 -30 33 -32 -33 -34 -35 -36 36 -38 -39
leaf_value=0.45313781713040441 0.33047125625706647 0.53653335943245017 -0.020847309465305591 0.18811953126402428 0.052584090050155609 0.0075589613952899946 0.96366597935936882 0.4235817657890803 0.098684141937678507 1.1881020338986439 0.092989154352315403 -0.16898033088390271 -0.066038791378489434 0.96759586785935869 -0.064787604638215993 -0.023663685252129134 0.10893088344490764 0.079557020983860527 0.04845358692474936 0.029062484254265955 0.37304689297038307 -0.086099300795604475 0.29711585486426162 0.10389047924475128 0.65296230582843373 0.070349145966614568 -0.39452793818435289 0.10821586950908441 1.0362452071670094 0.050401255263992688 -0.03478131258663715 -0.030032905903191146 -0.30439068431927452 -0.12008601928692927 -0.0069724767968780592 -0.55984357489905534 -0.093677093893031138 -0.22226505977392327
leaf_weight=187 526 169 3737 2163 6681 11968 167 422 1906 146 161 2227 2878 243 611 6049 912 8669 12061 7351 630 841 261 2059 326 2736 500 435 148 1642 10961 32039 170 1567 20124 254 226 1138
leaf_count=187 526 169 3737 2163 6681 11968 167 422 1906 146 161 2227 2878 243 611 6049 912 8669 12061 7351 630 841 261 2059 326 2736 500 435 148 1642 10961 32039 170 1567 20124 254 226 1138
internal_value=0.0118018 0.011233 0.0156756 0.0373975 0.0247557 0.0547664 0.00309412 0.0481657 0.160953 0.241032 0.613814 -0.0761615 -0.0400494 -0.0026869 -0.0349468 -0.00843715 0.208471 0.0378033 0.00910826 0.0597611 0.197529 0.110545 0.00256688 0.0251914 0.178944 -0.0197568 -0.00602526 0.00935669 0.343818 -0.0816078 -0.00169613 -0.0221351 0.0656756 -0.0328501 0.0137979 -0.186033 -0.340364 -0.110309
internal_weight=145291 145104 133536 48977 44431 22497 84559 21971 4546 2470 307 5964 11568 7552 7309 6218 1334 20637 78595 8989 1638 1471 69606 34570 2385 35036 21934 18225 583 3709 17642 34775 2076 3209 32185 1091 480 4016
internal_count=145291 145104 133536 48977 44431 22497 84559 21971 4546 2470 307 5964 11568 7552 7309 6218 1334 20637 78595 8989 1638 1471 69606 34570 2385 35036 21934 18225 583 3709 17642 34775 2076 3209 32185 1091 480 4016
is_linear=0
shrinkage=0.03


Tree=93
num_leaves=39
num_cat=0
split_feature=194 94 207 123 193 197 76 199 96 194 203 183 199 111 207 69 105 197 60 194 194 193 200 207 207 123 197 207 96 80 94 208 197 94 197 199 77 186
split_gain=43572.3 38846.9 35233.3 59424.2 135090 49759 87842 56456.1 95837.3 45077 42061 36922.2 37427.1 36482.4 50691 33168.5 32529.4 87184.6 129817 35685.8 71115.4 31609 28686.6 26663.7 27413.9 25680.1 42750.2 24936.7 38464.9 24682 21778 21515.1 21214.3 21209.9 19327.6 32639.3 30190.8 22053.2
threshold=7.5000000000000009 30.055541992187504 0.88621068000793468 28.817677497863773 11.150000095367433 983.64999389648449 21.274952888488773 104.50000000000001 14.545384407043459 93.500000000000014 -0.87878364324569691 254.0000915527344 76.500000000000014 210.80208587646487 0.63920241594314586 17.125000000000004 123.44343948364259 989.95001220703136 19.57499980926514 56.500000000000007 58.500000000000007 19.750000000000004 10.750000000000002 0.54488933086395275 -0.80924677848815907 29.137392997741703 990.14999389648449 0.96687895059585582 21.6112813949585 54.625000000000007 43.858896255493171 0.67644694447517406 982.75000000000011 39.223838806152351 994.54998779296886 295.50000000000006 5.6317341327667245 0.33077356219291693
decision_type=2 8 2 10 2 2 10 2 10 2 2 10 2 10 2 10 10 2 10 2 2 2 2 2 2 10 2 2 10 2 10 2 2 10 2 2 10 10
left_child=-1 2 3 13 -5 6 7 8 -4 11 -8 12 -6 14 23 33 30 18 -18 29 -21 -7 -22 24 -2 26 -23 28 -12 -19 -17 -16 -10 -3 36 -36 37 -35
right_child=1 15 5 4 9 21 10 -9 32 -11 27 -13 -14 -15 31 16 17 19 -20 20 22 25 -24 -25 -26 -27 -28 -29 -30 -31 -32 -33 -34 34 35 -37 -38 -39
leaf_value=0.46733500009089152 0.034759335291910068 -0.016254455681452198 0.92189170592763992 0.87985015798083743 0.23083158116458966 -0.1370947875144275 0.44744678575445607 0.098425359397153245 0.28916802070917008 -0.24266311532663037 -0.21031817806414382 -0.3137513824184508 0.071721697567148537 0.086441239858894847 0.047726356919724967 0.0011327185040700875 1.2083306976618926 0.025425694411537404 0.11578267304758333 0.6911402877217051 0.25137819047619558 0.041213717762863498 -0.0010521112223593422 0.12297151235930329 -0.0063227454340274783 -0.048627222747483691 -0.34762412060320685 0.048503201779658313 0.047135662820164334 -0.1875214788531335 -0.15222900913583229 -0.18934285416472857 -0.12592743332836573 0.14349199186217665 -0.058574016703311728 -0.39321243445183657 -0.11886238295703105 -0.036986197947083993
leaf_weight=188 26116 12583 218 190 1504 2387 149 2681 450 392 1545 207 11538 6262 441 7406 148 1595 289 186 585 6401 1318 2006 33206 11189 265 1128 789 707 939 1575 147 780 639 445 3823 2785
leaf_count=188 26116 12583 218 190 1504 2387 149 2681 450 392 1545 207 11538 6262 441 7406 148 1595 289 186 585 6401 1318 2006 33206 11189 265 1128 789 707 939 1575 147 780 639 445 3823 2785
internal_value=0.0109246 0.0103329 0.0189635 0.0286496 0.0854459 -0.0105869 0.057705 0.164896 0.38355 0.0743803 -0.0460719 0.0837609 0.0900704 0.0173639 0.0105351 -0.017602 0.0197341 0.0817133 0.485818 0.0414951 0.131273 -0.0345643 0.076548 0.0154009 0.0117633 -0.0208572 0.0257553 -0.0673136 -0.123287 -0.0399759 -0.016124 -0.137484 0.186958 -0.0409612 -0.0776566 -0.195951 -0.0602996 0.00250148
internal_weight=145202 145014 110786 83437 13831 27349 7107 3496 815 13641 3611 13249 13042 69606 63344 34228 13173 4828 437 4391 2089 20242 1903 61328 59322 17855 6666 3462 2334 2302 8345 2016 597 21055 8472 1084 7388 3565
internal_count=145202 145014 110786 83437 13831 27349 7107 3496 815 13641 3611 13249 13042 69606 63344 34228 13173 4828 437 4391 2089 20242 1903 61328 59322 17855 6666 3462 2334 2302 8345 2016 597 21055 8472 1084 7388 3565
is_linear=0
shrinkage=0.03


Tree=94
num_leaves=39
num_cat=0
split_feature=94 207 197 132 94 114 193 195 203 69 142 36 95 105 197 184 200 194 200 209 189 132 207 194 193 194 196 197 193 205 35 203 200 197 203 207 129 79
split_gain=34113.1 34992.5 39478.7 52493.1 41707.8 37832.4 42988.7 36283.5 35107 33503.7 37109.4 33016.5 36230.4 32314.1 40586 71526.4 31717.9 31417.5 31030.5 40937.7 30714.5 28790.6 27886.2 28197.2 24975.3 24230.4 39514.4 23484 53971.3 44935.5 21756 22447.5 21197.5 20634.5 22806 25659.9 20512.1 19077.8
threshold=30.055541992187504 0.92922380566596996 985.64999389648449 -84.954505920410142 18.10750770568848 -42.827440261840813 26.349999427795414 1.2500000000000002 0.82409480214118969 17.125000000000004 0.15464299917221072 499.68975830078131 42.219734191894538 -12.865856170654295 991.75000000000011 0.23303909599781039 2.0499999523162846 9.5000000000000018 4.1499998569488534 11.500000000000002 72.018760681152358 -54.248054504394524 0.99168354272842418 19.500000000000004 17.849999427795414 31.500000000000004 13.500000000000002 985.04998779296886 22.250000000000004 0.25000000000000011 290.51014709472662 -0.0087262028828264185 2.6499999761581425 994.35000610351574 0.43049471080303198 -0.57780906558036793 77.291667938232436 1.1683506369590761
decision_type=10 2 2 10 8 8 2 2 2 10 2 10 10 10 2 10 2 2 2 2 10 10 2 2 2 2 2 2 2 2 10 2 2 2 2 2 10 10
left_child=1 5 3 20 8 6 36 17 22 33 -11 13 -13 25 15 -15 -17 -8 19 -12 30 32 -5 -24 -4 26 -7 28 -27 -29 31 -3 -16 -2 -35 -36 -1 -19
right_child=9 2 24 4 -6 11 7 -9 -10 10 18 12 -14 14 21 16 -18 37 -20 -21 -22 -23 23 -25 -26 27 -28 29 -30 -31 -32 -33 -34 34 35 -37 -38 -39
leaf_value=-0.40025270104801502 -0.031072295029647558 0.16474763489978225 -0.2907502887699614 0.059132744527415439 0.012426698204426444 0.0071116347405993877 0.50783233900509317 0.46301649996795785 -0.054043953428886175 0.38040825349133678 0.093080004729095528 0.062847622666365524 0.43719059818734041 0.6245851262347778 0.20329899894263562 0.38047462785986702 0.046539582399528927 0.095850481185667497 0.0023889769165382729 0.63561872678868625 -0.14065944996267324 0.10599461470342798 -0.046123424612659419 0.32794639221592109 -0.042795611079345472 0.21106521074892698 0.57830426488918851 0.016192388354922468 -0.010872154460712264 -0.15400578557903161 0.13407118325834769 -0.14200624429008302 -0.037395574590688201 -0.038151274027998013 -0.49196179570479509 -0.11639966137757049 -0.044960377752730922 -0.0023039615827935753
leaf_weight=168 19332 289 377 728 3578 325 155 231 538 255 709 8801 239 197 340 259 21963 9786 11946 152 1984 1615 207 1464 12084 1029 164 2765 23678 2820 912 835 10456 779 286 383 1129 2179
leaf_count=168 19332 289 377 728 3578 325 155 231 538 255 709 8801 239 197 340 259 21963 9786 11946 152 1984 1615 207 1464 12084 1029 164 2765 23678 2820 912 835 10456 779 286 383 1129 2179
internal_value=0.0107874 0.0188075 -0.0141552 0.0285948 0.0811978 0.0273921 0.0733181 0.0905718 0.164978 -0.0155882 0.0220611 0.0189957 0.072745 0.01159 0.0313822 0.0554773 0.0504318 0.0834729 0.0149257 0.188866 -0.0566561 -0.0121426 0.214096 0.281607 -0.0502976 -0.0108056 0.198685 -0.0141875 -0.00162879 -0.0697448 0.0252019 -0.0631334 -0.0298151 -0.039254 -0.148486 -0.276959 -0.0909841 0.0779751
internal_weight=145137 111295 22996 10535 6515 88299 13648 12351 2937 33842 13062 74651 9040 65611 34830 22419 22222 12120 12807 861 4020 12411 2399 1671 12461 30781 489 30292 24707 5585 2036 1124 10796 20780 1448 669 1297 11965
internal_count=145137 111295 22996 10535 6515 88299 13648 12351 2937 33842 13062 74651 9040 65611 34830 22419 22222 12120 12807 861 4020 12411 2399 1671 12461 30781 489 30292 24707 5585 2036 1124 10796 20780 1448 669 1297 11965
is_linear=0
shrinkage=0.03


Tree=95
num_leaves=39
num_cat=0
split_feature=204 80 191 201 79 194 149 170 185 186 181 35 194 36 194 201 55 197 94 75 193 204 199 197 198 193 194 114 163 197 15 197 131 199 198 201 193 209
split_gain=43456.4 33551.1 30353 49970.6 33469.3 33256.9 28585.3 29404.4 53740.3 33226.2 27606.2 25712.4 25652.2 35727.7 26654.2 28597.8 30640.1 38248.7 61094 24645 25760.2 22088.1 19438.7 45347.9 16751 15728.8 20463.4 18088.2 25446.7 20311 15357.3 39192.8 98794.5 42271.1 30309.8 25329 46449.4 28582.8
threshold=19.000000000000004 44.312500000000007 20.904371261596683 3992.5000000000005 0.027529679238796238 8.5000000000000018 16.284999847412113 3.2300000190734868 29.403898239135746 0.04779488034546376 12.000000000000002 368.87078857421881 94.500000000000014 141.16201782226565 81.500000000000014 142.50000000000003 25.341727256774906 992.14999389648449 51.142332077026374 4.2409923076629648 34.45000076293946 7.0000000000000009 63.500000000000007 983.35000610351574 2.4500000476837163 29.94999980926514 22.500000000000004 -191.45487213134763 459.30999755859381 989.14999389648449 192.74416351318362 989.95001220703136 -53.22535324096679 330.50000000000006 3.8500000238418584 52.500000000000007 13.150000095367433 11.500000000000002
decision_type=2 2 10 2 8 2 2 2 10 8 2 10 2 10 2 2 10 2 8 8 2 2 2 2 2 2 2 10 2 2 10 2 8 2 2 2 2 2
left_child=1 2 5 4 -4 -1 7 9 -9 -6 11 21 14 -14 15 16 -2 18 -18 -17 22 -3 23 -21 -7 26 -26 28 -27 -29 -12 32 -32 35 -35 36 -33 -37
right_child=12 10 3 -5 6 24 -8 8 -10 -11 30 -13 13 -15 -16 19 17 -19 -20 20 -22 -23 -24 -25 25 27 -28 29 -30 -31 31 33 -34 34 -36 37 -38 -39
leaf_value=-0.41885334449826989 -0.070074053365200159 0.037398192851556572 0.39108318193936575 0.56364052278252519 0.23837669619434865 -0.1079710780506123 -0.036773002113363762 0.23964521810689451 0.042815219672949323 0.013060303485989837 -0.10140916818334741 -0.035674910412804947 -0.0055855918091614488 0.6050501204629386 -0.012148667587100823 0.25350803222803053 0.12949315055704205 -0.014106409035849046 0.73724941478662542 0.55187506240901107 0.16689189128182155 0.51654277655604142 -0.028297470756896582 -0.028119750396007937 -0.19806872491072522 -0.050740730368198823 -0.016076784917959552 0.052482705645335748 0.14328560112314881 -0.28975230184409506 0.85504911348175461 0.61474762035630637 -0.038021606701052917 -0.036570553100521305 -0.53854325525808766 0.00060088665233505069 0.0081706572899503498 -0.19319454413156267
leaf_weight=180 915 151 217 152 596 1521 7637 1472 8219 50310 4667 416 170 175 5819 383 7190 1747 152 178 806 203 6074 381 568 4518 26415 8449 703 159 155 148 397 184 263 2275 489 980
leaf_count=180 915 151 217 152 596 1521 7637 1472 8219 50310 4667 416 170 175 5819 383 7190 1747 152 178 806 203 6074 381 568 4518 26415 8449 703 159 155 148 397 184 263 2275 489 980
internal_value=0.0104508 0.00316224 0.00796961 0.0203127 0.0191061 -0.0119483 0.0179231 0.0248164 0.0727127 0.0156983 -0.0485587 0.124244 0.0473475 0.304164 0.0436002 0.0617986 0.095398 0.112056 0.142076 0.0188261 0.0067431 0.312169 -0.0127173 0.156571 -0.0102181 -0.00657493 -0.0199079 0.0194401 -0.0246151 0.0461609 -0.06248 -0.0253336 0.21276 -0.0556238 -0.331921 -0.0238901 0.14911 -0.0577464
internal_weight=145434 121444 111116 68603 68451 42513 68234 60597 9691 50906 10328 770 23990 345 23645 17826 10004 9089 7342 7822 7439 354 6633 559 42333 40812 26983 13829 5221 8608 9558 4891 552 4339 447 3892 637 3255
internal_count=145434 121444 111116 68603 68451 42513 68234 60597 9691 50906 10328 770 23990 345 23645 17826 10004 9089 7342 7822 7439 354 6633 559 42333 40812 26983 13829 5221 8608 9558 4891 552 4339 447 3892 637 3255
is_linear=0
shrinkage=0.03


Tree=96
num_leaves=39
num_cat=0
split_feature=204 195 113 208 56 94 197 96 197 208 194 202 200 97 74 194 194 203 208 202 204 97 197 208 208 208 208 199 56 71 3 208 208 55 199 194 209 198
split_gain=43783 36313.3 70037.9 41803.7 38231.7 48624.1 43844 57905 185030 344599 97789.7 80066.1 37464.2 31312.5 27825 27455.8 32139.4 27798.4 25900.4 23863.5 23290.1 48284.7 38164.2 30423 112627 22196.8 30327.4 20305.1 19559.9 17578.7 18597.9 14514 25420.1 26000.9 64822.6 20395.4 22958.5 32082.6
threshold=3.0000000000000004 1.2500000000000002 -186.92377471923825 0.011826144531369211 102.70215988159181 42.358055114746101 994.64999389648449 46.54467964172364 991.95001220703136 0.86869874596595775 67.500000000000014 -0.53727915883064259 7.1499998569488534 12.643417358398439 48.520259857177741 7.5000000000000009 16.500000000000004 0.8140845298767091 0.90070003271102916 0.63605400919914257 9.0000000000000018 37.371011734008796 985.04998779296886 0.48877522349357611 0.44312302768230444 0.79253265261650097 0.81304046511650097 98.500000000000014 95.087688446044936 24.10000038146973 127.16650009155275 0.24997577071189883 0.17435361444950107 73.613166809082045 76.500000000000014 91.500000000000014 9.5000000000000018 5.1499998569488534
decision_type=2 2 8 2 8 10 2 10 2 2 2 2 2 2 10 2 2 2 2 2 2 2 2 2 2 2 2 2 10 10 10 2 2 8 2 2 2 2
left_child=13 4 -3 -4 5 14 7 20 9 11 12 -9 -10 28 15 -2 -17 -18 19 25 21 22 -6 24 -22 -8 -27 -25 31 -7 -31 32 33 -1 -35 36 -33 -38
right_child=1 2 3 -5 6 29 18 8 10 -11 -12 -13 -14 -15 -16 16 17 -19 -20 -21 23 -23 -24 27 -26 26 -28 -29 -30 30 -32 35 -34 34 -36 -37 37 -39
leaf_value=-0.023129287936838806 0.39288848798111464 0.61022766905602388 0.0047893284950931278 0.51649411450120164 0.34699783675028162 -0.068436298325551245 0.0048200225058136004 -0.38245418951282312 -0.56137582220244886 1.6255920482334341 0.51276657488641553 0.52943861224862787 -0.040222561185036511 -0.10047225504023331 -0.11606366499999758 -0.061321932105473986 0.025317448559588035 -0.020927001725553857 0.17605305369974497 0.18076030865109122 0.067991444815693275 -0.41199559033911531 -0.013869915288929568 -0.077924693678188647 0.5313162532845972 -0.543599896343547 -0.14977457671411956 0.068639584648238883 -0.081972757072777278 -0.074250917597723731 -0.43377960968668611 0.01612282418756833 -0.18513985735138005 0.62482607518405531 0.037448770682688856 -0.058864372256951562 0.27433741573243753 -0.0086840390418349653
leaf_weight=10087 173 261 1112 165 292 3582 508 163 149 217 283 185 744 4242 1473 4770 79548 13716 327 215 2414 251 2726 1067 587 227 783 4197 2973 257 261 2067 750 191 1474 1256 969 574
leaf_count=10087 173 261 1112 165 292 3582 508 163 149 217 283 185 744 4242 1473 4770 79548 13716 327 215 2414 251 2726 1067 587 227 783 4197 2973 257 261 2067 750 191 1474 1256 969 574
internal_value=0.0101607 0.0175958 0.162436 0.0709098 0.0157256 0.0091923 0.0599401 0.0799227 0.241192 0.68738 0.0268202 0.102316 -0.127184 -0.0263305 0.013357 0.0152981 0.0146318 0.0185164 -0.0688306 -0.115039 0.0555797 -0.0122048 0.0210459 0.0823901 0.15862 -0.156935 -0.238292 0.0389312 -0.0108686 -0.0920593 -0.255409 0.00130284 -0.0158066 -0.00499975 0.104833 0.0452614 0.0814892 0.169053
internal_weight=145236 120653 1538 1277 119115 103780 15335 13275 1741 565 1176 348 893 24583 99680 98207 98034 93264 2060 1733 11534 3269 3018 8265 3001 1518 1010 5264 20341 4100 518 17368 12502 11752 1665 4866 3610 1543
internal_count=145236 120653 1538 1277 119115 103780 15335 13275 1741 565 1176 348 893 24583 99680 98207 98034 93264 2060 1733 11534 3269 3018 8265 3001 1518 1010 5264 20341 4100 518 17368 12502 11752 1665 4866 3610 1543
is_linear=0
shrinkage=0.03


Tree=97
num_leaves=39
num_cat=0
split_feature=204 195 102 208 201 201 141 196 200 197 204 203 114 114 200 141 77 201 173 200 201 193 196 141 80 201 36 202 193 200 193 15 105 202 102 105 201 193
split_gain=42143 36023 70390.8 41356.9 33552.5 35549.8 59993.6 70461.3 32643.5 38713.7 28905.4 26382.7 43059.4 24445.1 22039.3 57330.3 26512.9 21550.1 22211.5 23681.6 20616.8 41648.1 20162.1 25769.1 19908.4 25009.5 22638.4 48005.8 24588.8 19019.8 22144.9 22753.7 21212.5 20197.1 47117.2 18801.2 33295.7 18800.7
threshold=3.0000000000000004 1.2500000000000002 90.085414886474624 0.011826144531369211 57.500000000000007 72.500000000000014 -5.8376045227050772 1.0000000180025095e-35 6.8500001430511483 993.95001220703136 19.000000000000004 -0.77159520983695973 4.5008475780487069 283.32943725585943 4.1499998569488534 -34.31196212768554 0.70208090543746959 322.50000000000006 61.465000152587898 14.050000190734865 1092.5000000000002 28.150000572204593 7.5000000000000009 -3.5443171262741084 44.312500000000007 4287.5000000000009 480.52690124511724 0.87032255530357372 20.250000000000004 11.449999809265138 22.550000190734867 140.73688507080081 -40.160131454467766 0.89490029215812694 89.600002288818374 34.639192581176765 102.50000000000001 35.549999237060554
decision_type=2 2 10 2 2 2 8 2 2 2 2 2 8 10 2 8 8 2 2 2 2 2 2 8 2 2 10 2 2 2 2 8 8 2 10 10 2 2
left_child=4 10 3 -3 8 6 7 -6 22 13 14 12 -8 -10 15 -2 -17 18 -12 -20 21 -18 -1 -24 25 26 28 -28 -16 32 35 33 -7 -32 -35 -31 -37 -19
right_child=1 2 -4 -5 5 29 11 -9 9 -11 17 -13 -14 -15 24 16 20 37 19 -21 -22 -23 23 -25 -26 -27 27 -29 -30 30 31 -33 -34 34 -36 36 -38 -39
leaf_value=0.054592359327660857 0.63044544935347047 0.0045393649222633487 0.60978262458882593 0.52343042401767992 0.73056373485504211 -0.43428014028365891 0.64141692522846827 0.054593206107201205 -0.13535695238155876 -0.49404974791941353 0.041587462877439071 -0.052323585883699938 -0.0098450817548350108 0.097563880612096907 -0.036965823868818096 0.43208174306552483 0.079967471568019005 -0.060099991454267532 0.20243649302650377 0.0530124122271503 0.14242874295914282 -0.093546136772837712 0.027147451717854924 -0.30693653335674115 -0.04279995498629819 0.32863651815423328 0.025834698768657991 0.23200011412563992 0.0098710561391776412 -0.12301470247781082 -0.0091630306137206134 0.39122216492029949 -0.074117702686893688 0.040700177054602042 0.45335666717805395 -0.15601322866799694 0.059785647162637783 0.12697478728327116
leaf_weight=1901 155 1105 262 158 267 158 145 289 3663 250 16588 1203 247 456 12145 157 3108 2678 1765 2079 1341 2077 466 375 7437 219 8021 1164 59560 2088 5701 151 2147 1659 293 926 2109 590
leaf_count=1901 155 1105 262 158 267 158 145 289 3663 250 16588 1203 247 456 12145 157 3108 2678 1765 2079 1341 2077 466 375 7437 219 8021 1164 59560 2088 5701 151 2147 1659 293 926 2109 590
internal_value=0.010122 0.0174079 0.162289 0.0694558 -0.0257542 -0.00329689 0.110868 0.379212 -0.0806514 -0.131572 0.0155525 0.0173247 0.231064 -0.109571 0.00818502 0.0600772 0.0468476 0.0452041 0.0566449 0.121622 0.0375791 0.0104615 0.000484127 -0.121821 0.00417762 0.00848507 0.00761826 0.051962 0.00193807 -0.0194189 -0.00526316 0.0265504 -0.0988075 0.0193546 0.102643 -0.0537257 -0.00605627 -0.0263254
internal_weight=145103 120609 1525 1263 24494 17383 2151 556 7111 4369 119084 1595 392 4119 95384 6838 6683 23700 20432 3844 6526 5185 2742 841 88546 81109 80890 9185 71705 15232 12927 7804 2305 7653 1952 5123 3035 3268
internal_count=145103 120609 1525 1263 24494 17383 2151 556 7111 4369 119084 1595 392 4119 95384 6838 6683 23700 20432 3844 6526 5185 2742 841 88546 81109 80890 9185 71705 15232 12927 7804 2305 7653 1952 5123 3035 3268
is_linear=0
shrinkage=0.03


Tree=98
num_leaves=39
num_cat=0
split_feature=194 94 207 197 76 202 198 186 207 207 208 207 208 207 129 54 132 193 132 170 207 207 193 207 78 87 193 206 185 198 207 191 197 36 207 196 208 202
split_gain=36056.1 32935.2 28798.6 44983.2 79902.9 60016.8 52965.8 36893.2 34666.4 53864.6 33282.7 32507.1 30811.2 30670.5 28219.9 40532.8 30037.1 28139.4 28113.6 26674.5 39778.4 217314 33139.2 23191.9 36930 23128.5 20979.3 26014.4 20787.9 20348.4 43760.2 20282.9 19933.9 18358.3 23335 17114.1 16956.8 16446.3
threshold=7.5000000000000009 30.055541992187504 0.88621068000793468 983.64999389648449 21.274952888488773 0.93038213253021251 4.1499998569488534 0.04779488034546376 0.75014290213584911 0.63920241594314586 0.67644694447517406 0.96687895059585582 0.58307701349258434 0.78325453400611889 84.270832061767592 124.17869567871095 -55.662462234497063 19.750000000000004 -69.531230926513658 4.3900001049041757 -0.47558552026748652 -0.49064628779888148 12.550000190734865 0.9470459818840028 27.337500572204593 36.925001144409187 26.650000572204593 0.25000000000000011 1007.1499938964845 4.7500000000000009 -0.60554069280624379 59.244464874267585 982.14999389648449 314.23007202148443 -0.44504626095294947 73.500000000000014 -0.34234976768493647 -0.84335932135581959
decision_type=2 8 2 2 10 2 2 8 2 2 2 2 2 2 10 10 10 2 10 2 2 2 2 2 8 10 2 2 10 2 2 10 2 8 2 2 2 2
left_child=-1 2 7 4 5 18 -7 35 9 14 -11 23 37 -14 16 -16 -9 -5 36 25 21 22 -21 24 -6 -3 -13 -28 31 30 -24 -19 -20 -22 -35 -2 -4 -10
right_child=1 19 3 17 11 6 -8 8 12 10 -12 26 13 -15 15 -17 -18 28 32 20 33 -23 29 -25 -26 -27 27 -29 -30 -31 -32 -33 -34 34 -36 -37 -38 -39
leaf_value=0.42359638598183619 0.060814413340913941 -0.01795919682847882 0.15005316985192413 -0.12893251912833306 -0.15131186128490479 0.87198851033483593 0.21660281968904391 0.0012800859319640932 0.16689208250657372 0.023720701249486338 -0.19008904429054937 -0.094567618056757674 0.11473051234137284 0.43962298709249903 0.042939716147715704 0.42803962054850347 0.093543031053788236 -0.0067080101368833965 0.556490179403621 0.39309582483525879 -0.16289142513984695 0.90292856967805057 0.028117710322472237 -0.24112596508527856 0.14833904957464053 -0.087716710757169372 0.024885447490468747 0.36613721709929631 -0.30940264691241942 0.072011242026563865 -0.25002522899334201 -0.12750442572620493 0.16551022484998162 -0.20540235317930536 0.017532101399328277 0.43915771129924425 -0.0050181315964108464 0.030467945326359294
leaf_weight=189 174 17759 1204 2403 1020 183 282 40631 1027 1046 1754 408 693 420 30085 248 3445 16301 190 222 965 270 2090 791 581 5635 478 347 220 3138 673 1355 307 494 2922 282 1342 3525
leaf_count=189 174 17759 1204 2403 1020 183 282 40631 1027 1046 1754 408 693 420 30085 248 3445 16301 190 222 965 270 2090 791 581 5635 478 347 220 3138 673 1355 307 494 2922 282 1342 3525
internal_value=0.00951494 0.00897484 0.0169191 -0.00975439 0.0550438 0.157112 0.474542 0.0256936 0.0242129 0.0189571 -0.110216 -0.04373 0.0958438 0.237334 0.0238179 0.0460884 0.00849143 -0.0325467 0.108604 -0.0167735 0.0222857 0.0700046 0.0332745 -0.10823 -0.0425686 -0.034762 0.0813976 0.168421 -0.0195899 0.0197371 -0.0396317 -0.0159785 0.314988 -0.0473483 -0.0147076 0.294795 0.068315 0.0612477
internal_weight=145099 144910 110742 27412 7133 3508 465 83330 82874 77209 2800 3625 5665 1113 74409 30333 44076 20279 3043 34168 10774 6393 6123 2392 1601 23394 1233 825 17876 5901 2763 17656 497 4381 3416 456 2546 4552
internal_count=145099 144910 110742 27412 7133 3508 465 83330 82874 77209 2800 3625 5665 1113 74409 30333 44076 20279 3043 34168 10774 6393 6123 2392 1601 23394 1233 825 17876 5901 2763 17656 497 4381 3416 456 2546 4552
is_linear=0
shrinkage=0.03


Tree=99
num_leaves=39
num_cat=0
split_feature=204 141 184 201 200 197 79 209 196 204 201 96 94 193 193 193 35 164 195 105 56 200 122 80 56 187 197 141 185 105 19 201 202 56 200 200 195 202
split_gain=38474.1 40123.8 45502.2 36462.2 51887.2 44536.7 84703.1 60080.7 42747.4 38772.7 72117.9 33106 31454.9 29257.2 36109.8 106185 33763.7 28561.1 25991.7 36257.6 24679.1 23515.1 22842.7 22625.4 23906.6 22429.6 27222.6 39696.4 97735.1 28265.9 20399.3 21131.6 94733.8 29385.9 21086.9 36133.1 25330.2 19771.5
threshold=11.000000000000002 -6.0863165855407706 0.1899911165237427 1657.5000000000002 2.8500000238418584 992.95001220703136 0.028876786120235923 11.500000000000002 43.500000000000007 13.000000000000002 3792.5000000000005 17.240926742553714 51.142332077026374 34.149999618530281 35.45000076293946 35.350000381469734 173.03593444824222 592.00000000000011 1.3499999642372134 -27.584169387817379 130.58855438232425 5.6499998569488534 16.743474006652836 18.47500038146973 102.70215988159181 17.150000572204593 993.85000610351574 -36.443717956542962 121.75000000000001 68.385395050048842 1.6297566890716555 32.500000000000007 0.95878320932388317 32.626916885375984 5.6499998569488534 6.3500001430511483 1.0000000180025095e-35 -0.58068084716796864
decision_type=2 8 10 2 2 2 8 2 2 2 2 10 10 2 2 2 10 2 2 8 10 2 8 2 10 10 2 10 10 10 10 2 2 10 2 2 2 2
left_child=1 2 -1 5 -5 6 7 -2 9 10 21 22 37 23 15 -15 -16 18 30 -20 25 -6 -8 -13 -25 -4 27 28 -27 -28 31 32 33 -3 36 -36 -33 -7
right_child=3 17 20 4 8 12 11 -9 -10 -11 -12 13 -14 14 16 -17 -18 -19 19 -21 -22 -23 -24 24 -26 26 29 -29 -30 -31 -32 34 -34 -35 35 -37 -38 -39
leaf_value=0.49337122331384264 0.11026208287791561 0.19979876691759349 -0.085765240318182986 0.49673363934233916 0.31234741848655212 0.030444193366010373 0.18556754407903453 0.96251126234799356 0.086175869056975135 -0.10448926269744063 0.64521910465597565 0.081863220992003632 -0.18670049348761 0.15978818370680994 0.27682234519430399 0.98995709653937936 0.0084258962026595371 -0.20104746517583164 0.53920519521837984 0.047707106842717666 0.38878521498025204 -0.036705403634163802 -0.014374682931798832 0.017875221679347176 0.097564359637260817 -0.014584127693500183 0.074810049064156697 0.042859005550711066 0.86158474394199969 -0.089865720139444077 -0.19742139258810121 -0.10275790953263288 0.70637076281405142 -0.019619064006226011 0.130812739533127 -0.022203239938544249 0.17536136275769243 -0.07079631873549172
leaf_weight=189 145 655 1581 168 190 4425 540 153 2112 6132 164 10374 1026 1580 518 152 2272 772 171 643 167 2024 10784 22850 3978 301 1412 13166 185 2795 576 4376 187 3405 1438 40677 316 2857
leaf_count=189 145 655 1581 168 190 4425 540 153 2112 6132 164 10374 1026 1580 518 152 2272 772 171 643 167 2024 10784 22850 3978 301 1412 13166 185 2795 576 4376 187 3405 1438 40677 316 2857
internal_value=0.00902966 -0.00633928 0.0301241 0.0245191 -0.0263567 0.0334228 0.0434851 0.547844 -0.0346305 -0.0646121 0.0382163 0.0406518 -0.0311875 0.0529983 0.125053 0.232649 0.0582581 -0.0199034 -0.0172369 0.150963 0.0256584 -0.00674918 -0.00483999 0.0442399 0.0296914 0.0225388 0.0321267 0.0526877 0.318946 -0.0345953 -0.0198888 -0.0178858 0.046189 0.0157799 -0.0236995 -0.0169785 -0.0840265 -0.00927622
internal_weight=145456 73012 19796 72444 10790 61654 53346 298 10622 8510 2378 53048 8308 41724 4522 1732 2790 53216 52444 814 19607 2214 11324 37202 26828 19440 17859 13652 486 4207 51630 51054 4247 4060 46807 42115 4692 7282
internal_count=145456 73012 19796 72444 10790 61654 53346 298 10622 8510 2378 53048 8308 41724 4522 1732 2790 53216 52444 814 19607 2214 11324 37202 26828 19440 17859 13652 486 4207 51630 51054 4247 4060 46807 42115 4692 7282
is_linear=0
shrinkage=0.03


Tree=100
num_leaves=39
num_cat=0
split_feature=204 207 206 96 193 114 207 207 204 193 199 177 198 207 198 199 207 201 201 207 209 193 193 204 208 207 198 207 198 198 96 194 194 194 36 155 76 97
split_gain=38088.4 42732 53972.8 48816.9 38117.4 42331 41689.7 150776 96103.5 49421.6 40288.3 36236.4 118102 41674.8 94909.3 63170.9 31684 30410 30044.5 62444.5 60686.4 29781.1 27631.1 39345.6 30351.8 57705.2 25336.2 46478.7 42041.8 23694.9 24044.7 22771.6 25367.3 25509.2 26016.2 32917.2 32421.6 22340.1
threshold=3.0000000000000004 -0.36647418141365046 0.25000000000000011 52.650903701782234 12.750000000000002 213.34575653076175 -0.99372696876525868 -0.99630266427993763 15.000000000000002 30.94999980926514 291.50000000000006 5.1621522903442392 6.4500000476837167 -0.56368473172187794 4.7500000000000009 309.50000000000006 -0.49064628779888148 57.500000000000007 72.500000000000014 0.96687895059585582 11.500000000000002 28.150000572204593 34.149999618530281 13.000000000000002 0.44312302768230444 -0.85671821236610401 5.0499999523162851 -0.41398024559020991 5.5499999523162851 2.3500000238418584 45.736633300781257 7.5000000000000009 16.500000000000004 73.500000000000014 339.44422912597662 58.940000534057624 11.171411991119387 21.111850738525394
decision_type=2 2 2 10 2 8 2 2 2 2 2 2 2 2 2 2 2 2 2 2 2 2 2 2 2 2 2 2 2 2 10 2 2 2 10 2 10 2
left_child=17 2 4 31 10 6 7 9 -9 -6 -2 13 -13 -4 15 16 -15 29 19 20 -19 -16 24 -24 37 -26 27 -8 -28 -1 -31 -3 -33 34 35 -34 -36 -7
right_child=1 3 11 -5 5 22 26 8 -10 -11 -12 12 -14 14 21 -17 -18 18 -20 -21 -22 -23 23 -25 25 -27 28 -29 -30 30 -32 32 33 -35 36 -37 -38 -39
leaf_value=0.0098365213162776334 0.058486199499593168 0.33747784779453516 0.051607908980937492 -0.20235826446266272 0.21413936558374275 -0.048510012702178258 -0.062023939017300231 0.35112362994710467 1.2094454502723708 -0.10878714245712735 0.55675560381577749 0.87001569473413343 0.073712677722059333 0.63360873714368871 -0.00063024155883770335 0.97712491542990076 0.13582984648845747 -0.00017215237295617518 -0.01866430300974186 0.60749065196666074 0.61685732298203066 0.40131966522831575 0.55572609217438584 -0.04328268950394662 0.16359053155508246 -0.023203082346557997 0.26695618600531751 0.41250280935788158 0.035641746194892958 -0.09746102599889378 -0.40874627930731577 -0.062707722003277996 0.020593343365655874 -0.019700177941739526 -0.033639657322360877 -0.061857267730312346 0.098318499719769983 -0.20303367770158753
leaf_weight=2011 378 184 11123 1045 716 7010 3556 484 155 1055 238 223 675 181 1181 177 316 1783 15263 199 156 193 181 217 1832 7937 774 196 8188 4894 234 4880 32038 20496 2218 5044 6854 957
leaf_count=2011 378 184 11123 1045 716 7010 3556 484 155 1055 238 223 675 181 1181 177 316 1783 15263 199 156 193 181 217 1832 7937 774 196 8188 4894 234 4880 32038 20496 2218 5044 6854 957
internal_value=0.00877025 0.0156973 0.0376871 0.00120763 0.0171734 0.0128423 0.0499032 0.164305 0.559339 0.0217695 0.251006 0.0870781 0.271466 0.0745063 0.19887 0.490459 0.317123 -0.0253012 -0.00391059 0.101414 0.0494728 0.055832 -0.0180669 0.229137 -0.0236144 0.0118268 0.0282176 -0.0372342 0.0556194 -0.0774399 -0.111666 0.00417398 0.00331656 0.00815076 0.0205188 0.00937815 0.0660562 -0.0670717
internal_weight=145242 120702 47943 72759 33874 33258 15124 2410 639 1771 616 14069 898 13171 2048 674 497 24540 17401 2138 1939 1374 18134 398 17736 9769 12714 3752 8962 7139 5128 71714 71530 66650 46154 37082 9072 7967
internal_count=145242 120702 47943 72759 33874 33258 15124 2410 639 1771 616 14069 898 13171 2048 674 497 24540 17401 2138 1939 1374 18134 398 17736 9769 12714 3752 8962 7139 5128 71714 71530 66650 46154 37082 9072 7967
is_linear=0
shrinkage=0.03


Tree=101
num_leaves=39
num_cat=0
split_feature=194 204 194 195 102 208 176 55 194 81 199 203 204 197 208 199 200 105 197 208 184 208 208 208 199 208 197 19 194 208 203 208 194 203 199 208 194 197
split_gain=37681 34423.3 34706.1 31007.3 62936.1 38432 29561.1 28366.9 26277.4 25473.9 22237.2 53352.3 43579 27082.2 24466.5 17346.5 17089.3 16884.7 36067.8 30123.3 28938.9 23103.2 19930.4 25097.9 54330.3 20148.8 18407.3 16122.1 13868.7 12795.7 27281 19042.2 12708.9 11031.6 12295.3 12346.6 11375.9 10831.2
threshold=7.5000000000000009 3.0000000000000004 19.500000000000004 1.2500000000000002 90.085414886474624 0.011826144531369211 79.350002288818374 26.965596199035648 96.500000000000014 44.312500000000007 83.500000000000014 0.95878320932388317 5.0000000000000009 971.95001220703136 0.4584775865077973 329.50000000000006 13.750000000000002 33.344663619995124 991.25000000000011 0.92191100120544445 0.44226177036762243 0.99138912558555614 -0.94426098465919484 -0.95998492836952198 116.50000000000001 -0.87397405505180348 980.04998779296886 1.1752816438674929 26.500000000000004 0.86869874596595775 0.58068084716796886 0.81304046511650097 64.500000000000014 0.78257837891578685 296.50000000000006 0.054805127903819091 10.500000000000002 973.85000610351574
decision_type=2 2 2 2 10 2 2 10 2 2 2 2 2 2 2 2 2 10 2 2 10 2 2 2 2 2 2 10 2 2 2 2 2 2 2 2 2 2
left_child=-1 6 7 8 5 -5 9 -3 10 17 11 12 -4 16 -15 29 -12 22 20 -20 -19 -21 23 37 -25 -24 -27 -10 -13 31 -31 -11 -22 34 36 -36 -9 -2
right_child=1 2 3 4 -6 -7 -8 33 27 15 13 28 -14 14 -16 -17 -18 18 19 21 32 -23 25 24 -26 26 -28 -29 -30 30 -32 -33 -34 -35 35 -37 -38 -39
leaf_value=0.43639657566796564 0.2234455448110321 0.1566621359906738 0.2720709126384635 0.0019316824532708658 0.57427177106005378 0.49945181578553161 -0.16711333788882432 -0.23120149239534449 -0.057560462145319742 -0.0900622614306925 0.27151520459189471 -0.33691019795434346 0.060393798857709985 0.00096378774291048554 0.033630306372538429 -0.38821642147409935 -0.085428816752588427 0.52220581090508522 0.076374343473705489 -0.22878865190501993 0.03630915454628153 -0.0065293924834893451 -0.16751184866199648 0.70151758616900695 0.025529920359202814 0.056844756869601151 -0.045761123266482927 -0.38052436476948998 -0.056930363746286579 0.012457204661183281 -0.55226294231675577 0.25977952109249819 0.16991294568158924 -0.14912394116723432 0.046096722789203806 -0.13017075635372635 -0.062312068172958153 -0.009411309099189925
leaf_weight=185 194 566 940 1103 264 160 1240 403 2589 1367 572 171 12722 60476 31323 194 153 148 1223 854 1561 830 1028 157 336 1884 9550 147 2312 156 152 156 1087 1149 1713 452 3283 2451
leaf_count=185 194 566 940 1103 264 160 1240 403 2589 1367 572 171 12722 60476 31323 194 153 148 1223 854 1561 830 1028 157 336 1884 9550 147 2312 156 152 156 1087 1149 1713 452 3283 2451
internal_value=0.00852951 0.00798383 0.0145826 0.0187499 0.153019 0.0649623 -0.0243807 -0.0476202 0.0169095 -0.0167937 0.0192214 0.0517089 0.0749582 0.0135524 0.01211 -0.118474 0.196187 -0.0071282 0.0370448 -0.0369454 0.113972 -0.119244 -0.0232769 0.0442978 0.240814 -0.0402926 -0.0288545 -0.0749141 -0.0762135 -0.0898921 -0.266243 -0.0542265 0.0911539 -0.0641381 -0.0474486 0.00929572 -0.0807778 0.00766838
internal_weight=145251 145066 120498 112932 1527 1263 24568 7566 111405 23328 108669 16145 13662 92524 91799 2025 725 21303 5703 2907 2796 1684 15600 3138 493 12462 11434 2736 2483 1831 308 1523 2648 7000 5851 2165 3686 2645
internal_count=145251 145066 120498 112932 1527 1263 24568 7566 111405 23328 108669 16145 13662 92524 91799 2025 725 21303 5703 2907 2796 1684 15600 3138 493 12462 11434 2736 2483 1831 308 1523 2648 7000 5851 2165 3686 2645
is_linear=0
shrinkage=0.03


Tree=102
num_leaves=39
num_cat=0
split_feature=204 206 199 194 80 176 185 56 198 80 184 69 189 194 36 194 56 197 183 197 197 79 183 198 75 176 191 191 189 198 197 54 197 141 199 194 197 105
split_gain=33272.7 32172.5 70518.1 38862 29669.3 29344.3 27941.9 36412.3 30732.1 28513.6 44048.7 27715.9 32853.5 21879 29647.7 24131.3 22722.6 39878.5 77702.8 21999 19926 19152.8 18399 17929 17912.3 15499.3 15375.2 17692.7 19511.9 22579.8 15372.1 15084.2 14988.1 26715.4 15200.3 14332.1 20895.8 137650
threshold=19.000000000000004 -0.93301269412040699 353.50000000000006 8.5000000000000018 44.312500000000007 129.18500518798831 285.19082641601568 105.45421218872072 2.7500000000000004 18.687500000000004 0.21647835522890094 17.32499980926514 21.112326622009281 94.500000000000014 145.04105377197268 81.500000000000014 105.45421218872072 992.14999389648449 130.74806213378909 973.04998779296886 985.75000000000011 1.1321976184844973 186.11331939697268 7.1499998569488534 21.464590072631839 17.210000038146976 44.207118988037116 29.70487213134766 215.50000000000003 7.4500000476837167 994.45001220703136 76.856590270996108 984.14999389648449 -5.8376045227050772 351.50000000000006 67.500000000000014 989.95001220703136 128.37414550781253
decision_type=2 2 2 2 2 2 8 8 2 2 8 10 10 2 10 2 10 2 8 2 2 8 10 2 10 2 10 10 10 2 2 10 2 8 2 2 2 10
left_child=1 2 5 -3 6 26 7 9 25 10 -5 -9 -13 15 -15 16 19 18 -18 -2 -7 30 32 -20 -11 -8 27 -1 29 -29 -10 -23 33 -21 -34 36 37 -6
right_child=13 3 -4 4 35 20 8 11 21 24 -12 12 -14 14 -16 -17 17 -19 23 22 -22 31 -24 -25 -26 -27 -28 28 -30 -31 -32 -33 34 -35 -36 -37 -38 -39
leaf_value=0.018363424641847443 0.3425865548110939 -0.39438652980353656 0.53794360657894091 0.4248192548246375 -0.089310252805503282 0.032103694032150319 -0.08804950214946311 0.033670358993701167 -0.0060583808469365603 -0.015559390343018073 0.031437265704316431 0.015606545332409929 0.3767935763101381 -0.0012971092433481798 0.57087964922057188 -0.015404739832698029 0.87723005710041113 -0.0067404880812148137 0.35733853666717968 0.2605984250722933 0.41588991350878635 -0.0014079635563138671 -0.088056179784370039 0.091982343826465973 0.033348870493760605 -0.29746804461605736 -0.049927788487548953 -0.0072649026788675066 0.37658549094117477 0.17841007852547597 0.15861460367508171 -0.10052551480276616 0.0112143027645287 0.059560725040544028 0.25318130160916652 -0.011577717859441859 -0.13963515132905147 0.75017478587798592
leaf_weight=6949 216 228 259 259 2081 204 1002 1125 24567 32866 23459 348 650 163 163 5868 157 919 317 663 302 2229 980 827 8478 466 1912 1189 226 1169 521 3636 7662 5792 241 4090 2927 192
leaf_count=6949 216 228 259 259 2081 204 1002 1125 24567 32866 23459 348 650 163 163 5868 157 919 317 663 302 2229 980 827 8478 466 1912 1189 226 1169 521 3636 7662 5792 241 4090 2927 192
internal_value=0.0084102 0.0020297 0.0482119 -0.00313767 -0.00231846 0.0375981 0.00246381 0.0135016 -0.0204095 0.0095121 0.0357332 0.135765 0.25085 0.0407104 0.284798 0.0373445 0.0547595 0.144544 0.251408 0.0419445 0.261166 -0.0140486 0.0377105 0.165515 -0.00553025 -0.154529 0.0277136 0.0432859 0.110308 0.0847853 -0.00263856 -0.0628559 0.0462947 0.0802099 0.0185934 -0.0535932 -0.0866399 -0.0183961
internal_weight=145302 121334 12210 109124 108896 11951 99606 67185 32421 65062 23718 2123 998 23968 326 23642 17774 2220 1301 15554 506 30953 15338 1144 41344 1468 11445 9533 2584 2358 25088 5865 14358 6455 7903 9290 5200 2273
internal_count=145302 121334 12210 109124 108896 11951 99606 67185 32421 65062 23718 2123 998 23968 326 23642 17774 2220 1301 15554 506 30953 15338 1144 41344 1468 11445 9533 2584 2358 25088 5865 14358 6455 7903 9290 5200 2273
is_linear=0
shrinkage=0.03


Tree=103
num_leaves=39
num_cat=0
split_feature=123 94 69 104 199 199 201 120 185 209 197 197 197 185 189 174 201 197 105 185 123 36 56 36 183 96 80 201 132 102 199 79 199 161 99 201 206 163
split_gain=30278.1 26839.2 28948.6 31085.1 43935.4 46893.5 35653.9 31231.4 24768.2 49069.2 37405.4 75473.9 36116.5 43205.9 73666.1 33583.1 67525.5 29735.4 28792.5 32746.7 28700.1 26292.5 21949.5 21553.2 28804.7 20035.5 19510.3 19395.7 18531.6 18271.4 30738.1 18162.7 17522.8 16079.8 15534.6 13747.4 26874.8 15448.2
threshold=-11.497584342956541 29.188759803771976 17.125000000000004 106.71250152587892 337.50000000000006 330.50000000000006 122.50000000000001 35.625000000000007 233.93025970458987 9.5000000000000018 993.54998779296886 993.35000610351574 987.45001220703136 120.34999847412111 205.50000000000003 3.8526015281677251 72.500000000000014 982.04998779296886 -19.452118873596188 419.51200866699224 21.084873199462894 251.80197906494143 24.133406639099125 479.31156921386724 85.657577514648452 47.094318389892585 41.537500381469734 287.50000000000006 -55.384984970092766 111.31041717529298 131.50000000000003 0.89437294006347667 78.500000000000014 140.92499542236331 0.77063217759132396 397.50000000000006 -0.25000000000000006 500.25498962402349
decision_type=8 8 10 10 2 2 2 10 8 2 2 2 2 8 10 2 2 2 8 10 10 10 8 10 8 8 2 2 8 10 2 8 2 2 2 2 2 2
left_child=34 8 25 -4 5 6 7 -5 9 12 11 15 13 29 20 17 -17 -11 19 21 -15 -10 -14 31 -25 -3 -8 -12 -24 33 -31 -20 -23 -2 -1 36 -26 -37
right_child=1 2 3 4 -6 -7 26 -9 18 10 27 -13 22 14 -16 16 -18 -19 23 -21 -22 32 28 24 35 -27 -28 -29 -30 30 -32 -33 -34 -35 -36 37 -38 -39
leaf_value=-0.081412532302391941 0.015637082632995597 -0.022140638704085957 -0.016104051465939268 0.058635910744368379 0.46177615546832229 -0.46108750019242106 0.10442719489680534 0.28717486976503381 0.11655211906309035 -0.31642518245195594 -0.12339755729416016 0.78246198280579771 -0.26486528854565122 0.027703685436661019 0.7475036867201057 0.52554037430675071 0.097075001119276624 0.079816310282878208 -0.0039934476406923592 -0.0013866956710490833 0.12994214817870292 0.64664786224642123 -0.031745048398633791 0.45755855442237792 -0.10262581253276559 -0.10879170729740451 -0.043932889632979276 0.11930418719728472 0.073002597692439233 0.39260001741122785 -0.014191360892161862 -0.055861482869320876 0.23491379812477228 -0.071092492653976602 -0.36957437920410741 0.037901674430188485 0.051755537905346628 0.24068502585046905
leaf_weight=1776 24620 20921 8084 1138 252 153 1267 1021 928 174 1069 146 333 5288 149 466 1143 8332 24827 1548 4639 164 11885 147 1390 2713 2154 410 1743 301 376 8045 215 2087 186 888 3760 546
leaf_count=1776 24620 20921 8084 1138 252 153 1267 1021 928 174 1069 146 333 5288 149 466 1143 8332 24827 1548 4639 164 11885 147 1390 2713 2154 410 1743 301 376 8045 215 2087 186 888 3760 546
internal_value=0.00832062 0.00992302 -0.0118056 0.0222653 0.0740912 0.0570493 0.0712571 0.166714 0.0176795 0.0295907 0.0849304 0.105261 0.0169559 0.0323049 0.0854193 0.0954852 0.22117 0.0717104 -3.95915e-05 0.0919717 0.075481 0.202544 -0.0242281 -0.00667276 0.0422359 -0.0320876 0.0110137 -0.0561166 -0.0183479 0.0127613 0.166674 -0.0166875 0.413091 0.00885962 -0.108732 0.0329623 0.0100874 0.115113
internal_weight=145284 143322 37703 14069 5985 5733 5580 2159 105619 63161 11740 10261 51421 37460 10076 10115 1609 8506 42458 2855 9927 1307 13961 39603 6731 23634 3421 1479 13628 27384 677 32872 379 26707 1962 6584 5150 1434
internal_count=145284 143322 37703 14069 5985 5733 5580 2159 105619 63161 11740 10261 51421 37460 10076 10115 1609 8506 42458 2855 9927 1307 13961 39603 6731 23634 3421 1479 13628 27384 677 32872 379 26707 1962 6584 5150 1434
is_linear=0
shrinkage=0.03


Tree=104
num_leaves=39
num_cat=0
split_feature=204 184 97 194 197 77 208 96 194 194 123 208 97 196 185 55 96 141 75 76 208 193 184 197 76 195 96 97 77 123 208 197 208 55 202 208 197 76
split_gain=32118.9 46528.3 38776 32142.9 39714.5 69376.9 110967 30360.2 30147.6 27259.3 30224.6 29811 29486.1 28850.5 37349.7 26412.8 26214 27845 23828.8 27143.6 37803 93514.7 35993.6 28837.9 26581.4 26150 24177.7 23450.9 23041.1 22553.7 21610.2 18869.4 18546.7 17504.8 17212.5 17168.1 16234.6 15495.9
threshold=11.000000000000002 0.1899911165237427 13.799117565155031 20.500000000000004 992.95001220703136 0.56190654635429393 0.85114607214927684 23.491719245910648 7.5000000000000009 93.500000000000014 -7.3037321567535392 -0.99465739727020253 9.4860343933105487 18.500000000000004 61.265808105468757 28.176765441894535 45.736633300781257 10.864171981811525 52.678991317749031 14.288474559783937 0.44312302768230444 26.849999427795414 1.020996689796448 990.85000610351574 18.197836875915531 1.3499999642372134 19.265214920043949 4.79134225845337 4.6084542274475107 -4.0253286361694327 0.67644694447517406 973.85000610351574 0.31595529615879064 102.54040527343751 -0.58068084716796864 -0.35846087336540217 988.64999389648449 10.132551670074465
decision_type=2 8 2 2 2 8 2 8 2 2 8 2 2 2 10 10 8 10 10 10 2 2 10 2 10 2 10 2 8 10 2 2 2 8 2 2 2 8
left_child=1 -1 18 8 5 6 -5 28 -2 10 13 -12 -11 -7 -15 -10 34 -18 19 26 23 22 -22 25 -25 -21 29 -13 -4 -3 -20 -28 -30 -9 37 -33 -17 -6
right_child=3 2 7 4 16 9 -8 33 15 12 11 27 -14 14 -16 36 17 -19 30 20 21 -23 -24 24 -26 -27 31 -29 32 -31 -32 35 -34 -35 -36 -37 -38 -39
leaf_value=0.40735117692796341 0.34397412152107593 -0.03960329089645661 0.029658993440883213 0.045377546536265571 -0.048725974085293181 -0.11150244696995414 1.0871675461174417 -0.05770579256865397 0.1242564952310692 0.073432233782017547 -0.046865620591729169 0.01513633310138939 0.55718266408488715 0.50448861094768394 -0.0037243777026708604 -0.049928833366593817 -0.28173193475215202 -0.041834370867408759 -0.26046009266761105 0.0072305555052989924 0.020395429078373658 0.78877775855251797 0.16146305176982836 -0.008996339069226306 -0.32974381366408018 0.28012743041502042 -0.18149047632864829 0.059218303587073778 -0.14930700051099272 0.10221882297939362 -0.014475280123969857 0.0028428386547221531 -0.36726298772685445 0.049311624564748857 -0.062076079079295576 -0.050395791414169458 -0.21338221923071682 0.079391675141444504
leaf_weight=244 183 1651 473 246 1270 2320 147 6149 740 293 3434 16265 185 161 679 6073 695 1166 588 25360 5184 164 2373 497 437 320 725 32692 1375 2596 709 10085 472 1772 2682 11865 601 2567
leaf_count=244 183 1651 473 246 1270 2320 147 6149 740 293 3434 16265 185 161 679 6073 695 1166 588 25360 5184 164 2373 497 437 320 725 32692 1375 2596 709 10085 472 1772 2682 11865 601 2567
internal_value=0.00781648 -0.00621979 -0.00760608 0.0219768 0.0288211 0.0378721 0.435072 -0.0617199 -0.0364039 0.035086 0.0331449 0.0385795 0.260666 -0.0569581 0.0936872 -0.0457933 -0.0321191 -0.131427 0.00125314 0.00394739 0.0216307 0.0800739 0.0646928 0.00467564 -0.15907 0.0106313 -0.018605 0.0445729 -0.157164 0.0470861 -0.125995 -0.0309089 -0.205007 -0.0337649 -0.00376927 -0.0259351 -0.0646483 0.0369862
internal_weight=145438 73039 72795 72399 64802 56422 393 10241 7597 56029 55551 52391 478 3160 840 7414 8380 1861 62554 61257 34335 7721 7557 26614 934 25680 26922 48957 2320 4247 1297 22675 1847 7921 6519 21950 6674 3837
internal_count=145438 73039 72795 72399 64802 56422 393 10241 7597 56029 55551 52391 478 3160 840 7414 8380 1861 62554 61257 34335 7721 7557 26614 934 25680 26922 48957 2320 4247 1297 22675 1847 7921 6519 21950 6674 3837
is_linear=0
shrinkage=0.03


Tree=105
num_leaves=39
num_cat=0
split_feature=123 207 96 139 208 199 208 207 201 198 198 199 199 187 83 97 99 185 207 186 199 165 132 102 199 185 198 184 207 74 158 140 206 201 201 201 36 199
split_gain=29009 27424.9 60697 51195.2 60068.8 96699.4 43501.9 75449.8 40589.7 70911.7 48431.1 31293.6 25858.4 24708 22633.3 21880.1 36387.1 31798.3 28810 57900.5 24662 24980.1 24544.8 22180.7 25048.8 22171 20827 20665.5 18458.7 18277.4 23571.4 20508.2 19250.4 30929.7 26470.8 24711.7 38052.6 29043.7
threshold=-11.497584342956541 -0.36647418141365046 40.412738800048835 3.9585000276565556 0.83258596062660228 263.50000000000006 0.79253265261650097 -0.5917624533176421 132.50000000000003 4.6499998569488534 5.1499998569488534 330.50000000000006 298.50000000000006 23.124250411987308 13.262500286102297 14.080075740814211 0.33336578309535986 125.05000305175783 0.31799963116645819 0.93553391098976146 351.50000000000006 3.5408543348312382 -104.39555358886717 111.31041717529298 88.500000000000014 221.90000152587893 9.4499998092651385 0.21647835522890094 -0.41398024559020991 54.242467880249031 5.5000000000000009 18.526041030883793 -0.93301269412040699 862.50000000000011 1287.5000000000002 37.500000000000007 389.25318908691412 243.50000000000003
decision_type=8 2 10 8 2 2 2 2 2 2 2 2 2 10 8 2 2 10 2 8 2 2 10 10 2 10 2 10 2 8 2 10 2 2 2 2 8 2
left_child=-1 3 15 4 6 -6 13 -8 9 -7 -10 12 -9 -2 -4 16 22 23 19 -19 21 -17 -3 -18 -25 -20 28 -24 -15 30 31 -5 33 -32 -35 37 -37 -34
right_child=1 2 14 29 5 8 7 11 10 -11 -12 -13 -14 26 -16 20 17 18 25 -21 -22 -23 27 24 -26 -27 -28 -29 -30 -31 32 -33 35 34 -36 36 -38 -39
leaf_value=-0.1063770863007992 -0.0065807636795026806 0.020990901100584634 0.025985559631766096 -0.0040342456289759188 0.96012511364295328 0.93371728032732937 -0.57259083696567104 -0.0068604192708067021 -0.38884128484018116 0.14636580366884624 0.14766583784904749 -0.37571149284154898 0.44047094742922993 0.081966343225742339 -0.20511448614412309 -0.028394272068384307 -0.016121705533174928 0.38163999985929487 0.095755078203650354 0.053593504691525545 0.3228508139914677 -0.17425768133829178 0.2479367713973997 0.42959641037966356 0.058929820551668191 0.019223128327234312 -0.043720020808795945 -0.027595458361329879 0.27192629797617157 -0.064566311395385795 -0.15340261946294628 -0.12395399823771025 0.1682447991517127 0.30795668472423893 -0.0044099478726430637 0.084066369857691101 -0.032842193848910607 -0.0056215065021292549
leaf_weight=1969 4050 15618 487 15420 148 152 270 475 175 319 1124 153 154 11843 1759 5281 12149 719 5104 1483 157 1321 247 182 1666 10245 1158 29926 479 3161 258 1400 2072 782 355 3711 7715 1484
leaf_count=1969 4050 15618 487 15420 148 152 270 475 175 319 1124 153 154 11843 1759 5281 12149 719 5104 1483 157 1321 247 182 1666 10245 1158 29926 479 3161 258 1400 2072 782 355 3711 7715 1484
internal_value=0.00798926 0.00956179 -0.00109186 0.0257403 0.0636511 0.223493 0.0471525 -0.140222 0.161894 0.400472 0.0753855 0.00906605 0.102665 0.0583972 -0.155005 0.0030187 0.00754241 0.0323337 0.0592308 0.160709 -0.0487432 -0.0575805 -0.00953773 -0.00139271 0.0954371 0.0446724 0.0779195 -0.0253398 0.089351 0.00436477 0.0109284 -0.0140158 0.0365473 0.143138 0.210428 0.0266223 0.00512803 0.0956865
internal_weight=145171 143202 86344 56858 20500 1918 18582 1052 1770 471 1299 782 629 17530 2246 84098 77339 31548 17551 2202 6759 6602 45791 13997 1848 15349 13480 30173 12322 36358 33197 16820 16377 1395 1137 14982 11426 3556
internal_count=145171 143202 86344 56858 20500 1918 18582 1052 1770 471 1299 782 629 17530 2246 84098 77339 31548 17551 2202 6759 6602 45791 13997 1848 15349 13480 30173 12322 36358 33197 16820 16377 1395 1137 14982 11426 3556
is_linear=0
shrinkage=0.03


Tree=106
num_leaves=39
num_cat=0
split_feature=204 207 206 207 193 203 189 196 207 204 207 207 197 17 94 207 194 207 198 198 176 207 194 203 194 105 197 176 184 191 194 194 209 204 75 105 94 56
split_gain=32453.9 38364.1 44891.5 44250.3 34719.6 41794.8 40272.6 36202.8 69067 40048.6 37547 136008 37196 41478.7 36504.3 34743.7 30803.3 30067.1 91099.5 59998.5 36347.1 50982.7 118209 34300.5 30777.3 37685.9 31109.2 26396.6 25957.4 40506.2 25947 28098.8 26991.2 65465.3 25525.4 24529.1 23782.1 22732.3
threshold=3.0000000000000004 -0.36647418141365046 0.25000000000000011 -0.26866367459297175 14.949999809265138 0.36648726463317877 69.030529022216811 98.500000000000014 -0.99372696876525868 11.000000000000002 -0.49064628779888148 -0.47558552026748652 981.25000000000011 114.65004730224611 36.200523376464851 -0.54939359426498402 7.5000000000000009 -0.56368473172187794 4.4500000476837167 4.1499998569488534 21.32499980926514 -0.9413962960243224 84.500000000000014 0.078456107527017607 91.500000000000014 10.1570200920105 980.54998779296886 79.350002288818374 0.58744665980339061 35.041831970214851 22.500000000000004 73.500000000000014 11.500000000000002 11.000000000000002 21.618843078613285 103.55309295654298 49.358854293823249 30.385595321655277
decision_type=2 2 2 2 2 2 8 2 2 2 2 2 2 8 10 2 2 2 2 2 2 2 2 2 2 8 2 2 8 10 2 2 2 2 10 10 10 10
left_child=27 2 4 35 5 -2 15 9 -9 12 14 -12 -6 -14 -11 -7 -5 20 19 23 24 22 -22 -19 34 26 -26 36 29 -10 37 32 -32 -34 -4 -3 -1 -18
right_child=1 3 17 16 7 6 -8 8 28 10 11 -13 13 -15 -16 -17 30 18 -20 -21 21 -23 -24 -25 25 -27 -28 -29 -30 -31 31 -33 33 -35 -36 -37 -38 -39
leaf_value=-0.010389316320827877 0.016753199792879335 -0.041657071776227642 -0.021560927519316705 0.39520573983681684 -0.20982861519160176 0.17924025224593915 0.015447827224998817 0.56383094871452477 0.10664737723444111 0.036906033708008941 0.85231729128294542 0.04996011670276166 0.00035315000279616233 -0.15482571030767325 -0.07524678108133509 0.72060847571851649 0.082357043523119844 0.62833251964719361 0.065458100749927611 0.99619803846513422 0.1633551938834627 0.077886460431132801 1.0382659711137561 0.053557525178801225 0.1170646625143863 0.036639941773708162 0.58092794288319061 -0.15921527897071533 0.014439478752189873 0.60454395786177073 0.020880078834735971 -0.017183949492165285 0.51598139663770348 0.064634861060727564 0.11665602244645508 -0.18371017519132615 -0.15743778580155957 -0.05529402261454517
leaf_weight=22220 868 3657 5983 183 1145 180 237 257 1050 11460 223 1290 8103 1917 3383 262 1228 169 1501 165 647 2406 177 209 247 837 275 1236 3294 171 35932 18407 328 2446 1505 1561 1036 8944
leaf_count=22220 868 3657 5983 183 1145 180 237 257 1050 11460 223 1290 8103 1917 3383 262 1228 169 1501 165 647 2406 177 209 247 837 275 1236 3294 171 35932 18407 328 2446 1505 1561 1036 8944
internal_value=0.00736526 0.013757 0.034583 1.51333e-05 0.0158341 0.15467 0.330972 0.00918306 0.0854647 -0.00404378 0.0258564 0.168224 -0.0478456 -0.0293353 0.0113442 0.500151 0.00652479 0.0795135 0.185921 0.518906 0.0615042 0.147638 0.351301 0.310544 0.030057 0.161401 0.361444 -0.0241201 0.0582342 0.176382 0.0054676 0.0133298 0.0278408 0.118004 0.00621911 -0.0841535 -0.0169401 -0.0386762
internal_weight=145139 120647 47961 72686 33840 1547 679 32293 4772 27521 16356 1513 11165 10020 14843 442 67468 14121 2044 543 12077 3230 824 378 8847 1359 522 24492 4515 1221 67285 57113 38706 2774 7488 5218 23256 10172
internal_count=145139 120647 47961 72686 33840 1547 679 32293 4772 27521 16356 1513 11165 10020 14843 442 67468 14121 2044 543 12077 3230 824 378 8847 1359 522 24492 4515 1221 67285 57113 38706 2774 7488 5218 23256 10172
is_linear=0
shrinkage=0.03


Tree=107
num_leaves=39
num_cat=0
split_feature=204 207 207 207 201 198 203 203 203 201 114 198 196 207 207 196 207 201 204 207 207 207 204 201 196 95 203 203 203 207 201 201 207 209 204 105 201 201
split_gain=30213.5 34682.7 40776.5 37895.4 84534.2 114164 94507 62753.6 47546.6 78043.8 72271.7 54490.2 46587.5 43631.6 43239.3 42990.2 55003.3 44092.2 73005.9 106175 42285.6 95217.5 40875 48381.8 42323.5 39440.1 34580 32379.3 30758.1 30629.7 27758.5 31973.8 65171.5 55584.5 24890.3 23192.9 22554.6 21029.7
threshold=3.0000000000000004 -0.36647418141365046 -0.26866367459297175 -0.54939359426498402 127.50000000000001 4.5499999523162851 0.9238443672657014 0.66259482502937328 -0.14780378341674802 742.50000000000011 -14.666624069213865 6.9500000476837167 1.0000000180025095e-35 -0.60554069280624379 -0.5917624533176421 98.500000000000014 -0.99372696876525868 32.500000000000007 5.0000000000000009 -0.94705909490585316 -0.68430826067924488 -0.67166441679000843 11.000000000000002 1297.5000000000002 66.500000000000014 41.714265823364265 0.49240480363368994 0.095842104405164733 0.90992662310600292 -0.49064628779888148 57.500000000000007 72.500000000000014 0.96687895059585582 11.500000000000002 13.000000000000002 103.55309295654298 627.50000000000011 4287.5000000000009
decision_type=2 2 2 2 2 2 2 2 2 2 10 2 2 2 2 2 2 2 2 2 2 2 2 2 2 10 2 2 2 2 2 2 2 2 2 10 2 2
left_child=30 3 35 13 5 7 8 29 9 34 -11 12 -10 15 25 17 27 18 19 -2 -18 -22 24 -24 -19 -15 -16 -17 -28 -5 -1 32 33 -32 -6 -3 -13 -4
right_child=1 2 37 4 6 -7 -8 -9 11 10 -12 36 -14 14 26 16 20 22 -20 -21 21 -23 23 -25 -26 -27 28 -29 -30 -31 31 -33 -34 -35 -36 -37 -38 -39
leaf_value=-0.07309351034673417 0.7867018289660771 -0.039521962845911342 0.0054121676266856659 0.65074086700585332 -0.11377979739646404 0.052832587219564457 0.77073933419368168 1.1347482903049191 -0.39514443662877546 0.23916602127603184 1.0380448328872764 0.12243563715663594 -0.043157339488991808 -0.055367007367053113 -0.15279734529006611 0.79134160071058768 0.032707851673895422 -0.02120507347145701 0.052146651743832803 0.051464830336408439 0.86841449804221416 0.11992165067262353 0.061017661712323826 -0.055944074904397949 -0.23428344824662725 -0.60398874769983191 0.36203235759288538 0.17597252681493369 -0.069456710695494625 0.20196774033446177 0.0049964004527745503 -0.018109062158120224 0.60875190305073557 0.60799713552669199 0.1949650552496893 -0.17794408628837657 -0.069766723903916292 0.28969582936362437
leaf_weight=7142 324 3666 67336 282 578 794 156 145 558 343 145 1525 860 210 906 164 3136 11497 3454 389 186 861 13814 4136 905 269 291 145 304 266 1794 15309 209 149 396 1550 859 235
leaf_count=7142 324 3666 67336 282 578 794 156 145 558 343 145 1525 860 210 906 164 3136 11497 3454 389 186 861 13814 4136 905 269 291 145 304 266 1794 15309 209 149 396 1550 859 235
internal_value=0.00703149 0.0132084 0.000162278 0.0330337 0.09804 0.298411 0.0430668 0.579776 0.0215006 0.166897 0.476554 -0.0344095 -0.18167 0.0220801 -0.115304 0.0290531 0.116355 0.0176924 0.109199 0.385576 0.0878219 0.252899 0.00512943 0.0340676 -0.036754 -0.363472 -0.0361067 0.502592 0.141576 0.432914 -0.0232683 -0.00288843 0.105388 0.0512407 0.0117471 -0.0806562 0.0531813 0.0064009
internal_weight=145288 120685 72787 47898 6907 1487 5420 693 5264 1462 488 3802 1418 40991 1980 39011 4492 34519 4167 713 4183 1047 30352 17950 12402 479 1501 309 595 548 24603 17461 2152 1943 974 5216 2384 67571
internal_count=145288 120685 72787 47898 6907 1487 5420 693 5264 1462 488 3802 1418 40991 1980 39011 4492 34519 4167 713 4183 1047 30352 17950 12402 479 1501 309 595 548 24603 17461 2152 1943 974 5216 2384 67571
is_linear=0
shrinkage=0.03


Tree=108
num_leaves=39
num_cat=0
split_feature=94 193 197 194 187 207 123 95 144 184 197 170 207 207 193 95 207 16 80 139 207 123 96 82 197 181 132 181 93 114 96 189 189 52 194 184 198 189
split_gain=27054.3 35312.1 84636.5 37967.6 25480 25073.9 43834.1 28721.3 26050.8 25911.6 64763.5 24155.7 32076.7 187495 32424.9 22954.6 22335.4 21269.5 21217.9 21078.4 20266.2 20042.3 31229.1 19435.8 19372.2 18435.3 18097.9 17641.3 21747.4 17408.8 16238.5 15181.6 14704.1 14520.1 14419.4 14118.6 14091.1 13618
threshold=29.188759803771976 40.649999618530281 981.04998779296886 8.5000000000000018 24.521499633789066 -0.36647418141365046 30.413567543029789 10.43928909301758 0.018452819436788562 0.25710992515087133 990.54998779296886 4.2850000858306894 -0.47558552026748652 -0.49064628779888148 12.550000190734865 38.187152862548835 0.93845596909523021 107.492000579834 45.487499237060554 6.9165000915527353 -0.26866367459297175 29.137392997741703 19.694006919860843 51.225000381469734 987.25000000000011 138.00000000000003 -73.992229461669908 16.000000000000004 49.291015625000007 194.60375976562503 25.503986358642582 187.50000000000003 133.50000000000003 90.575000762939467 55.500000000000007 0.69634971022605907 7.1499998569488534 129.50000000000003
decision_type=8 2 2 2 10 2 10 10 8 8 2 2 2 2 2 10 2 8 2 8 2 10 10 10 2 2 10 2 10 10 10 10 10 10 2 8 2 10
left_child=1 3 -3 -1 16 6 8 17 34 10 -9 15 13 14 -13 27 30 -7 33 -17 -11 22 32 26 -24 -8 -16 28 29 -2 31 -5 -18 -14 -6 -10 37 -25
right_child=11 2 -4 4 5 7 25 9 35 20 -12 12 18 -15 23 19 21 -19 -20 -21 -22 -23 24 36 -26 -27 -28 -29 -30 -31 -32 -33 -34 -35 -36 -37 -38 -39
leaf_value=-0.39307987321837823 -0.0045019943305185358 0.050959309891063231 0.83824931962723737 -0.011250208051504309 0.013022811963296216 0.1003216499191328 0.20320085428726781 0.56683881005059678 0.12576020580184596 -0.069718972864690573 -0.020187634047471512 0.37789603649119363 -0.053134774180936914 0.82762078024452734 -0.023112437250594597 -0.044406455902905803 0.043274681915970017 0.44358576439054453 -0.13694330927387866 -0.16623515391541407 0.011955498729413944 -0.093725107716732828 0.0023609728520948294 -0.078115162675495703 -0.19603482162820743 0.56896597097873114 0.093124865243539093 -0.024523169134066009 0.38197593902694332 0.2267500533696728 0.043154924010576398 0.08725774566096868 0.27172498722736632 0.071760718846747062 0.11180695005648079 0.0078640908494012791 0.13932090469105013 -0.36141473065091995
leaf_weight=206 1613 553 158 23947 1723 1333 529 260 999 2934 484 234 1888 277 2025 4191 593 185 1388 1839 40164 4244 1377 1007 653 162 2979 18187 180 358 8170 1496 443 1506 5829 10767 222 180
leaf_count=206 1613 553 158 23947 1723 1333 529 260 999 2934 484 234 1888 277 2025 4191 593 185 1388 1839 40164 4244 1377 1007 653 162 2979 18187 180 358 8170 1496 443 1506 5829 10767 222 180
internal_value=0.0074895 0.0152044 0.225922 0.0137976 0.0145862 0.0262078 0.0541829 0.0138676 0.0457848 0.00942559 0.18496 -0.0142342 0.0216292 0.0628995 0.0310301 -0.0301556 -0.00397786 0.142158 -0.0381273 -0.0815614 0.00639529 -0.0515036 0.00693993 0.018373 -0.0614584 0.288959 0.0460864 -0.0149143 0.0663298 0.0375018 0.00635783 -0.00545808 0.140963 0.00228431 0.0892693 0.0178743 -0.0800493 -0.121078
internal_weight=145283 107209 711 106498 106292 65369 20009 45360 19318 43842 744 38074 11706 6924 6647 26368 40923 1518 4782 6030 43098 7310 3066 6413 2030 691 5004 20338 2151 1971 33613 25443 1036 3394 7552 11766 1409 1187
internal_count=145283 107209 711 106498 106292 65369 20009 45360 19318 43842 744 38074 11706 6924 6647 26368 40923 1518 4782 6030 43098 7310 3066 6413 2030 691 5004 20338 2151 1971 33613 25443 1036 3394 7552 11766 1409 1187
is_linear=0
shrinkage=0.03


Tree=109
num_leaves=39
num_cat=0
split_feature=204 207 206 202 207 120 207 207 204 196 193 208 208 202 201 200 173 202 208 207 208 201 201 201 207 209 200 193 196 138 208 207 206 185 94 193 204 202
split_gain=28593.6 30733 39356.8 44145.4 38216.7 33207.7 41373.7 129798 99388.1 62173.4 51338.9 70953.8 32994.3 82083.4 53840 29611.9 90707.9 57726.6 49568.8 60201.1 29336.6 25576.4 25374.1 30456.2 57835.1 54234.6 29632.4 22705.2 52470.4 22675.3 21672.4 52141.8 110306 27868.3 22892.4 26336.6 24379.1 21398.6
threshold=3.0000000000000004 -0.36647418141365046 0.25000000000000011 -0.99687939882278431 -0.26866367459297175 54.070835113525398 -0.99372696876525868 -0.99630266427993763 15.000000000000002 89.500000000000014 30.94999980926514 0.011826144531369211 0.82293498516082775 -0.38266885280609125 112.50000000000001 13.250000000000002 318.30000305175787 0.8038262426853181 0.86004966497421276 -0.47558552026748652 -0.72694849967956532 1087.5000000000002 57.500000000000007 72.500000000000014 0.96687895059585582 11.500000000000002 6.8500001430511483 34.149999618530281 13.500000000000002 29.547916412353519 0.44312302768230444 -0.86976337432861317 -0.68301269412040699 51.798387527465827 25.35196685791016 21.44999980926514 11.000000000000002 -0.99809679388999928
decision_type=2 2 2 2 2 8 2 2 2 2 2 2 2 2 2 2 2 2 2 2 2 2 2 2 2 2 2 2 2 10 2 2 2 8 10 2 2 2
left_child=22 2 5 37 29 6 7 10 9 -9 11 -2 -8 14 -14 16 18 -18 20 -20 -5 -12 26 24 25 -24 -1 30 -29 -3 34 32 -32 -33 35 -7 -36 -4
right_child=1 4 3 15 -6 27 12 8 -10 -11 21 -13 13 -15 -16 -17 17 -19 19 -21 -22 -23 23 -25 -26 -27 -28 28 -30 -31 31 33 -34 -35 36 -37 -38 -39
leaf_value=0.0068047423756117734 -0.093169276495615808 -0.024167689996789043 -0.065429996214316444 0.23048678018755842 0.006536066125863796 0.20514998216424438 0.0091217594271526641 0.05703099107386686 1.1708558848126396 0.76891458431913229 0.0026177823652400074 0.50847884164395052 0.59150199691765104 0.66876721923126536 0.0018652675080813733 0.035019051624238802 0.30004933147142909 0.96410310136517396 0.8832022893358541 0.032788302779200251 0.052005463556077845 -0.30270826597648814 0.0049608854744218082 -0.018054970286253854 0.58187071590776329 0.58655941074651763 -0.11868454631968547 -0.043710297943203663 0.65766927575221268 -0.15114582551517702 0.6142272505477997 0.14587676467126989 -0.070817800323400626 -0.049779208355248253 -0.31393887670490189 -0.054528427171196756 -0.056800534033878455 -0.45281677072496618
leaf_weight=2756 338 2986 590 970 67585 375 15678 315 159 170 676 369 156 235 1307 5760 432 162 155 145 5695 389 1783 15262 205 157 4393 284 145 2197 377 764 482 4600 617 5608 718 164
leaf_count=2756 338 2986 590 970 67585 375 15678 315 159 170 676 369 156 235 1307 5760 432 162 155 145 5695 389 1783 15262 205 157 4393 284 145 2197 377 764 482 4600 617 5608 718 164
internal_value=0.00678594 0.012794 0.0314725 0.0736207 0.000515413 0.0139039 0.0389004 0.155223 0.51997 0.306568 0.0226603 0.220847 0.0227265 0.148341 0.064742 0.0862628 0.125311 0.481168 0.0949613 0.472184 0.0779813 -0.108906 -0.0227216 -0.00317828 0.102671 0.0520312 -0.0703074 -0.02151 0.193361 -0.0779922 -0.0283176 0.0128395 0.229839 -0.0219114 -0.0633164 -0.0382521 -0.175644 -0.149694
internal_weight=145159 120603 47835 14073 72768 33762 19792 2416 644 485 1772 707 17376 1698 1463 13319 7559 594 6965 300 6665 1065 24556 17407 2145 1940 7149 13970 429 5183 13541 6223 859 5364 7318 5983 1335 754
internal_count=145159 120603 47835 14073 72768 33762 19792 2416 644 485 1772 707 17376 1698 1463 13319 7559 594 6965 300 6665 1065 24556 17407 2145 1940 7149 13970 429 5183 13541 6223 859 5364 7318 5983 1335 754
is_linear=0
shrinkage=0.03


Tree=110
num_leaves=39
num_cat=0
split_feature=94 193 197 187 69 144 200 200 204 163 149 170 200 154 196 183 167 202 122 95 198 197 33 183 153 202 198 102 199 96 199 36 122 142 200 123 197 75
split_gain=27797.3 35818.8 92065.5 25429.1 22134.5 27144.3 24843.7 21378 20223.5 22488.7 18954.5 26714.7 29011.1 61339.1 26285.9 24245.2 22066.8 21269.3 20702.4 18376.4 18056.3 26877.7 17775 17672.1 17409.9 18401.7 17169.5 31629.3 17101.9 49814.9 29505.3 16456.2 16192.6 15627.1 15544.7 16875.9 15440.5 14941.2
threshold=29.188759803771976 40.649999618530281 981.04998779296886 24.521499633789066 17.125000000000004 -0.67767247557640065 4.1499998569488534 3.7500000000000004 9.0000000000000018 794.48501586914074 15.514999866485597 3.1450001001358037 4.0499999523162851 4.5000000000000009 39.500000000000007 44.701007843017585 1.3199999928474428 -0.64942333102226246 28.724454879760746 32.205884933471687 1.2500000000000002 990.25000000000011 1.0000000180025095e-35 117.20003128051759 1.4978661537170412 0.83385404944419872 7.4500000476837167 133.51041412353518 337.50000000000006 46.54467964172364 329.50000000000006 500.90773010253912 42.490413665771491 0.66526162624359142 4.7500000000000009 37.08045959472657 987.35000610351574 16.619918823242191
decision_type=8 2 2 10 10 8 2 2 2 2 2 2 2 2 2 10 2 2 8 10 2 2 8 10 2 2 2 10 2 10 2 8 8 2 2 10 2 8
left_child=1 3 -3 8 19 -6 7 20 22 23 11 16 13 -13 15 -14 33 -16 -12 -2 21 -7 -1 32 25 -11 -21 -28 30 -30 34 -18 36 -5 -8 -36 -10 -20
right_child=4 2 -4 10 5 6 28 -9 9 24 18 12 14 -15 17 -17 31 -19 37 26 -22 -23 -24 -25 -26 -27 27 -29 29 -31 -32 -33 -34 -35 35 -37 -38 -39
leaf_value=-0.25229654265039375 -0.012603725170366398 0.050773904931001479 0.88638165469656327 0.084644023607519853 0.37020235636878041 0.54424380350986412 -0.26718885352536731 0.40407112468964579 0.054137504594497773 0.089711559577686548 -0.12634686971412656 -0.0085099639275083433 0.24793414150687909 0.64147298478468096 -0.13991961315132165 0.07236761381628426 -0.018102487488520082 0.056658714559493645 0.044925324116556226 -0.087565998358830555 -0.056039278057699579 -0.028537421865974556 -0.028370950254676123 -0.15406240351551129 -0.00701586120297125 0.31421937525985111 -0.023762216476716079 0.4136347201616708 -0.0015480654072490556 0.61797983159107861 -0.34583528379445716 0.088840319430721432 -0.018900302291825068 0.026880144182452687 -0.03776935811062318 0.033720657354258013 -0.025470127439621629 -0.042134495260976644
leaf_weight=326 14805 568 150 4964 190 145 197 238 7868 1092 1328 280 813 245 882 5477 13809 1130 3658 7267 402 150 14925 641 924 470 1706 163 474 155 230 1429 11660 27940 5414 6588 3040 3445
leaf_count=326 14805 568 150 4964 190 145 197 238 7868 1092 1328 280 813 245 882 5477 13809 1130 3658 7267 402 150 14925 641 924 470 1706 163 474 155 230 1429 11660 27940 5414 6588 3040 3445
internal_value=0.00634142 0.0141745 0.225354 0.0127487 -0.0156564 0.0140427 0.00920645 0.15859 -0.00579122 0.0104518 0.0243563 0.0305695 0.0785464 0.294821 0.0648693 0.0950605 0.0217727 -0.0295153 -0.0176262 -0.0332506 0.0747629 0.253006 -0.0331577 0.00126635 0.0962061 0.157267 -0.0667091 0.0143859 -0.00149006 0.151124 -0.00921361 -0.00807345 0.00567824 0.0355946 -0.00286666 0.00147208 0.0319513 0.00270071
internal_weight=145188 107064 718 106346 38124 14183 13993 935 40946 25695 65400 56969 8827 525 8302 6290 48142 2012 8431 23941 697 295 15251 23209 2486 1562 9136 1869 13058 629 12429 15238 22568 32904 12199 12002 10908 7103
internal_count=145188 107064 718 106346 38124 14183 13993 935 40946 25695 65400 56969 8827 525 8302 6290 48142 2012 8431 23941 697 295 15251 23209 2486 1562 9136 1869 13058 629 12429 15238 22568 32904 12199 12002 10908 7103
is_linear=0
shrinkage=0.03


Tree=111
num_leaves=39
num_cat=0
split_feature=194 94 99 132 157 209 186 201 171 97 132 194 171 207 207 95 190 207 191 80 201 197 76 139 49 207 207 207 197 181 105 190 15 36 209 129 194 75
split_gain=28651.1 27256.7 23191.8 37191.4 31427 25739.9 27021.7 40012.9 55322.6 23875 23292.6 22416.2 20120.2 30265.1 154703 20456.8 20366.6 27380.1 22574.2 19644.1 19143.6 18591.8 26882.6 18413.6 18301.4 17830.8 17650.3 30559.3 16337.4 16191 44243.5 21261.6 18432.9 18314.5 23053.3 17050.5 20490 15398.1
threshold=7.5000000000000009 29.188759803771976 0.33336578309535986 -73.347381591796861 91.659999847412124 4.5000000000000009 0.17892380803823474 72.500000000000014 1.465556859970093 18.290186882019047 -52.864042282104485 35.500000000000007 1.6648721694946291 -0.47558552026748652 -0.49064628779888148 38.187152862548835 1.1246730685234072 -0.50556187331676472 39.95000076293946 43.074998855590827 12.500000000000002 987.25000000000011 19.930485725402836 7.5375001430511483 22.524999618530277 -0.73282214999198902 0.96234640479087841 0.9524284601211549 991.95001220703136 52.000000000000007 39.003898620605476 0.70657896995544445 204.51766204833987 346.63522338867193 9.5000000000000018 146.83332824707034 62.500000000000007 12.453527927398683
decision_type=2 8 2 10 2 2 8 2 2 2 8 2 2 2 2 10 8 2 10 2 2 2 10 10 10 2 2 2 2 2 10 10 10 10 2 10 2 10
left_child=-1 2 5 9 11 10 7 8 -7 20 21 -5 15 14 16 29 17 25 28 -15 -4 26 -23 -17 -13 -14 27 -2 -18 30 35 32 -32 34 -31 -3 -37 -11
right_child=1 12 3 4 -6 6 -8 -9 -10 37 -12 24 13 19 -16 23 18 -19 -20 -21 -22 22 -24 -25 -26 -27 -28 -29 -30 33 31 -33 -34 -35 -36 36 -38 -39
leaf_value=0.37735138223767706 -0.002240042941594998 -0.029889268431652145 -0.23842071176944693 0.17163163478539423 0.38825082786538251 0.14842250782871216 0.0092808669334240677 0.042636750689077303 0.83024752940901436 0.1011790583447614 0.080585239316289164 -0.033607455059290532 0.12979305859283174 0.00080231054981546506 0.75937491544447855 -0.04448190464595287 -0.048652495268391348 0.392807683054747 -0.18302381576084867 -0.12906977581689744 0.022857619585515344 -0.044910726467295221 -0.20144002325509683 -0.15825669113874014 0.072959446964350194 0.00070132343807072033 0.040435367269545122 -0.23796298373429661 0.15313365728622885 -0.029372177734362095 0.44987311639812622 0.077491590142049538 0.069732194549842808 -0.096464226298862407 0.12651770221375241 0.0084763341473010467 0.45225254581987662 -0.096494507651919595
leaf_weight=187 2150 5030 254 1625 286 357 31500 1401 153 414 1671 1845 1544 3229 271 4240 1078 220 719 1552 39412 10686 1088 1834 6781 2559 4281 643 543 9405 358 724 169 3292 939 252 149 2474
leaf_count=187 2150 5030 254 1625 286 357 31500 1401 153 414 1671 1845 1544 3229 271 4240 1078 220 719 1552 39412 10686 1088 1834 6781 2559 4281 643 543 9405 358 724 169 3292 939 252 149 2474
internal_value=0.00626051 0.00578232 0.0135403 0.0276157 0.0780752 -0.000316036 0.0159261 0.125462 0.352982 0.0151211 -0.026763 0.069421 -0.0160055 0.0167135 0.056753 -0.030529 0.0281746 0.0667633 -0.0431155 -0.0413566 0.0211845 -0.0362802 -0.0593753 -0.0788356 0.050166 0.0492801 0.00215929 -0.0565086 0.0189418 -0.0160878 0.0221689 0.183012 0.327972 -0.0348346 -0.0152208 -0.0148806 0.173378 -0.0681573
internal_weight=145315 145128 107021 53091 10537 53930 33411 1911 510 42554 20519 10251 38107 11715 6934 26392 6663 4323 2340 4781 39666 18848 11774 6074 8626 4103 7074 2793 1621 20318 6682 1251 527 13636 10344 5431 401 2888
internal_count=145315 145128 107021 53091 10537 53930 33411 1911 510 42554 20519 10251 38107 11715 6934 26392 6663 4323 2340 4781 39666 18848 11774 6074 8626 4103 7074 2793 1621 20318 6682 1251 527 13636 10344 5431 401 2888
is_linear=0
shrinkage=0.03


Tree=112
num_leaves=39
num_cat=0
split_feature=123 94 193 197 194 202 187 208 208 200 191 207 208 202 205 194 207 141 208 207 197 122 123 207 208 207 205 33 200 197 206 123 96 141 202 202 208 208
split_gain=25530.8 22083.3 32357.5 74363.2 31457.1 23748.4 22116.2 22123.5 130683 146647 24395.1 21914.9 51139.9 161479 80648.3 52537.8 56387.5 49487.1 40803.7 72573.4 44434.2 39078.6 24947.4 21067.9 19344.8 19297.7 19138.7 19239.8 17197.3 16694.5 16134.1 16005.4 28956.8 14764 14506 21401.7 13203 37237.6
threshold=-11.497584342956541 28.02260780334473 40.649999618530281 981.04998779296886 8.5000000000000018 -0.99687939882278431 24.521499633789066 0.98174098134040844 0.9783238172531129 11.34999990463257 43.803998947143562 -0.38242425024509424 0.83258596062660228 -0.38266885280609125 0.25000000000000011 67.500000000000014 -0.49064628779888148 10.864171981811525 0.79253265261650097 -0.5917624533176421 993.64999389648449 72.134895324707045 25.34849834442139 0.93845596909523021 0.31595529615879064 -0.14250824600458142 0.25000000000000011 1.0000000180025095e-35 10.34999990463257 975.04998779296886 1.0000000180025095e-35 29.137392997741703 20.290378570556644 -2.795971035957336 0.39873388409614569 0.59480014443397533 -0.96466007828712452 -0.94978386163711537
decision_type=8 8 2 2 2 2 10 2 2 2 10 2 2 2 2 2 2 10 2 2 2 10 10 2 2 2 2 8 2 2 2 10 10 10 2 2 2 2
left_child=-1 2 4 -4 -2 -3 23 8 10 -10 -8 12 18 15 -15 17 -17 -14 22 28 -21 29 24 26 -7 -9 33 -28 -20 34 -24 32 -25 -6 -13 -36 -31 -38
right_child=1 5 3 -5 6 11 7 25 9 -11 -12 21 13 14 -16 16 -18 -19 19 20 -22 -23 30 31 -26 -27 27 -29 -30 36 -32 -33 -34 -35 35 -37 37 -39
leaf_value=-0.10121215162985198 -0.37793139905829892 -0.10934223099393241 0.05293141611030782 0.81708415481050678 0.010883269451615695 0.0099730159102431829 0.039274075101221634 -0.23504420212827373 1.2946195344226996 0.036313292366452268 -0.0073340116061969846 -0.10402887177308433 -0.17202689694076692 1.0557528141015158 0.17115737106522705 0.68504783302192762 0.072494987277336206 0.10793965910600523 -0.7698023502430742 0.30390905587179551 -0.16177220502843834 -0.14393826397683368 0.011311203549034931 0.12645631788723405 -0.069080895680484242 -0.016634130733097587 -0.23702924685852686 -0.014095965949325256 -0.33395029042229901 -0.10059952384308624 0.12250158669227644 -0.087235441236429859 -0.072910179489809157 0.071394885438564773 0.42281113440282125 0.073766473163996885 0.31127605006639719 -0.02049853108967626
leaf_weight=1967 184 2075 508 148 13604 9407 41674 394 156 179 13343 311 1027 231 155 217 359 1272 165 254 673 2345 2348 1085 3958 4794 358 12998 161 1736 2350 4193 1657 4949 185 1087 312 12592
leaf_count=1967 184 2075 508 148 13604 9407 41674 394 156 179 13343 311 1027 231 155 217 359 1272 165 254 673 2345 2348 1085 3958 4794 358 12998 161 1736 2350 4193 1657 4949 185 1087 312 12592
internal_value=0.00613559 0.00760762 0.0153374 0.225342 0.0139538 -0.0103172 0.0146794 0.0260153 0.0315675 0.622292 0.0279704 -0.00532321 0.0145323 0.12442 0.700553 0.0470661 0.303274 -0.0171259 -0.00401945 -0.16957 -0.0341723 -0.0294657 0.00746456 -0.0029882 -0.0134385 -0.0332216 0.00731177 -0.0200718 -0.554567 -0.0129189 0.0669303 -0.05038 0.00597848 0.0270248 0.0796299 0.124535 -0.0229261 -0.0124765
internal_weight=145411 143444 100224 656 99568 43220 99384 60540 55352 335 55017 41145 22577 3261 386 2875 576 2299 19316 1253 927 18568 18063 38844 13365 5188 31909 13356 326 16223 4698 6935 2742 18553 1583 1272 14640 12904
internal_count=145411 143444 100224 656 99568 43220 99384 60540 55352 335 55017 41145 22577 3261 386 2875 576 2299 19316 1253 927 18568 18063 38844 13365 5188 31909 13356 326 16223 4698 6935 2742 18553 1583 1272 14640 12904
is_linear=0
shrinkage=0.03


Tree=113
num_leaves=39
num_cat=0
split_feature=93 207 197 208 199 199 196 208 203 132 123 193 207 207 203 197 208 197 197 199 196 208 193 114 207 203 207 207 207 207 207 181 207 207 199 193 56 191
split_gain=23321 22860 35033.2 51727 46200.3 83464.8 61282.7 41471.7 41154.1 39676.7 34872.9 77109.4 54523.4 57208.3 40508.6 43397.5 40757 31755.4 29099 27093.9 25492.4 24316.5 23503.6 27611.1 34267.7 29805.3 27246.4 72471.5 48945.7 24405.8 21816.4 21074.8 24208.9 131445 23964.1 49646 21730.4 26966.7
threshold=43.311832427978523 0.92922380566596996 985.64999389648449 0.03762133605778218 101.50000000000001 37.500000000000007 1.5000000000000002 -0.15101602673530576 -0.91702514886856068 -69.531230926513658 28.182850837707523 11.150000095367433 -0.39826117455959315 -0.2603763341903686 -0.19936034083366391 974.75000000000011 -0.94426098465919484 987.25000000000011 981.95001220703136 276.50000000000006 96.500000000000014 -0.11692317575216292 41.850000381469734 -72.634201049804673 0.63920241594314586 0.9238443672657014 -0.68430826067924488 -0.65882179141044606 -0.70898476243019093 0.54488933086395275 0.73283910751342785 10.000000000000002 -0.47558552026748652 -0.49064628779888148 324.50000000000006 12.550000190734865 112.27396774291994 28.002977371215824
decision_type=10 2 2 2 2 2 2 2 2 10 10 2 2 2 2 2 2 2 2 2 2 2 2 8 2 2 2 2 2 2 2 2 2 2 2 2 8 8
left_child=1 10 3 8 5 -5 -7 -4 -3 18 22 -12 17 -14 16 -16 -15 -13 -6 -20 -11 -9 23 25 29 26 28 -28 -1 -25 -26 36 33 34 35 -33 37 -2
right_child=31 2 7 4 9 6 -8 21 -10 20 11 12 13 14 15 -17 -18 -19 19 -21 -22 -23 -24 24 30 -27 27 -29 -30 -31 -32 32 -34 -35 -36 -37 -38 -39
leaf_value=0.084136542112292101 0.016874906564763932 0.43858291331925847 0.17135796197116179 -0.17433179877073782 -0.34582483365223432 1.0455591683881253 0.29797915267968683 -0.23217068990888318 -0.036429646758919208 0.30862184745061633 0.5390038651377983 -0.12115920882569936 -0.11106518751822068 0.084462783576817954 0.34166419608116044 0.058592749713561584 -0.067465974187322336 0.16260311754909884 0.15907110866039195 -0.060812672578597259 0.00013855069133013724 -0.052417684725594486 -0.19886563033068957 0.0016557022441458121 -0.18426979486964681 -0.26170229606217971 0.40968894598303635 0.06509760834272374 -0.26714891402726115 0.10584601285458151 0.014193039928133699 0.49464760739189029 -0.10528221251310399 0.69173345611966008 -0.16641313481312928 -0.026827587502402019 -0.076694714859344731 0.47628480401905782
leaf_weight=1007 228 168 720 188 206 161 255 719 7149 770 281 390 2612 2341 507 12625 4948 3947 845 1251 351 11681 503 68472 1438 250 612 5360 553 2085 763 169 3864 231 1068 5907 309 232
leaf_count=1007 228 168 720 188 206 161 255 719 7149 770 281 390 2612 2341 507 12625 4948 3947 845 1251 351 11681 503 68472 1438 250 612 5360 553 2085 763 169 3864 231 1068 5907 309 232
internal_value=0.00598385 0.00959474 -0.0166061 0.0220022 0.108354 0.350253 0.587325 -0.0499882 -0.0255226 0.0656693 0.0154918 0.0445833 0.039507 0.0211333 0.0380425 0.0695218 -0.0186711 0.137086 -0.00560545 0.0278334 0.212033 -0.0628407 0.00556613 0.0068429 0.00109826 0.0605524 0.071249 0.100411 -0.0403903 0.00473461 -0.115471 -0.0340577 -0.0444537 -0.0125836 -0.0353585 -0.0123223 0.11788 0.248583
internal_weight=145166 133158 24464 11344 4027 604 416 13120 7317 3423 108694 27651 27370 23033 20421 13132 7289 4337 2302 2096 1121 12400 81043 80540 72758 7782 7532 5972 1560 70557 2201 12008 11239 7375 7144 6076 769 460
internal_count=145166 133158 24464 11344 4027 604 416 13120 7317 3423 108694 27651 27370 23033 20421 13132 7289 4337 2302 2096 1121 12400 81043 80540 72758 7782 7532 5972 1560 70557 2201 12008 11239 7375 7144 6076 769 460
is_linear=0
shrinkage=0.03


Tree=114
num_leaves=39
num_cat=0
split_feature=204 80 201 201 207 123 193 207 132 193 202 203 201 65 193 202 209 202 132 198 201 181 139 197 197 77 193 132 197 201 207 197 201 201 207 76 207 36
split_gain=27524.6 21689.9 22160 21321.9 22325.7 40440.2 75433.7 41630.6 39114.8 40621.5 26185.2 23605.3 20632.1 23217.2 21089.8 26499.5 21582.8 31169.5 20556.6 46027.6 25400 19229.2 22085.9 17913.1 15978.4 54965.3 15053.4 18383.4 15287.5 22268 15206.7 27868.3 14919.2 39789.6 17203 14703.3 14655 14483.2
threshold=19.000000000000004 40.371000289916999 12.500000000000002 4287.5000000000009 0.89787620306015026 26.076750755310062 11.150000095367433 -0.38242425024509424 -102.90504455566405 20.44999980926514 -0.62249094247817982 0.7933231294155122 147.50000000000003 17.657500267028812 34.45000076293946 -0.99535831809043873 9.5000000000000018 0.93663650751113903 -55.662462234497063 4.1499998569488534 32.500000000000007 12.000000000000002 40.737501144409187 988.04998779296886 992.14999389648449 2.7891186475753789 30.050000190734867 -102.90504455566405 981.04998779296886 62.500000000000007 0.07411635667085649 983.85000610351574 197.50000000000003 252.50000000000003 -0.5917624533176421 26.521853446960453 0.90892735123634349 221.29058074951175
decision_type=2 2 2 2 2 10 2 2 10 2 2 2 2 10 2 2 2 2 10 2 2 2 10 2 2 10 2 10 2 2 2 2 2 2 2 10 2 8
left_child=1 2 -1 4 5 18 -7 -8 10 -10 -6 -11 13 26 15 -14 32 23 20 -20 -4 22 -3 -18 25 -15 30 -28 -29 -30 -2 -32 34 37 -17 -23 -16 -34
right_child=12 21 3 -5 8 6 7 -9 9 11 -12 -13 14 24 36 16 17 -19 19 -21 -22 35 -24 -25 -26 -27 27 28 29 -31 31 -33 33 -35 -36 -37 -38 -39
leaf_value=-0.17047114379852021 -0.0095047453687100159 0.028978349732055687 0.068903869414518704 0.30214943395306948 -0.40964430146797409 0.54790758808992168 0.14152535977484798 0.02319268898887503 -0.11812833750004149 0.019374622087471198 -0.077867159575716216 -0.062191230724690447 -0.27953996635529027 0.71140725084276391 0.087561843942845316 -0.27926291743092896 -0.25105615420304317 0.50395383682396222 -0.12761195668388323 0.1148791170901973 -0.0087748996648327054 -0.059167783944484326 0.40344971973794108 0.10393018799895305 -0.048327294667114246 0.11701550853074057 -0.044337388598138489 0.32455826079260736 0.36585414237682806 -0.020615495445553168 0.37072225101187195 0.045148125583225777 0.22826558776090689 -0.047127017372517219 -0.048601158772598005 0.026098155874282394 0.41151048199890772 0.053941254052295079
leaf_weight=646 5605 970 4065 218 369 271 3239 15387 2887 15409 510 4028 316 146 630 357 147 161 889 3394 55703 10925 166 986 450 3413 431 436 191 451 264 2281 706 4061 1574 2184 157 1093
leaf_count=646 5605 970 4065 218 369 271 3239 15387 2887 15409 510 4028 316 146 630 357 147 161 889 3394 55703 10925 166 986 450 3413 431 436 191 451 264 2281 706 4061 1574 2184 157 1093
internal_value=0.00586987 7.47201e-05 0.00470386 0.00576776 0.00515905 0.0124357 0.0510005 0.0437704 -0.0208541 -0.0131249 -0.217149 0.00247139 0.0353266 0.0594137 0.00301167 -0.00947695 -8.31335e-05 0.113376 0.00105789 0.0645462 -0.00349172 -0.0347015 0.0837019 0.0578708 0.120104 0.141401 0.0342238 0.121261 0.18747 0.0943653 0.0181084 0.0789222 -0.0189276 0.00490318 -0.0912469 -0.0449622 0.152192 0.122354
internal_weight=145116 121260 107015 106369 106151 82948 18897 18626 23203 22324 879 19437 23856 13668 10188 9401 9085 1294 64051 4283 59768 14245 1136 1133 4009 3559 9659 1509 1078 642 8150 2545 7791 5860 1931 13109 787 1799
internal_count=145116 121260 107015 106369 106151 82948 18897 18626 23203 22324 879 19437 23856 13668 10188 9401 9085 1294 64051 4283 59768 14245 1136 1133 4009 3559 9659 1509 1078 642 8150 2545 7791 5860 1931 13109 787 1799
is_linear=0
shrinkage=0.03


Tree=115
num_leaves=39
num_cat=0
split_feature=204 97 173 56 197 94 202 104 202 193 197 75 200 82 197 193 193 132 96 197 197 76 186 56 202 202 187 76 200 160 202 197 193 36 197 96 19 16
split_gain=24928.1 32266 27475.2 23045.9 58478.5 80566.9 77842.8 44020.5 36346.7 70121.1 47652.2 53489.5 36575.3 33475.6 31786.8 34492.4 74521.9 28407.3 27874.4 22911.8 21339.3 30277.7 21313.1 20903.3 20793.4 20617.5 20138.7 32583.7 44893 80824.6 25886.6 29919.2 93338 20639.9 21282 20043.5 19776.6 36553.4
threshold=11.000000000000002 13.799117565155031 424.56500244140631 102.70215988159181 993.14999389648449 54.403820037841804 -0.74892720580101002 44.562221527099616 -0.16504132002592084 40.649999618530281 982.35000610351574 4.2409923076629648 9.7500000000000018 27.587500572204593 980.35000610351574 35.549999237060554 35.250000000000007 -77.333709716796861 46.54467964172364 979.95001220703136 983.25000000000011 30.117265701293949 0.55433177947998058 135.33924865722659 0.56638467311859142 0.74892720580101024 26.050000190734867 14.288474559783937 4.0499999523162851 17.500000000000004 0.93038213253021251 984.54998779296886 24.750000000000004 509.09477233886724 974.35000610351574 19.044072151184086 0.50757446885108959 76.820800781250014
decision_type=2 2 2 10 2 10 2 8 2 2 2 10 2 8 2 2 2 10 10 2 2 8 10 10 2 2 10 8 2 2 2 2 2 10 2 10 10 8
left_child=1 26 -3 7 5 20 -7 8 14 10 12 22 -10 -11 15 16 19 -16 -6 -2 -5 23 -12 -22 -13 -4 -1 35 29 36 33 32 -32 34 -30 -28 37 -29
right_child=3 2 25 4 18 6 -8 -9 9 13 11 24 -14 -15 17 -17 -18 -19 -20 -21 21 -23 -24 -25 -26 -27 27 28 30 -31 31 -33 -34 -35 -36 -37 -38 -39
leaf_value=-0.020230154797173504 0.06257756207002578 -0.038377706110536064 -0.28162929993274721 -0.10130533696693667 0.011136056631125586 -0.00062281306423384248 0.86232739197188701 -0.018234471285028624 0.08509329033687732 0.84745204342781444 0.72468084101336705 0.032454711336783078 -0.017268476387683942 0.20280175837339523 -0.073618735525846787 -0.0234965002649405 0.72139574756834146 0.015878900401261817 -0.22415926943616435 0.32114441110956798 0.17764999970547302 0.020409775829750735 0.29148794428948305 -0.068782916193235163 0.1553299651166446 -0.0037201800124598617 0.068820593420891557 0.59951350178462248 0.28794847663403506 0.70146571924083356 0.89816572824085461 -0.031433902286327371 0.12106464231840298 0.11024731702566289 0.0008964972792129053 -0.026227179639901621 -0.037216226986391265 0.086036174007394786
leaf_weight=23417 2840 9107 776 549 1095 156 237 25520 5254 145 157 2214 7814 145 5617 2476 178 7393 773 346 3114 2799 293 344 2816 348 2281 163 236 242 157 698 1220 1887 15425 16025 527 532
leaf_count=23417 2840 9107 776 549 1095 156 237 25520 5254 145 157 2214 7814 145 5617 2476 178 7393 773 346 3114 2799 293 344 2816 348 2281 163 236 242 157 698 1220 1887 15425 16025 527 532
internal_value=0.00611511 -0.00624494 -0.0556493 0.0186062 0.063334 0.102144 0.519789 0.0121901 0.0327917 0.0622624 0.0550249 0.12928 0.0238862 0.525145 0.00333971 0.0614858 0.124035 -0.0227612 -0.0862323 0.0906589 0.0780268 0.0937619 0.442637 0.153135 0.101246 -0.195587 0.00180245 0.0148996 0.0403211 0.200577 0.0283649 0.128568 0.209672 0.0165161 0.00522236 -0.0143838 0.101378 0.20647
internal_weight=145316 73041 10231 72275 9067 7199 393 63208 37688 18838 18548 5480 13068 290 18850 5840 3364 13010 1868 3186 6806 6257 450 3458 5030 1124 62810 39393 21087 1464 19623 2075 1377 17548 15661 18306 1222 695
internal_count=145316 73041 10231 72275 9067 7199 393 63208 37688 18838 18548 5480 13068 290 18850 5840 3364 13010 1868 3186 6806 6257 450 3458 5030 1124 62810 39393 21087 1464 19623 2075 1377 17548 15661 18306 1222 695
is_linear=0
shrinkage=0.03


Tree=116
num_leaves=39
num_cat=0
split_feature=80 181 139 91 84 208 89 194 208 208 199 208 194 208 194 1 97 99 198 76 199 199 208 132 194 60 197 197 104 122 208 99 181 198 122 197 198 198
split_gain=24263.3 30289.4 30423.4 22397.4 40280.2 25423.2 23541.4 20937.7 20621.8 116239 19645.2 28348 100309 24444.2 21375.5 19643.4 19583.9 30670.1 19308.9 17932.1 17613 41268.8 51655.6 18015.4 19322 17132.6 16502 15740.5 15664.6 15192.3 30731.7 14968.8 20387.1 19427.3 14956 16732 15867.2 14391.1
threshold=40.371000289916999 12.000000000000002 40.737501144409187 34.425001144409187 56.049999237060554 -0.99168640375137318 43.212499618530281 7.5000000000000009 0.87709078192710888 0.86869874596595775 324.50000000000006 0.82293498516082775 64.500000000000014 0.79253265261650097 44.500000000000007 171.50000000000003 13.331787109375002 0.356951653957367 5.1499998569488534 26.521853446960453 83.500000000000014 56.500000000000007 0.011826144531369211 -70.100856781005845 36.500000000000007 11.91249990463257 992.45001220703136 975.04998779296886 94.689582824707045 71.61041641235353 0.83258596062660228 0.18163613229990008 84.000000000000014 1.9499999880790713 32.754751205444343 988.75000000000011 6.0499999523162851 5.2500000000000009
decision_type=2 2 10 10 10 2 10 2 2 2 2 2 2 2 2 10 2 2 2 10 2 2 2 10 2 8 2 2 8 10 2 2 2 2 8 2 2 2
left_child=3 2 28 7 5 -5 31 -1 9 10 11 19 14 -12 -13 -10 17 37 -15 25 21 27 -23 -22 -25 -3 -14 -19 -2 -8 -31 -7 -33 -34 -18 36 -36 -9
right_child=1 8 -4 4 -6 6 29 16 15 -11 13 12 26 18 -16 -17 34 20 -20 -21 23 22 -24 24 -26 -27 -28 -29 -30 30 -32 32 33 -35 35 -37 -38 -39
leaf_value=0.32733281408907156 0.16971749757230617 -0.01477060806125364 0.4648926939947472 -0.11736891526330512 0.40643425310495329 -0.020269168300836655 0.089536144088099401 0.013849254558426288 -0.28347141650330476 0.60397493853058859 -0.056760709482584819 -0.45093469585495888 0.33613622473605864 -0.46943401880194224 -0.0070566870106341982 -0.07240855293751515 0.007822916402805493 0.31217284574011978 -0.091193739445522212 0.033339624412038776 0.0098668419143609284 0.069606890973054128 0.38050354346086346 0.17500521639280611 0.041100879664644561 -0.09953375288572075 0.74285992336666562 0.008533805088588026 -0.052403360682968095 0.10584003070222474 0.57133205881123861 0.0065815454269515039 0.34717187979151004 0.078342000710993009 -0.17109754486480297 0.0030088005040176417 -0.05322083031645982 -0.016407675241174004
leaf_weight=181 536 4147 186 923 268 3898 1802 23061 545 258 1038 152 208 292 273 1460 4979 160 208 2452 26448 1287 768 1189 5262 4448 158 3869 612 366 196 5056 255 4720 1581 2441 2937 36604
leaf_count=181 536 4147 186 923 268 3898 1802 23061 545 258 1038 152 208 292 273 1460 4979 160 208 2452 26448 1287 768 1189 5262 4448 158 3869 612 366 196 5056 255 4720 1581 2441 2937 36604
internal_value=0.00546383 -0.0282437 0.108975 0.00992476 0.0414802 0.0357988 0.0444758 0.00494389 -0.0399485 -0.0267377 -0.0389035 -0.0257988 0.147691 -0.13977 -0.165816 -0.129781 0.00441619 0.00880799 -0.312091 -0.0382214 0.0295026 0.0763944 0.185797 0.0208309 0.0657814 -0.0586365 0.511732 0.0205927 0.0513048 0.132009 0.26819 0.0296198 0.0490065 0.0921219 -0.0318748 -0.0602776 -0.0944702 -0.00471312
internal_weight=145224 16973 1334 128251 17484 17216 16293 110767 15639 13634 13376 11838 791 1538 425 2005 110586 98648 500 11047 38983 6084 2055 32899 6451 8595 366 4029 1148 2364 562 13929 10031 4975 11938 6959 4518 59665
internal_count=145224 16973 1334 128251 17484 17216 16293 110767 15639 13634 13376 11838 791 1538 425 2005 110586 98648 500 11047 38983 6084 2055 32899 6451 8595 366 4029 1148 2364 562 13929 10031 4975 11938 6959 4518 59665
is_linear=0
shrinkage=0.03


Tree=117
num_leaves=39
num_cat=0
split_feature=93 207 123 193 207 207 203 195 195 94 208 36 190 207 200 193 193 193 207 203 190 207 207 207 186 201 205 105 181 207 207 193 15 207 123 166 205 189
split_gain=22240.7 21312.1 29414.3 68540 52513.1 53670.7 41367.3 64905.8 39311.6 23487.5 29125.4 35082.7 23484.4 26490 38876.1 22259.2 27530.5 98903.8 28430.5 28985.2 21464 20911.3 19914.1 17879.2 17717.1 18053.4 43121.4 20421.8 17449.9 20413.5 85108.9 20216.9 18641.2 16253.7 15641.2 15275.1 15062.7 14962.1
threshold=43.311832427978523 0.92922380566596996 28.817677497863773 11.150000095367433 -0.39826117455959315 -0.2603763341903686 -0.19936034083366391 0.35000000894069677 0.15000000223517421 23.136631011962894 0.15738975256681445 232.64463043212893 1.1605656147003176 -0.54939359426498402 14.550000190734865 41.850000381469734 35.350000381469734 35.45000076293946 -0.96463498473167408 0.9238443672657014 0.68074825406074535 -0.60554069280624379 -0.29343378543853754 0.9731498956680299 0.04779488034546376 32.500000000000007 0.68301269412040722 15.000663280487062 10.000000000000002 -0.47558552026748652 -0.49064628779888148 12.550000190734865 224.83187103271487 0.94138324260711681 60.370136260986335 4.5000000000000009 -1.0000000180025095e-35 23.010375976562504
decision_type=10 2 10 2 2 2 2 2 2 10 2 10 10 2 2 2 2 2 2 2 10 2 2 2 8 2 2 8 2 2 2 2 8 2 10 2 2 10
left_child=1 2 15 -4 12 22 7 -7 -8 10 11 20 13 21 -15 16 24 -18 -19 -20 35 -5 -6 37 -1 26 -26 -27 32 30 31 -30 36 -13 -31 -3 -2 -12
right_child=28 9 3 4 5 6 8 -9 -10 -11 23 33 -14 14 -16 -17 17 18 19 -21 -22 -23 -24 -25 25 27 -28 -29 29 34 -32 -33 -34 -35 -36 -37 -38 -39
leaf_value=0.29376108800044942 0.45544286555842262 -0.051801890670501574 0.51275450764190444 0.16318187712366164 -0.060729841924677619 -0.042307293802709596 0.074690185393192013 0.39299941833197505 -0.32359572586466384 -0.069473466345852483 0.15775964363330575 0.16426032211089298 0.0084222596876543081 0.65425126210270867 0.18395497092498161 -0.19234573600026125 0.77094456198653549 -0.087075609992356209 0.13200151275768551 -0.28299310765317404 0.022576975525419114 -0.11154831982864762 -0.25155874338907425 -0.10967593571442823 0.00522454610498666 0.019080589266759353 0.17402123556284801 -0.014617185631277865 0.23720968141538343 -0.061557122810308167 0.55520754022322005 -0.041743658492622938 -0.048258625662656256 -0.021027769371809123 -0.19567705179814338 0.1838372279150533 0.085507511545865847 -0.031343126854928724
leaf_weight=188 174 281 275 1993 1989 6757 12740 323 227 5779 432 451 960 235 484 509 181 961 2329 162 2017 285 654 2800 5495 25292 1811 44955 242 2801 229 6915 378 7711 1086 2082 230 2934
leaf_count=188 174 281 275 1993 1989 6757 12740 323 227 5779 432 451 960 235 484 509 181 961 2329 162 2017 285 654 2800 5495 25292 1811 44955 242 2801 229 6915 378 7711 1086 2082 230 2934
internal_value=0.00514774 0.00867692 0.0143678 0.0415709 0.036708 0.0191208 0.035874 -0.0224474 0.0677175 -0.0166096 -0.000279615 0.0259663 0.137555 0.178919 0.337675 0.00542373 0.00666082 0.0873801 0.0515364 0.105012 0.0944592 0.12881 -0.107951 -0.0536653 0.00288862 0.00218346 0.0470658 -0.0024845 -0.0338743 -0.0433808 -0.0140945 -0.032311 0.103166 -0.0107893 -0.0990298 0.155816 0.244844 -0.00707277
internal_weight=145347 133292 108805 26922 26647 22690 20047 7080 12967 24487 18708 12542 3957 2997 719 81883 81374 3633 3452 2491 4380 2278 2643 6166 77741 77553 7306 70247 12055 11273 7386 7157 782 8162 3887 2363 404 3366
internal_count=145347 133292 108805 26922 26647 22690 20047 7080 12967 24487 18708 12542 3957 2997 719 81883 81374 3633 3452 2491 4380 2278 2643 6166 77741 77553 7306 70247 12055 11273 7386 7157 782 8162 3887 2363 404 3366
is_linear=0
shrinkage=0.03


Tree=118
num_leaves=39
num_cat=0
split_feature=204 177 56 94 192 202 94 204 204 199 204 193 190 201 141 113 201 202 76 173 94 199 193 200 201 209 208 208 208 208 57 200 181 75 208 201 141 200
split_gain=26344.1 23591 23042.3 26542.2 26838.4 24011.7 67664.3 40107.6 35164.4 54456.7 26393.3 49552.8 35184.2 25659.6 24488.1 20971.7 20113.6 31834.9 22123.7 22419.6 20041.9 21174.4 26573.7 18953.2 41366 177309 19332.1 23266 64966.6 40494.9 18482.6 18402.3 15680.4 16274.5 15099.6 20109.4 63270.4 30553.3
threshold=3.0000000000000004 4.3863921165466317 102.70215988159181 42.358055114746101 0.56465598940849315 -0.77159520983695973 56.37471008300782 15.000000000000002 5.0000000000000009 96.500000000000014 9.0000000000000018 21.250000000000004 1.0773855447769167 1487.5000000000002 -7.1469862461090079 279.89166259765631 47.500000000000007 0.88697704672813427 29.286400794982914 53.394998550415046 49.358854293823249 298.50000000000006 15.150000095367433 3.0499999523162846 155.62500000000003 9.5000000000000018 -0.99465739727020253 0.14888729155063632 0.063390085473656668 0.22491560876369479 21.557291030883793 10.750000000000002 8.0000000000000018 3.8646427392959599 0.90070003271102916 52.500000000000007 6.3209238052368173 5.4500000476837167
decision_type=2 2 8 10 10 2 10 2 2 2 2 2 10 2 8 8 2 2 10 2 10 2 2 2 2 2 2 2 2 2 10 2 2 10 2 2 8 2
left_child=1 20 3 4 16 13 8 -8 9 -7 11 -10 14 15 -12 -4 17 18 19 -2 -1 -22 -23 24 25 -6 -25 28 -28 -29 -26 -14 -5 -34 35 36 -17 -37
right_child=2 -3 5 32 23 6 7 -9 10 -11 12 -13 31 -15 -16 34 -18 -19 -20 -21 21 22 -24 26 30 -27 27 29 -30 -31 -32 -33 33 -35 -36 37 -38 -39
leaf_value=-0.010383755898659709 0.00017092759238627361 -0.1504031530391495 -0.28901464479563505 0.17970236151165087 -0.0072499053018394459 0.76601845891799758 0.18930375103210323 0.81663058338221139 0.054345278274803378 0.12065210785124215 0.35290407596991324 -0.30413596630192885 -0.18635910687519153 0.36761316566622981 0.076763389079752789 0.64888670182285146 -0.02765305314042231 0.45637148651014731 -0.12307161260139353 0.16823382893992536 -0.023531440431069195 -0.4635550427379565 0.01815928284505882 -0.067124707055944782 0.075921968338890242 1.0449886205574084 0.021705751693472282 -0.106710870019023 0.16431662649738973 0.009611191458789841 -0.15545194737285292 0.10514865857289633 0.10995210025260888 -0.10170412395577108 0.066113179640656342 -0.50178374279960036 -0.042190067417266407 -0.059370316997277538
leaf_weight=22344 1905 1244 245 217 503 152 205 166 981 521 303 537 694 160 6264 147 22745 163 707 1143 566 300 157 2464 1324 202 40093 3046 3097 23275 406 271 360 3561 1747 150 631 2214
leaf_count=22344 1905 1244 245 217 503 152 205 166 981 521 303 537 694 160 6264 147 22745 163 707 1143 566 300 157 2464 1324 202 40093 3046 3097 23275 406 271 360 3561 1747 150 631 2214
internal_value=0.0051802 -0.0231058 0.0109526 0.0059376 0.00898646 0.0452413 0.0723808 0.470009 0.0572081 0.26642 0.0416498 -0.0724701 0.0646496 -0.00650509 0.089505 -0.0181651 -0.0168387 0.0459414 0.0281239 0.063195 -0.0163287 -0.146175 -0.298067 0.0182403 0.100557 0.294252 0.0154554 0.0183827 0.0319319 -0.00385021 0.0216219 -0.104495 -0.0685324 -0.0822709 -0.00459158 -0.0439047 0.0883919 -0.0874443
internal_weight=145210 24611 120599 105211 101073 15388 10094 371 9723 673 9050 1518 7532 5294 6567 5134 26663 3918 3755 3048 23367 1023 457 74410 2435 705 71975 69511 43190 26321 1730 965 4138 3921 4889 3142 778 2364
internal_count=145210 24611 120599 105211 101073 15388 10094 371 9723 673 9050 1518 7532 5294 6567 5134 26663 3918 3755 3048 23367 1023 457 74410 2435 705 71975 69511 43190 26321 1730 965 4138 3921 4889 3142 778 2364
is_linear=0
shrinkage=0.03


Tree=119
num_leaves=39
num_cat=0
split_feature=204 206 203 156 97 173 99 203 178 183 203 209 200 207 207 207 203 94 200 193 183 132 203 207 207 207 207 184 207 207 193 197 141 197 209 191 207 207
split_gain=24845.8 26038.8 35149.9 200101 23177.5 26977.7 20338.1 19205.1 31165.3 18977.1 21151.7 19988.4 37797.9 18039.7 17226.4 33179.9 59718.5 25410.9 16871.2 23554.1 29666.7 28905.3 19651.6 19805.5 17888.3 16767.2 24951.4 22331.9 16666.2 67012.3 28443.4 16415.6 26783.1 18197.6 34517 16879 16575.2 60469.2
threshold=19.000000000000004 -0.93301269412040699 0.9238443672657014 4.3311281204223642 13.799117565155031 424.56500244140631 0.21238681674003604 -0.98897820711135853 2.7100000381469731 149.56071472167972 0.82409480214118969 9.5000000000000018 2.7500000000000004 0.99552232027053844 -0.36647418141365046 -0.54939359426498402 0.6755644977092744 41.071020126342781 20.94999980926514 27.650000572204593 72.939144134521499 -55.662462234497063 0.55191597342491161 -0.98523971438407887 -0.98803845047950734 0.25206111371517187 0.30164402723312383 0.93449658155441295 -0.60554069280624379 -0.5917624533176421 24.94999980926514 988.75000000000011 -3.754424929618835 985.75000000000011 9.5000000000000018 53.831289291381843 -0.47558552026748652 -0.56368473172187794
decision_type=2 2 2 2 2 2 2 2 2 8 2 2 2 2 2 2 2 10 2 2 10 10 2 2 2 2 2 8 2 2 2 2 10 2 2 8 2 2
left_child=1 2 7 -4 6 31 28 8 -1 10 11 13 -13 -8 15 18 17 -17 19 21 -21 22 23 -2 -24 -16 27 -27 30 -30 -3 32 -6 34 -34 -33 37 -37
right_child=14 4 3 -5 5 -7 9 -9 -10 -11 -12 12 -14 -15 25 16 -18 -19 -20 20 -22 -23 24 -25 -26 26 -28 -29 29 -31 -32 35 33 -35 -36 36 -38 -39
leaf_value=-0.037824289045161476 0.30375330862754679 0.077939894636606277 0.036766716862718422 1.2094201522705763 -0.14224058759547728 -0.15373928514020541 0.012078543340257727 0.018574034672148493 0.57382618843837763 -0.020226217720523854 -0.031966236130764311 0.47193909438059506 0.064990750451149326 0.086218698058214832 -0.028372447901649125 0.21799510886460574 0.71283391177955446 -0.095924524076767936 -0.14409770557149501 0.049661403855388024 -0.17846708069874917 0.43915565332066947 -0.19131163496584719 0.089474216195165504 0.041634495070814466 0.57290759897498345 0.02860189586883144 0.047291078137893724 -0.53228487699192539 -0.024589693701220969 -0.027017264450025176 -0.023992017456401976 -0.011840236405935543 -0.094591156773600735 0.2856824553528971 0.071714528639046607 -0.012430020708644457 0.71149489676327704
leaf_weight=153 457 4007 909 153 2171 1664 28665 10871 147 13104 5891 213 5762 3293 5607 771 180 332 416 1488 783 201 355 2579 1806 146 8672 145 236 27301 5532 3279 3863 1998 386 868 801 157
leaf_count=153 457 4007 909 153 2171 1664 28665 10871 147 13104 5891 213 5762 3293 5607 771 180 332 416 1488 783 201 355 2579 1806 146 8672 145 236 27301 5532 3279 3863 1998 386 868 801 157
internal_value=0.00478972 -0.000717268 0.0407883 0.205718 -0.00536727 -0.0397546 0.000188241 0.0251086 0.261892 0.0114495 0.020921 0.0291344 0.0794986 0.0197181 0.0327236 0.0644617 0.206191 0.123506 0.0419705 0.0520639 -0.0289934 0.0861657 0.0725125 0.12173 0.00336624 0.012317 0.0377713 0.311014 -0.0171028 -0.028941 0.0170716 -0.0257287 -0.0514686 -0.0199226 0.0151887 0.0167156 0.0898154 0.169716
internal_weight=145362 121424 12233 1062 109191 15187 94004 11171 300 56928 43824 37933 5975 31958 23938 9368 1283 1103 8085 7669 2271 5398 5197 3036 2161 14570 8963 291 37076 27537 9539 13523 8418 6247 4249 5105 1826 1025
internal_count=145362 121424 12233 1062 109191 15187 94004 11171 300 56928 43824 37933 5975 31958 23938 9368 1283 1103 8085 7669 2271 5398 5197 3036 2161 14570 8963 291 37076 27537 9539 13523 8418 6247 4249 5105 1826 1025
is_linear=0
shrinkage=0.03


Tree=120
num_leaves=39
num_cat=0
split_feature=204 206 194 194 81 194 122 184 56 207 207 189 202 194 97 207 202 96 207 207 56 207 200 200 96 200 181 75 207 207 122 164 194 200 17 202 190 75
split_gain=23057 24844.5 37754.7 30244.5 21881.2 20870.5 20236.5 24243 23209.5 17410.9 29380.2 50259.5 76464.5 27892 26723 16282.9 21706.4 36695.3 26909.2 17068.6 16024.1 35759.2 23956.7 35767.7 32543.7 19287.3 15755.5 14779.6 14498.3 15843.1 13863.7 13344.8 13066.9 15030.6 12752.9 12550.2 12231.9 13551
threshold=19.000000000000004 -0.93301269412040699 8.5000000000000018 10.500000000000002 44.312500000000007 21.500000000000004 -4.4677083492279044 0.1899911165237427 105.45421218872072 -0.36647418141365046 -0.54939359426498402 47.01338195800782 -0.3172925859689712 93.500000000000014 7.7799432277679452 0.25206111371517187 0.35019405186176306 13.614706039428713 0.98667103052139293 0.30164402723312383 101.9264259338379 -0.86976337432861317 10.750000000000002 4.1499998569488534 45.736633300781257 9.9499998092651385 4.0000000000000009 22.220075607299808 0.75014290213584911 0.84773966670036327 41.435415267944343 592.00000000000011 52.500000000000007 20.94999980926514 224.12391662597659 0.33379416167736059 0.71325364708900463 10.737091541290285
decision_type=2 2 2 2 2 2 10 10 10 2 2 8 2 2 2 2 2 8 2 2 10 2 2 2 10 2 2 10 2 2 10 2 2 2 8 2 8 10
left_child=1 3 -3 -1 5 35 31 -8 -9 10 13 12 -12 27 -15 36 18 -18 30 -19 -5 25 23 -23 -25 -22 -6 -2 -21 -30 -17 34 33 -13 -7 -4 37 -11
right_child=9 2 4 20 26 6 7 8 -10 15 11 32 -14 14 -16 16 17 19 -20 28 21 22 -24 24 -26 -27 -28 -29 29 -31 -32 -33 -34 -35 -36 -37 -38 -39
leaf_value=0.37993351584592577 0.00495311209674721 -0.39339954057757281 -0.041596354751905748 0.019713100553585255 0.18284211194568545 -0.0084762991354564079 0.34883737492662859 0.010212222301481048 0.14412223465421606 -0.01896634007856849 0.95191542694036502 -0.30337368723767999 0.14570051385534297 0.051920397681816721 0.61292064834089899 0.087828906663221046 0.47651890863139357 0.34698145425205429 -0.11451594379793201 -0.061257927702620896 0.54809331401844108 0.34963226377785195 0.20354905083360855 -0.043753735782915311 -0.5616769375718158 0.12188468758100091 -0.054902214700563466 0.096269967257363073 0.26162847240369008 0.053671839913095265 -0.021687540573100884 -0.1223031934985695 0.15362735366585256 0.10624326351520874 -0.11855010764965485 -0.21667461615065056 0.029265702768562333 -0.14095970827682677
leaf_weight=231 5535 225 6143 10370 258 32199 194 57412 1189 2297 171 155 278 158 148 2279 214 189 1389 748 229 147 488 433 146 164 9071 2241 403 1813 1914 1012 509 168 976 392 2063 1274
leaf_count=231 5535 225 6143 10370 258 32199 194 57412 1189 2297 171 155 278 158 148 2279 214 189 1389 748 229 147 488 433 146 164 9071 2241 403 1813 1914 1012 509 168 976 392 2063 1274
internal_value=0.00465683 -0.000654765 -0.00519744 0.0399312 -0.00439493 -0.000276611 0.00336557 0.0140377 0.0129293 0.0315584 0.0634834 0.196966 0.452759 0.0423262 0.323266 0.0110609 0.0362137 0.0963727 -7.36246e-05 0.07057 0.0333733 0.121522 0.041002 -0.068259 -0.17436 0.370243 -0.048327 0.0312703 0.0529434 0.0914918 0.0378373 -0.0149884 0.0589198 -0.090324 -0.0117147 -0.0520987 -0.0288914 -0.0624894
internal_weight=145225 121279 109071 12208 108846 99517 92982 58795 58601 23946 9363 1281 449 8082 306 14583 8949 3367 5582 3153 11977 1607 1214 726 579 393 9329 7776 2964 2216 4193 34187 832 323 33175 6535 5634 3571
internal_count=145225 121279 109071 12208 108846 99517 92982 58795 58601 23946 9363 1281 449 8082 306 14583 8949 3367 5582 3153 11977 1607 1214 726 579 393 9329 7776 2964 2216 4193 34187 832 323 33175 6535 5634 3571
is_linear=0
shrinkage=0.03


Tree=121
num_leaves=39
num_cat=0
split_feature=123 194 194 144 207 208 202 194 207 94 189 194 132 197 95 194 202 208 207 207 208 197 202 203 196 36 208 208 202 205 99 114 202 203 141 183 194 202
split_gain=21888.3 20922.6 21390.8 22696.7 30269 55110.5 78059.2 31686 27344.2 26023.7 25944.8 23273.8 21247 20711.4 17797.4 24022.4 28506.8 19839.4 17996.4 59320.6 20353.9 17444.6 16691.2 16625.2 15203.8 15617.8 14265.1 14190 12942.1 13493.5 12835.4 12417.5 13088 17585.3 11993.2 10231.8 7853.35 7326.84
threshold=-11.497584342956541 7.5000000000000009 22.500000000000004 -0.10867248103022574 -0.36647418141365046 0.83258596062660228 -0.46173103153705591 67.500000000000014 -0.26866367459297175 18.218522071838382 30.650612831115726 31.500000000000004 -71.20226669311522 993.95001220703136 30.040472030639652 38.500000000000007 0.98897820711135875 0.92843842506408703 0.84773966670036327 0.8431384563446046 -0.48313741385936732 974.35000610351574 -0.99687939882278431 -0.98321744799613942 7.5000000000000009 339.44422912597662 0.95178258419036876 0.83258596062660228 -0.99535831809043873 -0.68301269412040699 0.77063217759132396 34.690830230712898 -0.60873827338218678 0.6755644977092744 29.63327789306641 100.13088989257814 27.500000000000004 -0.89490029215812672
decision_type=8 2 2 8 2 2 2 2 2 8 10 2 10 2 10 2 2 2 2 2 2 2 2 2 2 10 2 2 2 2 2 10 2 2 10 10 2 2
left_child=30 -2 12 4 5 11 7 -7 26 10 -10 36 24 -13 15 16 23 22 19 -17 -20 -11 -16 -5 25 28 -6 -24 -3 -30 -1 32 33 -26 -19 -14 -4 -27
right_child=1 2 3 14 8 6 -8 -9 9 21 -12 13 35 -15 17 18 -18 34 20 -21 -22 -23 27 -25 31 37 -28 -29 29 -31 -32 -33 -34 -35 -36 -37 -38 -39
leaf_value=-0.069448763801257349 0.3251777543774988 -0.18334000280335797 0.01756277518127463 0.30435207625011856 -0.050823669488748356 0.072373896711014352 0.91928692799725553 0.50296862323300906 0.10077823707462159 0.11501196680641243 0.017711020657139819 0.063279839097043461 0.1882346044624556 -0.11014090262063111 -0.15600439719805423 0.0028832430714194122 0.35017766346579243 -0.069327905813677898 -0.24353218320351855 0.53264339629146518 -0.034177470635017859 -0.011648380263642982 -0.023278852184832558 0.034675341441557504 -0.067931605221630512 0.022753692171760039 -0.23553757725163915 0.051637642728219808 -0.080477219213048554 0.014694691332913392 -0.33182935187401669 -0.33338512335364878 -0.16191616943950846 0.21690428734932854 -0.23828543786730672 -0.049062680744826281 -0.24650247377233914 0.24694914388153455
leaf_weight=1804 185 477 149 210 1559 689 145 198 5275 1032 9440 11529 543 655 737 46908 274 1191 451 191 5702 18923 12724 10127 1785 257 496 2771 2135 3604 185 190 1205 219 554 234 317 268
leaf_count=1804 185 477 149 210 1559 689 145 198 5275 1032 9440 11529 543 655 737 46908 274 1191 451 191 5702 18923 12724 10127 1785 257 496 2771 2135 3604 185 190 1205 219 554 234 317 268
internal_value=0.00498151 0.00635289 0.00594088 0.00927266 0.0251087 0.063196 0.273994 0.168498 0.0109191 0.0172215 0.0474888 0.0459987 -0.0344198 0.0539568 -0.000481098 0.0069414 0.0481601 -0.0268494 -0.00127184 0.00503169 -0.0495231 -0.0050979 -0.016516 0.0401542 -0.0460052 -0.0199201 -0.0954077 -0.00988135 -0.0331909 -0.0207108 -0.0938548 -0.0977378 -0.0837844 -0.0368033 -0.12297 0.11677 -0.16207 0.137203
internal_weight=145338 143349 143164 132247 50407 13682 1032 887 36725 34670 14715 12650 10917 12184 81840 63863 10611 17977 53252 47099 6153 19955 16232 10337 10140 6741 2055 15495 6216 5739 1989 3399 3209 2004 1745 777 466 525
internal_count=145338 143349 143164 132247 50407 13682 1032 887 36725 34670 14715 12650 10917 12184 81840 63863 10611 17977 53252 47099 6153 19955 16232 10337 10140 6741 2055 15495 6216 5739 1989 3399 3209 2004 1745 777 466 525
is_linear=0
shrinkage=0.03


Tree=122
num_leaves=39
num_cat=0
split_feature=194 80 122 181 207 193 96 123 85 207 75 198 207 198 59 193 96 82 190 207 202 194 100 189 193 199 89 207 190 190 164 207 191 209 207 203 204 17
split_gain=29477.5 22633.6 36053.5 24304.9 20458.8 24897.5 20715.7 19337.7 18299.3 18421.5 20639.4 37858.9 38415.7 23537.9 17832.2 17730.3 17712.9 18319.9 15654 34449.7 55428.8 15697.9 15620.7 14344.2 13973.7 17155.1 12987.2 12474.5 17124.3 12111.6 11923.8 11477 11460.2 11185.5 11875 11886.3 11158.9 13157.5
threshold=7.5000000000000009 19.037499427795414 33.345071792602546 10.000000000000002 -0.056952163577079766 11.84999990463257 18.823380470275882 -12.088061332702635 18.658499717712406 0.89787620306015026 16.696685791015629 1.2500000000000002 -0.93843427300453175 5.5499999523162851 0.33060060441493994 15.250000000000002 24.869672775268558 7.1124999523162851 0.6998388171195985 0.98932364583015453 0.93038213253021251 42.500000000000007 65.299999237060561 24.991260528564457 26.94999980926514 207.50000000000003 32.062500000000007 0.93845596909523021 0.13895004242658618 0.25696313381195074 34.500000000000007 -0.19337636232376096 35.504121780395515 4.5000000000000009 0.9159645438194276 0.026175950653851036 11.000000000000002 116.66616439819337
decision_type=2 2 8 2 2 2 10 8 8 2 10 2 2 2 10 2 8 8 10 2 2 2 10 10 2 2 10 2 8 8 2 2 10 2 2 2 2 10
left_child=-1 2 3 -2 5 -5 23 -3 22 10 14 12 -12 -13 29 -7 18 -18 19 27 21 -21 36 -6 -11 30 -8 28 -4 -10 -26 -17 -27 34 -20 -36 37 -9
right_child=1 7 16 4 6 15 26 8 9 24 11 13 -14 -15 -16 31 17 -19 33 20 -22 -23 -24 -25 25 32 -28 -29 -30 -31 -32 -33 -34 -35 35 -37 -38 -39
leaf_value=0.38622296001918477 -0.068243219824454443 -0.140169579695226 0.17543904165704147 0.43027391841853885 0.17881331539473999 -0.099249889663762317 -0.022351046021284571 -0.012257885390375142 -0.076805379535686794 -0.089816842775959763 0.53186274220138685 0.051423861018628565 0.06212887570481368 -0.013976133902003076 0.010998530984317616 0.080588459930946377 0.23624110127550443 0.032654899209938325 -0.14810101652536026 0.010984475864146222 0.60911628590214595 0.20641499588561182 0.052987864388510171 0.048993487576413683 0.14204768584740704 -0.026221786805879384 0.077935997060554277 -0.073905220405807187 -0.0058323307238151104 -0.02272818927135186 -0.10823529922292606 0.18902641731787881 -0.1831728224853712 0.1159898830465874 0.051917492134265053 -0.067720244797858486 0.029869199156993535 -0.14229717981945095
leaf_weight=182 1469 947 481 190 1082 455 5452 3890 4527 4283 254 8175 409 12566 12872 7795 428 5637 1180 1230 190 529 8404 2623 843 3647 1477 2395 18825 21106 215 990 473 330 967 3291 4611 854
leaf_count=182 1469 947 481 190 1082 455 5452 3890 4527 4283 254 8175 409 12566 12872 7795 428 5637 1180 1230 190 529 8404 2623 843 3647 1477 2395 18825 21106 215 990 473 330 967 3291 4611 854
internal_value=0.0046763 0.00419767 0.0189244 0.0495479 0.0581721 0.0903416 0.0296447 -0.00533569 -0.00387017 -0.0108265 -0.00468294 0.0189346 0.242093 0.0118011 -0.0178114 0.0833512 0.000340421 0.0470221 -0.00928378 0.00152368 0.122342 0.0697591 0.0233026 0.0869062 -0.0497288 -0.0165697 -0.00097352 -0.0093272 -0.00131594 -0.0322787 0.0911859 0.0928088 -0.0442411 -0.0535966 -0.0638881 -0.0405501 -0.00336496 -0.0356675
internal_weight=145274 145092 57016 21533 20064 9430 10634 88076 87129 69370 59909 21404 663 20741 38505 9240 35483 6065 29418 23650 1949 1759 17759 3705 9461 5178 6929 21701 19306 25633 1058 8785 4120 5768 5438 4258 9355 4744
internal_count=145274 145092 57016 21533 20064 9430 10634 88076 87129 69370 59909 21404 663 20741 38505 9240 35483 6065 29418 23650 1949 1759 17759 3705 9461 5178 6929 21701 19306 25633 1058 8785 4120 5768 5438 4258 9355 4744
is_linear=0
shrinkage=0.03


Tree=123
num_leaves=39
num_cat=0
split_feature=194 81 185 209 202 202 197 208 202 208 85 197 208 201 201 186 151 123 197 200 194 141 96 171 200 180 36 203 129 181 168 95 138 141 208 208 200 201
split_gain=24361 20841.5 29027.3 29510.4 46230.7 52426 25962.6 24744.4 56304 21095.2 19390.7 18998.2 25363.9 33083.5 19949 17136.4 14986.8 15332.3 19762.1 31078.5 29517.8 39032.9 14707.2 13239.3 17464.8 33914.9 17741.5 13930 14266.8 13558.2 19247 13521.4 13295.4 12999.6 12278.5 25028.1 24644.4 19391.2
threshold=7.5000000000000009 19.037499427795414 249.16481018066409 9.5000000000000018 0.93038213253021251 0.96359375119209301 984.64999389648449 0.071972697973251357 0.59480014443397533 0.089118976145982756 34.51250076293946 982.04998779296886 0.11478523537516595 72.500000000000014 97.500000000000014 0.04779488034546376 23.780000686645511 39.618284225463874 993.14999389648449 4.1499998569488534 84.500000000000014 5.6016485691070566 17.240926742553714 1.4218962192535403 4.0499999523162851 0.40021073818206793 309.30346679687506 -0.35019405186176294 87.062500000000014 48.000000000000007 1.6003844738006594 45.455453872680671 30.233333587646488 17.707804679870609 0.29958851635456091 0.32410992681980139 9.2500000000000018 167.50000000000003
decision_type=2 2 8 2 2 2 2 2 2 2 10 2 2 2 2 8 2 10 2 2 2 8 8 2 2 2 10 2 10 2 2 10 10 10 2 2 2 2
left_child=-1 2 3 6 11 -6 7 15 9 -9 23 -5 14 -14 -13 -2 17 -12 19 -19 21 -20 -17 29 25 -25 -26 -28 -29 -3 31 -31 -27 -21 -4 36 -36 -37
right_child=1 10 34 4 5 -7 -8 8 -10 -11 16 12 13 -15 -16 22 -18 18 20 33 -22 -23 -24 24 26 32 27 28 -30 30 -32 -33 -34 -35 35 37 -38 -39
leaf_value=0.34461121822335306 0.3459172071967952 0.017844363610748117 -0.019005035962119072 -0.23137216367417326 0.82235463175682577 0.16128819182314108 -0.0087654341642211722 0.40719594040163004 0.55631855136118602 0.020953458804224973 -0.050601295661749007 0.026053029745880661 0.21655442565151636 0.01932352551457573 0.40445905995449538 -0.02431677266934296 -0.13327825159160522 0.4238392330684026 -0.19767622398098939 0.053500799317350134 0.36920671536950089 0.0092846196646740511 0.053416060370191178 0.56469558044236334 -0.031685061593742118 -0.0098983833379087342 -0.048571229825737749 0.013679619975828086 0.088799314000359147 -0.0035560186019303374 -0.063018152878091246 -0.24067338618044692 0.28547556676324221 -0.07564067362790089 -0.021603079600767249 -0.031345710673660897 0.41538425923798322 0.068202872132895179
leaf_weight=189 161 16142 18171 179 160 332 11953 148 276 908 9759 191 965 3701 365 2904 1226 187 1275 3749 147 2299 8917 152 4420 507 1389 4303 4829 30064 6268 218 188 863 197 4020 283 3134
leaf_count=189 161 16142 18171 179 160 332 11953 148 276 908 9759 191 965 3701 365 2904 1226 187 1275 3749 147 2299 8917 152 4420 507 1389 4303 4829 30064 6268 218 188 863 197 4020 283 3134
internal_value=0.00424669 0.00380287 0.0179405 0.0374288 0.0978819 0.376281 0.0233293 0.0521433 0.174807 0.0750894 -0.00535039 0.0725206 0.0829379 0.0601143 0.27447 0.038507 -0.0317394 -0.0249289 0.00447675 0.0447089 -0.0474108 -0.0645475 0.0343198 0.00216592 0.0262639 0.158785 0.0187512 0.0399401 0.053403 -0.00505451 -0.0151676 -0.00526311 0.0700035 0.0293356 -0.00559196 0.0263347 0.23604 0.0122642
internal_weight=145139 144950 56965 31160 5893 492 25267 13314 1332 1056 87985 5401 5222 4666 556 11982 19505 18279 8520 4799 3721 3574 11821 68480 15788 847 14941 10521 9132 52692 36550 30282 695 4612 25805 7634 480 7154
internal_count=145139 144950 56965 31160 5893 492 25267 13314 1332 1056 87985 5401 5222 4666 556 11982 19505 18279 8520 4799 3721 3574 11821 68480 15788 847 14941 10521 9132 52692 36550 30282 695 4612 25805 7634 480 7154
is_linear=0
shrinkage=0.03


Tree=124
num_leaves=39
num_cat=0
split_feature=204 195 196 205 207 206 202 207 173 200 197 208 196 208 193 202 189 201 207 203 193 208 203 207 201 200 207 187 201 202 199 201 201 185 200 196 201 207
split_gain=22557.7 25031.4 38552 29141.2 20998.3 33511.2 39416.9 30961.5 25186.3 77189.9 48117.9 26685.1 29824.6 25020 24225 42376.5 37100.5 34368.2 38547.8 52495.8 37927.3 58058.1 42585 27571.6 20587.9 33168.9 25706.2 21426.3 20542.6 18946.6 18572.5 98178.1 22030.7 17521.7 17257 16140 15851.6 48123.6
threshold=3.0000000000000004 1.2500000000000002 90.500000000000014 0.93301269412040722 -0.36647418141365046 0.25000000000000011 -0.99687939882278431 -0.26866367459297175 318.30000305175787 11.050000190734865 984.45001220703136 -0.72694849967956532 95.500000000000014 -0.70289847254753102 14.949999809265138 -0.93038213253021229 69.030529022216811 297.50000000000006 -0.99467751383781422 -0.72534674406051625 28.849999427795414 0.50370931625366222 -0.96359375119209278 -0.54939359426498402 52.500000000000007 11.34999990463257 0.9937499761581422 58.202159881591804 52.500000000000007 -0.99809679388999928 353.50000000000006 1322.5000000000002 4287.5000000000009 1151.2850341796877 6.8500001430511483 3.5000000000000004 72.500000000000014 0.9646572768688203
decision_type=2 2 2 2 2 2 2 2 2 2 2 2 2 2 2 2 8 2 2 2 2 2 2 2 2 2 2 10 2 2 2 2 2 10 2 2 2 2
left_child=24 4 -3 -4 5 14 29 -6 11 10 -10 12 -8 -13 15 -2 23 18 19 -16 22 -22 -19 -17 25 26 34 -27 -20 -7 32 -32 33 -9 35 -1 37 -26
right_child=1 2 3 -5 7 6 8 30 9 -11 -12 13 -14 -15 17 16 -18 20 28 -21 21 -23 -24 -25 36 27 -28 -29 -30 -31 31 -33 -34 -35 -36 -37 -38 -39
leaf_value=0.057762470087175548 -0.032394697815880676 0.4602697506925128 0.0020191431130896741 0.41151302244247445 -0.072525813003500708 -0.068315317384085666 0.38826222018000844 0.0036669735697079271 0.91306904927872923 0.047870915118228954 0.26708036566461485 -0.30984603626967766 0.084495163683304633 0.050892571180654426 0.64436388902930619 0.18206151027043654 -0.012157251388665314 0.50978691698554623 0.021699404890301335 0.043092215448964369 0.0058346096319999161 -0.32057483453882313 0.065281908506948191 0.62433722277856463 0.022296420762907221 -0.15782232718176983 0.33082537859943018 -0.51551475903109079 -0.085311806755676289 -0.43196766267430314 7.3255302514823104e-05 0.82327654845499887 -0.31510750553601524 -0.22461574233796505 -0.10568892589470132 -0.10329925826018806 -0.017821755578354359 0.46812613439452755
leaf_weight=1752 784 264 1076 183 5187 590 445 65401 175 980 255 176 840 10253 145 228 259 199 2051 1323 12180 511 7669 286 2703 1015 167 177 7586 165 794 156 197 304 2387 823 15300 237
leaf_count=1752 784 264 1076 183 5187 590 445 65401 175 980 255 176 840 10253 145 228 259 199 2051 1323 12180 511 7669 286 2703 1015 167 177 7586 165 794 156 197 304 2387 823 15300 237
internal_value=0.00447545 0.0098099 0.130662 0.0615434 0.00826498 0.0238411 0.0629913 -0.0019189 0.0751175 0.194905 0.529998 0.0606986 0.189693 0.0448044 0.00748506 0.123012 0.280629 0.00180425 -0.0407221 0.102486 0.024775 -0.00730838 0.0765251 0.42816 -0.0217313 -0.0683891 -0.0352592 -0.21094 -0.062537 -0.147794 0.00355945 0.135259 0.00166093 0.00261073 -0.0475808 0.00628493 -0.0055622 0.0582373
internal_weight=145223 120662 1523 1259 119139 47100 13879 72039 13124 1410 430 11714 1285 10429 33221 1557 773 31664 11105 1468 20559 12691 7868 514 24561 6321 5129 1192 9637 755 66852 950 65902 65705 4962 2575 18240 2940
internal_count=145223 120662 1523 1259 119139 47100 13879 72039 13124 1410 430 11714 1285 10429 33221 1557 773 31664 11105 1468 20559 12691 7868 514 24561 6321 5129 1192 9637 755 66852 950 65902 65705 4962 2575 18240 2940
is_linear=0
shrinkage=0.03


Tree=125
num_leaves=39
num_cat=0
split_feature=199 199 184 199 99 205 56 199 197 75 204 176 207 197 197 196 105 56 197 94 132 191 197 207 56 80 199 185 185 197 200 196 207 196 200 132 64 96
split_gain=21125.9 39787.7 47632.7 37772.7 36603.4 41741.1 74878.6 230256 30454.5 30221.5 26230.4 30911.5 29976.1 115793 74058.1 53558.9 34366.5 26770 64881.2 59979.7 33504.2 23849.7 23208.7 19860.3 34266.1 18859.7 18574.3 18438.3 18267.6 31446.3 18195.4 17757.6 17086.2 16832.9 42341.4 15997.2 18754.9 17297.6
threshold=13.500000000000002 76.500000000000014 0.32766719162464147 56.500000000000007 0.29904630780220037 -0.68301269412040699 68.23014068603517 72.500000000000014 989.35000610351574 15.410593509674074 11.000000000000002 79.350002288818374 -0.99275806546211232 984.95001220703136 979.35000610351574 32.500000000000007 16.68732833862305 102.70215988159181 993.14999389648449 56.37471008300782 -63.064964294433587 31.403635025024418 971.95001220703136 -0.99054482579231251 24.133406639099125 44.312500000000007 351.50000000000006 51.798387527465827 186.50000000000003 977.35000610351574 3.7500000000000004 20.500000000000004 -0.60554069280624379 73.500000000000014 11.449999809265138 -70.808845520019517 15.375000000000002 18.740087509155277
decision_type=2 2 8 2 2 2 10 2 2 10 2 2 2 2 2 2 8 10 2 10 8 8 2 2 10 2 2 8 10 2 2 2 2 2 2 10 8 8
left_child=-1 2 9 8 -5 33 -7 -8 28 -2 11 25 13 14 -12 16 -16 22 19 27 32 -15 31 24 -24 35 -25 -19 -4 -30 -13 -14 -20 -6 -35 -3 37 -37
right_child=1 10 3 4 5 6 7 -9 -10 -11 12 30 17 21 15 -17 -18 18 20 -21 -22 -23 23 26 -26 -27 -28 -29 29 -31 -32 -33 -34 34 -36 36 -38 -39
leaf_value=-0.076029280084423945 0.1143642915873673 -0.012699909744696772 0.0102659776617555 0.013724573862645334 -0.026235814416854554 0.073943043066662884 0.23363717295105926 1.5026454075297704 -0.084052952738200529 0.67198844108470601 0.4848909752925491 0.16879799963351608 0.42928820840466736 0.83992014094480916 -0.4304701978803499 0.40476856510542336 -0.036945965337878577 0.26942525190513367 0.0019494049307951736 0.53721947566640404 0.092534564227399821 0.36979685364450304 -0.54230239446419981 -0.0013734499557214277 -0.0027802962007600998 -0.061202596770260125 0.10298108231971287 0.072835513571624072 0.42985563500204849 0.072163106574785613 -0.12429797074068147 0.086948254029985725 -0.27554289721196379 0.51767533470675453 -0.1355988749196711 0.08234194848776627 0.059513038761997025 -0.027251129522814867
leaf_weight=2901 172 42228 5382 1921 815 768 641 161 2336 178 284 204 178 183 229 224 1562 474 270 287 516 207 165 48737 296 5514 1585 4561 250 1920 2906 583 767 196 164 1593 6955 6956
leaf_count=2901 172 42228 5382 1921 815 768 641 161 2336 178 284 204 178 183 229 224 1562 474 270 287 516 207 165 48737 296 5514 1585 4561 250 1920 2906 583 767 196 164 1593 6955 6956
internal_value=0.00411534 0.00574843 0.0521285 0.0438114 0.114167 0.184458 0.285663 0.488403 0.0106114 0.397968 0.000325337 -0.0127345 0.0145068 0.112442 0.0313585 -0.0325655 -0.0872648 0.00999883 0.0656047 0.115389 -0.105001 0.590409 0.00258204 0.000117736 -0.195893 -0.00819399 0.00191343 0.0913432 0.0398932 0.113374 -0.105072 0.167027 -0.203293 0.0492307 0.220076 -0.00313111 0.0229312 -0.00682971
internal_weight=145269 142368 14904 14554 4666 2745 1570 802 9888 350 127464 66356 61108 2689 2299 2015 1791 58419 6875 5322 1553 390 51544 50783 461 63246 50322 5035 7552 2170 3110 761 1037 1175 360 57732 15504 8549
internal_count=145269 142368 14904 14554 4666 2745 1570 802 9888 350 127464 66356 61108 2689 2299 2015 1791 58419 6875 5322 1553 390 51544 50783 461 63246 50322 5035 7552 2170 3110 761 1037 1175 360 57732 15504 8549
is_linear=0
shrinkage=0.03


Tree=126
num_leaves=39
num_cat=0
split_feature=199 199 203 193 201 204 204 210 204 176 201 199 196 208 76 193 200 200 201 201 123 208 208 193 210 208 201 201 200 204 200 114 141 187 208 208 208 200
split_gain=20348.9 37156.9 47896 47136.2 46247.7 48318.4 31532.8 22989.5 22672.7 28323.2 21584.5 57653 32231.8 32664.3 32918.3 30437.9 38797.1 53395.3 45701.6 69616.9 31657.6 22273.1 40166.2 27435.8 20747.6 19912.9 23974.5 35354.1 23670.2 23402.1 32004.9 23038.5 18509.7 20965.8 22905 130682 19155.1 16990.4
threshold=13.500000000000002 76.500000000000014 0.52247866988182079 16.349999427795414 32.500000000000007 1.0000000180025095e-35 9.0000000000000018 1.0000000180025095e-35 11.000000000000002 79.350002288818374 1657.5000000000002 353.50000000000006 43.500000000000007 0.59696555137634288 13.395406246185305 34.149999618530281 9.5500001907348651 8.8499999046325701 1217.5000000000002 1167.5000000000002 43.813537597656257 -0.93237864971160878 -0.91939276456832875 33.649999618530281 1.0000000180025095e-35 0.4584775865077973 222.50000000000003 202.50000000000003 6.1499998569488534 3.0000000000000004 2.2500000000000004 309.66575622558599 -6.0863165855407706 17.150000572204593 0.98174098134040844 0.97461712360382091 0.9889926314353944 3.7500000000000004
decision_type=2 2 2 2 2 2 2 2 2 2 2 2 2 2 10 2 2 2 2 2 8 2 2 2 2 2 2 2 2 2 2 10 8 10 2 2 2 2
left_child=-1 2 3 -2 -5 -6 -7 -8 9 32 15 12 13 24 -15 21 17 20 19 -18 -17 -10 -23 -24 -12 26 27 29 -28 -4 -31 -27 33 -3 35 -35 -36 -11
right_child=1 8 25 4 5 6 7 -9 10 37 11 -13 -14 14 -16 16 18 -19 -20 -21 -22 22 23 -25 -26 31 28 -29 -30 30 -32 -33 -34 34 36 -37 -38 -39
leaf_value=-0.074814605317348626 0.5238612573736775 -0.091860397670078253 -0.080149298020991966 0.58400288604773465 0.48980236090028179 -0.10026568229702791 0.13524578790763875 -0.13567832906709376 -0.032511791949208717 0.16610996339843123 -0.066251056780085291 0.48699853209810451 0.07196661112777572 -0.053079098387405016 0.49435037473861404 0.27476526435021975 0.098429927426672836 0.76084011428467713 -0.056680012885631618 0.7658116209643866 -0.12164561221645223 0.46905035860591338 0.02527323315642644 -0.13172323491445603 -0.26232700161352579 -0.1095374635844954 -0.16345769294533607 0.40969101299132593 0.022562402571104288 0.50691458350045304 0.076912756686623091 0.10490930274217006 -0.017675117156382366 0.032701833779547405 -0.19965790289913343 0.68469628787407044 -0.0088432636457313751 -0.11914329530208162
leaf_weight=2897 260 1428 827 176 252 850 2681 315 7738 201 6643 192 1912 215 183 653 1521 159 1830 155 251 181 37884 1029 524 1912 805 282 2617 164 3106 590 45540 12364 556 283 3190 2887
leaf_count=2897 260 1428 827 176 252 850 2681 315 7738 201 6643 192 1912 215 183 653 1521 159 1830 155 251 181 37884 1029 524 1912 805 282 2617 164 3106 590 45540 12364 556 283 3190 2887
internal_value=0.00389752 0.00549935 0.0504325 0.131685 0.107827 0.0873748 0.0610055 0.10676 0.00027131 -0.0118557 0.0134665 -0.0276554 -0.0380826 -0.0658969 0.198633 0.0212019 0.0951119 0.253874 0.0469753 0.160155 0.164699 0.0139911 0.0231956 0.0211216 -0.0805871 0.0146758 0.0382956 0.0847871 -0.0211977 0.0624227 0.0984801 -0.0589681 -0.00753182 0.0183885 0.0279924 0.0472919 -0.0371655 -0.100575
internal_weight=145253 142356 14837 4534 4274 4098 3846 2996 127519 66449 61070 9669 9477 7565 398 51401 4569 1063 3506 1676 904 46832 39094 38913 7167 10303 7801 4379 3422 4097 3270 2502 63361 17821 16393 12647 3746 3088
internal_count=145253 142356 14837 4534 4274 4098 3846 2996 127519 66449 61070 9669 9477 7565 398 51401 4569 1063 3506 1676 904 46832 39094 38913 7167 10303 7801 4379 3422 4097 3270 2502 63361 17821 16393 12647 3746 3088
is_linear=0
shrinkage=0.03


Tree=127
num_leaves=39
num_cat=0
split_feature=204 201 201 207 105 200 200 207 200 207 206 199 204 96 207 199 207 198 201 203 207 207 200 200 199 201 203 163 204 75 207 203 206 105 200 201 105 200
split_gain=20212.2 20579.4 25495 48735.6 39988.2 25106.8 31361.3 26779 19928 19789.8 29384.5 29019.5 139963 108469 27859.6 26870.4 24743.6 52682.1 53017.4 23613.7 55707.4 37902.7 24993 42813.5 50212.8 40354.2 39734.6 25880.7 23015.5 22769 20368.1 36133.1 21570.8 19444.9 19436.3 19299.5 19150.9 18606.7
threshold=3.0000000000000004 57.500000000000007 72.500000000000014 0.96687895059585582 144.92008972167972 11.34999990463257 11.550000190734865 0.9937499761581422 11.449999809265138 -0.36647418141365046 0.25000000000000011 74.500000000000014 19.000000000000004 24.51564979553223 -0.26866367459297175 56.500000000000007 -0.56368473172187794 4.4500000476837167 87.500000000000014 -0.9099266231060027 -0.98046803474426258 -0.49064628779888148 5.7500000000000009 6.3500001430511483 113.50000000000001 1852.5000000000002 -0.79332312941551197 1052.8999633789065 7.0000000000000009 21.618843078613285 -0.85671821236610401 -0.81408452987670887 -0.68301269412040699 -33.164768218994134 20.94999980926514 1692.5000000000002 -40.160131454467766 15.250000000000002
decision_type=2 2 2 2 10 2 2 2 2 2 2 2 2 10 2 2 2 2 2 2 2 2 2 2 2 2 2 2 2 10 2 2 2 8 2 2 8 2
left_child=1 5 3 4 -3 7 -7 -1 36 10 19 12 13 -12 -11 -14 29 18 -18 20 -2 28 25 24 27 30 -25 -24 -22 -13 31 -21 -32 37 -31 -28 -4 -10
right_child=9 2 8 -5 -6 6 -8 -9 33 14 11 16 15 -15 -16 -17 17 -19 -20 22 21 -23 23 26 -26 -27 35 -29 -30 34 32 -33 -34 -35 -36 -37 -38 -39
leaf_value=-0.045094511206196508 0.65029760484494592 0.0086634610715835177 -0.41895902127715651 0.5384702683656476 0.52669833472310013 -0.58401267529723311 -0.12581929632432304 0.33841332374360067 0.2950050150117402 -0.067752811210832126 1.3065071589986395 -0.010089884503269435 0.0020210249648571427 0.29058688522641557 0.0042270772282536539 0.29893909621404652 0.088554634706003291 0.048979082445710254 0.71733602647945771 0.3908212594407463 0.23082291245751932 0.37234074609622247 0.28286655118778564 -0.29102455609083555 0.038467881253194953 0.42355815752170745 0.01751230468530476 0.78091490820958787 -0.12057387239985723 0.10970391905478968 -0.23454755140540134 -0.054673515060210606 -0.019347480671327837 -0.010842550877901196 -0.18170551679435329 -0.094505878348200623 -0.074762430816573244 -0.029199181842997815
leaf_weight=5384 164 1784 156 201 145 148 1467 169 375 5213 149 6620 1650 259 67532 329 236 1470 247 176 223 269 260 397 655 149 25107 147 677 2855 1143 2373 662 12318 222 1465 2157 277
leaf_count=5384 164 1784 156 201 145 148 1467 169 375 5213 149 6620 1650 259 67532 329 236 1470 247 176 223 269 260 397 655 149 25107 147 677 2855 1143 2373 662 12318 222 1465 2157 277
internal_value=0.0038769 -0.020918 -0.00330629 0.0939293 0.0476059 -0.0637014 -0.167812 -0.0334222 -0.0168581 0.00892861 0.0239011 0.0603971 0.155691 0.661619 -0.000931097 0.0513837 0.040872 0.138294 0.410114 0.00877446 0.132531 0.0598876 0.00370382 0.0142427 0.201079 -0.0619001 0.00688529 0.462766 -0.0335036 0.0212508 -0.0785141 -0.0239121 -0.155622 -0.00239147 0.0886786 0.0113363 -0.0979785 0.157269
internal_weight=145230 24581 17413 2130 1929 7168 1615 5553 15283 120649 47904 14037 2387 408 72745 1979 11650 1953 483 33867 1333 1169 32534 28031 1062 4503 26969 407 900 9697 4354 2549 1805 12970 3077 26572 2313 652
internal_count=145230 24581 17413 2130 1929 7168 1615 5553 15283 120649 47904 14037 2387 408 72745 1979 11650 1953 483 33867 1333 1169 32534 28031 1062 4503 26969 407 900 9697 4354 2549 1805 12970 3077 26572 2313 652
is_linear=0
shrinkage=0.03


Tree=128
num_leaves=39
num_cat=0
split_feature=194 80 96 189 85 105 197 191 14 191 197 77 170 181 172 127 187 180 105 161 80 191 181 51 121 197 36 161 198 194 199 95 75 50 195 191 196 189
split_gain=24856.6 19849.5 28186.9 20802.9 18449.3 17611.9 26715.7 20356.7 20161 17103.5 17783.2 16306.2 15531.8 27217 21030.2 17015.7 14960.3 14617.9 14547.1 21349.3 14006.9 19255.7 13934.2 13559.6 12473.6 13350.4 12101.2 15862.4 14582.2 13189.2 11862.4 11570.8 11512.3 11067.3 11021.2 10601.3 10429.1 9964.15
threshold=7.5000000000000009 19.037499427795414 24.969442367553714 15.367879867553713 45.625000000000007 114.99736785888673 989.95001220703136 39.408529281616218 138.79399108886722 34.80946350097657 993.35000610351574 0.25319525599479681 3.1450001001358037 48.000000000000007 2.7150000333786015 209.50000000000003 45.094228744506843 0.33091019093990331 62.428209304809577 606.79501342773449 35.274999618530281 26.700199127197269 10.000000000000002 13.53749990463257 19.641499519348148 985.64999389648449 309.30346679687506 135.48000335693362 1.2500000000000002 76.500000000000014 330.50000000000006 12.324640274047853 17.778740882873539 10.275000095367433 1.2500000000000002 55.832967758178718 99.500000000000014 174.50000000000003
decision_type=2 2 10 8 10 8 2 10 10 10 2 10 2 2 2 10 10 2 8 2 2 10 2 8 8 2 10 2 2 2 2 10 10 10 2 10 2 10
left_child=-1 2 3 18 12 8 -7 9 -6 30 -11 -4 13 20 23 26 -9 -16 36 -20 -3 -22 -13 -15 25 -5 27 28 -14 37 -8 -25 -23 -27 -24 -31 -2 -28
right_child=1 4 11 24 5 6 7 16 -10 10 -12 22 15 14 17 -17 -18 -19 19 -21 21 32 34 31 -26 33 29 -29 -30 35 -32 -33 -34 -35 -36 -37 -38 -39
leaf_value=0.3495510763621073 0.14764921846224341 0.0094199914975079367 0.32344864291729303 0.074660595838586738 -0.053529446298920078 0.36338775548985575 0.022722781784328409 -0.26108656618898302 -0.20730667866686095 0.42916535669598599 0.020155305512988997 -0.060391629751664427 0.23222784412383513 -0.078814698649939272 -0.016580667694670183 0.30399736820859541 -0.052179357369594517 -0.096634250927044057 -0.014792048871217437 0.31773499332368726 0.015133089459068688 0.090494416869869185 0.053053087490991954 0.22521910308222565 -0.011566711099968643 -0.11079104685791749 0.054061874702579005 -0.10256882939413585 -0.0031214598435066717 -0.043878974497641221 -0.23061537283894321 -0.0072015315384342249 0.26357549266653141 0.018205882956355966 0.26803993316897562 0.13838249745037196 -0.02201543612916159 -0.07567678289905759
leaf_weight=187 1891 15085 197 3485 2975 169 1933 395 1034 186 197 984 256 2469 3460 191 1409 5048 2155 189 1928 859 13764 194 29805 737 10955 1498 3181 2592 182 30381 579 3187 218 323 394 560
leaf_count=187 1891 15085 197 3485 2975 169 1933 395 1034 186 197 984 256 2469 3460 191 1409 5048 2155 189 1928 859 13764 194 29805 737 10955 1498 3181 2592 182 30381 579 3187 218 323 394 560
internal_value=0.00390605 0.0034604 0.0172522 0.00455332 -0.00546992 -0.0475348 -0.00659524 -0.0211305 -0.0931921 0.034327 0.218793 0.0522954 -0.000986308 -0.00855362 -0.0220175 0.0222322 -0.0979226 -0.0640785 0.0645298 0.0120211 0.0217672 0.0771019 0.0487259 -0.0111878 -0.00290709 0.0319289 0.0194529 -0.0210994 0.0144087 0.0333217 0.000921416 -0.00572673 0.160186 -0.00602224 0.0564053 -0.0236828 0.118394 0.0477523
internal_weight=145232 145045 57006 41843 88039 8480 4471 4302 4009 2498 383 15163 79559 60003 41552 19556 1804 8508 4629 2344 18451 3366 14966 33044 37214 7409 19365 4935 3437 14430 2115 30575 1438 3924 13982 2915 2285 11515
internal_count=145232 145045 57006 41843 88039 8480 4471 4302 4009 2498 383 15163 79559 60003 41552 19556 1804 8508 4629 2344 18451 3366 14966 33044 37214 7409 19365 4935 3437 14430 2115 30575 1438 3924 13982 2915 2285 11515
is_linear=0
shrinkage=0.03


Tree=129
num_leaves=39
num_cat=0
split_feature=80 36 96 197 123 209 197 207 207 207 197 141 96 85 189 189 207 205 54 123 207 197 197 198 202 197 197 198 202 203 202 198 206 207 207 192 199 207
split_gain=19663.1 20545.9 35375.5 34682.1 22976.4 23286.2 39094.1 122325 42247.4 62289.2 35092.8 33965.2 30869.4 30693.4 27989.7 26999.2 21100.7 15393 13650.2 12683.7 12382.4 21789 25826.7 22691.4 22377.1 14890 21427.4 52507.1 63253.4 29898.1 38605.8 17574 16780.9 11870.6 78649 30005 26798.9 25467
threshold=40.371000289916999 484.05104064941412 45.261835098266609 991.95001220703136 64.547229766845717 9.5000000000000018 982.04998779296886 -0.99940761923789967 -0.99763298034667958 -0.99275806546211232 987.35000610351574 -15.237250328063963 19.478109359741214 19.658499717712406 209.50000000000003 13.692226409912111 0.97696486115455639 0.68301269412040722 60.359947204589851 -12.088061332702635 -0.91597726941108693 985.95001220703136 983.35000610351574 6.0499999523162851 -0.23343648016452787 986.64999389648449 990.04998779296886 4.9500000476837167 -0.3172925859689712 -0.18222858756780622 0.90255093574523937 2.2500000000000004 0.25000000000000011 -0.47558552026748652 -0.49064628779888148 0.84878456592559826 324.50000000000006 -0.60554069280624379
decision_type=2 10 10 2 8 2 2 2 2 2 2 10 8 8 10 10 2 2 10 8 2 2 2 2 2 2 2 2 2 2 2 2 2 2 2 10 2 2
left_child=1 4 20 -4 5 10 -7 -8 -9 -10 11 -1 15 14 -13 -12 -14 -5 -17 -2 21 22 -3 -24 -25 -22 27 28 -27 31 -31 -28 -29 34 36 -36 -21 -38
right_child=19 2 3 17 -6 6 7 8 9 -11 12 13 16 -15 -16 18 -18 -19 -20 33 25 -23 23 24 -26 26 29 32 -30 30 -32 -33 -34 -35 35 -37 37 -39
leaf_value=0.30114791493512766 -0.23411156801127694 -0.10589884025403158 0.58269791311768915 0.037975325276183171 -0.022226745557472224 -0.32415564964483734 0.73482008461063464 -0.23297607190005207 0.33713313748257795 0.03758709749970545 0.12808049243966288 0.040096004207374927 -0.048920169666350405 -0.00021775488173441756 0.26232150051882713 0.033165090851108775 -0.16666885691853828 0.35808560236477882 -0.044959117394181972 0.0019294256210941737 -0.20254958897212663 -0.12073866887953334 -0.098297015846407432 -0.044169248710437856 0.38653557466908178 0.68752643362368648 0.20719724352034241 -0.042284558841286284 0.15603226766803008 0.022707407802952568 0.27549711877192151 -0.14053651056749306 0.1247773121037245 -0.055197328953421318 0.17735426286011513 0.78662576620218927 -0.035956940761414057 -0.30332351725107221
leaf_weight=374 260 521 193 488 23861 247 235 477 664 10576 1397 17960 7320 40652 525 3313 1685 187 5129 8749 215 1216 208 149 400 260 146 1314 896 4873 612 1256 920 6370 145 146 807 532
leaf_count=374 260 521 193 488 23861 247 235 477 664 10576 1397 17960 7320 40652 525 3313 1685 187 5129 8749 215 1216 208 149 400 260 146 1314 896 4873 612 1256 920 6370 145 146 807 532
internal_value=0.00412186 0.00814094 0.0426456 0.228067 0.00396293 0.0108639 0.0494195 0.0571401 0.0435477 0.055283 0.00486122 0.0161588 -0.0308175 0.0143564 0.0464077 0.00591626 -0.0709533 0.126662 -0.0142998 -0.0261869 0.0302515 -0.0298334 0.0566616 0.168543 0.269642 0.0445341 0.0497034 0.111446 0.275577 0.0193115 0.0509134 -0.104323 0.0265145 -0.0229591 -0.00317318 0.483054 -0.0171994 -0.142186
internal_weight=145278 128269 13854 868 114415 90554 12199 11952 11717 11240 78355 59511 18844 59137 18485 9839 9005 675 8442 17009 12986 2494 1278 757 549 10492 10277 3390 1156 6887 5485 1402 2234 16749 10379 291 10088 1339
internal_count=145278 128269 13854 868 114415 90554 12199 11952 11717 11240 78355 59511 18844 59137 18485 9839 9005 675 8442 17009 12986 2494 1278 757 549 10492 10277 3390 1156 6887 5485 1402 2234 16749 10379 291 10088 1339
is_linear=0
shrinkage=0.03


Tree=130
num_leaves=39
num_cat=0
split_feature=94 207 194 198 208 208 111 36 207 207 208 207 208 208 189 96 194 194 201 207 96 105 198 189 207 208 208 207 194 194 59 207 91 85 198 207 208 207
split_gain=18097.1 16254.3 28330.3 23207.9 24849.5 41398.3 20805 21727.7 23856.9 48516.6 25796.3 23356.9 20175.9 70038.1 17766.3 16603.4 17952.5 94022.1 18590 16029.9 15115.3 15041.5 14799.9 14586.7 14552.6 14404.6 20360.7 50852.9 82684.7 37195.3 22820 21835.2 16000.4 15625.8 15377.6 35952.6 18269.8 23361.9
threshold=27.683924674987797 0.92922380566596996 9.5000000000000018 12.750000000000002 0.15738975256681445 0.03762133605778218 131.23125457763675 464.14422607421881 0.75014290213584911 0.63920241594314586 0.58307701349258434 0.78325453400611889 0.98174098134040844 0.9783238172531129 63.003078460693366 45.261835098266609 90.500000000000014 91.500000000000014 397.50000000000006 0.9731498956680299 21.6112813949585 68.385395050048842 10.050000190734865 23.010375976562504 0.94978111982345592 -0.99168640375137318 -0.94426098465919484 0.25206111371517187 66.500000000000014 61.500000000000007 0.30301725864410406 0.28519915044307714 51.670999526977546 57.649999618530281 1.2500000000000002 -0.94975915551185597 0.4584775865077973 -0.86546283960342396
decision_type=10 2 2 2 2 2 10 10 2 2 2 2 2 2 10 10 2 2 2 2 10 8 2 10 2 2 2 2 2 2 10 2 10 10 2 2 2 2
left_child=1 2 -1 4 5 22 7 8 9 21 -10 -12 13 -8 20 16 18 -18 -9 23 -7 -4 -3 24 -6 -2 27 29 31 -27 34 -29 -32 -34 35 -28 -36 -38
right_child=25 3 6 -5 19 14 12 15 10 -11 11 -13 -14 -15 -16 -17 17 -19 -20 -21 -22 -23 -24 -25 -26 26 30 28 -30 -31 32 -33 33 -35 36 -37 37 -39
leaf_value=0.43065455735255515 -0.13979393894986605 -0.02835441537964313 0.016966290057530056 -0.11489038343665035 -0.023392659061861228 0.18912535750186793 0.045039398558920564 0.00019449163264786417 -0.010126054840946964 -0.1556451460107815 0.094861006818054774 0.38643783319723968 -0.027175932191502137 0.61911791392103688 0.035056967422532913 0.33113150393376456 0.85718128734895671 0.037678020515741414 0.10178690115902091 -0.10636901408896671 -0.050487144000923113 -0.019988143605347022 0.083915085510114479 -0.03642035450003648 0.27358583168396078 0.3134641187937966 0.39107082611447169 -0.26244888060745097 0.6197239459390681 -0.056427231106630581 -0.0024231946414823204 0.1532578623887772 0.049278418128816497 0.27564727561364843 -0.075776552455874058 -0.022438872351419947 0.24572124064738127 -0.024416137842459065
leaf_weight=149 779 8344 20603 1804 296 1885 21160 6038 1067 1909 701 382 3532 193 2012 182 149 816 2216 2726 271 19105 1210 3164 298 279 244 166 345 1988 20005 361 1630 330 9092 843 298 8687
leaf_count=149 779 8344 20603 1804 296 1885 21160 6038 1067 1909 701 382 3532 193 2012 182 149 816 2216 2726 271 19105 1210 3164 298 279 244 166 345 1988 20005 361 1630 330 9092 843 298 8687
internal_value=0.00388239 0.0109819 0.0173917 -0.0117924 -0.00258767 0.0202816 0.0166028 0.00600645 -0.0028818 -0.00791612 0.0945655 0.19771 0.0392423 0.0502285 0.0991734 0.0473863 0.0417843 0.16422 0.0274697 -0.0509856 0.159007 -0.000813857 -0.0141355 -0.0108109 0.125598 -0.0119112 -0.00966076 0.0639854 0.258677 -0.0109034 -0.0152815 0.0223111 0.00559137 0.0873929 -0.0392052 0.0703843 -0.045795 -0.0154564
internal_weight=145259 100212 78202 22010 20206 13722 78053 53168 43767 41617 2150 1083 24885 21353 4168 9401 9219 965 8254 6484 2156 39708 9554 3758 594 45047 44268 3139 872 2267 41129 527 21965 1960 19164 1087 18077 8985
internal_count=145259 100212 78202 22010 20206 13722 78053 53168 43767 41617 2150 1083 24885 21353 4168 9401 9219 965 8254 6484 2156 39708 9554 3758 594 45047 44268 3139 872 2267 41129 527 21965 1960 19164 1087 18077 8985
is_linear=0
shrinkage=0.03


Tree=131
num_leaves=39
num_cat=0
split_feature=194 194 204 195 113 207 55 194 207 201 205 204 207 141 200 203 207 190 201 198 207 199 193 184 102 163 202 200 193 194 202 203 155 34 123 194 199 204
split_gain=20325.2 18111.2 19300.7 22650.4 49205.2 37801.6 19823.1 18539.8 17625.3 35741.5 33374.5 27486 27457.5 17620 17257.7 16604.8 14785 16579.8 14592.6 15504.6 13707.1 20123.1 28585.5 23650.2 13023.7 12243.7 15165.1 17650.5 11311.2 9110.51 9074.1 8419.11 7802.75 7717.13 6974.65 4905.71 4545.14 4224.91
threshold=7.5000000000000009 10.500000000000002 3.0000000000000004 1.2500000000000002 -186.92377471923825 -0.9193688929080962 89.23956680297853 96.500000000000014 -0.36647418141365046 52.500000000000007 -0.68301269412040699 11.000000000000002 -0.26866367459297175 10.32693386077881 6.7500000000000009 -0.9099266231060027 -0.96235975623130787 0.22909657657146457 12.500000000000002 0.65000000596046459 -0.89015004038810719 297.50000000000006 15.150000095367433 0.41587029397487646 66.268749237060561 794.48501586914074 -0.89490029215812672 9.2500000000000018 21.550000190734867 71.500000000000014 -0.94260558485984791 -0.93038213253021229 99.720001220703139 269.91667175292974 21.971162796020511 72.500000000000014 302.50000000000006 7.0000000000000009
decision_type=2 2 2 2 8 2 10 2 2 2 2 2 2 10 2 2 2 8 2 2 2 2 2 8 10 2 2 2 2 2 2 2 2 10 10 2 2 2
left_child=-1 32 6 7 -5 -6 13 8 9 10 -4 -11 24 16 -14 -8 17 -3 -18 -20 28 23 -23 -22 -10 26 27 -9 -17 -30 -19 -15 36 35 -28 -33 -2 -7
right_child=1 2 3 4 5 37 15 25 12 11 -12 -13 14 31 -16 20 18 30 19 -21 21 22 -24 -25 -26 -27 34 -29 29 -31 -32 33 -34 -35 -36 -37 -38 -39
leaf_value=0.32847492570364883 -0.15791602859819376 -0.37962031300119481 0.00089046345155829496 0.50766151239955115 0.48722548279751698 0.084583877079492928 0.19023025304413335 -0.13826365840832353 -0.036139648082515997 -0.019604112501556758 0.12902333889304576 0.032274161977176731 0.041590319946600826 -0.35155678337061147 -0.0016237610394438133 -0.28221472480174142 -0.23191691395531458 0.042204988961655032 0.26249258323162078 0.010012845704810841 0.36953819410247157 -0.24318927401713555 -0.014327758363871658 -0.024557445550201024 -0.14090892158775639 -0.26572847273267292 -0.074384055834297386 0.16970544553332728 -0.22374096077088268 0.062492528886916157 -0.09166644207578846 -0.2957805993911351 -0.30171063236044687 0.049086293590257339 -0.2515305482363559 -0.088286519612481143 0.0058516415980638175 -0.047552787982382425
leaf_weight=173 344 147 2896 251 155 296 211 255 3601 15266 4968 23099 9820 145 54346 503 221 660 222 15641 146 994 971 2233 1518 260 1492 488 185 218 1472 172 198 213 231 254 274 824
leaf_count=173 344 147 2896 251 155 296 211 255 3601 15266 4968 23099 9820 145 54346 503 221 660 222 15641 146 994 971 2233 1518 260 1492 488 185 218 1472 172 198 213 231 254 274 824
internal_value=0.00350352 0.00311628 0.00391286 0.00888491 0.123726 0.0481394 -0.0202858 0.00740276 0.00922766 0.0235738 0.0818372 0.011631 -0.000344494 -0.00590594 0.00498974 -0.0707035 4.05551e-05 -0.0714722 0.0101735 0.0135464 -0.081191 -0.0590529 -0.130099 -0.000370146 -0.0672084 -0.0699267 -0.0492815 0.0640085 -0.187335 -0.0689062 -0.0502239 -0.145185 -0.13782 -0.0983503 -0.0981353 -0.172069 -0.0853074 -0.0126302
internal_weight=145363 145190 144374 119766 1526 1275 24608 118240 115514 46229 7864 38365 69285 19147 64166 5461 18363 2279 16084 15863 5250 4344 1965 2379 5119 2726 2466 743 906 403 2132 784 816 639 1723 426 618 1120
internal_count=145363 145190 144374 119766 1526 1275 24608 118240 115514 46229 7864 38365 69285 19147 64166 5461 18363 2279 16084 15863 5250 4344 1965 2379 5119 2726 2466 743 906 403 2132 784 816 639 1723 426 618 1120
is_linear=0
shrinkage=0.03


Tree=132
num_leaves=39
num_cat=0
split_feature=80 122 181 132 207 97 181 96 208 56 207 98 189 208 123 207 207 207 158 105 199 198 200 200 207 208 200 198 208 94 202 96 207 208 208 207 207 95
split_gain=19104.8 28120.7 20165.9 17990.8 18160.8 16130.4 19764.7 16371.9 21908.5 21057.3 19543.9 16039.5 15432.7 36039.3 19610.1 31877.7 31144.5 31123.3 15989 14905.8 26484.3 30139.2 28574.7 20133.5 16157 21125.1 21435.5 15595.6 14914.5 14626 14172.8 13844.6 17378.5 18879.6 67586.3 20981.8 13662.7 23036.1
threshold=18.687500000000004 33.345071792602546 10.000000000000002 -70.400112152099595 -0.81923159956932057 13.799117565155031 6.0000000000000009 47.094318389892585 0.80290535092353832 67.235809326171889 -0.35846811532974238 12.025000095367433 75.023303985595717 -0.95998492836952198 67.233905792236342 -0.85671821236610401 -0.83847111463546742 -0.86976337432861317 6.5000000000000009 123.44343948364259 337.50000000000006 2.8500000238418584 8.0500001907348651 14.550000190734865 -0.98803845047950734 0.063390085473656668 13.550000190734865 4.8500001430511483 0.029024410061538223 42.358055114746101 -0.77159520983695973 18.740087509155277 0.98667103052139293 0.31595529615879064 0.24164313822984698 -0.91597726941108693 -0.056952163577079766 17.82923793792725
decision_type=2 8 2 10 2 2 2 10 2 10 2 2 8 2 8 2 2 2 2 10 2 2 2 2 2 2 2 2 2 10 2 8 2 2 2 2 2 10
left_child=1 2 -1 -3 30 7 11 9 -9 31 -10 -7 14 -14 15 17 -17 -11 -15 24 21 -21 -23 -24 25 28 27 -27 -8 -26 -5 -2 33 34 -33 -35 -4 -38
right_child=5 3 36 4 -6 6 19 8 10 12 -12 -13 13 18 -16 16 -18 -19 -20 20 -22 22 23 -25 29 26 -28 -29 -30 -31 -32 32 -34 35 -36 -37 37 -39
leaf_value=-0.065946642400010802 0.047455472431629703 -0.0041624478364758735 0.079841171152488954 -0.30643242147504562 0.15661194083110846 -0.0071043008280533056 0.0091022915575414299 -0.26470634850598262 0.023003469006142137 0.079327178543621313 -0.14473116325633245 0.31457205999151577 0.32495374031637636 -0.06028746055112609 0.0010747657975154674 -0.33141014355252535 0.067973645185824022 0.49212132935237141 0.016036235965712377 0.26803655437691942 0.39622741224794505 -0.31918489868958289 0.11831305908005868 -0.073692304587710408 -0.050362055647732488 0.090607619433245218 -0.098636762380225645 0.42773708196941584 -0.30225200171557531 -0.13575459322342373 0.058984488098153563 -0.0071187967934867591 -0.093493389067157998 -0.17693370852796772 0.20263575487025642 -0.030523009583328993 0.10117523145795028 0.00045533981324548622
leaf_weight=1377 3648 33252 8980 150 1212 308 445 434 1796 345 959 255 299 3658 5110 180 7390 314 7608 322 157 292 781 1326 6339 248 218 246 201 2524 263 30579 2308 974 1448 9218 2850 7224
leaf_count=1377 3648 33252 8980 150 1212 308 445 434 1796 345 959 255 299 3658 5110 180 7390 314 7608 322 157 292 781 1326 6339 248 218 246 201 2524 263 30579 2308 974 1448 9218 2850 7224
internal_value=0.00309897 0.0169732 0.0449222 0.000600703 0.0980677 -0.00543387 -0.0354535 -5.6399e-05 -0.0665941 0.00284716 -0.0353842 0.138595 0.0252448 -0.000117879 0.0472345 0.0758984 0.0584766 0.27602 -0.00874559 -0.0429343 0.0173744 -0.00448635 -0.0410661 -0.00252144 -0.0599159 0.0364432 0.149148 0.258496 -0.0877766 -0.0746803 -0.0737365 -0.00873129 -0.0133346 -0.00895246 0.00236464 -0.044515 0.0529345 0.0289498
internal_weight=145238 55308 20431 34877 1625 89930 13662 76268 3189 73079 2755 563 24904 11565 13339 8229 7570 659 11266 13099 2878 2721 2399 2107 10221 1358 712 494 646 8863 413 48175 44527 42219 32027 10192 19054 10074
internal_count=145238 55308 20431 34877 1625 89930 13662 76268 3189 73079 2755 563 24904 11565 13339 8229 7570 659 11266 13099 2878 2721 2399 2107 10221 1358 712 494 646 8863 413 48175 44527 42219 32027 10192 19054 10074
is_linear=0
shrinkage=0.03


Tree=133
num_leaves=39
num_cat=0
split_feature=199 199 202 193 208 208 204 207 114 197 204 207 197 197 177 56 197 95 141 193 185 207 56 200 199 199 76 207 200 199 114 56 195 113 200 200 200 197
split_gain=18696.4 33691.8 45489.6 44040 30033.7 66044.6 93925.7 26582.4 22942.2 22381 22258.7 28528.1 105513 65479.8 25155.8 24738.6 58036.4 57932.2 38623.8 22037.7 22007.7 20422.8 33044.6 19810.3 27517.9 21394.2 19144.6 22739.1 17952.8 17380.2 17194.6 17005.5 16388.5 42333.3 15927.4 34346.8 19813.3 14060.1
threshold=13.500000000000002 76.500000000000014 0.85260769724845897 16.349999427795414 0.50370931625366222 0.054805127903819091 7.0000000000000009 -0.8978554606437682 -35.858140945434563 990.04998779296886 11.000000000000002 -0.99275806546211232 984.95001220703136 979.35000610351574 4.3863921165466317 102.70215988159181 993.14999389648449 54.924900054931648 10.438712120056154 32.549999237060554 51.798387527465827 -0.99054482579231251 24.133406639099125 11.050000190734865 124.50000000000001 166.50000000000003 3.0036381483078007 -0.36647418141365046 3.7500000000000004 351.50000000000006 419.01174926757818 105.45421218872072 1.3499999642372134 -156.959846496582 11.949999809265138 14.050000190734865 4.0499999523162851 988.14999389648449
decision_type=2 2 2 2 2 2 2 2 8 2 2 2 2 2 2 10 2 10 8 2 8 2 10 2 2 2 8 2 2 2 10 10 2 10 2 2 2 2
left_child=-1 2 9 -4 5 8 -7 -8 19 31 14 12 13 -12 30 21 17 20 -18 -5 -17 22 -13 24 -15 -25 27 -23 -16 -28 32 37 34 -34 36 -36 -3 -2
right_child=1 10 3 4 -6 6 7 -9 -10 -11 11 15 -14 23 28 16 18 -19 -20 -21 -22 26 -24 25 -26 -27 29 -29 -30 -31 -32 -33 33 -35 35 -37 -38 -39
leaf_value=-0.07154646205930261 0.03257689894367332 0.037371977163449206 0.50659115136102406 0.24419297918616581 -0.14343559523633764 0.91407222969460777 0.044225290719256752 0.40407531647487888 -0.02500193012675728 -0.075525830827067472 0.45748633857019583 -0.52631118553639733 0.56033671083549985 0.3411305808521658 0.17661231846017589 0.27571703748773263 -0.28464208727302925 0.62668145730768576 0.02104409832768693 0.0087597277420912376 0.069663694964579623 0.24551459410366289 -0.002145678551311642 -0.41096440776731391 -0.044970200261938022 -0.052277350039039189 -0.0023444468053593422 -0.048493417438171725 -0.11456990959724345 0.098398910304854134 0.25515980669840205 0.15696284383732298 0.44008040699424283 -0.020356099779513175 0.055384159301074938 -0.014106098511972032 -0.037153973769629187 -0.11475683712463383
leaf_weight=2920 6754 3700 259 830 401 205 453 312 1478 2059 283 172 397 262 204 519 611 188 951 629 4612 620 292 173 454 1109 48312 383 2892 1592 223 915 261 577 8529 25663 24272 638
leaf_count=2920 6754 3700 259 830 401 205 453 312 1478 2059 283 172 397 262 204 519 611 188 951 629 4612 620 292 173 454 1109 48312 383 2892 1592 223 915 261 577 8529 25663 24272 638
internal_value=0.00359744 0.00514066 0.0477706 0.126655 0.103812 0.129189 0.343815 0.190991 0.058304 0.0130159 0.00013799 0.0132283 0.108968 0.0304067 -0.0118883 0.00882688 0.0622447 0.109459 -0.0985304 0.142695 0.0905065 0.0016717 -0.196456 -0.0300873 0.0963146 -0.100683 0.00347761 0.133247 -0.0953829 0.000869402 -0.00779968 0.0349622 -0.00873048 0.123052 -0.010507 0.00322785 -0.027296 0.0198604
internal_weight=145104 142184 14933 4567 4308 3907 970 765 2937 10366 127251 60930 2678 2281 66321 58252 6881 5319 1562 1459 5131 51371 464 1998 716 1282 50907 1003 3096 49904 63225 8307 63002 838 62164 34192 27972 7392
internal_count=145104 142184 14933 4567 4308 3907 970 765 2937 10366 127251 60930 2678 2281 66321 58252 6881 5319 1562 1459 5131 51371 464 1998 716 1282 50907 1003 3096 49904 63225 8307 63002 838 62164 34192 27972 7392
is_linear=0
shrinkage=0.03


Tree=134
num_leaves=39
num_cat=0
split_feature=204 195 102 207 55 123 36 190 200 191 171 199 141 114 209 200 204 207 207 201 203 200 96 199 183 201 201 161 199 114 207 206 207 188 207 190 201 198
split_gain=18019.4 20053.6 44251.6 34981 18682.1 16837.8 19315.5 26015 18508.5 16132.5 25039.8 23419.3 15602.2 15559.4 26118.3 57266.3 18228.1 16000.8 19777.3 17880.1 15238 15594.3 20449.9 26763.8 21205.7 14828.3 30038.4 28377.5 24505.4 17754 52956.3 19890.2 14106.1 13260.4 13229.1 16668.1 13391.1 15074
threshold=3.0000000000000004 1.2500000000000002 90.085414886474624 -0.9193688929080962 89.23956680297853 -11.497584342956541 484.05104064941412 1.1358357667922976 29.050000190734867 38.822866439819343 1.5559570193290713 269.50000000000006 10.32693386077881 219.70696258544925 9.5000000000000018 3.0499999523162846 11.000000000000002 0.85673803091049205 0.89017060399055492 42.500000000000007 -0.58068084716796864 17.849999427795414 46.54467964172364 313.50000000000006 47.844097137451179 67.500000000000014 307.50000000000006 606.79501342773449 332.50000000000006 376.33592224121099 -0.56368473172187794 0.25000000000000011 -0.38242425024509424 0.77808240056037914 -0.96235975623130787 0.22199159115552905 12.500000000000002 0.65000000596046459
decision_type=2 2 10 2 10 8 10 10 2 10 2 2 10 8 2 2 2 2 2 2 2 2 8 2 8 2 2 2 2 8 2 2 2 10 2 8 2 2
left_child=4 5 3 -3 12 -2 8 25 13 10 -9 -11 34 14 16 -16 -7 19 -19 -15 -6 22 24 -24 33 29 27 -27 -28 30 -8 -31 -23 -22 35 -1 -36 -38
right_child=1 2 -4 -5 20 6 7 9 -10 11 -12 -13 -14 17 15 -17 -18 18 -20 -21 21 32 23 -25 -26 26 28 -29 -30 31 -32 -33 -34 -35 36 -37 37 -39
leaf_value=-0.3793255828418115 -0.089143695450579652 0.4685162904573672 0.47517673994992315 -0.015369999685779975 0.067755610353621765 -0.013515392246968986 -0.060603790829727749 -0.044989161747751666 -0.19469881844204626 0.019780226160009642 0.40422477393157907 -0.21186720778493345 -0.13705587523397461 0.036838642805179678 0.55420116682171927 0.052161513955129621 0.0190713059814514 0.19621108997599165 -0.081848032480731622 -0.027438699135270844 0.34033144080801569 0.13325677774293046 -0.12187175914117783 -0.51111376261150987 -0.11365176193824984 0.018493471341085116 0.06405661062078738 -0.1649002456518863 0.28971021303650202 -0.0043279250024245057 0.40695964575962101 0.13136526561050399 -0.073394715027712762 -0.040875299497934073 -0.22436365743630368 -0.046943475501874804 0.25727327018715673 0.0088680646654885238
leaf_weight=145 1628 153 257 1109 648 25848 367 393 423 723 156 860 785 4601 211 6616 38401 684 347 25379 158 471 425 254 2561 3577 3118 964 503 1783 537 2138 806 171 218 2135 223 15576
leaf_count=145 1628 153 257 1109 648 25848 367 393 423 723 156 860 785 4601 211 6616 38401 684 347 25379 158 471 425 254 2561 3577 3118 964 503 1783 537 2138 806 171 218 2135 223 15576
internal_value=0.00329002 0.00805484 0.11637 0.0432972 -0.0201261 0.0066752 0.00800135 0.039656 0.00333266 -0.057469 0.0826603 -0.106068 -0.00609113 0.00415323 0.0118894 0.0676787 0.00596135 -0.0135779 0.102625 -0.0175741 -0.0688728 -0.0871427 -0.119334 -0.267485 -0.0845249 0.0556005 0.0309535 -0.020439 0.0954034 0.0972935 0.217142 0.0696614 0.00282533 0.1422 -0.000472235 -0.0680835 0.00915215 0.0123744
internal_weight=145352 120776 1519 1262 24576 119257 117629 15119 102510 2132 549 1583 19082 102087 71076 6827 64249 31011 1031 29980 5494 4846 3569 679 2890 12987 8162 4541 3621 4825 904 3921 1277 329 18297 2280 16017 15799
internal_count=145352 120776 1519 1262 24576 119257 117629 15119 102510 2132 549 1583 19082 102087 71076 6827 64249 31011 1031 29980 5494 4846 3569 679 2890 12987 8162 4541 3621 4825 904 3921 1277 329 18297 2280 16017 15799
is_linear=0
shrinkage=0.03


Tree=135
num_leaves=39
num_cat=0
split_feature=85 105 197 207 199 201 193 95 80 207 193 204 197 201 79 207 197 199 95 123 193 208 197 208 193 105 208 208 197 208 208 208 208 208 201 197 122 204
split_gain=18540.5 15112.2 42548 72594.8 26647.2 24393.8 39788.4 17088.6 15299.6 20328.1 28787.6 18427.3 14239.4 14173.3 16342.6 13297.9 38733.5 44916.1 67625.6 32040.2 46259.9 31836.2 55865.3 24980.9 23526.5 19935.1 23260.7 18830.7 22459.2 20177.3 13633.3 37884 36826.7 24335.7 32093.8 20671.9 18915 12702.7
threshold=35.084999084472663 121.14503479003908 989.95001220703136 -0.76624640822410572 326.50000000000006 1027.5000000000002 14.150000095367433 38.187152862548835 42.412500381469734 -0.47558552026748652 12.550000190734865 21.000000000000004 994.45001220703136 4287.5000000000009 1.1120373606681826 0.89787620306015026 983.64999389648449 104.50000000000001 13.597095489501955 28.817677497863773 11.150000095367433 0.92191100120544445 990.45001220703136 0.58307701349258434 19.150000572204593 -3.19477367401123 -0.26867066323757166 -0.15101602673530576 984.75000000000011 -0.11692317575216292 0.51849433779716503 0.78192543983459484 0.84199059009552013 0.2332836911082268 32.500000000000007 989.85000610351574 43.271186828613288 11.000000000000002
decision_type=10 10 2 2 2 2 2 10 2 2 2 2 2 2 8 2 2 2 8 10 2 2 2 2 2 10 2 2 2 2 2 2 2 2 2 2 8 2
left_child=13 7 3 -3 8 6 -6 12 -4 10 -10 -12 -2 14 15 19 17 18 -17 30 -21 23 -23 -22 -18 26 -19 28 -26 -29 33 36 -33 35 -35 -1 -32 -16
right_child=1 2 4 -5 5 -7 -8 -9 9 -11 11 -13 -14 -15 37 16 24 25 -20 20 21 22 -24 -25 27 -27 -28 29 -30 -31 31 32 -34 34 -36 -37 -38 -39
leaf_value=0.0053227520904234379 -0.027569335781141933 0.032490593324065779 0.098016729597305202 0.84680349815894018 -0.4641355708566347 -0.43709952068760916 0.068371275099957385 -0.10821558046000734 0.38694530050521281 -0.14699442283715441 -0.02237801736688182 0.23160200996746586 0.26076418739357665 0.26075374644276794 -0.055497766163494645 0.73415617158507229 -0.1346343172507887 -0.26156861024589656 0.097147933864355218 0.44695193981837528 0.042300199108100373 0.50506301495860195 -0.049191233902139288 0.13473844362275531 -0.049774694356875412 0.07201040870092966 0.015303267788518655 -0.20916978407985798 0.16475752427843113 -0.021176991985457836 -0.18152525680954179 0.14684398043814545 -0.0090792510988152633 0.17609573987903826 0.031809006937833374 0.35351362657389285 -0.044761193822023232 0.006135508602862768
leaf_weight=42848 12932 303 1594 146 170 214 491 2609 183 802 2911 282 156 199 6244 213 1675 393 507 266 8049 171 3813 3909 756 2988 895 531 1048 15888 1504 1530 12510 1770 6419 154 2305 5810
leaf_count=42848 12932 303 1594 146 170 214 491 2609 183 802 2911 282 156 199 6244 213 1675 393 507 266 8049 171 3813 3909 756 2988 895 531 1048 15888 1504 1530 12510 1770 6419 154 2305 5810
internal_value=0.00315881 -0.0216838 0.0146479 0.297291 -0.00444483 -0.158718 -0.0685861 -0.0381079 0.0189422 -0.0112265 0.0210266 5.35319e-05 -0.0241324 0.00778513 0.00737314 0.0110026 -0.00828733 0.0663936 0.285604 0.0166356 0.0545944 0.0480474 -0.0254005 0.0725178 -0.0270383 0.029482 -0.069178 -0.0171483 0.0748538 -0.0272569 0.00772433 -0.0148524 0.00791244 0.0155963 0.0629959 0.00656979 -0.0987635 -0.0257907
internal_weight=145188 22793 7096 449 6647 875 661 15697 5772 4178 3376 3193 13088 122395 122196 110142 24894 4996 720 85248 16208 15942 3984 11958 19898 4276 1288 18223 1804 16419 69040 17849 14040 51191 8189 43002 3809 12054
internal_count=145188 22793 7096 449 6647 875 661 15697 5772 4178 3376 3193 13088 122395 122196 110142 24894 4996 720 85248 16208 15942 3984 11958 19898 4276 1288 18223 1804 16419 69040 17849 14040 51191 8189 43002 3809 12054
is_linear=0
shrinkage=0.03


Tree=136
num_leaves=39
num_cat=0
split_feature=80 36 96 197 207 94 123 208 207 80 132 207 208 207 96 190 206 202 204 202 197 186 207 206 166 203 208 208 0 203 208 208 204 198 200 204 197 95
split_gain=19516.4 16342.9 24836.1 29481 20808.1 19866.1 18389.4 19928 21042 34673.5 27718.9 47311 38725.5 21190.9 21077 13634.3 13924.7 61256.9 55204.8 28700.9 20477.4 29234.3 39725.2 18852.3 15922.8 14121.3 12562.8 72577.3 18995.7 17504.9 24071.1 19384.6 78876 36767.2 34649.4 16199.4 12853.3 16648.7
threshold=40.371000289916999 484.05104064941412 45.261835098266609 993.85000610351574 -0.56368473172187794 69.031242370605483 64.547229766845717 -0.99966478347778309 0.9260200858116151 18.687500000000004 -102.90504455566405 0.94138324260711681 -0.34234976768493647 0.9159645438194276 17.563187599182132 1.3134048581123354 -0.68301269412040699 0.87032255530357372 11.000000000000002 0.44618082046508795 991.75000000000011 1.3448989987373354 -0.86976337432861317 1.0000000180025095e-35 195.50000000000003 -0.36648726463317866 0.87709078192710888 0.86869874596595775 171.50000000000003 0.83385404944419872 0.79253265261650097 0.82293498516082775 9.0000000000000018 5.4500000476837167 9.2500000000000018 11.000000000000002 991.14999389648449 38.498460769653327
decision_type=2 10 10 2 2 10 8 2 2 2 10 2 2 2 8 10 2 2 2 2 2 10 2 2 2 2 2 2 10 2 2 2 2 2 2 2 2 10
left_child=1 5 15 4 -4 6 7 -1 9 13 11 -10 -12 -9 -11 16 17 19 -19 24 21 23 -23 -18 -3 -22 27 29 -28 31 36 -2 33 -33 -34 -32 37 -31
right_child=26 2 3 -5 -6 -7 -8 8 10 14 12 -13 -14 -15 -16 -17 20 18 -20 -21 25 22 -24 -25 -26 -27 28 -29 -30 30 35 32 34 -35 -36 -37 -38 -39
leaf_value=-0.13967085156664763 -0.023328499399416634 0.04772642154415184 0.11598642360644286 -0.024271766831758322 0.49916624531925147 0.29865984839311982 -0.021030605700358317 0.047966433186183051 -0.55250323911623189 0.14191908359245997 0.24047770126171819 -0.0015095098119209545 -0.015493270238116284 0.25156064301830128 0.0019586364210354575 -0.084115040301235983 -0.041593967975551982 0.89021200004707979 0.13535638915897105 -0.203292392919316 -0.25091746748090749 0.021043669738598413 0.66517189932996279 0.064873480193814143 0.27863149669382398 -0.030587899361846652 -0.24187545533949922 0.46588104221091503 -0.040724464996927071 -0.038300792781994712 -0.52087511788851881 0.70765584663611658 -0.39339453175301231 0.12443270224307157 0.14548127744986855 -0.17284986494290647 0.13805089636293019 -0.35892073202008029
leaf_weight=809 11652 1652 223 339 298 204 23923 18252 231 989 545 357 22173 472 46403 923 2235 154 201 368 301 191 157 4532 321 2010 582 274 1542 1022 161 209 239 182 195 477 292 170
leaf_count=809 11652 1652 223 339 298 204 23923 18252 231 989 545 357 22173 472 46403 923 2235 154 201 368 301 191 157 4532 321 2010 582 274 1542 1022 161 209 239 182 195 477 292 170
internal_value=0.00261371 0.00661669 0.0373269 0.193479 0.335162 0.00288257 0.00235398 0.00855395 0.00989496 0.0185351 -0.0146161 -0.217977 -0.00935247 0.0530988 0.00487944 0.0270323 0.0354954 0.0956169 0.462831 0.0399291 0.0182995 0.0434999 0.311653 0.0297094 0.0852952 -0.0592862 -0.0275936 -0.0178469 -0.0958431 -0.026926 -0.106582 -0.0133785 0.12715 0.436192 -0.151274 -0.260681 -0.0403309 -0.0840296
internal_weight=145260 128263 13905 860 521 114358 114154 90231 89422 66116 23306 588 22718 18724 47392 13045 12122 2696 355 2341 9426 7115 348 6767 1973 2311 16997 14873 2124 14599 2122 12477 825 391 434 638 1484 1192
internal_count=145260 128263 13905 860 521 114358 114154 90231 89422 66116 23306 588 22718 18724 47392 13045 12122 2696 355 2341 9426 7115 348 6767 1973 2311 16997 14873 2124 14599 2122 12477 825 391 434 638 1484 1192
is_linear=0
shrinkage=0.03


Tree=137
num_leaves=39
num_cat=0
split_feature=94 207 69 193 196 193 95 202 201 139 196 190 96 196 207 123 207 202 16 207 202 96 132 200 110 195 195 196 190 207 183 192 207 16 196 207 202 193
split_gain=17504.8 23489 20607.2 20106.6 35109.3 18850.4 18705.8 18642.5 19565 17493 16553.4 16305.4 22677.9 18083.2 16767.8 20232 18193.6 15530.5 19619.9 15247.2 14468.3 14257.5 14229.4 14170.5 13982.5 18814 17066.2 14316.8 13597.6 21973.8 20911 18254.4 16462 13099.5 12433.4 12261.4 12001.7 13030.8
threshold=22.502138137817386 0.89787620306015026 17.32499980926514 40.649999618530281 7.5000000000000009 26.94999980926514 32.205884933471687 -0.11319890245795249 317.50000000000006 -20.312499999999996 7.5000000000000009 0.53298994898796093 13.410613536834719 63.500000000000007 0.88220161199569713 27.918416976928714 0.77244481444358837 0.19936034083366397 86.266292572021499 0.60555469989776622 -0.99687939882278431 20.035710334777836 -91.924045562744126 13.150000095367433 183.19999694824222 1.3499999642372134 0.15000000223517421 98.500000000000014 1.0099237561225893 -0.39826117455959315 100.75951004028322 0.65442386269569408 0.12545942142605784 112.11811828613283 42.500000000000007 0.94138324260711681 -0.30069434642791742 22.349999427795414
decision_type=8 2 10 2 2 2 10 2 2 8 2 8 8 2 2 8 2 2 10 2 2 10 10 2 10 2 2 2 8 2 10 8 2 10 2 2 2 2
left_child=3 2 6 11 -5 -3 24 8 10 -4 -7 12 13 36 16 21 19 18 -9 -13 -11 -16 -19 -17 -2 26 34 -28 29 30 -22 -30 -31 35 -26 -25 -1 -38
right_child=1 5 9 4 -6 7 -8 17 -10 20 -12 14 -14 -15 15 23 -18 22 -20 -21 28 -23 -24 33 25 -27 27 -29 31 32 -32 -33 -34 -35 -36 -37 37 -39
leaf_value=0.13609839468224247 -0.015016481676751285 -0.096480369903390192 0.14621020722105849 0.58404213885835521 -0.038665612350687412 0.14344533894681236 -0.046102151611612005 0.53228871569398939 -0.081205394183646487 -0.10193867377221026 -0.074319867676588658 0.012107308603345529 0.02607533708972239 -0.047043570217285773 0.13787774780624132 0.0064636117879186081 0.10929821179385375 -0.19974195491206073 0.045269100863806915 -0.094700900435856966 0.047861636370354725 -0.007548845192869723 0.098713134935160957 -0.18405396933790075 0.0066230766873836685 0.32415490739047553 -0.35939941215057825 -0.02352007632304445 -0.18209466120157825 -0.10645403565702527 0.1705773818838891 0.0067705313375667972 0.031583413539958714 0.10291035282739103 0.073918545661003143 -0.066074387112163846 0.15055079866567028 0.50892780591781095
leaf_weight=588 22745 4402 1011 151 177 789 10903 145 3146 862 522 31269 21620 298 951 2848 1678 188 153 1251 4495 1676 611 938 8011 186 188 291 489 1120 1731 7923 2543 356 3573 5122 161 211
leaf_count=588 22745 4402 1011 151 177 789 10903 145 3146 862 522 31269 21620 298 951 2848 1678 188 153 1251 4495 1676 611 938 8011 186 188 291 489 1120 1731 7923 2543 356 3573 5122 161 211
internal_value=0.00278458 -0.00715576 -0.000682745 0.0136906 0.248015 -0.0501126 -0.0117906 -0.0133621 -0.0406301 0.0245882 0.0567377 0.0125762 0.0332803 0.157103 0.0022989 -0.0283879 0.012969 0.0974241 0.282252 0.0079985 0.0181716 0.0450972 0.0284864 -0.0492262 -0.00110018 0.0247408 0.0201238 -0.155353 0.023829 0.0476789 0.0819803 -0.00420858 -0.010623 -0.0739464 0.0273799 -0.0843362 0.220473 0.353833
internal_weight=145322 76027 66071 69295 328 9956 45897 5554 4457 20174 1311 68967 22878 1258 46089 11891 34198 1097 298 32520 19163 2627 799 9264 34994 12249 12063 479 18301 9889 6226 8412 3663 6416 11584 6060 960 372
internal_count=145322 76027 66071 69295 328 9956 45897 5554 4457 20174 1311 68967 22878 1258 46089 11891 34198 1097 298 32520 19163 2627 799 9264 34994 12249 12063 479 18301 9889 6226 8412 3663 6416 11584 6060 960 372
is_linear=0
shrinkage=0.03


Tree=138
num_leaves=39
num_cat=0
split_feature=204 201 200 201 186 200 122 187 200 201 200 102 191 200 123 203 201 105 123 196 97 193 208 203 202 200 56 202 140 202 191 189 201 198 201 201 104 201
split_gain=16482.3 17810.9 21882.9 21056.1 37878.8 21138.6 26755.1 30246.6 19854.9 19484.3 30991.7 34660.4 21446.5 21257.4 17193.3 17147.8 16948.6 16570.3 16381.6 15111.9 21006.8 15335.6 34428.1 36772.6 26504.1 17383.5 14921.2 19999.5 45214.2 29567.7 55628.5 22910.9 21327.8 20637.1 37713.6 19155.4 18991.6 21588.9
threshold=3.0000000000000004 57.500000000000007 11.34999990463257 72.500000000000014 0.14628864824771884 14.750000000000002 24.442562103271488 37.324460983276374 11.449999809265138 102.50000000000001 13.250000000000002 90.085414886474624 16.151425361633304 12.150000095367433 39.968126296997077 -0.39873388409614557 122.50000000000001 -40.160131454467766 -12.088061332702635 11.500000000000002 9.5879549980163592 24.349999427795414 -0.082691941410303102 -0.07845610752701758 -0.87878364324569691 6.8500001430511483 102.70215988159181 -0.77159520983695973 27.411134719848636 -0.72534674406051625 40.737716674804695 100.50000000000001 1487.5000000000002 7.1499998569488534 697.50000000000011 307.50000000000006 43.754167556762702 152.50000000000003
decision_type=2 2 2 2 8 2 10 10 2 2 2 10 8 2 10 2 2 8 8 2 2 2 2 2 2 2 8 2 10 2 8 10 2 2 2 2 8 2
left_child=1 2 19 4 -3 6 -6 -8 17 12 11 13 -10 -11 -4 -13 -12 -5 -2 21 -21 24 -23 -24 -1 -26 36 32 29 30 -29 35 33 34 -28 -31 -20 -38
right_child=18 3 14 8 5 -7 7 -9 9 10 16 15 -14 -15 -16 -17 -18 -19 26 20 -22 22 23 -25 25 -27 27 28 -30 31 -32 -33 -34 -35 -36 -37 37 -39
leaf_value=-0.1884201393360575 -0.10251270630862799 0.54100949557998379 -0.11521838555882452 -0.39539597608002447 0.021442657010246845 -0.14258398820535217 0.070724201537456052 0.56256823071203421 0.16297223654016851 -0.21527908682668531 0.097494656177253794 0.21564970055691257 -0.11450756230167519 0.14824393984240691 -0.38687495003563743 0.67625413834313097 -0.017819830435360628 -0.075203264091394897 0.014691794543348001 -0.042915349671467366 -0.29869573453163645 -0.037899200351403761 0.037455503122716262 0.60198377987177454 0.093685145026902242 -0.073957441793824394 -0.045646045317365207 0.60657341750621485 0.55777105039079 0.024609584187919462 -0.0025428092837328259 -0.10423556810446284 0.32747215902604232 0.043746528710389296 -0.46281911598203451 0.1214129715677341 0.016213569572745886 -0.028401245983382929
leaf_weight=774 1212 152 1357 156 1136 409 248 206 286 187 1333 145 2030 641 248 146 8226 2152 62599 1015 404 677 216 200 1190 1046 2576 242 162 5811 305 896 162 2330 211 2692 15723 25745
leaf_count=774 1212 152 1357 156 1136 409 248 206 286 187 1333 145 2030 641 248 146 8226 2152 62599 1015 404 677 216 200 1190 1046 2576 242 162 5811 305 896 162 2330 211 2692 15723 25745
internal_value=0.00266341 -0.0197279 -0.0596906 -0.0034089 0.0844788 0.0497626 0.0992412 0.293904 -0.0157633 -0.00136111 0.0157476 0.165126 -0.0802412 0.066142 -0.157196 0.446759 -0.00173914 -0.0968471 0.00722458 -0.0313498 -0.11574 -0.00216366 0.0940843 0.308872 -0.0371138 0.0152618 0.00833801 0.0359121 0.0606292 0.0525312 0.266943 0.0400527 -0.011415 -0.0221446 -0.0772312 0.0552571 0.00426098 -0.0114851
internal_weight=145246 24580 7127 17453 2151 1999 1590 454 15302 12994 10678 1119 2316 828 1605 291 9559 2308 120666 5522 1419 4103 1093 416 3010 2236 119454 15387 10108 9946 547 9399 5279 5117 2787 8503 104067 41468
internal_count=145246 24580 7127 17453 2151 1999 1590 454 15302 12994 10678 1119 2316 828 1605 291 9559 2308 120666 5522 1419 4103 1093 416 3010 2236 119454 15387 10108 9946 547 9399 5279 5117 2787 8503 104067 41468
is_linear=0
shrinkage=0.03


Tree=139
num_leaves=39
num_cat=0
split_feature=80 181 96 193 194 208 207 202 198 206 194 198 129 193 193 205 198 97 208 207 202 202 100 188 208 141 205 114 206 193 166 184 208 202 201 62 208 193
split_gain=17258.3 24300 22877.6 19274.9 17584.7 15316.8 18123.6 15415.6 27830.6 26864.8 81535.6 26796.6 25175.2 20346.4 24806.5 19604.6 17896.4 16387.9 22012.7 46022.4 67297.1 35855.6 17447.2 14718.6 17590.9 18505.5 14621.5 15474.6 14509.6 27716.9 14135.6 13323.7 13127.9 13606.9 12252.9 13102.8 12699.1 20113.8
threshold=18.687500000000004 12.000000000000002 24.969442367553714 40.649999618530281 10.500000000000002 -0.99465739727020253 -0.048361575230956071 0.85260769724845897 6.4500000476837167 -0.68301269412040699 71.500000000000014 6.3500001430511483 134.77083587646487 30.150000572204593 29.050000190734867 0.68301269412040722 4.6499998569488534 12.643417358398439 0.83258596062660228 -0.47558552026748652 -0.38266885280609125 -0.72534674406051625 74.599998474121108 1.066924035549164 0.15738975256681445 -14.229028701782225 -0.68301269412040699 -8.3511061668395978 -0.93301269412040699 33.850000381469734 19.500000000000004 0.23303909599781039 -0.99168640375137318 0.86159634590148937 1692.5000000000002 18.427499771118168 0.59696555137634288 32.250000000000007
decision_type=2 2 8 2 2 2 2 2 2 2 2 2 8 2 2 2 2 2 2 2 2 2 8 10 2 10 2 8 2 2 2 8 2 2 2 8 2 2
left_child=1 -1 3 4 -3 6 -2 17 9 10 12 13 -9 14 -11 -15 -14 34 28 20 21 -20 -21 31 30 -26 27 -10 29 -19 -25 -6 -4 -34 35 -7 37 -36
right_child=5 2 32 -5 23 7 -8 8 26 11 -12 -13 16 15 -16 -17 -18 18 19 22 -22 -23 -24 24 25 -27 -28 -29 -30 -31 -32 -33 33 -35 36 -37 -38 -39
leaf_value=-0.04716603730560686 0.06983627031724414 -0.18035170139158224 -0.080164323389653014 0.35163727601953038 0.2809404270265069 -0.0088871758508204807 -0.13465216480214026 0.021786510983932535 0.13110687726104181 0.016519421543251849 0.74657033035310361 0.35980585133946269 0.12488120860728213 0.17438469456544228 -0.21585050407848544 -0.14385397411720144 0.5586389900461568 -0.024190383193513243 0.31178258741212378 -0.19811046356509535 0.78886616341458438 -0.19335571443879285 0.0066221634386239708 0.096960817944531583 0.067322768847264375 -0.055841858091303299 -0.047699127784396243 -0.027894299759362622 -0.072190049455571031 0.42539670896462412 0.012840619704539123 -0.0045778961346285164 0.046797835384652028 0.12426581251350979 -0.17165076144361074 0.022518384632047136 0.20491145360015392 -0.024174483322240786
leaf_weight=5004 515 438 610 148 148 35628 1608 1106 1012 4850 194 220 196 1160 452 205 152 656 278 453 159 232 2165 4796 1782 2860 5089 1209 9224 152 2876 23829 10199 2551 1060 17995 174 3875
leaf_count=5004 515 438 610 148 148 35628 1608 1106 1012 4850 194 220 196 1160 452 205 152 656 278 453 159 232 2165 4796 1782 2860 5089 1209 9224 152 2876 23829 10199 2551 1060 17995 174 3875
internal_value=0.00267807 0.0158784 0.0221581 0.00997265 0.00859581 -0.00542241 -0.0850468 -0.00349918 0.0232919 0.0600873 0.168892 0.0340511 0.0918103 0.0233011 -0.00329058 0.12659 0.31435 -0.00939092 -0.0394353 0.0279422 0.250004 0.0819941 -0.0288037 0.0108763 0.0375358 -0.00856053 -0.0196695 0.0445548 -0.0615118 0.0603889 0.0654268 -0.00281539 0.0557929 0.0622976 -0.00257756 0.00165201 -0.0469702 -0.0558516
internal_weight=145260 55241 50237 36877 36729 90019 2123 87896 15845 8535 1648 6887 1454 6667 5302 1365 348 72051 13319 3287 669 510 2618 36291 12314 4642 7310 2221 10032 808 7672 23977 13360 12750 58732 53623 5109 4935
internal_count=145260 55241 50237 36877 36729 90019 2123 87896 15845 8535 1648 6887 1454 6667 5302 1365 348 72051 13319 3287 669 510 2618 36291 12314 4642 7310 2221 10032 808 7672 23977 13360 12750 58732 53623 5109 4935
is_linear=0
shrinkage=0.03


Tree=140
num_leaves=39
num_cat=0
split_feature=85 193 132 96 207 193 75 198 140 208 207 208 198 208 207 114 196 197 209 207 203 96 193 203 207 193 193 207 74 208 196 197 80 34 186 204 197 208
split_gain=17007 28915.8 17509.3 20842.7 15792.8 17540.5 17482.1 30855.1 32454.1 45525.7 50709.2 36790.5 32165.3 39263.2 30939.1 30523.1 29952.4 23159.4 20290.1 23628.4 16144 15573 15077.2 43239.5 14868.7 14791.9 65349.6 17335.5 14551.3 16534.9 14293.6 16441.7 14040.2 12988.3 12969.7 17831.1 12708.3 12180.2
threshold=18.925000190734867 40.649999618530281 -71.715362548828111 18.008820533752445 0.89787620306015026 28.050000190734867 17.711556434631351 5.5499999523162851 15.161458492279055 0.48877522349357611 -0.85671821236610401 0.58307701349258434 1.2500000000000002 0.28313310444355017 0.25206111371517187 317.93284606933599 1.0000000180025095e-35 988.75000000000011 10.500000000000002 -0.83847111463546742 -0.97988739609718312 23.642989158630375 11.150000095367433 0.19936034083366397 0.88621068000793468 35.350000381469734 35.549999237060554 -0.96463498473167408 5.601973533630372 -0.99864786863327015 4.5000000000000009 987.25000000000011 19.187500000000004 587.50875854492199 0.79654198884964 9.0000000000000018 981.25000000000011 -0.34234976768493647
decision_type=8 2 10 8 2 2 10 2 8 2 2 2 2 2 2 10 2 2 2 2 2 10 2 2 2 2 2 2 8 2 2 2 2 10 8 2 2 2
left_child=1 2 22 -4 6 -6 24 8 9 12 16 -12 13 -8 -14 17 -11 18 -9 -20 -7 -10 23 -1 25 32 -27 -28 29 -24 31 -17 -2 -34 -23 -36 -26 -22
right_child=4 -3 3 -5 5 20 7 15 21 10 11 -13 14 -15 -16 30 -18 -19 19 -21 37 34 28 -25 36 26 27 -29 -30 -31 -32 -33 33 -35 35 -37 -38 -39
leaf_value=0.58903865756166718 0.013962962210995297 0.31626073048197506 0.13400712047918351 0.028057238917447398 -0.061330835052734921 0.29322444267998704 0.028497569300838681 -0.010020561950593343 -0.097647314494699614 0.84579649072828045 -0.098596306989172294 0.26259355640301812 -0.0075935030207990688 0.58929990532477294 0.1916822277465941 -0.37830630747146538 0.29764277380162935 0.049906216230202673 -0.3726556279325452 -0.052034699138195362 0.067194241551914974 -0.039484431752722808 -0.0797846735354477 -0.099739958575896806 0.17609059362826862 0.53795890860072271 -0.10773019155113245 0.064577888557889776 -0.0016201318814392887 0.086481475449504741 0.0035193868564978269 -0.095049792834458385 -0.022234545104152206 -0.16193998758296368 -0.0037231918785210487 0.19282873689630942 -0.11012343290419879 -0.025947796447142291
leaf_weight=148 11090 288 2107 8077 8588 167 233 8196 1171 170 369 813 3482 217 878 362 190 6220 308 630 1628 1302 644 184 661 232 761 1698 36286 3280 330 376 36149 609 902 770 177 5645
leaf_count=148 11090 288 2107 8077 8588 167 233 8196 1171 170 369 813 3482 217 878 362 190 6220 308 630 1628 1302 644 184 661 232 761 1698 36286 3280 330 376 36149 609 902 770 177 5645
internal_value=0.00255827 0.0165127 0.0148108 0.0499777 -0.00498881 -0.0321201 0.000565241 0.0201493 0.0603224 0.102934 0.244782 0.149836 0.0574598 0.298936 0.0325361 -0.00552945 0.556509 0.00525749 -0.025147 -0.157316 0.00159792 -0.00497799 0.00597699 0.207313 -0.00969585 -0.011774 0.0566634 0.0112524 0.00431457 0.0591939 -0.160606 -0.233995 -0.015623 -0.0245492 0.0315102 0.0867945 0.115636 -0.00509862
internal_weight=145338 51014 50726 10184 94324 16028 78296 26919 10497 6352 1542 1182 4810 450 4360 16422 360 15354 9134 938 7440 4145 40542 332 51377 50539 2691 2459 40210 3924 1068 738 47848 36758 2974 1672 838 7273
internal_count=145338 51014 50726 10184 94324 16028 78296 26919 10497 6352 1542 1182 4810 450 4360 16422 360 15354 9134 938 7440 4145 40542 332 51377 50539 2691 2459 40210 3924 1068 738 47848 36758 2974 1672 838 7273
is_linear=0
shrinkage=0.03


Tree=141
num_leaves=39
num_cat=0
split_feature=199 199 199 15 113 208 208 194 194 194 198 204 207 207 188 184 196 208 184 177 194 207 56 200 17 208 200 200 209 200 96 207 187 196 205 207 185 194
split_gain=17834.2 29348.7 44553.8 155908 28194.7 27820.7 40113.7 27215 25080.6 28808.6 22809.9 17368.8 29296.5 63222.6 128891 44714.8 44481.1 43604.2 28069 25215.6 21618.2 20176.7 30915.6 18244.5 17131 32405.3 14765.7 33069.6 49135.6 18063.5 24404.1 16806.5 14827.3 13514 12192.8 11106.2 11373.3 10373.5
threshold=13.500000000000002 76.500000000000014 72.500000000000014 179.75647735595706 -186.92377471923825 0.86869874596595775 0.86004966497421276 7.5000000000000009 24.500000000000004 25.500000000000004 2.4500000476837163 11.000000000000002 -0.99275806546211232 -0.99630266427993763 0.25538349151611334 1.0322835445404055 32.500000000000007 0.011826144531369211 1.4015985727310183 4.3863921165466317 15.500000000000002 -0.99054482579231251 28.560077667236332 29.050000190734867 116.66616439819337 0.4584775865077973 11.949999809265138 14.050000190734865 7.5000000000000009 11.34999990463257 45.261835098266609 0.999393790960312 102.92507171630861 99.500000000000014 0.68301269412040722 0.9159645438194276 262.69572448730474 78.500000000000014
decision_type=2 2 2 10 8 2 2 2 2 2 2 2 2 2 10 10 2 2 10 2 2 2 10 2 10 2 2 2 2 2 10 2 10 2 2 2 10 2
left_child=37 2 5 4 -4 6 8 -3 -2 -10 -11 19 13 16 -15 -16 18 -18 -13 26 35 22 -22 -23 25 34 29 28 -28 32 -31 -29 -9 -6 -21 36 -14 -1
right_child=1 7 3 -5 33 -7 -8 11 9 10 -12 12 20 14 15 -17 17 -19 -20 24 21 23 -24 -25 -26 -27 27 31 -30 30 -32 -33 -34 -35 -36 -37 -38 -39
leaf_value=-0.10096226927913551 -0.19564977658310989 0.38197284543104293 0.35515151140528595 0.90933485455198526 -0.053728677880284466 -0.13090517134394936 0.51753191211593552 -0.019629399501190137 0.45169356052016196 -0.074682263611416846 0.050732444168556816 -0.0049420812914044701 -0.31570801013454736 -0.091499940986007666 0.989101752964058 0.41201575753706998 0.017231103427594038 0.68562904536036795 -0.32960844123233596 -0.16533297833308844 -0.50393587188180566 0.013577568701713455 0.0021376464718515032 -0.22792826082187084 -0.18252994897443409 0.30284968055184436 -0.0070119594108335225 -0.008445914733491159 0.13686294544925945 -0.077793503179738779 -0.47891169177192727 -0.20156780399276467 0.14599101576434712 0.2032025118569413 -0.0022301197541118156 -0.032054524017599 -0.08872735640183041 0.037114862979770874
leaf_weight=2275 421 167 252 234 840 945 155 25358 151 1497 10185 1080 269 415 186 345 210 151 308 827 173 53748 292 283 1227 221 4873 25919 3804 2329 145 412 496 236 823 2669 760 624
leaf_count=2275 421 167 252 234 840 945 155 25358 151 1497 10185 1080 269 415 186 345 210 151 308 827 173 53748 292 283 1227 221 4873 25919 3804 2329 145 412 496 236 823 2669 760 624
internal_value=0.00242115 0.00392073 0.0437373 0.195338 0.0695226 0.0260046 0.0379541 -0.000737701 0.0318875 0.0399831 0.034661 -0.00123971 0.0103342 0.107032 0.304604 0.614173 0.000168512 0.296822 -0.0769882 -0.0118475 0.00585597 0.0106191 -0.186149 0.0123126 -0.0954165 -0.0382867 -0.00775985 0.00527022 0.0560629 -0.0238625 -0.101305 -0.0114678 -0.016452 0.00262518 -0.08398 -0.0643364 -0.148067 -0.0712415
internal_weight=145305 142406 14916 1562 1328 13354 12409 127490 12254 11833 11682 127323 60889 2695 946 531 1749 361 1388 66434 58194 54496 465 54031 3098 1871 63336 35008 8677 28328 2474 26331 25854 1076 1650 3698 1029 2899
internal_count=145305 142406 14916 1562 1328 13354 12409 127490 12254 11833 11682 127323 60889 2695 946 531 1749 361 1388 66434 58194 54496 465 54031 3098 1871 63336 35008 8677 28328 2474 26331 25854 1076 1650 3698 1029 2899
is_linear=0
shrinkage=0.03


Tree=142
num_leaves=39
num_cat=0
split_feature=199 199 199 14 208 208 102 208 175 199 204 177 204 172 208 208 201 201 208 76 210 199 204 189 105 208 76 114 195 102 204 199 141 199 155 199 202 208
split_gain=16110.6 29686.8 41311.4 130731 27293.3 35869.9 25040.7 19409.5 33011.5 21417.8 18836.5 24439.5 17743.5 16715.9 16832.5 17476.6 16214.8 19737.4 23208.2 29112.4 25223.4 18369.8 15003.8 14575.5 25562.8 17883.3 28982.3 14293.1 14397.4 38996.1 13892.8 13803.4 13398.4 16022.7 12318.1 11014.9 10356.6 10253.3
threshold=13.500000000000002 76.500000000000014 72.500000000000014 190.10416412353518 0.86869874596595775 0.86004966497421276 88.114582061767592 0.4584775865077973 686.19500732421886 53.500000000000007 11.000000000000002 4.3863921165466317 19.000000000000004 0.68000000715255748 0.4584775865077973 0.50370931625366222 4287.5000000000009 1657.5000000000002 0.59696555137634288 13.395406246185305 1.0000000180025095e-35 322.50000000000006 7.0000000000000009 235.50000000000003 -13.959507465362547 -0.93237864971160878 3.226366519927979 404.42735290527349 1.3499999642372134 87.529163360595717 3.0000000000000004 35.500000000000007 -6.0863165855407706 312.50000000000006 161.51999664306643 112.50000000000001 0.21643137186765674 0.54039287567138683
decision_type=2 2 2 10 2 2 10 2 2 2 2 2 2 2 2 2 2 2 2 10 2 2 2 10 10 2 8 10 2 8 2 2 8 2 2 2 2 2
left_child=36 2 4 6 5 7 -4 8 12 -10 11 27 -2 -13 22 -16 17 23 20 -20 21 -19 30 25 -25 35 -27 28 32 -30 -15 -9 33 -3 -34 -12 -1 -22
right_child=1 10 3 -5 -6 -7 -8 31 9 -11 16 13 -14 14 15 -17 -18 18 19 -21 37 -23 -24 24 -26 26 -28 -29 29 -31 -32 -33 34 -35 -36 -37 -38 -39
leaf_value=-0.050287124676570975 0.017377728267865229 0.025185801862951981 0.019237048618675631 0.86794476100085116 -0.12807054115909181 0.50159677956282578 0.35898393259933375 -0.1594731072655792 0.12424262817829261 0.58021825247715686 -0.068125951695009249 -0.23811029786823595 0.11293785985950976 -0.12729771483216148 0.35767270602895651 -0.057811012745579225 0.27151830942651822 -0.006320736886945422 -0.045658984290034565 0.46599787184064884 -0.42056123640257032 -0.12144951532479785 -0.20221723294889685 0.45294326499969567 0.023858097592665314 0.22832827734069264 0.021352659568684464 0.17533012566112099 -0.016686903688853276 0.43498786545421247 0.061894213241067288 0.0071732869600982666 -0.023193252230118526 -0.050916298374764191 0.041404562725112969 0.0018751003972476362 -0.25755408623596204 -0.14278147734943897
leaf_weight=2690 7661 14342 1108 220 948 149 237 708 210 166 3092 587 2266 715 164 205 215 6974 214 188 186 1519 736 190 365 618 41254 382 589 243 683 1215 41814 3013 2837 5852 236 335
leaf_count=2690 7661 14342 1108 220 948 149 237 708 210 166 3092 587 2266 715 164 205 215 6974 214 188 186 1519 736 190 365 618 41254 382 589 243 683 1215 41814 3013 2837 5852 236 335
internal_value=0.00267603 0.00410985 0.0441937 0.190002 0.0270661 0.0389506 0.0791056 0.0333119 0.0496422 0.325561 -0.000577598 -0.0116456 0.039191 -0.0940263 -0.0602349 0.126852 0.0114535 0.0105336 -0.0293952 0.193628 -0.0393417 -0.026912 -0.0925856 0.0178523 0.170758 0.0161823 0.0244075 -0.00761908 -0.00873128 0.115235 -0.034867 -0.054182 -0.0103947 0.0119737 -0.0190889 -0.0223247 -0.0670054 -0.241957
internal_weight=145126 142200 14888 1565 13323 12375 1345 12226 10303 376 127312 66310 9927 3090 2503 369 61002 60787 9416 402 9014 8493 2134 51371 555 50816 41872 63220 62838 832 1398 1923 62006 17355 44651 8944 2926 521
internal_count=145126 142200 14888 1565 13323 12375 1345 12226 10303 376 127312 66310 9927 3090 2503 369 61002 60787 9416 402 9014 8493 2134 51371 555 50816 41872 63220 62838 832 1398 1923 62006 17355 44651 8944 2926 521
is_linear=0
shrinkage=0.03


Tree=143
num_leaves=39
num_cat=0
split_feature=194 85 19 84 79 186 193 185 194 69 208 198 208 208 111 208 194 198 195 202 123 132 193 193 192 123 76 153 39 184 35 186 199 132 110 199 129 186
split_gain=15917.3 16657.8 13417.6 13159.8 12586.1 19514.5 15186.2 48232.1 25711.1 13211.7 12195.6 44939.9 18315.6 22366.7 35092.9 25706.6 15551.4 14768.2 12190.4 12929.1 14140.2 11821.6 11673.5 12815.1 12145.7 10587.2 10349.2 10129.8 9365.54 10627 12692.9 13523.3 10308.7 14246.2 10268.2 9138.72 8679.18 8696.14
threshold=96.500000000000014 35.084999084472663 1.1752816438674929 107.16249847412111 0.85312184691429149 0.04779488034546376 40.649999618530281 151.91712188720706 10.500000000000002 13.141499996185305 0.96633976697921764 2.2500000000000004 0.92191100120544445 0.58307701349258434 84.802085876464858 0.51849433779716503 93.500000000000014 3.2500000000000004 1.5500000119209292 -0.89490029215812672 21.971162796020511 -53.681190490722649 30.150000572204593 41.649999618530281 2.0730726718902592 21.971162796020511 26.521853446960453 1.7005987167358401 0.22857005149126056 0.33644351363182073 497.77890014648443 0.8996209204196931 326.50000000000006 -73.903461456298814 91.250000000000014 337.50000000000006 90.229167938232436 5.0889000892639169
decision_type=2 10 10 10 8 8 2 10 2 10 2 2 2 2 10 2 2 2 2 2 10 10 2 2 8 10 10 2 10 8 10 10 2 10 8 2 8 10
left_child=1 4 18 26 9 -6 8 -8 -7 21 12 -12 13 15 -15 -11 17 -13 19 25 -21 22 36 24 -24 -2 28 -10 34 32 35 -32 33 -30 -3 -31 -1 -38
right_child=2 3 -4 -5 5 6 7 -9 27 10 11 16 -14 14 -16 -17 -18 -19 -20 20 -22 -23 23 -25 -26 -27 -28 -29 29 30 31 -33 -34 -35 -36 -37 37 -39
leaf_value=-0.022821711673195112 -0.0042419976920124204 -0.19824769603642595 -0.3289600767047644 0.13975609620322124 0.31669417524854515 -0.29535057609281506 0.57934536505586742 -0.0081046097867487309 -0.0042886493917789498 0.02534011296034314 0.55561226808671249 -0.16105288226919423 -0.064856557949205307 -0.030821625333341516 0.15224169210867644 -0.10255185311310376 -0.21855152499310634 0.10617435859597024 0.19292042688151903 -0.06748970904100382 -0.29464474222019699 0.07600439766715314 0.040990975537512769 -0.16395637755952813 -0.016678515898604258 0.2761206851525515 0.022295945689750331 -0.054899830438337863 -0.025651580578070619 -0.026291509508393644 -0.1438252679793558 0.044220826511045232 -0.12462900958069523 0.23032886863946639 -0.049823910255986231 0.08757339484232686 0.0071982201629717064 -0.19251134751542298
leaf_weight=17640 739 594 157 455 162 297 161 575 17860 25959 175 207 2020 1403 2871 1496 171 1845 183 2469 274 2002 12582 326 4449 145 3730 4445 348 12600 1543 443 196 447 1428 668 21868 198
leaf_count=17640 739 594 157 455 162 297 161 575 17860 25959 175 207 2020 1403 2871 1496 171 1845 183 2469 274 2002 12582 326 4449 145 3730 4445 348 12600 1543 443 196 447 1428 668 21868 198
internal_value=0.00209273 0.00375823 -0.0571733 -0.0199385 0.00823999 -0.0114221 -0.0136999 0.120405 -0.0180669 0.013093 0.027378 0.0927502 0.0227331 0.0283094 0.0921486 0.0183713 0.0563102 0.0792164 -0.0459728 -0.0580267 -0.0901814 0.00435066 0.00183674 0.0223595 0.025926 0.0417471 -0.0232418 -0.0143746 -0.0325403 -0.0249617 -0.0311463 -0.101879 0.0702344 0.118278 -0.0934271 -0.0205587 -0.00713452 0.00540611
internal_weight=145131 141164 3967 22452 118712 23500 23338 736 22602 95212 36147 2398 33749 31729 4274 27455 2223 2052 3810 3627 2743 59065 57063 17357 17031 884 21997 22305 18267 16245 15254 1986 991 795 2022 13268 39706 22066
internal_count=145131 141164 3967 22452 118712 23500 23338 736 22602 95212 36147 2398 33749 31729 4274 27455 2223 2052 3810 3627 2743 59065 57063 17357 17031 884 21997 22305 18267 16245 15254 1986 991 795 2022 13268 39706 22066
is_linear=0
shrinkage=0.03


Tree=144
num_leaves=39
num_cat=0
split_feature=194 194 204 97 114 200 194 200 199 123 197 185 203 197 123 193 199 199 178 123 202 197 16 200 199 193 199 194 185 123 141 197 140 198 194 193 203 185
split_gain=18614 16695.3 16567.9 23712.1 19173 21891 21041 20327.4 46283.4 23015.5 29057.7 24684.3 20490.1 21060.6 60983.5 25845 17296 100829 167668 21226 16839 16793.5 21337.1 16286.5 15977.6 15811.4 15191.8 24369.1 17128.8 15174.9 14265.5 22984.9 56776.3 25176.4 14505.1 19893.2 15892.7 13366.9
threshold=7.5000000000000009 16.500000000000004 11.000000000000002 13.799117565155031 215.59025573730472 22.349999427795414 94.500000000000014 10.949999809265138 339.50000000000006 33.214876174926765 987.25000000000011 42.13243484497071 -0.92384436726570118 989.54998779296886 39.250431060791023 22.849999427795414 76.500000000000014 72.500000000000014 4.0050001144409189 8.8381357192993182 0.13052122294902804 988.54998779296886 193.01165008544925 12.550000190734865 13.500000000000002 34.149999618530281 100.50000000000001 76.500000000000014 285.19082641601568 20.256578445434574 -5.1005048751831046 992.54998779296886 -56.415277481079094 4.4500000476837167 37.500000000000007 28.94999980926514 -0.98321744799613942 1151.2850341796877
decision_type=2 2 2 2 10 2 2 2 2 10 2 10 2 2 10 2 2 2 2 10 2 2 10 2 2 2 2 2 10 10 8 2 10 2 2 2 2 10
left_child=-1 -2 3 16 5 6 24 12 9 10 -9 -11 29 14 -14 -15 17 20 19 -19 -3 22 -5 -22 -4 -26 27 -23 -28 -6 31 32 -18 -33 36 -36 -32 -7
right_child=1 2 4 21 7 37 -8 8 -10 11 -12 -13 13 15 -16 -17 30 18 -20 -21 23 26 -24 -25 25 -27 28 -29 -30 -31 34 33 -34 -35 35 -37 -38 -39
leaf_value=0.29772878677351 -0.052094974787840038 -0.18056757316596192 -0.064461762246916063 -0.062913950359176254 0.0093860894291124177 -0.035182365660510348 0.28607688418553651 -0.22755141015318373 0.42783811974173658 0.28343316710442762 -0.0083523890335637698 0.029840651936809296 -0.027801251075295026 -0.049363418648736834 0.61944241498865071 -0.19551254836175488 0.62269302265591897 -0.058759052463845517 1.2849981600577982 0.39687277034034196 0.060955576565070731 0.39194576272345849 -0.26648501394806096 -0.061632737223391243 0.022689089561337476 0.071558691403767777 0.0038793629528799558 -0.066426417836585192 -0.19553902301150949 0.40651003741532504 0.33005671675933795 -0.12134704720774961 0.03355728230118777 0.014864190617304738 -0.0090931454864269148 -0.065132814342151804 0.024930592143166636 -0.26375686570841544
leaf_weight=192 4932 387 1673 5623 215 2915 283 680 241 381 2727 3702 1141 4122 148 1480 149 246 152 147 3350 216 505 1376 40579 6984 3152 202 442 145 159 1903 12289 3409 26945 7231 4543 250
leaf_count=192 4932 387 1673 5623 215 2915 283 680 241 381 2727 3702 1141 4122 148 1480 149 246 152 147 3350 216 505 1376 40579 6984 3152 202 442 145 159 1903 12289 3409 26945 7231 4543 250
internal_value=0.00254501 0.00215418 0.00406406 -0.00590802 0.0147376 0.0232535 0.0281424 -0.0152081 0.018634 0.00546682 -0.0521027 0.053505 -0.0512906 -0.0628174 0.0465174 -0.0879751 0.00101798 0.0510309 0.438929 0.111673 0.00968361 -0.0484517 -0.0796904 0.0252632 0.0266598 0.029865 -0.000736964 0.170438 -0.020646 0.169346 -0.00397908 0.0183054 0.0406153 -0.0339329 -0.0141532 -0.0209501 0.0352493 -0.0532381
internal_weight=145216 145024 140092 72426 67666 52684 49519 14982 7731 7490 3407 4083 7251 6891 1289 5602 62286 5658 545 393 5113 10140 6128 4726 49236 47563 4012 418 3594 360 56628 17750 12438 5312 38878 34176 4702 3165
internal_count=145216 145024 140092 72426 67666 52684 49519 14982 7731 7490 3407 4083 7251 6891 1289 5602 62286 5658 545 393 5113 10140 6128 4726 49236 47563 4012 418 3594 360 56628 17750 12438 5312 38878 34176 4702 3165
is_linear=0
shrinkage=0.03


Tree=145
num_leaves=39
num_cat=0
split_feature=80 181 56 139 194 36 109 94 140 207 207 198 205 198 207 189 19 190 198 201 122 207 207 199 207 94 199 194 184 122 111 201 207 198 198 174 202 56
split_gain=16727.7 21656 20554.8 21423.4 14142.8 14803.6 19592.6 17157.1 13562.6 21785.4 30268 23849.3 105924 22477.3 15219 13720.4 13101.5 12628 11946.8 12228.2 11077.9 12907.8 48578.5 18461.2 18043.1 17491.9 14031.9 12423.3 11749.1 11680.2 10749.1 15089.7 25915.2 13896.2 21828.6 11297 8671.2 10729.9
threshold=40.371000289916999 12.000000000000002 112.27396774291994 40.737501144409187 96.500000000000014 480.52690124511724 63.699998855590827 69.031242370605483 9.5317225456237811 -0.57780906558036793 -0.54939359426498402 1.2500000000000002 0.25000000000000011 2.4500000476837163 -0.49064628779888148 3.2350938320159917 1.1752816438674929 1.3134048581123354 2.4500000476837163 42.500000000000007 -29.8448371887207 -0.47558552026748652 -0.49064628779888148 324.50000000000006 -0.60554069280624379 42.358055114746101 311.50000000000006 33.500000000000007 0.23303909599781039 66.565570831298842 140.216667175293 147.50000000000003 -0.17647087574005124 3.0499999523162846 3.2500000000000004 4.9754507541656503 -0.97625884413719166 80.053176879882827
decision_type=2 2 10 10 2 10 8 10 8 2 2 2 2 2 2 8 10 10 2 2 8 2 2 2 2 10 2 2 8 10 8 2 2 2 2 2 2 10
left_child=4 2 3 -2 5 7 -7 8 9 11 -11 12 -1 -13 -12 -10 36 30 -17 -20 -3 22 23 26 -25 -23 28 -26 -22 -27 31 32 -8 35 -35 -32 -6 -38
right_child=1 20 -4 -5 16 6 17 -9 15 10 14 13 -14 -15 -16 18 -18 -19 19 -21 21 25 -24 24 27 29 -28 -29 -30 -31 33 -33 -34 34 -36 -37 37 -39
leaf_value=-0.070179556996299533 0.10066526267007876 -0.27160316627854553 -0.088740568407287404 0.47816648239697868 0.087346982985357077 0.34032780099299736 0.2343648055335085 0.27894676232781473 -0.26198808978755261 -0.28675587464060354 0.1406711854928209 -0.10201520333753851 0.78602929043288283 0.047175948052095247 0.0028186498155708642 -0.095029572015595101 -0.32039753087398276 -0.064066081473754977 0.038929992202497821 -0.015326401893467996 0.2093673610067277 -0.02960009889836444 0.38155939303202197 -0.038053875862355091 -0.085399616423411914 -0.084520338595003464 0.1063040007400641 -0.39339631346123394 -0.026724836271884239 -0.23229774528349337 -0.029382525030272444 0.0060783866186913081 -0.17634710713922408 0.33985632254425868 0.034761642106782446 -0.29403277902704955 -0.035913174614162865 -0.20296129303371191
leaf_weight=365 796 177 411 163 427 189 979 204 198 323 729 981 202 12359 63806 1468 156 1113 4381 25494 195 3827 275 752 195 1344 885 298 6978 750 1029 795 161 216 9206 169 2793 395
leaf_count=365 796 177 411 163 427 189 979 204 198 323 729 981 202 12359 63806 1468 156 1113 4381 25494 195 3827 275 752 195 1344 885 298 6978 750 1029 795 161 216 9206 169 2793 395
internal_value=0.00229894 -0.0256205 0.0887606 0.164833 0.00601303 0.00774854 0.0369778 0.00408343 0.00357507 0.0102319 0.00292597 0.0443042 0.234862 0.0362046 0.00437589 -0.0130484 -0.0512237 0.0327829 -0.0114757 -0.00736999 -0.0356169 -0.0329217 -0.0113961 -0.0230124 -0.130527 -0.0677422 -0.00640068 -0.271577 -0.0203063 -0.13745 0.0413686 0.1064 0.176359 0.0295196 0.0417563 -0.0667187 -0.0396069 -0.0566114
internal_weight=145184 17046 1370 959 128138 124367 13857 110510 110306 78765 64858 13907 567 13340 64535 31541 3771 13668 31343 29875 15676 15499 9578 9303 1245 5921 8058 493 7173 2094 12555 1935 1140 10620 9422 1198 3615 3188
internal_count=145184 17046 1370 959 128138 124367 13857 110510 110306 78765 64858 13907 567 13340 64535 31541 3771 13668 31343 29875 15676 15499 9578 9303 1245 5921 8058 493 7173 2094 12555 1935 1140 10620 9422 1198 3615 3188
is_linear=0
shrinkage=0.03


Tree=146
num_leaves=39
num_cat=0
split_feature=194 201 80 122 181 14 96 208 208 193 208 201 208 208 208 193 123 75 123 190 208 96 95 209 193 208 101 66 194 111 176 96 201 194 201 209 208 208
split_gain=23018.4 15788.1 14664.5 23088.7 19765.3 15860.7 15053.6 14641.8 14798.5 18310.3 26066.6 24985.3 18599.7 15801.2 16015.8 51802.1 15414.9 14607.4 13760.3 13492.5 18050 16588.9 11933.6 15486.9 13303.2 11938.5 11265.2 11010.2 12395.8 10461.2 10190.2 9107.18 8579.75 8032.67 7695.36 4232.76 3244.27 2904.76
threshold=7.5000000000000009 4287.5000000000009 18.687500000000004 33.345071792602546 10.000000000000002 184.6213073730469 50.399358749389656 -0.99465739727020253 -0.98667386174201954 30.750000000000004 -0.98932650685310353 282.50000000000006 -0.99168640375137318 -0.98372924327850331 -0.98049351572990406 32.45000076293946 10.407458782196047 9.6137881278991717 -12.088061332702635 0.68689033389091503 -0.94426098465919484 13.410613536834719 17.941099166870121 4.5000000000000009 11.150000095367433 -0.99864786863327015 75.099998474121108 43.76250076293946 89.500000000000014 223.67500305175784 12.585000038146974 23.429975509643558 417.50000000000006 88.500000000000014 42.500000000000007 2.5000000000000004 -0.99864786863327015 -0.9970029592514037
decision_type=2 2 2 8 2 10 8 2 2 2 2 2 2 2 2 2 10 10 8 8 2 8 10 2 2 2 10 8 2 8 2 10 2 2 2 2 2 2
left_child=-1 2 3 4 -2 19 27 31 9 11 12 16 -11 17 15 -15 -9 -10 -16 20 -5 -22 24 30 -6 -25 -26 33 -29 35 -24 36 -13 -7 -31 -21 -4 -33
right_child=1 -3 7 5 22 6 -8 8 13 10 -12 32 -14 14 18 -17 -18 -19 -20 29 21 -23 23 25 26 -27 -28 28 -30 34 -32 37 -34 -35 -36 -37 -38 -39
leaf_value=0.34334082926331738 -0.068830745378932925 -0.29584647027318178 -0.084705934756728191 0.28290240427315055 0.35266042097822148 0.040822292477943591 0.33916801535104868 0.049052479571904853 -0.018582956384969696 0.15882581785971492 -0.028531430665762018 -0.30359075607247565 0.56319152109600401 0.0018601847697917806 -0.11767078991005797 0.61882005615605251 0.36810041478597777 -0.28259730820765755 -0.0038473502684774033 -0.16389243844775897 0.13236790175746255 -0.0020930294490590657 0.0048100961543564736 -0.083889633751930565 0.13704510962000924 0.066843652543818841 0.03256976292894246 0.0062716754699769757 -0.19318646343135806 0.034976239700135428 -0.1893626169775165 -0.094171431528492097 -0.051285872448989842 0.14879514835679 -0.024668596745035458 -0.063953123504400591 0.062765412953683222 -0.183813740961869
leaf_weight=178 1402 160 198 231 172 4470 147 722 405 212 263 207 198 557 967 157 168 353 83127 503 937 6957 5274 499 1789 9040 1932 1721 335 2239 255 1078 293 720 14918 1578 417 466
leaf_count=178 1402 160 198 231 172 4470 147 722 405 212 263 207 198 557 967 157 168 353 83127 503 937 6957 5274 499 1789 9040 1932 1721 335 2239 255 1078 293 720 14918 1578 417 466
internal_value=0.00240586 0.00198751 0.00231638 0.014497 0.0398637 -0.000364948 0.0386238 -0.00516104 -0.00325946 0.0761378 0.204582 0.0139473 0.354114 -0.00517375 -0.00395494 0.137529 0.109281 -0.141537 -0.00515623 -0.010899 0.0215165 0.0138673 0.0479007 0.0358033 0.0947241 0.0589584 0.0828002 0.0325261 -0.0262281 -0.0245895 -0.00414547 -0.0823414 -0.155745 0.0558015 -0.0168849 -0.0881103 0.0152856 -0.121228
internal_weight=145245 145067 144907 55119 20363 34756 7393 89788 87629 2063 673 1390 410 85566 84808 714 890 758 84094 27363 8125 7894 18961 15068 3893 9539 3721 7246 2056 19238 5529 2159 500 5190 17157 2081 615 1544
internal_count=145245 145067 144907 55119 20363 34756 7393 89788 87629 2063 673 1390 410 85566 84808 714 890 758 84094 27363 8125 7894 18961 15068 3893 9539 3721 7246 2056 19238 5529 2159 500 5190 17157 2081 615 1544
is_linear=0
shrinkage=0.03


Tree=147
num_leaves=39
num_cat=0
split_feature=199 199 184 76 208 185 185 208 166 199 105 204 97 204 176 56 200 175 200 199 199 96 96 208 200 204 193 193 200 200 209 102 200 191 202 193 193 193
split_gain=15738.6 25735.8 41655.3 33695.3 26594.4 28921.9 76627.1 61481.5 30154.6 37333.6 28566.8 23668.2 18610.4 16814.6 22864.5 16785.2 26103.8 38420.5 27878.4 30687.8 76329.5 22357.4 19684 15746.9 15091.2 14942 20388.5 17289.9 14187.6 28813 43782.5 54626.1 17375 23349 19581.3 18094 19605.2 18473.8
threshold=13.500000000000002 76.500000000000014 0.32766719162464147 13.815463542938234 0.4584775865077973 181.64327239990237 187.13375091552737 -0.95242238044738758 184.50000000000003 56.500000000000007 128.37414550781253 11.000000000000002 7.0761387348175058 11.000000000000002 79.350002288818374 102.70215988159181 4.5499999523162851 77.995002746582045 7.0499999523162851 311.50000000000006 313.50000000000006 46.54467964172364 46.54467964172364 0.36447542905807501 27.849999427795414 19.000000000000004 29.849999427795414 25.150000572204593 11.949999809265138 14.050000190734865 7.5000000000000009 67.89166641235353 11.34999990463257 15.404724121093752 -0.49240480363368982 28.849999427795414 30.650000572204593 24.349999427795414
decision_type=2 2 8 10 2 10 10 2 2 2 10 2 2 2 2 10 2 2 2 2 2 10 10 2 2 2 2 2 2 2 2 10 2 10 2 2 2 2
left_child=-1 2 3 -2 5 8 -7 -8 25 -10 -6 12 -12 14 28 24 17 -17 21 22 -21 -18 -20 -9 -15 27 -27 -4 32 30 -30 -32 35 -34 -35 37 -37 -3
right_child=1 13 4 -5 10 6 7 23 9 -11 11 -13 -14 15 -16 16 18 -19 19 20 -22 -23 -24 -25 -26 26 -28 -29 29 -31 31 -33 33 34 -36 36 -38 -39
leaf_value=-0.067013981515542762 0.078599418903869331 -0.025612295679927882 0.074980743917469228 0.66508740211131967 -0.10373319167353878 0.75226488738332209 0.49200898631079215 0.027906556720926928 0.080397624626449476 0.62101922698217016 0.076695538804707711 -0.022460188384179656 0.53788352360315062 0.006191682347767207 -0.090959304341668254 0.67310412568413469 -0.035778848851689395 0.0073759803754582737 0.04212587081148874 0.79502409754783965 0.10357784406213613 -0.40773796281314562 -0.14375709889396504 0.26437190657640292 -0.17142300895555121 0.032501283726035675 0.29644314714960607 -0.04236897452524617 -0.006927749200287916 -0.010378750295755603 0.030184393583358716 0.25995852901344801 0.08084495238861325 -0.064112640744419996 -0.25574187901461004 -0.11436215614438426 -0.0074088777986376884 0.033745300922515854
leaf_weight=2918 182 11870 1499 171 2174 168 316 2585 402 161 157 512 158 53789 3102 148 620 165 2833 154 2144 190 626 281 434 1169 340 4590 4860 26300 2165 1634 513 1116 842 3085 3085 7833
leaf_count=2918 182 11870 1499 171 2174 168 316 2585 402 161 157 512 158 53789 3102 148 620 165 2833 154 2144 190 626 281 434 1169 340 4590 4860 26300 2165 1634 513 1116 842 3085 3085 7833
internal_value=0.00195533 0.0033689 0.0407251 0.362717 0.0328925 0.0536287 0.12785 0.0948803 0.0231616 0.235007 -0.0466456 0.103424 0.308032 -0.000986121 -0.0114364 0.0103709 0.0545128 0.322173 0.0417549 0.0649405 0.149918 -0.123033 0.00848489 0.051092 0.00477002 0.00746393 0.091973 -0.0134795 -0.00753954 0.00524882 0.0527145 0.129014 -0.0233125 -0.099317 -0.14652 -0.0160536 -0.0608857 -0.00201444
internal_weight=145291 142373 14865 353 14512 11511 3350 3182 8161 563 3001 827 315 127508 66405 61103 6880 313 6567 5757 2298 810 3459 2866 54223 7598 1509 6089 63303 34959 8659 3799 28344 2471 1958 25873 6170 19703
internal_count=145291 142373 14865 353 14512 11511 3350 3182 8161 563 3001 827 315 127508 66405 61103 6880 313 6567 5757 2298 810 3459 2866 54223 7598 1509 6089 63303 34959 8659 3799 28344 2471 1958 25873 6170 19703
is_linear=0
shrinkage=0.03


Tree=148
num_leaves=39
num_cat=0
split_feature=206 201 194 204 201 194 197 196 194 199 197 208 208 197 208 202 202 208 194 207 197 200 205 194 208 141 203 197 176 200 208 199 194 201 75 201 197 161
split_gain=16369.1 50892.7 31983.8 16846.6 21397.4 22047.9 26496.5 21484.8 18083.6 23475 22229 37411.5 41657.3 32773.6 29862.2 88952 103294 74807.8 30406.8 54171.2 23914.7 19954.3 50023.6 19589.8 17728.2 16633.4 17267.5 20945.2 15475.6 16961 15166.8 14829.1 13939.5 16058.7 17415.5 12985.1 12664.3 12235.5
threshold=-0.93301269412040699 3867.5000000000005 8.5000000000000018 21.000000000000004 262.50000000000006 37.500000000000007 986.25000000000011 1.5000000000000002 24.500000000000004 127.50000000000001 985.54998779296886 0.44312302768230444 0.51849433779716503 992.75000000000011 0.011826144531369211 0.93038213253021251 0.96359375119209301 0.10623887926340105 36.500000000000007 -0.99372696876525868 988.45001220703136 3.0499999523162846 0.68301269412040722 80.500000000000014 -0.32613736391067499 -3.6196928024291988 -0.88697704672813404 983.14999389648449 129.18500518798831 9.6500000953674334 -0.75013810396194447 141.50000000000003 94.500000000000014 67.500000000000014 16.380901336669925 202.50000000000003 974.35000610351574 31.604999542236332
decision_type=2 2 2 2 2 2 2 2 2 2 2 2 2 2 2 2 2 2 2 2 2 2 2 2 2 10 2 2 2 2 2 2 2 2 10 2 2 2
left_child=1 28 -2 8 5 6 7 31 9 37 14 21 13 -13 18 17 -17 -16 19 -10 -14 22 -12 -23 -20 26 -11 -28 36 -30 -27 -5 33 34 -7 -35 -1 -4
right_child=2 -3 3 4 -6 32 -8 -9 10 25 11 12 20 -15 15 16 -18 -19 24 -21 -22 23 -24 -25 -26 30 27 -29 29 -31 -32 -33 -34 35 -36 -37 -38 -39
leaf_value=0.23463944265169581 -0.35297581366843955 0.57539190673732399 -0.43832188979034903 0.67406744872484858 -0.056448255635460881 0.017676150027113872 -0.067727354418579619 0.079460309847783753 0.59394228511640468 0.19688442994929645 -0.084830681667677557 0.07916806298290191 -0.10531247068771081 0.50543774796536522 0.17677743762406969 0.97009523019413124 0.13054232173401245 -0.02065498653434655 0.0055673899100960982 0.054017517533464995 -0.0002280063657330456 -0.041283783442470523 0.49342813947611119 -0.1310326464888486 -0.040680300730573798 -0.098676710569451181 -0.26834784091452663 -0.061918144167888149 0.37801739067459289 0.026911704781661397 0.030825984462291595 0.29269866283668283 0.27948985007151189 -0.027101244087249097 0.14738218819821955 0.090441433237079427 0.016627697705781649 -0.1411154180590698
leaf_weight=245 232 155 155 145 1986 1972 253 255 173 198 372 3594 2086 170 2461 202 380 5793 32984 5017 29694 15641 211 2545 9640 1008 514 3174 234 263 4227 250 209 4081 1766 1067 11296 637
leaf_count=245 232 155 155 145 1986 1972 253 255 173 198 372 3594 2086 170 2461 202 380 5793 32984 5017 29694 15641 211 2545 9640 1008 514 3174 234 263 4227 250 209 4081 1766 1067 11296 637
internal_value=0.00200056 0.0352699 -0.00104735 -0.000432782 0.0334945 0.0513608 0.192746 0.29413 -0.00379644 -0.0426186 -0.000328209 -0.0140414 0.00405149 0.0984217 0.0128193 0.0634871 0.421945 0.0382112 0.00345591 0.0720161 -0.00712566 -0.0483051 0.124457 -0.0538436 -0.00489215 -0.0290146 -0.0760361 -0.0906892 0.0283148 0.192226 0.00589002 0.432708 0.0373231 0.031627 0.0789555 -0.00273857 0.021256 -0.199286
internal_weight=145285 12193 133092 132860 11984 9998 903 650 120876 9913 110963 54313 35544 3764 56650 8836 582 8254 47814 5190 31780 18769 583 18186 42624 9121 3886 3688 12038 497 5235 395 9095 8886 3738 5148 11541 792
internal_count=145285 12193 133092 132860 11984 9998 903 650 120876 9913 110963 54313 35544 3764 56650 8836 582 8254 47814 5190 31780 18769 583 18186 42624 9121 3886 3688 12038 497 5235 395 9095 8886 3738 5148 11541 792
is_linear=0
shrinkage=0.03


Tree=149
num_leaves=39
num_cat=0
split_feature=94 207 199 202 193 196 194 186 132 208 208 193 201 198 144 187 209 193 207 194 208 208 198 208 194 193 197 201 197 208 197 185 199 147 175 201 202 197
split_gain=14948.3 21537.3 23308.6 17922.7 16554.7 33437.9 26735.1 16088.6 14767.8 19425.9 15677.6 16737.1 14536.4 12853.7 12807.3 12737.2 13226.2 33129.8 32294.5 14979.4 14278.2 12650.5 12024.9 11373.1 11524.4 12066.3 11114.9 15947.3 11096.9 10876.2 16113.1 10727.6 10676.2 10148.9 9645.28 14008.8 22221.2 13889.4
threshold=23.136631011962894 0.89787620306015026 353.50000000000006 -0.99687939882278431 40.649999618530281 7.5000000000000009 8.5000000000000018 0.04779488034546376 -102.90504455566405 -0.34234976768493647 -0.26867066323757166 26.94999980926514 262.50000000000006 5.1499998569488534 -0.81272906064987172 23.921249389648441 1.5000000000000002 11.150000095367433 -0.10837695002555846 96.500000000000014 -0.99864786863327015 0.24997577071189883 6.6499998569488534 -0.99465739727020253 15.500000000000002 41.250000000000007 979.35000610351574 697.50000000000011 991.54998779296886 0.51849433779716503 989.45001220703136 1007.1499938964845 324.50000000000006 0.26722820103168493 433.14999389648443 397.50000000000006 0.76037701964378368 986.75000000000011
decision_type=8 2 2 2 2 2 2 8 10 2 2 2 2 2 8 10 2 2 2 2 2 2 2 2 2 2 2 2 2 2 2 10 2 2 2 2 2 2
left_child=4 3 8 13 6 -6 -1 33 -3 26 -11 -12 -13 21 -9 31 -17 18 -18 20 -19 -2 -15 -16 25 -25 27 -10 -21 -24 -31 34 -26 -5 37 -36 -37 -8
right_child=1 2 -4 7 5 -7 15 14 9 10 11 12 -14 22 23 16 17 19 -20 28 -22 -23 29 24 32 -27 -28 -29 -30 30 -32 -33 -34 -35 35 36 -38 -39
leaf_value=-0.39349044623228319 -0.33842321357221899 -0.22466569180255594 0.2882979628545923 0.28518074823977002 0.55004707272871589 -0.042410955932509854 0.008110809224231132 0.21397818199635507 0.10241918803547956 -0.20034299819596432 -0.095700620173185896 0.12186245619902689 -0.035903134344452386 0.079072516867610271 -0.11143080474056226 -0.029332836551184148 0.60638712720057708 -0.073281278844724268 0.094449611601168118 -0.032688573450879839 0.029880612542430095 -0.095665607593182947 -0.018482194481351168 0.031994137971530133 0.0067648483911458539 -0.23899586945874854 0.1487762349823202 -0.30005877215115218 -0.28576296227193043 -0.42574098091757079 -0.040645461482066679 -0.22979540096239509 -0.036739730717252603 -0.020455541531153268 0.018424305249362859 0.021121024369248034 0.49013091398161807 -0.037793475114642525
leaf_weight=147 276 456 178 292 153 195 18749 252 223 711 3546 688 2227 598 818 4138 170 1248 319 508 37170 644 724 250 52610 362 645 147 225 178 217 188 5619 147 1068 201 166 8678
leaf_count=147 276 456 178 292 153 195 18749 252 223 711 3546 688 2227 598 818 4138 170 1248 319 508 37170 644 724 250 52610 362 645 147 225 178 217 188 5619 147 1068 201 166 8678
internal_value=0.00212412 -0.00760494 -0.0515082 -0.00145651 0.0116522 0.218073 0.0106678 0.00188863 -0.0585067 -0.0492517 -0.0666362 -0.0519221 0.00133293 -0.0780127 0.000562678 0.0114836 0.0217037 0.0270313 0.272433 0.0239662 0.0265294 -0.168496 -0.0295292 -0.000338817 0.00120558 -0.128298 0.0735866 -0.0574867 -0.110375 -0.0875671 -0.214189 -0.00391793 0.00256672 0.182839 -0.00244653 0.0733723 0.23327 -0.00641346
internal_weight=145131 71808 8821 62987 73323 348 72975 60350 8643 8187 7172 6461 2915 2637 59911 72828 43778 39640 489 39151 38418 920 1717 59659 58841 612 1015 370 733 1119 395 29050 58229 439 28862 1435 367 27427
internal_count=145131 71808 8821 62987 73323 348 72975 60350 8643 8187 7172 6461 2915 2637 59911 72828 43778 39640 489 39151 38418 920 1717 59659 58841 612 1015 370 733 1119 395 29050 58229 439 28862 1435 367 27427
is_linear=0
shrinkage=0.03


Tree=150
num_leaves=39
num_cat=0
split_feature=85 193 196 132 96 207 75 195 144 208 208 202 208 193 202 201 196 201 207 199 207 208 196 207 189 202 207 193 96 193 167 34 207 207 208 193 201 166
split_gain=15202 21184.3 33051.1 15807 19079.7 13348.6 16854.3 33649.3 16460 47626 28073.6 17704.8 16841.3 15759.4 20870.6 17919.8 15661.6 16319 14705.6 13366.9 13051.4 12874.7 45922.6 66974.5 38123.4 23872.8 27614.6 15338.9 12885.1 18248.3 12797 12768.2 12718.2 62970.5 35533.1 14333 12736.5 12150.1
threshold=18.925000190734867 40.649999618530281 8.5000000000000018 -71.715362548828111 18.008820533752445 0.89787620306015026 17.711556434631351 1.3499999642372134 -0.1543605029582977 0.58307701349258434 0.51849433779716503 -0.33379416167736048 0.46611291170120245 28.050000190734867 -0.11319890245795249 317.50000000000006 7.5000000000000009 182.50000000000003 0.88621068000793468 333.50000000000006 -0.83847111463546742 0.96633976697921764 30.500000000000004 -0.17647087574005124 38.008695602416999 -0.64942333102226246 -0.17647087574005124 20.250000000000004 18.008820533752445 38.45000076293946 15.694999694824221 587.50875854492199 0.84773966670036327 0.8431384563446046 -0.48313741385936732 35.350000381469734 442.50000000000006 15.500000000000002
decision_type=8 2 2 10 8 2 10 2 8 2 2 2 2 2 2 2 2 2 2 2 2 2 2 2 10 2 2 2 8 2 2 10 2 2 2 2 2 2
left_child=1 3 -3 21 -5 6 18 8 9 10 12 -11 -8 -7 15 16 -15 -18 31 -17 -12 27 23 24 -23 30 -27 -1 29 -29 -24 32 33 35 -34 -2 -36 -16
right_child=5 2 -4 4 -6 13 7 -9 -10 11 20 -13 -14 14 37 19 17 -19 -20 -21 -22 22 25 -25 -26 26 -28 28 -30 -31 -32 -33 34 -35 36 -37 -38 -39
leaf_value=-0.050253278375913625 -0.013428563313176088 0.58754458012390076 -0.048606129381203907 0.12743799181346258 0.02640062729625824 -0.05751584250828215 0.028449773469331283 0.40336486062524662 0.0058860558481897383 0.21536059835572252 -0.33896713620046703 0.57797656334609282 0.19642375219317057 0.13530796566014247 0.18818336434807276 -0.039828417598837672 -0.25130250838000834 0.091398006351292582 0.11511030667929736 -0.26945953534811412 -0.056288732621755676 0.91001110212232361 -0.10572947007604878 -0.005156639728771081 0.29897087458079091 0.26193469697033422 -0.25921797681352216 -0.005649021676379519 0.028209606467731789 -0.32646730889529613 -0.48374000475437778 -0.14084497941407059 -0.29889194306740846 0.55261788969356507 0.1221068378957586 0.059133656428499756 -0.099344227442458216 0.011913399153224214
leaf_weight=4434 45617 147 147 2126 8056 8557 2558 204 22142 543 221 156 680 1010 754 4275 236 266 835 241 439 146 177 469 248 248 145 17833 16459 161 148 681 511 180 471 2589 464 660
leaf_count=4434 45617 147 147 2126 8056 8557 2558 204 22142 543 221 156 680 1010 754 4275 236 266 835 241 439 146 177 469 248 248 145 17833 16459 161 148 681 511 180 471 2589 464 660
internal_value=0.00235527 0.0155598 0.269476 0.0140859 0.0474973 -0.00477904 0.000323618 0.0195395 0.016611 0.0682686 0.0273776 0.296295 0.0637259 -0.0297488 0.00217833 -0.0221539 0.0672385 -0.0697131 -0.00975919 -0.0520835 -0.150947 0.00567938 0.0896 0.237076 0.525414 -0.0876595 0.0696493 0.00226744 0.00902673 -0.00851971 -0.27788 -0.0118234 -0.0100601 -0.00744009 -0.0977309 -0.00953144 0.01221 0.105908
internal_weight=145234 50944 294 50650 10182 94290 78291 26943 26739 4597 3898 699 3238 15999 7442 6028 1512 502 51348 4516 660 40468 1581 863 394 718 393 38887 34453 17994 325 50513 49832 48386 1446 48206 935 1414
internal_count=145234 50944 294 50650 10182 94290 78291 26943 26739 4597 3898 699 3238 15999 7442 6028 1512 502 51348 4516 660 40468 1581 863 394 718 393 38887 34453 17994 325 50513 49832 48386 1446 48206 935 1414
is_linear=0
shrinkage=0.03


Tree=151
num_leaves=39
num_cat=0
split_feature=199 199 199 15 198 162 102 203 197 204 200 197 188 205 198 35 56 197 199 15 56 200 204 176 200 173 199 204 198 95 200 189 184 172 197 198 197 203
split_gain=13549.7 22361.9 35571.1 131772 23528.9 33461.2 20406 17061.2 29709.4 21942.5 20259 18998.4 18410.2 16809.8 30318.6 16316.1 15232.4 14741.9 15790.2 13344.4 12616.8 11213.9 11702.1 19240.2 16205.1 15049.5 35092.3 111978 15526.4 14084.9 13557.8 13465.2 11509 11069.2 10994.5 10631.4 10467.5 9843.3
threshold=13.500000000000002 76.500000000000014 72.500000000000014 179.75647735595706 2.4500000476837163 5.9334490299224862 89.158336639404311 0.49240480363368994 983.54998779296886 7.0000000000000009 11.550000190734865 985.75000000000011 0.60970857739448558 0.68301269412040722 1.2500000000000002 494.90872192382818 27.677096366882328 971.95001220703136 147.50000000000003 92.669116973876967 105.45421218872072 29.050000190734867 11.000000000000002 79.350002288818374 3.7500000000000004 161.11499786376956 338.50000000000006 15.000000000000002 6.9500000476837167 17.266415596008304 11.84999990463257 10.187780380249025 0.1899911165237427 0.68000000715255748 985.85000610351574 6.5499999523162851 993.25000000000011 0.97625884413719188
decision_type=2 2 2 10 2 2 10 2 2 2 2 2 8 2 2 8 8 2 2 10 10 2 2 2 2 2 2 2 2 10 2 8 8 2 2 2 2 2
left_child=37 2 4 6 5 13 34 8 9 -6 -11 12 -9 20 -15 19 -14 18 -3 -10 -2 22 23 29 -25 32 28 -28 -27 31 -31 -19 -24 -26 35 -4 -34 -1
right_child=1 17 3 -5 7 -7 -8 11 15 10 -12 -13 16 14 -16 -17 -18 21 -20 -21 -22 -23 25 24 33 26 27 -29 -30 30 -32 -33 36 -35 -36 -37 -38 -39
leaf_value=-0.24866890692133684 -0.1330453240070664 0.32384429166990275 0.14576752803515572 0.82627859425163597 -0.25188980510082176 -0.47006923371490755 0.30711214677071819 -0.085255700700414466 0.29446137573908082 0.21025420640015338 -0.062065000202438055 -0.027073722947063852 0.28570632057940815 0.41574931945795091 -0.065340045089111273 0.494149210803356 0.066947384267558085 0.13305865885309798 0.036504259068595599 0.029490253829418528 0.10730150101973264 -0.14308657496455457 -0.20920960427818341 0.17514629709451374 -0.22219386145258993 0.10732987983131051 0.84813509800917175 -0.017687567613618206 -0.019411984160227415 -0.031914322112125172 3.4302499756404552e-05 0.011903428443722835 0.0095219299319634146 -0.072905213890884599 -0.23075344653927632 -0.05753569233566521 -0.031358607977225346 -0.046166656052534789
leaf_weight=235 1107 252 448 236 220 174 240 682 398 512 473 4087 308 187 319 190 4097 878 543 300 239 505 227 204 553 1385 203 398 2339 21802 26466 13833 49167 2332 157 479 6367 2676
leaf_count=235 1107 252 448 236 220 174 240 682 398 512 473 4087 308 187 319 190 4097 878 543 300 239 505 227 204 553 1385 203 398 2339 21802 26466 13833 49167 2332 157 479 6367 2676
internal_value=0.00155656 0.0028672 0.0377035 0.173226 0.0217991 -0.0723234 0.0568153 0.0387241 0.116013 0.018984 0.079486 0.0210909 0.0597874 -0.0349518 0.112457 0.247677 0.0822438 -0.00119248 0.127589 0.180579 -0.0903678 -0.00200082 -0.00143603 -0.0101495 -0.0832498 0.00814497 0.0620547 0.27477 0.0277249 -0.0065641 -0.0143965 0.0191345 0.00396354 -0.101522 0.00139653 0.0407166 0.00483494 -0.0625152
internal_weight=145218 142307 14853 1560 13293 2026 1324 11267 2093 1205 985 9174 5087 1852 506 888 4405 127454 795 698 1346 126659 126154 66068 3089 60086 4325 601 3724 62979 48268 14711 55761 2885 1084 927 55534 2911
internal_count=145218 142307 14853 1560 13293 2026 1324 11267 2093 1205 985 9174 5087 1852 506 888 4405 127454 795 698 1346 126659 126154 66068 3089 60086 4325 601 3724 62979 48268 14711 55761 2885 1084 927 55534 2911
is_linear=0
shrinkage=0.03


Tree=152
num_leaves=39
num_cat=0
split_feature=194 194 82 122 85 132 36 183 178 207 199 199 123 202 202 69 207 144 204 207 97 207 207 198 149 207 84 193 196 56 192 204 198 198 199 77 185 76
split_gain=14231.6 14643.7 14758 15931.1 13471.6 13402.5 14200.4 22550.7 18815.5 12244.3 11875.5 15841.4 11469.5 10749.1 11682.6 10727 15855.4 17322.7 11355 18524.8 13801.3 10201.8 9320.77 9215.74 8917.48 8389.66 8280.69 8125.37 10750.2 18245 17032.8 7417.13 6879.82 6469.49 6018.36 7949.35 5991 5427.82
threshold=7.5000000000000009 10.500000000000002 18.737500190734867 33.345071792602546 15.987500190734865 -69.737468719482408 464.14422607421881 83.935478210449233 56.709999084472663 -0.81923159956932057 35.500000000000007 101.50000000000001 -10.287028789520262 -0.99687939882278431 -0.99809679388999928 17.32499980926514 0.80926549434661876 -0.23140855878591535 11.000000000000002 -0.99275806546211232 16.668210029602054 -0.98803845047950734 -0.35846811532974238 7.4500000476837167 17.644999504089359 -0.95244166254997242 86.062500000000014 30.150000572204593 39.500000000000007 46.179258346557624 0.32181751728057867 13.000000000000002 5.1499998569488534 5.2500000000000009 271.50000000000006 4.7460157871246347 88.559173583984389 8.5279598236084002
decision_type=2 2 10 8 10 10 10 8 2 2 2 2 8 2 2 10 2 8 2 2 2 2 2 2 2 2 10 2 2 10 10 2 2 2 2 10 10 10
left_child=-1 23 3 4 27 6 10 8 -8 33 -5 -12 21 14 34 18 17 -17 20 -20 -15 -4 -11 -2 -6 -9 -23 28 30 -30 -3 32 -16 -7 37 -36 -18 -14
right_child=1 2 12 5 24 9 7 25 -10 22 11 -13 13 15 31 16 36 -19 19 -21 -22 26 -24 -25 -26 -27 -28 -29 29 -31 -32 -33 -34 -35 35 -37 -38 -39
leaf_value=0.26275999268297934 -0.33953869605281667 0.28163814527399039 0.11685626623436411 -0.084240168038654792 0.016826206668978595 0.084447775880670525 0.072629628271568131 -0.060148425108568819 0.45694409933293823 0.25411414311545055 0.048156270591601651 -0.014415769783736734 0.055236176452641034 -0.016635325713478151 -0.22595996616522729 0.10512033723924237 -0.12686199472038143 0.017699122522634621 0.11598990635683665 -0.00071042763084340152 -0.099701805019512493 -0.069233089416680174 0.075079488081980783 -0.077689805948502319 -0.15094439935815179 0.044264492866415338 -0.24615297760576327 0.10918723167962147 0.080069131722594555 -0.057957621944177119 0.059297875167008268 -0.32121729332366217 0.02899805899802483 -0.17154325514438021 0.14734804012701994 -0.042973377915885805 -0.018950893712154065 -0.080641644753599168
leaf_weight=188 147 337 233 1812 12114 154 257 855 207 397 4283 24310 315 25654 191 2350 510 15463 1282 27146 1936 1817 768 683 292 3646 274 2298 1601 1867 3883 209 190 210 345 462 5027 1653
leaf_count=188 147 337 233 1812 12114 154 257 855 207 397 4283 24310 315 25654 191 2350 510 15463 1282 27146 1936 1817 768 683 292 3646 274 2298 1601 1867 3883 209 190 210 345 462 5027 1653
internal_value=0.00191797 0.00158017 0.00230266 0.0137919 0.0337541 0.00167782 -0.00208135 0.0449586 0.244087 0.0886377 -0.00976279 -0.00504296 -0.00570615 -0.00385978 -0.0563764 -0.0016332 0.0154496 0.0292323 -0.00875383 0.00455236 -0.0224642 -0.0714355 0.136091 -0.124069 0.0128772 0.0244303 -0.0924175 0.0596902 0.044895 0.00576227 0.0770542 -0.177604 -0.0988169 -0.0632389 -0.0306012 0.0383911 -0.0288906 -0.0588926
internal_weight=145366 145178 144348 59291 22392 36899 35370 4965 464 1529 30405 28593 85057 82733 3365 79368 23350 17813 56018 28428 27590 2324 1165 830 12406 4501 2091 9986 7688 3468 4220 590 381 364 2775 807 5537 1968
internal_count=145366 145178 144348 59291 22392 36899 35370 4965 464 1529 30405 28593 85057 82733 3365 79368 23350 17813 56018 28428 27590 2324 1165 830 12406 4501 2091 9986 7688 3468 4220 590 381 364 2775 807 5537 1968
is_linear=0
shrinkage=0.03


Tree=153
num_leaves=39
num_cat=0
split_feature=201 97 208 207 200 207 201 201 207 193 193 99 207 207 193 200 200 141 200 201 104 36 208 208 207 207 207 187 207 71 208 208 207 200 132 201 200 204
split_gain=14732.3 13389.3 16686.2 46169.4 49354.8 101813 30372.1 17604.6 19985.9 33952.5 22252.5 15934.9 15191.7 68925.5 27071.4 15957.5 15944.7 15850.6 20903 13886.8 13792.2 13770.6 18992.2 13247.8 12724.3 12276.8 11972.7 11910 11875 12847.1 11738.6 77937.7 12528 11569.8 11170.9 11017.3 10286.7 10426
threshold=4287.5000000000009 13.799117565155031 0.82293498516082775 -0.47558552026748652 14.550000190734865 -0.49064628779888148 112.50000000000001 187.50000000000003 -0.98803845047950734 31.250000000000004 26.849999427795414 0.36778706312179571 -0.60554069280624379 -0.5917624533176421 24.94999980926514 10.34999990463257 20.94999980926514 14.7769832611084 3.9500000476837163 12.500000000000002 -0.9014492630958556 381.00604248046881 0.24997577071189883 0.8930937945842744 -0.95754238963127125 -0.9599599540233611 -0.86976337432861317 24.825869560241703 -0.82897400856018055 18.241499900817875 -0.96466007828712452 -0.96234029531478871 0.23537775129079822 2.7500000000000004 -104.39555358886717 122.50000000000001 2.0499999523162846 17.000000000000004
decision_type=2 2 2 2 2 2 2 2 2 2 2 2 2 2 2 2 2 8 2 2 10 10 2 2 2 2 2 10 2 8 2 2 2 2 10 2 2 2
left_child=1 11 7 4 5 6 -4 36 9 10 -9 12 14 15 16 -14 17 18 -1 -13 25 22 -16 35 -24 -10 -27 -21 29 -22 32 -32 -29 -33 -15 -5 -3 -38
right_child=-2 2 3 23 -6 -7 -8 8 20 -11 -12 19 13 34 21 -17 -18 -19 -20 27 28 -23 24 -25 -26 26 -28 30 -30 -31 31 33 -34 -35 -36 -37 37 -39
leaf_value=0.36273951319486086 0.23869527087318498 0.15871073541509698 0.38216041314391752 0.027004673498691081 -0.14273523914974665 0.98949049883189688 -0.10865677841973403 0.095143786719226381 -0.17407081356218213 -0.11655851308562565 0.46317052827784849 -0.21967982196350719 -0.67587065214890218 0.011452797930878523 -0.0041972108416138141 -0.24183345396698616 -0.11325599959581988 0.0067839260767055395 0.088614757500339966 0.0025409869874403728 -0.10748427842220705 -0.06568091245036857 0.28833668759745962 0.006001323525594288 0.062250394805397041 0.15596649567187262 0.0088285249175581205 -0.0098662743629176174 -0.036745935505561149 -0.42475562314728954 0.64988087971977915 0.16914995210182368 -0.2644860798447618 0.03174423719921951 -0.017563157256156064 -0.28551319874084163 -0.095290614593713199 -0.022606651430860998
leaf_weight=264 236 180 223 158 234 172 231 324 279 329 272 218 154 17097 10527 151 435 2221 4841 19455 513 2824 314 2227 782 592 3125 2178 2717 148 187 565 189 23096 39600 284 5236 2688
leaf_count=264 236 180 223 158 234 172 231 324 279 329 272 218 154 17097 10527 151 435 2221 4841 19455 513 2824 314 2227 782 592 3125 2178 2717 148 187 565 189 23096 39600 284 5236 2688
internal_value=0.00186398 0.00147857 -0.0213575 0.0378204 0.228979 0.367928 0.132429 -0.0340893 -0.00337709 0.128069 0.263108 0.00511708 -0.00303241 -0.011233 0.0180162 -0.461002 0.0632072 0.0736853 0.102792 0.0191844 -0.019866 -0.00626056 0.0081766 -0.023775 0.127026 0.0178567 0.0322634 0.0203246 -0.0644901 -0.178528 0.0335224 0.039847 -0.0301983 0.0350254 -0.00881338 -0.1738 -0.0655404 -0.0706347
internal_weight=145266 145030 19932 3529 860 626 454 16403 8299 925 596 125098 79210 57002 22208 305 7761 7326 5105 45888 7374 14447 11623 2669 1096 3996 3717 45670 3378 661 26215 23848 2367 23661 56697 442 8104 7924
internal_count=145266 145030 19932 3529 860 626 454 16403 8299 925 596 125098 79210 57002 22208 305 7761 7326 5105 45888 7374 14447 11623 2669 1096 3996 3717 45670 3378 661 26215 23848 2367 23661 56697 442 8104 7924
is_linear=0
shrinkage=0.03


Tree=154
num_leaves=39
num_cat=0
split_feature=199 199 184 76 208 114 209 201 205 207 208 104 194 185 208 201 208 208 208 194 198 196 209 208 114 208 198 55 204 201 198 198 194 194 132 208 190 205
split_gain=12738.4 20003.8 37057.4 29814.1 24244.8 38880.8 37345.4 30268.4 97245.2 159685 23152.6 24898.6 21933.4 20357.5 16744 15094.2 13599.4 81672 72939.5 55309.8 52082.6 64267 42056.7 33495.1 27646.1 21950.9 33491.9 19372.6 18351.8 21810 21574.2 13535.6 13513.1 10014.5 10955.1 8303.82 7457.49 7426.84
threshold=13.500000000000002 76.500000000000014 0.32766719162464147 13.815463542938234 0.4584775865077973 309.66575622558599 11.500000000000002 32.500000000000007 0.68301269412040722 -0.94705909490585316 0.44312302768230444 68.585578918457045 7.5000000000000009 181.64327239990237 0.31595529615879064 4287.5000000000009 0.4584775865077973 0.51849433779716503 0.54039287567138683 55.500000000000007 5.3500001430511483 1.5000000000000002 10.500000000000002 0.33222858607769018 215.59025573730472 0.29958851635456091 7.7500000000000009 83.442878723144545 21.000000000000004 72.500000000000014 10.750000000000002 2.9500000476837163 55.500000000000007 78.500000000000014 -74.659404754638658 -0.82534202933311451 0.28518357872962957 -0.68301269412040699
decision_type=2 2 8 10 2 10 2 2 2 2 2 8 2 10 2 2 2 2 2 2 2 2 2 2 8 2 2 10 2 2 2 2 2 2 10 2 8 2
left_child=33 2 3 -2 7 -6 37 8 14 -10 11 13 -3 -9 36 16 23 20 19 -19 21 -18 -22 25 -20 27 -27 -14 30 -30 -25 -13 -12 34 35 -1 -4 -7
right_child=1 12 4 -5 5 6 -8 10 9 -11 32 31 15 -15 -16 -17 17 18 24 -21 22 -23 -24 28 -26 26 -28 -29 29 -31 -32 -33 -34 -35 -36 -37 -38 -39
leaf_value=0.065286684366635511 0.075933435799585891 0.34107071888053542 -0.24537859729850287 0.62941686232171801 -0.10790842040128118 -0.11358725417588872 0.50665008548153578 0.017340027069906526 1.1984326714410292 0.010670791004443313 0.49244711329566943 -0.240481841056986 0.0016003997404484126 0.12428922332502605 0.27100177371704848 -0.28340191871477882 0.67526454854851448 -0.45001977752656214 0.064413268008856023 -0.018711400828498356 0.14401018207534394 0.14229774938208917 -0.17875247377713799 -0.097048585777781832 -0.0042097413823465454 0.024806100888729764 0.35770018825612349 -0.050192599604974714 0.23248108883559671 -0.090433188213223756 0.056369656356173393 -0.034291879516621424 0.089080318884701887 0.046751647181848231 0.0017852781777098546 -0.16082866300976384 -0.0049671160524192882 0.1075829767722301
leaf_weight=164 183 169 145 168 2291 228 188 5506 192 217 150 341 70469 2259 179 170 344 557 6470 515 2063 499 441 6688 28816 957 380 7160 391 363 941 1794 149 623 788 1344 583 341
leaf_count=164 183 169 145 168 2291 228 188 5506 192 217 150 341 70469 2259 179 170 344 557 6470 515 2063 499 441 6688 28816 957 380 7160 391 363 941 1794 149 623 788 1344 583 341
internal_value=0.0021152 0.00338771 0.0362608 0.340859 0.028919 -0.0463174 0.140081 0.048834 0.184239 0.568267 0.0313623 0.0235068 -0.000460763 0.0484539 0.0110616 -0.00091447 -0.000536474 0.0140212 0.000966597 -0.242817 0.155831 0.359789 0.0871652 -0.00715376 0.0083729 -0.00110086 0.119423 -0.00317665 -0.0641706 0.07702 -0.0781251 -0.0672254 0.291449 -0.059922 -0.0888672 -0.136237 -0.0528543 0.0189583
internal_weight=145226 142307 14914 351 14563 3048 757 11515 1316 409 10199 9900 127393 7765 907 127224 127054 39705 36358 1072 3347 843 2504 87349 35286 78966 1337 77629 8383 754 7629 2135 299 2919 2296 1508 728 569
internal_count=145226 142307 14914 351 14563 3048 757 11515 1316 409 10199 9900 127393 7765 907 127224 127054 39705 36358 1072 3347 843 2504 87349 35286 78966 1337 77629 8383 754 7629 2135 299 2919 2296 1508 728 569
is_linear=0
shrinkage=0.03


Tree=155
num_leaves=39
num_cat=0
split_feature=194 194 81 181 15 79 194 19 199 199 184 208 194 191 197 195 202 207 208 199 208 122 207 202 208 197 194 200 203 123 205 79 181 191 203 199 194 194
split_gain=14610.6 14861.1 14340.8 23310.5 17960.2 13923.8 12182 12244.2 11263.6 17377 39505.2 18258.4 12109.3 11189.5 11159.2 11009.1 11276.7 10160.3 41758.5 16846.4 17530 15119.5 12860.4 9808.19 14536.7 14078.2 11679.4 12024.5 15384 9531.77 8258.26 7790.29 7381.98 6842.66 6274.48 6138.35 5997.63 6580.31
threshold=7.5000000000000009 16.500000000000004 44.312500000000007 10.000000000000002 212.17874145507815 0.027529679238796238 96.500000000000014 1.1752816438674929 13.500000000000002 76.500000000000014 0.32766719162464147 0.4584775865077973 78.500000000000014 26.700199127197269 992.95001220703136 1.5500000119209292 -0.89490029215812672 -0.47558552026748652 0.86869874596595775 324.50000000000006 0.82293498516082775 66.565570831298842 -0.60554069280624379 -0.91702514886856068 0.14037931710481646 982.64999389648449 10.500000000000002 18.849999427795414 0.608738273382187 -2.2107651233673091 1.0000000180025095e-35 0.54926210641860973 140.00000000000003 26.700199127197269 0.53727915883064281 298.50000000000006 13.500000000000002 15.500000000000002
decision_type=2 2 2 2 10 8 2 10 2 2 8 2 2 10 2 2 2 2 2 2 2 10 2 2 2 2 2 2 2 8 2 10 2 10 2 2 2 2
left_child=-1 23 5 4 13 14 8 15 12 10 -10 -11 29 -4 -3 16 -8 18 19 20 -5 32 -21 25 26 -2 34 28 35 -7 -30 -23 -19 -33 -25 -28 -29 -38
right_child=1 2 3 17 -6 6 7 -9 9 11 -12 -13 -14 -15 -16 -17 -18 21 -20 22 -22 31 -24 24 -26 -27 27 36 30 -31 -32 33 -34 -35 -36 -37 37 -39
leaf_value=0.26417314889453603 -0.19540270573864318 0.34374647515866674 0.096440875017476987 -0.0302992608525244 -0.025430998937266577 0.051524669853320687 0.045344816230736024 -0.30894765532646412 0.4236588725043946 -0.0028775811693223527 0.034389758252274048 0.024468413127360068 0.078393165229006107 0.4014321053549112 0.00070332559946133548 0.19156102379338502 -0.079067749105148008 -0.016286761469595734 0.37568389725950935 -0.048822831274310835 0.12509279533981135 -0.25348503799403838 -0.25738101758767934 -0.22935680605532738 -0.21836830193668008 -0.018295830849509146 0.013189777715540345 0.22173892082416374 -0.20288644022297864 -0.11456257511194232 0.0028297629818491718 -0.18997805841661 -0.13522592460445867 0.015124353889755074 -0.03086490063007433 0.18036953513721327 -0.047388664176759375 0.19166908068177452
leaf_weight=191 839 198 203 5364 369 378 876 154 239 77435 12827 30681 504 232 150 182 2607 2287 235 610 744 534 472 263 302 779 645 338 434 1754 295 317 591 272 315 285 248 178
leaf_count=191 839 198 203 5364 369 378 876 154 239 77435 12827 30681 504 232 150 182 2607 2287 235 610 744 534 472 263 302 779 645 338 434 1754 295 317 591 272 315 285 248 178
internal_value=0.00196721 0.00162213 0.00342054 -0.0276163 0.128519 0.00638637 0.00586968 -0.0469028 0.00749738 0.00883189 0.0415105 0.00488262 -0.0538524 0.259109 0.195888 -0.0358911 -0.0477769 -0.038603 -0.0178363 -0.0306988 -0.0113711 -0.0771412 -0.139804 -0.0496203 -0.0199769 -0.110134 -1.14375e-05 0.0288944 -0.0164581 -0.0851153 -0.119641 -0.170501 -0.0407115 -0.0952624 -0.121185 0.064424 0.127375 0.0525004
internal_weight=145327 145136 140215 12230 804 127985 127637 3819 123818 121182 13066 108116 2636 435 348 3665 3483 11426 7425 7190 6108 4001 1082 4921 3303 1618 3001 2423 1659 2132 729 1123 2878 589 578 930 764 426
internal_count=145327 145136 140215 12230 804 127985 127637 3819 123818 121182 13066 108116 2636 435 348 3665 3483 11426 7425 7190 6108 4001 1082 4921 3303 1618 3001 2423 1659 2132 729 1123 2878 589 578 930 764 426
is_linear=0
shrinkage=0.03


Tree=156
num_leaves=39
num_cat=0
split_feature=206 201 201 201 56 80 199 77 170 173 177 200 56 123 173 193 199 193 132 76 195 105 202 202 138 193 201 111 201 199 202 202 201 185 201 79 191 156
split_gain=13907.6 55273 28273.4 16617 16857.6 15602.8 13882.8 13725.1 14126 15793 13585.2 16142.6 13497.9 21339.1 18693.7 12565.7 11799.5 10973.3 27089.6 11495.7 9842.33 9377.92 8972.25 29113.5 29317.4 17240.9 35255.1 12841.4 9968.94 9386.78 9985.71 8694.24 15595.6 16892.9 14535 10256 10973.8 13597.4
threshold=-0.93301269412040699 3867.5000000000005 4287.5000000000009 1692.5000000000002 103.93614959716798 42.412500381469734 326.50000000000006 32.253442764282234 3.1450001001358037 1.3550000190734866 4.8689563274383554 9.6500000953674334 69.800651550292983 62.827201843261726 41.429998397827156 34.850000381469734 53.500000000000007 32.45000076293946 -72.922275543212876 18.811655998229984 1.3499999642372134 -4.6901786327362052 -0.77159520983695973 -0.72534674406051625 34.131250381469734 15.150000095367433 42.500000000000007 66.812500000000014 917.50000000000011 295.50000000000006 -0.98321744799613942 -0.97233289480209339 557.50000000000011 62.026632308959968 462.50000000000006 0.028876786120235923 43.983163833618171 4.4940702915191659
decision_type=2 2 2 2 10 2 2 8 2 2 2 2 10 8 2 2 2 2 10 8 2 8 2 2 10 2 2 8 2 2 2 2 2 8 2 10 8 2
left_child=1 10 3 5 6 7 16 8 9 15 31 -12 14 -14 -10 -2 -5 19 -19 -18 -11 -8 27 24 -24 26 -25 -7 -27 30 -29 32 -1 -34 -33 -36 37 -37
right_child=2 -3 -4 4 -6 22 21 -9 12 20 11 -13 13 -15 -16 -17 17 18 -20 -21 -22 -23 23 25 -26 28 -28 29 -30 -31 -32 34 33 -35 35 36 -38 -39
leaf_value=0.19323473003338518 0.012014267980557533 0.58465514846337996 -0.35476256459521049 -0.1723468774747125 0.20584371990408382 -0.22304319884604751 0.014750060967396042 -0.028548402125604604 0.024849827926309385 -0.012722067804667085 0.36139511464906499 0.018692613195346364 0.074768392167541178 0.0072005934826354714 -0.082802566826803731 0.092869830936508441 -0.03275413053522961 -0.032367596209229584 0.17654505929711742 -0.19543224117015026 0.17076125832182196 -0.23667788913368468 -0.012917721041732267 0.064742280502920427 0.44027102778195715 0.0069285384098438122 -0.37058033081152764 -0.083732359509706672 -0.098652330050407216 -0.11000074882733463 0.019407980862919481 -0.13273641535429873 -0.40616076119718458 -0.055765601757893205 0.24569963409627299 0.062438125757167021 -0.02306632622925333 -0.073824121503236501
leaf_weight=169 39538 161 203 540 236 395 176 9593 5167 36824 232 265 9141 7793 2019 1809 1105 3667 659 605 265 553 261 313 253 5494 360 1356 943 1445 2241 493 154 632 202 6536 2605 733
leaf_count=169 39538 161 203 540 236 395 176 9593 5167 36824 232 265 9141 7793 2019 1809 1105 3667 659 605 265 553 261 313 253 5494 360 1356 943 1445 2241 493 154 632 202 6536 2605 733
internal_value=0.00181787 0.0324975 -0.000993171 -0.000452166 -0.0437019 0.00215263 -0.0517642 0.00576668 0.00897649 0.00280227 0.0251019 0.178671 0.0290544 0.0436738 -0.00539652 0.0155519 -0.037994 -0.0259741 -0.000542542 -0.0903108 -0.011411 -0.175977 -0.0288795 -0.00788176 0.210153 -0.0236444 -0.168121 -0.0583234 -0.00853878 -0.0454185 -0.019474 0.0184786 -0.0682071 -0.124423 0.0263115 0.0340936 0.0297644 0.0486974
internal_weight=145136 12182 132954 132751 7541 125210 7305 112149 102556 78436 12021 497 24120 16934 7186 41347 6576 6036 4326 1710 37089 729 13061 7624 514 7110 673 5437 6437 5042 3597 11524 955 786 10569 10076 9874 7269
internal_count=145136 12182 132954 132751 7541 125210 7305 112149 102556 78436 12021 497 24120 16934 7186 41347 6576 6036 4326 1710 37089 729 13061 7624 514 7110 673 5437 6437 5042 3597 11524 955 786 10569 10076 9874 7269
is_linear=0
shrinkage=0.03


Tree=157
num_leaves=39
num_cat=0
split_feature=201 194 80 181 141 207 204 190 131 196 209 181 114 194 98 80 170 207 190 207 207 123 164 95 141 139 207 203 169 51 91 56 203 204 201 189 12 54
split_gain=17104.9 23434.6 13553.6 19544.3 16515.8 13801.4 16158 11676.1 15707.7 19760.1 11047.9 10805 16990.8 15166.8 13449.9 11864.8 15649.1 16073.7 28442.5 13942.6 32911.6 14211.7 11224.2 10969.7 10470.2 9623.54 9541.16 9521.71 9174.79 8986.11 8758.36 8167.25 11049.6 10359.9 7225.48 6634.29 5516.85 4977.68
threshold=4287.5000000000009 8.5000000000000018 19.037499427795414 12.000000000000002 0.99083575606346141 0.93845596909523021 11.000000000000002 0.29132837057113653 -99.243228912353501 41.500000000000007 4.5000000000000009 24.000000000000004 -272.54856872558588 66.500000000000014 -32.954000473022454 44.312500000000007 3.2999999523162846 -0.39826117455959315 1.2428946495056155 -0.47558552026748652 -0.49064628779888148 58.738780975341804 31.500000000000004 29.867244720458988 21.107286453247074 12.262499809265138 -0.9413962960243224 0.83385404944419872 37.280000686645515 13.53749990463257 28.133999824523929 101.4408302307129 0.82409480214118969 9.0000000000000018 917.50000000000011 75.023303985595717 18.500000000000004 66.273914337158217
decision_type=2 2 2 2 10 2 2 8 8 2 2 2 8 2 2 2 2 2 8 2 2 10 2 10 10 10 2 2 2 8 10 8 2 2 2 10 10 10
left_child=1 -1 3 35 7 6 28 8 10 -10 -5 12 13 -4 -14 16 22 18 -18 20 27 36 29 -19 30 -26 -24 -17 -6 -13 -16 32 -9 -33 -8 -3 -21 -7
right_child=-2 2 11 4 5 37 34 31 9 -11 -12 15 14 -15 24 19 17 23 -20 21 -22 -23 26 -25 25 -27 -28 -29 -30 -31 -32 33 -34 -35 -36 -37 -38 -39
leaf_value=-0.32828379902776 0.2624003835590642 -0.019506168611253424 0.023380912353287615 -0.18018582598964247 0.035802294378497641 0.0057855423916919882 0.14103802672795149 0.0052437357550167733 0.10605391832467174 -0.0084225226464699852 0.012462821578304329 -0.061090455777598023 -0.17396308008379407 0.44940104512202483 0.03051051316135777 -0.0096843844732251178 0.12221833115968821 0.0071242684539739977 -0.012960616779521447 -0.20655081940420109 0.32459251881547857 -0.18136176638270299 0.044638899838110188 -0.11107721219303267 0.050593407457768705 0.3582268480186464 -0.06539658070074271 -0.10404932906353988 -0.18955681924629803 -0.0044056273995286407 -0.022249344228485499 -0.013929142053868613 -0.043503716987076148 0.075597346664860163 0.06246873936671378 -0.092604843711980134 -0.039058196199966845 -0.10854275843806706
leaf_weight=194 226 3563 147 412 4279 1273 2550 24221 3790 2114 766 2684 336 154 8869 5277 3122 7605 2541 190 249 1023 816 779 230 152 5419 1177 169 40447 4160 1968 5059 2845 1795 1628 2583 469
leaf_count=194 226 3563 147 412 4279 1273 2550 24221 3790 2114 766 2684 336 154 8869 5277 3122 7605 2541 190 249 1023 816 779 230 152 5419 1177 169 40447 4160 1968 5059 2845 1795 1628 2583 469
internal_value=0.00161659 0.00121026 0.00165155 0.0130608 0.0186315 0.0521499 0.0674334 0.0100555 0.045107 0.0650642 -0.0549157 -0.00572902 0.0183889 0.241353 0.0135068 -0.010313 -0.00542219 0.0225161 0.0615633 -0.0398528 -0.0138363 -0.0857927 -0.013372 -0.0038585 0.0182038 0.173009 -0.0509957 -0.0268937 0.0272394 -0.00793309 0.0136649 0.00277432 -0.00317885 0.0389906 0.10858 -0.0424316 -0.0505352 -0.0249953
internal_weight=145281 145055 144861 56901 51710 10535 8793 41175 7082 5904 1178 87960 14048 301 13747 73912 63413 14047 5663 10499 6703 3796 49366 8384 13411 382 6235 6454 4448 43131 13029 34093 29280 4813 4345 5191 2773 1742
internal_count=145281 145055 144861 56901 51710 10535 8793 41175 7082 5904 1178 87960 14048 301 13747 73912 63413 14047 5663 10499 6703 3796 49366 8384 13411 382 6235 6454 4448 43131 13029 34093 29280 4813 4345 5191 2773 1742
is_linear=0
shrinkage=0.03


Tree=158
num_leaves=39
num_cat=0
split_feature=82 193 196 194 185 178 202 96 208 208 208 208 200 194 194 194 187 186 208 208 200 205 194 202 163 208 210 208 187 206 203 195 185 193 200 202 191 189
split_gain=13959.1 25873.1 60143.1 32657.1 16690.2 13628.4 22433.3 13022 11152 12680.1 42497.5 15113.2 14655.3 28283.2 17534.5 14065.6 13585.4 11006.5 10678.6 27690.1 28248.3 61157.1 15057.2 16842.2 11770.1 10239.1 30164.6 26159.5 9775.44 9543.29 9384.97 26056 12716.4 9328.21 9263.31 8877.37 12930.4 8797.92
threshold=20.133999824523929 40.649999618530281 1.0000000180025095e-35 8.5000000000000018 249.16481018066409 56.709999084472663 0.87032255530357372 52.650903701782234 -0.99465739727020253 -0.32613736391067499 -0.27694045007228846 -0.39827153086662287 2.0499999523162846 79.500000000000014 44.500000000000007 15.500000000000002 157.84999847412112 5.0889000892639169 0.29958851635456091 0.32410992681980139 8.1500000953674334 1.0000000180025095e-35 59.500000000000007 0.87032255530357372 88.93500137329103 0.44312302768230444 1.0000000180025095e-35 0.33222858607769018 23.606665611267093 -0.25000000000000006 0.18222858756780627 0.15000000223517421 391.96301269531256 41.250000000000007 2.7500000000000004 -0.98624804615974415 27.600999832153324 131.50000000000003
decision_type=10 2 2 2 8 2 2 8 2 2 2 2 2 2 2 2 10 10 2 2 2 2 2 2 2 2 2 2 10 2 2 2 10 2 2 2 10 10
left_child=1 3 -3 -1 5 7 -7 28 -2 11 -11 15 13 14 -12 33 30 25 24 20 -20 -22 23 -21 -6 27 -27 -14 -5 -24 32 -32 -17 -10 -30 -13 37 -37
right_child=8 2 -4 4 18 6 -8 -9 9 10 12 35 17 -15 -16 16 -18 -19 19 22 21 -23 29 -25 -26 26 -28 -29 34 -31 31 -33 -34 -35 -36 36 -38 -39
leaf_value=-0.39200036872068611 -0.082565628738749536 0.72342331425799578 -0.047817048745006599 -0.0084716624994221959 -0.0055978593953071335 -0.0042083079599041003 0.44509341702307337 0.24186684920170337 0.011640993239734259 -0.17076044407182592 0.27172203521444604 -0.040379505439039176 -0.0074471062494414295 0.48681261816788035 -0.061615101333642168 0.0060370694959289142 0.27277003796794036 -0.17250319831335012 -0.11558608381323242 0.030042845276344505 0.098105559766659245 0.84277487900347636 -0.12953102049979312 0.25382176823353925 -0.061302284551860785 0.096205825497273717 -0.0084074849244362756 -0.086531146427089062 0.12575684420463853 -0.011960721160336007 0.05411878854987906 -0.16951971228571847 -0.072633041167188064 -0.19793020761521982 0.026601811275418521 0.14324149619281853 0.40394287548252011 -0.072661545354520324
leaf_weight=181 1713 151 229 7692 14883 222 182 243 311 1508 199 316 16421 151 496 14715 176 378 171 3922 310 146 745 328 4430 2760 24509 4884 875 3744 6389 506 2115 496 27441 907 145 209
leaf_count=181 1713 151 229 7692 14883 222 182 243 311 1508 199 316 16421 151 496 14715 176 378 171 3922 310 146 745 328 4430 2760 24509 4884 875 3744 6389 506 2115 496 27441 907 145 209
internal_value=0.00162747 0.0118319 0.258659 0.0104002 0.0115151 0.0249272 0.198205 0.0229961 -0.00685156 -0.00517998 -0.0138605 0.0117637 -0.00910919 0.114688 0.0338314 0.0060166 0.0101758 -0.0112487 -0.00562715 0.02066 0.213235 0.336544 0.00684299 0.0473139 -0.0183753 -0.00999379 0.00218084 -0.0255765 0.021519 -0.0314731 0.00822771 0.0377065 -0.00384929 -0.117166 0.0296659 0.101806 0.137437 0.102807
internal_weight=145199 65895 380 65515 65334 36655 404 36251 79304 77591 51306 26285 49798 846 695 24708 23901 48952 28679 9366 627 456 8739 4250 19313 48574 27269 21305 36008 4489 23725 6895 16830 807 28316 1577 1261 1116
internal_count=145199 65895 380 65515 65334 36655 404 36251 79304 77591 51306 26285 49798 846 695 24708 23901 48952 28679 9366 627 456 8739 4250 19313 48574 27269 21305 36008 4489 23725 6895 16830 807 28316 1577 1261 1116
is_linear=0
shrinkage=0.03


end of trees

feature_importances:
Column_207=596
Column_208=440
Column_194=360
Column_197=331
Column_193=281
Column_201=266
Column_96=258
Column_199=258
Column_97=205
Column_204=202
Column_94=183
Column_200=165
Column_202=153
Column_198=143
Column_80=133
Column_36=122
Column_95=121
Column_205=114
Column_123=106
Column_203=106
Column_56=101
Column_209=98
Column_141=91
Column_114=86
Column_99=84
Column_85=82
Column_105=73
Column_196=73
Column_132=70
Column_76=63
Column_181=62
Column_75=52
Column_184=51
Column_206=50
Column_55=46
Column_79=45
Column_93=44
Column_185=44
Column_191=42
Column_16=39
Column_82=39
Column_86=38
Column_189=38
Column_195=37
Column_35=34
Column_122=34
Column_190=33
Column_187=32
Column_77=31
Column_84=31
Column_90=31
Column_74=30
Column_183=30
Column_59=27
Column_140=27
Column_92=25
Column_186=25
Column_91=24
Column_81=22
Column_57=21
Column_88=21
Column_102=21
Column_113=21
Column_87=20
Column_129=20
Column_176=20
Column_104=19
Column_139=18
Column_173=18
Column_138=16
Column_34=15
Column_163=15
Column_100=14
Column_166=14
Column_15=13
Column_54=13
Column_83=13
Column_170=13
Column_89=12
Column_98=12
Column_111=12
Column_192=12
Column_39=11
Column_69=11
Column_14=10
Column_52=10
Column_144=10
Column_164=10
Column_188=10
Column_17=9
Column_37=9
Column_19=8
Column_28=8
Column_33=8
Column_40=8
Column_42=8
Column_45=8
Column_50=8
Column_60=8
Column_68=8
Column_120=8
Column_146=8
Column_149=8
Column_171=8
Column_177=8
Column_5=7
Column_49=7
Column_66=7
Column_71=7
Column_109=7
Column_157=7
Column_160=7
Column_175=7
Column_10=6
Column_20=6
Column_47=6
Column_62=6
Column_65=6
Column_72=6
Column_78=6
Column_142=6
Column_161=6
Column_7=5
Column_9=5
Column_11=5
Column_12=5
Column_27=5
Column_29=5
Column_32=5
Column_46=5
Column_48=5
Column_63=5
Column_124=5
Column_147=5
Column_155=5
Column_174=5
Column_178=5
Column_210=5
Column_4=4
Column_8=4
Column_18=4
Column_22=4
Column_31=4
Column_44=4
Column_51=4
Column_101=4
Column_103=4
Column_112=4
Column_115=4
Column_131=4
Column_145=4
Column_151=4
Column_153=4
Column_158=4
Column_165=4
Column_169=4
Column_172=4
Column_23=3
Column_25=3
Column_26=3
Column_30=3
Column_43=3
Column_53=3
Column_58=3
Column_64=3
Column_70=3
Column_110=3
Column_125=3
Column_150=3
Column_162=3
Column_180=3
Column_0=2
Column_3=2
Column_61=2
Column_67=2
Column_73=2
Column_106=2
Column_107=2
Column_118=2
Column_136=2
Column_148=2
Column_154=2
Column_156=2
Column_167=2
Column_168=2
Column_1=1
Column_2=1
Column_6=1
Column_13=1
Column_24=1
Column_38=1
Column_108=1
Column_117=1
Column_121=1
Column_126=1
Column_127=1
Column_133=1
Column_134=1
Column_137=1
Column_143=1
Column_179=1

parameters:
[boosting: gbdt]
[objective: regression]
[metric: l2]
[tree_learner: serial]
[device_type: cpu]
[data_sample_strategy: bagging]
[data: ]
[valid: ]
[num_iterations: 313]
[learning_rate: 0.03]
[num_leaves: 39]
[num_threads: 8]
[seed: 0]
[deterministic: 0]
[force_col_wise: 0]
[force_row_wise: 0]
[histogram_pool_size: -1]
[max_depth: 8]
[min_data_in_leaf: 145]
[min_sum_hessian_in_leaf: 0.001]
[bagging_fraction: 0.939299]
[pos_bagging_fraction: 1]
[neg_bagging_fraction: 1]
[bagging_freq: 1]
[bagging_seed: 3]
[bagging_by_query: 0]
[feature_fraction: 0.629109]
[feature_fraction_bynode: 1]
[feature_fraction_seed: 2]
[extra_trees: 0]
[extra_seed: 6]
[early_stopping_round: 0]
[early_stopping_min_delta: 0]
[first_metric_only: 0]
[max_delta_step: 0]
[lambda_l1: 0.0129666]
[lambda_l2: 0.00936093]
[linear_lambda: 0]
[min_gain_to_split: 0.235931]
[drop_rate: 0.1]
[max_drop: 50]
[skip_drop: 0.5]
[xgboost_dart_mode: 0]
[uniform_drop: 0]
[drop_seed: 4]
[top_rate: 0.2]
[other_rate: 0.1]
[min_data_per_group: 100]
[max_cat_threshold: 32]
[cat_l2: 10]
[cat_smooth: 10]
[max_cat_to_onehot: 4]
[top_k: 20]
[monotone_constraints: ]
[monotone_constraints_method: basic]
[monotone_penalty: 0]
[feature_contri: ]
[forcedsplits_filename: ]
[refit_decay_rate: 0.9]
[cegb_tradeoff: 1]
[cegb_penalty_split: 0]
[cegb_penalty_feature_lazy: ]
[cegb_penalty_feature_coupled: ]
[path_smooth: 0]
[interaction_constraints: ]
[verbosity: -1]
[saved_feature_importance_type: 0]
[use_quantized_grad: 0]
[num_grad_quant_bins: 4]
[quant_train_renew_leaf: 0]
[stochastic_rounding: 1]
[linear_tree: 0]
[max_bin: 255]
[max_bin_by_feature: ]
[min_data_in_bin: 3]
[bin_construct_sample_cnt: 200000]
[data_random_seed: 1]
[is_enable_sparse: 1]
[enable_bundle: 1]
[use_missing: 1]
[zero_as_missing: 0]
[feature_pre_filter: 0]
[pre_partition: 0]
[two_round: 0]
[header: 0]
[label_column: ]
[weight_column: ]
[group_column: ]
[ignore_column: ]
[categorical_feature: ]
[forcedbins_filename: ]
[precise_float_parser: 0]
[parser_config_file: ]
[objective_seed: 5]
[num_class: 1]
[is_unbalance: 0]
[scale_pos_weight: 1]
[sigmoid: 1]
[boost_from_average: 1]
[reg_sqrt: 0]
[alpha: 0.9]
[fair_c: 1]
[poisson_max_delta_step: 0.7]
[tweedie_variance_power: 1.5]
[lambdarank_truncation_level: 30]
[lambdarank_norm: 1]
[label_gain: ]
[lambdarank_position_bias_regularization: 0]
[eval_at: ]
[multi_error_top_k: 1]
[auc_mu_weights: ]
[num_machines: 1]
[local_listen_port: 12400]
[time_out: 120]
[machine_list_filename: ]
[machines: ]
[gpu_platform_id: -1]
[gpu_device_id: -1]
[gpu_device_id_list: ]
[gpu_use_dp: 0]
[num_gpu: 1]

end of parameters

pandas_categorical:null
