tree
version=v4
num_class=1
num_tree_per_iteration=1
label_index=0
max_feature_idx=210
objective=regression
feature_names=Column_0 Column_1 Column_2 Column_3 Column_4 Column_5 Column_6 Column_7 Column_8 Column_9 Column_10 Column_11 Column_12 Column_13 Column_14 Column_15 Column_16 Column_17 Column_18 Column_19 Column_20 Column_21 Column_22 Column_23 Column_24 Column_25 Column_26 Column_27 Column_28 Column_29 Column_30 Column_31 Column_32 Column_33 Column_34 Column_35 Column_36 Column_37 Column_38 Column_39 Column_40 Column_41 Column_42 Column_43 Column_44 Column_45 Column_46 Column_47 Column_48 Column_49 Column_50 Column_51 Column_52 Column_53 Column_54 Column_55 Column_56 Column_57 Column_58 Column_59 Column_60 Column_61 Column_62 Column_63 Column_64 Column_65 Column_66 Column_67 Column_68 Column_69 Column_70 Column_71 Column_72 Column_73 Column_74 Column_75 Column_76 Column_77 Column_78 Column_79 Column_80 Column_81 Column_82 Column_83 Column_84 Column_85 Column_86 Column_87 Column_88 Column_89 Column_90 Column_91 Column_92 Column_93 Column_94 Column_95 Column_96 Column_97 Column_98 Column_99 Column_100 Column_101 Column_102 Column_103 Column_104 Column_105 Column_106 Column_107 Column_108 Column_109 Column_110 Column_111 Column_112 Column_113 Column_114 Column_115 Column_116 Column_117 Column_118 Column_119 Column_120 Column_121 Column_122 Column_123 Column_124 Column_125 Column_126 Column_127 Column_128 Column_129 Column_130 Column_131 Column_132 Column_133 Column_134 Column_135 Column_136 Column_137 Column_138 Column_139 Column_140 Column_141 Column_142 Column_143 Column_144 Column_145 Column_146 Column_147 Column_148 Column_149 Column_150 Column_151 Column_152 Column_153 Column_154 Column_155 Column_156 Column_157 Column_158 Column_159 Column_160 Column_161 Column_162 Column_163 Column_164 Column_165 Column_166 Column_167 Column_168 Column_169 Column_170 Column_171 Column_172 Column_173 Column_174 Column_175 Column_176 Column_177 Column_178 Column_179 Column_180 Column_181 Column_182 Column_183 Column_184 Column_185 Column_186 Column_187 Column_188 Column_189 Column_190 Column_191 Column_192 Column_193 Column_194 Column_195 Column_196 Column_197 Column_198 Column_199 Column_200 Column_201 Column_202 Column_203 Column_204 Column_205 Column_206 Column_207 Column_208 Column_209 Column_210
feature_infos=[1:926] [1:926] [1:994.75] [1:1004.3330078125] [1:799] [1:988.5] [1:988.5] [1:988.5] [1:1019] [1:1019] [1:988.5] [1:657.25] [1:1019] [2:918.76385498046875] [5.8235292434692383:430.629150390625] [8.5757579803466797:350.26190185546875] [12.743420600891113:319.73654174804688] [0.87287157773971558:417.67144775390625] [-690:700] [0.02570236474275589:1.4080252647399902] [0:2000] [0:2000] [0:1511] [0:1654] [0:1268] [1:1841] [0:1841] [0:1841] [0:1841] [0:1841] [0:1841] [0:1841] [0:1841] [2.2000000476837158:1431.5] [3:692.4000244140625] [5.875:536.30206298828125] [38.058822631835938:514.66748046875] [4.1028447151184082:559.82208251953125] [-1832:1794] [0.066891394555568695:1.4500552415847778] [4.75:239.5] [4.75:239.5] [3.2669999599456787:337] [0:308.10000610351562] [3.2669999599456787:337] [1.75:234.14999389648438] [4.2249999046325684:234.14999389648438] [4.2249999046325684:234.14999389648438] [1.75:234.14999389648438] [1.75:234.14999389648438] [1.75:234.14999389648438] [1.75:234.14999389648438] [1.75:234.14999389648438] [5.2458333969116211:244.6875] [9.5215835571289062:161.98333740234375] [11.144576072692871:149.6102294921875] [12.469483375549316:138.05851745605469] [1.7082053422927856:121.46234130859375] [-189.85000610351562:194.81700134277344] [0.10736771672964096:1.218363881111145] [0:356.45001220703125] [0:356.45001220703125] [0:365.29998779296875] [0:381] [0:365.29998779296875] [0:290.17498779296875] [0:278.10000610351562] [0:278.10000610351562] [0:278.10000610351562] [0:243] [0:332.39999389648438] [0:290.17498779296875] [0:290.17498779296875] [0.05000000074505806:346.1875] [2.1533334255218506:168.6865234375] [4.029017448425293:162.93840026855469] [5.8543858528137207:152.09152221679688] [0.20536547899246216:115.32002258300781] [-292.04998779296875:293.95001220703125] [0.031773749738931656:2.3439967632293701] [0.10000000149011612:134.05000305175781] [0.10000000149011612:134.05000305175781] [0:87.949996948242188] [0:117.5] [0:87.949996948242188] [0:111.77500152587891] [0.13300000131130219:111.77500152587891] [0:111.77500152587891] [0:111.77500152587891] [0:111.77500152587891] [0:111.77500152587891] [0:111.77500152587891] [0:77.775001525878906] [0.625:82.191665649414062] [1.1104166507720947:46.734199523925781] [2.1477499008178711:30.79144287109375] [2.3859126567840576:28.954442977905273] [0.19517399370670319:36.112529754638672] [-113.15000152587891:120.69999694824219] [0.020118318498134613:1.3070055246353149] [8.3999996185302734:329.70001220703125] [8.3999996185302734:329.70001220703125] [17.399999618530273:240.68333435058594] [-217.19999694824219:842.20001220703125] [-133.73750305175781:359.81915283203125] [-84.391769409179688:158.52284240722656] [0.027713626623153687:4.3293247222900391] [0.23743107914924622:2.7689881324768066] [-0.94959044456481934:9.4842338562011719] [8.5:1382.0999755859375] [8.5:1382.0999755859375] [17.475000381469727:934.27081298828125] [-1297.0999755859375:1187.800048828125] [-832.35418701171875:563.1400146484375] [-396.5958251953125:286.20062255859375] [0:6.4812312126159668] [0.11355236917734146:5.480076789855957] [-0.96573144197463989:10.102498054504395] [3:155.60000610351562] [3.4000000953674316:155.60000610351562] [10.158333778381348:115.44166564941406] [-112.30000305175781:210.85000610351562] [-84.77825927734375:74.096649169921875] [-45.257625579833984:61.485809326171875] [0.093774072825908661:3.9374930858612061] [0.094546094536781311:3.3773431777954102] [-0.82524269819259644:14.246622085571289] [0:331] [0:331] [21.458333969116211:168.125] [-293.17498779296875:106.15000152587891] [-177.6416015625:3.3677084445953369] [-116.33369445800781:-17.580375671386719] [0:8.5568656921386719] [0:3.1383218765258789] [-0.96180200576782227:3.5899999141693115] [6.0999999046325684:221] [6.0999999046325684:179.30000305175781] [12.945833206176758:114.77083587646484] [-213.39999389648438:86.800003051757812] [-117.36666870117188:17.5609130859375] [-61.157756805419922:11.410414695739746] [0.030112545937299728:7.8896450996398926] [0.24579976499080658:3.104114294052124] [-0.95496475696563721:2.952380895614624] [0:21.100000381469727] [0.20000000298023224:39.599998474121094] [-1:1] [-1:1] [0:620.1500244140625] [0:6.431572437286377] [0:394.89999389648438] [0:56] [0:4.0430512428283691] [0:50] [0:3477.330078125] [0:8.1543073654174805] [0:3477.330078125] [0:350] [0:5.8607864379882812] [0:350] [0:6725.64013671875] [0:8.8138313293457031] [0:5832.43994140625] [0:847] [0:6.7428808212280273] [0:768] [0:2529.72998046875] [0:7.8362631797790527] [0:2529.72998046875] [0:221.27999877929688] [0:5.403937816619873] [0:221.27999877929688] [0:3988.5400390625] [0:8.2914314270019531] [0:3988.5400390625] [0:352.51998901367188] [0:5.8679399490356445] [0:352.51998901367188] [0:1] [0:202.73199462890625] [1:167] [0:1] [6:677.88800048828125] [0.086830683052539825:13.332907676696777] [6.0999999046325684:1419.300048828125] [0.040009833872318268:25.797763824462891] [2:302.07598876953125] [0.048111617565155029:17.596612930297852] [0:329] [0:6.4564003944396973] [1.8055000305175781:212.60000610351562] [0.018654225394129753:5.2040815353393555] [6.3000001907348633:44.700000762939453] [5:100] [0:9.6000003814697266] [0:100] [968.9000244140625:1000.0999755859375] [0:23.200000762939453] [1:360] [0.20000000298023224:38.900001525878906] [10:5315] [-1:1] [-1:1] [0:22] [-1:1] [-1:1] [-0.99999940395355225:0.99998557567596436] [-0.99997919797897339:0.99999076128005981] [1:12] [0:1]
tree_sizes=7006 7194 7192 7158 7185 7191 7124 7159 7150 7193 7197 7205 7128 7206 7185 7200 7190 7204 7217 7235 7235 7203 7164 7215 7265 7183 7173 7211 7186 7227 7254 7231 3738 3742 3717 3747 3713 3709 3759 3720 3757 3713 3726 3729 3753 3753 3720 3723 3737 3755 3750 3757 3727 3728 3734 3755 3743 3739 3757 3749 3775 3744 3727 3744 3739 3754 3764 3792 3745 3777 3765 3745 3752 3738 3760 3793 3739 3770 3777 3772 3771 3745 3772 3755 3773 3761 3738 3722 3774 3784 3747 3745 3800 3778 3797 3754 3753 3775 3790 3748 3783 3788 3756 3795 3763 3769 3787 3785 3786 3797 3756 3775 3821 3823 3780 3782 3780 3770 3778 3743 3791 3772 3771 3781

Tree=0
num_leaves=80
num_cat=0
split_feature=96 96 204 132 142 77 35 86 94 96 96 35 86 94 207 80 35 90 209 80 85 56 57 48 92 75 194 62 96 30 51 94 80 86 76 96 35 204 29 96 47 114 193 85 90 96 34 85 88 35 90 82 94 207 94 207 57 96 42 193 85 207 194 80 93 194 96 92 194 85 200 32 206 94 86 96 80 68 85
split_gain=1.75561e+07 4.59356e+06 4.04151e+06 5.45206e+06 4.67604e+06 5.91042e+06 4.44334e+06 2.54461e+06 2.38846e+06 1.94704e+06 1.87801e+06 2.73458e+06 3.06151e+06 1.84646e+06 1.53364e+06 999795 956118 933563 916460 898096 883864 853556 939501 745412 781842 632406 589265 566786 535672 1.21004e+06 520364 367652 360092 350841 351172 338144 310339 746758 281003 275020 232590 223744 206967 310712 206862 205532 197615 196628 195746 228160 167312 124993 123020 121289 117897 115208 114923 109275 101919 100697 95285.2 255257 238078 91231.4 87403 358478 81855.7 103298 513753 79162.9 76739.8 69681.4 69428.9 65939.5 65499.6 61976.2 61904.7 61253.1 60148.9
threshold=14.551137924194338 40.390100479125984 10.500000000000002 -124.44892120361327 0.60601139068603527 27.618434906005863 324.40005493164068 10.454999923706056 23.988020896911625 9.2945833206176776 19.927397727966312 287.79019165039068 10.236499786376955 14.513813495635988 0.64579916000366222 42.562500000000007 151.32827758789065 10.477499961853029 10.500000000000002 18.755999565124515 12.506000041961672 64.869487762451186 23.13537693023682 29.878999710083011 11.402499675750734 41.392045974731452 51.500000000000007 26.577500343322757 23.04102993011475 162.50599670410159 29.307499885559086 13.354000091552736 22.833999633789066 11.302500247955324 58.066104888916023 5.1829547882080087 144.99942779541018 8.0000000000000018 220.59400177001956 24.732159614562992 27.427499771118168 164.67273712158206 7.9500000476837167 10.308000087738039 5.5824999809265146 17.752361297607425 382.60417175292974 11.402499675750734 8.7824997901916522 182.29873657226565 47.858499526977546 21.01249980926514 28.365287780761722 0.86975130438804638 18.428458213806156 0.9996619224548341 28.956272125244144 9.2945833206176776 79.480998992919936 5.0499999523162851 7.7014999389648446 -0.27694603800773615 66.500000000000014 30.628999710083011 7.7524166107177743 86.500000000000014 12.608902454376222 5.8010001182556161 87.500000000000014 18.852499961853031 5.8500001430511483 159.04499816894534 -0.25000000000000006 30.302958488464359 11.812500000000002 18.978005409240726 10.601500034332277 10.671000003814699 24.255000114440922
decision_type=10 10 2 10 2 8 8 8 10 8 10 8 10 10 2 2 10 8 2 2 10 10 10 8 8 10 10 10 10 8 10 10 2 8 10 10 8 2 8 10 10 10 8 10 10 10 8 8 8 8 8 8 10 2 10 2 10 10 10 8 10 2 10 2 8 10 10 8 10 8 10 10 2 10 8 10 2 10 8
left_child=9 2 3 4 5 6 7 8 13 35 11 12 30 -2 33 36 -9 18 20 47 23 22 25 -6 -25 -16 52 -18 48 -30 -7 59 54 56 71 -1 37 -3 -31 69 -15 50 43 -33 -13 -22 -8 74 49 -19 -17 78 55 -40 -28 -5 -12 -44 -43 -11 61 -50 -63 -41 65 -59 -61 68 -68 -21 -54 -35 -52 -34 -4 -49 -37 -53 -38
right_child=1 15 19 26 17 10 46 16 -10 31 14 44 -14 40 21 41 27 28 -20 39 45 -23 -24 24 -26 -27 32 -29 29 38 -32 42 73 34 -36 76 51 -39 53 63 -42 58 57 -45 -46 -47 -48 75 60 -51 72 77 70 -55 -56 -57 -58 64 -60 66 -62 62 -64 -65 -66 -67 67 -69 -70 -71 -72 -73 -74 -75 -76 -77 -78 -79 -80
leaf_value=15.122817049547432 20.625078613740861 20.519120037816009 15.500790324679707 16.430922125898135 17.310077745986408 22.649579325586199 17.927721371133718 22.17130684391439 18.389444687098258 16.909879771845461 15.355893517626203 18.321689024695168 17.359675202366997 24.987255494530949 16.624562138112267 17.267924909085181 16.482757730987004 18.844602189089187 16.017711818467546 15.925940889764734 16.049132124244181 15.970195863803921 22.643839852881012 23.679206135238942 18.785111292759836 20.384883208873898 15.734592042886524 20.161668043667223 21.102215350148612 18.218346537195139 26.618547788944674 18.794193681973923 16.25170793884844 16.908696113559614 18.776151980898298 15.32666946893692 15.997518550483042 16.315119996929024 16.144158390447533 16.281810549939088 27.56634632387961 19.916469513196461 16.568043593422349 15.894303641830746 16.12527603355171 18.459747158553483 15.836999425593211 15.785546179602056 15.834216722354562 16.367411391727813 17.319026122209547 17.472464796906358 18.13680610645843 17.448865543048129 16.035233905142331 17.534351653087114 16.686985805791359 15.743492752193667 18.523804579642814 15.528092081787204 15.98901274786725 16.04495818615279 18.506736343325166 16.62088094018802 15.757005530980363 17.848219280373264 15.607364782080708 15.641044575243644 18.789275352135835 16.160202630626159 16.942197558587846 15.809000910279112 18.265278647325356 16.640076204073814 15.756040118085414 15.957657196813782 15.497785553397616 16.765541150569369 16.745000397365125
leaf_weight=36687 232 269 9211 4821 221 268 250 372 225 200 1771 200 385 202 368 925 306 203 650 9144 334 350 243 268 212 286 9961 297 254 368 228 209 6146 353 261 60250 955 349 1367 7013 496 319 658 363 667 205 463 16169 784 391 313 688 228 315 8882 366 268 1343 496 51398 6287 241 342 4828 24648 371 935 14640 226 12022 1303 501 3135 2118 5962 14099 8720 1249 652
leaf_count=36687 232 269 9211 4821 221 268 250 372 225 200 1771 200 385 202 368 925 306 203 650 9144 334 350 243 268 212 286 9961 297 254 368 228 209 6146 353 261 60250 955 349 1367 7013 496 319 658 363 667 205 463 16169 784 391 313 688 228 315 8882 366 268 1343 496 51398 6287 241 342 4828 24648 371 935 14640 226 12022 1303 501 3135 2118 5962 14099 8720 1249 652
internal_value=15.8093 16.3172 16.2272 16.6203 17.3689 18.4113 20.6732 22.045 23.9508 15.4472 17.3649 19.0282 21.3805 25.2921 16.7037 17.6028 19.7814 16.6154 17.8432 15.9504 18.7991 18.4841 19.4637 20.2025 21.5283 18.2735 16.1458 18.299 16.3954 17.204 24.4921 15.6443 16.0211 15.9992 16.8544 15.27 16.9097 18.1497 16.7187 16.1886 26.8342 18.1585 15.8288 16.9572 16.6343 16.9692 16.572 15.7774 16.1693 17.2177 17.9873 16.6928 16.6488 16.3893 15.8763 16.5091 15.5312 15.8049 19.0733 15.5688 16.0878 16.5416 17.4912 16.4201 15.7858 16.2 15.5648 15.6843 16.2288 16.059 17.1215 16.2643 18.1798 16.3513 15.6011 15.8657 15.3483 17.0174 16.3012
internal_weight=343705 143057 133707 55259 21434 8992 2843 2130 1155 200648 6149 1748 881 930 4401 9350 975 12442 1890 78448 1240 1247 897 701 480 654 33825 603 10552 2304 496 94991 27107 3154 1115 105657 4162 618 2050 33007 698 5188 27592 572 867 539 713 45441 8248 594 4373 3544 6718 1682 18843 5187 2039 27020 815 67399 7654 1367 583 11841 26362 1714 67199 15801 1161 21166 1531 854 3448 8264 15173 30268 68970 1937 1607
internal_count=343705 143057 133707 55259 21434 8992 2843 2130 1155 200648 6149 1748 881 930 4401 9350 975 12442 1890 78448 1240 1247 897 701 480 654 33825 603 10552 2304 496 94991 27107 3154 1115 105657 4162 618 2050 33007 698 5188 27592 572 867 539 713 45441 8248 594 4373 3544 6718 1682 18843 5187 2039 27020 815 67399 7654 1367 583 11841 26362 1714 67199 15801 1161 21166 1531 854 3448 8264 15173 30268 68970 1937 1607
is_linear=0
shrinkage=1


Tree=1
num_leaves=80
num_cat=0
split_feature=96 96 97 205 97 101 36 96 93 95 81 97 97 204 94 36 94 94 95 60 205 139 90 94 77 166 114 197 96 96 92 82 94 81 193 59 194 94 194 86 95 94 26 81 35 196 203 19 68 10 95 90 57 193 194 56 81 9 79 181 193 89 36 16 205 194 11 146 94 56 94 92 96 96 92 205 42 22 94
split_gain=1.55436e+07 4.14153e+06 4.25536e+06 1.55415e+07 3.60449e+07 6.58878e+06 3.02502e+06 1.71774e+06 1.08537e+06 1.06893e+06 985415 981013 759415 1.30034e+06 1.76775e+06 429727 386424 340734 288469 234129 232109 226438 316014 369274 708324 210298 209876 192659 185794 179112 305240 170336 155477 145685 138104 130308 124312 118592 117447 95484.6 81391.5 78968 78851.4 76135.2 65828.7 64156.1 63841.4 62203.9 81938.9 151356 60879.3 60347.1 60753.9 106122 58693.4 57562 56612.3 56203.1 52916.4 52730.2 50418.4 84732 48889.6 46631.9 45837.4 101426 45068.5 66312 42936.2 42519.1 39548.1 37051.8 36706.8 36680.1 36652.1 34873.8 33955 32068 31742.6
threshold=14.551137924194338 40.390100479125984 36.21507644653321 0.93301269412040722 54.202339172363288 22.150000572204593 331.44911193847662 8.3077626228332537 23.065333366394047 21.624119758605961 42.562500000000007 63.294715881347663 36.21507644653321 10.500000000000002 17.343852043151859 123.06286239624025 44.443561553955085 30.302958488464359 12.326422214508058 39.902500152587898 0.93301269412040722 -2.4585000276565547 10.882500171661379 10.071020603179933 29.900869369506839 23.500000000000004 161.01001739501956 990.95001220703136 5.0695102214813241 18.312257766723636 10.508500099182131 4.0009999275207528 36.957334518432624 16.008500099182132 5.0499999523162851 0.1456849277019501 50.500000000000007 15.452107906341555 50.500000000000007 29.088999748229984 34.328315734863288 27.261770248413089 124.02500152587892 20.928999900817875 301.79379272460943 25.500000000000004 0.90992662310600292 0.41304479539394384 36.153501510620124 98.366500854492202 9.2666573524475115 27.005999565124515 30.229197502136234 28.050000190734867 29.500000000000004 16.895620346069339 9.7034997940063494 21.394000053405765 1.2409538030624392 43.000000000000007 16.250000000000004 9.5274996757507342 268.92478942871099 61.693590164184577 0.37940952181816107 52.500000000000007 90.034999847412124 24.050000190734867 15.543064117431642 36.889263153076179 16.965405464172367 28.616499900817875 18.978005409240726 24.248289108276371 11.480000019073488 1.0000000180025095e-35 9.6510000228881854 132.01249694824222 7.116035223007203
decision_type=10 10 2 2 2 10 8 8 8 10 2 2 2 2 8 8 10 10 10 8 2 8 10 10 8 10 10 10 10 10 8 10 8 2 8 10 8 8 10 8 10 10 8 2 10 8 8 10 10 10 10 8 10 8 8 8 2 8 8 2 10 8 8 8 2 8 10 10 10 10 10 10 10 10 10 2 10 10 8
left_child=7 2 9 32 5 6 8 28 31 20 15 -6 18 14 -14 -3 58 43 34 -18 37 38 23 24 -23 -16 35 -28 -1 39 -31 -5 54 46 -9 -12 -24 -2 -22 60 69 70 -32 64 -29 59 -17 -38 -49 57 -36 -35 -53 -54 -4 -34 -56 -50 74 -37 -25 -62 -47 -61 -11 76 67 -67 -40 71 -20 -19 -39 -45 -13 -58 -66 -42 -30
right_child=1 10 3 4 11 -7 -8 12 -10 17 26 16 13 -15 25 33 19 40 41 -21 21 22 36 29 -26 -27 27 44 78 30 42 -33 55 51 50 45 47 72 68 -41 77 -43 -44 73 -46 62 -48 48 49 -51 -52 52 53 -55 56 -57 75 -59 -60 63 61 -63 -64 -65 65 66 -68 -69 -70 -71 -72 -73 -74 -75 -76 -77 -78 -79 -80
leaf_value=-0.6472942877085367 -0.092987930726133566 2.9383729563748582 0.72745711007066383 9.7007566289404572 3.6325764810803687 0.17665516161113634 3.3514827943732293 0.95608569320507075 6.8981848185265076 0.20214500294787299 2.3611185144381825 -0.46008674235410069 7.5558381889944206 -0.31583274367564129 2.2197985931640041 0.17905465098837323 0.41574634886367923 0.70187228111066646 -0.10616947756148558 2.5489949228520783 0.68470873094756113 4.3862471866096762 0.7818493142839108 -0.0985570141092727 0.066567167757607223 -0.38652090264475619 4.4439980220794677 3.2084113137440013 -0.50816641078636138 2.615722777579756 1.4118664814807749 11.673274152267068 1.1697271672945755 0.59382393239043285 -0.35387314607660125 2.5543123748648253 0.013722532562227201 0.052246701716068843 -0.17867317178327338 1.5767362790460238 0.71968180611326882 0.79223334933125122 0.28870385857585917 0.38739204272591837 1.971013971567154 1.6758846772427254 1.3312959211897939 0.16277484833859485 1.2610707671701344 2.0192460178914677 -0.23948826304157708 1.0656910266232664 2.6692680342944168 0.85614500126991222 -0.37398722503860771 0.22272317981120637 -0.17325962986203769 0.16173416635047211 0.62577748162285329 2.4209576341672374 1.5308819793560857 0.24758783586546976 0.71950681868591693 1.369826218155078 1.6392969340708718 0.37692982399547131 0.10556464487374424 1.4356925180244755 0.085938587183205281 0.56626695594506904 0.055038329880071381 1.1848511089400913 0.194334706071038 0.55084407163288462 0.043181226793366639 0.24361294895690222 0.77684265845668921 1.1672723474705813 -0.41238854754824883
leaf_weight=35354 17385 375 229 216 284 260 208 327 217 8271 2416 2469 218 953 231 1251 527 1559 29388 285 889 279 1281 1044 267 214 263 278 30220 378 323 1611 259 614 25213 392 5334 16978 4161 200 776 380 739 9172 368 469 200 3528 211 258 49956 1234 263 210 5136 2085 2928 798 211 219 220 1148 330 518 200 2757 2301 230 4700 4211 6733 910 10652 10756 660 958 936 2315 21261
leaf_count=35354 17385 375 229 216 284 260 208 327 217 8271 2416 2469 218 953 231 1251 527 1559 29388 285 889 279 1281 1044 267 214 263 278 30220 378 323 1611 259 614 25213 392 5334 16978 4161 200 776 380 739 9172 368 469 200 3528 211 258 49956 1234 263 210 5136 2085 2928 798 211 219 220 1148 330 518 200 2757 2301 230 4700 4211 6733 910 10652 10756 660 958 936 2315 21261
internal_value=0.000538861 0.478169 0.39258 1.23611 3.47983 9.22115 10.2648 -0.340466 10.9664 0.256754 1.69545 0.227317 -0.186909 1.10409 3.1425 1.00368 -0.00642428 0.48755 -0.205547 1.1667 0.111978 0.255617 0.394447 0.814344 2.27786 0.968366 2.24128 3.07216 -0.541372 0.616625 1.15367 11.4455 -0.10857 0.81061 -0.272502 2.06675 0.22518 0.0297818 0.0276639 0.32022 0.800454 -0.0670579 0.631313 0.399224 2.50765 1.69685 0.338682 0.154709 0.311507 0.725203 -0.277859 1.10537 1.28891 1.86779 -0.219164 0.327816 -0.24327 0.392646 -0.291891 1.98885 0.215421 0.454933 1.28228 1.68503 0.295575 0.415818 0.305205 0.458908 -0.0383255 0.682448 -0.0761194 0.880292 0.10703 0.475637 -0.353953 -0.0704535 0.929991 1.05517 -0.46862
internal_weight=343558 143110 133710 18543 6948 2512 2252 200448 2044 115167 9400 4436 113613 1616 663 4147 4152 44394 111997 812 70773 25758 16008 4598 546 445 5253 909 86835 4052 1440 1827 11595 3772 75496 4344 11410 45015 9750 2612 9771 36501 1062 34623 646 1928 1451 10129 4795 1267 75169 2321 1707 473 9251 2344 9022 1009 3340 1129 2412 1368 799 737 14695 6424 5288 2987 8861 6680 36121 2469 27630 19928 3129 3886 1136 3091 51481
internal_count=343558 143110 133710 18543 6948 2512 2252 200448 2044 115167 9400 4436 113613 1616 663 4147 4152 44394 111997 812 70773 25758 16008 4598 546 445 5253 909 86835 4052 1440 1827 11595 3772 75496 4344 11410 45015 9750 2612 9771 36501 1062 34623 646 1928 1451 10129 4795 1267 75169 2321 1707 473 9251 2344 9022 1009 3340 1129 2412 1368 799 737 14695 6424 5288 2987 8861 6680 36121 2469 27630 19928 3129 3886 1136 3091 51481
is_linear=0
shrinkage=0.06


Tree=2
num_leaves=80
num_cat=0
split_feature=96 96 97 204 97 100 97 96 93 32 94 80 97 194 36 94 164 94 96 60 96 50 94 114 80 59 197 82 204 132 207 90 36 93 85 96 207 207 194 94 181 204 63 84 97 200 86 113 85 194 94 80 56 80 86 123 97 106 94 94 55 201 208 17 207 204 56 189 194 204 123 114 96 193 97 194 201 193 204
split_gain=1.38809e+07 3.7238e+06 3.99067e+06 1.43221e+07 3.18926e+07 5.08511e+06 2.36751e+06 1.47879e+06 1.29241e+06 991684 966930 789257 549715 1.00994e+06 416374 372362 331705 286271 268813 250396 221142 208652 173657 169664 145322 136444 135734 131995 125065 177308 351816 719760 170605 201723 165823 95531.2 87662.4 85173.1 80504.8 70122.7 68989.3 68351.8 64920.9 61397.4 59913.8 59641.9 58965.2 58495.7 55828.3 218401 55153.3 53728.4 50676.9 49046.2 46265 45501.1 44669.3 44659.5 44296.8 43076.5 41678.5 39728.9 53701.8 48713.7 39556.8 61096.7 38428.5 38045.9 37839.2 49013.1 41543.7 40113.6 37445.8 36304.6 36135.9 35929.4 35174.7 35173.6 34959.2
threshold=14.464246273040773 40.390100479125984 36.21507644653321 8.0000000000000018 48.168771743774421 27.150000572204593 63.294715881347663 9.3664197921752947 24.247550010681156 120.73600006103517 21.350853919982914 42.562500000000007 40.950769424438484 89.500000000000014 123.06286239624025 44.443561553955085 69.500000000000014 30.783332824707035 5.2934453487396249 39.902500152587898 17.880798339843754 47.812500000000007 12.061291217803957 161.01001739501956 14.407499790191652 0.1456849277019501 990.95001220703136 19.102499961853031 8.0000000000000018 -97.997333526611314 0.5986820161342622 12.308000087738039 160.30117034912112 12.304583549499513 5.0209999084472665 24.248289108276371 0.94978111982345592 0.99274429678916942 53.500000000000007 21.350853919982914 43.000000000000007 10.500000000000002 51.042499542236335 7.305000066757203 42.884325027465827 19.94999980926514 27.202500343322757 218.36955261230472 49.913999557495124 84.500000000000014 7.4329395294189462 17.258500099182132 16.895620346069339 62.957500457763679 11.502500057220461 42.703346252441413 4.195552110671998 1.3940123915672304 42.197711944580085 14.111770629882814 35.86015701293946 97.500000000000014 0.18281312286853793 53.589725494384773 0.89787620306015026 10.500000000000002 83.837211608886733 161.25859069824222 74.500000000000014 10.500000000000002 3.8794074058532719 -75.64986419677733 9.4321970939636248 21.750000000000004 12.729717731475832 63.500000000000007 102.50000000000001 21.050000190734867 17.000000000000004
decision_type=10 10 2 2 2 10 2 8 8 8 8 2 2 10 8 10 2 10 10 8 10 10 8 10 2 10 10 8 2 10 2 8 8 10 10 10 2 2 10 10 2 2 10 10 2 8 8 10 8 10 8 2 10 2 10 8 2 8 10 10 10 8 2 8 2 2 10 8 8 2 8 10 10 10 2 10 10 10 2
left_child=7 2 10 4 5 8 9 18 16 -6 20 14 22 41 -3 36 44 35 -1 -17 48 -11 56 25 37 67 -25 42 29 30 32 -32 33 -22 -33 61 -8 54 76 68 53 -14 -16 -29 -4 58 -45 -28 59 -50 -20 -30 -26 -27 -5 -42 -9 -36 64 -2 -48 62 63 -12 66 75 -19 -13 69 70 71 -24 -41 -68 -67 -66 -31 -65 -44
right_child=1 11 3 24 6 -7 15 12 -10 21 17 23 13 -15 27 19 -18 45 50 -21 28 -23 39 26 52 40 47 43 51 38 31 34 -34 -35 57 -37 -38 -39 -40 72 55 -43 78 46 -46 -47 60 -49 49 -51 -52 -53 -54 -55 -56 -57 -58 -59 -60 -61 -62 -63 -64 77 65 74 73 -69 -70 -71 -72 -73 -74 -75 -76 -77 -78 -79 -80
leaf_value=-0.60384910116280044 -0.10475874538360282 2.9224354934790902 10.133659724670121 -0.34902023403995669 7.4488586247145232 0.15443143135955181 -0.3672777281913529 -0.27096945775810444 5.5755361819093663 3.600939928061508 0.45600481039019047 2.1597366457300788 0.93254950018055671 3.6410956170900843 0.10426792141642362 0.37795840015136539 8.2957394951652574 0.5901264303332806 -0.45846578704771895 2.59221589807987 2.5684149548156179 0.91828848331432622 0.9648729081706392 4.024124607983314 1.1251812611953311 1.6760221182897865 2.9157657085814646 1.9355214827340026 0.031212263530141501 0.90833258628451352 3.5696647767730227 2.2708824068540476 0.049885631222528773 0.38998178544604234 0.28302131127183155 0.50113469272588795 0.8975340796251432 0.97016919183585693 0.10116817141367879 0.94384659458356701 1.5302135255632816 -0.25777809113144873 1.5067613435853018 0.52314386462078821 11.192924164036585 0.46213824050438962 0.51809519858110564 1.7746809204394305 0.024544846515300107 1.5823752831234597 -0.35095379456608433 0.23197516682255956 0.17047812479472965 2.7975064198266377 -0.012620404250179375 0.74436164061332999 -0.14164531110418782 1.2340246911703627 1.1789402952024688 0.032572209226432988 1.3823625313748449 0.23637315140142318 0.30171195515312632 1.6643494571612347 1.6026390961464791 0.91719173172972535 0.76016107672719446 3.0372799334508267 -0.14471500766863701 -0.080990207803029804 0.068933221608061687 0.057328262865705075 0.18062965443268511 1.7592171735609474 0.15421111344583666 0.83340614700195736 0.30114834194941448 0.77195232191293972 0.45770366022984182
leaf_weight=38296 12786 362 394 6138 200 202 3043 38899 205 217 1712 2222 225 386 1062 526 210 3556 34882 282 226 202 403 252 213 414 349 270 11440 680 390 204 2783 471 1108 13981 210 204 7247 275 908 749 218 693 1227 1981 252 315 1914 389 33897 8266 3108 219 1936 379 12777 211 1134 23034 1022 13439 5638 223 625 669 368 200 20185 13207 3519 310 1438 205 336 342 696 563 242
leaf_count=38296 12786 362 394 6138 200 202 3043 38899 205 217 1712 2222 225 386 1062 526 210 3556 34882 282 226 202 403 252 213 414 349 270 11440 680 390 204 2783 471 1108 13981 210 204 7247 275 908 749 218 693 1227 1981 252 315 1914 389 33897 8266 3108 219 1936 379 12777 211 1134 23034 1022 13439 5638 223 625 669 368 200 20185 13207 3519 310 1438 205 336 342 696 563 242
internal_value=-0.000244369 0.447536 0.367289 1.18552 3.34598 9.23538 0.528264 -0.324691 10.1358 3.98167 0.237358 1.60358 -0.14879 1.04815 0.981491 0.00102596 10.6431 0.456213 -0.476436 1.15301 0.100969 2.3129 -0.166687 2.09086 -0.103223 1.93332 2.8347 0.793846 0.212891 0.349895 0.619714 1.27312 0.260265 1.099 0.683081 0.378952 -0.285376 -0.237734 0.181093 -0.0716921 1.55379 0.0178694 0.362468 1.08705 10.9419 0.754218 0.969663 2.37792 0.00196413 0.288251 -0.405486 0.115433 0.23203 2.06782 -0.268369 1.29955 -0.238997 0.435973 0.834117 -0.0164498 1.21195 0.299756 0.40441 0.635987 0.769842 0.99118 0.663917 2.23342 -0.0887881 -0.0240502 0.153622 0.570921 0.303633 1.12003 0.662513 1.33173 0.601652 1.02693 0.957056
internal_weight=343961 144513 135134 18517 6918 2238 4680 199448 2036 619 116617 9379 92373 1360 4121 4061 1831 44772 107075 808 71845 419 91013 5258 11599 4342 916 3759 33722 14016 5393 1913 3480 697 1523 35556 3253 8278 8623 39337 1920 974 1522 2237 1621 9216 1967 664 38123 2303 68779 19706 3321 633 8074 1287 51676 1319 7235 35820 1274 21575 8136 2498 6101 1972 4129 2422 37624 17439 4232 713 1713 573 1005 967 1376 786 460
internal_count=343961 144513 135134 18517 6918 2238 4680 199448 2036 619 116617 9379 92373 1360 4121 4061 1831 44772 107075 808 71845 419 91013 5258 11599 4342 916 3759 33722 14016 5393 1913 3480 697 1523 35556 3253 8278 8623 39337 1920 974 1522 2237 1621 9216 1967 664 38123 2303 68779 19706 3321 633 8074 1287 51676 1319 7235 35820 1274 21575 8136 2498 6101 1972 4129 2422 37624 17439 4232 713 1713 573 1005 967 1376 786 460
is_linear=0
shrinkage=0.06


Tree=3
num_leaves=80
num_cat=0
split_feature=95 95 97 205 97 100 97 25 95 10 94 80 97 194 55 204 95 207 95 95 114 59 197 36 181 94 80 95 97 205 85 34 194 205 207 132 88 85 194 193 86 141 36 11 162 98 45 94 205 194 99 207 31 173 80 34 194 88 203 201 201 16 79 207 86 23 85 14 84 181 92 80 59 142 36 73 80 35 208
split_gain=1.22045e+07 3.2948e+06 3.33699e+06 1.24048e+07 2.74282e+07 4.52983e+06 2.30861e+06 1.35528e+06 1.12867e+06 1.0123e+06 866530 856601 847943 1.47903e+06 263184 259446 214436 205982 198523 181549 167224 168984 132738 131726 122535 121291 109792 106985 105141 103659 154184 247041 107538 96667.8 150332 243080 352426 101537 79554.7 77476.2 74405.4 119620 225356 253915 274387 70967.9 68662.8 67819.4 66391.2 175987 69781.5 60704.1 58709.5 88895.4 57154 55967.4 51159.1 49260.4 48076.5 47398.8 47093.7 55548.6 46722 45357.8 41436 39929.8 39211 37690.2 36825.2 34302.4 40888.6 33032.4 31919.5 31809.3 31350 78923.3 30966.3 30578.7 29996.2
threshold=13.968404769897463 39.422855377197273 36.21507644653321 0.93301269412040722 48.168771743774421 13.300000190734865 63.294715881347663 365.99499511718756 8.3748583793640154 40.986000061035163 22.986307144165043 42.562500000000007 40.950769424438484 91.500000000000014 25.322566032409672 10.500000000000002 18.315331459045414 0.97112539410591137 30.835494995117191 4.6374206542968759 161.01001739501956 0.16475552320480349 990.95001220703136 109.17042160034181 7.0000000000000009 35.29249572753907 11.254000186920168 11.274910926818849 63.294715881347663 0.93301269412040722 35.88750076293946 120.33929824829103 50.500000000000007 0.93301269412040722 0.5986820161342622 -124.44892120361327 12.50500011444092 7.3015000820159921 55.500000000000007 5.0499999523162851 9.5075001716613787 7.8066141605377206 294.44996643066412 66.044998168945327 4.863333225250245 5.0014998912811288 81.712497711181655 27.989417076110843 0.37940952181816107 52.500000000000007 0.3245361745357514 0.98667103052139293 182.03350067138675 34.454999923706062 16.008500099182132 360.02082824707037 92.500000000000014 9.9010000228881854 0.9238443672657014 47.500000000000007 62.500000000000007 68.205711364746108 0.39532402157783514 0.9990701973438264 25.258500099182132 214.01249694824222 4.6549999713897714 92.460937500000014 7.2049999237060556 55.000000000000007 31.758500099182132 10.601500034332277 0.43428461253643041 0.59151095151901256 182.22661590576175 66.847499847412124 12.202499866485597 68.407890319824233 0.48126256465911871
decision_type=10 10 2 2 2 10 2 8 8 10 8 2 2 10 10 2 10 2 10 10 10 10 10 8 2 10 2 8 2 2 8 8 8 2 2 10 8 10 10 8 10 8 8 8 2 2 10 10 2 8 2 2 10 2 2 10 8 8 10 10 8 10 8 2 8 10 8 10 10 2 8 2 10 2 8 8 2 10 2
left_child=8 2 10 26 5 7 9 14 19 -6 16 23 27 15 -5 -14 29 25 48 -1 21 58 -22 -3 -23 -8 51 76 47 -2 32 -32 -31 54 66 36 -36 -38 63 -21 41 -34 43 -43 -45 -27 -16 -25 50 59 -12 -4 53 64 -18 -24 62 -33 -13 67 61 -20 -26 -37 -30 -39 -35 -50 -49 -64 -71 -41 -63 -51 75 -68 -10 -28 -42
right_child=1 11 3 4 6 -7 17 -9 12 -11 18 20 13 -15 46 -17 33 -19 60 39 22 24 55 28 56 45 77 -29 52 30 31 57 40 34 35 38 37 65 -40 71 78 42 -44 44 -46 -47 -48 68 49 73 -52 -53 -54 -55 -56 -57 -58 -59 -60 -61 -62 72 69 -65 -66 -67 74 -69 -70 70 -72 -73 -74 -75 -76 -77 -78 -79 -80
leaf_value=-0.5822872299151941 -0.03016376108279813 1.9446909116216808 -0.31636377126274401 8.0823604018284261 6.5962950351768068 0.0028535545462428933 -0.41958192610518003 5.18332149004355 -0.27159530240949209 1.7177394097141858 0.42837911077037716 2.0410609940970903 1.8003452903591768 5.1052678695575366 10.509666689277962 -0.3677779459396634 0.025008515247855009 1.5202077008072754 1.9470606123097243 0.56021595696874915 3.8384517579617734 2.6756272738571125 2.7439520166983757 0.44890001380860445 1.9934665107452216 0.052973437238366262 0.82523294167176109 -0.12321234296179846 -0.035318507609215184 0.6284184394669855 2.7185803200778307 1.2128907848604242 -0.096339755238649363 -0.58529083336789567 2.8409923777526442 0.57133939626173569 1.8676575910838114 0.18500079018880841 0.1806935124068178 -0.42260531633093656 0.06566434654286489 0.21838483321537241 -0.0080050679478210155 4.0388012031365683 0.8979578243409938 1.236666767748871 9.1346964457275668 1.8276553425435047 0.92269360532559963 0.13907781312981518 0.17951170027463809 0.73207529683374772 0.07487017840977496 1.7151457096508145 0.2213269253503681 1.62475626665523 0.37422641815582536 0.14231502634299337 3.0169505033821897 0.83540954458771788 0.65884156250269499 0.66550650474344253 1.610752051770687 1.4956641531206363 0.87850177320370404 1.1207525558099836 0.2701529485532147 2.0543990133489878 1.0636638195057335 0.46387918703176684 1.2757500861170923 -0.26056626628290719 1.1976871677794205 0.43610295510495733 0.12090401835964223 1.4843407319573181 -0.15744362722910263 0.067006167595783275 -0.13061326637478424
leaf_weight=31245 32480 360 6663 241 269 201 2717 240 44248 356 9192 2287 276 292 1317 702 8571 262 203 297 252 247 342 629 346 660 200 43124 375 1305 205 203 1220 237 370 1444 215 667 3121 57469 8285 327 777 200 201 251 217 262 201 1571 7263 204 941 249 14156 316 211 642 202 2010 5191 947 534 220 340 217 1948 230 1797 331 696 4923 717 7501 5522 213 10612 4050 4235
leaf_count=31245 32480 360 6663 241 269 201 2717 240 44248 356 9192 2287 276 292 1317 702 8571 262 203 297 252 247 342 629 346 660 200 43124 375 1305 205 203 1220 237 370 1444 215 667 3121 57469 8285 327 777 200 201 251 217 262 201 1571 7263 204 941 249 14156 316 211 642 202 2010 5191 947 534 220 340 217 1948 230 1797 331 696 4923 717 7501 5522 213 10612 4050 4235
internal_value=0.000573382 0.405523 0.327822 1.09408 3.12672 8.59215 0.442932 9.44852 -0.315047 3.82465 0.215721 1.41938 -0.173959 1.36585 10.022 0.245299 0.114249 -0.101247 0.467698 -0.464123 1.91662 1.7759 2.66449 0.840449 1.41149 -0.218729 -0.136792 -0.193931 0.753494 0.03338 0.150642 0.855343 0.105884 0.223996 0.346964 0.566839 1.24172 0.701199 0.359434 -0.40522 0.061116 0.345179 0.702914 1.46065 2.47061 0.380105 10.3212 0.995146 0.395913 0.506447 0.31855 -0.285115 0.412174 0.741011 0.147294 2.20975 1.26287 0.400636 2.12144 0.958624 0.752053 1.01073 1.36095 0.694371 0.399845 0.415711 0.17329 1.52998 1.16172 1.21956 1.01479 -0.409824 0.895399 0.384688 0.196763 0.390461 -0.249517 0.102873 -0.00073341
internal_weight=343760 150572 139855 17848 6731 2216 4515 2015 193188 625 122007 10717 99254 1270 1775 978 86981 3890 35026 93934 5764 4854 910 4953 2365 3628 11117 97984 4593 50080 17600 1050 16550 36901 14174 6254 1469 1099 4785 62689 15245 2725 1505 728 401 911 1534 2688 27968 11513 16455 6867 1905 964 22727 658 2118 845 2489 2441 7058 1867 1907 1664 715 884 7920 431 2059 1561 1027 62392 1664 9072 7683 2161 54860 4250 12520
internal_count=343760 150572 139855 17848 6731 2216 4515 2015 193188 625 122007 10717 99254 1270 1775 978 86981 3890 35026 93934 5764 4854 910 4953 2365 3628 11117 97984 4593 50080 17600 1050 16550 36901 14174 6254 1469 1099 4785 62689 15245 2725 1505 728 401 911 1534 2688 27968 11513 16455 6867 1905 964 22727 658 2118 845 2489 2441 7058 1867 1907 1664 715 884 7920 431 2059 1561 1027 62392 1664 9072 7683 2161 54860 4250 12520
is_linear=0
shrinkage=0.06


Tree=4
num_leaves=80
num_cat=0
split_feature=96 96 97 205 97 93 97 96 97 36 94 80 97 204 97 36 94 96 144 36 95 95 95 95 193 114 197 45 82 205 207 132 90 85 82 36 207 206 205 85 87 86 193 164 157 68 201 208 205 14 99 207 207 164 94 80 83 80 193 207 201 193 33 87 22 79 93 85 207 201 181 94 208 197 80 74 93 32 86
split_gain=1.08792e+07 2.82565e+06 3.0978e+06 1.11039e+07 2.50602e+07 2.86117e+06 1.94956e+06 1.20898e+06 1.17073e+06 1.02947e+06 736763 602552 534356 928957 1.40638e+06 340790 281014 215175 207317 449098 203997 195133 186493 130393 129933 124204 127340 120028 117247 102348 169997 419374 666203 132576 102001 84030.5 76947.5 75931.3 70059.5 190205 247958 173175 73512.5 77758.5 91043.6 63557.9 62804.1 69200.9 66568.6 65831.6 64301.4 60053.6 57738.9 64783.3 57686.9 53717.1 53231.2 51481.9 50419.3 50040.4 49325.4 67283.7 48848.2 48815.3 79264.3 48431.7 46649.1 46049.7 42068.5 50906.7 40426 40055.6 39294.2 40536.2 38307.4 43034.8 43313.2 37786.8 31762.3
threshold=14.551137924194338 40.390100479125984 36.21507644653321 0.93301269412040722 48.168771743774421 30.080249786376957 63.294715881347663 8.3077626228332537 40.950769424438484 161.5507736206055 22.631583213806156 42.562500000000007 40.950769424438484 10.500000000000002 48.168771743774421 123.06286239624025 44.443561553955085 18.312257766723636 1.9473270773887636 240.78892517089847 12.326422214508058 25.296884536743168 30.835494995117191 4.8872821331024179 5.0499999523162851 175.01625061035159 991.54998779296886 30.002499580383304 19.300999641418461 0.93301269412040722 0.5986820161342622 -124.44892120361327 12.308000087738039 7.4574999809265146 12.301500320434572 386.57731628417974 0.98667103052139293 -0.25000000000000006 0.93301269412040722 49.913999557495124 11.903499603271486 62.496000289916999 16.650000572204593 223.50000000000003 76.909999847412124 9.921000003814699 122.50000000000001 0.20812153071165088 -0.68301269412040699 111.5483741760254 0.30107709765434271 0.94978111982345592 0.89017060399055492 15.500000000000002 27.261770248413089 18.755999565124515 28.202500343322757 10.601500034332277 21.750000000000004 -0.074117381125688539 192.50000000000003 21.849999427795414 216.74308013916018 53.112499237060554 96.291500091552749 0.57784107327461254 53.161666870117195 35.88750076293946 0.99168354272842418 107.50000000000001 7.0000000000000009 13.906270503997805 -0.43733099102973932 980.25000000000011 16.302499771118168 18.249697685241703 12.304583549499513 59.583499908447273 11.602499961853029
decision_type=10 10 2 2 2 8 2 8 2 8 8 2 2 2 2 8 10 10 8 8 10 10 8 8 8 10 10 8 8 2 2 10 8 10 8 8 2 2 2 8 8 8 10 2 10 10 8 2 2 10 2 2 2 2 10 2 8 2 10 2 8 10 10 8 10 10 10 8 2 10 2 10 2 8 2 8 8 10 10
left_child=7 2 10 34 5 8 9 23 -5 -6 17 15 20 14 -14 -3 51 38 -18 -20 24 -10 46 -1 -9 35 -27 -16 65 55 63 32 -32 -34 36 37 78 59 71 41 -41 42 -40 -44 -45 60 47 48 -12 -50 -48 -8 -33 -54 -22 -19 -24 -26 -51 -13 61 -30 -35 74 -65 -17 -39 -67 -55 -70 -68 -2 -58 -74 75 76 -31 -42 -4
right_child=1 11 3 4 6 -7 16 12 21 -11 22 25 13 -15 27 28 18 29 19 -21 54 -23 56 -25 57 26 -28 -29 45 30 31 52 33 62 -36 -37 -38 66 39 40 77 -43 43 44 -46 -47 50 -49 49 58 -52 -53 53 68 -56 -57 72 -59 -60 -61 -62 -63 -64 64 -66 67 70 -69 69 -71 -72 -73 73 -75 -76 -77 -78 -79 -80
leaf_value=-0.54552667444952685 -0.15065968709064148 2.6305330660541855 -0.32925164493231551 5.0323393967686867 6.773219068921529 1.779047241420485 -0.31059857929465245 0.95627180646835674 9.7607228924830736 1.6739423061996375 0.21605263034251998 1.9617306991670189 6.5288640787204111 -0.29369541707896291 -0.4281007205368263 -0.11011091242329432 0.025401492990496648 0.059758623584247099 3.9764886593462814 -0.0051861728517822205 -0.06389486234947292 7.756561554171439 0.47538893683555949 -0.39479982956142534 -0.26875113298357906 3.8114940605478149 2.006132407497057 1.6411800580238227 1.1329896605211733 1.1606664637241308 3.8950261596639169 0.0025259797308653043 2.1634037168662799 0.20856215245855192 0.14139264637373394 0.57976879082418775 0.90759181685459156 1.5622440021950996 -0.13553291943089762 2.8308818412774688 0.98180157914968591 1.7300520706724691 0.11199602726158044 1.8662915869130947 0.07326585328881291 0.75514106458772812 0.39120658304668615 0.36380813399391448 0.65767578134844229 2.0782148090879851 0.15034255880736624 0.75505148327936933 0.18050015527865571 0.48525418006410032 0.64168043669507402 0.24753953286979938 0.45614102742557266 -0.1636046244179247 0.93740069418546546 0.82717464666319107 0.83828069145825956 2.6469899217615573 1.2429914963313744 1.505443370153426 0.1054485798597838 0.23696471366703201 2.8087602698270762 1.0968974707072616 1.5302071345998989 0.3636249773741731 1.95371844659794 0.007497874095562379 1.6422685162365929 0.84026409359163345 0.2456262380618745 -0.11525273419473576 0.039414531623013317 -0.061628451024899715 -0.014356225088943915
leaf_weight=34113 8429 359 5530 244 233 223 3074 331 1511 367 965 204 224 877 202 623 393 13535 200 207 36347 226 2612 52457 49854 215 420 200 226 202 319 1513 202 670 4233 221 207 1134 5097 205 211 222 8013 201 206 1505 9208 8476 2836 217 7044 202 1587 1012 421 9220 937 25266 397 451 294 202 217 246 355 578 223 366 385 208 2373 18234 241 3970 3975 2965 319 304 1457
leaf_count=34113 8429 359 5530 244 233 223 3074 331 1511 367 965 204 224 877 202 623 393 13535 200 207 36347 226 2612 52457 49854 215 420 200 226 202 319 1513 202 670 4233 221 207 1134 5097 205 211 222 8013 201 206 1505 9208 8476 2836 217 7044 202 1587 1012 421 9220 937 25266 397 451 294 202 217 246 355 578 223 366 385 208 2373 18234 241 3970 3975 2965 319 304 1457
internal_value=-4.76123e-05 0.400377 0.329472 1.05435 2.95854 8.23147 0.471955 -0.285247 8.95655 3.66214 0.214024 1.40608 -0.15663 0.966824 2.73041 0.865939 0.00156696 0.109576 1.00899 1.95636 -0.171686 9.50458 0.434929 -0.4542 -0.228157 1.83385 2.62243 0.60291 0.698318 0.214698 0.34125 0.579845 1.48793 0.779898 -0.0922809 1.72459 -0.229777 1.78214 0.0151671 0.121511 1.07144 0.0716556 0.0442925 0.153152 0.961169 0.978035 0.365305 0.464216 0.656854 0.780053 0.286826 -0.24468 0.307837 0.452507 -0.0557987 0.135852 0.696324 -0.233389 1.34331 1.18298 1.44097 1.85205 0.462745 0.160286 0.68004 0.300418 1.88701 0.571179 0.721183 1.12232 2.02822 -0.0425044 0.808308 0.886543 0.118333 -0.0268459 0.475532 0.366948 -0.263598
internal_weight=342948 142656 133262 18307 6880 2204 4676 200292 1981 600 114955 9394 113722 1503 626 4153 4076 78052 800 407 112219 1737 36903 86570 75451 5241 635 402 3794 36930 14175 6113 1408 1089 11427 4606 7194 4385 41122 14459 720 13739 13517 8420 407 2227 29143 12891 4415 3450 16252 3276 4705 3192 36768 22755 7760 75120 614 655 722 428 887 8062 601 1567 3730 944 1605 593 2596 26663 5148 4211 7461 3486 521 515 6987
internal_count=342948 142656 133262 18307 6880 2204 4676 200292 1981 600 114955 9394 113722 1503 626 4153 4076 78052 800 407 112219 1737 36903 86570 75451 5241 635 402 3794 36930 14175 6113 1408 1089 11427 4606 7194 4385 41122 14459 720 13739 13517 8420 407 2227 29143 12891 4415 3450 16252 3276 4705 3192 36768 22755 7760 75120 614 655 722 428 887 8062 601 1567 3730 944 1605 593 2596 26663 5148 4211 7461 3486 521 515 6987
is_linear=0
shrinkage=0.06


Tree=5
num_leaves=80
num_cat=0
split_feature=96 97 205 97 184 36 94 96 96 93 94 97 97 204 97 94 96 194 114 96 209 82 71 198 94 80 205 209 132 90 173 94 207 80 194 205 86 89 140 94 33 96 86 197 10 88 36 36 145 194 94 74 207 194 56 205 194 94 96 194 207 105 80 94 105 193 65 193 97 8 68 198 80 84 76 193 207 197 86
split_gain=9.63195e+06 2.60866e+06 9.98965e+06 2.24988e+07 4.7491e+06 3.36651e+06 3.17901e+06 1.08349e+06 703975 701685 656455 839791 602822 1.00304e+06 1.50048e+06 273825 228714 205385 189651 185067 163922 147530 162712 140251 119881 107708 107604 195506 251533 371362 356114 142181 98680.3 88790.2 86837.9 84239.9 135007 167268 98534.7 220461 420017 81287.8 75692.7 74325.7 69621.7 69235.2 146204 73639 138678 68625.1 68168.6 67814.4 65736.9 59316.8 74036.6 66494.2 57456 57093.9 55712.7 53488.8 52832 46913.1 46311.6 44512.5 42464 42048.1 41679.6 39683.5 39122.7 51816.7 111706 38940.8 38845 35167.2 33630 33365.8 32054.7 39853.8 31371.9
threshold=14.551137924194338 36.21507644653321 0.93301269412040722 54.202339172363288 0.2460705563426018 382.81842041015631 42.197711944580085 9.2945833206176776 19.517843246459964 24.887084007263187 33.252143859863288 75.481174468994155 40.950769424438484 10.500000000000002 48.168771743774421 28.365287780761722 46.914346694946296 34.500000000000007 175.01625061035159 5.4026846885681161 9.5000000000000018 14.982500076293947 34.384000778198249 7.3500001430511483 12.061291217803957 13.927500247955324 0.37940952181816107 4.5000000000000009 -95.46584320068358 12.108500003814699 7.805000066757203 13.906270503997805 0.95752912759780895 17.100999832153324 51.500000000000007 0.93301269412040722 49.601499557495124 11.701499938964846 -2.506130456924438 9.991244316101076 152.38892364501956 30.294282913208011 7.0525000095367441 991.75000000000011 70.012500762939467 10.386499881744387 137.325553894043 303.23957824707037 6.5499999523162851 48.500000000000007 18.028547286987308 86.839828491210952 0.92922380566596996 77.500000000000014 103.80358123779298 -0.37940952181816096 50.500000000000007 15.452107906341555 54.606544494628913 56.500000000000007 0.9470459818840028 2.1139771938323979 18.612500190734867 27.261770248413089 28.51051235198975 5.0499999523162851 3.8099999427795415 5.9500000476837167 4.6888568401336679 18.943499565124515 27.115000724792484 8.7500000000000018 9.927500247955324 16.107999801635746 31.792515754699711 20.250000000000004 0.89787620306015026 981.54998779296886 11.502500057220461
decision_type=10 2 2 2 10 8 10 8 10 8 10 2 2 2 2 10 10 8 10 10 2 8 10 10 10 2 2 2 10 8 2 8 2 2 10 2 8 10 8 10 8 10 10 10 8 8 8 8 8 8 8 10 2 8 10 2 8 8 10 10 2 10 2 10 10 8 10 8 2 8 10 10 2 10 10 10 2 10 10
left_child=7 6 17 4 5 9 8 19 35 20 32 -12 24 14 -14 26 -8 23 58 -1 42 73 52 -3 67 78 33 28 29 30 -28 -31 66 -10 71 57 38 -38 59 40 -40 -17 44 -20 -4 46 -41 48 -48 74 -29 -52 -23 54 55 -43 -47 -2 64 -37 -25 -27 -26 -64 -18 -21 -5 -9 -69 70 -70 75 -67 -13 -33 -30 -57 -78 -19
right_child=1 2 3 10 -6 -7 16 12 15 -11 11 21 13 -15 -16 41 18 25 43 65 -22 22 -24 60 62 61 27 50 34 31 -32 49 -34 -35 -36 36 37 -39 39 45 -42 53 -44 -45 -46 56 47 -49 -50 -51 51 -53 -54 -55 -56 76 -58 -59 -60 -61 -62 -63 63 -65 -66 72 -68 68 69 -71 -72 -73 -74 -75 -76 -77 77 -79 -80
leaf_value=-0.50158061266824339 -0.098418326737291409 2.1018144036213986 7.9018427402872433 0.48860443899089973 0.045729056229522703 0.96488065043730398 1.0850854239871486 0.43855350477620958 0.061844988767354891 5.3748340046855638 3.7370870545512518 -0.21382332865533948 6.9024774922457484 -0.26095842878440756 0.67384824419778488 0.45850936211273341 1.5803497113403884 -0.30721325764308932 3.9129238930601034 0.3103962032708617 7.6028294076710718 0.31939302789540591 2.2720354556518876 1.0175801429951039 -0.089953229759622111 0.085407879623319694 0.84718793613518151 -0.03860422324309716 1.6490339958133982 2.1823552058697824 4.2555236534909762 1.7640535165354756 1.0446259788034566 0.28273509489165266 0.27140219683276162 0.36314320697760039 2.0133689744294481 -0.07307620275090998 3.1111013436915953 1.9382606573204031 0.16072061004866825 0.57069203669310153 9.6789574757847223 2.2821349901128039 9.277906085682563 0.53475308384203046 2.010697571683675 -0.14827511788523087 0.26217876775087878 0.30551663129306783 0.27570002648786091 1.3364429311422557 1.4886197940418495 0.41483704966372326 1.9949085156377313 0.80455330399008329 0.036699538971746465 0.055991910044497127 1.9114614400844465 -0.10032355108773255 -0.049152274746859681 0.84232292192924463 0.047861417853798535 0.83551495928984532 0.7082275236337896 -0.36167420424304825 -0.40202533830418385 -0.22550707565275499 -0.12725321844220161 -0.13445746991704566 1.3682196593017719 0.34508374149264126 -0.23847405331088065 0.66640824361779805 0.69122589353273312 0.80556061115641808 2.0524473599244408 1.1090362231971489 -0.03082226455759448
leaf_weight=39460 14591 229 283 204 305 223 2021 351 10251 211 369 618 220 812 377 7238 1138 5963 202 358 273 624 297 283 32364 3492 204 2787 200 220 241 201 200 18153 4658 1028 304 253 271 221 481 1971 980 213 440 935 209 740 736 1112 8140 222 239 1327 202 935 7642 21065 2277 6959 406 321 7138 267 247 54834 2471 43164 546 9216 267 582 11084 221 224 1104 200 863 1966
leaf_count=39460 14591 229 283 204 305 223 2021 351 10251 211 369 618 220 812 377 7238 1138 5963 202 358 273 624 297 283 32364 3492 204 2787 200 220 241 201 200 18153 4658 1028 304 253 271 221 481 1971 980 213 440 935 209 740 736 1112 8140 222 239 1327 202 935 7642 21065 2277 6959 406 321 7138 267 247 54834 2471 43164 546 9216 267 582 11084 221 224 1104 200 863 1966
internal_value=0.00179494 0.377644 1.00205 2.66768 7.09996 7.99233 0.272602 -0.266673 0.202676 8.70812 0.371585 1.11113 -0.119291 1.11206 2.97686 0.343254 1.60792 -0.04509 1.86677 -0.3987 9.06116 0.624771 1.06284 0.818722 -0.137896 -0.112688 0.277984 0.384994 0.597343 1.15194 2.69845 0.758934 -0.237717 0.203021 0.41058 0.0478921 0.147196 1.06723 0.120482 0.235013 1.22668 0.590738 9.29034 3.08341 8.75094 0.163766 0.490768 0.299882 0.650605 0.553904 0.218374 0.304018 0.644548 0.7647 0.875883 0.818442 0.0910496 -0.00719619 1.72808 -0.0406331 0.389837 0.149333 -0.0589825 0.0763706 1.42544 -0.337439 -0.333947 -0.196505 -0.200704 -0.0939401 0.364957 0.753993 -0.340962 0.0185547 1.20156 0.936092 1.06244 1.2883 -0.238694
internal_weight=343644 143186 20618 7958 2715 2410 122568 200458 116470 2187 5243 2368 94722 1409 597 61035 6098 12660 4077 105736 1976 1999 1160 918 93313 11742 48299 19895 8746 2202 445 1757 2875 28404 6544 55435 19779 557 19222 11235 752 12736 1703 415 723 10483 1906 1685 945 1537 11149 8362 863 5498 4171 3969 8577 35656 3662 7987 689 3813 39769 7405 1385 66276 2675 53544 53193 10029 813 1886 65918 839 425 1304 1998 1063 7929
internal_count=343644 143186 20618 7958 2715 2410 122568 200458 116470 2187 5243 2368 94722 1409 597 61035 6098 12660 4077 105736 1976 1999 1160 918 93313 11742 48299 19895 8746 2202 445 1757 2875 28404 6544 55435 19779 557 19222 11235 752 12736 1703 415 723 10483 1906 1685 945 1537 11149 8362 863 5498 4171 3969 8577 35656 3662 7987 689 3813 39769 7405 1385 66276 2675 53544 53193 10029 813 1886 65918 839 425 1304 1998 1063 7929
is_linear=0
shrinkage=0.06


Tree=6
num_leaves=80
num_cat=0
split_feature=95 95 204 99 122 36 96 93 99 194 84 99 91 96 77 80 91 80 194 209 52 80 96 193 99 96 99 194 34 36 96 114 96 36 204 136 197 7 59 95 140 86 166 88 95 86 95 181 193 25 87 8 194 8 194 151 80 194 95 201 93 123 92 201 79 209 15 86 16 80 96 201 17 36 141 16 62 87 193
split_gain=8.37284e+06 2.33455e+06 1.91435e+06 4.10334e+06 3.12453e+06 4.86402e+06 5.18314e+06 2.52473e+06 2.31811e+06 1.7427e+06 1.39007e+06 953589 849134 838832 628033 556024 534224 430841 309749 295043 374041 281048 216815 170890 217898 177043 195642 386479 656682 164931 343908 140870 139442 132379 346634 987767 123288 108779 102735 101492 95050.1 194786 108850 200695 95032.3 91574.4 89158.5 87503.7 82223.2 71407.3 122794 67474.4 66960.2 64583 63705.5 61184.6 59144.9 57530.2 57147.3 54709.9 51148.1 50269.7 50014.1 49699.9 47219.9 46764.1 60272.5 118660 45854.3 45331.7 42280.9 41845.2 41796.1 41694.7 45214.5 40169.9 39424.3 38397.9 37853.6
threshold=13.968404769897463 39.422855377197273 10.500000000000002 0.5849612057209016 -77.961490631103501 284.58528137207037 21.774844169616703 27.415249824523929 0.74050867557525646 70.500000000000014 14.002500057220461 0.89449110627174389 12.807499885559084 8.06439256668091 29.900869369506839 42.562500000000007 5.8825001716613778 19.096500396728519 50.500000000000007 4.5000000000000009 54.729000091552741 11.655999660491945 19.245353698730472 5.0499999523162851 0.30372016131877905 12.846057415008547 0.61733973026275646 87.500000000000014 188.26499938964847 324.04495239257818 23.392558097839359 175.01625061035159 23.392558097839359 252.63591766357425 8.0000000000000018 7.9500000476837167 991.54998779296886 inf 0.19397548586130145 4.6374206542968759 8.4287896156311053 8.5015001296997088 33.500000000000007 12.105000019073488 19.900753021240238 11.402499675750734 26.083090782165531 55.000000000000007 19.750000000000004 inf 10.654999732971193 186.02649688720706 56.500000000000007 460.87500000000006 72.500000000000014 13.385000228881838 12.903499603271486 70.500000000000014 31.419023513793949 47.500000000000007 62.169025421142585 8.3287019729614276 9.9010000228881854 147.50000000000003 1.068868160247803 10.500000000000002 155.70578765869143 10.602499961853029 150.85352325439456 20.928999900817875 19.245353698730472 87.500000000000014 36.156414031982429 292.33467102050787 16.734758377075199 52.278116226196296 36.852499008178718 18.502499580383304 30.550000190734867
decision_type=10 8 2 2 10 8 8 10 2 10 8 2 10 10 10 2 10 2 8 2 10 2 8 8 2 10 2 10 8 8 8 10 8 8 2 10 10 8 10 8 8 8 10 8 10 8 10 2 10 8 8 8 10 8 8 10 2 8 10 10 10 10 8 10 10 2 10 10 8 2 8 10 10 8 8 8 8 10 10
left_child=13 2 3 18 5 6 7 9 14 -5 19 12 21 39 -8 33 -12 45 46 20 -10 44 49 24 -15 56 -27 -28 -29 30 -7 38 -19 34 35 -3 -33 53 -17 -1 69 -42 43 -43 -11 57 48 60 71 65 -51 -30 61 -31 64 58 -25 -4 -45 -48 -40 -6 -21 -50 -35 66 -20 -68 -66 -24 -47 -2 -37 74 -49 -36 -60 -54 -77
right_child=1 15 17 4 52 29 8 -9 10 11 16 -13 -14 23 -16 31 -18 32 22 62 -22 -23 40 25 -26 26 27 28 51 37 -32 36 -34 54 75 72 -38 -39 47 -41 41 42 -44 55 -46 70 59 73 63 50 -52 -53 77 -55 -56 -57 -58 -59 76 -61 -62 -63 -64 -65 68 -67 67 -69 -70 -71 -72 -73 -74 -75 -76 78 -78 -79 -80
leaf_value=-0.49167356014511637 1.91078636181092 4.8375370932205612 -0.035293646291079429 0.83170622916363957 1.2358726025933631 3.0267494887686692 7.6036659818887706 -0.0092995483600176298 2.6768597364464362 8.679433434126901 1.0525196595254698 3.395518343471887 4.1155489704468664 -0.23157585117784646 3.405760950776922 1.7454032621179696 4.8666806924391963 0.14606904140308533 0.027276397339924638 -0.61440831705560106 -0.063565500967724384 6.0131310063318795 0.10764514578350103 -0.2250649072449252 2.4829297668097623 -0.089046085512113099 0.019909800621323841 3.280698540632299 -0.35906006382346151 -0.0041097642719447984 0.042366666258736092 3.543362619762835 0.39445355708981145 0.48437585264704253 -0.1739353122722499 0.20698740127496421 1.8233017270985457 1.2228481891270062 1.2989618186806811 -0.3545791628994272 1.8895593726692193 2.0912785916812484 0.17352237780000701 0.31467098260115367 7.1379558538410759 -0.028211357902671482 1.9459585470017395 0.52515346923637451 0.61499771141250814 1.4724430401831581 0.16622958896196219 0.96081086352970957 -0.17183729358234845 0.89587752615655858 0.099478780168546249 1.3818256666801951 -0.097258825273220065 -0.26365026557174254 0.61533525280273216 0.90384387931176302 2.2153627972886833 0.30703706059008268 0.37503171763022741 0.20067097482321136 0.70572249951866961 -0.1758359071737817 1.5006157814421792 0.11275003426597062 1.8478514675923756 0.33825406432145344 0.111431093494093 0.77362032152425786 1.251449771264775 0.46273571065554536 1.4187203141795173 0.34735404330544767 1.6516554828259744 0.27007787886864498 1.2280952613463159
leaf_weight=30701 206 292 7996 200 266 246 231 272 307 832 208 265 254 226 294 2629 365 19623 12504 1012 429 237 5549 66382 200 22092 2855 397 374 2402 318 229 13902 1289 315 383 447 352 579 53060 350 321 3027 2430 218 19784 211 298 2428 325 1264 221 1991 325 1078 272 16223 7891 385 1304 360 984 224 1828 324 3678 302 828 209 6868 12891 272 215 500 656 564 202 1097 255
leaf_count=30701 206 292 7996 200 266 246 231 272 307 832 208 265 254 226 294 2629 365 19623 12504 1012 429 237 5549 66382 200 22092 2855 397 374 2402 318 229 13902 1289 315 383 447 352 579 53060 350 321 3027 2430 218 19784 211 298 2428 325 1264 221 1991 325 1078 272 16223 7891 385 1304 360 984 224 1828 324 3678 302 828 209 6868 12891 272 215 500 656 564 202 1097 255
internal_value=-0.000146635 0.335058 0.269974 0.534216 1.45779 2.09582 3.24746 5.41536 1.6376 6.15055 0.887788 6.73878 7.31114 -0.262062 5.26378 1.19258 3.48638 0.0836417 0.257889 0.131336 1.0816 7.93813 0.19398 -0.152315 1.04567 -0.157027 -0.02028 0.374541 1.39413 0.404766 1.34712 1.59613 0.249077 0.725375 1.09772 1.98338 2.41036 0.231768 1.48607 -0.404834 0.33486 0.511886 0.438962 0.661424 8.36649 -0.0305698 0.649544 1.20054 0.521138 0.049341 0.434149 0.131967 0.135205 0.103439 0.465216 0.521279 -0.199966 -0.148727 0.443264 1.05017 1.65228 0.505523 -0.434934 0.437129 0.681434 0.013998 0.065218 0.484665 1.1562 0.235215 0.0268824 1.26666 0.583967 0.90787 1.14044 0.401484 0.974159 -0.014812 0.622741
internal_weight=343323 150592 139970 57883 13329 8991 5348 2278 3070 2006 2545 1806 1541 192731 525 10622 573 82087 44554 1972 736 1287 38305 108970 426 108544 25939 3847 992 3643 564 5698 33525 4924 2024 890 676 3079 5022 83761 19404 6987 6637 3610 1050 48562 6249 2393 4734 18901 1589 595 4338 2727 2900 3289 82605 15887 3017 1515 939 1250 1236 4256 1822 17312 13634 1130 533 12417 32675 478 598 1454 954 1134 587 3088 819
internal_count=343323 150592 139970 57883 13329 8991 5348 2278 3070 2006 2545 1806 1541 192731 525 10622 573 82087 44554 1972 736 1287 38305 108970 426 108544 25939 3847 992 3643 564 5698 33525 4924 2024 890 676 3079 5022 83761 19404 6987 6637 3610 1050 48562 6249 2393 4734 18901 1589 595 4338 2727 2900 3289 82605 15887 3017 1515 939 1250 1236 4256 1822 17312 13634 1130 533 12417 32675 478 598 1454 954 1134 587 3088 819
is_linear=0
shrinkage=0.06


Tree=7
num_leaves=80
num_cat=0
split_feature=95 95 205 97 97 100 36 97 204 97 93 95 80 163 80 194 85 92 209 82 95 85 87 204 36 60 176 114 42 79 201 181 80 207 85 207 95 36 88 122 56 91 5 95 97 56 85 143 31 94 207 34 207 203 59 88 95 201 194 181 80 82 205 85 97 207 207 201 198 94 82 80 97 92 181 198 59 208 77
split_gain=7.44749e+06 1.9515e+06 1.78488e+06 6.76911e+06 1.68719e+07 4.45963e+06 2.48214e+06 1.05685e+06 1.49418e+06 2.46597e+06 1.01522e+06 759603 477308 423121 412823 311047 155046 145176 246409 138070 135180 120114 393483 119747 356983 132772 179616 107892 106360 105406 102466 102066 100575 99427 91194.1 89621.4 86052.5 73110.2 89952.1 182789 210029 397966 70487.1 67281.6 63970.5 80213.1 63493.1 184682 215682 62150.3 58542.2 56620.3 55682.5 52820.3 45865.9 45721.8 44305.6 42829.3 70253.3 40736.6 40560.2 40409.4 39957.2 39735 39569.5 37327 37142.9 39970 52480.6 35169.9 31010.6 30742.4 30562.5 30562 30549.5 30107.5 28459.4 73276 28193.9
threshold=14.924178600311281 39.422855377197273 0.93301269412040722 36.21507644653321 63.294715881347663 13.300000190734865 382.81842041015631 40.950769424438484 8.0000000000000018 48.168771743774421 24.887084007263187 8.807859420776369 42.562500000000007 10.475000381469728 19.096500396728519 50.500000000000007 24.914000511169437 9.9010000228881854 8.5000000000000018 14.303500175476076 5.975832700729371 inf 11.006499767303469 10.500000000000002 139.59760284423831 43.75849914550782 7.1649999618530282 145.91398620605472 74.512500762939467 0.48646269738674169 147.50000000000003 7.0000000000000009 22.833999633789066 -0.41398024559020991 11.402499675750734 0.22700754553079608 12.411856174468996 321.53282165527349 9.6075000762939471 -66.329750061035142 34.604238510131843 9.5075001716613787 24.010000228881839 25.79141998291016 42.884325027465827 78.908622741699233 8.4760003089904803 0.33138222992420202 156.01249694824222 28.832396507263187 0.97112539410591137 105.8093948364258 0.9996619224548341 0.9170251488685609 0.66788560152053844 3.6764999628067021 22.282892227172855 177.50000000000003 72.500000000000014 7.0000000000000009 31.871000289916996 20.61100006103516 -0.37940952181816096 18.029000282287601 99.781967163085952 -0.32614396512508387 0.95752912759780895 62.500000000000007 6.1499998569488534 22.823631286621097 18.612500190734867 18.901499748229984 1.5322539210319521 18.358500480651859 7.0000000000000009 1.7500000000000002 0.014556466136127712 -0.19337245076894757 8.5872921943664569
decision_type=10 10 2 2 2 10 8 2 2 2 8 8 2 10 2 8 8 10 2 8 10 8 8 2 8 8 2 10 10 8 10 2 2 2 8 2 10 8 8 10 10 10 10 10 2 8 10 10 10 10 2 8 2 10 10 10 10 8 10 2 2 10 2 10 2 2 2 8 10 10 8 2 2 10 2 8 8 2 10
left_child=7 2 14 15 5 6 10 11 9 13 17 20 23 -9 34 30 63 18 55 50 72 32 -23 24 -3 42 -27 29 -29 -14 49 -31 37 -11 64 -21 71 38 39 40 -17 -42 -26 -18 45 -25 47 48 -40 52 -6 -24 -4 -46 -51 -5 -19 58 62 -34 -45 -44 -33 74 75 -30 70 68 -68 -57 -48 -13 -1 -36 -16 -2 77 -74 -39
right_child=1 12 3 4 19 -7 -8 8 -10 33 -12 36 27 -15 16 21 43 56 -20 35 -22 22 51 44 25 26 -28 28 65 31 -32 57 59 -35 73 -37 -38 78 46 -41 41 -43 61 60 53 -47 66 -49 -50 54 -52 -53 -54 -55 -56 69 -58 -59 -60 -61 -62 -63 -64 -65 -66 -67 67 -69 -70 -71 -72 -73 76 -75 -76 -77 -78 -79 -80
leaf_value=-0.46082671117698609 0.59530453325393118 3.424883770062634 0.68132479801357149 7.3069529138697256 -0.36637407849881143 -0.46894012121159001 1.394274996299119 8.2072830008569166 -0.30155887052009667 -0.96873960572762541 3.8091618513291881 -0.17594199059111509 1.6144763964459539 4.3481309541220803 0.41407434167990204 0.11246485301333925 0.26246120838679338 8.397636206200783 6.225464517931889 0.19461414263208857 -0.28855416918149213 2.8188130388192407 1.1980558939353576 0.49204461643224839 1.4581310372853624 0.6104980849904742 2.6292872241698206 2.970071923756739 1.9999231999970992 2.3146741690984585 0.29744247930962947 0.977759516635896 0.75332996798152685 0.84773689227738402 5.3063092985518282e-05 1.6368660059917803 -0.052273885685380939 0.16701404468539177 0.30789868540227411 0.066144428430638058 3.806995172770852 0.46576794259013216 -0.076562388886564539 0.4096516459327566 -0.01838857173199265 1.6408488751098733 -0.022135101554374793 -0.10649942953369652 2.9336985272060607 1.0520565350992339 0.68231419703364371 0.1998095478059165 1.5345767050313159 0.98863458382575486 2.1364733021527949 8.1896455646521567 9.7320270086704994 0.59854537034041488 0.41557809404953555 0.31629500974661379 0.68768888309244514 0.63674547056133823 1.9408899044283638 0.23589194123300308 -0.38692580341870486 1.0530167544722644 0.3762509938275348 0.13025410613490154 1.4414684670412141 9.3126105030304789 0.19557791814459499 0.014800582966870084 0.96701975359191439 0.13455564377683699 0.045112592509592167 -0.12248507977451813 -0.376061256769466 -0.48007139606827715 -0.11558512051964699
leaf_weight=32988 214 201 2829 201 2958 326 251 213 1097 232 216 63028 2784 205 879 367 5832 281 292 558 51400 264 236 1128 206 368 279 319 378 204 1565 273 848 202 23509 214 36777 1694 249 1161 235 282 615 4269 1178 271 7184 598 205 426 204 1499 305 222 212 570 260 880 296 8102 3398 533 370 11484 2222 255 894 2146 204 217 3503 3196 202 8203 9862 9815 16821 331 5079
leaf_count=32988 214 201 2829 201 2958 326 251 213 1097 232 216 63028 2784 205 879 367 5832 281 292 558 51400 264 236 1128 206 368 279 319 378 204 1565 273 848 202 23509 214 36777 1694 249 1161 235 282 615 4269 1178 271 7184 598 205 426 204 1499 305 222 212 570 260 880 296 8102 3398 533 370 11484 2222 255 894 2146 204 217 3503 3196 202 8203 9862 9815 16821 331 5079
internal_value=-6.06655e-05 0.342857 0.27678 0.571594 2.36002 6.09533 7.03042 -0.22749 1.16274 3.04625 7.72389 -0.24073 1.11849 6.32953 0.104242 0.279413 0.255736 8.18589 7.81148 -0.122874 -0.357011 0.213901 0.66532 0.689446 1.02042 0.777306 1.48376 1.49089 2.07552 1.3747 0.705849 1.04409 0.186329 -0.123278 -0.0188636 0.59601 -0.125868 0.121843 0.188161 0.561344 1.2109 1.98893 0.438888 0.416119 0.428791 0.715592 0.137192 0.586442 1.4974 0.875173 -0.298522 0.336206 0.764826 0.141888 1.41518 8.27345 9.05571 0.900396 1.18234 0.357783 0.532951 0.254882 1.53412 0.158308 -0.157889 1.62073 0.103228 0.281017 0.575292 8.51071 0.0492388 -0.166737 -0.426899 0.0348482 0.0753427 -0.107111 -0.362384 0.069141 -0.0448898
internal_weight=343774 137082 126322 46635 6548 2614 2288 206692 1949 852 2037 204743 10760 418 79687 40087 35724 1821 1280 3934 101742 34750 1999 5001 2202 2001 647 5759 952 4807 5337 2023 32751 434 43963 772 103001 23801 17028 2045 884 517 1354 13499 2799 1399 14983 1052 454 3772 3162 1735 3134 1400 638 988 541 1819 939 8950 7667 1148 643 22225 12251 633 13931 3244 1098 787 10687 66224 50342 31712 10741 10029 17354 533 6773
internal_count=343774 137082 126322 46635 6548 2614 2288 206692 1949 852 2037 204743 10760 418 79687 40087 35724 1821 1280 3934 101742 34750 1999 5001 2202 2001 647 5759 952 4807 5337 2023 32751 434 43963 772 103001 23801 17028 2045 884 517 1354 13499 2799 1399 14983 1052 454 3772 3162 1735 3134 1400 638 988 541 1819 939 8950 7667 1148 643 22225 12251 633 13931 3244 1098 787 10687 66224 50342 31712 10741 10029 17354 533 6773
is_linear=0
shrinkage=0.06


Tree=8
num_leaves=80
num_cat=0
split_feature=96 94 205 99 99 190 36 93 77 149 96 59 80 80 54 209 96 84 84 140 91 171 86 99 39 96 193 99 94 207 204 36 100 79 96 59 67 96 114 85 197 94 85 64 80 77 94 197 194 83 85 99 194 107 39 124 141 77 141 207 85 83 13 129 194 33 98 90 207 93 123 207 90 194 205 194 30 194 124
split_gain=6.75861e+06 1.77507e+06 1.67857e+06 3.31415e+06 2.55765e+06 3.39518e+06 5.85016e+06 2.78032e+06 983553 774879 710750 645037 448397 421648 375305 357757 703047 265728 231646 213698 285397 443592 608692 462104 203788 177278 166817 251506 162797 159293 147460 354485 828585 135157 159388 126808 120261 120236 147699 109245 126192 103698 102452 101624 90145.5 86533.6 84384.1 81829.9 80602.2 77695.2 76782 76061.9 388468 455383 959442 69212.7 66930.8 65964.2 77617.2 123263 64496.8 73934.2 61289.7 55001 52673.8 51702.1 50697.2 93830.9 47804.1 47463 71872.1 47206.2 46908.7 45906.3 58994.2 45173.5 44772.3 44583.2 44509.4
threshold=14.551137924194338 42.197711944580085 0.93301269412040722 0.5849612057209016 0.91204342246055614 1.6640256047248843 264.22698974609381 30.080249786376957 27.618434906005863 4.4749999046325692 8.06439256668091 0.41772252321243292 37.412500381469734 19.096500396728519 57.645729064941413 2.5000000000000004 23.392558097839359 10.328999996185305 12.202499866485597 0.58229169249534618 9.305000305175783 1.2223027348518374 10.877500057220461 0.38068187236785894 0.46238921582698828 29.372396469116214 5.0499999523162851 0.30584888160228735 11.164750099182131 0.89017060399055492 10.500000000000002 196.03713989257815 16.94999980926514 1.0626984834671023 19.245353698730472 0.22619253396987918 37.737499237060554 46.914346694946296 175.01625061035159 6.5784997940063485 982.54998779296886 15.898104190826418 13.301500320434572 97.191497802734389 30.012999534606937 15.502862930297853 4.5551645755767831 991.85000610351574 56.500000000000007 11.285000324249269 18.852499961853031 0.74050867557525646 87.500000000000014 1.7793068289756777 0.83911743760108959 0.68645313382148754 5.5810182094573983 27.347650527954105 36.862089157104499 -0.35846811532974238 21.610000610351566 9.1224999427795428 294.34167480468756 119.02083206176759 50.500000000000007 402.51669311523443 5.1275000572204599 11.055000305175783 -0.048361575230956071 57.633584976196296 50.908790588378913 -0.87395131587982167 26.009999275207523 78.500000000000014 0.37940952181816107 67.500000000000014 147.06600189208987 45.500000000000007 0.50293791294097911
decision_type=8 10 2 2 2 8 8 8 10 2 10 10 2 2 10 2 8 10 8 8 8 2 10 2 10 10 8 2 10 2 2 8 10 10 8 10 8 8 10 10 10 10 8 10 2 8 8 10 10 8 8 2 10 8 8 8 10 8 8 2 8 8 8 8 10 8 2 8 2 10 8 2 8 8 2 8 10 8 10
left_child=10 2 13 19 5 48 7 8 14 11 46 17 30 42 24 16 -8 -10 -11 41 21 22 23 -21 35 50 27 -12 -28 60 31 32 -3 57 -35 -7 -37 78 65 40 -31 -4 75 -33 56 -17 -1 -40 -5 -9 -15 73 -53 -54 -55 -47 77 58 -6 -60 66 -62 -57 -46 -43 69 -22 -68 -36 -39 -71 -69 -27 74 -30 -2 -23 -41 -14
right_child=1 12 3 4 33 6 15 49 9 18 26 -13 37 25 -16 45 -18 -19 -20 20 29 76 -24 -25 -26 72 28 -29 51 39 -32 43 -34 34 68 36 -38 38 47 44 -42 64 -44 -45 63 55 -48 -49 -50 -51 -52 52 53 54 -56 62 -58 -59 59 -61 61 -63 -64 -65 -66 -67 67 71 -70 70 -72 -73 -74 -75 -76 -77 -78 -79 -80
leaf_value=-0.43559560860414248 -0.032755840817058832 4.8544008376793126 -0.11819121408017241 0.68291709796480571 -0.26181328267392356 8.6505410734273624 3.8188000763289986 -0.46183751478534318 -0.018953607077492728 4.8430269226928555 -0.25731279869791207 4.8948898398566243 0.23765180066227912 0.060261360084271819 4.2144969715444098 1.4081081942137048 0.11352730063389438 2.8982526360655658 7.6571394222516282 5.7052674089357858 0.014708114031000251 0.69605067705148482 0.73303821151497861 1.7305801035280095 5.4291895038506075 0.27687731573610835 -0.20024653783145785 2.5618394780374953 -0.073701499710245408 0.48122765761145342 0.25981988349867796 0.20359804220518132 0.17159639440484858 2.1770892200329235 -0.1159646025133617 6.2364075888578707 8.0745332302578845 1.2601308146910499 3.4733968909705082 0.6236220849051296 2.5076408152220147 0.65326916367212351 0.051484083574950427 1.6455287448721272 0.77867810194300435 0.99708834558438797 -0.31129572350129958 1.8055416055043538 -0.019183421893079061 1.0846629085245647 0.26270827666135876 -0.11279935198579455 -0.56653146495079176 4.2576434623092165 -0.23973796577665579 -0.14979543508161178 0.92636215844324654 -0.29344176644928105 -0.052598929985094876 1.7479892017040402 1.4777175946159313 0.30811705386973443 0.97841135240224475 1.8937821425880703 0.16041506142984516 0.73375174586024794 1.6108810196767616 0.88058667499446464 0.9836137222313851 1.581989135051834 2.7698473153943599 -0.051876231145777114 0.6481148725727216 -0.13957898378100697 0.14478850544560479 -0.21106947767316556 -0.14383217529617418 0.1648625791223215 1.1049352853723922
leaf_weight=32287 9974 244 5627 869 474 235 352 231 213 233 253 374 242 10630 223 237 386 237 207 205 6648 348 640 218 260 1702 62064 206 19184 228 2310 1088 306 215 393 389 223 1543 208 1037 215 844 28702 209 673 311 50333 224 1820 235 18453 3745 347 355 328 1221 692 1966 294 255 202 4738 201 209 10279 340 203 266 222 1779 206 729 4395 23727 5791 10498 661 2879 1818
leaf_count=32287 9974 244 5627 869 474 235 352 231 213 233 253 374 242 10630 223 237 386 237 207 205 6648 348 640 218 260 1702 62064 206 19184 228 2310 1088 306 215 393 389 223 1543 208 1037 215 844 28702 209 673 311 50333 224 1820 235 18453 3745 347 355 328 1221 692 1966 294 255 202 4738 201 209 10279 340 203 266 222 1779 206 729 4395 23727 5791 10498 661 2879 1818
internal_value=0.00182967 0.313741 0.254898 0.531052 1.38681 1.96874 2.78946 4.5866 5.35289 4.14804 -0.225388 3.05614 1.06434 0.0918058 6.49398 0.757764 1.88359 1.52046 6.1813 0.251186 0.379672 1.04769 1.90241 3.66576 6.94895 0.250399 -0.129598 1.01075 -0.134137 0.305677 0.579541 0.979052 2.2541 0.0979881 0.774858 7.40852 6.91826 1.38107 1.56181 0.5626 1.46813 0.09169 -0.0216576 0.437041 0.489276 0.335267 -0.359875 2.61475 0.207883 0.318703 0.188717 -0.0574092 0.171095 1.20242 2.10065 0.18782 0.38275 -0.0901648 0.300398 0.785397 0.186424 0.356232 0.0102523 1.04476 0.197868 1.44356 0.0794776 0.438588 0.281909 1.51174 1.7066 0.198039 0.544545 -0.079816 -0.023036 -0.124201 0.146242 0.286475 1.00322
internal_weight=343308 144688 134171 49817 12276 8457 5768 3060 2594 1264 198620 824 10517 84354 1330 2708 738 450 440 37541 20791 2072 1063 423 1107 35180 116000 459 115541 18719 4157 1847 550 3819 830 847 612 6360 4300 5933 443 16750 49174 1297 5490 1970 82620 432 2689 466 29083 53477 4775 1030 683 1733 4608 2989 1023 549 12786 4940 1422 882 11123 3868 7846 1198 615 3528 1985 995 6097 48702 24975 20472 1009 3916 2060
internal_count=343308 144688 134171 49817 12276 8457 5768 3060 2594 1264 198620 824 10517 84354 1330 2708 738 450 440 37541 20791 2072 1063 423 1107 35180 116000 459 115541 18719 4157 1847 550 3819 830 847 612 6360 4300 5933 443 16750 49174 1297 5490 1970 82620 432 2689 466 29083 53477 4775 1030 683 1733 4608 2989 1023 549 12786 4940 1422 882 11123 3868 7846 1198 615 3528 1985 995 6097 48702 24975 20472 1009 3916 2060
is_linear=0
shrinkage=0.06


Tree=9
num_leaves=80
num_cat=0
split_feature=95 205 97 97 109 36 95 97 96 96 97 204 94 94 80 94 80 194 36 103 48 96 114 85 94 193 20 86 198 94 96 96 139 193 75 35 144 44 94 67 34 97 63 85 86 42 94 89 56 193 109 87 82 106 194 96 82 66 5 80 92 86 203 193 57 36 97 181 85 193 0 76 105 123 27 53 198 205 16
split_gain=5.9249e+06 1.60066e+06 6.05796e+06 1.43469e+07 3.53248e+06 2.21716e+06 1.20407e+06 601143 592201 578752 637163 1.02024e+06 1.04546e+06 498239 381276 379300 333063 265651 247189 547835 197425 126455 117314 112836 265845 93009.4 131139 87909.1 83883.3 82806.2 81649 79765.8 77487.9 76461.5 72878.6 70969.1 146514 278843 486539 143425 69032.2 67234 67156.7 65055.6 63160.4 62962.9 55295.6 54178.6 53617.3 51594.6 47958.2 46348.8 106859 42444.2 41236.4 40416 37637.4 37106.6 111013 37052.3 42561.6 36973.7 36887.7 33270 33013.2 106999 32907.6 32581 31464.6 30592.1 46821 29788.2 29434.2 28604.7 28600.9 28112.5 27936 26409 28380.7
threshold=13.968404769897463 0.93301269412040722 36.21507644653321 54.202339172363288 1996.7500000000002 382.81842041015631 37.913728713989265 63.294715881347663 40.390100479125984 8.06439256668091 40.950769424438484 10.500000000000002 17.88543796539307 31.860347747802738 38.962499618530281 42.197711944580085 19.602499961853031 50.500000000000007 204.98958587646487 41.125000000000007 23.402500152587894 23.205305099487308 161.01001739501956 25.840000152587894 12.400949478149416 5.0499999523162851 376.32901000976568 11.402499675750734 8.6500000953674334 4.5551645755767831 17.880798339843754 10.781460285186769 12.328999996185305 19.050000190734867 56.765949249267585 243.2447204589844 -0.88426831364631642 33.301500320434577 15.035220146179201 27.829000473022464 354.06103515625006 27.395751953125004 16.22399997711182 30.309999465942386 13.408499717712404 79.480998992919936 28.365287780761722 1.2154999971389773 78.908622741699233 19.050000190734867 1654.0000000000002 5.4549999237060556 7.1790001392364511 1.1874073147773745 70.500000000000014 18.978005409240726 21.832500457763675 59.371000289916999 178.01650238037112 18.454999923706058 9.9010000228881854 49.601499557495124 0.94828754663467418 25.150000572204593 0.1794179901480675 105.42291641235353 7.2669343948364267 67.000000000000014 17.458499908447269 16.650000572204593 179.55000305175784 31.031676292419437 -39.188133239746087 17.409184455871586 203.02899932861331 11.12400007247925 4.3500001430511483 -0.37940952181816096 25.094517707824711
decision_type=10 2 2 2 8 8 8 2 8 10 2 2 8 10 2 10 2 8 8 8 8 8 10 8 8 8 8 8 10 8 10 8 8 10 8 8 10 8 10 10 8 2 10 10 10 10 10 10 8 10 8 8 8 10 8 8 8 8 10 2 8 10 10 10 8 8 2 2 8 10 10 10 10 8 8 8 10 2 8
left_child=9 6 8 4 -4 13 16 -5 17 29 25 12 -12 20 41 -9 27 28 19 -17 -6 68 34 30 -25 26 -11 54 33 -1 51 -27 -10 -3 42 36 37 74 -39 53 50 48 67 73 47 -24 76 -22 72 -20 -34 52 -19 -40 -2 -29 -26 69 75 -37 -61 -44 -43 -48 65 -31 -47 -16 -18 -53 -71 -33 -8 -23 -32 -59 -35 -73 -79
right_child=1 2 3 7 5 -7 14 15 32 10 11 -13 -14 -15 22 18 21 23 49 -21 44 43 45 24 56 31 -28 55 -30 64 35 71 40 46 -36 59 -38 38 39 -41 -42 62 61 -45 -46 66 63 -49 -50 -51 -52 57 -54 -55 -56 -57 -58 58 -60 60 -62 -63 -64 -65 -66 -67 -68 -69 -70 70 -72 77 -74 -75 -76 -77 -78 78 -80
leaf_value=-0.41279232563592055 -0.044935930303956456 1.7126513212138208 -0.15657068994223025 2.5662703392781476 5.8560399638724867 1.1911216444379826 0.030432683157466223 -0.27121443210039914 0.46947496035730196 1.8436689371105441 6.4864022777505115 -0.239959114055592 0.60713203963883422 4.1458607020460789 1.133051839744301 -0.071939562270615959 0.021284327597921718 1.6344161409081763 -0.060212334434407343 3.6116527785029127 6.337836161656166 0.37623141818215827 2.5317601356922452 2.2167045841464659 0.16284292178914483 -0.20070832917427353 -0.29127269635785297 -0.025083813862359999 0.2838833673078065 1.2065369967344615 -0.2079091646266629 -0.14439064830662593 1.3075162228814086 0.22354783153367672 0.3279935909945394 -0.04171838456991462 0.19042009842677238 3.6820963142640974 -0.065752436451423757 2.1044266086071728 0.51311431502825333 0.012162355467428604 1.0061747424066068 0.56097754107594677 8.4768892236621358 0.8561117243896359 1.707149039472263 7.5438153892274995 1.4504670033942471 0.82905780386948402 2.0807918451218987 -0.1754069734516755 -0.065581125237778898 0.96660166659494751 -0.23530140806348485 0.10334914267772836 0.43056244667983556 0.68855636753141869 1.5137896079461108 0.95643404590828407 0.16102876807469016 1.5435837318409091 0.87205538754979961 0.78509236656945858 -0.29706436544565612 -0.29675819128156777 1.8536916913071724 0.46530522894701071 0.17658098158831784 -0.0090774611230475342 0.75033768313351401 -0.13404431807971892 0.67598377860133829 0.1828551016104546 0.53522919252572154 0.00037883683757475555 0.68541123138097571 0.68716957332457662 -0.024141376872449393
leaf_weight=32599 8209 289 341 375 310 266 353 3471 471 202 218 609 217 204 496 281 7770 205 620 300 200 5181 317 271 3499 50975 211 21614 1871 223 658 26163 1392 595 421 4177 6378 260 430 203 322 1558 699 3808 280 206 278 1165 254 377 369 4607 376 214 8177 14901 4116 239 211 256 4220 1405 202 291 50450 712 291 564 11875 6091 306 10572 909 5885 259 1950 2293 203 19930
leaf_count=32599 8209 289 341 375 310 266 353 3471 471 202 218 609 217 204 496 281 7770 205 620 300 200 5181 317 271 3499 50975 211 21614 1871 223 658 26163 1392 595 421 4177 6378 260 430 203 322 1558 699 3808 280 206 278 1165 254 377 369 4607 376 214 8177 14901 4116 239 211 256 4220 1405 202 291 50450 712 291 564 11875 6091 306 10572 909 5885 259 1950 2293 203 19930
internal_value=0.000206243 0.282644 0.539367 2.04538 5.56112 6.36486 0.133384 0.251811 0.277439 -0.219541 -0.128529 1.34593 3.56164 7.00145 0.853883 0.0794368 0.0701188 0.226478 0.85042 1.83302 7.29715 0.215097 1.21878 0.170808 0.373465 -0.142761 0.754867 -0.0244848 0.612177 -0.337984 0.11931 -0.146205 1.16579 0.776028 1.07056 0.207426 0.331625 0.776275 1.4168 0.717905 1.32294 0.363679 1.16923 0.347071 7.56501 1.86944 0.697255 7.37188 0.656419 0.276545 1.47064 0.0118447 0.536023 0.278264 -0.139941 0.0273284 0.307586 -0.0109143 0.202797 0.0868045 0.206725 1.36561 0.111294 1.23779 -0.290517 0.0626877 1.44276 0.778534 0.115162 -0.0575394 0.0273607 -0.0973477 0.495581 0.273418 0.00233927 0.0757957 0.590366 -0.0572601 -0.0169355
internal_weight=343666 150382 55287 8190 2766 2425 95095 5424 47097 193284 109300 1044 435 2159 7675 5049 87420 44543 1578 581 1955 34519 4399 38926 7886 108256 413 52901 5617 83984 31040 107843 2554 3746 3585 17055 8402 2024 1107 847 2083 3276 3164 14874 1645 814 3457 1365 1516 997 1761 13985 581 644 16386 36515 7615 13404 2400 8653 4476 2104 1760 569 51385 935 497 1060 19645 11004 6397 56868 1262 11066 917 2189 2888 30705 20133
internal_count=343666 150382 55287 8190 2766 2425 95095 5424 47097 193284 109300 1044 435 2159 7675 5049 87420 44543 1578 581 1955 34519 4399 38926 7886 108256 413 52901 5617 83984 31040 107843 2554 3746 3585 17055 8402 2024 1107 847 2083 3276 3164 14874 1645 814 3457 1365 1516 997 1761 13985 581 644 16386 36515 7615 13404 2400 8653 4476 2104 1760 569 51385 935 497 1060 19645 11004 6397 56868 1262 11066 917 2189 2888 30705 20133
is_linear=0
shrinkage=0.06


Tree=10
num_leaves=80
num_cat=0
split_feature=96 97 205 97 109 36 95 93 97 96 96 84 80 79 194 198 209 80 209 193 84 209 58 96 207 79 201 141 96 205 85 87 86 87 208 89 134 194 86 95 80 181 97 97 84 80 96 201 140 209 83 32 132 197 208 205 209 92 193 85 194 201 91 85 98 193 194 205 122 207 96 207 16 57 16 72 80 78 16
split_gain=5.25746e+06 1.55207e+06 5.93174e+06 1.33775e+07 2.99679e+06 1.84162e+06 1.81154e+06 634082 456186 440758 432149 273917 236606 171555 146972 162348 138538 128398 126814 104422 194337 97349.1 106740 95109 94646.3 83989.8 79589.7 68938.5 76318.3 65109.9 124149 155294 102287 135030 80693.3 113827 265254 416129 64859.5 80100.1 64416.6 63790.8 61881.3 264800 57062.1 55238.9 52682.7 50685.2 49346.3 78631.4 120082 43956 59584.7 42720.9 42595.4 42258.5 81798.7 124308 258548 55953.6 44779.6 43721.3 53012.3 41180.5 40519.4 64684.2 39423.1 66417.4 51231.4 75182.6 38921.2 49774.2 38746.2 34081.6 128153 33918.2 33753.5 33354.6 61152.2
threshold=13.76802444458008 36.21507644653321 0.93301269412040722 54.202339172363288 1996.7500000000002 382.81842041015631 37.913728713989265 24.887084007263187 63.294715881347663 7.7295663356781015 19.517843246459964 19.8129997253418 42.562500000000007 1.02344685792923 32.500000000000007 7.3500001430511483 9.5000000000000018 27.987500190734867 10.500000000000002 5.0499999523162851 7.6024999618530282 4.5000000000000009 0.050499999895691879 10.712003707885744 0.9260200858116151 0.48646269738674169 52.500000000000007 25.098985671997074 46.914346694946296 0.93301269412040722 49.913999557495124 10.000999927520754 52.658500671386726 8.9109997749328631 0.48126256465911871 9.3759999275207537 1.0000000180025095e-35 86.500000000000014 4.6525001525878915 23.037702560424808 9.7034997940063494 7.0000000000000009 40.950769424438484 48.168771743774421 15.027999877929689 13.607500076293947 5.0695102214813241 97.500000000000014 4.6255209445953378 8.5000000000000018 14.127500057220461 324.13999938964849 -88.542453765869126 991.75000000000011 -0.31800055503845209 0.37940952181816107 4.5000000000000009 10.428999900817873 17.250000000000004 7.5039999485015878 78.500000000000014 62.500000000000007 14.928999900817873 9.0950002670288104 2.7009999752044682 15.650000095367433 74.500000000000014 0.37940952181816107 6.2052187919616708 0.90162119269371044 27.858308792114261 0.89787620306015026 66.471218109130874 0.1794179901480675 41.759174346923835 11.606500148773195 37.412500381469734 27.404000282287601 180.07835388183597
decision_type=8 2 2 2 8 8 10 8 2 10 10 8 2 8 8 10 2 2 2 8 10 2 10 10 2 8 10 8 10 2 8 8 8 10 2 8 10 10 10 10 2 2 2 2 8 2 10 8 8 2 10 10 10 10 2 2 2 8 8 8 8 10 8 8 2 8 8 2 8 2 10 2 10 8 10 8 2 8 10
left_child=9 6 14 4 -4 7 10 16 -5 46 29 24 75 21 15 -3 38 44 25 20 -11 22 -13 -21 -10 -14 -26 28 -20 45 32 -32 34 -34 35 36 37 -31 -6 -40 -16 76 66 -44 63 -2 -1 51 -33 50 -50 -37 -53 -30 -17 -46 57 58 -57 -59 61 62 -61 -12 -65 -66 67 -25 69 -69 -43 -72 -73 74 -48 -8 -19 -36 -79
right_child=1 2 3 8 5 -7 12 -9 11 19 17 13 18 -15 40 54 -18 41 27 23 -22 -23 -24 42 26 -27 -28 -29 53 30 31 48 33 -35 77 47 -38 -39 39 -41 -42 70 43 -45 55 -47 73 -49 49 -51 -52 52 -54 -55 -56 56 -58 59 -60 60 -62 -63 -64 64 65 -67 -68 68 -70 -71 71 72 -74 -75 -76 -77 -78 78 -80
leaf_value=-0.38028227294531314 -0.095342674976578667 2.1501072633838545 -0.0028933794370400688 2.3182464647098362 6.2154354788383968 1.068363719285766 0.97791677459476078 3.5833785926057145 -0.33333107962862379 2.1122171295051144 -0.17722001442455254 0.20634681785569314 1.3286131101948602 2.0265137626345338 -0.25916400464134365 0.83383391614656455 5.6110797033590423 0.59651881562217635 1.3180894180218379 -0.19627450877178465 -0.33040148880836878 -0.048425621764841567 1.991649711243177 -0.084924596276666153 1.4049717500954191 0.77558023300870504 -0.076247891914565116 1.1977470500582503 3.2950751693738161 0.18430708646546781 1.8267397419440921 -0.11940096583096363 2.0979235146589139 0.16331936726185772 -0.15862060499870198 0.14586257726975499 0.060049983037889873 3.2417982196448869 7.0347944534656612 8.1708070486766786 0.017694721701481134 0.27808877498612827 2.0456708419539655 -0.34621472698606309 0.17489787359027956 0.038984593425086457 1.4119610402971607 -0.050704311240581314 2.2000021234410148 -0.030477156523225732 0.15014937420086613 1.5258279034072784 0.064542123828784076 2.0970002980046458 -0.17895933838310529 3.0433223441632378 0.18712089052406164 1.3536451660798512 0.39650850639390156 1.6792949788552698 0.14030764558090594 0.34683781280191234 0.59769645595720178 0.06470530056147579 1.3373713915531746 0.24001966763945576 -0.13811552130078394 0.15577071315019472 0.058021867774000389 1.1862067990947569 0.37439353415188348 1.4427024177999959 0.64477676200985656 -0.28842734453792068 -0.29837482659280551 0.51119638514540644 1.2772856508374801 -0.063930038759258692 1.0599871374308369
leaf_weight=35342 19540 209 333 351 283 241 729 230 2989 209 1971 247 2748 311 5868 246 271 748 224 57236 265 642 235 17869 220 1553 319 362 217 360 306 530 203 358 6694 5631 1296 288 1117 346 6244 6936 250 495 20377 25276 202 6685 209 347 202 200 201 230 378 200 8963 206 393 201 2271 2605 862 6202 231 1166 29331 710 3508 397 3440 269 1189 39817 706 2447 406 666 235
leaf_count=35342 19540 209 333 351 283 241 729 230 2989 209 1971 247 2748 311 5868 246 271 748 224 57236 265 642 235 17869 220 1553 319 362 217 360 306 530 203 358 6694 5631 1296 288 1117 346 6244 6936 250 495 20377 25276 202 6685 209 347 202 200 201 230 378 200 8963 206 393 201 2271 2605 862 6202 231 1166 29331 710 3508 397 3440 269 1189 39817 706 2447 406 666 235
internal_value=0.000116651 0.255366 0.734492 2.00402 5.34263 6.0578 0.1813 6.59223 0.231007 -0.215567 0.12488 0.0829528 1.0289 0.781572 -0.0634077 0.707019 6.93338 0.244732 1.27304 -0.138922 0.748797 0.435614 1.0791 -0.142761 -0.201349 1.12915 0.529814 1.87049 2.23111 0.0233616 0.102202 0.61397 0.0664246 0.865851 0.0462357 0.128463 0.555938 1.54609 7.13529 7.30886 -0.116448 0.411183 -0.0844848 0.458098 0.197364 -0.0195836 -0.326671 0.0630774 0.324649 0.634881 1.19534 0.189164 0.795346 2.68467 0.22101 0.231914 0.305895 0.463838 1.29282 0.383643 0.349776 0.479392 0.803599 0.067105 0.130492 0.422298 -0.0922948 -0.0325168 0.170377 0.52605 0.369599 0.499102 0.792881 -0.280139 0.0832531 0.618599 0.836925 -0.112487 0.230062
internal_weight=343790 157453 21080 8135 2821 2488 136373 2247 5314 186337 127863 4963 8510 1435 12945 833 2017 58636 5334 110270 474 1124 482 109796 3528 4301 539 1033 671 69227 24411 1594 22817 561 22256 14661 1944 648 1746 1463 12112 12988 52560 745 45648 44816 76067 12717 1288 758 411 6032 401 447 624 36078 15701 6738 593 6145 5939 3668 1063 9570 7599 1397 51815 22484 4615 1107 11834 4898 1458 40725 908 3176 1154 7595 901
internal_count=343790 157453 21080 8135 2821 2488 136373 2247 5314 186337 127863 4963 8510 1435 12945 833 2017 58636 5334 110270 474 1124 482 109796 3528 4301 539 1033 671 69227 24411 1594 22817 561 22256 14661 1944 648 1746 1463 12112 12988 52560 745 45648 44816 76067 12717 1288 758 411 6032 401 447 624 36078 15701 6738 593 6145 5939 3668 1063 9570 7599 1397 51815 22484 4615 1107 11834 4898 1458 40725 908 3176 1154 7595 901
is_linear=0
shrinkage=0.06


Tree=11
num_leaves=80
num_cat=0
split_feature=94 96 205 97 97 100 97 100 166 97 204 46 96 194 35 84 85 94 70 96 207 80 94 207 96 198 97 43 209 79 114 193 207 80 196 203 103 207 193 76 197 157 196 56 76 98 126 94 56 194 82 89 94 140 92 208 54 96 207 91 193 84 207 209 85 181 203 96 97 207 206 194 72 28 97 205 146 28 208
split_gain=4.68291e+06 1.2769e+06 1.11245e+06 4.55973e+06 1.09358e+07 2.82315e+06 864241 943016 1.21842e+06 703741 929733 691978 533651 286809 267930 221086 213733 169900 179277 131057 117601 115308 108150 103796 90155.9 88575.7 82614.2 81540.7 72801.2 76988.2 69362.9 74722.5 66249.2 64242.5 61095.9 65246.2 60129 134650 415208 68416 107322 55341.7 54360 55743.4 80969.3 53370.9 90873.6 134082 52835.8 47927.6 50351.8 47828.7 46511.1 45142.6 42347.9 42022.3 39847.8 37999.5 37337.2 37007 35381.4 128535 35085.4 34153.1 33845.8 33314.1 31998.8 31488.6 30936.2 30787.4 30570.4 30365.4 29108.8 31174.1 27608.8 27297.4 34121.3 27215.2 26929.8
threshold=14.688240528106691 40.390100479125984 0.37940952181816107 36.21507644653321 48.168771743774421 13.300000190734865 63.294715881347663 23.94999980926514 33.500000000000007 40.950769424438484 17.000000000000004 13.302500247955324 9.7091674804687518 50.500000000000007 310.50178527832037 43.38750076293946 18.703500747680668 44.443561553955085 33.806501388549812 20.742754936218265 -0.90893998742103566 23.481999397277836 5.8276236057281503 -0.94423642754554737 17.880798339843754 8.6500000953674334 88.929145812988295 12.204999923706056 5.5000000000000009 0.74745464324951183 -298.06298828124994 19.050000190734867 0.96687895059585582 9.927500247955324 81.500000000000014 0.76037701964378368 49.149999618530281 0.5986820161342622 16.849999427795414 24.982212066650394 990.64999389648449 96.77500152587892 30.500000000000004 32.10542297363282 45.483896255493171 6.1039998531341562 -0.64977428317069996 24.459066390991214 66.803859710693374 78.500000000000014 2.7674999237060551 7.9060001373291025 32.556417465209968 10.480782508850099 14.885000228881838 -0.35846087336540217 29.772681236267093 18.711366653442386 0.9646572768688203 24.501000404357914 7.0499999523162851 4.5009999275207528 0.9837264120578767 4.5000000000000009 5.8274998664855966 43.000000000000007 -0.25037047266960138 24.248289108276371 4.6442852020263681 0.92273071408271801 1.0000000180025095e-35 67.500000000000014 17.628999710083011 259.05000305175787 1.76990282535553 -0.37940952181816096 26.849999427795414 141.14749908447268 0.98630350828170787
decision_type=10 10 2 2 2 10 2 10 10 2 2 10 10 8 8 8 8 10 10 8 2 2 8 2 10 10 2 10 2 8 8 10 2 2 8 10 8 2 8 8 8 10 8 10 10 2 10 10 10 8 10 8 10 10 8 2 10 8 2 8 8 10 2 2 10 2 8 10 2 2 2 8 8 10 2 2 10 10 2
left_child=9 2 16 13 5 11 7 8 -6 12 -11 -5 22 25 23 20 33 58 63 32 -3 57 74 -13 60 30 27 -22 29 -17 -4 -32 -15 71 35 48 -26 39 -39 40 -38 45 43 44 -34 51 47 -47 56 50 -41 -21 -23 -33 -25 -29 -30 -18 -8 -57 61 -14 77 -19 -63 -31 -36 -40 -62 -67 -71 -2 73 -61 -1 -70 -77 -28 -54
right_child=1 15 3 4 6 -7 17 -9 -10 10 -12 14 24 19 -16 28 21 18 -20 41 26 52 -24 54 36 -27 62 55 34 65 31 53 42 -35 66 -37 37 38 67 49 -42 -43 -44 -45 -46 46 -48 -49 -50 -51 -52 -53 78 -55 -56 59 -58 -59 -60 72 68 64 -64 -65 -66 69 -68 -69 75 70 -72 -73 -74 -75 -76 76 -78 -79 -80
leaf_value=-0.3642346617391875 -0.022178041402218827 1.9438850524981277 0.38497166034398161 2.8226933643221854 5.3776163219842381 -0.4466573677868933 -0.29416499991134887 -1.0323756272765412 -0.0799762693678195 4.4409661592310128 -0.24123241105138563 5.3438904488086694 1.6073399544451938 -0.016623301417694251 4.297445113835404 1.2306982249452927 0.004845904448124454 0.76861390977421995 2.1655555492196532 1.0599551577942565 1.6756608098663472 0.246941035050252 -0.22050907811553766 6.6004623039860153 -0.074347065266338469 0.26359583474911968 0.81151427848618241 0.088137512761468598 1.5034594665393886 1.0958914268548232 1.9863302740493971 0.68632004168694838 1.514703068864995 0.021833843632816763 1.4702697908126494 2.6991916335233741 1.7771900999339501 2.6622215443012256 -0.064427511677835031 0.89936097047667374 0.098396998997951776 0.0039387366224206966 0.0062516152233306208 0.26413914743817984 0.065829352405727709 2.1160729601479216 0.32193998390487577 0.39079074493807081 1.1319973289249212 -0.26629046246009108 0.030376706233313087 0.240998848216122 0.52621751208405099 1.3108803525448391 7.4424742757659601 0.16701299305476019 2.5032864357427109 0.15738581055383871 0.53470617333570358 0.76172642057553086 -0.12586388755554345 0.5948881373335333 -0.4502891805479603 -0.15251163946172022 -0.29280428421154547 -0.16107639710587193 0.49580298810384488 0.77910485798897944 -0.13083009386915712 0.17946612003561738 1.1607905407563635 -0.25390742108255171 0.6419328544165247 1.6918291067495941 -0.26258031957604983 -0.0077292970393402511 0.62760123285354141 -0.020135451877758791 -0.17996088966871929
leaf_weight=37893 3306 221 1463 223 380 278 3318 260 240 274 343 215 201 16605 205 2410 9678 226 221 262 272 11699 62452 1017 4021 2328 236 495 342 346 208 2172 373 28960 219 206 201 314 691 294 427 2492 1433 1181 221 297 1423 357 591 1702 1289 10941 3610 517 387 358 257 14977 207 276 60352 203 340 400 638 248 274 206 8249 230 227 5298 903 249 12909 14165 310 352 205
leaf_count=37893 3306 221 1463 223 380 278 3318 260 240 274 343 215 201 16605 205 2410 9678 226 221 262 272 11699 62452 1017 4021 2328 236 495 342 346 208 2172 373 28960 219 206 201 314 691 294 427 2492 1433 1181 221 297 1423 357 591 1702 1289 10941 3610 517 387 358 257 14977 207 276 60352 203 340 400 638 248 274 206 8249 230 227 5298 903 249 12909 14165 310 352 205
internal_value=3.34749e-05 0.272692 0.22383 0.445069 1.80038 5.22535 0.283477 1.9979 3.26827 -0.179825 1.84188 5.9955 -0.185874 0.202106 6.38165 0.961263 0.081947 -0.0619811 0.700556 0.134344 0.604539 0.178156 -0.273398 6.64274 -0.079587 0.562575 0.518973 0.695142 1.20794 1.04376 0.722117 0.892185 0.0316061 -0.0209362 1.50805 1.7111 0.0993197 0.235591 0.788194 0.0644126 0.637689 0.263395 0.281175 0.502999 0.976661 0.312078 0.591403 1.17632 1.53793 -0.0453424 0.192233 0.260244 0.306304 0.806844 6.83769 0.577536 1.93589 0.0975109 -0.245353 0.71305 -0.0990381 0.248263 0.0340931 0.180731 -0.0780817 0.614338 0.93078 0.129945 -0.103397 0.376783 0.668378 -0.164881 0.849729 1.20524 -0.33841 -0.0437253 0.00591951 0.314467 0.488234
internal_weight=343769 136635 127583 49850 7577 2325 5252 880 620 207134 617 2047 206517 42273 1824 9052 77733 4372 847 35585 3702 40169 113254 1619 93263 6688 3481 2553 5350 3461 4360 2897 19813 37564 1889 1396 9145 5124 1211 3913 628 15772 3208 1775 594 13280 2077 654 1190 3285 1583 11203 15514 2689 1404 2281 599 24655 3525 1786 84118 1042 928 626 841 1051 493 897 83076 705 457 8604 1428 525 50802 22724 14475 588 3815
internal_count=343769 136635 127583 49850 7577 2325 5252 880 620 207134 617 2047 206517 42273 1824 9052 77733 4372 847 35585 3702 40169 113254 1619 93263 6688 3481 2553 5350 3461 4360 2897 19813 37564 1889 1396 9145 5124 1211 3913 628 15772 3208 1775 594 13280 2077 654 1190 3285 1583 11203 15514 2689 1404 2281 599 24655 3525 1786 84118 1042 928 626 841 1051 493 897 83076 705 457 8604 1428 525 50802 22724 14475 588 3815
is_linear=0
shrinkage=0.06


Tree=12
num_leaves=80
num_cat=0
split_feature=95 205 99 114 36 99 93 95 94 85 209 95 95 202 82 200 80 150 209 76 95 85 80 95 91 59 99 193 38 76 162 204 209 86 139 54 155 85 201 99 95 209 208 193 165 208 9 203 88 193 12 7 80 80 95 146 198 85 59 100 83 198 95 94 76 82 22 95 18 80 122 176 193 101 208 88 183 173 26
split_gain=4.118e+06 1.05763e+06 1.79707e+06 1.68268e+06 2.6765e+06 2.70202e+06 1.90757e+06 819046 664626 729688 549305 517810 418841 399619 368063 306114 299185 297641 254278 343631 380303 248411 210924 194172 161033 144345 124784 456728 350607 103083 183865 756880 102188 147158 339734 296045 311714 100839 94646.2 101247 89579.2 83777.2 72390.2 99123.5 86393.2 67991.2 60083 59331.2 58719.2 56981.3 55106.6 77964.8 52533.1 52486.6 51799.1 51744.7 51741.4 55284.1 51469.3 45715 45212.8 43627.8 41364.2 40036.9 39785.8 39631.3 38611.5 33659.5 31831.1 31680.6 27712.2 34547.7 27492.4 55260 27121 26977.8 71629.3 26732.2 26309.4
threshold=14.924178600311281 0.93301269412040722 0.5849612057209016 352.88233947753912 267.28839111328131 0.91204342246055614 27.415249824523929 37.913728713989265 27.633520126342777 13.904999732971193 4.5000000000000009 9.184965133666994 43.944955825805671 0.99140709638595592 20.001000404357914 15.449999809265138 38.962499618530281 1.7001918554306032 7.5000000000000009 47.20930480957032 24.24803447723389 11.402499675750734 15.779999732971193 20.749359130859379 19.402500152587894 0.36105085909366613 0.72101914882659923 8.9499998092651385 -131.87499999999997 32.651695251464851 2.1132373809814458 10.500000000000002 10.500000000000002 9.5075001716613787 21.68650054931641 19.170675277709964 13.394999980926515 25.210000038146976 117.50000000000001 0.33317074179649359 5.975832700729371 5.5000000000000009 0.2332836911082268 16.94999980926514 5.4138731956481942 -0.031174269504845139 238.44999694824222 0.97625884413719188 8.9039998054504412 5.0499999523162851 320.14999389648443 285.62500000000006 18.901499748229984 23.026499748229984 26.083090782165531 15.84999990463257 0.94999998807907116 11.129000186920168 0.14926966279745105 129.69999694824222 30.699000358581547 8.8499999046325701 12.485429286956789 29.319250106811527 22.070900917053226 21.832500457763675 160.02749633789065 19.900753021240238 59.541500091552741 26.501500129699711 10.300537109375002 5.3750000000000009 25.44999980926514 83.700000762939467 -0.39036008715629572 10.386499881744387 60.75782775878907 1353.6199951171877 140.11650085449222
decision_type=10 2 2 8 8 2 10 10 10 8 2 8 10 8 10 8 2 2 2 8 10 10 2 10 8 10 2 8 10 10 2 2 2 8 8 10 2 10 8 2 10 2 2 10 2 2 10 10 8 8 8 8 2 2 10 10 8 8 10 8 8 8 8 8 10 10 8 10 10 2 8 2 10 8 2 8 10 2 8
left_child=11 7 12 53 5 6 8 22 13 -10 15 40 32 17 78 -7 47 21 19 20 -6 23 56 48 66 -22 62 28 -28 -29 31 -31 33 34 -3 -36 -37 67 39 63 -1 58 43 -41 -44 61 64 60 -5 -42 77 -52 -34 -4 -45 -19 -2 -58 -18 -56 -9 -21 -13 75 -43 -40 -12 -24 -55 -39 71 -32 -14 -74 -60 76 -35 -20 -8
right_child=1 2 3 4 18 10 14 16 9 -11 24 26 72 -15 -16 -17 41 55 50 45 25 -23 37 -25 -26 -27 27 29 -30 30 70 -33 52 38 35 36 -38 69 65 42 49 46 44 54 -46 -47 -48 -49 -50 -51 51 -53 -54 68 59 -57 57 -59 74 -61 -62 -63 -64 -65 -66 -67 -68 -69 -70 -71 -72 -73 73 -75 -76 -77 -78 -79 -80
leaf_value=-0.31805441624407971 0.78754323653381897 0.084719139916698355 -0.030085303305042537 6.2226009962293833 3.2641381791202808 4.0918324626456286 -0.8150885393364089 0.037001978735584834 0.52711711102624936 4.7903690478380989 -0.50588493078844887 -0.12131924014295843 1.014261682604032 2.3825990510995587 2.7622704411467702 1.0900138734121922 1.2022312424945345 5.6837343695554239 -0.20254791226328198 1.3899240171240597 -0.20461031521100606 3.0806670841211226 0.033903064626711235 3.7896233781171693 1.475506037202365 1.8889546881343278 0.14241035936445726 -0.1164155543100456 3.4832564192071671 4.063147304035355 -0.096561729794039444 -0.19430540203951394 -0.13353579465945026 1.2751260584988875 -0.25217192022458595 4.1599161997064948 1.3102888057350126 0.20284764120633234 0.01025596589367183 2.0252887440255831 0.63598473605426309 0.61499908812294235 0.062266823164419324 0.5142175919491988 1.3564598825553225 -0.26143193692125322 2.2283689477662931 1.1836555115552234 4.9410429531214186 -0.21309333546619996 0.042169973646837562 1.4740502032486635 0.18231766013827094 0.29086033495839614 0.6874412013567528 7.0443383604904701 -0.17056537243876363 -0.0012830757553170587 0.011123061311509221 1.8229415357841674 0.52377219767664251 0.1815033488759869 -0.037044731097764148 0.62765591415019339 1.4109543780339036 0.24757913539547904 0.41666024659551787 0.15326182164339974 1.0938579101839536 0.40078576398784377 -0.056244920110152315 0.9664326521120965 0.98579284089703978 2.3087602895409312 0.74522117141255872 0.15807648432378682 0.022993602100938846 0.36743620299480179 0.10958538507178742
leaf_weight=50563 264 1081 3174 377 381 203 209 1966 309 271 874 56355 1279 212 201 308 984 231 1610 204 267 286 15262 279 211 212 204 5008 253 222 203 461 4063 284 203 224 362 5671 7228 205 285 298 1324 1978 215 523 260 241 244 58064 377 214 3552 1082 293 260 10110 22181 202 228 1055 227 33391 807 967 3899 200 19214 212 5989 1624 239 268 200 1759 8510 389 362 234
leaf_count=50563 264 1081 3174 377 381 203 209 1966 309 271 874 56355 1279 212 201 308 984 231 1610 204 267 286 15262 279 211 212 204 5008 253 222 203 461 4063 284 203 224 362 5671 7228 205 285 298 1324 1978 215 523 260 241 244 58064 377 214 3552 1082 293 260 10110 22181 202 228 1055 227 33391 807 967 3899 200 19214 212 5989 1624 239 268 200 1759 8510 389 362 234
internal_value=-0.000688137 0.254757 0.473357 1.05803 1.51833 2.48005 3.549 0.127406 4.3073 2.5239 0.626296 -0.169571 0.253571 4.85325 0.639632 2.28818 0.716626 5.16397 0.439396 0.982777 1.85181 4.64022 0.0695026 5.13185 -0.0358424 0.723983 -0.0694775 0.154349 1.9955 0.0456348 0.340785 1.19344 0.2081 0.262435 0.77597 1.72174 2.4048 0.152018 0.224538 0.327021 -0.259597 1.03541 0.572551 0.759485 0.24383 0.198248 1.39665 0.279599 5.72781 -0.208935 0.0545771 0.562265 0.0137979 0.101247 0.654879 6.41707 -0.0474367 -0.0542874 0.847945 1.1869 0.20711 0.755364 -0.0899647 0.222692 1.22408 0.0934309 -0.333861 0.100426 0.423161 0.304542 0.058465 0.479109 1.15989 1.55488 0.669647 0.187039 0.55249 -0.0977827 -0.327514
internal_weight=343641 136769 50346 13754 9286 4909 3113 86423 2469 580 1796 206872 36592 1889 644 511 7732 1677 4377 1814 860 1186 78691 900 1285 479 97960 8214 457 7757 2749 683 34845 27230 1870 789 586 46136 25360 14233 108912 4470 4243 2704 1539 954 1525 3262 621 58349 2563 591 7615 4468 2499 491 32555 32291 2945 521 3021 431 89746 9990 1265 11127 1074 34476 1294 11660 2066 442 1747 468 1961 9183 673 1972 443
internal_count=343641 136769 50346 13754 9286 4909 3113 86423 2469 580 1796 206872 36592 1889 644 511 7732 1677 4377 1814 860 1186 78691 900 1285 479 97960 8214 457 7757 2749 683 34845 27230 1870 789 586 46136 25360 14233 108912 4470 4243 2704 1539 954 1525 3262 621 58349 2563 591 7615 4468 2499 491 32555 32291 2945 521 3021 431 89746 9990 1265 11127 1074 34476 1294 11660 2066 442 1747 468 1961 9183 673 1972 443
is_linear=0
shrinkage=0.06


Tree=13
num_leaves=80
num_cat=0
split_feature=96 97 205 97 100 94 97 94 112 207 95 96 94 99 193 125 36 96 194 193 99 185 96 141 94 74 11 207 97 97 160 92 123 205 90 209 103 74 194 94 81 201 36 47 66 81 194 205 163 57 207 95 90 205 94 110 20 92 5 207 193 123 94 76 44 95 207 93 16 104 205 94 94 201 77 94 94 206 201
split_gain=3.67449e+06 1.09308e+06 4.24199e+06 9.99984e+06 1.67195e+06 1.29806e+06 950770 945816 723522 876683 371029 327694 272088 256688 201759 185984 450688 146941 139106 118820 175300 116220 91988.2 106466 74365.8 70488.9 62643.9 62620.3 58756 265958 58287.1 57372.3 53880.7 52100.5 106361 268456 541214 110692 53524.4 51325.2 47817 45524.6 77038 43939.2 42733 39462.8 38835.5 61542.3 34814.7 34112.1 109124 34083.8 34863.4 79249 223910 368993 553871 37355.1 52808.8 33705.8 32766.8 32106.8 31406.6 30497.5 29700.7 124486 29356.6 28578.2 28092.5 27809.3 29011.9 27486.8 26791.1 26279.6 26215 25979.5 24279.8 24256.1 24139.9
threshold=13.936894416809084 36.21507644653321 0.93301269412040722 48.168771743774421 22.650000572204593 42.197711944580085 63.294715881347663 32.556417465209968 -1314.752502441406 0.27694219350814825 25.509792327880863 8.06439256668091 42.197711944580085 0.82751867175102245 14.150000095367433 0.33169119060039526 204.98958587646487 17.880798339843754 32.500000000000007 5.0499999523162851 0.30372016131877905 153.70687103271487 46.914346694946296 7.3819017410278329 10.776729106903078 32.660623550415046 69.009998321533217 -0.32614396512508387 42.884325027465827 48.168771743774421 28.500000000000004 21.503999710083011 40.75843811035157 0.93301269412040722 12.002500057220461 3.5000000000000004 124.27350234985353 20.138187408447269 50.500000000000007 4.5551645755767831 9.927500247955324 52.500000000000007 171.22954559326175 31.702500343322757 104.97399902343751 15.779999732971193 62.500000000000007 0.37940952181816107 32.915000915527351 0.1794179901480675 0.96234640479087841 9.184965133666994 8.9014997482299822 0.93301269412040722 10.642074108123781 857.75000000000011 204.51999664306643 31.758500099182132 151.05000305175784 0.999393790960312 35.049999237060554 3.8794074058532719 22.458884239196781 59.749738693237312 10.5314998626709 15.670791149139406 0.97112539410591137 27.817334175109867 29.052990913391117 4.461956501007081 0.12940952181816109 9.623660087585451 18.428458213806156 97.500000000000014 90.812438964843764 15.452107906341555 25.949479103088382 0.91597560048103344 157.50000000000003
decision_type=8 2 2 2 10 10 2 10 10 2 10 10 10 2 8 10 8 10 8 8 2 10 8 8 10 10 10 2 2 2 10 8 10 2 8 2 8 8 8 8 2 8 8 8 8 2 8 2 10 8 2 10 10 2 8 8 8 8 8 2 10 8 10 8 10 10 2 10 10 10 2 8 10 8 8 8 10 2 10
left_child=11 5 18 4 7 10 8 13 9 -5 17 39 66 25 -15 16 -14 51 21 20 -13 -3 77 -24 -21 43 -18 -25 46 -30 33 73 -29 45 35 36 -35 -37 59 -1 -20 42 -33 -4 72 -19 47 -26 -31 50 -41 -2 53 -53 55 -55 -57 -56 -59 -36 -23 78 -27 67 65 -40 -8 -43 -42 70 -70 -66 -39 76 -75 -54 -12 -7 -49
right_child=1 2 3 6 -6 22 12 -9 -10 -11 31 19 15 14 -16 -17 26 30 40 24 -22 60 23 27 28 62 -28 32 29 48 -32 41 -34 34 38 37 -38 44 64 49 68 63 -44 -45 -46 -47 -48 61 -50 -51 -52 52 75 54 57 56 -58 58 -60 -61 -62 -63 -64 -65 71 -67 -68 -69 69 -71 -72 -73 -74 74 -76 -77 -78 -79 -80
leaf_value=-0.32544315298771559 -0.26872674001217811 1.7634846747357134 4.9727711294202379 1.6042536517412946 -0.054530469647185366 0.5833392613137417 -0.30658437429666241 1.5973487304959977 -0.70349955416028043 6.5807961896587823 0.15246304862693885 -0.23067409579310258 3.3069176348276876 5.8924767784371754 3.2844487407842577 -0.013612040840243258 1.0785774167373028 0.0082573044366249151 -0.22690783501607664 -0.15985870853445644 2.1819783771571823 -0.12762124494407634 2.4340464868280107 1.8375225252943768 -0.038444124901560447 6.2629632052915021 -0.19485903694084636 1.0764752937355717 1.8056058465113487 0.23532299847796456 -0.034862870998479345 1.549018909155305 0.073268462975048326 0.15817166159435042 0.37749101540233732 1.5024195327288632 3.4562794153501808 -0.37674042117205403 1.7441065692955864 -0.22957363477759105 0.56957256118231747 0.28092516746161539 0.51073269679824329 6.0856275394984651 0.78419553938274555 0.1583221484824395 -0.10406169099813858 1.2189767477432734 -0.62435832132972835 -0.23544995086670906 1.2990685073733328 -0.023436950609353868 -0.076540190006467251 -0.31334852588929207 -0.0079103707852013136 4.6922637691737998 0.23125450168082964 0.12891654153829918 1.104939160259633 1.1852726451311171 0.79843380965091082 0.18345163364416983 7.2342395511426423 0.066449427353316229 -0.48000811239877311 0.18552306475103078 0.43743107348753901 0.4745504331711608 -0.1268634637574623 0.49061298889411581 0.2070311952921218 0.11104600092084979 0.18301145338266753 0.13806910592011051 -0.55594265689464606 0.023452595679153674 0.45609788145822344 1.1221361244340307 0.35687913775878177
leaf_weight=32428 1744 253 202 342 219 1695 3242 209 206 203 1723 235 271 210 228 725 238 9491 6058 55022 200 361 227 372 13329 372 332 3260 325 288 6402 287 205 419 2038 202 312 692 205 712 307 5314 2441 657 216 18814 34385 210 410 49551 219 7967 19159 300 2688 200 200 641 289 204 221 1739 303 1234 290 1770 202 5689 4209 361 1204 10673 553 4444 204 18276 2111 367 265
leaf_count=32428 1744 253 202 342 219 1695 3242 209 206 203 1723 235 271 210 228 725 238 9491 6058 55022 200 361 227 372 13329 372 332 3260 325 288 6402 287 205 419 2038 202 312 692 205 712 307 5314 2441 657 216 18814 34385 210 410 49551 219 7967 19159 300 2688 200 200 641 289 204 221 1739 303 1234 290 1770 202 5689 4209 361 1204 10673 553 4444 204 18276 2111 367 265
internal_value=7.31064e-05 0.217249 0.618126 1.6898 4.94294 0.153693 0.333938 5.44455 2.32329 3.46656 0.112602 -0.177108 0.0353296 5.85127 4.54545 0.690805 1.29736 0.0638824 -0.0560654 -0.107426 0.881052 0.692558 1.00671 1.17241 -0.111492 6.22092 0.337814 1.09715 -0.0592589 0.390649 0.134728 0.328155 1.01716 0.158393 0.239537 0.611155 1.56864 0.189585 0.180894 -0.266535 -0.107613 0.398817 0.620493 5.83002 0.00716667 0.108006 -0.068485 0.0102213 -0.269818 -0.228689 0.131018 -0.0080891 0.00105836 0.0887587 0.295725 1.27719 2.4679 0.105534 0.433079 0.451487 0.224791 0.303088 6.70901 0.349352 0.133972 0.348101 -0.262832 0.381071 0.0112476 -0.0185317 -0.0525716 0.0953687 -0.128164 0.203451 0.107496 -0.0277238 0.31972 0.679733 0.739777
internal_weight=343771 154453 21135 8161 2400 133318 5761 2181 751 545 127192 189318 5010 1972 438 1566 841 103745 12974 106408 435 835 6126 4064 105973 1534 570 3837 50951 1023 52281 23447 3465 45879 17574 2394 731 1663 15180 82910 12139 14965 2728 859 1461 28305 49928 15543 698 50482 931 51464 49720 12285 4318 700 400 3618 930 2242 582 2214 675 12237 12938 1975 3444 11003 6081 5774 5413 10963 1245 8482 4648 37435 3834 2062 475
internal_count=343771 154453 21135 8161 2400 133318 5761 2181 751 545 127192 189318 5010 1972 438 1566 841 103745 12974 106408 435 835 6126 4064 105973 1534 570 3837 50951 1023 52281 23447 3465 45879 17574 2394 731 1663 15180 82910 12139 14965 2728 859 1461 28305 49928 15543 698 50482 931 51464 49720 12285 4318 700 400 3618 930 2242 582 2214 675 12237 12938 1975 3444 11003 6081 5774 5413 10963 1245 8482 4648 37435 3834 2062 475
is_linear=0
shrinkage=0.06


Tree=14
num_leaves=80
num_cat=0
split_feature=96 97 205 97 100 94 93 97 132 9 96 96 94 94 35 96 194 200 95 141 193 85 54 166 92 97 81 81 207 85 194 85 85 207 56 166 97 205 91 146 180 194 194 201 31 104 94 16 207 35 16 160 201 197 34 76 96 97 194 199 36 92 112 193 191 209 27 166 91 194 56 70 36 194 85 99 118 25 105
split_gain=3.21406e+06 1.04833e+06 3.73713e+06 8.94817e+06 1.45603e+06 1.19218e+06 854853 757173 638699 719837 294075 246752 240239 217593 190498 171735 123149 111911 89000.6 82102 76690.3 165609 75529.7 111852 68934.9 88367.2 55857.9 55212.8 51318.5 50260 60949.8 49630.2 48359.1 50267.4 40497 40080 42081.9 47622 96943.8 213186 48188 39654 36411.5 35124.5 52377.4 109522 31829.8 31347.3 31145.8 31133.6 96164.1 30958.3 38697 29722.7 69608.2 28887.9 28556.6 30965.7 131392 28384.5 28338.9 27950.4 27881.9 27582.5 36309.6 27239.1 47871.8 75497.5 40600.7 89523.5 25519.8 29531.2 25961.8 25379.8 23592.9 23453.5 38634.1 23185.9 25314.2
threshold=13.335365295410158 36.21507644653321 0.93301269412040722 48.168771743774421 22.650000572204593 36.957334518432624 28.269000053405765 63.294715881347663 -73.857776641845689 30.755000114440922 19.245353698730472 7.4810249805450448 25.663520812988285 42.197711944580085 121.29818725585939 43.21882629394532 32.500000000000007 14.34999990463257 28.483522415161136 5.9231507778167733 5.0499999523162851 6.7260000705719003 60.971124649047859 36.500000000000007 14.885000228881838 42.884325027465827 13.828999996185305 18.101500511169437 0.9470459818840028 27.202500343322757 96.500000000000014 11.502500057220461 52.850000381469734 -0.32614396512508387 60.846452713012702 79.500000000000014 24.971164703369144 0.37940952181816107 9.681000232696535 20.94999980926514 0.59805998206138622 50.500000000000007 66.500000000000014 92.500000000000014 132.0350036621094 29.585416793823246 4.2543771266937265 27.914626121521 0.97112539410591137 238.76918029785159 117.33075332641603 21.500000000000004 137.50000000000003 983.54998779296886 110.43746185302736 61.074563980102546 9.9847736358642596 42.884325027465827 86.500000000000014 99.500000000000014 403.36105346679693 12.308000087738039 90.149997711181655 32.049999237060554 7.2370414733886728 10.500000000000002 260.02999877929693 152.50000000000003 8.6524996757507342 86.500000000000014 90.073581695556655 10.401000022888185 251.23167419433597 20.500000000000004 12.405999660491945 0.87895214557647716 20.849999427795414 205.03749847412112 14.771258831024172
decision_type=8 2 2 2 10 10 8 2 10 10 10 10 10 10 8 8 8 10 8 8 8 10 10 10 8 2 2 2 2 8 10 10 10 2 10 10 2 2 8 10 10 8 10 8 8 8 8 10 2 8 10 8 8 10 8 8 10 2 10 10 8 8 10 10 10 2 10 10 10 10 10 10 8 8 8 2 10 8 10
left_child=11 5 16 4 6 10 12 8 9 -5 29 46 24 48 -15 60 17 -3 27 -17 21 -13 42 -24 25 -4 56 35 -19 51 53 -18 63 -34 -35 36 37 75 39 40 -39 -40 -16 44 45 -20 -1 -33 -9 50 -43 52 65 -31 -55 -45 -22 -58 -59 -27 73 -44 -49 64 -21 66 -2 68 69 -68 72 -72 77 -7 -38 -12 -77 -46 -79
right_child=1 2 3 7 -6 15 -8 13 -10 -11 18 20 -14 14 22 19 31 28 43 32 26 -23 23 -25 -26 59 -28 -29 -30 30 -32 47 33 34 -36 -37 74 38 41 -41 -42 49 61 55 70 -47 -48 62 -50 -51 -52 -53 -54 54 -56 -57 57 58 -60 -61 -62 -63 -64 -65 -66 -67 67 -69 -70 -71 71 -73 -74 -75 -76 76 -78 78 -80
leaf_value=-0.31108888063553625 0.058723049850190036 1.8319758527888725 4.6025661515786096 5.7477510070867597 -0.012634525275537491 0.10367137543510738 1.3648171292179323 -0.26831005595836932 -0.8411892103735763 1.365690285205841 0.021491163472020923 1.9414192710956242 3.8704985992670058 2.1677170187254724 0.53611951470815011 2.1261593855501255 -0.1929047747998536 0.92044727706042417 0.41516325113540087 1.5062832189577184 -0.17666659706450796 -0.30513056313388653 1.9595987359434364 0.01951215928289252 6.4262107676510354 5.1754391461749414 -0.027073051646714433 0.20252375304743925 -0.17743712019156382 0.021655351492617735 1.1262235376923198 0.73092515982338724 1.8047846013037385 1.1214235559735388 0.25248597477733248 -0.10349345191752467 -0.67073837846039441 -0.30003334814080396 0.5110519049491129 2.5503278026028591 0.78554073185109607 0.10592311158118903 -0.64149681104203826 0.29223347936109251 0.34659986045262897 2.0281841359240729 -0.22937944357417328 -0.01464159357648686 0.48717374081816966 -0.071211314601979769 1.2655086234058301 -0.10893522236301434 -0.037560118494906439 1.1126600103657873 0.16751752298429509 -0.11345434857020753 -0.11425231358322263 -0.32322720175342901 1.5515487572507161 6.0246831038487354 0.12138986936788321 0.19934937020408289 0.66354947919787266 0.2115144181481167 0.7196964182390132 -0.053205913587459699 0.16666883510667904 1.3036569320697768 0.070766132181423705 1.6092651751869032 1.2958683688649153 0.30146688638775831 0.20728555792370332 0.63551553458992371 0.087350335216947961 -0.035669188365340235 1.0794065694903652 1.4011859394774062 0.44565473038758802
leaf_weight=28468 15537 214 324 222 221 362 202 3295 201 344 8492 202 299 243 325 240 7486 250 458 253 42877 282 215 212 441 257 18593 29416 393 4944 220 234 363 2243 212 3756 373 265 1011 203 329 2236 311 6622 652 226 43281 4265 208 2147 290 9831 30878 306 3261 698 45475 391 204 696 570 261 229 291 1297 5464 513 259 1741 221 221 210 2252 3032 244 249 202 201 200
leaf_count=28468 15537 214 324 222 221 362 202 3295 201 344 8492 202 299 243 325 240 7486 250 458 253 42877 282 215 212 441 257 18593 29416 393 4944 220 234 363 2243 212 3756 373 265 1011 203 329 2236 311 6622 652 226 43281 4265 208 2147 290 9831 30878 306 3261 698 45475 391 204 696 570 261 229 291 1297 5464 513 259 1741 221 221 210 2252 3032 244 249 202 201 200
internal_value=-0.000229547 0.191557 0.583746 1.58127 4.63174 0.133001 5.0941 0.305528 2.06119 3.09155 0.0884636 -0.175551 5.46672 0.0395739 0.627047 0.806926 -0.0479925 0.646849 0.185805 1.04452 -0.118261 0.634549 0.342858 0.998667 5.74211 5.50102 -0.121655 0.150388 0.25019 0.0073789 0.142466 -0.0967954 0.988352 1.1448 1.04652 0.0729149 0.114225 0.133669 0.257501 0.8768 0.301545 0.170525 0.0299081 0.334245 0.467815 0.950303 -0.261803 0.0553865 -0.223325 0.0967589 0.239499 -0.0109248 0.00671988 0.116907 0.248887 0.253539 -0.141425 -0.108623 0.321078 5.80133 0.513106 -0.258146 0.0200568 0.748384 0.848976 0.064325 0.099474 0.330951 0.228675 0.602619 0.379249 0.813177 0.322432 0.578837 -0.371287 0.0439095 0.465049 0.56826 0.926906
internal_weight=344112 164339 21348 8277 2440 142991 2219 5837 767 566 134128 179773 2017 5070 1567 8863 13071 857 60953 4899 108024 484 1324 427 1718 1277 107540 49213 643 73175 8731 12214 4659 2818 2455 19797 16041 15424 6481 797 594 5684 897 11740 4420 684 71749 4728 3503 4673 2526 64444 54613 8511 3567 7320 88947 46070 595 953 3964 572 4494 1841 1550 23735 18271 2734 2475 734 3736 431 3305 3394 617 8943 451 1053 401
internal_count=344112 164339 21348 8277 2440 142991 2219 5837 767 566 134128 179773 2017 5070 1567 8863 13071 857 60953 4899 108024 484 1324 427 1718 1277 107540 49213 643 73175 8731 12214 4659 2818 2455 19797 16041 15424 6481 797 594 5684 897 11740 4420 684 71749 4728 3503 4673 2526 64444 54613 8511 3567 7320 88947 46070 595 953 3964 572 4494 1841 1550 23735 18271 2734 2475 734 3736 431 3305 3394 617 8943 451 1053 401
is_linear=0
shrinkage=0.06


Tree=15
num_leaves=80
num_cat=0
split_feature=94 94 205 99 99 36 100 93 199 94 85 39 94 87 209 45 193 82 194 86 26 94 99 28 181 93 23 4 35 10 9 207 72 99 193 20 75 16 80 85 94 114 87 147 79 39 91 85 29 49 207 198 207 193 73 91 45 35 52 36 206 207 207 207 76 193 199 99 147 93 193 99 92 90 205 208 199 94 115
split_gain=2.83517e+06 755968 651984 1.34171e+06 1.2959e+06 1.30912e+06 2.40542e+06 1.42935e+06 526516 544654 423187 386266 335523 299441 241762 326487 221402 215707 184233 147412 134693 114264 109543 101459 86570.2 81595.4 81173.1 79496.4 72682.8 84441.8 71686.5 70099.3 69626.6 68945.7 167768 174589 71875.1 80558.2 64151.1 61426.7 59977.7 58139.5 57946.6 51905.5 49317.8 76955.2 80567.3 48199.2 47082.9 43927 48927.3 43560.2 43470.5 83615.2 148871 42740 40514 52250 39059.2 42876.8 48981.6 38404.2 37857.3 47269 137682 37316.3 34584.4 32206.7 31212.8 31141.7 31087.3 30455.1 28026.4 27464 27291.3 38633.4 28875 27108.1 25801.9
threshold=14.688240528106691 42.197711944580085 0.37940952181816107 0.60014364123344432 0.91204342246055614 261.05882263183599 1.0000000180025095e-35 32.941583633422859 19.500000000000004 27.989417076110843 11.502500057220461 0.46238921582698828 8.5371303558349627 10.403499603271486 2.5000000000000004 48.987501144409187 8.6500000953674334 45.241500854492195 51.500000000000007 17.803999900817875 70.341499328613295 26.544060707092289 1.04492723941803 81.099998474121108 7.0000000000000009 62.169025421142585 478.06250000000006 43.969999313354499 243.2447204589844 106.24750137329103 16.029999732971195 0.9996619224548341 0.85350000858306896 0.74050867557525646 9.4499998092651385 248.11100006103518 30.149911880493168 32.181882858276374 18.755999565124515 26.133500099182132 4.1683957576751718 175.01625061035159 9.8415002822875994 -0.71322327852249134 1.0574485659599306 0.49492545425891882 7.3185000419616708 12.405999660491945 328.12500000000006 30.604000091552738 0.90162119269371044 8.6500000953674334 0.89017060399055492 16.050000190734867 58.506250381469734 14.828999996185305 68.312500000000014 269.48765563964849 23.821499824523929 128.78221130371097 1.0000000180025095e-35 0.87811094522476207 0.97112539410591137 -0.87395131587982167 57.534769058227546 16.849999427795414 321.50000000000006 0.50591489672660839 -0.41467745602130884 27.415249824523929 5.0499999523162851 0.94932973384857189 15.812500000000002 10.806000232696535 0.93301269412040722 0.14037931710481646 238.50000000000003 23.784187316894535 0.45466084778308874
decision_type=8 10 2 2 2 8 10 10 10 8 10 8 10 8 2 10 8 10 8 8 8 10 2 8 2 10 8 10 10 8 10 2 10 2 8 8 10 8 2 10 10 10 10 10 8 8 10 8 10 8 2 10 2 8 8 8 10 8 10 10 2 2 2 2 10 8 10 2 10 10 8 2 8 8 2 2 10 8 10
left_child=12 2 19 18 5 6 7 8 -5 11 -11 20 40 -13 15 -7 -6 22 31 47 -10 -17 23 -3 25 -19 41 -22 29 -29 43 51 42 52 35 -35 -36 -38 62 72 -1 55 -16 -25 73 46 -46 -2 -43 50 -8 69 -14 54 -54 -26 67 -58 59 -39 -61 -34 63 64 -20 -64 -24 -32 -9 -4 -42 -57 -21 -18 -55 76 -76 -40 -75
right_child=1 17 3 4 16 14 49 68 9 10 -12 13 33 -15 32 21 44 24 38 39 27 -23 66 30 26 -27 -28 28 -30 -31 56 -33 61 34 36 -37 37 58 77 -41 70 48 -44 -45 45 -47 -48 -49 -50 -51 -52 -53 53 74 -56 71 57 -59 -60 60 -62 -63 65 -65 -66 -67 -68 -69 -70 -71 -72 -73 -74 78 75 -77 -78 -79 -80
leaf_value=-0.28925088342122079 -0.13018097463930078 1.7726477854662102 0.43092780500222488 0.62807344729089976 1.5950840182015389 3.4350592877518604 0.021815591895273913 0.43696122219472527 3.5848061997389671 0.38616004624039274 4.0476292668883476 4.2984379614231196 -0.099178684106129761 1.1391563570201395 1.5288390167256654 1.7221294753784591 -0.39556405825866325 1.0540463499551596 0.049003132271755338 0.012663049650702994 5.9855486661454904 -0.097992735474540529 -0.14496557090500867 0.50679555776303109 0.13552675954131194 2.6091065878539843 0.24232802162485179 3.7181238069221241 5.7400038230582462 5.1438726428285717 0.65847170732744775 1.3382355716015444 -0.15059149040850331 2.5187481082522347 -0.11993955922347796 0.085348252074359213 1.4292273378678657 -0.0486835616200893 0.12012164843682635 0.27161095302857924 0.37070780192784625 1.0385163050703703 0.25446363510428821 1.7393425905482687 1.657321143191762 -0.33585214559583654 0.18427662329545599 0.018955026983281935 2.2527601978308716 -0.086746926941321328 1.0694757989414978 0.19295667178065648 0.078525913102802242 -0.07620099557973771 1.6270625456374186 0.89565266680002253 1.4634978867990189 0.42857697431732938 0.0078285241483527918 0.26150993487699564 1.3550948709071495 0.43072185436866789 0.81513871093179491 -0.071488014245536052 1.2984849844187689 0.14638159627537298 0.65084925606300859 0.033643511666739533 -0.56959804442597595 0.81919046816810004 -0.19143305543083247 1.6567831301689149 0.13589761214941892 0.60067144016521734 -0.0011844016321911214 -0.14735770981729629 0.33541474400212135 0.28103076906540264 -0.14857254156859109
leaf_weight=30157 11258 242 2454 202 296 203 320 201 290 262 200 214 75752 219 216 201 1645 300 2746 9584 275 322 1287 234 257 206 653 326 218 309 392 319 1525 206 4011 218 202 331 8080 9602 355 257 316 261 204 464 385 25404 212 1015 321 1908 815 13306 307 3744 231 729 1604 298 292 558 349 11045 358 2124 231 1216 245 1070 72888 200 21655 204 1601 1785 2148 7068 857
leaf_count=30157 11258 242 2454 202 296 203 320 201 290 262 200 214 75752 219 216 201 1645 300 2746 9584 275 322 1287 234 257 206 653 326 218 309 392 319 1525 206 4011 218 202 331 8080 9602 355 257 316 261 204 464 385 25404 212 1015 321 1908 815 13306 307 3744 231 729 1604 298 292 558 349 11045 358 2124 231 1216 245 1070 72888 200 21655 204 1601 1785 2148 7068 857
internal_value=-0.000966256 0.209876 0.169162 0.339184 0.891031 1.33583 1.99036 3.01426 3.56919 3.82567 1.97653 4.28588 -0.141703 2.70686 0.430989 1.39886 0.0180015 0.695369 0.162482 0.0604936 4.76581 0.60347 0.398415 0.592158 0.940962 1.69103 0.869357 5.06599 4.76287 4.41891 0.498342 0.474943 0.161848 -0.0649854 0.114567 1.27076 0.041634 0.279241 0.105907 0.138893 -0.218031 0.956963 0.773777 1.15888 -0.106576 0.241661 0.69641 -0.0268433 1.59101 0.158865 0.547312 0.424008 -0.0784219 0.000347331 0.503306 0.885816 0.370617 0.678869 0.186713 0.497908 0.804119 0.00526435 0.0245125 -0.013349 0.193484 0.241051 -0.0235146 0.186279 -0.116007 0.549016 -0.188703 0.93466 0.0980914 -0.242126 -0.0296311 0.0823357 0.191709 0.195215 -0.00408436
internal_weight=343965 137689 127037 49534 12013 7958 4617 2961 2515 2313 462 1851 206276 433 3341 726 4055 10652 37521 77503 1418 523 4823 3305 5829 506 5323 1128 853 635 3063 5751 2615 102876 7162 424 6738 2727 31770 40841 103400 4670 532 495 3759 1053 589 36662 469 1656 641 5432 95714 19962 1122 4201 2568 960 2525 921 590 2083 16622 14149 3104 2473 1518 1608 446 3524 73243 3944 31239 2706 18840 5534 3749 15148 1061
internal_count=343965 137689 127037 49534 12013 7958 4617 2961 2515 2313 462 1851 206276 433 3341 726 4055 10652 37521 77503 1418 523 4823 3305 5829 506 5323 1128 853 635 3063 5751 2615 102876 7162 424 6738 2727 31770 40841 103400 4670 532 495 3759 1053 589 36662 469 1656 641 5432 95714 19962 1122 4201 2568 960 2525 921 590 2083 16622 14149 3104 2473 1518 1608 446 3524 73243 3944 31239 2706 18840 5534 3749 15148 1061
is_linear=0
shrinkage=0.06


Tree=16
num_leaves=80
num_cat=0
split_feature=96 95 97 97 204 100 36 96 95 97 194 86 82 200 207 115 36 100 142 37 191 96 202 81 81 207 16 114 123 208 99 207 50 163 160 76 201 81 197 197 196 91 193 99 209 202 16 84 61 161 194 124 95 94 18 97 94 10 207 11 82 194 52 201 208 188 77 194 163 96 193 92 94 194 194 204 158 207 197
split_gain=2.62617e+06 710321 698576 3.00056e+06 6.86039e+06 1.33439e+06 1.00414e+06 311815 243693 235334 527276 219509 145887 126227 111874 108875 104473 477525 117612 92747 122059 81134 65711.2 64515.3 57931.9 57110.7 74764.2 69797.3 74386.5 54619.8 54115.8 49426.3 49267.2 106123 48879.8 46117.6 42538.7 41378.2 39702 39526.8 38737.4 38001.3 231945 37665.7 36902.8 36495.9 36118.3 36098.4 46100.9 35566 32790.8 35564.3 31354.5 47616.3 110881 28756.5 51325.8 28612.7 26660.3 37288.8 25966.2 35181.8 25717.3 25667.4 34249.9 29747.7 27993.8 25178.2 34286.6 24739.7 30961.4 85266.5 24621 23765.6 22151.1 39669.5 25910 22597.8 31107.5
threshold=14.902025222778322 43.944955825805671 36.21507644653321 54.202339172363288 8.0000000000000018 197.19999694824222 382.81842041015631 9.2945833206176776 25.79141998291016 42.884325027465827 91.500000000000014 3.9025000333786015 11.079999923706056 21.849999427795414 0.64579916000366222 1.0356022119522097 160.30117034912112 22.650000572204593 0.63881203532218944 24.689346313476566 46.802999496459968 17.880798339843754 0.84335932135581981 30.012999534606937 5.7775001525878915 -0.091260667890310274 105.84000778198244 110.72814941406251 20.049107551574711 0.274878740310669 0.24544165283441546 0.97112539410591137 52.729000091552741 3.6950000524520878 29.500000000000004 46.617485046386726 62.500000000000007 14.407499790191652 991.75000000000011 979.14999389648449 26.500000000000004 8.8775000572204608 16.150000572204593 0.21881825476884845 8.5000000000000018 -0.46173103153705591 49.917840957641609 19.527500152587894 70.049999237060561 16.195000648498539 55.500000000000007 1.1838058233261111 16.173789978027347 9.991244316101076 -24.996000289916989 97.217563629150405 32.556417465209968 271.08149719238287 0.9837264120578767 75.049999237060561 inf 69.500000000000014 14.277499675750734 77.500000000000014 -0.23537842929363248 1.4460163712501528 115.90660476684572 70.500000000000014 1.1599999666213991 13.160812854766847 8.9499998092651385 9.3274998664855975 50.659521102905281 75.500000000000014 54.500000000000007 10.500000000000002 19.500000000000004 0.96687895059585582 983.45001220703136
decision_type=8 10 2 2 2 8 8 10 10 2 10 10 8 8 2 10 8 10 2 10 8 10 10 2 2 2 10 10 10 2 2 2 8 10 10 8 8 2 10 10 10 8 8 2 2 10 10 8 10 2 10 10 10 10 8 2 10 8 2 8 8 10 8 8 2 8 8 10 10 10 8 10 10 10 8 2 2 2 8
left_child=7 2 8 4 5 -4 11 24 21 37 22 -7 31 16 15 32 17 -3 58 20 -14 52 -11 62 -1 27 39 -20 -29 -16 -15 55 33 -13 35 41 50 69 -30 -27 -28 42 -23 -38 -34 -32 -44 -21 -49 -48 51 -25 -2 54 -54 56 -5 -52 59 -18 -55 -62 -10 64 65 -64 -65 68 -6 74 71 -71 -41 -61 75 76 -9 -76 -79
right_child=1 13 3 12 67 6 -8 9 23 10 -12 14 19 30 29 -17 18 -19 25 47 -22 34 -24 36 -26 26 40 28 38 -31 45 -33 44 -35 -36 -37 43 -39 -40 72 -42 -43 46 -45 -46 -47 49 48 -50 -51 57 -53 53 60 -56 -57 -58 -59 -60 73 61 -63 63 66 -66 -67 -68 -69 -70 70 -72 -73 -74 -75 77 -77 -78 78 -80
leaf_value=-0.24777181343380766 -0.055075797916960371 3.8897703427807855 -0.1222720960454326 -0.18550655163193985 0.81471054661624165 3.1196409388641255 0.61924843741757829 0.14908892361954451 -0.12535746684875695 -0.23048201631991741 2.6664998863438489 5.4453806548422952 0.09267134590074419 0.73970223246624101 6.6164541865096371 3.42584960425078 0.96072553729528898 0.64536835641296819 0.39484634958299969 -0.017074007867782709 2.1239765324596971 1.8053994590318516 0.89516121620727962 0.68248774717665939 -0.15854194419557752 1.4500219391710709 0.64299597023514166 2.3649912779681062 1.7992445479975927 5.3495317170210965 0.24237414620357664 0.45951727292443617 4.8969089018268344 3.5802236009898936 -0.040364873689987285 0.047319375924229717 0.47131295826288516 0.0010413022315805321 0.76626043485812423 0.50141214823121782 -0.27890991539567506 0.16077333012624218 -0.31803890179807781 0.1890606753928378 6.0840969429016107 -0.54222115199017962 1.0131839402045053 0.19704951793797948 0.99284615148267585 0.13405265248285986 0.3591440783432131 1.6641932900793743 1.7255415145418982 0.024990830260675279 -0.071316624409432358 -0.33689136810566372 0.63753301216790881 1.0220564564809203 -0.2236686466803432 0.43827130142325088 0.10720063348428198 1.0241477011895539 0.35159079107714863 0.18516777990943045 0.29118013711475421 1.3773120269070311 -0.46698296211171347 -0.20636886669283999 0.013167742246991833 1.3876166560603627 -0.042406956123122903 -0.18876837750372205 0.95617526736091529 -0.265721516598309 -0.13944488520410489 -0.080031261275778628 0.86014466474872853 0.66327336142574489 -0.028208119236015738
leaf_weight=57304 18230 219 253 2169 216 230 220 1343 784 816 366 234 223 517 203 200 322 636 241 2400 203 360 241 366 48265 452 360 275 217 477 632 376 242 227 6303 14238 3814 22723 355 594 300 31037 479 3077 219 321 207 1473 318 816 1083 210 200 17544 321 4468 311 299 293 488 474 220 204 8286 4209 204 243 1845 1676 202 16616 315 1575 266 43441 9412 213 255 2751
leaf_count=57304 18230 219 253 2169 216 230 220 1343 784 816 366 234 223 517 203 200 322 636 241 2400 203 360 241 366 48265 452 360 275 217 477 632 376 242 227 6303 14238 3814 22723 355 594 300 31037 479 3077 219 321 207 1473 318 816 1083 210 200 17544 321 4468 311 299 293 488 474 220 204 8286 4209 204 243 1845 1676 202 16616 315 1575 266 43441 9412 213 255 2751
internal_value=0.0017333 0.202453 0.168904 0.514103 1.58004 4.00889 4.47285 -0.135302 0.113456 -0.0586304 0.707114 4.88956 -0.0431875 0.749055 5.11361 4.73108 0.861145 1.47996 0.768695 0.220923 1.06335 0.0692719 0.0267724 0.288848 -0.206979 0.920736 0.795339 1.29781 1.55396 5.73691 0.246087 -0.209689 5.01019 4.5367 0.116554 0.137537 0.415541 -0.0698398 1.1606 0.939028 0.22416 0.176579 0.439803 0.345326 5.47284 -0.0221933 0.111513 0.135061 0.338822 0.312757 0.662352 1.04267 0.000959829 0.0554153 0.62044 -0.245964 -0.0820794 0.503203 0.283155 0.421245 0.0392412 0.398931 0.208343 0.228252 0.342203 0.866565 0.166535 -0.0487112 0.105058 -0.0914449 -0.0281686 0.42864 0.831923 0.18989 -0.110326 -0.03363 0.246915 -0.128436 0.0306516
internal_weight=343717 139454 131391 18183 6242 2505 2252 204263 113208 98694 1423 2032 11941 8063 1802 1122 6593 855 5738 4617 426 90429 1057 22779 105569 4369 3281 1088 847 680 1470 7324 922 461 53440 47137 8849 97271 572 2621 660 32899 1862 6891 461 953 1502 4191 1791 1023 1958 576 36989 18759 521 6948 2480 1382 1369 1076 18238 694 13930 13146 4617 408 8529 3737 1892 74548 17133 517 2169 754 57415 10968 1556 46447 3006
internal_count=343717 139454 131391 18183 6242 2505 2252 204263 113208 98694 1423 2032 11941 8063 1802 1122 6593 855 5738 4617 426 90429 1057 22779 105569 4369 3281 1088 847 680 1470 7324 922 461 53440 47137 8849 97271 572 2621 660 32899 1862 6891 461 953 1502 4191 1791 1023 1958 576 36989 18759 521 6948 2480 1382 1369 1076 18238 694 13930 13146 4617 408 8529 3737 1892 74548 17133 517 2169 754 57415 10968 1556 46447 3006
is_linear=0
shrinkage=0.06


Tree=17
num_leaves=80
num_cat=0
split_feature=95 95 205 97 97 190 36 57 207 96 97 204 194 80 80 36 112 204 85 12 85 87 198 85 96 80 28 196 199 113 80 209 91 85 83 114 193 49 198 58 86 90 208 132 194 151 6 35 94 193 94 207 37 194 56 79 98 18 96 86 56 55 96 96 84 59 77 104 203 145 50 207 95 194 205 114 46 132 193
split_gain=2.30533e+06 694770 636454 2.42697e+06 5.93405e+06 1.92946e+06 1.1044e+06 493572 231019 228428 257028 547361 171416 144554 142607 113126 231284 673998 100480 89937.5 79709.1 323036 67860.2 67022.2 65074.4 64080.7 63280.8 61044.6 77342.5 119815 53553.7 49204.2 159869 67859.2 53266.7 45253.6 51694.6 45122.7 42834.4 41531.8 41438.9 40767 40052.9 37138.6 37136.3 34967.2 58929.3 97018.3 42711.6 143256 33972.9 33594.6 33289 32805.6 33109.5 54618.3 32488 32343.2 35182.5 31732.7 37485.6 39876.7 30242.5 27221.5 36220.4 35693.1 25206.2 24652.7 24581.1 23749.6 23651.3 23559.4 22824.5 22422.6 56592.1 38124.3 41874.7 32946.5 22408.5
threshold=13.968404769897463 39.422855377197273 0.37940952181816107 36.21507644653321 63.294715881347663 1.232256352901459 382.81842041015631 5.7406790256500253 -0.94975915551185597 9.1582765579223651 40.950769424438484 10.500000000000002 50.500000000000007 42.562500000000007 13.704999923706056 240.78892517089847 -1497.2999877929685 10.500000000000002 13.301500320434572 59.027500152587898 inf 11.006499767303469 8.6500000953674334 19.002499580383304 19.245353698730472 19.227499961853031 155.109001159668 24.500000000000004 322.50000000000006 67.743770599365249 7.4275000095367441 4.5000000000000009 8.5774998664855975 7.3015000820159921 16.951499938964847 -346.45733642578119 19.050000190734867 36.107500076293952 3.2500000000000004 10.85100030899048 28.105999946594242 11.229000091552736 -0.10837475582957266 -47.583591461181634 70.500000000000014 1.3350000381469729 184.05500030517581 352.02659606933599 11.477128505706789 26.050000190734867 25.663520812988285 0.97112539410591137 67.026897430419936 72.500000000000014 81.942749023437514 0.85227510333061229 6.7764999866485605 -47.990499496459954 27.858308792114261 9.1354999542236346 39.534437179565437 39.886434555053718 50.332506179809577 5.1829547882080087 0.40500000119209295 0.34720082581043249 18.15897369384766 5.006521701812745 0.19936034083366397 6.8500001430511483 54.055000305175788 0.95752912759780895 34.328315734863288 58.500000000000007 0.37940952181816107 -193.49452972412107 22.451499938964847 -45.446657180786126 33.250000000000007
decision_type=10 10 2 2 2 8 8 8 2 10 2 2 8 2 2 8 10 2 8 10 8 8 10 8 8 2 8 8 10 8 2 2 8 10 8 8 10 8 10 10 10 8 2 8 10 10 10 8 10 10 10 2 10 8 8 10 2 10 8 8 10 10 8 10 8 10 10 10 10 10 8 2 10 8 2 10 8 8 10
left_child=9 2 14 12 5 -5 7 -7 -9 30 56 -12 22 15 42 16 17 -3 39 -20 24 -22 35 -16 45 51 -27 28 38 -30 63 32 -26 -34 -33 -4 -37 -19 -15 41 -25 52 -2 68 78 46 48 -48 49 -14 -38 -6 -10 54 69 -56 73 -23 -59 -35 61 -61 -40 -1 65 -65 -52 -18 -29 -17 -49 -47 -42 74 -11 -76 -77 -75 -44
right_child=1 13 3 4 25 6 -8 8 18 10 11 -13 20 27 23 53 67 37 19 -21 21 57 -24 40 31 26 -28 43 29 -31 -32 34 33 59 -36 36 50 -39 62 -41 72 -43 44 -45 -46 71 47 70 -50 -51 66 -53 -54 -55 55 -57 -58 58 -60 60 -62 -63 -64 64 -66 -67 -68 -69 -70 -71 -72 -73 -74 77 75 76 -78 -79 -80
leaf_value=-0.26184893120981284 -0.17036725621810769 3.9494483747785742 0.2681895777521901 -0.59711228316639831 -0.29579021181796195 1.6221656500466979 0.44391135481505617 3.1114178039716638 4.2298402804565427 -0.070329781478057962 2.6506904109959137 -0.25926935290629716 -0.086967976031912184 1.5225454267549376 0.021630114693352909 0.54145609724958799 0.068364468343070639 0.75283468251297281 6.7575564281757066 4.9093130777910421 2.084974217863496 0.65636266098588614 0.16596838510352208 0.11682340539362433 1.4558697736168964 1.2914563742169898 -0.04497850007756591 1.0052571333663005 0.80538029650162002 2.8136714900162683 -0.12733751619357658 -0.1164540431772824 1.0376502560856737 0.77914300763438382 0.16293363673215011 1.5179580401978952 0.46246279635276333 -0.50340942026314572 0.54699388559561524 4.1137144136714365 0.23401797463204968 5.519618763285024 0.018507523923623644 0.17929998274339307 -0.15531103406851884 -0.12143454709674671 1.4039013678698729 -0.33501376178579512 -0.00057071376281555663 1.7529973847793237 1.4168483692410612 0.4984958464257857 5.1517527964920502 -0.066830525237831701 0.13527158223700114 1.4479442194720109 0.039396785190373304 -0.081180320295642483 0.74248630609831145 0.2473216643780618 0.01745323605391387 1.1243369765299382 0.94840219155570327 0.92018334831957682 -0.19561117177950665 -0.16588030389461078 0.72224212284030243 0.65550151134491896 0.47982528448885398 0.030648840778537006 0.50049127374800428 0.12441031138758013 0.5235860861299626 -0.16835350281233044 0.04829938207168484 1.2762107575369435 0.32106705289116749 -0.074884396897636457 0.53747527264715989
leaf_weight=35534 9494 274 1359 373 3205 201 276 275 374 16882 387 581 490 345 25082 486 782 200 207 210 363 358 2413 23953 394 202 343 660 231 200 28693 3405 342 295 8814 245 1937 210 1012 333 5560 335 14164 605 5366 7889 311 264 7947 220 247 203 298 1171 232 224 7874 1417 214 2476 3619 201 2066 208 39402 227 806 383 629 1002 225 1706 1190 20391 1429 214 719 40628 305
leaf_count=35534 9494 274 1359 373 3205 201 276 275 374 16882 387 581 490 345 25082 486 782 200 207 210 363 358 2413 23953 394 202 343 660 231 200 28693 3405 342 295 8814 245 1937 210 1012 333 5560 335 14164 605 5366 7889 311 264 7947 220 247 203 298 1171 232 224 7874 1417 214 2476 3619 201 2066 208 39402 227 806 383 629 1002 225 1706 1190 20391 1429 214 719 40628 305
internal_value=0.000465399 0.17642 0.14076 0.300258 1.35792 3.4279 4.02628 4.46867 4.7493 -0.136731 -0.0662186 0.905648 0.149491 0.64211 0.0380818 0.404804 0.776454 1.65138 5.00374 5.84076 0.102562 0.4416 0.423699 0.0943947 0.0818911 -0.151724 0.451819 0.846942 0.984085 1.74166 -0.197106 0.158804 0.281731 0.214804 0.0850751 0.559007 0.681056 0.109733 0.888216 4.7391 0.153835 4.94162 -0.0690271 0.567504 -0.0205146 0.00297982 0.0848514 0.577215 0.0392903 0.484826 0.611996 -0.248346 4.64571 0.184021 0.335083 0.781851 -0.0769027 0.140781 0.0272799 0.171957 0.143388 0.313567 0.816646 -0.223664 -0.189597 0.354352 0.886364 0.261786 0.74943 0.197737 0.0496579 -0.0777147 0.285138 -0.0883123 -0.0318398 0.243175 0.541278 -0.106122 0.0294835
internal_weight=343787 150618 139906 54792 6835 2882 2509 2233 2032 193169 89105 968 47957 10712 85114 4964 1849 684 1757 417 40950 2352 7007 55785 38598 3953 545 5748 3854 431 104064 19546 7327 6933 12219 4594 3235 410 3423 1340 30703 1007 29329 1894 19835 19052 9457 800 8657 710 2990 3408 672 3115 1944 456 88137 1989 1631 6591 6296 2677 3078 75371 39837 435 1053 1165 1289 1488 489 9595 6750 80263 19244 2362 933 61019 14469
internal_count=343787 150618 139906 54792 6835 2882 2509 2233 2032 193169 89105 968 47957 10712 85114 4964 1849 684 1757 417 40950 2352 7007 55785 38598 3953 545 5748 3854 431 104064 19546 7327 6933 12219 4594 3235 410 3423 1340 30703 1007 29329 1894 19835 19052 9457 800 8657 710 2990 3408 672 3115 1944 456 88137 1989 1631 6591 6296 2677 3078 75371 39837 435 1053 1165 1289 1488 489 9595 6750 80263 19244 2362 933 61019 14469
is_linear=0
shrinkage=0.06


Tree=18
num_leaves=80
num_cat=0
split_feature=96 97 205 97 114 94 94 97 109 35 94 97 96 94 35 194 198 96 199 56 96 97 96 157 205 91 107 36 129 88 34 85 95 105 27 40 36 96 208 12 36 201 208 94 76 50 201 203 206 208 132 99 102 95 205 90 85 34 194 86 194 76 59 201 208 208 194 76 125 194 194 147 192 76 139 10 68 206 181
split_gain=2.01753e+06 653168 2.54252e+06 5.84486e+06 981297 724597 580920 492615 522102 696772 232804 157085 150695 146636 245154 90151.5 115045 81816.4 73898.5 114257 57251.4 58194.8 55698.2 50184.8 49391.7 153200 271819 528546 56584.1 67577.8 147695 51478.7 51552.4 49163.5 46114.2 45640.6 78098.7 45485.7 41216.6 40607.3 38802.4 38532.7 37560.9 36653 36065.8 31658.9 30810.7 30717.6 30004.1 29144.8 27935.1 27875.5 53576.8 27541.4 28014.2 59784.1 134045 294795 151016 61459 35135.2 36419.3 74798.4 26717.7 48998.9 50385.3 34349.7 26815.2 25369.8 25003.5 24808.8 24798.8 52722.2 24707.5 23843.6 23733.8 24929.8 23478.6 23021.1
threshold=13.335365295410158 36.21507644653321 0.93301269412040722 48.168771743774421 339.35041809082037 42.197711944580085 32.556417465209968 63.294715881347663 1283.3499755859377 177.25870513916018 21.524050712585453 40.950769424438484 7.4810249805450448 42.197711944580085 121.29818725585939 34.500000000000007 7.2500000000000009 24.248289108276371 106.50000000000001 33.46827697753907 17.880798339843754 19.085178375244144 54.606544494628913 120.14000320434572 0.93301269412040722 8.8775000572204608 0.40949891507625585 243.45011138916018 110.31250000000001 11.903499603271486 185.72048187255862 6.1340000629425058 25.79141998291016 -6.9777579307556143 250.04000091552737 46.428998947143562 274.14323425292974 15.479041099548342 -0.10837475582957266 202.58350372314456 62.566499710083015 77.500000000000014 -0.39036008715629572 11.164750099182131 26.062777519226078 98.237499237060561 97.500000000000014 0.64942333102226268 -0.68301269412040699 0.81304046511650097 -49.011329650878899 0.87895214557647716 75.679168701171889 7.4753007888793954 1.0000000180025095e-35 8.1050000190734881 6.7260000705719003 107.00172805786134 92.500000000000014 62.496000289916999 78.500000000000014 58.621971130371101 0.43428461253643041 67.500000000000014 -0.23537842929363248 -0.42179730534553522 24.500000000000004 61.074563980102546 0.70703327655792247 36.500000000000007 85.500000000000014 0.93663650751113903 0.068936649709939971 23.456978797912601 17.847499847412113 26.748499870300297 3.3200000524520878 0.91597560048103344 67.000000000000014
decision_type=8 2 2 2 8 10 10 2 8 8 8 2 10 10 8 8 10 8 10 10 10 2 8 10 2 8 10 8 8 8 8 8 10 10 8 10 10 10 2 10 10 10 2 10 10 10 8 10 2 2 8 2 8 10 2 10 10 8 10 8 10 10 10 8 2 2 10 8 8 10 10 10 10 10 10 10 10 2 2
left_child=12 5 15 4 -4 10 11 8 -5 -10 20 -6 -1 -9 -15 16 -3 46 19 -13 53 23 42 24 51 26 27 -26 -27 30 -30 -31 33 75 -32 47 -37 -20 -17 73 -40 -35 -7 -14 -39 50 74 -16 -42 -47 77 -22 -53 -2 -55 56 57 -56 -59 71 -57 -62 -63 64 65 -19 -66 -65 -50 -68 -23 -58 -73 -24 -12 76 -33 -44 -52
right_child=1 2 3 7 6 22 -8 13 9 -11 17 18 43 14 35 38 -18 63 37 -21 21 70 39 -25 25 28 -28 -29 29 31 34 32 -34 41 -36 36 -38 44 40 -41 48 -43 45 -45 -46 49 -48 -49 68 -51 78 52 -54 54 55 60 59 58 -60 -61 61 62 -64 67 66 -67 69 -69 -70 -71 -72 72 -74 -75 -76 -77 -78 -79 -80
leaf_value=-0.20543027154045967 -0.31291980912235806 1.7585516288520047 -0.15557019611733539 -0.80020212728880979 2.8419230822459705 -0.15264304602445472 1.1170641749595926 -0.19664423336007117 5.4043210757357398 0.98828596767135291 0.1797573197579018 2.8435282763312841 -0.11977405986979917 2.2110001660062104 -0.33741529521484348 -0.26859135404467493 0.14955353585251591 0.41830076904798097 5.7196895448926464 4.6269543557965811 0.048356999548684679 -0.16885354741307701 0.24680651748358309 -0.1059470966161771 3.9771949336118997 0.034673585452833576 -0.067929662250756445 -0.082237632601205993 1.9550689419257243 0.9950100733891879 0.94435491506542479 0.84490193814066761 0.91891422930792277 1.2661603252250042 -0.20511585164713586 1.518217214568726 0.011902178800485741 4.1440314796696534 0.76339817887257544 1.748542446196079 0.19794935811507472 0.16928849372008206 0.621212290919403 -0.047093671759872502 4.9596257970024462 0.6417150943807951 0.056200648925476986 0.50767654660188755 0.45464431069556033 1.6431653243143385 0.62626687683541438 1.2600190056259952 0.11341445075559917 -0.051110190662763462 2.8259679709879966 0.053687104030877446 -0.025736677475900614 -0.055531079197250789 1.7947768657154111 1.0840554027916753 -0.12996065429168471 -0.23993477367256816 1.2447883776944373 0.25840792044118832 -0.34899051258980535 1.5904102308064891 0.9855455754453486 0.0047733417581567392 -0.12348664185369675 0.33192503258002881 -0.79945531518488633 1.1723334344790259 -0.082342430001852526 0.94577219387509814 0.70282011428310831 -0.11980821406687302 0.054278632597657056 1.2172830516958999 0.062155138955629886
leaf_weight=71886 1090 208 213 222 211 228 213 3414 205 344 8444 203 68524 253 581 3600 683 307 212 393 17949 855 200 3873 235 5965 461 226 270 277 202 202 285 203 329 205 311 344 217 215 1478 266 1612 39311 673 218 14210 210 284 204 484 200 544 27713 207 12199 4308 756 200 203 8726 284 213 14055 258 232 219 1680 6647 5154 304 200 301 2129 325 2070 491 280 563
leaf_count=71886 1090 208 213 222 211 228 213 3414 205 344 8444 203 68524 253 581 3600 683 307 212 393 17949 855 200 3873 235 5965 461 226 270 277 202 202 285 203 329 205 311 344 217 215 1478 266 1612 39311 673 218 14210 210 284 204 484 200 544 27713 207 12199 4308 756 200 203 8726 284 213 14055 258 232 219 1680 6647 5154 304 200 301 2129 325 2070 491 280 563
internal_value=0.000710261 0.152918 0.462633 1.29084 3.73614 0.106609 4.10463 0.242441 1.6526 2.64409 0.0779386 4.41648 -0.138139 0.0235707 0.50532 -0.0556139 0.526717 0.189884 4.59686 4.02529 0.023088 0.0831219 0.744552 0.0973576 0.123455 0.221396 0.962694 1.99123 0.156587 0.314808 0.815261 0.208963 0.146789 0.0784393 0.233112 0.173708 0.61212 4.87055 -0.0980923 0.959445 -0.0269129 0.645738 0.592004 -0.0932793 4.68809 0.642549 0.110785 -0.112697 -0.0473958 1.12857 0.572404 0.0632868 0.422919 -0.0143882 -0.00849947 0.0342907 0.198759 0.778792 0.333034 0.0640374 -0.0131252 -0.101492 0.397597 0.272853 0.378692 0.924819 0.326262 0.23133 -0.0997354 0.358745 -0.334804 0.0207635 0.419864 0.885881 0.199221 -0.0180545 0.28562 0.710022 0.323278
internal_weight=343669 163948 21324 8207 2462 142624 2249 5745 771 549 136491 2036 179721 4974 1560 13117 891 44884 1825 596 91607 35207 6133 34048 30175 11482 922 461 10560 4595 801 3794 3517 3232 531 1307 516 1229 12226 2544 8626 469 3589 107835 1017 3361 22979 791 8409 422 2939 18693 744 56400 55310 27597 6175 1163 956 5012 21422 9223 497 21905 6170 539 5631 15735 6931 5373 1159 4809 501 2329 8769 2763 693 1892 1047
internal_count=343669 163948 21324 8207 2462 142624 2249 5745 771 549 136491 2036 179721 4974 1560 13117 891 44884 1825 596 91607 35207 6133 34048 30175 11482 922 461 10560 4595 801 3794 3517 3232 531 1307 516 1229 12226 2544 8626 469 3589 107835 1017 3361 22979 791 8409 422 2939 18693 744 56400 55310 27597 6175 1163 956 5012 21422 9223 497 21905 6170 539 5631 15735 6931 5373 1159 4809 501 2329 8769 2763 693 1892 1047
is_linear=0
shrinkage=0.06


Tree=19
num_leaves=80
num_cat=0
split_feature=96 97 97 206 194 95 93 97 207 97 194 56 94 201 96 36 94 83 96 94 36 52 75 45 96 9 96 97 163 201 132 90 201 99 191 138 208 95 201 96 80 96 55 35 206 55 208 200 90 194 93 80 92 36 15 7 34 95 90 194 94 125 33 78 164 194 207 36 80 198 123 196 97 194 60 208 194 194 198
split_gain=1.8089e+06 635115 2.1964e+06 4.81268e+06 1.32503e+06 645509 622703 305482 266269 372277 545865 208253 169007 132879 123748 122687 102744 100205 91905.2 63119.6 97562.7 230809 45183.6 44141.6 57893.7 42614 41852 49638.8 42918.5 42467 64877.3 87785 41528.8 39926.7 38739.1 38541.8 35146.9 37517.3 50961.9 34500.6 33268.2 33225.6 32160 44344.7 33480.4 33027.7 31778.3 30566.3 79846.4 206149 30062.7 29434.8 26561.7 46756.4 25247.7 35635.4 25100.8 24447.3 25786.5 88847.9 230486 276815 552211 37360.2 24242.4 23512.3 23329.1 79575.9 23307.2 22294.9 21865.6 21457.8 25433.6 28714.1 20564.7 20450.4 20427.2 20384.9 20216.3
threshold=13.160812854766847 36.21507644653321 48.168771743774421 1.0000000180025095e-35 63.500000000000007 34.328315734863288 30.080249786376957 40.950769424438484 0.9260200858116151 75.481174468994155 60.500000000000007 64.463066101074233 21.524050712585453 42.500000000000007 7.5551335811614999 163.96820068359378 44.443561553955085 6.9509999752044687 15.070066452026369 47.403690338134773 238.086296081543 50.01250076293946 33.17570877075196 139.16249847412112 26.622037887573246 211.09999847412112 17.880798339843754 19.085178375244144 256.36999511718756 42.500000000000007 -69.115142822265611 12.002500057220461 97.500000000000014 0.23214163631200793 11.384292125701906 32.577083587646491 0.30778898298740393 28.946006774902347 37.500000000000007 54.606544494628913 11.841500282287599 54.606544494628913 102.43346023559572 293.90606689453131 1.0000000180025095e-35 35.640367507934577 -0.37446588277816767 19.150000572204593 11.701499938964846 74.500000000000014 16.27449989318848 12.102499961853029 11.480000019073488 100.99428176879884 84.489536285400405 51.987499237060554 inf 7.4753007888793954 8.9014997482299822 86.500000000000014 10.642074108123781 1.6488065719604494 221.75691986083987 -49.945999145507805 7.5000000000000009 78.500000000000014 -0.87395131587982167 272.34017944335943 6.305000066757203 7.6499998569488534 -9.9543523788452131 23.500000000000004 6.5222134590148935 24.500000000000004 4.6284999847412118 -0.45273527503013605 67.500000000000014 74.500000000000014 8.6500000953674334
decision_type=8 2 2 2 10 10 8 2 2 2 10 10 8 10 10 10 8 8 10 10 10 8 10 8 10 10 10 2 10 8 10 8 8 2 8 10 2 10 10 10 2 10 10 8 2 10 2 10 8 10 10 2 10 8 8 8 8 10 10 10 10 8 8 10 2 10 2 10 2 10 10 10 2 10 10 2 10 10 10
left_child=14 5 3 76 -5 12 7 -6 17 10 -10 18 26 15 68 -11 42 -4 -9 23 21 -21 64 52 -25 39 57 28 29 30 31 -28 34 -34 -14 -27 37 71 -39 46 -16 51 43 45 -44 -7 -18 -31 49 -49 -47 78 -19 -54 55 -33 -35 -2 59 -59 61 -61 -63 -62 -20 75 67 -67 -1 -50 -41 72 -36 -74 -65 -60 -3 -29 -15
right_child=1 2 8 4 6 16 -8 11 9 13 -12 -13 32 41 40 -17 25 19 22 20 -22 -23 -24 24 -26 35 27 77 -30 47 -32 54 33 56 36 -37 -38 38 -40 70 -42 -43 44 -45 -46 50 -48 48 69 -51 -52 -53 53 -55 -56 -57 -58 58 65 60 63 62 -64 74 -66 66 -68 -69 -70 -71 -72 -73 73 -75 -76 -77 -78 -79 -80
leaf_value=-0.21381391734473529 -0.28515390141905889 0.086353118848650268 -0.27886013231521056 -0.094246734346860372 2.1857226735266773 0.2234488201056489 0.60291534875392361 5.8056340531741872 0.60336240758032067 2.1915277494410188 4.3885837175990163 2.6678330210593231 0.053213725037371304 0.27038996028834994 -0.11264928436102038 0.11259227620683064 -0.16807228033864929 -0.15584356348391235 4.3803287052154545 -0.039581729743166726 0.048325673342214083 2.2835204527125086 4.7468178946041704 1.1719855214296122 -0.061985812754180261 0.77887970103329396 1.5415129793093425 -0.094057554407936922 -0.045467212986349405 0.048593997787128709 0.0659971568502358 0.27832947663895108 0.19674869533579922 0.06244043986408359 0.17084967172467339 1.8898925599054648 0.20819787745835755 1.4955948547794338 0.46549575329772142 0.29281270208752758 -0.036808040825543058 -0.50308341908505116 1.2356024129442065 0.07908110645506683 0.33464669191448693 1.2858477227561749 0.58764861124904999 0.105415359685471 0.68655810031753317 2.1227629893228634 0.52250783487237129 0.50905660690753418 0.89820741277141103 0.011900293467991116 0.13519434199080152 1.2504968131380154 -0.34322104932359998 -0.010424707365508398 -0.1135719300876966 -0.40070055787225028 0.73846618358287131 4.1377341991465943 -0.083052481123819369 0.45543072002669494 3.6214691044431215 -0.065453175204359101 -0.14615327865224242 0.95331813015305578 -0.13728387845597873 0.085996116446288656 0.9048081459385614 0.11022742332047901 -0.10174892688918614 0.63764564623526276 -0.13483935475587905 0.016937558358488862 -0.21075003794558886 -0.62645459739398213 -0.47684060438138659
leaf_weight=53794 1180 1385 4494 367 274 1419 204 203 393 204 210 240 3197 222 75176 204 220 3744 399 345 1045 277 750 252 298 250 291 563 7466 16945 1690 329 11582 13179 937 207 7634 252 551 235 28800 444 295 1832 300 207 2194 571 233 267 1790 408 237 2150 671 231 572 11795 5184 221 246 241 207 247 326 2335 9632 312 19537 4555 2090 1066 213 1665 1483 25979 2088 479 313
leaf_count=53794 1180 1385 4494 367 274 1419 204 203 393 204 210 240 3197 222 75176 204 220 3744 399 345 1045 277 750 252 298 250 291 563 7466 16945 1690 329 11582 13179 937 207 7634 252 551 235 28800 444 295 1832 300 207 2194 571 233 267 1790 408 237 2150 671 231 572 11795 5184 221 246 241 207 247 326 2335 9632 312 19537 4555 2090 1066 213 1665 1483 25979 2088 479 313
internal_value=-0.000329582 0.141556 0.446096 1.39457 3.26284 0.0965219 3.77688 4.07186 0.0579275 0.638167 1.92668 4.34003 0.0602416 0.20448 -0.13374 1.15488 0.537535 -0.0504624 4.57746 0.0725102 0.402681 0.996988 4.40462 -0.00991988 0.504498 0.731653 0.0157014 0.0684245 0.0812078 0.117889 0.321985 0.605999 0.16203 0.114677 0.239335 1.28515 0.287632 0.417023 0.790223 0.678017 -0.0916428 -0.0757197 0.364817 0.317303 0.782663 0.445 0.518735 0.0888324 0.209997 0.749938 0.602236 0.125819 -0.0561421 0.100239 0.383778 0.680863 0.0455424 -0.0149099 -0.00939584 0.0600636 0.374281 1.33597 2.19166 0.0481772 4.04456 -0.0324848 -0.102802 0.0549433 -0.193427 0.115359 0.843103 0.339622 0.426421 0.553775 -0.0503494 -0.00477579 -0.0922773 -0.339163 -0.166849
internal_weight=344023 166716 21476 6236 2763 145240 2396 2192 15240 2398 603 1918 134201 1795 177307 408 11039 12842 1678 8348 1667 622 1475 6681 550 5196 93353 34291 33249 25783 3212 1522 40848 25333 15515 457 12318 4684 803 4739 103976 1387 5843 5248 595 3416 2414 22571 5626 838 1997 943 6131 2387 1231 560 13751 59062 57882 14440 2645 669 448 1976 725 43442 12279 2647 73331 4788 2325 3881 2815 1878 1730 31163 3473 1042 535
internal_count=344023 166716 21476 6236 2763 145240 2396 2192 15240 2398 603 1918 134201 1795 177307 408 11039 12842 1678 8348 1667 622 1475 6681 550 5196 93353 34291 33249 25783 3212 1522 40848 25333 15515 457 12318 4684 803 4739 103976 1387 5843 5248 595 3416 2414 22571 5626 838 1997 943 6131 2387 1231 560 13751 59062 57882 14440 2645 669 448 1976 725 43442 12279 2647 73331 4788 2325 3881 2815 1878 1730 31163 3473 1042 535
is_linear=0
shrinkage=0.06


Tree=20
num_leaves=80
num_cat=0
split_feature=96 97 97 206 194 94 93 209 20 207 201 36 96 207 96 16 84 96 79 194 193 82 95 84 82 209 197 132 93 206 80 85 193 94 97 96 90 79 89 12 97 157 36 99 194 56 95 132 90 98 105 146 194 157 181 160 201 94 89 87 194 19 97 32 194 59 97 85 28 99 193 194 56 97 207 56 197 52 98
split_gain=1.57099e+06 498980 1.88574e+06 4.02534e+06 1.10375e+06 581361 576308 319067 296617 243230 356218 409901 150403 134794 115012 91316.4 86362.6 71284 66406.2 268268 63136.2 206924 57603.7 52660.4 49424.6 47604.4 52587.3 44558.2 44345.2 41443.3 40641.8 38387.8 71946.2 37004.4 36794.3 32115.4 29656.1 29626.4 36764.3 28599 28171.8 27891.9 28246.5 33221.1 45180.7 44788.5 54679.4 42007.4 40091.5 36836.2 29027.8 27144.7 26960 27227.7 25787.3 25193.8 26506.7 25413.3 29150.1 36739.4 131972 24561.9 31161.4 24544 24508.7 24072.3 27210.1 23614.1 50406.3 23249.3 22808.1 22755.5 22577.7 22210.5 21133.5 26236.2 24519.7 20579.8 20559.6
threshold=13.160812854766847 36.21507644653321 48.168771743774421 1.0000000180025095e-35 63.500000000000007 36.957334518432624 32.12158393859864 9.5000000000000018 207.53900146484378 0.9260200858116151 42.500000000000007 158.89533996582034 19.245353698730472 0.94425827264785778 6.7697556018829355 41.41076850891114 15.652499675750734 43.21882629394532 0.96238461136817943 90.500000000000014 5.0499999523162851 6.4524998664855966 14.363492965698244 5.1015000343322763 18.612500190734867 10.500000000000002 990.95001220703136 -62.124561309814446 15.775833129882814 -0.25000000000000006 10.402499675750734 27.202500343322757 10.449999809265138 6.6742992401123056 97.217563629150405 29.372396469116214 13.107500076293947 1.1962379217147829 12.204999923706056 113.00999832153322 27.395751953125004 126.97999954223634 88.989036560058608 0.36896030604839331 24.500000000000004 28.041413307189945 18.079735755920414 -78.691993713378892 9.8274998664855975 4.7775001525878915 4.8121988773345956 11.650000095367433 45.500000000000007 2.2899999618530278 103.00000000000001 21.500000000000004 112.50000000000001 5.5691609382629403 10.079999923706056 7.1015000343322763 87.500000000000014 0.8229295313358308 54.202339172363288 123.51649856567384 25.500000000000004 0.34720082581043249 75.481174468994155 7.2360000610351571 196.12500000000003 1.2259705662727358 18.050000190734867 89.500000000000014 57.881231307983406 88.929145812988295 0.89787620306015026 100.81482315063478 980.35000610351574 20.253999710083011 15.507500171661379
decision_type=8 2 2 2 10 10 8 2 8 2 8 10 10 2 10 10 8 8 8 10 8 10 10 10 10 2 8 8 10 2 2 8 8 8 2 10 8 10 10 8 2 10 10 2 10 8 8 10 8 2 10 10 10 10 2 8 8 8 10 8 8 10 2 10 10 10 2 8 8 2 10 10 10 2 2 10 8 10 2
left_child=14 5 3 64 -5 12 7 22 -9 16 11 -11 31 -12 78 -15 34 54 36 63 21 -16 -6 -24 33 29 -27 70 -25 -19 -22 55 -33 -14 37 67 39 61 -39 -18 41 42 -35 -44 -45 46 -46 48 -47 52 -48 -38 -50 -54 -7 56 57 -2 59 60 -59 62 -4 -20 -3 -17 -67 68 -26 -32 -28 -31 -64 -53 75 -37 -76 -55 -1
right_child=1 2 9 4 6 17 -8 8 -10 10 13 -13 24 15 20 65 18 25 19 -21 30 -23 23 28 35 26 27 -29 -30 71 69 32 -34 40 -36 74 51 38 -40 -41 -42 -43 43 44 45 47 50 -49 49 -51 -52 73 53 77 -56 -57 -58 58 -60 -61 -62 -63 72 -65 -66 66 -68 -69 -70 -71 -72 -73 -74 -75 76 -77 -78 -79 -80
leaf_value=-0.19547120071908344 -0.38035826792174132 0.42065832034633138 0.57954938773128828 -0.076995794890829208 5.0645788560409892 0.48164998604449227 0.41025912484873339 3.8524127332585443 0.62095753289320887 3.7913062282219347 1.5544889922506069 0.36219965060530551 -0.38266232966958952 1.2084720364081507 2.0792145554565669 -0.4560392296778899 -0.55108976520967612 0.062831718417831126 0.60978716138967848 2.4245830320347905 -0.12046147927417437 -0.36332205920869654 3.0417072735437705 3.9502180979922072 1.2230042003685946 1.7349258984637916 0.86237245251035144 1.430203260085767 4.8903620332601117 0.73149258164844544 -0.050065545157058189 1.0047458905410021 0.088392335819725582 -0.10694400423086742 -0.27435192991023322 0.19090292790111743 -0.10031651178703588 1.0179869600115479 -0.11508507532619155 0.039626876259740637 -0.2373413303791328 -0.072412639467653042 0.066571022218535128 -0.043931997018822146 1.4590393838855586 0.98377343483207624 0.1009658915867931 0.066908094374871635 0.63529190866800922 0.84047904286735731 0.77101083072447363 0.82871161920833802 0.62792677278174969 0.45083556004657466 0.1561068933060151 -0.099018491704838896 -0.028341522070720691 0.060213939744425911 0.020169366049484449 0.11865128898236287 1.7560548015265591 -0.69781909771669992 -0.21729682949001103 -0.053575144994761195 -0.12684633955495786 0.6257652457312427 -0.14868768914928807 0.14385844063289935 0.031791245478908631 0.53261389906776813 0.0013057412220431226 0.10934139346213717 0.13153490434555037 0.18902694821001767 0.9917767201062847 0.78911218603065914 0.38022664411011814 -0.1517483099142635 0.41252790540234363
leaf_weight=59432 469 324 265 361 220 2655 201 206 203 242 236 260 641 203 200 557 523 426 273 221 75008 329 200 1084 226 310 219 251 244 3207 41511 319 8558 1836 4923 3950 713 206 205 675 974 3219 10174 1752 232 362 474 2859 404 386 457 288 273 254 1309 10031 34793 568 15000 5509 232 219 1957 751 3121 219 633 28908 293 247 223 227 1013 606 281 282 1470 1020 200
leaf_count=59432 469 324 265 361 220 2655 201 206 203 242 236 260 641 203 200 557 523 426 273 221 75008 329 200 1084 226 310 219 251 244 3207 41511 319 8558 1836 4923 3950 713 206 205 675 974 3219 10174 1752 232 362 474 2859 404 386 457 288 273 254 1309 10031 34793 568 15000 5509 232 219 1957 751 3121 219 633 28908 293 247 223 227 1013 606 281 282 1470 1020 200
internal_value=-0.00111251 0.13124 0.402034 1.28704 3.01247 0.0913707 3.48528 3.7715 2.25396 0.042796 0.603868 2.01953 0.0607877 0.218428 -0.125579 0.0219831 -0.0599475 0.563224 0.169262 0.533748 -0.091085 0.562313 4.12509 3.9866 0.131078 0.717182 1.08565 0.793121 4.12651 0.621183 -0.0940499 0.00423402 0.121431 0.0670586 -0.165587 0.176847 0.0073513 -0.0270137 0.453922 -0.218501 0.0787559 0.0917549 0.117557 0.139666 0.227417 0.298147 0.636631 0.227218 0.396944 0.305662 0.430345 0.175753 0.199474 0.085323 0.374215 -0.0113882 0.00415167 0.0560624 0.0656852 0.173881 0.553586 -0.0843563 -0.0426238 0.123701 -0.0752468 -0.149695 0.0508797 0.151073 0.551863 -0.0466063 0.428926 0.69041 -0.098314 0.395796 0.303571 0.230942 0.478878 -0.0313506 -0.193425
internal_weight=343312 166385 21352 6164 2719 145033 2358 2157 409 15188 2350 502 136206 1848 176927 1612 12838 8827 4050 1245 117295 529 1748 1528 60727 4863 1003 693 1328 3860 116766 75479 8877 25317 8788 35410 2805 3865 411 1198 24676 23702 20483 18647 8473 6721 1163 5558 2699 2337 931 1607 1951 1547 3964 66602 56571 21778 21309 6309 800 3454 3235 1024 3445 1409 852 29427 519 41758 442 3434 2970 894 5983 4232 1751 1274 59632
internal_count=343312 166385 21352 6164 2719 145033 2358 2157 409 15188 2350 502 136206 1848 176927 1612 12838 8827 4050 1245 117295 529 1748 1528 60727 4863 1003 693 1328 3860 116766 75479 8877 25317 8788 35410 2805 3865 411 1198 24676 23702 20483 18647 8473 6721 1163 5558 2699 2337 931 1607 1951 1547 3964 66602 56571 21778 21309 6309 800 3454 3235 1024 3445 1409 852 29427 519 41758 442 3434 2970 894 5983 4232 1751 1274 59632
is_linear=0
shrinkage=0.06


Tree=21
num_leaves=80
num_cat=0
split_feature=94 96 97 97 205 118 93 207 201 46 96 97 96 84 74 204 193 97 36 92 82 36 97 201 193 92 7 96 74 129 24 207 42 40 55 201 129 198 56 36 208 208 205 175 96 104 148 77 91 48 76 93 5 207 194 57 193 197 193 207 104 194 98 87 181 96 82 56 189 45 85 8 82 31 191 198 83 65 97
split_gain=1.43298e+06 419410 383041 1.62757e+06 3.70951e+06 1.11735e+06 523042 161761 190161 152396 150332 152895 139613 117270 108344 162666 71843 219751 69435.7 60564.1 56992.6 52127.4 44554.7 44225.1 42711.5 141316 43131.9 42589.7 42403.2 42213.2 42171.7 37320.5 50357.3 52342.5 41547 36649.9 47330.3 42079.5 39296.1 35905.3 35329.1 52612.9 31032.7 34916.3 42480.9 123321 238318 93869.3 149778 54680.4 36557.5 32147.2 95994.9 30880 28605.4 32374.9 30973.6 44882.6 28212.8 27594.9 26165.2 25409.9 27517.9 49878.8 25046.9 24671.2 24526.3 24034.7 23793.9 26060.1 23787.5 33351.1 23764.9 34213.6 23721.5 23676.5 23127.5 22454.3 20756
threshold=13.724246978759767 36.506265640258796 36.21507644653321 48.168771743774421 0.93301269412040722 8.8499999046325701 27.415249824523929 0.90531614422798168 37.500000000000007 13.302500247955324 10.118322849273683 40.950769424438484 20.742754936218265 51.96100044250489 37.941476821899421 10.500000000000002 8.9499998092651385 97.217563629150405 107.87080764770509 12.308000087738039 35.38750076293946 100.99428176879884 43.938581466674812 82.500000000000014 8.3499999046325701 6.9435000419616708 357.12500000000006 5.0695102214813241 81.156024932861342 103.81250000000001 191.01499938964847 -0.32614396512508387 30.801499366760257 85.812500000000014 59.620431900024421 112.50000000000001 105.77083206176759 4.8500001430511483 25.45160007476807 inf -0.37446588277816767 -0.23537842929363248 -0.37940952181816096 98.599998474121108 17.357866287231449 166.2250900268555 0.6755644977092744 45.948186874389656 10.308500289916994 37.652500152587898 34.237064361572273 6.1506667137146005 19.005000114440922 0.99168354272842418 78.500000000000014 28.567020416259769 28.150000572204593 987.64999389648449 14.949999809265138 -0.35041563212871546 53.986459732055671 23.500000000000004 6.5865001678466806 38.658500671386726 55.000000000000007 15.479041099548342 19.475999832153324 37.809919357299812 145.1675720214844 31.702500343322757 29.685999870300297 223.11000061035159 29.712500572204593 195.04000091552737 10.522502899169924 7.0499999523162851 6.486499786376954 16.651000022888187 88.929145812988295
decision_type=8 8 2 2 2 10 8 2 8 10 10 2 10 8 10 2 8 2 8 10 8 8 2 8 8 8 8 10 8 10 10 2 10 8 8 8 10 10 10 8 2 2 2 8 10 8 10 8 8 8 8 8 10 2 8 10 10 10 10 2 8 10 2 8 2 10 10 8 8 8 8 10 8 10 8 10 10 10 2
left_child=10 2 12 4 60 6 9 16 -9 -6 27 24 35 18 -10 -16 17 -5 -3 -18 54 -21 59 29 25 -12 65 -1 31 61 77 32 -15 -34 68 36 58 -38 -39 66 -22 -42 -26 44 50 -46 47 48 -47 -50 -44 52 -52 -31 55 78 57 -57 72 -11 -4 -14 -63 -64 -36 -27 -25 -68 -33 -70 -43 -72 -2 -74 -60 -56 -54 -24 -20
right_child=1 13 3 7 5 -7 -8 8 14 22 11 -13 23 28 15 -17 19 -19 20 21 40 -23 30 39 42 26 -28 -29 -30 53 -32 34 33 -35 64 -37 37 38 -40 -41 41 70 43 -45 45 46 -48 -49 49 -51 51 -53 76 -55 75 56 -58 -59 74 -61 -62 62 63 -65 -66 -67 67 -69 69 -71 71 -73 73 -75 -76 -77 -78 -79 -80
leaf_value=-0.2034665401554841 -0.090953187287248272 1.1471273455224777 0.60744083804216709 2.1082907780795033 2.2056743995274339 -0.66047136204772516 0.53564436351551736 2.124078995571006 -0.31684257563645229 3.1415274611059223 1.5184403305656429 1.6044288749530395 -0.33226275955730084 0.28528185978168391 2.0215638466459898 0.059361569726750517 -0.20725868632320846 -0.19138463076874318 0.22593559434597418 0.78930468721823255 -0.22672556915252309 0.016019752566832034 3.5420941531699421 0.039460661752534223 -0.10191367708120197 -0.26598098322111657 0.82389328843177256 -0.12558752761131226 0.10435186064961352 0.38828017944463999 4.9317955563318865 0.69018018773038037 2.0571765923367873 0.95441190095020911 0.67527595762485337 -0.015726528460577437 0.057232061313715693 1.2541869231680749 0.38250679005349952 -0.40315234499709113 1.4225999211715663 0.077869231440126904 -0.081735100560027071 -0.18140031521920949 -0.10475946096717388 1.9806297749962125 2.197040457536021 -0.57227806005397985 0.86007693657804929 -0.23666888090857269 1.3372548226199368 0.012217516712088487 0.00079893538088973129 1.0215084373353427 0.068449223346509339 1.290117760647689 0.036994665536120429 0.24107949308043483 -0.048568370836598845 3.8705974338404938 -0.095661746655199845 0.17465053876857631 0.27838973976693149 1.0797012940682524 -0.12209542322630756 0.41946005474351628 0.23481004645011805 0.10191364151324618 1.661198828713252 0.75216707806254546 0.46466606474539041 1.2681256174263109 0.69407057047065379 -0.15259902137511294 0.11705206728541845 -0.49278999735424656 0.67291792076410251 4.3863848318265175 -0.23345027039660629
leaf_weight=36289 6637 355 201 212 213 269 203 239 581 317 267 202 316 204 246 396 8309 502 1256 362 245 2317 288 9523 27158 934 200 83357 385 1540 256 2419 247 423 242 44754 1518 212 1498 481 216 503 18337 4363 2131 209 275 357 254 456 263 15796 1291 338 910 309 292 280 3932 632 3360 10816 1562 340 340 236 8282 11999 207 257 2282 202 350 336 14942 384 214 253 492
leaf_count=36289 6637 355 201 212 213 269 203 239 581 317 267 202 316 204 246 396 8309 502 1256 362 245 2317 288 9523 27158 934 200 83357 385 1540 256 2419 247 423 242 44754 1518 212 1498 481 216 503 18337 4363 2131 209 275 357 254 456 263 15796 1291 338 910 309 292 280 3932 632 3360 10816 1562 340 340 236 8282 11999 207 257 2282 202 350 336 14942 384 214 253 492
internal_value=0.000675582 0.139069 0.109088 0.358141 1.17779 2.9841 3.43766 -0.0150095 0.579815 3.73795 -0.107819 -0.0399265 0.0691201 0.472635 0.276544 0.813208 -0.0893676 0.493426 0.328572 -0.127279 0.288999 0.120765 3.92351 0.152246 -0.0445148 0.258403 0.0119054 -0.14921 0.708126 0.236827 4.26727 0.761663 1.11238 1.36341 0.672903 0.0184706 0.0704816 0.287227 0.491245 0.110592 0.466929 0.520041 -0.0514923 -0.0203311 -0.00257323 0.191489 0.598326 0.252325 0.572928 0.156346 -0.022481 0.039382 0.281936 0.502731 0.132534 0.246171 0.542539 0.792678 0.0437642 3.63063 -0.0558159 0.198479 0.211691 0.422124 0.210047 -0.127481 0.118897 0.156192 0.766236 1.16041 0.45432 0.530488 -0.0561926 0.279757 0.0825478 -0.0983528 0.0967527 3.94429 0.0965752
internal_weight=343571 150982 138532 19156 5992 2431 2162 13164 1462 1959 192589 72943 119376 12450 1223 642 11702 714 7726 10988 7371 2679 1746 45197 72741 1637 1370 119646 4724 14912 797 4339 874 670 3465 74179 29425 3228 1710 30285 3448 3203 71104 43946 39583 3682 1551 1276 919 710 35901 17564 1768 1878 3923 2629 881 589 26197 949 3561 13034 12718 1902 582 1170 29804 20281 2883 464 2987 2484 7323 686 18874 1294 1505 541 1748
internal_count=343571 150982 138532 19156 5992 2431 2162 13164 1462 1959 192589 72943 119376 12450 1223 642 11702 714 7726 10988 7371 2679 1746 45197 72741 1637 1370 119646 4724 14912 797 4339 874 670 3465 74179 29425 3228 1710 30285 3448 3203 71104 43946 39583 3682 1551 1276 919 710 35901 17564 1768 1878 3923 2629 881 589 26197 949 3561 13034 12718 1902 582 1170 29804 20281 2883 464 2987 2484 7323 686 18874 1294 1505 541 1748
is_linear=0
shrinkage=0.06


Tree=22
num_leaves=80
num_cat=0
split_feature=95 95 205 139 209 99 99 36 194 77 34 86 50 79 16 96 35 193 36 96 16 70 62 77 194 86 87 74 57 95 200 193 85 186 35 99 92 87 68 99 36 194 36 85 96 80 4 76 199 52 56 86 11 209 101 201 85 76 99 208 193 124 157 208 208 193 90 84 37 181 85 197 123 194 205 199 208 105 47
split_gain=1.27181e+06 344981 334147 555824 626245 515054 697418 649500 335015 334644 467452 315673 298567 254702 168419 278077 364357 163552 169737 158637 153346 242875 138131 124311 102663 100665 94754.1 95283.1 88924.2 83451.3 76140.2 69134.5 258093 170822 272760 371600 65457.9 62721.6 62258.7 93910.4 61544.1 75623.7 59520.1 148520 56476.1 55737.9 53475.7 50022.6 110349 54385.5 49071.2 48643.4 46230.6 40485.5 36475.2 57263.4 36368 32713.8 56740.9 108658 244369 32461.2 32247.6 41575.2 32023.8 71380 31853.7 63900.8 31216.4 30842.6 29304.2 27662.8 27552.2 25629.9 31138.5 55269.9 37208.4 46192.6 34431.2
threshold=14.924178600311281 43.944955825805671 0.37940952181816107 17.847499847412113 10.500000000000002 0.5849612057209016 0.91204342246055614 264.22698974609381 46.500000000000007 26.864005088806156 85.37360000610353 9.5075001716613787 33.484998703002937 0.75721094012260448 141.05319976806643 23.568561553955082 348.97494506835943 15.84999990463257 270.49874877929693 9.1582765579223651 116.27529144287111 36.680000305175788 57.01250076293946 21.029136657714847 54.500000000000007 17.505000114440922 9.0025000572204608 36.414127349853523 10.500191211700441 23.998956680297855 25.250000000000004 8.9499998092651385 6.1340000629425058 0.30560925602912908 143.78491210937503 0.53295642137527477 5.3274998664855966 6.0009999275207528 6.9010000228881845 0.51602375507354747 107.87080764770509 93.500000000000014 184.71990966796878 22.002499580383304 34.975189208984382 5.5285000801086435 107.17749786376955 44.308576583862312 343.50000000000006 12.558500289916994 88.684356689453139 18.751000404357914 45.987499237060554 7.5000000000000009 145.05000305175784 127.50000000000001 5.2934999465942392 30.46060943603516 0.74050867557525646 -0.52034142613410939 28.44999980926514 1.1504199504852297 22.154999732971195 0.30778898298740393 0.063390085473656668 32.350000381469734 10.308000087738039 13.402499675750734 81.861396789550795 43.000000000000007 17.758500099182132 990.04998779296886 6.5109031200408944 71.500000000000014 0.37940952181816107 212.50000000000003 0.24164313822984698 -6.9777579307556143 28.181499481201175
decision_type=10 10 2 8 2 2 2 8 10 10 10 8 10 10 8 10 8 8 8 10 8 8 8 10 10 8 8 10 10 10 8 8 10 10 10 2 10 10 10 2 8 10 10 10 8 2 8 8 10 8 8 10 10 2 10 10 8 10 2 2 8 8 10 2 2 10 8 10 10 2 8 10 10 10 2 10 2 10 8
left_child=19 2 25 24 5 11 7 8 -7 22 -11 12 52 -12 68 16 -16 18 -8 56 21 -15 23 28 72 64 27 -13 -10 66 40 32 33 34 -21 -36 38 -19 39 -6 -3 47 43 -31 70 -34 53 48 49 -42 69 -26 -5 -39 -51 -56 -1 -33 73 60 -60 -44 63 -61 -2 -66 67 -28 -9 -49 -27 -17 -4 74 -59 -76 77 -77 -79
right_child=1 30 3 4 36 6 17 14 9 10 13 26 -14 20 15 71 -18 37 -20 31 -22 -23 -24 -25 51 44 29 -29 -30 42 -32 57 45 -35 35 -37 -38 46 -40 -41 41 -43 61 -45 -46 -47 -48 50 -50 54 -52 -53 -54 -55 55 -57 -58 58 59 62 -62 -63 -64 -65 65 -67 -68 -69 -70 -71 -72 -73 -74 -75 75 76 -78 78 -80
leaf_value=-0.1849808933320857 -0.10278887371089192 1.3455419092216008 0.50024737879883652 1.0223598448590534 0.046392912189283313 0.043787639675963969 2.4132695092061698 -0.51735228805937994 3.7200522505022153 -0.83424159895844197 0.69833399343100133 0.19335953538634759 2.6787941422177464 0.91031431190195788 3.975464559992854 0.68485001576587545 0.43395888409752775 -0.36480582910176806 0.10402600276696145 -0.37026893112952164 3.5599505455109157 3.2972550810155248 4.0645530234550939 1.3858686121779142 -0.075582979039028247 0.0099630356453278644 1.3353913172425294 2.0131378373145488 2.3101640366486138 2.3361090200426666 -0.0246182895264388 -0.087635025917616807 0.62797017635074703 -0.41769874912364263 0.94529645240645288 4.1731827583524028 -0.25719272773678636 0.67981207719716152 -0.14089846393673372 1.5848505944351763 -0.030634484983359776 -0.46404844301990988 0.17305677906694866 0.39927452055710599 0.35662556268745832 -0.22593880202761843 1.1307822354703465 0.53796513317826056 1.9843711781127553 0.60587884035167872 1.1451149382095525 0.097545916155200696 -0.23050679994577711 -0.34697580792513044 1.8071939298313064 0.63065122340904911 -0.11372722211674108 -0.027737633076479178 2.5682076397703755 0.028991215297628357 -0.10717424253692159 0.90728335012649663 -0.14797203768183972 0.81010208650220805 0.0020478908805546645 1.1297508618060281 0.013590445675899558 0.1094558961243175 0.22831437647786756 -0.078504496976222665 0.12017290401026449 -0.14990004141990673 0.21123990580725735 -0.090465742787851564 -0.085785498870436738 0.29714006482794286 0.014658716260645355 1.5692244885913511 0.49782011206561727
leaf_weight=47714 14434 363 1652 204 337 295 216 364 313 241 373 203 388 345 212 249 206 1088 243 207 346 277 293 243 11541 12936 204 211 349 201 822 45688 317 220 335 208 3590 219 696 247 431 257 1284 486 2938 2044 219 450 220 3860 201 11830 219 371 248 375 56133 27387 215 689 285 260 1176 380 21296 203 4884 605 452 829 26433 333 4229 17996 2445 1586 1103 201 235
leaf_count=47714 14434 363 1652 204 337 295 216 364 313 241 373 203 388 345 212 249 206 1088 243 207 346 277 293 243 11541 12936 204 211 349 201 822 45688 317 220 335 208 3590 219 696 247 431 257 1284 486 2938 2044 219 450 220 3860 201 11830 219 371 248 375 56133 27387 215 689 285 260 1176 380 21296 203 4884 605 452 829 26433 333 4229 17996 2445 1586 1103 201 235
internal_value=-0.000198442 0.141687 0.117852 0.238139 0.471548 0.648989 1.02681 1.43526 1.9665 2.17044 1.59583 0.349634 1.47897 2.03285 0.535136 1.05669 2.23533 0.178636 1.19361 -0.0941737 2.54583 1.9769 2.92726 2.55497 0.0684422 0.0401834 0.239624 1.12345 2.98138 0.193312 0.522564 -0.0413039 0.227532 1.05097 1.48176 2.18716 -0.125859 -0.0674488 0.242402 0.698673 0.584735 0.544351 0.504265 0.968518 0.102904 -0.111071 0.332415 0.583598 0.672196 0.613058 0.276014 0.0120523 0.374699 0.0346593 0.674936 1.10115 -0.146467 -0.0503164 -0.0185634 0.247112 1.04607 0.297203 0.0687844 0.307152 -0.0336638 0.0127481 0.0713865 0.419859 -0.104538 0.138643 0.0839609 0.207797 0.292495 -0.0328808 -0.00143505 0.127873 0.295014 0.447865 0.994208
internal_weight=343378 136814 128758 50518 21266 16396 7247 4891 3075 2780 1582 9149 811 1341 1816 1000 418 2356 459 206564 968 622 1198 905 29252 78240 8338 414 662 7924 8056 102717 3331 970 750 543 4870 1897 1280 584 7234 6871 2231 687 42307 2361 809 6614 5134 4914 1480 23371 423 590 4483 623 103847 99386 53698 2745 500 1544 2245 1069 35933 21499 5693 809 816 1279 39369 582 5881 50953 32957 5570 3125 2022 436
internal_count=343378 136814 128758 50518 21266 16396 7247 4891 3075 2780 1582 9149 811 1341 1816 1000 418 2356 459 206564 968 622 1198 905 29252 78240 8338 414 662 7924 8056 102717 3331 970 750 543 4870 1897 1280 584 7234 6871 2231 687 42307 2361 809 6614 5134 4914 1480 23371 423 590 4483 623 103847 99386 53698 2745 500 1544 2245 1069 35933 21499 5693 809 816 1279 39369 582 5881 50953 32957 5570 3125 2022 436
is_linear=0
shrinkage=0.06


Tree=23
num_leaves=80
num_cat=0
split_feature=96 205 97 97 114 85 97 103 35 80 95 80 35 85 40 194 80 80 181 56 91 190 36 77 86 44 16 109 35 86 96 16 193 84 207 207 82 207 47 194 208 193 147 97 146 169 207 208 208 203 194 7 97 96 97 97 99 194 205 191 111 85 177 97 58 80 63 84 80 85 97 76 207 181 57 196 80 85 80
split_gain=1.12208e+06 356221 1.42197e+06 3.40149e+06 582122 345056 336724 455091 496908 251976 162528 133845 125123 118127 110307 84566.6 84526.6 81307 73094.5 70769.7 90908.4 142553 364539 701277 632942 186021 65906.3 145451 239484 64338.2 76511.3 76276.6 55703.3 175256 48949.9 98560.1 45572.6 44612.7 43373.4 40609.1 40180.7 55404.3 40152.4 38299.7 37656.4 104377 36477.5 35409.5 47786.1 43383.6 31623.8 31460.8 37265 29902.2 29379.6 76721.9 28299.4 27706.7 30032.9 27452 26727.5 26230.6 29983.7 25136.6 24946.2 23044.9 22831.5 67393.4 27985.5 93670.2 22793.1 22556.6 22196.7 22180.1 25345.1 72295.2 21812.1 20989.6 20316
threshold=13.335365295410158 0.37940952181816107 36.21507644653321 48.168771743774421 339.35041809082037 25.210000038146976 63.294715881347663 -138.72499847412107 177.25870513916018 33.457500457763679 28.946006774902347 12.102499961853029 112.01203918457033 37.112499237060554 75.887500762939467 50.500000000000007 9.3074998855590838 13.704999923706056 7.0000000000000009 68.214843750000014 9.2100000381469744 2.1202012300491337 275.59486389160162 26.388023376464847 10.877500057220461 39.082500457763679 105.84000778198244 1654.0000000000002 219.18650054931643 13.000999927520754 15.175619125366213 41.759174346923835 5.0499999523162851 5.2024998664855966 0.9837264120578767 0.90531614422798168 18.475999832153324 0.9996619224548341 139.16249847412112 73.500000000000014 0.063390085473656668 31.550000190734867 0.72534674406051647 1.5322539210319521 23.349999427795414 18.644999504089359 -0.11692013591527937 0.86004966497421276 0.94066718220710765 0.21643137186765674 41.500000000000007 35.010000228881843 42.884325027465827 54.606544494628913 48.168771743774421 42.884325027465827 0.22686960548162463 63.500000000000007 0.37940952181816107 66.099998474121108 126.43125152587892 29.685999870300297 2.7418072223663335 24.971164703369144 9.6259999275207537 40.587499618530281 59.75849914550782 1.0000000180025095e-35 8.8039999008178729 6.7260000705719003 13.594364643096926 27.174648284912113 -0.67166441679000843 31.000000000000004 0.27745829522609716 78.500000000000014 31.209000587463382 18.558499336242679 24.001000404357914
decision_type=8 2 2 2 8 8 2 10 8 2 10 2 8 10 10 8 2 2 2 8 8 8 8 8 10 8 10 8 8 10 10 8 8 10 2 2 8 2 10 10 2 10 10 2 10 10 2 2 2 10 8 10 2 8 2 2 2 8 2 10 10 10 2 2 8 2 10 10 2 10 2 10 2 2 8 10 2 8 2
left_child=16 9 10 4 -4 14 7 8 -5 17 15 -8 -13 18 29 37 32 39 70 20 21 -17 23 24 -23 -25 27 46 -29 30 -6 -32 33 -1 35 64 66 65 56 40 -2 61 -24 -34 -38 -46 -12 53 -49 -50 -28 -33 -53 -15 55 63 -20 58 -18 77 -55 -42 -63 73 -14 -3 -22 -68 69 -69 -11 -52 -61 -45 75 -75 -21 -19 -60
right_child=1 2 3 6 5 -7 11 -9 -10 13 26 12 34 47 -16 19 57 59 38 76 36 22 42 25 -26 -27 50 28 -30 -31 31 51 43 -35 -36 -37 44 -39 -40 -41 41 -43 -44 54 45 -47 -48 48 49 -51 71 52 -54 60 -56 -57 -58 -59 78 72 -62 62 -64 -65 -66 -67 67 68 -70 -71 -72 -73 -74 74 -76 -77 -78 -79 -80
leaf_value=1.7024982669961941 -0.11306252545970893 0.21473487362124874 -0.13280450014154924 4.6587575435638433 4.4605767596276449 0.94081457661343859 -0.22417002044470002 -0.76368142952482065 0.86127217487948804 0.51878203405090539 0.026671070955000327 1.6836039302375438 -0.10208326393894815 0.34517318801465374 2.0489237050364602 -0.037033038668704499 -0.012206694199786108 0.0056867003104458325 0.29793307527157292 -0.12658895696405734 -0.0616667670621927 5.4858018756120099 -0.25123141970801482 -0.51950085586288597 0.86553433994679196 1.495495547095675 0.78907573599456671 3.055369184950695 0.519887150294989 4.3739177917480463 2.1498673819608465 4.0686917840063046 -0.17448367667423081 -0.42330795553639616 -0.51163766808226196 1.4572831132330122 0.10694196934247964 0.93642415768108078 0.90992720850983289 -0.17072067823283513 0.0022038256658614931 0.9464625803434874 0.62988874807439998 -0.16386612658209848 0.15385644544781496 1.716624050442852 0.47433008410828575 1.3967257598231699 1.0600611303944607 -0.042249171801457992 0.31875482445966119 2.5854341852906262 3.500397228081467 0.12407918907086783 -0.48408369056443395 0.96873304547753636 0.0002836698052930825 -0.072199824795315504 0.16305965288624166 0.8701717612793779 0.86759855781897077 0.14262614766502232 0.94464909901364003 -0.4518652363899936 0.60125555911267048 0.7777001908795399 0.92848852000438575 1.4735918968886432 -0.03389200266298014 -0.0075466174686107763 1.3128868062403596 -0.045291910147144329 0.20809384673270959 -0.098322438791229372 -0.08776157104457008 1.2147130268468307 0.34039001825051329 0.084157848300647611 0.76461821084419879
leaf_weight=237 11162 5519 214 203 210 230 3369 250 318 360 821 245 642 2452 200 1927 15067 23003 1498 8536 12042 229 942 428 200 267 252 203 393 299 214 225 52706 337 268 243 10666 352 228 9068 15748 235 231 15873 657 200 3248 378 255 258 961 246 573 217 732 239 4938 41585 1999 203 886 731 217 747 252 274 322 201 3953 643 205 1687 1728 550 49346 207 375 26302 224
leaf_count=237 11162 5519 214 203 210 230 3369 250 318 360 821 245 642 2452 200 1927 15067 23003 1498 8536 12042 229 942 428 200 267 252 203 393 299 214 225 52706 337 268 243 10666 352 228 9068 15748 235 231 15873 657 200 3248 378 255 258 961 246 573 217 732 239 4938 41585 1999 203 886 731 217 747 252 274 322 201 3953 643 205 1687 1728 550 49346 207 375 26302 224
internal_value=-0.00115472 0.11245 0.223325 0.960757 2.85387 3.14472 0.172092 1.33866 2.347 0.0418392 0.114399 -0.00734298 0.435246 0.303805 3.40181 0.0736285 -0.104623 0.00723723 0.154096 0.0430853 0.0837015 0.34354 0.662688 1.43434 3.33885 0.255642 0.372849 0.512463 1.38715 3.5537 3.38377 3.20062 -0.133319 0.455855 0.216518 0.388449 0.045427 0.281445 0.098481 -0.0603297 -0.0246924 0.0335701 -0.0773229 -0.136131 0.137715 0.520139 0.384035 0.547135 0.885417 0.506679 0.148165 3.41374 3.22906 0.462126 -0.106268 -0.102131 0.0695981 -0.0456599 0.0181729 0.0562431 0.721566 0.020665 0.327014 -0.105981 0.0966236 0.241492 -0.0165455 0.0895895 0.0330964 0.346515 0.808719 0.0868967 0.27811 -0.102058 -0.0824742 0.261853 -0.106901 0.0475484 0.223992
internal_weight=343651 163802 63730 8201 2411 2197 5790 771 521 100072 55529 5019 1650 11675 1967 47964 179849 88397 7229 41819 32908 4224 2297 1124 429 695 7565 4665 596 1767 1468 1258 120974 574 1405 1137 28684 6145 6664 37161 28093 16931 1173 120400 11523 857 4069 4446 891 513 2900 1044 819 3555 67694 66962 6436 58875 17290 51236 1103 16696 948 66723 894 5793 17161 5119 4797 844 565 2648 1931 65976 50103 757 8911 49305 2223
internal_count=343651 163802 63730 8201 2411 2197 5790 771 521 100072 55529 5019 1650 11675 1967 47964 179849 88397 7229 41819 32908 4224 2297 1124 429 695 7565 4665 596 1767 1468 1258 120974 574 1405 1137 28684 6145 6664 37161 28093 16931 1173 120400 11523 857 4069 4446 891 513 2900 1044 819 3555 67694 66962 6436 58875 17290 51236 1103 16696 948 66723 894 5793 17161 5119 4797 844 565 2648 1931 65976 50103 757 8911 49305 2223
is_linear=0
shrinkage=0.06


Tree=24
num_leaves=80
num_cat=0
split_feature=96 97 204 97 114 36 94 93 207 97 82 35 96 57 80 96 141 96 193 84 122 82 92 36 55 96 194 96 208 193 204 112 95 208 194 99 86 90 207 16 194 99 194 208 76 207 97 204 194 208 78 89 194 85 33 88 90 98 56 97 23 208 39 104 95 163 163 72 40 37 181 97 114 97 194 204 199 56 85
split_gain=1.01632e+06 343473 1.3618e+06 2.98038e+06 1.178e+06 802455 358312 287801 166663 131027 115170 172740 104607 84868.8 84729.8 56373.6 68676.2 54448.8 47472.8 107196 44222.6 40420.2 39087.9 46446.9 38686 35926.3 35770.1 34898.8 34188.8 43521.7 47837.8 122847 33099.1 32271 31232.2 29729.8 28895.5 47453.9 33076.4 71745.8 141723 161424 28475.1 33185.7 28073.4 62844.8 27873.2 27327.4 26064.5 27836.9 25565.4 24928.1 120946 24521.6 58422.8 127339 70694.7 24415.2 23728.1 23711.3 23199.6 29535.5 23487.5 23060.7 22529.1 22350.9 22213.8 29598.8 21520.3 29559.3 20506.1 20006.4 19510.7 19493.7 27599.2 19194.9 22906.1 30426.2 33983.9
threshold=13.160812854766847 36.21507644653321 10.500000000000002 63.294715881347663 339.35041809082037 382.81842041015631 36.957334518432624 32.941583633422859 -0.94423642754554737 48.168771743774421 14.982500076293947 109.41787719726564 19.517843246459964 0.44560605287551885 7.7274999618530282 46.914346694946296 7.3819017410278329 14.994769096374513 5.0499999523162851 5.2024998664855966 17.242008209228519 4.3025000095367441 5.8010001182556161 255.47584533691409 8.123350143432619 19.369464874267582 20.500000000000004 28.200880050659183 -0.45273527503013605 19.650000572204593 10.500000000000002 -1595.2874755859373 41.348640441894538 -0.11692317575216292 58.500000000000007 0.75970560312271129 49.601499557495124 6.9014999866485605 -0.87395131587982167 129.95306396484378 86.500000000000014 0.31516210734844213 70.500000000000014 -0.048362832516431802 21.113194465637211 -0.32614396512508387 1.5322539210319521 10.500000000000002 77.500000000000014 -0.45273527503013605 inf 10.308000087738039 89.500000000000014 5.2024998664855966 193.03466796875003 8.4024996757507342 7.4010000228881845 9.2109999656677264 63.181373596191413 43.938581466674812 517.12500000000011 -0.45273527503013605 0.21698793023824695 26.976041793823246 24.755772590637211 13.945000171661379 256.36999511718756 0.5874999761581422 4.43400001525879 47.761167526245124 7.0000000000000009 19.950067520141605 -82.030223846435533 18.032930374145511 87.500000000000014 14.000000000000002 185.50000000000003 35.14173889160157 27.604000091552738
decision_type=10 2 2 2 8 8 8 8 2 2 8 8 10 8 2 10 8 10 8 10 10 10 8 8 10 10 10 10 2 8 2 10 10 2 8 2 8 8 2 10 10 2 10 2 10 2 2 2 8 2 8 8 10 10 8 8 10 2 10 2 8 2 10 8 10 10 10 8 10 10 2 2 10 2 10 2 10 10 8
left_child=14 6 3 4 64 7 12 8 -6 17 32 -12 36 -4 18 60 -17 -10 19 -1 33 -19 -13 -24 -14 -23 -22 66 -29 71 31 -31 -5 -15 47 -32 38 -38 39 51 -41 -42 43 -35 -18 -46 -20 -16 49 65 -39 52 -2 54 55 -50 -57 -36 -47 -27 61 -8 63 -63 -3 -40 67 -26 69 -69 -59 -30 -28 -70 -75 76 -51 78 -78
right_child=1 2 13 10 5 -7 15 -9 9 -11 11 22 24 20 34 16 44 21 46 -21 26 25 23 -25 27 59 72 28 29 30 35 -33 -34 42 57 -37 37 50 48 40 41 -43 -44 -45 45 58 -48 -49 53 75 -52 -53 -54 -55 -56 56 -58 70 -60 -61 -62 62 -64 -65 -66 -67 -68 68 73 -71 -72 -73 -74 74 -76 -77 77 -79 -80
leaf_value=1.4796345913238418 -0.028746810033110339 -0.92874525097779703 0.97512772513612322 -0.23102199183169686 2.1152624783703207 -0.046448479937655586 -0.070736804695066172 1.0790876997802235 4.3530797419828531 5.0032386236101658 2.0578077466876379 -0.56998117614148258 -0.20831830287995093 -0.25025920496615889 0.1905983690113317 1.6306009869093763 -0.13927895838849283 2.4712260518624229 -0.17300386329949002 -0.36452296905040743 0.96311402120853806 3.1313945101959928 0.87750481975078576 0.040543664940760261 0.63223736922397755 3.3953782180259968 -0.29403082129431934 0.0020670994900619309 0.1466985358136785 1.6129322081886541 0.1905845507900609 0.37761684878733648 0.36786255056637202 0.67291211420727759 -0.083766530227528543 0.78756508590822871 0.90754541861861937 0.044926907229413338 0.0084714518536953068 0.15179766582674811 0.25773249023246325 2.6155621170608572 -0.17721380287075611 0.013782111403918343 1.2882034462993963 0.54960396784448162 -0.10862583850875217 -0.015209641193363644 1.7175824544050478 -0.049831841989272395 0.71651685858915248 -0.019491646547209553 1.2666181089658652 -0.088318311222969126 -0.12004874661630618 1.0081735228043627 -0.14602006756744812 0.46440770589662672 0.055491453747857696 4.2640293936081868 0.039594470319618651 0.39936010336476391 0.36744354415877506 1.299942646848345 -0.085829198377376251 -0.20512570304661237 0.01376956977383279 1.0331483587368488 0.11579160175727425 0.14804135426181683 0.022531337684155391 -0.31739340172637076 0.47910685157353677 0.0074188237132497108 -0.66336847313074954 -0.0013583459277892391 0.25503831636675411 0.084223465589960272 0.98701818997850854
leaf_weight=207 1242 201 284 3185 330 314 494 217 203 213 209 200 1339 3573 2704 218 208 207 45794 249 250 781 374 657 395 289 245 2198 2901 359 3358 1492 370 290 57948 329 299 2194 3655 1493 216 202 3176 4998 399 3078 51389 16429 219 2830 224 8052 327 22823 1910 250 799 421 395 242 1000 206 3048 205 263 3407 9616 213 33321 373 3634 377 224 1836 250 17495 1790 6632 261
leaf_count=207 1242 201 284 3185 330 314 494 217 203 213 209 200 1339 3573 2704 218 208 207 45794 249 250 781 374 657 395 289 245 2198 2901 359 3358 1492 370 290 57948 329 299 2194 3655 1493 216 202 3176 4998 399 3078 51389 16429 219 2830 224 8052 327 22823 1910 250 799 421 395 242 1000 206 3048 205 263 3407 9616 213 33321 373 3634 377 224 1836 250 17495 1790 6632 261
internal_value=0.000702939 0.107979 0.332877 0.935872 2.34677 2.81125 0.0747024 3.17265 3.37266 3.5859 0.0147631 0.467256 0.049889 -0.048892 -0.0984416 0.435894 0.594901 3.40778 -0.136095 0.474033 -0.0717654 3.27867 0.19576 0.344711 0.110361 3.40409 0.385013 0.117848 0.213781 0.266559 0.369111 0.617947 -0.168605 -0.0990796 -0.0531278 0.244054 0.00364936 0.195767 -0.00344508 0.089866 0.425561 1.40069 -0.0352385 0.05005 0.539176 0.575648 -0.138963 0.0138849 -0.0207823 0.0122284 0.107413 0.0231503 0.241859 -0.0665751 0.0895535 0.405125 0.129748 -0.0738066 0.493438 3.79853 0.297822 0.36312 0.425084 0.850621 -0.452184 -0.0945911 0.0948762 0.116309 0.110629 0.470973 0.0685112 0.0932432 0.0754627 0.104652 -0.0732521 0.038236 0.0983978 0.14671 0.348622
internal_weight=343998 165223 21295 8255 3260 2796 143928 2482 2265 1935 4995 1440 134677 13040 178775 9251 4298 1722 97639 456 12756 1519 1231 1031 58357 1312 719 57018 11014 8816 5538 1851 3555 12037 81136 3687 76320 2717 73603 11532 1911 418 8464 5288 4080 3872 97183 19133 62071 36070 2418 9621 1569 26001 3178 1268 1049 62003 3473 531 4953 3953 3459 411 464 7062 46004 36388 35993 586 4055 3278 469 35407 2086 29008 11513 8683 2051
internal_count=343998 165223 21295 8255 3260 2796 143928 2482 2265 1935 4995 1440 134677 13040 178775 9251 4298 1722 97639 456 12756 1519 1231 1031 58357 1312 719 57018 11014 8816 5538 1851 3555 12037 81136 3687 76320 2717 73603 11532 1911 418 8464 5288 4080 3872 97183 19133 62071 36070 2418 9621 1569 26001 3178 1268 1049 62003 3473 531 4953 3953 3459 411 464 7062 46004 36388 35993 586 4055 3278 469 35407 2086 29008 11513 8683 2051
is_linear=0
shrinkage=0.06


Tree=25
num_leaves=80
num_cat=0
split_feature=94 97 205 94 205 97 97 57 186 166 77 194 97 68 95 46 36 193 50 87 90 198 83 65 208 208 59 203 79 205 207 196 99 123 80 85 207 76 114 63 59 122 37 96 193 90 5 49 193 199 96 97 123 169 43 205 120 96 88 77 44 82 88 48 36 96 90 208 93 80 164 94 50 105 99 75 158 123 72
split_gain=881614 280536 548649 238312 200528 687710 2.19609e+06 835101 674336 413952 153371 124988 121899 120363 106545 103812 79025 178475 73673.5 69327.7 67540.4 62746.4 62253.3 50808.4 43514.3 56006.9 41252.6 45543.4 41079.3 109155 40718.5 55798.4 73613.7 99299.8 43273.7 37805.9 37247.2 118236 36833.3 36268.9 39050.1 63280.4 66284.6 35492.5 47727.8 141000 147627 38154.4 33667.5 89907.5 30458.8 29681.3 28134.2 28008.8 27802.6 27516.7 48197 58029.8 142133 231189 272545 43911.6 36083.1 57221.8 150147 37954.3 103636 27287.6 25795.1 33121 25081.4 23905.9 23835.6 23148.3 27825.6 23854.8 23025.4 23005.1 22206.2
threshold=15.24204206466675 42.884325027465827 0.93301269412040722 44.443561553955085 0.37940952181816107 36.21507644653321 54.202339172363288 3.6916832923889165 0.10585624352097513 79.500000000000014 49.881315231323249 51.500000000000007 88.929145812988295 30.029000282287601 6.9189262390136728 25.675999641418461 107.87080764770509 27.849999427795414 21.501500129699711 18.804999351501468 18.376500129699711 8.6500000953674334 50.918998718261726 26.725999832153324 0.99445194005966198 0.97461712360382091 0.72482705116271984 -0.095842104405164705 0.95756816864013683 0.93301269412040722 0.97112539410591137 31.500000000000004 0.42419478297233587 1.4717429280281069 18.454999923706058 30.912499427795414 -0.87395131587982167 56.999017715454109 -317.51936340332026 4.8524999618530282 0.47471302747726446 -18.148878097534176 105.79731750488283 10.847508430480959 8.9499998092651385 7.7514998912811288 119.26250076293947 105.78750228881837 25.849999427795414 252.50000000000003 16.813183784484867 19.950067520141605 6.0294041633605966 47.43499946594239 10.95099973678589 1.0000000180025095e-35 19.48124980926514 17.880798339843754 12.308000087738039 39.149621963500984 31.836500167846683 19.827500343322757 9.4024996757507342 11.026000022888185 166.3420104980469 14.637004852294924 11.153499603271486 0.063390085473656668 8.6340832710266131 10.302500247955324 12.500000000000002 21.697896003723148 54.457500457763679 17.799068450927738 0.65144547820091259 40.399446487426765 65.500000000000014 6.7406029701232919 0.85350000858306896
decision_type=8 2 2 10 2 2 2 10 10 10 10 8 2 8 10 10 8 10 10 10 8 10 8 10 2 2 10 10 10 2 2 8 2 10 2 10 2 10 10 10 10 10 8 8 8 10 8 8 10 10 10 2 10 8 10 2 10 10 8 8 10 8 10 8 8 8 8 2 10 2 2 10 10 10 2 10 2 10 8
left_child=1 14 -3 4 20 11 7 -7 9 10 13 21 16 15 -1 -9 17 -5 -15 22 67 26 50 70 25 39 38 -28 -14 -30 34 32 -32 -34 36 -22 37 -13 -6 -18 41 42 -41 -16 45 46 -45 -47 49 -40 -8 53 -29 55 -52 73 57 62 59 60 -59 68 63 64 -57 -65 -67 -2 -60 -70 -17 -20 -42 -46 -75 -76 78 -50 -36
right_child=3 2 -4 12 5 6 19 8 -10 -11 -12 30 28 18 43 23 24 -19 71 -21 35 -23 -24 -25 -26 -27 27 52 29 -31 31 -33 33 -35 76 -37 -38 -39 48 40 72 -43 -44 44 51 47 -48 -49 77 -51 54 -53 -54 -55 -56 56 -58 58 61 -61 -62 -63 -64 65 -66 66 -68 -69 69 -71 -72 -73 -74 74 75 -77 -78 -79 -80
leaf_value=-0.14272824039825568 -0.08298732500830551 -0.33255585826656153 2.929308955188191 2.615850093443604 0.15278145816919919 -1.63039951073812 -0.74555268529774554 1.6090319600435767 -0.44081424227199101 0.7840193442825798 1.5301108539968298 0.011764878819150037 -0.078995249998604633 4.7213882815600394 -0.082510190313102014 3.168099304607936 0.082220956287490363 0.10242955208701246 2.9795962293404505 0.70046427638125208 0.070506762834151512 0.082134567467208652 0.82884301262242444 3.9485967266944146 -0.28534012235898748 1.4375853434255568 1.545493342527529 1.0742379996434945 -0.12689118452323306 1.3312013186346614 0.21866536927333471 0.0026086565538849188 1.8323834065823537 0.34221896067947932 0.72657741940304843 0.24178950616543529 -0.095255227010073648 1.2411575341432155 1.8321097263011854 1.9184603688086588 0.38579617152327811 0.53248406998745346 0.63150244489906393 -0.049039041113483839 -0.07826344154482362 -0.26732446781659158 1.7179740368651248 0.56884794116848036 0.67421119533395502 0.45640497402523084 0.48686658103673192 -0.40374806332798968 0.14781862007101465 -0.17281398153518998 -0.23593092196852644 2.0359410188658535 -0.062598873322390017 0.62045320730055531 -0.49663842810248882 -0.3126279420377614 3.5233868427685833 0.85362143050212014 -0.017480655678923453 0.023877322445617709 -0.1660221383717668 1.3115943143915192 0.078496675776057928 0.022150609623052681 0.74597274763536625 -0.11939656368059956 2.3021291334462721 3.9122509944145309 -0.29104951756046366 0.0034955154018049472 0.13336725967105578 0.85772683215341894 -0.22275482316479084 0.17952145035474978 0.10908682509588567
leaf_weight=66703 14511 429 326 203 1476 200 398 201 269 332 206 2589 1891 250 68346 335 680 203 250 340 31193 2305 202 216 244 235 245 204 476 301 1990 2396 270 398 212 5449 11359 315 235 260 670 3570 325 299 28584 1025 394 242 533 625 204 759 279 4447 2942 200 14243 278 404 287 200 200 11351 4167 250 330 949 22926 206 689 214 202 259 6308 443 259 749 927 13523
leaf_count=66703 14511 429 326 203 1476 200 398 201 269 332 206 2589 1891 250 68346 335 680 203 250 340 31193 2305 202 216 244 235 245 204 476 301 1990 2396 270 398 212 5449 11359 315 235 260 670 3570 325 299 28584 1025 394 242 533 625 204 759 279 4447 2942 200 14243 278 404 287 200 200 11351 4167 250 330 949 22926 206 689 214 202 259 6308 443 259 749 927 13523
internal_value=-0.000372319 -0.0758581 1.07789 0.12217 0.0997372 0.19612 0.756378 2.0925 2.39388 2.73958 3.08543 0.102874 0.414596 3.27648 -0.0799806 2.83486 0.552055 1.36248 3.87928 -0.118644 0.0380761 0.33698 -0.193157 3.15442 0.499141 0.531091 0.466778 0.880383 0.0719508 0.43894 0.0555677 0.212609 0.401837 0.94637 0.0279519 0.095984 -0.0462298 0.1455 0.387245 0.49389 0.548925 0.627548 1.20578 -0.0510866 -0.0230169 0.26917 0.956611 -0.107291 0.536283 0.834016 -0.251626 -0.0307019 0.540512 -0.0268596 -0.188922 -0.0174978 0.0213132 0.0825689 0.368098 1.03299 1.83989 0.0283147 0.0450686 0.165471 0.814972 0.111663 0.397429 -0.0186032 -0.0993122 0.0803937 2.83534 3.40412 0.196985 -0.0543021 0.0434 0.401457 0.101 0.360455 0.11867
internal_weight=343105 212318 755 130787 121470 47391 6761 2675 2475 2206 1874 40630 9317 1668 211563 966 6649 406 702 4086 74079 6829 3746 765 6243 5999 4524 728 2668 777 33801 5054 2658 668 28747 36642 14263 2904 3796 5764 5084 4155 585 144860 76514 1960 693 1267 2320 860 3544 74554 483 73795 3146 69348 33754 19511 2264 765 478 1499 17247 5896 450 5446 1279 37437 1299 895 549 452 929 35594 7010 702 14484 1460 13735
internal_count=343105 212318 755 130787 121470 47391 6761 2675 2475 2206 1874 40630 9317 1668 211563 966 6649 406 702 4086 74079 6829 3746 765 6243 5999 4524 728 2668 777 33801 5054 2658 668 28747 36642 14263 2904 3796 5764 5084 4155 585 144860 76514 1960 693 1267 2320 860 3544 74554 483 73795 3146 69348 33754 19511 2264 765 478 1499 17247 5896 450 5446 1279 37437 1299 895 549 452 929 35594 7010 702 14484 1460 13735
is_linear=0
shrinkage=0.06


Tree=26
num_leaves=80
num_cat=0
split_feature=94 96 205 99 209 76 96 36 99 129 77 145 39 201 78 52 71 56 193 79 194 57 96 82 199 77 91 96 36 206 86 207 149 95 89 29 194 42 207 207 175 54 163 42 69 201 208 56 207 196 99 49 15 171 193 87 17 208 123 194 209 201 63 18 49 35 191 94 48 96 205 139 201 96 90 194 90 35 77
split_gain=797233 237518 210960 390360 543694 329706 404988 297444 508422 596218 253113 198549 182451 169513 113976 110479 116540 109019 100703 96637.9 89055.1 83124.3 74174.1 69615.9 84285.4 56677.4 55678.2 79581.7 53711.8 269018 52726.8 48019.4 47045.9 44286.2 59435.4 93097.7 42026.9 40892.8 38651.1 47880.8 119260 93886.5 52267.4 41591.7 34088.2 30414.4 80405.2 37945.1 29602.3 30539.7 41849.4 50127.5 29460.4 64583.2 28985.2 143384 28738.8 28250.1 27808.9 27429.6 27412 29844.6 50214.9 26894.7 31132.2 26602 26311.9 26696.8 25838.9 25081.6 29894.9 42725.7 81612.8 193803 208075 56809.6 129803 41634.4 68664.8
threshold=13.354000091552736 36.506265640258796 0.37940952181816107 0.5849612057209016 2.5000000000000004 52.376279830932624 23.780482292175297 182.22661590576175 0.91204342246055614 157.29167175292972 47.517541885375984 5.5499999523162851 0.54185408353805553 37.500000000000007 -12.381500244140623 16.428999900817875 7.9514999389648446 64.463066101074233 16.550000190734867 0.7281862497329713 50.500000000000007 4.0167546272277841 6.7697556018829355 43.01250076293946 345.50000000000006 15.502862930297853 6.0260000228881845 17.357866287231449 131.08409118652347 -1.0000000180025095e-35 17.656499862670902 0.9996619224548341 0.63499999046325695 19.179116249084476 8.7290000915527362 144.02850341796878 78.500000000000014 19.289000511169437 -0.9550008475780486 -0.87395131587982167 44.264999389648445 65.865268707275405 582.80499267578136 9.427500247955324 11.202499866485597 177.50000000000003 -0.21862536668777463 79.896656036376967 0.96687895059585582 96.500000000000014 0.36586348712444311 17.829999923706058 62.624094009399421 0.32569362223148351 5.0499999523162851 6.5784997940063485 43.646940231323249 0.063390085473656668 -28.062470436096188 72.500000000000014 2.5000000000000004 57.500000000000007 18.452500343322757 34.018499374389656 36.371000289916999 279.26306152343756 21.449253082275394 42.197711944580085 26.833999633789066 10.518916606903078 -0.37940952181816096 7.7565000057220468 177.50000000000003 14.722737789154055 12.002500057220461 95.500000000000014 7.2525000572204599 249.19450378417972 23.251429557800297
decision_type=8 8 2 2 2 8 10 8 2 8 10 10 8 8 10 10 10 10 8 8 8 10 10 8 10 8 10 10 8 2 10 2 2 8 8 8 8 10 2 2 10 10 10 10 10 10 2 10 2 8 2 10 10 2 8 10 10 2 10 10 2 8 10 10 10 8 8 8 8 10 2 8 10 10 10 10 8 8 10
left_child=22 2 30 20 5 6 11 8 9 56 12 -5 13 -11 -13 -15 -17 -8 -10 -18 31 65 -1 28 37 32 -16 -28 29 -3 57 -4 -23 48 35 -35 44 -25 -27 40 -40 -42 43 58 45 46 -30 -48 -22 50 -50 -52 53 -20 55 -24 -6 -2 -41 -59 -39 62 -62 -45 -65 -9 -32 -68 -69 -56 -71 -72 75 -74 -75 -73 -77 78 -78
right_child=1 23 3 4 7 -7 17 21 18 10 -12 14 -14 15 26 16 19 -19 52 -21 33 25 54 24 -26 38 27 -29 36 -31 66 -33 -34 34 -36 -37 -38 60 39 42 41 -43 -44 63 -46 -47 47 -49 49 -51 51 -53 -54 -55 69 -57 -58 59 -60 -61 61 -63 -64 64 -66 -67 67 68 -70 70 71 72 73 74 -76 76 77 -79 -80
leaf_value=-0.13879606504664418 -0.078444389731411768 -0.59505278412812246 0.25614478246468858 0.7641419179772222 -0.10284820692366703 -0.31246620931713154 1.3530795747155493 -1.0474586980686826 1.1624495109308113 4.1091469083387073 0.2168138802667027 3.9076367982771334 0.70872609877292025 3.2960446085359068 2.8895232077048725 3.0145994147833655 0.44148427920944894 -0.19371625923087102 -0.31643759080991496 2.1052172804434037 -0.050531163764160503 1.3181611258619359 1.5629479895366523 0.032692911153932476 1.6732180839691844 -0.69976829884219027 0.96863524860349182 2.5891999718965577 1.7634270590602128 2.3180368784093455 0.011690024902060201 1.0170866090474249 0.29416983497870525 1.5033620248434785 0.088307034915707558 0.16606614961458346 -0.086253037397749713 0.032131737767174692 -0.48754788523417636 1.0904533217214207 0.29397152194126841 2.083179990791757 -0.41420647863135973 -0.079400628311478802 0.12382867912466344 0.16111493070372646 0.13816414146383005 1.0864261214456086 0.086382146452679553 -0.20402794089515439 1.4375305820531739 0.32361629819299315 -0.87292118390811524 0.73985648639230839 -0.085321157186174279 -0.48852985153210832 0.67200630375935178 0.045170961503645697 0.14233834238939508 -0.097600748190652661 1.5615782698461991 0.48083551788615231 0.55437538006875131 0.97383984552425096 0.019040558088990842 -0.3138827818790727 0.099182939254759739 1.02950346577803 0.2560977584243837 -0.086295570431635757 -0.06088826439810828 -0.020717951674281858 0.093197627858715423 2.3516515608221571 0.16933850643228046 1.6809073002957577 -0.044027630884844078 -0.29462424350971428 1.3350624971475127
leaf_weight=60103 19279 232 5456 257 836 386 274 252 205 201 275 204 242 241 337 203 242 406 1277 262 16211 215 215 742 209 251 202 241 200 223 15874 315 644 277 16595 576 1759 403 258 232 222 201 915 2190 2413 635 531 212 1581 659 202 516 229 248 65869 283 216 23041 214 6133 262 4124 559 205 305 605 22656 203 659 22699 19575 14323 2118 323 306 231 352 485 205
leaf_count=60103 19279 232 5456 257 836 386 274 252 205 201 275 204 242 241 337 203 242 406 1277 262 16211 215 215 742 209 251 202 241 200 223 15874 315 644 277 16595 576 1759 403 258 232 222 201 915 2190 2413 635 531 212 1581 659 202 516 229 248 65869 283 216 23041 214 6133 262 4124 559 205 305 605 22656 203 659 22699 19575 14323 2118 323 306 231 352 485 205
internal_value=-0.000301585 0.0996593 0.077866 0.168779 0.447282 1.28701 1.6084 0.27704 0.644278 1.17522 1.88103 2.25289 2.20966 2.52489 2.64055 2.18501 1.80216 0.430623 -0.0925971 1.30882 0.0788033 0.0209716 -0.0838824 0.350482 0.49099 0.101818 2.30458 1.8541 0.207789 0.834634 0.019825 0.297848 0.5517 0.0442737 0.113433 0.601586 0.15805 0.45015 0.0243247 0.0627913 0.527981 1.14707 -0.0153284 0.100778 0.26572 0.482476 0.698476 0.409828 -0.0186794 0.155839 0.259037 0.638565 -0.23986 -0.144288 -0.0578903 0.398506 0.0567345 -0.0220882 0.636864 0.015155 0.508053 0.546824 0.877306 0.0120217 0.403987 -0.530559 0.0713784 0.111664 0.439216 -0.0596904 -0.0318379 0.000763718 0.0665563 0.368052 1.29194 0.0134321 0.397382 0.111499 0.46502
internal_weight=343517 156430 143926 56081 13693 2307 1921 11386 4677 2718 1666 1241 1391 1149 984 948 707 680 1959 504 42388 6709 187087 12504 6299 5852 780 443 6205 455 87845 5771 859 36617 17448 853 5750 6090 4993 4742 681 423 4061 3146 3991 1578 943 743 19169 2958 2299 718 1754 1525 126984 498 1052 48453 446 29174 5348 4945 821 2700 510 857 39392 23518 862 126486 60617 37918 18343 2747 629 15596 1273 1042 557
internal_count=343517 156430 143926 56081 13693 2307 1921 11386 4677 2718 1666 1241 1391 1149 984 948 707 680 1959 504 42388 6709 187087 12504 6299 5852 780 443 6205 455 87845 5771 859 36617 17448 853 5750 6090 4993 4742 681 423 4061 3146 3991 1578 943 743 19169 2958 2299 718 1754 1525 126984 498 1052 48453 446 29174 5348 4945 821 2700 510 857 39392 23518 862 126486 60617 37918 18343 2747 629 15596 1273 1042 557
is_linear=0
shrinkage=0.06


Tree=27
num_leaves=80
num_cat=0
split_feature=94 96 97 97 205 120 57 97 207 36 205 95 97 123 36 205 57 85 97 84 194 52 74 207 122 191 203 141 124 97 71 133 200 94 85 193 54 80 191 84 207 56 148 74 49 160 56 36 114 202 93 194 84 193 57 95 145 40 193 191 194 89 96 2 3 36 88 96 204 149 46 36 194 192 208 76 205 194 57
split_gain=696364 222880 173851 811773 1.88297e+06 562194 346788 166573 132866 172334 143330 84575.3 77028.6 67719.3 91865.7 204183 91144.9 80526.8 67478.2 56320.3 93087.6 51641.5 60255.3 49788.1 86341.8 37591 37219.4 37289.7 34868.6 31969.6 42785.9 57326.7 30457.1 37152.6 30297.9 44975.7 98476.5 30239.6 29670.8 25257.6 29784.3 50635.6 27533.5 25193.1 24842.6 24267.8 24070.8 23524 23345.2 23062.1 22471.3 22125.8 20140.9 45040.4 35306.1 19838.3 27784.5 19340.7 19339.5 41489.6 43542.3 19288.2 18089.1 56032.4 25146.6 29270.9 17468.5 17463.5 17204.8 17038.3 16545.4 21183.9 16079 16036.7 16897.2 17203.2 21645.7 18372.4 28075.4
threshold=13.724246978759767 40.390100479125984 36.21507644653321 48.168771743774421 0.93301269412040722 94.93125152587892 6.0288295745849618 40.950769424438484 0.97112539410591137 156.50531768798831 0.93301269412040722 19.320567131042484 42.884325027465827 -10.276521682739256 158.89533996582034 0.93301269412040722 4.2418375015258798 18.372500419616703 1.5074734687805178 14.71299982070923 95.500000000000014 89.502498626708999 40.066303253173835 0.82414472103118908 -10.257125377655028 12.860840797424318 -0.97988739609718312 5.9231507778167733 0.86565911769866954 75.481174468994155 34.384000778198249 1.1560968160629275 19.94999980926514 30.783332824707035 14.777499675750734 8.9499998092651385 50.030729293823249 9.8515000343322772 33.900127410888679 51.96100044250489 -0.091260667890310274 54.457740783691413 0.35019405186176306 81.156024932861342 128.67499542236331 18.500000000000004 36.234933853149421 inf -230.16585540771482 -0.70088258385658253 3.693366646766663 92.500000000000014 0.40500000119209295 8.6500000953674334 0.1794179901480675 18.315331459045414 7.0499999523162851 inf 17.44999980926514 49.514556884765632 71.500000000000014 5.5824999809265146 17.880798339843754 30.005999565124515 78.012500762939467 274.14323425292974 5.0060000419616708 9.7091674804687518 8.0000000000000018 24.204999923706058 22.451499938964847 210.819938659668 61.500000000000007 0.81557041406631481 -0.42179730534553522 41.13264465332032 -0.68301269412040699 77.500000000000014 27.955738067626957
decision_type=8 8 2 2 2 8 8 2 2 10 2 8 2 8 8 2 10 8 2 8 10 10 8 2 10 8 8 8 8 2 8 8 8 8 8 8 10 2 10 8 2 10 8 8 8 8 10 8 10 10 10 10 10 8 10 10 10 8 10 8 10 8 10 8 10 8 10 10 2 2 10 10 10 8 2 8 2 10 10
left_child=12 2 11 4 -4 -6 -7 -8 19 10 -10 51 18 38 15 16 -15 44 50 29 23 22 46 43 -25 48 -19 -28 -24 30 55 -32 33 57 45 36 -36 -29 -3 -39 42 -42 -41 58 -16 52 -9 -34 -13 -11 -1 -2 53 -20 -55 -5 -57 -27 -21 -60 -61 -53 -37 -64 -65 -66 -48 -54 -47 -69 71 -71 -50 -35 -75 77 -77 78 -76
right_child=1 13 3 8 5 6 7 21 9 49 -12 25 -14 14 17 -17 -18 26 34 20 -22 -23 28 24 -26 32 27 37 -30 -31 31 -33 47 73 35 62 -38 39 -40 40 41 -43 -44 -45 -46 68 66 -49 72 -51 -52 61 67 54 -56 56 -58 -59 59 60 -62 -63 63 64 65 -67 -68 69 -70 70 -72 -73 -74 74 75 76 -78 -79 -80
leaf_value=-0.17924204595193052 0.012247184272494433 -0.39719426041809464 -0.050783713058145843 -0.38801360782180833 -0.53586163350341398 0.049526737633317997 1.1666002908323994 2.1232648401260374 0.52943116507960553 -0.59760479932246002 2.6841247449929897 -0.091957388871506673 0.9585482245902297 1.1377022404618122 -0.26667608556419925 2.104602242453034 -0.55951473058093082 1.2421711310714778 0.89213274934418785 -0.14000291910578186 1.1817840295833286 1.9656168920717068 3.0987797616360453 1.5086633226455644 -0.19896830497643436 0.12283175017317763 1.0626011569593468 -0.33150067825340529 4.1256220922335771 -0.21238829920962327 0.095072506668294282 1.2115540363129882 0.061649290936860696 0.11118964227966052 -0.02210755008922418 -0.016335678568198512 1.6105748930772239 0.28770404234799968 0.45312473270541698 1.2970825472703769 0.55455217065983087 -0.19389205500600232 0.43517765000018671 -0.53151167307211 0.28397818932194363 -0.19295899791452092 3.302578117586823 -0.42093675637861744 0.19661712635240419 0.26349578928263462 -0.10292237422867248 0.28645152223899734 -0.086708641656757679 0.79037144724927511 -0.005004384957841921 -0.15254126481190114 0.44007010114283213 0.68762552780674935 -0.050170108397313833 0.12650040197366733 1.2354044340682768 -0.14586745815102647 0.96446655506553169 -0.26786589436904384 0.88079959545784914 0.0065483890489929104 2.6506475947170185 -0.040327399608956233 -0.077997990315546023 0.065461492938111016 0.037681086371906779 0.83045945348142969 0.0011426951682289804 0.098364310580733652 0.50117003725713916 -0.029215117343653743 0.43099406972610205 0.24783266013252594 1.1564735466080611
leaf_weight=20349 56288 557 3586 676 258 201 237 219 240 206 207 5103 258 203 848 355 257 201 218 1318 283 209 337 214 211 28601 305 205 212 6337 652 221 13131 1298 393 17946 200 3142 200 314 2179 382 234 321 451 7945 246 373 2557 243 43768 400 41690 206 6832 1070 387 219 1012 293 225 5066 280 565 200 439 517 37828 11431 275 1539 247 3715 776 1049 585 990 592 304
leaf_count=20349 56288 557 3586 676 258 201 237 219 240 206 207 5103 258 203 848 355 257 201 218 1318 283 209 337 214 211 28601 305 205 212 6337 652 221 13131 1298 393 17946 200 3142 200 314 2179 382 234 321 451 7945 246 373 2557 243 43768 400 41690 206 6832 1070 387 219 1012 293 225 5066 280 565 200 439 517 37828 11431 275 1539 247 3715 776 1049 585 990 592 304
internal_value=0.000133768 0.096594 0.0773562 0.240587 0.823762 2.11066 2.42426 2.66555 -0.00824057 0.698417 1.53101 0.0501984 -0.0754974 0.37278 0.418252 1.0257 0.190318 0.358206 -0.0768894 -0.0561842 0.136041 2.86893 2.99088 0.0533911 0.662397 0.101381 0.439114 0.415059 3.50208 -0.135957 0.0251871 0.378773 0.124657 0.154621 -0.05176 0.0160389 0.530329 0.384308 -0.172238 0.407832 0.529103 0.442882 0.930506 -0.028467 -0.075423 -0.0643053 2.70182 0.0482894 0.00332651 -0.132025 -0.127147 0.00105479 -0.0510342 0.0447553 0.018385 -0.119639 0.00505865 0.127147 0.0283982 0.173462 0.609619 -0.114184 0.000316432 0.201566 0.0234937 0.281128 2.86489 -0.0595546 -0.125145 -0.0311731 0.136785 0.428339 0.0808533 0.296117 0.351953 0.407814 0.260149 0.527193 0.649153
internal_weight=343627 151018 141185 20138 6022 2436 2178 1977 14116 896 447 121047 192609 9833 9076 815 460 8261 192351 13220 3877 1740 1531 3594 425 59293 6962 6761 549 9343 3006 873 47918 34414 128234 20023 593 6456 757 6251 3109 2561 548 3169 1299 108211 982 13504 11375 449 64117 61754 88835 7256 7038 2133 1457 28820 2848 1530 518 5466 19430 1484 1204 639 763 81579 19376 39889 2061 522 6272 5594 4296 3520 1575 1945 1353
internal_count=343627 151018 141185 20138 6022 2436 2178 1977 14116 896 447 121047 192609 9833 9076 815 460 8261 192351 13220 3877 1740 1531 3594 425 59293 6962 6761 549 9343 3006 873 47918 34414 128234 20023 593 6456 757 6251 3109 2561 548 3169 1299 108211 982 13504 11375 449 64117 61754 88835 7256 7038 2133 1457 28820 2848 1530 518 5466 19430 1484 1204 639 763 81579 19376 39889 2061 522 6272 5594 4296 3520 1575 1945 1353
is_linear=0
shrinkage=0.06


Tree=28
num_leaves=80
num_cat=0
split_feature=96 205 97 97 93 97 209 75 85 80 29 194 85 139 37 60 85 83 30 194 84 39 88 80 86 80 181 198 56 90 144 56 29 84 22 59 36 62 52 84 207 207 193 84 59 208 193 105 65 193 197 207 189 27 47 91 53 90 194 85 56 68 47 83 85 208 197 4 208 208 199 199 96 114 37 82 91 96 80
split_gain=634173 223187 863339 1.91021e+06 413108 218626 600798 231431 189716 171306 128471 95755.6 86737.1 105144 150628 314689 74765.4 71187.3 68375.9 67449.2 64389.5 93525.4 60628.9 59263.3 53730.9 52734.7 48688.4 44240.7 46630.9 55602.1 144763 168671 281697 160881 175617 116928 125465 50643.8 43337 41378.5 41117.9 107084 35107.6 141590 34947.2 34406.4 48311.8 34325.3 33716.1 32784.2 39856 43794.8 32345.7 41203.2 70879.9 32434.6 30865.9 30013.4 29181.7 27207.6 26293.6 25830.1 24353.4 24313.7 23564.3 23305.9 53693.3 32868.8 32658.1 47381.7 22993.3 22689.2 22592.8 35532 211015 20388.7 20089.4 19324.2 23018.1
threshold=13.160812854766847 0.93301269412040722 36.21507644653321 48.168771743774421 36.440832138061531 75.481174468994155 4.5000000000000009 43.067745208740241 24.501000404357914 31.209000587463382 98.970001220703139 55.500000000000007 49.913999557495124 25.445999145507816 48.086233139038093 43.158500671386726 37.112499237060554 18.164000511169437 70.014999389648452 83.500000000000014 16.107999801635746 0.24002577364444735 7.2525000572204599 28.891500473022464 17.350999832153324 9.3074998855590838 7.0000000000000009 17.250000000000004 72.571735382080092 10.236499786376955 -0.88426831364631642 34.352075576782234 144.02850341796878 9.1050000190734881 247.20999908447268 0.44452853500843054 166.3420104980469 78.002498626708999 72.212497711181655 12.610000133514406 0.9837264120578767 0.90162119269371044 5.0499999523162851 5.2024998664855966 0.73844173550605785 0.063390085473656668 32.750000000000007 -16.038388252258297 15.661499977111818 26.150000572204593 983.04998779296886 0.9996619224548341 12.730971336364748 246.02349853515628 65.187500000000014 44.760000228881843 59.185832977294929 1.5825000405311587 70.500000000000014 5.0209999084472665 63.653787612915046 17.871000289916996 139.16249847412112 6.0014998912811288 5.6015000343322763 0.86004966497421276 989.95001220703136 184.0830001831055 0.81304046511650097 0.76002004742622387 261.50000000000006 251.50000000000003 23.205305099487308 367.33544921875006 89.778610229492202 8.6024999618530291 15.711499691009523 18.978005409240726 6.8775000572204599
decision_type=8 2 2 2 8 2 2 10 8 2 8 8 8 8 8 8 8 10 10 10 8 8 10 2 10 2 2 8 8 10 10 10 8 10 8 8 8 10 10 8 2 2 8 10 10 2 10 10 8 10 10 2 8 10 10 8 10 10 10 10 10 10 10 8 8 2 8 8 2 2 10 10 10 8 8 8 10 10 2
left_child=25 9 11 4 8 6 7 -5 17 24 -8 23 27 -14 15 61 26 18 -4 -20 -7 -22 -12 47 45 42 -11 28 29 30 31 35 -33 34 -34 57 -37 48 63 -31 41 76 43 -1 -25 75 58 -3 -35 50 70 -52 -16 55 -55 -54 -50 -13 -47 -41 -24 -15 -28 -21 -44 68 -67 -68 69 -18 -49 -51 -61 -74 -75 -2 -23 -26 -79
right_child=1 2 3 5 -6 20 10 -9 -10 16 22 12 13 14 52 -17 65 -19 19 38 21 40 60 44 77 -27 62 -29 -30 39 -32 32 33 37 -36 36 -38 -39 -40 59 -42 -43 64 -45 -46 46 -48 49 56 71 51 -53 53 54 -56 -57 -58 -59 -60 72 -62 -63 -64 -65 -66 66 67 -69 -70 -71 -72 -73 73 74 -76 -77 -78 78 -80
leaf_value=1.4822291175315008 -0.18985301842648267 0.080047313195425698 3.0726627573937422 1.2745152424698445 -0.30017397658809164 -0.21759703456841467 1.2393351738689458 4.1422366189440849 0.82070458954716308 0.60652144072253045 0.33644364715091823 0.062011892484475493 -0.054592094220975849 -0.079553590748669967 -0.4410115421329861 3.1472161768829765 0.32146979091030486 3.6333268473853528 1.3804619286008124 2.1609356899559495 1.4580290734360857 -0.35878807972371579 -1.2174041203266153 0.48705001599612063 -0.0017624083957006017 -0.030796032892995134 0.048018617891363941 -0.29553956910694879 -0.098735550565716437 -0.13667412316085278 -0.043261298088968753 2.4484096836076334 2.8350118836613709 -0.31385412693134174 0.37508673541925946 1.7198147774000225 -0.22797153212273347 1.0927745640692967 1.7209133623414119 0.57256752801692545 -0.64572841641011425 1.461456760185436 -0.13295688633477212 -0.43203923695259266 1.2492460450700027 0.030247860263486939 0.92127093038180974 1.4257332180667692 0.075842341722304377 -0.23895225570076145 0.10552993292391907 1.0498757836149102 -0.1711788971608473 0.1508925885772705 1.6350267682152408 0.46759106944868528 0.90334848836841097 -0.61831746786901587 -0.10144295039068514 0.0079232831657381261 -0.30547202371860421 0.83282151087929923 0.70151517703811428 2.8995079474112355 -0.079337790565580907 1.4969461208581925 0.72298665112521787 -0.03235808119177818 -0.37398437348243435 1.2518136273049614 0.59339105545633253 0.32484353336265959 0.091698728399932122 2.1755094887316226 -0.041374828251499324 -0.059353435098355604 0.23613352779111818 0.39502761905189154 0.078300541225427261
leaf_weight=238 5861 3568 483 200 226 2945 222 207 248 648 253 364 1661 211 200 226 4628 212 273 255 204 419 259 1247 12780 56891 7604 1473 7205 4558 3871 324 202 471 216 242 233 209 235 370 231 205 53111 332 262 24183 204 235 525 399 734 232 530 249 216 620 234 649 8081 13056 204 236 210 537 66407 209 528 341 227 205 247 718 5899 205 619 16285 397 856 22927
leaf_count=238 5861 3568 483 200 226 2945 222 207 248 648 253 364 1661 211 200 226 4628 212 273 255 204 419 259 1247 12780 56891 7604 1473 7205 4558 3871 324 202 471 216 242 233 209 235 370 231 205 53111 332 262 24183 204 235 525 399 734 232 530 249 216 620 234 649 8081 13056 204 236 210 537 66407 209 528 341 227 205 247 718 5899 205 619 16285 397 856 22927
internal_value=0.000721034 0.084697 0.176167 0.748252 2.14364 0.148398 0.817566 2.73961 2.3899 0.032006 -0.0184435 0.0870038 0.0537038 0.315074 0.561788 1.32779 0.222812 2.58446 2.45778 2.22715 -0.056248 0.270032 -0.40961 0.283381 0.00145049 -0.0783814 0.107153 0.0271988 0.0392559 0.0700897 0.212697 0.482685 0.818587 0.53306 1.56778 -0.00987398 0.765903 0.231614 2.45065 0.0265624 0.0754519 0.23909 -0.100924 0.368448 0.620126 -0.0362361 0.00309566 0.200439 0.0845173 0.36781 0.556121 0.333181 0.27718 0.366338 0.842326 0.173308 0.331816 -0.374036 -0.00273819 0.0634939 -0.817127 0.402932 0.0656688 2.66473 -0.103166 0.382219 0.635544 0.426889 0.328135 0.361183 1.00131 0.123418 0.0539423 0.143296 0.512124 -0.0938975 -0.0694123 0.0577423 0.0897163
internal_weight=343687 166708 60931 8215 2469 5746 1345 407 2243 105777 938 52716 45074 4149 2488 673 14600 1995 1783 1300 4401 1456 716 7642 91177 176979 8462 40925 39452 32247 7540 3669 2181 1857 418 1488 475 1439 1027 24707 1252 1021 120088 570 1509 54614 32468 6133 1230 2565 1448 966 1815 1615 465 1150 759 1013 32264 20149 463 447 7814 792 119518 6138 1078 869 5060 4833 482 1117 19779 6723 824 22146 816 36563 23783
internal_count=343687 166708 60931 8215 2469 5746 1345 407 2243 105777 938 52716 45074 4149 2488 673 14600 1995 1783 1300 4401 1456 716 7642 91177 176979 8462 40925 39452 32247 7540 3669 2181 1857 418 1488 475 1439 1027 24707 1252 1021 120088 570 1509 54614 32468 6133 1230 2565 1448 966 1815 1615 465 1150 759 1013 32264 20149 463 447 7814 792 119518 6138 1078 869 5060 4833 482 1117 19779 6723 824 22146 816 36563 23783
is_linear=0
shrinkage=0.06


Tree=29
num_leaves=80
num_cat=0
split_feature=94 97 205 96 205 97 97 141 39 164 77 97 203 36 77 80 96 56 207 201 198 99 123 198 201 96 196 80 114 202 114 82 28 132 64 113 199 97 45 200 208 88 207 66 40 172 205 120 202 85 57 115 88 16 20 96 78 72 87 90 115 71 51 176 114 96 80 28 80 155 99 205 62 86 203 196 201 196 146
split_gain=569234 214449 371341 158357 141006 491317 1.30467e+06 839964 536847 269638 146532 210850 99933.3 93474.7 355803 83196.5 72635.7 54080 46938.7 63357.6 71860.2 63848.3 46028.4 51354.4 48422.6 55276.4 42121 42533.6 49887.9 47678.7 40249.1 37927.4 53193.4 36378.5 36045.2 35705.5 34893.7 33485 32514.5 29565.5 29383 28706.4 27072.3 71663 44307.6 26771.1 27816.9 41112.1 55820.5 100438 125503 189590 326010 95928.4 62342.5 45808.7 102171 66256.7 38538.6 73721.7 35847.3 41112.4 29770.8 27463.4 26063.2 25851.6 25784.6 24426.6 23870.6 23827.1 23579.3 25878.5 44870.6 23161.7 22033.1 23391.6 36170.9 21086.7 21004.4
threshold=15.24204206466675 42.884325027465827 0.93301269412040722 31.362920761108402 0.93301269412040722 36.21507644653321 63.294715881347663 10.481819629669191 0.77940684556961071 77.500000000000014 47.121683120727546 48.168771743774421 0.99901017546653759 109.17042160034181 18.718308448791507 26.207500457763675 9.7091674804687518 26.653347015380863 0.90162119269371044 82.500000000000014 3.9500000476837163 0.32228387892246252 13.795756816864015 5.3500001430511483 37.500000000000007 21.935880661010746 24.500000000000004 52.175998687744148 161.01001739501956 -0.70088258385658253 -230.16585540771482 14.982500076293947 150.0100021362305 -46.990528106689446 104.86000061035158 233.74914550781253 298.50000000000006 15.493083477020265 151.20000457763675 13.050000190734865 -0.4906590580940246 9.4024996757507342 -0.87395131587982167 59.371000289916999 111.62500000000001 9.4349999427795428 -0.37940952181816096 19.48124980926514 -0.97625884413719166 5.368499994277955 10.410302162170412 1.0646523833274844 8.5515003204345721 117.33075332641603 50.024999618530281 17.880798339843754 27.404000282287601 1.9525000452995303 5.2874999046325692 7.4809999465942392 1.0816870927810671 21.409999847412113 76.312500000000014 2.8750000000000004 -8.5828533172607404 23.04102993011475 18.270000457763675 309.12500000000006 7.5899999141693124 86.224998474121108 1.0164502859115603 0.37940952181816107 87.239002227783217 30.701499938964847 0.7933231294155122 23.500000000000004 67.500000000000014 1.5000000000000002 23.349999427795414
decision_type=10 2 2 8 2 2 2 8 8 2 10 2 10 8 10 2 10 10 2 8 10 2 8 10 10 10 8 2 8 10 10 8 8 8 8 8 10 2 10 10 2 10 2 10 8 10 2 10 10 10 10 8 8 10 8 10 8 10 8 8 8 10 8 2 8 10 2 8 2 2 2 2 10 10 8 8 10 10 10
left_child=1 16 -3 4 30 18 7 41 9 10 11 17 13 14 40 34 68 -9 42 20 -20 -22 23 -23 25 -24 27 -17 -29 35 37 -8 -33 69 38 -30 -21 -2 74 -35 -5 -7 43 44 -6 46 -18 48 -48 50 54 52 -52 63 -50 58 57 -57 59 -51 -56 -62 -59 -54 -41 67 -44 -19 -1 -28 71 -36 -73 -32 -15 76 -76 -49 -68
right_child=3 2 -4 12 5 6 31 8 -10 -11 -12 -13 -14 15 -16 26 45 65 19 36 21 22 24 -25 -26 -27 33 28 29 -31 73 32 -34 39 70 -37 -38 -39 -40 64 -42 -43 66 -45 -46 -47 47 77 49 55 51 -53 53 -55 60 56 -58 62 -60 -61 61 -63 -64 -65 -66 -67 78 -69 -70 -71 -72 72 -74 -75 75 -77 -78 -79 -80
leaf_value=-0.11328156681512462 0.019598493372754412 -0.22006302779761966 2.3732221617941129 -0.10175817616875306 0.064586860538812838 -1.286323995290868 -0.2118524045294482 1.6142036947062317 -0.8421222837062543 0.62230055381749805 1.1057209903172083 4.4149115909438539 1.5161295179874363 -0.14832624065858127 2.4502320927944021 0.28002357475691075 -0.058941918946517957 2.3695195883819733 -0.00092569142601192926 -0.099583194584597745 0.18070994959906345 0.46402283070348554 0.4460487628452563 1.7044267543544993 0.32492344484302643 1.7285482814988573 0.42444139461271013 0.41861177267138228 1.1297966744559151 1.4756465277603683 0.057094205137311067 0.95482355222672555 -0.13608036031502199 0.14751258784840846 0.1588280712300183 0.060302665349509982 0.22522892976410958 -0.096964385952032092 0.66453647716408182 0.12420502550676144 0.65781151839709684 -0.30264223686078695 -0.078691035169454901 1.2309253121301602 0.95505039900115551 -0.13070933017051742 -0.027526095745562289 0.013140925776716795 1.0195702647468901 1.4072985149912718 3.1172580536253998 -0.030256693390485461 0.58863348395204151 1.5209592271273424 -0.34051484367098001 1.0408722304276401 1.4581258481767145 -0.24335412629371481 -0.0064360972530290847 0.068988685678245856 -0.092375947370898298 0.94731644769410395 0.42774801939462909 -0.37473139308493236 -0.67217133305655652 3.2935375254494805 0.036774005362248105 3.1264764250978896 -0.052977413625935485 -0.077158060817882929 -0.20020505163989721 0.16746213447571415 1.2173687661567119 0.23024391178294421 0.050509233994754689 -0.075996036645199841 1.001099108486984 -0.10178478014387217 0.37787436789460482
leaf_weight=80042 28596 453 353 610 4787 225 2864 212 208 284 209 248 225 3424 325 4185 34110 775 1809 3177 1726 210 268 283 1264 221 1584 1983 209 373 25293 262 414 927 702 242 1903 12862 229 232 261 204 9210 210 209 7968 16476 10182 212 204 266 592 203 276 815 247 255 792 11890 535 393 209 339 222 406 209 9086 208 33533 434 282 290 296 3124 378 830 232 13195 699
leaf_count=80042 28596 453 353 610 4787 225 2864 212 208 284 209 248 225 3424 325 4185 34110 775 1809 3177 1726 210 268 283 1264 221 1584 1983 209 373 25293 262 414 927 702 242 1903 12862 229 232 261 204 9210 210 209 7968 16476 10182 212 204 266 592 203 276 815 247 255 792 11890 535 393 209 339 222 406 209 9086 208 33533 434 282 290 296 3124 378 830 232 13195 699
internal_value=0.00119914 -0.0589997 0.917239 0.100248 0.0731187 0.160887 0.647707 1.61975 2.06479 2.34693 2.60965 2.79913 0.261999 0.24661 0.759355 0.210993 -0.0626989 2.51078 0.0730933 0.176716 0.312544 0.455274 0.666097 1.17807 0.521524 1.02801 0.315615 0.401331 0.582026 0.974306 0.0211354 -0.116439 0.287511 0.148279 0.044922 0.557325 0.0221139 -0.0165656 -0.0325731 -0.0688009 0.126344 -0.820351 0.0265838 0.147787 0.102022 -0.0252382 -0.0160435 0.00949261 0.0516787 0.12646 0.430867 0.815505 1.33278 0.652168 0.0624839 0.0583898 0.357326 0.152713 0.0197104 0.43983 -0.0813257 0.269553 -0.0420013 0.0857186 -0.382839 2.66875 -0.00664064 2.5327 -0.0954774 0.31658 0.296173 0.404923 0.698961 0.0761367 -0.0655233 0.13133 0.413092 -0.0517297 0.0611769
internal_weight=343680 213762 806 129918 111259 41384 6322 2782 2353 2145 1861 1652 18659 18434 1196 17238 212956 1404 35062 10861 5781 3972 2246 493 1753 489 10575 6992 2807 824 69875 3540 676 3583 6663 451 5080 41458 5093 1565 871 429 24201 5206 4996 99381 91413 57303 33926 17450 3188 1559 967 701 1629 14262 1633 1378 12629 739 1417 602 1131 425 638 1192 18995 983 113575 2018 1570 1288 586 28417 4864 1440 610 23377 9785
internal_count=343680 213762 806 129918 111259 41384 6322 2782 2353 2145 1861 1652 18659 18434 1196 17238 212956 1404 35062 10861 5781 3972 2246 493 1753 489 10575 6992 2807 824 69875 3540 676 3583 6663 451 5080 41458 5093 1565 871 429 24201 5206 4996 99381 91413 57303 33926 17450 3188 1559 967 701 1629 14262 1633 1378 12629 739 1417 602 1131 425 638 1192 18995 983 113575 2018 1570 1288 586 28417 4864 1440 610 23377 9785
is_linear=0
shrinkage=0.06


Tree=30
num_leaves=80
num_cat=0
split_feature=94 97 204 81 181 79 81 201 191 209 194 190 183 97 97 76 194 71 94 96 97 97 204 109 166 39 207 193 208 97 194 140 193 194 99 141 91 194 56 193 57 193 194 207 76 207 76 194 190 96 207 204 88 88 17 204 123 95 197 99 95 59 99 99 59 77 97 57 207 55 96 201 197 146 194 193 5 97 208
split_gain=491713 237380 469004 141422 166914 130541 119573 98012.9 82197 81597 130904 214780 280350 117566 500197 153229 85776.5 78433.5 77846.1 59717.3 51980.1 87727 368886 382738 110397 106821 50336.8 122389 78735.6 136798 275667 51774.3 48744.7 47012.5 45694.6 44965.1 38030.4 32676.2 32282.3 31533.7 137491 31001.2 28646.6 30857.9 28294.9 28254.7 28248.2 26555 30103.6 50745.3 147148 298100 451861 32974.4 31499.1 28577.3 32096.6 25738.7 25543.8 24783.7 24500 23824 23810.2 23477.3 23407.1 29158.7 22364.6 23940.1 110915 22289.2 22048 20654.1 20571.5 22179.8 20467.4 19698.1 52896.9 19432.3 18939.9
threshold=16.591833114624027 42.884325027465827 10.500000000000002 37.412500381469734 7.0000000000000009 0.67034921050071727 62.957500457763679 107.50000000000001 11.384292125701906 10.500000000000002 86.500000000000014 1.0362189412117007 61.207494735717781 63.294715881347663 36.21507644653321 54.399641036987312 90.500000000000014 23.564999580383304 8.6151371002197283 46.914346694946296 75.481174468994155 36.21507644653321 10.500000000000002 2454.9499511718755 27.500000000000004 0.43051770329475408 0.9260200858116151 16.94999980926514 -0.065537083894014345 42.884325027465827 60.500000000000007 11.043000221252443 10.84999990463257 32.500000000000007 0.74050867557525646 7.3819017410278329 8.058500289916994 71.500000000000014 9.4434633255004901 5.0499999523162851 12.503234863281252 22.250000000000004 73.500000000000014 -0.12546116113662717 51.970226287841804 -0.32614396512508387 29.950344085693363 58.500000000000007 0.018413078971207145 17.880798339843754 0.61237135529518139 10.500000000000002 12.308000087738039 6.4260001182556161 13.057032585144045 10.500000000000002 5.5225324630737314 17.790887832641605 982.04998779296886 0.44365294277668005 16.388657569885257 0.53762775659561168 0.85159438848495495 0.40239635109901434 0.52771341800689708 16.262592315673832 1.5322539210319521 0.27745829522609716 0.78325453400611889 48.07988357543946 25.468791007995609 42.500000000000007 988.25000000000011 25.050000190734867 77.500000000000014 8.6500000953674334 294.14750671386724 14.741779804229738 0.054805127903819091
decision_type=10 2 2 2 2 8 2 8 8 2 10 8 8 2 2 10 10 10 8 8 2 2 2 8 10 8 2 10 2 2 10 10 10 8 2 8 8 10 10 8 10 10 8 2 8 2 10 8 10 10 2 2 10 8 10 2 8 8 10 2 10 10 2 2 10 10 2 8 2 10 10 10 10 10 10 8 8 2 2
left_child=1 18 5 7 6 -3 63 8 -2 10 26 -12 -13 14 15 36 -15 32 39 61 21 44 23 -23 25 34 62 -28 29 31 -31 38 -16 -24 -25 -21 -14 -11 -29 40 -1 59 45 -44 70 -37 -39 55 49 -49 53 52 -52 -51 -55 56 -20 60 71 -40 66 -6 -10 -5 65 -47 -41 68 -68 -22 72 -30 -9 -74 -63 76 -69 -60 -57
right_child=3 2 -4 4 19 -7 -8 20 9 37 11 12 13 16 17 -17 -18 -19 47 35 69 22 33 24 -26 -27 27 28 58 30 -32 -33 -34 -35 -36 42 -38 46 41 57 -42 -43 43 -45 -46 64 -48 48 -50 50 51 -53 -54 54 -56 78 -58 -59 77 -61 -62 74 -64 -65 -66 -67 67 75 -70 -71 -72 -73 73 -75 -76 -77 -78 -79 -80
leaf_value=-0.43710551619716942 -0.017031434283623633 0.91484939210555127 -0.21859341832053403 0.39905530093422453 0.18788976449874864 2.8525394079484134 2.0472712412883909 -0.0057478480611230049 0.12103076567233487 0.17513092684813236 0.017402464298937527 2.4501495644083393 0.80574197111651302 1.0212669494832323 2.3332361195833626 1.7987564747618592 -0.19819441556847922 3.1387219732829501 0.47136161495372303 1.2771351797539408 -0.23749242129994072 -0.5867136244707295 0.80287744131963701 2.0606755472191778 0.79124917227511449 1.0577218118698393 1.3241020286267584 -0.38401255984729354 0.83848267952392319 -0.042260294514042986 2.7696179223060606 1.1918369509881648 1.1635222130188574 -0.063620529993441047 3.280883642300402 0.94934423946681312 -0.07027981283348142 0.10845524941218428 0.33277180912122845 -0.12214822883278786 1.5908286585064955 0.13329187091490993 -0.57830520494121385 0.25445149474522688 -0.070424179611293103 0.45428965277707756 -0.15672017900976704 -0.02733838481588045 -0.078649127021465884 -0.59150775308608561 4.0477976299581284 -0.040702683760079073 0.35292433919734323 0.58324030407498373 -0.032471392562007151 -0.057299701021916942 0.082969659207616578 -0.39601076747158531 0.064288080406443376 1.1761913753610174 0.39850469099046432 0.034904471647171566 -0.14367873478958737 1.0138277847738808 0.99442309170672039 -0.0099351059549780026 -0.084360230790035393 -0.00425539690223725 1.4847759304092778 0.038808020669498462 0.12802971012292844 0.13763379234735754 0.09788129846093839 0.72340114001694289 -0.46294001445703375 -0.078760854425646454 0.98793183871346213 -0.27830453739857725 0.042310492714484053
leaf_weight=297 8616 203 731 594 5649 331 277 23849 8796 4314 2173 324 207 274 261 206 847 209 926 201 3565 337 239 222 296 210 391 303 225 251 250 202 259 3708 238 355 1253 2545 310 51011 201 1386 208 685 9928 1790 3347 46519 39637 331 203 698 287 338 2542 12173 4414 1013 1967 211 364 1912 1420 360 205 669 839 1379 200 1490 8568 460 5481 211 351 49039 224 854 15777
leaf_count=297 8616 203 731 594 5649 331 277 23849 8796 4314 2173 324 207 274 261 206 847 209 926 201 3565 337 239 222 296 210 391 303 225 251 250 202 259 3708 238 355 1253 2545 310 51011 201 1386 208 685 9928 1790 3347 46519 39637 331 203 698 287 338 2542 12173 4414 1013 1967 211 364 1912 1420 360 205 669 839 1379 200 1490 8568 460 5481 211 351 49039 224 854 15777
internal_value=0.000241358 -0.0502404 0.769085 0.102432 0.286598 2.11901 0.951762 0.0780658 0.14812 0.19092 0.253482 0.494126 0.763822 0.607774 0.845059 0.271029 0.100517 2.15473 -0.0547814 0.218432 0.0277998 0.045244 0.278091 1.15302 1.75992 2.18605 0.168471 0.294819 0.231926 0.462405 1.36359 0.27473 1.75398 -0.010962 2.69775 0.403856 0.0543898 0.0496833 0.190403 -0.0929011 0.382946 0.281824 0.358672 0.0600536 0.0197907 0.446952 -0.0421809 -0.022595 -0.0394405 -0.00891763 0.185842 0.756049 1.88878 -0.0252917 0.0399666 0.0232276 0.150396 -0.0951818 0.0403521 0.675948 -0.0922209 0.122001 0.0842263 0.631864 0.379673 0.328039 -0.0939642 -0.0661438 0.218824 -0.156059 0.0432943 0.368726 0.0187144 0.121192 -0.0424835 -0.0719946 0.13492 -0.0394867 -0.00107301
internal_weight=343136 229677 1265 113459 13256 534 1231 100203 41861 33245 23039 6013 3840 3516 2395 1666 1121 729 228412 12025 58342 53287 5250 1303 966 670 17026 6810 6419 2913 501 2412 520 3947 460 4113 1460 10206 2210 104567 498 1907 3912 893 48037 3019 5892 123845 90555 50918 4399 1188 490 3211 2880 33290 5340 104069 3506 521 103056 7912 10216 954 2664 2459 102692 51681 1039 5055 38109 685 29541 5692 2263 50642 1603 2821 27950
internal_count=343136 229677 1265 113459 13256 534 1231 100203 41861 33245 23039 6013 3840 3516 2395 1666 1121 729 228412 12025 58342 53287 5250 1303 966 670 17026 6810 6419 2913 501 2412 520 3947 460 4113 1460 10206 2210 104567 498 1907 3912 893 48037 3019 5892 123845 90555 50918 4399 1188 490 3211 2880 33290 5340 104069 3506 521 103056 7912 10216 954 2664 2459 102692 51681 1039 5055 38109 685 29541 5692 2263 50642 1603 2821 27950
is_linear=0
shrinkage=0.06


Tree=31
num_leaves=80
num_cat=0
split_feature=94 97 194 96 201 191 209 97 97 194 207 194 95 203 96 193 45 43 82 194 76 207 207 193 203 94 97 97 194 97 200 79 199 200 193 99 97 76 56 39 54 82 59 80 169 28 27 207 96 193 88 15 105 40 201 193 97 87 20 82 60 40 66 96 201 193 207 55 197 193 35 92 5 97 203 92 65 197 201
split_gain=447753 229526 352843 132859 97832.3 83035.3 82364.2 132878 347331 387960 131271 166209 80116.1 76234.3 72487.3 52014.9 50285.8 87083.5 52946.8 48098.8 177833 43936 39041.2 84206.1 96984.4 39009 37598.9 46803.5 93377.9 145991 77623.8 72035.4 49821.4 34879.5 32161.3 30978.2 30751.7 28366.5 27442 25789.9 25724.5 26806.2 25405.5 24376.9 24150.1 24069.5 23778.3 23313.7 40483.9 154483 261590 34507.5 31932.2 30403.7 27390.6 24580.7 33485.7 28222 82751.5 189714 25410.5 22811.4 22679.1 35040.2 22536.1 22312.8 22072.5 46064.3 37135.5 33075.8 21711.7 21570.3 39034.8 21005.9 20439.2 19859.2 19314.6 19253.7 25368.6
threshold=16.846211433410648 42.884325027465827 87.500000000000014 43.21882629394532 107.50000000000001 11.384292125701906 9.5000000000000018 36.21507644653321 75.481174468994155 92.500000000000014 0.92922380566596996 69.500000000000014 14.732999801635744 0.62249094247818004 10.118322849273683 17.349999427795414 8.3575000762939471 12.204999923706056 11.611000061035158 86.500000000000014 55.852872848510749 0.96904698014259349 -0.46801505982875818 24.050000190734867 0.46173103153705602 21.166041374206547 88.929145812988295 36.21507644653321 86.500000000000014 48.168771743774421 30.44999980926514 0.6940889060497285 322.50000000000006 18.050000190734867 5.0499999523162851 0.22273667901754382 15.493083477020265 17.48543739318848 78.908622741699233 0.35460376739501959 10.098768234252931 29.128999710083011 0.047827124595642097 27.553999900817875 47.43499946594239 37.052499771118171 180.52500152587893 0.35042373836040502 18.312257766723636 16.849999427795414 12.308000087738039 219.07724761962893 -1.0000000180025095e-35 33.102499008178718 37.500000000000007 18.050000190734867 27.395751953125004 5.9010000228881845 73.021499633789077 6.1659998893737802 3.9550000429153447 8.4600000381469744 15.219000339508058 31.362920761108402 47.500000000000007 16.250000000000004 -0.099819734692573533 54.131189346313484 987.35000610351574 30.849999427795414 244.73762512207034 9.0025000572204608 35.013999938964851 1.5954406261444094 0.77159520983695995 25.927499771118168 19.653499603271488 979.45001220703136 197.50000000000003
decision_type=10 2 10 8 8 8 2 2 2 10 2 10 10 10 10 10 8 8 8 10 10 2 2 10 8 10 2 2 10 2 10 10 10 10 8 2 2 8 8 8 10 8 8 2 8 10 10 2 10 8 8 10 8 8 8 10 2 10 8 8 8 10 8 10 10 10 2 10 10 10 10 10 10 2 8 10 10 8 10
left_child=1 14 76 4 5 -2 7 40 9 10 33 -12 -4 25 73 36 -5 -18 70 62 -21 -10 23 24 -20 -11 27 35 30 39 32 -31 -29 -9 -16 43 -8 -24 45 -30 -7 61 -36 -6 47 74 64 52 51 50 -50 -49 -44 -52 -51 -54 57 58 59 -57 -60 -42 63 -17 -38 -40 -47 77 69 -69 -19 72 -43 -1 -39 -28 -3 78 -68
right_child=3 2 12 16 26 6 15 8 21 13 11 -13 -14 -15 34 19 17 18 22 20 -22 -23 37 -25 -26 -27 75 28 29 31 -32 -33 -34 -35 42 -37 46 38 65 -41 41 71 44 -45 -46 66 -48 48 49 54 53 -53 55 -55 -56 56 -58 -59 60 -61 -62 -63 -64 -65 -66 -67 67 68 -70 -71 -72 -73 -74 -75 -76 -77 -78 -79 -80
leaf_value=-0.10882783668454274 -0.013150204638991921 -0.22125087730119983 2.8145461548656479 -0.32679191408800873 0.047093629106650055 -0.20657222134989101 0.056686444569307916 -0.023858753654849352 -0.14621906468739798 2.2392103522783748 0.40652934917119832 2.4649205130219936 1.2726999876813434 1.369099226460528 0.74345119924687186 0.17555491590763345 1.3630859367446144 -0.67665866947755571 -0.28151655272400272 0.14793541727657267 1.6350654188089351 0.65291197934292133 -0.29722281976862064 1.6749601403276175 1.0555245591279121 3.4059362948288037 -0.17318521185237126 -0.0066960578681947045 1.8912508113477309 -0.55577661124463784 1.1951397221172984 0.84068337422571604 0.74290932319993375 0.86056855364569584 -0.21697238358065696 -0.01069452997416181 0.45909850073080566 -0.19076903019461552 0.34722018757020123 0.98201202982174807 0.6298206323081994 1.3632026781013422 -0.11637858002070739 0.19963488111267458 -0.12940225716265247 0.86601467854822323 -0.35164046691874878 0.0022495282481947345 2.4175310164990145 0.55675446452059107 0.69152860025672802 0.7773430416457211 -0.047289120524183839 -0.21597572511647428 0.0025045060081330772 2.2784753618945537 -0.5924038894396092 0.017818244184166214 0.62062235904034491 0.15096735368746556 -0.0045920061517145247 0.15020972717376194 0.034019998573716306 0.79347875509654042 -0.27459719341648309 1.1325064450989868 1.2653364330507926 0.57437626272372022 -0.74326151103315863 -0.29234477578571028 0.12502851140387822 0.28724058515734413 0.35268370635825819 -0.058929810904190305 0.48829221044092957 0.36633023550947202 0.34985868570785034 0.34109740093178231 0.46668801563290446
leaf_weight=56557 8640 526 235 396 15041 550 4759 767 1543 230 324 250 256 200 200 3244 302 245 381 1282 373 294 265 246 399 205 3944 4426 268 302 221 236 343 202 2222 30397 304 587 255 200 370 208 12004 5033 5960 279 1458 35240 282 347 229 207 25679 314 4136 212 298 18933 257 518 2518 9551 4246 367 297 268 200 328 222 305 240 1891 406 65612 218 261 357 2617 506
leaf_count=56557 8640 526 235 396 15041 550 4759 767 1543 230 324 250 256 200 200 3244 302 245 381 1282 373 294 265 246 399 205 3944 4426 268 302 221 236 343 202 2222 30397 304 587 255 200 370 208 12004 5033 5960 279 1458 35240 282 347 229 207 25679 314 4136 212 298 18933 257 518 2518 9551 4246 367 297 268 200 328 222 305 240 1891 406 65612 218 261 357 2617 506
internal_value=0.00154868 -0.045666 0.727249 0.100795 0.0821629 0.152602 0.19558 0.288057 0.589668 1.102 0.587558 1.30577 2.01487 2.34917 -0.050252 0.0993481 0.332295 0.365526 0.325507 0.19 0.483886 -0.0180377 0.367077 0.709236 0.402907 2.7956 0.0334453 0.0463353 0.204804 0.73185 0.0984248 0.0572201 0.0473621 0.161208 -0.0148147 0.0275054 -0.0271331 0.308944 0.336758 1.50561 0.194695 0.212471 -0.0162083 0.0853472 -0.0120424 0.295449 -0.2208 -0.00512767 0.0299405 0.184459 0.938475 0.00679765 -0.0287826 0.167315 0.04552 -0.00706217 0.0383719 0.0467753 0.203143 0.771091 0.0535134 0.168158 0.128043 0.238559 0.0966696 0.751016 0.349974 0.315315 -0.0773774 0.156959 -0.280507 0.387834 0.696669 -0.0820303 -0.00649652 -0.139619 0.00978529 0.416347 0.694404
internal_weight=343991 233099 1374 110892 102633 41961 33321 16991 4015 2178 1543 574 491 635 231725 16330 8259 7863 7561 9512 1655 1837 7076 1026 780 435 60672 56467 5996 1006 4990 538 4769 969 109556 50471 6818 6050 5785 468 12976 12426 109356 20074 107134 5262 2059 101174 40755 5308 825 35447 60419 543 4483 48415 22736 22438 3505 730 2775 9921 7857 3611 601 523 4457 4178 855 633 485 2505 614 122169 805 4205 883 3323 706
internal_count=343991 233099 1374 110892 102633 41961 33321 16991 4015 2178 1543 574 491 635 231725 16330 8259 7863 7561 9512 1655 1837 7076 1026 780 435 60672 56467 5996 1006 4990 538 4769 969 109556 50471 6818 6050 5785 468 12976 12426 109356 20074 107134 5262 2059 101174 40755 5308 825 35447 60419 543 4483 48415 22736 22438 3505 730 2775 9921 7857 3611 601 523 4457 4178 855 633 485 2505 614 122169 805 4205 883 3323 706
is_linear=0
shrinkage=0.06


Tree=32
num_leaves=39
num_cat=0
split_feature=204 16 132 96 76 204 209 105 114 199 196 76 132 132 209 132 105 192 193 193 114 182 209 105 179 199 76 201 105 191 96 209 35 191 203 114 74 16
split_gain=268227 171572 159343 105218 76404 71500.1 64023.2 54240.6 136028 123635 50872.4 49876 46938.9 34591.9 47466.7 68036.3 67565.6 70229.2 33396.6 30790.8 28689.3 28475.8 26809.8 23403.9 22633.5 22621.6 56498.4 37250.9 21711.3 21471.6 21052 20071 18812 17702.3 21163.3 17118.9 16577.1 16417
threshold=7.0000000000000009 50.17878723144532 -70.564933776855455 6.8878736495971689 32.285810470581062 13.000000000000002 11.500000000000002 22.819806098937992 83.465812683105483 141.50000000000003 98.500000000000014 44.190313339233406 -69.952606201171861 -43.880474090576165 4.5000000000000009 -76.572093963623033 10.848490238189699 0.29337373375892645 21.849999427795414 22.849999427795414 180.91136169433597 1.0000000180025095e-35 1.5000000000000002 22.819806098937992 1.0000000180025095e-35 225.50000000000003 57.788812637329109 147.50000000000003 -31.248125076293942 31.650000572204593 18.555475234985355 3.5000000000000004 306.93212890625006 13.823854923248293 -0.043617725372314446 211.71788024902347 87.797389984130874 62.793056488037116
decision_type=2 10 8 10 10 2 2 10 10 10 10 10 10 10 2 8 10 10 8 10 10 2 2 8 2 8 10 10 10 10 10 2 10 10 10 10 10 8
left_child=7 24 4 -4 21 6 10 13 9 -9 22 18 29 14 15 -1 37 -18 -7 35 -14 -3 -5 -13 28 30 -27 -28 -2 -10 -17 -20 -25 -23 -35 -8 -15 -16
right_child=1 2 3 5 -6 11 19 8 12 -11 -12 23 20 36 16 25 17 -19 31 -21 -22 33 -24 32 -26 26 27 -29 -30 -31 -32 -33 -34 34 -36 -37 -38 -39
leaf_value=0.17821815428918789 -0.021505148032824752 0.31331173248754579 -0.044738830359740148 0.021751666813632504 -0.0079653870886883717 -0.017379457779155717 -0.070442315166482791 1.0651421432885888 0.28593083599451169 0.1834122643572467 -0.067728594342071735 -0.04517611215838107 0.0072425630328013324 -0.12567926575740976 -0.069894965091718039 -0.15277142826776474 0.79310896481254722 0.009551104154724788 0.076972135500044059 0.27474254116902358 -0.10388860676137063 0.02905671675497324 0.11673179930565547 0.087851792975787588 0.0313657060965844 -0.035913393660772897 0.3870282114470498 -0.005398647863302416 -0.059836332846192337 -0.0021557940524659759 0.0055529514259331034 0.019992178941529042 -0.036278016214232593 0.045387276076280479 0.25903109403150054 0.1359137096256883 0.096445170939008576 -0.11229904240257722
leaf_weight=1403 33868 2162 17120 3080 1582 7464 3789 179 580 714 1658 13234 4040 9803 25461 2546 159 292 14700 279 4333 631 20325 2541 4795 16262 485 395 21898 389 1075 8952 1936 547 1760 400 312 12133
leaf_count=1403 33868 2162 17120 3080 1582 7464 3789 179 580 714 1658 13234 4040 9803 25461 2546 159 292 14700 279 4333 631 20325 2541 4795 16262 485 395 21898 389 1075 8952 1936 547 1760 400 312 12133
internal_value=-0.0133338 0.00883074 0.0325488 0.022637 0.174175 0.0373576 0.0742065 -0.0581027 0.0064233 0.360163 0.092857 0.0150711 -0.0273909 -0.0674936 -0.0588698 -0.0239732 -0.0792015 0.285806 0.0379464 -0.0304125 -0.0502675 0.230675 0.104233 -0.0251179 -0.031179 -0.0376358 -0.0232437 0.210883 -0.0365569 0.170281 -0.105768 0.0554059 0.034174 0.169863 0.208376 -0.0507374 -0.118828 -0.0835804
internal_weight=243282 162721 102160 95478 6682 78358 29531 80561 10235 893 25063 48827 9342 70326 60211 22166 38045 451 31116 4468 8373 5100 23405 17711 60561 20763 17142 880 55766 969 3621 23652 4477 2938 2307 4189 10115 37594
internal_count=243282 162721 102160 95478 6682 78358 29531 80561 10235 893 25063 48827 9342 70326 60211 22166 38045 451 31116 4468 8373 5100 23405 17711 60561 20763 17142 880 55766 969 3621 23652 4477 2938 2307 4189 10115 37594
is_linear=0
shrinkage=0.03


Tree=33
num_leaves=39
num_cat=0
split_feature=204 16 96 194 204 208 75 194 202 194 105 208 55 208 194 208 199 208 208 96 194 208 208 202 198 200 208 75 208 196 95 55 204 170 123 123 77 55
split_gain=254967 161061 127970 75499.7 96178 77056.3 76472.2 72155.9 82585.1 133948 64306.7 133719 61871.1 54632.6 47619.3 52267.9 44462.8 44102.9 39664.9 61286 36930.9 36193.9 42855.8 31038.8 27789.4 39519.1 27726.9 27353.5 26303.7 22779.8 22145.7 20333.8 19526.2 20441.8 18173.8 22526.3 33859.9 17732.2
threshold=7.0000000000000009 50.17878723144532 6.8878736495971689 60.500000000000007 13.000000000000002 0.83258596062660228 47.183784484863288 35.500000000000007 -0.94260558485984791 33.500000000000007 22.819806098937992 0.34840355813503271 79.464580535888686 -0.51296770572662342 37.500000000000007 -0.36648371815681452 276.50000000000006 0.8277757763862611 0.9889926314353944 13.794348239898683 90.500000000000014 0.84658399224281322 0.31595529615879064 -0.16504132002592084 6.8500001430511483 11.449999809265138 0.16587474942207339 55.025114059448249 0.99530133605003368 11.500000000000002 19.352661132812504 83.869861602783217 5.0000000000000009 5.2850000858306894 40.298168182373054 23.872529983520511 75.943492889404311 79.882526397705092
decision_type=2 10 10 10 2 2 10 8 10 10 10 2 10 2 8 2 10 2 2 10 10 2 2 10 10 10 2 10 2 10 10 8 2 2 10 10 10 8
left_child=7 26 -3 4 5 13 14 8 9 24 27 -12 20 -4 15 -6 -7 -15 29 -20 30 22 -8 32 25 -1 -2 31 -22 -5 -13 34 33 -10 35 36 -9 -16
right_child=1 2 3 18 6 16 21 10 23 -11 11 12 -14 17 37 -17 -18 -19 19 -21 28 -23 -24 -25 -26 -27 -28 -29 -30 -31 -32 -33 -34 -35 -36 -37 -38 -39
leaf_value=-0.17230306849428328 -0.035774367852982242 -0.041554091206339877 -0.041401664289753518 -0.0060605176838957487 0.2995985798699522 -0.020907996620241738 -0.047915413688016169 -0.062599389582460294 -0.063906557431917255 1.0887885397856065 0.6699452183731095 0.20738015736843193 -0.096418738905456797 0.14675332834943758 0.05669219148264619 0.089538360513106818 0.1775205861232042 0.66856243255557257 0.26477958170440824 -0.012967415033548009 -0.12986699391120607 -0.25418946391181507 0.062146565504641836 -0.16870347769109534 -0.018439599852615379 0.33948575368953832 0.04216861131783968 -0.13951524211185204 0.069430556714061314 -0.097538421012158108 0.048829830674998395 -0.13751170296559076 0.32221975556968252 0.13124693497023437 0.0031739673600484019 -0.11461781894313508 0.25878627173382018 -0.0013872671794630744
leaf_weight=166 56119 17746 1435 5182 1332 5290 9907 44396 1402 148 266 1458 4352 17396 17271 5340 1258 147 1015 2419 1249 580 4692 1030 586 746 4432 5398 1140 4647 1738 3661 188 737 3354 8178 297 6516
leaf_count=166 56119 17746 1435 5182 1332 5290 9907 44396 1402 148 266 1458 4352 17396 17271 5340 1258 147 1015 2419 1249 580 4692 1030 586 746 4432 5398 1140 4647 1738 3661 188 737 3354 8178 297 6516
internal_value=-0.0129021 0.00870086 0.0316773 0.0470701 0.0593175 0.105951 0.0332345 -0.0565762 0.0537571 0.227824 -0.0638887 0.00615232 -0.0116171 0.136568 0.0606486 0.131475 0.0172142 0.151126 -0.0186445 0.0691277 0.0544629 -0.021776 -0.0125423 -0.0315915 0.142755 0.24633 -0.0300694 -0.0748351 -0.0347647 -0.04931 0.12116 -0.069005 0.0290987 0.00333437 -0.0645442 -0.0688401 -0.0604636 0.0407824
internal_weight=243214 162724 102173 84427 71164 25526 45638 80490 5003 1646 75487 10203 9937 18978 30459 6672 6548 17543 13263 3434 5585 15179 14599 3357 1498 912 60551 65284 2389 9829 3196 59886 2327 2139 56225 52871 44693 23787
internal_count=243214 162724 102173 84427 71164 25526 45638 80490 5003 1646 75487 10203 9937 18978 30459 6672 6548 17543 13263 3434 5585 15179 14599 3357 1498 912 60551 65284 2389 9829 3196 59886 2327 2139 56225 52871 44693 23787
is_linear=0
shrinkage=0.03


Tree=34
num_leaves=39
num_cat=0
split_feature=194 36 208 96 56 114 207 202 207 194 75 207 202 208 193 208 123 207 114 208 208 208 207 207 190 208 202 139 207 158 194 152 207 207 193 114 200 36
split_gain=216370 152985 117474 91684.3 133246 91819 68962.7 59738.2 164359 55253.2 51438.9 46081.2 211299 48511.9 42048.4 58958.5 41473.9 38914.3 60140.7 37918.9 31286.7 28705.3 28393.8 28322.4 26227.3 24339.2 24003.9 23134 21908.1 20576.8 18813.3 18439 17700 27732.6 17220.2 17095.4 16724 18137.6
threshold=41.500000000000007 192.46467590332034 0.16587474942207339 6.8878736495971689 78.16318511962892 178.22209167480472 -0.14250824600458142 -0.94260558485984791 0.9996619224548341 80.500000000000014 46.189811706542976 -0.74441730976104725 0.8140845298767091 0.22491560876369479 30.550000190734867 -0.15950992703437802 10.600738048553469 0.72695311903953563 209.00709533691409 0.31595529615879064 -0.36648371815681452 0.99138912558555614 -0.5276680290699004 0.9646572768688203 0.63365650177001964 0.10623887926340105 -0.97233289480209339 5.7834999561309823 0.091259401291608824 4.5000000000000009 45.500000000000007 25.000000000000004 -0.5276680290699004 -0.47558552026748652 36.850000381469734 -228.9986877441406 7.1499998569488534 172.91180419921878
decision_type=8 10 2 10 10 10 2 10 2 10 10 2 10 2 8 2 10 2 8 2 2 2 2 2 10 2 10 10 2 2 10 2 2 2 10 10 10 10
left_child=1 7 16 -4 5 9 -7 8 14 11 20 12 -5 -13 15 26 29 18 32 31 35 23 -12 34 -10 27 -1 -18 -11 -2 -27 -9 -6 -34 -22 -3 -21 -38
right_child=2 10 3 4 17 6 -8 19 24 28 22 13 -14 -15 -16 -17 25 -19 -20 36 21 -23 -24 -25 -26 30 -28 -29 -30 -31 -32 -33 33 -35 -36 -37 37 -39
leaf_value=0.60522879853749845 -0.04471966078303833 0.18129837883437125 -0.055289321896954936 0.058547700421595628 -0.024138434008258356 -0.041015371889213177 0.28567871659894128 -0.028473942982622149 1.0637518425610519 0.0081729174411039884 0.12507147912943145 0.15349355491788236 0.63585315673563081 0.015294831184670168 -0.0097916093775249312 0.069857665224367357 -0.089189275418921479 0.13976149122116796 -0.023029046527027763 0.25999008911207244 0.12125299520308241 0.43873126717667926 -0.01526608252569185 0.51081499614012038 0.51144093577087635 0.021595317844584908 0.16982583707169988 0.03815694667515674 -0.10085105933677113 0.021099141019119961 -0.23069262884218664 0.30313451727373936 -0.29258876601714512 -0.11989089763600179 -0.14331913144312522 0.33248442933301531 -0.0011185499956483267 0.15234224400413038
leaf_weight=320 67035 1362 24878 8070 1271 797 2151 20940 145 2879 2492 2428 614 39095 3105 1401 15725 934 15054 418 5921 268 2707 164 166 317 177 1398 3914 4566 1654 152 991 5381 230 1331 1824 1118
leaf_count=320 67035 1362 24878 8070 1271 797 2151 20940 145 2879 2492 2428 614 39095 3105 1401 15725 934 15054 418 5921 268 2707 164 166 317 177 1398 3914 4566 1654 152 991 5381 230 1331 1824 1118
internal_value=-0.0124706 0.0475424 -0.0258023 -0.00473238 0.0103163 0.0340986 0.197356 0.00863939 0.0998054 0.025655 0.127541 0.0365195 0.0993666 0.0233759 0.0582066 0.169447 -0.0509987 -0.0500154 -0.0578249 -0.0111732 0.16988 0.13464 0.052001 0.121734 0.768975 -0.0902838 0.450173 -0.0787921 -0.0546447 -0.0405224 -0.190117 -0.026084 -0.12636 -0.14675 0.11136 0.256022 0.0824278 0.0571988
internal_weight=243393 44241 199152 108457 83579 59948 2948 29766 5314 57000 14475 50207 8684 41523 5003 1898 90695 23631 22697 24452 9276 6583 5199 6315 311 19094 497 17123 6793 71601 1971 21092 7643 6372 6151 2693 3360 2942
internal_count=243393 44241 199152 108457 83579 59948 2948 29766 5314 57000 14475 50207 8684 41523 5003 1898 90695 23631 22697 24452 9276 6583 5199 6315 311 19094 497 17123 6793 71601 1971 21092 7643 6372 6151 2693 3360 2942
is_linear=0
shrinkage=0.03


Tree=35
num_leaves=39
num_cat=0
split_feature=204 208 95 132 208 204 160 132 194 194 193 105 207 55 207 207 207 208 207 194 194 76 132 208 76 207 205 207 197 200 197 208 141 129 36 190 36 76
split_gain=235837 148334 126727 85025 95941.2 90361.7 74882.8 80921.5 70610.5 63195.7 108636 59091 127379 55525.6 52481.3 51027.7 41728.1 41680.2 40299.5 45283.4 35360.7 33233.8 31347.5 31347.4 26553.1 36215.8 26536.3 69437.9 44541.8 27103.7 24822.8 23168 22587.4 21977.4 21671.5 29682.4 27091.4 21292.9
threshold=7.0000000000000009 0.16587474942207339 6.8244807720184335 -69.952606201171861 0.83258596062660228 13.000000000000002 8.5000000000000018 -67.953186035156236 59.500000000000007 35.500000000000007 19.650000572204593 22.819806098937992 -0.93545487523078907 79.464580535888686 0.9470459818840028 -0.14250824600458142 0.92922380566596996 0.8277757763862611 -0.47558552026748652 38.500000000000007 90.500000000000014 31.811627388000492 -43.880474090576165 0.94066718220710765 31.083571434021 0.92922380566596996 0.25000000000000011 0.76140651106834423 983.25000000000011 11.250000000000002 990.64999389648449 0.99530133605003368 -1.8199821710586546 95.729167938232436 178.59983062744143 0.019928705878555778 248.08389282226565 60.280782699584968
decision_type=2 2 8 8 2 2 10 8 10 8 10 10 2 10 2 2 2 2 2 8 10 10 10 2 10 2 2 2 8 10 8 2 10 8 10 10 10 10
left_child=9 6 -3 15 5 8 26 24 17 10 -1 22 -13 20 16 -4 21 -5 30 -20 -14 -12 37 -21 25 -8 32 -28 29 -29 -6 -22 -2 -30 35 -7 -36 -11
right_child=1 2 3 4 18 34 7 -9 -10 11 14 12 13 -15 -16 -17 -18 -19 19 23 31 -23 -24 -25 -26 -27 27 28 33 -31 -32 -33 -34 -35 36 -37 -38 -39
leaf_value=0.62768958512813711 -0.039656135149559263 -0.042086280706510479 -0.025345968135952149 0.15832740992059013 -0.29053323039783474 0.082240484795510937 0.26962865808877184 -0.023212444007252992 0.010503805092484046 -0.059057131782208512 0.2233985583895606 0.65775958541725488 0.11660012107022076 -0.091382754983180686 -0.097431670520813293 0.33303219365406134 0.30944839230747007 0.66475016257136588 0.21068556560020568 0.056603358676312616 -0.12486631475313165 -0.0454704468724179 -0.12335034874256467 -0.022381552653927252 0.072177696972507033 -0.0071159143081267699 -0.038556033153632333 0.60770029617749621 -0.036623937451432796 0.0977299134712378 -0.062026271116976762 0.062032621006731001 -0.15062369340692708 0.1097992700996325 0.088348568451701692 -0.032193542820233262 0.0088820644069910384 -0.14621762288596341
leaf_weight=276 49367 15129 469 12435 580 3002 1955 5971 3417 53648 590 263 3203 4360 2078 1505 666 148 990 6664 1253 1385 9036 14071 2580 544 12244 233 1287 157 1631 1140 1708 3258 11304 6366 5864 2647
leaf_count=276 49367 15129 469 12435 580 3002 1955 5971 3417 53648 590 263 3203 4360 2078 1505 666 148 990 6664 1253 1385 9036 14071 2580 544 12244 233 1287 157 1631 1140 1708 3258 11304 6366 5864 2647
internal_value=-0.0121639 0.00860113 0.0364892 0.0538572 0.0480952 0.0751318 -0.0207889 0.0516626 0.131443 -0.0541551 0.0491911 -0.0609879 0.00609625 -0.0111188 0.0153552 0.247886 0.104099 0.164284 4.91626e-05 0.0124674 0.0514171 0.0348504 -0.0714811 0.00300332 0.139688 0.209385 -0.0325185 -0.000264485 0.0947387 0.402413 -0.12197 -0.0358296 -0.043367 0.0683368 0.0411788 0.00447714 0.0612056 -0.0631555
internal_weight=243424 162879 83575 68446 66472 42536 79304 11050 16000 80545 4995 75550 10219 9956 4719 1974 2641 12583 23936 21725 5596 1975 65331 20735 5079 2499 68254 17179 4935 390 2211 2393 51075 4545 26536 9368 17168 56295
internal_count=243424 162879 83575 68446 66472 42536 79304 11050 16000 80545 4995 75550 10219 9956 4719 1974 2641 12583 23936 21725 5596 1975 65331 20735 5079 2499 68254 17179 4935 390 2211 2393 51075 4545 26536 9368 17168 56295
is_linear=0
shrinkage=0.03


Tree=36
num_leaves=39
num_cat=0
split_feature=204 56 132 207 204 208 207 208 208 204 105 208 56 207 94 207 207 208 202 204 96 207 207 202 76 196 201 132 208 149 36 36 197 202 207 15 204 111
split_gain=220120 153437 153298 77710.6 94073 63540.4 55680.3 48629.7 76043.6 57757.6 43772.9 122196 60060 39939.1 36353.7 36322.9 37596.6 37825.3 34565.8 41078.3 31418.3 29299.3 33007.9 27784.3 87253.3 37598.3 50001.1 30566.7 27222.5 27198.5 25228.4 27961 22988.2 22601.9 31231.1 26749.2 22233.5 21959.8
threshold=7.0000000000000009 57.137151718139656 -70.564933776855455 0.34235194325447088 11.000000000000002 0.17435361444950107 0.92922380566596996 0.2332836911082268 0.83258596062660228 15.000000000000002 22.819806098937992 0.34840355813503271 78.628978729248061 -0.14250824600458142 22.211604118347172 -0.47558552026748652 -0.36647418141365046 0.99138912558555614 -0.99687939882278431 9.0000000000000018 19.998015403747562 0.90531614422798168 0.98522606492042553 -0.94828754663467396 57.788812637329109 1.5000000000000002 77.500000000000014 -43.880474090576165 0.8277757763862611 36.430000305175788 183.27478027343753 255.03739929199222 990.64999389648449 -0.88697704672813404 0.98049071431159984 49.024093627929695 11.000000000000002 202.622917175293
decision_type=2 10 8 2 2 2 2 2 2 2 10 2 8 2 10 2 2 2 8 2 10 2 2 8 10 10 10 10 2 2 10 10 8 8 2 10 2 10
left_child=10 3 6 -2 21 -6 13 18 9 28 23 -12 20 -3 -15 32 -17 -18 19 -4 -13 -5 33 24 29 26 -26 -25 37 -1 -11 -32 -10 35 -35 -23 -8 -9
right_child=1 2 7 4 5 -7 36 8 15 30 11 12 -14 14 -16 16 17 -19 -20 -21 -22 22 -24 27 25 -27 -28 -29 -30 -31 31 -33 -34 34 -36 -37 -38 -39
leaf_value=-0.059012998934637032 -0.034820133705283862 -0.024453251386095678 0.58242169423985068 0.031170019394254265 -0.047125355836004044 0.053353284049500856 0.23815102547135814 0.09354565380359911 -0.28098714609643716 -0.060081202148033135 0.64515052238612669 0.11875298454954357 -0.095675844678964311 0.33948878041175262 0.15682497051703437 0.11533669361893713 -0.046031454954859399 0.052654310031175273 -0.031804359267619015 -0.074335134500460934 -0.023291752002794167 0.59996212149885886 0.0554084202078318 -0.059017482467435614 0.86050238188310901 -0.14630841424668017 0.24196075961556063 -0.1206357905132779 0.42686944711160718 0.19761048952452093 0.080799613595551892 -0.015292467555586787 -0.060062528924724426 0.13676581297373461 0.47826218170787038 0.21378791182251622 -0.078527320679158547 0.19106813353033317
leaf_weight=5831 64685 468 182 2600 14207 9420 264 11571 573 2273 262 3036 4299 2506 1611 2670 8856 5775 12152 162 2603 268 1904 54909 152 148 520 8347 250 397 8168 4090 1629 2317 269 406 817 2533
leaf_count=5831 64685 468 182 2600 14207 9420 264 11571 573 2273 262 3036 4299 2506 1611 2670 8856 5775 12152 162 2603 268 1904 54909 152 148 520 8347 250 397 8168 4090 1629 2317 269 406 817 2533
internal_value=-0.0118558 0.00822794 0.0432405 -0.0160246 0.0227059 -0.00706486 0.192495 0.0293505 0.0429755 0.0738784 -0.0524271 0.00565002 -0.01121 0.23816 0.268012 -0.00279324 0.0118128 -0.00707917 -0.0234094 0.27314 0.0531842 0.113303 0.154655 -0.0608532 -0.00435302 0.286547 0.38188 -0.0671484 0.116561 -0.0426544 0.0317156 0.0487375 -0.117552 0.212619 0.172291 0.367348 -0.00118692 0.11106
internal_weight=243130 162626 66550 96076 31391 23627 5666 60884 48388 28885 80504 10200 9938 4585 4117 19503 17301 14631 12496 344 5639 7764 5164 70304 7048 820 672 63256 14354 6228 14531 12258 2202 3260 2586 674 1081 14104
internal_count=243130 162626 66550 96076 31391 23627 5666 60884 48388 28885 80504 10200 9938 4585 4117 19503 17301 14631 12496 344 5639 7764 5164 70304 7048 820 672 63256 14354 6228 14531 12258 2202 3260 2586 674 1081 14104
is_linear=0
shrinkage=0.03


Tree=37
num_leaves=39
num_cat=0
split_feature=204 56 132 207 205 194 193 194 204 105 207 56 207 207 207 75 76 207 196 207 94 76 207 96 132 207 207 207 207 76 207 199 193 204 76 207 176 76
split_gain=207974 142736 141840 73584.5 87509.7 60777.3 106058 57387.6 58776.1 52321.3 114067 58142.7 51248.8 47973.5 40012 39374.5 39034.7 38561 36191.9 34688.1 39809.7 31183 29736.1 29067.5 28248.8 27281.5 30822.4 25584 23673.4 23029.9 22417.1 21395.9 20017.6 19198 19183.7 25288.7 19065.9 48368.6
threshold=7.0000000000000009 57.137151718139656 -69.952606201171861 0.34235194325447088 0.25000000000000011 35.500000000000007 19.650000572204593 60.500000000000007 13.000000000000002 22.819806098937992 -0.93545487523078907 80.65985488891603 0.92922380566596996 0.9470459818840028 0.92922380566596996 16.858145713806156 44.190313339233406 -0.72101011872291554 25.500000000000004 -0.14250824600458142 22.211604118347172 31.811627388000492 -0.65234524011611927 19.998015403747562 -43.880474090576165 0.90531614422798168 0.98522606492042553 0.5986820161342622 -0.51297807693481434 43.758829116821296 0.97696486115455639 279.50000000000006 27.349999427795414 11.000000000000002 60.280782699584968 0.86113432049751293 5.2999999523162851 46.500833511352546
decision_type=2 10 8 2 2 8 10 10 2 10 2 8 2 2 2 8 10 2 8 2 10 10 2 10 10 2 2 2 2 10 2 10 10 2 8 2 2 10
left_child=5 3 12 -2 15 6 -1 8 18 24 -11 23 19 14 21 -5 -10 -18 22 -3 -21 -8 -4 -12 34 -6 30 28 -20 -29 -27 -32 -16 -14 35 36 -7 -38
right_child=1 2 7 4 25 9 13 -9 16 10 11 -13 33 -15 32 -17 17 -19 27 20 -22 -23 -24 -25 -26 26 -28 29 -30 -31 31 -33 -34 -35 -36 -37 37 -39
leaf_value=0.61672266859213876 -0.033427566572602881 -0.02193110147295654 0.2361989370253566 0.078010437626020182 0.030631880059848213 -0.070588624944170758 0.21579377332267857 -0.033661729720706676 0.0426174830941351 0.62355147762842089 0.11181610938528443 -0.096208525532249026 0.22191757488732625 -0.092025702894294403 0.52003165740790203 -0.024147097055815386 0.065006973807479912 -0.059365962786069058 0.10281831933208205 0.32890207512189129 0.1468324876595096 -0.044313306173965769 0.10058293295828141 -0.023162989688379713 -0.1166781167357656 0.1702608766892805 0.053698120673761611 0.17021849265549263 -0.032582050828282069 0.011936942166571344 0.52516252693441823 0.1353544682014356 0.17914892972290081 -0.074847725919631833 -0.13511651298033917 -0.014035320232298988 -0.049107368555198393 0.29183325267229326
leaf_weight=281 64879 469 1854 4114 2618 40394 590 11033 20249 262 3177 4157 257 2057 240 19445 3049 8493 1616 2478 1917 1397 6764 2620 9002 2733 1912 2122 4138 1356 343 201 438 829 2862 10654 1959 463
leaf_count=281 64879 469 1854 4114 2618 40394 590 11033 20249 262 3177 4157 257 2057 240 19445 3049 8493 1616 2478 1917 1397 6764 2620 9002 2733 1912 2122 4138 1356 343 201 438 829 2862 10654 1959 463
internal_value=-0.0113234 0.00817804 0.0419333 -0.0151885 0.0225381 -0.0507532 0.0505102 0.0282257 0.0419805 -0.0574589 0.00567636 -0.0105873 0.181714 0.0168144 0.100824 -0.00630776 0.0175198 -0.0265108 0.0855452 0.223317 0.249488 0.0329208 0.129758 0.0508112 -0.0673311 0.109586 0.14942 0.0442724 0.00544492 0.108508 0.205269 0.38114 0.299821 -0.00461707 -0.0594453 -0.055395 -0.0656866 0.016069
internal_weight=243422 162869 66624 96245 31366 80553 5003 60674 49641 75550 10216 9954 5950 4722 2665 23559 31791 11542 17850 4864 4395 1987 8618 5797 65334 7807 5189 9232 5754 3478 3277 544 678 1086 56332 53470 42816 2422
internal_count=243422 162869 66624 96245 31366 80553 5003 60674 49641 75550 10216 9954 5950 4722 2665 23559 31791 11542 17850 4864 4395 1987 8618 5797 65334 7807 5189 9232 5754 3478 3277 544 678 1086 56332 53470 42816 2422
is_linear=0
shrinkage=0.03


Tree=38
num_leaves=39
num_cat=0
split_feature=206 56 209 36 56 95 140 140 95 76 173 193 95 187 141 76 114 193 181 114 138 34 141 105 16 105 76 59 76 92 95 197 197 197 193 86 187 209
split_gain=142545 96150.1 63671.6 61806.9 67305.6 86006.1 65734 46057.4 44386.2 42096.2 64197.8 50170.7 49408.5 29152.3 27491.6 21759.4 20214.3 20775.2 18843 20137.7 18740.2 18460.7 20456.3 18359 17930 23092.8 16602.3 24441.3 16476.1 16623.7 16278.4 16109.5 14807.1 13973.3 13552.1 13258.3 13248 13217.4
threshold=-0.25000000000000006 57.137151718139656 4.5000000000000009 170.61375427246097 78.16318511962892 7.5665552616119394 -43.903812408447259 -0.74808713793754567 8.8382978439331072 59.574380874633796 13.514999866485597 19.849999427795414 18.427466392517093 6.8500001430511483 -15.208521366119383 77.703536987304702 -118.1070098876953 31.750000000000004 72.000000000000014 120.20170211791994 26.987500190734867 291.08572387695318 -22.701861381530758 -28.564409255981442 91.346309661865249 52.250059127807624 44.415134429931648 0.34234374761581426 18.74375152587891 14.312500000000002 19.898027420043949 985.64999389648449 990.64999389648449 985.25000000000011 25.250000000000004 14.41249990463257 93.950000762939467 11.500000000000002
decision_type=2 10 2 10 10 10 8 10 10 10 2 10 10 8 10 10 10 8 2 10 10 8 8 10 8 8 10 10 8 10 10 10 10 8 10 10 10 2
left_child=1 2 13 14 5 -5 35 8 18 10 -8 -11 -12 -1 -2 -13 17 23 -3 -20 -9 22 -10 -15 -6 32 27 -24 29 -19 34 -4 -26 -28 -16 -7 -27 -23
right_child=3 7 31 4 24 6 9 20 21 11 12 15 -14 16 30 -17 -18 28 19 -21 -22 37 26 -25 25 36 33 -29 -30 -31 -32 -33 -34 -35 -36 -37 -38 -39
leaf_value=-0.084353915762604495 -0.038079259277726242 0.059779553817702433 -0.033344849099783629 -0.059055511885696507 0.047044775852062258 0.2808863439113341 0.0028997009861960452 0.14305518422492133 0.12989847937123078 0.46501299696177029 0.17141711335374427 -0.094986902763356265 0.041669131543350314 0.37695105008189905 -0.10051786743854552 0.12588773844591097 -0.018362443405273422 0.037953974897444898 0.10091552439972168 0.28476424561229208 -0.063216102725963494 0.019823743777253679 -0.0057498309140185415 0.11888489570499207 -0.23085060453761364 -0.068358278921902507 -0.049640581082018499 0.086349870661184672 0.022532271187360134 0.1531295756903408 -0.14937664286000346 0.038194952267746177 -0.10008783513806259 0.029646810881452289 -0.048696542536246279 0.070228883058827907 0.017911415281479295 -0.052899089480701121
leaf_weight=1571 47841 1697 39456 14319 1173 1054 23635 5531 2126 159 4198 4688 7124 293 7525 439 3080 2230 1064 1081 427 5744 3903 1619 1119 8957 3165 7728 6925 2282 2593 3052 2568 5437 11457 361 1951 3697
leaf_count=1571 47841 1697 39456 14319 1173 1054 23635 5531 2126 159 4198 4688 7124 293 7525 439 3080 2230 1064 1081 427 5744 3903 1619 1119 8957 3165 7728 6925 2282 2593 3052 2568 5437 11457 361 1951 3697
internal_value=-0.0110454 0.0159556 -0.00818265 -0.0305765 -0.0110503 0.00437143 0.026173 0.0510652 0.0381591 0.0191066 0.031038 -0.0597977 0.0897776 0.0391092 -0.0507578 -0.0760742 0.0509153 0.0668997 0.134475 0.193569 0.128272 0.0265224 0.0413754 0.158433 -0.0657982 -0.0748675 0.0320737 0.0554441 0.0515972 0.0962057 -0.0788714 -0.0282084 -0.139775 0.000473924 -0.06924 0.227144 -0.0529281 -0.00865376
internal_weight=243269 102108 60508 141161 71745 55977 41658 41600 35642 40243 34957 5286 11322 18000 69416 5127 16429 13349 3842 2145 5958 31800 22359 1912 15768 14595 20233 11631 11437 4512 21575 42508 3687 8602 18982 1415 10908 9441
internal_count=243269 102108 60508 141161 71745 55977 41658 41600 35642 40243 34957 5286 11322 18000 69416 5127 16429 13349 3842 2145 5958 31800 22359 1912 15768 14595 20233 11631 11437 4512 21575 42508 3687 8602 18982 1415 10908 9441
is_linear=0
shrinkage=0.03


Tree=39
num_leaves=39
num_cat=0
split_feature=204 56 132 207 204 208 194 202 207 194 204 208 207 105 114 202 208 201 198 56 203 202 202 204 208 132 207 207 36 207 202 132 202 207 204 95 207 194
split_gain=189901 126901 128499 66617.1 79923.4 57976.8 56823.6 67772.1 113882 54238.3 53223.4 65816.8 47885.8 46250.9 98099.3 123319 40799 40780.3 41693.2 36123.2 34449.6 27959.6 26792.1 63214.4 33762.4 25174.5 24946.8 29999.4 22128.2 21574.2 23201.8 21150.4 19276.8 18967.7 18746 18122.8 18068.1 18041.8
threshold=7.0000000000000009 57.137151718139656 -69.952606201171861 0.34235194325447088 11.000000000000002 0.17435361444950107 35.500000000000007 -0.62249094247817982 0.99983760714530956 60.500000000000007 13.000000000000002 0.94636487960815441 0.92922380566596996 22.819806098937992 83.465812683105483 0.70088258385658275 0.2332836911082268 132.50000000000003 4.4500000476837167 77.300567626953139 -0.043617725372314446 -0.9914070963859557 -0.99687939882278431 9.0000000000000018 0.24164313822984698 -43.880474090576165 0.90531614422798168 0.98522606492042553 245.85413360595706 0.97696486115455639 -0.88697704672813404 -61.48505783081054 -0.98624804615974415 -0.14250824600458142 11.000000000000002 12.741083145141603 -0.14250824600458142 65.500000000000014
decision_type=2 10 8 2 2 2 8 10 2 10 2 2 2 10 10 10 2 10 10 8 10 10 8 2 2 10 2 2 10 2 8 10 10 2 2 10 2 10
left_child=6 3 12 -2 26 -6 7 8 17 10 11 22 20 25 15 -15 -12 18 -1 31 -3 -20 23 -4 -24 -8 -5 29 -18 30 -28 33 -31 -16 -14 -30 -22 -33
right_child=1 2 9 4 5 -7 13 -9 -10 -11 16 -13 34 14 19 -17 28 -19 21 -21 36 -23 24 -25 -26 -27 27 -29 35 32 -32 37 -34 -35 -36 -37 -38 -39
leaf_value=-0.039719044017888352 -0.031442257446616211 0.091333584464344836 0.58786012558542156 0.029633375335787301 -0.044070374712897362 0.051993698056950512 -0.056650706465111188 -0.11103282505319295 0.91472837936918105 -0.033453908581787893 -0.051277525236282845 -0.039944503380415157 0.21271307166363185 0.14719485252206957 -0.13964305851697995 1.0924006501591694 0.062138804044396277 -0.0063040246717273587 0.60620455967646958 -0.085209863173531922 -0.0059874732876078985 0.22776541267372044 0.02042530753011039 0.008003964268206331 0.12748095093616396 -0.11068273017148686 0.32905437528194065 0.048325282874536545 0.067040991192801158 0.50653926109863634 0.11791959182626191 0.11329398967687797 0.13254833582311251 0.21551586653086072 -0.075612368026024959 -0.014605253530158109 0.28323832405292115 -0.036908430884847784
leaf_weight=425 64765 1459 333 2630 14178 9405 56322 1603 157 11019 6334 3273 268 747 162 149 12565 1823 229 4512 207 755 3569 344 10311 9001 599 1905 3283 344 2149 963 194 822 836 9606 3191 2849
leaf_count=425 64765 1459 333 2630 14178 9405 56322 1603 157 11019 6334 3273 268 747 162 149 12565 1823 229 4512 207 755 3569 344 10311 9001 599 1905 3283 344 2149 963 194 822 836 9606 3191 2849
internal_value=-0.0106538 0.00798818 0.0398197 -0.0140555 0.0218015 -0.00575959 -0.0483381 0.0496898 0.125712 0.026754 0.0401248 0.0816115 0.172727 -0.0548173 0.00458148 0.304388 0.0168548 0.0873815 0.208594 -0.0242785 0.213266 0.315842 0.108942 0.293226 0.0999535 -0.0640959 0.104908 0.143045 0.0338089 0.197957 0.163943 0.0330447 0.371685 0.157043 -0.00561876 0.00619114 0.265619 0.00103628
internal_weight=243286 162767 66598 96169 31404 23583 80519 4992 3389 60637 49618 17830 5961 75527 10204 896 31788 3232 1409 9308 4857 984 14557 677 13880 65323 7821 5191 25454 3286 2748 4796 538 984 1104 12889 3398 3812
internal_count=243286 162767 66598 96169 31404 23583 80519 4992 3389 60637 49618 17830 5961 75527 10204 896 31788 3232 1409 9308 4857 984 14557 677 13880 65323 7821 5191 25454 3286 2748 4796 538 984 1104 12889 3398 3812
is_linear=0
shrinkage=0.03


Tree=40
num_leaves=39
num_cat=0
split_feature=204 208 207 132 114 160 132 194 193 105 207 207 194 55 208 207 114 207 187 194 204 208 141 208 79 132 123 200 199 132 208 209 129 208 193 141 201 204
split_gain=174449 111915 86936.4 101161 65045.2 58249.7 63701.5 52737.6 97874.1 44278.8 102333 43565.7 43020.7 41618.2 38229.4 35927.5 32814.7 29987 32538 28882.7 27569 59073.2 24437.6 24769.5 24426.2 22839.1 22507.4 21439.3 23765.2 21166.8 24336.3 21055.1 20252 20088.2 19441.2 18779.2 18605.8 35183.7
threshold=7.0000000000000009 0.16587474942207339 -0.14250824600458142 -66.504325866699205 126.35990524291994 7.5000000000000009 -67.953186035156236 35.500000000000007 19.650000572204593 22.819806098937992 -0.93545487523078907 0.9470459818840028 62.500000000000007 79.464580535888686 0.31595529615879064 0.92922380566596996 83.465812683105483 -0.30163703858852381 29.56002235412598 90.500000000000014 13.000000000000002 0.71353760361671459 -1.8199821710586546 -0.031174269504845139 0.63356742262840282 -43.880474090576165 40.298168182373054 13.34999990463257 284.50000000000006 -46.590148925781243 0.22491560876369479 10.500000000000002 114.60416793823244 0.99530133605003368 27.349999427795414 -21.863420486450192 252.50000000000003 9.0000000000000018
decision_type=2 2 2 8 8 10 8 8 10 10 2 2 10 10 2 2 10 2 8 10 2 2 10 2 10 10 10 10 10 10 2 2 10 2 10 10 8 2
left_child=7 5 4 -4 14 22 27 8 -1 25 -11 15 20 19 -3 26 -16 18 -6 -12 21 -5 -2 -24 -20 31 -10 28 -7 30 -22 32 -9 -21 -17 -31 37 -8
right_child=1 2 3 12 17 6 36 9 11 10 13 -13 -14 -15 16 34 -18 -19 24 33 29 -23 23 -25 -26 -27 -28 -29 -30 35 -32 -33 -34 -35 -36 -37 -38 -39
leaf_value=0.59572250135601768 -0.025910266470287349 0.0027823540550154309 0.28224316062707722 0.16023749337019105 0.095414996054144205 0.1416663445925207 0.34558903927625378 -0.040204508246626851 -0.043416369670523688 0.58254169150172519 0.10253188812697588 -0.087385681884154298 -0.013106314404145338 -0.079961513428980155 0.24255866590615791 0.50487401423014622 0.070750143388005698 -0.088038503620275071 0.049058875079677433 -0.11905650606750064 0.25431325026471513 0.026956432024247537 -0.019984626090522116 -0.2167966077014207 -0.029313927702287832 -0.10646847174431119 0.16810842876711596 0.068659036621179489 0.38022500673391801 0.089930217740551363 0.056595948606126649 -0.096968375117614247 -0.10397755844517242 0.055405262314072175 0.16696620830052375 -0.034091572104734201 -0.0378672107965786 -0.0026850088979682137
leaf_weight=277 64515 3182 1787 6879 2577 1745 347 42423 1275 269 3206 2076 7536 4355 1694 236 2444 4700 4288 1239 582 5298 1077 1236 21647 8967 702 2839 479 1467 15010 9010 5011 1141 437 4378 5988 1054
leaf_count=277 64515 3182 1787 6879 2577 1745 347 42423 1275 269 3206 2076 7536 4355 1694 236 2444 4700 4288 1239 582 5298 1077 1236 21647 8967 702 2839 479 1467 15010 9010 5011 1141 437 4378 5988 1054
internal_value=-0.0105959 0.00728104 0.0315262 0.0612732 1.41743e-05 -0.0182452 0.0413273 -0.0466825 0.0476485 -0.0529234 0.00518119 0.0155236 0.0516772 -0.0104425 0.080965 0.0961425 0.141085 -0.0178276 -0.00625378 0.0437565 0.0662011 0.102249 -0.0293453 -0.125156 -0.016356 -0.0619929 0.0316928 0.123299 0.193048 0.0457244 0.0639763 -0.0549273 -0.0469416 -0.0354174 0.285466 -0.00296396 -0.0148405 0.083577
internal_weight=243373 162749 83469 42937 40532 79280 12452 80624 5003 75621 10210 4726 41150 9941 7320 2650 4138 33212 28512 5586 33614 12177 66828 2313 25935 65411 1977 5063 2224 21437 15592 56444 47434 2380 673 5845 7389 1401
internal_count=243373 162749 83469 42937 40532 79280 12452 80624 5003 75621 10210 4726 41150 9941 7320 2650 4138 33212 28512 5586 33614 12177 66828 2313 25935 65411 1977 5063 2224 21437 15592 56444 47434 2380 673 5845 7389 1401
is_linear=0
shrinkage=0.03


Tree=41
num_leaves=39
num_cat=0
split_feature=204 56 76 194 194 202 194 76 208 95 105 114 202 208 208 204 56 114 208 186 208 96 208 155 194 194 202 208 204 204 105 75 208 194 55 208 208 208
split_gain=164994 113237 49086 93522 48471 62847.1 61808.7 75708.1 42927.9 66108.3 42826.2 90949.1 114493 38149.2 40605.3 34181 33732.8 46152.7 45244.3 32033.7 31384.3 33231.1 30854.6 26950.3 25940.4 23281.7 29047.1 41014.7 22657.8 21729.7 21554.1 20505.8 19961.5 19048.5 17875.9 16658.7 16518 16365.7
threshold=7.0000000000000009 57.137151718139656 44.190313339233406 37.500000000000007 35.500000000000007 -0.62249094247817982 33.500000000000007 57.045597076416023 0.11478523537516595 6.870979070663453 22.819806098937992 88.637100219726577 0.70088258385658275 -0.36648371815681452 0.94066718220710765 13.000000000000002 76.320579528808608 178.22209167480472 0.94066718220710765 0.56420716643333446 0.9889926314353944 12.342361927032472 0.9889926314353944 83.455001831054702 18.500000000000004 61.500000000000007 -0.97988739609718312 0.03762133605778218 13.000000000000002 11.000000000000002 22.819806098937992 55.025114059448249 0.32410992681980139 65.500000000000014 83.869861602783217 0.84658399224281322 0.80290535092353832 0.9889926314353944
decision_type=2 10 10 8 8 10 10 10 2 8 10 10 10 2 2 2 10 10 2 10 2 10 2 2 10 10 8 2 2 2 8 10 2 10 8 2 2 2
left_child=4 8 3 13 5 6 23 -8 -2 -10 31 12 -12 -3 24 25 17 -5 -18 29 33 -22 -20 -1 -15 26 27 -4 -26 36 35 34 -28 -13 -6 -17 -11 -19
right_child=1 2 15 16 10 -7 7 -9 9 19 11 20 -14 14 -16 30 18 37 22 -21 21 -23 -24 -25 28 -27 32 -29 -30 -31 -32 -33 -34 -35 -36 -37 -38 -39
leaf_value=0.0070609806357088724 -0.028692565213337608 0.25070069123344119 0.65297960132954458 0.044445013783334889 -0.051061585357843657 -0.10872171498353048 0.061960580742650574 0.97366648358532881 -0.032746938725906442 0.19502315402022194 0.13461142749407154 0.02790766753467042 0.98860242810901366 -0.03551788568624837 0.42857034300871227 -0.04691763013364126 0.039504401865077268 0.0047623580344929922 -0.10365903136466233 0.0028875952555045539 0.21772129361644252 -0.015716636678624721 0.07370293228509596 0.18995485130904563 0.2069265712337291 -0.051454653241921583 0.0087560512622950441 0.12865539578424323 0.077328541231107426 0.057817591065999235 0.025738667283941228 -0.11647501628007988 0.12467156225729217 -0.088932273550948765 -0.11965417279820759 -0.25736489964241216 0.035177387087871104 0.25333621788777488
leaf_weight=1915 61413 2145 174 19162 56196 1625 167 161 15598 2170 983 1678 165 1206 336 8842 9091 289 4503 7626 850 1549 1098 1167 1764 1662 3644 588 3895 8483 4404 5362 2112 4991 3641 352 795 1361
leaf_count=1915 61413 2145 174 19162 56196 1625 167 161 15598 2170 983 1678 165 1206 336 8842 9091 289 4503 7626 850 1549 1098 1167 1764 1662 3644 588 3895 8483 4404 5362 2112 4991 3641 352 795 1361
internal_value=-0.0101618 0.0072146 0.0372686 0.0552118 -0.0453061 0.0448153 0.117982 0.509491 -0.0136257 0.0130615 -0.0513229 0.00578903 0.257361 0.139647 0.106566 0.000316117 0.0329853 0.0575546 -0.00181836 0.050522 -0.02606 0.0669941 -0.0688895 0.0763143 0.0908055 0.0487741 0.0743311 0.24839 0.117727 0.0822533 -0.0288342 -0.0602718 0.0512881 -0.0595339 -0.0552354 -0.0549751 0.152164 0.209799
internal_weight=243163 162713 66628 44850 80450 5035 3410 328 96085 34672 75415 10216 1148 9346 7201 21778 35504 20812 14692 19074 9068 2399 5601 3082 6865 8180 6518 762 5659 11448 13598 65199 5756 6669 59837 9194 2965 1650
internal_count=243163 162713 66628 44850 80450 5035 3410 328 96085 34672 75415 10216 1148 9346 7201 21778 35504 20812 14692 19074 9068 2399 5601 3082 6865 8180 6518 762 5659 11448 13598 65199 5756 6669 59837 9194 2965 1650
is_linear=0
shrinkage=0.03


Tree=42
num_leaves=39
num_cat=0
split_feature=204 56 209 205 194 193 208 194 204 208 75 208 208 208 208 105 114 202 199 201 202 208 55 141 208 208 208 194 96 19 75 201 202 141 208 197 209 75
split_gain=158635 106423 53221.7 73695.2 45802.1 79300.8 45043.9 44846.5 48640.6 55522.3 45210.9 41308.3 40795.2 40609 38513 38327.5 86517.2 112091 37626.7 35719.5 44085.6 32604.9 31061 27137.7 27490.2 26906.1 31482 26040.1 25260.5 22202.7 21323.4 21048.3 20935.8 20749 29726 20389.8 20284.6 19635.8
threshold=7.0000000000000009 57.137151718139656 4.5000000000000009 0.25000000000000011 35.500000000000007 19.650000572204593 0.17435361444950107 60.500000000000007 13.000000000000002 0.83258596062660228 46.189811706542976 0.8277757763862611 -0.31800055503845209 0.9889926314353944 -0.36648371815681452 22.819806098937992 83.465812683105483 0.70088258385658275 276.50000000000006 452.50000000000006 -0.99687939882278431 -0.36648371815681452 71.35962295532228 -40.806196212768548 0.9889926314353944 0.84658399224281322 0.31595529615879064 67.500000000000014 14.628294467926027 0.70598861575126659 46.881534576416023 397.50000000000006 -0.96811076998710621 -5.6127154827117911 0.22491560876369479 985.64999389648449 10.500000000000002 55.025114059448249
decision_type=2 10 2 2 8 10 2 10 2 2 10 2 2 2 2 10 10 10 10 8 10 2 10 8 2 2 2 10 10 10 10 8 10 8 2 10 2 10
left_child=4 2 3 6 5 -1 -2 8 9 11 14 19 21 -9 -10 37 17 -17 -11 20 -3 29 36 24 -16 26 -12 31 -15 -7 -21 -5 -23 -8 -35 -4 -18 -6
right_child=1 7 35 27 15 12 33 13 10 18 25 -13 -14 28 23 16 22 -19 -20 30 -22 32 -24 -25 -26 -27 -28 -29 -30 -31 -32 -33 -34 34 -36 -37 -38 -39
leaf_value=0.54374356321281525 -0.050100819624912155 0.51164571196619646 -0.032026085599319215 0.23311769532828885 -0.053621326436140149 -0.021969672184762278 -0.014489730524660717 -0.043257558272892994 0.17946351738141619 -0.036582466513077706 -0.054198540693961204 0.6163972062276819 -0.084997685119743094 0.19972586976596149 -0.03012689398683456 0.13335892234081839 -0.033185393840707178 1.0238338244790839 0.14830145407099413 0.11918746048146368 0.16100512476153317 0.47757678252655705 -0.073491152155027592 0.030975347948886109 0.28666572366027204 -0.21790667778813563 0.053245030674903875 -0.054551657875711999 0.0088293753274626772 0.21935143456617245 0.031691457313190181 0.097586141033566345 0.13636205169647261 0.25191512090208956 0.047875068508776784 0.032873441508981895 0.097968508633488438 -0.11335017155916674
leaf_weight=270 10692 367 62912 1298 59928 1546 4281 9760 1899 4303 6307 148 2063 1099 367 755 2001 153 1287 6790 2674 270 5073 20937 751 607 4018 817 1443 441 3974 5019 404 723 5779 4681 2260 5400
leaf_count=270 10692 367 62912 1298 59928 1546 4281 9760 1899 4303 6307 148 2063 1099 367 755 2001 153 1287 6790 2674 270 5073 20937 751 607 4018 817 1443 441 3974 5019 404 723 5779 4681 2260 5400
internal_value=-0.00984848 0.00717859 -0.0130147 0.0212836 -0.0442841 0.0437079 -0.00646804 0.03629 0.0479822 0.0858731 0.0267558 0.117879 0.0151273 -0.0154407 0.0498274 -0.050099 0.00385936 0.283415 0.00598394 0.112534 0.203323 0.0927516 -0.0233357 0.0386653 0.182674 -0.0237983 -0.0123866 0.104823 0.0913615 0.0315904 0.0868846 0.125435 0.273056 0.0367965 0.070564 -0.0275316 0.0363775 -0.0585585
internal_weight=243497 162933 96202 28609 80564 4994 21475 66731 54429 19543 34886 13953 4724 12302 23954 75570 10242 908 5590 13805 3041 2661 9334 22055 1118 10932 10325 7134 2542 1987 10764 6317 674 10783 6502 67593 4261 65328
internal_count=243497 162933 96202 28609 80564 4994 21475 66731 54429 19543 34886 13953 4724 12302 23954 75570 10242 908 5590 13805 3041 2661 9334 22055 1118 10932 10325 7134 2542 1987 10764 6317 674 10783 6502 67593 4261 65328
is_linear=0
shrinkage=0.03


Tree=43
num_leaves=39
num_cat=0
split_feature=204 56 207 204 208 194 193 76 194 207 207 105 193 186 56 207 114 207 208 208 207 204 207 193 76 157 207 207 96 205 207 205 75 209 207 76 193 207
split_gain=147181 99627.3 54047.6 69345.7 45349.6 44327.2 81571.8 43642.8 85064.1 48714.5 38572.5 37526.4 87452.6 129271 38921.7 35895.1 66599.8 55786.1 33870.7 36041.8 29923.6 27379 43379.9 24612.7 24236.9 23373.5 21514.5 23838.9 20684.5 18293.3 18260.8 18417.7 18069.4 21295.4 18032.3 18351.4 17668.7 17463.4
threshold=7.0000000000000009 57.137151718139656 0.34235194325447088 11.000000000000002 0.17435361444950107 35.500000000000007 19.650000572204593 44.190313339233406 37.500000000000007 -0.54939359426498402 0.9470459818840028 22.819806098937992 22.849999427795414 0.85787975788116466 80.65985488891603 -0.14250824600458142 190.90772247314456 -0.33425341546535486 -0.36648371815681452 0.94066718220710765 0.92922380566596996 9.0000000000000018 0.9996619224548341 37.750000000000007 32.060899734497077 19.039999961853031 0.90531614422798168 0.98522606492042553 19.998015403747562 1.0000000180025095e-35 -0.94705909490585316 -0.68301269412040699 55.444562911987312 10.500000000000002 0.97696486115455639 18.543369293212894 27.349999427795414 -0.47558552026748652
decision_type=2 10 2 2 2 8 10 10 8 2 2 10 10 10 8 2 10 2 2 2 2 2 2 10 10 10 2 2 10 2 2 2 10 2 2 10 10 2
left_child=5 2 -2 26 -5 6 -1 8 18 25 20 32 14 -14 28 17 -17 -10 -3 23 24 22 -11 29 -8 30 -4 34 -13 -20 -9 -32 33 -7 -28 -36 -22 -23
right_child=1 7 3 4 -6 11 10 9 15 21 -12 12 13 -15 -16 16 -18 -19 19 -21 36 37 -24 -25 -26 -27 27 -29 -30 -31 31 -33 -34 -35 35 -37 -38 -39
leaf_value=0.53849729300116134 -0.028399015951863817 0.23786529471836998 0.026844786332377021 -0.040062589112030221 0.045047737047081975 -0.044381910380193977 0.19258006307726538 -0.10891826085094079 0.036180336633276348 0.025205956327503439 -0.08336336519586561 0.09062904726309462 1.1560671687650104 0.0093952488905070849 -0.081448753584266675 0.040988244223428581 0.25807432704427724 -0.092551650605822128 0.067673629465532181 0.40441272467635087 0.46911153910597447 -0.17338224347149059 0.48350145036737435 -0.11801965091118716 -0.038158062733282302 0.011821310974283209 0.15003351235915285 0.048519884061978935 -0.024052319611584126 0.17685230137747487 0.048832455394380928 0.19939905491399737 -0.11049868022156735 -0.0929156060499884 0.55222059390659195 0.19642948932123991 0.14937328794317972 -0.036776349000764388
leaf_weight=283 64684 2124 2627 14149 9363 50456 582 283 8860 1680 2058 3133 145 227 4203 20736 1355 4604 4340 337 238 906 209 491 1384 3560 2739 1932 2582 2026 1172 1944 5200 9701 218 325 449 11965
leaf_count=283 64684 2124 2627 14149 9363 50456 582 283 8860 1680 2058 3133 145 227 4203 20736 1355 4604 4340 337 238 906 209 491 1384 3560 2739 1932 2582 2026 1172 1944 5200 9701 218 325 449 11965
internal_value=-0.00960952 0.00682216 -0.0127304 0.0195954 -0.00616975 -0.0427473 0.0438191 0.0350202 0.0519166 0.000111077 0.0141016 -0.0484622 0.00478929 0.45637 -0.0121488 0.0307713 0.0543038 -0.00783943 0.132601 0.101522 0.0897078 -0.0307393 0.0759144 0.0866354 0.0301483 0.0655446 0.0968546 0.132128 0.0388167 0.10242 0.121812 0.142768 -0.0568463 -0.0522085 0.181345 0.339278 0.260147 -0.0463923
internal_weight=243270 162629 96037 31353 23512 80641 4994 66592 44873 21719 4711 75647 10290 372 9918 35555 22091 13464 9318 7194 2653 14760 1889 6857 1966 6959 7841 5214 5715 6366 3399 3116 65357 60157 3282 543 687 12871
internal_count=243270 162629 96037 31353 23512 80641 4994 66592 44873 21719 4711 75647 10290 372 9918 35555 22091 13464 9318 7194 2653 14760 1889 6857 1966 6959 7841 5214 5715 6366 3399 3116 65357 60157 3282 543 687 12871
is_linear=0
shrinkage=0.03


Tree=44
num_leaves=39
num_cat=0
split_feature=204 208 95 132 208 204 160 132 208 75 178 132 208 141 208 157 35 114 185 105 208 208 208 185 200 199 191 141 132 36 204 113 197 199 76 199 204 95
split_gain=138824 92240.9 78681.9 52534.2 66468.9 59620.2 48719.4 52046.3 31049.8 29035.9 27397.1 55809.2 23366.8 23019.9 24616.6 22549.8 24744 79160.4 83916.6 21007.2 20482.5 39958 22105.2 19135.4 18990.7 21275.8 18250.1 15553.1 15256.9 16327.5 15213.4 21845.1 14986.1 14704.2 25510.5 14790.3 14366.7 52674.8
threshold=7.0000000000000009 0.16587474942207339 6.8244807720184335 -69.952606201171861 0.83258596062660228 15.000000000000002 7.5000000000000009 -67.953186035156236 0.9889926314353944 44.129394531250007 2.2849999666213994 -67.953186035156236 0.8277757763862611 -1.8199821710586546 -0.031174269504845139 66.279998779296889 208.71973419189456 83.465812683105483 125.01958084106447 -19.739135742187496 0.94636487960815441 0.99530133605003368 0.88522326946258556 167.98326110839847 13.34999990463257 284.50000000000006 31.650000572204593 -10.734462261199949 -48.402147293090813 183.27478027343753 9.0000000000000018 -268.99166870117182 991.95001220703136 228.50000000000003 65.815124511718764 285.50000000000006 11.000000000000002 10.481498241424562
decision_type=2 2 8 8 2 2 10 8 2 8 10 10 2 10 2 10 10 10 10 10 2 2 2 10 10 10 10 8 10 10 2 8 8 10 10 10 2 8
left_child=10 6 -3 8 5 12 13 24 -4 20 -1 19 27 36 -15 16 33 18 -18 -12 22 -22 -6 -20 25 -8 -21 -5 -7 -30 31 -9 -11 -13 -35 -36 37 -2
right_child=1 2 3 4 9 28 7 30 -10 32 11 15 -14 14 -16 -17 17 -19 23 26 21 -23 -24 -25 -26 -27 -28 -29 29 -31 -32 -33 -34 34 35 -37 -38 -39
leaf_value=-0.052923957173336776 -0.035244593328890191 -0.033212854209657076 -0.018916855330687692 0.065133502553258213 -0.015252753638473523 0.050382877377659258 0.12949576354518583 0.38972669717640035 0.26071236348654719 -0.23611379353864465 -0.010375310870104676 -0.10104375674283939 0.38725873509957387 -0.014443805990191754 -0.21119912907013411 -0.097624321512692638 0.69975795413109565 -0.032984678421834189 0.27835165234470188 0.17757760061385836 -0.056770342799642041 0.049502953986099531 0.080142075879804431 0.039486379308074422 0.060809617524536341 0.35651008106545484 -0.019793530533416353 0.11694417475381783 -0.039309181938232386 0.034800413918205514 -0.029510867558865832 0.027878823215378337 -0.027978420220635777 -0.041912550452211393 0.34518094818068501 0.02170062875093785 -0.031528255141943712 0.081255165472304824
leaf_weight=56362 11210 15149 468 9846 3727 10675 1746 187 1512 692 1282 3380 245 1068 1233 4096 259 5339 435 2093 8627 5047 5288 986 2857 472 528 11086 5079 5654 6414 762 566 5219 250 259 48299 5074
leaf_count=56362 11210 15149 468 9846 3727 10675 1746 187 1512 692 1282 3380 245 1068 1233 4096 259 5339 435 2093 8627 5047 5288 986 2857 472 528 11086 5079 5654 6414 762 566 5219 250 259 48299 5074
internal_value=-0.00923695 0.00668238 0.0286583 0.0423389 0.0378071 0.0602931 -0.0164956 0.038025 0.194618 -0.00217985 -0.0414726 -0.0147204 0.095983 -0.0266345 -0.119877 -0.0347655 -0.0188003 0.0235301 0.203132 0.0891411 0.00559866 -0.0175454 0.0407037 0.11261 0.111943 0.177807 0.137817 0.0925735 0.0249882 -0.000269211 -0.0129235 0.0991843 -0.142471 -0.0514219 -0.0221407 0.180585 -0.0233124 0.00105606
internal_weight=243471 162983 83661 68512 66532 42585 79322 12438 1980 23947 80488 24126 21177 66884 2301 20223 16127 7019 1680 3903 22689 13674 9015 1421 5075 2218 2621 20932 21408 10733 7363 949 1258 9108 5728 509 64583 16284
internal_count=243471 162983 83661 68512 66532 42585 79322 12438 1980 23947 80488 24126 21177 66884 2301 20223 16127 7019 1680 3903 22689 13674 9015 1421 5075 2218 2621 20932 21408 10733 7363 949 1258 9108 5728 509 64583 16284
is_linear=0
shrinkage=0.03


Tree=45
num_leaves=39
num_cat=0
split_feature=194 204 36 76 193 209 96 141 207 105 193 186 56 198 194 204 207 207 207 207 95 207 132 209 193 194 209 76 207 197 113 197 132 96 77 197 203 199
split_gain=133392 97054.2 92063.6 73631.4 73571.4 68319.7 38672.5 35433.5 74059.2 32771.3 65270.1 98462.2 35788.2 31723.2 27040.5 30851.1 33641.2 25921.2 23669.1 24595.3 30115.3 22093.1 20474.4 19904.6 19514.6 19258.2 17924 18011.8 17425.2 17125.6 29980 33102.7 25945.9 17196.9 15178.7 36300.6 15052.8 27206.6
threshold=37.500000000000007 7.0000000000000009 172.91180419921878 44.190313339233406 19.650000572204593 3.5000000000000004 20.67254734039307 -40.806196212768548 -0.14250824600458142 22.819806098937992 22.849999427795414 0.88582766056060802 77.69708633422853 9.2500000000000018 65.500000000000014 11.000000000000002 0.5986820161342622 0.039769539609551437 0.9646572768688203 0.92922380566596996 18.427466392517093 0.98667103052139293 -43.880474090576165 10.500000000000002 33.350000381469734 28.500000000000004 10.500000000000002 54.613895416259773 -0.72101011872291554 985.14999389648449 108.27943801879884 990.64999389648449 -58.75512504577636 11.376028537750246 80.352672576904311 987.25000000000011 0.50751903653144848 246.50000000000003
decision_type=8 2 10 10 10 2 8 8 2 10 10 10 8 10 10 2 2 2 2 2 10 2 10 2 10 8 2 10 2 8 8 10 8 8 10 10 10 10
left_child=2 9 13 18 -5 6 14 8 -7 22 12 -12 23 36 15 16 -3 -17 19 20 -4 -8 26 -11 -22 -21 27 34 -6 -9 31 -31 -32 -34 -2 -36 37 -1
right_child=1 5 3 4 28 7 21 29 -10 10 11 -13 -14 -15 -16 17 -18 -19 -20 25 24 -23 -24 -25 -26 -27 -28 -29 -30 30 32 -33 33 -35 35 -37 -38 -39
leaf_value=-0.00049353824062777483 -0.036237280106147109 0.011960461564661708 0.23118781671169997 0.69686830504574337 0.10775734072167853 -0.041112358433271184 0.0062277182026515311 -0.037955188216386562 0.20460299249724398 -0.022583465494642394 1.0049277008628765 -0.0047603535189058117 -0.073243540911967234 -0.054675588475949929 -0.025548427558623396 0.27592202980882791 0.16049597513832645 0.0341511870475949 0.45161680496258211 -0.0069995904448942898 0.067244988099574438 -0.10894004238086918 -0.096357078215033379 0.093420953757173714 0.20956075778816521 0.2189788681282657 -0.085886394922038423 -0.10833467382700501 0.0025146348732611444 0.031601605090680988 -0.13436173006463983 0.32732342788873486 -0.028424597076089103 0.0076876601014462115 -0.088806084303333588 0.52414334095801529 -0.015164470524896081 0.11897669058231464
leaf_weight=3783 43430 1949 3344 147 1713 2526 4839 31537 1961 2406 145 217 4468 7196 3723 409 4638 16486 224 1496 2884 2172 8776 2980 1240 439 8989 3202 8164 7036 1687 358 31364 19093 215 146 4868 3139
leaf_count=3783 43430 1949 3344 147 1713 2526 4839 31537 1961 2406 145 217 4468 7196 3723 409 4638 16486 224 1496 2884 2172 8776 2980 1240 439 8989 3202 8164 7036 1687 358 31364 19093 215 146 4868 3139
internal_value=-0.0090526 -0.0187003 0.0420741 0.0875926 0.0306829 -0.00300138 0.0333752 -0.016026 0.0662753 -0.0458747 0.00406192 0.399687 -0.0104722 -0.00503873 0.0495662 0.0614754 0.116547 0.0400042 0.146849 0.139588 0.164286 -0.0294512 -0.0537525 0.0416002 0.110037 0.0442695 -0.0470736 -0.0396493 0.0207673 -0.0200808 -0.0106128 0.0459202 -0.0186291 -0.0147597 -0.034627 0.159096 0.025257 0.0536841
internal_weight=243389 204752 38637 19651 10024 129778 34216 95562 4487 74974 10216 362 9854 18986 27205 23482 6587 16895 9627 9403 7468 7011 64758 5386 4124 1935 55982 46993 9877 91075 59538 7394 52144 50457 43791 361 11790 6922
internal_count=243389 204752 38637 19651 10024 129778 34216 95562 4487 74974 10216 362 9854 18986 27205 23482 6587 16895 9627 9403 7468 7011 64758 5386 4124 1935 55982 46993 9877 91075 59538 7394 52144 50457 43791 361 11790 6922
is_linear=0
shrinkage=0.03


Tree=46
num_leaves=39
num_cat=0
split_feature=194 204 36 75 193 209 194 204 141 207 105 193 186 205 55 204 202 207 193 207 207 194 194 207 207 95 207 207 96 194 94 132 95 194 202 193 209 75
split_gain=126296 91943.6 86082.1 69347.6 64287.5 63920 35850.8 32480 31968 70097.9 31474 73430.9 109105 30011.9 29391.4 27383.6 26504.4 25942.7 25771.9 24453.4 23444 22876.9 22447.4 22342.8 22207.2 29538.3 21342.4 21320.5 20766.4 19378.4 19280.1 18684.2 18292.5 18085.8 17079.3 16885.4 16630.1 17368.7
threshold=37.500000000000007 7.0000000000000009 172.91180419921878 47.183784484863288 19.650000572204593 3.5000000000000004 65.500000000000014 11.000000000000002 -40.806196212768548 -0.14250824600458142 22.819806098937992 22.849999427795414 0.87175843119621288 0.68301269412040722 79.464580535888686 5.0000000000000009 -0.98624804615974415 0.98667103052139293 26.849999427795414 0.97696486115455639 0.9646572768688203 33.500000000000007 90.500000000000014 0.5986820161342622 0.92922380566596996 18.427466392517093 -0.72101011872291554 0.039769539609551437 19.256777763366703 30.500000000000004 14.805710315704347 -43.880474090576165 20.856932640075687 28.500000000000004 -0.99687939882278431 33.250000000000007 10.500000000000002 56.455814361572273
decision_type=8 2 10 10 10 2 10 2 8 2 10 10 10 2 10 2 10 2 10 2 2 10 10 2 2 10 2 2 8 10 10 10 10 10 10 10 2 10
left_child=2 10 13 20 -5 6 7 23 9 -7 31 14 -13 30 22 29 18 19 -6 27 24 -17 -12 -3 25 -4 -18 -9 34 -15 -1 36 -28 -26 -25 -27 37 -2
right_child=1 5 3 4 16 8 -8 17 -10 -11 11 12 -14 15 -16 21 26 -19 -20 -21 -22 -23 -24 28 33 35 32 -29 -30 -31 -32 -33 -34 -35 -36 -37 -38 -39
leaf_value=0.0024118510810602436 -0.033967428807265908 0.013615954205366893 0.22169491338174907 0.64367644989689143 0.40530622683900758 -0.040454059871041198 -0.029834616006818044 0.2272472852186691 -0.019245287653889161 0.19845384973777438 0.088313272044627383 1.0536982248576912 0.0028087720858616877 0.10185956639932621 -0.069036010328253974 0.125601184470639 0.11895047877281105 -0.062366182597547261 0.014026983824897607 0.18379550885152088 0.43827412108818142 0.45069954508909393 -0.034009354242844354 0.22752797124774207 -0.0038189491429735062 0.066313288793181324 -0.030435923942221714 0.025743782278506468 0.04077714679909137 -0.20546312935109798 -0.068629313525158164 -0.092895413786480419 0.12039311868611385 0.20813777280231671 0.10282291902360899 0.19744113196947133 -0.083212069738096361 -0.10914785787270304
leaf_weight=11987 44036 1968 3453 150 303 2562 6699 487 90950 1944 3100 147 225 386 4398 1139 1260 2525 303 1010 232 235 2392 2077 1570 3077 6790 15951 1623 354 4821 8788 810 471 1886 1240 8996 2951
leaf_count=11987 44036 1968 3453 150 303 2562 6699 487 90950 1944 3100 147 225 386 4398 1139 1260 2525 303 1010 232 235 2392 2077 1570 3077 6790 15951 1623 354 4821 8788 810 471 1886 1240 8996 2951
internal_value=-0.00867883 -0.0180622 0.0411105 0.0850741 0.0274915 -0.0027692 0.0324049 0.0475516 -0.015381 0.0626168 -0.0444937 0.00432038 0.418097 -0.00456548 -0.0112436 0.101969 0.0177267 0.0275107 0.20967 0.0405173 0.140208 0.181207 0.0350365 0.10054 0.13316 0.156292 0.00459797 0.0317138 0.131164 -0.0451572 -0.0179647 -0.0522275 -0.0143605 0.0450947 0.168181 0.103978 -0.0458436 -0.0386891
internal_weight=243296 204715 38581 19659 9616 129682 34226 27527 95456 4506 75033 10262 372 18922 9890 2114 9466 19973 606 17448 10043 1374 5492 7554 9811 7770 8860 16438 5586 740 16808 64771 7600 2041 3963 4317 55983 46987
internal_count=243296 204715 38581 19659 9616 129682 34226 27527 95456 4506 75033 10262 372 18922 9890 2114 9466 19973 606 17448 10043 1374 5492 7554 9811 7770 8860 16438 5586 740 16808 64771 7600 2041 3963 4317 55983 46987
is_linear=0
shrinkage=0.03


Tree=47
num_leaves=39
num_cat=0
split_feature=194 36 76 197 193 207 114 207 207 114 201 105 198 205 206 198 194 207 76 94 36 194 199 207 207 131 205 191 207 207 75 94 194 206 194 198 36 207
split_gain=117893 80159.7 67547.8 60019.5 56439.1 41813.2 143366 128161 255136 111554 41861 37636.5 32413.3 29145.2 28742.4 35129.1 31599.8 28655.5 25409.6 25378.8 22303.5 21917 21548.3 21082.8 20584 24731.8 20464.9 18378.3 17658.7 27489.6 38726.1 16879.7 16587.1 16263.6 30805.1 20316.2 18454.7 15849
threshold=37.500000000000007 175.03455352783206 44.190313339233406 985.75000000000011 19.650000572204593 -0.14250824600458142 114.58013153076173 -0.94705909490585316 -0.9413962960243224 178.22209167480472 227.50000000000003 52.250059127807624 9.2500000000000018 0.68301269412040722 0.25000000000000011 6.7500000000000009 33.500000000000007 -0.5276680290699004 50.716569900512702 17.734390258789066 176.11835479736331 30.500000000000004 265.50000000000006 0.9646572768688203 0.92922380566596996 -71.957622528076158 0.68301269412040722 39.82678413391114 0.9937499761581422 0.97508442401885997 20.054249763488773 14.805710315704347 28.500000000000004 -0.25000000000000006 58.500000000000007 3.3500000238418584 178.59983062744143 -0.72101011872291554
decision_type=8 10 10 8 10 2 8 2 2 10 8 8 10 2 2 10 10 2 8 10 10 10 10 2 2 10 2 10 2 2 10 10 10 2 10 10 10 2
left_child=1 12 23 18 -4 6 7 -5 -9 10 33 17 13 -1 15 16 22 -8 20 -10 31 -16 -15 24 25 -3 -13 -21 29 -12 -31 -2 -26 34 35 -7 -35 -6
right_child=3 2 4 5 37 9 11 8 19 -11 28 26 -14 14 21 -17 -18 -19 -20 27 -22 -23 -24 -25 32 -27 -28 -29 -30 30 -32 -33 -34 36 -36 -37 -38 -39
leaf_value=0.0073564875585739164 -0.03833971302352171 0.23637603645833441 0.61074351908950564 -0.0044720448699471253 0.10169123703729971 0.042085664758911477 -0.0023938039190129095 1.1221947820881717 0.24465047993689601 0.20841161188856006 0.013108599543731269 -0.021567481166921924 -0.052677380821599291 0.026411948130430449 0.14534634915791442 0.039713200328585552 0.75028457378034741 -0.16810456068448973 -0.091254278366917588 0.11576711293987199 0.019666372080422215 -0.20137035225589284 0.41910714542088467 0.43058793602031531 -0.008118196657738103 0.11847319626918815 -0.060659082241639177 -0.17115965974273933 -0.046014974023444129 0.20711801589589285 0.027952463522762511 -0.13121025472579684 0.20687837144948623 -0.10181386625624264 -0.023707048979865784 0.41015031486052106 -0.027168554760616505 0.00031193312650562707
leaf_weight=10270 43333 2333 147 5757 1689 266 1316 262 1564 2458 41664 46426 7376 214 339 520 151 3280 8389 1876 5952 318 305 220 1376 5105 16279 225 3833 1641 3209 1836 422 4715 2228 274 8105 7784
leaf_count=10270 43333 2333 147 5757 1689 266 1316 262 1564 2458 41664 46426 7376 214 339 520 151 3280 8389 1876 5952 318 305 220 1376 5105 16279 225 3833 1641 3209 1836 422 4715 2228 274 8105 7784
internal_value=-0.00842668 0.0396896 0.0834092 -0.0174843 0.0274398 -0.00709575 -0.0222604 0.0856653 0.217807 0.00997393 0.00257631 -0.0377899 -0.00309467 0.0270879 0.136801 0.224735 0.36833 -0.120656 -0.0428627 0.153152 -0.0349215 -0.0224708 0.257191 0.140349 0.133435 0.155455 -0.0317162 0.0850388 0.0158771 0.0209773 0.0885736 -0.0421147 0.0423432 -0.0403832 0.0255637 0.228849 -0.054622 0.0183876
internal_weight=243457 38569 19076 204888 9620 145378 76985 9684 3927 68393 65935 67301 19493 12117 1847 1190 670 4596 59510 3665 51121 657 519 9456 9236 7438 62705 2101 50347 46514 4850 45169 1798 15588 2768 540 12820 9473
internal_count=243457 38569 19076 204888 9620 145378 76985 9684 3927 68393 65935 67301 19493 12117 1847 1190 670 4596 59510 3665 51121 657 519 9456 9236 7438 62705 2101 50347 46514 4850 45169 1798 15588 2768 540 12820 9473
is_linear=0
shrinkage=0.03


Tree=48
num_leaves=39
num_cat=0
split_feature=194 36 76 208 163 55 141 190 199 141 208 194 207 120 200 200 207 208 208 94 76 208 206 203 114 163 136 198 206 201 208 208 141 194 208 198 203 208
split_gain=110343 82696.7 65959.1 51477.7 48478.7 47083 44315.1 34842.8 35630 46065.3 31791.7 31607.7 33528 33735.6 28249.8 24672 45495.7 28867.5 21218.2 20560.4 19630.3 18344.9 22705.3 24033.4 20686.2 18294.3 16967.6 14687.1 16777.2 26437.6 14418.7 14310.3 12909.4 12883.5 12740.2 13663.4 16955.3 12331.4
threshold=45.500000000000007 172.91180419921878 44.190313339233406 0.16587474942207339 149.129997253418 81.034709930419936 -16.555949211120602 0.023515565320849422 107.50000000000001 -18.448198318481442 0.10623887926340105 80.500000000000014 0.97696486115455639 66.002082824707045 17.349999427795414 12.550000190734865 0.9996619224548341 0.32410992681980139 0.9889926314353944 14.805710315704347 55.526706695556648 -0.36648371815681452 -0.68301269412040699 0.99140709638595592 -235.4505920410156 76.06000137329103 49.45000076293946 6.5499999523162851 -0.25000000000000006 407.50000000000006 0.85561370849609386 0.99530133605003368 -28.369421958923336 17.500000000000004 0.30778898298740393 5.8500001430511483 0.7933231294155122 0.11478523537516595
decision_type=8 10 10 2 10 8 10 8 10 10 2 10 2 10 8 10 2 2 2 10 10 2 2 10 10 10 10 10 2 10 2 2 10 10 2 10 10 2
left_child=1 19 21 6 5 7 37 8 9 -5 20 12 13 -9 -14 16 17 -4 -10 27 25 24 23 33 -3 -8 -7 28 29 -1 -19 -13 -17 -23 35 36 -34 -2
right_child=3 2 15 4 -6 26 10 11 18 -11 -12 31 14 -15 -16 32 -18 30 -20 -21 -22 22 -24 -25 -26 -27 -28 -29 -30 -31 -32 -33 34 -35 -36 -37 -38 -39
leaf_value=0.27296166439960268 -0.023985706035137985 0.09790313983825373 -0.016965795495172749 0.10313515917042249 -0.030155691850993191 -0.022736045738713465 -0.056117622004945945 0.018427564586538419 -0.0013516206581245017 0.83165350130118521 -0.19321614279636923 -0.057732592448905246 0.015541322667328685 0.20023252692712581 0.22767510179886075 -0.1913476110476254 0.42641948767120269 0.15289638162911209 0.2229118489077537 -0.054258003667810695 -0.1183404666006717 -0.0067148461990384134 0.048627525013493038 0.51620673733897948 0.24418845739827802 0.036824150708689753 -0.10761917269200774 -0.014116628052215963 -0.0049601590327859523 0.05145505159204683 -0.093718766588952118 0.036765574077444275 0.16609648093727669 0.14772802361657122 0.05702893369510071 -0.049572961551294974 -0.15213769270371885 0.038905463748122773
leaf_weight=578 56334 1652 2726 168 40586 8218 20352 40308 915 146 1676 6205 966 940 1361 349 305 2061 649 6503 4163 553 4804 149 1838 2103 2856 10736 3534 3012 238 1879 593 4019 2147 4545 202 2953
leaf_count=578 56334 1652 2726 168 40586 8218 20352 40308 915 146 1676 6205 966 940 1361 349 305 2061 649 6503 4163 553 4804 149 1838 2103 2856 10736 3534 3012 238 1879 593 4019 2147 4545 202 2953
internal_value=-0.00826061 0.0311939 0.068211 -0.0186051 -0.00446002 0.011681 -0.0355953 0.0233283 0.150261 0.441889 -0.0664858 0.0187137 0.0288211 0.0225708 0.139613 0.0208674 0.0706617 0.0490676 0.0917096 -0.00858549 -0.0585062 0.116104 0.0945442 0.141268 0.174945 -0.0474132 -0.0446276 0.00804432 0.0414413 0.087119 0.127366 -0.0357679 -0.0130023 0.129048 -0.00468865 -0.029503 0.0852357 -0.0208532
internal_weight=243322 50544 26181 192778 105197 64611 87581 53537 1878 314 28294 51659 43575 41248 2327 13166 5330 5025 1564 24363 26618 13015 9525 4721 3490 22455 11074 17860 7124 3590 2299 8084 7836 4572 7487 5340 795 59287
internal_count=243322 50544 26181 192778 105197 64611 87581 53537 1878 314 28294 51659 43575 41248 2327 13166 5330 5025 1564 24363 26618 13015 9525 4721 3490 22455 11074 17860 7124 3590 2299 8084 7836 4572 7487 5340 795 59287
is_linear=0
shrinkage=0.03


Tree=49
num_leaves=39
num_cat=0
split_feature=204 208 95 132 208 204 194 160 132 207 194 202 194 207 96 207 201 204 204 208 201 208 199 56 104 207 202 198 202 207 132 179 207 132 207 207 114 200
split_gain=111629 71326.5 62580.4 41178.1 55631.7 51271.3 45196.3 36820.2 37201.3 31970.9 29626.3 55983.1 95487.6 29263.8 28375.7 24294.5 23264 32189.5 21549.9 20393.7 18633.1 29603.4 20996.8 18428.5 48251.6 63925.2 175792 18122.2 17511.5 16891.8 16118 18792 16816.5 14728.2 19000.3 16499.7 14244 12968.5
threshold=7.0000000000000009 0.16587474942207339 6.8244807720184335 -69.952606201171861 0.84199059009552013 13.000000000000002 59.500000000000007 5.5000000000000009 -67.953186035156236 -0.47558552026748652 35.500000000000007 -0.94260558485984791 33.500000000000007 -0.37447345256805414 23.141791343688968 -0.14250824600458142 252.50000000000003 9.0000000000000018 9.0000000000000018 0.99530133605003368 162.50000000000003 -0.048362832516431802 266.50000000000006 78.16318511962892 34.239583969116218 -0.92923668026924122 0.70088258385658275 5.5499999523162851 -0.16504132002592084 0.091259401291608824 -45.636768341064446 1.0000000180025095e-35 0.86548283696174633 -47.132772445678704 0.78325453400611889 0.97696486115455639 170.09352874755862 13.250000000000002
decision_type=2 2 8 8 2 2 10 10 8 2 8 10 10 2 10 2 8 2 2 2 10 2 10 8 10 2 10 10 10 2 10 2 2 10 2 2 10 10
left_child=10 7 -3 15 5 6 18 14 37 -6 11 12 20 -11 -2 -4 17 -10 -5 -15 21 22 -1 24 30 26 -26 -24 -13 -27 32 -32 36 35 -35 -7 -12 -9
right_child=1 2 3 4 9 33 -8 8 16 13 23 28 -14 19 -16 -17 -18 -19 -20 -21 -22 -23 27 -25 25 29 -28 -29 -30 -31 31 -33 -34 34 -36 -37 -38 -39
leaf_value=0.094427514234658019 -0.020824802214496084 -0.02949042228468671 -0.014321943957726567 0.19980560975680989 -0.12511948836407019 0.042234216116185538 0.0012322827441239629 0.1363887381905958 0.29004357127083735 0.10912811797050674 -0.046445343509186991 0.0096604071032017971 0.90679806254900708 -0.024017613465738111 -0.13942388592072233 0.23259655800278026 -0.028949228116920286 0.01400581817120008 0.10264091039735966 0.046524088341891708 -0.021387014768241491 -0.17714807094591042 0.2544878678595473 -0.081047872717441821 0.019441706745855502 0.045815155352946828 1.2168390272074296 0.66447284353378544 -0.13831996373524483 -0.10951876577110585 -0.089498939077133577 0.042691416860782837 -0.0016430664777670339 0.036634057010210441 -0.03792672092634481 0.19558315278619839 0.12979672235334974 0.045829974356023533
leaf_weight=323 61341 15128 472 2570 1799 13692 3555 2657 512 2241 40108 2312 147 14038 1871 1493 8469 1477 10239 5003 614 159 242 9297 383 3388 155 162 1045 774 9711 1075 10264 7213 5363 662 417 3065
leaf_count=323 61341 15128 472 2570 1799 13692 3555 2657 512 2241 40108 2312 147 14038 1871 1493 8469 1477 10239 5003 614 159 242 9297 383 3388 155 162 1045 774 9711 1075 10264 7213 5363 662 417 3065
internal_value=-0.00793138 0.00635796 0.0257207 0.0379425 0.0339357 0.0539894 0.0958705 -0.0139989 0.026383 -0.00367976 -0.036813 0.0338804 0.177138 0.00658576 -0.0243352 0.173286 -0.00726513 0.0850635 0.122136 -0.00548283 0.105626 0.193646 0.274743 -0.0414939 -0.0359453 0.0567067 0.364433 0.4189 -0.0364045 0.0169277 -0.0430174 -0.076324 -0.0359442 0.0285403 0.00483779 0.0493067 -0.0446318 0.087881
internal_weight=243436 162860 83468 68340 66375 43294 16364 79392 16180 23081 80576 5004 1647 21282 63212 1965 10458 1989 12809 19041 1500 886 727 75572 66275 4700 538 404 3357 4162 61575 10786 50789 26930 12576 14354 40525 5722
internal_count=243436 162860 83468 68340 66375 43294 16364 79392 16180 23081 80576 5004 1647 21282 63212 1965 10458 1989 12809 19041 1500 886 727 75572 66275 4700 538 404 3357 4162 61575 10786 50789 26930 12576 14354 40525 5722
is_linear=0
shrinkage=0.03


Tree=50
num_leaves=39
num_cat=0
split_feature=204 208 95 160 208 205 96 76 96 201 208 208 36 114 56 104 96 199 186 208 36 190 208 206 208 187 203 199 76 179 59 208 196 75 149 199 201 204
split_gain=105361 66428.7 58464.8 34715.1 33520.7 46986.7 44625.2 30205.5 28347.4 26934.4 26300.3 26036 26555.2 23015.3 22377.8 37554.5 37981.9 69103.1 68615.1 20394.5 18184.4 17582.2 19255.3 16503.7 16066.4 15959.3 15420.1 15127.5 27425.5 23586 25852.9 41679.9 21055.9 20879.5 18782.7 16447.3 14905.1 23939.5
threshold=7.0000000000000009 0.16587474942207339 6.8244807720184335 7.5000000000000009 0.71353760361671459 1.0000000180025095e-35 16.40479946136475 39.993154525756843 23.384051322937015 507.50000000000006 -0.36648371815681452 0.57605713605880748 243.05817413330081 -243.97689056396482 78.16318511962892 34.239583969116218 11.555610656738283 125.50000000000001 0.93510520458221447 0.9889926314353944 180.51363372802737 0.019928705878555778 0.24164313822984698 -1.0000000180025095e-35 0.92191100120544445 22.443822860717777 0.97233289480209362 225.50000000000003 67.331832885742202 1.0000000180025095e-35 0.57101723551750194 0.31595529615879064 1.0000000180025095e-35 45.245393753051765 37.885000228881843 285.50000000000006 252.50000000000003 9.0000000000000018
decision_type=2 2 8 10 2 2 8 8 10 10 2 2 10 10 8 10 10 10 10 2 10 10 2 2 2 10 10 8 10 2 10 2 8 8 2 10 8 2
left_child=14 3 -3 8 5 20 9 10 -2 23 13 12 26 -5 15 27 17 18 -17 -11 21 22 -4 24 -6 -8 -7 29 34 33 -31 -32 35 -1 -29 -30 37 -9
right_child=1 2 4 7 6 11 25 36 -10 19 -12 -13 -14 -15 -16 16 -18 -19 -20 -21 -22 -23 -24 -25 -26 -27 -28 28 32 30 31 -33 -34 -35 -36 -37 -38 -39
leaf_value=-0.043116930708520067 -0.019098934136453138 -0.028564475376249201 0.17058426021500295 0.071705315844268536 0.044464871048599135 0.090858011464758609 0.032597357051867865 0.28704628315035613 -0.14898997708988573 0.075145799379394876 -0.0069926409684614808 0.18724057299261415 -0.051089729037120696 0.22330986725942067 -0.079711276563144584 1.0170340974856431 -0.0072646609400155038 0.074697163697787589 0.11053548119552872 0.25138270397112661 0.056128759060492521 -0.027071213768160757 0.0055387357131067754 0.069093635661139741 -0.017374895783051826 -0.054561332206132102 0.2784674181868082 -0.033734017734609469 0.3065765540691025 -0.012841647155195649 -0.011946400075147199 0.67946567604754293 -0.095886148182710948 -0.10914293681139731 0.075016239957557171 0.030771769260794706 -0.034464941276688428 0.0021639942530935273
leaf_weight=12751 65299 15118 971 2449 6850 8282 2448 359 1548 2171 1976 2664 1194 1426 9255 156 3334 1267 145 812 11287 6608 1845 5985 8440 8306 414 43420 499 843 171 145 297 6512 1478 319 5255 1019
leaf_count=12751 65299 15118 971 2449 6850 8282 2448 359 1548 2171 1976 2664 1194 1426 9255 156 3334 1267 145 812 11287 6608 1845 5985 8440 8306 414 43420 499 843 171 145 297 6512 1478 319 5255 1019
internal_value=-0.007771 0.00612186 0.0248167 -0.0135307 0.0366365 0.0582018 0.0161472 0.0323915 -0.0221069 0.0386979 0.0820767 0.103997 0.0815746 0.127496 -0.0358225 -0.0301286 0.0500035 0.171771 0.580367 0.12312 0.0304426 -0.00032132 0.0624495 0.0268609 0.0103296 -0.0347208 0.0997901 -0.0360412 -0.0265041 -0.0575293 0.0739075 0.305325 0.120467 -0.0654376 -0.030154 0.199021 -0.011436 0.076384
internal_weight=243318 162726 83395 79331 68277 33265 35012 12484 66847 24258 5851 12554 9890 3875 80592 71337 4902 1568 301 2983 20711 9424 2816 21275 15290 10754 8696 66435 46013 20422 1159 316 1115 19263 44898 818 6633 1378
internal_count=243318 162726 83395 79331 68277 33265 35012 12484 66847 24258 5851 12554 9890 3875 80592 71337 4902 1568 301 2983 20711 9424 2816 21275 15290 10754 8696 66435 46013 20422 1159 316 1115 19263 44898 818 6633 1378
is_linear=0
shrinkage=0.03


Tree=51
num_leaves=39
num_cat=0
split_feature=194 36 208 132 36 194 105 197 208 208 200 208 208 198 132 94 132 105 194 208 197 155 192 208 208 194 158 198 189 194 197 131 208 208 36 197 199 199
split_gain=99672.2 65146.8 50689.4 60304.4 54177.4 39236.5 37213.8 44706.3 50652.1 36619.7 32496.6 31383.5 31681.7 26992.6 26267.3 42027.1 25448.7 25001.5 24769.1 24426.3 37067.2 22400.9 21683 21558.9 33080.5 38991 18401.9 16400.1 13933.6 13462.3 13184.7 12195 12181.8 11799.4 14116 11368.7 10953 21064.6
threshold=37.500000000000007 172.91180419921878 0.16587474942207339 -69.952606201171861 252.39509582519534 12.500000000000002 25.544976234436039 987.45001220703136 0.34840355813503271 0.9889926314353944 14.050000190734865 0.99530133605003368 0.83258596062660228 9.8499999046325701 -63.848403930664055 17.734390258789066 -70.564933776855455 52.250059127807624 80.500000000000014 0.21652257442474368 990.64999389648449 0.88999998569488536 0.33577731251716619 -0.013976481743156908 0.26659387350082403 32.500000000000007 4.5000000000000009 6.7500000000000009 41.021047592163093 44.500000000000007 982.25000000000011 -57.429687499999993 0.94066718220710765 0.34033495187759405 321.82586669921881 990.64999389648449 299.50000000000006 250.50000000000003
decision_type=8 10 2 8 8 10 10 10 2 2 10 2 2 10 10 10 10 8 10 2 8 2 8 2 2 10 2 10 10 10 10 10 2 2 10 10 10 10
left_child=1 13 14 9 6 -3 18 -8 -9 -4 16 12 28 36 26 -16 30 35 19 20 -5 -10 -21 -18 25 -25 -2 -19 -6 -30 -7 -12 -26 -33 -35 -14 37 -1
right_child=2 5 3 4 11 10 7 8 21 -11 31 -13 17 -15 15 -17 23 27 -20 22 -22 -23 -24 24 32 -27 -28 -29 29 -31 -32 33 -34 34 -36 -37 -38 -39
leaf_value=0.0033666787286980473 -0.026771824633190808 -0.055973798026143384 -0.044458924612996491 0.011252328537138602 -0.025696487015099023 0.18804326068502816 -0.016880389636742699 0.63264475719057678 -0.058936139117102146 0.20105938795556955 0.090914163695875891 0.026191947984625558 -0.2200218294905904 -0.054613685384522825 -0.045931601041787451 -0.18538981072068636 0.016957837373859534 -0.059815183452096889 -0.054583485327118091 0.073041206800853201 0.19512995961495275 0.20443043267993538 0.0013479300707429477 0.18043370545569015 0.096750295597475056 0.67249547155980927 0.028117019440354933 0.037541262338528357 0.12575553495100314 0.0008896402928775379 0.38643802271804395 -0.021844538251812134 0.36244320458670642 0.095093898531792814 -0.12636251459652009 -0.1041161946640996 -0.020120845851437051 0.098033563706871357
leaf_weight=5424 58806 1860 746 2519 16092 1377 1455 219 369 2047 3596 7536 952 6138 26011 2102 1878 13343 5320 4147 1622 1369 44945 478 4388 208 6064 1763 1121 2533 386 2869 161 2125 295 3809 3880 3468
leaf_count=5424 58806 1860 746 2519 16092 1377 1455 219 369 2047 3596 7536 952 6138 26011 2102 1878 13343 5320 4147 1622 1369 44945 478 4388 208 6064 1763 1121 2533 386 2869 161 2125 295 3809 3880 3468
internal_value=-0.007443 0.0368244 -0.0157678 -0.00216612 -0.00568953 0.0751199 0.0127501 0.10906 0.202694 0.135482 0.0888486 -0.0299236 -0.0405991 -0.00291093 -0.0321377 -0.0563589 0.129449 -0.0673464 0.00713796 0.0133063 0.0832763 0.148514 0.00740417 0.104159 0.135441 0.329638 -0.0216408 -0.0484528 -0.0136879 0.0391972 0.231483 0.0482895 0.106155 0.0193088 0.0680976 -0.127293 0.0219365 0.0402881
internal_weight=243421 38531 204890 111907 109114 19621 61965 3412 1957 2793 17761 47149 39613 18910 92983 28113 8876 19867 58553 53233 4141 1738 49092 7113 5235 686 64870 15106 19746 3654 1763 8885 4549 5289 2420 4761 12772 8892
internal_count=243421 38531 204890 111907 109114 19621 61965 3412 1957 2793 17761 47149 39613 18910 92983 28113 8876 19867 58553 53233 4141 1738 49092 7113 5235 686 64870 15106 19746 3654 1763 8885 4549 5289 2420 4761 12772 8892
is_linear=0
shrinkage=0.03


Tree=52
num_leaves=39
num_cat=0
split_feature=194 193 200 197 200 201 201 202 193 57 194 194 141 209 202 113 194 55 170 202 96 201 202 96 96 194 75 75 160 201 187 194 201 200 192 202 201 140
split_gain=92045.7 49473 127740 48453.4 41408.2 38225.1 37011.2 40548.3 31384.5 36241.3 102837 116271 32939.6 31801 50150.1 33005.6 32544.6 31197.8 29826.8 29164 66568.9 24428.6 25350.8 23635.8 18683.8 18512.6 18172.1 17158.3 19319.9 15661.6 15647.7 14918.9 14465.3 18799 13623 12477.5 11452 11434.7
threshold=37.500000000000007 20.650000572204593 18.150000572204593 985.75000000000011 13.050000190734865 92.500000000000014 862.50000000000011 -0.77159520983695973 22.750000000000004 33.748580932617195 73.500000000000014 79.500000000000014 -40.806196212768548 6.5000000000000009 -0.99353402853012074 108.27943801879884 65.500000000000014 73.892707824707045 4.2950000762939462 0.87878364324569713 10.689779758453371 132.50000000000003 -0.96811076998710621 19.232341766357425 16.40479946136475 18.500000000000004 42.840379714965827 45.245393753051765 6.5000000000000009 442.50000000000006 24.20731353759766 90.500000000000014 132.50000000000003 6.8500001430511483 0.56350740790367138 -0.9099266231060027 77.500000000000014 -2.5905928611755367
decision_type=8 10 10 8 10 10 10 10 10 10 10 10 8 2 10 8 10 10 2 10 10 10 10 8 10 10 10 10 10 10 10 10 10 10 8 10 10 10
left_child=1 2 -1 27 5 -3 7 29 12 -10 19 -12 17 14 23 16 -15 31 25 -11 -21 22 -20 24 -14 -6 35 28 -2 30 -7 -5 -9 -34 -17 -8 -27 -36
right_child=3 4 -4 8 18 6 26 32 9 10 11 -13 13 15 -16 34 -18 -19 21 20 -22 -23 -24 -25 -26 36 -28 -29 -30 -31 -32 -33 33 -35 37 -37 -38 -39
leaf_value=1.0327382865958776 -0.037020330862402515 -0.062702658575018499 -0.014295258791212934 0.14918735770723557 -0.071659320246521885 0.53821485658806678 -0.054071476443046586 0.32424327983340639 0.0060380099507730068 0.028283561467319251 1.2525737909558459 0.1378680419790608 0.018799349961418452 0.18313761805646106 -0.038331727137262038 -0.077355167485551074 -0.0056562841177685008 -0.047453776144804838 0.47531029536469888 0.79086483600079693 0.06940343288899499 0.032412143299629527 0.11345019466459751 -0.017517131110226694 0.070003519363022848 -0.21611959263674332 0.025033024904212258 -0.070862996582090304 0.022757692539759931 0.18281613678582243 0.26908465907030993 0.020576916613802013 0.18835618381862701 0.0042593369138888698 -0.029134844406002301 0.1377254137148719 0.0065419970593485486 0.052763487377814645
leaf_weight=159 42323 1739 308 2616 4239 302 346 207 9262 2943 146 199 17320 1289 17156 5258 2267 1636 218 156 439 6518 868 9321 10185 212 6400 11569 5498 852 546 1177 730 1579 62377 2593 10699 1573
leaf_count=159 42323 1739 308 2616 4239 302 346 207 9262 2943 146 199 17320 1289 17156 5258 2267 1636 218 156 439 6518 868 9321 10185 212 6400 11569 5498 852 546 1177 730 1579 62377 2593 10699 1573
internal_value=-0.00724308 0.0353044 0.342202 -0.0152481 0.0315374 0.0697113 0.086699 0.160479 -0.00591758 0.0382914 0.115224 0.609621 -0.0103142 -0.0134138 0.00403272 -0.026357 0.062779 0.0620481 0.00587896 0.0670124 0.25857 0.054361 0.186093 0.0237689 0.0377601 -0.0184548 0.0533917 -0.0380789 -0.0301476 0.273663 0.364936 0.109279 0.0840019 0.062463 -0.0309369 0.115145 0.00221548 -0.0271203
internal_weight=243225 38515 467 204710 38048 15294 13555 4216 145320 13145 3883 345 132175 126746 53982 72764 3556 5429 22754 3538 595 7604 1086 36826 27505 15150 9339 59390 47821 1700 848 3793 2516 2309 69208 2939 10911 63950
internal_count=243225 38515 467 204710 38048 15294 13555 4216 145320 13145 3883 345 132175 126746 53982 72764 3556 5429 22754 3538 595 7604 1086 36826 27505 15150 9339 59390 47821 1700 848 3793 2516 2309 69208 2939 10911 63950
is_linear=0
shrinkage=0.03


Tree=53
num_leaves=39
num_cat=0
split_feature=204 208 96 194 204 208 156 76 199 208 194 202 194 105 207 56 208 207 205 201 96 197 201 202 96 76 208 198 208 202 207 123 194 204 76 207 207 105
split_gain=96095.3 58411.6 49970.8 34139.3 36695.2 51836.4 29203.7 34051 27416.2 25679.9 24524.4 46826.8 81490.3 25315.6 56892.8 24800.2 23528.6 19879.5 17386.8 34429.9 21677.8 19836.9 18903.1 39349.6 16931.1 16107.4 15485.3 15262.8 26439.1 17740.1 16412.7 14730.9 14413.9 13860.3 12904.9 17498 16027.1 27107.3
threshold=7.0000000000000009 0.16587474942207339 6.8878736495971689 59.500000000000007 13.000000000000002 0.83258596062660228 3.9684972763061528 32.285810470581062 287.50000000000006 0.8277757763862611 35.500000000000007 -0.94260558485984791 33.500000000000007 22.819806098937992 -0.93545487523078907 77.69708633422853 -0.36648371815681452 0.98049071431159984 1.0000000180025095e-35 137.50000000000003 11.176112174987795 988.35000610351574 402.50000000000006 -0.97625884413719166 19.998015403747562 31.083571434021 0.99530133605003368 6.8500001430511483 -0.048362832516431802 -0.96359375119209278 0.92922380566596996 43.705163955688484 41.500000000000007 11.000000000000002 49.062953948974616 -0.83847111463546742 -0.14250824600458142 58.618482589721687
decision_type=2 2 10 10 2 2 2 8 10 2 8 10 10 10 2 8 2 2 2 8 10 10 10 8 10 10 2 10 2 10 2 8 10 2 10 2 2 10
left_child=10 6 -3 4 5 9 18 16 -7 17 11 12 27 -12 -15 24 31 -4 -2 21 -21 -20 23 -22 -16 -13 -5 28 29 30 -1 -8 33 -9 36 -36 -6 -38
right_child=1 2 3 26 34 8 7 32 -10 -11 13 25 -14 14 15 -17 -18 -19 19 20 22 -23 -24 -25 -26 -27 -28 -29 -30 -31 -32 -33 -34 -35 35 -37 37 -39
leaf_value=0.10251560386225822 -0.030369444870774937 -0.022903882374155589 0.10294345758039797 -0.023521829279208917 0.0062843634604092353 -0.013654501001341669 0.2255076767121631 0.11785145261992071 0.1662944056338225 0.5096970905247582 -0.044910289142886216 0.1099734751180618 0.82380337682018223 0.44309120010307795 0.086291205827535078 -0.058125631737664774 -0.0022793849634192035 0.29665455856546358 0.37807026369123736 -0.023032977411634674 0.4540178953072419 -0.010402605710096147 -0.0044387974187372449 0.060359855244349267 -0.019269334291842972 -0.06344013585165692 0.063377628460128177 -0.025453076836479859 -0.17673297179784023 0.020787743132045063 0.46041253182071151 0.084518282211959228 -0.11790033151578554 -0.016763121204880542 0.059396496925959635 -0.056447942718207078 0.045480642657912719 0.25341100886944107
leaf_weight=172 43559 16544 11731 10682 10944 5600 1343 873 882 147 65319 583 152 261 2933 4463 1249 497 338 17854 245 182 4647 3398 2562 2784 2231 581 161 219 350 1325 950 3255 1801 3368 18522 582
leaf_count=172 43559 16544 11731 10682 10944 5600 1343 873 882 147 65319 583 152 261 2933 4463 1249 497 338 17854 245 182 4647 3398 2562 2784 2231 581 161 219 350 1325 950 3255 1801 3368 18522 582
internal_value=-0.00697915 0.00628434 0.0237868 0.0353182 0.045784 0.0795571 -0.0121711 0.038723 0.0108311 0.115556 -0.033781 0.0305507 0.162273 -0.0380409 0.0058675 -0.00559254 0.105182 0.110817 -0.0186902 0.000389341 -0.00441844 0.242106 0.0356712 0.0868355 0.0370744 -0.033413 -0.008508 0.0944639 0.171705 0.247414 0.34249 0.155489 -0.0125414 0.0117056 0.0277001 -0.0160849 0.0352322 0.0518153
internal_weight=243289 162749 83531 66987 54074 18857 79218 8995 6482 12375 80540 5002 1635 75538 10219 9958 3917 12228 70223 26664 26144 520 8290 3643 5495 3367 12913 1483 902 741 522 2668 5078 4128 35217 5169 30048 19104
internal_count=243289 162749 83531 66987 54074 18857 79218 8995 6482 12375 80540 5002 1635 75538 10219 9958 3917 12228 70223 26664 26144 520 8290 3643 5495 3367 12913 1483 902 741 522 2668 5078 4128 35217 5169 30048 19104
is_linear=0
shrinkage=0.03


Tree=54
num_leaves=39
num_cat=0
split_feature=194 205 206 200 208 208 208 163 208 205 155 208 206 77 199 199 123 201 199 96 208 123 205 199 16 208 123 140 196 208 105 205 105 94 151 194 19 194
split_gain=84493.3 50533 58817.2 72101 100030 53153.3 42566.8 38353.4 36885.8 36779.4 31099.1 27889.9 27386.2 29527.7 79280.2 149801 25275 23983.6 34732.2 23075.6 23586.9 39319.8 22253.9 21589.7 21210.2 20844.5 30957.5 19482.1 18806.8 19639.6 24811.8 18860.7 16804.2 16206.9 20271.2 16003.8 15772.8 14546.8
threshold=37.500000000000007 0.68301269412040722 0.25000000000000011 13.84999990463257 -0.013976481743156908 0.24164313822984698 0.16587474942207339 186.77500152587893 0.71353760361671459 0.25000000000000011 62.149999618530281 0.94066718220710765 -0.25000000000000006 70.528636932373061 125.50000000000001 60.500000000000007 10.600738048553469 137.50000000000003 266.50000000000006 16.40479946136475 0.9889926314353944 14.954186439514162 -1.0000000180025095e-35 269.50000000000006 113.27966690063478 0.99138912558555614 14.555673599243166 5.9464702606201181 22.500000000000004 0.19969739764928821 13.240591526031496 0.25000000000000011 15.225987434387209 14.805710315704347 65.655002593994155 12.500000000000002 0.55285519361495983 30.500000000000004
decision_type=8 2 2 10 2 2 2 10 2 2 2 2 2 10 8 10 10 10 10 8 2 10 2 10 10 2 10 10 10 2 8 2 10 10 10 10 10 10
left_child=1 5 3 4 23 10 16 8 12 19 35 22 28 24 15 -15 -2 18 -5 20 -10 -22 -7 -3 32 -11 -27 33 29 30 -8 -31 -14 -18 -35 -1 -25 -4
right_child=6 2 37 17 -6 11 7 -9 9 25 -12 -13 13 14 -16 -17 27 -19 -20 -21 21 -23 -24 36 -26 26 -28 -29 -30 31 -32 -33 -34 34 -36 -37 -38 -39
leaf_value=-0.11341719481180654 -0.021137686679258069 0.10099773277574653 0.060306121823079373 -0.032551118044538842 1.0886704499848581 0.038477175566522588 0.084651505763832055 -0.027358231772008565 0.013635203473713029 -0.057026608003252703 0.051043428557072786 0.34423488899106969 -0.00068058307372029063 0.03280090940962356 -0.0014818260757114808 1.0285477129849885 -0.050654963597319275 -0.016876109044163964 0.47341034155632389 -0.033894743646294793 0.046955761815328685 0.26217382256845173 0.1300363782052599 0.17559966084265013 0.066323182016213178 -0.015752422736159868 0.20380034446815637 0.034409197077635581 -0.012342870926706832 0.014880370212346096 0.38651854218330284 0.11343033624956327 -0.10201816417461951 -0.14004440055733042 0.015418276792391846 -0.016291854689841463 0.48464441125401997 -0.13738695383949123
leaf_weight=1704 72093 381 775 225 159 7816 550 36443 13918 14325 6527 335 13706 346 1275 224 13921 932 267 6152 3668 965 3441 221 3957 4022 675 1850 1829 2767 442 4745 1650 4291 916 14688 454 590
leaf_count=1704 72093 381 775 225 159 7816 550 36443 13918 14325 6527 335 13706 346 1275 224 13921 932 267 6152 3668 965 3441 221 3957 4022 675 1850 1829 2767 442 4745 1650 4291 916 14688 454 590
internal_value=-0.00691879 0.0338461 0.134731 0.217424 0.387185 0.0221413 -0.0145877 -0.00209875 0.0101397 -0.00768912 -0.00433692 0.0744924 0.034895 0.0153439 0.130007 0.424123 -0.029571 0.0725776 0.242029 0.016455 0.0331524 0.0917837 0.0664648 0.281554 0.00438987 -0.039044 0.0157995 -0.0585527 0.074928 0.0936978 0.219156 0.0771302 -0.0115694 -0.0675437 -0.112696 -0.0263884 0.383465 -0.0251437
internal_weight=243245 38515 4004 2639 1215 34511 204730 111659 75216 43725 22919 11592 31491 21158 1845 570 93071 1424 492 24703 18551 4633 11257 1056 19313 19022 4697 20978 10333 8504 992 7512 15356 19128 5207 16392 675 1365
internal_count=243245 38515 4004 2639 1215 34511 204730 111659 75216 43725 22919 11592 31491 21158 1845 570 93071 1424 492 24703 18551 4633 11257 1056 19313 19022 4697 20978 10333 8504 992 7512 15356 19128 5207 16392 675 1365
is_linear=0
shrinkage=0.03


Tree=55
num_leaves=39
num_cat=0
split_feature=204 208 95 208 205 96 160 207 96 36 208 95 208 204 199 141 196 207 202 35 196 200 56 55 56 207 207 202 36 200 202 207 159 200 56 114 187 95
split_gain=89335.1 51516.9 46990.7 27379.9 39581.4 39498.8 27309.3 25589.9 24632.1 21979.9 20088.6 37967 34275.6 18898.3 26807.2 21251.1 18366.6 24650.7 87209.2 21693.1 61599.5 119706 21232.5 18044.7 17881.1 16610.1 22916 16498.2 15726.6 15729.7 15321.5 15018.1 13791.1 13643.7 21093.1 13329.4 13286.3 12111.5
threshold=7.0000000000000009 0.16587474942207339 6.8244807720184335 0.71353760361671459 1.0000000180025095e-35 16.40479946136475 5.5000000000000009 -0.81923159956932057 23.141791343688968 213.26288604736331 0.99138912558555614 9.1284861564636248 0.94066718220710765 9.0000000000000018 265.50000000000006 -1.6756850481033323 1.5000000000000002 0.99983760714530956 -0.60873827338218678 181.3263854980469 1.0000000180025095e-35 12.750000000000002 76.320579528808608 70.183620452880874 59.38866043090821 -0.91246706247329701 -0.9413962960243224 -0.67556449770927418 180.51363372802737 10.750000000000002 -0.99687939882278431 0.97696486115455639 3.0677825212478642 14.050000190734865 59.597211837768562 -233.20226287841794 22.443822860717777 10.481498241424562
decision_type=2 2 8 2 2 8 10 2 10 10 2 10 2 2 10 10 8 2 10 10 10 10 8 10 10 2 2 10 8 10 8 2 2 10 10 8 10 8
left_child=16 6 -3 4 28 10 8 25 -2 30 12 -12 -5 14 -8 -15 17 19 -19 27 23 -22 35 24 -21 26 -6 32 29 31 -9 -4 -1 34 -16 -18 -7 -30
right_child=1 2 3 5 7 36 13 9 -10 -11 11 -13 -14 15 33 -17 22 18 -20 20 21 -23 -24 -25 -26 -27 -28 -29 37 -31 -32 -33 -34 -35 -36 -37 -38 -39
leaf_value=-0.019925893882461774 -0.016776371508411714 -0.025248994089943071 0.015201367518471787 0.048812441888832173 -0.00024553946897510134 0.028256154174408105 0.040610052747167211 0.31108204602791062 -0.12730798902765861 0.19943677500385099 0.23380092794041518 0.044245208784764622 -0.038066290415003666 -0.0070958830389830189 0.11084576419943323 0.084994659634969424 -0.088580339005351519 0.74935980547353465 -0.18866890547789178 -0.032997966491095557 1.0076615557497555 -0.047748166269544888 -0.095767430984962862 -0.030372317289598893 0.083322518527346068 -0.060990256641698687 0.22134612076668342 -0.087178035049856176 0.16793346227890343 -0.039679141184381622 0.084236600537362358 0.16631851043382545 0.25510397557180703 0.029459936208514888 0.53687363203072547 -0.03103630209498897 -0.051142976205737878 0.042813137812645605
leaf_weight=5637 61194 15112 3924 12841 1174 2456 1469 279 1870 2333 1222 4288 5995 11293 175 2818 3925 163 197 1827 162 240 5859 7246 3408 1308 654 4780 745 4767 6774 697 169 145 260 47065 8330 10646
leaf_count=5637 61194 15112 3924 12841 1174 2456 1469 279 1870 2333 1222 4288 5995 11293 175 2818 3925 163 197 1827 162 240 5859 7246 3408 1308 654 4780 745 4767 6774 697 169 145 260 47065 8330 10646
internal_value=-0.00660048 0.00619398 0.0226293 0.0332022 0.0526929 0.0147273 -0.0111378 0.0948251 -0.0200539 0.119615 0.0359001 0.086285 0.0211612 0.0236573 0.108794 0.0112948 -0.0324135 -0.0103046 0.236057 -0.0140837 0.0120615 0.377579 -0.0416807 0.000288234 0.0427269 0.0206305 0.0790334 -0.045902 0.0273029 -0.00144591 0.0932105 0.0379952 -0.0119199 0.281485 0.36549 -0.0354658 -0.0330635 0.0509965
internal_weight=243447 162769 83545 68433 33301 35132 79224 12522 63064 9386 24346 5510 18836 16160 2049 14111 80678 23829 360 23469 12883 402 56849 12481 5235 3136 1828 10586 20779 9388 7053 4621 5806 580 435 50990 10786 11391
internal_count=243447 162769 83545 68433 33301 35132 79224 12522 63064 9386 24346 5510 18836 16160 2049 14111 80678 23829 360 23469 12883 402 56849 12481 5235 3136 1828 10586 20779 9388 7053 4621 5806 580 435 50990 10786 11391
is_linear=0
shrinkage=0.03


Tree=56
num_leaves=39
num_cat=0
split_feature=204 208 96 132 36 156 74 208 204 208 208 208 132 178 132 175 208 199 204 96 204 204 197 96 36 141 199 120 56 114 208 190 132 208 208 94 199 191
split_gain=85248.8 48199.6 42330.7 29278 40095.8 24942.5 32348.4 22733.4 20038.1 21777.3 21907.9 18404.7 17216.7 16834.1 36136.9 26035 83991.2 50085.5 16430 31268.4 25274.8 16087.9 15647.3 15563.6 15273 20070.5 14801 14368.3 13905 15574.1 12259.8 13047.5 11541.8 14884 14217.9 11468.7 15686 10851.1
threshold=7.0000000000000009 0.16587474942207339 6.8878736495971689 -70.564933776855455 245.85413360595706 3.9684972763061528 63.275617599487312 -0.36648371815681452 13.000000000000002 0.70138040184974682 0.65071284770965587 0.9889926314353944 -78.501071929931626 2.2849999666213994 -67.953186035156236 6.5750000476837167 0.31595529615879064 224.00000000000003 13.000000000000002 11.176112174987795 9.0000000000000018 11.000000000000002 983.25000000000011 20.930971145629886 180.51363372802737 -5.6127154827117911 171.50000000000003 68.30625152587892 76.320579528808608 -204.20253753662107 -0.4906590580940246 0.25124487280845648 -39.278877258300774 0.92843842506408703 0.84658399224281322 14.805710315704347 169.50000000000003 33.95000076293946
decision_type=2 2 10 8 10 2 10 2 2 2 2 2 8 10 10 10 2 10 2 10 2 2 8 10 10 8 10 10 10 8 2 10 10 2 2 10 10 10
left_child=13 5 -3 11 8 18 7 12 9 10 -5 -4 -7 28 30 16 -16 -18 19 -2 23 22 -9 -21 25 -10 -22 32 29 -1 -15 -32 33 -6 -34 -20 -37 -33
right_child=1 2 3 4 27 6 -8 21 24 -11 -12 -13 -14 14 15 -17 17 -19 35 20 26 -23 -24 -25 -26 -27 -28 -29 -30 -31 31 37 34 -35 -36 36 -38 -39
leaf_value=-0.08345368313163215 -0.020981705665858018 -0.02101837346633038 -0.016047620840040192 0.090358805591304575 0.046773094326636212 0.212173732506443 -0.033342019486696302 0.36169192663149763 -0.031740114339131355 0.020249425639064393 0.28189184054944733 0.20058421872791968 0.072614271575304715 -0.029812720472863735 -0.062516413878427754 -0.035553312797986493 0.86665741519568174 0.18858172363627007 -0.020846323399642906 0.1565578673500034 0.059368481521356382 -0.038362656993551895 0.025831317032412145 -0.013094393068602059 0.052017431031935374 0.055820679870344704 -0.035792239963824989 -0.067231584223050575 -0.09192725831887244 -0.030586123561229309 0.17905296934839715 0.087238409577883522 -0.0091108793816904333 -0.0048709548179141646 -0.15212271007523381 -0.030710673422853475 -0.12046664286927636 -0.094585948378035578
leaf_weight=5621 17828 16518 466 9417 8609 1401 3614 199 5876 4256 570 1455 1841 820 869 18990 163 246 35737 2290 2980 1656 335 618 14238 3933 2905 2517 4382 46514 1179 1514 2715 12056 813 5212 2640 367
leaf_count=5621 17828 16518 466 9417 8609 1401 3614 199 5876 4256 570 1455 1841 820 869 18990 163 246 35737 2290 2980 1656 335 618 14238 3933 2905 2517 4382 46514 1179 1514 2715 12056 813 5212 2640 367
internal_value=-0.00642542 0.00607706 0.0219914 0.0326074 0.0291961 -0.0106772 0.0362091 0.0824827 0.0488753 0.0770745 0.101291 0.148033 0.132924 -0.031642 -0.0106756 -0.0267327 0.104333 0.458832 -0.0167181 0.00185213 0.0481482 0.00781042 0.150998 0.120504 0.0321729 0.00336809 0.0123944 0.000984962 -0.0406002 -0.0362861 0.0732019 0.100807 0.00808214 0.0166439 -0.0420673 -0.0280594 -0.0608886 0.0517623
internal_weight=243360 162695 83439 66921 65000 79256 9046 5432 38290 14243 9987 1921 3242 80665 24148 20268 1278 409 70210 26621 8793 2190 534 2908 24047 9809 5885 26710 56517 52135 3880 3060 24193 20665 3528 43589 7852 1881
internal_count=243360 162695 83439 66921 65000 79256 9046 5432 38290 14243 9987 1921 3242 80665 24148 20268 1278 409 70210 26621 8793 2190 534 2908 24047 9809 5885 26710 56517 52135 3880 3060 24193 20665 3528 43589 7852 1881
is_linear=0
shrinkage=0.03


Tree=57
num_leaves=39
num_cat=0
split_feature=194 36 75 193 197 132 208 36 77 185 208 208 208 132 194 123 207 197 205 207 208 208 208 207 189 114 114 196 205 75 123 94 208 189 75 197 194 193
split_gain=75632.2 51982.4 43124.6 49066.1 37590 48427.8 27667.7 26936.1 32706.8 99781.2 35886.2 25873.5 28366.4 25858.3 23768.3 25691 25764.7 23307.1 20806.6 18434.6 19050.5 21742.7 17170.7 16775.2 16352.6 16330.8 16029.7 15846.1 15321.8 14879.9 17059.2 14315.8 13319.6 12124.7 18224.5 11663.3 10868.8 11091.2
threshold=37.500000000000007 172.91180419921878 47.183784484863288 19.650000572204593 985.75000000000011 -69.952606201171861 0.9889926314353944 255.03739929199222 78.661983489990249 114.31497192382814 0.31595529615879064 0.99530133605003368 0.84658399224281322 -37.433429718017571 80.500000000000014 24.419426918029789 0.3903625756502152 987.54998779296886 0.68301269412040722 0.9646572768688203 -0.38243420422077173 0.94066718220710765 0.32410992681980139 0.999393790960312 103.95588302612306 209.00709533691409 83.465812683105483 23.500000000000004 0.68301269412040722 45.245393753051765 34.594184875488288 14.805710315704347 0.31595529615879064 38.03650093078614 18.207633018493656 992.75000000000011 20.500000000000004 33.350000381469734
decision_type=8 10 10 10 8 8 2 8 10 8 2 2 2 10 10 8 2 10 2 2 2 2 2 2 10 10 10 10 2 10 10 10 2 10 8 10 10 10
left_child=1 18 19 -4 29 6 -6 8 14 -10 -11 12 33 25 15 32 -17 -12 31 20 27 36 -5 24 -20 -14 -24 28 -3 30 -2 -1 -7 -9 -35 -15 -22 -38
right_child=4 2 3 22 5 7 -8 11 9 10 17 -13 13 35 -16 16 -18 -19 23 -21 21 -23 26 -25 -26 -27 -28 -29 -30 -31 -32 -33 -34 34 -36 -37 37 -39
leaf_value=0.0034888299839166436 -0.032239166192596889 0.20485159108040354 0.54540989492654457 -0.012708287577174711 0.0042949131480642831 0.011156686772257859 0.1749418208929891 -0.022819090717014434 0.70604520954680849 -0.10504649563057991 0.0066108532495811785 0.02507796243309288 -0.063919975670624671 -0.24072506255473822 -0.056907290801406427 -0.019871748705435704 0.01483568848237715 0.28170985783056118 0.036591522021277995 0.37477613986373015 0.00024765887913094571 0.31688034573634377 0.16101906684831546 0.39720579074651591 0.34776061595147961 0.025538946319673187 0.010374378938482575 0.10813186319607113 0.483515156911418 -0.063934332755557446 0.026122446468597085 -0.057680780337829342 0.090778406211212595 0.32346252857465191 0.020781346586993123 -0.010403014616017361 0.077476912820711757 0.2474782527527859
leaf_weight=11982 42889 857 158 6781 1455 3404 2074 18227 231 815 508 7517 15412 995 6416 37868 39152 610 1801 232 1605 333 1159 145 166 2085 1408 1337 224 11629 5037 4832 4254 188 3749 247 5004 371
leaf_count=11982 42889 857 158 6781 1455 3404 2074 18227 231 815 508 7517 15412 995 6416 37868 39152 610 1801 232 1605 333 1159 145 166 2085 1408 1337 224 11629 5037 4832 4254 188 3749 247 5004 371
internal_value=-0.00617604 0.0324623 0.066879 0.0211692 -0.0134211 -0.00518927 0.104585 -0.00792359 0.00150196 0.116771 0.0463475 -0.0260774 -0.0354786 -0.062649 -0.00123635 0.00298181 -0.00222872 0.156711 -0.00294185 0.110492 0.104191 0.0800539 0.0123079 0.0858105 0.0628536 -0.0532597 0.0783909 0.177189 0.262599 -0.0334921 -0.0261054 -0.0140901 0.0553865 -0.0125067 0.0352358 -0.194921 0.068755 0.0892114
internal_weight=243157 38395 19469 9506 204762 145207 3529 141678 93258 2164 1933 48420 40903 18739 91094 84678 77020 1118 18926 9963 9731 7313 9348 2112 1967 17497 2567 2418 1081 59555 47926 16814 7658 22164 3937 1242 6980 5375
internal_count=243157 38395 19469 9506 204762 145207 3529 141678 93258 2164 1933 48420 40903 18739 91094 84678 77020 1118 18926 9963 9731 7313 9348 2112 1967 17497 2567 2418 1081 59555 47926 16814 7658 22164 3937 1242 6980 5375
is_linear=0
shrinkage=0.03


Tree=58
num_leaves=39
num_cat=0
split_feature=204 208 95 193 208 94 165 204 199 205 197 207 199 207 208 207 105 114 202 208 94 207 208 193 77 208 209 202 207 204 179 197 207 208 198 207 204 199
split_gain=77511.6 44209.3 39488.7 24638.8 23676.3 31247.1 23085.6 41339.5 36086.3 21124.5 25582.7 25203.8 31308.8 23334.2 20209.6 18295.9 16219 46009.6 62252.5 18065.9 18623.3 15629.4 15334.3 15076.2 15050.5 29860.9 14900.4 14927 36192.6 66021.9 29990.2 121140 15699.5 32481.5 17566.3 14374.3 14207.9 12328.7
threshold=7.0000000000000009 0.16587474942207339 6.8244807720184335 20.750000000000004 0.99138912558555614 15.629690647125246 2.8617925643920903 9.0000000000000018 265.50000000000006 -0.68301269412040699 990.64999389648449 0.97696486115455639 279.50000000000006 -0.65234524011611927 0.029024410061538223 -0.74441730976104725 22.819806098937992 90.73740386962892 0.70088258385658275 0.9889926314353944 18.492363929748539 -0.59869033098220814 0.83258596062660228 13.949999809265138 36.532506942749031 -0.36648371815681452 10.500000000000002 -0.62249094247817982 0.99983760714530956 5.0000000000000009 1.0000000180025095e-35 987.25000000000011 0.86548283696174633 -0.31800055503845209 7.7500000000000009 0.96234640479087841 19.000000000000004 291.50000000000006
decision_type=2 2 8 8 2 10 2 2 10 2 10 2 10 2 2 2 10 10 10 2 10 2 2 10 10 2 2 10 2 2 2 10 2 2 8 2 2 10
left_child=16 6 -3 4 15 -6 -2 8 -8 36 11 22 -13 -12 37 -4 26 18 -18 23 -21 -15 -11 -19 25 -9 27 28 32 -30 35 -32 -1 34 -34 -29 -5 -10
right_child=1 2 3 9 5 -7 7 24 14 10 13 12 -14 21 -16 -17 17 19 -20 20 -22 -23 -24 -25 -26 -27 -28 30 29 -31 31 -33 33 -35 -36 -37 -38 -39
leaf_value=-0.034886139122280301 -0.019022646541128622 -0.022944149642172687 0.16266684393949904 0.00082314575575849556 0.22668587727625886 0.019096667016747504 0.0523057111624909 0.11462222464013753 0.4865780774806851 0.054799286526302463 0.24272289394956459 0.33390952174670918 0.012012962481134102 -0.090936659500888056 0.011976641328776029 -0.03069091860788321 0.092348454233628599 -0.090907441359683275 0.71427139892422675 0.1881243104057399 0.00074576499722666257 0.10720921973071085 0.0054850885054227019 0.00013165630297241833 -0.024480906066022573 -0.013429309647735541 -0.069893175309457961 -0.043112784641399837 -0.06230610226953881 0.76745548415935039 -0.015795238118961767 0.90512431255471892 0.19709491811781438 -0.016353093838953312 0.029774605235681425 -0.10037655655918241 0.055372717291466207 0.20960442572021579
leaf_weight=23983 61450 15100 458 14518 814 3291 1483 2635 387 17869 1095 592 503 407 168 11472 1051 3190 168 657 1746 2992 8316 3363 8510 4336 9701 17734 207 148 1024 147 1078 10036 1186 5074 6104 231
leaf_count=23983 61450 15100 458 14518 814 3291 1483 2635 387 17869 1095 592 503 407 168 11472 1051 3190 168 657 1746 2992 8316 3363 8510 4336 9701 17734 207 148 1024 147 1078 10036 1186 5074 6104 231
internal_value=-0.00617012 0.0057408 0.0209667 0.030656 -0.00188404 0.060261 -0.0103177 0.0198187 0.139406 0.0406144 0.0559604 0.0450346 0.186045 0.122283 0.303742 -0.0232676 -0.0302502 0.00515118 0.178066 -0.0183843 0.0519773 0.0834827 0.0391378 -0.0441862 0.00229103 0.0349735 -0.0353727 -0.0298482 -0.0178044 0.283633 -0.04825 0.0998172 -0.0207538 0.00680189 0.109445 -0.0558521 0.0169696 0.383054
internal_weight=243224 162731 83531 68431 16035 4105 79200 17750 2269 52396 31774 27280 1095 4494 786 11930 80493 10175 1219 8956 2403 3399 26185 6553 15481 6971 70318 60617 36638 355 23979 1171 36283 12300 2264 22808 20622 618
internal_count=243224 162731 83531 68431 16035 4105 79200 17750 2269 52396 31774 27280 1095 4494 786 11930 80493 10175 1219 8956 2403 3399 26185 6553 15481 6971 70318 60617 36638 355 23979 1171 36283 12300 2264 22808 20622 618
is_linear=0
shrinkage=0.03


Tree=59
num_leaves=39
num_cat=0
split_feature=56 132 207 114 202 190 207 76 193 207 202 207 207 207 95 208 207 96 202 56 132 205 123 193 208 207 207 207 15 171 208 192 132 207 207 183 207 208
split_gain=36617.2 87195.1 37752.6 57401.9 70573.1 77443 40659.8 27942.3 36747.2 34681.6 111857 24258.4 23454.5 26813.5 28339.8 21381.1 21244.9 29810.2 23406.9 20169 20650.7 18176.8 26222.3 22174.4 18479.8 16267.7 14710.2 18876.5 13720.9 13367.3 61037.4 55508.5 13216.5 15395.7 13087.6 12886.1 12774.8 12612.2
threshold=57.137151718139656 -70.182922363281236 -0.72101011872291554 83.465812683105483 0.8140845298767091 0.51036664843559276 -0.9413962960243224 43.758829116821296 22.349999427795414 0.99983760714530956 -0.9366365075111388 -0.81923159956932057 0.92922380566596996 -0.14250824600458142 21.023514747619632 0.84658399224281322 0.34235194325447088 22.264948844909672 -0.88697704672813404 64.146907806396499 -58.75512504577636 0.25000000000000011 27.023824691772464 25.150000572204593 0.12332734838128091 -0.47558552026748652 0.98667103052139293 0.76140651106834423 47.391418457031257 0.83938869833946239 0.31595529615879064 0.33075261116027838 -54.029726028442376 0.71503382921218883 0.98667103052139293 101.27500152587892 -0.14250824600458142 -0.4906590580940246
decision_type=10 8 2 8 10 10 2 10 10 2 10 2 2 2 10 2 2 8 10 10 8 2 10 10 2 2 2 2 10 2 2 10 10 2 2 10 2 2
left_child=16 12 3 4 6 -6 -3 8 19 15 -11 -5 13 -2 -15 37 29 18 21 32 36 24 -23 -24 -18 -17 27 -19 -25 -1 -31 -32 33 -4 35 -10 -21 -9
right_child=1 2 7 11 5 -7 -8 9 34 10 -12 -13 -14 14 -16 25 17 26 -20 20 -22 22 23 28 -26 -27 -28 -29 -30 30 31 -33 -34 -35 -36 -37 -38 -39
leaf_value=-0.026631849157298104 -0.052011900796137933 -0.14950952922580152 0.022369853011770989 -0.019719410098969627 1.0287487927363899 0.11078768729935896 0.16976102910883656 -0.13127404244032917 0.080085587058520813 0.74541472724221436 0.0038852872257462354 0.084177050534842021 -0.0016018186732841525 0.18759315587423386 0.052825150293180231 -0.1945144812576291 -0.031093601328328075 -0.13253069970347203 -0.019587208241385906 -0.099808857324547834 -0.012266163094006105 0.036361019068143166 0.039001644110302297 0.45914834306093483 0.036181688139132973 0.013188283341754072 -0.12376193016179185 0.045547022176270519 0.19457366687989541 -0.0035703371225720877 0.85435341826816391 0.07584066949240939 -0.014708103255316003 0.11584224292595401 -0.20793559420707219 -0.0043190255016564245 0.17673861411875599 -0.029976697370006508
leaf_weight=90065 709 437 6595 6405 169 162 2011 1170 7413 210 1428 2956 1689 4203 2109 1362 7053 830 16245 3536 26149 10168 681 242 7672 452 2357 1511 651 6062 145 191 5464 2088 165 2086 157 20288
leaf_count=90065 709 437 6595 6405 169 162 2011 1170 7413 210 1428 2956 1689 4203 2109 1362 7053 830 16245 3536 26149 10168 681 242 7672 452 2357 1511 651 6062 145 191 5464 2088 165 2086 157 20288
internal_value=-0.00589874 0.00810273 -0.000603783 0.0486323 0.168359 0.579492 0.112767 -0.00821203 0.00397879 -0.0344695 0.0989571 0.0130888 0.0987693 0.122915 0.142564 -0.0438608 -0.0155734 0.000870453 0.00875998 -0.00765826 -0.0216448 0.026159 0.054 0.167946 0.00395806 -0.142761 -0.0708572 -0.0175904 0.266277 -0.0236553 0.0182451 0.411822 0.0218452 0.0448473 0.0569488 0.0615501 -0.0880515 -0.0355
internal_weight=243286 99413 90703 12140 2779 331 2448 78563 53653 24910 1638 9361 8710 7021 6312 23272 143873 47410 42712 43989 29842 26467 11742 1574 14725 1814 4698 2341 893 96463 6398 336 14147 8683 9664 9499 3693 21458
internal_count=243286 99413 90703 12140 2779 331 2448 78563 53653 24910 1638 9361 8710 7021 6312 23272 143873 47410 42712 43989 29842 26467 11742 1574 14725 1814 4698 2341 893 96463 6398 336 14147 8683 9664 9499 3693 21458
is_linear=0
shrinkage=0.03


Tree=60
num_leaves=39
num_cat=0
split_feature=194 198 193 206 205 197 132 193 194 202 76 203 208 208 206 205 208 96 205 202 205 76 194 208 193 36 208 105 198 141 208 194 205 203 198 194 96 208
split_gain=64783.1 45093.8 105893 39139.9 48688.5 33263.6 38901.1 32523.3 70155.6 134838 27325.2 24093.2 24050.5 23627.1 20578 30667.3 21317.9 39637.8 46230.8 19864.6 23764.9 18747.2 17857.9 16703 16642.7 15662.9 15483.5 20193.3 15337.5 14280 14242.8 12848 12846.8 12458 11909.5 11718.3 11141.1 19998.6
threshold=37.500000000000007 8.6500000953674334 20.750000000000004 -0.25000000000000006 0.68301269412040722 987.45001220703136 -69.952606201171861 22.849999427795414 68.500000000000014 0.71322327852249157 32.060899734497077 -0.38266885280609125 0.34033495187759405 0.9889926314353944 1.0000000180025095e-35 0.25000000000000011 0.83258596062660228 11.292959690093996 0.25000000000000011 -0.96359375119209278 0.25000000000000011 55.526706695556648 28.500000000000004 0.94066718220710765 26.44999980926514 182.35218048095706 0.68901559710502636 23.700903892517093 4.4500000476837167 -16.555949211120602 0.99803557991981517 8.5000000000000018 0.93301269412040722 -0.8703225553035735 5.8500001430511483 12.500000000000002 13.050599575042726 0.31595529615879064
decision_type=8 10 10 2 2 8 8 10 10 8 10 10 2 2 2 2 2 10 2 10 2 8 10 2 10 10 2 10 10 10 2 10 2 10 8 10 8 2
left_child=1 2 -1 4 23 21 13 14 36 -10 32 -6 35 -7 16 30 17 34 -19 28 -21 25 24 31 -13 29 27 -17 -12 -2 -16 -4 -5 -33 -8 -3 37 -9
right_child=5 12 3 10 11 6 7 8 9 -11 19 22 -14 -15 15 26 -18 18 -20 20 -22 -23 -24 -25 -26 -27 -28 -29 -30 -31 -32 33 -34 -35 -36 -37 -38 -39
leaf_value=0.76324166391024428 -0.015704027615671766 -0.092062141158869376 -0.15035008836739297 0.093953775521798288 0.018282485857698632 -0.016123612311377652 0.10247893429888588 -0.0064995697990713058 0.05609335184011096 0.86614451785738555 -0.091445886361371465 0.48672372312054019 0.051732940245589519 0.16129347877569866 -0.0042298477511657512 -0.031501974672692917 -0.022485946272283466 0.0089084486570375748 0.10842171080886219 -0.0017347548430898642 -0.13043401330280283 -0.075777714370665994 0.48817543661976287 0.30740235534614957 0.12713934838488006 0.011945102583664588 -0.063443306081259032 0.090118942764992924 0.14896957933161964 -0.046520632492861876 0.1042490243775952 -0.025400625115052269 0.36043737556172245 0.079567716956262399 -0.015067983236462364 -0.015514669676934899 -0.023858182926244163 0.14254554274386066
leaf_weight=190 28801 2199 250 1306 276 1012 805 1866 587 270 310 161 4512 2032 30973 16273 19541 10236 7127 5570 1681 6992 405 256 413 9302 15492 1329 1040 25529 1129 1151 186 8779 21331 9917 2713 1432
leaf_count=190 28801 2199 250 1306 276 1012 805 1866 587 270 310 161 4512 2032 30973 16273 19541 10236 7127 5570 1681 6992 405 256 413 9302 15492 1329 1040 25529 1129 1151 186 8779 21331 9917 2713 1432
internal_value=-0.00576483 0.029884 0.0580899 0.0519392 0.0893026 -0.0124851 -0.00371194 -0.00617358 0.0573769 0.311309 0.00866007 0.265846 -0.00739025 0.10231 -0.00968678 -0.0213056 0.00314351 0.015823 0.0497558 -0.011899 -0.0315713 -0.0291493 0.335638 0.0680718 0.228005 -0.0240257 -0.0415703 -0.0223192 0.0937625 -0.0301844 -0.000414697 0.062053 0.127177 0.0674006 -0.0107932 -0.0294078 0.0211728 0.0582163
internal_weight=243374 38602 21974 21784 11691 204772 134148 131104 6868 857 10093 1255 16628 3044 124236 65196 59040 39499 17363 8601 7251 70624 979 10436 574 63632 33094 17602 1350 54330 32102 10180 1492 9930 22136 12116 6011 3298
internal_count=243374 38602 21974 21784 11691 204772 134148 131104 6868 857 10093 1255 16628 3044 124236 65196 59040 39499 17363 8601 7251 70624 979 10436 574 63632 33094 17602 1350 54330 32102 10180 1492 9930 22136 12116 6011 3298
is_linear=0
shrinkage=0.03


Tree=61
num_leaves=39
num_cat=0
split_feature=206 205 207 205 198 207 200 197 201 197 36 198 203 132 96 207 203 201 209 207 197 207 207 203 200 197 207 105 197 203 198 132 207 197 207 55 105 114
split_gain=48071.2 37111.1 35601.5 60665.4 34214.8 33938 33395.6 24766.8 38643 23044.4 22538.1 22132.9 22944 20970.4 17937.9 17824.9 16616.7 16433.7 14372.7 12771.1 43704.1 23915 12441.8 76893.1 12321.5 12288.3 23779 12150.7 13090.5 15656 12049.6 11673.6 11447.6 16877.5 11490.7 11119.9 20107.7 22406.3
threshold=-0.25000000000000006 0.25000000000000011 0.70290291309356701 0.25000000000000011 6.3500001430511483 0.93544191122055065 10.550000190734865 988.35000610351574 122.50000000000001 985.25000000000011 178.59983062744143 5.5499999523162851 0.88697704672813427 -70.564933776855455 13.315371513366701 0.76140651106834423 0.13052122294902804 102.50000000000001 3.5000000000000004 -0.92274349927902211 987.54998779296886 -0.93545487523078907 0.99983760714530956 0.6755644977092744 13.650000095367433 986.54998779296886 0.039769539609551437 17.102399826049808 986.75000000000011 0.68832838535308849 1.4499999880790713 -70.564933776855455 -0.30163703858852381 990.45001220703136 -0.15951316058635709 80.347805023193374 22.819806098937992 83.465812683105483
decision_type=2 2 2 2 10 2 10 10 10 10 10 10 8 8 10 2 10 10 2 2 10 2 2 8 10 10 2 8 10 10 10 10 2 10 2 8 10 10
left_child=2 10 9 5 6 27 11 8 -8 -1 -2 12 14 16 -5 -14 -12 -11 25 20 -20 -22 35 -24 -7 26 -15 28 -4 -30 -19 -32 33 -33 -34 36 -3 -38
right_child=1 22 3 4 -6 24 7 -9 -10 17 13 -13 15 18 -16 -17 -18 30 19 -21 21 -23 23 -25 -26 -27 -28 -29 29 -31 31 32 34 -35 -36 -37 37 -39
leaf_value=-0.012502406920931318 -0.018680948077565099 -0.036797632888557134 0.045993688767159126 0.11138438288513003 0.019111200134725025 -0.0069183258537126157 0.7237750892510606 0.098923708055706425 0.24252643720692391 -0.060798703920014428 0.0020995567101057184 0.3145019314808099 0.34704242410951813 0.36097764977397134 -0.028487894756584021 0.11555624068714275 0.14955482098643877 -0.099336787141173402 -0.054387109441732591 -0.012187546114228925 0.61483587608572032 0.13868311005470205 0.66672389673133192 -0.092270001157751483 -0.071358320232080816 -0.0059595325208222508 0.046144092158500016 -0.0069864922073050832 0.097427830432725848 0.33360773121297999 0.12620490865791448 0.016617050390081198 -0.096292331969661346 0.096417559824028762 0.018260298830097697 -0.071019041359457566 0.19424673975147191 0.0023174335053779268
leaf_weight=50435 41738 48275 4461 1388 4555 7132 203 510 577 1756 1140 395 330 222 2035 3226 1734 575 650 21988 170 215 160 482 4269 4762 7861 2517 1159 323 1312 5320 961 4324 4380 7139 637 3893
leaf_count=50435 41738 48275 4461 1388 4555 7132 203 510 577 1756 1140 395 330 222 2035 3226 1734 575 650 21988 170 215 160 482 4269 4762 7861 2517 1159 323 1312 5320 961 4324 4380 7139 637 3893
internal_value=-0.00538699 -0.0167362 0.010287 0.0358783 0.0856761 0.00273401 0.120672 0.261491 0.367782 -0.00197072 -0.00338553 0.0960365 0.0836713 0.0130927 0.0282293 0.137039 0.0910656 0.0265436 0.00684494 -0.00733986 0.0956454 0.348943 -0.0344708 0.0968937 -0.0310474 0.0322694 0.0547915 0.048259 0.0716568 0.148905 0.0356341 0.0403963 0.0328833 0.0523966 -0.00235108 -0.0358777 -0.0311267 0.0293066
internal_weight=243209 141066 102143 33080 13219 19861 8664 1290 780 69063 80480 7374 6979 38742 3423 3556 2874 18628 35868 23023 1035 385 60586 642 11401 12845 8083 8460 5943 1482 16872 16297 14985 9644 5341 59944 52805 4530
internal_count=243209 141066 102143 33080 13219 19861 8664 1290 780 69063 80480 7374 6979 38742 3423 3556 2874 18628 35868 23023 1035 385 60586 642 11401 12845 8083 8460 5943 1482 16872 16297 14985 9644 5341 59944 52805 4530
is_linear=0
shrinkage=0.03


Tree=62
num_leaves=39
num_cat=0
split_feature=204 208 95 194 204 208 193 194 204 200 194 76 193 194 132 194 193 207 207 194 161 200 208 55 197 193 207 207 208 96 200 96 200 200 132 197 76 207
split_gain=66286.9 37665.5 29901.9 30643.8 33371.7 38654.5 21134.2 19430.1 62110.1 38645 19827.7 18922.3 18345.9 17587.3 16947.3 16339.4 41268.4 22780.8 21032.1 16140 15086.3 15028.2 14926.4 14043.7 13866.8 139343 205670 30028.7 23941.9 16264 15403.5 13202.4 13152.3 13081.5 12590.5 12567.9 12475.2 16934.7
threshold=7.0000000000000009 0.11478523537516595 6.0284044742584237 59.500000000000007 13.000000000000002 0.92191100120544445 17.250000000000004 36.500000000000007 9.0000000000000018 13.550000190734865 12.500000000000002 32.060899734497077 26.250000000000004 28.500000000000004 -46.273759841918938 35.500000000000007 19.650000572204593 0.9470459818840028 0.92922380566596996 37.500000000000007 52.38499832153321 3.1499999761581425 -0.36648371815681452 81.034709930419936 987.54998779296886 22.849999427795414 -0.9413962960243224 -0.75579217076301564 0.9889926314353944 14.628294467926027 19.550000190734867 10.166289806365969 15.550000190734865 15.949999809265138 -67.953186035156236 980.25000000000011 40.836709976196296 0.72695311903953563
decision_type=2 2 8 10 2 2 8 8 2 10 10 10 10 10 10 8 10 2 2 8 2 8 2 10 10 10 2 2 2 10 10 8 10 10 10 10 8 2
left_child=15 7 -3 4 5 6 -4 8 9 12 -10 22 -2 -14 23 16 -1 18 -18 -7 -15 -8 -12 -6 36 27 -27 30 -29 -30 -26 -21 -19 -34 -5 -20 37 -17
right_child=1 2 3 34 14 19 21 -9 10 -11 11 -13 13 20 -16 24 17 32 35 31 -22 -23 -24 -25 25 26 -28 28 29 -31 -32 -33 33 -35 -36 -37 -38 -39
leaf_value=0.37881445758398652 0.6267962315511536 -0.019655622963779817 0.35200159565557432 0.074870506726983588 0.047106916038313698 0.26947742517340217 -0.045256808675763788 -0.018531627108579942 -0.066504472259477768 0.013533798899718424 0.14307551093732326 -0.0012848500685364074 0.12125655785280813 0.17668805665309736 -0.0089447728849183401 -0.039628042568931675 0.012961536157982604 -0.15922959278454615 0.39898725603364621 0.090015268162036158 0.5597073886802143 0.092435593064127602 -0.0030372105010057523 -0.0046051231862962068 0.053099745198563704 1.415647253806795 0.120225937390796 -0.059107728550929883 0.14236001610448965 -0.017111164085166383 0.2907999362252594 -0.04844109977869563 0.2208243894986385 -0.049375130727432374 -0.019444629533159112 0.11944472335392287 -0.063574928913119888 0.0042632277836987852
leaf_weight=280 149 14867 273 1403 19070 177 750 56790 3229 605 1661 10961 390 154 12032 37431 1978 872 211 759 232 14613 1013 6284 1434 148 433 10409 951 1458 296 3380 192 1007 13839 461 12946 10032
leaf_count=280 149 14867 273 1403 19070 177 750 56790 3229 605 1661 10961 390 154 12032 37431 1978 872 211 759 232 14613 1013 6284 1434 148 433 10409 951 1458 296 3380 192 1007 13839 461 12946 10032
internal_value=-0.00530414 0.0057184 0.0191054 0.027045 0.0370954 0.0684247 0.0903631 -0.00985206 0.0169454 0.199965 0.00034067 0.0161708 0.321899 0.263349 0.0203757 -0.0275618 0.024954 0.0039659 0.0622239 -0.0110538 0.406906 0.0857136 0.0877232 0.0342901 -0.0310386 -0.00535401 0.450231 -0.0235489 -0.0393833 0.0458434 0.0937714 -0.0230511 -0.0705794 -0.00610544 -0.010763 0.207223 -0.0374711 -0.030351
internal_weight=243170 162631 87447 72580 57338 19952 15636 75184 18394 1530 16864 13635 925 776 37386 80539 5001 4721 2650 4316 386 15363 2674 25354 75538 15129 581 14548 12818 2409 1730 4139 2071 1199 15242 672 60409 47463
internal_count=243170 162631 87447 72580 57338 19952 15636 75184 18394 1530 16864 13635 925 776 37386 80539 5001 4721 2650 4316 386 15363 2674 25354 75538 15129 581 14548 12818 2409 1730 4139 2071 1199 15242 672 60409 47463
is_linear=0
shrinkage=0.03


Tree=63
num_leaves=39
num_cat=0
split_feature=194 198 202 207 76 197 207 112 202 200 141 203 207 194 207 105 202 198 9 123 76 197 200 207 207 200 96 209 179 157 141 207 200 203 183 197 207 16
split_gain=56203.2 40024.3 35478.7 73851 29024.2 28961 28167.7 60826.1 53601.6 91133.9 52775.9 23609.1 21832.3 20463.3 20424.9 34680.8 29494.8 33106 17411.1 17217 17193.1 16659.7 15285.1 14152.5 13960 13664.5 13537.2 13791.5 13531.6 13380.5 16098 17757.6 12254.7 11544.7 10544.7 10505.7 9484.53 21051.3
threshold=37.500000000000007 8.6500000953674334 -0.88697704672813404 0.99983760714530956 32.060899734497077 987.45001220703136 -0.14250824600458142 80.649997711181655 0.8140845298767091 9.6500000953674334 -40.806196212768548 0.43049471080303198 0.92922380566596996 62.500000000000007 -0.5276680290699004 52.250059127807624 0.8140845298767091 2.5499999523162846 162.25000000000003 40.298168182373054 55.526706695556648 982.54998779296886 11.150000095367433 0.97112539410591137 0.92922380566596996 9.2500000000000018 20.67254734039307 6.5000000000000009 1.0000000180025095e-35 23.465000152587894 -3.4848531484603877 0.98667103052139293 6.6499998569488534 -0.50751903653144825 324.47850036621099 978.85000610351574 -0.9413962960243224 159.90000915527347
decision_type=8 10 10 2 8 8 2 8 10 10 8 10 2 10 2 8 10 8 8 10 8 10 10 2 2 10 8 2 2 10 8 2 10 10 10 10 2 10
left_child=1 2 3 11 24 20 7 8 36 -10 -8 25 19 26 16 -16 -9 -18 -19 -3 29 -6 -13 32 -4 -1 27 28 -12 30 -2 35 33 -23 -17 -32 -7 -38
right_child=5 12 4 -5 21 6 10 14 9 -11 13 22 -14 -15 15 34 17 18 -20 -21 -22 23 -24 -25 -26 -27 -28 -29 -30 -31 31 -33 -34 -35 -36 -37 37 -39
leaf_value=-0.027850808638415579 -0.024452730335980513 -0.0072007457783625035 0.17720887914644265 0.60325267323700915 -0.028857285916895705 0.0052190521747152501 0.13349328141979569 -0.014438463789649124 -0.064569759439796148 0.81284794541706729 0.022144409828480496 0.57252775322233962 -0.044336417716193219 -0.030330315856721766 -0.13765176902842205 -0.036266220942959004 -0.00061630029999847134 0.65755771610446279 0.19802064388006921 0.079094569573116974 -0.071975811429387457 -0.0059257726229551494 0.15228281217234996 -0.0019379576592085035 -0.060112588882142437 0.10336857587186229 -0.032635339930856981 -0.02893358022726893 0.12028517562020941 0.0096519072373735647 -0.19317951680209183 -0.18698484941133847 0.043272364476634385 0.18296855562842509 0.066618386364933307 0.014133544494661443 0.16457706742591446 -0.027292660083122821
leaf_weight=874 51229 5629 1608 272 4567 1771 3035 44154 197 232 36337 146 7659 11689 3214 18579 379 145 152 3301 6916 378 167 4205 259 3907 5011 4702 1310 10020 276 1180 4281 1268 942 1084 1480 789
leaf_count=874 51229 5629 1608 272 4567 1771 3035 44154 197 232 36337 146 7659 11689 3214 18579 379 145 152 3301 6916 378 167 4205 259 3907 5011 4702 1310 10020 276 1180 4281 1268 942 1084 1480 789
internal_value=-0.00525857 0.0279869 0.0545822 0.121625 0.032866 -0.011511 -0.00332034 -0.016084 0.0911056 0.409938 0.0114889 0.0959063 -0.00717428 0.00521808 -0.0231739 -0.046336 -0.0114275 0.185233 0.422389 0.0246986 -0.0270477 0.0187138 0.34832 0.0401565 0.144286 0.0793807 0.0139918 0.0195091 0.0255594 -0.0221765 -0.0281079 -0.101827 0.070021 0.139589 -0.0313014 -0.0279396 0.0572485 0.0978581
internal_weight=243344 38521 21932 5366 16566 204823 134118 72034 4469 429 62084 5094 16589 59049 67565 22735 44830 676 297 8930 70705 14699 313 10132 1867 4781 47360 42349 37647 63789 53769 2540 5927 1646 19521 1360 4040 2269
internal_count=243344 38521 21932 5366 16566 204823 134118 72034 4469 429 62084 5094 16589 59049 67565 22735 44830 676 297 8930 70705 14699 313 10132 1867 4781 47360 42349 37647 63789 53769 2540 5927 1646 19521 1360 4040 2269
is_linear=0
shrinkage=0.03


Tree=64
num_leaves=39
num_cat=0
split_feature=204 194 204 201 207 202 96 209 194 202 194 105 207 194 105 90 123 36 202 202 199 207 194 132 56 207 132 209 198 198 199 76 207 198 198 129 209 56
split_gain=60647 30867.1 46269.8 60694.6 31427.9 30158.6 27744.3 17378.8 14676.4 35815.9 42602.4 15205.5 34364.8 16332.4 13956.3 13933.1 13701.9 13554.8 13218.8 12798.5 12953.2 12732.3 12268.3 15021.9 27809 12412.2 11835.1 12029.7 11800 15958.4 11789.4 11137.7 10820.7 11531.2 10569 10465 9658.22 16154.9
threshold=7.0000000000000009 59.500000000000007 13.000000000000002 437.50000000000006 0.90162119269371044 -0.98897820711135853 16.830124855041507 2.5000000000000004 35.500000000000007 -0.94260558485984791 32.500000000000007 22.819806098937992 -0.9413962960243224 65.500000000000014 31.688055992126468 10.612500190734865 30.948529243469242 259.34709167480474 -0.99809679388999928 -0.88697704672813404 296.50000000000006 0.039769539609551437 11.500000000000002 -67.953186035156236 59.597211837768562 0.92922380566596996 -43.880474090576165 10.500000000000002 6.9500000476837167 4.4500000476837167 292.50000000000006 56.611139297485359 0.91939014196395885 6.7500000000000009 5.3500001430511483 114.60416793823244 11.500000000000002 90.468330383300795
decision_type=2 10 2 8 2 10 10 2 8 10 10 10 2 10 10 8 8 10 10 8 10 2 8 8 10 2 10 2 10 10 10 10 2 10 10 10 2 10
left_child=8 2 3 4 14 18 19 21 9 10 28 26 -13 17 -2 -15 -8 -14 -6 20 -5 -4 -9 24 -24 -26 27 35 29 -1 -11 -3 -7 -34 -16 -10 37 -21
right_child=1 31 7 6 5 32 16 22 11 30 -12 12 13 15 34 -17 -18 -19 -20 36 -22 -23 23 -25 25 -27 -28 -29 -30 -31 -32 -33 33 -35 -36 -37 -38 -39
leaf_value=-0.11413062456593932 -0.0076794511293747031 -0.014529364651186226 0.2039403750285442 0.058442703267162131 0.27945772135073355 0.34759527609225849 -0.0019428168383777791 -0.085160389558767466 -0.018882635869586498 -0.11210970185484119 0.48201469600356106 0.4164722069125385 0.16426595952075493 0.052996148712847274 0.080129583449529307 -0.044913890391557153 0.084119209947022502 0.012708645966939609 0.60922128855361724 0.0065425491971022346 0.35079936680011425 0.028609145762895215 -0.014612937264536796 -0.009119291712380951 0.1332179207949177 -0.052352715914103516 -0.066859421300447627 -0.061573024251759256 -0.038804327606876882 0.20897900766907562 0.0072769039207636662 -0.10762656754446098 0.17573019430270562 -0.021024380170323289 0.27767195043529552 -0.064787039372076832 -0.044241723669146651 0.15711301660992832
leaf_weight=174 1258 38879 387 2296 225 253 2077 1734 42282 1121 271 179 829 1668 881 6062 8392 1478 213 22633 145 10125 3825 59445 2489 373 8988 9002 540 657 2216 1192 1375 333 337 4998 3271 660
leaf_count=174 1258 38879 387 2296 225 253 2077 1734 42282 1121 271 179 829 1668 881 6062 8392 1478 213 22633 145 10125 3825 59445 2489 373 8988 9002 540 657 2216 1192 1375 333 337 4998 3271 660
internal_value=-0.0049685 0.00556243 0.0130267 0.0375148 0.137382 0.214766 0.0251813 -0.000829475 -0.0262748 0.0236124 0.138316 -0.0295654 0.00446793 -0.00288011 0.0624037 -0.0237865 0.0670449 0.06717 0.439833 0.0100711 0.0758107 0.0350642 -0.00638918 -0.00432376 0.0383067 0.109033 -0.0348922 -0.0297872 0.0703758 0.141323 -0.0328288 -0.0172988 0.164494 0.13737 0.134788 -0.0237352 0.00403021 0.010809
internal_weight=243263 162798 122727 44349 4875 2399 39474 78378 80465 4979 1642 75486 10216 10037 2476 7730 10469 2307 438 29005 2441 10512 67866 66132 6687 2862 65270 56282 1371 831 3337 40071 1961 1708 1218 47280 26564 23293
internal_count=243263 162798 122727 44349 4875 2399 39474 78378 80465 4979 1642 75486 10216 10037 2476 7730 10469 2307 438 29005 2441 10512 67866 66132 6687 2862 65270 56282 1371 831 3337 40071 1961 1708 1218 47280 26564 23293
is_linear=0
shrinkage=0.03


Tree=65
num_leaves=39
num_cat=0
split_feature=206 196 205 207 200 205 208 96 203 201 207 207 208 56 197 207 199 207 203 207 199 203 209 209 208 199 201 207 200 207 201 96 200 196 200 207 208 207
split_gain=38360 35836.5 32418 22957.3 28781.3 23837.3 22784 19713.9 18187.5 15713.9 47174.8 14197 14594.9 13951.6 14245.1 65025.2 82681.5 13021.8 73281.6 12625.7 12624.5 15295.9 71118 12216.1 12060.1 11930.2 11351.7 11217.1 12568.8 12427.6 10890.3 20698.7 9567.55 9261.46 9098.12 14733.3 16082.7 13518.9
threshold=-0.25000000000000006 1.0000000180025095e-35 0.25000000000000011 0.34235194325447088 10.84999990463257 1.0000000180025095e-35 0.9889926314353944 10.510783672332765 0.96359375119209301 1567.5000000000002 0.9996619224548341 0.89787620306015026 -0.38243420422077173 77.69708633422853 987.54998779296886 -0.75579217076301564 141.50000000000003 0.99983760714530956 0.6755644977092744 0.92922380566596996 73.500000000000014 0.47714059054851538 8.5000000000000018 2.5000000000000004 0.9889926314353944 137.50000000000003 87.500000000000014 0.99274429678916942 4.8500001430511483 0.98049071431159984 442.50000000000006 12.788271903991701 15.34999990463257 1.5000000000000002 13.250000000000002 0.86975130438804638 -0.31800055503845209 0.9731498956680299
decision_type=2 8 2 2 10 2 2 8 10 10 2 2 2 8 10 2 10 2 8 2 10 8 2 2 2 8 10 2 8 2 10 10 10 8 8 2 2 2
left_child=1 9 6 -3 5 25 20 -8 27 10 11 26 -13 14 17 16 -16 34 -19 -11 21 22 -2 -23 -17 -5 -1 29 -29 -7 31 -14 -18 -15 37 -36 -37 -4
right_child=2 3 13 4 -6 8 7 -9 -10 19 -12 12 30 33 15 24 32 18 -20 -21 -22 23 -24 -25 -26 -27 -28 28 -30 -31 -32 -33 -34 -35 35 36 -38 -39
leaf_value=-0.07709573090817487 0.028099613592749477 -0.012252408056079975 -0.04412556523318386 0.096265577032903116 -0.022436568172107183 0.064866413068786294 0.15514633472199213 0.01876221077226637 0.29462261920618393 0.046424462852257112 0.51856748999036861 0.30720815322947054 0.24112884889728498 -0.031677147820607217 0.67473730779683672 -0.065815546909422373 0.023095363762770264 0.65991556897163006 -0.085740275013725317 -0.045745409482315202 -0.017702808069417084 0.043676093662266532 0.68174298248915477 -0.0053345965188157079 0.030860215106051001 -0.014289428127837855 0.043228685277419285 0.15751323867836636 -0.039860145303560038 0.18268779412465133 0.035731047243072821 0.035003013658969122 0.19519929515417692 -0.10012578712304326 -0.039508260972345915 0.06947051957191458 -0.017518861047833983 -0.138156436686315
leaf_weight=750 1383 51371 9758 1014 9197 8695 1443 2814 312 2551 197 287 886 3126 260 3642 787 159 467 2812 40784 5456 168 28414 1705 6573 11934 356 1575 888 1921 868 461 4129 23895 2501 8133 1602
leaf_count=750 1383 51371 9758 1014 9197 8695 1443 2814 312 2551 197 287 886 3126 260 3642 787 159 467 2812 40784 5456 168 28414 1705 6573 11934 356 1575 888 1921 868 461 4129 23895 2501 8133 1602
internal_value=-0.00489436 0.00910339 -0.0150327 -0.000257734 0.0212794 0.0419901 -0.0025502 0.0649928 0.0686169 0.0428201 0.0570605 0.0515984 0.10117 -0.0315996 -0.0262934 0.0140802 0.188065 -0.0322434 0.103658 -0.0019032 -0.00632333 0.00677907 0.0989044 0.00256036 -0.0349884 0.00048626 0.0361139 0.0624925 -0.00347151 0.0757844 0.0850789 0.139125 0.0866703 -0.0706331 -0.0340973 -0.0264353 0.00294009 -0.057386
internal_weight=243274 102187 141087 79981 28610 19413 80462 4257 11826 22206 16843 16646 3962 60625 53370 6855 1508 46515 626 5363 76205 35421 1551 33870 5347 7587 12684 11514 1931 9583 3675 1754 1248 7255 45889 34529 10634 11360
internal_count=243274 102187 141087 79981 28610 19413 80462 4257 11826 22206 16843 16646 3962 60625 53370 6855 1508 46515 626 5363 76205 35421 1551 33870 5347 7587 12684 11514 1931 9583 3675 1754 1248 7255 45889 34529 10634 11360
is_linear=0
shrinkage=0.03


Tree=66
num_leaves=39
num_cat=0
split_feature=204 55 205 76 196 200 96 76 196 36 196 198 56 131 202 197 204 199 199 111 185 198 131 96 76 202 209 202 199 95 197 141 76 79 76 36 76 56
split_gain=55100.4 28516.6 26156.7 22308.4 19749.7 18284.2 20740.6 14905.1 12619.1 16276.6 25599.7 63671.7 15929 14513.7 16906.4 12388.2 13149.9 11431.6 16943.8 15430.3 14818.5 12543.8 11124.9 10936.1 10772.5 10067.4 12727.8 9987.11 27107.8 12565.4 11285.9 9782.68 10349.4 11695.9 13204.4 8904.96 8522.8 8351.29
threshold=7.0000000000000009 38.745134353637702 -0.68301269412040699 32.572101593017585 98.500000000000014 14.84999990463257 16.830124855041507 18.35907077789307 1.5000000000000002 162.20893096923831 1.0000000180025095e-35 4.3500001430511483 76.320579528808608 -74.22585296630858 -0.98321744799613942 992.54998779296886 17.000000000000004 264.50000000000006 120.50000000000001 412.91458129882818 74.977249145507827 6.7500000000000009 -79.300704956054673 13.315371513366701 11.03730630874634 -0.67556449770927418 4.5000000000000009 -0.63605400919914235 253.50000000000003 20.856932640075687 990.25000000000011 -15.760657787322996 20.665897369384769 1.7610266208648684 50.716569900512702 178.59983062744143 52.417137145996101 47.070228576660163
decision_type=2 8 2 10 10 8 10 10 8 10 10 10 8 10 10 8 2 10 10 10 10 10 10 8 8 10 2 10 10 10 10 10 10 10 10 10 10 10
left_child=8 -2 3 15 5 17 24 37 9 25 13 -12 31 14 -11 -3 -17 18 20 22 -4 -21 -19 -6 -7 36 -27 28 -15 -29 -30 32 -10 -34 -35 -9 -1 -8
right_child=1 2 4 -5 23 6 7 35 12 10 11 -13 -14 27 -16 16 -18 19 -20 21 -22 -23 -24 -25 -26 26 -28 29 30 -31 -32 -33 33 34 -36 -37 -38 -39
leaf_value=-0.027561465010613694 -0.012498810784667259 0.069996296150367301 0.26421860900083904 -0.02517544787558515 0.019306202122029405 0.099558740032621315 0.17912568280580471 -0.016879989196965952 -0.031176316908142883 0.26815172322703856 0.74159648872380224 -0.036747362599363259 -0.07941160782415374 0.33482248451082569 0.03955245208844485 -0.031086704125654702 0.027522962906769144 0.1558339061582264 -0.0042277453271417553 0.23307986388692439 0.05510043859473733 0.072931707967155521 0.047723649883725169 -0.070527734523468014 -0.00020824941277966058 -0.11804811130650465 -0.009744317553768601 -0.07259561969058799 0.038542709490131812 0.037822023156913118 -0.035060828046835558 -0.050424220402826993 -0.0029839481340418902 0.0093850681610439853 0.39219343167433462 0.056922469190704053 0.074308109777244391 0.0055477183228556529
leaf_weight=4337 53603 3519 326 22121 2137 1011 1171 1956 24988 366 149 259 5867 232 1424 5221 10130 923 6674 850 4727 913 11917 2841 26654 2364 1664 3207 4192 1305 3392 12360 13157 184 145 5939 891 317
leaf_count=4337 53603 3519 326 22121 2137 1011 1171 1956 24988 366 149 259 5867 232 1424 5221 10130 923 6674 850 4727 913 11917 2841 26654 2364 1664 3207 4192 1305 3392 12360 13157 184 145 5939 891 317
internal_value=-0.00460489 0.00542587 0.0142127 -0.0047348 0.025575 0.0300943 0.0165101 0.055053 -0.0249137 -0.00657135 0.0132402 0.24751 -0.032607 0.00646974 0.0862954 0.0192274 0.00758931 0.0492081 0.0271495 0.0669224 0.0685925 0.150145 0.0554953 -0.031963 0.00343769 -0.0376628 -0.0733071 -0.0051208 0.0153949 -0.0406596 0.00562293 -0.027205 -0.0197457 0.00143399 0.178108 0.0386377 -0.0101998 0.142148
internal_weight=243433 162950 109347 40991 68356 63378 37048 9383 80483 23782 14526 408 56701 14118 1790 18870 15351 26330 11727 14603 5053 1763 12840 4978 27665 9256 4028 12328 7816 4512 7584 50834 38474 13486 329 7895 5228 1488
internal_count=243433 162950 109347 40991 68356 63378 37048 9383 80483 23782 14526 408 56701 14118 1790 18870 15351 26330 11727 14603 5053 1763 12840 4978 27665 9256 4028 12328 7816 4512 7584 50834 38474 13486 329 7895 5228 1488
is_linear=0
shrinkage=0.03


Tree=67
num_leaves=39
num_cat=0
split_feature=204 16 95 77 79 207 207 204 207 207 94 183 95 207 95 207 197 201 178 175 202 114 202 207 193 157 207 207 95 197 207 201 114 207 207 207 202 202
split_gain=50214.3 25664 24589.5 20807.6 16568.4 15953.7 15274.8 25005.8 15988.4 15236.9 25623.5 14667.8 14557.1 12250.9 16877.7 16905.9 11874 23467.8 10831 21108.4 58871.1 10835 13620.4 10695.4 10704.7 10666.9 10132.9 8899.52 20860.8 15505.4 8269.77 8200.04 8685.54 8033.47 8001.34 21891 13949.9 10282.9
threshold=7.0000000000000009 50.17878723144532 6.0284044742584237 48.498342514038093 1.3966748714447024 -0.36647418141365046 0.54488933086395275 11.000000000000002 0.9937499761581422 -0.94705909490585316 13.449285030364992 95.722019195556655 13.653283119201662 0.091259401291608824 8.6927886009216326 -0.14250824600458142 987.95001220703136 127.50000000000001 2.2849999666213994 6.5750000476837167 0.8140845298767091 -206.69921874999997 -0.91702514886856068 0.99983760714530956 29.050000190734867 89.344997406005874 -0.9413962960243224 0.98522606492042553 20.164297103881839 984.85000610351574 0.9470459818840028 3137.5000000000005 -79.141986846923814 0.34235194325447088 -0.5276680290699004 -0.47558552026748652 -0.98321744799613942 0.8140845298767091
decision_type=2 10 8 10 10 2 2 2 2 2 10 8 10 2 10 2 10 8 10 10 10 8 10 2 10 10 2 2 10 10 2 10 10 2 2 2 10 10
left_child=18 27 -3 6 -5 9 13 16 12 -6 -11 25 -9 14 15 -4 17 -8 21 20 26 22 -1 24 34 -7 -20 29 -29 31 -28 32 -2 -15 37 -36 -37 -21
right_child=1 2 3 4 5 11 7 8 -10 10 -12 -13 -14 33 -16 -17 -18 -19 19 23 -22 -23 -24 -25 -26 -27 30 28 -30 -31 -32 -33 -34 -35 35 36 -38 -39
leaf_value=0.023651024261485749 0.00020236402225207563 -0.020589902721858809 -0.0073936964315275888 -0.031055417774833463 -0.062255028791574851 0.029531647075555219 0.48983161615188286 -0.0041593836724319192 -0.051897977386815723 0.18642411339111442 0.037346900330612498 -0.042401174159534219 0.057216519765917496 -0.040902503716544684 0.020552908785933889 0.18216243504136212 0.032794895994553007 0.11211897531935809 -0.12811805788260494 0.0046213310019118537 0.55421841825394635 -0.026896773188652186 -0.094622428169186354 0.17934848292678923 0.077798262815194516 -0.05555199390133219 0.15145164644838266 -0.014829875173755227 -0.15076313491733834 0.042469490086823748 -0.017220825862402502 -0.08829125289446077 -0.025774215498589881 0.017174049282492412 -0.21304329778968992 0.051127088710394307 -0.034991187992572101 0.2449857765089061
leaf_weight=1093 29462 15577 652 9791 869 10169 153 4791 1870 1358 4399 5132 12690 4508 17079 1208 1746 4564 302 4564 220 50889 4420 253 1027 1525 536 4424 1319 5204 511 1235 19091 4087 575 1924 14091 166
leaf_count=1093 29462 15577 652 9791 869 10169 153 4791 1870 1358 4399 5132 12690 4508 17079 1208 1746 4564 302 4564 220 50889 4420 253 1027 1525 536 4424 1319 5204 511 1235 19091 4087 575 1924 14091 166
internal_value=-0.00465194 0.00492956 0.0141104 0.0203527 0.00172299 0.0154077 0.0319615 0.0485404 0.0314764 0.0548377 0.0725126 -0.000119633 0.0403953 0.0164182 0.0298989 0.115716 0.0996319 0.124371 -0.0240244 -0.00722142 0.0991833 -0.0312246 -0.0711736 -0.0146086 -0.0168046 0.0184359 0.0249708 -0.0105143 -0.0460501 -0.00680321 0.0691294 -0.0119534 -0.0100116 -0.0132865 -0.0213617 -0.031175 -0.0246451 0.0130575
internal_weight=243474 162903 102168 86591 33243 23452 53348 25814 19351 6626 5757 16826 17481 27534 18939 1860 6463 4717 80571 24169 1569 56402 5513 22600 22347 11694 1349 60735 5743 54992 1047 49788 48553 8595 21320 16590 16015 4730
internal_count=243474 162903 102168 86591 33243 23452 53348 25814 19351 6626 5757 16826 17481 27534 18939 1860 6463 4717 80571 24169 1569 56402 5513 22600 22347 11694 1349 60735 5743 54992 1047 49788 48553 8595 21320 16590 16015 4730
is_linear=0
shrinkage=0.03


Tree=68
num_leaves=39
num_cat=0
split_feature=204 208 95 194 204 208 194 204 194 198 203 76 203 194 202 194 202 194 198 208 202 207 207 197 207 202 207 208 95 198 208 76 207 208 199 95 114 208
split_gain=48234.2 30186.3 23648.3 26122.1 26572.4 32170.2 15420.3 50661.4 17089.1 16603 24829.3 15177.3 15051.1 14808.1 13366.8 12956.6 32876.1 60378 12354.8 20466.1 15651.2 12716.2 11254.8 11168 99290.4 297762 24189.7 19390.3 13773.7 12353.1 11050.9 11013.2 14708.9 13364.6 10928.7 10876.8 12767.6 11939.9
threshold=7.0000000000000009 0.11478523537516595 6.0284044742584237 59.500000000000007 13.000000000000002 0.92191100120544445 36.500000000000007 9.0000000000000018 12.500000000000002 6.3500001430511483 -0.38266885280609125 32.572101593017585 -0.88697704672813404 37.500000000000007 0.78257837891578685 35.500000000000007 -0.94260558485984791 33.500000000000007 6.8500001430511483 -0.048362832516431802 -0.96359375119209278 0.92922380566596996 0.98049071431159984 987.54998779296886 -0.92923668026924122 0.8140845298767091 -0.75579217076301564 0.9889926314353944 12.651212215423586 6.0499999523162851 0.99530133605003368 40.836709976196296 0.72695311903953563 0.66367807984352123 292.50000000000006 8.9174265861511248 114.58013153076173 0.9889926314353944
decision_type=2 2 8 10 2 2 8 2 10 10 10 10 8 8 10 8 10 10 10 2 10 2 2 10 2 10 2 2 10 10 2 8 2 2 10 10 10 2
left_child=15 6 -3 4 5 12 7 9 -9 10 -2 14 -4 -7 -10 16 17 18 19 20 21 -1 -14 31 25 -25 29 -28 -29 -26 -5 32 -17 -34 -18 37 -37 -6
right_child=1 2 3 30 35 13 -8 8 11 -11 -12 -13 22 -15 -16 23 34 -19 -20 -21 -22 -23 -24 24 26 -27 27 28 -30 -31 -32 -33 33 -35 -36 36 -38 -39
leaf_value=0.089998621635594314 -0.021031156387770946 -0.017347387638709418 -0.051223313751898709 -0.021378428581606615 0.043298811502244065 0.25248947494692925 -0.016605235706479027 -0.06202530460429205 0.055030403582616225 0.068267026920202575 0.35623976518625189 -0.0015246587003908292 0.081153014206087268 -0.022518837035583415 0.27478323382045844 -0.034172967926098634 -0.10517207621979092 0.71571615729852178 -0.02805334712618893 -0.16341772763364379 0.00060960446890798636 0.40704220532729612 0.18823919967732447 0.047599562207595016 0.037637267367675226 1.5416062164983955 -0.051343765193687441 0.15958468908312043 -0.0010309424252883186 0.23498395805918254 0.051214728311046502 -0.056683886383085635 0.0010737696378855389 0.21980763485822169 0.0085246099170238863 0.021832260452268326 -0.026021618096570002 0.18845099608173174
leaf_weight=169 206 14918 734 12995 3061 184 56803 3239 2557 678 660 10867 13955 4162 276 37346 1152 146 605 157 218 349 943 655 878 147 10616 660 1767 423 2208 12979 9815 258 2241 27556 6135 612
leaf_count=169 206 14918 734 12995 3061 184 56803 3239 2557 678 660 10867 13955 4162 276 37346 1152 146 605 157 218 349 943 655 878 147 10616 660 1767 423 2208 12979 9815 258 2241 27556 6135 612
internal_value=-0.00433304 0.00506544 0.0170525 0.0241264 0.0333958 0.0613245 -0.00886042 0.0149414 -5.38775e-05 0.179451 0.266497 0.0145976 0.0813973 -0.010875 0.0764404 -0.0233151 0.0232719 0.133379 0.0766179 0.147532 0.213864 0.303609 0.0879314 -0.0264214 -0.00338727 0.321454 -0.02155 -0.0338542 0.0426473 0.101803 -0.0108353 -0.0321976 -0.0254955 0.00667644 -0.030078 0.0184627 0.0131182 0.0674848
internal_weight=243330 162749 87463 72545 57342 19978 75286 18483 16939 1544 866 13700 15632 4346 2833 80581 5037 1644 1498 893 736 518 14898 75544 15146 802 14344 13043 2427 1301 15203 60398 47419 10073 3393 37364 33691 3673
internal_count=243330 162749 87463 72545 57342 19978 75286 18483 16939 1544 866 13700 15632 4346 2833 80581 5037 1644 1498 893 736 518 14898 75544 15146 802 14344 13043 2427 1301 15203 60398 47419 10073 3393 37364 33691 3673
is_linear=0
shrinkage=0.03


Tree=69
num_leaves=39
num_cat=0
split_feature=194 36 76 204 209 194 202 207 200 207 199 93 207 204 207 197 207 202 207 132 207 200 95 205 200 76 207 205 204 123 207 197 207 36 207 123 95 207
split_gain=45496.8 35628.6 33230.6 28037.1 24127.9 18520.1 17395.8 15919.9 14435.8 27991 14013.3 13994.3 13571.6 13530.3 12392.7 11953.6 93115 282721 21649.9 13412.1 12776.4 11755.9 10992.4 12890.3 16418 10828.7 12584.3 10714.8 12389.8 10581.2 14849 12727.8 16679.1 18172.8 15946.3 14884.3 10613.2 10339.3
threshold=45.500000000000007 172.91180419921878 44.190313339233406 7.0000000000000009 3.5000000000000004 65.500000000000014 -0.99687939882278431 0.039769539609551437 12.550000190734865 0.9996619224548341 272.50000000000006 16.399333000183109 0.9646572768688203 11.000000000000002 0.57340842485427868 987.54998779296886 -0.92923668026924122 0.8140845298767091 -0.75579217076301564 -69.952606201171861 -0.14250824600458142 19.550000190734867 8.6410946846008319 0.68301269412040722 17.150000572204593 40.836709976196296 0.72695311903953563 0.68301269412040722 5.0000000000000009 46.347204208374031 -0.31799228489398951 985.14999389648449 -0.14250824600458142 290.33975219726568 -0.94705909490585316 -4.1252341270446768 10.481498241424562 0.98667103052139293
decision_type=8 10 10 2 2 10 8 2 10 2 10 8 2 2 2 10 2 10 2 10 2 10 10 2 10 8 2 2 2 10 2 10 2 8 2 10 10 2
left_child=1 11 12 15 5 6 -5 -8 9 10 -4 27 22 14 -9 25 17 -17 21 20 -20 -18 -3 -24 -25 26 -2 -1 -29 31 -31 35 33 34 -33 -6 -34 -15
right_child=3 2 8 4 29 -7 7 13 -10 -11 -12 -13 -14 37 -16 16 18 -19 19 -21 -22 -23 23 24 -26 -27 -28 28 -30 30 -32 32 36 -35 -36 -37 -38 -39
leaf_value=-0.0017653954135035713 -0.033165545501762345 0.16653812575284935 -0.0072222211020196627 0.31434722888398503 -0.0063690872808118771 -0.023377460029954677 0.18241030189458168 -0.0030721548085017648 -0.014235069953803841 0.32985661911814479 0.095640367331118664 -0.051336950114512961 0.26960579510464627 0.021745418859487442 0.091105287184139502 0.046544657821070853 0.048344734552935982 1.5070078647660554 -0.11460761148064211 -0.040279957448134208 0.139290378486633 0.26387251759038849 0.056984198559932156 0.27452128362112904 0.0012821760995165626 -0.057721714877915338 0.0051124635690877876 -0.034716392256663085 0.11739134741911975 -0.0048135037441137561 -0.12812283999344956 0.0045489747202183475 0.15905002539925292 -0.044699366864251598 0.11815570332998644 -0.041739512070867554 0.041206747647823359 -0.048787475152902972
leaf_weight=17463 37410 1068 3054 196 58811 6721 606 1749 7814 303 1955 4736 329 15247 4475 652 1011 146 237 11692 721 294 10733 557 307 11502 9743 711 1496 1937 1609 3878 1025 4436 1559 13091 2091 2132
leaf_count=17463 37410 1068 3054 196 58811 6721 606 1749 7814 303 1955 4736 329 15247 4475 652 1011 146 237 11692 721 294 10733 557 307 11502 9743 711 1496 1937 1609 3878 1025 4436 1559 13091 2091 2132
internal_value=-0.00432196 0.0210208 0.0453722 -0.0109575 -0.00199735 0.020719 0.0328629 0.0305838 0.0117048 0.0498626 0.0329248 -0.00504084 0.0793816 0.0266856 0.0646406 -0.0255513 -0.00141278 0.313762 -0.0194359 -0.0314377 0.0764775 0.0969023 0.0744399 0.0659581 0.177434 -0.0316227 -0.0252563 0.006106 0.0683887 -0.00999251 -0.0607655 -0.00787165 0.0194589 0.000360579 0.0371247 -0.0128089 0.0799715 0.0130926
internal_weight=243497 50526 26120 192971 119563 31126 24405 24209 13126 5312 5009 24406 12994 23603 6224 73408 14753 798 13955 12650 958 1305 12665 11597 864 58655 47153 19670 2207 88437 3546 84891 12989 9873 5437 71902 3116 17379
internal_count=243497 50526 26120 192971 119563 31126 24405 24209 13126 5312 5009 24406 12994 23603 6224 73408 14753 798 13955 12650 958 1305 12665 11597 864 58655 47153 19670 2207 88437 3546 84891 12989 9873 5437 71902 3116 17379
is_linear=0
shrinkage=0.03


Tree=70
num_leaves=39
num_cat=0
split_feature=194 193 200 204 200 206 204 196 193 170 95 204 165 202 194 96 194 95 141 105 193 183 194 197 202 99 75 131 55 141 131 190 166 200 113 202 204 196
split_gain=43504.9 33532.8 87624 31532.5 24489.4 27502.7 41332.1 19951.2 17740.2 17131.4 15240.2 13855.2 16014.6 18648.5 16733.4 15240.9 12756.2 11445.5 11394.1 11317.8 26997.5 54848.6 15741 10789 10028.1 9901.52 9781.08 9675.88 9479.56 10244.2 8909.99 8525.84 8156.28 8058.22 8048.52 7948.68 11726.5 7838.83
threshold=37.500000000000007 20.650000572204593 18.150000572204593 7.0000000000000009 12.550000190734865 -0.25000000000000006 9.0000000000000018 24.500000000000004 32.549999237060554 4.2950000762939462 6.916851520538331 11.000000000000002 1.7005987167358401 0.38266885280609136 67.500000000000014 19.232341766357425 17.500000000000004 24.827006340026859 -40.806196212768548 22.819806098937992 22.849999427795414 89.403930664062514 65.500000000000014 986.75000000000011 0.49240480363368994 0.23928443342447284 30.515577316284183 -57.130727767944329 71.62274551391603 -17.514543533325192 -64.133335113525376 0.73317989706993114 18.500000000000004 17.050000190734867 102.02575683593751 -0.94260558485984791 7.0000000000000009 21.500000000000004
decision_type=8 10 10 2 10 2 2 10 10 2 8 2 2 10 10 10 10 10 8 10 10 10 10 10 10 2 10 10 10 10 10 10 10 10 10 10 2 10
left_child=1 2 -1 19 5 6 8 10 -3 16 -5 12 -12 14 -14 18 -6 23 -13 25 22 -22 34 30 -25 -2 -24 31 29 -9 -8 33 -19 -11 -21 -18 -37 -17
right_child=3 4 -4 7 9 -7 17 28 -10 27 11 15 13 -15 -16 37 35 32 -20 20 21 -23 26 24 -26 -27 -28 -29 -30 -31 -32 -33 -34 -35 -36 36 -38 -39
leaf_value=0.84736895097159681 -0.018690210620903949 0.40815536385753515 -0.014266534597176266 -0.013848966229000137 -0.061848783817389244 -0.024952058246430524 0.080119537211002873 0.0010463112454669864 0.12825327724983421 0.17191025113735206 -0.0084532831998986955 0.093192346678875271 0.077458924814402572 -0.03617933733939583 -0.025194457507089586 -0.030805411334442784 0.055625679578664822 0.32235876881961728 0.010408256662994508 0.15347617340565103 0.68382250871545525 -0.053668501974657175 0.015902749372024762 0.063066740113406849 0.1854208081405217 -0.042180819551601675 -0.053306105396926581 0.0018698930500231181 -0.070647818159303238 -0.03396355768483704 -0.0064352332512005572 0.028579704334305352 0.11119689924322249 0.055473586300927052 0.027980160966969345 -0.082686390387398001 0.0045121002145966848 0.10854990264459556
leaf_weight=160 34388 445 316 25127 3920 3177 1524 15853 376 1030 5674 1557 11025 1920 1642 10734 1970 210 38399 658 156 217 3070 3531 727 30449 4579 3542 3101 14314 3596 2336 762 1113 1528 1675 8101 376
leaf_count=160 34388 445 316 25127 3920 3177 1524 15853 376 1030 5674 1557 11025 1920 1642 10734 1970 210 38399 658 156 217 3070 3531 727 30449 4579 3542 3101 14314 3596 2336 762 1113 1528 1675 8101 376
internal_value=-0.0041194 0.025134 0.275369 -0.00962116 0.0220023 0.0529322 0.0750822 -0.000667004 0.27997 0.00326702 0.00624258 0.0133204 0.0343115 0.050946 0.0641521 0.00499194 -0.0149886 0.0588295 0.0136342 -0.0250992 0.0042625 0.254781 -0.0052388 0.0486728 0.0839576 -0.029722 -0.0255284 0.0389226 -0.0207 -0.0155656 0.0193284 0.0682238 0.156821 0.111438 0.0657559 0.000650025 -0.0104283 -0.026089
internal_weight=243278 38511 476 204767 38035 14348 11171 129722 821 23687 96454 71327 20261 14587 12667 51066 15666 10350 39956 75045 10208 373 9835 9378 4258 64837 7649 8021 33268 30167 5120 4479 972 2143 2186 11746 9776 11110
internal_count=243278 38511 476 204767 38035 14348 11171 129722 821 23687 96454 71327 20261 14587 12667 51066 15666 10350 39956 75045 10208 373 9835 9378 4258 64837 7649 8021 33268 30167 5120 4479 972 2143 2186 11746 9776 11110
is_linear=0
shrinkage=0.03


Tree=71
num_leaves=39
num_cat=0
split_feature=194 207 193 185 194 199 201 207 199 193 207 207 185 206 208 76 96 208 207 56 185 206 140 207 132 94 195 76 203 76 193 207 158 16 132 199 35 199
split_gain=40522.2 26470 39358.5 65078.4 20374.8 18745.1 21901 18329 18155.3 17453.8 16178 14434.4 18420.7 16210.3 13436.4 13436.2 12847.6 15764.3 28968.1 21954.9 20537.9 23254.6 19595.8 16256.7 14647.4 20227.5 12814.2 12039 11862 11823.9 10965.1 10819.7 10662.3 10289.1 10018.7 9647.02 9439.37 8272.76
threshold=45.500000000000007 0.95502296090126049 19.650000572204593 471.25000000000006 80.500000000000014 289.50000000000006 62.500000000000007 0.9996619224548341 265.50000000000006 37.45000076293946 0.79383251070976268 0.89787620306015026 124.39249801635744 -0.68301269412040699 0.99530133605003368 65.815124511718764 4.9029366970062265 0.16587474942207339 0.97696486115455639 77.69708633422853 216.46602630615237 -0.25000000000000006 -43.903812408447259 0.72695311903953563 -63.848403930664055 17.913095474243168 0.45000000298023229 10.842644691467287 -0.84335932135581959 32.060899734497077 36.95000076293946 0.99865421652793895 4.5000000000000009 85.827026367187514 -40.367631912231438 84.500000000000014 311.56526184082037 266.50000000000006
decision_type=8 2 10 10 10 10 10 2 10 10 2 2 10 2 2 10 10 2 2 10 8 2 8 2 10 10 10 10 10 8 10 2 2 10 10 10 10 10
left_child=1 9 3 -3 15 6 -4 31 -9 11 14 13 -13 28 -6 16 -2 24 19 22 -20 -22 -19 -21 26 -26 32 -28 -1 35 37 -8 -18 -30 -35 -15 -31 -14
right_child=4 2 5 -5 10 -7 7 8 -10 -11 -12 12 30 29 -16 -17 17 18 20 23 21 -23 -24 -25 25 -27 27 -29 33 36 -32 -33 -34 34 -36 -37 -38 -39
leaf_value=-0.076960725579216654 -0.023225643499048442 0.77421267823486073 -0.12505974362992003 -0.087918662210487705 -0.030287665473133232 -0.047024032330179585 0.030098980007017145 0.055900176200007173 0.36819031544688963 -0.014883321538072172 -0.097281555227480498 0.20249948411331911 0.010544568333362923 0.23876349138427039 0.040396980471644583 -0.067002721511642438 -0.010935903349724671 0.1226670284690924 -0.017927730161399317 -0.025804354743696557 0.3207691512822769 0.085529158620596707 0.012795809961495559 0.12264406227171117 -0.029370894179836762 -0.16646619702313811 0.38071941668807396 0.02778928087689201 0.036867288031402275 0.0059178983981924733 0.30307349469625283 -0.10431213301579247 0.036941408165785942 0.13037677913472362 0.034114727648588611 0.046012009742620923 -0.075526000950767849 0.080648686017034135
leaf_weight=547 26862 150 879 166 30094 8754 5918 424 277 5225 3010 961 2324 282 2632 3146 37273 1507 753 19764 596 1035 47813 687 11579 1057 149 209 4936 7176 166 593 4716 3050 1429 1364 1559 4352
leaf_count=547 26862 150 879 166 30094 8754 5918 424 277 5225 3010 961 2324 282 2632 3146 37273 1507 753 19764 596 1035 47813 687 11579 1057 149 209 4936 7176 166 593 4716 3050 1429 1364 1559 4352
internal_value=-0.00401271 0.0199016 -0.0103765 0.32133 -0.0102779 -0.0165993 0.0163186 0.03355 0.179305 0.0354721 -0.0307245 0.04482 0.0795088 0.0315143 -0.0246028 -0.00562819 -0.00437439 -0.000391447 0.00883005 0.00531635 0.111663 0.171492 0.016153 -0.0208175 -0.012493 -0.040839 -0.00403471 0.174686 0.0588516 0.0052804 0.0622337 0.0178571 -0.00555854 0.0667422 0.0996651 0.0790365 -0.00861802 0.0562447
internal_weight=243414 50532 17161 316 192882 16845 8091 7212 701 33371 35736 28146 7803 20343 32726 157146 154000 127138 72155 69771 2384 1631 49320 20451 54983 12636 42347 358 9962 10381 6842 6511 41989 9415 4479 1646 8735 6676
internal_count=243414 50532 17161 316 192882 16845 8091 7212 701 33371 35736 28146 7803 20343 32726 157146 154000 127138 72155 69771 2384 1631 49320 20451 54983 12636 42347 358 9962 10381 6842 6511 41989 9415 4479 1646 8735 6676
is_linear=0
shrinkage=0.03


Tree=72
num_leaves=39
num_cat=0
split_feature=204 208 95 132 208 96 204 95 105 123 16 197 123 198 193 208 132 204 204 202 76 199 193 208 114 208 197 208 105 202 191 140 208 204 96 204 202 193
split_gain=39244.5 24993.8 19566.5 17771.5 20690.8 39338 25781.3 11198.8 10968.9 10878.5 17769.6 10203.7 13644.2 9866.63 12988.6 9771.02 13767.1 10245.2 9687.3 10296.2 21275.4 21725.5 20304.2 18004.5 13181.3 9577.58 10312.3 9518.19 21015.7 39706.6 9345.46 9239.62 9174.78 8467.86 17625 12396.9 16696.2 25705.6
threshold=7.0000000000000009 0.11478523537516595 6.0284044742584237 -40.233379364013665 0.92843842506408703 10.166289806365969 13.000000000000002 17.626458168029789 12.028571605682375 39.110359191894538 67.955535888671889 992.14999389648449 28.6788444519043 2.0499999523162846 33.350000381469734 -0.36648371815681452 -79.069507598876939 11.000000000000002 1.0000000180025095e-35 -0.89490029215812672 57.788812637329109 255.50000000000003 24.150000572204593 -0.36648371815681452 -230.89092254638669 0.84658399224281322 992.64999389648449 0.43540433049201971 17.954206466674808 0.8140845298767091 42.049999237060554 5.9464702606201181 0.17435361444950107 13.000000000000002 11.176112174987795 9.0000000000000018 -0.97625884413719166 30.550000190734867
decision_type=2 2 8 10 2 8 2 10 10 10 10 8 10 8 10 2 10 2 2 8 10 10 10 2 8 2 10 2 10 10 8 10 2 2 10 2 8 10
left_child=18 9 -3 4 6 30 13 -5 -8 33 15 -7 -13 -4 -15 16 -11 -17 -1 20 -20 -22 -23 -24 31 32 -27 28 -26 -30 -6 -21 -9 34 -2 36 37 -36
right_child=1 2 3 7 5 11 8 25 -10 10 -12 12 -14 14 -16 17 -18 -19 19 24 21 22 23 -25 27 26 -28 -29 29 -31 -32 -33 -34 -35 35 -37 -38 -39
leaf_value=-0.0029180284571479549 -0.015487254022339639 -0.015833560242354085 -0.024766538570141928 0.01640830415029142 0.14461696064087615 0.033442955645533741 0.033237694269499803 -0.14454229346990125 -0.0090042105880197686 0.16449687612738842 -0.028832993308350877 -0.018193161522265886 -0.10473713455649331 0.0715888235928578 0.307490865702432 0.13104889506271655 0.041454482260579524 -0.0435861159987187 -0.01343617546647324 -0.10196788159685229 0.45250586821143252 -0.086144299525138385 -0.021986612586301156 0.39855788729066804 -0.02114337544964762 -0.17454224218489231 0.021951709944339277 -0.044897101782695924 0.016252888947984944 0.5364639705423957 0.042202813295980864 0.015878568345644738 -0.0068224271119298931 -0.020565786151008399 0.49677980687082945 0.012164891405622023 0.061824017669264944 -0.019943397187579807
leaf_weight=19948 17326 14914 950 5738 1665 2541 19939 492 7657 1305 3474 9628 1976 15180 213 399 2195 1248 10439 3657 162 377 156 222 26071 851 335 18130 538 175 1547 716 3781 41434 209 5314 2264 148
leaf_count=19948 17326 14914 950 5738 1665 2541 19939 492 7657 1305 3474 9628 1976 15180 213 399 2195 1248 10439 3657 162 377 156 222 26071 851 335 18130 538 175 1547 716 3781 41434 209 5314 2264 148
internal_value=-0.00393298 0.00454603 0.01546 0.0218981 0.0282466 0.000514496 0.0392014 -0.0128556 0.0215169 -0.00812005 0.0235924 -0.0210072 -0.0329305 0.0690625 0.0748533 0.0589774 0.0873321 -0.00127853 -0.0210532 -0.0270185 -0.00126575 0.137279 0.0696355 0.225003 -0.0329521 -0.0436151 -0.11904 -0.0281111 -0.0167487 0.14394 0.0952915 -0.0826726 -0.0226801 -0.0122192 0.00147112 0.0384996 0.0918921 0.282568
internal_weight=243314 162723 87407 72493 61296 17357 43939 11197 27596 75316 8621 14145 11604 16343 15393 5147 3500 1647 80591 60643 11356 917 755 378 49287 5459 1186 44914 26784 713 3212 4373 4273 66695 25261 7935 2621 357
internal_count=243314 162723 87407 72493 61296 17357 43939 11197 27596 75316 8621 14145 11604 16343 15393 5147 3500 1647 80591 60643 11356 917 755 378 49287 5459 1186 44914 26784 713 3212 4373 4273 66695 25261 7935 2621 357
is_linear=0
shrinkage=0.03


Tree=73
num_leaves=39
num_cat=0
split_feature=194 198 193 206 205 194 203 76 194 36 76 141 96 163 56 140 96 197 151 141 76 205 193 193 194 77 185 203 132 96 205 200 199 56 198 189 35 114
split_gain=37060.5 31501 89476.2 25252.7 27762.7 20322 18919.6 18521.6 14780.5 14304.3 14221 13058 12369.8 12270.2 19534.9 24025.3 20005.7 22572.1 13896.9 12515.5 11587 10939.6 10812.6 10683.2 9876.81 9193.49 27113.8 9156.64 8593.2 8246.71 7919.3 11654 7899.08 7319.15 7259.52 7241.81 6531.43 7399.08
threshold=37.500000000000007 8.6500000953674334 20.349999427795414 -0.25000000000000006 0.68301269412040722 80.500000000000014 -0.38266885280609125 32.060899734497077 28.500000000000004 192.46467590332034 64.060569763183608 -15.760657787322996 4.7912633419036874 16.224999427795414 79.501174926757827 -43.903812408447259 14.923864364624025 990.64999389648449 0.38499999046325689 -3.4848531484603877 74.747009277343764 0.93301269412040722 23.650000572204593 26.44999980926514 8.5000000000000018 79.715023040771499 139.74095153808597 -0.8703225553035735 -45.11784362792968 18.696908950805668 0.25000000000000011 15.449999809265138 267.50000000000006 26.885110855102543 5.5499999523162851 27.028754234313968 313.43075561523443 19.166117668151859
decision_type=8 10 10 2 2 10 10 10 10 10 10 10 10 10 10 8 10 8 10 10 10 2 10 10 10 10 10 10 10 8 2 10 10 10 10 10 10 10
left_child=1 2 -1 4 22 10 -6 21 23 -3 12 -7 -2 19 15 -15 28 -18 -17 25 30 35 29 -8 -24 -14 -27 -26 -16 34 -9 -32 -22 -13 -4 -5 37 -11
right_child=5 9 3 7 6 11 8 20 -10 36 -12 33 13 14 16 18 17 -19 -20 -21 32 -23 24 -25 27 26 -28 -29 -30 -31 31 -33 -34 -35 -36 -37 -38 -39
leaf_value=0.75137150304300637 -0.022234875331593677 -0.026486763506678713 0.35834639794849749 0.18576998579511961 -0.011542457522021642 -0.017816614373311376 0.37710652895404706 -0.0017055570478934484 0.40658618916813971 0.0091047929815538681 -0.057044156569773602 -0.017293195977219084 -0.0089390436112534253 0.13762261114490831 0.0070556471811785305 0.03996854745347117 -0.17495197132499518 -0.030515072400741111 0.0055213770938753624 -0.086105414860068397 0.0066344028609684313 0.31777360707742092 -0.14324530778791858 0.088067757255808635 -0.027790561648117419 0.46155878241321574 -0.0062634443003275683 0.062871134671781279 0.10579853720822882 0.035319032023661379 -0.13019013581342456 0.0098110910941187172 0.22097695628765293 -0.073406390138928537 0.11734982246223163 0.029322626736116481 -0.061176843580658433 0.086072877356786898
leaf_weight=161 25649 11525 241 370 282 25323 160 5774 403 2338 4518 2902 54416 1425 6576 13478 1077 10159 48359 1893 307 188 239 410 1139 148 452 8372 902 266 1222 952 312 7496 211 950 576 2165
leaf_count=161 25649 11525 241 370 282 25323 160 5774 403 2338 4518 2902 54416 1425 6576 13478 1077 10159 48359 1893 307 188 239 410 1139 148 452 8372 902 266 1222 952 312 7496 211 950 576 2165
internal_value=-0.0037992 0.0231797 0.0467572 0.0415526 0.071487 -0.00887989 0.204821 0.00672173 0.267529 -0.00800184 -0.00453559 -0.0294396 -0.00309373 0.000441215 0.00787085 0.015836 -0.0190551 -0.0443599 0.0130295 -0.010261 -0.010344 0.103672 0.0555014 0.169207 0.0472273 -0.00765129 0.109137 0.0520138 0.0189662 0.167857 -0.0200807 -0.0688833 0.114674 -0.0577457 0.245851 0.0731766 0.0339431 0.0461105
internal_weight=243336 38563 21959 21798 11723 204773 1255 10075 973 16604 169052 35721 164534 138885 81976 63262 18714 11236 61837 56909 8567 1508 10468 570 9750 55016 600 9511 7478 718 7948 2174 619 10398 452 1320 5079 4503
internal_count=243336 38563 21959 21798 11723 204773 1255 10075 973 16604 169052 35721 164534 138885 81976 63262 18714 11236 61837 56909 8567 1508 10468 570 9750 55016 600 9511 7478 718 7948 2174 619 10398 452 1320 5079 4503
is_linear=0
shrinkage=0.03


Tree=74
num_leaves=39
num_cat=0
split_feature=204 208 36 208 95 196 194 204 194 201 203 194 157 206 194 201 96 16 208 194 208 193 204 201 196 56 36 196 96 194 193 201 208 114 194 56 74 141
split_gain=36696.4 22547.4 18007.3 22430.5 23884.3 14810.8 11256.8 39160.1 15036.4 13984.3 14266.2 12756.3 12092.6 11186.4 17803.2 15878.3 11061.7 20829.7 15538.5 12296.1 18038.1 13130.1 12168.3 10152.7 9815.51 13452.3 12853.9 23534.9 57649.4 12046.9 64654.8 17340.6 12090.7 9851.92 9054.93 8623.97 8430.66 7741.01
threshold=7.0000000000000009 0.11478523537516595 245.85413360595706 0.99138912558555614 9.4494385719299334 98.500000000000014 36.500000000000007 9.0000000000000018 12.500000000000002 307.50000000000006 -0.38266885280609125 22.500000000000004 16.355000495910648 -0.68301269412040699 48.500000000000007 1347.5000000000002 14.860953807830812 50.17878723144532 0.17435361444950107 58.500000000000007 0.274878740310669 33.350000381469734 15.000000000000002 167.50000000000003 1.5000000000000002 76.320579528808608 159.15181732177737 1.0000000180025095e-35 11.376028537750246 36.500000000000007 19.750000000000004 47.500000000000007 -0.31800055503845209 -233.20226287841794 56.500000000000007 86.742465972900405 42.685937881469734 -16.009888648986813
decision_type=2 2 8 2 10 10 8 2 10 10 10 10 10 2 8 10 10 10 2 10 2 10 2 10 8 10 10 10 10 10 10 10 2 8 10 10 10 10
left_child=24 6 16 5 -5 13 7 9 -9 10 -2 -12 -10 14 15 -4 35 18 -18 20 22 -22 -19 -13 26 33 -1 29 -29 30 -28 -32 -33 -26 -16 -3 -14 -8
right_child=1 2 3 4 -6 -7 37 8 12 -11 11 23 36 -15 34 -17 17 19 -20 -21 21 -23 -24 -25 25 -27 27 28 -30 -31 31 32 -34 -35 -36 -37 -38 -39
leaf_value=-0.032469858320406816 0.010220995163697743 0.012519288700385383 0.10397517157439093 0.15356551443883865 0.0192587561794694 -0.10254435105315969 -0.0069240731745416071 -0.058614027632386434 -0.0093880749001017741 0.037967351236093135 0.033765631863620686 0.52448348474938056 0.091017065759718047 -0.021638521367097235 0.00096682856458073761 -0.062502580065584207 -0.14271605196493897 0.20312332874793443 0.012571761131947461 -0.015478890206446598 0.043928316675020208 0.1781204306587699 0.068530499354513219 0.26312278340491424 -0.068075974412153809 -0.071190230769765259 0.66274641917345434 0.70059510127655822 -0.035898777472370864 -0.005579950976725769 -0.20011840006934759 0.11366395047418071 -0.041576428188219376 -0.01846476753852665 -0.11575934370226384 0.12606652406770177 0.015123104798076426 -0.03106868969652107
leaf_weight=8976 219 28462 2800 1480 6117 1550 39737 3242 8313 572 148 193 2348 18215 6572 632 807 1291 2061 1920 12367 693 1137 436 3901 5614 154 152 258 12009 266 1259 704 47080 658 615 3001 17091
leaf_count=8976 219 28462 2800 1480 6117 1550 39737 3242 8313 572 148 193 2348 18215 6572 632 807 1291 2061 1920 12367 693 1137 436 3901 5614 154 152 258 12009 266 1259 704 47080 658 615 3001 17091
internal_value=-0.00373492 0.00445872 0.014827 -0.000688862 0.0454238 -0.0122023 -0.00757244 0.0127724 -0.000531027 0.156191 0.224086 0.284363 0.0132521 -0.00735302 0.0170523 0.0733182 0.0267812 0.0437894 -0.0311234 0.0561314 0.0650088 0.0510491 0.140096 0.343325 -0.0203191 -0.0271146 -0.00414482 0.0130316 0.237152 0.00664668 0.0682621 0.0271868 0.0579892 -0.022261 -0.00965647 0.0149209 0.0484377 -0.0141856
internal_weight=243050 162677 87377 38024 7597 30427 75300 18472 16904 1568 996 777 13662 28877 10662 3432 49353 20276 2868 17408 15488 13060 2428 629 80373 56595 23778 14802 410 14392 2383 2229 1963 50981 7230 29077 5349 56828
internal_count=243050 162677 87377 38024 7597 30427 75300 18472 16904 1568 996 777 13662 28877 10662 3432 49353 20276 2868 17408 15488 13060 2428 629 80373 56595 23778 14802 410 14392 2383 2229 1963 50981 7230 29077 5349 56828
is_linear=0
shrinkage=0.03


Tree=75
num_leaves=39
num_cat=0
split_feature=194 36 75 141 208 208 208 193 208 123 208 96 208 208 208 199 208 141 208 94 183 208 123 114 208 208 36 16 160 208 114 206 199 194 193 96 206 198
split_gain=33242.8 29177.7 25758 18181 18298.6 20415.8 13974.8 21652.5 23692.6 13490.4 17254.7 15916.8 13878 16850 29909.2 147139 34466.8 19372.9 22039.3 11944.4 11881.9 10316.7 10190.5 9375.82 8494.95 13706 12075.1 8397.83 8530.52 8226.75 13858.2 11240.7 11932.7 7924.03 7355.28 7084.22 11324.4 7018.97
threshold=45.500000000000007 172.91180419921878 47.183784484863288 -15.368184566497801 0.17435361444950107 0.10623887926340105 0.84658399224281322 19.650000572204593 0.34033495187759405 28.881332397460941 0.95178258419036876 4.7912633419036874 0.080547325313091292 0.38043944537639623 0.31595529615879064 197.50000000000003 0.25829915702342993 -40.806196212768548 0.9889926314353944 14.805710315704347 22.260635375976566 0.84199059009552013 39.110359191894538 83.465812683105483 0.68901559710502636 0.87709078192710888 210.35908508300784 62.793056488037116 7.5000000000000009 -0.38243420422077173 -230.89092254638669 -0.68301269412040699 121.50000000000001 82.500000000000014 23.44999980926514 18.555475234985355 -0.25000000000000006 6.5499999523162851
decision_type=8 10 10 10 2 2 2 10 2 10 2 10 2 2 2 8 2 8 2 10 10 2 10 10 2 2 10 10 10 2 10 2 10 10 10 8 2 10
left_child=1 19 20 9 5 27 7 -4 -9 11 22 -2 -13 14 16 -16 -14 18 -15 37 -3 -19 -11 -10 26 -26 -24 28 -5 30 -22 32 -31 35 -34 36 -6 -1
right_child=3 2 6 4 33 -7 -8 8 23 10 -12 12 13 17 15 -17 -18 21 -20 -21 29 -23 24 -25 25 -27 -28 -29 -30 31 -32 -33 34 -35 -36 -37 -38 -39
leaf_value=0.030177993119275531 -0.022502143153599673 0.33296934058731803 0.3291201461125618 -0.037615930923089784 0.082781917898308299 -0.14511522324252135 -0.13762123669221937 -0.01670108840116143 0.13076572948599727 -0.059653343246241247 -0.10431107543322218 -0.0093462898900541231 0.044749548987215795 -0.051573487487861294 0.65736475272701267 0.041293421737366928 -0.076763028247305909 0.013663713852795733 0.11037701069305941 -0.040269657939502664 0.056848858390394101 -0.014630948724879208 0.0092638030160468298 0.029717507564580473 -0.090978998050531237 0.027074008712137203 0.20621984442600383 -0.084643639782637614 0.019353428226806139 0.22738338751890544 0.18798691509364068 0.022968839248068799 0.14020482126778494 -0.062855389455216168 0.0498110979157904 0.023157000412016574 -0.057308782996514901 -0.008181167251685011
leaf_weight=7153 28475 151 195 16066 650 1677 561 8302 1589 3026 2608 50429 9709 1028 403 2599 2681 20811 2861 6522 1824 26197 797 1722 1317 2699 432 2831 2774 479 1204 5462 1045 1590 3605 8354 2583 10738
leaf_count=7153 28475 151 195 16066 650 1677 561 8302 1589 3026 2608 50429 9709 1028 403 2599 2681 20811 2861 6522 1824 26197 797 1722 1317 2699 432 2831 2774 479 1204 5462 1045 1590 3605 8354 2583 10738
internal_value=-0.0035824 0.0180692 0.0400956 -0.00926541 -0.0283188 -0.0442709 0.00867361 0.0156242 0.0103599 -0.00480641 -0.0370282 -0.00239209 0.00251404 0.0115367 0.0390409 0.123999 0.0184561 0.00321905 0.0675677 -0.00551448 0.0683205 -0.00210456 -0.0158125 0.0782125 0.00948052 -0.0116401 0.0784963 -0.0364671 -0.0292277 0.065386 0.108993 0.0529185 0.0848126 -5.36216e-05 0.0701257 0.00856422 -0.029143 0.00715519
internal_weight=243149 50552 26139 192597 36525 23348 12369 11808 11613 156072 10879 145193 116718 66289 15392 3002 12390 50897 3889 24413 13770 47008 8271 3311 5245 4016 1229 21671 18840 13619 3028 10591 5129 13177 4650 11587 3233 17891
internal_count=243149 50552 26139 192597 36525 23348 12369 11808 11613 156072 10879 145193 116718 66289 15392 3002 12390 50897 3889 24413 13770 47008 8271 3311 5245 4016 1229 21671 18840 13619 3028 10591 5129 13177 4650 11587 3233 17891
is_linear=0
shrinkage=0.03


Tree=76
num_leaves=39
num_cat=0
split_feature=204 205 207 198 200 197 197 199 203 207 198 207 96 198 176 203 207 16 189 76 193 199 204 207 203 198 207 200 205 50 207 207 76 173 76 76 123 200
split_gain=33181.7 19027.7 38520.4 25358.2 25473.8 18730.9 18605.5 17064.3 15745.7 15078.7 14629.7 13547.2 17430 12430.6 12176.7 10816.8 10461.3 11864.4 9137.55 8998.07 8967.56 8870.14 8761.36 8666.53 57464.3 8356.25 7177.66 7340.57 7102.74 7063.44 8424.67 13722.4 10267.1 8303 7805.04 7061.77 6419.59 6330.22
threshold=7.0000000000000009 1.0000000180025095e-35 0.70290291309356701 6.5499999523162851 9.4499998092651385 987.54998779296886 985.54998779296886 284.50000000000006 -0.21643137186765668 0.99274429678916942 4.5499999523162851 0.98522606492042553 23.924357414245609 5.4500000476837167 16.034999847412113 0.99140709638595592 -0.65234524011611927 159.90000915527347 1.3691132068634035 44.415134429931648 18.94999980926514 83.500000000000014 1.0000000180025095e-35 0.99983760714530956 0.6755644977092744 2.6499999761581425 0.96687895059585582 15.84999990463257 0.68301269412040722 39.787500381469734 -0.47558552026748652 -0.5276680290699004 48.652050018310554 86.70999908447267 36.95802307128907 37.538551330566413 30.723731040954593 3.0499999523162846
decision_type=2 2 2 10 10 10 10 10 8 2 10 2 8 10 2 10 2 10 8 10 10 8 2 2 8 8 2 10 2 8 2 2 8 2 10 10 10 8
left_child=22 11 14 4 8 6 7 -6 35 15 -7 18 21 -8 28 -10 -16 -18 36 26 -12 -13 -1 -24 -25 -11 27 -5 37 -20 31 -31 33 -32 -33 -4 -2 -3
right_child=1 2 3 19 5 10 13 -9 9 25 20 12 -14 -15 16 -17 17 -19 29 -21 -22 -23 23 24 -26 -27 -28 -29 -30 30 32 34 -34 -35 -36 -37 -38 -39
leaf_value=-0.0020307597768151318 0.067286576131413492 -0.064105409519620987 0.12432861741095244 0.10072634118684334 0.061245573435997937 -0.091139944407603618 0.53142644064728717 0.40285450000929246 0.092275457533299646 0.14393713883387504 -0.045969813833633792 0.049220152949452346 -0.1711220778096996 0.22736536407958757 0.13714953834372667 0.32270536202236477 0.17347995916410333 -0.079772165584391763 -0.011931216704107031 -0.023521837206343904 0.21661534422059692 -0.038266682302040278 -0.026106041634067493 0.58969530586085039 -0.075967098808457076 -0.030272950212494543 -0.071575542309174067 0.010895985632224372 -0.020405391233671369 -0.0039968387584761837 0.016863390347109364 -0.045425428486653339 -0.025292539107398763 0.082736571829361949 -0.19489518587156998 -0.036885481570370977 -0.054129480759113634 0.0095313250750337225
leaf_weight=19974 2716 1096 283 1690 497 319 269 179 6118 299 152 1220 812 220 1071 189 235 571 37516 3849 509 7189 60020 154 482 1447 442 1588 13264 16677 26457 793 5048 1842 521 1799 458 25406
leaf_count=19974 2716 1096 283 1690 497 319 269 179 6118 299 152 1220 812 220 1071 189 235 571 37516 3849 509 7189 60020 154 482 1447 442 1588 13264 16677 26457 793 5048 1842 521 1799 458 25406
internal_value=-0.00352634 0.00427081 0.0174337 0.0518258 0.0784472 0.172369 0.253678 0.151706 0.0585692 0.0775822 0.0757096 -0.00372347 -0.0383909 0.394638 0.00104081 0.0991812 0.0757094 -0.00593151 -0.00024986 0.00863497 0.156232 -0.0255738 -0.0192639 -0.0249387 0.085221 -0.000438887 0.041907 0.057209 -0.00248364 -0.00203652 0.00519416 -0.0113513 0.0141206 0.0211512 -0.104691 -0.0149715 0.0497663 0.00648601
internal_weight=243371 162741 61492 19849 12280 2145 1165 676 10135 8053 980 101249 9221 489 41643 6307 1877 806 92028 7569 661 8409 80630 60656 636 1746 3720 3278 39766 88854 51338 17991 33347 28299 1314 2082 3174 26502
internal_count=243371 162741 61492 19849 12280 2145 1165 676 10135 8053 980 101249 9221 489 41643 6307 1877 806 92028 7569 661 8409 80630 60656 636 1746 3720 3278 39766 88854 51338 17991 33347 28299 1314 2082 3174 26502
is_linear=0
shrinkage=0.03


Tree=77
num_leaves=39
num_cat=0
split_feature=204 194 204 198 202 202 96 188 207 207 56 132 207 204 198 197 202 170 196 56 207 194 207 207 202 198 196 198 202 132 56 114 141 202 207 204 194 195
split_gain=30984.5 19453.7 29733 28880.4 21511 29387.3 20091.5 17228.9 12606 12229.5 11923.8 11554.9 10749.1 10089.4 9884.52 9902.28 10386.7 9119.97 9035.06 12729.5 12264.4 55234.1 13421 19226.9 14472.8 19153.5 13886.9 80528 12191.9 9212.59 15754.5 9105.24 8700.33 8649.47 16789.1 8316.86 9132.12 7885.32
threshold=7.0000000000000009 59.500000000000007 13.000000000000002 8.5500001907348651 -0.88697704672813404 -0.89490029215812672 16.830124855041507 0.82810035347938549 0.90531614422798168 0.94138324260711681 51.478832244873054 -67.953186035156236 0.92922380566596996 9.0000000000000018 2.4500000476837163 984.95001220703136 0.9238443672657014 9.8949999809265154 1.5000000000000002 76.320579528808608 0.99983760714530956 30.500000000000004 0.94425827264785778 0.92922380566596996 -0.9914070963859557 5.7500000000000009 1.0000000180025095e-35 3.8500000238418584 -0.96811076998710621 -67.953186035156236 59.597211837768562 -233.20226287841794 -17.514543533325192 -0.38266885280609125 0.9646572768688203 19.000000000000004 38.500000000000007 0.25000000745058065
decision_type=2 10 2 8 10 10 10 10 2 2 10 8 2 2 10 10 10 2 8 10 2 10 2 2 10 10 10 10 10 8 10 8 10 8 2 2 10 10
left_child=18 2 3 4 5 7 -5 -2 -9 10 -4 12 -12 -8 -6 -16 -17 -13 20 31 22 -22 23 26 25 -24 29 -28 -25 30 -1 -20 -3 35 -35 37 -37 -11
right_child=1 32 9 6 14 -7 13 8 -10 33 11 17 -14 -15 15 16 -18 -19 19 -21 21 -23 24 28 -26 -27 27 -29 -30 -31 -32 -33 -34 34 -36 36 -38 -39
leaf_value=-0.015487594537769588 0.043076279929024831 -0.0025859750860661485 -0.0088733660577822431 -0.00039643288901027181 -0.036500627721158092 0.48939744519636241 0.11783457071953873 0.086217147044172854 0.23095080037643637 -0.075019226100785416 0.085541417888676904 0.017370228347411275 -0.089264489529275015 0.036128169337865036 0.012150203362146186 0.066578726011878711 0.23247007642380949 -0.035182580799159938 -0.064512456774131671 -0.068083510661017019 -0.15567585623567595 0.59936290769406197 -0.066457004679250337 0.32404268163623834 -0.06594585812498327 0.38478371023907931 0.64468195557141339 -0.032342706331875137 0.054306564123152726 -0.015742939955777701 0.13109075122211938 -0.016821951210954509 -0.031045804792897608 -0.068408556865788991 0.020912365061701254 0.047595751241430118 -0.085104080316929162 0.11982097312948227
leaf_weight=1617 2150 24076 29094 23166 1321 185 1839 1023 1151 5131 3229 25617 351 5224 3361 4563 367 3362 3901 5607 201 154 188 265 4349 154 201 741 350 14433 1115 47174 16154 2650 6638 1381 705 194
leaf_count=1617 2150 24076 29094 23166 1321 185 1839 1023 1151 5131 3229 25617 351 5224 3361 4563 367 3362 3901 5607 201 154 188 265 4349 154 201 741 350 14433 1115 47174 16154 2650 6638 1381 705 194
internal_value=-0.00343158 0.00409001 0.0100257 0.0296544 0.065075 0.119136 0.0131082 0.103294 0.162846 -0.00108491 0.00508342 0.0175549 0.0684023 0.0574023 0.0397147 0.0518581 0.0789285 0.0112733 -0.0186647 -0.025175 -0.00313905 0.171868 -0.00579268 0.0055768 -0.0511688 0.136737 -2.61396e-05 0.112123 0.170538 -0.00618084 0.0443349 -0.0204645 -0.0140138 -0.0238585 -0.00457218 -0.0480294 0.00274717 -0.0679206
internal_weight=243382 162932 122702 44350 14121 4509 30229 4324 2174 78352 61653 32559 3580 7063 9612 8291 4930 28979 80450 56682 23768 355 23413 18722 4691 342 18107 942 615 17165 2732 51075 40230 16699 9288 7411 2086 5325
internal_count=243382 162932 122702 44350 14121 4509 30229 4324 2174 78352 61653 32559 3580 7063 9612 8291 4930 28979 80450 56682 23768 355 23413 18722 4691 342 18107 942 615 17165 2732 51075 40230 16699 9288 7411 2086 5325
is_linear=0
shrinkage=0.03


Tree=78
num_leaves=39
num_cat=0
split_feature=206 208 193 207 208 123 35 196 173 76 181 170 202 76 140 207 208 105 95 207 202 207 193 193 208 183 202 185 199 104 176 185 75 104 207 207 199 95
split_gain=20141.3 17889.1 17775.5 29160.6 15135.6 25098.3 20297.5 20493.8 18923.9 13407.1 11850 12336.5 23946.4 13331.6 9378.83 10637.9 8471.46 16546.9 8004.92 15071.4 35562.6 12342.7 10766.4 9940.02 7334.18 7265.94 8162.74 8197.65 7324.77 7200.85 7242.5 6480.66 6258.73 6227.55 6187.06 5450.33 9392.85 6249.34
threshold=-0.68301269412040699 0.16587474942207339 20.94999980926514 0.98049071431159984 0.99138912558555614 15.377938270568849 313.43075561523443 28.500000000000004 19.050000190734867 55.526706695556648 58.000000000000007 1.5749999880790713 0.8140845298767091 31.083571434021 -2.7395389080047603 -0.79902246594429005 0.84658399224281322 43.913719177246101 20.555161476135257 0.36648264527320867 -0.94260558485984791 0.98667103052139293 26.349999427795414 26.44999980926514 0.9889926314353944 116.54999923706056 0.63605400919914257 78.584430694580092 261.50000000000006 72.541755676269545 66.164999008178725 848.45001220703136 18.023670196533207 -10.010795593261717 0.95998215675354015 0.9787549376487733 180.50000000000003 19.898027420043949
decision_type=2 2 10 2 2 10 10 10 2 8 2 2 10 10 10 2 2 8 10 2 10 2 8 8 2 10 10 10 10 10 2 10 10 10 2 2 10 10
left_child=1 35 3 -3 6 32 7 8 18 33 29 12 -12 -13 24 -16 -8 -18 19 22 -21 34 -2 -23 25 26 28 -28 -4 30 -10 -19 -6 -9 -20 -1 -37 -38
right_child=4 2 14 -5 5 -7 16 9 10 -11 11 13 -14 -15 15 -17 17 31 21 20 -22 23 -24 -25 -26 -27 27 -29 -30 -31 -32 -33 -34 -35 -36 36 37 -39
leaf_value=0.0014001871724828808 0.021487615403880288 0.0051950284046762499 -0.029695207974352707 0.32509133327859308 -0.016560396670124041 0.16764132050487462 -0.022819491897539804 -0.010461244562266672 -0.019176339856358082 -0.08379165957419947 0.082580644717239179 0.11256525592693609 0.44928408694643823 0.019153463241845869 -0.054456999096452158 0.13538080112589648 -0.16902940343187359 -0.049511594228949386 -0.029949144043871393 0.038610953400275816 -0.023041150889338818 -0.18105725081770641 -0.018546529936993544 -0.04813345857583301 0.19852794011371874 -0.042115751131308388 0.29293567231264156 0.084272029571659357 0.048912771891637202 0.10696277390194565 0.10360636493502733 0.12415230183922835 0.037641165553898327 -0.036271353650104615 0.034494025683446283 0.017384790096613163 -0.04481445769768911 -0.15863575872915467
leaf_weight=24274 7029 18790 1307 260 3718 1052 13399 23375 6160 3200 1290 1656 183 8105 306 2015 1114 6853 4719 20101 14491 762 43220 1509 266 903 198 1175 5806 505 465 199 3959 13145 1873 2251 3132 504
leaf_count=24274 7029 18790 1307 260 3718 1052 13399 23375 6160 3200 1290 1656 183 8105 306 2015 1114 6853 4719 20101 14491 762 43220 1509 266 903 198 1175 5806 505 465 199 3959 13145 1873 2251 3132 504
internal_value=-0.00331899 0.0115721 0.0275656 0.00956125 -0.00832299 0.0302222 -0.0102639 -0.00639459 0.000168039 -0.0249107 0.0280152 0.047214 0.128141 0.0350014 0.0562048 0.110352 -0.0374985 -0.0615841 -0.00528941 -0.00245535 0.0127841 -0.0324184 -0.0129464 -0.0927348 0.043188 0.0387868 0.0473958 0.114365 0.0344686 -0.00223429 -0.0105582 -0.0446108 0.0113911 -0.0197513 -0.0116387 -0.00488019 -0.0307762 -0.0605921
internal_weight=243269 61187 31026 19050 182082 8729 173353 151788 112068 39720 18364 11234 1473 9761 11976 2321 21565 8166 93704 84841 34592 8863 50249 2271 9655 9389 8486 1373 7113 7130 6625 7052 7677 36520 6592 30161 5887 3636
internal_count=243269 61187 31026 19050 182082 8729 173353 151788 112068 39720 18364 11234 1473 9761 11976 2321 21565 8166 93704 84841 34592 8863 50249 2271 9655 9389 8486 1373 7113 7130 6625 7052 7677 36520 6592 30161 5887 3636
is_linear=0
shrinkage=0.03


Tree=79
num_leaves=39
num_cat=0
split_feature=206 208 141 203 208 96 208 123 35 36 208 208 208 197 96 141 205 208 208 202 209 205 201 208 200 193 200 193 197 193 199 208 199 205 209 201 208 199
split_gain=18689.5 16920.8 20643.7 16158 14304.1 15528.3 14247.9 23211.2 19056 16058.4 18815.3 24723.4 28782 28718.3 15945.9 14269.1 12109.6 10910.8 10883.8 10590 16136.1 19858.8 10245.6 9980.34 9824.9 8474.67 9759.98 8335.13 13166.9 9054.02 8311.05 8037.17 7702.42 7686.28 7494.01 9259.62 11465.7 7089.95
threshold=-0.68301269412040699 0.16587474942207339 -10.734462261199949 0.99140709638595592 0.19969739764928821 17.663266181945804 0.99138912558555614 15.377938270568849 313.43075561523443 178.59983062744143 -0.4906590580940246 0.68901559710502636 0.65071284770965587 987.54998779296886 22.49205303192139 -26.256538391113278 0.68301269412040722 0.17435361444950107 0.75438815355300914 -0.88697704672813404 4.5000000000000009 0.68301269412040722 112.50000000000001 0.37247809767723089 2.0499999523162846 13.949999809265138 21.050000190734867 20.250000000000004 989.64999389648449 28.849999427795414 316.50000000000006 0.65071284770965587 100.50000000000001 0.25000000000000011 3.5000000000000004 767.50000000000011 0.12332734838128091 298.50000000000006
decision_type=2 2 10 10 2 10 2 10 10 10 2 2 2 10 10 10 2 2 2 10 2 2 8 2 8 8 10 10 10 10 10 2 8 2 2 10 2 10
left_child=1 34 4 18 5 -3 8 -8 9 14 -11 12 13 -12 19 33 -14 22 31 20 21 -2 -16 -21 -6 -10 -27 -26 29 -29 -30 -4 -24 -13 35 36 -1 -33
right_child=6 2 3 -5 24 -7 7 -9 25 10 11 15 16 -15 17 -17 -18 -19 -20 23 -22 -23 32 -25 27 26 -28 28 30 -31 -32 37 -34 -35 -36 -37 -38 -39
leaf_value=-0.045883045583406445 -0.0027405925847710459 0.0511110005459572 0.070682932108996746 0.38682816499523015 -0.11787992406384511 0.35672531238217398 0.011353293962488303 0.16220769813608427 -0.086251812878257561 -0.056321919102188991 0.0090774772803788525 0.014511798347022318 0.099850883800685714 0.090264305160574751 -0.20021707834693561 -0.067040929909233299 0.2848780209710568 0.014755313544431152 -0.094354648033651151 -0.017112646749872618 -0.013558764616684479 0.068899063596623678 0.040385693474458598 -0.070575308393979172 0.0056173500337055341 -0.031315797197917251 0.19249960212254449 -0.050140530225652388 0.10305421021346149 0.04054388771524705 0.0013649461522386155 0.27483664401317526 -0.095149401244817078 -0.023603549319956049 -2.5137627346440556e-06 -0.093896499267207875 0.16437739881779598 0.086315341005765475
leaf_weight=786 8922 439 2342 163 495 227 7711 1042 2677 4014 24404 10830 1019 4672 694 3634 463 1013 291 43714 28388 5712 464 3386 18064 18729 177 1656 3184 2467 936 378 2021 8498 27325 1756 332 342
leaf_count=786 8922 439 2342 163 495 227 7711 1042 2677 4014 24404 10830 1019 4672 694 3634 463 1013 291 43714 28388 5712 464 3386 18064 18729 177 1656 3184 2467 936 378 2021 8498 27325 1756 332 342
internal_value=-0.00321473 0.0111312 0.0267068 0.0951507 0.0179457 0.155281 -0.00803254 0.0293119 -0.00991731 -0.00616822 0.00632267 0.011021 0.028696 0.0221228 -0.013788 -0.012501 0.157658 -0.0709835 0.0809702 -0.0111276 -0.000367389 0.0252221 -0.0983045 -0.0209561 0.014533 -0.0362941 -0.0292203 0.0170245 0.0420226 0.00412043 0.0799521 0.0976327 -0.069842 -0.00224647 -0.00484923 -0.0509298 0.0165562 0.185292
internal_weight=243367 61183 30984 3516 27468 666 182184 8753 173431 151848 57534 53520 30558 29076 94314 22962 1482 4192 3353 90122 43022 14634 3179 47100 26802 21583 18906 26307 8243 4123 4120 3062 2485 19328 30199 2874 1118 720
internal_count=243367 61183 30984 3516 27468 666 182184 8753 173431 151848 57534 53520 30558 29076 94314 22962 1482 4192 3353 90122 43022 14634 3179 47100 26802 21583 18906 26307 8243 4123 4120 3062 2485 19328 30199 2874 1118 720
is_linear=0
shrinkage=0.03


Tree=80
num_leaves=39
num_cat=0
split_feature=204 208 36 208 95 208 197 202 141 105 197 36 105 196 200 193 200 193 199 208 193 193 199 200 196 35 196 193 202 75 56 123 95 202 197 141 208 201
split_gain=28119.4 18020.5 16007.9 19142.7 20290.8 13955.7 12566.7 13978.1 13399.7 9973.37 9374.73 9312.02 9166.36 8609.98 16794.8 13033.9 16019.3 12275.4 9301.1 10166.4 8636.88 8574.88 14863 8562.15 8304.15 11703.3 36311.9 82735.7 13771.5 14772.8 10995.1 7815.15 7520.25 8005.95 7455.39 7141.32 6995.45 6957.98
threshold=7.0000000000000009 0.11478523537516595 245.85413360595706 0.99138912558555614 9.4494385719299334 0.94636487960815441 992.95001220703136 0.93038213253021251 -32.176570892333977 25.544976234436039 991.85000610351574 329.09696960449224 13.608631134033205 1.0000000180025095e-35 13.949999809265138 28.849999427795414 9.6500000953674334 25.849999427795414 284.50000000000006 -0.37446588277816767 36.149999618530281 33.350000381469734 304.50000000000006 15.250000000000002 1.5000000000000002 181.3263854980469 1.0000000180025095e-35 23.550000190734867 -0.67556449770927418 61.217670440673835 76.320579528808608 40.766275405883796 6.0284044742584237 -0.38266885280609125 986.54998779296886 -15.760657787322996 -0.074115883558988557 1945.0000000000002
decision_type=2 2 8 2 10 2 10 10 8 10 8 10 10 8 10 10 10 10 10 2 10 10 10 10 8 10 10 10 10 10 8 10 10 8 10 10 2 10
left_child=24 13 9 5 -5 6 8 11 -4 12 -7 -8 21 14 15 16 -2 -18 -17 20 -20 32 -23 -24 25 28 -27 -28 29 -1 35 -12 -3 -34 -15 -26 -19 -16
right_child=1 2 3 4 -6 10 7 -9 -10 -11 31 -13 -14 34 37 18 17 36 19 -21 -22 22 23 -25 30 26 27 -29 -30 -31 -32 -33 33 -35 -36 -37 -38 -39
leaf_value=-0.011922800365509476 -0.011009276035869701 -0.0066390515455793456 -0.11530141700179843 0.14088722917956298 0.017194417968466543 0.025142410786137132 0.082456754531413226 0.32955961540080814 -0.0053011275372003095 0.095251665260607687 -0.047812767113968133 -0.0090508193388101586 -0.016412427287459071 -0.0092983075668421223 0.0050225792707868314 -0.0028236533072694796 0.48688233486309795 0.31239840074142144 0.34488681208060606 0.035420078313299616 0.10634312983464998 -0.018732747173151133 0.33932252717672046 0.10753985088600107 -0.012950596484171887 0.0074957504354679029 -0.035666922028820665 0.85486099697761164 -0.062806794205535602 0.13718966623167084 -0.062677741417698926 -0.13405437541212259 0.0098932154160614686 0.039888205421739688 -0.071608372509142454 -0.039124907356941345 0.064788506717948294 -0.062743744682967811
leaf_weight=5239 306 5997 1053 1483 6116 1210 1952 151 18628 1736 4206 2054 4993 61707 5065 2308 154 183 208 1109 398 441 262 317 38510 12653 251 150 4928 675 5873 1220 12146 23511 1778 12403 234 1866
leaf_count=5239 306 5997 1053 1483 6116 1210 1952 151 18628 1736 4206 2054 4993 61707 5065 2308 154 183 208 1109 398 441 262 317 38510 12653 251 150 4928 675 5873 1220 12146 23511 1778 12403 234 1866
internal_value=-0.00308513 0.00409231 0.0133539 -0.00126488 0.0413342 -0.0118874 -0.00117587 0.0462189 -0.0111866 0.0246201 -0.0503655 0.035538 0.0220477 -0.00666463 0.0168319 0.0593425 0.164136 0.257996 0.0364975 0.0894148 0.188224 0.0265477 0.112485 0.212427 -0.0175671 -0.0027303 0.0164033 0.297459 -0.0257675 0.00509642 -0.0238105 -0.0672039 0.0244433 0.0296709 -0.0110434 -0.019327 0.173457 -0.0132218
internal_weight=243474 162792 87476 38073 7599 30474 23838 4157 19681 49403 6636 4006 47667 75316 11831 4900 877 571 4023 1715 606 42674 1020 579 80682 23896 13054 401 10842 5914 56786 5426 41654 35657 63485 50913 417 6931
internal_count=243474 162792 87476 38073 7599 30474 23838 4157 19681 49403 6636 4006 47667 75316 11831 4900 877 571 4023 1715 606 42674 1020 579 80682 23896 13054 401 10842 5914 56786 5426 41654 35657 63485 50913 417 6931
is_linear=0
shrinkage=0.03


Tree=81
num_leaves=39
num_cat=0
split_feature=194 200 205 194 204 207 204 206 208 208 199 208 35 159 96 207 204 207 105 96 162 207 207 95 204 105 114 185 208 207 96 205 207 196 181 200 35 194
split_gain=28376.8 22515.2 31126.1 61447.6 23589.9 20495.4 19777.4 16530.8 18438.2 15817.7 13576.3 12925.9 11353 11019.2 11895.7 30635.3 10993.4 10444.6 10229.9 10022.5 9513.83 9368.42 9640.01 15484.9 9180.06 9075.53 20461 25407.2 9426.05 10092.5 9344.64 8595.79 8034.54 9246.49 7563.68 7420.19 7089.71 7681.1
threshold=37.500000000000007 12.550000190734865 0.68301269412040722 34.500000000000007 7.0000000000000009 0.94425827264785778 7.0000000000000009 -0.68301269412040699 0.94066718220710765 0.046214086934924133 265.50000000000006 -0.73865258693695057 311.56526184082037 3.2384861707687382 19.232341766357425 0.97696486115455639 19.000000000000004 0.5986820161342622 -11.611056804656981 4.8472983837127694 4.9925363063812265 0.97112539410591137 0.9159645438194276 21.209763526916507 17.000000000000004 25.544976234436039 90.73740386962892 119.07732391357423 0.9889926314353944 -0.30163703858852381 14.628294467926027 0.93301269412040722 0.98667103052139293 44.500000000000007 100.00000000000001 14.650000095367433 146.48610687255862 11.500000000000002
decision_type=8 10 2 10 2 2 2 2 2 2 10 2 10 2 8 2 2 2 10 10 2 2 2 10 2 10 10 10 2 2 10 2 2 8 2 8 10 10
left_child=1 2 7 4 -4 11 25 8 21 18 -6 17 36 14 15 19 31 -3 -8 -11 -15 22 -1 -24 35 -2 27 -27 29 -28 -30 -7 -16 -34 -21 -17 -13 -38
right_child=6 5 3 -5 10 16 9 -9 -10 13 -12 12 -14 20 32 24 -18 -19 -20 34 -22 -23 23 -25 -26 26 28 -29 30 -31 -32 -33 33 -35 -36 -37 37 -39
leaf_value=0.053293663045055208 -0.023765394905100285 0.028911507974078876 -0.097639304548911537 0.67211896592122367 -0.0050558634747208267 -0.05024106271638281 -0.0072260495441202159 -0.0086104678784825681 0.32908024276424092 -0.01853062873353617 0.29527649441670401 -0.0073696924272023297 -0.069915515872719977 -0.069265126380804995 -0.0013362760704756205 0.057888220546709279 0.036579337282900248 -0.11440925009872924 -0.043200770081186952 0.011738413531034242 -0.0042786909544933983 0.0019016054272983447 0.091393794967477265 0.33745912019140034 0.060190988028548859 0.49796650158345196 -0.005985762071058295 0.072714262122801326 0.1143595053559248 -0.095836135479042794 -0.0072397323941085206 0.10903661170312705 -0.15710867125584121 -0.020543223077607 0.038667540683431381 0.24387088383788968 -0.022080699752687671 0.065596206620027908
leaf_weight=4701 65216 857 353 203 192 8011 44578 4643 226 6450 460 1896 822 2430 11632 254 1855 982 8465 25236 12239 2233 1087 292 716 148 4986 868 985 1453 1346 317 672 1328 14947 805 1007 8406
leaf_count=4701 65216 857 353 203 192 8011 44578 4643 226 6450 460 1896 822 2430 11632 254 1855 982 8465 25236 12239 2233 1087 292 716 148 4986 868 985 1453 1346 317 672 1328 14947 805 1007 8406
internal_value=-0.00301434 0.0206001 0.050306 0.196056 0.0998904 0.00290181 -0.00745955 0.0369492 0.0617219 -0.000370801 0.206836 0.0264959 0.0377315 0.00833938 0.0138683 0.0208394 -0.0294668 -0.0476197 -0.0129672 0.0161832 -0.0150441 0.054453 0.0737535 0.1435 0.143166 -0.0197229 0.00721689 0.134665 -0.00754798 -0.0262612 0.044144 -0.0441781 -0.0108865 -0.0664299 0.0217553 0.199264 0.045556 0.0562165
internal_weight=243297 38543 14390 1208 1005 24153 204754 13182 8539 129752 652 13970 12131 76709 62040 48408 10183 1839 53043 46633 14669 8313 6080 1379 1775 75002 9786 1016 8770 6439 2331 8328 13632 2000 40183 1059 11309 9413
internal_count=243297 38543 14390 1208 1005 24153 204754 13182 8539 129752 652 13970 12131 76709 62040 48408 10183 1839 53043 46633 14669 8313 6080 1379 1775 75002 9786 1016 8770 6439 2331 8328 13632 2000 40183 1059 11309 9413
is_linear=0
shrinkage=0.03


Tree=82
num_leaves=39
num_cat=0
split_feature=204 208 96 193 55 209 205 197 204 199 198 198 199 201 208 204 56 105 193 208 197 193 160 16 201 198 198 105 201 209 193 197 208 198 201 196 123 193
split_gain=24508.7 15350.7 11870.1 11007.1 12713.8 13870 9762.37 14437 11242 10381.8 15173.7 10138.6 9870.42 16470.8 10915.6 8903.88 9172.17 9938.9 15708.9 8686.71 10785.6 8531.83 8009.58 10336.5 8090.23 7744.45 12677.7 48119.3 13118 7992.6 7305.85 7138.6 6810.86 6282.81 6135.47 5776.56 6262.55 5866.28
threshold=7.0000000000000009 0.11478523537516595 4.9727990627288827 20.750000000000004 75.860794067382827 10.500000000000002 -0.68301269412040699 990.64999389648449 19.000000000000004 66.500000000000014 3.3500000238418584 5.9500000476837167 113.50000000000001 822.50000000000011 0.68901559710502636 1.0000000180025095e-35 77.69708633422853 23.700903892517093 22.750000000000004 0.94636487960815441 992.85000610351574 27.94999980926514 7.5000000000000009 62.793056488037116 302.50000000000006 3.3500000238418584 3.6499999761581425 3.4110552072525029 42.500000000000007 5.5000000000000009 13.949999809265138 986.85000610351574 -0.4906590580940246 4.5499999523162851 2195.0000000000005 1.0000000180025095e-35 -6.1004946231842032 28.849999427795414
decision_type=2 2 10 8 10 2 2 10 2 8 8 10 10 10 2 2 8 10 10 2 10 8 10 10 8 8 8 10 10 2 10 10 2 8 10 8 10 10
left_child=15 22 -3 4 5 -4 8 9 33 11 -11 -8 13 -9 -14 -1 17 25 31 20 -6 -10 34 -24 32 29 27 28 -27 -17 -18 -19 -25 -5 35 37 -37 -2
right_child=1 2 3 6 19 -7 7 12 21 10 -12 -13 14 -15 -16 16 30 18 -20 -21 -22 -23 23 24 -26 26 -28 -29 -30 -31 -32 -33 -34 -35 -36 36 -38 -39
leaf_value=0.00084139413958063348 0.076901352404604245 -0.013349550448235339 -0.0072208996906765882 -0.064117861620802769 -0.064653924017372355 0.067627542104325533 0.15893708308870735 0.070044024053289772 0.0024179390733780237 -0.052604301439125603 0.028158230186103975 -0.018573043337841998 0.1277637560465556 0.47308834594556098 0.030824871291322439 -0.089154326380235072 -0.069321994863461689 -0.08547209237940373 0.33321144047922113 -0.097915869179805728 0.023820833250547176 0.070487085418207474 0.043203283390291752 -0.085433840383193183 -0.030928189411477673 0.22877176475540231 -0.020272447931305958 0.49815584749589548 -0.054077979895308409 -0.016184269225831154 0.0046574353119205325 0.031152476610789574 0.0940359069653703 0.00017294012837951821 -0.048061735587366754 -0.0036604297940598931 -0.025077714987417631 0.0046393155804175384
leaf_weight=20030 1255 13714 7003 1515 2320 3268 969 233 2974 2276 26138 413 1727 150 2649 2927 5746 546 145 1589 2664 3743 6200 239 4532 178 42453 204 863 2509 1519 3502 934 14102 3673 34187 19182 5202
leaf_count=20030 1255 13714 7003 1515 2320 3268 969 233 2974 2276 26138 413 1727 150 2649 2927 5746 546 145 1589 2664 3743 6200 239 4532 178 42453 204 863 2509 1519 3502 934 14102 3673 34187 19182 5202
internal_value=-0.00297097 0.00372614 0.0122791 0.0170459 -0.00425603 0.0165942 0.0233531 0.0333441 0.0078949 0.0255945 0.021689 0.10589 0.0818646 0.227903 0.0690823 -0.0164987 -0.0222308 -0.0179226 0.0264122 -0.0368367 -0.0173632 0.0403491 -0.00619278 0.0163884 -0.012753 -0.0217061 -0.0175052 0.0768526 -0.00571167 -0.055475 -0.053854 0.0154217 0.057468 -0.0060639 -0.0104264 -0.00811577 -0.0113583 0.0186845
internal_weight=243473 162851 87447 73733 16844 10271 56889 34555 22334 29796 28414 1382 4759 383 4376 80622 60592 53327 4193 6573 4984 6717 75404 11905 5705 49134 43698 1245 1041 5436 7265 4048 1173 15617 63499 59826 53369 6457
internal_count=243473 162851 87447 73733 16844 10271 56889 34555 22334 29796 28414 1382 4759 383 4376 80622 60592 53327 4193 6573 4984 6717 75404 11905 5705 49134 43698 1245 1041 5436 7265 4048 1173 15617 63499 59826 53369 6457
is_linear=0
shrinkage=0.03


Tree=83
num_leaves=39
num_cat=0
split_feature=194 198 193 204 205 204 203 204 202 208 208 19 36 208 208 95 193 194 208 199 95 198 191 197 114 36 35 204 173 208 193 16 203 194 114 15 198 191
split_gain=25559.1 24197.4 70112.7 17824.9 17171.6 26912.7 22815.1 22406.7 20631 14185.8 13856 12655.1 12305.6 15854.9 16339.8 14364.3 11983.5 11809.5 11798.4 11761 10522 10112.7 10065 9244.14 9147.26 8260.96 8964.25 8226.29 7821.27 7575.2 8938.52 7483.66 7361.29 6915.26 6671.4 6568.85 6102.79 6039.83
threshold=37.500000000000007 8.6500000953674334 19.849999427795414 7.0000000000000009 -0.68301269412040699 5.0000000000000009 -0.095842104405164705 9.0000000000000018 -0.96359375119209278 0.046214086934924133 0.94066718220710765 0.55285519361495983 238.41227722167972 0.99138912558555614 0.83258596062660228 9.4494385719299334 28.44999980926514 26.500000000000004 0.34033495187759405 150.50000000000003 20.164297103881839 6.7500000000000009 15.888526916503908 985.35000610351574 207.43814849853518 178.59983062744143 313.43075561523443 1.0000000180025095e-35 3.554999947547913 0.17435361444950107 24.750000000000004 54.391307830810554 -0.73724925518035878 12.500000000000002 204.12204742431643 121.52816772460939 6.0499999523162851 21.805247306823734
decision_type=8 10 8 2 2 2 10 2 10 2 2 10 8 2 2 10 10 10 2 10 8 10 8 10 10 10 10 2 2 2 10 10 8 10 8 10 10 10
left_child=1 2 -1 27 -4 8 19 11 17 28 -9 -8 20 14 32 -15 -10 -6 33 23 22 34 36 -7 -23 -20 -27 -2 -5 30 -22 -24 -14 -3 -16 -34 -11 -35
right_child=3 18 4 9 5 6 7 10 16 12 -12 -13 13 15 21 -17 -18 -19 25 -21 29 24 31 -25 -26 26 -28 -29 -30 -31 -32 -33 35 37 -36 -37 -38 -39
leaf_value=0.67814656587029831 -0.0011464192936793823 -0.071265327896780556 -0.0064594126888187333 -0.0082853546061745428 0.26105964121591235 0.020239314037007336 0.10387527547603934 0.074008724318718966 -0.10161923790134245 0.065867797416704787 0.3133904041195793 0.3008426797710439 -0.080090139448310074 0.12367627164621176 -0.086154481312479742 0.014798798699632069 0.022206286798729373 -0.0014791124951623468 -0.051182452590631845 -0.026373252457408299 -0.025947095706596302 -0.020989328310216816 0.047757418140652381 0.17024589408919635 0.1212529945387224 0.073441931807125299 -0.05547280918875374 -0.024287001797812197 -0.046133237432398423 0.0045548837362317362 -0.17336110086394488 0.0080210414522054185 0.0892673867808986 -0.02506390640581261 -0.034914564605605859 0.0071411401517279711 0.0019228262042220003 0.031168358084297229
leaf_weight=154 18284 2200 6196 47654 328 934 492 6628 1787 7040 225 728 813 1326 3024 6142 1160 291 839 2412 1285 1159 5396 612 627 3088 576 56707 5479 4405 520 20362 942 7666 9382 12611 1660 2216
leaf_count=154 18284 2200 6196 47654 328 934 492 6628 1787 7040 225 728 813 1326 3024 6142 1160 291 839 2412 1285 1159 5396 612 627 3088 576 56707 5479 4405 520 20362 942 7666 9382 12611 1660 2216
internal_value=-0.00278324 0.0196324 0.0402988 -0.00700025 0.0357911 0.0525754 0.0740299 0.102957 -0.0198079 -0.000273996 0.0818687 0.221412 0.00798006 -0.00478754 -0.0149649 0.034131 -0.0528789 0.137638 -0.0077155 0.0150286 0.0192903 -0.037796 0.0257684 0.0796219 0.028947 0.0337315 0.0531757 -0.018645 -0.0121882 -0.0166549 -0.0684163 0.0163454 0.0075897 -0.023163 -0.0474045 0.0128494 0.0536669 -0.012454
internal_weight=243350 38532 21947 204818 21793 15597 12031 8073 3566 129827 6853 1220 76694 36026 28558 7468 2947 619 16585 3958 40668 14192 34458 1546 1786 4503 3664 74991 53133 6210 1805 25758 14366 12082 12406 13553 8700 9882
internal_count=243350 38532 21947 204818 21793 15597 12031 8073 3566 129827 6853 1220 76694 36026 28558 7468 2947 619 16585 3958 40668 14192 34458 1546 1786 4503 3664 74991 53133 6210 1805 25758 14366 12082 12406 13553 8700 9882
is_linear=0
shrinkage=0.03


Tree=84
num_leaves=39
num_cat=0
split_feature=169 132 183 165 57 169 201 202 141 202 209 165 95 56 197 36 202 57 197 205 205 16 56 36 114 57 154 181 200 155 201 202 202 141 201 201 197 132
split_gain=12779 38856.6 12353.1 15121.1 14226.5 14600.5 15818.3 27071.3 12154.6 15025 12394.4 11625.3 11460.6 13949.9 10756.8 19497.2 22255.7 68161.1 10847.1 10572.5 10351.3 8971.84 12240.3 8286.01 10484.1 7829.24 7801.4 8588.34 6921.23 6790.67 6477.35 6263.32 12799.2 6224.96 6111.4 6094.46 7384.22 8153.97
threshold=2.2500000000000004 -67.953186035156236 91.024654388427749 4.5485858917236337 32.162677764892585 3.6449999809265141 77.500000000000014 0.63605400919914257 -15.125829219818113 -0.84335932135581959 5.5000000000000009 3.0677825212478642 19.58122539520264 74.25955963134767 986.45001220703136 255.03739929199222 0.8140845298767091 26.053009033203129 990.45001220703136 0.68301269412040722 1.0000000180025095e-35 196.81019592285159 64.927497863769545 176.11835479736331 79.781475067138686 35.10523986816407 7.5000000000000009 70.000000000000014 19.750000000000004 51.904998779296882 1217.5000000000002 -0.99687939882278431 -0.99809679388999928 -4.2647917270660392 287.50000000000006 52.500000000000007 980.64999389648449 -82.744888305664048
decision_type=10 10 10 2 10 10 10 10 10 10 2 2 8 8 10 8 10 10 10 2 2 10 10 10 10 10 10 2 10 2 10 10 10 10 8 8 10 8
left_child=8 26 3 4 31 6 7 -6 10 11 12 -10 13 21 19 16 18 -18 28 -12 -13 22 34 -7 -25 -17 27 -2 -16 -14 -5 32 -3 -33 -1 -11 -37 -38
right_child=1 2 -4 30 5 23 -8 -9 9 35 14 20 29 -15 15 25 17 -19 -20 -21 -22 -23 -24 24 -26 -27 -28 -29 -30 -31 -32 33 -34 -35 -36 36 37 -39
leaf_value=-0.030569597789032545 0.043196899000121407 0.016311714654113959 -0.019150063704864481 -0.08445537929782207 0.099523488232454119 -0.024536238137717457 0.071316193697769661 0.59912951490853228 -0.016095998255222135 -0.084665802655066236 -0.0056999218068580814 -0.0096066417861912605 -0.02659151100333091 -0.051296592579061565 0.022796307672303145 0.010538372662636677 -0.045168989028238418 0.79475026113271574 0.25967884518154677 -0.02917701853230989 0.089217114103505676 0.091654158052910564 -0.03787651681993489 0.086924412728606001 0.012664584227093226 -0.071217901352406646 0.034032915686698521 0.11799858105813495 0.15907133467855084 0.096448454689775975 0.021175043308429588 -0.0094014255197180218 0.29641317843188192 0.05175232015014989 0.032381342176687915 -0.053556906363611344 0.11718043932807008 -0.021855394860047492
leaf_weight=1481 2471 646 22047 2060 283 2330 1961 149 7246 2074 69787 1636 7710 2288 3329 2783 215 146 207 22938 2288 1743 2804 2733 4576 1697 5215 3133 373 426 700 16876 190 1644 22092 8310 390 14261
leaf_count=1481 2471 646 22047 2060 283 2330 1961 149 7246 2074 69787 1636 7710 2288 3329 2783 215 146 207 22938 2288 1743 2804 2733 4576 1697 5215 3133 373 426 700 16876 190 1644 22092 8310 390 14261
internal_value=-0.00277215 0.00837857 -0.00164483 0.00965708 0.0155768 0.0411938 0.107519 0.271851 -0.00701252 -0.0225067 -0.00300616 0.00642618 0.0114763 0.019938 -0.00850714 0.0232892 0.0691591 0.294532 0.048345 -0.0115076 0.0480153 0.0257341 0.021378 0.0247275 0.0404321 -0.0204305 0.0604411 0.0850161 0.0365274 -0.020149 -0.0576649 -0.000347038 0.0799742 -0.00397283 0.0284264 -0.0354158 -0.0309671 -0.0181543
internal_weight=243238 67014 56195 34148 31388 12032 2393 432 176224 36205 140019 11170 38544 30408 101475 8750 4270 361 3909 92725 3924 28120 26377 9639 7309 4480 10819 5604 3702 8136 2760 19356 836 18520 23573 25035 22961 14651
internal_count=243238 67014 56195 34148 31388 12032 2393 432 176224 36205 140019 11170 38544 30408 101475 8750 4270 361 3909 92725 3924 28120 26377 9639 7309 4480 10819 5604 3702 8136 2760 19356 836 18520 23573 25035 22961 14651
is_linear=0
shrinkage=0.03


Tree=85
num_leaves=39
num_cat=0
split_feature=194 193 209 207 202 205 193 194 207 131 208 202 193 208 193 193 208 202 75 193 197 193 208 77 202 207 207 207 207 114 208 197 202 207 123 207 197 209
split_gain=23615.1 22665.7 70582.7 20031.4 22728.5 23210.4 15592.4 13785.3 13581.8 10759.2 11548.9 10584 13104.4 10176.8 9867.76 11306.9 9403.91 9326.94 9094.37 8915.3 8927.49 8465.81 7406.97 6583.16 55091.9 90128.2 12209.9 15931.8 7068.56 22289 16134.7 19748.8 17600.7 15386.3 14181.4 13638.5 10094.9 9983.67
threshold=37.500000000000007 20.94999980926514 3.5000000000000004 0.95502296090126049 -0.9914070963859557 0.25000000000000011 37.45000076293946 80.500000000000014 0.79383251070976268 -72.601222991943345 -0.64580103754997242 -0.043617725372314446 26.94999980926514 0.88522326946258556 24.150000572204593 26.44999980926514 0.99530133605003368 -0.92384436726570118 63.057735443115241 26.650000572204593 986.75000000000011 36.95000076293946 0.12332734838128091 78.661983489990249 0.8140845298767091 -0.92274349927902211 -0.9413962960243224 -0.92274349927902211 -0.15101210027933118 190.90772247314456 0.83258596062660228 985.95001220703136 0.8140845298767091 -0.47558552026748652 40.298168182373054 -0.33425341546535486 990.64999389648449 11.500000000000002
decision_type=8 10 2 2 10 2 10 10 2 10 2 10 10 2 10 10 2 10 10 10 10 10 2 10 10 2 2 2 2 10 2 10 10 2 8 2 8 2
left_child=1 2 -1 6 5 -5 9 18 16 10 -3 -6 -13 19 -7 -16 -9 -8 23 -11 -21 -12 -14 28 26 -26 -25 -28 30 34 31 -2 -33 36 -30 -35 -32 -36
right_child=7 3 -4 4 11 14 17 8 -10 13 21 12 22 -15 15 -17 -18 -19 -20 20 -22 -23 -24 24 25 -27 27 -29 29 -31 33 32 -34 35 37 -37 -38 -39
leaf_value=-0.0037559667779517212 -0.0089075346541830063 -0.014026077287211143 0.74791133345350091 -0.03418647477067175 -0.039966163149379584 0.071079081283536932 -0.091671617128231048 -0.022724115886908352 -0.084742411804290124 -0.01514163127038891 0.097653453671664614 -0.10905673163455558 0.023852139781914528 0.13478093073050129 0.50932339697963414 0.1650196766713958 0.03651375337017132 0.0072757628593834046 -0.041564511453751542 0.022787737394556255 0.085361093555965717 0.32612717948695746 0.14609192081901382 -0.14236326226984641 0.96836357551269714 -0.0040769651075649267 0.17202810980376074 -0.020140346504782965 -0.016133798188446236 0.12813573690231292 -0.17946585846502514 0.024434241153645047 0.17204556959893952 0.012144561283976148 0.015415163537866742 -0.050136203662783131 -0.061333859129988864 -0.038738552820356896
leaf_weight=396 58560 876 157 419 9259 158 1113 30092 2993 3536 3671 586 2459 819 194 154 2622 3733 5346 7417 2837 152 545 477 145 210 509 1637 25323 1283 788 10163 783 6653 44219 6035 3746 3292
leaf_count=396 58560 876 157 419 9259 158 1113 30092 2993 3536 3671 586 2459 819 194 154 2622 3733 5346 7417 2837 152 545 477 145 210 509 1637 25323 1283 788 10163 783 6653 44219 6035 3746 3292
internal_value=-0.00258432 0.0189791 0.209655 0.0161989 -0.0126721 0.130956 0.0326628 -0.00663448 -0.0235727 0.0447383 0.084225 -0.023012 0.0207147 0.0320373 0.267703 0.356969 -0.0179762 -0.0154499 -0.00305928 0.0259352 0.0401002 0.106738 0.04603 -0.00180274 0.0423942 0.393131 -0.00507609 0.0254396 -0.00262104 0.00418201 -0.00843487 -0.00199387 0.0349935 -0.03443 0.0019985 -0.017479 -0.0818654 0.0116629
internal_weight=243357 38481 553 37928 13774 925 24154 204876 35707 19308 4699 12849 3590 14609 506 348 32714 4846 169169 13790 10254 3823 3004 163823 2978 355 2623 2146 160845 74117 86728 69506 10946 17222 72834 12688 4534 47511
internal_count=243357 38481 553 37928 13774 925 24154 204876 35707 19308 4699 12849 3590 14609 506 348 32714 4846 169169 13790 10254 3823 3004 163823 2978 355 2623 2146 160845 74117 86728 69506 10946 17222 72834 12688 4534 47511
is_linear=0
shrinkage=0.03


Tree=86
num_leaves=39
num_cat=0
split_feature=194 193 200 207 204 193 199 201 193 199 207 199 200 201 77 201 200 207 207 141 204 207 207 102 207 197 199 36 206 95 114 194 180 197 207 199 36 204
split_gain=21754.5 21171.9 58744.5 18741.9 16022.3 15411.4 14712.2 14434.7 22384.2 13954.1 11139.3 10949.7 9899.68 15421.9 9022.35 11248.9 13083.2 15016 8852.42 14597.1 16171.7 14742.1 19883 8947.88 8436.51 69528.1 175131 8081.51 8010.86 7773.69 8069.97 7570.55 7076.78 7636.15 7657.01 7043.18 6764.6 6602.42
threshold=37.500000000000007 20.650000572204593 18.150000572204593 0.95502296090126049 7.0000000000000009 37.45000076293946 289.50000000000006 62.500000000000007 25.849999427795414 265.50000000000006 0.99818283319473278 261.50000000000006 6.8500001430511483 1877.5000000000002 54.338567733764656 132.50000000000003 10.150000095367433 0.88621068000793468 -0.14250824600458142 -40.806196212768548 11.000000000000002 0.71503382921218883 0.75014290213584911 134.31666564941409 -0.92274349927902211 987.54998779296886 224.00000000000003 182.35218048095706 0.25000000000000011 19.58122539520264 64.053031921386733 31.500000000000004 0.9919969141483308 990.35000610351574 -0.76694339513778675 292.50000000000006 175.03455352783206 1.0000000180025095e-35
decision_type=8 10 10 2 2 10 10 10 10 10 2 8 10 10 10 10 10 2 2 8 2 2 2 10 2 10 10 8 2 10 8 10 10 10 2 10 10 2
left_child=1 2 -1 5 24 14 7 -5 9 -9 -11 -6 13 -10 15 28 17 -17 23 -20 21 27 -23 32 25 -2 -27 -21 31 30 -22 -3 -13 -34 -35 -7 -18 -26
right_child=4 3 -4 6 11 35 -8 8 12 10 -12 18 -14 -15 -16 16 36 -19 19 20 29 22 -24 -25 37 26 -28 -29 -30 -31 -32 -33 33 34 -36 -37 -38 -39
leaf_value=0.68539378752797253 -0.016749903438251331 0.13459880268166763 -0.0201036128225924 -0.12670392787427934 -0.013557719569077213 -0.051231195492836508 -0.040308935288934436 -0.019623957772342288 0.22053020863770215 0.50558091125071336 0.18131866469458882 -0.0082079930746663463 -0.0035999654876484361 -0.020025702979168593 0.01512364344574265 0.055380859098000876 -0.0008310277186405245 0.20376599215918556 0.099731181167631078 0.10003560967248315 -0.044038581117842632 0.33015798163783555 0.063323269189519277 -0.070701536977005555 -0.0044190852143045469 1.0833214989195723 0.044541253555901092 -0.0096011257640411917 0.098011684826837725 -0.027436430357925309 0.015634116088497279 0.42077782030891059 0.0082741444723537384 0.21727143006644414 0.047385172486401755 0.02068648385009212 0.052776844032993833 -0.026639659381092761
leaf_weight=160 8725 177 316 537 37831 2498 7568 160 492 160 236 33535 4167 468 6613 1783 3548 936 1793 702 2288 263 5659 1684 15898 185 694 4383 937 6946 18793 157 13990 278 1692 2406 5258 49525
leaf_count=160 8725 177 316 537 37831 2498 7568 160 492 160 236 33535 4167 468 6613 1783 3548 936 1793 702 2288 263 5659 1684 15898 185 694 4383 937 6946 18793 157 13990 278 1692 2406 5258 49525
internal_value=-0.00245723 0.0182093 0.217046 0.0157251 -0.00634885 0.0315701 -0.0122149 0.0219675 0.0360161 0.216814 0.312344 2.87928e-05 0.016409 0.10326 0.0435761 0.0582803 0.0489392 0.106462 0.0056153 0.0160341 0.0121895 0.0430022 0.0751741 -0.00269605 -0.0173856 0.00887063 0.263179 0.00553464 0.142981 8.83763e-05 0.00915758 0.269129 -0.00038224 0.0160611 0.0713601 -0.0159469 0.0311778 -0.02124
internal_weight=243441 38577 476 38101 204864 24313 13788 6220 5683 556 396 129837 5127 960 19409 12796 11525 2719 92006 40827 39034 11007 5922 51179 75027 9604 879 5085 1271 28027 21081 334 49495 15960 1970 4904 8806 65423
internal_count=243441 38577 476 38101 204864 24313 13788 6220 5683 556 396 129837 5127 960 19409 12796 11525 2719 92006 40827 39034 11007 5922 51179 75027 9604 879 5085 1271 28027 21081 334 49495 15960 1970 4904 8806 65423
is_linear=0
shrinkage=0.03


Tree=87
num_leaves=39
num_cat=0
split_feature=194 193 200 207 204 201 199 201 193 199 196 204 200 207 193 76 207 200 201 204 204 207 193 207 183 203 140 207 197 199 76 95 194 105 206 199 170 207
split_gain=20228 19744.2 56260.7 18001.3 15049.7 14556.4 12883.8 12640.7 19545.4 12925.4 11580.7 10544.1 10708 11290.4 10847.3 10425.7 10036.1 9082.64 13779 8588.19 8447.84 19278 11697.8 10565.6 12034.5 9159.47 7812.18 7585.32 61432.5 154262 8012.18 7463.25 6970.51 6806.3 6848.11 7855.77 6787.76 6503.87
threshold=37.500000000000007 20.650000572204593 18.150000572204593 0.95502296090126049 7.0000000000000009 3182.5000000000005 289.50000000000006 62.500000000000007 25.849999427795414 265.50000000000006 24.500000000000004 15.000000000000002 17.44999980926514 0.9260200858116151 28.849999427795414 50.716569900512702 0.99818283319473278 6.8500001430511483 1877.5000000000002 5.0000000000000009 13.000000000000002 0.71503382921218883 16.550000190734867 0.75014290213584911 157.82499694824222 0.93038213253021251 -3.7070341110229488 -0.92274349927902211 987.54998779296886 224.00000000000003 49.816616058349616 19.58122539520264 41.500000000000007 57.947151184082038 -0.25000000000000006 68.500000000000014 18.869999885559086 -0.81923159956932057
decision_type=8 10 10 2 2 10 10 10 10 10 10 2 10 2 10 8 2 10 10 2 2 2 8 2 8 10 10 2 10 10 10 10 10 10 2 10 2 2
left_child=1 2 -1 5 27 11 7 -5 9 -9 20 12 13 19 -15 -12 -11 18 -10 -3 21 26 -23 24 -24 -25 -6 28 -2 -30 36 33 -17 34 -22 -36 -29 -28
right_child=4 3 -4 6 10 -7 -8 8 17 16 15 -13 -14 14 -16 32 -18 -19 -20 -21 31 22 23 25 -26 -27 37 30 29 -31 -32 -33 -34 -35 35 -37 -38 -39
leaf_value=0.67195393319388708 -0.016157102439151805 -0.033214283579566059 -0.021362098169909288 -0.11840827673433113 0.0011576689770615954 -0.041063208080348412 -0.038717588519223342 -0.024973686728008381 0.21128165947042246 0.49284931127162018 -0.010014629223266801 0.011865928288910829 0.0083369320414614107 0.305439471753158 0.1054422459074445 0.050566327685703127 0.17731156567712872 -0.0042950031083590365 -0.017364616245325343 0.066625460234038231 -0.014462808152457974 0.30242389388521312 0.023614197990016669 0.038408531741728806 0.37032538716680274 0.25470688290886839 -0.083631064769398356 -0.017891542757610669 1.0195472303433883 0.04134056498921005 -0.047478063606502349 -0.027558071535296696 -0.084362569670974968 0.071071716566180568 0.018897288760351901 -0.013086876040186884 0.06693913557596344 0.13153947260316556
leaf_weight=158 8703 863 316 545 26936 2314 7571 157 481 147 30265 8483 3374 303 1255 394 237 4174 468 7640 17340 168 169 8329 193 180 154 55870 184 686 8728 8712 2747 1270 22159 10044 862 706
leaf_count=158 8703 863 316 545 26936 2314 7571 157 481 147 30265 8483 3374 303 1255 394 237 4174 468 7640 17340 168 169 8329 193 180 154 55870 184 686 8728 8712 2747 1270 22159 10044 862 706
internal_value=-0.00262679 0.0173282 0.209751 0.0149287 -0.00637676 0.030497 -0.012448 0.0195839 0.032862 0.204353 -0.000192794 0.0380521 0.0545862 0.0700961 0.14434 -0.0154138 0.298113 0.0147518 0.0985251 0.0564923 0.00508401 0.0163759 0.0544345 0.0497376 0.208469 0.0429844 0.00399954 -0.0170716 0.00787118 0.248235 -0.0207193 -0.00190356 -0.0674372 0.00249496 0.000737026 0.00892153 -0.0166026 0.093008
internal_weight=243285 38486 474 38012 204799 24232 13780 6209 5664 541 129766 21918 13435 10061 1558 33406 384 5123 949 8503 96360 36835 9039 8871 362 8509 27796 75033 9573 870 65460 59525 3141 50813 49543 32203 56732 860
internal_count=243285 38486 474 38012 204799 24232 13780 6209 5664 541 129766 21918 13435 10061 1558 33406 384 5123 949 8503 96360 36835 9039 8871 362 8509 27796 75033 9573 870 65460 59525 3141 50813 49543 32203 56732 860
is_linear=0
shrinkage=0.03


Tree=88
num_leaves=39
num_cat=0
split_feature=196 76 178 175 207 207 76 123 207 207 183 114 36 207 96 80 207 197 96 200 55 199 190 207 79 96 205 207 207 207 200 197 205 201 203 200 207 191
split_gain=12880.9 16341.8 13572.8 14202.1 28921.9 35882.3 10947.7 12462.4 12716.5 13464.5 11387.7 9572.5 14434.3 9540.87 9123.5 8438.53 7689.68 15946 13076.7 13398.5 10755 16715.6 36394.5 10359.2 12239.9 10832.1 8973.54 8715.09 8417.39 8152.11 10833.6 7881.34 7383.99 8887.9 7709.63 6990.6 6654.89 6604.3
threshold=24.500000000000004 50.716569900512702 2.2849999666213994 6.5750000476837167 -0.94705909490585316 -0.9413962960243224 32.285810470581062 17.191904067993168 0.92273071408271801 -0.14250824600458142 78.493667602539077 -87.400039672851548 178.59983062744143 0.92922380566596996 19.256777763366703 19.058499336242679 -0.013976118760183452 986.64999389648449 20.746680259704593 12.550000190734865 75.058464050292983 130.50000000000003 0.33118739724159246 0.97112539410591137 0.89157974720001232 18.555475234985355 0.68301269412040722 -0.022576250135898587 0.71503382921218883 0.98667103052139293 13.150000095367433 980.64999389648449 -0.68301269412040699 52.500000000000007 -0.87878364324569691 11.650000095367433 0.9731498956680299 27.128000259399418
decision_type=10 8 10 10 2 2 8 10 2 2 10 10 10 2 10 2 2 10 8 10 10 10 8 2 10 10 2 2 2 2 8 10 2 10 10 10 2 10
left_child=2 11 16 4 -4 -6 7 -5 9 -9 32 12 15 -7 -11 -2 17 26 19 23 21 22 -19 25 -25 28 27 -1 -18 31 -31 -20 -8 -34 -35 -26 37 -14
right_child=1 -3 3 6 5 13 10 8 -10 14 -12 -13 36 -15 -16 -17 18 20 29 -21 -22 -23 -24 24 35 -27 -28 -29 -30 30 -32 -33 33 34 -36 -37 -38 -39
leaf_value=-0.0067029853802161744 0.0037348153360601331 -0.052681293906767047 -0.10468356133827293 0.0018501696648005603 0.51345975820336565 0.14390010300090281 -0.01299115011231766 0.0056695920275400685 -0.032449101306428203 0.17543707958350582 -0.010928380128630932 -0.01780673793016594 0.054731222302519172 0.030735093830827634 0.056198473978424111 -0.059308931943758442 0.0086584900747980822 0.62774552300746478 -0.042718903966410503 -0.017592848368139423 -0.025714675555590684 0.049600696008378832 -0.019212799979202486 0.083207323613110742 0.0016991588154775025 -0.027383219128936299 -0.032688737604438592 -0.18642789535822246 0.049287615534893442 -0.21290267383344538 -0.049295278668488193 0.046200079479241422 -0.033064473100621272 -0.048269900370117712 0.046813458901360044 0.17978846703077944 -0.051310849897743191 0.18496425228570496
leaf_weight=50144 12520 8603 672 3748 189 1306 4350 982 792 1746 21631 33574 3805 1378 863 2255 18540 145 2302 12339 1506 3212 170 4293 3898 5637 17165 244 6099 440 2116 1470 1678 822 11569 209 479 386
leaf_count=50144 12520 8603 672 3748 189 1306 4350 982 792 1746 21631 33574 3805 1378 863 2255 18540 145 2302 12339 1506 3212 170 4293 3898 5637 17165 244 6099 440 2116 1470 1678 822 11569 209 479 386
internal_value=-0.00247662 -0.0143288 0.00154395 0.0145406 0.0724931 0.113935 0.0102766 0.0420141 0.0763591 0.100357 0.00383319 -0.00810564 0.00864438 0.0858002 0.135996 -0.0058871 -0.00363014 -0.010117 0.00458109 0.00962673 0.0413974 0.0700538 0.278602 0.0183107 0.047787 0.0101326 -0.0139551 -0.00757333 0.0187156 -0.0360956 -0.0774601 -0.00806583 0.021169 0.031731 0.0405057 0.0107624 0.0546192 0.0667264
internal_weight=243277 61622 181655 51726 3545 2873 48181 8131 4383 3591 40050 53019 19445 2684 2609 14775 129929 72586 57343 51015 5033 3527 315 38676 8400 30276 67553 50388 24639 6328 2556 3772 18419 14069 12391 4107 4670 4191
internal_count=243277 61622 181655 51726 3545 2873 48181 8131 4383 3591 40050 53019 19445 2684 2609 14775 129929 72586 57343 51015 5033 3527 315 38676 8400 30276 67553 50388 24639 6328 2556 3772 18419 14069 12391 4107 4670 4191
is_linear=0
shrinkage=0.03


Tree=89
num_leaves=39
num_cat=0
split_feature=194 36 76 141 207 207 208 208 208 208 95 208 194 96 205 203 93 76 207 35 183 79 197 207 94 208 205 203 74 200 160 207 208 201 200 194 200 205
split_gain=19178.8 17222 17348.6 12569.4 13045.9 24932.9 12414.1 15239.6 11142.2 12612 13548.1 11496.8 13617.1 10378.6 10211.1 10544.6 10105.1 9725.24 9615.24 9248.53 12671.3 12098.1 11523.5 9828.67 9156.3 11539.9 8648.38 8083.59 6981.88 6902.15 6436.01 6340.93 8487.49 7649.52 6188.47 6146.35 6077.12 7300.7
threshold=45.500000000000007 172.91180419921878 49.062953948974616 -15.368184566497801 0.97112539410591137 0.9937499761581422 0.17435361444950107 0.10623887926340105 0.99530133605003368 0.94066718220710765 10.698389530181887 0.9889926314353944 90.500000000000014 9.5915107727050799 -1.0000000180025095e-35 0.99140709638595592 16.399333000183109 55.526706695556648 -0.46038399636745447 313.43075561523443 324.47850036621099 1.7610266208648684 991.35000610351574 -0.5276680290699004 13.532645702362062 0.34840355813503271 0.68301269412040722 0.13052122294902804 20.114315032958988 3.2500000000000004 5.5000000000000009 0.92922380566596996 0.24164313822984698 822.50000000000011 18.550000190734867 82.500000000000014 17.349999427795414 0.68301269412040722
decision_type=8 10 10 10 2 2 2 2 2 2 8 2 8 8 2 10 8 10 2 10 10 10 8 2 10 2 2 10 10 10 10 2 2 10 10 10 10 2
left_child=1 16 14 4 8 28 7 17 9 19 11 -11 -13 -10 18 29 -1 30 -3 20 21 -2 23 -21 25 26 -4 -28 -6 -16 -5 33 -33 -20 -34 -8 37 -31
right_child=3 2 24 6 5 -7 35 -9 13 10 -12 12 -14 -15 15 -17 -18 -19 31 22 -22 -23 -24 -25 -26 -27 27 -29 -30 36 -32 32 34 -35 -36 -37 -38 -39
leaf_value=0.0054791370544638486 -0.0035371156054163273 -0.023747949667762478 -0.0019198014938799789 -0.027265340705499849 0.12301939498543298 -0.027931975127013377 0.0083591702802970781 -0.12291613821159331 0.11258143028375829 -0.022382417648096644 -0.052570082923658494 0.14500527229060234 -0.027554182102603141 0.015358097634401114 -0.11370534408596476 0.32016356968458842 -0.043350546748953403 -0.07247931417154671 0.021049843595707805 -0.035770267715008484 0.083973059947807238 0.056758168667394804 -0.016610210820626716 -0.18838983569188938 -0.024708995283217492 0.16843298919562832 0.27584630148397876 0.025853584336595549 0.048355858361910628 0.081411974291055594 0.022795811138535557 -0.070253194315556544 0.10535744788346021 0.090453548649623683 -0.077998409273163399 -0.054411638087320698 0.025110051056737248 0.19272770810068235
leaf_weight=19668 102634 2207 3293 15162 1932 3352 11612 1671 1143 4055 10304 959 721 7296 171 161 4732 3800 2412 865 1574 3085 14836 677 5736 502 207 266 2706 3849 2727 858 690 3508 218 1597 1400 615
leaf_count=19668 102634 2207 3293 15162 1932 3352 11612 1671 1143 4055 10304 959 721 7296 171 161 4732 3800 2412 865 1574 3085 14836 677 5736 502 207 266 2706 3849 2727 858 690 3508 218 1597 1400 615
internal_value=-0.00233066 0.0141276 0.0310702 -0.00664302 -0.0029351 0.0344052 -0.0224747 -0.0356185 -0.00494895 -0.00697099 -0.0320001 0.00495778 0.0709485 0.0285264 0.0503594 0.080559 -0.00399062 -0.0288927 0.0314452 -0.00372494 -0.00051964 -0.00177762 -0.024723 -0.102777 4.81854e-05 0.0333208 0.0153101 0.135263 0.0794579 0.0741664 -0.019634 0.0472937 -0.00259605 0.0621764 0.0613351 0.000769965 0.0796451 0.0967483
internal_weight=243201 50493 26093 192708 156139 7990 36569 23360 148149 139710 16039 5735 1680 8439 16089 6196 24400 21689 9893 123671 107293 105719 16378 1542 10004 4268 3766 473 4638 6035 17889 7686 1766 5920 908 13209 5864 4464
internal_count=243201 50493 26093 192708 156139 7990 36569 23360 148149 139710 16039 5735 1680 8439 16089 6196 24400 21689 9893 123671 107293 105719 16378 1542 10004 4268 3766 473 4638 6035 17889 7686 1766 5920 908 13209 5864 4464
is_linear=0
shrinkage=0.03


Tree=90
num_leaves=39
num_cat=0
split_feature=204 205 207 198 200 207 198 199 194 197 207 207 95 207 207 207 207 56 132 207 105 207 204 204 56 105 197 16 194 197 207 199 132 207 77 76 204 194
split_gain=18794.8 12948 26768.1 20678.4 24081.2 11491.7 11094.9 14559.7 9588.81 13888 12387.6 11540.9 10334.7 9371.43 8985.86 8955.6 9734.69 7710.43 14097.4 9720 8604.08 6967.75 8196.07 6922.84 7821.08 7979.8 8838.11 12427.6 9457.71 8084.98 7134.4 43852.7 7314.4 8724.17 7018.86 6648.2 6582.78 7070.81
threshold=7.0000000000000009 1.0000000180025095e-35 0.86113432049751293 6.7500000000000009 10.550000190734865 0.98667103052139293 5.7500000000000009 248.50000000000003 59.500000000000007 989.64999389648449 -0.65234524011611927 -0.9413962960243224 10.481498241424562 0.98049071431159984 0.94138324260711681 0.9159645438194276 0.93845596909523021 54.818315505981452 -67.09615325927733 0.92922380566596996 12.028571605682375 -0.84772008657455433 21.000000000000004 1.0000000180025095e-35 77.69708633422853 23.700903892517093 986.85000610351574 139.09538269042972 77.500000000000014 988.04998779296886 0.99983760714530956 251.50000000000003 -45.636768341064446 0.86975130438804638 62.742689132690437 52.027948379516609 19.000000000000004 33.500000000000007
decision_type=2 2 2 10 10 2 10 10 10 10 2 2 10 2 2 2 2 10 8 2 10 2 2 2 8 10 10 10 10 10 2 10 10 2 10 10 2 8
left_child=23 14 8 4 5 6 13 -8 9 -3 11 -11 -12 -4 17 -6 -17 -2 19 -19 -20 22 -22 -1 25 30 -27 28 29 -28 32 -32 33 -25 -35 -10 -16 -38
right_child=1 2 3 -5 15 -7 7 -9 35 10 12 -13 -14 -15 36 16 -18 18 20 -21 21 -23 -24 24 -26 26 27 -29 -30 -31 31 -33 -34 34 -36 -37 37 -39
leaf_value=0.0011401433717631094 -0.0067662797772820825 0.0039412376053199819 0.052548652818336726 0.0033383585949972989 0.38791302086895035 0.0078321213191513816 0.06082875846004733 0.3444262153697652 -0.012256137419317454 -0.10177338620340838 0.10917185016173087 0.16494479301800641 -0.012506958512160242 0.18987373338911084 -0.036996426813865238 -0.010765814489973057 0.20584245649441041 0.079259323657809161 0.019208161798784311 -0.088470463400880134 0.0071937033584481263 -0.021012207839830713 0.15107001708441745 -0.022408877977747679 -0.048429491877099912 -0.081582959542786881 0.33798777906432237 0.014418522477644077 -0.052729701289606946 0.10926437110887334 -0.060463350282862059 0.51820961714663816 -0.044936626277216431 0.021020780232702166 -0.051844320371604066 -0.10270543864626194 0.045910370149438273 -0.018940757323011089
leaf_weight=19973 47561 25361 4819 6077 182 3022 341 312 14575 165 923 1268 1967 493 10846 235 909 3638 17323 340 1670 12149 453 30278 7264 604 251 2855 156 312 482 156 8657 8190 1392 770 2125 5255
leaf_count=19973 47561 25361 4819 6077 182 3022 341 312 14575 165 923 1268 1967 493 10846 235 909 3638 17323 340 1670 12149 453 30278 7264 604 251 2855 156 312 482 156 8657 8190 1392 770 2125 5255
internal_value=-0.00232654 0.00353906 0.0144085 0.0472357 0.0731025 0.0554934 0.0796395 0.196334 0.00245972 0.0124133 0.0621148 0.134233 0.0263546 0.065294 -0.00304723 0.192447 0.161347 0.00113515 0.0116994 0.0649232 0.00499812 -0.0122496 0.0378944 -0.0141771 -0.0192257 -0.0152481 0.0245551 0.0424925 0.153966 0.21124 -0.0186312 0.0810353 -0.0199419 -0.0145134 0.0104354 -0.0167949 -0.0221243 -0.000267412
internal_weight=243349 162779 61419 16390 10313 8987 5965 653 45029 29684 4323 1433 2890 5312 101360 1326 1144 83134 35573 3978 31595 14272 2123 80570 60597 53333 4178 3574 719 563 49155 638 48517 39860 9582 15345 18226 7380
internal_count=243349 162779 61419 16390 10313 8987 5965 653 45029 29684 4323 1433 2890 5312 101360 1326 1144 83134 35573 3978 31595 14272 2123 80570 60597 53333 4178 3574 719 563 49155 638 48517 39860 9582 15345 18226 7380
is_linear=0
shrinkage=0.03


Tree=91
num_leaves=39
num_cat=0
split_feature=204 204 207 198 200 194 208 204 207 203 194 193 208 95 197 207 194 199 200 194 204 56 105 197 114 207 204 207 201 207 192 207 76 198 185 208 16 208
split_gain=17403.5 11586.3 26029.6 18086.3 19617.9 21712.7 13269.5 20844 11480.8 10810.8 10714.3 12718.2 10635.9 11456.5 10246.4 7944.18 7437.68 7188.3 7182.63 6817.69 6772.3 6885.38 7559.32 8163.42 11582.1 6903.99 6895.97 27864.2 9993.17 11831.1 6961.13 6675.77 6546.75 6381.14 6357.61 6087.4 6022.44 8774.56
threshold=7.0000000000000009 13.000000000000002 0.70290291309356701 6.5499999523162851 9.4499998092651385 59.500000000000007 0.65071284770965587 9.0000000000000018 0.91248813271522533 -0.21643137186765668 44.500000000000007 25.550000190734867 0.9889926314353944 9.4494385719299334 983.25000000000011 0.93237596750259411 11.500000000000002 297.50000000000006 13.949999809265138 15.500000000000002 1.0000000180025095e-35 77.69708633422853 23.700903892517093 986.85000610351574 102.48464584350587 0.73865729570388805 5.0000000000000009 0.99983760714530956 52.500000000000007 0.91248813271522533 0.15395995974540713 0.091259401291608824 37.538551330566413 3.5499999523162846 125.01958084106447 0.74872833490371715 155.24440765380862 0.31595529615879064
decision_type=2 2 2 10 10 10 2 2 2 8 8 10 2 10 8 2 8 10 10 8 2 8 10 10 10 2 2 2 8 2 8 2 10 8 10 2 8 2
left_child=19 2 10 4 6 8 9 -8 -6 32 11 -2 16 -14 -11 -10 -3 -7 -5 -1 -21 22 26 -24 34 -23 28 -28 29 -22 -30 -15 -4 -12 -25 -13 37 -18
right_child=1 12 3 18 5 17 7 -9 15 14 33 35 13 31 -16 -17 36 -19 -20 20 21 25 23 24 -26 -27 27 -29 30 -31 -32 -33 -34 -35 -36 -37 -38 -39
leaf_value=0.18906552277927943 0.11738707123783558 -0.066450519758272819 0.11272160744131399 0.041652483788481902 0.44926624446719798 -0.070584043335713095 0.48349731076250307 0.075226801720371717 0.035995262674266906 0.19248359470138787 -0.03946840207325425 0.019832779245812372 0.12318842486118393 0.032896674090259828 0.046474633517368323 0.2155259127096126 -0.007799360310592844 0.15873332530946696 -0.018222308890233425 0.0011474224980092573 -0.030371501417746263 -0.053007567674752461 -0.078358802622564658 0.32073153532375431 0.01244032772121517 0.083936581478123218 -0.0075270699613234696 0.32215413547143384 0.10876487459932359 -0.14098468033666375 -0.022376015696977451 -0.063992899131298756 -0.04332537448231364 -0.00075944216022126663 0.10189392738340995 -0.16535617065483305 -0.022627447954425742 0.013344741445727934
leaf_weight=149 1426 1751 280 2983 158 432 156 404 278 461 4347 3250 1122 3630 7012 1098 54515 172 4559 19882 2243 6911 604 148 2777 348 16457 234 369 1422 28474 777 1781 32403 620 168 13457 26131
leaf_count=149 1426 1751 280 2983 158 432 156 404 278 461 4347 3250 1122 3630 7012 1098 54515 172 4559 19882 2243 6911 604 148 2777 348 16457 234 369 1422 28474 777 1781 32403 620 168 13457 26131
internal_value=-0.00227378 0.00337295 0.0136613 0.0419981 0.0645272 0.147079 0.0470419 0.188966 0.207069 0.0387054 0.000189736 0.0421284 -0.00285465 0.0376036 0.055482 0.179255 -0.00518835 -0.00527965 0.00545925 -0.0136705 -0.0140459 -0.01903 -0.0153 0.0235874 0.0409573 -0.0464422 -0.0185795 -0.00290489 -0.0266274 -0.0732892 -0.0206982 0.0158138 -0.0221248 -0.00533818 0.14407 0.0107299 -0.00404842 -0.000948221
internal_weight=243389 162751 61368 19774 12232 2138 10094 560 1534 9534 41594 4844 101383 5529 7473 1376 95854 604 7542 80638 80489 60607 53348 4149 3545 7259 49199 16691 32508 3665 28843 4407 2061 36750 768 3418 94103 80646
internal_count=243389 162751 61368 19774 12232 2138 10094 560 1534 9534 41594 4844 101383 5529 7473 1376 95854 604 7542 80638 80489 60607 53348 4149 3545 7259 49199 16691 32508 3665 28843 4407 2061 36750 768 3418 94103 80646
is_linear=0
shrinkage=0.03


Tree=92
num_leaves=39
num_cat=0
split_feature=194 198 193 205 208 202 193 208 196 208 194 208 207 208 207 208 207 74 202 207 206 197 208 132 207 207 76 141 51 132 79 198 208 123 36 207 207 76
split_gain=16674.4 18761.6 54464.9 14796.3 14567.4 15069.5 16259.4 16916.9 13792.8 11983.3 14420.2 11055.5 10996.6 10819.2 23077.4 13591.4 16722.1 17418 14362.5 170032 12832.2 11519.7 11018.5 12991.8 10524 10242.9 9915.31 18151.2 8622.28 8064.38 7745.63 7699.66 7620.21 7085.58 7085.58 6866.48 6813.41 6520.15
threshold=37.500000000000007 9.8499999046325701 19.750000000000004 -0.68301269412040699 0.94066718220710765 -0.88697704672813404 28.250000000000004 0.020426410250365738 96.500000000000014 0.99530133605003368 80.500000000000014 0.32410992681980139 0.94138324260711681 0.84199059009552013 -0.47558552026748652 0.16587474942207339 0.97696486115455639 22.604106903076175 0.76037701964378368 -0.92274349927902211 -0.25000000000000006 992.45001220703136 0.94066718220710765 -67.953186035156236 0.79383251070976268 0.9996619224548341 39.993154525756843 -3.3357410430908199 36.13750076293946 -60.204790115356438 0.47608366608619695 3.1499999761581425 0.11478523537516595 32.350467681884773 178.59983062744143 1.0000000180025095e-35 -0.14250824600458142 21.641251564025882
decision_type=8 10 10 2 2 10 10 2 10 2 10 2 2 2 2 2 2 10 10 2 2 8 2 8 2 2 10 10 8 8 10 8 2 10 10 2 2 8
left_child=1 2 -1 -4 5 8 7 -7 25 10 13 -8 34 15 21 26 18 20 30 -20 -18 -15 28 36 -12 -5 32 -28 -16 -11 -17 -19 -2 -25 -3 -31 -24 -37
right_child=9 12 3 4 -6 6 11 -9 -10 29 24 -13 -14 14 22 16 17 31 19 -21 -22 -23 23 33 -26 -27 27 -29 -30 35 -32 -33 -34 -35 -36 37 -38 -39
leaf_value=0.58210348015570623 -0.0052864008431069108 -0.023528003437084572 -0.0070340868905231502 0.085232503307321711 0.28075808071912139 -0.097932906644548581 0.031576048009866478 0.02712950895872784 -0.092874242265948787 0.089437199059323916 -0.019808138384387271 0.13290570922878583 -0.049269432093331851 -0.16475674953039426 -0.035595642859771071 0.029786695690817371 0.25940029903097989 -0.15534483892547368 0.75131530249962009 0.0039076836927633349 0.076597681804675508 -0.053273904485855485 -0.037968805490228894 -0.02925888222511468 -0.078971121752824724 0.26322926172782091 -0.016620640229693569 -0.10815044193709676 0.026086721297354527 -0.019033125481122362 -0.0012387023538309725 0.03742274067977093 0.054708937303852921 -0.097327482052547126 0.03538260902896824 0.080479589664013057 0.11432806164082115 0.0039512588877847546
leaf_weight=160 53282 3374 8006 4315 227 1768 7826 2166 371 1617 30024 1106 4929 1220 2655 8466 612 228 298 3392 794 2638 392 9697 2974 312 12781 2301 8799 3020 50095 1024 1976 1604 4035 1935 812 2078
leaf_count=160 53282 3374 8006 4315 227 1768 7826 2166 371 1617 30024 1106 4929 1220 2655 8466 612 228 298 3392 794 2638 392 9697 2974 312 12781 2301 8799 3020 50095 1024 1976 1604 4035 1935 812 2078
internal_value=-0.00211961 0.0159678 0.0303058 0.0269226 0.0419498 0.038915 0.0217415 -0.0290755 0.0831235 -0.00552964 -0.00705421 0.0441233 -0.0145456 -0.0033943 -0.0204335 0.000110192 0.0100102 0.0837003 0.00686376 0.0642693 0.156169 -0.0885281 -0.00946852 -0.0289394 -0.0251403 0.0972355 -0.00902543 -0.0305851 0.0117889 0.0290266 0.00324655 0.00231689 -0.00314098 -0.0389203 0.00855513 0.0151371 0.0647428 0.0408521
internal_weight=243309 38595 26257 26097 18091 17864 12866 3934 4998 204714 196064 8932 12338 163066 27817 135249 64909 2658 62251 3690 1406 3858 23959 12505 32998 4627 70340 15082 11454 8650 58561 1252 55258 11301 7409 7033 1204 4013
internal_count=243309 38595 26257 26097 18091 17864 12866 3934 4998 204714 196064 8932 12338 163066 27817 135249 64909 2658 62251 3690 1406 3858 23959 12505 32998 4627 70340 15082 11454 8650 58561 1252 55258 11301 7409 7033 1204 4013
is_linear=0
shrinkage=0.03


Tree=93
num_leaves=39
num_cat=0
split_feature=194 193 200 207 199 193 76 166 208 208 95 196 194 35 105 197 208 197 96 208 35 200 189 207 197 207 207 193 199 203 199 77 194 207 206 187 96 207
split_gain=16038.5 17329.5 38682.4 14692.3 12180.1 11781.3 10896.1 10711.5 10007.3 12798.6 13089.3 11749.8 10914.1 9676.96 19521.2 12273.2 9810.79 19235.5 9571.96 9101.26 10285.5 9608.21 9008.2 9006.74 15233.5 12124.1 8613.39 8357.38 22510.2 7811.88 7408.36 6989.91 6346.43 6127.94 5237.43 5172.31 5080.29 4978.61
threshold=37.500000000000007 20.849999427795414 18.150000572204593 0.95502296090126049 289.50000000000006 37.45000076293946 57.788812637329109 1.5000000000000002 0.99530133605003368 0.94066718220710765 10.698389530181887 1.0000000180025095e-35 80.500000000000014 313.43075561523443 22.819806098937992 986.45001220703136 0.84658399224281322 992.64999389648449 9.5915107727050799 0.94066718220710765 313.43075561523443 21.550000190734867 2.3309149742126469 0.9996619224548341 987.45001220703136 0.99865421652793895 -0.048361575230956071 25.849999427795414 266.50000000000006 0.38266885280609136 162.50000000000003 51.453807830810554 94.500000000000014 -0.66528618335723866 -0.25000000000000006 25.705500602722172 6.7404124736785898 -0.14250824600458142
decision_type=8 8 10 2 10 10 10 10 2 2 8 8 10 10 10 10 2 8 8 2 10 10 8 2 10 2 2 10 10 10 10 10 10 2 2 8 8 2
left_child=1 2 -1 5 23 19 8 34 9 12 11 37 13 14 22 -16 35 -18 -10 20 21 31 -2 25 -25 27 33 28 -5 -7 -29 -3 -13 36 -8 -15 -14 -11
right_child=6 3 -4 4 -6 29 7 -9 18 10 -12 32 26 16 15 -17 17 -19 -20 -21 -22 -23 -24 24 -26 -27 -28 30 -30 -31 -32 -33 -34 -35 -36 -37 -38 -39
leaf_value=0.51450796658090636 0.045442631106497669 0.067076763025859951 -0.0065872720795549971 -0.051192613110123915 -0.037104013608345685 -0.059742120718615947 0.19362196487469072 -0.04995469666702821 0.10497560037485652 0.0071342656635282027 -0.05041612985452585 -0.0027458583830734288 -0.0060505451271743258 0.061307879392998504 -0.059142305397878986 0.06915907342044389 -0.16626909919533192 -0.024174103688867164 0.014693578573452317 0.21310418271451309 -0.028973323364191197 -0.020285857488351135 -0.00087037409187953646 0.028354839682873296 0.31877358543816703 -0.11372093681037945 -0.048783244976602323 0.044849524672985225 0.38487532960333037 0.017500915003294905 -0.034094592051435536 0.025252830973801939 -0.10678667803370399 0.010141555073214431 0.013381137868044478 -0.011391238282322256 -0.043341357802751911 0.13272199508023591
leaf_weight=201 3911 9323 354 232 7541 2008 229 7334 1232 443 10672 3951 7212 939 760 5731 1098 3913 7437 263 1999 1920 112711 543 232 668 7045 2442 197 2852 1904 5855 609 8043 396 14204 6043 792
leaf_count=201 3911 9323 354 232 7541 2008 229 7334 1232 443 10672 3951 7212 939 760 5731 1098 3913 7437 263 1999 1920 112711 543 232 668 7045 2442 197 2852 1904 5855 609 8043 396 14204 6043 792
internal_value=-0.00204003 0.0157153 0.182139 0.0132833 -0.0114731 0.027347 -0.00538233 -0.0397948 -0.00399023 -0.00544282 -0.0307067 0.00559002 -0.0030186 0.000346459 0.00350108 0.0541368 -0.0189239 -0.05531 0.0275242 0.0378303 0.0354163 0.0429444 0.000682765 0.0196111 0.115296 0.00598676 -0.0200282 0.0227336 0.149056 -0.0144135 0.0102637 0.050943 -0.0166411 -0.0105165 0.0794239 -0.00688319 -0.0230516 0.0876738
internal_weight=243239 38534 555 37979 13759 24220 204705 7959 196746 188077 16467 5795 171610 143267 123113 6491 20154 5011 8669 19360 19097 17098 116622 6218 775 5443 28343 4775 429 4860 4346 15178 4560 21298 625 15143 13255 1235
internal_count=243239 38534 555 37979 13759 24220 204705 7959 196746 188077 16467 5795 171610 143267 123113 6491 20154 5011 8669 19360 19097 17098 116622 6218 775 5443 28343 4775 429 4860 4346 15178 4560 21298 625 15143 13255 1235
is_linear=0
shrinkage=0.03


Tree=94
num_leaves=39
num_cat=0
split_feature=194 193 194 36 75 207 194 207 207 194 95 80 207 207 129 200 36 132 94 207 120 197 207 196 95 207 179 207 94 207 206 207 205 185 194 203 55 197
split_gain=14939.6 16545.2 42874.3 14673.5 16180.4 10419 9846.91 11126.1 8357.25 10105.3 9888.68 7656.52 7246.57 6939.55 6795.49 7186.3 9415.34 6989.97 10809.2 16516.3 7609.36 7366.73 31277.9 43502.8 13524.3 13363.2 8866.97 7989.75 6707.26 6435.04 6048.49 5231.83 5205.73 5157.87 5148.02 4785.98 4231.88 5341.92
threshold=37.500000000000007 19.650000572204593 33.500000000000007 168.86065673828128 44.470172882080085 0.9646572768688203 80.500000000000014 0.79383251070976268 0.92922380566596996 28.500000000000004 18.141945838928226 17.312500000000004 0.93845596909523021 0.93237596750259411 117.87500000000001 20.650000572204593 182.35218048095706 -40.233379364013665 15.007145881652834 -0.5276680290699004 67.345832824707045 987.45001220703136 -0.74441730976104725 1.0000000180025095e-35 8.6410946846008319 -0.013976118760183452 1.0000000180025095e-35 -0.048361575230956071 11.01946544647217 0.86113432049751293 -0.25000000000000006 -0.47558552026748652 -0.68301269412040699 55.000000000000007 10.500000000000002 -0.71322327852249134 58.055997848510749 989.45001220703136
decision_type=8 10 10 10 10 2 10 2 2 10 10 2 2 2 10 10 10 10 10 2 10 10 2 10 10 2 2 2 10 2 2 2 2 10 10 10 10 10
left_child=1 2 -1 11 5 8 14 -8 10 13 33 32 -11 -10 15 17 -17 21 20 35 30 25 23 -23 -24 27 -27 -2 -6 -12 -19 -21 -3 -5 -30 -20 37 -36
right_child=6 3 -4 4 28 -7 7 -9 9 12 29 -13 -14 -15 -16 16 -18 18 19 31 -22 22 24 -25 -26 26 -28 -29 34 -31 -32 -33 -34 -35 36 -37 -38 -39
leaf_value=-0.080447562399696915 -0.0093928020876316281 -0.022739665872861102 0.58291404594721974 0.02750300506615725 0.054136350860593541 0.2764129582846141 -0.014378819471257217 -0.074793525470660996 -0.16099271889209163 0.29824158351444863 -0.0026228374632596644 -0.045914143952436814 0.042547453161986597 -0.0028095367012134533 -0.029532579070697389 -0.012036721253463594 0.065022902017464884 0.038297601052847637 -0.0904773930015213 -0.15478924141689807 0.13734256139368131 0.037712828951856563 0.061557191507490221 0.28009518832672575 -0.012463764129402552 0.0073674291868834636 0.079525502967956144 -0.087522619987889183 -0.07263131534424927 0.074764759510944342 -0.024120914887866073 -0.072480686919524917 0.015859826043027495 0.13116045109642996 0.021212300808996724 0.007269306512664421 -0.012346196224399045 0.17768291606653533
leaf_weight=194 74149 4662 160 525 2170 197 32666 2995 314 148 1749 3551 306 1217 7757 2501 3323 2110 524 1036 368 2746 2641 880 13986 44761 1587 1197 901 2163 4136 2112 9661 2440 2514 3228 5447 213
leaf_count=194 74149 4662 160 525 2170 197 32666 2995 314 148 1749 3551 306 1217 7757 2501 3323 2110 524 1036 368 2746 2641 880 13986 44761 1587 1197 901 2163 4136 2112 9661 2440 2514 3228 5447 213
internal_value=-0.00190159 0.0152352 0.219383 0.0133422 0.0307924 0.0606301 -0.0051273 -0.0194528 0.0558329 0.00160686 0.0714848 -0.00648048 0.125907 -0.0352531 -0.0021052 -0.00078608 0.0319312 -0.00201176 -0.0226285 -0.0488969 0.00477582 -4.89545e-05 0.0167038 0.0965377 -0.00070637 -0.00283704 0.00983821 -0.010634 0.00675509 0.0401658 -0.00303484 -0.0995688 0.00329603 0.112807 -0.00457464 -0.00638197 0.00292711 0.0334346
internal_weight=243235 38532 354 38178 20304 9059 204703 35661 8862 1985 6877 17874 454 1531 169042 161285 5824 155461 13514 6900 6614 141947 20253 3626 16627 121694 46348 75346 11245 3912 6246 3148 14323 2965 9075 3752 8174 2727
internal_count=243235 38532 354 38178 20304 9059 204703 35661 8862 1985 6877 17874 454 1531 169042 161285 5824 155461 13514 6900 6614 141947 20253 3626 16627 121694 46348 75346 11245 3912 6246 3148 14323 2965 9075 3752 8174 2727
is_linear=0
shrinkage=0.03


Tree=95
num_leaves=39
num_cat=0
split_feature=204 204 194 201 197 197 165 193 95 198 198 194 141 194 204 75 193 201 114 59 197 193 19 105 151 193 185 194 204 197 197 190 199 199 187 187 209 199
split_gain=15517.5 10793.3 19074.2 30262.8 17299.7 23272.3 12026.7 9040.66 7704.19 8452.12 8317.06 7139.98 6730.78 6353.86 6291.28 6094.75 5907.61 5094.5 4957.33 5818.58 7997.02 75036.1 5728.55 4950.8 4877.06 4752.02 4682.28 5479.54 4473.86 6221.35 7184.67 4453.82 6522.85 4364.32 4614.98 5458.72 4346.98 6100.34
threshold=7.0000000000000009 13.000000000000002 59.500000000000007 142.50000000000003 988.35000610351574 985.54998779296886 1.7005987167358401 23.150000572204593 6.1994204521179208 2.2500000000000004 9.8499999046325701 11.500000000000002 -40.806196212768548 15.500000000000002 1.0000000180025095e-35 61.825325012207038 28.94999980926514 777.50000000000011 -233.20226287841794 0.53887495398521434 987.64999389648449 22.849999427795414 0.64862817525863659 -16.997266769409176 5.2000000476837167 29.250000000000004 569.92849731445324 25.500000000000004 5.0000000000000009 981.54998779296886 980.95001220703136 0.019928705878555778 70.500000000000014 251.50000000000003 31.935270309448246 38.392204284667976 2.5000000000000004 73.500000000000014
decision_type=2 2 10 8 10 10 2 10 8 8 10 8 8 8 2 10 8 10 8 10 10 10 10 10 10 10 10 10 2 10 10 8 10 10 10 10 2 8
left_child=13 2 3 4 5 23 16 -6 -8 -10 -11 17 24 -1 26 -4 -5 -3 28 -20 22 -22 -21 -2 -13 -24 31 -28 29 30 -16 32 -15 -30 -35 -36 -14 -38
right_child=1 11 15 6 7 -7 8 -9 9 10 -12 12 36 14 18 -17 -18 -19 19 20 21 -23 25 -25 -26 -27 27 -29 33 -31 -32 -33 -34 34 35 -37 37 -39
leaf_value=0.1816927963719879 0.26953265479746741 0.088050340378912864 -0.010959443104689895 0.067599769105555471 0.20801946449390474 0.54408549371937043 -0.001922137018381205 -0.078248241076054312 -0.059006839979573893 0.046371845285201281 -0.0059571099826647234 -0.0034904105713290034 0.012804283593845313 0.24899590223669316 -0.05039769569646424 -0.13454563399747524 -0.011688637451182151 -0.080018349553431734 -0.020239378606340286 -0.018744341110566078 -0.00085003210329698232 0.70951094127704128 0.016681317812435231 0.033804136882879927 0.074029949549760485 0.13517456996692073 0.20699668086667786 0.030159231270511389 -0.048254154241988527 -0.11519592562750054 0.14112102604595744 -0.0049176492907094587 0.027427516772796496 -0.023515819800544433 0.23356369536953536 0.0048690076670737052 0.019567307686252429 -0.0081713077129869863
leaf_weight=151 148 181 16742 916 173 216 5661 233 804 21822 3125 1232 13522 145 2035 367 11024 1572 43652 7677 1397 148 2042 175 1794 358 196 807 992 1362 193 18057 682 407 193 183 7884 75162
leaf_count=151 148 181 16742 916 173 216 5661 233 804 21822 3125 1232 13522 145 2035 367 11024 1572 43652 7677 1397 148 2042 175 1794 358 196 807 992 1362 193 18057 682 407 193 183 7884 75162
internal_value=-0.00196463 0.00336817 0.0132932 0.0236844 0.191632 0.303033 0.0200234 0.0437339 0.0297653 0.0367313 0.0398168 -0.00264541 -0.00158898 -0.0127227 -0.0130873 -0.0136105 -0.00560579 -0.0626644 -0.0178894 -0.015217 0.00364683 0.0672011 -0.0060973 0.141822 0.0424684 0.0343572 0.00155515 0.0647177 -0.0454219 -0.0646851 -0.0338067 -0.00179965 0.0662785 -0.00646097 0.0464872 0.122261 -0.00296954 -0.00553793
internal_weight=243430 162753 61406 44297 945 539 43352 406 31412 25751 24947 101347 99594 80677 80526 17109 11940 1753 60639 55274 11622 1545 10077 323 3026 2400 19887 1003 5365 3590 2228 18884 827 1775 783 376 96568 83046
internal_count=243430 162753 61406 44297 945 539 43352 406 31412 25751 24947 101347 99594 80677 80526 17109 11940 1753 60639 55274 11622 1545 10077 323 3026 2400 19887 1003 5365 3590 2228 18884 827 1775 783 376 96568 83046
is_linear=0
shrinkage=0.03


Tree=96
num_leaves=39
num_cat=0
split_feature=204 194 204 209 198 200 208 197 199 34 203 197 208 77 194 203 199 208 56 132 208 208 97 204 56 202 194 194 198 208 114 97 157 197 209 202 132 200
split_gain=14360.9 9861.32 18382.8 21614.3 13397.9 30125.3 11016.8 10787.9 27874.5 10768.1 10708.9 9818.84 13469.2 9485.86 8984.67 8215.57 14486.2 8087.77 8005.32 10292.8 7430.58 27573.6 6388.86 5898.54 6616.59 8080.55 16979.7 46679.3 15494.7 14256.5 11491.2 7589.21 5954.46 5801.18 26467.1 33895.5 6274.14 5607.17
threshold=7.0000000000000009 59.500000000000007 11.000000000000002 4.5000000000000009 6.3500001430511483 9.8499999046325701 -0.99465739727020253 983.25000000000011 256.50000000000006 126.38315200805665 0.93038213253021251 990.45001220703136 0.71353760361671459 44.783561706542976 11.500000000000002 -0.38266885280609125 269.50000000000006 0.83258596062660228 58.13695144653321 -67.09615325927733 0.85561370849609386 0.81800284981727611 6.1264173984527597 1.0000000180025095e-35 77.69708633422853 -0.89490029215812672 37.500000000000007 34.500000000000007 9.3499999046325701 -0.048362832516431802 -208.60268402099607 9.9741301536560076 29.990000724792484 987.54998779296886 9.5000000000000018 0.8140845298767091 -46.273759841918938 17.550000190734867
decision_type=2 10 2 2 8 10 2 10 10 8 10 10 2 10 8 10 10 2 10 8 2 2 2 2 8 8 10 10 10 2 8 2 10 10 2 10 10 10
left_child=23 2 3 4 5 7 9 8 -2 -5 -9 20 -13 17 -4 -7 -17 37 -16 -20 21 -8 -21 -1 25 26 27 28 29 -25 31 32 -27 36 -35 -36 -32 -6
right_child=1 -3 14 6 13 15 11 10 -10 -11 -12 12 -14 -15 18 16 -18 -19 19 22 -22 -23 -24 24 -26 30 -28 -29 -30 -31 33 -33 -34 34 35 -37 -38 -39
leaf_value=0.0019313790384969443 -0.062872436968553214 -0.0096463158232731969 -0.057996387057882064 0.36973210466974277 0.080554462845440114 0.10279881682924666 -0.0075358038217192185 -0.0034677822458815664 0.40699756007853882 0.010067425612763199 0.24023807390881002 0.2024147724187034 0.0072113762308640868 -0.018829759897150786 -0.0048303416831257983 0.51086870056826927 0.21438622354192549 -0.002139259213488987 0.060228086546899165 0.014521498629083243 -0.060234350783718561 0.24697617186222623 -0.01655461970137492 0.1378871546132327 -0.04379113921776609 -0.067578722976878558 -0.0068808826293300469 0.59628385418461605 -0.13477455881692291 -0.17038113148594686 -0.012131876446771101 -0.15445737066353532 0.0040160217028504929 -0.038385274542598165 0.050819019120650531 0.41185142586450713 -0.052917294448518289 -0.041472611387372779
leaf_weight=19999 220 39995 2245 145 5103 309 10232 1836 235 155 178 490 907 2031 53560 194 630 1720 3752 28420 2062 398 7532 1047 7230 3461 7573 154 327 155 30739 657 1498 2459 1179 292 3816 363
leaf_count=19999 220 39995 2245 145 5103 309 10232 1836 235 155 178 490 907 2031 53560 194 630 1720 3752 28420 2062 398 7532 1047 7230 3461 7573 154 327 155 30739 657 1498 2459 1179 292 3816 363
internal_value=-0.00183884 0.00329053 0.00750681 0.0292613 0.0575903 0.106651 0.00402324 0.0478787 0.17981 0.183913 0.0180721 0.000192671 0.0756805 0.0384171 0.00130953 0.234725 0.284195 0.054597 0.00273712 0.0129455 -0.00811624 0.0019936 0.00801099 -0.0121956 -0.0168587 -0.0132093 0.0122741 0.0984658 0.0483222 0.0981341 -0.0185578 -0.0586456 -0.0459515 -0.0127079 0.0218297 0.122488 -0.0166359 0.0724505
internal_weight=243298 162712 122717 27208 12819 3602 14389 2469 455 300 2014 14089 1397 9217 95509 1133 824 7186 93264 39704 12692 10630 35952 80586 60587 53357 9256 1683 1529 1202 44101 5616 4959 38485 3930 1471 34555 5466
internal_count=243298 162712 122717 27208 12819 3602 14389 2469 455 300 2014 14089 1397 9217 95509 1133 824 7186 93264 39704 12692 10630 35952 80586 60587 53357 9256 1683 1529 1202 44101 5616 4959 38485 3930 1471 34555 5466
is_linear=0
shrinkage=0.03


Tree=97
num_leaves=39
num_cat=0
split_feature=204 204 196 96 208 195 178 203 201 193 96 208 141 208 208 208 35 208 91 202 193 196 208 196 35 202 96 196 202 74 129 193 164 197 193 141 15 105
split_gain=13774.1 9742 13401.1 10672.1 19247.1 12201.7 11460.9 10205.6 12083.9 10556 9763.93 8938.88 9493.97 6645.29 15764 6939.19 5980.69 7786.72 7108.09 8721.28 6159.04 5965.33 5813.95 5583.19 10062.4 12437 61914.2 10404.1 10092.8 7292.34 5722.4 6510.04 5822.12 5433.97 5380.75 7132.87 5311.24 4851.68
threshold=7.0000000000000009 13.000000000000002 98.500000000000014 11.292959690093996 0.94636487960815441 0.45000000298023229 2.3299999237060551 -0.43049471080303187 1652.5000000000002 33.350000381469734 14.368577480316164 0.9889926314353944 -40.806196212768548 0.32410992681980139 0.42763730883598333 0.29137697815895086 313.43075561523443 0.16587474942207339 14.983500003814699 0.19936034083366397 34.250000000000007 63.500000000000007 0.99138912558555614 12.500000000000002 181.3263854980469 0.9238443672657014 12.342361927032472 8.5000000000000018 -0.67556449770927418 42.685937881469734 107.39583206176759 20.94999980926514 31.500000000000004 990.45001220703136 21.849999427795414 -23.222362518310543 285.49653625488287 47.676488876342781
decision_type=2 2 10 10 2 10 10 8 10 10 8 2 8 2 2 2 10 2 10 10 10 10 2 8 10 10 10 10 10 10 10 10 2 8 8 8 10 10
left_child=23 2 3 5 7 6 36 21 9 -9 -4 16 -13 15 -15 -8 17 18 -3 -20 34 -5 -6 24 28 27 -27 -26 30 -25 -1 -32 -33 37 -19 -36 -2 -18
right_child=1 11 10 4 22 -7 13 8 -10 -11 -12 12 -14 14 -16 -17 33 20 19 -21 -22 -23 -24 29 25 26 -28 -29 -30 -31 31 32 -34 -35 35 -37 -38 -39
leaf_value=-0.0077083664615210335 -0.010021983403260867 -0.0042145802318950872 -0.0071822249553172056 -0.02365775986175897 -0.064470388384005387 0.22976177679531989 0.021515669017728362 0.049571275311247616 -0.013000154281873689 0.14380647213420597 -0.090507816253370829 0.10261957143296715 0.01188449558425231 0.17959716946417129 0.024245876696286195 -0.18474945854748989 -0.16433915862998782 -0.019678625810512586 -0.052287248566202836 0.012301610822633416 0.12418963167156852 0.11601126645171571 0.020915718723385716 -0.013527176317665392 0.0065196585164593486 0.67382951287180115 0.00010057826177789985 0.22892630262988226 -0.045191467873133127 -0.047120514674890139 0.24844053901328841 0.010948592344619278 0.1920053889330863 -0.017248508207098653 0.070327175738365583 0.0087214099923569443 0.063611259561873634 -0.043510490930033598
leaf_weight=5423 20135 39422 6345 2906 2263 213 837 18110 2667 1137 1581 1381 4177 878 1779 178 428 5567 6494 2649 411 304 1051 45782 13416 153 621 192 6898 6662 148 1067 188 10101 1801 27811 922 993
leaf_count=5423 20135 39422 6345 2906 2263 213 837 18110 2667 1137 1581 1381 4177 878 1779 178 428 5567 6494 2649 411 304 1051 45782 13416 153 621 192 6898 6662 148 1067 188 10101 1801 27811 922 993
internal_value=-0.00186834 0.00315879 0.0125967 0.0180015 0.030564 0.00367825 0.00173081 0.0395276 0.0468456 0.0551382 -0.0238033 -0.00255665 0.0344297 0.0506381 0.075582 -0.0146579 -0.00470524 -0.00192989 -0.00974187 -0.0335739 0.00873008 -0.0104301 -0.037391 -0.0120125 -0.00122359 0.0163113 0.133287 0.00965786 -0.0195993 -0.0177946 0.00626287 0.0602657 0.0380726 -0.024976 0.00738111 0.0124683 -0.00679784 -0.0799048
internal_weight=243091 162541 61306 53380 28438 24942 24729 25124 21914 19247 7926 101235 5558 3672 2657 1015 95677 84155 48565 9143 35590 3210 3314 80550 28106 14382 774 13608 13724 52444 6826 1403 1255 11522 35179 29612 21057 1421
internal_count=243091 162541 61306 53380 28438 24942 24729 25124 21914 19247 7926 101235 5558 3672 2657 1015 95677 84155 48565 9143 35590 3210 3314 80550 28106 14382 774 13608 13724 52444 6826 1403 1255 11522 35179 29612 21057 1421
is_linear=0
shrinkage=0.03


Tree=98
num_leaves=39
num_cat=0
split_feature=194 198 193 208 76 207 202 193 196 196 207 208 166 208 208 95 196 194 36 197 105 36 202 95 207 207 190 202 36 36 207 206 194 206 94 180 185 207
split_gain=12431.8 16039.1 45598.9 10822.3 9966.94 9533.69 9454.84 14375.2 12753.4 14000.7 12312.8 9053.22 8623.48 8510.33 11932 11977.9 10414.6 8948.63 8467.28 15592.7 14137.7 11493.4 11326 8229.8 8134.77 7979.59 7215.94 7051.53 6800.25 6105.63 5881.35 5727.69 5693.72 5654.87 5161.23 4744.87 4687.17 4614.3
threshold=37.500000000000007 9.8499999046325701 19.750000000000004 0.88522326946258556 57.788812637329109 0.94138324260711681 -0.88697704672813404 27.349999427795414 96.500000000000014 67.500000000000014 0.9996619224548341 0.020426410250365738 1.5000000000000002 0.99530133605003368 0.94066718220710765 11.186236381530763 1.0000000180025095e-35 80.500000000000014 314.95646667480474 990.64999389648449 23.700903892517093 249.77700042724612 0.93663650751113903 9.3092904090881365 0.99552232027053844 -0.048361575230956071 0.023515565320849422 0.59480014443397533 172.91180419921878 178.59983062744143 -0.66528618335723866 1.0000000180025095e-35 94.500000000000014 0.25000000000000011 15.007145881652834 3.0539759397506718 163.40150451660159 -0.14250824600458142
decision_type=8 10 10 2 10 2 10 10 10 10 2 2 10 2 2 8 8 10 8 8 10 10 10 8 2 2 8 10 10 10 2 2 10 2 10 10 8 2
left_child=1 2 -1 6 13 29 8 11 9 10 -4 34 -6 14 17 16 37 18 20 -20 26 -22 -21 -15 28 30 -2 -13 -9 -3 -19 -31 -18 -7 -8 -25 -14 -16
right_child=4 5 3 -5 12 33 7 24 -10 -11 -12 27 36 23 15 -17 32 25 19 22 21 -23 -24 35 -26 -27 -28 -29 -30 31 -32 -33 -34 -35 -36 -37 -38 -39
leaf_value=0.54179826917296514 0.079556440307068668 -0.022785695967788795 0.047055574535226186 0.13684319131447206 0.070008013173566919 -0.059031481840553617 -0.048644943979445611 0.012001043405404234 -0.074225830144108926 0.33553493459532141 0.23032436341913506 -0.021254452419645107 -0.08055554988875574 0.10167471352378761 0.0046438930297665873 -0.04981942677100918 -0.0048073799764742449 -0.020945568841683276 -0.13459864694058155 -0.014472543237035049 0.10242136376619178 0.020249829436357274 0.18967331865686632 0.027481280461500598 -0.031570904367463355 -0.045430645092052496 0.0002174161888060161 0.14425133975978369 0.055923379721095581 0.044936033719545958 0.011548869094459907 -0.067766303908501802 -0.10240527203914199 0.037144591144737858 -0.16311589096021867 -0.029090698492227042 -0.029695866684303782 0.12313052221203703
leaf_weight=154 1041 3339 5047 744 617 4297 809 6487 637 170 353 2749 2456 1118 468 9949 4612 13215 979 17742 2120 5523 248 5789 2003 7056 115613 253 6209 3563 8077 458 609 631 631 1734 4854 804
leaf_count=154 1041 3339 5047 744 617 4297 809 6487 637 170 353 2749 2456 1118 468 9949 4612 13215 979 17742 2120 5523 248 5789 2003 7056 115613 253 6209 3563 8077 458 609 631 631 1734 4854 804
internal_value=-0.00176812 0.0138633 0.0271067 0.0240687 -0.00471178 -0.0144232 0.0207585 0.0103249 0.0529335 0.0674759 0.0590364 -0.0369684 -0.0376931 -0.00338261 -0.00472024 -0.0291339 0.00256178 -0.00238121 0.000666073 -0.0180033 0.00351521 0.0430426 -0.0116582 0.0257284 0.0246168 -0.0177817 0.000925433 -0.00730556 0.0334814 0.00719938 -0.00861897 0.0320988 -0.0161919 -0.0467166 -0.0988065 0.0144418 -0.0467837 0.079537
internal_weight=243158 38534 26246 26092 204624 12288 25348 19141 6207 5570 5400 4442 7927 196697 188056 16442 6493 171614 143266 18969 124297 7643 17990 8641 14699 28348 116654 3002 12696 7360 21292 4021 5221 4928 1440 7523 7310 1272
internal_count=243158 38534 26246 26092 204624 12288 25348 19141 6207 5570 5400 4442 7927 196697 188056 16442 6493 171614 143266 18969 124297 7643 17990 8641 14699 28348 116654 3002 12696 7360 21292 4021 5221 4928 1440 7523 7310 1272
is_linear=0
shrinkage=0.03


Tree=99
num_leaves=39
num_cat=0
split_feature=204 204 209 200 200 204 209 193 196 201 189 201 197 196 76 183 105 56 201 204 56 202 76 183 197 76 193 77 202 161 35 94 54 201 209 76 163 197
split_gain=12749 8920.89 14065.1 11370.1 17977.3 9177.68 11232 11830.5 8698.04 8590.93 6690.71 6349.57 7698.63 10047.6 7415.82 17289 6670.64 6595.19 6143.76 5460.72 5854.22 6739.02 9995 9658.22 9607.81 7726.09 6137.93 5489.13 25593.7 5342.46 6645.93 5184.09 4750.83 4731.29 9751.55 4885.74 4726.74 4579.83
threshold=7.0000000000000009 13.000000000000002 4.5000000000000009 14.84999990463257 14.650000095367433 9.0000000000000018 1.5000000000000002 24.650000572204593 1.5000000000000002 87.500000000000014 1.3691132068634035 507.50000000000006 990.64999389648449 47.500000000000007 10.701816082000734 73.637958526611342 41.967138290405281 67.340995788574233 3182.5000000000005 1.0000000180025095e-35 77.69708633422853 -0.89490029215812672 65.815124511718764 87.80283355712892 983.54998779296886 64.060569763183608 13.949999809265138 74.985042572021499 0.8140845298767091 105.41999816894533 311.56526184082037 15.169104099273683 77.359390258789077 52.500000000000007 5.5000000000000009 20.665897369384769 16.224999427795414 981.75000000000011
decision_type=2 2 2 10 10 2 2 8 8 10 8 8 10 10 10 10 10 8 10 2 8 8 10 10 10 8 10 8 10 2 10 10 10 8 2 10 10 10
left_child=19 2 3 4 5 6 -2 -8 9 -4 -3 17 14 32 15 -13 -16 -10 -12 -1 21 22 36 24 -24 27 -22 33 -29 -11 -31 -27 -14 34 -23 -35 -21 -38
right_child=1 10 8 -5 -6 -7 7 -9 11 29 18 12 13 -15 16 -17 -18 -19 -20 20 26 25 23 -25 -26 31 -28 28 -30 30 -32 -33 -34 35 -36 -37 37 -39
leaf_value=0.0020864950941913659 -0.014644984795327635 0.040470440742894978 -0.078618989886414858 -0.01243207040436568 0.36250932561083876 0.023219762649136434 0.022022737485381201 0.11976326404293197 -0.018725673283931904 0.017066964388345977 -0.0025669265607920996 0.016521921108094494 0.10960470746105597 -0.036776889278655446 -0.0067201402711363958 0.26800597140567034 -0.15677081635868534 -0.1007299051487789 -0.052119584328516273 -0.022654710354890587 -0.055396290445449838 -0.090655510342888254 0.15176789179379824 0.2986146726730996 -0.13966704656285961 -0.030596611436728035 0.012503579824458497 -0.012675557226449505 0.35324284640114595 0.11638744674707766 0.024064381050274895 -0.11634155747949251 0.35001312801064555 -0.022867458112442375 0.0098192199589797035 -0.00086685057413453718 0.099130514099217915 0.010936397274584529
leaf_weight=20111 1213 3182 618 4658 154 13490 1674 3335 3652 4327 95915 1840 150 228 21405 284 270 1164 2306 3811 5744 2101 283 199 159 1466 1514 1043 206 1403 1404 1119 146 20190 1483 16516 607 4173
leaf_count=20111 1213 3182 618 4658 154 13490 1674 3335 3652 4327 95915 1840 150 228 21405 284 270 1164 2306 3811 5744 2101 283 199 159 1466 1514 1043 206 1403 1404 1119 146 20190 1483 16516 607 4173
internal_value=-0.00171144 0.00312164 0.0121449 0.0297533 0.0396445 0.037122 0.0672634 0.0870987 0.000439347 0.0286818 -0.0023433 -0.00707413 -0.000842631 0.112902 -0.00334708 0.0501491 -0.00858937 -0.0385459 -0.00373032 -0.0114595 -0.0159539 -0.0125153 0.0107934 0.125069 0.0469288 -0.0173921 -0.0412325 -0.0142605 0.047678 0.0379771 0.0702098 -0.0677145 0.228193 -0.0161806 -0.0490807 -0.0129682 0.00226673 0.0221362
internal_weight=243543 162818 61415 24524 19866 19712 6222 5009 36891 7752 101403 29139 24323 524 23799 2124 21675 4816 98221 80725 60614 53356 9232 641 442 44124 7258 41539 1249 7134 2807 2585 296 40290 3584 36706 8591 4780
internal_count=243543 162818 61415 24524 19866 19712 6222 5009 36891 7752 101403 29139 24323 524 23799 2124 21675 4816 98221 80725 60614 53356 9232 641 442 44124 7258 41539 1249 7134 2807 2585 296 40290 3584 36706 8591 4780
is_linear=0
shrinkage=0.03


Tree=100
num_leaves=39
num_cat=0
split_feature=204 194 204 207 198 207 201 207 199 201 198 199 36 209 208 199 204 207 207 207 97 208 96 208 207 201 207 207 199 207 208 36 204 194 208 194 36 201
split_gain=12319.1 13162.3 12799.5 25859.6 24102.7 46890.4 38489.9 15903.4 14611.6 11347 9563.86 9557.17 12573.2 8740.61 12322.8 13080.5 8179 8104.7 17982.7 7796.99 7369.41 6792.79 8668.6 6719.64 7765.72 6207.71 8785.28 7119.43 7532.96 5994.67 14368.4 6319.39 6380.48 13150.8 7761.88 5914.31 5269.54 5659.8
threshold=5.0000000000000009 66.500000000000014 13.000000000000002 0.86113432049751293 6.7500000000000009 0.99983760714530956 157.50000000000003 0.9731498956680299 264.50000000000006 757.50000000000011 9.8499999046325701 272.50000000000006 201.80030822753909 11.500000000000002 0.58307701349258434 120.50000000000001 1.0000000180025095e-35 0.99274429678916942 0.97508442401885997 0.94138324260711681 6.1264173984527597 0.99530133605003368 7.2727870941162118 0.68901559710502636 -0.75579217076301564 862.50000000000011 0.9646572768688203 0.98522606492042553 83.500000000000014 -0.47558552026748652 0.83258596062660228 159.15181732177737 19.000000000000004 52.500000000000007 0.99803557991981517 30.500000000000004 192.46467590332034 52.500000000000007
decision_type=2 10 2 2 8 2 10 2 10 10 10 10 10 2 2 8 2 2 2 2 2 2 8 2 2 10 2 2 8 2 2 10 2 8 2 8 8 8
left_child=16 2 3 11 5 7 -7 8 -5 -9 17 13 -13 14 -2 -16 -1 18 -6 29 -18 22 -3 24 -14 26 35 -28 -29 30 -4 -31 33 -33 -34 -21 37 -22
right_child=1 21 19 4 10 6 -8 9 -10 -11 -12 12 23 -15 15 -17 20 -19 -20 25 36 -23 -24 -25 -26 -27 27 28 -30 31 -32 32 34 -35 -36 -37 -38 -39
leaf_value=0.0021948696058286038 -0.014206198806177057 -0.0032291878768205069 -0.0008414837036031939 0.057161542792532223 0.025227281312406074 0.76457900125746414 0.16347479388373298 0.062291164707771657 0.17928409473396276 -0.061038757932600898 -0.021990025563685879 -0.0016430654428720444 0.087780637033088652 -0.041754020292098168 0.25278867750877049 0.022194000119162796 -0.016219414530379013 -0.015077234821326708 0.13984985815669371 0.054384510127061067 -0.16558672960866913 0.036248074414042104 -0.031865602091817859 0.042602760677017092 0.26076099320544283 -0.044374684485119005 0.047595634550505674 0.060263732125813978 -0.027858495614511383 -0.0093938209002427785 -0.083103194412991535 0.036289972455920728 0.033239595527572108 -0.01537509444253277 0.1717972715096942 -0.070971076275585604 -0.024172756049535248 -0.060537538427429788
leaf_weight=19996 16118 21569 26919 1886 5072 161 237 1972 1656 1018 3434 4505 1055 4705 226 10845 34790 2052 1627 396 590 2391 17022 2414 300 5822 2849 1084 4486 9601 2057 8194 9112 9663 379 2342 2697 2121
leaf_count=19996 16118 21569 26919 1886 5072 161 237 1972 1656 1018 3434 4505 1055 4705 226 10845 34790 2052 1627 396 590 2391 17022 2414 300 5822 2849 1084 4486 9601 2057 8194 9112 9663 379 2342 2697 2121
internal_value=-0.00171013 0.00215919 0.00647664 0.0171208 0.0458431 0.0905128 0.406648 0.0712498 0.114258 0.0203011 0.020438 0.0034525 0.0321829 -0.0040008 0.00253231 0.0269015 -0.0134844 0.0370873 0.0530661 -0.00113478 -0.0212838 -0.0128202 -0.0158604 0.0726144 0.126081 -0.0192634 -0.00615971 0.00902165 -0.0107085 0.00353426 -0.00668126 0.0115454 0.0188966 0.00833232 0.0387728 -0.0528405 -0.0538633 -0.0834002
internal_weight=243363 183169 142187 59283 19115 6930 398 6532 3542 2990 12185 40168 8274 31894 27189 11071 60194 8751 6699 82904 40198 40982 38591 3769 1355 16979 11157 8419 5570 65925 28976 36949 27348 17857 9491 2738 5408 2711
internal_count=243363 183169 142187 59283 19115 6930 398 6532 3542 2990 12185 40168 8274 31894 27189 11071 60194 8751 6699 82904 40198 40982 38591 3769 1355 16979 11157 8419 5570 65925 28976 36949 27348 17857 9491 2738 5408 2711
is_linear=0
shrinkage=0.03


Tree=101
num_leaves=39
num_cat=0
split_feature=194 205 200 205 204 204 208 208 194 208 95 208 208 197 191 204 77 200 197 95 208 203 59 163 141 208 94 200 194 208 195 163 208 199 190 181 75 204
split_gain=11433.8 13519.5 12247.8 17586.5 12415.6 17539.1 10775.8 8719.87 9647.74 8839.15 16167.2 9957.89 13324.1 12449.2 10435.5 9757.2 9253.32 8532.57 8284.88 8268.08 8160.78 8158.04 8003.82 7646.59 7562.61 7738 10669.2 7553.56 7059.53 6766.63 6661.79 6049.05 8120.41 5477.44 5145.66 9440.43 5132.26 4944.47
threshold=37.500000000000007 -0.68301269412040699 13.949999809265138 0.93301269412040722 7.0000000000000009 9.0000000000000018 0.94066718220710765 0.99530133605003368 80.500000000000014 0.84199059009552013 13.653283119201662 0.16587474942207339 0.19969739764928821 989.54998779296886 7.7462499141693124 5.0000000000000009 63.429540634155281 13.550000190734865 982.35000610351574 9.2354660034179705 0.57605713605880748 -0.8703225553035735 0.58385974168777477 41.740001678466804 -15.393112182617186 0.10623887926340105 15.007145881652834 12.150000095367433 27.500000000000004 0.11478523537516595 0.45000000298023229 89.779998779296889 0.92191100120544445 286.50000000000006 0.36548222601413732 96.000000000000014 61.825325012207038 19.000000000000004
decision_type=8 2 10 2 2 2 2 2 10 2 8 2 2 8 8 2 10 10 10 10 2 10 10 10 10 2 10 10 10 2 10 10 2 10 10 2 10 2
left_child=1 -1 3 4 17 18 21 8 9 11 27 24 13 -13 22 -15 37 -3 33 -10 -16 -7 -14 -9 29 36 -27 31 -20 30 -2 32 -11 -6 35 -4 -26 -12
right_child=7 2 34 -5 5 6 -8 23 19 10 16 12 14 15 20 -17 -18 -19 28 -21 -22 -23 -24 -25 25 26 -28 -29 -30 -31 -32 -33 -34 -35 -36 -37 -38 -39
leaf_value=-0.011872339566382941 -0.0046071988643669034 -0.079012046139214642 0.21850690987539495 0.27952881083967568 -0.040754786148333132 -0.040244965987093685 0.24485888932340633 -0.0030128979036612817 -0.012358754328637617 0.060245428567749934 -0.044727285577122647 0.018656436964597598 0.030656935623322543 -0.010788815773831263 -0.0087916002631087745 0.18842791356935518 -0.11878826148559463 0.1505975761704855 0.12686637118900751 -0.047999381292062292 0.013949106401154722 0.044351206798265499 0.13333261946936539 0.053450083405304688 -0.0092980369437630477 -0.013243087687780427 -0.1518410017755859 0.054300294764268175 0.33443398215802622 0.053392607099100313 0.10253923398068211 -0.023143095515261697 -0.012593132887044741 0.18917435164994983 -0.005243852607454233 0.023647589870862223 -0.050874501538388885 0.009723455051787613
leaf_weight=12807 47875 1095 247 284 208 1153 225 4348 25458 2327 8650 1732 4175 287 29324 966 1348 168 266 7609 27542 9310 817 4287 14818 1055 950 2114 331 1962 528 8161 3376 169 9933 2378 3260 1816
leaf_count=12807 47875 1095 247 284 208 1153 225 4348 25458 2327 8650 1732 4175 287 29324 966 1348 168 266 7609 27542 9310 817 4287 14818 1055 950 2114 331 1962 528 8161 3376 169 9933 2378 3260 1816
internal_value=-0.00166324 0.0133196 0.0258408 0.0460079 0.0408766 0.0505528 0.0394463 -0.00448546 -0.00578433 -0.00278839 -0.0181982 0.000377149 0.00886062 0.0707669 0.00587327 0.142797 -0.0448079 -0.048469 0.172425 -0.02056 0.00222244 0.0350288 0.0474613 0.0250191 -0.00743135 -0.0229972 -0.0789135 0.00147685 0.241954 -0.00122447 -0.00343837 -0.00657774 0.0171272 0.062318 0.00462814 0.0419838 -0.0167956 -0.0352793
internal_weight=243359 38574 25767 13209 12925 11662 10688 204785 196150 163083 27792 135291 64843 2985 61858 1253 11814 1263 974 33067 56866 10463 4992 8635 70448 20083 2005 15978 597 50365 48403 13864 5703 377 12558 2625 18078 10466
internal_count=243359 38574 25767 13209 12925 11662 10688 204785 196150 163083 27792 135291 64843 2985 61858 1253 11814 1263 974 33067 56866 10463 4992 8635 70448 20083 2005 15978 597 50365 48403 13864 5703 377 12558 2625 18078 10466
is_linear=0
shrinkage=0.03


Tree=102
num_leaves=39
num_cat=0
split_feature=194 198 205 194 206 204 204 199 196 56 204 194 194 194 199 199 205 190 205 96 164 198 96 204 189 99 198 197 77 205 59 199 129 197 96 196 141 196
split_gain=10881.1 14425.1 14069.8 22729.4 11829.3 10983.1 7956.22 7869.42 7388.5 7120.74 8459.11 7110.95 7049.87 6956.25 6574.77 6329.76 6296.14 6266.51 5956.83 9018.35 7169.98 8683.26 9829.41 8160.85 6196.89 5910.76 5871.11 5794.31 5656.05 5755.51 5306.6 22937.6 4890.54 4848.38 4714.29 4651.88 4613.19 4567.12
threshold=37.500000000000007 8.6500000953674334 0.93301269412040722 34.500000000000007 -0.25000000000000006 9.0000000000000018 7.0000000000000009 265.50000000000006 24.500000000000004 64.927497863769545 13.000000000000002 30.500000000000004 8.5000000000000018 18.500000000000004 265.50000000000006 217.50000000000003 0.25000000000000011 0.07721304148435594 1.0000000180025095e-35 19.232341766357425 4.5000000000000009 4.5499999523162851 7.6287240982055673 11.000000000000002 1.3691132068634035 0.32768321037292486 5.0499999523162851 982.14999389648449 45.365079879760749 -0.68301269412040699 0.58385974168777477 126.50000000000001 131.75000000000003 985.45001220703136 9.5915107727050799 72.500000000000014 -16.332290649414059 1.0000000180025095e-35
decision_type=8 10 2 10 2 2 2 10 10 8 2 10 8 10 10 10 2 8 2 8 2 8 10 2 8 2 10 10 10 2 10 10 10 10 10 10 10 10
left_child=1 2 4 14 5 7 17 15 18 36 34 32 -7 35 -4 -1 -13 30 19 24 -20 -22 -23 -24 -8 -19 -16 -9 -14 -30 -2 -32 -6 -29 -11 -3 -10 -34
right_child=6 13 3 -5 11 12 8 27 9 10 -12 16 28 -15 26 -17 -18 25 20 -21 21 22 23 -25 -26 -27 -28 33 29 -31 31 -33 37 -35 -36 -37 -38 -39
leaf_value=0.13412570827395462 0.006409898117759198 -0.042117373465975175 -0.036760957382606672 0.45438569016083863 0.0080228942242285186 -0.12812647939589 0.049809582692675269 0.053682196798614051 0.0046251649343359734 -0.00023509805178047877 -0.01409942163466142 -0.011704860675659028 0.067947046105927306 0.0068865603950491565 0.015261311355503617 -0.089616749601844597 -0.1082139495860459 -0.009559266619600798 -0.0060375196383869907 -0.02748236722276165 -0.015736644650827296 -0.00039539847528477468 0.058420906389492648 0.0095064526898870887 0.0013814629660470847 -0.029948476934135406 0.24069887676142221 0.33839686901925026 -0.036175707327912643 0.035105075945128655 0.40685844130467474 0.0072677959077211592 0.14319511172546331 0.15989294816446015 -0.11577428190304077 0.044815886324092766 -0.019910642026501543 -0.035709243386133994
leaf_weight=247 5222 5502 297 173 5687 235 2504 209 16003 397 3226 2134 3660 10490 178 211 851 51964 11229 9939 4381 6406 10471 4343 47275 16977 250 246 1262 5305 163 625 475 309 1594 616 12120 176
leaf_count=247 5222 5502 297 173 5687 235 2504 209 16003 397 3226 2134 3660 10490 178 211 851 51964 11229 9939 4381 6406 10471 4343 47275 16977 250 246 1262 5305 163 625 475 309 1594 616 12120 176
internal_value=-0.00148503 0.0131449 0.0291318 0.14542 0.0241607 0.0442702 -0.00423569 0.129376 0.000255612 -0.0119204 -0.0441104 -0.00104143 0.0343294 -0.00794089 0.0716891 0.0310473 -0.0392192 -0.012019 0.00446023 -0.00139178 0.013949 0.0227154 0.0306541 0.0440808 0.00381753 -0.0145802 0.146945 0.18832 0.0380625 0.0214067 0.0173606 0.0899286 0.0169391 0.239019 -0.0927364 -0.0333642 -0.00594887 0.0948273
internal_weight=243352 38513 21905 898 21007 11684 204839 1222 129888 33340 5217 9323 10462 16608 725 458 2985 74951 96548 59718 36830 25601 21220 14814 49779 68941 428 764 10227 6567 6010 788 6338 555 1991 6118 28123 651
internal_count=243352 38513 21905 898 21007 11684 204839 1222 129888 33340 5217 9323 10462 16608 725 458 2985 74951 96548 59718 36830 25601 21220 14814 49779 68941 428 764 10227 6567 6010 788 6338 555 1991 6118 28123 651
is_linear=0
shrinkage=0.03


Tree=103
num_leaves=39
num_cat=0
split_feature=206 166 36 132 96 159 79 182 54 192 74 96 105 199 94 185 201 206 123 57 192 151 56 163 104 189 183 163 96 197 54 74 183 185 76 201 55 201
split_gain=7768.23 5973.07 8753.49 15546.8 13536.3 9560.26 9858.62 9449.74 8427.78 7535.66 13625.2 6944.54 6523.98 5723.61 5585.63 5037.8 4973.4 6675.46 18527.2 7483.87 4937.17 4853.28 4697.42 6079.69 4297.11 4113.93 4110.83 3941.66 3883.12 3848.17 5707.51 3707.54 3648.78 3583.85 3576.47 8903.61 5430.53 3727.47
threshold=-0.68301269412040699 53.500000000000007 174.03518676757815 -70.182922363281236 22.811763763427738 3.2384861707687382 1.5338507890701296 1.0000000180025095e-35 44.149335861206062 1.0352542996406557 55.561811447143562 13.897732257843019 19.058860778808597 266.50000000000006 24.338659286499027 583.95001220703136 257.50000000000006 1.0000000180025095e-35 19.716061592102054 49.104753494262702 0.36328169703483587 10.174999713897707 64.146907806396499 93.340000152587905 -12.704257011413572 124.08800125122072 524.38598632812511 11.794999599456789 24.765305519104007 990.64999389648449 81.333145141601577 54.214395523071296 58.721345901489265 163.40150451660159 8.5202026367187518 577.50000000000011 29.867062568664554 2297.5000000000005
decision_type=2 10 10 8 10 2 10 2 10 10 10 8 10 10 10 10 10 2 10 10 8 10 10 10 8 10 10 10 10 8 10 10 10 10 8 8 10 10
left_child=14 2 4 7 12 6 22 8 -4 10 -8 15 16 -9 34 21 17 18 -2 -19 -6 -7 23 -5 -3 -15 -24 -16 -22 30 33 -11 -10 -26 35 -1 -36 -38
right_child=1 24 3 5 20 11 9 13 32 31 -12 -13 -14 25 27 -17 -18 19 -20 -21 28 -23 26 -25 29 -27 -28 -29 -30 -31 -32 -33 -34 -35 36 -37 37 -39
leaf_value=0.21246266514690856 0.0053252373536931711 0.016451347821823468 -0.074644051962025657 -0.0025819529084096381 -0.13084264833255035 -0.027725882883436234 0.02541373925818198 -0.040940984151229626 0.18479954353620331 0.0017305626976919502 0.11847417724828865 -0.052391314442053895 -0.065822158427399607 0.061978015385492725 -0.050748548807452956 0.11445535101349631 -0.016722457343125784 -0.0070282502374172887 0.11300240661856048 0.10359306585978402 -0.073434836228943937 0.053386723783319399 -0.015535929428944184 0.033257936314989155 -0.066399586622204756 -0.077647904901135364 0.12379034579842034 0.056825360426021869 0.0036718678871056386 -0.016040596576214362 -0.10355350823113493 -0.08571696227081374 0.095540765256130852 0.0038195381694480211 -0.015565082564662781 0.0075151542141980165 0.011641196919904661 -0.016524275571383484
leaf_weight=261 12275 3130 222 14180 824 2792 9097 941 566 1976 1677 4622 1607 1900 342 327 22891 46498 1629 557 1684 871 15217 6089 1094 211 193 2957 903 23189 1174 560 1517 1627 9951 709 42346 4698
leaf_count=261 12275 3130 222 14180 824 2792 9097 941 566 1976 1677 4622 1607 1900 342 327 22891 46498 1629 557 1684 871 15217 6089 1094 211 193 2957 903 23189 1174 560 1517 1627 9951 709 42346 4698
internal_value=-0.00153764 -0.00464741 -0.00222321 0.00633506 -0.00828626 0.00178871 0.00691312 0.0552194 0.101068 0.0289473 0.039899 -0.0273613 -0.00594706 0.0205923 0.0077027 0.00163343 -0.00479954 -0.000322296 0.0179408 -0.00571877 -0.0668907 -0.00843847 -0.00130669 0.00818468 -0.016829 0.0480216 -0.0137909 0.0456732 -0.0465204 -0.0206752 -0.0482669 -0.0175797 0.119795 -0.0244126 0.00554165 0.0626627 0.00456949 0.00882847
internal_weight=243304 182040 151826 62958 88868 57601 48989 5357 2305 13310 10774 8612 85457 3052 61264 3990 83850 60959 13904 47055 3411 3663 35679 20269 30214 2111 15410 3299 2587 27084 3895 2536 2083 2721 57965 970 56995 47044
internal_count=243304 182040 151826 62958 88868 57601 48989 5357 2305 13310 10774 8612 85457 3052 61264 3990 83850 60959 13904 47055 3411 3663 35679 20269 30214 2111 15410 3299 2587 27084 3895 2536 2083 2721 57965 970 56995 47044
is_linear=0
shrinkage=0.03


Tree=104
num_leaves=39
num_cat=0
split_feature=204 208 36 208 95 196 208 114 76 204 193 194 105 132 208 129 173 204 194 194 204 194 194 194 202 183 97 196 36 208 197 202 194 193 132 208 55 96
split_gain=10041.2 7953 8967.89 9962.84 9561.86 9510.11 6567.58 12142.2 6540.09 18218.9 6311.37 6820.42 6094.03 6829.42 16462.3 10524.8 7333.41 6324.91 5734.54 8385.15 10931.5 7792.55 9075.36 10224.2 6586.04 5580.81 5183.59 5766.06 8116.08 9552.09 26488.6 73097.4 8626.98 16427.2 6873.09 6560.21 5792.34 6215.74
threshold=7.0000000000000009 0.11478523537516595 245.85413360595706 0.99138912558555614 9.3092904090881365 98.500000000000014 0.83258596062660228 209.00709533691409 11.936722278594972 9.0000000000000018 33.350000381469734 28.500000000000004 25.544976234436039 -47.725591659545891 0.21652257442474368 105.72916793823244 130.15999603271487 13.000000000000002 11.500000000000002 36.500000000000007 9.0000000000000018 34.500000000000007 32.500000000000007 28.500000000000004 0.04361772537231446 27.505083084106449 10.607385635375978 12.500000000000002 159.15181732177737 0.66367807984352123 987.54998779296886 0.8140845298767091 40.500000000000007 19.750000000000004 -66.787189483642564 0.49626980721950537 66.574756622314467 21.626852035522464
decision_type=2 2 8 2 10 10 2 10 8 2 10 10 10 10 2 8 2 2 8 8 2 10 10 10 10 8 2 8 10 2 10 10 10 10 10 2 10 10
left_child=26 18 10 5 -5 6 8 -8 9 -4 12 -12 13 14 15 -3 17 -15 -2 20 21 22 23 -20 -22 -16 27 28 -1 30 32 35 33 -30 -31 -32 -29 -38
right_child=1 2 3 4 -6 -7 7 -9 -10 -11 11 -13 -14 16 25 -17 -18 -19 19 -21 24 -23 -24 -25 -26 -27 -28 36 29 34 31 -33 -34 -35 -36 -37 37 -39
leaf_value=-0.017247038179867925 -0.050818778791789046 0.029186533780519122 0.3909868778653513 0.10110555289883168 0.013048041271262835 -0.082445213759674896 -0.032313215615338793 0.049680827839729019 0.0020867433929656135 0.030933015307412142 0.050150684262361758 0.2364883572126148 0.071077365334738268 0.019873439562637686 0.13328245286763671 0.12718079471494786 0.16236776344453238 -0.018355345618780949 0.05218149511066629 -0.0083412609530245652 -0.0051682628943415226 0.29105366327176452 -0.14167830306318022 0.26457877189154855 0.038647437783100154 0.011985492375556477 -0.054769457895778619 -0.010122879037987656 0.35557707403233352 0.09800096006226261 0.020037254033343343 0.6530765377582548 -0.014157779831999982 0.03417770543673837 -0.022221344679590121 0.12409157898166069 -0.043706421321601879 0.048371236011360771
leaf_weight=11155 2322 1926 145 1348 6281 1537 11766 1886 14142 990 825 225 1727 6244 346 2022 242 10354 960 56933 10167 159 162 259 4434 25529 2283 42257 155 463 1144 212 5227 1867 5657 1042 8408 716
leaf_count=11155 2322 1926 145 1348 6281 1537 11766 1886 14142 990 825 225 1727 6244 346 2022 242 10354 960 56933 10167 159 162 259 4434 25529 2283 42257 155 463 1144 212 5227 1867 5657 1042 8408 716
internal_value=-0.00154767 0.0027366 0.00888792 -0.00205115 0.0286074 -0.0097284 -0.00586491 -0.0209858 0.00764759 0.0769343 0.0173168 0.0900823 0.0157379 0.0136897 0.022314 0.0793754 -0.0015835 -0.00397404 -0.0044051 -0.00293025 0.0161556 0.0921751 0.0692753 0.0973114 0.00813758 0.0136075 -0.0102097 -0.00891054 0.00233599 0.0161908 0.0347892 0.12122 0.0061974 0.0588169 -0.0131259 0.0696373 -0.0148034 -0.0364806
internal_weight=243517 162931 87535 38095 7629 30466 28929 13652 15277 1135 49440 1050 48390 46663 29823 3948 16840 16598 75396 73074 16141 1540 1381 1219 14601 25875 80586 78303 26922 15767 9647 2398 7249 2022 6120 2186 51381 9124
internal_count=243517 162931 87535 38095 7629 30466 28929 13652 15277 1135 49440 1050 48390 46663 29823 3948 16840 16598 75396 73074 16141 1540 1381 1219 14601 25875 80586 78303 26922 15767 9647 2398 7249 2022 6120 2186 51381 9124
is_linear=0
shrinkage=0.03


Tree=105
num_leaves=39
num_cat=0
split_feature=208 96 208 55 198 206 208 36 36 208 207 207 96 207 207 208 193 207 56 140 207 207 209 208 199 208 186 201 207 201 205 208 201 96 201 180 114 208
split_gain=7004.94 12893 10759.2 9241.39 9400.64 8087.68 10511.1 7329.72 10641.2 12689.1 13034.9 41121.2 10529.4 7972.6 9043.38 7923.7 11048.4 6832.66 13225.2 8112.99 8180.11 7900.21 6726.46 6575.1 6658.4 6259.25 9469.83 5895.35 9041.65 5118.19 4844.02 4739.34 4390.94 3904.29 3853.86 3488.48 3441.08 4194.36
threshold=0.99349221587181102 9.5915107727050799 0.94636487960815441 78.165645599365249 8.8499999046325701 -0.68301269412040699 0.16587474942207339 314.95646667480474 178.59983062744143 -0.4906590580940246 -0.94705909490585316 -0.9413962960243224 20.930971145629886 0.98667103052139293 0.76140651106834423 0.43540433049201971 16.550000190734867 0.98049071431159984 47.070228576660163 -3.5548541545867915 -0.75579217076301564 -0.73282214999198902 3.5000000000000004 0.8930937945842744 124.50000000000001 0.84658399224281322 7.386533498764039 767.50000000000011 0.9937499761581422 107.50000000000001 0.25000000000000011 0.92191100120544445 567.50000000000011 22.811763763427738 17.500000000000004 3.0539759397506718 -106.9636764526367 -0.94426098465919484
decision_type=2 8 2 8 10 2 2 8 10 2 2 2 10 2 2 2 8 2 10 10 2 2 2 2 8 2 8 10 2 8 2 2 8 10 8 10 8 2
left_child=2 -2 5 4 30 6 22 8 12 -10 -11 -12 15 14 -14 16 -7 19 -19 23 -21 -22 27 24 -8 34 -27 28 -1 -15 -4 -25 -17 -29 -9 -3 37 -24
right_child=1 35 3 -5 -6 7 17 25 9 10 11 -13 13 29 -16 32 -18 18 -20 20 21 -23 36 31 -26 26 -28 33 -30 -31 -32 -33 -34 -35 -36 -37 -38 -39
leaf_value=0.14113637318180233 0.1009453768584154 0.018545385011715671 0.0012885116920362376 -0.062513754421396339 0.12609261472321881 0.24640399969142807 0.069889585998723192 0.067744867967950387 -0.042426937722495194 -0.10389959172872716 0.3563213315326853 0.012448282088716371 -0.1026844853927586 -0.1610472000307753 0.025557254305762566 -0.072517370336154227 -0.0039055374427592916 0.3193272173410574 0.03133891307755271 -0.030325111164248617 0.29378177041422843 0.082676294897174415 -0.048512161007692421 0.10612708926898697 0.0044373927037358058 -0.12127919281809232 -0.024661005303025136 -0.05818046525996682 -0.047582507697108881 -0.062640301941652557 -0.043007677500020602 0.01644796011286782 -0.019074412244733427 -0.16966589303375454 -0.015895118202781333 -0.027225045135455445 -0.0060343099554062375 0.022477675109182318
leaf_weight=324 1602 6658 5252 4663 430 159 1517 518 4075 849 315 48507 684 604 1790 2242 82529 204 484 537 176 1706 820 1156 17956 1322 2951 1420 775 2239 3851 980 3614 353 11566 1934 17839 8657
leaf_count=324 1602 6658 5252 4663 430 159 1517 518 4075 849 315 48507 684 604 1790 2242 82529 204 484 537 176 1706 820 1156 17956 1322 2951 1420 775 2239 3851 980 3614 353 11566 1934 17839 8657
internal_value=-0.00153075 0.0228112 -0.00259545 -0.0279048 -0.010976 -0.000953855 0.00901199 -0.00429096 -0.00217947 0.00846521 0.0126404 0.014667 -0.00827475 -0.0492788 -0.00989852 -0.00581247 -0.00342419 0.0235188 0.116735 0.0208497 0.0729514 0.10242 -0.00286523 0.0150171 0.00953635 -0.0233452 -0.0545535 -0.0465382 0.00805473 -0.0835476 -0.0174509 0.0649826 -0.0395355 -0.0803779 -0.0123097 0.00824271 0.00172654 0.0163352
internal_weight=243258 10194 233064 14196 9533 218868 54904 163964 147607 53746 49671 48822 93861 5317 2474 88544 82688 24716 688 24028 2419 1882 30188 21609 19473 16357 4273 2872 1099 2843 9103 2136 5856 1773 12084 8592 27316 9477
internal_count=243258 10194 233064 14196 9533 218868 54904 163964 147607 53746 49671 48822 93861 5317 2474 88544 82688 24716 688 24028 2419 1882 30188 21609 19473 16357 4273 2872 1099 2843 9103 2136 5856 1773 12084 8592 27316 9477
is_linear=0
shrinkage=0.03


Tree=106
num_leaves=39
num_cat=0
split_feature=204 194 204 207 198 207 16 193 197 207 197 198 198 207 207 95 203 203 204 208 207 207 204 209 208 194 207 197 207 203 196 207 208 104 95 207 99 208
split_gain=9437.62 11139.7 10686.1 21951.4 20872.5 41881.2 28673.6 12963.8 12352.7 19567.9 10774.2 10232.1 9086.54 9091.86 14188.6 8739.56 8785.24 7705.38 7413.85 11001 10397.3 9558.52 7267.23 7218.55 9539.02 6664.89 5808.89 36930 26822 5710.95 5516.96 9936.97 5249.35 5129.3 6715.56 5279.21 5092.51 5458.06
threshold=5.0000000000000009 66.500000000000014 13.000000000000002 0.86113432049751293 6.3500001430511483 0.99983760714530956 57.616512298583991 18.849999427795414 990.45001220703136 -0.65234524011611927 983.25000000000011 3.4500000476837163 9.8499999046325701 0.99274429678916942 0.97508442401885997 10.481498241424562 0.078456107527017607 -0.21643137186765668 19.000000000000004 0.99803557991981517 -0.0053757284767925731 0.98522606492042553 1.0000000180025095e-35 11.500000000000002 0.57605713605880748 19.500000000000004 -0.90529522299766529 987.64999389648449 -0.9413962960243224 -0.43049471080303187 21.500000000000004 0.98049071431159984 0.99530133605003368 3.9661231040954594 8.8382978439331072 -0.99763298034667958 0.22767165303230288 -0.31800055503845209
decision_type=2 10 2 2 8 2 10 10 10 2 10 8 10 2 2 10 10 10 2 2 2 2 2 2 2 10 2 10 2 10 8 2 2 10 10 2 2 2
left_child=22 2 3 8 5 7 -7 -5 11 17 -9 29 13 14 -6 -11 -17 -10 21 -20 -21 25 -1 24 -13 30 27 -24 -29 -2 -4 -32 -3 35 -35 -27 -28 -38
right_child=1 32 18 4 12 6 -8 10 9 15 -12 23 -14 -15 -16 16 -18 -19 19 20 -22 -23 26 -25 -26 33 36 28 -30 -31 31 -33 -34 34 -36 -37 37 -39
leaf_value=0.0031371449673956242 -0.18216750252850303 -0.014365391256584681 -0.056476678286701415 0.33374765838171233 0.028901592857185136 0.13233452892525713 0.64747208212910368 0.12493172425948866 0.34003446865769893 0.078599454599898977 0.032967184747884307 -0.0069676343869658347 -0.021242060691743204 -0.015959048433525021 0.1275407082239349 -0.11204643072940144 0.016633342085052686 0.12219298394257219 0.0090268300254194838 -0.0152895133430783 0.30251015188493641 -0.045364799836350514 -0.010898625690255601 -0.036130624073738273 0.028510125403882161 -0.06301059926538212 -0.011111286573533125 0.6080915205376114 0.082810439421896587 -0.046361203458673644 -0.011249037251023761 0.17384746378370922 0.031374970939922794 0.046793344145105047 -0.018369438635950527 0.026675230195551507 -0.0084314811008936019 -0.044433769794081104
leaf_weight=19967 364 38711 2450 160 5539 195 194 1620 170 1193 3923 18967 3415 2319 1720 679 1609 1041 29234 158 224 5420 5168 4224 10651 623 15902 151 208 1189 23175 264 2398 1721 8231 11388 5291 13358
leaf_count=19967 364 38711 2450 160 5539 195 194 1620 170 1193 3923 18967 3415 2319 1720 679 1609 1041 29234 158 224 5420 5168 4224 10651 623 15902 151 208 1189 23175 264 2398 1721 8231 11388 5291 13358
internal_value=-0.00132771 0.00205582 0.00603564 0.0157739 0.0422559 0.088074 0.389252 0.0675301 0.00316614 0.0489058 0.059845 -0.00289716 0.0207732 0.0357536 0.052274 0.01277 -0.0215545 0.152776 -0.000916311 0.0111169 0.171066 -0.00760608 -0.0116493 0.000558169 0.0057906 -0.00332929 -0.0190159 0.00954018 0.303762 -0.0781933 -0.0136416 -0.00916416 -0.0116972 0.00882638 -0.00710076 0.0220232 -0.023584 -0.0342194
internal_weight=243214 183169 142060 59172 19085 6092 389 5703 40087 4692 5543 35395 12993 9578 7259 3481 2288 1211 82888 29616 382 53272 60045 33842 29618 47852 40078 5527 359 1553 25889 23439 41109 21963 9952 12011 34551 18649
internal_count=243214 183169 142060 59172 19085 6092 389 5703 40087 4692 5543 35395 12993 9578 7259 3481 2288 1211 82888 29616 382 53272 60045 33842 29618 47852 40078 5527 359 1553 25889 23439 41109 21963 9952 12011 34551 18649
is_linear=0
shrinkage=0.03


Tree=107
num_leaves=39
num_cat=0
split_feature=204 205 196 203 207 203 207 198 77 95 209 207 204 185 123 203 204 203 56 207 16 97 132 207 196 179 196 75 203 201 207 56 198 207 198 203 207 207
split_gain=9127.9 6842.09 9489.08 7865.18 6185.29 6046.83 7091.16 21132.4 6849.09 6932.05 6558.04 9375.61 6326.39 9609.59 5383.83 5361.23 5179.96 6269.83 7682.64 5750.03 5157.34 4991.01 7658.19 5878.15 5513.81 7500.93 14727.4 44096.4 75108.1 8244.57 6492.26 4733.49 4722.26 11572.5 15097.3 14694.1 4762.38 11496.4
threshold=7.0000000000000009 -0.68301269412040699 1.5000000000000002 -0.14780378341674802 0.99168354272842418 0.93038213253021251 0.9260200858116151 6.1499998569488534 48.498342514038093 11.947134017944338 1.5000000000000002 0.039769539609551437 11.000000000000002 361.40849304199224 54.725788116455085 -0.8703225553035735 19.000000000000004 0.96359375119209301 51.478832244873054 0.98932364583015453 49.582233428955085 6.1264173984527597 -69.588607788085923 0.9470459818840028 12.500000000000002 1.0000000180025095e-35 1.0000000180025095e-35 47.79791450500489 0.44618082046508795 182.50000000000003 0.99983760714530956 65.387828826904311 8.5500001907348651 0.89787620306015026 3.6499999761581425 -0.0087262028828264185 -0.62588816881179798 -0.94705909490585316
decision_type=2 2 8 10 2 10 2 10 8 8 2 2 2 10 10 10 2 8 10 2 8 2 8 2 8 2 10 10 10 10 2 8 10 2 10 10 2 2
left_child=21 14 3 4 -3 8 -7 -8 9 10 11 -4 13 -11 16 -6 19 -18 -19 -2 -14 24 23 -23 25 30 29 -28 -29 -27 -1 -26 33 36 -35 -36 37 -5
right_child=1 2 5 32 15 6 7 -9 -10 12 -12 -13 20 -15 -16 -17 17 18 -20 -21 -22 22 -24 -25 31 26 27 28 -30 -31 -32 -33 -34 34 35 -37 -38 -39
leaf_value=-0.0096026442951276918 -0.0068416585373767538 -0.021453639747923782 0.19909842852112228 -0.0075125713149238882 -0.03494810223438391 0.012696152840490018 0.27849073221229553 -0.029358962180525423 -0.02191288994027725 0.046613147551010661 -0.0060626420807143129 0.022089831863985152 -0.026401830026585742 -0.071693872511311416 -0.069862629396070408 0.13092608294593386 -0.0059286533003882671 0.0054027379714921362 0.064274818758144003 -0.048611239904033002 0.015562212071665076 0.044151742436402498 -0.040346087167669208 -0.12663395193580557 -0.0083562833688962893 0.00338284283491414 0.00021037399618858166 0.88493617637159716 0.011453191935858233 0.13068674463783586 0.1646563042109567 -0.034178715845749712 0.011344726161637854 -0.016449339497087059 0.38827575921447033 0.10490081105851816 0.0069626993983132298 0.092319137411008959
leaf_weight=14485 36693 4712 312 1829 275 1623 394 409 10410 8090 38199 1968 3510 669 1138 484 11427 5151 3256 3227 10583 1702 8866 203 39520 6421 757 161 197 493 195 7621 6718 936 176 2561 5590 2401
leaf_count=14485 36693 4712 312 1829 275 1623 394 409 10410 8090 38199 1968 3510 669 1138 484 11427 5151 3256 3227 10583 1702 8866 203 39520 6421 757 161 197 493 195 7621 6718 936 176 2561 5590 2401
internal_value=-0.00135713 0.00273223 0.00748853 0.0232582 -0.0086513 0.00217129 0.0487739 0.121692 0.0006381 0.00434492 -0.00311254 0.0463129 0.0175547 0.0375769 -0.00522322 0.0708265 -0.00399216 0.00853898 0.0282038 -0.0102182 0.00511062 -0.0096119 -0.0286203 0.0259518 -0.00668075 0.00546331 0.0287771 0.129954 0.40429 0.0124604 -0.00728777 -0.0125309 0.031896 0.0421282 0.0875564 0.123124 0.0251364 0.0491531
internal_weight=243362 162741 101849 25682 5471 76167 2426 803 73741 63331 40479 2280 22852 8759 60892 759 59754 19834 8407 39920 14093 80621 10771 1905 69850 22709 8029 1115 358 6914 14680 47141 20211 13493 3673 2737 9820 4230
internal_count=243362 162741 101849 25682 5471 76167 2426 803 73741 63331 40479 2280 22852 8759 60892 759 59754 19834 8407 39920 14093 80621 10771 1905 69850 22709 8029 1115 358 6914 14680 47141 20211 13493 3673 2737 9820 4230
is_linear=0
shrinkage=0.03


Tree=108
num_leaves=39
num_cat=0
split_feature=194 198 193 208 141 208 207 96 207 132 208 208 207 207 202 207 207 96 206 207 202 202 193 196 196 193 208 95 208 207 141 197 96 207 206 202 207 202
split_gain=8646.77 11876.2 33570.9 9494.57 7758.19 7965.05 7860.35 23095.7 12862 7913.81 14208 9670.78 7705.84 7647.32 37015.5 68792.5 12836.3 11161 9408.16 13870.3 9126.8 7286.31 12849.8 10784.9 12377.7 10685.3 7257.7 10367.6 7192.67 6714.48 8361.57 6563.86 6304.13 6301.08 7980.53 6272.16 5996.58 5883.73
threshold=37.500000000000007 9.8499999046325701 19.750000000000004 0.88522326946258556 -20.267866134643551 0.16587474942207339 0.71503382921218883 19.232341766357425 0.76140651106834423 -65.426010131835923 -0.99273797869682301 0.9889926314353944 0.94138324260711681 -0.69057363271713246 0.8140845298767091 -0.92274349927902211 -0.81923159956932057 18.555475234985355 0.25000000000000011 0.90531614422798168 -0.71322327852249134 -0.88697704672813404 27.349999427795414 96.500000000000014 67.500000000000014 37.750000000000007 0.10623887926340105 13.244075298309328 0.020426410250365738 0.99552232027053844 -5.8175361156463614 990.45001220703136 7.0762267112731942 0.72695311903953563 -0.68301269412040699 0.59480014443397533 0.67802080512046825 -0.93038213253021229
decision_type=8 8 10 2 10 2 2 8 2 8 2 2 2 2 10 2 2 8 2 2 10 10 10 10 10 10 2 10 2 2 10 10 10 2 2 10 2 10
left_child=1 2 -1 21 6 26 9 8 33 10 -2 32 37 14 16 -16 31 18 19 -15 -21 23 28 24 25 -4 -6 -28 -23 30 -24 -7 -12 -8 -35 -30 -11 -3
right_child=4 12 3 -5 5 13 7 -9 -10 36 11 -13 -14 17 15 -17 -18 -19 -20 20 -22 22 29 -25 -26 -27 27 -29 35 -31 -32 -33 -34 34 -36 -37 -38 -39
leaf_value=0.45903594772707451 -0.039407747501395564 -0.040403189808023376 0.064040417904432004 0.12428084819874148 -0.017293865420915724 -0.025215296194247588 0.020319914993761963 -0.019632725290733691 0.031025192556122353 -0.0051495365403940053 0.026013664188714414 0.082104944347823339 -0.041690667242389248 -0.045193052189918259 0.66814271700074246 -0.059030951091419537 0.060668952311356897 0.012665346939201447 -0.061492060965986826 0.1514970285077912 0.004963674493294888 -0.091420356493201294 0.0097367768680109018 -0.071755453614060688 0.3115304348102842 -0.083096471785671977 0.0022864996554816763 -0.12303352772405884 -0.023056506170487302 -0.029237253153624451 0.059511244283645542 0.16486730730917784 -0.032961412188311244 0.021845187730640349 0.18908803365131938 0.13477112618200818 -0.060103152585606993 0.022042790644137351
leaf_weight=158 3498 1797 4949 769 38267 5015 458 8822 10183 96030 10848 2460 4929 2359 221 249 2803 9292 5017 691 857 1451 7557 635 169 488 1021 1421 2745 2014 5079 169 1920 339 1059 247 1821 5558
leaf_count=158 3498 1797 4949 769 38267 5015 458 8822 10183 96030 10848 2460 4929 2359 221 249 2803 9292 5017 691 857 1451 7557 635 169 488 1021 1421 2745 2014 5079 169 1920 339 1059 247 1821 5558
internal_value=-0.00135301 0.0116823 0.0230714 0.0204324 -0.00380612 -0.0121448 0.000282093 0.0172422 0.0442636 -0.00275284 0.0151148 0.0276391 -0.0126656 0.000597644 0.024173 0.282901 0.00894763 -0.0103475 -0.0343093 0.000596095 0.0703744 0.0172801 0.00808161 0.0454206 0.0586935 0.0508339 -0.0204938 -0.0706373 -0.0366086 0.0216351 0.0297435 -0.0190182 0.0171452 0.116896 0.148534 -0.0100268 -0.00617223 0.00678568
internal_weight=243365 38545 26261 26103 204820 67382 137438 20861 12039 116577 18726 15228 12284 26673 8457 470 7987 18216 8924 3907 1548 25334 19093 6241 5606 5437 40709 2442 4443 14650 12636 5184 12768 1856 1398 2992 97851 7355
internal_count=243365 38545 26261 26103 204820 67382 137438 20861 12039 116577 18726 15228 12284 26673 8457 470 7987 18216 8924 3907 1548 25334 19093 6241 5606 5437 40709 2442 4443 14650 12636 5184 12768 1856 1398 2992 97851 7355
is_linear=0
shrinkage=0.03


Tree=109
num_leaves=39
num_cat=0
split_feature=194 207 204 105 202 205 207 193 207 207 204 16 204 201 190 111 201 202 129 201 195 207 204 194 208 207 194 202 204 208 202 123 196 55 207 14 194 193
split_gain=8498 8699.62 8361.63 12330.8 23913.8 8062.24 12651.5 37280.4 8647.46 12858.6 14193.7 22019.2 8372.38 7868.61 13439.4 7026.42 6855.95 6363.28 11131.6 13614.7 6341.76 6236.07 5737.45 6425.08 5820.5 4881.93 4875.95 9956.22 5073.23 4875.05 4754.35 4407.5 5280.33 4356.66 4533.66 4232.22 3918.46 4391.01
threshold=80.500000000000014 0.79383251070976268 5.0000000000000009 22.819806098937992 0.8140845298767091 -0.68301269412040699 0.99983760714530956 25.750000000000004 0.99818283319473278 0.70290291309356701 9.0000000000000018 118.83095550537111 9.0000000000000018 52.500000000000007 0.023515565320849422 75.879165649414077 2057.5000000000005 -0.96359375119209278 112.33333206176759 112.50000000000001 0.45000000298023229 0.91248813271522533 19.000000000000004 32.500000000000007 0.99803557991981517 0.98932364583015453 76.500000000000014 0.76037701964378368 1.0000000180025095e-35 0.99530133605003368 0.99140709638595592 -5.3467314243316642 91.500000000000014 71.35962295532228 -0.82897400856018055 86.361412048339858 21.500000000000004 36.45000076293946
decision_type=10 2 2 10 10 2 2 8 2 2 2 8 2 8 8 8 8 8 10 10 10 2 2 10 2 2 10 10 2 2 10 10 10 10 2 10 8 10
left_child=2 29 3 13 33 22 8 -8 9 12 11 -11 30 21 -15 -12 -9 18 -16 -20 -14 -1 25 24 -24 35 28 -28 -19 31 -7 -2 -33 34 -5 36 -4 -38
right_child=1 -3 5 4 -6 6 7 16 -10 10 15 -13 20 14 17 -17 -18 26 19 -21 -22 -23 23 -25 -26 -27 27 -29 -30 -31 -32 32 -34 -35 -36 -37 37 -39
leaf_value=-0.021438702451517605 0.00057016249718056466 -0.06384662394090676 -0.033686463038498551 -0.012084702952023711 0.3754435984363389 -0.013274390792516846 0.41227846135592533 0.11517801312237884 -0.043255640546151726 0.044752803875796013 0.16100209840614549 0.27221960598971545 0.0074540492556401487 0.2287897567572674 0.0026975584933544728 0.0095379100308471219 -0.045226956114370116 -0.0016352113620327828 0.398767681482526 0.043932106806781571 0.1309656055336875 -0.097585330963479669 0.022177833990472604 -0.011332031555519047 0.18414447673133677 -0.046889183017196322 0.0044496239962320749 0.24443334661037391 -0.02587925387142594 0.028905577265306244 -0.14764086066798263 -0.0087961581094540119 -0.04133587039891802 0.0023408621419907984 0.11148906845799139 -0.020599773385860436 0.0030271619412032226 0.09555695227953151
leaf_weight=2142 11713 2988 2638 398 182 18918 275 396 2894 10163 279 398 49215 209 1481 22890 608 12022 157 256 377 1766 9429 7566 204 3212 839 191 21954 2617 240 10274 7970 2687 813 14652 17599 474
leaf_count=2142 11713 2988 2638 398 182 18918 275 396 2894 10163 279 398 49215 209 1481 22890 608 12022 157 256 377 1766 9429 7566 204 3212 839 191 21954 2617 240 10274 7970 2687 813 14652 17599 474
internal_value=-0.00130482 -0.0148549 0.00101716 -0.0104113 0.0393275 0.00419021 0.00902358 0.102809 0.00788522 0.00932943 0.0245009 0.0533253 0.00188605 -0.0153589 -0.0110948 0.0113619 0.0180404 -0.0124535 0.041105 0.178828 0.00839302 -0.0558491 -0.00505231 0.00935775 0.0256081 -0.0114772 -0.0153513 0.0489537 -0.0173008 -0.0103608 -0.0149577 -0.0137911 -0.0230114 0.023633 0.070876 -0.00826069 0.000468579 0.00545401
internal_weight=243086 35562 207524 45097 4080 162427 106653 1279 105374 102480 33730 10561 68750 41017 37109 23169 1004 36900 1894 413 49592 3908 55774 17199 9633 38575 35006 1030 33976 32574 19158 29957 18244 3898 1211 35363 20711 18073
internal_count=243086 35562 207524 45097 4080 162427 106653 1279 105374 102480 33730 10561 68750 41017 37109 23169 1004 36900 1894 413 49592 3908 55774 17199 9633 38575 35006 1030 33976 32574 19158 29957 18244 3898 1211 35363 20711 18073
is_linear=0
shrinkage=0.03


Tree=110
num_leaves=39
num_cat=0
split_feature=204 205 196 203 200 203 76 204 76 97 77 76 197 36 96 193 193 197 202 96 198 200 200 114 200 105 199 39 199 204 197 96 96 198 76 193 193 183
split_gain=7986.75 5909.74 8129.08 8698.87 6418.73 6746.64 11051.8 7827.57 6128.87 4943.48 7004.92 5692.88 5490.14 5252.63 7482.34 5673.97 5395.53 14725.4 57649.9 60731.3 5818.26 7925.59 4918.33 4837.47 4652.58 4514.7 4461.61 6677.04 5289.76 4301.82 7957.32 6292.25 6070.72 4216.18 6985.6 8395.51 14239.4 7270.24
threshold=7.0000000000000009 -0.68301269412040699 2.5000000000000004 -0.14780378341674802 13.84999990463257 0.93038213253021251 34.450443267822273 11.000000000000002 32.572101593017585 6.3002576828002939 54.011657714843757 20.859306335449222 981.45001220703136 159.15181732177737 21.392636299133304 19.650000572204593 15.250000000000002 987.54998779296886 0.8140845298767091 10.990759849548342 2.6499999761581425 6.7500000000000009 1.5500000119209292 223.79035949707034 18.849999427795414 22.819806098937992 166.50000000000003 0.29742510616779333 147.50000000000003 17.000000000000004 992.95001220703136 8.9191074371337908 19.232341766357425 8.5500001907348651 47.011650085449226 32.549999237060554 33.95000076293946 79.208759307861342
decision_type=2 2 8 10 10 10 10 2 10 2 10 10 8 10 8 8 8 10 10 10 8 8 8 10 10 10 8 10 10 2 8 10 10 10 10 8 10 10
left_child=9 8 3 26 5 22 -7 -8 29 11 12 -1 -11 14 15 -13 -15 20 24 -20 25 -22 -4 -24 -19 -18 27 -3 -29 30 -2 -31 -33 34 35 -5 -37 -36
right_child=1 2 4 33 -6 6 7 -9 -10 10 -12 13 -14 16 -16 -17 17 18 19 -21 21 -23 23 -25 -26 -27 -28 28 -30 31 -32 32 -34 -35 37 36 -38 -39
leaf_value=-0.015570642854815258 0.021011008542365945 -0.03045666868587877 -0.086309373407834206 0.017485553377028149 -0.018259353595662435 -0.010960317018887793 0.29572779966649948 0.088078515547259789 -0.016381194491373815 0.03689331417904685 -0.060612769428236665 -0.053515124388045947 -0.025947177085423309 -0.0099249656116524552 -0.077175738827512372 0.0016833023083388588 -0.035411868272669365 0.018376913628154856 0.91556653770682683 0.053143786972100759 0.2278493220039701 0.0082464249693649655 0.0045036920715676087 0.16025451240669822 0.10789140096179939 -0.2115814662045982 -0.041274514276795959 0.031596674138355457 0.18295581482155726 -0.0038977665232483882 -0.028978582565704174 0.037898334492418237 -0.016336955643300399 0.011218060051580067 0.10131245032251328 0.3645770888898201 0.043280429428651485 0.025187303388912428
leaf_weight=30999 4447 1755 536 8864 11763 934 211 724 24104 1708 3793 1902 4679 7202 1401 14105 581 2338 145 149 150 10571 60317 180 673 169 2491 1549 240 12878 8060 9022 2339 6958 2731 171 453 1925
leaf_count=30999 4447 1755 536 8864 11763 934 211 724 24104 1708 3793 1902 4679 7202 1401 14105 581 2338 145 149 150 10571 60317 180 673 169 2491 1549 240 12878 8060 9022 2339 6958 2731 171 453 1925
internal_value=-0.0010553 0.00277077 0.00719184 0.0212537 0.00208107 0.00588484 0.0620296 0.134941 -0.00462569 -0.00877972 -0.02832 -0.00595354 -0.0091424 0.00161565 -0.0106943 -0.00487554 0.011366 0.0217435 0.0775378 0.478505 0.00566805 0.0113192 0.00416552 0.00496714 0.038385 -0.0751114 -0.0105073 0.0111182 0.051903 0.00308548 -0.0112042 0.0104588 0.0267323 0.0303371 0.0397424 0.0249731 0.131333 0.0698391
internal_weight=243217 162652 101802 27137 74665 62902 1869 935 60850 80565 10180 70385 6387 39386 17408 16007 21978 14776 3305 294 11471 10721 61033 60497 3011 750 6035 3544 1789 36746 12507 24239 11361 21102 14144 9488 624 4656
internal_count=243217 162652 101802 27137 74665 62902 1869 935 60850 80565 10180 70385 6387 39386 17408 16007 21978 14776 3305 294 11471 10721 61033 60497 3011 750 6035 3544 1789 36746 12507 24239 11361 21102 14144 9488 624 4656
is_linear=0
shrinkage=0.03


Tree=111
num_leaves=39
num_cat=0
split_feature=194 36 75 94 207 129 97 201 209 181 76 94 191 206 194 97 132 157 207 190 207 59 197 76 204 209 95 207 76 55 207 207 192 197 207 207 104 95
split_gain=7738.05 9960.87 11701.9 8328.83 8015.96 7942.85 5675.61 5422.2 5325.58 5289.87 8342.84 5856.23 5738.75 5212.8 5085.52 4642.92 8299.74 5180.47 4582.35 4479.05 7199.04 7296.89 12331.4 25158.8 4553.01 5153.85 9857.37 13628 5599.76 4473.03 6022.1 7585.62 5921.79 5318.27 4353.08 4338.07 6710.16 4075.81
threshold=45.500000000000007 172.91180419921878 44.470172882080085 14.805710315704347 0.9646572768688203 124.50000000000001 11.230228424072267 807.50000000000011 3.5000000000000004 80.000000000000014 31.083571434021 9.3170003890991229 13.771938800811769 -0.25000000000000006 29.500000000000004 6.5499069690704355 -69.242809295654283 35.030000686645515 0.98213580250740062 0.07721304148435594 -0.14250824600458142 0.58385974168777477 987.54998779296886 46.070886611938484 7.0000000000000009 3.5000000000000004 18.945155143737797 0.039769539609551437 9.0009446144104022 57.406101226806648 -0.5276680290699004 -0.48314717411994929 0.79108414053916942 990.64999389648449 0.86113432049751293 0.67802080512046825 -52.818056106567376 15.971204280853273
decision_type=8 10 10 10 2 10 2 10 2 2 10 10 10 2 10 2 10 10 2 8 2 10 10 10 2 2 8 2 8 10 2 2 10 10 2 2 10 10
left_child=1 3 4 7 9 15 29 13 -9 12 -11 -12 -3 -1 -15 19 17 -17 -16 20 21 -2 -23 -24 -21 26 27 -26 -27 33 32 -32 -31 -4 -13 -5 -37 -18
right_child=5 2 6 35 -6 -7 -8 8 -10 10 11 34 -14 14 18 16 37 -19 -20 24 -22 22 23 -25 25 28 -28 -29 -30 30 31 -33 -34 -35 -36 36 -38 -39
leaf_value=0.069432721293203242 -0.0065531165155887656 -0.05348743671678078 0.02576786692804392 -0.093960412117699149 0.19656336916989886 -0.036120001601638224 -0.070686162326408258 -0.03524039795554932 0.0092115907702075943 0.11230698468448579 0.12859034877878409 -0.0077738276222168419 0.031628231814137257 0.049659293955690804 -0.031285950224155937 -0.01721053018515559 -0.067469901965627396 0.034346029897207302 0.039239165076504386 -0.0093448744066766589 0.070295451529949746 0.0028768891526432861 0.024643708718162825 0.47728845092137528 0.17755261467485711 0.042604023826778796 -0.016662642830132121 0.019510083110238937 -0.0043531694708095073 0.085271137981633327 -0.14454209773242652 -0.01271635689014396 -0.0034342936971726149 0.19355003877540145 0.061687811928751835 0.067141001410985654 -0.035385922582787124 -0.021150908177044674
leaf_weight=1820 7001 821 4312 917 300 6676 877 4005 6151 1873 523 1983 5415 2035 2625 4521 3241 2866 1212 58645 1911 873 297 176 504 2359 7606 19101 73486 1103 425 5193 1755 177 1375 649 5005 3619
leaf_count=1820 7001 821 4312 917 300 6676 877 4005 6151 1873 523 1983 5415 2035 2625 4521 3241 2866 1212 58645 1911 873 297 176 504 2359 7606 19101 73486 1103 425 5193 1755 177 1375 649 5005 3619
internal_value=-0.00123023 0.00921765 0.0220907 -0.00455847 0.043396 -0.00396844 0.00317425 0.00607241 -0.00831795 0.0395634 0.0603079 0.0352124 0.0204222 0.0250725 0.0113231 -0.00281571 -0.0192735 0.00279229 -0.00900891 -0.00145217 0.0177711 0.00574579 0.0697164 0.193077 -0.00267166 0.0011258 0.0123264 0.0235731 -0.00289265 0.00817052 -0.00465321 -0.0226892 0.0308002 0.0323839 0.0206686 -0.0334339 -0.0236171 -0.0430344
internal_weight=243433 50551 26132 24419 12290 192882 13842 17848 10156 11990 5754 3881 6236 7692 5872 186206 14247 7387 3837 171959 10258 8347 1346 473 161701 103056 27211 19605 75845 12965 8476 5618 2858 4489 3358 6571 5654 6860
internal_count=243433 50551 26132 24419 12290 192882 13842 17848 10156 11990 5754 3881 6236 7692 5872 186206 14247 7387 3837 171959 10258 8347 1346 473 161701 103056 27211 19605 75845 12965 8476 5618 2858 4489 3358 6571 5654 6860
is_linear=0
shrinkage=0.03


Tree=112
num_leaves=39
num_cat=0
split_feature=194 207 132 208 207 207 35 208 96 141 163 207 202 207 193 207 197 132 140 203 193 35 202 190 208 96 208 202 194 123 207 207 207 187 208 203 208 202
split_gain=7504.35 7932.62 6010.59 18271.8 9494.35 9256.46 7773.05 11745.3 25730.7 11940.3 9123.12 11927.7 34003.9 8772.83 7593.96 27905.7 7586.55 10393.7 6301.57 5971.45 6370.29 5659.06 5928.78 5551.67 4885.78 11935.2 4454.63 4318.44 4244.63 4194.88 5032.87 6400.74 4152.38 4087.55 4076.77 4070.9 3703.23 14331.7
threshold=80.500000000000014 0.79383251070976268 -67.953186035156236 -0.64580103754997242 0.95752912759780895 0.72695311903953563 313.43075561523443 0.16587474942207339 23.141791343688968 -5.5001749992370597 186.77500152587893 -0.37447345256805414 0.8140845298767091 0.97696486115455639 19.849999427795414 0.9990701973438264 990.75000000000011 -37.433429718017571 -9.283143997192381 0.97988739609718334 21.550000190734867 468.89077758789068 0.93663650751113903 0.21793497353792193 -0.73865258693695057 8.0823383331298846 0.99530133605003368 -0.9914070963859557 11.500000000000002 -5.3467314243316642 -0.91246706247329701 -0.84772008657455433 -0.30163703858852381 11.332368373870851 0.11478523537516595 0.21643137186765674 -0.89787882566452015 0.52247866988182079
decision_type=10 2 8 2 2 2 10 2 10 10 10 2 10 2 8 2 8 10 10 10 10 10 10 10 2 10 2 10 10 10 2 2 2 8 2 10 2 10
left_child=2 26 3 5 23 24 7 8 14 10 11 12 -9 -13 15 -4 17 -8 34 -11 -21 22 33 -5 25 36 29 -20 -25 -2 -31 -32 -33 -18 -16 -30 -1 -38
right_child=1 -3 6 4 -6 -7 16 9 -10 19 -12 13 -14 -15 18 -17 21 -19 27 20 -22 -23 -24 28 -26 -27 -28 -29 35 30 31 32 -34 -35 -36 -37 37 -39
leaf_value=-0.012026667567158197 0.0010699336665097941 -0.060871085100796161 -0.010855504250767768 0.088932930520173939 -0.082100892406763409 -0.12389705339976399 -0.023827481385815842 0.026000532236215023 -0.106543331582893 0.041970424871458897 -0.011039572218500885 0.0011575070820156583 0.23959893506860913 0.058996244088813155 -0.0019408402285968321 0.39925178088654922 0.09626888968675848 -0.14754993257196722 0.044608774421512891 0.014939654827969762 0.25015887520395141 0.03351728546934301 0.11957538485393182 -0.043845485010539434 0.04421621726437492 -0.090252033805440696 0.027752656684632775 -0.026870996574841554 0.022167243781287906 0.0101985874428243 -0.06636677730498429 0.0082581402939100202 -0.030930839001456281 -0.017017840253031411 0.039327391874413475 0.060279133639890889 -0.0085935392289242553 0.17034962029349446
leaf_weight=5828 11689 2975 627 2073 561 636 2048 12754 2264 5597 19818 38572 708 2514 52274 196 290 871 807 171 263 2462 295 577 1496 1552 2628 13250 5451 3543 3310 3495 8011 24719 2247 4695 1720 526
leaf_count=5828 11689 2975 627 2073 561 636 2048 12754 2264 5597 19818 38572 708 2514 52274 196 290 871 807 171 263 2462 295 577 1496 1552 2628 13250 5451 3543 3310 3495 8011 24719 2247 4695 1720 526
internal_value=-0.0012555 -0.013972 0.00092555 0.0146866 0.0386947 -0.0125864 -0.000965633 0.00181372 -0.00701726 0.00968557 0.00639314 0.0127267 0.0372344 0.00469661 -0.0037705 0.0868158 -0.014739 -0.0607455 -0.00485764 0.0502832 0.157484 -0.00990234 -0.014127 0.0439907 -0.0062211 -0.0140598 -0.00970204 -0.0227674 0.0353022 -0.0129779 -0.021922 -0.0296031 -0.019027 -0.0157041 -0.000240019 0.0398034 0.000586105 0.0333143
internal_weight=243513 35651 207862 25115 13357 11758 182747 152062 71665 80397 74366 54548 13462 41086 69401 823 30685 2919 68578 6031 434 27766 25304 12796 11122 9626 32676 14057 10723 30048 18359 14816 11506 25009 54521 10146 8074 2246
internal_count=243513 35651 207862 25115 13357 11758 182747 152062 71665 80397 74366 54548 13462 41086 69401 823 30685 2919 68578 6031 434 27766 25304 12796 11122 9626 32676 14057 10723 30048 18359 14816 11506 25009 54521 10146 8074 2246
is_linear=0
shrinkage=0.03


Tree=113
num_leaves=39
num_cat=0
split_feature=194 207 97 178 132 208 141 197 207 207 94 208 207 105 123 208 181 105 185 208 141 207 207 208 208 207 208 207 55 197 152 207 208 74 208 207 123 196
split_gain=7021.63 7443.44 6995.04 7877.41 13975.7 8327.29 21682 12740.8 10693.3 7694.88 7971.9 6913.19 27844.1 7423.76 6662.89 6264.93 5118.72 6804.21 5105.76 5036.22 5023.63 8946.33 16744.8 6862.5 11436.5 6694.25 6046.46 5753.53 8645.87 6718.24 5150.56 4909.54 4859.57 4468.42 4076.62 3903.48 3830.56 4956.01
threshold=80.500000000000014 0.79383251070976268 10.607385635375978 2.0649999380111699 -67.953186035156236 0.68901559710502636 -21.745405197143551 991.45001220703136 -0.94705909490585316 -0.30163703858852381 15.007145881652834 0.30778898298740393 -0.9413962960243224 17.954206466674808 29.147383689880375 0.93469110131263744 44.000000000000007 -17.558282852172848 114.31497192382814 0.84658399224281322 -14.68959856033325 0.97112539410591137 0.9937499761581422 0.17435361444950107 0.10623887926340105 0.94138324260711681 -0.73865258693695057 0.34235194325447088 69.474418640136733 986.75000000000011 3.5000000000000004 0.65233618021011364 -0.70900321006774891 20.114315032958988 0.99530133605003368 0.97696486115455639 -5.3467314243316642 91.500000000000014
decision_type=10 2 2 10 10 2 10 10 2 2 10 2 2 10 10 2 2 10 10 2 10 2 2 2 2 2 2 2 10 10 2 2 2 10 2 2 10 10
left_child=2 34 3 20 16 6 8 15 -6 10 -9 13 -13 -8 -11 19 -5 -18 -10 -7 21 25 33 24 26 27 31 29 -29 -1 -25 -22 -28 35 36 -23 -2 -38
right_child=1 -3 -4 4 5 7 11 9 18 14 -12 12 -14 -15 -16 -17 17 -19 -20 -21 23 22 -24 30 -26 -27 32 28 -30 -31 -32 -33 -34 -35 -36 -37 37 -39
leaf_value=-0.0056473499113986617 0.00091383629515607862 -0.059006587521121964 -0.02945131911062971 0.0093130114757283746 0.018112801256646788 -0.0458044528213419 -0.0032986849661821166 0.083219174220812833 0.2269785266712627 0.00072193973831503173 0.0031717849598730096 0.39560737743620861 0.016278853455202334 -0.13141035879693824 -0.085784221683112782 0.0085924364735366632 0.021029425035829864 0.082985625005074268 0.10932747119583086 -0.12864677813857511 -0.036113763696002242 0.021652571643819139 -0.01624427899030562 0.057472277630083002 -0.1055234958590287 -0.038781121349977701 0.071788043611961186 0.022153892762956994 -0.032225006317907527 0.033974173196388513 -0.011460133509475902 -0.13406450892401006 -0.011579154349661034 0.043521980931484773 0.026437797662154327 0.12684027094336467 -0.0073440106815394488 -0.038837851357861351
leaf_weight=80532 11666 2967 6610 2641 908 1312 18985 1404 499 1865 5530 176 16564 416 1405 794 2628 4060 992 1330 2491 400 3611 1838 1392 4231 661 17440 3099 4045 2079 565 13113 2331 2630 1540 10305 7979
leaf_count=80532 11666 2967 6610 2641 908 1312 18985 1404 499 1865 5530 176 16564 416 1405 794 2628 4060 992 1330 2491 400 3611 1838 1392 4231 661 17440 3099 4045 2079 565 13113 2331 2630 1540 10305 7979
internal_value=-0.00119614 -0.0135159 0.000914489 0.0019137 0.0108562 0.00480971 0.0119394 -0.0153354 0.0992767 0.00148958 0.01938 0.00614205 0.0202673 -0.00604576 -0.0364466 -0.065301 0.0446762 0.0586405 0.148704 -0.0875083 -0.00203301 0.000442185 0.0313104 -0.0151395 -0.0228835 -0.00178287 -0.0160483 -0.000293654 0.013949 -0.00375239 0.0208854 -0.0542236 -0.00757837 0.0715164 -0.00937307 0.105152 -0.0125178 -0.0210877
internal_weight=243034 35547 207487 200877 61509 52180 38540 13640 2399 10204 6934 36141 16740 19401 3270 3436 9329 6688 1491 2642 139368 117229 7882 22139 18222 109347 16830 105116 20539 84577 3917 3056 13774 4271 32580 1940 29950 18284
internal_count=243034 35547 207487 200877 61509 52180 38540 13640 2399 10204 6934 36141 16740 19401 3270 3436 9329 6688 1491 2642 139368 117229 7882 22139 18222 109347 16830 105116 20539 84577 3917 3056 13774 4271 32580 1940 29950 18284
is_linear=0
shrinkage=0.03


Tree=114
num_leaves=39
num_cat=0
split_feature=204 204 207 204 207 202 201 75 36 202 207 201 207 207 207 207 203 193 207 207 193 204 93 97 197 207 197 35 155 207 36 202 193 187 113 76 203 75
split_gain=7025.4 6602.48 6311.99 13826.7 16904.5 35153.8 20546.4 13475.6 12552.7 8244.6 8238 9206.75 7680.38 27166.9 7596.94 7584.97 7493.08 6615.09 7357.03 9746.22 6259.98 5824.67 5578.94 5528.19 5000.28 4930.69 4382.52 4357.55 4345.55 4261.39 4169.3 5470.54 6286.19 4117.28 3995.77 3841.05 5025.13 5434.15
threshold=5.0000000000000009 1.0000000180025095e-35 0.34235194325447088 11.000000000000002 0.99983760714530956 -0.30069434642791742 227.50000000000003 36.873952865600593 178.59983062744143 -0.38266885280609125 0.92922380566596996 1082.5000000000002 0.71503382921218883 0.75014290213584911 0.86548283696174633 0.86113432049751293 0.9170251488685609 26.349999427795414 0.97112539410591137 0.98522606492042553 32.049999237060554 9.0000000000000018 14.084749698638918 6.1264173984527597 986.04998779296886 0.10837544873356821 976.85000610351574 468.89077758789068 47.270000457763679 0.94138324260711681 192.46467590332034 -0.94828754663467396 23.650000572204593 11.618475437164308 -139.98931884765622 9.0009446144104022 -0.11319890245795249 58.908103942871101
decision_type=2 2 2 2 2 8 10 10 10 8 2 10 2 2 2 2 8 10 2 2 8 2 10 2 10 2 10 10 2 2 8 10 10 10 10 8 8 8
left_child=1 -1 21 4 7 6 -6 12 9 -5 11 -10 -4 -14 28 -15 22 18 29 -20 -12 -2 -16 34 26 27 -13 35 -9 -11 31 32 -25 -26 -3 -23 -37 -38
right_child=2 23 3 8 5 -7 -8 14 10 17 20 24 13 15 16 -17 -18 -19 19 -21 -22 25 -24 30 33 -27 -28 -29 -30 -31 -32 -33 -34 -35 -36 36 37 -39
leaf_value=0.0040709094580149005 -0.015573317020594269 -0.021913038389359287 0.0078404102997566474 -0.034851590874156319 0.65919678281293359 -0.018535166871204118 0.17212464673588404 -0.014705416521354776 0.012491893018461131 -0.014437852367161681 0.01478482954758515 0.18479016555275701 0.34653026139007165 -0.019360533123013682 0.030945808757670834 0.064242438018631193 0.14408811350365147 0.025378594653941294 0.074279726767178922 -0.024405376894311787 -0.046568739754344952 0.039166045759563936 -0.017442774662775884 -0.047367616678962679 0.055208287746220011 -0.026234397152326734 0.030618610326817737 0.055623808420539163 -0.08908112347260129 -0.068587558156803077 -0.01899209024217053 -0.098321298322743417 0.16650344151173915 0.15135390753519426 -0.0014905205780947315 -0.016314203815902546 0.002948130771512558 0.064013668160084428
leaf_weight=19963 24719 19012 3258 10915 152 387 160 2299 12481 2879 3093 176 292 1149 4879 6512 390 5556 1526 2198 2900 2418 3826 597 778 5605 2902 1385 1021 2397 2710 1941 156 827 15778 12885 61738 1340
leaf_count=19963 24719 19012 3258 10915 152 387 160 2299 12481 2879 3093 176 292 1149 4879 6512 390 5556 1526 2198 2900 2418 3826 597 778 5605 2902 1385 1021 2397 2710 1941 156 827 15778 12885 61738 1340
internal_value=-0.00113744 -0.0100317 0.00178564 0.00862917 0.0270953 0.17249 0.40943 0.0227935 -0.000608052 -0.0151414 0.0153775 0.0259506 0.046636 0.0625288 0.00126323 0.0517036 0.0154419 -0.000361343 -0.0162515 0.0160332 -0.014904 -0.00274934 0.00967814 -0.017036 0.0618203 0.000963813 0.0394348 0.00287499 -0.0375785 -0.0390394 -0.0452654 -0.0716944 -0.00305763 0.10475 -0.012651 0.0019429 0.000758026 0.00424539
internal_weight=243200 60157 183043 72953 24325 699 312 23626 48628 25471 23157 17164 11211 7953 12415 7661 9095 14556 9000 3724 5993 110090 8705 40194 4683 85371 3078 79766 3320 5276 5404 2694 753 1605 34790 78381 75963 63078
internal_count=243200 60157 183043 72953 24325 699 312 23626 48628 25471 23157 17164 11211 7953 12415 7661 9095 14556 9000 3724 5993 110090 8705 40194 4683 85371 3078 79766 3320 5276 5404 2694 753 1605 34790 78381 75963 63078
is_linear=0
shrinkage=0.03


Tree=115
num_leaves=39
num_cat=0
split_feature=204 204 97 163 79 132 169 181 183 158 191 55 183 96 76 204 96 204 75 193 36 202 193 56 113 76 206 189 204 102 191 132 193 96 96 193 132 190
split_gain=6874.78 6512.25 5551.86 4981.71 7182.54 8635.33 7011.68 6633.78 6382.78 6752.33 8024 6321.85 5244.36 3978.58 5690.35 5223.7 6604.59 5373.64 4857.33 4592.73 3953.5 5197.84 6283.25 3933.71 3926.21 3831.85 6932.67 3712.7 4456.82 3401.5 3370.84 3121.15 3656.86 3265.26 5675.16 3774.65 3786.86 3038.48
threshold=5.0000000000000009 1.0000000180025095e-35 6.1264173984527597 22.224999427795414 0.67451506853103649 -67.953186035156236 0.41499999165534979 46.000000000000007 102.06749343872072 24.500000000000004 8.2090644836425799 81.034709930419936 58.048406600952156 19.003934860229496 24.789838790893558 19.000000000000004 17.229919433593754 9.0000000000000018 18.449656486511234 19.849999427795414 191.88144683837893 -0.96359375119209278 23.650000572204593 92.649860382080092 -139.98931884765622 8.5202026367187518 -0.93301269412040699 129.10622406005862 9.0000000000000018 177.29375457763675 13.823854923248293 -79.069507598876939 26.050000190734867 19.553251266479496 17.174583435058597 24.750000000000004 -43.684814453124993 0.019928705878555778
decision_type=2 2 2 10 10 8 10 2 8 2 10 10 10 8 8 2 10 2 10 8 8 10 10 10 10 8 2 8 2 10 10 8 10 8 10 10 10 8
left_child=1 37 24 25 13 6 -6 30 9 10 11 -7 -12 15 -15 16 19 -18 -19 -5 21 22 -4 -11 -3 26 -2 -16 -29 -10 -8 32 -27 34 -33 -35 -37 -1
right_child=3 2 20 4 5 8 7 -9 29 23 12 -13 -14 14 27 -17 17 18 -20 -21 -22 -23 -24 -25 -26 31 -28 28 -30 -31 -32 33 -34 35 -36 36 -38 -39
leaf_value=0.058513778119244277 0.1793058182428513 -0.021521233183945918 -0.047585121092111847 0.17596758066370735 -0.038208747387604595 0.032335415431644532 -0.08119958641004639 0.055632861331847028 -0.0090262922726116745 -0.03318720308793488 -0.013137722530895709 0.12264375204431771 0.016373686745499379 -0.023767715995010874 0.0034953055067801762 0.057592895405108945 0.14810093612198674 0.10686113585331292 -0.007945625821117918 0.0089730964748794325 -0.019660678862127804 -0.096642390928178473 0.16867716662355209 0.044735137630469234 -0.0012612850095610926 -0.089160677070578218 0.015449143156304817 0.22478368188245479 0.050233375769845628 -0.065156221135921219 0.012734795787941103 -0.0029332254938929359 -0.015397265800843208 -0.011174321425685326 0.035637679712336896 0.065661114017217664 -0.095653156191834204 0.0017108494712913455
leaf_weight=887 265 18962 591 150 1227 4708 419 5890 35524 4682 8576 819 14724 3822 1748 4010 567 556 822 12435 2753 1942 152 666 15767 642 1888 150 1076 999 1916 56338 10460 3421 3656 151 987 19045
leaf_count=887 265 18962 591 150 1227 4708 419 5890 35524 4682 8576 819 14724 3822 1748 4010 567 556 822 12435 2753 1942 152 666 15767 642 1888 150 1076 999 1916 56338 10460 3421 3656 151 987 19045
internal_value=-0.000974982 -0.00978014 -0.0167367 0.00191208 0.00615975 0.00175845 0.0286893 0.0386692 -0.00184208 0.00747653 0.0132202 0.0457177 0.00551144 0.0200832 0.000447472 0.0272808 0.0189151 0.0703642 0.0383771 0.0109637 -0.0449226 -0.070824 -0.00334095 -0.0234832 -0.0123232 -0.00384658 0.0356182 0.0315674 0.0715913 -0.0105616 -0.00412119 -0.00496968 -0.0196629 -0.00244269 -0.000582725 -0.0269187 -0.0742478 0.0042387
internal_weight=243393 60099 40167 183294 105486 80150 9452 8225 70698 34175 28827 5527 23300 25336 6796 18540 14530 1945 1378 12585 5438 2685 743 5348 34729 77808 2153 2974 1226 36523 2335 75655 11102 64553 59994 4559 1138 19932
internal_count=243393 60099 40167 183294 105486 80150 9452 8225 70698 34175 28827 5527 23300 25336 6796 18540 14530 1945 1378 12585 5438 2685 743 5348 34729 77808 2153 2974 1226 36523 2335 75655 11102 64553 59994 4559 1138 19932
is_linear=0
shrinkage=0.03


Tree=116
num_leaves=39
num_cat=0
split_feature=194 36 76 183 80 141 76 35 114 189 197 191 123 97 208 95 208 95 206 199 171 114 95 132 208 9 208 208 95 208 208 185 189 189 180 199 95 158
split_gain=7023.08 8253.67 9564.26 8253.81 7519.25 7081.04 6677.67 9209.08 7966.38 12628.2 21272.4 6164.73 14631.7 6084.82 5911.52 5669.64 6777.83 9430.02 4837.95 10345.2 4604.55 7406.79 4885.48 6578.75 8169.76 5545.46 5430.7 8166.35 7304.11 6185.94 4630.48 3846.39 3795.8 3775 3728.57 3646.54 3795.5 3580.33
threshold=45.500000000000007 168.86065673828128 49.062953948974616 22.260635375976566 17.312500000000004 -20.267866134643551 57.045597076416023 181.3263854980469 126.35990524291994 2.0030138492584233 987.54998779296886 29.411308288574222 28.445760726928714 3.3317909240722661 0.95178258419036876 8.4598035812377947 -0.38243420422077173 19.898027420043949 -0.68301269412040699 121.50000000000001 2.2148246765136723 209.00709533691409 5.1836206912994394 -63.034540176391594 0.9889926314353944 80.166500091552749 0.94066718220710765 0.99530133605003368 19.58122539520264 -0.29342786967754358 -0.36648371815681452 163.40150451660159 117.03940963745119 162.50000000000003 3.0539759397506718 162.50000000000003 19.352661132812504 14.500000000000002
decision_type=8 10 10 10 2 10 10 10 10 10 10 10 10 2 2 10 2 10 2 10 2 10 8 8 2 8 2 2 10 2 2 10 10 10 10 10 10 2
left_child=1 4 3 -3 -1 20 7 -7 9 10 -9 12 -11 32 -10 -5 17 -17 19 -18 22 -22 -2 24 25 -24 28 -28 29 -25 -30 -8 -4 -19 -29 -6 -37 -20
right_child=5 2 13 15 35 6 31 8 14 11 -12 -13 -14 -15 -16 16 18 33 37 -21 21 -23 23 26 -26 -27 27 34 30 -31 -32 -33 -34 -35 -36 36 -38 -39
leaf_value=0.0038370209811394718 -0.0092885719925161966 0.23850632161023905 0.059263751426900546 0.10221824398149369 0.0035532219940701271 -0.017282980288975472 -0.074738810404288106 -0.035723761314416902 -0.008632410946891024 0.11832352867930904 0.44170769441863283 -0.028015947611243246 0.012262391240232449 -0.016436379925046481 -0.10642534800953414 0.13168937859844196 0.17854026409279058 -0.0015648183422583483 0.020954611383901266 0.026435749945143222 -0.049676327000487679 0.079055841869233867 0.024175588236088848 -0.0048577542895125022 0.074618040129795435 -0.036284709417423601 -0.031668055544260186 0.022616544212382524 0.12957021493736309 0.015149205484724815 -0.024221888065609636 -0.022953967506477036 -0.0054899985070086784 0.10022036886174458 -0.028279455644957267 -0.034540318981063863 -0.10631726867152588 -0.023992978856656827
leaf_weight=19101 31357 177 1945 986 1209 37104 2208 166 4211 1413 170 2021 6825 7570 641 1240 436 1323 3437 5227 3156 461 7037 20601 2432 1694 9720 5464 180 42815 8320 3108 1402 436 1698 2016 988 2976
leaf_count=19101 31357 177 1945 986 1209 37104 2208 166 4211 1413 170 2021 6825 7570 641 1240 436 1323 3437 5227 3156 461 7037 20601 2432 1694 9720 5464 180 42815 8320 3108 1402 436 1698 2016 988 2976
internal_value=-0.00103396 0.00892888 0.0201702 0.0347686 -0.0041644 -0.00364189 -0.0124212 -0.00917989 0.0102839 0.0248633 0.205838 0.0189358 0.0304544 -0.00154365 -0.0215521 0.0325232 0.0279646 0.0683302 0.01794 0.0381468 0.000123123 -0.0332687 0.00104287 0.00428376 0.0259902 0.0124449 0.00155499 -0.0137576 0.00514956 0.00864984 -0.0209649 -0.044463 0.0321395 0.0236647 0.0105498 -0.0404414 -0.0581478 9.6285e-05
internal_weight=243271 50469 27155 16238 23314 192802 57867 52551 15447 10595 336 10259 8238 10917 4852 16061 15075 2999 12076 5663 134935 3617 131318 99961 11163 8731 88798 16882 71916 63416 8500 5316 3347 1759 7162 4213 3004 6413
internal_count=243271 50469 27155 16238 23314 192802 57867 52551 15447 10595 336 10259 8238 10917 4852 16061 15075 2999 12076 5663 134935 3617 131318 99961 11163 8731 88798 16882 71916 63416 8500 5316 3347 1759 7162 4213 3004 6413
is_linear=0
shrinkage=0.03


Tree=117
num_leaves=39
num_cat=0
split_feature=132 94 207 207 207 193 207 205 36 200 200 201 96 193 205 185 200 16 131 205 208 207 193 193 203 203 207 105 207 207 207 208 208 105 76 195 186 200
split_gain=5247 8454.57 9625.69 6923.52 6838.75 6754.61 6286.71 8864.51 8811.11 6786.06 16432.5 8533.5 8130.4 11241 6634.17 5827.95 5575.11 5427.36 5346.4 5302.03 5157.46 11031 11212 5024.58 5030.36 5100.87 4987.5 4707.83 8985.46 4619.85 10114.3 34615.2 6950.89 4559.11 4326.45 16406.8 4437.54 4214.08
threshold=-40.233379364013665 15.169104099273683 -0.5276680290699004 -0.5276680290699004 -0.47558552026748652 18.750000000000004 0.86548283696174633 0.68301269412040722 191.88144683837893 14.84999990463257 14.750000000000002 52.500000000000007 19.232341766357425 28.550000190734867 0.25000000000000011 207.88751983642581 4.8500001430511483 68.797363281250014 -40.011978149414055 0.93301269412040722 0.31595529615879064 -0.92274349927902211 26.849999427795414 26.550000190734867 0.2503704726696015 0.38266885280609136 0.87397152185440075 57.947151184082038 -0.14250824600458142 0.80926549434661876 0.72695311903953563 0.66367807984352123 -0.64580103754997242 -14.248939514160154 8.5202026367187518 0.45000000298023229 0.45071822404861456 6.0499999523162851
decision_type=10 10 2 2 2 10 2 2 10 10 10 8 8 10 2 8 10 10 10 2 2 2 10 8 8 8 2 10 2 2 2 2 2 8 8 10 8 10
left_child=6 3 5 -2 -4 -3 7 18 9 10 11 19 14 -14 -13 23 -5 -11 27 -8 -20 22 -22 -10 -25 -26 -17 34 -29 30 -9 32 -32 -28 35 -1 -36 -21
right_child=1 2 4 16 -6 -7 8 29 15 17 -12 12 13 -15 -16 26 -18 -19 20 37 21 -23 -24 24 25 -27 33 28 -30 -31 31 -33 -34 -35 36 -37 -38 -39
leaf_value=0.018053547921019816 0.091839837064394483 0.056692332774328266 -0.11971077868860253 0.066009898688670285 -0.042060630556011114 -0.021498172162067723 -0.069778343531659653 -0.014810346854934502 0.019670973522577767 0.00015819911744038002 0.30479469772374873 0.010971837328701162 -0.015640010307879586 0.11586332248928771 0.053096645319747802 0.082980120654602113 -0.0082821304251189075 -0.041653694828406182 -0.00053914328465423363 0.16990352052891039 0.40190751599729096 0.03233002696987855 0.068321539114311367 0.033649880332068116 0.29555385052092942 0.10806118707663932 0.045454170670158625 0.0033214629511486883 0.080034219674186266 -0.0606820340412315 -0.18387780483272451 0.40289695089127248 0.031422087688123615 -0.0021154909853425058 -0.023253777246001708 0.34240466879955073 -0.00073742247783737823 -0.02665140997930978
leaf_weight=2715 730 1275 1282 979 5010 4517 1796 38518 1399 6877 170 7866 8936 626 5880 980 12731 4706 3924 160 151 4164 227 801 147 1170 2551 5160 1873 1852 165 232 741 6270 8567 148 97877 254
leaf_count=2715 730 1275 1282 979 5010 4517 1796 38518 1399 6877 170 7866 8936 626 5880 980 12731 4706 3924 160 151 4164 227 801 147 1170 2551 5160 1873 1852 165 232 741 6270 8567 148 97877 254
internal_value=-0.00108259 -0.0136778 -0.0321929 0.00181637 -0.0578821 -0.00428587 0.00045761 -0.00235924 0.00971815 0.00223399 0.0108299 0.00887136 0.0142134 -0.00703067 0.0289912 0.0306629 -0.00297704 -0.0168293 0.00163498 -0.0474686 0.0246526 0.0464166 0.201587 0.0637919 0.0929346 0.128991 0.0187747 -3.99914e-05 0.0237514 -0.014369 -0.0122061 0.0759382 -0.00778922 0.0116415 -0.00157078 0.0348218 -0.00254963 0.049313
internal_weight=243427 26524 12084 14440 6292 5792 216903 166314 50589 37271 25688 25518 23308 9562 13746 13318 13710 11583 124806 2210 8466 4542 378 3517 2118 1317 9801 116340 7033 41508 39656 1138 906 8821 109307 2863 106444 414
internal_count=243427 26524 12084 14440 6292 5792 216903 166314 50589 37271 25688 25518 23308 9562 13746 13318 13710 11583 124806 2210 8466 4542 378 3517 2118 1317 9801 116340 7033 41508 39656 1138 906 8821 109307 2863 106444 414
is_linear=0
shrinkage=0.03


Tree=118
num_leaves=39
num_cat=0
split_feature=194 193 200 208 194 76 166 36 208 76 200 202 201 80 200 206 208 208 76 200 208 208 94 208 94 36 56 141 163 208 201 199 201 200 206 185 209 94
split_gain=6363.51 10528.3 29400.1 9101.3 6854.34 6687.29 8598.44 6024.35 8663.74 8134.39 8694.39 5532.82 5014.28 4796.4 4591.39 4512 4469.48 8472.91 6643.01 6300.14 6039.54 13360.1 8550.03 7733.13 7592.65 6388.62 9295.76 8878.67 5307.54 5156.49 4345.28 4037.09 3984.2 3818.49 3497.02 3489.47 3461.15 3919.39
threshold=37.500000000000007 20.750000000000004 18.150000572204593 0.88522326946258556 11.500000000000002 57.788812637329109 1.5000000000000002 168.86065673828128 0.68901559710502636 46.070886611938484 13.750000000000002 -0.97988739609718312 777.50000000000011 17.312500000000004 8.5500001907348651 -0.25000000000000006 0.99530133605003368 0.94066718220710765 32.572101593017585 21.150000572204593 0.8930937945842744 0.84199059009552013 7.4284203052520761 0.91511079668998729 16.336271286010746 185.24333190917972 50.835212707519538 -19.34720420837402 30.319999694824222 0.95178258419036876 37.500000000000007 156.50000000000003 1712.5000000000002 4.9500000476837167 -0.68301269412040699 163.40150451660159 11.500000000000002 12.838541507720949
decision_type=8 10 10 2 10 10 10 10 2 10 10 10 10 2 10 2 2 2 10 10 2 2 8 2 10 10 10 10 10 2 8 10 10 8 2 8 2 10
left_child=1 2 -1 4 12 16 15 13 9 10 -9 -11 -3 -6 -5 -7 17 20 19 30 21 25 -22 34 -23 27 -27 -2 36 -20 -19 -10 35 -31 -24 -8 37 -18
right_child=5 3 -4 14 7 6 32 8 31 11 -12 -13 -14 -15 -16 -17 28 18 29 -21 22 24 23 -25 -26 26 -28 -29 -30 33 -32 -33 -34 -35 -36 -37 -38 -39
leaf_value=0.48698723376086539 0.0026804538994075109 0.091036060196138024 -0.0088882989127239687 0.21029751144003014 0.0046357239297505591 0.1857942956542355 -0.071941757993272515 0.087324728620015432 0.098265714029001153 0.096941433643064165 0.024407288335983462 -0.00073442806651336347 -0.056810632203419177 -0.035339740954979861 0.060795528212703454 0.016761170694488913 0.089204232048258725 0.10332906803595394 0.00022984065345524194 0.12178586696832813 -0.02778533304715302 -0.021580705607996992 0.1553906246917568 0.013444960366597548 -0.084290390863147199 -0.012637530439644374 0.016576545906374869 -0.015264907980899557 0.04181461158297501 -0.21622706303249997 -0.020509783640703112 -0.052526812073494335 0.091714833632438736 -0.078337548563884765 0.066298017045895885 -0.027704045551365804 -0.032872104750185323 -0.0026556443020532058
leaf_weight=157 64016 228 342 249 13613 222 2431 3302 176 564 4925 6996 2184 3370 718 395 567 260 743 296 2014 7175 500 3161 2293 13383 36641 40519 4477 202 13243 1734 204 1718 1916 4722 2062 1591
leaf_count=157 64016 228 342 249 13613 222 2431 3302 176 564 4925 6996 2184 3370 718 395 567 260 743 296 2014 7175 500 3161 2293 13383 36641 40519 4477 202 13243 1734 204 1718 1916 4722 2062 1591
internal_value=-0.000950369 0.0102297 0.147134 0.00843471 0.00606595 -0.00305577 -0.0299886 0.00946701 0.0217158 0.029017 0.04966 0.00655256 -0.0428346 -0.00329675 0.099294 0.0775827 -0.00196437 -0.00293661 -0.0234958 -0.0151239 -0.000964524 -0.00217522 0.0251962 0.0443293 -0.0367681 -5.61172e-05 0.00876085 -0.00427538 0.0190613 -0.0668769 -0.0181252 -0.0386312 -0.0390103 -0.0928459 0.0847367 -0.0427387 -0.00507774 0.02148
internal_weight=243309 38558 499 38059 37092 204751 7974 34680 17697 15787 8227 7560 2412 16983 967 617 196777 188080 16462 13799 171618 164027 7591 5577 9468 154559 50024 104535 8697 2663 13503 1910 7357 1920 2416 7153 4220 2158
internal_count=243309 38558 499 38059 37092 204751 7974 34680 17697 15787 8227 7560 2412 16983 967 617 196777 188080 16462 13799 171618 164027 7591 5577 9468 154559 50024 104535 8697 2663 13503 1910 7357 1920 2416 7153 4220 2158
is_linear=0
shrinkage=0.03


Tree=119
num_leaves=39
num_cat=0
split_feature=204 204 207 204 202 141 197 203 203 207 203 200 200 202 202 193 189 16 204 97 77 185 156 189 76 209 132 197 193 202 207 202 16 207 200 207 141 191
split_gain=6031.44 4935.25 11958.6 13484.4 8841.07 9099.98 7707.04 12246.4 8604.93 6850.42 7128.73 6106.81 6046.32 5885.33 7142.88 5432.95 4948.62 4809.01 4506.96 4217.76 5432.7 5164.13 5103.65 4789.65 4789.4 4388.6 6126.76 5871.28 67158.1 53779.2 6337.35 7573.4 7118.48 5137.03 7467.66 5985.91 4817.91 4384.31
threshold=7.0000000000000009 13.000000000000002 0.89787620306015026 9.0000000000000018 -0.9914070963859557 -13.758873939514158 983.25000000000011 -0.21643137186765668 0.94828754663467418 0.93845596909523021 0.66259482502937328 3.1499999761581425 9.4499998092651385 -0.043617725372314446 -0.76037701964378346 36.250000000000007 1.3691132068634035 55.861057281494148 9.0000000000000018 6.1264173984527597 54.011657714843757 500.60800170898443 5.078289508819581 28.028091430664066 20.074095726013187 3.5000000000000004 -47.876502990722649 987.54998779296886 22.750000000000004 0.70088258385658275 0.86975130438804638 -0.94828754663467396 55.861057281494148 -0.75579217076301564 19.550000190734867 -0.14250824600458142 -1.6756850481033323 14.903971195220949
decision_type=2 2 2 2 8 10 10 10 10 2 10 8 10 10 10 10 8 8 2 2 10 10 2 10 10 2 10 10 8 10 2 8 10 2 10 2 8 10
left_child=19 2 11 4 5 -4 7 17 12 10 -5 -2 -8 14 15 -11 -3 -6 -13 24 22 -22 -21 -24 -1 26 -26 30 33 -30 -27 32 -32 34 -29 -35 -33 -25
right_child=1 16 3 9 6 -7 8 -9 -10 13 -12 18 -14 -15 -16 -17 -18 -19 -20 20 21 -23 23 37 25 27 -28 28 29 -31 31 36 -34 35 -36 -37 -38 -39
leaf_value=-0.014309180739927558 -0.053159052197863842 0.035061532094727316 0.37542263275947862 0.040312932097942233 0.1243416599820233 0.10454203589695861 -0.052188543107638645 0.30337328089391485 0.23406211311426786 -0.0043855263498053408 0.21404636354364479 -0.0093576743313754443 0.047439539547959937 0.05122583584915983 -0.071520686738041267 0.13111306285983299 -0.0029057088408875934 0.013457560654100979 0.010643199176673571 -0.02180743028039105 -0.06208787575626825 0.073547514927896129 0.11871629102255891 -0.07862193205225676 0.011712671768516154 -0.011208014025287783 -0.031005274437125346 0.033286292650597842 0.061907555360945214 0.8349734542244146 0.0071455929584748135 -0.011198343974183027 0.19705969752116304 -0.016034581988896374 0.22122193777717189 0.057364361297372976 0.044864340043650856 0.058118596659889547
leaf_weight=29002 1753 3190 165 1859 811 345 834 251 170 4062 240 15291 1600 1525 1495 285 98204 622 30099 5416 3726 271 486 362 5175 14367 7262 1204 160 164 310 3195 416 4676 226 1272 2428 506
leaf_count=29002 1753 3190 165 1859 811 345 834 251 170 4062 240 15291 1600 1525 1495 285 98204 622 30099 5416 3726 271 486 362 5175 14367 7262 1204 160 164 310 3195 416 4676 226 1272 2428 506
internal_value=-0.000969471 0.0023537 0.00906558 0.0331336 0.0741039 0.192186 0.0600592 0.110073 0.0277152 0.012367 0.0601787 0.00178335 0.0133022 -0.00125552 -0.0149554 0.00449827 -0.0017112 0.0762126 0.00390529 -0.00767983 -0.0251577 -0.0528914 -0.00878358 0.0433113 -0.00498598 0.00163234 -0.0132304 0.00813698 0.0305006 0.453227 -0.000177581 0.0247828 0.115969 0.0119363 0.0629895 -0.000337838 0.0130094 0.00109018
internal_weight=243425 162801 61407 14264 4798 510 4288 1684 2604 9466 2099 47143 2434 7367 5842 4347 101394 1433 45390 80624 10767 3997 6770 1354 69857 40855 12437 28418 7702 324 20716 6349 726 7378 1430 5948 5623 868
internal_count=243425 162801 61407 14264 4798 510 4288 1684 2604 9466 2099 47143 2434 7367 5842 4347 101394 1433 45390 80624 10767 3997 6770 1354 69857 40855 12437 28418 7702 324 20716 6349 726 7378 1430 5948 5623 868
is_linear=0
shrinkage=0.03


Tree=120
num_leaves=39
num_cat=0
split_feature=194 207 204 120 202 207 205 207 202 207 207 204 16 56 194 204 204 194 56 97 194 200 200 202 194 207 204 207 200 202 56 35 200 194 114 207 207 185
split_gain=5773.6 6587.19 5925.1 6931.27 36824.3 59909.9 6572.68 10879.7 31411.3 7419.46 9286.12 11901 18201.9 7080.09 6330.39 6170.88 5448.69 5717.8 6346.4 4959.12 4428.41 14607.6 4395.41 4394.88 4052.44 4044.73 3748.93 3663.4 3604.07 3462.61 3400.69 3387.04 3092.95 4172.58 3095.04 2936.61 3540.36 2818.79
threshold=80.500000000000014 0.79383251070976268 5.0000000000000009 39.310417175292976 0.76037701964378368 -0.91246706247329701 -0.68301269412040699 0.99983760714530956 -0.94828754663467396 0.99818283319473278 0.70290291309356701 9.0000000000000018 118.83095550537111 85.154876708984389 24.500000000000004 9.0000000000000018 19.000000000000004 32.500000000000007 52.741319656372077 10.607385635375978 20.500000000000004 17.150000572204593 18.050000190734867 0.99140709638595592 11.500000000000002 0.65233618021011364 1.0000000180025095e-35 -0.74441730976104725 8.0500001907348651 0.1650413200259209 53.243535995483406 233.07117462158206 15.650000095367433 98.500000000000014 207.43814849853518 -0.54939359426498402 -0.82897400856018055 583.95001220703136
decision_type=10 2 2 10 10 2 2 2 8 2 2 2 8 10 10 2 2 10 8 2 8 10 10 10 8 2 2 2 8 10 8 10 10 10 10 2 2 8
left_child=2 32 3 19 35 -6 16 9 -9 10 15 12 -12 -13 -10 23 24 18 -18 20 21 -1 26 -8 -4 -17 -22 -24 -11 -16 -28 -26 -2 34 -34 36 -5 -21
right_child=1 -3 6 4 5 -7 7 8 14 28 11 13 -14 -15 29 25 17 -19 -20 37 22 -23 27 -25 31 -27 30 -29 -30 -31 -32 -33 33 -35 -36 -37 -38 -39
leaf_value=0.32772984681927159 -0.0028752403221635626 -0.054552561354218355 -0.075098143907436132 -0.011006419264939355 0.74447372601309225 0.012497191004637784 -0.010782657722288641 0.40450206856777599 -0.040666157202846012 -0.13527347317979618 0.0398905145512898 0.0072206985545356754 0.24694870326467877 0.14185505068201079 0.22274761977256172 0.0091112960104112652 0.0041392624139280571 -0.01008270526849948 0.053404556608765093 -0.088052782823157094 -0.00089266628256198452 -0.022732760794148467 0.10136929510798025 -0.1418706406018222 -0.0034432803478544045 -0.043369718951320281 -0.011857474955007462 0.0078879337803661135 -0.028425011921700823 0.046510013277838429 -0.035040669208780816 -0.02299562323479834 -0.023542123344337602 -0.15237937528439446 0.10899383402955884 -0.029668416024227557 0.069947408459463997 0.0083082084902006501
leaf_weight=149 24775 2997 864 1145 163 263 18947 240 591 319 10174 22930 397 357 157 48121 5637 7584 4040 1164 11337 380 416 233 26233 1359 13086 4054 2598 278 10082 11456 7484 223 162 1780 845 357
leaf_count=149 24775 2997 864 1145 163 263 18947 240 591 319 10174 22930 397 357 157 48121 5637 7584 4040 1164 11337 380 416 233 26233 1359 13086 4054 2598 278 10082 11456 7484 223 162 1780 845 357
internal_value=-0.000831984 -0.0119874 0.00108193 -0.0085229 0.0282022 0.292584 0.00375455 0.00811804 0.0955398 0.00706832 0.00841072 0.0212683 0.047667 0.00928478 0.0232645 0.00207031 -0.00458722 0.00942127 0.0247068 -0.0122791 -0.0102325 0.0759831 -0.0114027 -0.0123752 -0.0108591 0.00766986 -0.0150288 0.016588 -0.0401104 0.110122 -0.0219461 -0.00938645 -0.00807952 -0.0244648 -0.0207338 -0.00167275 0.0233684 -0.0654353
internal_weight=243377 35641 207736 45221 4196 426 162515 106701 1266 105435 102518 33858 10571 23287 1026 68660 55814 17261 9677 41025 39504 529 38975 19180 38553 49480 34505 4470 2917 435 23168 37689 32644 7869 7646 3770 1990 1521
internal_count=243377 35641 207736 45221 4196 426 162515 106701 1266 105435 102518 33858 10571 23287 1026 68660 55814 17261 9677 41025 39504 529 38975 19180 38553 49480 34505 4470 2917 435 23168 37689 32644 7869 7646 3770 1990 1521
is_linear=0
shrinkage=0.03


Tree=121
num_leaves=39
num_cat=0
split_feature=194 205 208 201 203 200 206 207 202 201 197 201 76 163 202 208 208 95 196 208 208 197 95 208 208 208 208 95 197 206 201 196 197 200 200 194 202 76
split_gain=5357.99 8347.44 9345.4 6693.94 7305.76 10738.5 11247.2 26631.4 7654.9 25049.8 7210.33 7150.37 6439.95 7136.87 4853.95 4289.47 7764.1 8205.78 6238.76 5438.28 12486.5 12707.1 7887.77 7061.72 5729.32 10844.6 7775.3 5213.47 4621.89 4246.39 3997.93 3988.65 3627.96 3501.73 3293.17 3289.86 3250.96 3902.73
threshold=37.500000000000007 -0.68301269412040699 0.94066718220710765 2297.5000000000005 -0.88697704672813404 13.949999809265138 0.25000000000000011 0.99983760714530956 -0.99809679388999928 201.25000000000003 978.04998779296886 52.500000000000007 57.788812637329109 5.2850000858306894 0.96811076998710643 0.99530133605003368 0.94066718220710765 11.186236381530763 1.0000000180025095e-35 0.8930937945842744 0.84199059009552013 992.64999389648449 8.2114729881286639 0.91511079668998729 0.57605713605880748 0.68901559710502636 0.51113018393516552 9.3092904090881365 991.14999389648449 -0.68301269412040699 1712.5000000000002 72.500000000000014 992.45001220703136 2.0499999523162846 18.050000190734867 63.500000000000007 0.04361772537231446 31.811627388000492
decision_type=8 2 2 10 10 10 2 2 10 10 10 10 10 10 10 2 2 8 8 2 2 8 10 2 2 2 2 10 8 2 10 10 10 8 10 8 10 10
left_child=1 36 3 4 31 6 7 -6 9 -7 -10 -8 15 29 -5 16 19 18 32 20 24 -22 -21 -24 26 -26 -2 -17 -20 -14 -15 -3 -18 -19 -35 -23 -1 -38
right_child=12 2 -4 14 5 8 11 -9 10 -11 -12 -13 13 30 -16 27 17 33 28 22 21 35 23 -25 25 -27 -28 -29 -30 -31 -32 -33 -34 34 -36 -37 37 -39
leaf_value=-0.019026923637209446 -0.0011402268433861255 -0.077766512670112892 0.19886360554155544 -0.019391175330311101 0.056960420069259096 0.4253781094307984 -0.08798201634549431 0.35707185659848739 0.080135912544667981 -0.059539284821128274 -0.0063260110266166718 0.036857815477320692 0.18226327231943631 -0.042824212038472462 0.14858373329604083 0.079279749026165983 0.0821730422104298 -0.17955683024897642 -0.10926777715941695 -0.026162823174925239 -0.12006403802434439 0.063309051017909623 0.081680626889651484 0.013144287780594829 0.036559630704217416 -0.0010201781521627616 -0.036868588334684649 0.0099200665425048431 -0.0025224053977962535 0.018067949803437511 0.090038152137775246 0.055748146800811901 -0.074947284168352932 -0.033337249220207803 -0.11538503670992271 -0.025454437437855471 0.13422077501707302 0.0066285640734648904
leaf_weight=9673 118002 905 258 4781 7425 161 737 276 965 237 8640 939 182 6929 160 1120 1118 158 395 2052 1365 395 2381 3134 10419 20527 5749 7551 4815 641 210 259 150 9361 462 7725 233 2914
leaf_count=9673 118002 905 258 4781 7425 161 737 276 965 237 8640 939 182 6929 160 1120 1118 158 395 2052 1365 395 2381 3134 10419 20527 5749 7551 4815 641 210 259 150 9361 462 7725 233 2914
internal_value=-0.000889757 0.00936868 0.0192185 0.0173997 0.02494 0.0293244 0.0523891 0.0677167 0.007703 0.136625 0.00236072 -0.0180389 -0.00282099 -0.029272 -0.0139514 -0.00175128 -0.00270176 -0.0223848 0.00390846 -0.000815491 -0.00196155 -0.0353734 0.0240505 0.0427338 8.70466e-05 0.0116323 -0.00280004 0.0188791 -0.0106156 0.0543806 -0.0389158 -0.0480578 0.0635855 -0.0394501 -0.0371963 -0.0211364 -0.01041 0.0160758
internal_weight=243404 38563 25743 25485 20544 19380 9377 7701 10003 398 9605 1676 204841 7962 4941 196879 188208 16459 6478 171749 164182 9485 7567 5515 154697 30946 123751 8671 5210 823 7139 1164 1268 9981 9823 8120 12820 3147
internal_count=243404 38563 25743 25485 20544 19380 9377 7701 10003 398 9605 1676 204841 7962 4941 196879 188208 16459 6478 171749 164182 9485 7567 5515 154697 30946 123751 8671 5210 823 7139 1164 1268 9981 9823 8120 12820 3147
is_linear=0
shrinkage=0.03


Tree=122
num_leaves=39
num_cat=0
split_feature=204 194 204 207 193 193 199 198 207 207 202 199 207 202 198 105 209 56 203 202 187 204 207 76 195 207 105 203 202 96 198 202 76 76 200 207 75 55
split_gain=5320.06 6844.05 7442.29 24102.2 15748.6 32383 14149.5 8671.29 7762.27 7646.58 7184.67 11058.2 8933.73 6865.96 6345.32 12335.3 6109.31 9144.81 5510.46 5597.94 9559.08 5312.53 5114.45 4932.01 10138.4 4683.7 14025.9 47743.3 4489.66 4570.42 4810.97 4423.83 8154.01 6842.03 4450.61 4409.86 4333.08 7233.86
threshold=5.0000000000000009 66.500000000000014 11.000000000000002 0.89787620306015026 19.849999427795414 19.349999427795414 273.50000000000006 6.7500000000000009 0.94138324260711681 0.92922380566596996 -0.88697704672813404 287.50000000000006 0.99274429678916942 0.1650413200259209 2.8500000238418584 22.819806098937992 11.500000000000002 90.468330383300795 0.28400452435016638 0.87878364324569713 52.602998733520515 1.0000000180025095e-35 0.9159645438194276 8.5202026367187518 0.45000000298023229 -0.90529522299766529 9.2108473777771014 -0.25037047266960138 0.9536806344985963 13.050599575042726 1.4499999880790713 -0.89490029215812672 73.817485809326186 50.932756423950202 18.050000190734867 -0.30163703858852381 16.858145713806156 40.451158523559577
decision_type=2 10 2 2 8 10 8 10 2 2 8 10 2 10 8 10 2 10 10 10 10 2 2 8 10 2 10 10 10 8 10 8 10 10 8 2 10 10
left_child=21 2 3 14 5 6 -5 10 18 -9 11 -6 -12 36 28 16 17 -16 -4 22 -21 -1 -20 24 -3 26 -23 -28 29 30 -2 32 -27 -33 -35 -31 37 -10
right_child=1 23 8 4 7 -7 -8 9 13 -11 12 -13 -14 -15 15 -17 -18 -19 19 20 -22 25 -24 -25 -26 31 27 -29 -30 35 -32 33 -34 34 -36 -37 -38 -39
leaf_value=0.0040826397205358904 -0.13304709483547905 0.013205110441095571 -0.00054750960375140624 0.28950282396974708 0.072232925292620237 0.56349703321863742 -0.065091713814834487 0.13830739078682852 -0.062258077103641396 -0.019898767239038731 0.064459142948016218 0.2452153964276502 -0.013608900777365096 0.022481409358824745 -8.3550768584181553e-05 0.076219703089494828 -0.041290663812323943 0.097770641003978656 0.0092668168626234455 0.040927345756748938 0.28077634418517444 -0.0073245232861177349 0.058315939891003747 -0.011488636722541665 0.22898509703449049 0.00039342455444189237 0.61061353994993128 0.0067004694116778096 -0.20621559143278215 -0.047462456867063664 0.065072358170182656 -0.017114560356167364 0.21626014839117946 -0.075518482672555148 -0.010713212420118152 -0.22123803002925738 -0.028584418725264672 0.0721334302037034
leaf_weight=19956 145 1863 55912 161 1659 162 273 309 563 2495 4781 416 1822 3471 21679 1974 3073 895 21518 763 186 4912 2100 38923 219 4648 150 549 169 460 461 25108 163 3297 1342 184 15545 1002
leaf_count=19956 145 1863 55912 161 1659 162 273 309 563 2495 4781 416 1822 3471 21679 1974 3073 895 21518 763 186 4912 2100 38923 219 4648 150 549 169 460 461 25108 163 3297 1342 184 15545 1002
internal_value=-0.000826049 0.00171543 0.00482956 0.0155901 0.0512052 0.201564 0.0664539 0.0434003 0.000451469 -0.00246395 0.0582198 0.106914 0.0429174 -0.0159897 0.000777379 0.00395589 -0.00160612 0.00379613 0.00465601 0.0164987 0.0879395 -0.00856917 0.0136281 -0.00908232 0.0359035 -0.0148546 0.0105682 0.136303 -0.0610921 -0.0414697 0.0176656 -0.0189824 0.00770763 -0.023299 -0.0567713 -0.0971157 -0.0237942 0.0237865
internal_weight=243308 183183 142178 41118 12078 596 434 11482 101060 2804 8678 2075 6603 20581 29040 27621 25647 22574 80479 24567 949 60125 23618 41005 2082 40169 5611 699 1419 1250 606 34558 4811 29747 4639 644 17110 1565
internal_count=243308 183183 142178 41118 12078 596 434 11482 101060 2804 8678 2075 6603 20581 29040 27621 25647 22574 80479 24567 949 60125 23618 41005 2082 40169 5611 699 1419 1250 606 34558 4811 29747 4639 644 17110 1565
is_linear=0
shrinkage=0.03


Tree=123
num_leaves=39
num_cat=0
split_feature=194 194 36 74 141 208 208 93 96 123 197 79 185 209 208 181 141 192 208 208 197 208 205 181 175 208 201 157 196 75 205 189 161 163 129 96 123 208
split_gain=5402.02 6625.11 7354.42 7576.74 5886.75 6127.75 9834.48 5814.78 5566.89 5839.33 8581.79 11212.5 45154.2 9831.03 11643.1 8347.42 8096.51 20630.6 8543.57 7635.06 7695.44 7320.71 6565.37 5093.31 5208.81 4721.39 4640.8 4584.61 4482.81 4393.57 4286.1 4099.98 3777.41 3343.88 3324.44 3410.4 3295.55 7141.79
threshold=45.500000000000007 11.500000000000002 172.91180419921878 46.764249801635749 -15.368184566497801 0.17435361444950107 0.14037931710481646 16.399333000183109 20.746680259704593 28.881332397460941 986.85000610351574 1.7686306834220888 116.66607666015626 5.5000000000000009 0.9993295967578889 70.000000000000014 -16.443195343017575 0.26032571494579321 0.98770287632942211 0.95178258419036876 993.25000000000011 0.22491560876369479 0.68301269412040722 72.000000000000014 130.15999603271487 0.99895980954170238 602.50000000000011 55.630001068115241 94.500000000000014 32.363788604736335 0.68301269412040722 215.37836456298831 2.8149999380111699 76.06000137329103 113.54166793823244 24.765305519104007 43.500913619995124 0.68901559710502636
decision_type=8 10 10 10 10 2 2 8 8 10 10 10 10 2 2 2 10 10 2 2 10 2 2 2 10 2 10 10 10 10 2 10 2 10 10 10 10 2
left_child=1 26 7 23 8 6 34 -3 9 10 13 16 -13 14 21 -14 18 -18 -12 20 36 -2 -16 31 29 30 -1 -5 -8 -25 -15 -4 -7 -22 -6 -36 -11 -38
right_child=4 2 3 27 5 32 28 -9 -10 19 11 12 15 25 22 -17 17 -19 -20 -21 33 -23 -24 24 -26 -27 -28 -29 -30 -31 -32 -33 -34 -35 35 -37 37 -39
leaf_value=0.1082484807841828 0.03406706877305303 0.0056035724687424357 0.011549946083915316 0.017509613242645935 -0.012618246528195006 0.063357946602326035 -0.14307417126177932 -0.032111982231515145 -0.023065027495922867 -0.042314033944272147 -0.0021747339430984018 0.58970860157883731 -0.096061667097293482 -0.00076836179003580095 0.18659747315761976 0.10536913120319256 0.42525573225307878 0.032409625912743587 0.050668825631447 -0.065392309497778786 -0.021647529696501387 0.0019139817026331378 -0.018638475044455389 0.093174338239091853 -0.031962419475787221 -0.071151214353811332 -0.052658171191381421 -0.022563235018045923 0.017815854538256178 0.042773148647448071 -0.015945232702940324 0.12925369683046475 -0.0018508388313872039 0.079574658553715524 -0.051413577929311914 0.011241823267916007 0.093754650558123417 -0.022196628949439835
leaf_weight=174 9015 18786 5868 7440 17133 855 847 4575 9344 3162 10409 156 292 65721 536 506 152 577 3744 2605 394 21747 190 2481 583 971 2212 3925 191 4178 22474 279 12317 1154 4272 957 604 2293
leaf_count=174 9015 18786 5868 7440 17133 855 847 4575 9344 3162 10409 156 292 65721 536 506 152 577 3744 2605 394 21747 190 2481 583 971 2212 3925 191 4178 22474 279 12317 1154 4272 957 604 2293
internal_value=-0.000862356 0.00787114 0.0102909 0.0216849 -0.00315212 -0.0139855 -0.0231988 -0.00178261 -0.000613146 0.000816898 0.00245406 0.0232179 0.12292 -0.000271226 0.0141392 0.0316619 0.0168265 0.114325 0.0118044 -0.0210647 -0.00588473 0.0113367 0.132886 0.0369764 0.0540235 -0.00536012 -0.0409234 0.00367007 -0.113469 0.0615517 -0.00463576 0.0168925 0.0023819 0.0538112 -0.0190085 -0.0399465 -0.0211364 0.00197832
internal_weight=243119 50501 48115 24754 192618 36572 23400 23361 156046 146702 136490 15836 954 120654 31488 798 14882 729 14153 10212 7607 30762 726 13389 7242 89166 2386 11365 1038 6659 88195 6147 13172 1548 22362 5229 6059 2897
internal_count=243119 50501 48115 24754 192618 36572 23400 23361 156046 146702 136490 15836 954 120654 31488 798 14882 729 14153 10212 7607 30762 726 13389 7242 89166 2386 11365 1038 6659 88195 6147 13172 1548 22362 5229 6059 2897
is_linear=0
shrinkage=0.03


end of trees

feature_importances:
Column_207=550
Column_208=419
Column_194=339
Column_96=247
Column_193=228
Column_204=223
Column_97=161
Column_197=151
Column_202=149
Column_95=144
Column_36=143
Column_94=142
Column_201=138
Column_205=135
Column_76=133
Column_199=115
Column_200=110
Column_198=101
Column_56=95
Column_132=94
Column_80=85
Column_209=81
Column_114=80
Column_203=80
Column_85=72
Column_105=72
Column_196=70
Column_141=65
Column_99=54
Column_206=54
Column_123=53
Column_35=48
Column_16=45
Column_75=40
Column_77=40
Column_86=39
Column_55=35
Column_93=34
Column_82=32
Column_90=32
Column_181=32
Column_59=27
Column_79=27
Column_84=27
Column_92=26
Column_185=26
Column_191=26
Column_57=25
Column_163=22
Column_91=21
Column_183=21
Column_190=21
Column_88=20
Column_74=19
Column_87=19
Column_189=19
Column_140=17
Column_129=15
Column_160=15
Column_157=14
Column_34=13
Column_81=13
Column_104=13
Column_166=13
Column_100=12
Column_187=12
Column_39=11
Column_83=11
Column_192=11
Column_54=10
Column_89=10
Column_52=9
Column_98=9
Column_113=9
Column_186=9
Column_15=8
Column_28=8
Column_40=8
Column_45=8
Column_50=8
Column_68=8
Column_131=8
Column_139=8
Column_146=8
Column_164=8
Column_173=8
Column_5=7
Column_9=7
Column_37=7
Column_42=7
Column_120=7
Column_122=7
Column_155=7
Column_158=7
Column_179=7
Column_195=7
Column_10=6
Column_19=6
Column_20=6
Column_47=6
Column_49=6
Column_60=6
Column_72=6
Column_109=6
Column_151=6
Column_165=6
Column_169=6
Column_170=6
Column_175=6
Column_176=6
Column_178=6
Column_7=5
Column_11=5
Column_27=5
Column_29=5
Column_32=5
Column_33=5
Column_46=5
Column_48=5
Column_62=5
Column_63=5
Column_65=5
Column_71=5
Column_78=5
Column_112=5
Column_124=5
Column_149=5
Column_180=5
Column_8=4
Column_12=4
Column_17=4
Column_18=4
Column_22=4
Column_31=4
Column_44=4
Column_66=4
Column_103=4
Column_111=4
Column_115=4
Column_145=4
Column_147=4
Column_161=4
Column_171=4
Column_4=3
Column_14=3
Column_23=3
Column_25=3
Column_26=3
Column_30=3
Column_43=3
Column_51=3
Column_58=3
Column_70=3
Column_101=3
Column_102=3
Column_125=3
Column_142=3
Column_144=3
Column_156=3
Column_159=3
Column_162=3
Column_53=2
Column_64=2
Column_67=2
Column_73=2
Column_106=2
Column_107=2
Column_118=2
Column_136=2
Column_138=2
Column_148=2
Column_152=2
Column_182=2
Column_188=2
Column_0=1
Column_2=1
Column_3=1
Column_6=1
Column_13=1
Column_24=1
Column_38=1
Column_61=1
Column_69=1
Column_110=1
Column_126=1
Column_133=1
Column_134=1
Column_143=1
Column_150=1
Column_154=1
Column_172=1
Column_177=1
Column_184=1

parameters:
[boosting: gbdt]
[objective: regression]
[metric: l2]
[tree_learner: serial]
[device_type: cpu]
[data_sample_strategy: bagging]
[data: ]
[valid: ]
[num_iterations: 390]
[learning_rate: 0.03]
[num_leaves: 39]
[num_threads: 8]
[seed: 0]
[deterministic: 0]
[force_col_wise: 0]
[force_row_wise: 0]
[histogram_pool_size: -1]
[max_depth: 8]
[min_data_in_leaf: 145]
[min_sum_hessian_in_leaf: 0.001]
[bagging_fraction: 0.939299]
[pos_bagging_fraction: 1]
[neg_bagging_fraction: 1]
[bagging_freq: 1]
[bagging_seed: 3]
[bagging_by_query: 0]
[feature_fraction: 0.629109]
[feature_fraction_bynode: 1]
[feature_fraction_seed: 2]
[extra_trees: 0]
[extra_seed: 6]
[early_stopping_round: 0]
[early_stopping_min_delta: 0]
[first_metric_only: 0]
[max_delta_step: 0]
[lambda_l1: 0.0129666]
[lambda_l2: 0.00936093]
[linear_lambda: 0]
[min_gain_to_split: 0.235931]
[drop_rate: 0.1]
[max_drop: 50]
[skip_drop: 0.5]
[xgboost_dart_mode: 0]
[uniform_drop: 0]
[drop_seed: 4]
[top_rate: 0.2]
[other_rate: 0.1]
[min_data_per_group: 100]
[max_cat_threshold: 32]
[cat_l2: 10]
[cat_smooth: 10]
[max_cat_to_onehot: 4]
[top_k: 20]
[monotone_constraints: ]
[monotone_constraints_method: basic]
[monotone_penalty: 0]
[feature_contri: ]
[forcedsplits_filename: ]
[refit_decay_rate: 0.9]
[cegb_tradeoff: 1]
[cegb_penalty_split: 0]
[cegb_penalty_feature_lazy: ]
[cegb_penalty_feature_coupled: ]
[path_smooth: 0]
[interaction_constraints: ]
[verbosity: -1]
[saved_feature_importance_type: 0]
[use_quantized_grad: 0]
[num_grad_quant_bins: 4]
[quant_train_renew_leaf: 0]
[stochastic_rounding: 1]
[linear_tree: 0]
[max_bin: 255]
[max_bin_by_feature: ]
[min_data_in_bin: 3]
[bin_construct_sample_cnt: 200000]
[data_random_seed: 1]
[is_enable_sparse: 1]
[enable_bundle: 1]
[use_missing: 1]
[zero_as_missing: 0]
[feature_pre_filter: 0]
[pre_partition: 0]
[two_round: 0]
[header: 0]
[label_column: ]
[weight_column: ]
[group_column: ]
[ignore_column: ]
[categorical_feature: ]
[forcedbins_filename: ]
[precise_float_parser: 0]
[parser_config_file: ]
[objective_seed: 5]
[num_class: 1]
[is_unbalance: 0]
[scale_pos_weight: 1]
[sigmoid: 1]
[boost_from_average: 1]
[reg_sqrt: 0]
[alpha: 0.9]
[fair_c: 1]
[poisson_max_delta_step: 0.7]
[tweedie_variance_power: 1.5]
[lambdarank_truncation_level: 30]
[lambdarank_norm: 1]
[label_gain: ]
[lambdarank_position_bias_regularization: 0]
[eval_at: ]
[multi_error_top_k: 1]
[auc_mu_weights: ]
[num_machines: 1]
[local_listen_port: 12400]
[time_out: 120]
[machine_list_filename: ]
[machines: ]
[gpu_platform_id: -1]
[gpu_device_id: -1]
[gpu_device_id_list: ]
[gpu_use_dp: 0]
[num_gpu: 1]

end of parameters

pandas_categorical:null
