tree
version=v4
num_class=1
num_tree_per_iteration=1
label_index=0
max_feature_idx=172
objective=regression
feature_names=Column_0 Column_1 Column_2 Column_3 Column_4 Column_5 Column_6 Column_7 Column_8 Column_9 Column_10 Column_11 Column_12 Column_13 Column_14 Column_15 Column_16 Column_17 Column_18 Column_19 Column_20 Column_21 Column_22 Column_23 Column_24 Column_25 Column_26 Column_27 Column_28 Column_29 Column_30 Column_31 Column_32 Column_33 Column_34 Column_35 Column_36 Column_37 Column_38 Column_39 Column_40 Column_41 Column_42 Column_43 Column_44 Column_45 Column_46 Column_47 Column_48 Column_49 Column_50 Column_51 Column_52 Column_53 Column_54 Column_55 Column_56 Column_57 Column_58 Column_59 Column_60 Column_61 Column_62 Column_63 Column_64 Column_65 Column_66 Column_67 Column_68 Column_69 Column_70 Column_71 Column_72 Column_73 Column_74 Column_75 Column_76 Column_77 Column_78 Column_79 Column_80 Column_81 Column_82 Column_83 Column_84 Column_85 Column_86 Column_87 Column_88 Column_89 Column_90 Column_91 Column_92 Column_93 Column_94 Column_95 Column_96 Column_97 Column_98 Column_99 Column_100 Column_101 Column_102 Column_103 Column_104 Column_105 Column_106 Column_107 Column_108 Column_109 Column_110 Column_111 Column_112 Column_113 Column_114 Column_115 Column_116 Column_117 Column_118 Column_119 Column_120 Column_121 Column_122 Column_123 Column_124 Column_125 Column_126 Column_127 Column_128 Column_129 Column_130 Column_131 Column_132 Column_133 Column_134 Column_135 Column_136 Column_137 Column_138 Column_139 Column_140 Column_141 Column_142 Column_143 Column_144 Column_145 Column_146 Column_147 Column_148 Column_149 Column_150 Column_151 Column_152 Column_153 Column_154 Column_155 Column_156 Column_157 Column_158 Column_159 Column_160 Column_161 Column_162 Column_163 Column_164 Column_165 Column_166 Column_167 Column_168 Column_169 Column_170 Column_171 Column_172
feature_infos=[0:1500] [0:1500] [1:1407] [1:1500] [1:1407] [1:1407] [1:1407] [1:1407] [1:1372.5] [1:1407] [1:1407] [1:1407] [1:1407] [3.5:1407] [6.3333635330200195:737.14288330078125] [10.166651725769043:524.89263916015625] [18.418041229248047:498.03424072265625] [1.9649710655212402:519.70111083984375] [-1199:1255] [1:2000] [1:2000] [2:2000] [1:2000] [3:2000] [3:2000] [2:2000] [2:2000] [2:2000] [2:2000] [2:2000] [3:2000] [2:2000] [5.4000000953674316:1850.1666259765625] [17.143999099731445:1030.8421630859375] [26.777778625488281:666.7005615234375] [45.178569793701172:631.875] [0:792.23114013671875] [-1710:1602] [0:252.10000610351562] [0:252.10000610351562] [0:286] [2.25:252.10000610351562] [0:240.89999389648438] [0:240.89999389648438] [0:240.89999389648438] [0:240.89999389648438] [0:286] [0:286] [1.9500000476837158:286] [0:240.89999389648438] [1.9500000476837158:240.89999389648438] [3.7860000133514404:228.80000305175781] [7.984041690826416:154.36666870117188] [9.3202428817749023:130.27069091796875] [10.584683418273926:119.6007080078125] [1.4486775398254395:83.568206787109375] [-163.19999694824219:148.17500305175781] [0:367.54998779296875] [0:367.54998779296875] [0:384.5] [0:367.54998779296875] [0:384.5] [0:384.5] [0:384.5] [0:384.5] [0:384.5] [0:384.5] [0:370.5] [0:384.5] [0:384.5] [0.25999999046325684:337.91665649414062] [1.6892857551574707:163.765625] [8.0256414413452148:121.78014373779297] [10.509523391723633:108.56809997558594] [0.24993206560611725:154.78199768066406] [-353.5:342.10000610351562] [0:307.70001220703125] [0:307.70001220703125] [0:184.69999694824219] [0:200.10000610351562] [0:180] [0:154.5] [0:184.69999694824219] [0:184.69999694824219] [0:184.69999694824219] [0:180] [0:180] [0:184.69999694824219] [0:184.69999694824219] [0.38333332538604736:155.42500305175781] [0.82499998807907104:66.039894104003906] [1.3587838411331177:39.648326873779297] [1.9178849458694458:31.004463195800781] [0.34701105952262878:76.38031005859375] [-156.69999694824219:294.20001220703125] [6:421] [6:443.29998779296875] [14.9375:325.83749389648438] [-393:1422.199951171875] [-296.37918090820312:461.65713500976562] [-123.01913452148438:215.20565795898438] [0.0099526066333055496:6.0042524337768555] [0.19894744455814362:3.9459133148193359] [-0.96426749229431152:17.176328659057617] [6.0999999046325684:3270.800048828125] [6.0999999046325684:3270.800048828125] [15.104166984558105:2844.8916015625] [-3137.800048828125:1899.4000244140625] [-2727.5166015625:889.010498046875] [-1311.7872314453125:310.57186889648438] [0.012307692319154739:4.2528138160705566] [0.032252039760351181:9.8675613403320312] [-0.99015367031097412:17.98674201965332] [1.7999999523162842:216.60000610351562] [1.7999999523162842:216.60000610351562] [9.0749998092651367:115.4375] [-178.55000305175781:109.90000152587891] [-56.469081878662109:63.586498260498047] [-33.754470825195312:38.464511871337891] [0:4.6645832061767578] [0.036325350403785706:4.4853420257568359] [-0.87483358383178711:7.9429826736450195] [0:282] [0:282] [35.083332061767578:156.54167175292969] [-192.47500610351562:127.375] [-145.07499694824219:23.22386360168457] [-104.89218139648438:-4.4613232612609863] [0:13.427308082580566] [0:3.7221693992614746] [-0.93520832061767578:9.1999998092651367] [4.9000000953674316:162.19999694824219] [4.9000000953674316:162.19999694824219] [10.208333015441895:103.80416870117188] [-153.30000305175781:169.60000610351562] [-87.546165466308594:38.008316040039062] [-47.644458770751953:11.631468772888184] [0:10.553139686584473] [0.23440361022949219:2.6446709632873535] [-0.93987083435058594:6.5972223281860352] [0:22] [0.40000000596046448:40.5] [-1:1] [-1:1] [1:71] [6.9000000953674316:446.10000610351562] [0.085433647036552429:7.0208902359008789] [6.9000000953674316:3255.89990234375] [0.012148265726864338:44.299091339111328] [1.7000000476837158:220.10000610351562] [0.015230700373649597:9.6543283462524414] [0:283] [0:4.9331159591674805] [5:159.5] [0.152112677693367:5.1972184181213379] [6.5999999046325684:44.700000762939453] [5:100] [0:11.199999809265137] [0:100] [968.0999755859375:999.70001220703125] [0:25.5] [1:360] [0:42.700000762939453] [10:5310] [-1:1] [-1:1] [1:23] [-0.96592581272125244:0.96592581272125244] [-0.96592581272125244:0.96592581272125244] [-0.99999940395355225:0.99998557567596436] [-0.99997919797897339:0.99999076128005981] [1:12] [0:1]
tree_sizes=7087 7171 7212 7210 7197 7224 7211 7163 7191 7219 7091 7157 7140 7216 7232 7220 7119 7177 7252 7197 7179 7188 7191 7185 7229 7185 7216 7205 7237 7207 7252 7200 7194 7175 7168 7226 7254 7255 7238 7251 7267 7292 7311 7236 7260 7247 7259 7288 7298 7266 7331 7336 7323 7219 7225 7328 7261 7343 7295 7303 7215 7385 7315 7245 7265 7279 7342 7384 5924 5890 5979 5922 5908 5959 5796 5892 5959 5972 5934 5796 5919 5957 5963

Tree=0
num_leaves=80
num_cat=0
split_feature=90 90 90 77 166 166 151 166 89 90 33 82 89 80 77 90 169 118 33 90 90 169 108 90 90 89 159 77 127 73 90 57 159 166 80 166 166 82 156 89 29 90 151 29 29 106 80 169 90 33 90 163 169 86 156 38 77 89 152 124 163 80 156 164 77 36 145 156 169 90 72 118 94 159 36 90 77 144 89
split_gain=3.70599e+07 1.48399e+07 6.02155e+06 2.59384e+06 1.74392e+06 2.34297e+06 1.62341e+06 4.01522e+06 2.55143e+06 2.55974e+06 2.60533e+06 2.16178e+06 3.52424e+06 1.33754e+06 1.32881e+06 1.04132e+06 998274 1.73845e+06 1.16941e+06 916065 902602 817989 763189 705164 591502 537125 519973 508441 480970 432368 410100 408751 545046 370604 356693 354320 903409 983999 1.87033e+06 2.94313e+06 325637 312499 308225 385852 304722 302655 290305 288140 287232 302967 265779 264356 409665 326713 342427 385894 260469 246831 636281 239213 360927 307083 478025 227404 226164 450136 204199 196451 196235 187052 184568 184494 183351 177261 172339 169010 166619 156490 155687
threshold=16.645951271057132 41.00279617309571 9.2810683250427264 44.737499237060554 10.500000000000002 5.0000000000000009 188.50000000000003 6.5000000000000009 15.547083377838137 24.831426620483402 305.29437255859381 11.808500289916994 5.2600834369659433 10.702499866485597 19.402500152587894 77.294013977050795 0.87397152185440075 -18.344265937805172 249.45639801025393 13.305656909942629 4.8568873405456552 0.43733377754688268 -205.17570495605466 27.708348274230961 24.602583885192875 11.724333286285402 987.64999389648449 21.701499938964847 -70.007629394531236 33.73315620422364 56.361303329467781 22.426499366760257 987.54998779296886 10.500000000000002 28.707500457763675 10.500000000000002 5.0000000000000009 6.8775000572204599 86.500000000000014 8.8520002365112322 330.42999267578131 19.042412757873539 145.50000000000003 127.00999832153322 288.00999450683599 157.85208892822268 12.101500034332277 0.62837758660316478 22.915432929992679 252.63112640380862 28.492875099182132 392.50000000000006 -0.29343378543853754 8.6924996376037615 57.500000000000007 74.912502288818374 10.501500129699709 12.414500236511232 1.2081714272499087 108.14583206176759 472.50000000000006 7.1015000343322763 90.500000000000014 -0.96359375119209278 8.553500175476076 32.897684097290046 25.550000190734867 53.500000000000007 0.87811094522476207 32.928894042968757 62.04469299316407 47.477098464965827 5.6510000228881845 987.25000000000011 86.54040908813478 6.8645417690277108 7.9509999752044687 29.000000000000004 7.1792082786560067
decision_type=10 10 8 2 2 2 8 2 10 10 8 8 8 8 2 10 2 8 10 8 10 2 8 10 10 8 10 2 10 8 10 10 10 2 10 2 2 8 10 8 8 10 8 8 8 10 8 2 10 8 10 8 2 10 10 10 2 8 10 8 8 8 10 10 2 8 8 10 2 10 8 10 8 10 8 10 2 2 8
left_child=2 4 20 16 5 27 23 8 9 10 11 12 -8 -13 46 30 34 18 -18 -4 -1 64 -17 67 -16 47 -24 68 51 -14 -5 72 48 42 76 36 -21 38 -38 -40 -27 -15 -19 -44 -12 77 -6 -11 -33 -50 -29 52 53 -9 -55 -56 -37 58 -25 -39 61 62 -61 -45 -10 -66 -26 78 -2 -68 -67 -32 -23 -72 -74 -22 -3 -28 -7
right_child=1 3 19 15 14 6 7 28 21 25 44 13 29 41 24 22 17 33 -20 35 75 31 26 57 66 40 45 50 -30 -31 71 32 -34 -35 -36 56 37 59 39 -41 -42 -43 43 63 -46 -47 -48 -49 49 -51 -52 -53 -54 54 55 -57 -58 -59 -60 60 -62 -63 -64 -65 65 70 69 -69 -70 -71 73 -73 74 -75 -76 -77 -78 -79 -80
leaf_value=15.120619268336842 15.72154938654662 15.659737806282854 15.578859993088608 17.739767841158304 15.610657478170713 18.038547752582673 16.855008452988557 16.501515861483188 15.363059979104417 15.838106392653325 19.383548011197064 22.647485010480953 26.564494387310866 16.344816653197732 16.068936996931424 23.149881049411384 23.522172482619482 17.155973127154741 17.560174283715618 15.615856682259446 15.283332602021421 16.470545396836698 17.619666970826238 16.101412432850562 18.212729726408234 20.352433519485061 20.414841661853593 16.118604250733576 19.188284245306306 23.610032162089482 18.332300215280746 16.802679289490971 20.593721626825356 16.856832400738597 17.089646137686589 15.51386122989947 16.15753876237229 15.799291726262652 23.766092661817623 16.375433653166755 17.125983032058986 19.014027834645141 20.930772535406465 19.537921777818099 16.723349778030947 21.74108301967664 15.915002187502568 17.968551338645408 20.674272676885572 17.693205890137843 16.637367524167221 16.201148777475638 16.148824503485528 16.838818057932841 17.426104376833738 20.724662107236469 15.781733524723293 16.761669537725822 20.678374608583756 16.619991082043477 15.871854729912448 16.294735631099023 19.82412657464906 17.548694648712004 18.844040846212177 16.318757564285892 16.335804324754427 16.092228406312262 16.093358505689448 16.700056212605585 16.388021000900714 19.715715885931282 19.273074630942329 18.391324230567662 16.971672448419476 15.406046162900154 16.495392475735706 18.266933440367321 16.377258155341007
leaf_weight=92393 16285 1168 154633 6905 15338 206 238 656 486 878 201 277 412 324 35074 204 290 1104 201 22112 69586 667 475 236 231 237 228 12762 212 346 5634 456 377 2613 3436 18399 1756 11363 350 434 216 308 202 281 672 277 42670 308 203 314 4929 13297 1629 357 232 287 45093 7610 203 621 8970 9070 229 795 332 2760 20829 19030 7446 6715 301 373 214 338 261 96409 3243 273 11152
leaf_count=92393 16285 1168 154633 6905 15338 206 238 656 486 878 201 277 412 324 35074 204 290 1104 201 22112 69586 667 475 236 231 237 228 12762 212 346 5634 456 377 2613 3436 18399 1756 11363 350 434 216 308 202 281 672 277 42670 308 203 314 4929 13297 1629 357 232 287 45093 7610 203 621 8970 9070 229 795 332 2760 20829 19030 7446 6715 301 373 214 338 261 96409 3243 273 11152
internal_value=15.7643 16.3571 15.4785 17.6685 16.1981 16.3737 16.595 16.9443 17.827 18.9467 20.056 21.2994 23.2303 19.1779 16.0416 18.2278 17.0656 17.6865 21.0901 15.675 15.2709 17.0894 19.7488 16.3424 16.2328 17.0652 19.1897 16.0197 16.3552 25.228 18.0559 17.9511 18.6579 17.351 16.6314 15.8006 15.9122 16.1121 17.2462 19.6808 18.8204 17.6487 17.8923 18.5269 17.3393 20.1446 15.8345 16.3928 17.9037 18.8709 16.2632 16.3185 16.8116 17.5156 18.2734 19.2562 15.7041 16.8417 18.2242 16.0168 16.1477 16.3971 17.487 18.0712 16.5798 16.7384 16.4396 16.2101 15.8382 16.4246 16.5319 18.4188 17.1138 17.4501 18.0137 15.3546 16.2741 19.2517 16.4076
internal_weight=787632 256214 531418 27702 228512 107655 66233 27796 11126 4417 2778 1905 996 909 120857 14369 13333 5486 491 273030 258388 6709 1457 38437 62849 1639 1253 41422 16670 758 12912 2492 1350 4995 7847 118397 54905 32793 2540 784 453 632 2382 1278 873 778 58008 1186 973 517 17691 16458 3161 1532 876 519 63492 8049 439 30253 18890 9920 850 1076 4217 3731 27775 30388 23731 27544 3399 6007 1142 639 475 165995 4411 501 11358
internal_count=787632 256214 531418 27702 228512 107655 66233 27796 11126 4417 2778 1905 996 909 120857 14369 13333 5486 491 273030 258388 6709 1457 38437 62849 1639 1253 41422 16670 758 12912 2492 1350 4995 7847 118397 54905 32793 2540 784 453 632 2382 1278 873 778 58008 1186 973 517 17691 16458 3161 1532 876 519 63492 8049 439 30253 18890 9920 850 1076 4217 3731 27775 30388 23731 27544 3399 6007 1142 639 475 165995 4411 501 11358
is_linear=0
shrinkage=1


Tree=1
num_leaves=80
num_cat=0
split_feature=90 92 92 167 150 35 74 89 90 90 92 167 95 89 34 90 118 166 35 92 136 43 90 76 81 81 92 74 169 76 81 89 15 85 76 80 109 61 90 61 92 92 106 82 169 34 159 80 11 149 71 167 167 163 72 92 168 166 92 92 117 168 81 81 61 167 82 81 16 89 82 136 92 90 76 90 97 76 80
split_gain=3.2856e+07 1.51186e+07 6.19714e+06 4.05763e+06 4.45299e+06 2.98894e+06 2.8623e+06 3.03126e+06 2.11128e+06 1.89998e+06 1.89684e+06 1.94893e+06 2.70399e+06 2.39804e+06 2.39182e+06 1.60352e+06 1.50024e+06 2.39969e+06 2.86803e+06 1.37746e+06 1.24845e+06 1.12939e+06 1.02792e+06 1.00501e+06 1.00483e+06 974369 787140 722438 712402 666878 649022 620558 832803 759019 596381 594724 492201 491351 466019 446551 434864 386347 358962 309616 307613 305639 296740 296406 288618 280151 248836 277744 245585 747682 960421 245393 243602 482877 242626 239211 421450 237718 358762 236517 236046 226314 892888 903067 223166 218843 218325 212771 210523 197506 195328 192917 503874 192667 189489
threshold=16.645951271057132 39.316127777099616 9.8710279464721697 0.98296290636062633 4.4682540893554696 253.08161163330081 29.318745613098148 14.171883583068849 60.499528884887702 31.039169311523441 14.677316665649416 0.98296290636062633 1.0000000180025095e-35 9.6420831680297869 225.72585296630862 12.623937606811525 -18.344265937805172 6.5000000000000009 237.42036437988284 23.648007392883304 32.787729263305671 36.802499771118171 24.350864410400394 19.251000404357914 8.2034997940063494 14.307499885559084 5.1096465587615976 26.160810470581058 0.15951094031333926 44.737499237060554 13.805000305175783 22.900666236877445 132.83270263671878 10.203999996185305 29.081000328063968 10.101500034332277 161.71817016601565 inf 11.385919570922853 50.520999908447273 24.785172462463382 30.925278663635257 117.07291793823244 9.6024999618530291 0.12545942142605784 270.34751892089849 993.04998779296886 11.402499675750734 58.010000228881843 8.2500000000000018 66.80783843994142 0.37940952181816107 0.37940952181816107 592.50000000000011 51.997623443603523 31.596071243286136 -0.7865660786628722 10.500000000000002 23.100206375122074 22.43027496337891 15.394851684570314 -0.7865660786628722 7.8015000820159921 10.500999927520754 inf 0.98296290636062633 6.0009999275207528 9.5025000572204608 182.20463562011722 16.167332649230961 11.602499961853029 -10.088420391082762 19.028708457946781 8.1001524925231951 27.324000358581547 7.8181345462799081 72.910415649414077 57.934000015258796 13.602499961853029
decision_type=10 10 8 2 8 8 10 8 10 10 10 2 10 10 8 8 8 2 10 10 10 10 10 2 8 8 10 10 2 2 8 8 10 10 2 8 10 8 8 8 10 10 10 10 2 8 10 8 8 10 10 2 2 10 10 8 2 2 10 10 10 2 8 8 8 2 8 8 10 8 10 10 8 8 2 8 8 2 8
left_child=2 3 26 9 74 6 7 22 29 23 38 20 13 14 15 27 17 -10 -19 30 41 39 25 47 -17 -6 71 -13 64 50 -9 32 33 -23 42 -30 77 43 -4 -8 -25 56 78 45 -16 48 68 49 -15 -2 -3 -52 -44 -54 -55 -36 57 59 69 75 -61 62 -51 -37 -7 -40 67 -67 -38 -41 -32 -1 -49 -28 -5 76 -12 -18 -11
right_child=1 8 10 4 5 28 21 19 16 34 11 12 -14 37 44 24 36 18 -20 -21 -22 31 -24 40 -26 -27 73 -29 35 -31 70 -33 -34 -35 55 63 46 -39 65 58 -42 -43 52 -45 -46 -47 -48 72 -50 61 51 -53 53 54 -56 -57 -58 -59 -60 60 -62 -63 -64 -65 -66 66 -68 -69 -70 -71 -72 -73 -74 -75 -76 -77 -78 -79 -80
leaf_value=-0.6480113015934803 -0.22203678124326129 1.2058714297156652 -0.28248021097223791 0.346358198501097 10.472824849536986 0.49337811839513346 0.30184861158815823 4.7086113276548724 0.73344067226405496 -0.047428189929745936 3.7157186315912716 5.5837574103751351 -0.011777258221353679 0.83093151468488213 0.80389224607595489 11.433403707356518 1.7434216836493461 3.3253617518619882 10.903142535734727 7.3865819507392478 4.6766174559283149 5.7832422641797683 3.7831024147482477 0.30694479566682548 5.4749046240772659 5.5925351690736749 -0.46858005164807026 1.0716955973415436 4.3918718847407483 2.117147513306513 2.7539233591236423 1.5913162507467364 7.5460804690601675 1.42941083641589 0.80333355060891842 3.4667852782937034 3.5026706297319015 2.9811264675852631 -0.12607681364063261 2.8922842763479357 0.60644483985594233 0.77155463606331387 0.56599932304123868 0.22918834430020338 3.2765831006755715 0.36502528215885027 1.7336900075695929 0.053922650554889422 3.6327250168472527 2.9050795544570889 1.3116881682967327 3.1435519733631123 0.69073779525323553 1.4454525902399908 6.5983206507452392 1.2840257874431378 -0.062514075500000668 -0.057510384020794662 3.5282474746058385 0.76259788746009238 3.6992320823705085 0.073817115866717201 0.42064356789457924 1.3203559108427063 2.017258197157529 5.7138887088874117 0.040863759629250006 0.61391457324864673 5.5734922116813008 0.3776666003055234 0.48135767945323349 1.200153948211794 0.26880295011890276 -0.33550379853517687 0.81996524267758097 0.28065751979318415 0.32910444197504357 2.570307058881276 0.48532283148485433
leaf_weight=80251 15589 7766 92413 12608 411 3725 1188 233 323 3785 217 279 5589 226 683 212 1574 377 345 200 208 240 203 64726 202 236 98340 236 317 6856 208 474 213 361 8485 209 545 371 89851 203 23898 2474 3008 1961 246 448 217 32931 321 289 669 540 1434 372 200 6972 53477 14897 287 1118 208 3331 753 1578 405 202 9710 326 294 321 562 224 32725 67878 4173 8492 577 2910 6583
leaf_count=80251 15589 7766 92413 12608 411 3725 1188 233 323 3785 217 279 5589 226 683 212 1574 377 345 200 208 240 203 64726 202 236 98340 236 317 6856 208 474 213 361 8485 209 545 371 89851 203 23898 2474 3008 1961 246 448 217 32931 321 289 669 540 1434 372 200 6972 53477 14897 287 1118 208 3331 753 1578 405 202 9710 326 294 321 562 224 32725 67878 4173 8492 577 2910 6583
internal_value=0.00020082 0.558862 -0.268657 0.415933 1.08867 1.994 3.0357 4.79313 2.04722 0.322914 -0.0780502 0.145342 0.903797 1.89052 3.61664 5.76792 2.95016 5.03548 6.9564 2.85141 0.0452736 1.93693 7.53465 0.24608 8.54631 8.70407 -0.488818 3.52218 1.10133 1.67147 1.94063 3.32191 4.32647 3.17476 0.757008 1.99975 2.55597 0.925752 -0.185326 1.04333 0.387713 0.0333907 0.49246 0.666866 1.46148 1.52837 3.72241 0.0994717 2.47876 -0.102988 1.33083 2.13181 0.909216 1.42333 3.25553 1.02022 0.0102605 0.162821 2.1278 0.472096 1.22569 0.321353 1.11183 1.57319 0.643266 -0.0956215 0.171647 2.57215 4.23409 1.35549 1.09802 -0.642852 0.161028 -0.414238 0.464174 0.364367 1.25817 2.2805 0.290848
internal_weight=787489 255852 531637 233436 28355 11574 5340 2053 22416 205081 284944 92442 10774 5185 1858 929 6585 1045 722 1203 81668 3287 850 174242 414 647 246693 515 6234 15831 1003 1288 814 601 30839 2104 5540 3327 192502 1999 88624 81460 15382 2956 929 995 1056 85618 547 19962 8975 1209 5014 2006 572 15457 78986 25509 811 10612 1326 4373 1042 1787 4130 100089 10238 528 839 524 770 80475 65656 166218 16781 9286 794 4484 10368
internal_count=787489 255852 531637 233436 28355 11574 5340 2053 22416 205081 284944 92442 10774 5185 1858 929 6585 1045 722 1203 81668 3287 850 174242 414 647 246693 515 6234 15831 1003 1288 814 601 30839 2104 5540 3327 192502 1999 88624 81460 15382 2956 929 995 1056 85618 547 19962 8975 1209 5014 2006 572 15457 78986 25509 811 10612 1326 4373 1042 1787 4130 100089 10238 528 839 524 770 80475 65656 166218 16781 9286 794 4484 10368
is_linear=0
shrinkage=0.06


Tree=2
num_leaves=80
num_cat=0
split_feature=91 91 91 167 93 93 106 92 35 118 156 16 93 167 93 159 77 89 77 77 91 156 92 91 90 167 51 92 93 151 167 109 93 166 55 93 93 135 90 55 34 167 90 95 21 77 37 90 91 170 77 169 81 78 90 153 77 165 159 2 167 72 142 90 169 84 153 92 72 91 55 90 100 92 77 89 82 38 166
split_gain=2.96517e+07 1.48695e+07 5.01446e+06 3.57369e+06 7.2864e+06 2.37883e+07 5.47302e+06 2.24161e+06 2.00289e+06 1.75491e+06 3.39817e+06 2.43766e+06 1.37167e+06 9.40593e+06 5.00632e+06 1.3509e+06 1.21808e+06 1.16155e+06 897694 736396 636060 567699 534577 502740 495103 483244 479083 468131 462342 2.96606e+06 429490 419269 384349 377671 718556 835221 363350 339391 624190 495079 551290 318518 543317 1.15142e+06 786549 299863 284405 273573 271828 269971 265503 243940 232337 231414 222298 207152 205149 196787 194841 188684 188367 178021 164810 157535 152120 151349 171534 143102 142282 134316 132321 132277 132202 131828 123449 123104 119427 163758 114615
threshold=16.201978683471683 45.569658279418952 9.3990802764892596 0.98296290636062633 34.430917739868171 60.713041305541999 1301.256286621094 31.596071243286136 324.10169982910162 -16.023945808410641 49.500000000000007 60.527265548706062 40.032255172729499 0.98296290636062633 48.675550460815437 983.64999389648449 19.251000404357914 30.936166763305668 57.934000015258796 14.402499675750734 5.0165841579437265 73.500000000000014 14.236160755157472 24.592755317687992 21.100362777709964 0.37940952181816107 21.209166526794437 13.265044689178469 53.128808975219734 109.50000000000001 -0.37940952181816096 161.71817016601565 60.713041305541999 2.5000000000000004 25.756264686584476 40.032255172729499 86.285350799560561 1.079083323478699 13.40536403656006 7.5257489681243905 242.2907638549805 0.98296290636062633 9.8937749862670916 1.0000000180025095e-35 224.00599670410159 33.227499008178718 5.0050001144409189 34.817499160766609 25.8924674987793 0.29958851635456091 27.001000404357914 -0.40614700317382807 34.329000473022468 25.627499580383304 36.297748565673835 31.550000190734867 11.102499961853029 0.96811076998710643 992.45001220703136 23.946499824523929 0.37940952181816107 66.407546997070327 -0.67556449770927418 29.998867988586429 0.039769539609551437 6.3025000095367441 60.149999618530281 8.8808245658874529 80.832626342773452 19.936621665954593 44.697971343994148 12.033152103424074 44.589818954467781 22.781167984008793 15.468500137329103 23.369750022888187 9.6024999618530291 30.065999984741214 21.000000000000004
decision_type=10 8 8 2 8 8 8 10 8 8 10 10 10 2 10 10 2 8 2 2 10 10 10 8 8 2 8 10 10 10 2 10 10 2 10 10 10 8 10 10 8 2 10 10 8 2 8 8 10 2 2 2 8 10 10 10 2 10 10 8 2 8 10 8 2 8 8 10 10 10 10 10 10 8 2 8 8 10 2
left_child=2 3 20 7 37 6 -6 16 17 10 11 -3 19 63 22 -13 21 52 53 27 -1 25 -15 69 -21 78 55 71 73 59 50 68 -16 75 54 51 47 -5 39 -39 -41 -29 43 44 -43 -26 -37 -7 64 -49 -9 -36 -8 57 -35 -12 -23 60 72 -30 -11 -62 -63 -14 -40 66 -44 -22 -20 -18 -55 -4 -33 -27 -38 -32 77 -75 -2
right_child=1 9 12 4 5 36 8 30 -10 18 26 15 13 14 32 -17 23 -19 31 24 67 56 -24 -25 45 28 -28 41 29 -31 33 58 -34 34 35 46 74 38 48 40 -42 42 65 -45 -46 -47 -48 49 -50 -51 -52 -53 -54 70 -56 -57 -58 -59 -60 -61 61 62 -64 -65 -66 -67 -68 -69 -70 -71 -72 -73 -74 76 -76 -77 -78 -79 -80
leaf_value=-0.59688931283830404 0.034734350026129977 11.366903522221431 -0.27671673631647653 0.27981501903239864 0.29581007404207765 0.029270444608197728 11.058771475791502 0.35351322796797957 4.3929498565859264 0.64983659238595504 0.28550819059471033 0.85125827020889999 -0.29596843284911184 7.0045925687584916 3.358892551483494 7.0418995619667415 0.18603414101230067 5.8958945104603391 2.2499179980482928 -0.0058072580176072117 -0.42587856847923061 -0.29334248673289753 10.879075647355945 0.57888171725651005 0.3018245827332986 0.24100870549618983 3.886263964812914 -0.083374819777499914 1.8856070623673469 6.57837111710381 0.24136253147711262 3.3912624081879366 -0.0645978573968536 0.76144552627641893 3.3073903524390489 6.606861670813938 -0.51148058933266061 0.25120313602645106 0.17099908839418362 4.6410581482639 1.4326312221145054 5.2684316950025298 -0.044978214481558934 -0.2363369391134309 1.1042967144115827 1.1982658115307918 3.3922708294669386 3.6615744038360525 1.0072959280286911 0.64012782706397964 0.94060289921281881 1.135056261389169 8.8255586623627202 1.7732108075406161 1.6343827124445827 2.3104891543442552 0.029634619934557113 3.0041255083636962 2.0507349881780481 0.13376565738342899 1.0942234621639508 3.6872907307910681 1.5331183797701091 0.54765832664827119 0.65373349601269604 -0.021168713412698659 2.3974298268599785 -0.29239664626214923 3.7860839968271875 0.36672451092040675 3.3366000402626574 -0.142861804994244 4.9861075898734004 0.44903955250883193 0.44618696623389731 0.97858273180846311 0.46614491765591276 2.2506210997866747 0.25222792319270099
leaf_weight=85502 41001 280 93266 10156 288 427 1111 5462 269 1647 538 221 5361 203 201 298 24692 216 4732 66320 120566 13701 392 35089 6178 18446 270 51756 252 318 1236 430 284 2462 257 201 2259 364 4262 362 414 335 207 718 319 1716 203 216 4410 210 5636 675 229 6887 1835 274 14649 206 213 1770 957 227 297 935 5240 4640 206 38049 229 37020 201 37175 351 390 616 2400 4767 340 11079
leaf_count=85502 41001 280 93266 10156 288 427 1111 5462 269 1647 538 221 5361 203 201 298 24692 216 4732 66320 120566 13701 392 35089 6178 18446 270 51756 252 318 1236 430 284 2462 257 201 2259 364 4262 362 414 335 207 718 319 1716 203 216 4410 210 5636 675 229 6887 1835 274 14649 206 213 1770 957 227 297 935 5240 4640 206 38049 229 37020 201 37175 351 390 616 2400 4767 340 11079
internal_value=0.000452237 0.505619 -0.26787 0.387151 0.990374 2.89965 7.98402 0.303489 9.19646 2.15964 3.89536 6.86076 -0.0897999 0.717111 5.8876 4.41251 0.243426 10.0235 1.96005 -0.112447 -0.464974 0.103619 9.57116 0.397546 0.0476622 0.186857 1.70125 -0.175442 0.39659 1.20139 0.903621 2.54789 1.3582 1.20513 1.51285 2.72791 0.0164944 0.547875 0.728712 2.07794 2.93339 -0.0339095 0.364505 1.4229 3.24209 0.49682 5.00397 1.10323 0.61801 2.17712 0.651718 1.73698 10.684 1.62396 1.13452 0.970816 -0.126459 1.21098 3.67397 0.35292 1.09197 1.58289 2.47156 -0.170617 0.43725 0.0769031 1.17612 -0.393861 2.32158 0.294431 1.81801 -0.23857 4.11348 0.317888 -0.306206 0.728112 0.575776 1.29006 0.0810058
internal_weight=787517 273188 514329 254930 31049 5841 2113 223881 1825 18258 1881 799 270212 7376 1080 519 203514 1556 16377 262836 244117 106713 595 96801 74214 78363 1082 188622 26283 2340 20367 5955 485 9269 5633 1336 3728 25208 15052 1140 776 58181 6425 1372 654 7894 404 853 13912 426 11098 932 1340 10422 4297 812 28350 3334 994 2022 3128 1481 524 6296 9502 5053 413 158615 4961 61712 7088 130441 781 23943 2875 3636 5497 730 52080
internal_count=787517 273188 514329 254930 31049 5841 2113 223881 1825 18258 1881 799 270212 7376 1080 519 203514 1556 16377 262836 244117 106713 595 96801 74214 78363 1082 188622 26283 2340 20367 5955 485 9269 5633 1336 3728 25208 15052 1140 776 58181 6425 1372 654 7894 404 853 13912 426 11098 932 1340 10422 4297 812 28350 3334 994 2022 3128 1481 524 6296 9502 5053 413 158615 4961 61712 7088 130441 781 23943 2875 3636 5497 730 52080
is_linear=0
shrinkage=0.06


Tree=3
num_leaves=80
num_cat=0
split_feature=91 91 167 93 93 113 91 55 76 100 47 89 76 91 93 167 93 35 92 76 92 92 135 90 33 43 92 92 145 95 150 93 168 109 93 92 92 73 41 86 91 16 76 90 99 154 80 86 92 159 89 48 151 49 136 163 144 92 93 167 149 90 74 90 166 72 166 55 164 86 76 92 76 149 168 93 16 165 144
split_gain=2.63594e+07 1.33617e+07 4.05228e+06 9.48624e+06 2.39392e+07 5.12896e+06 3.42672e+06 2.18283e+06 1.9562e+06 1.54668e+06 2.32069e+06 1.1873e+06 1.14044e+06 1.01919e+06 868575 4.06013e+06 2.17673e+06 682962 552014 546423 487979 439366 410513 1.03508e+06 731424 727845 405315 396562 380956 354186 342524 560247 1.58713e+06 702781 450228 326143 318939 310017 305680 364442 266062 235733 229829 229165 219418 209346 222664 206445 200930 199645 194118 175041 392876 184774 173516 169228 162445 159659 159659 153401 312611 613093 465891 152263 149087 253760 264071 213690 146517 267519 145700 140031 131600 116437 193982 294565 140761 171722 116267
threshold=14.899885654449465 42.789060592651374 0.98296290636062633 34.430917739868171 60.713041305541999 2.2500000000000004 9.2352972030639666 4.8422389030456552 21.902500152587894 -62.961391448974602 8.2034997940063494 35.120800018310554 54.51250076293946 26.397135734558109 34.430917739868171 0.98296290636062633 48.675550460815437 287.71391296386724 5.1096465587615976 18.677499771118168 14.236160755157472 19.405698776245121 1.079083323478699 12.872083187103273 166.95471191406253 28.293500900268558 19.276996612548832 65.783443450927749 76.000000000000014 167.40000152587893 0.39413285255432134 42.317422866821296 -0.7865660786628722 -94.558368682861314 86.285350799560561 13.17774534225464 31.596071243286136 57.567678451538093 43.067501068115241 12.309000015258791 25.8924674987793 194.64482879638675 12.102499961853029 32.928894042968757 117.0437469482422 1.4857845306396487 43.262498855590827 25.782500267028812 34.410543441772468 992.64999389648449 33.240167617797859 11.201499938964846 106.50000000000001 10.707499980926515 -10.088420391082762 302.50000000000006 21.000000000000004 21.506719589233402 86.285350799560561 0.98296290636062633 6.5499999523162851 9.0689377784729022 22.838303565979007 39.336791992187507 10.500000000000002 62.04469299316407 2.5000000000000004 28.984282493591312 0.52247866988182079 9.1010003089904803 10.501500129699709 7.5139260292053232 11.802500247955324 12.150000095367433 -0.7865660786628722 53.128808975219734 56.026878356933601 0.64942333102226268 5.0000000000000009
decision_type=10 8 2 10 10 10 8 10 2 8 8 10 2 10 10 2 10 10 8 2 10 8 8 10 8 8 8 10 10 10 10 10 2 10 10 10 8 8 8 8 10 10 2 8 8 10 10 10 10 10 10 8 10 10 10 10 2 10 10 2 10 10 8 10 2 10 2 10 10 10 2 10 2 10 2 10 10 10 2
left_child=6 2 8 22 5 7 18 -5 21 10 -3 17 45 57 19 43 20 37 54 35 -17 73 -4 24 25 -24 -21 41 -12 56 34 -32 33 -33 48 70 -15 -9 -26 -40 -25 -14 -6 -16 -43 46 51 -30 72 -50 -28 52 53 -11 -1 -47 -29 78 -44 -37 61 62 -61 -38 65 -53 -67 -68 -63 -70 -8 -20 -23 -2 75 76 77 -75 -10
right_child=1 9 3 4 42 -7 14 11 13 12 28 -13 27 36 15 16 -18 -19 71 26 -22 30 23 40 38 -27 50 29 47 -31 31 32 -34 -35 -36 59 63 -39 39 -41 -42 44 58 -45 -46 55 -48 -49 49 -51 -52 64 -54 -55 -56 -57 -58 -59 -60 60 -62 68 -64 -65 -66 66 67 -69 69 -71 -72 -73 -74 74 -76 -77 -78 -79 -80
leaf_value=-0.5761413533454427 -0.02993906200432463 9.2492475417874651 0.21660510493142687 2.8253134589873512 -0.38532000510681647 0.142315456203403 -0.26957317932799674 10.746523524970286 0.53043971963926573 0.59896554137117219 4.938525579446468 5.0394975939572033 2.0634188473134349 0.59306821076207206 -0.24290433734056954 5.1535247387395842 1.1738906662916864 6.5770602875416815 -0.43260957623264162 -0.0031902789495842224 9.1531042953729624 0.021812914444181142 1.8817110846701846 0.37229767906154604 0.13275685672477189 6.418375746889593 0.41664163020938411 4.0479593944174104 0.47601408076771784 5.442670977781658 0.31617791755102764 7.1004897565876739 0.36417113397142764 2.3229020286975843 -0.23848116696758334 -0.081688892416482903 0.83794071352431176 8.2488371558436029 4.1466254381163852 1.0392961345405605 0.93127220161451008 4.6475459494247504 1.9354488340227141 0.89282677293332902 2.2785295276350785 1.6942947126851495 1.6602458137093421 2.6637317248842769 0.59706002446623352 2.5879187075682539 1.3500422890779589 0.89279497590566381 4.1831768192300958 2.7497091601125083 1.0891915374731778 3.5214285794817486 2.1689248977791178 0.42945637000375725 0.24579103120290663 4.7709751824010604 -0.1358746756707172 -0.024409749404593173 1.0210197812254247 1.3019843372377684 0.71304451465756424 0.73270943063279159 1.9014452980464256 4.1063374617388888 2.7637063087299123 0.19578187699656227 -0.15112801222315553 -0.31998370952133587 0.2637711269268615 0.58401520217394143 0.047932633421485099 2.5245020046367728 0.20155820597082988 2.5402078326235453 0.18497095789251466
leaf_weight=78882 53008 240 11954 202 2388 281 81956 1267 3997 502 206 204 5897 20458 4008 213 392 201 81151 18712 239 12154 275 11223 489 238 4669 253 220 246 28152 203 1312 246 9878 50998 8046 231 212 378 4218 256 269 760 320 516 4736 531 1869 200 968 1819 208 201 225 285 494 24780 793 210 3557 1545 276 3732 3059 347 404 263 217 443 68761 77926 24216 767 28555 231 4542 204 28586
leaf_count=78882 53008 240 11954 202 2388 281 81956 1267 3997 502 206 204 5897 20458 4008 213 392 201 81151 18712 239 12154 275 11223 489 238 4669 253 220 246 28152 203 1312 246 9878 50998 8046 231 212 378 4218 256 269 760 320 516 4736 531 1869 200 968 1819 208 201 225 285 494 24780 793 210 3557 1545 276 3732 3059 347 404 263 217 443 68761 77926 24216 767 28555 231 4542 204 28586
internal_value=-0.000362991 0.429283 0.323427 0.930554 3.13737 7.75687 -0.28098 8.7728 0.240558 1.89061 3.98468 9.4023 1.76385 0.46638 -0.119924 0.617598 4.45081 9.92288 -0.441859 -0.137743 7.28388 0.118328 0.486158 0.67531 2.13153 3.99483 0.131179 2.34927 2.65614 3.46694 0.221592 0.381152 1.41908 4.4939 0.122803 -0.169229 0.736322 10.3671 1.24275 2.16096 0.525043 2.1773 -0.0587656 -0.0617241 3.33766 1.4095 1.34415 2.02434 0.215649 0.790664 0.577139 1.12389 1.89803 1.21693 -0.571391 2.34798 2.80989 0.314672 0.675192 -0.0473093 0.233275 0.721091 2.64784 0.985077 1.00389 1.31758 2.07797 2.77569 0.295411 1.04299 -0.215537 -0.377441 0.182917 0.0257978 0.111936 0.430049 0.341847 0.997188 0.227365
internal_weight=787070 310962 289959 34823 5836 2386 476108 2105 255136 21003 1197 1903 19806 89599 237924 5612 844 1699 238184 232312 452 165537 28987 17033 1592 513 24349 7466 957 993 78230 29913 1761 449 48317 207963 32236 1498 1079 590 15441 6473 3450 4768 576 12340 11539 751 38439 2069 5637 6803 911 703 79107 801 747 57363 1062 57246 6248 2691 486 11778 5892 2833 1014 667 2205 660 150717 159077 36370 87307 34299 5744 5513 971 32583
internal_count=787070 310962 289959 34823 5836 2386 476108 2105 255136 21003 1197 1903 19806 89599 237924 5612 844 1699 238184 232312 452 165537 28987 17033 1592 513 24349 7466 957 993 78230 29913 1761 449 48317 207963 32236 1498 1079 590 15441 6473 3450 4768 576 12340 11539 751 38439 2069 5637 6803 911 703 79107 801 747 57363 1062 57246 6248 2691 486 11778 5892 2833 1014 667 2205 660 150717 159077 36370 87307 34299 5744 5513 971 32583
is_linear=0
shrinkage=0.06


Tree=4
num_leaves=80
num_cat=0
split_feature=91 91 91 167 93 93 106 91 55 118 151 106 93 167 93 89 76 153 76 32 34 167 76 91 76 90 90 91 167 169 91 149 168 93 169 16 90 147 171 168 55 155 80 90 78 76 82 148 34 52 90 167 55 143 62 159 93 35 170 145 127 169 159 160 154 34 91 55 80 90 76 160 15 76 73 118 90 164 55
split_gain=2.32963e+07 1.16396e+07 3.48122e+06 3.08203e+06 6.80708e+06 1.98066e+07 4.39373e+06 1.87575e+06 1.75891e+06 1.3982e+06 2.84962e+06 3.24571e+06 1.03344e+06 5.78888e+06 2.58015e+06 1.01888e+06 947530 820838 671021 654791 619547 587259 542763 465705 377159 351683 333702 291144 277603 394783 270261 262842 336257 931408 797370 316498 413644 442740 256530 243568 304266 377420 238330 234520 232453 229784 218691 359348 379794 368146 453358 208955 237573 140663 136711 136086 135982 132613 130310 129534 128241 161236 137361 125107 123491 286829 118377 117503 174176 116592 113291 112812 112175 111007 105366 105086 102135 101377 127130
threshold=15.594234943389894 45.569658279418952 9.2352972030639666 0.98296290636062633 34.430917739868171 60.713041305541999 1301.256286621094 30.965480804443363 4.9505488872528085 -16.023945808410641 106.50000000000001 513.73123168945324 34.430917739868171 0.98296290636062633 48.675550460815437 35.120800018310554 19.251000404357914 30.94999980926514 44.737499237060554 329.31250000000006 197.28201293945315 -1.0000000180025095e-35 16.952500343322757 5.0165841579437265 29.081000328063968 22.915432929992679 24.350864410400394 28.1137228012085 0.37940952181816107 0.99761915206909191 12.807071208953859 9.5500001907348651 -0.7865660786628722 45.983898162841804 0.039769539609551437 56.026878356933601 15.292187690734865 108.40000152587892 11.500000000000002 0.37940952181816107 26.2714376449585 23.750000000000004 11.606500148773195 32.928894042968757 14.903999805450441 33.227499008178718 9.6024999618530291 3.8645378351211552 233.81958007812503 25.612483024597172 13.496644496917726 0.37940952181816107 36.037214279174812 0.50751903653144848 57.077501296997077 984.64999389648449 69.34418106079103 133.03693389892581 0.18281312286853793 23.250000000000004 -73.730682373046861 -0.32614396512508387 991.64999389648449 10.34999990463257 1.361697852611542 203.29964447021487 19.936621665954593 13.243910789489748 11.500999927520754 18.744774818420414 9.3274998664855975 1.1500000357627871 115.16375732421876 6.3015000820159921 53.618467330932624 13.027008056640627 36.297748565673835 -0.94828754663467396 26.007143020629886
decision_type=10 8 8 2 10 10 8 10 10 8 10 10 10 2 10 10 2 10 2 10 8 2 2 10 2 8 10 10 2 2 10 10 2 10 2 8 10 10 2 2 10 8 8 8 8 2 10 8 8 8 10 2 10 10 8 10 8 8 2 8 8 2 10 10 8 8 10 8 8 10 2 8 10 2 10 10 8 10 10
left_child=2 3 23 7 27 6 -6 16 -8 10 17 55 22 43 20 19 31 -3 51 74 -15 -19 30 -1 28 -24 66 46 56 39 73 42 33 35 -35 36 37 -33 -20 40 75 -42 -2 -14 -7 -27 47 -5 49 -49 -51 -11 57 -16 -46 -12 -9 -53 -48 -28 -40 62 -62 -45 -29 -66 -18 -50 -69 -34 -25 -44 -43 -4 -10 -30 -26 78 -59
right_child=1 9 12 4 5 44 8 24 15 18 11 -13 13 14 53 -17 26 21 38 -21 -22 -23 25 70 76 45 59 64 29 -31 -32 32 69 34 -36 -37 -38 -39 60 -41 41 72 71 63 54 -47 58 48 67 50 -52 52 -54 -55 -56 -57 -58 77 -60 -61 61 -63 -64 -65 65 -67 -68 68 -70 -71 -72 -73 -74 -75 -76 -77 -78 -79 -80
leaf_value=-0.5275021213307487 -0.1515335808659567 0.049643473485853705 -0.31278855254473498 0.17458122272010138 0.18030883586287291 -0.36404287732001367 2.9172751239027295 0.45004495879487472 10.092644959362465 0.87497396328127197 1.3196342499992426 10.135276536812643 -0.24906659393149175 8.7286657559321483 0.23285955109657383 4.7340142765917426 0.15062828431723577 5.7957869499305197 1.9024989277184146 6.3892040699418731 4.6572301678758272 1.5525068678247167 0.020075043591111078 -0.37895188794927248 0.7488521827365836 0.30980015569165203 1.9458282928292949 0.70461483586083096 0.52779291081420154 2.7411495237860786 -0.053591318693554768 0.93352948877641129 0.012836915797530624 1.0560346240931275 5.8928966935960263 0.20324263673103218 0.51947275601597553 4.7060202100471811 4.2288630595960113 0.2919516727394787 4.1550482379328537 2.2028018073150379 1.3535298725321852 0.38830389751530614 0.285684235520824 1.2290385822289673 0.46194265972014575 0.81322596987580309 -0.12839515802650889 5.0526189729524775 1.6018324037752172 2.6853182524561405 3.0832934195727373 2.3888524920649643 1.8914573244334392 3.5325000141783436 -0.048547908032483787 1.1613124088885178 0.14279910992685593 0.47156231619949635 4.378567452388527 1.6492234954939167 2.3009866575400033 2.0536123000617539 3.2802385103328455 0.99476453640823703 0.32170642289656004 2.4517735179214712 0.5434419967503713 0.23068246973871995 -0.2516466271382935 0.075587232654481917 0.28335792836081236 -0.17603248931394558 8.5277440084083178 1.6211556618752387 1.077990574640751 0.97515085273726798 2.9982069159250755
leaf_weight=85273 23458 630 25976 1955 286 2576 209 6183 1075 3208 203 384 5135 389 233 204 25967 202 9383 246 212 281 34297 120957 6045 3552 215 3038 1690 361 65399 244 20796 307 204 7539 1116 207 208 2720 232 202 249 593 684 1351 8972 403 473 255 298 250 336 204 264 200 2889 334 9466 34603 225 390 242 223 238 1155 33156 232 663 15389 31788 47097 239 120492 236 389 7779 1568 230
leaf_count=85273 23458 630 25976 1955 286 2576 209 6183 1075 3208 203 384 5135 389 233 204 25967 202 9383 246 212 281 34297 120957 6045 3552 215 3038 1690 361 65399 244 20796 307 204 7539 1116 207 208 2720 232 202 249 593 684 1351 8972 403 473 255 298 250 336 204 264 200 2889 334 9466 34603 225 390 242 223 238 1155 33156 232 663 15389 31788 47097 239 120492 236 389 7779 1568 230
internal_value=0.000195586 0.426919 -0.249674 0.328506 0.872737 2.74218 7.13059 0.253609 8.13901 1.89275 3.43345 6.19457 -0.0970255 0.622579 4.75493 8.75674 0.191552 1.47727 1.71377 9.28042 7.30261 3.33544 -0.11706 -0.415173 0.708383 0.0880313 0.333361 0.474634 0.498962 0.821863 -0.155006 0.077305 0.189305 0.504634 2.99473 0.364584 1.14019 2.67161 2.0031 0.694765 1.09264 2.20074 0.00485225 -0.0988818 -0.068428 0.563291 0.387824 0.774227 1.27837 2.19536 3.19931 1.20339 1.59056 1.24247 0.734383 2.42386 0.291279 1.37879 0.298112 0.480721 2.88684 2.55658 3.30918 0.845363 0.919506 1.38732 0.246572 0.636413 1.0403 0.105488 -0.35246 0.0823366 1.16555 -0.200288 9.81765 0.733052 0.934129 1.2244 1.91438
internal_weight=786552 290478 496074 272204 32928 5780 2256 239276 1970 18274 1900 787 258056 6989 1038 1761 210547 1113 16374 1557 601 483 251067 238018 28729 39200 93941 27148 14905 5833 211867 116606 45802 9617 511 9106 1567 451 10448 5472 2752 673 70804 5951 3524 4903 22717 4279 2324 956 553 5926 2718 437 948 403 9072 2382 18438 34818 1065 857 467 816 4431 1393 59123 1368 895 36185 152745 47346 441 146468 1311 2079 13824 2132 564
internal_count=786552 290478 496074 272204 32928 5780 2256 239276 1970 18274 1900 787 258056 6989 1038 1761 210547 1113 16374 1557 601 483 251067 238018 28729 39200 93941 27148 14905 5833 211867 116606 45802 9617 511 9106 1567 451 10448 5472 2752 673 70804 5951 3524 4903 22717 4279 2324 956 553 5926 2718 437 948 403 9072 2382 18438 34818 1065 857 467 816 4431 1393 59123 1368 895 36185 152745 47346 441 146468 1311 2079 13824 2132 564
is_linear=0
shrinkage=0.06


Tree=5
num_leaves=80
num_cat=0
split_feature=91 91 91 92 93 166 166 93 100 48 151 76 166 93 93 166 166 151 93 92 92 76 93 92 93 87 166 93 166 163 93 76 16 53 90 166 147 154 63 90 76 90 166 78 48 155 151 55 144 93 91 93 91 168 166 83 15 132 92 10 41 163 158 93 154 31 109 90 155 16 159 90 90 93 90 79 92 93 10
split_gain=2.06583e+07 9.82372e+06 3.81029e+06 1.33285e+06 1.23949e+06 2.71946e+06 5.68353e+06 4.35458e+06 1.05686e+06 1.58798e+06 1.83776e+06 881270 826896 1.3778e+06 3.54237e+06 4.09277e+06 1.12449e+07 1.17598e+06 759646 638313 589094 530677 480073 458288 444668 412333 401574 854093 874291 1.09748e+06 1.36317e+06 393756 372381 371675 359451 332100 286965 233631 225772 218253 215509 212202 268712 210967 238795 354158 205044 201969 191714 203085 187889 175411 164636 162327 364758 262855 354042 329930 182635 193236 161919 159895 155701 208491 153918 148963 147715 148071 280964 172850 281659 147623 144619 144604 140787 138129 129170 125091 124207
threshold=16.830204963684086 42.789060592651374 9.3990802764892596 28.952305793762211 40.032255172729499 6.5000000000000009 5.0000000000000009 48.675550460815437 -62.961391448974602 8.4984998703002947 107.50000000000001 57.934000015258796 10.500000000000002 40.032255172729499 60.713041305541999 5.0000000000000009 6.5000000000000009 109.50000000000001 48.675550460815437 14.236160755157472 13.439270973205568 16.069999694824222 86.285350799560561 5.0070118904113778 60.713041305541999 10.00500011444092 10.500000000000002 40.032255172729499 5.0000000000000009 357.50000000000006 60.713041305541999 22.109000205993656 166.25463867187503 30.360894203186039 30.539859771728519 5.0000000000000009 98.40000152587892 1.6934342384338381 46.61149978637696 21.439509391784672 15.351500034332277 27.708348274230961 10.500000000000002 37.604000091552741 11.201499938964846 27.250000000000004 124.50000000000001 24.955770492553714 5.0000000000000009 14.33215379714966 26.995073318481449 86.285350799560561 23.70202732086182 0.37940952181816107 10.500000000000002 7.9260001182556161 42.863082885742195 30.250000000000004 22.93874549865723 50.995000839233406 75.612499237060561 302.50000000000006 8.5000000000000018 5.4661352634429941 1.3082082867622378 88.012500762939467 -79.691482543945298 14.277490615844728 11.550000190734865 56.026878356933601 986.35000610351574 21.100362777709964 12.194700241088869 42.317422866821296 14.171937465667726 25.675999641418461 8.2846126556396502 53.128808975219734 25.005000114440922
decision_type=10 8 8 10 10 2 2 10 8 8 10 2 2 10 10 2 2 10 10 10 8 2 8 8 10 10 2 10 2 8 10 2 10 10 10 2 10 10 8 10 2 10 2 10 8 10 10 10 2 10 10 10 10 2 2 8 8 8 10 10 8 10 8 10 8 10 10 10 8 10 10 8 10 8 10 8 10 10 8
left_child=2 3 23 12 20 6 -6 19 9 10 -3 37 13 35 15 -15 18 51 33 -8 72 73 26 -1 -9 -19 27 64 -29 30 38 46 48 -17 40 39 -34 43 -30 -2 53 -7 -43 44 45 65 -24 -31 49 -13 66 78 -23 54 55 56 57 -22 -57 -60 -35 -39 -50 -64 -5 -10 67 68 -37 70 -70 -42 -4 -14 -66 -28 -25 -18 -16
right_child=1 8 4 22 5 41 7 24 11 -11 -12 32 21 14 17 16 77 25 -20 -21 34 52 31 76 -26 -27 75 28 29 47 -32 -33 36 60 -36 50 -38 61 -40 -41 71 42 -44 -45 -46 -47 -48 -49 62 -51 -52 -53 -54 -55 -56 58 -58 -59 59 -61 -62 -63 63 -65 74 -67 -68 -69 69 -71 -72 -73 -74 -75 -76 -77 -78 -79 -80
leaf_value=-0.50890809266550951 0.024915738534314655 2.4563085598945618 -0.2130297482725958 0.6494596346697159 -0.34791758298297898 -0.23332638158179669 5.3367842063036832 3.291266800054482 2.3096849822543821 1.7395177536961435 10.218322306898882 2.216601352231256 0.043356084981597827 -0.13199471518187503 1.9081091152805318 6.3603782227557639 0.20620494194055841 5.107335832619551 5.1927897800753886 9.2445073870954833 0.37880606631528602 0.18946482955305183 -0.16292128555417396 -0.36954717800133663 -0.18954897118184494 1.3551337245196002 0.3327400909357961 0.37422399900620074 5.3957238260983242 0.39875625893047878 1.2914091906637892 1.2044126154939938 2.1499170635027833 9.7239845871466049 1.1937346530088215 2.9848811588830553 4.2514523728041063 1.7269808820420403 8.2722995467924729 0.3383348396228103 0.064467863239146744 2.4236174230259726 0.14720497979509503 1.5171338500897189 0.88102362421573277 3.4804394122609148 1.7061520755492352 2.7287879666714989 2.174636909350633 4.5324723082448886 0.72646034264688086 -0.23681460073452559 0.38707379976035738 -0.16755698185909065 -0.12887821063070024 0.078890945146510266 0.40167726089028871 3.4296696686972412 2.5501941967468995 0.32010815994660841 7.6172414093859055 3.8344713737396523 1.9435812022459691 0.75397012800489738 2.1785724724465436 0.52676977437034078 0.21739121181777366 0.40073450506408814 0.81925655485063797 0.38855179280550955 3.3359843994107314 0.39241450679143086 -0.090523255318430237 -0.23161590593656781 0.98669239092532146 0.70309604938096493 -0.25878414375844105 1.6703240556428667 0.29003497980120002
leaf_weight=76183 17680 224 95073 7606 1493 5118 219 209 254 749 216 434 29182 1659 208 229 1514 205 330 521 222 43084 4383 110374 356 218 6037 637 202 384 253 1070 444 570 910 203 503 353 212 14606 36756 250 729 6103 5851 332 221 205 2432 201 6079 5052 23436 30614 32113 21030 2245 300 220 382 203 207 1358 873 388 501 14933 25224 749 2161 203 5708 54624 9010 4430 9086 57746 243 937
leaf_count=76183 17680 224 95073 7606 1493 5118 219 209 254 749 216 434 29182 1659 208 229 1514 205 330 521 222 43084 4383 110374 356 218 6037 637 202 384 253 1070 444 570 910 203 503 353 212 14606 36756 250 729 6103 5851 332 221 205 2432 201 6079 5052 23436 30614 32113 21030 2245 300 220 382 203 207 1358 873 388 501 14933 25224 749 2161 203 5708 54624 9010 4430 9086 57746 243 937
internal_value=-0.000286078 0.444993 -0.212382 0.332896 -0.0649632 0.632287 2.18058 5.07138 1.68676 3.4241 6.28128 1.58251 0.272453 0.402442 1.02137 2.27182 3.56245 0.124318 7.71794 8.0968 -0.0870999 0.156744 0.673566 -0.386827 1.10158 3.18133 0.770959 0.998721 2.18572 3.10342 4.76849 0.168184 2.17266 8.54357 0.00607812 0.316456 3.26946 1.3114 6.88514 0.166711 -0.00227092 -0.0784864 0.730396 1.25968 1.03302 1.84963 -0.0728515 1.21297 1.97603 2.95563 0.414019 -0.08483 0.25909 -0.0562883 0.0039907 0.178866 0.729397 2.13538 0.108415 1.13797 9.18128 2.51145 1.84202 1.47863 0.817701 1.12885 0.370313 0.450316 0.827238 0.685624 1.35885 0.108559 -0.168328 -0.0215178 1.08311 0.555284 -0.331504 0.409533 0.585382
internal_weight=787462 254067 533395 233032 289092 8895 2798 1305 21035 1189 440 19846 197918 93206 11368 4748 3089 6620 1332 740 280197 104712 35114 244303 565 423 29440 14317 1893 1256 667 5674 6245 1002 130500 81838 947 13601 414 32286 129590 6097 979 13041 6938 1087 4604 589 5298 635 49552 6197 66520 87126 56512 24399 2767 522 21632 602 773 560 4663 2231 12424 755 43473 28540 3316 3113 952 42464 149697 38192 4818 15123 168120 1757 1145
internal_count=787462 254067 533395 233032 289092 8895 2798 1305 21035 1189 440 19846 197918 93206 11368 4748 3089 6620 1332 740 280197 104712 35114 244303 565 423 29440 14317 1893 1256 667 5674 6245 1002 130500 81838 947 13601 414 32286 129590 6097 979 13041 6938 1087 4604 589 5298 635 49552 6197 66520 87126 56512 24399 2767 522 21632 602 773 560 4663 2231 12424 755 43473 28540 3316 3113 952 42464 149697 38192 4818 15123 168120 1757 1145
is_linear=0
shrinkage=0.06


Tree=6
num_leaves=80
num_cat=0
split_feature=91 91 91 91 92 105 93 93 155 168 168 168 93 93 76 170 152 155 76 159 87 93 168 168 93 100 171 90 100 170 92 160 92 168 168 93 32 164 10 93 92 76 159 76 92 76 100 48 80 50 93 170 85 12 70 92 136 151 90 155 83 93 160 160 92 168 163 83 34 87 127 164 146 155 153 163 127 155 171
split_gain=1.80416e+07 9.28378e+06 2.38388e+06 1.26076e+06 1.0656e+06 971737 844637 827179 1.56165e+06 2.8592e+06 901903 6.35886e+06 8.40486e+06 624590 596348 581789 512765 470335 449803 436550 424619 421249 588121 3.06887e+06 1.66428e+06 490389 408596 404845 398670 378514 372792 343255 327143 297074 1.47748e+06 1.43624e+06 294391 257564 244375 240722 239671 239207 233840 221340 217724 212205 204012 438144 207583 179775 175474 164078 157292 153398 149556 148666 138252 122147 108666 108247 111868 105485 104765 104185 106704 98198.6 105192 144237 143611 130056 166439 146327 130089 96212.1 95360.2 159618 94387 93518.8 103071
threshold=14.899885654449465 38.815034866333015 8.7808394432067889 49.328924179077156 24.785172462463382 2082.4499511718755 86.285350799560561 40.032255172729499 8.9499998092651385 0.78656607866287243 0.12940952181816107 1.0000000180025095e-35 53.128808975219734 34.430917739868171 91.225002288818374 0.90803977847099315 1.1180658340454104 7.8500001430511483 13.812500000000002 987.25000000000011 13.204999923706056 40.032255172729499 1.0000000180025095e-35 0.12940952181816107 60.713041305541999 1.3594354987144472 4.5000000000000009 19.811698913574222 -7.3244495391845694 0.80290535092353832 19.028708457946781 13.150000095367433 4.8429884910583505 0.12940952181816107 1.0000000180025095e-35 48.675550460815437 172.00208282470706 0.1650413200259209 30.005999565124515 69.34418106079103 13.090107440948488 27.324000358581547 990.85000610351574 29.954999923706058 37.441753387451179 35.256500244140632 -69.777229309082017 14.428999900817873 54.682500839233406 8.2909998893737811 100.7291946411133 0.40418040752410894 33.752500534057624 331.33999633789068 40.976999282836921 33.205242156982429 4.339017629623414 127.50000000000001 34.817499160766609 8.3499999046325701 8.6290001869201678 97.214756011962905 21.250000000000004 11.750000000000002 56.297203063964851 0.37940952181816107 1277.5000000000002 8.7024998664855975 168.347526550293 3.7009999752044682 -58.777915954589837 -0.70088258385658253 0.40668436884880071 35.049999237060554 19.150000572204593 512.50000000000011 -68.125919342041001 35.649999618530281 4.5000000000000009
decision_type=10 10 8 10 8 10 10 10 8 2 2 2 10 10 2 2 10 8 2 10 10 10 2 2 10 8 2 8 10 2 8 8 8 2 2 10 8 10 10 10 10 2 8 2 8 2 8 8 8 10 10 2 10 10 8 10 8 8 10 8 10 10 10 10 10 2 8 8 8 8 10 10 10 10 10 10 8 10 2
left_child=2 4 32 44 7 14 21 27 9 15 11 28 36 18 31 -9 43 -15 40 37 -18 41 25 24 26 -23 -24 65 -10 -21 -20 46 62 34 50 -36 -13 49 -30 -14 -4 -6 -27 -8 74 -32 47 -5 61 -16 57 -38 -33 56 -45 -44 -46 -19 73 60 -42 63 -1 64 -48 66 67 68 69 -2 71 -71 -73 76 -3 -76 -29 78 -58
right_child=1 3 13 5 6 -7 16 8 10 -11 -12 12 39 17 19 -17 20 33 30 29 -22 22 23 -25 -26 42 -28 58 38 -31 45 52 -34 -35 35 -37 51 -39 -40 -41 59 -43 55 54 53 -47 48 -49 -50 -51 -52 -53 -54 -55 -56 -57 77 -59 -60 -61 -62 -63 -64 -65 -66 -67 -68 -69 -70 70 -72 72 -74 -75 75 -77 -78 -79 -80
leaf_value=-0.4869853463783349 -0.45071348513382703 0.40923949891580902 -0.20816315719714634 5.045313375016538 0.38628856461653044 5.1013697539570808 -0.21483316863280255 8.5314674001315538 -0.069417706238575183 -0.4820985502326231 -0.166286717576314 8.4603479246115896 1.7772737823620097 3.3202189564704807 3.9155163756515208 4.1125612463467363 3.5701467542044787 1.225324052313254 -0.048972692863467455 5.6554692039416006 0.48418710874822257 3.1810857825022603 8.2392913472003695 0.32608681679773166 0.82518689484285412 -0.096479586228340686 4.9880658388137817 0.40863341348061855 3.0593805395790508 2.7299718939892719 0.23807630524804158 0.24110107922809729 -0.326266661940527 -0.19924664174135798 5.546981514045596 0.39487444940514449 5.0578919473386339 0.047070831238333853 0.71359481614099596 -0.28825367290596687 1.9106423236324293 0.63409792924533059 0.57392998930227024 0.049323315700086259 2.3741343507905528 1.0480721986191674 1.6194650306760381 1.6812673526921422 1.8920271440846905 1.5134846659798402 1.6892384214679914 7.5595893913952272 1.3867743204090934 2.3852048724799575 2.0985343047348763 2.516674559831054 1.2745924153459609 -0.16129249380311778 0.67445930832705547 -0.05655515308490449 0.055787100201323082 0.79035026498924632 0.87844974123198405 2.6546895244260402 0.91711837156466058 -0.0026533686281504784 0.0065059217214991187 0.13262053422892395 0.23212822702029251 2.600813074690512 0.00011494398995566723 1.712487687386244 0.053016029034959194 0.024048861213111328 0.63597736516048708 2.0514560471697871 0.22776010970875873 0.30618013628292828 0.77163300646003641
leaf_weight=70308 206 2777 140176 204 36447 311 9692 231 8203 416 5690 622 261 205 210 206 238 251 56303 290 490 215 262 1945 278 2093 313 12633 209 360 9028 876 149474 1947 399 380 201 200 674 903 204 22801 435 259 291 1336 2732 441 5952 244 230 200 850 346 253 210 4353 2473 2121 42714 273 933 202 263 1096 39238 21992 44868 2709 322 334 430 281 6824 1106 387 58448 575 2222
leaf_count=70308 206 2777 140176 204 36447 311 9692 231 8203 416 5690 622 261 205 210 206 238 251 56303 290 490 215 262 1945 278 2093 313 12633 209 360 9028 876 149474 1947 399 380 201 200 674 903 204 22801 435 259 291 1336 2732 441 5952 244 230 200 850 346 253 210 4353 2473 2121 42714 273 933 202 263 1096 39238 21992 44868 2709 322 334 430 281 6824 1106 387 58448 575 2222
internal_value=0.00060041 0.355855 -0.231685 1.41864 0.254794 1.78658 0.447202 0.184627 0.575569 3.07912 0.449501 0.760305 3.66409 -0.107182 1.71588 6.46256 -0.0407505 0.503743 -0.121563 2.94077 1.49657 0.529269 1.01953 1.64272 4.641 0.428686 6.48123 0.148045 0.061037 4.04188 0.0119023 1.59599 -0.376525 0.401525 0.714836 3.03749 7.62888 1.84189 1.27166 0.176021 -0.170087 0.481665 0.211473 -0.150566 0.961938 0.342582 1.71328 2.75141 1.65203 2.63072 0.101509 6.32132 0.805785 1.15077 1.06404 1.20937 1.09306 -0.0331215 0.250795 -0.0465083 0.851396 1.36738 -0.483061 1.49876 1.41867 0.0735491 0.115578 0.16438 0.497059 0.952882 1.16457 1.54071 1.05763 0.239252 0.617387 1.00401 0.259911 1.04059 1.10476
internal_weight=787075 311172 475903 27019 284153 14962 75931 208222 17816 853 16963 11273 2187 255919 14651 437 10932 5885 250034 1304 728 64999 5751 2798 853 2953 575 190406 9086 650 66667 13347 219984 5680 3733 779 1023 654 883 1164 183367 59248 2738 10204 12057 10364 11621 645 10976 454 2954 401 1726 7787 512 645 7441 2724 80026 43191 477 5024 70510 4091 3828 110380 71142 49150 4282 1573 1367 1033 711 77905 4270 1493 71081 7150 6575
internal_count=787075 311172 475903 27019 284153 14962 75931 208222 17816 853 16963 11273 2187 255919 14651 437 10932 5885 250034 1304 728 64999 5751 2798 853 2953 575 190406 9086 650 66667 13347 219984 5680 3733 779 1023 654 883 1164 183367 59248 2738 10204 12057 10364 11621 645 10976 454 2954 401 1726 7787 512 645 7441 2724 80026 43191 477 5024 70510 4091 3828 110380 71142 49150 4282 1573 1367 1033 711 77905 4270 1493 71081 7150 6575
is_linear=0
shrinkage=0.06


Tree=7
num_leaves=80
num_cat=0
split_feature=91 91 91 92 118 151 108 153 166 166 151 166 169 159 84 92 73 166 92 92 92 155 137 137 92 88 76 81 74 76 35 91 86 166 166 84 145 166 35 89 151 166 137 34 155 166 55 166 84 109 127 81 29 89 76 92 86 79 92 163 76 91 159 72 163 76 92 169 159 73 85 171 68 14 169 160 5 76 164
split_gain=1.63665e+07 8.04263e+06 2.64308e+06 1.44014e+06 1.09136e+06 1.97171e+06 2.74764e+06 913818 874196 1.34771e+06 829833 2.04381e+06 2.24457e+06 1.55152e+06 1.25955e+06 1.01019e+06 821325 643085 625989 602707 596956 591923 844898 872993 806315 690530 589105 571812 484421 447961 438342 383406 371344 355716 927998 851488 728313 1.43681e+06 1.51403e+06 686921 327302 391238 665809 897351 326154 310601 364258 562292 693953 309260 293754 293136 399816 281686 237850 232665 232164 231800 222478 217830 207587 199883 190694 184615 353754 171926 170884 170469 192894 292289 170016 168009 165169 153599 147949 147541 143233 143095 141575
threshold=16.201978683471683 45.569658279418952 9.3990802764892596 31.596071243286136 -16.023945808410641 105.50000000000001 -508.89285278320307 30.94999980926514 10.500000000000002 5.0000000000000009 190.50000000000003 6.5000000000000009 0.12545942142605784 984.45001220703136 9.4024996757507342 24.785172462463382 42.886882781982429 17.000000000000004 17.062569618225101 25.253154754638675 13.265044689178469 17.250000000000004 0.23019771277904513 0.59706300497055065 19.405698776245121 7.7014999389648446 16.563500404357914 9.2534999847412127 29.821659088134769 54.51250076293946 230.05670928955081 6.1483592987060556 9.2034997940063494 10.500000000000002 5.0000000000000009 8.0950002670288104 31.44999980926514 6.5000000000000009 264.65885925292974 10.382666587829592 105.50000000000001 6.5000000000000009 0.49682147800922399 174.63086700439456 29.349999427795414 13.000000000000002 23.520479202270511 9.0000000000000018 20.377499580383304 161.71817016601565 -75.888351440429673 10.500999927520754 171.05899810791018 9.1424164772033709 19.100999832153324 19.276996612548832 11.101500034332277 23.103500366210941 16.15663051605225 702.50000000000011 11.704999923706056 20.739772796630863 991.95001220703136 66.407546997070327 367.50000000000006 32.587499618530281 15.307115554809572 0.90162119269371044 990.75000000000011 38.126811981201179 16.529000282287601 7.5000000000000009 4.6525001525878915 28.417082786560062 0.9159645438194276 1.1500000357627871 39.993499755859382 16.202500343322757 0.84335932135581981
decision_type=10 10 8 10 8 10 10 10 2 2 8 2 2 10 8 10 10 2 10 8 8 10 8 10 8 10 2 10 10 2 10 10 8 2 2 8 10 2 8 8 8 2 8 8 10 2 10 2 8 10 10 10 8 8 2 10 10 8 10 8 2 10 10 8 10 2 10 2 10 10 8 2 10 8 2 8 10 2 10
left_child=2 3 31 8 5 7 -7 -3 9 54 67 12 21 19 15 18 27 -9 -15 -14 -4 76 -23 24 53 -26 -10 -16 -18 59 -21 -1 -29 34 -22 36 37 38 39 66 -37 42 43 -42 -8 46 -5 -48 -49 -31 75 52 -25 -24 74 -43 58 -50 -44 63 -35 -28 -51 -6 -65 -47 -36 -11 73 -70 -57 -45 -40 -69 -2 -13 -12 -77 -39
right_child=1 4 20 45 29 6 44 17 26 10 11 50 13 14 16 -17 28 -19 -20 30 33 22 23 51 25 -27 61 32 -30 49 -32 -33 -34 60 35 40 -38 78 72 -41 41 55 56 71 -46 65 47 48 57 62 -52 -53 -54 -55 -56 70 -58 -59 -60 -61 -62 -63 -64 64 -66 -67 -68 68 69 -71 -72 -73 -74 -75 -76 77 -78 -79 -80
leaf_value=-0.41951148874307759 -0.1291193347213962 -0.22602576440554564 -0.15228244251999373 0.73490494550762997 1.173109705747881 9.7314152446595745 3.8749341218988849 1.386102266501873 -0.027203746825933316 0.25983774334355869 1.0622908312517998 1.7762474344346832 0.18196965100150814 4.3241066324492641 3.8605693123920268 2.1416425848971019 6.9862028098785052 5.812377812753363 8.6030078786592519 4.1165935082042049 -0.15835565431057405 -0.42566568356603912 6.85996061323294 4.0935548670998712 0.13589230307432354 4.4444500738660864 0.11221936105288627 3.5397270748464029 3.0094652667403219 1.6242610373109037 0.7653442851342549 -0.26902996819388841 0.69661441309930983 -0.18511777208090174 8.1147746020377571 -0.066022246218876202 0.19436446612213926 0.068620166973971025 2.0450948429687155 2.6403371379628706 5.7557409778422715 0.11939831775564207 0.67262482481362185 2.2883927455440509 0.76070063708623248 0.33207535022747942 0.92591868414868017 4.8533165622170431 2.9648894688521938 3.26030823989348 2.4785142182425046 0.5054540584685463 0.8954391304853847 3.640458714655086 0.24788002706219847 2.0712845380899014 0.095191660992511709 0.89064240557340568 2.1839584640357921 0.69198448529538348 0.027294784519936291 0.31764655493690042 1.5285030911124464 1.5622580317496806 4.2782128289208483 0.81707914466830733 5.5578856117760438 2.1030184538995558 3.4160854622590189 0.19125022446626039 0.51981274905607966 0.21810155416639468 -0.2299816745410605 0.45866771145770646 0.23002602914533318 0.14981769970742004 -0.030287226218301152 0.50057663789577322 1.7912262847366349
leaf_weight=118176 16147 614 145310 8568 5195 302 264 281 49240 25140 512 252 1082 209 390 234 201 204 312 309 23275 842 200 225 358 213 27133 200 249 6054 258 125899 938 29977 200 9508 1578 924 215 217 208 13885 2764 257 224 7158 2393 331 298 747 233 1347 375 200 20460 363 2547 556 401 2596 37013 45898 334 1249 200 4162 203 207 203 201 847 312 245 12482 5547 8824 2734 7969 210
leaf_count=118176 16147 614 145310 8568 5195 302 264 281 49240 25140 512 252 1082 209 390 234 201 204 312 309 23275 842 200 225 358 213 27133 200 249 6054 258 125899 938 29977 200 9508 1578 924 215 217 208 13885 2764 257 224 7158 2393 331 298 747 233 1347 375 200 20460 363 2547 556 401 2596 37013 45898 334 1249 200 4162 203 207 203 201 847 312 245 12482 5547 8824 2734 7969 210
internal_value=0.00050681 0.375965 -0.198743 0.288779 1.59217 2.9577 5.24227 1.31219 0.243343 0.366849 0.53428 0.778325 1.40233 2.46731 3.3441 5.42869 2.54607 3.256 6.89809 1.01299 -0.0695577 0.735971 1.24829 1.7313 3.20008 1.74807 0.133187 1.88037 4.79729 1.43448 2.59572 -0.341891 1.19895 0.0264941 0.135057 0.330824 1.17953 1.88129 3.44647 5.37918 0.227281 0.356481 0.74606 2.39283 2.44993 0.736642 0.94739 1.45586 2.52436 1.79171 0.366983 0.997526 2.09955 5.2633 0.101128 0.188972 0.521671 1.61706 0.864738 1.15846 -0.0677579 0.241327 2.72713 1.34059 1.93982 0.510452 6.84376 0.351286 0.526844 1.81608 0.98658 1.15556 0.835499 0.485656 -0.0372821 0.337975 0.142322 0.316288 0.388918
internal_weight=787588 273054 514534 254790 18264 1889 790 1099 231324 109053 66899 28666 11388 4382 2733 755 1978 485 521 1649 270459 7006 3760 2918 971 571 122271 1528 450 16375 567 244075 1138 125149 58159 34884 3792 2214 1080 620 31092 21584 6489 777 488 23466 12146 3578 1185 7135 17278 1947 600 400 42154 15095 5712 854 3165 9240 66990 73031 1081 6644 1449 11320 403 38233 13093 404 1210 569 460 12689 21694 17045 3246 16793 1134
internal_count=787588 273054 514534 254790 18264 1889 790 1099 231324 109053 66899 28666 11388 4382 2733 755 1978 485 521 1649 270459 7006 3760 2918 971 571 122271 1528 450 16375 567 244075 1138 125149 58159 34884 3792 2214 1080 620 31092 21584 6489 777 488 23466 12146 3578 1185 7135 17278 1947 600 400 42154 15095 5712 854 3165 9240 66990 73031 1081 6644 1449 11320 403 38233 13093 404 1210 569 460 12689 21694 17045 3246 16793 1134
is_linear=0
shrinkage=0.06


Tree=8
num_leaves=80
num_cat=0
split_feature=90 92 92 90 118 35 155 77 93 166 166 93 93 166 166 93 92 136 92 77 151 166 92 171 151 55 163 16 166 151 77 149 166 166 151 90 166 34 43 74 118 35 74 90 163 55 90 80 170 170 156 153 54 92 7 166 166 72 55 161 35 72 80 92 156 171 159 161 159 156 166 166 148 81 80 87 52 160 170
split_gain=1.43527e+07 6.05946e+06 3.06756e+06 1.08143e+06 855039 1.85112e+06 2.33921e+06 757871 741575 2.74291e+06 5.24389e+06 704423 984430 4.28155e+06 8.48446e+06 3.52847e+06 931435 593994 560703 548859 531102 1.09596e+06 510774 433772 359131 324658 295291 281656 341023 401089 266808 257182 254033 493078 382047 433681 513533 463510 590767 504369 327859 475148 253586 239335 237525 1.14261e+06 235444 228554 215835 177903 166644 156872 155714 143114 133646 131608 206412 247466 162898 158571 126887 125985 153481 121127 117705 112394 129456 108214 234252 106822 149559 120274 121918 104021 99300.2 99085 118658 97563 173010
threshold=17.769937515258793 41.654033660888679 10.986557960510256 33.728292465209968 -18.344265937805172 245.24018096923831 21.150000572204593 8.0840001106262225 40.032255172729499 6.5000000000000009 5.0000000000000009 69.34418106079103 40.032255172729499 6.5000000000000009 5.0000000000000009 53.128808975219734 16.0481071472168 35.622936248779304 24.089902877807621 44.737499237060554 109.50000000000001 10.500000000000002 16.251796722412113 4.5000000000000009 108.50000000000001 8.4472937583923358 692.50000000000011 67.731025695800795 10.500000000000002 109.50000000000001 9.3274998664855975 23.849999427795414 10.500000000000002 5.0000000000000009 113.50000000000001 13.21346426010132 6.5000000000000009 242.2907638549805 29.668999671936039 31.56354904174805 19.259788513183597 185.12410736083987 36.916929244995124 13.602128505706789 297.50000000000006 28.00913238525391 4.6373302936553964 22.710000038146976 0.97062206268310558 0.91511079668998729 17.500000000000004 21.349999427795414 23.755777359008793 30.925278663635257 267.08749389648443 10.500000000000002 5.0000000000000009 58.879487991333015 27.703031539916996 88.500000000000014 152.8583908081055 84.05374908447267 54.682500839233406 19.152274131774906 56.500000000000007 10.500000000000002 992.45001220703136 336.50000000000006 985.14999389648449 70.500000000000014 10.500000000000002 5.0000000000000009 0.22838710248470309 2.8339999914169316 28.707500457763675 6.8025000095367441 29.201270103454593 6.5499999523162851 0.39629089832305914
decision_type=10 10 10 10 8 10 10 2 10 2 2 10 10 2 2 10 8 10 8 2 10 2 10 2 10 10 10 10 2 10 2 8 2 2 8 10 2 8 8 8 8 10 10 8 10 10 10 8 2 2 8 10 8 10 8 2 2 8 10 8 10 10 10 10 8 2 8 10 10 8 2 2 8 8 8 8 10 8 2
left_child=2 3 7 11 5 24 -7 46 17 10 -10 12 18 14 -14 16 -16 22 63 26 -13 -22 69 27 -3 -12 44 28 29 52 -25 51 33 -24 64 36 37 38 -36 -40 41 -38 -17 -9 67 -46 -1 -18 61 50 -29 -15 -5 -37 -39 56 -32 59 60 -58 -59 62 -21 -2 -35 -64 -67 74 -69 70 71 -4 -73 -20 -6 76 -52 78 -42
right_child=1 4 8 23 19 6 -8 43 9 -11 25 20 13 31 15 42 47 -19 73 48 21 -23 32 30 -26 -27 -28 49 -30 -31 55 -33 -34 34 35 53 40 54 39 -41 77 -43 -44 -45 45 -47 -48 -49 -50 -51 75 -53 -54 -55 -56 -57 57 58 -60 -61 -62 -63 65 -65 -66 66 -68 68 -70 -71 -72 72 -74 -75 -76 -77 -78 -79 -80
leaf_value=-0.42932147622182487 0.094812362643013876 0.32356050821672 -0.094697976065195075 3.1581238768570912 0.51000707844525772 0.84119219558558811 9.2135361724664744 -0.1984554587845595 -0.40404596985671287 -0.23459442688981041 4.6197332076979158 -0.28116589155713778 -0.12019288022452893 0.366284824676123 3.5194247352765955 2.2544651049033542 8.1672422172381633 2.8385761902862376 1.5836374077751341 1.220226753119857 4.9017699284650185 -0.30330226647720299 -0.05382878415462642 -0.15651666959954993 2.7601139823345195 7.5307302018345856 0.27017595380930787 0.17729644214035747 0.78801216733578749 4.4556300522721255 0.2665213870313175 -0.0080174620511595917 0.0072823928911516424 0.53552200875254363 1.1187275042908249 0.28821095448257544 3.2945352682941995 0.26262446720805016 6.1588315841213985 2.1281895800855226 -0.10997682147016748 0.38965765030696886 -0.5661507919691674 0.047046233654440918 0.73800573624429688 5.2253180283076528 -0.30030741149506857 5.8910668921470641 2.9734281049099884 -0.14753780509597361 2.8566457529652576 2.5800690984646475 1.3807234691821368 1.858195867018644 1.8637482908642984 0.35963693958505982 1.9933297399421184 2.4450836770671405 2.9781416964653507 0.58344599127687136 0.56833088840090706 2.714699410240109 1.5918703922567028 0.22300950411002041 -0.054625093045057735 2.9298533491375882 1.2158246398809107 3.3448544722300007 0.60070197967457628 -0.12511759720122279 -0.09029646577930317 1.2538579949736595 0.15969929230300905 0.39820795337107234 1.0962415493791831 0.88299369597442567 0.94894204409915384 0.075447206978087988 1.5479600405890692
leaf_weight=87829 49810 580 8327 210 1777 204 292 98294 816 3289 201 11609 2136 237 229 243 902 261 267 4296 221 423 12995 2290 348 491 1931 1194 1569 213 1966 8582 37879 1545 362 7576 367 479 252 203 399 452 216 16728 757 279 121228 209 386 723 207 224 1150 214 308 6147 325 208 323 2431 344 312 4661 56783 5711 506 234 202 251 86303 45800 374 16453 51115 2518 6648 273 1844 523
leaf_count=87829 49810 580 8327 210 1777 204 292 98294 816 3289 201 11609 2136 237 229 243 902 261 267 4296 221 423 12995 2290 348 491 1931 1194 1569 213 1966 8582 37879 1545 362 7576 367 479 252 203 399 452 216 16728 757 279 121228 209 386 723 207 224 1150 214 308 6147 325 208 323 2431 344 312 4661 56783 5711 506 234 202 251 86303 45800 374 16453 51115 2518 6648 273 1844 523
internal_value=-0.00274493 0.397219 -0.167006 0.302946 1.40786 2.82335 5.77869 -0.286452 -0.0011711 0.737054 2.855 0.251363 0.282861 0.785182 2.43699 5.47158 7.02581 -0.0166635 0.241589 1.29641 -0.188081 1.48774 -0.0199392 0.663337 1.23926 6.69308 0.91279 0.925216 1.41466 2.03881 0.435874 0.0662182 0.113502 0.234578 0.419788 0.614709 1.03962 1.93171 2.93207 4.36916 0.640057 1.69379 0.928771 -0.162751 1.12724 1.95034 -0.354511 7.74473 1.58101 0.75506 0.833484 1.44522 1.65729 0.331573 0.89081 0.55139 0.761884 1.02995 1.90869 0.750369 1.27866 1.52702 1.48853 0.163106 0.0710898 1.70168 2.39022 0.947275 1.82904 -0.0802794 -0.0257406 0.0918006 0.184091 0.404399 0.85387 0.943361 1.77587 0.327553 0.831138
internal_weight=786464 228961 557503 209427 19534 1424 496 324079 233424 4797 1508 183206 170953 12978 3935 1799 1340 228627 157975 18110 12253 644 228366 26221 928 692 7715 12187 3142 1573 14034 9043 71109 33230 20235 12979 5189 1604 817 455 3585 819 459 115022 5784 1036 209057 1111 10395 9045 8322 461 1360 7790 787 11744 5597 3631 875 2756 552 10009 9697 106593 7256 5401 740 4748 453 157257 70954 25154 16827 51382 4295 7128 480 2766 922
internal_count=786464 228961 557503 209427 19534 1424 496 324079 233424 4797 1508 183206 170953 12978 3935 1799 1340 228627 157975 18110 12253 644 228366 26221 928 692 7715 12187 3142 1573 14034 9043 71109 33230 20235 12979 5189 1604 817 455 3585 819 459 115022 5784 1036 209057 1111 10395 9045 8322 461 1360 7790 787 11744 5597 3631 875 2756 552 10009 9697 106593 7256 5401 740 4748 453 157257 70954 25154 16827 51382 4295 7128 480 2766 922
is_linear=0
shrinkage=0.06


Tree=9
num_leaves=80
num_cat=0
split_feature=91 91 92 166 93 93 166 166 135 152 72 89 118 156 109 91 76 76 90 35 168 124 145 156 76 171 90 152 156 145 90 41 166 72 166 32 55 93 166 166 90 158 32 76 90 171 80 169 156 136 163 78 163 162 90 92 165 165 76 35 89 166 93 145 76 92 35 62 159 155 155 14 162 84 52 33 72 166 53
split_gain=1.26173e+07 6.8543e+06 1.48218e+06 1.02533e+06 2.03072e+06 3.34271e+06 4.49674e+06 1.14735e+07 3.35654e+06 1.5844e+06 1.29193e+06 925484 899484 1.67857e+06 1.33618e+06 785056 722206 600477 551950 496227 380757 371423 367622 351643 346677 326059 318512 341812 495089 495509 289498 280491 276169 584256 555436 361897 303605 228133 627778 1.33413e+06 1.23736e+06 214013 203297 195153 194248 190979 165488 159365 158600 147582 138922 137740 135687 158716 133934 133525 123907 122810 134508 121814 120169 119923 182769 146619 114714 128576 112374 105958 96145.3 96010 120830 94299.2 92646.7 92483.1 89705.8 87125.8 85002.7 418681 119322
threshold=14.235503673553469 40.661752700805671 8.2846126556396502 10.500000000000002 40.032255172729499 60.713041305541999 5.0000000000000009 6.5000000000000009 27.80885219573975 1.1544075012207033 43.269315719604499 39.500749588012702 -16.023945808410641 49.500000000000007 -624.63363647460926 25.602499008178714 17.56199932098389 44.737499237060554 13.496644496917726 285.59953308105474 0.37940952181816107 77.520832061767592 103.70000076293947 74.500000000000014 35.256500244140632 7.5000000000000009 9.9646873474121112 0.86275866627693187 92.500000000000014 72.299999237060561 24.602583885192875 24.252499580383304 10.500000000000002 62.04469299316407 2.5000000000000004 234.50691986083987 26.2714376449585 40.032255172729499 6.5000000000000009 5.0000000000000009 18.477291107177738 84.500000000000014 97.506916046142592 6.4010000228881845 22.166108131408695 11.500000000000002 12.904999732971193 0.89404821395874035 78.500000000000014 37.847764968872077 52.500000000000007 13.502999782562258 62.500000000000007 18.550000190734867 19.650187492370609 11.509822368621828 0.30069434642791754 0.97625884413719188 27.324000358581547 106.6247024536133 21.95141696929932 19.500000000000004 8.7069807052612322 27.150000572204593 7.2024998664855966 18.021749496459964 432.17283630371099 13.702499866485597 989.95001220703136 21.650000572204593 17.750000000000004 38.16667556762696 30.349999427795414 6.5014998912811288 48.031770706176765 447.92846679687506 72.752693176269545 11.500000000000002 59.712047576904304
decision_type=10 10 8 2 10 10 2 2 8 10 10 8 8 10 10 10 2 2 8 8 2 10 10 8 2 2 8 8 10 8 10 8 2 10 2 8 10 10 2 2 8 10 8 2 8 2 8 2 8 8 10 8 10 10 10 10 10 10 2 8 10 2 10 8 2 8 10 8 10 10 10 8 10 8 10 8 10 2 10
left_child=2 3 43 4 15 6 -6 8 -8 23 25 19 13 14 -3 20 46 32 55 73 26 75 -16 41 37 -11 27 -2 29 -29 -18 69 33 60 -35 -36 -37 64 39 -39 -41 59 -31 -1 -26 67 -5 -17 52 68 -49 -25 53 -28 -22 -4 -43 58 -34 -7 -14 62 63 -32 -20 -66 -61 -19 -47 70 -15 -52 -50 -10 -44 -9 78 -78 -69
right_child=1 12 18 16 5 9 7 21 11 10 -12 -13 17 31 22 47 30 45 24 -21 54 -23 -24 51 44 -27 48 28 -30 42 61 -33 57 34 35 36 -38 38 -40 40 -42 56 74 -45 -46 49 -48 50 72 -51 71 -53 -54 -55 -56 -57 -58 -59 -60 66 -62 -63 -64 -65 65 -67 -68 76 -70 -71 -72 -73 -74 -75 -76 -77 77 -79 -80
leaf_value=-0.37894615488233502 -0.30474144111086576 7.620661459949952 -0.19835465477311967 -0.13256760496067324 -0.10888995078612894 1.2991267415970789 -1.0588828516687665 0.050141490647913754 6.9212967142256172 3.0760205288855311 7.021024288890116 3.0901255447424729 0.18887980871415289 1.0239372012674295 1.1501385600670522 0.43584986893844829 0.13973837429418939 0.8281188268213302 -0.22970962462079147 4.8528356412634901 -0.063247657542843061 2.8329492120600461 4.398936312698984 -0.40178229552864836 0.13274734436050725 -0.14055238180382307 0.56574800363789113 3.156786512911621 3.8400022994779683 1.9854180575016795 2.0016981691135722 2.4965990467115149 0.1664734849037374 0.36443828395837657 4.4154139120522 0.62091175997506454 3.3279192263687762 -0.27390549663079861 -0.056678921765903841 7.1317243197025393 1.1856106881575152 0.72952774135885146 -0.33825047314035345 -0.24871944815334057 1.1980103121080163 3.4296686017388227 0.042810440663474593 1.2224262521274518 0.096598611554441438 0.81509819101828795 1.848718150984751 0.27735961679172294 0.27107656163800253 2.3041350616892773 0.16039516195119602 -0.098863035048186276 2.7594466663876625 1.5959672832476277 0.79892241142307008 0.047738633754164941 0.95400689062552002 0.5449184991312428 0.1046237862968909 0.42945743429663846 -0.037400872170048879 0.19615700593271831 1.4948892513713776 1.4642330168472419 2.0969943868731047 1.3486047137660138 -0.76298762201585557 0.57994276377387188 1.330945502168992 8.070399646967175 0.83874742924453505 1.352008751584912 3.5246997880693089 0.45880792506532558 0.80297073397095553
leaf_weight=125345 604 315 131503 31770 2676 398 209 2335 403 202 203 205 1067 231 275 16459 51571 1201 7684 250 25407 200 231 4855 1088 257 3228 296 246 245 217 327 2860 427 377 286 312 586 2409 233 274 216 678 61890 1421 285 49621 1827 23191 233 218 1380 32747 200 15533 76999 218 350 2099 2287 2407 9863 9916 10615 33922 11315 210 7596 647 271 329 5871 220 1133 354 200 343 301 1133
leaf_count=125345 604 315 131503 31770 2676 398 209 2335 403 202 203 205 1067 231 275 16459 51571 1201 7684 250 25407 200 231 4855 1088 257 3228 296 246 245 217 327 2860 427 377 286 312 586 2409 233 274 216 678 61890 1421 285 49621 1827 23191 233 218 1380 32747 200 15533 76999 218 350 2099 2287 2407 9863 9916 10615 33922 11315 210 7596 647 271 329 5871 220 1133 354 200 343 301 1133
internal_value=-0.000985468 0.279832 -0.206432 0.204045 0.320115 0.919675 1.87166 2.94542 6.17006 0.211016 3.04745 6.92905 1.25865 2.48363 4.55732 0.236115 0.101038 1.14797 -0.115787 7.36771 0.163617 0.350258 2.63904 0.0143862 0.0463453 1.27863 0.257374 0.93159 1.34206 0.949213 0.226503 1.01076 0.810723 1.13673 2.17024 2.9599 2.03646 0.0156517 0.484581 1.67649 3.9269 0.5122 0.435443 -0.335902 0.736308 1.44048 -0.0256471 0.542295 0.229943 2.17021 0.763533 -0.251447 0.308689 0.667813 0.0216063 -0.161613 1.75316 0.511149 0.434278 0.325621 0.719129 0.372668 0.290763 0.461136 -0.0153878 0.0210213 0.169995 1.35989 2.50776 0.423784 -0.0253698 0.625664 0.108254 7.77361 0.0659083 0.153346 1.42793 2.09466 1.3785
internal_weight=787306 332637 454669 308734 145161 17837 7611 4935 2200 10226 662 1991 23903 1979 821 127324 163573 21924 267434 1786 102949 2735 506 9564 58932 459 62009 2423 1819 1573 82182 1158 10185 4876 1402 975 598 56423 3502 1093 507 3329 1277 187235 2509 11739 81391 24375 59586 1165 7916 6235 36175 3428 40940 208502 434 5309 4959 2895 3474 30611 20748 10832 52921 45237 2497 10574 932 831 560 6089 23411 1536 1032 2535 9373 644 8729
internal_count=787306 332637 454669 308734 145161 17837 7611 4935 2200 10226 662 1991 23903 1979 821 127324 163573 21924 267434 1786 102949 2735 506 9564 58932 459 62009 2423 1819 1573 82182 1158 10185 4876 1402 975 598 56423 3502 1093 507 3329 1277 187235 2509 11739 81391 24375 59586 1165 7916 6235 36175 3428 40940 208502 434 5309 4959 2895 3474 30611 20748 10832 52921 45237 2497 10574 932 831 560 6089 23411 1536 1032 2535 9373 644 8729
is_linear=0
shrinkage=0.06


Tree=10
num_leaves=80
num_cat=0
split_feature=92 92 90 167 100 35 73 171 86 90 90 89 76 92 61 97 137 92 156 169 43 87 90 90 167 89 106 92 171 92 35 167 90 16 73 92 100 165 166 90 84 92 35 89 155 10 156 159 92 79 84 169 156 165 35 90 35 76 106 159 127 31 161 155 145 155 144 94 92 145 81 89 76 80 90 61 26 13 169
split_gain=1.11859e+07 5.19044e+06 2.03216e+06 1.70595e+06 2.38336e+06 2.16796e+06 1.29905e+06 1.21753e+06 977392 835826 763870 697924 678408 611119 585579 572770 502562 597905 438258 386637 375397 433539 368342 360051 353339 1.05452e+06 846962 774889 348932 685051 1.01604e+06 344859 340721 339188 326463 319852 307858 524086 293496 299794 434959 267756 263958 247823 243208 332516 288541 234773 355561 563358 250522 232879 225580 200284 186458 172664 452415 170294 168242 160430 251653 244924 172596 162097 154611 154262 142875 184858 139291 224527 138142 186972 134823 131733 124903 117724 126732 113216 113002
threshold=16.15663051605225 37.441753387451179 9.2810683250427264 0.98296290636062633 -116.62548828124999 253.08161163330081 22.40493202209473 4.5000000000000009 12.000999927520754 60.499528884887702 27.708348274230961 13.051416873931887 22.303499221801761 23.648007392883304 71.576499938964858 141.9916687011719 0.21549677103757861 28.952305793762211 73.500000000000014 0.78857997059822094 33.250999450683601 9.4024996757507342 14.082833290100099 7.0374021530151376 0.98296290636062633 8.6432833671569842 1347.1458129882815 13.618176937103273 2.5000000000000004 23.282589912414554 324.10169982910162 0.37940952181816107 41.00279617309571 100.42641830444337 17.836442947387699 7.5139260292053232 -64.644779205322251 0.2503704726696015 9.0000000000000018 32.928894042968757 9.0274996757507342 26.049478530883793 181.22353363037112 71.49649810791017 31.750000000000004 7.7525000572204599 36.500000000000007 985.54998779296886 19.276996612548832 11.602499961853029 14.654999732971193 0.95998215675354015 51.500000000000007 -0.94828754663467396 484.50190734863287 10.269686698913576 177.21406555175784 11.901499748229982 179.85208892822268 986.35000610351574 -66.187088012695298 251.02500152587893 289.50000000000006 21.050000190734867 42.199998855590827 19.050000190734867 5.0000000000000009 28.72500038146973 23.100206375122074 36.350000381469734 7.4014999866485605 19.031425476074222 18.956000328063968 9.7049999237060565 4.4050219058990487 inf 312.81250000000006 25.984749794006351 0.90892735123634349
decision_type=10 8 8 2 10 8 10 2 10 10 10 8 2 10 8 10 8 10 10 2 8 10 10 8 2 8 8 10 2 10 8 2 8 10 8 10 8 10 2 10 8 10 10 8 8 10 10 10 10 8 8 2 10 8 8 8 8 2 10 10 10 10 10 10 8 10 2 10 10 8 8 10 2 8 10 8 8 8 2
left_child=2 3 35 12 5 6 11 8 14 23 22 34 18 33 20 36 -9 42 31 64 51 -22 -4 -3 -24 26 -26 -28 29 30 -7 -2 53 -10 -5 74 37 -11 78 55 -41 66 47 -17 45 46 -21 48 49 -18 -50 -8 -6 -25 59 56 -40 -20 -42 63 61 62 -61 -38 -12 -45 67 -14 -57 -70 71 -27 -54 -66 -1 -30 -77 -75 -33
right_child=1 9 10 4 52 28 7 16 13 15 19 -13 41 -15 -16 43 17 -19 57 44 21 -23 24 32 25 70 27 -29 75 -31 -32 38 -34 -35 -36 -37 54 -39 39 40 58 -43 -44 65 -46 -47 -48 -49 50 -51 -52 -53 72 -55 -56 68 -58 -59 -60 60 -62 -63 -64 -65 73 -67 -68 -69 69 -71 -72 -73 -74 77 -76 76 -78 -79 -80
leaf_value=-0.39567540617801616 0.074095785553148358 3.4032760674798643 -0.11339880566650912 4.1998900237432339 0.68735789981547468 6.4013115238209268 0.48604781108243122 -0.40688873037431605 0.16868168207988654 0.93696355547660426 1.8468949525207994 2.2903901342680855 0.43116397003222129 4.4590241720605244 5.8569283531805905 1.9846551353821384 4.8234157354274014 4.396571362114722 -0.22892700467510216 3.6595349706742994 6.2289285004922119 2.4592666307687758 -0.0035766448394879422 2.1454084336216308 -0.5434231323190033 2.3742105463643868 1.6185796197171574 5.7202122773877297 0.18391528052874559 -0.042422619433393059 0.70827005705634372 0.017974144364340562 1.1203658923353694 2.9449007112282075 7.535626058208531 -0.19700518149042121 0.0057722199136434598 4.9450209778096497 2.9404462083627205 3.7215225884582424 0.30056385572633681 0.46954223183763605 0.11959454716722431 3.0646281211440627 0.55194117480813987 0.32487135343339657 1.419975437473745 3.2398862411594584 -0.76011076258430532 0.76356146704828609 1.7410869156000144 3.2287112437772314 -0.094499648778512399 0.56590752927628718 0.2791889414700417 0.24082606370148918 0.29399577072118155 0.030517091220739645 2.1407610233590009 2.8734265483150612 1.1845393404306301 3.764095686671145 0.48276673717692842 1.3814752411610125 -0.42567572645960627 5.3714953790526643 0.19224298695392755 1.9877260368660243 2.3791568539626016 0.54078823067175474 0.11037912676896815 0.0120209249907732 0.26895034301283666 1.7489848561651011 -0.28879617594553092 2.3056458167489526 0.41366002174142907 0.27492982659160081 0.32250087174210978
leaf_weight=72679 68756 206 174827 204 3019 200 230 732 698 233 208 322 5581 200 387 324 201 216 16964 398 214 229 76129 298 271 233 378 296 4466 478 258 10894 10461 204 231 91712 343 237 345 236 630 25703 683 221 968 367 435 246 372 316 234 216 6239 8786 517 9849 710 19665 249 221 766 400 214 3051 981 208 42905 288 253 4132 7698 249 8936 202 85916 202 344 2480 7343
leaf_count=72679 68756 206 174827 204 3019 200 230 732 698 233 208 322 5581 200 387 324 201 216 16964 398 214 229 76129 298 271 233 378 296 4466 478 258 10894 10461 204 231 91712 343 237 345 236 630 25703 683 221 968 367 435 246 372 316 234 216 6239 8786 517 9849 710 19665 249 221 766 400 214 3051 981 208 42905 288 253 4132 7698 249 8936 202 85916 202 344 2480 7343
internal_value=0.000393776 0.312365 -0.163477 0.226029 0.647628 1.30082 2.09209 1.7639 2.77769 1.11022 -0.0480454 4.41826 0.166518 1.4668 3.90779 1.68745 0.959638 1.40067 0.0886977 0.619003 3.05366 4.2902 -0.0635364 0.913318 0.0387147 0.391509 2.28809 3.4257 0.484467 1.54726 3.20284 0.151876 0.886901 0.799129 5.9845 -0.2862 1.49067 2.96426 0.306249 0.490387 1.43983 0.312827 1.08333 3.24669 1.26033 1.83082 2.49312 1.5637 1.19396 2.34822 0.206975 1.81858 0.213781 0.617953 1.3645 0.421056 1.16139 -0.0896423 0.823689 1.47676 1.97231 2.6927 1.70114 1.24249 0.25959 4.193 0.230232 0.507872 0.366106 0.647374 0.172152 1.15646 0.119526 0.168977 -0.337778 0.285719 1.11656 0.386562 0.140601
internal_weight=787693 271266 516427 244780 30277 12083 6135 5378 2378 26486 266120 757 214503 1102 1276 6735 3000 2268 140026 6039 889 443 260081 19751 85254 9125 945 674 5948 936 458 103397 19545 902 435 250307 5982 470 34641 16404 1115 74477 2052 753 2168 1200 833 1369 1123 517 606 446 18194 9084 5512 15289 1055 36629 879 4995 1601 835 435 3394 3871 429 48774 5869 14234 4385 8180 482 15175 3663 158595 5012 546 2682 18237
internal_count=787693 271266 516427 244780 30277 12083 6135 5378 2378 26486 266120 757 214503 1102 1276 6735 3000 2268 140026 6039 889 443 260081 19751 85254 9125 945 674 5948 936 458 103397 19545 902 435 250307 5982 470 34641 16404 1115 74477 2052 753 2168 1200 833 1369 1123 517 606 446 18194 9084 5512 15289 1055 36629 879 4995 1601 835 435 3394 3871 429 48774 5869 14234 4385 8180 482 15175 3663 158595 5012 546 2682 18237
is_linear=0
shrinkage=0.06


Tree=11
num_leaves=80
num_cat=0
split_feature=91 91 91 91 50 151 149 91 155 76 76 168 168 134 137 34 164 171 82 142 34 89 163 16 171 168 168 116 34 74 137 85 91 80 76 11 86 73 38 73 147 151 14 80 83 31 163 50 163 76 61 158 128 90 74 82 155 124 135 23 109 168 64 61 163 160 155 47 158 71 163 67 90 91 145 80 144 76 159
split_gain=1.00384e+07 4.5814e+06 2.23275e+06 943036 686557 2.12219e+06 2.1192e+06 520391 461765 354170 313908 280265 524934 1.04292e+06 1.64221e+06 1.68686e+06 546497 501611 368937 538523 477658 601607 263057 262492 221406 273540 601833 936761 449956 685907 484623 317493 420296 219021 193059 176915 175209 166177 153546 164161 150477 149398 147409 144892 142389 141095 215518 140890 135159 131156 122715 152217 138213 121660 117461 144492 116047 114263 112357 111549 108312 183833 289399 103995 108030 101577 109473 113559 98274.4 165772 198983 97622.9 96112.5 92206 147957 90966.1 89493.7 89420.8 86513.8
threshold=18.163226127624515 49.328924179077156 11.594896316528322 32.871843338012702 8.2909998893737811 105.50000000000001 15.84999990463257 6.9671418666839608 21.349999427795414 5.0260000228881845 57.934000015258796 0.37940952181816107 1.0000000180025095e-35 10.926000118255617 0.48978489637374883 175.80921173095706 -0.80382624268531788 1.5000000000000002 9.2540001869201678 -0.77159520983695973 221.52314758300784 10.382666587829592 107.50000000000001 164.79494476318362 10.500000000000002 0.12940952181816107 -1.0000000180025095e-35 inf 174.63086700439456 29.318745613098148 0.65563124418258678 9.7049999237060565 21.886630058288578 29.989000320434574 10.601500034332277 136.97499847412112 8.6924996376037615 77.881828308105483 32.303998947143562 21.754433631896976 97.700000762939467 50.500000000000007 57.214536666870124 22.106499671936039 8.9524998664855975 102.01399993896486 47.500000000000007 61.378999710083015 22.500000000000004 14.603500366210939 221.77849578857425 43.500000000000007 0.71027949452400219 28.102890968322757 86.058830261230483 16.451499938964847 20.650000572204593 109.85416793823244 -29.606020927429196 405.10350036621099 -268.90838623046869 -0.7865660786628722 39.680000305175788 57.453500747680671 452.50000000000006 13.150000095367433 20.250000000000004 8.7760000228881854 10.500000000000002 57.429636001586921 222.50000000000003 25.581000328063968 45.663011550903327 24.366086006164554 23.250000000000004 45.059499740600593 5.0000000000000009 91.225002288818374 980.75000000000011
decision_type=10 10 8 8 8 10 10 10 10 2 2 2 2 8 8 8 10 2 10 10 8 8 8 10 2 2 2 8 8 10 10 8 10 10 2 8 8 8 8 10 8 10 10 10 8 8 8 8 10 2 8 8 10 10 10 10 10 10 10 8 8 2 8 8 10 8 10 8 10 8 10 10 10 10 8 8 2 2 10
left_child=2 3 7 9 5 8 -7 -1 41 58 65 12 49 -14 15 16 -15 -17 19 -16 21 -21 24 76 25 26 -11 57 29 30 -29 32 -30 45 -13 71 -33 -38 -22 -40 -25 -3 -31 -24 -18 46 -5 -19 -49 78 -20 52 -52 -36 -35 -56 -27 -28 -2 -50 61 62 -47 -62 -65 66 75 -68 69 -69 -71 -23 -51 -45 -75 -6 -12 -42 -4
right_child=1 4 11 33 10 6 -8 -9 -10 22 23 34 13 14 18 17 44 47 50 20 38 35 43 40 -26 56 27 28 31 42 -32 36 -34 54 53 -37 37 -39 39 -41 77 -43 -44 73 -46 60 -48 48 59 72 51 -53 -54 -55 55 -57 -58 -59 -60 -61 63 -63 -64 64 -66 -67 67 68 -70 70 -72 -73 -74 74 -76 -77 -78 -79 -80
leaf_value=-0.3166962652941045 -0.25233849641391687 0.70093698674595206 -0.131282218389314 2.7203113281522091 0.18902770663695592 1.8808616052739162 10.000856501869533 -0.16616155171196384 2.7692017307574859 0.15226565618019136 2.0974831542348156 -0.21262717328472894 -0.083515705427097978 1.8053726057469281 0.18794722265499864 3.3321559875885791 6.1860913606664543 -0.1025444119915235 0.021219515005282675 4.6683712439433052 0.24387084920703295 0.18847861550214928 0.13377264354887475 1.2354000340974178 0.15775185442885739 0.11258469864432942 0.27955684994865759 6.3504474048583264 4.5984794349552587 0.49068017001038988 2.6001818644021393 2.5915289181762255 1.1631669291589304 0.74913147916478628 -0.026115865741940348 2.9204813241002765 0.52291467082833942 2.2140219719439869 1.9824524263375334 0.36825386414546096 2.2124903174851442 -1.4283389130917177 2.4564204363270021 0.18602728472916244 4.1146527551247338 0.3555461480387766 0.69814856766441236 -0.042756601430931872 2.5044814845350349 0.072448198717450216 0.53588583245873445 0.098361686937549569 2.7244660478195386 0.75684101956994243 0.62192392097420668 2.8290365153281396 0.39582915029152804 0.90732597896605827 0.24367333238945504 0.63693850523387874 0.18455432585636652 0.4236242800094086 3.5732240075651389 0.73745589269684175 0.080925695335702069 0.4737096762489193 2.5838715806922243 1.1587006796772459 0.78536764272600412 1.448524766304593 3.8186391227236434 1.8692319544041391 1.2475868340900964 1.6493895750151129 0.33782589647986494 1.0297942447250013 1.318580286838807 3.7583532850239254 0.002476932216483008
leaf_weight=148656 7253 230 29450 217 764 234 229 186263 255 5986 606 26641 16020 211 3442 271 336 681 7780 287 1043 322 70064 215 15494 8120 4253 228 214 347 276 201 320 11932 54193 204 1688 238 539 392 240 243 227 23097 201 202 1476 244 266 43850 214 578 202 723 208 220 14521 1383 2125 204 7534 919 200 3173 1261 1170 214 2452 1574 355 200 202 251 313 22700 1178 4462 326 42569
leaf_count=148656 7253 230 29450 217 764 234 229 186263 255 5986 606 26641 16020 211 3442 271 336 681 7780 287 1043 322 70064 215 15494 8120 4253 228 214 347 276 201 320 11932 54193 204 1688 238 539 392 240 243 227 23097 201 202 1476 244 266 43850 214 578 202 723 208 220 14521 1383 2125 204 7534 919 200 3173 1261 1170 214 2452 1574 355 200 202 251 313 22700 1178 4462 326 42569
internal_value=-3.56341e-05 0.342581 -0.133962 0.269116 1.3569 2.73869 5.90991 -0.232978 0.716485 0.218995 1.23708 0.00940187 0.0581397 0.266844 0.585393 2.03885 4.40402 0.974928 0.354519 0.699701 1.28875 2.34599 0.238834 1.57043 0.34893 0.42687 0.622302 0.922375 1.65861 2.69261 4.30595 1.23888 2.54589 0.597313 -0.0800925 1.42528 0.909701 0.732929 0.744227 1.30391 2.59468 -0.393667 1.27099 0.188135 5.41984 0.443019 0.958792 0.514941 1.10321 -0.00232199 0.101464 0.728878 1.60259 -0.0157942 0.784288 1.76037 0.294255 0.433737 -0.139931 1.69696 0.377243 0.892684 1.96128 0.32028 0.550803 0.99032 1.07995 1.23395 1.17033 1.37151 2.30795 0.838729 0.0791646 0.270733 0.355735 0.699297 1.41211 3.10792 -0.0522209
internal_weight=787572 221337 566235 206390 14947 1191 463 334919 728 179048 13756 231316 149759 33639 17619 2414 748 1666 15205 6431 2989 1015 169670 5849 53496 38002 15361 9375 3739 1078 504 2661 534 27342 81557 728 2127 1926 1974 931 781 473 574 116174 537 14982 1693 1395 714 116120 8774 994 416 54916 12360 428 22641 5636 9378 470 13289 1321 402 11968 4434 7907 6737 4795 4581 3007 555 524 44101 46110 23013 1942 5068 566 72019
internal_count=787572 221337 566235 206390 14947 1191 463 334919 728 179048 13756 231316 149759 33639 17619 2414 748 1666 15205 6431 2989 1015 169670 5849 53496 38002 15361 9375 3739 1078 504 2661 534 27342 81557 728 2127 1926 1974 931 781 473 574 116174 537 14982 1693 1395 714 116120 8774 994 416 54916 12360 428 22641 5636 9378 470 13289 1321 402 11968 4434 7907 6737 4795 4581 3007 555 524 44101 46110 23013 1942 5068 566 72019
is_linear=0
shrinkage=0.06


Tree=12
num_leaves=80
num_cat=0
split_feature=91 91 92 167 134 35 80 92 167 134 137 35 118 156 109 154 80 137 81 78 86 63 76 83 83 92 36 87 76 92 80 81 156 160 43 76 91 155 73 61 76 54 53 109 156 167 92 27 84 163 156 168 137 168 154 163 152 82 16 61 92 61 167 145 81 55 88 91 76 137 76 156 55 54 155 159 5 16 168
split_gain=8.97083e+06 4.31327e+06 1.76598e+06 961507 1.25036e+06 1.02788e+06 770433 717734 704725 1.25008e+06 1.52711e+06 1.50767e+06 639470 1.32802e+06 1.38374e+06 644623 622834 618324 803838 604714 512728 464855 407511 402091 369223 618396 569907 553503 335694 332404 389180 306839 268832 268410 265501 256953 252131 249252 239919 322745 236433 200548 314248 193344 187777 199983 283333 238609 179691 178780 218766 326828 177410 177201 259697 455242 286481 175344 375362 168687 211197 156424 155468 272501 570857 151206 221722 145402 143948 190781 137848 131684 130381 129832 129336 128254 122890 144657 120264
threshold=17.169618606567386 45.569658279418952 9.7356195449829119 0.98296290636062633 17.912499427795414 253.08161163330081 4.2009999752044687 31.596071243286136 0.98296290636062633 11.526499748229982 0.48978489637374883 281.99311828613287 -16.023945808410641 49.500000000000007 -563.52767944335926 0.92098084092140209 10.702499866485597 0.76941463351249706 159.40000152587893 2.4764999151229863 3.901000022888184 45.975999832153327 13.401499748229982 11.00500011444092 7.9260001182556161 14.156515121459963 55.344425201416023 10.902499675750734 12.405999660491945 23.100206375122074 14.002500057220461 10.851500034332277 73.500000000000014 6.1499998569488534 19.843999862670902 54.51250076293946 24.592755317687992 25.849999427795414 22.751623153686527 70.258499145507827 6.4010000228881845 30.733333587646488 51.133342742919929 161.71817016601565 74.500000000000014 0.37940952181816107 23.100206375122074 281.60000610351568 12.101500034332277 702.50000000000011 39.500000000000007 -0.7865660786628722 0.82983747124671947 -0.12940952181816107 1.6081743240356448 382.50000000000006 1.7960438728332522 15.703499794006349 143.45731353759768 inf 15.209761142730715 39.468500137329109 0.37940952181816107 60.199998855590827 11.00500011444092 11.458605766296388 7.2525000572204599 13.585724353790285 30.902500152587894 1.3040096759796145 21.902500152587894 51.500000000000007 4.5201797485351571 56.058490753173835 28.050000190734867 992.95001220703136 36.01250076293946 194.64482879638675 0.37940952181816107
decision_type=10 10 8 2 8 8 8 10 2 8 8 8 8 10 10 10 10 10 10 10 8 8 2 8 10 10 8 10 2 10 8 8 10 10 8 2 10 10 10 8 2 8 8 10 8 2 10 8 8 10 8 2 10 2 8 8 8 8 10 8 10 8 2 8 8 10 8 10 2 10 2 10 10 10 10 10 10 10 2
left_child=2 3 40 7 71 6 -6 22 28 -10 11 16 13 14 15 -3 19 18 20 -11 -8 38 32 -19 25 65 27 -27 44 30 -23 -25 62 53 -15 49 -24 -21 -22 73 -1 -7 57 -37 45 -4 78 -48 -33 50 51 -14 67 54 -9 -56 -57 58 -43 -26 -61 -13 -2 64 -64 74 -67 -28 -30 -70 -35 -5 -51 -40 -12 -45 77 -44 -47
right_child=1 12 8 4 5 41 17 33 9 10 24 61 35 34 -16 -17 -18 23 -20 37 21 29 36 31 59 26 52 -29 68 -31 -32 48 -34 70 -36 43 -38 -39 39 -41 -42 42 76 75 -46 46 47 -49 -50 72 -52 -53 -54 -55 55 56 -58 -59 -60 60 -62 -63 63 -65 -66 66 -68 -69 69 -71 -72 -73 -74 -75 -76 -77 -78 -79 -80
leaf_value=-0.30633708947310723 -0.0064329692122861437 4.0896725253883854 -0.12648063955764652 0.60101506638078439 -0.44235797402580251 -0.25558144331067417 0.076274494200814752 0.61239046328857882 -0.14212412560286539 1.6300458847903851 -0.029336165796200717 0.097386658393188413 3.8722166463688237 0.22580553650915861 1.4471165842824167 8.7828707120994807 1.0963434546406186 3.183597492933421 -0.43768097563154379 4.4849752666298155 4.3080973389833277 5.1335573619690074 0.14343402436603128 2.7350607564708178 -0.016188378274892761 5.0486447358369819 0.68972042490520746 1.2279790134627828 -0.008081231065529694 5.5830686442983346 1.7130354358368789 2.203305619277431 -0.22151030189756885 0.10408211421459453 2.4130270385742185 1.2110992893275236 0.32094433754300095 7.0322525135199232 0.96680033732857396 3.5251955630381571 -0.18655212080434533 0.62475795523339028 0.40681435175794212 2.3986068651360801 -0.19341803888325956 0.14651392123473819 2.9202869716925282 0.09276560307056228 0.38694483096245941 1.1999210929837796 0.81750088376361518 1.296958165536187 0.14743046448451583 0.56398387133080596 3.5130909994337705 3.1436801791277902 0.6730473197043364 0.94902238057654531 4.0981405797247827 0.31082410285188927 2.3552117668499752 1.5494903946576868 3.7181134539547305 0.17410974719218372 0.4341105001021856 2.5878316012387339 0.55061717878769856 2.9375966441023698 0.97669844004996498 0.13135622807874273 0.51086781927252434 0.126225364931663 0.13151217108459107 2.7048525673410166 1.3260198274859329 0.71698358806776874 0.23147668323650661 2.315043893854452 -0.14378175800529597
leaf_weight=139150 20309 217 52539 2503 609 1087 228 1567 16322 202 2586 800 200 746 384 210 257 302 313 390 201 207 91192 273 6729 299 210 252 106945 353 286 220 14512 4857 272 6073 42108 224 622 375 103414 221 362 875 77057 16188 230 201 1746 544 5201 1539 528 4432 379 205 945 950 227 708 244 400 245 9670 847 221 1447 205 1165 5472 7841 13137 1676 206 280 202 3456 236 7525
leaf_count=139150 20309 217 52539 2503 609 1087 228 1567 16322 202 2586 800 200 746 384 210 257 302 313 390 201 207 91192 273 6729 299 210 252 106945 353 286 220 14512 4857 272 6073 42108 224 622 375 103414 221 362 875 77057 16188 230 201 1746 544 5201 1539 528 4432 379 205 945 950 227 708 244 400 245 9670 847 221 1447 205 1165 5472 7841 13137 1676 206 280 202 3456 236 7525
internal_value=0.0013057 0.302323 -0.13492 0.231245 0.559663 1.00753 1.57875 0.18486 -0.0374902 0.227209 0.604386 2.04441 1.19267 2.25645 4.06635 6.41293 3.6775 1.80963 2.42614 4.4881 2.78791 3.06253 0.146553 1.13177 0.365493 0.716943 1.77521 3.30665 -0.069478 4.17453 3.15672 0.853719 -0.00831072 0.523632 0.812005 1.07325 0.19951 5.4242 2.38999 2.06619 -0.255269 0.488391 0.636741 1.34288 -0.12727 -0.060797 0.0821345 1.60492 0.591217 0.862654 1.01257 1.59519 0.877825 0.807497 1.1558 1.71194 1.11581 1.41215 2.38992 0.089619 0.836727 0.582308 0.0912701 0.275629 1.17363 0.367919 0.821925 1.80451 0.0087468 0.279865 0.355292 0.202243 0.393743 1.40196 0.103495 2.08416 0.369064 1.1625 0.0543903
internal_weight=787558 245368 542190 227229 28120 12480 5941 199109 299626 32304 15982 2273 18139 1829 811 427 1073 5332 2791 816 2478 2250 178883 2541 13709 6028 1494 551 267322 846 493 2239 45583 20226 1018 16310 133300 614 1404 1203 242564 6539 5452 7150 153740 76683 24144 431 1966 9160 6940 1739 943 7528 3096 1529 1150 1398 448 7681 952 1200 31071 10762 1092 4534 1668 415 113582 6637 12698 15640 2220 828 2866 1077 4054 598 23713
internal_count=787558 245368 542190 227229 28120 12480 5941 199109 299626 32304 15982 2273 18139 1829 811 427 1073 5332 2791 816 2478 2250 178883 2541 13709 6028 1494 551 267322 846 493 2239 45583 20226 1018 16310 133300 614 1404 1203 242564 6539 5452 7150 153740 76683 24144 431 1966 9160 6940 1739 943 7528 3096 1529 1150 1398 448 7681 952 1200 31071 10762 1092 4534 1668 415 113582 6637 12698 15640 2220 828 2866 1077 4054 598 23713
is_linear=0
shrinkage=0.06


Tree=13
num_leaves=80
num_cat=0
split_feature=90 92 92 90 90 93 93 166 166 93 92 136 76 169 93 166 166 92 152 166 158 92 155 9 90 166 15 92 169 93 166 133 165 165 154 35 163 92 55 156 156 74 162 78 137 155 166 11 166 166 86 90 152 156 171 35 155 127 166 155 48 93 88 142 150 78 92 159 166 75 159 163 149 169 35 170 161 80 21
split_gain=8.08656e+06 3.38268e+06 1.75799e+06 669600 654286 560320 778525 3.13111e+06 6.06971e+06 2.56408e+06 623381 549512 465225 463195 382236 1.65658e+06 3.34385e+06 348092 339429 819361 326770 325146 321790 448643 255623 219511 326184 198893 190071 184901 181918 481569 157272 166119 157206 161568 194441 151298 146748 146243 144034 139713 133882 194812 130566 522799 127153 126603 126200 321574 353658 248588 366567 575925 525567 425226 399117 269062 122869 121141 120575 119003 112123 109719 99785.7 97600.6 97246.8 97081 95940.8 93160.3 118689 91419.3 184516 90860.7 130073 162642 121289 106231 99365.1
threshold=17.769937515258793 41.654033660888679 13.265044689178469 8.1001524925231951 33.728292465209968 69.34418106079103 40.032255172729499 6.5000000000000009 5.0000000000000009 53.128808975219734 15.859814643859865 35.622936248779304 91.225002288818374 0.43733377754688268 34.430917739868171 6.5000000000000009 5.0000000000000009 24.089902877807621 1.1267669200897219 13.000000000000002 6.5000000000000009 17.379458427429203 20.150000572204593 94.038501739501967 43.191265106201179 10.500000000000002 36.757602691650398 26.049478530883793 -0.63255557417869557 106.3719825744629 10.500000000000002 16.956250190734867 0.9238443672657014 0.97988739609718334 1.1759133338928225 208.91738891601565 42.500000000000007 4.6417047977447519 1.2432907819747927 36.500000000000007 67.500000000000014 50.33485412597657 11.150000095367433 5.2509999275207528 0.12029058113694192 21.349999427795414 19.500000000000004 47.010000228881843 5.0000000000000009 10.500000000000002 11.101500034332277 11.385919570922853 0.97078654170036327 87.500000000000014 8.5000000000000018 105.5709686279297 29.050000190734867 -57.197868347167962 10.500000000000002 29.849999427795414 10.221499919891359 7.6474556922912607 9.677500247955324 0.31729258596897131 1.1980076432228091 11.500999927520754 16.251796722412113 992.64999389648449 5.0000000000000009 -29.414500236511227 985.04998779296886 972.50000000000011 6.1499998569488534 -0.61913973093032826 101.3999481201172 0.6174544394016267 88.500000000000014 57.859998703002937 64.264999389648452
decision_type=10 10 10 8 8 10 8 2 2 10 8 10 2 2 10 2 2 8 10 2 8 10 10 8 8 2 8 8 2 10 2 10 10 10 8 10 8 10 8 8 8 10 8 8 10 10 2 10 2 2 10 10 8 10 2 8 10 8 2 10 8 10 8 10 10 8 10 10 2 8 10 8 8 2 10 2 10 8 10
left_child=2 4 3 37 5 6 17 8 -8 10 -10 14 24 29 27 16 -16 64 -7 -20 22 -18 -14 -24 32 26 -15 48 -11 73 31 -9 59 -34 -28 36 -36 -1 -27 -38 58 -12 43 -29 45 -26 61 -22 -4 50 51 52 -50 55 -55 56 -54 -57 68 60 -3 -40 -46 -56 -2 -64 -53 -45 -5 70 -67 72 -19 74 76 -76 78 -78 -6
right_child=1 12 11 40 13 18 7 30 9 28 41 -13 20 25 15 -17 21 71 19 -21 47 -23 23 -25 44 38 34 42 -30 -31 -32 -33 33 -35 35 -37 39 -39 46 -41 -42 -43 -44 67 62 -47 -48 -49 49 -51 -52 66 53 54 63 57 -58 -59 -60 -61 -62 -63 65 -65 -66 69 -68 -69 -70 -71 -72 -73 -74 -75 75 -77 77 -79 -80
leaf_value=-0.33440033867286489 0.090482700124768806 2.1273582261537802 -0.10475135756371098 -0.10615563189186102 0.99491249764874823 -0.27770392260231502 -0.12505316874639213 0.24077219593441695 2.8123274448284739 -0.38615802441642977 6.7034137274365904 2.7859810566969894 1.5134801584182895 3.2714025503635407 -0.37141106454403316 -0.18980485456001123 6.2927085351943974 2.0371694648676577 3.8629626626234783 -0.43031928767280264 -0.16635701349377632 3.4652317379633586 6.0467313682269577 2.2615187835025972 -0.4150401549954939 1.8607362642774457 0.62386843623075749 2.5075413786089316 2.0389241866504038 -0.18564175603907013 -0.1068317979933612 3.317739990753914 2.7348194185940615 0.4230192661110948 3.1413902245316287 0.78305900597513833 2.1959111793990789 -0.2261018716581091 0.78356913651581162 0.8887038529174246 -0.14986240765601083 4.8977314719157432 0.17067678480963144 0.37358737664915331 0.13357573583212964 3.2957167186663132 0.8602962142158227 1.7001624891691358 -0.18058910969290312 -0.030824124410783391 0.042010936673264561 0.088254219836696984 0.47551431429095381 4.2105745864250288 0.16493133448330419 1.7814593463970991 3.8282186704256862 0.033870950311441494 -0.098912562026405568 0.043568293804669728 0.62373072230148763 0.080790131002450916 -0.18555943212679868 2.0698489517755281 0.23381384901553118 1.0093082944552103 0.47143846459391137 1.5887310676997708 0.14637209181641384 1.0981591280157332 2.8625448989510534 0.17428269770196042 0.3469620395318897 0.15866724263621412 0.18127584169941782 0.95510812813999102 0.35909428457944109 1.8360416586236519 2.8115458975294052
leaf_weight=73271 84834 203 26148 8023 235 11625 2120 2060 207 253 980 263 350 224 804 3181 449 233 246 454 209 224 202 258 211 284 2872 204 214 2617 6800 200 248 204 265 1451 483 126861 1214 855 128984 200 4661 1569 438 386 2018 348 1113 76026 24704 5900 245 354 223 378 267 1944 50711 1356 3326 3033 205 212 22026 251 4001 278 16664 11166 249 13235 37852 4296 4004 1293 867 219 203
leaf_count=73271 84834 203 26148 8023 235 11625 2120 2060 207 253 980 263 350 224 804 3181 449 233 246 454 209 224 202 258 211 284 2872 204 214 2617 6800 200 248 204 265 1451 483 126861 1214 855 128984 200 4661 1569 438 386 2018 348 1113 76026 24704 5900 245 354 223 378 267 1944 50711 1356 3326 3033 205 212 22026 251 4001 278 16664 11166 249 13235 37852 4296 4004 1293 867 219 203
internal_value=0.00119128 0.300896 -0.122194 -0.187742 0.23051 0.190314 0.218441 0.664138 2.06805 4.57452 5.86848 0.0509414 1.0545 0.509597 0.0462183 0.581337 2.24114 0.181712 -0.200408 1.08182 2.12198 5.35815 2.89082 3.93323 0.974399 0.770788 1.02822 0.0293985 0.727104 0.268051 0.0481773 0.514417 0.624943 1.69468 0.942895 1.24261 1.65783 -0.265753 0.528916 1.36188 -0.111353 6.40177 0.348507 0.752356 1.11885 1.98571 0.468256 1.00076 0.0142609 0.0412358 0.180488 0.414187 0.771668 1.06417 2.49693 0.664547 2.22795 0.319006 -0.0454722 0.525636 0.710803 0.281816 1.07665 1.09592 0.120028 1.11143 0.243131 0.557245 0.0643024 1.13424 1.93609 0.310147 0.357356 0.37486 0.510979 0.370313 0.99933 0.658347 1.84135
internal_weight=787244 229582 557662 404514 209972 183539 171214 13034 3974 1854 1387 153148 19610 26433 152885 4658 1477 158180 12325 700 1367 673 810 460 18243 12699 6150 148227 467 13734 9060 2260 5337 452 5926 3054 1603 200132 6549 1338 204382 1180 6712 2051 12906 597 6265 557 141515 115367 39341 14637 4736 3623 789 2834 512 2322 75398 4885 3529 4247 12309 435 106860 11871 9901 1847 24687 11666 500 51320 38085 11117 6821 5297 1524 1086 438
internal_count=787244 229582 557662 404514 209972 183539 171214 13034 3974 1854 1387 153148 19610 26433 152885 4658 1477 158180 12325 700 1367 673 810 460 18243 12699 6150 148227 467 13734 9060 2260 5337 452 5926 3054 1603 200132 6549 1338 204382 1180 6712 2051 12906 597 6265 557 141515 115367 39341 14637 4736 3623 789 2834 512 2322 75398 4885 3529 4247 12309 435 106860 11871 9901 1847 24687 11666 500 51320 38085 11117 6821 5297 1524 1086 438
is_linear=0
shrinkage=0.06


Tree=14
num_leaves=80
num_cat=0
split_feature=90 90 90 167 93 93 95 35 76 40 93 167 55 76 169 159 158 74 76 156 144 76 163 151 90 167 93 151 160 93 156 90 93 145 93 93 167 166 71 165 5 118 81 99 158 169 16 159 166 169 158 167 16 156 167 93 106 144 161 145 166 160 169 79 156 165 148 96 156 29 156 167 124 93 156 117 146 170 170
split_gain=7.10645e+06 2.75627e+06 1.37011e+06 713145 2.01351e+06 7.4196e+06 2.61185e+06 1.08663e+06 552648 474759 399612 4.59393e+06 873751 378251 357112 681008 1.17498e+06 301121 286604 268620 263290 717394 194287 225390 248353 181610 184025 1.33617e+06 766817 181346 179654 170651 168304 155480 155200 153711 153162 166573 263181 224404 159118 137308 220464 205549 182307 138502 134684 169787 133934 123708 172404 121900 133979 118920 144013 118602 116841 112570 111217 107115 106481 106321 101713 99853.8 99817.9 99743.3 105500 98969.9 171763 95464.4 91394 122764 112273 98724.7 88520.6 81769 78736 127160 78535.3
threshold=17.769937515258793 41.00279617309571 8.4813294410705584 0.98296290636062633 34.430917739868171 60.713041305541999 13.799999713897707 381.89773559570318 44.737499237060554 11.801000118255617 40.032255172729499 0.98296290636062633 6.4517168998718271 24.126500129699711 0.9731498956680299 987.54998779296886 3.5000000000000004 54.796348571777351 13.202499866485597 73.500000000000014 5.0000000000000009 91.225002288818374 852.50000000000011 106.50000000000001 77.294013977050795 0.37940952181816107 48.675550460815437 97.500000000000014 7.8500001430511483 42.317422866821296 51.500000000000007 28.492875099182132 1.6343916654586794 23.250000000000004 44.439010620117195 132.52664947509768 -0.37940952181816096 2.5000000000000004 60.447168350219734 0.078456107527017607 140.0100021362305 23.349524497985843 92.950000762939467 -13.978888511657713 11.500000000000002 0.99628883600234996 24.698990821838382 980.45001220703136 21.000000000000004 -0.70898476243019093 31.500000000000004 -0.6035533845424651 85.945381164550795 74.500000000000014 0.37940952181816107 69.34418106079103 75.720832824707045 5.0000000000000009 87.500000000000014 85.299999237060561 5.0000000000000009 8.6500000953674334 -0.99815973639488209 8.0009999275207537 30.500000000000004 0.608738273382187 0.32127165794372564 274.25000000000006 57.500000000000007 324.01499938964849 78.500000000000014 0.37940952181816107 108.14583206176759 4.6071314811706552 28.500000000000004 -7.795229196548461 0.97225478291511547 0.25829915702342993 -0.39036008715629572
decision_type=10 10 8 2 10 10 10 8 2 10 10 2 8 2 2 10 10 10 2 10 2 2 10 8 10 2 10 10 10 10 8 10 10 8 10 10 2 2 8 10 8 8 10 10 8 2 8 8 2 2 10 2 10 8 2 10 8 2 8 10 2 8 2 8 8 10 8 10 10 8 8 2 8 8 8 10 8 2 2
left_child=2 3 32 13 30 6 7 9 14 -6 18 64 -13 19 35 22 -17 63 53 25 21 -10 23 59 51 46 62 49 -29 -21 -5 33 -1 -15 -14 36 -3 -38 58 -40 -41 42 -22 -44 45 56 47 -2 -48 50 69 -25 -53 54 -4 -7 -43 -35 -39 -16 -56 78 -27 -11 -12 -62 -67 -34 -69 -28 71 -20 -73 -74 -50 -24 77 -37 -60
right_child=1 8 10 4 5 55 -8 -9 20 17 11 12 34 31 15 16 -18 -19 70 29 41 -23 75 24 -26 26 27 28 -30 -31 -32 -33 67 57 -36 76 37 38 39 40 -42 44 43 -45 -46 -47 48 -49 74 -51 -52 52 -54 -55 60 -57 -58 -59 61 -61 65 -63 -64 -65 -66 66 -68 68 -70 -71 -72 72 73 -75 -76 -77 -78 -79 -80
leaf_value=-0.2768742816327705 1.7648369558883459 0.24736012828329518 -0.095790783041530866 0.64461160923406757 3.0896566319580261 0.65948735983376683 -1.0395195139736257 1.3137567619306851 1.2728975782921261 5.4074572253738866 1.0735597861635273 1.0633744941932566 6.4004511104424795 1.8440643631678457 0.75904522377041028 6.575256678978934 0.18117121625836324 4.0201386149961555 0.0080934174163498976 0.049342397714998237 1.0729219836363599 4.649897610972733 -1.0238807032234394 0.099147690629765181 3.4069148963051181 1.4819782928691099 -0.18101612691603877 1.2752336790593184 6.2471864234530239 -0.26317462780596146 0.15722967316708678 0.41570806470159816 -0.17671030611952884 0.46757913678314927 4.5094101263974844 -0.43189400169210362 0.16507351627201 1.947438134866504 0.59581087747693051 4.0130441147254574 1.6854725921720686 2.2549573859897269 3.8320807655575204 1.327383168702448 0.23823470631560401 2.4100796818798527 0.028204623879806594 0.02074380775962496 0.62487181223146415 -0.074338034359385519 2.2526377928516732 2.4040713539488867 0.8122903327240224 -0.13459337018003972 -0.11031032436959819 -0.50274197295150147 0.77833090722410181 0.16201093278523337 -0.10594381773591041 -0.75955291989124396 0.063687754743012845 0.015983443880650382 0.20888454150452598 6.8830198122396693 -0.28378454320792207 1.6872645071594481 0.3088303897087572 2.023765341779634 -0.28292922321221098 1.3245786574654346 -0.03615967719433856 0.043264034152939626 0.11848711353796797 0.43787228440505599 0.18289221667923841 0.53856398297945662 -0.32163792214914344 1.664492461929481 1.0584185446440264
leaf_weight=123452 386 4221 64159 3250 207 360 278 225 1472 232 202 206 359 207 441 208 205 200 44646 19275 7674 267 259 291 209 227 460 226 221 10232 16763 21845 101312 4944 303 207 1260 233 249 215 212 210 205 280 1657 240 43441 418 1939 1842 217 351 418 106145 9743 2546 2301 35514 249 268 19316 804 25147 897 4994 208 4621 200 275 225 50598 13008 6561 7431 10265 224 1376 208 1277
leaf_count=123452 386 4221 64159 3250 207 360 278 225 1472 232 202 206 359 207 441 208 205 200 44646 19275 7674 267 259 291 209 227 460 226 221 10232 16763 21845 101312 4944 303 207 1260 233 249 215 212 210 205 280 1657 240 43441 418 1939 1842 217 351 418 106145 9743 2546 2301 35514 249 268 19316 804 25147 897 4994 208 4621 200 275 225 50598 13008 6561 7431 10265 224 1376 208 1277
internal_value=0.000149384 0.281034 -0.115521 0.204073 0.504327 1.58837 4.36199 5.21481 0.842389 5.78503 -0.0381207 0.444447 4.48233 0.16174 0.565207 1.1578 3.40954 6.20221 -0.0470864 0.0969428 1.10167 1.79376 0.778689 1.04202 1.52046 0.151079 0.274356 0.703737 3.74186 -0.0590329 0.236406 0.280449 -0.229779 0.20778 5.54302 0.40308 0.507055 0.750594 0.978246 2.03069 2.86407 1.00576 1.1516 2.39178 0.735617 1.03501 0.0886939 0.859234 0.0775453 0.207642 0.782925 1.14565 1.54102 -0.0905861 -0.0429432 -0.358586 0.902673 0.199362 0.699977 0.184758 0.0571113 0.574449 0.220332 6.58486 -0.23082 0.124671 0.368541 -0.172657 0.690522 0.314732 0.0255741 0.0691717 0.170164 0.288128 0.25316 -0.299653 -0.103153 0.6203 0.868483
internal_weight=787419 229680 557739 201989 24958 4945 2039 1761 27691 1536 332500 6064 868 177031 13385 2874 413 1329 326436 114521 14306 1739 2461 1978 1269 85014 28565 3191 447 29507 20013 62510 225239 40665 662 10511 8720 4499 3239 676 427 12567 8159 485 4408 2751 56449 804 55645 2744 902 1060 769 204192 98047 2906 2511 40458 2563 709 33888 2330 25374 1129 5196 24145 4829 101787 475 685 122244 71646 27000 13992 12204 483 1791 415 1526
internal_count=787419 229680 557739 201989 24958 4945 2039 1761 27691 1536 332500 6064 868 177031 13385 2874 413 1329 326436 114521 14306 1739 2461 1978 1269 85014 28565 3191 447 29507 20013 62510 225239 40665 662 10511 8720 4499 3239 676 427 12567 8159 485 4408 2751 56449 804 55645 2744 902 1060 769 204192 98047 2906 2511 40458 2563 709 33888 2330 25374 1129 5196 24145 4829 101787 475 685 122244 71646 27000 13992 12204 483 1791 415 1526
is_linear=0
shrinkage=0.06


Tree=15
num_leaves=80
num_cat=0
split_feature=91 91 167 93 93 105 92 100 47 80 89 76 156 164 40 90 167 162 19 145 83 89 156 160 163 97 91 93 167 93 167 135 90 49 18 87 156 76 16 92 16 162 2 166 73 12 84 76 84 166 47 76 76 170 156 151 153 90 89 161 55 145 90 163 91 93 48 84 158 93 90 63 80 83 93 93 163 91 151
split_gain=6.35931e+06 3.35194e+06 1.12003e+06 3.05636e+06 9.2348e+06 2.20665e+06 753762 645267 1.34002e+06 549029 506433 388313 350093 342085 440420 304257 267843 273292 247573 232645 1.21692e+06 316418 216874 369776 262069 272713 206181 195991 189972 183797 1.86363e+06 176487 563315 379752 371221 256530 179882 168503 162298 238981 159903 158111 148149 144745 199141 325933 164914 135706 133524 129850 124720 122887 122013 119514 118172 116320 126580 105603 104894 104878 99892.8 284324 102025 96562.6 96057.9 87603.8 86210.1 84934.1 84776.4 129496 88037.1 83955.2 82828.6 82551.7 81840.5 81682.9 80336.9 77930.4 151628
threshold=14.131915092468263 38.815034866333015 0.98296290636062633 40.032255172729499 60.713041305541999 1063.549987792969 8.2846126556396502 -64.644779205322251 8.2034997940063494 22.106499671936039 38.003499984741218 44.737499237060554 73.500000000000014 0.1650413200259209 34.579500198364265 19.970352172851566 0.37940952181816107 13.34999990463257 287.75599670410162 60.199998855590827 7.9260001182556161 8.0805830955505389 26.500000000000004 5.2500000000000009 1352.5000000000002 109.0458335876465 24.366086006164554 69.34418106079103 -0.37940952181816096 40.032255172729499 0.98296290636062633 -1.0703234672546384 12.872083187103273 24.899000167846683 254.93000030517581 11.00500011444092 78.500000000000014 10.501500129699709 171.13166046142581 51.686117172241218 79.232353210449233 1.7500000000000002 18.994999885559086 2.5000000000000004 53.990392684936531 168.00749969482425 18.420000076293949 9.1765003204345721 10.802500247955324 21.000000000000004 32.651500701904304 5.3415000438690194 20.201499938964847 0.34840355813503271 31.500000000000004 48.500000000000007 46.45000076293946 17.249472618103031 12.957582950592043 90.500000000000014 1.2432907819747927 50.350000381469734 31.039169311523441 147.50000000000003 30.35908126831055 21.299491882324222 40.368499755859382 20.709000587463382 8.5000000000000018 5.4661352634429941 64.883083343505874 64.727500915527358 39.970998764038093 7.0009999275207528 5.2876708507537851 18.258405685424808 1597.5000000000002 28.1137228012085 130.50000000000003
decision_type=10 8 2 8 8 8 8 8 8 10 8 2 10 10 8 10 2 8 8 8 8 8 8 10 10 10 10 10 2 10 2 8 10 8 8 8 8 2 10 10 10 10 10 2 8 10 8 2 8 2 10 2 2 2 8 8 8 8 10 10 8 8 10 10 10 10 10 10 10 10 10 8 10 8 10 10 10 10 10
left_child=6 2 9 31 5 -5 51 8 -3 12 18 22 16 14 -10 29 49 19 58 20 -18 -22 23 -9 25 42 -11 40 -24 37 -31 -4 33 71 35 -35 63 -8 68 -40 -6 -21 -25 -30 52 46 -46 -14 -23 60 -15 -1 -45 77 65 -41 -57 -39 -7 -48 61 -2 -63 74 73 -51 -37 -66 70 -70 -13 -33 -17 -38 -34 -62 -28 -19 -79
right_child=1 7 3 4 27 10 15 11 13 26 -12 38 47 50 -16 72 17 53 -20 41 21 48 28 24 -26 -27 76 -29 43 30 -32 32 36 34 -36 66 64 57 39 55 -42 -43 -44 44 45 -47 59 -49 -50 54 -52 -53 -54 -55 -56 56 -58 -59 -60 -61 75 62 -64 -65 67 -67 -68 -69 69 -71 -72 -73 -74 -75 -76 -77 -78 78 -80
leaf_value=-0.28250759863455649 2.1859588764421725 6.2465071030794563 0.036972113444968757 -1.1888611060203806 2.0920516170890986 5.7192581834762226 -0.13896763715671612 3.2530619259641718 4.2919118058847054 0.14239636974859096 2.5471800938599247 0.95737312209654513 -0.25418424906194648 -1.1777997745146209 0.8841404915334069 0.27978476879083575 5.3270048395303284 0.14719174468866703 4.3699759966499947 1.4663713258158071 2.8380901842947934 1.4493184844136799 0.1467759650151241 2.2772668107247354 0.11298489306203743 3.3779381809806068 0.36627478526916463 -0.37199773862128993 0.20789832166410019 -0.2407043509847826 4.5012795353760291 -0.61174986070862003 0.23238663846567742 2.7473359635442396 3.7476647470896234 1.1556124439598385 0.85339829972918813 -0.058778595732777335 0.88595582260380179 3.3816110468647196 -0.043193745877632694 0.25723809254950714 0.60237018735185266 0.10831067085681638 2.2198456079136712 3.628985056134217 1.757750926622446 -0.031269524543827115 0.22578438581291327 0.39920498796037718 0.92812293329790452 -0.18472144590997866 0.8753384786970978 -0.066193701032164723 0.1107834727307398 0.6423384042084217 2.5688744986550822 0.14843031304989482 6.8809665582076356 0.19174013742834181 0.012758698630126067 -0.029866395179864759 1.3761195725042905 0.12377611263074612 1.6034522681146861 1.3866746578253706 -0.37675313681294753 0.2663375039267189 0.98715367873027715 0.31167579361274567 1.5080849791222095 0.94175129744874408 0.98057951659717546 -0.040578455867106698 0.72472483279698874 -0.16492756789018403 0.069819480546869886 0.36097756197789388 2.133998665006748
leaf_weight=103507 279 235 11823 201 225 926 142864 247 215 42070 203 5016 13681 203 373 4428 203 16272 391 398 201 367 4671 249 1048 208 33153 2965 1870 2128 346 305 1755 298 312 343 388 104874 861 258 286 16157 799 1225 310 208 206 34937 2524 2449 200 83676 1912 11050 17107 203 313 9670 459 602 62688 1612 209 2456 249 372 214 543 2659 1661 1325 211 703 8437 3962 10938 3654 1281 200
leaf_count=103507 279 235 11823 201 225 926 142864 247 215 42070 203 5016 13681 203 373 4428 203 16272 391 398 201 367 4671 249 1048 208 33153 2965 1870 2128 346 305 1755 298 312 343 388 104874 861 258 286 16157 799 1225 310 208 206 34937 2524 2449 200 83676 1912 11050 17107 203 313 9670 459 602 62688 1612 209 2456 249 372 214 543 2659 1661 1325 211 703 8437 3962 10938 3654 1281 200
internal_value=0.00026409 0.198047 0.14191 0.451838 1.7353 4.79574 -0.146623 0.83813 2.1827 0.0997736 5.40386 0.774281 0.0452471 1.21371 2.13535 -0.0815186 0.0921611 0.206775 5.72877 0.378066 0.838428 0.542111 0.55273 1.05113 0.813763 1.39793 0.233138 -0.184912 0.437104 -0.0905525 0.424034 0.219836 0.330854 1.37973 1.9786 1.32942 0.231555 -0.0955 1.01845 1.5753 0.899233 0.286394 1.00211 0.651183 0.836831 1.45313 1.04544 -0.0940012 0.381554 0.0338627 -0.132966 -0.238796 0.575944 0.0887186 0.170132 2.34 1.81366 -0.0412845 6.10894 0.592675 -0.00199973 0.40594 0.132168 0.438497 0.0556583 0.529866 0.567256 0.68821 0.932911 0.727571 1.07267 0.0240925 0.375973 -0.00118163 0.573654 -0.0136405 0.336847 0.185139 0.601692
internal_weight=788027 335831 308754 36952 5656 2180 452196 27077 1226 271802 1979 25851 192925 991 588 265013 144307 48653 1776 19850 3295 3092 13555 2551 2304 1256 78877 3476 11004 259882 2474 31296 19473 1683 1167 855 17790 257408 12296 1635 511 16555 1048 6333 4463 1326 1118 48618 2891 95654 403 187183 3137 28803 19928 774 516 114544 1385 808 75726 2100 1821 8173 9617 2821 557 792 10661 4320 6341 516 5131 8825 5717 73626 36807 17753 1481
internal_count=788027 335831 308754 36952 5656 2180 452196 27077 1226 271802 1979 25851 192925 991 588 265013 144307 48653 1776 19850 3295 3092 13555 2551 2304 1256 78877 3476 11004 259882 2474 31296 19473 1683 1167 855 17790 257408 12296 1635 511 16555 1048 6333 4463 1326 1118 48618 2891 95654 403 187183 3137 28803 19928 774 516 114544 1385 808 75726 2100 1821 8173 9617 2821 557 792 10661 4320 6341 516 5131 8825 5717 73626 36807 17753 1481
is_linear=0
shrinkage=0.06


Tree=16
num_leaves=80
num_cat=0
split_feature=90 90 90 76 167 136 35 74 81 136 82 167 134 82 33 137 171 81 89 144 76 171 89 16 76 156 154 109 88 137 19 163 35 167 156 81 35 83 89 80 153 47 155 55 167 72 137 90 29 90 167 81 61 47 62 166 161 145 156 62 137 76 90 16 53 82 156 76 140 27 153 118 151 49 35 61 69 141 159
split_gain=5.59242e+06 2.09453e+06 1.11258e+06 559312 532805 645352 689428 857609 699161 441272 385147 351773 700910 806722 629449 960239 431930 407264 313684 312914 628284 302853 277421 262659 257645 253515 223339 445812 218533 218335 217976 217346 275042 194360 191886 175651 237008 205657 311480 174158 173092 198271 169566 266273 162640 230504 162443 162092 147416 140957 140311 131573 129444 150646 120419 118996 130364 320630 116869 126422 136652 115833 115373 113559 204757 113520 113063 110817 109606 107013 106927 155087 636378 122406 106409 103720 100563 98858.9 97809.9
threshold=17.769937515258793 34.817499160766609 8.4813294410705584 44.737499237060554 0.98296290636062633 19.540696144104007 301.30578613281256 26.394699096679691 15.152499675750734 7.1126592159271249 10.428999900817873 0.98296290636062633 9.3815002441406268 8.4774999618530291 216.9534606933594 0.67640167474746715 8.5000000000000018 8.6275000572204608 18.372916221618656 5.0000000000000009 91.225002288818374 4.5000000000000009 55.250000000000007 146.28709411621097 16.202500343322757 70.500000000000014 1.4723073244094851 -236.11900329589841 10.801500320434572 0.38457177579402929 23.755000114440922 42.500000000000007 199.44539642333987 0.37940952181816107 74.500000000000014 44.558500289916999 181.22353363037112 12.308000087738039 7.3250832557678232 28.707500457763675 14.949999809265138 8.4024996757507342 8.9499998092651385 14.054553985595705 0.37940952181816107 78.304973602294936 0.57362511754035961 22.536557197570804 153.33649444580081 4.6373302936553964 0.37940952181816107 29.82350063323975 38.927499771118171 32.128999710083015 182.81000518798831 6.5000000000000009 307.50000000000006 34.549999237060554 36.500000000000007 inf 0.81010895967483532 10.296000003814699 24.602583885192875 171.13166046142581 63.240766525268562 1.9510000348091128 54.500000000000007 9.4024996757507342 13.050000190734865 198.01999664306643 14.949999809265138 -18.344265937805172 105.50000000000001 14.802500247955324 68.296131134033217 inf 135.72499847412112 17.650000572204593 990.75000000000011
decision_type=10 8 8 2 2 8 8 10 8 10 8 2 8 10 8 8 2 8 10 2 2 2 10 8 2 8 10 8 8 10 10 8 8 2 10 10 10 10 10 10 10 8 8 10 2 10 10 10 10 8 2 8 8 10 8 2 10 8 8 8 10 2 10 10 10 8 10 2 10 10 8 8 10 8 8 8 8 8 10
left_child=2 4 9 21 24 -6 7 8 18 49 -10 25 66 14 15 16 17 -14 29 20 -5 26 23 35 34 33 31 -28 -25 -7 -16 32 -3 -4 50 36 37 38 -9 67 44 -42 43 -32 -21 -46 -40 -12 68 -1 -2 -43 -17 76 -15 -35 -57 -58 -8 -60 -61 -27 -26 -53 -65 -52 -13 -23 -44 -59 73 72 -72 -33 -67 -56 -54 -77 -71
right_child=1 3 11 19 5 6 58 22 10 -11 47 12 13 54 30 52 -18 -19 -20 40 -22 39 -24 28 62 61 27 -29 -30 -31 42 70 -34 55 -36 -37 -38 -39 46 -41 41 51 48 -45 45 -47 -48 -49 -50 -51 65 63 53 -55 75 56 57 69 59 60 -62 -63 -64 64 -66 74 -68 -69 -70 78 71 -73 -74 -75 -76 77 -78 -79 -80
leaf_value=-0.26990710879813445 0.0049881334707199756 2.7378174787527692 -0.044315955938127337 1.1567549577957581 0.17437424876125188 3.1419310431882561 1.4641967333159467 0.26509004456651153 3.6170607373481842 2.0930867445036769 -0.02556399002292704 0.38509153014914849 5.3558106978645537 -0.016468524583634337 -0.27059566270592483 0.27042686962753687 1.500748439143077 2.2935036797435169 1.7559683452872341 0.1797435329233231 4.1067388620516914 -0.33550241639091999 -0.60320220097192789 3.6923182813078164 0.13121883670442888 -0.17123408652627969 4.0763069663791383 0.76928625662655581 1.1245973711586754 5.5795131990213518 0.34089119152826014 -1.3624126808501 0.79280607086347721 -0.031942984158996379 -0.16549284138408643 -0.41162878052970564 0.30208031523800372 0.62657757192515884 4.1797496662831914 0.50644566343161801 2.439875576741946 0.12350788806831756 0.66908797967481592 2.8310349858803763 0.6357124414466816 2.4083970001839821 1.9031501240513784 1.7093037893871466 0.047905065531819432 -0.17218269410989953 1.4429154839699287 0.88786053377223861 0.20248055063037457 2.7265265238340666 0.17446059825408916 0.11878432103139627 2.4925787890625997 0.13187899034820683 -0.017509176205237294 2.2104971714699504 0.084846105137445282 -0.065379646511492681 0.25587501918840727 2.5750168882366617 0.90425297296334251 1.5421893996848828 -0.15886889474289928 0.19787896916180073 2.0061325137256016 0.29618978365041698 -0.531960431191286 0.52250552101751357 4.0264371078148065 0.24706337566257813 0.19905758782758573 2.2220720646656176 1.749921564416145 0.40476989412570702 1.2015099226157508
leaf_weight=86142 24694 360 99316 1647 13882 248 246 205 204 299 464 1498 357 8589 1118 954 405 282 214 2477 308 1985 484 207 71045 62868 202 532 283 297 308 200 957 14778 14807 426 1166 534 235 5067 313 715 1265 310 1793 309 222 332 1377 138701 279 7782 370 200 649 24290 262 3125 3159 202 235 91205 42854 423 705 215 16714 4770 267 918 227 7942 213 1106 12646 230 255 203 808
leaf_count=86142 24694 360 99316 1647 13882 248 246 205 204 299 464 1498 357 8589 1118 954 405 282 214 2477 308 1985 484 207 71045 62868 202 532 283 297 308 200 957 14778 14807 426 1166 534 235 5067 313 715 1265 310 1793 309 222 332 1377 138701 279 7782 370 200 649 24290 262 3125 3159 202 235 91205 42854 423 705 215 16714 4770 267 918 227 7942 213 1106 12646 230 255 203 808
internal_value=-0.000955717 0.248142 -0.103538 0.642526 0.164948 0.434034 0.818956 1.24839 2.34169 -0.206557 1.29751 -0.0338696 0.145067 0.420458 0.888854 1.5953 3.03899 4.01007 3.71391 0.910749 1.62337 0.454974 0.736712 0.934676 0.127388 -0.0551275 0.67084 1.6837 2.21464 4.47809 0.459258 0.603139 1.32615 0.00225786 0.0176128 0.709004 0.911206 1.5043 2.2103 0.240585 0.814675 0.955326 0.690621 1.59255 0.509274 0.897323 3.0804 0.699261 0.49853 -0.209624 0.0892769 0.9068 0.746848 1.29677 0.0587062 0.106951 0.176759 0.452097 0.201687 0.114936 1.07022 -0.108573 0.178122 0.969636 1.53252 0.247668 -0.114108 0.041115 0.903267 0.3414 0.504726 0.583399 1.67884 -0.000264569 0.221629 0.654913 0.835623 1.37298 0.720452
internal_weight=787881 229818 558063 40033 189785 23245 9363 5521 1759 225142 1000 332921 35351 17139 7468 2823 1044 639 759 16472 1955 23561 3762 3278 166540 297570 11739 734 490 545 4645 11005 1317 143497 52641 2788 2362 1196 662 11822 14517 9938 3527 618 4579 2102 457 796 2909 224843 37834 9625 1779 825 9671 44181 29403 5113 3842 3596 437 154073 113899 8910 1128 13140 18212 6755 1532 4851 9688 8382 440 1306 12861 1082 625 433 1726
internal_count=787881 229818 558063 40033 189785 23245 9363 5521 1759 225142 1000 332921 35351 17139 7468 2823 1044 639 759 16472 1955 23561 3762 3278 166540 297570 11739 734 490 545 4645 11005 1317 143497 52641 2788 2362 1196 662 11822 14517 9938 3527 618 4579 2102 457 796 2909 224843 37834 9625 1779 825 9671 44181 29403 5113 3842 3596 437 154073 113899 8910 1128 13140 18212 6755 1532 4851 9688 8382 440 1306 12861 1082 625 433 1726
is_linear=0
shrinkage=0.06


Tree=17
num_leaves=80
num_cat=0
split_feature=92 91 92 92 47 151 34 167 139 137 35 82 167 106 169 86 73 16 87 155 92 85 55 85 81 55 92 83 76 167 151 73 45 156 162 167 169 100 156 169 16 83 151 35 136 91 92 85 160 44 136 55 168 161 127 155 35 159 76 144 80 92 74 35 43 137 151 136 151 156 14 156 76 82 155 80 170 16 159
split_gain=5.11966e+06 2.30279e+06 1.08953e+06 570158 504578 1.85317e+06 1.02081e+06 492669 850184 1.27137e+06 974652 620960 448752 628158 943595 845848 427919 967765 391984 352165 330328 322654 318602 317081 283878 272418 286615 420245 264625 247681 292367 1.09059e+06 242049 242037 233864 223872 341823 222985 217030 212498 218406 203932 528330 780965 183439 182795 179050 171002 170073 164441 162643 161939 203337 358991 167739 196797 488897 227088 160632 278389 149900 147223 143566 425299 139332 137768 127972 126680 125234 121161 120201 120124 115529 121496 114308 228501 110455 183222 133078
threshold=17.489739418029789 49.328924179077156 10.575098037719728 30.377414703369144 8.2034997940063494 105.50000000000001 212.11189270019534 0.98296290636062633 0.8603692650794984 0.48978489637374883 293.24739074707037 11.105000019073488 0.98296290636062633 2180.1875000000005 0.14250627160072329 10.203999996185305 24.195114135742191 67.090816497802749 9.1984996795654315 21.349999427795414 26.372406005859379 8.4024996757507342 7.0702590942382821 7.1015000343322763 9.6010003089904803 3.1800196170806889 14.677316665649416 10.000999927520754 15.468500137329103 -0.37940952181816096 143.50000000000003 61.855516433715827 32.676500320434577 74.500000000000014 2.2500000000000004 0.37940952181816107 -0.99940761923789967 180.5397872924805 40.500000000000007 -0.35846811532974238 204.31145477294925 10.500999927520754 112.50000000000001 179.96861267089847 -4.6841065883636466 22.399454116821293 5.2290172576904306 10.402499675750734 13.050000190734865 21.068499565124515 -9.4558720588684064 20.499210357666019 0.78656607866287243 327.50000000000006 -74.518875122070298 28.050000190734867 254.50952911376956 993.95001220703136 91.225002288818374 13.000000000000002 8.6460003852844256 25.253154754638675 30.280405044555668 105.5709686279297 47.503999710083015 0.40422926843166357 44.500000000000007 25.740919113159183 118.50000000000001 55.500000000000007 13.266995429992678 78.500000000000014 23.93650054931641 6.0009999275207528 5.7500000000000009 3.901000022888184 -0.77379113435745228 30.05804538726807 992.85000610351574
decision_type=10 10 8 8 8 10 10 2 8 8 8 10 2 8 2 8 10 8 8 8 10 10 8 10 8 8 10 8 2 2 10 10 10 10 8 2 2 8 8 2 8 8 10 10 10 8 10 8 10 8 10 10 2 10 10 10 8 10 2 2 10 10 10 8 10 8 10 8 8 10 8 10 2 8 8 10 2 10 10
left_child=2 3 46 12 5 19 -7 28 -9 10 11 22 33 69 16 20 17 -15 -17 66 32 25 -10 -24 -20 -11 38 -28 71 72 34 -32 -16 35 -31 68 -37 -35 -27 -12 -41 42 -38 -44 -45 -30 50 -26 58 -50 -1 65 53 54 55 56 -53 64 -6 -60 -29 -49 63 -18 -58 -36 -3 -61 -2 -14 -70 -4 -5 -74 75 -48 77 -40 -78
right_child=1 4 7 29 48 6 -8 8 9 21 39 -13 13 14 15 18 62 -19 24 -21 -22 -23 23 -25 47 26 27 60 45 30 31 -33 -34 37 51 36 41 -39 76 40 -42 -43 43 44 -46 -47 74 61 49 -51 -52 52 -54 -55 -56 -57 57 -59 59 67 -62 -63 -64 -65 -66 -67 -68 -69 70 -71 -72 -73 73 -75 -76 -77 78 -79 -80
leaf_value=-0.26003386587005206 0.21104254817739201 0.50283187296852261 -0.053960118161161447 0.058543173155701324 0.86715798640940833 8.3971315386757919 2.584929196428956 -0.10942892063210542 1.7287724540482705 -0.2593240172950515 -0.1361569259701606 0.33848938931505401 0.51137565472434421 4.4062450982896939 2.9199415158655331 3.4375784721687945 3.1522312411773896 -0.065868456565457617 2.5403337873334619 2.0251152632591571 1.6272841733476893 0.0041398000008061823 5.4906974763875942 2.7925224959365158 2.2065582743272758 2.4217816464884492 3.5940143097237049 2.2268686207405568 0.019826667227066438 2.0067457423303932 0.61067493062557965 4.9457478663010983 5.6539136447404559 0.11547583141629515 -0.15332666555282665 2.4970671571663448 0.31093986460506884 -0.18020843870999892 2.0663813389398036 -0.14408876943237642 2.2777932160865837 0.20367521711910527 4.7076904752847657 2.2065234402075173 0.084830857193573958 0.3131629741649935 2.2789427444498105 0.093014377954962549 -1.3430617094299067 0.50293929109637592 1.3962794644531313 3.9145454548453884 0.21922907756087739 3.2225782054029248 0.19802348459238997 0.037571706825058115 1.4966884436894337 2.6127421872184344 3.3664597228784041 2.1535722441324201 0.27928123885572148 1.4191278819081394 -0.078561896890263369 0.18227417035588689 0.23465359072183545 0.42624520010493078 -1.4883642589543824 0.48384840599200185 1.3546378103004895 0.06360941601613343 0.041420632962297074 -0.1709299123265097 1.8425447434009889 0.35362979965873398 -0.15394058132031285 0.0017947348834227031 0.21207817980327093 -0.048284582457234777 1.4572832247970062
leaf_weight=83363 23416 200 134724 6797 11046 200 240 14655 200 1082 613 230 2682 284 229 231 206 448 307 281 246 6563 417 257 207 216 297 205 61994 362 1138 255 246 19583 1795 244 3798 17285 365 203 393 38299 258 222 429 8723 205 1363 206 1080 213 240 1870 241 1047 487 498 267 256 250 461 386 3564 1076 855 8309 275 472 251 11504 58715 41295 201 8604 193999 690 3041 247 343
leaf_count=83363 23416 200 134724 6797 11046 200 240 14655 200 1082 613 230 2682 284 229 231 206 448 307 281 246 6563 417 257 207 216 297 205 61994 362 1138 255 246 19583 1795 244 3798 17285 365 203 393 38299 258 222 429 8723 205 1363 206 1080 213 240 1870 241 1047 487 498 267 256 250 461 386 3564 1076 855 8309 275 472 251 11504 58715 41295 201 8604 193999 690 3041 247 343
internal_value=0.000532987 0.2366 -0.098553 0.187985 0.968629 2.14883 5.23989 -0.0141904 0.216299 0.531724 1.82615 3.11426 0.147117 0.395293 0.79372 1.61226 0.321734 1.67286 1.08817 0.345262 3.42111 0.298058 3.8435 4.46753 0.846935 0.6063 0.787302 1.72073 -0.0420177 0.41791 0.573802 1.40722 4.34475 0.11202 0.501027 0.151688 0.262228 -0.0231524 0.573533 0.648311 1.45403 0.249491 0.62215 1.92069 0.810632 0.0560139 -0.182326 0.579989 0.862425 0.206421 -0.255796 0.465981 0.727794 0.98929 0.829807 1.11144 1.39244 1.01661 0.932564 1.66965 0.881204 0.386328 0.11734 0.661591 0.699934 0.323278 -0.650671 1.06419 0.0936529 0.148294 0.0470335 -0.0814027 0.244386 0.387824 -0.150818 0.525337 0.473047 1.21423 0.338685
internal_weight=787945 232951 554994 218445 14506 1196 440 276524 29788 15133 2313 1104 185479 22979 8793 3215 5578 732 2494 756 721 12820 874 674 2263 6257 5175 963 246736 32966 17364 1393 475 162500 15971 125632 43250 36868 4212 1209 596 43006 4707 909 651 70717 278470 1956 13310 1286 83576 15609 5505 3635 3394 2347 1860 1620 12024 978 666 1749 4846 1282 1353 10104 475 722 82382 14186 58966 176019 15602 8805 194894 895 3996 612 3384
internal_count=787945 232951 554994 218445 14506 1196 440 276524 29788 15133 2313 1104 185479 22979 8793 3215 5578 732 2494 756 721 12820 874 674 2263 6257 5175 963 246736 32966 17364 1393 475 162500 15971 125632 43250 36868 4212 1209 596 43006 4707 909 651 70717 278470 1956 13310 1286 83576 15609 5505 3635 3394 2347 1860 1620 12024 978 666 1749 4846 1282 1353 10104 475 722 82382 14186 58966 176019 15602 8805 194894 895 3996 612 3384
is_linear=0
shrinkage=0.06


Tree=18
num_leaves=80
num_cat=0
split_feature=77 136 93 167 93 93 97 55 136 108 77 80 156 48 155 167 93 151 72 55 75 161 117 22 82 169 136 89 169 158 156 162 93 167 93 62 80 115 93 73 170 126 87 85 163 93 151 78 93 169 80 160 80 16 170 70 79 80 78 16 80 169 55 143 169 36 136 46 128 7 170 158 82 163 155 15 89 15 85
split_gain=3.74834e+06 1.22519e+06 1.17998e+06 1.073e+06 2.26617e+06 7.86518e+06 2.52229e+06 969929 704455 730510 636558 355115 323866 303151 641986 253358 381869 1.23989e+06 448184 246727 188805 228754 201629 207197 178538 173161 165449 155672 154510 202639 147667 141527 139951 325534 425862 234816 136187 131267 131152 119693 164981 149634 110210 108834 102632 99606.6 98252.4 97810.8 128936 97454.1 95322.4 94855.2 92929.3 82127 81667.2 79319.3 76206 75863.8 92888.2 73445 73180.6 71906.9 69697.2 69713.8 67346.3 67029.8 91302.9 86230.9 65567.2 74057.6 61776.3 70052.9 60371.1 57318.7 55746.3 55753.6 54844.2 52735.5 52376.4
threshold=21.701499938964847 16.855210304260257 4.5059006214141855 0.98296290636062633 40.032255172729499 60.713041305541999 187.74583435058597 4.7402093410491952 43.488239288330085 -450.74041748046869 8.8015003204345721 30.928999900817875 73.500000000000014 8.2839999198913592 21.349999427795414 0.37940952181816107 60.713041305541999 109.50000000000001 43.552152633666999 31.388278961181644 90.036499023437514 117.50000000000001 55.914598464965827 290.01249694824224 38.841499328613288 -0.94423642754554737 11.317594051361086 15.547083377838137 -0.70898476243019093 31.500000000000004 58.500000000000007 13.250000000000002 34.430917739868171 0.91597560048103344 60.713041305541999 41.666000366210945 51.935998916625984 62.110416412353523 1.4964575767517092 55.838233947753913 0.70138040184974682 -56.278312683105462 71.104000091552749 6.8264999389648446 141.87500000000003 45.983898162841804 174.50000000000003 14.903999805450441 86.285350799560561 0.99628883600234996 23.105000495910648 9.3499999046325701 29.989000320434574 192.28162384033206 0.26659387350082403 60.818332672119148 65.427497863769545 9.177500247955324 1.0000000180025095e-35 226.41547393798831 25.276000022888187 0.86975130438804638 21.452619552612308 0.53727915883064281 0.96234640479087841 182.47158813476565 -45.872232437133782 65.412502288818374 1.2111577391624453 117.54999923706056 0.4584775865077973 14.500000000000002 3.651000022888184 171.25000000000003 33.350000381469734 17.273558616638187 4.6895000934600839 162.93725585937503 9.1010003089904803
decision_type=2 10 10 2 10 10 8 10 10 10 2 10 10 8 10 2 10 10 10 10 8 8 8 8 10 2 10 10 2 10 10 8 8 2 8 8 8 10 10 10 2 8 10 8 8 10 10 8 10 2 8 8 8 8 2 8 10 10 8 10 10 2 10 8 2 8 10 10 10 8 2 8 8 10 8 10 10 8 10
left_child=2 11 10 8 20 6 -6 -8 12 -10 26 32 15 14 -3 44 31 28 -19 25 52 22 -22 -24 74 -9 38 -12 29 30 -18 39 50 49 35 -35 -15 -38 76 59 41 -41 45 -27 60 53 57 -7 -49 72 -2 -47 70 -26 -33 -45 -55 -14 -59 -17 -4 -36 64 -64 -30 66 67 -61 -54 -70 71 77 -34 -72 75 -13 -1 -5 -75
right_child=1 13 3 4 5 47 7 19 9 -11 27 24 46 36 -16 16 17 18 -20 -21 21 -23 23 -25 42 43 -28 -29 62 -31 -32 54 33 34 61 -37 37 -39 -40 40 -42 -43 -44 55 -46 51 -48 48 -50 -51 -52 -53 68 56 -56 -57 -58 58 -60 65 -62 -63 63 -65 -66 -67 -68 -69 69 -71 73 -73 -74 78 -76 -77 -78 -79 -80
leaf_value=-0.263626457429534 0.099952777010587135 -0.39622733656890113 0.05294794647211757 0.17036715595697954 -1.4756726152543334 -0.5153435806961536 0.76941692636973813 3.7865083392750134 4.7793642450064677 -0.18517453151383423 -0.067854051865708087 0.99997199217832555 -0.21516129041388743 0.54562039600869883 3.8473529362943828 0.12916359175651621 -0.39110089474182747 2.0591542944113415 5.6989320809271797 3.2263902374336477 -0.12608811394597091 0.22719018107652664 3.0371897823661564 0.7728463782075341 0.47224508525294073 4.8832262110476856 1.4899778886673585 0.059473822044825236 -0.50632407163519766 2.4233162310606788 1.282999916460182 0.12323643197176165 1.1214504903076608 1.1848743680572729 0.072246755562470455 3.8338535567437821 0.89489690902176411 2.0976145902102767 -0.13916285615121507 1.6388104912431343 2.2721540208721511 0.28566673959011468 2.0265511327905972 5.7137669400511113 -0.046112047322357505 2.3680826589293207 1.1379958861596779 1.524371846038759 -0.25143265346446669 1.1634970381490037 0.22343460889124744 0.59646340191364289 0.086447888572536963 0.80457703550691662 -0.088521814521015804 7.1263968715383044 2.1039912599100257 1.1796450379742702 -0.078171213351877489 0.6853751497323709 0.34551589742214855 1.2700807360267909 1.2915031663337384 -0.09282185649398432 0.42517886225451795 -0.0024985065714738714 0.15085342118295833 2.0225971741851896 0.40510561776039922 1.4998102423827424 -0.25567077065565996 -0.14183478446813352 0.15777230435787531 1.1214032730748575 0.15055675390183573 0.37550092563337001 -0.18264162363673869 1.0544770630050537 -0.15808673840288706
leaf_weight=71239 50953 207 20619 4162 262 2840 200 219 225 202 152054 532 23415 5058 336 12544 393 314 200 217 224 2219 314 272 3771 510 211 44737 1005 237 365 14139 242 216 575 275 6747 343 109409 344 201 2003 227 811 72034 233 218 208 497 394 40314 205 1983 708 12224 200 211 212 27548 439 3617 262 248 276 386 556 480 288 1121 277 5060 3347 6367 216 4197 15336 52158 257 245
leaf_count=71239 50953 207 20619 4162 262 2840 200 219 225 202 152054 532 23415 5058 336 12544 393 314 200 217 224 2219 314 272 3771 510 211 44737 1005 237 365 14139 242 216 575 275 6747 343 109409 344 201 2003 227 811 72034 233 218 208 497 394 40314 205 1983 708 12224 200 211 212 27548 439 3617 262 248 276 386 556 480 288 1121 277 5060 3347 6367 216 4197 15336 52158 257 245
internal_value=-0.000257459 0.284106 -0.0604843 0.0523919 0.417082 1.44167 4.07862 4.75364 0.00433266 2.43585 -0.118364 0.227081 -0.00102331 0.845791 2.23188 0.0454293 0.160201 0.770046 3.48373 5.16021 0.106794 0.542473 1.40485 1.98927 0.427243 5.39939 -0.185467 -0.0389081 0.28969 0.895817 0.415658 0.111869 0.17599 0.411389 1.27232 2.6733 0.783656 0.95337 -0.186992 0.247654 0.626458 0.484611 0.735037 5.62898 -0.0101777 0.677481 -0.130196 -0.35835 0.27391 0.247971 0.154498 1.54215 0.0275916 0.596419 0.0250487 5.99998 1.10488 -0.13562 -0.0685233 0.180152 0.0966235 0.448264 -0.0255455 0.563567 -0.247714 0.542667 0.79359 1.21716 0.308394 0.622928 -0.043879 0.0652029 0.193223 -0.197301 0.345065 0.396499 -0.229397 0.222012 0.442544
internal_weight=787910 137709 650201 220393 25661 5964 2419 2157 194732 427 429808 125018 194305 12691 543 142912 46642 3424 514 1957 19697 3029 810 586 25420 1740 233017 196791 2910 995 758 43218 99598 8331 1328 491 12148 7090 232806 16855 2548 2347 5355 1521 96270 5128 51393 3545 705 7003 91267 438 16668 4690 26363 1011 919 51175 27760 14307 24236 837 1915 524 1391 1763 1207 727 3381 1398 13287 7766 6609 5521 20065 15868 123397 4419 461
internal_count=787910 137709 650201 220393 25661 5964 2419 2157 194732 427 429808 125018 194305 12691 543 142912 46642 3424 514 1957 19697 3029 810 586 25420 1740 233017 196791 2910 995 758 43218 99598 8331 1328 491 12148 7090 232806 16855 2548 2347 5355 1521 96270 5128 51393 3545 705 7003 91267 438 16668 4690 26363 1011 919 51175 27760 14307 24236 837 1915 524 1391 1763 1207 727 3381 1398 13287 7766 6609 5521 20065 15868 123397 4419 461
is_linear=0
shrinkage=0.06


Tree=19
num_leaves=80
num_cat=0
split_feature=92 92 90 54 151 155 109 165 166 166 93 93 166 149 89 159 90 76 72 80 76 166 72 166 55 166 35 169 122 80 84 19 169 155 159 14 35 155 117 165 155 145 164 76 165 91 169 35 92 109 159 90 151 92 118 15 76 155 93 163 145 149 85 165 169 93 160 118 93 85 35 158 137 91 163 91 72 136 163
split_gain=4.12837e+06 2.02297e+06 699859 405940 2.21155e+06 1.52832e+06 917188 495791 346983 609776 979496 2.24687e+06 4.02093e+06 800532 458266 337669 291319 284440 270887 266823 247960 247276 439427 617142 543162 573589 242778 238741 238387 232719 173444 164779 154406 146993 177866 146652 144159 224368 292444 138348 185775 135857 129542 125882 125300 123776 123425 135894 111243 102847 160001 102273 311281 141416 100685 94475.7 92135.7 90910.7 362359 90615.4 109909 275827 90576.3 165118 86425.3 84613.6 82398.9 82222.2 81152.3 79081.1 144850 205141 78319.3 76846.7 80688 75247.5 74061 71734 71397
threshold=16.15663051605225 34.410543441772468 12.033152103424074 11.141086578369142 105.50000000000001 29.349999427795414 -533.91537475585926 0.90255093574523937 10.500000000000002 5.0000000000000009 40.032255172729499 60.713041305541999 6.5000000000000009 13.949999809265138 36.473583221435554 987.64999389648449 27.708348274230961 54.51250076293946 60.120771408081062 13.402499675750734 6.8759999275207528 10.500000000000002 62.04469299316407 5.0000000000000009 25.228243827819828 9.0000000000000018 193.0180358886719 0.78857997059822094 191.50000000000003 16.601500511169437 9.7049999237060565 283.02499389648443 0.97696486115455639 32.350000381469734 981.85000610351574 90.709506988525405 312.31628417968756 16.94999980926514 -36.664777755737298 0.061046212911605842 26.44999980926514 42.199998855590827 -0.53727915883064259 30.411000251770023 -0.98624804615974415 29.299886703491214 0.90892735123634349 62.339754104614265 4.7430267333984384 95.562530517578139 993.04998779296886 11.705656528472902 94.500000000000014 19.028708457946781 27.473475456237797 27.229447364807132 12.501500129699709 6.7500000000000009 40.032255172729499 1597.5000000000002 25.550000190734867 6.1499998569488534 17.404999732971195 0.53727915883064281 0.97112539410591137 42.317422866821296 5.5499999523162851 7.8117809295654306 99.869216918945327 12.502500057220461 114.08323669433595 19.500000000000004 0.3007150143384934 20.421787261962894 272.50000000000006 14.235503673553469 26.079242706298832 5.9857633113861093 72.500000000000014
decision_type=10 10 10 8 10 10 10 10 2 2 10 10 2 8 10 10 8 2 10 10 2 2 8 2 8 2 8 2 8 8 8 8 2 8 10 10 8 8 10 10 10 8 8 2 10 8 2 8 10 10 10 10 10 10 8 8 2 8 10 8 8 8 8 10 2 10 10 10 10 8 8 8 10 10 10 8 10 10 10
left_child=2 8 20 4 7 6 -6 15 9 46 30 12 14 -13 18 32 57 21 31 64 48 22 44 -24 26 42 -25 41 -14 65 36 72 66 34 35 -29 37 38 -11 -21 -41 -18 -26 78 -5 69 54 -48 -1 -19 67 52 53 -39 -2 -43 -46 58 -4 60 61 -31 63 -47 73 -10 -3 -51 -57 70 71 -32 -12 74 -15 -22 -69 -49 -23
right_child=1 3 16 17 5 -7 -8 -9 29 10 11 13 28 19 -16 -17 27 49 -20 39 75 43 23 24 25 -27 -28 33 -30 59 45 -33 -34 -35 -36 -37 -38 51 -40 40 -42 55 -44 -45 56 62 47 77 -50 50 -52 -53 -54 -55 -56 68 -58 -59 -60 -61 -62 -63 -64 -65 -66 -67 -68 76 -70 -71 -72 -73 -74 -75 -76 -77 -78 -79 -80
leaf_value=-0.24804128059997343 0.091885652800930681 0.51161212946517931 -0.24043566595090501 1.6135309147323815 9.3736798736230647 0.21745129831924964 3.8352662856438582 2.9463856231526631 -0.00077414896687469522 2.9315898054015466 4.2207488124290204 3.6909485276747831 2.2464968745210276 -0.43166927854989617 1.4887605631068983 1.8305288081500819 1.6182960756511504 0.77901327518495667 2.481978649758847 -0.12635066866307207 -0.10579009466299107 0.39476371466267035 0.083699789657257495 2.5650784182621211 0.63694291455520158 4.8279189473666388 0.086378433370459098 3.0341368610977932 0.079387377691004096 2.6929302232629784 2.6105122894351336 3.4789358981907794 -2.1509096054901629 0.35078042150048439 0.73326295056636481 0.98568867065827348 0.050935802892742077 1.5232797414798345 0.29341918414457968 0.60862997272283881 2.5226794816969051 1.1621726380665478 2.6684385967024404 0.46850102777333963 -0.092962866010085826 0.45088131593442493 1.6503500829034796 0.11058558579383715 -0.15388670378496072 2.5886722092788954 0.12174855521632523 0.31751969846469746 3.1645040417785073 -0.26922942151843582 -0.12721994621118202 0.14232663071841875 0.50301063195716511 -0.010492135072488138 2.7307498631856153 0.018414030435099343 0.15537506374844468 0.080552014023465596 0.33144737268335855 1.9746091406762629 1.0032541002384547 -0.19346940018551728 -0.70669763878258152 2.0474881088187025 -0.52422299687800977 0.13213634956442721 0.26720940680509403 0.33318351582340916 5.4656814942091625 -0.35182025637988623 1.1232742893760619 0.031787953398177964 0.95757948390936076 0.57483028246356749 -0.069373958930744578
leaf_weight=76543 13037 291 477 330 200 216 237 204 37792 354 266 219 200 212 210 238 210 6488 213 406 164636 1711 827 204 221 388 465 307 2012 215 239 277 202 918 708 215 1406 267 264 571 268 256 232 5846 1081 855 224 10792 110252 259 315 2045 200 387 17937 2533 6846 142640 213 20936 56157 446 5004 365 202 10477 633 367 887 42693 5205 351 781 3903 275 15674 585 1347 3936
leaf_count=76543 13037 291 477 330 200 216 237 204 37792 354 266 219 200 212 210 238 210 6488 213 406 164636 1711 827 204 221 388 465 307 2012 215 239 277 202 918 708 215 1406 267 264 571 268 256 232 5846 1081 855 224 10792 110252 259 315 2045 200 387 17937 2533 6846 142640 213 20936 56157 446 5004 365 202 10477 633 367 887 42693 5205 351 781 3903 275 15674 585 1347 3936
internal_value=8.40797e-05 0.189581 -0.0994703 0.635081 1.41778 4.34876 6.38562 0.195166 0.129333 0.205682 0.31563 0.864659 1.97598 0.137948 4.12673 -0.218164 0.0100278 0.577284 4.48595 0.00403303 -0.144022 0.466147 0.675244 1.40146 2.12263 3.13683 0.844916 0.418386 0.276255 0.06088 0.223414 4.80622 -0.652431 0.92586 1.35443 2.19393 0.564506 0.769744 1.8069 0.782755 1.22231 0.137711 1.68094 0.273363 0.469558 0.192713 0.0289742 0.189239 -0.19247 0.883489 1.32688 0.5481 1.09923 0.463783 -0.0349981 0.0527125 0.421737 -0.00716632 0.679381 0.125121 0.164439 0.933051 0.444587 0.907995 -0.207221 -0.0426026 -0.322871 1.63999 -0.0306502 0.160373 0.368339 1.25855 5.15372 -0.263136 0.446881 -0.0938306 1.37945 0.162143 0.0713014
internal_weight=787801 271332 516469 32322 2221 653 437 1568 239010 112987 69650 10015 3959 6056 1747 1364 149364 30101 1537 5837 367105 22087 10594 2337 1510 841 669 6034 2212 126023 59635 1324 1126 2148 1230 522 4923 3517 618 1245 839 3886 453 11493 8257 54712 43337 12363 186795 8014 1526 2899 854 654 30974 3676 7927 143330 690 77754 56818 661 6224 1220 4592 48269 924 1211 3420 48488 5795 590 1047 4390 487 180310 952 12139 5647
internal_count=787801 271332 516469 32322 2221 653 437 1568 239010 112987 69650 10015 3959 6056 1747 1364 149364 30101 1537 5837 367105 22087 10594 2337 1510 841 669 6034 2212 126023 59635 1324 1126 2148 1230 522 4923 3517 618 1245 839 3886 453 11493 8257 54712 43337 12363 186795 8014 1526 2899 854 654 30974 3676 7927 143330 690 77754 56818 661 6224 1220 4592 48269 924 1211 3420 48488 5795 590 1047 4390 487 180310 952 12139 5647
is_linear=0
shrinkage=0.06


Tree=20
num_leaves=80
num_cat=0
split_feature=92 91 90 92 50 151 149 153 167 89 149 55 35 82 77 167 134 35 159 84 84 89 82 86 166 151 73 55 162 162 161 147 92 82 23 155 92 81 149 156 90 94 160 43 160 156 7 134 156 163 80 35 74 158 72 163 126 165 149 90 80 156 156 164 92 155 53 54 159 156 155 92 167 86 134 91 155 38 71
split_gain=3.6698e+06 1.62275e+06 791173 350153 328187 1.24334e+06 1.76761e+06 587473 260188 722223 703327 698437 614341 269567 247028 233826 344278 453287 577986 419146 358343 245060 242766 209040 193080 333672 612424 218195 319855 339419 201732 191943 202858 205568 193212 184574 204166 167058 164775 169681 144349 140989 138024 123891 123444 123162 112637 108287 107896 288032 107061 183248 265242 103722 146176 816625 112166 106462 105379 176690 98594.6 94726.7 94509.8 96714.6 92373.8 91079.5 90863 160851 181676 90681.6 90401.9 86078.2 187695 286117 122574 131369 106874 94071.9 84201
threshold=17.88936805725098 49.328924179077156 12.194700241088869 28.952305793762211 8.2909998893737811 106.50000000000001 16.050000190734867 30.94999980926514 0.98296290636062633 7.7537832260131845 124.54999923706056 5.0557327270507821 389.84759521484381 6.8775000572204599 6.1010000705719003 0.91597560048103344 17.020999908447269 245.24018096923831 984.45001220703136 13.702499866485597 4.5025000572204599 21.107333183288578 6.8015000820159921 5.6024999618530282 10.500000000000002 156.50000000000003 61.855516433715827 26.805622100830082 11.250000000000002 10.150000095367433 323.50000000000006 1681.9500122070315 14.504260063171388 10.428999900817873 263.05999755859381 26.750000000000004 19.667571067810062 11.703499794006349 13.050000190734865 73.500000000000014 31.584769248962406 2.6024999618530278 22.44999980926514 37.402500152587898 15.550000190734865 47.500000000000007 28.01249980926514 5.6010000705719003 58.500000000000007 52.500000000000007 27.935000419616703 103.42553710937501 14.210877418518068 31.500000000000004 67.474224090576186 287.50000000000006 -55.800687789916985 0.58068084716796886 39.049999237060554 77.294013977050795 23.326499938964847 51.500000000000007 18.500000000000004 -0.99992385506629933 8.2846126556396502 27.250000000000004 51.133342742919929 35.917636871337898 989.54998779296886 70.500000000000014 34.45000076293946 13.439270973205568 0.98296290636062633 7.9010000228881845 22.128999710083011 14.79307794570923 25.650000572204593 24.453499794006351 53.541061401367195
decision_type=10 10 10 10 8 10 10 8 2 8 8 8 8 10 2 2 8 8 10 10 8 10 8 10 2 10 10 10 10 10 10 8 8 8 8 10 10 10 10 10 10 8 10 8 10 8 8 8 8 10 8 8 10 8 10 10 8 10 10 8 8 10 8 8 10 10 8 10 10 8 10 8 2 8 8 10 10 8 8
left_child=2 3 14 15 5 7 -7 -3 40 10 -10 -12 13 -13 64 38 61 18 22 20 -20 41 -18 31 25 27 -27 50 29 30 48 -11 -33 34 -34 -24 -37 -21 39 42 69 43 62 -22 47 -35 -42 -6 -29 -50 51 52 -5 54 58 57 -55 -56 -49 -60 -26 -17 -2 -64 -1 78 67 -19 -69 70 -4 -16 -73 -74 -75 76 -76 -78 -58
right_child=1 4 8 24 44 6 -8 -9 9 23 11 12 -14 -15 71 16 17 66 19 37 21 -23 35 -25 60 26 -28 28 -30 -31 -32 32 33 45 -36 36 -38 -39 -40 -41 46 -43 -44 -45 -46 -47 -48 53 49 -51 -52 -53 -54 56 55 -57 65 -59 59 -61 -62 -63 63 -65 -66 -67 -68 68 -70 -71 -72 72 73 74 75 -77 77 -79 -80
leaf_value=-0.21036097446291926 -0.14246756886377493 -1.2199992789953666 0.054782104594266599 0.1065086287558034 0.31220950093990024 0.58965248600209608 8.0013579470341192 2.2295963758814565 -0.47158375166167937 -0.0069574844829379213 -0.75968806081103835 4.7872721048115059 0.12861646530430507 2.2723281623317986 -0.10689898167582573 0.43402698107734067 -0.56315194765501941 -0.038298414255585847 0.2194940185546875 2.0643195531862615 1.8885555108116159 1.4175722220946441 0.44631625111027717 -0.012537191885016688 0.03051950384102874 0.56811443398588013 4.4698507344493503 0.14635818314218074 0.36911551074581461 3.5592589675397588 2.8085549363078814 0.074641960851459146 3.6227174546113652 2.1445496510979121 0.98190259573286143 3.1199871873816933 0.87327084947488409 0.16140784691887555 0.16656553833310866 -0.13469273658262715 1.4411211934503634 4.7892108426175914 1.6064359404600528 3.892878495870026 -0.21840491916740165 0.59037744842078099 0.2546716850306967 0.73464373096108415 0.57154183134222913 3.192383819575257 0.45024974874233425 0.036366534272336035 2.5907726747812232 0.88833883286168613 -0.15163344506205284 4.4682379175973743 0.089125175460964642 1.3251533269161038 1.0127353794015286 2.7746901979152021 0.29498262454751129 0.035341030878165938 1.3109672179676686 0.096308180485460582 -0.098283240489903334 -0.5293827601204294 -0.031722458844985035 0.47212971705563772 2.4513201841504073 -0.059648621952126432 -0.13348504167474451 -0.055596488787739297 1.9211826055272063 -0.1682989739592444 0.095130632951939506 1.700931860975895 0.33457523295270469 2.111402565205275 1.1828138091272979
leaf_weight=128563 6370 423 71858 389 1631 238 225 305 473 2080 216 440 201 240 179538 2600 662 866 206 232 214 263 2252 12589 8267 478 207 534 2771 228 209 1086 200 210 200 211 469 579 62983 16499 310 232 212 238 472 1426 3920 5478 583 203 7809 6631 256 1694 360 266 714 342 1245 245 13143 12250 236 55519 33342 456 3455 475 257 77632 10526 34086 385 1739 1554 286 231 200 392
leaf_count=128563 6370 423 71858 389 1631 238 225 305 473 2080 216 440 201 240 179538 2600 662 866 206 232 214 263 2252 12589 8267 478 207 534 2771 228 209 1086 200 210 200 211 469 579 62983 16499 310 232 212 238 472 1426 3920 5478 583 203 7809 6631 256 1694 360 266 714 342 1245 245 13143 12250 236 55519 33342 456 3455 475 257 77632 10526 34086 385 1739 1554 286 231 200 392
internal_value=-0.000125683 0.205619 -0.0817159 0.163049 0.819712 1.77367 4.20094 0.226306 0.0205502 0.228578 1.46175 2.29503 3.04399 3.90429 -0.131138 0.124268 0.291684 0.552676 0.926544 1.754 2.48873 2.98161 0.474007 0.119678 0.318584 0.451167 1.75198 0.405648 0.770895 1.40398 1.08047 0.439584 0.736994 1.09008 2.30805 0.708294 1.57397 0.707639 0.0942094 0.0364018 -0.00397301 3.58003 0.0816876 2.95019 0.734128 0.791062 0.341942 0.769203 0.804942 1.25162 0.29597 0.130349 1.095 0.835767 0.952799 1.64376 0.550315 0.568688 0.856587 1.30412 0.192872 0.105169 0.0764586 0.101473 -0.187281 0.183392 0.141341 0.515303 1.16941 -0.0131193 0.0307263 -0.089445 -0.00801082 0.360975 0.210738 0.500928 0.327262 1.16207 0.47748
internal_weight=787005 223474 563531 208988 14486 1191 463 728 183607 19361 1570 1097 881 680 379924 167280 25461 10611 5558 1964 1153 947 3594 17791 41708 20298 685 19613 4528 1757 1529 5202 3122 2036 400 2932 680 811 141819 78836 164246 684 62337 452 13295 1636 4230 12823 1320 786 15085 7276 645 11192 7936 968 3256 702 6968 1490 21410 14850 62125 55755 161905 1562 5053 1598 732 160016 82384 218019 38481 4395 4010 2271 1985 431 1106
internal_count=787005 223474 563531 208988 14486 1191 463 728 183607 19361 1570 1097 881 680 379924 167280 25461 10611 5558 1964 1153 947 3594 17791 41708 20298 685 19613 4528 1757 1529 5202 3122 2036 400 2932 680 811 141819 78836 164246 684 62337 452 13295 1636 4230 12823 1320 786 15085 7276 645 11192 7936 968 3256 702 6968 1490 21410 14850 62125 55755 161905 1562 5053 1598 732 160016 82384 218019 38481 4395 4010 2271 1985 431 1106
is_linear=0
shrinkage=0.06


Tree=21
num_leaves=80
num_cat=0
split_feature=92 91 92 167 93 93 96 90 93 93 167 93 165 152 71 63 84 148 151 90 160 51 51 159 145 145 167 76 93 145 169 84 78 166 72 151 155 93 92 134 83 16 159 145 168 93 76 151 145 41 93 74 155 10 169 170 74 158 155 169 62 166 55 93 156 17 169 43 160 14 144 160 155 168 156 71 40 161 147
split_gain=3.2351e+06 1.37257e+06 772698 423978 3.01891e+06 1.86356e+06 325444 323006 353257 350091 2.30388e+06 1.70262e+06 288055 345012 240208 213682 266309 206097 201782 200926 191456 196608 186518 637780 424833 237190 164366 150902 150458 138508 136292 139462 135726 134946 149684 550376 189313 234386 124637 116591 116785 114706 242489 167994 242059 114989 110520 109355 106247 134200 103402 100070 97110.1 114361 95693.3 86629.5 86450.5 85032.4 83945.9 83275.9 79746.2 79188.9 129248 106060 99181.4 78992.9 78399 76443.1 76092.1 104076 75803.2 74673.6 74265.1 73873.4 184083 90504 72142 79219.5 253931
threshold=18.425901412963871 49.328924179077156 10.575098037719728 0.98296290636062633 40.032255172729499 48.675550460815437 251.00000000000003 33.728292465209968 86.285350799560561 40.032255172729499 0.98296290636062633 53.128808975219734 -0.95878320932388295 1.2873989939689638 46.735750198364265 inf 6.0009999275207528 0.63808420300483715 115.50000000000001 27.708348274230961 13.949999809265138 6.6435418128967294 16.096499443054203 987.25000000000011 149.25000000000003 85.299999237060561 -0.37940952181816096 10.102499961853029 24.784158706665043 42.199998855590827 0.78857997059822094 1.5015000104904177 6.9760000705719003 2.5000000000000004 55.724845886230476 126.50000000000001 21.750000000000004 86.285350799560561 24.785172462463382 14.101500034332277 8.802500247955324 166.25463867187503 993.35000610351574 101.15000152587892 -0.7865660786628722 17.307902336120609 5.3415000438690194 134.50000000000003 89.299999237060561 13.952499866485597 11.811796188354494 36.916929244995124 33.95000076293946 7.7525000572204599 -0.44504626095294947 -0.94978386163711537 11.932516098022463 22.500000000000004 5.7500000000000009 0.86113432049751293 216.6039962768555 18.500000000000004 0.2011884078383446 12.932793617248537 26.500000000000004 50.003637313842781 0.9996619224548341 64.912502288818374 6.6499998569488534 94.167293548583999 5.0000000000000009 10.449999809265138 17.349999427795414 -0.7865660786628722 62.500000000000007 57.963661193847663 7.0034999847412118 88.500000000000014 1294.549987792969
decision_type=10 10 8 2 10 10 10 8 10 10 2 10 8 8 10 8 8 8 10 10 10 8 8 10 8 10 2 2 8 8 2 8 10 2 10 10 8 8 10 8 8 8 8 10 2 10 2 8 10 8 10 10 10 10 2 2 8 8 8 2 8 2 8 8 8 8 2 8 10 10 2 8 10 2 10 10 8 8 8
left_child=2 7 46 19 15 56 12 8 9 38 17 32 13 -3 54 60 -17 -11 -10 27 21 47 23 24 25 -23 48 70 -22 -21 31 -31 -12 59 76 36 37 -36 -2 -18 -41 65 43 44 -43 -45 58 -14 61 -50 55 -13 53 68 -7 -42 -6 73 -1 -28 72 62 -9 -64 -63 66 -24 -58 -32 -70 -4 -40 -5 74 75 -19 -35 78 -78
right_child=1 6 3 4 5 14 -8 26 18 10 11 51 20 -15 -16 16 39 57 -20 29 28 22 41 -25 -26 -27 33 -29 -30 30 52 -33 -34 34 35 -37 -38 -39 71 40 50 42 -44 45 -46 -47 -48 -49 49 -51 -52 -53 -54 -55 -56 -57 67 -59 -60 -61 -62 64 63 -65 -66 -67 -68 -69 69 -71 -72 -73 -74 -75 -76 -77 77 -79 -80
leaf_value=0.68852366784970687 0.089268529659452533 0.54097463306651183 -0.25391811161898059 -0.17577675014819985 3.0507511069473709 -1.0182594316976725 2.7741071555941876 1.4390748513378202 -0.25953886140345195 2.0020895434916017 2.982408601134571 0.82361880418625388 -1.5097124329656364 4.0639740426593747 2.0869045191074598 1.9527738159190156 -0.14429400546365173 -0.0036163808953956346 1.4533393191059274 1.5933097658680282 0.55413381018353292 1.2088165824012274 0.68511430537447349 3.873805011074142 2.3664464876481466 -1.3347235010865002 -0.024599509857202342 -0.0059675730458842551 -0.89750316644949835 1.5220215197404225 0.5960663121503923 -0.043967088305573644 4.7949548226514738 -0.29920753002057981 2.6646075666989626 3.3181859044463087 0.25916385251780349 0.36320284161971222 0.24769816416503071 1.5607924827919597 1.2645424521974171 2.7775044816704293 -0.32598847747987997 1.5843140015167159 0.43318424773933006 3.4846804718920401 -0.11272930496996079 0.44643007319162387 2.0343066767724278 0.4191146475221269 1.602641733330963 -0.96885944813310387 -0.060482982641262728 0.21729157842323182 0.51953082185919564 0.16068960930954149 4.7851249212411728 -0.14867356414023364 -0.1921408065004627 0.50968132046998194 0.33635409734493565 1.2554331934205614 0.29212796005588204 -0.19458013205533978 0.23783652977527459 0.31765694164341213 1.7314237572675322 3.4217242892129081 2.3113775227102069 0.68640451404158132 -0.082257946658439371 0.075749165497903878 0.042907324483377668 0.068999888716751015 1.9425475414460938 1.3426796448352694 0.28836037010382243 0.45519241170550173 2.5694384837035531
leaf_weight=390 100342 200 10500 9745 205 304 283 219 9834 203 200 203 209 200 208 369 1567 927 253 283 562 216 7123 302 335 336 2527 168937 472 215 376 3923 668 410 316 322 1394 321 37284 325 283 211 313 258 631 210 160944 201 202 2125 225 248 547 604 278 2596 649 3491 117384 1796 2095 389 2384 4971 2984 2261 267 209 369 232 78441 12026 13111 2727 292 222 497 7342 271
leaf_count=390 100342 200 10500 9745 205 304 283 219 9834 203 200 203 209 200 208 369 1567 927 253 283 562 216 7123 302 335 336 2527 168937 472 215 376 3923 668 410 316 322 1394 321 37284 325 283 211 313 258 631 210 160944 201 202 2125 225 248 547 604 278 2596 649 3491 117384 1796 2095 389 2384 4971 2984 2261 267 209 369 232 78441 12026 13111 2727 292 222 497 7342 271
internal_value=0.000507439 0.200876 -0.0733207 -0.00591381 0.199754 2.5501 0.762429 0.159366 0.127854 0.149721 0.509342 2.82883 0.722446 2.30822 0.342027 0.0560151 0.399502 0.119893 -0.216437 -0.0309351 0.676673 0.739763 0.782298 1.49698 0.684276 -0.339039 0.34632 -0.0392704 -0.108736 0.297237 0.238456 0.0377458 4.38123 0.481058 0.593796 1.01739 0.651164 1.50726 0.127655 0.284411 0.480308 0.706799 1.17355 1.53181 1.02325 2.44265 -0.145051 -0.551973 0.192048 0.560138 0.366711 -0.162008 0.628547 0.866827 -0.284082 0.269598 4.18924 0.0697509 -0.189219 0.197435 -0.0178551 0.113759 0.00605534 -0.0368036 0.355531 0.628193 0.723147 4.45738 1.26775 1.68628 -0.102526 0.205765 -0.0503355 0.252689 0.600019 0.257445 0.476704 0.515962 1.09557
internal_weight=787294 211980 575314 296596 32169 1853 14590 197390 168920 158833 9181 1319 14307 400 790 30316 5365 7862 10087 264427 13907 12873 12463 1189 887 552 28470 257878 1034 6549 6266 4138 868 15196 10873 2353 2031 637 149652 4996 3429 11274 1623 1310 842 468 278718 410 13274 2327 3104 451 2128 1581 582 2879 1063 7659 117774 4323 24951 10947 7574 7355 3373 9651 7390 858 977 601 88941 49310 22856 4168 1441 1149 8520 8110 768
internal_count=787294 211980 575314 296596 32169 1853 14590 197390 168920 158833 9181 1319 14307 400 790 30316 5365 7862 10087 264427 13907 12873 12463 1189 887 552 28470 257878 1034 6549 6266 4138 868 15196 10873 2353 2031 637 149652 4996 3429 11274 1623 1310 842 468 278718 410 13274 2327 3104 451 2128 1581 582 2879 1063 7659 117774 4323 24951 10947 7574 7355 3373 9651 7390 858 977 601 88941 49310 22856 4168 1441 1149 8520 8110 768
is_linear=0
shrinkage=0.06


Tree=22
num_leaves=80
num_cat=0
split_feature=91 91 91 167 134 83 34 50 151 146 82 155 166 89 76 144 76 92 87 34 76 167 136 35 165 74 92 73 86 92 169 156 91 167 92 23 76 169 155 32 61 156 156 147 109 167 82 151 91 30 149 169 92 159 15 169 54 159 80 159 60 76 169 15 80 19 61 128 170 169 126 79 155 89 162 168 83 170 74
split_gain=2.93527e+06 1.20784e+06 794543 421687 720545 1.19491e+06 936769 406944 1.28127e+06 1.43155e+06 365262 360284 332014 288607 286289 240516 239508 234494 445882 386961 176546 174127 286688 562157 432082 385822 305127 295175 306279 174039 157373 147190 141992 137538 129724 129137 127545 124698 123295 126325 173996 113586 113223 151119 578025 144061 215295 598908 144620 120687 133943 118129 112013 151578 113145 108800 142968 224720 108413 104652 205369 97132.9 95149.1 94588.7 93601.2 92417.6 91966.2 101549 90725.1 146283 98721.4 85462.2 82847.2 187969 82566.3 81799.9 76670.7 98247.5 74076
threshold=19.936621665954593 49.328924179077156 11.74330520629883 0.98296290636062633 17.912499427795414 8.8850002288818377 192.56402587890628 8.2909998893737811 106.50000000000001 0.71476343274116527 9.7509999275207537 8.9499998092651385 15.500000000000002 11.810583591461183 28.702500343322757 5.0000000000000009 61.002500534057624 15.028003692626955 10.603500366210939 208.19362640380862 5.2014999389648446 0.91597560048103344 -45.872232437133782 253.08161163330081 0.078456107527017607 25.046427726745609 22.93874549865723 43.37779617309571 6.6015000343322763 7.5139260292053232 -0.80924677848815907 70.500000000000014 68.935256958007827 0.37940952181816107 29.88310527801514 220.11600494384768 57.934000015258796 0.57340842485427868 26.150000572204593 39.180583953857429 56.504999160766609 56.500000000000007 73.500000000000014 42.45000076293946 -28.802935600280758 0.37940952181816107 10.000999927520754 109.50000000000001 32.871843338012702 387.60000610351568 13.949999809265138 -0.93843427300453175 22.93874549865723 992.64999389648449 44.228984832763679 0.62837758660316478 65.374912261962905 984.75000000000011 5.1015000343322763 984.14999389648449 30.777500152587894 9.3274998664855975 -0.18492533266544339 161.3088073730469 11.101500034332277 456.03999328613287 221.77849578857425 0.93493714928627025 0.74872833490371715 -0.5917624533176421 -58.894416809082024 12.802500247955324 5.7500000000000009 6.4545834064483651 12.150000095367433 -1.0000000180025095e-35 13.903499603271486 -0.39036008715629572 13.340251445770265
decision_type=10 10 8 2 8 8 8 8 10 10 10 8 2 10 2 2 2 10 10 8 2 2 10 8 10 10 10 8 10 10 2 8 10 2 8 8 2 2 10 10 8 10 10 8 10 2 8 10 10 10 8 2 10 10 8 2 10 10 8 10 8 2 2 8 10 8 8 10 2 2 8 10 8 10 10 2 8 2 8
left_child=2 14 29 31 41 6 13 8 12 -10 17 -8 32 30 20 16 -16 38 19 -19 37 42 23 24 59 26 -26 71 -29 -1 -6 33 -3 -4 -17 -13 -9 -2 -7 -40 -41 -5 43 44 -22 75 47 51 58 50 -50 -47 74 54 -54 -25 57 -57 -48 -23 -61 -33 -32 -21 -20 -53 -12 -68 -38 -70 -71 -27 73 -31 -35 78 77 -36 -45
right_child=1 7 3 4 5 10 11 36 9 -11 66 35 -14 -15 15 34 -18 18 64 63 21 22 -24 55 25 27 -28 28 -30 72 62 61 -34 52 76 -37 68 -39 39 40 -42 -43 -44 45 -46 46 48 -49 49 -51 -52 65 53 -55 -56 56 -58 -59 -60 60 -62 -63 -64 -65 -66 -67 67 -69 69 70 -72 -73 -74 -75 -76 -77 -78 -79 -80
leaf_value=-0.16752579398623688 -0.25864321785332078 0.5015562532958896 -0.0085586464492345485 0.3652150968743183 2.3450884180291416 0.17322593761033045 2.5091831701972995 0.47840620896588626 8.0069361672982939 1.2608178476305569 -0.10923034258882036 1.4640469780315835 2.0624701926668649 1.6804044869896624 0.54639045897999106 0.15268112387656993 1.8937127050761977 3.6564421472524073 1.0187310428528682 0.071986362546535551 3.6084436161317135 0.29227197115060183 0.11407736011465565 -0.064607646012954642 1.909715322479931 -0.31048355945761386 5.1134104087410899 0.40651690534777141 3.3068881052434445 2.0529268864762531 5.0893140628026874 -0.15458941209082838 -1.5441041880164827 0.20966482142891602 -0.24508919429861836 -0.043636683991402844 0.72731292662500291 0.24707515678461403 0.0067275459506294941 0.52772768464288677 2.7934584577134314 -0.13010819845815241 -0.0067524351070832461 0.17400714810751422 0.086426107228080612 1.7085476833444653 1.220366469986804 3.100676518639581 1.6646781385119085 1.9894149747164283 0.30998971473784664 -0.0047482069363563974 1.5925597080968796 2.1340307454356493 0.14541706579364341 0.41670112659570885 -0.64587755047728401 2.7378368740860353 0.12824310449098786 0.10910040983986188 2.6835966106596034 -0.027648307729476768 3.3904310086291427 1.8499526795551375 -0.2395683884716196 1.3190602279344215 0.046358596139181286 1.4951868935545425 2.6117502060742868 1.5171406708834536 0.28608712339588388 1.2404796458886698 -0.084515609652553919 -0.012207333114159623 0.028430198652416718 0.18690091937010103 0.34518926177505938 1.202322741242438 -0.028926916688712299
leaf_weight=165248 6971 216 82183 1920 208 2649 328 7983 204 254 5691 258 240 371 4599 21671 529 375 367 202 217 1394 10767 2983 228 324 204 205 364 212 275 29018 279 16109 215 972 4689 2345 274 255 234 12589 23352 8747 728 210 332 350 307 218 1794 1277 234 207 1130 535 228 208 18909 232 214 86044 228 230 504 222 453 282 247 530 421 210 174084 622 20649 16488 14419 780 24926
leaf_count=165248 6971 216 82183 1920 208 2649 328 7983 204 254 5691 258 240 371 4599 21671 529 375 367 202 217 1394 10767 2983 228 324 204 205 364 212 275 29018 279 16109 215 972 4689 2345 274 255 234 12589 23352 8747 728 210 332 350 307 218 1794 1277 234 207 1130 535 228 208 18909 232 214 86044 228 230 504 222 453 282 247 530 421 210 174084 622 20649 16488 14419 780 24926
internal_value=0.000972905 0.211669 -0.0627394 0.0153142 0.232598 0.537129 1.6882 0.726315 1.78934 4.27654 0.273126 0.745511 0.235793 3.04367 0.16544 0.300603 0.685721 0.652749 1.23329 2.24848 0.11997 0.140123 0.31113 0.600565 1.16922 1.91222 3.43089 1.31485 2.26449 -0.123371 3.75166 -0.0111261 -0.652241 0.0352161 0.247333 0.273542 0.634759 -0.131332 0.366967 1.0385 1.61543 -0.0645406 0.108568 0.144606 0.898145 0.134942 0.257122 0.843167 0.201117 0.648635 0.508636 0.37929 0.129073 0.625061 0.394665 0.11501 0.66631 1.0693 0.14715 0.548676 1.34764 -0.0596632 4.3275 1.02068 0.291182 0.192055 -0.0276263 0.603512 0.846661 1.3128 0.973036 0.300624 -0.0816563 0.514573 0.107859 0.0774084 0.380389 0.889633 0.0237914
internal_weight=787170 182765 604405 264239 28665 14156 2640 15063 1193 458 11516 1558 735 1082 167702 42213 5128 5090 1678 807 125489 116173 18096 7329 3375 1535 432 1103 569 340166 711 235574 495 120512 37085 1230 13870 9316 3412 763 489 14509 98077 74725 945 73780 23619 2059 21560 2319 2101 1709 38329 1571 1364 3954 971 743 19241 1840 446 115062 503 432 871 1499 6426 735 5887 1198 951 534 174918 834 36758 50161 15414 995 33673
internal_count=787170 182765 604405 264239 28665 14156 2640 15063 1193 458 11516 1558 735 1082 167702 42213 5128 5090 1678 807 125489 116173 18096 7329 3375 1535 432 1103 569 340166 711 235574 495 120512 37085 1230 13870 9316 3412 763 489 14509 98077 74725 945 73780 23619 2059 21560 2319 2101 1709 38329 1571 1364 3954 971 743 19241 1840 446 115062 503 432 871 1499 6426 735 5887 1198 951 534 174918 834 36758 50161 15414 995 33673
is_linear=0
shrinkage=0.06


Tree=23
num_leaves=80
num_cat=0
split_feature=90 92 92 167 93 63 86 95 76 93 167 93 93 109 152 166 88 89 163 43 151 153 165 67 36 76 158 151 92 93 169 163 92 91 49 90 17 169 62 95 90 147 147 70 160 16 163 80 53 168 166 92 165 118 55 152 170 163 45 30 79 91 160 15 91 90 168 74 168 76 163 91 82 163 81 163 93 58 90
split_gain=2.57081e+06 1.11482e+06 691996 366866 2.68505e+06 349878 457070 371721 320429 273605 405286 2.00042e+06 1.8151e+06 1.51969e+06 378356 695197 588197 371099 260771 351473 1.04056e+06 808093 507250 374274 256304 249975 239373 223799 223770 190094 186428 316912 184264 174122 143194 141678 182948 138529 129652 155480 208183 120187 116339 110183 109423 109363 252386 132176 125919 102981 214572 188142 346012 493936 192833 153756 98759 121074 93811.7 92606.1 147367 89365.9 89819.5 88256.8 87486.3 81948 81496.3 88950.2 79462.3 97144.5 171397 88342 127044 79142.6 85096 86881.1 78095.3 77990.7 75227.2
threshold=19.042412757873539 41.654033660888679 13.005583286285402 0.98296290636062633 40.032255172729499 inf 9.7509999275207537 13.799999713897707 11.602499961853029 97.214756011962905 0.91597560048103344 40.032255172729499 60.713041305541999 354.82777404785162 1.089837968349457 10.500000000000002 16.304999351501468 43.08705139160157 852.50000000000011 13.877500057220461 105.50000000000001 30.94999980926514 0.11319890245795251 46.104000091552741 129.20548248291018 8.4010000228881854 7.5000000000000009 171.50000000000003 56.297203063964851 60.713041305541999 0.9996619224548341 102.50000000000001 24.785172462463382 18.424261093139652 20.527500152587894 34.817499160766609 49.54430007934571 0.96687895059585582 182.81000518798831 17.44999980926514 12.377223491668703 353.44999694824224 701.30001831054699 57.309000015258796 12.84999990463257 188.0882263183594 302.50000000000006 34.803998947143562 62.757543563842781 -0.7865660786628722 10.500000000000002 22.93874549865723 0.53727915883064281 5.1934661865234384 17.802203178405765 0.87830430269241344 0.20812153071165088 82.500000000000014 21.300999641418461 214.58350372314456 9.2845001220703143 53.510078430175788 12.650000095367433 101.98686981201173 4.4071693420410165 12.872083187103273 -0.37940952181816096 13.180111885070803 -0.37940952181816096 16.069999694824222 742.50000000000011 23.325128555297855 3.2009999752044682 1612.5000000000002 1.0000000180025095e-35 1577.5000000000002 19.288364410400394 141.51999664306643 14.37594509124756
decision_type=10 10 10 2 10 8 10 10 2 10 2 10 10 8 10 2 10 8 8 8 10 8 10 8 8 2 10 10 10 10 2 10 8 8 8 10 10 2 8 10 8 10 8 8 10 8 10 8 10 2 2 10 10 10 8 8 2 10 10 8 8 10 10 8 10 8 2 10 2 2 10 8 10 10 8 10 10 10 8
left_child=2 9 25 28 5 38 7 8 26 10 32 56 13 -13 37 16 -16 24 19 20 21 -3 -23 -24 43 64 -7 29 49 66 45 -32 73 -6 -29 -14 -37 68 76 40 -40 -31 -39 58 61 47 48 -21 -47 50 51 55 59 54 -54 -4 57 63 -15 60 -53 62 -34 -12 -1 -51 67 -20 69 71 -71 72 -11 74 -2 -76 -5 -57 -27
right_child=1 18 3 4 33 6 -8 -9 -10 14 11 12 35 17 15 -17 -18 -19 27 30 -22 22 23 -25 -26 78 -28 34 -30 41 31 -33 44 -35 -36 36 -38 42 39 -41 -42 -43 -44 -45 -46 46 -48 -49 -50 65 -52 52 53 -55 -56 77 -58 -59 -60 -61 -62 -63 -64 -65 -66 -67 -68 -69 -70 70 -72 -73 -74 -75 75 -77 -78 -79 -80
leaf_value=-0.19984476904555118 1.26744314272823 -1.0929259480553268 1.6219285746065415 -0.0033180027032440043 3.9313792351206032 2.1011385180907589 0.13033235966177117 -0.24179990787932182 1.042520303425633 1.7761947725957898 0.41883046814708064 -1.0053649967522931 -0.44515250918990273 3.1842920706766407 4.2612117032585388 -0.14908856149040944 0.085579363526684216 1.4250482647135705 0.54707581368252267 0.16302870576349149 4.9868130621610973 -0.087430190336336658 5.187401494178661 1.5885168256759643 2.2160470699908128 -0.067972112877136587 4.937099428123207 2.3323095143269192 1.4890431240123216 -0.40802637215374293 0.27432929661016736 3.3687175349117831 0.22422681616473333 1.9333240148195854 0.61154469228666408 1.9211402924026477 -0.39311870969384233 -0.2823542177125159 2.4389929366751875 -0.12268881712885689 0.40156910317557221 -2.0783174945827589 1.3449521937572955 5.5796458986562651 -0.032410753820318938 1.6913746081404899 2.6264062408238646 0.64940284649310387 0.41153311115210145 -0.11286203102371505 -0.030632233747229294 2.0700292568509617 -0.23801338210536982 4.3587070447752385 2.2157611913222874 0.12239528494333378 0.059615753416812349 0.14739858892485408 4.631176691386556 -0.14797649892049114 0.17664678706275 1.0971016211766431 1.204426266224313 1.0816207527055715 -0.12167706425269842 0.0001819158949349006 0.83569997607834856 -0.29043508539818935 -0.33598444743994177 2.0160370029468426 -0.26463555555184215 -0.25208593383291855 -0.11616268302258263 -0.11211579000645439 0.0792773892967749 1.114381406418407 -0.92133151796031909 1.3079437556198918 0.043646471360206836
leaf_weight=76053 218 457 253 15378 693 223 1593 255 351 200 3700 277 746 245 306 933 201 201 737 2644 270 226 214 204 200 137932 210 201 363 604 240 236 47574 207 1272 268 226 273 283 632 497 208 374 295 6016 364 299 8418 1149 32476 30834 216 270 201 200 18113 11072 6586 546 900 466 432 338 899 159984 79837 587 1196 9302 219 257 3025 350 7954 79463 292 340 201 25803
leaf_count=76053 218 457 253 15378 693 223 1593 255 351 200 3700 277 746 245 306 933 201 201 737 2644 270 226 214 204 200 137932 210 201 363 604 240 236 47574 207 1272 268 226 273 283 632 497 208 374 295 6016 364 299 8418 1149 32476 30834 216 270 201 200 18113 11072 6586 546 900 466 432 338 899 159984 79837 587 1196 9302 219 257 3025 350 7954 79463 292 340 201 25803
internal_value=0.000857634 0.185098 -0.0629481 0.0330013 0.271282 0.125234 0.76916 1.74755 2.39408 0.13911 0.161382 0.38285 1.83593 3.07193 -0.102568 0.823199 2.60921 3.83162 0.61604 0.741307 1.65595 0.835327 2.20324 3.43899 4.20636 -0.107348 3.48475 0.232185 0.00303961 -0.0401265 0.64726 1.81237 0.122061 3.47448 0.847777 0.0765672 0.863735 -0.197842 0.026256 0.576782 1.14296 -0.837914 0.658938 4.57053 0.208898 0.604044 1.03615 0.533177 0.720353 -0.000259257 0.0698555 0.21867 0.73633 1.87697 0.808633 0.155819 0.186656 0.312396 4.18761 0.251651 0.778463 0.238927 0.231167 0.548598 -0.146864 -0.0325062 0.217169 0.0290027 -0.239403 -0.0176006 0.786692 -0.12488 0.573942 0.068373 0.0863253 0.083081 -0.0232331 0.135478 -0.050382
internal_weight=787278 202514 584764 184992 20662 19762 2632 1039 784 182988 167548 25261 3004 1764 15440 1440 507 1487 19526 14721 1371 1101 644 418 1286 399772 433 4805 164330 3332 13350 476 142287 900 1473 1240 494 14000 17130 1412 780 812 647 1086 54360 12874 1812 11062 1513 163967 51654 20820 2253 671 470 18567 22257 11185 791 1582 682 48344 47912 4599 236037 112313 2520 1933 13353 4051 476 3575 550 87927 79973 79755 15718 18314 163735
internal_count=787278 202514 584764 184992 20662 19762 2632 1039 784 182988 167548 25261 3004 1764 15440 1440 507 1487 19526 14721 1371 1101 644 418 1286 399772 433 4805 164330 3332 13350 476 142287 900 1473 1240 494 14000 17130 1412 780 812 647 1086 54360 12874 1812 11062 1513 163967 51654 20820 2253 671 470 18567 22257 11185 791 1582 682 48344 47912 4599 236037 112313 2520 1933 13353 4051 476 3575 550 87927 79973 79755 15718 18314 163735
is_linear=0
shrinkage=0.06


Tree=24
num_leaves=80
num_cat=0
split_feature=92 92 92 50 151 161 153 155 167 93 93 89 93 167 93 93 61 152 167 73 44 16 139 61 139 60 168 100 92 93 90 92 156 167 92 145 78 167 35 159 80 159 145 100 119 160 93 155 155 85 18 68 160 159 76 90 84 75 121 46 29 156 168 164 36 100 160 57 156 35 53 156 17 146 91 149 90 92 35
split_gain=2.32026e+06 1.05208e+06 527405 419863 1.17043e+06 1.39491e+06 530794 382212 273077 1.97305e+06 1.13732e+06 335094 209399 324154 2.34508e+06 1.19566e+06 322043 316229 421099 641803 220502 203288 203365 188246 199199 183879 220235 182032 175341 163916 267127 313960 145846 151538 145400 135825 128711 113989 222363 360299 156776 127895 113895 264526 110939 108980 169495 330039 103781 97631 173028 121861 93453.5 92077 89252.5 88538.6 88162.6 160220 216506 206995 129469 90830.6 87824.4 86875.5 85493.8 95459.9 85380.7 84295.2 84277.7 84107.2 155027 80231.4 102753 234746 116634 91192.9 84695.5 79878.2 76373.1
threshold=17.88936805725098 41.654033660888679 10.575098037719728 8.2909998893737811 105.50000000000001 286.50000000000006 30.94999980926514 23.150000572204593 0.98296290636062633 34.430917739868171 60.713041305541999 19.031425476074222 86.285350799560561 0.98296290636062633 40.032255172729499 48.675550460815437 52.931499481201179 0.91040802001953136 0.37940952181816107 41.99237251281739 19.447500228881839 188.0882263183594 -0.10585555061697959 221.77849578857425 0.5791136920452119 17.838500022888187 -0.7865660786628722 -3.8988636732101436 29.392271995544437 2.2277476787567143 11.232595920562746 12.533501148223879 70.500000000000014 0.37940952181816107 15.405634403228762 101.15000152587892 6.9760000705719003 0.60355338454246532 159.0299987792969 979.64999389648449 20.904999732971195 979.14999389648449 34.95000076293946 -16.818998336791989 0.6591010093688966 5.4500000476837167 43.528436660766609 27.94999980926514 25.550000190734867 7.1015000343322763 -136.4585037231445 6.990999937057496 10.84999990463257 986.25000000000011 9.0050001144409197 19.811698913574222 12.904999732971193 10.315999984741213 -0.66831347346305836 28.060999870300297 69.255001068115249 54.500000000000007 0.37940952181816107 -0.81408452987670887 356.40222167968756 29.565140724182132 12.150000095367433 17.434000015258793 78.500000000000014 426.80192565917974 44.47002029418946 69.500000000000014 7.8072798252105722 0.54437461495399486 15.090490818023683 13.550000190734865 13.40536403656006 3.8748210668563847 55.813060760498054
decision_type=10 10 8 8 10 10 8 8 2 10 10 10 10 2 10 10 8 10 2 10 10 10 8 8 8 10 2 10 10 10 10 10 8 2 8 10 10 2 8 10 8 10 8 10 8 10 10 8 10 8 10 10 10 10 2 10 10 8 10 10 10 8 2 10 10 8 10 10 8 10 8 8 8 8 10 8 8 10 10
left_child=2 12 77 4 6 -6 -3 -8 32 23 11 44 13 28 56 20 36 78 48 27 -16 22 -5 49 -25 -23 -27 -20 66 -26 31 -31 33 -4 -32 63 -17 40 39 -39 -24 -40 43 -35 -11 46 -30 -48 -19 50 51 -10 62 -22 -34 -46 57 -15 59 60 -59 -58 69 -28 65 -42 71 -36 -51 -44 -71 72 73 -2 -75 -74 -73 -1 -14
right_child=1 3 8 21 5 -7 7 -9 9 10 -12 -13 17 14 15 16 -18 18 19 -21 53 25 37 24 29 26 35 -29 45 30 34 -33 54 42 67 -37 -38 38 41 -41 64 -43 52 -45 55 -47 47 -49 -50 68 -52 -53 -54 -55 -56 -57 61 58 -60 -61 -62 -63 -64 -65 -66 -67 -68 -69 -70 70 -72 76 75 74 -76 -77 -78 -79 -80
leaf_value=-0.19608723504449493 2.4805515765193578 -1.1822635788554019 -0.024866448284381521 -0.21235135273185066 0.34122089337834099 6.6246140741867325 3.3895870859827064 0.055519929838916966 2.4206032502643557 4.6348269286009938 -0.27923293026567864 0.79284775629566928 0.88902197419842588 0.14688860813737153 2.0187495413511547 -1.1834463298265836 2.2394075109538338 1.201039947884754 -0.71386197006320706 4.6754511003443993 3.278444758807459 0.49281961230488336 -0.11816684969016045 -0.10736941088729689 0.22014552134653756 2.8768949014243779 -0.27593515046248984 1.8339732027387441 0.366130276598712 1.0734244517364864 -0.21377030651128606 4.0572569666133411 -0.14770456637781096 2.306999039275849 0.47274169510143377 2.2240532346966408 0.64295025146300933 0.26245394266703548 1.7115419077112695 3.761301579217653 0.59946187471301104 0.46371467067042998 0.19354831487189422 0.15503542326158218 3.4778044839870712 0.17392368212668929 0.21232050842711361 3.0396752991960492 -0.29171626040190002 0.10813550760063366 0.10763047669201817 0.39048806900826938 -0.090387164228546285 4.7136502589434937 -0.039104637037662315 2.052387266153513 0.429012919645685 1.9119500251539625 0.063119748393023867 2.7544995311990936 0.26777430377884848 0.033166039168457742 0.013696871435642091 1.2566879096057979 1.7042257242444634 0.21494437619136558 -0.040560284356196644 2.1577331140854703 -0.14221604038990765 2.2224615376806023 0.40619760579020459 -0.2048808844816836 0.0023672110307725622 1.7082290858430649 0.17426560203020122 0.16723037442929992 0.068939474964800601 -0.10856943539703424 -0.19721594099314579
leaf_weight=44738 206 454 84721 1626 228 287 237 258 218 228 525 204 236 3619 200 216 367 205 202 205 247 1112 1737 1657 1217 332 265 200 6907 331 459 206 38541 281 213 235 385 203 336 221 7036 2428 17766 760 651 16047 351 257 900 7122 2100 208 7335 537 92939 214 2475 271 747 292 472 13277 11010 266 206 3473 17029 215 15108 202 1020 4456 15458 200 1593 55249 46429 233517 13972
leaf_count=44738 206 454 84721 1626 228 287 237 258 218 228 525 204 236 3619 200 216 367 205 202 205 247 1112 1737 1657 1217 332 265 200 6907 331 459 206 38541 281 213 235 385 203 336 221 7036 2428 17766 760 651 16047 351 257 900 7122 2100 208 7335 537 92939 214 2475 271 747 292 472 13277 11010 266 206 3473 17029 215 15108 202 1020 4456 15458 200 1593 55249 46429 233517 13972
internal_value=0.00106902 0.164358 -0.0638598 0.569288 1.54894 3.84889 0.298075 1.65545 -0.00655998 0.161947 2.0767 3.02982 0.122628 0.140386 0.3508 2.34011 0.841561 -0.0862738 0.68385 1.95207 3.81195 0.495572 0.426173 0.0418039 0.408293 1.03733 1.58782 0.555123 0.110773 0.731745 1.16851 2.22347 -0.0269978 0.0199374 0.528044 1.02609 -0.014334 0.492567 0.812701 2.0907 0.410546 0.615968 0.118852 0.737577 3.44622 0.262247 0.450798 1.41046 -0.0139441 -0.0218378 0.331561 1.43261 0.10158 4.26624 -0.0709396 3.12794 0.167124 0.376291 0.841834 1.40326 0.869231 0.0953859 0.148521 0.492739 0.496258 0.47242 0.0853901 1.32223 -0.0620077 0.226692 0.708003 0.102744 0.143187 0.567304 0.346228 0.131188 0.0449575 -0.122641 -0.179112
internal_weight=787853 224147 563706 20940 1464 515 949 495 285451 30876 1822 1297 203207 187287 23105 1952 968 15920 1712 607 984 19476 17266 29054 4298 2210 1098 402 164182 2641 1424 537 254575 123095 887 766 601 15640 3188 424 12452 2764 38374 1041 1093 23562 7515 608 1105 24756 2526 426 37333 784 131480 865 21153 5401 1782 1035 743 15752 29998 531 10715 10509 140620 428 22230 18988 1222 123591 72706 1999 1793 70707 50885 278255 14208
internal_count=787853 224147 563706 20940 1464 515 949 495 285451 30876 1822 1297 203207 187287 23105 1952 968 15920 1712 607 984 19476 17266 29054 4298 2210 1098 402 164182 2641 1424 537 254575 123095 887 766 601 15640 3188 424 12452 2764 38374 1041 1093 23562 7515 608 1105 24756 2526 426 37333 784 131480 865 21153 5401 1782 1035 743 15752 29998 531 10715 10509 140620 428 22230 18988 1222 123591 72706 1999 1793 70707 50885 278255 14208
is_linear=0
shrinkage=0.06


Tree=25
num_leaves=80
num_cat=0
split_feature=91 91 91 96 93 151 166 87 93 166 166 163 148 93 62 118 153 48 48 118 153 151 90 48 156 93 166 166 156 93 151 90 163 163 169 70 135 166 93 90 163 89 90 166 166 151 90 34 159 159 52 156 156 91 20 77 156 73 163 73 166 94 163 29 170 156 170 72 10 162 156 0 170 169 16 93 93 70 20
split_gain=2.04201e+06 848228 555991 276862 234456 261750 431311 403545 243377 649497 723308 738398 771884 845091 416116 405669 205489 397469 230315 814707 237046 277276 174800 171739 167249 162510 673413 715614 992054 818041 192355 161370 147727 132591 132347 126710 123118 267859 336690 110434 110067 101853 101648 100931 126479 113083 163232 390649 374751 182809 172012 209774 168001 112173 99958.2 94251.7 104092 146626 187252 97116.8 151700 91994.4 108546 105895 216382 87954.2 85036.3 84589.5 78898.4 75452.6 75386.4 108616 75170 70246.8 71859.7 67127.2 66454.5 64893.5 130248
threshold=20.263241767883304 49.328924179077156 11.74330520629883 251.00000000000003 86.285350799560561 97.500000000000014 10.500000000000002 13.302500247955324 40.032255172729499 10.500000000000002 5.0000000000000009 262.50000000000006 0.44741438329219824 60.713041305541999 20.32600021362305 13.773498535156252 14.949999809265138 13.177500247955324 8.4984998703002947 -21.423562049865719 32.350000381469734 105.50000000000001 32.928894042968757 39.104999542236335 59.500000000000007 40.032255172729499 10.500000000000002 5.0000000000000009 86.500000000000014 53.128808975219734 100.50000000000001 29.011270523071293 392.50000000000006 107.50000000000001 0.96687895059585582 64.467582702636733 14.632882118225099 6.5000000000000009 48.675550460815437 6.8645417690277108 42.500000000000007 13.154582977294924 8.4813294410705584 5.0000000000000009 10.500000000000002 70.500000000000014 9.8937749862670916 169.52071380615237 977.45001220703136 986.75000000000011 35.673770904541023 87.500000000000014 84.500000000000014 14.327778816223146 67.301498413085952 61.002500534057624 26.500000000000004 49.533456802368171 702.50000000000011 42.454410552978523 10.500000000000002 3.2289999723434453 477.50000000000006 53.670999526977546 -0.85336607694625843 39.500000000000007 0.24997577071189883 30.233092308044437 71.009998321533217 9.9499998092651385 25.500000000000004 51.01250076293946 0.24164313822984698 0.88621068000793468 53.312301635742195 86.285350799560561 12.932793617248537 29.912950515747074 317.06750488281256
decision_type=10 10 8 10 10 10 2 10 10 2 2 8 10 10 8 10 8 8 8 10 8 10 10 8 8 10 2 2 10 10 10 8 8 8 2 8 8 2 10 10 10 10 8 2 2 8 8 8 8 10 10 10 10 10 10 2 8 10 10 10 2 8 8 10 2 8 2 8 10 10 10 10 2 2 10 10 8 8 10
left_child=2 4 39 16 8 34 7 -7 31 10 -10 12 13 14 -12 24 17 -3 19 20 21 -18 -15 -16 -13 43 27 -27 30 41 36 42 -26 73 -6 -36 -29 38 -38 -1 66 -30 -2 65 45 -45 47 48 -47 -49 -51 68 53 -50 -48 56 57 -20 -59 -57 -61 -56 63 64 -63 -4 69 -34 -52 -11 71 -42 -46 -33 -75 -31 -35 -66 -79
right_child=1 3 25 -5 5 6 -8 -9 9 40 11 15 -14 22 23 -17 18 -19 55 -21 -22 -23 -24 -25 32 26 -28 28 29 75 -32 33 67 76 35 -37 37 -39 -40 -41 70 -43 -44 44 72 46 54 49 52 50 51 -53 -54 -55 61 59 -58 58 -60 60 -62 62 -64 -65 77 -67 -68 -69 -70 -71 -72 -73 -74 74 -76 -77 -78 78 -80
leaf_value=-0.13990509860836536 -0.38283685346573687 -2.5210355533702034 0.20435462549158814 2.4293497153784371 -0.20126687774073934 3.5655362456850708 -0.07584831871499656 0.32293541083844857 -0.022594516475101731 0.40748646056002907 1.890252657245389 -0.23126984127829087 -0.62796888449865074 -0.47805481405107214 3.5196893465354524 3.0744883793672639 0.18803102261346319 0.30779352953301686 0.52630908114220243 4.160658191041958 -0.78791019328479128 3.0133568662317787 1.9441809456832337 5.4737668710391523 2.1078839773605416 -0.21169176628906544 -0.19506250239281203 -1.1399026086214763 3.4687897500386651 0.82590590038593259 2.0901824128496109 0.30577289728440288 1.3018695107747296 0.24302449860833844 0.082373612856880649 1.5413227160013339 3.4888484158584374 0.10877247644791453 0.12538361730618713 -0.071368118412034914 1.6230561698334558 1.9691145269963346 0.10879997639665952 -0.046804516763495264 -0.058877674872489169 3.6238022256744178 -0.099663883647953755 -0.24821321101684027 -0.0086172023896923227 -0.11251063358246201 1.3686972424553501 2.6105987755572797 2.4208618384340537 1.4609923479380087 0.057428484077091689 0.68517493399718676 0.33747887869682874 2.790794291377944 0.44299269465663066 2.4892278858897634 0.58875644290096052 2.5065772956018466 0.079965886826493693 0.24262336326535358 0.21635029166121295 -0.10037422041591688 0.15428218215229025 0.0721191578456718 0.11549807890286219 2.0499766756570326 -0.19096468162793412 -0.088542701210242977 0.029643580948075617 1.6196061906021488 0.55372328912262403 -0.70029247727531652 0.026144006574347105 0.49857499069105399 1.873545041475964
leaf_weight=157460 1537 209 3693 295 13874 287 1005 266 2158 201 277 904 270 228 289 222 321 1203 1352 297 316 204 201 396 262 2280 7023 200 897 206 231 7128 304 14882 757 298 208 1957 220 183007 209 205 96974 17568 67813 219 7920 1966 533 717 296 249 206 287 23466 3379 6254 271 223 293 313 217 7785 5829 1210 44334 752 593 463 202 4819 366 70370 241 3951 207 7727 1074 322
leaf_count=157460 1537 209 3693 295 13874 287 1005 266 2158 201 277 904 270 228 289 222 321 1203 1352 297 316 204 201 396 262 2280 7023 200 897 206 231 7128 304 14882 757 298 208 1957 220 183007 209 205 96974 17568 67813 219 7920 1966 533 717 296 249 206 287 23466 3379 6254 271 223 293 313 217 7785 5829 1210 44334 752 593 463 202 4819 366 70370 241 3951 207 7727 1074 322
internal_value=-0.000108028 0.179637 -0.0520651 0.612323 0.139654 -0.0747506 0.665038 2.0092 0.164017 0.415418 0.860634 1.34354 2.30587 2.87538 3.86219 0.643305 0.575533 -0.112409 0.648997 1.46479 0.508927 1.28951 0.658721 4.65568 0.380321 0.0122053 0.214051 0.648624 1.10147 2.33899 0.435093 0.139996 0.85714 0.252847 -0.151995 0.495544 0.286441 0.406478 1.76429 -0.103066 0.000386087 3.19185 0.101125 0.00147718 0.0195393 0.0850421 0.128945 0.457412 1.37602 0.147271 0.597892 1.10282 0.893167 0.506899 0.0950339 0.572062 0.454432 0.850256 1.73399 0.810987 1.51022 0.133679 0.242527 0.388773 0.690353 -0.0769386 0.531689 0.489876 0.605387 1.23381 -0.113457 0.535324 -0.0137981 0.420468 0.615373 0.0611152 0.168906 0.538214 0.816838
internal_weight=787148 176510 610638 14930 161580 16487 1558 553 145093 12653 6104 3946 1661 1391 962 2285 14635 1412 13223 1138 841 525 429 685 2063 270171 13634 6611 4331 1515 2816 132440 1159 33929 14929 1055 2585 2385 428 340467 6549 1102 98511 256537 208510 70327 52759 4936 1245 3691 1725 1008 1026 820 47823 12085 8100 1846 494 3985 606 39903 16437 8652 2823 48027 1155 897 759 403 5394 575 138183 11320 4192 413 22609 2606 1396
internal_count=787148 176510 610638 14930 161580 16487 1558 553 145093 12653 6104 3946 1661 1391 962 2285 14635 1412 13223 1138 841 525 429 685 2063 270171 13634 6611 4331 1515 2816 132440 1159 33929 14929 1055 2585 2385 428 340467 6549 1102 98511 256537 208510 70327 52759 4936 1245 3691 1725 1008 1026 820 47823 12085 8100 1846 494 3985 606 39903 16437 8652 2823 48027 1155 897 759 403 5394 575 138183 11320 4192 413 22609 2606 1396
is_linear=0
shrinkage=0.06


Tree=26
num_leaves=80
num_cat=0
split_feature=76 89 136 89 144 76 81 136 80 93 167 93 93 144 93 31 93 167 93 35 84 48 75 53 16 62 156 160 81 15 19 76 158 93 156 93 167 93 136 160 53 93 159 158 58 16 159 170 15 43 169 73 167 168 168 156 145 160 14 74 167 151 93 170 170 170 42 156 5 56 64 159 136 88 87 41 159 73 78
split_gain=1.66185e+06 575128 412039 382133 278679 552628 213738 211039 185150 168976 284432 664040 1.79853e+06 158933 145954 139054 133057 256414 341001 283287 187264 164208 112749 172277 241788 116951 98224.4 116678 95202.5 86117.8 87487.5 83360 80478.7 84279.5 215677 144648 466029 335151 75801.8 73757.1 100292 73294.6 73103.1 68423.1 72176.8 66422.3 87830.4 90130.1 74872.8 70281.2 65659.1 61229.7 121167 301875 65651.6 58937.6 57576.6 56543 55855.6 55539.4 54503.2 85305.1 149768 57286.9 54388.7 54171.1 54211.9 54094.1 51531.7 96240.6 86099.7 51199 78336.7 106615 48819.5 48089.6 47678.8 121849 47482.2
threshold=23.93650054931641 8.9205832481384295 43.488239288330085 41.146583557128913 5.0000000000000009 91.225002288818374 29.82350063323975 35.622936248779304 17.069999694824222 1.6343916654586794 0.98296290636062633 40.032255172729499 48.675550460815437 5.0000000000000009 60.713041305541999 155.01249694824222 26.984488487243656 0.91597560048103344 69.34418106079103 237.42036437988284 1.9410000443458559 35.155000686645515 inf 44.47002029418946 158.50523376464847 51.563501358032234 73.500000000000014 22.94999980926514 23.002499580383304 32.721334457397468 100.02000045776369 38.371000289916999 10.500000000000002 40.032255172729499 27.500000000000004 86.285350799560561 0.98296290636062633 48.675550460815437 19.540696144104007 4.6499998569488534 46.476646423339851 26.984488487243656 982.45001220703136 1.0000000180025095e-35 25.371000289916996 169.34757232666018 992.95001220703136 0.74872833490371715 219.28285980224612 5.4539999961853036 -0.5917624533176421 57.567678451538093 0.37940952181816107 -0.6035533845424651 0.78656607866287243 77.500000000000014 24.349999427795414 11.550000190734865 130.65110778808597 73.221481323242202 0.37940952181816107 105.50000000000001 44.439010620117195 -0.96687281131744374 -0.77379113435745228 0.86004966497421276 11.154999732971193 78.500000000000014 inf -2.3259999752044673 42.512498855590827 985.95001220703136 -9.0412154197692853 12.603500366210939 21.126000404357914 18.553999900817875 995.25000000000011 38.56018257141114 7.3025000095367441
decision_type=2 10 10 8 2 2 10 10 10 10 2 10 10 2 10 10 8 2 10 10 8 8 8 10 10 10 8 10 10 10 10 2 8 10 10 10 2 10 10 10 10 10 10 10 8 8 8 2 8 10 2 10 2 2 2 10 8 10 8 10 2 10 10 2 2 2 8 8 8 8 8 10 10 10 8 8 10 10 8
left_child=1 7 8 13 5 -5 29 9 32 -1 26 22 43 31 -14 -7 57 20 19 21 -18 -19 41 25 -25 64 27 60 -15 74 75 -2 33 55 -35 36 39 -38 -32 40 -36 68 -40 -13 -45 49 47 -47 50 -8 -49 -22 54 -54 -53 -3 -30 67 65 -41 -11 76 63 -63 -24 66 -51 -10 -12 70 -70 -65 -73 -74 -6 -31 -62 -78 -16
right_child=3 2 -4 4 6 15 45 -9 16 10 11 12 14 28 78 -17 17 18 -20 -21 51 -23 23 24 -26 -27 -28 -29 56 30 38 -33 -34 34 35 -37 37 -39 42 59 -42 -43 -44 44 -46 46 -48 48 -50 58 -52 52 53 -55 -56 -57 -58 -59 -60 -61 61 62 -64 71 -66 -67 -68 -69 69 -71 -72 72 73 -75 -76 -77 77 -79 -80
leaf_value=-0.14627135219067394 0.29962325120968814 0.035286315894368765 1.939556141513586 0.63172482368409155 -0.02855992747354321 4.050393791342799 -0.58053660835976462 1.8376071781019583 0.11056028398008268 -0.072556153651000627 -0.070395573158042651 2.467968592926399 1.208824593934668 0.061280312706410101 -0.56555140451932895 1.8557905074715051 1.9696722484599503 1.6896648209552059 -0.10650601404717273 0.54450013991277491 0.00017645703933540904 4.0003508141870094 0.75543621483550383 0.31161205657986024 3.0002403110443656 1.4877839126481729 -0.13126386147209604 1.3190271883249671 0.95427741297087454 -1.2083198015709717 0.087152988841703291 0.76501285959532228 -0.044023757038212465 1.5849820086897968 -0.051886541525984917 -0.16401117277902424 3.2054689888791605 0.36219606206528027 0.11544070559719298 -0.073514653309747796 1.8118890514615738 -0.96939004617831748 1.4620899775139986 3.083682570672035 4.4747328125270069 0.58865676708224057 0.078876898196301878 2.672703344898931 0.53341278773351852 1.3643781188598347 1.3419903049094137 -0.25982206374144984 2.4178299770698284 -0.14726518929764501 0.64062486778587957 -0.07082137162919365 0.19015220981427308 -0.060345054334785 0.10335754366786548 0.94850996121565256 -0.050681252921327039 1.0223565920963082 1.8514287560292988 -0.064975632237507797 -0.18842830912084416 1.0648599141561059 0.45297853550926209 0.0164953976987104 0.29511882030618908 -0.055669943624273049 1.9510952111043658 0.16002518738758464 1.7399429610344705 -0.033771981622370495 0.75477250891004888 -0.22903178926009465 0.027863264406758657 1.6785334564922649 0.28615045120286159
leaf_weight=139127 8404 77645 399 2872 383 210 236 202 57294 49377 10773 290 248 40979 1039 211 200 222 522 332 4969 225 261 301 200 203 75272 228 358 224 7263 1659 148837 393 214 3100 329 273 286 2703 201 304 294 374 225 907 473 208 229 241 383 830 310 352 448 24884 32353 12741 1346 205 15823 278 201 2334 1363 607 8405 35737 256 825 202 2067 290 210 1134 917 737 205 304
leaf_count=139127 8404 77645 399 2872 383 210 236 202 57294 49377 10773 290 248 40979 1039 211 200 222 522 332 4969 225 261 301 200 203 75272 228 358 224 7263 1659 148837 393 214 3100 329 273 286 2703 201 304 294 374 225 907 473 208 229 241 383 830 310 352 448 24884 32353 12741 1346 205 15823 278 201 2334 1363 607 8405 35737 256 825 202 2067 290 210 1134 917 737 205 304
internal_value=0.00024374 -0.0349867 0.0148791 0.215891 0.412955 0.929874 0.340595 -0.0963274 0.0128149 -0.0976214 -0.0563971 0.174696 1.08261 0.15276 -0.125565 2.95749 0.0764572 0.306142 1.08025 1.87461 0.164342 2.85909 0.0213357 0.404281 1.38876 0.133707 -0.0833832 -0.0331511 0.122214 0.139126 0.0684924 0.376416 -0.0152658 0.0236643 0.218949 0.142315 0.384234 1.91882 0.139919 0.105733 0.852995 -0.0508188 0.799394 3.24253 3.61278 0.502875 0.803495 1.0018 1.4575 0.441767 1.81405 0.111804 0.397573 1.05575 0.0560817 0.00953332 0.198544 0.058192 0.464583 -0.00116555 -0.03748 0.0407296 0.248585 0.186033 -0.0363643 0.517112 0.478538 0.0744267 -0.027578 0.331725 1.02814 0.138395 0.323259 0.996402 0.557114 -0.422174 -0.0259835 0.388485 -0.372692
internal_weight=787466 676884 373365 110582 26829 3293 23536 303519 372966 303317 164190 17168 2480 83753 1591 421 114182 8410 1301 779 7109 447 14688 2328 501 1827 147022 71750 73690 10501 8984 10063 258784 109947 7418 7025 3925 602 7843 3323 415 12360 580 889 599 13035 2200 1727 820 10835 591 6909 1940 662 1278 102529 32711 105772 10599 2908 71522 22145 5380 5179 1624 9253 8646 93031 12056 1283 458 4901 2567 500 1517 1141 16765 942 1343
internal_count=787466 676884 373365 110582 26829 3293 23536 303519 372966 303317 164190 17168 2480 83753 1591 421 114182 8410 1301 779 7109 447 14688 2328 501 1827 147022 71750 73690 10501 8984 10063 258784 109947 7418 7025 3925 602 7843 3323 415 12360 580 889 599 13035 2200 1727 820 10835 591 6909 1940 662 1278 102529 32711 105772 10599 2908 71522 22145 5380 5179 1624 9253 8646 93031 12056 1283 458 4901 2567 500 1517 1141 16765 942 1343
is_linear=0
shrinkage=0.06


Tree=27
num_leaves=80
num_cat=0
split_feature=92 92 90 93 105 81 152 166 72 93 166 166 166 152 171 109 93 82 158 165 83 149 90 76 76 35 16 156 155 14 32 63 66 155 93 131 87 91 81 159 53 164 158 160 92 156 155 155 84 92 35 166 35 27 16 44 93 156 166 166 91 146 33 83 42 160 156 155 155 145 166 166 93 156 136 93 156 35 93
split_gain=1.66367e+06 641754 414582 205124 201261 727636 193626 209415 444680 175180 284606 489599 462458 838613 717862 514009 385004 157870 150160 240942 155773 166457 353518 148743 146575 142230 130840 145410 230610 181745 162166 126684 176120 122286 215795 120944 117976 112315 122971 170915 109355 99724.6 97684.5 150150 186235 82895.5 76869.7 102107 144302 75427.5 69090.5 67198.8 185487 73534.2 66283.5 99003.7 65226.4 63962.2 63511.8 81336 126238 165098 225838 255517 69645.9 104018 66393.4 62596.4 81543.7 145317 73097.9 74713.2 507971 642989 729170 365942 117612 112582 88661.3
threshold=19.152274131774906 41.654033660888679 12.464934825897219 86.285350799560561 1372.7500000000002 19.002499580383304 0.9181450903415681 13.000000000000002 36.751892089843757 40.032255172729499 10.500000000000002 5.0000000000000009 6.5000000000000009 0.024353176355361942 4.5000000000000009 37.259376525878913 48.675550460815437 18.291000366210941 1.0000000180025095e-35 -0.95878320932388295 5.5009999275207528 38.549999237060554 77.294013977050795 27.324000358581547 6.8759999275207528 221.82221984863284 inf 36.500000000000007 32.049999237060554 88.209430694580092 302.52082824707037 45.426500320434577 25.258500099182132 6.7500000000000009 40.032255172729499 26.94999980926514 13.101500034332277 26.995073318481449 3.6009999513626103 986.75000000000011 7.9977481365203866 0.99687939882278453 25.500000000000004 5.4500000476837167 30.377414703369144 58.500000000000007 33.549999237060554 20.250000000000004 30.600999832153324 3.8748210668563847 62.339754104614265 9.0000000000000018 157.67549133300784 272.03750610351568 184.22227478027347 80.658500671386733 48.675550460815437 17.500000000000004 5.0000000000000009 10.500000000000002 14.899885654449465 0.62661525607109081 165.79685211181643 13.102499961853029 53.112499237060554 8.1500000953674334 56.500000000000007 34.45000076293946 34.250000000000007 78.349998474121108 5.0000000000000009 13.000000000000002 40.032255172729499 86.500000000000014 -5.7914206981658927 48.675550460815437 78.500000000000014 79.539855957031264 40.032255172729499
decision_type=10 10 10 10 10 10 10 2 10 10 2 2 2 10 2 8 10 8 8 10 8 10 8 2 2 10 8 8 10 10 8 10 8 8 10 8 8 8 8 10 8 10 10 10 10 10 10 10 10 10 10 2 8 10 10 8 10 8 2 2 10 10 8 8 8 8 8 10 10 8 2 2 10 10 8 10 10 8 10
left_child=2 3 24 9 18 -6 50 8 -8 37 11 -11 13 14 25 -14 -16 -18 19 -3 -21 31 -23 35 49 -13 33 28 29 30 -28 40 -33 34 -4 -20 -25 -2 39 -39 -22 -29 43 44 -12 -17 47 -34 -49 -1 -5 52 -37 -53 -38 -56 -47 -40 -26 60 66 62 63 -62 -64 -66 -60 68 70 -70 -35 72 76 77 -75 -76 -72 -74 -73
right_child=1 4 26 6 5 -7 7 -9 -10 10 42 12 15 -15 16 45 17 -19 23 20 21 22 -24 36 58 -27 27 41 -30 -31 -32 32 46 67 -36 51 54 38 57 -41 -42 -43 -44 -45 -46 56 -48 48 -50 -51 -52 53 -54 -55 55 -57 -58 -59 59 -61 61 -63 64 -65 65 -67 -68 -69 69 -71 71 78 73 74 75 -77 -78 -79 -80
leaf_value=-0.18295231766621925 0.084012360028232064 2.376564162549343 -0.070572124153112814 0.61421857028751881 4.3956627183985484 0.32173096078878904 0.024185812503474388 0.029312480121104764 3.5355857029914857 -0.095983376015797262 0.32983409537921671 4.8816303865958091 3.032783269620523 -1.0122885327684721 3.2370076192958721 -0.35430951193878668 -0.59676019096921051 1.5621433228000081 -0.72862361170067425 2.1804934300395469 -1.0673379676826813 0.60826768762547778 2.6639187679615088 -0.5297209775467937 -0.11980520437702186 2.90444987900054 1.2209863602647195 0.093368930208569428 0.039478905745998653 0.45673643236785366 3.4171738492586967 2.5147501455203574 -0.042248478094460792 -0.067397483796453522 1.8866258498531039 2.1192455282445462 0.4296567060063996 0.17990402512575637 -0.074721142784174271 2.4726843726459671 0.30559126756815125 1.307819999497698 -0.23634813518655415 0.076517486074595409 2.3618309687208607 0.046761109967691249 -0.35154954757185891 2.1215716328284016 0.39827328273478674 -0.099951013515596043 -0.1868777525803284 -0.26296493227620699 -0.0088284920684752934 0.84915145074133758 2.0165110517240219 0.20613562461822779 1.0675093370642088 0.21113955107686522 0.15325517640924424 -0.064350488869553205 3.3659542107111529 -0.14453983446856172 -0.18379830950320611 0.6209822315748007 1.8186550328000965 0.099767636781159255 -0.025787407212861716 -0.13242775891329775 2.0046954996236943 -0.071926459756823588 0.086372272688613014 0.011492186780208037 1.1128844871514318 -1.352097888951366 3.0794330508702701 0.66136165171099925 -0.11120410018911875 0.054820670941423816 -0.21273360455242679
leaf_weight=55517 105467 266 496 398 213 602 307 975 224 1933 461 343 245 300 240 784 288 210 776 205 216 1552 373 444 38597 222 292 10868 966 430 208 203 323 35027 342 209 6384 275 3046 203 5588 248 2269 2972 250 525 240 344 356 135917 13581 1305 495 255 238 200 394 37545 9029 107746 227 1036 493 264 215 307 42779 11451 204 297 39265 75172 423 221 816 312 14985 2478 6933
leaf_count=55517 105467 266 496 398 213 602 307 975 224 1933 461 343 245 300 240 784 288 210 776 205 216 1552 373 444 38597 222 292 10868 966 430 208 203 323 35027 342 209 6384 275 3046 203 5588 248 2269 2972 250 525 240 344 356 135917 13581 1305 495 255 238 200 394 37545 9029 107746 227 1036 493 264 215 307 42779 11451 204 297 39265 75172 423 221 816 312 14985 2478 6933
internal_value=-0.00064416 0.151773 -0.0505231 0.114017 0.466802 1.39053 -0.0943779 0.551802 1.50932 0.134445 0.360609 0.672398 1.09058 1.8451 2.50325 0.469058 1.26829 0.314927 0.42904 0.598917 0.548366 0.511745 1.00776 0.26967 -0.0864629 4.11126 0.0194402 0.203446 0.688966 1.36283 2.1396 0.380286 0.878475 0.0067322 0.729485 -0.0827121 0.417093 0.116793 0.20097 1.15675 0.254322 0.120579 0.0732705 0.264031 1.04663 0.0986676 0.613698 0.840271 1.24697 -0.124023 -0.164027 0.138902 0.625053 -0.0807492 0.478783 1.19221 0.485068 0.189687 -0.0506355 -0.0341647 0.0256772 0.438408 0.839256 1.8943 0.327521 0.809862 0.00541815 0.00349955 0.0123373 0.775953 0.0101547 0.0294745 0.081289 0.712891 1.79462 2.41178 0.0317964 0.209429 -0.00744395
internal_weight=787805 194244 593561 173457 20787 815 15485 1506 531 157972 11436 5484 3551 1603 1303 1948 738 498 19972 9666 9400 9195 1925 10306 392127 565 201434 13012 1896 930 500 7270 1466 188422 838 3040 7266 146536 41069 478 5804 11116 5952 3683 711 1703 1263 1023 700 191434 13979 2264 704 1560 6822 438 919 40591 200693 162096 54350 2542 1506 491 1015 522 51808 187584 176133 501 175632 140605 58500 4250 1349 1128 54250 2901 82105
internal_count=787805 194244 593561 173457 20787 815 15485 1506 531 157972 11436 5484 3551 1603 1303 1948 738 498 19972 9666 9400 9195 1925 10306 392127 565 201434 13012 1896 930 500 7270 1466 188422 838 3040 7266 146536 41069 478 5804 11116 5952 3683 711 1703 1263 1023 700 191434 13979 2264 704 1560 6822 438 919 40591 200693 162096 54350 2542 1506 491 1015 522 51808 187584 176133 501 175632 140605 58500 4250 1349 1128 54250 2901 82105
is_linear=0
shrinkage=0.06


Tree=28
num_leaves=80
num_cat=0
split_feature=92 92 49 151 149 153 162 92 93 167 93 93 156 171 54 156 153 90 160 92 163 168 73 133 159 73 167 93 95 93 29 61 139 92 32 90 32 65 156 154 85 168 76 165 160 167 168 93 156 90 162 54 86 75 134 62 42 85 82 78 92 45 158 159 64 78 78 94 156 33 78 84 171 159 54 161 16 100 159
split_gain=1.49506e+06 663271 382178 1.19361e+06 1.22397e+06 401909 540267 305720 166772 195778 948836 1.40729e+06 316614 178993 317953 158567 210939 155825 139424 150774 127994 164997 1.1963e+06 121694 118686 270600 112784 1.42432e+06 981098 619970 111141 107170 114399 148927 101564 100738 114176 99396.4 99366.2 99174.8 179377 286016 98268.3 145865 98254.1 117389 115394 111068 96621 95397.9 94680.2 197761 83864.4 160864 201511 98665.9 79290.8 74007.1 148031 72791.8 72371.6 70579.3 78514.4 141016 70084.1 71823 66017.7 65384.3 64724.4 63119 62283.5 64667.8 62100.1 80266.2 66753.9 61870.6 124637 142835 175234
threshold=17.489739418029789 41.654033660888679 8.2909998893737811 105.50000000000001 17.44999980926514 30.94999980926514 13.650000095367433 8.8808245658874529 99.869216918945327 0.98296290636062633 40.032255172729499 60.713041305541999 69.500000000000014 4.5000000000000009 47.253795623779304 27.500000000000004 15.949999809265138 36.297748565673835 12.750000000000002 24.785172462463382 702.50000000000011 -0.6035533845424651 57.567678451538093 18.06875038146973 996.25000000000011 38.78535461425782 0.98296290636062633 40.032255172729499 1.0000000180025095e-35 53.128808975219734 inf 221.77849578857425 0.8603692650794984 15.209761142730715 355.17724609375006 34.817499160766609 155.57216644287112 8.2014999389648455 73.500000000000014 1.045798182487488 11.809999942779543 -0.7865660786628722 29.515000343322757 0.96811076998710643 10.750000000000002 0.37940952181816107 -1.0000000180025095e-35 53.128808975219734 9.5000000000000018 22.536557197570804 1.7500000000000002 49.645914077758796 11.903499603271486 -29.414500236511227 19.212500572204593 120.22499847412111 13.305000305175783 7.0009999275207528 489.73750305175787 4.6015000343322763 24.089902877807621 17.401000022888187 1.0000000180025095e-35 980.04998779296886 2.1035000085830693 11.203499794006349 12.403999805450441 34.912500381469734 65.500000000000014 197.75877380371097 0.37749999761581426 15.629000186920168 11.500000000000002 992.75000000000011 83.054805755615249 310.50000000000006 229.29816436767581 -20.782926559448239 985.95001220703136
decision_type=10 10 8 10 10 8 10 8 10 2 10 10 10 2 10 10 10 10 10 10 8 2 10 10 10 10 2 10 10 10 8 8 8 10 10 10 10 8 10 10 8 2 2 10 8 2 2 10 10 10 10 10 8 10 8 8 8 8 8 8 10 8 8 10 10 8 10 10 8 8 8 10 2 10 10 10 10 8 10
left_child=7 8 3 5 -5 69 -7 68 9 18 52 12 -12 49 -15 16 -10 26 19 70 21 22 -4 48 39 -26 38 31 29 37 -19 57 -33 34 -34 -13 -37 -29 44 67 41 -41 43 -23 45 -9 47 50 -22 -14 51 -47 53 54 -11 64 -44 58 -28 -42 -54 -32 63 -63 -55 -66 -17 -21 -1 -3 71 -2 -58 74 -74 -52 77 78 -77
right_child=1 2 20 4 -6 6 -8 17 15 10 11 35 13 14 -16 66 -18 30 -20 24 23 42 -24 -25 25 -27 27 28 -30 -31 61 32 33 -35 -36 36 -38 -39 -40 40 59 -43 56 -45 -46 46 -48 -49 -50 -51 75 -53 60 55 -56 -57 72 -59 -60 -61 -62 62 -64 -65 65 -67 -68 -69 -70 -71 -72 -73 73 -75 -76 76 -78 -79 -80
leaf_value=-0.06210376482823609 1.4953320330884712 -1.6769559490659407 0.31168320282205253 1.187769661920296 7.1136020052269711 -0.59330037643351863 3.4322945914388727 -0.018052362943017635 -0.33449072915949718 -0.053034697284301116 0.39299599801378293 -0.49494239110147159 2.8557459142006048 0.95341208425191071 3.6791930211374093 -0.24736199718447852 2.195926642231643 -0.13045254425233857 -0.070618498334967125 0.11400571510012576 0.44456953013215034 0.00022226949896538516 4.3781333071999491 0.38571783198241072 0.17343520245372007 2.8226707454381592 0.07749403368667683 2.3638880295539968 -1.3621589476297074 -0.073652632880110702 1.6817852496323378 -0.092750448022400053 0.20542678761180846 1.6679359898599193 1.3859036596202188 1.6846828205333928 -0.13356423524518807 3.7515841698115149 -0.089132993112368913 2.4048458243030097 1.3784883747255319 0.29338703325112792 1.6578966368849459 1.49419526682564 -0.056228392098728312 0.069977975032111589 -0.026392567717767188 1.5148656825294096 -0.41157746637287634 4.3588228836199816 0.11777449150291702 2.4521132063059441 -0.010590621107174614 0.92882900837619242 2.2645358847789465 1.434785356413987 0.41344683099683116 -0.077366497136139925 1.2978704452715639 0.23630091802423331 0.22675969227596157 2.3386493844099161 0.21993437883297703 0.51984998585011166 -0.61497707335083884 0.20214209729062649 0.12809668345874625 0.65507789676927408 -0.13342064778158103 -0.28174642325332849 0.059886300214851612 0.0097205497486756564 0.79171212114983103 -0.063176403628854919 1.9620267080653799 0.064230135619195536 1.5186872134453151 0.12614893594192206 2.5578600219743626
leaf_weight=67491 221 279 1528 295 218 247 232 78079 234 224 202 834 294 332 288 8760 239 1013 18271 36865 646 3041 313 3052 449 200 3395 267 266 237 206 1950 2256 346 296 201 323 672 86130 371 203 610 207 254 101576 334 14281 224 1780 339 20419 200 11153 304 339 215 7615 26187 399 13294 7900 204 1252 614 564 1230 2087 821 142646 201 104462 201 492 231 274 200 319 2830 205
leaf_count=67491 221 279 1528 295 218 247 232 78079 234 224 202 834 294 332 288 8760 239 1013 18271 36865 646 3041 313 3052 449 200 3395 267 266 237 206 1950 2256 346 296 201 323 672 86130 371 203 610 207 254 101576 334 14281 224 1780 339 20419 200 11153 304 339 215 7615 26187 399 13294 7900 204 1252 614 564 1230 2087 821 142646 201 104462 201 492 231 274 200 319 2830 205
internal_value=0.000101132 0.127658 0.450094 1.38193 3.7149 0.131381 1.35955 -0.053484 0.0958661 0.108503 0.266534 1.30375 2.59959 2.95472 2.22347 -0.128191 0.946028 -0.0186813 0.0862822 0.104461 0.379442 0.475914 1.00505 0.13364 0.187138 0.992927 -0.0226453 0.077372 1.92454 2.66849 0.392267 0.000841901 0.262545 0.501564 0.342837 -0.0855377 0.565774 3.35993 -0.0345476 0.177094 0.310567 1.09355 0.395424 0.115806 -0.0130468 0.0244132 0.109402 0.187816 -0.183512 3.66632 0.175625 0.965079 0.133429 0.435381 1.34399 0.213734 0.499872 -0.0414834 0.206144 0.253581 0.0878294 0.624874 0.518932 0.97574 0.0879789 -0.0549444 -0.175117 0.12581 -0.110516 -1.09451 0.0628291 0.789426 0.471848 0.917049 1.21235 0.158 0.389012 0.277181 1.32963
internal_weight=787429 232935 20905 1472 513 959 479 554494 212030 200710 24742 2813 1455 1253 620 11320 473 344357 175968 157697 19433 13955 1841 5478 52813 649 341068 36271 1442 1176 3289 34829 4848 2898 2552 1358 524 939 304797 52164 14478 981 12114 3295 218667 117091 39012 24731 2426 633 24507 534 21929 2876 563 2313 8819 29981 3794 13497 19053 2276 2070 818 2098 1794 10847 37686 210137 480 104884 422 8612 997 766 23973 3554 3235 405
internal_count=787429 232935 20905 1472 513 959 479 554494 212030 200710 24742 2813 1455 1253 620 11320 473 344357 175968 157697 19433 13955 1841 5478 52813 649 341068 36271 1442 1176 3289 34829 4848 2898 2552 1358 524 939 304797 52164 14478 981 12114 3295 218667 117091 39012 24731 2426 633 24507 534 21929 2876 563 2313 8819 29981 3794 13497 19053 2276 2070 818 2098 1794 10847 37686 210137 480 104884 422 8612 997 766 23973 3554 3235 405
is_linear=0
shrinkage=0.06


Tree=29
num_leaves=80
num_cat=0
split_feature=92 91 92 48 153 155 34 167 93 95 93 93 151 82 167 93 96 171 93 143 171 161 87 134 85 33 170 87 34 169 124 92 142 84 76 17 82 93 92 160 74 169 163 60 61 91 27 93 159 100 161 167 41 89 78 55 75 163 55 167 156 115 160 169 163 169 159 91 83 155 80 15 156 147 53 76 159 155 154
split_gain=1.30279e+06 523220 338928 211806 750611 1.59427e+06 939804 203767 1.62961e+06 963316 940668 159501 219701 328984 183957 825904 671366 686070 311074 156379 155597 154868 154559 198095 182161 369277 220339 149588 132449 130584 125881 135356 123320 117999 115602 111992 105082 194229 103108 110720 123197 105450 157441 98294.3 97902.1 94296.7 90015.2 88130.4 97756.9 120223 88192.8 96537.7 119133 86176.6 85909.6 84191.6 82801.5 78228.9 75180.8 233324 72350.9 70810.3 69906.3 69125 134735 68299.6 67633.1 65093.6 64278.6 63058 98637.9 62434.9 62096.3 76754.1 171350 61975.6 60455.6 93247.3 60274.2
threshold=19.276996612548832 49.328924179077156 10.575098037719728 8.4984998703002947 14.949999809265138 21.650000572204593 208.19362640380862 0.98296290636062633 40.032255172729499 1.0000000180025095e-35 69.34418106079103 86.285350799560561 105.50000000000001 8.3274998664855975 0.91597560048103344 40.032255172729499 189.75000000000003 4.5000000000000009 48.675550460815437 0.63605400919914257 9.5000000000000018 187.50000000000003 7.9789998531341562 7.4035000801086435 7.2034997940063485 136.91987609863284 0.86869874596595775 7.0009999275207528 241.01408386230472 0.89017060399055492 110.68750000000001 35.815979003906257 0.9170251488685609 20.899000167846683 15.82599973678589 34.286808013916023 9.7509999275207537 2.1506659984588627 30.925278663635257 6.1499998569488534 81.355056762695327 -0.99940761923789967 567.50000000000011 42.313499450683601 101.689998626709 23.70202732086182 178.57749938964847 97.214756011962905 993.35000610351574 74.51880264282228 322.50000000000006 -0.37940952181816096 49.702501296997077 6.1333665847778329 18.755000114440922 3.8837841749191289 -39.852499008178704 37.500000000000007 36.037214279174812 0.37940952181816107 78.500000000000014 9.0374999046325701 9.6500000953674334 0.96687895059585582 57.500000000000007 0.88621068000793468 973.35000610351574 24.366086006164554 7.5025000572204599 5.7500000000000009 2.6014999151229863 153.68073272705081 73.500000000000014 42.45000076293946 40.775075912475593 4.3015000820159921 981.85000610351574 31.550000190734867 1.0671141743659975
decision_type=10 10 8 8 10 10 10 2 10 10 10 10 10 8 2 10 8 2 10 10 2 10 10 8 8 8 2 10 10 2 8 10 10 8 2 10 10 10 10 10 10 2 10 8 8 8 8 8 10 10 10 2 10 8 10 8 8 8 10 2 10 8 8 2 10 2 10 10 8 8 10 10 10 8 10 2 8 10 8
left_child=2 11 61 4 -3 21 -7 34 22 10 20 14 63 -14 38 29 -17 19 -19 -18 28 -6 23 -9 25 -25 -27 -15 35 53 -31 55 44 -20 60 43 37 -34 41 40 56 42 -2 -10 -26 -36 -46 48 49 58 51 -49 -53 -16 71 -32 -40 67 -5 -60 -4 -1 72 -13 -65 -47 -41 -57 -58 70 -63 -48 73 74 -43 -71 77 -67 -75
right_child=1 3 7 47 5 6 -8 8 9 -11 -12 12 13 27 15 16 17 18 33 -21 -22 -23 -24 24 32 26 -28 -29 -30 30 31 -33 36 -35 45 -37 -38 -39 39 66 -42 62 -44 -45 46 65 54 50 -50 -51 -52 52 -54 -55 -56 57 68 -59 59 -61 -62 69 -64 64 -66 76 -68 -69 -70 75 -72 -73 -74 78 -76 -77 -78 -79 -80
leaf_value=1.0122042968234579 0.088293783213544141 -1.2012685844106752 -0.023215652357254462 0.42686921399674344 -1.3822462497486638 7.1160479400035133 2.1099571058420032 -0.10022674447337235 2.8322109850444668 -0.99168747253542722 -0.5390205878916039 -0.17457106291499597 2.7987420572360899 1.6579528248268309 -0.73454451582902902 -0.88113965802145933 2.7313304998471608 2.5097916317949389 -0.65055804092929048 4.6701792847455197 1.5131830263559798 0.60387915286645044 -0.075390552255411428 3.3281667033231095 -0.01237394513298776 -0.053129507917453529 2.1158274347587716 -0.11930175651084628 4.522019177685265 0.15481312794463692 -0.12612049921237406 1.9876628486996153 0.10936035116981058 1.1544516611153184 0.018923797225404007 1.9447066891073779 0.1396555558607529 2.284220442516824 1.346128171984506 1.1360429713894662 1.741506452306788 -0.11414497216329883 2.0000706164188244 4.3707431882387633 1.6277607597513446 0.13335178880704632 -0.027551658426399356 -0.77312482809587824 -0.24996874536410335 1.5662334720320457 0.91157655290274286 -0.3040268170122315 1.4443302136087586 0.10146287992517566 1.3281645949364311 0.80402901251306669 1.1785088644184276 0.51492074803849086 0.053008784384192785 2.3982148402934667 -0.10919761096063181 1.5088455437868873 0.0083667637430523498 1.5863173897926028 -0.054102037365596524 1.6745990516546376 0.093917266119044635 2.1418795440191367 0.27881884887574859 -0.13628813038554821 0.081129408808464892 1.1243507023000006 0.017029523343273428 0.064301025416708707 2.2155974757517205 -0.075213902242327546 0.30629236078059668 0.24252143458931916 0.19329017961581729
leaf_weight=208 396 365 151193 9906 261 232 324 5039 463 386 338 13603 218 213 457 340 348 296 317 272 225 306 19768 215 3865 610 232 838 237 4084 563 250 254 220 76838 298 418 353 288 227 234 258 254 230 231 6729 1077 619 655 370 294 418 210 14412 271 348 296 2144 339 277 45935 215 40639 238 733 348 13466 211 7721 87297 901 200 20208 24177 202 190018 1419 309 28318
leaf_count=208 396 365 151193 9906 261 232 324 5039 463 386 338 13603 218 213 457 340 348 296 317 272 225 306 19768 215 3865 610 232 838 237 4084 563 250 254 220 76838 298 418 353 288 227 234 258 254 230 231 6729 1077 619 655 370 294 418 210 14412 271 348 296 2144 339 277 45935 215 40639 238 733 348 13466 211 7721 87297 901 200 20208 24177 202 190018 1419 309 28318
internal_value=0.000217263 0.136425 -0.0435079 0.481931 1.16008 1.92795 4.20785 -0.00112405 0.136072 1.72496 2.31068 0.107936 -0.073707 0.683175 0.125816 0.278066 1.51694 2.07831 0.951636 3.58807 2.9735 -0.311193 0.0296995 0.192436 0.383303 1.11475 0.546294 0.242118 3.23962 0.179143 0.381446 0.644572 0.267222 0.0896958 -0.0179653 2.92868 0.872336 1.37582 0.0987895 0.217026 0.386574 0.0758207 0.837282 3.3484 0.157194 0.0402374 0.52539 0.404749 0.461622 0.504433 -0.021437 -0.241964 0.281982 0.0757205 0.359945 0.541187 0.348193 0.680174 0.46695 1.10977 -0.0432517 -0.0917999 0.0714641 -0.139653 0.349196 0.22621 0.111275 1.31194 0.31218 -0.0926282 0.357287 0.153595 0.106511 0.140657 0.911503 -0.0944401 0.526987 1.00246 0.133886
internal_weight=787485 191365 596120 14576 1488 1123 556 317481 34710 2177 1791 176789 15843 1269 160946 24262 1793 1453 833 620 1453 567 32533 12765 7726 1057 842 1051 1228 22469 7600 3516 6669 537 282771 991 1025 607 136684 22232 8539 114452 650 693 5644 85643 1779 13088 11547 10892 1541 1247 628 14869 1548 3266 8305 2703 10522 616 197128 278639 113802 14574 971 8805 13693 559 8017 278431 1116 1277 73163 52955 460 277315 2076 657 52495
internal_count=787485 191365 596120 14576 1488 1123 556 317481 34710 2177 1791 176789 15843 1269 160946 24262 1793 1453 833 620 1453 567 32533 12765 7726 1057 842 1051 1228 22469 7600 3516 6669 537 282771 991 1025 607 136684 22232 8539 114452 650 693 5644 85643 1779 13088 11547 10892 1541 1247 628 14869 1548 3266 8305 2703 10522 616 197128 278639 113802 14574 971 8805 13693 559 8017 278431 1116 1277 73163 52955 460 277315 2076 657 52495
is_linear=0
shrinkage=0.06


Tree=30
num_leaves=80
num_cat=0
split_feature=90 92 91 158 48 155 159 36 93 167 93 135 93 169 90 34 107 152 167 93 93 63 85 84 136 93 163 151 89 161 92 86 169 169 127 169 160 145 99 163 168 72 93 93 155 91 93 93 156 16 52 155 156 167 78 87 80 162 92 85 166 147 54 150 169 92 147 167 72 73 87 156 167 90 145 91 92 79 78
split_gain=1.16235e+06 466360 340407 187705 252660 1.02422e+06 1.77294e+06 248424 146631 151745 673779 714282 640458 204161 188413 175997 141390 240728 130691 1.12854e+06 254987 165080 329102 220129 127362 110426 151864 210332 109643 109022 99010.7 114581 93507.7 89999.2 99570.9 90926 88183 82518.1 263394 79910.7 124786 658055 159807 143542 117415 91706.5 111337 78598.6 76294.6 76076.6 79772.5 76032.6 75656.9 77019.6 72947.8 72550.9 72221.4 68597.3 77703.9 195506 316109 67519.5 67406.2 66725 63869 62248.1 91358.8 61874.1 162728 85184.7 139735 59284.9 76475.4 163683 605588 72092.6 58146.9 56702.7 56647.7
threshold=19.970352172851566 39.316127777099616 13.421922206878664 6.5000000000000009 8.4984998703002947 20.150000572204593 986.04998779296886 356.40222167968756 97.214756011962905 0.91597560048103344 40.032255172729499 53.376811981201179 60.713041305541999 -0.92599865794181813 33.728292465209968 245.30694580078128 -278.44999694824213 1.2440604567527773 0.98296290636062633 40.032255172729499 45.983898162841804 inf 11.809999942779543 10.101500034332277 35.622936248779304 69.34418106079103 1322.5000000000002 98.500000000000014 5.0881667137146005 117.50000000000001 51.686117172241218 21.302499771118168 -0.99940761923789967 0.96234640479087841 -35.390090942382805 0.9787549376487733 12.750000000000002 25.550000190734867 -17.602083206176754 692.50000000000011 -0.7865660786628722 62.04469299316407 60.713041305541999 48.675550460815437 23.750000000000004 57.859048843383796 15.686661243438722 13.780517101287844 54.500000000000007 190.15643310546878 58.167404174804695 5.7500000000000009 67.500000000000014 0.37940952181816107 1.0000000180025095e-35 8.7024998664855975 15.227499961853029 13.750000000000002 29.392271995544437 21.304999351501468 10.500000000000002 35.800001144409187 33.457654953002937 1.2080698609352114 0.95752912759780895 20.112592697143558 132.00000000000003 0.60355338454246532 57.772594451904304 42.663858413696296 17.505000114440922 70.500000000000014 0.37940952181816107 9.594149589538576 72.299999237060561 27.385002136230472 24.301028251647953 29.740499496459964 12.801000118255617
decision_type=10 8 10 8 8 10 10 10 10 2 10 8 10 2 10 8 8 10 2 10 10 8 10 8 10 10 10 10 8 8 8 8 2 2 10 2 10 8 8 10 2 10 10 10 10 8 10 10 10 10 8 8 8 2 8 8 8 8 10 8 2 10 8 10 2 10 10 2 10 10 8 10 2 8 8 10 10 10 8
left_child=2 8 28 4 5 -3 -7 39 9 32 48 -12 13 -13 -14 56 17 -10 24 21 55 64 23 -23 57 49 27 30 51 -25 31 -27 61 34 -18 -35 37 38 -34 40 41 -6 43 45 -44 78 -47 -41 -11 50 67 -1 53 -30 -39 -21 -15 58 71 60 -60 -2 -28 -56 -20 -55 -67 69 -69 70 -5 72 -4 74 -74 -75 -66 -65 -42
right_child=1 3 18 25 7 6 -8 -9 16 10 11 12 14 15 -16 -17 33 -19 19 20 -22 22 -24 29 -26 26 62 -29 52 -31 -32 -33 36 35 -36 -37 -38 54 -40 47 42 -43 44 -45 -46 46 -48 -49 -50 -51 -52 -53 -54 65 63 -57 -58 -59 59 -61 -62 -63 -64 77 76 66 -68 68 -70 -71 -72 -73 73 75 -76 -77 -78 -79 -80
leaf_value=0.7634742827449551 1.6867119878193877 -1.0716959552601153 0.026480862564517444 1.8804617372975831 0.4618039203986925 0.32685676135422648 7.4040124044514375 2.4934477308750727 -0.14830786494593956 0.33175850867774886 -0.7333384615251608 0.86961312862542961 -0.41426834623609959 3.0185918376173091 1.5888592492326845 1.9627455337641375 -0.18554921200290311 2.4378400464271599 -0.051900030406900194 2.0744580040981897 0.54507023647267328 2.6267900671500866 -0.19173697440800727 1.7642624446528719 1.3054771531086702 1.2738716060064128 -2.0170725109966674 1.6737854421404208 -0.044743828324387669 0.28641652237427861 -0.51418412174080064 -0.37441314414859961 2.5272766086044056 1.4137294211710683 1.0711738359928131 0.026989341792048125 -0.070622790427390489 1.1430251580439073 0.14524492614750736 0.37015808190795924 -0.63168981789567757 4.1637216850983743 -0.48925573795163502 1.8404009003869513 0.54113001900366864 0.55745702570886357 1.5097218195869189 -0.22580193637473014 0.06021727479928371 1.1153102275753408 -0.022303538452439549 -0.12222454830333816 -0.073531652181812804 0.052410860544124367 0.063524002159688772 3.2635887160087322 4.3942614860790963 -0.024141506825342579 3.0479909835091217 0.018460280345553741 0.20561850360956138 0.38540320751941276 -0.46018875947639121 0.12714563671907236 0.1812308695112172 1.4303576264867228 -0.038317094723694024 0.42266533669234918 2.1632074889619095 -0.26282729626555451 0.28971003089337105 -0.031014917512131923 3.7939863330551558 0.13400270120669341 -0.02674222753775166 1.1524185824690056 1.2253805197703027 0.34935590469640332 0.36553018935432752
leaf_weight=349 207 343 25342 206 1135 322 210 207 333 5129 541 207 457 340 267 397 13043 211 13701 379 278 310 1093 262 272 295 201 246 77540 569 1180 311 209 261 230 486 12684 236 819 2169 213 203 1099 285 623 2111 559 1258 13603 368 3022 115426 195726 33608 80946 378 249 94809 234 1262 352 466 200 17624 2837 291 319 1279 227 957 5045 23453 209 13447 517 254 205 5401 4975
leaf_count=349 207 343 25342 206 1135 322 210 207 333 5129 541 207 457 340 267 397 13043 211 13701 379 278 310 1093 262 272 295 201 246 77540 569 1180 311 209 261 230 486 12684 236 819 2169 213 203 1099 285 623 2111 559 1258 13603 368 3022 115426 195726 33608 80946 378 249 94809 234 1262 352 466 200 17624 2837 291 319 1279 227 957 5045 23453 209 13447 517 254 205 5401 4975
internal_value=-0.000159008 0.132034 -0.0403796 0.351701 0.492782 1.48306 3.12912 0.434286 0.090404 0.109281 0.25717 1.19096 1.73412 2.5879 0.325627 2.94739 -0.0907679 0.857408 0.0286935 0.173254 2.10161 0.0679765 0.552318 1.26461 0.0106288 0.187928 -0.178112 0.0326722 -0.0697811 0.753916 -0.194182 0.428746 0.0828543 -0.127617 -0.163693 0.512755 0.0788256 0.0968392 0.631515 0.404982 0.482536 1.02615 0.40871 0.51975 -0.116376 0.471624 0.757317 0.151388 0.134582 0.26814 0.239 -0.119548 -0.0510423 -0.0116555 0.0915586 2.67176 3.60662 0.00841769 0.0558571 0.439252 1.34389 0.787566 -1.24365 0.0891609 0.00332223 0.0633239 0.663507 0.341357 0.686279 0.257585 0.352462 0.0446436 0.0892614 0.19953 1.07687 0.152966 0.251976 0.179283 0.324474
internal_weight=787017 183595 603422 29249 15712 875 532 14837 154346 139782 21190 2458 1917 1193 724 986 14564 544 180163 20012 1035 18977 2234 1141 160151 13537 2433 2032 423259 831 1786 606 118592 14020 13273 747 117919 105235 1028 14630 11203 1338 9865 8143 1722 7858 2670 3427 18732 11104 10736 115775 307484 111758 104207 757 589 159879 65070 1848 586 673 401 103971 16743 34218 610 7714 1506 6208 5251 63222 39769 14427 726 13701 3042 23025 5188
internal_count=787017 183595 603422 29249 15712 875 532 14837 154346 139782 21190 2458 1917 1193 724 986 14564 544 180163 20012 1035 18977 2234 1141 160151 13537 2433 2032 423259 831 1786 606 118592 14020 13273 747 117919 105235 1028 14630 11203 1338 9865 8143 1722 7858 2670 3427 18732 11104 10736 115775 307484 111758 104207 757 589 159879 65070 1848 586 673 401 103971 16743 34218 610 7714 1506 6208 5251 63222 39769 14427 726 13701 3042 23025 5188
is_linear=0
shrinkage=0.06


Tree=31
num_leaves=80
num_cat=0
split_feature=76 92 92 144 76 76 144 76 97 166 168 93 93 166 148 151 145 35 85 73 151 36 115 163 118 82 92 46 163 34 76 136 119 92 91 81 163 136 91 166 92 163 35 153 163 151 109 163 93 147 27 128 168 73 170 155 53 83 53 151 33 55 162 171 160 93 43 93 27 160 92 145 80 55 72 166 16 16 84
split_gain=1.03064e+06 439480 377871 187439 184476 180761 151127 337965 144561 134277 385921 339959 818701 1.00969e+06 721764 451468 278779 273993 235357 215288 198552 306387 350539 240268 179578 149649 143992 131527 122634 131590 110832 107069 102227 101936 94966.8 119895 80950.8 78363.9 74724.7 176652 73914.4 73821.6 73113.6 66087.9 65729.3 75420.7 206010 70007.5 65530.4 65099.2 89884.3 87040.5 81879.4 204419 93154.1 63919.3 62797.9 75624.6 60406.9 60355 134163 59148.8 77552.5 94024 85962.3 58545.4 57893.8 56556.2 55389 54257.6 53312.5 52561.4 101909 52558.3 51094.8 109109 148739 66101.3 50516.6
threshold=18.677499771118168 30.925278663635257 14.236160755157472 5.0000000000000009 36.201499938964851 37.212499618530281 5.0000000000000009 91.225002288818374 250.59375000000003 10.500000000000002 0.37940952181816107 34.430917739868171 69.34418106079103 6.5000000000000009 0.27284823358058935 110.50000000000001 69.299999237060561 324.10169982910162 9.7049999237060565 57.567678451538093 113.50000000000001 55.344425201416023 19.118749618530277 227.50000000000003 27.473475456237797 6.740999937057496 24.089902877807621 36.268499374389656 512.50000000000011 295.83786010742193 8.1340003013610858 35.622936248779304 1.0537901520729067 18.91466045379639 30.35908126831055 13.301500320434572 141.87500000000003 -8.1833434104919416 21.231276512146 9.0000000000000018 21.203570365905765 107.50000000000001 369.66743469238287 23.44999980926514 1527.5000000000002 145.50000000000003 -275.04301452636713 457.50000000000006 22.771637916564945 934.10000610351574 252.01499938964847 0.40957713127136236 -0.7865660786628722 38.356708526611335 0.25829915702342993 22.44999980926514 7.5743706226348886 11.703499794006349 82.142013549804702 191.50000000000003 174.23127746582034 1.763169050216675 14.650000095367433 4.5000000000000009 16.250000000000004 86.285350799560561 9.8860001564025897 20.225480079650882 114.00999832153322 24.750000000000004 3.8748210668563847 56.049999237060554 8.6460003852844256 9.5750823020935076 84.05374908447267 10.500000000000002 44.922616958618171 67.731025695800795 9.7049999237060565
decision_type=2 8 10 2 2 2 2 2 10 2 2 10 10 2 10 10 10 8 8 10 8 8 10 8 8 10 10 8 8 8 2 10 8 10 10 8 10 8 8 2 8 8 10 10 10 10 8 10 8 8 8 8 2 10 2 8 8 8 10 10 8 8 10 2 10 10 8 8 10 10 10 8 8 10 8 2 10 10 8
left_child=2 3 30 4 -2 44 7 67 9 10 11 18 13 14 17 38 -17 19 20 25 -4 22 23 -22 -15 33 -27 -23 29 -29 69 36 -31 -13 59 -36 71 -8 39 -14 -5 48 -26 56 45 47 -47 49 -6 -3 51 -51 53 -52 -54 -53 -39 68 74 78 -61 62 63 -38 -64 -49 -45 -7 -58 70 -1 72 -11 -25 77 76 -76 -59 -20
right_child=1 5 8 40 41 6 37 -9 -10 31 -12 12 15 24 -16 16 -18 -19 34 -21 21 27 -24 73 42 26 -28 28 -30 32 -32 -33 -34 -35 35 -37 61 43 -40 -41 -42 -43 -44 66 -46 46 -48 65 -50 50 52 55 54 -55 -56 -57 57 58 -60 60 -62 -63 64 -65 -66 -67 -68 -69 -70 -71 -72 -73 -74 -75 75 -77 -78 -79 -80
leaf_value=-0.14594058525315542 0.18470327517748886 0.088056209226721596 -0.0080991697198865634 0.0066751890921250435 0.91210644060269264 0.47273482045126647 -0.51133887387770982 2.8834126513389715 1.3274265422642235 1.6439661850448293 -0.076036610767576354 2.6724498419328171 -0.4491209943442569 1.9736823754499453 -0.9874635193730128 3.2769857650608207 0.32125202622102655 0.3750579918654901 0.23936607033377458 0.97042904084637049 2.4063284173253208 -0.15295677417032694 3.6554265604862892 -0.095961371472437093 0.011386115055339706 2.9555771898923218 4.7894084173027824 2.0564264559666667 -0.050149903324961456 0.066152678660371084 -0.034376898275523655 1.1059975635057591 1.6256250891166848 1.0368240156549537 1.6087193711280823 0.23837305359676969 1.7404374531953868 -0.74673354846496987 -0.23113991303960074 1.7125863815025715 0.098773065314973457 0.52243464237483739 1.1984113221214261 1.4276279910490279 -0.18278471360806742 2.0701677911516123 0.26038803276610062 -0.010555534720238407 2.1767328368971497 1.7842170153964649 0.25198783801155006 1.1874203152555165 0.41089558433032103 2.4461830681111754 -0.088830034287013027 0.24678413019136344 0.27806364806291695 0.45103422928304016 -0.22930502225714386 1.8510162166105997 -0.32900797034668566 -0.083046404817777961 -0.35704633647789968 0.30794004912147505 0.97801868079281451 -0.95623600347496651 0.49010171339214675 1.2474784025423638 1.537934531064223 0.88679118735374574 -0.080529869403257889 0.028633530963336679 0.194999306077486 0.94204328105249224 0.58535859011032665 0.12022882629203349 2.5741985253502828 0.099487993173338715 -0.00092395525592946996
leaf_weight=59947 14806 6611 2107 68015 552 1798 361 265 310 201 31958 439 307 201 261 230 229 223 3517 251 311 1095 221 364 2216 714 201 338 508 439 186151 304 230 202 299 985 222 207 4712 243 58228 1467 203 245 1729 283 1119 2840 202 252 602 387 2689 204 2681 791 216 3474 803 202 203 49760 852 636 217 256 6815 418 301 201 178231 40930 1298 338 413 640 201 4320 30083
leaf_count=59947 14806 6611 2107 68015 552 1798 361 265 310 201 31958 439 307 201 261 230 229 223 3517 251 311 1095 221 364 2216 714 201 338 508 439 186151 304 230 202 299 985 222 207 4712 243 58228 1467 203 245 1729 283 1119 2840 202 252 602 387 2689 204 2681 791 216 3474 803 202 203 49760 852 636 217 256 6815 418 301 201 178231 40930 1298 338 413 640 201 4320 30083
internal_value=-0.000329074 0.123892 -0.0382679 0.0743597 0.261223 0.297307 0.423308 0.862261 0.0349628 0.0327076 0.0879746 0.18902 0.491522 1.05971 1.97945 0.00367897 1.80624 2.36121 0.111023 2.60597 0.460034 0.716565 1.49523 1.02081 0.255018 2.86901 3.36321 0.347985 0.709913 1.09301 -0.0690693 -0.0163611 0.60392 2.15943 0.052156 0.558484 -0.0199981 0.362747 -0.153871 0.507335 0.0491546 0.77102 0.111454 0.380668 0.171088 0.203789 0.626915 0.16949 1.25334 0.225791 0.345479 0.77399 0.246152 0.809685 0.161435 0.55655 0.285717 0.3064 0.269211 0.0330216 0.760194 -0.0704138 0.255665 0.680181 -0.0853761 -0.0890348 0.522834 0.61937 1.01312 -0.0961604 -0.0969936 0.0414184 0.390257 0.404448 0.313474 0.668839 1.23956 0.25622 0.0242342
internal_weight=787281 184191 603090 143270 17027 40921 20477 2481 178560 178250 83830 51872 10632 4911 2291 5721 459 2030 41240 1807 5951 3844 1234 1013 2620 1556 915 2610 1515 1007 424530 94420 669 641 35289 1284 94116 17996 5262 550 126243 2221 2419 17635 20444 18715 1402 17313 754 14217 7606 1430 6176 806 5370 1178 10575 10368 9851 34005 405 51687 1927 858 1069 3096 7060 2216 517 238379 238178 42429 1499 702 9048 1254 614 7794 33600
internal_count=787281 184191 603090 143270 17027 40921 20477 2481 178560 178250 83830 51872 10632 4911 2291 5721 459 2030 41240 1807 5951 3844 1234 1013 2620 1556 915 2610 1515 1007 424530 94420 669 641 35289 1284 94116 17996 5262 550 126243 2221 2419 17635 20444 18715 1402 17313 754 14217 7606 1430 6176 806 5370 1178 10575 10368 9851 34005 405 51687 1927 858 1069 3096 7060 2216 517 238379 238178 42429 1499 702 9048 1254 614 7794 33600
is_linear=0
shrinkage=0.06


Tree=32
num_leaves=80
num_cat=0
split_feature=92 92 53 53 155 99 154 76 167 93 93 117 35 72 87 160 156 163 167 16 136 158 155 159 164 74 160 90 135 167 72 166 156 156 165 155 34 72 155 168 155 41 145 92 165 148 34 74 165 151 61 135 20 93 156 153 162 158 163 162 93 147 82 169 165 167 155 156 147 54 166 160 93 35 161 169 167 87 35
split_gain=907837 444039 196718 435136 1.06556e+06 1.04149e+06 908998 196619 165585 535481 1.84135e+06 710358 227003 199264 132600 129936 121764 136149 135325 128127 262337 594693 275831 420533 154050 230956 124766 118103 117780 122262 292864 546134 493686 457237 356765 477066 192227 131631 116753 116654 115656 110899 110412 103643 119721 198135 117038 103117 103074 101428 100164 153890 339377 96584.6 87701.8 84040 83388.1 81901.3 79039.5 103687 78086.4 75464.8 74499.6 74225.2 73551.1 214467 73230.4 181373 71907.6 86699.2 69903.4 69469.8 90531.5 83532 68945.9 67193 78104.5 66875.6 123909
threshold=14.85696601867676 34.410543441772468 6.0203282833099374 8.4727926254272479 20.150000572204593 -14.336931705474852 0.946548491716385 16.563500404357914 0.98296290636062633 34.430917739868171 60.713041305541999 -68.633247375488267 312.31628417968756 62.865177154541023 14.00500011444092 15.550000190734865 73.500000000000014 1652.5000000000002 -0.6035533845424651 37.290441513061531 -3.6313970088958736 82.500000000000014 34.649999618530281 978.95001220703136 0.98897820711135875 18.170060157775882 10.550000190734865 28.102890968322757 6.5453124046325692 0.37940952181816107 62.04469299316407 5.0000000000000009 26.500000000000004 58.500000000000007 0.11319890245795251 18.650000572204593 314.84408569335943 56.218793869018562 17.250000000000004 0.12940952181816107 19.750000000000004 inf 96.299999237060561 25.253154754638675 0.26722820103168493 0.36162348091602331 548.30120849609386 91.997875213623061 -0.97233289480209339 195.50000000000003 inf 21.643607139587406 152.51249694824222 1.4549810886383059 50.500000000000007 18.44999980926514 2.2500000000000004 86.500000000000014 42.500000000000007 14.250000000000002 53.128808975219734 31.050000190734867 4.0014998912811288 0.97508442401885997 0.96811076998710643 -0.98296290636062611 19.050000190734867 56.500000000000007 580.19998168945324 29.441474914550785 5.0000000000000009 5.1499998569488534 26.984488487243656 331.80430603027349 305.50000000000006 0.75014290213584911 0.91597560048103344 9.4024996757507342 283.88720703125006
decision_type=10 10 8 8 10 10 10 2 2 8 8 10 8 10 10 10 10 10 2 8 8 10 10 10 10 8 8 8 8 2 8 2 8 8 8 10 10 10 10 2 8 8 10 10 10 8 10 10 8 10 8 8 8 10 8 10 8 10 10 10 8 10 10 2 10 2 10 10 8 10 2 8 8 8 10 2 2 8 8
left_child=7 8 57 4 38 6 -6 53 16 50 11 12 13 14 62 28 17 18 -2 20 21 42 24 -24 40 -26 43 -9 -5 37 48 63 -33 36 -35 -36 -34 64 -4 -39 -22 -12 -20 -21 -45 -46 47 58 -31 55 54 -52 -53 -1 68 -18 -50 -3 59 -47 -58 -57 -11 -32 71 -66 -62 -68 69 -10 -55 73 -73 -30 -41 -29 -77 78 -56
right_child=1 2 3 15 5 -7 -8 27 9 10 41 -13 -14 -15 -16 -17 49 -19 19 26 22 -23 23 -25 25 -27 -28 75 29 30 31 32 33 34 35 -37 -38 39 -40 74 -42 -43 -44 44 45 46 -48 -49 56 -51 51 52 -54 70 77 61 60 -59 -60 -61 66 -63 -64 -65 65 -67 67 -69 -70 -71 -72 72 -74 -75 -76 76 -78 -79 -80
leaf_value=-0.1042214857598586 -0.0092473401842169817 -1.0654892190724794 0.25488067380558865 0.021230457813152661 2.0641223888779865 -0.040517706091914858 7.4177943073609551 0.026607086915247134 1.4547476921688045 1.608428435267707 -0.29332998309683717 -0.95991338137181226 0.45880185547159674 0.89655263207953062 3.9915551780251897 -0.35559901687545398 -0.10027690972414167 -0.089788141315987627 -0.073708779441468794 0.10309207235752883 1.3983524666148168 3.406800520851756 -0.13058432816399621 3.6680858977851938 2.7131490258761306 -0.093892543167841624 0.0097438560674771579 0.14660334133176608 0.43648971118139501 1.6345046951781923 -0.54337776618458888 4.4302718839494979 -0.68483326834519853 0.30568478097654367 1.6988815529248751 5.46393127287394 1.5603037691540063 -0.43538612788969033 -1.636349712787019 0.017171076375846785 0.019615364285682522 0.94808832118083641 1.5174788838172975 0.10601543195434719 1.807300027429366 0.40655424604584511 1.6130241357721389 1.3990017994533974 1.5039382046486796 1.1846858850324555 0.062619756550663486 2.7117809789797005 0.31832351255076186 -0.10683930569904027 0.68132374113626859 0.89140702516509684 0.35785909255198667 0.31004885531284593 0.22338767717765698 2.0357381056336794 -0.56963904980639757 0.031372557054140993 2.7749842847579211 0.62193108359988969 2.4411073471061822 0.22416896813093798 -0.42669033228849695 1.3586577238806758 0.034236528383971121 0.38208990982862878 -0.029793755898074342 0.30134681427270604 -0.21708106022003887 1.5710137680558007 0.98872421709942471 0.39782116302825427 1.300724198057664 -0.041087685800372586 -0.22915539011989586
leaf_weight=147747 45120 536 212 4800 242 279 217 42208 341 246 3064 257 200 222 288 1155 35317 19047 613 56253 225 312 217 202 200 222 40082 3750 1885 213 557 213 392 218 304 202 210 1792 262 825 7105 282 210 7822 360 455 263 310 202 243 1712 294 771 52154 1304 372 7109 219 6841 203 694 24025 1105 303 225 516 534 331 1542 1318 226531 5560 1550 266 385 2054 414 20075 915
leaf_count=147747 45120 536 212 4800 242 279 217 42208 341 246 3064 257 200 222 288 1155 35317 19047 613 56253 225 312 217 202 200 222 40082 3750 1885 213 557 213 392 218 304 202 210 1792 262 825 7105 282 210 7822 360 455 263 310 202 243 1712 294 771 52154 1304 372 7109 219 6841 203 694 24025 1105 303 225 516 534 331 1542 1318 226531 5560 1550 266 385 2054 414 20075 915
internal_value=0.000264505 0.0797079 0.289961 0.312798 1.42724 2.85158 4.60578 -0.0519937 0.0553678 0.179609 0.712042 2.01141 2.38221 2.58856 2.81706 0.268381 0.0382292 0.0621909 0.0795236 0.112382 0.326339 1.18069 0.207535 1.70513 0.126379 1.23973 0.0946951 0.0625744 0.293002 0.346274 0.488954 1.07846 1.75483 1.32205 2.33694 3.20974 0.0996428 0.220265 -0.791727 -0.128144 0.0621217 -0.188452 0.333654 0.141656 0.275104 0.431929 0.370374 0.328321 0.333153 -0.0361297 0.0729198 0.415043 0.980977 -0.0650043 0.0356398 -0.0411174 0.301722 -0.66661 0.28388 0.911501 0.273535 0.0445222 2.56392 -0.132564 0.324839 0.899711 -0.110964 0.257269 0.329271 0.603313 -0.0442126 0.278749 0.188313 0.577454 0.326863 0.306678 0.549746 -0.00653309 0.305955
internal_weight=787221 312363 32408 31653 1212 738 459 474858 279955 33936 5664 2318 2061 1861 1639 30441 246019 186062 167015 121895 9306 1135 8171 419 7752 422 112589 48426 29286 24486 11482 2399 1539 1326 724 506 602 13004 474 3002 7330 3346 823 72507 16254 8432 8072 7809 9083 59957 28272 2777 1065 426432 25495 59714 8870 755 7499 658 8668 24397 1351 860 10002 741 1559 865 3201 1659 278685 9261 7110 2151 1210 6218 2468 22294 2219
internal_count=787221 312363 32408 31653 1212 738 459 474858 279955 33936 5664 2318 2061 1861 1639 30441 246019 186062 167015 121895 9306 1135 8171 419 7752 422 112589 48426 29286 24486 11482 2399 1539 1326 724 506 602 13004 474 3002 7330 3346 823 72507 16254 8432 8072 7809 9083 59957 28272 2777 1065 426432 25495 59714 8870 755 7499 658 8668 24397 1351 860 10002 741 1559 865 3201 1659 278685 9261 7110 2151 1210 6218 2468 22294 2219
is_linear=0
shrinkage=0.06


Tree=33
num_leaves=80
num_cat=0
split_feature=90 92 92 165 162 136 167 93 93 63 85 95 28 90 137 76 158 155 50 112 93 90 35 62 90 54 161 170 74 92 167 72 93 35 161 158 52 147 86 92 167 93 152 72 93 167 115 171 25 169 88 168 93 79 162 41 169 93 169 168 165 169 80 162 159 35 15 71 93 87 100 92 90 162 159 169 85 34 93
split_gain=799528 321704 278965 191906 306252 166445 168614 1.07543e+06 230624 193955 322826 305488 300329 286711 119189 107075 105336 144245 468466 846862 283665 159033 147354 94973.6 125810 108156 94119.5 227752 120089 92389.2 91874.1 152477 133515 114169 109274 92178 250088 146884 79708.1 73087.1 71118 141247 544644 1.05739e+06 248743 687663 475416 426252 316874 152510 151287 91137 148571 89301.4 78589.2 70582.5 70332.1 67519.2 67033.6 66164.1 124346 196444 162787 65417.4 65114.3 63369.4 101758 137047 93238 93691.7 223313 282029 133564 62416.4 80785.4 264904 233587 255127 69828.9
threshold=20.933333396911625 39.316127777099616 13.439270973205568 -0.98624804615974415 10.750000000000002 35.622936248779304 0.98296290636062633 40.032255172729499 45.983898162841804 inf 11.809999942779543 13.799999713897707 186.2289962768555 11.86154365539551 0.18056352436542514 8.1340003013610858 6.5000000000000009 20.150000572204593 8.2909998893737811 -0.52592340111732472 60.713041305541999 60.499528884887702 510.54666137695318 142.13000488281253 13.038934707641603 31.223652839660648 63.500000000000007 -0.36648371815681452 86.058830261230483 48.045743942260749 0.60355338454246532 46.325979232788093 4.0347380638122567 178.70038604736331 344.50000000000006 15.500000000000002 16.898955345153812 952.75000000000011 9.427500247955324 23.282589912414554 0.37940952181816107 40.032255172729499 1.1544075012207033 50.878858566284187 69.34418106079103 0.98296290636062633 103.53541564941408 8.5000000000000018 202.06600189208987 0.96687895059585582 16.304999351501468 0.12940952181816107 8.7069807052612322 13.803500175476076 3.6499999761581425 5.3540000915527353 -0.47558552026748652 17.307902336120609 0.99168354272842418 -0.37940952181816096 0.18222858756780627 -0.24372956901788709 9.805000305175783 7.6499998569488534 985.85000610351574 305.51803588867193 176.77256011962893 29.138646125793461 22.771637916564945 11.00500011444092 80.813373565673842 18.163623809814457 12.872083187103273 13.650000095367433 991.64999389648449 -0.77786767482757557 17.404999732971195 312.71495056152349 12.932793617248537
decision_type=10 8 10 8 10 10 2 10 10 8 10 10 8 8 10 2 8 10 8 8 10 10 10 8 8 10 10 2 10 8 2 10 10 10 10 8 8 10 10 10 2 10 10 10 10 2 8 2 10 2 10 2 10 8 8 8 2 10 2 2 10 2 10 10 10 8 10 8 10 8 8 10 8 8 10 2 8 10 10
left_child=2 14 15 4 -3 6 57 9 -9 23 11 12 -11 -14 -2 -1 17 20 19 -19 21 -5 26 65 25 -25 27 -20 29 -28 32 -32 -18 -33 35 36 -34 55 -15 -12 51 -42 44 50 45 54 -47 53 -49 59 -44 52 -16 -48 -43 -37 -23 73 -59 60 -46 62 -62 -35 -29 66 68 -68 69 70 -8 72 -72 74 -4 76 77 -76 -77
right_child=1 3 5 16 -6 -7 7 8 -10 10 39 -13 13 38 40 -17 30 18 22 -21 -22 56 -24 24 -26 -27 28 64 -30 -31 31 33 34 63 -36 37 -38 -39 -40 -41 41 42 43 -45 49 46 47 48 -50 -51 -52 -53 -54 -55 -56 -57 -58 58 -60 -61 61 -63 -64 -65 -66 -67 67 -69 -70 -71 71 -73 -74 -75 75 78 -78 -79 -80
leaf_value=-0.087125577886814271 -0.13615151224844477 0.051043207279714453 0.026715776035306549 0.18398305652668373 3.1024893602450687 1.3845147048764759 -0.049433253769370772 2.3733908830708614 0.46695821658118825 3.6180974745452401 -0.27123483116887792 -0.2807044414891286 3.090519831227784 1.120976034732575 0.11208439096074704 -0.025959089915021237 0.39859518166301017 4.8557723255092347 2.7341222885800796 -0.43160629520911981 -0.74564629874304011 2.1032648972985899 2.029868038869715 0.2567488115684014 0.1023226565618101 2.0518250217187379 -0.058664045775330714 0.036483702988494474 1.3651668274769415 0.40368368381006664 0.17946415299918422 2.1252255057315437 -2.5576239283583058 1.3806106284378779 0.96240751130061908 0.77591342997550961 -0.11710287905153367 1.5068286934327071 -0.35415480831217377 0.90665349174719467 0.097255449010370976 1.1288353261615656 1.4636366435158543 5.6208827673798734 -0.38948925294203707 -0.88928147938305679 2.4476280069894703 2.3736462109565735 -0.6162153248951352 1.1266600939552411 -0.68212012717402293 0.13971054938620087 -0.11177269579693068 3.8660699745525013 -0.0058041166475450729 -0.14771121726497347 0.77722491759607293 -0.16309864988635586 0.48353719673338891 -0.25807055282244551 0.45810110126654136 -0.26328365780588348 2.7573237139930096 -0.0958098369931938 1.3048262675520446 -0.22095715101854185 2.0904914798220591 -0.019414482755406248 -1.1066421943531846 -0.04900101970855289 1.746763995639071 3.1202968745766317 -0.16482531362334671 -0.015738470027937806 0.74739323380850975 0.098387140051126767 0.30709889624870107 3.7380933683903477 1.1451254077943471
leaf_weight=231358 8710 250 54382 3151 224 323 1498 925 304 239 1178 355 201 281 20882 185751 3181 237 205 201 1065 213 202 218 1129 271 2077 448 389 6198 1762 293 200 201 351 314 610 212 247 225 48418 236 245 201 688 219 328 249 260 376 227 26260 21830 329 3021 5476 447 11745 606 3754 231 403 213 232 215 4587 200 247 264 9863 204 203 367 101437 207 11796 500 204 233
leaf_count=231358 8710 250 54382 3151 224 323 1498 925 304 239 1178 355 201 281 20882 185751 3181 237 205 201 1065 213 202 218 1129 271 2077 448 389 6198 1762 293 200 201 351 314 610 212 247 225 48418 236 245 201 688 219 328 249 260 376 227 26260 21830 329 3021 5476 447 11745 606 3754 231 403 213 232 215 4587 200 247 264 9863 204 203 367 101437 207 11796 500 204 233
internal_value=-0.000544621 0.116677 -0.0317451 0.300644 1.49657 0.0256707 0.0235136 0.176517 1.90259 0.0790218 0.552292 1.22431 1.77597 1.1679 0.0786233 -0.0598865 0.280259 0.387953 0.516559 2.43392 0.119613 0.361545 0.430042 0.0112763 0.450864 1.25372 0.39593 0.991315 0.336174 0.287643 0.153946 0.481226 0.0751878 1.21235 -0.068469 -0.12172 -0.722111 -0.0405876 0.43154 -0.0818249 0.0931968 0.14132 0.335604 1.98806 0.227524 0.553092 1.67245 2.15394 0.848195 -0.0393015 0.432413 0.051752 -0.00232836 3.16272 0.0767323 -0.0974964 1.20771 0.00407712 -0.131335 -0.122388 0.209389 0.695731 1.56482 0.591151 0.449132 -0.0295464 0.0388136 0.927174 0.0067149 0.0310255 0.378298 1.20512 0.519984 0.0139883 0.0587784 0.193513 1.17941 2.2373 0.118756
internal_weight=786982 165434 621548 28354 474 204439 204116 23006 1229 21777 2726 1323 968 729 137080 417109 27880 15048 10172 438 4876 3811 9734 19051 1618 489 9532 868 8664 8275 12832 2488 10344 726 7163 6812 810 6002 528 1403 128370 59398 10980 673 10307 4642 1385 1166 509 5665 472 68972 42712 657 3257 5790 660 181110 12351 5289 1535 847 444 433 663 17433 12846 447 12399 12135 2272 774 571 168759 67322 12940 911 411 12029
internal_count=786982 165434 621548 28354 474 204439 204116 23006 1229 21777 2726 1323 968 729 137080 417109 27880 15048 10172 438 4876 3811 9734 19051 1618 489 9532 868 8664 8275 12832 2488 10344 726 7163 6812 810 6002 528 1403 128370 59398 10980 673 10307 4642 1385 1166 509 5665 472 68972 42712 657 3257 5790 660 181110 12351 5289 1535 847 444 433 663 17433 12846 447 12399 12135 2272 774 571 168759 67322 12940 911 411 12029
is_linear=0
shrinkage=0.06


Tree=34
num_leaves=80
num_cat=0
split_feature=77 90 92 144 77 144 77 166 166 91 108 85 93 93 166 152 93 166 35 145 89 46 142 60 60 163 99 171 93 89 21 148 16 142 77 29 93 163 163 93 52 82 145 152 171 2 9 92 92 93 92 145 92 90 66 19 124 26 46 87 35 155 55 162 170 92 5 66 91 169 93 67 163 91 145 169 92 127 94
split_gain=717879 291838 290224 166965 121134 120182 377756 116101 246471 300886 752567 248162 192647 342298 578599 165440 204888 293929 388497 299551 260335 188538 175749 169550 158020 154926 147734 141625 135978 134365 128729 118076 112618 102317 90998.6 80163.4 83522.3 78079.1 76296.5 104141 85897.1 74617.7 111097 74498.4 74049.5 74045.3 75975.5 83335.1 73122.3 71907.5 68002.4 67666.9 67164.9 66396.2 138601 151881 175688 261493 169696 170073 85634.4 79039.3 66236.6 121719 66216.8 67284.5 132801 127005 60709 57509.3 56979.1 56555.3 56288.2 74768.4 211591 217056 54535.3 53559.8 52920.9
threshold=21.701499938964847 41.00279617309571 13.618176937103273 5.0000000000000009 37.212499618530281 5.0000000000000009 91.225002288818374 5.0000000000000009 10.500000000000002 63.005044937133796 -220.08967590332028 9.5025000572204608 34.430917739868171 48.675550460815437 6.5000000000000009 0.84273469448089611 86.285350799560561 6.5000000000000009 312.31628417968756 42.649999618530281 20.708367347717289 30.804999351501468 0.35019405186176306 30.451499938964847 63.882499694824226 682.50000000000011 -28.262110710144039 7.5000000000000009 40.032255172729499 6.5264666080474862 160.254997253418 0.54576763510704052 226.41547393798831 -0.64942333102226246 8.3015003204345721 139.01249694824222 86.285350799560561 42.500000000000007 882.50000000000011 40.032255172729499 6.8715281486511239 1.9510000348091128 77.90000152587892 1.0518479943275454 8.5000000000000018 243.05000305175784 222.03749847412112 44.817646026611335 17.489739418029789 30.644845008850101 24.089902877807621 47.549999237060554 23.856157302856449 9.8937749862670916 21.801499366760257 97.770000457763686 125.97916793823244 138.02249908447268 39.187500000000007 13.603500366210939 348.80001831054693 13.949999809265138 0.58758544921875011 15.550000190734865 -0.39036008715629572 19.405698776245121 129.004997253418 18.677499771118168 16.716180801391605 0.9996619224548341 24.784158706665043 32.301500320434577 712.50000000000011 30.35908126831055 29.849999427795414 -0.29343378543853754 51.686117172241218 -46.475582122802727 14.471000194549562
decision_type=2 8 10 2 2 2 2 2 2 10 8 8 10 10 2 8 10 2 8 8 10 8 10 10 10 10 8 2 8 10 8 8 10 10 2 8 10 8 8 10 8 10 10 10 2 10 10 10 10 10 8 8 10 10 8 8 8 8 10 10 10 8 8 8 2 10 8 8 8 2 10 10 10 10 10 2 10 8 10
left_child=2 3 34 4 -2 6 78 76 11 37 -11 15 53 14 33 -9 17 18 20 -19 21 23 27 68 31 -18 -21 48 -24 -27 -26 -15 -20 -14 -1 36 -33 51 40 -40 -7 -41 77 -37 -35 46 69 -48 -23 -39 -5 -10 -16 54 -13 56 -56 -58 60 -60 -57 -55 63 -51 -28 -66 67 -67 -17 -42 -6 -32 73 -63 75 -75 -4 -43 -3
right_child=1 5 7 50 70 38 -8 8 9 10 -12 12 13 24 52 16 25 19 32 26 -22 22 28 -25 30 29 64 -29 -30 -31 71 35 -34 44 -36 43 -38 49 39 41 45 42 -44 -45 -46 -47 47 -49 -50 62 -52 -53 -54 61 55 58 57 -59 59 -61 -62 72 -64 -65 65 66 -68 -69 -70 -71 -72 -73 -74 74 -76 -77 -78 -79 -80
leaf_value=-0.081839111964319949 0.19749411296910532 0.34978750852425078 -0.0581822560139734 0.014312042562657262 0.54173389645401826 -0.74616811411009087 2.7449495138550972 -0.057502812195546177 1.2155219377314299 4.306796282899791 -0.19551601653586009 -0.16160930902497808 1.3081508016984258 1.2941516047843864 -0.11801789527554339 0.96178437341271972 -0.24431588345719804 2.1688276110594402 -0.59322004668334816 1.4605483479636177 -0.39484987719267745 1.5402346651797945 4.2665606729973344 2.1924890696687518 1.9164937505192225 0.019324452112882563 -0.40843343064241422 0.38544036890545935 2.2178092246383203 2.117399421960402 0.87454648850080752 1.101768144461162 0.86528481737056873 2.1054687685786551 -0.025083687228286446 -0.25915394565905991 -0.084425752470834628 -0.0071004848956215975 0.21873453850066818 0.51182549133896826 0.34054275303345422 0.52343961589397603 -1.8227179326320235 -1.4463215458450134 3.5250042362357967 -0.029612455214972196 0.26726618516547002 1.6675802153765982 3.1013377312150334 1.6732729152176935 0.11471151202424104 0.11365235144455642 0.8360463486407933 -0.18513314302870787 0.052912981451780937 -0.31279389779866745 3.5871666629371397 0.68884092074258629 2.0310604034381416 0.11661447842937449 1.0155495981181539 0.068103173546910187 -0.16861791601394341 -0.17594571151094049 0.055636394626384013 2.3193283647661951 -0.16047681868151772 0.42751478110553981 -0.4952320274196822 1.0740186353370262 1.3496908693389102 -0.39516792205653989 -0.10587976617067275 2.9839243804462825 -0.13002727792160163 0.39270128608030036 -0.83022708906455478 -0.58527752863018268 1.1742340707386549
leaf_weight=239741 11171 2329 41819 58241 2021 262 285 2413 203 202 391 1709 336 209 882 208 1822 303 466 317 216 241 217 264 269 233 709 218 261 207 275 305 321 370 176629 2137 708 95133 3964 259 12818 209 219 208 213 1672 277 342 201 201 41657 12235 379 5810 267 1182 203 250 324 344 204 30339 15261 350 2226 237 394 277 202 396 372 232 6672 207 659 265 331 620 318
leaf_count=239741 11171 2329 41819 58241 2021 262 285 2413 203 202 391 1709 336 209 882 208 1822 303 466 317 216 241 217 264 269 233 709 218 261 207 275 305 321 370 176629 2137 708 95133 3964 259 12818 209 219 208 213 1672 277 342 201 201 41657 12235 379 5810 267 1182 203 250 324 344 204 30339 15261 350 2226 237 394 277 202 396 372 232 6672 207 659 265 331 620 318
internal_value=-0.00139077 0.123189 -0.0277553 0.0830001 0.280518 0.313411 0.67325 0.0258597 0.0457604 -0.00432698 1.34282 0.138563 0.0846715 0.390753 1.00404 0.386321 0.498574 0.653571 1.13359 0.350617 1.5725 1.80711 2.27813 1.00962 0.0827479 -0.000197461 0.217695 1.63936 3.15486 1.00894 0.858113 -0.0861259 0.00201516 2.14818 -0.0577629 -0.172393 0.273455 -0.0108125 0.263231 0.0655964 0.329293 -0.398668 -0.623959 -0.365027 2.62925 0.347513 0.393095 1.04239 2.25555 -0.0267941 0.0561789 0.131732 0.169166 0.0434427 0.263378 0.525168 1.27443 1.99269 0.262034 1.04683 -0.116689 0.0210043 -0.145273 0.500442 0.114822 0.23329 0.668274 1.30262 0.244479 0.362603 0.667845 0.293899 0.0524083 0.0859695 0.56475 1.53301 -0.0642646 -0.305464 0.449239
internal_weight=786839 137432 649407 113462 13564 23970 2932 233037 190887 123976 593 66911 54958 6523 2180 11953 9540 7278 2815 4463 2028 1812 1138 674 4343 2262 4160 660 478 440 776 3567 787 919 416370 3358 1013 123383 21038 5271 15767 1307 1048 2345 583 15505 13833 619 442 110945 99898 12438 1261 48435 4483 2774 720 453 2054 668 1386 43952 15812 551 3843 3134 908 514 410 13214 2393 507 38142 31470 1131 472 42150 829 2647
internal_count=786839 137432 649407 113462 13564 23970 2932 233037 190887 123976 593 66911 54958 6523 2180 11953 9540 7278 2815 4463 2028 1812 1138 674 4343 2262 4160 660 478 440 776 3567 787 919 416370 3358 1013 123383 21038 5271 15767 1307 1048 2345 583 15505 13833 619 442 110945 99898 12438 1261 48435 4483 2774 720 453 2054 668 1386 43952 15812 551 3843 3134 908 514 410 13214 2393 507 38142 31470 1131 472 42150 829 2647
is_linear=0
shrinkage=0.06


Tree=35
num_leaves=80
num_cat=0
split_feature=76 90 144 76 90 48 94 160 166 166 93 151 165 35 156 85 124 16 164 155 162 34 79 166 166 93 93 151 166 52 35 151 96 74 159 166 44 80 70 156 75 16 68 163 93 145 56 93 163 155 120 86 160 156 3 16 38 42 166 147 72 153 45 162 35 14 156 109 159 165 23 47 160 61 164 163 72 146 163
split_gain=705852 350360 268637 311596 176334 117838 102808 100842 94327.6 97679.8 112943 136884 142376 185928 151741 191566 107405 303628 100219 183606 160974 94047.7 89233.3 88022.7 149862 491192 604638 585189 888748 540118 520096 466002 320562 227797 228467 161952 202963 255211 160963 142080 128995 99548 131839 91350.5 91335.1 94903.6 89558 85489.1 83819.7 81361 114081 81197.6 77389 76624.2 76530 76172.9 123998 146085 342960 428774 76431.4 91167 75117.2 74399.6 70277.1 69243.9 69034.9 68350.2 114125 90452.6 132617 225035 73867.5 68244.9 62907.5 56441.7 56002.6 55734.8 57815
threshold=29.081000328063968 13.602128505706789 5.0000000000000009 130.56500244140628 36.297748565673835 5.6010000705719003 28.72500038146973 26.44999980926514 5.0000000000000009 10.500000000000002 1.3926488757133486 100.50000000000001 0.18222858756780627 497.49702453613287 94.500000000000014 7.0009999275207528 119.56250000000001 49.636194229125984 0.36648726463317877 17.94999980926514 9.9499998092651385 499.30540466308599 210.55000305175784 5.0000000000000009 10.500000000000002 34.430917739868171 69.34418106079103 100.50000000000001 6.5000000000000009 11.038235664367678 381.89773559570318 153.50000000000003 91.40000152587892 46.145912170410163 986.85000610351574 9.0000000000000018 34.607500076293952 15.227499961853029 59.925666809082038 78.500000000000014 -37.569999694824212 142.21105957031253 33.477499008178718 107.50000000000001 14.33215379714966 173.00000000000003 -21.097499847412106 21.299491882324222 582.50000000000011 30.750000000000004 1.2783998250961306 6.4010000228881845 5.2500000000000009 52.500000000000007 222.02649688720706 178.59815216064456 5.990999937057496 11.154999732971193 9.0000000000000018 247.25000000000003 71.21030426025392 42.149999618530281 26.404000282287601 28.550000190734867 62.339754104614265 186.65942382812503 97.500000000000014 -53.594573974609368 991.64999389648449 0.23343648016452792 425.02499389648443 117.03750228881837 7.8500001430511483 57.453500747680671 0.99687939882278453 62.500000000000007 23.156942367553714 0.63587161898612987 452.50000000000006
decision_type=2 10 2 2 8 8 10 10 2 2 8 8 10 8 10 8 10 10 10 10 10 10 10 2 2 10 10 8 2 10 10 10 8 10 10 2 10 8 8 10 10 10 8 8 10 10 8 10 10 8 8 10 10 8 10 8 8 8 2 10 10 10 8 10 10 8 10 10 10 10 10 8 8 8 10 10 8 8 10
left_child=1 7 3 6 -4 -6 -2 8 -1 10 -10 -12 66 14 16 -16 18 -18 21 20 -20 52 23 53 25 39 27 -27 29 -29 33 35 -30 38 -35 -28 49 41 40 48 -31 42 -38 63 -45 -46 -34 -47 67 50 -37 -17 76 64 55 56 -7 58 -58 -60 61 -57 -42 -26 -3 -63 -13 68 72 -70 -71 -72 74 -53 -25 -21 -14 -78 -79
right_child=2 22 4 -5 5 54 -8 -9 9 -11 11 12 13 -15 15 51 17 -19 19 75 -22 -23 -24 24 43 26 31 28 32 30 -32 -33 46 34 -36 36 37 -39 -40 -41 62 -43 -44 44 45 47 -48 -49 -50 -51 -52 73 -54 -55 -56 60 57 -59 59 -61 -62 65 -64 -65 -66 -67 -68 -69 69 70 71 -73 -74 -75 -76 -77 77 78 -80
leaf_value=-0.10910469847036311 0.36933843958253115 1.0163344095086799 0.060281563291999643 2.5937112219643592 -0.77621628393028363 -0.87535083938480873 1.0844711745747597 1.2395580856610569 -0.079173548211558448 -0.060330683446302061 -0.062023807345623162 0.013291698676947145 0.013677631040968533 -0.080058111052345435 2.0359904524778516 1.2180290090110759 2.825210183876143 0.045039565912365763 0.52405115923458756 1.2183395265107455 2.8256444380760191 1.3504387323033222 -0.28506332355706415 0.27123913983458353 0.09317439706259617 -1.0509950424895624 -0.31505434503424573 -1.1046554057888867 2.5403021736966598 3.7728994887620866 -0.68605780593915422 2.9123085817650178 1.1580815652434771 0.02948825042498739 2.7008297961161416 1.4456516109406947 -0.10471172318622633 2.3579426038481457 4.0756867778024013 -0.076891931086178048 1.3634217139836902 -0.24333287417189131 1.9741943644244364 0.019027982824688709 -0.13595274368245353 -0.033090489722557903 0.049266833129548653 1.4792079582431934 -0.017891016773894857 -0.68931368826584494 -0.071229672651330955 -0.16481745532471687 0.053405804909961697 -0.066850549235020207 -0.022166546030146023 0.37210268283426778 -0.74030117800572637 0.26531542122433854 0.41598058481301581 4.0826506376941252 1.6651921814653841 2.0094335490012472 2.4598610848047042 1.2477689590991132 0.097360299659075181 0.52099241973943833 0.86530855174149479 0.023280245070437525 0.077444884378110923 0.53534597488473423 3.1789238695865407 0.45456950536523111 0.071637617256356007 1.0942079006598895 1.3263047157768877 0.17416074955323471 1.5381235757898994 0.74254751231675298 -0.0085189886257212352
leaf_weight=82362 7123 310 36902 249 378 327 805 217 38293 236042 28114 32491 839 5517 389 386 219 396 214 215 224 234 3095 9453 37688 511 3309 204 221 226 219 200 293 265 203 209 203 316 257 20251 295 457 238 87423 21931 290 2428 250 12665 578 1189 599 8971 41482 2497 2388 229 15685 251 211 226 236 1011 201 8171 216 345 9146 856 1374 205 233 12138 208 207 1362 204 1088 558
leaf_count=82362 7123 310 36902 249 378 327 805 217 38293 236042 28114 32491 839 5517 389 386 219 396 214 215 224 234 3095 9453 37688 511 3309 204 221 226 219 200 293 265 203 209 203 316 257 20251 295 457 238 87423 21931 290 2428 250 12665 578 1189 599 8971 41482 2497 2388 229 15685 251 211 226 236 1011 201 8171 216 345 9146 856 1374 205 233 12138 208 207 1362 204 1088 558
internal_value=0.00026732 -0.017159 0.185453 0.507909 0.141165 0.272969 0.44208 -0.050586 -0.0512262 -0.0378696 0.00599542 0.0454928 0.100997 0.220544 0.323512 0.881372 0.262692 1.03803 0.228337 0.619535 1.70488 0.162017 0.0352703 0.0388491 0.054709 0.121214 0.461083 0.89148 1.06819 1.85839 2.10287 0.0669773 0.347976 2.37367 1.1915 -0.0210194 0.283987 0.894233 2.68208 0.0556539 2.44579 0.377113 1.01917 0.0189949 -0.00870432 -0.116592 0.169047 0.668488 0.113657 -0.0911933 0.156414 0.503498 0.138053 -0.033253 0.290815 0.330346 0.279855 0.302975 1.15618 2.09579 0.605231 0.520325 2.21343 0.0993323 0.131067 1.30086 0.0222697 0.163223 0.215534 0.585874 0.825884 1.734 0.170181 0.160642 0.293983 0.317201 0.420326 0.604639 0.488083
internal_weight=787411 719688 67723 8177 59546 22644 7928 439487 439270 356908 120866 82573 54459 21623 16106 1582 14524 615 13909 2015 438 11894 280201 277106 227143 79360 12832 6133 5622 2680 2476 6699 2942 2257 468 6499 3190 1214 1789 66528 1532 898 441 147783 109894 22471 2721 540 46277 1976 1398 1193 11660 49963 22266 19769 16703 16376 691 462 3066 2840 1306 37889 8481 452 32836 33612 24466 2668 1812 438 21798 807 9660 1577 2689 1850 1646
internal_count=787411 719688 67723 8177 59546 22644 7928 439487 439270 356908 120866 82573 54459 21623 16106 1582 14524 615 13909 2015 438 11894 280201 277106 227143 79360 12832 6133 5622 2680 2476 6699 2942 2257 468 6499 3190 1214 1789 66528 1532 898 441 147783 109894 22471 2721 540 46277 1976 1398 1193 11660 49963 22266 19769 16703 16376 691 462 3066 2840 1306 37889 8481 452 32836 33612 24466 2668 1812 438 21798 807 9660 1577 2689 1850 1646
is_linear=0
shrinkage=0.06


Tree=36
num_leaves=80
num_cat=0
split_feature=90 92 76 92 158 165 155 155 151 149 90 136 164 93 167 72 92 93 149 151 155 155 93 144 118 163 170 155 93 53 100 164 145 100 169 159 153 163 167 93 93 63 92 86 74 55 155 155 93 156 84 165 156 160 92 145 81 97 159 167 85 61 57 164 34 118 155 91 169 163 61 78 127 163 168 156 87 167 147
split_gain=611505 220882 175152 171775 149958 360025 149414 333205 736024 138692 348851 146028 148059 105332 104884 148453 199230 115889 108679 137399 102840 163204 91514.6 104922 89869.3 87403.1 145708 128956 116341 282188 94089.8 83449.1 81220.3 134643 80072.4 107039 146834 102833 77022.2 431905 302282 119525 188448 298262 76370.4 75082.7 174169 76662.9 72467.7 71541.8 71215.5 69081.3 68593.4 67950.4 67020.5 65108.7 62965.7 63328.7 86774.8 74909.9 168615 67455.1 82276.6 62544.8 59654.9 57322.9 59089.2 56929.2 54906.4 101153 54409.9 53442.6 51633.1 50854.5 66438 56279.6 73220.3 49709.8 61429
threshold=20.763586997985843 41.654033660888679 11.402499675750734 51.686117172241218 1.0000000180025095e-35 -0.95878320932388295 33.549999237060554 31.44999980926514 183.50000000000003 39.049999237060554 77.294013977050795 43.488239288330085 -0.84335932135581959 99.869216918945327 0.60355338454246532 57.772594451904304 51.686117172241218 5.4661352634429941 5.3500001430511483 171.50000000000003 20.150000572204593 20.650000572204593 1.6599022746086123 5.0000000000000009 -23.322164535522457 82.500000000000014 -0.056951010599732392 25.050000190734867 42.317422866821296 23.049858093261722 -7.6453213691711417 0.9536806344985963 59.45000076293946 22.600399971008304 0.82414472103118908 986.35000610351574 18.94999980926514 107.50000000000001 0.98296290636062633 40.032255172729499 48.675550460815437 216.13749694824222 12.932034492492678 10.402499675750734 13.002900123596193 3.4288061857223515 26.94999980926514 26.44999980926514 20.225480079650882 46.500000000000007 9.9024996757507342 0.78257837891578685 67.500000000000014 1.6500000357627871 21.203570365905765 70.40000152587892 1.1265000104904177 69.502082824707045 995.54998779296886 0.98296290636062633 13.409999847412111 91.941497802734389 64.304000854492202 -0.97625884413719166 601.57046508789074 -36.458099365234368 35.850000381469734 42.789060592651374 -0.99940761923789967 567.50000000000011 20.515500068664554 0.37749999761581426 -39.63557052612304 457.50000000000006 -0.6035533845424651 40.500000000000007 24.751000404357914 -0.98296290636062611 500.15000915527349
decision_type=10 8 2 10 8 10 10 10 8 10 10 10 10 10 2 10 8 10 8 10 10 10 10 2 8 8 2 10 10 8 10 10 8 10 2 10 10 10 2 10 10 8 10 10 10 8 10 10 10 8 8 10 8 8 8 10 8 10 10 2 8 8 8 10 10 8 10 10 2 10 10 8 10 10 2 10 10 2 8
left_child=2 13 3 22 5 -3 7 9 -9 11 -11 20 -13 25 17 -16 -17 -6 -19 24 48 -22 -1 -24 -20 26 27 28 30 -30 -2 73 33 -26 53 -36 37 -37 52 41 50 -40 -43 -44 -8 46 -34 49 -7 -47 70 -50 -25 -15 -4 -32 -56 58 59 64 -61 -62 -63 -49 -58 -27 68 -65 69 -67 -41 -70 -55 74 -23 76 -76 -29 -79
right_child=1 4 54 -5 14 6 44 8 -10 10 -12 12 -14 34 15 16 -18 18 19 -21 21 31 23 38 32 65 -28 77 29 -31 55 -33 45 -35 35 36 -38 -39 39 40 -42 42 43 -45 -46 47 -48 63 51 -51 -52 -53 -54 72 56 -57 57 -59 -60 60 61 62 -64 67 -66 66 -68 -69 71 -71 -72 -73 -74 -75 75 -77 -78 78 -80
leaf_value=-0.087339387858676426 0.22568246604676026 2.3504571151570279 0.0010800273601852604 1.5841781607192833 0.29617709550719135 0.23180704558129972 0.44923852326519131 -0.28219964835253591 3.8921360598997996 0.42357267785940783 2.466158842092375 0.29102675888378443 -1.9826675907694375 0.81285238321606557 0.27475119881229143 2.7527370269163085 0.14558830510605783 -1.2623721094590876 -1.1622252151791168 1.3306000971481202 1.9896802672525729 1.3570284320442105 -0.13802388359321149 0.017158324884763685 1.8738876831353599 -0.43335965941836663 0.098255392766765051 -0.21616446909372414 3.1250346593703928 0.41861485893883471 2.0169605297262709 1.4004222508444846 -0.66018681454384531 -0.24459001063942337 -0.20765133212069981 1.4181232913977959 2.0649563830931981 -0.19524446146931881 -0.026988909465040161 0.76149632573588011 -0.46633516131770991 0.10659068409584684 2.5024378469629442 -0.038850526864005024 -0.4492473613550525 1.0991144329152609 1.5932709262000955 0.58758714960537628 -0.73227332787237898 -0.053387942215331982 2.5659722439502284 0.5280122309734181 -0.057562401378178703 -0.19948017613249719 0.93804855025589917 0.66939105957999057 0.077366251427959276 -0.03365392480899472 1.2862356349390189 1.7687062312004178 0.021685864595542146 0.34488373563928926 1.7524488602855268 -0.22589755170565995 0.92852064620616825 -0.09796375666954317 -0.077877493366051112 -0.82652206608375201 0.95138789021484549 1.592764779865989 1.9601429015762952 0.072829504596227515 0.76703347482704765 0.022707989333964278 1.0572008526008323 -0.032204200830737141 0.17612481734008237 0.12055109663111138 0.51534898192327561
leaf_weight=159625 1227 337 195279 230 4341 1792 490 303 304 1599 370 204 207 253 2209 219 203 276 275 249 245 278 27522 77222 200 843 25895 753 230 348 204 277 222 233 828 203 224 469 16883 258 280 1878 345 320 1111 208 276 201 664 2683 292 204 103516 10143 313 353 19602 11010 235 300 1497 578 201 1184 300 270 9595 1093 249 240 293 84813 202 1318 662 785 697 3084 2628
leaf_count=159625 1227 337 195279 230 4341 1792 490 303 304 1599 370 204 207 253 2209 219 203 276 275 249 245 278 27522 77222 200 843 25895 753 230 348 204 277 222 233 828 203 224 469 16883 258 280 1878 345 320 1111 208 276 201 664 2683 292 204 103516 10143 313 353 19602 11010 235 300 1497 578 201 1184 300 270 9595 1093 249 240 293 84813 202 1318 662 785 697 3084 2628
internal_value=0.00069326 0.10184 -0.0269634 -0.0514992 0.263 0.420282 0.36357 0.450458 1.81137 0.361467 0.808457 0.241351 -0.856151 0.0726395 0.130565 0.472075 1.5019 0.0519963 -0.0973185 -0.0500193 0.30663 0.489301 -0.0524717 -0.0281466 -0.102499 0.0884459 0.170024 0.380531 0.759864 1.4991 0.519652 0.397319 -0.0560638 0.735985 -0.095054 0.284061 0.73818 0.29351 -0.0131225 0.0969477 1.24048 0.0307806 0.414173 1.28134 -0.174149 -0.114634 0.589408 -0.180035 0.013871 0.029883 1.80727 -0.43581 -0.0256374 -0.156746 0.0146221 1.16567 0.0923166 0.0844393 0.141683 0.129661 0.434051 0.25743 0.709849 -0.424853 0.0902424 0.0589417 0.063307 -0.514444 0.0791385 0.699233 1.40129 0.0754124 -0.180535 0.32267 0.485827 0.372283 0.605779 0.241844 0.30225
internal_weight=786952 168973 617979 388664 25919 11847 11510 9909 607 9302 1969 7333 411 143054 14072 2631 422 11441 7100 6824 6922 4262 388434 228809 6575 130732 34722 8827 2362 578 1784 4017 6300 433 12322 1724 896 672 201287 20549 1123 19426 2543 665 1601 5867 498 5369 2660 2891 843 868 180738 10598 229315 557 34036 33723 22713 22478 2576 2276 779 2478 19902 96010 95167 2277 85572 510 551 85062 10345 3740 2422 2144 1359 6465 5712
internal_count=786952 168973 617979 388664 25919 11847 11510 9909 607 9302 1969 7333 411 143054 14072 2631 422 11441 7100 6824 6922 4262 388434 228809 6575 130732 34722 8827 2362 578 1784 4017 6300 433 12322 1724 896 672 201287 20549 1123 19426 2543 665 1601 5867 498 5369 2660 2891 843 868 180738 10598 229315 557 34036 33723 22713 22478 2576 2276 779 2478 19902 96010 95167 2277 85572 510 551 85062 10345 3740 2422 2144 1359 6465 5712
is_linear=0
shrinkage=0.06


Tree=37
num_leaves=80
num_cat=0
split_feature=76 91 90 166 166 136 93 93 166 55 136 89 151 127 90 151 16 149 38 106 156 84 22 87 161 156 91 166 156 90 54 54 166 48 160 161 91 34 149 93 79 16 74 74 91 76 156 55 152 156 81 91 93 55 94 167 153 93 85 82 73 156 34 83 90 162 16 150 106 91 84 153 159 167 162 162 73 156 156
split_gain=541673 245087 195334 104619 203949 363783 210876 404348 456270 704752 638803 295522 286482 242021 224764 344402 364262 430195 194644 158589 245831 223612 209241 143184 107733 175642 107369 108582 107000 105042 94571.1 193619 334754 90259.7 87226.9 81599.3 149478 78567.3 74082.7 64919.9 64651.3 66651.8 114158 64183.4 63826.9 63133.8 61973 94256.9 63779.9 61024.9 60771.7 59244.6 58985.9 55975.4 55095.1 55092.1 53626.2 52720.1 52940 87105.5 51191 49391.1 47544.1 47145 66743.5 88203.6 45275.5 49783.9 44720.6 44645.3 80878.2 44516.4 114210 44244.2 65245.8 167491 42751.8 41212.1 41087.6
threshold=24.350999832153324 12.807071208953859 39.336791992187507 5.0000000000000009 10.500000000000002 43.488239288330085 34.430917739868171 69.34418106079103 6.5000000000000009 3.8837841749191289 25.740919113159183 31.61533355712891 151.50000000000003 -58.334747314453118 10.560579776763918 109.50000000000001 79.232353210449233 13.550000190734865 75.712497711181655 76.700000762939467 83.500000000000014 13.603500366210939 285.02499389648443 10.00500011444092 317.50000000000006 74.500000000000014 22.057274818420414 9.0000000000000018 81.500000000000014 22.915432929992679 6.9177563190460214 11.141086578369142 13.000000000000002 22.677499771118168 26.44999980926514 303.50000000000006 32.871843338012702 92.850082397460952 18.050000190734867 26.984488487243656 210.55000305175784 190.15643310546878 86.058830261230483 73.221481323242202 63.005044937133796 4.4010000228881845 25.500000000000004 3.5532270669937138 1.0296913385391238 52.500000000000007 12.310999870300295 42.789060592651374 60.713041305541999 27.110569953918461 -14.636500358581541 -0.6035533845424651 14.449999809265138 26.984488487243656 8.7024998664855975 6.1525001525878915 84.041332244873061 67.500000000000014 70.878215789794936 11.101500034332277 15.088874816894533 13.449999809265138 312.81440734863287 0.59195065498352062 95.054168701171889 28.476553916931156 15.50500011444092 44.95000076293946 990.95001220703136 0.37940952181816107 3.8500000238418584 3.6499999761581425 24.195114135742191 12.500000000000002 78.500000000000014
decision_type=2 10 8 2 2 10 10 10 2 8 8 10 10 8 10 10 10 10 8 10 10 8 8 8 10 10 10 2 10 10 8 8 2 10 10 10 10 8 8 8 10 8 10 8 10 2 8 8 8 8 10 10 10 10 8 2 8 10 8 10 10 8 10 8 10 10 8 8 8 10 10 10 10 2 10 10 8 8 8
left_child=1 34 55 44 6 39 14 8 9 -8 -11 18 24 -10 15 19 17 -17 23 20 37 22 -22 50 26 -26 27 -9 35 -25 -4 32 -32 -23 45 38 63 -5 -16 56 41 60 71 52 49 -1 47 -41 -49 62 -12 -40 -15 -39 -28 -2 -6 58 59 -30 68 73 -3 64 65 -37 67 -56 76 -60 -71 -43 -73 -47 75 -75 -33 -57 -79
right_child=2 3 30 4 5 -7 7 12 13 10 11 -13 -14 43 28 16 -18 -19 -20 -21 21 33 -24 29 25 -27 54 -29 57 -31 31 40 -34 -35 -36 36 -38 53 51 46 -42 42 -44 -45 -46 61 -48 48 -50 -51 -52 -53 -54 -55 66 77 -58 -59 69 -61 -62 -63 -64 -65 -66 -67 -68 -69 -70 70 -72 72 -74 74 -76 -77 -78 78 -80
leaf_value=-0.090602002264307605 -0.012729121121286997 1.0128622260390887 -0.69140926322149543 0.97989150643381273 -0.10610707995835804 2.1596741996833253 -1.9114842498406119 -0.21963925392637765 2.0828473700926855 -0.9830233570374548 2.147170452198512 -0.21452926716152226 2.2217445920793017 -0.084932825573784676 -0.10533687970550747 0.60422002692281995 0.15721137360005122 4.182515200127078 0.88458677780037087 -0.28532717755832693 2.994371572633955 -0.33859608135457897 0.54626523746058275 2.4630891436810112 1.5686540853524404 -0.26040249181742015 0.42871397788772853 1.2006073068181109 1.0931849499783195 3.8691639015453543 -0.073793179490460478 -0.088362725277741749 2.7916592948477144 1.1770276450298049 1.1813789869564166 1.860620966226209 1.6344862127734436 -0.18639404284196412 0.090901840236481957 1.4688819533674586 -0.34133905582957796 0.31617404883150602 1.6065453429648187 1.0965479319653157 -1.0982364183792046 -0.029262155208483433 -0.12798717159137629 1.0522883590375287 -0.087741048458029922 -0.077857733501176682 0.93067929618498857 1.1219942641774616 0.80531228349460005 0.70308013780946188 -1.2632860700694304 -0.23159337000896302 0.024202047031849337 -0.91867107118252245 -0.13346228591890824 0.030176172944786857 -0.28617962950505699 -0.054693088285495364 0.080195856918945305 0.14814117631199031 0.20716640197300282 0.26129815618341395 0.44545734707604751 -0.31672422980792592 0.21346853387950177 1.3754113240206418 -0.070580137220215416 1.8106176967714886 0.25909440284415408 0.19807052424155752 0.030744432249925895 1.9446115239410047 0.65229698982073214 0.14741930422019331 0.042959473504360572
leaf_weight=104746 17479 201 358 313 12611 279 229 379 233 311 567 211 204 2578 8254 216 390 275 362 1456 334 304 202 555 361 395 388 395 343 301 292 341 294 263 206 257 276 1597 29378 202 620 3593 303 208 209 72812 20491 207 1172 43375 203 201 298 302 210 1264 115374 269 14021 1436 672 188843 7609 6358 809 240 263 3902 15574 200 453 269 466 2223 29761 216 1576 42791 19842
leaf_count=104746 17479 201 358 313 12611 279 229 379 233 311 567 211 204 2578 8254 216 390 275 362 1456 334 304 202 555 361 395 388 395 343 301 292 341 294 263 206 257 276 1597 29378 202 620 3593 303 208 209 72812 20491 207 1172 43375 203 201 298 302 210 1264 115374 269 14021 1436 672 188843 7609 6358 809 240 263 3902 15574 200 453 269 466 2223 29761 216 1576 42791 19842
internal_value=-7.07699e-05 -0.0196818 0.126281 0.0230831 0.0403065 -0.000996274 0.117248 0.343223 0.69589 1.26887 1.55967 1.91956 0.0144369 0.222517 0.0756184 0.437921 1.52717 2.61278 2.14606 0.236507 0.465721 1.19698 2.0745 2.42619 -0.0574589 0.613915 -0.14922 0.505778 0.0428456 2.96145 0.275337 0.289786 1.36613 0.365253 -0.0499673 0.0902978 0.265156 0.100706 0.0535944 -0.00502796 0.26279 0.279237 0.482423 0.0813372 -0.0543418 -0.0506066 -0.100058 0.261782 0.0840259 -0.050058 1.82808 0.0979462 0.00755878 -0.0446444 -0.255743 0.0816612 0.0113613 -0.0870428 -0.073391 0.235629 0.227407 -0.0363499 0.104326 0.215636 0.543855 1.09039 -0.316528 -0.365361 0.247154 -0.110868 0.373722 0.403371 0.828619 -0.00336301 0.0552003 0.353479 0.520569 0.107481 0.114328
internal_weight=786971 681237 105734 282430 231036 150336 80700 12553 6056 2739 2510 2199 6497 3317 68147 5652 881 491 1988 4771 3315 1103 536 1626 6293 756 5537 774 62495 856 24358 24000 586 567 398807 45773 7940 2212 37833 150057 23414 22794 4631 3084 51394 398601 22072 1581 1379 51185 770 29579 2876 1899 4763 81376 127985 16722 16453 1779 18163 293855 7810 7664 1306 497 4375 4112 17491 14674 653 4328 735 105012 32200 2439 1917 63897 62633
internal_count=786971 681237 105734 282430 231036 150336 80700 12553 6056 2739 2510 2199 6497 3317 68147 5652 881 491 1988 4771 3315 1103 536 1626 6293 756 5537 774 62495 856 24358 24000 586 567 398807 45773 7940 2212 37833 150057 23414 22794 4631 3084 51394 398601 22072 1581 1379 51185 770 29579 2876 1899 4763 81376 127985 16722 16453 1779 18163 293855 7810 7664 1306 497 4375 4112 17491 14674 653 4328 735 105012 32200 2439 1917 63897 62633
is_linear=0
shrinkage=0.06


Tree=38
num_leaves=80
num_cat=0
split_feature=92 92 99 76 163 168 55 73 147 147 92 100 44 90 93 93 167 139 169 93 156 45 162 28 82 152 162 87 67 53 159 151 169 91 80 168 55 169 169 159 160 169 34 155 156 60 162 160 163 33 68 159 9 151 92 68 144 56 136 132 156 156 150 159 91 167 169 159 167 92 90 124 93 15 92 155 145 149 90
split_gain=538100 193934 207689 132227 126757 154230 906933 537450 307263 142111 455969 191433 110370 83922.1 83310.8 104215 497920 399312 321169 333378 183873 184266 357734 143045 136344 94573.1 149852 277605 108003 78128.1 349853 207345 253657 130069 102043 77957.7 84005 72090.2 71673.7 68446.7 68371.4 66829.6 72589.1 69401.6 104037 87527.5 65543.1 65109.3 65089.1 212774 64126.6 61905 75932.6 60887.5 60729.9 56012.8 52149.2 51746.2 51340 82082.8 50579.7 63862.7 63227.7 168533 79958.1 122962 75202.7 84583.4 87588.1 92706 206341 79261.6 84065.6 76890.4 70350.3 79828.2 62882.6 247384 62672.1
threshold=19.028708457946781 41.654033660888679 -168.82777404785153 6.8759999275207528 852.50000000000011 -0.7865660786628722 31.045425415039066 58.082790374755866 520.60000610351574 701.30001831054699 65.783443450927749 -49.308162689208977 18.789000511169437 29.998867988586429 86.285350799560561 40.032255172729499 0.98296290636062633 -0.9110233187675475 0.51572537422180187 48.675550460815437 27.500000000000004 51.041500091552741 14.050000190734865 106.04999923706056 17.255999565124515 0.9181450903415681 15.150000095367433 8.7024998664855975 32.713499069213874 25.110752105712894 987.45001220703136 106.50000000000001 0.92922380566596996 68.935256958007827 28.707500457763675 -0.37940952181816096 4.7402093410491952 -0.091260667890310274 0.69056403636932384 977.85000610351574 8.1500000953674334 0.78857997059822094 79.090866088867202 33.95000076293946 37.500000000000007 32.805000305175788 13.650000095367433 17.250000000000004 32.500000000000007 117.75180435180665 114.21249771118165 991.95001220703136 222.03749847412112 50.500000000000007 2.5867114067077641 65.909999847412124 5.0000000000000009 -0.40250000357627863 -2.7258030176162715 23.150000572204593 17.500000000000004 78.500000000000014 1.2174757122993471 996.04998779296886 12.565169334411623 0.12940952181816109 0.90162119269371044 990.95001220703136 -0.37940952181816096 27.495719909667972 22.166108131408695 101.68750000000001 12.156225681304933 29.252889633178714 23.282589912414554 26.550000190734867 25.550000190734867 6.1499998569488534 6.3264687061309823
decision_type=10 10 8 2 8 2 10 10 10 8 10 10 8 10 10 10 2 10 2 10 8 10 10 10 8 10 10 10 8 10 10 8 2 10 8 2 10 2 2 10 10 2 10 10 8 10 8 10 10 8 8 10 10 10 10 10 2 10 8 8 8 8 8 10 8 2 2 10 2 10 8 10 10 10 10 10 8 10 8
left_child=3 14 -3 54 5 6 8 -8 12 11 35 -6 -4 46 15 47 20 18 19 -18 21 22 -17 -20 -21 -16 27 -27 -29 30 31 33 39 -7 55 36 -11 40 -39 -33 51 42 57 44 45 -43 -5 60 49 -22 -14 52 -36 -35 -1 -31 -56 -15 -50 -60 -2 62 64 66 65 -62 67 -64 -69 -70 -71 73 -73 -68 -74 -76 77 -66 -63
right_child=1 2 4 13 9 29 7 -9 -10 10 -12 -13 50 41 25 16 17 -19 23 24 48 -23 -24 -25 -26 26 -28 28 -30 34 -32 32 -34 53 37 -37 -38 38 -40 -41 -42 43 -44 -45 -46 -47 -48 -49 58 -51 -52 -53 -54 -55 56 -57 -58 -59 59 -61 61 78 63 -65 76 -67 71 68 69 70 -72 72 74 -75 75 -77 -78 -79 -80
leaf_value=-0.14788876039592047 -0.075153410480143262 1.7787462805581955 -1.400133020664329 0.021184146896754939 2.0257955146408038 0.25603942211150477 1.0188634553050049 5.2986726400483999 2.162349915186407 0.31051971985385396 -3.0839244729014905 0.13123711685060882 -0.06995531924600791 0.25933994972925073 -0.11522137677627299 3.4841412323630134 2.6518676701459016 -0.73204642917463358 3.9268404888780153 -0.90453205705305617 2.2007766034010006 -0.35633959093944728 0.38977048707099171 1.9889584338195681 1.114201799619545 2.5555559108654657 -0.35951815787548858 -0.29225021217681785 1.2980304013556641 -0.029365968992235383 2.9285343876532437 0.81264013698041426 2.2389416824094459 -0.26117694218456744 0.69825127875092974 0.47784368712222203 -0.61115716855986191 -0.62119888398768097 0.21430775705498825 -0.65488074504368676 -0.050415325833166345 0.55411433753924566 -0.1279342515830918 -0.14697903268088353 0.28276801090870063 1.9674314126590402 -0.030235986995680624 -0.22827749812319675 -0.55637237247321059 0.062468250207602972 1.0286635787776812 0.20453559816529174 1.7963275886938863 -1.7109484654351284 -0.14051301498552243 -0.75089529496933161 -0.041549284468790082 1.2860632918188475 0.92699454931525282 -0.042390738787846237 -0.081727696349062171 -0.55497895343885306 0.033310289990623965 1.589547057030219 2.3505310593604265 1.824740033941783 1.2955526570933205 0.097956197169451836 0.33815301677160597 2.5287127562877738 0.36076173495070463 0.31725044818662562 0.41988045085932313 0.13359720976585429 2.1026035075026477 0.73908495318259027 0.049170314178222298 -0.11400204686357117 0.028501189758453959
leaf_weight=28375 8085 318 200 145827 208 1103 201 223 252 519 201 2363 1244 886 14073 214 241 306 218 289 202 268 360 380 205 251 604 467 228 1893 202 249 378 209 921 599 1129 395 5557 210 520 306 2272 454 902 327 229977 2669 647 959 225 553 301 208 21795 486 159058 220 328 7113 255 672 20291 295 208 232 209 4016 2114 246 440 3589 586 8678 274 357 51924 491 43356
leaf_count=28375 8085 318 200 145827 208 1103 201 223 252 519 201 2363 1244 886 14073 214 241 306 218 289 202 268 360 380 205 251 604 467 228 1893 202 249 378 209 921 599 1129 395 5557 210 520 306 2272 454 902 327 229977 2669 647 959 225 553 301 208 21795 486 159058 220 328 7113 255 672 20291 295 208 232 209 4016 2114 246 440 3589 586 8678 274 357 51924 491 43356
internal_value=0.000707197 0.0865173 0.25948 -0.0279555 0.235884 0.320595 0.76886 3.27697 0.213856 -0.0262446 -0.353362 0.285239 -0.081463 -0.00691818 0.0660486 0.0789068 0.251091 1.22073 1.66922 0.827396 0.0934952 0.941806 1.54747 2.70079 -0.0662399 -0.0662224 0.378445 0.849499 0.230569 0.240817 0.538384 0.332388 1.09014 -0.0853175 0.169111 -0.107843 -0.320884 0.268969 0.158765 0.141261 0.554584 0.228643 0.066132 0.50447 0.697116 1.28617 -0.0102829 0.0653488 0.0161742 0.436082 0.0989004 0.731752 0.969974 -0.986688 -0.066281 -0.177019 -0.0534763 0.464548 -0.0441483 0.000458679 0.0707064 0.079238 0.107118 0.162998 0.0638772 0.828365 0.152645 0.0947434 0.277596 0.535124 1.14074 0.267253 0.463534 0.161066 0.894317 1.33356 0.0567866 0.621674 0.0195831
internal_weight=787606 197207 20867 590399 20549 15530 2345 424 1921 5019 2448 2571 1669 381171 176340 160717 11730 1639 1333 735 10091 842 574 598 494 15623 1550 946 695 13185 2559 2357 837 1520 10626 2247 1648 8247 5952 459 2295 5367 3378 1989 1535 633 375804 148987 9249 1161 1469 1775 1222 417 209228 2379 180853 1106 8088 7441 146318 138233 94205 41095 53110 487 40800 27107 6816 2800 686 13693 4806 8887 1217 631 52623 699 44028
internal_count=787606 197207 20867 590399 20549 15530 2345 424 1921 5019 2448 2571 1669 381171 176340 160717 11730 1639 1333 735 10091 842 574 598 494 15623 1550 946 695 13185 2559 2357 837 1520 10626 2247 1648 8247 5952 459 2295 5367 3378 1989 1535 633 375804 148987 9249 1161 1469 1775 1222 417 209228 2379 180853 1106 8088 7441 146318 138233 94205 41095 53110 487 40800 27107 6816 2800 686 13693 4806 8887 1217 631 52623 699 44028
is_linear=0
shrinkage=0.06


Tree=39
num_leaves=80
num_cat=0
split_feature=80 76 90 81 144 91 92 92 170 163 40 55 14 76 144 155 15 142 84 90 169 90 99 81 167 166 151 156 89 91 64 149 92 170 16 161 163 75 169 73 73 61 158 155 35 55 55 167 170 156 35 91 169 163 15 163 169 7 76 41 156 91 161 81 41 80 91 163 145 145 9 162 34 70 7 118 47 144 76
split_gain=462656 196121 154894 102139 86813.4 142068 94273.8 82233.7 64884.2 65426.8 80164.4 93098.7 94690.9 69379.5 158550 86061.3 67868 65162.9 80344.4 68313.4 69477.9 64084.4 153719 63856.4 58760.7 121073 127106 191368 246032 252935 264861 117899 441528 156652 368480 109316 128128 149024 102100 208995 337871 81393 80581.7 84963.9 72520.9 59808.1 56668.6 65338.6 106825 55390.3 68224.1 51742 49572.1 49095.7 93897.2 69911.1 60676.5 81026.2 57898.4 47595.6 46135.2 56263.9 48634.6 45967.1 43761.5 43424.2 45358.7 43311.4 55525.3 196927 43308.9 49026.3 42547.2 40999.6 50970 40302.8 39809.1 39674.1 80827.4
threshold=23.702500343322757 11.602499961853029 36.297748565673835 3.6009999513626103 5.0000000000000009 68.935256958007827 8.8808245658874529 20.719288825988773 0.99530133605003368 1387.5000000000002 9.0759997367858904 11.24634885787964 95.939785003662124 91.225002288818374 13.000000000000002 26.849999427795414 113.01130676269533 -0.70088258385658253 13.101500034332277 64.883083343505874 0.9731498956680299 52.649770736694343 -54.38940238952636 27.153499603271488 1.0000000180025095e-35 5.0000000000000009 100.50000000000001 95.500000000000014 6.8270833492279062 18.683781623840336 7.4514999389648446 16.050000190734867 24.785172462463382 -0.72694849967956532 38.470859527587898 82.500000000000014 317.50000000000006 -48.873500823974602 0.79904097318649303 26.909512519836429 21.095838546752933 71.576499938964858 29.500000000000004 16.050000190734867 79.539855957031264 3.7692301273345952 0.58758544921875011 0.98296290636062633 -0.15950992703437802 52.500000000000007 109.06249618530275 38.815034866333015 -0.99985146522521962 362.50000000000006 19.456952095031742 102.50000000000001 -0.70898476243019093 184.004997253418 4.0915000438690194 8.7049999237060565 80.500000000000014 15.695769786834719 323.50000000000006 1.0000000180025095e-35 49.252500534057624 0.62749999761581432 20.577612876892093 1652.5000000000002 24.349999427795414 21.94999980926514 31.005000114440922 21.250000000000004 303.99076843261724 64.467582702636733 15.995999813079836 -20.317718505859371 9.9559998512268084 5.0000000000000009 22.901000022888187
decision_type=10 2 8 8 2 10 10 8 2 10 10 8 8 2 2 10 8 8 8 8 2 8 8 8 2 2 8 10 10 8 10 10 10 2 10 8 10 10 2 8 10 8 10 10 8 8 8 2 2 8 10 10 2 8 10 10 2 8 2 8 10 8 10 8 10 8 10 10 8 10 10 10 10 10 10 8 8 2 2
left_child=1 4 67 -4 51 6 -6 77 9 13 -11 12 -12 17 -15 16 -16 18 23 73 64 52 -23 -5 -8 49 -27 31 29 30 -29 35 33 34 -33 36 37 -28 -35 40 -40 -30 -39 -44 -38 60 -24 59 -49 50 -26 -1 -9 54 -47 58 57 -57 -56 -48 62 -62 -37 -54 -21 -55 -67 68 69 -2 71 -58 -18 -20 -75 -19 -77 78 -3
right_child=2 7 3 8 5 -7 24 21 -10 10 11 -13 -14 14 15 -17 72 75 19 20 -22 22 46 -25 25 26 27 28 41 -31 -32 32 -34 38 -36 45 44 42 39 -41 -42 -43 43 -45 -46 53 47 48 -50 -51 -52 -53 63 65 55 56 70 -59 -60 -61 61 -63 -64 -65 -66 66 -68 -69 -70 -71 -72 -73 -74 74 -76 76 -78 -79 -80
leaf_value=-0.11295118759318873 -0.13126170370102427 0.02626796001881912 1.3943840546322905 1.8423134791589555 -0.063468313845035013 1.2224551380398097 -0.036996134516063227 0.95081496090049278 -0.60600501446959076 -1.0643958056416394 0.24032819757523635 -0.20481313008447349 1.6812527612963717 1.8717043431806115 -0.81613805088948221 1.3428260560514145 1.0491043403744698 -0.43392352379970811 0.18744371762000001 0.043967664215904562 1.5627056421598662 1.8514445257877956 -0.75507213366573511 0.63039090269671694 1.1872812772059944 -0.065704930590080216 1.9594610149574159 4.0800747352584015 0.0092004611247281706 -0.073305850098795686 1.1333300633227728 3.1997132722288368 3.0856022898852826 -0.048786683949344531 -0.24552235817878831 -0.17177950303908046 1.0912916654986995 -0.046756866552656692 -0.091299604805961748 0.14766862010640119 3.2453641448798387 1.197986958941748 0.051289372501273953 1.5328776285232506 -0.12570071440463423 1.3779131108088583 0.87421929611071081 1.598397019516963 0.22192798140305206 -0.097912178073277373 0.095879900380194727 -0.90072407498264939 0.95669983795170888 0.86158138723206634 -0.69528231584815725 0.39923114270796167 0.32275633491443462 1.8208995687854632 0.050844594247668934 0.11625107715959913 -0.28725546311919281 -1.4854750831624361 0.71733811561190686 0.050325079669092457 0.83384721435876707 0.042252519658884817 -0.23184996100408473 -0.075643999801899259 0.08504460959190123 2.1820817428434567 0.079464034569209294 1.3751851731611853 -0.115431162760574 1.3106423773721985 0.35198987406856547 0.8521594334520326 0.16155088830718545 -0.0093043617348119376 0.33568878914745287
leaf_weight=49704 381 19512 275 207 191234 323 86494 221 326 241 899 1696 200 317 244 222 209 397 6321 448 275 206 219 641 223 15150 321 201 1056 205 243 205 206 3061 244 2501 202 526 208 1318 229 257 224 368 1338 236 313 311 582 24969 2597 301 201 217 453 469 675 208 2135 5958 470 201 242 72379 578 18711 2458 6193 67241 202 2358 208 244 264 815 308 10992 170512 3599
leaf_count=49704 381 19512 275 207 191234 323 86494 221 326 241 899 1696 200 317 244 222 209 397 6321 448 275 206 219 641 223 15150 321 201 1056 205 243 205 206 3061 244 2501 202 526 208 1318 229 257 224 368 1338 236 313 311 582 24969 2597 301 201 217 453 469 675 208 2135 5958 470 201 242 72379 578 18711 2458 6193 67241 202 2358 208 244 264 815 308 10992 170512 3599
internal_value=8.13699e-05 -0.0174815 0.120567 0.246185 -0.0435961 -0.0333846 -0.0345066 0.0218743 0.233914 0.244668 -0.016768 0.0739125 0.503843 0.279971 0.716839 0.316878 -0.0113504 0.254524 0.370819 0.316411 0.717239 0.0728853 0.238796 0.928047 -0.00219079 0.033271 0.0832559 0.137047 0.715442 1.67016 2.4735 0.108654 0.367407 0.260488 1.33108 0.0676369 0.414999 0.821859 0.16042 0.525129 1.66062 0.242622 0.493772 0.973309 0.0345353 0.034818 0.193555 0.222656 0.702555 -0.069443 0.182576 -0.117711 0.0555873 0.0636036 0.204771 0.162011 0.321832 0.838063 -0.0799746 0.154216 -0.202296 -0.647862 -0.0931046 0.0528483 0.489327 0.0190927 0.0104162 0.0762362 0.0901053 0.672638 0.213773 0.571942 0.422976 0.245854 0.587541 0.159561 0.180448 0.000694809 0.0744655
internal_weight=787098 686962 100136 26119 412949 362944 362621 274013 25844 25518 3036 2795 1099 22482 1236 919 697 21246 9549 8701 1301 80390 7589 848 171387 84893 57104 41954 1962 649 444 39992 5471 5265 449 34521 2979 1439 4816 1755 437 1313 1118 592 1540 31542 7383 7164 893 27789 2820 50005 72801 28128 6742 6506 3918 677 2588 6271 3414 671 2743 72580 1026 21386 21169 74017 67824 583 3241 883 453 7400 1079 11697 11300 193623 23111
internal_count=787098 686962 100136 26119 412949 362944 362621 274013 25844 25518 3036 2795 1099 22482 1236 919 697 21246 9549 8701 1301 80390 7589 848 171387 84893 57104 41954 1962 649 444 39992 5471 5265 449 34521 2979 1439 4816 1755 437 1313 1118 592 1540 31542 7383 7164 893 27789 2820 50005 72801 28128 6742 6506 3918 677 2588 6271 3414 671 2743 72580 1026 21386 21169 74017 67824 583 3241 883 453 7400 1079 11697 11300 193623 23111
is_linear=0
shrinkage=0.06


Tree=40
num_leaves=80
num_cat=0
split_feature=77 90 136 166 93 144 144 77 54 166 166 93 93 166 135 152 171 55 170 53 36 124 92 73 156 80 55 160 148 141 160 144 77 93 21 171 166 162 92 30 33 21 74 163 161 15 90 163 156 82 62 92 16 162 46 93 92 166 15 137 163 156 94 74 156 92 34 167 100 93 99 92 156 2 137 160 150 145 167
split_gain=403549 208321 170929 562705 98836.1 130198 86013.5 411694 112494 75733.4 140622 179302 243211 553421 627297 359924 355193 222953 143915 111983 87628.3 83466.6 121390 234555 100391 150745 194243 73124 72895 71249.9 67671.5 66652.1 143177 63779.9 63165.8 94640.6 141348 107861 61824.7 60780.4 60738.1 58590 94837.2 173244 66470.9 57395.7 78404.9 55166.6 53084.4 51344.9 49107.2 48818.6 67913.6 112065 71578 61640.8 65824.4 60509.9 59334.1 47361.2 46629.5 64055.6 46515.1 45934 45788 44501.7 43871.7 43526.8 60569.4 193922 42862.1 41126.3 40219.5 39507.2 39438.5 38936.3 38931.2 38949.3 37739.1
threshold=14.82249975204468 36.297748565673835 35.622936248779304 9.0000000000000018 2.1506659984588627 5.0000000000000009 5.0000000000000009 91.225002288818374 7.2926692962646493 5.0000000000000009 10.500000000000002 40.032255172729499 60.713041305541999 6.5000000000000009 27.80885219573975 0.92665481567382824 6.5000000000000009 5.5483772754669198 0.91511079668998729 23.049858093261722 230.70352172851565 104.77083206176759 29.392271995544437 61.118804931640632 95.500000000000014 6.4035000801086435 9.866035461425783 5.6499998569488534 0.20187366008758548 32.350000381469734 17.150000572204593 5.0000000000000009 36.201499938964851 24.784158706665043 162.54499816894534 8.5000000000000018 9.0000000000000018 11.650000095367433 20.112592697143558 268.01249694824224 400.53399658203131 555.62500000000011 86.058830261230483 212.50000000000003 305.50000000000006 283.29724121093756 10.123270988464357 222.50000000000003 39.500000000000007 8.3274998664855975 37.847499847412116 48.045743942260749 178.59815216064456 14.750000000000002 8.6960000991821307 40.032255172729499 51.686117172241218 10.500000000000002 180.73796081542972 0.16264386475086215 47.500000000000007 20.500000000000004 18.529000282287601 13.180111885070803 63.500000000000007 11.747324466705324 332.15771484375006 0.60355338454246532 128.84803771972659 53.128808975219734 13.628713607788088 2.5867114067077641 60.500000000000007 11.006499767303469 1.0909096002578738 17.250000000000004 1.6551216840744021 56.049999237060554 -0.6035533845424651
decision_type=2 8 10 2 10 2 2 2 8 2 2 10 10 2 8 10 2 8 2 10 8 8 10 10 10 10 10 8 10 10 10 2 2 10 10 2 2 10 8 10 8 8 10 10 10 8 10 10 8 10 8 8 10 8 8 10 10 2 8 10 8 10 10 10 10 8 10 2 8 10 10 10 10 10 10 10 10 10 2
left_child=2 31 4 -4 71 59 7 62 47 48 11 20 13 14 -13 34 -17 -16 19 -19 21 72 24 -24 27 26 -26 45 40 30 41 32 74 -34 35 73 -37 -38 -33 50 -15 42 51 44 66 -23 -47 -8 -7 65 -21 67 54 58 -53 -56 57 -57 -54 -6 61 -12 -3 -32 76 -27 -44 70 -69 -70 -10 -1 -11 -14 -2 78 -62 -78 -40
right_child=1 6 3 -5 5 9 8 -9 29 10 60 12 15 28 17 16 -18 18 -20 39 -22 22 23 -25 25 49 -28 -29 -30 -31 63 38 33 -35 -36 36 37 -39 75 -41 -42 -43 43 -45 -46 46 -48 -49 -50 -51 -52 52 53 -55 55 56 -58 -59 -60 -61 64 -63 -64 -65 -66 -67 -68 68 69 -71 -72 -73 -74 -75 -76 -77 77 -79 -80
leaf_value=-0.12755441587439051 0.025999717642768587 0.21714117852471945 -1.5276313960537591 2.3846068176286503 -0.37560107616504101 0.17996895110566441 -0.19428933016370178 2.4757803726074736 -0.032677586545095193 0.12547556535525692 0.89264436408550463 -1.6008364075338337 0.59854458968545632 -0.16603747897804511 0.012541470661395932 3.2438736983938292 -0.053406244077180559 3.0812350524099252 3.6052970089958709 1.4732815793482195 -0.13311669307975543 0.22889848143775485 0.035295825047259352 2.3591364348766417 0.11128622069231514 0.048734545767017939 2.571501334650899 0.053475051428259153 1.1386161359997078 1.2662873370284347 0.27318774355231568 -0.0033652514092490956 0.4643723131010381 1.414539153711224 -0.31708286111225586 -0.15211333465390284 0.18783309645822335 1.9672867808160563 -0.005747034736166853 0.70273069706228042 0.92302518533483691 -0.0047198432464601071 0.35386805397423005 1.8722716141365447 1.0461193215590099 1.8034149861467235 0.28171621743772851 -1.5085145175045933 -0.079288859426644751 -0.23801854745394579 2.4831759612670572 1.0674597550648435 2.1086380891410097 -0.14471498134856423 0.26727386900037825 0.86146063004008355 -0.70604407006624148 -0.36510345304608344 0.81202095867917401 -0.097518107369984133 -0.011798618204920485 0.063063794986539357 0.94864948602214372 -0.69940170145926073 -0.081556437937786302 1.3038089550972574 -0.83729676664939945 0.13917690643301028 0.16468845137531557 2.0507264762320672 0.21595876529841979 -0.051293229755630422 -0.053404207915769129 -0.26783920518407894 0.17969492847754545 -0.21780425472191436 0.81204348827224393 0.12050590720872449 0.088705649959428562
leaf_weight=29275 15209 3823 204 373 2360 3038 266 330 6688 6124 341 212 216 1830 204 243 227 227 205 475 7990 5974 397 257 205 205 264 23594 201 212 259 108056 1905 293 2237 492 202 312 19316 215 204 5189 236 346 231 203 304 202 44140 494 280 366 210 287 8673 279 512 299 325 33373 81800 16570 340 534 37671 201 209 2153 674 276 3981 195214 17321 1495 9937 1739 314 4249 71968
leaf_count=29275 15209 3823 204 373 2360 3038 266 330 6688 6124 341 212 216 1830 204 243 227 227 205 475 7990 5974 397 257 205 205 264 23594 201 212 259 108056 1905 293 2237 492 202 312 19316 215 204 5189 236 346 231 203 304 202 44140 494 280 366 210 287 8673 279 512 299 325 33373 81800 16570 340 534 37671 201 209 2153 674 276 3981 195214 17321 1495 9937 1739 314 4249 71968
internal_value=0.000574309 0.0608247 -0.0300539 1.00117 -0.0311971 -0.00847962 0.193101 0.439101 0.158982 0.0062192 0.0213923 0.0889768 0.332417 0.68398 1.46105 0.0696392 1.65463 1.86598 2.13546 1.88094 0.052659 0.0793852 0.142244 0.950695 0.1254 0.62771 1.49867 0.102515 0.0515233 0.172523 0.165175 0.0394558 0.127344 0.591618 -0.0810365 0.113354 0.574875 1.26969 0.0275036 1.59716 -0.0564101 0.179209 0.216279 0.782417 0.22265 0.281007 0.893347 -0.763547 -0.0625906 0.172685 1.8506 0.192845 0.287393 0.81162 0.244775 0.213827 -0.211295 0.227423 1.32396 -0.115894 -0.0136171 0.0798436 0.277098 -0.381802 -0.0263602 0.671766 -0.206201 0.117648 0.3154 0.714212 0.0601094 -0.0612388 -0.00667619 -0.158179 0.0867405 0.0633607 -0.0022833 0.168261 0.0687193
internal_weight=787255 265323 521932 577 521355 296866 36900 4493 32407 261133 213955 73010 9477 4053 1818 5424 470 1606 1402 1197 63533 55543 32098 654 31444 1369 469 30075 2235 31939 31727 228423 27344 2198 4954 2717 1006 514 201079 970 2034 30934 25745 1022 676 6481 507 468 47178 900 755 24723 10951 822 10129 9763 1090 578 535 35733 140945 16911 4163 793 124034 406 445 13772 3103 950 10669 224489 23445 1711 25146 93023 86363 4563 91284
internal_count=787255 265323 521932 577 521355 296866 36900 4493 32407 261133 213955 73010 9477 4053 1818 5424 470 1606 1402 1197 63533 55543 32098 654 31444 1369 469 30075 2235 31939 31727 228423 27344 2198 4954 2717 1006 514 201079 970 2034 30934 25745 1022 676 6481 507 468 47178 900 755 24723 10951 822 10129 9763 1090 578 535 35733 140945 16911 4163 793 124034 406 445 13772 3103 950 10669 224489 23445 1711 25146 93023 86363 4563 91284
is_linear=0
shrinkage=0.06


Tree=41
num_leaves=80
num_cat=0
split_feature=92 169 118 146 145 163 163 151 159 156 90 79 161 159 166 156 159 156 15 92 161 170 16 91 159 158 117 155 149 124 145 136 159 149 156 16 155 155 90 74 165 170 170 151 149 166 159 158 74 166 35 54 164 54 73 155 80 168 163 124 26 158 164 100 91 41 73 81 31 38 91 155 92 168 54 165 163 155 118
split_gain=397791 147921 304905 1.37662e+06 643929 507040 223121 160788 422594 202008 131237 121796 119336 106549 104854 191559 1.05771e+06 138166 231604 209995 130918 273450 98662.9 97895 108043 106219 101567 83956.2 82685.3 79682.5 97220.7 75433.1 72807 64884.5 81742.9 78007.3 91186.3 190123 80209.3 63593.4 90752.1 88293 62742.4 61549 56580.6 55893.6 63915 53501.4 63590.7 53342.2 53146.5 68725.8 91419.7 51063.5 51080.9 108174 184824 50194 125076 376294 378090 217138 146314 345962 115871 51630.8 49632.3 49704.3 46856.8 46229.7 64732.1 58153.2 228659 46117.9 70028.2 64625.8 46064.9 57735.6 52071.4
threshold=23.100206375122074 0.90531614422798168 -16.023945808410641 0.65357425808906566 149.25000000000003 107.50000000000001 47.500000000000007 121.50000000000001 986.25000000000011 63.500000000000007 12.033152103424074 9.0050001144409197 335.50000000000006 996.25000000000011 10.500000000000002 27.500000000000004 987.64999389648449 23.500000000000004 49.802440643310554 39.316127777099616 347.50000000000006 -0.16799793392419812 31.13569259643555 53.510078430175788 993.04998779296886 11.500000000000002 47.240457534790046 14.949999809265138 3.7500000000000004 118.02083206176759 80.700000762939467 32.787729263305671 979.64999389648449 12.150000095367433 63.500000000000007 394.63656616210943 32.049999237060554 29.150000572204593 27.708348274230961 25.046427726745609 0.078456107527017607 0.68901559710502636 -0.44505782425403589 82.500000000000014 6.5499999523162851 5.0000000000000009 983.25000000000011 3.5000000000000004 42.159597396850593 5.0000000000000009 369.66743469238287 30.210453987121586 -0.60873827338218678 13.459551811218263 88.273933410644545 21.750000000000004 12.101500034332277 -0.7865660786628722 447.50000000000006 140.93750000000003 475.12500000000006 18.500000000000004 0.99353402853012096 -15.708987236022947 17.278264999389652 49.252500534057624 38.78535461425782 159.40000152587893 155.01249694824222 41.968500137329109 2.3133209943771367 8.6500000953674334 12.300512313842775 0.12940952181816107 26.695914268493656 0.95878320932388317 467.50000000000006 30.44999980926514 15.305124282836916
decision_type=10 2 8 10 10 10 8 8 10 10 10 10 10 10 2 10 10 8 10 10 10 2 10 10 10 8 10 10 10 10 10 10 10 8 8 8 10 10 10 10 10 2 2 8 8 2 10 10 10 2 10 8 10 10 8 10 10 2 8 8 10 10 10 8 8 10 10 10 10 10 8 10 10 2 10 10 10 10 8
left_child=10 11 3 -3 5 -5 7 32 9 12 45 13 47 29 15 16 17 18 -8 -19 28 -22 -17 53 25 26 39 -24 -16 31 -31 44 -4 -12 35 43 37 42 -39 -25 -41 -42 -37 73 -2 -1 -47 48 68 -36 -45 52 -52 -13 57 56 -56 58 59 -55 61 65 64 -64 -60 -61 -59 -68 -9 -48 -71 72 -72 74 -35 -76 77 -29 -78
right_child=1 2 6 4 -6 -7 14 8 -10 -11 33 23 -14 -15 20 22 -18 19 -20 -21 21 -23 27 24 -26 -27 -28 76 -30 30 -32 -33 -34 34 49 36 -38 38 -40 40 41 -43 -44 50 -46 46 69 -49 -50 -51 51 -53 -54 54 55 -57 -58 66 62 60 -62 -63 63 -65 -66 -67 67 -69 -70 70 71 -73 -74 -75 75 -77 78 -79 -80
leaf_value=-0.08805159314037786 0.85910726740383192 4.9569636794924739 1.1986727504450596 0.70864068953450332 2.8877023974297069 -2.7837307560583886 1.8381891526764547 1.4121510521445459 2.7067513782982302 1.8739020673784295 -0.066639239073996479 -0.21642033161328131 1.5848322292860002 0.96176675444367887 -0.19896680330623395 1.3181183022823457 3.7185785799960027 0.32963682214930523 -0.2479854433810289 1.9247121261896725 2.3672266285345818 -0.059769130093124456 1.1241339709764382 0.32198251771835129 -0.48919712639883139 0.12707417800692375 1.9677421673037709 0.079477744504646591 0.079600107847477508 1.4512707300543843 -0.11711937103820877 -1.2909106847481562 0.1018875394815735 0.8240180117487651 -0.06462983881299196 1.1268169551670655 -0.1030453086837687 0.90635759769007562 2.4248737059814753 0.11610914331054528 2.4148745422941795 0.87953055424050042 0.18739874849846372 0.001018980459984477 -0.1373448486154934 -0.054300306369540953 -0.02396417247985486 -0.57906424027968839 -0.29789648123290385 0.017007236375140896 0.22303842104727126 0.11721463184468692 1.795031857528125 0.027979310657836921 0.050118724347949353 0.064711960722243084 2.5473132149999951 0.081871784804812317 1.1779065334987162 1.0817451740449553 3.537754183670061 2.2021392539572036 2.9754555799450397 -0.19424504043570218 0.013830858406134803 -0.04697370751651124 -0.042896275730491741 -0.83735604517881213 0.2578754714835193 0.8337618196302653 0.097234137258431705 0.028749412020196416 1.9781698329560458 0.086912062911349106 0.15889353152234267 1.1854940114740444 0.069575173543690555 1.085017316229818 -0.54386595695408591
leaf_weight=71854 207 263 242 300 201 297 212 205 394 335 32240 2145 206 338 5957 232 352 1328 1904 382 258 471 264 1312 501 2109 210 7995 10769 255 320 201 2111 729 38030 283 1407 311 211 297 203 404 2599 54356 15018 168715 94476 367 399 118885 365 7608 209 2364 225 849 202 27379 314 201 225 292 205 311 13532 525 12659 289 330 374 1610 45308 271 20677 5513 229 1071 210 930
leaf_count=71854 207 263 242 300 201 297 212 205 394 335 32240 2145 206 338 5957 232 352 1328 1904 382 258 471 264 1312 501 2109 210 7995 10769 255 320 201 2111 729 38030 283 1407 311 211 297 203 404 2599 54356 15018 168715 94476 367 399 118885 365 7608 209 2364 225 849 202 27379 314 201 225 292 205 311 13532 525 12659 289 330 374 1610 45308 271 20677 5513 229 1071 210 930
internal_value=0.000748234 0.100791 0.198876 1.20123 -0.0412203 -1.03052 0.170042 0.561509 0.925733 0.543514 -0.0174324 0.0559506 0.246728 -0.0908741 0.11447 0.231486 0.575983 0.285961 -0.0382041 0.68688 0.0147084 0.801234 0.0969546 0.0918894 0.346228 0.438608 0.709271 0.0697721 -0.019618 -0.113168 0.57974 -0.139032 0.21515 0.0134949 0.0237711 0.0678574 0.303205 0.471104 1.52363 0.589178 0.976182 1.39613 0.280004 0.0552295 -0.123741 -0.0403607 -0.0293331 0.0337985 0.274975 -0.00277865 0.0224798 0.165034 0.797546 0.0711306 0.0814878 0.456881 1.23465 0.0732634 0.156666 0.472487 1.31717 0.823387 0.0773204 1.06835 0.040313 0.266581 0.0360977 -0.060692 0.701977 0.000323226 0.0485656 0.0423249 0.369132 0.130668 0.270447 0.200035 0.0423913 0.105343 -0.215662
internal_weight=787337 121077 37985 1061 798 597 36924 4589 2236 1842 666260 83092 1507 16339 32335 14880 4178 3826 2116 1710 17455 729 10702 66753 5036 4535 2426 10470 16726 16001 575 15426 2353 283652 251412 94497 4811 3404 522 2216 904 607 2882 89686 15225 382608 310754 1301 934 156915 62538 8182 574 61717 59572 1276 427 58296 17969 3607 1243 1018 14362 516 13846 726 40327 12948 535 142039 47563 47189 1881 27148 6471 5742 10206 8205 2001
internal_count=787337 121077 37985 1061 798 597 36924 4589 2236 1842 666260 83092 1507 16339 32335 14880 4178 3826 2116 1710 17455 729 10702 66753 5036 4535 2426 10470 16726 16001 575 15426 2353 283652 251412 94497 4811 3404 522 2216 904 607 2882 89686 15225 382608 310754 1301 934 156915 62538 8182 574 61717 59572 1276 427 58296 17969 3607 1243 1018 14362 516 13846 726 40327 12948 535 142039 47563 47189 1881 27148 6471 5742 10206 8205 2001
is_linear=0
shrinkage=0.06


Tree=42
num_leaves=80
num_cat=0
split_feature=76 144 76 92 92 153 136 151 91 94 145 170 156 153 155 55 165 36 156 144 12 162 170 76 79 84 76 55 162 91 36 159 13 165 26 23 31 141 91 150 13 155 169 76 52 15 165 18 165 159 148 170 158 158 148 162 169 43 54 41 91 159 162 90 155 159 91 146 91 169 36 13 40 63 65 90 152 151 83
split_gain=330878 179673 323037 151262 105399 95323.4 187849 631060 109489 91041 71372.2 67910 66426.2 62965.8 128998 219634 65558.7 87120.5 67199.6 61714.8 59209.7 57262.2 55989.8 54930.3 54036 54946.9 53724.2 51977.5 50834.5 63642.9 192956 95341.5 79553.3 54301 60624.6 181146 48452.1 47907.5 114535 45748.8 45685.3 70411.4 43526.8 67618.5 62095.3 69300.5 111493 50007.5 96560.2 44220.1 42339.3 41431.2 44159.1 49028.4 40913.8 85529.6 40759 185036 86910 40503.6 40712.6 41226.3 40205.6 47102.2 45177.2 38667.8 36183.6 34860.2 40423.2 73757.5 121231 36964.3 34764.8 49033.3 33538.3 33255.9 32559.2 61374.9 205182
threshold=24.350999832153324 5.0000000000000009 130.56500244140628 13.891895771026613 30.377414703369144 14.050000190734865 35.622936248779304 106.50000000000001 45.569658279418952 28.72500038146973 100.00000000000001 0.99445194005966198 43.500000000000007 23.44999980926514 34.149999618530281 14.547061920166017 -0.95878320932388295 399.61885070800787 47.500000000000007 5.0000000000000009 374.05000305175787 35.45000076293946 0.97062206268310558 91.225002288818374 210.55000305175784 163.69999694824222 14.712500095367433 13.707539558410646 14.449999809265138 32.871843338012702 24.873446464538578 993.95001220703136 26.33741664886475 0.11319890245795251 393.11650085449224 457.37500000000006 113.01649856567384 30.849999427795414 26.133629798889164 1.2728115320205691 11.611083507537844 28.349999427795414 0.93544191122055065 130.56500244140628 43.748216629028327 101.13452911376955 -0.11319890245795249 194.90850067138675 0.52247866988182079 994.45001220703136 1.2129247784614565 0.82293498516082775 93.500000000000014 92.500000000000014 0.22838710248470309 7.7500000000000009 0.96687895059585582 11.502500057220461 13.459551811218263 84.703998565673842 57.859048843383796 973.35000610351574 13.449999809265138 1.6625326275825503 5.7500000000000009 998.54998779296886 36.116390228271491 0.49271841347217565 57.859048843383796 -0.47558552026748652 73.491943359375014 165.5778732299805 10.501500129699709 5.9765000343322763 45.276000976562507 3.8324791193008427 1.5151856541633608 113.50000000000001 6.7509999275207528
decision_type=2 2 2 10 8 8 10 10 10 10 10 2 8 10 10 8 8 10 10 2 10 10 2 2 10 10 2 10 8 10 8 10 8 10 10 8 8 10 8 10 8 10 2 2 8 10 8 8 10 10 10 2 10 10 8 10 2 10 8 10 8 8 8 8 10 8 10 10 8 2 8 10 10 10 10 10 10 10 8
left_child=3 2 9 12 23 8 19 10 -5 -2 -8 13 21 16 22 -16 18 20 -6 26 24 37 56 39 25 42 -7 75 29 65 -31 32 -32 50 36 -36 -35 54 -39 40 41 -3 49 44 -44 46 -46 -48 -49 59 -34 52 53 -30 55 -1 58 -58 -15 60 61 -18 63 -29 -65 76 -54 -60 -69 70 -70 -71 -38 -74 -11 -14 77 -21 -79
right_child=1 4 -4 5 11 6 7 -9 -10 74 -12 -13 27 14 15 -17 17 -19 -20 28 -22 -23 -24 -25 -26 -27 -28 62 51 30 31 -33 33 34 35 -37 72 38 -40 -41 -42 -43 43 -45 45 -47 47 48 -50 -51 -52 -53 66 -55 -56 -57 57 -59 67 -61 -62 -63 -64 64 -66 -67 -68 68 69 71 -72 -73 73 -75 -76 -77 -78 78 -80
leaf_value=1.5055940727625026 0.2229296768710414 -0.083115296314423104 2.387923944863406 -0.09363970957450779 1.5102078172219917 -0.13317656349069751 0.18766032483850131 2.8984235878639364 -1.399954735025859 1.0868616431796154 -1.3618185008718418 -0.48809111369346414 -0.10226098135975058 -1.010749190268772 0.29982055101685223 2.7560410049137207 0.75010497332290682 -0.88758687596964825 0.058166900708664593 0.056036621089282153 0.98496349003943762 0.91128862052023984 0.97118670584988009 -0.27595265838376248 -0.53756836985485457 -0.65693223297505388 0.033398687023837921 0.75076277393725621 0.041492196173526875 1.5624690143157218 1.1016851809634602 1.1929935030610237 -0.35815812592649704 0.82811642523081253 -0.076117657920142176 2.1293447363667708 -0.65871499099074315 0.04729474030802773 1.4465341740015305 0.1450792760749178 0.0047513663935149003 1.4461737776800656 0.062444652572154466 1.2767755450004905 1.881948547170833 0.10193698535910255 0.11956239828574079 0.25385465634546067 1.9268618005644984 0.81243570537598275 0.54166811771212375 -0.069027315356454622 -0.064460640841468408 0.79152153749267262 0.0057611525016242286 0.031314235889174521 2.1528966317472693 0.25291939247897033 -0.24698675045783083 -0.23343611607655793 0.29734309744576815 -0.023722063744424045 -0.039475013747142143 0.70668717803401426 0.020329999241420562 0.84963095914852682 -0.65631215246230212 0.13233620819872458 0.2491634564363259 0.37317157072116669 2.126092310467282 -0.39125883003368095 0.85764150311497334 -0.073955984532109484 0.2106651477678127 -0.050019221480822551 -0.021900232707408117 1.5085127884243335 0.15949007626987025
leaf_weight=202 11570 235 263 17954 239 14765 220 339 233 632 207 570 57530 223 374 201 257 321 220 67290 272 259 362 2110 473 328 13202 324 79740 387 270 308 1382 259 356 214 282 807 284 11148 48085 200 4032 220 246 1190 636 316 204 267 217 18622 10172 314 56275 469 207 1639 612 1731 2359 6299 84742 347 43554 222 385 5141 281 1402 221 271 237 1398 210 184719 15082 428 7542
leaf_count=202 11570 235 263 17954 239 14765 220 339 233 632 207 570 57530 223 374 201 257 321 220 67290 272 259 362 2110 473 328 13202 324 79740 387 270 308 1382 259 356 214 282 807 284 11148 48085 200 4032 220 246 1190 636 316 204 267 217 18622 10172 314 56275 469 207 1639 612 1731 2359 6299 84742 347 43554 222 385 5141 281 1402 221 271 237 1398 210 184719 15082 428 7542
internal_value=0.00026882 0.0991122 0.31101 -0.0150417 0.070196 0.021859 0.03215 0.969594 -0.110451 0.266813 -0.564919 0.160251 -0.0366941 0.172366 0.287731 1.16172 0.10803 0.0910233 0.81588 0.0290649 0.107752 0.0228482 0.239111 0.0248384 0.0948427 0.111412 -0.0545453 -0.0460447 0.0404656 0.072349 0.274217 0.172649 0.104309 0.0420926 0.203925 0.754177 0.0595077 0.0188677 0.412524 0.0354795 0.0102953 0.62171 0.12564 0.244251 0.20977 0.438831 0.724505 0.476785 0.912627 0.0512396 -0.235781 0.0124812 0.029233 0.0444439 0.0113187 0.476716 0.212507 0.467022 0.154816 0.0320744 0.0836482 0.00672229 -0.0152738 0.0310993 0.025771 0.06051 -0.0861048 0.187724 0.224117 0.440898 1.07804 0.249186 -0.0447143 0.0615246 0.868842 -0.0624261 0.0585615 0.074686 0.232115
internal_weight=787106 105567 12675 681539 92892 252027 233840 766 18187 12412 427 31114 429512 30544 10934 575 19610 19151 459 233074 18830 58296 10359 61778 18558 18085 27967 371216 205107 95874 5310 4923 4615 4345 2746 570 2176 58037 1091 59668 48520 435 17757 6844 6624 2592 1402 1156 520 10913 1599 109233 90611 80054 56946 671 9997 1846 8151 10646 8915 6556 128967 44225 43901 90564 10557 7928 7316 2175 502 1673 1917 1635 842 242249 90342 75260 7970
internal_count=787106 105567 12675 681539 92892 252027 233840 766 18187 12412 427 31114 429512 30544 10934 575 19610 19151 459 233074 18830 58296 10359 61778 18558 18085 27967 371216 205107 95874 5310 4923 4615 4345 2746 570 2176 58037 1091 59668 48520 435 17757 6844 6624 2592 1402 1156 520 10913 1599 109233 90611 80054 56946 671 9997 1846 8151 10646 8915 6556 128967 44225 43901 90564 10557 7928 7316 2175 502 1673 1917 1635 842 242249 90342 75260 7970
is_linear=0
shrinkage=0.06


Tree=43
num_leaves=80
num_cat=0
split_feature=77 91 166 166 93 93 163 148 151 15 54 77 118 93 135 166 83 34 151 149 160 159 91 150 63 90 163 91 158 171 151 74 163 93 162 155 166 166 89 169 164 17 160 93 72 35 163 34 117 91 54 162 91 72 78 155 163 86 91 159 79 44 168 163 163 53 168 54 90 126 34 16 169 93 160 124 155 91 158
split_gain=288665 154998 88402.1 163960 221315 296998 432477 540926 327876 204938 352586 210065 184362 144067 140250 132588 118820 167625 276051 118002 110599 95264.6 92263.9 87147.2 77752.6 77707 77002.7 133358 76462.9 74897.8 124564 185505 81416.2 74699.7 72686 129180 75320.7 72315.7 126822 253956 231658 82089.3 69035.8 66254.3 63131.6 123885 61970.2 199649 59712.6 102670 101959 130923 59022.1 58829.2 57713.8 57070 66665.4 76452.9 69157.7 164733 56690.3 71002.9 54459.1 73671.2 94882.9 371972 53634.6 52596.9 52514.9 178826 52372.3 68442.3 45251.4 49893 53831.7 83651.8 77698 90899.3 53192.8
threshold=31.416500091552738 13.421922206878664 5.0000000000000009 10.500000000000002 40.032255172729499 86.285350799560561 357.50000000000006 0.28341679275035864 148.50000000000003 72.248840332031264 30.210453987121586 9.9010000228881854 22.494679450988773 60.713041305541999 10.963613510131838 9.0000000000000018 9.9024996757507342 122.70706939697267 105.50000000000001 17.250000000000004 10.84999990463257 987.54998779296886 20.577612876892093 1.1188756823539736 4.6034998893737802 39.336791992187507 107.50000000000001 63.005044937133796 1.0000000180025095e-35 3.5000000000000004 108.50000000000001 16.806633949279789 122.50000000000001 26.984488487243656 16.650000572204593 29.250000000000004 6.5000000000000009 7.5000000000000009 7.897249937057496 -0.50556187331676472 -0.58068084716796864 1.0000000180025095e-35 26.44999980926514 132.52664947509768 84.05374908447267 319.43861389160162 32.500000000000007 212.11189270019534 -7.795229196548461 45.569658279418952 11.141086578369142 15.650000095367433 26.133629798889164 88.201816558837905 7.3025000095367441 15.449999809265138 652.50000000000011 5.3025000095367441 37.545301437377937 989.85000610351574 9.2845001220703143 8.1174998283386248 -0.7865660786628722 742.50000000000011 722.50000000000011 43.375587463378913 -1.0000000180025095e-35 99.408344268798842 11.385919570922853 -64.960376739501939 327.00976562500006 80.006439208984389 -0.99963879585266102 5.7753682136535653 7.7500000000000009 109.52083206176759 25.849999427795414 29.299886703491214 37.500000000000007
decision_type=2 10 2 2 8 8 8 10 10 8 8 2 8 10 8 2 8 8 10 8 10 10 10 10 10 8 10 8 10 2 8 8 8 10 10 10 2 2 10 2 8 10 10 8 8 10 8 10 8 10 8 10 10 10 10 8 10 8 10 8 8 8 2 8 10 10 2 10 8 8 8 10 2 10 8 8 10 10 10
left_child=1 42 -3 4 16 6 7 9 14 11 -11 22 -8 15 -7 21 17 18 20 -16 24 -12 -6 25 -4 -2 27 66 -23 30 -19 -32 -33 -28 -14 36 -36 41 -39 40 -40 -21 62 -25 46 53 47 -27 49 -35 51 -50 -31 -46 -26 -18 58 -58 72 -60 -48 -62 63 64 -1 -66 -5 -52 69 -59 71 -41 -57 -74 75 -75 77 78 -77
right_child=23 2 3 26 5 8 12 -9 -10 10 13 -13 34 -15 19 -17 55 29 -20 37 -22 28 -24 43 54 44 33 -29 -30 52 31 32 -34 48 35 -37 -38 38 39 70 -42 -43 -44 -45 45 -47 60 -49 50 -51 67 -53 -54 -55 -56 56 57 68 59 -61 61 -63 -64 -65 65 -67 -68 -69 -70 -71 -72 -73 73 74 -76 76 -78 -79 -80
leaf_value=0.050613756634473539 0.029886452120697276 -0.045144011667897437 1.2883450197821158 -0.01684728320564045 2.009572211185823 1.131311351453383 1.5051531733845984 -0.77288884747384201 2.3033837897340455 -1.3089205617691153 0.86990924503244282 3.3134042098637004 -0.22804486803475971 0.17271151257384765 -1.2603191582265196 0.69713611862057756 -0.079142797967339432 -0.078507852645272991 2.9250638228320867 0.87580611478823878 1.7225983648842811 1.7793398600324843 0.41274983047851782 0.24969309529038289 -0.84750602349638937 2.2777866671296154 -0.0094406369688372332 1.2753664875465911 3.023367975950241 -0.03439299077431282 2.1793155584007033 1.4113179641922051 0.12174133421967649 -0.20215502577357505 0.98362406084838427 1.6674150860150656 -0.37809986414409996 -0.21679051992112627 3.2077234107171591 1.1528676765385482 0.46992427922911562 -0.32535758470558157 1.0063742088286771 1.2440110956959245 0.54641558537612955 1.5397384290556366 1.106084399805046 0.054916644201157577 1.8777581669080374 -1.6994129293786042 -0.18500354443467551 0.0099881647878797813 0.73713790706997329 -0.24575107149944037 0.30389268782136586 0.88652906650253649 0.78669840278859071 1.8680427998361404 0.091935775012609924 1.932438128770116 -0.71279359325766556 0.13164719099088984 -0.046535967344293445 -0.032335398899184284 0.039105512380504456 2.333876871572091 0.094184235689934365 0.60632797076721345 -0.11897435181786213 -0.3399421751083842 -0.77873497988658713 -0.1047875081818347 0.028446599011352672 0.078720241269276917 0.044173054817413335 0.64682186508281581 0.12114655429378964 1.7344253923190514 -0.053366757103866791
leaf_weight=37009 27338 55819 202 27043 369 355 315 468 224 200 208 352 1965 303 296 395 12277 913 202 220 225 411 202 12690 221 204 84301 319 323 4460 287 233 715 523 205 224 503 1408 211 223 235 2805 229 245 1043 350 207 501 201 240 12365 408 387 498 532 253 369 208 590 248 368 12568 308234 75986 1169 324 37215 309 10871 358 218 511 24562 4687 7687 2237 1761 243 473
leaf_count=37009 27338 55819 202 27043 369 355 315 468 224 200 208 352 1965 303 296 395 12277 913 202 220 225 411 202 12690 221 204 84301 319 323 4460 287 233 715 523 205 224 503 1408 211 223 235 2805 229 245 1043 350 207 501 201 240 12365 408 387 498 532 253 369 208 590 248 368 12568 308234 75986 1169 324 37215 309 10871 358 218 511 24562 4687 7687 2237 1761 243 473
internal_value=0.000783243 -0.00928817 0.0231569 0.0383297 0.104146 0.331237 0.622121 1.11214 0.0517106 1.43159 1.06461 2.16121 0.129015 1.35469 -0.0264443 1.62222 0.0644347 0.277434 0.881025 -0.0936986 0.528933 2.00898 1.44638 0.132049 0.246195 0.0910343 0.00263868 0.0535424 2.33015 0.158074 0.452909 0.845516 0.439847 -0.0307861 -0.0210847 0.41504 0.0170158 -0.0342713 0.185084 0.589698 1.76944 -0.23774 -0.0328457 0.268621 0.197237 0.522345 0.152808 0.700445 -0.158887 -0.674722 -0.129208 0.628512 0.0273478 0.29042 -0.0347103 0.0377295 0.0640351 -0.062169 0.0988961 0.638273 0.123381 0.107572 -0.033411 0.00192515 0.0695395 0.538329 0.0474571 -0.165664 -0.089623 0.473336 0.0357274 0.278355 0.0880944 0.0832232 0.161952 0.258242 0.436681 0.624743 0.524637
internal_weight=786056 730044 307093 251274 88350 13149 6443 3231 6706 2763 1840 923 3212 1640 6482 1337 75201 8377 1382 6127 1180 942 571 56012 955 43077 162924 64577 734 6995 2148 1235 948 98347 2897 932 708 5831 2806 1398 446 3025 422951 12935 15739 1891 13848 705 14046 763 13283 609 4847 1541 753 66824 54547 11806 42741 838 13143 12936 422722 114488 38502 1493 64258 12674 11437 566 952 734 41903 41650 17088 9401 4714 2953 2710
internal_count=786056 730044 307093 251274 88350 13149 6443 3231 6706 2763 1840 923 3212 1640 6482 1337 75201 8377 1382 6127 1180 942 571 56012 955 43077 162924 64577 734 6995 2148 1235 948 98347 2897 932 708 5831 2806 1398 446 3025 422951 12935 15739 1891 13848 705 14046 763 13283 609 4847 1541 753 66824 54547 11806 42741 838 13143 12936 422722 114488 38502 1493 64258 12674 11437 566 952 734 41903 41650 17088 9401 4714 2953 2710
is_linear=0
shrinkage=0.06


Tree=44
num_leaves=80
num_cat=0
split_feature=80 136 97 108 76 78 90 48 92 166 72 152 35 166 92 53 156 161 74 155 61 35 127 140 93 155 164 35 85 166 156 93 127 169 53 145 147 165 169 55 155 168 80 91 92 141 59 35 142 109 80 155 93 74 4 164 92 93 147 93 168 160 92 35 92 160 93 82 34 165 166 153 38 143 160 15 15 119 166
split_gain=286275 174468 575587 161773 124109 107212 82591.6 80502.8 64563.4 90479.9 190345 408949 827272 109752 198285 297028 134580 89966.8 65851.4 65583.5 73199.4 73499.4 107923 154496 70101.1 56148.7 82416.9 72389.8 55521.6 55275 65747.8 53813.5 53199.4 52888.1 52211.7 125095 229078 196023 195694 49967 73162.5 99582.1 166601 69384.3 66012.4 49414.6 47705.2 92661.8 46812.9 75550.8 46465.8 46405.9 74222.9 79635.5 70306.6 46304.5 45562 45193.1 44395.9 43852.5 40180.8 77752.1 55408.1 50954.4 130868 82611 40052.2 38945.4 38101.2 38053.7 35852.8 47317.4 42602.9 35704.4 35635.8 33792.3 33520.5 33225.2 32654.9
threshold=23.702500343322757 35.622936248779304 141.9916687011719 -293.53170776367182 8.7014999389648455 1.0000000180025095e-35 36.297748565673835 6.1024999618530282 22.614317893981937 10.500000000000002 47.837333679199226 1.0616921186447146 170.47162628173831 5.0000000000000009 39.316127777099616 71.013984680175795 46.500000000000007 57.500000000000007 42.159597396850593 28.650000572204593 50.520999908447273 317.19146728515631 -69.062759399414048 7.1499998569488534 53.128808975219734 22.050000190734867 0.99687939882278453 445.48706054687506 18.751000404357914 18.500000000000004 28.500000000000004 24.784158706665043 -68.35302352905272 0.98213580250740062 10.991475105285646 75.099998474121108 977.89999389648449 0.35019405186176306 0.88220161199569713 16.597817420959476 8.6500000953674334 0.78656607866287243 4.1015000343322763 24.121344566345218 14.677316665649416 16.650000572204593 44.817499160766609 118.66338348388673 -0.73724925518035878 95.562530517578139 6.6844999790191659 30.750000000000004 30.644845008850101 20.681765556335453 28.755000114440922 -0.60873827338218678 24.785172462463382 9.0309004783630389 643.54998779296886 34.430917739868171 -0.7865660786628722 1.1500000357627871 32.338914871215827 111.57719039916994 15.957602977752687 5.0499999523162851 44.439010620117195 29.88749980926514 271.90376281738287 0.96811076998710643 5.0000000000000009 14.949999809265138 21.976500511169437 -0.026175950653851029 20.250000000000004 92.903320312500014 11.336378097534181 0.59524866938591015 13.000000000000002
decision_type=10 10 10 8 2 8 8 8 8 2 10 10 8 2 10 10 8 8 8 10 8 10 10 8 8 10 10 10 8 2 8 8 8 2 10 8 8 10 2 10 8 2 10 8 10 10 10 8 8 8 10 10 8 8 10 10 10 10 8 10 2 8 10 8 10 8 10 10 10 10 2 8 8 10 10 8 8 10 2
left_child=1 4 3 -3 39 -2 76 58 70 10 25 13 -13 33 17 16 -16 -15 -14 20 24 22 23 -22 28 -10 27 51 -19 57 32 -25 -31 -12 35 -9 -37 -38 -39 43 41 42 -41 -1 -44 -34 67 -48 49 -49 -5 52 -27 54 -54 75 73 -11 -8 -57 61 -42 63 64 65 -63 -53 -36 -47 -59 -6 -72 -73 -55 -45 -51 -7 -77 -74
right_child=5 2 -4 50 8 6 7 34 9 29 11 12 18 14 15 -17 -18 19 -20 -21 21 -23 -24 31 -26 26 -28 -29 -30 30 -32 -33 45 -35 46 36 37 38 -40 40 60 -43 44 74 -46 68 47 48 -50 55 -52 66 53 56 -56 59 -58 69 -60 -61 -62 62 -64 -65 -66 -67 -68 -69 -70 -71 71 72 78 -75 -76 77 -78 -79 -80
leaf_value=-0.048169038783596171 1.267232197344303 1.0890086505772933 3.3186735618169658 -0.08032342513140879 -0.04615507935751291 0.77297604859285685 0.16026224989944429 1.6431597782431431 -0.030993496968762344 0.0058146562939642692 -0.12970809655092483 4.906202762551005 1.1579564600401535 1.264891078738333 -0.61278540396804437 3.1837534424649223 1.478450436866132 1.0857965900704136 -0.29059247441678526 -0.29377902392486421 2.4994159284779367 -0.043512695348516393 -0.017638248285978955 0.33148825384426439 -0.77554191495073088 0.078337186927769822 1.1059911748455471 1.2154332714391425 -0.022518597260506739 0.042959131679762869 0.04565201051289252 1.5050825392679104 0.20808468263146107 0.49099658056148482 -0.017968610864893601 -0.98519521224537643 -0.20825264549279798 0.40698639573446943 2.9087591886480828 1.9386024935819834 1.1833387521098102 -0.15989167887041525 -0.065613148289589543 -0.18383384324321453 1.1643087035034774 1.5912265551090241 1.4199155481334655 0.087360898825555686 0.10671431540241347 -0.17385968052406808 -1.1874420234416487 -0.061712805072735848 0.46935011035409463 0.096717766710475592 2.0573622818113262 0.62729532750589512 -0.11623101932338865 -0.19364770570160045 -0.9693568860788544 1.8288346351702325 -0.037630126512110222 1.1847835441153689 0.79269417789210084 0.0030969928686561733 1.6019738016086134 -0.037124173926586589 -0.93836053071163805 0.18171171914177428 0.53888869938751061 0.2989825040166873 -0.079499572130820317 -0.031306704834577231 0.058464288959224876 1.0135685091286533 0.46530163138960634 0.093044678205019465 0.056746322876326541 0.95181215945226338 0.0059857787446379188
leaf_weight=210219 279 317 242 284 59644 235 200 297 14479 14688 2658 210 204 308 208 222 235 214 251 770 234 501 390 446 331 6875 313 212 669 603 12446 205 330 606 4714 363 365 225 225 301 220 743 562 17233 217 296 267 1087 2784 200 262 2105 202 262 200 209 546 8865 333 232 51664 231 355 16488 252 1408 205 13837 215 602 21559 57671 73914 367 309 230 73527 551 101034
leaf_count=210219 279 317 242 284 59644 235 200 297 14479 14688 2658 210 204 308 208 222 235 214 251 770 234 501 390 446 331 6875 313 212 669 603 12446 205 330 606 4714 363 365 225 225 301 220 743 562 17233 217 296 267 1087 2784 200 262 2105 202 262 200 209 546 8865 333 232 51664 231 355 16488 252 1408 205 13837 215 602 21559 57671 73914 367 309 230 73527 551 101034
internal_value=2.59895e-05 -0.0137787 0.739198 0.012865 -0.0149917 0.0947945 0.0915069 0.183194 0.00749785 0.0585407 0.129014 0.372318 1.80084 0.253317 0.437873 1.39763 0.497392 0.280676 0.359982 0.19974 0.326889 0.572226 0.814019 1.18012 -0.0321984 0.0472084 0.14752 0.120084 0.247012 -0.00523404 0.0901338 0.702795 0.47323 -0.0143519 0.198405 0.544843 0.266774 0.824924 1.66155 -0.0439309 -0.000526467 0.374659 0.742217 -0.0577359 0.27805 0.781319 0.177189 0.33134 0.27617 0.464082 -0.612778 0.098396 0.163528 0.534638 1.26255 0.751791 0.284738 -0.0600755 -0.545978 1.26211 -0.010217 0.0645025 0.0513011 0.0369384 0.331851 0.135708 -0.139883 0.130973 1.15038 -0.162293 -0.00428997 0.00553401 0.0134152 0.632429 -0.172374 0.521332 0.0590386 0.699352 0.0281577
internal_weight=787762 687602 1105 863 686497 100160 99881 26119 386295 72473 34428 8662 665 7997 4733 665 443 4068 455 3760 2990 1776 1275 885 1214 25766 11287 10974 883 38045 13890 651 1444 3264 25586 1475 1178 815 450 300202 72441 1823 1080 227761 779 841 24111 5560 5293 2509 546 10762 8452 1577 402 1422 1175 24155 533 441 70618 18954 18734 18379 1891 1639 2310 18551 511 9467 313822 254178 232619 629 17542 981 73762 781 174948
internal_count=787762 687602 1105 863 686497 100160 99881 26119 386295 72473 34428 8662 665 7997 4733 665 443 4068 455 3760 2990 1776 1275 885 1214 25766 11287 10974 883 38045 13890 651 1444 3264 25586 1475 1178 815 450 300202 72441 1823 1080 227761 779 841 24111 5560 5293 2509 546 10762 8452 1577 402 1422 1175 24155 533 441 70618 18954 18734 18379 1891 1639 2310 18551 511 9467 313822 254178 232619 629 17542 981 73762 781 174948
is_linear=0
shrinkage=0.06


Tree=45
num_leaves=80
num_cat=0
split_feature=77 90 144 93 166 136 167 93 151 162 93 166 135 55 170 53 36 151 165 91 149 91 90 33 73 163 93 137 144 77 144 93 61 119 69 78 115 170 22 55 49 170 93 85 33 84 15 9 91 15 153 166 167 153 55 20 146 163 53 171 15 52 159 71 73 168 39 163 124 155 165 159 87 43 63 73 91 28 88
split_gain=240086 118846 94375.6 94058 68147.7 115286 121287 137267 389280 354004 269931 430875 486229 140386 127000 119863 78578.6 77663.5 111762 142981 70467 79601.6 462410 282154 132892 67798.5 80604 62426.6 59555.3 77678.7 120824 150812 58458.7 97020.4 90548 56295.5 57886 56754.3 54559.3 108668 54270.1 68282.3 54265.3 53448 52584.7 51244.9 60676 59167.4 50951.2 50535 46581 60686.9 52463.6 50213.7 233744 46292.8 45824.5 55457.7 59599.8 55564.8 52805 60100.5 80483.2 166702 52771.1 63453.6 44796.2 46909 77404.6 63964.8 82373.2 68477.1 44416.3 43596.6 77875 147174 43051.8 111585 55365.4
threshold=14.502500057220461 32.183166503906257 5.0000000000000009 1.6599022746086123 5.0000000000000009 35.622936248779304 0.37940952181816107 40.032255172729499 108.50000000000001 11.650000095367433 60.713041305541999 6.5000000000000009 17.872979164123539 5.5483772754669198 0.91511079668998729 23.049858093261722 230.70352172851565 70.500000000000014 0.18222858756780627 32.871843338012702 13.750000000000002 15.995110988616945 13.038934707641603 163.40568542480472 38.126811981201179 1597.5000000000002 12.932793617248537 0.75550255179405224 29.000000000000004 61.002500534057624 5.0000000000000009 45.983898162841804 142.61250305175784 0.67395108938217174 11.777499675750734 122.95000076293947 33.795833587646491 0.99530133605003368 139.25599670410159 18.108149528503422 15.551500320434572 -0.58481180667877186 45.983898162841804 17.404999732971195 395.40010070800787 7.8989999294281015 277.74795532226568 22.005000114440922 8.8510694503784197 51.323837280273445 14.949999809265138 5.0000000000000009 -0.6035533845424651 15.550000190734865 2.652856826782227 169.93499755859378 0.96385082602500927 1257.5000000000002 7.9977481365203866 10.500000000000002 119.60340118408205 66.621109008789077 984.75000000000011 51.459686279296882 58.637262344360359 1.0000000180025095e-35 30.927499771118168 777.50000000000011 103.52083206176759 15.449999809265138 0.0087262028828263612 996.14999389648449 8.3315000534057635 56.826499938964851 80.12250137329103 62.664049148559577 25.8924674987793 144.02850341796878 13.302500247955324
decision_type=2 8 2 10 2 10 2 8 10 10 10 2 8 8 2 10 8 8 10 10 8 10 10 8 10 10 10 10 2 2 2 8 8 8 10 10 10 2 8 8 10 2 10 8 8 8 10 10 10 8 8 2 2 8 10 10 10 10 10 2 10 10 10 10 10 2 8 8 8 10 10 10 8 10 10 10 8 8 8
left_child=2 50 27 -4 -5 6 -6 16 10 -10 11 12 -9 -14 15 -15 17 -8 -19 20 -20 32 23 -23 -25 28 -27 -1 29 73 31 -31 45 34 -34 37 55 56 39 40 41 -12 -17 -32 -13 46 47 48 -22 -28 -2 -52 -53 54 -54 -37 60 58 -58 -60 61 -30 64 -64 65 -63 -55 68 -68 -70 -71 76 -24 -3 -75 -76 -72 -78 -79
right_child=1 25 3 4 5 -7 7 8 9 -11 38 44 13 14 -16 42 -18 18 19 -21 21 22 72 24 -26 26 49 -29 35 30 43 -33 33 -35 -36 36 -38 -39 -40 -41 -42 -43 -44 -45 -46 -47 -48 -49 -50 -51 51 52 53 66 -56 -57 57 -59 59 -61 -62 62 63 -65 -66 -67 67 -69 69 70 71 -73 -74 74 75 -77 77 78 -80
leaf_value=-0.15376260746521336 -0.053423859184351039 0.11851130854172678 -0.052779198229496671 -0.055837520725086749 -0.013530975874165071 1.0362746889531613 -0.032843390972601812 -1.5020357102067989 0.49735615298456076 3.6442729914292045 -0.26030262858234343 -0.11519809113329998 0.14524296867037281 2.8201174565485991 3.2065835916301575 1.5541284391428714 -0.11654071031190753 0.035487053046501189 -0.10692209420091907 1.67181613854627 0.34651931601301056 3.2951944574563137 0.7485480791044814 -0.020325186036904034 1.9831259238873629 0.1328953814779478 -1.2859019116503851 -0.033424688485474342 0.079200485189772893 0.52773543035485737 -0.35064707090565256 2.1390847765842946 0.45637695856417554 0.24697040957001265 2.2164807216299347 -0.70550815916344101 -1.2726191601545915 -0.5834688354686185 -0.25534548919268052 1.4712184335891878 -0.24400965679275929 0.93953920305113048 0.51456813201671692 0.39624159303608864 0.89730482788202237 0.046026462905680382 1.3176589850528846 0.11479779615464102 1.3461234246725442 -0.29217978806980321 -0.032741725850077757 -0.0045117490338347334 2.3210930766543387 0.016973681275062921 0.12341165524661427 0.3828414042534935 1.2012062246404902 1.1881623201527527 0.10705382801287765 0.56096679832507879 -0.10586577744956745 -0.33774470850069949 0.29024220424317398 2.3856424257974913 -0.7110702359064851 1.045354555124129 0.059591056978703691 0.031861572194227819 0.02052750854617973 0.11113639496503398 0.28556062961131445 1.391721720215966 0.036026337494794114 0.2252553719187898 0.35185111403260344 2.2255329801454096 1.823384058172874 1.2267220727090995 0.28584212321191393
leaf_weight=31009 23021 12066 153712 54262 161032 399 18351 203 293 229 299 1860 205 228 205 703 9134 27223 2262 242 506 286 364 256 222 2230 209 31068 8329 621 413 315 221 1255 201 252 206 420 2975 200 1182 396 245 2071 204 7702 207 2458 288 1512 37121 43507 200 41127 1309 316 212 215 5856 1163 4770 216 389 210 211 265 27759 28299 5215 7965 8726 228 2298 3492 508 214 234 265 1474
leaf_count=31009 23021 12066 153712 54262 161032 399 18351 203 293 229 299 1860 205 228 205 703 9134 27223 2262 242 506 286 364 256 222 2230 209 31068 8329 621 413 315 221 1255 201 252 206 420 2975 200 1182 396 245 2071 204 7702 207 2458 288 1512 37121 43507 200 41127 1309 316 212 215 5856 1163 4770 216 389 210 211 265 27759 28299 5215 7965 8726 228 2298 3492 508 214 234 265 1474
internal_value=-2.53737e-05 0.0454381 -0.0241659 -0.0146447 0.0049864 0.0184944 0.0168254 0.0757896 0.291321 1.88223 0.197863 0.576057 1.2573 1.6112 1.82855 1.58581 0.0481332 0.0715117 0.113151 0.225794 0.206816 0.250454 0.507376 1.8075 0.912346 0.132608 -0.105166 -0.093538 0.154596 0.231182 0.491098 1.07172 0.181857 0.512062 1.29798 0.0890765 -0.413632 0.106577 -0.0906294 0.145312 0.0033242 0.423716 1.28629 0.27197 -0.0147391 0.1322 0.32401 0.260376 0.710333 -0.413535 0.0274681 0.0366224 0.052105 0.0721636 0.416032 -0.100409 0.119876 0.240698 0.212367 0.182333 0.0573446 0.138274 0.519034 1.02761 0.0779608 0.424842 0.0678821 0.093999 0.127901 0.206554 0.257901 0.364862 0.133701 0.176554 0.342681 0.909518 0.342851 0.595958 0.429842
internal_weight=787516 273131 514385 452308 298596 244334 243935 82903 9427 522 8905 3853 1789 1586 1381 1176 73476 64342 45991 18768 18526 16264 3426 764 478 46681 3951 62077 42730 19700 3420 936 12838 1677 422 23030 774 22256 5052 2077 1877 695 948 2484 2064 11161 3459 3252 794 1721 226450 203429 166308 122801 1509 568 21836 7446 7231 7019 14390 9620 1291 599 692 481 121292 80165 51866 24107 18892 10927 2662 16280 4214 722 10699 1973 1739
internal_count=787516 273131 514385 452308 298596 244334 243935 82903 9427 522 8905 3853 1789 1586 1381 1176 73476 64342 45991 18768 18526 16264 3426 764 478 46681 3951 62077 42730 19700 3420 936 12838 1677 422 23030 774 22256 5052 2077 1877 695 948 2484 2064 11161 3459 3252 794 1721 226450 203429 166308 122801 1509 568 21836 7446 7231 7019 14390 9620 1291 599 692 481 121292 80165 51866 24107 18892 10927 2662 16280 4214 722 10699 1973 1739
is_linear=0
shrinkage=0.06


Tree=46
num_leaves=80
num_cat=0
split_feature=92 169 163 16 151 159 147 86 165 93 154 49 86 93 145 76 54 16 163 148 135 91 163 93 161 160 159 150 92 167 93 93 89 73 86 161 139 29 169 33 156 38 160 72 169 156 159 156 163 160 41 30 24 73 159 160 91 84 32 139 55 119 168 167 160 74 99 92 165 156 93 16 156 55 19 127 167 72 167
split_gain=218074 121492 220955 234510 524787 452164 228762 211362 134476 107874 93893.6 166503 131649 106001 263540 90135.9 89361.7 78053.2 181843 73357.2 67452.3 64078.2 62885.7 216273 74946.4 137767 66744.9 283405 62024.3 80406.6 437670 266955 218113 110748 102734 122622 197485 211898 149411 168168 69948.6 65316.4 58576.9 85711 56946.2 56841.9 100111 144673 206457 135255 86669.8 120971 56756.2 55191.5 234230 52844.1 50808 50174.5 58934.4 123160 47438.1 120867 60584.3 72877.8 63100 56039.2 77340.7 49960.8 50855.3 47432.4 45864.2 45371.3 45001.7 44451.5 44229.7 42298.5 41578.1 41530.1 50315.2
threshold=23.856157302856449 0.90531614422798168 42.500000000000007 70.850463867187514 104.50000000000001 984.75000000000011 426.05000305175787 2.2775000333786015 -0.9914070963859557 60.713041305541999 1.0204124450683596 8.2909998893737811 11.201499938964846 132.52664947509768 149.25000000000003 4.9010000228881845 2.005878329277039 32.348712921142585 177.50000000000003 1.9006380438804629 24.735980033874515 42.789060592651374 22.500000000000004 40.032255172729499 12.500000000000002 5.0499999523162851 996.25000000000011 0.21935316920280459 14.677316665649416 0.91597560048103344 34.430917739868171 69.34418106079103 36.473583221435554 17.836442947387699 11.903499603271486 117.50000000000001 3.1563181877136235 168.42499542236331 -0.61913973093032826 171.76756286621097 50.500000000000007 51.202501296997077 22.050000190734867 38.091878890991218 0.66527691483497631 70.500000000000014 990.85000610351574 67.500000000000014 622.50000000000011 4.0499999523162851 51.51250076293946 234.01249694824222 1.0000000180025095e-35 84.041332244873061 989.04998779296886 12.150000095367433 24.366086006164554 7.1259999275207528 309.65974426269537 0.49547006189823156 0.48424099385738378 0.92137902975082409 -1.0000000180025095e-35 0.91597560048103344 14.650000095367433 86.058830261230483 -111.31333160400389 41.654033660888679 0.30069434642791754 78.500000000000014 19.288364410400394 176.86041259765628 92.500000000000014 30.002538681030277 311.80000305175787 -51.474098205566399 -0.91597560048103321 93.36002349853517 0.98296290636062633
decision_type=10 2 8 8 8 10 10 8 8 10 10 8 8 10 8 2 8 10 8 10 10 8 8 10 8 10 10 10 8 2 10 10 10 10 10 8 8 8 2 8 10 8 10 8 2 8 10 10 10 8 8 10 10 10 10 10 8 8 8 8 8 10 2 2 10 10 10 10 8 10 10 10 10 8 8 10 2 10 2
left_child=15 9 3 4 6 -6 -3 -4 -9 16 13 -12 -13 17 -15 42 -2 18 -10 21 22 45 23 52 25 -24 53 -28 -17 55 34 32 33 -32 35 36 -31 -38 -39 -40 44 -35 56 -44 -36 46 47 -11 -49 -48 51 -51 -18 70 -55 69 -1 58 59 -37 61 -19 63 65 -64 66 67 -62 -69 -30 -26 -22 -43 -14 -41 77 -5 78 -72
right_child=1 2 7 76 5 -7 -8 8 10 19 11 12 73 14 -16 28 20 60 -20 -21 71 -23 24 -25 26 -27 27 -29 29 30 31 -33 -34 41 40 57 37 38 39 74 -42 72 43 -45 -46 -47 49 48 -50 50 -52 -53 -54 54 -56 -57 -58 -59 -60 -61 62 -63 64 -65 -66 -67 -68 68 -70 -71 75 -73 -74 -75 -76 -77 -78 -79 -80
leaf_value=-0.050025005160094706 -0.62921772652606234 -0.22519416409294066 1.6646958619205257 -0.59083494863713659 1.021483679731046 4.5175791231992175 2.0407907356048156 1.4427652156775568 1.8596935705973041 -0.26482899342737237 1.6431816414201794 1.3395430246263991 0.1039761288079316 -1.7354098367619515 0.83136652802451483 -0.019072985574110274 0.90721938378244038 1.7290269101464577 -0.38010129978534257 0.78102442386158555 0.24475538154908277 -0.42751198679495445 -0.27764413721128023 2.0314332150643022 0.043332935077018943 1.5454295392892612 2.3503686740506313 -0.14071836332277912 0.034143445664175327 -0.10944116188204234 2.7980096010061408 -0.19349254264465809 -0.52097043122236542 1.6615042224173926 -0.14979636991561496 0.017876643109279618 2.3221262486568293 -0.17902666031543552 2.205204962924832 0.90606020463204806 -0.10585328042103237 0.11794625315447928 -0.17881126067029934 1.4735444958081299 0.32746315840828782 -0.17646136478700525 1.8808795890796963 -0.30663449622457845 2.2976698978755894 0.032294751388648187 -0.072074173256311866 2.0262015646286855 0.074290207694450605 -0.092822138265720305 1.7415470219837765 -0.07598577952949892 -0.20956513009952682 0.050668273117576365 -0.14540908918329856 2.0883063178811923 -0.20643813869736302 0.031818679402183213 0.10858759314370245 0.77908163677772568 1.1733254500754722 0.78136925812899349 0.0071959531257889961 0.078002196520566933 -0.92116064976303624 -0.046635672316699794 -0.11916207689164274 0.87471261105330644 1.3229823340879658 0.58992639721610163 -0.26113287327449713 -0.68381474933451658 0.30892616694872399 -0.77622534521124098 0.42268725880614788
leaf_weight=125433 646 668 315 204 278 256 210 267 269 2781 307 357 6003 374 233 315741 335 208 252 326 3486 2182 274 246 43900 326 231 564 138810 1032 220 580 207 798 1323 212 324 521 314 279 14125 212 232 219 2811 7666 213 235 204 238 924 202 2387 882 349 24098 7622 9753 245 201 3188 545 8914 347 204 251 6417 239 785 32247 4751 466 235 763 200 460 1890 297 708
leaf_count=125433 646 668 315 204 278 256 210 267 269 2781 307 357 6003 374 233 315741 335 208 252 326 3486 2182 274 246 43900 326 231 564 138810 1032 220 580 207 798 1323 212 324 521 314 279 14125 212 232 219 2811 7666 213 235 204 238 924 202 2387 882 349 24098 7622 9753 245 201 3188 545 8914 347 204 251 6417 239 785 32247 4751 466 235 763 200 460 1890 297 708
internal_value=-4.29256e-06 0.0787569 0.173358 0.624186 1.22149 2.70283 0.318489 0.121067 0.104762 0.03635 0.0926675 0.277302 0.218211 0.0309357 -0.750393 -0.0126694 0.0721358 0.0529069 0.777685 -0.107802 0.0797402 -0.12764 0.0627451 0.331423 0.0476195 0.713816 0.03994 0.58515 -0.00183647 0.0219552 0.107695 0.915432 1.29999 1.55747 0.0496264 0.177964 0.540635 0.950023 0.610188 1.12827 -0.0423213 1.33619 -0.0568497 0.625037 0.174727 -0.0751083 0.0868652 -0.104967 0.906038 0.478376 0.258146 0.950198 0.177095 0.0314873 0.42823 0.00719628 -0.0591657 0.084911 0.591616 1.02813 0.034973 0.502307 0.0176524 -0.0756532 0.132535 -0.102983 -0.123938 -0.323675 -0.688109 0.0189151 0.0217338 0.319239 0.753005 0.158856 0.419186 -0.130791 0.22103 -0.0864839 -0.0488229
internal_weight=787017 109023 33744 3506 1412 534 878 30238 29923 75279 29656 7430 7123 22226 607 677994 60308 21619 521 14971 59662 14645 55710 2968 52742 600 52142 795 544488 228747 33592 2252 1672 1465 31340 13081 2670 1638 1314 793 18259 1245 133506 451 4134 12463 4797 3220 439 1577 1364 440 2722 51347 1231 195155 133055 10411 658 413 21098 753 20345 11227 9118 10880 10629 4212 1024 171057 50116 3952 447 6766 479 6216 2094 5756 5459
internal_count=787017 109023 33744 3506 1412 534 878 30238 29923 75279 29656 7430 7123 22226 607 677994 60308 21619 521 14971 59662 14645 55710 2968 52742 600 52142 795 544488 228747 33592 2252 1672 1465 31340 13081 2670 1638 1314 793 18259 1245 133506 451 4134 12463 4797 3220 439 1577 1364 440 2722 51347 1231 195155 133055 10411 658 413 21098 753 20345 11227 9118 10880 10629 4212 1024 171057 50116 3952 447 6766 479 6216 2094 5756 5459
is_linear=0
shrinkage=0.06


Tree=47
num_leaves=80
num_cat=0
split_feature=92 160 169 85 152 153 55 35 160 149 17 118 54 118 155 93 77 92 169 16 91 96 113 62 156 159 88 47 158 72 159 169 158 159 164 55 155 80 158 169 166 166 93 151 118 166 93 35 41 47 118 165 35 156 154 164 131 156 149 167 156 73 115 169 150 166 93 162 141 54 93 91 156 80 35 162 147 165 153
split_gain=208620 124954 119388 274587 311804 825141 156916 122872 110571 206138 456333 109112 104436 151828 425097 87820.5 85051.6 83006.7 96142.4 82965.7 81302 77897.3 65767.9 75284 95686 65428 61892.7 56037.8 50810.2 65016.3 242759 87981.4 193741 57695.7 55422 48076.1 91184.2 122827 222682 52296 49003.8 52244.1 129829 175129 112732 145457 236052 103625 92078.9 50690.4 47988.2 47690.6 44877.1 71790.1 48952.7 53474.6 44311.8 43716.3 46166.6 50024.6 64240.6 55971.7 115205 59291.8 64546.2 55705 67696.3 75563.5 54982.6 43056.7 42478.2 42375.3 41102.1 39468.3 39064.4 38728.4 76094.1 75370.8 114699
threshold=23.648007392883304 12.750000000000002 0.89017060399055492 13.807499885559084 1.1825023889541628 22.849999427795414 0.13403381407260898 109.06249618530275 11.84999990463257 11.250000000000002 21.392834663391117 -26.475807189941403 6.9177563190460214 -17.441182136535641 21.650000572204593 45.983898162841804 12.803500175476076 32.338914871215827 -0.15951316058635709 31.13569259643555 40.661752700805671 70.200000762939467 12.84999990463257 35.351499557495124 65.500000000000014 997.75000000000011 10.701499938964846 17.002499580383304 11.500000000000002 38.806940078735359 989.04998779296886 0.93845596909523021 1.0000000180025095e-35 987.64999389648449 -0.67556449770927418 9.7736558914184588 6.7500000000000009 6.0009999275207528 79.500000000000014 0.15951094031333926 5.0000000000000009 10.500000000000002 40.032255172729499 98.500000000000014 -0.69917857646942128 7.5000000000000009 48.675550460815437 111.57719039916994 27.902500152587894 22.877499580383304 -36.458099365234368 -0.26722820103168482 472.60612487792974 64.500000000000014 1.1484685540199282 0.19936034083366397 12.750000000000002 78.500000000000014 12.150000095367433 -0.6035533845424651 42.500000000000007 77.881828308105483 18.814583778381351 -0.98214942216873158 1.2728115320205691 5.0000000000000009 60.713041305541999 13.750000000000002 31.849999427795414 4.1625943183898935 86.285350799560561 57.859048843383796 26.500000000000004 57.859998703002937 68.296131134033217 13.050000190734865 34.250000000000007 -0.94828754663467396 20.349999427795414
decision_type=10 10 2 8 10 10 10 8 10 8 8 8 10 8 10 10 2 10 2 10 10 10 10 10 10 10 8 8 10 8 10 2 10 10 10 10 8 10 10 2 2 2 8 10 10 2 8 8 10 10 8 10 10 10 10 10 8 10 8 2 8 8 8 2 10 2 10 10 10 10 10 10 10 10 8 8 8 8 8
left_child=16 2 8 4 6 21 -4 -8 25 10 -10 -3 -5 14 -14 -13 35 -11 -19 -15 -17 -6 23 56 -25 26 52 -22 29 -21 31 32 34 71 -31 -1 37 38 39 -37 -38 42 -42 44 45 46 49 -47 -48 -44 -28 -36 54 -54 74 -56 -9 58 -18 -60 61 63 -63 -61 -65 -62 -67 -68 -64 -52 -30 -33 -29 75 -2 76 -71 78 -77
right_child=1 11 3 12 5 -7 7 22 9 17 -12 15 13 19 -16 20 57 18 -20 28 27 -23 -24 24 -26 -27 50 72 70 30 -32 33 -34 -35 51 36 40 -39 -40 -41 41 -43 43 -45 -46 47 48 -49 -50 -51 69 -53 53 -55 55 -57 -58 -59 59 60 65 62 68 64 -66 66 67 -69 -70 73 -72 -73 -74 -75 -76 77 -78 -79 -80
leaf_value=-0.049003886027131238 0.62586918915104328 0.86813973144593004 1.9559966024438087 -1.1643491875739502 -0.65063658889324361 4.2253308383416917 1.3880111887983708 0.9584073396865278 3.7478306002570179 -0.13878285989974842 -0.11253843444916514 -0.039284604372942199 -0.75765804762111122 1.2417285598294532 2.9706077727788611 -0.22563723245131445 -0.043197031432844764 1.6495906562486387 -0.054283330151094836 0.067783728251338909 -1.7611332938053779 0.96417966826053525 -0.35383962725612678 0.26029587337839039 1.9541276510081222 1.0269826664682478 -0.45896307323233415 0.015525558143692173 0.041811477683772996 0.060522216182887348 2.1872137972955676 0.1264504111043247 2.299127225533883 0.9983832095732742 0.19861396819478674 -0.16957386557559215 -0.069834076219290039 -0.0009977058493621791 2.7149259591413966 1.020031881069795 0.026258008863714068 -0.021193552443377783 2.4033265825295778 1.9691398202048407 -0.90273790155713618 1.2048550881287416 0.91456588954907925 -0.19500150708580088 -0.73788729555676658 1.2802417983219749 -0.28498880540386506 1.2614158909299327 1.3058918432466395 -0.21733701087810375 -0.18004004602930668 0.86620748833543881 0.012083256821181878 -0.032250651787810086 -0.012691316656749696 1.1199593836740527 -0.040789147758544399 1.7711694792927344 0.21044694282342941 0.045783735463186044 0.28983271676847688 0.061806707286423561 1.2835887389432377 -0.11521040310441179 1.1339577458892749 1.0446166632548923 -0.43261176117010847 -0.67941844672691531 -0.98238160798207241 0.2491121014135185 -0.1913219478379701 1.8149434483875926 0.097362644094877659 -0.013609422195389232 -0.076991091735179443
leaf_weight=211623 215 397 219 223 229 294 331 203 200 1039 244 8276 205 234 236 2332 26511 243 233 9121 209 201 664 283 208 239 635 229 10588 843 238 5212 216 263 266 292 43552 1039 200 243 55845 123483 216 242 258 223 202 1267 301 453 1234 355 205 242 347 355 1405 52074 43057 208 23066 201 2702 16242 5134 65560 341 234 253 308 725 245 422 4234 8476 205 25556 22730 262
leaf_count=211623 215 397 219 223 229 294 331 203 200 1039 244 8276 205 234 236 2332 26511 243 233 9121 209 201 664 283 208 239 635 229 10588 843 238 5212 216 263 266 292 43552 1039 200 243 55845 123483 216 242 258 223 202 1267 301 453 1234 355 205 242 347 355 1405 52074 43057 208 23066 201 2702 16242 5134 65560 341 234 253 308 725 245 422 4234 8476 205 25556 22730 262
internal_value=-0.000232392 0.0755764 0.0973764 0.190822 0.65435 1.7815 0.407567 0.297369 0.0514774 0.495513 1.63088 -0.108534 0.126209 0.13626 1.23972 -0.142417 -0.012819 0.161915 0.817186 0.119025 -0.409717 0.104682 0.166258 0.330877 0.980359 0.0381373 0.0344859 -0.908031 0.109623 0.175941 0.305073 0.244252 0.625869 0.132079 0.377594 -0.028413 -0.0092855 0.419079 1.0121 0.371647 -0.0126492 0.000998538 0.0474391 0.421399 0.292497 0.408634 0.908411 0.0151748 -0.0737799 1.6459 0.059213 0.807225 -0.104129 0.482591 -0.132098 0.349525 0.132072 0.0162687 0.0300371 0.0424037 0.0632235 0.148768 0.384745 0.114247 0.104409 0.0394962 0.0674976 0.715127 0.289873 0.0652556 0.0113722 0.0901519 -0.631866 0.0733704 -0.171036 0.058199 0.108683 0.00190852 0.755619
internal_weight=787096 112074 100209 33007 4037 724 3313 3094 67202 1959 444 11865 28970 28747 441 11468 675022 1515 476 28306 3192 430 2763 2099 491 65243 65004 860 28072 16759 7638 7400 1680 5720 1464 439439 227816 1774 735 535 226042 182490 59007 3162 2920 2662 1172 1490 503 669 55164 621 9840 447 9393 702 1608 235583 183509 156998 113941 24740 3156 21584 21376 89201 66135 575 2955 54529 11313 5457 651 53295 8691 49061 25864 23197 467
internal_count=787096 112074 100209 33007 4037 724 3313 3094 67202 1959 444 11865 28970 28747 441 11468 675022 1515 476 28306 3192 430 2763 2099 491 65243 65004 860 28072 16759 7638 7400 1680 5720 1464 439439 227816 1774 735 535 226042 182490 59007 3162 2920 2662 1172 1490 503 669 55164 621 9840 447 9393 702 1608 235583 183509 156998 113941 24740 3156 21584 21376 89201 66135 575 2955 54529 11313 5457 651 53295 8691 49061 25864 23197 467
is_linear=0
shrinkage=0.06


Tree=48
num_leaves=80
num_cat=0
split_feature=80 156 159 136 164 145 170 127 167 162 159 90 44 166 156 92 148 31 158 93 165 162 93 93 167 55 62 93 155 155 170 169 118 81 159 43 73 93 147 170 34 81 74 90 169 155 93 106 165 166 156 128 54 93 156 15 132 151 170 166 89 73 156 92 92 72 158 158 93 165 156 55 50 16 156 109 92 164 150
split_gain=197733 76633.8 96076.4 114443 526799 522061 102661 347559 83282.4 98781.9 302537 73939.4 63430.5 94607.8 221940 117117 103937 86083.1 79814.1 221631 66517 171913 58522.6 118267 1.10289e+06 350848 156890 82421.5 74327.5 215665 51968.9 49242 67762.4 157689 54110.6 258570 101368 56584 99460.3 67192 49419 47614.1 46426.7 46320.6 44592 58221 46870.8 45364.6 44413.3 43765.3 123180 79129 43035.9 44509.9 43436.6 42775.1 41428 40785.3 40497.2 39914.5 38543 38481.6 52890.1 44602.5 37548.5 121812 37404.3 113827 56251.6 55426 61987.2 49912.7 45514.2 41394.1 36885.3 123242 53939.9 71854.5 38803.5
threshold=19.453500747680668 67.500000000000014 978.75000000000011 35.622936248779304 -0.85260769724845875 91.40000152587892 -0.92272481322288502 -89.651416778564439 0.37940952181816107 1.7500000000000002 990.54998779296886 36.297748565673835 32.350999832153327 9.0000000000000018 66.500000000000014 37.441753387451179 0.2400845214724541 50.002500534057624 8.5000000000000018 53.128808975219734 0.74892720580101024 9.7500000000000018 60.713041305541999 40.032255172729499 0.98296290636062633 4.6304368972778329 67.641502380371108 48.675550460815437 31.44999980926514 31.94999980926514 0.99445194005966198 -0.88218119740486134 -24.775761604309078 5.5009999275207528 987.54998779296886 8.3515000343322772 63.457546234130866 86.285350799560561 621.19998168945324 0.13185577094554904 111.09059906005861 3.5010000467300419 86.058830261230483 28.102890968322757 -0.73282214999198902 21.849999427795414 43.528436660766609 94.410415649414077 0.6755644977092744 21.000000000000004 15.500000000000002 0.5801411271095277 27.561202049255375 30.644845008850101 41.500000000000007 1.0000000180025095e-35 12.84999990463257 101.50000000000001 0.2332836911082268 21.000000000000004 3.4227499961853032 33.73315620422364 28.500000000000004 24.089902877807621 22.93874549865723 26.241995811462406 57.500000000000007 61.500000000000007 26.984488487243656 0.737249255180359 27.500000000000004 0.2011884078383446 27.209000587463382 28.199312210083011 43.500000000000007 39.143779754638679 3.6766144037246709 -0.38266885280609125 1.134862005710602
decision_type=10 8 10 10 10 10 2 10 2 10 8 8 10 2 10 10 8 8 10 10 10 10 10 10 2 8 8 10 10 10 2 2 8 8 10 8 10 10 10 2 10 8 10 10 2 10 10 8 10 2 10 8 10 10 10 10 10 8 2 2 8 8 10 8 10 8 10 10 10 10 10 8 8 10 10 10 10 10 10
left_child=1 2 -1 6 -5 -6 7 -4 49 10 -10 -2 66 52 15 16 -15 -18 43 20 41 -22 23 60 64 -26 27 48 -24 -30 31 40 -33 -34 37 -36 44 42 39 59 -13 -20 55 57 45 46 -37 -46 -27 58 51 -51 -14 54 -54 -35 -45 -19 -8 -39 -3 -52 63 -63 -25 -66 68 -68 74 70 -70 -69 -71 -73 75 76 77 -11 -78
right_child=11 22 3 4 5 -7 8 -9 9 12 -12 30 13 14 -16 -17 17 18 19 -21 21 -23 28 24 25 26 -28 -29 29 -31 -32 32 33 34 35 36 -38 38 -40 -41 -42 -43 -44 56 47 -47 -48 -49 -50 50 61 -53 53 -55 -56 -57 -58 -59 -60 -61 -62 62 -64 -65 65 -67 67 71 69 72 -72 73 -74 -75 -76 -77 78 -79 -80
leaf_value=-0.06874986528832433 0.041739809320106347 -0.08850780055723842 -0.18921968765250807 2.9289049926956836 1.7726578092383276 -2.3709846901798532 -0.064161795711728309 2.8402729627943719 -0.025294533703509012 0.24182852676135042 2.262049674616009 0.31418416010858391 0.42590716791940608 1.5022041143285376 1.716741020093445 1.2907674226651353 1.0884553545068971 0.84866152855129362 0.99289302184928252 2.062735253442586 -0.12333081111388165 1.6693619360828831 -0.18562608776320164 -0.1833062254822222 -0.99968231713417721 1.7731272088578431 2.7939908292967566 0.45154081408168883 2.0783820203013383 -0.47409569007519364 -0.54318602422265605 -0.6107993505351127 1.7422756062713214 0.65385409403572636 2.2128442412374483 0.81650000491692365 1.1910142533924153 -0.35742350678520468 -1.2305130589027555 0.73549720653373263 -0.22347699901562501 0.054971802511215619 0.93580701426000268 -0.087116253435925911 0.43546290638799778 1.243067202749192 -0.38508452661536413 0.075922542393555253 0.95374518777753381 0.31252969950103221 -0.030940652091333318 1.9346030127532374 0.20885343808083595 -0.4853426313203546 -0.045853464389142021 0.12121912191972026 -1.1761041237494627 0.053059715968891509 0.0092677956475665322 0.51124119385786648 -0.025962033376245065 0.22020753317738315 0.078052338625901094 0.91903363627168699 1.5236696563105083 -0.079539885366809004 1.4024043685162491 0.93258251298084316 0.30151513441757188 0.90158241016715757 -0.61385723702150885 0.66041156880710761 -0.29141722879798732 0.018179762669897688 -0.029580300963777846 1.5416186853116904 -0.024434988962936954 1.4946316854305126 0.33051348987749085
leaf_weight=44664 124336 39930 419 260 201 238 44311 201 680 861 299 860 891 209 356 347 348 237 208 256 399 371 12419 7462 201 1009 343 285 200 292 384 377 235 566 247 226 390 1085 280 344 2157 2881 271 331 1622 326 240 5704 317 233 11137 202 3260 658 9239 12753 202 9154 69363 230 317462 952 11538 502 200 1128 252 248 325 224 1461 388 235 5073 21376 211 7310 203 1306
leaf_count=44664 124336 39930 419 260 201 238 44311 201 680 861 299 860 891 209 356 347 348 237 208 256 399 371 12419 7462 201 1009 343 285 200 292 384 377 235 566 247 226 390 1085 280 344 2157 2881 271 331 1622 326 240 5704 317 233 11137 202 3260 658 9239 12753 202 9154 69363 230 317462 952 11538 502 200 1128 252 248 325 224 1461 388 235 5073 21376 211 7310 203 1306
internal_value=0.000341894 -0.0143914 0.0111386 0.0281823 0.79408 -0.474065 0.0256128 0.795914 0.0233133 0.076738 0.674887 0.0616627 0.0682193 0.135023 0.238249 0.202913 0.176964 0.157609 0.134459 0.356593 0.242905 0.741466 -0.0314018 -0.0270004 0.167269 1.38334 1.62886 1.37921 -0.156957 0.565608 0.149198 0.158743 0.186484 0.198767 0.18376 0.303037 0.247339 0.116498 -0.186646 -0.00983053 -0.0701626 0.118428 0.15976 0.0423246 0.201862 0.629285 0.198159 0.155575 1.57811 -0.00366227 0.0689606 1.06848 0.0225962 -0.0047466 0.0205908 0.143901 -0.501258 0.0732265 -0.0193559 -0.205217 -0.0329503 0.0508977 0.121048 0.461946 -0.130993 0.162872 0.0185506 0.157022 -0.00608423 -0.296119 -0.447211 0.101814 0.291482 0.0639224 0.0147494 0.110546 0.0791962 0.482029 0.0293997
internal_weight=787901 635268 254020 209356 699 439 208657 620 208037 69799 979 152633 68820 29347 15299 14943 14596 14387 14039 4115 3859 770 381248 368337 10945 2155 1954 1611 12911 492 28297 27913 24896 24519 24284 8755 8508 15529 1939 1659 3017 3089 13590 9924 8118 792 466 7326 1326 138238 24564 435 14048 13157 12499 13319 533 9391 113674 1315 357392 24129 12992 1454 8790 1328 39473 5961 33512 2245 1786 5709 459 5461 31267 9891 9680 1064 8616
internal_count=787901 635268 254020 209356 699 439 208657 620 208037 69799 979 152633 68820 29347 15299 14943 14596 14387 14039 4115 3859 770 381248 368337 10945 2155 1954 1611 12911 492 28297 27913 24896 24519 24284 8755 8508 15529 1939 1659 3017 3089 13590 9924 8118 792 466 7326 1326 138238 24564 435 14048 13157 12499 13319 533 9391 113674 1315 357392 24129 12992 1454 8790 1328 39473 5961 33512 2245 1786 5709 459 5461 31267 9891 9680 1064 8616
is_linear=0
shrinkage=0.06


Tree=49
num_leaves=80
num_cat=0
split_feature=80 156 163 91 151 9 38 160 163 93 76 84 80 91 93 156 52 16 163 147 93 168 73 163 38 141 15 15 147 35 165 147 162 92 90 55 28 11 55 156 163 163 169 34 55 85 160 151 91 93 4 169 92 170 162 52 124 83 154 170 160 169 73 4 16 149 63 163 147 168 28 169 156 52 52 148 89 73 61
split_gain=161812 71367.8 135211 92337.7 414054 184015 85485.5 72194.3 70528.8 72756.4 68212.2 60901.3 98765.9 62123.2 56373.8 54347.5 238096 92296 103919 52725 269170 376764 81771.2 112369 65862.8 58363.2 51697.9 51253.5 112535 219033 476334 50989.9 76667.8 71326.7 150137 105594 113137 173477 98017.8 65327.8 71217.5 113460 118622 53571.5 67132.1 69841.9 50865.7 50349.6 48253.9 46495.1 45492.3 44482.2 74933.7 134754 196050 54806.4 44184.9 114054 43859.9 59971 43754.1 78321.5 43709.6 142474 43240.9 90118.8 42339.3 41211.4 72419.5 42692.3 68915.8 53368.2 60598 39040 113290 85935.3 38761.7 38532.7 37011.9
threshold=23.702500343322757 43.500000000000007 1352.5000000000002 49.328924179077156 106.50000000000001 7.5050001144409189 34.002500534057624 22.050000190734867 1597.5000000000002 13.330373764038088 4.6015000343322763 0.92599999904632579 60.80999946594239 26.995073318481449 86.285350799560561 39.500000000000007 11.888062477111818 1.0000000180025095e-35 127.50000000000001 426.05000305175787 44.439010620117195 -0.7865660786628722 6.9345767498016366 32.500000000000007 6.7009999752044687 31.849999427795414 51.323837280273445 60.232139587402351 133.40000152587893 135.51584625244143 0.56638467311859142 42.45000076293946 13.750000000000002 26.049478530883793 21.439509391784672 6.4517168998718271 63.274999618530281 38.004999160766609 24.700315475463871 47.500000000000007 392.50000000000006 302.50000000000006 0.92922380566596996 418.32055664062506 30.321699142456058 16.277500152587894 22.94999980926514 82.500000000000014 24.121344566345218 8.5624356269836444 inf 0.95752912759780895 24.301028251647953 -0.013976481743156908 19.94999980926514 41.458566665649421 51.645833969116218 10.203499794006349 1.5284994244575503 -0.013976481743156908 1.8499999642372134 -0.32614396512508387 92.852214813232436 128.01249694824222 25.170060157775882 6.7500000000000009 3.5509999990463261 582.50000000000011 41.149999618530281 -0.6035533845424651 275.52499389648443 -0.76694339513778675 53.500000000000007 8.0022811889648455 9.9187798500061053 1.439170837402344 38.003499984741218 4.2432575225830087 60.204999923706062
decision_type=10 8 10 10 10 10 8 10 10 8 2 8 10 8 10 8 8 10 10 8 10 2 10 10 8 10 8 8 10 10 10 10 8 10 8 10 10 10 10 10 10 10 2 8 10 10 10 8 8 10 8 2 10 2 10 8 8 8 10 2 10 2 10 10 8 8 10 10 10 2 10 2 10 8 8 8 10 10 8
left_child=1 2 3 19 5 -5 -7 49 11 -10 46 12 -2 14 -13 16 -15 18 -18 20 27 -22 23 -21 -25 77 -11 28 29 -1 -31 32 33 67 35 -35 -37 -38 -39 -36 41 42 43 44 66 -46 48 -24 -3 64 58 56 -53 54 -54 -55 57 -34 -19 -60 61 -49 73 -64 65 -4 -41 69 -69 70 -12 72 -72 75 -75 -17 -58 -26 -71
right_child=8 10 7 4 -6 6 -8 -9 9 26 31 13 -14 15 -16 62 17 50 -20 22 21 -23 47 24 25 -27 -28 -29 -30 30 -32 -33 51 34 39 36 37 38 -40 40 -42 -43 -44 -45 45 -47 -48 60 -50 -51 -52 52 53 55 -56 -57 76 -59 59 -61 -62 -63 63 -65 -66 -67 -68 68 -70 78 71 -73 -74 74 -76 -77 -78 -79 -80
leaf_value=0.017856528965884445 0.24114593710806401 -0.051044505498685534 1.5030428103246922 1.2858735537538544 2.4190010755858813 -1.4266590113988884 0.06742966414379481 1.0005255882069468 0.0074497463949241916 -1.2306721213338028 0.081618347467205865 0.031347593217598502 1.7292377109565202 2.1890909973851271 0.82060032503088798 -1.0088674801177644 1.6598316602143772 0.10453132534867955 0.2094100059877427 1.3281804621727629 3.1075160699980011 0.082185436603613202 0.12790571940737716 1.2209324359443952 0.15540169022446818 1.0814805126113591 -0.28940946317990845 0.064773368925932634 0.14285807856341806 0.21476144720669835 3.9870350790582596 -0.031222636033306415 1.6500258419484788 -0.10217030475439441 1.0366913155936277 0.12125749913929194 3.0370949420021542 0.20911494893729424 1.9198259427419628 0.8147943412997376 -0.30790846892812324 1.3952274713247739 1.2202185076660221 -0.37522449489193199 1.5689368946529558 0.058411647573317564 0.82641082210273575 1.4487034234367679 -0.19460639842703664 -0.18342809932340409 0.86436989813302612 0.041602298698281533 0.34952859597941149 -0.47132398051068636 2.3094325478828468 0.66868312428922283 -0.018563683328621228 -0.17988290663702147 1.2437420026998263 0.055938764823916944 -0.030207083265141179 -0.046152378101888436 -0.23142459392248496 1.8608610588414367 -0.036579030173715228 -0.1483674354486344 -0.10116612711948825 -0.058829585865594232 0.88524560926557083 0.0018206720718681804 0.19315034503421999 0.30111605866501989 1.4902904357200599 1.4927811006198708 0.087530753651145279 0.34592761704270142 -0.22937949181137621 -0.43346962565725494 0.12695352668597076
leaf_weight=572 730 101640 201 233 325 291 261 231 6781 235 7840 48562 205 223 327 353 325 8737 392 351 260 343 10443 211 2305 213 1925 21091 4994 299 201 201243 200 330 259 280 200 282 210 203 1377 263 313 967 222 218 231 201 9190 8791 321 13745 551 494 275 218 161601 314 295 317 34990 336 273 204 32457 289 1659 15891 297 27904 219 2398 318 207 29350 321 3201 483 12242
leaf_count=572 730 101640 201 233 325 291 261 231 6781 235 7840 48562 205 223 327 353 325 8737 392 351 260 343 10443 211 2305 213 1925 21091 4994 299 201 201243 200 330 259 280 200 282 210 203 1377 263 313 967 222 218 231 201 9190 8791 321 13745 551 494 275 218 161601 314 295 317 34990 336 273 204 32457 289 1659 15891 297 27904 219 2398 318 207 29350 321 3201 483 12242
internal_value=0.000363147 -0.0100181 0.0319404 0.0784658 0.621576 -0.124712 -0.72137 -0.0549743 0.07164 -0.0891654 -0.018929 0.0874158 0.568911 0.0824188 0.0366433 0.13658 0.253644 0.211885 0.86825 0.0706582 0.136852 1.38962 0.0335589 0.310424 0.198827 0.12658 -0.392337 0.108985 0.26267 0.820169 1.73615 -0.00865366 0.00919319 0.0606777 0.246084 0.824999 1.13956 1.55082 0.94171 0.108439 0.0622096 0.194805 0.106302 -0.000694177 0.156729 0.82237 -0.061093 0.0120936 -0.0629503 -0.0608398 0.163133 -0.0118719 0.0860602 0.483093 1.00404 -0.121829 -0.0209259 0.533965 0.138966 0.629586 -0.0219515 0.515027 0.0961259 0.66541 -0.028126 0.530729 -0.000922021 0.0419345 -0.0414551 0.0684447 0.174484 0.422436 0.962631 0.0871217 0.0974225 -0.364075 -0.0226598 0.0532653 0.0399805
internal_weight=787250 687167 120372 78403 1110 785 552 41969 100083 8941 566795 91142 935 90207 48889 41318 10610 10387 717 77293 27760 603 49533 3563 3212 3001 2160 27157 6066 1072 500 455734 254491 73892 6783 1302 972 692 492 5481 5222 3845 3582 3269 2302 440 111061 45970 110830 41738 9670 180599 15283 1538 826 712 165316 514 9349 612 35527 537 30708 477 32947 490 1862 67109 16188 50921 10775 2935 537 30231 29557 674 164802 2788 40146
internal_count=787250 687167 120372 78403 1110 785 552 41969 100083 8941 566795 91142 935 90207 48889 41318 10610 10387 717 77293 27760 603 49533 3563 3212 3001 2160 27157 6066 1072 500 455734 254491 73892 6783 1302 972 692 492 5481 5222 3845 3582 3269 2302 440 111061 45970 110830 41738 9670 180599 15283 1538 826 712 165316 514 9349 612 35527 537 30708 477 32947 490 1862 67109 16188 50921 10775 2935 537 30231 29557 674 164802 2788 40146
is_linear=0
shrinkage=0.06


Tree=50
num_leaves=80
num_cat=0
split_feature=77 92 167 113 34 159 90 142 61 155 10 159 73 169 136 144 93 93 169 93 160 160 93 93 165 134 117 55 169 92 74 88 79 69 34 5 109 169 2 55 166 155 93 145 137 68 155 156 160 167 115 15 169 93 156 163 17 100 97 136 91 142 93 151 153 91 160 165 165 92 42 25 160 137 159 92 101 78 170
split_gain=144655 102867 78974.4 214722 367627 462898 402616 156166 119730 122702 97422.2 75241.1 122026 84857.9 69993 61514.6 60506.3 93674.3 59233.6 322731 57229.2 103749 54070.2 51905.8 50791.3 48372.8 63040.2 46961.9 43220.6 48992.6 40502 40391.5 39912.7 39799.5 37003.8 36299.3 34715.5 34568.3 42421.4 33779.2 32969.1 47246 32694.4 37782.8 32220.4 31742.9 31293.7 36941.1 33780.8 36453.3 37124.4 65252.1 51381.9 32668 30650.4 45381.9 42086 29965.9 68540.1 56863 49549.7 35855 39013.8 35693.6 76532.6 34734.1 116494 52860.6 29879.1 48693.4 80559.4 46501.6 39480.5 52648 37507.2 37466.1 29384.4 28483.1 124406
threshold=11.402499675750734 21.203570365905765 0.91597560048103344 154.84999847412112 217.49449157714847 984.64999389648449 33.728292465209968 0.74892720580101024 79.258499145507827 25.650000572204593 110.50350189208986 987.54998779296886 64.362476348876967 0.71503382921218883 35.622936248779304 5.0000000000000009 60.713041305541999 40.032255172729499 0.9996619224548341 34.430917739868171 12.750000000000002 12.650000095367433 8.2843933105468768 30.644845008850101 0.9238443672657014 17.020999908447269 -34.360660552978509 13.707539558410646 0.99818283319473278 41.654033660888679 50.33485412597657 10.801500320434572 13.101500034332277 21.201499938964847 282.37705993652349 21.992500305175785 -327.06506347656244 0.71503382921218883 132.004997253418 8.8259825706481951 5.0000000000000009 5.7500000000000009 18.258405685424808 131.09999847412112 0.14238524436950686 21.752499580383304 37.250000000000007 65.500000000000014 10.650000095367433 0.37940952181816107 22.789583206176761 283.29724121093756 -0.75579217076301564 42.317422866821296 51.500000000000007 62.500000000000007 47.176239013671882 -38.273258209228509 50.164583206176765 35.622936248779304 68.935256958007827 -0.62249094247817982 44.439010620117195 186.50000000000003 25.94999980926514 53.510078430175788 11.449999809265138 0.58068084716796886 0.21643137186765674 32.338914871215827 34.854000091552741 356.05000305175787 1.1500000357627871 0.5622580647468568 971.64999389648449 21.842342376708988 0.267986610531807 1.0000000180025095e-35 -0.56369942426681507
decision_type=2 8 2 8 8 10 8 10 8 10 8 8 10 2 10 2 10 10 2 10 10 10 10 10 10 10 10 10 2 10 10 10 8 8 8 10 8 2 8 10 2 8 10 10 8 10 10 8 10 2 10 10 2 10 10 10 10 8 10 10 10 10 10 10 10 10 8 10 10 10 10 10 10 10 10 10 10 8 2
left_child=14 46 18 23 5 7 10 31 16 11 -7 30 13 -13 15 44 17 37 20 -20 21 25 -22 54 28 57 -27 77 29 76 -10 35 -28 -31 -35 -5 42 -6 -39 -33 -29 -42 -34 45 -1 -44 47 48 49 -2 51 53 -53 -51 55 56 -4 58 -3 61 63 65 -63 -60 -65 -59 67 -67 75 72 -71 -72 73 -70 -74 -43 -24 78 -17
right_child=1 2 3 4 8 6 -8 -9 9 -11 -12 12 -14 -15 -16 27 -18 -19 19 -21 22 -23 24 -25 -26 26 32 40 -30 33 -32 39 36 34 -36 -37 -38 38 -40 -41 41 68 43 -45 -46 -47 -48 -49 -50 50 -52 52 -54 -55 -56 -57 -58 59 60 -61 -62 62 -64 64 -66 66 -68 -69 69 70 71 -73 74 -75 -76 -77 -78 -79 -80
leaf_value=-0.30338210102553609 0.022045346784584884 1.0489141622069884 0.23711329008524232 0.50746441171594103 -0.19110166857055139 2.3718318410551369 4.6635111674797241 2.0054006680315273 0.23266791538958168 1.6689892542682236 0.5432688332409471 -0.036984866284299645 1.9584271480164877 1.2451686203866514 0.77783391006767288 1.0535801651164167 -0.6390272625804293 1.2961719034720158 0.088011824572521616 2.1937788962429821 0.036137932847070342 1.0939940144467393 0.42317002792380692 -0.42127055671563191 0.62266454823115569 1.0126422105416899 0.89394565542589033 -0.050322186411910677 0.55054061464010129 -1.3451656057688655 -0.78146846488889943 0.080317773818694788 0.047900459222143671 0.13600715523127649 -0.81550041928887362 -0.48922718144516203 0.17513212026137406 0.017899259732909161 0.91874008537092555 0.98014289291932011 0.71670827093293155 0.0079551104425174008 -0.26292195268363749 0.22059584227860859 -0.076904679603052806 -1.3166779986655184 -0.12658408140379981 -0.014955711841059618 -0.030809311388723448 0.13884241827445032 0.030227771100527392 1.5983634001407587 0.28536171510815617 0.79921463494720779 0.024155155399289439 0.13726018425845485 1.454331639544864 0.058706137721725601 0.038253440739761904 -0.59816818835670038 1.0373588717246756 0.010419389368996721 -0.17610593198912536 0.089749505874350738 1.282765976904946 -0.28496404331666275 1.6876972894066744 0.74012028543140362 1.3094432624164394 1.3026498642867925 -0.10711231034690452 0.93079651998229396 0.76974111679966062 0.067875996606658814 0.040057319059551441 -0.18735561098300124 -0.24105954297056598 -0.035132495974927402 -0.020751812440769998
leaf_weight=2373 46585 293 207 207 1703 200 204 213 325 297 221 639 204 261 390 464 515 206 2225 296 6937 345 253 842 251 304 247 24700 233 244 250 270 1984 243 371 357 10230 703 256 338 355 53505 210 201 47757 202 6599 128842 22008 14079 11669 201 230 274 10982 1707 202 45392 6371 519 203 32470 4609 672 271 502 205 282 207 293 632 205 254 301 46278 3785 4307 231237 2344
leaf_count=2373 46585 293 207 207 1703 200 204 213 325 297 221 639 204 261 390 464 515 206 2225 296 6937 345 253 842 251 304 247 24700 233 244 250 270 1984 243 371 357 10230 703 256 338 355 53505 210 201 47757 202 6599 128842 22008 14079 11669 201 230 274 10982 1707 202 45392 6371 519 203 32470 4609 672 271 502 205 282 207 293 632 205 254 301 46278 3785 4307 231237 2344
internal_value=-0.000195002 0.0269399 0.0670754 0.173574 0.435511 1.12728 2.48141 0.514863 0.175886 0.546839 1.41551 0.347466 0.637142 0.335809 -0.0245573 -0.0253138 -0.0408837 0.0667088 0.048299 0.33603 0.0421673 0.0567216 -0.0774363 0.0350875 -0.210911 0.0533084 0.159893 -0.0167445 -0.248039 -0.282477 -0.208852 0.242493 0.139989 -0.698191 -0.439318 -0.123169 0.125402 -0.0288847 0.259081 0.581338 0.0120931 0.0266628 -0.0704848 -0.453097 -0.0876313 -0.781506 0.00218128 0.00597714 0.034353 0.0539881 0.110238 0.173383 0.899972 0.151504 0.0644542 0.273495 0.840363 0.0377724 0.150181 0.0273168 0.115015 0.0312135 -0.0127702 0.0892775 0.433595 0.0663755 0.417962 0.0842256 0.0243331 0.0591617 0.448206 0.147902 0.0498068 0.575369 0.0440568 -0.0049516 -0.204122 -0.0328257 0.157085
internal_weight=787748 372668 142181 21309 7369 2010 625 1385 5359 1976 421 1679 1104 900 415080 414690 3383 2868 120872 2521 118351 105512 12839 13940 5902 105167 13378 364560 5651 5418 575 1172 13074 858 614 564 12827 2662 959 608 130515 105815 2597 613 50130 412 230487 223888 95046 73038 26453 14784 431 14353 13098 2116 409 91789 7810 83979 7517 83460 37079 7314 943 46381 989 784 105460 48170 1130 837 47040 508 46532 57290 4560 234045 2808
internal_count=787748 372668 142181 21309 7369 2010 625 1385 5359 1976 421 1679 1104 900 415080 414690 3383 2868 120872 2521 118351 105512 12839 13940 5902 105167 13378 364560 5651 5418 575 1172 13074 858 614 564 12827 2662 959 608 130515 105815 2597 613 50130 412 230487 223888 95046 73038 26453 14784 431 14353 13098 2116 409 91789 7810 83979 7517 83460 37079 7314 943 46381 989 784 105460 48170 1130 837 47040 508 46532 57290 4560 234045 2808
is_linear=0
shrinkage=0.06


Tree=51
num_leaves=80
num_cat=0
split_feature=80 78 156 159 150 93 166 92 165 106 118 151 167 85 90 159 22 160 14 92 43 55 169 86 60 92 38 89 15 170 160 163 170 53 90 159 30 159 151 169 72 92 159 145 80 92 167 93 28 36 162 92 161 167 63 93 93 118 161 54 84 0 5 65 93 56 167 90 149 149 162 118 93 167 166 156 33 99 16
split_gain=126243 138002 91197.7 94708.7 79051.4 79485 325246 72805.2 124477 152671 632377 1.01703e+06 146016 188952 262176 298520 164312 107883 106281 88963.5 85318.9 74883.7 73907.8 139081 160086 65894.5 59616.2 59187.8 53339.2 83443.4 53292.8 78171.5 54351.1 51918.1 71149.3 81384.1 48422.6 88053.9 46773 45619.8 163867 49351.8 104472 87173.8 119961 51950.6 44784.3 135204 131705 118027 54697.7 42465 59075.5 101567 213147 196732 365816 153606 188747 154673 218339 50867.5 46631.4 46288.4 45522 45206.1 41158.9 63444.4 37756.6 64946 232221 46545 36363.6 35146.4 38364.7 51544.6 45901.3 43372.4 54882.9
threshold=28.707500457763675 1.0000000180025095e-35 78.500000000000014 979.85000610351574 0.67475405335426342 100.7291946411133 9.0000000000000018 23.856157302856449 0.11319890245795251 329.38958740234381 -16.023945808410641 106.50000000000001 0.37940952181816107 22.118499755859379 22.915432929992679 991.04998779296886 106.00849914550783 0.65000000596046459 18.563858985900882 65.783443450927749 20.952500343322757 0.42133368551731115 -0.22701068967580793 154.38349914550784 19.595999717712406 51.686117172241218 15.751500129699709 35.120800018310554 43.751792907714851 -0.16799793392419812 11.550000190734865 37.500000000000007 -0.92272481322288502 18.857484817504886 48.833333969116218 984.54998779296886 248.03749847412112 990.75000000000011 193.50000000000003 0.97508442401885997 68.617881774902358 28.563323020935062 993.95001220703136 80.700000762939467 10.002500057220461 33.205242156982429 0.91597560048103344 26.984488487243656 225.12500000000003 122.63391876220705 32.750000000000007 8.8808245658874529 177.50000000000003 0.98296290636062633 inf 34.430917739868171 60.713041305541999 -56.513135910034173 45.500000000000007 30.210453987121586 9.7049999237060565 32.260000228881843 976.56100463867199 26.041500091552738 22.771637916564945 -9.1710000038146955 0.98296290636062633 20.441516876220707 18.650000572204593 19.150000572204593 8.6500000953674334 53.96100044250489 26.984488487243656 -0.6035533845424651 5.0000000000000009 19.500000000000004 75.673625946044936 -30.563979148864743 29.681151390075687
decision_type=10 8 8 10 10 10 2 8 10 8 8 10 2 8 10 10 10 10 8 10 8 8 2 8 8 10 10 10 10 2 10 10 2 8 10 10 10 10 10 2 10 10 10 8 8 10 2 8 10 8 10 10 10 2 8 10 10 10 10 10 10 10 8 8 8 10 2 10 10 10 10 10 10 2 2 10 10 10 10
left_child=2 -2 3 68 33 -6 -7 30 17 21 11 -11 18 14 15 16 -14 -9 -12 39 -16 -10 23 24 -15 27 -25 38 29 -24 32 -32 -5 34 -3 -36 -22 -38 51 41 -41 -19 43 44 -43 -45 50 -48 49 -49 -35 -4 53 72 55 62 61 58 -56 -60 -61 -57 64 -63 -55 -64 -29 -68 -1 70 -70 -71 -53 -34 75 -75 -76 78 -78
right_child=1 4 25 7 5 6 -8 8 9 10 12 -13 13 22 20 -17 -18 19 -20 -21 36 -23 28 26 -26 -27 -28 66 -30 -31 31 -33 73 46 35 -37 37 -39 -40 40 -42 42 -44 45 -46 -47 47 48 -50 -51 -52 52 -54 54 57 56 -58 -59 59 60 -62 63 65 -65 -66 -67 67 -69 69 71 -72 -73 -74 74 76 -77 77 -79 -80
leaf_value=-0.065465840407822343 1.6327895352851998 -0.099225068238774569 -0.05409160947792549 0.89749045559832874 0.14067226769140426 -0.81072286230479851 2.1775759707361657 1.3199724733889382 -0.98443012171789346 -0.24840969507694247 1.4113591090894082 5.6140806306641675 2.2928781534339251 2.5381274368047815 1.4478387691026708 3.6180864248527298 0.24857679670393468 -0.0059669033820018459 0.060197886996389963 -1.2215558946966114 -0.014466737454894341 0.014412315680435528 1.282370222515075 1.1116876776870523 0.49773385462332775 -0.78838016908336206 -0.016789838634026538 -0.12353017062166197 -0.05413070923433503 0.11225602717653139 1.0628760097397008 -0.050995125841800361 -0.016340991853631932 0.0055806598187062876 -0.055988571636488869 -1.7001941857658898 -0.066769840487288665 1.406643194075913 0.84396428814308866 0.041280374834357751 1.8254988457886456 1.4549171037186543 1.0647585438040719 -0.25237955786878541 -0.15166930080388533 -0.74167141554966709 0.031830836806191615 2.0020165121967977 -0.17614657060944872 0.26513411077293186 0.9386539548321774 0.0022506575695464253 -0.059303775135479055 -0.029881794981923459 -0.090464564246790738 0.90260250395850128 -0.18304228356279514 -0.1770718501260776 0.57079896004975961 3.3079979359674945 1.0096173072295529 1.3240960824381223 1.0052727300411057 2.4203940127486336 -0.93699896286824347 0.11972415488149619 -1.4121970737240719 -0.32784793151240532 2.1588890681817352 -0.0060558990747063245 -0.064501388773699347 0.81660295827984808 -0.14358756425261585 0.68201167159787957 -0.035052749006680831 -0.029576192235124338 0.42235432536343415 0.037598272368012602 0.099178244368095927
leaf_weight=66430 205 2191 126965 257 25804 231 301 204 275 224 212 202 227 227 248 217 374 8425 13054 235 949 12872 301 201 354 412 1017 3912 3062 803 227 43876 52928 28221 202 233 288 295 221 2127 202 202 206 1689 951 1455 2874 389 291 221 227 108816 58558 10529 349 284 879 451 370 291 306 274 294 291 202 701 228 1288 230 25702 631 249 6523 370 18004 29961 1976 67922 43929
leaf_count=66430 205 2191 126965 257 25804 231 301 204 275 224 212 202 227 227 248 217 374 8425 13054 235 949 12872 301 201 354 412 1017 3912 3062 803 227 43876 52928 28221 202 233 288 295 221 2127 202 202 206 1689 951 1455 2874 389 291 221 227 108816 58558 10529 349 284 879 451 370 291 306 274 294 291 202 701 228 1288 230 25702 631 249 6523 370 18004 29961 1976 67922 43929
internal_value=-0.00018771 0.0824301 -0.00717455 0.0118206 0.077209 0.155659 0.880939 0.027743 0.0932048 0.155559 0.251322 2.53809 0.206581 0.399715 0.826692 1.71518 1.02324 -0.0474345 0.0818951 -0.0655247 0.417652 -0.00655407 0.213641 0.534921 1.29792 -0.0309838 0.170196 -0.0300115 0.0748086 0.432154 0.0148501 -0.045238 0.0271563 0.0179203 -0.238566 -0.938558 0.25005 0.679914 -0.0266399 -0.0476397 0.196747 -0.0916783 -0.252005 -0.315364 0.130814 -0.478981 0.0388293 0.232978 0.873849 1.37422 0.0130588 -0.0272512 -0.00923169 0.0132266 0.158897 0.0775014 0.674983 0.778255 1.10554 1.53683 2.13359 1.5625 -0.0105964 1.89202 -0.0470431 0.38213 -0.226444 -0.491753 -0.0412098 0.0188876 0.531251 0.00186868 -0.0059984 0.0261122 0.0399686 -0.0208735 0.0539668 0.0680472 0.113098
internal_weight=787324 61390 725934 403790 61185 26336 532 310548 51098 35402 22255 426 21829 8563 2598 818 601 15696 13266 15492 1780 13147 5965 1799 581 322144 1218 321732 4166 1104 259450 44103 215347 34849 2626 435 1532 583 316304 15257 2329 12928 4503 4297 1153 3144 32223 3775 901 610 28448 316083 189118 130560 15221 13454 1728 1767 1316 967 597 849 11726 565 10731 995 5428 1516 93242 26812 861 25951 115339 215090 162162 30331 131831 113827 45905
internal_count=787324 61390 725934 403790 61185 26336 532 310548 51098 35402 22255 426 21829 8563 2598 818 601 15696 13266 15492 1780 13147 5965 1799 581 322144 1218 321732 4166 1104 259450 44103 215347 34849 2626 435 1532 583 316304 15257 2329 12928 4503 4297 1153 3144 32223 3775 901 610 28448 316083 189118 130560 15221 13454 1728 1767 1316 967 597 849 11726 565 10731 995 5428 1516 93242 26812 861 25951 115339 215090 162162 30331 131831 113827 45905
is_linear=0
shrinkage=0.06


Tree=52
num_leaves=80
num_cat=0
split_feature=76 144 76 76 137 94 136 144 155 163 137 166 159 160 54 166 93 89 66 15 163 34 81 6 71 60 146 38 61 155 159 100 34 85 126 160 169 160 30 155 164 15 151 164 93 166 110 30 34 154 90 53 89 42 82 79 23 163 160 168 169 72 55 90 155 34 76 155 55 6 166 62 12 72 118 73 163 16 93
split_gain=140339 169708 218993 70459.6 68115.8 63769.5 63301.6 52523.4 52148.7 45397.4 53322.8 48110.5 43486.6 67703.9 125971 42309.8 199305 162222 169286 127941 151694 109192 98206.1 82390.6 80357.7 132893 84734.1 74165.8 62806.1 46887.4 62782.4 84626.3 149091 108124 78285.3 58534.8 50311.8 60528.7 46154.2 41777.9 42221.6 42441.6 138623 42168.4 39764.5 80841.8 56030.4 45192.2 39698 38009.1 65692.8 41318.2 48798.4 42273.9 68716.7 38928.7 35396.2 34865.4 34534.2 42062.6 52057.9 138015 88992.9 70388.7 70406.5 40798.7 60450.5 104741 47979.5 56273.8 34330.7 49552.5 60220.2 92029.7 34074.8 33983.7 75398.9 109518 99378.9
threshold=29.081000328063968 5.0000000000000009 130.56500244140628 9.3274998664855975 1.1416134238243105 19.883500099182132 32.787729263305671 5.0000000000000009 35.850000381469734 2092.5000000000005 0.12029058113694192 5.0000000000000009 979.75000000000011 22.050000190734867 27.561202049255375 10.500000000000002 34.430917739868171 48.133584976196296 62.829000473022468 56.210683822631843 487.50000000000006 104.65867614746095 92.950000762939467 95.013500213623061 56.905887603759773 32.805000305175788 0.54970392584800731 53.25849914550782 47.627500534057624 14.750000000000002 990.54998779296886 37.380657196044929 528.95199584960949 24.322500228881839 -78.559329986572251 1.6500000357627871 0.90162119269371044 9.9499998092651385 69.029998779296889 16.849999427795414 0.58068084716796886 45.134557723999031 118.50000000000001 0.14780378341674807 53.128808975219734 7.5000000000000009 0.71977764368057262 262.01249694824224 157.14469146728518 1.0331510305404665 60.499528884887702 7.5743706226348886 45.273584365844734 11.702499866485597 10.827499866485597 65.427497863769545 91.181499481201186 62.500000000000007 12.449999809265138 -0.7865660786628722 0.96687895059585582 5.3592259883880624 0.2011884078383446 15.196604728698732 17.750000000000004 77.073421478271499 1.0000000180025095e-35 27.349999427795414 0.13403381407260898 104.3414993286133 10.500000000000002 54.604999542236335 435.25000000000006 63.680263519287116 -32.829380035400384 55.373979568481452 97.500000000000014 37.290441513061531 7.1087944507598886
decision_type=2 2 2 2 10 10 10 2 10 10 8 2 10 10 10 2 10 10 8 8 10 10 8 10 10 10 10 8 10 8 10 10 10 8 8 10 2 10 8 10 10 10 10 10 10 2 10 8 10 10 10 8 10 8 8 8 10 8 10 2 2 8 8 10 10 10 2 10 8 8 2 10 8 8 8 8 8 8 8
left_child=3 2 5 6 -3 -2 7 -1 49 10 -5 -12 -9 58 -15 16 29 18 24 21 22 -20 23 -21 26 -26 38 -27 -19 -13 36 32 34 -34 -32 -36 75 39 -18 43 41 42 -41 -38 45 47 -46 -40 -28 51 -51 52 -6 54 -53 -56 -37 -7 59 65 -61 -62 -63 -64 -65 -14 67 -67 69 -68 71 -55 -73 -74 -70 -31 78 -78 -77
right_child=1 4 -4 9 8 57 -8 12 -10 -11 11 15 13 14 -16 -17 17 28 19 20 -22 -23 -24 -25 25 27 48 -29 -30 30 31 -33 33 -35 35 56 37 -39 44 40 -42 -43 -44 -45 46 -47 -48 -49 -50 50 -52 53 -54 70 55 -57 -58 -59 -60 60 61 62 63 64 -66 66 68 -69 74 -71 -72 72 73 -75 -76 76 77 -79 -80
leaf_value=-0.092904899921254433 0.20235293859971681 0.11687403670658897 2.0136496637936898 0.86311269521629386 -0.13272434888569556 1.1612205058361302 0.86130459065238629 -0.047129684049068733 -0.25886034828377885 -0.093099003383147083 -0.030635245316142416 -0.055654313531619738 -0.058050638206252565 1.7598679215160968 -0.22268625402707634 0.0070690848807021221 1.1177343110283215 -0.56195956948165005 0.93548238976677844 2.2506115635997945 -0.32150130387815229 2.9105211875204322 0.098406030972778558 0.91197440592191759 2.0680531806438354 1.0496924448673215 0.080737661708947986 -0.40955815580336496 0.60338112325182447 -0.023501274222468581 1.2405042581096706 -0.024125245487737847 2.3941085956885257 0.44967788415721482 1.0420428261236931 -0.076455126260101744 0.30300830584735605 -0.086418271932427931 1.7128055858475353 0.23806108547766405 -0.092558402280901175 0.12159937050841627 1.9029279642476551 1.1852849983259752 0.83169304146625023 0.035816056273151098 -0.28794543748389451 0.46560085996108891 -0.93427546440623699 0.10658203574392873 1.1717143094042937 1.0331031624346294 -1.2673465310584973 -0.023298719617175553 0.24538408411720336 -0.6614507643077171 0.24373154323181895 0.47326971063046364 -0.077824693737375966 -0.027658189631379372 1.6154855043745386 1.0761726023713709 -0.014905922978845696 1.2608224732420661 0.23129844063729563 0.12627858325621508 0.056140237323346394 1.7931043018435535 -0.16789322444958638 1.435994196889719 -0.10761173094043082 0.1173688490395989 0.25418921039266096 1.8634324528388122 0.084732705674122277 0.16552311773098044 1.3430723054042177 -0.010309789518746346 1.3756856060919125
leaf_weight=40207 6469 27513 271 265 413 356 287 121734 2807 14840 72302 17466 8642 220 241 192761 224 790 200 295 363 205 246 381 221 244 236 256 210 42037 269 4588 203 209 283 1668 2605 4631 217 1386 2802 10238 206 210 201 622 790 203 335 5982 215 351 203 8046 868 211 4872 1044 19234 95066 212 311 10249 274 1840 410 225 202 2050 201 10619 1686 353 200 30606 720 222 6195 369
leaf_count=40207 6469 27513 271 265 413 356 287 121734 2807 14840 72302 17466 8642 220 241 192761 224 790 200 295 363 205 246 381 221 244 236 256 210 42037 269 4588 203 209 283 1668 2605 4631 217 1386 2802 10238 206 210 201 622 790 203 335 5982 215 351 203 8046 868 211 4872 1044 19234 95066 212 311 10249 274 1840 410 225 202 2050 201 10619 1686 353 200 30606 720 222 6195 369
internal_value=0.000194477 0.0828454 0.339769 -0.00756862 0.0476719 0.281874 -0.0278451 -0.0286165 -0.0119142 0.00981095 0.0139083 0.0133018 -0.0197554 -0.000151077 0.725196 0.0238847 0.0540599 0.383157 0.516812 1.0109 0.716824 1.9399 1.12553 1.4986 0.281312 0.846296 0.137021 0.30323 -0.31688 0.0337632 0.0524199 0.178872 0.302972 1.41121 0.238401 0.198716 0.0310684 0.106398 0.302221 0.157579 0.116839 0.16644 0.454549 0.369224 0.211861 0.470458 -0.0602448 1.11253 -0.515353 0.011876 0.143719 -0.0237293 -0.508082 -0.0103481 0.305146 0.067603 0.16207 0.64891 -0.00212786 0.00756034 -0.0123179 0.100848 0.0753867 0.0501262 0.36527 0.0582467 0.0880761 0.678468 0.077134 0.709036 -0.0319439 0.0461841 0.295774 0.838507 0.0688693 -0.00250232 0.115089 0.0367133 0.576464
internal_weight=787404 67607 8140 719797 59467 7869 332211 331924 31954 387586 372746 372481 291717 169983 461 300179 107418 6239 5239 1690 1285 405 922 676 3549 721 2828 500 1000 101179 83713 12092 7504 412 7092 6823 71621 22078 2257 17447 14632 11830 1592 2815 2033 1042 991 420 571 29147 6197 22950 616 22334 1430 1079 6540 1400 169522 150288 107952 12886 12674 12363 2114 42336 33694 612 33082 426 20904 10285 2239 553 32656 49543 7506 6417 1089
internal_count=787404 67607 8140 719797 59467 7869 332211 331924 31954 387586 372746 372481 291717 169983 461 300179 107418 6239 5239 1690 1285 405 922 676 3549 721 2828 500 1000 101179 83713 12092 7504 412 7092 6823 71621 22078 2257 17447 14632 11830 1592 2815 2033 1042 991 420 571 29147 6197 22950 616 22334 1430 1079 6540 1400 169522 150288 107952 12886 12674 12363 2114 42336 33694 612 33082 426 20904 10285 2239 553 32656 49543 7506 6417 1089
is_linear=0
shrinkage=0.06


Tree=53
num_leaves=80
num_cat=0
split_feature=80 78 160 90 160 10 154 9 166 38 166 151 165 160 36 94 162 169 136 148 145 160 85 92 87 74 34 83 73 92 91 91 47 161 94 164 155 150 170 9 128 166 170 161 155 136 73 43 81 73 66 4 155 69 2 97 61 92 87 70 78 47 54 169 150 23 38 77 91 92 78 21 163 33 54 41 91 167 90
split_gain=120684 104808 71016.5 68828.9 117302 272392 91146.8 83163.5 67759.8 83618.5 94040.9 119129 178602 128036 104619 107693 82871.7 175292 81691.7 550806 333009 217331 74039 109124 118513 170020 90394.1 82556.2 84513.3 103877 72409.6 63620 56784.9 178295 63070.9 128044 53472.9 53983.9 112320 54715.1 51062.6 52923 51014.3 59252.8 91071.8 49765.4 48232 45683.7 43658.8 62503.6 41136.8 40735 40582.3 39290.8 85455.7 39232.8 38780.3 38666.9 37685.9 37540.2 84924.1 80582.1 37355.3 37344.2 35635.7 42405.9 34943.2 34748.7 52415 41419.8 34164 33185.9 31956.9 64293.2 81020 31783.3 59346.1 30879.9 54951.7
threshold=29.989000320434574 1.0000000180025095e-35 7.5499999523162851 77.294013977050795 5.0499999523162851 71.009998321533217 0.8992297649383546 115.77000045776369 5.0000000000000009 33.170999526977546 10.500000000000002 70.500000000000014 0.04361772537231446 0.55000001192092907 217.987907409668 34.912500381469734 1.7500000000000002 -0.29343378543853754 35.622936248779304 0.55712410807609569 131.09999847412112 6.8500001430511483 11.903499603271486 8.4333348274230975 5.2024998664855966 18.558934211730961 601.57046508789074 5.5009999275207528 49.124881744384773 14.677316665649416 68.935256958007827 57.859048843383796 26.452500343322757 317.50000000000006 9.0539999008178729 0.70088258385658275 15.84999990463257 0.91488865017890941 0.90438663959503185 362.43750000000006 inf 6.5000000000000009 0.003225441498216242 271.50000000000006 17.94999980926514 43.488239288330085 10.212472438812258 68.881500244140639 7.4014999866485605 29.654058456420902 14.551000118255617 69.02500152587892 12.550000190734865 215.48750305175784 16.007499694824222 78.310417175292983 inf 15.113560676574709 3.901000022888184 36.953001022338874 13.502999782562258 111.41250228881837 7.2926692962646493 -0.19337636232376096 0.93386736512184154 114.02999877929689 4.0799999237060556 28.702500343322757 30.35908126831055 35.815979003906257 22.001500129699711 263.05999755859381 22.500000000000004 76.829711914062514 57.758525848388679 77.417503356933608 32.169559478759773 0.60355338454246532 45.663011550903327
decision_type=10 8 8 8 10 10 10 10 2 10 2 8 10 8 8 10 10 2 10 10 10 10 10 8 8 8 8 8 8 10 10 10 8 10 8 10 10 8 2 8 8 2 2 10 10 10 8 10 8 8 8 10 10 8 10 8 8 10 10 10 10 8 8 2 8 10 10 2 10 10 10 8 8 10 10 8 10 2 10
left_child=8 -2 3 64 6 -6 -5 -8 30 18 11 -11 13 -13 15 16 17 -14 31 -20 21 -21 23 -18 25 -25 36 28 29 -26 42 62 33 57 47 52 56 -38 39 75 -16 -42 43 -1 -45 51 -46 48 49 50 -34 53 -36 -4 -55 -54 63 -29 -27 -50 -61 -62 -10 -24 -3 -66 -67 68 -15 -69 -70 -60 73 74 -12 76 -39 -53 -79
right_child=1 2 45 4 5 -7 7 -9 9 10 72 12 14 67 40 -17 22 -19 19 20 -22 -23 26 24 27 58 -28 32 -30 -31 -32 -33 34 -35 35 -37 37 38 -40 -41 41 -43 -44 44 46 -47 -48 -49 59 -51 -52 77 55 54 -56 -57 -58 -59 71 60 61 -63 -64 -65 65 66 -68 69 70 -71 -72 -73 -74 -75 -76 -77 -78 78 -80
leaf_value=-0.027688628298370765 1.4433425897847423 0.034539269082478105 0.062080672435027469 0.86852226312077319 2.8135261463691119 -0.090801821230333063 -1.3352526821774333 0.31651936767822947 -0.098239246489406018 -0.036321097687115424 0.15249391761219927 1.4573072855059956 2.3231917512330034 0.0044151270387610313 -0.16285913845986855 1.3964742694549339 0.010105699029265299 -0.12821500270415181 3.1029938574351927 0.19536162638488938 1.6762438065646326 -2.4659161411312001 -0.46952700071814202 2.0291891216370339 0.53840996766878557 0.14842376242725566 1.2823883645059697 0.020521047051693941 -0.17440366199508434 1.8919513703018007 -1.0546260734656276 -0.72753523348590698 0.57751230533744013 2.2830248732300635 0.95947224310149171 1.733244837637131 0.029837170697865078 0.20149239034053146 1.3596080145272154 1.0469420349630325 1.2302330720168884 0.036247188566252586 -0.074513969327823226 1.3319388852141079 1.0184766654451103 -0.73012132629987159 0.086057472555518627 -0.072036890410975163 0.075227242928457436 0.15924282176873497 1.7941401797499674 -0.068085898043842255 0.98938528669712156 1.1808762850785255 0.16564763088701473 0.12242734884412432 0.51813503466620547 0.88464369789886144 1.4741020664328068 0.071136055630231301 1.7773815710280154 0.25608488259606155 -0.014258987489532108 -0.012679739193552609 -0.02037068760709394 0.84956568699212198 0.21109978212481054 0.13963171470089569 -0.66891466133476207 0.93949754809989483 0.18270131358761438 0.39044666751862711 -0.0031068486725343812 0.072723081768417172 1.5978233906274957 -0.079051468889147034 1.1802021542596228 0.031866582056512077 0.71483072703491468
leaf_weight=48148 203 9363 7228 343 228 236 200 241 20427 25525 349 220 205 30594 3494 290 3533 214 226 203 203 241 1088 364 483 504 235 554 235 354 254 457 202 205 328 272 5225 2727 339 275 200 399 77371 222 203 320 9541 2253 3533 455 200 14718 214 374 1465 1495 301 280 200 813 266 237 286377 1577 3085 315 13400 2334 683 258 225 208 185798 6408 232 1249 242 2827 498
leaf_count=48148 203 9363 7228 343 228 236 200 241 20427 25525 349 220 205 30594 3494 290 3533 214 226 203 203 241 1088 364 483 504 235 554 235 354 254 457 202 205 328 272 5225 2727 339 275 200 399 77371 222 203 320 9541 2253 3533 455 200 14718 214 374 1465 1495 301 280 200 813 266 237 286377 1577 3085 315 13400 2334 683 258 225 208 185798 6408 232 1249 242 2827 498
internal_value=0.000196045 0.0858737 0.0808227 0.149122 0.584276 1.33931 0.136285 -0.43391 -0.00624897 0.00246436 0.0257155 0.0745451 0.115226 0.0177843 0.210083 0.247549 0.236709 1.07384 -0.019258 0.559995 -0.331704 -1.25146 0.225153 0.307327 0.384222 0.934617 0.118606 0.327418 0.830451 1.11245 -0.0445075 -0.0209056 0.279657 0.70219 0.236837 0.512862 0.0975085 0.163531 0.308063 0.228438 -0.0750896 0.436293 -0.042606 -0.00012437 0.133034 0.0125676 0.105585 0.156704 0.247019 0.641576 1.18575 0.0213608 0.349134 0.125105 0.372646 0.231502 -0.126339 0.311346 0.496004 0.177168 0.45058 1.06252 -0.0198507 -0.199296 0.128343 0.180617 0.225825 0.00845296 -0.00892506 0.21958 -0.457918 0.923956 0.00163132 0.127575 0.731384 0.174839 0.281636 -0.0307768 0.134341
internal_weight=786791 55044 54841 27411 1248 464 784 441 731747 596008 287874 95087 69562 34314 35248 31155 30865 419 308134 873 647 444 30446 17188 13655 1276 13258 12379 1072 837 135739 307261 11307 1039 10268 2309 13023 10057 4832 4493 4093 599 135485 58114 9966 27430 9744 7959 5706 857 402 27110 2037 9067 1839 1709 2966 834 912 4849 1316 503 306804 2665 26163 16800 13715 34094 31502 2592 908 408 192787 6989 581 4218 2969 18043 3325
internal_count=786791 55044 54841 27411 1248 464 784 441 731747 596008 287874 95087 69562 34314 35248 31155 30865 419 308134 873 647 444 30446 17188 13655 1276 13258 12379 1072 837 135739 307261 11307 1039 10268 2309 13023 10057 4832 4493 4093 599 135485 58114 9966 27430 9744 7959 5706 857 402 27110 2037 9067 1839 1709 2966 834 912 4849 1316 503 306804 2665 26163 16800 13715 34094 31502 2592 908 408 192787 6989 581 4218 2969 18043 3325
is_linear=0
shrinkage=0.06


Tree=54
num_leaves=80
num_cat=0
split_feature=76 92 167 115 35 163 87 72 93 93 74 172 81 158 162 93 16 169 159 5 126 144 162 19 156 169 93 156 80 162 158 137 38 93 145 41 47 16 93 80 11 162 161 163 118 152 93 160 26 137 35 159 159 93 163 42 92 163 46 144 137 89 93 53 162 151 160 35 148 167 82 92 68 35 71 151 160 148 80
split_gain=114923 79289.7 66911.8 182574 620068 402933 113758 112465 128775 372730 72297.9 76732.9 71274.7 61592.2 113106 101790 354297 94814.1 278759 128990 63815 60147.8 59970.5 57224 54446.8 52412.8 63277.3 47355.8 45731 45479.5 88060.5 44997.5 44056.9 42814.4 94633.2 55836.3 42754.1 66782.2 41811.7 39684.8 39561.6 39452 37957.6 74558.8 92643 38665.5 45280.2 51471.4 43789.6 39522.8 34509.1 64553.4 273343 41725.8 55480.9 48205.6 84007.8 34764.6 34038.1 33008.6 84693.3 40617.8 32275.2 32236.1 41905.8 54681.7 79609 100974 85870.8 48761.3 196702 105175 78336.2 69435.1 135286 55534 234292 334967 45074.2
threshold=11.704999923706056 24.089902877807621 0.91597560048103344 90.375000000000014 201.79917144775393 107.50000000000001 10.00500011444092 50.17182922363282 60.713041305541999 34.430917739868171 58.904165267944343 1.0000000180025095e-35 0.90099999308586132 1.0000000180025095e-35 32.750000000000007 132.52664947509768 62.526714324951179 0.9970000982284547 987.64999389648449 inf -99.412734985351548 5.0000000000000009 20.050000190734867 296.27499389648443 26.500000000000004 0.99761915206909191 10.894193172454836 69.500000000000014 17.466499328613285 19.750000000000004 45.500000000000007 0.14238524436950686 11.451499938964846 106.3719825744629 75.099998474121108 17.854000091552738 5.2490000724792489 41.604932785034187 10.655855655670168 32.652500152587898 480.06500244140631 21.349999427795414 339.50000000000006 222.50000000000003 5.9102659225463876 0.5654997229576112 5.7753682136535653 3.2500000000000004 252.01499938964847 0.288423702120781 454.39077758789068 991.45001220703136 992.35000610351574 19.288364410400394 882.50000000000011 61.712499618530281 51.686117172241218 602.50000000000011 25.727499961853031 5.0000000000000009 1.3445470929145815 41.146583557128913 26.984488487243656 38.034521102905281 15.84999990463257 100.50000000000001 1.1500000357627871 231.37795257568362 0.22838710248470309 0.98296290636062633 inf 13.17774534225464 7.8515000343322763 342.99865722656256 17.4398307800293 120.50000000000001 7.8500001430511483 1.0460970401763918 0.35249999165534979
decision_type=2 8 2 8 8 8 10 8 10 10 10 2 8 8 10 10 8 2 10 8 10 2 10 10 10 2 10 8 10 10 10 8 8 10 8 8 8 10 10 10 10 8 10 8 10 8 8 10 8 8 10 10 10 10 10 8 10 10 8 2 10 10 10 10 8 8 10 8 8 2 8 8 10 8 10 8 10 10 8
left_child=21 59 12 62 5 -5 -7 39 9 10 11 23 -3 14 15 17 -17 42 19 24 -18 31 29 27 -19 26 -24 -9 63 33 -31 -1 -28 40 -35 -36 37 -30 -27 58 -15 -29 45 -44 -45 46 -14 48 -48 -47 53 -52 -53 -51 55 56 57 -55 -6 60 -2 -62 -4 -23 65 -65 67 -67 -68 75 72 -72 73 74 -71 76 -70 -78 -77
right_child=1 2 3 4 7 6 -8 8 -10 -11 -12 -13 13 22 -16 16 20 18 -20 -21 -22 28 25 -25 -26 38 32 41 36 30 -32 -33 -34 34 35 -37 -38 -39 -40 -41 -42 -43 43 44 -46 49 47 -49 -50 50 51 52 -54 54 -56 -57 -58 -59 -60 -61 61 -63 -64 64 -66 66 68 -69 69 70 71 -73 -74 -75 -76 78 77 -79 -80
leaf_value=-0.33492306056421983 0.015763426673128012 0.90030006052457179 0.060772535777224086 3.4838330267071727 -0.84186441194344508 -0.24323018833131027 1.6385791396482814 -0.12109450913868941 -0.4532965447901352 2.9679874314776562 -0.29255163371726423 -0.069443838233533103 0.050995931534060873 0.029297713320999185 1.4882065987544801 2.712446586747582 0.52722659194306154 -0.1498784304676867 2.5289999496329449 1.4744903631733792 -0.93501114505162164 -0.031296787345167693 -0.05491382297223938 1.5698648860591355 0.51526779241564202 -0.00049788087751101516 -1.1754481009500366 1.5093608816689497 1.4412710168609157 -0.16796188299540532 1.4346874677981523 -0.069332579523122828 -0.3420992963732058 0.64350320636260849 -1.5387625711414767 -0.37642817269988754 0.055883019528811119 0.20413166817164155 1.1102966609036569 0.40317475890108234 0.76754143598956892 0.38572139693793422 0.067696193497553722 0.2948691087040034 1.9209778375936351 0.79795052187811377 1.476802756073063 0.20870016241807524 0.44841769092893302 0.024583720033349566 -0.01973692659564533 2.5316300132235536 -0.065815089386116493 -0.10829140347002938 -0.55650227259773266 -0.2991387879202726 1.2386769873195804 0.68295077093913181 -0.1267795792316759 -0.00053655226994291821 0.2279467862167629 0.92224043377954501 -0.33899969345946429 -0.038390677315547309 -0.025420442334158095 1.7087148536039425 0.96478766641872271 0.14500133524117356 -0.02004247136211338 2.1799907675075647 0.57124095326254387 2.3333838953626782 -0.14780805022205154 -0.0074132252433562716 0.32182557767486952 0.53720955166253159 0.32681267954201287 3.1060267495590983 0.010529453945045227
leaf_weight=2408 24680 352 8861 359 284 206 262 230 448 225 432 436 3063 41021 211 233 218 1292 210 270 210 226266 4641 304 673 308 251 220 200 256 237 49217 2465 246 210 508 19419 721 201 426 262 231 1203 329 204 227 254 1303 362 18810 1167 207 488 1484 1063 1674 221 230 1509 227814 5880 319 791 19703 69123 243 384 381 2094 201 264 227 1873 598 469 595 474 232 31626
leaf_count=2408 24680 352 8861 359 284 206 262 230 448 225 432 436 3063 41021 211 233 218 1292 210 270 210 226266 4641 304 673 308 251 220 200 256 237 49217 2465 246 210 508 19419 721 201 426 262 231 1203 329 204 227 254 1303 362 18810 1167 207 488 1484 1063 1674 221 230 1509 227814 5880 319 791 19703 69123 243 384 381 2094 201 264 227 1873 598 469 595 474 232 31626
internal_value=6.29628e-05 0.0250055 0.0698656 0.185862 0.459298 1.97437 0.811509 0.194878 0.468581 0.667453 0.386661 0.59321 0.0494634 0.0459791 0.106438 0.0981591 0.835178 0.0841098 0.444278 0.247354 -0.190734 -0.0210079 0.00343933 0.8863 0.0780761 -0.148801 -0.189554 0.579301 -0.0126508 0.0314608 0.603825 -0.081727 -0.419518 0.0247675 -0.370296 -0.718054 0.0748403 0.474055 0.439463 -0.116763 0.0340014 0.935965 0.0568241 0.329657 0.919677 0.0413116 0.194212 0.422659 0.874166 0.0115157 0.00444058 0.253002 0.710338 -0.015279 -0.175742 -0.0634688 0.140462 -0.00177907 -0.240451 0.00735423 0.0655677 0.263818 0.0279787 -0.0176674 0.00633417 0.0433088 0.0838958 0.755707 0.073138 0.0642551 0.273486 1.389 0.0987216 0.462707 0.881693 0.0425488 0.298804 1.2432 0.0202716
internal_weight=787199 360481 101788 15224 5572 827 468 4745 2526 2078 1853 1421 86564 86212 35606 35395 661 34734 2445 2235 428 426718 50606 985 1965 7866 7357 681 375093 42740 493 51625 2716 42247 964 718 20340 921 509 2219 41283 451 32289 1736 533 30553 4982 1919 616 25571 25344 1862 695 23482 4672 3609 1935 1714 1793 258693 30879 6199 9652 354753 128487 59364 39661 624 39037 38653 3632 491 3141 1268 670 35021 2800 706 32221
internal_count=787199 360481 101788 15224 5572 827 468 4745 2526 2078 1853 1421 86564 86212 35606 35395 661 34734 2445 2235 428 426718 50606 985 1965 7866 7357 681 375093 42740 493 51625 2716 42247 964 718 20340 921 509 2219 41283 451 32289 1736 533 30553 4982 1919 616 25571 25344 1862 695 23482 4672 3609 1935 1714 1793 258693 30879 6199 9652 354753 128487 59364 39661 624 39037 38653 3632 491 3141 1268 670 35021 2800 706 32221
is_linear=0
shrinkage=0.06


Tree=55
num_leaves=80
num_cat=0
split_feature=80 156 163 135 167 156 34 153 148 15 92 53 141 149 83 80 55 92 163 156 35 170 142 43 163 163 156 54 163 160 73 169 146 169 159 169 162 162 160 73 161 156 97 160 53 151 145 76 118 153 91 73 55 163 118 57 159 79 76 91 164 164 161 91 73 145 82 151 162 73 14 15 149 156 72 154 167 82 164
split_gain=93029.1 61255.4 108727 125882 79019.8 87112.4 140903 158579 93585 138830 72995.3 122487 74732.6 64150.9 54571.4 78920 47523 50596.1 135811 380649 133227 120584 65785.4 51352.7 47215.9 54510.1 45798.3 127074 65494 124291 57684.6 56374.6 267639 43290 112949 107108 48533.7 83087.6 39669.6 66978.4 40601.3 67978.8 210321 38648.9 37421.1 111028 51669.4 36372.6 36313.5 38619.4 39923.2 90041 34953.5 105050 34905.8 34741.2 55491.2 34419.8 34226.1 40437.1 33773.4 32466.3 38975.5 69069.8 32393.1 34044.9 74328.5 30832.2 30189.5 45380.8 150559 31231.7 31055.6 30176.2 29479.8 29260.4 74741.7 222831 147881
threshold=20.536500930786136 43.500000000000007 1277.5000000000002 53.376811981201179 -0.6035533845424651 14.500000000000002 241.01408386230472 22.050000190734867 0.22838710248470309 56.72200012207032 56.297203063964851 11.873458385467531 30.849999427795414 19.550000190734867 1.6474999785423281 64.405002593994155 16.888519287109379 32.338914871215827 212.50000000000003 61.500000000000007 373.87350463867193 0.25829915702342993 -0.64942333102226246 144.80500030517581 1597.5000000000002 1577.5000000000002 40.500000000000007 7.7709355354309091 87.500000000000014 11.449999809265138 54.913072586059577 0.9996619224548341 0.39721493422985082 -0.77786767482757557 991.64999389648449 -0.83847111463546742 13.150000095367433 7.1499998569488534 1.8499999642372134 38.126811981201179 318.50000000000006 41.500000000000007 41.862501144409187 22.050000190734867 10.651983737945558 112.50000000000001 129.25000000000003 35.256500244140632 -18.344265937805172 22.050000190734867 28.476553916931156 49.124881744384773 0.42133368551731115 982.50000000000011 -18.876490592956539 239.25000000000003 987.04998779296886 30.751000404357914 4.3015000820159921 23.325128555297855 -0.99961927533149708 0.18222858756780627 261.50000000000006 28.88770961761475 21.588728904724125 60.199998855590827 8.551000118255617 173.50000000000003 21.44999980926514 92.852214813232436 107.18516921997072 11.336378097534181 4.5499999523162851 89.500000000000014 88.201816558837905 1.3259015083312991 0.98296290636062633 8.551000118255617 0.9170251488685609
decision_type=10 8 8 10 2 10 8 8 8 8 8 8 10 10 8 10 10 10 10 10 10 2 10 8 10 10 8 8 10 10 10 2 10 2 10 2 10 10 10 10 10 10 10 10 8 10 10 2 8 10 8 10 8 10 8 10 10 10 2 8 10 10 10 10 10 10 8 10 10 10 10 8 8 8 10 8 2 10 10
left_child=1 2 3 4 -1 6 7 -6 9 -7 13 -12 47 38 15 -2 58 33 21 20 -20 22 -19 73 25 26 27 -16 29 30 61 48 -33 34 -18 36 37 -36 39 -10 52 -42 -43 60 45 46 57 -13 -30 -50 -51 -52 53 -40 -26 68 -57 -28 59 -3 -4 62 63 -29 -15 66 -66 -67 69 71 -71 -46 -73 -23 -70 -35 -77 78 -78
right_child=14 16 43 -5 5 8 -8 -9 10 -11 11 12 -14 64 24 -17 17 18 19 -21 -22 23 -24 -25 54 -27 44 28 31 -31 -32 32 -34 75 35 -37 -38 -39 40 -41 41 42 -44 -45 55 -47 -48 -49 49 50 51 -53 -54 -55 -56 56 -58 -59 -60 -61 -62 -63 -64 -65 65 67 -68 -69 74 70 -72 72 -74 -75 -76 76 77 -79 -80
leaf_value=-0.023955105433808355 0.23374354483452811 -0.049301587309344946 0.51780402148723603 1.3715826213806868 0.35808750726798044 1.7885286363545958 -0.25675148975558193 2.0442003709655894 -0.10362401765532331 0.027796404236963744 1.77778410035289 0.070044109702787613 1.3615528958426484 -0.00053301291434585925 1.569738120206938 1.5152674294960233 0.039712656597439486 0.2102319687577402 -0.50750202451000714 2.5527099850475787 1.2915484447273571 -0.18979744117628544 1.5407265879855048 0.41035010278600154 -0.82429795364606862 1.0330393136029734 -0.03266977812236694 0.37968780856507128 -0.66647685282194291 1.5029840232937099 -0.079853064149001382 2.4242197009682367 -0.063129038075990795 -0.051845981951433008 -0.014227198359622625 1.5429560675949781 -0.29406916492759083 1.4102467970726371 -0.018334467878556363 1.395282237506958 0.087623593830294916 -0.0013588802937115208 2.3614035243952451 0.65210348633715975 0.59103431872732271 -1.3853040681122326 0.85090203570211165 0.85811717398650944 -0.0097617655979415525 0.061324790879498971 0.21874425542913623 1.2954574784790831 -0.028205443119684377 1.5389878348682238 -0.059469796343911314 -0.14687059306722378 1.1778804627048676 -0.65140539809838494 -0.018680431466039513 -0.19636870799554754 -0.054212333575887353 0.063276945686221248 0.32051364679323907 1.5560495642908547 1.4979073656810367 0.17106193599505151 0.29277275175314343 0.78548027564402623 -0.048539688145161339 -0.27774004182708195 1.8707638057669982 0.68515162519535722 0.039422799314132534 -0.76657753554304631 -0.76552215840437965 -0.010285054964948611 0.39280839506928739 -0.10902819976818158 1.5501378053044312
leaf_weight=20875 1209 76505 374 269 476 291 442 347 230 360 215 1737 207 2905 215 201 41893 297 486 314 212 1352 243 416 218 203 1679 462 255 291 1509 205 638 44902 337 330 333 261 632 200 3727 417 200 284 373 253 202 239 13134 5012 2270 318 23671 206 11276 213 243 400 287448 7379 40921 925 1697 294 229 10030 930 302 9585 278 202 268 83083 430 210 68836 2895 4055 460
leaf_count=20875 1209 76505 374 269 476 291 442 347 230 360 215 1737 207 2905 215 201 41893 297 486 314 212 1352 243 416 218 203 1679 462 255 291 1509 205 638 44902 337 330 333 261 632 200 3727 417 200 284 373 253 202 239 13134 5012 2270 318 23671 206 11276 213 243 400 287448 7379 40921 925 1697 294 229 10030 930 302 9585 278 202 268 83083 430 210 68836 2895 4055 460
internal_value=0.00128288 -0.00819555 0.0324558 0.0785655 0.0734951 0.115882 0.606989 1.07062 0.102574 0.816388 0.0924712 0.41471 0.279711 0.074771 0.046155 0.417373 -0.0165398 0.00993374 0.227822 0.821372 0.0399804 0.00821889 0.810696 -0.189211 0.0423008 0.0530498 0.0514399 0.120204 0.108608 0.300434 0.228535 0.0630995 0.543898 0.00495933 0.0565612 0.615828 0.285898 0.608808 0.0237855 0.595161 0.0152499 0.184289 0.76711 -0.0442148 0.0321368 -0.195358 -0.0628246 0.165748 0.0437638 0.0525305 0.160168 0.351494 -0.014717 0.36587 -0.0740463 0.0382419 0.560115 -0.151971 -0.0285209 -0.0622408 -0.0490193 0.366279 0.480465 0.838613 0.178472 0.223722 0.531974 0.189095 0.0357043 0.0473016 0.628432 0.0439625 0.0415072 -0.329327 -0.063988 -0.013422 0.0092066 0.190253 0.551903
internal_weight=787421 650100 110716 69137 68868 47993 1265 823 46728 651 46077 2398 2183 43679 137321 1410 539384 168052 3750 1012 698 2738 540 2198 135911 124417 124214 27225 27010 5178 4887 21832 843 164302 43154 1261 931 598 29283 430 28853 4344 617 41579 96989 2534 2281 1976 20989 20734 7600 2588 24509 838 11494 94455 456 2079 371332 83884 41295 3378 2453 756 14396 11491 1159 10332 93999 84204 480 83724 83351 1782 9795 121148 76246 7410 3355
internal_count=787421 650100 110716 69137 68868 47993 1265 823 46728 651 46077 2398 2183 43679 137321 1410 539384 168052 3750 1012 698 2738 540 2198 135911 124417 124214 27225 27010 5178 4887 21832 843 164302 43154 1261 931 598 29283 430 28853 4344 617 41579 96989 2534 2281 1976 20989 20734 7600 2588 24509 838 11494 94455 456 2079 371332 83884 41295 3378 2453 756 14396 11491 1159 10332 93999 84204 480 83724 83351 1782 9795 121148 76246 7410 3355
is_linear=0
shrinkage=0.06


Tree=56
num_leaves=80
num_cat=0
split_feature=76 166 166 93 93 151 166 54 35 154 118 16 135 163 76 0 118 62 91 3 156 15 169 35 73 169 156 163 162 73 156 80 7 150 163 162 91 76 3 93 100 124 161 73 73 35 124 16 15 164 163 163 118 87 154 90 74 82 161 160 27 166 73 79 53 73 91 42 170 162 25 156 161 93 169 160 117 53 137
split_gain=98340.1 60411.7 66666.3 160069 208706 308717 419642 403312 348056 247265 202494 172356 153641 212485 128052 111027 98885.6 80444.9 118969 67011.4 66517 64214.6 74906 268698 61874.1 71445.9 61723.6 60353.1 66933.9 62415.7 134617 59532.5 185943 55558.4 53939.2 105189 53536.6 49943.5 56753.7 48888.1 71028 48873.7 48711.2 91955.2 66468 169860 52008.8 235309 47959.7 47780.1 46860 91873.9 290154 51381.5 93390.8 45506.4 45043.7 51293.2 51007 153021 53522.5 67182.9 43660.1 42454.7 84162.2 42367.4 72487.6 48280.8 41601 40719.4 39845.8 38116.8 54490.1 37280.2 37246.8 36013.7 35389.3 38024.4 82402
threshold=31.953500747680668 5.0000000000000009 10.500000000000002 34.430917739868171 69.34418106079103 100.50000000000001 6.5000000000000009 13.965243816375734 381.89773559570318 1.4989193081855776 22.810926437377933 184.22227478027347 9.2976469993591326 457.50000000000006 10.904999732971193 44.995000839233406 -9.9553747177124006 37.309000015258796 20.577612876892093 121.71849822998048 78.500000000000014 311.75704956054693 -0.73282214999198902 462.86225891113287 63.457546234130866 -0.94423642754554737 39.500000000000007 62.500000000000007 19.150000572204593 13.384811401367189 72.500000000000014 124.53350067138673 37.51250076293946 1.2945773005485537 42.500000000000007 25.349999427795414 49.328924179077156 24.350999832153324 12.008999824523928 26.984488487243656 -69.777229309082017 112.43750000000001 275.50000000000006 21.754433631896976 75.658740997314467 220.58341217041018 119.02083206176759 38.882350921630866 17.273558616638187 0.04361772537231446 742.50000000000011 702.50000000000011 -0.45960359275341028 8.7024998664855975 0.77465960383415233 21.806037902832035 24.353324890136722 1.8009999990463259 317.50000000000006 7.7500000000000009 399.02999877929693 9.0000000000000018 6.9345767498016366 0.37100000679492956 20.473485946655277 55.838233947753913 25.602499008178714 11.982500076293947 0.31595529615879064 18.94999980926514 141.02249908447268 19.500000000000004 331.50000000000006 12.932793617248537 0.9990701973438264 1.9499999880790713 -27.152283668518063 11.35823440551758 0.14238524436950686
decision_type=2 2 2 10 10 8 2 8 10 10 8 8 8 10 2 8 8 8 10 8 8 10 2 10 10 2 8 10 10 10 10 10 10 10 8 10 10 2 8 10 8 10 10 10 10 8 10 10 10 8 10 10 10 8 8 10 10 8 10 10 10 2 10 8 10 10 10 8 2 10 10 8 10 8 2 10 8 8 10
left_child=1 26 3 20 5 55 7 -7 11 12 -8 14 13 -6 17 -16 -14 18 -9 -17 21 27 23 -23 25 -12 62 28 29 30 -3 33 -33 48 35 36 -4 38 -18 68 -41 -31 69 -44 46 -46 50 -48 -2 74 51 -45 -53 54 -52 -5 -40 -58 60 -60 -59 -62 -1 64 -42 -51 67 -67 -36 -29 -19 72 73 -50 -22 -27 -65 78 -78
right_child=31 2 34 4 9 6 10 8 -10 -11 24 -13 16 -15 15 19 37 70 -20 -21 49 22 -24 -25 -26 75 -28 42 -30 41 -32 32 -34 -35 39 -37 -38 -39 56 40 63 -43 43 44 45 -47 47 -49 71 65 53 52 -54 -55 -56 -57 57 58 59 -61 61 -63 -64 76 -66 66 -68 -69 -70 -71 -72 -73 -74 -75 -76 -77 77 -79 -80
leaf_value=0.69602168547931542 0.33516277397609379 0.17681322905765262 0.042665934438564895 -1.5327404788335164 -0.039586743468011262 -1.4790244394909626 1.7198212829248354 1.0011985816650413 -0.93246324429304694 2.0657409891619611 0.76360876917178366 2.8619653950806048 -1.3877250486479273 2.4510055846798777 3.1175767884747341 0.90722342502498776 0.83674514123579347 1.0292289043243394 -0.66966765481204082 2.1765739464298099 -0.076374174008733059 -0.071335012331308623 0.09766214315636082 2.0499204757255463 0.77811194616392865 0.61497915365227629 -0.051435354388082277 0.013952597747214144 1.0171515167495884 0.028625736350005707 1.8662938237174065 1.9018375128198128 -0.11670176497066781 0.20293039444888364 -0.030792874023677717 1.2282199332517754 0.95695439914177205 0.62675738546074744 -0.52680664741743455 0.77593709386471243 1.3535514271604843 0.433131997516638 -0.058698495331740937 0.12362471609972066 0.061072979032733093 2.1717940386876537 2.3364852165645704 0.16483437336015375 -0.029044878112840487 0.0022724772768262925 1.4270568854505865 -0.06291947508675616 2.7163600377004373 -0.13415371656553712 0.079340044569943161 -0.45260384852155328 0.67374408418024634 -0.30913684242441491 -0.37171663231123236 1.666547017446586 -0.35168917369510372 1.1925222111284144 0.084968249888436209 -0.66591957530542589 -0.22513407420720588 0.77420811838775283 1.298965465215816 0.061832377166795925 0.012198008214509828 -0.1264657617968647 2.0916882249783342 0.050142279767743894 0.60179841967927528 -0.37910834081272182 0.6703684754438759 -0.20055357202279422 0.81871039342345175 -0.14218412064715 -0.17007499906247939
leaf_weight=444 1932 606 37261 224 319 201 276 639 229 200 350 298 223 200 207 322 204 262 201 283 38112 527 1486 362 364 209 127429 37048 343 5763 235 259 446 9543 194209 273 231 318 1086 323 206 1321 12909 20017 424 202 207 1318 2436 49888 211 401 203 4978 1460 377 290 3329 359 209 202 202 7800 437 294 390 210 2763 139046 9300 253 36687 339 1989 241 2722 478 19134 827
leaf_count=444 1932 606 37261 224 319 201 276 639 229 200 350 298 223 200 207 322 204 262 201 283 38112 527 1486 362 364 209 127429 37048 343 5763 235 259 446 9543 194209 273 231 318 1086 323 206 1321 12909 20017 424 202 207 1318 2436 49888 211 401 203 4978 1460 377 290 3329 359 209 202 202 7800 437 294 390 210 2763 139046 9300 253 36687 339 1989 241 2722 478 19134 827
internal_value=0.000737533 -0.00499425 0.00320406 0.0308946 0.222665 0.445554 0.560521 1.10829 1.30181 -0.00886905 0.155907 1.50967 -0.0689364 0.923047 1.32247 1.91837 -0.149236 0.964211 0.601063 1.5036 0.0162711 0.0502822 0.358451 0.793771 0.0370477 -0.0453794 -0.0411416 0.042729 0.197759 0.162171 0.650559 0.0791686 0.626504 0.0718662 -0.0112846 0.0568862 0.0483245 -0.104466 -0.144105 -0.0185377 -0.1058 0.104107 0.0282725 0.0748034 0.13338 0.744546 0.120068 0.460947 0.0430318 -0.0206053 0.100989 0.145649 0.874122 -0.0375187 0.25027 -0.857061 -0.179493 -0.0972387 -0.149368 0.379889 -0.229978 0.421455 0.117958 -0.119159 0.426688 0.0161698 0.222266 0.150165 -0.0128555 -0.0142253 1.55422 0.0294081 -0.130241 -0.186446 -0.0716645 -0.142211 -0.132252 -0.12081 0.19245
internal_weight=787506 733875 598202 205483 14558 7417 6816 2895 2694 7141 3921 2465 6941 519 2167 812 6422 1355 840 605 190925 99321 2375 889 3645 3281 135673 96946 8268 7925 841 53631 705 52926 392719 37765 37492 6199 5881 354954 21699 7084 88678 42330 29421 626 28795 1525 43383 91604 27270 20621 604 6649 1671 601 5677 4591 4301 568 3733 404 8244 21376 500 53251 3363 3153 333255 46348 515 41451 4764 4425 38353 2931 20876 20439 1305
internal_count=787506 733875 598202 205483 14558 7417 6816 2895 2694 7141 3921 2465 6941 519 2167 812 6422 1355 840 605 190925 99321 2375 889 3645 3281 135673 96946 8268 7925 841 53631 705 52926 392719 37765 37492 6199 5881 354954 21699 7084 88678 42330 29421 626 28795 1525 43383 91604 27270 20621 604 6649 1671 601 5677 4591 4301 568 3733 404 8244 21376 500 53251 3363 3153 333255 46348 515 41451 4764 4425 38353 2931 20876 20439 1305
is_linear=0
shrinkage=0.06


Tree=57
num_leaves=80
num_cat=0
split_feature=76 144 91 151 160 155 91 144 76 135 135 154 144 137 93 91 137 78 137 53 137 160 156 93 34 150 124 16 85 34 78 12 45 89 76 16 44 93 89 155 82 160 16 106 54 160 155 168 163 160 73 127 26 163 149 155 31 99 168 168 36 155 44 53 71 62 19 82 156 16 137 57 171 91 30 147 16 53 159
split_gain=76458.7 52745.1 63296.3 324382 101010 150999 54058.2 50717.3 88651.3 123760 58715.5 105879 57364.6 46758.6 45779.5 47460 40233.4 38961 38193.4 37823.3 37766.7 36512.8 50113.8 68800.1 189938 40335.7 43266 35111.4 37766.9 34955 34737.4 81027.9 33916.8 32358.9 28993.8 41025.7 120632 28785.4 32966.3 26880.6 75297.7 26428.3 143027 24700.3 24258.1 24791.7 24023.7 24000.1 53868.1 67576.5 41541.2 61941 40935.5 60452.2 33715.6 179727 29008.7 42881.9 40330.8 47130.5 140579 102307 130653 83108.1 160169 68463.1 76658.1 45202.9 41329.7 95742.1 38140.5 37915.4 33206.3 38437.9 30933.3 28661.4 27567.1 39724.3 26160.7
threshold=13.202499866485597 5.0000000000000009 49.328924179077156 105.50000000000001 9.2500000000000018 21.349999427795414 45.569658279418952 29.000000000000004 31.416500091552738 53.376811981201179 53.376811981201179 0.86671718955039989 5.0000000000000009 1.6970565915107729 1.6599022746086123 20.0958366394043 0.75550255179405224 1.8014999628067019 1.1290815472602846 18.038903236389164 4.0729322433471689 9.4499998092651385 36.500000000000007 53.128808975219734 209.55635070800784 1.7439094185829165 126.56250000000001 34.98065376281739 7.803999900817872 343.26368713378912 1.0000000180025095e-35 20.002499580383304 13.977499961853029 28.156250000000004 38.371000289916999 180.44238281250003 66.312500000000014 100.7291946411133 106.8651695251465 5.7500000000000009 3.2009999752044682 22.94999980926514 50.954643249511726 77.643753051757827 6.3865861892700204 16.750000000000004 34.649999618530281 -0.7865660786628722 487.50000000000006 1.1500000357627871 38.126811981201179 -49.278184890747063 353.01249694824224 332.50000000000006 18.650000572204593 31.750000000000004 233.01249694824222 46.041448593139656 -1.0000000180025095e-35 0.37940952181816107 109.95626831054689 26.750000000000004 8.1174998283386248 56.007835388183601 20.805562019348148 38.905000686645515 74.086502075195327 15.026000022888185 52.500000000000007 56.026878356933601 0.21549677103757861 31.303999900817875 7.5000000000000009 13.67293691635132 74.015998840332045 61.800001144409187 220.54447174072268 48.98554992675782 971.64999389648449
decision_type=2 2 10 10 8 10 10 2 2 10 10 10 2 8 10 10 10 8 10 8 10 8 10 10 8 10 10 10 8 10 8 8 10 10 2 10 8 10 10 10 10 10 8 8 8 10 10 2 10 10 8 8 10 10 10 10 10 8 2 2 8 10 10 10 8 8 10 8 10 8 10 10 2 10 8 8 10 10 10
left_child=1 6 14 4 5 -4 16 8 17 12 18 -12 13 -10 15 -3 -1 -2 34 -15 -14 22 23 25 -25 27 -27 28 -16 -21 31 -24 -6 39 44 43 -37 38 -20 40 -32 -23 -43 -36 -9 -46 -29 48 49 -41 75 -52 -53 -54 78 -56 57 -49 -59 60 61 63 -63 65 -65 70 -67 -66 69 -61 -60 -64 73 -68 -72 -51 -62 -78 -50
right_child=7 2 3 -5 32 -7 -8 10 9 -11 11 -13 20 19 21 -17 -18 -19 37 29 -22 41 30 24 -26 26 -28 46 -30 -31 33 -33 -34 -35 35 36 -38 -39 -40 47 -42 42 -44 -45 45 -47 -48 56 54 50 51 52 53 -55 55 -57 -58 58 59 68 76 62 71 64 67 66 72 -69 -70 -71 74 -73 -74 -75 -76 -77 77 -79 -80
leaf_value=-0.11369946051470885 0.847694694598631 -0.032838167675022366 -0.5903527562726627 2.1026956925284823 -1.3735446679820285 1.2530624138664554 -0.97525123275942704 -0.26323282164374506 0.18469018543758703 1.2018006477067693 -1.3178768818087097 0.15892902892143998 0.099404260754474588 1.2319126662993576 1.156347440955442 -0.42011909112454315 -0.013195001524004024 0.02578457825137238 -0.037409889244567965 0.29284766125035228 -0.29555793629908444 -0.023071286862301171 1.4060058471827364 1.7960944865509387 -0.28383480897352054 0.22731245635826677 0.99507616948898014 0.091100620172807178 0.19487844243350597 0.97681653831978288 1.3267097490973456 0.13249656766616114 -0.2815341426114657 -0.16295289144444908 0.49152983586686294 1.5181362076807638 -0.019457160799552602 0.50102017475396721 -0.79056746710730452 0.94802894836594886 0.024799199523063867 1.6739404586149322 -0.29597534036336021 0.057768536109449417 0.022709849105374703 -0.17529364749020199 -0.088760602992894788 -0.024622837305634051 0.5295209021422127 0.62396697570807202 1.0892318106952292 0.10147444530027057 1.1247542788065099 -0.055192211585288697 0.048231226698318051 1.9297718979748757 -0.05748000110126026 -0.041646059650845828 -0.71308203765004718 1.4889040515668592 -0.1254016905314857 2.328389431714379 0.96063234115348139 2.1777438593972391 -0.037203374827718905 1.358277238761767 0.15067527078830445 1.0606289969347786 0.025216715113328375 0.11926159074717822 0.6334919428632414 -0.049180678573491184 -0.12612162119970891 1.1565411271174066 -0.057748163953460961 0.029742611487875534 -0.18188942181149953 0.91835659451053497 -0.040647015374292501
leaf_weight=29770 207 147764 307 310 208 332 235 1114 4737 396 334 365 17607 245 207 1147 27663 116185 56449 1311 916 109352 200 309 322 1419 324 10200 504 338 212 1713 202 3833 508 289 501 355 209 386 642 201 386 6618 99112 2329 3622 43263 294 305 336 2143 384 263 2015 200 25384 9778 269 230 3228 211 356 232 407 295 332 201 17907 899 277 214 447 232 1441 6489 237 234 16129
leaf_count=29770 207 147764 307 310 208 332 235 1114 4737 396 334 365 17607 245 207 1147 27663 116185 56449 1311 916 109352 200 309 322 1419 324 10200 504 338 212 1713 202 3833 508 289 501 355 209 386 642 201 386 6618 99112 2329 3622 43263 294 305 336 2143 384 263 2015 200 25384 9778 269 230 3228 211 356 232 407 295 332 201 17907 899 277 214 447 232 1441 6489 237 234 16129
internal_value=-0.000127015 -0.0152205 -0.00781151 0.400851 -0.103601 0.367877 -0.0690168 0.023059 0.0494705 0.150674 0.000768136 -0.547601 0.134079 0.285505 -0.0091431 -0.035824 -0.0652919 0.0272536 0.00306003 0.537418 0.0798577 0.0056563 0.0240834 0.121716 0.735935 0.0978593 0.370518 0.065135 0.476031 0.43355 0.0124268 0.266304 -0.837524 0.00894857 0.0236436 0.134274 0.544238 -0.0368233 -0.040202 0.0137991 0.349164 -0.0209143 0.380261 0.0887552 0.015103 0.0181622 0.0439657 0.0116754 0.0601013 0.17017 0.13981 0.320784 0.227883 0.645771 -0.000767712 0.218916 -0.0015389 0.0160599 0.0630858 0.100124 0.216575 0.426852 1.05625 0.307689 0.84005 0.171676 0.508949 0.326877 0.0474262 0.399356 -0.050148 0.582087 0.260026 0.56575 0.0540069 0.0565068 -0.0628103 0.365517 -0.0304084
internal_weight=786527 476402 418734 1359 1049 639 57668 310125 141942 25550 168183 699 25154 6631 417375 148911 57433 116392 167484 1894 18523 268464 158525 16907 631 16276 1743 14533 711 1649 141618 1913 410 139705 110471 7916 790 57013 56658 135872 854 109939 587 7126 102555 101441 13822 135018 28944 10306 9920 3126 2790 647 18638 2215 106074 80690 37427 27649 8613 4914 781 4133 840 3293 1306 608 19036 1129 1987 570 1011 564 1718 6794 3699 471 16423
internal_count=786527 476402 418734 1359 1049 639 57668 310125 141942 25550 168183 699 25154 6631 417375 148911 57433 116392 167484 1894 18523 268464 158525 16907 631 16276 1743 14533 711 1649 141618 1913 410 139705 110471 7916 790 57013 56658 135872 854 109939 587 7126 102555 101441 13822 135018 28944 10306 9920 3126 2790 647 18638 2215 106074 80690 37427 27649 8613 4914 781 4133 840 3293 1306 608 19036 1129 1987 570 1011 564 1718 6794 3699 471 16423
is_linear=0
shrinkage=0.06


Tree=58
num_leaves=80
num_cat=0
split_feature=156 94 144 63 163 92 161 162 87 159 169 151 159 73 151 148 156 118 169 163 169 161 93 27 91 93 12 158 167 161 155 103 156 71 168 73 160 108 136 156 55 165 35 81 44 42 127 92 170 79 163 52 73 162 160 163 71 167 156 148 160 151 160 151 93 151 149 52 170 159 73 149 167 11 168 71 118 35 37
split_gain=73729.9 100042 132863 125930 73299 90619.4 99142.1 189514 141773 354230 90388.2 137144 91394.5 427607 83344.2 151691 80566.1 346520 88075.2 83474.1 95403.5 301905 88764.2 86854.4 92088.8 78439 78347.3 270999 82634.4 75954 150710 67444.5 66191.6 78437.5 233597 88783.2 71458.6 56110.6 94072.7 53116.2 52715.6 79965.7 101352 52242.7 50188.2 86141.2 48247.8 44397.2 43916.2 40814 38567.8 54348.9 44013.3 43623.5 38424.9 66033.2 203649 44974 55680.3 45383.9 42400.2 41342.2 48329.3 44527.3 38389.7 38341.1 37846 37724.7 36931.8 43109.9 40870.6 199985 36718.8 59279 35784.3 35064.8 34547.1 34360.3 34148.6
threshold=78.500000000000014 34.912500381469734 5.0000000000000009 45.426500320434577 932.50000000000011 23.856157302856449 313.50000000000006 29.150000572204593 6.3025000095367441 985.04998779296886 -0.99940761923789967 114.50000000000001 996.25000000000011 39.640666961669929 127.50000000000001 0.59670367836952221 39.500000000000007 -18.344265937805172 -0.91246706247329701 42.500000000000007 0.93544191122055065 79.500000000000014 53.128808975219734 404.12500000000006 42.789060592651374 10.894193172454836 130.01599884033206 18.500000000000004 0.98296290636062633 169.50000000000003 19.550000190734867 -0.61083334684371937 17.500000000000004 66.80783843994142 -0.6035533845424651 58.637262344360359 9.6500000953674334 -1363.3200073242185 37.847764968872077 47.500000000000007 2.0326973199844365 0.608738273382187 173.11690521240237 159.40000152587893 8.1174998283386248 11.982500076293947 -63.20502853393554 56.297203063964851 0.2332836911082268 0.97750002145767223 107.50000000000001 42.871896743774421 49.910085678100593 11.34999990463257 8.7500000000000018 32.500000000000007 5.4553751945495614 -0.6035533845424651 40.500000000000007 0.22838710248470309 22.94999980926514 124.50000000000001 1.8499999642372134 115.50000000000001 60.713041305541999 195.50000000000003 19.349999427795414 4.9901843070983896 0.17435361444950107 972.35000610351574 64.362476348876967 10.050000190734865 0.12940952181816109 384.10000610351568 0.12940952181816107 100.96609115600587 -10.60986804962158 267.71101379394537 60.01250076293946
decision_type=8 10 2 8 10 8 10 10 8 10 2 8 10 10 8 8 10 8 2 10 2 10 10 10 10 8 10 10 2 10 10 8 10 10 2 10 10 8 10 10 8 10 8 10 10 8 8 8 2 8 10 8 10 10 8 10 10 2 10 8 10 8 10 10 10 10 10 8 2 10 10 10 2 8 2 10 8 10 8
left_child=1 4 3 -3 5 54 10 8 9 -8 11 -7 16 -14 -10 -16 17 -12 -19 20 -18 -22 67 24 47 48 28 -28 -17 -25 -31 -4 66 50 -35 36 -36 -27 40 -26 41 42 -39 65 78 -46 -41 -24 -6 -42 51 -34 53 -53 57 56 -56 -1 59 -59 -57 63 -63 -61 -45 -2 -20 -21 69 -51 -71 77 74 -74 -47 -69 -70 -72 -33
right_child=43 2 31 -5 25 6 7 -9 14 -11 12 -13 13 -15 15 26 19 18 32 22 21 -23 23 29 39 37 27 -29 -30 30 -32 44 33 34 35 -37 -38 38 -40 46 49 -43 -44 64 45 72 -48 -49 -50 68 -52 52 -54 -55 55 60 -58 58 -60 61 -62 62 -64 -65 -66 -67 -68 75 76 70 71 -73 73 -75 -76 -77 -78 -79 -80
leaf_value=-0.020438181955076552 -0.019648855913661539 1.7857842987187675 1.1112865173532571 -0.070043080697702889 -0.034657152871487185 -0.15440240756537116 2.9668442604062859 1.7676551890651315 0.00097160301006239702 0.072279018036611783 2.3112318351583658 2.0289854900457933 -0.080574425669124913 3.0682100353217474 1.6754600096338295 0.073571683080918979 0.073190628710052288 1.349335323451222 -0.39621474816484475 -0.47705795138646934 2.055211836386329 0.087228702984967765 -0.27541981808161153 -0.48652215300635854 -1.647963368213978 0.81253456041216854 0.1499464131426976 2.1843444301573447 1.1622371337607613 -0.28275341977699864 2.0057057172597417 -0.71740051032457131 0.015089297961018848 2.0997091765592359 1.5972663488657011 -0.11589726530603255 0.069817026920283021 1.745550549183557 -1.3557903520951624 0.18071343737974097 0.5031069319643463 -0.53105266350124958 0.19672237965088446 -1.100706711550874 1.1668432902697696 -0.28202734630616944 -0.90015476801296845 0.52364091909679544 0.051723229976530817 0.57564628233860149 0.0078184115389402457 1.5065996957808319 0.14270954717734402 0.54240413425400436 2.0649371222191206 -0.032889165159284646 0.11865499922512761 0.77712104307434537 0.030392933402649629 0.18053513161772092 0.6232924118325156 0.74824302280705379 -0.030911137550245254 1.0065866507147438 -0.24443864032679485 0.76559629326154077 0.14327514913327785 0.016683122068826311 -0.56215357800115495 -0.2955886467791809 -0.42138203220054277 1.6362771422672671 0.15665230484741019 1.2959781100856724 0.32610204253824071 -0.57814359675432425 -0.01791382054964831 0.34635367480099649 0.22992972287554381
leaf_weight=49663 335584 380 256 201 61902 207 228 283 6286 454 264 206 660 202 279 4455 4687 206 1356 583 389 1001 3292 230 237 221 920 316 265 205 208 398 1709 285 245 937 200 201 228 200 330 326 617 216 301 1080 575 270 32214 231 6481 215 750 787 210 84544 2341 398 104506 11220 355 300 5987 239 1444 223 714 30478 450 9754 996 237 905 200 513 360 6088 265 208
leaf_count=49663 335584 380 256 201 61902 207 228 283 6286 454 264 206 660 202 279 4455 4687 206 1356 583 389 1001 3292 230 237 221 920 316 265 205 208 398 1709 285 245 937 200 201 228 200 330 326 617 216 301 1080 575 270 32214 231 6481 215 750 787 210 84544 2341 398 104506 11220 355 300 5987 239 1444 223 714 30478 450 9754 996 237 905 200 513 360 6088 265 208
internal_value=0.000413934 0.0163158 0.299617 1.14473 0.0134901 0.0277692 0.0875203 0.234083 0.20108 1.04289 0.05352 0.936919 0.0471836 0.660008 0.155148 0.310561 0.0378824 0.161967 0.120939 -0.00322236 0.202707 0.639062 -0.0373837 -0.266553 -0.358346 -0.0279959 0.246354 0.671413 0.134927 0.385961 0.871849 0.172181 0.102342 0.158076 0.538828 0.215654 0.912468 -0.13608 -0.14675 -0.86316 -0.132542 0.262464 0.578969 -0.0207855 0.105203 0.20585 -0.621348 -0.214721 -0.00509066 -0.157179 0.0941865 0.255869 0.490596 0.750588 0.0112936 -0.021099 0.279621 0.0277331 0.0472384 0.144258 -0.0301381 0.130021 0.00638124 0.19785 -0.356452 -0.0191251 -0.21015 0.000673833 -0.169298 -0.234106 -0.250779 0.0409914 0.0982451 0.36385 -0.0861073 0.00972065 -0.0554532 -0.259895 -0.392401
internal_weight=787357 449890 4442 581 445448 331388 71625 13486 13203 682 58139 413 57726 862 12521 6235 56864 14149 13885 42715 6077 1390 36638 5217 4574 114060 5956 1236 4720 643 413 3861 13679 11609 1667 1382 445 19944 19723 1012 19495 1144 818 337467 3605 2999 775 3562 94116 18351 9942 3461 1752 1002 259763 87450 2551 172313 122650 18144 84899 17746 6287 11459 1660 335807 2070 31421 18021 11483 11252 1498 2698 1105 1593 30838 6538 1261 606
internal_count=787357 449890 4442 581 445448 331388 71625 13486 13203 682 58139 413 57726 862 12521 6235 56864 14149 13885 42715 6077 1390 36638 5217 4574 114060 5956 1236 4720 643 413 3861 13679 11609 1667 1382 445 19944 19723 1012 19495 1144 818 337467 3605 2999 775 3562 94116 18351 9942 3461 1752 1002 259763 87450 2551 172313 122650 18144 84899 17746 6287 11459 1660 335807 2070 31421 18021 11483 11252 1498 2698 1105 1593 30838 6538 1261 606
is_linear=0
shrinkage=0.06


Tree=59
num_leaves=80
num_cat=0
split_feature=80 163 156 155 160 90 92 161 161 166 93 169 168 136 150 93 92 170 160 92 100 61 89 167 90 156 167 93 93 9 22 52 164 155 159 23 43 154 83 85 160 74 15 156 159 93 161 147 94 92 70 76 33 93 17 84 90 160 162 158 166 89 144 88 109 29 92 168 92 169 81 155 163 36 90 93 170 20 83
split_gain=76439.6 56727 76432.8 90197.2 130027 172064 66584.3 75078.7 53308.4 61279.6 76665.9 120674 48744.7 100131 65970.5 433140 114812 57746.5 101287 69266.2 47973.7 44468.4 51813.1 63935.4 65817.2 48979.6 45384.4 152427 316249 159897 39778.7 61579.6 38962.7 40625.1 110599 38658.5 38209.2 37539.4 76371.2 35878.2 34917.7 108860 34911.3 34106.4 38522.7 36307.4 34938 34941.1 33173.5 54133 58385.4 33008.1 32936 32170.3 31560.4 31588.2 29746.1 49588.6 88795.2 54936.5 42553.1 68598.5 64329.7 35320.9 30548.7 33547.7 29672.3 29439.9 41985.3 231383 171129 60229 164503 56198 63853.6 47933.7 36820.7 51147.2 46036.1
threshold=15.004000186920168 107.50000000000001 38.500000000000007 32.95000076293946 11.449999809265138 27.708348274230961 65.783443450927749 214.50000000000003 84.500000000000014 5.0000000000000009 24.784158706665043 0.93544191122055065 -0.7865660786628722 32.787729263305671 0.50066545605659496 53.128808975219734 29.88310527801514 0.24997577071189883 1.1500000357627871 37.441753387451179 -25.537279129028317 37.451499938964851 29.178500175476078 0.98296290636062633 20.933333396911625 25.500000000000004 0.91597560048103344 34.430917739868171 69.34418106079103 15.008999824523928 207.004997253418 40.115354537963874 0.18222858756780627 26.650000572204593 979.64999389648449 97.009998321533217 36.500999450683601 0.63457792997360241 9.177500247955324 492.19999694824224 22.94999980926514 17.393651962280277 295.50210571289068 18.500000000000004 988.95001220703136 12.932793617248537 331.50000000000006 1532.9500122070315 9.0539999008178729 28.952305793762211 34.547117233276374 61.002500534057624 744.63589477539074 26.984488487243656 61.624048233032234 12.702499866485597 48.833333969116218 9.3499999046325701 19.94999980926514 25.500000000000004 2.5000000000000004 71.49649810791017 37.000000000000007 18.404999732971195 137.161003112793 301.87500000000006 51.686117172241218 0.37940952181816107 35.815979003906257 0.9996619224548341 5.4010000228881845 34.649999618530281 1042.5000000000002 356.40222167968756 45.663011550903327 132.52664947509768 0.35645927488803869 1200.4000244140627 1.0000000180025095e-35
decision_type=8 8 10 10 10 10 8 10 10 2 10 2 2 10 10 10 10 2 8 10 10 8 10 2 10 8 2 10 10 10 10 10 10 10 10 8 8 10 8 10 10 8 10 8 10 10 10 10 8 8 10 2 8 10 10 8 10 10 10 10 2 10 2 8 8 8 10 2 10 2 8 10 10 8 10 10 2 8 8
left_child=12 2 3 4 6 -6 20 -8 9 -4 -11 30 13 14 17 16 37 40 -19 52 -2 22 66 25 -25 -24 51 48 29 -29 31 -12 33 34 -22 -31 -37 38 -16 43 -1 -42 56 44 45 -3 47 -47 -28 54 -51 -23 -20 -39 -50 -56 -10 58 59 60 -58 64 -63 -61 -62 -66 -14 68 76 70 -70 73 -73 75 -75 -72 78 -78 -45
right_child=1 39 8 -5 5 -7 7 -9 42 10 11 -13 21 -15 15 -17 -18 18 19 -21 32 26 23 24 -26 -27 27 28 -30 35 -32 -33 -34 -35 -36 36 -38 53 -40 -41 41 -43 -44 67 -46 46 -48 -49 49 50 -52 -53 -54 -55 55 -57 57 -59 -60 63 61 62 -64 -65 65 -67 -68 -69 69 -71 71 72 -74 74 -76 -77 77 -79 -80
leaf_value=-0.049426067846633184 0.049580154837131934 -0.037294973282252959 -0.059188374169707451 -0.28961338218379279 0.2162869037559183 2.4454311521053316 1.6969365196856292 0.35280877477259603 0.022286878485845422 0.16527163469238357 0.055234811946386242 1.8155507232590031 -0.036445975064717216 1.3344664171532443 1.2027039865347384 2.1180431012330869 1.4975069066513291 0.99544108785716945 0.045982713008779041 0.91721673788801528 1.8617330010548121 -0.01765518999359959 0.79031506238669602 -1.4150189219763054 -0.36542508375539912 -0.1677521562698959 4.3299627172176782e-05 2.6938832570391673 -0.21403809214905603 1.6031987603641136 -0.01445929131213507 1.5352517581241787 -0.014161163263374054 0.25910566166781412 0.41240912768087479 0.050161594390869139 1.0987458772892538 0.053777651219647678 -0.10049051313168539 -0.68521263729366999 -0.29511399546736161 1.5261330989475297 -0.14176586248337519 0.69770200732340071 0.69650520035156371 -0.3502525830028746 0.47332914357339695 0.40130611543189032 0.016182631902349233 0.075713674912806672 1.3800374520776999 0.53925462437101768 -0.10977685949640524 -0.65538254202435453 1.1133815402384191 0.1532336523076282 -0.12310462696215291 -0.55432331701222148 1.4420616297357132 -0.93683391843917885 -0.00029319871799968726 1.6302175070188814 0.25860521996105224 -0.014514801967813283 1.199141490904253 0.22157148861915479 -0.57858953331034257 -0.024815464204711962 1.809498013223259 1.9034981032489364 0.025289971972374349 1.701901850461115 -0.063699443943485839 0.10827702541996972 -1.3754624748641995 0.83591312474210322 0.066090049056591327 -0.2080180960315644 -0.011376341302948068
leaf_weight=58627 4781 10870 3800 1149 280 224 221 461 63199 9475 204 261 235304 206 303 379 201 397 44516 317 242 79197 203 286 863 3296 16779 242 878 204 488 200 853 1626 866 229 275 19804 346 269 284 201 4440 330 225 3298 223 238 2433 228 269 384 5489 232 203 313 588 290 214 204 793 294 212 552 200 342 363 53611 205 261 8482 290 547 201 216 270 56404 2561 79008
leaf_count=58627 4781 10870 3800 1149 280 224 221 461 63199 9475 204 261 235304 206 303 379 201 397 44516 317 242 79197 203 286 863 3296 16779 242 878 204 488 200 853 1626 866 229 275 19804 346 269 284 201 4440 330 225 3298 223 238 2433 228 269 384 5489 232 203 313 588 290 214 204 793 294 212 552 200 342 363 53611 205 261 8482 290 547 201 216 270 56404 2561 79008
internal_value=3.51669e-05 0.0229895 0.0612868 0.212461 0.272867 1.2099 0.220555 0.790216 0.0424168 0.147595 0.221529 0.683286 -0.0151934 0.0158817 0.0137996 0.110527 0.0739987 -0.00492918 0.0420386 0.0344974 0.174038 -0.0271257 -0.0411967 -0.239555 -0.627685 -0.111958 0.00614539 0.0823084 0.606846 1.36494 0.350323 0.789898 0.339864 0.450283 0.730352 0.907541 0.623349 0.0600945 0.508849 0.00600558 -0.0452283 0.461258 0.0211399 0.00686464 -0.0808865 -0.0928899 -0.253602 -0.299568 0.0348714 0.204404 0.783029 -0.0149612 0.0288833 0.0455339 0.106656 0.532389 0.0319555 0.197545 0.261838 0.182111 0.321104 0.46297 1.05719 -0.264303 0.237121 0.583842 -0.0372835 0.0133054 0.0270424 0.142871 0.0976857 0.0624373 0.549339 0.017935 -0.661731 0.0503904 0.0182711 0.0541815 -0.00841823
internal_weight=787219 313968 96459 10703 9554 504 9050 682 85756 14428 10628 1153 473251 131302 131096 21265 20886 109831 50719 50322 8368 341949 240315 4648 1149 3499 101634 22053 1828 950 892 404 3587 2734 1108 708 504 20685 649 217509 59112 485 71328 217240 14854 14629 3759 3536 20225 3446 497 79581 50005 20036 2949 516 66888 3689 3399 3185 2429 1841 506 756 1335 542 235667 202386 148775 10472 10211 10006 837 9169 417 8752 138303 58965 79338
internal_count=787219 313968 96459 10703 9554 504 9050 682 85756 14428 10628 1153 473251 131302 131096 21265 20886 109831 50719 50322 8368 341949 240315 4648 1149 3499 101634 22053 1828 950 892 404 3587 2734 1108 708 504 20685 649 217509 59112 485 71328 217240 14854 14629 3759 3536 20225 3446 497 79581 50005 20036 2949 516 66888 3689 3399 3185 2429 1841 506 756 1335 542 235667 202386 148775 10472 10211 10006 837 9169 417 8752 138303 58965 79338
is_linear=0
shrinkage=0.06


Tree=60
num_leaves=80
num_cat=0
split_feature=166 153 136 136 165 165 145 92 166 124 55 92 72 156 156 161 155 160 86 145 93 156 171 166 6 142 163 72 28 163 139 93 93 159 156 71 74 61 65 160 171 163 155 171 149 158 153 93 121 136 156 91 76 156 90 85 61 93 155 160 87 159 145 91 170 166 162 91 49 76 54 30 82 155 160 74 91 0 161
split_gain=63362.6 71488.3 316312 204486 488026 1.18184e+06 447291 71453 97698.4 156657 182501 149366 283993 554985 474285 322069 456987 139791 129252 174431 136092 153545 247521 162707 191602 184877 165393 114662 106389 93615.4 135999 121114 169536 198757 93435.5 118618 87776.7 132087 81322.1 78348.1 76633.2 73190.6 125329 243182 75680.6 69595.8 85970.1 82085.5 68989.9 67029.8 69783.8 60385.6 88179.1 65829.2 104968 69280.6 75328 55473.2 55083.2 54803.5 96093.2 187635 56166.7 59141.9 123246 151500 56036.5 91287.1 53478.5 53428.2 50924.3 72574.7 50895.6 50757 119223 47903.2 47786.4 46750.7 46626.1
threshold=5.0000000000000009 14.949999809265138 43.488239288330085 43.488239288330085 0.608738273382187 0.2503704726696015 85.299999237060561 14.677316665649416 10.500000000000002 101.14583206176759 4.2042682170867929 32.338914871215827 62.04469299316407 26.500000000000004 58.500000000000007 283.50000000000006 18.050000190734867 1.6500000357627871 11.602499961853029 51.850000381469734 86.285350799560561 66.500000000000014 10.500000000000002 6.5000000000000009 162.01499938964847 0.72534674406051647 822.50000000000011 78.304973602294936 119.02349853515626 472.50000000000006 -0.57178944349288929 34.430917739868171 86.285350799560561 979.95001220703136 65.500000000000014 51.040475845336921 53.605197906494148 59.243499755859382 3.6790000200271611 11.150000095367433 5.5000000000000009 602.50000000000011 19.050000190734867 8.5000000000000018 20.750000000000004 25.500000000000004 15.150000095367433 30.644845008850101 -0.24881971627473828 43.488239288330085 39.500000000000007 30.35908126831055 20.376000404357914 86.500000000000014 12.872083187103273 10.101500034332277 112.74750137329103 40.032255172729499 12.949999809265138 6.0499999523162851 4.6010000705719003 984.35000610351574 169.75000000000003 23.895181655883793 0.2332836911082268 21.000000000000004 32.750000000000007 25.363908767700199 98.912502288818374 42.829000473022468 18.770476341247562 32.05999946594239 46.212499618530281 27.94999980926514 7.7500000000000009 22.186599731445316 14.601468086242678 1.0000000180025095e-35 76.500000000000014
decision_type=2 8 10 10 10 10 10 8 2 8 8 10 8 8 8 8 10 10 8 8 10 10 2 2 8 10 10 10 10 10 8 10 10 8 10 10 8 8 10 10 2 10 10 2 10 10 8 10 8 10 8 10 2 10 10 8 8 10 8 8 8 10 8 10 2 2 10 8 8 2 8 10 8 10 10 8 10 8 8
left_child=49 2 -2 7 5 6 -5 -3 9 -9 58 18 17 -14 39 27 -17 -13 19 -12 21 -21 23 24 36 28 -25 -16 -26 31 -31 51 33 -33 -35 40 37 38 -23 -15 -36 42 72 44 -44 46 -10 77 -32 50 -1 53 -53 70 55 -55 -57 -40 -11 60 61 -48 -62 -64 65 -65 -61 -68 -24 -49 71 -20 -19 -22 -75 -60 -56 -47 -72
right_child=1 3 -4 4 -6 -7 -8 8 45 10 11 12 13 14 15 16 -18 41 29 20 73 22 68 26 25 -27 -28 -29 -30 30 48 32 -34 34 35 -37 -38 -39 57 -41 -42 -43 43 -45 -46 47 59 69 -50 -51 -52 52 -54 54 76 56 -58 -59 75 66 62 -63 63 64 -66 -67 67 -69 -70 -71 78 -73 -74 74 -76 -77 -78 -79 -80
leaf_value=0.11546750481738553 -0.051404881836012474 -0.0069134643645234715 -2.311214085234595 2.1189076311574944 -1.2975754441379228 4.8279713934428159 -1.5173554103582807 -0.022177064678794104 0.99336344939856969 -0.75346162535389016 1.6047804810283957 1.536200498828993 3.5126413896337625 -0.77016733169957718 1.3752728741605804 0.96628733288069235 4.8229383419454095 -0.59344431612446691 1.6050702217501578 0.11664936625846731 -0.28008029515422594 1.4623784592810873 -0.53462889610858799 -0.030119460492255255 0.2625491481746009 3.2942840543565537 1.686566530708149 -0.59465830044469969 1.9984165615027214 1.4580822288696942 0.97258744205873116 2.2612221357163476 -0.1446413571766855 -0.16444903260040197 0.94670153751141495 2.0512105935848792 -0.21997686398205282 1.8977237851174591 -0.19229118843634541 0.59593622001667912 -0.29971838238554177 -0.55617503500498322 -0.2322073751453429 2.0238917290301948 0.85700909317424101 0.66787968327601754 2.0251539642189726 -0.16547509024872697 -0.10051674214478763 -0.99313079959822703 -0.045893999658033882 1.4522972346198071 0.20260622296105427 1.337493133153234 0.33181797476550501 -0.18499397647093577 0.7514214088170813 0.86053452880315051 0.022833629262175012 0.0045778817520133134 0.031920967000284774 0.12230628827144947 0.11205914360848647 0.35234080855401467 0.20108077138283403 2.2050016941995745 -0.18134620220922842 1.6195053067903464 0.50694333480586029 -0.71418827310322786 0.54920503798375242 0.26642780772496927 0.39150498064475897 -0.64798766932401208 1.0769670202720492 -0.29663839770877248 -0.34116933241205272 -0.018742868909959399 0.10419791890362259
leaf_weight=10388 49212 324984 223 200 280 269 308 33314 334 482 369 237 282 592 218 243 203 729 201 3962 1792 282 673 1053 217 240 249 206 307 210 219 307 876 426 539 242 270 390 415 202 264 617 720 310 336 359 273 9506 10990 262 135363 289 681 209 428 829 492 317 4703 88104 19496 585 4905 354 1591 288 204 200 240 684 891 526 254 246 346 2636 3325 42687 17065
leaf_count=10388 49212 324984 223 200 280 269 308 33314 334 482 369 237 282 592 218 243 203 729 201 3962 1792 282 673 1053 217 240 249 206 307 210 219 307 876 426 539 242 270 390 415 202 264 617 720 310 336 359 273 9506 10990 262 135363 289 681 209 428 829 492 317 4703 88104 19496 585 4905 354 1591 288 204 200 240 684 891 526 254 246 346 2636 3325 42687 17065
internal_value=-0.000445719 0.00767155 -0.0616454 0.0134573 0.846854 1.6203 -0.0844055 0.0119659 0.0350116 0.0831522 0.138544 0.176765 0.484549 1.05603 0.637844 1.60476 2.72853 0.137122 0.145298 0.32332 0.280187 0.391201 0.624905 0.841078 1.13021 1.91722 0.299229 0.419036 1.28142 0.0934114 -0.0510644 0.153207 0.538465 0.874915 0.584251 0.889329 0.770093 0.960512 0.598532 -0.422307 0.537057 0.024848 0.177634 0.549247 0.114844 0.00756935 0.0335719 -0.0492524 -0.0794657 -0.0361198 -0.0343927 0.112183 0.576049 0.0933852 -0.0936033 0.325133 0.164074 0.264198 -0.132798 0.0307999 0.104795 0.729411 0.084647 0.228633 0.484533 1.18558 0.00781479 0.711962 -0.260576 -0.202374 0.146262 0.63823 -0.338801 -0.120977 0.360294 -0.0919382 -0.264353 -0.0130011 0.126309
internal_weight=787720 641707 49435 592272 1057 777 508 591215 266231 96661 63347 55526 5149 1946 1664 870 446 3203 50377 11368 10999 8615 4653 3740 2438 764 1302 424 524 39009 11419 27590 2654 1778 1471 1045 1674 1404 1014 794 803 2966 2349 1366 1056 169570 116334 53236 11209 146013 145751 24936 970 23966 5283 1530 1321 732 7821 116000 27492 858 26634 7138 2233 642 88508 404 913 10190 18683 727 983 2384 592 7339 3753 43046 17956
internal_count=787720 641707 49435 592272 1057 777 508 591215 266231 96661 63347 55526 5149 1946 1664 870 446 3203 50377 11368 10999 8615 4653 3740 2438 764 1302 424 524 39009 11419 27590 2654 1778 1471 1045 1674 1404 1014 794 803 2966 2349 1366 1056 169570 116334 53236 11209 146013 145751 24936 970 23966 5283 1530 1321 732 7821 116000 27492 858 26634 7138 2233 642 88508 404 913 10190 18683 727 983 2384 592 7339 3753 43046 17956
is_linear=0
shrinkage=0.06


Tree=61
num_leaves=80
num_cat=0
split_feature=76 144 136 151 91 144 76 94 137 134 164 11 136 81 73 50 159 169 81 137 82 57 92 137 89 167 90 93 160 169 55 92 81 165 87 163 92 91 124 34 145 45 159 147 93 145 81 155 34 79 153 166 166 93 66 110 61 158 165 91 43 142 170 61 155 163 93 82 91 103 119 91 159 93 79 76 140 151 92
split_gain=57186.2 53330.2 104668 355058 54303.3 46273.5 234959 91203.8 48392.3 43480.5 85799.1 113387 63358.1 44290.4 40070.8 95615.2 157329 45642.1 42231.7 45908.8 39146.2 38490.7 36066.5 36048.9 30841.9 36231 37880.9 34877.3 32472 40229.5 307213 70886.6 85057.8 55144.7 44726.3 32506.4 31562.5 39089.5 30480.8 50605.4 59247.8 32000.7 29976.5 85937.8 28752.5 46519.5 39796.2 35746.9 103651 28732.6 28802.4 32708.3 42871.2 191983 131847 111587 76458.7 63171 61981.3 73123.9 59366.3 52590.3 33749.3 33680.3 33482.8 32752.2 38757.2 30011.2 44154 72066.5 87662.5 35125 54636.4 28816 27630.6 27193 29915.5 26983.9 26759.5
threshold=12.703499794006349 5.0000000000000009 35.622936248779304 105.50000000000001 45.569658279418952 5.0000000000000009 130.56500244140628 14.471000194549562 1.0909096002578738 83.637500762939467 0.1650413200259209 58.998500823974616 12.683858394622805 21.484000205993656 88.273933410644545 33.802499771118171 988.14999389648449 0.9970000982284547 159.40000152587893 0.70067459344863903 37.612499237060554 19.227499961853031 65.783443450927749 0.73040655255317699 36.473583221435554 0.98296290636062633 23.112375259399418 1.6599022746086123 9.4499998092651385 0.90531614422798168 0.35132429003715521 23.648007392883304 7.9760000705719003 0.47714059054851538 11.00500011444092 107.50000000000001 30.377414703369144 19.210904121398929 119.56250000000001 189.04022979736331 61.100000381469734 23.204999923706058 973.35000610351574 55.45000076293946 69.34418106079103 58.500000000000007 159.40000152587893 5.7500000000000009 332.15771484375006 75.487499237060561 13.050000190734865 5.0000000000000009 13.000000000000002 40.032255172729499 62.829000473022468 0.85165658593177807 118.3675003051758 6.5000000000000009 0.35019405186176306 26.133629798889164 83.909999847412124 -0.66259482502937306 0.34033495187759405 50.520999908447273 15.449999809265138 107.50000000000001 14.956953525543215 9.9024996757507342 12.983102321624758 -0.3438479602336883 0.96383252739906322 3.8672765493392949 981.04998779296886 12.156225681304933 210.55000305175784 19.402500152587894 9.4499998092651385 98.500000000000014 28.563323020935062
decision_type=2 2 10 10 10 2 2 10 8 10 10 8 10 10 8 10 8 2 10 10 10 10 10 10 10 2 10 10 8 2 8 10 8 10 8 10 10 10 10 10 10 8 8 8 10 8 10 10 8 10 8 2 2 10 10 10 8 10 10 10 8 10 2 8 8 8 10 8 10 10 10 10 8 10 10 2 8 10 10
left_child=1 4 24 -4 23 6 7 8 -2 13 11 -11 -12 22 18 17 -17 -16 42 -20 -9 -13 49 -1 27 -26 -27 36 29 44 -31 38 -33 -34 -35 -36 37 -3 -32 -40 -41 -42 43 -15 46 -46 47 48 -29 50 -7 62 53 63 56 -56 57 60 59 -59 61 -55 -52 64 -53 -54 -67 68 -65 70 -70 72 -69 -64 -44 -74 -77 -47 -49
right_child=5 2 3 -5 -6 9 -8 20 -10 10 12 21 -14 14 15 16 -18 -19 19 -21 -22 -23 -24 -25 25 26 -28 28 -30 30 31 32 33 34 35 -37 -38 -39 39 40 41 -43 74 -45 45 77 -48 78 -50 -51 51 52 65 54 55 -57 -58 58 -60 -61 -62 -63 73 67 -66 66 -68 71 69 -71 -72 -73 75 -75 -76 76 -78 -79 -80
leaf_value=-0.11388978413593197 -0.0081881032708849485 -0.026964301962586854 -0.72775270471247755 2.7619021703947833 -1.0010445486807396 -0.094193027374076532 1.8920115124562289 0.33412540734003232 0.13734153122510606 0.89100973552518503 -0.36991902193381587 -0.086306232300768768 -1.7850902435521185 1.4297564800892557 0.065885459992728518 -0.11771738358280237 2.1953633535392076 0.89247114855667642 -0.13387184644028355 -1.1159980515747854 1.1974638779625735 -1.045305764268156 -0.63235818273535493 -0.017201800302711217 -0.078461003030365711 -1.2067121357338477 -0.28563155044774557 1.3937819860127698 -0.017473576415104268 2.2305150049775837 0.020274058374456786 1.3607555328740475 -0.070412799308656029 1.159346879046339 0.70465909032467799 -0.11810587670297726 0.57058365242202069 -0.37921878145562776 0.027240997204659525 1.4529733436375241 0.95549703096225858 0.081527241858141239 0.040397265660446574 0.13178696871935686 0.53798797396552656 -0.12549451216879079 -0.75953862097430025 0.013821304293260703 -0.079026033756693453 -0.19254721071924927 0.0080527448723037021 -0.12004013930528924 0.049241942611100084 -0.45390860134933853 0.55320618589915849 2.5344681358848296 1.1577312110425011 0.92903155365141266 1.2835568440269847 -0.60763812613487245 -1.0183260042491595 0.67500467448667356 -0.081877010780736989 0.086765974066693632 0.027847055475384026 -0.017736331412916442 -0.18451637480199085 1.1702587257914485 0.3472871515937781 -0.050365911200405004 1.7577955340824789 0.046360364080602741 -0.080173674458744182 -0.33558042060436533 -0.51390213666008067 1.0582210892396313 0.086439913372060209 -0.82878723652198394 0.2346313131987226
leaf_weight=27425 23533 145672 219 200 223 10983 255 2623 12645 336 261 373 202 209 3063 203 220 260 789 218 203 252 327 28111 4370 206 724 262 103494 239 21290 286 960 313 346 344 315 1142 1526 217 209 536 84214 1465 376 6079 235 112905 497 2826 18647 6702 24532 281 201 209 368 220 288 224 216 313 14036 1574 31002 55053 5518 247 353 391 288 17112 612 1820 324 209 250 202 2010
leaf_count=27425 23533 145672 219 200 223 10983 255 2623 12645 336 261 373 202 209 3063 203 220 260 789 218 203 252 327 28111 4370 206 724 262 103494 239 21290 286 960 313 346 344 315 1142 1526 217 209 536 84214 1465 376 6079 235 112905 497 2826 18647 6702 24532 281 201 209 368 220 288 224 216 313 14036 1574 31002 55053 5518 247 353 391 288 17112 612 1820 324 209 250 202 2010
internal_value=-8.89444e-05 -0.0136969 -0.00612578 0.940564 -0.0687115 0.0191249 0.0802217 0.0683284 0.0426801 0.0107727 -0.319833 0.00366881 -0.989854 0.0124212 0.0469878 0.239116 1.08764 0.130809 0.0387334 -0.347383 0.396543 -0.474027 -0.00372017 -0.0649498 -0.00710811 -0.150882 -0.490733 -0.00520014 0.00833794 0.0262866 0.0936701 0.073963 0.395856 0.254653 0.565543 0.294892 -0.0284178 -0.0297069 0.043502 0.242177 0.582744 0.32766 0.0432474 0.294596 0.0118456 -0.109407 0.0188104 0.0203982 0.430539 -0.0026599 0.000141108 0.00587633 0.0182801 0.0566424 0.59186 1.56688 0.381853 0.196058 0.599653 0.154151 -0.168961 0.141091 -0.046668 0.0354937 0.00155717 -0.00924456 -0.0329327 0.096317 0.286864 0.591674 0.982777 0.0693595 0.367703 -0.111017 0.0382668 0.181694 0.530267 -0.148241 0.0176855
internal_weight=787383 460933 405174 419 55759 326450 39259 39004 36178 287191 1424 961 463 285767 90965 3746 423 3323 87219 1007 2826 625 194802 55536 404755 5300 930 399455 252326 148832 26266 26027 2249 1963 1003 690 147129 146814 23778 2488 962 745 86212 1674 122566 6657 115909 115674 759 194475 191649 180666 146163 61060 2320 410 1910 1542 732 444 810 594 34503 58740 37704 85103 60571 21036 2606 1032 641 18430 1318 15856 84538 1071 459 6281 114915
internal_count=787383 460933 405174 419 55759 326450 39259 39004 36178 287191 1424 961 463 285767 90965 3746 423 3323 87219 1007 2826 625 194802 55536 404755 5300 930 399455 252326 148832 26266 26027 2249 1963 1003 690 147129 146814 23778 2488 962 745 86212 1674 122566 6657 115909 115674 759 194475 191649 180666 146163 61060 2320 410 1910 1542 732 444 810 594 34503 58740 37704 85103 60571 21036 2606 1032 641 18430 1318 15856 84538 1071 459 6281 114915
is_linear=0
shrinkage=0.06


Tree=62
num_leaves=80
num_cat=0
split_feature=80 163 170 135 162 92 167 161 16 161 163 73 164 152 93 164 93 85 168 149 93 16 91 84 92 35 92 127 163 93 156 93 167 55 16 91 152 24 64 93 73 165 93 118 74 91 159 16 156 163 113 160 35 92 159 92 165 92 147 74 88 161 91 92 84 163 170 92 142 93 79 93 67 11 170 59 167 156 162
split_gain=58005.7 52708.9 63286 65279.2 169840 64551.6 137958 151562 116339 108108 83205.4 71919.7 59824.8 57172.2 55137.6 92121.4 54609.5 42882 40374.1 54931.4 192921 84741.2 245892 323897 58318.4 54153 145245 46477.3 44170 43263.2 90907.2 70498.5 442742 159920 129198 41248.5 42944.8 67431.5 38703.4 37344.6 37334.7 34171.8 55394 82906.5 57207.8 36025.8 43507.7 79941.4 33337.9 35209.3 86197 173022 173419 276982 49468 85749.5 49389.7 116991 39140 147255 36288.9 33700 100349 57252.4 32470.9 31977.9 118247 31198.8 52134.8 30996.1 30887.2 125229 40321.9 49794.2 33196.1 41727.3 30817.9 47604.8 37622.8
threshold=14.50500011444092 107.50000000000001 -0.14250536262989041 53.376811981201179 12.650000095367433 24.301028251647953 0.98296290636062633 88.500000000000014 250.467887878418 334.50000000000006 37.500000000000007 44.324560165405281 0.43049471080303198 0.62938633561134349 86.285350799560561 0.85260769724845897 86.285350799560561 492.19999694824224 -0.7865660786628722 18.650000572204593 42.317422866821296 92.574504852294936 14.327778816223146 13.502500057220461 56.297203063964851 377.89701843261724 33.205242156982429 -54.068916320800774 242.50000000000003 53.128808975219734 25.500000000000004 40.032255172729499 0.98296290636062633 5.4448122978210458 176.86041259765628 36.116390228271491 1.2873989939689638 218.51249694824222 20.152500152587894 18.258405685424808 45.75151443481446 -0.0087262028828264185 18.258405685424808 -19.816055297851559 86.058830261230483 31.533506393432621 986.35000610351574 112.92532348632814 78.500000000000014 447.50000000000006 4.2500000000000009 1.8499999642372134 472.60612487792974 25.775266647338871 994.35000610351574 23.856157302856449 1.0000000180025095e-35 20.719288825988773 34.250000000000007 6.7818808555603036 145.86350250244143 322.50000000000006 34.937225341796882 29.392271995544437 14.426500320434572 37.500000000000007 0.24164313822984698 65.783443450927749 -0.84335932135581959 101.51129150390626 1.2025000452995303 97.214756011962905 36.601499557495124 44.010000228881843 0.17435361444950107 167.18750000000003 -0.91597560048103321 48.500000000000007 10.84999990463257
decision_type=8 8 2 10 10 8 2 10 8 10 10 10 10 10 10 10 10 10 2 10 10 8 10 8 10 10 10 10 10 8 8 10 2 8 8 10 10 8 10 10 8 8 10 8 10 8 10 8 10 8 10 10 10 8 10 10 8 10 8 8 10 10 10 10 8 8 2 10 10 10 8 10 10 10 2 10 2 10 10
left_child=18 2 5 12 -5 -2 9 -8 10 69 -9 -11 16 -12 -14 -16 -4 41 19 24 21 22 28 -24 25 35 -27 -25 -21 31 -31 39 65 -34 38 70 37 -37 -35 -20 -18 42 -3 -44 45 -45 -47 -48 49 50 51 -43 54 -54 61 -56 57 -51 59 -58 67 63 -63 -53 -40 66 -33 -60 -69 76 71 72 -1 -74 -72 -76 -7 78 -78
right_child=1 17 3 4 -6 6 7 8 -10 11 13 -13 14 -15 15 -17 40 -19 29 20 -22 -23 23 27 -26 26 -28 -29 -30 30 -32 32 33 34 -36 36 -38 -39 64 -41 -42 48 43 44 -46 46 47 -49 -50 56 -52 52 53 -55 55 -57 58 -59 60 -61 -62 62 -64 -65 -66 -67 -68 68 -70 -71 74 -73 73 -75 75 -77 77 -79 -80
leaf_value=-0.038080315304009342 0.068896193718118129 -0.015970848205519191 0.0083574239399807661 -0.44485345174032864 2.0107864293543729 -0.28127092313500618 2.0881027181849756 1.2388341175957343 1.5840679029603995 0.30046885998492395 -0.15935448985216896 1.8732937645279055 0.10587998660018487 0.88907223846338967 1.5369947413063567 -0.18524797199387796 -0.020540062459260225 -0.71746344272649354 -0.02172367252231526 0.97231147166141652 1.5444605850390534 -0.025088372200924389 2.7925390809016961 1.0320217569035322 0.948260369405726 0.10907351537938259 1.7024808001300356 -0.10489309202351078 0.073573372778164919 0.75990520124148386 -0.15989462468247839 1.5266234313202376 -0.58917349803565744 0.71627205068523858 2.5962449030471189 0.61540467535299581 -1.0383176583826326 -0.64607706341911975 0.99792849770614067 -0.15145473845631219 -0.58759824684318984 1.9175418149978585 -1.2931557610553124 -0.087546009968024321 0.80600543544261372 -0.58134844709514033 0.97476098675967993 -0.58482219343294772 -0.065832912259150153 -0.17800442989465429 0.023256549341106981 0.083323222056538332 0.29665850789995929 2.9185044046689121 0.23425433117239289 1.6317194042022864 1.7041439889107859 1.6542085554138306 0.0031401499074251104 -0.13106699353172663 0.7707173604590658 0.14399246879253186 1.4894927240671989 -0.42097052770256044 1.9444395916755886 -0.14077169862984942 -0.091808938823479153 0.19336411663090311 -1.12073960520584 -0.64708831649238818 -0.045342893288637401 1.4965111930706076 1.0432825606698803 0.022373604229268325 0.020070645514276966 0.82180533892804009 0.84946247015930709 -0.03837314657252526 0.22382076681447907
leaf_weight=2639 13015 53285 59383 201 203 687 254 266 302 217 891 202 17827 236 252 200 749 296 303574 204 334 9253 300 211 232 7220 211 332 4968 398 12698 201 201 782 208 253 276 381 335 8203 945 211 243 3514 210 1404 205 277 15536 297 31692 5841 465 210 729 201 228 216 107021 503 220 1831 223 940 218 5224 831 204 231 213 57750 236 308 388 42316 234 449 2212 1503
leaf_count=2639 13015 53285 59383 201 203 687 254 266 302 217 891 202 17827 236 252 200 749 296 303574 204 334 9253 300 211 232 7220 211 332 4968 398 12698 201 201 782 208 253 276 381 335 8203 945 211 243 3514 210 1404 205 277 15536 297 31692 5841 465 210 729 201 228 216 107021 503 220 1831 223 940 218 5224 831 204 231 213 57750 236 308 388 42316 234 449 2212 1503
internal_value=-0.000283101 0.0190682 0.055294 0.0311508 0.790963 0.149466 0.290532 0.723986 0.518459 0.136352 0.286467 1.06138 0.0272727 0.0607854 0.122497 0.776214 -0.00122754 0.00302229 -0.0139884 0.0146432 0.12014 0.0888831 0.264183 1.21376 4.1167e-06 -0.00196485 0.154541 0.337976 0.109204 -0.0250021 -0.131885 -0.0206245 0.155236 1.00033 1.20764 -0.0130655 -0.415041 -0.142502 0.989504 -0.0251374 -0.337034 0.00396937 -0.0352185 -0.210414 -0.163292 -0.201129 -0.412599 0.0791308 0.0178634 0.0264601 0.0728871 0.220546 0.186069 1.11545 0.121718 0.537715 0.00841097 0.595171 0.00562886 0.442884 0.00265629 0.0778725 0.290725 0.0133649 1.37389 -0.0804761 0.224582 0.00107665 -0.50544 0.0596196 -0.00953987 0.163835 0.0691084 0.475004 -0.0157141 0.0244989 0.0907771 0.152212 0.368092
internal_weight=787359 326440 100207 79760 404 20447 7432 1949 1695 5483 1393 419 79356 1127 18279 452 61077 226233 460919 128046 15602 15268 6015 843 112444 112212 7431 543 5172 332873 13096 319777 8000 1744 1543 104781 910 634 1335 311777 1694 225937 59138 5853 5610 5400 1886 482 166799 151263 42343 10651 10440 675 9765 930 108920 513 108407 731 107676 8835 2054 6781 553 6256 1032 107456 435 5064 103871 3571 3335 696 100300 42550 4851 4164 1952
internal_count=787359 326440 100207 79760 404 20447 7432 1949 1695 5483 1393 419 79356 1127 18279 452 61077 226233 460919 128046 15602 15268 6015 843 112444 112212 7431 543 5172 332873 13096 319777 8000 1744 1543 104781 910 634 1335 311777 1694 225937 59138 5853 5610 5400 1886 482 166799 151263 42343 10651 10440 675 9765 930 108920 513 108407 731 107676 8835 2054 6781 553 6256 1032 107456 435 5064 103871 3571 3335 696 100300 42550 4851 4164 1952
is_linear=0
shrinkage=0.06


Tree=63
num_leaves=80
num_cat=0
split_feature=80 83 3 84 150 135 155 79 93 166 162 166 91 156 73 38 136 148 50 166 93 156 93 149 166 158 16 67 156 163 164 159 156 156 89 164 156 11 62 166 73 134 19 92 161 7 159 145 160 91 159 118 73 36 148 158 18 53 15 91 160 87 83 91 41 55 163 147 158 161 154 92 82 93 163 36 159 93 61
split_gain=51085.4 102460 154801 51044.4 51787.4 59091.2 47424.9 46105.1 42088.4 211484 38098.2 38003.5 57536.2 53330.9 54696.2 51161.8 62629.8 468617 212722 61126.1 148295 275250 167900 153879 142724 116176 94931.2 92096.8 85489 100612 96745.5 84320 70338 325288 67558.2 64417.3 61084.3 58790.8 56937.7 62362.3 124251 65600.1 92764.4 138017 55895.3 86572 123349 83602.8 49560.5 48799.7 43373 132890 237472 51485 101555 45506.8 42395.1 54746 37530.9 37455.4 107704 37058.6 36940.6 157193 35164.4 31232.8 80533.9 173955 31443.4 35096.9 74721.3 49263.7 69099 32413.2 30820.1 68571.1 29672.8 28377.8 28313.3
threshold=29.989000320434574 1.3009999990463259 47.014999389648445 1.0000000180025095e-35 0.67475405335426342 53.376811981201179 24.349999427795414 210.55000305175784 99.869216918945327 9.0000000000000018 32.750000000000007 5.0000000000000009 68.935256958007827 39.500000000000007 6.9345767498016366 30.251500129699711 35.622936248779304 0.568639636039734 8.0225000381469744 10.500000000000002 34.430917739868171 27.500000000000004 60.713041305541999 17.050000190734867 6.5000000000000009 6.5000000000000009 164.79494476318362 15.47600030899048 42.500000000000007 682.50000000000011 -0.11319890245795249 987.14999389648449 66.500000000000014 61.500000000000007 17.247917175292972 -0.64942333102226246 67.500000000000014 184.004997253418 216.6039962768555 6.5000000000000009 13.123651504516603 24.037499427795414 202.02500152587893 15.765164852142336 303.50000000000006 301.36650085449224 991.64999389648449 34.549999237060554 10.449999809265138 57.859048843383796 995.54998779296886 73.741741180419936 33.36956977844239 32.246465682983406 1.5464923381805422 63.500000000000007 -40.666500091552727 147.2731628417969 129.09861755371097 49.328924179077156 8.5500001907348651 9.0274996757507342 12.229000091552736 16.201978683471683 26.469999313354496 1.5213521122932436 767.50000000000011 73.000000000000014 6.5000000000000009 83.500000000000014 0.58072414994239818 32.338914871215827 19.975999832153324 18.258405685424808 22.500000000000004 26.481305122375492 990.35000610351574 30.644845008850101 6.5009999275207528
decision_type=10 8 8 8 10 10 8 10 10 2 10 2 10 8 10 10 10 10 10 2 10 8 10 10 2 10 8 10 8 8 8 10 10 10 10 8 8 8 8 2 8 8 8 8 10 10 10 8 10 10 10 8 8 8 10 10 10 8 8 10 8 10 8 10 10 8 10 8 10 8 8 10 10 10 8 10 10 8 8
left_child=7 2 -2 -3 5 10 -4 11 -6 -10 78 12 13 14 58 16 49 -18 -19 20 36 -22 23 24 25 31 61 -26 -24 32 -31 -23 33 34 -30 -29 44 -33 77 40 -40 -42 43 -43 48 47 -47 -46 50 59 53 -52 -53 54 55 76 57 -44 -1 -13 -61 -27 63 -49 -34 66 -21 -68 69 70 -67 -72 -73 -70 75 -71 -17 -38 -5
right_child=1 3 6 4 8 -7 -8 -9 9 -11 -12 15 -14 -15 -16 19 17 18 -20 65 21 22 28 -25 27 26 -28 35 29 30 -32 37 64 -35 -36 -37 38 -39 39 -41 41 42 56 -45 45 46 -48 62 -50 -51 51 52 -54 -55 -56 -57 -58 -59 -60 60 -62 -63 -64 -65 -66 68 67 -69 73 74 71 72 -74 -75 -76 -77 -78 -79 -80
leaf_value=0.16233001729647126 2.1744390544427437 0.88653069894573866 0.73960660804442635 -0.13517669580101102 0.09753144144220581 -0.84706513905301695 -0.45229828266393052 -0.2189323706049166 -0.73196365993621659 1.7554240562932952 0.73978480891264486 -0.016938615307480111 -0.980331862890364 -0.040377006804398902 0.076936739592668266 0.015169640329161549 2.9422984320060772 -1.8345788192856904 0.60034386167093101 -0.0015220150594369979 2.1464464010135025 -0.40230535927818328 -1.1185011693380646 -0.82480717322535135 -0.14161987622163927 0.78689125852427888 2.6655863258936634 1.6097994596619047 -0.69381255000486475 1.8081164047286051 0.066882125174351881 1.5572679613808105 0.54485691785303547 2.2364261519128368 0.61652029393350372 0.31879274465047336 -0.017708776467600149 0.31944477599884447 1.6356576887391772 -8.0865241094596902e-05 -0.11610642049373311 0.12443800446320147 0.91468426519734713 1.8610162966326951 1.1639071815251447 -0.027564845430871211 1.8926797197986205 0.11511799479039447 -0.10288510568092232 -0.70931332926525448 0.016296414716805013 0.019047743171819898 2.8068375560463363 0.049446231435344837 1.6313676864364481 1.0725995523690266 -0.26868012817753922 -0.18843507291830103 1.2218576790409528 1.4741320050491078 -0.3489538134689234 1.792699419493025 0.04268852154794528 1.4759652955599916 -0.27369214602680703 1.1171982298856067 2.2441454250409758 0.15075183677422455 -0.017048318165177458 1.0545837178192401 0.067294680097360393 1.3841881218124481 -0.077979352873157368 -0.13483390987940463 0.0019401461626374964 0.10169691474312531 0.78077877970784904 -0.6899904263767902 0.019457838048239584
leaf_weight=224 202 258 264 5139 22909 299 219 3592 220 277 247 279664 229 126569 8138 1379 208 220 310 1759 282 228 235 263 854 337 218 232 463 217 243 289 204 251 203 347 53318 265 251 3928 1112 314 392 346 304 220 265 1779 5316 365 916 243 200 19152 205 201 503 275 260 222 244 219 4172 368 2421 264 201 489 67655 294 9622 247 219 9604 115142 3472 209 226 24972
leaf_count=224 202 258 264 5139 22909 299 219 3592 220 277 247 279664 229 126569 8138 1379 208 220 310 1759 282 228 235 263 854 337 218 232 463 217 243 289 204 251 203 347 53318 265 251 3928 1112 314 392 346 304 220 265 1779 5316 365 916 243 200 19152 205 201 503 275 260 222 244 219 4172 368 2421 264 201 489 67655 294 9622 247 219 9604 115142 3472 209 226 24972
internal_value=-0.00034279 0.0554232 0.784113 0.04622 0.0421935 -0.00911803 0.19936 -0.00453007 0.109398 0.655108 -0.000837346 -0.00347333 -0.0321544 -0.030541 0.113837 0.00307019 -0.0154935 0.536137 -0.41193 0.0197854 0.0575258 0.309569 0.240123 0.564331 0.686795 1.08451 1.60532 0.25449 -0.00878808 0.0566381 0.890431 0.567627 -0.0518674 0.40024 -0.294091 0.837971 0.0370338 0.966811 0.000639867 0.16002 0.356912 0.247296 0.46806 1.03626 0.100241 0.250391 1.02338 0.19364 0.0618717 -0.0169468 0.100792 0.42924 1.28113 0.0796646 0.369737 0.224337 0.146924 0.460274 0.732844 -0.0160421 0.520852 1.18557 0.146785 0.348948 -0.209896 0.00111717 0.214085 0.762932 -0.00140932 0.0166906 0.122646 0.096511 0.698337 -0.0316917 0.00746529 0.176346 0.116361 -0.0205592 -0.00693702
internal_weight=787584 55006 685 54321 54063 30657 483 732578 23406 497 30358 728986 135420 135191 8622 593566 281233 738 530 312333 103365 7771 7489 3252 2989 1556 774 1433 4237 4002 460 782 3542 917 666 579 95594 554 60665 7121 3193 2942 1830 660 34929 7108 485 6623 27821 280495 22505 1359 443 21146 1994 1789 1170 667 484 280130 466 556 6319 2147 2625 208968 2449 690 206519 129260 10352 10088 466 77259 118908 3766 1588 53544 30111
internal_count=787584 55006 685 54321 54063 30657 483 732578 23406 497 30358 728986 135420 135191 8622 593566 281233 738 530 312333 103365 7771 7489 3252 2989 1556 774 1433 4237 4002 460 782 3542 917 666 579 95594 554 60665 7121 3193 2942 1830 660 34929 7108 485 6623 27821 280495 22505 1359 443 21146 1994 1789 1170 667 484 280130 466 556 6319 2147 2625 208968 2449 690 206519 129260 10352 10088 466 77259 118908 3766 1588 53544 30111
is_linear=0
shrinkage=0.06


Tree=64
num_leaves=80
num_cat=0
split_feature=76 144 76 137 92 158 149 159 164 79 38 106 166 167 93 151 73 161 88 93 105 166 35 92 85 16 160 79 155 50 171 92 166 164 89 29 90 61 92 161 85 4 72 93 88 136 165 163 162 145 93 165 153 162 92 155 159 96 97 35 8 92 52 163 124 93 90 92 86 171 15 164 16 159 160 162 155 94 163
split_gain=53501.1 145444 191472 51450.4 50371.4 199064 311379 219412 95129 46295.6 44757.7 43756.8 43242.3 54762.5 209832 206784 526996 309981 491898 242789 258683 322994 182225 176448 159077 108920 99926.1 89792.6 89270.4 75657 51995.5 109814 52087.9 108609 59677.7 77329.6 46844.4 44438 51760.1 131062 108540 66048.8 46356.5 41068.3 45942.8 40256.2 40107.8 37366.4 119155 52194.7 36227.4 76867.6 117263 57055.9 69480.8 36103.6 76376.7 74169 58804.1 49192.6 49097.2 49961.1 53440.9 86380.1 35298.5 49810.9 59056.1 106694 138846 149806 170930 56075.9 50731.2 103510 42068.7 38921.1 37562.7 34349.6 40279.2
threshold=37.212499618530281 5.0000000000000009 130.56500244140628 1.2372531890869143 65.783443450927749 58.500000000000007 15.84999990463257 986.04998779296886 -0.76037701964378346 75.487499237060561 5.990999937057496 1259.6208496093752 5.0000000000000009 0.37940952181816107 40.032255172729499 98.500000000000014 57.002361297607429 252.50000000000003 15.754000186920168 69.34418106079103 1003.9499816894532 6.5000000000000009 381.89773559570318 33.205242156982429 8.6275000572204608 49.636194229125984 7.1499998569488534 8.805000305175783 18.349999427795414 32.077501296997077 7.5000000000000009 44.817646026611335 9.0000000000000018 0.84335932135581981 8.3667502403259295 208.92499542236331 17.625514984130863 43.687500000000007 28.952305793762211 82.500000000000014 12.807499885559084 134.50849914550784 62.04469299316407 26.984488487243656 145.86350250244143 35.622936248779304 0.63605400919914257 47.500000000000007 28.150000572204593 44.649999618530281 16.476364135742191 0.97625884413719188 25.94999980926514 14.050000190734865 23.648007392883304 15.84999990463257 990.54998779296886 38.95000076293946 85.643753051757827 136.67063903808597 34.001499176025398 29.392271995544437 95.648941040039077 297.50000000000006 102.14583206176759 2.0998376607894902 15.501085281372072 16.251796722412113 13.000999927520754 3.5000000000000004 38.777135848999031 0.608738273382187 226.41547393798831 992.14999389648449 5.5499999523162851 31.150000572204593 14.750000000000002 13.75500011444092 67.500000000000014
decision_type=2 2 2 10 10 10 8 10 10 10 8 10 2 2 10 10 8 10 8 10 8 2 10 10 8 10 10 10 10 8 2 8 2 10 10 10 8 8 10 10 8 10 10 10 10 10 10 8 10 8 10 10 8 10 10 8 10 8 10 10 8 10 10 10 8 8 10 10 10 2 10 10 10 10 8 10 8 10 8
left_child=4 2 77 -3 9 6 -6 8 -8 12 -5 -12 -1 45 37 19 17 -17 -19 20 -16 22 24 -23 29 27 46 -26 -28 -22 -21 32 -32 34 -34 -36 -31 43 64 -40 -41 42 -42 44 55 47 -27 48 49 -14 -49 -52 -53 -54 -55 -15 -57 -58 59 -59 -61 62 -62 -64 -39 -66 67 72 69 -69 -71 -72 75 -74 -70 -67 -68 -2 -79
right_child=1 3 -4 10 5 -7 7 -9 -10 -11 11 -13 13 14 15 16 -18 18 -20 30 21 23 -24 -25 25 26 28 -29 -30 36 31 -33 33 -35 35 -37 -38 38 39 40 41 -43 -44 -45 -46 -47 -48 50 -50 -51 51 52 53 54 -56 56 57 58 -60 60 61 -63 63 -65 65 66 76 68 74 70 71 -73 73 -75 -76 -77 -78 78 -80
leaf_value=-0.031371326694090589 0.17363519603955829 0.10368348670984577 2.0076370889451129 -0.5155261778113488 -2.8242140823545361 1.1277319726487804 -0.047004981602110515 0.96876941181831844 -1.7481696713795054 -0.18181121548444215 -0.040319017160878955 0.66195965634716059 0.75400199350923913 -0.062250617788320008 -1.0061951079246463 -0.96483429900935436 3.4677048412958777 3.4350445325041923 -0.64513143171631337 -0.25396669188348253 -0.094945555618879476 -0.070377917280076349 -0.61064795617271683 1.7058279193265715 1.3942602380807849 2.5172060838010575 1.3001714326987663 3.0693040489885539 -0.24622501730814925 1.7447292167952526 -0.22520321575511121 1.439118194707389 -0.40229791516670954 1.1956139304187963 -0.31671951754427535 1.3073353988807135 0.63640856827945869 -0.021099326135460429 1.4701794998801889 1.3857590216035427 0.031544053815193027 1.0135565822312365 -0.77809425446816849 -0.35098320058210097 0.89820383293115913 0.80243622414632887 1.3273270689912617 -0.0084301955467262386 1.4980099203716042 0.031584490943798262 -0.10059025535510828 1.6920048892366535 -0.23220932438935435 -0.031637620316638103 1.4645020463449114 -0.0055911175918675502 1.207543182794194 -0.042406552086620655 -0.06980944945277652 1.2111114960593552 0.18364492881801697 1.0605338649370453 1.7733467307916897 0.073523483315043506 -0.02464066504190586 0.0788095597874654 -0.32935472142893107 2.2920611111801041 0.63291444860621171 2.1247526221290678 0.029532052536724297 0.97255555769226631 0.13960414389293668 1.3744003487400016 -0.080474652857056461 0.91934505208298112 0.04390655102856237 1.0494036440269063 0.33839777735467175
leaf_weight=137410 2816 16045 248 701 207 252 204 330 281 5131 15768 325 362 28670 387 365 251 214 210 2825 351 2163 216 221 206 215 359 269 214 206 1610 205 623 346 204 217 414 19802 314 229 1327 206 314 1221 203 220 202 324736 201 44216 27189 203 653 247 203 87131 235 1976 3596 205 5589 274 203 228 12715 14961 1067 238 401 232 718 331 845 343 1145 200 10640 395 1047
leaf_count=137410 2816 16045 248 701 207 252 204 330 281 5131 15768 325 362 28670 387 365 251 214 210 2825 351 2163 216 221 206 215 359 269 214 206 1610 205 623 346 204 217 414 19802 314 229 1327 206 314 1221 203 220 202 324736 201 44216 27189 203 653 247 203 87131 235 1976 3596 205 5589 274 203 228 12715 14961 1067 238 401 232 718 331 845 343 1145 200 10640 395 1047
internal_value=0.000627817 0.0707184 0.390334 0.0268518 -0.00286187 -0.379669 -0.752096 -0.222987 -1.0342 -0.00222029 -0.046555 -0.0260962 -0.00098098 0.00590684 0.0308548 0.269245 1.07891 0.315547 1.41744 0.195635 0.486899 0.601815 1.05727 0.0949249 1.20536 1.60001 1.23944 2.34732 0.723211 0.608897 -0.0663469 0.0990554 0.00703544 0.276 -0.029629 0.521497 1.00687 0.0156243 0.055684 0.329748 0.156631 0.00356982 -0.123757 -0.00479628 -0.00149925 -0.00712707 1.94537 -0.00757657 0.044057 0.0374677 -0.0141222 -0.0789877 0.370479 0.125949 0.645038 -0.00293193 0.0141715 0.154087 0.13348 0.219735 0.299432 0.269551 0.233379 0.876388 0.0453862 0.0754195 0.1163 0.180481 0.505284 0.912495 0.654594 0.327735 0.119562 0.496971 0.104853 0.0899576 0.00986153 0.295688 0.533752
internal_weight=787442 37345 4506 32839 750097 1274 1022 815 485 748823 16794 16093 743692 606282 208052 12493 1040 789 424 11453 5423 5036 2652 2384 2436 1465 990 475 573 971 6030 3205 3000 1390 1044 421 620 195559 66028 2390 2076 1847 1641 129531 128310 398230 417 398010 44779 44578 353231 28495 1306 1103 450 128107 99437 12306 12071 8475 6499 6294 6020 431 63638 43836 31121 19414 3065 1519 1281 1049 16349 1188 1546 15161 11707 4258 1442
internal_count=787442 37345 4506 32839 750097 1274 1022 815 485 748823 16794 16093 743692 606282 208052 12493 1040 789 424 11453 5423 5036 2652 2384 2436 1465 990 475 573 971 6030 3205 3000 1390 1044 421 620 195559 66028 2390 2076 1847 1641 129531 128310 398230 417 398010 44779 44578 353231 28495 1306 1103 450 128107 99437 12306 12071 8475 6499 6294 6020 431 63638 43836 31121 19414 3065 1519 1281 1049 16349 1188 1546 15161 11707 4258 1442
is_linear=0
shrinkage=0.06


Tree=65
num_leaves=80
num_cat=0
split_feature=160 156 151 163 156 160 92 169 159 55 93 155 93 151 93 169 93 165 16 90 164 164 170 127 118 118 54 155 135 166 55 163 155 61 84 92 168 169 156 35 42 118 87 169 159 169 24 155 155 93 156 155 55 92 164 92 93 152 149 148 159 89 147 34 93 36 109 169 34 148 168 93 54 93 118 163 159 155 155
split_gain=54325.9 66683.7 66970.1 63221.8 196967 60362.6 137629 107955 58069.7 72248.1 218335 385446 54735 283842 50744.4 125283 45147.9 54619.6 44896.5 52981.8 73162.6 78230.1 42384.8 55550 59858.3 42277.1 73011.5 141688 152347 36499.3 42865.3 82124.8 67887.4 233765 78880.7 45137.7 178865 455133 105886 84937.5 61522.7 39971.1 41858 34919.5 129749 231277 32591 31864.7 104963 70076.2 36247.5 48439.6 189303 596404 43648.9 79372.8 62408.9 41415.1 36232.4 34445.3 70434.4 33750.6 76954.7 31840.6 31635.1 44149.7 31388.7 40517.8 31232.2 131597 31221.2 99616.9 147111 38152.1 46397.8 48702.5 138122 50602.6 87531.9
threshold=12.150000095367433 55.500000000000007 82.500000000000014 47.500000000000007 21.500000000000004 11.949999809265138 48.045743942260749 -0.8940606117248534 982.64999389648449 0.58758544921875011 44.439010620117195 26.849999427795414 132.52664947509768 176.50000000000003 97.214756011962905 0.94425827264785778 7.8981924057006845 0.99353402853012096 36.530120849609382 19.191416740417484 0.97988739609718334 -0.97233289480209339 -0.18493013828992841 -64.134063720703111 -8.9416632652282697 -24.01933670043945 22.02169227600098 21.650000572204593 12.320550441741945 5.0000000000000009 16.597817420959476 1302.5000000000002 8.3499999046325701 inf 5.5009999275207528 32.338914871215827 -0.7865660786628722 -0.48314717411994929 63.500000000000007 156.43011474609378 1.0000000180025095e-35 39.17378234863282 inf -0.77786767482757557 992.14999389648449 -0.84772008657455433 338.53999328613287 36.850000381469734 36.649999618530281 30.644845008850101 17.500000000000004 32.850000381469734 25.492788314819339 27.229226112365726 -0.49240480363368982 20.881601333618168 26.984488487243656 1.2346326708793642 13.949999809265138 0.21551977843046191 988.75000000000011 106.8651695251465 580.19998168945324 346.59370422363287 16.476364135742191 1.0000000180025095e-35 -231.21104431152341 0.9990701973438264 314.84408569335943 0.62863406538963329 0.78656607866287243 26.984488487243656 29.441474914550785 18.258405685424808 -25.598815917968746 1477.5000000000002 989.35000610351574 28.550000190734867 27.94999980926514
decision_type=10 8 8 8 10 10 8 2 10 8 10 10 10 8 10 2 10 10 10 10 10 10 2 10 10 10 10 10 10 2 10 10 8 8 8 10 2 2 10 8 10 10 8 2 10 2 10 10 10 10 8 10 10 10 10 10 8 8 10 8 10 10 8 8 10 10 10 2 10 8 2 10 8 10 8 10 10 10 10
left_child=1 2 16 4 -2 8 7 -7 14 10 22 -12 -5 -14 18 -16 -1 25 19 -4 21 -21 -10 -24 -25 -18 27 -27 -29 64 -31 32 33 34 -32 43 37 -37 -39 -38 -41 42 -42 44 68 -46 -44 48 50 -49 54 59 57 58 56 -56 -11 -53 -54 60 -52 70 -63 -23 -3 -66 -28 -68 -34 -70 73 -72 -73 -61 -75 77 -77 78 -76
right_child=3 29 5 12 -6 6 -8 -9 9 47 11 -13 13 -15 15 -17 17 -19 -20 20 -22 63 23 24 -26 26 66 28 -30 30 31 -33 35 -35 -36 36 39 38 -40 40 41 -43 46 -45 45 -47 -48 49 -50 -51 51 52 53 -55 55 -57 -58 -59 -60 61 -62 62 -64 -65 65 -67 67 -69 69 -71 71 72 -74 74 75 76 -78 -79 -80
leaf_value=0.061554749908689387 2.0836715784770705 -0.026156636060762899 0.0040715257295171892 -0.046826080530094627 -0.15445139808490804 1.4210719417517383 1.7690939705640496 0.036275468344947874 0.95774879335882668 -0.19395863272049976 -0.28120787778152867 3.3285639773329643 -2.3008460935183934 0.790770982815585 0.010430811781672163 -1.6174387047978729 -0.66829590436357711 0.9392311769188979 -0.054574406268134791 1.3547886314687176 1.4367966875569629 -0.062367472942211281 -0.011292570423857373 1.4748962614162644 0.037661937103017205 -0.61136292576011442 0.049400420611051626 0.51287956128281575 2.5664810887480725 -0.01166402145377834 0.92030937384048439 1.0550808002781189 0.018537211509778582 1.7981359989338499 -0.041910242919191008 2.934953963656874 1.2443628036179164 -0.82427575303939271 0.85633086786540435 0.71499468684906042 -0.27261469393822763 0.36496656661458088 0.65839047646342685 -0.004869963608251671 0.073989369450311093 2.4309035720918084 -0.2474515622851933 -0.082962550084821493 1.3770207632122713 -1.2117726573670231 0.014124804005543605 0.844019945960509 0.10675705246930552 3.821964285860167 -0.20370398069770845 1.251359594239678 -1.2703528915429618 -0.0029192105345025778 0.9435181981694547 0.027942904692765048 1.210379199842686 0.35777147749822208 -1.2043630663314495 0.57161908205817435 0.50155516842791337 -0.1609441027796977 0.21564745101090135 0.94061464407993001 1.6622185081922833 0.11645259472286927 0.062790031245549008 1.8612940978543044 0.12136575460264627 -0.95405718866864153 -0.11922199788332524 -0.11709722078275031 1.7053235541822591 -0.46047498853938407 0.97279496002625265
leaf_weight=26005 204 108354 4591 85142 457 224 212 2042 211 2172 207 218 209 217 520 252 207 350 43191 202 209 1116 2881 200 217 200 5252 367 201 262164 364 280 24958 339 1920 286 201 282 257 377 2640 593 347 89192 427 230 242 1832 208 221 523 216 859 203 406 201 212 4931 237 68772 267 208 248 382 375 9844 5300 292 203 7074 4800 290 439 231 4197 578 201 1429 281
leaf_count=26005 204 108354 4591 85142 457 224 212 2042 211 2172 207 218 209 217 520 252 207 350 43191 202 209 1116 2881 200 217 200 5252 367 201 262164 364 280 24958 339 1920 286 201 282 257 377 2640 593 347 89192 427 230 242 1832 208 221 523 216 859 203 406 201 212 4931 237 68772 267 208 248 382 375 9844 5300 292 203 7074 4800 290 439 231 4197 578 201 1429 281
internal_value=-0.000769567 0.00476477 0.035193 -0.0457067 0.53839 0.017247 0.310879 0.173733 0.0123471 0.0392522 0.291138 1.57386 -0.050225 -0.727845 -0.0399541 -0.522351 0.106195 0.201577 -0.0324492 0.114553 0.380113 0.249434 0.135374 0.0824854 0.728862 0.179655 0.194828 0.759798 1.24283 -0.00650324 0.00231227 0.0304515 0.0282353 0.330324 0.111774 0.0220087 0.194686 1.00484 -0.0228457 0.0425888 -0.015221 -0.0874172 -0.170584 0.0146169 0.0674572 0.901529 0.286422 0.0287257 0.0339375 -0.205007 0.0308827 0.0377948 0.196185 0.843115 -0.174529 0.279387 -0.290171 0.0327806 0.288394 0.0254116 0.419448 0.0215952 -0.492587 0.0995768 -0.0356749 -0.136586 0.154749 0.253665 0.0504301 0.159796 0.0244881 0.162114 0.81512 0.0144326 -0.119877 -0.090918 0.354713 -0.149737 -0.0504947
internal_weight=786389 700160 189211 86229 661 151037 2478 2266 148559 98096 3934 425 85568 426 50463 772 38174 12169 49691 6500 1909 1700 3509 3298 417 11819 11612 768 568 510949 392376 130212 129932 2623 2284 127309 5225 825 539 4400 4199 3822 3229 122084 32892 657 589 94162 92109 2053 91901 88910 6446 1299 2991 607 2384 5147 1096 82464 790 81674 456 1498 118573 10219 10844 5592 32235 7277 81218 5529 729 75689 6917 6686 779 5907 4478
internal_count=786389 700160 189211 86229 661 151037 2478 2266 148559 98096 3934 425 85568 426 50463 772 38174 12169 49691 6500 1909 1700 3509 3298 417 11819 11612 768 568 510949 392376 130212 129932 2623 2284 127309 5225 825 539 4400 4199 3822 3229 122084 32892 657 589 94162 92109 2053 91901 88910 6446 1299 2991 607 2384 5147 1096 82464 790 81674 456 1498 118573 10219 10844 5592 32235 7277 81218 5529 729 75689 6917 6686 779 5907 4478
is_linear=0
shrinkage=0.06


Tree=66
num_leaves=80
num_cat=0
split_feature=80 85 163 15 80 160 48 155 165 81 74 169 135 91 93 170 159 164 32 94 156 163 163 93 162 49 39 147 155 81 93 55 92 156 126 91 135 159 14 93 93 73 100 147 33 155 136 159 34 61 16 92 162 85 129 40 142 159 149 155 73 53 53 151 160 91 167 163 36 159 165 91 162 163 162 158 39 127 32
split_gain=45721.1 40272.3 34457 58136 44117.5 39247.8 39852.3 61613.3 36517.7 60429.7 36552.9 41986.1 125999 48073.5 55359.9 36415.1 49499.1 39183.4 33165.3 41877.7 32694.3 32792.8 112655 68554.5 205126 196132 176292 70213.7 52135.3 48443.7 33219.5 32587.6 42227.8 69365.3 54010.3 32450.8 31600 215334 186311 31014.1 30849.7 30713.3 37055.4 30103.4 120676 193197 41831.2 61128.1 29072.6 28017.4 37308.2 73884.3 123664 35816.7 42855.4 29343.6 30571.9 28604 27760.2 27004.6 26138.2 25786.4 41556.6 238726 33522.9 30456.1 69256.1 29217.1 42194.2 28393.9 27448.5 36372.5 26228.9 25552.4 90589.9 24436.5 23074.7 32668.3 22849
threshold=13.802500247955324 492.19999694824224 107.50000000000001 295.50210571289068 39.970998764038093 11.449999809265138 8.4984998703002947 20.94999980926514 -0.0087262028828264185 159.40000152587893 16.228350639343265 0.9996619224548341 -9.4639687538146955 29.299886703491214 13.780517101287844 -0.21862536668777463 984.54998779296886 0.44618082046508795 180.90141296386722 47.666000366210945 78.500000000000014 1597.5000000000002 1577.5000000000002 97.214756011962905 17.750000000000004 8.2909998893737811 65.826000213623061 848.45001220703136 25.250000000000004 17.105000495910648 99.869216918945327 9.5750823020935076 28.952305793762211 71.500000000000014 -77.569606781005845 37.545301437377937 27.80885219573975 986.54998779296886 52.002416610717781 43.528436660766609 132.52664947509768 88.273933410644545 -15.708987236022947 123.15000152587892 224.86880493164065 20.94999980926514 4.339017629623414 985.54998779296886 227.01614379882815 23.526000022888187 239.38156890869143 26.372406005859379 11.550000190734865 2.1414999961853032 1.5792132019996645 14.75500011444092 -0.52247866988182057 996.75000000000011 17.650000572204593 33.149999618530281 88.273933410644545 7.5743706226348886 7.9977481365203866 101.50000000000001 20.250000000000004 14.235503673553469 0.98296290636062633 552.50000000000011 58.634464263916023 978.04998779296886 0.83385404944419872 33.759933471679695 15.84999990463257 32.500000000000007 21.349999427795414 23.500000000000004 41.63549995422364 -125.13755798339842 213.80899810791018
decision_type=8 10 8 10 10 10 8 10 8 10 8 2 10 10 8 2 10 10 8 10 10 10 10 10 10 10 10 8 10 10 10 10 8 10 8 10 10 10 8 10 10 8 10 8 10 10 10 10 10 10 8 10 8 8 8 10 8 10 10 10 10 10 8 10 10 10 2 10 8 10 10 10 8 8 10 10 10 10 8
left_child=36 2 3 4 15 6 7 -6 9 10 -4 13 -13 78 58 16 31 59 -8 41 21 22 23 49 25 -25 29 -26 -29 -27 -23 76 -33 34 -34 -36 40 38 -38 -5 61 42 48 44 -19 -46 60 -48 -20 -10 53 55 -53 54 -51 56 -52 -55 -15 -17 -45 64 63 -63 65 -1 67 70 -69 -66 71 -67 -64 74 -74 -70 -2 -78 -12
right_child=1 -3 8 39 5 -7 18 -9 20 -11 11 12 -14 14 -16 17 -18 43 19 -21 -22 30 -24 24 27 26 -28 28 -30 -31 -32 32 33 -35 35 -37 37 -39 -40 -41 -42 -43 -44 46 45 -47 47 -49 -50 50 51 52 -54 57 -56 -57 -58 -59 -60 -61 -62 62 72 -65 69 66 -68 68 75 -71 -72 -73 73 -75 -76 -77 77 -79 -80
leaf_value=-0.052321751844574375 -0.030687990863824833 -0.51082191945524646 0.025461639910819751 -0.088279378620443535 0.069472274452294272 1.0026144742140681 -0.07855670588797653 1.357840991237411 0.0079705058532867877 -1.0350387403767229 -0.0063218637689776494 1.6547287793062737 -0.18171935708667047 -0.27224128076143256 -0.48159739768049081 0.0044286932323804422 0.95376086818645978 -0.018076358559582343 0.20812549074938366 1.0360210240188126 -0.06294654077882339 -0.039801362026883717 1.0454843644810849 2.2952139610440834 -1.23902271815999 0.6035598643615987 1.7935091580865812 -0.64557974764001247 0.68121322989463806 -0.54618763644471557 -0.77493231073820157 0.12978776087570904 1.1559908248952457 1.3546709274618456 0.3714738524253583 -0.34260359632730486 0.89374632797957176 1.9666972937149936 -1.3771462324129209 -0.52047911252683643 -0.42996920738781852 0.69568541653929872 0.28425490461900021 0.048479272952989975 -0.0087080410255042928 2.2277272959398244 0.019546642548697181 1.2039937497260704 -0.18337703528715085 1.208985287022168 0.96999908592355888 1.9510760419446589 -0.023385707408269035 0.036495663572614925 -0.0046273246080667345 0.080291283253248247 0.21926289778274413 0.61859920780156175 0.13523027066177359 -0.5449179531371704 0.69314837494168591 -0.023245685387927154 0.004640101494953741 1.9338954334492597 0.011163458566856289 -0.22236871705970754 -0.9060147040743346 0.89528063386611267 -0.5648456567633745 0.9623147229030371 0.32852248711383525 -1.0438751516344824 0.040821796023561306 -0.027788417223447163 1.3660030492662258 0.34132632573117289 0.79574455757758444 0.042648770127199448 -0.10724007662640163
leaf_weight=30645 5976 521 24256 5227 290 204 2057 247 87276 216 18034 200 406 1167 2141 56178 254 1091 1170 207 16302 18334 396 275 241 205 243 205 220 366 223 7745 209 267 588 374 250 216 269 674 640 375 2953 14558 289 267 346 286 1637 207 284 222 234 44348 211 4374 623 305 1241 323 229 1405 205254 266 246 1458 487 220 220 208 261 223 1498 200242 211 207 307 635 14627
leaf_count=30645 5976 521 24256 5227 290 204 2057 247 87276 216 18034 200 406 1167 2141 56178 254 1091 1170 207 16302 18334 396 275 241 205 243 205 220 366 223 7745 209 267 588 374 250 216 269 674 640 375 2953 14558 289 267 346 286 1637 207 284 222 234 44348 211 4374 623 305 1241 323 229 1405 205254 266 246 1458 487 220 220 208 261 223 1498 200242 211 207 307 635 14627
internal_value=-0.000674064 0.0157878 0.0165907 0.0452167 0.0561155 0.181701 0.16285 0.663496 0.00393301 -0.0355226 -0.0320278 -0.0689025 0.426097 -0.0769753 -0.259693 0.0433487 0.124326 0.0253449 0.130766 0.19866 0.0179691 0.0262764 0.0361951 0.0333295 0.405862 0.912824 0.443557 -0.423216 0.0412176 -0.133073 -0.0486767 0.111182 0.185264 0.483761 0.284198 0.0937921 -0.0133741 0.379449 -0.283652 -0.137724 -0.0140256 0.170243 0.13592 0.105017 0.348766 1.06733 0.07896 0.556602 -0.0201769 0.0285919 0.0640135 0.208111 0.940031 0.0456675 0.597823 0.144745 0.455143 0.0404855 -0.0622756 0.00127865 0.0585092 -0.0134238 -0.00923892 0.289274 -0.0634912 -0.0703919 -0.250343 -0.126706 0.222256 0.44809 -0.243022 -0.331905 -0.0104646 -0.0258163 0.205137 -0.125783 0.012833 0.288668 -0.0515193
internal_weight=787292 342866 342345 104963 99062 9140 8936 537 237382 62288 62072 37816 606 37210 4549 89922 16355 73567 8399 6342 175094 158792 140235 139839 1755 1089 814 666 425 571 18557 16101 9183 1438 1171 962 444426 735 519 5901 443691 6135 5760 17066 1647 556 15419 632 2807 138084 50808 5737 456 45071 418 5281 907 44653 2408 56501 14787 443051 408876 1671 34175 33721 3076 2589 647 454 1942 1681 407205 201951 1709 427 6918 942 32661
internal_count=787292 342866 342345 104963 99062 9140 8936 537 237382 62288 62072 37816 606 37210 4549 89922 16355 73567 8399 6342 175094 158792 140235 139839 1755 1089 814 666 425 571 18557 16101 9183 1438 1171 962 444426 735 519 5901 443691 6135 5760 17066 1647 556 15419 632 2807 138084 50808 5737 456 45071 418 5281 907 44653 2408 56501 14787 443051 408876 1671 34175 33721 3076 2589 647 454 1942 1681 407205 201951 1709 427 6918 942 32661
is_linear=0
shrinkage=0.06


Tree=67
num_leaves=80
num_cat=0
split_feature=80 79 89 167 90 65 63 153 135 94 93 152 159 162 49 55 85 137 163 162 23 15 118 63 49 147 84 94 55 52 155 159 135 167 54 92 50 161 49 34 53 162 147 163 93 35 92 136 92 167 145 90 133 54 92 163 167 169 163 163 137 155 16 167 83 81 166 16 93 164 92 16 163 161 163 136 76 55 35
split_gain=39557 87390.8 33440 40664.7 47762.4 35779.3 34589.6 29759.3 85359.4 29705.3 41932.1 197882 32821 33835.1 47975.9 33543.7 28178.2 36105 25995.4 43887.8 40753.1 35751.1 35278.7 31071.4 30857 72134.2 35261.8 26727.2 41268.6 25680.4 25678.2 69784.5 104038 76575.2 121894 48364 38868.5 37464.6 65667.5 103787 172001 39829.8 109364 33172.7 46003.2 35321.9 58277.8 31326.6 34817 31108.4 61160.1 43739.4 31876.1 43760.3 102820 29290.9 30580.1 25900.7 68403.9 25819.9 25639.9 25095.5 52350.1 159859 320562 59774.9 30515.8 26636 26738.9 24538.6 58951.2 33020.7 42566.6 71055.3 28293.1 28927.4 27164.9 24192 47489.6
threshold=23.326499938964847 1.0000000180025095e-35 38.003499984741218 0.98296290636062633 21.270187377929691 2.3514999151229863 117.11249923706056 14.949999809265138 41.602790832519538 7.7525000572204599 44.439010620117195 0.93550688028335582 983.95001220703136 21.349999427795414 24.151499748229984 23.979919433593754 492.19999694824224 4.0729322433471689 112.50000000000001 27.550000190734867 1149.9000244140627 303.47865295410162 -36.458099365234368 216.13749694824222 8.5075001716613787 464.25000000000006 24.301499366760257 28.72500038146973 27.703031539916996 34.33705139160157 20.150000572204593 989.25000000000011 8.2907915115356463 0.98296290636062633 51.047430038452156 56.297203063964851 1.0000000180025095e-35 334.50000000000006 13.353500366210939 192.56402587890628 47.665758132934577 1.7500000000000002 61.800001144409187 82.500000000000014 3.5436923503875737 170.47162628173831 48.045743942260749 1.9224634766578677 39.316127777099616 -0.98296290636062611 44.649999618530281 56.361303329467781 18.685416221618656 63.956180572509773 27.812516212463382 77.500000000000014 0.98296290636062633 0.99865421652793895 136.87500000000003 22.500000000000004 2.4289389848709111 8.9499998092651385 226.41547393798831 0.98296290636062633 4.9014999866485605 7.2034997940063485 6.5000000000000009 334.29913330078131 26.984488487243656 0.28400452435016638 30.377414703369144 180.44238281250003 1082.5000000000002 105.50000000000001 742.50000000000011 22.555924415588382 1.0000000180025095e-35 22.23155498504639 301.30578613281256
decision_type=10 8 10 2 8 10 8 8 10 10 10 10 8 10 8 10 10 10 8 10 8 10 8 10 8 10 10 10 10 10 10 8 10 2 10 10 8 10 10 10 10 10 10 10 8 8 10 10 10 2 8 10 10 10 10 10 2 2 10 10 10 8 10 2 10 10 2 10 10 10 10 10 10 10 10 10 2 10 8
left_child=2 -2 9 7 -5 -6 -7 29 -9 30 -11 12 -12 14 -14 -16 17 18 19 21 22 24 -20 60 25 26 -3 -26 -29 -4 35 43 33 36 -35 57 -33 41 39 -39 -41 42 -38 44 -32 46 -45 48 -43 50 -46 52 53 55 59 -51 -57 61 -59 -55 -24 62 77 -64 -65 -66 67 -63 -69 74 71 -71 -73 -74 75 76 -47 -1 -79
right_child=1 16 3 4 5 6 -8 8 -10 10 11 -13 13 -15 15 -17 -18 -19 20 -21 -22 -23 23 -25 27 -27 -28 28 -30 -31 31 32 -34 34 -36 -37 37 38 -40 40 -42 47 -44 45 49 69 -48 -49 -50 51 -52 -53 -54 54 -56 56 -58 58 -60 -61 -62 66 63 64 65 -67 -68 68 -70 70 -72 72 73 -75 -76 -77 -78 78 -80
leaf_value=-0.037204078070258932 1.1808630322208278 0.35576666289083431 -1.0286841601689358 -1.2190557104672117 0.32066360182274101 -0.22930720721817557 -0.9440390812353181 -0.05680760343415419 1.1600882588692432 0.032789471635331746 -0.25829146682425708 1.850939347871956 1.1401545188365683 -0.43516044735041731 -0.12495059375406709 0.7081719694753269 -0.62265638314219096 -0.62466767276135771 -0.46077311529296699 0.9621471153627803 -0.22791724249066098 -0.21095151880270216 0.021884811100306146 0.74055970433027773 0.063636187805547945 1.4022793729647118 -0.40693186969174822 0.11159382751146713 0.94383955605257797 -0.15787864336887231 -0.010725222803226278 0.79870105690041426 1.4044874353014245 -0.023733203546337362 1.9157168743099893 -0.76389611222977361 1.4008830618286143 0.080987692392118574 0.062591817723082852 2.6149383459224 0.17395899239821092 0.022753835447460569 -0.21389418832001098 0.0030129400627160571 0.95881608954226627 0.56423120746859179 0.91987357804298397 0.57713213825687049 0.78703743235104606 0.11794431212893676 -0.081741440397298123 0.98570866359983156 0.027835760738412856 0.80389968856525273 1.7295827682503457 0.20501203721418429 1.0681860657850635 0.058060862942539287 0.95810420928786633 0.092894863334427882 0.52276291212036796 -0.048906101558625778 -0.081749514609816665 2.4584888704565819 1.0382545007387203 -0.18731730123357998 -0.010485596718313001 -0.19790672619971814 -0.92185994824205619 -0.077451233769119471 -0.47105432775305406 0.013844380675093694 0.034656020260364233 1.5217379132148081 -0.059661363017171537 0.62527181107342789 0.0095610269020797028 0.42763315779814792 -0.16383537594790518
leaf_weight=9614 238 977 200 202 326 1236 303 9807 211 37577 640 261 247 201 479 272 235 298 537 200 2411 1525 65577 218 30367 203 280 660 317 311 35390 257 212 264 208 313 277 460 1698 206 209 32623 330 146333 211 320 249 377 215 11244 4982 209 8873 242 208 381 241 3605 331 757 369 87637 1550 319 200 498 172659 1640 206 36105 1330 1374 269 202 30862 281 32541 1218 815
leaf_count=9614 238 977 200 202 326 1236 303 9807 211 37577 640 261 247 201 479 272 235 298 537 200 2411 1525 65577 218 30367 203 280 660 317 311 35390 257 212 264 208 313 277 460 1698 206 209 32623 330 146333 211 320 249 377 215 11244 4982 209 8873 242 208 381 241 3605 331 757 369 87637 1550 319 200 498 172659 1640 206 36105 1330 1374 269 202 30862 281 32541 1218 815
internal_value=0.000459392 0.0348537 -0.00480001 -0.101652 -0.3449 -0.249616 -0.370546 -0.0538703 -0.031064 -0.00297965 0.0473752 0.30823 0.0883944 0.273509 0.41653 0.177333 0.0322242 0.0337108 0.0356099 0.0781218 0.0143697 0.0729436 0.0231308 0.0270652 0.0861474 0.355686 0.185685 0.0735814 0.382315 -0.500046 -0.0061483 0.00469413 0.0822225 0.074634 0.833183 -0.0196698 0.064843 0.0596391 0.280304 0.702236 1.389 0.0428443 0.52409 -0.00456574 0.03444 -0.0143597 0.00457668 0.0340341 0.0277816 0.0928849 -0.0392854 0.123865 0.115613 0.175183 0.519242 0.140145 0.540635 -0.018836 0.133975 0.265762 0.0246954 -0.0210128 0.0566316 0.301846 0.885987 0.164832 -0.0252231 -0.053659 -0.27915 -0.0412342 -0.0785653 -0.064798 0.182723 0.674301 -0.0183228 0.0201726 0.0149794 0.00256507 0.190558
internal_weight=787230 104412 682818 12596 2067 1865 1539 10529 10018 670222 39677 2100 1839 1199 998 751 104174 103939 103641 34529 69112 34329 66701 66164 32804 1460 1257 31344 977 511 630545 349940 37336 37124 472 280605 36652 36395 2573 875 415 33822 607 312604 62738 249866 146582 33215 32838 27348 5193 22155 21946 13073 1207 11866 622 280292 3936 999 65946 276356 14214 2567 1017 698 262142 89483 1846 103284 39280 37950 1845 471 64004 33142 32861 11647 2033
internal_count=787230 104412 682818 12596 2067 1865 1539 10529 10018 670222 39677 2100 1839 1199 998 751 104174 103939 103641 34529 69112 34329 66701 66164 32804 1460 1257 31344 977 511 630545 349940 37336 37124 472 280605 36652 36395 2573 875 415 33822 607 312604 62738 249866 146582 33215 32838 27348 5193 22155 21946 13073 1207 11866 622 280292 3936 999 65946 276356 14214 2567 1017 698 262142 89483 1846 103284 39280 37950 1845 471 64004 33142 32861 11647 2033
is_linear=0
shrinkage=0.06


Tree=68
num_leaves=64
num_cat=0
split_feature=166 127 159 169 100 90 127 73 149 163 159 72 145 166 33 117 145 108 90 161 163 154 169 54 169 169 169 90 156 72 168 54 169 156 165 163 169 71 165 158 164 36 156 169 152 145 147 54 90 127 169 165 156 100 88 148 164 169 170 147 163 117 53
split_gain=4.68218e+06 5.69656e+06 3.26533e+06 3.37733e+06 2.61331e+06 1.46523e+06 501650 556747 425030 238160 228637 169955 122252 121587 119929 118688 108849 104234 99691.8 88388.2 64189.2 172720 54268.3 48715.7 45834.5 126818 399125 331391 46339 38686.3 38169.7 37711.1 37587.3 37872.9 39454.9 36435.5 32513.4 31577.7 31127.5 30488.3 34496.2 30395.9 30160.8 29887.1 37513.7 29677.1 28690 31105.7 28183.9 27259.2 26888.4 26705.8 25033.2 22105.7 25904.3 21757.4 21627.2 19788.9 18791 17574.1 18237.4 17440 17387.3
threshold=2.0000000000000004 -50.533365249633782 983.25000000000011 -0.074117381125688539 23.328629493713382 20.149378776550297 -30.075842857360836 49.46197700500489 39.049999237060554 32.500000000000007 986.64999389648449 45.551359176635749 154.35000610351565 16.000000000000004 147.70643615722659 10.282177448272707 111.40000152587892 198.30625152587893 14.288798809051515 98.500000000000014 92.500000000000014 0.66708111763000499 0.95502296090126049 38.192974090576179 -0.72696319222450245 -0.80418667197227467 -0.79384350776672352 12.182979106903078 28.500000000000004 53.133750915527351 1.0000000180025095e-35 54.688102722167976 -0.29343378543853754 50.500000000000007 -0.38266885280609125 112.50000000000001 0.96687895059585582 62.129686355590827 -0.3172925859689712 1.5000000000000002 0.93663650751113903 74.391048431396499 39.500000000000007 0.75014290213584911 1.0273145437240603 124.55000305175783 112.34999847412111 58.954921722412116 27.381264686584476 -39.40577316284179 -0.34235668182373041 0.9536806344985963 34.500000000000007 -20.905044555664059 16.341500282287601 2.2253532409667973 0.82409480214118969 -0.86114627122879017 0.83258596062660228 139.00000000000003 187.50000000000003 28.52608680725098 51.032545089721687
decision_type=2 8 10 2 10 10 10 10 8 8 10 10 10 2 10 10 10 10 10 10 8 10 2 10 2 2 2 10 8 10 2 10 2 10 10 10 2 10 10 8 10 10 10 2 10 10 10 10 10 8 2 10 10 8 10 10 10 2 2 10 10 10 10
left_child=1 10 15 19 5 6 7 11 17 12 36 16 51 30 -15 -3 -5 23 -17 29 21 -16 -7 -2 25 49 27 -27 61 -4 35 -14 33 -23 -35 55 -1 -36 -8 40 57 -41 45 44 -30 -34 -21 -48 58 -22 -46 52 -10 54 -25 -11 -33 -32 -19 -55 -61 -26 -60
right_child=8 2 3 4 -6 22 38 -9 9 13 -12 -13 31 14 20 18 -18 48 -20 46 24 32 -24 53 28 26 -28 -29 43 -31 39 56 42 34 37 -37 -38 -39 -40 41 -42 -43 -44 -45 50 -47 47 -49 -50 -51 -52 -53 -54 59 -56 -57 -58 -59 62 60 -62 -63 -64
leaf_value=2.6594389205381095 -0.034448353716317118 -0.014208975830906717 0.2827022253721363 0.5141673238372918 2.8362617918986013 2.9292545155116487 0.46679768067104682 2.5781706297565852 0.46449942630879731 0.00405141897801872 1.2343395731449127 0.082656296801373916 0.25374247296371433 -0.0087257493416792072 1.1242332583227961 -0.092567474753508031 1.861831614237565 -0.06835373377217667 1.0919125418721534 -0.17364640731948172 0.43992881304027731 -0.036313163822309834 2.084822992102096 -0.081013010954993997 0.19573312179616914 0.38829655745450187 0.16871698474764493 2.8111552894792688 0.061882827430739716 1.0380321645264576 -0.11055774605186328 0.50035747234165928 0.60252810015927905 0.051359705166922877 0.35730303149954701 -0.12065144548528625 3.2683738316716373 0.87185907279345676 0.0077384292531547001 -0.030305718876823533 0.57943999864364215 -0.10451592514848294 0.019460741195534103 -0.039018092934564867 -0.29072761400537683 0.012991873470534172 -0.0057970742776231408 0.3655246098268084 -0.30667833384793031 0.065168588468603336 -0.0050430695396558225 0.57053625531630081 0.068298450293996671 -0.097645229307826778 -0.15363674588936591 0.38825685430290108 0.90156000257372015 0.093981859081952931 -0.10374178332645388 0.057008782208510078 -0.051377843086754207 0.6044307548659188 -0.22803005963653525
leaf_weight=912 35381 8085 157 102 1043 251 162 185 152 51085 104 242 582 24122 170 105 116 1779 162 650 178 323 113 13457 925 101 1102 102 15958 100 601 871 171 352 885 2162 110 122 721 14235 109 7630 1826 4313 457 139 953 257 1255 7309 841 109 2331 5235 6586 132 142 1453 1575 1803 6196 104 2852
leaf_count=912 35381 8085 157 102 1043 251 162 185 152 51085 104 242 582 24122 170 105 116 1779 162 650 178 323 113 13457 925 101 1102 102 15958 100 601 871 171 352 885 2162 110 122 721 14235 109 7630 1826 4313 457 139 953 257 1255 7309 841 109 2331 5235 6586 132 142 1453 1575 1803 6196 104 2852
internal_value=0.0214795 0.542837 0.370571 0.972538 1.63113 0.965629 0.557288 1.1926 -0.013398 0.0174254 2.59136 0.630974 0.240274 0.0106084 0.0428546 0.00637805 1.2365 -0.0705317 0.627498 0.0591309 0.0780232 0.191383 2.67354 -0.0589572 0.0636156 0.121731 0.394525 1.61351 0.0410009 0.579489 -0.0141784 0.446846 0.149563 0.255599 0.324955 -4.42137e-05 2.72811 0.420446 0.0923927 -0.0455766 0.0618449 -0.0562057 0.0659843 0.0316117 0.0492663 0.339079 -0.0130408 0.0733071 -0.17702 0.0741359 -0.105773 0.113035 0.0927296 -0.0850139 -0.104883 0.00504918 0.557431 0.0341089 -0.150755 -0.0549161 -0.0269431 0.237587 -0.183845
internal_weight=231743 14530 13404 5052 2935 1892 1528 645 217213 141094 1126 460 4187 136907 59500 8352 218 76119 267 2117 35378 3988 364 68658 31390 8792 1305 203 22598 257 77407 1595 3818 1682 1359 53379 1022 1007 883 24028 2163 21865 2136 21569 17256 310 1860 1210 7461 7487 1298 2592 2483 33277 20043 51217 1013 2054 6206 13234 7999 1029 4427
internal_count=231743 14530 13404 5052 2935 1892 1528 645 217213 141094 1126 460 4187 136907 59500 8352 218 76119 267 2117 35378 3988 364 68658 31390 8792 1305 203 22598 257 77407 1595 3818 1682 1359 53379 1022 1007 883 24028 2163 21865 2136 21569 17256 310 1860 1210 7461 7487 1298 2592 2483 33277 20043 51217 1013 2054 6206 13234 7999 1029 4427
is_linear=0
shrinkage=0.03


Tree=69
num_leaves=64
num_cat=0
split_feature=166 97 169 72 92 118 92 169 127 149 106 163 126 145 92 109 166 171 151 72 164 90 90 164 74 109 92 168 109 136 72 16 74 152 109 163 16 159 159 158 158 158 36 149 52 159 152 158 164 149 168 159 166 92 72 34 15 154 151 92 92 148 169
split_gain=4.43653e+06 5.5828e+06 3.54705e+06 2.27535e+06 1.81254e+06 1.0075e+06 659290 489339 458313 399170 267788 217303 174484 143728 130990 120977 115315 112098 133827 236489 218680 96789.1 96275.6 90709.1 88194.7 65599.7 58319.4 38216.6 37833.8 35859.2 35294.4 178931 183708 31382.8 30956.5 30802.9 30627.3 30421.5 30336.2 30091.5 28311.7 30078.9 28197.1 26898 26451.3 25949.1 25820.2 25127.3 25584.7 24642.5 24272.6 27147.8 22930.4 26014.1 22428.2 22297.5 21813.3 21394.3 20603.9 20951.9 20313.8 20164.4 19528.6
threshold=2.0000000000000004 75.906250000000014 -0.074117381125688539 46.232433319091804 19.442107200622562 1.8934821486473086 17.433259963989261 0.99053108692169201 -38.297039031982415 39.399999618530281 315.97291564941412 32.500000000000007 -35.873094558715813 98.599998474121108 15.421875953674318 222.5118103027344 16.000000000000004 9.5000000000000018 40.500000000000007 58.039299011230476 0.2503704726696015 9.7357645034790057 15.457651138305666 0.86159634590148937 45.880016326904304 226.57260894775393 16.737066268920902 1.0000000180025095e-35 -518.57003784179676 -30.68100547790527 47.936315536499031 218.06247711181643 60.081882476806648 1.1085888743400576 -837.23541259765614 112.50000000000001 141.76950836181643 988.64999389648449 981.95001220703136 1.5000000000000002 1.5000000000000002 1.0000000180025095e-35 74.391048431396499 109.09999847412111 57.842559814453132 986.64999389648449 0.54523113369941723 9.5000000000000018 -0.77159520983695973 56.850000381469734 -0.48296290636062617 982.45001220703136 20.000000000000004 17.7138786315918 30.702360153198246 182.29847717285159 204.9092712402344 1.435366749763489 140.50000000000003 12.656274795532228 19.214437484741214 2.2253532409667973 -0.86114627122879017
decision_type=2 10 2 10 8 10 10 2 10 8 10 8 8 10 10 10 2 2 8 10 10 10 10 10 10 10 8 2 8 10 8 10 8 10 10 10 8 10 10 10 8 10 10 10 8 10 10 10 10 10 2 10 2 8 8 10 10 10 10 10 10 10 2
left_child=1 5 23 7 8 -1 13 21 -5 14 -10 15 44 -7 50 52 27 28 19 47 57 -4 49 43 -15 34 30 35 39 -17 -20 37 -33 -28 -16 61 -30 58 -24 45 41 62 -42 -3 -8 -18 56 48 -19 -12 51 -2 -11 55 -41 -54 -31 -21 59 -32 -23 -13 -29
right_child=9 2 3 4 -6 6 12 -9 10 11 22 16 -14 24 25 29 17 18 26 20 -22 60 38 -25 -26 -27 33 40 36 46 31 32 -34 -35 -36 -37 -38 -39 -40 54 42 -43 -44 -45 -46 -47 -48 -49 -50 -51 -52 -53 53 -55 -56 -57 -58 -59 -60 -61 -62 -63 -64
leaf_value=-0.016214354537187985 -0.031994718864022317 -0.086478537078500131 1.6858469611303051 2.3920666182381765 2.7156817877154977 0.057139307522108621 2.0584454530477525 0.70753676616228534 1.8024933281502522 0.027093411863931625 -0.0032091174190049957 0.0038153176140490364 0.98031122434552342 1.6276039430292306 -0.18005354074034105 0.16354011949229363 0.24049626108434977 0.1136087908828443 0.07125186237635639 0.21824310731206989 2.1415256368567088 2.7658718832220925 1.1439458347639992 0.81218437208434724 0.42635292843768469 -0.2278061388506962 0.0092236229616712104 -0.12138135643366015 -0.019482383760088897 0.87848639101102088 -0.0074647380648106693 1.5845331822934596 0.14582090769717299 -0.22050863387481856 -0.08470437646219553 -0.11154036303050162 0.044976601721100462 0.35316928919814783 0.42597280204296112 0.40119431938456951 -0.030625799151807617 0.41263746471777746 -0.10228913407062035 0.2846561466392718 2.7603578708596421 0.026776009393140912 0.08423858409857049 0.011894601780420882 0.35183254735871683 0.39650595302677011 -0.020412353326593274 -0.094346317524749715 0.13344698381352341 -0.0071643656713248627 -0.018949328911633194 0.40767939957711491 0.51781587274060858 0.79004042462604807 0.37221690843993649 0.15551114187232817 2.5135674545953655 0.36826429972357122 0.087267534944439798
leaf_weight=8385 13189 1104 100 104 432 380 103 129 101 1330 777 50981 100 108 3726 287 1507 742 10588 115 108 1128 102 126 113 4504 4636 582 23458 190 1657 157 162 604 17275 2133 9249 426 113 121 14092 196 7610 208 145 774 101 563 898 168 26054 12007 515 401 1823 556 783 122 206 1241 618 136 1312
leaf_count=8385 13189 1104 100 104 432 380 103 129 101 1330 777 50981 100 108 3726 287 1507 742 10588 115 108 1128 102 126 113 4504 4636 582 23458 190 1657 157 162 604 17275 2133 9249 426 113 121 14092 196 7610 208 145 774 101 563 898 168 26054 12007 515 401 1823 556 783 122 206 1241 618 136 1312
internal_value=0.0206222 0.527853 1.31447 1.79768 1.02437 0.088689 1.01462 2.50041 0.487497 -0.0133579 0.328649 0.0167224 2.05187 0.4116 -0.0683653 0.230204 0.0101956 0.0416973 0.0949306 0.299464 1.02866 2.62525 0.19888 0.0466169 1.01808 -0.123919 0.0684314 -0.0139933 0.00966069 0.462152 0.0995451 0.177337 0.856641 -0.017294 -0.101629 0.000130281 -0.00125363 0.115724 0.770312 0.094132 -0.0456027 0.059831 -0.0557587 -0.0274681 2.47828 0.168019 0.541722 0.184854 0.244186 0.0681954 -0.0407166 -0.0617106 0.117416 0.198952 0.00739441 0.27606 0.589074 0.514669 0.0830329 0.0623554 2.67806 0.00479214 0.0231224
internal_weight=231661 14544 5210 3772 1797 9334 949 1975 1365 217117 1261 140362 348 601 76755 4163 136199 59157 22225 2548 345 1846 1160 1438 221 25505 19677 77042 36932 1361 14437 3849 319 5240 21001 53250 32707 3530 215 4225 23792 2090 21702 1312 248 2281 1074 2203 1640 945 51250 25196 2802 1472 1944 1071 973 237 3104 2898 1746 51117 1894
internal_count=231661 14544 5210 3772 1797 9334 949 1975 1365 217117 1261 140362 348 601 76755 4163 136199 59157 22225 2548 345 1846 1160 1438 221 25505 19677 77042 36932 1361 14437 3849 319 5240 21001 53250 32707 3530 215 4225 23792 2090 21702 1312 248 2281 1074 2203 1640 945 51250 25196 2802 1472 1944 1071 973 237 3104 2898 1746 51117 1894
is_linear=0
shrinkage=0.03


Tree=70
num_leaves=64
num_cat=0
split_feature=166 93 108 127 118 163 135 153 153 92 169 166 156 155 148 33 164 135 164 166 169 54 170 127 153 92 156 169 166 118 90 148 163 156 166 147 153 166 91 11 73 169 169 151 92 163 135 159 156 168 92 170 92 35 72 92 164 156 171 171 73 93 74
split_gain=4.14521e+06 1.26909e+07 965634 643754 310743 294654 228856 229487 217475 115439 113942 112077 97901.3 162582 88657.2 81150.1 80777.3 477139 68201.4 53908.6 48236.8 49864.2 56526.9 47747.8 49318.3 43402.3 48522.7 42637.1 42602.4 40573.4 44897.4 40191.7 36385.3 36325.3 36113.5 31762.3 30462.2 30186.5 29196.4 28040 57852.1 90929.9 27216.3 26684.4 35141 25517.2 24074 23347.9 32852.3 23000.5 22831 25252.4 21716 22657.4 21466.5 20629.5 20263.8 20065.8 19836.6 19790.2 40678.9 19485.8 18814.2
threshold=2.0000000000000004 16.399159431457523 375.72270202636724 -51.46587944030761 27.537136077880863 132.50000000000003 -0.78922915458679188 93.15000152587892 49.350000381469734 15.421875953674318 -0.29343378543853754 8.0000000000000018 50.500000000000007 24.349999427795414 1.4292444586753847 138.97916412353518 0.84335932135581981 -27.568636894226071 0.98897820711135875 16.000000000000004 0.55923160910606395 14.296258926391603 -0.42958799004554743 -20.936091423034664 59.050001144409187 17.8766622543335 52.500000000000007 -0.56368473172187794 12.000000000000002 6.4420812129974374 13.982354164123537 0.49699357151985174 17.500000000000004 24.500000000000004 4.0000000000000009 498.25000000000006 20.550000190734867 20.000000000000004 13.504770278930666 285.87500000000006 39.421312332153327 -0.80418667197227467 0.98667103052139293 78.500000000000014 27.245711326599125 27.500000000000004 -3.7442613840103145 984.54998779296886 34.500000000000007 1.0000000180025095e-35 18.725373268127445 -0.031174269504845139 10.807455539703371 346.39498901367193 42.827121734619148 17.433259963989261 -0.64942333102226246 74.500000000000014 3.5000000000000004 9.5000000000000018 52.340667724609382 10.045165061950685 86.383998870849624
decision_type=2 10 8 8 10 10 10 10 10 10 2 2 8 10 10 10 10 8 10 2 2 10 2 10 10 10 8 2 2 10 10 8 10 10 2 10 10 2 10 10 10 2 2 10 10 8 10 10 10 2 10 2 10 8 8 10 10 8 2 2 10 10 8
left_child=1 3 42 -1 6 8 7 12 11 19 14 20 13 35 49 38 25 -18 23 -7 29 22 -22 24 46 26 36 39 -11 30 -2 -32 -12 -30 -23 -5 -17 -16 -13 61 -41 -42 -3 56 58 -33 55 48 -38 -10 51 54 -29 -54 -36 -14 -35 -47 -45 -21 -61 62 -28
right_child=5 2 -4 4 -6 9 -8 -9 10 28 32 15 18 -15 37 16 17 -19 -20 59 21 34 -24 -25 -26 -27 27 52 33 -31 31 45 -34 43 50 -37 47 -39 -40 40 41 -43 -44 44 -46 57 -48 -49 -50 -51 -52 -53 53 -55 -56 -57 -58 -59 -60 60 -62 -63 -64
leaf_value=2.0095459043827786 -0.038085508351983335 2.589513969846803 -0.13674444932313193 0.59842762303884534 1.724435220147716 -0.05447193058077951 1.4295719194384979 1.3269223305273055 -0.027719410122978599 -0.1591538134629728 0.3988000589388388 0.00068217258111914899 0.0034464765701702495 1.3104444985156474 0.37322237593431534 -0.1903731976875237 2.2168026597418313 0.098703817879334771 0.77460780869424339 -0.0026085079864494667 0.73558739117398764 -0.071808792712983668 0.11853061278414311 0.64598511896311084 0.49240234606526795 -0.031698701418068152 0.091364176634777361 0.064916564923569411 -2.9313045445075561e-05 0.11291640032789838 0.4518597756393698 0.32794655769516567 0.014040728765271428 0.054690639017701562 0.24029603730933163 0.0063234619226222701 0.73507401530105287 0.65438431772513261 -0.080929615280017075 0.12877549682458417 -0.0012195244896144647 1.1574657017413441 2.0407262961069743 -0.062552784274094303 -0.29425859135261606 -0.30662664014438012 0.42514140193742744 0.15603419867437823 0.24915730629755714 0.22959002313626189 -0.047792301419712642 0.10588893614269233 0.025617154861973992 -0.05049947083736403 -0.060637153261746735 -0.12096311781652916 -0.10623800631281255 -0.12127467710097609 -0.15661926106294652 0.016320734117690416 0.29677875613248622 -0.022440612351101546 -0.028756267547656339
leaf_weight=156 21212 2315 125 104 101 35749 108 124 406 10093 242 31404 8959 137 850 132 105 988 104 14462 160 4387 789 103 179 6089 13477 7752 3845 1255 108 108 2467 1416 242 365 201 584 4511 1929 114 130 107 4027 1049 565 113 566 334 1356 2235 4187 12795 4854 1747 1384 1399 7479 4047 1759 632 1847 1285
leaf_count=156 21212 2315 125 104 101 35749 108 124 406 10093 242 31404 8959 137 850 132 105 988 104 14462 160 4387 789 103 179 6089 13477 7752 3845 1255 108 108 2467 1416 242 365 201 584 4511 1929 114 130 107 4027 1049 565 113 566 334 1356 2235 4187 12795 4854 1747 1384 1399 7479 4047 1759 632 1847 1285
internal_value=0.0200708 0.511461 2.43347 0.101192 0.0757539 -0.0126742 0.061351 0.0484591 0.0135809 -0.0591405 0.191713 0.00566988 0.0344966 0.405256 0.313012 0.0251918 0.0489279 0.304021 0.013738 -0.03362 -0.0331827 0.013527 0.22323 0.00629737 4.18441e-05 0.0435087 0.0535924 0.0484089 -0.111017 -0.05408 -0.0611948 -0.120529 0.0485465 -0.0802254 -0.00203918 0.138616 0.239145 0.488102 -0.00957041 0.0826801 0.184004 0.618317 2.56612 -0.106053 -0.130965 -0.128166 -0.00843333 0.290766 0.432747 0.170319 0.0343554 0.0640863 0.0230659 0.00468114 -0.0239205 -0.0132109 -0.0252971 -0.13433 -0.109716 0.0106122 0.0905458 0.0694133 0.0809067
internal_weight=231854 14484 2547 11937 11781 217370 11680 11572 138892 78478 5905 132987 11448 606 3196 88513 52598 1093 10842 52602 44474 13747 949 10738 10635 51505 45416 44183 25876 30727 29472 8260 2709 15783 12798 469 1233 1434 35915 18782 2173 244 2422 11938 9123 8152 10456 1101 535 1762 8411 6176 25401 17649 1989 10343 2815 8044 8074 16853 2391 16609 14762
internal_count=231854 14484 2547 11937 11781 217370 11680 11572 138892 78478 5905 132987 11448 606 3196 88513 52598 1093 10842 52602 44474 13747 949 10738 10635 51505 45416 44183 25876 30727 29472 8260 2709 15783 12798 469 1233 1434 35915 18782 2173 244 2422 11938 9123 8152 10456 1101 535 1762 8411 6176 25401 17649 1989 10343 2815 8044 8074 16853 2391 16609 14762
is_linear=0
shrinkage=0.03


Tree=71
num_leaves=64
num_cat=0
split_feature=166 93 99 127 149 145 145 163 135 73 109 92 166 33 109 92 124 150 164 155 117 136 163 162 149 91 100 54 53 53 92 92 93 72 166 149 162 151 127 91 151 136 166 168 159 92 34 72 170 90 54 35 53 165 167 54 54 91 35 92 170 164 165
split_gain=3.81343e+06 1.17919e+07 953565 587934 353613 226891 212331 188896 157587 149043 250565 112765 107810 104624 103495 76381.5 87313.3 91734.6 175539 60166 162681 58506 58193.3 62296.5 49126.3 44432.7 40697.1 36446.2 255441 59647.7 53527.6 36396.6 32745 31021.5 30104.2 25373.5 24935.7 23956.3 23935.2 23301.2 23196.9 22447.6 21146.2 20990.6 24920 20799.5 20372.9 19165.9 28949.4 27137.4 23424.1 19743.8 30901 18881.2 22824.7 30375.2 19702.5 20317.6 18846.2 18709.5 18685.3 18664.7 25027
threshold=2.0000000000000004 16.399159431457523 227.21321868896487 -51.46587944030761 39.049999237060554 76.950000762939467 78.099998474121108 32.500000000000007 -2.085695624351501 38.724302291870124 2.7207576036453252 15.421875953674318 16.000000000000004 147.70643615722659 214.27542877197268 15.99543619155884 84.020832061767592 1.0574516057968142 0.77159520983695995 24.349999427795414 9.7593746185302752 -21.563600540161129 37.500000000000007 7.0499999523162851 131.59999847412112 9.3458943367004412 -66.010185241699205 58.954921722412116 54.148437500000007 59.823543548583991 14.628922939300539 17.8766622543335 25.238407135009769 58.444675445556648 6.0000000000000009 95.399997711181655 4.4500000476837167 71.500000000000014 -24.172128677368161 25.899402618408207 78.500000000000014 -30.68100547790527 20.000000000000004 -0.48296290636062617 982.45001220703136 17.7138786315918 191.71720123291018 29.678238868713382 -0.11692317575216292 28.142765045166019 18.279116630554203 357.66128540039068 99.169261932373061 0.23343648016452792 0.48296290636062628 62.182317733764656 55.061519622802741 17.702076911926273 197.31130218505862 12.953318119049074 0.80290535092353832 -0.66259482502937306 -0.14780378341674802
decision_type=2 10 8 8 8 10 10 8 8 10 10 10 2 10 10 8 10 10 10 10 10 10 10 10 10 10 10 10 8 8 10 10 10 10 2 10 10 10 10 10 10 10 2 2 10 8 10 8 2 10 8 10 10 10 2 10 10 10 10 10 2 10 10
left_child=1 3 -3 -1 11 38 -7 14 9 10 -8 43 31 -14 42 16 27 18 -18 22 -21 39 23 36 40 -19 -23 58 -29 30 -30 34 -27 37 -9 -33 -11 41 -5 -13 -17 -16 -6 44 -2 46 -44 -36 49 50 -49 52 53 54 -50 56 -56 -58 -15 -31 -53 62 -28
right_child=4 2 -4 5 7 6 8 12 -10 19 -12 21 13 15 33 24 17 25 -20 20 -22 26 -24 -25 -26 32 61 28 29 59 -32 35 -34 -35 47 -37 -38 -39 -40 -41 -42 -43 45 -45 -46 -47 -48 48 51 -51 -52 60 -54 -55 55 -57 57 -59 -60 -61 -62 -63 -64
leaf_value=1.9632692235946656 -0.029725864491315274 2.4835003093843748 -0.11589264334407118 -0.015479074417884068 0.023727050119622124 1.5037536872305519 -0.037842962981926069 -0.036312511203567092 1.4007907305967688 0.5022013844026102 2.0451538200204324 -0.17319476698052758 -0.0081630740006536761 -0.016347653824200097 0.16100721406654037 0.019093475143533593 0.21366368320340415 0.44252185365339192 1.6136003480597241 0.089408923860961997 1.4806190385079632 -0.17870849378520964 0.0241099250116938 0.98658194194405757 0.31754978409803497 0.12371805633942862 -0.20451118675852362 1.2863926011840241 0.2519381847803831 0.1361676432261196 1.0600817742526036 -0.084142894663444837 0.64262962720896066 0.92438645882265902 -0.016733852170317302 0.21227474265825347 0.0050532466719337438 -0.030572663674032999 0.44912593320583793 -0.32750300775916591 -0.11035299328974965 0.49220281216230172 0.14927352358519808 -0.019828164636923468 -0.089539268070714106 -0.00094502909906919979 0.42073480306991512 -0.15736121099222902 0.023213737735365298 0.41147980836106507 -0.012928753768869948 0.026123678014623106 0.45029518686668313 -0.096894674347185919 0.10693076819944353 -0.038834894501470568 0.52914760899456104 0.035577769213356078 0.071628728984596338 0.018329358770750297 -0.12356131468586241 -0.11360809451848981 -0.033529381947687655
leaf_weight=149 13102 2405 134 8372 1340 122 107 21326 100 147 100 3510 24062 2798 231 11386 235 531 122 253 107 4130 2123 117 468 2788 840 170 270 2544 101 7741 113 104 19158 268 235 113 100 1178 1398 933 615 25812 12022 376 419 1222 9718 122 5820 2026 172 780 6138 1322 203 119 10103 2317 1191 6343 9196
leaf_count=149 13102 2405 134 8372 1340 122 107 21326 100 147 100 3510 24062 2798 231 11386 235 531 122 253 107 4130 2123 117 468 2788 840 170 270 2544 101 7741 113 104 19158 268 235 113 100 1178 1398 933 615 25812 12022 376 419 1222 9718 122 5820 2026 172 780 6138 1322 203 119 10103 2317 1191 6343 9196
internal_value=0.0191297 0.488922 2.34632 0.0968106 -0.0124184 0.073244 0.2798 0.0157361 0.233956 0.196939 0.97343 -0.06451 0.00969683 0.0400888 0.215578 0.0729377 0.107094 0.238161 0.695244 0.142729 0.505863 -0.11642 0.0926971 0.38387 0.0159937 0.190426 -0.0945557 0.0799492 0.145366 0.108052 0.474203 -0.0136521 0.144145 0.427385 -0.00665551 -0.0741988 0.197176 0.386217 -0.00994271 -0.212031 0.00493027 0.42667 0.109096 -0.0388294 -0.0583494 0.190152 0.259576 0.0065238 0.0219773 -0.0302999 -0.0380109 0.0392613 0.051218 0.0474386 0.0538769 0.0921605 0.11897 0.347416 0.0525484 0.0800152 -0.029314 -0.0733268 -0.0478593
internal_weight=231567 14571 2539 12032 216996 11883 3411 140863 3289 3189 207 76133 136732 59406 4131 35344 22092 3789 357 2982 360 25197 2622 499 13252 3432 20509 18303 5402 5232 371 77326 2901 1381 69317 8009 382 1277 8472 4688 12784 1164 2750 50936 25124 1410 1034 47991 28833 7164 7042 21669 18452 18280 17500 7782 6460 322 12901 4861 3217 16379 10036
internal_count=231567 14571 2539 12032 216996 11883 3411 140863 3289 3189 207 76133 136732 59406 4131 35344 22092 3789 357 2982 360 25197 2622 499 13252 3432 20509 18303 5402 5232 371 77326 2901 1381 69317 8009 382 1277 8472 4688 12784 1164 2750 50936 25124 1410 1034 47991 28833 7164 7042 21669 18452 18280 17500 7782 6460 322 12901 4861 3217 16379 10036
is_linear=0
shrinkage=0.03


Tree=72
num_leaves=64
num_cat=0
split_feature=168 93 167 108 126 149 149 170 150 118 109 145 169 167 171 73 167 164 171 145 54 151 71 147 169 16 169 155 54 153 147 169 164 91 152 170 91 90 169 149 155 168 73 16 53 53 169 169 109 93 164 149 118 127 34 106 118 109 167 168 145 167 161
split_gain=1.90061e+06 6.14458e+06 6.83784e+06 843897 477180 305733 280744 196484 149760 132152 101720 86096.3 105593 74300.4 73726.9 68538.4 87063.8 62909.2 156926 106833 60462.5 56835.4 57610 45678.5 42672.7 52252.7 80212 40144.5 37302.8 35565 34955.5 34259.4 32251.6 30553 30336 29443 42027.6 29344 24774.3 22686.5 22272.6 22542 37429.9 169699 270109 28176.9 52885.6 21743 21638.2 21587.4 21207.9 33252.1 20785.2 20368 19797.7 18489.6 18408.5 18230.3 18199.8 18075.4 18001 22017.8 26634.2
threshold=0.83651629090309154 16.399159431457523 1.0000000180025095e-35 338.98228454589849 -74.320903778076158 56.850000381469734 39.399999618530281 0.99681594967842113 1.0056755542755129 25.939494132995609 226.57260894775393 159.50000000000003 -0.29343378543853754 0.48296290636062628 9.5000000000000018 71.09384918212892 1.0000000180025095e-35 -0.9366365075111388 3.5000000000000004 111.40000152587892 54.688102722167976 48.500000000000007 61.131296157836921 141.35000610351565 0.55923160910606395 161.75824737548831 0.72695311903953563 32.649999618530281 38.302040100097663 75.450000762939467 188.35000610351565 0.98667103052139293 -0.74892720580101002 18.042423248291019 1.0988035202026369 -0.15101602673530576 16.070711135864261 13.982354164123537 -0.18492533266544339 35.350000381469734 29.250000000000004 0.48296290636062628 39.421312332153327 214.16979980468753 63.192827224731452 99.169261932373061 -0.24372956901788709 -0.64578425884246815 -817.16308593749989 25.238407135009769 0.77159520983695995 69.099998474121108 16.937814712524418 -51.46587944030761 210.53472137451175 103.26666641235353 13.999799251556398 279.44918823242193 0.83651629090309154 1.0000000180025095e-35 280.79998779296881 0.83651629090309154 258.50000000000006
decision_type=2 10 2 8 8 10 8 2 10 8 10 10 2 2 2 8 2 8 2 10 10 8 10 10 2 8 2 10 10 10 10 2 10 10 10 2 10 10 2 10 10 2 10 10 8 10 2 2 10 8 10 10 10 8 8 10 10 10 2 2 10 2 10
left_child=6 4 39 31 -2 17 10 8 -7 15 28 13 29 14 27 20 -17 18 19 -6 -10 22 -16 -24 37 35 -27 -8 -1 30 -13 -4 -22 40 -35 54 59 56 -12 -3 41 45 -43 -44 -45 -23 47 -47 -29 -41 52 -52 -39 -19 -26 -14 -15 -32 -28 -37 61 -30 -63
right_child=1 2 3 -5 5 7 11 -9 9 -11 38 12 55 24 21 16 -18 53 -20 -21 32 33 23 -25 25 26 58 48 60 -31 57 -33 -34 34 -36 36 -38 50 -40 49 -42 42 43 44 -46 46 -48 -49 -50 -51 51 -53 -54 -55 -56 -57 -58 -59 -60 -61 -62 62 -64
leaf_value=-0.030437030968167147 1.5784921486002783 -0.14014420601632113 2.4347417410204026 -0.071200179190069213 1.557731013894081 1.0567343397957809 -0.0023381356183211437 1.5823945888789261 0.056776264933049103 1.0394530764766439 -0.21874730039153667 0.45391189973697543 0.19661040168525581 -0.023855631585526026 0.16046267878131312 0.22494134488407871 1.0781868310069289 0.33264069443795741 0.062214423844458362 0.2460349892389139 0.12267530565985429 0.03850343900034018 1.0860145745218051 0.26496683046481639 -0.063812156098931871 0.039452842756954869 0.26623616343001266 0.44533072354800907 -0.083689076906886511 0.53376608480522236 0.02757849972175936 1.8362465917284243 0.47461917922612745 0.012676355348246401 -0.21341176333197201 0.1301576747989226 -0.066412320853034501 -0.099134735979441946 -0.078020562633570767 0.019048017593283315 0.39467080610507244 0.058343636541486943 0.11108917623200175 2.1603298583434949 0.038064281695928327 0.22999291941406702 0.71744758584772717 0.017955779851803379 0.10980771835568584 0.42818043520977328 0.51094312369823458 -0.15529165715709808 0.097915885842292508 -0.0029095280895098182 -0.31561649410894937 -0.025338394325170301 0.27812021956863031 0.30386830265265052 0.58404954042015045 0.016660382226432461 -0.20520295659180182 -0.10047074946320224 0.027232321255919165
leaf_weight=34435 185 842 2317 130 117 197 43501 101 2589 166 4358 443 406 25353 1350 319 162 163 1054 107 392 16882 117 128 1430 1515 307 242 25578 488 582 106 585 3419 632 2574 3057 9407 1520 1159 184 2304 1148 100 116 804 141 948 604 128 135 133 507 22399 349 1986 182 340 350 2479 930 2358 3899
leaf_count=34435 185 842 2317 130 117 197 43501 101 2589 166 4358 443 406 25353 1350 319 162 163 1054 107 392 16882 117 128 1430 1515 307 242 25578 488 582 106 585 3419 632 2574 3057 9407 1520 1159 184 2304 1148 100 116 804 141 948 604 128 135 133 507 22399 349 1986 182 340 350 2479 930 2358 3899
internal_value=0.0192515 0.229219 1.2364 2.28304 0.0639289 0.0539906 -0.0160249 0.280439 0.250269 0.212317 -0.0627109 0.0113473 0.144117 0.00666494 0.0257806 0.178141 0.513954 0.0111321 0.215809 0.93504 0.132713 0.0636372 0.237541 0.65988 -0.0223898 0.0263983 0.159601 0.00164462 -0.0522412 0.314048 0.235164 2.40933 0.333679 0.0532315 -0.0226398 -0.00287119 0.0213765 -0.038865 -0.182376 -0.0191599 0.0668154 0.06411 0.132126 0.256621 1.02602 0.0508157 0.16054 0.115336 0.206197 0.0600396 -0.0819247 0.180964 -0.0890487 -0.000470698 -0.11336 0.0123999 -0.0216925 0.129683 0.436173 0.0744903 -0.0751551 -0.0713496 -0.020902
internal_weight=230939 33218 4682 2553 28536 28351 197721 4511 4410 4213 73078 124643 4245 120398 72620 4047 481 23840 1278 224 3566 28273 1595 245 47778 12061 2172 44347 67200 1853 1365 2423 977 26678 4051 9889 8110 35717 5878 2129 22627 22443 3668 1364 216 18775 1893 1752 846 1287 10182 268 9914 22562 1779 2392 25535 922 657 5053 32765 31835 6257
internal_count=230939 33218 4682 2553 28536 28351 197721 4511 4410 4213 73078 124643 4245 120398 72620 4047 481 23840 1278 224 3566 28273 1595 245 47778 12061 2172 44347 67200 1853 1365 2423 977 26678 4051 9889 8110 35717 5878 2129 22627 22443 3668 1364 216 18775 1893 1752 846 1287 10182 268 9914 22562 1779 2392 25535 922 657 5053 32765 31835 6257
is_linear=0
shrinkage=0.03


Tree=73
num_leaves=64
num_cat=0
split_feature=166 93 108 126 149 153 163 136 92 149 109 166 55 151 151 163 117 73 154 109 54 117 15 92 100 155 16 93 92 72 92 136 168 72 149 153 109 164 158 164 151 15 161 36 166 92 92 97 152 168 159 133 73 54 163 73 16 155 91 93 153 136 158
split_gain=3.43542e+06 1.05483e+07 831531 658903 317813 200445 181172 144880 107133 103877 98310.2 89741.3 89175.6 93184.4 121321 193731 80048.1 70867.2 69616.4 52203.9 43686.4 38503 122464 36850.7 35501.8 34043.3 44284.5 37969.6 68019.7 98960.1 30964.3 28835.5 28598.9 27692.1 27553.3 25091.9 24061.2 23355.5 22320.3 29716.4 21892.5 21466.8 21356.2 20969.7 20802.4 20073.2 19750.8 19601.1 19247.5 18721.5 23358.8 18714.5 18518.3 23382 21986.2 18429.3 18234.3 20589.5 20234.2 17839.2 17498.8 17242.6 16703.6
threshold=2.0000000000000004 16.399159431457523 375.72270202636724 -71.91393661499022 39.399999618530281 93.15000152587892 32.500000000000007 -2.651878714561462 15.421875953674318 46.350000381469734 222.5118103027344 16.000000000000004 16.697011947631839 38.500000000000007 35.500000000000007 107.50000000000001 29.373208999633793 56.173641204833991 1.0035504698753359 227.88410186767581 50.860668182373054 24.655986785888675 174.59117126464847 17.8766622543335 -66.010185241699205 28.94999980926514 87.169685363769545 3.1084167957305913 14.693499088287355 48.300617218017585 17.8766622543335 -30.68100547790527 1.0000000180025095e-35 58.444675445556648 48.549999237060554 59.050001144409187 284.96156311035162 0.82409480214118969 1.5000000000000002 0.6755644977092744 35.500000000000007 88.662338256835952 261.50000000000006 74.391048431396499 20.000000000000004 26.530111312866214 17.7138786315918 79.722915649414077 1.0988035202026369 -0.48296290636062617 982.45001220703136 64.037498474121108 29.053172111511234 25.963070869445804 102.50000000000001 47.244215011596687 141.76950836181643 24.150000572204593 14.561455726623537 23.411911964416507 69.649997711181655 -16.119306564331051 6.5000000000000009
decision_type=2 10 8 8 8 10 8 10 10 10 10 2 10 8 10 10 8 8 10 10 10 10 10 8 10 10 10 8 10 10 10 10 2 10 10 10 10 10 8 10 10 8 10 10 2 10 8 8 10 2 10 10 8 8 10 10 10 10 10 8 10 8 10
left_child=1 3 -3 -1 8 7 10 9 49 21 44 30 56 14 20 -16 17 34 -19 24 -14 -5 -23 25 -10 26 -15 28 -28 -30 32 -12 52 -22 -11 -36 55 40 39 -34 -33 -29 45 -40 -6 -26 -46 -43 -25 50 -2 60 -8 -54 -55 -32 57 58 -13 -59 -21 -57 -44
right_child=4 2 -4 5 6 -7 11 -9 19 16 31 12 13 23 15 -17 -18 18 -20 51 33 22 -24 48 42 -27 27 41 29 -31 36 37 38 -35 35 -37 -38 -39 43 -41 -42 47 62 -45 46 -47 -48 -49 -50 -51 -52 -53 53 54 -56 61 -58 59 -60 -61 -62 -63 -64
leaf_value=2.2845451854633501 -0.027081675732482425 2.3386538564230515 -0.12316721429095696 -0.007521858351451448 0.020302900756191327 1.2400637688476304 -0.018208344623116466 1.1649279114859443 -0.17039219806186315 0.50797439684858547 0.14481341867296307 -0.011634708905500488 0.052779372258502245 0.0061689173437313024 1.8819984878687297 0.095920228007711286 1.0120067733388982 1.1779383377668757 0.31453667132347979 -0.18556299620328892 0.25413888208935459 1.0989611309766769 -0.093942632183383126 0.0035498587433349443 -0.097193068437838787 0.26919553865149082 0.1258569363983231 0.33673752285653374 0.19321823458958184 1.2174430641407767 -0.0390821827963602 0.48216345981287595 0.039349431589723198 0.6678095411600774 -0.011740012253726706 0.33858271572047771 0.16275351905967894 0.79725657934670924 -0.021824074472552926 0.53474138968065377 0.060359052977882896 0.24798410804834975 -0.018501802366496223 -0.087770977464793551 0.25226730433702466 -0.25889144812481124 -0.0026214353182676909 0.067327654317838576 -0.20352836928261606 -0.018516253607842252 -0.084891410283038676 -0.32922694759984722 -0.044747995132383298 0.036849501415291905 -0.098801273303935747 -0.2745816346687795 0.041138596803341781 0.026218180493009276 -0.094210460280660158 0.42760707787579239 0.21339778121858696 -0.10020950796985159 -0.091256206389034478
leaf_weight=121 13118 2426 130 9244 1317 129 17253 104 4140 127 282 13557 1122 6435 101 118 113 107 385 3529 1008 117 225 4196 4195 801 972 295 208 143 4258 795 1189 170 1099 220 384 181 13447 119 129 572 6604 6407 1049 827 370 9594 446 25980 12088 873 4243 25368 1122 630 8690 7501 3325 100 101 2685 4983
leaf_count=121 13118 2426 130 9244 1317 129 17253 104 4140 127 282 13557 1122 6435 101 118 113 107 385 3529 1008 117 225 4196 4195 801 972 295 208 143 4258 795 1189 170 1099 220 384 181 13447 119 129 572 6604 6407 1049 827 370 9594 446 25980 12088 873 4243 25368 1122 630 8690 7501 3325 100 101 2685 4983
internal_value=0.0178156 0.464109 2.21344 0.0910672 -0.0121017 0.0685168 0.0146682 0.0555404 -0.0613355 0.0455265 0.210572 0.00874765 0.0364762 0.0778673 0.251298 0.924447 0.239245 0.193688 0.504317 -0.1119 0.186829 0.00405829 0.31617 0.0593944 -0.0917978 0.0778891 0.069464 0.104025 0.255403 0.612768 -0.0125975 0.416233 -0.006148 0.314352 0.0877218 0.0469036 -0.0686372 0.485307 -0.0351997 0.0847936 0.423404 0.0848574 -0.072198 -0.0431089 0.106199 -0.123867 0.185851 0.0775159 -0.0163856 -0.0363883 -0.0548077 -0.204488 0.00666439 0.0206277 0.0311004 -0.0803901 0.00380796 -0.00944332 -0.0279031 0.0315545 -0.174407 -0.133421 -0.0497951
internal_weight=231567 14547 2556 11991 217020 11870 140582 11741 76438 11637 4123 136459 59354 26181 2519 219 2051 1938 492 25252 2300 9586 342 23662 20749 19020 18219 11784 1323 351 77105 1387 69148 1178 1446 1319 7957 1105 21162 1308 924 10461 16609 19854 2736 5022 1419 10166 4642 51186 25206 4503 47986 30733 26490 7573 33173 24483 16882 7601 3630 3315 11587
internal_count=231567 14547 2556 11991 217020 11870 140582 11741 76438 11637 4123 136459 59354 26181 2519 219 2051 1938 492 25252 2300 9586 342 23662 20749 19020 18219 11784 1323 351 77105 1387 69148 1178 1446 1319 7957 1105 21162 1308 924 10461 16609 19854 2736 5022 1419 10166 4642 51186 25206 4503 47986 30733 26490 7573 33173 24483 16882 7601 3630 3315 11587
is_linear=0
shrinkage=0.03


Tree=74
num_leaves=64
num_cat=0
split_feature=168 93 155 149 147 126 160 149 155 153 151 159 53 147 165 153 145 161 163 152 160 158 163 149 155 92 148 163 161 135 149 164 171 90 171 136 55 158 168 92 164 154 118 147 109 165 155 152 100 160 92 159 153 147 72 72 53 52 54 168 16 153 118
split_gain=1.69083e+06 5.55875e+06 660683 383329 479460 339081 269442 249004 243483 358743 319798 231743 211013 261405 189078 185038 159818 156699 153196 134886 124288 100238 115875 126884 97356 93346.4 88488.9 82660.9 67854.9 63196.8 63046.2 62950.4 172451 147565 60118.2 48732.8 47860.1 51502.9 74512.4 45198.7 41378.6 84492.7 41938.1 40908.9 40620 41803.3 39582.4 35982.1 34394.8 33647.5 33304.1 29099.9 25606.5 24489.2 23239.7 22051.7 26730.9 31977.8 48112.6 69004.1 180713 22015.2 41849.3
threshold=0.83651629090309154 16.399159431457523 35.250000000000007 21.150000572204593 963.00000000000011 -74.320903778076158 3.8500000238418584 39.399999618530281 11.050000190734865 28.349999427795414 81.500000000000014 986.75000000000011 46.103731155395515 131.55000305175784 -0.70088258385658253 39.049999237060554 225.1499938964844 311.50000000000006 217.50000000000003 0.61061978340148937 5.7500000000000009 99.500000000000014 87.500000000000014 82.850002288818374 18.94999980926514 15.421875953674318 1.8266032338142397 32.500000000000007 259.50000000000006 -6.6428959369659415 40.149999618530281 -0.9366365075111388 3.5000000000000004 13.195588111877443 10.500000000000002 -24.54971885681152 15.803606510162355 1.5000000000000002 1.0000000180025095e-35 16.996085166931156 0.84335932135581981 0.81899392604827892 11.939784526824953 848.45001220703136 -663.85952758789051 -0.07845610752701758 9.8499999046325701 0.98044022917747509 -66.010185241699205 8.4499998092651385 18.202597618103031 993.85000610351574 54.500000000000007 516.89999389648449 62.148376464843757 36.94850158691407 44.90550613403321 62.435977935791023 55.061519622802741 0.48296290636062628 214.16979980468753 38.45000076293946 11.343273639678957
decision_type=2 10 8 10 10 8 8 8 10 10 10 10 10 10 10 10 10 10 10 10 10 10 10 10 10 10 10 8 10 10 10 8 2 8 2 10 10 8 2 10 10 10 10 10 8 10 10 10 10 10 10 10 10 10 10 8 10 8 8 2 10 10 8
left_child=7 5 3 16 8 -2 12 25 17 10 18 15 44 -14 -13 20 47 46 30 -6 -11 22 23 24 -16 -1 -15 34 -28 -17 43 32 33 -8 53 -27 50 38 -38 55 42 -42 52 -10 45 -7 -5 -3 -37 -24 -29 61 -40 -9 -34 -39 -57 58 -58 -60 -61 -33 -63
right_child=1 2 -4 4 19 6 31 27 9 11 -12 14 13 26 21 29 -18 -19 -20 -21 -22 -23 49 -25 -26 35 28 36 -30 -31 -32 51 54 -35 -36 48 37 39 40 -41 41 -43 -44 -45 -46 -47 -48 -49 -50 -51 -52 -53 -54 -55 -56 56 57 -59 59 60 -62 62 -64
leaf_value=-0.035340432195824757 1.3699738668544557 2.2488408540192517 -0.10422077293966647 1.8524711325196057 1.1939436626336841 0.77815980199486645 0.16922027759204636 0.021535098037086364 2.3496453986192112 2.1690114544915611 0.25263638304546476 1.7281097734574791 1.6109941842111331 0.25005800659774491 1.5347677234894945 1.1871674110408936 0.88297141627261511 0.95471148918072379 0.88212450231089756 -0.014691947813747556 0.99712469633032641 1.2346284297467633 -0.10154695791673035 0.17320601482875644 0.4200775030645002 -0.20305042210431756 0.5379236039199089 -0.0050276147621282734 1.4025710505292466 0.1759798639858681 1.5203183668527913 -0.0039570296800858521 -0.029540117732310071 1.4904243546608955 0.3461300646651968 -0.1694780100791598 -0.012325002313302641 0.0042126659767123204 0.042224867996858456 -0.055367369127241814 1.2197810339175239 0.21429307356406466 0.29392715912159667 1.7167633875304873 0.018994424252635547 0.087784973667389118 2.5470608229864209 1.586254340387085 -0.06965495892641306 0.51765666410889266 -0.080989320556641986 0.48833540852710194 0.28099038005922211 0.33099147637096688 0.30203300447016951 0.0075736928506043508 0.069908442794931441 0.020890967586600639 0.14834161701000481 0.092130352318171835 1.3827569894952392 0.072893631463448932 0.72444728794781599
leaf_weight=48871 175 457 343 151 106 140 150 1631 393 262 131 138 188 899 191 117 113 116 128 372 122 164 309 217 113 3994 291 55221 114 106 183 22701 917 154 1073 3826 3178 22116 2291 7116 100 297 1244 140 1479 180 188 102 16522 105 5733 110 490 267 239 9816 6103 6240 1536 256 157 684 101
leaf_count=48871 175 457 343 151 106 140 150 1631 393 262 131 138 188 899 191 117 113 116 128 372 122 164 309 217 113 3994 291 55221 114 106 183 22701 917 154 1073 3826 3178 22116 2291 7116 100 297 1244 140 1479 180 188 102 16522 105 5733 110 490 267 239 9816 6103 6240 1536 256 157 684 101
internal_value=0.0179253 0.21575 1.1639 1.26222 1.14343 0.0572476 0.0490954 -0.0153221 1.27298 1.16821 1.63392 0.921218 0.304259 0.567917 0.684682 1.40134 1.92275 1.91814 1.84776 0.255265 1.80025 0.552208 0.43132 0.728588 1.12316 -0.0592488 0.416415 0.010434 0.784161 0.709445 2.01892 0.01557 0.206665 0.841207 0.166755 -0.107246 0.0066226 0.0254228 0.0984819 0.0150115 0.178101 0.469993 0.149201 2.18694 0.0854008 0.391307 2.24403 2.13099 -0.0884319 0.0563664 -0.0121734 0.0037377 0.0843802 0.0652191 0.0392136 0.025847 0.0456928 0.0718713 0.111372 0.241105 0.584911 0.00144732 0.157539
internal_weight=231367 33289 4767 4424 3752 28522 28347 198078 3274 2819 975 1844 3291 1492 1237 607 672 455 844 478 384 1099 935 521 304 73213 1304 124865 405 223 716 25056 1460 304 2971 24342 121894 60940 7600 53340 4422 397 4025 533 1799 320 339 559 20348 414 60954 23596 2781 1898 1156 46224 24108 14292 8052 1949 413 23486 785
internal_count=231367 33289 4767 4424 3752 28522 28347 198078 3274 2819 975 1844 3291 1492 1237 607 672 455 844 478 384 1099 935 521 304 73213 1304 124865 405 223 716 25056 1460 304 2971 24342 121894 60940 7600 53340 4422 397 4025 533 1799 320 339 559 20348 414 60954 23596 2781 1898 1156 46224 24108 14292 8052 1949 413 23486 785
is_linear=0
shrinkage=0.03


Tree=75
num_leaves=64
num_cat=0
split_feature=166 97 169 73 92 118 73 149 109 92 118 169 163 92 166 145 33 161 92 161 154 169 118 54 155 149 136 149 155 100 92 54 53 53 144 154 166 169 149 54 163 152 124 149 161 165 161 92 133 158 158 36 164 92 148 109 35 160 169 151 92 163 118
split_gain=3.14944e+06 4.00385e+06 2.4645e+06 2.0374e+06 1.42449e+06 767264 725411 280465 191552 182400 235727 174296 157719 93536 87641.8 87536.3 85632.7 78623.4 68763.3 73889.9 300975 62282.1 61692.9 57394.8 53545.3 48615.7 46475.5 37983.1 35818.7 34243.4 30501.2 30259.4 227965 31203 59184.2 26380 26177.5 25617.2 31130.5 25306.3 25058.8 23631.7 23090.9 22935.5 22730.5 21562.3 21395.8 20904.2 20421.8 19758.9 19398 20208.4 19333.9 18721.5 18035.7 17239.9 16576 16427.9 16266.1 16143.6 16002.1 15479.5 22384.5
threshold=2.0000000000000004 77.506252288818374 -0.074117381125688539 45.984617233276374 19.591210365295414 1.8934821486473086 45.984617233276374 39.049999237060554 -452.76721191406244 15.309426784515383 5.6744530200958261 0.98802474141120922 32.500000000000007 15.421875953674318 16.000000000000004 154.35000610351565 147.70643615722659 89.500000000000014 15.99543619155884 80.500000000000014 0.68721505999565136 0.97508442401885997 8.083475589752199 37.802820205688484 15.250000000000002 52.649999618530281 -21.563600540161129 131.59999847412112 21.94999980926514 -66.010185241699205 17.8766622543335 60.168476104736335 54.929225921630866 59.823543548583991 38.000000000000007 0.80099564790725719 6.0000000000000009 -0.7386675477027892 62.45000076293946 50.274227142333991 172.50000000000003 1.0988035202026369 93.437500000000014 109.09999847412111 261.50000000000006 0.9536806344985963 111.50000000000001 26.530111312866214 62.764583587646491 1.5000000000000002 1.5000000000000002 77.268749237060561 0.6755644977092744 12.953318119049074 2.7655398845672612 -817.16308593749989 251.86296844482425 2.3500000238418584 -0.50556187331676472 158.50000000000003 23.150198936462406 267.50000000000006 12.308961868286135
decision_type=2 10 2 10 10 10 8 8 10 10 10 2 8 10 2 10 10 10 8 8 8 2 10 8 10 10 10 10 10 10 10 10 8 8 2 10 2 2 10 10 10 10 10 10 10 10 10 10 10 10 8 10 10 10 10 8 8 10 2 10 10 10 10
left_child=1 5 17 11 9 -1 42 13 -8 25 -11 21 15 -2 30 45 -16 -3 19 20 -18 23 31 -4 -10 -5 48 41 -27 59 36 -21 -33 34 -34 -22 50 -32 -39 -17 46 56 -7 -19 47 55 -24 -31 -15 -40 52 -52 -14 -35 -41 57 -20 -9 -29 -28 -43 62 -38
right_child=7 2 3 4 -6 6 8 12 24 10 -12 -13 14 26 16 39 18 43 27 22 35 -23 40 -25 -26 28 29 58 -30 44 37 32 33 53 -36 -37 61 38 49 54 -42 60 -44 -45 -46 -47 -48 -49 -50 -51 51 -53 -54 -55 -56 -57 -58 -59 -60 -61 -62 -63 -64
leaf_value=-0.016375591843145736 -0.034254986416572021 0.76311191695264913 1.4805237950279184 -0.01459060150911992 2.3078686794849945 2.4295870860706676 1.5443337098302112 0.46446637764076387 0.77446316229445589 2.1206042580085223 0.30214797168635249 1.033484113046101 0.040824681593069033 -0.15902386678194014 -0.0081369754960546013 0.19681941492709121 1.9000657482784573 -0.10866467765428328 -0.041746263487563003 0.04595160757118804 0.63588842130533529 2.9671265147556767 0.014275288066757541 2.2327753387613498 0.052519774433265658 0.049187892804730605 -0.19616202493234472 0.37737470339920559 0.78267827469961981 -0.090537020673721047 -0.18240036880566074 1.2047561674032274 0.022548461094391431 0.13393583249104341 0.97571004555286711 0.12277712816116727 0.0055078102737565141 -0.069865123529493631 0.20511901828630486 0.4054709971398115 0.13395328558587635 -0.052628015630594376 1.7983262301513125 0.21335474098415438 -0.042235596230043214 0.51073649628804274 0.40572324435527773 -0.25015121726726253 -0.31703416608298463 -0.085754719562949874 -0.021274561762344268 -0.086538957589447241 0.44437625024372185 0.01490256014041362 0.77849509812891482 0.040518248115433898 0.036113270248340094 0.01343401114024767 -0.021724768695831301 -0.055928790584163376 -0.30785675086180814 -0.15937572813288559 0.21078873894321989
leaf_weight=8389 50765 118 105 798 408 164 107 179 111 100 177 118 1235 3838 24094 518 100 992 3488 13986 100 106 147 1691 531 105 3123 353 139 4262 1445 171 138 2490 101 851 46861 5706 667 944 940 648 104 248 11325 103 868 893 912 306 13671 6209 116 2276 134 2195 8351 122 124 969 335 504 482
leaf_count=8389 50765 118 105 798 408 164 107 179 111 100 177 118 1235 3838 24094 518 100 992 3488 13986 100 106 147 1691 531 105 3123 353 139 4262 1445 171 138 2490 101 851 46861 5706 667 944 940 648 104 248 11325 103 868 893 912 306 13671 6209 116 2276 134 2195 8351 122 124 969 335 504 482
internal_value=0.0172768 0.445155 1.12149 1.51822 0.761003 0.078004 0.855771 -0.0113318 0.375291 0.281132 0.963897 2.1649 0.0137233 -0.0577483 0.00816486 0.194892 0.0355063 0.0265133 0.0651541 0.0975074 0.342906 2.23451 0.0852781 2.18964 0.178352 0.0988792 -0.104844 0.0112214 0.468526 -0.0853068 -0.0129291 0.0688915 0.130856 0.0939321 0.427736 0.177343 -0.006462 -0.0679112 -0.0431179 0.369703 0.245775 0.00143257 2.19222 -0.0441408 -0.0660127 0.0874427 0.349101 -0.11823 -0.189422 0.113648 -0.0341853 -0.0416615 0.0757776 0.0771066 0.452518 0.0697775 0.0131727 0.282306 0.273797 -0.162976 -0.139833 0.00584002 0.00760219
internal_weight=231556 14511 5105 3747 1727 9406 1017 217045 749 1319 277 2020 140958 76087 136763 4195 59561 1358 35467 22168 1051 1902 21117 1796 642 1042 25322 13299 244 20572 77202 19162 5176 5005 239 951 69078 8124 6679 1596 1955 12822 268 1240 16480 2599 1015 5155 4750 973 21231 19880 1351 4766 1078 2496 11839 301 477 4092 983 47847 47343
internal_count=231556 14511 5105 3747 1727 9406 1017 217045 749 1319 277 2020 140958 76087 136763 4195 59561 1358 35467 22168 1051 1902 21117 1796 642 1042 25322 13299 244 20572 77202 19162 5176 5005 239 951 69078 8124 6679 1596 1955 12822 268 1240 16480 2599 1015 5155 4750 973 21231 19880 1351 4766 1078 2496 11839 301 477 4092 983 47847 47343
is_linear=0
shrinkage=0.03


Tree=76
num_leaves=64
num_cat=0
split_feature=166 93 118 126 149 118 153 163 97 73 155 90 92 145 166 33 92 156 151 164 109 54 149 163 149 100 92 54 53 170 54 166 153 124 136 161 92 147 161 151 158 164 158 36 72 165 156 118 106 156 164 92 170 158 35 147 72 170 90 54 165 92 170
split_gain=2.89627e+06 8.99968e+06 668974 564872 261665 168967 149149 142532 91817.1 145719 99174.7 150425 89503 79572.9 78327.7 76714.4 62171.6 75288 83180.6 275466 46864.3 44901.4 38193.1 34888.8 31408.8 31007.8 26679.1 25444.8 196479 144075 24901.2 23254.6 22542.3 21907.8 20762.5 19898.9 19639.2 18317 18067.4 18004.7 18001.8 21332.5 17560.5 17530.1 17505.1 19489 17347.8 17807.9 18317 17302.6 16837.3 16675.3 38426.5 16511.8 16509.6 15992 15814.9 25286.7 28631.8 21926.7 17507.3 19762.2 24150.9
threshold=2.0000000000000004 16.399159431457523 -21.159758567810055 -71.91393661499022 39.399999618530281 25.939494132995609 93.15000152587892 32.500000000000007 77.937500000000014 39.421312332153327 22.650000572204593 18.022282600402836 15.462092876434328 154.35000610351565 16.000000000000004 147.70643615722659 15.99543619155884 70.500000000000014 39.500000000000007 0.84335932135581981 226.57260894775393 51.621364593505866 131.59999847412112 37.500000000000007 51.049999237060554 -66.010185241699205 17.556658744812015 60.168476104736335 56.962167739868171 0.57605713605880748 54.688102722167976 6.0000000000000009 59.750000000000007 63.145832061767585 -28.510946273803707 261.50000000000006 27.245711326599125 222.35000610351565 105.50000000000001 101.50000000000001 1.5000000000000002 0.6755644977092744 1.5000000000000002 74.391048431396499 60.163829803466804 0.30069434642791754 26.500000000000004 23.710237503051761 1090.456237792969 48.500000000000007 0.82409480214118969 10.292099952697756 0.38043944537639623 6.5000000000000009 197.31130218505862 152.05000305175784 29.678238868713382 -0.11692317575216292 21.685263633728031 17.751744270324711 0.21643137186765674 11.786288738250734 0.25829915702342993
decision_type=2 10 10 8 8 10 10 8 10 10 10 10 10 10 2 10 8 8 10 10 10 10 10 10 10 10 10 10 8 2 10 2 10 10 10 10 10 10 10 10 8 10 10 10 10 10 10 8 10 10 10 10 2 10 10 10 8 2 10 8 10 8 2
left_child=1 3 -3 -1 12 6 8 13 -5 -10 23 24 46 44 26 -16 17 18 19 21 25 -17 39 37 -12 -14 31 54 29 -29 -15 40 -28 -25 -34 36 -27 -11 -22 42 41 -9 -18 -42 -6 -46 -2 48 -48 -20 -32 52 -30 -37 -19 -35 -33 58 59 -58 61 -59 -63
right_child=4 2 -4 5 7 -7 -8 14 9 10 11 -13 20 30 15 16 22 27 49 -21 38 -23 -24 33 -26 35 32 28 51 -31 50 56 34 55 -36 53 -38 -39 -40 -41 43 -43 -44 -45 45 -47 47 -49 -50 -51 -52 -53 -54 -55 -56 -57 57 60 -60 -61 -62 62 -64
leaf_value=2.1279940338134766 -0.072287379256520304 0.031799098446335591 2.1578065960256461 -0.0083001573745109299 0.032958557268920025 1.2516217307662063 1.1282545288328056 0.038140839849353791 1.2826610468468578 0.16191342451583043 0.0051309810945513101 1.1826477041139323 -0.15734728717647356 0.19348391823568797 -0.0077198620503438056 0.13438760206453645 0.02480799668926021 -0.025106671485668725 0.18351825634337021 1.8577628279816021 0.18143525697388077 0.60453239230548628 0.27443622446509403 0.40743367657212926 0.509331950283887 -0.090387219500036489 -0.072955462895969048 0.12489371694624424 0.64930724222870428 1.6232709211889993 0.39195415931287619 -0.015681842316053764 -0.21066828471025295 -0.18474303966246503 0.27274126918459274 -0.012547796039877853 -0.2583371061888402 0.66455481099610281 -0.19993232987614434 -0.16894131622364456 -0.020029585173282287 0.46496131856122919 -0.069564234861029986 -0.080864547561015451 0.13522501616914026 0.54282834056764839 -0.024918203643313219 -0.085537890464205096 0.056016244657085094 0.049194771316612991 0.74527363910541666 0.046609067631387766 0.11559591478243711 -0.0846570482521318 0.058901138712863663 0.022162736771524725 -0.15821020331357871 0.10469432660179386 0.39082371677187355 -0.014431088064381628 -0.087484690757972175 0.097415900242465672 0.0094735644821742071
leaf_weight=119 8553 141 2418 8920 1827 105 113 1155 105 187 318 186 4076 568 23972 649 10095 2716 2299 109 114 254 475 100 170 4237 8203 103 135 131 876 18856 106 512 317 6642 735 100 4368 538 13408 115 2152 6250 610 127 36341 4031 2703 1383 142 3661 1140 5016 9357 975 1141 3689 142 5819 987 3562 13308
leaf_count=119 8553 141 2418 8920 1827 105 113 1155 105 187 318 186 4076 568 23972 649 10095 2716 2299 109 114 254 475 100 170 4237 8203 103 135 131 876 18856 106 512 317 6642 735 100 4368 538 13408 115 2152 6250 610 127 36341 4031 2703 1383 142 3661 1140 5016 9357 975 1141 3689 142 5819 987 3562 13308
internal_value=0.0160096 0.426971 2.04072 0.0800961 -0.0113697 0.0592491 0.0484293 0.0129887 0.0377892 0.192697 0.147295 0.459093 -0.055883 0.186163 0.00771179 0.0336718 0.0618622 0.0928601 0.199369 0.44014 -0.102244 0.267155 0.010577 0.0349697 0.181457 -0.083198 -0.0122218 0.0638556 0.11954 0.967067 0.353126 -0.00595415 -0.0619377 -0.0201458 0.151392 -0.0650157 -0.115262 0.338749 -0.190194 0.000753196 -0.0323013 0.0771254 0.00822091 -0.0393744 0.0827886 0.206104 -0.0332632 -0.025513 -0.0193139 0.133092 0.441921 0.0791742 0.172571 -0.0435783 0.0400018 -0.0491548 0.00565359 0.0196966 -0.0293928 -0.0380211 0.035878 0.0418044 0.0280467
internal_weight=231662 14469 2559 11910 217193 11791 11686 140377 11573 2653 2548 674 76816 4150 136227 59169 35197 21937 4694 1012 25188 903 13260 1874 488 20706 77058 17243 5170 234 1586 68432 8626 1587 423 16630 4972 287 4482 12785 20928 1270 12247 19658 2564 737 51628 43075 39044 3682 1018 4936 1275 11658 12073 1487 47504 28648 7102 6960 21546 20559 16870
internal_count=231662 14469 2559 11910 217193 11791 11686 140377 11573 2653 2548 674 76816 4150 136227 59169 35197 21937 4694 1012 25188 903 13260 1874 488 20706 77058 17243 5170 234 1586 68432 8626 1587 423 16630 4972 287 4482 12785 20928 1270 12247 19658 2564 737 51628 43075 39044 3682 1018 4936 1275 11658 12073 1487 47504 28648 7102 6960 21546 20559 16870
is_linear=0
shrinkage=0.03


Tree=77
num_leaves=64
num_cat=0
split_feature=166 93 108 126 149 118 135 163 153 92 166 33 171 92 161 147 145 145 171 118 133 149 163 147 90 35 156 152 92 169 169 169 171 163 169 149 152 166 118 156 145 158 169 147 156 168 169 158 161 150 36 169 169 147 169 73 169 92 92 89 73 163 118
split_gain=2.71673e+06 8.45675e+06 657596 530995 246389 212776 201812 137101 113367 85276 78804.4 77337.8 74986.1 61202.6 71832.3 163240 57300.2 93687.1 86075.2 52544.4 44816.6 36607.4 28318.9 27860.9 33634 39560.2 26548.8 28144.3 26040.1 25867.9 68165.1 405735 25422.8 25202 23538.1 29439.8 22566.6 22520.3 20922.9 20155.9 20009.8 17857.8 21145.5 50119.6 17792.9 17727.8 22208.9 17635.7 18110.1 17252.4 16855.1 15437.8 20430.1 16355.9 15258.9 15148.4 32644.6 33219.1 23687.1 18198.6 17254.9 16293.3 19010.6
threshold=2.0000000000000004 16.399159431457523 375.72270202636724 -71.91393661499022 39.399999618530281 27.537136077880863 -0.24796479940414426 32.500000000000007 93.15000152587892 15.462092876434328 16.000000000000004 147.70643615722659 10.500000000000002 15.99543619155884 80.500000000000014 135.25000000000003 76.950000762939467 78.599998474121108 2.5000000000000004 7.8680739402771005 60.427082061767585 131.59999847412112 1780.0000000000002 171.59999847412112 17.043069839477543 240.79045867919925 93.500000000000014 0.71625083684921276 17.8766622543335 -0.54939359426498402 -0.80418667197227467 -0.79384350776672352 3.5000000000000004 172.50000000000003 -0.7386675477027892 62.45000076293946 1.0988035202026369 6.0000000000000009 24.343028068542484 90.500000000000014 122.70000076293947 87.500000000000014 0.98522606492042553 989.05001831054699 34.500000000000007 -0.48296290636062617 0.78325453400611889 1.5000000000000002 135.50000000000003 0.88566884398460399 74.391048431396499 0.95502296090126049 0.99168354272842418 453.10000610351568 0.98667103052139293 36.940765380859382 -0.98803845047950734 11.959474563598635 10.694675445556642 4.4605834484100351 25.945730209350589 102.50000000000001 13.10970449447632
decision_type=2 10 8 8 8 10 10 8 10 10 2 10 2 8 8 10 10 10 2 10 10 10 10 10 10 10 10 10 10 2 2 2 2 10 2 10 10 2 10 10 10 10 2 10 10 2 2 8 10 10 10 2 2 10 2 8 2 10 8 8 10 10 10
left_child=1 3 54 -1 9 6 8 12 16 45 28 -12 44 14 15 -13 -5 -18 -19 29 22 36 32 -20 41 -26 27 38 37 30 -16 -32 51 40 -30 -36 -15 47 -14 -37 -21 42 -25 -44 -6 46 -2 48 -9 -17 -49 53 -53 -11 -3 58 57 -57 60 -58 -39 62 -61
right_child=4 2 -4 5 7 -7 -8 10 -10 20 11 13 26 21 19 49 17 18 23 33 -22 -23 -24 24 25 -27 -28 -29 34 -31 31 -33 -34 -35 35 39 -38 55 -40 -41 -42 -43 43 -45 -46 -47 -48 50 -50 -51 -52 52 -54 -55 -56 56 59 -59 -60 61 -62 -63 -64
leaf_value=2.1070035372609679 -0.031838293619059793 2.1053075936832393 -0.12571935288375244 -0.015021710550930038 0.37296163332527216 1.4162133034687598 1.3753520832692918 0.38793048875154745 0.95632064684505469 -0.078188176724846681 -0.0080106290451284565 1.2302251758233 0.4066179134461797 0.012718003712670461 0.054161674863974593 0.48939013194511921 1.0037250587013034 0.80731768903866308 -0.078199122903333529 0.43447258949805106 -0.27598998745817127 0.27375090698897836 -0.016773443346785877 0.047302740512310433 0.88322240750978487 0.20294516710042043 0.028140171493475252 -0.044329819336695518 -0.1732308400435888 0.036765300301843766 1.7173848708945361 0.13327042039891618 -0.13995465403053897 0.11698840345922976 -0.066244400078377383 0.17732051450960726 -0.13853028092489694 0.00082711609361596765 0.83692321325603281 -0.1573405785623736 0.15575309771420154 -0.19418431506772929 0.78327709488330355 -0.051769324068856586 0.067193874755029914 -0.014702092112857367 -0.093675666714551964 -0.020212878701488753 0.03491142236880284 0.12209958452039321 -0.079376504470880641 -0.18061749958140771 -0.014628569222716256 0.019409877722347261 1.6847889090921278 0.10466240554888334 -0.073847086595538736 0.59179777372935238 -0.037538006293927034 0.02693354050821568 0.089859055082751979 -0.091418676591938572 0.27592212456185367
leaf_weight=114 17838 2326 127 8432 183 102 101 147 118 5061 23968 155 1044 11808 5559 135 107 148 834 639 1230 459 3934 1133 100 327 194 114 1442 11474 157 1845 9623 940 5624 803 959 8455 113 202 366 208 123 135 2494 26117 7394 13520 1127 758 6378 2120 974 2224 106 489 1850 169 13813 19297 2549 1038 279
leaf_count=114 17838 2326 127 8432 183 102 101 147 118 5061 23968 155 1044 11808 5559 135 107 148 834 639 1230 459 3934 1133 100 327 194 114 1442 11474 157 1845 9623 940 5624 803 959 8455 113 202 366 208 123 135 2494 26117 7394 13520 1127 758 6378 2120 974 2224 106 489 1850 169 13813 19297 2549 1038 279
internal_value=0.0157112 0.412675 1.97782 0.0782689 -0.0108833 0.0586056 0.0467171 0.0127 0.0350964 -0.0542019 0.00753609 0.0335673 0.182715 0.0618342 0.0924618 0.334743 0.0256003 0.13553 0.104323 0.0803439 -0.0994407 0.0108205 -0.0903572 0.0676748 0.127733 0.363952 0.355194 0.405053 -0.0124379 0.0651599 0.108239 0.258295 -0.104828 0.228833 -0.0634256 -0.0395172 0.00134695 -0.0064826 0.449331 0.109966 0.333224 0.0644641 0.103252 0.347821 0.0882277 -0.0320289 -0.0499621 -0.0322509 0.0759167 0.17811 -0.0391799 -0.0722499 -0.128385 -0.0483944 2.08768 0.00489824 0.0223689 0.230486 -0.0113795 0.0162629 0.021457 0.024353 0.0304961
internal_weight=231602 14541 2559 11982 217061 11868 11766 140546 11665 76515 136404 59222 4142 35254 22028 1048 11547 3115 3008 20980 25166 13226 23936 2860 2026 427 1465 1271 77182 19035 7561 2002 20002 1945 8071 6629 12767 69111 1157 1005 1005 1599 1391 258 2677 51349 25232 21172 1274 893 19898 10379 3094 7285 2432 47939 23122 658 24817 22464 11004 20614 19576
internal_count=231602 14541 2559 11982 217061 11868 11766 140546 11665 76515 136404 59222 4142 35254 22028 1048 11547 3115 3008 20980 25166 13226 23936 2860 2026 427 1465 1271 77182 19035 7561 2002 20002 1945 8071 6629 12767 69111 1157 1005 1005 1599 1391 258 2677 51349 25232 21172 1274 893 19898 10379 3094 7285 2432 47939 23122 658 24817 22464 11004 20614 19576
is_linear=0
shrinkage=0.03


Tree=78
num_leaves=64
num_cat=0
split_feature=166 97 169 73 92 155 92 169 35 149 158 155 100 168 55 158 148 161 92 149 166 169 171 169 160 136 34 90 73 16 92 100 155 163 155 35 170 169 16 170 166 41 154 73 16 166 34 53 166 169 147 92 73 169 169 161 100 162 73 169 92 55 155
split_gain=2.50074e+06 3.26082e+06 2.06719e+06 1.61377e+06 1.21562e+06 534566 463534 399300 301377 236506 125171 97763.8 95184.8 93143.9 110854 174069 425404 78166.7 76864.5 68217.6 59732.4 58178.4 47219.8 46124.9 48921.4 39633.6 33527.6 31757.4 29002.9 35582.6 28926 28518.6 27171.5 26503.1 28973.2 24959.1 23234.6 23037.4 52055.5 43088.3 29514.6 22953.4 22510.5 22256.7 42374.8 160474 263217 26914.9 26007.3 24352.9 23266.6 21796.9 21112.2 22126.3 20031.4 19272.9 19206.3 19194.4 19052.6 18012.6 17697.4 17588.5 17108.9
threshold=2.0000000000000004 78.581253051757827 -0.074117381125688539 45.365385055541999 16.156781196594242 20.650000572204593 17.433259963989261 0.99168354272842418 268.23832702636724 39.049999237060554 1.5000000000000002 15.150000095367433 -29.429267883300778 -1.0000000180025095e-35 16.697011947631839 1.0000000180025095e-35 0.73610064387321483 89.500000000000014 15.128437519073488 52.649999618530281 8.0000000000000018 0.98522606492042553 9.5000000000000018 -0.80418667197227467 2.2500000000000004 -21.563600540161129 349.90750122070318 12.575874805450441 46.460666656494148 38.47950744628907 16.737066268920902 -66.010185241699205 21.250000000000004 32.500000000000007 12.050000190734865 68.626750946044936 0.9993295967578889 0.55923160910606395 37.037387847900398 -0.099822327494621263 6.0000000000000009 16.925000190734867 1.0512386560440066 39.421312332153327 214.16979980468753 20.000000000000004 375.30046081542974 103.89029693603517 18.000000000000004 -0.24372956901788709 155.30000305175784 10.853906631469728 44.073688507080085 -0.85227432847022999 0.97508442401885997 261.50000000000006 -62.585193634033196 4.0499999523162851 51.942596435546882 -0.68430826067924488 18.725373268127445 24.618325233459476 20.849999427795414
decision_type=2 10 2 10 10 8 10 2 10 8 8 10 8 2 10 10 10 10 10 10 2 2 2 2 10 10 10 10 8 10 10 10 10 8 10 10 2 2 10 2 2 10 10 10 10 2 8 10 2 2 10 8 10 2 2 10 8 10 8 2 10 10 10
left_child=1 5 17 21 19 6 11 -6 -8 18 13 -1 -7 32 56 23 -17 -3 -2 -5 26 41 28 -16 -25 61 33 -21 36 -30 43 -27 52 34 -12 -31 54 -35 39 -39 -40 -4 -26 47 50 48 -47 -24 -46 59 -45 -43 -11 -54 -22 60 -15 -19 -42 -49 -33 -20 -32
right_child=9 2 3 4 7 12 8 -9 -10 10 20 -13 -14 14 15 16 -18 57 25 27 22 -23 30 24 42 31 -28 -29 29 35 62 55 -34 37 -36 -37 -38 38 40 -41 58 51 -44 44 45 46 -48 49 -50 -51 -52 -53 53 -55 -56 -57 -58 -59 -60 -61 -62 -63 -64
leaf_value=0.941699554014923 -0.030903010045157251 0.7474734592288732 1.5698171872251174 -0.0071766973369626584 2.1303320571380211 0.89864406914378592 2.1295351216984888 0.41282153775659391 0.19747398347100789 -0.074825094279591817 0.49278621097828479 0.01726052975154704 -0.014470740567174773 0.16018548324391066 0.010896168806771477 2.5011033520013979 0.27810474921129086 0.31482459506732613 -0.14224872843867842 0.28587378473324182 0.0063469449220816768 1.3181248554161618 0.020831911056362919 0.40827209099217393 0.089503218993532044 -0.14388468674367727 -0.095591702861068634 0.95961457483470436 0.014292487197043444 -0.1985509566791874 -0.0048205112837713089 -0.050909504269130011 -0.10841205389777336 -0.038448889848504392 -0.085239015532963314 -0.053483153625278758 0.20529634218627738 0.60577653464896031 -0.052900696270269915 0.12195781789863921 0.14158455646971124 2.5035032760119829 0.23251954337352704 0.055201021671086245 -0.023625631534699612 2.0772732613342151 -0.0089270363708859983 0.24384040890397973 0.44502640838272695 0.46379274456036268 0.21068647133796103 2.0432067677859083 -0.3194424258995906 0.12587923375439708 0.15015067485912023 -0.036773254139486962 0.015440890381153408 -0.092116319335326546 -0.047397022779581223 0.049616335354234549 -0.15986079580978158 -0.28354183151819179 -0.2185358823831699
leaf_weight=132 49789 119 101 834 528 103 260 159 101 985 187 456 8511 979 1247 100 334 114 4019 168 36720 111 15602 952 1783 4463 6139 101 7828 1213 5534 2676 2040 19343 133 8855 554 213 4264 737 1520 121 2233 8324 571 104 113 586 130 180 966 1525 106 1644 892 11540 5220 1124 701 1607 2693 989 358
leaf_count=132 49789 119 101 834 528 103 260 159 101 985 187 456 8511 979 1247 100 334 114 4019 168 36720 111 15602 952 1783 4463 6139 101 7828 1213 5534 2676 2040 19343 133 8855 554 213 4264 737 1520 121 2233 8324 571 104 113 586 130 180 966 1525 106 1644 892 11540 5220 1124 701 1607 2693 989 358
internal_value=0.0152803 0.395768 1.0161 1.38786 0.744387 0.071034 0.746405 1.73401 1.59102 -0.0102455 0.0127653 0.226034 -0.00344933 0.0875524 0.129596 0.214674 0.794889 0.0163997 -0.0528405 0.126993 0.00208195 2.00705 0.0147577 0.174035 0.214974 -0.094242 -0.0322934 0.541457 -0.0021708 -0.0336812 0.0426086 -0.0764353 -0.025577 -0.0179504 0.253027 -0.070979 0.0126049 -0.0211979 0.0236817 0.230958 -0.00671355 2.05005 0.169062 0.0552465 0.0906223 0.284963 0.995853 0.0351527 0.0637957 0.12926 0.0713898 2.07854 0.0362257 0.0987384 0.00976127 -0.0586251 0.0383224 -0.0544197 0.081943 0.101603 -0.105577 -0.170203 -0.0178408
internal_weight=231734 14568 5005 3648 1790 9563 949 687 361 217166 140997 588 8614 17623 12848 6649 434 1357 76169 1103 123374 1858 90137 6215 4968 26380 33237 269 56062 17896 34075 21372 4775 27098 320 10068 38166 26778 7435 950 6485 1747 4016 28183 10208 918 217 17975 701 2373 9290 1646 2735 1750 37612 16909 6199 1238 2221 2193 5369 5008 5892
internal_count=231734 14568 5005 3648 1790 9563 949 687 361 217166 140997 588 8614 17623 12848 6649 434 1357 76169 1103 123374 1858 90137 6215 4968 26380 33237 269 56062 17896 34075 21372 4775 27098 320 10068 38166 26778 7435 950 6485 1747 4016 28183 10208 918 217 17975 701 2373 9290 1646 2735 1750 37612 16909 6199 1238 2221 2193 5369 5008 5892
is_linear=0
shrinkage=0.03


Tree=79
num_leaves=64
num_cat=0
split_feature=168 97 73 171 118 90 171 155 151 155 155 149 150 147 149 151 149 165 73 118 165 164 97 151 160 71 165 147 159 159 158 72 109 150 163 145 145 145 148 109 159 165 149 155 160 155 55 150 171 163 72 164 164 91 160 158 155 74 90 90 165 36 16
split_gain=1.25533e+06 1.79853e+06 905957 780467 430062 305329 416621 266608 212673 208389 195158 186769 179876 148876 174234 190953 262929 174019 142314 132090 129997 116112 163197 105642 116264 102674 101981 97703.3 95601.1 78619.4 77230.5 74852.6 73375.8 72085.4 63788.5 62257.6 53508.6 51941 51217 50460.3 47284.9 41265.7 92974.1 41000.2 40690.8 76253.4 39344.6 41172.4 41985.2 32925.5 29893.9 29577.8 64425.8 29409.5 26375.5 23963.4 21832.1 23158.3 21784.8 20786.8 21438.4 20536.9 20125.1
threshold=0.83651629090309154 78.581253051757827 44.073688507080085 7.5000000000000009 24.561841011047367 14.288798809051515 3.5000000000000004 12.449999809265138 79.500000000000014 13.150000095367433 25.050000190734867 39.399999618530281 0.88566884398460399 1151.100036621094 21.150000572204593 85.500000000000014 31.349999427795414 0.85260769724845897 64.148513793945327 6.1906251907348642 -0.21643137186765668 0.94828754663467418 122.56250000000001 56.500000000000007 3.5499999523162846 34.622459411621101 -0.49240480363368982 149.69999694824222 989.25000000000011 986.95001220703136 1.0000000180025095e-35 42.827121734619148 226.57260894775393 1.3527807593345644 32.500000000000007 172.05000305175784 138.55000305175784 178.55000305175784 1.7174209952354433 214.27542877197268 984.54998779296886 0.50751903653144848 53.549999237060554 17.250000000000004 5.4500000476837167 20.44999980926514 15.803606510162355 1.8268405795097353 10.500000000000002 172.50000000000003 41.003559112548835 0.82409480214118969 0.85260769724845897 9.9248704910278338 1.9499999880790713 15.500000000000002 37.149999618530281 25.39495944976807 17.389033317565922 18.138388633728031 0.39873388409614569 251.07353973388675 441.21844482421881
decision_type=2 10 10 2 10 10 2 10 10 8 10 8 10 10 10 10 10 10 10 10 10 10 10 10 10 10 10 10 10 10 10 10 10 10 8 10 10 10 10 10 10 10 10 10 10 10 8 10 2 10 8 10 10 8 10 10 10 8 10 10 10 8 8
left_child=11 4 3 12 9 50 8 -5 10 -2 18 32 31 14 -14 16 -16 20 23 -11 26 35 -23 24 -7 29 -18 33 -6 -21 -19 -3 53 -22 39 -8 44 -15 -33 -13 -12 42 -29 -30 -26 -46 61 51 -49 -43 -4 58 -53 -1 -37 -50 57 -55 -48 -27 -61 -36 -60
right_child=1 2 5 7 28 6 21 -9 -10 19 40 34 13 37 15 -17 17 30 -20 25 27 22 -24 -25 36 59 -28 41 43 -31 -32 38 -34 -35 46 54 -38 -39 -40 -41 -42 49 -44 -45 45 -47 47 48 55 -51 -52 52 -54 56 -56 -57 -58 -59 62 60 -62 -63 -64
leaf_value=-0.018469830795281181 1.2798120897855514 1.7769373138609961 0.51844265126046685 1.2869944487441574 1.6339530486257179 1.6120890722916676 0.0048499504030648571 -0.0065142286849492583 -0.033197855696909959 -0.0071274438461100664 0.77632506164704795 0.055515637559376066 2.0471114534025738 -0.10965819620299995 2.120541544604301 0.031524026525948573 1.1995533894684356 -0.026002735916623158 1.9617182967165014 1.4772877817197676 1.4213925621726295 1.7350049696755732 0.037509355520596727 1.590366060725704 0.29182990256283015 0.09774383656359438 -0.0098208758665455712 1.807987263163582 0.94855962543494321 0.3203200544858617 0.82924530040531252 1.5223619702880362 -0.15222449964372345 0.39273054320778383 -0.0094165026766107589 0.64713604578605055 0.041773687326818895 0.71580678605390713 0.58097688157441052 0.31535951549583496 0.091040474326844423 1.9991399002075194 0.5822531911976776 0.20373692299179527 1.5344091173261403 0.45943712268455711 0.024430605999075258 0.020828423046327402 0.2945728861362199 1.3161401422220524 0.046191942211548244 0.86380336380926315 0.086437890903910561 -0.11951231260973579 0.23151820226400657 0.017578593661921171 0.0039866159240509336 -0.055430766943017136 -0.030505528917650921 0.61017218060195444 0.087419266436249018 -0.13211585158397968 0.075994790290830311
leaf_weight=27783 116 453 125 168 137 129 1275 947 215 20986 160 1909 156 126 199 166 117 189 181 108 109 100 103 220 107 695 134 121 175 104 190 112 5929 141 56457 207 118 149 100 1038 208 221 105 108 119 120 45199 1716 1271 102 2844 112 638 6140 411 361 4446 29289 13028 174 119 1254 1819
leaf_count=27783 116 453 125 168 137 129 1275 947 215 20986 160 1909 156 126 199 166 117 189 181 108 109 100 103 220 107 695 134 121 175 104 190 112 5929 141 56457 207 118 149 100 1038 208 221 105 108 119 120 45199 1716 1271 102 2844 112 638 6140 411 361 4446 29289 13028 174 119 1254 1819
internal_value=0.0155065 0.185747 0.507477 0.863811 0.0349757 0.292516 0.475352 0.189361 0.843555 0.0170431 0.981879 -0.0131286 1.12387 0.993561 1.08571 1.00102 1.09979 0.95626 1.20029 0.0103833 1.1551 0.198052 0.87812 1.02857 0.817814 0.316368 0.556434 1.34223 0.984892 0.913887 0.403804 1.55771 -0.0510358 0.845103 0.00922281 0.124698 0.593999 0.338567 1.08312 0.147114 0.390287 1.56666 1.24358 0.666035 0.781667 0.998837 0.00588679 0.022056 0.124462 1.78818 0.0662424 0.0164146 0.20352 -0.0421663 0.371551 0.23335 -0.058676 -0.0665394 0.0140743 0.187361 0.398879 -0.0120849 -0.0174533
internal_weight=231758 33369 10647 4005 22722 6642 3673 1115 1577 22302 1362 198389 2890 2225 1950 1794 1628 1429 994 22186 1050 2096 203 813 593 1200 251 799 420 212 379 665 73587 250 124802 1893 464 275 212 2947 368 549 226 283 346 239 121855 64144 3348 323 2969 60796 750 67658 618 1632 39875 35429 60046 988 293 57711 14847
internal_count=231758 33369 10647 4005 22722 6642 3673 1115 1577 22302 1362 198389 2890 2225 1950 1794 1628 1429 994 22186 1050 2096 203 813 593 1200 251 799 420 212 379 665 73587 250 124802 1893 464 275 212 2947 368 549 226 283 346 239 121855 64144 3348 323 2969 60796 750 67658 618 1632 39875 35429 60046 988 293 57711 14847
is_linear=0
shrinkage=0.03


Tree=80
num_leaves=64
num_cat=0
split_feature=168 145 167 73 136 109 54 54 136 155 149 91 34 92 118 145 53 159 109 163 163 167 55 55 109 152 149 158 35 136 164 36 54 161 109 161 91 53 91 156 149 160 156 76 145 168 159 156 92 54 167 91 91 106 35 152 152 147 92 73 152 156 35
split_gain=1.1776e+06 1.64296e+06 2.45795e+06 1.70248e+06 996901 571278 526807 279325 230585 176424 174606 161492 309282 184497 157184 95771.3 82903.8 74382.3 70830.8 60580.4 55753.3 55190.3 56228.3 51173.2 44708.3 41050.8 38687.9 35906.2 33943 32578.6 33452.4 30176.2 26865.9 36193.3 26690.7 25797 32310.9 23385.5 22080.2 21541.8 25514.5 22795.5 21414.9 20026 19970.6 19412.4 20254.4 19322.8 18782.5 18682.6 25585.9 18087.2 17659.9 17642.5 17237.2 17055.4 16726.1 16520.3 16002.3 22478.1 15835.6 15853.8 15660.3
threshold=0.83651629090309154 76.950000762939467 1.0000000180025095e-35 45.365385055541999 -2.1550635099411006 234.14511871337893 34.918319702148445 55.521131515502937 -2.1550635099411006 14.949999809265138 39.399999618530281 13.180346488952638 242.24699401855472 15.885952472686769 30.092072486877445 77.65000152587892 47.679401397705085 985.75000000000011 226.57260894775393 32.500000000000007 177.50000000000003 0.48296290636062628 17.025054931640629 18.214610099792484 214.27542877197268 0.68513426184654247 134.34999847412112 12.500000000000002 300.39071655273443 -4.2005860805511466 -0.73724925518035878 75.065361022949233 49.359436035156257 59.500000000000007 -817.16308593749989 150.50000000000003 11.641781330108644 99.169261932373061 20.09790134429932 34.500000000000007 51.45000076293946 1.0500000119209292 40.500000000000007 18.371000289916996 172.05000305175784 -0.48296290636062617 982.45001220703136 31.500000000000004 20.536111831665043 102.6146812438965 1.0000000180025095e-35 25.899402618408207 12.750545024871828 103.26666641235353 160.04531097412112 1.3754165172576907 0.71625083684921276 101.15000152587892 10.13170099258423 91.758628845214858 0.15930606424808505 95.500000000000014 165.86624145507815
decision_type=2 10 2 10 10 8 10 10 10 8 8 10 10 10 10 10 10 10 10 8 10 2 10 10 10 8 10 10 10 8 10 10 10 10 8 10 10 10 8 10 10 10 10 2 10 2 10 8 10 8 2 10 10 8 10 10 10 8 10 8 10 10 10
left_child=10 8 15 5 11 6 -4 16 9 -2 18 -5 13 -13 34 -3 -7 -15 29 24 26 22 47 35 42 27 39 32 -14 45 38 -23 -24 -34 -11 -8 -37 43 -31 40 -17 -41 -12 62 -30 46 -1 -21 -36 50 -39 -20 -35 -33 -38 -32 60 -45 -49 -60 -26 -62 -27
right_child=1 2 3 4 -6 7 23 -9 -10 14 19 12 28 17 -16 20 -18 -19 51 21 -22 31 25 -25 56 37 -28 -29 44 30 55 53 33 52 48 36 54 49 -40 41 -42 -43 -44 57 -46 -47 -48 58 -50 -51 -52 -53 -54 -55 -56 -57 -58 -59 59 -61 61 -63 -64
leaf_value=-0.021766161834493709 1.1289226099491119 0.86861588540718071 -0.044587254986680785 0.059905191117301866 2.0419416582131689 0.79725753866574345 2.1085837421781406 -0.023659973963477399 1.1451513330388514 0.45406414569022929 0.41984743031271893 0.40826143593661429 0.50957947830759709 0.95832658848672536 1.1345512086973277 0.1292950721935166 2.0170549139609699 1.9801534464106212 -0.11948500786252025 0.14379727799519826 -0.069332900071866141 -0.00054631696779001407 0.078001551829627855 1.3597321792914323 0.22480842953398056 0.013181521784339982 0.41763640516826084 -0.026071468105312856 -0.078326429439388875 -0.19828959331161977 -0.18248360562821683 0.089364732292371268 0.67615835978183891 0.42462076970724605 -0.0055962260581780268 1.2867709879605274 1.4513500569167646 0.18373151920403077 -0.0027544563750206458 0.32974794264842744 0.63919132861623862 0.0483853601002689 0.030808662860811145 -0.20843553577766225 0.27775899299611784 -0.014213727062054175 -0.071454045747283798 0.019217136057672054 -0.18811580091271543 0.082823869596873267 0.69635855473991892 -0.2424775274976585 0.16841880373349238 -0.055454146095410405 1.9003350362067666 -0.071681763402649187 -0.055374424281828802 -0.0018610704044787934 -0.012254580104791754 -0.13124313619491079 0.57356385119237241 0.14333458838272181 0.066645935791115302
leaf_weight=13484 124 132 144 1556 315 101 418 293 160 111 136 197 185 105 108 265 103 178 4448 806 2184 29923 828 195 484 7828 349 735 401 602 3386 790 191 325 19488 105 102 472 3765 278 132 3654 1810 369 218 28075 16322 15593 520 1741 107 1421 953 17728 1097 1985 105 5975 22673 1524 336 101 13324
leaf_count=13484 124 132 144 1556 315 101 418 293 160 111 136 197 185 105 108 265 103 178 4448 806 2184 29923 828 195 484 7828 349 735 401 602 3386 790 191 325 19488 105 102 472 3765 278 132 3654 1810 369 218 28075 16322 15593 520 1741 107 1421 953 17728 1097 1985 105 5975 22673 1524 336 101 13324
internal_value=0.0150388 0.18035 0.448387 0.909984 0.443446 1.48501 1.70514 0.570558 0.014281 0.00533429 -0.0126476 0.265492 0.514389 1.11615 -0.00160925 0.0712594 1.41997 1.60574 -0.0493365 0.00894687 0.0557968 0.00568319 0.0220779 1.83653 0.142747 0.0512587 0.114218 0.156411 0.154191 -0.0406581 -0.0914235 -0.0191736 0.214788 0.291783 -0.00776431 1.8897 1.81797 0.0405609 -0.0297486 0.0896658 0.300012 0.068357 0.0581991 0.0328404 0.0473258 -0.0321158 -0.0489771 -0.00153434 -0.010349 0.132008 0.279503 -0.1493 0.233853 -0.0492715 1.86338 -0.141555 0.302895 -0.0139075 -0.00448177 -0.019754 0.343756 0.474683 0.0468612
internal_weight=231563 33218 12707 5713 3155 2558 2061 497 20511 20351 198345 2840 1284 480 20227 6994 204 283 73488 124857 6862 121885 73444 1917 2972 32848 4678 3032 804 67619 9738 48441 2297 1469 20119 1722 1304 29816 4367 4329 397 3932 1946 27496 619 57881 29806 40596 20008 2320 579 5869 1278 18518 1199 5371 1026 6344 39790 24197 921 437 21152
internal_count=231563 33218 12707 5713 3155 2558 2061 497 20511 20351 198345 2840 1284 480 20227 6994 204 283 73488 124857 6862 121885 73444 1917 2972 32848 4678 3032 804 67619 9738 48441 2297 1469 20119 1722 1304 29816 4367 4329 397 3932 1946 27496 619 57881 29806 40596 20008 2320 579 5869 1278 18518 1199 5371 1026 6344 39790 24197 921 437 21152
is_linear=0
shrinkage=0.03


Tree=81
num_leaves=64
num_cat=0
split_feature=166 93 118 126 149 118 135 153 158 164 169 92 171 152 100 166 171 127 161 158 24 150 171 145 33 170 92 147 163 99 73 92 169 54 170 166 152 73 92 53 54 166 34 53 144 169 147 35 136 169 92 170 169 53 170 169 133 159 156 145 93 147 118
split_gain=2.15443e+06 6.70751e+06 535721 481874 201293 192326 160425 127179 114121 82318.3 382812 67267.4 58979.5 58815.8 55319.2 53736.9 43788.2 41462.1 50797 59038.5 40980.1 37339.3 35567.2 34035.4 32841.7 30093.7 27643.5 26720.1 26366.2 27367.8 24997.3 27787.2 24815.2 58828.6 35645.8 31384.5 24072.2 22889 28289.3 34313.6 68398.8 193457 349173 29175.6 26908.1 22295.8 21960.9 21929.2 21811.8 20344.6 22562.2 19966.5 19914 18878.9 18770.5 18221.6 18214 18079.8 18023.4 17874.5 17463 15890.3 29583.3
threshold=2.0000000000000004 16.399159431457523 -21.159758567810055 -71.91393661499022 39.399999618530281 27.537136077880863 -0.78922915458679188 93.15000152587892 1.5000000000000002 0.8038262426853181 -0.93545487523078907 15.421875953674318 10.500000000000002 0.810533106327057 -58.364820480346673 8.0000000000000018 9.5000000000000018 -27.614594459533688 82.500000000000014 43.500000000000007 676.75000000000011 1.8890748023986819 4.5000000000000009 167.85000610351565 372.63890075683599 -0.42958799004554743 16.910648345947269 232.59999847412112 32.500000000000007 100.47219085693361 46.460666656494148 12.562289237976076 0.55923160910606395 12.037533760070803 -0.099822327494621263 6.0000000000000009 0.52076938748359691 28.512415885925297 10.976138114929201 59.823543548583991 58.954921722412116 18.000000000000004 300.16474914550787 51.898080825805671 28.000000000000004 0.98667103052139293 144.1499938964844 270.01866149902349 -30.68100547790527 0.95502296090126049 18.202597618103031 0.9993295967578889 -0.56368473172187794 99.169261932373061 -0.15101602673530576 0.97508442401885997 60.427082061767585 990.04998779296886 48.500000000000007 83.250000000000014 20.947998046875004 112.34999847412111 15.899485111236574
decision_type=2 10 10 8 8 10 10 10 8 10 2 10 2 10 8 2 2 10 8 10 8 10 2 10 10 2 10 10 8 10 8 10 2 10 2 2 10 10 8 8 10 2 10 8 2 2 10 10 10 2 10 2 2 8 2 2 10 10 10 8 10 8 10
left_child=1 3 -3 -1 11 6 7 17 9 12 -11 -2 14 21 27 24 30 18 19 -5 36 46 25 52 28 -13 37 -6 29 -10 51 -32 -30 34 -34 -35 -19 53 43 40 -40 -42 44 -39 -43 -4 -14 -16 -23 57 -51 55 -12 -18 -37 -17 -24 -27 -52 -28 -29 -20 -63
right_child=4 2 45 5 8 -7 -8 -9 15 10 23 22 13 -15 47 16 26 20 61 -21 -22 48 56 -25 -26 49 59 60 32 -31 31 -33 33 35 -36 54 -38 38 39 -41 41 42 -44 -45 -46 -47 -48 -49 -50 50 58 -53 -54 -55 -56 -57 -58 -59 -60 -61 -62 62 -64
leaf_value=1.9467346276220727 -0.028513626171562886 0.011904953132139757 1.8926803183212779 0.85778978624465785 -0.13775652590823376 1.3002758634307168 1.1649422626869868 1.0007352527026085 0.0091573273114003879 1.7314087210923432 -0.25429435438657766 -0.24201469784823512 0.053256057594740662 -0.0092928949069099789 0.0023682793256026759 0.0055003283660938866 -0.013206907034483057 0.28484041064671406 -0.13263561435233162 -0.031024474446540294 0.75284093592370693 0.019761474338955566 -0.12311877819567024 0.4406504320003769 -0.098829373854979613 -0.0038606691743252072 -0.26806147087685644 0.17840871184564538 -0.03821301842911605 0.5514674612074284 -0.003831773252442325 -0.082063300341740281 0.65459398314476336 -0.045810414348592177 0.15460808186252889 -0.089262192626547818 0.018528255756498052 0.05948746889886336 0.063549694684391797 0.013647623201658915 0.015275473761781354 -0.032915332734584808 2.3608340134898431 0.22211533658463237 0.57183323679954412 1.4228989347389767 0.2113077362735156 -0.13539801125568701 0.37320319484373887 -0.03647011569016248 -0.070856414312181926 0.19631059991519423 0.11656961537117906 0.086366066999781069 0.1284854503442722 0.14221002341937003 -0.25314636284290076 -0.084576616576959071 -0.21200282045167351 -0.0097102565396422445 0.58228871425957351 -0.010367948553817086 0.30676074121700048
leaf_weight=121 51037 148 2294 131 235 109 112 119 193 149 148 825 1511 1834 6416 36641 6638 516 904 137 101 182 6410 274 5339 7117 252 1555 20107 147 11456 6351 186 4485 412 435 747 1961 5913 8969 641 119 102 2012 148 111 1662 1240 1155 2720 1404 517 1040 2309 1953 898 1143 3847 1942 5093 102 8748 272
leaf_count=121 51037 148 2294 131 235 109 112 119 193 149 148 825 1511 1834 6416 36641 6638 516 904 137 101 182 6410 274 5339 7117 252 1555 20107 147 11456 6351 186 4485 412 435 747 1961 5913 8969 641 119 102 2012 148 111 1662 1240 1155 2720 1404 517 1040 2309 1953 898 1143 3847 1942 5093 102 8748 272
internal_value=0.0145069 0.367645 1.76384 0.0709035 -0.00918083 0.0516615 0.0400056 0.0291151 0.0120998 0.0837809 0.288058 -0.0483706 0.0630562 0.13395 0.0159428 0.00192184 0.0139608 0.0190239 -0.00177101 0.405007 0.174294 0.19219 -0.0882545 0.139876 -0.0306646 -0.0651627 0.0407182 0.161156 -0.0176258 0.244556 -0.00240026 -0.0317367 -0.0208669 0.0258162 0.310955 0.000965484 0.12747 0.0523422 0.0702865 0.0523802 0.10255 0.33059 0.876809 0.14188 0.303184 1.8716 0.136083 -0.0199597 0.325141 -0.0565816 -0.100661 0.0113272 0.0701927 0.0124972 0.0887996 0.00877437 -0.142827 -0.0321871 -0.152816 -0.0219386 0.203607 -0.0127958 -0.000771921
internal_weight=231795 14570 2553 12017 217225 11896 11787 11675 140780 17503 1611 76445 15892 6344 9548 123277 90020 11556 10192 268 1364 4510 25408 1462 33257 17855 34157 1892 27918 340 55863 17807 27578 7471 598 6873 1263 28812 19865 15892 6923 1010 369 3973 267 2405 3173 7656 1337 17030 6066 38056 1188 8947 2388 37539 7553 10964 3346 5345 1657 9924 9020
internal_count=231795 14570 2553 12017 217225 11896 11787 11675 140780 17503 1611 76445 15892 6344 9548 123277 90020 11556 10192 268 1364 4510 25408 1462 33257 17855 34157 1892 27918 340 55863 17807 27578 7471 598 6873 1263 28812 19865 15892 6923 1010 369 3973 267 2405 3173 7656 1337 17030 6066 38056 1188 8947 2388 37539 7553 10964 3346 5345 1657 9924 9020
is_linear=0
shrinkage=0.03


Tree=82
num_leaves=64
num_cat=0
split_feature=166 93 108 118 149 135 155 163 156 155 34 109 166 55 151 151 161 169 16 54 160 165 90 54 54 55 100 169 156 34 170 149 54 142 118 71 19 106 35 166 170 133 169 156 73 93 15 166 54 106 170 169 166 158 170 53 83 155 151 118 167 160 156
split_gain=2.00802e+06 6.40009e+06 537909 296445 183248 145379 122391 112404 91235.4 174674 63132.8 62429.4 60082.3 66125.8 83164.6 117997 230716 36775 98411 30352.1 27071.6 53146.2 23578.5 24279.3 23134.8 22189.5 21762.6 21671.6 27484.2 21528 21074.6 20351.3 19735.2 21099.6 19300.4 19077.6 20794.5 19029.5 18304.2 19217.3 18767.5 17325.8 16862.4 19397.9 16716.3 20067.2 41096.8 96406 16483.9 16359.2 16128.3 15437.9 14753.8 16068.2 14705.5 19494.2 14605.8 14244.5 13623.2 13443.8 13088.5 23061.2 14549.2
threshold=2.0000000000000004 16.399159431457523 375.72270202636724 28.559498786926273 39.399999618530281 -2.294934749603271 12.250000000000002 32.500000000000007 50.500000000000007 24.349999427795414 245.94644927978518 214.27542877197268 8.0000000000000018 16.697011947631839 38.500000000000007 35.500000000000007 121.50000000000001 0.70290291309356701 151.14308166503909 51.379699707031257 2.8500000238418584 0.13052122294902804 19.877701759338382 37.335266113281257 56.300737380981452 26.074466705322269 -60.898111343383782 0.75014290213584911 38.500000000000007 292.19725036621099 -0.42958799004554743 41.45000076293946 38.302040100097663 -0.043617725372314446 6.1906251907348642 1.0000000180025095e-35 117.16650009155275 69.131248474121108 152.812370300293 6.0000000000000009 -0.15101602673530576 39.518749237060554 -0.056952163577079766 61.500000000000007 28.739593505859379 3.1084167957305913 206.723258972168 18.000000000000004 99.519210815429702 106.18125152587892 -0.11692317575216292 -0.93545487523078907 20.000000000000004 29.500000000000004 0.99895980954170238 99.169261932373061 3.7875000238418584 30.650000572204593 11.500000000000002 13.333183288574221 0.83651629090309154 8.2500000000000018 68.500000000000014
decision_type=2 10 8 10 8 10 8 8 8 10 8 10 2 10 8 10 10 2 8 10 8 10 8 10 10 10 8 2 8 10 2 10 10 10 10 10 10 10 8 2 2 10 2 10 10 10 10 2 8 10 2 2 2 10 2 8 10 10 10 10 2 10 10
left_child=1 3 49 5 10 6 -1 11 9 31 32 52 17 27 15 19 -17 25 38 -15 21 -10 23 -16 26 34 -12 -14 -29 -13 -20 -8 -2 60 -9 36 -22 -21 39 -19 -41 -26 43 -31 54 46 -46 -48 59 -3 56 -28 -6 57 55 -25 -30 58 -54 -24 -34 62 -62
right_child=4 2 -4 -5 7 -7 8 12 20 -11 24 29 13 14 22 16 -18 18 30 37 35 -23 48 44 41 -27 51 28 50 42 -32 -33 33 -35 -36 -37 -38 -39 -40 40 -42 -43 -44 -45 45 -47 47 -49 -50 -51 -52 -53 53 -55 -56 -57 -58 -59 -60 -61 61 -63 -64
leaf_value=0.94063264278092773 -0.017218777902275446 2.0252905524784897 -0.13084578107275507 1.6059097387983992 0.011200490521094873 0.92986453299780925 -0.065109159396900054 -0.033018248260495646 0.063037837553674633 1.2210759092346291 -0.17967781840413516 0.72043677992259081 0.0069782889838748393 0.037495122299309035 0.0037631287472543119 1.9136626863421744 -0.010861005487761671 -0.012476470472193241 0.64874583803406305 0.59621537479735509 0.047071180381301425 0.73980763580386089 -0.052345083798876479 -0.025163683883662163 -0.09308817126999315 -0.08988789979309901 0.17641998919434085 0.11743266805253283 -0.057426989627868519 -0.044635930763638532 0.27057319024655613 0.33817557488739824 -0.043497260617683435 -0.087208842561798089 0.11589986509346228 -0.016458058726913135 0.49017540124690395 0.21185642736208679 -0.057344775570058723 -0.053212178903535849 0.19018536911605821 -0.20123406939743183 -0.073352316448894825 0.36714156981429147 0.095474035237331459 0.061991008072253023 0.089447587768301501 0.98944708592783315 0.077933183569769526 1.7781161087052497 -0.030368764622340862 -0.064400515355240898 0.30490248705391532 -0.012148473309714945 0.14833920106830817 0.11193936882052236 -0.19742640108929002 0.54685166858423206 0.070733586342400498 0.072618246468405617 0.16383675864005329 -0.08555749782464675 -0.016367422760011564
leaf_weight=132 34990 342 135 110 1335 165 303 21448 589 162 1532 116 40376 1139 9316 102 123 2353 173 130 309 126 5285 4614 2626 6690 244 966 1734 114 573 178 11381 9522 812 9746 137 1041 3115 387 1078 2714 103 1043 2153 17243 306 164 1462 2097 9858 10944 404 393 697 1169 1094 103 501 907 1074 988 645
leaf_count=132 34990 342 135 110 1335 165 303 21448 589 162 1532 116 40376 1139 9316 102 123 2353 173 130 309 126 5285 4614 2626 6690 244 966 1734 114 573 178 11381 9522 812 9746 137 1041 3115 387 1078 2714 103 1043 2153 17243 306 164 1462 2097 9858 10944 404 393 697 1169 1094 103 501 907 1074 988 645
internal_value=0.0135125 0.354929 1.7116 0.062758 -0.00932192 0.0482955 0.0357654 0.01102 0.0253435 0.372322 -0.0466355 0.165541 0.00636425 0.0184171 0.0449142 0.211894 0.866197 -0.0265008 0.0318618 0.147816 0.00485584 0.183167 0.0351373 0.0453911 -0.0956747 -0.041982 -0.0736646 -0.0040701 -0.036744 0.330301 0.359024 0.0845233 -0.0315207 -0.0527144 -0.0275811 -0.00767001 0.183974 0.254999 -0.00338798 0.0406374 0.125896 -0.14808 0.293841 0.326565 0.0601102 0.0737576 0.151056 0.404924 -0.0126378 1.81359 -0.0484924 -0.0591331 0.0825881 0.150556 0.0182656 0.00256547 -0.111636 0.213941 0.17549 -0.0340318 -0.0293953 0.0298873 0.0962507
internal_weight=231811 14531 2574 11957 217280 11847 11682 140620 11550 643 76660 4112 136508 99879 45851 2535 225 36629 7679 2310 10907 715 43316 35662 18060 28950 12720 54028 13652 1376 746 481 58600 23610 22260 10192 446 1171 6933 3818 1465 5340 1260 1157 26346 19866 2623 470 7654 2439 12686 11188 2736 1401 6480 5783 2828 1008 905 6192 14088 2707 1719
internal_count=231811 14531 2574 11957 217280 11847 11682 140620 11550 643 76660 4112 136508 99879 45851 2535 225 36629 7679 2310 10907 715 43316 35662 18060 28950 12720 54028 13652 1376 746 481 58600 23610 22260 10192 446 1171 6933 3818 1465 5340 1260 1157 26346 19866 2623 470 7654 2439 12686 11188 2736 1401 6480 5783 2828 1008 905 6192 14088 2707 1719
is_linear=0
shrinkage=0.03


end of trees

feature_importances:
Column_93=366
Column_92=325
Column_166=229
Column_156=219
Column_163=203
Column_169=198
Column_90=196
Column_91=181
Column_155=179
Column_159=157
Column_167=152
Column_76=142
Column_160=127
Column_151=120
Column_35=105
Column_73=101
Column_55=92
Column_16=90
Column_170=90
Column_145=86
Column_168=86
Column_149=85
Column_165=82
Column_162=80
Column_118=77
Column_80=76
Column_158=75
Column_161=75
Column_164=74
Column_54=69
Column_136=69
Column_89=66
Column_72=63
Column_34=61
Column_147=60
Column_53=55
Column_153=54
Column_171=51
Column_74=50
Column_15=47
Column_81=47
Column_144=47
Column_82=45
Column_109=45
Column_152=44
Column_137=41
Column_85=40
Column_61=38
Column_84=38
Column_100=38
Column_77=34
Column_87=34
Column_148=33
Column_135=32
Column_127=31
Column_78=30
Column_83=30
Column_36=29
Column_154=29
Column_86=27
Column_33=26
Column_79=26
Column_150=26
Column_124=23
Column_52=21
Column_106=21
Column_94=20
Column_43=19
Column_71=19
Column_38=18
Column_41=18
Column_62=18
Column_97=18
Column_48=17
Column_63=17
Column_142=16
Column_88=15
Column_47=14
Column_117=14
Column_126=14
Column_134=14
Column_14=13
Column_29=13
Column_99=13
Column_49=12
Column_50=12
Column_108=12
Column_19=11
Column_32=11
Column_146=11
Column_11=10
Column_42=10
Column_44=10
Column_9=9
Column_23=9
Column_30=9
Column_70=9
Column_95=9
Column_5=8
Column_10=8
Column_17=8
Column_27=8
Column_31=8
Column_60=8
Column_75=8
Column_115=8
Column_133=8
Column_139=8
Column_7=7
Column_28=7
Column_45=7
Column_46=7
Column_68=7
Column_96=7
Column_141=7
Column_2=6
Column_12=6
Column_21=6
Column_26=6
Column_40=6
Column_57=6
Column_66=6
Column_67=6
Column_119=6
Column_128=6
Column_4=5
Column_20=5
Column_22=5
Column_64=5
Column_65=5
Column_0=4
Column_3=4
Column_13=4
Column_18=4
Column_24=4
Column_56=4
Column_69=4
Column_105=4
Column_113=4
Column_143=4
Column_6=3
Column_25=3
Column_39=3
Column_51=3
Column_132=3
Column_140=3
Column_37=2
Column_58=2
Column_59=2
Column_103=2
Column_110=2
Column_121=2
Column_131=2
Column_8=1
Column_101=1
Column_107=1
Column_112=1
Column_116=1
Column_120=1
Column_122=1
Column_129=1
Column_172=1

parameters:
[boosting: gbdt]
[objective: regression]
[metric: l2]
[tree_learner: serial]
[device_type: cpu]
[data_sample_strategy: bagging]
[data: ]
[valid: ]
[num_iterations: 450]
[learning_rate: 0.03]
[num_leaves: 64]
[num_threads: 8]
[seed: 0]
[deterministic: 0]
[force_col_wise: 0]
[force_row_wise: 0]
[histogram_pool_size: -1]
[max_depth: -1]
[min_data_in_leaf: 100]
[min_sum_hessian_in_leaf: 0.001]
[bagging_fraction: 0.8]
[pos_bagging_fraction: 1]
[neg_bagging_fraction: 1]
[bagging_freq: 1]
[bagging_seed: 3]
[bagging_by_query: 0]
[feature_fraction: 0.8]
[feature_fraction_bynode: 1]
[feature_fraction_seed: 2]
[extra_trees: 0]
[extra_seed: 6]
[early_stopping_round: 0]
[early_stopping_min_delta: 0]
[first_metric_only: 0]
[max_delta_step: 0]
[lambda_l1: 0]
[lambda_l2: 1]
[linear_lambda: 0]
[min_gain_to_split: 0]
[drop_rate: 0.1]
[max_drop: 50]
[skip_drop: 0.5]
[xgboost_dart_mode: 0]
[uniform_drop: 0]
[drop_seed: 4]
[top_rate: 0.2]
[other_rate: 0.1]
[min_data_per_group: 100]
[max_cat_threshold: 32]
[cat_l2: 10]
[cat_smooth: 10]
[max_cat_to_onehot: 4]
[top_k: 20]
[monotone_constraints: ]
[monotone_constraints_method: basic]
[monotone_penalty: 0]
[feature_contri: ]
[forcedsplits_filename: ]
[refit_decay_rate: 0.9]
[cegb_tradeoff: 1]
[cegb_penalty_split: 0]
[cegb_penalty_feature_lazy: ]
[cegb_penalty_feature_coupled: ]
[path_smooth: 0]
[interaction_constraints: ]
[verbosity: -1]
[saved_feature_importance_type: 0]
[use_quantized_grad: 0]
[num_grad_quant_bins: 4]
[quant_train_renew_leaf: 0]
[stochastic_rounding: 1]
[linear_tree: 0]
[max_bin: 255]
[max_bin_by_feature: ]
[min_data_in_bin: 3]
[bin_construct_sample_cnt: 200000]
[data_random_seed: 1]
[is_enable_sparse: 1]
[enable_bundle: 1]
[use_missing: 1]
[zero_as_missing: 0]
[feature_pre_filter: 1]
[pre_partition: 0]
[two_round: 0]
[header: 0]
[label_column: ]
[weight_column: ]
[group_column: ]
[ignore_column: ]
[categorical_feature: ]
[forcedbins_filename: ]
[precise_float_parser: 0]
[parser_config_file: ]
[objective_seed: 5]
[num_class: 1]
[is_unbalance: 0]
[scale_pos_weight: 1]
[sigmoid: 1]
[boost_from_average: 1]
[reg_sqrt: 0]
[alpha: 0.9]
[fair_c: 1]
[poisson_max_delta_step: 0.7]
[tweedie_variance_power: 1.5]
[lambdarank_truncation_level: 30]
[lambdarank_norm: 1]
[label_gain: ]
[lambdarank_position_bias_regularization: 0]
[eval_at: ]
[multi_error_top_k: 1]
[auc_mu_weights: ]
[num_machines: 1]
[local_listen_port: 12400]
[time_out: 120]
[machine_list_filename: ]
[machines: ]
[gpu_platform_id: -1]
[gpu_device_id: -1]
[gpu_device_id_list: ]
[gpu_use_dp: 0]
[num_gpu: 1]

end of parameters

pandas_categorical:null
