hour_utc,pm25,pm10,no2,o3,so2,pm25_n,pm10_n,no2_n,o3_n,so2_n
2019-06-28T05,25.0,225.0,37.967,110.597,2.0,1,1,1,1,1
2019-06-28T06,26.75,175.75,35.725,148.597,1.95,1,1,1,1,1
2019-06-28T07,25.5,168.25,30.725,199.097,3.075,1,1,1,1,1
2019-06-28T08,22.75,148.75,18.0,171.062,1.8,1,1,1,1,1
2019-06-28T09,20.0,145.667,16.2,127.59,2.133,1,1,1,1,1
2019-06-28T10,26.0,233.333,17.633,97.87,0.333,1,1,1,1,1
2019-06-28T11,33.0,313.75,18.725,99.505,0.1,1,1,1,1,1
2019-06-28T12,31.0,287.75,21.425,94.683,,1,1,1,1,0
2019-06-28T13,36.75,289.25,45.55,67.062,2.575,1,1,1,1,1
2019-06-28T14,46.0,311.75,78.325,23.835,1.675,1,1,1,1,1
2019-06-28T15,51.0,342.5,105.025,5.37,1.675,1,1,1,1,1
2019-06-28T16,56.333,385.667,86.667,9.78,1.633,1,1,1,1,1
2019-06-28T17,51.75,388.75,52.6,31.305,3.333,1,1,1,1,1
2019-06-28T18,42.5,334.667,44.45,42.91,5.1,2,2,2,2,2
2019-06-28T19,47.0,373.5,63.55,15.965,4.825,1,1,1,1,1
2019-06-28T20,57.5,413.25,68.5,20.152,7.725,1,1,1,1,1
2019-06-28T21,71.25,493.0,58.425,20.12,6.9,1,1,1,1,1
2019-06-28T22,70.25,508.75,80.475,4.603,4.25,1,1,1,1,1
2019-06-28T23,61.25,426.0,84.8,4.357,3.95,1,1,1,1,1
2019-06-29T00,47.0,288.0,75.525,9.672,3.675,1,1,1,1,1
2019-06-29T01,37.0,227.25,41.2,27.797,10.6,1,1,1,1,1
2019-06-29T02,32.25,258.0,33.05,55.98,6.7,1,1,1,1,1
2019-06-29T03,29.5,365.75,32.1,80.472,10.35,1,1,1,1,1
2019-06-29T04,36.5,239.75,27.1,101.453,8.5,1,1,1,1,1
2019-06-29T05,38.5,275.0,19.867,120.49,6.133,1,1,1,1,1
2019-06-29T06,42.75,287.75,22.125,151.012,6.9,1,1,1,1,1
2019-06-29T07,45.25,297.5,20.3,143.588,6.725,1,1,1,1,1
2019-06-29T08,44.667,309.333,17.0,122.6,4.067,1,1,1,1,1
2019-06-29T09,41.25,292.333,19.0,112.807,3.075,1,1,1,1,1
2019-06-29T10,38.25,296.75,18.325,110.21,1.925,1,1,1,1,1
2019-06-29T11,37.0,283.0,29.6,90.86,1.75,1,1,1,1,1
2019-06-29T12,40.75,277.0,53.8,58.318,2.1,1,1,1,1,1
2019-06-29T13,45.25,282.75,79.275,32.155,1.725,1,1,1,1,1
2019-06-29T14,56.5,344.25,99.7,8.392,3.225,1,1,1,1,1
2019-06-29T15,69.75,396.0,113.175,4.96,4.575,1,1,1,1,1
2019-06-29T16,69.75,394.5,106.55,4.91,5.55,1,1,1,1,1
2019-06-29T17,76.5,396.75,96.75,120.635,21.267,1,1,1,1,1
2019-06-29T18,86.5,401.333,66.584,37.291,24.216,2,2,2,2,2
2019-06-29T19,66.0,317.25,52.85,38.395,18.125,1,1,1,1,1
2019-06-29T20,60.0,302.25,71.875,66.84,14.575,1,1,1,1,1
2019-06-29T21,70.5,321.5,84.7,179.045,21.375,1,1,1,1,1
2019-06-29T22,79.0,364.5,74.525,36.015,14.875,1,1,1,1,1
2019-06-29T23,88.5,370.75,70.45,15.173,14.775,1,1,1,1,1
2019-06-30T00,77.75,378.25,49.7,34.227,13.225,1,1,1,1,1
2019-06-30T01,60.0,468.25,35.9,70.06,8.5,1,1,1,1,1
2019-06-30T02,32.75,333.75,44.725,63.64,5.425,1,1,1,1,1
2019-06-30T03,25.75,167.5,44.1,89.012,6.075,1,1,1,1,1
2019-06-30T04,34.75,230.25,19.125,90.575,5.7,1,1,1,1,1
2019-06-30T05,37.75,284.5,17.15,103.18,5.825,1,1,1,1,1
2019-06-30T06,42.25,279.25,13.925,127.68,5.2,1,1,1,1,1
2019-06-30T07,47.75,294.75,12.775,137.088,6.175,1,1,1,1,1
2019-06-30T08,47.75,511.0,12.175,126.415,5.825,1,1,1,1,1
2019-06-30T09,55.0,788.0,13.975,138.773,3.0,1,1,1,1,1
2019-06-30T10,41.5,304.5,11.275,142.683,4.325,1,1,1,1,1
2019-06-30T11,40.75,290.25,14.15,146.575,5.175,1,1,1,1,1
2019-06-30T12,51.25,355.0,14.825,147.89,5.225,1,1,1,1,1
2019-06-30T13,51.667,344.667,35.967,119.683,8.567,1,1,1,1,1
2019-06-30T14,59.0,367.75,45.25,75.995,7.15,1,1,1,1,1
2019-06-30T15,65.0,354.0,45.3,50.245,6.35,1,1,1,1,1
2019-06-30T16,60.75,283.0,59.8,39.278,12.25,1,1,1,1,1
2019-06-30T17,48.0,235.0,57.567,142.855,25.4,1,1,1,1,1
2019-06-30T18,55.0,259.0,82.2,220.38,24.8,1,1,1,1,1
2019-06-30T20,49.0,184.0,75.0,15.49,14.55,1,1,1,1,1
2019-06-30T21,45.25,172.0,55.975,19.197,9.925,1,1,1,1,1
2019-06-30T22,36.75,137.25,43.75,29.33,3.75,1,1,1,1,1
2019-06-30T23,32.0,146.0,43.7,26.325,1.6,1,1,1,1,1
2019-07-01T02,31.0,173.0,40.8,,4.3,1,1,1,0,1
2019-07-01T04,77.0,310.667,41.833,246.683,18.3,1,1,1,1,1
2019-07-01T05,79.0,311.25,63.8,255.1,14.925,1,1,1,1,1
2019-07-01T06,73.0,291.0,30.65,231.7,12.85,1,1,1,1,1
2019-07-01T07,61.75,279.25,22.6,276.553,13.625,1,1,1,1,1
2019-07-01T08,64.0,277.0,51.1,207.635,13.85,1,1,1,1,1
2019-07-01T09,52.0,238.0,19.0,229.52,10.9,1,1,1,1,1
2019-07-01T10,45.0,211.0,18.7,216.48,9.9,1,1,1,1,1
2019-07-01T11,45.0,211.0,18.9,233.87,9.6,1,1,1,1,1
2019-07-01T13,53.0,244.333,44.867,148.823,7.933,1,1,1,1,1
2019-07-01T15,68.0,288.0,76.65,19.64,7.6,1,1,1,1,1
2019-07-01T16,55.0,367.75,53.75,37.318,5.45,1,1,1,1,1
2019-07-01T17,46.5,261.5,48.575,42.935,2.867,1,1,1,1,1
2019-07-01T18,38.25,217.75,71.625,13.307,5.25,2,2,2,2,2
2019-07-01T19,36.5,222.75,72.275,7.178,10.3,1,1,1,1,1
2019-07-01T20,37.25,208.75,69.475,11.012,13.775,1,1,1,1,1
2019-07-01T21,38.25,214.75,31.55,45.483,15.025,1,1,1,1,1
2019-07-01T22,51.0,348.333,14.1,86.593,7.333,1,1,1,1,1
2019-07-01T23,55.25,471.5,16.775,93.66,4.5,1,1,1,1,1
2019-07-02T00,50.5,371.5,26.925,200.33,24.15,1,1,1,1,1
2019-07-02T01,54.25,365.75,41.4,106.877,15.0,1,1,1,1,1
2019-07-02T02,60.25,385.5,42.575,82.63,16.525,1,1,1,1,1
2019-07-02T03,58.0,348.0,42.3,105.25,24.85,1,1,1,1,1
2019-07-02T04,80.0,346.0,29.1,189.04,26.5,1,1,1,1,1
2019-07-02T05,83.0,342.0,26.033,181.823,19.467,1,1,1,1,1
2019-07-02T06,88.667,313.0,23.5,182.31,6.333,1,1,1,1,1
2019-07-02T07,88.0,271.0,21.5,218.99,5.7,1,1,1,1,1
2019-07-02T10,62.0,219.0,,,,1,1,0,0,0
2019-07-02T11,62.0,219.0,17.133,199.547,16.25,1,1,1,1,1
2019-07-02T12,55.0,199.25,24.875,174.082,12.5,1,1,1,1,1
2019-07-02T13,57.0,208.75,35.0,133.1,8.35,1,1,1,1,1
2019-07-02T14,58.5,197.5,37.3,83.37,2.0,1,1,1,1,1
2019-07-02T15,50.667,174.667,20.9,90.383,2.6,1,1,1,1,1
2019-07-02T16,43.5,162.5,20.4,78.308,2.375,1,1,1,1,1
2019-07-02T17,44.0,154.0,17.5,47.14,3.1,1,1,1,1,1
2019-07-02T18,48.5,176.5,18.25,24.889,2.55,2,2,2,2,2
2019-07-02T19,40.5,167.75,11.975,12.178,2.7,1,1,1,1,1
2019-07-02T20,39.0,164.0,9.15,2.41,3.75,1,1,1,1,1
2019-07-02T21,25.0,129.0,7.9,,4.9,1,1,1,0,1
2019-07-02T23,28.75,126.75,16.35,33.95,6.825,1,1,1,1,1
2019-07-03T00,31.0,116.25,27.0,34.52,7.2,1,1,1,1,1
2019-07-03T01,42.75,157.5,33.3,36.025,6.3,1,1,1,1,1
2019-07-03T02,48.5,203.75,26.2,78.09,3.7,1,1,1,1,1
2019-07-03T03,38.5,180.5,17.9,54.065,2.65,1,1,1,1,1
2019-07-03T04,30.75,138.25,15.1,29.157,4.0,1,1,1,1,1
2019-07-03T05,24.75,121.0,14.25,45.953,5.575,1,1,1,1,1
2019-07-03T06,13.0,85.0,27.5,100.175,10.7,1,1,1,1,1
2019-07-03T07,16.75,81.0,18.1,106.887,9.675,1,1,1,1,1
2019-07-03T08,15.5,60.667,12.75,84.02,7.5,1,1,1,1,1
2019-07-03T09,12.5,47.5,9.775,102.228,6.225,1,1,1,1,1
2019-07-03T10,8.0,60.75,11.1,116.225,6.2,1,1,1,1,1
2019-07-03T11,8.5,72.5,18.825,97.257,9.675,1,1,1,1,1
2019-07-03T12,9.5,81.0,25.45,80.875,11.85,1,1,1,1,1
2019-07-03T13,8.0,75.0,35.2,71.78,12.4,1,1,1,1,1
2019-07-03T17,25.0,144.0,19.3,69.7,5.3,1,1,1,1,1
2019-07-03T18,24.0,149.667,15.033,65.443,1.667,1,1,1,1,1
2019-07-03T19,24.0,156.75,12.025,45.425,1.925,1,1,1,1,1
2019-07-03T20,27.5,130.75,14.4,26.29,2.975,1,1,1,1,1
2019-07-03T21,19.75,93.75,18.075,20.377,4.5,1,1,1,1,1
2019-07-03T22,21.5,105.0,18.675,14.925,3.9,1,1,1,1,1
2019-07-03T23,29.5,113.0,18.9,21.683,7.9,1,1,1,1,1
2019-07-04T00,33.75,110.0,23.45,32.045,8.95,1,1,1,1,1
2019-07-04T01,44.25,130.333,37.2,32.113,7.3,1,1,1,1,1
2019-07-04T02,47.5,167.667,30.575,84.48,3.1,1,1,1,1,1
2019-07-04T03,35.667,165.667,23.5,65.543,2.8,1,1,1,1,1
2019-07-04T04,27.75,154.75,21.0,54.945,3.125,1,1,1,1,1
2019-07-04T05,10.75,94.25,20.55,55.65,5.0,1,1,1,1,1
2019-07-04T06,11.75,101.5,20.025,90.155,3.975,1,1,1,1,1
2019-07-04T07,29.75,128.25,26.15,100.338,4.075,1,1,1,1,1
2019-07-04T08,34.0,138.75,20.0,41.615,3.6,1,1,1,1,1
2019-07-04T09,16.5,107.25,24.75,38.172,2.525,1,1,1,1,1
2019-07-04T10,28.75,112.5,25.875,34.617,2.0,1,1,1,1,1
2019-07-04T11,36.5,110.5,40.125,15.973,2.0,1,1,1,1,1
2019-07-04T12,42.75,110.5,67.15,20.84,3.05,1,1,1,1,1
2019-07-04T13,34.0,79.667,67.95,0.86,4.675,1,1,1,1,1
2019-07-04T14,28.333,80.667,59.233,4.59,4.567,1,1,1,1,1
2019-07-04T15,53.75,126.0,55.625,61.665,4.675,1,1,1,1,1
2019-07-04T16,66.25,145.5,50.375,5.82,11.15,1,1,1,1,1
2019-07-04T17,44.25,121.75,54.5,18.815,9.3,1,1,1,1,1
2019-07-04T18,49.5,153.0,54.7,19.435,2.733,2,2,2,2,2
2019-07-04T19,55.75,169.0,25.675,22.782,1.15,1,1,1,1,1
2019-07-04T20,50.5,96.75,49.375,8.062,0.675,1,1,1,1,1
2019-07-04T21,44.0,91.25,48.35,4.125,3.225,1,1,1,1,1
2019-07-04T22,62.667,110.5,24.8,,2.5,1,1,1,0,1
2019-07-04T23,114.5,210.0,21.875,0.41,6.0,1,1,1,1,1
2019-07-05T00,109.25,194.0,27.45,1.367,32.2,1,1,1,1,1
2019-07-05T01,75.5,171.5,52.2,10.42,11.1,1,1,1,1,1
2019-07-05T02,89.5,232.25,57.95,46.39,3.575,1,1,1,1,1
2019-07-05T03,81.333,240.667,53.933,34.177,1.7,1,1,1,1,1
2019-07-05T04,57.25,178.5,43.45,64.552,2.2,1,1,1,1,1
2019-07-05T05,44.5,146.75,38.75,75.638,4.675,1,1,1,1,1
2019-07-05T06,47.75,138.5,61.475,54.472,3.375,1,1,1,1,1
2019-07-05T07,35.0,71.75,62.025,22.348,3.075,1,1,1,1,1
2019-07-05T08,13.25,27.75,67.875,28.785,3.05,1,1,1,1,1
2019-07-05T09,29.75,54.25,60.375,28.79,1.9,1,1,1,1,1
2019-07-05T10,30.25,60.75,47.05,27.118,2.125,1,1,1,1,1
2019-07-05T11,24.0,57.0,31.15,36.795,3.15,1,1,1,1,1
2019-07-05T12,19.25,72.25,35.925,27.458,2.975,1,1,1,1,1
2019-07-05T13,12.25,59.0,35.725,21.192,8.1,1,1,1,1,1
2019-07-05T14,10.5,53.0,39.1,26.82,5.475,1,1,1,1,1
2019-07-05T15,24.25,83.5,40.225,14.275,10.875,1,1,1,1,1
2019-07-05T16,30.5,93.0,41.925,15.8,8.75,1,1,1,1,1
2019-07-05T17,19.0,81.5,34.375,31.53,6.433,1,1,1,1,1
2019-07-05T18,16.334,57.166,57.284,21.742,5.4,2,2,2,2,2
2019-07-05T19,16.75,61.0,83.45,18.567,3.575,1,1,1,1,1
2019-07-05T20,14.0,55.5,83.375,17.308,3.25,1,1,1,1,1
2019-07-05T21,15.5,53.25,118.025,10.238,5.475,1,1,1,1,1
2019-07-05T22,11.75,47.0,96.075,5.258,5.8,1,1,1,1,1
2019-07-05T23,17.25,63.75,42.325,7.205,5.275,1,1,1,1,1
2019-07-06T00,32.75,77.25,42.55,6.942,5.85,1,1,1,1,1
2019-07-06T01,51.0,104.75,42.6,16.83,12.2,1,1,1,1,1
2019-07-06T02,50.0,106.75,34.05,54.63,7.825,1,1,1,1,1
2019-07-06T03,36.25,88.0,26.625,64.505,8.125,1,1,1,1,1
2019-07-06T04,30.25,89.75,27.675,102.865,7.15,1,1,1,1,1
2019-07-06T05,26.75,90.75,20.75,129.115,7.775,1,1,1,1,1
2019-07-06T06,24.0,80.5,16.325,142.727,3.975,1,1,1,1,1
2019-07-06T07,25.75,87.0,15.7,119.353,2.775,1,1,1,1,1
2019-07-06T08,20.25,75.5,11.875,103.14,2.575,1,1,1,1,1
2019-07-06T09,17.0,56.75,24.15,100.97,2.625,1,1,1,1,1
2019-07-06T10,22.0,77.75,28.475,97.94,13.0,1,1,1,1,1
2019-07-06T11,20.0,81.0,31.875,79.322,18.75,1,1,1,1,1
2019-07-06T12,20.75,80.0,32.925,68.945,17.875,1,1,1,1,1
2019-07-06T13,12.5,67.5,23.5,65.162,7.475,1,1,1,1,1
2019-07-06T14,8.0,66.0,23.95,55.718,6.8,1,1,1,1,1
2019-07-06T15,8.75,65.25,26.025,50.517,5.925,1,1,1,1,1
2019-07-06T16,10.75,60.0,22.575,57.422,2.9,1,1,1,1,1
2019-07-06T17,11.5,51.0,19.4,66.903,2.9,1,1,1,1,1
2019-07-06T18,15.834,51.334,17.367,60.915,4.666,2,2,2,2,2
2019-07-06T19,15.5,55.75,16.025,52.735,4.375,1,1,1,1,1
2019-07-06T20,16.5,61.25,19.475,39.445,4.9,1,1,1,1,1
2019-07-06T21,14.25,48.75,19.95,33.422,5.35,1,1,1,1,1
2019-07-06T22,13.0,42.25,18.175,33.197,7.225,1,1,1,1,1
2019-07-06T23,18.5,64.25,21.1,29.637,6.975,1,1,1,1,1
2019-07-07T00,25.75,73.75,22.6,29.83,7.5,1,1,1,1,1
2019-07-07T01,25.5,76.25,28.7,28.538,9.6,1,1,1,1,1
2019-07-07T02,30.0,91.5,34.225,68.91,8.35,1,1,1,1,1
2019-07-07T03,42.0,114.0,44.55,78.13,9.425,1,1,1,1,1
2019-07-07T04,55.0,144.0,37.85,124.87,12.8,1,1,1,1,1
2019-07-07T05,60.75,155.5,24.15,149.157,12.775,1,1,1,1,1
2019-07-07T06,41.0,114.0,16.85,164.13,7.475,1,1,1,1,1
2019-07-07T07,35.5,100.25,13.875,154.673,4.875,1,1,1,1,1
2019-07-07T08,28.5,99.5,30.7,95.68,4.3,1,1,1,1,1
2019-07-07T09,31.5,113.75,38.65,139.583,4.95,1,1,1,1,1
2019-07-07T10,37.0,121.0,25.775,175.257,7.475,1,1,1,1,1
2019-07-07T11,41.5,142.25,39.25,149.605,6.9,1,1,1,1,1
2019-07-07T12,44.5,158.75,38.4,109.165,6.025,1,1,1,1,1
2019-07-07T13,38.75,155.0,51.35,65.18,5.825,1,1,1,1,1
2019-07-07T14,36.0,160.75,66.85,46.457,5.875,1,1,1,1,1
2019-07-07T15,40.667,145.0,78.4,32.687,6.7,1,1,1,1,1
2019-07-07T16,43.75,135.5,116.625,9.59,7.15,1,1,1,1,1
2019-07-07T17,45.5,154.25,96.25,13.305,6.867,1,1,1,1,1
2019-07-07T18,53.0,188.0,38.075,41.595,4.975,2,2,2,2,2
2019-07-07T19,51.0,158.333,32.567,22.74,3.133,1,1,1,1,1
2019-07-07T20,44.75,207.333,38.675,12.678,3.625,1,1,1,1,1
2019-07-07T21,39.667,232.667,39.9,9.615,4.4,1,1,1,1,1
2019-07-07T22,30.5,188.5,42.25,13.777,6.325,1,1,1,1,1
2019-07-07T23,28.5,164.75,45.925,18.168,12.95,1,1,1,1,1
2019-07-08T00,30.667,154.333,50.033,15.533,9.2,1,1,1,1,1
2019-07-08T01,38.75,179.75,60.2,26.91,15.4,1,1,1,1,1
2019-07-08T02,48.0,199.25,45.6,64.15,14.075,1,1,1,1,1
2019-07-08T03,62.75,215.0,24.575,71.335,10.525,1,1,1,1,1
2019-07-08T04,45.667,168.0,27.033,69.22,9.233,1,1,1,1,1
2019-07-08T05,49.0,182.0,22.167,97.197,10.667,1,1,1,1,1
2019-07-08T06,50.25,195.25,24.125,111.393,6.2,1,1,1,1,1
2019-07-08T07,45.0,183.25,21.775,154.895,3.2,1,1,1,1,1
2019-07-08T08,49.5,202.0,38.45,129.13,3.15,1,1,1,1,1
2019-07-08T09,39.75,184.5,32.575,176.597,1.075,1,1,1,1,1
2019-07-08T10,50.5,188.5,40.275,173.125,5.25,1,1,1,1,1
2019-07-08T11,48.75,199.5,62.675,96.98,5.55,1,1,1,1,1
2019-07-08T12,45.75,194.667,51.7,104.355,4.1,1,1,1,1,1
2019-07-08T13,42.0,164.75,45.4,89.87,3.6,1,1,1,1,1
2019-07-08T14,47.75,158.25,53.275,74.285,5.15,1,1,1,1,1
2019-07-08T15,38.75,132.5,46.325,71.472,3.475,1,1,1,1,1
2019-07-08T16,42.5,138.5,41.15,50.405,5.0,1,1,1,1,1
2019-07-08T17,46.25,150.25,39.0,42.023,6.9,1,1,1,1,1
2019-07-08T18,47.0,146.334,33.784,39.136,7.333,2,2,2,2,2
2019-07-08T19,58.25,153.75,27.2,33.8,5.825,1,1,1,1,1
2019-07-08T20,47.0,156.5,23.625,27.405,5.525,1,1,1,1,1
2019-07-08T21,43.75,151.75,36.0,10.12,5.575,1,1,1,1,1
2019-07-08T22,29.25,126.25,51.95,10.225,6.35,1,1,1,1,1
2019-07-08T23,17.75,106.5,42.55,19.115,5.075,1,1,1,1,1
2019-07-09T00,25.25,107.5,40.175,25.035,4.725,1,1,1,1,1
2019-07-09T01,23.25,107.25,33.9,33.442,7.3,1,1,1,1,1
2019-07-09T02,27.25,123.25,37.475,44.65,5.15,1,1,1,1,1
2019-07-09T03,37.5,160.0,37.425,51.345,5.1,1,1,1,1,1
2019-07-09T04,39.25,169.0,41.475,46.707,6.1,1,1,1,1,1
2019-07-09T05,41.0,192.5,38.75,55.62,8.675,1,1,1,1,1
2019-07-09T06,41.5,184.0,31.7,55.648,8.525,1,1,1,1,1
2019-07-09T07,36.0,199.25,22.575,50.89,4.75,1,1,1,1,1
2019-07-09T08,41.25,211.75,25.35,44.86,4.175,1,1,1,1,1
2019-07-09T09,35.667,156.0,27.733,99.45,2.467,1,1,1,1,1
2019-07-09T10,28.667,120.667,35.1,59.907,2.767,1,1,1,1,1
2019-07-09T11,28.0,93.75,50.9,58.888,4.1,1,1,1,1,1
2019-07-09T12,28.75,112.75,62.775,36.663,6.175,1,1,1,1,1
2019-07-09T13,35.5,142.25,44.475,36.06,7.75,1,1,1,1,1
2019-07-09T14,42.5,147.0,49.1,28.017,7.35,1,1,1,1,1
2019-07-09T15,20.333,97.0,48.967,37.023,9.2,1,1,1,1,1
2019-07-09T16,16.75,80.0,39.65,47.81,6.35,1,1,1,1,1
2019-07-09T17,23.0,78.0,36.075,47.315,4.733,1,1,1,1,1
2019-07-09T18,28.166,84.166,23.617,46.314,4.566,2,2,2,2,2
2019-07-09T19,39.5,103.0,21.8,30.565,4.375,1,1,1,1,1
2019-07-09T20,42.0,115.75,21.9,22.317,5.125,1,1,1,1,1
2019-07-09T21,43.75,128.75,18.525,21.09,8.05,1,1,1,1,1
2019-07-09T22,36.0,122.5,16.4,18.398,9.575,1,1,1,1,1
2019-07-09T23,23.333,89.333,39.9,13.843,8.233,1,1,1,1,1
2019-07-10T00,31.25,108.25,38.875,5.43,13.775,1,1,1,1,1
2019-07-10T01,57.25,154.25,27.0,16.685,15.9,1,1,1,1,1
2019-07-10T02,53.25,154.25,29.75,27.22,10.3,1,1,1,1,1
2019-07-10T03,55.25,178.5,26.0,30.275,7.075,1,1,1,1,1
2019-07-10T04,48.0,184.25,29.35,45.12,9.15,1,1,1,1,1
2019-07-10T05,44.25,236.5,28.1,70.097,8.475,1,1,1,1,1
2019-07-10T06,52.25,350.0,24.3,74.782,7.95,1,1,1,1,1
2019-07-10T07,59.25,434.0,19.625,74.083,7.125,1,1,1,1,1
2019-07-10T08,71.75,516.5,20.3,69.012,4.55,1,1,1,1,1
2019-07-10T09,82.5,601.0,21.775,70.383,2.775,1,1,1,1,1
2019-07-10T10,88.5,597.0,26.15,67.657,2.275,1,1,1,1,1
2019-07-10T11,84.5,603.75,30.85,56.655,5.625,1,1,1,1,1
2019-07-10T12,87.5,642.0,37.7,41.145,4.875,1,1,1,1,1
2019-07-10T13,90.5,657.0,55.125,22.093,5.4,1,1,1,1,1
2019-07-10T14,82.5,591.5,76.325,8.03,5.225,1,1,1,1,1
2019-07-10T15,72.25,491.75,85.3,3.59,4.2,1,1,1,1,1
2019-07-10T16,77.75,486.0,88.325,7.595,7.15,1,1,1,1,1
2019-07-10T17,96.0,571.75,84.525,4.272,13.733,1,1,1,1,1
2019-07-10T18,105.834,565.0,76.867,4.378,12.566,2,2,2,2,2
2019-07-10T19,89.0,463.75,57.325,5.237,10.05,1,1,1,1,1
2019-07-10T20,63.0,302.333,54.8,6.573,5.467,1,1,1,1,1
2019-07-10T21,47.0,227.0,41.233,12.713,4.067,1,1,1,1,1
2019-07-10T22,38.0,200.0,32.4,15.88,3.2,1,1,1,1,1
2019-07-11T00,31.5,229.5,29.65,11.322,2.95,1,1,1,1,1
2019-07-11T01,35.75,264.25,28.0,9.49,5.3,1,1,1,1,1
2019-07-11T02,38.0,306.25,28.575,18.86,4.15,1,1,1,1,1
2019-07-11T03,49.0,418.75,25.175,21.223,3.55,1,1,1,1,1
2019-07-11T04,60.25,524.25,21.2,28.585,3.75,1,1,1,1,1
2019-07-11T05,75.5,682.0,18.475,39.65,3.825,1,1,1,1,1
2019-07-11T06,75.5,640.25,18.225,52.772,3.8,1,1,1,1,1
2019-07-11T07,77.75,615.0,19.2,62.465,3.7,1,1,1,1,1
2019-07-11T08,72.25,612.0,18.6,71.48,2.85,1,1,1,1,1
2019-07-11T09,76.667,631.5,19.05,78.625,1.775,1,1,1,1,1
2019-07-11T10,77.75,658.75,22.55,75.665,1.35,1,1,1,1,1
2019-07-11T11,81.0,658.333,39.1,74.533,2.867,1,1,1,1,1
2019-07-11T12,83.75,618.75,42.925,58.06,3.4,1,1,1,1,1
2019-07-11T13,66.5,409.75,40.475,45.962,2.8,1,1,1,1,1
2019-07-11T14,63.5,353.75,45.9,26.275,7.275,1,1,1,1,1
2019-07-11T15,63.5,304.75,39.325,25.09,6.1,1,1,1,1,1
2019-07-11T16,46.5,212.0,21.15,40.847,1.675,1,1,1,1,1
2019-07-11T17,36.5,174.75,19.3,44.785,2.033,1,1,1,1,1
2019-07-11T18,39.0,160.166,25.4,40.428,4.784,2,2,2,2,2
2019-07-11T19,47.25,159.75,11.275,32.367,3.925,1,1,1,1,1
2019-07-11T20,57.0,186.0,15.2,20.587,3.267,1,1,1,1,1
2019-07-11T21,55.25,205.5,27.225,7.4,2.85,1,1,1,1,1
2019-07-11T22,53.75,205.25,35.275,2.28,2.625,1,1,1,1,1
2019-07-11T23,37.667,182.667,27.1,,4.033,1,1,1,0,1
2019-07-12T00,22.75,179.0,21.7,0.61,8.075,1,1,1,1,1
2019-07-12T01,34.5,241.5,197.9,1.73,10.6,1,1,1,1,1
2019-07-12T02,38.25,334.75,50.45,7.39,6.875,1,1,1,1,1
2019-07-12T03,49.0,435.75,22.875,9.74,5.95,1,1,1,1,1
2019-07-12T04,64.0,563.75,18.025,18.047,5.225,1,1,1,1,1
2019-07-12T05,75.75,667.5,15.825,23.773,4.825,1,1,1,1,1
2019-07-12T06,87.5,729.25,17.3,30.535,4.6,1,1,1,1,1
2019-07-12T07,98.0,787.25,19.825,40.792,5.8,1,1,1,1,1
2019-07-12T08,97.0,778.25,16.475,47.868,5.075,1,1,1,1,1
2019-07-12T09,91.5,704.5,24.2,48.53,5.05,1,1,1,1,1
2019-07-12T10,74.5,592.0,22.7,50.42,5.1,1,1,1,1,1
2019-07-12T11,65.0,510.333,25.667,49.867,5.233,1,1,1,1,1
2019-07-12T12,64.5,467.75,39.75,38.955,5.375,1,1,1,1,1
2019-07-12T13,63.0,470.0,69.9,33.3,8.55,1,1,1,1,1
2019-07-12T14,99.0,655.0,40.0,37.05,8.85,1,1,1,1,1
2019-07-12T15,89.0,598.0,32.0,33.81,7.3,1,1,1,1,1
2019-07-12T16,72.0,498.25,24.25,34.985,5.425,1,1,1,1,1
2019-07-12T17,66.0,475.667,35.967,30.167,8.15,1,1,1,1,1
2019-07-12T18,69.0,469.667,41.233,12.46,5.967,1,1,1,1,1
2019-07-12T19,76.5,453.75,52.95,11.418,6.025,1,1,1,1,1
2019-07-12T20,81.0,450.0,42.933,8.95,6.033,1,1,1,1,1
2019-07-12T21,56.0,306.0,40.85,4.31,7.55,1,1,1,1,1
2019-07-12T22,28.0,149.0,21.033,19.007,5.5,1,1,1,1,1
2019-07-12T23,23.5,190.75,16.975,21.945,4.65,1,1,1,1,1
2019-07-13T00,24.5,238.75,19.825,21.222,4.2,1,1,1,1,1
2019-07-13T01,31.0,271.333,18.2,21.69,7.9,1,1,1,1,1
2019-07-13T02,29.75,312.5,19.725,20.19,5.175,1,1,1,1,1
2019-07-13T03,40.25,418.0,15.85,24.523,5.475,1,1,1,1,1
2019-07-13T04,65.0,586.0,11.1,30.407,4.667,1,1,1,1,1
2019-07-13T05,135.0,675.0,11.967,37.21,4.533,1,1,1,1,1
2019-07-13T06,79.75,557.25,13.35,50.567,5.1,1,1,1,1,1
2019-07-13T07,71.0,469.5,14.4,59.745,4.425,1,1,1,1,1
2019-07-13T08,64.333,460.667,13.567,64.313,4.167,1,1,1,1,1
2019-07-13T09,62.5,410.75,16.35,61.343,4.1,1,1,1,1,1
2019-07-13T10,59.25,388.25,17.45,62.322,3.825,1,1,1,1,1
2019-07-13T11,52.75,359.5,21.55,56.238,3.575,1,1,1,1,1
2019-07-13T12,48.75,329.5,40.6,37.1,4.675,1,1,1,1,1
2019-07-13T13,55.5,342.5,40.4,41.59,5.25,1,1,1,1,1
2019-07-13T14,74.333,396.333,39.467,33.17,6.667,1,1,1,1,1
2019-07-13T15,64.0,329.25,34.2,31.505,8.325,1,1,1,1,1
2019-07-13T16,54.25,279.75,52.675,39.328,13.425,1,1,1,1,1
2019-07-13T17,42.5,267.5,29.225,45.013,8.8,1,1,1,1,1
2019-07-13T18,39.834,246.834,23.816,44.004,7.25,2,2,2,2,2
2019-07-13T19,33.75,225.25,32.925,31.512,5.025,1,1,1,1,1
2019-07-13T20,36.5,230.5,23.25,38.22,5.15,1,1,1,1,1
2019-07-13T21,41.5,241.25,25.95,25.773,5.475,1,1,1,1,1
2019-07-13T22,45.0,240.25,38.825,10.547,5.7,1,1,1,1,1
2019-07-13T23,38.25,203.75,20.775,14.685,6.025,1,1,1,1,1
2019-07-14T00,28.0,200.75,17.1,14.367,4.65,1,1,1,1,1
2019-07-14T01,31.25,245.0,17.4,15.252,7.1,1,1,1,1,1
2019-07-14T02,36.75,333.75,15.8,22.76,4.975,1,1,1,1,1
2019-07-14T03,51.0,465.0,10.45,26.1,3.8,1,1,1,1,1
2019-07-14T04,60.667,465.667,12.733,37.463,4.467,1,1,1,1,1
2019-07-14T05,63.25,454.5,13.775,67.852,4.325,1,1,1,1,1
2019-07-14T06,55.75,389.5,18.75,83.845,6.175,1,1,1,1,1
2019-07-14T07,58.5,373.25,15.5,89.382,5.6,1,1,1,1,1
2019-07-14T08,61.0,420.25,14.1,92.522,4.875,1,1,1,1,1
2019-07-14T09,63.5,459.75,13.625,88.745,4.55,1,1,1,1,1
2019-07-14T10,62.5,482.25,15.575,90.44,4.45,1,1,1,1,1
2019-07-14T11,65.0,460.25,22.625,87.338,5.925,1,1,1,1,1
2019-07-14T12,71.5,432.0,26.375,72.995,8.575,1,1,1,1,1
2019-07-14T13,78.75,441.25,27.6,54.722,9.1,1,1,1,1,1
2019-07-14T14,66.5,404.0,30.95,47.925,8.75,1,1,1,1,1
2019-07-14T15,53.75,278.0,30.275,57.78,10.025,1,1,1,1,1
2019-07-14T16,35.75,152.75,25.25,62.922,9.675,1,1,1,1,1
2019-07-14T17,30.25,126.25,21.125,59.578,8.533,1,1,1,1,1
2019-07-14T18,32.166,114.666,16.733,52.398,5.75,2,2,2,2,2
2019-07-14T19,25.5,88.0,15.9,44.688,3.475,1,1,1,1,1
2019-07-14T20,30.0,99.5,18.55,47.935,7.05,1,1,1,1,1
2019-07-14T21,18.0,81.5,14.05,55.635,8.6,1,1,1,1,1
2019-07-14T22,10.75,58.25,13.85,50.832,7.475,1,1,1,1,1
2019-07-14T23,15.75,56.25,14.075,47.2,8.075,1,1,1,1,1
2019-07-15T00,15.5,58.75,16.075,43.697,8.125,1,1,1,1,1
2019-07-15T01,17.5,67.75,16.3,43.99,10.1,1,1,1,1,1
2019-07-15T02,18.5,84.75,37.975,49.22,31.45,1,1,1,1,1
2019-07-15T03,19.5,107.0,23.375,50.752,8.675,1,1,1,1,1
2019-07-15T04,27.75,134.75,27.85,52.197,5.925,1,1,1,1,1
2019-07-15T05,33.25,198.75,23.625,62.84,5.6,1,1,1,1,1
2019-07-15T06,44.75,294.25,24.575,87.295,6.35,1,1,1,1,1
2019-07-15T07,49.75,357.75,30.725,74.835,6.05,1,1,1,1,1
2019-07-15T08,47.0,364.5,31.55,84.502,7.2,1,1,1,1,1
2019-07-15T09,47.25,405.0,37.175,57.205,6.475,1,1,1,1,1
2019-07-15T10,53.75,538.25,39.05,41.72,3.25,1,1,1,1,1
2019-07-15T11,18.0,51.25,78.75,11.143,2.325,1,1,1,1,1
2019-07-15T12,24.0,68.0,79.075,4.79,3.6,1,1,1,1,1
2019-07-15T13,33.0,80.0,76.333,5.023,3.5,1,1,1,1,1
2019-07-15T14,34.333,86.667,40.633,27.04,3.9,1,1,1,1,1
2019-07-15T15,35.75,82.0,45.225,23.922,4.25,1,1,1,1,1
2019-07-15T16,32.25,92.25,64.525,9.69,5.55,1,1,1,1,1
2019-07-15T17,32.25,100.75,58.375,11.703,5.9,1,1,1,1,1
2019-07-15T18,28.666,84.334,47.35,18.947,6.4,2,2,2,2,2
2019-07-15T19,20.75,60.5,19.175,44.903,5.575,1,1,1,1,1
2019-07-15T20,17.25,45.75,13.2,44.57,3.8,1,1,1,1,1
2019-07-15T21,18.75,54.25,16.625,46.763,3.975,1,1,1,1,1
2019-07-15T22,21.5,63.5,17.925,38.855,4.925,1,1,1,1,1
2019-07-15T23,24.0,64.75,20.025,40.71,7.1,1,1,1,1,1
2019-07-16T00,25.0,69.0,24.65,29.58,8.775,1,1,1,1,1
2019-07-16T01,17.0,54.25,22.4,38.25,11.4,1,1,1,1,1
2019-07-16T02,12.75,51.0,25.65,54.29,8.725,1,1,1,1,1
2019-07-16T03,19.25,73.5,33.05,62.63,9.6,1,1,1,1,1
2019-07-16T04,24.0,95.667,32.567,76.24,19.0,1,1,1,1,1
2019-07-16T05,26.333,94.0,27.533,86.957,17.933,1,1,1,1,1
2019-07-16T06,27.0,90.25,31.275,92.305,26.825,1,1,1,1,1
2019-07-16T07,27.25,89.0,30.525,101.222,23.325,1,1,1,1,1
2019-07-16T08,29.333,108.333,38.6,91.69,24.7,1,1,1,1,1
2019-07-16T09,30.5,119.75,26.725,107.932,13.55,1,1,1,1,1
2019-07-16T10,23.75,99.25,25.875,134.213,11.2,1,1,1,1,1
2019-07-16T11,18.25,72.5,26.925,72.918,9.325,1,1,1,1,1
2019-07-16T12,22.5,88.75,35.9,51.252,9.75,1,1,1,1,1
2019-07-16T13,24.0,88.0,41.233,33.29,8.967,1,1,1,1,1
2019-07-16T14,25.0,102.0,46.6,20.793,16.2,1,1,1,1,1
2019-07-16T15,28.0,99.0,62.4,7.135,31.8,1,1,1,1,1
2019-07-16T16,25.75,99.25,49.275,16.067,21.525,1,1,1,1,1
2019-07-16T17,22.5,94.0,32.6,23.02,18.8,1,1,1,1,1
2019-07-16T18,26.0,88.0,22.0,30.527,9.775,2,2,2,2,2
2019-07-16T19,24.333,74.333,37.733,188.333,15.267,1,1,1,1,1
2019-07-16T20,31.667,77.5,28.2,154.62,11.175,1,1,1,1,1
2019-07-16T21,40.25,75.5,25.025,112.685,6.0,1,1,1,1,1
2019-07-16T22,44.75,76.0,26.475,20.477,4.975,1,1,1,1,1
2019-07-16T23,27.75,51.5,33.125,21.127,5.325,1,1,1,1,1
2019-07-17T00,24.0,41.0,29.0,26.617,3.0,1,1,1,1,1
2019-07-17T01,19.25,34.75,27.6,34.51,6.9,1,1,1,1,1
2019-07-17T02,7.5,20.0,34.65,38.22,2.5,1,1,1,1,1
2019-07-17T03,6.5,16.0,40.75,36.623,2.3,1,1,1,1,1
2019-07-17T04,8.5,26.75,42.775,38.94,1.75,1,1,1,1,1
2019-07-17T05,12.5,44.0,41.75,45.595,1.775,1,1,1,1,1
2019-07-17T06,18.333,53.0,32.7,58.193,1.833,1,1,1,1,1
2019-07-17T07,17.0,56.75,44.05,58.297,2.55,1,1,1,1,1
2019-07-17T08,25.333,75.333,54.467,102.517,2.067,1,1,1,1,1
2019-07-17T09,34.667,97.667,47.933,241.613,3.167,1,1,1,1,1
2019-07-17T10,44.0,113.0,43.25,232.69,2.75,1,1,1,1,1
2019-07-17T11,45.0,123.0,43.3,189.555,2.55,1,1,1,1,1
2019-07-17T12,40.333,120.0,34.2,115.863,2.533,1,1,1,1,1
2019-07-17T13,32.0,102.667,39.767,82.683,1.867,1,1,1,1,1
2019-07-17T14,34.0,116.0,65.9,33.97,1.6,1,1,1,1,1
2019-07-17T15,46.0,155.75,75.675,28.253,2.25,1,1,1,1,1
2019-07-17T16,49.0,164.0,64.45,30.31,2.5,1,1,1,1,1
2019-07-17T17,65.0,195.0,40.05,46.745,6.65,1,1,1,1,1
2019-07-17T18,52.0,140.0,32.233,51.853,7.2,1,1,1,1,1
2019-07-17T19,45.5,118.0,42.175,41.59,7.925,1,1,1,1,1
2019-07-17T20,44.667,100.0,23.5,57.84,6.5,1,1,1,1,1
2019-07-17T21,32.25,59.0,19.1,48.302,3.65,1,1,1,1,1
2019-07-17T22,22.667,39.667,16.667,50.923,2.867,1,1,1,1,1
2019-07-17T23,16.0,32.667,23.8,36.007,3.3,1,1,1,1,1
2019-07-18T00,18.0,36.0,33.567,26.033,2.767,1,1,1,1,1
2019-07-18T01,14.333,40.667,49.2,26.773,8.1,1,1,1,1,1
2019-07-18T02,15.0,50.0,45.3,,6.1,1,1,1,0,1
2019-07-18T03,8.0,30.5,43.025,29.172,3.475,1,1,1,1,1
2019-07-18T04,10.5,27.5,60.275,21.497,3.65,1,1,1,1,1
2019-07-18T05,20.333,41.0,50.35,32.383,3.35,1,1,1,1,1
2019-07-18T06,21.0,39.5,32.5,63.68,4.3,1,1,1,1,1
2019-07-18T07,10.75,41.0,36.15,82.625,3.3,1,1,1,1,1
2019-07-18T08,16.0,59.0,42.033,83.28,3.367,1,1,1,1,1
2019-07-18T09,18.5,75.75,45.65,103.222,4.3,1,1,1,1,1
2019-07-18T10,25.667,82.667,40.4,132.05,5.0,1,1,1,1,1
2019-07-18T11,28.5,85.5,50.05,116.832,3.275,1,1,1,1,1
2019-07-18T12,36.0,101.75,52.975,101.883,1.825,1,1,1,1,1
2019-07-18T13,28.25,109.5,77.0,37.77,2.975,1,1,1,1,1
2019-07-18T14,32.25,137.0,90.325,8.405,2.6,1,1,1,1,1
2019-07-18T15,32.25,144.75,105.675,3.402,3.45,1,1,1,1,1
2019-07-18T16,31.75,158.0,99.05,3.73,2.25,1,1,1,1,1
2019-07-18T17,36.0,175.5,89.525,3.25,3.4,1,1,1,1,1
2019-07-18T18,34.333,163.333,80.433,4.56,3.333,1,1,1,1,1
2019-07-18T19,37.0,178.0,75.433,3.783,3.133,1,1,1,1,1
2019-07-18T20,40.0,129.0,57.533,8.137,2.533,1,1,1,1,1
2019-07-18T21,50.0,120.25,41.125,15.448,3.3,1,1,1,1,1
2019-07-18T22,56.667,125.667,60.033,6.04,4.0,1,1,1,1,1
2019-07-18T23,58.0,141.0,62.5,4.36,3.05,1,1,1,1,1
2019-07-19T00,63.75,157.25,67.95,12.657,3.65,1,1,1,1,1
2019-07-19T01,71.5,184.25,47.0,49.04,19.1,1,1,1,1,1
2019-07-19T02,67.0,157.0,42.25,71.78,13.4,1,1,1,1,1
2019-07-19T03,58.25,136.5,37.5,82.427,11.875,1,1,1,1,1
2019-07-19T04,38.5,118.75,34.175,89.0,7.75,1,1,1,1,1
2019-07-19T05,30.5,103.0,29.0,99.847,6.425,1,1,1,1,1
2019-07-19T06,27.75,91.75,21.625,126.637,5.875,1,1,1,1,1
2019-07-19T07,25.0,90.0,21.175,153.76,5.85,1,1,1,1,1
2019-07-19T08,29.333,113.0,22.467,186.617,4.967,1,1,1,1,1
2019-07-19T09,32.0,127.25,20.85,213.693,4.375,1,1,1,1,1
2019-07-19T10,36.667,137.0,25.333,205.747,3.133,1,1,1,1,1
2019-07-19T11,44.0,162.5,25.625,181.002,2.175,1,1,1,1,1
2019-07-19T12,39.667,154.667,39.0,128.29,2.2,1,1,1,1,1
2019-07-19T13,52.333,176.0,68.767,73.657,7.4,1,1,1,1,1
2019-07-19T14,67.0,198.667,53.667,69.063,6.433,1,1,1,1,1
2019-07-19T15,62.25,212.75,59.025,35.682,3.35,1,1,1,1,1
2019-07-19T16,64.0,208.25,39.8,40.782,1.4,1,1,1,1,1
2019-07-19T17,40.0,116.0,31.233,32.093,1.633,1,1,1,1,1
2019-07-19T18,37.0,95.0,26.75,30.843,4.05,2,2,2,2,2
2019-07-19T19,45.333,116.0,25.533,21.68,4.733,1,1,1,1,1
2019-07-19T20,41.25,108.5,44.525,30.277,4.975,1,1,1,1,1
2019-07-19T21,39.667,93.0,15.6,43.087,2.9,1,1,1,1,1
2019-07-19T22,38.5,90.0,12.65,37.805,2.45,1,1,1,1,1
2019-07-19T23,35.5,83.5,14.25,35.888,2.5,1,1,1,1,1
2019-07-20T00,33.25,82.75,16.925,30.25,1.5,1,1,1,1,1
2019-07-20T01,31.333,96.0,22.9,29.153,10.9,1,1,1,1,1
2019-07-20T02,30.25,97.25,42.675,47.35,6.65,1,1,1,1,1
2019-07-20T03,25.0,89.0,25.633,52.457,6.733,1,1,1,1,1
2019-07-20T04,23.0,106.0,21.9,76.613,7.1,1,1,1,1,1
2019-07-20T05,30.333,93.0,17.9,113.693,6.9,1,1,1,1,1
2019-07-20T06,34.333,110.0,18.967,119.23,5.467,1,1,1,1,1
2019-07-20T07,37.0,130.75,24.3,96.537,3.7,1,1,1,1,1
2019-07-20T08,23.25,89.0,33.35,65.895,2.5,1,1,1,1,1
2019-07-20T09,25.0,58.5,58.65,60.965,5.5,1,1,1,1,1
2019-07-20T10,33.75,73.5,59.175,94.655,4.75,1,1,1,1,1
2019-07-20T11,36.0,86.75,61.875,42.825,5.1,1,1,1,1,1
2019-07-20T12,28.0,93.75,69.675,22.635,3.625,1,1,1,1,1
2019-07-20T13,31.75,93.0,88.425,11.183,2.85,1,1,1,1,1
2019-07-20T14,41.5,120.0,111.275,260.002,4.4,1,1,1,1,1
2019-07-20T15,69.0,182.0,103.35,231.793,6.475,1,1,1,1,1
2019-07-20T16,80.5,197.75,83.05,27.765,6.1,1,1,1,1,1
2019-07-20T17,73.5,196.0,81.7,8.045,4.0,1,1,1,1,1
2019-07-20T18,77.334,214.0,86.233,3.89,7.483,2,2,2,2,2
2019-07-20T19,74.25,176.5,71.45,13.412,12.075,1,1,1,1,1
2019-07-20T20,54.75,127.0,28.425,23.807,8.1,1,1,1,1,1
2019-07-20T21,37.75,85.0,16.925,31.58,4.65,1,1,1,1,1
2019-07-20T22,36.25,68.75,20.425,28.843,3.15,1,1,1,1,1
2019-07-20T23,43.75,78.5,26.6,18.03,3.05,1,1,1,1,1
2019-07-21T00,45.0,89.75,29.775,15.665,3.5,1,1,1,1,1
2019-07-21T01,42.5,85.25,22.9,31.1,9.5,1,1,1,1,1
2019-07-21T02,41.0,90.667,20.267,63.21,4.467,1,1,1,1,1
2019-07-21T03,35.25,90.25,18.55,72.748,4.75,1,1,1,1,1
2019-07-21T04,36.25,97.0,14.65,89.445,3.775,1,1,1,1,1
2019-07-21T05,37.0,97.0,12.9,100.76,2.3,1,1,1,1,1
2019-07-21T06,41.5,100.0,10.9,112.525,0.45,1,1,1,1,1
2019-07-21T07,42.25,109.0,14.775,132.988,0.933,1,1,1,1,1
2019-07-21T08,43.0,123.25,16.25,130.625,1.95,1,1,1,1,1
2019-07-21T09,41.5,122.75,19.55,58.555,0.2,1,1,1,1,1
2019-07-21T10,30.0,60.25,23.975,44.085,1.175,1,1,1,1,1
2019-07-21T11,9.0,20.5,53.2,25.745,1.825,1,1,1,1,1
2019-07-21T12,12.75,30.0,68.325,14.39,2.1,1,1,1,1,1
2019-07-21T13,24.5,51.0,78.25,9.047,2.225,1,1,1,1,1
2019-07-21T14,31.0,76.75,80.675,10.505,3.025,1,1,1,1,1
2019-07-21T15,48.75,107.5,63.175,8.26,2.875,1,1,1,1,1
2019-07-21T16,58.0,133.25,59.725,5.353,2.9,1,1,1,1,1
2019-07-21T17,61.75,139.5,53.6,5.66,3.567,1,1,1,1,1
2019-07-21T18,63.5,133.334,49.05,3.84,3.85,2,2,2,1,2
2019-07-21T19,57.75,147.25,46.5,,4.2,1,1,1,0,1
2019-07-21T20,49.25,120.5,42.35,8.42,3.0,1,1,1,1,1
2019-07-21T21,52.5,109.5,48.0,4.643,2.5,1,1,1,1,1
2019-07-21T22,52.0,107.25,131.275,12.402,2.125,1,1,1,1,1
2019-07-21T23,54.0,102.75,20.05,14.355,0.633,1,1,1,1,1
2019-07-22T00,53.333,98.333,18.767,10.897,0.2,1,1,1,1,1
2019-07-22T01,57.75,105.25,21.6,15.395,7.4,1,1,1,1,1
2019-07-22T02,58.667,117.333,26.567,39.44,3.0,1,1,1,1,1
2019-07-22T03,62.25,127.75,33.775,44.82,5.475,1,1,1,1,1
2019-07-22T04,59.5,116.75,49.125,75.37,4.75,1,1,1,1,1
2019-07-22T05,48.75,84.75,21.2,109.41,4.35,1,1,1,1,1
2019-07-22T06,48.0,84.75,22.3,122.088,4.55,1,1,1,1,1
2019-07-22T07,47.5,100.5,23.575,132.808,3.325,1,1,1,1,1
2019-07-22T08,46.5,111.0,20.3,139.315,0.75,1,1,1,1,1
2019-07-22T09,46.5,109.25,35.375,101.368,0.367,1,1,1,1,1
2019-07-22T10,43.0,92.667,29.133,58.117,0.9,1,1,1,1,1
2019-07-22T11,39.25,54.75,60.45,36.598,2.025,1,1,1,1,1
2019-07-22T12,45.75,74.0,57.425,44.86,1.075,1,1,1,1,1
2019-07-22T13,58.333,106.333,48.467,23.343,1.133,1,1,1,1,1
2019-07-22T14,53.0,119.0,67.45,11.79,1.475,1,1,1,1,1
2019-07-22T15,64.25,164.5,75.6,8.747,1.6,1,1,1,1,1
2019-07-22T16,64.667,186.667,72.867,9.367,1.233,1,1,1,1,1
2019-07-22T17,70.5,207.75,67.75,7.045,1.067,1,1,1,1,1
2019-07-22T18,71.0,195.5,55.95,5.362,3.216,2,2,2,2,2
2019-07-22T19,67.0,160.333,44.033,2.72,2.933,1,1,1,1,1
2019-07-22T20,67.0,133.667,22.9,6.493,2.733,1,1,1,1,1
2019-07-22T21,63.0,111.0,24.35,8.095,2.55,1,1,1,1,1
2019-07-22T22,82.75,166.25,33.05,7.83,2.6,1,1,1,1,1
2019-07-22T23,89.5,167.75,18.775,16.225,1.9,1,1,1,1,1
2019-07-23T00,76.0,125.0,22.9,10.77,1.9,1,1,1,1,1
2019-07-23T01,72.0,123.0,,15.683,,1,1,0,1,0
2019-07-23T02,65.75,126.0,29.625,54.08,3.775,1,1,1,1,1
2019-07-23T03,64.333,128.667,29.367,70.853,4.933,1,1,1,1,1
2019-07-23T04,56.25,114.75,27.45,99.823,3.55,1,1,1,1,1
2019-07-23T05,55.25,111.0,21.45,141.562,3.275,1,1,1,1,1
2019-07-23T06,58.25,112.75,21.575,183.873,3.425,1,1,1,1,1
2019-07-23T07,58.25,125.0,27.75,194.377,3.2,1,1,1,1,1
2019-07-23T08,65.0,146.0,30.15,193.405,2.9,1,1,1,1,1
2019-07-23T09,66.0,145.0,30.267,110.787,2.133,1,1,1,1,1
2019-07-23T10,42.0,115.0,31.8,112.135,2.55,1,1,1,1,1
2019-07-23T11,29.25,103.75,49.475,75.695,5.025,1,1,1,1,1
2019-07-23T12,33.0,107.75,90.85,55.345,4.75,1,1,1,1,1
2019-07-23T13,33.0,148.5,103.925,26.59,6.125,1,1,1,1,1
2019-07-23T14,36.75,153.75,111.675,25.805,6.725,1,1,1,1,1
2019-07-23T15,50.25,181.75,112.325,15.84,5.15,1,1,1,1,1
2019-07-23T16,58.0,196.5,111.875,28.68,5.45,1,1,1,1,1
2019-07-23T17,67.75,185.5,73.9,34.562,6.367,1,1,1,1,1
2019-07-23T18,88.334,235.5,106.684,9.955,6.434,2,2,2,2,2
2019-07-23T19,94.0,266.25,85.1,7.897,16.725,1,1,1,1,1
2019-07-23T20,104.667,240.667,63.633,20.267,17.7,1,1,1,1,1
2019-07-23T21,101.25,199.25,88.7,16.59,10.75,1,1,1,1,1
2019-07-23T22,98.5,197.5,122.6,7.688,9.975,1,1,1,1,1
2019-07-23T23,101.0,210.75,136.65,12.27,7.65,1,1,1,1,1
2019-07-24T00,85.333,214.0,50.167,82.993,5.4,1,1,1,1,1
2019-07-24T01,31.25,137.75,70.7,85.707,15.0,1,1,1,1,1
2019-07-24T02,40.5,120.5,87.75,60.54,8.275,1,1,1,1,1
2019-07-24T03,58.5,184.75,98.5,63.7,6.375,1,1,1,1,1
2019-07-24T04,61.0,199.667,82.833,60.667,2.967,1,1,1,1,1
2019-07-24T05,63.25,201.0,64.75,138.355,2.825,1,1,1,1,1
2019-07-24T06,78.25,208.25,49.775,180.57,2.225,1,1,1,1,1
2019-07-24T07,66.25,186.25,41.125,160.297,1.425,1,1,1,1,1
2019-07-24T08,60.25,160.5,31.8,141.178,1.275,1,1,1,1,1
2019-07-24T09,52.333,158.333,30.1,161.353,2.533,1,1,1,1,1
2019-07-24T10,62.0,170.25,31.25,132.765,1.45,1,1,1,1,1
2019-07-24T11,63.333,177.667,37.0,61.427,2.6,1,1,1,1,1
2019-07-24T12,39.0,134.667,25.925,55.685,3.525,1,1,1,1,1
2019-07-24T13,11.25,36.0,61.425,36.677,4.0,1,1,1,1,1
2019-07-24T14,10.0,44.5,69.375,26.325,1.875,1,1,1,1,1
2019-07-24T15,16.333,53.333,49.967,27.66,1.0,1,1,1,1,1
2019-07-24T16,23.0,58.5,51.225,18.9,1.15,1,1,1,1,1
2019-07-24T17,21.25,61.0,38.4,29.04,1.233,1,1,1,1,1
2019-07-24T18,15.334,44.166,27.166,39.368,2.784,2,2,2,2,2
2019-07-24T19,12.0,35.0,21.533,33.843,4.567,1,1,1,1,1
2019-07-24T20,8.0,27.5,14.45,42.745,4.6,1,1,1,1,1
2019-07-24T21,6.75,24.75,14.1,43.192,3.675,1,1,1,1,1
2019-07-24T22,8.333,18.667,12.233,43.577,2.433,1,1,1,1,1
2019-07-24T23,7.75,22.25,17.45,35.953,2.575,1,1,1,1,1
2019-07-25T00,10.0,29.0,26.35,31.39,2.45,1,1,1,1,1
2019-07-25T01,13.0,39.0,25.5,31.73,7.7,1,1,1,1,1
2019-07-25T04,20.75,75.0,29.625,54.583,6.4,1,1,1,1,1
2019-07-25T05,17.5,60.25,33.825,45.943,5.25,1,1,1,1,1
2019-07-25T06,22.0,75.0,47.15,31.558,4.675,1,1,1,1,1
2019-07-25T07,28.0,90.0,56.0,26.28,5.2,1,1,1,1,1
2019-07-25T08,31.0,106.333,40.267,36.963,4.267,1,1,1,1,1
2019-07-25T09,14.75,83.5,34.05,39.49,2.575,1,1,1,1,1
2019-07-25T10,12.75,71.0,33.675,37.825,2.8,1,1,1,1,1
2019-07-25T11,6.5,44.5,37.4,35.87,3.45,1,1,1,1,1
2019-07-25T12,7.5,53.0,59.05,16.315,4.55,1,1,1,1,1
2019-07-25T13,12.75,65.5,63.65,7.32,7.8,1,1,1,1,1
2019-07-25T14,22.0,75.0,66.05,3.275,8.7,1,1,1,1,1
2019-07-25T15,31.0,84.0,63.8,6.805,5.95,1,1,1,1,1
2019-07-25T16,46.0,96.0,63.567,4.393,5.833,1,1,1,1,1
2019-07-25T17,34.0,85.0,38.35,16.79,4.3,1,1,1,1,1
2019-07-25T18,40.75,95.25,44.925,10.66,5.45,2,2,2,2,2
2019-07-25T19,45.0,107.0,43.3,4.838,4.95,1,1,1,1,1
2019-07-25T20,37.5,89.5,36.75,8.97,7.0,1,1,1,1,1
2019-07-25T21,39.0,75.667,27.3,18.17,5.467,1,1,1,1,1
2019-07-25T22,32.667,58.0,26.2,22.187,6.167,1,1,1,1,1
2019-07-25T23,34.75,61.25,17.8,33.867,6.675,1,1,1,1,1
2019-07-26T00,37.333,71.0,12.1,37.34,3.333,1,1,1,1,1
2019-07-26T01,24.5,55.5,15.9,40.27,7.2,1,1,1,1,1
2019-07-26T02,23.333,52.0,17.567,49.39,3.233,1,1,1,1,1
2019-07-26T03,29.25,68.0,20.75,38.025,3.425,1,1,1,1,1
2019-07-26T04,24.333,68.667,21.1,52.21,4.133,1,1,1,1,1
2019-07-26T05,24.0,61.0,21.8,65.333,5.033,1,1,1,1,1
2019-07-26T06,34.0,67.0,19.4,74.615,6.55,1,1,1,1,1
2019-07-26T07,21.5,58.25,22.475,63.39,3.9,1,1,1,1,1
2019-07-26T08,11.5,33.5,20.2,73.56,3.95,1,1,1,1,1
2019-07-26T09,7.0,27.333,33.333,104.363,6.3,1,1,1,1,1
2019-07-26T10,13.667,43.667,34.967,162.515,7.367,1,1,1,1,1
2019-07-26T11,20.5,51.25,24.75,58.65,7.925,1,1,1,1,1
2019-07-26T12,11.75,25.75,32.7,57.675,6.2,1,1,1,1,1
2019-07-26T13,11.0,21.75,36.025,225.028,8.7,1,1,1,1,1
2019-07-26T14,19.0,29.667,38.567,21.51,5.833,1,1,1,1,1
2019-07-26T15,17.333,29.0,41.433,16.973,3.333,1,1,1,1,1
2019-07-26T16,24.5,37.25,37.575,15.188,3.8,1,1,1,1,1
2019-07-26T17,41.25,60.5,29.35,16.337,5.267,1,1,1,1,1
2019-07-26T18,29.5,50.5,11.084,35.25,5.434,2,2,2,2,2
2019-07-26T19,11.5,22.25,12.75,30.92,4.375,1,1,1,1,1
2019-07-26T20,9.75,19.5,19.675,30.697,5.375,1,1,1,1,1
2019-07-26T21,9.667,19.333,14.6,28.147,3.467,1,1,1,1,1
2019-07-26T22,14.0,25.5,17.725,24.995,4.225,1,1,1,1,1
2019-07-26T23,20.5,32.75,15.3,36.295,4.45,1,1,1,1,1
2019-07-27T00,16.5,27.0,12.1,38.427,4.375,1,1,1,1,1
2019-07-27T01,27.75,42.0,24.8,34.4,9.3,1,1,1,1,1
2019-07-27T02,30.0,51.0,18.733,,4.667,1,1,1,0,1
2019-07-27T03,29.0,53.0,17.8,47.027,6.233,1,1,1,1,1
2019-07-27T04,24.333,52.333,17.7,53.077,7.4,1,1,1,1,1
2019-07-27T05,11.333,39.667,13.433,64.143,5.067,1,1,1,1,1
2019-07-27T06,5.667,37.667,13.033,52.347,4.333,1,1,1,1,1
2019-07-27T07,11.0,26.667,15.8,45.447,3.6,1,1,1,1,1
2019-07-27T08,16.0,26.0,19.35,52.188,3.875,1,1,1,1,1
2019-07-27T09,16.5,44.25,23.45,34.005,3.1,1,1,1,1,1
2019-07-27T10,8.0,30.0,39.3,19.693,3.667,1,1,1,1,1
2019-07-27T11,9.5,38.75,49.825,17.067,4.525,1,1,1,1,1
2019-07-27T12,19.0,43.0,64.7,7.09,5.725,1,1,1,1,1
2019-07-27T13,19.25,40.0,74.775,3.277,7.075,1,1,1,1,1
2019-07-27T14,34.0,75.0,67.875,3.39,9.8,1,1,1,1,1
2019-07-27T15,44.25,91.5,48.575,9.973,9.6,1,1,1,1,1
2019-07-27T16,31.0,65.0,22.875,24.093,10.25,1,1,1,1,1
2019-07-27T17,32.75,52.75,17.425,25.133,7.4,1,1,1,1,1
2019-07-27T18,27.334,49.666,13.867,27.939,5.8,2,2,2,2,2
2019-07-27T19,16.5,33.5,6.875,32.72,4.25,1,1,1,1,1
2019-07-27T20,8.0,18.25,7.275,26.225,5.125,1,1,1,1,1
2019-07-27T21,5.25,12.5,18.975,24.74,10.525,1,1,1,1,1
2019-07-27T22,3.75,12.5,5.8,29.58,5.45,1,1,1,1,1
2019-07-27T23,6.0,17.0,8.233,26.97,3.9,1,1,1,1,1
2019-07-28T00,6.0,11.0,8.3,25.793,5.6,1,1,1,1,1
2019-07-28T01,21.0,39.0,,25.04,,1,1,0,1,0
2019-07-28T02,17.75,38.75,14.525,36.38,3.9,1,1,1,1,1
2019-07-28T03,14.25,29.25,19.525,34.355,3.7,1,1,1,1,1
2019-07-28T04,15.0,32.25,14.475,40.555,4.875,1,1,1,1,1
2019-07-28T05,14.0,39.25,12.075,52.082,5.725,1,1,1,1,1
2019-07-28T06,13.5,42.0,13.75,61.7,4.05,1,1,1,1,1
2019-07-28T07,13.0,41.0,12.15,54.555,4.25,1,1,1,1,1
2019-07-28T08,12.5,38.5,8.1,56.975,3.65,1,1,1,1,1
2019-07-28T09,15.667,38.0,8.9,52.987,3.533,1,1,1,1,1
2019-07-28T10,14.0,40.667,8.933,50.633,3.533,1,1,1,1,1
2019-07-28T11,7.667,45.333,9.3,54.003,3.2,1,1,1,1,1
2019-07-28T12,6.5,38.5,16.25,41.085,4.75,1,1,1,1,1
2019-07-28T13,6.0,41.0,24.1,28.185,9.15,1,1,1,1,1
2019-07-28T14,15.667,67.0,31.5,18.367,9.8,1,1,1,1,1
2019-07-28T15,22.5,76.5,30.05,17.48,10.95,1,1,1,1,1
2019-07-28T16,24.0,69.0,28.75,18.005,14.0,1,1,1,1,1
2019-07-28T17,28.0,70.0,34.6,10.11,9.5,1,1,1,1,1
2019-07-28T18,26.0,65.334,23.784,17.255,12.867,2,2,2,2,2
2019-07-28T19,19.0,52.0,12.733,17.717,13.467,1,1,1,1,1
2019-07-28T20,14.25,38.5,10.775,15.762,12.175,1,1,1,1,1
2019-07-28T21,10.0,22.667,16.2,22.263,12.367,1,1,1,1,1
2019-07-28T22,6.5,15.25,7.425,23.918,10.0,1,1,1,1,1
2019-07-28T23,8.0,25.0,8.967,22.78,7.067,1,1,1,1,1
2019-07-29T00,8.0,25.0,10.1,21.31,5.833,1,1,1,1,1
2019-07-29T01,22.5,53.5,31.2,19.64,8.4,1,1,1,1,1
2019-07-29T02,23.5,65.5,23.35,50.0,4.7,1,1,1,1,1
2019-07-29T03,19.5,65.5,16.9,46.615,4.05,1,1,1,1,1
2019-07-29T04,15.0,64.333,14.267,50.897,3.967,1,1,1,1,1
2019-07-29T05,9.0,58.0,13.0,56.817,3.7,1,1,1,1,1
2019-07-29T06,14.0,56.0,13.35,54.575,3.725,1,1,1,1,1
2019-07-29T07,17.0,56.0,12.45,57.66,3.2,1,1,1,1,1
2019-07-29T08,13.333,50.0,10.9,60.89,2.767,1,1,1,1,1
2019-07-29T09,16.0,50.0,10.2,54.117,2.6,1,1,1,1,1
2019-07-29T10,15.0,55.0,18.2,56.065,3.0,1,1,1,1,1
2019-07-29T11,15.25,52.25,15.1,56.48,2.725,1,1,1,1,1
2019-07-29T12,14.5,59.25,27.825,42.1,3.675,1,1,1,1,1
2019-07-29T13,11.5,67.5,26.55,36.485,3.65,1,1,1,1,1
2019-07-29T14,17.333,71.667,34.733,24.703,2.833,1,1,1,1,1
2019-07-29T15,20.75,87.75,37.05,23.902,2.75,1,1,1,1,1
2019-07-29T16,23.0,84.0,36.9,18.75,3.05,1,1,1,1,1
2019-07-29T17,24.25,69.75,21.25,29.77,2.2,1,1,1,1,1
2019-07-29T18,24.334,67.666,19.45,25.468,6.75,2,2,2,2,2
2019-07-29T19,21.25,58.5,13.85,28.582,6.875,1,1,1,1,1
2019-07-29T20,22.0,50.75,11.325,26.345,8.975,1,1,1,1,1
2019-07-29T21,21.5,48.5,11.95,23.602,11.175,1,1,1,1,1
2019-07-29T22,19.25,42.75,18.775,25.723,14.45,1,1,1,1,1
2019-07-29T23,18.75,40.25,15.0,22.998,17.025,1,1,1,1,1
2019-07-30T00,24.5,47.75,12.975,22.855,11.0,1,1,1,1,1
2019-07-30T01,26.0,61.0,19.6,25.56,8.3,1,1,1,1,1
2019-07-30T02,25.75,69.75,19.075,36.08,6.775,1,1,1,1,1
2019-07-30T03,21.333,79.0,18.9,30.897,9.7,1,1,1,1,1
2019-07-30T04,12.667,75.0,19.767,33.853,8.933,1,1,1,1,1
2019-07-30T05,10.75,64.25,25.0,27.242,9.9,1,1,1,1,1
2019-07-30T06,15.25,64.75,25.575,47.945,27.9,1,1,1,1,1
2019-07-30T07,18.5,50.0,18.4,57.895,19.85,1,1,1,1,1
2019-07-30T08,16.0,46.0,21.867,56.707,14.933,1,1,1,1,1
2019-07-30T09,19.5,52.0,25.1,56.912,26.6,1,1,1,1,1
2019-07-30T10,24.0,64.0,21.0,58.51,16.4,1,1,1,1,1
2019-07-30T11,24.0,70.0,27.0,51.095,13.4,1,1,1,1,1
2019-07-30T12,21.5,77.0,45.7,33.415,26.525,1,1,1,1,1
2019-07-30T13,19.333,89.667,40.9,27.673,19.467,1,1,1,1,1
2019-07-30T14,25.0,101.667,47.433,22.46,11.1,1,1,1,1,1
2019-07-30T15,39.0,123.0,48.4,11.105,11.4,1,1,1,1,1
2019-07-30T16,38.0,114.667,40.233,23.307,7.533,1,1,1,1,1
2019-07-30T17,32.0,96.0,29.867,21.98,23.267,1,1,1,1,1
2019-07-30T18,29.666,71.75,16.666,28.692,22.084,2,2,2,2,2
2019-07-30T19,22.0,50.5,17.225,24.655,14.15,1,1,1,1,1
2019-07-30T20,19.333,50.667,12.9,25.467,10.3,1,1,1,1,1
2019-07-30T21,17.25,44.5,8.775,24.242,7.625,1,1,1,1,1
2019-07-30T22,9.5,34.0,13.1,21.188,7.325,1,1,1,1,1
2019-07-30T23,12.75,34.5,13.5,19.325,14.775,1,1,1,1,1
2019-07-31T00,18.5,36.0,12.475,15.992,10.325,1,1,1,1,1
2019-07-31T01,20.0,36.0,,9.84,,1,1,0,1,0
2019-07-31T08,20.0,36.0,,90.16,6.4,1,1,0,1,1
2019-07-31T09,26.0,75.0,17.333,82.157,6.1,1,1,1,1,1
2019-07-31T10,23.75,70.5,,72.065,,1,1,0,1,0
2019-07-31T11,16.667,57.333,16.3,,7.3,1,1,1,0,1
2019-07-31T12,16.5,60.75,24.125,61.465,8.825,1,1,1,1,1
2019-07-31T13,16.0,70.0,47.7,31.423,23.9,1,1,1,1,1
2019-07-31T14,12.0,72.0,49.95,29.45,34.8,1,1,1,1,1
2019-07-31T15,21.667,71.0,28.733,39.16,17.233,1,1,1,1,1
2019-07-31T16,22.333,76.333,26.133,41.333,12.233,1,1,1,1,1
2019-07-31T17,21.0,75.0,26.6,38.875,17.0,1,1,1,1,1
2019-07-31T18,27.166,75.834,24.466,33.285,12.133,2,2,2,2,2
2019-07-31T19,31.667,79.333,16.633,32.167,7.367,1,1,1,1,1
2019-07-31T20,32.667,80.667,16.567,28.007,4.7,1,1,1,1,1
2019-07-31T21,39.5,83.5,20.1,21.1,3.95,1,1,1,1,1
2019-07-31T22,36.0,80.333,21.0,21.24,4.033,1,1,1,1,1
2019-07-31T23,33.0,76.0,19.7,25.085,5.0,1,1,1,1,1
2019-08-01T00,41.0,86.0,25.55,19.43,5.05,1,1,1,1,1
2019-08-01T01,45.333,100.0,27.5,28.943,8.4,1,1,1,1,1
2019-08-01T02,38.0,100.0,23.0,56.25,5.1,1,1,1,1,1
2019-08-01T03,36.0,98.5,21.7,57.78,6.175,1,1,1,1,1
2019-08-01T04,33.667,97.0,20.0,84.763,8.767,1,1,1,1,1
2019-08-01T05,36.333,86.333,14.567,99.143,5.5,1,1,1,1,1
2019-08-01T06,23.0,53.0,12.15,106.8,4.1,1,1,1,1,1
2019-08-01T07,19.0,52.0,11.1,108.423,3.333,1,1,1,1,1
2019-08-01T08,19.25,55.5,14.625,95.05,3.1,1,1,1,1,1
2019-08-01T09,20.0,72.0,14.3,79.99,4.1,1,1,1,1,1
2019-08-01T10,18.75,56.75,14.95,74.98,3.525,1,1,1,1,1
2019-08-01T11,12.0,50.0,12.7,76.96,3.25,1,1,1,1,1
2019-08-01T12,15.667,52.333,18.867,70.653,2.9,1,1,1,1,1
2019-08-01T13,22.5,65.5,23.525,56.325,2.875,1,1,1,1,1
2019-08-01T14,22.5,71.5,28.7,42.68,5.1,1,1,1,1,1
2019-08-01T15,17.75,66.25,23.575,47.918,2.925,1,1,1,1,1
2019-08-01T16,17.5,64.0,26.5,36.84,3.35,1,1,1,1,1
2019-08-01T17,17.333,72.0,24.9,39.203,4.4,1,1,1,1,1
2019-08-01T18,18.667,67.333,15.967,43.583,3.467,1,1,1,1,1
2019-08-01T19,24.0,62.0,11.9,39.98,3.3,1,1,1,1,1
2019-08-01T20,33.5,86.0,13.6,23.945,3.3,1,1,1,1,1
2019-08-01T21,41.0,97.0,13.95,18.455,3.75,1,1,1,1,1
2019-08-01T22,43.0,97.0,13.55,19.58,5.25,1,1,1,1,1
2019-08-01T23,29.25,63.0,17.525,23.025,5.8,1,1,1,1,1
2019-08-02T00,33.0,64.5,32.2,32.075,6.05,1,1,1,1,1
2019-08-02T01,33.0,66.0,,31.565,,1,1,0,1,0
2019-08-02T02,33.0,83.0,25.3,,6.05,1,1,1,0,1
2019-08-02T03,37.0,91.0,22.5,52.513,4.4,1,1,1,1,1
2019-08-02T04,34.75,99.5,21.075,67.733,4.675,1,1,1,1,1
2019-08-02T05,43.0,107.25,23.9,65.662,6.35,1,1,1,1,1
2019-08-02T06,41.5,89.333,23.667,33.933,7.4,1,1,1,1,1
2019-08-02T07,31.0,52.0,20.4,51.33,8.6,1,1,1,1,1
2019-08-02T08,31.0,52.0,49.5,41.98,6.1,1,1,1,1,1
2019-08-02T09,15.0,58.0,53.3,55.78,6.6,1,1,1,1,1
2019-08-02T10,18.667,64.333,25.233,173.453,5.967,1,1,1,1,1
2019-08-02T11,26.0,80.0,23.55,67.755,4.925,1,1,1,1,1
2019-08-02T12,26.75,97.5,33.225,51.638,6.425,1,1,1,1,1
2019-08-02T13,35.0,133.0,43.55,107.8,8.6,1,1,1,1,1
2019-08-02T14,39.667,139.667,47.067,86.8,9.167,1,1,1,1,1
2019-08-02T15,33.333,126.333,58.667,5.383,14.233,1,1,1,1,1
2019-08-02T16,27.333,112.333,51.9,11.087,12.367,1,1,1,1,1
2019-08-02T17,29.25,100.25,21.75,22.365,11.533,1,1,1,1,1
2019-08-02T18,25.5,64.666,19.017,27.24,6.6,2,2,2,2,2
2019-08-02T19,20.25,51.5,16.075,30.515,5.65,1,1,1,1,1
2019-08-02T20,28.0,61.667,17.533,23.52,3.1,1,1,1,1,1
2019-08-02T21,31.75,67.25,20.425,19.578,3.7,1,1,1,1,1
2019-08-02T22,35.0,82.75,18.25,16.24,4.475,1,1,1,1,1
2019-08-02T23,29.667,71.0,19.233,7.725,7.333,1,1,1,1,1
2019-08-03T00,31.5,69.0,25.475,13.695,7.55,1,1,1,1,1
2019-08-03T01,35.667,76.333,22.6,17.293,11.2,1,1,1,1,1
2019-08-03T02,38.0,71.333,19.733,42.28,7.233,1,1,1,1,1
2019-08-03T03,33.667,62.0,19.0,34.947,5.7,1,1,1,1,1
2019-08-03T04,38.5,75.75,14.075,57.788,3.6,1,1,1,1,1
2019-08-03T05,45.333,86.333,15.033,78.63,4.7,1,1,1,1,1
2019-08-03T06,48.75,101.0,39.6,50.695,3.85,1,1,1,1,1
2019-08-03T07,45.0,113.0,22.5,72.38,6.7,1,1,1,1,1
2019-08-03T08,27.0,64.75,24.875,51.097,7.225,1,1,1,1,1
2019-08-03T09,13.0,42.0,30.425,32.22,19.1,1,1,1,1,1
2019-08-03T10,15.5,46.25,22.175,40.032,6.75,1,1,1,1,1
2019-08-03T11,18.5,45.0,40.575,32.09,5.625,1,1,1,1,1
2019-08-03T12,33.25,66.25,57.425,19.697,20.275,1,1,1,1,1
2019-08-03T13,39.5,99.75,52.8,18.303,15.725,1,1,1,1,1
2019-08-03T14,47.25,120.25,61.675,8.485,12.9,1,1,1,1,1
2019-08-03T15,46.75,125.25,47.175,8.0,11.775,1,1,1,1,1
2019-08-03T16,42.5,110.0,49.275,3.467,12.775,1,1,1,1,1
2019-08-03T17,41.0,108.0,41.25,13.965,13.65,1,1,1,1,1
2019-08-03T18,32.0,75.0,20.725,22.767,7.025,2,2,2,2,2
2019-08-03T19,23.5,52.0,20.15,25.448,4.425,1,1,1,1,1
2019-08-03T20,31.75,66.0,28.5,18.438,3.175,1,1,1,1,1
2019-08-03T21,50.0,112.0,39.625,188.298,12.85,1,1,1,1,1
2019-08-03T22,61.333,131.333,37.2,94.12,13.467,1,1,1,1,1
2019-08-03T23,39.667,86.0,26.667,86.853,13.8,1,1,1,1,1
2019-08-04T00,33.0,69.25,33.1,2.94,17.425,1,1,1,1,1
2019-08-04T01,28.5,57.0,34.7,12.22,14.8,1,1,1,1,1
2019-08-04T02,36.25,70.75,30.925,32.09,13.075,1,1,1,1,1
2019-08-04T03,49.25,102.5,25.325,42.835,10.575,1,1,1,1,1
2019-08-04T04,64.5,133.75,27.4,59.442,9.625,1,1,1,1,1
2019-08-04T05,73.25,138.0,19.95,91.135,9.175,1,1,1,1,1
2019-08-04T06,48.333,108.667,19.033,101.157,5.4,1,1,1,1,1
2019-08-04T07,41.667,91.0,18.267,86.627,6.067,1,1,1,1,1
2019-08-04T08,35.0,69.0,26.767,59.227,8.033,1,1,1,1,1
2019-08-04T09,32.5,72.75,25.325,55.89,15.975,1,1,1,1,1
2019-08-04T10,29.25,71.0,32.725,37.513,7.825,1,1,1,1,1
2019-08-04T11,25.25,79.25,43.425,28.715,6.0,1,1,1,1,1
2019-08-04T12,32.25,97.75,50.3,27.828,4.225,1,1,1,1,1
2019-08-04T13,42.333,137.0,44.5,21.273,3.4,1,1,1,1,1
2019-08-04T14,43.0,145.0,49.8,13.485,3.1,1,1,1,1,1
2019-08-04T15,50.0,161.0,46.1,7.505,4.35,1,1,1,1,1
2019-08-04T16,44.5,120.5,25.7,7.17,6.05,1,1,1,1,1
2019-08-04T17,40.0,96.0,74.6,8.86,6.3,1,1,1,1,1
2019-08-04T18,38.0,89.0,33.9,8.877,5.65,2,2,2,2,2
2019-08-04T19,40.0,96.0,31.65,10.74,5.35,1,1,1,1,1
2019-08-04T20,54.0,106.667,22.9,21.723,3.2,1,1,1,1,1
2019-08-04T21,59.25,119.0,16.475,20.207,2.975,1,1,1,1,1
2019-08-04T22,52.25,111.0,17.975,17.68,3.625,1,1,1,1,1
2019-08-04T23,56.667,115.333,25.567,9.69,4.467,1,1,1,1,1
2019-08-05T00,58.0,118.0,27.6,2.76,6.2,1,1,1,1,1
2019-08-05T01,67.25,127.0,34.3,15.275,13.9,1,1,1,1,1
2019-08-05T02,75.0,145.0,51.4,42.55,11.967,1,1,1,1,1
2019-08-05T03,65.0,133.0,20.267,55.507,10.8,1,1,1,1,1
2019-08-05T04,64.0,146.0,31.9,101.14,4.6,1,1,1,1,1
2019-08-05T05,59.0,129.667,24.0,95.507,4.8,1,1,1,1,1
2019-08-05T06,44.0,81.667,14.667,87.133,5.133,1,1,1,1,1
2019-08-05T07,39.0,64.0,18.5,95.897,4.833,1,1,1,1,1
2019-08-05T08,46.0,88.667,17.167,94.123,5.367,1,1,1,1,1
2019-08-05T09,43.0,87.0,23.433,98.333,4.9,1,1,1,1,1
2019-08-05T10,42.25,74.5,36.2,50.543,3.625,1,1,1,1,1
2019-08-05T11,27.5,43.5,38.8,40.363,3.525,1,1,1,1,1
2019-08-05T12,46.75,91.75,49.325,37.72,3.325,1,1,1,1,1
2019-08-05T13,55.0,124.0,39.0,31.057,3.133,1,1,1,1,1
2019-08-05T14,58.5,143.5,34.825,21.795,2.725,1,1,1,1,1
2019-08-05T15,60.25,134.0,27.425,20.52,2.5,1,1,1,1,1
2019-08-05T16,47.0,107.25,18.95,13.995,2.825,1,1,1,1,1
2019-08-05T17,34.5,72.0,17.55,10.13,3.367,1,1,1,1,1
2019-08-05T18,42.0,72.0,18.5,17.223,3.1,2,2,2,2,2
2019-08-05T19,35.0,72.0,16.1,20.04,1.667,1,1,1,1,1
2019-08-05T20,45.667,82.0,16.6,27.737,1.9,1,1,1,1,1
2019-08-05T21,60.0,119.75,17.9,24.402,1.025,1,1,1,1,1
2019-08-05T22,69.0,148.0,15.7,20.397,1.033,1,1,1,1,1
2019-08-05T23,69.0,135.0,14.35,17.545,1.3,1,1,1,1,1
2019-08-06T00,64.5,123.0,14.75,11.81,1.925,1,1,1,1,1
2019-08-06T01,50.75,81.25,19.1,13.613,8.4,1,1,1,1,1
2019-08-06T02,50.0,91.0,18.3,,3.75,1,1,1,0,1
2019-08-06T05,8.0,19.0,27.1,109.33,1.7,1,1,1,1,1
2019-08-06T10,6.0,18.333,38.533,40.213,5.367,1,1,1,1,1
2019-08-06T11,12.0,33.0,56.2,36.16,6.2,1,1,1,1,1
2019-08-06T12,18.0,46.667,70.733,22.343,6.567,1,1,1,1,1
2019-08-06T13,32.5,77.5,61.6,26.255,4.85,1,1,1,1,1
2019-08-06T14,35.0,81.0,67.9,19.93,3.9,1,1,1,1,1
2019-08-06T15,47.0,107.0,86.7,15.175,5.25,1,1,1,1,1
2019-08-06T16,49.0,123.0,78.25,0.08,5.6,1,1,1,1,1
2019-08-06T17,33.0,105.0,74.267,3.305,5.5,1,1,1,1,1
2019-08-06T18,39.0,113.166,72.733,7.444,4.55,2,2,2,2,2
2019-08-06T19,42.0,121.0,71.5,32.953,4.633,1,1,1,1,1
2019-08-06T20,48.0,125.0,71.0,,5.5,1,1,1,0,1
2019-08-06T21,74.0,143.0,57.05,323.88,30.3,1,1,1,1,1
2019-08-06T22,212.0,289.0,48.633,345.72,18.267,1,1,1,1,1
2019-08-06T23,61.333,110.667,40.033,72.117,14.3,1,1,1,1,1
2019-08-07T00,41.0,79.667,40.267,104.933,12.033,1,1,1,1,1
2019-08-07T01,42.5,80.0,42.1,32.165,22.6,1,1,1,1,1
2019-08-07T02,42.0,77.0,60.7,,19.4,1,1,1,0,1
2019-08-07T03,44.0,89.5,14.15,31.105,22.45,1,1,1,1,1
2019-08-07T04,34.0,68.0,16.15,34.45,14.3,1,1,1,1,1
2019-08-07T07,10.0,31.0,18.4,50.49,18.7,1,1,1,1,1
2019-08-07T09,8.0,41.0,21.9,35.22,36.6,1,1,1,1,1
2019-08-07T10,5.0,24.0,16.8,44.39,7.8,1,1,1,1,1
2019-08-07T11,,22.0,19.7,42.43,9.7,0,1,1,1,1
2019-08-07T12,7.5,47.5,42.2,17.455,33.3,1,1,1,1,1
2019-08-07T13,12.0,61.0,59.8,10.68,40.1,1,1,1,1,1
2019-08-07T14,29.5,105.0,49.2,14.395,13.8,1,1,1,1,1
2019-08-07T15,34.0,119.0,47.8,8.44,22.65,1,1,1,1,1
2019-08-07T16,28.0,99.0,48.4,8.28,15.25,1,1,1,1,1
2019-08-07T17,23.0,98.5,12.7,19.865,19.7,1,1,1,1,1
2019-08-07T18,14.0,61.0,17.5,17.01,9.6,1,1,1,1,1
2019-08-07T19,7.0,27.0,18.2,15.31,12.8,1,1,1,1,1
2019-08-07T21,11.0,24.0,19.7,17.42,4.9,1,1,1,1,1
2019-08-07T22,17.0,47.0,30.5,9.68,12.3,1,1,1,1,1
2019-08-07T23,24.0,89.0,37.9,6.15,22.2,1,1,1,1,1
2019-08-08T00,63.0,158.0,45.0,8.09,30.7,1,1,1,1,1
2019-08-08T01,87.0,195.0,,11.84,,1,1,0,1,0
2019-08-08T02,53.333,121.0,23.667,37.36,16.333,1,1,1,1,1
2019-08-08T03,30.0,81.75,24.8,32.633,10.425,1,1,1,1,1
2019-08-08T04,24.0,72.0,17.8,59.36,10.3,1,1,1,1,1
2019-08-08T05,19.0,57.667,17.2,99.907,6.967,1,1,1,1,1
2019-08-08T07,8.5,39.0,14.5,77.77,4.05,1,1,1,1,1
2019-08-08T08,,48.0,13.5,79.3,3.9,0,1,1,1,1
2019-08-08T09,,48.0,25.067,63.647,6.6,0,1,1,1,1
2019-08-08T10,5.667,44.667,11.333,78.003,3.233,1,1,1,1,1
2019-08-08T11,5.0,44.0,16.2,76.417,4.633,1,1,1,1,1
2019-08-08T12,9.25,50.25,21.2,55.032,7.6,1,1,1,1,1
2019-08-08T13,8.667,61.0,35.1,41.447,4.633,1,1,1,1,1
2019-08-08T14,15.667,81.667,46.867,23.26,5.0,1,1,1,1,1
2019-08-08T16,25.0,89.0,26.05,23.08,7.9,1,1,1,1,1
2019-08-08T18,6.0,77.0,4.3,34.52,7.9,1,1,1,1,1
2019-08-08T19,6.0,77.0,5.3,35.61,7.6,1,1,1,1,1
2019-08-08T23,4.0,69.0,30.8,11.39,24.0,1,1,1,1,1
2019-08-09T01,8.0,55.0,27.4,13.43,42.2,1,1,1,1,1
2019-08-09T02,8.0,56.5,23.05,32.5,32.65,1,1,1,1,1
2019-08-09T03,8.5,65.0,15.3,33.075,19.15,1,1,1,1,1
2019-08-09T04,11.0,69.5,19.65,31.34,28.8,1,1,1,1,1
2019-08-09T06,15.0,80.0,25.85,31.885,29.0,1,1,1,1,1
2019-08-09T07,11.333,64.0,27.367,37.13,36.733,1,1,1,1,1
2019-08-09T08,11.75,67.5,25.1,47.258,28.425,1,1,1,1,1
2019-08-09T09,9.75,76.5,22.5,33.745,26.825,1,1,1,1,1
2019-08-09T10,6.0,64.0,15.8,43.05,22.433,1,1,1,1,1
2019-08-09T11,5.75,50.25,13.05,48.908,11.65,1,1,1,1,1
2019-08-09T12,5.25,55.75,23.425,39.14,19.4,1,1,1,1,1
2019-08-09T13,9.333,55.0,29.533,35.437,21.533,1,1,1,1,1
2019-08-09T14,16.0,61.0,29.0,33.31,19.65,1,1,1,1,1
2019-08-09T15,12.5,49.5,16.4,36.565,15.6,1,1,1,1,1
2019-08-09T16,8.0,33.0,14.6,37.34,12.2,1,1,1,1,1
2019-08-09T17,8.0,33.0,11.6,23.15,14.0,1,1,1,1,1
2019-08-09T18,5.0,17.0,13.4,26.175,13.1,2,2,2,2,2
2019-08-09T19,7.5,17.5,12.45,29.675,14.35,1,1,1,1,1
2019-08-09T20,10.0,18.0,11.2,31.5,14.9,1,1,1,1,1
2019-08-09T21,7.0,22.0,10.567,29.353,9.667,1,1,1,1,1
2019-08-09T22,16.5,28.75,11.375,31.83,9.3,1,1,1,1,1
2019-08-09T23,17.667,33.667,10.033,29.743,8.2,1,1,1,1,1
2019-08-10T00,15.5,30.75,8.15,28.738,6.5,1,1,1,1,1
2019-08-10T01,10.0,28.5,14.0,20.23,10.7,1,1,1,1,1
2019-08-10T02,11.5,36.0,12.95,34.08,5.175,1,1,1,1,1
2019-08-10T03,17.25,42.75,15.375,26.953,4.425,1,1,1,1,1
2019-08-10T04,12.0,39.5,10.8,43.095,4.8,1,1,1,1,1
2019-08-10T05,14.0,46.333,11.933,42.24,2.6,1,1,1,1,1
2019-08-10T06,18.0,39.5,16.65,37.883,2.675,1,1,1,1,1
2019-08-10T07,15.5,38.5,10.375,51.053,2.65,1,1,1,1,1
2019-08-10T08,7.667,31.0,11.6,53.713,1.967,1,1,1,1,1
2019-08-10T09,6.5,28.25,10.4,56.112,2.525,1,1,1,1,1
2019-08-10T10,4.5,20.5,10.325,56.852,1.925,1,1,1,1,1
2019-08-10T11,3.25,25.25,12.825,60.013,1.475,1,1,1,1,1
2019-08-10T12,4.5,35.25,20.725,42.292,1.775,1,1,1,1,1
2019-08-10T13,8.333,46.5,23.867,35.057,1.333,1,1,1,1,1
2019-08-10T14,15.25,61.5,28.075,31.665,3.4,1,1,1,1,1
2019-08-10T15,21.75,72.75,29.05,21.225,4.2,1,1,1,1,1
2019-08-10T16,21.5,64.0,24.525,20.282,5.275,1,1,1,1,1
2019-08-10T17,21.0,58.25,20.55,18.018,4.0,1,1,1,1,1
2019-08-10T18,15.0,59.0,24.825,8.995,6.775,2,2,2,2,2
2019-08-10T19,12.0,46.5,16.8,20.01,8.225,1,1,1,1,1
2019-08-10T20,12.0,45.0,19.5,15.69,7.8,1,1,1,1,1
2019-08-10T21,29.75,70.75,18.45,18.26,7.625,1,1,1,1,1
2019-08-10T22,29.0,67.0,14.7,27.44,6.467,1,1,1,1,1
2019-08-10T23,35.0,75.0,16.067,19.333,4.0,1,1,1,1,1
2019-08-11T00,45.0,101.0,18.15,12.505,4.35,1,1,1,1,1
2019-08-11T02,24.0,58.0,13.2,,8.15,1,1,1,0,1
2019-08-11T03,11.0,39.0,8.733,31.067,7.433,1,1,1,1,1
2019-08-11T04,15.0,41.0,6.4,52.41,6.2,1,1,1,1,1
2019-08-11T05,15.0,41.0,7.3,53.7,5.1,1,1,1,1,1
2019-08-11T06,13.333,44.667,7.567,60.9,4.367,1,1,1,1,1
2019-08-11T07,13.75,53.0,8.225,62.462,4.2,1,1,1,1,1
2019-08-11T08,13.0,62.0,12.85,87.545,3.9,1,1,1,1,1
2019-08-11T09,23.0,84.0,12.0,82.27,4.567,1,1,1,1,1
2019-08-11T10,20.0,83.0,13.8,61.563,4.8,1,1,1,1,1
2019-08-11T11,8.0,59.0,12.9,63.58,3.7,1,1,1,1,1
2019-08-11T12,6.75,53.0,11.125,56.565,2.875,1,1,1,1,1
2019-08-11T13,6.0,44.0,21.0,38.86,2.4,1,1,1,1,1
2019-08-11T14,8.0,59.25,35.075,30.205,2.475,1,1,1,1,1
2019-08-11T15,14.0,72.0,33.633,31.21,2.2,1,1,1,1,1
2019-08-11T16,13.75,70.0,29.475,20.57,2.5,1,1,1,1,1
2019-08-11T17,15.75,71.75,34.1,10.525,3.0,1,1,1,1,1
2019-08-11T18,15.0,68.0,41.775,,4.875,2,2,2,0,2
2019-08-11T19,11.25,55.25,35.125,12.09,4.975,1,1,1,1,1
2019-08-11T20,9.0,44.0,29.3,18.21,4.3,1,1,1,1,1
2019-08-11T21,13.0,40.0,21.933,17.38,3.5,1,1,1,1,1
2019-08-11T22,11.5,48.75,23.5,19.5,3.225,1,1,1,1,1
2019-08-11T23,13.0,51.0,27.3,14.137,2.6,1,1,1,1,1
2019-08-12T00,14.5,48.25,25.475,15.237,2.975,1,1,1,1,1
2019-08-12T01,14.25,55.75,24.3,16.2,7.2,1,1,1,1,1
2019-08-12T02,18.0,58.0,28.6,,4.8,1,1,1,0,1
2019-08-12T03,13.0,57.0,25.333,21.09,4.0,1,1,1,1,1
2019-08-12T04,14.0,52.0,31.55,17.13,4.15,1,1,1,1,1
2019-08-12T05,16.0,53.0,16.15,34.99,2.75,1,1,1,1,1
2019-08-12T06,9.0,34.0,25.933,38.763,2.567,1,1,1,1,1
2019-08-12T07,27.75,57.25,24.65,65.89,2.725,1,1,1,1,1
2019-08-12T08,25.0,72.333,23.1,90.433,3.067,1,1,1,1,1
2019-08-12T09,30.0,80.0,22.55,123.155,3.0,1,1,1,1,1
2019-08-12T14,17.0,57.0,78.4,14.515,3.35,1,1,1,1,1
2019-08-12T15,28.0,94.0,75.467,18.103,4.733,1,1,1,1,1
2019-08-12T16,40.0,141.0,38.633,9.19,3.767,1,1,1,1,1
2019-08-12T17,21.0,68.0,35.367,10.793,2.4,1,1,1,1,1
2019-08-12T18,14.0,45.0,37.425,1.72,3.325,2,2,2,1,2
2019-08-12T19,6.0,35.75,70.375,2.9,3.525,1,1,1,1,1
2019-08-12T20,3.0,44.0,40.9,5.28,3.15,1,1,1,1,1
2019-08-12T21,4.5,32.0,19.75,13.572,2.375,1,1,1,1,1
2019-08-12T22,11.25,39.25,20.875,15.043,2.4,1,1,1,1,1
2019-08-12T23,19.0,57.667,21.933,21.89,2.6,1,1,1,1,1
2019-08-13T00,23.5,76.75,23.15,16.095,3.8,1,1,1,1,1
2019-08-13T01,31.0,100.0,,11.653,,1,1,0,1,0
2019-08-13T02,20.333,93.0,23.967,40.18,6.833,1,1,1,1,1
2019-08-13T03,17.5,97.0,23.3,29.09,7.725,1,1,1,1,1
2019-08-13T04,19.0,97.0,19.933,36.987,6.0,1,1,1,1,1
2019-08-13T05,23.5,88.5,23.0,71.855,4.3,1,1,1,1,1
2019-08-13T06,26.0,89.0,23.2,92.0,4.9,1,1,1,1,1
2019-08-13T07,32.5,112.0,17.45,105.88,4.4,1,1,1,1,1
2019-08-13T08,30.0,117.0,17.4,67.502,3.575,1,1,1,1,1
2019-08-13T09,21.0,117.0,37.8,32.88,3.75,1,1,1,1,1
2019-08-13T10,24.0,47.5,50.85,13.905,4.5,1,1,1,1,1
2019-08-13T11,12.0,37.5,42.9,8.27,4.5,1,1,1,1,1
2019-08-13T12,6.0,35.0,50.533,6.05,4.133,1,1,1,1,1
2019-08-13T13,17.0,48.0,55.867,7.54,3.667,1,1,1,1,1
2019-08-13T14,15.0,53.0,58.167,6.213,4.633,1,1,1,1,1
2019-08-13T15,23.0,58.0,56.6,16.26,3.85,1,1,1,1,1
2019-08-14T18,87.0,167.0,86.667,14.513,5.333,1,1,1,1,1
2019-08-14T19,89.0,175.0,69.233,256.963,5.967,1,1,1,1,1
2019-08-14T20,88.333,171.667,41.0,182.99,10.033,1,1,1,1,1
2019-08-14T21,79.0,130.333,55.667,,40.833,1,1,1,0,1
2019-08-14T22,33.0,70.5,64.525,161.915,16.125,1,1,1,1,1
2019-08-14T23,22.25,60.75,30.45,18.985,6.35,1,1,1,1,1
2019-08-15T00,12.5,24.0,38.0,11.31,6.75,1,1,1,1,1
2019-08-15T01,26.25,45.25,38.2,43.712,10.6,1,1,1,1,1
2019-08-15T02,28.5,56.75,29.8,118.27,6.525,1,1,1,1,1
2019-08-15T03,28.25,54.75,12.875,31.205,11.15,1,1,1,1,1
2019-08-15T04,14.5,35.0,12.625,26.03,11.6,1,1,1,1,1
2019-08-15T05,13.0,35.25,12.3,37.293,10.55,1,1,1,1,1
2019-08-15T06,6.0,20.5,9.05,53.727,6.8,1,1,1,1,1
2019-08-15T07,13.75,28.25,6.975,60.475,5.3,1,1,1,1,1
2019-08-15T08,18.5,31.25,14.2,58.223,13.65,1,1,1,1,1
2019-08-15T09,18.0,38.75,14.55,64.412,16.575,1,1,1,1,1
2019-08-15T10,21.333,37.667,10.767,64.107,11.167,1,1,1,1,1
2019-08-15T11,19.333,31.667,8.233,65.093,6.9,1,1,1,1,1
2019-08-15T12,14.0,36.75,10.325,56.6,5.65,1,1,1,1,1
2019-08-15T13,13.667,45.0,14.667,36.933,5.133,1,1,1,1,1
2019-08-15T14,16.75,43.25,17.35,36.042,5.475,1,1,1,1,1
2019-08-15T15,28.0,56.5,17.5,29.307,8.425,1,1,1,1,1
2019-08-15T16,26.667,54.333,20.6,21.3,10.533,1,1,1,1,1
2019-08-15T17,21.5,44.0,8.95,46.343,7.0,1,1,1,1,1
2019-08-15T18,13.666,32.5,7.4,48.428,6.034,2,2,2,2,2
2019-08-15T19,12.25,20.75,11.95,44.905,7.15,1,1,1,1,1
2019-08-15T20,13.667,25.0,14.4,31.353,8.767,1,1,1,1,1
2019-08-15T21,13.75,26.0,27.175,13.53,20.075,1,1,1,1,1
2019-08-15T22,10.5,17.0,15.925,24.485,14.05,1,1,1,1,1
2019-08-15T23,12.0,19.0,9.667,25.807,9.867,1,1,1,1,1
2019-08-16T00,14.75,27.0,16.9,19.288,11.075,1,1,1,1,1
2019-08-16T01,25.5,44.75,18.2,25.078,20.4,1,1,1,1,1
2019-08-16T02,31.0,57.0,15.1,54.17,26.3,1,1,1,1,1
2019-08-16T03,25.0,42.0,13.9,33.02,18.0,1,1,1,1,1
2019-08-16T04,11.667,37.0,12.967,37.31,18.067,1,1,1,1,1
2019-08-16T05,9.333,32.667,13.333,37.327,24.8,1,1,1,1,1
2019-08-16T06,6.333,30.667,14.433,44.04,17.8,1,1,1,1,1
2019-08-16T07,7.75,35.25,13.825,48.53,19.0,1,1,1,1,1
2019-08-16T08,9.0,33.5,13.025,48.688,13.625,1,1,1,1,1
2019-08-16T09,6.25,37.25,20.05,47.337,8.225,1,1,1,1,1
2019-08-16T10,7.25,40.5,36.075,26.375,5.375,1,1,1,1,1
2019-08-16T11,8.0,31.0,34.475,26.902,6.025,1,1,1,1,1
2019-08-16T12,,34.667,23.7,24.48,5.2,0,1,1,1,1
2019-08-16T13,,34.5,27.025,6.462,13.0,0,1,1,1,1
2019-08-16T14,,30.0,23.0,14.175,17.9,0,1,1,1,1
2019-08-16T15,,37.0,24.675,11.773,18.075,0,1,1,1,1
2019-08-16T16,,45.5,19.05,18.822,23.075,0,1,1,1,1
2019-08-16T17,,28.333,12.033,29.45,26.6,0,1,1,1,1
2019-08-16T18,,25.834,7.95,32.529,10.216,0,2,2,2,2
2019-08-16T19,,21.25,7.675,23.485,7.525,0,1,1,1,1
2019-08-16T20,,23.5,9.45,23.465,10.65,0,1,1,1,1
2019-08-16T21,,15.5,10.525,7.422,10.575,0,1,1,1,1
2019-08-16T22,,4.5,7.45,15.505,8.975,0,1,1,1,1
2019-08-16T23,,2.5,5.775,18.718,1.875,0,1,1,1,1
2019-08-17T00,,3.75,8.875,13.032,1.15,0,1,1,1,1
2019-08-17T01,,10.75,7.0,17.25,3.6,0,1,1,1,1
2019-08-17T02,,9.5,7.35,53.19,1.1,0,1,1,1,1
2019-08-17T03,,13.667,9.8,18.28,0.9,0,1,1,1,1
2019-08-17T04,,7.25,20.25,8.085,1.05,0,1,1,1,1
2019-08-17T05,,7.25,10.325,7.468,1.15,0,1,1,1,1
2019-08-17T06,,5.0,10.6,11.402,0.9,0,1,1,1,1
2019-08-17T07,,17.0,10.35,19.855,1.6,0,1,1,1,1
2019-08-17T08,,14.0,10.9,23.943,0.967,0,1,1,1,1
2019-08-17T09,,7.75,11.4,29.15,0.525,0,1,1,1,1
2019-08-17T10,,6.667,10.967,30.543,0.833,0,1,1,1,1
2019-08-17T11,,7.75,18.0,16.735,0.575,0,1,1,1,1
2019-08-17T12,4.0,12.75,24.475,10.725,0.4,1,1,1,1,1
2019-08-17T13,4.0,12.0,21.567,7.06,0.633,1,1,1,1,1
2019-08-17T14,4.0,9.0,23.2,1.33,,1,1,1,1,0
2019-08-17T15,,7.0,15.55,10.365,,0,1,1,1,0
2019-08-17T16,,5.0,7.5,14.66,,0,1,1,1,0
2019-08-17T17,6.0,6.0,9.95,14.628,,1,1,1,1,0
2019-08-17T18,7.75,10.75,9.875,19.67,2.75,2,2,2,2,2
2019-08-17T19,11.0,12.667,13.3,9.023,4.267,1,1,1,1,1
2019-08-17T20,7.75,6.5,16.875,6.437,5.1,1,1,1,1,1
2019-08-17T21,10.5,10.0,18.7,12.47,5.025,1,1,1,1,1
2019-08-17T22,11.75,14.75,16.85,,4.775,1,1,1,0,1
2019-08-17T23,10.0,11.0,21.0,1.865,4.225,1,1,1,1,1
2019-08-18T00,6.75,10.0,20.9,3.782,4.425,1,1,1,1,1
2019-08-18T01,6.0,9.25,18.7,17.555,6.6,1,1,1,1,1
2019-08-18T02,8.25,15.75,22.6,43.2,5.225,1,1,1,1,1
2019-08-18T03,15.25,25.0,30.525,16.113,4.75,1,1,1,1,1
2019-08-18T04,15.75,26.5,19.925,24.705,5.65,1,1,1,1,1
2019-08-18T05,13.25,21.0,14.275,29.745,6.125,1,1,1,1,1
2019-08-18T06,9.5,20.25,17.975,28.125,5.775,1,1,1,1,1
2019-08-18T07,14.25,27.5,19.9,45.395,5.125,1,1,1,1,1
2019-08-18T08,15.0,31.25,20.225,41.312,5.425,1,1,1,1,1
2019-08-18T09,15.0,42.5,18.15,55.617,5.275,1,1,1,1,1
2019-08-18T10,16.5,55.25,21.8,61.597,5.7,1,1,1,1,1
2019-08-18T11,21.0,53.0,24.825,65.44,5.55,1,1,1,1,1
2019-08-18T12,22.0,57.0,29.4,48.64,6.125,1,1,1,1,1
2019-08-18T13,29.5,76.5,51.275,17.522,6.5,1,1,1,1,1
2019-08-18T14,43.5,103.75,59.55,1.43,7.45,1,1,1,1,1
2019-08-18T15,48.5,122.5,63.5,49.098,10.75,1,1,1,1,1
2019-08-18T16,57.5,132.25,65.55,13.23,13.05,1,1,1,1,1
2019-08-18T17,49.5,117.5,57.9,6.797,9.3,1,1,1,1,1
2019-08-18T18,42.166,109.834,49.15,14.947,7.3,2,2,2,2,2
2019-08-18T19,58.25,117.25,36.8,17.015,4.1,1,1,1,1,1
2019-08-18T20,58.75,96.5,28.2,18.35,4.025,1,1,1,1,1
2019-08-18T21,57.5,94.75,29.15,15.96,3.275,1,1,1,1,1
2019-08-18T22,53.25,87.0,29.4,2.6,4.2,1,1,1,1,1
2019-08-18T23,46.0,73.25,37.9,3.71,4.025,1,1,1,1,1
2019-08-19T00,51.75,100.5,47.625,6.377,4.525,1,1,1,1,1
2019-08-19T01,59.5,116.25,52.6,9.717,7.1,1,1,1,1,1
2019-08-19T02,58.0,113.25,51.85,58.9,5.05,1,1,1,1,1
2019-08-19T03,57.5,110.0,48.825,46.298,5.175,1,1,1,1,1
2019-08-19T04,52.0,102.5,30.5,84.942,5.4,1,1,1,1,1
2019-08-19T05,35.75,82.5,17.625,115.145,4.7,1,1,1,1,1
2019-08-19T06,23.667,65.333,29.5,121.213,5.267,1,1,1,1,1
2019-08-19T07,27.5,79.0,29.1,141.66,5.4,1,1,1,1,1
2019-08-19T08,29.75,89.5,24.5,139.377,5.05,1,1,1,1,1
2019-08-19T09,25.667,86.0,18.567,123.4,5.0,1,1,1,1,1
2019-08-19T10,19.667,73.333,17.5,124.537,4.3,1,1,1,1,1
2019-08-19T11,20.75,80.25,16.45,106.382,4.075,1,1,1,1,1
2019-08-19T12,20.0,84.25,19.95,73.837,3.825,1,1,1,1,1
2019-08-19T13,27.25,107.75,34.4,40.742,3.525,1,1,1,1,1
2019-08-19T14,51.5,149.75,54.725,24.39,5.4,1,1,1,1,1
2019-08-19T15,55.75,145.0,48.0,28.725,10.85,1,1,1,1,1
2019-08-19T16,48.25,125.0,64.9,48.55,16.325,1,1,1,1,1
2019-08-19T17,55.0,128.25,61.175,38.653,9.033,1,1,1,1,1
2019-08-19T18,56.834,135.334,59.6,53.133,8.334,2,2,2,2,2
2019-08-19T19,70.25,171.75,53.025,28.772,6.8,1,1,1,1,1
2019-08-19T20,78.0,175.5,39.05,13.832,5.8,1,1,1,1,1
2019-08-19T21,61.75,135.75,30.1,9.1,3.55,1,1,1,1,1
2019-08-19T22,52.0,100.0,20.7,,3.825,1,1,1,0,1
2019-08-19T23,35.75,69.0,18.6,8.105,3.6,1,1,1,1,1
2019-08-20T00,48.0,88.5,35.325,19.695,4.85,1,1,1,1,1
2019-08-20T01,69.0,129.0,,5.63,,1,1,0,1,0
2019-08-20T02,60.25,114.0,56.125,74.64,4.475,1,1,1,1,1
2019-08-20T03,61.5,116.0,20.5,47.98,4.45,1,1,1,1,1
2019-08-20T04,54.667,103.333,14.6,60.4,5.6,1,1,1,1,1
2019-08-20T05,38.75,73.0,14.2,79.293,5.1,1,1,1,1,1
2019-08-20T06,35.5,72.5,16.525,88.69,7.725,1,1,1,1,1
2019-08-20T07,33.25,75.75,14.6,103.395,8.4,1,1,1,1,1
2019-08-20T08,22.0,65.0,12.367,99.577,6.133,1,1,1,1,1
2019-08-20T09,21.25,66.0,12.05,94.002,5.075,1,1,1,1,1
2019-08-20T10,19.75,58.5,13.025,95.83,4.15,1,1,1,1,1
2019-08-20T11,22.75,68.5,15.45,107.055,3.575,1,1,1,1,1
2019-08-20T12,26.25,89.25,23.2,86.618,2.9,1,1,1,1,1
2019-08-20T13,32.75,107.0,43.425,51.847,2.9,1,1,1,1,1
2019-08-20T14,38.75,121.75,38.8,41.737,3.25,1,1,1,1,1
2019-08-20T15,34.75,125.333,57.175,19.712,3.625,1,1,1,1,1
2019-08-20T16,43.0,134.0,65.0,17.667,3.867,1,1,1,1,1
2019-08-20T17,51.667,124.667,70.167,7.303,3.5,1,1,1,1,1
2019-08-20T18,48.666,132.666,71.35,7.138,4.5,2,2,2,2,2
2019-08-20T19,47.75,144.5,62.1,13.725,3.875,1,1,1,1,1
2019-08-20T20,50.75,138.75,61.725,9.435,3.775,1,1,1,1,1
2019-08-20T21,56.667,138.667,58.65,7.61,3.75,1,1,1,1,1
2019-08-20T22,63.5,148.25,50.525,7.215,4.9,1,1,1,1,1
2019-08-20T23,59.25,146.75,51.25,1.05,5.025,1,1,1,1,1
2019-08-21T00,56.25,126.5,45.95,4.745,4.725,1,1,1,1,1
2019-08-21T01,68.0,141.0,37.7,11.612,8.2,1,1,1,1,1
2019-08-21T02,53.25,147.5,35.45,58.96,6.475,1,1,1,1,1
2019-08-21T03,48.0,166.667,33.033,55.22,5.933,1,1,1,1,1
2019-08-21T04,52.25,183.75,18.875,92.89,5.55,1,1,1,1,1
2019-08-21T05,45.0,182.5,15.2,110.805,5.1,1,1,1,1,1
2019-08-21T06,41.25,176.0,14.8,116.813,5.975,1,1,1,1,1
2019-08-21T07,36.0,154.0,14.0,116.403,6.3,1,1,1,1,1
2019-08-21T08,36.25,146.75,,118.157,,1,1,0,1,0
2019-08-21T09,36.5,148.5,16.15,121.19,7.3,1,1,1,1,1
2019-08-21T10,34.5,145.0,17.45,,4.9,1,1,1,0,1
2019-08-21T11,31.5,139.0,17.7,103.005,4.1,1,1,1,1,1
2019-08-21T12,28.0,141.5,21.15,92.207,3.775,1,1,1,1,1
2019-08-21T13,31.0,149.0,27.6,76.05,4.0,1,1,1,1,1
2019-08-21T14,40.333,166.0,49.367,45.183,5.733,1,1,1,1,1
2019-08-21T15,47.0,178.0,55.3,26.165,6.3,1,1,1,1,1
2019-08-21T16,66.75,204.0,74.5,16.133,7.725,1,1,1,1,1
2019-08-21T17,110.0,227.333,78.367,11.5,8.7,1,1,1,1,1
2019-08-21T18,110.166,220.166,83.7,5.837,7.017,2,2,2,2,2
2019-08-21T19,61.5,192.25,67.45,10.477,3.775,1,1,1,1,1
2019-08-21T20,63.0,196.0,65.5,11.6,3.7,1,1,1,1,1
2019-08-21T21,58.0,174.667,61.133,2.84,4.567,1,1,1,1,1
2019-08-21T22,47.5,148.5,52.35,3.49,4.725,1,1,1,1,1
2019-08-21T23,25.5,84.75,37.125,2.073,4.575,1,1,1,1,1
2019-08-22T00,19.0,80.5,44.9,2.92,4.15,1,1,1,1,1
2019-08-22T01,24.5,105.25,60.6,5.987,9.9,1,1,1,1,1
2019-08-22T02,38.0,143.75,60.075,25.97,7.4,1,1,1,1,1
2019-08-22T03,38.5,146.5,52.825,40.538,6.475,1,1,1,1,1
2019-08-22T04,41.75,165.5,38.1,94.965,6.975,1,1,1,1,1
2019-08-22T05,47.25,166.75,35.35,144.085,6.15,1,1,1,1,1
2019-08-22T06,51.0,174.5,30.425,143.63,7.375,1,1,1,1,1
2019-08-22T07,58.0,172.75,21.5,134.082,6.725,1,1,1,1,1
2019-08-22T08,52.75,168.25,37.975,81.112,4.75,1,1,1,1,1
2019-08-22T09,45.75,127.75,47.375,41.185,2.8,1,1,1,1,1
2019-08-22T10,20.333,45.333,92.2,10.277,3.5,1,1,1,1,1
2019-08-22T11,34.75,71.0,113.475,11.812,5.5,1,1,1,1,1
2019-08-22T12,64.0,116.0,86.133,16.02,7.667,1,1,1,1,1
2019-08-22T13,56.0,132.25,76.75,12.867,4.0,1,1,1,1,1
2019-08-22T14,45.5,115.75,97.625,4.652,4.925,1,1,1,1,1
2019-08-22T15,58.75,159.75,82.875,3.732,9.425,1,1,1,1,1
2019-08-22T16,61.333,163.0,84.4,3.813,11.033,1,1,1,1,1
2019-08-22T17,68.0,189.0,82.733,4.33,10.7,1,1,1,1,1
2019-08-22T18,61.166,155.334,72.05,4.779,8.05,2,2,2,2,2
2019-08-22T19,66.75,149.75,69.6,4.753,6.975,1,1,1,1,1
2019-08-22T20,66.0,142.333,63.375,4.205,6.55,1,1,1,1,1
2019-08-22T21,64.25,140.5,58.425,4.745,6.175,1,1,1,1,1
2019-08-22T22,61.0,138.0,53.7,3.893,6.867,1,1,1,1,1
2019-08-22T23,61.333,135.0,46.733,2.967,7.567,1,1,1,1,1
2019-08-23T00,54.0,133.0,53.067,4.653,7.6,1,1,1,1,1
2019-08-23T01,56.75,149.25,87.5,6.527,13.9,1,1,1,1,1
2019-08-23T02,69.5,183.0,103.3,16.48,15.95,1,1,1,1,1
2019-08-23T03,72.667,183.667,83.033,21.88,12.733,1,1,1,1,1
2019-08-23T04,65.0,178.5,44.05,104.605,7.65,1,1,1,1,1
2019-08-23T05,58.75,180.25,37.05,149.567,7.7,1,1,1,1,1
2019-08-23T06,53.5,166.75,29.9,176.642,6.425,1,1,1,1,1
2019-08-23T07,47.25,160.5,26.9,161.69,6.225,1,1,1,1,1
2019-08-23T08,41.75,159.5,24.15,125.972,7.6,1,1,1,1,1
2019-08-23T09,38.333,135.333,27.067,82.19,4.233,1,1,1,1,1
2019-08-23T10,35.25,98.0,55.725,56.125,12.775,1,1,1,1,1
2019-08-23T11,43.0,94.0,52.1,60.733,6.325,1,1,1,1,1
2019-08-23T12,41.25,113.25,53.625,41.748,4.225,1,1,1,1,1
2019-08-23T13,31.0,108.0,57.25,35.775,2.575,1,1,1,1,1
2019-08-23T14,46.0,143.667,79.267,9.727,2.833,1,1,1,1,1
2019-08-23T15,51.75,173.25,128.275,3.697,5.375,1,1,1,1,1
2019-08-23T16,55.0,228.0,116.0,8.393,6.75,1,1,1,1,1
2019-08-23T17,71.5,285.5,111.075,7.902,8.033,1,1,1,1,1
2019-08-23T18,85.0,296.0,95.1,5.803,8.25,2,2,2,2,2
2019-08-23T19,71.667,219.0,81.567,5.017,7.133,1,1,1,1,1
2019-08-23T20,69.0,211.0,61.967,5.913,8.733,1,1,1,1,1
2019-08-23T21,74.5,226.0,67.775,6.272,8.975,1,1,1,1,1
2019-08-23T22,77.5,226.5,68.25,5.175,7.05,1,1,1,1,1
2019-08-23T23,73.0,200.333,63.7,5.653,7.0,1,1,1,1,1
2019-08-24T00,71.75,192.5,63.975,5.68,7.35,1,1,1,1,1
2019-08-24T01,70.333,173.333,76.0,7.42,14.7,1,1,1,1,1
2019-08-24T02,75.75,172.75,88.075,23.87,13.925,1,1,1,1,1
2019-08-24T03,77.5,171.5,78.0,27.023,12.075,1,1,1,1,1
2019-08-24T04,76.0,179.0,47.9,52.827,11.267,1,1,1,1,1
2019-08-24T05,61.75,157.0,31.575,82.11,5.675,1,1,1,1,1
2019-08-24T06,54.5,106.5,29.85,89.325,1.9,1,1,1,1,1
2019-08-24T07,45.0,64.0,44.225,91.422,2.575,1,1,1,1,1
2019-08-24T08,51.0,73.25,51.55,104.852,4.0,1,1,1,1,1
2019-08-24T09,64.75,103.0,66.275,108.825,6.6,1,1,1,1,1
2019-08-24T10,76.0,138.25,58.525,65.695,6.7,1,1,1,1,1
2019-08-24T11,67.0,145.333,55.733,32.573,6.033,1,1,1,1,1
2019-08-24T12,68.0,148.0,54.4,40.77,7.3,1,1,1,1,1
2019-08-24T13,69.0,146.25,53.175,34.193,10.675,1,1,1,1,1
2019-08-24T14,73.5,143.25,57.625,19.84,7.55,1,1,1,1,1
2019-08-24T15,78.25,151.0,37.8,19.21,4.1,1,1,1,1,1
2019-08-24T16,52.0,100.0,33.7,23.103,3.3,1,1,1,1,1
2019-08-24T17,33.333,65.333,33.533,26.243,3.4,1,1,1,1,1
2019-08-24T18,29.5,49.666,27.3,29.285,7.9,2,2,2,2,2
2019-08-24T19,27.75,49.25,24.375,25.285,6.125,1,1,1,1,1
2019-08-24T20,33.0,54.5,19.15,21.365,3.35,1,1,1,1,1
2019-08-24T21,35.0,55.0,19.8,16.688,4.5,1,1,1,1,1
2019-08-24T22,32.75,53.5,21.875,15.067,4.95,1,1,1,1,1
2019-08-24T23,35.5,59.0,19.6,16.88,4.775,1,1,1,1,1
2019-08-25T00,36.5,63.5,21.925,14.66,5.725,1,1,1,1,1
2019-08-25T01,36.25,70.75,25.5,16.953,9.6,1,1,1,1,1
2019-08-25T02,40.0,77.75,22.925,36.06,7.2,1,1,1,1,1
2019-08-25T03,40.0,74.0,23.733,26.713,5.933,1,1,1,1,1
2019-08-25T04,30.0,50.0,21.967,27.447,6.233,1,1,1,1,1
2019-08-25T05,29.0,53.0,18.367,39.41,7.333,1,1,1,1,1
2019-08-25T06,30.667,55.667,15.367,61.1,7.033,1,1,1,1,1
2019-08-25T07,32.0,63.0,17.433,75.86,6.467,1,1,1,1,1
2019-08-25T08,33.0,64.0,19.267,97.23,4.1,1,1,1,1,1
2019-08-25T09,30.0,64.75,16.3,62.207,1.975,1,1,1,1,1
2019-08-25T10,9.0,46.333,25.5,35.72,1.0,1,1,1,1,1
2019-08-25T11,9.0,29.0,29.367,33.627,1.133,1,1,1,1,1
2019-08-25T12,14.0,25.0,48.0,14.95,3.9,1,1,1,1,1
2019-08-25T13,21.0,30.0,57.033,11.54,6.567,1,1,1,1,1
2019-08-25T14,30.0,46.0,48.35,9.535,6.75,1,1,1,1,1
2019-08-25T15,22.0,42.0,34.9,12.2,9.65,1,1,1,1,1
2019-08-25T16,17.0,35.0,36.267,8.46,2.667,1,1,1,1,1
2019-08-25T17,8.0,35.0,42.7,5.59,6.45,1,1,1,1,1
2019-08-25T18,19.667,50.0,43.4,5.593,9.8,1,1,1,1,1
2019-08-25T19,29.0,56.0,32.167,7.797,7.333,1,1,1,1,1
2019-08-25T20,33.0,63.0,34.6,6.31,12.8,1,1,1,1,1
2019-08-25T21,38.0,81.5,36.75,3.675,16.9,1,1,1,1,1
2019-08-25T22,39.0,94.0,33.967,3.517,12.9,1,1,1,1,1
2019-08-25T23,18.667,55.333,29.933,3.34,10.167,1,1,1,1,1
2019-08-26T00,14.75,44.5,23.65,5.567,5.2,1,1,1,1,1
2019-08-26T01,11.0,46.0,,7.8,,1,1,0,1,0
2019-08-27T02,22.0,56.0,20.0,42.96,11.5,1,1,1,1,1
2019-08-27T03,20.333,59.333,22.6,43.86,8.433,1,1,1,1,1
2019-08-27T04,22.5,66.0,22.3,69.043,12.7,1,1,1,1,1
2019-08-27T05,28.0,66.0,20.8,96.423,10.533,1,1,1,1,1
2019-08-27T06,26.0,73.0,17.167,89.893,7.733,1,1,1,1,1
2019-08-27T07,19.0,49.0,18.55,81.31,13.05,1,1,1,1,1
2019-08-27T08,17.5,51.5,16.3,88.86,13.4,1,1,1,1,1
2019-08-27T09,22.5,59.75,21.525,94.89,13.425,1,1,1,1,1
2019-08-27T10,30.0,80.0,21.433,90.91,9.6,1,1,1,1,1
2019-08-27T11,24.0,77.0,20.833,85.683,9.333,1,1,1,1,1
2019-08-27T12,30.333,79.667,36.533,54.133,20.033,1,1,1,1,1
2019-08-27T13,32.333,101.0,67.0,19.01,19.633,1,1,1,1,1
2019-08-27T14,36.667,126.0,61.733,13.603,20.667,1,1,1,1,1
2019-08-27T15,39.667,128.0,49.967,15.553,14.633,1,1,1,1,1
2019-08-27T16,39.0,128.0,49.7,15.01,10.467,1,1,1,1,1
2019-08-27T17,35.667,99.333,33.967,21.137,4.85,1,1,1,1,1
2019-08-27T18,35.166,86.666,32.7,20.3,6.5,2,2,2,2,2
2019-08-27T19,36.0,80.0,37.15,15.295,10.1,1,1,1,1,1
2019-08-27T20,43.0,96.0,23.7,26.44,8.4,1,1,1,1,1
2019-08-27T21,41.333,80.0,28.433,18.62,10.1,1,1,1,1,1
2019-08-27T22,44.0,86.0,25.5,19.59,14.85,1,1,1,1,1
2019-08-27T23,36.75,87.0,28.9,14.082,20.95,1,1,1,1,1
2019-08-28T00,46.25,102.0,35.05,10.935,16.875,1,1,1,1,1
2019-08-28T01,50.0,111.0,,22.5,,1,1,0,1,0
2019-08-28T02,42.0,90.0,28.5,,14.6,1,1,1,0,1
2019-08-28T03,27.5,79.0,24.2,48.75,9.75,1,1,1,1,1
2019-08-28T04,25.0,64.0,16.4,86.2,9.5,1,1,1,1,1
2019-08-28T06,24.0,67.0,15.8,85.32,14.1,1,1,1,1,1
2019-08-28T07,26.0,62.0,14.6,95.35,25.0,1,1,1,1,1
2019-08-28T08,28.0,57.0,15.3,87.26,22.0,1,1,1,1,1
2019-08-28T09,24.0,58.0,26.2,74.7,52.8,1,1,1,1,1
2019-08-28T10,28.0,64.0,17.1,78.97,18.8,1,1,1,1,1
2019-08-28T11,24.0,58.667,26.467,67.67,10.467,1,1,1,1,1
2019-08-28T12,25.5,72.5,37.55,48.562,21.9,1,1,1,1,1
2019-08-28T13,24.0,80.0,50.7,37.36,8.1,1,1,1,1,1
2019-08-28T14,32.667,85.0,36.6,50.373,5.933,1,1,1,1,1
2019-08-28T15,33.0,86.667,43.667,36.157,10.367,1,1,1,1,1
2019-08-28T16,35.0,90.0,49.3,29.97,13.8,1,1,1,1,1
2019-08-28T17,42.667,101.667,48.2,24.69,11.4,1,1,1,1,1
2019-08-28T18,46.0,105.0,40.4,25.36,10.2,1,1,1,1,1
2019-08-28T19,36.0,58.0,18.3,38.32,4.8,1,1,1,1,1
2019-08-28T22,34.667,58.0,16.567,27.27,4.433,1,1,1,1,1
2019-08-28T23,30.0,54.75,17.0,25.917,3.375,1,1,1,1,1
2019-08-29T00,33.667,61.667,35.667,13.563,8.7,1,1,1,1,1
2019-08-29T01,38.75,82.25,23.0,17.36,8.9,1,1,1,1,1
2019-08-29T02,31.75,82.25,26.55,49.69,7.325,1,1,1,1,1
2019-08-29T03,31.0,89.0,28.3,49.65,6.2,1,1,1,1,1
2019-08-29T04,26.0,74.0,22.1,71.553,4.967,1,1,1,1,1
2019-08-29T05,28.5,65.0,17.4,94.935,7.7,1,1,1,1,1
2019-08-29T06,34.0,65.0,15.1,108.685,7.3,1,1,1,1,1
2019-08-29T07,31.0,61.0,16.467,108.18,12.967,1,1,1,1,1
2019-08-29T08,25.0,65.667,16.633,86.28,18.233,1,1,1,1,1
2019-08-29T09,21.0,63.0,13.25,78.725,7.85,1,1,1,1,1
2019-08-29T10,13.667,53.333,17.367,71.2,7.8,1,1,1,1,1
2019-08-29T11,17.0,68.5,31.0,48.775,3.9,1,1,1,1,1
2019-08-29T12,18.5,78.5,37.175,37.725,4.8,1,1,1,1,1
2019-08-29T13,19.0,77.333,32.9,38.803,4.167,1,1,1,1,1
2019-08-29T14,24.0,81.667,35.567,34.903,5.533,1,1,1,1,1
2019-08-29T15,24.667,82.0,37.575,28.93,4.825,1,1,1,1,1
2019-08-29T16,21.25,59.5,30.825,32.82,4.55,1,1,1,1,1
2019-08-29T17,19.0,55.0,29.667,24.707,4.867,1,1,1,1,1
2019-08-29T18,18.334,55.334,30.216,15.643,3.683,2,2,2,2,2
2019-08-29T19,21.25,48.0,29.025,14.19,4.975,1,1,1,1,1
2019-08-29T20,24.75,49.75,30.45,14.402,2.975,1,1,1,1,1
2019-08-29T21,25.667,49.333,29.367,15.907,3.867,1,1,1,1,1
2019-08-29T22,28.75,56.75,26.6,16.047,4.575,1,1,1,1,1
2019-08-29T23,28.0,59.0,19.55,21.2,6.05,1,1,1,1,1
2019-08-30T00,33.0,71.75,23.75,17.905,7.525,1,1,1,1,1
2019-08-30T01,32.333,77.333,20.1,20.43,12.1,1,1,1,1,1
2019-08-30T02,30.0,77.5,24.825,30.24,12.875,1,1,1,1,1
2019-08-30T03,43.0,93.0,24.25,40.413,14.75,1,1,1,1,1
2019-08-30T04,40.0,89.333,23.967,81.99,9.667,1,1,1,1,1
2019-08-30T05,42.0,88.0,27.75,101.575,10.05,1,1,1,1,1
2019-08-30T06,48.0,94.0,22.75,98.89,9.3,1,1,1,1,1
2019-08-30T07,42.333,85.0,21.9,110.21,8.0,1,1,1,1,1
2019-08-30T08,40.0,83.667,23.467,111.483,7.633,1,1,1,1,1
2019-08-30T09,38.25,80.0,22.45,111.245,7.7,1,1,1,1,1
2019-08-30T10,39.0,77.0,23.6,108.21,9.0,1,1,1,1,1
2019-08-30T11,28.5,75.5,34.3,64.18,6.75,1,1,1,1,1
2019-08-30T12,28.0,74.667,46.9,48.237,3.767,1,1,1,1,1
2019-08-30T13,30.0,78.0,61.15,36.965,2.7,1,1,1,1,1
2019-08-30T14,33.5,107.0,53.5,24.795,4.05,1,1,1,1,1
2019-08-30T15,35.0,107.0,65.2,15.755,4.25,1,1,1,1,1
2019-08-30T16,32.0,108.0,74.8,7.9,3.9,1,1,1,1,1
2019-08-30T17,31.0,100.0,53.6,6.7,,1,1,1,1,0
2019-08-30T18,31.0,100.0,51.4,9.39,5.5,1,1,1,1,1
2019-08-30T19,30.0,79.0,44.3,20.58,4.8,1,1,1,1,1
2019-08-30T22,40.5,89.5,32.0,30.46,4.4,1,1,1,1,1
2019-08-30T23,43.0,96.0,33.2,27.99,4.1,1,1,1,1,1
2019-08-31T00,41.0,100.0,36.05,20.365,4.1,1,1,1,1,1
2019-08-31T01,45.0,111.0,,15.31,,1,1,0,1,0
2019-08-31T02,46.0,117.0,40.8,48.75,5.3,1,1,1,1,1
2019-08-31T03,43.5,105.5,34.05,62.905,5.0,1,1,1,1,1
2019-08-31T04,41.0,94.0,25.3,98.195,3.95,1,1,1,1,1
2019-08-31T05,42.0,106.0,24.35,114.315,7.4,1,1,1,1,1
2019-08-31T06,50.0,111.0,28.95,119.295,10.4,1,1,1,1,1
2019-08-31T07,51.0,121.0,31.6,129.633,8.5,1,1,1,1,1
2019-08-31T09,51.0,95.0,29.8,141.49,6.1,1,1,1,1,1
2019-08-31T10,46.0,81.0,26.1,176.26,8.2,1,1,1,1,1
2019-08-31T13,144.0,215.0,74.4,,35.9,1,1,1,0,1
2019-08-31T14,119.0,243.0,116.8,68.09,20.4,1,1,1,1,1
2019-08-31T17,88.0,213.0,45.5,31.14,14.1,1,1,1,1,1
2019-08-31T18,31.0,69.0,28.9,23.13,,1,1,1,1,0
2019-08-31T19,31.0,69.0,21.8,24.52,,1,1,1,1,0
2019-08-31T21,26.0,52.0,14.7,23.68,,1,1,1,1,0
2019-09-01T00,40.0,80.0,16.9,12.98,3.8,1,1,1,1,1
2019-09-01T02,11.0,30.0,19.8,,1.15,1,1,1,0,1
2019-09-01T04,4.0,29.0,27.0,43.45,,1,1,1,1,0
2019-09-01T08,9.0,36.0,41.8,44.43,36.5,1,1,1,1,1
2019-09-01T09,8.5,40.5,24.65,94.14,15.35,1,1,1,1,1
2019-09-01T10,8.0,45.0,27.35,74.165,20.0,1,1,1,1,1
2019-09-01T11,5.0,44.0,35.7,66.58,20.05,1,1,1,1,1
2019-09-01T12,10.0,59.5,45.075,48.567,20.325,1,1,1,1,1
2019-09-01T13,17.5,69.0,54.65,35.29,12.1,1,1,1,1,1
2019-09-01T14,22.0,77.0,44.567,41.423,4.333,1,1,1,1,1
2019-09-01T15,26.0,78.75,48.725,33.73,3.375,1,1,1,1,1
2019-09-01T16,29.0,77.5,45.825,31.203,7.9,1,1,1,1,1
2019-09-01T17,38.0,84.0,23.9,24.99,3.5,1,1,1,1,1
2019-09-01T18,34.666,58.834,23.75,23.617,3.35,2,2,2,2,2
2019-09-01T19,18.25,33.25,18.05,28.977,,1,1,1,1,0
2019-09-01T20,19.0,34.0,14.6,29.37,0.1,1,1,1,1,1
2019-09-01T21,21.5,34.5,15.825,24.373,1.15,1,1,1,1,1
2019-09-01T22,27.333,41.333,15.367,22.657,3.35,1,1,1,1,1
2019-09-01T23,36.0,64.0,14.0,25.3,3.367,1,1,1,1,1
2019-09-02T00,29.0,52.0,19.9,16.293,3.433,1,1,1,1,1
2019-09-02T01,30.667,63.75,24.9,19.448,7.0,1,1,1,1,1
2019-09-02T02,34.0,66.0,28.25,,5.9,1,1,1,0,1
2019-09-02T03,25.0,77.0,30.533,39.72,4.4,1,1,1,1,1
2019-09-02T04,35.667,91.333,31.433,98.837,6.5,1,1,1,1,1
2019-09-02T05,41.25,104.25,27.2,136.702,5.75,1,1,1,1,1
2019-09-02T06,54.667,112.0,25.833,149.58,21.1,1,1,1,1,1
2019-09-02T07,71.5,116.25,28.375,152.18,33.675,1,1,1,1,1
2019-09-02T08,81.0,129.0,28.45,206.035,26.55,1,1,1,1,1
2019-09-02T09,,135.0,27.7,213.07,21.4,0,1,1,1,1
2019-09-02T10,82.0,145.0,26.2,231.69,16.45,1,1,1,1,1
2019-09-02T11,55.333,115.667,21.633,125.67,7.033,1,1,1,1,1
2019-09-02T12,52.667,120.667,81.7,73.153,8.8,1,1,1,1,1
2019-09-02T13,78.0,184.0,83.6,55.55,5.3,1,1,1,1,1
2019-09-02T14,76.0,185.5,123.175,25.293,4.1,1,1,1,1,1
2019-09-02T15,92.667,185.667,43.4,80.943,12.1,1,1,1,1,1
2019-09-02T16,114.333,209.333,46.467,52.11,14.667,1,1,1,1,1
2019-09-02T17,123.25,215.5,45.6,42.65,14.6,1,1,1,1,1
2019-09-02T18,106.166,177.5,49.433,55.337,10.9,2,2,2,2,2
2019-09-02T19,77.0,145.0,38.8,,26.0,1,1,1,0,1
2019-09-02T20,72.0,122.0,41.5,136.89,23.8,1,1,1,1,1
2019-09-02T21,58.0,112.0,48.35,33.045,8.8,1,1,1,1,1
2019-09-02T22,55.5,107.5,33.625,464.48,31.675,1,1,1,1,1
2019-09-02T23,53.25,106.0,41.5,,70.7,1,1,1,0,1
2019-09-03T00,67.75,130.75,42.625,400.26,49.65,1,1,1,1,1
2019-09-03T01,64.333,126.0,27.3,399.47,28.7,1,1,1,1,1
2019-09-03T02,59.667,125.333,28.8,39.34,18.7,1,1,1,1,1
2019-09-03T03,49.25,117.75,27.95,55.332,10.725,1,1,1,1,1
2019-09-03T04,51.333,121.333,25.567,181.003,20.367,1,1,1,1,1
2019-09-03T05,54.0,118.0,21.9,145.64,12.55,1,1,1,1,1
2019-09-03T06,55.0,108.0,23.05,118.68,7.15,1,1,1,1,1
2019-09-03T07,62.5,123.0,47.85,129.28,11.6,1,1,1,1,1
2019-09-03T08,68.0,129.0,26.15,146.95,11.5,1,1,1,1,1
2019-09-03T10,62.0,129.0,21.2,125.77,9.4,1,1,1,1,1
2019-09-03T11,61.0,129.0,38.2,68.825,4.85,1,1,1,1,1
2019-09-03T12,73.0,148.0,63.2,48.055,7.55,1,1,1,1,1
2019-09-03T13,86.667,173.333,84.433,29.933,9.133,1,1,1,1,1
2019-09-03T14,92.0,186.0,97.233,24.22,7.5,1,1,1,1,1
2019-09-03T16,90.0,183.0,75.6,26.73,6.8,1,1,1,1,1
2019-09-03T17,87.0,175.0,75.75,28.215,6.9,1,1,1,1,1
2019-09-03T18,90.0,180.0,113.5,,6.8,1,1,1,0,1
2019-09-03T21,99.0,174.0,86.4,9.55,6.8,1,1,1,1,1
2019-09-03T22,99.0,155.0,55.9,36.63,7.0,1,1,1,1,1
2019-09-03T23,91.0,145.0,50.1,32.517,7.4,1,1,1,1,1
2019-09-04T00,91.333,148.333,34.767,39.32,12.5,1,1,1,1,1
2019-09-04T01,86.5,151.0,52.7,18.188,11.5,1,1,1,1,1
2019-09-04T02,82.0,163.0,48.6,,13.0,1,1,1,0,1
2019-09-04T03,131.0,238.0,41.3,8.21,8.8,1,1,1,1,1
2019-09-04T04,62.0,123.0,23.8,41.36,7.5,1,1,1,1,1
2019-09-04T05,53.667,110.333,21.0,51.307,6.267,1,1,1,1,1
2019-09-04T07,49.25,107.75,25.725,130.472,10.15,1,1,1,1,1
2019-09-04T08,60.0,121.0,23.6,108.24,7.7,1,1,1,1,1
2019-09-04T10,57.333,118.667,22.8,109.527,8.167,1,1,1,1,1
2019-09-04T13,47.0,101.0,47.8,33.71,15.0,1,1,1,1,1
2019-09-04T14,45.0,98.333,34.067,27.72,13.533,1,1,1,1,1
2019-09-04T15,45.5,89.0,27.1,38.11,5.3,1,1,1,1,1
2019-09-04T16,44.75,77.75,23.875,30.288,4.95,1,1,1,1,1
2019-09-04T17,41.0,68.0,16.95,35.465,4.45,1,1,1,1,1
2019-09-04T18,36.667,67.0,23.267,12.29,6.433,1,1,1,1,1
2019-09-04T19,40.0,77.0,21.0,8.78,6.767,1,1,1,1,1
2019-09-04T21,26.0,45.0,15.5,18.13,5.9,1,1,1,1,1
2019-09-04T22,33.0,62.0,17.267,12.51,4.167,1,1,1,1,1
2019-09-04T23,25.0,48.333,15.633,16.42,2.3,1,1,1,1,1
2019-09-05T00,28.0,48.0,16.85,14.225,3.85,1,1,1,1,1
2019-09-05T01,30.25,57.25,17.7,10.395,8.1,1,1,1,1,1
2019-09-05T02,28.0,58.0,20.6,,7.35,1,1,1,0,1
2019-09-05T03,29.0,81.0,26.35,19.7,4.15,1,1,1,1,1
2019-09-05T04,34.0,94.0,27.25,29.145,6.15,1,1,1,1,1
2019-09-05T05,37.0,88.5,23.45,87.28,8.825,1,1,1,1,1
2019-09-05T06,37.0,84.0,24.567,101.083,6.933,1,1,1,1,1
2019-09-05T07,27.0,83.0,22.85,68.515,3.5,1,1,1,1,1
2019-09-05T08,20.0,65.0,18.5,61.035,5.4,1,1,1,1,1
2019-09-05T10,14.0,58.0,15.5,63.27,9.3,1,1,1,1,1
2019-09-05T11,10.5,55.0,32.05,45.58,12.3,1,1,1,1,1
2019-09-05T12,10.0,64.0,30.633,38.507,9.433,1,1,1,1,1
2019-09-05T13,16.333,67.333,35.9,23.62,7.067,1,1,1,1,1
2019-09-05T14,22.25,83.0,44.85,13.29,6.85,1,1,1,1,1
2019-09-05T16,29.0,97.0,34.9,17.31,12.9,1,1,1,1,1
2019-09-05T17,29.0,92.0,17.8,26.68,6.45,1,1,1,1,1
2019-09-05T18,27.0,58.0,17.45,25.01,5.0,2,2,2,2,2
2019-09-05T19,30.0,58.0,17.6,20.25,6.5,1,1,1,1,1
2019-09-05T21,23.0,50.0,22.167,12.23,9.233,1,1,1,1,1
2019-09-05T22,38.75,65.75,22.05,8.5,6.075,1,1,1,1,1
2019-09-05T23,35.5,62.25,23.225,9.512,5.425,1,1,1,1,1
2019-09-06T00,37.5,70.0,25.7,6.38,8.2,1,1,1,1,1
2019-09-06T01,38.0,77.0,,6.357,,1,1,0,1,0
2019-09-06T02,38.667,85.667,22.067,48.59,13.633,1,1,1,1,1
2019-09-06T03,31.0,88.0,25.5,38.77,8.6,1,1,1,1,1
2019-09-06T08,22.0,40.0,16.3,63.21,5.4,1,1,1,1,1
2019-09-06T09,16.0,51.0,22.1,75.48,5.1,1,1,1,1,1
2019-09-06T10,16.5,59.0,27.75,56.888,4.275,1,1,1,1,1
2019-09-06T11,22.0,88.0,46.3,16.35,1.2,1,1,1,1,1
2019-09-06T13,19.0,90.0,36.2,23.54,2.8,1,1,1,1,1
2019-09-06T14,22.333,63.333,32.933,17.71,1.967,1,1,1,1,1
2019-09-06T15,25.0,86.0,56.1,6.64,1.0,1,1,1,1,1
2019-09-06T17,30.0,108.0,53.6,,7.0,1,1,1,0,1
2019-09-06T18,33.0,105.0,37.8,,6.6,1,1,1,0,1
2019-09-06T19,33.0,105.0,41.4,,8.3,1,1,1,0,1
2019-09-06T21,25.0,73.0,35.2,,8.1,1,1,1,0,1
2019-09-06T23,22.0,42.0,23.35,7.495,7.1,1,1,1,1,1
2019-09-07T00,28.0,57.0,25.6,13.11,8.1,1,1,1,1,1
2019-09-07T01,40.0,89.0,,13.795,,1,1,0,1,0
2019-09-07T02,49.5,94.5,20.75,45.2,6.8,1,1,1,1,1
2019-09-07T03,38.5,83.5,19.75,34.825,8.3,1,1,1,1,1
2019-09-07T04,36.0,90.0,20.65,42.65,5.45,1,1,1,1,1
2019-09-07T05,28.0,64.0,16.65,53.145,3.8,1,1,1,1,1
2019-09-07T06,28.0,53.0,14.55,57.97,2.9,1,1,1,1,1
2019-09-07T07,24.0,100.0,17.1,84.08,4.1,1,1,1,1,1
2019-09-07T08,31.5,98.0,,89.78,,1,1,0,1,0
2019-09-07T12,18.0,66.0,74.1,8.43,1.4,1,1,1,1,1
2019-09-07T13,19.0,68.0,58.8,7.98,2.3,1,1,1,1,1
2019-09-07T18,14.0,33.0,14.2,28.13,3.5,1,1,1,1,1
2019-09-07T21,7.0,31.0,13.3,14.94,7.0,1,1,1,1,1
2019-09-08T00,20.5,40.0,19.65,15.045,1.15,1,1,1,1,1
2019-09-08T01,26.0,52.0,,10.82,,1,1,0,1,0
2019-09-08T02,39.0,92.0,35.6,,23.4,1,1,1,0,1
2019-09-08T04,59.0,124.667,35.167,198.753,20.167,1,1,1,1,1
2019-09-08T05,52.0,115.25,37.3,87.685,29.0,1,1,1,1,1
2019-09-08T06,55.0,107.0,39.4,108.02,36.0,1,1,1,1,1
2019-09-08T08,38.0,84.0,12.8,217.72,10.2,1,1,1,1,1
2019-09-08T09,30.0,57.0,13.3,106.92,11.3,1,1,1,1,1
2019-09-08T11,30.667,71.0,14.733,130.02,9.5,1,1,1,1,1
2019-09-08T14,43.0,113.0,68.0,103.31,9.8,1,1,1,1,1
2019-09-08T15,44.0,125.0,75.2,95.03,8.95,1,1,1,1,1
2019-09-08T19,48.0,100.0,37.6,220.34,46.2,1,1,1,1,1
2019-09-08T21,67.0,117.0,23.5,379.06,17.1,1,1,1,1,1
2019-09-08T23,65.0,117.0,34.0,,8.9,1,1,1,0,1
2019-09-09T02,90.0,173.0,36.4,,19.9,1,1,1,0,1
2019-09-09T06,61.0,113.0,20.9,142.67,7.6,1,1,1,1,1
2019-09-09T07,50.0,126.5,17.25,138.67,7.05,1,1,1,1,1
2019-09-09T09,67.25,148.75,17.6,134.26,7.6,1,1,1,1,1
2019-09-09T10,68.0,139.0,16.9,127.015,7.5,1,1,1,1,1
2019-09-09T11,55.0,144.0,18.267,107.557,6.467,1,1,1,1,1
2019-09-09T12,50.0,144.0,25.1,85.905,5.35,1,1,1,1,1
2019-09-09T13,42.0,153.0,33.9,53.75,4.3,1,1,1,1,1
2019-09-09T14,50.0,163.0,35.3,54.207,3.2,1,1,1,1,1
2019-09-09T15,49.5,172.0,67.3,22.93,5.125,1,1,1,1,1
2019-09-09T16,64.5,196.0,76.85,207.665,23.575,1,1,1,1,1
2019-09-09T17,74.25,221.5,64.8,76.912,6.767,1,1,1,1,1
2019-09-10T18,98.0,169.0,34.3,56.29,10.7,1,1,1,1,1
2019-09-10T21,64.0,102.0,32.4,,5.3,1,1,1,0,1
2019-09-11T01,69.0,126.0,56.5,16.543,13.2,1,1,1,1,1
2019-09-11T02,74.0,146.0,52.5,,17.9,1,1,1,0,1
2019-09-11T03,55.0,124.0,35.1,44.84,15.8,1,1,1,1,1
2019-09-11T04,59.0,129.25,25.725,92.815,16.35,1,1,1,1,1
2019-09-11T05,66.75,140.0,23.6,134.237,15.275,1,1,1,1,1
2019-09-11T06,56.5,128.5,25.075,189.933,13.225,1,1,1,1,1
2019-09-11T07,66.5,141.5,31.3,254.197,13.675,1,1,1,1,1
2019-09-11T08,74.0,149.5,32.45,305.55,12.85,1,1,1,1,1
2019-09-11T09,78.0,162.25,39.125,209.23,14.95,1,1,1,1,1
2019-09-11T10,87.25,191.5,32.025,198.282,13.675,1,1,1,1,1
2019-09-11T11,79.0,178.0,39.4,186.107,14.0,1,1,1,1,1
2019-09-11T12,82.0,184.0,41.85,135.25,12.6,1,1,1,1,1
2019-09-11T16,,,,,7.2,0,0,0,0,1
2019-09-11T17,89.0,173.0,52.3,22.89,,1,1,1,1,0
2019-09-11T18,82.0,158.0,43.067,32.523,6.133,1,1,1,1,1
2019-09-11T19,67.5,124.5,53.525,20.41,5.675,1,1,1,1,1
2019-09-11T20,65.0,113.5,42.1,20.652,6.175,1,1,1,1,1
2019-09-11T21,61.5,108.25,26.925,26.648,4.325,1,1,1,1,1
2019-09-11T22,59.0,95.25,20.225,19.89,3.35,1,1,1,1,1
2019-09-11T23,56.0,89.75,24.1,24.625,2.875,1,1,1,1,1
2019-09-12T00,56.5,89.5,34.525,15.927,2.975,1,1,1,1,1
2019-09-12T01,61.0,100.75,35.2,16.227,5.8,1,1,1,1,1
2019-09-12T02,69.75,135.0,40.875,55.39,11.325,1,1,1,1,1
2019-09-12T03,64.5,141.75,34.975,45.135,9.9,1,1,1,1,1
2019-09-12T04,51.0,117.0,25.067,53.95,8.833,1,1,1,1,1
2019-09-12T05,36.25,91.0,17.35,62.71,6.15,1,1,1,1,1
2019-09-12T06,39.0,83.333,16.933,90.377,5.267,1,1,1,1,1
2019-09-12T07,43.5,94.0,22.5,100.09,8.85,1,1,1,1,1
2019-09-12T08,39.5,97.5,21.0,98.445,7.975,1,1,1,1,1
2019-09-12T09,41.5,98.5,37.625,68.412,22.8,1,1,1,1,1
2019-09-12T10,34.25,87.25,62.825,40.947,34.475,1,1,1,1,1
2019-09-12T11,31.25,80.5,34.55,59.648,19.225,1,1,1,1,1
2019-09-12T12,21.5,71.75,26.625,55.918,7.075,1,1,1,1,1
2019-09-12T13,28.5,88.25,38.025,27.97,18.95,1,1,1,1,1
2019-09-12T14,36.5,92.25,26.275,33.225,9.025,1,1,1,1,1
2019-09-12T15,38.25,82.5,19.975,38.38,4.15,1,1,1,1,1
2019-09-12T16,41.5,82.0,26.95,26.415,3.65,1,1,1,1,1
2019-09-12T17,47.5,86.0,19.775,30.362,4.367,1,1,1,1,1
2019-09-12T18,41.166,61.166,13.65,35.043,8.767,2,2,2,2,2
2019-09-12T19,30.75,55.5,14.425,23.312,11.975,1,1,1,1,1
2019-09-12T20,26.75,47.0,14.275,25.303,12.075,1,1,1,1,1
2019-09-12T21,26.75,37.25,10.85,21.683,11.525,1,1,1,1,1
2019-09-12T22,28.0,44.75,16.425,4.253,12.175,1,1,1,1,1
2019-09-12T23,26.75,49.25,18.725,,15.4,1,1,1,0,1
2019-09-13T00,33.0,61.25,21.05,,11.85,1,1,1,0,1
2019-09-13T01,36.25,79.0,22.0,,14.6,1,1,1,0,1
2019-09-13T02,39.333,79.667,24.167,33.26,15.367,1,1,1,1,1
2019-09-13T03,40.0,72.5,27.3,26.67,16.975,1,1,1,1,1
2019-09-13T04,28.0,83.0,27.1,51.477,18.533,1,1,1,1,1
2019-09-13T05,28.0,80.0,21.3,79.48,17.9,1,1,1,1,1
2019-09-13T06,18.5,62.5,15.2,79.42,13.15,1,1,1,1,1
2019-09-13T07,16.333,55.0,15.1,65.547,12.367,1,1,1,1,1
2019-09-13T08,12.75,51.5,14.275,66.55,11.4,1,1,1,1,1
2019-09-13T09,17.0,45.5,15.3,79.685,12.35,1,1,1,1,1
2019-09-13T11,22.0,69.0,18.333,85.553,12.667,1,1,1,1,1
2019-09-13T12,21.0,66.25,40.225,51.225,13.25,1,1,1,1,1
2019-09-13T13,15.5,73.25,52.525,27.22,11.925,1,1,1,1,1
2019-09-13T14,16.75,71.5,46.525,21.703,9.125,1,1,1,1,1
2019-09-13T15,16.75,62.25,37.425,23.668,9.125,1,1,1,1,1
2019-09-13T16,20.0,56.5,31.575,27.763,10.4,1,1,1,1,1
2019-09-13T17,21.75,55.0,27.0,31.388,10.4,1,1,1,1,1
2019-09-13T18,18.666,54.5,22.816,32.26,6.25,2,2,2,2,2
2019-09-13T19,19.5,46.25,15.45,34.742,5.925,1,1,1,1,1
2019-09-13T20,13.0,30.0,10.4,38.32,6.175,1,1,1,1,1
2019-09-13T21,16.25,35.75,10.85,35.025,4.875,1,1,1,1,1
2019-09-13T22,15.75,38.75,9.425,28.315,4.425,1,1,1,1,1
2019-09-13T23,14.25,24.25,14.775,24.9,4.375,1,1,1,1,1
2019-09-14T00,20.5,27.25,8.25,25.657,3.85,1,1,1,1,1
2019-09-14T01,19.25,28.75,17.0,19.45,9.5,1,1,1,1,1
2019-09-14T02,22.25,44.5,16.825,48.1,7.55,1,1,1,1,1
2019-09-14T03,28.75,59.0,14.375,38.432,6.65,1,1,1,1,1
2019-09-14T04,29.667,63.667,13.267,54.983,10.033,1,1,1,1,1
2019-09-14T05,33.0,67.0,11.933,66.06,7.3,1,1,1,1,1
2019-09-14T06,25.0,58.0,24.075,57.53,22.0,1,1,1,1,1
2019-09-14T07,24.75,60.0,16.275,75.32,10.575,1,1,1,1,1
2019-09-14T08,24.0,65.5,18.675,73.968,11.925,1,1,1,1,1
2019-09-14T09,24.0,66.25,16.35,83.4,7.475,1,1,1,1,1
2019-09-14T10,24.75,73.0,17.825,75.118,10.875,1,1,1,1,1
2019-09-14T11,23.667,73.0,23.0,54.317,23.033,1,1,1,1,1
2019-09-14T12,17.25,74.25,39.025,28.675,41.8,1,1,1,1,1
2019-09-14T13,18.75,75.5,42.575,17.415,56.95,1,1,1,1,1
2019-09-14T14,19.5,64.25,22.325,23.725,14.725,1,1,1,1,1
2019-09-14T15,16.0,55.0,21.775,24.3,13.275,1,1,1,1,1
2019-09-14T16,18.0,56.25,16.925,23.212,11.8,1,1,1,1,1
2019-09-14T17,15.25,41.25,14.875,23.812,6.567,1,1,1,1,1
2019-09-14T18,16.5,37.166,9.95,28.008,7.784,2,2,2,2,2
2019-09-14T19,17.25,26.0,9.65,25.53,7.35,1,1,1,1,1
2019-09-14T20,13.5,23.25,9.55,27.038,6.075,1,1,1,1,1
2019-09-14T21,19.75,32.25,10.65,28.175,7.05,1,1,1,1,1
2019-09-14T22,22.75,30.0,10.75,19.957,5.9,1,1,1,1,1
2019-09-14T23,18.0,31.5,14.925,11.907,5.675,1,1,1,1,1
2019-09-15T00,25.25,38.5,15.375,11.045,9.325,1,1,1,1,1
2019-09-15T01,28.5,46.25,15.2,10.965,6.9,1,1,1,1,1
2019-09-15T02,29.0,48.5,13.575,44.92,4.9,1,1,1,1,1
2019-09-15T03,34.25,54.25,13.55,31.655,7.075,1,1,1,1,1
2019-09-15T04,33.75,63.0,13.275,41.013,7.775,1,1,1,1,1
2019-09-15T05,37.333,73.0,13.233,55.323,8.867,1,1,1,1,1
2019-09-15T06,32.75,61.75,17.8,63.715,13.525,1,1,1,1,1
2019-09-15T07,34.5,68.75,45.575,60.15,37.45,1,1,1,1,1
2019-09-15T08,48.0,94.25,34.875,53.078,15.925,1,1,1,1,1
2019-09-15T09,39.75,71.0,30.85,52.318,26.675,1,1,1,1,1
2019-09-15T10,41.667,67.0,20.233,86.953,13.5,1,1,1,1,1
2019-09-15T11,38.75,78.5,26.6,85.015,14.175,1,1,1,1,1
2019-09-15T12,32.75,85.75,29.625,66.862,12.425,1,1,1,1,1
2019-09-15T13,36.5,94.0,38.175,38.023,10.325,1,1,1,1,1
2019-09-15T14,41.5,97.5,64.525,6.015,22.575,1,1,1,1,1
2019-09-15T15,40.75,103.75,57.55,,16.5,1,1,1,0,1
2019-09-15T16,35.0,86.75,34.25,10.875,6.375,1,1,1,1,1
2019-09-15T17,38.25,74.25,40.25,9.495,4.633,1,1,1,1,1
2019-09-15T18,39.5,75.334,45.567,,6.716,2,2,2,0,2
2019-09-15T19,42.25,80.75,31.65,,5.55,1,1,1,0,1
2019-09-15T20,45.75,96.0,37.0,,7.825,1,1,1,0,1
2019-09-15T21,53.0,99.75,25.075,,7.675,1,1,1,0,1
2019-09-15T22,47.25,72.25,19.85,,5.775,1,1,1,0,1
2019-09-15T23,38.5,66.75,32.225,,5.3,1,1,1,0,1
2019-09-16T00,42.0,85.25,41.8,0.31,6.4,1,1,1,1,1
2019-09-16T01,57.0,117.5,48.1,3.918,9.2,1,1,1,1,1
2019-09-16T02,59.75,122.75,52.6,45.84,9.9,1,1,1,1,1
2019-09-16T03,70.0,130.25,53.475,36.203,10.65,1,1,1,1,1
2019-09-16T04,76.0,146.0,36.7,60.537,12.533,1,1,1,1,1
2019-09-16T05,65.0,111.667,40.8,114.92,11.833,1,1,1,1,1
2019-09-16T06,63.0,113.0,39.1,173.85,15.3,1,1,1,1,1
2019-09-16T07,64.0,118.0,36.1,226.52,9.4,1,1,1,1,1
2019-09-16T09,55.0,129.0,22.9,165.27,9.2,1,1,1,1,1
2019-09-16T10,56.0,128.5,26.3,154.235,9.1,1,1,1,1,1
2019-09-16T11,63.333,136.667,26.867,133.47,7.633,1,1,1,1,1
2019-09-16T12,76.333,166.0,37.567,111.473,8.467,1,1,1,1,1
2019-09-16T13,86.75,195.25,47.1,79.615,11.1,1,1,1,1,1
2019-09-16T14,90.5,220.5,59.25,46.945,8.7,1,1,1,1,1
2019-09-16T15,92.75,216.75,76.775,193.983,17.85,1,1,1,1,1
2019-09-16T16,100.5,204.25,72.3,48.237,23.625,1,1,1,1,1
2019-09-16T17,90.75,184.5,62.8,16.645,14.9,1,1,1,1,1
2019-09-16T18,95.166,201.5,48.883,16.409,15.134,2,2,2,2,2
2019-09-16T19,99.5,180.0,34.775,17.172,10.95,1,1,1,1,1
2019-09-16T20,81.5,151.25,34.325,24.543,11.55,1,1,1,1,1
2019-09-16T21,89.5,154.25,37.4,13.16,11.275,1,1,1,1,1
2019-09-16T22,95.5,170.25,43.275,13.525,12.225,1,1,1,1,1
2019-09-16T23,72.75,124.75,36.275,15.773,8.8,1,1,1,1,1
2019-09-17T00,43.25,72.25,46.1,13.115,6.675,1,1,1,1,1
2019-09-17T01,41.25,95.25,53.2,14.082,9.5,1,1,1,1,1
2019-09-17T02,51.25,115.75,47.3,38.87,8.425,1,1,1,1,1
2019-09-17T03,52.0,112.0,47.433,40.587,4.7,1,1,1,1,1
2019-09-17T04,54.0,107.0,53.367,53.283,7.433,1,1,1,1,1
2019-09-17T05,58.0,134.0,51.9,138.12,11.4,1,1,1,1,1
2019-09-17T06,60.25,139.5,55.625,226.632,14.15,1,1,1,1,1
2019-09-17T07,74.333,173.333,45.5,354.937,20.533,1,1,1,1,1
2019-09-17T08,87.333,203.333,38.9,355.363,20.4,1,1,1,1,1
2019-09-17T09,72.667,177.0,28.167,174.057,11.167,1,1,1,1,1
2019-09-17T10,48.667,137.0,23.533,179.863,9.6,1,1,1,1,1
2019-09-17T11,48.75,128.75,32.05,151.12,7.225,1,1,1,1,1
2019-09-17T12,57.0,140.0,35.533,162.683,8.867,1,1,1,1,1
2019-09-17T13,73.25,157.75,65.9,78.44,10.225,1,1,1,1,1
2019-09-17T14,80.0,174.0,51.1,56.995,7.1,1,1,1,1,1
2019-09-17T15,63.333,146.0,42.0,25.223,4.567,1,1,1,1,1
2019-09-17T16,47.25,124.0,38.5,23.505,5.6,1,1,1,1,1
2019-09-17T17,45.5,109.25,37.325,22.83,5.2,1,1,1,1,1
2019-09-17T18,46.5,96.166,27.034,47.901,5.184,2,2,2,2,2
2019-09-17T19,44.0,72.0,21.133,53.663,3.933,1,1,1,1,1
2019-09-17T20,44.5,67.75,21.25,50.497,3.1,1,1,1,1,1
2019-09-17T21,33.0,60.5,21.025,48.9,3.6,1,1,1,1,1
2019-09-17T22,30.5,60.25,20.75,39.562,5.3,1,1,1,1,1
2019-09-17T23,33.5,67.75,14.6,38.985,6.075,1,1,1,1,1
2019-09-18T00,34.25,74.0,12.95,64.25,4.25,1,1,1,1,1
2019-09-18T01,21.25,56.75,23.3,62.735,7.1,1,1,1,1,1
2019-09-18T02,15.75,56.0,24.5,69.8,7.225,1,1,1,1,1
2019-09-18T03,21.333,88.0,,71.27,7.6,1,1,0,1,1
2019-09-18T04,35.75,118.25,,72.138,19.65,1,1,0,1,1
2019-09-18T05,31.0,99.5,,75.04,34.8,1,1,0,1,1
2019-09-18T06,19.667,71.333,,99.387,16.0,1,1,0,1,1
2019-09-18T07,15.5,63.25,,102.812,7.825,1,1,0,1,1
2019-09-18T08,13.0,57.333,,103.793,7.1,1,1,0,1,1
2019-09-18T09,20.0,62.25,,95.832,16.05,1,1,0,1,1
2019-09-18T10,28.0,64.0,,97.45,17.375,1,1,0,1,1
2019-09-18T11,28.5,68.5,,88.005,5.4,1,1,0,1,1
2019-09-18T12,32.0,70.0,,74.42,6.45,1,1,0,1,1
2019-09-18T13,28.333,72.667,,61.63,13.833,1,1,0,1,1
2019-09-18T14,31.75,72.5,,59.407,6.875,1,1,0,1,1
2019-09-18T15,30.25,80.75,,48.693,4.35,1,1,0,1,1
2019-09-18T16,35.75,80.75,,40.957,8.55,1,1,0,1,1
2019-09-18T17,28.5,67.25,,39.98,5.6,1,1,0,1,1
2019-09-18T18,17.334,43.834,,38.358,4.383,2,2,0,2,2
2019-09-18T19,12.75,26.5,,41.892,3.3,1,1,0,1,1
2019-09-18T20,9.75,22.667,,37.282,3.675,1,1,0,1,1
2019-09-18T21,10.5,22.25,,35.557,8.325,1,1,0,1,1
2019-09-18T22,5.5,17.25,,34.545,5.2,1,1,0,1,1
2019-09-18T23,4.5,18.25,,27.735,4.15,1,1,0,1,1
2019-09-19T00,7.0,20.0,,29.553,4.575,1,1,0,1,1
2019-09-19T01,11.5,28.75,,21.345,7.8,1,1,0,1,1
2019-09-19T02,16.0,46.25,,31.6,16.775,1,1,0,1,1
2019-09-19T03,15.5,46.25,,33.833,20.2,1,1,0,1,1
2019-09-19T04,14.0,44.0,,46.84,16.6,1,1,0,1,1
2019-09-19T05,15.0,51.0,,50.57,16.7,1,1,0,1,1
2019-09-19T06,13.0,46.0,,54.103,7.767,1,1,0,1,1
2019-09-19T07,12.333,44.333,,67.32,5.067,1,1,0,1,1
2019-09-19T08,18.25,58.75,,72.157,7.975,1,1,0,1,1
2019-09-19T09,16.0,52.0,12.7,71.873,13.4,1,1,1,1,1
2019-09-19T11,17.333,64.0,29.633,53.75,4.9,1,1,1,1,1
2019-09-19T12,22.0,55.75,28.525,48.735,6.825,1,1,1,1,1
2019-09-19T13,22.5,69.0,35.275,33.483,9.475,1,1,1,1,1
2019-09-19T14,25.0,77.25,36.0,27.012,24.9,1,1,1,1,1
2019-09-19T15,27.25,80.5,34.025,22.742,16.9,1,1,1,1,1
2019-09-19T16,25.75,72.25,35.825,16.605,7.35,1,1,1,1,1
2019-09-19T17,29.25,76.5,33.775,16.697,9.133,1,1,1,1,1
2019-09-19T18,33.0,68.834,32.084,13.44,24.716,2,2,2,2,2
2019-09-19T19,32.0,64.667,24.4,14.883,12.667,1,1,1,1,1
2019-09-19T20,29.25,56.75,20.65,15.82,4.65,1,1,1,1,1
2019-09-19T21,26.25,52.75,19.55,13.637,5.075,1,1,1,1,1
2019-09-19T22,24.0,53.25,23.1,11.017,5.0,1,1,1,1,1
2019-09-19T23,27.75,60.0,26.225,8.658,3.925,1,1,1,1,1
2019-09-20T00,38.75,69.0,27.45,6.697,6.55,1,1,1,1,1
2019-09-20T01,38.5,71.25,32.1,9.797,9.4,1,1,1,1,1
2019-09-20T02,38.75,77.25,32.3,29.03,10.925,1,1,1,1,1
2019-09-20T03,35.0,77.667,36.3,26.513,12.467,1,1,1,1,1
2019-09-20T04,33.333,74.333,24.8,40.273,9.833,1,1,1,1,1
2019-09-20T05,30.0,57.0,21.933,49.577,6.1,1,1,1,1,1
2019-09-20T06,21.0,49.667,19.5,66.977,7.5,1,1,1,1,1
2019-09-20T07,17.5,45.5,18.75,67.765,6.0,1,1,1,1,1
2019-09-20T08,15.25,47.0,18.4,72.48,7.375,1,1,1,1,1
2019-09-20T09,15.25,52.75,20.55,90.233,8.775,1,1,1,1,1
2019-09-20T10,21.25,60.25,20.25,87.515,8.325,1,1,1,1,1
2019-09-20T11,23.0,67.25,27.75,72.2,15.55,1,1,1,1,1
2019-09-20T12,37.25,98.0,41.225,55.15,14.675,1,1,1,1,1
2019-09-20T13,43.25,104.5,44.025,37.57,10.025,1,1,1,1,1
2019-09-20T14,40.0,98.25,55.15,19.242,4.5,1,1,1,1,1
2019-09-20T15,40.25,103.333,65.025,7.468,5.95,1,1,1,1,1
2019-09-20T16,43.667,97.667,39.5,14.91,5.733,1,1,1,1,1
2019-09-20T17,33.0,83.0,50.225,6.85,6.667,1,1,1,1,1
2019-09-20T18,36.834,89.334,54.184,5.018,9.284,2,2,2,2,2
2019-09-20T19,38.75,95.75,49.275,5.555,8.625,1,1,1,1,1
2019-09-20T20,49.5,110.75,46.125,8.04,11.375,1,1,1,1,1
2019-09-20T21,55.0,108.5,42.7,7.66,11.875,1,1,1,1,1
2019-09-20T22,44.25,85.0,47.2,8.503,8.425,1,1,1,1,1
2019-09-20T23,32.0,55.0,51.7,7.215,5.6,1,1,1,1,1
2019-09-21T00,37.0,57.0,44.05,5.355,6.075,1,1,1,1,1
2019-09-21T01,37.5,69.25,32.6,8.182,16.3,1,1,1,1,1
2019-09-21T02,46.5,86.75,32.625,33.52,18.975,1,1,1,1,1
2019-09-21T03,41.5,82.0,29.175,24.178,20.025,1,1,1,1,1
2019-09-21T04,39.667,75.0,28.767,39.317,27.133,1,1,1,1,1
2019-09-21T05,36.333,65.5,21.7,59.662,16.1,1,1,1,1,1
2019-09-21T06,30.75,63.25,19.225,88.775,10.025,1,1,1,1,1
2019-09-21T07,32.667,71.0,21.9,114.033,10.5,1,1,1,1,1
2019-09-21T08,34.667,85.333,21.167,135.08,7.5,1,1,1,1,1
2019-09-21T09,29.5,106.5,22.225,111.885,12.0,1,1,1,1,1
2019-09-21T10,33.75,109.75,25.1,53.615,6.975,1,1,1,1,1
2019-09-21T11,27.75,128.75,31.5,20.062,4.275,1,1,1,1,1
2019-09-21T12,15.5,46.5,40.3,16.06,3.3,1,1,1,1,1
2019-09-21T13,21.0,39.0,55.85,8.49,2.15,1,1,1,1,1
2019-09-21T14,23.333,54.0,62.967,6.433,2.433,1,1,1,1,1
2019-09-21T15,24.0,68.0,54.3,7.08,2.4,1,1,1,1,1
2019-09-21T16,31.0,83.0,54.1,3.55,6.1,1,1,1,1,1
2019-09-21T19,15.0,39.0,49.5,5.94,4.9,1,1,1,1,1
2019-09-22T00,33.0,63.0,39.5,6.04,3.8,1,1,1,1,1
2019-09-22T09,8.0,47.0,30.0,42.38,8.3,1,1,1,1,1
2019-09-22T11,19.0,63.0,31.9,33.22,26.6,1,1,1,1,1
2019-09-22T14,18.0,51.0,33.8,20.89,4.6,1,1,1,1,1
2019-09-22T15,25.0,52.0,34.8,14.29,3.9,1,1,1,1,1
2019-09-23T04,27.0,61.0,26.25,36.585,19.7,1,1,1,1,1
2019-09-23T08,49.0,113.0,35.2,145.47,9.8,1,1,1,1,1
2019-09-23T09,49.0,113.0,32.0,157.64,13.4,1,1,1,1,1
2019-09-23T10,47.0,103.0,26.0,190.73,10.9,1,1,1,1,1
2019-09-23T11,39.0,79.0,31.9,103.94,12.4,1,1,1,1,1
2019-09-23T12,40.0,86.0,56.3,20.8,5.0,1,1,1,1,1
2019-09-23T13,30.75,80.0,58.3,12.582,4.45,1,1,1,1,1
2019-09-23T14,35.25,81.75,63.65,10.06,4.15,1,1,1,1,1
2019-09-23T15,31.25,72.25,50.05,13.587,3.65,1,1,1,1,1
2019-09-23T16,26.5,53.75,30.775,18.875,2.4,1,1,1,1,1
2019-09-23T17,25.25,48.5,42.275,4.75,3.3,1,1,1,1,1
2019-09-23T18,18.334,44.334,48.35,3.928,3.083,2,2,2,2,2
2019-09-23T19,28.0,50.333,46.1,4.497,3.833,1,1,1,1,1
2019-09-23T20,34.0,59.0,42.833,5.507,4.567,1,1,1,1,1
2019-09-23T21,33.5,53.0,38.125,8.585,4.975,1,1,1,1,1
2019-09-23T22,38.5,64.5,39.15,6.09,3.475,1,1,1,1,1
2019-09-23T23,41.25,73.5,38.625,6.485,3.825,1,1,1,1,1
2019-09-24T00,48.0,85.25,42.525,6.63,4.0,1,1,1,1,1
2019-09-24T01,63.25,124.75,68.2,458.37,41.6,1,1,1,1,1
2019-09-24T02,79.5,170.25,64.5,,50.05,1,1,1,0,1
2019-09-24T03,65.0,138.25,48.95,183.187,35.775,1,1,1,1,1
2019-09-24T04,44.0,114.0,32.567,43.04,22.5,1,1,1,1,1
2019-09-24T05,44.667,105.0,22.5,53.247,19.167,1,1,1,1,1
2019-09-24T06,41.667,78.667,22.667,62.53,13.833,1,1,1,1,1
2019-09-24T07,31.75,77.0,17.525,69.333,9.9,1,1,1,1,1
2019-09-24T08,31.333,78.5,29.6,67.637,24.033,1,1,1,1,1
2019-09-24T09,34.667,81.333,25.767,85.49,16.3,1,1,1,1,1
2019-09-24T10,28.0,78.0,21.9,81.683,16.7,1,1,1,1,1
2019-09-24T11,30.25,87.75,32.6,35.847,8.3,1,1,1,1,1
2019-09-24T12,15.25,84.5,41.675,23.32,3.95,1,1,1,1,1
2019-09-24T13,16.25,45.5,56.35,15.925,3.1,1,1,1,1,1
2019-09-24T14,25.5,60.75,56.775,13.25,1.225,1,1,1,1,1
2019-09-24T15,24.667,70.667,65.5,6.547,1.133,1,1,1,1,1
2019-09-24T16,24.0,71.0,37.15,19.838,1.45,1,1,1,1,1
2019-09-24T17,17.0,39.0,26.767,27.023,2.75,1,1,1,1,1
2019-09-24T18,14.334,28.666,22.75,26.22,3.05,2,2,2,2,2
2019-09-24T19,11.75,27.0,19.875,25.115,3.3,1,1,1,1,1
2019-09-24T20,16.333,28.333,18.4,23.783,4.1,1,1,1,1,1
2019-09-24T21,23.0,37.0,23.2,18.365,5.8,1,1,1,1,1
2019-09-24T22,29.25,55.25,21.15,17.82,3.925,1,1,1,1,1
2019-09-24T23,32.5,63.0,23.95,13.78,3.05,1,1,1,1,1
2019-09-25T00,35.75,71.25,30.05,12.63,2.2,1,1,1,1,1
2019-09-25T01,44.667,96.667,43.3,10.547,13.2,1,1,1,1,1
2019-09-25T02,58.25,133.0,40.475,29.75,14.575,1,1,1,1,1
2019-09-25T03,53.5,106.5,26.35,33.515,14.8,1,1,1,1,1
2019-09-25T04,33.333,78.667,20.067,49.34,15.533,1,1,1,1,1
2019-09-25T05,24.5,56.0,18.575,61.76,13.325,1,1,1,1,1
2019-09-25T06,21.75,56.75,18.35,72.935,10.65,1,1,1,1,1
2019-09-25T07,24.0,56.25,16.6,71.05,8.15,1,1,1,1,1
2019-09-25T08,18.5,55.0,20.0,76.93,13.8,1,1,1,1,1
2019-09-25T09,20.5,61.25,18.9,86.095,8.625,1,1,1,1,1
2019-09-25T10,17.0,61.5,18.05,79.562,6.725,1,1,1,1,1
2019-09-25T11,17.5,76.0,25.975,37.215,2.9,1,1,1,1,1
2019-09-25T12,13.25,80.25,46.1,16.235,2.75,1,1,1,1,1
2019-09-25T13,22.5,36.25,59.375,7.592,3.6,1,1,1,1,1
2019-09-25T14,21.0,55.0,50.733,11.707,3.8,1,1,1,1,1
2019-09-25T15,26.333,64.0,58.067,6.01,3.033,1,1,1,1,1
2019-09-25T16,29.75,72.75,56.975,6.667,6.775,1,1,1,1,1
2019-09-25T17,33.667,78.333,44.8,9.397,10.45,1,1,1,1,1
2019-09-25T18,25.0,73.0,27.175,14.293,22.15,2,2,2,2,2
2019-09-25T19,14.0,40.333,15.567,18.467,13.033,1,1,1,1,1
2019-09-25T20,10.75,33.25,15.525,15.848,26.8,1,1,1,1,1
2019-09-25T21,14.75,47.25,16.25,13.29,34.7,1,1,1,1,1
2019-09-25T22,18.75,45.75,18.675,13.155,21.325,1,1,1,1,1
2019-09-25T23,15.667,30.0,13.4,13.543,8.933,1,1,1,1,1
2019-09-26T00,17.667,33.667,15.7,10.353,10.567,1,1,1,1,1
2019-09-26T01,17.75,40.25,14.7,10.415,7.2,1,1,1,1,1
2019-09-26T02,14.0,37.333,16.533,18.31,10.467,1,1,1,1,1
2019-09-26T03,15.0,39.75,14.95,15.625,8.05,1,1,1,1,1
2019-09-26T04,18.25,51.5,15.625,18.973,21.65,1,1,1,1,1
2019-09-26T05,16.0,48.75,15.35,24.867,16.875,1,1,1,1,1
2019-09-26T06,8.5,35.5,15.5,32.27,13.15,1,1,1,1,1
2019-09-26T07,10.0,36.5,18.5,32.505,12.1,1,1,1,1,1
2019-09-26T08,8.5,40.0,15.35,35.995,6.9,1,1,1,1,1
2019-09-26T09,8.0,39.333,16.067,37.127,8.467,1,1,1,1,1
2019-09-26T10,9.0,40.5,16.375,33.847,21.7,1,1,1,1,1
2019-09-26T11,6.333,43.667,22.467,24.93,36.033,1,1,1,1,1
2019-09-26T12,7.5,51.0,30.9,18.94,29.125,1,1,1,1,1
2019-09-26T13,11.75,70.0,46.125,6.823,45.775,1,1,1,1,1
2019-09-26T14,22.5,100.75,50.075,8.012,34.55,1,1,1,1,1
2019-09-26T15,28.0,122.667,43.033,7.927,41.067,1,1,1,1,1
2019-09-26T16,19.667,96.0,20.133,12.327,62.833,1,1,1,1,1
2019-09-26T17,9.75,63.0,17.475,14.115,52.667,1,1,1,1,1
2019-09-26T18,5.333,33.334,15.166,12.701,37.867,2,2,2,2,2
2019-09-26T19,2.0,19.75,11.95,15.422,23.175,1,1,1,1,1
2019-09-26T20,1.0,18.75,10.5,15.245,12.575,1,1,1,1,1
2019-09-26T21,1.75,17.5,13.475,11.968,7.925,1,1,1,1,1
2019-09-26T22,7.5,18.0,19.975,12.705,8.675,1,1,1,1,1
2019-09-26T23,13.333,25.333,23.167,8.533,12.1,1,1,1,1,1
2019-09-27T00,5.0,30.0,28.75,7.335,17.75,1,1,1,1,1
2019-09-27T01,10.0,38.667,28.5,7.843,23.6,1,1,1,1,1
2019-09-27T02,12.75,44.5,25.9,15.23,19.5,1,1,1,1,1
2019-09-27T03,11.0,54.667,27.533,10.047,37.033,1,1,1,1,1
2019-09-27T04,15.0,67.75,28.975,8.98,26.925,1,1,1,1,1
2019-09-27T05,14.0,56.0,28.475,14.63,25.075,1,1,1,1,1
2019-09-27T06,12.5,60.25,23.725,23.877,34.975,1,1,1,1,1
2019-09-27T07,16.0,61.75,26.85,26.735,22.175,1,1,1,1,1
2019-09-27T08,12.0,51.75,23.525,25.178,19.875,1,1,1,1,1
2019-09-27T09,8.333,42.667,25.333,20.833,28.967,1,1,1,1,1
2019-09-27T10,5.5,43.5,26.9,19.337,24.025,1,1,1,1,1
2019-09-27T11,1.0,40.667,29.167,17.967,18.133,1,1,1,1,1
2019-09-27T12,2.0,41.0,29.575,15.032,17.45,1,1,1,1,1
2019-09-27T13,5.75,49.25,28.2,15.532,5.9,1,1,1,1,1
2019-09-27T14,12.0,47.333,30.2,13.473,4.067,1,1,1,1,1
2019-09-27T15,18.25,47.0,23.675,14.855,16.125,1,1,1,1,1
2019-09-27T16,12.333,42.667,21.0,14.59,17.1,1,1,1,1,1
2019-09-27T17,9.667,39.333,20.633,11.487,24.85,1,1,1,1,1
2019-09-27T18,6.75,37.25,25.8,7.425,32.55,2,2,2,2,2
2019-09-27T19,6.0,36.0,20.367,9.107,21.4,1,1,1,1,1
2019-09-27T20,13.0,43.667,29.533,5.16,16.367,1,1,1,1,1
2019-09-27T21,26.0,52.667,25.733,7.247,16.1,1,1,1,1,1
2019-09-27T22,23.5,48.75,26.65,6.3,17.725,1,1,1,1,1
2019-09-27T23,22.0,49.5,28.775,6.46,13.85,1,1,1,1,1
2019-09-28T00,22.667,45.333,23.8,8.873,17.9,1,1,1,1,1
2019-09-28T01,25.25,52.5,28.6,7.91,22.1,1,1,1,1,1
2019-09-28T02,23.667,65.0,20.0,14.88,16.3,1,1,1,1,1
2019-09-28T03,13.0,51.667,16.2,15.977,17.567,1,1,1,1,1
2019-09-28T04,13.25,52.75,14.625,22.412,19.475,1,1,1,1,1
2019-09-28T05,13.25,51.5,20.375,23.015,20.575,1,1,1,1,1
2019-09-28T06,14.0,54.0,26.433,22.12,33.667,1,1,1,1,1
2019-09-28T07,18.5,59.75,18.225,32.285,27.85,1,1,1,1,1
2019-09-28T08,13.0,54.0,18.45,33.883,26.925,1,1,1,1,1
2019-09-28T09,9.667,55.0,15.667,31.527,18.667,1,1,1,1,1
2019-09-28T10,9.0,47.0,14.7,32.1,28.767,1,1,1,1,1
2019-09-28T11,9.25,38.75,15.875,31.57,11.5,1,1,1,1,1
2019-09-28T12,10.75,42.5,26.025,17.352,10.125,1,1,1,1,1
2019-09-28T13,16.0,58.333,35.633,10.1,13.3,1,1,1,1,1
2019-09-28T14,23.25,67.5,39.475,8.113,18.7,1,1,1,1,1
2019-09-28T15,26.0,77.75,28.975,12.63,27.45,1,1,1,1,1
2019-09-28T16,19.5,62.5,15.7,20.852,15.15,1,1,1,1,1
2019-09-28T17,7.667,37.333,9.967,24.857,8.8,1,1,1,1,1
2019-09-28T18,5.0,18.166,8.8,23.43,6.234,2,2,2,2,2
2019-09-28T19,,9.75,9.375,24.27,7.0,0,1,1,1,1
2019-09-28T20,,11.0,8.825,20.405,5.375,0,1,1,1,1
2019-09-28T21,1.0,7.5,9.925,14.813,5.925,1,1,1,1,1
2019-09-28T22,2.25,12.0,13.5,11.085,13.45,1,1,1,1,1
2019-09-28T23,6.25,27.25,12.025,13.817,12.975,1,1,1,1,1
2019-09-29T00,7.75,19.75,10.975,13.567,7.875,1,1,1,1,1
2019-09-29T01,9.25,23.25,11.4,11.875,13.2,1,1,1,1,1
2019-09-29T02,7.0,25.0,11.9,15.99,9.875,1,1,1,1,1
2019-09-29T03,8.75,23.75,15.775,13.265,13.15,1,1,1,1,1
2019-09-29T04,14.0,39.75,17.2,15.94,12.925,1,1,1,1,1
2019-09-29T05,14.75,43.75,18.125,24.59,10.5,1,1,1,1,1
2019-09-29T06,16.75,43.0,17.375,39.935,9.2,1,1,1,1,1
2019-09-29T07,15.5,51.75,16.25,42.398,11.825,1,1,1,1,1
2019-09-29T08,12.75,50.75,18.425,38.678,15.1,1,1,1,1,1
2019-09-29T09,11.0,52.25,22.9,37.023,19.85,1,1,1,1,1
2019-09-29T10,17.333,60.0,27.433,30.767,46.9,1,1,1,1,1
2019-09-29T11,15.0,60.75,27.65,21.785,30.75,1,1,1,1,1
2019-09-29T12,8.0,58.667,49.8,6.08,77.8,1,1,1,1,1
2019-09-29T13,12.0,62.0,24.2,12.943,22.733,1,1,1,1,1
2019-09-29T14,15.333,53.667,29.8,8.897,10.067,1,1,1,1,1
2019-09-29T15,17.333,53.667,23.767,11.937,6.633,1,1,1,1,1
2019-09-29T16,9.0,38.25,20.1,13.957,7.125,1,1,1,1,1
2019-09-29T17,11.0,30.667,14.5,17.013,4.85,1,1,1,1,1
2019-09-29T18,9.0,20.0,17.6,11.13,3.85,2,2,2,2,2
2019-09-29T19,8.0,13.333,11.9,12.607,5.767,1,1,1,1,1
2019-09-29T20,6.5,13.25,10.3,12.542,6.15,1,1,1,1,1
2019-09-29T21,8.0,16.25,10.45,12.117,5.975,1,1,1,1,1
2019-09-29T22,8.667,16.0,11.5,10.553,6.2,1,1,1,1,1
2019-09-29T23,11.667,21.333,11.3,12.65,4.933,1,1,1,1,1
2019-09-30T00,16.0,25.0,14.825,10.475,4.0,1,1,1,1,1
2019-09-30T01,15.5,33.0,18.2,8.31,6.0,1,1,1,1,1
2019-09-30T02,13.333,41.333,20.867,16.76,4.033,1,1,1,1,1
2019-09-30T03,15.0,48.75,19.6,8.945,9.05,1,1,1,1,1
2019-09-30T04,14.667,50.667,21.767,12.053,9.033,1,1,1,1,1
2019-09-30T05,23.0,56.333,26.667,18.477,9.067,1,1,1,1,1
2019-09-30T06,29.75,69.75,24.525,38.17,10.15,1,1,1,1,1
2019-09-30T07,34.75,76.0,26.575,59.21,12.625,1,1,1,1,1
2019-09-30T08,40.667,87.0,21.333,78.537,12.1,1,1,1,1,1
2019-09-30T09,35.0,83.75,22.375,84.438,9.05,1,1,1,1,1
2019-09-30T10,31.5,82.5,20.925,77.058,11.9,1,1,1,1,1
2019-09-30T11,27.5,86.25,22.625,63.215,12.675,1,1,1,1,1
2019-09-30T12,23.0,78.667,36.867,41.29,19.567,1,1,1,1,1
2019-09-30T13,30.25,90.75,50.0,16.623,18.2,1,1,1,1,1
2019-09-30T14,35.0,102.333,54.125,11.908,16.5,1,1,1,1,1
2019-09-30T15,41.667,108.75,56.4,8.075,13.0,1,1,1,1,1
2019-09-30T16,43.667,126.333,51.333,7.697,9.933,1,1,1,1,1
2019-09-30T17,33.0,91.0,42.8,7.62,5.2,1,1,1,1,1
2019-09-30T18,28.0,65.333,27.633,11.863,2.067,1,1,1,1,1
2019-09-30T19,18.0,54.5,24.575,9.5,5.8,1,1,1,1,1
2019-09-30T20,18.75,49.25,22.725,10.36,6.925,1,1,1,1,1
2019-09-30T21,21.25,45.75,20.725,10.927,7.25,1,1,1,1,1
2019-09-30T22,20.25,40.5,19.875,10.487,6.975,1,1,1,1,1
2019-09-30T23,15.0,33.333,19.7,13.643,6.333,1,1,1,1,1
2019-10-01T00,16.0,30.5,19.075,13.443,5.025,1,1,1,1,1
2019-10-01T01,21.667,48.0,28.7,10.23,9.1,1,1,1,1,1
2019-10-01T02,28.333,71.333,28.1,22.19,5.867,1,1,1,1,1
2019-10-01T03,30.5,80.5,30.55,17.345,10.85,1,1,1,1,1
2019-10-01T04,29.75,83.0,30.2,24.568,10.4,1,1,1,1,1
2019-10-01T05,30.0,80.75,27.825,45.022,9.275,1,1,1,1,1
2019-10-01T06,31.5,73.75,22.775,57.708,10.8,1,1,1,1,1
2019-10-01T07,29.5,74.0,22.05,70.047,12.375,1,1,1,1,1
2019-10-01T08,35.5,77.0,22.475,79.612,13.225,1,1,1,1,1
2019-10-01T09,31.0,77.0,24.6,85.2,9.8,1,1,1,1,1
2019-10-01T11,23.0,82.0,52.0,26.88,7.85,1,1,1,1,1
2019-10-01T12,19.5,73.5,55.225,12.337,6.75,1,1,1,1,1
2019-10-01T13,20.667,72.333,50.633,10.337,7.033,1,1,1,1,1
2019-10-01T14,26.333,70.0,50.0,8.46,6.567,1,1,1,1,1
2019-10-01T15,29.25,67.75,42.525,9.06,6.45,1,1,1,1,1
2019-10-01T16,36.0,79.0,40.867,11.833,5.0,1,1,1,1,1
2019-10-01T17,26.667,50.667,42.433,8.74,3.5,1,1,1,1,1
2019-10-01T18,27.166,57.834,42.267,8.216,4.25,2,2,2,2,2
2019-10-01T19,30.5,59.0,40.7,4.075,7.0,1,1,1,1,1
2019-10-01T20,28.5,59.5,41.4,6.75,7.95,1,1,1,1,1
2019-10-01T21,30.0,56.75,26.775,10.51,8.475,1,1,1,1,1
2019-10-01T22,31.333,56.0,37.0,5.887,9.033,1,1,1,1,1
2019-10-01T23,30.0,60.667,42.767,6.887,8.367,1,1,1,1,1
2019-10-02T00,34.0,60.25,37.625,8.75,7.575,1,1,1,1,1
2019-10-02T01,34.75,66.25,28.1,11.57,14.4,1,1,1,1,1
2019-10-02T02,38.5,68.75,29.55,24.44,14.4,1,1,1,1,1
2019-10-02T03,44.0,87.0,23.533,22.407,15.1,1,1,1,1,1
2019-10-02T04,43.0,87.75,19.2,29.61,15.15,1,1,1,1,1
2019-10-02T05,34.333,66.333,33.833,28.923,30.8,1,1,1,1,1
2019-10-02T06,36.333,69.0,30.8,40.01,32.167,1,1,1,1,1
2019-10-02T07,41.0,78.75,31.625,64.188,32.1,1,1,1,1,1
2019-10-02T08,52.25,102.25,28.175,144.328,20.95,1,1,1,1,1
2019-10-02T09,66.667,121.0,23.667,173.347,15.033,1,1,1,1,1
2019-10-02T10,58.333,114.0,19.733,128.493,10.067,1,1,1,1,1
2019-10-02T11,41.25,93.5,18.375,120.562,9.125,1,1,1,1,1
2019-10-02T12,23.667,83.333,28.1,96.537,12.133,1,1,1,1,1
2019-10-02T13,33.0,117.0,51.575,92.052,12.0,1,1,1,1,1
2019-10-02T14,64.0,158.667,66.3,366.297,11.7,1,1,1,1,1
2019-10-02T15,60.0,143.0,61.8,197.882,11.8,1,1,1,1,1
2019-10-02T16,42.75,111.75,51.4,101.517,10.65,1,1,1,1,1
2019-10-02T17,46.5,104.5,63.75,47.812,10.533,1,1,1,1,1
2019-10-02T18,54.5,127.5,78.65,29.143,9.7,2,2,2,2,2
2019-10-02T19,66.75,162.0,75.15,30.955,9.6,1,1,1,1,1
2019-10-02T20,69.0,162.75,65.125,19.253,13.325,1,1,1,1,1
2019-10-02T21,60.0,139.667,60.333,15.467,13.7,1,1,1,1,1
2019-10-02T22,60.0,125.0,49.7,17.405,13.95,1,1,1,1,1
2019-10-02T23,63.333,135.667,62.233,21.78,13.9,1,1,1,1,1
2019-10-03T00,66.0,143.0,55.033,24.253,14.733,1,1,1,1,1
2019-10-03T01,71.75,156.667,85.1,25.025,31.9,1,1,1,1,1
2019-10-03T02,88.0,199.667,115.467,26.77,47.833,1,1,1,1,1
2019-10-03T03,103.0,227.0,103.775,21.84,35.9,1,1,1,1,1
2019-10-03T04,70.667,167.0,57.067,32.733,30.167,1,1,1,1,1
2019-10-03T05,47.0,121.75,44.025,72.76,19.45,1,1,1,1,1
2019-10-03T06,43.0,122.333,32.833,105.733,16.133,1,1,1,1,1
2019-10-03T07,42.0,104.667,36.667,149.993,14.433,1,1,1,1,1
2019-10-03T08,47.75,107.5,38.6,200.59,12.85,1,1,1,1,1
2019-10-03T09,67.333,144.667,44.6,261.27,10.233,1,1,1,1,1
2019-10-03T10,85.25,178.25,41.075,258.225,11.6,1,1,1,1,1
2019-10-03T11,89.25,191.0,44.45,176.688,9.925,1,1,1,1,1
2019-10-03T12,84.75,188.75,58.75,107.543,14.925,1,1,1,1,1
2019-10-03T13,69.0,182.0,62.1,54.817,9.8,1,1,1,1,1
2019-10-03T14,57.0,136.5,43.325,57.295,9.025,1,1,1,1,1
2019-10-03T15,34.75,88.25,42.525,37.21,5.7,1,1,1,1,1
2019-10-03T16,28.25,35.5,102.75,10.883,6.225,1,1,1,1,1
2019-10-03T17,42.0,50.0,77.525,14.47,5.233,1,1,1,1,1
2019-10-03T18,26.666,35.5,48.05,27.2,2.917,2,2,2,2,2
2019-10-03T19,24.5,39.0,50.55,22.43,3.1,1,1,1,1,1
2019-10-03T20,26.75,44.75,41.5,27.067,6.525,1,1,1,1,1
2019-10-03T21,38.75,56.75,46.775,14.655,8.125,1,1,1,1,1
2019-10-03T22,41.0,69.5,62.625,8.24,8.475,1,1,1,1,1
2019-10-03T23,39.5,74.25,62.55,9.1,8.525,1,1,1,1,1
2019-10-04T00,39.5,79.25,62.45,10.113,8.6,1,1,1,1,1
2019-10-04T01,53.0,92.0,,9.58,,1,1,0,1,0
2019-10-04T02,61.25,94.0,55.05,17.56,7.8,1,1,1,1,1
2019-10-04T03,65.0,105.25,59.425,18.53,10.175,1,1,1,1,1
2019-10-04T04,72.0,118.75,47.05,35.433,11.925,1,1,1,1,1
2019-10-04T05,66.25,114.75,30.7,75.507,12.25,1,1,1,1,1
2019-10-04T06,66.25,124.0,26.9,98.68,12.15,1,1,1,1,1
2019-10-04T07,62.25,123.25,22.4,100.075,12.775,1,1,1,1,1
2019-10-04T08,55.5,111.0,20.875,93.865,13.2,1,1,1,1,1
2019-10-04T09,51.0,108.0,23.25,108.135,11.55,1,1,1,1,1
2019-10-04T10,50.5,117.25,22.275,114.97,9.35,1,1,1,1,1
2019-10-04T11,60.75,136.25,28.425,114.448,9.4,1,1,1,1,1
2019-10-04T12,67.5,152.25,38.05,75.177,10.375,1,1,1,1,1
2019-10-04T13,61.0,137.75,56.475,39.388,10.625,1,1,1,1,1
2019-10-04T14,56.25,123.75,74.025,20.4,10.3,1,1,1,1,1
2019-10-04T15,58.667,138.0,77.2,17.4,9.233,1,1,1,1,1
2019-10-04T16,59.25,143.5,91.3,13.135,10.0,1,1,1,1,1
2019-10-04T17,64.333,152.0,66.3,12.577,7.45,1,1,1,1,1
2019-10-04T18,54.334,130.5,63.666,12.32,3.325,2,2,2,2,2
2019-10-04T19,50.667,103.0,72.667,9.703,1.067,1,1,1,1,1
2019-10-04T20,49.333,102.333,68.9,11.333,4.333,1,1,1,1,1
2019-10-04T21,46.75,94.5,54.775,11.093,5.875,1,1,1,1,1
2019-10-04T22,43.0,75.0,44.6,14.725,5.75,1,1,1,1,1
2019-10-04T23,38.0,69.0,31.733,18.953,5.0,1,1,1,1,1
2019-10-05T01,54.0,99.0,56.9,14.45,3.2,1,1,1,1,1
2019-10-05T02,50.5,96.25,49.225,20.64,4.25,1,1,1,1,1
2019-10-05T03,36.0,85.75,35.1,38.242,6.725,1,1,1,1,1
2019-10-05T04,25.0,83.5,28.85,64.925,7.8,1,1,1,1,1
2019-10-05T05,24.25,86.75,25.9,82.49,9.15,1,1,1,1,1
2019-10-05T06,19.667,80.75,24.075,96.477,10.025,1,1,1,1,1
2019-10-05T07,21.5,76.75,22.1,108.618,9.725,1,1,1,1,1
2019-10-05T08,24.0,85.75,24.75,112.718,9.725,1,1,1,1,1
2019-10-05T09,26.5,85.75,25.375,108.145,9.1,1,1,1,1,1
2019-10-05T10,25.25,80.5,28.35,102.498,5.7,1,1,1,1,1
2019-10-05T11,27.0,90.0,28.3,90.253,3.5,1,1,1,1,1
2019-10-05T12,30.5,111.25,41.875,56.438,3.725,1,1,1,1,1
2019-10-05T13,42.5,162.5,90.35,14.795,6.9,1,1,1,1,1
2019-10-05T14,66.75,211.667,94.15,12.938,7.55,1,1,1,1,1
2019-10-05T15,72.0,205.0,96.25,9.435,6.35,1,1,1,1,1
2019-10-05T16,73.5,193.0,95.525,11.47,8.0,1,1,1,1,1
2019-10-05T17,89.0,229.75,106.0,13.24,7.733,1,1,1,1,1
2019-10-05T18,82.666,192.166,79.9,25.221,2.9,2,2,2,2,1
2019-10-05T19,65.0,126.333,55.9,30.75,,1,1,1,1,0
2019-10-05T20,60.25,117.5,47.65,30.145,2.433,1,1,1,1,1
2019-10-05T21,52.25,97.75,42.25,28.043,4.2,1,1,1,1,1
2019-10-05T22,52.5,91.0,48.35,19.585,4.475,1,1,1,1,1
2019-10-05T23,53.75,102.0,69.575,12.65,3.925,1,1,1,1,1
2019-10-06T00,64.0,111.0,70.8,10.46,4.0,1,1,1,1,1
2019-10-06T01,77.75,131.0,80.1,15.298,6.1,1,1,1,1,1
2019-10-06T02,107.0,170.5,72.125,32.34,6.65,1,1,1,1,1
2019-10-06T03,105.0,166.667,39.733,70.827,4.333,1,1,1,1,1
2019-10-06T04,101.0,174.0,26.7,91.04,7.2,1,1,1,1,1
2019-10-06T09,46.0,135.0,24.9,129.58,10.9,1,1,1,1,1
2019-10-06T10,50.0,147.0,22.933,122.633,6.733,1,1,1,1,1
2019-10-06T11,46.5,173.0,29.0,89.09,3.4,1,1,1,1,1
2019-10-06T12,48.0,197.5,61.0,36.025,3.1,1,1,1,1,1
2019-10-06T13,58.333,207.0,102.067,11.06,5.1,1,1,1,1,1
2019-10-06T14,73.0,207.0,108.25,9.555,5.45,1,1,1,1,1
2019-10-06T15,83.0,232.0,73.9,19.33,4.2,1,1,1,1,1
2019-10-06T16,72.0,197.0,87.55,10.005,4.15,1,1,1,1,1
2019-10-06T17,76.0,183.0,61.567,19.163,4.133,1,1,1,1,1
2019-10-06T18,97.0,178.0,49.05,23.265,1.95,2,2,2,2,2
2019-10-06T19,74.0,148.0,56.0,18.075,3.0,1,1,1,1,1
2019-10-06T21,68.0,127.0,29.533,25.173,3.367,1,1,1,1,1
2019-10-06T22,59.0,112.0,36.65,16.815,4.15,1,1,1,1,1
2019-10-07T00,76.0,143.0,47.5,14.505,3.55,1,1,1,1,1
2019-10-07T01,90.0,152.0,,15.583,,1,1,0,1,0
2019-10-07T02,95.0,167.0,44.2,,6.65,1,1,1,0,1
2019-10-07T03,119.0,213.0,53.533,49.34,6.333,1,1,1,1,1
2019-10-07T04,139.0,227.0,42.55,85.74,4.5,1,1,1,1,1
2019-10-07T05,58.333,151.0,34.967,106.927,7.333,1,1,1,1,1
2019-10-07T06,39.0,127.0,29.35,123.6,9.5,1,1,1,1,1
2019-10-07T07,37.5,135.5,28.15,109.22,7.7,1,1,1,1,1
2019-10-07T08,38.0,135.0,29.4,112.83,7.1,1,1,1,1,1
2019-10-07T09,32.0,118.0,25.5,119.62,7.4,1,1,1,1,1
2019-10-07T10,43.0,123.0,27.9,113.505,5.15,1,1,1,1,1
2019-10-07T11,35.0,138.0,42.6,84.515,3.8,1,1,1,1,1
2019-10-07T12,51.0,152.0,66.033,43.49,1.767,1,1,1,1,1
2019-10-07T13,55.667,182.333,89.467,17.653,4.967,1,1,1,1,1
2019-10-07T14,59.0,193.0,82.233,25.173,6.2,1,1,1,1,1
2019-10-07T15,53.0,184.0,76.6,22.8,5.1,1,1,1,1,1
2019-10-07T16,50.0,162.75,81.6,11.662,4.675,1,1,1,1,1
2019-10-07T17,47.0,144.0,84.2,11.43,5.1,1,1,1,1,1
2019-10-07T18,43.0,120.5,79.725,9.938,3.4,2,2,2,2,2
2019-10-07T19,46.0,119.0,64.967,19.13,0.1,1,1,1,1,1
2019-10-07T20,38.0,99.0,29.9,37.98,0.9,1,1,1,1,1
2019-10-07T21,35.0,88.0,28.4,39.533,2.267,1,1,1,1,1
2019-10-07T22,27.0,89.0,39.35,24.785,3.4,1,1,1,1,1
2019-10-07T23,35.0,88.0,37.067,26.26,2.7,1,1,1,1,1
2019-10-08T00,38.5,95.0,53.675,13.392,2.8,1,1,1,1,1
2019-10-08T01,40.0,110.0,,15.77,,1,1,0,1,0
2019-10-08T02,58.0,132.0,58.7,35.81,3.2,1,1,1,1,1
2019-10-08T04,51.0,128.0,36.9,91.12,3.6,1,1,1,1,1
2019-10-08T06,31.0,115.5,23.6,137.915,7.95,1,1,1,1,1
2019-10-08T07,27.25,104.5,22.525,139.017,8.2,1,1,1,1,1
2019-10-08T09,31.0,103.0,21.3,133.46,8.2,1,1,1,1,1
2019-10-08T10,33.5,104.5,26.8,119.04,5.6,1,1,1,1,1
2019-10-08T12,40.0,125.5,52.95,66.007,1.9,1,1,1,1,1
2019-10-08T13,43.0,,57.3,51.04,4.9,1,0,1,1,1
2019-10-08T14,69.0,173.0,76.5,25.97,8.3,1,1,1,1,1
2019-10-08T16,90.0,222.0,103.5,48.4,7.5,1,1,1,1,1
2019-10-08T18,80.0,212.0,94.3,,138.2,1,1,1,0,1
2019-10-09T04,103.0,195.0,50.5,73.97,17.8,1,1,1,1,1
2019-10-09T09,31.333,96.333,30.533,184.82,9.033,1,1,1,1,1
2019-10-09T10,34.0,89.75,32.525,189.028,7.55,1,1,1,1,1
2019-10-09T11,42.0,102.25,43.125,172.83,3.875,1,1,1,1,1
2019-10-09T12,51.25,147.5,66.875,90.703,2.9,1,1,1,1,1
2019-10-09T13,74.333,210.0,110.9,69.335,3.825,1,1,1,1,1
2019-10-09T14,96.5,257.75,84.575,248.5,21.825,1,1,1,1,1
2019-10-09T15,91.0,224.5,111.0,,100.8,1,1,1,0,1
2019-10-09T16,100.333,223.667,97.167,,133.433,1,1,1,0,1
2019-10-09T17,103.0,226.5,71.35,489.0,104.067,1,1,1,1,1
2019-10-09T18,111.0,207.25,64.65,336.493,62.1,2,2,2,2,2
2019-10-09T19,116.75,199.0,52.15,61.295,30.15,1,1,1,1,1
2019-10-09T20,110.75,172.5,66.8,186.887,18.775,1,1,1,1,1
2019-10-09T21,120.333,186.0,73.267,,37.367,1,1,1,0,1
2019-10-09T22,137.333,213.0,102.175,,68.475,1,1,1,0,1
2019-10-09T23,146.0,233.5,96.375,,56.4,1,1,1,0,1
2019-10-10T00,156.333,267.333,85.3,,35.767,1,1,1,0,1
2019-10-10T01,151.25,265.25,113.8,370.033,49.4,1,1,1,1,1
2019-10-10T02,142.333,255.333,108.967,102.76,64.167,1,1,1,1,1
2019-10-10T03,128.0,231.25,96.4,69.007,37.65,1,1,1,1,1
2019-10-10T04,104.25,199.75,80.3,76.04,28.95,1,1,1,1,1
2019-10-10T05,82.667,165.667,29.5,110.217,18.533,1,1,1,1,1
2019-10-10T06,58.5,137.5,28.225,168.403,21.975,1,1,1,1,1
2019-10-10T07,66.75,162.75,32.225,186.175,19.625,1,1,1,1,1
2019-10-10T08,62.5,148.5,28.575,185.35,14.4,1,1,1,1,1
2019-10-10T09,41.75,105.0,24.6,180.987,10.9,1,1,1,1,1
2019-10-10T10,38.0,96.0,35.65,187.055,9.55,1,1,1,1,1
2019-10-10T11,102.0,229.0,42.3,181.55,9.3,1,1,1,1,1
2019-10-10T12,105.0,242.0,68.0,115.863,9.133,1,1,1,1,1
2019-10-10T13,115.75,278.75,102.85,42.62,6.175,1,1,1,1,1
2019-10-10T14,121.333,292.333,122.433,16.223,10.133,1,1,1,1,1
2019-10-10T15,112.0,260.5,119.675,22.33,11.525,1,1,1,1,1
2019-10-10T16,129.75,265.25,88.825,34.87,9.1,1,1,1,1,1
2019-10-10T17,112.5,235.0,113.9,5.653,7.4,1,1,1,1,1
2019-10-10T18,117.334,244.5,100.284,8.973,7.367,2,2,2,2,2
2019-10-10T19,125.0,219.75,98.925,10.525,6.0,1,1,1,1,1
2019-10-10T20,144.0,228.25,91.275,11.428,5.95,1,1,1,1,1
2019-10-10T21,147.25,237.5,110.25,11.658,8.125,1,1,1,1,1
2019-10-10T22,144.25,252.0,104.3,12.06,8.35,1,1,1,1,1
2019-10-10T23,136.75,223.5,90.675,8.91,7.275,1,1,1,1,1
2019-10-11T00,152.25,240.0,86.775,8.848,7.5,1,1,1,1,1
2019-10-11T01,166.5,257.5,97.0,9.26,10.9,1,1,1,1,1
2019-10-11T02,172.0,283.333,130.6,16.62,16.533,1,1,1,1,1
2019-10-11T03,180.0,318.0,134.733,24.167,14.667,1,1,1,1,1
2019-10-11T04,151.0,254.0,77.7,92.505,20.95,1,1,1,1,1
2019-10-11T05,102.333,181.667,49.533,117.777,14.533,1,1,1,1,1
2019-10-11T06,73.0,143.0,45.575,172.415,14.275,1,1,1,1,1
2019-10-11T07,69.75,139.0,40.0,212.498,15.925,1,1,1,1,1
2019-10-11T08,61.0,123.333,35.967,242.89,15.533,1,1,1,1,1
2019-10-11T09,63.25,122.0,43.225,271.072,14.725,1,1,1,1,1
2019-10-11T10,69.667,146.667,50.733,288.793,14.167,1,1,1,1,1
2019-10-11T11,89.5,174.25,58.025,207.082,10.7,1,1,1,1,1
2019-10-11T12,107.0,216.333,60.0,164.073,15.367,1,1,1,1,1
2019-10-11T13,95.0,228.25,104.4,78.558,9.4,1,1,1,1,1
2019-10-11T14,105.5,265.25,98.7,29.25,7.35,1,1,1,1,1
2019-10-11T15,101.75,254.75,113.45,10.305,8.275,1,1,1,1,1
2019-10-11T16,110.0,255.25,126.95,6.893,8.175,1,1,1,1,1
2019-10-11T17,128.0,277.0,128.4,9.76,9.15,1,1,1,1,1
2019-10-11T18,135.0,275.75,122.35,12.17,7.55,2,2,2,2,2
2019-10-11T19,142.5,251.75,115.2,11.225,6.3,1,1,1,1,1
2019-10-11T20,157.5,251.25,107.775,10.24,3.1,1,1,1,1,1
2019-10-11T21,162.0,243.0,100.7,10.193,3.033,1,1,1,1,1
2019-10-11T22,157.0,240.75,96.425,10.177,6.3,1,1,1,1,1
2019-10-11T23,155.333,229.5,87.2,10.163,10.167,1,1,1,1,1
2019-10-12T00,171.667,243.333,96.2,11.033,11.2,1,1,1,1,1
2019-10-12T01,187.0,262.0,98.25,10.425,116.35,1,1,1,1,1
2019-10-12T04,192.667,309.0,85.775,112.562,19.675,1,1,1,1,1
2019-10-12T05,166.25,293.75,42.45,239.915,18.825,1,1,1,1,1
2019-10-12T06,119.0,204.667,29.8,162.277,12.467,1,1,1,1,1
2019-10-12T07,,166.0,27.2,158.1,14.0,0,1,1,1,1
2019-10-12T08,113.5,149.5,22.475,155.953,12.85,1,1,1,1,1
2019-10-12T09,65.0,149.5,22.65,182.843,12.225,1,1,1,1,1
2019-10-12T10,80.25,168.25,25.85,181.837,12.95,1,1,1,1,1
2019-10-12T11,89.5,185.5,30.525,156.852,11.7,1,1,1,1,1
2019-10-12T12,89.5,202.0,58.375,107.562,12.675,1,1,1,1,1
2019-10-12T13,98.25,251.75,88.35,48.295,7.3,1,1,1,1,1
2019-10-12T14,113.75,286.5,145.275,8.45,3.8,1,1,1,1,1
2019-10-12T15,120.667,277.333,132.767,6.507,7.7,1,1,1,1,1
2019-10-12T16,118.667,300.667,128.65,6.585,7.45,1,1,1,1,1
2019-10-12T17,120.0,309.5,133.45,8.54,7.767,1,1,1,1,1
2019-10-12T18,130.5,324.333,127.166,16.57,7.534,2,2,2,2,2
2019-10-12T19,187.0,341.25,106.625,20.387,10.725,1,1,1,1,1
2019-10-12T20,199.75,326.75,116.3,12.82,7.675,1,1,1,1,1
2019-10-12T21,205.0,317.667,108.9,13.053,8.8,1,1,1,1,1
2019-10-12T22,206.5,303.0,111.3,13.363,10.567,1,1,1,1,1
2019-10-12T23,200.75,318.0,111.725,11.2,10.625,1,1,1,1,1
2019-10-13T00,217.5,336.5,94.05,10.383,10.575,1,1,1,1,1
2019-10-13T01,200.25,319.5,93.7,14.235,68.45,1,1,1,1,1
2019-10-13T02,229.5,374.0,166.6,22.83,22.4,1,1,1,1,1
2019-10-13T03,264.25,409.25,142.425,28.727,23.85,1,1,1,1,1
2019-10-13T04,280.0,402.0,80.65,80.433,18.025,1,1,1,1,1
2019-10-13T05,195.667,303.75,48.9,133.52,17.075,1,1,1,1,1
2019-10-13T06,152.5,243.25,57.725,179.877,16.8,1,1,1,1,1
2019-10-13T07,148.75,245.0,51.6,227.803,22.025,1,1,1,1,1
2019-10-13T08,139.75,248.0,42.1,216.928,20.025,1,1,1,1,1
2019-10-13T09,124.0,233.75,28.95,167.76,15.075,1,1,1,1,1
2019-10-13T10,93.25,190.5,28.75,131.898,10.925,1,1,1,1,1
2019-10-13T11,78.25,188.0,49.425,84.502,7.575,1,1,1,1,1
2019-10-13T12,74.75,212.25,92.4,43.4,3.867,1,1,1,1,1
2019-10-13T13,105.75,302.75,121.525,13.54,7.4,1,1,1,1,1
2019-10-13T14,134.0,339.333,128.633,9.887,9.9,1,1,1,1,1
2019-10-13T15,142.75,350.25,132.4,9.318,12.075,1,1,1,1,1
2019-10-13T16,145.0,321.75,129.475,10.71,12.575,1,1,1,1,1
2019-10-13T17,159.5,323.25,122.875,12.492,11.267,1,1,1,1,1
2019-10-13T18,148.666,309.333,117.117,9.873,10.233,2,2,2,2,2
2019-10-13T19,149.5,249.0,110.025,9.408,7.575,1,1,1,1,1
2019-10-13T20,164.333,250.667,107.725,10.008,4.025,1,1,1,1,1
2019-10-13T21,179.5,268.75,115.15,12.733,5.775,1,1,1,1,1
2019-10-13T22,176.75,272.75,111.45,12.837,8.7,1,1,1,1,1
2019-10-13T23,162.25,256.5,101.225,11.223,10.3,1,1,1,1,1
2019-10-14T00,162.25,254.25,97.3,10.44,9.475,1,1,1,1,1
2019-10-14T01,178.5,288.25,103.1,10.892,16.467,1,1,1,1,1
2019-10-14T02,182.5,320.25,136.575,15.76,22.125,1,1,1,1,1
2019-10-14T03,180.75,314.5,120.775,15.533,23.775,1,1,1,1,1
2019-10-14T04,,,69.75,25.45,19.25,0,0,1,1,1
2019-10-14T05,111.0,205.0,55.3,70.42,13.45,1,1,1,1,1
2019-10-14T06,100.75,197.5,36.65,140.433,10.975,1,1,1,1,1
2019-10-14T07,91.5,184.0,32.3,165.933,14.9,1,1,1,1,1
2019-10-14T08,87.75,196.0,32.5,199.65,16.2,1,1,1,1,1
2019-10-14T09,95.25,190.5,33.275,174.037,14.0,1,1,1,1,1
2019-10-14T10,81.0,175.0,30.2,141.827,9.467,1,1,1,1,1
2019-10-14T11,76.667,187.0,40.167,105.31,7.633,1,1,1,1,1
2019-10-14T12,87.0,234.667,86.3,47.103,6.367,1,1,1,1,1
2019-10-14T13,110.667,306.667,140.067,12.257,3.933,1,1,1,1,1
2019-10-14T14,133.333,345.0,131.5,11.467,6.633,1,1,1,1,1
2019-10-14T15,149.25,365.0,137.875,12.592,9.325,1,1,1,1,1
2019-10-14T16,180.5,391.75,133.25,120.73,9.9,1,1,1,1,1
2019-10-14T17,185.25,379.25,129.225,204.11,10.067,1,1,1,1,1
2019-10-14T18,166.667,366.5,121.25,,37.767,1,2,2,0,2
2019-10-14T19,166.25,331.5,108.525,361.365,40.175,1,1,1,1,1
2019-10-14T20,173.25,309.25,106.7,95.66,26.825,1,1,1,1,1
2019-10-14T21,175.25,365.25,99.1,41.105,17.7,1,1,1,1,1
2019-10-14T22,183.333,382.667,105.7,30.373,18.167,1,1,1,1,1
2019-10-14T23,193.0,354.0,94.533,32.35,19.4,1,1,1,1,1
2019-10-15T00,195.25,348.25,90.525,25.157,18.55,1,1,1,1,1
2019-10-15T01,195.75,344.25,121.8,20.875,27.3,1,1,1,1,1
2019-10-15T02,190.5,339.75,129.9,25.07,41.825,1,1,1,1,1
2019-10-15T03,166.333,305.667,102.533,20.307,56.1,1,1,1,1,1
2019-10-15T04,149.75,288.0,75.425,26.865,42.35,1,1,1,1,1
2019-10-15T05,152.333,264.667,36.233,39.093,31.767,1,1,1,1,1
2019-10-15T06,124.0,211.667,37.867,102.26,31.1,1,1,1,1,1
2019-10-15T07,109.25,206.75,41.375,141.442,26.35,1,1,1,1,1
2019-10-15T08,91.5,189.0,38.575,169.41,20.8,1,1,1,1,1
2019-10-15T09,76.667,173.333,31.0,159.497,18.033,1,1,1,1,1
2019-10-15T10,76.5,182.25,34.7,233.74,17.825,1,1,1,1,1
2019-10-15T11,105.5,219.75,55.825,140.81,14.95,1,1,1,1,1
2019-10-15T12,123.5,264.25,81.1,86.555,13.675,1,1,1,1,1
2019-10-15T13,153.0,354.5,168.825,23.78,9.075,1,1,1,1,1
2019-10-15T14,177.5,400.5,145.4,23.662,11.325,1,1,1,1,1
2019-10-15T15,185.75,364.0,95.775,27.232,11.275,1,1,1,1,1
2019-10-15T16,176.0,304.333,73.9,23.71,9.7,1,1,1,1,1
2019-10-15T17,169.75,285.0,62.55,21.54,9.1,1,1,1,1,1
2019-10-15T18,169.0,279.0,57.7,16.605,8.566,2,2,2,2,2
2019-10-15T19,184.0,260.5,51.567,17.117,7.467,1,1,1,1,1
2019-10-15T20,198.333,268.667,88.733,14.953,8.133,1,1,1,1,1
2019-10-15T21,197.667,269.0,76.567,15.973,6.4,1,1,1,1,1
2019-10-15T22,175.5,238.75,60.05,16.15,10.15,1,1,1,1,1
2019-10-15T23,177.0,238.0,60.6,15.843,12.633,1,1,1,1,1
2019-10-16T00,177.667,242.667,77.633,12.093,12.733,1,1,1,1,1
2019-10-16T01,210.333,304.333,93.9,12.27,22.6,1,1,1,1,1
2019-10-16T02,226.0,354.333,94.7,17.88,40.333,1,1,1,1,1
2019-10-16T03,203.333,344.667,90.9,17.333,49.2,1,1,1,1,1
2019-10-16T04,173.25,320.0,66.35,21.587,39.675,1,1,1,1,1
2019-10-16T05,183.0,320.0,39.1,31.22,23.5,1,1,1,1,1
2019-10-16T06,148.0,231.0,31.367,61.243,22.467,1,1,1,1,1
2019-10-16T07,128.0,214.0,34.075,107.555,25.75,1,1,1,1,1
2019-10-16T08,124.333,231.667,37.8,145.72,29.1,1,1,1,1,1
2019-10-16T09,129.333,246.333,43.067,145.9,29.367,1,1,1,1,1
2019-10-16T10,127.5,237.0,42.125,149.53,26.175,1,1,1,1,1
2019-10-16T11,118.0,234.25,60.75,91.112,22.25,1,1,1,1,1
2019-10-16T12,117.75,264.0,101.05,37.568,26.925,1,1,1,1,1
2019-10-16T13,135.25,309.0,118.175,17.64,24.225,1,1,1,1,1
2019-10-16T14,142.0,302.0,101.0,19.11,15.6,1,1,1,1,1
2019-10-16T15,137.667,289.667,89.033,21.847,15.067,1,1,1,1,1
2019-10-16T16,128.0,267.0,85.867,13.077,17.767,1,1,1,1,1
2019-10-16T17,129.0,268.25,73.675,15.488,18.567,1,1,1,1,1
2019-10-16T18,138.0,260.0,56.5,20.01,20.6,1,1,1,1,1
2019-10-16T19,114.0,203.0,35.45,15.84,13.45,1,1,1,1,1
2019-10-16T20,120.0,181.0,36.1,13.993,11.167,1,1,1,1,1
2019-10-16T21,140.333,194.667,36.233,14.91,9.633,1,1,1,1,1
2019-10-16T22,153.0,211.667,33.633,18.75,8.967,1,1,1,1,1
2019-10-16T23,148.75,205.0,42.375,13.003,8.1,1,1,1,1,1
2019-10-17T00,160.0,223.0,51.75,12.445,7.95,1,1,1,1,1
2019-10-17T01,160.0,246.0,58.2,11.387,9.7,1,1,1,1,1
2019-10-17T02,154.5,245.5,61.275,18.23,13.5,1,1,1,1,1
2019-10-17T03,152.75,270.0,62.175,23.833,15.45,1,1,1,1,1
2019-10-17T04,161.0,294.0,58.0,36.81,21.7,1,1,1,1,1
2019-10-17T05,132.0,229.0,41.65,60.015,15.5,1,1,1,1,1
2019-10-17T06,110.0,198.0,34.525,67.227,16.275,1,1,1,1,1
2019-10-17T07,82.5,164.0,37.9,67.325,16.75,1,1,1,1,1
2019-10-17T08,79.0,157.0,34.15,86.28,17.85,1,1,1,1,1
2019-10-17T09,82.0,161.25,36.275,102.395,21.375,1,1,1,1,1
2019-10-17T10,78.75,168.75,35.175,111.828,17.8,1,1,1,1,1
2019-10-17T11,82.75,198.5,61.325,73.59,27.2,1,1,1,1,1
2019-10-17T12,101.0,235.25,84.1,45.425,18.075,1,1,1,1,1
2019-10-17T13,118.667,266.0,99.6,29.517,11.8,1,1,1,1,1
2019-10-17T14,132.0,274.75,91.1,32.207,7.725,1,1,1,1,1
2019-10-17T15,138.667,260.667,55.8,36.083,7.433,1,1,1,1,1
2019-10-17T16,143.0,251.0,56.95,24.413,8.325,1,1,1,1,1
2019-10-17T17,139.333,246.667,56.6,24.207,9.7,1,1,1,1,1
2019-10-17T18,138.0,244.0,55.675,21.545,10.85,2,2,2,2,2
2019-10-17T19,146.0,240.25,57.225,19.053,11.275,1,1,1,1,1
2019-10-17T20,151.0,235.25,53.85,15.172,10.0,1,1,1,1,1
2019-10-17T21,144.0,216.5,49.975,10.608,5.25,1,1,1,1,1
2019-10-17T22,132.0,185.0,38.75,10.965,3.65,1,1,1,1,1
2019-10-17T23,124.0,172.0,31.85,12.617,5.9,1,1,1,1,1
2019-10-18T00,126.25,177.25,41.375,10.162,4.7,1,1,1,1,1
2019-10-18T01,133.25,203.5,69.5,11.1,12.2,1,1,1,1,1
2019-10-18T02,125.5,225.5,59.625,13.39,15.95,1,1,1,1,1
2019-10-18T03,100.0,197.0,57.7,16.743,18.033,1,1,1,1,1
2019-10-18T04,92.5,183.5,52.175,19.085,18.625,1,1,1,1,1
2019-10-18T05,94.0,188.0,46.8,25.195,17.55,1,1,1,1,1
2019-10-18T06,82.0,155.0,34.3,31.285,15.3,1,1,1,1,1
2019-10-18T07,63.0,143.0,,33.19,,1,1,0,1,0
2019-10-18T08,55.0,119.667,26.65,38.85,15.25,1,1,1,1,1
2019-10-18T09,59.0,131.25,29.9,,13.45,1,1,1,0,1
2019-10-18T10,61.0,142.333,36.4,61.29,8.067,1,1,1,1,1
2019-10-18T11,65.333,147.333,44.8,53.38,8.667,1,1,1,1,1
2019-10-18T12,73.667,194.0,59.775,44.04,8.2,1,1,1,1,1
2019-10-18T13,79.0,336.0,37.025,61.235,6.625,1,1,1,1,1
2019-10-18T14,40.333,415.0,26.525,64.147,4.4,1,1,1,1,1
2019-10-18T15,26.667,159.333,64.033,33.787,4.967,1,1,1,1,1
2019-10-18T16,33.0,106.25,59.35,34.98,5.2,1,1,1,1,1
2019-10-18T17,28.5,90.75,66.275,23.995,5.933,1,1,1,1,1
2019-10-18T18,24.0,78.0,81.75,59.005,6.8,1,1,1,1,1
2019-10-18T19,30.0,89.5,81.95,10.1,7.0,1,1,1,1,1
2019-10-18T20,30.75,92.5,85.275,5.815,5.6,1,1,1,1,1
2019-10-18T21,27.25,71.0,81.8,6.57,4.55,1,1,1,1,1
2019-10-18T22,40.0,88.75,81.925,200.673,4.85,1,1,1,1,1
2019-10-18T23,56.75,119.5,76.175,,12.8,1,1,1,0,1
2019-10-19T00,76.75,158.75,78.0,226.36,26.05,1,1,1,1,1
2019-10-19T01,75.5,166.5,66.5,26.965,13.1,1,1,1,1,1
2019-10-19T02,96.5,196.5,66.8,14.11,15.0,1,1,1,1,1
2019-10-19T03,103.0,213.5,77.15,30.062,16.15,1,1,1,1,1
2019-10-19T04,184.5,321.5,55.45,212.345,23.0,1,1,1,1,1
2019-10-19T05,197.25,324.75,52.625,70.197,25.975,1,1,1,1,1
2019-10-19T06,157.0,270.5,47.35,218.01,29.65,1,1,1,1,1
2019-10-19T07,143.0,256.0,52.45,370.45,36.8,1,1,1,1,1
2019-10-19T08,134.0,259.0,44.0,172.17,23.8,1,1,1,1,1
2019-10-19T09,134.0,259.0,34.3,142.43,17.5,1,1,1,1,1
2019-10-19T10,74.5,172.0,40.75,89.77,12.7,1,1,1,1,1
2019-10-19T11,66.0,172.0,46.0,77.705,9.95,1,1,1,1,1
2019-10-19T12,72.5,206.75,105.025,28.588,9.525,1,1,1,1,1
2019-10-19T13,98.0,258.0,162.325,9.332,9.5,1,1,1,1,1
2019-10-19T14,120.0,250.25,154.775,11.58,8.625,1,1,1,1,1
2019-10-19T15,137.5,288.75,162.25,14.682,10.25,1,1,1,1,1
2019-10-19T16,149.75,325.0,155.7,10.3,10.175,1,1,1,1,1
2019-10-19T17,138.75,287.0,148.5,11.473,10.033,1,1,1,1,1
2019-10-19T18,144.0,299.0,137.166,15.619,8.916,2,2,2,2,2
2019-10-19T19,147.0,273.0,115.275,15.13,7.35,1,1,1,1,1
2019-10-19T20,134.667,218.667,86.15,10.345,6.95,1,1,1,1,1
2019-10-19T21,135.25,196.75,74.1,8.933,6.65,1,1,1,1,1
2019-10-19T22,153.75,220.0,84.275,7.535,5.625,1,1,1,1,1
2019-10-19T23,164.75,229.0,84.2,7.365,4.975,1,1,1,1,1
2019-10-20T00,172.75,232.0,82.575,8.057,4.95,1,1,1,1,1
2019-10-20T01,175.5,242.25,91.5,9.762,8.5,1,1,1,1,1
2019-10-20T02,186.0,255.0,92.7,,10.0,1,1,1,0,1
2019-10-20T03,199.5,294.25,110.475,15.512,14.925,1,1,1,1,1
2019-10-20T04,193.5,300.0,115.85,17.745,25.425,1,1,1,1,1
2019-10-20T05,156.75,255.0,71.35,16.797,39.1,1,1,1,1,1
2019-10-20T06,79.25,173.0,36.875,27.695,25.525,1,1,1,1,1
2019-10-20T07,53.75,137.5,26.675,36.465,19.7,1,1,1,1,1
2019-10-20T08,46.0,120.5,23.95,48.38,16.625,1,1,1,1,1
2019-10-20T09,43.0,119.0,24.067,45.557,14.767,1,1,1,1,1
2019-10-20T10,30.25,113.5,22.7,48.87,11.425,1,1,1,1,1
2019-10-20T11,35.25,123.75,37.725,42.498,9.975,1,1,1,1,1
2019-10-20T12,46.25,158.75,88.2,16.887,7.475,1,1,1,1,1
2019-10-20T13,74.0,218.25,129.375,8.697,6.75,1,1,1,1,1
2019-10-20T14,93.0,244.0,121.775,9.145,6.65,1,1,1,1,1
2019-10-20T15,97.75,267.333,119.225,8.438,7.325,1,1,1,1,1
2019-10-20T16,105.75,273.0,142.5,9.812,9.4,1,1,1,1,1
2019-10-20T17,122.0,272.25,115.275,13.74,10.1,1,1,1,1,1
2019-10-20T18,146.166,258.166,82.584,10.895,9.133,2,2,2,2,2
2019-10-20T19,155.75,252.75,86.3,10.407,7.575,1,1,1,1,1
2019-10-20T20,180.0,276.0,91.55,9.143,6.55,1,1,1,1,1
2019-10-20T21,172.25,260.0,90.15,10.12,7.2,1,1,1,1,1
2019-10-20T22,162.75,234.75,85.275,20.405,6.3,1,1,1,1,1
2019-10-20T23,151.25,223.5,86.575,17.765,5.275,1,1,1,1,1
2019-10-21T00,167.75,242.75,89.275,10.428,5.925,1,1,1,1,1
2019-10-21T01,206.75,295.75,97.4,8.812,8.6,1,1,1,1,1
2019-10-21T02,208.0,321.75,103.2,10.86,13.875,1,1,1,1,1
2019-10-21T03,209.0,333.25,137.175,9.732,19.85,1,1,1,1,1
2019-10-21T04,227.25,374.75,134.425,10.66,24.325,1,1,1,1,1
2019-10-21T05,233.75,367.25,76.325,21.108,28.05,1,1,1,1,1
2019-10-21T06,184.0,293.333,55.767,32.353,24.867,1,1,1,1,1
2019-10-21T07,142.333,253.333,45.067,31.737,20.633,1,1,1,1,1
2019-10-21T08,100.5,198.75,35.3,29.587,17.8,1,1,1,1,1
2019-10-21T09,63.25,161.25,32.475,25.795,15.175,1,1,1,1,1
2019-10-21T10,46.0,132.0,36.65,27.51,13.9,1,1,1,1,1
2019-10-21T11,51.0,151.0,59.033,18.823,9.3,1,1,1,1,1
2019-10-21T12,55.75,168.75,109.8,10.697,6.9,1,1,1,1,1
2019-10-21T13,69.25,216.75,133.5,6.723,6.475,1,1,1,1,1
2019-10-21T14,90.75,241.25,138.525,6.325,6.85,1,1,1,1,1
2019-10-21T15,108.5,258.75,138.675,7.492,6.625,1,1,1,1,1
2019-10-21T16,111.75,269.0,129.775,7.797,5.725,1,1,1,1,1
2019-10-21T17,121.75,252.25,112.65,12.268,4.5,1,1,1,1,1
2019-10-21T18,137.666,237.834,104.7,12.721,4.917,2,2,2,2,2
2019-10-21T19,146.0,235.25,93.9,10.613,4.85,1,1,1,1,1
2019-10-21T20,142.5,224.0,89.825,8.353,4.075,1,1,1,1,1
2019-10-21T21,136.75,209.25,83.975,7.692,3.875,1,1,1,1,1
2019-10-21T22,146.25,215.75,80.625,6.875,4.175,1,1,1,1,1
2019-10-21T23,138.25,207.5,82.1,7.07,3.35,1,1,1,1,1
2019-10-22T00,157.75,214.5,74.675,6.527,2.825,1,1,1,1,1
2019-10-22T01,155.25,228.0,71.9,8.005,7.0,1,1,1,1,1
2019-10-22T02,142.5,254.5,76.35,11.21,9.725,1,1,1,1,1
2019-10-22T03,147.0,282.333,80.967,13.51,14.867,1,1,1,1,1
2019-10-22T04,147.0,287.0,69.4,16.623,14.767,1,1,1,1,1
2019-10-22T05,99.0,212.333,41.167,27.773,16.567,1,1,1,1,1
2019-10-22T06,77.0,179.0,39.25,33.36,17.5,1,1,1,1,1
2019-10-22T07,53.25,146.25,41.1,40.505,14.675,1,1,1,1,1
2019-10-22T08,57.333,156.0,51.267,50.633,14.367,1,1,1,1,1
2019-10-22T09,56.0,155.0,28.4,40.39,12.133,1,1,1,1,1
2019-10-22T10,27.75,112.75,30.175,48.3,10.8,1,1,1,1,1
2019-10-22T11,30.25,110.25,50.475,42.55,9.0,1,1,1,1,1
2019-10-22T12,45.5,161.0,136.325,10.218,7.225,1,1,1,1,1
2019-10-22T13,64.0,225.5,152.475,7.995,7.85,1,1,1,1,1
2019-10-22T14,75.75,253.0,155.25,8.92,10.225,1,1,1,1,1
2019-10-22T15,95.0,295.75,160.175,8.58,10.45,1,1,1,1,1
2019-10-22T16,101.0,298.0,149.1,10.35,9.75,1,1,1,1,1
2019-10-22T17,112.75,298.0,143.175,11.152,9.333,1,1,1,1,1
2019-10-22T18,115.0,298.0,141.067,9.819,7.367,1,2,2,2,2
2019-10-22T19,133.0,263.0,124.15,9.502,5.15,1,1,1,1,1
2019-10-22T20,141.333,270.0,101.7,9.35,4.333,1,1,1,1,1
2019-10-22T21,150.75,273.25,93.75,8.787,3.05,1,1,1,1,1
2019-10-22T22,130.0,232.333,88.1,8.723,2.567,1,1,1,1,1
2019-10-22T23,133.0,218.5,84.55,9.508,2.525,1,1,1,1,1
2019-10-23T00,141.25,237.0,93.2,8.54,3.5,1,1,1,1,1
2019-10-23T01,155.75,269.25,106.4,9.48,6.5,1,1,1,1,1
2019-10-23T02,150.0,296.0,114.467,11.92,10.1,1,1,1,1,1
2019-10-23T03,147.25,302.25,122.275,11.255,13.075,1,1,1,1,1
2019-10-23T04,148.0,298.0,107.9,13.385,21.75,1,1,1,1,1
2019-10-23T05,138.333,276.667,85.167,24.343,20.8,1,1,1,1,1
2019-10-23T06,124.333,251.667,63.633,41.23,23.1,1,1,1,1,1
2019-10-23T07,119.0,237.75,52.7,48.623,23.575,1,1,1,1,1
2019-10-23T08,107.0,222.0,43.55,47.745,21.15,1,1,1,1,1
2019-10-23T09,84.25,187.0,35.0,38.21,17.2,1,1,1,1,1
2019-10-23T10,68.75,168.75,33.6,35.37,13.775,1,1,1,1,1
2019-10-23T11,65.0,177.0,52.567,27.107,9.867,1,1,1,1,1
2019-10-23T12,79.0,238.667,86.4,14.763,6.733,1,1,1,1,1
2019-10-23T13,101.0,311.0,130.3,10.065,6.625,1,1,1,1,1
2019-10-23T16,196.0,506.0,,,,1,1,0,0,0
2019-10-23T18,208.0,453.0,116.75,69.18,11.15,1,1,1,1,1
2019-10-23T19,218.25,444.5,116.325,43.328,9.325,1,1,1,1,1
2019-10-23T20,200.0,373.75,117.1,31.547,8.8,1,1,1,1,1
2019-10-23T21,223.25,379.75,97.9,59.76,9.9,1,1,1,1,1
2019-10-23T22,238.25,372.5,130.775,110.33,12.725,1,1,1,1,1
2019-10-23T23,209.5,367.25,127.575,95.25,13.65,1,1,1,1,1
2019-10-24T00,209.0,356.25,123.325,83.653,15.05,1,1,1,1,1
2019-10-24T01,216.667,363.667,126.1,26.33,17.0,1,1,1,1,1
2019-10-24T02,253.0,391.0,110.05,34.79,22.875,1,1,1,1,1
2019-10-24T03,263.667,407.333,75.933,34.183,23.267,1,1,1,1,1
2019-10-24T04,225.25,352.5,74.25,32.255,28.625,1,1,1,1,1
2019-10-24T05,194.5,323.0,60.1,36.948,25.35,1,1,1,1,1
2019-10-24T06,159.0,272.0,53.1,75.373,22.833,1,1,1,1,1
2019-10-24T07,164.0,275.25,46.95,134.192,22.625,1,1,1,1,1
2019-10-24T08,132.5,227.0,35.85,95.265,15.2,1,1,1,1,1
2019-10-24T09,114.0,199.667,31.233,69.143,11.867,1,1,1,1,1
2019-10-24T10,108.5,194.25,31.125,53.523,8.525,1,1,1,1,1
2019-10-24T11,107.25,222.75,49.325,56.532,5.475,1,1,1,1,1
2019-10-24T12,126.333,290.0,134.9,26.533,4.633,1,1,1,1,1
2019-10-24T13,151.75,360.75,168.1,22.022,5.4,1,1,1,1,1
2019-10-24T14,184.5,421.25,168.65,24.918,6.2,1,1,1,1,1
2019-10-24T15,215.667,458.667,142.033,16.77,6.567,1,1,1,1,1
2019-10-24T16,191.667,368.0,116.8,12.277,5.2,1,1,1,1,1
2019-10-24T17,168.25,299.25,90.675,13.795,4.967,1,1,1,1,1
2019-10-24T18,161.834,275.833,64.784,13.082,6.184,2,2,2,2,2
2019-10-24T19,140.75,227.0,42.925,17.002,4.9,1,1,1,1,1
2019-10-24T20,138.75,214.5,30.75,17.585,4.65,1,1,1,1,1
2019-10-24T21,134.75,202.25,32.525,15.963,4.55,1,1,1,1,1
2019-10-24T22,140.0,200.5,34.2,13.935,4.8,1,1,1,1,1
2019-10-24T23,145.75,206.75,51.775,14.925,4.825,1,1,1,1,1
2019-10-25T00,145.0,215.0,49.533,13.19,4.5,1,1,1,1,1
2019-10-25T01,132.0,201.75,85.1,12.392,5.7,1,1,1,1,1
2019-10-25T02,139.667,246.333,60.333,13.86,6.867,1,1,1,1,1
2019-10-25T03,129.75,230.0,61.825,19.883,6.325,1,1,1,1,1
2019-10-25T04,120.5,216.667,45.3,26.307,5.975,1,1,1,1,1
2019-10-25T05,100.0,179.75,37.05,32.84,5.725,1,1,1,1,1
2019-10-25T06,115.5,170.5,37.3,40.415,5.95,1,1,1,1,1
2019-10-25T07,127.5,167.75,34.1,49.335,6.375,1,1,1,1,1
2019-10-25T08,80.0,149.667,32.933,50.41,5.333,1,1,1,1,1
2019-10-25T09,76.0,149.333,30.6,36.587,5.133,1,1,1,1,1
2019-10-25T10,71.5,147.25,38.6,33.537,5.875,1,1,1,1,1
2019-10-25T11,69.75,157.0,81.7,26.822,5.975,1,1,1,1,1
2019-10-25T12,74.75,193.75,153.375,16.763,5.475,1,1,1,1,1
2019-10-25T13,100.0,274.75,151.525,13.192,6.475,1,1,1,1,1
2019-10-25T14,126.25,353.0,140.1,16.367,7.75,1,1,1,1,1
2019-10-25T15,133.0,365.0,135.8,19.17,8.2,1,1,1,1,1
2019-10-25T16,149.333,359.667,95.1,15.65,8.0,1,1,1,1,1
2019-10-25T17,153.333,326.333,87.767,15.933,7.55,1,1,1,1,1
2019-10-25T18,129.0,224.0,87.375,13.57,5.85,1,1,2,2,2
2019-10-25T19,,,65.925,13.002,4.25,0,0,1,1,1
2019-10-25T20,139.5,230.5,57.525,13.148,3.675,1,1,1,1,1
2019-10-25T21,143.667,238.667,85.6,15.133,4.2,1,1,1,1,1
2019-10-25T22,152.0,247.0,85.567,16.457,5.567,1,1,1,1,1
2019-10-25T23,137.5,201.0,73.45,13.535,6.3,1,1,1,1,1
2019-10-26T00,133.75,192.5,42.325,17.773,6.675,1,1,1,1,1
2019-10-26T01,157.0,225.25,64.6,17.267,11.0,1,1,1,1,1
2019-10-26T02,188.333,281.333,73.833,22.13,14.633,1,1,1,1,1
2019-10-26T03,193.333,325.0,70.867,56.163,14.667,1,1,1,1,1
2019-10-26T04,181.0,309.75,67.7,95.38,15.425,1,1,1,1,1
2019-10-26T05,161.25,291.0,36.875,146.02,16.0,1,1,1,1,1
2019-10-26T06,123.0,227.25,21.275,164.91,12.75,1,1,1,1,1
2019-10-26T07,98.75,176.75,22.275,190.042,13.625,1,1,1,1,1
2019-10-26T08,107.75,194.25,26.067,204.043,13.867,1,1,1,1,1
2019-10-26T09,112.25,198.25,30.125,211.212,12.175,1,1,1,1,1
2019-10-26T10,119.75,209.25,38.75,268.428,11.6,1,1,1,1,1
2019-10-26T11,122.5,216.75,64.175,222.282,10.95,1,1,1,1,1
2019-10-26T12,142.333,278.333,103.333,475.69,24.467,1,1,1,1,1
2019-10-26T13,193.5,397.5,169.9,246.03,29.575,1,1,1,1,1
2019-10-26T14,238.0,442.75,185.55,231.442,14.8,1,1,1,1,1
2019-10-26T15,261.667,432.0,189.767,183.43,14.233,1,1,1,1,1
2019-10-26T16,293.667,466.25,200.975,39.68,14.275,1,1,1,1,1
2019-10-26T17,281.0,453.25,209.4,14.987,14.433,1,1,1,1,1
2019-10-26T18,299.333,464.0,175.733,15.327,12.133,1,1,1,1,1
2019-10-26T19,300.0,460.0,163.267,14.857,9.5,1,1,1,1,1
2019-10-26T20,273.0,367.0,155.65,17.335,7.65,1,1,1,1,1
2019-10-26T21,267.75,367.0,150.575,13.035,8.3,1,1,1,1,1
2019-10-26T22,252.25,366.5,120.225,8.41,8.5,1,1,1,1,1
2019-10-26T23,243.333,342.0,108.0,7.2,9.667,1,1,1,1,1
2019-10-27T00,234.0,305.25,109.475,8.085,10.7,1,1,1,1,1
2019-10-27T01,260.0,328.0,88.2,10.378,7.3,1,1,1,1,1
2019-10-27T02,249.333,315.667,87.667,22.4,8.767,1,1,1,1,1
2019-10-27T03,247.5,319.5,55.625,47.843,8.5,1,1,1,1,1
2019-10-27T04,241.0,326.0,54.275,94.418,9.4,1,1,1,1,1
2019-10-27T05,256.0,351.0,48.975,150.6,10.05,1,1,1,1,1
2019-10-27T06,216.75,307.25,30.25,191.012,11.25,1,1,1,1,1
2019-10-27T07,152.5,246.25,27.2,178.135,10.3,1,1,1,1,1
2019-10-27T08,132.75,225.25,18.85,152.695,8.325,1,1,1,1,1
2019-10-27T09,72.667,167.667,18.1,145.613,6.267,1,1,1,1,1
2019-10-27T10,63.25,147.0,24.975,135.48,5.8,1,1,1,1,1
2019-10-27T11,69.667,155.667,56.333,90.697,5.933,1,1,1,1,1
2019-10-27T12,94.5,200.5,108.525,38.205,8.6,1,1,1,1,1
2019-10-27T13,162.0,293.0,124.867,12.83,7.967,1,1,1,1,1
2019-10-27T14,246.333,381.667,142.2,7.737,14.133,1,1,1,1,1
2019-10-27T15,535.667,659.667,136.367,9.997,25.9,1,1,1,1,1
2019-10-27T16,822.667,941.667,127.7,9.36,60.833,1,1,1,1,1
2019-10-27T17,808.333,958.667,126.067,7.727,50.65,1,1,1,1,1
2019-10-27T18,918.167,1026.0,126.434,8.192,70.4,2,2,2,2,2
2019-10-27T19,1041.25,1161.25,124.45,8.002,46.375,1,1,1,1,1
2019-10-27T20,762.667,864.333,110.2,7.012,28.7,1,1,1,1,1
2019-10-27T21,460.75,535.0,100.825,9.0,25.125,1,1,1,1,1
2019-10-27T22,437.5,503.0,86.5,9.873,18.75,1,1,1,1,1
2019-10-27T23,372.0,435.0,92.475,7.07,14.55,1,1,1,1,1
2019-10-28T00,337.0,397.0,87.875,7.48,11.825,1,1,1,1,1
2019-10-28T01,295.5,360.25,109.0,9.207,12.3,1,1,1,1,1
2019-10-28T02,285.0,375.0,104.9,15.68,15.85,1,1,1,1,1
2019-10-28T03,275.0,376.25,76.45,30.265,15.25,1,1,1,1,1
2019-10-28T04,284.25,390.25,78.775,75.935,13.6,1,1,1,1,1
2019-10-28T05,290.0,403.0,65.75,141.825,13.9,1,1,1,1,1
2019-10-28T06,282.667,394.25,61.875,203.327,15.05,1,1,1,1,1
2019-10-28T07,268.75,390.5,54.425,232.793,14.95,1,1,1,1,1
2019-10-28T08,239.5,363.25,41.875,233.118,14.975,1,1,1,1,1
2019-10-28T09,217.25,322.5,47.875,196.627,13.675,1,1,1,1,1
2019-10-28T10,225.0,333.0,83.633,124.683,12.3,1,1,1,1,1
2019-10-28T11,244.0,366.25,148.125,48.392,11.025,1,1,1,1,1
2019-10-28T12,271.75,421.25,192.45,8.163,8.65,1,1,1,1,1
2019-10-28T13,296.667,442.0,173.6,10.89,9.1,1,1,1,1,1
2019-10-28T14,276.0,422.0,179.9,6.843,10.133,1,1,1,1,1
2019-10-28T15,292.25,411.25,164.5,5.433,11.025,1,1,1,1,1
2019-10-28T16,303.5,415.75,139.0,8.203,13.775,1,1,1,1,1
2019-10-28T17,298.0,418.0,128.3,11.76,11.467,1,1,1,1,1
2019-10-28T18,310.333,432.5,155.567,8.278,13.233,2,2,2,2,2
2019-10-28T19,389.5,508.0,138.55,12.57,15.525,1,1,1,1,1
2019-10-28T20,414.0,542.0,134.7,10.79,11.05,1,1,1,1,1
2019-10-28T21,433.0,564.0,133.433,9.407,12.067,1,1,1,1,1
2019-10-28T22,407.25,517.0,107.75,6.29,11.25,1,1,1,1,1
2019-10-28T23,310.25,386.0,84.775,7.46,10.775,1,1,1,1,1
2019-10-29T00,288.75,365.75,75.25,9.57,9.85,1,1,1,1,1
2019-10-29T01,294.0,377.0,,6.975,,1,1,0,1,0
2019-10-29T03,296.0,406.5,123.3,7.81,9.35,1,1,1,1,1
2019-10-29T04,302.25,432.75,140.875,9.722,8.175,1,1,1,1,1
2019-10-29T05,306.5,449.0,160.375,14.082,9.0,1,1,1,1,1
2019-10-29T06,312.25,465.75,165.725,25.312,8.95,1,1,1,1,1
2019-10-29T07,335.75,485.75,166.7,48.92,8.4,1,1,1,1,1
2019-10-29T08,372.0,531.5,157.5,75.33,10.075,1,1,1,1,1
2019-10-29T09,379.0,529.5,143.775,77.91,8.275,1,1,1,1,1
2019-10-29T10,364.0,510.0,162.0,54.033,,1,1,1,1,0
2019-10-29T11,395.75,549.25,186.625,7.423,,1,1,1,1,0
2019-10-29T12,362.0,512.667,202.533,6.603,,1,1,1,1,0
2019-10-29T13,358.75,518.333,204.7,6.32,,1,1,1,1,0
2019-10-29T14,367.0,547.0,179.0,6.78,,1,1,1,1,0
2019-10-29T15,357.0,521.0,211.3,9.475,,1,1,1,1,0
2019-10-29T16,385.0,537.25,172.425,6.78,,1,1,1,1,0
2019-10-29T17,386.25,542.75,175.425,7.845,,1,1,1,1,0
2019-10-29T18,427.0,611.667,153.066,8.393,14.683,2,2,2,2,2
2019-10-29T19,432.0,660.0,141.767,7.877,13.467,1,1,1,1,1
2019-10-29T20,407.25,561.0,133.375,8.805,12.225,1,1,1,1,1
2019-10-29T21,381.25,497.25,130.85,9.325,11.825,1,1,1,1,1
2019-10-29T22,352.75,474.5,143.075,5.94,12.85,1,1,1,1,1
2019-10-29T23,310.5,430.75,113.35,6.008,13.2,1,1,1,1,1
2019-10-30T00,281.25,397.75,97.175,4.745,11.8,1,1,1,1,1
2019-10-30T01,256.75,372.75,96.9,6.723,13.5,1,1,1,1,1
2019-10-30T02,204.25,330.333,88.225,3.67,11.45,1,1,1,1,1
2019-10-30T03,170.25,310.5,91.25,4.513,8.925,1,1,1,1,1
2019-10-30T04,189.0,350.333,112.167,6.547,8.267,1,1,1,1,1
2019-10-30T05,231.5,404.0,143.35,20.605,8.15,1,1,1,1,1
2019-10-30T06,323.0,497.0,106.0,62.5,8.3,1,1,1,1,1
2019-11-11T10,156.0,237.5,49.15,129.075,18.95,1,1,1,1,1
2019-11-11T11,147.0,260.0,105.7,34.79,16.5,1,1,1,1,1
2019-11-11T12,147.0,260.0,145.433,9.78,16.133,1,1,1,1,1
2019-11-11T13,160.75,284.0,158.025,4.982,19.5,1,1,1,1,1
2019-11-11T14,208.0,351.333,167.433,4.887,22.167,1,1,1,1,1
2019-11-11T15,238.0,390.0,151.8,5.305,24.65,1,1,1,1,1
2019-11-11T16,250.5,401.75,159.55,5.005,18.875,1,1,1,1,1
2019-11-11T17,280.75,411.25,150.575,5.595,18.033,1,1,1,1,1
2019-11-11T18,340.0,465.667,155.65,6.115,21.9,2,2,2,2,2
2019-11-11T19,439.5,541.75,152.95,5.41,24.425,1,1,1,1,1
2019-11-11T20,468.0,550.0,134.9,6.27,24.7,1,1,1,1,1
2019-11-11T21,510.0,578.0,83.4,16.82,24.5,1,1,1,1,1
2019-11-11T22,551.0,602.667,75.4,17.18,26.233,1,1,1,1,1
2019-11-11T23,603.0,656.0,112.5,6.657,24.633,1,1,1,1,1
2019-11-12T00,620.0,685.333,116.033,7.377,21.367,1,1,1,1,1
2019-11-12T01,647.5,715.75,145.7,7.902,24.4,1,1,1,1,1
2019-11-12T02,683.75,764.0,151.35,12.39,28.85,1,1,1,1,1
2019-11-12T03,707.0,803.0,162.05,15.885,29.5,1,1,1,1,1
2019-11-12T04,610.0,692.333,132.433,59.867,41.167,1,1,1,1,1
2019-11-12T05,596.0,659.0,87.4,141.61,36.35,1,1,1,1,1
2019-11-12T06,463.333,515.333,64.9,201.473,26.1,1,1,1,1,1
2019-11-12T07,333.333,393.333,56.133,233.007,18.267,1,1,1,1,1
2019-11-12T08,308.25,387.25,63.075,254.79,20.275,1,1,1,1,1
2019-11-12T09,345.0,433.0,64.2,239.385,19.6,1,1,1,1,1
2019-11-12T10,311.0,398.0,80.967,154.393,18.633,1,1,1,1,1
2019-11-12T11,279.0,370.0,141.5,59.64,20.433,1,1,1,1,1
2019-11-12T12,296.333,426.0,204.667,5.873,21.867,1,1,1,1,1
2019-11-12T14,372.333,537.667,186.5,8.06,26.7,1,1,1,1,1
2019-11-12T15,400.5,557.0,198.2,,23.5,1,1,1,0,1
2019-11-12T16,408.0,555.0,165.2,,22.9,1,1,1,0,1
2019-11-12T17,445.667,582.0,164.3,,20.9,1,1,1,0,1
2019-11-12T18,427.0,564.0,164.6,,22.3,1,1,1,0,1
2019-11-12T19,457.0,587.0,122.4,,25.9,1,1,1,0,1
2019-11-12T21,620.0,681.0,76.6,,30.7,1,1,1,0,1
2019-11-12T22,576.5,633.0,,,27.6,1,1,0,0,1
2019-11-12T23,508.0,563.0,,,20.9,1,1,0,0,1
2019-11-13T00,508.0,563.0,,,20.6,1,1,0,0,1
2019-11-13T01,509.0,577.5,121.8,,18.3,1,1,1,0,1
2019-11-13T02,442.0,529.0,138.6,,22.55,1,1,1,0,1
2019-11-13T03,440.0,527.0,151.15,,26.3,1,1,1,0,1
2019-11-13T04,309.0,412.0,96.8,,31.5,1,1,1,0,1
2019-11-13T05,309.0,412.0,114.9,,40.1,1,1,1,0,1
2019-11-13T06,378.0,476.0,128.767,,44.65,1,1,1,0,1
2019-11-13T07,437.0,543.0,,,37.8,1,1,0,0,1
2019-11-13T08,467.0,568.0,,,27.0,1,1,0,0,1
2019-11-13T09,452.0,553.0,,,20.6,1,1,0,0,1
2019-11-13T10,372.0,466.5,,,21.8,1,1,0,0,1
2019-11-13T11,404.5,531.5,,,24.1,1,1,0,0,1
2019-11-13T12,423.75,573.5,,,25.175,1,1,0,0,1
2019-11-13T13,452.0,614.0,,,27.067,1,1,0,0,1
2019-11-13T14,463.667,638.333,,,28.433,1,1,0,0,1
2019-11-13T15,465.0,636.0,,,28.0,1,1,0,0,1
2019-11-13T16,456.5,621.5,,,23.25,1,1,0,0,1
2019-11-13T17,435.25,582.0,,,21.3,1,1,0,0,1
2019-11-13T18,427.0,559.5,,,19.7,1,1,0,0,1
2019-11-13T19,424.0,552.0,,,23.35,1,1,0,0,1
2019-11-13T20,407.0,539.0,,,23.5,1,1,0,0,1
2019-11-13T21,441.333,542.0,,,24.733,1,1,0,0,1
2019-11-13T22,452.0,552.0,,,25.333,1,1,0,0,1
2019-11-14T02,535.0,639.0,173.6,,25.7,1,1,1,0,1
2019-11-14T06,339.0,426.0,,,36.7,1,1,0,0,1
2019-11-14T07,438.0,586.0,,155.66,33.4,1,1,0,1,1
2019-11-14T09,511.0,763.0,153.8,111.585,38.6,1,1,1,1,1
2019-11-14T10,483.5,695.667,138.8,100.885,36.275,1,1,1,1,1
2019-11-14T11,452.0,661.0,132.1,24.07,21.4,1,1,1,1,1
2019-11-14T12,403.667,610.333,137.233,16.3,19.233,1,1,1,1,1
2019-11-14T13,413.333,648.667,155.9,16.04,17.333,1,1,1,1,1
2019-11-14T14,452.0,687.75,175.575,17.113,18.0,1,1,1,1,1
2019-11-14T15,490.5,724.25,175.825,21.973,19.65,1,1,1,1,1
2019-11-14T16,523.0,758.75,195.9,29.615,21.55,1,1,1,1,1
2019-11-14T17,517.0,715.5,190.0,25.712,19.933,1,1,1,1,1
2019-11-14T18,414.0,586.0,164.733,14.547,15.816,2,2,2,2,2
2019-11-14T19,399.5,524.0,116.733,7.417,10.433,1,1,1,1,1
2019-11-14T20,407.0,509.0,155.1,6.55,5.7,1,1,1,1,1
2019-11-14T21,526.0,592.5,132.275,6.47,4.625,1,1,1,1,1
2019-11-14T22,642.0,689.75,112.15,6.837,4.7,1,1,1,1,1
2019-11-14T23,648.0,698.0,,6.125,5.7,1,1,0,1,1
2019-11-15T04,622.0,736.333,133.5,56.457,18.167,1,1,1,1,1
2019-11-15T08,200.0,273.0,,126.46,12.9,1,1,0,1,1
2019-11-15T09,147.0,210.0,,117.5,10.7,1,1,0,1,1
2019-11-15T10,175.0,254.0,,87.415,10.45,1,1,0,1,1
2019-11-15T12,273.5,428.0,,5.355,7.5,1,1,0,1,1
2019-11-15T13,297.0,464.0,,5.36,8.15,1,1,0,1,1
2019-11-15T14,320.0,503.0,,6.76,9.5,1,1,0,1,1
2019-11-15T15,320.0,503.0,,5.81,9.5,1,1,0,1,1
2019-11-15T16,336.0,482.5,,6.025,10.25,1,1,0,1,1
2019-11-15T18,355.0,480.0,,4.205,8.85,1,1,0,1,1
2019-11-15T20,308.0,388.5,,4.675,5.6,1,1,0,1,1
2019-11-15T21,275.0,332.0,,4.04,5.9,1,1,0,1,1
2019-11-15T22,275.0,332.0,,3.645,7.0,1,1,0,1,1
2019-11-15T23,227.5,267.0,,3.165,9.15,1,1,0,1,1
2019-11-16T00,234.0,268.0,,1.67,7.7,1,1,0,1,1
2019-11-16T01,212.0,245.0,,3.98,,1,1,0,1,0
2019-11-16T02,231.0,290.0,65.5,11.66,16.9,1,1,1,1,1
2019-11-16T03,201.5,269.5,52.3,21.025,18.4,1,1,1,1,1
2019-11-16T04,163.333,235.333,49.733,34.307,16.033,1,1,1,1,1
2019-11-16T05,146.0,208.0,41.1,64.29,13.1,1,1,1,1,1
2019-11-16T06,104.5,183.0,39.8,81.78,16.5,1,1,1,1,1
2019-11-16T07,83.667,185.667,30.267,72.07,10.1,1,1,1,1,1
2019-11-16T08,59.0,189.0,28.9,76.03,7.5,1,1,1,1,1
2019-11-16T09,58.0,183.0,31.3,73.56,6.5,1,1,1,1,1
2019-11-16T10,47.0,244.0,30.5,76.07,5.3,1,1,1,1,1
2019-11-16T11,64.0,354.0,34.45,71.785,6.25,1,1,1,1,1
2019-11-16T15,189.0,283.0,100.5,3.8,5.1,1,1,1,1,1
2019-11-16T16,205.5,281.0,84.15,3.035,5.0,1,1,1,1,1
2019-11-16T17,207.0,259.5,75.45,2.555,3.7,1,1,1,1,1
2019-11-17T18,,,65.1,8.58,,0,0,1,1,0
2019-11-17T19,235.667,264.333,68.967,7.89,0.4,1,1,1,1,1
2019-11-17T20,238.667,261.667,51.233,10.11,,1,1,1,1,0
2019-11-17T22,209.0,238.0,42.65,9.555,,1,1,1,1,0
2019-11-18T00,167.25,184.25,55.15,6.84,,1,1,1,1,0
2019-11-18T01,147.667,184.0,68.3,4.047,,1,1,1,1,0
2019-11-18T02,137.0,182.0,60.567,,,1,1,1,0,0
2019-11-18T03,120.0,171.5,63.5,10.85,1.3,1,1,1,1,1
2019-11-18T04,110.667,171.667,56.933,19.607,3.767,1,1,1,1,1
2019-11-18T05,68.0,117.0,32.5,44.28,6.2,1,1,1,1,1
2019-11-18T06,68.0,117.0,42.8,49.53,5.25,1,1,1,1,1
2019-11-18T07,55.0,101.0,28.333,70.367,4.333,1,1,1,1,1
2019-11-18T08,54.5,101.5,27.0,82.145,4.05,1,1,1,1,1
2019-11-18T09,52.0,106.0,35.0,79.58,0.4,1,1,1,1,1
2019-11-18T10,52.0,106.0,48.4,67.27,0.9,1,1,1,1,1
2019-11-18T14,80.667,218.333,150.167,3.913,3.533,1,1,1,1,1
2019-11-18T15,98.0,224.5,138.9,3.585,1.55,1,1,1,1,1
2019-11-18T16,96.0,206.0,149.5,3.53,1.3,1,1,1,1,1
2019-11-18T17,86.0,182.0,138.0,3.84,2.5,1,1,1,1,1
2019-11-18T18,129.0,228.0,117.2,3.29,,1,1,1,1,0
2019-11-18T20,137.5,208.25,106.65,4.215,0.925,1,1,1,1,1
2019-11-18T21,148.5,218.0,97.65,5.26,0.4,1,1,1,1,1
2019-11-18T22,158.0,221.0,91.0,4.02,,1,1,1,1,0
2019-11-18T23,172.0,224.0,81.8,3.67,0.6,1,1,1,1,1
2019-11-19T00,205.0,259.0,81.0,2.63,1.8,1,1,1,1,1
2019-11-19T01,205.0,259.0,,3.36,,1,1,0,1,0
2019-11-19T02,183.0,246.0,71.75,,3.1,1,1,1,0,1
2019-11-19T03,168.0,245.0,86.7,4.39,4.7,1,1,1,1,1
2019-11-19T04,210.0,306.0,121.8,8.82,5.8,1,1,1,1,1
2019-11-19T05,262.0,339.0,102.3,55.25,7.8,1,1,1,1,1
2019-11-19T06,237.5,329.5,60.5,90.18,6.9,1,1,1,1,1
2019-11-19T07,189.5,300.0,56.95,118.52,7.35,1,1,1,1,1
2019-11-19T08,166.0,280.0,43.25,113.415,6.2,1,1,1,1,1
2019-11-19T10,90.0,149.0,45.8,102.3,1.95,1,1,1,1,1
2019-11-19T11,82.0,149.0,112.65,34.93,,1,1,1,1,0
2019-11-19T12,79.0,167.0,159.5,2.59,,1,1,1,1,0
2019-11-19T13,89.667,210.0,179.8,3.37,2.733,1,1,1,1,1
2019-11-19T14,101.0,230.0,184.5,4.37,3.8,1,1,1,1,1
2019-11-19T15,120.0,256.0,177.5,4.037,4.733,1,1,1,1,1
2019-11-19T16,128.5,270.0,147.35,3.93,3.2,1,1,1,1,1
2019-11-19T17,141.0,272.0,141.6,3.47,4.7,1,1,1,1,1
2019-11-19T18,152.166,277.0,143.35,4.032,4.267,2,2,2,2,2
2019-11-19T19,148.5,239.0,144.475,2.13,3.575,1,1,1,1,1
2019-11-19T20,157.5,242.5,129.0,6.105,6.5,1,1,1,1,1
2019-11-19T21,180.5,287.0,111.433,6.33,8.833,1,1,1,1,1
2019-11-19T22,199.0,300.0,116.9,4.86,8.5,1,1,1,1,1
2019-11-19T23,199.0,300.0,119.9,4.29,8.2,1,1,1,1,1
2019-11-20T00,183.333,251.0,99.833,3.887,8.633,1,1,1,1,1
2019-11-20T01,182.0,251.0,,3.71,,1,1,0,1,0
2019-11-20T02,184.667,266.667,113.467,2.76,11.2,1,1,1,1,1
2019-11-20T03,187.75,274.25,154.475,6.235,13.175,1,1,1,1,1
2019-11-20T04,259.25,359.75,143.45,17.16,19.1,1,1,1,1,1
2019-11-20T05,269.0,342.0,134.8,32.643,19.867,1,1,1,1,1
2019-11-20T06,206.5,290.0,126.45,59.097,16.35,1,1,1,1,1
2019-11-20T07,157.667,223.667,67.767,101.063,13.633,1,1,1,1,1
2019-11-20T08,117.5,171.5,56.9,148.08,13.2,1,1,1,1,1
2019-11-20T09,126.5,180.0,58.525,167.795,10.425,1,1,1,1,1
2019-11-20T10,141.333,199.0,96.533,128.553,7.967,1,1,1,1,1
2019-11-20T11,155.333,246.667,119.2,90.047,5.967,1,1,1,1,1
2019-11-20T12,187.5,335.5,229.2,6.84,5.65,1,1,1,1,1
2019-11-20T13,221.0,405.0,250.25,27.185,9.2,1,1,1,1,1
2019-11-21T05,221.0,405.0,,65.66,,1,1,0,1,0
2019-11-21T06,189.0,245.0,65.933,116.753,29.15,1,1,1,1,1
2019-11-21T07,189.0,245.0,63.1,165.13,31.9,1,1,1,1,1
2019-11-21T08,150.333,221.667,68.633,176.023,14.267,1,1,1,1,1
2019-11-21T09,125.0,191.0,87.533,193.147,16.6,1,1,1,1,1
2019-11-21T10,179.0,294.0,88.5,141.25,18.4,1,1,1,1,1
2019-11-21T11,169.0,329.5,111.125,71.207,13.9,1,1,1,1,1
2019-11-21T13,217.0,434.667,212.067,156.767,19.567,1,1,1,1,1
2019-11-21T14,239.0,436.0,204.1,132.73,88.4,1,1,1,1,1
2019-11-21T15,274.0,495.0,223.8,23.77,23.2,1,1,1,1,1
2019-11-21T17,320.0,541.0,203.6,17.03,15.0,1,1,1,1,1
2019-11-21T18,315.0,437.0,130.6,,49.8,1,1,1,0,1
2019-11-21T19,315.0,437.0,140.55,279.035,22.4,1,1,1,1,1
2019-11-21T20,303.5,385.5,133.7,82.525,8.85,1,1,1,1,1
2019-11-21T21,306.333,383.333,131.467,23.81,11.633,1,1,1,1,1
2019-11-21T22,307.0,396.0,132.1,333.81,11.2,1,1,1,1,1
2019-11-21T23,295.0,377.0,,61.47,15.4,1,1,0,1,1
2019-11-22T00,287.0,388.0,,23.265,14.45,1,1,0,1,1
2019-11-22T01,294.5,388.0,153.9,10.67,15.8,1,1,1,1,1
2019-11-22T02,312.0,414.0,174.4,,19.2,1,1,1,0,1
2019-11-22T03,274.333,374.333,186.833,7.67,33.533,1,1,1,1,1
2019-11-22T04,227.0,323.0,200.6,7.86,33.2,1,1,1,1,1
2019-11-22T05,212.0,291.0,180.6,13.58,29.1,1,1,1,1,1
2019-11-22T06,201.0,290.0,105.3,71.58,25.0,1,1,1,1,1
2019-11-22T07,182.0,271.0,76.3,120.825,23.9,1,1,1,1,1
2019-11-22T08,166.0,254.0,64.433,161.167,34.233,1,1,1,1,1
2019-11-22T09,167.0,265.0,61.45,171.695,30.05,1,1,1,1,1
2019-11-22T11,185.0,282.0,98.5,50.985,15.7,1,1,1,1,1
2019-11-22T12,204.0,382.0,164.9,9.723,10.3,1,1,1,1,1
2019-11-22T13,215.333,396.667,171.333,6.453,13.133,1,1,1,1,1
2019-11-22T14,241.0,420.0,187.85,7.29,14.6,1,1,1,1,1
2019-11-22T15,243.667,402.0,168.033,5.823,13.733,1,1,1,1,1
2019-11-22T16,246.0,387.667,162.4,6.483,14.467,1,1,1,1,1
2019-11-22T17,241.5,378.5,132.65,3.755,13.7,1,1,1,1,1
2019-11-22T18,228.25,336.5,98.55,4.795,10.95,2,2,2,2,2
2019-11-22T19,220.0,296.0,66.85,8.2,9.85,1,1,1,1,1
2019-11-22T20,162.667,215.333,81.7,3.873,10.5,1,1,1,1,1
2019-11-22T21,166.0,232.0,87.3,7.8,10.0,1,1,1,1,1
2019-11-22T23,139.0,190.0,66.9,3.45,6.5,1,1,1,1,1
2019-11-23T00,150.0,189.0,55.1,2.86,5.9,1,1,1,1,1
2019-11-23T04,162.0,233.0,67.2,7.39,10.5,1,1,1,1,1
2019-11-23T07,129.5,231.0,72.65,38.665,16.0,1,1,1,1,1
2019-11-23T09,83.0,162.0,66.85,42.53,11.0,1,1,1,1,1
2019-11-23T11,76.0,168.5,128.65,6.215,7.2,1,1,1,1,1
2019-11-23T12,78.0,190.0,135.8,2.8,7.2,1,1,1,1,1
2019-11-23T13,105.333,232.667,129.967,2.503,6.6,1,1,1,1,1
2019-11-23T14,118.5,246.0,113.3,4.185,6.6,1,1,1,1,1
2019-11-23T15,127.25,251.5,118.5,3.772,6.75,1,1,1,1,1
2019-11-23T16,136.0,260.0,112.467,3.06,5.667,1,1,1,1,1
2019-11-23T17,133.0,239.5,99.8,2.92,4.867,1,1,1,1,1
2019-11-23T18,148.5,225.334,93.75,2.971,4.75,2,2,2,2,2
2019-11-23T19,150.75,218.5,85.9,2.65,3.15,1,1,1,1,1
2019-11-23T20,147.25,201.75,72.475,3.737,3.05,1,1,1,1,1
2019-11-23T21,134.25,178.0,71.875,6.835,2.525,1,1,1,1,1
2019-11-23T22,118.25,160.0,68.0,5.155,3.125,1,1,1,1,1
2019-11-23T23,111.75,149.25,54.2,8.033,3.275,1,1,1,1,1
2019-11-24T00,116.0,154.0,65.9,3.665,3.6,1,1,1,1,1
2019-11-24T01,124.0,164.0,,4.02,,1,1,0,1,0
2019-11-24T02,157.5,201.75,83.2,6.51,7.975,1,1,1,1,1
2019-11-24T03,157.667,203.0,63.633,10.617,13.867,1,1,1,1,1
2019-11-24T04,125.5,175.0,56.7,23.8,14.85,1,1,1,1,1
2019-11-24T05,120.0,173.0,55.8,33.07,17.0,1,1,1,1,1
2019-11-24T06,95.0,156.5,47.0,51.5,15.65,1,1,1,1,1
2019-11-24T07,86.0,151.0,44.2,60.74,14.6,1,1,1,1,1
2019-11-24T08,56.5,111.5,29.65,57.205,10.0,1,1,1,1,1
2019-11-24T09,44.0,106.333,44.3,49.923,9.5,1,1,1,1,1
2019-11-24T10,52.667,138.333,95.5,19.64,8.833,1,1,1,1,1
2019-11-24T11,66.5,191.5,127.5,3.13,7.0,1,1,1,1,1
2019-11-24T12,77.333,207.0,131.067,2.613,6.433,1,1,1,1,1
2019-11-24T13,90.0,201.0,129.533,2.367,6.033,1,1,1,1,1
2019-11-24T14,126.333,246.0,129.933,3.23,5.667,1,1,1,1,1
2019-11-24T15,141.0,252.0,110.2,3.43,4.4,1,1,1,1,1
2019-11-24T17,167.5,253.0,94.35,2.99,5.0,1,1,1,1,1
2019-11-24T18,165.0,244.0,91.875,2.998,4.275,2,2,2,2,2
2019-11-24T19,166.333,232.0,91.933,3.197,3.367,1,1,1,1,1
2019-11-25T02,166.667,248.333,99.3,6.72,11.3,1,1,1,1,1
2019-11-25T03,177.0,278.0,137.05,35.377,20.625,1,1,1,1,1
2019-11-25T04,172.5,311.5,116.9,260.64,49.775,1,1,1,1,1
2019-11-25T05,168.0,313.0,88.55,297.015,58.45,1,1,1,1,1
2019-11-25T07,63.0,127.667,35.933,185.977,30.3,1,1,1,1,1
2019-11-25T08,64.75,127.5,36.425,139.028,26.1,1,1,1,1,1
2019-11-25T09,69.667,133.0,44.633,127.527,24.733,1,1,1,1,1
2019-11-25T10,69.5,143.5,42.8,135.053,25.8,1,1,1,1,1
2019-11-25T11,74.75,159.0,91.125,47.958,15.55,1,1,1,1,1
2019-11-25T12,91.75,203.75,150.475,8.957,13.7,1,1,1,1,1
2019-11-25T13,116.5,289.5,147.4,7.59,12.15,1,1,1,1,1
2019-11-25T14,143.5,364.5,147.325,8.895,11.425,1,1,1,1,1
2019-11-25T15,157.0,378.0,130.1,12.753,10.133,1,1,1,1,1
2019-11-25T16,185.667,381.0,125.6,14.727,8.933,1,1,1,1,1
2019-11-25T17,175.0,357.0,115.167,12.783,8.433,1,1,1,1,1
2019-11-25T18,,,110.9,8.09,9.4,0,0,1,1,1
2019-11-25T19,160.0,273.0,101.65,6.84,10.3,1,1,1,1,1
2019-11-25T20,198.0,288.0,103.2,5.86,9.9,1,1,1,1,1
2019-11-25T21,121.0,188.0,85.367,4.55,12.133,1,1,1,1,1
2019-11-25T22,106.0,188.0,84.967,14.23,15.333,1,1,1,1,1
2019-11-25T23,116.75,201.0,80.05,12.305,9.45,1,1,1,1,1
2019-11-26T00,122.5,209.5,77.675,5.987,10.95,1,1,1,1,1
2019-11-26T01,136.0,246.25,97.1,31.62,13.5,1,1,1,1,1
2019-11-26T02,145.0,280.0,104.033,,22.333,1,1,1,0,1
2019-11-26T03,170.0,328.75,108.225,5.832,56.9,1,1,1,1,1
2019-11-26T04,161.0,301.0,112.867,6.92,47.4,1,1,1,1,1
2019-11-26T05,118.75,231.25,60.5,12.203,35.675,1,1,1,1,1
2019-11-26T06,100.0,193.0,,25.223,,1,1,0,1,0
2019-11-26T07,104.5,197.5,,50.89,,1,1,0,1,0
2019-11-26T08,114.0,210.0,,59.33,,1,1,0,1,0
2019-11-26T09,77.0,155.0,38.0,,18.7,1,1,1,0,1
2019-11-26T10,78.0,135.0,54.5,112.415,17.55,1,1,1,1,1
2019-11-26T11,107.5,239.5,88.05,384.12,18.75,1,1,1,1,1
2019-11-26T14,44.0,144.667,40.8,75.427,8.133,1,1,1,1,1
2019-11-26T15,39.5,85.75,44.025,22.447,6.175,1,1,1,1,1
2019-11-26T16,33.25,75.75,45.225,12.492,5.5,1,1,1,1,1
2019-11-26T17,37.0,66.0,42.6,12.31,5.233,1,1,1,1,1
2019-11-26T18,36.0,63.0,39.9,12.41,6.2,1,1,1,1,1
2019-11-26T19,36.0,63.0,35.1,16.275,6.4,1,1,1,1,1
2019-11-26T20,37.0,56.0,31.7,15.76,6.1,1,1,1,1,1
2019-11-26T21,34.0,64.0,29.4,13.92,5.65,1,1,1,1,1
2019-11-26T22,24.0,45.0,31.75,36.65,5.45,1,1,1,1,1
2019-11-26T23,28.0,56.0,38.7,,6.5,1,1,1,0,1
2019-11-27T00,39.0,67.333,45.967,178.18,8.333,1,1,1,1,1
2019-11-27T01,35.0,68.0,,36.827,,1,1,0,1,0
2019-11-27T03,63.25,169.5,82.05,35.935,29.075,1,1,1,1,1
2019-11-27T04,73.0,186.0,91.1,16.88,31.2,1,1,1,1,1
2019-11-27T05,65.25,156.25,65.575,11.235,32.9,1,1,1,1,1
2019-11-27T06,78.0,166.0,46.9,21.137,28.167,1,1,1,1,1
2019-11-27T07,78.0,156.0,41.3,43.06,22.8,1,1,1,1,1
2019-11-27T08,86.0,168.0,47.3,60.6,19.9,1,1,1,1,1
2019-11-27T09,89.0,172.0,50.025,53.102,16.625,1,1,1,1,1
2019-11-27T10,98.0,184.0,69.067,41.08,11.733,1,1,1,1,1
2019-11-27T11,149.25,185.75,64.525,38.54,7.3,1,1,1,1,1
2019-11-27T12,167.0,193.0,67.233,17.653,7.067,1,1,1,1,1
2019-11-27T13,142.333,165.0,81.2,11.91,7.167,1,1,1,1,1
2019-11-27T14,159.5,191.5,84.625,13.112,7.625,1,1,1,1,1
2019-11-27T15,142.667,183.667,42.4,135.653,6.633,1,1,1,1,1
2019-11-27T16,94.0,129.0,28.667,36.113,6.2,1,1,1,1,1
2019-11-27T17,15.0,40.333,27.767,34.573,6.3,1,1,1,1,1
2019-11-27T18,9.834,32.166,25.367,35.395,6.65,2,2,2,2,2
2019-11-27T19,15.75,28.75,30.225,31.928,7.125,1,1,1,1,1
2019-11-27T20,18.5,33.0,24.25,36.725,7.625,1,1,1,1,1
2019-11-27T21,10.25,35.0,26.6,30.727,7.325,1,1,1,1,1
2019-11-27T22,7.25,20.5,29.375,29.685,3.4,1,1,1,1,1
2019-11-27T23,6.25,17.25,40.075,20.68,2.05,1,1,1,1,1
2019-11-28T00,14.0,33.5,31.65,18.365,3.9,1,1,1,1,1
2019-11-28T01,27.333,50.0,41.0,12.303,5.4,1,1,1,1,1
2019-11-28T02,32.0,57.0,34.333,51.02,4.367,1,1,1,1,1
2019-11-28T03,36.0,47.0,33.15,17.14,4.2,1,1,1,1,1
2019-11-28T07,46.0,73.0,30.2,19.07,5.0,1,1,1,1,1
2019-11-28T08,44.0,84.0,29.3,21.46,4.4,1,1,1,1,1
2019-11-28T09,36.0,74.0,35.5,20.2,4.9,1,1,1,1,1
2019-11-28T10,38.0,74.0,35.567,23.817,4.8,1,1,1,1,1
2019-11-28T11,39.0,66.5,39.675,23.285,4.625,1,1,1,1,1
2019-11-28T12,37.0,60.0,58.867,14.96,4.567,1,1,1,1,1
2019-11-28T13,39.667,59.667,69.667,9.8,6.067,1,1,1,1,1
2019-11-28T14,40.25,55.5,39.95,17.438,7.375,1,1,1,1,1
2019-11-28T15,37.0,56.0,44.625,15.105,6.425,1,1,1,1,1
2019-11-28T16,34.0,53.0,43.667,10.577,4.5,1,1,1,1,1
2019-11-28T17,36.0,45.0,61.8,4.423,4.4,1,1,1,1,1
2019-11-28T18,49.0,61.0,66.775,3.788,5.075,2,2,2,2,2
2019-11-28T19,48.5,65.5,54.525,275.45,5.175,1,1,1,1,1
2019-11-28T20,58.0,84.0,32.5,31.133,2.833,1,1,1,1,1
2019-11-28T21,51.0,60.5,32.85,193.315,4.725,1,1,1,1,1
2019-11-28T22,59.0,75.333,42.567,,2.133,1,1,1,0,1
2019-11-28T23,63.75,87.5,49.25,,3.075,1,1,1,0,1
2019-11-29T00,51.667,81.0,44.5,50.43,5.3,1,1,1,1,1
2019-11-29T01,58.0,84.5,47.9,16.73,7.2,1,1,1,1,1
2019-11-29T02,89.0,118.75,55.225,48.94,10.275,1,1,1,1,1
2019-11-29T03,159.5,196.0,60.925,127.135,22.675,1,1,1,1,1
2019-11-29T04,72.5,120.0,46.475,10.592,35.15,1,1,1,1,1
2019-11-29T05,42.75,82.25,43.8,10.242,31.875,1,1,1,1,1
2019-11-29T06,47.75,85.25,42.4,38.025,31.725,1,1,1,1,1
2019-11-29T07,51.25,86.5,46.1,102.375,32.825,1,1,1,1,1
2019-11-29T08,61.667,97.0,47.833,28.863,22.533,1,1,1,1,1
2019-11-29T09,57.0,97.0,41.633,28.243,17.067,1,1,1,1,1
2019-11-29T10,49.667,97.0,37.7,25.14,12.167,1,1,1,1,1
2019-11-29T11,46.667,95.333,55.167,11.44,8.967,1,1,1,1,1
2019-11-29T12,56.333,111.667,94.8,7.847,4.967,1,1,1,1,1
2019-11-29T13,78.0,134.5,104.15,3.785,4.8,1,1,1,1,1
2019-11-29T14,95.333,163.667,113.2,4.353,7.433,1,1,1,1,1
2019-11-29T15,114.667,193.667,120.867,4.367,7.367,1,1,1,1,1
2019-11-29T16,121.25,203.5,122.625,5.203,6.8,1,1,1,1,1
2019-11-29T17,125.0,217.0,109.3,4.705,5.3,1,1,1,1,1
2019-11-29T19,95.0,151.0,63.85,5.225,3.9,1,1,1,1,1
2019-11-29T20,105.667,146.333,86.133,3.37,1.833,1,1,1,1,1
2019-11-29T21,111.667,149.333,87.0,4.463,3.0,1,1,1,1,1
2019-11-29T22,130.0,153.0,79.0,3.8,2.8,1,1,1,1,1
2019-11-29T23,130.0,153.0,77.15,3.25,3.75,1,1,1,1,1
2019-11-30T00,126.0,147.0,59.5,4.08,2.0,1,1,1,1,1
2019-11-30T01,123.0,164.0,,4.135,,1,1,0,1,0
2019-11-30T03,176.0,215.0,77.2,5.78,4.2,1,1,1,1,1
2019-11-30T05,156.0,201.0,66.6,6.88,12.4,1,1,1,1,1
2019-11-30T06,111.0,146.0,69.3,8.49,12.6,1,1,1,1,1
2019-11-30T07,139.0,185.0,66.7,11.8,12.1,1,1,1,1,1
2019-11-30T08,111.0,163.5,45.85,21.305,10.2,1,1,1,1,1
2019-11-30T09,97.0,141.0,41.6,23.17,10.2,1,1,1,1,1
2019-11-30T10,90.0,136.0,48.5,26.13,5.5,1,1,1,1,1
2019-11-30T11,90.0,136.0,54.9,19.21,3.1,1,1,1,1,1
2019-11-30T12,101.5,173.0,121.95,3.685,5.2,1,1,1,1,1
2019-11-30T13,118.0,197.0,121.45,2.745,6.2,1,1,1,1,1
2019-11-30T14,133.0,205.0,113.2,2.94,6.6,1,1,1,1,1
2019-11-30T15,135.0,206.0,115.6,3.82,7.3,1,1,1,1,1
2019-11-30T16,138.667,215.333,113.4,4.173,4.367,1,1,1,1,1
2019-11-30T17,146.0,,,,,1,0,0,0,0
2019-11-30T18,,215.0,106.8,3.76,4.2,0,1,1,1,1
2019-12-01T00,148.0,191.0,87.5,3.92,3.7,1,1,1,1,1
2019-12-01T01,147.0,188.5,87.1,4.31,3.55,1,1,1,1,1
2019-12-01T02,146.0,186.0,,,,1,1,0,0,0
2019-12-01T03,164.5,207.0,83.9,,7.85,1,1,1,0,1
2019-12-01T05,155.5,202.5,54.4,,16.9,1,1,1,0,1
2019-12-01T06,132.0,177.0,51.5,,17.1,1,1,1,0,1
2019-12-01T07,114.0,156.0,45.1,,17.4,1,1,1,0,1
2019-12-01T08,100.0,144.0,44.2,33.2,13.8,1,1,1,1,1
2019-12-01T11,93.0,145.0,46.8,22.09,5.2,1,1,1,1,1
2019-12-01T12,103.0,172.0,111.2,,7.5,1,1,1,0,1
2019-12-01T13,131.25,207.0,135.6,,8.45,1,1,1,0,1
2019-12-01T14,144.0,222.0,139.6,,8.95,1,1,1,0,1
2019-12-01T15,158.0,244.0,142.0,,9.6,1,1,1,0,1
2019-12-01T17,191.0,274.0,133.6,,9.5,1,1,1,0,1
2019-12-01T18,205.333,291.333,128.2,,3.167,1,1,1,0,1
2019-12-01T20,226.5,286.5,113.35,,4.05,1,1,1,0,1
2019-12-01T23,,,107.8,,1.5,0,0,1,0,1
2019-12-02T00,178.333,222.333,106.667,,2.067,1,1,1,0,1
2019-12-02T01,181.0,245.0,,,,1,1,0,0,0
2019-12-02T03,167.0,254.0,106.45,,9.95,1,1,1,0,1
2019-12-02T04,131.0,207.0,77.0,,11.6,1,1,1,0,1
2019-12-02T05,125.0,190.0,72.9,,9.6,1,1,1,0,1
2019-12-02T06,114.0,186.0,60.2,,11.45,1,1,1,0,1
2019-12-02T07,101.0,175.0,48.7,,13.0,1,1,1,0,1
2019-12-02T08,84.667,139.333,39.833,,10.133,1,1,1,0,1
2019-12-02T09,72.0,132.0,37.5,,9.3,1,1,1,0,1
2019-12-02T11,99.0,168.0,92.5,5.8,1.4,1,1,1,1,1
2019-12-02T12,99.0,168.0,115.6,5.88,2.5,1,1,1,1,1
2019-12-02T13,138.0,226.0,161.8,4.82,1.7,1,1,1,1,1
2019-12-02T17,213.5,315.5,146.35,4.665,,1,1,1,1,0
2019-12-02T20,196.0,269.0,121.1,3.23,5.3,1,1,1,1,1
2019-12-03T03,145.0,234.0,103.2,5.35,12.4,1,1,1,1,1
2019-12-03T04,140.0,235.5,104.1,5.78,16.9,1,1,1,1,1
2019-12-03T05,135.0,237.0,78.4,35.52,19.3,1,1,1,1,1
2019-12-03T07,93.0,180.0,50.0,10.88,19.2,1,1,1,1,1
2019-12-03T09,69.0,143.0,41.8,18.085,15.4,1,1,1,1,1
2019-12-03T10,66.0,124.0,42.6,21.42,13.5,1,1,1,1,1
2019-12-03T14,164.0,286.0,163.65,4.88,9.15,1,1,1,1,1
2019-12-03T15,176.0,301.0,157.6,4.615,9.35,1,1,1,1,1
2019-12-03T16,200.0,337.0,125.6,5.39,10.3,1,1,1,1,1
2019-12-03T17,217.667,342.333,149.5,5.887,11.4,1,1,1,1,1
2019-12-03T18,,339.0,150.1,5.12,9.9,0,1,1,1,1
2019-12-03T19,209.0,316.0,143.2,5.96,5.9,1,1,1,1,1
2019-12-03T20,191.0,274.0,135.0,3.43,3.5,1,1,1,1,1
2019-12-03T21,142.5,196.0,121.05,3.085,1.35,1,1,1,1,1
2019-12-03T23,117.0,165.0,116.6,3.49,,1,1,1,1,0
2019-12-04T01,114.0,174.0,109.9,3.265,2.3,1,1,1,1,1
2019-12-04T02,114.0,185.0,98.4,,4.95,1,1,1,0,1
2019-12-04T03,132.0,214.0,111.05,5.02,5.05,1,1,1,1,1
2019-12-04T05,171.0,260.0,158.1,5.53,5.0,1,1,1,1,1
2019-12-04T06,193.0,296.0,109.2,9.11,12.2,1,1,1,1,1
2019-12-04T07,144.667,234.0,71.8,13.977,13.3,1,1,1,1,1
2019-12-04T08,115.0,192.333,52.1,21.567,13.7,1,1,1,1,1
2019-12-04T09,97.0,169.0,48.6,27.73,11.6,1,1,1,1,1
2019-12-04T11,108.667,215.667,137.433,14.517,4.833,1,1,1,1,1
2019-12-04T12,184.5,363.0,181.85,8.98,3.8,1,1,1,1,1
2019-12-04T13,235.0,447.0,191.7,6.94,4.1,1,1,1,1,1
2019-12-04T14,301.0,506.0,175.833,8.14,3.933,1,1,1,1,1
2019-12-04T15,348.0,509.0,168.6,8.15,5.1,1,1,1,1,1
2019-12-04T18,,,162.8,9.45,8.8,0,0,1,1,1
2019-12-04T19,366.0,505.0,153.7,12.19,9.8,1,1,1,1,1
2019-12-04T20,,,160.9,94.92,10.2,0,0,1,1,1
2019-12-04T21,365.0,488.0,194.2,83.12,8.4,1,1,1,1,1
2019-12-04T23,356.0,467.0,124.5,,1.1,1,1,1,0,1
2019-12-05T01,373.0,458.0,155.0,102.88,7.1,1,1,1,1,1
2019-12-05T02,452.0,571.0,229.65,70.95,11.35,1,1,1,1,1
2019-12-05T03,437.5,552.5,272.95,99.665,18.75,1,1,1,1,1
2019-12-05T04,423.0,534.0,305.5,115.825,26.1,1,1,1,1,1
2019-12-05T07,245.0,314.0,116.2,44.63,26.85,1,1,1,1,1
2019-12-05T08,340.0,467.0,114.0,40.22,16.5,1,1,1,1,1
2019-12-05T09,253.0,,70.8,43.47,14.5,1,0,1,1,1
2019-12-05T10,,370.0,77.7,80.46,21.3,0,1,1,1,1
2019-12-05T11,155.0,251.0,171.1,53.9,4.9,1,1,1,1,1
2019-12-05T12,254.0,462.0,171.5,21.34,1.75,1,1,1,1,1
2019-12-05T13,289.0,462.0,176.3,14.935,0.65,1,1,1,1,1
2019-12-05T15,345.0,482.0,155.9,11.07,2.6,1,1,1,1,1
2019-12-06T05,,482.0,,5.47,,0,1,0,1,0
2019-12-06T06,174.0,229.0,52.35,17.865,15.7,1,1,1,1,1
2019-12-06T07,131.0,169.0,54.3,20.82,12.4,1,1,1,1,1
2019-12-06T08,135.0,197.0,51.8,41.2,12.2,1,1,1,1,1
2019-12-06T10,175.0,246.0,62.4,19.08,7.35,1,1,1,1,1
2019-12-06T11,171.0,255.0,91.0,13.33,6.3,1,1,1,1,1
2019-12-06T12,201.0,300.0,153.3,7.0,6.2,1,1,1,1,1
2019-12-06T13,211.0,302.0,156.4,5.86,8.1,1,1,1,1,1
2019-12-06T14,232.0,345.0,138.1,6.21,8.4,1,1,1,1,1
2019-12-06T15,233.667,350.0,134.867,5.693,9.133,1,1,1,1,1
2019-12-06T16,229.0,340.0,141.8,6.95,10.0,1,1,1,1,1
2019-12-06T18,287.0,390.0,129.85,6.165,8.35,2,2,2,2,2
2019-12-06T19,319.0,411.0,117.4,5.94,6.2,1,1,1,1,1
2019-12-06T20,301.0,376.0,108.4,6.25,6.4,1,1,1,1,1
2019-12-07T00,288.0,342.0,74.3,6.55,5.8,1,1,1,1,1
2019-12-07T01,322.0,383.0,,4.723,,1,1,0,1,0
2019-12-07T02,351.0,417.5,143.05,6.31,6.0,1,1,1,1,1
2019-12-07T03,374.5,446.5,173.6,5.93,7.15,1,1,1,1,1
2019-12-07T05,393.0,499.5,167.6,15.365,9.85,1,1,1,1,1
2019-12-07T06,367.0,478.0,71.9,143.59,12.4,1,1,1,1,1
2019-12-07T07,165.0,212.0,53.9,55.61,13.9,1,1,1,1,1
2019-12-07T08,168.5,225.5,52.55,34.91,11.15,1,1,1,1,1
2019-12-07T09,156.667,219.0,49.233,23.237,12.867,1,1,1,1,1
2019-12-07T10,117.0,165.667,51.733,18.833,13.133,1,1,1,1,1
2019-12-07T11,99.0,139.0,124.7,12.64,7.1,1,1,1,1,1
2019-12-07T12,132.0,213.0,133.8,7.71,5.25,1,1,1,1,1
2019-12-07T13,224.0,370.0,91.6,9.53,5.7,1,1,1,1,1
2019-12-07T15,288.0,461.0,157.7,19.7,10.7,1,1,1,1,1
2019-12-07T16,318.0,461.0,144.7,16.56,11.4,1,1,1,1,1
2019-12-07T17,321.0,475.0,156.3,18.29,11.4,1,1,1,1,1
2019-12-07T18,305.0,438.0,180.7,23.19,9.0,1,1,1,1,1
2019-12-09T05,297.0,374.0,156.9,15.17,29.1,1,1,1,1,1
2019-12-09T06,195.333,253.333,145.367,13.437,37.367,1,1,1,1,1
2019-12-09T07,144.0,182.0,91.5,25.19,34.6,1,1,1,1,1
2019-12-09T08,122.0,171.0,63.1,123.74,13.05,1,1,1,1,1
2019-12-09T09,118.5,197.5,68.65,134.89,12.6,1,1,1,1,1
2019-12-09T10,116.0,174.0,68.133,129.543,10.333,1,1,1,1,1
2019-12-09T12,176.5,324.5,115.6,11.31,11.45,1,1,1,1,1
2019-12-09T13,201.0,351.0,128.0,5.37,10.0,1,1,1,1,1
2019-12-09T14,242.0,404.5,138.475,4.15,11.8,1,1,1,1,1
2019-12-09T15,258.333,428.0,137.967,5.13,13.733,1,1,1,1,1
2019-12-09T16,269.333,432.0,,4.403,12.3,1,1,0,1,1
2019-12-09T17,262.0,400.0,,5.92,12.1,1,1,0,1,1
2019-12-09T18,285.0,437.0,,4.68,13.9,1,1,0,1,1
2019-12-09T19,329.0,460.0,,7.19,14.7,1,1,0,1,1
2019-12-09T20,337.0,471.0,,35.65,14.1,1,1,0,1,1
2019-12-09T22,314.75,397.0,,24.725,12.15,1,1,0,1,1
2019-12-09T23,296.0,370.0,,17.07,12.3,1,1,0,1,1
2019-12-10T00,328.667,408.0,,3.55,9.1,1,1,0,1,1
2019-12-10T01,327.0,392.0,117.4,3.245,9.9,1,1,1,1,1
2019-12-10T02,324.0,390.0,128.6,,12.25,1,1,1,0,1
2019-12-10T03,364.0,462.0,151.1,5.08,14.3,1,1,1,1,1
2019-12-10T04,385.0,493.0,168.033,18.0,23.133,1,1,1,1,1
2019-12-10T05,330.333,436.333,144.967,51.887,14.767,1,1,1,1,1
2019-12-10T06,281.0,371.0,54.7,130.28,10.3,1,1,1,1,1
2019-12-10T07,179.0,245.0,53.65,151.49,9.7,1,1,1,1,1
2019-12-10T08,180.667,247.0,51.333,172.45,9.2,1,1,1,1,1
2019-12-10T09,177.333,249.667,63.767,167.893,8.6,1,1,1,1,1
2019-12-10T10,180.0,269.0,59.7,152.62,8.475,1,1,1,1,1
2019-12-10T11,181.667,296.0,,38.437,7.367,1,1,0,1,1
2019-12-10T12,209.0,350.0,,4.82,8.033,1,1,0,1,1
2019-12-10T13,259.0,429.0,,3.53,9.0,1,1,0,1,1
2019-12-10T14,273.0,431.0,,4.53,10.4,1,1,0,1,1
2019-12-10T15,378.667,570.0,,6.297,11.967,1,1,0,1,1
2019-12-10T16,417.75,640.0,,72.605,19.875,1,1,0,1,1
2019-12-10T17,462.667,697.667,,46.647,63.1,1,1,0,1,1
2019-12-10T18,462.667,642.0,,33.882,83.716,2,2,0,2,2
2019-12-10T19,431.75,584.75,,25.65,36.375,1,1,0,1,1
2019-12-10T20,444.0,622.333,,18.3,25.467,1,1,0,1,1
2019-12-10T21,436.5,588.25,,21.672,26.05,1,1,0,1,1
2019-12-10T22,436.25,571.75,,15.848,22.875,1,1,0,1,1
2019-12-10T23,412.5,545.0,,14.023,17.825,1,1,0,1,1
2019-12-11T00,413.5,541.5,,11.27,15.15,1,1,0,1,1
2019-12-11T01,420.0,548.333,126.4,7.01,13.3,1,1,1,1,1
2019-12-11T02,429.5,564.5,,6.17,26.775,1,1,0,1,1
2019-12-11T03,454.333,597.333,,13.543,39.867,1,1,0,1,1
2019-12-11T04,435.0,558.0,,21.0,32.333,1,1,0,1,1
2019-12-11T05,337.75,439.25,,84.827,18.625,1,1,0,1,1
2019-12-11T06,256.0,338.0,,122.36,16.533,1,1,0,1,1
2019-12-11T07,218.5,291.75,,148.975,13.65,1,1,0,1,1
2019-12-11T08,201.75,267.0,,164.44,10.225,1,1,0,1,1
2019-12-11T11,192.0,267.0,,3.575,,1,1,0,1,0
2019-12-11T12,,,151.1,4.423,13.2,0,0,1,1,1
2019-12-11T13,256.75,416.0,155.6,6.92,12.375,1,1,1,1,1
2019-12-11T14,284.75,463.0,167.175,5.022,17.8,1,1,1,1,1
2019-12-11T15,320.667,531.333,171.4,7.353,17.3,1,1,1,1,1
2019-12-11T16,346.5,541.75,166.175,6.753,17.225,1,1,1,1,1
2019-12-11T17,351.5,521.0,161.2,5.513,16.367,1,1,1,1,1
2019-12-11T18,365.75,520.75,154.617,8.337,14.517,2,2,2,2,2
2019-12-11T19,373.0,521.5,153.175,6.013,27.725,1,1,1,1,1
2019-12-11T20,361.0,472.0,145.7,4.985,19.6,1,1,1,1,1
2019-12-11T21,364.0,478.0,146.2,26.98,14.8,1,1,1,1,1
2019-12-11T22,377.75,474.75,132.1,29.327,24.725,1,1,1,1,1
2019-12-11T23,380.5,481.25,120.6,,23.65,1,1,1,0,1
2019-12-12T00,371.25,464.0,121.1,,21.125,1,1,1,0,1
2019-12-12T01,398.75,519.25,154.6,,34.8,1,1,1,0,1
2019-12-12T02,414.5,551.25,151.1,,36.5,1,1,1,0,1
2019-12-12T03,399.0,542.5,142.475,,29.875,1,1,1,0,1
2019-12-12T04,361.5,495.5,134.9,,18.8,1,1,1,0,1
2019-12-12T05,357.0,486.0,125.6,,20.05,1,1,1,0,1
2019-12-12T06,320.0,440.5,109.15,,17.4,1,1,1,0,1
2019-12-12T07,281.5,398.5,98.6,,13.75,1,1,1,0,1
2019-12-12T08,260.0,372.0,93.333,,16.867,1,1,1,0,1
2019-12-12T09,233.333,336.0,85.567,2.49,11.167,1,1,1,1,1
2019-12-12T10,206.0,335.0,93.933,29.297,10.033,1,1,1,1,1
2019-12-12T11,225.5,359.25,94.45,52.718,15.4,1,1,1,1,1
2019-12-12T12,252.0,360.25,97.5,44.508,12.375,1,1,1,1,1
2019-12-12T13,251.667,329.0,,60.887,7.233,1,1,0,1,1
2019-12-12T14,229.75,295.25,75.6,53.103,6.95,1,1,1,1,1
2019-12-12T15,230.0,265.5,69.825,58.695,5.375,1,1,1,1,1
2019-12-12T16,194.25,214.5,65.7,71.285,2.9,1,1,1,1,1
2019-12-12T17,159.0,174.0,,30.625,1.1,1,1,0,1,1
2019-12-12T18,129.0,136.0,,41.328,42.875,2,2,0,2,2
2019-12-13T05,94.0,97.0,67.6,47.23,16.475,1,1,1,1,1
2019-12-13T06,105.0,108.0,76.55,40.21,15.1,1,1,1,1,1
2019-12-13T10,105.0,197.0,62.1,8.917,8.65,1,1,1,1,1
2019-12-13T11,195.0,200.25,61.15,12.465,5.2,1,1,1,1,1
2019-12-13T12,191.0,207.75,58.0,15.387,4.175,1,1,1,1,1
2019-12-13T13,179.0,201.0,55.85,14.545,5.95,1,1,1,1,1
2019-12-13T14,162.0,184.0,68.2,12.54,6.9,1,1,1,1,1
2019-12-13T15,146.0,173.0,62.1,20.835,6.55,1,1,1,1,1
2019-12-13T16,105.5,129.0,59.8,22.365,6.75,1,1,1,1,1
2019-12-13T17,91.0,111.0,57.1,22.05,7.1,1,1,1,1,1
2019-12-13T18,101.0,122.0,70.2,11.25,6.6,1,1,1,1,1
2019-12-13T19,94.0,117.0,59.6,21.56,6.4,1,1,1,1,1
2019-12-13T21,104.0,120.5,70.1,7.84,8.6,1,1,1,1,1
2019-12-13T22,107.667,125.333,61.967,20.017,7.567,1,1,1,1,1
2019-12-13T23,105.5,124.25,45.525,37.815,6.55,1,1,1,1,1
2019-12-14T00,101.5,113.5,44.55,49.977,9.6,1,1,1,1,1
2019-12-14T01,121.0,133.0,,12.505,,1,1,0,1,0
2019-12-14T02,63.0,89.0,47.7,23.03,22.5,1,1,1,1,1
2019-12-14T03,57.25,80.0,41.5,34.595,20.05,1,1,1,1,1
2019-12-14T04,38.667,54.667,35.267,40.79,24.35,1,1,1,1,1
2019-12-14T05,38.75,58.75,29.525,52.455,22.2,1,1,1,1,1
2019-12-14T06,45.5,58.5,24.4,67.27,10.6,1,1,1,1,1
2019-12-14T07,43.0,56.667,28.967,75.437,9.267,1,1,1,1,1
2019-12-14T08,47.0,68.0,30.9,76.86,8.7,1,1,1,1,1
2019-12-14T10,51.0,68.0,38.7,73.7,8.6,1,1,1,1,1
2019-12-16T05,103.0,128.0,43.1,17.58,5.8,1,1,1,1,1
2019-12-16T06,111.0,138.0,48.6,17.23,6.1,1,1,1,1,1
2019-12-16T07,111.0,138.0,49.733,16.443,6.167,1,1,1,1,1
2019-12-16T08,111.5,137.0,40.1,22.763,5.933,1,1,1,1,1
2019-12-16T09,110.0,133.0,47.45,16.315,5.85,1,1,1,1,1
2019-12-16T10,124.0,146.0,48.1,17.5,6.1,1,1,1,1,1
2019-12-16T11,135.0,152.0,55.4,14.667,6.2,1,1,1,1,1
2019-12-16T12,140.0,160.0,53.4,13.5,6.0,1,1,1,1,1
2019-12-16T13,132.0,156.0,48.2,14.05,6.05,1,1,1,1,1
2019-12-16T14,120.0,149.0,54.65,10.535,6.0,1,1,1,1,1
2019-12-16T16,124.0,144.0,43.667,17.803,5.933,1,1,1,1,1
2019-12-16T17,118.0,138.0,38.85,19.865,5.45,1,1,1,1,1
2019-12-16T18,,,31.3,29.85,4.4,0,0,1,1,1
2019-12-16T21,81.0,90.0,19.4,39.935,4.85,1,1,1,1,1
2019-12-16T22,73.5,83.0,17.55,38.515,5.1,1,1,1,1,1
2019-12-16T23,74.0,86.0,20.7,33.14,4.7,1,1,1,1,1
2019-12-17T00,78.0,91.5,21.0,30.105,5.35,1,1,1,1,1
2019-12-17T01,80.667,98.333,39.9,20.08,4.6,1,1,1,1,1
2019-12-17T02,90.0,113.0,32.8,,4.7,1,1,1,0,1
2019-12-17T03,101.0,127.0,44.75,11.055,5.5,1,1,1,1,1
2019-12-17T04,114.5,149.0,34.4,21.335,5.25,1,1,1,1,1
2019-12-17T05,118.0,148.0,42.55,20.2,5.7,1,1,1,1,1
2019-12-17T06,119.0,153.0,42.4,24.3,5.5,1,1,1,1,1
2019-12-17T07,132.0,160.0,43.1,19.423,6.067,1,1,1,1,1
2019-12-17T08,128.0,168.667,51.133,16.27,6.167,1,1,1,1,1
2019-12-17T09,136.0,186.0,50.633,15.863,6.2,1,1,1,1,1
2019-12-17T11,135.0,169.0,52.0,12.54,6.4,1,1,1,1,1
2019-12-17T12,150.0,182.0,57.15,11.115,7.0,1,1,1,1,1
2019-12-17T13,158.0,195.0,58.0,11.98,6.8,1,1,1,1,1
2019-12-17T14,179.0,227.0,72.6,3.99,7.15,1,1,1,1,1
2019-12-17T15,205.0,255.0,73.95,3.105,7.7,1,1,1,1,1
2019-12-17T16,240.0,295.0,67.8,3.35,8.8,1,1,1,1,1
2019-12-17T17,215.75,298.5,79.325,3.632,10.6,1,1,1,1,1
2019-12-17T18,226.333,295.333,59.033,2.14,7.867,1,1,1,1,1
2019-12-17T19,168.5,210.0,59.0,2.805,5.1,1,1,1,1,1
2019-12-17T20,154.0,188.0,46.3,11.23,5.0,1,1,1,1,1
2019-12-17T21,131.333,158.667,47.167,10.407,4.1,1,1,1,1,1
2019-12-17T22,143.25,167.0,34.425,26.992,4.375,1,1,1,1,1
2019-12-17T23,159.0,181.333,31.167,33.437,4.367,1,1,1,1,1
2019-12-18T00,152.0,175.0,35.0,33.97,4.1,1,1,1,1,1
2019-12-18T01,152.0,175.0,,24.48,,1,1,0,1,0
2019-12-18T03,160.5,192.75,54.575,27.5,4.625,1,1,1,1,1
2019-12-18T04,154.0,186.0,50.85,47.04,5.05,1,1,1,1,1
2019-12-18T05,155.25,185.0,54.725,55.532,4.75,1,1,1,1,1
2019-12-18T06,156.0,191.0,57.15,71.225,5.65,1,1,1,1,1
2019-12-18T07,171.0,222.0,68.3,98.71,5.8,1,1,1,1,1
2019-12-18T08,174.5,225.5,72.9,105.185,6.2,1,1,1,1,1
2019-12-18T09,178.0,229.0,77.8,105.78,6.4,1,1,1,1,1
2019-12-18T10,194.25,258.25,86.6,88.465,6.4,1,1,1,1,1
2019-12-18T11,206.0,280.25,92.475,56.745,6.125,1,1,1,1,1
2019-12-18T12,229.0,314.333,84.1,181.78,16.2,1,1,1,1,1
2019-12-18T13,240.0,304.75,92.65,47.223,12.15,1,1,1,1,1
2019-12-18T14,290.5,369.5,100.15,29.215,10.5,1,1,1,1,1
2019-12-18T15,304.333,396.667,95.667,34.26,21.167,1,1,1,1,1
2019-12-18T16,304.0,392.667,79.467,6.403,22.867,1,1,1,1,1
2019-12-18T17,276.5,345.5,54.3,6.505,16.6,1,1,1,1,1
2019-12-18T18,219.666,268.333,52.2,7.188,10.05,2,2,2,2,2
2019-12-18T19,198.25,250.25,53.625,5.45,10.025,1,1,1,1,1
2019-12-18T20,199.0,251.0,53.65,6.0,12.15,1,1,1,1,1
2019-12-18T21,237.75,311.5,55.15,,20.525,1,1,1,0,1
2019-12-18T22,234.0,314.25,52.9,,24.525,1,1,1,0,1
2019-12-18T23,225.0,309.0,50.667,,17.367,1,1,1,0,1
2019-12-19T00,216.75,282.75,47.45,,9.975,1,1,1,0,1
2019-12-19T01,220.25,290.5,58.8,,7.2,1,1,1,0,1
2019-12-19T02,233.0,316.0,58.4,,6.867,1,1,1,0,1
2019-12-19T03,252.0,322.0,60.55,,7.35,1,1,1,0,1
2019-12-19T05,446.0,536.0,87.1,5.72,10.85,1,1,1,1,1
2019-12-19T07,449.333,522.333,89.233,3.947,9.733,1,1,1,1,1
2019-12-19T08,404.5,458.0,82.575,4.777,9.0,1,1,1,1,1
2019-12-19T09,359.0,403.667,82.0,9.76,7.533,1,1,1,1,1
2019-12-19T10,368.667,420.667,86.9,16.593,6.7,1,1,1,1,1
2019-12-19T11,380.75,442.0,92.775,18.95,6.8,1,1,1,1,1
2019-12-19T12,365.5,429.75,90.25,19.77,6.625,1,1,1,1,1
2019-12-19T13,375.0,443.667,88.667,19.24,6.633,1,1,1,1,1
2019-12-19T14,443.75,527.5,94.55,12.177,8.25,1,1,1,1,1
2019-12-19T15,487.75,578.0,95.925,9.342,9.125,1,1,1,1,1
2019-12-19T16,479.25,577.0,89.675,7.55,9.15,1,1,1,1,1
2019-12-19T17,518.25,626.75,86.275,8.85,9.867,1,1,1,1,1
2019-12-19T18,543.0,650.0,84.05,8.045,8.15,1,1,2,2,2
2019-12-19T20,418.333,530.0,96.467,6.39,6.7,1,1,1,1,1
2019-12-19T21,435.25,554.75,102.15,11.925,3.775,1,1,1,1,1
2019-12-19T22,446.5,557.25,108.3,9.613,0.4,1,1,1,1,1
2019-12-19T23,406.0,504.0,105.9,9.62,,1,1,1,1,0
2019-12-20T05,479.5,534.0,114.6,23.28,4.767,1,1,1,1,1
2019-12-20T06,490.0,556.0,127.167,230.69,13.467,1,1,1,1,1
2019-12-20T09,585.0,689.667,146.967,19.553,7.367,1,1,1,1,1
2019-12-20T10,571.0,687.0,140.1,17.86,6.3,1,1,1,1,1
2019-12-20T11,524.75,627.25,148.85,11.54,5.2,1,1,1,1,1
2019-12-20T12,512.5,606.75,130.3,9.203,5.675,1,1,1,1,1
2019-12-20T13,479.0,577.667,98.533,8.117,5.7,1,1,1,1,1
2019-12-20T14,445.0,539.0,105.3,7.66,6.2,1,1,1,1,1
2019-12-20T15,457.0,557.333,93.9,,6.6,1,1,1,0,1
2019-12-20T16,473.0,568.25,102.15,,7.6,1,1,1,0,1
2019-12-20T17,443.0,539.0,91.933,,8.567,1,1,1,0,1
2019-12-20T18,473.0,558.0,82.0,,6.75,1,1,1,0,1
2019-12-20T19,484.75,566.75,74.3,,7.025,1,1,1,0,1
2019-12-20T20,493.0,578.0,72.2,,7.05,1,1,1,0,1
2019-12-20T21,479.333,545.333,65.067,,4.833,1,1,1,0,1
2019-12-20T22,428.0,480.0,54.2,,1.95,1,1,1,0,1
2019-12-20T23,341.0,392.0,48.9,,2.0,1,1,1,0,1
2019-12-21T00,332.0,381.0,51.5,,1.8,1,1,1,0,1
2019-12-21T01,306.0,374.0,,,,1,1,0,0,0
2019-12-21T02,301.0,389.0,53.7,,2.2,1,1,1,0,1
2019-12-21T03,327.0,404.0,66.8,4.37,3.3,1,1,1,1,1
2019-12-21T04,378.0,433.0,77.9,5.86,3.4,1,1,1,1,1
2019-12-21T06,418.5,492.75,99.875,15.2,4.0,1,1,1,1,1
2019-12-21T07,378.0,444.333,85.4,20.757,4.5,1,1,1,1,1
2019-12-21T08,285.333,345.667,77.8,22.71,4.033,1,1,1,1,1
2019-12-21T09,249.333,310.667,75.667,24.797,3.933,1,1,1,1,1
2019-12-21T10,240.0,307.0,78.6,16.55,4.1,1,1,1,1,1
2019-12-21T11,244.0,312.0,93.1,4.92,2.4,1,1,1,1,1
2019-12-21T12,303.0,377.0,92.7,3.82,,1,1,1,1,0
2019-12-21T13,314.0,388.333,102.567,4.227,1.8,1,1,1,1,1
2019-12-21T14,344.667,420.667,99.933,3.857,0.3,1,1,1,1,1
2019-12-21T15,345.5,416.25,90.15,3.79,,1,1,1,1,0
2019-12-21T16,303.5,352.0,79.825,3.453,,1,1,1,1,0
2019-12-21T17,326.0,373.0,58.85,,,1,1,1,0,0
2019-12-21T18,232.0,272.0,45.5,,2.7,1,1,1,0,1
2019-12-21T23,162.0,240.0,57.7,,5.7,1,1,1,0,1
2019-12-22T12,237.0,259.0,66.8,,4.8,1,1,1,0,1
2019-12-22T13,237.0,259.0,70.7,,3.6,1,1,1,0,1
2019-12-22T20,174.0,177.0,28.3,,5.6,1,1,1,0,1
2019-12-22T21,159.0,175.0,27.1,,5.5,1,1,1,0,1
2019-12-22T23,152.0,167.0,60.0,,3.5,1,1,1,0,1
2019-12-23T06,238.0,284.0,65.2,,9.6,1,1,1,0,1
2019-12-23T07,283.0,359.0,83.8,8.09,9.2,1,1,1,1,1
2019-12-23T08,279.667,355.333,91.7,10.137,9.6,1,1,1,1,1
2019-12-23T09,273.0,348.0,97.2,12.58,9.6,1,1,1,1,1
2019-12-23T11,293.0,398.0,108.8,6.94,4.6,1,1,1,1,1
2019-12-23T12,302.0,417.0,97.2,4.57,5.0,1,1,1,1,1
2019-12-23T15,314.333,413.333,59.767,4.41,8.2,1,1,1,1,1
2019-12-23T16,317.333,409.333,63.067,58.097,9.167,1,1,1,1,1
2019-12-23T17,318.0,428.0,62.7,78.65,17.2,1,1,1,1,1
2019-12-23T18,311.0,414.5,55.3,4.44,8.05,1,1,1,1,1
2019-12-23T19,280.333,376.333,51.767,3.837,1.5,1,1,1,1,1
2019-12-23T21,256.0,323.0,43.1,5.615,2.3,1,1,1,1,1
2019-12-23T22,244.0,320.0,45.75,5.45,2.5,1,1,1,1,1
2019-12-23T23,260.667,352.333,56.633,4.03,2.833,1,1,1,1,1
2019-12-24T00,294.0,417.0,61.067,2.81,6.0,1,1,1,1,1
2019-12-24T01,307.0,448.0,,2.96,,1,1,0,1,0
2019-12-24T04,293.0,376.0,51.7,4.9,8.6,1,1,1,1,1
2019-12-24T05,295.5,374.5,59.9,13.17,8.85,1,1,1,1,1
2019-12-24T06,301.0,382.0,74.1,18.95,10.2,1,1,1,1,1
2019-12-24T07,343.0,426.0,88.9,29.38,10.1,1,1,1,1,1
2019-12-24T09,458.0,610.0,137.6,71.6,10.0,1,1,1,1,1
2019-12-24T11,427.0,581.0,121.0,19.93,7.8,1,1,1,1,1
2019-12-24T12,438.75,552.75,124.05,7.805,8.25,1,1,1,1,1
2019-12-24T13,422.333,567.667,136.133,5.127,9.4,1,1,1,1,1
2019-12-24T14,408.667,559.333,115.9,5.377,9.6,1,1,1,1,1
2019-12-24T15,396.0,528.0,106.4,5.525,10.3,1,1,1,1,1
2019-12-24T16,419.667,550.333,101.1,,10.7,1,1,1,0,1
2019-12-24T17,437.0,563.0,88.2,,11.2,1,1,1,0,1
2019-12-24T18,393.5,520.5,75.3,,7.25,1,1,1,0,1
2019-12-24T21,193.0,268.0,51.2,,2.5,1,1,1,0,1
2019-12-24T22,164.0,212.0,52.65,,2.0,1,1,1,0,1
2019-12-24T23,149.0,196.333,45.033,,1.733,1,1,1,0,1
2019-12-25T00,147.0,191.0,45.0,,1.9,1,1,1,0,1
2019-12-25T02,164.5,219.0,45.15,,1.35,1,1,1,0,1
2019-12-25T03,164.0,209.0,43.767,,1.7,1,1,1,0,1
2019-12-25T05,199.667,254.667,47.133,,2.333,1,1,1,0,1
2019-12-25T06,213.0,274.0,48.0,,2.6,1,1,1,0,1
2019-12-25T07,206.5,263.5,54.55,,3.2,1,1,1,0,1
2019-12-25T08,197.0,259.0,58.7,,3.0,1,1,1,0,1
2019-12-25T10,181.0,251.0,63.5,,2.1,1,1,1,0,1
2019-12-25T11,211.333,297.0,68.233,,1.833,1,1,1,0,1
2019-12-25T12,251.0,337.5,66.55,,1.65,1,1,1,0,1
2019-12-25T13,265.5,336.5,62.5,,1.65,1,1,1,0,1
2019-12-25T14,269.0,333.0,59.6,,1.9,1,1,1,0,1
2019-12-25T15,234.333,301.0,52.9,,1.1,1,1,1,0,1
2019-12-25T16,218.5,285.5,45.7,,0.75,1,1,1,0,1
2019-12-25T17,216.0,282.0,44.55,,0.5,1,1,1,0,1
2019-12-25T21,201.0,272.0,37.1,,4.5,1,1,1,0,1
2019-12-26T01,184.5,252.5,48.5,,5.5,1,1,1,0,1
2019-12-26T02,193.0,276.0,54.0,,5.0,1,1,1,0,1
2019-12-26T03,196.0,275.0,56.75,,5.25,1,1,1,0,1
2019-12-26T04,211.0,290.5,56.9,,5.55,1,1,1,0,1
2019-12-26T05,223.0,307.0,55.55,,5.6,1,1,1,0,1
2019-12-26T06,236.0,310.0,58.6,1.04,4.3,1,1,1,1,1
2019-12-26T07,249.0,332.0,67.0,29.155,5.9,1,1,1,1,1
2019-12-26T08,250.0,332.0,64.3,32.54,6.0,1,1,1,1,1
2019-12-26T10,256.0,346.0,87.3,21.36,6.3,1,1,1,1,1
2019-12-26T12,377.0,486.0,103.4,5.15,7.6,1,1,1,1,1
2019-12-26T13,377.0,486.0,100.3,4.65,7.8,1,1,1,1,1
2019-12-26T14,365.0,466.0,71.7,4.153,7.667,1,1,1,1,1
2019-12-26T15,330.0,395.0,64.7,2.86,7.1,1,1,1,1,1
2019-12-26T16,273.0,337.0,64.8,3.55,6.9,1,1,1,1,1
2019-12-26T17,263.0,338.333,59.5,3.083,7.05,1,1,1,1,1
2019-12-26T18,290.667,378.167,59.466,2.865,5.617,2,2,2,2,2
2019-12-26T19,279.0,374.0,51.567,3.71,4.467,1,1,1,1,1
2019-12-26T21,212.667,301.333,26.433,13.783,3.633,1,1,1,1,1
2019-12-26T22,192.0,268.0,24.7,15.465,3.35,1,1,1,1,1
2019-12-26T23,186.0,256.0,21.6,20.11,3.4,1,1,1,1,1
2019-12-27T00,170.667,240.333,26.367,17.84,3.133,1,1,1,1,1
2019-12-27T01,168.0,235.0,,,,1,1,0,0,0
2019-12-27T02,207.667,291.667,56.667,,3.667,1,1,1,0,1
2019-12-27T04,316.0,425.0,64.7,,5.3,1,1,1,0,1
2019-12-27T06,306.0,416.0,76.0,,6.15,1,1,1,0,1
2019-12-27T07,338.0,433.0,88.4,,6.2,1,1,1,0,1
2019-12-27T08,309.0,409.0,104.6,,6.233,1,1,1,0,1
2019-12-27T09,330.333,442.333,102.133,,8.267,1,1,1,0,1
2019-12-27T11,409.0,572.0,113.3,,7.7,1,1,1,0,1
2019-12-27T12,437.0,574.0,107.9,,7.4,1,1,1,0,1
2019-12-27T13,439.5,574.5,100.4,,7.95,1,1,1,0,1
2019-12-27T14,442.0,575.0,96.5,,9.1,1,1,1,0,1
2019-12-27T15,492.0,630.0,82.0,,10.6,1,1,1,0,1
2019-12-27T16,469.0,611.0,67.85,,30.35,1,1,1,0,1
2019-12-27T17,416.0,561.0,65.25,,27.8,1,1,1,0,1
2019-12-27T19,430.0,589.0,58.3,,10.1,1,1,1,0,1
2019-12-27T21,392.0,561.0,64.75,,8.7,1,1,1,0,1
2019-12-27T22,365.0,550.0,81.5,,9.5,1,1,1,0,1
2019-12-27T23,337.0,541.0,75.9,,8.6,1,1,1,0,1
2019-12-28T00,258.0,437.0,75.95,,6.95,1,1,1,0,1
2019-12-28T01,338.0,450.0,74.7,,7.9,1,1,1,0,1
2019-12-28T02,338.75,447.0,69.75,,5.7,1,1,1,0,1
2019-12-28T03,341.0,438.0,67.567,,6.1,1,1,1,0,1
2019-12-28T04,358.0,458.0,70.4,,3.55,1,1,1,0,1
2019-12-28T05,287.0,356.0,66.0,,4.4,1,1,1,0,1
2019-12-28T06,287.0,356.0,65.8,,3.8,1,1,1,0,1
2019-12-28T08,335.0,396.0,99.55,,5.15,1,1,1,0,1
2019-12-28T09,406.667,504.667,80.367,,10.5,1,1,1,0,1
2019-12-28T10,396.0,504.0,75.3,,12.8,1,1,1,0,1
2019-12-28T11,361.0,478.0,80.95,,17.6,1,1,1,0,1
2019-12-28T12,365.5,459.0,87.7,,9.15,1,1,1,0,1
2019-12-28T13,414.667,507.667,107.833,,6.767,1,1,1,0,1
2019-12-28T14,494.5,625.5,95.3,,6.95,1,1,1,0,1
2019-12-28T15,521.0,668.0,106.8,,7.9,1,1,1,0,1
2019-12-28T16,611.0,784.0,93.3,,23.0,1,1,1,0,1
2019-12-28T17,498.0,652.0,66.4,,,1,1,1,0,0
2019-12-28T18,498.0,652.0,67.275,,7.5,2,2,2,0,2
2019-12-28T19,403.25,594.75,59.65,,4.425,1,1,1,0,1
2019-12-28T20,353.0,528.0,48.0,,3.6,1,1,1,0,1
2019-12-28T21,318.5,446.0,45.8,,2.175,1,1,1,0,1
2019-12-28T22,310.0,441.25,46.675,,1.45,1,1,1,0,1
2019-12-28T23,314.333,449.667,55.633,,1.833,1,1,1,0,1
2019-12-29T00,328.5,461.75,62.075,,2.25,1,1,1,0,1
2019-12-29T01,325.333,463.667,63.2,,4.1,1,1,1,0,1
2019-12-29T02,322.0,446.75,59.125,,2.55,1,1,1,0,1
2019-12-29T03,340.0,447.5,62.05,,3.15,1,1,1,0,1
2019-12-29T04,358.0,461.0,67.2,,4.9,1,1,1,0,1
2019-12-29T05,385.75,474.5,78.675,,8.575,1,1,1,0,1
2019-12-29T06,424.0,515.0,89.75,,8.85,1,1,1,0,1
2019-12-29T08,557.667,701.333,92.1,,23.6,1,1,1,0,1
2019-12-29T09,476.5,631.5,97.45,,12.3,1,1,1,0,1
2019-12-29T15,772.0,915.0,110.7,,11.5,1,1,1,0,1
2019-12-29T18,421.0,580.0,60.8,,19.6,1,1,1,0,1
2019-12-29T21,421.0,593.0,93.7,,11.2,1,1,1,0,1
2019-12-29T23,442.0,,72.9,,9.6,1,0,1,0,1
2019-12-30T01,394.0,,,,,1,0,0,0,0
2019-12-30T02,350.0,451.0,61.9,,5.0,1,1,1,0,1
2019-12-30T03,342.0,454.0,77.3,,5.4,1,1,1,0,1
2019-12-30T04,415.0,624.0,126.5,,6.0,1,1,1,0,1
2019-12-30T06,485.0,624.0,90.133,,3.533,1,1,1,0,1
2019-12-30T07,444.333,506.0,90.567,,2.8,1,1,1,0,1
2019-12-30T08,435.0,478.0,89.5,14.66,2.8,1,1,1,1,1
2019-12-30T09,403.0,456.0,71.55,7.82,2.55,1,1,1,1,1
2019-12-30T10,387.0,445.667,65.867,5.36,1.933,1,1,1,1,1
2019-12-30T11,397.0,469.0,65.633,5.343,2.7,1,1,1,1,1
2019-12-30T12,379.75,468.0,54.4,4.825,2.075,1,1,1,1,1
2019-12-30T13,311.333,400.667,51.633,4.56,2.033,1,1,1,1,1
2019-12-30T14,291.5,379.0,48.8,4.235,2.15,1,1,1,1,1
2019-12-30T15,237.0,322.0,38.0,3.33,0.4,1,1,1,1,1
2019-12-30T16,237.0,322.0,36.2,2.53,1.3,1,1,1,1,1
2019-12-30T17,229.667,293.0,31.6,2.803,0.45,1,1,1,1,1
2019-12-30T18,219.0,267.0,26.3,2.41,4.3,1,1,1,1,1
2019-12-30T19,188.0,224.0,23.3,2.33,4.05,1,1,1,1,1
2019-12-30T20,175.0,212.0,21.1,2.86,3.5,1,1,1,1,1
2019-12-30T21,166.0,205.667,17.033,2.56,4.1,1,1,1,1,1
2019-12-30T22,152.0,179.0,17.1,2.473,4.6,1,1,1,1,1
2019-12-30T23,184.0,213.667,25.4,2.14,7.8,1,1,1,1,1
2019-12-31T00,202.0,239.0,28.65,2.175,9.4,1,1,1,1,1
2019-12-31T01,208.0,250.5,37.3,4.535,11.2,1,1,1,1,1
2019-12-31T03,245.0,301.0,35.05,4.675,3.9,1,1,1,1,1
2019-12-31T04,231.333,279.333,33.333,6.793,6.067,1,1,1,1,1
2019-12-31T05,242.0,294.0,32.7,10.27,8.0,1,1,1,1,1
2019-12-31T07,223.0,282.0,35.55,30.525,11.75,1,1,1,1,1
2019-12-31T11,226.0,317.0,121.4,4.39,9.1,1,1,1,1,1
2019-12-31T12,226.0,317.0,127.75,6.095,10.2,1,1,1,1,1
2019-12-31T13,427.0,555.0,136.85,5.88,12.1,1,1,1,1,1
2019-12-31T14,543.0,694.5,157.55,9.595,14.35,1,1,1,1,1
2019-12-31T15,582.333,751.667,166.9,6.77,15.467,1,1,1,1,1
2019-12-31T16,557.0,725.0,147.1,8.39,15.3,1,1,1,1,1
2019-12-31T19,712.0,806.0,86.65,32.63,8.8,1,1,1,1,1
2019-12-31T20,479.0,532.0,79.95,62.885,4.65,1,1,1,1,1
2019-12-31T21,467.0,508.0,85.0,,9.0,1,1,1,0,1
2019-12-31T22,492.0,545.0,92.85,,9.45,1,1,1,0,1
2019-12-31T23,483.0,542.0,99.3,125.64,8.7,1,1,1,1,1
2020-01-01T00,495.0,576.0,99.1,84.73,10.7,1,1,1,1,1
2020-01-01T06,197.0,239.0,32.8,46.3,8.7,1,1,1,1,1
2020-01-01T07,160.667,195.0,28.367,58.893,6.467,1,1,1,1,1
2020-01-01T09,140.0,182.0,33.25,68.465,18.0,1,1,1,1,1
2020-01-01T10,121.0,171.0,38.35,64.395,8.45,1,1,1,1,1
2020-01-01T11,144.5,215.0,114.7,11.75,2.65,1,1,1,1,1
2020-01-01T12,199.0,279.333,132.167,7.457,2.8,1,1,1,1,1
2020-01-01T13,555.0,616.0,149.9,9.41,3.2,1,1,1,1,1
2020-01-01T14,734.0,837.0,151.4,13.41,3.6,1,1,1,1,1
2020-01-01T15,734.0,837.0,163.25,16.11,4.0,1,1,1,1,1
2020-01-01T16,1279.0,1473.0,143.0,33.27,6.65,1,1,1,1,1
2020-01-01T17,1276.0,1374.0,110.9,24.7,13.1,1,1,1,1,1
2020-01-01T18,569.0,648.0,109.4,15.7,18.8,1,1,1,1,1
2020-01-01T19,458.0,522.0,69.55,62.24,14.1,1,1,1,1,1
2020-01-01T20,583.0,642.0,66.95,,17.0,1,1,1,0,1
2020-01-01T21,625.0,681.0,67.433,327.54,23.6,1,1,1,1,1
2020-01-01T22,543.0,589.0,99.167,100.307,16.333,1,1,1,1,1
2020-01-01T23,561.0,589.0,99.9,164.16,15.25,1,1,1,1,1
2020-01-02T00,463.0,469.0,114.0,95.245,16.25,1,1,1,1,1
2020-01-02T01,463.0,469.0,106.75,73.2,1.4,1,1,1,1,1
2020-01-02T02,549.0,613.0,105.875,190.55,5.5,1,1,1,1,1
2020-01-02T03,551.667,629.75,140.5,162.63,26.1,1,1,1,1,1
2020-01-02T04,397.0,552.0,149.3,18.52,37.2,1,1,1,1,1
2020-01-02T05,359.5,500.5,94.775,24.753,19.6,1,1,1,1,1
2020-01-02T06,247.0,346.0,56.35,37.17,6.6,1,1,1,1,1
2020-01-02T12,194.0,278.0,113.9,12.38,6.4,1,1,1,1,1
2020-01-02T13,570.0,691.0,140.0,12.84,16.1,1,1,1,1,1
2020-01-02T15,991.0,1110.0,149.0,56.35,14.7,1,1,1,1,1
2020-01-02T16,923.0,,148.8,43.385,17.35,1,0,1,1,1
2020-01-02T17,957.5,1018.0,123.3,26.32,13.5,1,1,1,1,1
2020-01-02T19,803.0,934.0,113.1,23.44,20.6,1,1,1,1,1
2020-01-02T23,461.0,522.0,,124.15,10.7,1,1,0,1,1
2020-01-03T00,436.0,488.0,,25.185,11.3,1,1,0,1,1
2020-01-03T01,482.5,540.0,66.5,16.995,11.5,1,1,1,1,1
2020-01-03T02,487.0,571.0,126.6,295.31,20.4,1,1,1,1,1
2020-01-03T03,487.0,571.0,146.4,,48.1,1,1,1,0,1
2020-01-03T04,382.0,489.0,46.8,16.54,51.0,1,1,1,1,1
2020-01-03T06,46.0,83.25,28.975,35.62,11.35,1,1,1,1,1
2020-01-03T07,52.0,102.0,26.85,44.67,13.3,1,1,1,1,1
2020-01-03T08,41.0,80.0,24.3,55.62,10.0,1,1,1,1,1
2020-01-03T09,40.0,78.0,22.6,53.82,9.1,1,1,1,1,1
2020-01-03T10,32.0,67.0,31.4,43.94,16.4,1,1,1,1,1
2020-01-03T11,32.0,67.0,55.1,22.62,16.6,1,1,1,1,1
2020-01-03T13,84.0,174.0,88.8,6.59,7.4,1,1,1,1,1
2020-01-04T04,334.0,398.0,125.1,14.84,29.7,1,1,1,1,1
2020-01-04T05,334.0,398.0,75.4,25.4,21.3,1,1,1,1,1
2020-01-04T08,153.0,216.0,45.0,76.68,13.4,1,1,1,1,1
2020-01-04T10,123.0,188.0,48.95,66.575,8.95,1,1,1,1,1
2020-01-04T11,133.0,213.5,127.05,11.025,8.35,1,1,1,1,1
2020-01-04T13,285.5,396.0,147.0,4.04,10.1,1,1,1,1,1
2020-01-04T22,244.0,302.0,83.1,3.43,12.6,1,1,1,1,1
2020-01-05T04,258.0,306.0,70.3,32.59,17.0,1,1,1,1,1
2020-01-05T09,97.0,161.0,37.1,85.08,12.5,1,1,1,1,1
2020-01-05T12,196.0,276.0,68.7,31.65,11.5,1,1,1,1,1
2020-01-05T14,228.0,305.0,98.1,6.9,10.2,1,1,1,1,1
2020-01-05T15,243.0,316.0,103.4,4.21,9.9,1,1,1,1,1
2020-01-05T17,243.0,317.0,97.3,4.27,9.1,1,1,1,1,1
2020-01-05T20,189.0,243.0,82.1,3.08,10.7,1,1,1,1,1
2020-01-05T21,202.0,259.5,78.8,2.45,10.05,1,1,1,1,1
2020-01-05T22,215.75,269.0,75.725,2.81,9.15,1,1,1,1,1
2020-01-05T23,218.5,265.25,75.675,2.178,9.4,1,1,1,1,1
2020-01-06T00,211.667,254.0,73.633,2.587,10.467,1,1,1,1,1
2020-01-06T01,213.0,254.0,,2.705,,1,1,0,1,0
2020-01-06T02,223.0,283.0,80.2,,12.6,1,1,1,0,1
2020-01-06T03,244.0,370.0,96.2,3.67,15.4,1,1,1,1,1
2020-01-06T07,212.5,341.5,67.25,45.54,16.85,1,1,1,1,1
2020-01-06T08,155.0,241.0,53.9,55.8,21.7,1,1,1,1,1
2020-01-06T09,127.0,191.0,47.4,252.45,28.3,1,1,1,1,1
2020-01-06T10,127.0,191.0,49.4,161.26,26.95,1,1,1,1,1
2020-01-06T11,148.5,194.25,48.65,34.662,21.55,1,1,1,1,1
2020-01-06T12,165.0,205.333,53.1,23.927,21.767,1,1,1,1,1
2020-01-06T13,157.333,195.667,63.367,57.093,20.5,1,1,1,1,1
2020-01-06T14,141.0,176.333,60.367,30.287,13.467,1,1,1,1,1
2020-01-06T15,114.0,141.667,65.333,17.12,10.467,1,1,1,1,1
2020-01-06T17,117.0,143.0,51.65,24.42,9.5,1,1,1,1,1
2020-01-06T18,100.333,131.5,59.467,12.74,25.067,1,1,1,1,1
2020-01-06T19,107.0,140.0,45.233,18.36,21.667,1,1,1,1,1
2020-01-06T20,106.0,134.0,49.4,8.35,14.2,1,1,1,1,1
2020-01-06T21,103.75,116.667,43.725,16.675,14.825,1,1,1,1,1
2020-01-06T22,87.667,94.667,36.0,21.083,14.267,1,1,1,1,1
2020-01-07T00,140.333,170.333,48.867,9.557,15.3,1,1,1,1,1
2020-01-07T01,165.0,191.0,,7.06,,1,1,0,1,0
2020-01-07T02,182.0,226.0,53.325,8.33,26.625,1,1,1,1,1
2020-01-07T03,126.0,177.0,49.8,14.23,18.2,1,1,1,1,1
2020-01-07T04,153.0,207.0,58.3,22.85,24.3,1,1,1,1,1
2020-01-07T05,155.0,209.75,62.475,23.907,26.95,1,1,1,1,1
2020-01-07T06,167.0,224.333,65.967,17.377,18.9,1,1,1,1,1
2020-01-07T07,186.5,238.0,91.225,8.547,12.45,1,1,1,1,1
2020-01-07T08,211.0,243.667,71.133,24.153,24.0,1,1,1,1,1
2020-01-07T09,198.0,232.667,59.9,30.58,24.733,1,1,1,1,1
2020-01-07T10,151.333,189.667,39.1,40.203,22.233,1,1,1,1,1
2020-01-07T11,148.75,188.0,64.3,14.505,16.4,1,1,1,1,1
2020-01-07T12,214.5,244.0,70.675,6.23,15.85,1,1,1,1,1
2020-01-07T13,203.333,237.0,64.3,5.477,31.467,1,1,1,1,1
2020-01-07T14,196.0,229.0,59.9,7.665,17.15,1,1,1,1,1
2020-01-07T15,167.0,190.5,41.975,12.898,11.225,1,1,1,1,1
2020-01-07T16,148.0,173.75,45.775,7.585,9.6,1,1,1,1,1
2020-01-07T17,155.0,179.75,49.95,8.86,9.2,1,1,1,1,1
2020-01-07T18,150.333,163.333,31.333,18.287,9.2,1,1,1,1,1
2020-01-07T19,135.25,142.5,34.65,13.37,8.275,1,1,1,1,1
2020-01-07T20,128.0,133.333,40.233,8.957,7.667,1,1,1,1,1
2020-01-07T22,116.0,129.0,82.45,121.03,7.3,1,1,1,1,1
2020-01-07T23,,,53.4,120.89,4.5,0,0,1,1,1
2020-01-08T00,188.0,196.0,51.85,251.44,8.7,1,1,1,1,1
2020-01-08T01,182.5,187.5,58.6,93.68,10.2,1,1,1,1,1
2020-01-08T02,167.0,171.0,56.0,6.12,9.6,1,1,1,1,1
2020-01-08T03,169.0,172.0,52.7,40.0,8.6,1,1,1,1,1
2020-01-08T05,198.0,200.0,57.2,6.0,21.8,1,1,1,1,1
2020-01-08T06,198.0,200.0,42.9,16.68,17.6,1,1,1,1,1
2020-01-08T07,163.5,169.5,51.15,11.33,11.35,1,1,1,1,1
2020-01-08T08,165.0,171.0,73.933,5.683,10.333,1,1,1,1,1
2020-01-08T09,182.0,184.0,51.9,8.96,7.8,1,1,1,1,1
2020-01-08T10,182.5,193.5,59.55,7.37,7.65,1,1,1,1,1
2020-01-08T11,200.5,213.25,71.775,9.633,8.6,1,1,1,1,1
2020-01-08T12,224.0,230.667,66.775,9.605,8.4,1,1,1,1,1
2020-01-08T13,209.0,223.75,56.875,5.56,7.175,1,1,1,1,1
2020-01-08T14,199.25,202.0,56.55,3.295,6.45,1,1,1,1,1
2020-01-09T08,105.5,150.0,41.3,50.12,8.0,1,1,1,1,1
2020-01-09T09,102.0,150.0,42.55,51.38,8.0,1,1,1,1,1
2020-01-09T10,91.667,132.667,43.633,43.74,7.633,1,1,1,1,1
2020-01-09T11,88.667,135.0,51.833,26.993,7.467,1,1,1,1,1
2020-01-09T12,118.25,156.0,82.025,4.815,7.675,1,1,1,1,1
2020-01-09T13,184.0,215.5,88.15,4.07,7.9,1,1,1,1,1
2020-01-09T14,179.0,222.333,82.8,4.017,7.133,1,1,1,1,1
2020-01-09T15,167.25,205.25,78.925,3.22,6.9,1,1,1,1,1
2020-01-09T16,158.333,204.333,74.5,2.457,7.433,1,1,1,1,1
2020-01-09T17,163.0,213.0,67.267,2.657,8.3,1,1,1,1,1
2020-01-09T18,196.333,250.0,62.033,3.62,6.733,1,1,1,1,1
2020-01-09T19,189.0,252.0,66.1,3.097,5.833,1,1,1,1,1
2020-01-09T20,156.0,204.0,52.2,3.16,5.2,1,1,1,1,1
2020-01-09T21,139.0,176.0,53.775,2.953,4.95,1,1,1,1,1
2020-01-09T23,111.0,145.0,48.3,4.45,3.9,1,1,1,1,1
2020-01-10T00,102.5,146.5,49.35,4.045,4.35,1,1,1,1,1
2020-01-10T01,114.0,163.5,58.5,3.58,6.2,1,1,1,1,1
2020-01-10T02,123.0,177.0,60.3,,6.1,1,1,1,0,1
2020-01-10T03,149.0,196.0,69.4,16.49,5.35,1,1,1,1,1
2020-01-10T04,155.0,190.0,45.8,45.86,8.4,1,1,1,1,1
2020-01-10T06,161.333,211.0,56.067,67.25,13.533,1,1,1,1,1
2020-01-10T07,164.0,221.0,68.35,75.41,12.3,1,1,1,1,1
2020-01-10T08,161.333,237.333,57.433,79.447,10.1,1,1,1,1,1
2020-01-10T09,132.0,200.0,47.2,86.95,9.2,1,1,1,1,1
2020-01-10T10,135.0,184.0,48.1,78.78,8.4,1,1,1,1,1
2020-01-10T11,121.0,175.0,75.833,40.323,8.733,1,1,1,1,1
2020-01-10T12,139.333,216.333,125.1,2.68,8.467,1,1,1,1,1
2020-01-10T13,164.0,249.0,118.533,2.65,9.567,1,1,1,1,1
2020-01-10T14,218.5,339.5,128.85,3.59,9.45,1,1,1,1,1
2020-01-10T15,243.0,367.0,113.133,3.297,10.4,1,1,1,1,1
2020-01-10T16,261.0,387.0,117.0,3.747,10.867,1,1,1,1,1
2020-01-10T17,242.333,346.333,104.233,3.783,11.85,1,1,1,1,1
2020-01-10T18,211.0,298.0,104.934,3.579,11.216,2,2,2,2,2
2020-01-10T19,191.0,263.0,99.6,2.887,9.9,1,1,1,1,1
2020-01-10T21,134.0,179.0,87.833,2.817,10.8,1,1,1,1,1
2020-01-10T22,140.5,180.0,81.95,3.555,9.8,1,1,1,1,1
2020-01-10T23,142.0,182.0,78.15,3.15,7.35,1,1,1,1,1
2020-01-11T00,148.0,188.0,80.8,2.62,7.933,1,1,1,1,1
2020-01-11T01,158.0,200.0,,3.227,,1,1,0,1,0
2020-01-11T02,171.0,234.0,88.3,,10.95,1,1,1,0,1
2020-01-11T04,196.0,279.0,91.3,14.27,15.6,1,1,1,1,1
2020-01-11T06,128.25,191.0,54.3,81.727,10.475,1,1,1,1,1
2020-01-11T07,90.667,149.333,51.133,96.42,7.4,1,1,1,1,1
2020-01-11T08,81.0,145.5,49.6,110.04,7.425,1,1,1,1,1
2020-01-11T09,84.0,145.0,53.6,109.54,7.2,1,1,1,1,1
2020-01-11T10,84.0,145.0,59.95,103.98,8.15,1,1,1,1,1
2020-01-11T11,95.0,171.0,76.5,77.73,5.7,1,1,1,1,1
2020-01-11T12,194.5,307.5,154.35,6.07,8.9,1,1,1,1,1
2020-01-11T13,204.25,314.25,146.75,2.728,7.75,1,1,1,1,1
2020-01-11T14,189.0,286.0,141.425,2.26,7.275,1,1,1,1,1
2020-01-11T15,230.0,346.25,138.375,3.782,9.475,1,1,1,1,1
2020-01-11T16,327.25,489.25,138.425,6.312,,1,1,1,1,0
2020-01-11T17,380.0,562.75,128.075,6.545,,1,1,1,1,0
2020-01-11T18,366.0,553.667,126.85,7.004,,2,2,2,2,0
2020-01-11T19,369.25,544.5,126.1,6.253,,1,1,1,1,0
2020-01-11T20,364.0,552.0,124.1,6.08,,1,1,1,1,0
2020-01-11T21,345.0,473.0,101.2,5.96,,1,1,1,1,0
2020-01-11T22,279.0,373.0,98.0,5.83,,1,1,1,1,0
2020-01-11T23,254.0,335.0,86.75,4.92,,1,1,1,1,0
2020-01-12T00,,310.0,71.4,4.17,,0,1,1,1,0
2020-01-12T01,321.0,389.0,83.9,4.47,,1,1,1,1,0
2020-01-12T02,357.0,422.0,80.9,,,1,1,1,0,0
2020-01-12T03,349.25,429.0,117.5,6.845,,1,1,1,1,0
2020-01-12T04,270.75,334.0,109.15,16.297,,1,1,1,1,0
2020-01-12T05,200.5,254.25,93.35,39.352,,1,1,1,1,0
2020-01-12T06,159.0,217.75,76.975,68.265,,1,1,1,1,0
2020-01-12T07,134.75,193.0,61.625,80.69,,1,1,1,1,0
2020-01-12T08,100.5,158.25,56.2,100.05,,1,1,1,1,0
2020-01-12T09,108.5,162.5,58.4,105.77,,1,1,1,1,0
2020-01-12T10,110.0,170.0,67.533,86.0,,1,1,1,1,0
2020-01-12T11,123.0,210.5,114.225,37.6,,1,1,1,1,0
2020-01-12T12,167.25,304.25,142.325,6.225,,1,1,1,1,0
2020-01-12T13,228.0,380.667,154.033,5.26,,1,1,1,1,0
2020-01-12T14,318.0,484.0,154.7,5.383,,1,1,1,1,0
2020-01-12T15,432.0,607.75,147.25,7.637,,1,1,1,1,0
2020-01-12T16,580.0,775.5,137.5,38.84,,1,1,1,1,0
2020-01-12T17,561.333,728.0,,136.023,,1,1,0,1,0
2020-01-12T18,464.0,630.0,,64.845,,2,2,0,2,0
2020-01-12T19,343.0,440.0,,60.75,,1,1,0,1,0
2020-01-12T20,408.0,515.0,,13.48,,1,1,0,1,0
2020-01-12T21,389.75,486.25,,11.433,,1,1,0,1,0
2020-01-12T22,384.25,459.75,,8.662,,1,1,0,1,0
2020-01-12T23,363.5,423.5,,5.002,,1,1,0,1,0
2020-01-13T00,344.0,398.0,,3.493,,1,1,0,1,0
2020-01-13T01,261.5,328.0,94.7,3.203,,1,1,1,1,0
2020-01-13T02,233.75,307.25,86.375,23.07,,1,1,1,1,0
2020-01-13T03,218.0,299.0,54.7,27.085,,1,1,1,1,0
2020-01-13T04,203.0,269.0,58.65,36.575,,1,1,1,1,0
2020-01-13T05,194.0,246.5,54.25,51.335,,1,1,1,1,0
2020-01-13T06,191.0,237.0,48.4,62.78,,1,1,1,1,0
2020-01-13T07,161.0,216.0,49.6,64.01,,1,1,1,1,0
2020-01-13T08,145.0,208.0,48.4,65.17,,1,1,1,1,0
2020-01-13T09,164.667,228.667,50.967,68.9,,1,1,1,1,0
2020-01-13T10,160.0,222.0,60.1,50.08,,1,1,1,1,0
2020-01-13T11,180.0,248.333,59.2,29.967,,1,1,1,1,0
2020-01-13T12,202.0,267.0,,5.98,,1,1,0,1,0
2020-01-13T13,254.0,329.0,,2.7,,1,1,0,1,0
2020-01-13T14,309.0,394.0,,2.35,,1,1,0,1,0
2020-01-13T15,372.0,433.0,,3.365,,1,1,0,1,0
2020-01-13T17,335.0,383.0,,35.045,,1,1,0,1,0
2020-01-13T18,356.0,406.0,,55.416,,2,2,0,2,0
2020-01-13T19,292.0,333.0,,3.31,,1,1,0,1,0
2020-01-13T20,281.0,321.75,,7.21,,1,1,0,1,0
2020-01-13T21,248.0,282.0,,4.037,,1,1,0,1,0
2020-01-13T22,180.0,208.0,,3.795,,1,1,0,1,0
2020-01-13T23,140.0,162.0,,6.76,,1,1,0,1,0
2020-01-14T00,101.0,111.0,,8.08,,1,1,0,1,0
2020-01-14T03,132.5,161.0,38.05,9.13,,1,1,1,1,0
2020-01-14T04,120.5,151.0,35.2,17.865,,1,1,1,1,0
2020-01-14T05,117.5,149.5,35.2,31.172,,1,1,1,1,0
2020-01-14T06,137.25,174.25,43.775,34.243,,1,1,1,1,0
2020-01-14T07,177.5,222.0,50.375,40.885,,1,1,1,1,0
2020-01-14T08,188.0,237.0,56.0,54.38,,1,1,1,1,0
2020-01-14T09,208.5,271.0,44.775,72.31,,1,1,1,1,0
2020-01-14T10,162.0,211.0,38.9,71.3,,1,1,1,1,0
2020-01-14T11,128.0,164.0,44.6,51.35,,1,1,1,1,0
2020-01-14T12,143.0,204.333,75.833,13.93,,1,1,1,1,0
2020-01-14T13,152.0,219.0,81.5,6.245,,1,1,1,1,0
2020-01-14T14,147.5,213.75,83.65,4.272,,1,1,1,1,0
2020-01-14T15,144.0,200.333,75.7,5.227,,1,1,1,1,0
2020-01-14T16,133.0,189.75,73.575,3.917,,1,1,1,1,0
2020-01-14T17,123.5,173.75,68.025,3.908,,1,1,1,1,0
2020-01-14T18,104.0,155.0,62.075,4.84,,2,2,2,2,0
2020-01-14T19,86.25,123.0,70.3,2.77,,1,1,1,1,0
2020-01-14T20,87.0,130.5,70.575,3.907,,1,1,1,1,0
2020-01-14T21,77.25,114.5,52.125,11.81,,1,1,1,1,0
2020-01-14T22,78.25,108.0,38.65,16.608,,1,1,1,1,0
2020-01-14T23,88.0,111.0,41.4,11.27,,1,1,1,1,0
2020-01-15T00,95.75,120.0,49.8,9.207,,1,1,1,1,0
2020-01-15T01,93.25,125.25,68.5,3.995,,1,1,1,1,0
2020-01-15T02,109.0,157.0,67.625,6.8,,1,1,1,1,0
2020-01-15T03,125.5,185.5,72.2,11.975,,1,1,1,1,0
2020-01-15T04,146.0,207.5,65.45,31.535,,1,1,1,1,0
2020-01-15T05,144.0,212.667,57.267,59.52,,1,1,1,1,0
2020-01-15T07,158.0,241.333,53.6,101.763,14.7,1,1,1,1,1
2020-01-15T08,156.0,238.0,49.2,99.85,16.667,1,1,1,1,1
2020-01-15T09,160.0,246.0,49.9,88.0,18.5,1,1,1,1,1
2020-01-15T11,122.0,178.0,50.8,61.37,10.7,1,1,1,1,1
2020-01-15T12,147.5,224.0,81.95,14.835,10.05,1,1,1,1,1
2020-01-15T14,178.667,241.0,90.867,4.593,9.167,1,1,1,1,1
2020-01-15T15,194.0,275.5,82.525,5.28,9.475,1,1,1,1,1
2020-01-15T16,182.667,253.333,66.867,8.52,11.633,1,1,1,1,1
2020-01-15T17,162.5,217.75,70.25,2.473,18.933,1,1,1,1,1
2020-01-15T18,170.0,217.0,66.45,6.043,14.775,2,2,2,2,2
2020-01-15T19,152.25,195.0,62.175,5.713,11.925,1,1,1,1,1
2020-01-15T20,139.75,184.0,70.525,4.96,11.175,1,1,1,1,1
2020-01-15T21,124.5,164.75,60.625,5.732,9.775,1,1,1,1,1
2020-01-15T22,122.667,159.333,59.2,11.457,9.567,1,1,1,1,1
2020-01-15T23,134.5,174.0,60.475,16.558,8.975,1,1,1,1,1
2020-01-16T00,136.75,175.0,61.875,11.385,10.05,1,1,1,1,1
2020-01-16T01,145.25,191.5,63.6,7.343,11.2,1,1,1,1,1
2020-01-16T02,176.25,246.5,60.125,13.13,13.425,1,1,1,1,1
2020-01-16T03,213.0,290.0,79.0,10.65,14.7,1,1,1,1,1
2020-01-16T05,160.0,224.0,71.5,49.65,17.3,1,1,1,1,1
2020-01-16T06,160.0,224.0,77.3,23.17,13.2,1,1,1,1,1
2020-01-16T07,170.75,212.75,79.625,34.648,14.35,1,1,1,1,1
2020-01-16T08,175.0,207.5,67.15,25.385,9.6,1,1,1,1,1
2020-01-16T09,165.75,187.5,73.625,16.595,8.525,1,1,1,1,1
2020-01-16T10,172.25,196.0,76.2,11.912,7.925,1,1,1,1,1
2020-01-16T11,177.0,213.667,68.633,7.467,8.7,1,1,1,1,1
2020-01-16T12,174.333,204.0,73.733,3.503,9.433,1,1,1,1,1
2020-01-16T13,214.75,250.5,74.075,3.223,9.725,1,1,1,1,1
2020-01-16T14,267.0,311.667,72.8,3.3,10.7,1,1,1,1,1
2020-01-16T15,285.0,329.25,68.85,3.768,10.875,1,1,1,1,1
2020-01-16T16,261.75,299.75,63.35,52.585,11.85,1,1,1,1,1
2020-01-16T17,193.0,221.0,51.375,14.155,9.633,1,1,1,1,1
2020-01-16T18,62.0,70.5,38.9,125.39,7.9,2,2,2,2,2
2020-01-16T19,36.75,45.75,39.55,94.24,8.6,1,1,1,1,1
2020-01-16T20,39.0,45.0,34.1,16.505,4.55,1,1,1,1,1
2020-01-16T21,48.5,56.25,41.625,141.518,4.825,1,1,1,1,1
2020-01-16T22,55.0,60.0,49.6,7.543,4.067,1,1,1,1,1
2020-01-16T23,59.25,66.5,49.175,2.58,3.3,1,1,1,1,1
2020-01-17T00,67.0,75.0,52.45,3.232,3.05,1,1,1,1,1
2020-01-17T01,95.5,107.75,53.0,2.71,3.9,1,1,1,1,1
2020-01-17T02,118.333,147.0,52.5,5.74,4.467,1,1,1,1,1
2020-01-17T03,121.0,156.5,56.65,5.64,3.6,1,1,1,1,1
2020-01-17T04,127.5,159.0,62.475,14.775,5.85,1,1,1,1,1
2020-01-17T05,126.0,149.667,58.0,24.997,6.867,1,1,1,1,1
2020-01-17T06,123.25,147.25,52.275,32.127,7.725,1,1,1,1,1
2020-01-17T07,136.0,167.333,57.5,41.267,7.15,1,1,1,1,1
2020-01-17T08,145.0,182.0,48.567,49.9,7.7,1,1,1,1,1
2020-01-17T09,115.25,149.25,44.725,42.085,5.475,1,1,1,1,1
2020-01-17T10,107.0,141.0,48.2,30.925,5.25,1,1,1,1,1
2020-01-17T11,102.5,142.5,63.875,15.56,4.225,1,1,1,1,1
2020-01-17T12,122.0,171.0,73.8,4.175,4.6,1,1,1,1,1
2020-01-17T13,175.0,240.25,85.325,4.86,6.1,1,1,1,1,1
2020-01-17T14,181.0,271.0,81.433,3.6,7.267,1,1,1,1,1
2020-01-17T15,188.25,293.25,78.125,3.812,7.475,1,1,1,1,1
2020-01-17T16,216.0,292.333,66.633,3.327,6.067,1,1,1,1,1
2020-01-17T17,204.0,253.5,59.1,30.892,7.9,1,1,1,1,1
2020-01-17T18,132.333,184.0,,6.837,40.933,1,1,0,1,1
2020-01-17T19,133.0,192.667,,98.13,28.6,1,1,0,1,1
2020-01-17T20,131.5,203.75,,32.763,14.075,1,1,0,1,1
2020-01-17T21,127.0,197.0,,5.668,9.25,1,1,0,1,1
2020-01-17T22,154.5,218.25,,3.462,8.075,1,1,0,1,1
2020-01-17T23,130.75,179.0,,2.907,6.9,1,1,0,1,1
2020-01-18T00,105.75,161.25,,2.603,5.75,1,1,0,1,1
2020-01-18T01,94.333,138.667,58.5,2.733,5.2,1,1,1,1,1
2020-01-18T02,96.0,137.75,57.4,8.47,5.775,1,1,1,1,1
2020-01-18T03,121.333,179.5,59.825,8.665,6.325,1,1,1,1,1
2020-01-18T04,142.0,217.0,68.45,5.3,6.9,1,1,1,1,1
2020-01-18T05,138.0,178.0,81.9,6.08,7.4,1,1,1,1,1
2020-01-18T07,231.0,317.0,126.1,48.39,13.3,1,1,1,1,1
2020-01-18T08,202.0,272.0,77.1,70.865,11.2,1,1,1,1,1
2020-01-18T09,197.0,266.0,74.767,88.49,10.5,1,1,1,1,1
2020-01-18T10,199.75,277.5,71.825,82.942,10.0,1,1,1,1,1
2020-01-18T11,171.5,253.25,83.225,44.352,8.575,1,1,1,1,1
2020-01-18T12,206.75,294.25,105.225,4.94,9.65,1,1,1,1,1
2020-01-18T13,217.25,308.25,105.325,3.245,10.875,1,1,1,1,1
2020-01-18T14,243.0,340.0,102.133,3.26,11.7,1,1,1,1,1
2020-01-18T15,249.0,341.333,90.533,4.157,10.633,1,1,1,1,1
2020-01-18T16,248.5,325.75,71.875,4.058,8.975,1,1,1,1,1
2020-01-18T17,219.25,279.5,60.5,3.997,8.667,1,1,1,1,1
2020-01-18T18,203.0,264.333,,2.567,7.1,1,1,0,1,1
2020-01-18T19,194.5,252.75,,2.103,6.3,1,1,0,1,1
2020-01-18T20,189.333,237.0,,2.395,5.725,1,1,0,1,1
2020-01-18T21,168.25,219.75,,2.24,5.575,1,1,0,1,1
2020-01-18T22,162.0,215.0,,3.54,5.2,1,1,0,1,1
2020-01-18T23,150.25,183.75,,7.933,4.775,1,1,0,1,1
2020-01-19T00,118.75,143.75,,16.345,4.85,1,1,0,1,1
2020-01-19T01,118.667,132.0,43.9,20.167,5.0,1,1,1,1,1
2020-01-19T02,161.5,175.5,44.05,30.38,5.775,1,1,1,1,1
2020-01-19T03,191.75,208.0,40.3,35.315,5.1,1,1,1,1,1
2020-01-19T04,177.0,199.75,38.225,43.657,6.325,1,1,1,1,1
2020-01-19T05,167.5,193.0,44.375,53.41,7.825,1,1,1,1,1
2020-01-19T06,158.667,199.0,51.267,70.983,8.9,1,1,1,1,1
2020-01-19T07,158.333,210.667,53.233,82.9,9.133,1,1,1,1,1
2020-01-19T08,147.25,205.0,48.425,85.043,8.1,1,1,1,1,1
2020-01-19T09,136.333,195.333,48.233,75.82,7.3,1,1,1,1,1
2020-01-19T10,136.0,205.0,46.05,60.19,6.95,1,1,1,1,1
2020-01-19T11,135.75,204.0,51.95,32.752,6.225,1,1,1,1,1
2020-01-19T12,148.75,213.5,71.025,7.498,5.875,1,1,1,1,1
2020-01-19T13,168.0,229.0,68.4,3.69,5.675,1,1,1,1,1
2020-01-19T14,187.5,248.0,66.1,2.257,5.65,1,1,1,1,1
2020-01-19T15,199.75,256.25,59.625,2.192,5.425,1,1,1,1,1
2020-01-19T16,198.0,249.25,55.225,1.935,5.625,1,1,1,1,1
2020-01-19T17,196.5,254.0,54.7,2.52,5.467,1,1,1,1,1
2020-01-19T18,170.666,226.334,52.7,2.308,5.566,2,2,2,2,2
2020-01-19T19,144.25,195.0,43.4,9.605,5.375,1,1,1,1,1
2020-01-19T20,112.333,156.667,46.9,9.817,2.767,1,1,1,1,1
2020-01-19T21,103.0,155.333,55.167,11.86,1.067,1,1,1,1,1
2020-01-19T22,95.0,150.0,72.5,11.403,0.8,1,1,1,1,1
2020-01-19T23,104.0,153.0,72.6,10.535,,1,1,1,1,0
2020-01-20T00,122.0,174.0,70.5,12.62,0.8,1,1,1,1,1
2020-01-20T01,127.5,181.75,46.1,13.628,3.2,1,1,1,1,1
2020-01-20T02,147.0,205.25,48.525,9.47,3.65,1,1,1,1,1
2020-01-20T03,155.75,211.25,52.85,11.357,4.85,1,1,1,1,1
2020-01-20T04,172.5,232.25,55.025,17.915,4.175,1,1,1,1,1
2020-01-20T05,198.75,248.0,54.7,32.4,1.775,1,1,1,1,1
2020-01-20T06,201.0,248.0,61.1,41.255,1.2,1,1,1,1,1
2020-01-20T07,203.0,258.0,74.433,50.22,0.933,1,1,1,1,1
2020-01-20T08,211.0,274.0,70.5,52.86,,1,1,1,1,0
2020-01-20T09,203.0,274.0,85.15,33.245,2.3,1,1,1,1,1
2020-01-20T10,190.75,262.0,91.45,15.492,2.625,1,1,1,1,1
2020-01-20T11,181.5,246.667,87.2,6.077,3.0,1,1,1,1,1
2020-01-20T12,197.25,273.5,86.075,4.298,4.025,1,1,1,1,1
2020-01-20T13,254.0,368.667,93.5,3.063,5.667,1,1,1,1,1
2020-01-20T14,257.75,377.75,,2.752,5.325,1,1,0,1,1
2020-01-20T15,264.75,373.25,,3.07,6.35,1,1,0,1,1
2020-01-20T16,271.667,335.0,,2.88,6.7,1,1,0,1,1
2020-01-20T17,232.333,320.0,,2.537,5.3,1,1,0,1,1
2020-01-20T18,214.334,283.0,,2.043,4.65,2,2,0,2,2
2020-01-20T19,202.0,266.0,,2.442,5.725,1,1,0,1,1
2020-01-20T20,250.5,352.0,,2.175,7.6,1,1,0,1,1
2020-01-20T21,284.25,399.0,,1.995,6.975,1,1,0,1,1
2020-01-20T22,248.0,348.0,,2.213,6.0,1,1,0,1,1
2020-01-20T23,252.25,347.5,,2.355,7.075,1,1,0,1,1
2020-01-21T00,249.667,346.0,,2.85,7.0,1,1,0,1,1
2020-01-21T01,255.0,346.0,,2.87,,1,1,0,1,0
2020-01-21T07,,,,62.05,,0,0,0,1,0
2020-01-21T08,,,48.5,67.1,14.0,0,0,1,1,1
2020-01-21T09,194.0,,46.1,80.135,15.55,1,0,1,1,1
2020-01-21T10,220.5,,50.033,61.223,16.333,1,0,1,1,1
2020-01-21T11,201.5,,59.625,45.485,15.35,1,0,1,1,1
2020-01-21T12,230.0,,69.4,21.68,11.5,1,0,1,1,1
2020-01-21T13,257.0,,,7.773,12.067,1,0,0,1,1
2020-01-21T14,287.667,,,3.38,13.167,1,0,0,1,1
2020-01-21T15,313.0,,,3.985,12.75,1,0,0,1,1
2020-01-21T16,352.0,,,5.76,14.15,1,0,0,1,1
2020-01-21T17,379.667,,,7.773,15.6,1,0,0,1,1
2020-01-21T18,390.5,,,8.139,11.966,2,0,0,2,2
2020-01-21T19,366.25,,,5.91,10.875,1,0,0,1,1
2020-01-21T20,301.0,,,60.705,17.45,1,0,0,1,1
2020-01-21T21,303.25,,,58.065,17.825,1,0,0,1,1
2020-01-21T22,311.25,,,12.498,12.6,1,0,0,1,1
2020-01-21T23,335.0,,,6.508,10.5,1,0,0,1,1
2020-01-22T00,257.5,,,2.905,6.95,1,0,0,1,1
2020-01-22T01,173.75,,66.4,3.083,5.3,1,0,1,1,1
2020-01-22T02,202.25,,74.475,7.04,5.975,1,0,1,1,1
2020-01-22T03,255.0,,77.2,6.025,5.55,1,0,1,1,1
2020-01-22T04,288.75,,,11.668,6.6,1,0,0,1,1
2020-01-22T05,301.0,,,31.567,8.9,1,0,0,1,1
2020-01-22T06,284.5,,,73.64,10.95,1,0,0,1,1
2020-01-22T07,257.667,,,89.56,10.533,1,0,0,1,1
2020-01-22T09,261.0,,81.0,58.07,8.5,1,0,1,1,1
2020-01-22T10,241.0,,75.575,46.542,7.425,1,0,1,1,1
2020-01-22T11,172.0,,83.733,25.407,5.2,1,0,1,1,1
2020-01-22T12,188.333,,98.2,3.413,4.667,1,0,1,1,1
2020-01-22T13,217.0,,96.367,1.843,4.733,1,0,1,1,1
2020-01-22T14,216.25,,97.925,1.62,5.325,1,0,1,1,1
2020-01-22T15,234.0,,94.933,2.123,5.367,1,0,1,1,1
2020-01-22T16,244.0,,86.733,2.373,4.7,1,0,1,1,1
2020-01-22T17,178.0,,80.1,1.873,4.0,1,0,1,1,1
2020-01-22T18,123.0,,77.267,2.157,5.4,1,0,1,1,1
2020-01-22T19,95.0,,66.25,10.66,5.4,1,0,1,1,1
2020-01-22T20,89.0,,39.45,27.795,5.7,1,0,1,1,1
2020-01-22T21,89.5,,37.55,29.91,5.8,1,0,1,1,1
2020-01-22T22,92.5,,36.575,30.595,6.3,1,0,1,1,1
2020-01-22T23,97.0,,38.3,27.6,6.3,1,0,1,1,1
2020-01-23T00,97.75,,56.925,8.392,6.1,1,0,1,1,1
2020-01-23T01,104.0,,69.7,4.06,7.9,1,0,1,1,1
2020-01-23T02,104.0,,63.5,20.21,9.133,1,0,1,1,1
2020-01-23T03,87.333,,51.567,35.397,10.233,1,0,1,1,1
2020-01-23T04,83.667,,45.5,49.213,9.5,1,0,1,1,1
2020-01-23T05,79.0,,39.2,66.725,8.8,1,0,1,1,1
2020-01-23T06,53.0,,30.067,77.963,6.933,1,0,1,1,1
2020-01-23T07,51.333,,28.2,83.58,6.0,1,0,1,1,1
2020-01-23T08,29.75,,32.35,88.102,5.8,1,0,1,1,1
2020-01-23T09,32.333,,29.6,93.733,4.867,1,0,1,1,1
2020-01-23T10,27.0,,30.3,93.02,5.4,1,0,1,1,1
2020-01-23T11,43.0,,51.2,62.395,6.35,1,0,1,1,1
2020-01-23T12,54.75,,74.45,37.087,7.2,1,0,1,1,1
2020-01-23T13,84.0,,93.925,16.39,7.225,1,0,1,1,1
2020-01-23T14,97.5,,94.375,11.232,7.15,1,0,1,1,1
2020-01-23T15,115.0,,101.0,4.163,7.9,1,0,1,1,1
2020-01-23T16,120.75,,91.75,6.095,8.1,1,0,1,1,1
2020-01-23T17,111.75,,84.75,8.223,7.633,1,0,1,1,1
2020-01-23T18,105.0,,80.425,9.168,7.375,2,0,2,2,2
2020-01-23T19,87.75,,73.5,21.858,7.25,1,0,1,1,1
2020-01-23T20,72.0,,49.175,35.145,6.375,1,0,1,1,1
2020-01-23T21,79.5,,43.175,32.422,6.225,1,0,1,1,1
2020-01-23T22,76.5,,43.45,27.1,6.1,1,0,1,1,1
2020-01-23T23,81.0,,47.5,20.567,6.167,1,0,1,1,1
2020-01-24T00,80.25,,54.05,12.842,6.425,1,0,1,1,1
2020-01-24T01,81.0,,74.4,7.05,8.5,1,0,1,1,1
2020-01-24T02,94.75,,75.525,17.037,10.075,1,0,1,1,1
2020-01-24T03,109.0,,66.95,32.945,11.0,1,0,1,1,1
2020-01-24T04,78.667,,58.167,54.023,11.1,1,0,1,1,1
2020-01-24T05,75.333,,50.033,74.467,10.833,1,0,1,1,1
2020-01-24T06,74.0,,43.833,88.86,9.9,1,0,1,1,1
2020-01-24T07,61.5,,43.075,105.76,10.1,1,0,1,1,1
2020-01-24T08,63.0,,39.65,115.905,9.5,1,0,1,1,1
2020-01-24T09,51.0,,44.4,108.45,13.2,1,0,1,1,1
2020-01-24T10,69.5,751.0,48.733,109.823,7.9,1,1,1,1,1
2020-01-24T11,57.0,622.75,56.6,87.635,8.65,1,1,1,1,1
2020-01-24T12,65.333,210.333,105.8,20.847,8.967,1,1,1,1,1
2020-01-24T13,83.5,166.0,124.75,4.447,9.55,1,1,1,1,1
2020-01-24T14,117.0,213.25,125.6,2.117,11.175,1,1,1,1,1
2020-01-24T15,160.333,263.0,122.667,2.323,13.1,1,1,1,1,1
2020-01-24T16,177.75,279.5,126.275,1.815,13.4,1,1,1,1,1
2020-01-24T17,162.75,276.25,118.35,1.993,11.367,1,1,1,1,1
2020-01-24T18,147.0,244.0,110.7,2.1,9.55,1,1,1,1,1
2020-01-24T19,160.0,245.75,106.175,2.415,10.8,1,1,1,1,1
2020-01-24T20,185.333,266.667,99.875,2.715,11.175,1,1,1,1,1
2020-01-24T21,202.5,268.25,95.425,2.02,10.125,1,1,1,1,1
2020-01-24T22,186.75,239.333,87.85,2.2,9.825,1,1,1,1,1
2020-01-24T23,162.333,208.333,88.033,1.933,8.2,1,1,1,1,1
2020-01-25T00,142.75,189.25,80.95,1.9,7.575,1,1,1,1,1
2020-01-25T01,143.0,191.0,93.1,2.268,9.4,1,1,1,1,1
2020-01-25T02,173.0,244.25,101.9,3.8,12.9,1,1,1,1,1
2020-01-25T03,186.5,265.0,103.8,8.343,14.6,1,1,1,1,1
2020-01-25T04,149.667,198.333,99.433,25.48,15.6,1,1,1,1,1
2020-01-25T05,153.25,202.25,98.1,65.86,17.133,1,1,1,1,1
2020-01-25T06,138.0,210.5,,92.315,,1,1,0,1,0
2020-01-25T07,115.0,175.333,61.95,,9.8,1,1,1,0,1
2020-01-25T08,89.25,148.25,54.475,146.817,9.05,1,1,1,1,1
2020-01-25T09,74.75,135.75,47.325,139.762,7.9,1,1,1,1,1
2020-01-25T10,71.333,123.0,50.333,124.753,8.6,1,1,1,1,1
2020-01-25T11,85.75,147.25,59.425,94.812,9.95,1,1,1,1,1
2020-01-25T12,102.75,178.5,132.125,15.052,9.975,1,1,1,1,1
2020-01-25T13,154.5,244.0,153.8,2.747,10.775,1,1,1,1,1
2020-01-25T14,219.25,354.0,152.375,3.47,11.425,1,1,1,1,1
2020-01-25T15,280.0,461.0,142.733,4.213,11.867,1,1,1,1,1
2020-01-25T16,322.667,522.667,142.033,4.027,12.967,1,1,1,1,1
2020-01-25T17,336.25,507.0,129.275,2.68,12.067,1,1,1,1,1
2020-01-25T18,305.667,433.5,111.483,2.099,9.966,2,2,2,2,2
2020-01-25T19,335.0,414.5,95.2,2.627,10.325,1,1,1,1,1
2020-01-25T20,348.667,421.333,86.733,2.36,10.7,1,1,1,1,1
2020-01-25T21,340.0,414.0,83.233,2.743,11.5,1,1,1,1,1
2020-01-25T22,358.5,437.5,76.3,9.828,11.475,1,1,1,1,1
2020-01-25T23,418.75,513.75,65.375,4.688,9.3,1,1,1,1,1
2020-01-26T00,334.5,414.25,82.225,6.213,10.225,1,1,1,1,1
2020-01-26T01,353.25,450.25,83.3,3.66,10.5,1,1,1,1,1
2020-01-26T02,322.75,393.0,103.15,4.53,12.525,1,1,1,1,1
2020-01-26T03,319.0,390.0,136.6,5.29,14.6,1,1,1,1,1
2020-01-26T04,312.0,379.0,88.1,33.79,17.4,1,1,1,1,1
2020-01-26T05,162.0,186.0,40.6,87.63,10.3,1,1,1,1,1
2020-01-26T06,148.75,176.25,37.35,102.695,10.05,1,1,1,1,1
2020-01-26T07,102.667,143.0,38.9,122.733,6.533,1,1,1,1,1
2020-01-26T08,89.0,134.75,37.775,121.103,9.675,1,1,1,1,1
2020-01-26T09,85.25,134.5,33.725,124.843,10.75,1,1,1,1,1
2020-01-26T10,85.0,141.667,36.2,113.83,10.833,1,1,1,1,1
2020-01-26T11,90.75,157.0,54.725,76.052,11.025,1,1,1,1,1
2020-01-26T12,105.5,183.25,103.2,23.917,8.925,1,1,1,1,1
2020-01-26T13,158.0,273.0,129.75,3.973,9.575,1,1,1,1,1
2020-01-26T14,227.25,359.0,132.025,2.827,9.15,1,1,1,1,1
2020-01-26T15,223.5,342.5,149.65,3.368,10.3,1,1,1,1,1
2020-01-26T16,243.0,366.25,134.65,3.315,10.1,1,1,1,1,1
2020-01-26T17,265.75,375.5,153.2,3.985,11.8,1,1,1,1,1
2020-01-26T18,277.833,382.333,124.867,3.398,9.05,2,2,2,2,2
2020-01-26T19,270.75,341.5,113.075,4.28,9.925,1,1,1,1,1
2020-01-26T20,285.5,366.25,114.75,3.927,10.95,1,1,1,1,1
2020-01-26T21,294.25,370.25,111.65,4.018,10.4,1,1,1,1,1
2020-01-26T22,290.0,361.5,99.575,4.173,10.35,1,1,1,1,1
2020-01-26T23,290.0,359.0,98.75,4.19,10.0,1,1,1,1,1
2020-01-27T00,288.75,366.75,103.0,9.522,14.525,1,1,1,1,1
2020-01-27T01,325.0,421.0,104.5,13.367,14.4,1,1,1,1,1
2020-01-27T02,345.0,474.75,118.05,9.68,17.275,1,1,1,1,1
2020-01-27T03,321.5,491.25,155.1,6.01,18.775,1,1,1,1,1
2020-01-27T04,317.25,471.5,209.5,4.67,20.825,1,1,1,1,1
2020-01-27T05,354.0,527.0,180.467,11.557,25.367,1,1,1,1,1
2020-01-27T09,,,,93.765,,0,0,0,1,0
2020-01-27T10,,,,81.505,27.95,0,0,0,1,1
2020-01-27T11,63.0,158.0,89.9,47.745,27.15,1,1,1,1,1
2020-01-27T12,154.0,260.0,73.9,41.917,11.667,1,1,1,1,1
2020-01-27T13,218.5,289.25,87.825,21.497,9.1,1,1,1,1,1
2020-01-27T14,268.0,329.0,92.633,7.853,11.833,1,1,1,1,1
2020-01-27T15,273.0,330.667,81.6,9.667,12.333,1,1,1,1,1
2020-01-27T16,209.0,268.0,70.2,13.57,13.45,1,1,1,1,1
2020-01-27T17,159.0,201.0,76.533,8.293,13.267,1,1,1,1,1
2020-01-27T18,160.334,209.5,63.483,12.095,19.483,2,2,2,2,2
2020-01-27T19,161.0,187.25,58.725,14.512,10.45,1,1,1,1,1
2020-01-27T20,119.667,143.333,53.633,12.34,10.367,1,1,1,1,1
2020-01-27T21,130.0,140.333,41.025,22.115,10.175,1,1,1,1,1
2020-01-27T22,123.0,136.5,41.6,20.6,12.325,1,1,1,1,1
2020-01-27T23,127.5,144.75,45.925,18.505,10.125,1,1,1,1,1
2020-01-28T00,120.0,133.25,53.15,17.043,10.675,1,1,1,1,1
2020-01-28T01,107.5,116.75,71.5,13.643,13.4,1,1,1,1,1
2020-01-28T02,94.5,108.75,63.625,27.73,21.85,1,1,1,1,1
2020-01-28T03,89.25,108.25,46.55,30.032,14.3,1,1,1,1,1
2020-01-28T04,107.333,128.333,46.2,41.833,18.267,1,1,1,1,1
2020-01-28T05,130.0,149.0,48.0,49.0,20.233,1,1,1,1,1
2020-01-28T06,151.667,182.0,44.6,69.16,22.9,1,1,1,1,1
2020-01-28T07,154.667,188.333,38.533,78.98,30.0,1,1,1,1,1
2020-01-28T08,157.333,192.333,37.833,77.163,20.1,1,1,1,1,1
2020-01-28T09,164.0,199.0,31.9,77.87,14.2,1,1,1,1,1
2020-01-28T10,163.0,189.0,31.45,91.62,13.95,1,1,1,1,1
2020-01-28T11,111.0,162.0,48.9,50.57,13.8,1,1,1,1,1
2020-01-28T12,118.333,167.667,54.8,42.413,11.467,1,1,1,1,1
2020-01-28T13,136.667,179.0,76.133,16.817,10.633,1,1,1,1,1
2020-01-28T14,148.25,177.5,80.425,6.145,9.2,1,1,1,1,1
2020-01-28T15,161.75,174.75,86.875,2.705,10.625,1,1,1,1,1
2020-01-28T16,164.0,180.0,87.0,2.605,9.55,1,1,1,1,1
2020-01-28T17,117.5,126.25,70.7,4.075,8.267,1,1,1,1,1
2020-01-28T18,128.834,138.834,77.233,2.779,8.1,2,2,2,2,2
2020-01-28T19,134.667,154.333,80.2,5.757,6.433,1,1,1,1,1
2020-01-28T20,110.25,127.5,49.375,8.19,5.275,1,1,1,1,1
2020-01-28T21,109.0,123.333,52.933,5.037,5.067,1,1,1,1,1
2020-01-28T22,90.0,108.75,51.45,4.89,4.55,1,1,1,1,1
2020-01-28T23,78.0,96.333,57.567,2.923,4.667,1,1,1,1,1
2020-01-29T00,73.5,95.75,60.05,2.457,4.975,1,1,1,1,1
2020-01-29T01,86.25,117.75,62.6,4.138,7.1,1,1,1,1,1
2020-01-29T02,118.25,147.5,63.1,11.05,9.1,1,1,1,1,1
2020-01-29T03,131.75,158.5,56.05,30.75,11.45,1,1,1,1,1
2020-01-29T04,107.0,133.0,42.5,47.305,15.95,1,1,1,1,1
2020-01-29T05,96.0,121.0,33.75,73.22,20.55,1,1,1,1,1
2020-01-29T06,92.25,118.75,31.1,84.618,13.4,1,1,1,1,1
2020-01-29T07,68.75,98.25,27.025,98.267,9.225,1,1,1,1,1
2020-01-29T08,49.0,82.75,24.925,108.43,8.1,1,1,1,1,1
2020-01-29T09,42.333,76.0,25.533,112.86,6.967,1,1,1,1,1
2020-01-29T10,33.0,71.5,29.0,99.335,5.75,1,1,1,1,1
2020-01-29T11,38.667,87.333,45.533,79.437,6.5,1,1,1,1,1
2020-01-29T12,59.0,131.333,91.133,19.307,7.7,1,1,1,1,1
2020-01-29T13,79.25,174.0,112.425,2.402,8.475,1,1,1,1,1
2020-01-29T14,112.75,212.25,110.15,3.203,8.375,1,1,1,1,1
2020-01-29T15,126.5,225.5,104.2,3.925,8.575,1,1,1,1,1
2020-01-29T16,143.5,243.0,90.75,2.82,8.775,1,1,1,1,1
2020-01-29T17,146.25,239.25,86.6,2.94,9.833,1,1,1,1,1
2020-01-29T18,145.166,237.834,90.267,3.04,8.867,2,2,2,2,2
2020-01-29T19,121.0,197.0,89.0,3.12,8.0,1,1,1,1,1
2020-01-29T23,86.25,120.75,57.325,9.94,8.05,1,1,1,1,1
2020-01-30T00,79.25,116.75,62.95,3.9,10.025,1,1,1,1,1
2020-01-30T01,87.75,134.0,74.2,3.268,9.2,1,1,1,1,1
2020-01-30T02,109.25,178.25,75.5,6.51,10.65,1,1,1,1,1
2020-01-30T03,131.0,230.0,85.467,8.833,14.467,1,1,1,1,1
2020-01-30T04,151.75,226.75,65.425,43.808,16.25,1,1,1,1,1
2020-01-30T05,119.667,168.0,45.733,68.467,12.933,1,1,1,1,1
2020-01-30T06,90.0,139.5,38.3,94.34,9.3,1,1,1,1,1
2020-01-30T07,87.0,143.0,39.025,102.883,9.275,1,1,1,1,1
2020-01-30T08,87.0,140.75,38.5,95.757,8.475,1,1,1,1,1
2020-01-30T09,73.667,119.667,29.367,94.23,6.933,1,1,1,1,1
2020-01-30T12,56.75,116.0,92.1,20.775,6.575,1,1,1,1,1
2020-01-30T13,80.75,160.25,102.1,3.667,7.125,1,1,1,1,1
2020-01-30T14,109.0,200.25,102.225,3.69,8.85,1,1,1,1,1
2020-01-30T15,135.0,225.25,100.525,2.26,9.6,1,1,1,1,1
2020-01-30T16,141.0,244.0,96.233,2.743,9.3,1,1,1,1,1
2020-01-30T17,133.0,217.0,91.2,5.16,8.467,1,1,1,1,1
2020-01-30T18,122.0,200.5,87.85,6.115,8.425,2,2,2,2,2
2020-01-30T19,113.667,184.667,83.0,2.077,7.8,1,1,1,1,1
2020-01-30T20,110.333,167.0,73.95,1.91,6.525,1,1,1,1,1
2020-01-30T21,107.667,154.667,75.175,2.49,7.15,1,1,1,1,1
2020-01-30T22,110.75,156.25,69.575,2.547,6.4,1,1,1,1,1
2020-01-30T23,115.25,155.25,63.85,2.815,6.45,1,1,1,1,1
2020-01-31T00,143.75,168.25,63.05,2.45,6.5,1,1,1,1,1
2020-01-31T01,130.25,176.75,66.2,2.69,7.6,1,1,1,1,1
2020-01-31T02,139.0,200.0,74.2,6.72,8.4,1,1,1,1,1
2020-01-31T03,137.333,193.333,66.867,20.41,9.633,1,1,1,1,1
2020-01-31T04,123.75,175.25,60.75,34.693,9.8,1,1,1,1,1
2020-01-31T05,114.0,161.0,62.325,57.965,10.175,1,1,1,1,1
2020-01-31T06,95.5,149.0,53.2,77.508,8.15,1,1,1,1,1
2020-01-31T07,60.0,106.0,40.3,107.22,7.45,1,1,1,1,1
2020-01-31T08,53.0,99.0,40.3,105.0,7.6,1,1,1,1,1
2020-01-31T09,44.0,101.0,42.4,103.54,6.2,1,1,1,1,1
2020-01-31T10,40.75,88.75,44.9,91.257,7.0,1,1,1,1,1
2020-01-31T11,43.5,99.25,52.225,67.817,7.2,1,1,1,1,1
2020-01-31T12,51.75,117.0,75.95,30.242,8.925,1,1,1,1,1
2020-01-31T13,84.667,174.5,86.467,14.463,11.0,1,1,1,1,1
2020-01-31T14,108.75,196.75,82.975,14.48,9.15,1,1,1,1,1
2020-01-31T15,117.0,209.75,89.65,4.72,10.95,1,1,1,1,1
2020-01-31T16,150.5,261.5,97.3,7.718,12.075,1,1,1,1,1
2020-01-31T17,143.0,239.0,86.533,7.013,10.633,1,1,1,1,1
2020-01-31T18,133.25,220.75,64.725,6.317,11.925,2,2,2,2,2
2020-01-31T19,164.5,226.0,71.575,2.39,13.2,1,1,1,1,1
2020-01-31T20,231.0,276.0,73.4,5.93,12.775,1,1,1,1,1
2020-01-31T21,172.25,229.25,71.7,8.198,8.75,1,1,1,1,1
2020-01-31T22,139.0,201.0,63.95,9.805,19.05,1,1,1,1,1
2020-01-31T23,140.5,193.5,54.9,7.785,24.725,1,1,1,1,1
2020-02-01T00,157.5,220.25,59.825,7.82,16.125,1,1,1,1,1
2020-02-01T01,173.0,241.667,67.3,7.273,12.2,1,1,1,1,1
2020-02-01T02,193.75,269.75,92.45,6.55,18.85,1,1,1,1,1
2020-02-01T03,203.75,277.75,108.275,8.74,25.05,1,1,1,1,1
2020-02-01T04,128.0,194.0,92.1,29.513,19.425,1,1,1,1,1
2020-02-01T05,104.0,166.333,78.233,67.177,14.6,1,1,1,1,1
2020-02-01T06,110.0,177.0,68.2,89.96,13.433,1,1,1,1,1
2020-02-01T07,104.75,176.667,90.5,106.237,12.2,1,1,1,1,1
2020-02-01T08,105.5,174.0,32.2,113.035,9.075,1,1,1,1,1
2020-02-01T09,88.667,156.0,35.033,109.36,9.767,1,1,1,1,1
2020-02-01T10,94.75,162.5,34.725,97.48,9.025,1,1,1,1,1
2020-02-01T11,82.25,146.75,39.025,81.163,8.675,1,1,1,1,1
2020-02-01T12,113.5,166.0,54.875,59.115,17.025,1,1,1,1,1
2020-02-01T13,154.0,201.667,64.233,42.587,8.167,1,1,1,1,1
2020-02-01T14,106.0,171.0,75.733,17.26,8.267,1,1,1,1,1
2020-02-01T15,129.0,204.75,79.2,8.487,10.5,1,1,1,1,1
2020-02-01T16,141.25,221.75,80.2,5.29,9.125,1,1,1,1,1
2020-02-01T17,148.333,229.0,77.533,1.993,8.75,1,1,1,1,1
2020-02-01T18,155.5,236.834,77.784,2.014,6.8,2,2,2,2,2
2020-02-01T19,137.0,209.25,77.95,2.75,7.925,1,1,1,1,1
2020-02-01T20,157.5,238.5,79.2,2.175,7.125,1,1,1,1,1
2020-02-01T21,134.25,199.0,81.175,2.987,5.525,1,1,1,1,1
2020-02-01T22,127.75,178.75,74.15,2.665,5.15,1,1,1,1,1
2020-02-01T23,141.0,189.75,71.825,1.927,4.525,1,1,1,1,1
2020-02-02T00,140.0,188.25,68.95,2.298,4.575,1,1,1,1,1
2020-02-02T01,151.25,193.5,67.1,2.277,3.2,1,1,1,1,1
2020-02-02T02,173.0,222.75,71.7,6.45,5.8,1,1,1,1,1
2020-02-02T03,198.333,247.333,80.167,15.337,10.1,1,1,1,1,1
2020-02-02T04,194.25,235.25,46.975,64.68,13.0,1,1,1,1,1
2020-02-02T05,138.0,173.0,40.0,84.07,13.2,1,1,1,1,1
2020-02-02T06,116.0,163.0,42.725,97.808,10.5,1,1,1,1,1
2020-02-02T07,113.0,163.0,41.4,101.47,8.8,1,1,1,1,1
2020-02-02T08,98.0,158.0,47.5,113.9,9.1,1,1,1,1,1
2020-02-02T09,98.0,158.0,49.7,109.227,8.4,1,1,1,1,1
2020-02-02T10,97.0,145.25,38.325,102.67,6.025,1,1,1,1,1
2020-02-02T11,73.0,130.0,47.6,77.797,5.375,1,1,1,1,1
2020-02-02T13,106.0,193.0,112.3,2.9,6.1,1,1,1,1,1
2020-02-02T15,186.0,290.75,113.375,2.07,7.15,1,1,1,1,1
2020-02-02T16,217.0,327.25,106.725,2.397,7.4,1,1,1,1,1
2020-02-02T17,225.0,331.75,107.775,1.9,8.767,1,1,1,1,1
2020-02-02T18,208.5,300.5,105.65,1.68,9.784,1,1,2,2,2
2020-02-02T19,203.667,292.333,94.9,2.02,7.767,1,1,1,1,1
2020-02-02T20,201.0,284.0,94.425,2.215,7.0,1,1,1,1,1
2020-02-02T21,196.667,268.5,85.875,2.493,7.825,1,1,1,1,1
2020-02-02T22,199.667,265.0,89.867,2.143,6.933,1,1,1,1,1
2020-02-02T23,208.333,266.333,80.367,2.057,7.5,1,1,1,1,1
2020-02-03T00,228.0,278.5,86.4,1.962,8.125,1,1,1,1,1
2020-02-03T01,232.25,295.5,82.6,2.025,7.8,1,1,1,1,1
2020-02-03T02,228.5,315.0,82.2,6.53,10.75,1,1,1,1,1
2020-02-03T03,195.75,255.75,88.85,14.815,12.3,1,1,1,1,1
2020-02-03T04,159.25,236.5,92.6,37.388,13.875,1,1,1,1,1
2020-02-03T05,142.0,226.0,55.467,95.34,12.167,1,1,1,1,1
2020-02-03T06,93.5,151.0,48.825,123.662,10.35,1,1,1,1,1
2020-02-03T07,74.333,134.667,46.1,134.09,8.333,1,1,1,1,1
2020-02-03T08,69.0,138.0,43.633,146.493,8.033,1,1,1,1,1
2020-02-03T09,59.0,124.0,41.033,157.33,7.933,1,1,1,1,1
2020-02-03T10,57.667,113.667,47.467,150.687,6.5,1,1,1,1,1
2020-02-03T11,64.25,133.0,60.3,117.013,8.7,1,1,1,1,1
2020-02-03T12,105.333,201.0,90.633,47.093,9.1,1,1,1,1,1
2020-02-03T13,154.5,269.25,113.725,19.84,8.725,1,1,1,1,1
2020-02-03T14,158.75,310.25,134.475,2.745,10.85,1,1,1,1,1
2020-02-03T15,197.25,408.0,126.125,4.08,13.95,1,1,1,1,1
2020-02-03T16,244.75,457.5,121.35,88.485,19.825,1,1,1,1,1
2020-02-03T17,268.75,463.5,130.425,33.093,85.633,1,1,1,1,1
2020-02-03T18,245.334,388.167,121.2,21.163,48.217,2,2,2,2,2
2020-02-03T19,251.5,391.0,111.125,4.89,20.175,1,1,1,1,1
2020-02-03T20,249.5,375.75,96.975,3.62,19.525,1,1,1,1,1
2020-02-03T21,245.75,348.75,93.425,4.125,18.725,1,1,1,1,1
2020-02-03T22,235.0,310.667,92.1,4.023,17.233,1,1,1,1,1
2020-02-03T23,226.75,289.5,74.825,4.938,15.4,1,1,1,1,1
2020-02-04T00,238.25,316.5,68.25,8.592,12.05,1,1,1,1,1
2020-02-04T01,283.25,371.75,103.8,8.725,13.4,1,1,1,1,1
2020-02-04T02,320.25,460.0,115.75,5.8,18.35,1,1,1,1,1
2020-02-04T03,316.0,455.0,102.6,21.67,24.5,1,1,1,1,1
2020-02-04T04,213.667,318.333,61.167,68.88,21.2,1,1,1,1,1
2020-02-04T05,190.0,295.667,70.225,106.367,27.05,1,1,1,1,1
2020-02-04T06,224.0,349.0,61.6,149.46,26.0,1,1,1,1,1
2020-02-04T07,138.5,223.0,41.5,177.125,14.35,1,1,1,1,1
2020-02-04T08,112.75,184.0,38.375,191.52,11.8,1,1,1,1,1
2020-02-04T09,106.0,163.0,39.867,201.08,11.3,1,1,1,1,1
2020-02-04T10,98.0,158.0,45.367,202.517,8.833,1,1,1,1,1
2020-02-04T11,107.5,182.5,74.2,146.795,9.6,1,1,1,1,1
2020-02-04T12,118.0,211.0,127.367,60.03,11.2,1,1,1,1,1
2020-02-04T13,166.0,356.0,179.8,6.99,21.833,1,1,1,1,1
2020-02-04T14,235.75,436.75,185.3,4.1,28.875,1,1,1,1,1
2020-02-04T15,292.0,480.75,174.35,9.653,17.075,1,1,1,1,1
2020-02-04T16,351.5,523.0,130.825,10.665,14.7,1,1,1,1,1
2020-02-04T17,291.0,381.75,89.025,27.427,12.3,1,1,1,1,1
2020-02-04T18,221.166,296.0,80.367,25.07,13.4,2,2,2,2,2
2020-02-04T19,213.25,271.25,95.525,11.37,13.075,1,1,1,1,1
2020-02-04T20,199.75,254.25,79.1,12.095,13.05,1,1,1,1,1
2020-02-04T21,206.333,263.333,97.725,2.243,11.85,1,1,1,1,1
2020-02-04T22,226.0,288.333,90.725,2.06,11.05,1,1,1,1,1
2020-02-04T23,205.5,265.5,86.625,2.958,11.475,1,1,1,1,1
2020-02-05T00,187.75,260.5,88.9,11.858,11.025,1,1,1,1,1
2020-02-05T01,213.0,299.25,93.6,6.775,18.2,1,1,1,1,1
2020-02-05T02,289.75,390.5,100.825,6.53,23.175,1,1,1,1,1
2020-02-05T03,348.25,472.5,125.25,9.155,27.125,1,1,1,1,1
2020-02-05T04,336.75,456.75,112.15,37.79,34.3,1,1,1,1,1
2020-02-05T05,193.0,289.75,46.3,85.868,20.75,1,1,1,1,1
2020-02-05T06,87.0,160.5,40.925,113.433,15.2,1,1,1,1,1
2020-02-05T07,79.75,155.5,35.65,119.417,10.425,1,1,1,1,1
2020-02-05T08,65.75,132.5,35.55,117.39,10.125,1,1,1,1,1
2020-02-05T09,61.0,122.333,32.767,112.943,10.433,1,1,1,1,1
2020-02-05T10,60.667,128.0,38.233,95.777,10.2,1,1,1,1,1
2020-02-05T11,66.0,140.25,55.075,71.28,10.125,1,1,1,1,1
2020-02-05T12,77.667,158.667,73.3,42.18,9.767,1,1,1,1,1
2020-02-05T13,94.75,183.75,100.85,13.035,9.15,1,1,1,1,1
2020-02-05T14,117.0,198.5,101.5,12.435,8.475,1,1,1,1,1
2020-02-05T15,128.0,214.333,81.225,28.402,7.725,1,1,1,1,1
2020-02-05T16,114.5,185.0,70.2,32.023,7.1,1,1,1,1,1
2020-02-05T17,109.75,170.25,69.75,22.177,6.567,1,1,1,1,1
2020-02-05T18,111.834,167.166,96.483,2.625,6.75,2,2,2,2,2
2020-02-05T19,127.0,194.5,92.633,1.927,7.1,1,1,1,1,1
2020-02-05T20,131.5,198.25,85.0,1.402,7.775,1,1,1,1,1
2020-02-05T21,141.75,202.5,83.425,1.962,7.725,1,1,1,1,1
2020-02-05T22,141.0,197.25,86.825,1.905,7.5,1,1,1,1,1
2020-02-05T23,141.0,204.0,80.65,1.735,7.55,1,1,1,1,1
2020-02-06T00,160.0,221.0,80.275,1.985,8.325,1,1,1,1,1
2020-02-06T01,189.5,247.5,85.2,2.36,10.6,1,1,1,1,1
2020-02-06T02,206.0,273.0,87.5,,15.4,1,1,1,0,1
2020-02-06T04,160.0,224.0,55.4,60.37,13.3,1,1,1,1,1
2020-02-06T05,90.333,141.333,39.467,92.83,10.033,1,1,1,1,1
2020-02-06T06,72.5,109.25,37.1,109.312,8.375,1,1,1,1,1
2020-02-06T07,64.25,102.5,38.8,131.952,7.7,1,1,1,1,1
2020-02-06T08,60.75,106.0,36.175,145.423,7.35,1,1,1,1,1
2020-02-06T09,57.75,102.5,37.025,149.99,7.425,1,1,1,1,1
2020-02-06T10,60.75,102.5,40.375,147.61,7.725,1,1,1,1,1
2020-02-06T11,69.667,123.0,94.5,88.89,9.033,1,1,1,1,1
2020-02-06T12,100.75,181.0,89.55,97.678,19.025,1,1,1,1,1
2020-02-06T13,156.0,270.5,108.8,55.47,17.65,1,1,1,1,1
2020-02-06T14,170.0,300.5,131.475,71.255,26.95,1,1,1,1,1
2020-02-06T15,209.0,362.75,124.475,87.612,17.75,1,1,1,1,1
2020-02-06T16,219.5,377.25,116.0,121.57,32.275,1,1,1,1,1
2020-02-06T17,215.25,346.25,111.95,61.913,12.533,1,1,1,1,1
2020-02-06T18,189.0,305.0,101.4,27.06,10.85,2,2,2,2,2
2020-02-06T19,173.0,257.0,99.625,105.37,15.575,1,1,1,1,1
2020-02-06T20,184.0,246.667,93.0,246.403,19.825,1,1,1,1,1
2020-02-06T21,188.0,246.25,100.05,338.985,27.75,1,1,1,1,1
2020-02-06T22,190.667,251.0,90.4,242.33,42.267,1,1,1,1,1
2020-02-06T23,200.667,272.667,97.533,299.633,46.733,1,1,1,1,1
2020-02-07T00,200.667,265.667,73.667,194.667,27.667,1,1,1,1,1
2020-02-07T01,225.667,298.333,97.5,193.117,22.8,1,1,1,1,1
2020-02-07T02,226.75,327.5,110.5,73.11,27.025,1,1,1,1,1
2020-02-07T03,255.0,384.0,135.45,98.873,36.325,1,1,1,1,1
2020-02-07T04,252.0,387.0,144.467,125.48,36.433,1,1,1,1,1
2020-02-07T05,206.333,290.0,98.633,149.227,32.633,1,1,1,1,1
2020-02-07T06,177.0,246.0,84.4,121.74,21.1,1,1,1,1,1
2020-02-07T07,163.0,257.0,46.8,132.455,17.35,1,1,1,1,1
2020-02-07T08,136.0,218.0,36.5,147.08,15.167,1,1,1,1,1
2020-02-07T09,116.0,183.0,34.5,138.08,13.667,1,1,1,1,1
2020-02-07T10,108.0,172.0,33.8,124.17,13.9,1,1,1,1,1
2020-02-07T11,97.5,167.25,40.925,98.782,11.975,1,1,1,1,1
2020-02-07T12,88.25,156.25,58.775,60.043,9.3,1,1,1,1,1
2020-02-07T13,89.75,166.5,96.925,16.195,8.775,1,1,1,1,1
2020-02-07T14,116.667,205.5,108.925,5.098,9.45,1,1,1,1,1
2020-02-07T15,135.5,242.75,112.375,2.715,9.725,1,1,1,1,1
2020-02-07T16,152.0,260.0,109.95,3.575,10.1,1,1,1,1,1
2020-02-07T17,167.0,287.667,102.133,3.497,11.25,1,1,1,1,1
2020-02-07T18,176.334,305.833,117.216,3.03,11.117,2,2,2,2,2
2020-02-07T19,173.0,290.0,98.033,2.403,11.2,1,1,1,1,1
2020-02-07T20,218.25,307.75,88.4,2.583,21.175,1,1,1,1,1
2020-02-07T21,253.5,332.0,85.025,2.64,14.375,1,1,1,1,1
2020-02-07T22,225.0,288.5,78.7,2.635,12.925,1,1,1,1,1
2020-02-07T23,207.0,257.0,75.2,3.275,10.95,1,1,1,1,1
2020-02-08T00,188.75,237.0,73.75,2.19,9.95,1,1,1,1,1
2020-02-08T01,194.0,238.25,77.4,3.365,12.1,1,1,1,1,1
2020-02-08T02,201.5,249.5,77.475,12.13,12.95,1,1,1,1,1
2020-02-08T03,197.0,245.0,75.7,17.343,15.167,1,1,1,1,1
2020-02-08T04,217.0,276.0,73.5,42.303,18.567,1,1,1,1,1
2020-02-08T05,200.0,263.75,48.6,93.683,20.4,1,1,1,1,1
2020-02-08T06,156.5,215.5,33.6,125.403,15.725,1,1,1,1,1
2020-02-08T07,143.0,199.0,28.0,138.005,15.7,1,1,1,1,1
2020-02-08T08,129.0,188.0,25.7,145.013,12.7,1,1,1,1,1
2020-02-08T09,79.0,144.333,23.3,145.353,9.633,1,1,1,1,1
2020-02-08T10,71.75,134.75,24.525,136.812,9.475,1,1,1,1,1
2020-02-08T11,69.75,138.75,29.9,113.772,9.275,1,1,1,1,1
2020-02-08T12,84.75,165.0,68.825,54.575,9.375,1,1,1,1,1
2020-02-08T13,124.5,212.25,102.775,18.545,9.95,1,1,1,1,1
2020-02-08T14,163.75,256.25,125.4,2.553,11.5,1,1,1,1,1
2020-02-08T15,186.25,282.5,115.075,3.51,11.675,1,1,1,1,1
2020-02-08T16,184.0,271.25,109.875,2.56,9.825,1,1,1,1,1
2020-02-08T17,178.667,266.333,103.733,2.287,8.7,1,1,1,1,1
2020-02-08T18,167.334,243.0,102.534,2.139,8.466,2,2,2,2,2
2020-02-08T19,163.5,238.75,111.1,3.333,8.825,1,1,1,1,1
2020-02-08T20,153.5,213.0,93.525,4.355,8.05,1,1,1,1,1
2020-02-08T21,128.0,174.0,93.35,3.23,8.9,1,1,1,1,1
2020-02-08T22,191.0,253.0,81.75,2.808,13.25,1,1,1,1,1
2020-02-08T23,230.0,295.0,75.967,2.873,12.467,1,1,1,1,1
2020-02-09T00,242.25,308.75,79.875,2.945,14.525,1,1,1,1,1
2020-02-09T01,273.5,336.25,75.6,2.6,12.5,1,1,1,1,1
2020-02-09T02,284.0,331.0,74.867,,14.467,1,1,1,0,1
2020-02-09T03,234.25,269.75,72.2,17.875,20.575,1,1,1,1,1
2020-02-09T04,249.0,291.0,75.933,43.33,24.433,1,1,1,1,1
2020-02-09T05,224.25,283.25,53.2,100.005,21.875,1,1,1,1,1
2020-02-09T06,145.75,207.0,35.3,145.548,20.1,1,1,1,1,1
2020-02-09T07,112.25,170.75,36.175,161.727,14.925,1,1,1,1,1
2020-02-09T08,104.333,165.333,36.6,179.27,12.6,1,1,1,1,1
2020-02-09T09,102.25,172.0,33.925,180.697,12.15,1,1,1,1,1
2020-02-09T10,93.5,161.5,35.15,166.23,11.45,1,1,1,1,1
2020-02-09T11,92.5,166.0,41.625,130.44,11.175,1,1,1,1,1
2020-02-09T12,102.667,217.0,101.867,38.937,12.067,1,1,1,1,1
2020-02-09T13,132.25,274.0,123.175,12.838,11.55,1,1,1,1,1
2020-02-09T14,166.25,318.25,133.575,3.125,13.625,1,1,1,1,1
2020-02-09T15,213.25,360.5,134.4,2.43,15.95,1,1,1,1,1
2020-02-09T16,213.0,328.0,116.667,2.637,12.7,1,1,1,1,1
2020-02-09T17,206.75,320.5,117.825,3.547,11.933,1,1,1,1,1
2020-02-09T18,215.334,327.833,121.784,3.027,11.883,2,2,2,2,2
2020-02-09T19,227.5,349.5,119.525,3.078,11.6,1,1,1,1,1
2020-02-09T20,213.75,319.25,111.725,2.492,10.65,1,1,1,1,1
2020-02-09T21,206.0,284.25,96.775,2.665,9.825,1,1,1,1,1
2020-02-09T22,197.0,264.5,92.25,3.782,9.8,1,1,1,1,1
2020-02-09T23,230.5,307.0,96.975,2.782,9.925,1,1,1,1,1
2020-02-10T00,236.0,308.5,90.6,2.445,13.65,1,1,1,1,1
2020-02-10T01,293.25,371.75,86.8,2.84,11.4,1,1,1,1,1
2020-02-10T02,344.0,438.0,91.75,4.61,14.75,1,1,1,1,1
2020-02-10T03,335.25,436.75,111.4,7.072,20.2,1,1,1,1,1
2020-02-10T04,345.0,451.0,100.4,41.787,27.467,1,1,1,1,1
2020-02-10T05,239.0,324.0,64.45,97.93,26.0,1,1,1,1,1
2020-02-10T06,190.0,245.0,43.95,128.8,13.0,1,1,1,1,1
2020-02-10T07,120.25,178.0,39.4,145.3,9.875,1,1,1,1,1
2020-02-10T08,103.25,158.0,38.375,154.605,9.9,1,1,1,1,1
2020-02-10T09,104.0,152.0,39.3,153.1,11.8,1,1,1,1,1
2020-02-10T10,103.0,163.0,51.55,132.38,8.9,1,1,1,1,1
2020-02-10T11,90.25,146.75,58.0,118.31,9.075,1,1,1,1,1
2020-02-10T12,97.0,167.0,122.367,40.67,10.067,1,1,1,1,1
2020-02-10T13,146.0,270.667,142.2,3.293,11.533,1,1,1,1,1
2020-02-10T14,174.0,306.667,149.9,2.913,11.567,1,1,1,1,1
2020-02-10T15,210.25,346.5,154.125,3.678,12.575,1,1,1,1,1
2020-02-10T16,231.5,394.0,151.875,4.255,13.875,1,1,1,1,1
2020-02-10T17,259.25,409.0,128.75,5.973,14.067,1,1,1,1,1
2020-02-10T18,266.167,415.167,132.1,7.028,12.5,2,2,2,2,2
2020-02-10T19,271.5,408.5,124.875,6.902,13.0,1,1,1,1,1
2020-02-10T20,278.0,415.0,118.25,4.885,12.925,1,1,1,1,1
2020-02-10T21,257.5,371.5,108.4,4.05,11.55,1,1,1,1,1
2020-02-10T22,244.333,339.333,104.333,5.297,14.467,1,1,1,1,1
2020-02-10T23,260.5,357.75,101.475,25.332,12.9,1,1,1,1,1
2020-02-11T00,261.5,378.75,100.025,34.677,11.65,1,1,1,1,1
2020-02-11T01,237.0,328.75,109.9,16.788,10.6,1,1,1,1,1
2020-02-11T02,246.5,358.5,122.45,11.86,14.325,1,1,1,1,1
2020-02-11T03,238.0,343.75,131.575,14.895,21.075,1,1,1,1,1
2020-02-11T04,225.5,309.75,134.925,26.825,23.95,1,1,1,1,1
2020-02-11T05,197.0,273.0,112.15,66.485,20.2,1,1,1,1,1
2020-02-11T06,154.75,213.0,45.25,136.827,10.6,1,1,1,1,1
2020-02-11T07,106.5,169.0,43.55,170.22,9.05,1,1,1,1,1
2020-02-11T08,101.0,167.0,42.033,177.163,9.8,1,1,1,1,1
2020-02-11T09,113.5,173.0,45.1,164.955,11.2,1,1,1,1,1
2020-02-11T10,118.0,175.0,46.333,155.153,12.233,1,1,1,1,1
2020-02-11T11,121.0,196.0,52.967,116.953,10.8,1,1,1,1,1
2020-02-11T12,114.75,207.75,104.075,40.898,10.825,1,1,1,1,1
2020-02-11T13,132.0,249.0,140.267,3.34,10.433,1,1,1,1,1
2020-02-11T14,161.75,290.75,146.025,2.68,10.325,1,1,1,1,1
2020-02-11T15,207.75,364.25,143.0,2.468,11.2,1,1,1,1,1
2020-02-11T16,235.75,395.25,127.625,3.145,10.425,1,1,1,1,1
2020-02-11T17,220.0,343.0,107.2,6.62,9.75,1,1,1,1,1
2020-02-11T18,223.334,323.167,117.3,3.871,11.867,2,2,2,2,2
2020-02-11T19,269.75,389.75,119.675,12.682,13.2,1,1,1,1,1
2020-02-11T20,257.5,363.0,119.05,4.775,12.025,1,1,1,1,1
2020-02-11T21,223.0,312.333,105.433,2.947,11.5,1,1,1,1,1
2020-02-11T22,243.5,326.0,98.0,2.78,19.475,1,1,1,1,1
2020-02-11T23,305.0,388.0,84.433,2.48,13.4,1,1,1,1,1
2020-02-12T00,299.333,364.333,80.7,3.003,12.567,1,1,1,1,1
2020-02-12T01,307.5,379.333,83.9,2.8,9.1,1,1,1,1,1
2020-02-12T02,304.75,389.75,90.35,7.47,13.775,1,1,1,1,1
2020-02-12T03,292.25,379.0,102.225,17.645,18.525,1,1,1,1,1
2020-02-12T04,259.75,359.5,87.775,50.265,23.725,1,1,1,1,1
2020-02-12T05,241.0,337.0,62.65,87.07,21.85,1,1,1,1,1
2020-02-12T06,170.75,282.25,46.15,118.635,13.025,1,1,1,1,1
2020-02-12T07,125.0,241.0,39.5,126.373,11.033,1,1,1,1,1
2020-02-12T08,107.0,226.0,37.067,125.08,9.133,1,1,1,1,1
2020-02-12T09,97.667,194.667,42.067,117.327,8.7,1,1,1,1,1
2020-02-12T10,95.5,186.5,42.3,116.035,9.95,1,1,1,1,1
2020-02-12T11,105.0,192.667,63.9,77.993,16.0,1,1,1,1,1
2020-02-12T12,126.25,203.0,86.525,53.82,19.75,1,1,1,1,1
2020-02-12T13,144.5,238.0,113.7,16.932,19.4,1,1,1,1,1
2020-02-12T14,167.5,275.5,123.325,6.088,16.125,1,1,1,1,1
2020-02-12T15,156.667,254.667,112.3,12.47,17.867,1,1,1,1,1
2020-02-12T16,149.333,237.667,91.967,17.47,16.733,1,1,1,1,1
2020-02-12T17,152.0,233.5,84.025,15.822,16.033,1,1,1,1,1
2020-02-12T18,156.666,226.334,81.75,13.248,11.6,2,2,2,2,2
2020-02-12T19,120.25,181.5,64.825,19.815,8.725,1,1,1,1,1
2020-02-12T20,117.333,170.0,59.033,24.18,8.733,1,1,1,1,1
2020-02-12T21,107.25,152.75,60.4,27.102,8.6,1,1,1,1,1
2020-02-12T22,102.0,145.333,50.867,30.637,10.033,1,1,1,1,1
2020-02-12T23,105.0,146.5,55.325,18.122,8.55,1,1,1,1,1
2020-02-13T00,95.0,134.25,51.25,16.175,6.85,1,1,1,1,1
2020-02-13T01,95.5,136.25,57.9,12.23,7.5,1,1,1,1,1
2020-02-13T02,120.25,176.0,57.525,12.84,11.725,1,1,1,1,1
2020-02-13T03,163.0,230.0,56.8,25.41,15.867,1,1,1,1,1
2020-02-13T04,197.0,212.0,50.6,48.107,18.267,1,1,1,1,1
2020-02-13T05,121.0,204.0,49.5,74.473,16.167,1,1,1,1,1
2020-02-13T06,110.0,191.0,45.5,92.727,12.333,1,1,1,1,1
2020-02-13T07,69.75,155.75,41.625,103.827,11.125,1,1,1,1,1
2020-02-13T08,66.75,161.75,43.425,104.073,13.975,1,1,1,1,1
2020-02-13T09,66.333,172.667,39.2,106.17,16.033,1,1,1,1,1
2020-02-13T10,60.25,170.5,37.375,99.082,17.975,1,1,1,1,1
2020-02-13T11,58.75,163.5,48.575,78.047,13.05,1,1,1,1,1
2020-02-13T12,60.333,153.0,67.033,51.66,10.967,1,1,1,1,1
2020-02-13T13,63.333,161.667,100.1,10.423,11.233,1,1,1,1,1
2020-02-13T14,75.25,186.5,85.05,30.605,11.025,1,1,1,1,1
2020-02-13T15,83.0,169.75,58.925,62.29,10.3,1,1,1,1,1
2020-02-13T16,77.0,160.0,52.833,65.097,8.433,1,1,1,1,1
2020-02-13T17,80.75,145.0,46.625,65.992,8.3,1,1,1,1,1
2020-02-13T18,83.667,142.166,40.434,72.933,8.5,1,2,2,2,2
2020-02-13T19,90.5,152.5,35.925,70.422,9.075,1,1,1,1,1
2020-02-13T20,90.0,137.0,34.175,67.715,9.05,1,1,1,1,1
2020-02-13T21,94.5,140.0,34.1,59.8,8.65,1,1,1,1,1
2020-02-13T22,94.0,138.0,34.2,57.433,8.467,1,1,1,1,1
2020-02-13T23,91.75,134.25,36.8,51.593,9.35,1,1,1,1,1
2020-02-14T00,97.0,135.0,38.767,43.14,10.8,1,1,1,1,1
2020-02-14T01,106.333,149.667,55.8,28.597,10.8,1,1,1,1,1
2020-02-14T02,107.25,162.25,52.75,36.4,12.825,1,1,1,1,1
2020-02-14T03,105.5,167.5,49.975,42.532,13.875,1,1,1,1,1
2020-02-14T04,94.667,172.0,48.367,60.65,13.667,1,1,1,1,1
2020-02-14T05,83.75,173.25,42.3,83.37,12.125,1,1,1,1,1
2020-02-14T06,64.0,188.0,33.05,102.835,10.65,1,1,1,1,1
2020-02-14T07,53.25,214.0,29.25,108.768,8.5,1,1,1,1,1
2020-02-14T08,39.25,266.75,26.55,114.532,7.125,1,1,1,1,1
2020-02-14T09,31.0,290.0,26.567,118.8,11.133,1,1,1,1,1
2020-02-14T10,34.0,215.5,30.0,113.338,10.1,1,1,1,1,1
2020-02-14T11,33.25,154.25,31.525,104.87,7.275,1,1,1,1,1
2020-02-14T12,33.25,142.5,48.075,70.06,8.15,1,1,1,1,1
2020-02-14T13,42.25,137.0,73.775,41.0,10.7,1,1,1,1,1
2020-02-14T14,50.0,150.333,73.967,43.807,12.467,1,1,1,1,1
2020-02-14T15,54.25,147.5,89.325,21.482,13.1,1,1,1,1,1
2020-02-14T16,64.0,149.5,92.3,23.123,13.85,1,1,1,1,1
2020-02-14T17,70.5,148.0,77.625,31.917,15.733,1,1,1,1,1
2020-02-14T18,64.5,141.0,75.5,24.145,11.816,2,2,2,2,2
2020-02-14T19,76.0,152.5,74.4,16.42,10.675,1,1,1,1,1
2020-02-14T20,89.333,154.667,61.4,23.037,10.833,1,1,1,1,1
2020-02-14T21,90.25,149.25,61.1,18.735,9.85,1,1,1,1,1
2020-02-14T22,88.75,149.0,54.075,23.977,9.8,1,1,1,1,1
2020-02-14T23,97.5,153.0,52.525,20.97,10.0,1,1,1,1,1
2020-02-15T00,94.25,151.0,61.3,16.225,10.625,1,1,1,1,1
2020-02-15T01,107.0,163.0,,18.07,,1,1,0,1,0
2020-02-15T02,96.0,187.0,61.875,27.05,14.775,1,1,1,1,1
2020-02-15T03,98.25,197.5,51.125,53.065,19.3,1,1,1,1,1
2020-02-15T04,103.0,200.75,46.975,76.22,18.95,1,1,1,1,1
2020-02-15T05,93.0,196.0,45.267,109.31,16.7,1,1,1,1,1
2020-02-15T06,81.25,189.75,39.95,135.78,13.875,1,1,1,1,1
2020-02-15T07,68.333,178.0,40.4,142.447,11.9,1,1,1,1,1
2020-02-15T08,65.0,180.0,35.7,154.925,13.025,1,1,1,1,1
2020-02-15T09,65.0,180.0,38.567,154.29,15.967,1,1,1,1,1
2020-02-15T10,66.5,161.75,43.575,140.322,14.45,1,1,1,1,1
2020-02-15T11,59.75,150.25,52.35,105.58,6.925,1,1,1,1,1
2020-02-15T12,56.667,137.667,72.167,65.803,12.9,1,1,1,1,1
2020-02-15T13,85.0,162.667,100.2,27.893,15.667,1,1,1,1,1
2020-02-15T14,95.75,211.75,126.975,3.205,18.425,1,1,1,1,1
2020-02-15T15,112.5,233.75,133.125,2.173,15.975,1,1,1,1,1
2020-02-15T16,118.25,248.0,122.7,3.147,11.85,1,1,1,1,1
2020-02-15T17,117.75,249.5,112.9,2.5,11.3,1,1,1,1,1
2020-02-15T18,133.166,253.334,114.584,2.022,11.55,2,2,2,2,2
2020-02-15T19,137.0,246.667,102.567,3.327,11.167,1,1,1,1,1
2020-02-15T20,138.667,239.667,102.0,2.56,12.333,1,1,1,1,1
2020-02-15T21,150.667,234.0,94.067,3.193,11.467,1,1,1,1,1
2020-02-15T22,157.75,230.0,87.6,1.965,12.1,1,1,1,1,1
2020-02-15T23,196.75,268.75,87.1,1.833,21.3,1,1,1,1,1
2020-02-16T00,245.25,315.5,91.375,1.785,21.525,1,1,1,1,1
2020-02-16T01,184.5,257.25,88.7,2.652,14.3,1,1,1,1,1
2020-02-16T02,147.75,219.0,84.85,11.13,16.6,1,1,1,1,1
2020-02-16T03,128.333,204.667,62.667,33.217,18.367,1,1,1,1,1
2020-02-16T04,124.0,203.5,60.95,65.08,20.375,1,1,1,1,1
2020-02-16T05,131.5,230.0,51.675,120.922,27.575,1,1,1,1,1
2020-02-16T06,127.0,225.5,48.525,154.513,23.05,1,1,1,1,1
2020-02-16T07,,222.667,38.1,169.16,17.033,0,1,1,1,1
2020-02-16T08,,190.667,28.9,170.457,12.867,0,1,1,1,1
2020-02-16T09,,152.25,29.325,166.312,11.275,0,1,1,1,1
2020-02-16T10,,138.25,30.9,157.847,10.35,0,1,1,1,1
2020-02-16T11,,135.5,38.9,134.85,9.95,0,1,1,1,1
2020-02-16T12,,166.5,87.35,55.855,10.05,0,1,1,1,1
2020-02-16T13,,228.333,142.567,4.78,11.1,0,1,1,1,1
2020-02-16T14,,288.0,153.5,3.39,15.3,0,1,1,1,1
2020-02-16T15,,334.667,150.3,5.123,14.567,0,1,1,1,1
2020-02-16T16,,382.0,162.433,3.77,14.767,0,1,1,1,1
2020-02-16T17,,331.0,173.4,4.737,16.233,0,1,1,1,1
2020-02-16T18,,393.833,165.15,4.837,17.267,0,2,2,2,2
2020-02-16T19,,369.0,145.067,3.8,11.0,0,1,1,1,1
2020-02-16T20,,332.75,138.275,3.155,9.75,0,1,1,1,1
2020-02-16T21,,343.333,115.967,3.293,17.133,0,1,1,1,1
2020-02-16T22,,354.0,107.8,3.505,18.75,0,1,1,1,1
2020-02-16T23,,389.0,93.9,2.48,25.75,0,1,1,1,1
2020-02-17T01,,536.0,97.9,2.543,45.0,0,1,1,1,1
2020-02-17T02,,458.0,107.4,,49.85,0,1,1,0,1
2020-02-17T03,,473.25,114.5,13.892,55.375,0,1,1,1,1
2020-02-17T04,,423.0,92.3,51.7,41.0,0,1,1,1,1
2020-02-17T05,,334.0,56.9,92.45,28.1,0,1,1,1,1
2020-02-17T06,95.0,171.0,36.4,149.39,10.6,1,1,1,1,1
2020-02-17T07,95.0,171.0,34.7,153.37,9.1,1,1,1,1,1
2020-02-17T08,71.0,148.333,29.167,152.533,7.6,1,1,1,1,1
2020-02-17T09,57.0,139.0,30.0,142.71,5.4,1,1,1,1,1
2020-02-17T11,42.0,121.0,48.7,113.6,5.3,1,1,1,1,1
2020-02-17T12,45.0,116.0,122.4,24.81,5.8,1,1,1,1,1
2020-02-17T13,72.333,195.667,147.133,4.167,10.133,1,1,1,1,1
2020-02-17T14,97.0,239.0,134.433,2.05,11.3,1,1,1,1,1
2020-02-17T15,107.0,271.0,136.667,6.097,16.2,1,1,1,1,1
2020-02-17T16,141.0,299.0,134.4,2.13,20.033,1,1,1,1,1
2020-02-17T17,130.0,234.0,128.2,2.275,14.5,1,1,1,1,1
2020-02-17T18,124.0,229.0,117.05,2.92,22.85,1,1,1,1,1
2020-02-17T19,158.0,251.0,110.85,7.475,21.625,1,1,1,1,1
2020-02-17T20,148.0,221.333,96.067,8.28,19.467,1,1,1,1,1
2020-02-17T21,144.0,208.0,99.3,3.0,28.0,1,1,1,1,1
2020-02-17T22,210.0,280.0,84.967,9.257,29.2,1,1,1,1,1
2020-02-17T23,212.0,275.0,76.875,10.825,30.525,1,1,1,1,1
2020-02-18T00,200.0,266.0,78.05,11.18,30.05,1,1,1,1,1
2020-02-18T01,202.333,277.333,86.7,9.733,29.1,1,1,1,1,1
2020-02-18T02,209.0,296.0,85.033,,36.9,1,1,1,0,1
2020-02-18T03,222.75,330.0,89.15,29.94,34.625,1,1,1,1,1
2020-02-18T04,189.0,315.0,72.0,88.81,23.1,1,1,1,1,1
2020-02-18T05,125.0,247.0,66.567,115.233,20.633,1,1,1,1,1
2020-02-18T06,113.0,236.667,50.033,160.427,16.4,1,1,1,1,1
2020-02-18T07,82.0,204.0,42.15,169.377,13.025,1,1,1,1,1
2020-02-18T08,48.0,135.0,32.3,161.92,8.6,1,1,1,1,1
2020-02-18T09,53.0,129.0,29.9,169.03,9.1,1,1,1,1,1
2020-02-18T10,58.0,132.667,55.267,138.71,14.667,1,1,1,1,1
2020-02-18T11,68.0,140.0,56.8,141.74,16.133,1,1,1,1,1
2020-02-18T12,85.667,186.0,120.067,52.563,15.167,1,1,1,1,1
2020-02-18T13,97.667,233.667,150.933,15.463,17.133,1,1,1,1,1
2020-02-18T18,149.0,346.0,159.75,5.295,15.4,1,1,1,1,1
2020-02-18T22,184.0,320.0,100.7,3.1,30.9,1,1,1,1,1
2020-02-18T23,184.0,320.0,97.2,3.21,25.8,1,1,1,1,1
2020-02-19T00,186.0,288.0,82.7,3.72,16.9,1,1,1,1,1
2020-02-19T01,206.0,326.0,,4.25,,1,1,0,1,0
2020-02-19T03,242.0,423.0,83.3,31.31,39.5,1,1,1,1,1
2020-02-19T04,152.0,263.0,62.1,85.5,24.7,1,1,1,1,1
2020-02-19T05,101.5,196.0,36.8,120.92,15.9,1,1,1,1,1
2020-02-19T06,82.0,174.0,31.2,138.53,12.3,1,1,1,1,1
2020-02-19T07,82.0,172.0,30.8,143.9,12.5,1,1,1,1,1
2020-02-19T08,95.5,199.0,32.2,156.69,12.3,1,1,1,1,1
2020-02-19T09,87.5,201.5,28.1,157.26,12.0,1,1,1,1,1
2020-02-19T10,78.0,199.0,36.5,135.2,15.0,1,1,1,1,1
2020-02-19T11,83.0,211.0,40.9,128.4,18.6,1,1,1,1,1
2020-02-19T12,89.667,211.333,50.833,94.667,13.767,1,1,1,1,1
2020-02-19T14,114.0,240.0,51.6,81.063,11.767,1,1,1,1,1
2020-02-19T15,124.0,208.0,42.7,81.135,10.05,1,1,1,1,1
2020-02-19T16,125.333,202.0,39.967,75.813,9.6,1,1,1,1,1
2020-02-19T17,129.333,205.0,35.633,85.923,10.8,1,1,1,1,1
2020-02-19T18,132.0,207.0,41.8,81.692,13.05,2,2,2,2,2
2020-02-19T20,123.0,191.0,27.7,103.21,13.7,1,1,1,1,1
2020-02-19T21,133.75,193.0,30.35,82.045,13.675,1,1,1,1,1
2020-02-19T22,146.0,206.0,32.55,72.66,13.85,1,1,1,1,1
2020-02-19T23,150.0,210.0,34.6,62.895,13.5,1,1,1,1,1
2020-02-20T00,157.0,222.0,40.967,51.71,12.267,1,1,1,1,1
2020-02-20T01,162.0,236.75,69.1,30.657,12.4,1,1,1,1,1
2020-02-20T02,164.667,268.667,66.633,79.62,13.633,1,1,1,1,1
2020-02-20T03,130.5,256.5,51.4,95.62,13.95,1,1,1,1,1
2020-02-20T04,121.0,245.0,39.7,118.295,13.65,1,1,1,1,1
2020-02-20T05,104.0,255.0,32.2,142.755,13.3,1,1,1,1,1
2020-02-20T06,81.0,364.0,27.2,152.12,13.3,1,1,1,1,1
2020-02-20T07,75.0,327.0,25.35,147.215,11.55,1,1,1,1,1
2020-02-20T08,69.0,290.0,23.4,147.55,12.4,1,1,1,1,1
2020-02-20T09,68.0,279.0,26.1,143.49,11.2,1,1,1,1,1
2020-02-20T10,67.0,197.0,27.4,132.01,11.8,1,1,1,1,1
2020-02-20T11,67.0,197.0,36.7,117.64,13.0,1,1,1,1,1
2020-02-20T12,82.0,212.5,44.55,97.31,13.55,1,1,1,1,1
2020-02-20T13,105.5,233.5,50.8,85.123,14.55,1,1,1,1,1
2020-02-20T14,139.5,248.0,42.1,99.735,15.75,1,1,1,1,1
2020-02-20T15,,246.0,33.1,102.59,14.8,0,1,1,1,1
2020-02-20T16,143.5,227.5,35.9,89.68,14.85,1,1,1,1,1
2020-02-20T17,144.0,209.333,35.467,118.443,10.15,1,1,1,1,1
2020-02-20T18,156.0,182.0,62.45,59.27,9.1,1,1,1,1,1
2020-02-20T19,147.0,165.333,31.267,68.903,9.1,1,1,1,1,1
2020-02-20T21,119.5,135.0,21.85,74.185,13.75,1,1,1,1,1
2020-02-20T22,104.0,119.0,20.367,74.31,11.333,1,1,1,1,1
2020-02-20T23,98.0,116.0,24.033,79.923,15.6,1,1,1,1,1
2020-02-21T00,52.0,67.0,23.433,83.943,18.433,1,1,1,1,1
2020-02-21T01,37.0,51.0,,69.325,,1,1,0,1,0
2020-02-21T02,36.25,51.0,31.675,56.7,27.2,1,1,1,1,1
2020-02-21T03,35.5,57.5,31.3,69.225,31.1,1,1,1,1,1
2020-02-21T04,40.0,67.0,26.167,69.387,26.7,1,1,1,1,1
2020-02-21T05,44.0,75.0,25.733,73.57,20.167,1,1,1,1,1
2020-02-21T06,40.0,79.0,20.7,78.97,13.8,1,1,1,1,1
2020-02-21T07,37.0,66.0,23.0,70.695,9.3,1,1,1,1,1
2020-02-21T08,17.333,43.667,24.133,72.8,8.067,1,1,1,1,1
2020-02-21T09,12.0,39.0,27.8,69.7,7.9,1,1,1,1,1
2020-02-21T10,20.0,51.0,32.45,66.39,8.55,1,1,1,1,1
2020-02-21T11,30.0,52.0,30.2,87.83,8.5,1,1,1,1,1
2020-02-21T13,28.0,61.0,48.4,41.38,11.0,1,1,1,1,1
2020-02-21T14,41.0,73.0,48.8,38.34,9.2,1,1,1,1,1
2020-02-21T15,38.0,65.333,44.533,33.543,7.533,1,1,1,1,1
2020-02-21T16,45.0,75.0,54.75,55.657,9.325,1,1,1,1,1
2020-02-21T17,63.25,100.25,67.6,42.598,12.833,1,1,1,1,1
2020-02-21T18,73.0,113.0,61.05,5.1,8.5,1,1,1,1,1
2020-02-21T19,98.0,136.0,61.75,16.25,9.25,1,1,1,1,1
2020-02-21T20,116.0,147.0,50.5,164.93,13.1,1,1,1,1,1
2020-02-21T21,78.0,106.0,36.3,265.09,21.6,1,1,1,1,1
2020-02-21T22,52.0,77.0,35.85,24.01,24.05,1,1,1,1,1
2020-02-21T23,48.0,67.0,43.8,14.7,19.0,1,1,1,1,1
2020-02-22T00,53.5,91.0,55.95,12.92,17.65,1,1,1,1,1
2020-02-22T02,62.5,126.0,57.95,19.64,21.85,1,1,1,1,1
2020-02-22T03,61.0,128.0,53.9,36.74,28.95,1,1,1,1,1
2020-02-22T04,48.5,90.5,26.2,64.18,23.7,1,1,1,1,1
2020-02-22T05,46.5,78.5,24.0,75.89,20.25,1,1,1,1,1
2020-02-22T06,46.0,77.0,,87.443,,1,1,0,1,0
2020-02-22T07,45.333,77.667,,90.923,,1,1,0,1,0
2020-02-22T08,53.667,83.667,31.7,91.26,28.1,1,1,1,1,1
2020-02-22T09,56.5,85.75,31.15,,28.525,1,1,1,0,1
2020-02-22T10,55.5,90.25,33.125,90.018,22.7,1,1,1,1,1
2020-02-22T11,57.0,97.0,32.55,92.99,15.9,1,1,1,1,1
2020-02-22T12,64.0,111.0,66.2,45.58,12.733,1,1,1,1,1
2020-02-22T13,71.0,143.75,116.05,11.595,11.875,1,1,1,1,1
2020-02-22T14,97.333,222.667,117.333,6.67,11.567,1,1,1,1,1
2020-02-22T15,130.75,294.75,131.825,9.152,13.05,1,1,1,1,1
2020-02-22T16,166.25,343.0,120.85,7.683,13.4,1,1,1,1,1
2020-02-22T17,171.25,343.0,113.425,6.633,12.6,1,1,1,1,1
2020-02-22T18,157.0,307.0,103.65,5.215,11.4,2,2,2,2,2
2020-02-22T19,168.5,271.75,94.425,92.235,13.725,1,1,1,1,1
2020-02-22T20,158.0,241.0,92.2,20.54,11.6,1,1,1,1,1
2020-02-22T21,121.0,185.0,86.2,5.195,8.75,1,1,1,1,1
2020-02-22T22,137.25,185.25,63.7,6.29,9.8,1,1,1,1,1
2020-02-22T23,194.25,230.0,61.775,4.435,11.75,1,1,1,1,1
2020-02-23T00,206.5,252.5,64.2,4.183,11.3,1,1,1,1,1
2020-02-23T01,199.0,253.75,76.5,4.317,12.3,1,1,1,1,1
2020-02-23T02,210.5,282.667,90.8,16.48,16.4,1,1,1,1,1
2020-02-23T03,213.5,301.25,105.575,15.812,22.575,1,1,1,1,1
2020-02-23T04,191.75,280.25,95.925,69.06,32.25,1,1,1,1,1
2020-02-23T05,163.75,254.5,72.9,155.808,32.625,1,1,1,1,1
2020-02-23T06,137.0,210.5,65.275,126.653,24.025,1,1,1,1,1
2020-02-23T07,88.0,137.0,32.7,143.275,19.325,1,1,1,1,1
2020-02-23T08,93.25,159.25,27.775,162.195,16.875,1,1,1,1,1
2020-02-23T09,94.5,145.5,26.85,141.015,13.5,1,1,1,1,1
2020-02-23T10,92.0,145.667,27.967,124.14,12.167,1,1,1,1,1
2020-02-23T11,83.5,151.75,34.3,96.58,12.475,1,1,1,1,1
2020-02-23T12,94.0,172.0,39.6,80.05,12.5,1,1,1,1,1
2020-02-24T04,94.0,172.0,,,,1,1,0,0,0
2020-02-24T05,54.0,103.0,33.6,79.055,25.8,1,1,1,1,1
2020-02-24T06,,103.0,25.7,92.09,18.85,0,1,1,1,1
2020-02-24T07,88.0,95.0,22.9,96.96,13.6,1,1,1,1,1
2020-02-24T08,36.0,78.0,20.4,107.51,12.4,1,1,1,1,1
2020-02-24T09,44.0,95.0,19.1,121.62,14.2,1,1,1,1,1
2020-02-24T10,44.0,95.0,22.6,123.09,15.5,1,1,1,1,1
2020-02-24T11,52.0,108.0,38.05,103.565,18.35,1,1,1,1,1
2020-02-24T12,65.0,143.0,59.467,62.447,17.5,1,1,1,1,1
2020-02-24T13,86.75,176.75,112.975,13.225,14.9,1,1,1,1,1
2020-02-24T14,103.5,194.75,121.125,6.69,13.825,1,1,1,1,1
2020-02-24T15,122.0,222.5,85.125,17.773,13.4,1,1,1,1,1
2020-02-24T16,122.5,206.5,69.7,15.67,11.75,1,1,1,1,1
2020-02-24T17,117.0,195.0,98.9,3.0,11.9,1,1,1,1,1
2020-02-24T18,128.0,218.666,99.934,13.895,10.633,2,2,2,2,2
2020-02-24T19,117.75,198.5,105.4,6.467,9.425,1,1,1,1,1
2020-02-24T20,117.0,188.0,102.5,3.9,8.7,1,1,1,1,1
2020-02-24T21,138.333,207.333,86.567,3.24,8.933,1,1,1,1,1
2020-02-24T22,181.75,258.25,81.0,3.502,12.925,1,1,1,1,1
2020-02-24T23,256.0,331.0,73.833,3.36,12.033,1,1,1,1,1
2020-02-25T00,238.5,312.5,73.1,2.72,13.0,1,1,1,1,1
2020-02-25T01,266.25,347.75,76.9,3.275,14.3,1,1,1,1,1
2020-02-25T02,277.75,362.75,82.275,5.94,20.4,1,1,1,1,1
2020-02-25T03,289.5,372.5,92.1,10.545,28.8,1,1,1,1,1
2020-02-25T05,261.0,359.0,69.8,74.15,33.9,1,1,1,1,1
2020-02-25T06,,278.0,61.1,80.79,32.8,0,1,1,1,1
2020-02-25T07,114.0,174.0,43.9,104.185,32.9,1,1,1,1,1
2020-02-25T08,99.0,167.5,33.8,122.99,20.55,1,1,1,1,1
2020-02-25T10,66.0,119.0,23.7,113.44,12.5,1,1,1,1,1
2020-02-25T11,56.0,106.0,34.15,98.82,14.4,1,1,1,1,1
2020-02-25T12,51.0,118.0,103.4,25.05,12.0,1,1,1,1,1
2020-02-25T13,90.0,188.0,122.267,15.033,12.667,1,1,1,1,1
2020-02-25T14,114.333,218.667,129.6,2.87,12.3,1,1,1,1,1
2020-02-25T15,135.0,260.0,122.1,3.708,12.325,1,1,1,1,1
2020-02-25T16,152.25,286.0,123.05,3.942,14.475,1,1,1,1,1
2020-02-25T17,168.0,310.0,128.167,3.473,14.367,1,1,1,1,1
2020-02-25T18,181.0,291.0,115.7,4.66,11.8,1,1,1,1,1
2020-02-25T19,182.0,296.0,122.1,4.9,12.5,1,1,1,1,1
2020-02-25T20,197.0,310.0,112.3,27.01,13.4,1,1,1,1,1
2020-02-25T21,205.0,344.0,94.1,7.25,10.9,1,1,1,1,1
2020-02-25T23,162.0,226.0,72.35,5.92,8.5,1,1,1,1,1
2020-02-26T00,165.0,226.0,79.0,7.33,9.1,1,1,1,1,1
2020-02-26T01,206.5,313.5,103.0,6.105,12.9,1,1,1,1,1
2020-02-26T02,229.5,358.5,109.0,9.43,15.55,1,1,1,1,1
2020-02-26T03,241.0,383.75,138.525,13.788,24.7,1,1,1,1,1
2020-02-26T04,234.5,364.75,108.625,35.495,31.875,1,1,1,1,1
2020-02-26T05,186.333,289.5,68.45,67.985,42.1,1,1,1,1,1
2020-02-26T06,135.25,211.0,45.525,100.373,20.05,1,1,1,1,1
2020-02-26T07,93.0,154.75,32.85,122.403,14.0,1,1,1,1,1
2020-02-26T08,70.75,137.75,29.475,128.327,9.475,1,1,1,1,1
2020-02-26T09,71.0,138.5,31.55,135.333,11.0,1,1,1,1,1
2020-02-26T10,78.5,148.0,34.2,125.208,12.2,1,1,1,1,1
2020-02-26T11,63.5,137.25,37.525,107.907,8.45,1,1,1,1,1
2020-02-26T12,64.5,160.25,62.05,66.218,9.25,1,1,1,1,1
2020-02-26T13,110.0,242.75,117.375,203.085,17.975,1,1,1,1,1
2020-02-26T14,178.333,320.333,116.733,17.843,11.667,1,1,1,1,1
2020-02-26T15,205.5,333.0,105.8,18.34,16.35,1,1,1,1,1
2020-02-26T16,205.667,307.0,56.533,19.04,9.133,1,1,1,1,1
2020-02-26T17,162.25,214.0,54.6,14.223,6.733,1,1,1,1,1
2020-02-26T18,146.5,199.0,57.334,11.26,10.133,2,2,2,2,2
2020-02-26T19,132.0,189.5,54.75,14.098,11.85,1,1,1,1,1
2020-02-26T20,109.333,156.0,44.133,20.893,10.433,1,1,1,1,1
2020-02-26T21,109.75,153.0,43.875,14.385,11.5,1,1,1,1,1
2020-02-26T22,121.75,173.5,50.05,8.943,10.05,1,1,1,1,1
2020-02-26T23,123.25,171.75,55.7,7.515,9.2,1,1,1,1,1
2020-02-27T00,126.333,176.0,60.767,4.193,10.233,1,1,1,1,1
2020-02-27T01,133.0,186.5,60.6,5.035,9.3,1,1,1,1,1
2020-02-27T02,120.0,186.5,60.25,18.42,14.6,1,1,1,1,1
2020-02-27T03,118.75,184.25,55.95,26.475,16.3,1,1,1,1,1
2020-02-27T04,111.75,176.5,52.35,38.802,20.2,1,1,1,1,1
2020-02-27T05,97.333,160.333,40.233,60.373,18.967,1,1,1,1,1
2020-02-27T06,102.0,157.0,34.65,72.457,16.95,1,1,1,1,1
2020-02-27T07,88.25,143.75,30.425,79.037,15.925,1,1,1,1,1
2020-02-27T08,81.0,138.5,24.325,95.81,15.125,1,1,1,1,1
2020-02-27T09,75.0,134.0,26.3,105.51,13.75,1,1,1,1,1
2020-02-27T10,78.0,137.0,26.433,108.133,12.933,1,1,1,1,1
2020-02-27T11,74.25,143.667,30.4,96.815,11.45,1,1,1,1,1
2020-02-27T12,75.75,153.25,63.35,51.578,10.625,1,1,1,1,1
2020-02-27T13,86.0,188.25,92.35,20.945,17.725,1,1,1,1,1
2020-02-27T14,117.333,222.0,76.367,32.197,19.367,1,1,1,1,1
2020-02-27T15,132.5,224.0,56.45,48.873,13.5,1,1,1,1,1
2020-02-27T16,132.5,206.25,42.225,48.555,11.7,1,1,1,1,1
2020-02-27T17,128.0,189.0,26.033,49.173,8.767,1,1,1,1,1
2020-02-27T18,135.0,174.0,31.866,35.706,9.034,2,2,2,2,2
2020-02-27T19,137.333,175.667,33.433,33.06,9.0,1,1,1,1,1
2020-02-27T20,127.75,160.0,25.475,46.33,8.55,1,1,1,1,1
2020-02-27T21,110.0,134.333,19.267,50.747,8.133,1,1,1,1,1
2020-02-27T22,100.0,126.0,19.025,50.193,7.375,1,1,1,1,1
2020-02-27T23,100.25,130.333,22.65,43.86,7.45,1,1,1,1,1
2020-02-28T00,101.667,133.333,27.3,39.54,7.7,1,1,1,1,1
2020-02-28T01,100.667,139.333,51.3,32.253,7.1,1,1,1,1,1
2020-02-28T02,96.0,150.0,51.167,,7.933,1,1,1,0,1
2020-02-28T03,102.0,185.0,48.267,36.227,10.667,1,1,1,1,1
2020-02-28T04,88.667,152.667,35.733,54.33,12.1,1,1,1,1,1
2020-02-28T05,90.0,160.0,27.4,74.03,12.3,1,1,1,1,1
2020-02-28T06,85.0,168.0,28.033,79.19,11.633,1,1,1,1,1
2020-02-28T07,83.0,159.333,23.933,95.277,11.2,1,1,1,1,1
2020-02-28T08,75.0,152.0,24.033,101.267,9.667,1,1,1,1,1
2020-02-28T09,76.0,161.0,25.3,106.585,10.65,1,1,1,1,1
2020-02-28T10,78.0,161.667,27.533,90.437,9.867,1,1,1,1,1
2020-02-28T11,78.0,156.0,30.4,78.167,10.125,1,1,1,1,1
2020-02-28T12,89.0,168.0,48.9,47.57,11.5,1,1,1,1,1
2020-02-28T13,92.667,173.0,44.5,46.027,12.333,1,1,1,1,1
2020-02-28T14,100.0,183.0,50.45,35.025,11.95,1,1,1,1,1
2020-02-28T15,102.0,174.0,49.067,36.423,10.3,1,1,1,1,1
2020-02-28T16,89.5,147.333,41.475,43.067,9.125,1,1,1,1,1
2020-02-28T17,76.0,118.0,37.0,47.57,7.95,1,1,1,1,1
2020-02-28T18,71.0,106.0,29.4,49.98,8.1,1,1,1,1,1
2020-02-28T21,76.667,103.0,28.5,38.913,8.9,1,1,1,1,1
2020-02-28T22,86.0,111.0,34.2,31.77,9.2,1,1,1,1,1
2020-02-28T23,89.5,115.5,33.0,34.21,8.55,1,1,1,1,1
2020-02-29T00,89.0,113.0,33.7,33.77,7.7,1,1,1,1,1
2020-02-29T01,81.5,119.0,39.4,31.73,8.1,1,1,1,1,1
2020-02-29T02,80.0,126.333,37.067,41.59,9.633,1,1,1,1,1
2020-02-29T06,61.0,118.0,24.8,73.89,10.8,1,1,1,1,1
2020-02-29T11,73.0,153.0,37.8,40.65,11.7,1,1,1,1,1
2020-02-29T14,40.0,55.0,88.2,88.45,6.4,1,1,1,1,1
2020-02-29T17,22.0,23.0,35.7,48.49,18.7,1,1,1,1,1
2020-02-29T21,16.0,27.0,25.1,45.37,6.3,1,1,1,1,1
2020-02-29T22,7.0,22.0,24.8,45.71,7.3,1,1,1,1,1
2020-02-29T23,19.333,28.0,22.967,43.533,7.633,1,1,1,1,1
2020-03-01T00,22.0,30.0,32.9,23.62,8.1,1,1,1,1,1
2020-03-01T02,44.0,62.0,46.8,,18.7,1,1,1,0,1
2020-03-01T03,42.0,70.0,32.4,43.55,16.5,1,1,1,1,1
2020-03-01T04,33.0,62.0,32.7,54.78,15.6,1,1,1,1,1
2020-03-01T05,34.0,59.0,26.8,68.56,13.4,1,1,1,1,1
2020-03-01T06,22.0,46.0,27.7,78.75,15.3,1,1,1,1,1
2020-03-01T08,31.5,58.5,34.3,96.715,16.0,1,1,1,1,1
2020-03-01T09,34.0,61.0,33.05,106.31,15.35,1,1,1,1,1
2020-03-01T11,48.0,94.0,42.2,126.69,14.6,1,1,1,1,1
2020-03-01T13,46.0,112.667,110.7,4.553,10.433,1,1,1,1,1
2020-03-01T14,48.0,118.0,109.9,5.06,10.2,1,1,1,1,1
2020-03-01T15,49.0,146.0,117.7,5.37,11.1,1,1,1,1,1
2020-03-01T16,69.0,143.0,102.9,5.47,11.1,1,1,1,1,1
2020-03-01T17,85.0,204.0,91.95,4.92,10.55,1,1,1,1,1
2020-03-01T18,,122.0,80.2,6.005,9.0,0,1,1,1,1
2020-03-01T21,147.5,220.5,91.25,12.475,8.75,1,1,1,1,1
2020-03-01T22,182.0,239.0,73.8,10.74,9.3,1,1,1,1,1
2020-03-01T23,182.0,239.0,67.4,6.45,9.3,1,1,1,1,1
2020-03-02T00,157.0,218.0,79.7,6.84,8.6,1,1,1,1,1
2020-03-02T02,157.0,227.0,107.4,,19.7,1,1,1,0,1
2020-03-02T04,119.0,216.0,82.1,81.07,30.9,1,1,1,1,1
2020-03-02T05,119.0,216.0,60.0,77.97,25.9,1,1,1,1,1
2020-03-02T06,94.0,156.0,63.9,86.44,19.7,1,1,1,1,1
2020-03-02T09,114.0,188.0,59.05,164.05,12.45,1,1,1,1,1
2020-03-02T12,110.0,233.0,72.2,76.4,17.2,1,1,1,1,1
2020-03-02T13,114.0,264.667,141.267,9.697,13.767,1,1,1,1,1
2020-03-03T03,98.0,178.0,76.9,20.6,26.9,1,1,1,1,1
2020-03-03T04,98.0,178.0,109.4,25.07,24.5,1,1,1,1,1
2020-03-03T05,84.0,167.0,71.3,57.633,20.95,1,1,1,1,1
2020-03-03T06,66.25,151.25,32.375,99.62,15.925,1,1,1,1,1
2020-03-03T07,54.0,134.333,32.0,114.063,16.1,1,1,1,1,1
2020-03-03T08,44.333,120.667,26.8,127.277,11.6,1,1,1,1,1
2020-03-03T09,38.5,109.5,27.925,119.91,9.625,1,1,1,1,1
2020-03-03T10,28.667,89.333,29.067,112.65,9.367,1,1,1,1,1
2020-03-03T11,25.5,95.75,34.225,91.743,9.95,1,1,1,1,1
2020-03-03T12,34.667,133.333,49.667,58.013,10.3,1,1,1,1,1
2020-03-03T13,49.75,180.333,108.325,13.848,15.375,1,1,1,1,1
2020-03-03T14,75.5,223.0,122.425,5.508,16.625,1,1,1,1,1
2020-03-03T15,106.0,247.75,112.325,97.435,17.7,1,1,1,1,1
2020-03-03T16,119.333,259.0,94.533,203.75,29.0,1,1,1,1,1
2020-03-03T17,114.0,237.75,86.65,137.702,18.0,1,1,1,1,1
2020-03-03T18,108.0,228.0,69.625,35.338,58.65,2,2,2,2,2
2020-03-03T19,109.75,207.75,84.25,16.573,43.125,1,1,1,1,1
2020-03-03T20,117.75,236.5,91.925,10.53,22.325,1,1,1,1,1
2020-03-03T21,112.0,252.5,92.8,9.125,17.55,1,1,1,1,1
2020-03-03T22,112.667,262.333,93.95,8.852,17.575,1,1,1,1,1
2020-03-03T23,124.75,295.25,93.325,6.265,17.875,1,1,1,1,1
2020-03-04T00,127.333,271.0,91.667,14.727,16.567,1,1,1,1,1
2020-03-04T01,138.0,270.0,105.0,5.195,37.8,1,1,1,1,1
2020-03-04T02,159.667,307.667,97.267,19.01,74.367,1,1,1,1,1
2020-03-04T03,131.333,282.333,82.1,25.507,56.3,1,1,1,1,1
2020-03-04T04,98.667,221.0,57.633,50.537,32.167,1,1,1,1,1
2020-03-04T05,80.0,189.0,41.0,69.447,26.067,1,1,1,1,1
2020-03-04T06,60.0,133.0,30.5,96.04,22.4,1,1,1,1,1
2020-03-04T07,57.0,130.25,28.525,94.632,17.85,1,1,1,1,1
2020-03-04T08,51.0,125.667,26.0,93.85,16.9,1,1,1,1,1
2020-03-04T09,57.0,133.0,35.967,89.983,17.867,1,1,1,1,1
2020-03-04T10,70.0,149.0,35.5,84.595,18.0,1,1,1,1,1
2020-03-04T11,70.75,206.25,38.4,68.502,15.45,1,1,1,1,1
2020-03-04T12,43.0,215.5,37.8,50.765,10.3,1,1,1,1,1
2020-03-04T13,20.667,76.0,34.133,57.86,8.667,1,1,1,1,1
2020-03-04T14,19.333,59.0,34.767,75.2,14.7,1,1,1,1,1
2020-03-04T15,29.333,80.0,42.833,50.247,12.7,1,1,1,1,1
2020-03-04T16,20.0,62.0,38.75,67.31,11.0,1,1,1,1,1
2020-03-04T18,32.0,57.0,40.2,41.14,9.7,1,1,1,1,1
2020-03-05T02,45.0,85.0,48.3,,18.6,1,1,1,0,1
2020-03-05T06,40.0,79.5,26.4,71.51,17.3,1,1,1,1,1
2020-03-05T07,37.0,89.0,27.4,76.83,14.7,1,1,1,1,1
2020-03-05T08,37.0,89.0,26.7,83.03,13.2,1,1,1,1,1
2020-03-05T09,35.0,75.0,27.5,71.97,20.2,1,1,1,1,1
2020-03-05T10,35.0,75.0,23.2,79.95,14.9,1,1,1,1,1
2020-03-05T13,35.0,75.0,,18.785,,1,1,0,1,0
2020-03-05T14,22.0,73.0,34.933,32.263,11.9,1,1,1,1,1
2020-03-05T15,22.0,73.0,32.1,36.42,8.5,1,1,1,1,1
2020-03-05T16,7.5,14.0,40.4,38.745,8.95,1,1,1,1,1
2020-03-05T17,7.5,18.75,40.675,38.07,8.833,1,1,1,1,1
2020-03-05T18,13.0,24.5,36.6,43.48,8.367,2,2,2,2,2
2020-03-05T19,17.25,26.0,24.45,60.285,10.15,1,1,1,1,1
2020-03-05T20,13.75,21.5,19.325,62.01,9.55,1,1,1,1,1
2020-03-05T21,10.75,20.0,22.475,54.66,8.675,1,1,1,1,1
2020-03-05T22,13.25,26.75,18.5,63.005,7.375,1,1,1,1,1
2020-03-05T23,14.5,20.0,30.45,57.883,13.2,1,1,1,1,1
2020-03-06T00,16.75,23.75,29.85,42.105,8.925,1,1,1,1,1
2020-03-06T01,20.25,35.25,43.5,24.468,4.4,1,1,1,1,1
2020-03-06T02,27.0,39.0,63.0,18.54,7.2,1,1,1,1,1
2020-03-06T03,30.667,43.333,50.733,30.937,10.267,1,1,1,1,1
2020-03-06T04,29.25,43.0,22.125,47.352,12.75,1,1,1,1,1
2020-03-06T05,21.0,34.0,23.1,50.305,11.8,1,1,1,1,1
2020-03-06T06,16.333,36.667,22.533,57.237,15.5,1,1,1,1,1
2020-03-06T07,16.0,45.0,20.5,62.075,11.6,1,1,1,1,1
2020-03-06T08,20.25,51.0,21.4,63.752,10.55,1,1,1,1,1
2020-03-06T09,18.75,46.5,22.975,60.245,10.525,1,1,1,1,1
2020-03-06T10,18.75,40.0,25.375,57.692,7.425,1,1,1,1,1
2020-03-06T11,10.0,25.0,58.0,34.73,5.35,1,1,1,1,1
2020-03-06T12,11.0,21.0,72.533,21.533,5.733,1,1,1,1,1
2020-03-06T13,18.0,30.333,65.867,22.77,4.567,1,1,1,1,1
2020-03-06T14,20.0,26.0,53.433,29.23,3.433,1,1,1,1,1
2020-03-06T15,20.5,25.5,55.1,30.305,4.55,1,1,1,1,1
2020-03-06T16,17.0,30.0,36.9,44.59,4.6,1,1,1,1,1
2020-03-06T17,17.0,30.0,30.667,48.62,4.367,1,1,1,1,1
2020-03-07T18,107.5,164.5,69.1,1.745,6.8,1,1,1,1,1
2020-03-07T19,152.0,219.0,70.0,2.45,7.1,1,1,1,1,1
2020-03-09T06,,,,58.11,10.5,0,0,0,1,1
2020-03-09T07,18.0,106.667,22.033,73.087,8.4,1,1,1,1,1
2020-03-09T09,18.667,105.333,29.033,74.99,8.7,1,1,1,1,1
2020-03-09T10,12.0,102.0,32.8,71.27,7.9,1,1,1,1,1
2020-03-09T11,19.0,110.0,28.5,66.68,7.8,1,1,1,1,1
2020-03-09T12,26.0,114.0,49.3,40.12,7.4,1,1,1,1,1
2020-03-09T13,26.25,117.5,68.575,28.935,7.45,1,1,1,1,1
2020-03-09T14,32.5,139.0,99.2,4.94,8.8,1,1,1,1,1
2020-03-09T15,54.75,180.0,104.475,2.312,9.775,1,1,1,1,1
2020-03-09T16,92.5,223.75,113.8,3.283,12.0,1,1,1,1,1
2020-03-09T17,168.0,296.333,116.833,3.263,12.7,1,1,1,1,1
2020-03-09T18,206.0,322.5,106.85,2.83,9.15,1,1,1,1,1
2020-03-09T19,218.0,321.0,96.367,2.697,7.967,1,1,1,1,1
2020-03-09T20,220.0,320.0,88.9,3.123,7.4,1,1,1,1,1
2020-03-09T21,197.25,271.75,78.65,3.8,6.725,1,1,1,1,1
2020-03-09T22,178.5,256.25,79.025,2.575,5.2,1,1,1,1,1
2020-03-09T23,138.333,213.0,68.35,5.95,5.175,1,1,1,1,1
2020-03-10T00,114.25,184.5,43.275,16.17,5.45,1,1,1,1,1
2020-03-10T01,96.0,171.75,41.5,16.953,20.3,1,1,1,1,1
2020-03-10T02,97.333,171.667,38.233,44.08,23.633,1,1,1,1,1
2020-03-10T03,74.667,153.0,22.45,112.79,22.8,1,1,1,1,1
2020-03-10T04,43.75,104.25,15.275,92.588,13.4,1,1,1,1,1
2020-03-10T05,30.25,84.5,13.9,101.228,10.6,1,1,1,1,1
2020-03-10T06,28.667,89.333,14.2,114.557,10.433,1,1,1,1,1
2020-03-10T07,34.25,100.5,15.6,114.602,12.575,1,1,1,1,1
2020-03-10T08,51.25,116.0,16.175,123.135,15.35,1,1,1,1,1
2020-03-10T09,62.5,122.5,17.25,135.118,14.95,1,1,1,1,1
2020-03-10T10,58.0,124.0,19.65,122.49,14.4,1,1,1,1,1
2020-03-10T11,48.0,102.75,18.65,117.9,16.1,1,1,1,1,1
2020-03-10T12,46.25,104.25,22.925,107.105,14.75,1,1,1,1,1
2020-03-10T13,41.0,102.0,28.5,93.91,12.867,1,1,1,1,1
2020-03-10T14,48.25,115.0,48.775,37.86,10.725,1,1,1,1,1
2020-03-10T15,68.25,145.5,71.35,17.267,6.925,1,1,1,1,1
2020-03-10T16,64.333,131.0,62.133,21.597,6.1,1,1,1,1,1
2020-03-10T17,67.0,135.0,45.8,33.44,6.1,1,1,1,1,1
2020-03-10T18,62.0,124.0,59.15,10.24,6.8,1,1,2,2,2
2020-03-10T19,73.75,149.0,68.775,130.738,12.225,1,1,1,1,1
2020-03-10T20,77.5,151.75,44.875,37.198,11.525,1,1,1,1,1
2020-03-10T21,69.0,131.333,32.567,36.737,12.733,1,1,1,1,1
2020-03-10T22,61.5,118.5,39.475,26.61,10.2,1,1,1,1,1
2020-03-10T23,62.75,106.75,24.875,41.358,8.775,1,1,1,1,1
2020-03-11T00,62.0,103.0,23.5,49.53,8.9,1,1,1,1,1
2020-03-11T01,66.0,90.0,,38.097,,1,1,0,1,0
2020-03-11T02,69.0,100.0,46.4,,10.967,1,1,1,0,1
2020-03-11T03,70.25,115.5,27.225,56.95,11.7,1,1,1,1,1
2020-03-11T04,59.333,105.333,23.267,67.26,12.1,1,1,1,1,1
2020-03-11T05,60.0,106.0,19.8,79.815,12.4,1,1,1,1,1
2020-03-11T06,45.0,97.5,19.1,91.68,12.1,1,1,1,1,1
2020-03-11T07,41.25,94.0,21.4,88.85,11.675,1,1,1,1,1
2020-03-11T08,38.667,88.333,19.1,88.34,13.167,1,1,1,1,1
2020-03-11T09,40.5,89.5,18.9,83.095,11.7,1,1,1,1,1
2020-03-11T10,37.0,90.667,18.0,84.833,11.233,1,1,1,1,1
2020-03-11T11,37.5,92.5,24.05,74.088,10.825,1,1,1,1,1
2020-03-11T12,39.0,94.0,36.3,55.74,10.267,1,1,1,1,1
2020-03-11T13,50.0,189.0,50.175,40.605,10.95,1,1,1,1,1
2020-03-11T14,58.0,127.667,38.6,50.6,11.0,1,1,1,1,1
2020-03-11T15,54.5,115.5,27.675,59.897,11.45,1,1,1,1,1
2020-03-11T16,50.0,105.0,22.0,64.73,11.2,1,1,1,1,1
2020-03-11T17,59.0,90.0,16.65,47.95,9.0,1,1,1,1,1
2020-03-11T18,64.25,88.5,21.125,41.047,7.8,2,2,2,2,2
2020-03-11T19,69.0,91.667,30.567,23.203,6.333,1,1,1,1,1
2020-03-11T20,64.25,116.25,30.425,21.492,6.675,1,1,1,1,1
2020-03-11T21,43.0,187.5,30.175,28.383,6.625,1,1,1,1,1
2020-03-11T22,40.0,210.0,32.75,29.575,6.25,1,1,1,1,1
2020-03-11T23,49.0,212.5,47.8,12.247,6.167,1,1,1,1,1
2020-03-12T00,53.0,202.0,72.3,3.57,7.0,1,1,1,1,1
2020-03-12T01,72.0,169.0,,148.55,,1,1,0,1,0
2020-03-12T02,104.25,152.0,47.925,16.03,11.775,1,1,1,1,1
2020-03-12T03,114.0,177.0,33.05,21.99,12.25,1,1,1,1,1
2020-03-12T04,108.0,175.0,32.833,32.583,15.733,1,1,1,1,1
2020-03-12T05,109.0,171.0,31.85,36.805,17.75,1,1,1,1,1
2020-03-12T06,48.0,143.0,19.3,57.09,9.9,1,1,1,1,1
2020-03-12T07,43.75,139.0,18.875,66.05,8.75,1,1,1,1,1
2020-03-12T08,31.0,127.0,21.567,69.01,7.8,1,1,1,1,1
2020-03-12T09,23.0,118.667,20.6,74.417,7.567,1,1,1,1,1
2020-03-12T10,21.0,116.0,20.3,78.275,6.45,1,1,1,1,1
2020-03-12T11,24.0,108.75,26.075,72.985,6.675,1,1,1,1,1
2020-03-12T12,27.0,105.0,53.6,42.305,7.7,1,1,1,1,1
2020-03-12T13,31.5,141.75,105.675,4.317,16.0,1,1,1,1,1
2020-03-12T14,50.75,205.5,110.9,2.325,20.2,1,1,1,1,1
2020-03-12T15,61.75,236.5,107.1,2.763,23.125,1,1,1,1,1
2020-03-12T16,72.0,230.333,97.9,3.0,17.133,1,1,1,1,1
2020-03-12T17,74.5,214.5,83.625,4.692,15.4,1,1,1,1,1
2020-03-12T18,73.0,196.0,62.725,9.797,12.225,2,2,2,2,2
2020-03-12T19,81.667,196.333,64.9,7.1,12.433,1,1,1,1,1
2020-03-12T20,80.5,187.0,69.375,4.678,10.8,1,1,1,1,1
2020-03-12T21,78.0,171.5,63.333,5.313,11.1,1,1,1,1,1
2020-03-12T22,77.0,166.25,61.25,5.027,10.25,1,1,1,1,1
2020-03-12T23,73.333,157.0,72.033,2.43,10.8,1,1,1,1,1
2020-03-13T00,66.0,149.0,68.8,2.46,11.267,1,1,1,1,1
2020-03-13T01,73.667,185.0,70.7,3.553,23.8,1,1,1,1,1
2020-03-13T02,89.0,208.75,61.775,12.96,20.8,1,1,1,1,1
2020-03-13T03,85.0,191.25,62.875,19.53,13.625,1,1,1,1,1
2020-03-13T04,68.0,174.5,60.275,34.242,11.35,1,1,1,1,1
2020-03-13T05,53.0,167.0,59.95,61.425,12.4,1,1,1,1,1
2020-03-13T06,38.25,161.0,28.0,97.985,9.975,1,1,1,1,1
2020-03-13T07,28.0,151.0,27.5,105.225,8.5,1,1,1,1,1
2020-03-13T08,26.0,148.667,20.433,113.953,6.633,1,1,1,1,1
2020-03-13T09,25.25,152.5,31.425,115.867,8.275,1,1,1,1,1
2020-03-13T10,44.0,265.75,35.75,108.575,12.125,1,1,1,1,1
2020-03-13T11,53.25,330.0,34.0,86.375,14.575,1,1,1,1,1
2020-03-13T12,54.0,327.0,47.033,32.463,15.967,1,1,1,1,1
2020-03-13T13,31.0,123.0,55.733,32.9,19.967,1,1,1,1,1
2020-03-13T14,26.25,83.0,36.575,37.545,9.425,1,1,1,1,1
2020-03-13T15,20.75,60.5,32.525,38.68,8.85,1,1,1,1,1
2020-03-13T16,18.667,51.333,25.3,35.227,7.4,1,1,1,1,1
2020-03-13T17,42.667,49.333,45.1,14.83,6.1,1,1,1,1,1
2020-03-13T18,70.667,56.667,22.467,28.683,7.233,1,1,1,1,1
2020-03-13T19,23.5,46.5,20.45,27.42,8.25,1,1,1,1,1
2020-03-13T20,23.0,44.5,24.7,25.92,9.55,1,1,1,1,1
2020-03-13T21,19.0,38.0,25.7,26.24,11.2,1,1,1,1,1
2020-03-13T22,23.5,41.5,14.975,30.277,9.425,1,1,1,1,1
2020-03-13T23,19.0,34.0,29.1,15.945,6.85,1,1,1,1,1
2020-03-14T00,26.0,41.0,33.2,11.94,6.35,1,1,1,1,1
2020-03-14T01,33.0,49.0,37.2,11.545,7.7,1,1,1,1,1
2020-03-14T02,27.0,44.333,35.233,20.52,10.033,1,1,1,1,1
2020-03-14T03,28.0,54.333,27.533,27.33,12.267,1,1,1,1,1
2020-03-14T04,32.75,59.25,26.15,34.237,14.625,1,1,1,1,1
2020-03-14T05,38.0,63.75,22.85,40.828,15.375,1,1,1,1,1
2020-03-14T06,28.75,59.25,18.55,56.315,13.325,1,1,1,1,1
2020-03-14T07,29.5,69.25,24.05,62.547,12.65,1,1,1,1,1
2020-03-14T08,33.5,90.0,26.5,59.89,8.2,1,1,1,1,1
2020-03-14T09,33.75,108.75,21.325,64.72,5.2,1,1,1,1,1
2020-03-14T10,40.25,70.75,54.35,40.098,7.6,1,1,1,1,1
2020-03-14T11,47.25,90.25,98.65,21.068,9.3,1,1,1,1,1
2020-03-14T12,57.0,106.0,113.767,7.603,7.4,1,1,1,1,1
2020-03-14T13,61.0,130.0,94.55,17.65,6.45,1,1,1,1,1
2020-03-14T14,68.667,152.0,79.367,6.92,6.667,1,1,1,1,1
2020-03-14T15,96.0,164.0,81.5,4.87,6.6,1,1,1,1,1
2020-03-14T16,97.333,161.333,68.933,89.6,7.333,1,1,1,1,1
2020-03-14T17,69.75,114.75,34.75,32.28,13.7,1,1,1,1,1
2020-03-14T18,39.666,75.334,37.4,24.962,19.133,2,2,2,2,2
2020-03-14T19,43.0,78.5,59.225,6.578,9.425,1,1,1,1,1
2020-03-14T20,44.0,85.0,67.567,4.207,8.333,1,1,1,1,1
2020-03-14T21,46.0,89.0,67.15,3.1,7.8,1,1,1,1,1
2020-03-14T22,48.25,103.5,67.175,15.28,6.975,1,1,1,1,1
2020-03-14T23,54.0,104.0,65.3,14.68,6.367,1,1,1,1,1
2020-03-15T00,51.0,107.0,63.775,19.93,6.175,1,1,1,1,1
2020-03-15T01,63.333,138.667,73.4,128.447,12.5,1,1,1,1,1
2020-03-15T02,103.0,176.667,86.2,87.36,19.233,1,1,1,1,1
2020-03-15T03,88.0,139.0,46.8,49.755,28.25,1,1,1,1,1
2020-03-15T04,52.5,88.333,34.75,52.205,23.35,1,1,1,1,1
2020-03-15T05,42.667,75.333,24.233,65.09,18.8,1,1,1,1,1
2020-03-15T06,37.333,64.0,22.25,77.455,16.675,1,1,1,1,1
2020-03-15T07,33.25,66.0,17.075,84.828,10.35,1,1,1,1,1
2020-03-15T08,25.0,72.0,14.0,86.77,8.9,1,1,1,1,1
2020-03-16T05,25.0,72.0,,102.37,,1,1,0,1,0
2020-03-16T06,,,33.15,95.94,10.65,0,0,1,1,1
2020-03-16T07,40.5,123.0,35.3,125.035,10.8,1,1,1,1,1
2020-03-16T10,36.333,108.667,26.333,113.81,13.167,1,1,1,1,1
2020-03-16T11,39.0,102.0,29.6,104.055,12.4,1,1,1,1,1
2020-03-16T12,34.0,117.0,64.05,47.785,9.3,1,1,1,1,1
2020-03-16T13,39.667,141.0,116.067,3.577,8.467,1,1,1,1,1
2020-03-16T14,47.0,169.0,114.9,2.135,8.9,1,1,1,1,1
2020-03-16T15,77.0,241.0,120.567,1.727,9.967,1,1,1,1,1
2020-03-16T16,70.0,224.0,116.7,2.39,10.2,1,1,1,1,1
2020-03-16T18,96.0,218.0,103.7,2.18,9.6,1,1,1,1,1
2020-03-16T19,112.0,212.0,97.7,2.41,10.8,1,1,1,1,1
2020-03-16T21,111.0,194.0,89.4,4.47,8.7,1,1,1,1,1
2020-03-16T22,94.0,169.0,90.1,2.61,8.2,1,1,1,1,1
2020-03-16T23,90.0,167.0,95.7,3.06,7.6,1,1,1,1,1
2020-03-17T00,102.0,190.0,81.7,3.53,6.9,1,1,1,1,1
2020-03-17T01,102.0,190.0,,6.06,,1,1,0,1,0
2020-03-17T02,126.0,224.5,84.5,28.81,18.05,1,1,1,1,1
2020-03-17T03,133.0,237.0,51.0,45.71,18.2,1,1,1,1,1
2020-03-17T04,73.0,172.0,24.9,77.03,14.7,1,1,1,1,1
2020-03-17T07,31.0,117.0,24.5,114.11,10.1,1,1,1,1,1
2020-03-17T08,27.0,98.667,22.467,110.073,10.7,1,1,1,1,1
2020-03-17T09,26.0,92.0,22.2,107.737,10.133,1,1,1,1,1
2020-03-17T10,32.0,97.0,25.1,102.14,9.8,1,1,1,1,1
2020-03-17T11,30.5,96.75,31.675,88.42,9.725,1,1,1,1,1
2020-03-17T12,28.75,101.75,57.4,55.1,9.925,1,1,1,1,1
2020-03-17T13,37.0,119.0,94.7,24.343,10.067,1,1,1,1,1
2020-03-17T14,56.5,169.75,126.025,2.365,10.325,1,1,1,1,1
2020-03-17T15,73.75,204.0,134.4,4.353,9.825,1,1,1,1,1
2020-03-17T16,87.75,234.5,123.55,5.595,10.1,1,1,1,1,1
2020-03-17T17,96.0,244.0,116.233,5.043,9.65,1,1,1,1,1
2020-03-17T18,96.0,224.0,109.925,4.4,9.3,2,2,2,2,2
2020-03-17T19,89.5,213.5,101.45,6.945,8.25,1,1,1,1,1
2020-03-17T20,78.5,181.25,49.85,26.598,8.0,1,1,1,1,1
2020-03-17T21,61.5,129.667,61.5,18.885,7.375,1,1,1,1,1
2020-03-17T22,69.0,139.0,86.6,9.847,7.267,1,1,1,1,1
2020-03-17T23,69.667,143.333,76.833,11.69,7.167,1,1,1,1,1
2020-03-18T00,63.25,138.5,64.425,23.442,7.325,1,1,1,1,1
2020-03-18T01,67.667,147.0,90.7,26.137,10.9,1,1,1,1,1
2020-03-18T02,76.25,164.5,77.325,32.22,13.225,1,1,1,1,1
2020-03-18T03,80.0,175.0,60.9,49.575,14.95,1,1,1,1,1
2020-03-18T04,61.0,161.0,42.525,72.275,14.5,1,1,1,1,1
2020-03-18T05,53.0,143.5,39.15,105.4,11.25,1,1,1,1,1
2020-03-18T06,51.667,139.333,35.3,114.593,10.8,1,1,1,1,1
2020-03-18T07,41.0,118.0,30.15,108.72,7.95,1,1,1,1,1
2020-03-18T08,32.0,110.333,22.5,103.36,6.633,1,1,1,1,1
2020-03-18T09,26.0,107.0,19.95,101.645,7.6,1,1,1,1,1
2020-03-18T10,25.25,96.25,21.225,95.163,6.6,1,1,1,1,1
2020-03-18T11,26.5,92.0,29.5,84.095,5.4,1,1,1,1,1
2020-03-18T12,30.5,106.0,57.0,49.265,5.95,1,1,1,1,1
2020-03-18T13,41.5,135.25,115.775,9.575,8.525,1,1,1,1,1
2020-03-18T14,57.5,180.25,125.95,2.103,8.9,1,1,1,1,1
2020-03-18T15,70.0,208.5,123.3,3.297,8.575,1,1,1,1,1
2020-03-18T16,84.75,238.25,94.65,7.98,7.0,1,1,1,1,1
2020-03-18T17,84.25,208.75,82.3,8.667,8.5,1,1,1,1,1
2020-03-18T18,86.334,194.666,89.083,4.497,8.166,2,2,2,2,2
2020-03-18T19,91.75,212.25,96.95,2.843,9.3,1,1,1,1,1
2020-03-18T20,90.5,196.0,95.0,3.245,7.45,1,1,1,1,1
2020-03-18T21,97.0,203.5,98.767,4.887,8.8,1,1,1,1,1
2020-03-18T22,101.0,210.0,95.75,10.77,9.45,1,1,1,1,1
2020-03-18T23,106.667,210.667,90.033,4.46,7.867,1,1,1,1,1
2020-03-19T00,121.667,231.667,81.4,3.16,8.133,1,1,1,1,1
2020-03-19T01,154.0,263.0,74.3,3.597,18.4,1,1,1,1,1
2020-03-19T02,256.0,379.0,86.5,9.29,38.5,1,1,1,1,1
2020-03-19T03,243.5,358.667,89.0,19.025,34.825,1,1,1,1,1
2020-03-19T04,181.667,285.0,59.667,46.697,25.4,1,1,1,1,1
2020-03-19T05,133.0,219.0,47.2,72.54,20.9,1,1,1,1,1
2020-03-19T06,79.0,159.0,42.433,97.297,18.133,1,1,1,1,1
2020-03-19T08,46.0,120.0,23.4,122.727,13.9,1,1,1,1,1
2020-03-19T09,37.0,114.333,26.433,121.253,13.2,1,1,1,1,1
2020-03-19T10,46.667,136.0,29.267,130.313,16.767,1,1,1,1,1
2020-03-19T11,62.0,163.25,31.475,100.127,13.475,1,1,1,1,1
2020-03-19T12,62.5,172.5,40.8,73.26,11.2,1,1,1,1,1
2020-03-19T13,65.5,193.75,62.625,43.55,8.925,1,1,1,1,1
2020-03-19T14,77.75,215.25,84.55,24.36,10.175,1,1,1,1,1
2020-03-19T15,101.0,237.0,70.7,28.33,13.267,1,1,1,1,1
2020-03-19T16,139.0,244.0,67.133,388.59,100.7,1,1,1,1,1
2020-03-19T17,152.0,250.0,61.067,127.91,125.4,1,1,1,1,1
2020-03-19T18,120.834,214.0,49.633,55.862,54.416,2,2,2,2,2
2020-03-19T19,117.5,200.25,75.15,69.697,30.475,1,1,1,1,1
2020-03-19T20,114.0,201.5,93.65,69.765,28.0,1,1,1,1,1
2020-03-19T21,80.25,144.25,90.375,18.46,18.625,1,1,1,1,1
2020-03-19T22,76.333,133.333,82.767,14.953,14.333,1,1,1,1,1
2020-03-19T23,76.667,142.333,89.167,20.37,11.9,1,1,1,1,1
2020-03-20T00,87.0,159.5,88.0,180.483,15.65,1,1,1,1,1
2020-03-20T01,106.0,215.5,106.7,343.043,39.3,1,1,1,1,1
2020-03-20T02,137.5,279.25,113.225,84.44,49.775,1,1,1,1,1
2020-03-20T03,139.75,297.0,82.575,72.022,47.775,1,1,1,1,1
2020-03-20T09,68.0,146.0,28.1,127.16,41.3,1,1,1,1,1
2020-03-20T12,51.0,138.0,67.2,62.01,20.8,1,1,1,1,1
2020-03-20T13,80.0,207.0,111.9,17.46,23.5,1,1,1,1,1
2020-03-20T15,101.0,268.0,125.3,4.93,15.75,1,1,1,1,1
2020-03-20T16,116.333,295.333,116.3,4.32,15.633,1,1,1,1,1
2020-03-20T17,123.0,306.0,104.6,9.31,15.2,1,1,1,1,1
2020-03-20T21,57.333,138.333,64.633,10.877,12.1,1,1,1,1,1
2020-03-20T22,52.0,139.0,77.9,5.06,9.9,1,1,1,1,1
2020-03-20T23,60.0,140.0,66.1,8.43,8.9,1,1,1,1,1
2020-03-21T02,39.0,125.0,57.9,,16.8,1,1,1,0,1
2020-03-21T04,137.0,240.0,32.05,78.475,21.55,1,1,1,1,1
2020-03-21T06,78.0,172.0,23.6,116.58,22.3,1,1,1,1,1
2020-03-21T09,91.0,193.0,39.6,134.48,24.3,1,1,1,1,1
2020-03-21T10,94.0,206.0,37.55,121.46,21.65,1,1,1,1,1
2020-03-21T12,51.0,146.0,65.433,60.773,16.633,1,1,1,1,1
2020-03-21T14,68.0,194.0,132.2,2.74,18.0,1,1,1,1,1
2020-03-21T15,111.0,271.0,142.1,2.88,19.1,1,1,1,1,1
2020-03-21T16,137.0,311.0,149.9,2.72,16.6,1,1,1,1,1
2020-03-21T17,177.0,262.0,52.1,,,1,1,1,0,0
2020-03-22T12,33.0,75.0,12.1,82.73,10.6,1,1,1,1,1
2020-03-22T14,55.0,125.0,25.9,52.72,12.1,1,1,1,1,1
2020-03-22T16,42.0,86.0,20.9,56.53,10.1,1,1,1,1,1
2020-03-23T01,74.0,105.0,,9.74,,1,1,0,1,0
2020-03-23T02,72.0,112.0,54.3,,17.3,1,1,1,0,1
2020-03-23T15,61.0,151.0,66.3,29.13,14.2,1,1,1,1,1
2020-03-23T16,68.0,177.0,53.0,32.14,30.2,1,1,1,1,1
2020-03-23T18,90.0,140.0,25.6,48.88,21.4,1,1,1,1,1
2020-03-24T07,66.5,131.0,11.8,112.05,20.8,1,1,1,1,1
2020-03-24T08,58.0,120.0,9.25,112.475,17.9,1,1,1,1,1
2020-03-24T10,49.0,226.5,10.95,58.18,10.0,1,1,1,1,1
2020-03-24T12,11.0,22.0,22.8,34.99,8.5,1,1,1,1,1
2020-03-24T18,26.0,44.0,37.2,6.9,6.8,1,1,1,1,1
2020-03-25T01,90.0,106.0,,11.52,,1,1,0,1,0
2020-03-25T04,40.667,74.0,17.133,31.583,23.433,1,1,1,1,1
2020-03-25T05,24.0,56.0,12.9,47.96,23.2,1,1,1,1,1
2020-03-25T06,23.0,62.0,14.8,86.93,15.4,1,1,1,1,1
2020-03-25T07,24.0,64.5,12.6,84.81,13.55,1,1,1,1,1
2020-03-26T07,18.0,58.0,7.7,39.34,16.4,1,1,1,1,1
2020-03-26T08,15.0,51.0,9.4,37.49,11.1,1,1,1,1,1
2020-03-26T09,14.0,51.0,11.05,37.605,10.1,1,1,1,1,1
2020-03-26T10,24.0,48.0,8.8,45.06,9.4,1,1,1,1,1
2020-03-26T11,23.5,50.25,10.825,41.81,9.825,1,1,1,1,1
2020-03-26T12,23.25,62.75,12.875,36.438,9.925,1,1,1,1,1
2020-03-26T13,30.0,80.75,18.65,25.968,10.275,1,1,1,1,1
2020-03-26T14,43.0,87.75,26.35,15.68,10.175,1,1,1,1,1
2020-03-26T15,54.0,100.5,28.15,10.705,9.875,1,1,1,1,1
2020-03-26T16,51.0,94.75,26.875,10.283,10.15,1,1,1,1,1
2020-03-26T17,52.333,88.667,26.667,7.883,10.35,1,1,1,1,1
2020-03-26T18,59.5,89.25,28.7,6.088,9.625,2,2,2,2,2
2020-03-26T19,84.0,117.0,16.533,9.577,11.2,1,1,1,1,1
2020-03-26T20,87.0,120.5,8.65,15.66,11.775,1,1,1,1,1
2020-03-26T21,23.667,52.0,8.0,18.733,9.367,1,1,1,1,1
2020-03-26T22,10.75,36.25,8.5,22.218,8.125,1,1,1,1,1
2020-03-26T23,12.333,33.333,8.7,21.457,7.333,1,1,1,1,1
2020-03-27T00,16.5,38.0,14.45,13.932,6.625,1,1,1,1,1
2020-03-27T01,16.75,40.25,19.4,10.172,7.3,1,1,1,1,1
2020-03-27T02,23.333,48.0,20.033,8.17,6.767,1,1,1,1,1
2020-03-27T03,28.5,49.0,23.45,7.34,6.45,1,1,1,1,1
2020-03-27T04,32.5,50.5,24.5,10.113,6.675,1,1,1,1,1
2020-03-27T05,36.5,56.0,17.95,22.705,10.325,1,1,1,1,1
2020-03-27T06,30.5,44.25,8.775,25.11,11.575,1,1,1,1,1
2020-03-27T07,13.333,24.0,6.067,31.17,9.167,1,1,1,1,1
2020-03-27T08,6.0,18.0,20.233,23.9,20.0,1,1,1,1,1
2020-03-27T09,4.667,16.667,7.167,34.11,10.933,1,1,1,1,1
2020-03-27T10,2.5,14.75,5.4,39.872,9.275,1,1,1,1,1
2020-03-27T11,5.333,19.0,4.467,44.877,8.2,1,1,1,1,1
2020-03-27T12,8.5,22.75,4.425,49.333,7.875,1,1,1,1,1
2020-03-27T13,12.333,27.667,8.933,44.703,7.967,1,1,1,1,1
2020-03-27T14,16.0,38.0,10.675,39.935,6.65,1,1,1,1,1
2020-03-27T15,13.0,30.75,11.475,27.62,5.875,1,1,1,1,1
2020-03-27T16,13.25,18.25,11.925,21.922,5.7,1,1,1,1,1
2020-03-27T17,14.25,19.75,12.125,22.327,5.833,1,1,1,1,1
2020-03-27T18,15.0,22.0,13.034,21.709,6.417,2,2,2,2,2
2020-03-27T19,15.0,23.0,13.667,17.67,6.767,1,1,1,1,1
2020-03-27T20,14.25,20.5,15.5,13.09,7.5,1,1,1,1,1
2020-03-27T21,16.75,21.5,21.775,8.367,6.95,1,1,1,1,1
2020-03-27T22,21.25,21.0,30.375,5.992,6.95,1,1,1,1,1
2020-03-27T23,18.5,24.0,26.025,6.925,6.8,1,1,1,1,1
2020-03-28T00,25.75,36.5,23.85,8.697,6.775,1,1,1,1,1
2020-03-28T01,50.75,70.75,14.3,12.965,13.4,1,1,1,1,1
2020-03-28T02,40.667,53.333,13.4,16.25,14.767,1,1,1,1,1
2020-03-28T03,27.0,36.75,12.375,18.038,14.5,1,1,1,1,1
2020-03-28T04,20.75,31.75,10.425,23.353,13.725,1,1,1,1,1
2020-03-28T05,12.333,27.667,8.9,29.447,12.833,1,1,1,1,1
2020-03-28T06,13.0,25.5,8.0,34.66,11.25,1,1,1,1,1
2020-03-28T07,10.0,23.5,6.8,36.293,11.025,1,1,1,1,1
2020-03-28T08,6.25,22.25,7.05,39.92,10.125,1,1,1,1,1
2020-03-28T09,4.333,23.0,6.5,42.82,9.967,1,1,1,1,1
2020-03-28T10,5.0,22.667,6.633,44.563,9.7,1,1,1,1,1
2020-03-28T11,4.5,23.75,6.75,47.562,9.025,1,1,1,1,1
2020-03-28T12,5.0,32.75,10.125,47.605,8.925,1,1,1,1,1
2020-03-28T13,15.75,47.25,17.825,34.222,8.85,1,1,1,1,1
2020-03-28T14,29.5,55.5,23.725,26.015,8.925,1,1,1,1,1
2020-03-28T15,31.0,55.5,29.225,21.42,9.3,1,1,1,1,1
2020-03-28T16,37.0,64.667,19.767,24.997,9.533,1,1,1,1,1
2020-03-28T17,30.0,55.25,17.55,23.273,9.5,1,1,1,1,1
2020-03-28T18,25.834,50.5,16.4,22.955,7.95,2,2,2,2,2
2020-03-28T19,18.75,36.0,16.325,20.675,7.525,1,1,1,1,1
2020-03-28T20,14.5,30.75,14.425,18.625,6.45,1,1,1,1,1
2020-03-28T21,13.0,33.0,12.325,22.26,5.875,1,1,1,1,1
2020-03-28T22,13.25,36.667,14.15,24.4,5.8,1,1,1,1,1
2020-03-28T23,14.0,44.0,11.967,26.047,5.767,1,1,1,1,1
2020-03-29T00,16.25,41.25,16.75,23.965,5.675,1,1,1,1,1
2020-03-29T01,26.5,51.5,15.6,27.0,8.2,1,1,1,1,1
2020-03-29T02,27.25,63.5,14.9,32.61,9.55,1,1,1,1,1
2020-03-29T03,25.333,64.667,12.3,39.5,10.167,1,1,1,1,1
2020-03-29T04,23.0,60.5,10.7,47.3,9.533,1,1,1,1,1
2020-03-29T05,17.0,63.0,8.15,55.33,8.6,1,1,1,1,1
2020-03-29T06,17.0,,7.167,61.25,8.367,1,0,1,1,1
2020-03-29T07,10.333,,6.033,63.78,8.133,1,0,1,1,1
2020-03-29T08,7.667,,5.0,67.707,7.3,1,0,1,1,1
2020-03-29T09,5.5,,5.25,69.68,7.1,1,0,1,1,1
2020-03-29T10,7.0,,5.233,72.563,6.9,1,0,1,1,1
2020-03-29T11,6.0,,5.733,69.103,7.3,1,0,1,1,1
2020-03-29T12,8.75,,6.725,65.57,6.975,1,0,1,1,1
2020-03-29T13,20.75,,19.9,47.865,7.475,1,0,1,1,1
2020-03-29T14,38.75,,25.6,38.185,7.2,1,0,1,1,1
2020-03-29T15,31.75,,21.575,42.875,7.2,1,0,1,1,1
2020-03-29T16,33.0,,16.033,41.793,7.467,1,0,1,1,1
2020-03-29T17,37.0,,13.1,39.877,7.333,1,0,1,1,1
2020-03-29T18,28.334,,11.45,39.296,7.35,2,0,2,2,2
2020-03-29T19,23.333,,6.833,46.643,6.867,1,0,1,1,1
2020-03-29T20,21.5,,6.775,53.145,6.75,1,0,1,1,1
2020-03-29T21,26.333,,7.067,57.12,6.6,1,0,1,1,1
2020-03-29T22,27.0,,9.75,45.395,6.65,1,0,1,1,1
2020-03-29T23,31.0,,12.4,39.44,6.7,1,0,1,1,1
2020-03-30T01,,,,23.46,,0,0,0,1,0
2020-03-30T02,89.0,,16.85,29.65,14.5,1,0,1,1,1
2020-03-30T03,101.75,,16.4,50.123,18.575,1,0,1,1,1
2020-03-30T04,71.0,,15.6,59.54,16.7,1,0,1,1,1
2020-03-30T05,42.75,,9.475,72.843,11.225,1,0,1,1,1
2020-03-30T06,20.25,,7.85,77.233,9.575,1,0,1,1,1
2020-03-30T07,14.0,,6.85,82.4,8.1,1,0,1,1,1
2020-03-30T08,10.0,,6.867,83.75,7.8,1,0,1,1,1
2020-03-30T09,10.0,,5.967,81.25,7.8,1,0,1,1,1
2020-03-30T10,10.5,,6.6,80.005,7.975,1,0,1,1,1
2020-03-30T11,11.667,,8.133,74.75,8.467,1,0,1,1,1
2020-03-30T12,13.25,,9.525,73.797,8.1,1,0,1,1,1
2020-03-30T13,21.75,,13.8,62.773,7.95,1,0,1,1,1
2020-03-30T14,32.0,,22.775,46.453,8.75,1,0,1,1,1
2020-03-30T15,45.0,,24.775,39.555,9.025,1,0,1,1,1
2020-03-30T16,39.0,,27.067,31.687,8.5,1,0,1,1,1
2020-03-30T17,41.333,,32.4,25.29,7.95,1,0,1,1,1
2020-03-30T18,41.75,,28.875,26.023,7.025,2,0,2,2,2
2020-03-30T19,47.333,,24.067,29.447,6.433,1,0,1,1,1
2020-03-30T20,50.667,,15.375,39.498,7.475,1,0,1,1,1
2020-03-30T21,55.0,,15.033,36.25,8.9,1,0,1,1,1
2020-03-30T22,47.75,,11.725,40.18,7.4,1,0,1,1,1
2020-03-30T23,31.667,,10.733,38.757,6.667,1,0,1,1,1
2020-03-31T00,30.75,,12.8,35.14,6.05,1,0,1,1,1
2020-03-31T01,31.25,,19.3,31.672,21.8,1,0,1,1,1
2020-03-31T02,33.0,,17.333,48.14,20.033,1,0,1,1,1
2020-03-31T03,28.25,,13.35,59.615,15.0,1,0,1,1,1
2020-03-31T04,24.667,,11.733,67.98,12.733,1,0,1,1,1
2020-03-31T05,21.0,,14.167,91.913,12.167,1,0,1,1,1
2020-03-31T06,19.333,,11.367,110.16,12.533,1,0,1,1,1
2020-03-31T07,19.25,,8.475,98.572,9.8,1,0,1,1,1
2020-03-31T08,16.5,,7.2,87.812,8.7,1,0,1,1,1
2020-03-31T09,14.5,,7.65,84.858,7.35,1,0,1,1,1
2020-03-31T10,12.5,,11.275,72.377,7.525,1,0,1,1,1
2020-03-31T11,11.25,,8.625,74.385,7.2,1,0,1,1,1
2020-03-31T12,18.0,,10.55,59.21,9.4,1,0,1,1,1
2020-03-31T13,27.0,,12.167,54.76,9.7,1,0,1,1,1
2020-03-31T14,33.0,,9.133,57.983,8.433,1,0,1,1,1
2020-03-31T15,25.0,,9.4,51.16,8.6,1,0,1,1,1
2020-03-31T16,28.333,,9.333,35.037,6.233,1,0,1,1,1
2020-03-31T17,23.0,,13.35,23.65,5.8,1,0,1,1,1
2020-03-31T18,17.0,,15.1,19.48,6.25,2,0,2,2,2
2020-03-31T19,10.0,,9.2,26.97,10.3,1,0,1,1,1
2020-03-31T20,27.0,,11.767,25.8,10.6,1,0,1,1,1
2020-03-31T21,39.25,,15.95,22.667,9.85,1,0,1,1,1
2020-03-31T22,34.0,,16.175,21.785,10.45,1,0,1,1,1
2020-03-31T23,32.333,,13.067,23.77,12.533,1,0,1,1,1
2020-04-01T00,33.0,,22.0,13.575,12.825,1,0,1,1,1
2020-04-01T01,42.25,,18.9,11.192,11.1,1,0,1,1,1
2020-04-01T02,33.333,,21.267,20.15,12.767,1,0,1,1,1
2020-04-01T03,32.25,,25.575,33.727,13.625,1,0,1,1,1
2020-04-01T04,33.0,,24.133,54.573,15.967,1,0,1,1,1
2020-04-01T05,37.25,,20.05,86.67,16.25,1,0,1,1,1
2020-04-01T06,30.0,,13.367,95.097,13.267,1,0,1,1,1
2020-04-01T07,23.25,,8.9,98.008,12.45,1,0,1,1,1
2020-04-01T08,31.0,,8.033,102.963,12.867,1,0,1,1,1
2020-04-01T09,26.0,,6.925,92.157,12.95,1,0,1,1,1
2020-04-01T10,24.0,,5.767,77.76,12.033,1,0,1,1,1
2020-04-01T11,17.0,,5.05,77.54,10.1,1,0,1,1,1
2020-04-01T12,17.0,,6.6,65.555,10.3,1,0,1,1,1
2020-04-01T13,21.333,,11.2,52.193,9.367,1,0,1,1,1
2020-04-01T14,25.75,,14.675,45.475,9.175,1,0,1,1,1
2020-04-01T15,27.5,,20.1,40.305,10.05,1,0,1,1,1
2020-04-01T16,35.0,,18.75,41.96,10.15,1,0,1,1,1
2020-04-01T17,36.0,,13.025,39.91,10.233,1,0,1,1,1
2020-04-01T18,33.0,,12.95,33.815,9.483,1,0,2,2,2
2020-04-01T19,32.0,,10.8,32.553,8.875,1,0,1,1,1
2020-04-01T20,35.0,,11.35,28.565,8.9,1,0,1,1,1
2020-04-01T21,30.75,,9.725,31.222,8.55,1,0,1,1,1
2020-04-01T22,24.75,,8.5,32.242,7.975,1,0,1,1,1
2020-04-01T23,28.75,,11.9,31.402,7.825,1,0,1,1,1
2020-04-02T00,34.25,,13.4,26.837,7.8,1,0,1,1,1
2020-04-02T01,35.25,,13.3,26.505,10.3,1,0,1,1,1
2020-04-02T02,36.0,,13.025,39.93,11.25,1,0,1,1,1
2020-04-02T03,35.75,,12.325,51.96,12.15,1,0,1,1,1
2020-04-02T04,32.667,,10.0,62.667,12.067,1,0,1,1,1
2020-04-02T05,26.25,,9.15,65.43,11.325,1,0,1,1,1
2020-04-02T06,19.0,,7.35,67.812,10.325,1,0,1,1,1
2020-04-02T07,11.0,,5.4,72.34,9.25,1,0,1,1,1
2020-04-02T08,8.667,,5.367,74.48,8.367,1,0,1,1,1
2020-04-02T09,7.5,,4.775,77.225,8.375,1,0,1,1,1
2020-04-02T10,12.0,,4.5,84.24,7.4,1,0,1,1,1
2020-04-02T11,15.75,,4.875,87.315,7.375,1,0,1,1,1
2020-04-02T12,10.333,,6.633,88.657,7.6,1,0,1,1,1
2020-04-02T13,17.667,,10.5,77.317,7.433,1,0,1,1,1
2020-04-02T14,27.0,,14.733,69.663,8.3,1,0,1,1,1
2020-04-02T15,29.0,,17.533,62.363,8.533,1,0,1,1,1
2020-04-02T16,32.25,,17.25,59.593,13.475,1,0,1,1,1
2020-04-02T17,30.0,,17.4,49.825,15.3,1,0,1,1,1
2020-04-02T18,24.0,,17.6,51.591,21.45,1,0,2,2,2
2020-04-02T19,21.5,,20.7,52.418,15.3,1,0,1,1,1
2020-04-02T20,17.25,,19.95,50.792,11.1,1,0,1,1,1
2020-04-02T21,17.25,,18.6,53.905,9.125,1,0,1,1,1
2020-04-02T22,16.0,,16.175,53.675,8.55,1,0,1,1,1
2020-04-02T23,26.0,,14.567,45.483,7.433,1,0,1,1,1
2020-04-03T00,57.5,,14.55,34.33,10.15,1,0,1,1,1
2020-04-03T01,120.333,,17.6,26.14,20.0,1,0,1,1,1
2020-04-03T02,125.5,,17.625,65.62,17.5,1,0,1,1,1
2020-04-03T03,60.667,,10.367,80.4,10.1,1,0,1,1,1
2020-04-03T04,22.0,,7.4,97.465,9.275,1,0,1,1,1
2020-04-03T05,13.5,,7.5,105.39,8.5,1,0,1,1,1
2020-04-03T06,7.75,,6.425,107.583,8.0,1,0,1,1,1
2020-04-03T07,11.5,,6.25,108.407,7.875,1,0,1,1,1
2020-04-03T08,6.667,,5.6,106.907,7.433,1,0,1,1,1
2020-04-03T09,5.333,,5.133,106.727,7.433,1,0,1,1,1
2020-04-03T10,3.75,,5.2,107.245,7.175,1,0,1,1,1
2020-04-03T11,4.5,,5.7,104.295,7.3,1,0,1,1,1
2020-04-03T12,9.5,,7.65,99.565,7.275,1,0,1,1,1
2020-04-03T13,12.75,,13.225,83.755,7.35,1,0,1,1,1
2020-04-03T14,22.667,,21.133,65.997,7.433,1,0,1,1,1
2020-04-03T15,34.333,,28.2,54.483,7.8,1,0,1,1,1
2020-04-03T16,41.0,,28.425,47.615,8.525,1,0,1,1,1
2020-04-03T17,44.25,,30.275,42.39,8.133,1,0,1,1,1
2020-04-03T18,36.0,,26.35,43.935,9.075,2,0,2,2,2
2020-04-03T19,54.0,,26.033,43.417,10.2,1,0,1,1,1
2020-04-03T20,45.5,,15.8,57.625,9.0,1,0,1,1,1
2020-04-03T21,33.5,,12.4,59.668,8.55,1,0,1,1,1
2020-04-03T22,27.0,,19.367,42.663,9.733,1,0,1,1,1
2020-04-03T23,41.0,,23.8,36.828,10.525,1,0,1,1,1
2020-04-04T00,60.75,,25.9,23.96,9.55,1,0,1,1,1
2020-04-04T01,66.75,,35.4,28.89,20.1,1,0,1,1,1
2020-04-04T02,67.5,,30.6,65.76,25.8,1,0,1,1,1
2020-04-04T03,56.25,,19.075,81.995,19.05,1,0,1,1,1
2020-04-04T04,34.667,,11.967,99.79,13.067,1,0,1,1,1
2020-04-04T05,29.0,,12.575,112.23,10.4,1,0,1,1,1
2020-04-04T06,18.75,,9.1,105.592,8.9,1,0,1,1,1
2020-04-04T07,14.0,,6.2,100.647,8.15,1,0,1,1,1
2020-04-04T08,11.0,,5.275,94.588,7.725,1,0,1,1,1
2020-04-04T09,10.0,,4.175,90.4,7.0,1,0,1,1,1
2020-04-04T10,6.75,,4.4,92.48,6.95,1,0,1,1,1
2020-04-04T11,7.75,,6.075,97.433,7.95,1,0,1,1,1
2020-04-04T12,13.0,,9.833,88.783,8.467,1,0,1,1,1
2020-04-04T13,22.5,,17.8,74.06,8.65,1,0,1,1,1
2020-04-04T14,32.5,,26.425,58.71,8.85,1,0,1,1,1
2020-04-04T15,47.25,,33.575,44.31,9.0,1,0,1,1,1
2020-04-04T16,61.5,,40.35,33.242,9.5,1,0,1,1,1
2020-04-04T17,65.5,,40.65,28.73,10.033,1,0,1,1,1
2020-04-04T18,62.5,,32.767,40.12,11.0,2,0,2,2,2
2020-04-04T19,55.75,,24.25,48.475,13.625,1,0,1,1,1
2020-04-04T20,58.5,,19.475,60.008,21.2,1,0,1,1,1
2020-04-04T21,63.25,,19.4,287.265,28.25,1,0,1,1,1
2020-04-04T22,73.667,,19.1,74.977,24.233,1,0,1,1,1
2020-04-04T23,73.75,,21.375,25.6,16.375,1,0,1,1,1
2020-04-05T00,78.25,,23.1,22.273,22.45,1,0,1,1,1
2020-04-05T01,94.25,,26.4,35.09,16.9,1,0,1,1,1
2020-04-05T02,65.75,,25.55,67.86,15.55,1,0,1,1,1
2020-04-05T03,53.5,,16.325,89.145,17.675,1,0,1,1,1
2020-04-05T04,39.75,,11.875,101.49,16.025,1,0,1,1,1
2020-04-05T05,43.0,,8.0,102.307,11.65,1,0,1,1,1
2020-04-05T06,28.0,,7.067,108.943,12.167,1,0,1,1,1
2020-04-05T07,29.0,,5.775,103.475,11.125,1,0,1,1,1
2020-04-05T08,23.25,,5.8,110.373,11.2,1,0,1,1,1
2020-04-05T09,22.75,,6.775,117.278,11.925,1,0,1,1,1
2020-04-05T10,19.0,,5.433,122.12,11.8,1,0,1,1,1
2020-04-05T11,22.5,,5.8,125.218,12.3,1,0,1,1,1
2020-04-05T12,22.5,,5.85,111.935,14.8,1,0,1,1,1
2020-04-05T13,29.0,,10.075,95.635,13.05,1,0,1,1,1
2020-04-05T14,40.667,,17.2,75.053,14.333,1,0,1,1,1
2020-04-05T15,52.0,,17.333,75.383,13.3,1,0,1,1,1
2020-04-05T16,85.333,,30.933,45.15,18.733,1,0,1,1,1
2020-04-05T17,120.0,,30.2,42.29,21.133,1,0,1,1,1
2020-04-05T18,126.834,,25.666,44.657,19.483,2,0,2,2,2
2020-04-05T19,118.0,,25.6,87.495,101.575,1,0,1,1,1
2020-04-05T20,122.0,,17.55,88.85,76.35,1,0,1,1,1
2020-04-05T21,110.333,,17.2,63.807,55.4,1,0,1,1,1
2020-04-05T22,90.75,,20.475,148.695,50.1,1,0,1,1,1
2020-04-05T23,93.0,,28.7,338.68,74.075,1,0,1,1,1
2020-04-06T00,104.0,,34.925,62.887,26.425,1,0,1,1,1
2020-04-06T01,108.5,,29.8,23.933,23.9,1,0,1,1,1
2020-04-06T02,102.0,,30.75,63.35,25.0,1,0,1,1,1
2020-04-06T03,89.0,,25.05,93.4,21.0,1,0,1,1,1
2020-04-06T04,61.333,,20.1,114.657,16.0,1,0,1,1,1
2020-04-06T05,43.0,,10.5,116.3,12.2,1,0,1,1,1
2020-04-06T06,28.0,,8.65,115.445,11.25,1,0,1,1,1
2020-04-06T07,20.0,,6.325,115.95,10.35,1,0,1,1,1
2020-04-06T08,20.75,,5.725,104.945,11.175,1,0,1,1,1
2020-04-06T09,22.0,,4.367,93.38,11.3,1,0,1,1,1
2020-04-06T10,18.25,,3.8,86.532,10.05,1,0,1,1,1
2020-04-06T11,12.75,,4.75,87.738,8.725,1,0,1,1,1
2020-04-06T12,14.25,,8.125,80.038,8.675,1,0,1,1,1
2020-04-06T13,23.333,,11.35,68.237,9.25,1,0,1,1,1
2020-04-06T14,30.25,,18.675,55.332,9.75,1,0,1,1,1
2020-04-06T15,37.333,,17.0,56.5,10.633,1,0,1,1,1
2020-04-06T16,35.5,,11.375,56.4,12.15,1,0,1,1,1
2020-04-06T17,28.0,,11.4,52.61,12.3,1,0,1,1,1
2020-04-06T19,27.0,,11.55,44.9,8.9,1,0,1,1,1
2020-04-06T20,28.25,,12.475,50.072,10.25,1,0,1,1,1
2020-04-06T21,29.333,,20.725,42.66,18.825,1,0,1,1,1
2020-04-06T22,28.25,,13.75,51.57,10.425,1,0,1,1,1
2020-04-06T23,24.0,,11.75,46.117,8.05,1,0,1,1,1
2020-04-07T00,31.25,,19.075,30.075,8.35,1,0,1,1,1
2020-04-07T01,46.25,,25.7,22.865,12.0,1,0,1,1,1
2020-04-07T02,55.333,,23.3,43.9,16.2,1,0,1,1,1
2020-04-07T03,60.0,,20.3,61.14,23.75,1,0,1,1,1
2020-04-07T07,13.25,,5.4,79.468,8.4,1,0,1,1,1
2020-04-07T08,11.0,,4.7,79.38,7.3,1,0,1,1,1
2020-04-07T12,7.0,,6.4,79.03,7.2,1,0,1,1,1
2020-04-07T16,20.0,,9.2,61.56,7.9,1,0,1,1,1
2020-04-07T17,20.0,,11.8,56.51,8.0,1,0,1,1,1
2020-04-08T01,26.5,,14.3,51.655,16.6,1,0,1,1,1
2020-04-08T06,14.5,,6.1,89.72,9.6,1,0,1,1,1
2020-04-08T07,17.0,,5.9,90.505,8.85,1,0,1,1,1
2020-04-08T08,13.0,,5.6,94.88,9.1,1,0,1,1,1
2020-04-08T12,9.667,,6.633,92.72,7.8,1,0,1,1,1
2020-04-08T13,11.0,,8.6,87.77,7.9,1,0,1,1,1
2020-04-08T14,17.0,,15.5,75.97,7.7,1,0,1,1,1
2020-04-08T15,25.0,,19.7,58.02,7.9,1,0,1,1,1
2020-04-08T16,26.5,,17.8,67.09,8.85,1,0,1,1,1
2020-04-09T03,64.0,,11.9,87.3,18.2,1,0,1,1,1
2020-04-09T04,39.0,,7.5,103.14,14.6,1,0,1,1,1
2020-04-09T06,22.0,,6.75,109.82,10.6,1,0,1,1,1
2020-04-09T07,18.0,,6.4,109.49,10.2,1,0,1,1,1
2020-04-09T08,15.0,,5.475,107.995,9.6,1,0,1,1,1
2020-04-09T09,9.0,,4.75,110.303,9.075,1,0,1,1,1
2020-04-09T10,9.5,,4.625,106.015,9.675,1,0,1,1,1
2020-04-09T11,11.0,,5.6,104.87,9.3,1,0,1,1,1
2020-04-09T12,16.25,,11.475,92.655,8.975,1,0,1,1,1
2020-04-09T13,20.75,,21.35,72.41,9.225,1,0,1,1,1
2020-04-09T14,40.0,,23.575,66.985,9.5,1,0,1,1,1
2020-04-09T15,39.667,,25.267,59.153,9.267,1,0,1,1,1
2020-04-09T16,47.75,,30.925,45.56,9.075,1,0,1,1,1
2020-04-09T17,56.25,,40.025,29.667,9.533,1,0,1,1,1
2020-04-09T18,66.0,,38.55,27.229,9.7,1,0,2,2,2
2020-04-09T19,70.5,,42.4,28.968,12.775,1,0,1,1,1
2020-04-09T20,83.0,,29.25,47.77,17.95,1,0,1,1,1
2020-04-09T21,84.0,,35.0,24.957,17.7,1,0,1,1,1
2020-04-09T22,91.5,,37.65,25.75,16.125,1,0,1,1,1
2020-04-09T23,73.667,,31.95,27.215,14.5,1,0,1,1,1
2020-04-10T00,73.75,,37.35,15.525,14.7,1,0,1,1,1
2020-04-10T01,104.75,,31.2,29.245,21.0,1,0,1,1,1
2020-04-10T02,117.5,,31.05,59.62,22.475,1,0,1,1,1
2020-04-10T03,97.0,,23.5,92.63,22.95,1,0,1,1,1
2020-04-10T04,44.25,,11.275,113.665,17.95,1,0,1,1,1
2020-04-10T05,30.0,,11.967,134.077,20.8,1,0,1,1,1
2020-04-10T06,30.25,,10.8,143.958,12.825,1,0,1,1,1
2020-04-10T07,28.75,,9.925,135.25,10.15,1,0,1,1,1
2020-04-10T08,19.75,,6.4,124.398,9.3,1,0,1,1,1
2020-04-10T09,13.0,,5.067,130.507,9.7,1,0,1,1,1
2020-04-10T10,14.333,,6.567,125.587,8.467,1,0,1,1,1
2020-04-10T11,13.0,,6.7,122.735,8.6,1,0,1,1,1
2020-04-10T12,13.333,,11.7,96.363,8.3,1,0,1,1,1
2020-04-10T13,16.0,,20.5,73.327,8.733,1,0,1,1,1
2020-04-10T14,40.0,,39.6,45.325,11.3,1,0,1,1,1
2020-04-10T15,80.667,,43.6,461.645,75.1,1,0,1,1,1
2020-04-10T16,96.0,,40.3,445.94,144.1,1,0,1,1,1
2020-04-10T17,99.0,,42.9,,130.0,1,0,1,0,1
2020-04-10T18,143.5,,44.75,,118.55,2,0,2,0,2
2020-04-10T19,139.0,,46.025,,167.075,1,0,1,0,1
2020-04-10T20,117.667,,32.533,,162.567,1,0,1,0,1
2020-04-10T21,102.333,,34.2,202.12,166.233,1,0,1,1,1
2020-04-10T22,111.5,,27.4,88.13,46.25,1,0,1,1,1
2020-04-10T23,124.75,,28.65,136.72,59.375,1,0,1,1,1
2020-04-11T00,137.5,,24.575,72.295,46.55,1,0,1,1,1
2020-04-11T01,126.0,,26.5,143.01,52.7,1,0,1,1,1
2020-04-11T02,126.25,,23.0,135.79,49.4,1,0,1,1,1
2020-04-11T03,99.75,,15.3,116.832,27.775,1,0,1,1,1
2020-04-11T04,50.75,,9.2,110.347,15.725,1,0,1,1,1
2020-04-11T05,38.25,,7.575,136.43,18.425,1,0,1,1,1
2020-04-11T06,29.0,,6.2,134.48,15.5,1,0,1,1,1
2020-04-11T07,28.0,,7.233,137.703,13.533,1,0,1,1,1
2020-04-11T08,26.25,,6.15,130.245,12.875,1,0,1,1,1
2020-04-11T09,22.0,,6.05,133.625,11.75,1,0,1,1,1
2020-04-11T10,21.5,,5.525,130.93,11.675,1,0,1,1,1
2020-04-11T11,26.75,,5.725,123.017,12.2,1,0,1,1,1
2020-04-11T12,29.667,,9.933,110.283,11.6,1,0,1,1,1
2020-04-11T13,32.75,,16.15,82.403,10.6,1,0,1,1,1
2020-04-11T14,37.667,,22.1,68.17,9.6,1,0,1,1,1
2020-04-11T15,36.667,,18.533,72.597,9.767,1,0,1,1,1
2020-04-11T16,35.0,,15.075,67.375,10.225,1,0,1,1,1
2020-04-11T17,30.333,,14.867,63.973,10.4,1,0,1,1,1
2020-04-11T18,28.0,,11.65,63.425,12.75,1,0,1,1,1
2020-04-11T19,29.5,,11.55,64.043,12.3,1,0,1,1,1
2020-04-11T20,30.75,,9.325,62.44,13.575,1,0,1,1,1
2020-04-11T21,29.25,,10.1,58.433,12.975,1,0,1,1,1
2020-04-11T22,25.5,,10.15,63.027,12.45,1,0,1,1,1
2020-04-11T23,20.75,,12.3,56.898,12.075,1,0,1,1,1
2020-04-12T00,23.0,,13.95,52.083,12.475,1,0,1,1,1
2020-04-12T01,48.5,,15.8,44.12,20.9,1,0,1,1,1
2020-04-12T02,78.25,,16.975,53.35,28.425,1,0,1,1,1
2020-04-12T03,106.75,,15.75,80.215,23.975,1,0,1,1,1
2020-04-12T04,64.0,,10.45,94.475,16.35,1,0,1,1,1
2020-04-12T05,37.0,,8.05,101.41,14.1,1,0,1,1,1
2020-04-12T06,20.667,,6.133,99.347,12.067,1,0,1,1,1
2020-04-12T07,16.0,,6.233,95.89,11.467,1,0,1,1,1
2020-04-12T08,18.75,,5.725,94.847,10.925,1,0,1,1,1
2020-04-12T09,15.0,,4.9,95.64,10.35,1,0,1,1,1
2020-04-12T10,10.0,,4.6,91.0,8.9,1,0,1,1,1
2020-04-12T11,10.25,,6.175,90.195,8.45,1,0,1,1,1
2020-04-12T12,11.0,,7.65,88.985,8.0,1,0,1,1,1
2020-04-12T13,20.333,,18.367,71.94,9.633,1,0,1,1,1
2020-04-12T14,32.75,,20.725,62.537,9.95,1,0,1,1,1
2020-04-12T15,50.0,,30.05,38.75,12.2,1,0,1,1,1
2020-04-12T16,62.0,,33.367,34.94,13.0,1,0,1,1,1
2020-04-12T17,60.75,,32.375,32.492,11.6,1,0,1,1,1
2020-04-12T18,60.0,,32.55,27.765,13.725,1,0,2,2,2
2020-04-12T19,69.0,,33.067,24.957,17.633,1,0,1,1,1
2020-04-12T20,72.0,,29.825,22.432,16.675,1,0,1,1,1
2020-04-12T21,65.25,,27.725,22.455,17.45,1,0,1,1,1
2020-04-12T22,70.25,,32.875,12.527,16.3,1,0,1,1,1
2020-04-12T23,81.0,,40.6,7.99,19.625,1,0,1,1,1
2020-04-13T00,107.75,,39.8,8.262,24.0,1,0,1,1,1
2020-04-13T01,138.0,,38.9,16.633,41.8,1,0,1,1,1
2020-04-13T02,182.5,,32.7,66.11,64.35,1,0,1,1,1
2020-04-13T03,171.75,,19.725,89.83,42.825,1,0,1,1,1
2020-04-13T04,90.0,,14.4,110.45,34.7,1,0,1,1,1
2020-04-13T05,64.0,,10.2,114.59,17.3,1,0,1,1,1
2020-04-13T06,32.0,,7.433,101.403,14.2,1,0,1,1,1
2020-04-13T07,24.5,,6.3,95.87,11.8,1,0,1,1,1
2020-04-13T08,16.75,,5.725,89.7,10.25,1,0,1,1,1
2020-04-13T09,16.5,,5.15,91.9,10.075,1,0,1,1,1
2020-04-13T10,17.5,,5.425,100.242,10.75,1,0,1,1,1
2020-04-13T11,15.75,,6.875,101.733,10.35,1,0,1,1,1
2020-04-13T12,17.5,,11.875,89.257,10.0,1,0,1,1,1
2020-04-13T13,29.0,,24.3,64.938,9.875,1,0,1,1,1
2020-04-13T14,46.0,,34.833,50.2,11.167,1,0,1,1,1
2020-04-13T15,57.25,,39.05,31.867,11.625,1,0,1,1,1
2020-04-13T16,61.25,,42.0,30.62,14.175,1,0,1,1,1
2020-04-13T17,62.0,,39.867,24.167,14.533,1,0,1,1,1
2020-04-13T18,64.667,,33.633,31.013,17.133,1,0,1,1,1
2020-04-13T19,56.0,,35.333,17.44,17.267,1,0,1,1,1
2020-04-13T20,54.0,,25.625,44.105,15.55,1,0,1,1,1
2020-04-13T21,46.667,,20.367,59.733,19.6,1,0,1,1,1
2020-04-13T22,55.0,,24.075,34.81,23.775,1,0,1,1,1
2020-04-13T23,56.0,,29.225,22.478,19.075,1,0,1,1,1
2020-04-14T00,50.0,,23.95,29.37,19.55,1,0,1,1,1
2020-04-14T01,58.75,,54.4,19.082,18.7,1,0,1,1,1
2020-04-14T02,77.0,,46.45,61.72,22.8,1,0,1,1,1
2020-04-14T03,64.5,,28.775,76.133,24.55,1,0,1,1,1
2020-04-14T04,40.5,,18.8,90.593,23.025,1,0,1,1,1
2020-04-14T05,27.333,,11.067,103.123,19.4,1,0,1,1,1
2020-04-14T06,26.25,,6.55,102.463,16.375,1,0,1,1,1
2020-04-14T07,21.0,,5.65,102.56,16.7,1,0,1,1,1
2020-04-14T08,21.75,,3.95,104.235,12.875,1,0,1,1,1
2020-04-14T09,21.0,,5.367,125.13,15.967,1,0,1,1,1
2020-04-14T10,25.5,,5.05,134.653,15.1,1,0,1,1,1
2020-04-14T11,27.0,,5.2,130.32,13.9,1,0,1,1,1
2020-04-14T12,26.333,,13.9,104.297,14.3,1,0,1,1,1
2020-04-14T13,33.0,,23.633,80.387,14.667,1,0,1,1,1
2020-04-14T14,56.667,,28.575,61.185,14.5,1,0,1,1,1
2020-04-14T15,76.5,,29.525,48.608,16.725,1,0,1,1,1
2020-04-14T16,89.5,,29.55,40.427,18.075,1,0,1,1,1
2020-04-14T17,88.0,,27.867,37.03,17.567,1,0,1,1,1
2020-04-14T18,68.166,,22.5,37.877,14.316,2,0,2,2,2
2020-04-14T19,63.333,,20.933,28.557,13.567,1,0,1,1,1
2020-04-14T20,57.5,,19.25,32.705,15.05,1,0,1,1,1
2020-04-14T21,43.25,,13.35,42.085,18.775,1,0,1,1,1
2020-04-14T22,43.333,,14.325,38.07,16.65,1,0,1,1,1
2020-04-14T23,64.0,,15.75,30.165,17.75,1,0,1,1,1
2020-04-15T00,83.0,,15.65,29.113,17.525,1,0,1,1,1
2020-04-15T01,92.0,,,25.54,,1,0,0,1,0
2020-04-15T02,103.25,,18.7,41.36,21.275,1,0,1,1,1
2020-04-15T03,106.0,,15.375,51.555,21.775,1,0,1,1,1
2020-04-15T04,76.0,,12.8,73.38,20.9,1,0,1,1,1
2020-04-15T07,31.0,,5.3,89.34,10.8,1,0,1,1,1
2020-04-15T09,23.667,,5.267,83.287,8.7,1,0,1,1,1
2020-04-15T10,15.0,,3.975,78.097,7.725,1,0,1,1,1
2020-04-15T11,9.0,,5.133,84.013,7.567,1,0,1,1,1
2020-04-15T12,10.5,,11.175,78.18,7.5,1,0,1,1,1
2020-04-15T13,18.0,,26.0,54.15,8.133,1,0,1,1,1
2020-04-15T14,43.75,,48.2,25.933,9.875,1,0,1,1,1
2020-04-15T15,52.0,,53.4,13.45,10.4,1,0,1,1,1
2020-04-15T16,67.75,,61.95,18.593,26.925,1,0,1,1,1
2020-04-15T17,97.0,,53.125,20.66,24.0,1,0,1,1,1
2020-04-15T18,104.666,,52.1,18.131,18.233,2,0,2,2,2
2020-04-15T19,104.0,,60.15,11.863,16.05,1,0,1,1,1
2020-04-15T20,111.75,,60.6,9.748,14.75,1,0,1,1,1
2020-04-15T21,99.25,,50.5,6.465,16.45,1,0,1,1,1
2020-04-15T22,95.75,,40.075,9.067,15.95,1,0,1,1,1
2020-04-15T23,86.25,,42.25,5.715,17.025,1,0,1,1,1
2020-04-16T00,103.75,,39.675,7.987,19.625,1,0,1,1,1
2020-04-16T01,133.0,,37.4,19.927,44.9,1,0,1,1,1
2020-04-16T02,171.667,,32.625,51.86,66.075,1,0,1,1,1
2020-04-16T03,215.25,,38.55,93.512,42.8,1,0,1,1,1
2020-04-16T04,172.0,505.0,31.85,139.243,36.125,1,1,1,1,1
2020-04-16T05,117.75,505.0,17.375,145.692,26.85,1,1,1,1,1
2020-04-16T06,80.25,436.0,15.9,161.285,26.075,1,1,1,1,1
2020-04-16T07,78.0,229.0,11.6,127.747,17.067,1,1,1,1,1
2020-04-16T08,33.25,226.0,6.35,85.422,8.2,1,1,1,1,1
2020-04-16T09,8.0,226.0,5.7,74.515,6.775,1,1,1,1,1
2020-04-16T10,9.667,122.0,4.6,74.003,5.967,1,1,1,1,1
2020-04-16T11,7.333,122.0,5.933,80.933,5.5,1,1,1,1,1
2020-04-16T12,9.0,122.0,12.6,80.653,5.95,1,1,1,1,1
2020-04-16T13,17.5,122.0,26.825,60.283,7.05,1,1,1,1,1
2020-04-16T14,34.0,122.0,40.767,42.187,8.667,1,1,1,1,1
2020-04-16T15,49.25,122.0,40.0,44.0,9.925,1,1,1,1,1
2020-04-16T18,,,13.9,79.46,12.7,0,0,1,1,1
2020-04-16T20,31.0,122.0,12.2,68.27,9.1,1,1,1,1,1
2020-04-17T00,22.0,122.0,11.75,61.715,11.0,1,1,1,1,1
2020-04-17T01,20.0,122.0,,58.437,,1,1,0,1,0
2020-04-17T02,22.0,122.0,10.9,,12.0,1,1,1,0,1
2020-04-17T06,16.0,122.0,4.3,83.54,9.7,1,1,1,1,1
2020-04-17T07,16.0,122.0,3.9,87.23,8.7,1,1,1,1,1
2020-04-17T11,11.0,122.0,6.0,106.96,9.3,1,1,1,1,1
2020-04-17T12,14.0,122.0,9.1,79.583,11.067,1,1,1,1,1
2020-04-17T13,20.0,122.0,12.8,74.34,10.8,1,1,1,1,1
2020-04-17T14,19.0,122.0,14.4,73.99,11.4,1,1,1,1,1
2020-04-17T18,26.0,122.0,11.45,60.85,12.9,2,2,2,2,2
2020-04-18T07,14.0,118.0,4.1,96.205,9.05,1,1,1,1,1
2020-04-18T08,14.0,106.0,3.9,100.86,8.5,1,1,1,1,1
2020-04-18T11,13.0,106.0,2.0,114.09,7.7,1,1,1,1,1
2020-04-18T12,20.25,106.0,15.35,70.552,8.3,1,1,1,1,1
2020-04-18T13,35.5,106.0,63.275,22.907,9.3,1,1,1,1,1
2020-04-18T14,27.5,106.0,59.6,20.94,10.4,1,1,1,1,1
2020-04-18T15,37.5,106.0,23.5,47.375,14.05,1,1,1,1,1
2020-04-18T16,34.333,106.0,9.433,46.517,8.533,1,1,1,1,1
2020-04-18T21,20.75,106.0,9.2,39.475,9.825,1,1,1,1,1
2020-04-18T22,21.5,106.0,11.25,25.752,7.275,1,1,1,1,1
2020-04-18T23,16.25,106.0,25.05,11.248,7.725,1,1,1,1,1
2020-04-19T00,15.25,106.0,28.275,7.207,8.5,1,1,1,1,1
2020-04-19T01,19.0,106.0,39.8,6.213,12.3,1,1,1,1,1
2020-04-19T02,24.667,106.0,37.333,13.99,15.0,1,1,1,1,1
2020-04-19T03,41.75,106.0,27.475,21.307,17.125,1,1,1,1,1
2020-04-19T04,59.0,106.0,19.4,36.56,24.533,1,1,1,1,1
2020-04-19T05,110.5,106.0,17.0,63.168,21.2,1,1,1,1,1
2020-04-19T06,56.0,106.0,11.35,76.767,14.075,1,1,1,1,1
2020-04-19T07,21.333,106.0,8.225,80.985,11.775,1,1,1,1,1
2020-04-19T08,17.5,106.0,6.775,88.73,10.9,1,1,1,1,1
2020-04-19T09,16.0,106.0,7.567,96.217,10.333,1,1,1,1,1
2020-04-19T10,3.333,106.0,6.175,90.59,8.075,1,1,1,1,1
2020-04-19T11,4.0,106.0,8.3,89.22,7.5,1,1,1,1,1
2020-04-19T12,5.333,106.0,12.033,83.627,7.2,1,1,1,1,1
2020-04-19T13,16.333,106.0,22.2,71.927,7.967,1,1,1,1,1
2020-04-19T14,47.0,106.0,33.1,48.575,8.45,1,1,1,1,1
2020-04-19T15,57.0,106.0,50.067,32.093,11.067,1,1,1,1,1
2020-04-19T16,89.25,106.0,44.675,34.32,26.35,1,1,1,1,1
2020-04-19T17,89.0,106.0,35.533,35.277,19.2,1,1,1,1,1
2020-04-19T18,86.666,106.0,33.95,26.761,22.8,2,2,2,2,2
2020-04-19T19,90.333,106.0,47.9,8.063,16.367,1,1,1,1,1
2020-04-19T20,100.5,106.0,50.25,8.585,16.275,1,1,1,1,1
2020-04-19T21,102.333,106.0,52.933,11.663,16.333,1,1,1,1,1
2020-04-19T22,104.25,106.0,48.025,10.765,18.75,1,1,1,1,1
2020-04-19T23,91.333,106.0,48.267,13.06,17.067,1,1,1,1,1
2020-04-20T00,94.667,106.0,49.333,9.52,18.133,1,1,1,1,1
2020-04-20T01,98.25,106.0,40.9,7.775,22.6,1,1,1,1,1
2020-04-20T02,108.5,106.0,33.125,10.54,28.675,1,1,1,1,1
2020-04-20T03,97.75,106.0,17.675,12.692,17.6,1,1,1,1,1
2020-04-20T04,26.75,106.0,9.575,22.667,12.0,1,1,1,1,1
2020-04-20T05,7.5,106.0,9.075,30.33,11.525,1,1,1,1,1
2020-04-20T07,7.0,106.0,7.7,60.49,10.7,1,1,1,1,1
2020-04-20T08,7.0,106.0,6.225,70.382,8.8,1,1,1,1,1
2020-04-20T09,6.333,106.0,7.633,69.71,9.267,1,1,1,1,1
2020-04-20T10,4.0,106.0,6.65,69.335,8.8,1,1,1,1,1
2020-04-20T11,3.0,106.0,12.5,66.535,8.5,1,1,1,1,1
2020-04-20T12,6.0,106.0,12.8,62.513,8.5,1,1,1,1,1
2020-04-20T13,8.0,106.0,11.45,55.91,8.0,1,1,1,1,1
2020-04-20T14,24.667,106.0,20.367,34.803,9.5,1,1,1,1,1
2020-04-20T15,38.0,106.0,35.767,19.963,11.1,1,1,1,1,1
2020-04-20T16,41.5,106.0,11.0,53.37,14.55,1,1,1,1,1
2020-04-20T17,33.75,106.0,10.725,50.377,16.967,1,1,1,1,1
2020-04-20T18,36.0,106.0,10.025,43.593,18.225,1,1,2,2,2
2020-04-20T19,44.333,106.0,13.325,36.59,20.725,1,1,1,1,1
2020-04-20T20,39.333,106.0,16.167,35.843,15.567,1,1,1,1,1
2020-04-20T21,33.5,106.0,17.1,21.967,13.525,1,1,1,1,1
2020-04-20T22,38.0,106.0,18.1,17.88,13.0,1,1,1,1,1
2020-04-20T23,40.0,106.0,20.3,15.06,12.75,1,1,1,1,1
2020-04-21T00,44.0,106.0,23.233,7.237,11.333,1,1,1,1,1
2020-04-21T01,39.0,106.0,,12.025,,1,1,0,1,0
2020-04-21T02,49.0,106.0,22.025,39.44,17.85,1,1,1,1,1
2020-04-21T03,49.0,106.0,21.8,54.59,16.3,1,1,1,1,1
2020-04-21T04,42.0,106.0,21.4,93.65,21.5,1,1,1,1,1
2020-04-21T05,44.0,106.0,17.6,115.82,20.5,1,1,1,1,1
2020-04-21T06,43.0,106.0,12.7,106.72,15.2,1,1,1,1,1
2020-04-21T07,34.5,106.0,8.625,100.385,16.575,1,1,1,1,1
2020-04-21T08,39.0,106.0,7.2,94.955,12.15,1,1,1,1,1
2020-04-21T10,16.0,106.0,5.9,97.14,8.4,1,1,1,1,1
2020-04-21T11,19.0,106.0,9.6,93.06,8.1,1,1,1,1,1
2020-04-21T12,16.0,106.0,19.5,85.155,7.25,1,1,1,1,1
2020-04-21T13,20.5,106.0,21.8,77.305,7.95,1,1,1,1,1
2020-04-21T14,28.0,106.0,26.767,65.877,9.067,1,1,1,1,1
2020-04-21T15,45.0,106.0,33.7,52.41,10.8,1,1,1,1,1
2020-04-21T17,62.0,106.0,39.9,38.135,10.1,1,1,1,1,1
2020-04-21T18,58.0,106.0,31.8,31.38,14.8,1,1,1,1,1
2020-04-21T19,71.0,106.0,37.55,17.27,15.1,1,1,1,1,1
2020-04-21T20,78.0,106.0,40.5,10.43,14.9,1,1,1,1,1
2020-04-22T00,102.0,106.0,47.85,3.765,21.65,1,1,1,1,1
2020-04-22T01,112.0,106.0,,13.075,,1,1,0,1,0
2020-04-22T02,96.0,106.0,28.6,,26.3,1,1,1,0,1
2020-04-22T04,25.0,118.0,13.8,109.54,16.7,1,1,1,1,1
2020-04-22T05,25.0,118.0,12.2,124.07,18.3,1,1,1,1,1
2020-04-22T06,51.0,98.0,12.7,123.83,21.9,1,1,1,1,1
2020-04-22T09,17.0,91.0,4.1,114.01,11.0,1,1,1,1,1
2020-04-22T10,,59.0,4.8,104.61,9.7,0,1,1,1,1
2020-04-22T11,118.0,168.0,6.0,110.43,9.5,1,1,1,1,1
2020-04-22T12,98.0,58.0,8.0,112.29,8.4,1,1,1,1,1
2020-04-22T13,64.0,62.0,16.3,103.42,11.15,1,1,1,1,1
2020-04-22T14,37.0,69.0,20.433,81.823,11.567,1,1,1,1,1
2020-04-22T15,32.0,72.0,24.7,65.64,12.5,1,1,1,1,1
2020-04-22T16,32.0,77.0,30.333,52.62,14.767,1,1,1,1,1
2020-04-22T17,32.0,87.0,26.85,57.205,19.0,1,1,1,1,1
2020-04-22T19,73.0,151.0,21.5,65.17,16.3,1,1,1,1,1
2020-04-22T20,79.0,173.0,15.0,62.41,15.8,1,1,1,1,1
2020-04-22T23,108.0,213.0,18.1,47.37,17.7,1,1,1,1,1
2020-04-23T01,69.5,214.0,18.9,60.995,18.5,1,1,1,1,1
2020-04-23T02,66.0,212.0,18.2,,24.4,1,1,1,0,1
2020-04-23T04,,,11.1,114.25,19.0,0,0,1,1,1
2020-04-23T05,22.0,158.0,10.7,109.475,17.85,1,1,1,1,1
2020-04-23T07,32.0,159.0,9.8,96.37,12.7,1,1,1,1,1
2020-04-23T08,32.0,159.0,6.7,87.04,9.7,1,1,1,1,1
2020-04-23T11,27.0,40.0,12.5,76.24,7.3,1,1,1,1,1
2020-04-23T13,22.0,63.0,20.4,63.005,8.15,1,1,1,1,1
2020-04-23T14,56.0,97.0,30.5,35.67,9.2,1,1,1,1,1
2020-04-23T15,56.0,97.0,37.35,28.675,8.95,1,1,1,1,1
2020-04-23T18,64.0,115.0,24.7,23.13,15.2,1,1,1,1,1
2020-04-24T01,86.0,151.0,,23.235,,1,1,0,1,0
2020-04-24T03,86.0,151.0,13.5,49.98,20.2,1,1,1,1,1
2020-04-24T04,69.0,131.0,10.8,81.03,17.1,1,1,1,1,1
2020-04-24T08,29.0,98.0,4.9,118.76,11.1,1,1,1,1,1
2020-04-26T05,50.0,124.0,12.0,53.55,11.3,1,1,1,1,1
2020-04-26T07,18.0,466.0,7.4,73.05,6.9,1,1,1,1,1
2020-04-26T08,15.0,101.0,7.5,71.25,7.4,1,1,1,1,1
2020-04-26T12,7.0,45.0,6.2,79.3,7.7,1,1,1,1,1
2020-04-26T20,28.0,47.0,6.5,36.59,6.9,1,1,1,1,1
2020-04-27T05,15.0,38.0,8.45,74.225,10.3,1,1,1,1,1
2020-04-27T07,16.0,34.0,9.4,97.24,10.1,1,1,1,1,1
2020-04-27T08,17.0,45.0,8.0,111.7,9.9,1,1,1,1,1
2020-04-27T09,17.0,45.0,8.1,110.35,10.2,1,1,1,1,1
2020-04-27T10,18.0,40.0,6.55,117.42,9.3,1,1,1,1,1
2020-04-27T12,27.0,76.5,6.75,85.83,10.25,1,1,1,1,1
2020-04-27T13,40.0,103.0,10.85,75.625,14.2,1,1,1,1,1
2020-04-27T14,38.5,88.0,10.2,56.66,12.55,1,1,1,1,1
2020-04-27T15,37.0,85.0,10.0,57.8,11.5,1,1,1,1,1
2020-04-27T16,38.333,82.0,8.767,48.367,9.967,1,1,1,1,1
2020-04-27T17,43.0,90.0,8.15,46.1,9.85,1,1,1,1,1
2020-04-27T18,43.0,80.0,5.9,52.25,9.5,1,1,1,1,1
2020-04-27T19,28.0,51.667,6.267,51.417,8.767,1,1,1,1,1
2020-04-27T20,30.0,59.0,6.35,46.92,8.75,1,1,1,1,1
2020-04-27T21,31.667,61.667,6.933,44.347,8.9,1,1,1,1,1
2020-04-27T22,31.0,57.0,6.5,42.38,8.4,1,1,1,1,1
2020-04-27T23,36.0,57.333,8.5,40.243,8.567,1,1,1,1,1
2020-04-28T00,34.0,56.0,8.5,39.44,8.7,1,1,1,1,1
2020-04-28T01,42.0,67.333,10.0,39.51,10.7,1,1,1,1,1
2020-04-28T02,36.0,67.0,10.0,49.9,11.25,1,1,1,1,1
2020-04-28T03,52.0,89.0,13.2,61.6,13.3,1,1,1,1,1
2020-04-28T04,52.0,89.0,9.35,67.67,11.85,1,1,1,1,1
2020-04-28T05,36.0,74.0,8.4,81.2,11.1,1,1,1,1,1
2020-04-28T06,34.0,70.0,8.1,91.31,10.7,1,1,1,1,1
2020-04-28T08,31.0,69.0,7.0,104.9,10.1,1,1,1,1,1
2020-04-28T09,29.0,63.0,6.4,116.05,9.5,1,1,1,1,1
2020-04-28T10,29.0,63.0,6.1,120.79,10.0,1,1,1,1,1
2020-04-28T11,35.0,77.0,6.2,126.3,9.4,1,1,1,1,1
2020-04-28T12,43.0,91.5,12.0,123.415,9.35,1,1,1,1,1
2020-04-28T13,50.0,102.5,13.7,122.58,10.35,1,1,1,1,1
2020-04-28T14,71.0,125.0,17.3,95.1,13.3,1,1,1,1,1
2020-04-28T19,74.0,145.0,18.8,46.8,10.8,1,1,1,1,1
2020-04-28T20,61.0,111.0,16.35,34.125,9.95,1,1,1,1,1
2020-04-28T21,60.0,113.0,11.8,58.035,12.25,1,1,1,1,1
2020-04-28T22,58.0,97.0,12.8,58.19,11.4,1,1,1,1,1
2020-04-28T23,66.0,106.0,13.35,49.068,11.325,1,1,1,1,1
2020-04-29T00,107.5,163.5,16.35,30.01,16.8,1,1,1,1,1
2020-04-29T01,119.25,185.5,13.9,39.77,15.5,1,1,1,1,1
2020-04-29T02,93.667,151.333,11.233,52.53,18.033,1,1,1,1,1
2020-04-29T03,77.0,134.0,10.1,67.07,19.9,1,1,1,1,1
2020-04-29T04,65.75,127.5,9.825,77.36,16.575,1,1,1,1,1
2020-04-29T05,62.0,123.0,10.0,86.34,16.15,1,1,1,1,1
2020-04-29T06,42.0,96.0,9.9,107.31,12.8,1,1,1,1,1
2020-04-29T07,42.0,96.0,9.7,112.19,13.5,1,1,1,1,1
2020-04-29T08,34.0,85.0,9.9,121.68,10.8,1,1,1,1,1
2020-04-29T09,34.0,85.0,18.1,114.29,10.8,1,1,1,1,1
2020-04-29T21,45.333,85.333,5.333,69.257,9.0,1,1,1,1,1
2020-04-29T23,50.0,93.0,7.45,36.445,9.8,1,1,1,1,1
2020-04-30T00,52.0,97.0,9.85,27.785,9.65,1,1,1,1,1
2020-04-30T01,62.0,113.0,,28.97,,1,1,0,1,0
2020-04-30T02,66.0,121.0,9.75,,13.5,1,1,1,0,1
2020-04-30T04,63.0,128.0,10.8,53.43,15.0,1,1,1,1,1
2020-04-30T05,62.0,122.0,9.9,79.24,15.0,1,1,1,1,1
2020-04-30T06,48.5,116.0,7.75,101.88,14.35,1,1,1,1,1
2020-04-30T07,41.0,113.0,6.25,104.63,13.4,1,1,1,1,1
2020-04-30T09,33.0,101.5,7.25,129.915,13.7,1,1,1,1,1
2020-04-30T10,36.5,105.0,7.15,149.93,15.0,1,1,1,1,1
2020-04-30T12,42.667,224.0,9.267,122.69,12.267,1,1,1,1,1
2020-04-30T13,47.667,315.667,14.8,96.883,11.033,1,1,1,1,1
2020-04-30T14,51.0,91.0,16.6,80.77,9.7,1,1,1,1,1
2020-04-30T15,54.5,109.5,16.05,74.78,10.55,1,1,1,1,1
2020-04-30T16,57.25,116.0,17.4,64.013,11.125,1,1,1,1,1
2020-04-30T17,61.0,128.0,22.2,60.81,11.8,1,1,1,1,1
2020-04-30T18,64.0,122.0,11.0,66.74,11.6,1,1,1,1,1
2020-04-30T20,58.5,111.0,12.85,52.095,10.4,1,1,1,1,1
2020-04-30T21,64.0,125.0,10.7,39.73,9.7,1,1,1,1,1
2020-04-30T22,76.5,153.5,10.7,28.235,9.25,1,1,1,1,1
2020-04-30T23,79.0,156.0,11.7,22.77,8.7,1,1,1,1,1
2020-05-01T00,73.333,149.333,9.533,24.417,8.533,1,1,1,1,1
2020-05-01T01,66.0,136.0,,23.32,,1,1,0,1,0
2020-05-01T02,76.0,151.0,14.9,26.58,13.1,1,1,1,1,1
2020-05-01T06,59.5,157.0,9.85,95.735,16.9,1,1,1,1,1
2020-05-01T07,50.0,145.0,9.95,105.94,16.9,1,1,1,1,1
2020-05-01T08,55.0,147.0,11.367,120.567,16.333,1,1,1,1,1
2020-05-01T09,48.0,148.0,11.367,135.32,15.8,1,1,1,1,1
2020-05-01T10,46.0,144.0,10.9,147.43,16.65,1,1,1,1,1
2020-05-01T12,50.0,168.0,9.95,117.16,16.4,1,1,1,1,1
2020-05-01T13,41.0,174.0,12.3,83.57,16.0,1,1,1,1,1
2020-05-01T15,44.0,158.0,7.5,70.74,9.9,1,1,1,1,1
2020-05-01T16,36.333,121.333,7.1,64.173,9.133,1,1,1,1,1
2020-05-01T17,31.0,105.0,5.4,68.835,9.0,1,1,1,1,1
2020-05-01T18,29.0,92.0,5.75,59.355,8.5,1,1,1,1,1
2020-05-01T19,31.333,89.667,5.925,52.285,9.075,1,1,1,1,1
2020-05-01T20,29.5,97.0,6.2,47.127,9.133,1,1,1,1,1
2020-05-01T21,30.667,93.667,6.067,45.827,8.8,1,1,1,1,1
2020-05-01T22,31.0,86.0,6.15,44.025,8.3,1,1,1,1,1
2020-05-01T23,29.0,77.5,6.8,41.805,7.5,1,1,1,1,1
2020-05-02T00,30.667,77.0,7.533,36.84,8.533,1,1,1,1,1
2020-05-02T01,32.333,83.667,10.4,31.487,9.2,1,1,1,1,1
2020-05-02T02,39.0,95.5,10.85,32.44,10.55,1,1,1,1,1
2020-05-02T03,42.667,108.0,11.833,40.753,11.7,1,1,1,1,1
2020-05-02T04,38.0,112.0,11.6,51.94,11.3,1,1,1,1,1
2020-05-02T06,36.0,156.0,9.4,75.93,12.4,1,1,1,1,1
2020-05-02T07,32.0,163.0,8.0,80.9,10.95,1,1,1,1,1
2020-05-02T08,32.0,169.0,8.25,82.005,11.0,1,1,1,1,1
2020-05-02T10,27.0,151.5,6.8,98.46,9.6,1,1,1,1,1
2020-05-02T11,27.0,146.0,6.15,102.625,8.9,1,1,1,1,1
2020-05-02T12,31.0,140.0,6.633,103.637,8.867,1,1,1,1,1
2020-05-02T13,31.667,140.333,10.333,93.93,13.1,1,1,1,1,1
2020-05-02T14,38.5,155.5,12.65,77.19,14.85,1,1,1,1,1
2020-05-02T15,44.0,160.0,13.5,69.05,14.5,1,1,1,1,1
2020-05-02T16,32.333,128.333,10.2,70.943,11.567,1,1,1,1,1
2020-05-02T17,29.0,102.667,7.967,70.143,10.4,1,1,1,1,1
2020-05-03T00,35.5,82.0,7.1,46.665,9.55,1,1,1,1,1
2020-05-03T01,31.0,73.0,,36.57,,1,1,0,1,0
2020-05-03T08,29.0,69.0,8.4,62.72,11.3,1,1,1,1,1
2020-05-03T09,23.0,67.0,6.5,86.0,10.2,1,1,1,1,1
2020-05-04T07,20.0,58.0,11.1,85.55,16.0,1,1,1,1,1
2020-05-04T08,14.0,56.0,10.9,98.695,15.0,1,1,1,1,1
2020-05-04T09,14.0,52.0,10.4,100.25,13.6,1,1,1,1,1
2020-05-04T10,13.0,48.0,9.9,96.24,9.4,1,1,1,1,1
2020-05-04T19,72.0,132.0,12.8,44.59,22.2,1,1,1,1,1
2020-05-05T01,105.0,193.0,,91.895,,1,1,0,1,0
2020-05-05T16,46.0,162.0,20.2,45.96,23.9,1,1,1,1,1
2020-05-05T18,55.0,152.0,15.0,33.24,13.1,1,1,1,1,1
2020-05-05T20,48.0,185.0,11.8,34.87,11.4,1,1,1,1,1
2020-05-06T08,30.0,119.0,13.5,95.815,13.4,1,1,1,1,1
2020-05-06T11,44.667,174.0,10.733,131.117,16.7,1,1,1,1,1
2020-05-06T12,40.0,158.0,9.8,119.25,13.8,1,1,1,1,1
2020-05-06T15,66.0,197.0,35.2,46.06,13.1,1,1,1,1,1
2020-05-07T16,59.0,135.0,22.05,72.1,20.85,1,1,1,1,1
2020-05-07T18,58.0,118.0,14.2,51.61,13.2,1,1,1,1,1
2020-05-08T04,55.0,138.0,15.7,54.96,21.4,1,1,1,1,1
2020-05-08T06,28.0,152.0,10.9,91.36,13.7,1,1,1,1,1
2020-05-08T07,26.0,92.0,9.2,98.37,12.1,1,1,1,1,1
2020-05-08T15,70.0,146.0,12.7,86.38,16.1,1,1,1,1,1
2020-05-08T16,66.0,142.5,10.6,80.925,14.65,1,1,1,1,1
2020-05-08T18,68.0,140.0,10.8,55.86,12.5,1,1,1,1,1
2020-05-08T20,58.0,103.0,7.6,67.58,11.0,1,1,1,1,1
2020-05-08T21,58.0,103.0,6.5,66.7,10.0,1,1,1,1,1
2020-05-08T22,55.0,108.0,5.7,71.3,10.4,1,1,1,1,1
2020-05-09T00,57.0,112.0,7.767,50.51,10.6,1,1,1,1,1
2020-05-09T02,69.0,130.0,15.4,,16.4,1,1,1,0,1
2020-05-09T04,58.0,144.0,11.9,56.02,16.5,1,1,1,1,1
2020-05-09T10,34.0,110.0,8.85,110.035,10.15,1,1,1,1,1
2020-05-09T11,28.0,105.0,10.6,134.405,10.4,1,1,1,1,1
2020-05-09T13,58.0,185.0,16.1,93.09,22.8,1,1,1,1,1
2020-05-09T14,71.5,173.0,17.45,84.055,30.45,1,1,1,1,1
2020-05-09T22,64.0,132.0,7.7,50.88,12.1,1,1,1,1,1
2020-05-09T23,,136.0,7.4,44.14,11.9,0,1,1,1,1
2020-05-10T00,80.0,139.0,8.5,35.99,11.3,1,1,1,1,1
2020-05-10T01,62.0,145.0,,34.26,,1,1,0,1,0
2020-05-10T02,67.0,143.5,13.95,38.71,14.2,1,1,1,1,1
2020-05-10T03,69.0,152.0,14.6,35.55,14.8,1,1,1,1,1
2020-05-10T09,7.0,36.0,19.7,79.5,10.2,1,1,1,1,1
2020-05-10T10,5.0,31.0,18.35,79.045,13.95,1,1,1,1,1
2020-05-10T11,5.0,29.0,18.1,74.7,23.1,1,1,1,1,1
2020-05-10T12,5.0,24.0,11.95,87.975,13.95,1,1,1,1,1
2020-05-10T13,10.0,23.0,23.2,76.59,23.0,1,1,1,1,1
2020-05-10T14,10.0,38.0,23.6,68.475,12.75,1,1,1,1,1
2020-05-10T15,22.0,39.0,15.7,71.405,9.5,1,1,1,1,1
2020-05-10T16,25.0,44.0,13.6,74.07,9.5,1,1,1,1,1
2020-05-10T17,22.0,37.5,10.3,71.19,9.9,1,1,1,1,1
2020-05-10T18,33.0,50.0,21.5,55.21,9.1,1,1,1,1,1
2020-05-10T19,33.0,50.0,12.9,53.14,7.4,1,1,1,1,1
2020-05-10T20,34.0,50.0,22.7,46.41,6.8,1,1,1,1,1
2020-05-10T21,30.0,42.0,11.1,46.94,6.8,1,1,1,1,1
2020-05-10T22,36.0,55.0,11.4,32.16,6.5,1,1,1,1,1
2020-05-10T23,41.0,62.0,8.5,35.04,6.1,1,1,1,1,1
2020-05-11T00,42.5,59.0,10.2,32.5,6.85,1,1,1,1,1
2020-05-11T01,43.333,60.333,12.1,30.453,8.1,1,1,1,1,1
2020-05-11T02,42.0,69.0,13.3,,9.2,1,1,1,0,1
2020-05-11T03,35.0,81.0,13.3,48.94,9.2,1,1,1,1,1
2020-05-11T04,39.0,90.0,13.75,80.7,10.8,1,1,1,1,1
2020-05-11T05,39.0,92.0,13.6,96.61,10.6,1,1,1,1,1
2020-05-11T07,36.0,105.0,11.4,128.215,9.9,1,1,1,1,1
2020-05-11T09,38.0,114.0,11.2,142.59,8.7,1,1,1,1,1
2020-05-11T10,38.0,114.0,11.3,145.28,8.8,1,1,1,1,1
2020-05-11T12,39.0,112.0,16.25,139.62,8.35,1,1,1,1,1
2020-05-11T13,44.0,129.0,19.4,95.57,8.2,1,1,1,1,1
2020-05-11T14,44.0,129.0,19.1,82.82,8.4,1,1,1,1,1
2020-05-11T15,57.0,116.5,13.65,80.463,8.3,1,1,1,1,1
2020-05-11T16,48.25,95.0,13.35,69.718,7.975,1,1,1,1,1
2020-05-11T17,56.0,100.0,17.6,51.04,,1,1,1,1,0
2020-05-11T18,56.0,100.0,15.0,50.16,10.3,1,1,1,1,1
2020-05-11T19,55.333,92.5,12.933,51.273,10.9,1,1,1,1,1
2020-05-11T20,52.0,88.0,15.55,45.315,11.65,1,1,1,1,1
2020-05-11T21,55.0,96.0,11.15,67.56,10.55,1,1,1,1,1
2020-05-11T22,20.333,44.333,6.267,79.347,8.567,1,1,1,1,1
2020-05-11T23,9.0,39.0,13.2,78.15,12.5,1,1,1,1,1
2020-05-12T00,37.0,105.0,10.35,66.825,14.3,1,1,1,1,1
2020-05-12T01,37.333,95.667,13.6,62.033,14.7,1,1,1,1,1
2020-05-12T02,38.0,94.0,18.7,59.29,16.5,1,1,1,1,1
2020-05-12T03,37.5,85.5,22.6,75.215,23.3,1,1,1,1,1
2020-05-12T04,33.667,81.0,15.4,88.427,15.833,1,1,1,1,1
2020-05-12T05,27.0,89.0,13.65,109.18,15.65,1,1,1,1,1
2020-05-12T06,40.0,86.5,11.0,113.585,14.25,1,1,1,1,1
2020-05-12T07,37.0,78.0,10.75,119.93,14.15,1,1,1,1,1
2020-05-12T08,22.0,57.0,10.0,115.99,12.4,1,1,1,1,1
2020-05-12T09,22.0,57.0,9.7,115.72,12.1,1,1,1,1,1
2020-05-13T17,27.0,69.0,25.8,31.89,,1,1,1,1,0
2020-05-13T18,29.0,74.0,40.833,12.12,9.367,1,1,1,1,1
2020-05-13T20,40.333,86.333,47.667,9.9,9.733,1,1,1,1,1
2020-05-13T21,41.0,89.0,35.7,5.51,11.0,1,1,1,1,1
2020-05-13T22,40.0,75.0,28.1,12.54,10.4,1,1,1,1,1
2020-05-14T03,68.0,153.0,22.0,24.93,25.6,1,1,1,1,1
2020-05-14T06,63.0,160.0,14.6,122.48,19.1,1,1,1,1,1
2020-05-14T07,61.5,157.5,11.5,129.76,17.4,1,1,1,1,1
2020-05-14T08,55.0,150.5,12.35,130.81,15.75,1,1,1,1,1
2020-05-14T10,36.0,129.0,9.6,126.79,10.0,1,1,1,1,1
2020-05-14T11,39.0,122.0,14.0,127.71,10.7,1,1,1,1,1
2020-05-14T12,34.0,250.0,12.4,78.69,9.5,1,1,1,1,1
2020-05-14T13,53.0,168.0,18.4,79.69,9.6,1,1,1,1,1
2020-05-14T15,22.5,36.5,25.5,56.185,21.25,1,1,1,1,1
2020-05-14T16,20.0,44.5,50.45,14.3,12.05,1,1,1,1,1
2020-05-14T17,34.0,66.0,59.6,11.98,,1,1,1,1,0
2020-05-14T18,34.0,66.0,56.75,13.76,9.95,1,1,1,1,1
2020-05-15T06,20.0,111.0,12.6,121.68,12.3,1,1,1,1,1
2020-05-15T07,24.0,117.333,12.633,130.357,11.333,1,1,1,1,1
2020-05-15T10,31.0,116.0,10.35,135.115,8.55,1,1,1,1,1
2020-05-15T11,21.0,94.0,13.2,118.725,7.75,1,1,1,1,1
2020-05-15T12,32.0,122.0,27.9,109.02,8.4,1,1,1,1,1
2020-05-15T13,32.0,122.0,36.5,88.53,8.1,1,1,1,1,1
2020-05-15T16,104.0,191.0,52.8,42.15,15.8,1,1,1,1,1
2020-05-15T17,133.0,208.0,65.1,19.33,17.7,1,1,1,1,1
2020-05-15T19,169.0,251.0,55.4,26.335,21.8,1,1,1,1,1
2020-05-15T20,141.0,202.0,33.0,52.57,17.9,1,1,1,1,1
2020-05-15T21,131.333,192.667,30.233,56.963,16.133,1,1,1,1,1
2020-05-15T22,103.0,165.0,26.35,61.93,14.25,1,1,1,1,1
2020-05-15T23,93.5,153.0,26.1,56.405,13.4,1,1,1,1,1
2020-05-16T00,93.0,150.0,27.533,56.227,13.433,1,1,1,1,1
2020-05-16T01,75.0,138.0,,75.63,,1,1,0,1,0
2020-05-16T02,67.0,135.0,21.45,,18.75,1,1,1,0,1
2020-05-16T03,66.0,133.0,18.4,128.11,19.4,1,1,1,1,1
2020-05-16T04,62.0,140.0,17.2,150.465,16.3,1,1,1,1,1
2020-05-16T05,48.0,127.0,13.35,156.165,11.25,1,1,1,1,1
2020-05-16T06,39.0,106.0,11.5,151.85,10.55,1,1,1,1,1
2020-05-16T07,35.5,87.0,18.15,147.305,8.8,1,1,1,1,1
2020-05-16T09,33.5,84.5,11.2,168.225,6.75,1,1,1,1,1
2020-05-16T10,28.0,84.0,10.85,162.925,6.75,1,1,1,1,1
2020-05-16T11,24.333,95.0,15.667,151.867,7.533,1,1,1,1,1
2020-05-16T12,23.0,113.0,21.5,127.24,7.6,1,1,1,1,1
2020-05-16T13,41.0,146.0,42.1,93.88,9.9,1,1,1,1,1
2020-05-16T15,56.0,166.0,56.9,49.49,10.1,1,1,1,1,1
2020-05-16T16,68.0,163.0,63.8,35.11,11.65,1,1,1,1,1
2020-05-16T17,87.0,196.0,60.6,29.77,21.1,1,1,1,1,1
2020-05-16T18,121.0,254.0,56.7,27.97,23.8,1,1,1,1,1
2020-05-16T19,124.0,226.0,71.8,11.21,18.767,1,1,1,1,1
2020-05-16T20,129.333,218.667,70.567,14.2,20.5,1,1,1,1,1
2020-05-16T21,121.0,198.5,77.5,18.055,17.65,1,1,1,1,1
2020-05-16T22,116.0,193.0,62.9,33.505,19.05,1,1,1,1,1
2020-05-16T23,128.5,206.0,55.4,24.315,29.15,1,1,1,1,1
2020-05-17T00,147.0,233.0,62.6,21.01,35.2,1,1,1,1,1
2020-05-17T01,185.0,287.0,40.2,80.28,43.5,1,1,1,1,1
2020-05-17T02,203.0,307.0,42.4,,41.6,1,1,1,0,1
2020-05-17T03,191.0,315.0,32.6,182.89,33.5,1,1,1,1,1
2020-05-17T04,121.0,205.0,27.5,213.8,29.4,1,1,1,1,1
2020-05-17T05,53.0,112.0,14.9,208.45,14.4,1,1,1,1,1
2020-05-17T09,34.0,110.0,15.5,159.23,9.0,1,1,1,1,1
2020-05-17T10,40.0,121.0,17.2,160.92,10.1,1,1,1,1,1
2020-05-17T11,41.0,125.0,31.5,140.47,9.8,1,1,1,1,1
2020-05-17T12,51.333,155.667,39.067,120.873,10.3,1,1,1,1,1
2020-05-17T13,52.0,190.667,33.667,107.717,10.2,1,1,1,1,1
2020-05-17T15,59.5,203.5,51.2,57.015,9.175,1,1,1,1,1
2020-05-17T16,64.0,169.0,60.45,41.6,9.0,1,1,1,1,1
2020-05-17T20,107.0,215.0,77.9,4.63,18.5,1,1,1,1,1
2020-05-17T21,135.5,237.5,63.7,19.315,42.2,1,1,1,1,1
2020-05-17T22,177.5,263.0,44.0,27.98,44.95,1,1,1,1,1
2020-05-17T23,195.0,283.333,49.967,16.797,41.7,1,1,1,1,1
2020-05-18T00,178.5,279.5,52.15,19.815,34.55,1,1,1,1,1
2020-05-18T01,158.0,257.0,,40.76,,1,1,0,1,0
2020-05-18T02,243.0,250.0,39.2,,57.05,1,1,1,0,1
2020-05-18T03,194.0,348.0,40.2,113.82,59.1,1,1,1,1,1
2020-05-18T05,155.0,276.0,36.3,241.12,35.1,1,1,1,1,1
2020-05-18T06,,210.0,22.9,179.85,14.4,0,1,1,1,1
2020-05-18T10,26.0,99.0,15.05,156.21,7.1,1,1,1,1,1
2020-05-18T11,27.0,99.0,18.7,157.85,7.55,1,1,1,1,1
2020-05-18T13,27.0,133.0,49.25,90.68,8.8,1,1,1,1,1
2020-05-18T14,42.0,156.0,60.75,60.26,11.2,1,1,1,1,1
2020-05-18T15,77.0,202.0,101.4,11.13,12.1,1,1,1,1,1
2020-05-18T16,84.0,202.0,105.4,4.04,13.6,1,1,1,1,1
2020-05-18T17,84.0,202.0,101.7,4.08,14.1,1,1,1,1,1
2020-05-18T18,92.0,212.0,87.9,3.74,17.2,1,1,1,1,1
2020-05-18T19,136.0,257.0,92.3,3.29,21.4,1,1,1,1,1
2020-05-18T21,149.5,257.0,69.8,8.895,32.45,1,1,1,1,1
2020-05-19T01,,289.0,,18.76,,0,1,0,1,0
2020-05-19T07,37.0,129.0,13.9,174.64,8.8,1,1,1,1,1
2020-05-19T10,28.0,122.0,13.3,196.14,10.8,1,1,1,1,1
2020-05-19T11,35.0,163.0,18.2,226.5,22.0,1,1,1,1,1
2020-05-19T13,47.0,157.0,27.2,140.77,15.5,1,1,1,1,1
2020-05-19T14,50.0,161.0,47.3,95.92,14.7,1,1,1,1,1
2020-05-19T15,54.0,180.0,49.5,80.32,15.8,1,1,1,1,1
2020-05-19T18,100.0,221.0,102.1,20.76,27.3,1,1,1,1,1
2020-05-19T20,,,71.5,20.17,12.2,0,0,1,1,1
2020-05-20T05,36.0,127.0,12.3,136.81,7.9,1,1,1,1,1
2020-05-20T10,25.0,127.0,11.0,165.44,7.8,1,1,1,1,1
2020-05-20T12,15.0,139.0,35.4,117.4,6.4,1,1,1,1,1
2020-05-20T18,61.0,171.0,31.2,84.63,17.9,1,1,1,1,1
2020-05-20T21,46.0,146.0,28.5,86.81,18.1,1,1,1,1,1
2020-05-21T04,46.5,180.0,19.25,156.31,15.85,1,1,1,1,1
2020-05-21T07,19.0,145.0,12.9,149.325,7.65,1,1,1,1,1
2020-05-21T09,21.0,172.0,10.8,140.47,9.0,1,1,1,1,1
2020-05-21T18,76.0,224.0,93.5,6.8,14.7,1,1,1,1,1
2020-05-21T19,81.0,238.0,93.7,3.35,15.05,1,1,1,1,1
2020-05-22T02,69.0,222.0,65.6,,27.3,1,1,1,0,1
2020-05-22T07,48.5,159.0,18.65,230.645,18.7,1,1,1,1,1
2020-05-22T09,38.0,140.0,13.9,154.15,12.4,1,1,1,1,1
2020-05-22T10,27.0,122.0,13.7,160.72,11.5,1,1,1,1,1
2020-05-22T13,70.0,229.0,62.4,118.91,23.7,1,1,1,1,1
2020-05-22T14,70.0,229.0,68.5,91.87,23.0,1,1,1,1,1
2020-05-22T16,91.0,224.0,108.3,30.91,22.85,1,1,1,1,1
2020-05-23T03,46.0,197.0,31.0,86.915,11.75,1,1,1,1,1
2020-05-24T02,69.0,283.0,49.9,,35.2,1,1,1,0,1
2020-05-24T03,89.0,333.0,49.8,125.69,32.7,1,1,1,1,1
2020-05-24T06,36.0,197.0,13.25,100.425,8.85,1,1,1,1,1
2020-05-24T07,17.0,163.0,12.0,92.14,6.5,1,1,1,1,1
2020-05-24T18,52.0,186.0,45.3,49.74,12.2,1,1,1,1,1
2020-05-25T05,52.0,162.0,13.7,146.71,13.5,1,1,1,1,1
2020-05-25T06,17.0,134.0,,124.5,,1,1,0,1,0
2020-05-25T13,26.0,129.0,36.0,76.13,8.7,1,1,1,1,1
2020-05-25T15,55.0,227.0,86.2,17.01,9.8,1,1,1,1,1
2020-05-25T16,58.0,204.0,91.0,5.1,10.2,1,1,1,1,1
2020-05-25T20,54.0,163.0,75.15,7.465,12.55,1,1,1,1,1
2020-05-25T22,55.0,171.0,74.7,3.86,15.4,1,1,1,1,1
2020-05-26T04,30.0,239.0,23.6,89.2,12.7,1,1,1,1,1
2020-05-26T05,28.0,255.0,22.5,109.15,11.6,1,1,1,1,1
2020-05-26T06,23.0,255.0,22.25,104.37,10.3,1,1,1,1,1
2020-05-26T09,14.0,151.5,18.6,82.085,6.15,1,1,1,1,1
2020-05-26T10,8.0,141.0,23.9,86.18,5.7,1,1,1,1,1
2020-05-26T11,8.0,132.0,28.5,82.54,5.5,1,1,1,1,1
2020-05-26T18,28.0,146.0,18.7,96.28,16.5,1,1,1,1,1
2020-05-27T06,35.0,310.0,15.2,158.43,10.9,1,1,1,1,1
2020-05-27T08,31.0,207.0,10.1,155.31,10.2,1,1,1,1,1
2020-05-27T11,32.0,136.0,13.0,181.85,12.0,1,1,1,1,1
2020-05-27T12,38.0,145.0,26.85,161.74,14.55,1,1,1,1,1
2020-05-28T00,29.0,294.0,6.8,36.24,10.2,1,1,1,1,1
2020-05-28T01,30.0,273.0,,29.03,,1,1,0,1,0
2020-05-29T00,11.5,44.0,14.3,58.67,7.5,1,1,1,1,1
2020-05-29T01,15.0,53.0,,58.9,,1,1,0,1,0
2020-05-29T03,25.0,91.0,14.7,59.37,8.9,1,1,1,1,1
2020-05-29T06,21.0,69.0,14.3,90.28,8.3,1,1,1,1,1
2020-05-29T07,21.0,69.0,16.7,91.43,9.0,1,1,1,1,1
2020-05-29T08,26.5,80.0,17.55,93.145,11.3,1,1,1,1,1
2020-05-29T16,24.0,39.0,9.4,48.49,7.8,1,1,1,1,1
2020-05-30T20,26.0,45.0,8.1,27.93,6.5,1,1,1,1,1
2020-05-31T08,17.0,41.0,12.0,58.78,8.95,1,1,1,1,1
2020-05-31T09,19.0,35.0,10.05,70.335,10.65,1,1,1,1,1
2020-05-31T10,9.0,30.0,11.4,61.78,9.8,1,1,1,1,1
2020-05-31T11,13.0,41.0,10.7,49.49,9.2,1,1,1,1,1
2020-05-31T12,7.0,13.0,18.85,53.28,7.95,1,1,1,1,1
2020-05-31T13,7.0,13.0,22.033,43.287,8.3,1,1,1,1,1
2020-05-31T16,18.0,24.0,18.6,55.33,8.0,1,1,1,1,1
2020-05-31T17,35.0,51.0,11.75,52.47,8.2,1,1,1,1,1
2020-05-31T18,34.666,45.0,13.25,41.349,8.816,2,2,2,2,2
2020-05-31T19,30.667,42.333,18.467,93.673,8.6,1,1,1,1,1
2020-05-31T20,37.75,49.75,22.375,146.238,11.0,1,1,1,1,1
2020-05-31T21,46.5,60.5,14.6,143.105,13.35,1,1,1,1,1
2020-05-31T22,57.0,68.0,12.4,33.36,16.5,1,1,1,1,1
2020-05-31T23,25.0,37.0,17.833,21.263,17.0,1,1,1,1,1
2020-06-01T00,29.0,39.0,20.1,19.78,18.3,1,1,1,1,1
2020-06-01T01,25.0,44.0,,16.945,,1,1,0,1,0
2020-06-01T03,44.5,68.0,32.05,59.395,20.7,1,1,1,1,1
2020-06-01T08,60.0,105.0,22.0,165.953,16.767,1,1,1,1,1
2020-06-01T09,53.0,107.0,20.8,164.93,19.4,1,1,1,1,1
2020-06-01T10,54.0,102.0,20.8,171.23,21.7,1,1,1,1,1
2020-06-01T11,57.0,110.0,21.0,145.57,18.2,1,1,1,1,1
2020-06-01T13,54.0,110.0,24.4,90.87,16.9,1,1,1,1,1
2020-06-01T15,66.667,136.333,39.567,102.07,15.767,1,1,1,1,1
2020-06-01T16,76.0,143.0,45.5,51.2,15.2,1,1,1,1,1
2020-06-01T20,78.333,124.333,34.9,13.91,10.733,1,1,1,1,1
2020-06-01T21,83.0,127.0,30.7,12.91,9.8,1,1,1,1,1
2020-06-01T23,78.5,111.0,15.2,27.41,9.95,1,1,1,1,1
2020-06-02T00,81.5,131.0,25.0,19.025,11.55,1,1,1,1,1
2020-06-02T01,75.0,141.0,,38.823,,1,1,0,1,0
2020-06-02T03,20.0,48.5,19.85,65.12,14.3,1,1,1,1,1
2020-06-02T05,21.0,55.0,18.4,81.89,11.5,1,1,1,1,1
2020-06-02T14,54.0,123.0,17.3,177.28,14.3,1,1,1,1,1
2020-06-02T15,65.0,119.0,15.333,73.28,16.367,1,1,1,1,1
2020-06-02T16,42.0,107.0,13.8,78.15,15.5,1,1,1,1,1
2020-06-02T17,160.0,206.0,26.6,35.34,13.1,1,1,1,1,1
2020-06-02T18,38.5,88.5,33.85,37.7,11.85,2,2,2,2,2
2020-06-02T19,36.0,86.0,20.7,56.11,10.6,1,1,1,1,1
2020-06-02T20,46.333,94.667,21.867,44.21,10.667,1,1,1,1,1
2020-06-02T21,57.0,96.0,24.7,30.735,13.2,1,1,1,1,1
2020-06-02T22,68.0,122.0,20.25,96.04,15.7,1,1,1,1,1
2020-06-02T23,79.0,125.0,17.5,35.03,18.7,1,1,1,1,1
2020-06-03T00,82.0,133.5,32.25,26.5,20.05,1,1,1,1,1
2020-06-03T01,80.75,137.5,23.2,41.205,28.6,1,1,1,1,1
2020-06-03T02,71.0,130.0,23.2,,27.7,1,1,1,0,1
2020-06-03T03,68.0,128.0,19.3,88.22,24.4,1,1,1,1,1
2020-06-03T04,62.0,119.0,15.1,105.66,20.0,1,1,1,1,1
2020-06-03T05,50.0,107.0,13.0,116.465,19.2,1,1,1,1,1
2020-06-03T06,36.0,97.0,17.9,169.05,18.3,1,1,1,1,1
2020-06-03T07,49.0,122.0,22.4,192.0,20.7,1,1,1,1,1
2020-06-03T09,61.5,151.0,17.3,215.355,19.6,1,1,1,1,1
2020-06-03T10,57.0,149.0,15.1,181.975,19.5,1,1,1,1,1
2020-06-03T12,34.0,175.0,43.6,93.57,11.6,1,1,1,1,1
2020-06-03T15,44.0,125.0,69.2,30.36,8.9,1,1,1,1,1
2020-06-03T16,37.0,110.0,55.3,29.13,9.6,1,1,1,1,1
2020-06-03T17,38.5,113.0,62.1,15.335,9.5,1,1,1,1,1
2020-06-03T18,40.0,116.0,46.4,27.07,8.5,1,1,1,1,1
2020-06-03T19,36.0,108.0,54.5,11.86,8.7,1,1,1,1,1
2020-06-03T21,44.0,128.0,73.1,5.625,9.0,1,1,1,1,1
2020-06-03T22,52.0,138.0,69.5,41.787,10.667,1,1,1,1,1
2020-06-03T23,84.0,167.0,64.1,14.66,15.7,1,1,1,1,1
2020-06-04T00,152.0,250.0,64.3,15.43,15.9,1,1,1,1,1
2020-06-04T01,152.0,250.0,,33.85,,1,1,0,1,0
2020-06-04T02,144.5,243.5,28.15,21.81,35.6,1,1,1,1,1
2020-06-04T03,67.0,162.0,26.1,38.3,24.1,1,1,1,1,1
2020-06-04T04,69.5,172.0,23.35,72.95,17.7,1,1,1,1,1
2020-06-04T05,71.0,174.5,22.1,93.06,16.7,1,1,1,1,1
2020-06-04T14,45.0,110.0,25.95,68.78,8.05,1,1,1,1,1
2020-06-04T15,41.0,85.0,29.2,46.427,7.9,1,1,1,1,1
2020-06-04T16,56.0,107.0,27.9,43.34,8.5,1,1,1,1,1
2020-06-04T17,52.0,106.0,19.2,55.82,10.4,1,1,1,1,1
2020-06-04T18,45.0,80.0,20.2,41.41,12.1,1,1,1,1,1
2020-06-04T19,49.0,83.0,14.0,42.55,10.6,1,1,1,1,1
2020-06-04T21,49.0,88.0,17.4,38.34,13.3,1,1,1,1,1
2020-06-04T22,61.0,89.0,15.15,23.805,12.8,1,1,1,1,1
2020-06-04T23,69.0,100.0,15.6,18.57,12.05,1,1,1,1,1
2020-06-05T03,51.0,102.0,13.65,58.455,13.1,1,1,1,1,1
2020-06-05T05,48.0,83.0,14.75,91.61,13.35,1,1,1,1,1
2020-06-05T06,54.0,94.0,14.2,113.32,14.95,1,1,1,1,1
2020-06-05T08,32.0,80.0,12.7,129.26,13.0,1,1,1,1,1
2020-06-05T09,28.75,64.5,12.1,133.938,12.3,1,1,1,1,1
2020-06-05T10,28.0,69.0,16.6,122.15,13.0,1,1,1,1,1
2020-06-05T11,28.0,74.0,23.95,53.165,9.2,1,1,1,1,1
2020-06-05T12,22.0,34.0,45.9,64.11,10.8,1,1,1,1,1
2020-06-05T13,30.5,79.0,49.25,56.995,11.05,1,1,1,1,1
2020-06-05T14,42.0,106.0,31.55,74.52,11.4,1,1,1,1,1
2020-06-05T16,53.0,99.0,12.5,63.84,11.4,1,1,1,1,1
2020-06-05T17,39.0,75.0,7.9,56.96,,1,1,1,1,0
2020-06-05T18,37.75,71.5,8.625,52.185,8.85,2,2,2,2,2
2020-06-05T19,31.667,51.5,6.967,50.42,8.833,1,1,1,1,1
2020-06-05T20,21.5,38.5,6.75,45.52,8.45,1,1,1,1,1
2020-06-05T21,16.0,35.0,6.5,45.1,9.0,1,1,1,1,1
2020-06-05T22,12.0,34.0,6.0,41.28,8.5,1,1,1,1,1
2020-06-05T23,18.0,35.0,6.7,36.85,7.8,1,1,1,1,1
2020-06-06T04,36.0,62.0,13.6,79.42,10.2,1,1,1,1,1
2020-06-06T05,27.0,63.0,11.4,94.26,10.0,1,1,1,1,1
2020-06-06T15,32.0,121.0,26.8,46.41,9.5,1,1,1,1,1
2020-06-06T16,35.5,124.0,29.9,41.255,10.775,1,1,1,1,1
2020-06-06T17,46.0,133.0,19.8,52.25,10.8,1,1,1,1,1
2020-06-06T18,49.0,122.0,19.5,38.95,13.0,1,1,1,1,1
2020-06-06T19,49.0,122.0,19.1,40.14,12.8,1,1,1,1,1
2020-06-06T22,52.0,99.0,11.233,41.457,10.667,1,1,1,1,1
2020-06-07T16,46.0,111.0,25.7,102.63,34.3,1,1,1,1,1
2020-06-07T17,48.0,123.0,31.9,55.68,,1,1,1,1,0
2020-06-07T18,48.0,123.0,36.5,28.6,21.0,1,1,1,1,1
2020-06-07T19,25.0,77.0,28.35,39.185,9.65,1,1,1,1,1
2020-06-07T20,22.0,63.0,25.2,31.48,9.1,1,1,1,1,1
2020-06-08T00,68.0,109.0,19.65,40.905,25.2,1,1,1,1,1
2020-06-08T03,45.0,86.0,18.6,90.955,22.6,1,1,1,1,1
2020-06-08T04,44.0,97.0,21.5,110.355,22.9,1,1,1,1,1
2020-06-08T05,51.0,112.0,23.1,150.23,22.2,1,1,1,1,1
2020-06-08T08,26.0,91.0,14.3,123.15,10.7,1,1,1,1,1
2020-06-08T10,23.0,99.0,11.4,109.75,11.0,1,1,1,1,1
2020-06-08T12,35.0,119.0,22.3,95.45,9.2,1,1,1,1,1
2020-06-08T13,39.667,120.333,50.667,119.503,14.5,1,1,1,1,1
2020-06-08T14,49.0,123.0,41.9,149.31,22.6,1,1,1,1,1
2020-06-08T15,84.5,153.0,43.15,347.515,44.05,1,1,1,1,1
2020-06-08T16,79.333,139.0,58.033,106.023,42.067,1,1,1,1,1
2020-06-08T17,62.0,116.0,111.1,59.985,26.0,1,1,1,1,1
2020-06-08T18,62.333,117.667,66.333,34.45,21.867,1,1,1,1,1
2020-06-08T19,71.0,127.0,57.95,25.815,20.65,1,1,1,1,1
2020-06-08T20,72.0,133.0,49.6,14.325,18.25,1,1,1,1,1
2020-06-08T21,73.0,146.0,29.2,14.29,18.05,1,1,1,1,1
2020-06-08T22,65.0,118.0,35.25,12.91,17.4,1,1,1,1,1
2020-06-08T23,80.0,133.0,33.0,14.13,16.6,1,1,1,1,1
2020-06-09T00,77.0,124.0,77.05,13.61,21.4,1,1,1,1,1
2020-06-09T01,77.5,132.0,19.9,40.455,17.7,1,1,1,1,1
2020-06-09T03,43.0,100.0,21.4,77.71,18.5,1,1,1,1,1
2020-06-09T04,39.0,110.0,19.9,105.62,16.9,1,1,1,1,1
2020-06-09T05,43.0,102.0,30.9,127.56,17.6,1,1,1,1,1
2020-06-09T06,42.0,127.0,24.5,171.85,14.2,1,1,1,1,1
2020-06-09T07,40.0,150.0,22.0,113.64,10.2,1,1,1,1,1
2020-06-09T08,36.0,168.667,40.667,104.13,10.067,1,1,1,1,1
2020-06-09T09,38.0,164.0,48.1,79.73,9.7,1,1,1,1,1
2020-06-09T10,27.0,136.0,40.25,108.005,9.2,1,1,1,1,1
2020-06-09T11,41.0,140.0,20.4,127.79,10.3,1,1,1,1,1
2020-06-09T12,44.0,143.0,,120.58,12.2,1,1,0,1,1
2020-06-09T15,56.0,205.0,104.3,50.94,17.5,1,1,1,1,1
2020-06-09T18,75.0,177.0,59.5,275.69,29.6,1,1,1,1,1
2020-06-10T01,115.0,221.0,,20.365,,1,1,0,1,0
2020-06-10T02,90.5,208.0,60.25,46.82,28.95,1,1,1,1,1
2020-06-10T04,52.0,163.0,26.7,88.2,22.5,1,1,1,1,1
2020-06-10T05,52.0,155.0,27.0,100.96,16.0,1,1,1,1,1
2020-06-10T11,28.0,166.0,20.5,87.46,11.9,1,1,1,1,1
2020-06-10T16,54.667,115.667,86.6,4.85,8.133,1,1,1,1,1
2020-06-10T19,33.0,94.0,58.9,7.1,7.4,1,1,1,1,1
2020-06-11T07,30.0,133.0,16.2,145.94,12.5,1,1,1,1,1
2020-06-11T08,34.0,125.0,16.3,160.78,12.1,1,1,1,1,1
2020-06-11T13,39.0,172.0,34.6,94.94,12.9,1,1,1,1,1
2020-06-11T20,66.0,151.0,22.7,36.77,10.3,1,1,1,1,1
2020-06-13T01,46.0,83.0,,39.32,,1,1,0,1,0
2020-06-14T14,,138.0,29.2,63.33,16.0,0,1,1,1,1
2020-06-16T02,27.0,70.0,20.2,,13.4,1,1,1,0,1
2020-06-18T01,30.0,61.0,,26.77,,1,1,0,1,0
2020-06-18T02,33.0,73.0,14.7,53.45,11.5,1,1,1,1,1
2020-06-18T03,33.0,73.0,12.6,64.03,11.0,1,1,1,1,1
2020-06-18T04,24.0,72.0,11.5,75.91,9.4,1,1,1,1,1
2020-06-18T05,30.0,97.0,11.8,92.04,10.8,1,1,1,1,1
2020-06-18T06,29.5,98.5,10.2,112.755,9.7,1,1,1,1,1
2020-06-18T07,29.0,100.0,13.5,163.13,10.8,1,1,1,1,1
2020-06-18T08,32.0,110.0,14.4,178.22,12.0,1,1,1,1,1
2020-06-18T10,35.0,151.0,23.933,216.19,9.333,1,1,1,1,1
2020-06-18T13,45.0,179.0,32.65,111.545,25.0,1,1,1,1,1
2020-06-18T14,44.0,153.5,16.65,82.61,14.4,1,1,1,1,1
2020-06-18T15,43.5,140.5,12.725,83.847,8.65,1,1,1,1,1
2020-06-18T17,42.0,134.0,8.7,79.45,8.45,1,1,1,1,1
2020-06-18T18,51.0,139.0,12.05,51.565,9.7,2,2,2,2,2
2020-06-18T19,49.0,139.0,11.7,38.17,12.55,1,1,1,1,1
2020-06-18T20,45.0,119.0,9.0,34.52,11.7,1,1,1,1,1
2020-06-18T21,34.0,83.0,6.233,37.157,9.7,1,1,1,1,1
2020-06-18T22,26.0,61.0,4.7,38.04,8.2,1,1,1,1,1
2020-06-19T00,27.25,48.0,6.35,28.082,6.675,1,1,1,1,1
2020-06-19T01,27.75,51.25,10.4,27.485,8.6,1,1,1,1,1
2020-06-19T02,27.0,61.0,13.2,,9.15,1,1,1,0,1
2020-06-19T03,36.5,129.5,16.5,44.585,11.05,1,1,1,1,1
2020-06-19T04,40.0,163.0,18.25,67.79,12.25,1,1,1,1,1
2020-06-19T05,47.0,213.0,19.4,118.36,13.8,1,1,1,1,1
2020-06-19T06,49.0,321.0,19.6,156.4,14.25,1,1,1,1,1
2020-06-19T07,50.0,337.0,19.8,179.24,15.8,1,1,1,1,1
2020-06-19T09,58.0,401.5,20.85,160.005,19.4,1,1,1,1,1
2020-06-19T10,61.0,393.0,20.65,158.575,17.0,1,1,1,1,1
2020-06-19T12,53.0,372.667,19.967,91.22,12.767,1,1,1,1,1
2020-06-19T13,49.333,325.0,16.267,71.003,10.967,1,1,1,1,1
2020-06-19T14,46.0,299.0,14.65,68.675,10.25,1,1,1,1,1
2020-06-19T15,46.333,243.667,20.433,64.753,9.833,1,1,1,1,1
2020-06-19T16,50.25,205.75,17.525,49.638,10.05,1,1,1,1,1
2020-06-19T17,48.0,166.0,12.7,44.61,9.4,1,1,1,1,1
2020-06-19T18,42.0,122.0,8.55,36.32,8.4,2,2,2,2,2
2020-06-19T19,35.0,97.0,7.4,33.81,6.6,1,1,1,1,1
2020-06-19T20,26.0,63.5,5.85,34.25,10.15,1,1,1,1,1
2020-06-19T21,22.0,54.0,5.8,33.045,9.5,1,1,1,1,1
2020-06-19T22,19.0,50.0,7.2,30.07,9.5,1,1,1,1,1
2020-06-19T23,14.5,52.0,6.75,56.2,6.85,1,1,1,1,1
2020-06-20T00,7.5,44.5,17.0,31.91,7.2,1,1,1,1,1
2020-06-20T01,11.0,46.0,63.6,29.51,9.1,1,1,1,1,1
2020-06-20T02,17.0,61.0,34.2,,8.3,1,1,1,0,1
2020-06-20T03,25.0,141.0,25.45,32.735,6.9,1,1,1,1,1
2020-06-20T04,24.0,166.0,27.05,39.89,7.25,1,1,1,1,1
2020-06-20T05,27.0,173.0,16.4,61.66,12.9,1,1,1,1,1
2020-06-20T08,37.0,161.0,32.55,110.915,16.1,1,1,1,1,1
2020-06-20T09,33.5,159.5,17.3,147.775,11.4,1,1,1,1,1
2020-06-20T10,29.0,161.0,18.7,154.45,11.0,1,1,1,1,1
2020-06-20T11,29.5,182.5,25.4,123.155,11.55,1,1,1,1,1
2020-06-20T12,31.0,188.0,39.4,56.87,10.167,1,1,1,1,1
2020-06-20T13,26.0,208.0,38.7,40.87,7.6,1,1,1,1,1
2020-06-20T14,21.0,121.667,40.867,39.58,7.033,1,1,1,1,1
2020-06-20T15,17.5,95.5,34.9,35.415,6.5,1,1,1,1,1
2020-06-20T16,18.333,87.333,46.833,19.083,7.333,1,1,1,1,1
2020-06-20T17,19.0,90.0,66.5,2.86,7.4,1,1,1,1,1
2020-06-20T18,28.25,113.0,64.9,3.175,7.85,2,2,2,2,2
2020-06-21T01,19.0,56.0,,26.83,,1,1,0,1,0
2020-06-21T02,30.0,80.0,29.8,20.56,9.3,1,1,1,1,1
2020-06-21T03,32.667,82.25,15.275,21.468,9.975,1,1,1,1,1
2020-06-21T04,36.0,74.0,13.6,25.79,9.9,1,1,1,1,1
2020-06-21T05,44.0,81.0,16.4,68.99,12.0,1,1,1,1,1
2020-06-21T07,33.25,82.25,16.75,68.18,9.875,1,1,1,1,1
2020-06-21T08,37.75,90.5,13.825,88.3,11.225,1,1,1,1,1
2020-06-21T09,40.0,95.0,11.5,103.88,12.7,1,1,1,1,1
2020-06-21T10,34.0,111.0,10.9,107.373,11.3,1,1,1,1,1
2020-06-21T11,35.333,110.667,12.833,115.817,11.067,1,1,1,1,1
2020-06-21T12,37.0,108.0,21.4,98.59,19.6,1,1,1,1,1
2020-06-21T13,31.0,100.0,14.25,99.38,11.6,1,1,1,1,1
2020-06-21T14,30.0,94.0,13.1,92.015,8.6,1,1,1,1,1
2020-06-21T15,39.0,97.0,12.8,70.42,7.2,1,1,1,1,1
2020-06-21T17,46.667,95.333,11.567,73.047,8.65,1,1,1,1,1
2020-06-21T18,45.5,88.5,11.4,63.005,9.55,1,1,1,1,1
2020-06-21T19,42.75,89.25,12.525,51.193,9.525,1,1,1,1,1
2020-06-21T20,46.5,96.0,10.95,47.62,9.05,1,1,1,1,1
2020-06-21T21,51.0,90.0,10.9,43.065,8.5,1,1,1,1,1
2020-06-21T22,41.0,77.0,11.0,35.48,10.2,1,1,1,1,1
2020-06-21T23,41.0,77.0,10.8,37.08,9.2,1,1,1,1,1
2020-06-22T02,16.5,27.0,21.8,42.38,6.15,1,1,1,1,1
2020-06-22T03,14.0,29.0,27.0,53.84,9.0,1,1,1,1,1
2020-06-22T04,25.0,41.0,28.4,65.41,10.15,1,1,1,1,1
2020-06-22T06,29.0,58.0,18.2,127.54,7.5,1,1,1,1,1
2020-06-22T15,56.333,142.667,30.7,105.307,25.633,1,1,1,1,1
2020-06-22T16,53.0,124.0,24.6,73.07,21.8,1,1,1,1,1
2020-06-22T17,45.5,92.0,17.4,70.005,21.6,1,1,1,1,1
2020-06-22T19,41.0,85.0,7.9,30.89,7.6,1,1,1,1,1
2020-06-22T20,24.0,61.0,6.7,30.13,7.4,1,1,1,1,1
2020-06-22T21,19.0,44.0,5.5,30.03,8.0,1,1,1,1,1
2020-06-22T22,13.0,38.0,5.75,27.54,7.65,1,1,1,1,1
2020-06-22T23,16.25,32.75,7.475,24.755,7.225,1,1,1,1,1
2020-06-23T00,17.0,44.0,9.533,23.217,8.367,1,1,1,1,1
2020-06-23T01,26.0,45.5,14.9,24.645,11.7,1,1,1,1,1
2020-06-23T02,28.0,47.0,13.4,,11.1,1,1,1,0,1
2020-06-23T03,24.333,63.0,12.967,44.09,12.733,1,1,1,1,1
2020-06-23T04,27.0,57.0,12.55,50.04,13.65,1,1,1,1,1
2020-06-23T05,28.0,56.0,10.5,55.36,9.05,1,1,1,1,1
2020-06-23T06,31.0,52.0,14.05,54.115,15.7,1,1,1,1,1
2020-06-23T08,11.0,33.0,10.7,61.985,11.65,1,1,1,1,1
2020-06-23T09,12.0,34.0,18.7,56.6,10.8,1,1,1,1,1
2020-06-23T11,,39.0,12.4,60.58,11.7,0,1,1,1,1
2020-06-23T12,15.667,46.667,12.9,58.427,11.267,1,1,1,1,1
2020-06-23T13,22.0,55.667,15.1,56.377,11.533,1,1,1,1,1
2020-06-23T14,29.667,72.667,14.7,52.1,9.6,1,1,1,1,1
2020-06-23T15,27.0,81.0,9.3,54.59,9.6,1,1,1,1,1
2020-06-23T16,33.5,83.0,9.15,44.385,6.85,1,1,1,1,1
2020-06-23T17,40.0,85.0,5.8,43.12,7.9,1,1,1,1,1
2020-06-23T18,24.5,52.5,4.75,40.735,7.35,1,1,1,1,1
2020-06-23T19,24.5,47.0,5.3,35.95,7.75,1,1,1,1,1
2020-06-23T20,25.0,50.0,6.3,27.4,6.9,1,1,1,1,1
2020-06-23T21,30.0,52.0,5.9,31.28,6.7,1,1,1,1,1
2020-06-23T22,27.0,46.5,5.55,32.07,6.85,1,1,1,1,1
2020-06-23T23,23.333,39.667,5.933,33.053,6.3,1,1,1,1,1
2020-06-24T00,21.333,41.667,9.067,29.503,5.967,1,1,1,1,1
2020-06-24T01,20.0,47.0,,30.85,,1,1,0,1,0
2020-06-24T02,29.0,68.0,13.5,,9.45,1,1,1,0,1
2020-06-24T03,34.0,67.333,12.2,39.667,11.733,1,1,1,1,1
2020-06-24T04,34.0,66.0,13.8,39.08,10.3,1,1,1,1,1
2020-06-24T05,45.0,,12.1,34.3,9.0,1,0,1,1,1
2020-06-24T06,12.667,44.0,28.667,18.83,6.333,1,1,1,1,1
2020-06-24T07,16.667,43.0,22.433,32.543,7.167,1,1,1,1,1
2020-06-24T08,22.0,45.0,16.5,45.77,8.1,1,1,1,1,1
2020-06-24T09,24.5,42.0,11.8,53.58,6.05,1,1,1,1,1
2020-06-24T10,27.333,46.667,15.0,55.78,8.867,1,1,1,1,1
2020-06-24T11,28.0,56.0,13.3,56.08,9.9,1,1,1,1,1
2020-06-24T12,20.0,52.0,15.2,51.61,9.1,1,1,1,1,1
2020-06-24T13,29.0,58.0,20.7,44.26,11.2,1,1,1,1,1
2020-06-24T14,38.0,75.0,18.25,38.42,7.6,1,1,1,1,1
2020-06-24T15,31.0,65.25,16.275,38.322,6.775,1,1,1,1,1
2020-06-24T17,44.0,74.0,20.4,15.9,6.6,1,1,1,1,1
2020-06-24T18,34.0,64.75,17.45,14.658,6.2,2,2,2,2,2
2020-06-24T19,37.0,61.0,27.95,5.54,6.85,1,1,1,1,1
2020-06-24T21,40.333,62.0,15.333,5.567,6.933,1,1,1,1,1
2020-06-25T00,42.0,70.0,27.3,4.1,8.1,1,1,1,1,1
2020-06-25T02,39.0,76.25,24.275,19.46,11.775,1,1,1,1,1
2020-06-25T03,33.0,68.0,29.3,21.11,13.3,1,1,1,1,1
2020-06-25T04,43.0,68.0,19.3,53.94,11.5,1,1,1,1,1
2020-06-25T05,24.0,52.0,17.25,84.415,8.2,1,1,1,1,1
2020-06-25T13,50.0,102.5,42.95,56.155,11.6,1,1,1,1,1
2020-06-25T14,62.0,125.0,44.3,37.415,12.0,1,1,1,1,1
2020-06-25T15,76.5,138.5,40.95,38.465,,1,1,1,1,0
2020-06-25T16,78.667,128.667,32.533,26.14,,1,1,1,1,0
2020-06-25T17,64.0,100.0,26.2,38.38,,1,1,1,1,0
2020-06-25T20,61.0,124.0,42.6,5.715,,1,1,1,1,0
2020-06-25T21,62.0,138.0,35.4,4.78,,1,1,1,1,0
2020-06-25T22,74.0,162.0,27.5,5.37,,1,1,1,1,0
2020-06-25T23,61.5,110.5,19.5,4.04,,1,1,1,1,0
2020-06-26T00,54.5,104.0,22.75,1.305,,1,1,1,1,0
2020-06-26T01,53.0,93.667,18.3,4.037,12.5,1,1,1,1,1
2020-06-26T02,49.0,77.0,17.45,,10.25,1,1,1,0,1
2020-06-26T04,57.0,123.0,25.5,83.59,13.3,1,1,1,1,1
2020-06-26T05,57.0,123.0,24.1,44.707,12.467,1,1,1,1,1
2020-06-26T06,27.0,166.0,22.9,36.14,9.4,1,1,1,1,1
2020-06-26T07,18.0,132.0,18.9,66.74,9.2,1,1,1,1,1
2020-06-26T10,18.0,100.0,14.4,74.785,7.3,1,1,1,1,1
2020-06-26T12,16.0,118.0,21.95,44.955,7.95,1,1,1,1,1
2020-06-26T13,16.0,124.0,27.0,31.625,5.55,1,1,1,1,1
2020-06-26T14,25.0,160.0,29.6,24.6,5.1,1,1,1,1,1
2020-06-26T15,25.0,160.0,32.8,15.66,6.4,1,1,1,1,1
2020-06-26T16,24.0,143.0,38.0,7.35,,1,1,1,1,0
2020-06-26T17,27.0,135.0,28.65,13.135,,1,1,1,1,0
2020-06-26T18,22.0,110.0,30.1,10.0,,1,1,1,1,0
2020-06-26T19,22.25,108.25,29.925,6.957,,1,1,1,1,0
2020-06-26T20,23.0,100.0,26.0,9.06,,1,1,1,1,0
2020-06-26T22,20.667,75.667,38.833,1.993,,1,1,1,1,0
2020-06-26T23,20.0,73.0,38.35,0.95,,1,1,1,1,0
2020-06-27T00,22.0,77.0,29.9,3.145,,1,1,1,1,0
2020-06-27T01,25.0,96.0,,3.65,,1,1,0,1,0
2020-06-27T02,27.0,102.0,29.5,,,1,1,1,0,0
2020-06-27T03,18.0,106.0,17.8,12.47,,1,1,1,1,0
2020-06-27T04,23.5,123.5,16.4,15.475,,1,1,1,1,0
2020-06-27T05,25.0,135.0,16.9,23.44,,1,1,1,1,0
2020-06-27T09,17.0,239.0,10.9,43.57,8.3,1,1,1,1,1
2020-06-27T11,27.0,283.0,18.3,34.65,6.4,1,1,1,1,1
2020-06-27T12,28.0,337.0,33.2,26.01,7.0,1,1,1,1,1
2020-06-27T13,32.0,294.0,42.9,14.58,6.7,1,1,1,1,1
2020-06-27T14,35.0,279.0,67.4,0.88,7.3,1,1,1,1,1
2020-06-27T17,39.0,289.0,61.3,0.78,9.4,1,1,1,1,1
2020-06-27T20,38.0,381.0,47.9,1.51,5.1,1,1,1,1,1
2020-06-27T23,43.0,244.5,39.35,,8.05,1,1,1,0,1
2020-06-28T00,44.0,232.0,34.3,2.2,6.8,1,1,1,1,1
2020-06-28T02,29.0,178.0,23.85,,9.05,1,1,1,0,1
2020-06-28T03,15.0,229.667,15.3,11.993,7.733,1,1,1,1,1
2020-06-28T04,27.0,361.0,8.7,19.54,7.1,1,1,1,1,1
2020-06-28T05,27.0,361.0,8.95,20.445,7.2,1,1,1,1,1
2020-06-28T08,21.0,365.0,8.9,35.14,6.3,1,1,1,1,1
2020-06-28T10,32.333,592.333,11.5,39.617,5.7,1,1,1,1,1
2020-06-28T11,33.0,564.0,16.3,36.69,5.6,1,1,1,1,1
2020-06-28T12,34.5,573.5,20.45,32.04,4.75,1,1,1,1,1
2020-06-28T13,36.0,583.0,35.0,18.315,4.3,1,1,1,1,1
2020-06-28T14,39.0,592.0,52.8,7.493,4.867,1,1,1,1,1
2020-06-28T15,47.0,588.0,55.167,9.837,5.967,1,1,1,1,1
2020-06-28T16,52.0,547.0,53.1,5.725,8.45,1,1,1,1,1
2020-06-28T17,50.0,496.5,66.15,2.37,7.7,1,1,1,1,1
2020-06-28T19,48.333,433.0,44.733,7.65,10.167,1,1,1,1,1
2020-06-28T20,49.0,381.0,49.8,4.59,24.0,1,1,1,1,1
2020-06-28T21,56.0,393.0,49.1,1.22,21.9,1,1,1,1,1
2020-06-28T22,41.0,326.0,52.1,18.29,14.0,1,1,1,1,1
2020-06-28T23,28.75,180.5,24.275,5.935,12.1,1,1,1,1,1
2020-06-29T00,22.0,151.0,29.45,5.09,10.2,1,1,1,1,1
2020-06-29T01,28.0,168.0,,6.745,,1,1,0,1,0
2020-06-29T02,18.0,118.0,20.9,22.07,11.1,1,1,1,1,1
2020-06-29T03,17.667,129.667,17.5,17.52,9.3,1,1,1,1,1
2020-06-29T04,18.5,165.0,13.9,30.125,9.65,1,1,1,1,1
2020-06-29T05,20.0,214.5,13.0,39.16,8.35,1,1,1,1,1
2020-06-29T06,20.0,244.0,10.9,43.83,8.3,1,1,1,1,1
2020-06-29T07,32.0,296.0,23.7,82.87,8.4,1,1,1,1,1
2020-06-29T09,39.0,216.0,13.5,90.98,9.9,1,1,1,1,1
2020-06-29T10,38.0,213.0,14.333,79.63,8.5,1,1,1,1,1
2020-06-29T11,36.0,207.0,14.6,72.62,7.3,1,1,1,1,1
2020-06-29T12,28.5,368.0,22.75,56.215,7.5,1,1,1,1,1
2020-06-29T14,14.0,46.0,40.2,20.7,6.133,1,1,1,1,1
2020-06-29T15,15.0,75.0,50.5,16.15,6.2,1,1,1,1,1
2020-06-29T16,21.5,50.0,34.4,27.42,7.1,1,1,1,1,1
2020-06-29T17,22.0,67.0,32.2,23.03,,1,1,1,1,0
2020-06-29T18,22.0,67.0,31.6,20.87,,1,1,1,1,0
2020-06-29T23,35.0,62.0,7.2,22.48,5.7,1,1,1,1,1
2020-06-30T01,32.0,57.5,12.8,20.855,5.4,1,1,1,1,1
2020-06-30T02,34.0,67.0,8.85,48.18,5.45,1,1,1,1,1
2020-06-30T04,39.0,94.0,10.2,46.12,5.5,1,1,1,1,1
2020-06-30T05,38.0,100.0,10.4,60.0,5.5,1,1,1,1,1
2020-06-30T06,45.0,112.0,13.0,82.3,6.5,1,1,1,1,1
2020-06-30T07,64.0,118.0,12.1,86.1,5.4,1,1,1,1,1
2020-06-30T08,64.0,118.0,22.0,76.36,6.4,1,1,1,1,1
2020-06-30T11,36.5,122.5,13.15,78.53,5.6,1,1,1,1,1
2020-06-30T12,35.0,124.0,15.7,73.95,5.3,1,1,1,1,1
2020-06-30T13,38.0,128.0,19.0,65.8,6.3,1,1,1,1,1
2020-06-30T14,50.0,149.0,14.3,59.96,6.8,1,1,1,1,1
2020-06-30T15,48.0,144.0,13.15,58.3,6.4,1,1,1,1,1
2020-06-30T16,46.0,139.0,14.4,51.45,6.2,1,1,1,1,1
2020-06-30T17,,,,,6.4,0,0,0,0,1
2020-06-30T18,43.0,125.0,16.5,46.325,6.7,2,2,2,2,1
2020-06-30T19,,110.0,18.3,38.24,7.3,0,1,1,1,1
2020-06-30T20,36.0,84.0,11.1,29.62,7.2,1,1,1,1,1
2020-06-30T23,54.0,95.0,9.7,19.82,6.4,1,1,1,1,1
2020-07-01T00,54.0,95.0,10.0,20.66,6.4,1,1,1,1,1
2020-07-01T01,58.0,98.0,29.9,19.997,8.1,1,1,1,1,1
2020-07-01T02,61.5,114.0,14.45,57.76,6.95,1,1,1,1,1
2020-07-01T03,51.0,110.0,13.85,42.68,6.4,1,1,1,1,1
2020-07-01T04,45.0,129.0,13.7,50.35,6.5,1,1,1,1,1
2020-07-01T06,38.0,97.0,11.6,69.27,6.1,1,1,1,1,1
2020-07-01T08,37.0,110.0,13.3,80.48,7.4,1,1,1,1,1
2020-07-01T09,31.0,129.0,14.1,86.95,7.4,1,1,1,1,1
2020-07-01T11,48.0,139.0,17.1,105.33,8.15,1,1,1,1,1
2020-07-01T12,45.0,153.0,19.0,102.82,8.4,1,1,1,1,1
2020-07-01T15,60.0,167.0,14.5,54.7,10.2,1,1,1,1,1
2020-07-01T18,40.0,111.0,13.35,46.795,6.0,2,2,2,2,1
2020-07-01T20,41.0,87.667,9.167,41.937,5.9,1,1,1,1,1
2020-07-01T21,40.667,84.667,9.633,39.53,6.033,1,1,1,1,1
2020-07-01T22,40.0,84.0,10.7,37.98,6.1,1,1,1,1,1
2020-07-01T23,54.0,97.0,8.733,33.633,7.133,1,1,1,1,1
2020-07-02T00,54.0,99.0,13.5,19.365,7.15,1,1,1,1,1
2020-07-02T01,54.667,94.333,20.2,26.63,6.9,1,1,1,1,1
2020-07-02T02,52.0,99.0,15.1,,8.9,1,1,1,0,1
2020-07-02T03,45.0,95.0,16.4,56.49,7.4,1,1,1,1,1
2020-07-02T04,56.0,119.0,19.25,87.615,9.85,1,1,1,1,1
2020-07-02T05,48.0,116.0,19.4,125.98,9.05,1,1,1,1,1
2020-07-02T07,75.0,178.0,18.2,172.13,10.2,1,1,1,1,1
2020-07-02T08,75.0,178.0,16.4,158.66,11.4,1,1,1,1,1
2020-07-02T09,78.0,186.0,12.6,124.81,10.2,1,1,1,1,1
2020-07-02T10,69.0,180.0,13.5,124.11,8.9,1,1,1,1,1
2020-07-02T11,66.0,195.0,15.8,118.48,8.9,1,1,1,1,1
2020-07-02T12,66.0,195.0,15.25,114.52,8.8,1,1,1,1,1
2020-07-02T13,71.333,202.333,23.9,96.787,8.033,1,1,1,1,1
2020-07-02T14,74.0,207.0,28.55,89.515,7.3,1,1,1,1,1
2020-07-02T17,74.0,185.0,12.3,66.42,6.7,1,1,1,1,1
2020-07-02T18,67.0,149.0,12.9,52.04,6.6,1,1,1,1,1
2020-07-02T19,59.0,139.0,15.8,45.0,6.5,1,1,1,1,1
2020-07-02T20,56.0,132.0,16.6,49.24,8.1,1,1,1,1,1
2020-07-02T21,65.0,129.0,13.7,49.51,6.4,1,1,1,1,1
2020-07-02T22,65.0,129.0,11.8,47.92,7.0,1,1,1,1,1
2020-07-02T23,67.0,140.0,12.35,40.925,7.15,1,1,1,1,1
2020-07-03T00,67.0,133.0,14.1,31.4,8.2,1,1,1,1,1
2020-07-03T01,80.667,165.333,22.6,31.5,8.5,1,1,1,1,1
2020-07-03T14,42.0,105.0,12.5,58.6,5.8,1,1,1,1,1
2020-07-03T15,44.0,108.0,11.45,55.5,6.3,1,1,1,1,1
2020-07-03T17,38.667,97.333,7.3,45.94,7.4,1,1,1,1,1
2020-07-03T18,38.5,97.5,5.6,43.775,5.45,1,1,1,1,1
2020-07-03T19,35.0,95.0,5.8,42.28,5.0,1,1,1,1,1
2020-07-03T20,37.0,77.0,5.8,42.36,5.3,1,1,1,1,1
2020-07-03T21,41.0,69.0,5.8,33.97,4.9,1,1,1,1,1
2020-07-03T22,42.0,85.0,8.5,18.8,6.0,1,1,1,1,1
2020-07-03T23,68.0,104.5,10.025,14.53,5.5,1,1,1,1,1
2020-07-04T00,65.0,100.0,17.9,7.29,5.2,1,1,1,1,1
2020-07-04T01,64.0,103.0,,12.8,,1,1,0,1,0
2020-07-04T02,54.0,96.0,11.2,,4.8,1,1,1,0,1
2020-07-04T03,57.0,111.0,9.7,35.2,4.2,1,1,1,1,1
2020-07-04T04,58.0,119.5,10.0,44.895,4.2,1,1,1,1,1
2020-07-04T05,59.0,128.0,10.7,49.98,3.8,1,1,1,1,1
2020-07-04T06,59.0,141.0,12.1,63.22,3.95,1,1,1,1,1
2020-07-04T07,27.5,102.0,11.05,66.305,6.05,1,1,1,1,1
2020-07-04T08,28.0,88.0,9.9,74.7,6.2,1,1,1,1,1
2020-07-04T09,26.0,86.5,18.75,70.115,6.25,1,1,1,1,1
2020-07-04T10,24.0,85.0,18.867,68.063,6.7,1,1,1,1,1
2020-07-04T11,18.0,78.0,24.8,61.31,7.3,1,1,1,1,1
2020-07-04T16,58.0,112.0,11.1,39.79,4.6,1,1,1,1,1
2020-07-04T17,60.0,99.0,6.9,36.24,4.7,1,1,1,1,1
2020-07-04T18,57.0,89.0,7.525,29.872,4.8,2,2,2,2,1
2020-07-04T19,58.0,89.0,8.1,27.79,3.9,1,1,1,1,1
2020-07-04T20,54.0,85.0,8.0,26.615,3.35,1,1,1,1,1
2020-07-04T22,29.0,153.0,3.6,30.257,3.867,1,1,1,1,1
2020-07-04T23,5.0,6.0,6.25,41.82,5.2,1,1,1,1,1
2020-07-05T00,11.0,4.5,9.8,40.51,5.35,1,1,1,1,1
2020-07-05T01,10.0,3.0,,45.75,,1,1,0,1,0
2020-07-05T03,13.0,17.0,17.0,48.14,4.6,1,1,1,1,1
2020-07-05T04,15.5,27.0,18.05,59.19,7.85,1,1,1,1,1
2020-07-05T05,16.0,30.0,18.4,74.83,7.65,1,1,1,1,1
2020-07-05T06,17.0,33.0,16.3,77.18,7.3,1,1,1,1,1
2020-07-05T07,19.0,38.5,30.1,68.225,27.0,1,1,1,1,1
2020-07-05T08,32.0,62.0,27.75,88.305,34.6,1,1,1,1,1
2020-07-05T09,37.0,69.667,19.8,107.93,26.433,1,1,1,1,1
2020-07-05T10,37.0,53.0,15.9,122.36,21.8,1,1,1,1,1
2020-07-05T12,21.5,52.0,18.65,85.015,8.65,1,1,1,1,1
2020-07-05T13,19.0,51.0,20.8,64.06,8.25,1,1,1,1,1
2020-07-05T15,18.333,46.0,19.167,52.247,5.833,1,1,1,1,1
2020-07-05T16,17.0,34.0,20.7,43.83,5.3,1,1,1,1,1
2020-07-05T17,36.0,75.0,33.2,25.72,,1,1,1,1,0
2020-07-05T21,47.0,62.0,22.7,13.68,6.9,1,1,1,1,1
2020-07-06T00,52.0,74.0,16.3,7.57,8.0,1,1,1,1,1
2020-07-06T05,57.0,94.0,12.5,49.55,5.6,1,1,1,1,1
2020-07-06T06,52.0,105.0,9.9,63.07,4.7,1,1,1,1,1
2020-07-06T07,50.0,89.0,17.6,52.25,5.3,1,1,1,1,1
2020-07-06T09,50.0,84.5,21.45,67.895,6.2,1,1,1,1,1
2020-07-06T11,38.0,70.0,21.3,57.37,6.7,1,1,1,1,1
2020-07-06T20,,47.0,9.7,15.8,5.8,0,1,1,1,1
2020-07-07T05,13.0,41.0,11.6,30.13,7.0,1,1,1,1,1
2020-07-07T11,,34.0,16.4,14.58,6.7,0,1,1,1,1
2020-07-07T13,8.0,25.0,22.8,7.88,7.9,1,1,1,1,1
2020-07-07T16,16.0,19.0,6.3,14.68,2.1,1,1,1,1,1
2020-07-08T03,31.0,47.0,14.9,10.7,6.0,1,1,1,1,1
2020-07-08T04,34.667,57.667,13.233,16.173,5.8,1,1,1,1,1
2020-07-08T07,34.0,45.0,11.8,31.87,5.6,1,1,1,1,1
2020-07-08T10,21.0,33.0,8.6,46.16,6.4,1,1,1,1,1
2020-07-08T14,20.0,58.0,49.8,11.86,5.2,1,1,1,1,1
2020-07-08T15,39.0,77.0,46.9,,6.1,1,1,1,0,1
2020-07-09T02,55.0,61.0,13.4,,11.1,1,1,1,0,1
2020-07-09T03,26.0,48.0,18.0,22.58,11.7,1,1,1,1,1
2020-07-09T05,25.0,36.0,25.3,82.3,8.9,1,1,1,1,1
2020-07-09T07,40.0,81.0,24.4,127.64,10.0,1,1,1,1,1
2020-07-09T09,240.0,80.0,21.3,125.71,8.9,1,1,1,1,1
2020-07-09T10,38.0,75.0,19.5,123.6,8.4,1,1,1,1,1
2020-07-09T11,41.0,72.0,22.15,103.205,7.95,1,1,1,1,1
2020-07-09T12,39.0,95.0,40.6,50.8,7.7,1,1,1,1,1
2020-07-09T13,20.0,81.0,49.9,25.83,7.5,1,1,1,1,1
2020-07-09T14,20.0,81.0,59.9,16.78,7.2,1,1,1,1,1
2020-07-09T16,27.0,81.0,59.7,7.27,6.9,1,1,1,1,1
2020-07-09T17,26.0,77.0,21.3,15.99,6.3,1,1,1,1,1
2020-07-09T21,13.0,38.0,20.3,5.14,4.9,1,1,1,1,1
2020-07-10T02,20.0,86.0,20.4,19.29,6.9,1,1,1,1,1
2020-07-10T09,22.0,101.0,16.2,77.09,6.5,1,1,1,1,1
2020-07-10T13,31.0,134.0,50.1,46.18,5.6,1,1,1,1,1
2020-07-10T16,32.0,133.0,15.9,29.34,4.8,1,1,1,1,1
2020-07-10T17,10.0,30.0,26.8,19.31,4.6,1,1,1,1,1
2020-07-10T20,15.0,153.0,4.5,57.96,4.9,1,1,1,1,1
2020-07-10T21,6.0,9.0,3.4,45.33,4.5,1,1,1,1,1
2020-07-11T01,17.0,29.0,,52.39,,1,1,0,1,0
2020-07-11T03,12.0,24.0,10.5,51.86,6.6,1,1,1,1,1
2020-07-11T04,13.0,30.0,21.1,54.31,7.9,1,1,1,1,1
2020-07-11T13,21.0,70.0,26.7,57.88,7.7,1,1,1,1,1
2020-07-11T14,33.5,99.5,25.2,48.46,65.65,1,1,1,1,1
2020-07-11T18,29.0,77.0,11.0,38.46,13.7,1,1,1,1,1
2020-07-11T21,30.0,77.0,15.1,7.1,7.9,1,1,1,1,1
2020-07-12T01,9.0,14.0,,39.53,,1,1,0,1,0
2020-07-12T04,8.0,30.0,12.1,69.82,8.6,1,1,1,1,1
2020-07-12T09,14.0,51.0,17.6,112.6,6.9,1,1,1,1,1
2020-07-12T10,9.0,31.0,23.4,158.58,9.8,1,1,1,1,1
2020-07-12T11,21.0,73.0,21.0,135.59,9.0,1,1,1,1,1
2020-07-12T14,16.0,61.0,19.5,43.36,6.1,1,1,1,1,1
2020-07-12T17,9.0,41.0,13.4,47.55,4.9,1,1,1,1,1
2020-07-12T18,14.0,44.0,21.4,41.295,5.8,2,2,2,2,1
2020-07-12T21,19.0,50.0,15.1,31.61,8.2,1,1,1,1,1
2020-07-12T23,15.0,47.0,20.3,15.01,10.3,1,1,1,1,1
2020-07-13T00,17.0,57.0,33.9,10.66,9.8,1,1,1,1,1
2020-07-13T07,28.0,132.0,17.8,136.93,10.4,1,1,1,1,1
2020-07-13T08,28.0,132.0,17.1,120.18,9.85,1,1,1,1,1
2020-07-13T11,21.0,201.0,17.3,82.52,7.9,1,1,1,1,1
2020-07-13T12,26.0,212.0,20.0,58.7,7.2,1,1,1,1,1
2020-07-13T15,23.0,208.0,19.5,47.04,7.1,1,1,1,1,1
2020-07-13T17,40.0,223.0,29.9,15.93,10.7,1,1,1,1,1
2020-07-13T19,19.0,124.0,29.25,1.41,6.15,1,1,1,1,1
2020-07-14T04,20.0,117.0,22.2,34.12,8.3,1,1,1,1,1
2020-07-14T06,28.0,160.0,21.5,140.92,8.4,1,1,1,1,1
2020-07-14T08,40.0,201.0,20.6,185.98,8.9,1,1,1,1,1
2020-07-14T12,40.0,219.0,16.0,91.88,7.3,1,1,1,1,1
2020-07-14T15,43.0,217.0,29.7,45.0,6.6,1,1,1,1,1
2020-07-14T17,33.0,204.0,14.2,38.91,42.2,1,1,1,1,1
2020-07-15T00,31.0,75.0,11.0,18.91,24.3,1,1,1,1,1
2020-07-15T02,37.0,79.0,16.1,,20.9,1,1,1,0,1
2020-07-15T03,41.0,101.0,16.5,35.82,43.55,1,1,1,1,1
2020-07-15T05,27.0,56.0,22.0,75.48,47.3,1,1,1,1,1
2020-07-15T06,27.0,56.0,16.55,74.1,45.1,1,1,1,1,1
2020-07-15T07,29.0,77.0,12.4,76.585,16.1,1,1,1,1,1
2020-07-15T08,26.0,83.0,16.8,88.51,19.2,1,1,1,1,1
2020-07-15T10,27.0,81.0,13.2,80.22,33.9,1,1,1,1,1
2020-07-15T12,25.0,72.0,17.2,74.34,39.6,1,1,1,1,1
2020-07-15T14,30.0,91.0,16.7,44.24,56.7,1,1,1,1,1
2020-07-15T18,20.0,45.0,10.3,26.13,,1,1,1,1,0
2020-07-16T10,36.0,68.0,10.95,37.175,30.35,1,1,1,1,1
2020-07-16T13,28.0,101.0,32.2,27.6,26.0,1,1,1,1,1
2020-07-16T14,28.0,101.0,38.3,22.72,21.9,1,1,1,1,1
2020-07-16T21,31.0,53.0,10.1,18.46,9.4,1,1,1,1,1
2020-07-16T22,34.0,58.0,10.0,19.6,9.3,1,1,1,1,1
2020-07-17T00,35.0,64.0,14.5,16.76,8.6,1,1,1,1,1
2020-07-17T03,49.0,79.0,14.15,27.95,18.1,1,1,1,1,1
2020-07-17T11,49.25,86.75,35.525,43.295,10.325,1,1,1,1,1
2020-07-17T13,76.0,118.0,39.6,24.74,48.1,1,1,1,1,1
2020-07-17T15,48.0,107.0,30.2,22.36,129.0,1,1,1,1,1
2020-07-17T16,59.0,103.0,23.433,21.68,96.567,1,1,1,1,1
2020-07-17T17,48.0,94.0,16.9,21.25,130.3,1,1,1,1,1
2020-07-17T18,62.0,89.0,14.3,21.62,,1,1,1,1,0
2020-07-17T19,40.75,68.25,10.35,15.998,28.9,1,1,1,1,1
2020-07-17T20,44.0,67.0,10.275,13.402,13.925,1,1,1,1,1
2020-07-17T21,47.0,70.0,8.85,14.225,9.3,1,1,1,1,1
2020-07-17T22,40.5,66.25,7.9,15.263,6.875,1,1,1,1,1
2020-07-17T23,43.25,64.75,7.35,17.765,5.675,1,1,1,1,1
2020-07-18T00,47.0,67.0,8.4,17.343,4.725,1,1,1,1,1
2020-07-18T01,47.5,71.25,17.3,9.23,12.2,1,1,1,1,1
2020-07-18T02,46.75,81.5,17.725,16.48,52.8,1,1,1,1,1
2020-07-18T03,40.0,74.0,15.8,12.203,87.9,1,1,1,1,1
2020-07-18T04,32.0,68.5,25.25,21.51,38.125,1,1,1,1,1
2020-07-18T05,32.5,81.75,23.325,33.168,26.325,1,1,1,1,1
2020-07-18T06,25.25,69.25,18.5,41.682,26.7,1,1,1,1,1
2020-07-18T07,26.25,60.25,19.525,46.093,46.35,1,1,1,1,1
2020-07-18T08,27.25,59.5,19.15,51.11,64.75,1,1,1,1,1
2020-07-18T09,28.5,65.0,17.175,55.078,53.7,1,1,1,1,1
2020-07-18T10,31.0,68.5,16.775,51.4,61.825,1,1,1,1,1
2020-07-18T11,33.5,70.0,23.85,37.32,132.8,1,1,1,1,1
2020-07-18T12,30.75,67.0,24.85,27.94,121.975,1,1,1,1,1
2020-07-18T13,27.0,58.0,18.767,26.873,42.233,1,1,1,1,1
2020-07-18T14,27.0,55.0,13.9,27.69,26.3,1,1,1,1,1
2020-07-18T15,26.333,56.667,12.767,19.54,14.033,1,1,1,1,1
2020-07-18T16,24.5,48.5,9.575,21.228,9.75,1,1,1,1,1
2020-07-18T17,21.667,37.333,6.633,25.303,7.05,1,1,1,1,1
2020-07-18T19,19.75,37.25,8.875,16.523,7.525,1,1,1,1,1
2020-07-18T20,26.5,45.75,11.825,11.845,17.85,1,1,1,1,1
2020-07-18T21,33.0,47.667,15.7,8.443,13.133,1,1,1,1,1
2020-07-18T22,34.0,43.25,18.8,1.145,11.575,1,1,1,1,1
2020-07-18T23,30.5,55.0,26.475,13.04,11.35,1,1,1,1,1
2020-07-19T00,47.0,70.0,20.3,23.323,11.5,1,1,1,1,1
2020-07-19T01,23.0,29.0,22.3,10.525,7.3,1,1,1,1,1
2020-07-19T02,7.5,2.0,21.075,9.39,6.975,1,1,1,1,1
2020-07-19T03,6.0,7.0,20.3,5.805,7.05,1,1,1,1,1
2020-07-19T04,6.5,9.75,30.675,6.947,7.075,1,1,1,1,1
2020-07-19T05,8.0,18.0,40.933,9.207,7.467,1,1,1,1,1
2020-07-19T06,22.0,36.0,34.3,32.26,8.4,1,1,1,1,1
2020-07-19T07,24.75,44.0,24.925,63.43,8.25,1,1,1,1,1
2020-07-19T08,19.0,40.667,16.5,80.62,7.667,1,1,1,1,1
2020-07-19T09,16.25,36.5,15.95,80.415,7.3,1,1,1,1,1
2020-07-19T10,21.0,45.5,13.875,68.483,6.675,1,1,1,1,1
2020-07-19T11,25.75,50.25,15.75,67.968,5.975,1,1,1,1,1
2020-07-19T12,29.5,54.25,23.075,61.172,5.5,1,1,1,1,1
2020-07-19T13,39.75,69.25,30.65,48.127,5.625,1,1,1,1,1
2020-07-19T14,70.5,84.0,53.75,17.915,5.3,1,1,1,1,1
2020-07-19T15,41.25,81.0,56.025,10.238,5.5,1,1,1,1,1
2020-07-19T16,68.25,83.75,48.35,4.0,5.425,1,1,1,1,1
2020-07-19T17,42.667,85.333,42.433,4.077,5.6,1,1,1,1,1
2020-07-19T18,27.666,65.666,18.9,21.19,5.767,2,2,2,2,1
2020-07-19T19,5.0,25.0,11.533,33.163,4.8,1,1,1,1,1
2020-07-19T20,3.0,7.0,11.5,33.875,4.55,1,1,1,1,1
2020-07-19T21,9.25,16.0,21.35,30.723,4.4,1,1,1,1,1
2020-07-19T22,7.0,7.0,16.85,33.25,4.4,1,1,1,1,1
2020-07-20T15,28.5,70.5,29.1,89.08,7.05,1,1,1,1,1
2020-07-20T16,32.75,63.5,26.9,80.61,6.675,1,1,1,1,1
2020-07-20T17,24.0,47.25,20.025,42.168,6.067,1,1,1,1,1
2020-07-20T18,19.0,35.666,16.35,30.449,4.0,2,2,2,2,1
2020-07-20T19,24.0,19.0,11.0,44.14,3.65,1,1,1,1,1
2020-07-20T20,6.0,3.0,6.9,45.86,3.7,1,1,1,1,1
2020-07-20T22,5.0,9.0,8.6,47.2,4.2,1,1,1,1,1
2020-07-20T23,9.0,13.0,19.3,24.46,4.3,1,1,1,1,1
2020-07-21T00,7.0,12.0,17.7,26.07,4.3,1,1,1,1,1
2020-07-21T02,48.5,59.5,22.65,27.99,7.9,1,1,1,1,1
2020-07-21T03,64.0,72.0,28.033,28.043,9.3,1,1,1,1,1
2020-07-21T04,76.0,79.0,33.6,44.63,10.5,1,1,1,1,1
2020-07-21T05,51.0,64.0,21.7,74.52,10.5,1,1,1,1,1
2020-07-21T06,13.0,33.0,14.333,73.37,8.233,1,1,1,1,1
2020-07-21T07,15.25,35.0,17.975,80.77,7.8,1,1,1,1,1
2020-07-21T08,18.333,41.667,16.767,42.787,5.4,1,1,1,1,1
2020-07-21T09,13.667,22.5,23.833,27.92,4.133,1,1,1,1,1
2020-07-21T10,10.5,18.667,36.925,30.273,4.725,1,1,1,1,1
2020-07-21T11,22.25,28.5,27.6,32.94,5.325,1,1,1,1,1
2020-07-21T12,26.0,30.0,44.033,28.303,10.833,1,1,1,1,1
2020-07-21T13,24.75,46.0,37.1,26.145,14.8,1,1,1,1,1
2020-07-21T14,21.0,52.0,31.0,32.61,9.7,1,1,1,1,1
2020-07-21T15,22.333,43.0,27.267,22.75,7.3,1,1,1,1,1
2020-07-21T16,24.5,33.25,20.25,18.19,6.0,1,1,1,1,1
2020-07-21T17,11.0,28.0,36.0,6.07,6.4,1,1,1,1,1
2020-07-21T18,23.834,46.25,41.016,5.95,6.3,2,2,2,2,1
2020-07-21T19,27.5,46.25,42.825,3.833,5.9,1,1,1,1,1
2020-07-21T20,24.25,41.5,30.45,8.683,6.075,1,1,1,1,1
2020-07-21T21,20.25,28.5,15.425,14.37,4.95,1,1,1,1,1
2020-07-21T22,18.75,10.5,9.575,19.68,4.2,1,1,1,1,1
2020-07-21T23,3.25,6.75,13.125,14.745,4.0,1,1,1,1,1
2020-07-22T00,4.0,9.0,17.0,11.11,4.0,1,1,1,1,1
2020-07-22T01,19.0,23.0,25.4,9.47,8.1,1,1,1,1,1
2020-07-22T02,17.75,22.75,27.05,12.64,6.45,1,1,1,1,1
2020-07-22T03,14.0,22.0,25.25,12.045,6.95,1,1,1,1,1
2020-07-22T04,27.333,44.667,35.233,12.46,6.8,1,1,1,1,1
2020-07-22T05,40.75,47.25,48.625,10.508,5.675,1,1,1,1,1
2020-07-22T06,66.5,41.75,15.725,24.085,5.125,1,1,1,1,1
2020-07-22T07,14.0,19.5,17.7,33.595,5.85,1,1,1,1,1
2020-07-22T08,18.25,26.25,19.9,35.935,5.775,1,1,1,1,1
2020-07-22T09,22.0,30.0,18.95,39.475,5.95,1,1,1,1,1
2020-07-22T10,12.75,33.25,21.625,32.53,5.55,1,1,1,1,1
2020-07-22T11,13.333,32.333,28.7,28.127,5.0,1,1,1,1,1
2020-07-22T12,9.75,34.5,33.5,24.01,4.475,1,1,1,1,1
2020-07-22T13,11.0,36.5,43.575,15.44,4.6,1,1,1,1,1
2020-07-22T14,17.0,47.0,51.8,10.4,4.5,1,1,1,1,1
2020-07-22T19,27.0,57.0,42.65,1.49,4.2,1,1,1,1,1
2020-07-22T20,23.667,57.667,47.833,1.59,3.7,1,1,1,1,1
2020-07-22T21,24.0,36.0,39.9,1.41,3.7,1,1,1,1,1
2020-07-22T22,23.0,36.0,40.2,1.78,3.65,1,1,1,1,1
2020-07-22T23,18.75,36.5,39.625,2.195,3.3,1,1,1,1,1
2020-07-23T00,15.75,40.25,40.075,2.188,3.8,1,1,1,1,1
2020-07-23T01,20.75,46.25,35.3,4.465,4.5,1,1,1,1,1
2020-07-23T02,34.667,46.0,35.55,15.11,5.2,1,1,1,1,1
2020-07-23T03,43.5,52.25,28.85,27.072,7.65,1,1,1,1,1
2020-07-23T04,40.5,64.333,22.933,72.363,8.233,1,1,1,1,1
2020-07-23T05,45.25,73.25,22.9,97.785,7.775,1,1,1,1,1
2020-07-23T06,46.0,68.0,23.467,134.063,7.033,1,1,1,1,1
2020-07-23T07,54.5,81.75,21.85,131.958,6.325,1,1,1,1,1
2020-07-23T08,48.5,80.5,18.95,124.225,5.9,1,1,1,1,1
2020-07-23T09,35.25,69.0,16.45,115.64,5.25,1,1,1,1,1
2020-07-23T10,35.5,66.5,17.775,108.632,4.7,1,1,1,1,1
2020-07-23T11,33.333,68.333,17.867,98.9,4.7,1,1,1,1,1
2020-07-23T12,32.75,72.0,24.625,77.905,4.7,1,1,1,1,1
2020-07-23T13,38.0,88.75,39.475,51.63,4.725,1,1,1,1,1
2020-07-23T14,55.0,135.667,60.6,22.453,5.2,1,1,1,1,1
2020-07-23T15,71.0,183.0,73.65,20.09,19.15,1,1,1,1,1
2020-07-23T18,76.0,173.0,38.5,11.31,,1,1,1,1,0
2020-07-24T18,40.333,75.333,15.033,6.413,4.0,1,1,1,1,1
2020-07-24T19,22.5,55.5,12.925,7.418,3.6,1,1,1,1,1
2020-07-24T20,40.5,66.0,9.4,6.993,3.6,1,1,1,1,1
2020-07-24T21,27.0,48.0,10.567,7.2,3.333,1,1,1,1,1
2020-07-24T22,19.0,30.0,6.8,7.767,3.3,1,1,1,1,1
2020-07-24T23,22.0,29.0,5.233,9.357,3.067,1,1,1,1,1
2020-07-25T00,18.75,28.25,7.275,7.42,3.025,1,1,1,1,1
2020-07-25T01,26.25,41.0,11.2,5.237,5.1,1,1,1,1,1
2020-07-25T02,38.5,50.5,6.2,22.93,3.675,1,1,1,1,1
2020-07-25T03,28.75,53.5,7.25,9.92,3.3,1,1,1,1,1
2020-07-25T04,33.5,58.25,6.275,11.327,3.275,1,1,1,1,1
2020-07-25T05,40.0,59.0,6.375,25.723,3.35,1,1,1,1,1
2020-07-25T06,37.0,59.0,6.8,33.353,3.2,1,1,1,1,1
2020-07-25T07,33.0,62.0,6.1,36.04,3.0,1,1,1,1,1
2020-07-25T08,34.0,52.0,11.15,41.915,3.05,1,1,1,1,1
2020-07-25T09,35.0,55.0,10.467,30.817,3.633,1,1,1,1,1
2020-07-25T10,25.0,48.0,8.35,26.83,3.6,1,1,1,1,1
2020-07-25T11,25.0,49.0,16.9,23.63,3.3,1,1,1,1,1
2020-07-25T12,26.333,52.0,12.7,19.667,3.3,1,1,1,1,1
2020-07-25T13,30.25,55.75,9.65,14.612,3.225,1,1,1,1,1
2020-07-25T14,37.0,55.667,14.867,14.653,3.233,1,1,1,1,1
2020-07-25T15,28.0,50.5,10.7,14.495,3.1,1,1,1,1,1
2020-07-25T16,25.0,44.0,10.1,14.8,2.9,1,1,1,1,1
2020-07-25T17,19.0,40.0,10.3,9.98,3.4,1,1,1,1,1
2020-07-25T18,21.0,58.0,13.5,9.31,4.1,1,1,1,1,1
2020-07-26T11,30.0,59.0,14.267,59.47,5.233,1,1,1,1,1
2020-07-26T15,53.0,101.0,31.9,16.66,6.1,1,1,1,1,1
2020-07-26T21,38.0,64.0,18.7,6.84,5.5,1,1,1,1,1
2020-07-27T01,47.0,101.0,,2.94,,1,1,0,1,0
2020-07-27T04,15.0,106.0,22.55,12.195,5.75,1,1,1,1,1
2020-07-27T07,23.0,85.0,17.2,33.83,5.0,1,1,1,1,1
2020-07-27T10,20.0,74.0,16.1,41.12,5.0,1,1,1,1,1
2020-07-27T12,33.0,85.0,38.0,22.48,5.4,1,1,1,1,1
2020-07-27T16,14.0,66.0,20.8,16.54,5.1,1,1,1,1,1
2020-07-27T18,17.0,56.0,24.2,9.06,5.3,1,1,1,1,1
2020-07-27T21,11.0,45.0,40.8,4.82,5.1,1,1,1,1,1
2020-07-28T04,19.0,73.0,12.8,14.64,5.0,1,1,1,1,1
2020-07-28T05,69.0,94.0,15.7,20.95,5.0,1,1,1,1,1
2020-07-28T12,26.0,96.0,20.4,,10.2,1,1,1,0,1
2020-07-28T14,32.0,113.0,41.7,1.04,9.6,1,1,1,1,1
2020-07-28T15,29.5,103.25,61.225,,8.45,1,1,1,0,1
2020-07-28T16,25.667,97.333,83.767,,8.633,1,1,1,0,1
2020-07-29T14,20.0,51.0,66.5,4.5,7.467,1,1,1,1,1
2020-07-29T15,15.75,51.75,34.875,11.037,8.975,1,1,1,1,1
2020-07-29T17,28.0,52.0,29.4,5.765,11.5,1,1,1,1,1
2020-07-29T18,25.5,50.5,27.2,5.185,9.05,1,1,1,1,1
2020-07-29T19,24.0,51.5,21.2,4.205,7.8,1,1,1,1,1
2020-07-29T20,19.333,43.667,9.567,4.997,6.633,1,1,1,1,1
2020-07-29T21,10.5,24.5,5.575,6.605,6.0,1,1,1,1,1
2020-07-29T22,12.0,23.0,4.5,9.913,5.567,1,1,1,1,1
2020-07-29T23,14.5,20.0,5.3,13.99,5.425,1,1,1,1,1
2020-07-30T00,13.0,23.0,8.233,13.637,5.4,1,1,1,1,1
2020-07-30T01,12.0,29.0,,9.8,,1,1,0,1,0
2020-07-30T02,14.0,33.0,17.7,,7.2,1,1,1,0,1
2020-07-30T07,11.0,44.0,12.3,37.49,7.3,1,1,1,1,1
2020-07-30T08,8.0,22.0,10.4,36.01,6.9,1,1,1,1,1
2020-07-30T12,8.0,53.0,27.3,47.69,6.8,1,1,1,1,1
2020-07-30T13,13.0,64.0,41.4,44.49,7.3,1,1,1,1,1
2020-07-30T15,17.0,69.0,48.7,24.74,8.6,1,1,1,1,1
2020-07-30T18,35.0,97.0,27.475,12.218,5.9,2,2,2,2,1
2020-07-30T19,24.0,68.0,16.6,6.78,5.1,1,1,1,1,1
2020-07-30T20,27.0,51.0,11.0,4.39,8.6,1,1,1,1,1
2020-07-30T21,23.0,44.0,11.05,8.15,6.0,1,1,1,1,1
2020-07-30T22,23.0,42.0,8.967,7.757,5.933,1,1,1,1,1
2020-07-30T23,25.75,47.25,19.025,2.117,8.575,1,1,1,1,1
2020-07-31T00,34.0,69.0,29.35,0.41,9.45,1,1,1,1,1
2020-07-31T01,39.0,108.0,,0.873,,1,1,0,1,0
2020-07-31T02,52.0,85.333,31.4,11.15,13.733,1,1,1,1,1
2020-07-31T03,38.0,50.0,30.25,9.645,16.4,1,1,1,1,1
2020-08-03T21,12.0,33.667,20.433,8.59,5.633,1,1,1,1,1
2020-08-03T22,10.0,35.0,21.0,8.145,5.85,1,1,1,1,1
2020-08-04T05,19.0,113.0,18.55,30.595,8.475,1,1,1,1,1
2020-08-04T20,29.0,81.0,17.7,10.82,32.0,1,1,1,1,1
2020-08-04T23,33.0,80.0,20.9,5.04,10.7,1,1,1,1,1
2020-08-05T19,27.0,75.0,33.7,0.39,20.7,1,1,1,1,1
2020-08-05T20,28.0,62.0,25.133,0.927,21.2,1,1,1,1,1
2020-08-05T21,31.0,73.0,21.933,1.217,26.233,1,1,1,1,1
2020-08-05T22,25.0,61.0,18.7,0.76,48.8,1,1,1,1,1
2020-08-05T23,21.333,38.333,17.7,3.14,262.733,1,1,1,1,1
2020-08-06T00,13.0,24.667,13.933,4.09,242.333,1,1,1,1,1
2020-08-06T01,11.0,24.0,,4.29,,1,1,0,1,0
2020-08-06T02,9.667,39.333,9.433,10.29,93.633,1,1,1,1,1
2020-08-06T03,9.5,31.5,11.6,7.36,77.4,1,1,1,1,1
2020-08-06T06,7.5,88.0,11.95,26.685,15.6,1,1,1,1,1
2020-08-06T07,6.0,67.0,13.6,21.97,64.1,1,1,1,1,1
2020-08-06T08,7.0,63.333,11.267,23.977,34.367,1,1,1,1,1
2020-08-06T09,8.25,52.0,13.175,19.722,71.3,1,1,1,1,1
2020-08-06T10,5.333,40.667,13.867,15.287,72.967,1,1,1,1,1
2020-08-06T11,4.0,53.0,17.45,13.025,104.85,1,1,1,1,1
2020-08-06T12,4.0,53.0,22.3,11.79,96.45,1,1,1,1,1
2020-08-06T13,6.5,59.0,14.85,13.375,83.55,1,1,1,1,1
2020-08-06T14,10.5,57.0,12.8,13.365,112.85,1,1,1,1,1
2020-08-06T15,14.0,51.0,11.8,12.465,163.5,1,1,1,1,1
2020-08-06T16,14.0,50.0,7.8,11.43,104.1,1,1,1,1,1
2020-08-06T17,12.0,44.0,8.4,11.17,151.35,1,1,1,1,1
2020-08-06T18,14.0,39.0,10.0,8.7,174.8,1,1,1,1,1
2020-08-06T19,13.0,36.0,7.4,11.72,90.7,1,1,1,1,1
2020-08-06T20,18.667,38.333,7.067,13.003,141.367,1,1,1,1,1
2020-08-06T21,11.0,31.75,6.325,11.747,105.15,1,1,1,1,1
2020-08-06T22,8.0,20.0,4.8,10.23,32.7,1,1,1,1,1
2020-08-06T23,8.0,20.0,5.9,10.39,22.7,1,1,1,1,1
2020-08-07T00,14.0,18.0,7.7,6.37,71.1,1,1,1,1,1
2020-08-07T02,13.0,30.0,7.5,,93.1,1,1,1,0,1
2020-08-07T04,22.0,52.0,11.4,19.62,17.9,1,1,1,1,1
2020-08-07T05,22.0,52.0,11.1,24.255,15.95,1,1,1,1,1
2020-08-07T07,37.0,58.0,15.1,23.52,23.3,1,1,1,1,1
2020-08-07T10,28.0,88.0,18.0,28.73,36.2,1,1,1,1,1
2020-08-07T11,31.5,67.5,28.2,21.08,65.05,1,1,1,1,1
2020-08-07T14,30.0,90.0,33.7,15.5,19.5,1,1,1,1,1
2020-08-07T17,30.0,86.0,15.6,17.46,4.5,1,1,1,1,1
2020-08-08T21,11.0,13.0,12.6,17.62,6.3,1,1,1,1,1
2020-08-08T23,7.0,8.0,12.5,13.13,6.6,1,1,1,1,1
2020-08-09T00,4.0,11.0,19.633,7.627,6.867,1,1,1,1,1
2020-08-09T01,6.0,30.0,,6.17,,1,1,0,1,0
2020-08-09T03,19.0,44.0,18.7,13.363,6.0,1,1,1,1,1
2020-08-09T04,13.0,48.0,20.6,22.38,4.9,1,1,1,1,1
2020-08-09T06,46.0,90.0,16.8,85.87,5.3,1,1,1,1,1
2020-08-09T07,70.0,118.0,36.5,37.85,4.7,1,1,1,1,1
2020-08-09T09,40.0,63.0,20.7,35.46,4.8,1,1,1,1,1
2020-08-09T14,37.5,90.0,29.85,13.975,7.1,1,1,1,1,1
2020-08-09T15,37.0,95.0,28.8,8.8,8.1,1,1,1,1,1
2020-08-10T00,20.0,30.0,9.6,3.67,6.0,1,1,1,1,1
2020-08-10T01,24.0,46.0,,6.095,,1,1,0,1,0
2020-08-10T04,31.0,66.0,11.4,9.72,6.5,1,1,1,1,1
2020-08-10T05,23.0,47.0,11.2,15.43,6.1,1,1,1,1,1
2020-08-10T08,14.0,30.0,12.3,21.87,6.7,1,1,1,1,1
2020-08-10T10,30.0,67.0,15.7,21.81,7.6,1,1,1,1,1
2020-08-10T11,29.0,55.0,17.6,17.715,6.8,1,1,1,1,1
2020-08-10T13,18.0,38.0,17.5,16.09,5.6,1,1,1,1,1
2020-08-10T14,20.0,39.0,21.0,10.68,5.7,1,1,1,1,1
2020-08-10T16,28.0,39.0,13.2,16.41,6.3,1,1,1,1,1
2020-08-10T17,21.0,41.0,18.6,4.51,7.4,1,1,1,1,1
2020-08-10T20,39.0,80.0,13.6,4.98,9.3,1,1,1,1,1
2020-08-11T02,34.0,56.0,9.5,,8.5,1,1,1,0,1
2020-08-11T06,42.0,85.0,19.7,72.52,5.3,1,1,1,1,1
2020-08-11T07,60.0,99.0,17.75,81.27,5.6,1,1,1,1,1
2020-08-11T09,43.0,97.0,15.8,49.29,8.3,1,1,1,1,1
2020-08-11T13,46.5,99.0,47.75,19.205,6.15,1,1,1,1,1
2020-08-11T15,41.0,89.0,44.2,9.8,5.8,1,1,1,1,1
2020-08-11T16,47.0,99.0,33.4,5.68,5.5,1,1,1,1,1
2020-08-11T17,42.0,91.0,29.5,,4.9,1,1,1,0,1
2020-08-11T18,42.0,91.0,24.8,,5.0,1,1,1,0,1
2020-08-11T19,40.0,81.0,24.9,2.49,5.0,1,1,1,1,1
2020-08-11T20,14.0,44.0,17.0,1.16,4.3,1,1,1,1,1
2020-08-11T21,11.0,24.0,14.25,3.095,6.0,1,1,1,1,1
2020-08-11T22,6.0,27.0,14.6,3.94,5.8,1,1,1,1,1
2020-08-11T23,6.0,34.0,15.2,2.57,6.8,1,1,1,1,1
2020-08-12T00,6.0,34.0,16.733,3.513,7.033,1,1,1,1,1
2020-08-12T01,5.0,38.0,,5.44,,1,1,0,1,0
2020-08-12T02,6.333,49.0,9.867,33.26,7.767,1,1,1,1,1
2020-08-12T14,18.0,52.0,15.2,8.02,7.2,1,1,1,1,1
2020-08-13T00,,,17.0,10.54,5.5,0,0,1,1,1
2020-08-13T02,2.0,11.0,28.4,,6.1,1,1,1,0,1
2020-08-13T03,5.0,8.0,29.3,7.6,4.9,1,1,1,1,1
2020-08-13T05,16.0,27.0,39.9,11.58,6.4,1,1,1,1,1
2020-08-13T09,17.0,39.0,34.5,14.15,5.8,1,1,1,1,1
2020-08-13T12,8.0,24.0,18.3,7.64,56.7,1,1,1,1,1
2020-08-13T13,6.0,28.0,32.2,5.37,16.9,1,1,1,1,1
2020-08-13T14,24.0,51.0,27.7,5.31,17.8,1,1,1,1,1
2020-08-13T15,21.0,47.5,30.85,4.465,15.35,1,1,1,1,1
2020-08-13T18,13.0,28.0,9.4,7.74,,1,1,1,1,0
2020-08-13T19,9.0,8.0,8.1,7.11,54.4,1,1,1,1,1
2020-08-13T22,6.0,2.0,12.85,7.555,14.85,1,1,1,1,1
2020-08-14T06,11.0,31.0,14.3,14.97,74.0,1,1,1,1,1
2020-08-14T07,24.0,38.0,18.7,13.62,153.1,1,1,1,1,1
2020-08-14T09,16.0,33.0,22.1,18.7,135.0,1,1,1,1,1
2020-08-14T10,11.0,31.0,22.4,16.97,79.0,1,1,1,1,1
2020-08-14T14,20.0,72.0,43.85,5.155,20.65,1,1,1,1,1
2020-08-14T19,40.0,59.0,14.85,8.81,20.45,1,1,1,1,1
2020-08-15T00,29.0,50.0,12.7,7.88,12.2,1,1,1,1,1
2020-08-15T02,31.0,46.0,10.0,,11.9,1,1,1,0,1
2020-08-15T04,57.0,73.0,11.5,13.86,14.5,1,1,1,1,1
2020-08-15T06,42.0,55.0,7.7,28.52,10.2,1,1,1,1,1
2020-08-15T07,34.0,47.0,8.5,26.93,16.5,1,1,1,1,1
2020-08-15T09,19.0,39.0,8.1,27.83,11.7,1,1,1,1,1
2020-08-15T11,20.0,16.0,8.4,37.46,8.4,1,1,1,1,1
2020-08-15T15,18.0,39.0,17.4,8.39,5.7,1,1,1,1,1
2020-08-15T17,20.0,36.0,11.6,11.66,5.8,1,1,1,1,1
2020-08-16T11,25.0,39.0,12.5,24.19,18.9,1,1,1,1,1
2020-08-16T14,12.0,40.0,27.7,11.98,11.2,1,1,1,1,1
2020-08-16T18,25.0,47.0,20.0,5.7,5.7,1,1,1,1,1
2020-08-16T19,30.0,56.5,18.1,4.735,22.85,1,1,1,1,1
2020-08-16T22,26.0,39.0,11.1,6.39,4.1,1,1,1,1,1
2020-08-17T01,21.0,35.0,,6.72,,1,1,0,1,0
2020-08-17T04,15.5,38.0,15.4,20.185,6.8,1,1,1,1,1
2020-08-17T05,14.0,31.0,16.2,20.56,6.9,1,1,1,1,1
2020-08-17T06,17.0,35.0,11.6,23.87,5.9,1,1,1,1,1
2020-08-17T08,19.0,54.0,15.75,28.585,8.1,1,1,1,1,1
2020-08-17T14,35.0,63.0,67.6,1.65,21.1,1,1,1,1,1
2020-08-17T17,23.0,48.0,46.4,2.37,47.4,1,1,1,1,1
2020-08-17T21,21.0,55.0,29.3,3.18,9.0,1,1,1,1,1
2020-08-17T23,31.0,63.0,24.8,2.18,5.3,1,1,1,1,1
2020-08-18T00,22.0,42.0,19.6,2.61,4.9,1,1,1,1,1
2020-08-18T06,38.0,81.0,19.6,41.85,9.2,1,1,1,1,1
2020-08-18T07,38.0,81.0,18.7,33.28,7.1,1,1,1,1,1
2020-08-18T09,17.0,53.0,21.9,35.03,6.0,1,1,1,1,1
2020-08-18T10,9.0,51.0,25.7,21.83,4.1,1,1,1,1,1
2020-08-18T12,6.0,33.0,40.6,13.13,4.0,1,1,1,1,1
2020-08-18T22,12.0,36.0,30.7,3.06,5.6,1,1,1,1,1
2020-08-18T23,12.0,39.0,20.2,4.1,5.5,1,1,1,1,1
2020-08-19T00,16.0,28.0,16.5,3.88,4.7,1,1,1,1,1
2020-08-19T03,6.0,11.0,21.8,6.92,5.2,1,1,1,1,1
2020-08-19T04,6.0,9.0,21.6,25.79,4.6,1,1,1,1,1
2020-08-19T06,5.0,11.0,79.5,6.49,5.1,1,1,1,1,1
2020-08-19T09,19.0,18.0,42.1,16.41,6.2,1,1,1,1,1
2020-08-19T10,13.0,23.0,58.8,11.37,7.2,1,1,1,1,1
2020-08-19T14,35.0,64.0,60.2,2.41,5.6,1,1,1,1,1
2020-08-19T20,22.0,39.0,18.8,23.3,4.9,1,1,1,1,1
2020-08-20T14,18.0,44.0,63.8,1.35,10.2,1,1,1,1,1
2020-08-20T22,19.0,61.0,26.9,4.08,10.2,1,1,1,1,1
2020-08-21T00,18.0,55.0,26.6,2.18,11.6,1,1,1,1,1
2020-08-22T13,2.0,39.0,24.8,14.7,7.3,1,1,1,1,1
2020-08-23T08,16.0,35.0,16.2,29.97,39.0,1,1,1,1,1
2020-08-23T13,2.0,20.0,12.6,15.21,13.0,1,1,1,1,1
2020-08-26T13,4.0,61.0,58.6,7.74,6.7,1,1,1,1,1
2020-08-26T21,9.0,50.0,40.9,1.94,6.8,1,1,1,1,1
2020-08-26T22,17.0,45.0,36.9,2.16,6.3,1,1,1,1,1
2020-08-27T09,20.0,74.0,24.9,87.38,7.3,1,1,1,1,1
2020-08-27T12,18.0,46.0,25.3,33.77,4.7,1,1,1,1,1
2020-08-27T13,18.0,46.0,30.833,69.513,5.3,1,1,1,1,1
2020-08-27T15,25.0,72.0,56.1,7.04,5.7,1,1,1,1,1
2020-08-27T18,30.0,77.0,64.4,5.77,6.7,2,2,2,2,1
2020-08-27T19,24.0,79.0,64.25,5.305,7.85,1,1,1,1,1
2020-08-27T20,26.0,82.5,56.6,3.655,9.05,1,1,1,1,1
2020-08-27T21,24.0,77.0,55.1,3.8,8.9,1,1,1,1,1
2020-08-27T22,27.0,84.0,49.3,3.1,7.9,1,1,1,1,1
2020-08-27T23,26.0,69.0,42.5,3.68,9.0,1,1,1,1,1
2020-08-28T00,21.0,69.0,41.2,1.98,9.4,1,1,1,1,1
2020-08-28T03,30.0,99.0,40.8,13.99,11.7,1,1,1,1,1
2020-08-28T04,38.0,92.0,29.0,34.95,7.3,1,1,1,1,1
2020-08-28T05,38.0,92.0,36.8,17.25,5.0,1,1,1,1,1
2020-08-28T06,13.0,29.0,26.0,17.31,7.1,1,1,1,1,1
2020-08-28T07,14.0,24.0,33.8,13.33,6.1,1,1,1,1,1
2020-08-28T08,38.0,20.0,25.1,18.72,4.2,1,1,1,1,1
2020-08-28T13,33.0,59.0,95.3,20.46,10.0,1,1,1,1,1
2020-08-28T15,58.0,108.0,62.9,2.88,18.2,1,1,1,1,1
2020-08-28T21,30.0,62.0,34.5,117.27,27.2,1,1,1,1,1
2020-08-29T00,75.0,136.0,34.5,17.74,9.25,1,1,1,1,1
2020-08-29T04,29.0,67.0,16.0,18.01,54.2,1,1,1,1,1
2020-08-29T05,25.0,61.0,15.9,20.33,39.0,1,1,1,1,1
2020-08-29T07,21.0,33.0,14.4,31.11,27.2,1,1,1,1,1
2020-08-29T12,14.0,62.0,25.4,11.98,75.0,1,1,1,1,1
2020-08-29T19,25.0,40.0,35.1,2.67,54.2,1,1,1,1,1
2020-08-29T20,,,,,25.1,0,0,0,0,1
2020-08-29T21,,,41.9,0.35,,0,0,1,1,0
2020-08-29T23,22.0,42.0,,,,1,1,0,0,0
2020-08-30T02,37.0,36.0,,,,1,1,0,0,0
2020-09-05T07,25.0,66.0,,39.85,10.9,1,1,0,1,1
2020-09-05T20,33.0,66.0,41.1,3.21,4.3,1,1,1,1,1
2020-09-05T21,16.0,64.0,44.0,4.41,4.6,1,1,1,1,1
2020-09-06T00,16.0,46.0,28.3,3.74,4.4,1,1,1,1,1
2020-09-06T03,31.0,61.0,16.8,16.99,3.7,1,1,1,1,1
2020-09-06T05,45.0,87.0,28.05,76.36,3.9,1,1,1,1,1
2020-09-06T21,51.0,111.0,27.8,4.23,7.0,1,1,1,1,1
2020-09-07T01,140.0,250.0,,5.45,,1,1,0,1,0
2020-09-07T04,88.0,78.0,17.0,14.88,4.6,1,1,1,1,1
2020-09-07T05,40.0,89.0,25.7,47.43,5.0,1,1,1,1,1
2020-09-07T06,53.0,101.0,26.4,56.86,5.6,1,1,1,1,1
2020-09-07T09,32.0,68.0,44.4,29.52,4.1,1,1,1,1,1
2020-09-07T11,51.0,124.0,65.2,11.19,5.3,1,1,1,1,1
2020-09-07T12,39.0,126.5,48.15,7.74,5.45,1,1,1,1,1
2020-09-07T15,41.0,118.0,55.15,7.38,3.8,1,1,1,1,1
2020-09-07T16,35.0,92.0,46.5,4.27,2.2,1,1,1,1,1
2020-09-07T19,10.0,28.0,22.9,5.82,2.6,1,1,1,1,1
2020-09-07T20,7.0,28.0,22.6,4.14,2.1,1,1,1,1,1
2020-09-08T00,15.0,41.0,22.2,3.23,1.6,1,1,1,1,1
2020-09-08T01,22.0,63.0,,3.31,,1,1,0,1,0
2020-09-08T02,31.0,80.0,21.4,,6.2,1,1,1,0,1
2020-09-08T07,41.5,92.0,67.85,,,1,1,1,0,0
2020-09-08T08,42.0,94.0,18.6,,,1,1,1,0,0
2020-09-08T10,34.5,83.5,,,,1,1,0,0,0
2020-09-08T12,32.0,91.0,,,,1,1,0,0,0
2020-09-08T14,43.0,129.0,,,,1,1,0,0,0
2020-09-08T15,43.0,129.0,,,,1,1,0,0,0
2020-09-08T17,38.0,122.0,,,,1,1,0,0,0
2020-09-08T19,46.0,118.0,,1.35,,1,1,0,1,0
2020-09-08T20,50.0,119.0,,,,1,1,0,0,0
2020-09-08T22,55.0,101.0,,0.73,,1,1,0,1,0
2020-09-09T00,59.0,118.0,,0.86,,1,1,0,1,0
2020-09-09T01,70.0,142.0,,1.325,,1,1,0,1,0
2020-09-09T04,63.0,125.0,,11.7,,1,1,0,1,0
2020-09-09T05,51.0,108.0,,32.77,,1,1,0,1,0
2020-09-09T09,40.0,101.0,,54.35,,1,1,0,1,0
2020-09-09T12,36.0,112.0,,19.87,,1,1,0,1,0
2020-09-09T19,53.0,114.0,,3.61,,1,1,0,1,0
2020-09-09T21,57.0,112.0,,2.25,,1,1,0,1,0
2020-09-09T23,61.0,108.0,,2.915,,1,1,0,1,0
2020-09-10T01,60.0,134.0,,1.8,,1,1,0,1,0
2020-09-10T20,50.0,127.0,92.5,3.0,,1,1,1,1,0
2020-09-10T22,54.0,141.0,81.5,3.19,,1,1,1,1,0
2020-09-11T10,28.0,121.0,25.0,76.6,,1,1,1,1,0
2020-09-11T15,62.0,222.0,101.8,2.96,,1,1,1,1,0
2020-09-11T16,93.0,229.0,69.9,12.56,,1,1,1,1,0
2020-09-11T21,72.0,162.0,74.3,85.16,,1,1,1,1,0
2020-09-12T01,74.0,191.5,69.1,265.15,,1,1,1,1,0
2020-09-12T07,59.0,163.0,26.75,92.475,,1,1,1,1,0
2020-09-12T09,47.0,145.0,21.2,92.06,,1,1,1,1,0
2020-09-12T12,52.0,153.0,30.1,92.34,,1,1,1,1,0
2020-09-12T14,76.0,197.0,56.0,41.895,,1,1,1,1,0
2020-09-12T21,76.0,162.0,37.5,42.83,,1,1,1,1,0
2020-09-12T22,61.0,139.0,26.1,57.21,,1,1,1,1,0
2020-09-12T23,58.0,144.0,34.7,428.28,,1,1,1,1,0
2020-09-13T00,81.0,167.0,46.1,,,1,1,1,0,0
2020-09-13T02,78.0,188.0,52.3,,,1,1,1,0,0
2020-09-13T04,64.0,166.0,25.1,73.26,,1,1,1,1,0
2020-09-13T07,74.0,166.0,25.0,105.17,,1,1,1,1,0
2020-09-13T09,57.0,141.0,20.9,89.08,,1,1,1,1,0
2020-09-13T11,60.5,149.0,26.2,72.765,,1,1,1,1,0
2020-09-13T12,66.0,157.0,28.7,66.69,,1,1,1,1,0
2020-09-13T14,78.0,182.0,38.7,367.15,,1,1,1,1,0
2020-09-13T17,72.0,158.0,41.7,50.57,,1,1,1,1,0
2020-09-13T21,83.0,164.0,54.667,10.01,,1,1,1,1,0
2020-09-14T01,100.0,177.5,63.0,10.78,,1,1,1,1,0
2020-09-14T04,124.0,237.0,50.4,21.5,,1,1,1,1,0
2020-09-14T05,103.333,232.667,43.333,39.873,,1,1,1,1,0
2020-09-14T06,92.0,202.0,37.7,57.04,,1,1,1,1,0
2020-09-14T07,79.0,169.0,28.267,77.223,,1,1,1,1,0
2020-09-14T09,80.0,164.0,24.6,87.0,,1,1,1,1,0
2020-09-14T10,64.0,146.0,31.7,81.28,,1,1,1,1,0
2020-09-14T15,56.0,136.0,39.5,24.01,1.3,1,1,1,1,1
2020-09-14T19,62.0,153.0,56.1,6.035,1.2,1,1,1,1,1
2020-09-14T20,77.5,156.0,43.0,4.43,1.05,1,1,1,1,1
2020-09-14T21,93.0,156.0,41.1,5.14,1.0,1,1,1,1,1
2020-09-14T23,78.0,150.0,34.3,80.97,1.3,1,1,1,1,1
2020-09-15T02,89.0,178.0,39.9,,1.85,1,1,1,0,1
2020-09-15T04,53.0,123.0,28.4,40.43,1.5,1,1,1,1,1
2020-09-15T06,52.0,153.0,32.6,136.49,1.7,1,1,1,1,1
2020-09-15T08,61.0,149.0,39.9,188.26,0.5,1,1,1,1,1
2020-09-15T10,58.0,163.0,,83.12,9.7,1,1,0,1,1
2020-09-15T12,85.5,160.0,31.5,56.43,5.35,1,1,1,1,1
2020-09-15T13,57.0,162.0,52.6,30.48,6.7,1,1,1,1,1
2020-09-15T16,67.0,178.0,39.2,29.46,6.1,1,1,1,1,1
2020-09-15T21,65.0,151.0,71.4,5.04,5.3,1,1,1,1,1
2020-09-15T23,80.0,160.0,66.1,4.8,4.8,1,1,1,1,1
2020-09-16T00,80.0,160.0,64.6,4.47,5.6,1,1,1,1,1
2020-09-16T03,129.0,279.0,53.7,10.49,,1,1,1,1,0
2020-09-16T07,46.0,178.0,26.7,81.09,5.3,1,1,1,1,1
2020-09-16T08,46.0,178.0,25.3,77.54,5.4,1,1,1,1,1
2020-09-16T09,50.0,162.0,23.1,85.93,5.3,1,1,1,1,1
2020-09-16T10,38.0,167.0,24.1,69.95,5.3,1,1,1,1,1
2020-09-16T12,41.0,145.0,31.3,59.56,5.8,1,1,1,1,1
2020-09-16T15,56.0,179.0,90.4,2.86,5.8,1,1,1,1,1
2020-09-16T16,63.0,177.0,65.1,5.72,5.7,1,1,1,1,1
2020-09-16T17,55.0,164.0,57.5,6.1,5.6,1,1,1,1,1
2020-09-16T21,46.0,116.0,50.2,3.23,5.4,1,1,1,1,1
2020-09-17T00,53.0,124.0,52.2,2.925,5.4,1,1,1,1,1
2020-09-17T01,66.0,167.0,52.0,3.47,5.3,1,1,1,1,1
2020-09-17T02,66.0,167.0,47.9,,5.9,1,1,1,0,1
2020-09-17T03,65.0,174.0,42.9,24.42,5.3,1,1,1,1,1
2020-09-17T05,43.0,149.0,25.1,52.0,5.2,1,1,1,1,1
2020-09-17T07,21.0,116.0,22.2,53.63,5.3,1,1,1,1,1
2020-09-17T08,36.0,108.0,21.1,45.41,5.8,1,1,1,1,1
2020-09-17T09,28.0,100.0,20.6,43.86,5.1,1,1,1,1,1
2020-09-17T10,28.0,101.0,23.5,60.96,5.5,1,1,1,1,1
2020-09-17T13,36.0,133.0,38.4,25.34,5.1,1,1,1,1,1
2020-09-17T17,39.0,123.0,63.4,4.8,5.4,1,1,1,1,1
2020-09-17T18,39.0,117.0,66.15,3.83,5.7,2,2,2,2,1
2020-09-17T19,36.0,118.0,59.5,2.39,6.4,1,1,1,1,1
2020-09-17T20,36.0,118.0,57.5,2.0,6.1,1,1,1,1,1
2020-09-17T23,38.0,100.0,44.3,2.2,5.1,1,1,1,1,1
2020-09-18T01,39.0,113.0,,2.02,,1,1,0,1,0
2020-09-18T09,21.0,105.0,22.5,49.0,1.4,1,1,1,1,1
2020-09-18T11,36.0,128.0,29.2,53.78,2.5,1,1,1,1,1
2020-09-18T15,44.0,141.0,33.3,23.62,3.1,1,1,1,1,1
2020-09-18T18,38.0,110.0,36.5,20.46,3.2,1,1,1,1,1
2020-09-18T21,48.0,107.0,37.7,11.9,3.3,1,1,1,1,1
2020-09-19T05,74.0,179.0,34.25,117.47,3.35,1,1,1,1,1
2020-09-19T07,60.0,171.0,24.5,119.31,3.5,1,1,1,1,1
2020-09-19T16,63.0,194.0,60.3,19.31,3.7,1,1,1,1,1
2020-09-19T19,58.0,136.0,24.7,36.26,3.5,1,1,1,1,1
2020-09-19T20,67.0,132.0,34.2,23.76,3.8,1,1,1,1,1
2020-09-19T22,87.0,166.0,42.1,31.005,3.55,1,1,1,1,1
2020-09-19T23,84.0,156.0,53.4,24.68,3.6,1,1,1,1,1
2020-09-20T01,94.5,189.5,51.3,4.3,3.4,1,1,1,1,1
2020-09-20T04,88.0,189.0,25.7,32.23,3.6,1,1,1,1,1
2020-09-20T05,79.0,182.0,24.3,54.17,3.5,1,1,1,1,1
2020-09-20T06,70.0,177.0,22.0,80.28,3.5,1,1,1,1,1
2020-09-20T08,59.0,162.0,22.9,115.54,3.6,1,1,1,1,1
2020-09-20T09,48.0,164.0,23.2,107.64,3.4,1,1,1,1,1
2020-09-20T10,48.0,164.0,24.0,94.71,3.7,1,1,1,1,1
2020-09-20T11,50.0,162.0,22.0,103.14,3.5,1,1,1,1,1
2020-09-20T12,59.0,172.0,22.4,88.955,3.65,1,1,1,1,1
2020-09-20T14,66.0,162.5,27.6,50.315,4.1,1,1,1,1,1
2020-09-20T17,72.0,182.0,48.067,13.46,3.533,1,1,1,1,1
2020-09-20T18,57.0,134.0,33.4,20.83,3.7,1,1,1,1,1
2020-09-20T20,48.0,124.0,26.4,25.97,3.4,1,1,1,1,1
2020-09-20T23,43.0,106.0,26.5,17.11,3.5,1,1,1,1,1
2020-09-21T00,51.5,132.5,28.75,18.685,4.05,1,1,1,1,1
2020-09-21T02,59.0,167.0,33.1,,3.4,1,1,1,0,1
2020-09-21T04,78.0,189.0,27.95,82.47,3.55,1,1,1,1,1
2020-09-21T05,,,24.3,100.96,3.6,0,0,1,1,1
2020-09-21T07,76.5,188.5,27.85,125.1,669.5,1,1,1,1,1
2020-09-21T08,76.0,194.0,26.15,127.255,581.4,1,1,1,1,1
2020-09-21T10,70.0,168.0,25.75,129.01,241.1,1,1,1,1,1
2020-09-21T11,64.0,166.0,33.9,119.91,,1,1,1,1,0
2020-09-21T13,65.0,189.0,43.4,51.53,,1,1,1,1,0
2020-09-21T15,68.0,197.0,44.1,34.83,3.3,1,1,1,1,1
2020-09-21T16,65.0,179.0,54.2,11.02,3.6,1,1,1,1,1
2020-09-21T18,71.0,193.0,35.6,15.72,,1,1,1,1,0
2020-09-21T20,90.0,195.0,19.7,14.17,40.6,1,1,1,1,1
2020-09-22T01,40.0,108.0,,4.775,,1,1,0,1,0
2020-09-22T07,21.0,73.0,25.8,48.69,16.7,1,1,1,1,1
2020-09-22T08,19.0,57.0,22.7,40.49,11.8,1,1,1,1,1
2020-09-22T09,13.0,48.0,22.4,37.02,17.9,1,1,1,1,1
2020-09-22T10,12.0,38.0,21.0,34.32,16.3,1,1,1,1,1
2020-09-22T11,12.0,41.0,26.8,36.32,21.7,1,1,1,1,1
2020-09-22T12,13.0,55.0,51.3,21.78,35.5,1,1,1,1,1
2020-09-22T13,18.0,66.0,27.8,33.77,22.4,1,1,1,1,1
2020-09-22T14,14.0,70.5,50.85,15.9,8.1,1,1,1,1,1
2020-09-22T15,19.0,83.0,51.9,11.49,7.9,1,1,1,1,1
2020-09-22T16,27.0,103.0,47.7,13.19,9.6,1,1,1,1,1
2020-09-22T17,26.0,118.0,35.35,14.05,11.95,1,1,1,1,1
2020-09-22T19,38.0,90.0,27.6,15.13,7.5,1,1,1,1,1
2020-09-22T20,34.0,74.0,17.4,15.13,3.9,1,1,1,1,1
2020-09-23T01,23.0,66.0,23.5,4.25,8.0,1,1,1,1,1
2020-09-23T02,23.0,66.0,23.9,,19.6,1,1,1,0,1
2020-09-23T06,13.0,56.0,21.7,36.04,12.9,1,1,1,1,1
2020-09-23T19,13.0,42.0,14.4,8.92,3.0,1,1,1,1,1
2020-09-24T11,61.0,151.0,31.1,101.0,7.9,1,1,1,1,1
2020-09-25T13,65.0,219.0,118.0,15.64,9.5,1,1,1,1,1
2020-09-25T14,79.0,239.0,132.8,4.27,8.3,1,1,1,1,1
2020-09-25T18,95.0,233.0,123.7,6.62,4.9,1,1,1,1,1
2020-09-26T00,89.0,213.0,77.3,3.61,8.6,1,1,1,1,1
2020-09-26T09,23.0,156.0,,15.5,14.9,1,1,0,1,1
2020-09-26T17,44.0,185.0,,2.69,62.267,1,1,0,1,1
2020-09-26T19,39.0,144.0,,1.55,55.3,1,1,0,1,1
2020-09-26T22,21.0,59.0,31.9,4.06,,1,1,1,1,0
2020-09-27T02,25.5,94.5,40.6,8.0,2.85,1,1,1,1,1
2020-09-27T11,25.0,161.0,29.3,62.52,4.7,1,1,1,1,1
2020-09-27T14,63.0,246.0,99.5,4.88,3.2,1,1,1,1,1
2020-09-27T21,52.0,195.0,,,,1,1,0,0,0
2020-09-28T00,51.0,168.0,,,,1,1,0,0,0
2020-09-28T09,23.0,221.0,25.8,37.61,15.8,1,1,1,1,1
2020-09-28T15,61.0,244.0,53.4,27.19,12.4,1,1,1,1,1
2020-09-28T16,62.0,235.0,54.9,20.36,12.3,1,1,1,1,1
2020-09-28T23,67.0,200.0,71.8,2.88,2.8,1,1,1,1,1
2020-09-29T02,86.0,250.0,66.2,,4.9,1,1,1,0,1
2020-09-29T12,43.0,216.0,30.8,55.76,7.1,1,1,1,1,1
2020-09-29T16,64.0,205.0,62.5,17.97,2.2,1,1,1,1,1
2020-09-29T18,53.0,179.0,52.0,43.04,3.7,1,1,1,1,1
2020-09-30T07,34.0,191.0,31.5,51.31,13.3,1,1,1,1,1
2020-09-30T12,41.0,199.0,63.2,27.5,6.8,1,1,1,1,1
2020-09-30T14,51.0,207.0,89.4,8.0,4.5,1,1,1,1,1
2020-10-01T02,59.0,226.0,58.7,,7.9,1,1,1,0,1
2020-10-07T09,49.0,179.0,19.8,,9.5,1,1,1,0,1
2020-10-07T16,103.0,296.0,100.8,,4.3,1,1,1,0,1
2020-10-07T20,105.0,230.0,56.1,,2.95,1,1,1,0,1
2020-10-08T10,56.0,185.0,23.7,,13.3,1,1,1,0,1
2020-10-08T11,76.0,230.0,54.8,2.23,11.4,1,1,1,1,1
2020-10-08T19,97.0,235.0,88.9,3.49,2.3,1,1,1,1,1
2020-10-09T04,126.0,348.0,121.6,4.66,21.0,1,1,1,1,1
2020-10-09T08,69.0,199.0,22.9,9.72,14.7,1,1,1,1,1
2020-10-09T09,49.0,156.0,29.3,15.445,15.45,1,1,1,1,1
2020-10-09T10,64.0,257.0,32.1,18.78,13.5,1,1,1,1,1
2020-10-09T11,62.0,199.0,54.4,13.9,11.8,1,1,1,1,1
2020-10-11T01,121.0,255.0,61.4,2.29,3.7,1,1,1,1,1
2020-10-11T05,140.0,342.0,72.2,13.62,22.4,1,1,1,1,1
2020-10-11T08,64.0,207.0,25.4,18.93,10.6,1,1,1,1,1
2020-10-11T12,73.0,238.0,80.9,8.25,6.7,1,1,1,1,1
2020-10-11T13,98.0,294.0,122.933,2.573,5.967,1,1,1,1,1
2020-10-11T22,163.0,265.0,78.0,,3.75,1,1,1,0,1
2020-10-12T17,145.0,382.0,144.9,0.24,5.4,1,1,1,1,1
2020-10-13T02,145.0,274.0,42.7,,13.1,1,1,1,0,1
2020-10-13T03,140.0,279.0,46.55,14.79,8.1,1,1,1,1,1
2020-10-13T07,109.0,243.0,20.1,72.28,4.9,1,1,1,1,1
2020-10-13T09,85.0,177.0,21.5,78.65,1.1,1,1,1,1,1
2020-10-13T10,89.0,182.0,25.6,78.87,,1,1,1,1,0
2020-10-13T12,97.0,230.0,64.8,41.83,87.9,1,1,1,1,1
2020-10-13T13,106.0,261.0,109.5,12.96,23.5,1,1,1,1,1
2020-10-13T14,133.0,329.0,96.5,11.15,22.2,1,1,1,1,1
2020-10-13T17,180.0,337.0,47.85,25.315,73.6,1,1,1,1,1
2020-10-13T18,114.0,211.0,32.2,31.75,46.3,1,1,1,1,1
2020-10-13T19,117.5,216.5,68.05,3.44,20.85,1,1,1,1,1
2020-10-13T20,115.0,216.0,80.7,0.18,14.0,1,1,1,1,1
2020-10-13T22,97.0,169.0,19.4,15.27,9.4,1,1,1,1,1
2020-10-13T23,106.0,174.0,25.7,11.05,12.7,1,1,1,1,1
2020-10-14T02,134.0,249.0,92.4,,13.4,1,1,1,0,1
2020-10-14T09,,,23.8,107.76,19.0,0,0,1,1,1
2020-10-14T11,90.0,201.0,,,,1,1,0,0,0
2020-10-14T16,189.0,473.0,156.2,61.37,33.8,1,1,1,1,1
2020-10-14T20,306.0,450.0,69.95,249.675,30.2,1,1,1,1,1
2020-10-14T22,288.0,409.0,87.45,67.75,27.15,1,1,1,1,1
2020-10-14T23,255.0,367.0,58.7,25.54,16.6,1,1,1,1,1
2020-10-15T00,251.0,365.0,88.2,3.27,10.0,1,1,1,1,1
2020-10-15T02,272.0,440.0,113.3,,16.6,1,1,1,0,1
2020-10-15T03,264.0,444.0,125.4,26.615,30.9,1,1,1,1,1
2020-10-15T10,,157.0,18.8,97.04,11.1,0,1,1,1,1
2020-10-15T14,89.0,313.0,132.4,4.96,4.8,1,1,1,1,1
2020-10-15T15,92.0,284.0,111.3,6.37,6.5,1,1,1,1,1
2020-10-16T03,123.0,277.0,116.7,14.48,14.1,1,1,1,1,1
2020-10-16T06,59.75,155.0,55.625,127.32,14.95,1,1,1,1,1
2020-10-16T07,64.5,162.5,32.15,180.105,13.85,1,1,1,1,1
2020-10-16T08,67.0,164.0,32.5,205.06,16.2,1,1,1,1,1
2020-10-16T12,90.0,255.0,,59.39,8.65,1,1,0,1,1
2020-10-16T13,104.0,356.0,125.1,12.54,7.8,1,1,1,1,1
2020-10-16T14,119.0,377.0,157.2,5.25,7.9,1,1,1,1,1
2020-10-16T15,124.0,399.0,151.5,4.53,8.0,1,1,1,1,1
2020-10-16T16,121.0,357.0,156.9,4.41,7.8,1,1,1,1,1
2020-10-16T17,121.0,357.0,169.7,4.53,8.9,1,1,1,1,1
2020-10-16T18,147.0,392.0,174.1,2.37,5.3,1,1,1,1,1
2020-10-17T00,135.0,304.0,177.9,,4.7,1,1,1,0,1
2020-10-17T07,99.0,202.0,32.0,,8.3,1,1,1,0,1
2020-10-17T09,,,40.9,130.61,8.4,0,0,1,1,1
2020-10-17T10,82.0,255.0,,,,1,1,0,0,0
2020-10-19T10,45.0,186.0,23.3,91.78,3.8,1,1,1,1,1
2020-10-19T11,40.0,156.0,40.3,71.91,3.7,1,1,1,1,1
2020-10-19T12,59.0,186.0,121.45,14.32,4.6,1,1,1,1,1
2020-10-19T13,80.0,256.0,151.3,3.21,7.6,1,1,1,1,1
2020-10-19T14,99.0,310.0,157.5,2.94,8.55,1,1,1,1,1
2020-10-19T15,121.5,325.5,171.1,3.905,9.2,1,1,1,1,1
2020-10-19T17,90.0,219.0,127.3,3.7,10.6,1,1,1,1,1
2020-10-19T18,111.0,240.0,132.6,2.76,5.2,1,1,1,1,1
2020-10-19T19,88.0,197.0,115.3,1.45,2.0,1,1,1,1,1
2020-10-19T20,88.0,197.0,112.65,0.92,4.95,1,1,1,1,1
2020-10-19T21,108.0,204.0,110.9,3.47,1.2,1,1,1,1,1
2020-10-20T01,149.0,302.0,127.0,,7.5,1,1,1,0,1
2020-10-20T02,152.0,343.0,152.4,,14.0,1,1,1,0,1
2020-10-20T03,152.0,343.0,141.95,,23.25,1,1,1,0,1
2020-10-20T04,163.0,318.0,145.433,,28.567,1,1,1,0,1
2020-10-20T06,133.0,295.0,39.7,104.21,20.5,1,1,1,1,1
2020-10-20T07,95.0,233.667,27.1,115.74,16.533,1,1,1,1,1
2020-10-20T08,83.0,213.0,19.1,112.265,8.1,1,1,1,1,1
2020-10-20T10,43.0,139.0,22.7,67.97,3.0,1,1,1,1,1
2020-10-20T11,48.0,227.0,78.3,32.12,2.4,1,1,1,1,1
2020-10-20T12,48.0,227.0,101.7,15.03,2.9,1,1,1,1,1
2020-10-20T15,152.0,384.0,177.0,9.04,9.5,1,1,1,1,1
2020-10-20T17,177.0,428.0,215.0,4.95,10.8,1,1,1,1,1
2020-10-20T18,145.0,365.0,227.65,,7.3,2,2,2,0,1
2020-10-20T19,172.0,365.0,297.4,,7.0,1,1,1,0,1
2020-10-20T23,140.0,265.0,156.6,,1.75,1,1,1,0,1
2020-10-21T00,134.0,259.0,160.75,,1.7,1,1,1,0,1
2020-10-21T01,131.0,256.0,,,,1,1,0,0,0
2020-10-21T04,190.0,372.0,149.35,,20.65,1,1,1,0,1
2020-10-21T06,58.0,139.5,30.1,,8.6,1,1,1,0,1
2020-10-21T07,32.0,106.0,23.5,,7.9,1,1,1,0,1
2020-10-21T08,31.5,174.5,18.45,,5.05,1,1,1,0,1
2020-10-21T09,31.0,243.0,14.4,,1.35,1,1,1,0,1
2020-10-21T11,34.0,143.0,69.7,,0.4,1,1,1,0,1
2020-10-21T12,42.0,223.0,149.8,3.68,0.6,1,1,1,1,1
2020-10-21T13,78.0,337.0,178.4,4.45,11.8,1,1,1,1,1
2020-10-21T14,125.667,394.667,182.267,9.203,13.233,1,1,1,1,1
2020-10-21T15,154.0,461.0,189.45,2.59,9.5,1,1,1,1,1
2020-10-21T16,165.0,486.0,208.0,,8.2,1,1,1,0,1
2020-10-21T17,151.0,411.0,211.2,,9.1,1,1,1,0,1
2020-10-21T18,149.0,390.0,255.1,,10.1,1,1,1,0,1
2020-10-21T19,131.0,329.0,188.7,,8.45,1,1,1,0,1
2020-10-21T21,113.0,244.0,152.6,,6.9,1,1,1,0,1
2020-10-21T22,112.0,238.5,132.65,,10.25,1,1,1,0,1
2020-10-22T01,130.0,289.0,,,,1,1,0,0,0
2020-10-22T03,267.0,508.0,90.1,,37.0,1,1,1,0,1
2020-10-22T05,260.0,470.0,105.1,,46.1,1,1,1,0,1
2020-10-22T07,257.0,464.0,61.9,52.82,36.6,1,1,1,1,1
2020-10-22T08,159.5,316.5,98.45,85.055,22.7,1,1,1,1,1
2020-10-22T10,139.0,290.0,74.4,43.92,7.0,1,1,1,1,1
2020-10-22T11,99.0,259.0,106.8,20.36,5.4,1,1,1,1,1
2020-10-22T12,134.5,363.0,189.1,8.72,4.5,1,1,1,1,1
2020-10-22T14,206.0,522.0,190.6,,6.4,1,1,1,0,1
2020-10-22T16,254.5,526.0,183.55,,2.5,1,1,1,0,1
2020-10-22T22,362.0,476.0,123.3,,9.55,1,1,1,0,1
2020-10-22T23,346.0,448.0,138.0,,5.7,1,1,1,0,1
2020-10-23T00,318.0,453.0,139.5,,5.5,1,1,1,0,1
2020-10-23T01,397.0,521.0,,,,1,1,0,0,0
2020-10-23T04,455.0,691.0,150.6,,39.5,1,1,1,0,1
2020-10-23T07,64.0,146.0,20.7,,12.1,1,1,1,0,1
2020-10-23T09,84.5,201.0,32.4,,15.6,1,1,1,0,1
2020-10-23T10,99.0,230.0,36.55,,13.1,1,1,1,0,1
2020-10-23T11,87.5,245.0,121.0,,9.15,1,1,1,0,1
2020-10-23T12,91.0,273.0,187.1,,9.1,1,1,1,0,1
2020-10-23T13,134.0,462.0,226.1,,13.2,1,1,1,0,1
2020-10-23T16,225.0,486.0,196.8,,24.7,1,1,1,0,1
2020-10-23T18,217.0,497.0,217.4,,,1,1,1,0,0
2020-10-23T19,223.0,447.0,230.55,,8.05,1,1,1,0,1
2020-10-23T20,182.0,327.0,183.4,,5.6,1,1,1,0,1
2020-10-23T21,182.0,327.0,196.6,,5.3,1,1,1,0,1
2020-10-23T22,184.0,374.0,171.4,,4.1,1,1,1,0,1
2020-10-23T23,195.5,387.5,170.25,,4.1,1,1,1,0,1
2020-10-24T00,194.0,394.0,170.7,,4.3,1,1,1,0,1
2020-10-24T01,194.0,394.0,,,,1,1,0,0,0
2020-10-24T02,226.0,425.0,171.0,,9.5,1,1,1,0,1
2020-10-24T03,274.0,478.0,128.4,,16.8,1,1,1,0,1
2020-10-24T06,213.0,345.5,39.3,,13.15,1,1,1,0,1
2020-10-24T08,123.0,245.0,34.7,,7.3,1,1,1,0,1
2020-10-24T09,122.0,233.0,36.3,,7.2,1,1,1,0,1
2020-10-24T11,107.5,250.0,84.8,,3.3,1,1,1,0,1
2020-10-24T12,114.0,276.0,130.6,,2.6,1,1,1,0,1
2020-10-24T15,192.0,458.0,224.2,,5.9,1,1,1,0,1
2020-10-24T16,177.5,420.0,211.9,,4.6,1,1,1,0,1
2020-10-24T17,195.5,432.5,200.3,,6.9,1,1,1,0,1
2020-10-24T21,199.5,356.0,215.85,,5.3,1,1,1,0,1
2020-10-24T23,206.0,359.0,235.25,,5.8,1,1,1,0,1
2020-10-25T00,210.0,376.0,207.0,,5.4,1,1,1,0,1
2020-10-25T01,238.0,380.333,203.6,,8.7,1,1,1,0,1
2020-10-25T02,208.0,335.0,244.0,,16.3,1,1,1,0,1
2020-10-25T03,287.0,454.0,226.0,,32.2,1,1,1,0,1
2020-10-25T05,250.0,420.0,77.8,,35.7,1,1,1,0,1
2020-10-25T06,197.0,371.0,41.4,,22.3,1,1,1,0,1
2020-10-25T08,167.0,305.0,45.7,,12.7,1,1,1,0,1
2020-10-25T09,123.0,245.0,43.2,,11.4,1,1,1,0,1
2020-10-25T10,111.667,241.0,,,7.8,1,1,0,0,1
2020-10-25T12,141.5,404.0,,,6.15,1,1,0,0,1
2020-10-25T13,146.0,420.0,,,12.1,1,1,0,0,1
2020-10-25T14,209.0,554.0,,,16.55,1,1,0,0,1
2020-10-25T15,266.0,545.0,,,8.8,1,1,0,0,1
2020-10-25T16,227.0,498.0,,,11.5,1,1,0,0,1
2020-10-25T17,221.0,486.0,,,7.6,1,1,0,0,1
2020-10-25T18,253.0,553.0,,,,1,1,0,0,0
2020-10-25T19,234.0,493.0,,,8.0,1,1,0,0,1
2020-10-25T20,240.0,455.333,,,12.233,1,1,0,0,1
2020-10-25T22,237.333,406.0,,,9.367,1,1,0,0,1
2020-10-25T23,222.0,394.0,,,9.8,1,1,0,0,1
2020-10-26T00,212.0,350.667,,,9.233,1,1,0,0,1
2020-10-26T01,214.0,350.0,,,,1,1,0,0,0
2020-10-26T02,,393.0,174.3,,18.4,0,1,1,0,1
2020-10-26T03,,488.0,,,33.7,0,1,0,0,1
2020-10-26T13,111.0,,147.6,4.61,7.6,1,0,1,1,1
2020-10-26T14,137.0,368.0,161.533,4.117,6.767,1,1,1,1,1
2020-10-26T15,157.0,385.0,176.8,3.31,5.0,1,1,1,1,1
2020-10-26T16,149.0,376.0,184.8,6.57,4.9,1,1,1,1,1
2020-10-26T17,158.0,384.0,177.0,4.04,3.0,1,1,1,1,1
2020-10-26T18,181.0,349.0,134.8,7.76,4.3,1,1,1,1,1
2020-10-26T19,219.0,359.0,111.0,14.315,3.55,1,1,1,1,1
2020-10-26T21,,,,,2.1,0,0,0,0,1
2020-10-26T22,251.0,348.0,,2.04,,1,1,0,1,0
2020-10-26T23,255.0,359.0,71.0,1.35,,1,1,1,1,0
2020-10-27T05,179.0,344.0,67.7,29.36,16.4,1,1,1,1,1
2020-10-27T06,155.0,316.0,48.6,55.19,15.9,1,1,1,1,1
2020-10-27T07,156.0,309.0,48.8,67.97,12.4,1,1,1,1,1
2020-10-27T12,82.5,266.5,169.9,0.41,4.85,1,1,1,1,1
2020-10-27T13,95.667,294.333,174.1,1.03,5.1,1,1,1,1,1
2020-10-27T14,105.333,325.333,186.067,3.953,7.267,1,1,1,1,1
2020-10-27T15,126.0,362.0,198.6,3.17,8.733,1,1,1,1,1
2020-10-27T16,143.0,378.0,185.4,,9.1,1,1,1,0,1
2020-10-27T17,146.0,398.0,188.6,,8.8,1,1,1,0,1
2020-10-27T19,125.333,302.0,172.767,,3.7,1,1,1,0,1
2020-10-27T20,122.0,272.0,164.4,,3.85,1,1,1,0,1
2020-10-27T21,148.0,296.0,145.1,,4.25,1,1,1,0,1
2020-10-28T01,166.0,302.0,,,,1,1,0,0,0
2020-10-28T02,174.0,334.0,124.2,,6.1,1,1,1,0,1
2020-10-28T05,195.0,364.0,137.567,,10.833,1,1,1,0,1
2020-10-28T06,188.333,358.333,88.433,,12.5,1,1,1,0,1
2020-10-28T07,175.0,331.0,60.0,,14.4,1,1,1,0,1
2020-10-28T09,179.0,324.0,47.2,,11.4,1,1,1,0,1
2020-10-28T11,184.0,372.0,182.7,,7.25,1,1,1,0,1
2020-10-28T12,187.0,405.0,263.4,,7.8,1,1,1,0,1
2020-10-28T14,229.0,466.5,236.45,,5.4,1,1,1,0,1
2020-10-28T15,250.5,508.0,279.85,,8.2,1,1,1,0,1
2020-10-28T16,274.0,554.0,272.7,,8.8,1,1,1,0,1
2020-10-28T17,285.0,567.0,258.2,,8.9,1,1,1,0,1
2020-10-28T18,291.5,570.0,278.95,,3.7,1,1,1,0,1
2020-10-28T19,344.0,578.0,235.5,,1.9,1,1,1,0,1
2020-10-28T21,351.0,550.0,199.05,,0.85,1,1,1,0,1
2020-10-28T22,317.0,480.0,165.7,,,1,1,1,0,0
2020-10-28T23,291.0,429.0,174.2,,,1,1,1,0,0
2020-10-29T00,280.0,425.0,167.9,,0.1,1,1,1,0,1
2020-10-29T01,299.0,437.0,,,,1,1,0,0,0
2020-10-29T02,333.667,541.0,236.5,,11.333,1,1,1,0,1
2020-10-29T03,363.0,563.0,276.1,,18.95,1,1,1,0,1
2020-10-29T04,378.0,624.0,235.2,,31.5,1,1,1,0,1
2020-10-29T06,289.0,497.0,110.1,,58.6,1,1,1,0,1
2020-10-29T07,182.0,329.0,38.3,1.41,14.4,1,1,1,1,1
2020-10-29T08,124.0,403.5,43.5,24.62,15.55,1,1,1,1,1
2020-10-29T09,121.0,224.0,47.0,25.4,13.2,1,1,1,1,1
2020-10-29T13,144.0,400.0,222.8,12.52,3.5,1,1,1,1,1
2020-10-29T15,181.0,459.0,295.45,14.885,3.55,1,1,1,1,1
2020-10-29T16,191.0,489.0,289.4,16.7,3.9,1,1,1,1,1
2020-10-29T17,251.5,538.5,293.6,20.88,4.05,1,1,1,1,1
2020-10-29T18,265.0,544.0,272.1,25.09,6.7,1,1,1,1,1
2020-10-29T19,277.0,528.0,280.7,30.11,6.1,1,1,1,1,1
2020-10-29T21,285.0,445.0,208.2,22.66,4.5,1,1,1,1,1
2020-10-30T12,67.0,218.0,160.3,8.62,1.0,1,1,1,1,1
2020-10-30T13,96.0,285.5,157.85,9.585,1.3,1,1,1,1,1
2020-10-30T15,129.0,340.0,186.5,11.76,2.7,1,1,1,1,1
2020-10-30T17,271.0,459.0,146.3,19.09,0.9,1,1,1,1,1
2020-10-30T19,369.0,525.0,120.4,23.11,2.5,1,1,1,1,1
2020-10-30T20,482.0,639.0,111.0,27.79,4.0,1,1,1,1,1
2020-10-30T22,505.0,639.0,82.6,28.54,2.6,1,1,1,1,1
2020-10-30T23,536.0,657.0,81.3,26.91,1.6,1,1,1,1,1
2020-10-31T00,492.0,613.0,79.3,24.95,1.4,1,1,1,1,1
2020-10-31T01,446.0,574.0,,22.095,,1,1,0,1,0
2020-10-31T02,429.0,569.0,85.6,,5.6,1,1,1,0,1
2020-10-31T03,410.0,565.0,90.0,22.81,12.5,1,1,1,1,1
2020-10-31T04,374.0,527.0,90.4,25.19,18.7,1,1,1,1,1
2020-10-31T05,172.0,329.0,50.8,34.1,17.3,1,1,1,1,1
2020-10-31T06,172.0,329.0,51.5,33.07,17.8,1,1,1,1,1
2020-10-31T08,55.0,173.0,28.3,24.5,7.1,1,1,1,1,1
2020-10-31T09,55.0,173.0,28.2,24.4,6.7,1,1,1,1,1
2020-10-31T10,54.0,160.0,34.05,24.3,5.9,1,1,1,1,1
2020-10-31T12,81.0,246.0,165.8,9.78,5.85,1,1,1,1,1
2020-10-31T14,141.0,350.0,179.3,14.09,9.6,1,1,1,1,1
2020-11-01T05,280.0,454.0,57.1,38.08,17.3,1,1,1,1,1
2020-11-01T06,148.0,311.0,43.6,41.26,14.0,1,1,1,1,1
2020-11-01T08,95.0,241.0,24.0,30.14,5.7,1,1,1,1,1
2020-11-01T09,58.667,183.667,29.133,27.167,5.467,1,1,1,1,1
2020-11-01T11,65.0,191.0,81.95,17.65,4.7,1,1,1,1,1
2020-11-01T12,75.0,252.0,149.1,9.385,4.7,1,1,1,1,1
2020-11-01T13,99.0,299.0,167.1,9.39,5.8,1,1,1,1,1
2020-11-01T15,103.0,304.0,169.8,10.94,7.55,1,1,1,1,1
2020-11-01T17,156.0,343.0,148.4,14.23,4.4,1,1,1,1,1
2020-11-01T18,167.0,354.0,123.4,14.37,4.3,1,1,1,1,1
2020-11-01T19,184.0,338.0,120.8,14.72,3.8,1,1,1,1,1
2020-11-01T22,189.0,313.0,90.0,12.56,3.3,1,1,1,1,1
2020-11-02T00,121.0,234.0,90.4,9.35,1.7,1,1,1,1,1
2020-11-02T01,104.0,237.5,96.5,7.82,4.2,1,1,1,1,1
2020-11-02T02,97.0,246.0,97.9,,5.2,1,1,1,0,1
2020-11-02T03,89.0,245.0,106.4,7.7,5.9,1,1,1,1,1
2020-11-02T04,118.0,274.0,103.25,10.635,8.45,1,1,1,1,1
2020-11-02T05,173.0,310.0,90.7,14.58,10.3,1,1,1,1,1
2020-11-02T06,204.0,350.0,,35.1,,1,1,0,1,0
2020-11-02T07,199.0,342.0,55.8,45.275,28.7,1,1,1,1,1
2020-11-02T08,194.0,345.0,,48.88,,1,1,0,1,0
2020-11-02T09,192.0,311.0,46.5,47.16,10.2,1,1,1,1,1
2020-11-02T10,117.0,230.667,41.233,24.37,3.733,1,1,1,1,1
2020-11-02T11,81.0,194.0,99.0,14.525,3.65,1,1,1,1,1
2020-11-02T15,194.0,469.0,330.5,16.64,13.8,1,1,1,1,1
2020-11-02T16,194.0,469.0,300.7,18.1,13.0,1,1,1,1,1
2020-11-02T17,207.0,549.0,298.8,18.09,11.9,1,1,1,1,1
2020-11-02T18,187.0,423.0,225.6,17.725,3.8,1,1,1,1,1
2020-11-02T20,407.0,483.0,242.5,20.11,3.6,1,1,1,1,1
2020-11-02T22,151.667,259.0,127.633,12.57,,1,1,1,1,0
2020-11-02T23,129.0,216.0,113.0,10.6,,1,1,1,1,0
2020-11-03T00,129.0,216.0,135.1,11.15,,1,1,1,1,0
2020-11-03T01,159.0,304.0,,13.07,,1,1,0,1,0
2020-11-03T02,166.0,344.0,180.55,,6.5,1,1,1,0,1
2020-11-03T03,162.0,355.0,148.55,12.495,12.75,1,1,1,1,1
2020-11-03T04,130.0,273.0,156.8,12.58,16.05,1,1,1,1,1
2020-11-03T06,114.0,287.0,22.4,28.85,13.2,1,1,1,1,1
2020-11-03T07,57.0,151.5,,26.105,,1,1,0,1,0
2020-11-03T14,148.0,400.0,186.1,88.49,29.4,1,1,1,1,1
2020-11-03T15,238.0,506.0,204.75,115.16,21.4,1,1,1,1,1
2020-11-03T17,208.0,511.0,239.0,113.8,20.5,1,1,1,1,1
2020-11-03T18,208.0,511.0,324.75,117.685,20.95,1,1,1,1,1
2020-11-03T20,174.0,366.0,237.1,101.76,16.4,1,1,1,1,1
2020-11-03T21,165.0,333.0,190.0,79.36,14.7,1,1,1,1,1
2020-11-03T22,160.5,328.5,147.45,77.265,13.1,1,1,1,1,1
2020-11-03T23,152.5,295.5,108.6,65.725,11.6,1,1,1,1,1
2020-11-04T00,143.0,270.0,101.6,56.81,10.15,1,1,1,1,1
2020-11-04T01,137.0,273.0,,54.94,,1,1,0,1,0
2020-11-04T02,136.0,309.0,103.7,,13.5,1,1,1,0,1
2020-11-04T04,195.0,394.0,151.1,82.28,20.4,1,1,1,1,1
2020-11-04T06,249.0,426.0,113.4,118.74,20.6,1,1,1,1,1
2020-11-04T07,356.0,550.0,106.8,153.27,22.7,1,1,1,1,1
2020-11-04T08,544.0,725.0,97.1,226.36,24.5,1,1,1,1,1
2020-11-04T09,544.0,725.0,88.6,250.37,24.2,1,1,1,1,1
2020-11-04T10,526.0,716.0,99.5,276.01,22.4,1,1,1,1,1
2020-11-04T12,494.0,726.0,238.1,23.54,14.6,1,1,1,1,1
2020-11-04T13,505.0,765.0,260.3,23.23,13.7,1,1,1,1,1
2020-11-04T14,483.0,735.0,259.85,23.59,14.1,1,1,1,1,1
2020-11-04T15,466.0,732.0,268.1,24.77,13.9,1,1,1,1,1
2020-11-04T17,450.0,644.0,217.7,24.83,13.2,1,1,1,1,1
2020-11-04T19,425.0,587.0,137.2,23.27,,1,1,1,1,0
2020-11-04T21,386.0,499.0,122.5,19.17,9.4,1,1,1,1,1
2020-11-04T23,359.0,465.0,120.3,17.19,8.6,1,1,1,1,1
2020-11-05T00,367.0,501.0,122.6,15.97,8.0,1,1,1,1,1
2020-11-05T01,365.0,504.0,,16.075,,1,1,0,1,0
2020-11-05T02,351.0,526.0,161.0,,15.5,1,1,1,0,1
2020-11-05T03,324.0,509.0,153.3,15.17,22.3,1,1,1,1,1
2020-11-05T05,276.0,445.0,86.1,23.56,44.6,1,1,1,1,1
2020-11-05T06,232.0,384.0,58.5,34.12,33.5,1,1,1,1,1
2020-11-05T07,165.0,283.5,41.95,38.445,24.9,1,1,1,1,1
2020-11-05T08,153.0,261.0,32.5,32.87,19.3,1,1,1,1,1
2020-11-05T10,174.0,302.0,112.1,24.19,19.5,1,1,1,1,1
2020-11-05T12,230.0,476.0,208.3,15.62,17.3,1,1,1,1,1
2020-11-05T13,235.0,465.5,205.75,15.515,16.35,1,1,1,1,1
2020-11-05T14,220.0,445.0,202.1,15.425,15.75,1,1,1,1,1
2020-11-05T15,234.0,466.0,272.0,18.07,17.6,1,1,1,1,1
2020-11-05T17,257.0,484.0,263.7,19.48,17.1,1,1,1,1,1
2020-11-05T18,269.0,488.0,265.9,21.56,,1,1,1,1,0
2020-11-05T19,283.0,493.0,303.4,21.72,16.7,1,1,1,1,1
2020-11-05T20,269.0,463.0,235.967,24.25,13.367,1,1,1,1,1
2020-11-05T22,316.0,483.0,206.8,20.38,10.3,1,1,1,1,1
2020-11-05T23,302.75,464.5,169.275,18.648,8.9,1,1,1,1,1
2020-11-06T00,308.0,478.0,151.5,17.23,8.6,1,1,1,1,1
2020-11-06T01,301.0,458.0,,15.58,,1,1,0,1,0
2020-11-06T03,285.0,492.0,158.9,16.52,19.3,1,1,1,1,1
2020-11-06T04,288.0,482.0,161.7,17.33,28.8,1,1,1,1,1
2020-11-06T05,300.0,477.0,148.6,17.4,32.1,1,1,1,1,1
2020-11-06T07,293.0,445.0,71.8,38.1,25.4,1,1,1,1,1
2020-11-06T09,138.0,265.0,40.4,32.07,16.1,1,1,1,1,1
2020-11-06T10,147.0,315.0,152.4,13.74,10.7,1,1,1,1,1
2020-11-06T11,156.5,359.0,186.45,11.34,9.6,1,1,1,1,1
2020-11-06T12,166.0,403.0,195.8,11.29,9.8,1,1,1,1,1
2020-11-06T13,178.0,415.0,241.2,12.99,12.1,1,1,1,1,1
2020-11-06T14,218.0,458.0,235.3,15.93,12.7,1,1,1,1,1
2020-11-06T15,218.0,458.0,236.7,16.535,12.75,1,1,1,1,1
2020-11-06T16,257.0,495.0,212.6,18.69,10.767,1,1,1,1,1
2020-11-06T17,287.0,511.0,178.1,20.66,9.2,1,1,1,1,1
2020-11-06T18,379.5,570.5,148.8,27.26,12.85,1,1,1,1,1
2020-11-06T19,425.0,600.0,148.2,29.605,13.0,1,1,1,1,1
2020-11-06T20,482.0,663.0,165.0,35.085,14.65,1,1,1,1,1
2020-11-06T21,547.0,716.0,158.1,32.85,14.3,1,1,1,1,1
2020-11-06T22,549.0,714.0,157.35,31.92,14.0,1,1,1,1,1
2020-11-06T23,521.0,679.0,142.5,28.89,13.2,1,1,1,1,1
2020-11-07T00,524.5,677.0,124.4,26.845,11.75,1,1,1,1,1
2020-11-07T01,522.667,684.0,140.4,25.747,12.2,1,1,1,1,1
2020-11-07T02,530.0,710.0,155.7,,13.85,1,1,1,0,1
2020-11-07T03,539.0,716.667,129.1,25.323,15.567,1,1,1,1,1
2020-11-07T04,517.0,686.0,141.3,27.95,18.6,1,1,1,1,1
2020-11-07T05,430.0,628.0,73.4,41.68,21.3,1,1,1,1,1
2020-11-07T06,267.0,440.0,60.2,48.78,22.4,1,1,1,1,1
2020-11-07T07,184.0,334.0,51.95,62.68,18.0,1,1,1,1,1
2020-11-07T08,173.0,317.0,38.9,73.7,15.0,1,1,1,1,1
2020-11-07T09,120.0,260.0,36.8,47.45,13.7,1,1,1,1,1
2020-11-07T11,110.333,278.667,149.8,17.907,10.767,1,1,1,1,1
2020-11-07T14,164.0,414.0,251.3,20.11,16.0,1,1,1,1,1
2020-11-08T03,328.5,483.0,115.7,20.47,6.9,1,1,1,1,1
2020-11-08T04,459.0,698.0,161.6,27.87,8.8,1,1,1,1,1
2020-11-08T05,459.0,698.0,163.4,33.71,9.85,1,1,1,1,1
2020-11-08T06,527.0,770.0,151.8,46.73,10.1,1,1,1,1,1
2020-11-08T07,576.0,840.5,128.25,77.168,11.225,1,1,1,1,1
2020-11-08T08,570.0,848.0,84.033,74.597,8.633,1,1,1,1,1
2020-11-08T09,334.0,523.0,60.2,57.29,5.0,1,1,1,1,1
2020-11-08T11,275.0,472.0,161.1,29.36,5.6,1,1,1,1,1
2020-11-08T12,327.0,628.0,235.5,22.87,6.7,1,1,1,1,1
2020-11-08T13,366.0,724.0,220.4,23.07,12.0,1,1,1,1,1
2020-11-08T14,324.667,606.0,229.467,22.867,11.867,1,1,1,1,1
2020-11-08T15,320.0,620.0,247.2,22.78,12.5,1,1,1,1,1
2020-11-08T16,366.0,614.0,267.0,26.36,13.9,1,1,1,1,1
2020-11-08T17,406.0,647.0,261.5,26.64,13.7,1,1,1,1,1
2020-11-08T18,406.0,626.5,249.25,28.125,10.1,2,2,2,2,1
2020-11-08T19,430.0,633.0,211.95,26.66,8.8,1,1,1,1,1
2020-11-08T20,454.0,660.0,207.4,28.05,8.9,1,1,1,1,1
2020-11-08T21,461.0,669.5,178.95,29.555,9.15,1,1,1,1,1
2020-11-08T22,464.0,674.0,167.5,27.13,8.5,1,1,1,1,1
2020-11-09T01,,784.0,,28.64,,0,1,0,1,0
2020-11-09T15,,1047.0,208.65,36.77,7.05,0,1,1,1,1
2020-11-09T17,,1078.0,179.7,41.79,6.6,0,1,1,1,1
2020-11-09T19,,1103.0,166.9,38.26,10.267,0,1,1,1,1
2020-11-09T20,,1031.0,166.5,37.1,10.3,0,1,1,1,1
2020-11-09T21,,1074.0,201.6,39.57,12.3,0,1,1,1,1
2020-11-10T02,,1112.0,120.7,,7.6,0,1,1,0,1
2020-11-10T05,1016.0,1366.0,171.0,59.54,18.6,1,1,1,1,1
2020-11-10T06,650.0,864.0,95.8,56.17,12.4,1,1,1,1,1
2020-11-10T09,80.0,166.0,40.7,34.46,6.0,1,1,1,1,1
2020-11-10T10,69.0,133.0,43.7,33.36,8.6,1,1,1,1,1
2020-11-10T12,88.0,212.0,110.6,9.07,5.8,1,1,1,1,1
2020-11-10T13,116.0,300.0,139.6,12.32,11.35,1,1,1,1,1
2020-11-10T15,178.0,403.0,185.9,20.01,17.1,1,1,1,1,1
2020-11-10T17,237.0,523.0,167.6,32.95,17.7,1,1,1,1,1
2020-11-10T19,212.0,389.0,212.8,22.91,13.9,1,1,1,1,1
2020-11-10T20,217.0,387.0,229.9,24.75,15.6,1,1,1,1,1
2020-11-10T23,284.0,434.0,173.5,30.52,16.4,1,1,1,1,1
2020-11-11T01,285.0,416.0,,20.08,,1,1,0,1,0
2020-11-11T02,221.0,351.0,111.9,,8.6,1,1,1,0,1
2020-11-11T03,207.0,345.5,102.15,14.16,7.9,1,1,1,1,1
2020-11-11T04,196.0,324.0,91.3,15.27,5.7,1,1,1,1,1
2020-11-11T06,119.5,219.5,63.2,23.875,6.35,1,1,1,1,1
2020-11-11T07,81.333,159.333,49.7,23.037,6.1,1,1,1,1,1
2020-11-11T08,60.5,125.5,42.7,23.375,6.4,1,1,1,1,1
2020-11-11T09,54.0,109.5,31.45,27.82,3.3,1,1,1,1,1
2020-11-11T10,49.0,102.0,30.4,26.91,4.4,1,1,1,1,1
2020-11-11T12,68.0,182.0,101.3,7.27,3.7,1,1,1,1,1
2020-11-11T13,69.0,213.0,127.4,8.27,6.0,1,1,1,1,1
2020-11-11T15,151.0,351.0,156.6,17.23,12.1,1,1,1,1,1
2020-11-11T17,180.0,407.0,186.4,19.23,13.2,1,1,1,1,1
2020-11-12T03,242.0,421.0,169.6,17.05,6.55,1,1,1,1,1
2020-11-12T05,218.0,417.0,97.65,19.865,11.35,1,1,1,1,1
2020-11-12T06,79.667,176.0,60.9,21.283,5.633,1,1,1,1,1
2020-11-12T07,61.0,128.0,58.0,23.13,5.7,1,1,1,1,1
2020-11-12T08,67.5,142.5,57.1,27.95,4.45,1,1,1,1,1
2020-11-12T09,67.0,152.0,46.6,34.36,2.9,1,1,1,1,1
2020-11-12T10,77.0,172.0,49.7,33.54,1.9,1,1,1,1,1
2020-11-12T11,82.0,197.0,76.6,24.06,1.95,1,1,1,1,1
2020-11-12T12,119.5,287.0,140.1,13.66,2.2,1,1,1,1,1
2020-11-12T14,153.0,389.0,191.8,17.64,8.3,1,1,1,1,1
2020-11-12T16,190.0,426.0,246.15,18.345,10.3,1,1,1,1,1
2020-11-12T17,191.0,428.0,213.8,18.15,10.2,1,1,1,1,1
2020-11-12T18,183.0,362.0,220.2,17.7,,1,1,1,1,0
2020-11-12T20,213.0,367.0,,15.19,,1,1,0,1,0
2020-11-12T23,305.0,508.0,,,,1,1,0,0,0
2020-11-13T01,236.0,405.0,,,,1,1,0,0,0
2020-11-13T06,141.0,246.0,63.7,30.01,1.0,1,1,1,1,1
2020-11-13T10,82.0,170.5,103.9,21.59,3.95,1,1,1,1,1
2020-11-13T12,105.0,252.0,120.3,13.9,3.9,1,1,1,1,1
2020-11-13T14,209.0,422.0,183.6,22.56,6.5,1,1,1,1,1
2020-11-13T19,364.0,547.0,176.7,34.81,10.6,1,1,1,1,1
2020-11-13T21,376.0,516.0,149.3,28.83,10.1,1,1,1,1,1
2020-11-13T22,374.0,490.0,132.1,25.96,8.35,1,1,1,1,1
2020-11-13T23,387.0,498.0,123.5,25.07,8.2,1,1,1,1,1
2020-11-14T01,423.0,537.0,,24.48,,1,1,0,1,0
2020-11-14T03,468.0,622.5,140.4,26.715,7.85,1,1,1,1,1
2020-11-14T04,476.0,625.0,135.0,26.7,7.6,1,1,1,1,1
2020-11-14T05,473.0,630.0,134.3,29.18,7.6,1,1,1,1,1
2020-11-14T07,337.0,458.5,80.8,38.475,7.9,1,1,1,1,1
2020-11-14T09,330.0,465.0,86.4,55.92,9.0,1,1,1,1,1
2020-11-14T10,296.0,423.0,95.7,39.53,8.9,1,1,1,1,1
2020-11-14T16,700.0,901.0,106.8,39.63,10.1,1,1,1,1,1
2020-11-14T17,700.0,901.0,99.3,42.96,9.7,1,1,1,1,1
2020-11-14T18,984.0,1171.0,116.1,52.98,12.2,1,1,1,1,1
2020-11-14T22,346.0,439.0,65.3,19.68,8.8,1,1,1,1,1
2020-11-14T23,330.0,420.0,61.5,18.82,8.8,1,1,1,1,1
2020-11-15T00,280.0,362.0,55.45,18.055,9.05,1,1,1,1,1
2020-11-15T02,285.0,384.0,70.2,,7.3,1,1,1,0,1
2020-11-15T03,303.0,409.0,75.5,19.48,7.5,1,1,1,1,1
2020-11-15T04,312.0,420.0,75.0,20.93,6.8,1,1,1,1,1
2020-11-15T05,299.0,395.0,68.4,24.3,8.4,1,1,1,1,1
2020-11-15T06,227.0,328.0,56.7,25.62,7.7,1,1,1,1,1
2020-11-15T07,175.0,284.0,51.4,25.48,5.8,1,1,1,1,1
2020-11-15T10,122.0,215.0,75.0,16.74,7.6,1,1,1,1,1
2020-11-15T11,135.0,237.0,70.9,15.01,7.5,1,1,1,1,1
2020-11-15T12,148.0,206.0,83.95,11.025,7.75,1,1,1,1,1
2020-11-15T13,116.0,144.0,76.6,11.66,10.7,1,1,1,1,1
2020-11-15T17,163.5,206.0,64.2,13.79,7.9,1,1,1,1,1
2020-11-15T18,155.0,195.0,66.7,12.43,9.3,1,1,1,1,1
2020-11-15T19,153.0,182.0,62.2,11.35,11.6,1,1,1,1,1
2020-11-15T22,97.5,123.0,59.2,9.195,10.95,1,1,1,1,1
2020-11-16T00,115.0,150.0,43.1,13.54,9.9,1,1,1,1,1
2020-11-16T01,98.0,133.0,,10.05,,1,1,0,1,0
2020-11-16T04,71.0,99.0,71.0,6.23,12.1,1,1,1,1,1
2020-11-16T05,64.0,83.0,68.3,7.15,10.2,1,1,1,1,1
2020-11-16T09,52.5,77.5,54.65,10.145,9.5,1,1,1,1,1
2020-11-16T10,52.0,83.0,55.3,10.33,9.5,1,1,1,1,1
2020-11-16T11,60.0,90.0,56.1,8.94,9.4,1,1,1,1,1
2020-11-16T12,63.0,106.5,61.55,7.43,9.75,1,1,1,1,1
2020-11-16T14,88.0,143.0,74.5,9.19,10.2,1,1,1,1,1
2020-11-16T16,103.0,150.0,82.6,9.53,10.9,1,1,1,1,1
2020-11-16T17,103.0,150.0,83.45,9.145,10.85,1,1,1,1,1
2020-11-16T21,61.0,100.0,60.5,7.66,7.1,1,1,1,1,1
2020-11-16T22,62.0,99.0,56.033,7.217,7.333,1,1,1,1,1
2020-11-16T23,64.0,97.0,55.3,7.33,7.9,1,1,1,1,1
2020-11-17T00,60.0,101.0,56.5,6.745,7.1,1,1,1,1,1
2020-11-17T01,61.0,97.0,,7.29,,1,1,0,1,0
2020-11-17T03,94.0,179.0,86.6,9.92,7.8,1,1,1,1,1
2020-11-17T05,91.0,163.0,90.85,7.97,7.35,1,1,1,1,1
2020-11-17T09,42.0,96.0,44.2,18.21,7.6,1,1,1,1,1
2020-11-17T15,83.0,183.0,104.2,9.68,8.1,1,1,1,1,1
2020-11-17T16,105.0,199.0,93.4,9.66,7.4,1,1,1,1,1
2020-11-17T21,118.0,164.0,77.4,8.49,10.1,1,1,1,1,1
2020-11-18T01,123.0,171.0,,9.45,,1,1,0,1,0
2020-11-18T06,71.0,130.0,54.5,23.23,9.3,1,1,1,1,1
2020-11-18T07,70.0,122.0,51.9,26.22,9.9,1,1,1,1,1
2020-11-18T15,149.0,282.0,136.6,13.7,10.8,1,1,1,1,1
2020-11-18T18,147.0,255.0,108.4,13.7,,1,1,1,1,0
2020-11-18T19,181.0,263.0,91.9,50.57,10.1,1,1,1,1,1
2020-11-18T20,215.5,286.0,93.5,35.055,8.5,1,1,1,1,1
2020-11-18T21,250.0,309.0,93.9,19.95,7.4,1,1,1,1,1
2020-11-18T22,161.0,219.0,103.4,15.01,9.2,1,1,1,1,1
2020-11-18T23,156.333,211.333,101.767,13.17,9.1,1,1,1,1,1
2020-11-19T00,147.0,196.0,99.4,12.68,9.1,1,1,1,1,1
2020-11-19T01,165.0,265.0,111.6,12.9,8.6,1,1,1,1,1
2020-11-19T05,107.0,178.0,73.6,24.74,8.4,1,1,1,1,1
2020-11-19T09,74.0,130.0,50.7,25.05,8.2,1,1,1,1,1
2020-11-19T13,147.0,295.0,126.7,13.5,8.3,1,1,1,1,1
2020-11-19T16,225.0,344.0,115.1,18.4,8.9,1,1,1,1,1
2020-11-19T17,199.0,326.0,117.9,16.19,9.3,1,1,1,1,1
2020-11-19T20,211.0,300.0,117.0,14.48,9.9,1,1,1,1,1
2020-11-20T03,202.0,311.0,114.8,12.33,10.8,1,1,1,1,1
2020-11-20T06,105.0,182.0,70.9,28.48,9.4,1,1,1,1,1
2020-11-20T08,85.0,155.0,54.7,30.63,9.2,1,1,1,1,1
2020-11-20T10,48.0,132.0,50.0,24.46,8.9,1,1,1,1,1
2020-11-20T14,120.0,252.0,133.3,11.12,10.4,1,1,1,1,1
2020-11-21T20,183.0,269.0,110.1,14.13,10.5,1,1,1,1,1
2020-11-22T01,185.0,255.0,,12.15,,1,1,0,1,0
2020-11-22T02,189.0,267.0,99.0,,10.2,1,1,1,0,1
2020-11-22T05,145.0,235.0,87.7,23.45,10.25,1,1,1,1,1
2020-11-22T07,79.0,163.0,51.5,26.91,9.0,1,1,1,1,1
2020-11-22T10,56.0,127.0,44.1,25.68,8.5,1,1,1,1,1
2020-11-22T23,177.0,266.0,111.6,13.01,5.7,1,1,1,1,1
2020-11-23T00,172.0,256.5,112.15,12.465,5.6,1,1,1,1,1
2020-11-23T01,200.0,282.0,126.0,13.58,6.1,1,1,1,1,1
2020-11-23T04,194.0,289.0,136.0,14.64,19.8,1,1,1,1,1
2020-11-23T09,129.0,210.0,72.55,35.405,5.15,1,1,1,1,1
2020-11-23T13,166.0,328.0,195.4,20.91,8.6,1,1,1,1,1
2020-11-23T16,323.0,563.0,280.5,34.3,14.0,1,1,1,1,1
2020-11-23T17,323.0,563.0,298.3,39.02,15.1,1,1,1,1,1
2020-11-23T20,340.0,542.0,287.0,51.21,12.5,1,1,1,1,1
2020-11-24T02,332.0,497.0,307.7,,13.0,1,1,1,0,1
2020-11-24T04,239.0,367.0,214.2,18.01,11.0,1,1,1,1,1
2020-11-24T06,271.0,427.0,109.2,32.59,5.7,1,1,1,1,1
2020-11-24T07,174.0,295.0,89.7,31.89,3.9,1,1,1,1,1
2020-11-24T08,144.0,241.0,75.5,37.64,3.75,1,1,1,1,1
2020-11-24T09,155.0,261.0,75.0,38.44,4.1,1,1,1,1,1
2020-11-24T10,142.0,257.0,93.3,24.48,3.0,1,1,1,1,1
2020-11-24T12,154.0,285.0,131.5,19.72,3.0,1,1,1,1,1
2020-11-24T13,277.0,504.0,163.2,108.78,7.1,1,1,1,1,1
2020-11-24T15,341.0,598.0,182.1,33.87,6.9,1,1,1,1,1
2020-11-24T16,392.0,677.0,173.2,26.75,8.8,1,1,1,1,1
2020-11-24T18,339.0,532.0,162.5,23.6,11.95,1,1,1,1,1
2020-11-24T20,315.0,458.0,140.3,22.07,11.4,1,1,1,1,1
2020-11-24T23,246.0,339.0,101.6,14.95,8.4,1,1,1,1,1
2020-11-25T01,226.0,331.0,,14.17,,1,1,0,1,0
2020-11-25T22,203.0,278.0,74.0,16.22,11.75,1,1,1,1,1
2020-11-26T00,201.0,280.0,77.7,28.46,12.45,1,1,1,1,1
2020-11-26T02,187.0,244.0,73.5,,11.9,1,1,1,0,1
2020-11-26T16,88.0,184.0,,9.11,12.5,1,1,0,1,1
2020-11-26T17,71.0,141.0,,8.89,12.35,1,1,0,1,1
2020-11-26T18,58.0,110.0,,7.47,,1,1,0,1,0
2020-11-27T01,94.0,138.0,,7.17,10.7,1,1,0,1,1
2020-11-27T03,99.0,163.0,,8.51,11.8,1,1,0,1,1
2020-11-27T09,35.0,100.0,,20.66,10.4,1,1,0,1,1
2020-11-27T10,35.0,108.0,,15.09,9.9,1,1,0,1,1
2020-11-27T12,64.5,173.5,,7.45,10.95,1,1,0,1,1
2020-11-27T14,80.0,202.0,,8.72,12.1,1,1,0,1,1
2020-11-27T16,118.0,249.0,,12.01,12.8,1,1,0,1,1
2020-11-27T17,130.0,241.0,,10.76,12.1,1,1,0,1,1
2020-11-27T20,125.0,177.0,,9.15,10.3,1,1,0,1,1
2020-11-27T21,123.0,168.0,,9.43,9.9,1,1,0,1,1
2020-11-27T23,146.0,186.0,,9.78,9.1,1,1,0,1,1
2020-11-28T01,132.0,190.0,,9.29,,1,1,0,1,0
2020-11-28T03,147.0,213.0,,10.965,9.9,1,1,0,1,1
2020-11-28T04,140.0,210.0,,14.16,10.65,1,1,0,1,1
2020-11-28T05,122.0,201.0,,17.99,10.3,1,1,0,1,1
2020-11-28T06,103.0,183.0,,25.97,10.4,1,1,0,1,1
2020-11-28T08,47.0,119.0,,28.46,9.7,1,1,0,1,1
2020-11-28T09,45.0,116.0,,27.58,9.5,1,1,0,1,1
2020-11-28T10,54.5,131.0,90.85,22.5,9.45,1,1,1,1,1
2020-11-28T11,79.0,185.0,96.5,10.66,9.5,1,1,1,1,1
2020-11-28T12,104.0,234.0,116.2,9.8,11.0,1,1,1,1,1
2020-11-28T13,104.0,234.0,,10.51,12.2,1,1,0,1,1
2020-11-28T14,118.0,266.0,,11.29,12.3,1,1,0,1,1
2020-11-28T15,117.0,256.0,,13.96,12.1,1,1,0,1,1
2020-11-28T16,149.0,288.0,,13.5,13.5,1,1,0,1,1
2020-11-28T19,128.0,197.0,,11.07,10.4,1,1,0,1,1
2020-11-28T20,128.0,197.0,,10.26,10.25,1,1,0,1,1
2020-11-28T23,124.0,185.0,,10.13,9.7,1,1,0,1,1
2020-11-29T01,103.0,169.0,,8.45,,1,1,0,1,0
2020-11-29T04,138.0,222.0,,11.41,10.3,1,1,0,1,1
2020-11-29T07,106.0,182.0,,43.18,10.1,1,1,0,1,1
2020-11-29T08,104.0,191.0,,49.51,11.1,1,1,0,1,1
2020-11-29T11,104.0,223.667,,25.04,9.533,1,1,0,1,1
2020-11-29T13,168.0,336.333,,14.583,11.267,1,1,0,1,1
2020-11-29T15,194.0,390.0,,17.82,13.6,1,1,0,1,1
2020-11-29T16,191.0,371.0,,16.76,13.8,1,1,0,1,1
2020-11-29T17,174.0,324.0,,17.01,13.9,1,1,0,1,1
2020-11-29T18,217.0,366.0,,17.84,12.2,1,1,0,1,1
2020-11-29T19,217.0,366.0,,18.37,13.5,1,1,0,1,1
2020-11-29T20,232.0,376.0,,18.86,13.8,1,1,0,1,1
2020-11-29T21,243.0,362.0,,17.15,14.1,1,1,0,1,1
2020-11-29T22,220.0,335.0,,16.84,14.6,1,1,0,1,1
2020-11-29T23,200.0,295.0,,15.17,12.1,1,1,0,1,1
2020-11-30T00,188.0,285.0,,14.7,10.4,1,1,0,1,1
2020-11-30T06,131.0,210.0,220.7,37.16,13.8,1,1,1,1,1
2020-11-30T07,131.0,210.0,245.0,41.1,13.6,1,1,1,1,1
2020-11-30T08,97.0,182.0,167.3,45.1,13.4,1,1,1,1,1
2020-11-30T09,97.0,189.0,142.4,37.67,11.0,1,1,1,1,1
2020-11-30T10,95.0,189.0,149.233,32.463,10.0,1,1,1,1,1
2020-11-30T11,91.0,189.0,228.3,13.78,8.4,1,1,1,1,1
2020-11-30T12,118.0,262.0,258.4,11.56,8.4,1,1,1,1,1
2020-11-30T18,271.0,458.0,311.6,23.62,13.8,1,1,1,1,1
2020-11-30T19,299.0,465.0,307.2,22.99,11.6,1,1,1,1,1
2020-11-30T20,279.0,412.0,285.7,18.87,12.1,1,1,1,1,1
2020-12-01T02,256.0,399.0,219.6,14.23,6.0,1,1,1,1,1
2020-12-01T04,276.333,410.333,239.0,14.66,8.267,1,1,1,1,1
2020-12-01T05,261.0,399.0,243.0,14.56,10.6,1,1,1,1,1
2020-12-01T08,177.0,283.0,157.3,43.53,7.0,1,1,1,1,1
2020-12-01T10,150.0,260.0,184.7,38.55,7.5,1,1,1,1,1
2020-12-01T15,288.0,503.0,316.0,23.05,10.25,1,1,1,1,1
2020-12-01T16,308.0,565.0,350.7,24.315,12.05,1,1,1,1,1
2020-12-01T17,288.0,566.5,392.8,23.225,15.8,1,1,1,1,1
2020-12-01T18,288.75,541.5,379.175,23.212,12.65,2,2,2,2,1
2020-12-01T19,300.0,501.0,309.1,21.21,11.1,1,1,1,1,1
2020-12-01T20,291.0,449.0,278.7,19.21,8.6,1,1,1,1,1
2020-12-01T22,282.0,389.0,241.1,16.93,7.0,1,1,1,1,1
2020-12-02T00,265.0,373.0,219.1,15.9,5.1,1,1,1,1,1
2020-12-02T01,264.0,365.0,,15.41,,1,1,0,1,0
2020-12-02T02,259.0,376.0,227.9,,4.9,1,1,1,0,1
2020-12-02T03,255.0,385.0,210.3,13.15,3.4,1,1,1,1,1
2020-12-02T05,225.0,335.0,187.8,16.17,2.1,1,1,1,1,1
2020-12-02T06,192.0,284.0,169.1,30.125,3.75,1,1,1,1,1
2020-12-02T07,144.0,243.0,167.0,37.53,3.8,1,1,1,1,1
2020-12-02T08,156.0,269.0,170.2,47.41,3.8,1,1,1,1,1
2020-12-02T14,180.0,398.0,257.8,12.86,4.6,1,1,1,1,1
2020-12-02T15,199.0,370.0,245.7,15.15,4.0,1,1,1,1,1
2020-12-02T17,246.0,410.0,235.6,17.4,5.3,1,1,1,1,1
2020-12-04T00,319.0,489.0,251.8,24.28,13.8,1,1,1,1,1
2020-12-04T01,346.0,515.0,,26.48,,1,1,0,1,0
2020-12-04T02,375.0,582.0,254.0,25.95,13.9,1,1,1,1,1
2020-12-04T03,313.0,537.5,250.65,21.09,10.55,1,1,1,1,1
2020-12-04T04,313.0,493.0,234.6,19.62,11.2,1,1,1,1,1
2020-12-04T05,291.0,475.0,203.0,32.97,11.8,1,1,1,1,1
2020-12-04T06,247.0,389.0,172.4,44.24,10.3,1,1,1,1,1
2020-12-04T07,247.0,389.0,169.3,46.02,9.8,1,1,1,1,1
2020-12-04T08,217.0,355.0,153.033,49.33,10.033,1,1,1,1,1
2020-12-04T10,174.0,305.0,143.0,48.94,8.3,1,1,1,1,1
2020-12-04T11,195.333,364.667,188.867,23.04,6.567,1,1,1,1,1
2020-12-04T12,216.0,404.0,226.933,16.007,8.0,1,1,1,1,1
2020-12-04T13,263.333,540.333,255.767,16.12,7.633,1,1,1,1,1
2020-12-04T14,302.0,593.0,261.9,19.46,8.0,1,1,1,1,1
2020-12-04T17,374.0,571.0,214.05,21.845,8.2,1,1,1,1,1
2020-12-04T19,317.0,434.0,164.5,17.62,12.5,1,1,1,1,1
2020-12-04T20,321.0,434.0,155.75,18.26,11.7,1,1,1,1,1
2020-12-04T21,321.667,427.667,149.7,17.893,11.6,1,1,1,1,1
2020-12-04T23,308.0,389.0,140.9,18.62,11.0,1,1,1,1,1
2020-12-05T00,300.0,383.0,141.5,20.07,11.2,1,1,1,1,1
2020-12-05T01,268.0,355.0,,18.89,,1,1,0,1,0
2020-12-05T05,258.0,361.0,149.9,31.56,10.2,1,1,1,1,1
2020-12-05T07,196.0,296.0,141.6,34.87,11.2,1,1,1,1,1
2020-12-05T08,182.0,272.0,138.4,37.85,10.8,1,1,1,1,1
2020-12-05T09,177.0,277.0,135.9,38.28,10.9,1,1,1,1,1
2020-12-06T00,285.0,374.0,150.7,16.08,10.2,1,1,1,1,1
2020-12-06T05,241.0,326.0,145.1,23.01,11.0,1,1,1,1,1
2020-12-06T07,272.0,378.0,165.1,35.53,10.5,1,1,1,1,1
2020-12-06T09,202.0,305.0,156.3,45.94,10.9,1,1,1,1,1
2020-12-06T12,177.0,339.0,245.6,11.88,10.7,1,1,1,1,1
2020-12-06T15,276.0,477.0,261.2,17.335,13.7,1,1,1,1,1
2020-12-06T16,290.0,484.0,257.7,19.525,13.65,1,1,1,1,1
2020-12-06T17,382.0,525.0,231.2,20.09,12.1,1,1,1,1,1
2020-12-06T20,396.0,531.0,182.9,18.35,9.1,1,1,1,1,1
2020-12-06T21,395.0,527.0,179.65,17.905,9.75,1,1,1,1,1
2020-12-06T22,387.0,510.0,168.35,17.28,8.4,1,1,1,1,1
2020-12-07T00,345.0,475.0,152.0,17.23,9.0,1,1,1,1,1
2020-12-07T01,291.0,418.0,168.7,15.78,8.7,1,1,1,1,1
2020-12-07T04,314.0,400.0,203.2,13.5,8.9,1,1,1,1,1
2020-12-07T06,242.0,343.0,173.7,27.89,8.3,1,1,1,1,1
2020-12-07T07,229.0,327.333,163.733,33.3,9.067,1,1,1,1,1
2020-12-07T08,186.0,276.0,159.0,33.03,9.3,1,1,1,1,1
2020-12-07T11,192.0,315.0,183.5,19.97,8.5,1,1,1,1,1
2020-12-07T12,227.0,354.0,202.9,13.74,8.4,1,1,1,1,1
2020-12-09T10,80.0,168.0,130.4,24.7,7.9,1,1,1,1,1
2020-12-09T19,167.5,269.5,175.0,12.485,11.3,1,1,1,1,1
2020-12-09T21,159.0,224.0,149.2,9.88,10.4,1,1,1,1,1
2020-12-09T22,159.0,224.0,142.2,9.7,9.5,1,1,1,1,1
2020-12-09T23,149.0,200.0,140.45,9.165,8.75,1,1,1,1,1
2020-12-10T02,176.0,278.0,167.7,,11.6,1,1,1,0,1
2020-12-10T05,166.0,248.0,181.25,9.165,11.85,1,1,1,1,1
2020-12-10T06,126.0,205.0,181.8,9.04,10.8,1,1,1,1,1
2020-12-11T00,152.0,224.0,139.7,11.52,11.0,1,1,1,1,1
2020-12-11T06,217.0,354.0,214.3,30.77,17.7,1,1,1,1,1
2020-12-11T08,132.0,237.0,150.7,14.9,13.1,1,1,1,1,1
2020-12-14T05,82.0,138.0,97.9,8.88,12.3,1,1,1,1,1
2020-12-14T06,82.0,138.0,102.7,10.29,11.5,1,1,1,1,1
2020-12-14T07,88.0,145.0,100.2,13.97,10.7,1,1,1,1,1
2020-12-14T08,78.667,137.0,92.267,15.583,11.133,1,1,1,1,1
2020-12-14T09,55.5,118.5,79.55,15.66,10.95,1,1,1,1,1
2020-12-14T10,53.667,120.333,78.133,14.333,10.733,1,1,1,1,1
2020-12-14T11,59.0,129.0,78.3,13.64,10.65,1,1,1,1,1
2020-12-14T12,73.0,141.0,85.75,10.585,9.7,1,1,1,1,1
2020-12-14T13,104.0,160.0,88.75,10.27,11.05,1,1,1,1,1
2020-12-14T14,125.0,179.0,91.6,9.78,12.05,1,1,1,1,1
2020-12-14T15,157.0,213.0,94.8,9.47,12.4,1,1,1,1,1
2020-12-14T16,133.0,186.0,86.8,8.33,14.45,1,1,1,1,1
2020-12-14T17,123.75,174.25,80.85,7.485,16.025,1,1,1,1,1
2020-12-14T18,123.0,175.0,81.1,7.485,20.0,2,2,2,2,1
2020-12-14T20,123.0,185.0,79.4,6.33,20.0,1,1,1,1,1
2020-12-14T21,98.5,140.5,75.35,5.565,18.55,1,1,1,1,1
2020-12-14T22,91.667,131.667,74.3,5.847,18.867,1,1,1,1,1
2020-12-15T00,,,74.4,,13.8,0,0,1,0,1
2020-12-15T01,103.0,152.0,,5.31,,1,1,0,1,0
2020-12-15T12,156.5,257.0,122.4,18.74,12.75,1,1,1,1,1
2020-12-15T13,144.0,238.0,136.6,13.03,13.0,1,1,1,1,1
2020-12-15T14,166.5,252.0,133.55,11.82,12.65,1,1,1,1,1
2020-12-15T15,165.0,250.0,127.6,13.25,12.7,1,1,1,1,1
2020-12-15T16,163.0,240.0,116.8,10.02,11.7,1,1,1,1,1
2020-12-15T17,140.0,206.0,110.6,8.25,12.4,1,1,1,1,1
2020-12-15T20,110.667,155.667,98.567,27.57,9.3,1,1,1,1,1
2020-12-15T21,114.5,159.0,94.1,14.25,8.75,1,1,1,1,1
2020-12-15T23,131.0,175.0,88.0,8.82,13.3,1,1,1,1,1
2020-12-16T00,131.0,175.0,86.7,8.43,12.9,1,1,1,1,1
2020-12-16T01,148.0,193.0,,8.19,,1,1,0,1,0
2020-12-16T02,154.0,206.0,94.2,,15.8,1,1,1,0,1
2020-12-16T03,174.0,233.0,105.3,9.88,11.8,1,1,1,1,1
2020-12-16T05,137.0,196.0,119.1,13.86,9.9,1,1,1,1,1
2020-12-16T06,137.0,196.0,,19.72,,1,1,0,1,0
2020-12-16T08,85.0,160.5,61.0,20.13,2.1,1,1,1,1,1
2020-12-16T09,76.0,150.0,50.1,17.01,2.7,1,1,1,1,1
2020-12-16T11,51.0,112.0,73.1,12.05,3.4,1,1,1,1,1
2020-12-16T12,71.0,149.0,99.3,10.37,3.0,1,1,1,1,1
2020-12-16T13,125.0,226.0,132.3,12.98,3.9,1,1,1,1,1
2020-12-16T14,139.0,255.0,148.0,14.99,5.4,1,1,1,1,1
2020-12-16T15,180.0,281.0,139.067,14.12,5.367,1,1,1,1,1
2020-12-16T16,160.0,229.0,120.8,11.83,4.25,1,1,1,1,1
2020-12-16T17,159.0,221.0,102.8,10.04,,1,1,1,1,0
2020-12-16T19,155.0,206.0,85.3,9.31,5.0,1,1,1,1,1
2020-12-16T20,149.0,197.0,80.7,8.82,4.7,1,1,1,1,1
2020-12-16T21,,197.0,74.8,8.17,4.7,0,1,1,1,1
2020-12-16T22,114.0,160.0,67.2,7.06,4.4,1,1,1,1,1
2020-12-16T23,103.0,150.0,60.8,6.98,4.2,1,1,1,1,1
2020-12-17T00,98.5,143.0,59.7,6.39,3.95,1,1,1,1,1
2020-12-17T01,95.0,136.0,,6.4,,1,1,0,1,0
2020-12-17T02,112.667,162.667,69.967,6.61,4.2,1,1,1,1,1
2020-12-17T03,123.0,183.0,90.45,8.115,4.25,1,1,1,1,1
2020-12-17T04,128.5,196.5,94.4,8.96,4.6,1,1,1,1,1
2020-12-17T05,125.0,199.0,87.9,10.0,4.5,1,1,1,1,1
2020-12-17T06,130.0,199.0,84.2,10.51,4.2,1,1,1,1,1
2020-12-17T07,127.0,196.0,89.95,12.915,4.75,1,1,1,1,1
2020-12-17T08,132.0,217.0,89.3,14.11,4.5,1,1,1,1,1
2020-12-17T09,101.0,171.0,77.8,12.37,4.8,1,1,1,1,1
2020-12-17T11,111.0,185.0,78.0,11.64,4.9,1,1,1,1,1
2020-12-17T12,111.0,185.0,91.0,11.41,4.7,1,1,1,1,1
2020-12-17T13,159.0,241.0,127.5,12.62,5.0,1,1,1,1,1
2020-12-17T17,234.0,327.0,122.6,16.72,,1,1,1,1,0
2020-12-17T19,194.0,273.0,115.6,13.33,4.6,1,1,1,1,1
2020-12-17T21,154.0,208.0,92.6,10.315,3.95,1,1,1,1,1
2020-12-17T22,142.0,185.0,86.9,10.47,3.9,1,1,1,1,1
2020-12-18T00,138.5,191.0,86.2,9.685,3.6,1,1,1,1,1
2020-12-18T01,155.0,215.0,99.8,10.92,4.2,1,1,1,1,1
2020-12-18T03,144.0,229.0,104.9,11.76,4.3,1,1,1,1,1
2020-12-18T04,144.0,229.0,105.0,12.63,4.75,1,1,1,1,1
2020-12-18T05,129.0,211.0,89.0,18.825,4.85,1,1,1,1,1
2020-12-18T06,94.667,169.333,79.233,21.063,4.567,1,1,1,1,1
2020-12-18T07,90.0,162.0,78.7,21.91,4.7,1,1,1,1,1
2020-12-18T09,45.0,130.0,55.8,22.79,4.2,1,1,1,1,1
2020-12-18T17,272.0,426.0,175.3,23.56,8.35,1,1,1,1,1
2020-12-18T19,195.0,278.0,145.45,15.77,5.35,1,1,1,1,1
2020-12-18T21,161.0,238.0,133.9,12.64,4.1,1,1,1,1,1
2020-12-18T22,165.0,227.0,124.0,13.41,3.8,1,1,1,1,1
2020-12-19T14,184.0,300.0,173.3,17.33,4.7,1,1,1,1,1
2020-12-19T16,251.0,371.0,163.1,19.82,4.5,1,1,1,1,1
2020-12-19T17,251.0,371.0,157.7,19.44,4.5,1,1,1,1,1
2020-12-19T19,234.0,326.0,145.75,17.395,6.35,1,1,1,1,1
2020-12-19T20,235.0,334.0,149.5,17.29,6.8,1,1,1,1,1
2020-12-19T21,220.0,302.0,140.6,15.9,7.3,1,1,1,1,1
2020-12-19T22,224.5,305.0,124.6,17.945,6.8,1,1,1,1,1
2020-12-19T23,239.0,316.0,121.9,17.61,6.85,1,1,1,1,1
2020-12-20T00,204.0,271.0,117.5,15.48,6.4,1,1,1,1,1
2020-12-20T02,257.0,344.0,132.9,15.88,6.2,1,1,1,1,1
2020-12-20T04,260.0,351.0,147.367,16.913,6.867,1,1,1,1,1
2020-12-20T08,116.0,197.5,80.95,28.77,6.2,1,1,1,1,1
2020-12-20T10,103.0,191.0,81.8,24.03,5.5,1,1,1,1,1
2020-12-20T11,113.0,218.0,120.5,14.09,5.15,1,1,1,1,1
2020-12-20T12,123.0,245.0,139.1,13.17,5.2,1,1,1,1,1
2020-12-20T14,204.5,336.0,174.8,17.395,8.35,1,1,1,1,1
2020-12-20T15,216.0,346.0,174.6,19.05,9.0,1,1,1,1,1
2020-12-20T16,253.0,378.0,179.6,21.03,9.1,1,1,1,1,1
2020-12-20T18,224.0,310.0,146.5,16.91,6.1,1,1,1,1,1
2020-12-20T19,224.0,310.0,142.7,16.44,5.7,1,1,1,1,1
2020-12-20T20,227.0,310.0,145.6,15.82,6.2,1,1,1,1,1
2020-12-20T21,225.0,302.0,152.3,16.14,6.3,1,1,1,1,1
2020-12-21T00,176.0,230.0,117.45,11.36,5.35,1,1,1,1,1
2020-12-21T01,174.0,235.0,,11.58,,1,1,0,1,0
2020-12-21T06,229.0,350.0,149.3,22.89,14.2,1,1,1,1,1
2020-12-21T07,196.0,304.0,138.0,28.835,22.75,1,1,1,1,1
2020-12-21T09,134.0,221.0,98.3,29.705,6.7,1,1,1,1,1
2020-12-22T06,427.0,509.0,199.0,21.01,1.9,1,1,1,1,1
2020-12-22T11,294.0,433.0,153.8,21.25,4.8,1,1,1,1,1
2020-12-22T14,415.0,615.0,241.95,28.785,5.9,1,1,1,1,1
2020-12-22T17,708.0,919.0,250.35,38.425,8.55,1,1,1,1,1
2020-12-22T18,548.0,768.0,254.4,31.56,7.3,1,1,1,1,1
2020-12-22T19,502.0,714.0,257.9,34.34,7.7,1,1,1,1,1
2020-12-23T02,472.0,609.0,220.4,,6.9,1,1,1,0,1
2020-12-23T03,583.0,752.0,246.2,34.77,8.0,1,1,1,1,1
2020-12-23T06,375.667,498.0,215.733,29.06,4.8,1,1,1,1,1
2020-12-23T07,329.0,440.0,185.2,30.93,4.7,1,1,1,1,1
2020-12-23T08,278.0,388.0,155.6,34.89,3.4,1,1,1,1,1
2020-12-23T15,440.0,639.0,236.4,33.05,4.9,1,1,1,1,1
2020-12-23T16,440.0,639.0,236.7,33.36,5.0,1,1,1,1,1
2020-12-23T19,448.0,581.0,210.5,25.32,5.6,1,1,1,1,1
2020-12-23T20,448.0,581.0,206.9,26.325,5.85,1,1,1,1,1
2020-12-23T22,436.0,570.0,188.4,29.3,6.3,1,1,1,1,1
2020-12-24T03,416.0,517.0,172.3,20.46,2.4,1,1,1,1,1
2020-12-24T05,278.0,365.0,176.0,19.23,33.4,1,1,1,1,1
2020-12-24T07,288.0,383.0,147.1,24.83,66.9,1,1,1,1,1
2020-12-24T11,140.0,239.0,103.4,16.88,0.2,1,1,1,1,1
2020-12-24T13,427.0,593.0,170.0,27.62,2.8,1,1,1,1,1
2020-12-24T19,334.0,484.0,218.6,23.09,8.5,1,1,1,1,1
2020-12-25T09,62.0,130.0,65.3,21.99,0.9,1,1,1,1,1
2020-12-25T20,293.0,392.0,147.1,16.62,4.1,1,1,1,1,1
2020-12-26T09,107.0,173.0,73.9,25.42,2.3,1,1,1,1,1
2020-12-26T17,567.0,760.0,169.5,41.36,7.6,1,1,1,1,1
2020-12-26T20,324.0,426.5,148.25,100.995,17.0,1,1,1,1,1
2020-12-26T21,328.0,432.0,141.6,84.53,16.0,1,1,1,1,1
2020-12-26T22,335.0,418.0,134.3,71.97,14.3,1,1,1,1,1
2020-12-27T00,342.0,439.5,159.1,57.21,12.85,1,1,1,1,1
2020-12-27T01,378.0,483.0,174.8,52.72,10.3,1,1,1,1,1
2020-12-27T03,431.0,543.0,184.7,33.46,15.6,1,1,1,1,1
2020-12-27T04,431.0,543.0,171.25,26.55,13.45,1,1,1,1,1
2020-12-27T05,312.0,417.0,131.1,21.56,11.1,1,1,1,1,1
2020-12-27T06,312.0,417.0,117.4,23.19,10.8,1,1,1,1,1
2020-12-27T07,260.0,381.0,95.4,24.34,9.2,1,1,1,1,1
2020-12-27T10,173.0,256.0,78.6,20.875,5.25,1,1,1,1,1
2020-12-27T11,169.0,255.0,80.6,19.38,4.8,1,1,1,1,1
2020-12-27T14,238.0,344.0,101.2,18.17,4.2,1,1,1,1,1
2020-12-27T15,238.0,344.0,95.2,17.25,3.5,1,1,1,1,1
2020-12-27T16,236.0,344.0,86.4,13.495,3.25,1,1,1,1,1
2020-12-27T17,57.0,293.0,69.7,10.15,2.1,1,1,1,1,1
2020-12-27T19,76.5,220.0,57.15,10.095,3.75,1,1,1,1,1
2020-12-27T21,93.0,211.0,57.3,10.11,4.1,1,1,1,1,1
2020-12-28T00,111.0,213.0,71.3,7.35,5.4,1,1,1,1,1
2020-12-28T02,94.0,217.0,85.2,,5.8,1,1,1,0,1
2020-12-28T03,113.0,274.0,87.0,7.11,11.4,1,1,1,1,1
2020-12-28T07,36.0,186.0,54.533,17.813,5.6,1,1,1,1,1
2020-12-28T08,30.0,167.5,51.45,18.895,4.7,1,1,1,1,1
2020-12-28T11,52.0,202.0,60.8,15.01,4.6,1,1,1,1,1
2020-12-28T14,163.0,344.0,118.8,12.66,5.55,1,1,1,1,1
2020-12-28T15,132.0,312.0,118.6,12.5,5.0,1,1,1,1,1
2020-12-28T16,139.0,313.0,117.2,12.41,5.6,1,1,1,1,1
2020-12-28T17,120.0,284.0,105.7,10.66,6.0,1,1,1,1,1
2020-12-28T19,134.0,263.0,83.1,8.06,5.3,1,1,1,1,1
2020-12-28T20,126.333,263.0,79.3,8.247,5.8,1,1,1,1,1
2020-12-28T21,111.0,263.0,77.7,7.45,6.6,1,1,1,1,1
2020-12-28T22,116.0,257.0,84.4,7.52,10.1,1,1,1,1,1
2020-12-28T23,114.0,252.0,85.8,7.68,7.5,1,1,1,1,1
2020-12-29T00,122.5,259.0,81.55,8.25,4.8,1,1,1,1,1
2020-12-29T01,138.0,272.0,,8.89,,1,1,0,1,0
2020-12-29T05,109.0,278.0,76.9,16.23,5.1,1,1,1,1,1
2020-12-29T08,104.0,239.0,69.3,24.15,5.2,1,1,1,1,1
2020-12-29T13,153.0,273.0,119.3,12.27,4.8,1,1,1,1,1
2020-12-29T14,153.0,273.0,122.0,13.47,5.4,1,1,1,1,1
2020-12-30T03,182.0,250.0,73.2,10.15,3.7,1,1,1,1,1
2020-12-30T04,192.0,258.5,85.5,13.465,3.55,1,1,1,1,1
2020-12-30T05,192.25,263.0,86.35,24.683,3.775,1,1,1,1,1
2020-12-30T07,187.0,271.0,90.6,20.2,4.85,1,1,1,1,1
2020-12-30T09,159.0,245.0,51.5,17.31,4.8,1,1,1,1,1
2020-12-30T10,160.0,251.0,51.4,14.965,3.65,1,1,1,1,1
2020-12-30T11,161.0,257.0,54.1,14.425,3.2,1,1,1,1,1
2020-12-30T12,174.0,276.0,78.7,14.6,3.0,1,1,1,1,1
2020-12-30T13,231.0,328.0,73.7,14.865,2.9,1,1,1,1,1
2020-12-30T23,209.0,268.0,43.7,11.82,4.9,1,1,1,1,1
2020-12-31T00,187.0,248.0,42.8,10.47,4.3,1,1,1,1,1
2020-12-31T01,191.0,257.5,59.0,11.375,4.6,1,1,1,1,1
2020-12-31T02,195.0,267.0,58.7,,4.5,1,1,1,0,1
2020-12-31T03,198.333,255.333,70.8,10.763,4.367,1,1,1,1,1
2020-12-31T04,203.0,263.0,95.225,11.225,4.775,1,1,1,1,1
2020-12-31T05,215.0,284.0,103.8,11.96,4.9,1,1,1,1,1
2020-12-31T06,222.0,291.0,101.2,14.97,5.8,1,1,1,1,1
2020-12-31T07,266.0,326.0,106.3,17.605,6.65,1,1,1,1,1
2020-12-31T08,234.0,320.0,105.75,19.66,7.2,1,1,1,1,1
2020-12-31T09,242.0,353.0,103.0,17.76,6.2,1,1,1,1,1
2020-12-31T10,237.0,351.0,96.7,16.39,5.1,1,1,1,1,1
2020-12-31T11,221.0,334.0,101.6,13.01,4.9,1,1,1,1,1
2020-12-31T12,232.0,332.0,114.767,14.733,5.533,1,1,1,1,1
2020-12-31T13,277.0,390.0,126.4,15.37,6.2,1,1,1,1,1
2020-12-31T14,285.0,383.0,134.9,17.19,6.6,1,1,1,1,1
2020-12-31T15,285.0,383.0,132.25,18.005,7.1,1,1,1,1,1
2020-12-31T16,292.0,378.0,117.2,19.07,7.05,1,1,1,1,1
2021-01-01T02,409.0,528.0,80.0,,7.6,1,1,1,0,1
2021-01-01T03,461.0,632.0,143.9,36.32,8.3,1,1,1,1,1
2021-01-01T04,822.667,1006.333,365.1,48.783,7.7,1,1,1,1,1
2021-01-01T05,908.0,1091.0,247.0,42.53,6.7,1,1,1,1,1
2021-01-01T06,389.0,480.0,90.2,30.03,5.5,1,1,1,1,1
2021-01-01T07,295.0,378.0,81.2,27.95,5.6,1,1,1,1,1
2021-01-01T08,295.0,378.0,87.45,32.625,5.85,1,1,1,1,1
2021-01-01T09,211.0,280.0,52.0,23.3,6.4,1,1,1,1,1
2021-01-01T10,213.0,293.0,94.4,16.05,6.7,1,1,1,1,1
2021-01-01T11,241.0,339.0,98.6,15.425,16.75,1,1,1,1,1
2021-01-01T12,302.0,422.667,106.767,18.08,22.5,1,1,1,1,1
2021-01-01T13,368.0,498.0,108.0,19.58,7.9,1,1,1,1,1
2021-01-01T14,,519.0,115.3,24.07,7.1,0,1,1,1,1
2021-01-01T15,466.667,593.667,123.867,27.733,10.633,1,1,1,1,1
2021-01-01T16,478.0,599.0,123.15,27.87,9.35,1,1,1,1,1
2021-01-01T17,489.0,596.0,110.15,24.935,10.05,1,1,1,1,1
2021-01-03T06,116.0,149.0,71.3,9.43,15.1,1,1,1,1,1
2021-01-03T07,109.667,139.667,71.6,9.593,21.4,1,1,1,1,1
2021-01-03T08,113.0,139.0,76.4,9.17,23.9,1,1,1,1,1
2021-01-03T09,83.0,95.5,71.5,7.863,17.8,1,1,1,1,1
2021-01-03T10,55.0,63.5,63.85,7.32,30.25,1,1,1,1,1
2021-01-03T12,58.0,64.0,63.85,6.95,30.8,1,1,1,1,1
2021-01-03T13,69.0,74.667,62.8,7.74,14.6,1,1,1,1,1
2021-01-03T14,77.0,78.0,61.55,8.19,10.8,1,1,1,1,1
2021-01-03T15,81.0,91.0,61.1,8.31,9.5,1,1,1,1,1
2021-01-03T16,89.0,102.0,62.3,9.15,8.5,1,1,1,1,1
2021-01-03T17,89.0,102.0,63.2,9.065,8.35,1,1,1,1,1
2021-01-03T18,66.0,84.0,60.2,7.86,8.3,1,1,1,1,1
2021-01-03T19,48.5,59.667,54.067,6.18,7.933,1,1,1,1,1
2021-01-03T20,40.0,45.0,50.15,5.46,7.8,1,1,1,1,1
2021-01-03T22,59.333,81.667,54.1,37.907,7.967,1,1,1,1,1
2021-01-03T23,61.0,95.75,48.525,43.325,8.325,1,1,1,1,1
2021-01-04T00,46.0,80.0,46.9,20.25,8.1,1,1,1,1,1
2021-01-04T01,55.0,80.0,,15.66,,1,1,0,1,0
2021-01-04T02,87.0,119.0,50.6,13.25,8.9,1,1,1,1,1
2021-01-04T03,87.0,119.0,58.3,14.74,10.3,1,1,1,1,1
2021-01-04T04,147.0,182.0,57.5,16.35,11.2,1,1,1,1,1
2021-01-04T06,111.0,143.0,90.7,13.33,8.6,1,1,1,1,1
2021-01-04T07,109.0,140.0,88.3,16.82,11.2,1,1,1,1,1
2021-01-04T08,122.0,172.0,69.0,15.21,8.9,1,1,1,1,1
2021-01-04T09,91.0,136.0,66.3,14.855,10.1,1,1,1,1,1
2021-01-04T10,124.0,186.0,82.3,14.13,7.5,1,1,1,1,1
2021-01-04T13,147.5,186.5,78.35,13.58,7.9,1,1,1,1,1
2021-01-04T15,70.0,86.0,51.6,7.92,5.4,1,1,1,1,1
2021-01-04T18,35.0,45.0,42.1,5.33,4.9,1,1,1,1,1
2021-01-04T19,33.0,47.0,31.2,5.51,5.0,1,1,1,1,1
2021-01-04T20,31.5,46.5,26.8,9.33,5.3,1,1,1,1,1
2021-01-04T21,30.0,46.0,23.5,11.88,6.2,1,1,1,1,1
2021-01-04T22,23.0,30.0,25.5,8.7,5.8,1,1,1,1,1
2021-01-04T23,23.0,30.0,26.3,8.37,5.7,1,1,1,1,1
2021-01-05T00,25.0,41.0,41.5,6.39,5.6,1,1,1,1,1
2021-01-05T01,44.0,64.0,,5.675,,1,1,0,1,0
2021-01-05T02,54.0,78.0,43.65,8.19,13.15,1,1,1,1,1
2021-01-05T03,65.667,98.667,55.333,8.627,8.133,1,1,1,1,1
2021-01-05T04,77.0,118.0,58.0,12.465,8.55,1,1,1,1,1
2021-01-05T05,95.0,130.0,58.75,13.73,11.0,1,1,1,1,1
2021-01-05T06,102.0,145.0,65.5,14.39,11.1,1,1,1,1,1
2021-01-05T07,99.5,153.5,49.15,12.465,11.95,1,1,1,1,1
2021-01-05T13,127.5,165.5,63.9,36.86,7.1,1,1,1,1,1
2021-01-05T14,126.0,162.0,78.0,30.54,6.9,1,1,1,1,1
2021-01-05T15,95.0,123.0,66.75,14.07,7.65,1,1,1,1,1
2021-01-05T16,76.0,118.0,55.7,9.17,17.6,1,1,1,1,1
2021-01-05T17,76.0,118.0,48.9,8.86,13.1,1,1,1,1,1
2021-01-05T18,76.0,106.0,41.3,8.51,7.2,1,1,1,1,1
2021-01-05T19,80.0,112.0,36.6,7.73,6.8,1,1,1,1,1
2021-01-05T20,85.0,125.0,34.0,7.997,7.167,1,1,1,1,1
2021-01-05T23,113.0,153.0,32.4,9.9,6.6,1,1,1,1,1
2021-01-06T00,122.0,160.0,47.8,15.77,6.65,1,1,1,1,1
2021-01-06T01,152.5,205.5,64.8,73.43,8.2,1,1,1,1,1
2021-01-06T02,160.0,219.0,58.1,,8.0,1,1,1,0,1
2021-01-06T04,186.0,233.5,90.1,21.65,7.8,1,1,1,1,1
2021-01-06T05,182.0,227.0,74.8,16.56,8.4,1,1,1,1,1
2021-01-06T06,175.0,211.0,66.35,13.195,9.45,1,1,1,1,1
2021-01-06T08,111.0,144.0,37.0,8.17,12.7,1,1,1,1,1
2021-01-06T10,54.0,88.0,33.8,8.485,8.3,1,1,1,1,1
2021-01-06T12,235.0,324.0,62.3,15.58,6.8,1,1,1,1,1
2021-01-06T13,200.0,294.0,55.6,14.64,6.4,1,1,1,1,1
2021-01-06T14,167.0,244.0,49.0,12.21,6.3,1,1,1,1,1
2021-01-06T15,155.5,241.5,48.85,11.585,5.95,1,1,1,1,1
2021-01-06T19,126.0,200.5,26.9,10.28,4.9,1,1,1,1,1
2021-01-06T20,118.0,178.0,20.3,8.78,4.8,1,1,1,1,1
2021-01-06T21,107.0,160.0,17.0,8.53,4.3,1,1,1,1,1
2021-01-06T22,108.0,156.0,17.95,8.26,4.25,1,1,1,1,1
2021-01-06T23,111.5,159.5,21.4,7.205,4.45,1,1,1,1,1
2021-01-07T00,111.0,158.0,24.6,6.53,4.0,1,1,1,1,1
2021-01-07T01,99.0,149.0,37.8,5.92,3.6,1,1,1,1,1
2021-01-07T02,99.0,149.0,33.85,,3.5,1,1,1,0,1
2021-01-07T03,105.0,149.0,31.4,7.35,3.9,1,1,1,1,1
2021-01-07T04,113.0,157.0,32.15,6.83,3.95,1,1,1,1,1
2021-01-07T06,115.0,155.0,37.9,8.43,3.7,1,1,1,1,1
2021-01-07T07,116.0,162.0,44.0,13.13,3.5,1,1,1,1,1
2021-01-07T08,115.0,172.0,42.0,16.62,3.2,1,1,1,1,1
2021-01-07T09,118.0,177.0,40.4,15.15,3.4,1,1,1,1,1
2021-01-07T11,115.0,178.0,34.15,10.72,3.25,1,1,1,1,1
2021-01-07T14,150.0,243.0,56.5,10.15,3.8,1,1,1,1,1
2021-01-07T15,150.0,243.0,61.35,11.025,4.1,1,1,1,1,1
2021-01-07T16,150.5,252.5,59.8,11.76,4.7,1,1,1,1,1
2021-01-07T17,147.0,247.0,59.05,13.94,4.8,1,1,1,1,1
2021-01-07T18,141.0,238.0,55.2,14.86,4.4,1,1,1,1,1
2021-01-07T19,117.333,203.0,43.4,11.443,3.967,1,1,1,1,1
2021-01-07T20,100.0,183.0,41.0,8.525,3.65,1,1,1,1,1
2021-01-07T21,88.0,182.0,35.45,6.735,3.7,1,1,1,1,1
2021-01-07T22,81.0,184.0,34.8,6.35,3.5,1,1,1,1,1
2021-01-07T23,81.0,146.0,36.85,6.535,3.1,1,1,1,1,1
2021-01-08T00,101.0,153.0,34.15,6.625,2.75,1,1,1,1,1
2021-01-08T01,110.0,165.5,38.2,6.955,2.9,1,1,1,1,1
2021-01-08T04,168.0,262.0,51.8,7.86,3.1,1,1,1,1,1
2021-01-08T05,135.667,219.333,60.167,6.967,3.133,1,1,1,1,1
2021-01-08T06,151.0,232.0,65.8,7.0,3.2,1,1,1,1,1
2021-01-08T07,198.0,291.0,68.15,8.645,3.9,1,1,1,1,1
2021-01-08T08,222.5,333.0,63.45,11.89,4.3,1,1,1,1,1
2021-01-08T09,231.0,345.0,59.65,13.02,5.45,1,1,1,1,1
2021-01-08T10,234.0,367.0,56.1,12.9,5.2,1,1,1,1,1
2021-01-08T11,232.0,366.0,64.1,13.625,4.45,1,1,1,1,1
2021-01-08T12,299.0,426.0,73.5,14.64,5.0,1,1,1,1,1
2021-01-08T13,227.0,381.0,89.05,15.13,5.2,1,1,1,1,1
2021-01-08T14,245.0,392.0,99.75,13.76,6.1,1,1,1,1,1
2021-01-08T15,215.0,380.5,102.45,14.06,6.4,1,1,1,1,1
2021-01-08T16,215.0,382.0,90.0,14.33,6.6,1,1,1,1,1
2021-01-08T17,201.0,329.0,76.5,13.78,6.2,1,1,1,1,1
2021-01-08T19,156.5,243.0,65.3,11.37,4.55,1,1,1,1,1
2021-01-08T20,123.0,187.333,60.167,9.343,3.867,1,1,1,1,1
2021-01-08T21,109.0,164.0,47.0,6.92,3.7,1,1,1,1,1
2021-01-08T22,110.0,152.0,42.7,6.82,3.85,1,1,1,1,1
2021-01-08T23,111.0,152.0,43.45,6.935,3.6,1,1,1,1,1
2021-01-09T00,120.0,184.5,49.05,9.1,3.75,1,1,1,1,1
2021-01-09T01,121.0,189.0,,9.07,,1,1,0,1,0
2021-01-09T02,132.0,195.0,66.1,,3.2,1,1,1,0,1
2021-01-09T04,191.0,254.0,80.9,11.045,4.1,1,1,1,1,1
2021-01-09T05,204.0,274.0,83.1,11.51,4.8,1,1,1,1,1
2021-01-09T06,207.0,296.0,74.4,11.96,3.0,1,1,1,1,1
2021-01-09T07,183.0,283.0,77.9,12.915,6.55,1,1,1,1,1
2021-01-09T08,187.0,280.5,70.9,12.735,8.05,1,1,1,1,1
2021-01-09T09,153.5,245.0,62.6,12.035,5.05,1,1,1,1,1
2021-01-09T10,147.0,235.0,48.35,11.65,2.85,1,1,1,1,1
2021-01-09T11,142.0,212.0,49.2,10.063,2.067,1,1,1,1,1
2021-01-09T12,133.0,212.0,70.35,10.65,1.8,1,1,1,1,1
2021-01-09T13,172.667,263.0,78.233,11.193,1.967,1,1,1,1,1
2021-01-09T14,175.0,266.0,72.8,10.72,2.0,1,1,1,1,1
2021-01-09T15,175.0,266.0,64.6,10.77,2.05,1,1,1,1,1
2021-01-09T17,157.0,234.0,50.7,8.94,1.2,1,1,1,1,1
2021-01-09T19,135.0,201.0,27.5,7.34,2.55,1,1,1,1,1
2021-01-09T20,121.0,175.0,23.7,6.575,2.9,1,1,1,1,1
2021-01-09T21,127.0,175.0,21.3,6.275,2.6,1,1,1,1,1
2021-01-09T22,117.0,169.0,28.7,5.21,2.8,1,1,1,1,1
2021-01-09T23,105.0,157.0,24.6,5.92,2.8,1,1,1,1,1
2021-01-10T00,95.0,141.0,21.65,6.045,2.9,1,1,1,1,1
2021-01-10T15,159.0,239.0,81.9,10.955,3.5,1,1,1,1,1
2021-01-10T17,188.0,274.0,71.1,12.64,,1,1,1,1,0
2021-01-10T19,169.0,249.0,60.3,10.88,2.8,1,1,1,1,1
2021-01-10T20,164.0,250.0,53.5,9.6,1.9,1,1,1,1,1
2021-01-10T21,147.0,228.0,47.7,9.31,1.85,1,1,1,1,1
2021-01-10T22,137.0,213.0,43.1,8.43,2.4,1,1,1,1,1
2021-01-10T23,112.0,162.0,33.95,9.055,2.2,1,1,1,1,1
2021-01-11T00,112.0,163.0,30.1,9.19,2.3,1,1,1,1,1
2021-01-11T01,117.0,167.0,,8.455,,1,1,0,1,0
2021-01-11T03,116.0,146.0,38.1,8.58,2.2,1,1,1,1,1
2021-01-11T04,121.0,150.0,33.15,9.095,1.95,1,1,1,1,1
2021-01-11T06,95.0,145.0,41.7,11.62,3.8,1,1,1,1,1
2021-01-11T07,95.0,145.0,42.2,12.39,4.3,1,1,1,1,1
2021-01-11T08,91.0,140.0,41.2,13.35,4.2,1,1,1,1,1
2021-01-11T09,72.0,128.0,33.7,14.84,4.0,1,1,1,1,1
2021-01-11T11,74.0,139.0,59.75,10.4,2.35,1,1,1,1,1
2021-01-11T13,144.0,213.0,92.0,11.84,2.9,1,1,1,1,1
2021-01-11T14,168.0,250.0,92.2,11.51,3.0,1,1,1,1,1
2021-01-11T16,172.0,237.0,78.7,11.03,2.9,1,1,1,1,1
2021-01-11T20,153.0,208.0,73.25,10.42,2.85,1,1,1,1,1
2021-01-11T21,144.0,196.0,68.9,9.07,2.4,1,1,1,1,1
2021-01-11T22,164.0,224.0,59.85,10.21,2.6,1,1,1,1,1
2021-01-11T23,175.0,222.0,52.833,10.923,3.067,1,1,1,1,1
2021-01-12T00,180.0,230.0,51.0,12.09,3.4,1,1,1,1,1
2021-01-12T03,194.0,252.0,67.9,10.51,2.5,1,1,1,1,1
2021-01-12T05,179.0,217.0,59.5,10.27,3.0,1,1,1,1,1
2021-01-12T08,142.0,210.0,60.3,25.01,4.6,1,1,1,1,1
2021-01-12T09,142.0,210.0,63.2,18.54,5.0,1,1,1,1,1
2021-01-12T10,118.0,188.0,55.4,17.82,4.1,1,1,1,1,1
2021-01-12T11,148.0,232.0,98.8,13.19,3.6,1,1,1,1,1
2021-01-12T13,241.0,350.5,116.3,16.505,3.95,1,1,1,1,1
2021-01-12T14,259.0,371.667,116.4,18.147,4.667,1,1,1,1,1
2021-01-12T15,287.0,393.0,111.0,19.8,4.8,1,1,1,1,1
2021-01-12T16,298.0,409.0,101.2,20.01,5.1,1,1,1,1,1
2021-01-12T17,307.0,414.0,87.05,49.55,5.0,1,1,1,1,1
2021-01-12T18,316.0,427.0,69.4,94.79,1.8,1,1,1,1,1
2021-01-12T21,239.0,345.0,66.2,87.535,2.45,1,1,1,1,1
2021-01-12T22,264.0,367.0,58.667,132.57,2.667,1,1,1,1,1
2021-01-12T23,269.0,377.0,51.65,144.0,2.45,1,1,1,1,1
2021-01-13T00,211.0,310.0,58.1,107.11,2.8,1,1,1,1,1
2021-01-13T01,190.0,285.0,,37.89,,1,1,0,1,0
2021-01-13T02,170.0,268.0,56.2,,2.0,1,1,1,0,1
2021-01-13T04,199.0,291.0,75.8,11.72,2.95,1,1,1,1,1
2021-01-13T11,139.0,229.0,66.9,19.78,5.5,1,1,1,1,1
2021-01-13T12,174.0,285.0,135.2,16.54,1.9,1,1,1,1,1
2021-01-13T13,233.0,342.0,141.1,21.07,2.6,1,1,1,1,1
2021-01-13T14,316.0,462.0,137.5,22.56,3.1,1,1,1,1,1
2021-01-13T15,321.0,440.0,127.1,24.58,2.5,1,1,1,1,1
2021-01-13T16,450.667,611.333,139.733,56.513,4.933,1,1,1,1,1
2021-01-13T17,472.0,648.0,136.4,82.26,5.1,1,1,1,1,1
2021-01-13T18,542.0,713.0,120.7,277.4,3.7,1,1,1,1,1
2021-01-13T19,432.0,567.0,102.2,278.35,2.9,1,1,1,1,1
2021-01-13T21,372.0,498.0,85.65,107.465,3.5,1,1,1,1,1
2021-01-13T22,310.0,439.0,73.5,48.627,2.367,1,1,1,1,1
2021-01-13T23,289.0,414.25,90.725,36.407,4.275,1,1,1,1,1
2021-01-14T00,337.0,469.0,102.0,40.45,5.8,1,1,1,1,1
2021-01-14T01,321.0,443.667,98.5,35.04,6.9,1,1,1,1,1
2021-01-14T02,361.0,495.0,100.6,,6.0,1,1,1,0,1
2021-01-14T04,405.0,549.0,132.9,23.755,5.2,1,1,1,1,1
2021-01-14T05,486.0,631.0,117.2,24.62,7.5,1,1,1,1,1
2021-01-14T06,416.667,522.667,98.033,27.08,12.033,1,1,1,1,1
2021-01-14T07,385.667,498.667,86.967,29.16,12.033,1,1,1,1,1
2021-01-14T08,325.0,436.0,76.9,31.26,11.8,1,1,1,1,1
2021-01-14T14,375.0,500.0,142.05,276.24,7.0,1,1,1,1,1
2021-01-14T15,474.0,621.0,155.5,259.9,9.0,1,1,1,1,1
2021-01-14T16,566.0,741.0,157.333,110.597,8.267,1,1,1,1,1
2021-01-14T17,539.0,707.0,131.2,56.92,7.7,1,1,1,1,1
2021-01-14T18,435.0,587.0,130.9,38.005,5.75,2,2,2,2,2
2021-01-14T19,435.0,586.0,141.1,32.56,5.7,1,1,1,1,1
2021-01-14T20,455.0,606.0,151.55,34.055,6.0,1,1,1,1,1
2021-01-14T21,506.0,644.0,144.1,37.22,5.8,1,1,1,1,1
2021-01-14T23,532.5,692.5,130.7,53.2,8.45,1,1,1,1,1
2021-01-15T00,600.0,780.0,133.6,70.57,10.5,1,1,1,1,1
2021-01-15T01,619.0,814.0,,71.72,,1,1,0,1,0
2021-01-15T02,532.0,680.0,126.1,,8.9,1,1,1,0,1
2021-01-15T03,405.0,531.0,175.4,28.75,7.3,1,1,1,1,1
2021-01-15T04,417.0,531.0,145.7,22.19,6.9,1,1,1,1,1
2021-01-15T05,398.0,509.5,108.75,22.795,7.2,1,1,1,1,1
2021-01-15T06,379.0,488.0,68.8,27.05,7.9,1,1,1,1,1
2021-01-15T07,279.0,362.0,51.8,35.015,5.35,1,1,1,1,1
2021-01-15T08,256.5,332.0,49.7,38.07,5.05,1,1,1,1,1
2021-01-15T09,261.0,343.0,49.6,31.07,8.8,1,1,1,1,1
2021-01-15T10,248.0,344.0,51.5,28.93,4.7,1,1,1,1,1
2021-01-15T11,261.0,348.0,54.7,26.6,2.9,1,1,1,1,1
2021-01-15T12,277.25,392.25,133.2,18.538,2.8,1,1,1,1,1
2021-01-15T13,410.0,576.0,149.3,24.42,5.4,1,1,1,1,1
2021-01-15T14,430.5,614.5,179.8,27.505,6.65,1,1,1,1,1
2021-01-15T16,459.0,619.0,175.5,30.81,8.9,1,1,1,1,1
2021-01-15T17,491.0,653.0,171.1,36.165,8.7,1,1,1,1,1
2021-01-15T18,556.0,744.0,159.9,35.89,7.2,1,1,1,1,1
2021-01-15T19,508.0,652.0,116.35,29.085,4.3,1,1,1,1,1
2021-01-15T20,433.0,571.0,95.6,24.01,2.8,1,1,1,1,1
2021-01-15T21,366.0,466.0,75.25,21.335,1.75,1,1,1,1,1
2021-01-15T22,256.0,334.0,47.2,15.88,0.5,1,1,1,1,1
2021-01-16T00,193.333,252.333,56.6,14.25,,1,1,1,1,0
2021-01-16T01,189.0,261.5,67.0,14.22,,1,1,1,1,0
2021-01-16T03,225.5,340.0,71.75,15.0,,1,1,1,1,0
2021-01-16T05,294.0,426.0,104.6,17.05,,1,1,1,1,0
2021-01-16T06,394.0,504.0,253.05,20.815,,1,1,1,1,0
2021-01-16T07,382.0,494.0,155.4,23.425,0.8,1,1,1,1,1
2021-01-16T08,309.0,415.0,93.2,26.01,2.4,1,1,1,1,1
2021-01-16T09,204.0,301.0,81.4,24.15,2.2,1,1,1,1,1
2021-01-16T12,174.0,268.0,95.4,22.01,,1,1,1,1,0
2021-01-16T13,228.0,318.0,108.9,18.35,,1,1,1,1,0
2021-01-16T15,298.0,401.0,83.4,16.62,,1,1,1,1,0
2021-01-16T17,277.0,351.0,59.8,51.04,0.1,1,1,1,1,1
2021-01-16T18,318.75,404.0,56.275,31.93,2.775,2,2,2,2,2
2021-01-16T19,228.0,287.0,43.95,17.415,3.35,1,1,1,1,1
2021-01-16T20,171.0,211.0,43.8,10.78,2.7,1,1,1,1,1
2021-01-16T22,246.0,348.0,42.4,22.74,3.9,1,1,1,1,1
2021-01-17T00,140.0,193.0,40.4,9.92,4.3,1,1,1,1,1
2021-01-17T01,199.333,315.0,50.6,9.667,9.8,1,1,1,1,1
2021-01-17T02,196.0,293.0,45.8,,12.45,1,1,1,0,1
2021-01-17T03,169.0,211.0,51.95,10.465,11.7,1,1,1,1,1
2021-01-17T05,244.0,289.0,53.9,13.52,7.1,1,1,1,1,1
2021-01-17T06,252.0,299.0,48.6,14.35,4.8,1,1,1,1,1
2021-01-17T07,259.0,297.5,48.0,15.485,4.35,1,1,1,1,1
2021-01-17T10,299.0,348.0,40.5,18.13,3.9,1,1,1,1,1
2021-01-17T11,294.5,361.0,36.5,16.345,8.2,1,1,1,1,1
2021-01-17T14,255.0,306.0,30.6,13.13,12.4,1,1,1,1,1
2021-01-17T15,227.0,287.0,27.6,12.1,6.4,1,1,1,1,1
2021-01-17T16,216.0,280.0,28.25,11.16,9.4,1,1,1,1,1
2021-01-17T17,207.0,269.0,26.6,11.355,5.1,1,1,1,1,1
2021-01-17T18,205.0,272.25,24.7,11.165,5.6,2,2,2,2,2
2021-01-17T19,198.0,259.0,18.15,9.37,6.45,1,1,1,1,1
2021-01-17T20,197.0,257.0,17.5,9.78,11.3,1,1,1,1,1
2021-01-17T21,189.0,252.0,18.8,9.545,13.3,1,1,1,1,1
2021-01-17T22,174.0,244.0,17.2,9.0,18.6,1,1,1,1,1
2021-01-17T23,174.0,244.0,19.9,9.31,18.5,1,1,1,1,1
2021-01-18T00,177.0,252.0,24.25,9.905,12.65,1,1,1,1,1
2021-01-18T01,193.0,278.0,,10.56,,1,1,0,1,0
2021-01-18T02,205.667,307.333,36.0,11.39,10.5,1,1,1,1,1
2021-01-18T03,223.0,326.0,38.8,11.49,7.4,1,1,1,1,1
2021-01-18T04,219.0,298.0,49.6,10.56,7.4,1,1,1,1,1
2021-01-18T15,410.0,565.0,156.8,30.6,12.9,1,1,1,1,1
2021-01-18T17,750.0,917.0,187.9,66.44,,1,1,1,1,0
2021-01-18T18,750.0,917.0,185.9,65.97,10.1,1,1,1,1,1
2021-01-19T00,396.0,520.0,120.6,32.4,5.0,1,1,1,1,1
2021-01-19T02,400.0,534.0,121.5,26.64,5.05,1,1,1,1,1
2021-01-19T03,439.5,563.5,134.55,24.285,5.75,1,1,1,1,1
2021-01-19T04,464.0,571.0,153.4,22.83,5.1,1,1,1,1,1
2021-01-19T05,434.0,537.0,170.6,19.29,3.4,1,1,1,1,1
2021-01-19T07,270.0,371.0,106.2,16.39,1.2,1,1,1,1,1
2021-01-19T08,218.0,302.0,85.0,16.58,0.5,1,1,1,1,1
2021-01-19T10,188.0,260.0,73.1,14.11,,1,1,1,1,0
2021-01-19T11,185.0,269.0,72.4,10.7,,1,1,1,1,0
2021-01-19T12,185.0,252.0,67.65,11.935,,1,1,1,1,0
2021-01-19T13,191.0,255.0,67.0,10.64,,1,1,1,1,0
2021-01-19T14,181.0,240.0,61.0,9.78,,1,1,1,1,0
2021-01-19T15,170.0,234.0,57.5,8.6,,1,1,1,1,0
2021-01-19T16,163.0,224.0,56.0,8.79,,1,1,1,1,0
2021-01-19T17,141.0,197.0,53.4,7.27,,1,1,1,1,0
2021-01-21T22,320.0,433.0,115.6,21.09,6.2,1,1,1,1,1
2021-01-22T01,232.0,295.0,,12.62,,1,1,0,1,0
2021-01-23T07,143.0,195.0,54.05,11.74,6.3,1,1,1,1,1
2021-01-23T08,147.5,207.5,54.4,14.05,6.55,1,1,1,1,1
2021-01-23T09,145.5,217.0,52.9,14.795,6.1,1,1,1,1,1
2021-01-23T10,145.667,218.667,50.333,14.457,6.3,1,1,1,1,1
2021-01-23T11,157.0,226.0,54.8,12.86,5.8,1,1,1,1,1
2021-01-23T12,181.0,260.333,61.567,11.78,6.4,1,1,1,1,1
2021-01-23T14,227.0,328.0,78.4,12.555,6.6,1,1,1,1,1
2021-01-23T15,219.0,317.0,75.8,12.31,6.2,1,1,1,1,1
2021-01-24T06,270.0,394.0,63.4,10.62,5.2,1,1,1,1,1
2021-01-24T11,240.0,348.0,63.3,11.62,4.4,1,1,1,1,1
2021-01-24T12,247.0,370.0,61.5,12.88,4.2,1,1,1,1,1
2021-01-24T14,359.0,520.0,77.1,20.78,5.8,1,1,1,1,1
2021-01-24T16,261.0,376.0,67.8,12.68,5.3,1,1,1,1,1
2021-01-24T17,216.0,317.0,63.2,10.27,4.9,1,1,1,1,1
2021-01-24T18,186.0,268.0,60.0,9.39,4.4,1,1,1,1,1
2021-01-24T19,162.0,234.0,56.4,7.04,4.9,1,1,1,1,1
2021-01-24T21,136.0,200.0,44.9,7.57,4.1,1,1,1,1,1
2021-01-24T22,137.0,200.0,41.7,7.96,3.9,1,1,1,1,1
2021-01-25T03,135.0,218.0,47.2,8.35,4.1,1,1,1,1,1
2021-01-25T11,168.0,310.0,70.3,14.58,5.2,1,1,1,1,1
2021-01-25T12,188.0,339.0,75.3,12.72,5.1,1,1,1,1,1
2021-01-25T13,214.0,360.0,87.4,13.68,5.1,1,1,1,1,1
2021-03-01T01,75.0,226.0,104.5,5.74,5.2,1,1,1,1,1
2021-03-01T02,95.0,278.0,113.8,5.15,5.1,1,1,1,1,1
2021-03-01T05,47.0,169.0,22.8,83.52,9.5,1,1,1,1,1
2021-03-01T23,65.0,141.0,83.7,5.96,5.4,1,1,1,1,1
2021-03-02T00,65.5,143.5,85.35,6.22,5.35,1,1,1,1,1
2021-03-02T01,66.0,146.0,,5.21,,1,1,0,1,0
2021-03-02T03,69.0,196.0,94.1,5.29,5.1,1,1,1,1,1
2021-03-02T10,17.0,,26.9,29.34,6.0,1,0,1,1,1
2021-03-02T13,25.0,138.0,78.2,6.82,5.0,1,1,1,1,1
2021-03-02T14,55.0,179.0,89.4,6.39,5.0,1,1,1,1,1
2021-03-02T16,44.0,155.0,101.15,7.27,6.55,1,1,1,1,1
2021-03-02T17,62.0,169.0,102.8,7.37,6.6,1,1,1,1,1
2021-04-03T15,55.0,208.0,127.3,6.35,7.8,1,1,1,1,1
2021-05-08T23,58.0,122.0,15.6,20.78,7.6,1,1,1,1,1
2021-05-17T02,70.0,212.0,112.6,,24.6,1,1,1,0,1
2021-05-17T06,38.0,147.0,,,,1,1,0,0,0
2021-05-17T08,,,27.6,2.18,13.1,0,0,1,1,1
2021-05-17T09,46.0,167.0,34.4,4.68,15.3,1,1,1,1,1
2021-05-25T19,38.0,127.0,69.7,6.51,10.3,1,1,1,1,1
2021-05-31T19,60.0,1433.0,19.2,9.02,1.9,1,1,1,1,1
2021-06-02T17,20.0,110.0,21.9,6.92,7.9,1,1,1,1,1
2021-06-02T20,44.0,125.0,49.7,8.7,12.0,1,1,1,1,1
2021-06-03T08,48.0,143.0,7.7,23.27,13.5,1,1,1,1,1
2021-06-04T17,37.0,108.0,12.1,23.81,13.1,1,1,1,1,1
2021-06-05T09,21.0,128.0,6.1,18.07,16.5,1,1,1,1,1
2021-06-05T17,26.0,83.0,21.2,7.64,7.6,1,1,1,1,1
2021-06-06T07,26.0,251.0,8.1,12.58,9.9,1,1,1,1,1
2021-06-07T01,111.0,312.0,34.3,6.61,31.8,1,1,1,1,1
2021-06-07T06,46.0,200.0,14.3,17.23,12.2,1,1,1,1,1
2021-06-07T07,33.0,167.0,12.75,17.09,12.45,1,1,1,1,1
2021-06-07T12,31.0,158.0,18.05,12.84,8.1,1,1,1,1,1
2021-06-07T13,41.0,209.5,32.65,32.595,25.75,1,1,1,1,1
2021-06-07T20,62.0,221.0,54.5,7.17,15.2,1,1,1,1,1
2021-06-08T07,16.0,316.0,10.3,5.21,4.2,1,1,1,1,1
2021-06-08T09,21.0,418.0,11.1,7.31,1.5,1,1,1,1,1
2021-06-08T12,25.0,633.0,47.7,4.23,1.5,1,1,1,1,1
2021-06-10T15,37.0,99.0,3.6,10.78,16.3,1,1,1,1,1
2021-06-10T16,37.0,99.0,3.3,9.6,18.4,1,1,1,1,1
2021-06-10T17,25.0,69.0,4.7,10.68,8.8,1,1,1,1,1
2021-06-13T05,46.0,97.0,9.4,24.28,12.0,1,1,1,1,1
2021-06-13T07,30.0,121.0,14.3,13.03,6.8,1,1,1,1,1
2021-06-13T12,44.0,123.0,16.5,14.01,11.4,1,1,1,1,1
2021-06-13T13,50.0,138.0,30.4,14.25,8.1,1,1,1,1,1
2021-06-13T22,5.0,22.0,1.6,5.68,5.1,1,1,1,1,1
2021-06-14T09,34.0,108.0,14.8,21.44,10.1,1,1,1,1,1
2021-06-14T23,16.0,42.0,3.2,5.0,5.3,1,1,1,1,1
2021-06-15T00,9.0,30.0,2.4,4.57,4.9,1,1,1,1,1
2021-06-25T18,16.0,94.0,25.7,5.29,6.1,1,1,1,1,1
2021-06-26T18,51.0,197.0,39.2,359.17,261.0,1,1,1,1,1
2021-06-29T20,67.0,252.0,,11.37,,1,1,0,1,0
2021-06-30T22,27.0,204.0,11.0,34.05,7.6,1,1,1,1,1
2021-06-30T23,20.0,219.0,9.1,26.32,3.7,1,1,1,1,1
2021-07-01T00,25.0,249.0,7.2,26.01,6.1,1,1,1,1,1
2021-07-01T16,89.0,338.0,41.4,35.46,18.1,1,1,1,1,1
2021-07-03T04,43.0,146.0,32.0,43.63,7.9,1,1,1,1,1
2021-07-03T11,58.0,300.0,9.2,97.84,8.6,1,1,1,1,1
2021-07-03T20,44.0,117.0,,313.03,,1,1,0,1,0
2021-07-05T03,38.0,139.0,37.1,30.01,8.6,1,1,1,1,1
2021-07-05T18,40.0,152.0,31.7,28.32,5.6,1,1,1,1,1
2021-07-08T08,37.0,282.0,7.6,111.29,6.1,1,1,1,1,1
2021-07-08T20,49.0,129.0,,74.72,,1,1,0,1,0
2021-07-09T14,58.0,152.0,17.65,88.635,29.5,1,1,1,1,1
2021-07-09T16,45.0,119.0,10.9,85.93,9.9,1,1,1,1,1
2021-07-09T18,48.0,95.0,7.7,50.72,8.7,1,1,1,1,1
2021-07-09T19,48.0,95.0,6.6,,10.1,1,1,1,0,1
2021-07-09T20,42.0,84.0,,56.8,,1,1,0,1,0
2021-07-09T22,33.0,55.0,7.0,34.01,13.0,1,1,1,1,1
2021-07-13T03,14.0,30.0,16.8,20.8,6.4,1,1,1,1,1
2021-07-13T05,25.0,41.0,31.8,30.56,7.9,1,1,1,1,1
2021-07-13T10,30.0,47.0,12.9,37.24,8.7,1,1,1,1,1
2021-07-13T12,30.0,61.0,23.9,36.5,7.5,1,1,1,1,1
2021-07-13T15,36.0,99.0,45.4,13.96,10.4,1,1,1,1,1
2021-07-13T23,60.0,92.0,20.8,13.13,12.4,1,1,1,1,1
2021-07-14T00,77.0,125.0,18.5,16.39,11.0,1,1,1,1,1
2021-07-14T01,36.0,70.0,17.3,25.03,8.9,1,1,1,1,1
2021-07-14T03,41.0,67.0,8.3,61.7,9.5,1,1,1,1,1
2021-07-14T04,27.0,58.0,5.5,75.675,8.9,1,1,1,1,1
2021-07-14T05,24.0,51.0,5.6,92.49,10.2,1,1,1,1,1
2021-07-14T07,14.0,74.0,21.1,66.78,7.9,1,1,1,1,1
2021-07-14T08,14.0,74.0,16.6,40.08,8.4,1,1,1,1,1
2021-07-14T10,9.0,45.0,35.1,26.83,8.2,1,1,1,1,1
2021-07-14T14,36.0,83.0,21.0,29.85,16.6,1,1,1,1,1
2021-07-14T16,41.0,46.0,33.5,17.64,32.4,1,1,1,1,1
2021-07-14T22,53.0,75.0,18.3,15.93,21.1,1,1,1,1,1
2021-07-15T14,48.0,92.0,23.4,93.24,13.1,1,1,1,1,1
2021-07-16T22,53.0,96.0,9.7,26.34,8.4,1,1,1,1,1
2021-07-17T21,13.0,30.0,13.9,40.63,5.3,1,1,1,1,1
2021-07-17T22,15.0,30.0,19.8,30.91,6.4,1,1,1,1,1
2021-07-18T07,58.0,,11.0,116.7,5.8,1,0,1,1,1
2021-07-18T09,60.0,128.0,12.2,178.11,5.2,1,1,1,1,1
2021-07-18T23,5.0,11.0,3.6,57.53,7.0,1,1,1,1,1
2021-07-19T10,10.0,17.0,44.9,20.89,7.8,1,1,1,1,1
2021-07-19T15,29.0,63.0,55.5,16.88,12.2,1,1,1,1,1
2021-07-20T01,38.0,66.0,32.7,66.25,11.9,1,1,1,1,1
2021-07-20T08,41.0,74.0,14.45,90.015,12.55,1,1,1,1,1
2021-07-20T11,37.0,,15.8,45.35,9.8,1,0,1,1,1
2021-07-20T13,7.0,,36.8,26.43,11.5,1,0,1,1,1
2021-07-20T17,25.0,39.0,47.1,11.72,8.6,1,1,1,1,1
2021-07-20T19,24.0,45.0,43.6,,8.7,1,1,1,0,1
2021-07-20T21,23.0,47.0,41.15,11.085,22.3,1,1,1,1,1
2021-07-21T20,37.333,74.333,,31.65,,1,1,0,1,0
2021-07-21T21,26.0,51.0,5.2,22.38,18.9,1,1,1,1,1
2021-07-22T03,64.0,97.0,13.2,37.49,94.8,1,1,1,1,1
2021-07-22T04,,80.0,8.2,63.21,28.3,0,1,1,1,1
2021-07-22T05,49.0,73.0,6.5,82.22,16.9,1,1,1,1,1
2021-07-22T08,19.0,41.0,9.0,64.01,12.7,1,1,1,1,1
2021-07-22T09,19.0,41.0,4.9,70.07,10.3,1,1,1,1,1
2021-07-22T13,25.0,63.0,12.5,35.32,42.7,1,1,1,1,1
2021-07-22T17,31.0,69.0,13.7,25.73,133.5,1,1,1,1,1
2021-07-22T18,21.0,67.0,6.9,32.71,186.9,1,1,1,1,1
2021-07-23T11,42.0,64.0,17.8,71.48,7.5,1,1,1,1,1
2021-07-23T12,42.0,64.0,26.5,58.31,4.8,1,1,1,1,1
2021-07-24T13,49.0,107.0,36.5,40.06,8.0,1,1,1,1,1
2021-07-25T04,38.0,45.0,3.15,56.85,14.8,1,1,1,1,1
2021-07-25T05,12.0,51.0,2.9,59.33,12.1,1,1,1,1,1
2021-07-25T08,8.0,34.0,3.7,67.25,13.0,1,1,1,1,1
2021-08-25T16,31.0,152.0,35.05,9.605,5.65,1,1,1,1,1
2021-09-01T14,22.0,35.0,31.3,2.2,6.6,1,1,1,1,1
2021-09-01T15,22.0,35.0,31.4,8.98,7.35,1,1,1,1,1
2021-09-01T16,39.0,61.0,31.3,9.655,11.4,1,1,1,1,1
2021-09-01T17,41.0,73.0,31.0,6.7,13.2,1,1,1,1,1
2021-09-01T18,36.0,58.0,23.2,9.545,10.2,2,2,2,2,1
2021-09-01T19,33.0,63.0,27.1,,9.9,1,1,1,0,1
2021-09-01T20,30.0,47.0,,19.93,,1,1,0,1,0
2021-09-01T21,39.0,72.0,22.75,8.245,13.45,1,1,1,1,1
2021-09-01T22,48.0,80.0,22.3,10.25,16.2,1,1,1,1,1
2021-09-01T23,28.0,63.0,18.65,9.885,11.55,1,1,1,1,1
2021-09-02T00,27.0,57.0,15.0,10.84,9.0,1,1,1,1,1
2021-09-02T01,22.0,40.0,15.45,12.435,7.35,1,1,1,1,1
2021-09-02T02,6.0,12.0,15.25,14.7,6.25,1,1,1,1,1
2021-09-02T03,13.0,12.0,41.05,10.99,6.15,1,1,1,1,1
2021-09-02T04,10.0,17.0,25.4,19.0,7.3,1,1,1,1,1
2021-09-02T05,6.0,16.0,22.1,28.91,6.4,1,1,1,1,1
2021-09-02T06,43.0,27.0,15.3,43.61,9.5,1,1,1,1,1
2021-09-02T09,16.0,39.0,10.0,40.98,11.3,1,1,1,1,1
2021-09-02T10,15.0,40.0,8.3,43.45,8.0,1,1,1,1,1
2021-09-02T11,12.0,31.0,12.55,37.035,12.55,1,1,1,1,1
2021-09-02T12,14.0,38.0,36.8,21.6,11.9,1,1,1,1,1
2021-09-02T13,20.0,72.0,43.2,12.895,11.6,1,1,1,1,1
2021-09-02T14,27.0,85.0,45.4,5.86,10.7,1,1,1,1,1
2021-09-02T15,34.0,117.0,42.05,6.43,13.15,1,1,1,1,1
2021-09-02T16,46.0,143.0,35.0,7.425,8.9,1,1,1,1,1
2021-09-02T17,24.0,69.0,35.4,7.21,4.2,1,1,1,1,1
2021-09-02T21,25.0,64.0,41.9,11.25,6.7,1,1,1,1,1
2021-09-02T22,14.0,31.0,21.95,16.225,5.9,1,1,1,1,1
2021-09-02T23,19.0,46.0,35.6,44.96,6.4,1,1,1,1,1
2021-09-03T00,41.0,64.0,13.6,16.905,6.95,1,1,1,1,1
2021-09-03T01,17.0,41.0,12.7,35.06,6.6,1,1,1,1,1
2021-09-03T02,20.0,30.0,18.6,5.68,8.5,1,1,1,1,1
2021-09-03T03,37.0,59.0,12.4,23.87,9.0,1,1,1,1,1
2021-09-03T05,26.0,59.0,7.45,39.175,9.6,1,1,1,1,1
2021-09-03T06,21.0,36.0,4.2,36.35,7.05,1,1,1,1,1
2021-09-03T07,13.0,20.0,4.0,35.28,6.05,1,1,1,1,1
2021-09-03T08,11.0,23.0,5.2,36.33,6.0,1,1,1,1,1
2021-09-03T10,17.0,41.0,17.85,39.055,5.2,1,1,1,1,1
2021-09-03T11,14.0,48.0,24.6,33.36,5.3,1,1,1,1,1
2021-09-03T12,10.0,51.0,33.6,4.02,7.0,1,1,1,1,1
2021-09-03T13,9.0,61.0,37.2,11.98,6.3,1,1,1,1,1
2021-09-03T14,25.0,86.0,23.6,17.66,8.4,1,1,1,1,1
2021-09-03T15,22.0,52.0,23.2,18.54,8.7,1,1,1,1,1
2021-09-03T16,21.0,55.0,39.65,12.975,10.05,1,1,1,1,1
2021-09-03T17,15.0,55.0,41.1,9.09,8.0,1,1,1,1,1
2021-09-03T21,23.0,53.0,4.9,14.58,16.1,1,1,1,1,1
2021-09-03T22,10.0,27.0,2.7,20.87,10.0,1,1,1,1,1
2021-09-03T23,15.0,25.0,5.5,14.58,8.1,1,1,1,1,1
2021-09-04T00,16.0,41.0,16.1,10.53,7.0,1,1,1,1,1
2021-09-04T01,33.0,72.0,11.4,38.87,9.2,1,1,1,1,1
2021-09-04T02,15.0,36.0,16.3,14.39,33.9,1,1,1,1,1
2021-09-04T05,18.0,39.0,21.3,19.74,13.1,1,1,1,1,1
2021-09-04T06,17.0,34.0,21.3,24.58,7.7,1,1,1,1,1
2021-09-04T07,12.0,33.0,17.45,60.45,7.75,1,1,1,1,1
2021-09-04T08,19.0,47.0,13.75,64.68,7.6,1,1,1,1,1
2021-09-04T09,15.0,50.0,19.0,37.62,6.55,1,1,1,1,1
2021-09-04T10,21.0,59.0,23.8,38.49,5.6,1,1,1,1,1
2021-09-04T12,38.0,91.0,63.8,15.9,7.8,1,1,1,1,1
2021-09-05T05,23.0,39.0,2.3,25.36,6.0,1,1,1,1,1
2021-09-05T06,13.0,30.0,7.7,32.38,5.3,1,1,1,1,1
2021-09-05T07,23.0,41.0,9.8,35.53,5.4,1,1,1,1,1
2021-09-05T08,22.0,44.0,9.35,62.135,4.85,1,1,1,1,1
2021-09-05T10,49.0,85.0,16.7,67.09,7.9,1,1,1,1,1
2021-09-05T11,36.0,89.0,21.0,70.68,5.25,1,1,1,1,1
2021-09-05T12,37.0,91.0,20.1,59.35,5.1,1,1,1,1,1
2021-09-05T13,40.0,110.0,35.8,45.3,4.5,1,1,1,1,1
2021-09-05T14,47.0,118.0,59.15,20.815,4.65,1,1,1,1,1
2021-09-05T15,63.0,132.0,69.5,15.78,6.3,1,1,1,1,1
2021-09-05T16,75.0,143.0,82.7,12.38,6.0,1,1,1,1,1
2021-09-05T17,71.0,157.0,82.6,12.64,6.3,1,1,1,1,1
2021-09-05T23,73.0,116.0,18.3,17.44,0.7,1,1,1,1,1
2021-09-06T00,64.0,105.0,26.9,12.7,2.0,1,1,1,1,1
2021-09-06T01,68.0,110.0,21.2,16.35,0.7,1,1,1,1,1
2021-09-06T03,61.0,106.0,13.6,27.5,1.1,1,1,1,1,1
2021-09-06T04,37.0,81.0,11.6,35.91,1.1,1,1,1,1,1
2021-09-06T05,36.0,81.0,11.1,40.32,1.7,1,1,1,1,1
2021-09-06T06,31.0,70.0,22.6,34.55,1.8,1,1,1,1,1
2021-09-06T07,35.0,69.0,12.2,58.225,1.0,1,1,1,1,1
2021-09-06T08,36.0,58.0,12.45,59.065,1.25,1,1,1,1,1
2021-09-06T09,41.0,75.0,11.8,58.13,0.6,1,1,1,1,1
2021-09-06T10,29.0,61.0,15.3,65.64,0.8,1,1,1,1,1
2021-09-06T11,36.0,66.0,18.9,74.52,1.3,1,1,1,1,1
2021-09-06T13,38.0,86.0,53.0,19.15,1.3,1,1,1,1,1
2021-09-06T14,48.0,114.0,47.3,16.56,1.9,1,1,1,1,1
2021-09-06T16,70.0,145.0,29.2,19.13,2.1,1,1,1,1,1
2021-09-06T17,34.0,69.0,14.4,24.89,2.7,1,1,1,1,1
2021-09-06T21,28.0,33.0,3.2,19.84,2.9,1,1,1,1,1
2021-09-06T23,28.0,35.0,3.2,19.58,3.9,1,1,1,1,1
2021-09-07T00,27.0,41.0,3.8,18.7,4.3,1,1,1,1,1
2021-09-07T01,27.0,44.0,6.3,18.58,3.7,1,1,1,1,1
2021-09-07T04,49.0,86.0,8.05,24.29,3.65,1,1,1,1,1
2021-09-07T05,,91.0,6.7,28.34,3.9,0,1,1,1,1
2021-09-07T06,51.0,92.0,6.5,36.71,3.65,1,1,1,1,1
2021-09-07T07,52.0,85.0,8.6,40.32,3.9,1,1,1,1,1
2021-09-07T08,48.0,78.0,8.3,46.765,3.85,1,1,1,1,1
2021-09-07T09,45.0,75.0,6.0,44.29,3.65,1,1,1,1,1
2021-09-07T10,42.0,68.0,9.3,44.495,3.55,1,1,1,1,1
2021-09-07T11,47.0,85.0,12.65,119.92,4.75,1,1,1,1,1
2021-09-07T12,45.0,91.0,14.3,32.52,4.5,1,1,1,1,1
2021-09-07T13,27.0,51.0,16.0,17.64,4.3,1,1,1,1,1
2021-09-07T15,47.0,68.0,36.7,232.19,3.75,1,1,1,1,1
2021-09-07T16,60.0,105.0,32.7,24.81,4.5,1,1,1,1,1
2021-09-07T23,12.0,28.0,9.1,10.37,2.3,1,1,1,1,1
2021-09-09T00,16.0,39.0,6.1,15.33,4.3,1,1,1,1,1
2021-09-09T08,17.0,45.0,11.3,31.46,3.0,1,1,1,1,1
2021-09-09T18,35.0,75.0,10.2,19.35,1.9,1,1,1,1,1
2021-09-09T19,36.0,69.0,11.8,,2.5,1,1,1,0,1
2021-09-11T06,38.0,59.0,32.3,15.01,19.5,1,1,1,1,1
2021-09-14T22,10.0,28.0,7.3,17.23,281.9,1,1,1,1,1
2021-09-14T23,5.0,17.0,3.6,15.39,19.8,1,1,1,1,1
2021-09-15T11,22.0,64.0,14.4,57.58,15.5,1,1,1,1,1
2021-09-15T12,19.0,75.0,29.3,25.75,18.0,1,1,1,1,1
2021-09-15T13,15.0,92.0,39.15,14.13,14.95,1,1,1,1,1
2021-09-15T14,25.0,105.0,50.6,12.68,15.0,1,1,1,1,1
2021-09-15T15,23.0,85.0,30.6,9.46,11.25,1,1,1,1,1
2021-09-15T16,16.0,52.0,30.6,10.7,9.8,1,1,1,1,1
2021-09-15T18,20.0,84.0,35.6,10.64,,1,1,1,1,0
2021-09-15T19,14.0,70.0,26.15,,11.0,1,1,1,0,1
2021-09-15T20,14.0,105.0,,13.36,,1,1,0,1,0
2021-09-15T21,21.0,100.0,25.5,10.8,7.4,1,1,1,1,1
2021-09-15T22,17.0,58.0,22.4,12.41,10.0,1,1,1,1,1
2021-09-15T23,16.0,66.0,23.5,13.145,9.15,1,1,1,1,1
2021-09-16T00,19.0,106.0,24.1,11.02,12.3,1,1,1,1,1
2021-09-16T01,21.0,122.0,12.25,10.21,11.05,1,1,1,1,1
2021-09-16T02,9.0,38.0,6.05,15.12,7.85,1,1,1,1,1
2021-09-16T03,5.0,11.0,11.55,16.62,7.15,1,1,1,1,1
2021-09-16T04,5.0,17.0,17.85,16.17,7.15,1,1,1,1,1
2021-09-16T09,5.0,11.0,8.8,30.81,12.4,1,1,1,1,1
2021-09-16T10,5.0,23.0,28.8,86.04,11.8,1,1,1,1,1
2021-09-16T11,23.0,48.0,38.5,23.95,11.8,1,1,1,1,1
2021-09-16T12,32.0,61.0,36.7,29.48,34.7,1,1,1,1,1
2021-09-16T13,32.0,59.0,35.65,36.49,130.25,1,1,1,1,1
2021-09-16T14,18.0,53.0,32.7,14.48,79.15,1,1,1,1,1
2021-09-16T15,22.0,51.0,26.05,11.845,257.8,1,1,1,1,1
2021-09-16T16,16.0,40.0,17.9,11.15,76.2,1,1,1,1,1
2021-09-16T17,14.0,35.0,14.7,12.9,48.5,1,1,1,1,1
2021-09-16T18,9.0,28.0,18.4,68.295,31.1,2,2,2,2,1
2021-09-16T19,24.0,48.0,12.9,,11.5,1,1,1,0,1
2021-09-16T20,18.0,38.0,,23.07,,1,1,0,1,0
2021-09-16T21,13.0,35.0,12.7,10.145,9.15,1,1,1,1,1
2021-09-16T22,54.0,80.0,6.35,18.6,11.05,1,1,1,1,1
2021-09-16T23,15.0,29.0,4.1,14.56,10.3,1,1,1,1,1
2021-09-17T00,23.0,31.0,14.15,11.995,7.7,1,1,1,1,1
2021-09-17T01,14.0,34.0,13.1,13.015,12.7,1,1,1,1,1
2021-09-17T02,19.0,46.0,12.0,16.765,59.9,1,1,1,1,1
2021-09-17T04,13.0,47.0,12.9,19.64,152.4,1,1,1,1,1
2021-09-17T05,18.0,47.0,11.9,23.57,55.55,1,1,1,1,1
2021-09-17T06,17.0,55.0,12.1,31.93,23.0,1,1,1,1,1
2021-09-17T07,21.0,63.0,10.7,35.15,23.45,1,1,1,1,1
2021-09-17T08,15.0,52.0,6.15,36.565,11.3,1,1,1,1,1
2021-09-17T09,12.0,47.0,5.2,41.75,11.7,1,1,1,1,1
2021-09-17T10,8.0,40.0,3.7,45.0,9.1,1,1,1,1,1
2021-09-17T11,10.0,51.0,9.6,72.375,11.85,1,1,1,1,1
2021-09-17T12,9.0,59.0,18.6,21.15,6.95,1,1,1,1,1
2021-09-17T13,13.0,57.0,29.25,12.445,7.4,1,1,1,1,1
2021-09-17T14,17.0,89.0,28.1,13.425,6.25,1,1,1,1,1
2021-09-17T15,21.0,68.0,28.15,11.25,15.95,1,1,1,1,1
2021-09-17T16,24.0,73.0,27.3,10.32,13.95,1,1,1,1,1
2021-09-17T17,24.0,79.0,13.9,13.37,32.4,1,1,1,1,1
2021-09-17T19,28.0,59.0,6.5,,244.8,1,1,1,0,1
2021-09-17T21,13.0,23.0,3.25,19.42,75.0,1,1,1,1,1
2021-09-17T22,22.0,33.0,5.3,16.85,34.05,1,1,1,1,1
2021-09-17T23,25.0,42.0,6.9,17.93,56.2,1,1,1,1,1
2021-09-18T00,22.0,47.0,9.3,15.44,27.6,1,1,1,1,1
2021-09-18T01,26.0,48.0,7.5,19.28,36.5,1,1,1,1,1
2021-09-18T02,25.0,44.0,7.9,22.265,98.4,1,1,1,1,1
2021-09-18T03,28.0,55.0,6.2,26.93,111.0,1,1,1,1,1
2021-09-18T04,27.0,57.0,8.6,27.46,127.8,1,1,1,1,1
2021-09-18T05,26.0,55.0,6.0,35.69,85.3,1,1,1,1,1
2021-09-18T06,27.0,51.0,6.0,36.51,105.6,1,1,1,1,1
2021-09-18T07,22.0,46.0,5.7,37.12,82.8,1,1,1,1,1
2021-09-18T08,21.0,50.0,4.75,38.73,126.0,1,1,1,1,1
2021-09-18T09,21.0,45.0,5.4,40.6,54.6,1,1,1,1,1
2021-09-18T10,17.0,55.0,6.6,40.815,108.1,1,1,1,1,1
2021-09-18T11,25.0,46.0,9.2,38.47,88.9,1,1,1,1,1
2021-09-18T12,21.0,64.0,21.25,25.44,139.55,1,1,1,1,1
2021-09-18T13,26.0,85.0,33.5,15.305,193.8,1,1,1,1,1
2021-09-18T14,35.0,110.0,37.7,11.78,61.1,1,1,1,1,1
2021-09-18T15,41.0,121.0,38.7,10.33,44.1,1,1,1,1,1
2021-09-18T16,54.0,133.0,20.4,15.13,16.2,1,1,1,1,1
2021-09-18T17,31.0,79.0,13.2,14.37,11.2,1,1,1,1,1
2021-09-18T18,28.0,62.0,9.1,16.66,11.2,1,1,1,1,1
2021-09-18T19,22.0,42.0,13.4,,149.5,1,1,1,0,1
2021-09-18T20,21.0,41.0,,21.46,,1,1,0,1,0
2021-09-18T21,23.0,46.0,7.5,17.365,95.85,1,1,1,1,1
2021-09-18T22,21.0,47.0,3.0,18.745,53.65,1,1,1,1,1
2021-09-18T23,25.0,47.0,6.8,14.72,46.3,1,1,1,1,1
2021-09-19T00,30.0,62.0,8.5,14.22,41.35,1,1,1,1,1
2021-09-19T01,29.0,55.0,6.35,17.09,32.3,1,1,1,1,1
2021-09-19T02,30.0,55.0,3.75,20.395,25.45,1,1,1,1,1
2021-09-19T03,24.0,50.0,3.3,29.34,19.2,1,1,1,1,1
2021-09-19T04,27.0,56.0,2.4,35.155,33.0,1,1,1,1,1
2021-09-19T05,16.0,47.0,4.3,41.79,21.5,1,1,1,1,1
2021-09-19T06,,,3.1,46.88,26.7,0,0,1,1,1
2021-09-19T07,18.0,56.0,2.75,46.19,23.25,1,1,1,1,1
2021-09-19T08,15.0,50.0,3.9,45.14,43.1,1,1,1,1,1
2021-09-19T09,17.0,57.0,4.25,43.365,28.35,1,1,1,1,1
2021-09-19T10,14.0,58.0,5.45,41.915,19.85,1,1,1,1,1
2021-09-19T11,14.0,44.0,2.4,44.71,11.0,1,1,1,1,1
2021-09-19T12,9.0,33.0,14.25,30.27,10.25,1,1,1,1,1
2021-09-19T13,7.0,42.0,16.9,28.77,9.7,1,1,1,1,1
2021-09-19T14,14.0,46.0,19.05,28.195,12.95,1,1,1,1,1
2021-09-19T15,16.0,51.0,23.2,19.65,13.4,1,1,1,1,1
2021-09-19T16,21.0,55.0,18.85,20.805,9.8,1,1,1,1,1
2021-09-19T17,16.0,44.0,12.4,24.19,9.7,1,1,1,1,1
2021-09-19T18,18.0,38.0,10.65,24.545,6.7,1,2,2,2,1
2021-09-19T19,20.0,,5.6,,5.7,1,0,1,0,1
2021-09-19T20,15.0,29.0,,22.52,,1,1,0,1,0
2021-09-19T21,14.0,30.0,6.2,16.39,10.3,1,1,1,1,1
2021-09-19T22,21.0,33.0,6.35,16.965,15.65,1,1,1,1,1
2021-09-19T23,19.0,41.0,9.3,14.17,11.1,1,1,1,1,1
2021-09-20T00,30.0,64.0,19.7,9.49,15.5,1,1,1,1,1
2021-09-20T01,51.0,124.0,12.7,14.8,54.2,1,1,1,1,1
2021-09-20T02,36.0,75.0,7.65,19.825,30.4,1,1,1,1,1
2021-09-20T03,31.0,72.0,5.8,27.77,18.75,1,1,1,1,1
2021-09-20T04,19.0,52.0,5.6,35.22,35.3,1,1,1,1,1
2021-09-20T05,19.0,61.0,7.5,49.855,49.8,1,1,1,1,1
2021-09-20T08,9.0,38.0,5.4,44.1,17.8,1,1,1,1,1
2021-09-20T10,15.0,39.0,25.9,33.95,8.1,1,1,1,1,1
2021-09-20T12,18.0,39.0,20.9,29.67,5.8,1,1,1,1,1
2021-09-20T13,10.0,50.0,20.35,26.46,5.25,1,1,1,1,1
2021-09-20T15,10.0,44.0,20.7,22.27,5.3,1,1,1,1,1
2021-09-20T16,18.0,58.0,27.65,11.025,6.9,1,1,1,1,1
2021-09-20T18,29.0,84.0,26.8,11.47,,1,1,1,1,0
2021-09-20T20,26.0,64.0,,15.14,,1,1,0,1,0
2021-09-20T22,16.0,48.0,10.1,13.945,9.65,1,1,1,1,1
2021-09-20T23,17.0,42.0,14.75,9.575,8.7,1,1,1,1,1
2021-09-21T00,27.0,52.0,14.55,10.29,8.0,1,1,1,1,1
2021-09-21T01,25.0,63.0,16.8,12.17,9.5,1,1,1,1,1
2021-09-21T02,30.0,67.0,15.1,12.99,9.9,1,1,1,1,1
2021-09-21T03,22.0,58.0,8.6,21.89,10.5,1,1,1,1,1
2021-09-21T04,18.0,41.0,7.05,33.27,9.55,1,1,1,1,1
2021-09-21T05,21.0,45.0,3.05,37.955,8.75,1,1,1,1,1
2021-09-21T06,19.0,48.0,4.1,37.0,8.6,1,1,1,1,1
2021-09-21T09,16.0,45.0,7.7,40.17,7.0,1,1,1,1,1
2021-09-21T10,17.0,83.0,17.8,33.4,30.0,1,1,1,1,1
2021-09-21T11,12.0,46.0,14.2,34.2,6.4,1,1,1,1,1
2021-09-21T13,11.0,34.0,21.3,26.79,5.9,1,1,1,1,1
2021-09-21T14,11.0,31.0,35.3,13.385,5.85,1,1,1,1,1
2021-09-21T15,17.0,58.0,29.3,14.055,5.95,1,1,1,1,1
2021-09-21T16,18.0,55.0,23.6,16.97,8.3,1,1,1,1,1
2021-09-21T17,17.0,44.0,15.35,22.755,7.5,1,1,1,1,1
2021-09-21T18,15.0,39.0,12.8,21.385,7.4,2,2,2,2,1
2021-09-21T19,15.0,39.0,8.9,,7.8,1,1,1,0,1
2021-09-21T20,19.0,30.0,,22.52,,1,1,0,1,0
2021-09-21T22,32.0,59.0,12.5,16.44,166.1,1,1,1,1,1
2021-09-21T23,33.0,75.0,10.4,16.88,55.8,1,1,1,1,1
2021-09-22T00,26.0,51.0,6.5,18.76,25.3,1,1,1,1,1
2021-09-22T01,26.0,55.0,7.9,18.42,34.1,1,1,1,1,1
2021-09-22T02,26.0,56.0,10.2,18.35,59.9,1,1,1,1,1
2021-09-22T03,28.0,61.0,12.5,26.13,26.3,1,1,1,1,1
2021-09-22T04,5.0,44.0,10.6,33.2,80.4,1,1,1,1,1
2021-09-22T05,4.0,33.0,11.1,36.69,62.2,1,1,1,1,1
2021-09-22T06,2.0,29.0,7.8,39.83,13.0,1,1,1,1,1
2021-09-22T07,2.0,20.0,12.4,48.18,14.7,1,1,1,1,1
2021-09-22T08,7.0,30.0,10.8,52.35,13.0,1,1,1,1,1
2021-09-22T09,10.0,30.0,9.1,53.41,11.1,1,1,1,1,1
2021-09-22T11,11.0,36.0,21.5,24.87,12.8,1,1,1,1,1
2021-09-22T12,19.0,69.0,33.2,16.6,64.1,1,1,1,1,1
2021-09-22T13,27.0,80.0,31.3,17.13,145.7,1,1,1,1,1
2021-09-22T14,34.0,78.0,20.7,19.11,161.1,1,1,1,1,1
2021-09-22T15,21.0,50.0,17.05,20.925,74.4,1,1,1,1,1
2021-09-22T16,28.0,55.0,11.2,23.03,32.4,1,1,1,1,1
2021-09-22T17,24.0,56.0,9.6,21.195,36.0,1,1,1,1,1
2021-09-22T19,21.0,53.0,3.5,,63.1,1,1,1,0,1
2021-09-22T20,12.0,28.0,,29.07,,1,1,0,1,0
2021-09-22T21,10.0,17.0,1.25,26.875,30.1,1,1,1,1,1
2021-09-22T22,7.0,13.0,6.6,20.89,62.8,1,1,1,1,1
2021-09-23T00,12.0,25.0,3.9,18.935,12.65,1,1,1,1,1
2021-09-23T01,25.0,40.0,4.7,19.17,9.9,1,1,1,1,1
2021-09-23T02,22.0,56.0,10.7,19.05,25.8,1,1,1,1,1
2021-09-23T03,26.0,69.0,11.7,21.03,19.4,1,1,1,1,1
2021-09-23T04,22.0,58.0,9.3,27.34,12.2,1,1,1,1,1
2021-09-23T05,20.0,46.0,4.9,35.75,9.6,1,1,1,1,1
2021-09-23T06,16.0,39.0,7.1,36.83,9.1,1,1,1,1,1
2021-09-23T07,17.0,44.0,5.2,41.98,8.6,1,1,1,1,1
2021-09-23T08,20.0,47.0,6.5,46.22,8.6,1,1,1,1,1
2021-09-23T10,14.0,46.0,8.3,41.3,5.0,1,1,1,1,1
2021-09-23T11,15.0,44.0,11.7,38.045,56.1,1,1,1,1,1
2021-09-23T12,17.0,52.0,18.9,37.545,30.95,1,1,1,1,1
2021-09-23T13,20.0,61.0,34.9,21.52,12.5,1,1,1,1,1
2021-09-23T14,27.0,88.0,14.85,25.245,6.85,1,1,1,1,1
2021-09-23T15,20.0,50.0,12.85,21.155,5.85,1,1,1,1,1
2021-09-23T16,17.0,19.0,5.05,27.015,6.0,1,1,1,1,1
2021-09-23T17,6.0,13.0,11.9,20.7,5.1,1,1,1,1,1
2021-09-23T18,6.0,11.0,17.8,17.52,8.6,2,2,2,2,1
2021-09-23T19,7.0,14.0,12.4,,8.4,1,1,1,0,1
2021-09-23T20,16.0,35.0,,10.21,,1,1,0,1,0
2021-09-23T21,13.0,29.0,18.65,9.33,8.15,1,1,1,1,1
2021-09-23T22,7.0,17.0,10.7,11.675,6.1,1,1,1,1,1
2021-09-24T00,19.0,55.0,20.1,9.8,11.5,1,1,1,1,1
2021-09-24T01,24.0,47.0,14.95,11.1,13.55,1,1,1,1,1
2021-09-24T02,19.0,51.0,22.6,13.39,77.6,1,1,1,1,1
2021-09-24T03,33.0,78.0,17.6,16.09,58.8,1,1,1,1,1
2021-09-24T04,25.0,67.0,7.65,30.54,43.7,1,1,1,1,1
2021-09-24T05,21.0,50.0,11.1,37.77,48.0,1,1,1,1,1
2021-09-24T06,17.0,42.0,11.6,36.17,42.25,1,1,1,1,1
2021-09-24T07,23.0,48.0,17.3,31.58,43.0,1,1,1,1,1
2021-09-24T08,29.0,50.0,,46.94,,1,1,0,1,0
2021-09-24T09,25.0,55.0,,36.63,226.7,1,1,0,1,1
2021-09-24T10,9.0,23.0,33.05,23.355,30.25,1,1,1,1,1
2021-09-24T11,23.0,57.0,42.2,19.82,18.9,1,1,1,1,1
2021-09-24T13,32.0,110.0,60.2,9.565,9.7,1,1,1,1,1
2021-09-24T14,48.0,101.0,40.6,10.37,52.1,1,1,1,1,1
2021-09-24T16,14.0,35.0,31.25,11.85,45.45,1,1,1,1,1
2021-09-24T17,18.0,36.0,25.9,15.64,43.55,1,1,1,1,1
2021-09-24T18,18.0,47.0,29.05,11.59,29.8,2,2,2,2,1
2021-09-24T19,35.0,74.0,35.2,,31.7,1,1,1,0,1
2021-09-24T20,26.0,55.0,,12.22,,1,1,0,1,0
2021-09-24T21,35.0,64.0,27.25,8.545,25.95,1,1,1,1,1
2021-09-24T22,37.0,67.0,28.7,10.4,20.9,1,1,1,1,1
2021-09-24T23,45.0,83.0,27.9,341.35,19.1,1,1,1,1,1
2021-09-25T00,34.0,75.0,27.7,47.31,20.2,1,1,1,1,1
2021-09-25T01,31.0,59.0,26.25,12.15,17.9,1,1,1,1,1
2021-09-25T02,31.0,67.0,30.3,14.2,59.3,1,1,1,1,1
2021-09-25T03,41.0,74.0,26.65,25.905,28.9,1,1,1,1,1
2021-09-25T04,47.0,80.0,25.2,38.405,36.8,1,1,1,1,1
2021-09-25T05,50.0,80.0,21.9,74.15,52.5,1,1,1,1,1
2021-09-25T06,52.0,99.0,9.2,69.755,18.55,1,1,1,1,1
2021-09-25T07,38.0,75.0,28.9,70.32,15.1,1,1,1,1,1
2021-09-25T08,43.0,74.0,17.0,133.1,23.4,1,1,1,1,1
2021-09-25T09,,,22.5,16.78,,0,0,1,1,0
2021-09-25T10,30.0,68.0,14.9,75.665,16.45,1,1,1,1,1
2021-09-25T11,30.0,70.0,28.7,46.105,64.55,1,1,1,1,1
2021-09-25T12,33.0,89.0,51.4,21.24,98.15,1,1,1,1,1
2021-09-25T13,44.0,118.0,44.85,13.785,39.85,1,1,1,1,1
2021-09-25T14,38.0,102.0,47.15,9.21,61.7,1,1,1,1,1
2021-09-25T15,35.0,94.0,13.0,24.97,189.7,1,1,1,1,1
2021-09-25T16,7.0,35.0,8.9,27.96,38.2,1,1,1,1,1
2021-09-25T17,7.0,35.0,11.2,24.56,27.25,1,1,1,1,1
2021-09-25T18,20.0,55.0,7.8,28.18,174.9,1,1,1,1,1
2021-09-25T19,12.0,28.0,4.4,,78.5,1,1,1,0,1
2021-09-25T20,10.0,28.0,,23.835,,1,1,0,1,0
2021-09-25T21,16.0,29.0,7.4,20.09,238.8,1,1,1,1,1
2021-09-25T22,18.0,29.0,6.15,18.25,64.7,1,1,1,1,1
2021-09-25T23,31.0,48.0,9.8,16.05,47.9,1,1,1,1,1
2021-09-26T00,31.0,47.0,14.6,13.78,61.6,1,1,1,1,1
2021-09-26T01,35.0,56.0,10.8,18.545,60.2,1,1,1,1,1
2021-09-26T02,22.0,33.0,5.3,23.125,31.65,1,1,1,1,1
2021-09-26T03,25.0,47.0,7.7,27.68,122.6,1,1,1,1,1
2021-09-26T04,28.0,61.0,7.2,35.99,31.9,1,1,1,1,1
2021-09-26T05,36.0,79.0,6.6,40.38,82.1,1,1,1,1,1
2021-09-26T06,33.0,68.0,7.5,49.49,58.25,1,1,1,1,1
2021-09-26T07,23.0,51.0,13.25,45.735,76.2,1,1,1,1,1
2021-09-26T08,21.0,,10.6,56.59,62.8,1,0,1,1,1
2021-09-26T09,22.0,47.0,13.8,49.22,59.4,1,1,1,1,1
2021-09-26T10,27.0,52.0,34.6,31.48,235.5,1,1,1,1,1
2021-09-26T11,26.0,51.0,28.3,35.83,148.0,1,1,1,1,1
2021-09-26T12,27.0,66.0,17.6,36.16,136.7,1,1,1,1,1
2021-09-26T13,32.0,74.0,24.0,26.98,23.6,1,1,1,1,1
2021-09-26T14,32.0,90.0,30.55,23.01,42.9,1,1,1,1,1
2021-09-26T15,40.0,91.0,30.9,18.7,31.3,1,1,1,1,1
2021-09-26T16,50.0,122.0,33.15,14.425,15.55,1,1,1,1,1
2021-09-26T17,49.0,105.0,23.4,21.48,13.7,1,1,1,1,1
2021-09-26T18,47.0,78.0,17.4,22.15,37.1,1,1,1,1,1
2021-09-26T19,46.0,88.0,15.05,,78.1,1,1,1,0,1
2021-09-26T20,42.0,95.0,,19.74,,1,1,0,1,0
2021-09-26T21,42.0,90.0,11.1,18.475,37.2,1,1,1,1,1
2021-09-26T22,47.0,99.0,8.0,16.21,22.2,1,1,1,1,1
2021-09-26T23,28.0,58.0,7.4,17.49,12.6,1,1,1,1,1
2021-09-27T00,31.0,61.0,12.867,14.037,11.333,1,1,1,1,1
2021-09-27T03,31.0,80.0,15.8,23.99,18.7,1,1,1,1,1
2021-09-27T04,48.0,111.0,20.15,41.39,17.2,1,1,1,1,1
2021-09-27T05,40.0,81.0,16.9,70.91,18.4,1,1,1,1,1
2021-09-27T06,45.0,106.0,16.3,152.535,18.8,1,1,1,1,1
2021-09-27T07,51.0,124.0,18.0,133.81,32.6,1,1,1,1,1
2021-09-27T08,67.0,138.0,21.1,95.82,44.5,1,1,1,1,1
2021-09-27T09,54.0,106.0,10.6,85.23,17.85,1,1,1,1,1
2021-09-27T11,33.0,74.0,12.9,84.71,12.8,1,1,1,1,1
2021-09-27T12,46.0,123.5,38.45,123.625,13.7,1,1,1,1,1
2021-09-27T13,50.0,153.0,74.7,69.38,16.7,1,1,1,1,1
2021-09-27T14,70.0,208.0,61.3,17.76,11.1,1,1,1,1,1
2021-09-27T16,73.5,163.0,49.1,11.8,13.6,1,1,1,1,1
2021-09-27T17,75.0,164.0,34.2,,77.2,1,1,1,0,1
2021-09-27T18,58.0,121.0,25.2,21.03,24.7,1,1,1,1,1
2021-09-27T19,58.0,,27.5,,18.1,1,0,1,0,1
2021-09-27T20,58.0,138.0,,13.485,,1,1,0,1,0
2021-09-28T03,43.0,105.0,21.9,17.95,29.1,1,1,1,1,1
2021-09-28T04,50.0,125.0,15.25,24.135,24.65,1,1,1,1,1
2021-09-28T05,18.0,61.0,9.9,34.79,14.7,1,1,1,1,1
2021-09-28T06,22.0,52.0,7.7,44.61,46.0,1,1,1,1,1
2021-09-28T07,16.0,53.0,7.0,39.77,37.9,1,1,1,1,1
2021-09-28T08,14.0,51.0,7.2,36.26,98.55,1,1,1,1,1
2021-09-28T09,14.0,46.0,8.2,36.99,104.7,1,1,1,1,1
2021-09-28T10,10.0,41.0,19.2,34.24,63.1,1,1,1,1,1
2021-09-28T11,15.0,51.0,7.7,41.08,49.8,1,1,1,1,1
2021-09-28T12,12.0,56.0,20.2,30.05,93.1,1,1,1,1,1
2021-09-28T13,21.0,83.0,31.8,14.82,228.2,1,1,1,1,1
2021-09-28T15,22.0,79.0,26.5,13.62,316.8,1,1,1,1,1
2021-09-28T16,23.0,80.0,20.1,15.43,194.6,1,1,1,1,1
2021-09-28T17,23.0,64.0,16.05,14.435,103.0,1,1,1,1,1
2021-09-28T18,20.0,53.0,14.5,12.415,160.3,2,2,2,2,1
2021-09-28T19,24.0,59.0,9.75,,92.3,1,1,1,0,1
2021-09-28T20,22.0,41.0,,13.33,,1,1,0,1,0
2021-09-28T23,29.0,55.0,9.5,11.03,80.9,1,1,1,1,1
2021-09-29T00,21.0,47.0,12.9,9.185,176.55,1,1,1,1,1
2021-09-29T01,26.0,60.0,11.3,12.32,100.25,1,1,1,1,1
2021-09-29T02,29.0,68.0,7.6,12.27,37.1,1,1,1,1,1
2021-09-29T03,22.0,55.0,8.7,22.6,35.1,1,1,1,1,1
2021-09-29T04,19.5,56.0,9.95,33.05,15.6,1,1,1,1,1
2021-09-29T05,19.5,53.0,6.45,39.395,12.45,1,1,1,1,1
2021-09-29T07,16.0,47.0,6.95,43.54,46.8,1,1,1,1,1
2021-09-29T08,17.0,48.0,11.25,41.06,131.1,1,1,1,1,1
2021-09-29T09,19.0,50.0,10.5,40.74,119.25,1,1,1,1,1
2021-09-29T10,13.0,48.0,11.8,41.47,108.3,1,1,1,1,1
2021-09-29T11,15.0,48.0,22.2,28.34,253.6,1,1,1,1,1
2021-09-29T12,15.0,56.0,44.0,16.825,102.2,1,1,1,1,1
2021-09-29T13,27.0,83.0,50.45,10.94,248.1,1,1,1,1,1
2021-09-29T14,27.0,97.0,46.15,11.405,207.45,1,1,1,1,1
2021-09-29T15,33.0,97.333,28.633,18.32,34.233,1,1,1,1,1
2021-09-29T16,27.0,78.0,23.5,17.48,19.9,1,1,1,1,1
2021-09-29T17,42.0,102.0,18.7,13.19,16.9,1,1,1,1,1
2021-09-29T18,42.0,102.0,21.8,7.66,18.3,1,1,1,1,1
2021-09-29T19,45.0,113.0,13.75,,13.05,1,1,1,0,1
2021-09-29T20,25.0,53.0,,13.945,,1,1,0,1,0
2021-09-29T21,18.0,41.667,8.567,11.977,9.067,1,1,1,1,1
2021-09-29T22,20.0,45.0,7.5,13.01,8.6,1,1,1,1,1
2021-09-29T23,29.0,46.0,11.15,11.77,16.15,1,1,1,1,1
2021-09-30T00,36.333,74.333,15.3,9.29,31.0,1,1,1,1,1
2021-09-30T01,45.0,89.0,17.8,12.01,15.4,1,1,1,1,1
2021-09-30T02,44.0,99.0,13.65,13.84,14.7,1,1,1,1,1
2021-09-30T03,27.0,69.0,9.4,25.19,10.1,1,1,1,1,1
2021-09-30T04,19.0,53.0,11.4,24.15,9.0,1,1,1,1,1
2021-09-30T05,18.0,46.0,7.7,35.525,10.8,1,1,1,1,1
2021-09-30T06,20.0,48.0,6.6,44.96,9.5,1,1,1,1,1
2021-09-30T07,20.0,45.0,7.1,54.82,10.2,1,1,1,1,1
2021-09-30T08,18.0,51.0,10.0,55.02,34.0,1,1,1,1,1
2021-09-30T09,18.0,57.0,10.0,61.78,17.4,1,1,1,1,1
2021-09-30T10,22.0,53.0,14.9,54.535,16.5,1,1,1,1,1
2021-09-30T11,22.0,67.0,38.233,23.35,6.067,1,1,1,1,1
2021-09-30T12,37.5,99.5,51.3,12.775,3.0,1,1,1,1,1
2021-10-14T04,97.0,248.0,35.6,73.09,18.7,1,1,1,1,1
2021-10-14T05,108.0,261.0,28.25,77.795,21.8,1,1,1,1,1
2021-10-14T06,81.0,246.0,16.5,81.79,17.8,1,1,1,1,1
2021-10-14T07,53.0,215.0,14.5,72.365,14.95,1,1,1,1,1
2021-10-14T08,39.0,185.0,35.5,64.535,13.3,1,1,1,1,1
2021-10-14T09,39.0,164.0,16.2,73.56,11.7,1,1,1,1,1
2021-10-14T10,46.0,161.0,19.25,73.195,11.45,1,1,1,1,1
2021-10-14T11,39.0,155.0,31.5,65.47,10.45,1,1,1,1,1
2021-10-14T12,48.0,167.0,102.9,9.9,9.9,1,1,1,1,1
2021-10-14T13,62.0,219.0,113.1,6.605,9.3,1,1,1,1,1
2021-10-14T14,75.0,261.0,121.85,5.665,10.0,1,1,1,1,1
2021-10-14T15,77.0,268.0,115.3,6.215,10.25,1,1,1,1,1
2021-10-14T16,86.0,287.0,115.5,5.595,11.5,1,1,1,1,1
2021-10-14T17,84.0,249.0,103.25,5.585,12.45,1,1,1,1,1
2021-10-14T18,88.0,238.0,102.4,5.53,9.4,1,1,1,1,1
2021-10-14T19,80.0,230.0,101.65,,7.9,1,1,1,0,1
2021-10-14T20,76.0,199.0,,5.935,,1,1,0,1,0
2021-10-14T21,71.0,179.0,83.5,5.52,6.95,1,1,1,1,1
2021-10-14T22,75.0,177.0,81.1,5.635,6.0,1,1,1,1,1
2021-10-14T23,81.0,184.0,79.4,5.33,6.6,1,1,1,1,1
2021-10-15T00,95.0,205.0,72.05,5.84,7.0,1,1,1,1,1
2021-10-15T01,110.0,222.0,69.7,5.86,8.95,1,1,1,1,1
2021-10-15T02,107.0,235.0,77.8,7.615,10.95,1,1,1,1,1
2021-10-15T03,112.0,255.0,79.0,27.81,14.9,1,1,1,1,1
2021-10-15T04,105.0,262.0,62.25,61.79,17.75,1,1,1,1,1
2021-10-15T05,241.0,742.0,48.1,163.295,16.8,1,1,1,1,1
2021-10-15T06,113.0,298.0,39.4,213.82,16.15,1,1,1,1,1
2021-10-15T07,107.0,284.0,31.8,235.3,15.1,1,1,1,1,1
2021-10-15T08,92.0,250.0,30.95,236.69,13.5,1,1,1,1,1
2021-10-15T09,87.0,229.0,28.25,224.52,12.35,1,1,1,1,1
2021-10-15T10,74.0,216.0,31.6,175.97,10.4,1,1,1,1,1
2021-10-15T11,70.0,204.0,44.5,146.9,9.2,1,1,1,1,1
2021-10-15T12,68.0,219.0,105.65,46.53,8.35,1,1,1,1,1
2021-10-15T13,99.0,266.0,146.2,6.47,9.1,1,1,1,1,1
2021-10-16T04,276.0,499.0,121.3,135.71,23.4,1,1,1,1,1
2021-10-16T05,281.0,501.0,81.45,221.875,30.4,1,1,1,1,1
2021-10-16T06,238.0,453.0,38.45,254.31,47.85,1,1,1,1,1
2021-10-16T07,193.0,343.0,55.7,283.025,48.6,1,1,1,1,1
2021-10-16T08,204.0,385.0,42.2,270.59,29.15,1,1,1,1,1
2021-10-16T09,211.0,382.0,40.9,209.545,25.95,1,1,1,1,1
2021-10-16T10,170.0,328.0,52.4,156.925,21.45,1,1,1,1,1
2021-10-16T11,156.0,307.0,132.3,70.56,23.9,1,1,1,1,1
2021-10-16T12,160.0,390.0,134.1,30.38,22.3,1,1,1,1,1
2021-10-16T13,,433.0,147.1,16.01,19.9,0,1,1,1,1
2021-10-16T14,239.0,505.0,155.9,9.67,20.4,1,1,1,1,1
2021-10-16T15,285.0,608.0,148.7,8.265,12.45,1,1,1,1,1
2021-10-16T16,283.0,555.0,148.65,7.185,11.55,1,1,1,1,1
2021-10-16T17,375.0,622.0,130.2,7.1,,1,1,1,1,0
2021-10-16T18,404.0,589.0,132.05,8.945,23.8,2,2,2,2,1
2021-10-16T19,359.0,542.0,105.45,,27.9,1,1,1,0,1
2021-10-16T20,334.0,497.0,,29.49,,1,1,0,1,0
2021-10-16T21,350.0,510.0,88.55,100.81,66.15,1,1,1,1,1
2021-10-16T22,238.0,382.0,82.1,56.095,128.7,1,1,1,1,1
2021-10-16T23,213.0,323.0,65.7,15.82,96.6,1,1,1,1,1
2021-10-17T00,146.0,243.0,40.7,17.035,23.7,1,1,1,1,1
2021-10-17T01,135.0,202.0,27.3,33.215,15.9,1,1,1,1,1
2021-10-17T02,71.0,86.0,32.6,41.495,10.0,1,1,1,1,1
2021-10-17T03,76.0,99.0,31.5,31.125,7.55,1,1,1,1,1
2021-10-17T04,102.0,166.0,25.15,40.21,5.85,1,1,1,1,1
2021-10-17T05,90.0,152.0,26.95,68.97,4.5,1,1,1,1,1
2021-10-17T06,81.0,146.0,19.85,60.365,3.75,1,1,1,1,1
2021-10-17T07,51.0,129.0,28.4,15.74,8.7,1,1,1,1,1
2021-10-18T04,4.0,9.0,22.3,27.77,4.9,1,1,1,1,1
2021-10-18T05,3.0,14.0,22.65,33.105,5.5,1,1,1,1,1
2021-10-18T06,2.0,13.0,16.05,47.12,10.05,1,1,1,1,1
2021-10-18T07,12.0,27.0,15.0,50.245,10.0,1,1,1,1,1
2021-10-18T08,17.0,30.0,15.25,40.59,8.05,1,1,1,1,1
2021-10-18T09,6.0,40.0,17.05,31.615,8.05,1,1,1,1,1
2021-10-18T10,12.0,40.0,14.9,27.135,6.9,1,1,1,1,1
2021-10-18T11,17.0,38.0,16.05,23.86,6.9,1,1,1,1,1
2021-10-18T12,10.0,41.0,35.25,12.32,7.25,1,1,1,1,1
2021-10-19T04,39.0,69.0,20.1,42.885,5.45,1,1,1,1,1
2021-10-19T05,38.0,79.0,16.25,67.7,7.35,1,1,1,1,1
2021-10-19T06,48.0,100.0,14.2,76.62,6.15,1,1,1,1,1
2021-10-19T07,39.0,97.0,10.8,78.575,4.6,1,1,1,1,1
2021-10-19T08,27.0,81.0,11.6,79.525,4.65,1,1,1,1,1
2021-10-19T09,32.0,79.0,10.5,84.6,4.35,1,1,1,1,1
2021-10-19T10,48.0,95.0,17.45,85.69,3.15,1,1,1,1,1
2021-10-19T11,73.0,133.0,34.2,68.525,2.45,1,1,1,1,1
2021-10-19T12,79.0,162.0,63.2,38.695,4.15,1,1,1,1,1
2021-10-19T13,100.0,190.0,72.95,23.785,6.7,1,1,1,1,1
2021-10-19T14,115.0,230.0,90.2,9.04,8.2,1,1,1,1,1
2021-10-19T15,129.0,263.0,98.4,7.37,9.0,1,1,1,1,1
2021-10-19T16,132.0,256.0,102.6,5.575,8.45,1,1,1,1,1
2021-10-19T17,131.0,271.0,102.4,6.41,8.65,1,1,1,1,1
2021-10-19T18,132.0,265.0,98.9,6.28,10.9,2,2,2,2,1
2021-10-19T19,148.0,271.0,87.55,,11.35,1,1,1,0,1
2021-10-19T20,155.0,283.0,,5.28,,1,1,0,1,0
2021-10-19T21,152.0,248.0,86.8,2.33,11.1,1,1,1,1,1
2021-10-19T22,151.0,222.0,76.7,5.78,9.75,1,1,1,1,1
2021-10-19T23,128.0,208.0,66.3,4.205,8.2,1,1,1,1,1
2021-10-20T00,124.0,202.0,64.9,3.87,8.3,1,1,1,1,1
2021-10-20T01,109.0,197.0,62.1,6.3,9.7,1,1,1,1,1
2021-10-20T02,114.0,213.0,61.65,14.835,11.4,1,1,1,1,1
2021-10-20T03,111.0,213.0,47.9,35.65,11.0,1,1,1,1,1
2021-10-20T04,111.0,216.0,51.1,60.39,12.5,1,1,1,1,1
2021-10-20T05,127.0,246.0,44.3,110.915,14.1,1,1,1,1,1
2021-10-20T06,114.0,249.0,29.4,128.36,13.35,1,1,1,1,1
2021-10-20T07,88.0,210.0,20.8,122.44,12.45,1,1,1,1,1
2021-10-20T08,69.0,178.0,20.95,120.59,12.25,1,1,1,1,1
2021-10-20T09,72.0,179.0,23.05,120.09,12.35,1,1,1,1,1
2021-10-20T10,66.0,184.0,41.1,80.015,12.05,1,1,1,1,1
2021-10-20T11,64.0,179.0,90.1,38.24,12.3,1,1,1,1,1
2021-10-20T12,80.0,222.0,122.8,7.46,12.25,1,1,1,1,1
2021-10-20T13,104.0,305.0,109.8,6.04,11.8,1,1,1,1,1
2021-10-20T14,108.0,316.0,118.6,5.185,12.6,1,1,1,1,1
2021-10-20T15,109.0,326.0,123.65,6.235,14.65,1,1,1,1,1
2021-10-20T16,118.0,321.0,115.4,6.26,15.55,1,1,1,1,1
2021-10-20T17,117.0,340.0,113.7,7.19,18.6,1,1,1,1,1
2021-10-20T18,145.0,381.0,105.75,6.3,15.2,2,2,2,2,1
2021-10-20T19,152.0,426.0,87.45,,12.05,1,1,1,0,1
2021-10-20T20,137.0,368.0,,4.94,,1,1,0,1,0
2021-10-20T21,93.0,246.0,66.433,3.353,5.433,1,1,1,1,1
2021-10-20T22,69.0,202.0,64.3,3.16,4.4,1,1,1,1,1
2021-10-20T23,55.0,185.0,63.95,3.6,4.0,1,1,1,1,1
2021-10-21T00,51.0,169.0,60.75,3.615,3.5,1,1,1,1,1
2021-10-21T01,56.0,202.0,60.85,4.73,5.5,1,1,1,1,1
2021-10-21T02,58.0,217.0,62.0,9.475,6.45,1,1,1,1,1
2021-10-21T03,48.0,223.0,52.2,27.5,4.2,1,1,1,1,1
2021-10-21T04,45.0,227.0,45.8,43.85,2.2,1,1,1,1,1
2021-10-21T05,46.0,216.0,46.95,69.17,3.1,1,1,1,1,1
2021-10-21T06,45.0,261.0,34.05,92.25,2.4,1,1,1,1,1
2021-10-21T07,38.0,257.0,32.55,98.94,1.75,1,1,1,1,1
2021-10-21T08,35.0,233.0,20.8,103.675,2.1,1,1,1,1,1
2021-10-21T09,34.0,218.0,28.4,103.51,1.9,1,1,1,1,1
2021-10-21T10,32.0,206.0,36.2,78.03,2.2,1,1,1,1,1
2021-10-21T11,29.0,182.0,121.0,23.17,3.4,1,1,1,1,1
2021-10-21T12,41.0,230.0,127.3,6.31,4.2,1,1,1,1,1
2021-10-21T13,55.0,289.0,132.45,5.375,,1,1,1,1,0
2021-10-21T14,80.0,398.0,133.35,6.165,11.5,1,1,1,1,1
2021-10-21T15,93.0,438.0,115.5,5.63,10.3,1,1,1,1,1
2021-10-21T16,94.0,405.0,108.6,5.25,11.55,1,1,1,1,1
2021-10-21T17,88.0,383.0,101.2,4.725,10.9,1,1,1,1,1
2021-10-21T18,86.0,366.0,91.55,4.725,11.1,2,2,2,2,1
2021-10-21T19,84.0,331.0,84.75,,9.1,1,1,1,0,1
2021-10-21T20,70.0,277.0,,3.975,,1,1,0,1,0
2021-10-21T21,70.0,278.0,74.3,3.535,8.8,1,1,1,1,1
2021-10-21T22,59.0,215.0,55.3,3.645,4.85,1,1,1,1,1
2021-10-21T23,42.0,143.0,49.65,3.595,2.45,1,1,1,1,1
2021-10-22T00,43.0,145.0,46.55,3.89,2.35,1,1,1,1,1
2021-10-22T01,49.0,174.0,46.35,7.37,3.45,1,1,1,1,1
2021-10-22T02,42.0,156.0,35.0,21.08,4.7,1,1,1,1,1
2021-10-22T03,31.0,149.0,34.6,32.03,6.9,1,1,1,1,1
2021-10-22T04,25.0,164.0,27.6,45.69,5.0,1,1,1,1,1
2021-10-22T05,27.0,167.0,30.8,61.545,4.75,1,1,1,1,1
2021-10-22T06,,,19.55,80.36,6.4,0,0,1,1,1
2021-10-22T07,17.0,116.0,16.25,88.275,4.7,1,1,1,1,1
2021-10-22T08,20.0,107.0,15.25,101.155,5.55,1,1,1,1,1
2021-10-22T09,22.0,113.0,19.9,98.09,7.05,1,1,1,1,1
2021-10-22T10,22.0,103.0,32.45,74.08,5.35,1,1,1,1,1
2021-10-22T11,21.0,116.0,76.0,25.825,5.7,1,1,1,1,1
2021-10-22T12,27.0,143.0,107.6,4.095,6.95,1,1,1,1,1
2021-10-22T13,42.0,182.0,113.6,5.23,11.05,1,1,1,1,1
2021-10-22T14,80.0,301.0,111.35,5.44,16.6,1,1,1,1,1
2021-10-22T15,103.0,367.0,113.05,6.25,12.75,1,1,1,1,1
2021-10-22T16,114.0,366.0,110.0,6.565,25.4,1,1,1,1,1
2021-10-22T17,131.0,382.0,89.7,7.49,25.1,1,1,1,1,1
2021-10-22T18,137.0,351.0,94.7,5.685,13.5,2,2,2,2,1
2021-10-22T19,115.0,268.0,74.95,,13.45,1,1,1,0,1
2021-10-22T20,114.0,250.0,,5.08,,1,1,0,1,0
2021-10-22T21,110.0,234.0,64.35,4.695,10.95,1,1,1,1,1
2021-10-22T22,112.0,235.0,60.1,4.195,10.0,1,1,1,1,1
2021-10-22T23,119.0,245.0,58.0,4.57,7.75,1,1,1,1,1
2021-10-23T00,120.0,238.0,47.65,4.615,7.2,1,1,1,1,1
2021-10-23T01,108.0,197.0,49.8,4.95,8.05,1,1,1,1,1
2021-10-23T02,100.0,199.0,58.4,14.53,12.6,1,1,1,1,1
2021-10-23T03,93.0,216.0,62.5,36.14,15.9,1,1,1,1,1
2021-10-23T04,85.0,216.0,44.7,52.045,14.15,1,1,1,1,1
2021-10-23T05,36.0,133.0,21.3,63.575,10.55,1,1,1,1,1
2021-10-23T06,16.0,88.0,19.75,84.345,9.35,1,1,1,1,1
2021-10-23T07,19.0,95.0,18.75,103.75,11.8,1,1,1,1,1
2021-10-23T08,20.0,99.0,12.75,110.385,11.3,1,1,1,1,1
2021-10-23T09,25.0,106.0,13.2,107.685,12.1,1,1,1,1,1
2021-10-23T10,26.0,103.0,14.7,87.165,7.65,1,1,1,1,1
2021-10-23T11,27.0,96.0,28.25,68.745,7.1,1,1,1,1,1
2021-10-23T12,34.0,118.0,63.65,40.08,7.0,1,1,1,1,1
2021-10-23T13,43.0,143.0,60.45,29.97,9.9,1,1,1,1,1
2021-10-23T14,67.0,218.0,69.75,20.335,12.1,1,1,1,1,1
2021-10-23T15,77.0,237.0,78.9,14.43,17.0,1,1,1,1,1
2021-10-23T16,78.0,228.0,58.95,21.26,9.75,1,1,1,1,1
2021-10-23T17,78.0,162.0,42.85,31.47,9.5,1,1,1,1,1
2021-10-23T18,77.0,141.0,54.9,17.2,10.0,2,2,2,2,1
2021-10-23T19,77.0,145.0,33.85,,7.75,1,1,1,0,1
2021-10-23T20,73.0,136.0,,25.735,,1,1,0,1,0
2021-10-23T21,74.0,130.0,27.0,36.65,5.8,1,1,1,1,1
2021-10-23T22,71.0,119.0,18.35,39.565,5.35,1,1,1,1,1
2021-10-23T23,83.0,130.0,25.2,22.005,6.8,1,1,1,1,1
2021-10-24T00,89.0,151.0,32.55,17.1,7.35,1,1,1,1,1
2021-10-24T01,89.0,152.0,40.1,17.175,10.6,1,1,1,1,1
2021-10-24T02,95.0,164.0,39.5,33.14,13.3,1,1,1,1,1
2021-10-24T03,109.0,199.0,43.1,48.48,13.45,1,1,1,1,1
2021-10-24T04,90.0,184.0,28.65,78.86,12.1,1,1,1,1,1
2021-10-24T05,90.0,174.0,12.95,103.245,10.3,1,1,1,1,1
2021-10-24T06,69.0,152.0,10.2,106.495,9.45,1,1,1,1,1
2021-10-24T07,66.0,145.0,9.1,106.84,8.95,1,1,1,1,1
2021-10-24T08,69.0,140.0,9.7,108.12,8.65,1,1,1,1,1
2021-10-24T09,56.0,127.0,17.8,93.96,9.05,1,1,1,1,1
2021-10-24T10,52.0,122.0,25.2,65.99,7.4,1,1,1,1,1
2021-10-24T11,39.0,73.0,27.1,70.735,4.95,1,1,1,1,1
2021-10-24T12,34.0,80.0,55.4,41.145,21.45,1,1,1,1,1
2021-10-24T13,57.0,157.0,30.2,39.53,3.1,1,1,1,1,1
2021-10-25T03,88.0,140.0,28.9,54.29,17.5,1,1,1,1,1
2021-10-25T04,65.0,125.0,29.05,54.91,14.65,1,1,1,1,1
2021-10-25T05,47.0,86.0,38.1,65.97,14.0,1,1,1,1,1
2021-10-25T06,59.0,117.0,37.35,112.31,14.0,1,1,1,1,1
2021-10-25T07,48.0,105.0,22.3,121.07,14.9,1,1,1,1,1
2021-10-25T08,35.0,85.0,17.05,118.845,16.45,1,1,1,1,1
2021-10-25T09,28.0,92.0,16.8,118.95,15.5,1,1,1,1,1
2021-10-25T10,34.0,108.0,25.15,104.215,23.3,1,1,1,1,1
2021-10-25T11,30.0,108.0,37.2,63.97,13.6,1,1,1,1,1
2021-10-25T12,36.0,117.0,79.9,19.54,11.7,1,1,1,1,1
2021-10-25T13,52.0,164.0,109.2,5.225,13.1,1,1,1,1,1
2021-10-25T14,73.0,205.0,101.05,5.125,12.35,1,1,1,1,1
2021-10-25T15,85.0,235.0,101.3,5.57,12.8,1,1,1,1,1
2021-10-25T16,86.0,256.0,103.7,5.55,13.1,1,1,1,1,1
2021-10-25T17,98.0,256.0,87.8,5.12,12.8,1,1,1,1,1
2021-10-25T18,106.0,243.0,81.1,5.125,8.0,1,2,2,2,1
2021-10-25T19,92.333,199.667,71.1,5.94,5.8,1,1,1,1,1
2021-10-25T20,81.0,167.0,,5.41,,1,1,0,1,0
2021-10-25T21,79.0,167.0,60.25,4.87,4.65,1,1,1,1,1
2021-10-25T22,74.0,145.0,57.85,6.205,6.05,1,1,1,1,1
2021-10-25T23,76.0,143.0,52.35,4.765,8.6,1,1,1,1,1
2021-10-26T00,86.0,147.0,52.25,4.645,7.65,1,1,1,1,1
2021-10-26T01,97.0,156.0,49.45,6.585,10.2,1,1,1,1,1
2021-10-26T02,88.0,160.0,49.25,11.42,10.85,1,1,1,1,1
2021-10-26T03,82.0,152.0,55.9,16.91,9.5,1,1,1,1,1
2021-10-26T05,52.0,133.0,27.5,91.59,8.7,1,1,1,1,1
2021-10-26T06,37.0,122.0,21.5,97.0,7.6,1,1,1,1,1
2021-10-26T07,34.0,130.0,18.9,116.42,7.4,1,1,1,1,1
2021-10-26T08,36.0,141.0,18.0,117.17,8.55,1,1,1,1,1
2021-10-26T09,37.0,140.0,15.85,103.85,6.55,1,1,1,1,1
2021-10-26T10,33.0,134.0,31.9,86.63,4.9,1,1,1,1,1
2021-10-26T12,42.0,183.0,109.4,13.07,4.3,1,1,1,1,1
2021-10-26T13,61.0,241.0,112.85,5.78,4.8,1,1,1,1,1
2021-10-26T14,69.0,277.0,113.3,6.555,7.3,1,1,1,1,1
2021-10-26T15,89.0,304.0,122.7,6.84,9.4,1,1,1,1,1
2021-10-26T16,103.0,304.0,116.6,5.97,9.95,1,1,1,1,1
2021-10-26T17,113.0,283.0,103.0,5.645,12.2,1,1,1,1,1
2021-10-26T18,109.0,273.0,94.85,6.525,10.5,2,2,2,2,1
2021-10-26T19,116.0,304.0,104.7,,9.85,1,1,1,0,1
2021-10-26T20,123.0,331.0,,7.97,,1,1,0,1,0
2021-10-26T21,139.0,307.0,81.35,6.33,10.35,1,1,1,1,1
2021-10-26T22,136.0,299.0,77.4,5.585,14.35,1,1,1,1,1
2021-10-26T23,160.0,298.0,66.8,5.615,14.15,1,1,1,1,1
2021-10-27T00,166.0,296.0,59.9,4.88,12.4,1,1,1,1,1
2021-10-27T01,157.0,304.0,64.55,5.565,11.4,1,1,1,1,1
2021-10-27T02,152.0,306.0,70.7,7.66,10.7,1,1,1,1,1
2021-10-27T03,140.0,261.0,82.3,16.13,9.65,1,1,1,1,1
2021-10-27T04,141.0,296.0,76.95,55.94,12.25,1,1,1,1,1
2021-10-27T05,103.0,252.0,40.95,106.805,12.55,1,1,1,1,1
2021-10-27T06,99.0,232.0,30.1,126.685,19.4,1,1,1,1,1
2021-10-27T07,122.0,268.0,24.95,130.28,15.6,1,1,1,1,1
2021-10-27T08,85.0,227.0,39.45,105.93,10.0,1,1,1,1,1
2021-10-27T09,62.0,199.0,14.9,113.21,9.8,1,1,1,1,1
2021-10-27T10,45.0,186.0,33.75,95.08,9.7,1,1,1,1,1
2021-10-27T11,56.0,195.0,84.6,50.08,9.7,1,1,1,1,1
2021-10-27T12,73.0,238.0,122.9,21.355,10.7,1,1,1,1,1
2021-10-27T13,93.0,282.0,142.45,6.095,10.1,1,1,1,1,1
2021-10-27T14,104.0,329.0,142.75,6.24,16.3,1,1,1,1,1
2021-10-27T15,118.0,328.0,127.65,5.64,17.2,1,1,1,1,1
2021-10-27T16,143.0,365.0,120.7,6.035,14.0,1,1,1,1,1
2021-10-27T17,153.0,374.0,114.55,6.645,11.55,1,1,1,1,1
2021-10-27T18,154.0,345.0,105.1,5.975,10.9,2,2,2,2,1
2021-10-27T19,158.0,335.0,89.8,,9.65,1,1,1,0,1
2021-10-27T20,162.0,315.0,,5.82,,1,1,0,1,0
2021-10-27T21,161.0,291.0,76.3,6.215,7.95,1,1,1,1,1
2021-10-27T22,177.0,296.0,71.35,6.73,6.5,1,1,1,1,1
2021-10-27T23,200.0,316.0,66.4,7.76,7.6,1,1,1,1,1
2021-10-28T00,185.0,304.0,64.05,5.705,8.2,1,1,1,1,1
2021-10-28T01,168.0,306.0,60.55,5.995,8.65,1,1,1,1,1
2021-10-28T02,172.0,302.0,67.85,10.2,9.3,1,1,1,1,1
2021-10-28T03,170.0,298.0,77.95,24.095,8.75,1,1,1,1,1
2021-10-28T04,174.0,331.0,80.1,62.665,9.3,1,1,1,1,1
2021-10-28T05,153.0,312.0,59.85,119.445,10.7,1,1,1,1,1
2021-10-28T06,122.0,257.0,28.5,140.26,8.2,1,1,1,1,1
2021-10-28T07,83.0,196.0,28.3,144.69,9.3,1,1,1,1,1
2021-10-28T08,90.0,207.0,24.55,142.09,8.95,1,1,1,1,1
2021-10-28T09,63.0,169.0,22.1,126.41,7.95,1,1,1,1,1
2021-10-28T10,57.0,164.0,24.25,115.73,7.55,1,1,1,1,1
2021-10-28T11,57.0,175.0,97.2,33.4,6.0,1,1,1,1,1
2021-10-28T12,76.0,223.0,151.5,7.59,7.1,1,1,1,1,1
2021-10-28T13,99.0,284.0,153.5,7.125,8.1,1,1,1,1,1
2021-10-28T14,110.0,327.0,149.65,9.685,9.35,1,1,1,1,1
2021-10-28T15,129.0,360.0,155.65,7.84,12.5,1,1,1,1,1
2021-10-28T16,158.0,450.0,144.7,8.095,14.7,1,1,1,1,1
2021-10-28T17,164.0,537.0,128.05,6.45,15.1,1,1,1,1,1
2021-10-28T18,145.0,376.0,125.7,6.9,10.5,1,1,1,1,1
2021-10-28T19,148.0,346.0,112.35,,6.1,1,1,1,0,1
2021-10-28T20,141.0,304.0,,6.605,,1,1,0,1,0
2021-10-28T21,161.0,321.0,91.0,8.175,4.1,1,1,1,1,1
2021-10-28T22,174.0,339.0,79.55,5.925,1.3,1,1,1,1,1
2021-10-28T23,180.0,306.0,67.95,6.585,0.3,1,1,1,1,1
2021-10-29T00,184.0,306.0,64.85,5.42,,1,1,1,1,0
2021-10-29T01,178.0,301.0,62.45,5.52,,1,1,1,1,0
2021-10-29T02,177.0,315.0,77.15,7.81,,1,1,1,1,0
2021-10-29T03,200.0,342.0,115.85,14.13,,1,1,1,1,0
2021-10-29T04,224.0,405.0,146.45,61.495,,1,1,1,1,0
2021-10-29T05,241.0,433.0,118.0,144.71,,1,1,1,1,0
2021-10-29T06,207.0,382.0,31.25,139.04,,1,1,1,1,0
2021-10-29T07,67.0,134.0,15.35,122.275,,1,1,1,1,0
2021-10-29T08,51.0,94.0,15.7,142.22,,1,1,1,1,0
2021-10-29T09,53.0,106.0,20.25,134.455,,1,1,1,1,0
2021-10-29T10,58.0,122.0,30.0,115.455,,1,1,1,1,0
2021-10-29T11,54.0,136.0,73.0,75.035,,1,1,1,1,0
2021-10-29T12,86.0,211.0,153.75,6.235,,1,1,1,1,0
2021-10-29T13,114.0,280.0,159.0,9.23,,1,1,1,1,0
2021-10-29T14,143.0,368.0,167.55,10.015,,1,1,1,1,0
2021-10-29T15,142.0,392.0,152.55,9.28,,1,1,1,1,0
2021-10-29T16,132.0,378.0,157.2,7.79,,1,1,1,1,0
2021-10-29T17,154.0,436.0,139.9,7.78,,1,1,1,1,0
2021-10-29T18,153.0,362.0,129.2,6.27,,1,1,1,1,0
2021-10-29T19,167.0,348.0,125.05,,,1,1,1,0,0
2021-10-29T20,173.0,346.0,,7.205,,1,1,0,1,0
2021-10-29T22,176.0,313.0,85.85,5.47,,1,1,1,1,0
2021-10-29T23,166.0,272.0,81.7,5.01,,1,1,1,1,0
2021-10-30T00,162.0,272.0,71.9,4.265,,1,1,1,1,0
2021-10-30T01,159.0,262.0,65.15,5.205,,1,1,1,1,0
2021-10-30T02,174.0,302.0,71.3,10.105,,1,1,1,1,0
2021-10-30T03,178.0,309.0,81.7,23.58,,1,1,1,1,0
2021-10-30T04,186.0,328.0,63.0,76.355,,1,1,1,1,0
2021-10-30T05,112.0,259.0,36.3,111.8,,1,1,1,1,0
2021-10-30T06,80.0,208.0,28.6,122.34,8.0,1,1,1,1,1
2021-10-30T07,49.0,171.0,21.7,118.22,0.8,1,1,1,1,1
2021-10-30T08,39.0,135.0,18.7,111.75,,1,1,1,1,0
2021-10-30T09,33.0,114.0,19.7,101.35,,1,1,1,1,0
2021-10-30T10,32.0,119.0,34.5,87.175,,1,1,1,1,0
2021-10-30T11,48.0,150.0,88.4,31.97,,1,1,1,1,0
2021-10-30T12,56.0,204.0,133.0,8.27,,1,1,1,1,0
2021-10-30T13,76.0,282.0,147.15,5.53,1.2,1,1,1,1,1
2021-10-30T14,95.0,326.0,135.5,5.86,3.25,1,1,1,1,1
2021-10-30T15,129.0,364.0,124.4,4.98,5.6,1,1,1,1,1
2021-10-30T16,147.0,393.0,124.5,6.67,6.15,1,1,1,1,1
2021-10-30T17,161.0,406.0,126.45,6.86,5.0,1,1,1,1,1
2021-10-30T18,166.0,394.0,100.15,6.555,13.9,2,2,2,2,1
2021-10-30T19,215.0,396.0,95.1,,13.25,1,1,1,0,1
2021-10-30T20,237.0,409.0,,5.93,,1,1,0,1,0
2021-10-30T21,224.0,390.0,89.2,5.145,12.35,1,1,1,1,1
2021-10-30T22,205.0,374.0,89.3,6.36,13.75,1,1,1,1,1
2021-10-30T23,214.0,373.0,93.4,5.13,14.7,1,1,1,1,1
2021-10-31T00,215.0,387.0,87.1,5.28,11.5,1,1,1,1,1
2021-10-31T01,192.0,365.0,82.35,7.195,11.0,1,1,1,1,1
2021-10-31T02,170.0,340.0,76.55,15.395,12.4,1,1,1,1,1
2021-10-31T03,148.0,328.0,61.85,37.835,13.05,1,1,1,1,1
2021-10-31T04,139.0,307.0,53.3,62.51,13.7,1,1,1,1,1
2021-10-31T05,128.0,307.0,46.7,99.6,14.2,1,1,1,1,1
2021-10-31T06,119.0,318.0,36.85,134.555,15.7,1,1,1,1,1
2021-10-31T07,96.0,291.0,29.15,151.32,17.7,1,1,1,1,1
2021-10-31T08,93.0,259.0,25.9,154.09,19.65,1,1,1,1,1
2021-10-31T09,82.0,215.0,29.0,135.26,15.7,1,1,1,1,1
2021-10-31T10,71.0,193.0,40.25,108.365,16.5,1,1,1,1,1
2021-10-31T11,71.0,201.0,82.55,61.045,12.2,1,1,1,1,1
2021-10-31T12,75.0,227.0,139.4,8.435,12.65,1,1,1,1,1
2021-10-31T13,91.0,273.0,145.3,6.645,13.45,1,1,1,1,1
2021-10-31T14,101.0,339.0,152.5,6.82,15.0,1,1,1,1,1
2021-10-31T15,121.0,381.0,167.1,5.955,16.05,1,1,1,1,1
2021-10-31T16,141.0,450.0,140.55,7.035,14.2,1,1,1,1,1
2021-10-31T17,151.0,422.0,139.2,7.53,14.1,1,1,1,1,1
2021-10-31T18,151.0,379.0,123.8,7.615,8.5,2,2,2,2,1
2021-10-31T19,146.0,320.0,105.1,,11.3,1,1,1,0,1
2021-10-31T20,197.0,405.0,,8.875,,1,1,0,1,0
2021-10-31T21,173.0,365.0,85.95,6.85,13.1,1,1,1,1,1
2021-10-31T22,179.0,342.0,92.45,5.205,15.1,1,1,1,1,1
2021-10-31T23,152.0,291.0,82.35,5.41,13.1,1,1,1,1,1
2021-11-01T00,,293.0,82.45,4.97,14.2,0,1,1,1,1
2021-11-01T01,,304.0,77.75,6.47,14.55,0,1,1,1,1
2021-11-01T02,,333.0,90.2,7.045,14.1,0,1,1,1,1
2021-11-01T03,,328.0,102.0,17.115,17.75,0,1,1,1,1
2021-11-01T04,,305.0,49.7,84.95,13.8,0,1,1,1,1
2021-11-01T05,,,40.5,90.9,10.1,0,0,1,1,1
2021-11-01T06,129.0,257.0,36.0,132.4,11.2,1,1,1,1,1
2021-11-01T07,134.0,261.0,24.6,143.23,10.25,1,1,1,1,1
2021-11-01T08,96.0,195.0,17.8,139.59,5.95,1,1,1,1,1
2021-11-01T09,79.0,168.0,18.5,145.06,21.7,1,1,1,1,1
2021-11-01T10,68.0,163.0,53.65,119.41,5.15,1,1,1,1,1
2021-11-01T11,99.0,212.0,104.1,62.475,24.5,1,1,1,1,1
2021-11-01T12,129.0,315.0,143.3,20.305,13.2,1,1,1,1,1
2021-11-01T13,130.0,334.0,144.8,5.145,13.4,1,1,1,1,1
2021-11-01T14,152.0,400.0,138.9,5.415,40.8,1,1,1,1,1
2021-11-01T15,217.0,517.0,136.95,5.41,38.85,1,1,1,1,1
2021-11-01T16,223.0,466.0,115.9,7.71,30.5,1,1,1,1,1
2021-11-01T17,223.0,427.0,97.0,18.005,24.5,1,1,1,1,1
2021-11-01T18,183.0,360.0,52.0,48.96,27.2,1,1,1,1,1
2021-11-01T19,171.0,323.0,67.1,,21.1,1,1,1,0,1
2021-11-01T20,180.0,316.0,,29.97,,1,1,0,1,0
2021-11-01T21,132.0,224.0,40.25,37.27,9.2,1,1,1,1,1
2021-11-01T22,135.0,230.0,57.9,14.62,8.8,1,1,1,1,1
2021-11-01T23,140.0,226.0,53.05,26.775,8.6,1,1,1,1,1
2021-11-02T00,138.0,233.0,50.9,27.19,23.6,1,1,1,1,1
2021-11-02T01,148.0,266.0,64.1,15.23,19.85,1,1,1,1,1
2021-11-02T02,171.0,324.0,48.85,39.925,15.35,1,1,1,1,1
2021-11-02T03,176.0,344.0,58.8,52.5,16.7,1,1,1,1,1
2021-11-02T04,136.0,280.0,28.95,92.295,14.95,1,1,1,1,1
2021-11-02T05,119.0,219.0,22.5,110.535,13.35,1,1,1,1,1
2021-11-02T06,116.0,223.0,22.35,121.785,13.05,1,1,1,1,1
2021-11-02T07,99.667,199.0,21.267,132.47,12.233,1,1,1,1,1
2021-11-02T08,91.0,173.0,25.6,129.24,10.2,1,1,1,1,1
2021-11-02T09,85.0,167.0,29.3,127.405,10.8,1,1,1,1,1
2021-11-02T10,77.0,168.0,43.0,108.925,30.75,1,1,1,1,1
2021-11-02T11,83.0,189.0,81.65,66.58,12.55,1,1,1,1,1
2021-11-02T12,95.0,241.0,158.85,6.5,27.4,1,1,1,1,1
2021-11-02T13,121.0,326.0,138.25,5.595,16.45,1,1,1,1,1
2021-11-02T14,148.0,381.0,123.3,5.26,27.5,1,1,1,1,1
2021-11-02T15,209.0,506.0,127.1,5.735,35.95,1,1,1,1,1
2021-11-02T16,214.0,471.0,123.8,5.605,19.85,1,1,1,1,1
2021-11-02T17,206.0,395.0,96.7,5.64,29.9,1,1,1,1,1
2021-11-02T18,180.0,313.0,101.65,6.575,13.2,2,2,2,2,1
2021-11-02T19,197.0,323.0,90.6,,13.25,1,1,1,0,1
2021-11-02T20,187.0,298.0,,6.79,,1,1,0,1,0
2021-11-02T21,172.0,265.0,76.35,16.705,9.25,1,1,1,1,1
2021-11-02T22,155.0,226.0,53.15,26.53,9.55,1,1,1,1,1
2021-11-02T23,174.0,245.0,47.05,31.135,14.45,1,1,1,1,1
2021-11-03T00,169.0,261.0,69.4,9.04,18.5,1,1,1,1,1
2021-11-03T01,189.0,299.0,70.45,10.4,19.7,1,1,1,1,1
2021-11-03T02,205.0,351.0,56.7,40.505,50.2,1,1,1,1,1
2021-11-03T03,176.0,324.0,61.95,55.155,27.75,1,1,1,1,1
2021-11-03T04,154.0,304.0,59.15,80.225,20.8,1,1,1,1,1
2021-11-03T05,159.0,304.0,43.15,120.295,20.6,1,1,1,1,1
2021-11-03T06,155.0,298.0,35.8,138.585,18.9,1,1,1,1,1
2021-11-03T07,135.0,266.0,26.4,144.45,13.9,1,1,1,1,1
2021-11-03T09,116.0,210.0,28.8,139.57,18.4,1,1,1,1,1
2021-11-03T10,107.0,197.0,30.9,132.29,12.7,1,1,1,1,1
2021-11-03T12,117.0,274.0,145.65,19.79,33.8,1,1,1,1,1
2021-11-03T13,144.0,333.0,161.15,5.33,,1,1,1,1,0
2021-11-03T14,160.0,353.0,135.05,10.12,,1,1,1,1,0
2021-11-03T15,178.0,342.0,157.3,6.065,,1,1,1,1,0
2021-11-03T16,233.0,376.0,161.9,6.83,,1,1,1,1,0
2021-11-03T17,230.0,477.0,143.8,6.715,,1,1,1,1,0
2021-11-03T18,259.0,486.0,145.45,6.695,,2,2,2,2,0
2021-11-03T19,271.0,520.0,132.65,,,1,1,1,0,0
2021-11-03T20,259.0,425.0,,6.275,,1,1,0,1,0
2021-11-03T21,242.0,426.0,113.7,8.37,,1,1,1,1,0
2021-11-03T22,301.0,515.0,97.8,6.3,,1,1,1,1,0
2021-11-03T23,272.0,431.0,97.05,7.25,,1,1,1,1,0
2021-11-04T00,279.0,449.0,102.5,7.68,,1,1,1,1,0
2021-11-04T01,287.0,469.0,98.55,7.045,,1,1,1,1,0
2021-11-04T02,297.0,472.0,114.3,6.86,,1,1,1,1,0
2021-11-04T03,307.0,488.0,97.85,10.595,,1,1,1,1,0
2021-11-04T04,372.0,521.0,93.1,30.205,11.55,1,1,1,1,1
2021-11-04T05,421.0,592.0,72.5,73.01,10.85,1,1,1,1,1
2021-11-04T06,430.0,613.0,70.35,126.675,13.05,1,1,1,1,1
2021-11-04T07,385.0,577.0,53.9,182.67,17.35,1,1,1,1,1
2021-11-04T08,306.0,494.0,47.4,185.46,20.3,1,1,1,1,1
2021-11-04T09,225.0,403.0,32.35,160.565,18.45,1,1,1,1,1
2021-11-04T10,230.0,422.0,52.1,110.19,13.2,1,1,1,1,1
2021-11-04T11,311.0,512.0,83.05,60.395,14.15,1,1,1,1,1
2021-11-04T12,352.0,541.0,142.2,12.1,13.9,1,1,1,1,1
2021-11-04T13,407.0,605.0,151.4,6.925,18.2,1,1,1,1,1
2021-11-04T14,461.0,683.0,150.55,8.105,48.9,1,1,1,1,1
2021-11-04T15,715.0,937.0,154.15,9.025,129.75,1,1,1,1,1
2021-11-04T16,1090.0,1403.0,151.25,8.625,79.95,1,1,1,1,1
2021-11-04T17,848.0,1072.0,150.35,8.085,61.85,1,1,1,1,1
2021-11-04T18,1070.0,1277.0,147.7,8.635,55.4,2,2,2,2,1
2021-11-04T19,1200.0,1422.0,154.2,,59.6,1,1,1,0,1
2021-11-04T20,1286.0,1545.0,,8.3,,1,1,0,1,0
2021-11-04T21,1200.0,1404.0,109.1,9.29,59.0,1,1,1,1,1
2021-11-04T22,1458.0,1679.0,112.45,7.38,35.6,1,1,1,1,1
2021-11-04T23,1213.0,1395.0,97.45,7.195,27.15,1,1,1,1,1
2021-11-05T00,1142.0,1357.0,76.75,6.84,18.8,1,1,1,1,1
2021-11-05T01,837.0,1008.0,70.25,6.91,17.7,1,1,1,1,1
2021-11-05T02,713.0,859.0,80.55,7.015,18.8,1,1,1,1,1
2021-11-05T03,613.0,746.0,77.25,11.935,17.55,1,1,1,1,1
2021-11-05T04,532.0,668.0,77.6,20.13,16.8,1,1,1,1,1
2021-11-05T05,508.0,659.0,75.5,28.6,13.5,1,1,1,1,1
2021-11-05T06,500.0,650.0,63.5,52.12,15.4,1,1,1,1,1
2021-11-05T07,389.0,550.0,34.4,102.08,17.6,1,1,1,1,1
2021-11-05T08,343.0,508.0,24.1,102.29,17.5,1,1,1,1,1
2021-11-05T10,282.0,438.0,,47.735,10.9,1,1,0,1,1
2021-11-05T11,280.0,433.0,,10.31,18.5,1,1,0,1,1
2021-11-05T12,280.0,428.0,,4.78,26.9,1,1,0,1,1
2021-11-05T13,286.0,462.0,,5.515,47.5,1,1,0,1,1
2021-11-05T14,319.0,521.0,,6.64,55.3,1,1,0,1,1
2021-11-05T15,344.0,539.0,,6.005,60.15,1,1,0,1,1
2021-11-05T16,400.0,591.0,,5.685,46.4,1,1,0,1,1
2021-11-05T17,414.0,585.0,,6.055,39.85,1,1,0,1,1
2021-11-05T18,419.0,565.0,,5.525,33.0,2,2,0,2,2
2021-11-05T19,392.0,522.0,,,21.5,1,1,0,0,1
2021-11-05T20,399.0,522.0,,5.215,,1,1,0,1,0
2021-11-05T21,404.0,511.0,,7.105,17.9,1,1,0,1,1
2021-11-05T22,411.0,531.0,,7.71,12.95,1,1,0,1,1
2021-11-05T23,407.0,523.0,,7.87,11.95,1,1,0,1,1
2021-11-06T00,393.0,500.0,,11.63,8.45,1,1,0,1,1
2021-11-06T01,369.0,469.0,,7.22,42.55,1,1,0,1,1
2021-11-06T02,367.0,486.0,,10.985,52.7,1,1,0,1,1
2021-11-06T03,367.0,494.0,,27.305,40.15,1,1,0,1,1
2021-11-06T04,351.0,483.0,32.0,61.805,12.85,1,1,1,1,1
2021-11-06T05,319.0,440.0,56.5,92.92,14.05,1,1,1,1,1
2021-11-06T06,318.0,459.0,56.45,125.705,15.7,1,1,1,1,1
2021-11-06T07,299.0,449.0,49.5,134.4,13.8,1,1,1,1,1
2021-11-06T08,264.0,404.0,46.95,132.74,11.75,1,1,1,1,1
2021-11-06T09,229.0,360.0,46.55,117.63,8.55,1,1,1,1,1
2021-11-06T10,186.0,311.0,71.3,82.135,6.0,1,1,1,1,1
2021-11-06T11,197.0,345.0,111.6,40.68,8.35,1,1,1,1,1
2021-11-06T12,243.0,404.0,142.1,11.76,11.7,1,1,1,1,1
2021-11-06T13,289.0,473.0,155.4,6.595,11.65,1,1,1,1,1
2021-11-06T14,348.0,533.0,167.75,5.235,12.55,1,1,1,1,1
2021-11-06T15,385.0,575.0,183.25,5.43,11.15,1,1,1,1,1
2021-11-06T16,433.0,637.0,197.0,6.585,11.6,1,1,1,1,1
2021-11-06T17,442.0,653.0,188.7,6.51,12.2,1,1,1,1,1
2021-11-06T18,436.0,630.0,145.3,5.02,11.6,2,2,2,2,1
2021-11-06T19,428.0,592.0,131.25,,11.05,1,1,1,0,1
2021-11-06T20,449.0,606.0,,6.04,,1,1,0,1,0
2021-11-06T21,419.0,548.0,101.0,4.9,10.05,1,1,1,1,1
2021-11-06T22,382.0,511.0,96.8,4.33,10.6,1,1,1,1,1
2021-11-07T07,212.0,354.0,34.3,128.87,13.1,1,1,1,1,1
2021-11-07T08,153.0,276.0,31.0,132.27,11.25,1,1,1,1,1
2021-11-07T09,139.0,249.0,30.3,120.66,9.8,1,1,1,1,1
2021-11-07T10,123.0,224.0,57.1,89.545,10.5,1,1,1,1,1
2021-11-07T11,134.0,260.0,150.75,19.78,10.35,1,1,1,1,1
2021-11-07T12,152.0,324.0,165.75,5.075,10.1,1,1,1,1,1
2021-11-07T13,167.0,366.0,208.5,5.55,10.7,1,1,1,1,1
2021-11-07T14,180.0,395.0,215.75,5.395,12.75,1,1,1,1,1
2021-11-07T15,199.0,429.0,230.25,5.93,14.25,1,1,1,1,1
2021-11-07T16,220.0,443.0,244.4,5.465,14.55,1,1,1,1,1
2021-11-07T17,222.0,444.0,188.15,5.485,13.3,1,1,1,1,1
2021-11-07T18,245.0,425.0,163.7,5.295,11.8,1,2,2,2,1
2021-11-07T19,248.0,420.0,158.1,,11.2,1,1,1,0,1
2021-11-07T20,257.0,418.0,,5.835,,1,1,0,1,0
2021-11-07T21,296.0,461.0,108.55,6.41,10.0,1,1,1,1,1
2021-11-07T22,333.0,467.0,96.0,6.065,9.0,1,1,1,1,1
2021-11-07T23,359.0,486.0,82.35,5.635,9.95,1,1,1,1,1
2021-11-08T00,377.0,497.0,76.45,5.34,8.8,1,1,1,1,1
2021-11-08T01,351.0,473.0,75.3,5.005,7.9,1,1,1,1,1
2021-11-08T02,319.0,449.0,80.6,5.165,8.6,1,1,1,1,1
2021-11-08T03,328.0,478.0,97.85,12.34,11.0,1,1,1,1,1
2021-11-08T04,355.0,515.0,122.1,30.195,13.9,1,1,1,1,1
2021-11-08T05,370.0,561.0,91.4,105.76,16.7,1,1,1,1,1
2021-11-08T06,284.0,439.0,43.75,157.345,16.95,1,1,1,1,1
2021-11-08T07,250.0,387.0,41.3,160.785,14.5,1,1,1,1,1
2021-11-08T08,192.0,307.0,50.95,154.74,14.2,1,1,1,1,1
2021-11-08T09,188.0,299.0,50.6,133.29,12.95,1,1,1,1,1
2021-11-08T10,168.0,273.0,87.7,81.61,12.2,1,1,1,1,1
2021-11-08T11,167.0,312.0,128.6,42.61,12.1,1,1,1,1,1
2021-11-08T12,182.0,356.0,213.25,4.645,12.6,1,1,1,1,1
2021-11-08T13,195.0,417.0,218.75,4.355,12.15,1,1,1,1,1
2021-11-08T14,188.0,373.0,226.1,4.55,12.5,1,1,1,1,1
2021-11-08T15,205.0,409.0,233.65,4.98,12.6,1,1,1,1,1
2021-11-08T16,221.0,440.0,195.7,4.635,13.1,1,1,1,1,1
2021-11-08T17,216.0,384.0,153.3,5.34,15.6,1,1,1,1,1
2021-11-08T18,229.0,385.0,129.0,5.245,16.9,1,2,2,2,1
2021-11-08T19,270.0,415.0,129.25,,15.4,1,1,1,0,1
2021-11-08T20,294.0,453.0,,6.91,,1,1,0,1,0
2021-11-08T21,380.0,531.0,106.3,7.35,15.3,1,1,1,1,1
2021-11-08T22,417.0,567.0,113.05,6.645,13.65,1,1,1,1,1
2021-11-08T23,372.0,526.0,113.55,5.945,12.2,1,1,1,1,1
2021-11-09T00,354.0,495.0,98.0,5.46,12.2,1,1,1,1,1
2021-11-09T01,332.0,458.0,82.8,5.515,10.75,1,1,1,1,1
2021-11-09T02,304.0,454.0,96.6,7.86,14.25,1,1,1,1,1
2021-11-09T03,369.0,560.0,127.5,13.7,18.7,1,1,1,1,1
2021-11-09T04,430.0,616.0,102.7,66.96,63.4,1,1,1,1,1
2021-11-09T05,382.0,565.0,89.95,112.1,46.15,1,1,1,1,1
2021-11-09T06,302.0,471.0,59.7,145.06,40.1,1,1,1,1,1
2021-11-09T07,240.0,394.0,45.6,162.62,26.4,1,1,1,1,1
2021-11-09T08,207.0,350.0,46.4,164.46,26.8,1,1,1,1,1
2021-11-09T09,188.0,317.0,49.3,121.36,16.5,1,1,1,1,1
2021-11-09T10,173.0,301.0,73.25,81.66,14.3,1,1,1,1,1
2021-11-09T11,136.0,265.0,125.2,30.18,15.7,1,1,1,1,1
2021-11-09T12,177.0,370.0,193.3,4.575,15.35,1,1,1,1,1
2021-11-09T13,192.0,417.0,222.2,4.175,15.2,1,1,1,1,1
2021-11-09T14,197.0,439.0,239.1,4.88,15.4,1,1,1,1,1
2021-11-09T15,192.0,412.0,230.25,5.08,16.05,1,1,1,1,1
2021-11-09T16,196.0,393.0,244.85,5.52,17.0,1,1,1,1,1
2021-11-09T17,200.0,398.0,253.15,5.565,16.4,1,1,1,1,1
2021-11-09T18,205.0,392.0,194.7,3.37,,1,1,1,1,0
2021-11-09T19,174.0,299.0,113.2,,8.85,1,1,1,0,1
2021-11-09T20,182.0,313.0,,3.98,,1,1,0,1,0
2021-11-09T21,175.0,282.0,109.9,4.19,4.9,1,1,1,1,1
2021-11-09T22,173.0,278.0,79.5,12.115,5.6,1,1,1,1,1
2021-11-09T23,160.0,256.0,71.15,9.75,4.35,1,1,1,1,1
2021-11-10T00,161.0,263.0,79.3,5.19,4.3,1,1,1,1,1
2021-11-10T01,176.0,291.0,84.95,5.655,4.8,1,1,1,1,1
2021-11-10T02,175.0,313.0,120.0,6.02,8.3,1,1,1,1,1
2021-11-10T03,193.0,337.0,127.9,7.525,11.5,1,1,1,1,1
2021-11-10T04,235.0,406.0,154.25,16.83,16.25,1,1,1,1,1
2021-11-10T05,304.0,501.0,144.7,78.255,24.25,1,1,1,1,1
2021-11-10T07,330.0,508.0,64.4,227.79,30.0,1,1,1,1,1
2021-11-10T08,271.0,444.0,50.85,196.11,26.55,1,1,1,1,1
2021-11-10T09,175.0,306.0,43.3,160.27,19.0,1,1,1,1,1
2021-11-10T10,142.0,276.0,71.65,109.13,18.5,1,1,1,1,1
2021-11-10T11,174.0,334.0,125.4,57.79,16.1,1,1,1,1,1
2021-11-10T12,212.0,417.0,192.4,5.825,14.7,1,1,1,1,1
2021-11-10T13,258.0,526.0,254.55,5.505,14.65,1,1,1,1,1
2021-11-10T14,262.0,550.0,287.95,6.81,15.5,1,1,1,1,1
2021-11-10T15,271.0,525.0,304.1,6.72,14.6,1,1,1,1,1
2021-11-10T16,286.0,532.0,332.9,6.175,16.7,1,1,1,1,1
2021-11-10T17,284.0,543.0,291.2,7.855,16.65,1,1,1,1,1
2021-11-10T18,294.0,509.0,223.0,6.94,14.1,2,2,2,2,1
2021-11-10T19,300.0,492.0,279.85,,15.2,1,1,1,0,1
2021-11-10T20,313.0,545.0,,7.31,,1,1,0,1,0
2021-11-10T21,309.0,498.0,180.65,4.435,12.5,1,1,1,1,1
2021-11-10T22,286.0,407.0,127.2,4.43,10.3,1,1,1,1,1
2021-11-10T23,294.0,414.0,112.45,4.515,10.45,1,1,1,1,1
2021-11-11T00,301.0,423.0,116.35,4.795,8.05,1,1,1,1,1
2021-11-11T01,298.0,426.0,115.5,4.83,6.45,1,1,1,1,1
2021-11-11T02,285.0,425.0,119.9,4.89,8.95,1,1,1,1,1
2021-11-11T03,281.0,455.0,170.4,4.765,13.3,1,1,1,1,1
2021-11-11T04,296.0,493.0,149.9,4.93,15.8,1,1,1,1,1
2021-11-11T05,290.0,450.0,138.4,6.595,14.95,1,1,1,1,1
2021-11-11T06,301.0,473.0,121.15,12.365,15.65,1,1,1,1,1
2021-11-11T07,270.0,426.0,99.05,26.32,13.45,1,1,1,1,1
2021-11-11T08,258.0,407.0,89.9,45.11,13.95,1,1,1,1,1
2021-11-11T09,287.0,436.0,83.5,54.92,14.6,1,1,1,1,1
2021-11-11T10,300.0,465.0,116.75,26.155,11.3,1,1,1,1,1
2021-11-11T11,314.0,553.0,152.5,4.88,9.1,1,1,1,1,1
2021-11-11T12,322.0,602.0,174.45,4.925,9.0,1,1,1,1,1
2021-11-11T13,345.0,617.0,159.6,4.48,9.95,1,1,1,1,1
2021-11-11T14,362.0,621.0,168.5,5.925,11.15,1,1,1,1,1
2021-11-11T15,400.0,650.0,194.05,6.77,13.95,1,1,1,1,1
2021-11-11T16,428.0,665.0,240.2,7.165,15.65,1,1,1,1,1
2021-11-11T17,449.0,679.0,144.2,6.005,17.1,1,1,1,1,1
2021-11-11T18,476.0,652.0,127.3,5.81,18.8,2,2,2,2,1
2021-11-11T19,485.0,670.0,143.9,,18.65,1,1,1,0,1
2021-11-11T20,501.0,692.0,,7.18,,1,1,0,1,0
2021-11-11T21,513.0,685.0,197.25,7.91,15.5,1,1,1,1,1
2021-11-11T22,548.0,730.0,192.35,6.38,13.45,1,1,1,1,1
2021-11-11T23,530.0,680.0,144.75,5.41,11.45,1,1,1,1,1
2021-11-12T00,501.0,650.0,106.3,4.89,9.2,1,1,1,1,1
2021-11-12T01,495.0,627.0,87.25,5.335,8.2,1,1,1,1,1
2021-11-12T02,509.0,649.0,101.7,5.5,10.75,1,1,1,1,1
2021-11-12T03,519.0,692.0,104.7,5.55,13.1,1,1,1,1,1
2021-11-12T04,549.0,724.0,91.9,9.425,14.25,1,1,1,1,1
2021-11-12T05,575.0,754.0,93.2,20.93,15.7,1,1,1,1,1
2021-11-12T06,559.0,776.0,68.5,71.435,18.0,1,1,1,1,1
2021-11-12T07,458.0,655.0,63.15,113.385,23.25,1,1,1,1,1
2021-11-12T09,277.0,439.0,40.8,153.31,16.85,1,1,1,1,1
2021-11-12T10,299.0,480.0,62.8,88.815,14.25,1,1,1,1,1
2021-11-12T11,327.0,547.0,105.95,14.495,12.95,1,1,1,1,1
2021-11-12T12,367.0,630.0,139.95,4.98,13.55,1,1,1,1,1
2021-11-12T13,406.0,677.0,150.45,4.39,13.9,1,1,1,1,1
2021-11-12T14,454.0,694.0,132.95,4.565,11.9,1,1,1,1,1
2021-11-12T15,407.0,620.0,170.25,5.84,11.8,1,1,1,1,1
2021-11-12T16,430.0,680.0,205.4,6.46,13.05,1,1,1,1,1
2021-11-12T17,439.0,708.0,210.4,6.615,13.5,1,1,1,1,1
2021-11-12T18,435.0,659.0,194.0,6.645,11.3,2,2,2,2,1
2021-11-12T19,428.0,649.0,201.35,,11.5,1,1,1,0,1
2021-11-12T20,421.0,599.0,,4.59,,1,1,0,1,0
2021-11-12T21,398.0,552.0,155.65,4.085,6.65,1,1,1,1,1
2021-11-12T22,405.0,560.0,116.1,3.99,4.5,1,1,1,1,1
2021-11-12T23,393.0,532.0,100.7,4.37,2.95,1,1,1,1,1
2021-11-13T00,433.0,553.0,98.15,4.81,2.35,1,1,1,1,1
2021-11-13T01,425.0,559.0,127.8,5.125,4.6,1,1,1,1,1
2021-11-13T02,441.0,613.0,158.25,5.335,7.9,1,1,1,1,1
2021-11-13T03,425.0,611.0,166.05,7.79,12.25,1,1,1,1,1
2021-11-13T04,414.0,576.0,133.15,29.595,16.75,1,1,1,1,1
2021-11-13T05,407.0,553.0,118.25,74.6,18.7,1,1,1,1,1
2021-11-13T06,371.0,545.0,96.9,141.72,19.6,1,1,1,1,1
2021-11-13T07,280.0,448.0,93.0,131.62,17.95,1,1,1,1,1
2021-11-13T09,103.0,202.0,47.15,100.33,15.05,1,1,1,1,1
2021-11-13T10,75.0,169.0,80.9,54.76,13.1,1,1,1,1,1
2021-11-13T11,70.0,185.0,136.0,13.695,14.45,1,1,1,1,1
2021-11-13T12,98.0,268.0,176.85,4.515,16.75,1,1,1,1,1
2021-11-13T13,136.0,350.0,196.1,4.675,18.95,1,1,1,1,1
2021-11-13T14,141.0,351.0,220.85,5.31,21.8,1,1,1,1,1
2021-11-13T15,157.0,393.0,229.7,5.605,21.9,1,1,1,1,1
2021-11-13T16,155.0,346.0,222.7,5.86,22.9,1,1,1,1,1
2021-11-13T17,167.0,342.0,263.8,6.39,23.25,1,1,1,1,1
2021-11-13T18,163.0,350.0,299.55,6.0,11.9,2,2,2,2,1
2021-11-13T19,162.0,329.0,231.2,,10.7,1,1,1,0,1
2021-11-13T20,152.0,283.0,,4.28,,1,1,0,1,0
2021-11-13T21,136.0,234.0,120.8,4.95,8.1,1,1,1,1,1
2021-11-13T22,164.0,267.0,139.95,4.39,8.45,1,1,1,1,1
2021-11-13T23,155.0,271.0,129.55,4.145,7.8,1,1,1,1,1
2021-11-14T00,150.0,252.0,127.0,3.82,7.6,1,1,1,1,1
2021-11-14T01,137.0,238.0,127.75,4.225,8.65,1,1,1,1,1
2021-11-14T02,141.0,250.0,139.1,4.55,10.75,1,1,1,1,1
2021-11-14T03,155.0,278.0,134.65,8.0,14.35,1,1,1,1,1
2021-11-14T04,177.0,288.0,119.9,24.41,18.15,1,1,1,1,1
2021-11-14T05,186.0,303.0,116.65,70.325,49.85,1,1,1,1,1
2021-11-14T06,166.0,276.0,55.1,128.84,32.75,1,1,1,1,1
2021-11-14T07,114.0,186.0,34.3,133.955,15.4,1,1,1,1,1
2021-11-14T08,66.0,134.0,23.8,125.0,10.6,1,1,1,1,1
2021-11-14T09,58.0,116.0,27.65,141.425,15.75,1,1,1,1,1
2021-11-14T10,79.0,157.0,66.0,99.04,15.2,1,1,1,1,1
2021-11-14T11,102.0,230.0,103.0,68.31,14.3,1,1,1,1,1
2021-11-14T12,123.0,284.0,213.1,5.035,12.45,1,1,1,1,1
2021-11-14T13,142.0,331.0,236.2,5.135,11.0,1,1,1,1,1
2021-11-14T14,147.0,334.0,228.4,6.94,8.8,1,1,1,1,1
2021-11-14T15,174.0,376.0,237.75,7.17,9.1,1,1,1,1,1
2021-11-14T17,159.0,296.0,252.55,5.89,10.05,1,1,1,1,1
2021-11-14T18,147.0,267.0,236.2,5.095,11.3,2,2,2,2,1
2021-11-14T19,146.0,253.0,279.7,,11.6,1,1,1,0,1
2021-11-14T20,171.0,311.0,,5.665,,1,1,0,1,0
2021-11-14T21,160.0,294.0,160.7,4.49,9.7,1,1,1,1,1
2021-11-14T22,139.0,230.0,133.65,4.03,7.6,1,1,1,1,1
2021-11-14T23,130.0,213.0,128.65,3.41,7.2,1,1,1,1,1
2021-11-15T00,120.0,186.0,111.85,3.47,5.85,1,1,1,1,1
2021-11-15T01,124.0,210.0,98.5,4.615,5.7,1,1,1,1,1
2021-11-15T02,139.0,230.0,100.1,6.36,8.75,1,1,1,1,1
2021-11-15T03,146.0,257.0,130.45,8.28,11.0,1,1,1,1,1
2021-11-15T04,174.0,312.0,176.35,11.24,14.65,1,1,1,1,1
2021-11-15T05,198.0,358.0,171.3,60.275,23.65,1,1,1,1,1
2021-11-15T06,211.0,361.0,126.7,122.62,23.75,1,1,1,1,1
2021-11-15T07,217.0,364.0,65.9,138.72,17.0,1,1,1,1,1
2021-11-15T08,117.0,217.0,38.1,130.5,10.85,1,1,1,1,1
2021-11-15T09,93.0,172.0,38.75,137.89,11.65,1,1,1,1,1
2021-11-15T10,111.0,206.0,55.2,122.13,12.9,1,1,1,1,1
2021-11-15T11,141.0,294.0,152.0,37.355,12.25,1,1,1,1,1
2021-11-15T12,160.0,328.0,206.55,4.77,12.25,1,1,1,1,1
2021-11-15T13,184.0,354.0,237.9,4.565,12.55,1,1,1,1,1
2021-11-15T14,190.0,368.0,245.1,5.36,12.05,1,1,1,1,1
2021-11-15T15,210.0,390.0,195.1,5.7,12.3,1,1,1,1,1
2021-11-15T16,228.0,407.0,216.65,5.43,10.45,1,1,1,1,1
2021-11-15T17,235.0,402.0,196.2,5.655,9.35,1,1,1,1,1
2021-11-15T18,271.0,429.0,182.1,5.55,10.4,2,2,2,2,1
2021-11-15T19,272.0,418.0,164.75,,10.8,1,1,1,0,1
2021-11-15T20,280.0,407.0,,5.075,,1,1,0,1,0
2021-11-15T21,292.0,403.0,103.5,4.765,11.45,1,1,1,1,1
2021-11-15T22,292.0,403.0,97.35,3.88,9.0,1,1,1,1,1
2021-11-15T23,276.0,373.0,88.15,4.07,8.5,1,1,1,1,1
2021-11-16T00,266.0,377.0,103.7,4.23,7.45,1,1,1,1,1
2021-11-16T01,254.0,366.0,113.65,4.9,7.45,1,1,1,1,1
2021-11-16T02,278.0,410.0,138.25,4.99,11.6,1,1,1,1,1
2021-11-16T03,296.0,434.0,172.05,7.79,18.95,1,1,1,1,1
2021-11-16T04,298.0,421.0,128.75,23.88,43.05,1,1,1,1,1
2021-11-16T05,216.0,327.0,100.7,55.47,32.8,1,1,1,1,1
2021-11-16T06,166.0,277.0,,121.53,29.1,1,1,0,1,1
2021-11-16T07,118.0,218.0,33.6,136.395,31.85,1,1,1,1,1
2021-11-16T08,110.0,206.0,35.2,144.02,21.65,1,1,1,1,1
2021-11-16T09,118.0,217.0,37.15,121.54,15.05,1,1,1,1,1
2021-11-16T10,116.0,210.0,71.3,61.66,10.0,1,1,1,1,1
2021-11-16T11,114.0,226.0,115.95,26.46,9.55,1,1,1,1,1
2021-11-16T12,122.0,240.0,146.05,4.985,10.3,1,1,1,1,1
2021-11-16T13,155.0,298.0,151.3,4.9,11.45,1,1,1,1,1
2021-11-16T14,157.0,317.0,147.5,5.215,11.25,1,1,1,1,1
2021-11-16T15,172.0,363.0,149.1,5.83,12.4,1,1,1,1,1
2021-11-16T16,194.0,386.0,142.7,6.295,13.95,1,1,1,1,1
2021-11-16T17,218.0,387.0,128.75,6.085,13.8,1,1,1,1,1
2021-11-16T18,236.0,386.0,118.5,5.73,13.3,2,2,2,2,1
2021-11-16T19,246.0,396.0,102.6,,11.95,1,1,1,0,1
2021-11-16T20,259.0,398.0,,5.84,,1,1,0,1,0
2021-11-16T21,271.0,396.0,89.65,5.36,13.5,1,1,1,1,1
2021-11-16T22,250.0,369.0,93.4,4.42,10.65,1,1,1,1,1
2021-11-16T23,246.0,350.0,87.0,4.795,10.45,1,1,1,1,1
2021-11-17T00,228.0,369.0,82.4,4.31,9.9,1,1,1,1,1
2021-11-17T01,209.0,302.0,84.65,3.81,10.6,1,1,1,1,1
2021-11-17T02,197.0,314.0,96.6,4.625,15.75,1,1,1,1,1
2021-11-17T03,190.0,298.0,132.45,25.265,18.45,1,1,1,1,1
2021-11-17T04,233.0,395.0,209.2,409.78,77.2,1,1,1,1,1
2021-11-17T05,343.0,549.0,95.65,205.7,51.25,1,1,1,1,1
2021-11-17T06,158.0,285.0,33.35,110.985,29.3,1,1,1,1,1
2021-11-17T07,80.0,154.0,25.6,120.79,27.9,1,1,1,1,1
2021-11-17T08,102.0,183.0,22.4,125.94,16.65,1,1,1,1,1
2021-11-17T09,90.0,160.0,25.35,129.065,15.65,1,1,1,1,1
2021-11-17T10,79.0,157.0,32.2,154.48,18.0,1,1,1,1,1
2021-11-17T11,90.0,205.0,67.5,109.63,19.3,1,1,1,1,1
2021-11-17T12,101.0,256.0,112.0,18.99,12.8,1,1,1,1,1
2021-11-17T13,151.0,351.0,148.5,14.22,15.3,1,1,1,1,1
2021-11-17T14,151.0,311.0,145.25,16.235,15.15,1,1,1,1,1
2021-11-17T15,190.0,409.0,169.75,19.975,17.8,1,1,1,1,1
2021-11-17T16,229.0,498.0,140.55,19.225,17.35,1,1,1,1,1
2021-11-17T17,168.0,348.0,149.85,17.79,15.15,1,1,1,1,1
2021-11-17T18,190.0,374.0,149.9,17.94,10.9,2,2,2,2,1
2021-11-17T19,216.0,434.0,138.4,,10.45,1,1,1,0,1
2021-11-17T20,234.0,422.0,,16.82,,1,1,0,1,0
2021-11-17T21,220.0,415.0,139.6,13.33,9.55,1,1,1,1,1
2021-11-17T22,191.0,383.0,111.4,13.84,8.05,1,1,1,1,1
2021-11-17T23,185.0,315.0,119.4,13.25,10.65,1,1,1,1,1
2021-11-18T00,198.0,359.0,122.35,11.455,8.75,1,1,1,1,1
2021-11-18T01,206.0,391.0,111.75,12.315,7.45,1,1,1,1,1
2021-11-18T02,224.0,410.0,126.65,14.74,8.2,1,1,1,1,1
2021-11-18T03,274.0,457.0,211.05,11.625,14.0,1,1,1,1,1
2021-11-18T04,310.0,540.0,258.95,19.0,61.15,1,1,1,1,1
2021-11-18T05,406.0,620.0,157.85,63.02,49.3,1,1,1,1,1
2021-11-18T06,259.0,395.0,169.5,449.33,,1,1,1,1,0
2021-11-18T07,156.0,252.0,,312.63,,1,1,0,1,0
2021-11-18T08,118.0,200.0,59.0,185.75,78.55,1,1,1,1,1
2021-11-18T09,132.0,223.0,65.1,195.355,23.3,1,1,1,1,1
2021-11-18T10,147.0,250.0,87.55,139.16,21.15,1,1,1,1,1
2021-11-18T11,,243.0,133.8,79.675,17.45,0,1,1,1,1
2021-11-18T12,143.0,272.0,195.35,16.995,15.95,1,1,1,1,1
2021-11-18T13,186.0,351.0,189.95,10.65,17.2,1,1,1,1,1
2021-11-18T14,137.0,307.0,204.7,8.82,19.0,1,1,1,1,1
2021-11-18T15,169.0,374.0,201.45,10.34,20.2,1,1,1,1,1
2021-11-18T16,198.0,424.0,220.6,7.39,18.7,1,1,1,1,1
2021-11-18T17,166.0,350.0,191.45,10.64,17.55,1,1,1,1,1
2021-11-18T18,190.0,405.0,176.65,12.21,7.9,2,2,2,2,1
2021-11-18T19,193.0,392.0,159.25,,8.5,1,1,1,0,1
2021-11-18T20,198.0,404.0,,8.605,,1,1,0,1,0
2021-11-18T21,181.0,330.0,133.6,9.2,8.75,1,1,1,1,1
2021-11-18T22,187.0,345.0,136.15,10.79,10.25,1,1,1,1,1
2021-11-18T23,216.0,390.0,121.85,8.385,10.65,1,1,1,1,1
2021-11-19T00,218.0,374.0,110.45,8.505,9.75,1,1,1,1,1
2021-11-19T01,216.0,368.0,116.25,9.065,9.15,1,1,1,1,1
2021-11-19T02,235.0,410.0,145.0,9.045,11.8,1,1,1,1,1
2021-11-19T03,256.0,418.0,191.75,8.505,16.15,1,1,1,1,1
2021-11-19T04,251.0,414.0,223.15,12.05,20.95,1,1,1,1,1
2021-11-19T05,255.0,418.0,142.2,52.51,32.85,1,1,1,1,1
2021-11-19T06,181.0,302.0,51.85,109.615,42.1,1,1,1,1,1
2021-11-19T07,132.0,222.0,41.45,141.345,48.1,1,1,1,1,1
2021-11-19T08,143.0,243.0,50.8,159.555,51.25,1,1,1,1,1
2021-11-19T09,131.0,232.0,60.1,126.47,29.3,1,1,1,1,1
2021-11-19T10,106.0,200.0,91.15,74.18,22.4,1,1,1,1,1
2021-11-19T11,104.0,226.0,165.05,19.305,18.95,1,1,1,1,1
2021-11-19T12,121.0,271.0,177.2,4.115,14.8,1,1,1,1,1
2021-11-19T13,139.0,311.0,183.25,4.965,15.25,1,1,1,1,1
2021-11-19T14,151.333,320.333,191.4,4.177,14.933,1,1,1,1,1
2021-11-19T15,158.0,329.0,187.3,4.867,14.733,1,1,1,1,1
2021-11-19T16,176.0,350.0,176.75,4.84,13.95,1,1,1,1,1
2021-11-19T17,172.0,322.0,171.85,4.185,11.75,1,1,1,1,1
2021-11-19T18,142.0,259.0,160.4,4.665,13.3,2,2,2,2,1
2021-11-19T19,165.0,314.0,145.0,,12.5,1,1,1,0,1
2021-11-19T20,151.0,276.0,,3.857,,1,1,0,1,0
2021-11-19T21,147.0,256.0,125.3,4.14,10.0,1,1,1,1,1
2021-11-19T22,141.0,247.0,107.2,4.7,9.7,1,1,1,1,1
2021-11-19T23,148.0,258.0,108.0,4.47,8.6,1,1,1,1,1
2021-11-20T00,157.0,262.0,100.85,3.95,8.65,1,1,1,1,1
2021-11-20T01,167.0,277.0,97.25,5.315,10.35,1,1,1,1,1
2021-11-20T02,174.0,311.0,110.3,5.605,12.65,1,1,1,1,1
2021-11-20T03,183.0,319.0,103.05,8.555,17.25,1,1,1,1,1
2021-11-20T04,175.0,310.0,133.7,9.31,18.5,1,1,1,1,1
2021-11-20T05,170.0,306.0,120.95,23.585,25.25,1,1,1,1,1
2021-11-20T06,162.0,284.0,108.1,78.285,31.4,1,1,1,1,1
2021-11-20T07,137.0,261.0,64.1,134.16,31.0,1,1,1,1,1
2021-11-20T08,134.0,256.0,63.45,151.285,26.35,1,1,1,1,1
2021-11-20T09,136.0,257.0,64.35,176.03,27.05,1,1,1,1,1
2021-11-20T10,151.0,293.0,55.9,163.2,26.65,1,1,1,1,1
2021-11-20T11,132.0,268.0,127.2,65.49,18.55,1,1,1,1,1
2021-11-20T12,146.0,325.0,178.2,15.415,15.4,1,1,1,1,1
2021-11-20T13,171.0,358.0,182.4,5.4,14.65,1,1,1,1,1
2021-11-20T14,160.0,331.0,184.5,4.44,13.2,1,1,1,1,1
2021-11-20T15,158.0,329.0,185.4,5.24,11.25,1,1,1,1,1
2021-11-20T16,162.0,343.0,175.9,5.45,11.75,1,1,1,1,1
2021-11-20T17,174.0,359.0,173.65,7.53,12.45,1,1,1,1,1
2021-11-20T18,179.0,352.0,158.55,8.205,9.4,2,2,2,2,1
2021-11-20T19,187.0,355.0,152.4,,8.55,1,1,1,0,1
2021-11-20T20,185.0,343.0,,8.145,,1,1,0,1,0
2021-11-20T21,188.0,342.0,134.75,8.365,8.6,1,1,1,1,1
2021-11-20T22,182.0,336.0,127.9,6.175,5.25,1,1,1,1,1
2021-11-20T23,174.0,299.0,113.75,5.46,3.35,1,1,1,1,1
2021-11-21T00,177.0,285.0,105.3,5.17,2.75,1,1,1,1,1
2021-11-21T01,186.0,298.0,99.25,6.065,3.0,1,1,1,1,1
2021-11-21T02,188.0,308.0,117.65,6.32,9.6,1,1,1,1,1
2021-11-21T03,209.0,341.0,135.45,7.615,16.3,1,1,1,1,1
2021-11-21T04,182.0,314.0,107.75,23.96,18.75,1,1,1,1,1
2021-11-21T05,132.0,245.0,45.7,55.74,14.8,1,1,1,1,1
2021-11-21T06,81.0,178.0,36.95,84.25,15.15,1,1,1,1,1
2021-11-21T07,65.0,159.0,40.6,92.2,8.9,1,1,1,1,1
2021-11-21T08,57.0,139.0,41.6,86.81,4.5,1,1,1,1,1
2021-11-21T09,47.0,121.0,42.7,95.98,4.3,1,1,1,1,1
2021-11-21T10,57.0,131.0,49.0,79.115,5.15,1,1,1,1,1
2021-11-21T15,153.0,301.0,132.85,3.795,16.1,1,1,1,1,1
2021-11-21T16,155.0,302.0,128.3,3.985,15.25,1,1,1,1,1
2021-11-21T17,150.0,278.0,117.35,3.785,14.4,1,1,1,1,1
2021-11-21T18,147.0,271.0,109.45,3.92,9.8,2,2,2,2,1
2021-11-21T19,157.0,279.0,97.1,,9.45,1,1,1,0,1
2021-11-21T20,146.0,262.0,,4.46,,1,1,0,1,0
2021-11-21T21,134.0,239.0,89.35,5.125,8.95,1,1,1,1,1
2021-11-21T22,123.0,223.0,70.4,16.895,7.85,1,1,1,1,1
2021-11-21T23,115.0,210.0,57.7,21.295,5.9,1,1,1,1,1
2021-11-22T00,116.0,207.0,61.65,21.17,6.4,1,1,1,1,1
2021-11-22T01,107.0,208.0,73.4,14.15,7.55,1,1,1,1,1
2021-11-22T02,111.0,224.0,73.5,16.985,12.6,1,1,1,1,1
2021-11-22T03,112.0,248.0,78.65,21.28,16.8,1,1,1,1,1
2021-11-22T04,107.0,248.0,49.05,53.305,19.8,1,1,1,1,1
2021-11-22T05,84.0,214.0,47.7,67.285,17.8,1,1,1,1,1
2021-11-22T06,79.0,210.0,40.1,82.65,14.2,1,1,1,1,1
2021-11-22T07,66.0,222.0,40.3,81.085,10.95,1,1,1,1,1
2021-11-22T08,52.0,221.0,44.5,81.595,6.15,1,1,1,1,1
2021-11-22T09,68.0,234.0,31.85,86.135,7.45,1,1,1,1,1
2021-11-22T11,77.0,195.0,96.9,20.23,13.0,1,1,1,1,1
2021-11-22T12,90.0,241.0,120.15,5.735,8.95,1,1,1,1,1
2021-11-22T13,105.0,266.0,98.3,4.49,9.0,1,1,1,1,1
2021-11-22T14,121.0,282.0,110.15,4.38,10.8,1,1,1,1,1
2021-11-22T15,135.0,295.0,104.6,3.92,8.4,1,1,1,1,1
2021-11-22T16,145.0,300.0,103.7,3.245,8.45,1,1,1,1,1
2021-11-22T17,94.0,214.0,99.15,3.245,6.65,1,1,1,1,1
2021-11-22T18,91.0,199.0,90.55,3.995,6.2,2,2,2,2,1
2021-11-22T19,97.0,201.0,88.7,,7.45,1,1,1,0,1
2021-11-22T20,92.0,192.0,,4.605,,1,1,0,1,0
2021-11-22T21,99.0,207.0,78.7,4.085,6.6,1,1,1,1,1
2021-11-22T22,97.0,197.0,77.4,3.39,6.85,1,1,1,1,1
2021-11-22T23,87.0,175.0,75.35,4.27,4.5,1,1,1,1,1
2021-11-23T00,91.0,186.0,75.6,4.185,4.7,1,1,1,1,1
2021-11-23T01,102.0,192.0,75.8,4.27,6.15,1,1,1,1,1
2021-11-23T02,116.0,224.0,77.95,8.84,7.8,1,1,1,1,1
2021-11-23T03,112.0,239.0,79.8,14.69,11.5,1,1,1,1,1
2021-11-23T04,109.0,238.0,65.7,30.31,13.4,1,1,1,1,1
2021-11-23T05,118.0,252.0,63.15,53.655,14.9,1,1,1,1,1
2021-11-23T11,1390.0,,112.45,30.89,15.45,1,0,1,1,1
2021-11-23T12,95.0,223.0,156.5,4.365,13.45,1,1,1,1,1
2021-11-23T13,98.0,256.0,143.45,5.265,14.75,1,1,1,1,1
2021-11-23T14,111.0,280.0,152.25,5.08,16.2,1,1,1,1,1
2021-11-23T15,115.0,285.0,145.45,5.705,17.4,1,1,1,1,1
2021-11-23T16,128.0,324.0,138.8,5.82,15.6,1,1,1,1,1
2021-11-23T17,138.0,302.0,124.55,5.83,15.4,1,1,1,1,1
2021-11-23T18,144.0,284.0,97.65,7.075,10.5,2,2,2,2,1
2021-11-23T19,166.0,303.0,100.7,,8.6,1,1,1,0,1
2021-11-23T20,169.0,287.0,,22.405,,1,1,0,1,0
2021-11-23T21,172.0,318.0,108.65,14.83,13.4,1,1,1,1,1
2021-11-23T22,167.0,298.0,115.35,9.38,13.0,1,1,1,1,1
2021-11-23T23,169.0,299.0,102.9,9.7,7.75,1,1,1,1,1
2021-11-24T00,136.0,244.0,97.0,7.71,7.15,1,1,1,1,1
2021-11-24T01,130.0,236.0,88.05,6.99,5.8,1,1,1,1,1
2021-11-24T02,143.0,271.0,146.05,7.905,11.9,1,1,1,1,1
2021-11-24T03,158.0,307.0,244.2,16.8,58.6,1,1,1,1,1
2021-11-24T04,166.0,322.0,185.5,12.985,35.15,1,1,1,1,1
2021-11-24T05,130.0,252.0,113.2,34.905,28.55,1,1,1,1,1
2021-11-24T06,110.0,211.0,50.8,65.485,22.05,1,1,1,1,1
2021-11-24T07,81.0,163.0,50.5,103.19,20.8,1,1,1,1,1
2021-11-24T08,92.0,187.0,45.2,134.8,18.35,1,1,1,1,1
2021-11-24T09,88.0,182.0,54.75,124.37,19.6,1,1,1,1,1
2021-11-24T11,75.0,176.0,116.4,43.66,13.55,1,1,1,1,1
2021-11-24T12,88.0,224.0,189.5,7.88,15.9,1,1,1,1,1
2021-11-24T13,127.0,339.0,191.7,10.115,19.6,1,1,1,1,1
2021-11-24T14,168.0,398.0,173.9,7.605,46.0,1,1,1,1,1
2021-11-24T15,193.0,394.0,155.8,6.23,64.6,1,1,1,1,1
2021-11-24T16,204.0,394.0,101.7,15.52,9.9,1,1,1,1,1
2021-11-24T17,224.0,394.0,96.4,10.74,8.55,1,1,1,1,1
2021-11-24T18,237.0,412.0,108.8,6.74,7.7,1,1,1,1,1
2021-11-24T19,237.0,407.0,103.4,,7.6,1,1,1,0,1
2021-11-24T20,240.0,400.0,,6.59,,1,1,0,1,0
2021-11-24T21,235.0,382.0,95.5,6.005,4.9,1,1,1,1,1
2021-11-24T22,203.333,322.333,82.9,12.44,3.7,1,1,1,1,1
2021-11-24T23,188.0,301.0,54.2,14.68,4.5,1,1,1,1,1
2021-11-25T00,186.0,305.0,71.05,11.135,4.3,1,1,1,1,1
2021-11-25T01,204.0,328.0,80.45,9.965,4.8,1,1,1,1,1
2021-11-25T02,213.0,356.0,81.35,12.025,8.1,1,1,1,1,1
2021-11-25T03,223.0,439.0,72.9,14.82,16.3,1,1,1,1,1
2021-11-25T04,200.0,370.0,76.2,22.835,20.6,1,1,1,1,1
2021-11-25T05,204.0,373.0,70.3,33.26,21.6,1,1,1,1,1
2021-11-25T06,151.0,287.0,52.9,54.54,22.85,1,1,1,1,1
2021-11-25T07,124.0,241.0,43.8,66.48,20.3,1,1,1,1,1
2021-11-25T08,102.0,202.0,40.1,82.36,20.2,1,1,1,1,1
2021-11-25T09,120.0,234.0,41.8,86.59,18.9,1,1,1,1,1
2021-11-25T10,118.0,235.0,46.9,96.22,14.5,1,1,1,1,1
2021-11-25T11,114.0,237.0,74.5,55.13,12.1,1,1,1,1,1
2021-11-25T12,124.0,266.0,163.1,8.81,12.0,1,1,1,1,1
2021-11-25T13,160.0,387.0,146.15,7.995,11.85,1,1,1,1,1
2021-11-25T14,246.0,492.0,176.6,7.9,11.3,1,1,1,1,1
2021-11-25T15,267.0,517.0,184.9,11.94,11.3,1,1,1,1,1
2021-11-25T16,246.0,502.0,180.9,9.3,14.3,1,1,1,1,1
2021-11-25T18,223.0,431.0,136.8,7.935,9.9,2,2,2,2,1
2021-11-25T19,285.0,533.0,121.75,,6.6,1,1,1,0,1
2021-11-25T20,268.0,482.0,,12.37,,1,1,0,1,0
2021-11-25T21,245.0,429.0,130.85,20.285,8.5,1,1,1,1,1
2021-11-25T22,226.0,394.0,114.6,38.95,10.4,1,1,1,1,1
2021-11-25T23,239.0,408.0,125.45,59.645,6.65,1,1,1,1,1
2021-11-26T00,253.0,426.0,125.1,60.955,4.25,1,1,1,1,1
2021-11-26T01,242.0,416.0,107.4,43.77,6.2,1,1,1,1,1
2021-11-26T02,232.0,400.0,149.15,69.08,6.55,1,1,1,1,1
2021-11-26T04,397.0,673.0,155.65,371.89,42.8,1,1,1,1,1
2021-11-26T05,263.0,484.0,127.1,95.24,40.3,1,1,1,1,1
2021-11-26T06,267.0,488.0,64.1,33.85,37.9,1,1,1,1,1
2021-11-26T07,202.0,367.0,47.8,24.83,34.6,1,1,1,1,1
2021-11-26T08,146.0,270.0,41.1,19.66,45.5,1,1,1,1,1
2021-11-26T09,130.0,249.0,37.0,22.93,20.6,1,1,1,1,1
2021-11-26T10,123.0,234.0,68.4,26.79,19.9,1,1,1,1,1
2021-11-26T11,120.0,236.0,167.5,10.07,8.6,1,1,1,1,1
2021-11-26T12,134.0,288.0,185.7,7.35,6.7,1,1,1,1,1
2021-11-26T13,151.0,293.0,171.95,7.545,6.6,1,1,1,1,1
2021-11-26T14,181.0,360.0,168.5,7.995,7.25,1,1,1,1,1
2021-11-26T15,207.0,445.0,158.65,8.135,8.25,1,1,1,1,1
2021-11-26T16,256.0,499.0,177.8,7.86,5.6,1,1,1,1,1
2021-11-26T17,316.0,578.0,148.75,9.225,9.05,1,1,1,1,1
2021-11-26T18,316.0,573.0,132.5,9.72,10.4,1,1,1,1,1
2021-11-26T19,299.0,531.0,141.15,,10.55,1,1,1,0,1
2021-11-26T20,253.0,450.0,,10.74,,1,1,0,1,0
2021-11-26T21,252.0,430.0,127.3,7.43,8.25,1,1,1,1,1
2021-11-26T22,253.0,418.0,100.3,6.88,6.8,1,1,1,1,1
2021-11-26T23,243.0,387.0,98.7,6.26,5.85,1,1,1,1,1
2021-11-27T00,218.0,341.0,95.85,6.405,4.6,1,1,1,1,1
2021-11-27T02,201.0,324.0,128.3,4.72,2.9,1,1,1,1,1
2021-11-27T03,172.0,296.0,103.8,4.63,7.8,1,1,1,1,1
2021-11-27T04,181.667,320.667,75.333,10.4,12.067,1,1,1,1,1
2021-11-27T05,169.0,310.0,44.8,30.95,32.6,1,1,1,1,1
2021-11-27T06,146.0,279.0,65.8,28.95,22.7,1,1,1,1,1
2021-11-27T07,966.0,214.0,30.2,79.703,117.7,1,1,1,1,1
2021-11-27T09,116.0,214.0,23.7,122.11,49.2,1,1,1,1,1
2021-11-27T10,114.0,208.0,45.8,92.71,23.2,1,1,1,1,1
2021-11-27T11,116.0,228.0,132.3,16.44,19.5,1,1,1,1,1
2021-11-27T12,122.0,265.0,155.1,5.03,18.2,1,1,1,1,1
2021-11-27T13,148.0,327.0,135.5,5.61,17.2,1,1,1,1,1
2021-11-27T14,191.0,389.0,130.1,5.47,16.6,1,1,1,1,1
2021-11-27T15,211.0,395.0,129.2,6.9,17.35,1,1,1,1,1
2021-11-27T16,220.0,407.0,126.7,4.98,16.3,1,1,1,1,1
2021-11-27T18,221.0,372.0,88.35,35.82,7.0,2,2,2,2,1
2021-11-27T19,298.0,478.0,104.2,,10.0,1,1,1,0,1
2021-11-27T20,277.0,475.0,,339.75,,1,1,0,1,0
2021-11-27T21,274.0,450.0,93.75,111.125,6.4,1,1,1,1,1
2021-11-27T22,251.0,405.0,85.3,36.27,2.6,1,1,1,1,1
2021-11-27T23,254.0,396.0,86.7,11.07,,1,1,1,1,0
2021-11-28T00,247.0,386.0,93.5,9.58,,1,1,1,1,0
2021-11-28T01,249.0,382.0,,8.04,,1,1,0,1,0
2021-11-28T02,236.0,372.0,91.5,9.155,3.4,1,1,1,1,1
2021-11-28T03,242.333,388.333,65.6,16.34,20.433,1,1,1,1,1
2021-11-28T04,209.5,348.5,54.55,36.74,76.55,1,1,1,1,1
2021-11-28T06,160.0,283.0,34.65,83.005,26.65,1,1,1,1,1
2021-11-28T07,148.0,268.0,,107.175,20.75,1,1,0,1,1
2021-11-28T08,151.0,274.0,,115.895,13.5,1,1,0,1,1
2021-11-28T09,125.0,231.0,,124.4,9.5,1,1,0,1,1
2021-11-28T10,119.0,218.0,,113.13,9.2,1,1,0,1,1
2021-11-28T11,123.0,226.0,,23.85,7.6,1,1,0,1,1
2021-11-28T12,121.0,230.0,,8.225,6.45,1,1,0,1,1
2021-11-28T14,256.5,479.0,,253.565,9.05,1,1,0,1,1
2021-11-28T15,288.0,523.0,,,18.9,1,1,0,0,1
2021-11-28T16,268.0,466.0,,395.27,22.6,1,1,0,1,1
2021-11-28T17,273.0,458.0,,120.81,19.1,1,1,0,1,1
2021-11-28T18,272.0,462.0,,220.83,,1,1,0,1,0
2021-11-28T19,279.0,453.0,,,18.1,1,1,0,0,1
2021-11-28T20,250.0,406.0,,69.96,,1,1,0,1,0
2021-11-28T21,270.0,424.0,,30.48,11.2,1,1,0,1,1
2021-11-28T22,274.0,414.0,,11.655,6.65,1,1,0,1,1
2021-11-28T23,225.333,332.0,,12.127,5.4,1,1,0,1,1
2021-11-29T00,226.0,330.0,,9.29,4.4,1,1,0,1,1
2021-11-29T01,229.0,342.0,,10.58,4.55,1,1,0,1,1
2021-11-29T02,253.0,409.0,,11.585,7.05,1,1,0,1,1
2021-11-29T03,280.0,435.0,,10.715,15.65,1,1,0,1,1
2021-11-29T05,215.0,368.0,,39.02,61.0,1,1,0,1,1
2021-11-29T06,215.0,368.0,,69.82,46.8,1,1,0,1,1
2021-11-29T08,81.0,169.0,,83.3,16.05,1,1,0,1,1
2021-11-29T10,66.0,143.0,,55.53,10.4,1,1,0,1,1
2021-11-29T11,62.0,146.0,,17.065,9.1,1,1,0,1,1
2021-11-29T12,81.0,207.0,,5.84,9.9,1,1,0,1,1
2021-11-29T13,113.0,267.0,186.75,4.645,8.2,1,1,1,1,1
2021-11-29T14,115.0,267.0,167.8,5.1,7.3,1,1,1,1,1
2021-11-29T15,129.0,281.0,168.2,5.145,7.8,1,1,1,1,1
2021-11-29T16,137.0,284.0,155.1,4.555,6.0,1,1,1,1,1
2021-11-29T17,148.0,287.0,141.0,5.24,5.2,1,1,1,1,1
2021-11-29T18,152.0,294.0,130.6,5.305,8.4,2,2,2,2,1
2021-11-29T19,205.0,342.0,124.7,,8.6,1,1,1,0,1
2021-11-29T20,150.0,272.0,,4.135,,1,1,0,1,0
2021-11-29T21,127.0,218.0,101.5,3.55,5.95,1,1,1,1,1
2021-11-29T22,123.0,210.0,107.1,5.39,5.95,1,1,1,1,1
2021-11-29T23,124.0,207.0,78.4,14.53,6.6,1,1,1,1,1
2021-11-30T00,123.0,219.0,88.5,14.72,6.0,1,1,1,1,1
2021-11-30T01,133.667,246.333,108.7,10.387,6.5,1,1,1,1,1
2021-11-30T03,1390.0,,134.75,7.73,20.1,1,0,1,1,1
2021-11-30T04,164.0,314.0,128.3,14.97,22.8,1,1,1,1,1
2021-11-30T05,148.0,279.0,81.2,49.57,27.0,1,1,1,1,1
2021-11-30T06,119.0,236.0,64.25,69.435,26.35,1,1,1,1,1
2021-11-30T07,112.0,222.0,63.35,88.29,25.65,1,1,1,1,1
2021-11-30T08,119.667,235.667,63.8,93.657,24.1,1,1,1,1,1
2021-11-30T09,,221.0,66.6,83.14,21.0,0,1,1,1,1
2021-11-30T10,88.0,186.0,87.5,58.79,20.2,1,1,1,1,1
2021-11-30T11,89.0,200.0,178.2,14.58,19.15,1,1,1,1,1
2021-11-30T12,120.0,279.0,202.75,5.605,18.15,1,1,1,1,1
2021-11-30T13,139.0,310.0,196.75,5.36,18.55,1,1,1,1,1
2021-11-30T14,151.0,323.0,181.7,6.345,19.6,1,1,1,1,1
2021-11-30T15,156.0,334.0,180.6,5.83,19.6,1,1,1,1,1
2021-11-30T16,157.0,326.0,165.3,6.105,21.3,1,1,1,1,1
2021-11-30T17,151.0,297.0,161.0,4.155,19.35,1,1,1,1,1
2021-11-30T18,134.0,246.0,149.4,4.85,7.0,1,1,1,1,1
2021-11-30T19,147.0,272.0,134.45,,6.8,1,1,1,0,1
2021-11-30T20,144.0,258.0,,6.7,,1,1,0,1,0
2021-11-30T21,160.0,294.0,144.05,6.35,7.75,1,1,1,1,1
2021-11-30T22,165.0,292.0,134.8,5.97,7.15,1,1,1,1,1
2021-11-30T23,157.0,271.0,120.55,4.995,6.4,1,1,1,1,1
2021-12-01T00,153.0,266.0,112.55,4.86,5.65,1,1,1,1,1
2021-12-01T01,139.0,268.0,116.0,5.7,6.7,1,1,1,1,1
2021-12-01T02,139.0,268.0,136.4,6.1,8.2,1,1,1,1,1
2021-12-01T03,149.0,292.0,148.7,5.39,10.85,1,1,1,1,1
2021-12-01T04,152.0,301.0,164.5,5.53,12.3,1,1,1,1,1
2021-12-01T05,155.0,291.0,192.2,7.0,19.4,1,1,1,1,1
2021-12-01T06,147.0,275.0,168.55,13.06,19.25,1,1,1,1,1
2021-12-01T08,157.0,302.0,229.3,12.39,17.2,1,1,1,1,1
2021-12-01T09,182.0,,257.3,17.44,10.8,1,0,1,1,1
2021-12-01T10,202.0,403.0,278.6,8.17,8.6,1,1,1,1,1
2021-12-01T11,205.0,439.0,250.8,6.59,7.7,1,1,1,1,1
2021-12-01T12,216.0,443.0,234.2,6.61,7.9,1,1,1,1,1
2021-12-01T13,242.0,485.0,187.55,7.635,8.3,1,1,1,1,1
2021-12-01T14,,473.0,170.1,5.61,6.9,0,1,1,1,1
2021-12-01T15,244.0,,140.9,6.08,5.8,1,0,1,1,1
2021-12-01T16,,453.0,158.7,5.76,6.8,0,1,1,1,1
2021-12-01T18,258.0,430.0,124.45,4.92,7.7,2,2,2,2,1
2021-12-01T19,,405.0,119.7,,7.7,0,1,1,0,1
2021-12-01T20,239.0,395.0,,6.27,,1,1,0,1,0
2021-12-01T21,252.0,425.0,108.85,6.04,8.65,1,1,1,1,1
2021-12-01T22,267.0,436.0,110.25,6.485,8.6,1,1,1,1,1
2021-12-01T23,279.0,442.0,88.05,5.565,8.2,1,1,1,1,1
2021-12-02T00,269.0,404.0,88.9,5.48,6.75,1,1,1,1,1
2021-12-02T01,259.0,382.0,82.05,25.195,7.25,1,1,1,1,1
2021-12-02T02,267.0,409.0,108.7,5.9,7.5,1,1,1,1,1
2021-12-02T03,255.0,382.0,128.55,6.0,9.25,1,1,1,1,1
2021-12-02T04,255.0,402.0,162.8,5.525,10.35,1,1,1,1,1
2021-12-02T05,251.0,416.0,144.6,5.51,16.2,1,1,1,1,1
2021-12-02T06,239.0,401.0,156.8,5.08,12.7,1,1,1,1,1
2021-12-02T07,224.0,389.0,160.35,5.815,12.1,1,1,1,1,1
2021-12-02T08,187.0,346.0,135.5,6.78,13.3,1,1,1,1,1
2021-12-02T09,151.0,,139.3,5.15,11.3,1,0,1,1,1
2021-12-02T10,196.0,324.0,126.65,4.695,7.15,1,1,1,1,1
2021-12-02T11,186.0,276.0,103.95,3.855,6.6,1,1,1,1,1
2021-12-02T12,158.0,239.0,112.25,4.01,5.7,1,1,1,1,1
2021-12-02T13,153.0,215.0,114.6,4.9,6.35,1,1,1,1,1
2021-12-02T14,139.0,199.0,115.1,4.61,5.9,1,1,1,1,1
2021-12-02T15,125.0,183.0,104.55,4.565,5.55,1,1,1,1,1
2021-12-02T16,141.0,206.0,111.05,4.5,5.05,1,1,1,1,1
2021-12-02T18,102.0,155.0,100.4,4.21,,1,1,1,1,0
2021-12-02T19,106.0,152.0,92.7,,4.5,1,1,1,0,1
2021-12-02T20,119.0,179.0,,4.79,,1,1,0,1,0
2021-12-02T21,125.0,186.0,78.5,4.98,3.4,1,1,1,1,1
2021-12-02T22,124.0,207.0,83.6,4.94,3.1,1,1,1,1,1
2021-12-02T23,151.0,224.0,73.9,5.29,3.3,1,1,1,1,1
2021-12-03T00,143.0,222.0,65.0,5.08,2.9,1,1,1,1,1
2021-12-03T01,166.667,245.667,68.333,5.0,3.667,1,1,1,1,1
2021-12-03T04,180.0,296.0,100.7,5.64,8.8,1,1,1,1,1
2021-12-03T05,174.0,290.0,93.65,5.53,9.1,1,1,1,1,1
2021-12-03T07,181.0,319.0,108.8,6.13,9.5,1,1,1,1,1
2021-12-03T08,187.0,320.0,119.3,7.26,11.05,1,1,1,1,1
2021-12-03T09,176.0,307.0,118.15,8.955,10.3,1,1,1,1,1
2021-12-03T10,179.0,310.0,117.75,10.13,8.5,1,1,1,1,1
2021-12-03T11,176.0,311.0,161.5,7.78,7.6,1,1,1,1,1
2021-12-03T12,190.0,346.0,180.45,7.47,7.45,1,1,1,1,1
2021-12-03T13,201.0,360.0,181.7,6.535,7.85,1,1,1,1,1
2021-12-03T14,207.0,358.0,175.25,5.775,7.35,1,1,1,1,1
2021-12-03T15,215.0,364.0,177.7,6.04,7.6,1,1,1,1,1
2021-12-03T16,199.0,351.0,174.5,5.99,8.9,1,1,1,1,1
2021-12-03T17,212.0,386.0,158.05,6.82,10.767,1,1,1,1,1
2021-12-03T18,202.0,355.0,147.65,6.965,9.6,2,2,2,2,1
2021-12-03T19,200.0,346.0,132.75,,9.15,1,1,1,0,1
2021-12-03T21,190.0,326.0,126.7,5.88,9.25,1,1,1,1,1
2021-12-03T22,176.0,296.0,106.15,5.635,7.05,1,1,1,1,1
2021-12-03T23,172.0,274.0,97.75,5.595,7.45,1,1,1,1,1
2021-12-04T00,182.0,293.0,91.75,5.825,7.65,1,1,1,1,1
2021-12-04T01,135.0,223.0,94.8,5.33,5.6,1,1,1,1,1
2021-12-04T02,144.0,237.0,142.3,5.32,4.4,1,1,1,1,1
2021-12-04T03,150.0,255.0,164.85,4.5,5.5,1,1,1,1,1
2021-12-04T04,147.0,259.0,189.7,4.79,8.65,1,1,1,1,1
2021-12-04T05,138.0,243.667,138.667,5.363,12.6,1,1,1,1,1
2021-12-04T06,120.0,217.0,92.4,7.98,14.9,1,1,1,1,1
2021-12-04T07,87.0,170.0,91.65,9.9,13.85,1,1,1,1,1
2021-12-04T09,92.0,179.0,60.25,9.78,9.55,1,1,1,1,1
2021-12-04T10,74.0,161.0,89.5,5.76,6.8,1,1,1,1,1
2021-12-04T11,55.0,140.0,148.8,4.165,4.55,1,1,1,1,1
2021-12-04T12,64.0,176.0,,4.68,5.0,1,1,0,1,1
2021-12-04T14,95.0,235.0,104.5,4.51,7.3,1,1,1,1,1
2021-12-04T15,104.0,266.0,158.7,5.46,9.55,1,1,1,1,1
2021-12-04T16,116.0,268.0,171.2,5.565,11.2,1,1,1,1,1
2021-12-04T17,124.0,270.0,164.0,5.27,11.4,1,1,1,1,1
2021-12-04T19,162.0,298.0,121.6,,6.0,1,1,1,0,1
2021-12-04T20,161.0,289.0,,9.155,,1,1,0,1,0
2021-12-04T21,158.0,266.0,87.65,6.37,4.9,1,1,1,1,1
2021-12-04T22,162.0,261.0,78.0,8.37,6.7,1,1,1,1,1
2021-12-04T23,160.0,272.0,87.7,84.44,6.5,1,1,1,1,1
2021-12-05T00,201.333,343.667,94.433,103.577,5.733,1,1,1,1,1
2021-12-05T01,206.0,337.0,125.6,39.49,4.2,1,1,1,1,1
2021-12-05T02,203.0,331.0,153.8,25.605,4.1,1,1,1,1,1
2021-12-05T03,241.0,381.0,173.6,16.16,7.85,1,1,1,1,1
2021-12-05T04,203.0,339.0,85.7,9.765,12.3,1,1,1,1,1
2021-12-05T05,138.0,235.0,75.55,6.31,8.85,1,1,1,1,1
2021-12-05T06,131.0,230.0,67.95,5.4,7.35,1,1,1,1,1
2021-12-05T07,119.0,221.0,57.8,6.33,5.4,1,1,1,1,1
2021-12-05T08,123.0,231.0,64.9,6.135,5.15,1,1,1,1,1
2021-12-05T09,104.0,197.0,,5.445,2.35,1,1,0,1,1
2021-12-05T10,93.0,182.0,,3.65,,1,1,0,1,0
2021-12-05T12,147.0,278.0,,3.88,,1,1,0,1,0
2021-12-05T13,181.0,338.0,,3.8,,1,1,0,1,0
2021-12-05T14,206.0,383.0,,4.39,0.0,1,1,0,1,1
2021-12-05T15,216.0,410.0,183.55,4.795,2.3,1,1,1,1,1
2021-12-05T16,222.0,403.0,158.0,5.72,3.9,1,1,1,1,1
2021-12-05T17,230.0,413.0,153.6,6.555,2.25,1,1,1,1,1
2021-12-05T18,240.0,410.0,140.1,7.53,6.1,1,1,1,1,1
2021-12-05T19,222.0,341.0,109.45,,7.55,1,1,1,0,1
2021-12-05T20,219.0,311.0,,66.805,,1,1,0,1,0
2021-12-05T21,215.0,311.0,107.3,35.78,5.75,1,1,1,1,1
2021-12-05T22,203.0,293.0,116.6,19.62,6.3,1,1,1,1,1
2021-12-05T23,200.0,284.0,113.75,10.79,6.55,1,1,1,1,1
2021-12-06T01,199.0,288.0,81.4,6.995,7.3,1,1,1,1,1
2021-12-06T02,174.0,266.0,80.8,6.185,7.65,1,1,1,1,1
2021-12-06T03,157.0,249.0,110.55,5.785,7.2,1,1,1,1,1
2021-12-06T04,170.0,258.0,143.15,5.515,6.75,1,1,1,1,1
2021-12-06T05,161.0,266.0,132.7,5.05,6.25,1,1,1,1,1
2021-12-06T06,141.0,240.0,83.1,5.84,6.7,1,1,1,1,1
2021-12-06T07,103.0,190.0,68.2,7.72,5.7,1,1,1,1,1
2021-12-06T08,91.0,170.0,62.45,8.46,6.35,1,1,1,1,1
2021-12-06T09,85.0,158.0,53.85,8.39,6.65,1,1,1,1,1
2021-12-06T10,68.0,132.0,49.05,7.695,6.7,1,1,1,1,1
2021-12-06T11,54.0,119.0,59.1,5.95,4.75,1,1,1,1,1
2021-12-06T12,67.0,164.0,95.7,5.87,4.25,1,1,1,1,1
2021-12-06T13,103.667,206.333,121.533,5.517,4.767,1,1,1,1,1
2021-12-06T14,115.0,221.0,115.4,6.0,5.6,1,1,1,1,1
2021-12-06T16,122.0,215.0,95.45,5.87,5.5,1,1,1,1,1
2021-12-06T17,130.0,226.0,96.6,5.37,6.0,1,1,1,1,1
2021-12-06T18,135.0,252.5,106.1,5.48,4.9,2,2,2,2,1
2021-12-06T19,142.0,275.0,103.3,,5.6,1,1,1,0,1
2021-12-06T20,131.0,221.0,,5.625,,1,1,0,1,0
2021-12-06T21,129.0,216.0,80.9,4.945,5.3,1,1,1,1,1
2021-12-06T22,132.0,220.0,78.2,5.1,4.6,1,1,1,1,1
2021-12-06T23,126.0,207.0,73.05,4.73,4.8,1,1,1,1,1
2021-12-07T00,125.0,204.0,70.3,4.8,4.6,1,1,1,1,1
2021-12-07T01,121.0,201.0,61.9,4.85,4.25,1,1,1,1,1
2021-12-07T02,122.0,202.0,97.05,4.765,4.4,1,1,1,1,1
2021-12-07T03,120.0,209.0,112.95,4.88,4.4,1,1,1,1,1
2021-12-07T04,129.0,215.0,116.55,4.96,4.3,1,1,1,1,1
2021-12-07T05,115.0,220.0,92.85,5.125,4.3,1,1,1,1,1
2021-12-07T06,80.0,159.0,62.7,6.27,4.2,1,1,1,1,1
2021-12-07T07,66.0,131.0,53.3,8.47,3.95,1,1,1,1,1
2021-12-07T08,53.0,117.0,37.8,7.47,3.45,1,1,1,1,1
2021-12-07T09,31.0,89.0,33.2,7.02,4.0,1,1,1,1,1
2021-12-07T10,24.667,76.0,41.9,6.023,4.4,1,1,1,1,1
2021-12-07T12,40.0,124.333,113.967,4.06,5.333,1,1,1,1,1
2021-12-07T13,60.0,167.0,125.5,4.12,6.4,1,1,1,1,1
2021-12-07T14,70.0,194.0,118.3,3.695,5.95,1,1,1,1,1
2021-12-08T01,114.0,189.0,73.7,3.78,3.0,1,1,1,1,1
2021-12-08T02,123.0,209.0,87.05,4.145,3.35,1,1,1,1,1
2021-12-08T03,124.0,212.0,110.3,3.96,2.2,1,1,1,1,1
2021-12-08T04,131.0,244.0,130.0,4.605,3.25,1,1,1,1,1
2021-12-08T05,154.0,271.0,94.4,5.29,3.5,1,1,1,1,1
2021-12-08T06,88.0,172.0,,,,1,1,0,0,0
2021-12-08T07,66.0,136.5,53.85,10.875,2.6,1,1,1,1,1
2021-12-08T08,62.0,128.0,49.2,10.88,3.2,1,1,1,1,1
2021-12-08T10,53.0,111.0,60.15,11.15,3.45,1,1,1,1,1
2021-12-08T11,55.0,135.0,102.95,8.175,3.4,1,1,1,1,1
2021-12-08T12,69.0,161.0,135.75,5.095,2.85,1,1,1,1,1
2021-12-08T13,84.0,188.0,147.8,5.04,4.9,1,1,1,1,1
2021-12-08T14,125.0,265.0,145.95,5.26,5.6,1,1,1,1,1
2021-12-08T15,140.0,276.0,142.2,5.52,6.7,1,1,1,1,1
2021-12-08T16,136.0,260.0,131.75,5.48,6.5,1,1,1,1,1
2021-12-08T17,156.0,285.0,130.8,6.02,6.9,1,1,1,1,1
2021-12-08T18,176.0,313.0,144.2,5.94,7.2,1,1,1,1,1
2021-12-08T19,178.0,301.0,122.6,,7.3,1,1,1,0,1
2021-12-08T20,160.0,261.0,,7.82,,1,1,0,1,0
2021-12-08T21,172.0,274.0,104.3,5.525,5.9,1,1,1,1,1
2021-12-08T22,180.0,263.0,94.2,5.23,5.2,1,1,1,1,1
2021-12-08T23,170.0,253.0,90.267,5.74,5.6,1,1,1,1,1
2021-12-09T01,150.0,215.0,73.2,5.25,4.5,1,1,1,1,1
2021-12-09T02,154.0,241.0,99.65,4.84,4.4,1,1,1,1,1
2021-12-09T03,167.0,240.0,114.1,4.66,4.3,1,1,1,1,1
2021-12-09T04,165.333,252.333,127.967,5.273,3.2,1,1,1,1,1
2021-12-09T05,162.0,249.0,127.1,5.0,3.5,1,1,1,1,1
2021-12-09T06,153.0,243.0,143.8,5.665,2.95,1,1,1,1,1
2021-12-09T07,162.0,268.0,148.2,10.43,2.8,1,1,1,1,1
2021-12-09T08,137.5,234.5,99.65,10.095,3.6,1,1,1,1,1
2021-12-09T09,99.0,180.0,69.9,11.43,2.0,1,1,1,1,1
2021-12-09T10,99.0,180.0,91.2,8.06,2.0,1,1,1,1,1
2021-12-09T11,118.0,224.0,147.25,5.685,2.4,1,1,1,1,1
2021-12-09T12,125.0,249.0,145.5,4.67,3.0,1,1,1,1,1
2021-12-09T13,142.0,273.0,163.4,4.705,4.2,1,1,1,1,1
2021-12-09T14,161.0,302.0,146.7,5.005,4.6,1,1,1,1,1
2021-12-09T15,167.0,309.0,154.5,5.2,5.2,1,1,1,1,1
2021-12-09T16,203.0,354.0,150.5,5.075,6.3,1,1,1,1,1
2021-12-09T17,226.0,383.0,140.25,5.46,6.5,1,1,1,1,1
2021-12-09T18,219.0,366.0,128.05,5.33,6.2,2,2,2,2,1
2021-12-09T19,200.0,344.0,123.9,,6.75,1,1,1,0,1
2021-12-09T21,203.0,315.0,126.3,4.74,6.9,1,1,1,1,1
2021-12-09T22,184.0,272.0,117.05,5.065,5.45,1,1,1,1,1
2021-12-09T23,177.0,252.0,102.1,4.715,4.7,1,1,1,1,1
2021-12-10T00,180.0,254.0,96.6,5.39,4.1,1,1,1,1,1
2021-12-10T01,171.0,259.0,96.8,4.68,4.0,1,1,1,1,1
2021-12-10T02,175.0,266.0,112.65,4.295,4.5,1,1,1,1,1
2021-12-10T03,201.0,313.0,134.05,4.76,4.85,1,1,1,1,1
2021-12-10T04,187.0,293.0,137.65,4.87,4.6,1,1,1,1,1
2021-12-10T05,192.0,313.0,142.5,4.545,3.7,1,1,1,1,1
2021-12-10T06,182.0,311.0,122.85,4.975,3.3,1,1,1,1,1
2021-12-10T07,157.0,269.0,108.85,5.655,2.0,1,1,1,1,1
2021-12-10T08,121.0,215.0,77.75,6.42,2.15,1,1,1,1,1
2021-12-10T09,97.0,170.0,71.667,8.587,2.367,1,1,1,1,1
2021-12-10T11,89.0,167.0,116.15,5.23,2.35,1,1,1,1,1
2021-12-10T12,102.0,221.0,140.7,4.33,3.3,1,1,1,1,1
2021-12-10T13,120.0,265.0,143.9,4.51,4.2,1,1,1,1,1
2021-12-10T14,151.0,289.0,146.25,4.83,5.4,1,1,1,1,1
2021-12-10T15,180.0,340.0,142.7,5.175,6.25,1,1,1,1,1
2021-12-10T16,201.0,345.0,153.9,4.695,6.7,1,1,1,1,1
2021-12-10T17,207.0,332.0,133.8,4.72,6.1,1,1,1,1,1
2021-12-10T18,175.0,288.0,129.4,4.59,,1,1,1,1,0
2021-12-11T18,157.0,284.0,126.6,5.01,6.7,1,1,1,1,1
2021-12-11T19,164.0,321.0,129.55,,7.1,1,1,1,0,1
2021-12-11T20,146.0,267.0,,7.31,,1,1,0,1,0
2021-12-11T21,134.0,215.0,121.5,5.0,5.8,1,1,1,1,1
2021-12-11T22,140.0,210.0,121.05,4.215,4.35,1,1,1,1,1
2021-12-11T23,123.0,189.0,117.4,3.86,2.95,1,1,1,1,1
2021-12-12T00,126.0,189.0,111.4,3.87,1.95,1,1,1,1,1
2021-12-12T01,120.0,188.0,112.2,4.17,2.8,1,1,1,1,1
2021-12-12T02,120.0,188.0,116.1,4.14,3.6,1,1,1,1,1
2021-12-12T03,119.0,190.0,125.9,3.65,2.0,1,1,1,1,1
2021-12-12T04,115.0,191.0,137.4,4.115,1.95,1,1,1,1,1
2021-12-12T05,107.0,189.0,125.55,3.645,1.15,1,1,1,1,1
2021-12-12T06,88.0,158.0,107.25,3.715,0.85,1,1,1,1,1
2021-12-12T07,81.0,143.0,95.6,4.65,0.3,1,1,1,1,1
2021-12-12T08,82.0,138.0,90.65,5.725,1.45,1,1,1,1,1
2021-12-12T09,81.0,144.0,80.45,7.67,1.0,1,1,1,1,1
2021-12-12T10,86.0,146.0,78.65,8.135,0.45,1,1,1,1,1
2021-12-12T11,80.0,153.0,103.85,6.83,0.65,1,1,1,1,1
2021-12-12T12,113.0,219.0,153.45,4.54,0.8,1,1,1,1,1
2021-12-12T13,146.0,287.0,158.5,5.06,2.3,1,1,1,1,1
2021-12-12T14,191.0,351.0,153.3,5.39,3.4,1,1,1,1,1
2021-12-12T15,207.0,368.0,155.45,5.745,5.1,1,1,1,1,1
2021-12-12T16,243.0,415.0,156.15,5.575,5.5,1,1,1,1,1
2021-12-12T17,217.0,340.0,132.7,5.335,4.85,1,1,1,1,1
2021-12-12T18,267.0,406.0,121.9,5.28,5.6,2,2,2,2,1
2021-12-12T19,262.0,394.0,104.75,,7.0,1,1,1,0,1
2021-12-12T20,284.0,422.0,,9.055,,1,1,0,1,0
2021-12-12T21,296.0,409.0,87.7,6.02,8.6,1,1,1,1,1
2021-12-12T22,294.0,403.0,102.1,6.34,8.75,1,1,1,1,1
2021-12-12T23,283.0,398.0,110.95,6.655,9.65,1,1,1,1,1
2021-12-13T00,260.0,374.0,116.8,6.53,9.65,1,1,1,1,1
2021-12-13T01,281.0,406.0,118.75,7.665,11.3,1,1,1,1,1
2021-12-13T02,312.0,462.0,113.3,7.21,12.5,1,1,1,1,1
2021-12-13T03,260.0,400.0,202.55,5.655,10.6,1,1,1,1,1
2021-12-13T05,197.0,316.0,148.75,5.37,5.65,1,1,1,1,1
2021-12-13T06,125.0,205.0,93.0,8.66,3.6,1,1,1,1,1
2021-12-13T07,96.0,160.0,76.2,8.525,3.4,1,1,1,1,1
2021-12-13T08,74.0,124.0,70.55,9.3,2.85,1,1,1,1,1
2021-12-13T09,90.0,152.5,69.2,8.81,3.25,1,1,1,1,1
2021-12-13T10,92.0,153.0,81.6,7.39,3.0,1,1,1,1,1
2021-12-13T11,111.0,190.0,90.4,7.45,3.1,1,1,1,1,1
2021-12-13T12,114.0,202.0,131.8,4.75,2.8,1,1,1,1,1
2021-12-13T13,156.0,284.0,133.55,4.39,3.9,1,1,1,1,1
2021-12-13T14,157.0,267.0,129.55,4.3,4.3,1,1,1,1,1
2021-12-13T15,198.0,318.0,115.95,4.225,4.6,1,1,1,1,1
2021-12-13T16,247.0,387.0,122.25,4.775,6.55,1,1,1,1,1
2021-12-13T17,331.0,516.0,122.7,4.86,7.45,1,1,1,1,1
2021-12-13T18,334.0,517.0,112.7,5.02,,1,1,1,1,0
2021-12-13T19,360.0,521.0,106.1,,7.7,1,1,1,0,1
2021-12-13T20,323.0,451.0,,7.6,,1,1,0,1,0
2021-12-13T21,342.0,487.0,115.75,44.365,8.15,1,1,1,1,1
2021-12-13T22,355.667,502.0,111.033,49.223,6.567,1,1,1,1,1
2021-12-13T23,311.0,444.0,108.0,17.62,4.8,1,1,1,1,1
2021-12-14T00,344.0,490.0,102.85,10.585,4.7,1,1,1,1,1
2021-12-14T01,318.0,453.0,97.3,6.93,4.1,1,1,1,1,1
2021-12-14T02,314.0,449.0,104.45,5.615,4.05,1,1,1,1,1
2021-12-14T03,293.0,434.667,133.7,4.857,2.667,1,1,1,1,1
2021-12-14T04,273.0,404.0,139.4,5.35,2.3,1,1,1,1,1
2021-12-14T05,217.0,328.0,129.5,5.92,2.0,1,1,1,1,1
2021-12-14T06,170.0,255.0,,7.53,,1,1,0,1,0
2021-12-14T07,168.0,272.0,59.15,11.37,1.6,1,1,1,1,1
2021-12-14T08,135.0,228.0,68.6,12.32,1.8,1,1,1,1,1
2021-12-14T09,119.0,196.0,59.75,9.39,1.4,1,1,1,1,1
2021-12-14T10,102.0,168.0,57.65,9.065,1.75,1,1,1,1,1
2021-12-14T11,113.0,190.0,67.95,6.775,1.7,1,1,1,1,1
2021-12-14T12,121.0,224.0,91.9,5.1,1.6,1,1,1,1,1
2021-12-14T14,169.0,336.0,94.2,5.085,4.85,1,1,1,1,1
2021-12-14T15,188.0,362.0,97.3,5.29,6.2,1,1,1,1,1
2021-12-14T16,170.0,324.0,98.9,5.39,6.9,1,1,1,1,1
2021-12-14T17,183.0,354.0,95.15,5.67,8.05,1,1,1,1,1
2021-12-14T18,200.0,342.0,94.05,5.9,5.9,1,2,2,2,1
2021-12-14T19,227.0,390.0,102.9,,6.6,1,1,1,0,1
2021-12-14T20,272.0,422.0,,9.155,,1,1,0,1,0
2021-12-14T22,179.667,253.667,79.867,5.52,1.967,1,1,1,1,1
2021-12-14T23,165.0,237.0,74.3,4.9,1.0,1,1,1,1,1
2021-12-15T00,172.0,254.0,71.3,4.23,0.7,1,1,1,1,1
2021-12-15T01,174.0,252.0,70.6,4.25,0.95,1,1,1,1,1
2021-12-15T02,158.0,241.0,82.6,4.27,0.8,1,1,1,1,1
2021-12-15T03,182.0,286.0,89.0,5.02,0.8,1,1,1,1,1
2021-12-15T05,140.0,244.0,79.35,7.465,0.8,1,1,1,1,1
2021-12-15T06,134.0,230.0,75.9,11.07,0.4,1,1,1,1,1
2021-12-15T07,107.0,199.0,67.0,11.98,0.5,1,1,1,1,1
2021-12-15T08,105.0,186.0,65.35,12.31,0.2,1,1,1,1,1
2021-12-15T12,116.0,254.0,92.5,4.78,1.0,1,1,1,1,1
2021-12-15T13,116.0,254.0,94.4,5.1,1.5,1,1,1,1,1
2021-12-15T15,155.0,291.0,92.25,4.975,2.45,1,1,1,1,1
2021-12-15T16,148.0,277.0,91.3,5.26,3.0,1,1,1,1,1
2021-12-15T17,142.0,265.0,93.8,5.185,3.5,1,1,1,1,1
2021-12-15T18,158.0,289.0,93.8,5.84,5.4,2,2,2,2,1
2021-12-15T20,244.0,382.0,,7.165,,1,1,0,1,0
2021-12-15T21,227.0,338.0,87.6,82.22,3.6,1,1,1,1,1
2021-12-15T22,165.0,258.0,79.85,101.9,3.2,1,1,1,1,1
2021-12-15T23,143.0,222.0,74.05,46.93,2.55,1,1,1,1,1
2021-12-16T02,162.0,270.0,79.0,21.295,3.1,1,1,1,1,1
2021-12-16T03,179.0,310.0,93.8,17.895,3.05,1,1,1,1,1
2021-12-16T04,198.0,352.0,98.5,26.95,3.1,1,1,1,1,1
2021-12-16T05,223.0,399.0,110.65,15.925,3.35,1,1,1,1,1
2021-12-16T06,210.0,382.0,108.0,11.07,2.9,1,1,1,1,1
2021-12-16T07,198.0,364.0,90.0,10.86,2.3,1,1,1,1,1
2021-12-16T08,154.0,284.0,81.85,23.38,2.2,1,1,1,1,1
2021-12-16T09,123.0,226.0,74.3,15.66,1.9,1,1,1,1,1
2021-12-16T10,128.0,231.0,75.85,7.215,2.0,1,1,1,1,1
2021-12-16T11,98.0,184.0,77.9,6.0,1.5,1,1,1,1,1
2021-12-16T12,100.0,186.0,77.95,5.135,2.0,1,1,1,1,1
2021-12-16T14,143.0,254.0,85.7,4.82,2.9,1,1,1,1,1
2021-12-16T16,188.0,307.0,,4.53,55.9,1,1,0,1,1
2021-12-16T17,166.0,270.0,,4.84,43.65,1,1,0,1,1
2021-12-16T19,122.0,192.0,,,22.75,1,1,0,0,1
2021-12-16T20,115.0,182.0,,4.25,,1,1,0,1,0
2021-12-16T21,114.0,186.0,,4.57,18.0,1,1,0,1,1
2021-12-16T22,123.0,198.0,,4.605,17.85,1,1,0,1,1
2021-12-16T23,138.0,217.5,,4.84,24.35,1,1,0,1,1
2021-12-17T01,129.0,205.0,,3.96,25.0,1,1,0,1,1
2021-12-17T03,127.0,221.0,,4.55,40.0,1,1,0,1,1
2021-12-17T04,104.0,195.5,75.7,9.38,6.9,1,1,1,1,1
2021-12-17T05,74.0,174.0,65.0,12.37,6.6,1,1,1,1,1
2021-12-17T06,74.0,174.0,57.3,14.82,5.3,1,1,1,1,1
2021-12-17T07,59.0,152.0,53.7,16.815,4.65,1,1,1,1,1
2021-12-17T08,59.0,152.0,49.75,18.855,4.7,1,1,1,1,1
2021-12-17T09,46.0,125.0,50.0,15.365,5.2,1,1,1,1,1
2021-12-17T10,43.0,110.0,51.1,12.37,5.5,1,1,1,1,1
2021-12-17T11,53.0,112.0,57.55,11.07,5.15,1,1,1,1,1
2021-12-17T12,71.0,143.0,81.3,6.62,6.5,1,1,1,1,1
2021-12-17T13,106.0,196.0,84.4,5.78,6.3,1,1,1,1,1
2021-12-17T14,118.0,200.0,83.4,5.86,6.6,1,1,1,1,1
2021-12-17T15,127.0,226.0,83.5,4.82,6.6,1,1,1,1,1
2021-12-17T16,137.0,222.0,76.45,5.285,5.75,1,1,1,1,1
2021-12-17T17,142.0,218.0,72.5,4.88,5.7,1,1,1,1,1
2021-12-17T18,145.0,214.0,70.95,5.325,5.2,2,2,2,2,1
2021-12-17T19,127.0,197.0,68.7,,4.75,1,1,1,0,1
2021-12-17T20,134.0,205.0,,5.175,,1,1,0,1,0
2021-12-17T22,138.0,203.0,61.6,4.92,4.6,1,1,1,1,1
2021-12-17T23,146.0,217.0,57.7,5.0,5.0,1,1,1,1,1
2021-12-18T01,118.0,173.0,54.9,4.86,5.3,1,1,1,1,1
2021-12-18T02,133.0,200.0,56.833,4.443,5.733,1,1,1,1,1
2021-12-18T03,139.0,214.0,60.0,4.23,5.5,1,1,1,1,1
2021-12-18T04,137.0,214.0,90.0,4.21,6.2,1,1,1,1,1
2021-12-18T05,134.0,212.0,85.2,5.38,4.65,1,1,1,1,1
2021-12-18T06,123.0,203.0,81.55,6.535,4.55,1,1,1,1,1
2021-12-18T07,106.0,186.0,73.3,8.82,4.8,1,1,1,1,1
2021-12-18T08,90.0,173.0,67.3,8.57,3.9,1,1,1,1,1
2021-12-18T09,72.0,155.0,47.15,14.395,4.5,1,1,1,1,1
2021-12-18T10,62.0,140.0,44.4,10.82,4.6,1,1,1,1,1
2021-12-18T11,63.0,137.0,48.3,8.62,4.6,1,1,1,1,1
2021-12-18T12,79.0,172.0,84.9,5.085,5.25,1,1,1,1,1
2021-12-18T13,92.0,190.0,88.6,4.705,5.75,1,1,1,1,1
2021-12-18T14,95.0,195.0,89.3,4.66,5.8,1,1,1,1,1
2021-12-18T15,102.0,195.0,86.2,4.745,5.55,1,1,1,1,1
2021-12-18T16,96.0,193.0,79.1,4.59,6.6,1,1,1,1,1
2021-12-18T17,117.0,214.0,76.35,4.325,6.0,1,1,1,1,1
2021-12-18T18,104.0,181.0,73.0,4.88,,1,1,1,1,0
2021-12-18T19,101.0,178.0,69.0,,5.0,1,1,1,0,1
2021-12-18T20,95.0,161.0,,4.33,,1,1,0,1,0
2021-12-18T21,85.0,140.0,60.2,3.98,4.5,1,1,1,1,1
2021-12-18T22,81.0,138.0,59.35,4.045,4.15,1,1,1,1,1
2021-12-18T23,81.0,130.0,55.95,3.945,4.35,1,1,1,1,1
2021-12-19T00,77.0,128.0,56.0,3.59,3.9,1,1,1,1,1
2021-12-19T01,83.0,147.0,62.5,3.82,4.4,1,1,1,1,1
2021-12-19T02,90.0,158.0,68.2,4.08,6.2,1,1,1,1,1
2021-12-19T03,102.0,178.0,75.4,3.98,5.0,1,1,1,1,1
2021-12-19T06,85.0,172.0,65.267,6.7,4.4,1,1,1,1,1
2021-12-19T07,83.0,168.0,61.3,7.31,4.3,1,1,1,1,1
2021-12-19T09,74.0,146.0,59.7,8.23,4.4,1,1,1,1,1
2021-12-19T11,77.0,166.0,75.2,5.63,4.6,1,1,1,1,1
2021-12-19T12,111.0,224.0,88.8,5.39,4.3,1,1,1,1,1
2021-12-19T14,139.0,265.0,100.7,5.51,5.7,1,1,1,1,1
2021-12-19T15,173.0,301.0,97.9,4.78,5.9,1,1,1,1,1
2021-12-19T16,196.0,335.0,94.8,4.93,6.8,1,1,1,1,1
2021-12-19T18,196.0,316.0,86.0,4.49,5.1,1,1,1,1,1
2021-12-19T19,191.0,314.0,84.0,,5.1,1,1,1,0,1
2021-12-19T20,177.0,281.0,,5.1,,1,1,0,1,0
2021-12-19T21,151.0,244.0,82.3,4.88,3.9,1,1,1,1,1
2021-12-19T22,158.0,249.0,75.55,3.91,3.7,1,1,1,1,1
2021-12-19T23,139.0,222.0,73.7,3.98,3.6,1,1,1,1,1
2021-12-20T00,156.0,256.0,73.75,3.945,4.05,1,1,1,1,1
2021-12-20T01,129.0,207.0,71.9,4.165,3.85,1,1,1,1,1
2021-12-20T02,131.0,218.0,89.4,4.14,4.1,1,1,1,1,1
2021-12-20T04,111.0,200.0,92.1,4.94,3.4,1,1,1,1,1
2021-12-20T06,104.0,198.0,79.2,10.085,3.05,1,1,1,1,1
2021-12-20T09,72.0,146.0,58.35,14.33,3.2,1,1,1,1,1
2021-12-21T06,147.0,248.0,124.8,7.39,1.8,1,1,1,1,1
2021-12-22T02,277.0,434.0,91.0,5.33,5.6,1,1,1,1,1
2021-12-22T17,364.0,618.0,120.8,14.41,7.2,1,1,1,1,1
2021-12-22T18,377.0,641.0,124.3,11.72,8.1,1,1,1,1,1
2021-12-22T19,392.0,642.0,123.7,,8.4,1,1,1,0,1
2021-12-22T21,468.0,713.0,106.5,9.8,8.7,1,1,1,1,1
2021-12-23T02,404.0,594.0,111.4,6.86,4.9,1,1,1,1,1
2021-12-23T05,278.0,459.0,137.9,6.21,0.3,1,1,1,1,1
2021-12-23T12,,359.0,,,,0,1,0,0,0
2021-12-23T14,337.0,579.0,110.8,6.13,12.1,1,1,1,1,1
2021-12-23T20,319.0,483.0,,5.47,,1,1,0,1,0
2021-12-23T21,310.0,474.0,86.9,5.19,4.5,1,1,1,1,1
2021-12-24T00,292.0,435.0,77.2,5.39,5.6,1,1,1,1,1
2021-12-24T04,290.0,455.0,120.9,4.06,5.2,1,1,1,1,1
2021-12-24T06,146.0,251.0,91.2,5.61,3.6,1,1,1,1,1
2021-12-24T08,115.0,212.0,79.7,7.1,4.1,1,1,1,1,1
2021-12-24T18,376.0,589.0,89.7,5.92,8.6,1,1,1,1,1
2021-12-24T19,436.0,663.0,71.1,,8.0,1,1,1,0,1
2021-12-24T22,374.0,563.0,83.4,10.09,10.2,1,1,1,1,1
2021-12-25T05,294.0,436.0,126.7,5.94,4.8,1,1,1,1,1
2021-12-25T12,225.0,415.0,102.1,8.76,0.7,1,1,1,1,1
2021-12-25T13,290.0,524.0,113.7,14.29,2.0,1,1,1,1,1
2021-12-25T22,575.0,863.0,95.6,12.49,10.6,1,1,1,1,1
2021-12-25T23,554.0,825.0,91.6,11.29,10.2,1,1,1,1,1
2021-12-26T00,452.0,659.0,95.9,8.72,10.0,1,1,1,1,1
2021-12-26T02,403.0,572.0,92.0,6.57,8.3,1,1,1,1,1
2021-12-26T09,290.0,458.0,90.4,4.82,0.5,1,1,1,1,1
2021-12-26T18,209.0,290.0,78.4,6.74,3.2,1,1,1,1,1
2021-12-26T21,52.0,76.0,63.4,5.49,5.7,1,1,1,1,1
2021-12-27T03,112.0,180.0,83.0,17.6,6.3,1,1,1,1,1
2021-12-27T07,59.0,110.0,74.0,10.25,5.8,1,1,1,1,1
2021-12-27T19,103.0,179.0,79.9,,4.7,1,1,1,0,1
2021-12-27T21,86.0,132.0,69.9,13.82,3.4,1,1,1,1,1
2021-12-27T22,87.0,137.0,70.9,16.13,3.7,1,1,1,1,1
2021-12-28T00,121.0,194.0,70.0,15.11,3.5,1,1,1,1,1
2021-12-28T02,142.0,230.0,73.3,9.72,4.3,1,1,1,1,1
2021-12-28T06,199.0,365.0,107.5,11.31,6.2,1,1,1,1,1
2021-12-28T20,150.0,240.0,,7.41,,1,1,0,1,0
2021-12-28T21,152.0,258.0,71.9,6.25,6.1,1,1,1,1,1
2021-12-29T01,118.0,180.0,66.9,3.98,6.2,1,1,1,1,1
2021-12-29T03,130.0,202.0,67.0,4.76,6.0,1,1,1,1,1
2021-12-29T04,155.0,249.0,129.9,4.88,5.8,1,1,1,1,1
2021-12-29T10,27.0,70.0,52.7,6.64,3.0,1,1,1,1,1
2021-12-30T06,84.0,155.0,74.5,5.9,2.5,1,1,1,1,1
2021-12-30T07,60.0,114.0,65.6,6.72,1.8,1,1,1,1,1
2021-12-30T09,48.0,99.0,49.3,7.51,1.4,1,1,1,1,1
2021-12-30T19,133.0,234.0,77.0,,5.5,1,1,1,0,1
2021-12-30T20,165.0,285.0,,5.21,,1,1,0,1,0
2021-12-30T22,155.0,240.0,76.4,4.25,4.5,1,1,1,1,1
2021-12-31T02,182.0,318.0,77.0,4.17,6.4,1,1,1,1,1
2025-12-31T18,243.0,294.0,35.2,14.17,9.2,1,1,1,1,1
2025-12-31T19,236.75,290.0,29.7,17.012,10.475,1,1,1,1,1
2025-12-31T20,217.75,280.25,22.9,22.902,9.925,1,1,1,1,1
2025-12-31T21,214.25,283.75,17.075,25.81,9.65,1,1,1,1,1
2025-12-31T22,200.667,267.333,16.6,30.773,9.833,1,1,1,1,1
2025-12-31T23,184.5,246.5,16.325,33.212,9.9,1,1,1,1,1
2026-01-01T00,169.5,221.0,19.475,31.633,9.05,1,1,1,1,1
2026-01-01T01,173.75,213.5,21.4,31.765,9.675,1,1,1,1,1
2026-01-01T02,172.75,217.0,25.125,27.98,9.1,1,1,1,1,1
2026-01-01T03,177.0,213.0,23.525,28.773,9.6,1,1,1,1,1
2026-01-01T04,189.0,213.0,25.75,25.693,9.725,1,1,1,1,1
2026-01-01T05,181.5,222.0,28.8,29.062,11.05,1,1,1,1,1
2026-01-01T06,186.0,225.0,31.225,29.893,11.3,1,1,1,1,1
2026-01-01T07,185.25,232.0,31.15,33.057,11.275,1,1,1,1,1
2026-01-01T08,185.25,230.5,31.5,35.472,11.35,1,1,1,1,1
2026-01-01T09,192.0,245.5,33.725,33.498,11.175,1,1,1,1,1
2026-01-01T10,194.75,255.0,46.275,22.883,10.15,1,1,1,1,1
2026-01-01T11,208.0,277.333,55.933,13.827,10.7,1,1,1,1,1
2026-01-01T12,224.0,297.75,78.55,3.67,11.2,1,1,1,1,1
2026-01-01T13,242.0,315.75,86.025,2.82,11.15,1,1,1,1,1
2026-01-01T14,245.0,318.5,85.425,2.282,11.05,1,1,1,1,1
2026-01-01T15,247.0,311.25,72.425,3.763,10.95,1,1,1,1,1
2026-01-01T16,222.0,278.0,52.025,16.113,10.725,1,1,1,1,1
2026-01-01T17,204.333,252.333,44.867,17.097,10.7,1,1,1,1,1
2026-01-01T18,131.0,165.0,30.5,20.19,8.9,1,1,1,1,1
2026-01-01T19,114.75,144.25,24.05,24.145,8.55,1,1,1,1,1
2026-01-01T20,64.5,80.5,19.7,27.12,8.975,1,1,1,1,1
2026-01-01T21,62.0,77.0,18.55,20.652,9.4,1,1,1,1,1
2026-01-01T22,68.0,81.25,21.525,18.595,9.425,1,1,1,1,1
2026-01-01T23,68.5,82.25,19.075,20.552,9.4,1,1,1,1,1
2026-01-02T00,70.0,79.75,26.375,11.22,8.9,1,1,1,1,1
2026-01-02T01,71.333,98.0,46.167,4.26,9.367,1,1,1,1,1
2026-01-02T02,78.25,105.5,45.725,10.428,9.075,1,1,1,1,1
2026-01-02T03,86.75,121.0,49.85,15.735,9.525,1,1,1,1,1
2026-01-02T04,72.667,114.667,40.267,30.363,9.767,1,1,1,1,1
2026-01-02T05,71.0,106.333,30.333,41.137,10.467,1,1,1,1,1
2026-01-02T06,74.25,104.5,28.45,48.905,11.025,1,1,1,1,1
2026-01-02T07,77.0,112.25,31.825,51.58,11.775,1,1,1,1,1
2026-01-02T10,73.0,112.667,32.0,38.08,10.267,1,1,1,1,1
2026-01-02T11,81.5,126.75,38.475,32.462,9.55,1,1,1,1,1
2026-01-02T12,92.75,138.5,49.85,24.62,8.575,1,1,1,1,1
2026-01-02T13,111.25,159.0,75.675,8.275,9.25,1,1,1,1,1
2026-01-02T14,131.333,180.333,83.2,6.897,10.633,1,1,1,1,1
2026-01-02T15,126.5,178.5,67.625,16.393,9.8,1,1,1,1,1
2026-01-02T16,118.5,162.25,60.35,19.05,8.95,1,1,1,1,1
2026-01-02T17,110.5,154.5,51.875,19.672,9.45,1,1,1,1,1
2026-01-02T20,118.25,159.5,76.9,1.597,13.275,1,1,1,1,1
2026-01-02T21,120.25,165.5,71.9,2.265,13.975,1,1,1,1,1
2026-01-02T22,127.25,172.0,68.175,1.875,12.275,1,1,1,1,1
2026-01-02T23,137.75,181.0,70.3,1.758,13.475,1,1,1,1,1
2026-01-03T00,139.5,188.0,64.65,2.065,13.625,1,1,1,1,1
2026-01-03T01,137.0,180.75,65.85,7.45,13.325,1,1,1,1,1
2026-01-03T02,137.0,179.75,59.8,9.188,13.325,1,1,1,1,1
2026-01-03T03,148.25,193.25,71.2,11.805,13.475,1,1,1,1,1
2026-01-03T04,148.5,202.5,67.225,22.06,14.05,1,1,1,1,1
2026-01-03T05,127.0,177.75,55.575,33.532,13.925,1,1,1,1,1
2026-01-03T06,113.25,153.0,33.6,50.275,14.075,1,1,1,1,1
2026-01-03T07,94.0,131.25,36.3,61.45,14.675,1,1,1,1,1
2026-01-03T08,107.75,150.25,41.425,64.447,14.25,1,1,1,1,1
2026-01-03T09,115.0,165.5,41.725,66.42,14.3,1,1,1,1,1
2026-01-03T10,123.5,186.75,45.625,49.95,14.65,1,1,1,1,1
2026-01-03T11,133.25,203.25,55.75,37.96,13.9,1,1,1,1,1
2026-01-03T12,148.5,218.75,66.6,19.738,14.125,1,1,1,1,1
2026-01-03T13,172.25,241.25,78.425,14.077,13.975,1,1,1,1,1
2026-01-03T14,159.25,222.0,90.5,5.883,14.3,1,1,1,1,1
2026-01-03T15,135.0,198.25,95.425,2.385,14.575,1,1,1,1,1
2026-01-03T16,135.25,202.75,101.65,2.513,14.55,1,1,1,1,1
2026-01-03T17,155.25,227.25,108.075,2.21,14.8,1,1,1,1,1
2026-01-03T18,174.0,250.0,122.5,2.21,9.6,1,1,1,1,1
2026-01-03T19,174.0,250.0,121.733,2.213,9.3,1,1,1,1,1
2026-01-03T20,166.75,237.5,112.25,1.45,9.725,1,1,1,1,1
2026-01-03T21,165.25,225.75,122.175,2.298,10.375,1,1,1,1,1
2026-01-03T22,152.75,219.75,121.1,1.895,10.75,1,1,1,1,1
2026-01-03T23,146.25,207.75,108.375,1.475,10.125,1,1,1,1,1
2026-01-04T00,137.75,190.0,103.0,1.923,10.275,1,1,1,1,1
2026-01-04T01,134.75,181.75,70.225,2.44,9.0,1,1,1,1,1
2026-01-04T02,130.5,178.75,67.6,3.518,8.15,1,1,1,1,1
2026-01-04T03,139.5,190.5,75.5,7.898,8.675,1,1,1,1,1
2026-01-04T04,136.5,183.25,49.85,21.117,10.075,1,1,1,1,1
2026-01-04T05,115.0,157.5,39.675,33.75,10.875,1,1,1,1,1
2026-01-04T06,115.333,161.0,35.5,52.907,10.867,1,1,1,1,1
2026-01-04T07,110.0,161.5,35.55,57.96,10.2,1,1,1,1,1
2026-01-04T08,115.25,163.25,36.25,59.28,9.825,1,1,1,1,1
2026-01-04T09,133.75,186.0,38.675,59.948,9.775,1,1,1,1,1
2026-01-04T10,141.5,199.0,45.35,50.235,9.1,1,1,1,1,1
2026-01-04T11,141.25,202.25,51.525,28.873,8.525,1,1,1,1,1
2026-01-04T12,145.0,203.0,70.367,16.277,8.367,1,1,1,1,1
2026-01-04T13,154.75,205.0,57.275,19.255,8.2,1,1,1,1,1
2026-01-04T14,122.5,161.5,51.7,24.915,7.8,1,1,1,1,1
2026-01-04T15,116.75,147.5,57.175,21.295,8.275,1,1,1,1,1
2026-01-04T16,103.0,137.0,46.3,21.8,7.7,1,1,1,1,1
2026-01-04T17,99.75,133.0,40.475,23.303,8.65,1,1,1,1,1
2026-01-04T18,75.0,102.0,22.4,30.48,9.5,1,1,1,1,1
2026-01-04T19,82.5,111.0,24.65,29.047,9.425,1,1,1,1,1
2026-01-04T20,106.0,138.0,27.85,23.378,9.825,1,1,1,1,1
2026-01-04T21,108.25,139.25,27.025,25.613,9.7,1,1,1,1,1
2026-01-04T22,106.75,143.25,22.275,30.19,9.95,1,1,1,1,1
2026-01-04T23,113.25,149.25,27.25,21.613,8.65,1,1,1,1,1
2026-01-05T00,127.75,169.25,33.55,19.932,9.1,1,1,1,1,1
2026-01-05T01,133.5,182.5,31.8,20.078,9.85,1,1,1,1,1
2026-01-05T02,129.25,180.0,34.7,20.952,10.55,1,1,1,1,1
2026-01-05T03,109.5,164.75,35.3,24.613,10.5,1,1,1,1,1
2026-01-05T04,109.0,164.0,40.425,29.36,10.25,1,1,1,1,1
2026-01-05T05,126.0,188.0,43.475,41.625,11.525,1,1,1,1,1
2026-01-05T06,114.0,175.75,43.875,62.983,11.7,1,1,1,1,1
2026-01-05T07,113.0,169.0,46.075,77.707,11.9,1,1,1,1,1
2026-01-05T08,109.333,176.667,44.067,98.98,12.233,1,1,1,1,1
2026-01-05T09,112.0,182.25,47.525,92.365,12.5,1,1,1,1,1
2026-01-05T10,124.333,207.333,50.267,77.4,11.1,1,1,1,1,1
2026-01-05T11,126.25,212.5,66.725,44.365,11.05,1,1,1,1,1
2026-01-05T12,134.5,227.25,90.2,15.705,10.725,1,1,1,1,1
2026-01-05T13,151.75,236.75,110.675,3.705,10.95,1,1,1,1,1
2026-01-05T14,166.5,255.0,102.075,2.652,10.825,1,1,1,1,1
2026-01-05T15,176.75,252.25,97.35,2.518,11.175,1,1,1,1,1
2026-01-05T16,181.75,244.75,98.725,2.615,10.725,1,1,1,1,1
2026-01-05T17,194.667,264.0,104.9,1.9,12.3,1,1,1,1,1
2026-01-05T18,157.0,207.0,85.8,2.92,11.5,1,1,1,1,1
2026-01-05T19,151.25,198.5,69.25,3.787,10.8,1,1,1,1,1
2026-01-05T20,134.0,175.0,63.025,2.397,11.375,1,1,1,1,1
2026-01-05T21,134.5,178.333,61.075,2.397,11.125,1,1,1,1,1
2026-01-05T22,134.75,172.25,53.975,3.047,10.75,1,1,1,1,1
2026-01-05T23,131.0,169.75,47.7,4.027,10.85,1,1,1,1,1
2026-01-06T00,131.0,169.0,45.367,3.993,11.033,1,1,1,1,1
2026-01-06T01,137.0,184.0,49.35,2.362,11.725,1,1,1,1,1
2026-01-06T02,150.0,205.0,51.175,3.748,11.825,1,1,1,1,1
2026-01-06T03,165.0,220.25,55.075,6.533,12.2,1,1,1,1,1
2026-01-06T04,175.75,239.75,51.8,11.957,11.85,1,1,1,1,1
2026-01-06T05,185.5,246.0,51.5,18.26,12.4,1,1,1,1,1
2026-01-06T06,188.0,247.25,51.525,28.02,12.9,1,1,1,1,1
2026-01-06T07,181.0,240.0,52.525,44.455,13.325,1,1,1,1,1
2026-01-06T08,181.75,248.0,58.125,50.398,13.625,1,1,1,1,1
2026-01-06T09,190.5,258.5,54.35,35.443,14.25,1,1,1,1,1
2026-01-06T10,179.75,244.5,54.4,26.232,12.4,1,1,1,1,1
2026-01-06T11,162.667,233.333,,12.12,,1,1,0,1,0
2026-01-06T12,148.0,214.0,,3.297,,1,1,0,1,0
2026-01-06T13,165.75,232.5,,2.593,,1,1,0,1,0
2026-01-06T14,174.0,237.0,,2.647,,1,1,0,1,0
2026-01-06T15,172.5,235.5,,2.525,,1,1,0,1,0
2026-01-06T16,170.75,231.5,,2.828,,1,1,0,1,0
2026-01-06T17,156.5,209.5,,6.908,,1,1,0,1,0
2026-01-06T18,122.0,166.0,47.5,11.92,11.7,1,1,1,1,1
2026-01-06T19,116.333,160.0,41.0,13.523,13.033,1,1,1,1,1
2026-01-06T20,104.333,148.667,38.8,16.123,14.0,1,1,1,1,1
2026-01-06T21,103.75,150.0,31.85,19.533,13.9,1,1,1,1,1
2026-01-06T22,104.75,149.0,36.567,20.047,13.8,1,1,1,1,1
2026-01-06T23,99.75,145.5,,21.08,13.175,1,1,0,1,1
2026-01-07T00,97.25,144.5,,20.66,,1,1,0,1,0
2026-01-07T01,100.5,146.75,48.2,18.418,11.4,1,1,1,1,1
2026-01-07T02,97.75,151.0,41.65,20.05,12.5,1,1,1,1,1
2026-01-07T03,96.0,157.75,35.375,24.848,14.1,1,1,1,1,1
2026-01-07T04,110.25,162.25,33.05,30.732,14.65,1,1,1,1,1
2026-01-07T05,132.75,172.75,34.85,39.49,15.65,1,1,1,1,1
2026-01-07T06,128.0,188.333,38.3,47.33,15.633,1,1,1,1,1
2026-01-07T07,139.25,203.25,45.025,52.068,16.3,1,1,1,1,1
2026-01-07T08,159.75,225.75,43.425,57.422,17.2,1,1,1,1,1
2026-01-07T09,157.25,242.0,45.65,61.642,17.55,1,1,1,1,1
2026-01-07T10,161.75,257.0,51.3,60.675,17.1,1,1,1,1,1
2026-01-07T11,160.5,254.5,56.175,36.843,16.1,1,1,1,1,1
2026-01-07T12,158.0,251.0,61.7,12.363,16.225,1,1,1,1,1
2026-01-07T13,185.5,262.75,67.725,5.283,15.9,1,1,1,1,1
2026-01-07T14,229.5,259.75,76.3,4.66,17.35,1,1,1,1,1
2026-01-07T15,305.5,260.0,68.45,3.422,16.425,1,1,1,1,1
2026-01-07T16,221.5,269.25,56.625,2.885,16.675,1,1,1,1,1
2026-01-07T17,187.25,230.75,49.1,1.732,16.925,1,1,1,1,1
2026-01-07T18,161.0,213.0,50.7,1.14,8.9,1,1,1,1,1
2026-01-07T19,147.0,195.5,45.625,2.675,8.975,1,1,1,1,1
2026-01-07T20,101.0,137.75,33.525,7.385,8.2,1,1,1,1,1
2026-01-07T21,89.5,123.5,31.025,7.837,7.7,1,1,1,1,1
2026-01-07T22,90.75,128.333,34.0,7.468,7.75,1,1,1,1,1
2026-01-07T23,88.5,126.75,33.95,10.473,7.725,1,1,1,1,1
2026-01-08T00,84.25,119.25,,6.447,7.275,1,1,0,1,1
2026-01-08T01,84.0,117.0,44.3,7.707,6.6,1,1,1,1,1
2026-01-08T02,81.75,119.0,40.525,9.165,7.8,1,1,1,1,1
2026-01-08T03,90.5,138.5,40.375,9.552,8.0,1,1,1,1,1
2026-01-08T04,115.25,183.5,44.5,16.875,9.075,1,1,1,1,1
2026-01-08T05,139.75,210.25,48.8,34.468,9.625,1,1,1,1,1
2026-01-08T06,184.0,272.0,58.725,51.095,9.3,1,1,1,1,1
2026-01-08T07,233.25,334.0,57.7,73.198,10.5,1,1,1,1,1
2026-01-08T08,208.75,307.25,49.825,100.655,10.1,1,1,1,1,1
2026-01-08T09,166.25,246.75,40.625,109.39,10.525,1,1,1,1,1
2026-01-08T10,133.667,208.0,47.333,91.443,10.167,1,1,1,1,1
2026-01-08T11,151.25,247.75,63.275,66.22,9.525,1,1,1,1,1
2026-01-08T12,209.0,334.25,112.4,13.268,10.25,1,1,1,1,1
2026-01-08T13,270.75,413.25,137.6,3.147,10.9,1,1,1,1,1
2026-01-08T14,276.25,408.25,132.0,3.272,11.725,1,1,1,1,1
2026-01-08T15,326.0,443.25,122.575,3.39,11.575,1,1,1,1,1
2026-01-08T16,391.5,511.0,91.875,2.553,10.975,1,1,1,1,1
2026-01-08T17,352.0,451.75,76.925,2.195,11.4,1,1,1,1,1
2026-01-08T18,188.0,266.0,60.8,1.82,10.8,1,1,1,1,1
2026-01-08T19,189.75,268.5,64.125,1.718,11.175,1,1,1,1,1
2026-01-08T20,199.5,279.5,57.275,1.475,10.425,1,1,1,1,1
2026-01-08T21,204.25,279.0,46.375,1.498,9.275,1,1,1,1,1
2026-01-08T22,176.5,245.5,43.825,1.42,8.375,1,1,1,1,1
2026-01-08T23,165.5,239.75,41.8,1.56,8.8,1,1,1,1,1
2026-01-09T00,144.75,221.25,42.45,1.435,8.45,1,1,1,1,1
2026-01-09T01,158.0,219.5,41.25,2.008,9.4,1,1,1,1,1
2026-01-09T02,219.5,282.5,60.6,3.0,9.775,1,1,1,1,1
2026-01-09T03,247.75,327.0,66.4,3.843,10.625,1,1,1,1,1
2026-01-09T04,248.5,325.5,87.175,9.05,12.525,1,1,1,1,1
2026-01-09T05,280.0,366.0,79.667,21.333,13.6,1,1,1,1,1
2026-01-09T06,256.25,345.5,95.025,50.4,16.15,1,1,1,1,1
2026-01-09T07,309.75,412.667,101.9,78.32,16.85,1,1,1,1,1
2026-01-09T08,323.5,444.25,101.85,86.118,17.0,1,1,1,1,1
2026-01-09T09,338.0,480.5,89.05,65.135,16.2,1,1,1,1,1
2026-01-09T10,304.5,463.25,92.25,48.82,15.8,1,1,1,1,1
2026-01-09T11,306.75,470.75,120.5,16.7,13.125,1,1,1,1,1
2026-01-09T12,311.333,457.667,129.667,3.167,12.533,1,1,1,1,1
2026-01-09T13,313.25,440.25,124.175,4.465,12.025,1,1,1,1,1
2026-01-09T14,348.25,462.0,107.7,2.83,11.675,1,1,1,1,1
2026-01-09T15,304.25,395.5,90.1,3.092,10.7,1,1,1,1,1
2026-01-09T16,256.333,344.333,81.1,2.2,9.6,1,1,1,1,1
2026-01-09T17,233.333,318.333,,1.62,10.633,1,1,0,1,1
2026-01-09T18,214.0,288.0,,1.22,10.7,1,1,0,1,1
2026-01-09T19,203.5,274.75,,1.272,11.225,1,1,0,1,1
2026-01-09T20,171.0,233.0,,1.265,10.675,1,1,0,1,1
2026-01-09T21,169.5,231.0,,1.603,11.675,1,1,0,1,1
2026-01-09T22,175.0,245.25,,2.945,12.3,1,1,0,1,1
2026-01-09T23,173.5,242.75,,1.63,11.3,1,1,0,1,1
2026-01-10T00,161.5,219.75,,1.95,11.0,1,1,0,1,1
2026-01-10T01,168.75,237.75,,2.255,11.175,1,1,0,1,1
2026-01-10T02,188.25,260.25,,2.298,11.95,1,1,0,1,1
2026-01-10T03,224.0,295.0,,2.802,13.2,1,1,0,1,1
2026-01-10T04,230.0,298.0,,5.47,15.8,1,1,0,1,1
2026-01-10T05,226.25,293.75,70.05,17.693,21.9,1,1,1,1,1
2026-01-10T06,167.5,231.0,46.55,45.44,20.8,1,1,1,1,1
2026-01-10T07,103.75,161.25,48.25,64.558,19.575,1,1,1,1,1
2026-01-10T08,97.0,159.0,39.5,80.565,15.15,1,1,1,1,1
2026-01-10T09,92.75,169.25,38.3,78.767,14.55,1,1,1,1,1
2026-01-10T10,72.5,150.25,39.825,58.047,14.5,1,1,1,1,1
2026-01-10T11,80.75,173.5,52.65,30.035,13.85,1,1,1,1,1
2026-01-20T14,269.0,410.0,12.7,2.39,4.9,1,1,1,1,1
2026-01-20T15,285.5,428.5,13.0,3.105,5.925,1,1,1,1,1
2026-01-20T16,331.0,472.75,13.075,2.9,6.325,1,1,1,1,1
2026-01-20T17,311.5,429.5,13.325,2.662,7.05,1,1,1,1,1
2026-01-20T18,274.0,376.0,13.3,2.45,7.2,1,1,1,1,1
2026-01-20T19,274.75,374.25,13.3,3.09,7.05,1,1,1,1,1
2026-01-20T20,270.25,359.0,13.275,3.627,6.925,1,1,1,1,1
2026-01-20T21,244.0,318.75,13.45,3.095,7.6,1,1,1,1,1
2026-01-20T22,219.25,279.25,12.775,2.805,5.15,1,1,1,1,1
2026-01-20T23,202.0,254.667,12.633,2.69,4.567,1,1,1,1,1
2026-01-21T00,212.5,260.25,12.75,2.685,5.15,1,1,1,1,1
2026-01-21T01,226.0,267.0,12.8,2.66,5.3,1,1,1,1,1
2026-01-21T02,218.667,282.5,12.575,2.495,4.45,1,1,1,1,1
2026-01-21T03,227.0,294.25,12.725,2.677,5.05,1,1,1,1,1
2026-01-21T04,220.5,302.5,14.3,2.7,10.45,1,1,1,1,1
2026-01-21T05,219.0,306.75,16.9,2.763,19.55,1,1,1,1,1
2026-01-21T06,155.5,236.5,17.5,2.84,21.65,1,1,1,1,1
2026-01-21T07,117.0,189.0,17.1,2.922,20.25,1,1,1,1,1
2026-01-21T08,109.75,173.0,16.975,3.16,19.8,1,1,1,1,1
2026-01-21T09,98.75,162.25,17.0,3.177,19.975,1,1,1,1,1
2026-01-21T10,74.0,138.5,16.325,2.9,17.55,1,1,1,1,1
2026-01-21T11,74.0,156.0,14.567,2.793,11.367,1,1,1,1,1
2026-01-21T12,98.5,201.5,13.6,2.897,8.1,1,1,1,1,1
2026-01-21T13,127.75,239.25,13.3,2.81,7.025,1,1,1,1,1
2026-01-21T14,165.25,301.75,13.3,2.665,7.075,1,1,1,1,1
2026-01-21T15,195.5,354.75,13.4,2.833,7.425,1,1,1,1,1
2026-01-21T16,211.5,359.75,13.5,2.477,7.675,1,1,1,1,1
2026-01-21T17,207.5,350.25,13.775,2.605,8.75,1,1,1,1,1
2026-01-21T18,195.0,337.0,13.5,2.31,7.7,1,1,1,1,1
2026-01-21T19,195.75,331.25,13.95,2.47,9.275,1,1,1,1,1
2026-01-21T20,199.0,312.5,13.925,2.605,9.2,1,1,1,1,1
2026-01-21T21,202.5,305.0,13.7,2.763,8.475,1,1,1,1,1
2026-01-21T22,204.75,294.25,13.075,2.875,6.275,1,1,1,1,1
2026-01-21T23,203.5,286.75,13.0,2.763,6.05,1,1,1,1,1
2026-01-22T00,196.75,285.5,13.05,2.643,6.2,1,1,1,1,1
2026-01-22T01,215.25,306.25,13.025,2.737,6.075,1,1,1,1,1
2026-01-22T02,233.75,320.0,13.1,2.425,6.325,1,1,1,1,1
2026-01-22T03,225.75,322.75,15.1,2.46,13.35,1,1,1,1,1
2026-01-22T04,219.75,310.75,21.3,2.505,34.875,1,1,1,1,1
2026-01-22T05,184.0,281.25,21.275,2.26,34.8,1,1,1,1,1
2026-01-22T06,167.0,277.0,20.45,2.623,31.95,1,1,1,1,1
2026-01-22T07,129.667,216.333,19.433,2.813,28.4,1,1,1,1,1
2026-01-22T08,121.0,197.0,18.6,3.227,25.633,1,1,1,1,1
2026-01-22T09,112.75,203.0,17.45,3.307,21.525,1,1,1,1,1
2026-01-22T11,101.75,179.5,14.95,2.9,12.7,1,1,1,1,1
2026-01-22T12,118.0,193.667,13.133,2.62,6.467,1,1,1,1,1
2026-01-22T13,118.0,225.5,13.025,2.655,6.125,1,1,1,1,1
2026-01-22T14,141.0,237.5,12.55,2.7,4.425,1,1,1,1,1
2026-01-22T15,135.5,213.75,12.325,2.647,3.725,1,1,1,1,1
2026-01-22T16,124.25,203.0,12.35,2.487,3.75,1,1,1,1,1
2026-01-22T17,111.0,178.5,12.65,2.675,4.7,1,1,1,1,1
2026-01-22T18,102.0,168.0,13.1,2.63,6.4,1,1,1,1,1
2026-01-22T19,102.0,166.5,13.275,2.69,6.975,1,1,1,1,1
2026-01-22T20,100.25,173.667,13.025,2.555,6.125,1,1,1,1,1
2026-01-22T21,94.25,186.0,13.15,2.547,6.525,1,1,1,1,1
2026-01-22T22,93.0,152.25,12.975,2.825,5.875,1,1,1,1,1
2026-01-22T23,97.333,159.333,12.967,2.85,5.867,1,1,1,1,1
2026-01-23T00,101.25,175.0,13.0,2.855,6.0,1,1,1,1,1
2026-01-23T01,109.25,168.25,12.8,2.968,5.25,1,1,1,1,1
2026-01-23T02,126.0,171.0,13.075,2.635,6.25,1,1,1,1,1
2026-01-23T03,144.0,162.75,13.575,2.435,8.025,1,1,1,1,1
2026-01-23T04,165.0,178.0,13.6,2.76,8.067,1,1,1,1,1
2026-01-23T05,168.0,186.333,13.567,2.443,7.967,1,1,1,1,1
2026-01-23T06,165.0,183.75,13.075,2.228,6.275,1,1,1,1,1
2026-01-23T07,165.25,167.75,13.175,2.273,6.6,1,1,1,1,1
2026-01-23T08,136.25,148.25,13.075,2.32,6.3,1,1,1,1,1
2026-01-23T09,128.75,146.0,12.875,2.24,5.55,1,1,1,1,1
2026-01-23T10,131.5,147.25,13.15,2.52,6.475,1,1,1,1,1
2026-01-23T11,136.0,156.25,13.075,2.428,6.225,1,1,1,1,1
2026-01-23T12,141.5,166.75,13.05,2.337,6.225,1,1,1,1,1
2026-01-23T13,134.333,154.0,12.9,2.403,5.633,1,1,1,1,1
2026-01-23T14,136.25,155.0,12.775,2.593,5.2,1,1,1,1,1
2026-01-23T15,121.75,139.25,12.6,2.48,4.6,1,1,1,1,1
2026-01-23T16,126.25,144.75,12.8,2.51,5.225,1,1,1,1,1
2026-01-23T17,147.75,172.75,13.075,2.572,6.225,1,1,1,1,1
2026-01-23T18,167.0,186.0,13.5,2.1,7.7,1,1,1,1,1
2026-01-23T19,165.25,187.0,13.6,2.32,8.15,1,1,1,1,1
2026-01-23T20,167.5,196.0,13.4,2.293,7.35,1,1,1,1,1
2026-01-23T21,160.667,193.0,13.325,2.51,7.125,1,1,1,1,1
2026-01-23T22,85.5,129.5,13.1,2.538,6.45,1,1,1,1,1
2026-01-23T23,34.5,134.75,12.95,2.188,5.75,1,1,1,1,1
2026-01-24T00,29.5,154.5,12.8,2.675,5.35,1,1,1,1,1
2026-01-24T01,29.0,154.0,13.05,2.66,6.2,1,1,1,1,1
2026-01-24T02,34.5,164.5,13.125,2.632,6.475,1,1,1,1,1
2026-01-24T03,43.25,191.5,13.325,2.497,7.2,1,1,1,1,1
2026-01-24T04,46.0,202.0,13.7,2.482,8.45,1,1,1,1,1
2026-01-24T05,42.5,187.75,14.05,2.735,9.625,1,1,1,1,1
2026-01-24T06,38.5,166.5,14.025,2.72,9.525,1,1,1,1,1
2026-01-24T07,32.5,146.25,14.4,3.04,10.875,1,1,1,1,1
2026-01-24T08,34.0,127.0,14.825,8.08,12.325,1,1,1,1,1
2026-01-24T09,28.667,113.333,14.633,21.927,11.7,1,1,1,1,1
2026-01-24T10,32.0,120.0,14.2,20.23,10.0,1,1,1,1,1
2026-01-24T11,33.25,122.75,13.475,14.487,7.675,1,1,1,1,1
2026-01-24T12,41.75,137.25,12.95,8.255,5.825,1,1,1,1,1
2026-01-24T13,59.5,162.0,12.925,5.422,5.775,1,1,1,1,1
2026-01-24T14,70.5,173.5,12.825,6.195,5.475,1,1,1,1,1
2026-01-24T15,71.25,169.0,12.875,8.238,5.575,1,1,1,1,1
2026-01-24T16,68.25,156.5,13.05,11.135,6.175,1,1,1,1,1
2026-01-24T17,66.0,144.667,12.967,11.01,5.833,1,1,1,1,1
2026-01-24T18,36.0,106.0,12.9,15.82,5.6,1,1,1,1,1
2026-01-24T19,36.25,105.5,13.025,14.188,6.175,1,1,1,1,1
2026-01-24T20,36.75,102.25,12.925,16.66,5.825,1,1,1,1,1
2026-01-24T21,38.5,100.0,13.0,14.22,5.975,1,1,1,1,1
2026-01-24T22,47.5,110.25,13.025,7.327,5.975,1,1,1,1,1
2026-01-24T23,52.75,114.25,12.925,5.27,5.7,1,1,1,1,1
2026-01-25T00,56.5,119.0,12.95,7.387,5.825,1,1,1,1,1
2026-01-25T01,64.0,136.0,13.067,5.817,6.167,1,1,1,1,1
2026-01-25T02,71.0,145.0,27.725,6.305,6.5,1,1,1,1,1
2026-01-25T03,72.667,142.0,25.567,11.57,6.767,1,1,1,1,1
2026-01-25T04,70.25,142.0,24.7,16.323,9.1,1,1,1,1,1
2026-01-25T05,69.25,143.25,25.65,22.832,10.925,1,1,1,1,1
2026-01-25T06,66.0,152.667,28.533,30.51,11.367,1,1,1,1,1
2026-01-25T07,67.0,158.75,22.625,34.438,12.25,1,1,1,1,1
2026-01-25T08,56.5,137.25,21.275,35.525,11.625,1,1,1,1,1
2026-01-25T09,50.5,118.5,19.175,35.04,10.575,1,1,1,1,1
2026-01-25T10,48.25,116.5,19.05,33.367,9.825,1,1,1,1,1
2026-01-25T11,58.25,127.75,24.9,27.4,8.875,1,1,1,1,1
2026-01-25T12,68.25,146.75,41.975,14.93,7.5,1,1,1,1,1
2026-01-25T13,77.75,178.5,61.6,5.395,6.375,1,1,1,1,1
2026-01-25T14,107.5,210.5,69.075,3.277,6.325,1,1,1,1,1
2026-01-25T15,126.0,240.25,72.5,3.058,6.7,1,1,1,1,1
2026-01-25T16,152.75,273.75,71.375,2.76,7.375,1,1,1,1,1
2026-01-25T17,162.333,280.333,69.233,2.693,7.1,1,1,1,1,1
2026-01-25T18,157.0,256.0,63.4,2.63,6.4,1,1,1,1,1
2026-01-25T19,151.25,246.5,64.925,2.592,6.575,1,1,1,1,1
2026-01-25T20,130.0,212.0,57.875,2.67,5.775,1,1,1,1,1
2026-01-25T21,117.5,189.0,54.75,2.65,6.0,1,1,1,1,1
2026-01-25T22,108.75,165.0,59.175,2.67,6.6,1,1,1,1,1
2026-01-25T23,83.75,133.0,54.575,3.853,5.45,1,1,1,1,1
2026-01-26T00,73.0,116.5,32.3,6.003,5.45,1,1,1,1,1
2026-01-26T01,71.0,117.75,34.1,4.655,5.4,1,1,1,1,1
2026-01-26T02,78.0,142.5,39.2,4.888,6.45,1,1,1,1,1
2026-01-26T03,94.75,165.25,44.225,6.082,8.825,1,1,1,1,1
2026-01-26T04,111.0,169.667,42.267,10.16,11.6,1,1,1,1,1
2026-01-26T05,110.75,169.75,36.525,17.508,15.125,1,1,1,1,1
2026-01-26T06,94.0,144.25,33.55,24.725,17.8,1,1,1,1,1
2026-01-26T07,76.75,125.5,24.925,34.25,19.975,1,1,1,1,1
2026-01-26T08,67.25,112.0,27.75,43.56,22.925,1,1,1,1,1
2026-01-26T09,83.0,129.0,22.675,52.453,21.925,1,1,1,1,1
2026-01-26T10,73.0,127.75,22.925,49.795,18.9,1,1,1,1,1
2026-01-26T11,75.0,142.25,30.925,36.918,12.5,1,1,1,1,1
2026-01-26T12,93.0,174.25,46.425,29.767,10.0,1,1,1,1,1
2026-01-26T13,103.75,184.75,46.95,19.442,8.175,1,1,1,1,1
2026-01-26T14,114.25,184.0,52.9,8.37,7.125,1,1,1,1,1
2026-01-26T15,154.0,230.0,71.575,3.978,7.075,1,1,1,1,1
2026-01-26T16,242.75,351.5,75.725,3.478,8.225,1,1,1,1,1
2026-01-26T17,276.25,443.5,79.3,2.65,9.95,1,1,1,1,1
2026-01-26T18,368.0,496.0,71.8,3.29,9.5,1,1,1,1,1
2026-01-26T19,355.333,480.667,87.7,3.36,8.733,1,1,1,1,1
2026-01-26T20,309.0,424.25,80.575,2.677,7.8,1,1,1,1,1
2026-01-26T21,245.25,347.75,75.25,2.69,7.275,1,1,1,1,1
2026-01-26T22,233.75,337.25,73.175,2.312,5.825,1,1,1,1,1
2026-01-26T23,198.25,287.5,72.4,2.623,5.45,1,1,1,1,1
2026-01-27T00,181.25,262.0,76.725,2.943,5.7,1,1,1,1,1
2026-01-27T01,204.0,297.0,101.225,2.845,6.175,1,1,1,1,1
2026-01-27T02,203.5,316.25,98.65,3.263,7.0,1,1,1,1,1
2026-01-27T03,166.75,301.25,90.8,3.812,8.0,1,1,1,1,1
2026-01-27T04,169.0,299.0,88.8,3.8,7.4,1,1,1,1,1
2026-01-27T06,143.0,223.25,93.75,2.915,6.325,1,1,1,1,1
2026-01-27T07,163.0,219.0,91.95,3.655,6.15,1,1,1,1,1
2026-01-27T08,153.25,205.75,95.3,4.495,6.975,1,1,1,1,1
2026-01-27T09,175.5,223.0,94.475,5.385,7.15,1,1,1,1,1
2026-01-27T10,134.0,169.0,93.7,5.43,7.0,1,1,1,1,1
2026-01-27T11,110.75,137.75,93.35,3.293,6.25,1,1,1,1,1
2026-01-27T12,104.5,122.333,96.725,3.538,5.625,1,1,1,1,1
2026-01-27T13,104.25,115.75,96.875,3.493,5.625,1,1,1,1,1
2026-01-27T14,99.0,111.0,96.525,4.18,5.575,1,1,1,1,1
2026-01-27T15,100.75,111.0,90.75,3.967,5.7,1,1,1,1,1
2026-01-27T16,106.0,120.0,94.7,3.88,5.9,1,1,1,1,1
2026-01-27T17,117.5,129.25,81.95,3.518,6.175,1,1,1,1,1
2026-01-27T18,106.0,121.0,78.8,3.41,5.0,1,1,1,1,1
2026-01-27T19,104.5,118.5,79.9,3.532,5.425,1,1,1,1,1
2026-01-27T20,99.25,110.25,74.5,2.845,5.25,1,1,1,1,1
2026-01-27T21,94.75,105.5,73.2,2.95,4.975,1,1,1,1,1
2026-01-27T22,83.5,93.5,71.55,3.17,5.15,1,1,1,1,1
2026-01-27T23,68.0,78.5,74.7,3.292,4.65,1,1,1,1,1
2026-01-28T00,62.0,74.0,66.4,2.937,4.567,1,1,1,1,1
2026-01-28T01,75.0,90.75,65.75,2.778,4.6,1,1,1,1,1
2026-01-28T02,84.0,100.25,68.55,2.987,5.325,1,1,1,1,1
2026-01-28T03,109.5,136.0,70.95,2.853,6.45,1,1,1,1,1
2026-01-28T04,142.5,190.25,72.15,3.062,6.65,1,1,1,1,1
2026-01-28T05,172.75,220.5,72.675,3.468,6.275,1,1,1,1,1
2026-01-28T06,175.25,209.5,73.225,3.812,6.1,1,1,1,1,1
2026-01-28T07,185.75,226.25,77.225,4.63,6.675,1,1,1,1,1
2026-01-28T08,164.25,207.5,77.675,5.173,7.825,1,1,1,1,1
2026-01-28T09,167.0,220.25,77.15,5.905,6.45,1,1,1,1,1
2026-01-28T10,146.0,191.75,76.5,6.055,7.05,1,1,1,1,1
2026-01-28T11,149.0,199.25,77.525,4.953,6.2,1,1,1,1,1
2026-01-28T12,174.0,230.75,76.35,3.795,5.25,1,1,1,1,1
2026-01-28T13,213.0,275.25,78.6,2.797,7.3,1,1,1,1,1
2026-01-28T14,186.0,267.0,80.95,2.82,7.5,1,1,1,1,1
2026-01-28T15,166.75,245.25,78.675,2.717,6.15,1,1,1,1,1
2026-01-28T16,148.0,207.25,76.825,2.623,6.3,1,1,1,1,1
2026-01-28T17,144.75,196.0,73.775,2.558,6.225,1,1,1,1,1
2026-01-28T18,141.0,190.0,70.6,2.88,7.5,1,1,1,1,1
2026-01-28T19,136.0,188.0,63.133,2.203,6.4,1,1,1,1,1
2026-01-28T20,126.25,182.5,63.15,2.425,6.3,1,1,1,1,1
2026-01-28T21,122.0,170.75,64.775,2.875,6.45,1,1,1,1,1
2026-01-28T22,101.25,137.5,67.0,3.435,6.4,1,1,1,1,1
2026-01-28T23,82.5,101.75,,3.368,5.9,1,1,0,1,1
2026-01-29T00,82.333,105.0,,3.533,4.967,1,1,0,1,1
2026-01-29T01,93.75,122.75,,2.965,6.075,1,1,0,1,1
2026-01-29T02,102.75,133.0,,3.323,6.375,1,1,0,1,1
2026-01-29T03,101.75,129.5,,3.353,6.4,1,1,0,1,1
2026-01-29T04,92.75,125.25,12.975,3.69,5.975,1,1,1,1,1
2026-01-29T05,91.667,122.0,13.367,3.72,7.267,1,1,1,1,1
2026-01-29T06,85.0,114.0,13.55,3.92,8.0,1,1,1,1,1
2026-01-29T07,83.25,116.75,13.9,3.873,9.025,1,1,1,1,1
2026-01-29T08,88.5,127.25,13.85,4.705,8.9,1,1,1,1,1
2026-01-29T09,83.5,124.25,13.65,5.423,8.275,1,1,1,1,1
2026-01-29T10,84.667,127.333,13.4,6.167,7.433,1,1,1,1,1
2026-01-29T11,95.25,146.75,13.375,5.76,7.175,1,1,1,1,1
2026-01-29T12,115.25,177.25,13.325,3.588,7.2,1,1,1,1,1
2026-01-29T13,128.0,188.0,13.225,2.725,6.75,1,1,1,1,1
2026-01-29T14,132.5,187.5,13.275,2.667,7.0,1,1,1,1,1
2026-01-29T15,143.0,206.5,13.475,2.695,7.725,1,1,1,1,1
2026-01-29T16,137.75,218.0,13.6,2.5,8.05,1,1,1,1,1
2026-01-29T17,146.5,224.5,13.675,2.508,8.325,1,1,1,1,1
2026-01-29T19,135.0,182.25,12.75,2.365,5.125,1,1,1,1,1
2026-01-29T20,138.0,185.0,12.55,2.605,4.475,1,1,1,1,1
2026-01-29T21,138.0,181.75,12.75,2.59,5.2,1,1,1,1,1
2026-01-29T22,132.0,174.0,12.5,2.51,4.275,1,1,1,1,1
2026-01-29T23,115.75,156.25,12.475,2.475,4.25,1,1,1,1,1
2026-01-30T00,121.25,167.0,12.525,2.513,4.4,1,1,1,1,1
2026-01-30T01,125.0,170.75,12.6,2.422,4.6,1,1,1,1,1
2026-01-30T02,139.75,183.0,12.825,2.787,5.4,1,1,1,1,1
2026-01-30T03,150.25,204.0,13.05,2.712,6.225,1,1,1,1,1
2026-01-30T04,127.75,172.25,13.325,2.653,7.15,1,1,1,1,1
2026-01-30T05,114.25,153.0,13.8,2.675,8.775,1,1,1,1,1
2026-01-30T08,68.75,122.25,14.825,7.22,12.375,1,1,1,1,1
2026-01-30T09,63.0,111.25,14.3,9.322,10.5,1,1,1,1,1
2026-01-30T10,69.333,122.0,13.533,8.833,7.9,1,1,1,1,1
2026-01-30T11,77.5,143.25,16.05,10.25,7.367,1,1,1,1,1
2026-01-30T12,87.0,151.25,82.933,4.587,,1,1,1,1,0
2026-01-30T13,109.0,182.75,107.5,2.605,5.467,1,1,1,1,1
2026-01-30T14,143.0,257.25,128.55,2.855,6.55,1,1,1,1,1
2026-01-30T15,194.5,336.0,118.2,3.318,8.025,1,1,1,1,1
2026-01-30T16,253.75,429.25,116.525,3.355,8.825,1,1,1,1,1
2026-01-30T17,314.75,491.75,115.225,2.71,8.6,1,1,1,1,1
2026-01-30T18,290.0,457.0,121.8,2.55,6.5,1,1,1,1,1
2026-01-30T19,287.0,447.0,126.5,2.242,7.3,1,1,1,1,1
2026-01-30T20,270.0,410.25,129.35,2.63,9.0,1,1,1,1,1
2026-01-30T21,254.75,386.0,140.675,3.14,7.975,1,1,1,1,1
2026-01-30T22,260.75,351.0,131.85,3.218,6.0,1,1,1,1,1
2026-01-30T23,192.5,269.0,127.05,3.248,4.3,1,1,1,1,1
2026-01-31T00,166.25,228.5,122.3,2.458,3.425,1,1,1,1,1
2026-01-31T01,163.5,235.75,103.775,2.45,3.625,1,1,1,1,1
2026-01-31T02,197.75,280.75,100.65,2.598,4.25,1,1,1,1,1
2026-01-31T03,230.25,318.0,104.25,2.257,3.9,1,1,1,1,1
2026-01-31T04,238.25,325.0,114.8,2.015,4.425,1,1,1,1,1
2026-01-31T05,200.75,268.75,122.025,2.018,5.45,1,1,1,1,1
2026-01-31T06,184.667,251.667,118.433,1.953,5.867,1,1,1,1,1
2026-01-31T07,182.0,249.0,115.767,2.027,6.7,1,1,1,1,1
2026-01-31T08,178.25,248.75,89.867,6.03,7.2,1,1,1,1,1
2026-01-31T09,181.333,247.667,94.167,13.973,5.967,1,1,1,1,1
2026-01-31T10,173.5,251.75,103.175,13.46,4.875,1,1,1,1,1
2026-01-31T12,173.0,246.5,99.575,12.637,2.45,1,1,1,1,1
2026-01-31T13,170.0,234.5,92.0,11.643,2.5,1,1,1,1,1
2026-01-31T14,174.0,232.25,98.175,11.672,3.0,1,1,1,1,1
2026-01-31T15,184.0,233.5,90.775,11.377,2.725,1,1,1,1,1
2026-01-31T16,176.5,218.25,88.85,11.02,2.8,1,1,1,1,1
2026-01-31T17,172.0,222.0,92.9,10.905,3.25,1,1,1,1,1
2026-01-31T18,174.0,246.0,93.6,10.6,5.0,1,1,1,1,1
2026-01-31T19,170.333,241.667,95.0,10.81,4.833,1,1,1,1,1
2026-01-31T20,156.75,222.25,92.625,10.572,4.85,1,1,1,1,1
2026-01-31T21,136.0,186.0,91.275,10.742,4.875,1,1,1,1,1
2026-01-31T22,127.0,170.5,91.175,10.49,4.85,1,1,1,1,1
2026-01-31T23,116.0,152.0,96.6,10.825,4.375,1,1,1,1,1
2026-02-01T00,118.0,137.0,103.15,11.178,5.35,1,1,1,1,1
2026-02-01T01,141.0,164.0,108.025,11.26,5.45,1,1,1,1,1
2026-02-01T02,131.75,152.75,113.05,11.592,5.825,1,1,1,1,1
2026-02-01T03,109.25,117.0,124.525,12.015,5.95,1,1,1,1,1
2026-02-01T04,92.0,107.75,127.1,11.405,6.45,1,1,1,1,1
2026-02-01T05,70.0,96.333,99.967,10.55,10.833,1,1,1,1,1
2026-02-01T06,63.75,92.0,85.55,11.047,10.425,1,1,1,1,1
2026-02-01T07,61.75,83.0,89.4,10.778,11.025,1,1,1,1,1
2026-02-01T08,41.25,67.75,106.7,11.587,12.225,1,1,1,1,1
2026-02-01T09,46.0,79.333,110.75,10.853,11.15,1,1,1,1,1
2026-02-01T10,47.75,87.0,110.425,11.275,8.925,1,1,1,1,1
2026-02-01T11,44.5,94.25,107.175,10.605,7.25,1,1,1,1,1
2026-02-01T12,48.5,113.0,106.933,10.352,5.85,1,1,1,1,1
2026-02-01T13,62.0,136.5,,10.367,5.85,1,1,0,1,1
2026-02-01T14,84.0,158.25,,10.652,5.925,1,1,0,1,1
2026-02-01T15,106.0,192.667,,11.23,6.2,1,1,0,1,1
2026-02-01T16,124.0,227.25,,10.31,6.725,1,1,0,1,1
2026-02-01T17,116.75,212.5,,10.227,6.775,1,1,0,1,1
2026-02-01T18,130.0,222.0,,11.76,9.8,1,1,0,1,1
2026-02-01T19,137.333,228.0,,10.847,9.233,1,1,0,1,1
2026-02-01T20,169.75,253.0,,12.06,8.975,1,1,0,1,1
2026-02-01T21,199.75,259.25,,12.31,7.925,1,1,0,1,1
2026-02-01T22,127.0,156.75,,10.715,7.35,1,1,0,1,1
2026-02-01T23,115.5,142.5,,10.335,6.725,1,1,0,1,1
2026-02-02T00,104.75,132.75,,10.328,6.275,1,1,0,1,1
2026-02-02T01,93.5,117.75,,10.213,7.15,1,1,0,1,1
2026-02-02T02,90.75,122.25,,10.328,6.65,1,1,0,1,1
2026-02-02T03,101.25,138.25,,10.505,6.625,1,1,0,1,1
2026-02-02T04,121.5,169.0,,10.228,6.975,1,1,0,1,1
2026-02-02T05,134.667,182.0,96.667,10.297,7.067,1,1,1,1,1
2026-02-02T06,137.75,196.25,94.0,10.25,7.7,1,1,1,1,1
2026-02-02T07,148.0,211.5,89.375,1.92,5.8,1,1,1,1,1
2026-02-02T08,143.5,198.75,86.775,1.252,6.375,1,1,1,1,1
2026-02-02T09,136.75,187.25,87.475,1.955,6.425,1,1,1,1,1
2026-02-02T10,131.0,174.25,88.05,1.462,6.95,1,1,1,1,1
2026-02-02T11,132.5,186.0,90.25,1.623,6.0,1,1,1,1,1
2026-02-02T12,131.5,214.0,90.325,1.695,6.075,1,1,1,1,1
2026-02-02T13,142.0,226.0,93.5,2.39,6.5,1,1,1,1,1
2026-02-02T15,164.75,251.25,80.8,1.455,6.35,1,1,1,1,1
2026-02-02T16,151.333,237.333,89.3,1.96,6.733,1,1,1,1,1
2026-02-02T17,166.5,247.0,,2.25,7.325,1,1,0,1,1
2026-02-02T18,171.0,242.0,,1.45,4.5,1,1,0,1,1
2026-02-02T19,170.75,239.0,,1.905,4.775,1,1,0,1,1
2026-02-02T20,163.0,217.0,,1.792,4.55,1,1,0,1,1
2026-02-02T21,138.25,170.25,,1.21,4.7,1,1,0,1,1
2026-02-02T22,127.75,148.5,,1.485,4.35,1,1,0,1,1
2026-02-02T23,132.25,157.25,,1.938,4.45,1,1,0,1,1
2026-02-03T00,134.75,166.75,,1.532,4.05,1,1,0,1,1
2026-02-03T01,120.0,156.333,,1.553,4.5,1,1,0,1,1
2026-02-03T02,115.5,156.0,,1.608,4.325,1,1,0,1,1
2026-02-03T03,127.0,168.0,,1.493,5.15,1,1,0,1,1
2026-02-03T04,161.25,200.0,88.85,1.535,5.95,1,1,1,1,1
2026-02-03T05,150.75,215.0,92.85,1.77,6.5,1,1,1,1,1
2026-02-03T06,161.0,217.75,101.0,1.808,8.35,1,1,1,1,1
2026-02-03T07,160.5,231.75,101.725,1.785,7.25,1,1,1,1,1
2026-02-03T08,168.0,249.0,98.867,3.75,6.533,1,1,1,1,1
2026-02-04T01,256.0,341.5,87.35,1.0,3.3,1,1,1,1,1
2026-02-04T03,276.667,353.0,99.933,1.547,4.733,1,1,1,1,1
2026-02-04T04,258.0,323.0,98.167,1.73,5.467,1,1,1,1,1
2026-02-04T05,158.0,206.0,107.5,1.29,11.3,1,1,1,1,1
2026-02-04T06,156.0,214.0,108.2,2.25,11.1,1,1,1,1,1
2026-02-04T07,145.0,194.5,93.2,2.225,11.0,1,1,1,1,1
2026-02-04T08,134.0,175.0,92.0,2.39,12.2,1,1,1,1,1
2026-02-04T09,84.667,133.333,110.033,2.173,10.233,1,1,1,1,1
2026-02-04T10,75.5,128.0,110.275,1.945,8.0,1,1,1,1,1
2026-02-04T11,66.5,122.0,110.775,2.32,5.225,1,1,1,1,1
2026-02-04T12,66.5,131.75,109.8,1.665,2.825,1,1,1,1,1
2026-02-04T13,82.667,168.667,105.933,1.073,1.267,1,1,1,1,1
2026-02-04T15,114.0,218.0,105.1,1.43,2.2,1,1,1,1,1
2026-02-04T19,128.333,204.0,97.0,0.92,5.967,1,1,1,1,1
2026-02-04T20,125.75,183.75,93.3,1.225,5.9,1,1,1,1,1
2026-02-04T21,129.5,183.25,90.925,1.073,6.1,1,1,1,1,1
2026-02-04T22,133.5,182.75,90.35,1.078,6.2,1,1,1,1,1
2026-02-04T23,135.5,181.0,90.025,1.095,6.05,1,1,1,1,1
2026-02-05T00,148.667,193.667,94.833,1.21,5.867,1,1,1,1,1
2026-02-05T01,151.25,206.0,86.55,0.9,6.4,1,1,1,1,1
2026-02-05T02,142.75,208.75,82.75,0.943,6.625,1,1,1,1,1
2026-02-05T03,130.0,222.0,91.4,1.39,8.1,1,1,1,1,1
2026-02-05T04,121.0,208.75,98.5,1.207,10.825,1,1,1,1,1
2026-02-05T05,92.5,168.25,105.325,1.93,11.9,1,1,1,1,1
2026-02-05T06,77.5,146.0,102.5,3.235,13.95,1,1,1,1,1
2026-02-05T07,63.333,125.667,105.533,3.253,16.0,1,1,1,1,1
2026-02-05T08,58.5,129.5,113.45,3.03,16.55,1,1,1,1,1
2026-02-05T09,66.0,143.0,115.7,3.09,15.3,1,1,1,1,1
2026-02-05T10,43.75,109.0,108.125,3.005,14.95,1,1,1,1,1
2026-02-05T11,42.75,89.5,106.45,2.58,10.95,1,1,1,1,1
2026-02-05T12,42.0,94.0,113.467,1.92,7.8,1,1,1,1,1
2026-02-05T13,72.0,160.75,119.875,1.827,6.525,1,1,1,1,1
2026-02-05T14,102.0,208.667,120.033,1.443,7.167,1,1,1,1,1
2026-02-05T15,117.0,233.0,117.45,1.007,6.525,1,1,1,1,1
2026-02-05T16,135.75,262.5,119.725,1.18,6.925,1,1,1,1,1
2026-02-05T17,164.75,299.75,116.425,1.073,7.075,1,1,1,1,1
2026-02-05T18,159.0,265.0,115.9,1.53,8.4,1,1,1,1,1
2026-02-05T19,152.75,252.25,115.625,1.008,9.025,1,1,1,1,1
2026-02-05T20,129.75,210.25,110.1,1.067,8.0,1,1,1,1,1
2026-02-05T21,119.75,197.5,111.675,1.73,7.7,1,1,1,1,1
2026-02-05T22,124.5,183.75,90.8,0.945,8.0,1,1,1,1,1
2026-02-05T23,111.0,155.25,84.075,0.947,8.125,1,1,1,1,1
2026-02-06T00,101.0,153.667,82.867,0.85,7.533,1,1,1,1,1
2026-02-06T01,102.25,163.0,94.05,1.567,7.9,1,1,1,1,1
2026-02-06T02,109.25,189.0,82.625,1.098,8.0,1,1,1,1,1
2026-02-06T03,98.75,190.75,85.625,1.312,8.3,1,1,1,1,1
2026-02-06T04,90.75,178.25,119.85,2.867,12.675,1,1,1,1,1
2026-02-06T05,83.75,174.0,136.225,2.282,15.5,1,1,1,1,1
2026-02-06T06,69.0,153.5,125.95,2.495,16.625,1,1,1,1,1
2026-02-06T07,52.0,133.25,106.125,3.138,19.275,1,1,1,1,1
2026-02-06T08,46.25,121.0,96.2,3.243,19.8,1,1,1,1,1
2026-02-06T09,49.0,118.5,93.75,2.875,20.075,1,1,1,1,1
2026-02-06T10,55.0,120.0,92.733,2.973,16.7,1,1,1,1,1
2026-02-06T11,49.25,108.75,98.3,2.245,12.625,1,1,1,1,1
2026-02-06T12,56.5,125.25,104.3,1.77,9.75,1,1,1,1,1
2026-02-06T13,78.75,162.25,115.875,1.762,8.575,1,1,1,1,1
2026-02-06T14,89.5,178.75,123.0,1.555,7.7,1,1,1,1,1
2026-02-06T15,103.25,206.75,118.95,1.742,8.45,1,1,1,1,1
2026-02-06T16,130.75,238.75,116.4,1.46,8.95,1,1,1,1,1
2026-02-06T17,156.0,264.25,115.125,1.333,8.4,1,1,1,1,1
2026-02-06T18,153.0,262.0,112.1,1.02,6.2,1,1,1,1,1
2026-02-06T19,145.25,248.0,111.625,1.408,5.4,1,1,1,1,1
2026-02-06T20,121.75,198.25,106.325,0.932,5.525,1,1,1,1,1
2026-02-06T21,119.0,171.25,104.2,1.062,5.675,1,1,1,1,1
2026-02-06T22,107.5,152.5,98.275,0.95,5.325,1,1,1,1,1
2026-02-06T23,92.0,131.0,91.125,1.007,4.9,1,1,1,1,1
2026-02-07T00,95.0,135.5,98.475,1.955,5.525,1,1,1,1,1
2026-02-07T01,93.75,142.0,85.075,1.047,5.375,1,1,1,1,1
2026-02-07T02,89.333,150.75,83.5,1.137,5.375,1,1,1,1,1
2026-02-07T03,89.0,161.25,88.725,1.69,6.15,1,1,1,1,1
2026-02-07T04,91.0,166.25,93.725,2.058,8.0,1,1,1,1,1
2026-02-07T05,88.0,163.75,100.425,2.383,10.475,1,1,1,1,1
2026-02-07T06,82.667,168.0,107.367,3.88,11.5,1,1,1,1,1
2026-02-07T07,69.25,158.0,108.975,4.967,12.75,1,1,1,1,1
2026-02-07T08,57.25,149.75,94.8,8.558,12.95,1,1,1,1,1
2026-02-07T09,46.5,141.75,83.85,10.065,10.925,1,1,1,1,1
2026-02-07T10,48.0,138.0,86.533,6.81,10.767,1,1,1,1,1
2026-02-07T11,56.75,127.75,97.775,5.887,9.05,1,1,1,1,1
2026-02-07T12,71.333,137.5,106.575,2.228,6.55,1,1,1,1,1
2026-02-07T13,81.75,160.25,111.475,1.635,5.75,1,1,1,1,1
2026-02-07T14,108.0,197.0,113.333,1.38,6.067,1,1,1,1,1
2026-02-07T15,118.667,209.333,110.9,1.01,6.575,1,1,1,1,1
2026-02-07T16,108.0,190.0,112.35,1.265,5.775,1,1,1,1,1
2026-02-07T17,112.667,172.75,111.35,1.3,5.2,1,1,1,1,1
2026-02-07T18,133.0,190.0,111.2,1.39,5.7,1,1,1,1,1
2026-02-08T15,93.0,247.0,106.95,1.105,6.9,1,1,1,1,1
2026-02-08T16,100.5,226.0,101.55,0.81,7.375,1,1,1,1,1
2026-02-08T17,123.25,284.25,101.2,1.155,8.225,1,1,1,1,1
2026-02-08T18,130.0,297.0,105.4,0.74,7.5,1,1,1,1,1
2026-02-08T19,130.5,288.0,107.625,1.408,7.75,1,1,1,1,1
2026-02-08T20,134.333,254.333,103.567,1.083,8.933,1,1,1,1,1
2026-02-08T21,136.0,231.25,108.75,1.04,9.375,1,1,1,1,1
2026-02-08T22,121.333,194.0,113.033,1.217,7.7,1,1,1,1,1
2026-02-08T23,114.0,183.75,110.925,1.208,7.825,1,1,1,1,1
2026-02-09T00,121.0,222.0,103.1,0.88,8.4,1,1,1,1,1
2026-02-09T01,124.75,221.0,105.7,1.147,8.25,1,1,1,1,1
2026-02-09T02,132.75,214.0,107.85,1.158,8.225,1,1,1,1,1
2026-02-09T03,128.75,215.0,111.35,1.215,8.0,1,1,1,1,1
2026-02-09T04,144.25,251.5,114.075,1.438,14.75,1,1,1,1,1
2026-02-09T05,139.0,244.0,130.1,0.977,19.9,1,1,1,1,1
2026-02-09T07,80.0,134.0,147.2,2.105,22.3,1,1,1,1,1
2026-02-09T08,69.333,121.0,109.967,3.953,19.367,1,1,1,1,1
2026-02-09T09,68.0,120.0,106.2,4.56,17.667,1,1,1,1,1
2026-02-09T10,57.0,121.5,107.375,4.36,14.2,1,1,1,1,1
2026-02-09T11,52.75,122.0,111.325,3.438,12.525,1,1,1,1,1
2026-02-09T12,53.0,166.0,118.7,2.84,8.3,1,1,1,1,1
2026-02-09T13,57.25,170.0,120.175,1.893,7.35,1,1,1,1,1
2026-02-09T14,74.25,192.0,119.25,1.8,7.05,1,1,1,1,1
2026-02-09T15,91.0,224.667,122.633,2.0,7.1,1,1,1,1,1
2026-02-09T16,98.0,225.0,126.65,1.837,7.225,1,1,1,1,1
2026-02-09T17,106.0,221.0,130.225,1.34,7.525,1,1,1,1,1
2026-02-09T18,146.0,286.0,126.1,1.9,6.9,1,1,1,1,1
2026-02-09T19,146.0,286.0,126.467,1.693,6.733,1,1,1,1,1
2026-02-09T20,148.0,253.0,169.375,2.248,6.525,1,1,1,1,1
2026-02-09T21,160.0,269.5,157.0,1.788,7.25,1,1,1,1,1
2026-02-09T22,142.0,283.0,119.7,1.335,7.45,1,1,1,1,1
2026-02-09T23,160.25,251.75,102.45,1.805,8.5,1,1,1,1,1
2026-02-10T00,144.75,257.25,128.5,2.018,8.25,1,1,1,1,1
2026-02-10T01,152.0,260.25,137.175,1.877,9.05,1,1,1,1,1
2026-02-10T02,154.0,262.0,114.075,1.92,8.325,1,1,1,1,1
2026-02-10T03,136.25,239.5,124.25,2.038,14.425,1,1,1,1,1
2026-02-10T04,97.0,198.75,120.4,1.812,25.875,1,1,1,1,1
2026-02-10T05,72.0,151.5,123.825,2.197,27.075,1,1,1,1,1
2026-02-10T06,88.25,177.5,119.15,3.263,24.2,1,1,1,1,1
2026-02-10T07,89.667,182.0,121.233,4.71,23.533,1,1,1,1,1
2026-02-10T08,82.25,167.0,123.875,5.285,24.675,1,1,1,1,1
2026-02-10T09,73.5,157.25,125.25,4.487,19.575,1,1,1,1,1
2026-02-10T10,69.5,153.75,128.425,4.405,15.1,1,1,1,1,1
2026-02-10T11,62.0,150.0,127.533,3.82,12.9,1,1,1,1,1
2026-02-10T12,79.5,203.25,127.95,2.66,10.0,1,1,1,1,1
2026-02-10T13,106.0,265.5,128.075,2.2,7.725,1,1,1,1,1
2026-02-10T14,133.75,313.5,130.375,2.165,7.675,1,1,1,1,1
2026-02-10T15,160.25,340.75,129.925,1.755,7.425,1,1,1,1,1
2026-02-10T16,177.5,359.75,126.625,1.872,6.9,1,1,1,1,1
2026-02-10T17,193.0,369.0,120.8,1.935,7.825,1,1,1,1,1
2026-02-10T18,166.0,341.0,118.7,1.16,7.3,1,1,1,1,1
2026-02-10T19,167.25,340.0,117.3,1.135,8.675,1,1,1,1,1
2026-02-10T20,169.0,336.0,111.425,1.248,9.85,1,1,1,1,1
2026-02-10T21,159.25,315.25,115.3,1.368,9.975,1,1,1,1,1
2026-02-10T22,171.25,303.0,119.275,1.853,10.575,1,1,1,1,1
2026-02-10T23,246.0,416.0,120.15,1.45,10.175,1,1,1,1,1
2026-02-11T00,254.0,373.75,118.75,1.255,9.325,1,1,1,1,1
2026-02-11T01,232.0,338.0,122.125,2.162,8.75,1,1,1,1,1
2026-02-11T02,226.667,347.667,113.367,1.913,9.133,1,1,1,1,1
2026-02-11T03,218.5,355.75,116.75,1.555,12.1,1,1,1,1,1
2026-02-11T04,217.333,347.75,132.6,1.802,18.5,1,1,1,1,1
2026-02-11T05,196.0,320.5,151.0,2.755,21.9,1,1,1,1,1
2026-02-11T06,137.25,241.0,133.425,3.675,20.125,1,1,1,1,1
2026-02-11T07,77.25,148.25,118.475,4.95,19.125,1,1,1,1,1
2026-02-11T08,66.5,136.25,114.85,5.168,18.075,1,1,1,1,1
2026-02-11T09,62.0,147.75,115.575,4.577,14.725,1,1,1,1,1
2026-02-11T10,51.0,132.75,144.3,3.788,11.725,1,1,1,1,1
2026-02-11T11,56.75,129.5,120.325,4.228,9.225,1,1,1,1,1
2026-02-11T12,64.5,142.5,103.425,2.843,7.75,1,1,1,1,1
2026-02-11T13,70.667,164.5,90.75,1.625,7.075,1,1,1,1,1
2026-02-11T14,87.5,222.75,92.725,1.61,6.6,1,1,1,1,1
2026-02-11T15,91.75,248.0,94.675,1.432,5.9,1,1,1,1,1
2026-02-11T16,89.75,185.75,91.7,1.262,5.475,1,1,1,1,1
2026-02-11T17,82.25,169.0,93.75,1.522,6.125,1,1,1,1,1
2026-02-11T19,65.5,125.5,88.55,1.68,6.75,1,1,1,1,1
2026-02-11T20,67.25,120.75,86.25,1.265,6.825,1,1,1,1,1
2026-02-11T21,78.25,131.75,89.175,1.31,6.325,1,1,1,1,1
2026-02-11T22,74.0,133.25,90.725,1.32,7.375,1,1,1,1,1
2026-02-11T23,75.5,113.5,86.875,1.06,6.65,1,1,1,1,1
2026-02-12T00,72.5,115.5,85.1,1.52,6.5,1,1,1,1,1
2026-02-12T01,77.25,121.5,88.9,1.153,7.075,1,1,1,1,1
2026-02-12T02,82.0,144.75,,1.038,7.975,1,1,0,1,1
2026-02-12T03,90.0,170.75,,0.985,9.45,1,1,0,1,1
2026-02-12T04,76.75,155.25,,2.208,9.2,1,1,0,1,1
2026-02-12T05,70.25,136.0,122.3,1.59,11.0,1,1,1,1,1
2026-02-12T06,57.0,125.25,97.85,7.54,11.575,1,1,1,1,1
2026-02-12T07,40.0,109.75,82.467,,12.5,1,1,1,0,1
2026-02-12T08,33.75,108.25,75.425,8.58,14.375,1,1,1,1,1
2026-02-12T09,32.25,110.75,84.35,25.303,18.175,1,1,1,1,1
2026-02-12T10,29.0,92.75,48.225,44.462,16.275,1,1,1,1,1
2026-02-12T11,26.0,80.25,42.2,43.748,14.6,1,1,1,1,1
2026-02-12T12,29.25,98.0,45.575,41.862,13.825,1,1,1,1,1
2026-02-12T13,48.667,130.0,56.825,17.127,12.7,1,1,1,1,1
2026-02-12T14,69.25,169.0,61.925,3.062,13.0,1,1,1,1,1
2026-02-12T15,78.0,218.0,68.5,2.14,13.267,1,1,1,1,1
2026-02-12T16,92.333,225.25,69.8,2.55,13.125,1,1,1,1,1
2026-02-12T17,105.75,227.75,67.025,2.198,13.925,1,1,1,1,1
2026-02-12T18,130.0,256.0,57.3,2.12,9.9,1,1,1,1,1
2026-02-12T19,129.0,254.25,54.0,2.083,9.075,1,1,1,1,1
2026-02-12T20,125.25,240.5,50.5,1.575,8.05,1,1,1,1,1
2026-02-12T21,120.5,207.75,48.7,1.788,7.8,1,1,1,1,1
2026-02-12T22,112.5,183.0,47.0,3.37,6.85,1,1,1,1,1
2026-02-12T23,112.667,176.667,44.933,5.22,6.633,1,1,1,1,1
2026-02-13T00,120.5,184.5,43.85,3.607,7.225,1,1,1,1,1
2026-02-13T01,126.5,185.5,52.775,6.295,7.45,1,1,1,1,1
2026-02-13T02,104.5,171.333,65.075,6.732,9.35,1,1,1,1,1
2026-02-13T03,100.0,174.25,61.125,27.578,12.75,1,1,1,1,1
2026-02-13T04,77.0,144.75,50.575,55.138,14.1,1,1,1,1,1
2026-02-13T05,62.0,126.0,36.133,78.297,17.8,1,1,1,1,1
2026-02-13T06,40.0,85.5,29.1,93.233,20.325,1,1,1,1,1
2026-02-13T07,31.0,85.5,27.7,110.183,18.25,1,1,1,1,1
2026-02-13T08,34.0,95.75,28.95,123.88,17.6,1,1,1,1,1
2026-02-13T09,39.75,107.25,26.975,113.005,14.575,1,1,1,1,1
2026-02-13T10,30.0,90.0,30.8,102.833,14.233,1,1,1,1,1
2026-02-13T11,37.667,100.25,35.575,76.595,12.4,1,1,1,1,1
2026-02-13T12,43.0,122.0,44.133,53.79,10.7,1,1,1,1,1
2026-02-13T13,54.75,163.0,59.725,13.092,8.15,1,1,1,1,1
2026-02-13T14,68.0,218.25,63.45,2.475,7.975,1,1,1,1,1
2026-02-13T15,78.0,226.25,65.025,3.17,8.075,1,1,1,1,1
2026-02-13T16,107.333,226.667,66.1,2.233,8.533,1,1,1,1,1
2026-02-13T17,129.75,266.25,63.45,2.677,9.3,1,1,1,1,1
2026-02-13T18,134.0,334.0,65.1,3.1,6.4,1,1,1,1,1
2026-02-13T19,135.5,323.0,62.7,2.48,6.85,1,1,1,1,1
2026-02-13T20,138.75,280.75,57.9,1.865,5.55,1,1,1,1,1
2026-02-13T21,138.75,253.75,63.775,2.198,5.45,1,1,1,1,1
2026-02-13T22,150.0,256.0,55.533,2.027,5.167,1,1,1,1,1
2026-02-13T23,138.5,232.25,56.9,2.343,4.7,1,1,1,1,1
2026-02-14T00,135.5,221.25,56.675,2.26,3.85,1,1,1,1,1
2026-02-14T01,147.75,224.0,57.75,3.12,2.125,1,1,1,1,1
2026-02-14T02,165.0,226.0,50.625,8.46,2.45,1,1,1,1,1
2026-02-14T03,132.75,198.5,46.725,26.782,6.25,1,1,1,1,1
2026-02-14T04,83.0,146.25,42.025,58.828,10.275,1,1,1,1,1
2026-02-14T05,60.0,123.25,40.125,80.427,12.95,1,1,1,1,1
2026-02-14T06,54.0,106.0,31.7,103.007,15.833,1,1,1,1,1
2026-02-14T07,52.667,106.0,25.167,123.557,17.767,1,1,1,1,1
2026-02-14T08,50.0,111.0,23.55,126.608,15.8,1,1,1,1,1
2026-02-14T09,46.0,117.0,24.55,114.968,12.55,1,1,1,1,1
2026-02-14T10,39.0,94.0,26.65,100.535,11.325,1,1,1,1,1
2026-02-14T11,45.667,116.75,30.9,75.515,13.425,1,1,1,1,1
2026-02-14T12,57.333,155.25,33.325,47.282,6.75,1,1,1,1,1
2026-02-14T13,69.0,182.0,41.15,20.992,3.45,1,1,1,1,1
2026-02-14T14,90.5,214.75,47.0,6.165,3.3,1,1,1,1,1
2026-02-14T15,147.5,242.75,62.6,3.93,4.125,1,1,1,1,1
2026-02-14T16,206.0,248.0,70.567,0.745,4.1,1,1,1,1,1
2026-02-14T17,111.0,247.0,55.875,1.538,4.35,1,1,1,1,1
2026-02-14T18,122.0,257.0,51.1,0.8,8.3,1,1,1,1,1
2026-02-14T19,128.667,265.0,54.5,2.52,9.133,1,1,1,1,1
2026-02-14T20,141.25,270.75,53.2,3.397,8.775,1,1,1,1,1
2026-02-14T21,137.75,235.5,46.35,2.95,7.225,1,1,1,1,1
2026-02-14T22,132.0,212.5,40.725,4.458,6.9,1,1,1,1,1
2026-02-14T23,124.0,176.0,51.925,0.823,6.225,1,1,1,1,1
2026-02-15T00,105.25,141.25,55.775,6.172,4.575,1,1,1,1,1
2026-02-15T01,66.5,113.0,35.025,10.505,4.2,1,1,1,1,1
2026-02-15T02,65.75,128.25,35.25,14.843,5.95,1,1,1,1,1
2026-02-15T03,71.5,140.75,35.175,40.55,9.225,1,1,1,1,1
2026-02-15T04,82.0,151.0,33.75,64.653,14.925,1,1,1,1,1
2026-02-15T05,81.0,156.25,27.55,98.097,18.875,1,1,1,1,1
2026-02-15T06,73.0,148.75,22.55,110.745,23.3,1,1,1,1,1
2026-02-15T07,56.0,132.25,34.575,111.055,23.475,1,1,1,1,1
2026-02-15T08,45.0,121.0,37.2,119.31,19.533,1,1,1,1,1
2026-02-15T09,30.75,102.0,33.175,120.055,18.525,1,1,1,1,1
2026-02-15T10,31.5,100.25,34.425,117.145,17.525,1,1,1,1,1
2026-02-15T11,36.667,106.333,32.2,89.84,13.633,1,1,1,1,1
2026-02-15T12,44.333,125.25,32.25,46.952,9.15,1,1,1,1,1
2026-02-15T13,66.25,180.25,38.9,17.862,6.1,1,1,1,1,1
2026-02-15T14,101.25,224.0,42.5,6.26,6.025,1,1,1,1,1
2026-02-15T15,122.0,251.25,66.375,0.57,7.75,1,1,1,1,1
2026-02-15T16,116.5,266.0,76.825,0.693,7.7,1,1,1,1,1
2026-02-15T17,111.5,250.0,54.275,1.55,6.15,1,1,1,1,1
2026-02-15T18,114.0,241.0,45.4,2.16,10.4,1,1,1,1,1
2026-02-15T19,119.0,244.25,49.75,3.0,9.55,1,1,1,1,1
2026-02-15T20,142.75,261.667,50.125,4.587,9.6,1,1,1,1,1
2026-02-15T21,160.25,266.25,42.65,4.553,10.275,1,1,1,1,1
2026-02-15T22,133.0,227.0,38.5,4.18,9.325,1,1,1,1,1
2026-02-15T23,132.0,207.75,40.7,2.735,9.525,1,1,1,1,1
2026-02-16T00,131.5,208.5,64.525,2.185,7.625,1,1,1,1,1
2026-02-16T01,114.75,201.75,49.775,3.245,6.625,1,1,1,1,1
2026-02-16T02,126.75,234.0,52.767,3.867,11.05,1,1,1,1,1
2026-02-16T03,136.0,260.0,57.75,17.69,22.775,1,1,1,1,1
2026-02-17T07,29.0,89.25,,85.832,16.975,1,1,0,1,1
2026-02-17T08,22.667,74.25,,95.587,16.925,1,1,0,1,1
2026-02-17T09,22.5,81.25,,101.925,14.925,1,1,0,1,1
2026-02-17T10,23.5,83.5,,93.14,13.725,1,1,0,1,1
2026-02-17T11,26.0,95.5,13.9,80.395,11.125,1,1,1,1,1
2026-02-17T12,35.0,124.25,13.65,59.02,8.225,1,1,1,1,1
2026-02-17T13,46.5,164.0,13.225,16.51,6.8,1,1,1,1,1
2026-02-17T14,85.0,242.75,13.0,9.04,6.05,1,1,1,1,1
2026-02-17T15,127.5,286.0,12.825,8.137,5.45,1,1,1,1,1
2026-02-17T16,138.0,274.0,13.1,1.33,6.3,1,1,1,1,1
2026-02-18T01,140.0,243.0,14.35,10.7,10.75,1,1,1,1,1
2026-02-18T02,128.5,213.75,14.3,10.952,10.525,1,1,1,1,1
2026-02-18T03,97.667,181.0,14.167,10.553,10.133,1,1,1,1,1
2026-02-18T04,86.25,173.0,14.2,14.367,10.2,1,1,1,1,1
2026-02-18T05,80.5,159.0,13.85,34.735,8.95,1,1,1,1,1
2026-02-18T06,71.0,145.75,14.225,49.295,10.25,1,1,1,1,1
2026-02-18T07,74.5,117.5,13.725,32.205,8.575,1,1,1,1,1
2026-02-18T08,76.0,98.0,14.5,39.035,11.3,1,1,1,1,1
2026-02-18T09,38.25,65.75,13.85,31.238,8.975,1,1,1,1,1
2026-02-18T10,30.0,56.0,13.467,28.113,7.667,1,1,1,1,1
2026-02-18T11,38.25,75.5,13.175,23.183,6.675,1,1,1,1,1
2026-02-18T12,52.5,101.25,13.3,14.367,7.1,1,1,1,1,1
2026-02-18T13,77.0,129.333,13.4,4.85,7.4,1,1,1,1,1
2026-02-18T14,104.25,150.75,13.625,5.79,8.15,1,1,1,1,1
2026-02-18T15,123.25,158.25,13.7,3.533,8.525,1,1,1,1,1
2026-02-19T07,126.5,255.5,,253.415,28.65,1,1,0,1,1
2026-02-19T09,89.0,170.0,,281.57,28.8,1,1,0,1,1
2026-02-19T10,74.0,154.0,,283.46,23.1,1,1,0,1,1
2026-02-19T11,59.5,150.25,,147.03,17.675,1,1,0,1,1
2026-02-19T12,560.0,139.0,,59.987,12.9,1,1,0,1,1
2026-02-19T13,1213.25,144.75,,39.845,10.925,1,1,0,1,1
2026-02-19T14,96.25,172.75,,5.19,11.25,1,1,0,1,1
2026-02-19T15,120.5,203.25,,5.68,10.5,1,1,0,1,1
2026-02-19T16,129.0,197.0,,5.655,10.375,1,1,0,1,1
2026-02-19T17,132.5,192.0,,4.515,10.1,1,1,0,1,1
2026-02-19T18,130.0,174.0,,4.21,10.2,1,1,0,1,1
2026-02-19T19,130.5,179.25,,3.768,11.5,1,1,0,1,1
2026-02-19T20,124.5,187.75,,1.763,11.025,1,1,0,1,1
2026-02-19T21,103.0,164.5,,2.44,9.75,1,1,0,1,1
2026-02-19T22,104.75,157.5,,2.822,9.4,1,1,0,1,1
2026-02-19T23,101.25,153.5,,3.53,8.75,1,1,0,1,1
2026-02-20T00,114.333,176.667,,6.09,9.467,1,1,0,1,1
2026-02-20T01,145.75,201.75,,7.057,9.9,1,1,0,1,1
2026-02-20T02,184.5,211.5,,10.97,10.1,1,1,0,1,1
2026-02-20T03,261.0,253.0,,13.06,11.125,1,1,0,1,1
2026-02-20T04,235.0,265.5,,47.4,26.3,1,1,0,1,1
2026-02-20T05,130.25,224.25,,84.237,31.825,1,1,0,1,1
2026-02-20T06,83.5,152.75,,114.795,34.275,1,1,0,1,1
2026-02-20T07,85.0,152.0,53.6,155.85,34.567,1,1,1,1,1
2026-02-20T08,77.0,146.0,38.6,145.59,32.4,1,1,1,1,1
2026-02-20T09,52.0,114.0,24.55,124.185,22.95,1,1,1,1,1
2026-02-20T10,50.0,106.5,23.65,97.465,20.825,1,1,1,1,1
2026-02-20T11,40.25,94.0,27.225,83.323,16.225,1,1,1,1,1
2026-02-20T12,48.25,112.0,44.5,50.627,12.725,1,1,1,1,1
2026-02-20T13,53.5,134.0,37.35,15.145,10.375,1,1,1,1,1
2026-02-20T14,58.0,146.0,37.8,6.43,10.05,1,1,1,1,1
2026-02-20T15,62.25,147.5,38.475,3.905,8.875,1,1,1,1,1
2026-02-20T16,75.75,175.0,32.7,5.078,8.725,1,1,1,1,1
2026-02-20T17,97.0,197.0,27.375,6.968,9.325,1,1,1,1,1
2026-02-20T18,182.0,218.0,36.2,,11.5,1,1,1,0,1
2026-02-20T19,175.25,215.75,34.1,2.955,10.875,1,1,1,1,1
2026-02-20T20,151.667,207.667,51.6,2.137,11.0,1,1,1,1,1
2026-02-20T21,135.5,197.25,41.875,3.098,10.325,1,1,1,1,1
2026-02-20T22,106.0,170.5,37.625,2.865,10.675,1,1,1,1,1
2026-02-20T23,100.75,156.0,35.725,3.812,8.8,1,1,1,1,1
2026-02-21T00,97.25,146.75,29.8,5.13,8.9,1,1,1,1,1
2026-02-21T01,111.75,153.5,24.85,7.243,8.9,1,1,1,1,1
2026-02-21T02,133.75,152.75,28.575,12.48,9.8,1,1,1,1,1
2026-02-21T03,152.25,169.75,29.425,27.465,10.925,1,1,1,1,1
2026-02-21T04,136.5,192.25,52.9,50.495,15.825,1,1,1,1,1
2026-02-21T05,123.25,199.25,44.8,86.287,22.4,1,1,1,1,1
2026-02-21T06,97.0,173.0,46.3,122.15,25.85,1,1,1,1,1
2026-02-21T07,80.667,156.0,41.967,140.507,27.067,1,1,1,1,1
2026-02-21T08,68.5,136.25,31.675,127.558,29.125,1,1,1,1,1
2026-02-21T09,53.75,119.5,28.075,124.697,25.625,1,1,1,1,1
2026-02-21T10,59.0,121.0,23.25,117.355,23.45,1,1,1,1,1
2026-02-21T11,49.0,114.0,23.5,91.553,16.8,1,1,1,1,1
2026-02-21T12,55.75,127.75,55.6,54.175,14.375,1,1,1,1,1
2026-02-21T13,71.75,167.0,46.85,27.703,12.575,1,1,1,1,1
2026-02-21T14,81.25,186.25,48.65,6.833,11.25,1,1,1,1,1
2026-02-21T15,98.0,213.5,48.875,2.97,10.575,1,1,1,1,1
2026-02-21T16,116.0,233.75,44.275,3.59,10.6,1,1,1,1,1
2026-02-21T17,140.0,250.75,40.275,3.522,11.625,1,1,1,1,1
2026-02-21T19,194.0,243.0,37.8,6.51,8.9,1,1,1,1,1
2026-02-21T20,181.0,234.75,70.825,0.74,9.425,1,1,1,1,1
2026-02-21T21,141.0,213.0,61.625,2.467,9.05,1,1,1,1,1
2026-02-21T22,138.5,221.0,51.725,2.982,8.075,1,1,1,1,1
2026-02-21T23,140.0,218.0,48.633,2.687,7.933,1,1,1,1,1
2026-02-22T00,132.25,212.75,52.825,2.49,8.475,1,1,1,1,1
2026-02-22T01,126.75,199.0,50.125,2.777,8.3,1,1,1,1,1
2026-02-22T02,127.0,207.25,53.15,5.14,10.25,1,1,1,1,1
2026-02-22T03,129.0,208.0,56.0,21.763,19.275,1,1,1,1,1
2026-02-22T04,114.5,175.0,43.625,53.332,28.675,1,1,1,1,1
2026-02-22T05,74.75,124.0,35.875,68.023,33.15,1,1,1,1,1
2026-02-22T06,54.75,100.0,49.975,101.357,37.625,1,1,1,1,1
2026-02-22T07,43.0,79.5,72.967,118.898,33.6,1,1,1,1,1
2026-02-22T08,44.0,75.0,57.55,139.183,28.133,1,1,1,1,1
2026-02-22T09,38.5,81.25,41.7,138.555,27.275,1,1,1,1,1
2026-02-22T10,35.75,85.25,47.85,129.228,25.675,1,1,1,1,1
2026-02-22T11,41.0,95.0,51.0,109.125,21.1,1,1,1,1,1
2026-02-22T12,44.25,122.5,50.375,66.81,13.65,1,1,1,1,1
2026-02-22T13,53.5,162.0,57.5,16.415,11.1,1,1,1,1,1
2026-02-22T14,86.0,241.0,43.8,3.65,10.2,1,1,1,1,1
2026-02-22T15,86.0,241.0,43.6,4.63,10.1,1,1,1,1,1
2026-02-23T05,89.0,156.0,58.1,72.77,55.2,1,1,1,1,1
2026-02-23T06,71.667,144.667,41.1,109.09,53.75,1,1,1,1,1
2026-02-23T07,55.0,119.25,34.95,145.077,48.8,1,1,1,1,1
2026-02-23T08,55.0,111.0,,138.53,,1,1,0,1,0
2026-02-23T09,33.25,104.0,40.65,150.015,35.85,1,1,1,1,1
2026-02-23T10,31.25,97.25,73.075,126.153,30.075,1,1,1,1,1
2026-02-23T11,34.0,102.25,77.6,111.107,24.45,1,1,1,1,1
2026-02-23T12,42.0,132.25,80.075,73.582,17.725,1,1,1,1,1
2026-02-23T13,51.0,165.25,79.075,33.352,14.75,1,1,1,1,1
2026-02-23T14,104.0,278.0,67.8,5.9,12.5,1,1,1,1,1
2026-02-23T15,105.25,272.5,62.625,5.553,11.85,1,1,1,1,1
2026-02-23T16,112.25,266.5,61.05,4.94,11.95,1,1,1,1,1
2026-02-23T17,150.0,307.75,65.625,4.695,10.65,1,1,1,1,1
2026-02-23T18,186.0,301.0,97.2,3.18,10.7,1,1,1,1,1
2026-02-23T19,171.5,291.0,85.025,3.365,10.5,1,1,1,1,1
2026-02-23T20,125.5,247.5,87.225,3.405,9.2,1,1,1,1,1
2026-02-23T21,123.0,213.0,84.35,3.645,8.6,1,1,1,1,1
2026-02-23T22,140.5,233.5,82.25,4.17,8.725,1,1,1,1,1
2026-02-23T23,142.5,236.25,67.525,4.855,7.95,1,1,1,1,1
2026-02-24T00,126.0,222.0,65.467,6.14,8.6,1,1,1,1,1
2026-02-24T06,85.5,154.5,66.7,129.52,39.5,1,1,1,1,1
2026-02-24T07,82.333,148.333,53.7,156.847,38.933,1,1,1,1,1
2026-02-24T08,77.333,149.333,45.3,167.347,36.9,1,1,1,1,1
2026-02-24T09,54.0,125.0,45.65,140.985,32.2,1,1,1,1,1
2026-02-24T10,42.0,108.0,47.1,130.85,29.3,1,1,1,1,1
2026-02-24T12,48.0,135.0,79.95,60.525,15.1,1,1,1,1,1
2026-02-24T13,62.25,166.75,80.025,14.502,12.875,1,1,1,1,1
2026-02-24T14,80.0,210.5,72.75,4.52,10.075,1,1,1,1,1
2026-02-24T15,92.0,224.0,64.575,6.053,9.775,1,1,1,1,1
2026-02-24T16,113.5,248.5,64.55,5.147,9.425,1,1,1,1,1
2026-02-24T17,122.75,265.5,73.425,4.225,10.2,1,1,1,1,1
2026-02-24T18,107.0,243.0,90.6,2.67,9.9,1,1,1,1,1
2026-02-24T19,108.0,233.25,82.625,3.14,9.85,1,1,1,1,1
2026-02-24T20,109.5,197.25,78.325,3.26,8.35,1,1,1,1,1
2026-02-24T21,105.0,183.25,77.025,3.91,7.9,1,1,1,1,1
2026-02-24T22,106.75,203.0,73.875,4.197,9.075,1,1,1,1,1
2026-02-24T23,116.5,204.5,72.9,4.455,8.725,1,1,1,1,1
2026-02-25T00,131.25,202.25,74.525,4.26,9.425,1,1,1,1,1
2026-02-25T01,139.5,214.25,80.8,4.412,9.15,1,1,1,1,1
2026-02-25T02,144.25,220.5,92.675,8.598,9.55,1,1,1,1,1
2026-02-25T03,117.5,198.25,89.225,26.68,14.225,1,1,1,1,1
2026-02-25T04,107.5,201.75,96.775,60.335,22.575,1,1,1,1,1
2026-02-25T05,73.5,144.75,96.55,97.623,30.65,1,1,1,1,1
2026-02-25T06,45.25,108.0,86.225,124.18,36.425,1,1,1,1,1
2026-02-25T07,37.0,100.75,58.875,142.433,37.425,1,1,1,1,1
2026-02-25T08,35.5,105.5,55.75,139.213,33.675,1,1,1,1,1
2026-02-25T09,29.667,102.0,53.933,124.16,28.667,1,1,1,1,1
2026-02-25T10,27.0,98.0,56.167,116.83,26.8,1,1,1,1,1
2026-02-25T11,19.25,91.0,67.95,93.847,19.825,1,1,1,1,1
2026-02-25T12,26.0,108.667,74.333,47.83,13.167,1,1,1,1,1
2026-02-25T13,41.75,152.5,81.875,10.65,11.575,1,1,1,1,1
2026-02-25T14,57.0,184.0,82.325,3.85,11.55,1,1,1,1,1
2026-02-25T15,80.333,220.5,67.65,4.625,11.05,1,1,1,1,1
2026-02-25T16,101.0,261.0,72.375,6.125,10.6,1,1,1,1,1
2026-02-25T17,97.0,234.5,74.575,3.655,10.05,1,1,1,1,1
2026-02-25T18,86.0,198.0,81.5,2.78,8.7,1,1,1,1,1
2026-02-25T19,87.25,198.25,77.15,2.847,7.9,1,1,1,1,1
2026-02-25T20,90.25,190.25,81.875,3.797,6.85,1,1,1,1,1
2026-02-25T21,87.25,163.25,83.05,2.737,6.65,1,1,1,1,1
2026-02-25T22,85.5,161.75,83.3,3.09,6.95,1,1,1,1,1
2026-02-25T23,88.0,164.333,75.7,3.917,6.2,1,1,1,1,1
2026-02-26T00,93.75,168.25,77.5,3.52,7.125,1,1,1,1,1
2026-02-26T01,107.5,181.75,82.1,3.968,7.525,1,1,1,1,1
2026-02-26T02,111.25,191.5,92.1,9.232,8.3,1,1,1,1,1
2026-02-26T03,94.5,182.75,89.025,36.08,12.15,1,1,1,1,1
2026-02-26T04,75.0,165.0,87.85,66.513,17.25,1,1,1,1,1
2026-02-26T05,62.75,144.5,94.225,109.083,25.625,1,1,1,1,1
2026-02-26T06,50.75,131.5,92.425,131.918,30.475,1,1,1,1,1
2026-02-26T07,40.667,136.333,62.85,123.412,31.675,1,1,1,1,1
2026-02-26T08,31.5,140.25,63.725,105.008,28.625,1,1,1,1,1
2026-02-26T09,22.75,173.75,57.975,95.5,24.6,1,1,1,1,1
2026-02-26T10,19.75,125.25,64.55,94.19,22.35,1,1,1,1,1
2026-02-26T11,22.75,89.0,66.6,86.623,17.625,1,1,1,1,1
2026-02-26T12,26.25,95.5,74.15,47.362,11.775,1,1,1,1,1
2026-02-26T13,37.333,135.667,84.7,12.807,9.5,1,1,1,1,1
2026-02-26T14,53.0,166.0,85.35,5.548,9.2,1,1,1,1,1
2026-02-26T15,61.0,196.75,71.125,4.08,8.675,1,1,1,1,1
2026-02-26T16,82.0,227.0,79.4,3.555,8.65,1,1,1,1,1
2026-02-26T17,98.25,224.25,84.05,3.17,8.375,1,1,1,1,1
2026-02-26T18,87.0,202.0,96.8,2.49,8.5,1,1,1,1,1
2026-02-26T19,80.75,190.5,86.65,2.695,7.375,1,1,1,1,1
2026-02-26T20,61.75,149.5,86.725,3.255,6.75,1,1,1,1,1
2026-02-26T21,63.333,136.667,88.8,3.11,7.433,1,1,1,1,1
2026-02-26T22,68.0,150.0,87.3,2.94,7.875,1,1,1,1,1
2026-02-26T23,69.5,152.0,84.2,3.455,7.8,1,1,1,1,1
2026-02-27T00,76.75,157.75,85.95,3.307,8.075,1,1,1,1,1
2026-02-27T01,85.5,163.5,85.025,4.31,7.75,1,1,1,1,1
2026-02-27T02,89.75,192.75,95.525,7.658,10.075,1,1,1,1,1
2026-02-27T03,96.0,215.75,100.875,20.297,16.2,1,1,1,1,1
2026-02-27T04,85.0,189.25,102.575,68.412,21.725,1,1,1,1,1
2026-02-27T05,65.0,154.5,114.6,119.465,29.425,1,1,1,1,1
2026-02-27T06,45.0,112.25,90.25,120.972,33.475,1,1,1,1,1
2026-02-27T07,29.75,87.25,65.675,116.963,32.6,1,1,1,1,1
2026-02-27T08,29.0,82.0,63.433,117.117,30.2,1,1,1,1,1
2026-02-27T09,30.25,99.0,59.6,111.167,27.15,1,1,1,1,1
2026-02-27T10,30.75,105.75,74.975,108.28,24.375,1,1,1,1,1
2026-02-27T11,33.0,125.25,82.275,61.588,18.05,1,1,1,1,1
2026-02-27T12,46.5,163.5,88.45,35.27,12.525,1,1,1,1,1
2026-02-27T13,70.333,241.667,108.067,9.037,11.967,1,1,1,1,1
2026-02-27T14,97.75,339.0,109.425,3.3,12.275,1,1,1,1,1
2026-02-27T15,117.0,403.75,92.075,3.56,10.325,1,1,1,1,1
2026-02-27T16,117.5,404.25,94.8,3.515,10.925,1,1,1,1,1
2026-02-27T17,125.25,407.5,105.025,3.127,9.85,1,1,1,1,1
2026-02-27T19,124.667,373.333,101.467,26.243,7.533,1,1,1,1,1
2026-02-27T20,124.0,302.0,98.767,13.61,6.367,1,1,1,1,1
2026-02-27T21,123.0,273.75,95.9,12.748,6.125,1,1,1,1,1
2026-02-27T22,127.5,245.25,93.325,10.637,5.1,1,1,1,1,1
2026-02-28T10,39.25,138.0,102.1,105.867,11.85,1,1,1,1,1
2026-02-28T11,39.5,144.0,85.7,91.2,11.625,1,1,1,1,1
2026-02-28T12,38.0,144.0,86.6,84.65,8.7,1,1,1,1,1
2026-03-01T05,80.0,200.5,51.65,92.365,22.15,1,1,1,1,1
2026-03-01T06,56.0,184.0,62.1,98.14,19.1,1,1,1,1,1
2026-03-01T07,53.0,180.667,46.733,108.8,17.933,1,1,1,1,1
2026-03-01T08,47.0,174.0,44.9,103.117,17.033,1,1,1,1,1
2026-03-01T09,43.5,177.75,,92.88,15.3,1,1,0,1,1
2026-03-01T10,41.0,169.25,,83.978,,1,1,0,1,0
2026-03-01T11,38.0,153.333,,86.077,,1,1,0,1,0
2026-03-01T12,40.5,157.25,76.433,71.705,18.2,1,1,1,1,1
2026-03-01T13,51.25,185.25,80.875,50.975,17.45,1,1,1,1,1
2026-03-01T14,64.25,212.75,90.7,15.703,15.85,1,1,1,1,1
2026-03-01T15,76.75,240.75,95.1,13.667,14.4,1,1,1,1,1
2026-03-01T16,86.5,241.25,,11.745,,1,1,0,1,0
2026-03-01T17,90.25,224.5,,8.077,,1,1,0,1,0
2026-03-01T20,74.25,174.75,96.35,13.475,15.25,1,1,1,1,1
2026-03-01T21,84.0,180.5,91.9,12.635,17.55,1,1,1,1,1
2026-03-01T22,111.0,218.0,87.85,9.71,18.45,1,1,1,1,1
2026-03-02T03,93.0,218.0,,,,1,1,0,0,0
2026-03-02T04,94.0,228.333,77.367,75.89,34.567,1,1,1,1,1
2026-03-02T05,92.75,243.667,72.65,101.705,36.825,1,1,1,1,1
2026-03-02T06,83.0,233.0,64.5,105.32,34.7,1,1,1,1,1
2026-03-02T07,63.0,232.0,53.167,98.17,32.967,1,1,1,1,1
2026-03-02T08,56.25,229.75,55.1,102.582,34.567,1,1,1,1,1
2026-03-02T09,57.0,205.0,,101.323,,1,1,0,1,0
2026-03-02T10,48.0,226.0,,93.0,,1,1,0,1,0
2026-03-02T13,69.0,200.0,82.2,50.92,24.25,1,1,1,1,1
2026-03-02T16,139.0,291.0,97.6,6.61,19.9,1,1,1,1,1
2026-03-02T17,159.5,294.75,95.325,14.467,20.025,1,1,1,1,1
2026-03-02T18,148.666,267.667,100.517,9.035,11.167,2,2,2,2,1
2026-03-02T19,154.0,260.5,95.35,19.43,7.225,1,1,1,1,1
2026-03-02T20,126.5,222.25,84.25,29.61,7.1,1,1,1,1,1
2026-03-02T21,116.0,202.0,77.45,31.285,6.3,1,1,1,1,1
2026-03-02T22,107.667,195.0,63.3,29.643,6.433,1,1,1,1,1
2026-03-02T23,127.25,209.5,56.275,21.947,6.525,1,1,1,1,1
2026-03-03T00,127.333,198.333,52.367,17.167,5.967,1,1,1,1,1
2026-03-03T01,124.333,204.0,53.233,21.01,6.8,1,1,1,1,1
2026-03-03T02,119.25,222.0,52.925,33.062,8.425,1,1,1,1,1
2026-03-03T03,107.667,233.667,56.433,53.69,15.433,1,1,1,1,1
2026-03-03T04,89.5,228.75,57.825,74.32,21.475,1,1,1,1,1
2026-03-03T05,73.0,216.0,50.667,85.423,22.033,1,1,1,1,1
2026-03-03T06,62.25,225.0,45.85,88.933,22.5,1,1,1,1,1
2026-03-03T07,55.75,265.25,44.05,92.35,23.0,1,1,1,1,1
2026-03-03T08,50.0,316.0,43.867,93.983,24.6,1,1,1,1,1
2026-03-03T09,44.0,281.0,48.075,92.802,22.3,1,1,1,1,1
2026-03-03T10,38.0,239.0,43.967,90.0,18.233,1,1,1,1,1
2026-03-03T11,39.25,165.5,45.975,75.867,14.7,1,1,1,1,1
2026-03-03T12,45.75,152.25,52.35,58.108,12.45,1,1,1,1,1
2026-03-03T13,54.0,171.0,56.2,48.39,11.7,1,1,1,1,1
2026-03-03T14,62.0,193.0,59.15,36.07,9.6,1,1,1,1,1
2026-03-03T15,71.0,205.0,66.6,25.0,9.7,1,1,1,1,1
2026-03-03T16,76.0,204.0,63.55,23.705,8.6,1,1,1,1,1
2026-03-03T17,77.0,216.0,65.55,18.345,7.45,1,1,1,1,1
2026-03-03T18,71.5,199.75,64.825,15.11,10.55,2,2,2,2,1
2026-03-03T19,81.5,197.0,74.125,3.92,9.5,1,1,1,1,1
2026-03-03T20,91.0,181.5,75.525,10.812,9.05,1,1,1,1,1
2026-03-03T21,94.667,173.667,62.667,17.987,9.267,1,1,1,1,1
2026-03-03T22,86.5,158.0,53.05,16.925,9.35,1,1,1,1,1
2026-03-03T23,82.0,152.5,53.05,18.05,9.15,1,1,1,1,1
2026-03-04T00,97.0,164.0,48.5,24.03,9.3,1,1,1,1,1
2026-03-04T01,103.0,171.0,46.833,24.113,9.9,1,1,1,1,1
2026-03-04T10,33.0,175.5,29.7,76.685,,1,1,1,1,0
2026-03-04T11,37.0,153.0,32.1,61.36,16.65,1,1,1,1,1
2026-03-04T12,42.0,136.5,36.25,41.945,16.5,1,1,1,1,1
2026-03-04T13,51.0,151.667,34.033,36.027,14.733,1,1,1,1,1
2026-03-04T14,64.0,175.25,31.825,22.438,13.5,1,1,1,1,1
2026-03-04T15,74.333,181.0,33.467,14.47,12.7,1,1,1,1,1
2026-03-04T16,69.333,172.0,41.0,21.033,14.0,1,1,1,1,1
2026-03-04T17,54.25,150.75,34.65,30.245,14.9,1,1,1,1,1
2026-03-04T18,57.333,125.667,29.3,30.95,11.867,1,1,1,1,1
2026-03-04T19,65.0,113.5,26.6,22.825,9.85,1,1,1,1,1
2026-03-04T20,69.0,109.0,32.35,21.652,10.9,1,1,1,1,1
2026-03-04T21,73.333,110.333,24.7,17.347,10.233,1,1,1,1,1
2026-03-04T22,83.0,112.25,29.3,19.568,11.15,1,1,1,1,1
2026-03-04T23,95.0,128.0,24.5,18.45,11.35,1,1,1,1,1
2026-03-05T00,86.0,128.0,33.15,15.485,11.75,1,1,1,1,1
2026-03-05T01,113.0,147.0,32.65,13.14,11.9,1,1,1,1,1
2026-03-05T02,105.333,177.667,30.4,20.757,12.767,1,1,1,1,1
2026-03-05T03,86.0,183.0,41.3,39.34,20.9,1,1,1,1,1
2026-03-05T04,87.75,228.25,37.375,68.093,21.5,1,1,1,1,1
2026-03-05T06,70.0,195.0,30.6,90.69,30.8,1,1,1,1,1
2026-03-05T07,57.0,176.0,31.967,85.43,29.733,1,1,1,1,1
2026-03-05T08,43.0,168.0,24.15,73.765,24.2,1,1,1,1,1
2026-03-05T09,40.5,228.75,26.075,74.352,25.3,1,1,1,1,1
2026-03-05T10,43.5,189.25,25.8,72.75,24.775,1,1,1,1,1
2026-03-05T11,46.5,166.25,28.7,63.22,21.7,1,1,1,1,1
2026-03-05T12,42.0,149.0,34.95,40.495,16.9,1,1,1,1,1
2026-03-05T13,60.0,193.0,43.9,26.225,15.05,1,1,1,1,1
2026-03-05T14,75.25,194.0,50.125,14.332,15.875,1,1,1,1,1
2026-03-05T15,79.0,197.0,48.6,13.09,14.5,1,1,1,1,1
2026-03-05T16,86.5,205.75,51.525,6.987,13.7,1,1,1,1,1
2026-03-05T17,94.0,205.0,49.9,6.05,13.8,1,1,1,1,1
2026-03-05T18,83.5,191.666,49.85,5.699,11.133,2,2,2,2,1
2026-03-05T19,73.0,176.0,49.133,5.27,11.133,1,1,1,1,1
2026-03-05T20,70.5,164.75,53.25,5.018,10.3,1,1,1,1,1
2026-03-05T21,84.667,157.0,41.8,6.953,9.8,1,1,1,1,1
2026-03-05T22,107.0,169.5,44.95,5.35,10.35,1,1,1,1,1
2026-03-05T23,118.333,176.667,42.033,4.843,9.433,1,1,1,1,1
2026-03-06T00,105.667,177.667,48.733,3.777,10.4,1,1,1,1,1
2026-03-06T01,92.5,187.0,50.675,4.973,10.55,1,1,1,1,1
2026-03-06T02,89.333,210.667,52.267,11.203,15.233,1,1,1,1,1
2026-03-06T03,98.0,247.5,46.125,23.935,19.425,1,1,1,1,1
2026-03-06T04,99.5,251.25,43.75,46.425,22.225,1,1,1,1,1
2026-03-06T05,103.5,244.75,38.75,74.112,20.55,1,1,1,1,1
2026-03-06T06,102.0,232.0,32.4,96.905,30.25,1,1,1,1,1
2026-03-06T07,100.333,231.667,,121.285,,1,1,0,1,0
2026-03-06T08,99.0,235.0,33.4,138.14,36.8,1,1,1,1,1
2026-03-06T09,77.0,197.75,33.75,139.21,23.925,1,1,1,1,1
2026-03-06T10,53.5,156.0,36.35,115.3,16.45,1,1,1,1,1
2026-03-06T11,38.0,132.75,36.375,104.523,15.6,1,1,1,1,1
2026-03-06T12,35.0,132.0,69.85,75.52,15.85,1,1,1,1,1
2026-03-06T13,59.0,211.0,101.75,8.65,15.6,1,1,1,1,1
2026-03-06T14,78.0,273.0,100.2,3.25,14.333,1,1,1,1,1
2026-03-06T15,89.5,288.75,101.325,3.68,14.775,1,1,1,1,1
2026-03-06T16,112.75,338.5,101.35,6.018,15.15,1,1,1,1,1
2026-03-06T17,158.0,408.5,95.1,16.345,16.4,1,1,1,1,1
2026-03-06T18,180.334,393.667,88.767,8.428,12.167,2,2,2,2,1
2026-03-06T19,187.0,327.0,68.467,14.797,10.033,1,1,1,1,1
2026-03-06T20,248.5,324.0,55.1,20.5,8.9,1,1,1,1,1
2026-03-06T21,253.75,321.0,62.025,8.228,8.0,1,1,1,1,1
2026-03-06T22,232.75,303.75,69.125,11.55,7.9,1,1,1,1,1
2026-03-06T23,214.667,270.0,49.6,22.31,7.9,1,1,1,1,1
2026-03-07T00,216.0,257.25,41.425,26.888,7.15,1,1,1,1,1
2026-03-07T01,239.5,279.5,43.425,19.305,7.65,1,1,1,1,1
2026-03-07T02,250.75,303.75,58.25,13.637,8.45,1,1,1,1,1
2026-03-07T03,228.25,313.5,49.65,37.35,11.925,1,1,1,1,1
2026-03-07T04,204.0,303.0,47.025,78.695,17.325,1,1,1,1,1
2026-03-07T05,177.75,296.75,40.975,115.69,20.85,1,1,1,1,1
2026-03-07T06,135.0,251.0,39.667,144.61,21.267,1,1,1,1,1
2026-03-07T07,117.0,219.25,36.6,173.933,19.9,1,1,1,1,1
2026-03-07T13,68.0,220.25,68.375,43.57,11.325,1,1,1,1,1
2026-03-07T14,90.667,280.667,102.733,2.963,11.4,1,1,1,1,1
2026-03-07T15,113.75,337.0,104.55,3.803,11.075,1,1,1,1,1
2026-03-07T16,144.25,387.75,88.4,4.607,10.625,1,1,1,1,1
2026-03-07T17,174.25,419.75,96.0,7.502,11.425,1,1,1,1,1
2026-03-07T18,193.5,444.0,93.2,11.383,14.8,2,2,2,2,1
2026-03-07T19,169.5,375.0,101.1,6.453,13.225,1,1,1,1,1
2026-03-07T20,148.25,349.25,93.775,7.75,12.85,1,1,1,1,1
2026-03-07T21,152.0,350.5,97.175,7.842,12.975,1,1,1,1,1
2026-03-07T22,155.25,346.25,92.95,9.848,13.425,1,1,1,1,1
2026-03-07T23,162.333,346.333,104.533,7.507,12.133,1,1,1,1,1
2026-03-08T00,157.0,327.0,102.5,6.17,11.85,1,1,1,1,1
2026-03-08T01,154.0,318.0,97.85,7.065,12.25,1,1,1,1,1
2026-03-08T02,177.0,340.0,122.2,7.745,20.25,1,1,1,1,1
2026-03-08T03,196.0,366.0,141.15,28.535,33.85,1,1,1,1,1
2026-03-08T04,221.0,357.0,66.05,97.99,28.9,1,1,1,1,1
2026-03-08T05,113.75,208.0,65.3,196.303,27.25,1,1,1,1,1
2026-03-08T06,119.5,228.25,51.775,249.145,24.775,1,1,1,1,1
2026-03-08T07,75.25,180.5,44.075,203.197,21.8,1,1,1,1,1
2026-03-08T08,46.5,152.0,39.225,190.857,21.375,1,1,1,1,1
2026-03-08T09,45.5,148.5,37.375,172.463,20.175,1,1,1,1,1
2026-03-08T10,37.0,136.5,36.15,164.037,17.45,1,1,1,1,1
2026-03-08T11,38.5,144.5,43.25,127.515,16.7,1,1,1,1,1
2026-03-08T12,42.5,161.5,50.55,82.82,14.8,1,1,1,1,1
2026-03-08T13,61.0,214.0,81.15,17.76,14.55,1,1,1,1,1
2026-03-08T14,88.333,271.0,80.3,13.137,13.267,1,1,1,1,1
2026-03-08T15,112.0,302.5,73.425,5.053,12.025,1,1,1,1,1
2026-03-08T16,126.5,326.5,74.925,4.155,11.625,1,1,1,1,1
2026-03-08T17,108.0,279.0,74.4,4.453,12.0,1,1,1,1,1
2026-03-08T18,111.0,285.0,73.05,4.525,12.1,2,2,2,2,1
2026-03-08T19,125.0,284.0,61.45,4.57,12.1,1,1,1,1,1
2026-03-08T20,129.0,273.0,71.75,3.58,11.2,1,1,1,1,1
2026-03-08T21,154.0,267.0,,6.545,9.9,1,1,0,1,1
2026-03-08T22,162.0,228.5,,8.365,9.2,1,1,0,1,1
2026-03-08T23,161.25,213.75,,6.742,8.925,1,1,0,1,1
2026-03-09T00,168.0,222.5,,10.105,9.05,1,1,0,1,1
2026-03-09T01,171.25,240.0,,12.818,9.475,1,1,0,1,1
2026-03-09T02,181.0,268.0,,24.28,13.6,1,1,0,1,1
2026-03-09T03,177.5,290.5,,50.517,19.05,1,1,0,1,1
2026-03-09T04,153.0,281.0,50.55,107.02,25.425,1,1,1,1,1
2026-03-09T05,100.0,236.0,43.45,169.82,24.1,1,1,1,1,1
2026-03-09T06,93.5,223.0,36.65,169.97,22.9,1,1,1,1,1
2026-03-09T07,87.0,202.0,33.2,168.745,21.4,1,1,1,1,1
2026-03-09T08,72.5,185.5,31.8,160.36,20.6,1,1,1,1,1
2026-03-09T09,64.333,172.667,27.867,138.843,17.433,1,1,1,1,1
2026-03-09T10,52.25,154.75,24.825,118.3,14.875,1,1,1,1,1
2026-03-09T11,47.333,154.667,34.833,93.44,13.5,1,1,1,1,1
2026-03-09T12,59.75,183.0,38.375,76.017,13.35,1,1,1,1,1
2026-03-09T13,77.0,210.0,41.067,45.07,12.467,1,1,1,1,1
2026-03-09T14,117.0,272.333,48.067,27.397,11.033,1,1,1,1,1
2026-03-09T15,154.5,330.5,56.15,12.525,10.45,1,1,1,1,1
2026-03-09T16,189.5,362.0,59.55,11.36,10.1,1,1,1,1,1
2026-03-09T17,186.0,308.5,49.15,23.245,9.2,1,1,1,1,1
2026-03-10T07,200.333,323.333,43.467,210.95,16.9,1,1,1,1,1
2026-03-10T08,256.5,400.5,38.125,231.627,20.325,1,1,1,1,1
2026-03-10T09,141.0,282.0,34.867,183.403,19.567,1,1,1,1,1
2026-03-10T10,79.0,198.0,30.475,154.0,17.8,1,1,1,1,1
2026-03-10T11,73.25,183.25,30.0,109.637,14.825,1,1,1,1,1
2026-03-10T12,52.75,173.5,38.475,82.78,12.875,1,1,1,1,1
2026-03-10T13,76.0,208.25,52.825,37.505,11.35,1,1,1,1,1
2026-03-10T14,109.75,266.75,63.85,18.307,10.3,1,1,1,1,1
2026-03-10T15,152.5,338.25,55.6,5.565,10.3,1,1,1,1,1
2026-03-10T16,134.75,344.0,57.7,4.792,10.325,1,1,1,1,1
2026-03-10T17,126.0,316.25,,5.495,10.275,1,1,0,1,1
2026-03-10T18,136.0,316.0,,5.64,10.2,1,1,0,1,1
2026-03-10T19,136.0,319.25,,5.518,10.625,1,1,0,1,1
2026-03-10T20,143.75,356.25,,5.718,10.7,1,1,0,1,1
2026-03-10T21,162.0,413.25,,6.038,10.375,1,1,0,1,1
2026-03-10T22,149.0,327.75,,5.508,9.5,1,1,0,1,1
2026-03-10T23,149.25,290.5,,3.867,9.225,1,1,0,1,1
2026-03-11T00,134.25,288.0,,4.805,8.6,1,1,0,1,1
2026-03-11T01,144.0,321.25,,5.02,9.325,1,1,0,1,1
2026-03-11T02,158.5,350.0,,6.572,14.25,1,1,0,1,1
2026-03-11T03,169.5,345.75,,38.828,21.6,1,1,0,1,1
2026-03-11T04,139.0,307.0,,81.692,25.05,1,1,0,1,1
2026-03-11T05,89.333,242.667,,131.52,22.467,1,1,0,1,1
2026-03-11T06,75.5,218.75,,173.118,22.1,1,1,0,1,1
2026-03-11T07,69.25,215.75,,131.757,17.425,1,1,0,1,1
2026-03-11T08,37.0,182.0,31.5,135.89,14.7,1,1,1,1,1
2026-03-11T09,34.75,183.25,24.0,120.465,13.375,1,1,1,1,1
2026-03-11T10,28.0,208.0,28.8,123.34,13.4,1,1,1,1,1
2026-03-11T11,32.0,158.0,33.1,86.2,11.6,1,1,1,1,1
2026-03-11T12,32.0,158.0,42.65,69.55,11.15,1,1,1,1,1
2026-03-11T13,52.75,217.25,64.025,8.625,11.7,1,1,1,1,1
2026-03-11T14,76.25,285.75,63.325,3.095,11.725,1,1,1,1,1
2026-03-11T15,82.0,295.0,68.275,2.635,11.35,1,1,1,1,1
2026-03-11T16,100.5,334.75,61.725,3.572,13.25,1,1,1,1,1
2026-03-11T17,109.5,326.75,59.825,3.43,11.275,1,1,1,1,1
2026-03-11T19,120.0,301.0,55.0,3.65,9.7,1,1,1,1,1
2026-03-11T20,123.25,301.25,57.375,3.138,9.65,1,1,1,1,1
2026-03-11T21,133.0,302.0,57.433,3.287,9.5,1,1,1,1,1
2026-03-11T22,152.0,295.0,58.6,2.707,9.633,1,1,1,1,1
2026-03-11T23,128.333,267.0,57.233,2.377,8.7,1,1,1,1,1
2026-03-12T00,102.75,237.5,51.9,2.785,8.975,1,1,1,1,1
2026-03-12T01,96.5,239.75,57.175,3.672,10.75,1,1,1,1,1
2026-03-12T02,99.0,283.0,63.175,8.49,19.25,1,1,1,1,1
2026-03-12T03,97.25,295.25,66.25,51.87,25.25,1,1,1,1,1
2026-03-12T04,78.5,276.25,61.025,94.66,24.725,1,1,1,1,1
2026-03-12T05,63.75,248.0,55.95,131.787,20.25,1,1,1,1,1
2026-03-12T06,53.0,238.0,43.85,114.305,17.825,1,1,1,1,1
2026-03-12T07,28.5,167.25,34.8,110.29,15.2,1,1,1,1,1
2026-03-12T08,17.5,145.0,33.025,118.595,14.775,1,1,1,1,1
2026-03-12T09,20.0,133.75,36.925,115.3,13.925,1,1,1,1,1
2026-03-12T10,32.0,172.0,37.567,107.713,13.767,1,1,1,1,1
2026-03-12T11,31.0,143.0,47.5,75.4,15.3,1,1,1,1,1
2026-03-12T12,49.5,192.25,55.5,59.852,14.8,1,1,1,1,1
2026-03-12T13,64.75,249.333,69.525,17.413,12.625,1,1,1,1,1
2026-03-12T14,81.5,288.75,64.775,11.893,11.65,1,1,1,1,1
2026-03-12T15,91.75,290.5,62.2,5.973,9.725,1,1,1,1,1
2026-03-12T16,103.5,303.5,63.125,8.627,9.125,1,1,1,1,1
2026-03-12T17,111.5,287.5,64.55,4.06,8.675,1,1,1,1,1
2026-03-12T18,143.0,282.0,60.4,6.53,9.2,1,1,1,1,1
2026-03-12T19,148.75,273.75,58.7,9.58,9.375,1,1,1,1,1
2026-03-12T20,156.0,236.5,54.0,25.578,9.35,1,1,1,1,1
2026-03-12T21,120.25,192.0,45.025,35.862,9.05,1,1,1,1,1
2026-03-12T22,100.5,164.75,47.8,29.803,8.875,1,1,1,1,1
2026-03-12T23,92.0,149.0,48.725,18.94,8.775,1,1,1,1,1
2026-03-13T00,89.0,158.0,48.05,9.822,8.725,1,1,1,1,1
2026-03-13T01,134.0,165.0,45.475,9.283,9.125,1,1,1,1,1
2026-03-13T02,142.75,202.0,47.9,13.94,10.325,1,1,1,1,1
2026-03-13T03,158.75,247.25,52.85,33.762,17.3,1,1,1,1,1
2026-03-13T04,128.0,239.0,54.15,72.165,23.95,1,1,1,1,1
2026-03-13T07,23.5,129.0,39.6,,18.95,1,1,1,0,1
2026-03-13T08,26.0,141.0,38.1,87.963,17.075,1,1,1,1,1
2026-03-13T09,23.0,126.333,36.925,82.425,15.125,1,1,1,1,1
2026-03-13T10,22.25,109.5,36.275,71.618,14.3,1,1,1,1,1
2026-03-13T11,26.5,128.5,40.675,67.285,13.975,1,1,1,1,1
2026-03-13T12,29.75,127.75,49.65,50.32,12.525,1,1,1,1,1
2026-03-13T13,35.75,133.25,47.7,47.655,12.2,1,1,1,1,1
2026-03-13T14,38.25,142.0,46.9,38.94,11.375,1,1,1,1,1
2026-03-13T15,42.5,143.25,52.9,30.55,10.975,1,1,1,1,1
2026-03-13T16,53.0,156.0,50.5,33.543,9.5,1,1,1,1,1
2026-03-13T17,48.0,149.0,51.267,38.79,9.5,1,1,1,1,1
2026-03-13T19,54.667,121.0,46.233,51.683,8.067,1,1,1,1,1
2026-03-13T20,68.5,134.0,46.15,64.963,7.575,1,1,1,1,1
2026-03-13T21,81.0,149.0,49.8,58.82,6.533,1,1,1,1,1
2026-03-13T22,88.0,147.0,52.95,54.82,7.325,1,1,1,1,1
2026-03-13T23,80.25,143.25,51.825,31.172,6.825,1,1,1,1,1
2026-03-14T00,96.0,162.667,56.9,21.26,6.3,1,1,1,1,1
2026-03-14T01,130.0,206.5,58.9,9.995,8.475,1,1,1,1,1
2026-03-14T02,148.25,248.0,57.35,31.438,15.3,1,1,1,1,1
2026-03-14T03,117.25,215.5,56.6,53.953,28.9,1,1,1,1,1
2026-03-14T04,117.0,229.5,58.075,101.608,28.975,1,1,1,1,1
2026-03-14T05,69.75,181.25,50.85,128.875,23.1,1,1,1,1,1
2026-03-14T06,43.25,167.0,40.35,125.532,19.55,1,1,1,1,1
2026-03-14T07,37.5,162.75,42.975,126.978,19.375,1,1,1,1,1
2026-03-14T08,36.0,152.0,41.675,130.758,19.625,1,1,1,1,1
2026-03-14T09,34.25,153.5,37.75,117.742,15.8,1,1,1,1,1
2026-03-14T10,28.5,138.25,34.25,115.63,13.475,1,1,1,1,1
2026-03-14T11,29.25,142.0,39.9,100.11,13.85,1,1,1,1,1
2026-03-14T12,41.0,184.25,46.7,65.25,14.425,1,1,1,1,1
2026-03-14T13,65.25,240.75,60.025,33.112,15.025,1,1,1,1,1
2026-03-14T14,90.5,275.25,64.025,19.977,13.925,1,1,1,1,1
2026-03-14T15,89.5,288.0,69.65,7.808,12.7,1,1,1,1,1
2026-03-14T16,117.0,318.25,71.025,6.045,13.05,1,1,1,1,1
2026-03-14T17,132.0,334.5,79.75,7.875,11.825,1,1,1,1,1
2026-03-14T18,108.0,268.0,74.3,3.51,13.1,1,1,1,1,1
2026-03-14T19,117.0,273.75,77.325,3.728,12.425,1,1,1,1,1
2026-03-14T20,133.5,272.75,75.1,6.713,12.025,1,1,1,1,1
2026-03-14T21,102.0,213.25,71.675,11.025,12.225,1,1,1,1,1
2026-03-14T22,106.75,206.75,68.775,7.078,16.125,1,1,1,1,1
2026-03-14T23,117.25,238.75,60.175,30.745,13.6,1,1,1,1,1
2026-03-15T00,85.333,232.0,49.9,53.04,14.667,1,1,1,1,1
2026-03-15T01,45.5,155.0,52.75,45.687,9.25,1,1,1,1,1
2026-03-15T02,41.75,108.25,48.975,55.343,7.875,1,1,1,1,1
2026-03-15T03,18.5,63.5,51.275,48.465,9.025,1,1,1,1,1
2026-03-15T04,24.0,59.25,54.7,48.275,13.65,1,1,1,1,1
2026-03-15T05,28.333,76.667,54.3,53.663,14.133,1,1,1,1,1
2026-03-15T06,29.5,75.5,55.875,53.302,16.225,1,1,1,1,1
2026-03-15T07,26.75,81.5,55.925,72.582,16.45,1,1,1,1,1
2026-03-15T08,30.75,84.75,55.5,85.745,14.575,1,1,1,1,1
2026-03-15T09,25.75,90.25,46.625,84.345,14.825,1,1,1,1,1
2026-03-15T10,21.5,114.0,49.625,79.82,12.925,1,1,1,1,1
2026-03-15T11,20.5,99.25,43.975,73.11,11.7,1,1,1,1,1
2026-03-15T12,25.5,95.0,56.725,61.358,10.1,1,1,1,1,1
2026-03-15T13,36.25,106.5,52.5,53.303,8.775,1,1,1,1,1
2026-03-15T14,36.75,102.25,50.725,49.138,8.65,1,1,1,1,1
2026-03-15T15,34.75,90.75,51.45,48.778,8.6,1,1,1,1,1
2026-03-15T16,31.25,79.25,49.1,47.247,7.7,1,1,1,1,1
2026-03-15T17,30.5,76.25,49.925,42.152,7.6,1,1,1,1,1
2026-03-15T18,62.0,136.0,51.4,28.09,8.6,1,1,1,1,1
2026-03-15T19,61.0,127.75,45.075,36.743,8.15,1,1,1,1,1
2026-03-15T20,83.5,132.0,46.8,39.055,7.65,1,1,1,1,1
2026-03-15T21,90.0,137.75,44.775,49.948,7.575,1,1,1,1,1
2026-03-15T22,29.5,61.25,45.25,55.145,7.7,1,1,1,1,1
2026-03-15T23,19.0,41.0,55.2,17.532,7.575,1,1,1,1,1
2026-03-16T00,18.5,44.0,54.15,31.155,8.2,1,1,1,1,1
2026-03-16T01,20.75,58.0,48.175,37.34,9.225,1,1,1,1,1
2026-03-16T02,36.0,82.5,49.2,49.3,11.625,1,1,1,1,1
2026-03-16T03,47.0,118.25,49.025,59.22,15.075,1,1,1,1,1
2026-03-16T04,43.25,137.25,50.575,49.94,18.775,1,1,1,1,1
2026-03-16T05,38.75,126.0,51.725,71.642,20.725,1,1,1,1,1
2026-03-16T06,32.0,117.0,50.433,80.543,20.1,1,1,1,1,1
2026-03-16T07,26.5,146.25,44.75,84.903,19.15,1,1,1,1,1
2026-03-16T08,28.5,139.75,50.55,78.855,18.675,1,1,1,1,1
2026-03-16T09,29.5,121.5,47.275,88.285,19.325,1,1,1,1,1
2026-03-16T10,28.75,133.5,51.0,85.823,17.225,1,1,1,1,1
2026-03-16T11,30.75,136.75,53.8,77.56,16.175,1,1,1,1,1
2026-03-16T12,34.0,148.667,53.533,61.497,14.367,1,1,1,1,1
2026-03-16T13,50.25,195.0,71.6,33.19,13.25,1,1,1,1,1
2026-03-16T14,75.25,244.25,69.35,26.265,12.15,1,1,1,1,1
2026-03-16T15,93.333,275.0,75.967,19.787,11.967,1,1,1,1,1
2026-03-16T16,117.5,275.0,59.525,32.565,9.975,1,1,1,1,1
2026-03-16T17,76.25,154.5,54.95,38.392,8.625,1,1,1,1,1
2026-03-16T18,39.0,103.0,54.9,42.83,5.3,1,1,1,1,1
2026-03-16T19,40.25,102.5,54.75,33.875,5.175,1,1,1,1,1
2026-03-16T20,43.5,101.25,58.3,34.167,4.925,1,1,1,1,1
2026-03-16T21,50.25,109.0,63.025,34.605,5.075,1,1,1,1,1
2026-03-16T22,93.25,148.75,65.65,32.895,5.3,1,1,1,1,1
2026-03-16T23,139.25,197.25,65.025,26.328,5.55,1,1,1,1,1
2026-03-17T00,111.5,176.5,67.075,15.567,5.625,1,1,1,1,1
2026-03-17T01,125.5,207.25,65.9,10.163,6.575,1,1,1,1,1
2026-03-17T02,174.5,280.25,69.225,12.703,11.375,1,1,1,1,1
2026-03-17T03,158.0,300.75,79.875,26.665,25.625,1,1,1,1,1
2026-03-17T04,158.5,321.0,83.15,73.195,34.225,1,1,1,1,1
2026-03-17T05,126.75,275.75,73.95,125.325,30.175,1,1,1,1,1
2026-03-17T06,119.333,266.0,68.867,145.013,25.133,1,1,1,1,1
2026-03-17T07,127.667,284.333,61.2,149.36,23.333,1,1,1,1,1
2026-03-17T08,95.0,241.5,63.275,160.99,24.3,1,1,1,1,1
2026-03-17T09,80.25,211.75,60.75,155.525,24.525,1,1,1,1,1
2026-03-17T10,73.75,194.0,59.775,145.975,21.225,1,1,1,1,1
2026-03-17T11,75.0,201.5,63.95,113.42,16.15,1,1,1,1,1
2026-03-17T12,60.25,184.75,61.65,89.488,11.925,1,1,1,1,1
2026-03-17T13,58.5,183.75,67.175,57.172,10.275,1,1,1,1,1
2026-03-17T14,79.25,218.75,72.125,35.76,10.1,1,1,1,1,1
2026-03-17T15,89.75,250.75,74.725,35.35,9.55,1,1,1,1,1
2026-03-17T16,112.0,267.333,69.1,36.103,8.767,1,1,1,1,1
2026-03-17T17,111.0,252.0,62.175,40.307,7.875,1,1,1,1,1
2026-03-17T18,135.0,252.0,61.2,34.69,9.1,1,1,1,1,1
2026-03-17T19,129.75,241.75,68.275,33.055,8.425,1,1,1,1,1
2026-03-17T20,123.75,217.75,68.65,19.14,8.575,1,1,1,1,1
2026-03-17T21,161.0,244.75,66.125,17.022,8.325,1,1,1,1,1
2026-03-17T22,173.75,254.25,67.5,7.365,8.25,1,1,1,1,1
2026-03-17T23,142.25,225.75,68.5,20.27,7.85,1,1,1,1,1
2026-03-18T00,160.75,250.5,69.125,5.32,7.925,1,1,1,1,1
2026-03-18T01,194.25,299.0,71.3,7.978,7.725,1,1,1,1,1
2026-03-18T02,214.75,361.0,73.575,26.23,13.6,1,1,1,1,1
2026-03-18T03,277.25,462.5,81.525,60.582,24.475,1,1,1,1,1
2026-03-18T04,216.5,401.5,82.825,113.322,29.525,1,1,1,1,1
2026-03-18T05,164.25,324.75,69.6,137.558,33.775,1,1,1,1,1
2026-03-18T06,156.0,306.0,68.933,159.863,36.0,1,1,1,1,1
2026-03-18T07,134.0,291.5,65.125,178.2,36.425,1,1,1,1,1
2026-03-18T08,128.0,278.0,57.167,180.1,33.8,1,1,1,1,1
2026-03-18T09,101.75,258.0,65.625,130.615,27.625,1,1,1,1,1
2026-03-18T10,78.75,229.25,65.175,115.945,25.575,1,1,1,1,1
2026-03-18T11,80.5,242.0,66.225,107.8,22.375,1,1,1,1,1
2026-03-18T12,102.0,271.25,71.725,69.91,20.45,1,1,1,1,1
2026-03-18T13,113.0,276.25,60.825,65.415,12.075,1,1,1,1,1
2026-03-18T14,92.25,159.25,58.5,26.612,8.275,1,1,1,1,1
2026-03-18T15,60.5,64.75,69.65,31.957,8.275,1,1,1,1,1
2026-03-18T16,47.25,58.0,58.35,41.877,8.0,1,1,1,1,1
2026-03-18T17,53.0,58.75,57.2,34.845,7.925,1,1,1,1,1
2026-03-18T18,66.0,78.0,49.2,35.4,6.2,1,1,1,1,1
2026-03-18T19,63.5,77.0,57.225,32.15,6.225,1,1,1,1,1
2026-03-18T20,54.0,71.5,59.5,21.918,6.975,1,1,1,1,1
2026-03-18T21,48.0,64.0,46.967,28.49,6.633,1,1,1,1,1
2026-03-18T22,44.5,60.75,51.425,22.475,6.375,1,1,1,1,1
2026-03-18T23,48.25,71.75,63.025,9.22,6.875,1,1,1,1,1
2026-03-19T00,59.75,85.25,55.65,17.863,6.65,1,1,1,1,1
2026-03-19T01,49.25,80.75,53.55,11.77,6.6,1,1,1,1,1
2026-03-19T02,58.25,106.75,61.275,8.193,8.875,1,1,1,1,1
2026-03-19T03,67.25,130.5,63.15,18.635,12.575,1,1,1,1,1
2026-03-19T04,74.75,159.75,66.75,25.675,13.075,1,1,1,1,1
2026-03-19T05,81.333,188.667,64.5,37.81,14.733,1,1,1,1,1
2026-03-19T06,94.75,188.25,67.8,47.738,12.1,1,1,1,1,1
2026-03-19T07,126.5,195.0,62.725,39.0,8.0,1,1,1,1,1
2026-03-19T08,156.5,191.0,55.85,52.33,8.425,1,1,1,1,1
2026-03-19T09,82.0,123.25,58.05,49.02,9.825,1,1,1,1,1
2026-03-19T10,58.5,116.25,53.55,48.6,8.85,1,1,1,1,1
2026-03-19T11,60.75,112.75,48.75,41.195,6.625,1,1,1,1,1
2026-03-19T12,90.5,115.25,42.075,26.635,6.6,1,1,1,1,1
2026-03-19T13,92.0,107.0,48.567,24.533,6.3,1,1,1,1,1
2026-03-19T14,90.0,107.0,43.125,25.143,5.9,1,1,1,1,1
2026-03-19T15,65.0,77.5,39.325,33.18,5.25,1,1,1,1,1
2026-03-19T16,39.75,51.0,38.95,33.61,5.45,1,1,1,1,1
2026-03-19T17,54.0,51.75,43.525,22.843,5.725,1,1,1,1,1
2026-03-19T18,56.0,64.0,65.4,7.29,5.0,1,1,1,1,1
2026-03-19T19,48.75,62.25,76.475,2.007,4.8,1,1,1,1,1
2026-03-19T20,28.75,59.75,,1.513,,1,1,0,1,0
2026-03-20T06,41.0,56.0,28.9,38.28,12.75,1,1,1,1,1
2026-03-20T07,38.333,61.0,21.933,46.417,14.7,1,1,1,1,1
2026-03-20T08,29.25,48.0,27.275,38.968,14.175,1,1,1,1,1
2026-03-20T09,31.25,41.0,33.6,45.13,14.575,1,1,1,1,1
2026-03-20T10,35.0,47.0,40.067,53.58,16.1,1,1,1,1,1
2026-03-20T11,43.0,74.0,35.133,44.907,12.933,1,1,1,1,1
2026-03-20T12,44.5,78.0,39.2,37.583,12.725,1,1,1,1,1
2026-03-20T13,53.5,79.0,42.85,26.428,12.275,1,1,1,1,1
2026-03-20T14,62.0,95.25,43.2,30.14,12.925,1,1,1,1,1
2026-03-20T15,47.5,82.75,41.25,27.573,12.45,1,1,1,1,1
2026-03-20T16,49.75,87.25,46.1,20.11,12.85,1,1,1,1,1
2026-03-20T17,53.75,86.75,50.9,16.015,12.85,1,1,1,1,1
2026-03-20T18,65.0,112.0,65.8,2.98,5.3,1,1,1,1,1
2026-03-20T19,62.25,109.75,65.4,2.555,4.825,1,1,1,1,1
2026-03-20T20,55.5,107.5,70.325,2.61,4.65,1,1,1,1,1
2026-03-20T21,58.75,115.75,64.925,2.475,4.375,1,1,1,1,1
2026-03-20T22,57.75,103.25,66.1,2.593,3.8,1,1,1,1,1
2026-03-20T23,66.0,113.0,67.033,2.87,4.333,1,1,1,1,1
2026-03-21T00,70.5,123.25,62.575,3.008,4.775,1,1,1,1,1
2026-03-21T01,101.75,159.5,71.0,4.232,4.75,1,1,1,1,1
2026-03-21T02,182.75,247.5,80.65,11.808,5.55,1,1,1,1,1
2026-03-21T03,185.0,246.0,78.0,34.48,8.033,1,1,1,1,1
2026-03-21T04,97.0,138.0,76.367,55.827,11.333,1,1,1,1,1
2026-03-21T05,94.0,143.0,72.467,107.153,13.2,1,1,1,1,1
2026-03-21T06,84.5,148.25,69.525,120.343,13.125,1,1,1,1,1
2026-03-21T07,69.0,126.25,62.325,112.748,12.775,1,1,1,1,1
2026-03-21T08,50.0,100.0,58.65,108.535,11.775,1,1,1,1,1
2026-03-21T09,38.0,91.0,56.767,96.91,10.833,1,1,1,1,1
2026-03-21T10,38.5,85.75,60.1,86.417,9.65,1,1,1,1,1
2026-03-21T11,35.5,89.0,60.8,79.135,8.65,1,1,1,1,1
2026-03-21T12,34.25,98.25,67.825,51.145,6.625,1,1,1,1,1
2026-03-21T13,47.5,126.75,74.6,29.778,5.85,1,1,1,1,1
2026-03-21T14,74.0,191.0,80.15,13.455,5.1,1,1,1,1,1
2026-03-21T15,87.25,222.75,77.775,8.86,5.725,1,1,1,1,1
2026-03-21T16,75.667,197.333,83.167,5.32,5.65,1,1,1,1,1
2026-03-21T17,72.667,175.333,84.667,2.487,6.167,1,1,1,1,1
2026-03-21T18,78.0,199.0,85.6,2.35,5.5,1,1,1,1,1
2026-03-21T19,78.333,190.333,83.533,6.03,5.3,1,1,1,1,1
2026-03-21T20,78.25,170.5,82.8,3.527,4.525,1,1,1,1,1
2026-03-21T21,72.75,157.0,79.225,6.065,4.85,1,1,1,1,1
2026-03-21T22,69.333,140.333,73.5,5.48,5.467,1,1,1,1,1
2026-03-21T23,92.75,157.0,70.05,8.197,5.425,1,1,1,1,1
2026-03-22T00,124.0,196.25,67.375,6.038,5.175,1,1,1,1,1
2026-03-22T01,120.25,187.25,71.625,9.58,6.05,1,1,1,1,1
2026-03-22T02,119.25,183.25,70.375,21.477,7.975,1,1,1,1,1
2026-03-22T03,116.5,174.25,70.075,44.657,12.975,1,1,1,1,1
2026-03-22T04,86.75,150.25,65.425,68.36,17.175,1,1,1,1,1
2026-03-22T05,54.5,114.5,67.2,88.272,17.45,1,1,1,1,1
2026-03-22T06,47.25,121.75,65.925,97.407,15.825,1,1,1,1,1
2026-03-22T07,37.75,123.25,65.35,97.295,14.825,1,1,1,1,1
2026-03-22T08,32.0,122.5,63.6,96.447,13.625,1,1,1,1,1
2026-03-22T09,26.0,100.0,60.433,88.88,12.233,1,1,1,1,1
2026-03-22T10,22.0,86.5,59.075,83.445,10.975,1,1,1,1,1
2026-03-22T11,24.5,83.0,57.275,73.037,9.575,1,1,1,1,1
2026-03-22T12,25.75,100.75,67.425,53.325,8.6,1,1,1,1,1
2026-03-22T13,40.0,147.5,88.975,29.165,7.375,1,1,1,1,1
2026-03-22T14,62.25,206.0,99.425,7.918,7.35,1,1,1,1,1
2026-03-22T15,78.75,230.0,104.475,7.237,6.675,1,1,1,1,1
2026-03-22T16,88.5,242.0,98.6,2.877,6.75,1,1,1,1,1
2026-03-22T17,84.0,224.0,91.1,19.443,7.133,1,1,1,1,1
2026-03-23T04,38.0,56.0,99.8,11.31,4.9,1,1,1,1,1
2026-03-23T05,39.333,83.333,92.25,23.87,6.4,1,1,1,1,1
2026-03-23T06,37.5,94.5,90.25,39.885,11.2,1,1,1,1,1
2026-03-23T07,46.25,105.0,88.925,57.35,13.575,1,1,1,1,1
2026-03-23T08,58.0,111.75,73.15,73.06,14.6,1,1,1,1,1
2026-03-23T09,56.0,112.333,63.7,96.48,17.5,1,1,1,1,1
2026-03-23T12,51.0,118.0,70.8,55.28,8.25,1,1,1,1,1
2026-03-23T13,52.667,161.0,81.433,26.007,6.333,1,1,1,1,1
2026-03-23T14,78.75,222.75,96.55,6.452,6.175,1,1,1,1,1
2026-03-23T15,124.75,325.75,97.575,3.02,5.975,1,1,1,1,1
2026-03-23T16,149.5,362.25,90.975,2.473,5.075,1,1,1,1,1
2026-03-23T17,153.25,346.5,84.35,2.468,5.425,1,1,1,1,1
2026-03-23T18,144.0,306.0,82.0,1.82,7.3,1,1,1,1,1
2026-03-23T19,136.0,296.25,92.225,2.315,7.025,1,1,1,1,1
2026-03-23T20,113.25,259.75,82.725,2.27,7.25,1,1,1,1,1
2026-03-23T21,123.0,253.0,79.725,2.62,6.8,1,1,1,1,1
2026-03-23T22,141.5,288.5,79.575,2.723,7.15,1,1,1,1,1
2026-03-23T23,146.5,263.0,82.375,2.36,7.05,1,1,1,1,1
2026-03-24T00,147.75,263.25,81.825,3.225,7.6,1,1,1,1,1
2026-03-24T01,121.0,243.667,88.2,3.077,10.533,1,1,1,1,1
2026-03-24T02,121.75,250.25,89.475,12.912,16.95,1,1,1,1,1
2026-03-24T03,112.25,224.5,85.925,39.22,25.0,1,1,1,1,1
2026-03-24T04,87.25,191.25,76.725,65.96,28.25,1,1,1,1,1
2026-03-24T05,62.75,137.75,76.6,87.542,27.7,1,1,1,1,1
2026-03-24T06,58.0,130.0,57.525,104.065,19.75,1,1,1,1,1
2026-03-24T07,52.5,132.25,57.467,99.747,17.767,1,1,1,1,1
2026-03-24T08,45.0,121.0,54.25,104.94,17.15,1,1,1,1,1
2026-03-24T11,32.0,100.0,,,,1,1,0,0,0
2026-03-24T12,33.75,103.5,45.0,73.735,7.9,1,1,1,1,1
2026-03-24T14,80.0,227.0,,,,1,1,0,0,0
2026-03-24T15,78.0,230.0,76.3,2.31,4.3,1,1,1,1,1
2026-03-24T16,78.0,230.0,78.4,,,1,1,1,0,0
2026-03-25T12,25.5,111.25,51.15,68.31,6.35,1,1,1,1,1
2026-03-25T13,38.75,149.75,68.1,41.748,5.625,1,1,1,1,1
2026-03-25T14,74.75,202.0,84.3,21.86,5.875,1,1,1,1,1
2026-03-25T15,103.25,269.75,93.05,8.12,5.325,1,1,1,1,1
2026-03-25T16,100.333,295.0,87.5,6.42,4.733,1,1,1,1,1
2026-03-25T17,96.25,293.25,99.65,1.788,4.5,1,1,1,1,1
2026-03-26T01,121.333,253.0,108.5,5.725,7.9,1,1,1,1,1
2026-03-26T02,153.75,295.25,106.275,17.105,14.85,1,1,1,1,1
2026-03-26T03,144.25,288.75,116.7,67.33,18.2,1,1,1,1,1
2026-03-26T04,96.0,227.667,102.333,99.71,16.633,1,1,1,1,1
2026-03-26T05,49.0,146.75,88.525,120.84,16.15,1,1,1,1,1
2026-03-26T06,40.0,140.0,82.8,134.325,17.3,1,1,1,1,1
2026-03-26T07,42.0,147.75,84.6,151.053,17.125,1,1,1,1,1
2026-03-26T08,44.0,149.25,78.75,121.338,14.0,1,1,1,1,1
2026-03-26T09,33.5,129.75,68.15,109.613,11.6,1,1,1,1,1
2026-03-26T10,36.75,130.0,67.175,92.497,12.3,1,1,1,1,1
2026-03-26T11,36.667,134.667,69.3,76.59,11.867,1,1,1,1,1
2026-03-26T12,45.0,165.333,71.433,63.047,9.733,1,1,1,1,1
2026-03-26T13,54.5,195.0,77.775,36.918,8.85,1,1,1,1,1
2026-03-26T14,80.0,236.0,87.567,13.393,6.667,1,1,1,1,1
2026-03-26T15,86.75,271.0,92.9,12.26,6.675,1,1,1,1,1
2026-03-26T16,74.25,303.25,75.55,45.863,6.225,1,1,1,1,1
2026-03-26T17,27.5,197.25,75.0,30.323,3.55,1,1,1,1,1
2026-03-26T18,27.0,128.0,77.6,9.96,3.7,1,1,1,1,1
2026-03-26T19,31.25,136.75,82.35,14.342,3.575,1,1,1,1,1
2026-03-26T20,44.0,158.5,77.025,16.655,2.8,1,1,1,1,1
2026-03-26T21,45.0,143.5,79.975,12.49,3.6,1,1,1,1,1
2026-03-26T22,53.0,144.333,83.467,8.283,3.9,1,1,1,1,1
2026-03-26T23,62.0,149.5,88.125,4.468,2.275,1,1,1,1,1
2026-03-27T00,66.333,139.333,80.367,12.623,3.333,1,1,1,1,1
2026-03-27T01,77.0,147.0,72.575,25.715,3.3,1,1,1,1,1
2026-03-27T02,64.75,137.25,66.325,31.178,3.85,1,1,1,1,1
2026-03-27T03,61.5,149.75,65.075,45.76,5.85,1,1,1,1,1
2026-03-27T04,54.25,142.25,66.775,42.785,6.55,1,1,1,1,1
2026-03-27T05,57.0,144.25,65.925,27.9,3.675,1,1,1,1,1
2026-03-27T06,63.0,130.5,69.925,25.315,4.2,1,1,1,1,1
2026-03-27T07,64.75,136.5,71.425,66.623,10.175,1,1,1,1,1
2026-03-27T08,57.0,137.333,68.0,89.273,16.033,1,1,1,1,1
2026-03-27T09,28.75,108.0,55.85,88.808,15.875,1,1,1,1,1
2026-03-27T10,23.0,96.25,56.375,78.543,14.875,1,1,1,1,1
2026-03-27T11,26.75,92.75,59.55,63.135,11.0,1,1,1,1,1
2026-03-27T12,28.75,86.75,64.25,51.775,7.225,1,1,1,1,1
2026-03-27T13,33.0,115.25,66.125,34.955,6.325,1,1,1,1,1
2026-03-27T14,49.25,144.5,74.1,20.825,4.9,1,1,1,1,1
2026-03-27T15,56.75,170.5,81.475,5.027,4.725,1,1,1,1,1
2026-03-27T16,69.667,206.0,83.1,4.253,3.8,1,1,1,1,1
2026-03-27T17,70.5,193.0,80.375,6.575,3.55,1,1,1,1,1
2026-03-27T18,63.0,217.0,83.2,2.27,3.5,1,1,1,1,1
2026-03-27T19,63.0,210.5,84.125,2.525,3.95,1,1,1,1,1
2026-03-27T20,61.75,187.0,88.875,2.45,3.825,1,1,1,1,1
2026-03-27T21,59.5,179.0,90.7,2.513,3.875,1,1,1,1,1
2026-03-27T22,66.0,191.5,86.6,2.465,4.425,1,1,1,1,1
2026-03-27T23,96.0,220.0,92.675,2.558,4.775,1,1,1,1,1
2026-03-28T00,188.5,317.75,88.95,2.96,4.275,1,1,1,1,1
2026-03-28T01,250.0,368.0,83.567,5.833,5.133,1,1,1,1,1
2026-03-28T02,212.75,316.75,80.925,16.922,21.7,1,1,1,1,1
2026-03-28T03,143.333,234.333,82.4,43.63,37.333,1,1,1,1,1
2026-03-28T04,69.75,139.25,80.025,62.102,32.525,1,1,1,1,1
2026-03-28T05,42.25,91.5,67.775,76.745,25.6,1,1,1,1,1
2026-03-28T06,32.0,88.5,56.875,89.692,22.375,1,1,1,1,1
2026-03-28T07,28.0,85.5,55.375,99.535,21.95,1,1,1,1,1
2026-03-28T08,33.5,92.5,56.25,104.395,18.7,1,1,1,1,1
2026-03-28T09,32.0,105.5,60.0,113.21,18.725,1,1,1,1,1
2026-03-28T10,32.25,118.25,60.225,104.893,16.675,1,1,1,1,1
2026-03-28T11,31.5,104.0,62.2,90.518,12.8,1,1,1,1,1
2026-03-28T12,30.0,108.75,67.625,58.665,11.875,1,1,1,1,1
2026-03-28T13,46.5,165.75,77.675,27.4,10.525,1,1,1,1,1
2026-03-28T14,71.0,217.75,84.775,16.962,18.3,1,1,1,1,1
2026-03-28T15,87.333,262.0,92.2,3.27,13.767,1,1,1,1,1
2026-03-28T16,112.0,334.25,93.3,3.042,11.575,1,1,1,1,1
2026-03-28T17,124.75,373.5,90.9,2.587,8.925,1,1,1,1,1
2026-03-28T18,116.0,320.0,93.4,3.16,5.2,1,1,1,1,1
2026-03-28T19,114.75,307.75,83.9,15.818,4.15,1,1,1,1,1
2026-03-28T20,118.75,274.0,79.025,21.467,3.4,1,1,1,1,1
2026-03-28T21,144.75,285.5,80.125,10.88,2.725,1,1,1,1,1
2026-03-28T22,148.0,279.75,79.125,13.657,1.85,1,1,1,1,1
2026-03-28T23,133.0,241.0,80.3,10.905,2.05,1,1,1,1,1
2026-03-29T00,131.25,245.75,81.875,16.668,1.775,1,1,1,1,1
2026-03-29T01,120.75,235.25,76.425,35.865,4.075,1,1,1,1,1
2026-03-29T02,102.75,184.25,74.7,50.48,11.6,1,1,1,1,1
2026-03-29T03,98.667,180.333,74.433,63.8,19.467,1,1,1,1,1
2026-03-29T04,93.0,194.5,72.3,74.427,20.175,1,1,1,1,1
2026-03-29T05,57.0,177.75,66.7,80.855,19.125,1,1,1,1,1
2026-03-29T06,46.5,132.0,63.975,87.57,19.175,1,1,1,1,1
2026-03-29T07,38.5,132.75,62.225,85.022,18.65,1,1,1,1,1
2026-03-29T08,29.333,145.667,61.7,80.88,17.567,1,1,1,1,1
2026-03-29T09,31.5,160.5,63.525,71.707,14.175,1,1,1,1,1
2026-03-29T10,30.75,136.0,69.875,71.125,13.675,1,1,1,1,1
2026-03-29T11,33.25,128.0,67.3,71.877,10.3,1,1,1,1,1
2026-03-29T12,41.25,172.0,71.175,81.243,8.475,1,1,1,1,1
2026-03-29T13,65.25,234.75,70.6,78.133,7.225,1,1,1,1,1
2026-03-29T14,69.5,211.25,71.2,73.398,5.825,1,1,1,1,1
2026-03-29T15,60.0,188.5,67.1,55.175,4.575,1,1,1,1,1
2026-03-29T16,56.5,161.0,72.425,43.735,4.525,1,1,1,1,1
2026-03-29T17,64.5,157.75,72.125,35.567,3.575,1,1,1,1,1
2026-03-29T18,71.0,185.0,73.3,28.34,4.8,1,1,1,1,1
2026-03-29T19,72.0,184.5,69.75,33.078,5.575,1,1,1,1,1
2026-03-29T20,82.25,194.25,71.3,23.775,5.125,1,1,1,1,1
2026-03-29T21,100.5,220.25,74.025,26.04,4.9,1,1,1,1,1
2026-03-29T22,87.75,189.25,67.15,27.93,4.525,1,1,1,1,1
2026-03-29T23,89.5,180.5,66.6,17.13,4.2,1,1,1,1,1
2026-03-30T00,97.5,200.25,67.175,15.763,3.9,1,1,1,1,1
2026-03-30T01,99.25,220.25,72.05,9.87,5.725,1,1,1,1,1
2026-03-30T03,79.0,276.0,81.0,51.92,29.6,1,1,1,1,1
2026-03-30T04,62.0,286.0,75.7,70.795,24.45,1,1,1,1,1
2026-03-30T05,42.75,284.25,68.125,72.353,22.825,1,1,1,1,1
2026-03-30T06,36.0,241.0,67.75,85.352,22.375,1,1,1,1,1
2026-03-30T07,36.75,225.75,72.6,81.425,20.675,1,1,1,1,1
2026-03-30T08,37.0,269.75,67.925,66.325,15.65,1,1,1,1,1
2026-03-30T09,31.0,286.75,67.325,54.017,12.7,1,1,1,1,1
2026-03-30T10,31.25,206.25,64.925,56.312,10.675,1,1,1,1,1
2026-03-30T11,32.0,253.0,61.65,40.305,6.225,1,1,1,1,1
2026-03-30T12,32.0,139.0,61.633,26.18,6.733,1,1,1,1,1
2026-03-30T13,30.25,137.5,72.3,11.112,7.0,1,1,1,1,1
2026-03-30T14,56.25,186.75,77.7,2.692,7.7,1,1,1,1,1
2026-03-30T15,67.0,217.25,76.9,2.562,6.625,1,1,1,1,1
2026-03-30T16,60.5,226.5,75.375,2.902,7.425,1,1,1,1,1
2026-03-30T17,59.0,214.5,83.175,2.913,7.1,1,1,1,1,1
2026-03-30T18,70.0,237.0,84.0,2.94,3.2,1,1,1,1,1
2026-03-30T19,71.0,240.75,81.4,3.055,2.725,1,1,1,1,1
2026-03-30T20,71.5,232.75,83.025,2.88,2.1,1,1,1,1,1
2026-03-30T21,69.5,184.5,79.625,3.053,0.975,1,1,1,1,1
2026-03-30T22,111.75,233.75,77.075,2.947,1.325,1,1,1,1,1
2026-03-30T23,182.25,291.75,80.35,2.873,2.0,1,1,1,1,1
2026-03-31T00,161.25,281.0,77.75,3.27,1.65,1,1,1,1,1
2026-03-31T01,153.0,273.75,78.35,5.69,4.425,1,1,1,1,1
2026-03-31T02,110.333,210.0,77.533,31.033,23.4,1,1,1,1,1
2026-03-31T03,58.0,157.75,79.75,53.023,33.25,1,1,1,1,1
2026-03-31T04,47.0,146.5,77.25,64.98,29.4,1,1,1,1,1
2026-03-31T05,42.0,151.25,75.075,79.135,29.3,1,1,1,1,1
2026-03-31T06,41.0,149.5,67.3,90.725,21.8,1,1,1,1,1
2026-03-31T07,35.25,151.0,59.925,92.663,18.075,1,1,1,1,1
2026-03-31T08,33.0,167.75,62.25,88.363,16.425,1,1,1,1,1
2026-03-31T09,41.667,194.333,58.3,58.833,11.567,1,1,1,1,1
2026-03-31T10,34.75,187.333,58.375,44.985,4.6,1,1,1,1,1
2026-03-31T11,17.0,108.5,59.425,26.74,1.125,1,1,1,1,1
2026-03-31T12,20.25,59.0,58.175,22.105,0.35,1,1,1,1,1
2026-03-31T13,21.75,54.25,65.0,9.475,1.3,1,1,1,1,1
2026-03-31T14,24.5,63.25,69.95,13.748,0.35,1,1,1,1,1
2026-03-31T15,26.333,55.333,66.6,9.837,0.2,1,1,1,1,1
2026-03-31T16,28.333,54.667,61.867,12.793,0.5,1,1,1,1,1
2026-03-31T17,31.0,40.0,63.25,13.77,0.9,1,1,1,1,1
2026-03-31T18,29.0,59.0,62.2,25.01,0.3,1,1,1,1,1
2026-03-31T19,30.75,59.75,59.275,19.373,0.775,1,1,1,1,1
2026-03-31T20,39.25,68.75,59.05,19.985,0.825,1,1,1,1,1
2026-03-31T21,48.5,92.5,61.875,20.712,0.95,1,1,1,1,1
2026-03-31T22,44.75,101.5,65.55,17.833,0.75,1,1,1,1,1
2026-03-31T23,42.0,104.0,62.933,4.787,0.55,1,1,1,1,1
2026-04-01T00,50.0,117.5,60.325,4.155,0.75,1,1,1,1,1
2026-04-01T01,51.0,121.75,62.825,8.02,1.6,1,1,1,1,1
2026-04-01T02,61.0,145.0,63.325,19.997,11.1,1,1,1,1,1
2026-04-01T03,82.25,164.0,75.425,34.935,22.4,1,1,1,1,1
2026-04-01T04,83.0,174.0,91.333,57.76,34.6,1,1,1,1,1
2026-04-01T05,73.5,170.75,86.675,75.415,30.875,1,1,1,1,1
2026-04-01T06,41.667,111.333,83.767,96.487,24.533,1,1,1,1,1
2026-04-01T08,32.75,93.75,75.7,98.133,19.8,1,1,1,1,1
2026-04-01T09,23.5,75.5,67.325,109.398,17.75,1,1,1,1,1
2026-04-01T10,26.5,84.5,52.25,108.87,17.725,1,1,1,1,1
2026-04-01T11,33.25,93.75,48.025,110.23,13.9,1,1,1,1,1
2026-04-01T12,43.0,151.75,57.95,83.09,16.175,1,1,1,1,1
2026-04-01T13,65.5,233.75,72.075,38.998,17.825,1,1,1,1,1
2026-04-01T14,108.5,325.75,79.275,27.775,16.275,1,1,1,1,1
2026-04-01T15,121.5,319.25,77.3,19.383,14.9,1,1,1,1,1
2026-04-01T16,138.75,326.0,76.65,16.497,12.65,1,1,1,1,1
2026-04-01T17,131.75,299.75,74.4,29.425,11.95,1,1,1,1,1
2026-04-01T18,108.0,256.0,69.6,23.34,12.9,1,1,1,1,1
2026-04-01T19,107.5,253.0,68.925,16.325,13.325,1,1,1,1,1
2026-04-01T20,105.5,235.0,72.1,24.33,12.925,1,1,1,1,1
2026-04-01T21,100.25,198.75,72.0,31.05,11.05,1,1,1,1,1
2026-04-01T22,89.0,171.0,71.2,21.74,8.8,1,1,1,1,1
2026-04-01T23,103.25,205.0,75.05,17.865,9.6,1,1,1,1,1
2026-04-02T00,136.5,252.25,72.825,6.178,10.375,1,1,1,1,1
2026-04-02T01,155.5,304.25,86.875,6.258,13.4,1,1,1,1,1
2026-04-02T02,138.5,285.0,74.075,14.387,27.225,1,1,1,1,1
2026-04-02T03,137.75,296.0,79.925,46.888,45.475,1,1,1,1,1
2026-04-02T04,98.0,244.5,95.375,71.535,52.275,1,1,1,1,1
2026-04-02T05,46.75,162.75,80.55,73.157,37.475,1,1,1,1,1
2026-04-02T06,26.5,103.5,67.875,81.21,31.4,1,1,1,1,1
2026-04-02T07,25.5,89.25,68.075,97.605,31.7,1,1,1,1,1
2026-04-02T08,36.75,116.5,73.225,111.828,33.325,1,1,1,1,1
2026-04-02T09,39.75,123.5,78.05,124.175,33.575,1,1,1,1,1
2026-04-02T10,44.0,122.333,81.667,109.22,29.933,1,1,1,1,1
2026-04-02T11,44.5,121.25,85.75,88.047,24.5,1,1,1,1,1
2026-04-02T12,36.75,138.25,91.35,51.388,20.125,1,1,1,1,1
2026-04-02T13,64.333,270.0,103.533,22.403,20.933,1,1,1,1,1
2026-04-02T14,104.25,393.5,105.275,29.062,20.975,1,1,1,1,1
2026-04-02T15,108.5,376.25,105.275,11.748,19.825,1,1,1,1,1
2026-04-02T16,115.5,378.75,102.6,5.425,18.9,1,1,1,1,1
2026-04-02T17,129.333,362.333,97.5,4.26,16.367,1,1,1,1,1
2026-04-02T18,115.0,333.0,99.0,1.63,14.7,1,1,1,1,1
2026-04-02T19,118.0,319.0,93.767,4.91,14.267,1,1,1,1,1
2026-04-02T20,121.0,280.75,89.3,12.032,13.375,1,1,1,1,1
2026-04-02T21,109.5,240.0,92.75,8.375,13.625,1,1,1,1,1
2026-04-02T22,98.667,213.25,89.075,4.298,12.975,1,1,1,1,1
2026-04-02T23,99.25,271.25,93.35,14.168,12.9,1,1,1,1,1
2026-04-03T00,152.0,895.333,81.633,31.47,11.9,1,1,1,1,1
2026-04-03T01,214.75,1819.25,83.4,33.462,10.6,1,1,1,1,1
2026-04-03T02,205.25,1610.0,83.1,33.28,11.475,1,1,1,1,1
2026-04-03T03,158.75,1202.25,81.475,40.297,13.825,1,1,1,1,1
2026-04-03T04,113.5,818.75,72.35,51.255,16.7,1,1,1,1,1
2026-04-03T05,76.25,481.0,72.45,62.997,20.3,1,1,1,1,1
2026-04-03T06,63.667,394.333,71.667,82.013,25.967,1,1,1,1,1
2026-04-03T07,53.25,334.75,68.575,92.062,28.975,1,1,1,1,1
2026-04-03T08,45.0,271.0,68.7,91.675,27.75,1,1,1,1,1
2026-04-03T09,37.25,237.75,72.775,88.567,23.95,1,1,1,1,1
2026-04-03T10,42.0,224.0,74.225,78.333,23.2,1,1,1,1,1
2026-04-03T11,42.333,229.667,79.9,72.867,21.7,1,1,1,1,1
2026-04-03T12,39.75,215.0,82.175,41.265,19.45,1,1,1,1,1
2026-04-03T13,47.5,271.0,81.225,37.72,15.2,1,1,1,1,1
2026-04-03T14,43.5,364.25,81.3,37.608,12.05,1,1,1,1,1
2026-04-03T15,36.0,248.0,80.0,31.337,10.333,1,1,1,1,1
2026-04-03T16,24.0,77.0,80.0,16.317,10.633,1,1,1,1,1
2026-04-03T17,34.0,100.5,73.325,28.47,10.875,1,1,1,1,1
2026-04-03T18,23.0,79.0,72.8,36.08,8.5,1,1,1,1,1
2026-04-03T19,25.25,79.25,75.475,26.848,8.55,1,1,1,1,1
2026-04-03T20,33.5,82.5,71.25,26.672,8.85,1,1,1,1,1
2026-04-03T21,42.0,91.667,69.933,23.823,8.533,1,1,1,1,1
2026-04-03T22,50.5,95.5,72.05,18.66,8.575,1,1,1,1,1
2026-04-03T23,51.25,97.0,79.4,11.003,7.625,1,1,1,1,1
2026-04-04T00,46.75,99.5,78.8,6.927,8.35,1,1,1,1,1
2026-04-04T01,41.0,110.75,70.825,5.775,8.75,1,1,1,1,1
2026-04-04T02,48.75,129.0,66.825,7.595,8.75,1,1,1,1,1
2026-04-04T03,69.25,160.75,63.275,14.4,9.575,1,1,1,1,1
2026-04-04T04,85.0,188.5,66.675,47.703,14.875,1,1,1,1,1
2026-04-04T05,62.333,156.0,77.4,68.25,24.033,1,1,1,1,1
2026-04-04T06,35.25,117.75,69.2,78.575,24.875,1,1,1,1,1
2026-04-04T07,37.5,117.0,66.05,89.235,26.525,1,1,1,1,1
2026-04-04T08,39.333,111.667,64.433,88.323,26.133,1,1,1,1,1
2026-04-04T09,32.75,102.75,65.55,98.017,26.025,1,1,1,1,1
2026-04-04T10,27.5,104.5,66.675,89.597,25.125,1,1,1,1,1
2026-04-04T11,25.25,100.25,68.425,88.425,21.175,1,1,1,1,1
2026-04-04T12,32.25,122.5,69.9,68.88,17.9,1,1,1,1,1
2026-04-04T13,35.25,134.25,71.9,45.25,14.025,1,1,1,1,1
2026-04-04T14,42.75,139.25,70.85,39.503,12.35,1,1,1,1,1
2026-04-04T15,51.75,164.0,72.9,8.02,12.975,1,1,1,1,1
2026-04-04T16,71.0,227.5,66.3,2.67,13.275,1,1,1,1,1
2026-04-04T17,61.25,212.5,67.425,4.412,12.375,1,1,1,1,1
2026-04-04T18,39.0,132.0,70.3,11.45,8.4,1,1,1,1,1
2026-04-04T19,39.0,132.0,70.167,13.953,8.167,1,1,1,1,1
2026-04-04T20,83.0,181.0,62.4,6.438,7.975,1,1,1,1,1
2026-04-04T21,80.0,176.333,59.167,14.123,7.133,1,1,1,1,1
2026-04-04T22,60.0,142.5,57.55,12.383,7.175,1,1,1,1,1
2026-04-04T23,53.75,121.25,58.9,13.935,7.25,1,1,1,1,1
2026-04-05T00,51.25,118.25,58.275,11.37,6.9,1,1,1,1,1
2026-04-05T01,56.333,138.667,56.9,9.647,7.667,1,1,1,1,1
2026-04-05T02,81.0,168.0,55.9,23.485,10.175,1,1,1,1,1
2026-04-05T03,89.0,172.5,56.975,41.97,17.325,1,1,1,1,1
2026-04-05T04,75.0,164.25,61.825,72.925,23.875,1,1,1,1,1
2026-04-05T05,69.0,153.0,62.8,89.787,26.767,1,1,1,1,1
2026-04-05T06,49.5,137.5,60.5,99.86,27.175,1,1,1,1,1
2026-04-05T07,35.75,120.75,62.925,98.785,26.825,1,1,1,1,1
2026-04-05T08,39.75,121.75,64.875,92.26,26.375,1,1,1,1,1
2026-04-05T09,27.0,100.0,68.433,83.777,24.6,1,1,1,1,1
2026-04-05T10,18.0,87.5,75.05,78.655,19.575,1,1,1,1,1
2026-04-05T11,18.0,89.0,80.2,69.787,17.15,1,1,1,1,1
2026-04-05T12,21.333,118.333,78.533,49.567,18.8,1,1,1,1,1
2026-04-05T13,29.0,130.667,81.167,50.63,18.7,1,1,1,1,1
2026-04-05T14,34.0,115.5,76.875,34.22,14.6,1,1,1,1,1
2026-04-05T15,49.5,158.75,72.0,7.88,11.4,1,1,1,1,1
2026-04-05T16,73.75,249.0,98.8,2.4,10.475,1,1,1,1,1
2026-04-05T17,80.25,253.0,95.175,17.92,11.0,1,1,1,1,1
2026-04-05T19,48.0,157.0,83.1,22.36,10.5,1,1,1,1,1
2026-04-05T20,58.5,161.5,74.3,22.343,9.725,1,1,1,1,1
2026-04-05T21,83.5,164.25,70.05,11.775,10.125,1,1,1,1,1
2026-04-05T22,62.75,132.25,71.25,8.987,9.175,1,1,1,1,1
2026-04-05T23,60.25,135.75,70.325,3.903,8.35,1,1,1,1,1
2026-04-06T00,74.75,165.25,70.05,3.05,8.45,1,1,1,1,1
2026-04-06T01,100.25,223.0,70.25,8.078,11.2,1,1,1,1,1
2026-04-06T02,82.0,207.75,75.925,19.078,20.9,1,1,1,1,1
2026-04-06T03,84.5,214.5,84.15,46.75,26.525,1,1,1,1,1
2026-04-06T04,61.0,185.75,95.225,74.115,26.625,1,1,1,1,1
2026-04-06T05,21.0,106.25,94.175,81.315,22.95,1,1,1,1,1
2026-04-06T06,16.667,80.333,95.7,83.68,21.9,1,1,1,1,1
2026-04-06T07,15.25,71.25,74.625,81.71,21.875,1,1,1,1,1
2026-04-06T08,18.25,76.0,70.6,80.797,20.525,1,1,1,1,1
2026-04-06T09,16.333,71.75,73.467,83.03,19.833,1,1,1,1,1
2026-04-06T10,19.667,79.0,130.8,79.4,21.1,1,1,1,1,1
2026-04-06T11,24.5,85.75,129.575,71.922,19.275,1,1,1,1,1
2026-04-06T12,23.0,94.0,120.633,58.343,14.7,1,1,1,1,1
2026-04-06T13,45.5,140.5,116.5,42.61,13.7,1,1,1,1,1
2026-04-06T14,58.75,167.75,112.6,33.317,11.675,1,1,1,1,1
2026-04-06T15,30.0,172.333,111.733,42.67,11.6,1,1,1,1,1
2026-04-06T16,25.75,186.75,110.05,38.285,10.25,1,1,1,1,1
2026-04-06T17,19.75,109.0,109.9,20.105,7.775,1,1,1,1,1
2026-04-06T19,32.0,106.0,110.9,47.43,7.7,1,1,1,1,1
2026-04-06T20,34.75,116.75,108.225,43.252,7.2,1,1,1,1,1
2026-04-06T21,39.0,135.75,105.9,44.915,5.8,1,1,1,1,1
2026-04-06T22,28.5,96.25,106.3,45.218,5.55,1,1,1,1,1
2026-04-06T23,37.5,103.25,103.0,32.712,5.85,1,1,1,1,1
2026-04-07T00,50.75,128.25,102.625,18.605,5.875,1,1,1,1,1
2026-04-07T01,52.75,149.0,92.175,15.537,5.375,1,1,1,1,1
2026-04-07T02,65.0,161.0,95.825,30.758,10.25,1,1,1,1,1
2026-04-07T03,74.0,182.0,108.15,50.955,19.375,1,1,1,1,1
2026-04-07T04,58.5,175.0,112.25,53.3,19.1,1,1,1,1,1
2026-04-07T05,46.75,176.0,70.95,57.402,20.05,1,1,1,1,1
2026-04-07T06,119.0,245.0,27.65,63.435,42.95,1,1,1,1,1
2026-04-07T07,135.0,172.75,33.65,57.333,24.475,1,1,1,1,1
2026-04-07T10,35.0,59.5,39.35,38.545,11.5,1,1,1,1,1
2026-04-07T11,41.0,66.5,47.05,38.315,12.525,1,1,1,1,1
2026-04-07T12,38.0,83.0,54.167,34.53,18.633,1,1,1,1,1
2026-04-07T13,44.25,93.75,59.6,31.745,19.65,1,1,1,1,1
2026-04-07T14,58.25,119.5,70.6,20.337,38.325,1,1,1,1,1
2026-04-07T15,59.0,117.25,35.625,40.817,28.55,1,1,1,1,1
2026-04-07T16,49.5,82.0,25.5,35.178,10.15,1,1,1,1,1
2026-04-07T17,48.25,61.0,24.025,30.022,7.25,1,1,1,1,1
2026-04-07T18,42.0,55.0,26.4,32.12,9.8,1,1,1,1,1
2026-04-07T19,39.5,55.5,24.525,32.695,7.925,1,1,1,1,1
2026-04-07T20,33.25,57.25,17.275,35.962,7.4,1,1,1,1,1
2026-04-07T21,35.75,55.0,13.85,40.2,7.075,1,1,1,1,1
2026-04-07T22,30.25,45.5,18.55,31.992,6.325,1,1,1,1,1
2026-04-07T23,23.25,44.5,24.05,29.267,6.95,1,1,1,1,1
2026-04-08T00,17.75,44.25,21.1,29.905,8.35,1,1,1,1,1
2026-04-08T01,20.5,45.25,28.125,25.177,8.925,1,1,1,1,1
2026-04-08T02,30.0,66.0,22.767,37.02,12.867,1,1,1,1,1
2026-04-08T03,29.75,71.75,21.3,44.99,13.175,1,1,1,1,1
2026-04-08T04,34.75,81.25,27.85,50.49,14.4,1,1,1,1,1
2026-04-08T05,36.0,99.0,30.0,69.585,16.6,1,1,1,1,1
2026-04-08T06,40.5,109.5,21.425,81.797,18.2,1,1,1,1,1
2026-04-08T07,36.25,96.0,20.975,93.34,15.625,1,1,1,1,1
2026-04-08T08,35.0,97.5,23.4,94.637,11.3,1,1,1,1,1
2026-04-08T09,29.0,96.75,16.55,90.855,10.85,1,1,1,1,1
2026-04-08T10,29.0,87.5,18.9,93.252,11.65,1,1,1,1,1
2026-04-08T11,30.0,120.5,28.9,57.07,15.225,1,1,1,1,1
2026-04-08T12,33.0,149.0,32.8,56.043,12.9,1,1,1,1,1
2026-04-08T13,33.75,115.25,55.075,37.355,32.8,1,1,1,1,1
2026-04-08T14,35.75,118.5,46.425,35.532,42.125,1,1,1,1,1
2026-04-08T15,35.25,109.0,32.475,42.29,20.2,1,1,1,1,1
2026-04-08T16,35.5,108.25,22.475,41.365,12.8,1,1,1,1,1
2026-04-08T17,42.333,107.667,22.667,37.08,12.367,1,1,1,1,1
2026-04-08T19,27.0,58.0,12.1,38.42,9.9,1,1,1,1,1
2026-04-08T20,28.0,57.75,10.875,36.612,9.325,1,1,1,1,1
2026-04-08T21,30.25,56.75,9.975,34.13,7.6,1,1,1,1,1
2026-04-08T22,27.5,56.5,10.95,36.043,7.35,1,1,1,1,1
2026-04-08T23,26.75,58.25,11.675,39.268,8.225,1,1,1,1,1
2026-04-09T00,29.5,61.5,16.65,33.67,8.275,1,1,1,1,1
2026-04-09T01,34.75,78.0,19.4,31.6,10.6,1,1,1,1,1
2026-04-09T02,48.0,108.5,25.375,37.043,17.575,1,1,1,1,1
2026-04-09T03,57.75,130.75,30.45,49.435,20.425,1,1,1,1,1
2026-04-09T04,62.75,157.75,28.475,65.953,19.35,1,1,1,1,1
2026-04-09T05,44.0,133.0,20.433,80.33,18.833,1,1,1,1,1
2026-04-09T08,27.0,108.0,20.7,95.61,10.7,1,1,1,1,1
2026-04-09T09,29.333,124.0,16.267,90.903,10.733,1,1,1,1,1
2026-04-09T10,30.75,110.25,13.825,83.285,11.625,1,1,1,1,1
2026-04-09T11,21.0,104.667,19.133,69.917,11.067,1,1,1,1,1
2026-04-09T12,27.333,129.0,38.767,56.03,12.2,1,1,1,1,1
2026-04-09T13,49.25,184.0,56.225,40.653,41.175,1,1,1,1,1
2026-04-09T14,84.25,295.25,87.15,21.078,161.0,1,1,1,1,1
2026-04-09T15,112.75,375.75,106.05,12.28,199.15,1,1,1,1,1
2026-04-09T16,126.5,374.25,68.95,28.507,45.7,1,1,1,1,1
2026-04-09T17,109.0,297.5,66.725,21.282,47.75,1,1,1,1,1
2026-04-09T18,69.0,180.0,30.5,40.94,24.8,1,1,1,1,1
2026-04-09T19,62.75,163.25,26.325,42.243,20.875,1,1,1,1,1
2026-04-09T20,44.75,114.0,26.425,37.917,17.125,1,1,1,1,1
2026-04-09T21,50.25,128.25,47.075,19.65,27.525,1,1,1,1,1
2026-04-09T22,62.333,166.0,74.067,11.29,32.533,1,1,1,1,1
2026-04-09T23,71.5,177.0,59.175,15.268,23.925,1,1,1,1,1
2026-04-10T00,98.0,202.0,56.725,11.438,29.075,1,1,1,1,1
2026-04-10T01,131.25,246.75,52.775,23.233,27.7,1,1,1,1,1
2026-04-10T02,114.0,237.0,34.633,49.817,28.0,1,1,1,1,1
2026-04-10T03,59.667,174.0,22.9,62.307,24.033,1,1,1,1,1
2026-04-10T04,44.25,175.25,19.725,68.545,18.65,1,1,1,1,1
2026-04-10T05,28.5,166.25,14.5,71.912,12.85,1,1,1,1,1
2026-04-10T06,22.5,180.25,14.5,74.0,11.15,1,1,1,1,1
2026-04-10T07,18.5,171.5,47.25,86.82,11.6,1,1,1,1,1
2026-04-10T08,17.667,164.333,17.3,50.62,14.233,1,1,1,1,1
2026-04-10T09,13.5,167.5,11.5,43.65,8.3,1,1,1,1,1
2026-04-10T10,15.0,157.0,14.0,53.53,7.925,1,1,1,1,1
2026-04-10T11,26.0,161.25,16.95,56.315,7.725,1,1,1,1,1
2026-04-10T12,25.25,175.5,30.125,51.632,8.7,1,1,1,1,1
2026-04-10T13,25.25,190.25,44.125,42.218,12.575,1,1,1,1,1
2026-04-10T14,33.25,223.0,50.025,34.77,12.75,1,1,1,1,1
2026-04-10T15,38.25,228.5,52.075,35.265,11.875,1,1,1,1,1
2026-04-10T16,40.25,217.25,39.375,42.585,13.275,1,1,1,1,1
2026-04-10T17,36.5,182.0,34.1,42.82,13.85,1,1,1,1,1
2026-04-10T19,33.0,129.0,32.9,36.71,12.5,1,1,1,1,1
2026-04-10T20,34.0,127.75,31.675,36.795,12.175,1,1,1,1,1
2026-04-10T21,36.0,120.0,28.8,35.303,10.5,1,1,1,1,1
2026-04-10T22,34.25,109.5,33.075,33.582,12.275,1,1,1,1,1
2026-04-10T23,38.0,122.0,43.3,25.94,14.5,1,1,1,1,1
2026-04-11T00,37.75,131.5,47.8,22.545,13.325,1,1,1,1,1
2026-04-11T01,36.5,137.75,41.425,34.115,13.125,1,1,1,1,1
2026-04-11T02,38.75,143.5,23.35,49.51,14.225,1,1,1,1,1
2026-04-11T03,48.25,148.0,18.075,57.913,14.5,1,1,1,1,1
2026-04-11T04,40.5,156.75,16.9,66.328,11.55,1,1,1,1,1
2026-04-11T05,30.5,154.5,10.725,67.947,8.875,1,1,1,1,1
2026-04-11T06,23.5,153.5,11.0,67.44,9.075,1,1,1,1,1
2026-04-11T07,25.0,165.0,13.05,69.963,8.925,1,1,1,1,1
2026-04-11T08,24.25,164.25,14.1,70.13,9.525,1,1,1,1,1
2026-04-11T09,22.75,155.5,,69.6,8.775,1,1,0,1,1
2026-04-11T10,25.75,170.333,46.4,66.328,9.275,1,1,1,1,1
2026-04-11T11,28.75,190.0,20.233,61.565,9.633,1,1,1,1,1
2026-04-11T12,33.75,209.0,22.575,51.675,9.275,1,1,1,1,1
2026-04-11T13,47.75,233.5,33.3,37.175,8.425,1,1,1,1,1
2026-04-11T14,69.0,281.5,44.475,29.223,9.775,1,1,1,1,1
2026-04-11T15,82.5,317.75,73.775,13.373,9.6,1,1,1,1,1
2026-04-11T16,84.5,329.75,90.9,2.813,10.65,1,1,1,1,1
2026-04-11T17,87.0,343.333,79.167,7.4,14.967,1,1,1,1,1
2026-04-11T18,104.0,283.0,32.9,33.73,19.9,1,1,1,1,1
2026-04-11T19,98.5,264.75,24.15,38.67,18.95,1,1,1,1,1
2026-04-11T20,73.75,193.25,14.125,43.485,17.7,1,1,1,1,1
2026-04-11T21,50.0,145.0,21.275,34.148,15.325,1,1,1,1,1
2026-04-11T22,56.0,156.75,52.575,13.867,14.2,1,1,1,1,1
2026-04-11T23,61.75,172.25,68.375,5.422,12.9,1,1,1,1,1
2026-04-12T00,53.75,175.25,59.125,5.287,9.85,1,1,1,1,1
2026-04-12T01,74.75,224.0,51.05,16.535,12.85,1,1,1,1,1
2026-04-12T02,140.75,304.0,33.775,39.295,26.975,1,1,1,1,1
2026-04-12T03,171.0,301.75,19.05,60.32,20.0,1,1,1,1,1
2026-04-12T04,83.25,210.75,8.375,71.945,14.15,1,1,1,1,1
2026-04-12T05,53.75,176.0,8.125,77.04,13.8,1,1,1,1,1
2026-04-12T06,47.75,177.0,4.567,74.082,10.5,1,1,1,1,1
2026-04-12T07,31.0,156.75,6.0,71.24,9.125,1,1,1,1,1
2026-04-12T08,25.5,139.0,5.95,69.137,8.1,1,1,1,1,1
2026-04-12T09,18.333,133.667,1.833,66.973,7.5,1,1,1,1,1
2026-04-12T10,18.25,136.0,3.225,66.677,7.1,1,1,1,1,1
2026-04-12T11,16.0,141.5,6.4,64.938,6.1,1,1,1,1,1
2026-04-12T12,16.75,153.5,24.9,54.893,6.225,1,1,1,1,1
2026-04-12T13,24.25,179.5,51.575,37.062,6.95,1,1,1,1,1
2026-04-12T14,41.0,225.25,55.675,30.105,7.225,1,1,1,1,1
2026-04-12T15,41.75,245.0,55.25,32.695,8.7,1,1,1,1,1
2026-04-12T16,37.25,233.75,53.775,24.913,9.775,1,1,1,1,1
2026-04-12T17,43.5,234.75,47.2,28.758,8.9,1,1,1,1,1
2026-04-12T19,81.0,250.0,94.5,2.2,17.2,1,1,1,1,1
2026-04-12T20,76.5,235.75,70.2,13.965,17.275,1,1,1,1,1
2026-04-12T21,57.5,176.75,18.45,37.278,14.4,1,1,1,1,1
2026-04-12T22,41.0,128.0,23.333,32.883,13.8,1,1,1,1,1
2026-04-12T23,57.333,164.0,52.033,16.23,13.5,1,1,1,1,1
2026-04-13T00,68.75,184.75,53.7,15.832,12.45,1,1,1,1,1
2026-04-13T01,54.25,191.75,71.1,11.05,14.85,1,1,1,1,1
2026-04-13T02,113.5,289.0,63.55,27.578,30.55,1,1,1,1,1
2026-04-13T03,161.75,365.5,45.85,53.068,30.275,1,1,1,1,1
2026-04-13T04,113.5,304.25,24.025,82.513,25.2,1,1,1,1,1
2026-04-13T05,54.75,208.25,9.625,82.545,14.85,1,1,1,1,1
2026-04-13T06,31.0,181.667,7.233,76.797,10.4,1,1,1,1,1
2026-04-13T07,20.25,169.0,11.35,75.9,9.525,1,1,1,1,1
2026-04-13T08,16.5,154.5,10.95,81.115,9.1,1,1,1,1,1
2026-04-13T09,15.0,140.0,4.833,80.173,8.267,1,1,1,1,1
2026-04-13T10,13.5,118.0,14.75,74.37,8.1,1,1,1,1,1
2026-04-13T11,17.5,128.0,13.6,71.995,8.85,1,1,1,1,1
2026-04-13T12,19.0,134.0,52.233,52.233,8.933,1,1,1,1,1
2026-04-13T13,42.75,228.25,81.175,25.98,9.5,1,1,1,1,1
2026-04-13T14,54.333,281.0,98.4,13.363,11.2,1,1,1,1,1
2026-04-13T15,51.5,286.75,102.675,10.232,14.3,1,1,1,1,1
2026-04-13T16,69.5,283.75,100.275,6.098,14.125,1,1,1,1,1
2026-04-13T17,95.5,296.0,78.15,16.155,19.075,1,1,1,1,1
2026-04-13T18,63.0,232.0,41.7,28.99,15.8,1,1,1,1,1
2026-04-13T19,61.0,225.5,37.45,29.263,15.3,1,1,1,1,1
2026-04-13T20,53.75,196.5,37.825,30.05,13.625,1,1,1,1,1
2026-04-13T21,47.75,163.25,36.175,30.56,13.3,1,1,1,1,1
2026-04-13T22,41.0,149.0,51.3,20.11,14.267,1,1,1,1,1
2026-04-13T23,50.0,179.25,75.375,4.287,13.325,1,1,1,1,1
2026-04-14T00,56.5,207.5,71.175,7.268,13.7,1,1,1,1,1
2026-04-14T01,66.0,199.75,82.125,12.73,15.075,1,1,1,1,1
2026-04-14T02,66.25,206.75,76.7,34.575,15.4,1,1,1,1,1
2026-04-14T03,72.0,221.333,49.8,61.837,15.933,1,1,1,1,1
2026-04-14T04,64.0,204.0,32.6,77.39,15.9,1,1,1,1,1
2026-04-14T05,57.75,169.5,17.467,,11.667,1,1,1,0,1
2026-04-14T06,46.25,161.75,9.75,101.823,7.425,1,1,1,1,1
2026-04-14T07,33.75,140.5,10.45,92.838,8.6,1,1,1,1,1
2026-04-14T08,37.0,153.5,8.5,89.352,8.875,1,1,1,1,1
2026-04-14T09,29.0,139.25,9.825,82.14,6.4,1,1,1,1,1
2026-04-14T10,24.0,151.0,12.633,76.353,4.9,1,1,1,1,1
2026-04-14T15,129.667,495.333,125.7,0.86,22.3,1,1,1,1,1
2026-04-14T16,138.5,497.5,105.725,1.94,54.8,1,1,1,1,1
2026-04-14T17,127.25,429.75,87.8,6.312,46.875,1,1,1,1,1
2026-04-14T19,109.75,342.75,102.425,3.355,15.225,1,1,1,1,1
2026-04-14T20,96.5,280.75,99.7,,8.8,1,1,1,0,1
2026-04-14T21,85.0,264.0,90.375,,10.8,1,1,1,0,1
2026-04-14T22,79.25,264.25,89.25,,8.475,1,1,1,0,1
2026-04-14T23,73.75,233.0,83.225,0.18,7.975,1,1,1,1,1
2026-04-15T00,85.75,247.5,83.825,0.645,7.425,1,1,1,1,1
2026-04-15T03,190.0,397.5,69.5,79.0,28.15,1,1,1,1,1
2026-04-15T04,185.0,390.0,29.4,108.31,19.05,1,1,1,1,1
2026-04-15T05,59.0,348.0,22.7,109.858,9.425,1,1,1,1,1
2026-04-15T06,58.75,213.75,13.25,86.512,3.075,1,1,1,1,1
2026-04-15T07,51.25,176.0,8.867,74.787,0.6,1,1,1,1,1
2026-04-15T08,27.5,142.25,8.3,66.562,,1,1,1,1,0
2026-04-15T09,16.333,119.667,6.367,64.01,,1,1,1,1,0
2026-04-15T10,15.0,121.0,8.767,62.177,,1,1,1,1,0
2026-04-15T11,14.5,117.75,14.9,57.747,,1,1,1,1,0
2026-04-15T12,19.5,155.25,64.75,33.932,4.65,1,1,1,1,1
2026-04-15T13,36.0,230.75,118.0,5.615,7.575,1,1,1,1,1
2026-04-15T14,56.75,306.0,111.8,0.82,8.0,1,1,1,1,1
2026-04-15T15,74.5,339.5,115.05,,9.85,1,1,1,0,1
2026-04-15T16,102.75,415.0,103.225,,12.4,1,1,1,0,1
2026-04-15T17,102.0,440.5,108.05,,18.2,1,1,1,0,1
2026-04-15T18,129.0,420.0,99.8,,30.0,1,1,1,0,1
2026-04-15T19,126.5,410.5,102.2,,26.35,1,1,1,0,1
2026-04-15T21,120.0,348.0,91.7,,21.4,1,1,1,0,1
2026-04-15T23,138.25,368.0,70.95,,27.25,1,1,1,0,1
2026-04-16T00,163.0,437.0,70.1,0.12,23.8,1,1,1,1,1
2026-04-16T01,192.0,454.25,122.725,1.363,32.35,1,1,1,1,1
2026-04-16T02,173.25,389.0,141.125,13.873,33.075,1,1,1,1,1
2026-04-16T03,138.0,357.0,120.95,59.352,23.1,1,1,1,1,1
2026-04-16T04,110.25,314.5,60.225,85.127,23.775,1,1,1,1,1
2026-04-16T05,81.0,232.0,20.6,95.707,15.733,1,1,1,1,1
2026-04-16T06,33.75,133.5,11.525,105.047,12.75,1,1,1,1,1
2026-04-16T07,28.5,136.75,13.433,87.73,8.825,1,1,1,1,1
2026-04-16T16,121.0,443.0,121.0,2.1,18.95,1,1,1,1,1
2026-04-16T17,133.0,452.333,105.867,,18.533,1,1,1,0,1
2026-04-16T18,146.0,456.0,93.4,,21.0,1,1,1,0,1
2026-04-16T19,134.5,420.0,77.425,3.41,19.85,1,1,1,1,1
2026-04-16T20,102.25,304.5,65.05,4.303,17.775,1,1,1,1,1
2026-04-16T21,117.25,310.25,80.375,0.615,19.825,1,1,1,1,1
2026-04-16T22,142.0,395.0,79.867,,22.2,1,1,1,0,1
2026-04-16T23,148.75,387.75,63.475,,19.8,1,1,1,0,1
2026-04-17T00,133.0,357.0,71.4,,19.9,1,1,1,0,1
2026-04-17T01,143.5,386.25,91.775,2.66,26.125,1,1,1,1,1
2026-04-17T02,153.75,450.5,75.85,29.823,36.4,1,1,1,1,1
2026-04-17T03,152.0,430.333,75.833,67.763,34.333,1,1,1,1,1
2026-04-17T04,122.0,384.667,51.6,91.6,33.333,1,1,1,1,1
2026-04-17T05,95.5,331.25,30.075,99.75,26.025,1,1,1,1,1
2026-04-17T06,75.25,287.75,21.075,100.34,21.7,1,1,1,1,1
2026-04-17T07,68.75,261.0,15.65,94.195,18.375,1,1,1,1,1
2026-04-17T08,54.0,215.5,9.525,91.37,14.275,1,1,1,1,1
2026-04-17T09,58.0,218.333,68.8,49.007,14.033,1,1,1,1,1
2026-04-17T12,46.0,383.0,18.1,40.1,11.9,1,1,1,1,1
2026-04-17T13,42.25,312.75,39.675,38.205,11.025,1,1,1,1,1
2026-04-17T14,31.75,110.25,71.525,23.043,10.975,1,1,1,1,1
2026-04-17T15,28.75,111.75,30.175,26.537,10.675,1,1,1,1,1
2026-04-17T16,11.75,51.25,8.1,43.617,8.575,1,1,1,1,1
2026-04-17T17,6.333,67.667,26.533,37.633,7.967,1,1,1,1,1
2026-04-17T19,27.0,114.0,65.4,,7.1,1,1,1,0,1
2026-04-17T20,26.0,116.25,60.025,,7.05,1,1,1,0,1
2026-04-17T21,23.25,122.0,57.225,,8.675,1,1,1,0,1
2026-04-17T22,25.75,120.0,61.225,,8.675,1,1,1,0,1
2026-04-17T23,58.5,144.25,53.325,,11.55,1,1,1,0,1
2026-04-18T00,135.25,207.75,49.4,0.98,14.025,1,1,1,1,1
2026-04-18T01,126.75,217.25,48.575,9.247,18.625,1,1,1,1,1
2026-04-18T02,151.75,250.0,48.025,31.852,24.5,1,1,1,1,1
2026-04-18T03,138.333,247.0,48.8,52.34,21.033,1,1,1,1,1
2026-04-18T04,111.75,225.5,30.025,85.998,19.575,1,1,1,1,1
2026-04-18T05,84.0,208.25,20.525,101.782,19.375,1,1,1,1,1
2026-04-18T06,58.0,193.0,15.2,100.0,20.0,1,1,1,1,1
2026-04-18T07,52.25,188.0,11.35,87.285,15.85,1,1,1,1,1
2026-04-18T08,33.333,160.333,5.867,82.517,11.767,1,1,1,1,1
2026-04-18T09,27.5,133.75,7.575,81.392,11.725,1,1,1,1,1
2026-04-18T11,25.5,136.0,20.1,57.095,9.25,1,1,1,1,1
2026-04-18T12,31.5,159.0,68.55,33.71,10.05,1,1,1,1,1
2026-04-18T13,48.0,216.0,114.667,2.095,13.133,1,1,1,1,1
2026-04-18T16,120.5,554.0,106.05,,20.85,1,1,1,0,1
2026-04-18T17,114.0,493.5,89.925,,23.45,1,1,1,0,1
2026-04-18T19,122.0,481.0,80.8,,12.8,1,1,1,0,1
2026-04-18T20,119.25,462.5,80.525,,14.75,1,1,1,0,1
2026-04-18T21,125.75,419.75,91.55,,22.925,1,1,1,0,1
2026-04-18T22,180.75,461.25,62.475,,27.4,1,1,1,0,1
2026-04-18T23,220.75,490.75,54.225,,24.125,1,1,1,0,1
2026-04-19T00,265.0,554.0,62.6,,33.125,1,1,1,0,1
2026-04-19T01,316.667,540.333,96.0,1.01,38.833,1,1,1,1,1
2026-04-19T02,287.25,484.75,127.125,13.578,37.125,1,1,1,1,1
2026-04-19T03,253.25,452.75,105.15,37.23,33.7,1,1,1,1,1
2026-04-19T04,199.75,377.0,35.875,80.02,37.7,1,1,1,1,1
2026-04-19T05,162.25,322.5,25.925,115.802,43.075,1,1,1,1,1
2026-04-19T06,147.25,310.0,23.55,130.532,32.625,1,1,1,1,1
2026-04-19T07,96.75,263.25,16.575,105.275,14.1,1,1,1,1,1
2026-04-19T08,51.0,204.75,7.875,74.127,5.75,1,1,1,1,1
2026-04-19T09,25.75,159.75,7.625,74.55,4.75,1,1,1,1,1
2026-04-19T10,14.0,147.0,26.1,60.07,3.9,1,1,1,1,1
2026-04-19T11,17.333,148.667,27.233,57.623,3.033,1,1,1,1,1
2026-04-19T12,34.0,177.0,37.0,47.96,3.967,1,1,1,1,1
2026-04-19T13,57.75,242.75,87.875,15.772,4.225,1,1,1,1,1
2026-04-19T14,72.5,296.5,114.825,3.54,5.925,1,1,1,1,1
2026-04-19T15,82.5,314.75,107.225,1.215,10.3,1,1,1,1,1
2026-04-19T16,77.75,326.5,55.975,21.745,11.425,1,1,1,1,1
2026-04-19T17,66.667,343.333,49.267,22.573,9.533,1,1,1,1,1
2026-04-19T19,72.5,282.0,33.55,20.532,16.6,1,1,1,1,1
2026-04-19T20,52.5,261.5,47.6,10.667,14.2,1,1,1,1,1
2026-04-19T21,58.25,251.5,23.55,22.678,15.9,1,1,1,1,1
2026-04-19T22,54.0,223.667,59.5,5.147,16.6,1,1,1,1,1
2026-04-19T23,57.5,237.75,58.55,4.082,15.775,1,1,1,1,1
2026-04-20T00,65.0,248.333,57.7,3.843,18.433,1,1,1,1,1
2026-04-20T01,71.25,272.5,55.725,12.942,21.15,1,1,1,1,1
2026-04-20T02,76.75,311.25,54.05,27.485,28.575,1,1,1,1,1
2026-04-20T03,91.0,360.0,52.65,44.795,30.35,1,1,1,1,1
2026-04-20T04,78.0,305.5,17.5,91.62,27.3,1,1,1,1,1
2026-04-20T05,70.0,265.0,26.3,93.35,23.3,1,1,1,1,1
2026-04-20T07,37.0,186.5,11.8,72.355,11.75,1,1,1,1,1
2026-04-20T08,26.25,177.25,10.35,67.645,10.2,1,1,1,1,1
2026-04-20T09,21.25,179.75,5.975,65.57,8.85,1,1,1,1,1
2026-04-20T10,22.0,147.5,9.05,67.185,8.2,1,1,1,1,1
2026-04-20T12,24.25,164.75,39.85,50.852,10.675,1,1,1,1,1
2026-04-20T13,29.25,208.5,58.875,32.428,12.6,1,1,1,1,1
2026-04-20T14,37.25,243.75,87.025,14.588,14.625,1,1,1,1,1
2026-04-20T15,51.0,279.667,95.0,9.7,18.4,1,1,1,1,1
2026-04-20T16,55.0,295.0,90.75,8.447,18.525,1,1,1,1,1
2026-04-20T17,62.5,289.5,83.65,12.445,19.375,1,1,1,1,1
2026-04-20T18,61.0,265.0,86.1,7.74,14.6,1,1,1,1,1
2026-04-20T19,59.667,260.0,76.033,11.44,14.7,1,1,1,1,1
2026-04-20T20,54.75,240.0,57.85,18.348,12.675,1,1,1,1,1
2026-04-20T21,47.5,213.0,67.1,11.387,10.875,1,1,1,1,1
2026-04-20T22,48.0,217.0,68.85,8.09,9.8,1,1,1,1,1
2026-04-20T23,53.5,208.25,70.6,6.433,9.95,1,1,1,1,1
2026-04-21T00,51.75,226.0,66.325,7.53,10.575,1,1,1,1,1
2026-04-21T01,64.0,255.75,78.275,9.875,20.65,1,1,1,1,1
2026-04-21T02,111.5,360.75,50.1,34.873,32.175,1,1,1,1,1
2026-04-21T03,125.25,369.5,32.85,59.667,26.85,1,1,1,1,1
2026-04-21T04,86.0,322.25,26.0,82.172,20.1,1,1,1,1,1
2026-04-21T05,69.75,278.75,12.8,90.723,16.125,1,1,1,1,1
2026-04-21T06,50.75,273.75,8.467,73.275,9.95,1,1,1,1,1
2026-04-21T07,31.75,278.5,3.7,71.565,9.7,1,1,1,1,1
2026-04-21T08,31.0,196.0,6.0,70.68,9.2,1,1,1,1,1
2026-04-21T09,29.5,183.0,12.75,68.773,9.375,1,1,1,1,1
2026-04-21T10,33.5,185.5,13.9,67.507,10.3,1,1,1,1,1
2026-04-21T11,32.0,193.5,21.475,65.615,8.0,1,1,1,1,1
2026-04-21T12,34.0,202.0,36.225,55.565,8.9,1,1,1,1,1
2026-04-21T13,43.25,237.25,69.175,35.137,8.975,1,1,1,1,1
2026-04-21T14,57.25,294.5,115.45,10.15,9.175,1,1,1,1,1
2026-04-21T15,70.75,349.5,116.25,5.465,10.75,1,1,1,1,1
2026-04-21T16,76.5,385.25,109.85,6.02,13.025,1,1,1,1,1
2026-04-21T17,88.75,380.0,87.2,13.25,20.7,1,1,1,1,1
2026-04-21T18,112.0,367.0,86.7,9.15,27.9,1,1,1,1,1
2026-04-21T19,115.5,381.0,90.35,5.397,27.7,1,1,1,1,1
2026-04-21T20,117.5,402.0,89.75,4.963,24.9,1,1,1,1,1
2026-04-21T21,97.75,347.25,83.875,4.782,28.45,1,1,1,1,1
2026-04-21T22,132.667,384.333,76.567,5.287,35.333,1,1,1,1,1
2026-04-21T23,162.5,405.0,86.7,4.88,34.05,1,1,1,1,1
2026-04-22T00,155.0,417.0,74.2,6.27,36.2,1,1,1,1,1
2026-04-22T01,168.75,440.75,93.35,10.4,48.7,1,1,1,1,1
2026-04-22T02,191.75,508.25,73.5,34.352,38.25,1,1,1,1,1
2026-04-22T03,121.75,472.25,40.9,59.315,26.875,1,1,1,1,1
2026-04-22T04,72.5,368.0,23.975,79.075,26.025,1,1,1,1,1
2026-04-22T05,57.25,270.5,13.8,86.852,29.525,1,1,1,1,1
2026-04-22T06,48.75,245.5,8.775,82.593,25.95,1,1,1,1,1
2026-04-22T07,58.75,225.0,9.2,80.268,18.5,1,1,1,1,1
2026-04-22T08,35.25,182.75,8.0,78.223,16.275,1,1,1,1,1
2026-04-22T09,31.0,172.5,7.65,74.03,17.975,1,1,1,1,1
2026-04-22T10,33.667,169.667,10.133,66.817,16.4,1,1,1,1,1
2026-04-22T11,32.75,170.0,17.4,64.9,15.25,1,1,1,1,1
2026-04-22T12,32.0,179.0,44.967,51.62,15.2,1,1,1,1,1
2026-04-22T13,44.0,225.0,88.75,26.562,16.75,1,1,1,1,1
2026-04-22T14,62.5,285.5,105.025,15.975,18.05,1,1,1,1,1
2026-04-22T15,78.5,332.75,119.15,5.385,20.65,1,1,1,1,1
2026-04-22T16,90.5,392.5,124.025,4.755,19.9,1,1,1,1,1
2026-04-22T17,83.5,350.75,109.6,4.582,20.725,1,1,1,1,1
2026-04-22T18,111.0,415.0,93.2,4.47,18.2,1,1,1,1,1
2026-04-22T19,111.25,413.0,108.825,4.433,20.325,1,1,1,1,1
2026-04-22T20,107.5,391.5,100.3,4.5,20.225,1,1,1,1,1
2026-04-22T21,90.75,332.25,95.725,4.2,16.975,1,1,1,1,1
2026-04-22T22,78.5,284.75,74.975,6.86,17.85,1,1,1,1,1
2026-04-22T23,62.75,238.5,66.5,5.828,13.15,1,1,1,1,1
2026-04-23T00,35.75,180.5,42.7,17.418,7.275,1,1,1,1,1
2026-04-23T01,29.25,183.0,37.9,24.98,5.35,1,1,1,1,1
2026-04-23T02,29.667,240.333,32.167,31.66,7.3,1,1,1,1,1
2026-04-23T03,29.0,275.75,33.825,36.04,9.35,1,1,1,1,1
2026-04-23T04,29.0,218.0,20.1,47.39,8.9,1,1,1,1,1
2026-04-23T05,32.333,197.333,13.267,65.097,8.433,1,1,1,1,1
2026-04-23T06,27.0,175.75,19.925,64.89,8.65,1,1,1,1,1
2026-04-23T07,27.0,166.75,20.875,65.815,8.275,1,1,1,1,1
2026-04-23T08,27.0,160.0,10.4,72.747,5.967,1,1,1,1,1
2026-04-23T09,27.0,144.667,3.9,75.233,4.3,1,1,1,1,1
2026-04-23T10,27.75,135.25,12.075,67.2,4.4,1,1,1,1,1
2026-04-23T11,26.0,155.75,36.525,53.565,4.85,1,1,1,1,1
2026-04-23T12,34.75,201.75,81.35,32.102,6.05,1,1,1,1,1
2026-04-23T13,47.0,264.0,118.475,10.857,6.7,1,1,1,1,1
2026-04-23T14,62.667,329.5,118.05,5.2,7.5,1,1,1,1,1
2026-04-23T15,70.0,337.0,119.467,4.86,9.333,1,1,1,1,1
2026-04-24T03,52.0,295.0,57.0,43.18,21.0,1,1,1,1,1
2026-04-24T04,54.75,291.25,34.075,73.17,18.975,1,1,1,1,1
2026-04-24T05,65.0,281.75,26.6,106.517,19.3,1,1,1,1,1
2026-04-24T06,69.0,280.25,19.4,123.213,18.65,1,1,1,1,1
2026-04-24T07,59.667,247.333,12.133,125.83,13.4,1,1,1,1,1
2026-04-24T08,52.0,219.25,13.775,107.045,10.525,1,1,1,1,1
2026-04-24T09,51.333,225.333,14.6,94.813,12.667,1,1,1,1,1
2026-04-24T10,55.0,250.5,21.35,82.53,12.825,1,1,1,1,1
2026-04-24T11,52.75,247.0,44.433,59.907,13.333,1,1,1,1,1
2026-04-24T12,58.75,283.25,86.425,34.235,13.15,1,1,1,1,1
2026-04-24T13,70.25,335.25,123.7,13.182,12.975,1,1,1,1,1
2026-04-24T14,78.0,369.0,137.875,4.738,12.45,1,1,1,1,1
2026-04-24T15,101.5,432.25,133.075,4.45,13.575,1,1,1,1,1
2026-04-24T16,112.5,480.5,119.025,4.623,17.475,1,1,1,1,1
2026-04-24T17,129.5,473.5,104.0,4.39,23.475,1,1,1,1,1
2026-04-24T19,164.0,545.0,107.8,4.76,26.5,1,1,1,1,1
2026-04-24T20,156.75,515.75,96.175,4.715,23.15,1,1,1,1,1
2026-04-24T21,127.0,398.5,81.275,10.295,18.95,1,1,1,1,1
2026-04-24T22,94.75,292.75,45.45,21.54,21.2,1,1,1,1,1
2026-04-24T23,75.75,262.25,89.4,4.513,19.85,1,1,1,1,1
2026-04-25T00,93.0,326.0,83.433,5.167,20.667,1,1,1,1,1
2026-04-25T01,107.75,369.0,88.65,14.182,29.65,1,1,1,1,1
2026-04-25T02,166.75,497.75,35.725,50.317,43.175,1,1,1,1,1
2026-04-25T03,193.25,469.0,37.45,83.192,37.2,1,1,1,1,1
2026-04-25T04,122.25,357.25,15.225,90.685,24.525,1,1,1,1,1
2026-04-25T05,63.0,265.0,8.725,98.507,20.075,1,1,1,1,1
2026-04-25T06,45.25,233.0,6.35,101.05,16.575,1,1,1,1,1
2026-04-25T07,45.25,216.5,8.35,94.257,10.425,1,1,1,1,1
2026-04-25T08,41.0,218.75,12.225,83.412,9.05,1,1,1,1,1
2026-04-25T09,35.0,239.0,9.3,73.473,7.4,1,1,1,1,1
2026-04-25T12,45.0,265.0,72.5,31.81,8.5,1,1,1,1,1
2026-04-25T13,51.0,279.5,94.975,17.82,11.8,1,1,1,1,1
2026-04-25T14,71.0,330.75,115.725,6.62,13.25,1,1,1,1,1
2026-04-25T15,77.75,354.0,111.35,4.925,16.725,1,1,1,1,1
2026-04-25T16,83.667,356.333,100.367,5.387,16.6,1,1,1,1,1
2026-04-25T17,91.0,361.0,89.6,4.21,16.733,1,1,1,1,1
2026-04-25T19,90.0,373.0,81.6,4.02,22.5,1,1,1,1,1
2026-04-25T20,86.0,356.0,84.3,4.645,20.5,1,1,1,1,1
2026-04-25T21,72.25,294.0,73.325,5.902,22.25,1,1,1,1,1
2026-04-25T22,69.75,265.5,69.2,6.64,27.0,1,1,1,1,1
2026-04-25T23,89.0,296.25,71.9,5.655,28.25,1,1,1,1,1
2026-04-26T00,139.75,373.25,68.8,5.855,33.375,1,1,1,1,1
2026-04-26T01,182.75,443.0,82.425,13.328,35.725,1,1,1,1,1
2026-04-26T02,148.0,411.25,39.25,47.565,33.425,1,1,1,1,1
2026-04-26T03,135.75,360.25,26.5,80.025,32.525,1,1,1,1,1
2026-04-26T04,112.5,321.5,19.225,95.75,29.725,1,1,1,1,1
2026-04-26T05,72.75,277.75,9.725,84.96,20.675,1,1,1,1,1
2026-04-26T06,46.5,226.5,5.825,75.01,14.425,1,1,1,1,1
2026-04-26T07,41.25,208.0,3.15,72.73,12.3,1,1,1,1,1
2026-04-26T08,39.0,202.0,8.5,68.273,12.267,1,1,1,1,1
2026-04-26T09,35.75,222.0,5.025,73.52,10.075,1,1,1,1,1
2026-04-26T10,33.5,203.75,4.75,78.493,8.975,1,1,1,1,1
2026-04-26T11,37.25,216.75,14.65,73.358,9.625,1,1,1,1,1
2026-04-26T12,35.667,223.25,41.95,60.032,11.075,1,1,1,1,1
2026-04-26T13,43.0,238.5,52.6,39.96,13.65,1,1,1,1,1
2026-04-26T14,61.0,273.0,80.3,22.325,14.65,1,1,1,1,1
2026-04-27T03,149.333,404.667,29.7,94.415,23.6,1,1,1,1,1
2026-04-27T04,70.75,343.5,14.65,98.692,15.45,1,1,1,1,1
2026-04-27T05,41.5,192.25,13.867,105.505,19.1,1,1,1,1,1
2026-04-27T06,53.75,206.75,10.375,99.825,19.05,1,1,1,1,1
2026-04-27T07,45.0,189.25,9.65,80.11,10.15,1,1,1,1,1
2026-04-27T08,33.0,180.5,21.4,81.167,10.375,1,1,1,1,1
2026-04-27T09,46.5,196.5,11.45,87.06,11.35,1,1,1,1,1
2026-04-27T10,58.0,192.25,7.875,81.13,12.0,1,1,1,1,1
2026-04-27T11,54.75,192.5,14.925,79.605,12.825,1,1,1,1,1
2026-04-27T12,63.0,223.0,34.275,65.228,9.4,1,1,1,1,1
2026-04-27T13,67.75,256.25,99.925,20.232,10.05,1,1,1,1,1
2026-04-27T14,97.0,311.0,68.275,24.72,10.025,1,1,1,1,1
2026-04-27T15,117.0,973.0,15.3,43.935,7.4,1,1,1,1,1
2026-04-27T16,61.5,872.75,16.45,38.4,6.667,1,1,1,1,1
2026-04-27T17,45.0,572.0,13.1,35.14,5.7,1,1,1,1,1
2026-04-28T00,34.0,218.0,,,,1,1,0,0,0
2026-04-28T01,34.0,218.0,32.333,15.937,19.667,1,1,1,1,1
2026-04-28T02,65.5,440.5,16.225,27.438,17.625,1,1,1,1,1
2026-04-28T03,60.25,595.5,9.05,42.002,14.65,1,1,1,1,1
2026-04-28T04,54.0,464.0,,,,1,1,0,0,0
2026-04-28T05,49.25,420.25,1.7,70.615,21.15,1,1,1,1,1
2026-04-28T06,35.0,292.0,1.933,69.177,14.825,1,1,1,1,1
2026-04-28T07,35.0,299.25,4.1,74.073,14.25,1,1,1,1,1
2026-04-28T08,34.5,288.25,6.95,77.47,15.525,1,1,1,1,1
2026-04-28T09,33.0,271.0,2.667,84.02,17.467,1,1,1,1,1
2026-04-28T10,35.0,242.0,5.567,89.54,17.2,1,1,1,1,1
2026-04-28T11,37.25,254.0,11.05,85.293,17.525,1,1,1,1,1
2026-04-28T12,45.25,298.5,20.525,77.75,19.15,1,1,1,1,1
2026-04-28T13,52.667,333.25,22.35,59.078,62.65,1,1,1,1,1
2026-04-28T14,67.25,318.0,41.85,40.808,50.325,1,1,1,1,1
2026-04-28T15,82.75,345.0,27.225,47.52,105.275,1,1,1,1,1
2026-04-28T16,69.333,335.0,14.85,47.84,71.6,1,1,1,1,1
2026-04-28T17,82.75,358.75,22.525,39.34,25.725,1,1,1,1,1
2026-04-28T19,84.0,299.0,4.1,56.9,16.8,1,1,1,1,1
2026-04-28T20,81.25,352.75,7.725,53.765,14.975,1,1,1,1,1
2026-04-28T21,64.25,456.0,,52.36,9.375,1,1,0,1,1
2026-04-28T22,38.0,282.0,6.35,47.783,5.5,1,1,1,1,1
2026-04-28T23,26.5,204.25,8.85,43.39,7.025,1,1,1,1,1
2026-04-29T00,37.0,469.0,1.25,35.927,4.767,1,1,1,1,1
2026-04-29T01,17.0,98.0,17.35,22.37,5.25,1,1,1,1,1
2026-04-29T02,20.25,56.75,26.15,24.76,6.9,1,1,1,1,1
2026-04-29T03,30.0,77.0,22.7,26.54,9.3,1,1,1,1,1
2026-04-29T04,60.25,124.0,0.833,21.818,10.9,1,1,1,1,1
2026-04-29T05,32.25,115.5,17.8,48.575,8.675,1,1,1,1,1
2026-04-29T06,19.75,97.0,,69.11,8.425,1,1,0,1,1
2026-04-29T07,24.75,112.5,,60.925,20.025,1,1,0,1,1
2026-04-29T08,24.0,96.0,,70.39,12.75,1,1,0,1,1
2026-04-29T09,22.5,109.25,,65.863,24.633,1,1,0,1,1
2026-04-29T10,24.75,107.25,,69.703,24.275,1,1,0,1,1
2026-04-29T11,26.25,111.25,,73.115,19.45,1,1,0,1,1
2026-04-29T12,27.0,127.0,,64.39,20.675,1,1,0,1,1
2026-04-29T13,38.75,165.0,401.6,44.61,13.1,1,1,1,1,1
2026-04-29T14,47.0,197.0,203.05,49.175,15.8,1,1,1,1,1
2026-04-29T15,51.0,189.25,159.95,31.665,14.475,1,1,1,1,1
2026-04-29T16,65.5,249.25,111.175,29.065,11.7,1,1,1,1,1
2026-04-29T17,74.5,273.0,98.275,17.235,16.2,1,1,1,1,1
2026-04-29T19,77.333,227.0,66.65,22.06,12.7,1,1,1,1,1
2026-04-29T20,81.5,215.0,43.25,26.475,12.525,1,1,1,1,1
2026-04-29T21,70.5,174.75,44.525,23.365,10.2,1,1,1,1,1
2026-04-29T22,71.5,187.75,41.9,19.78,12.525,1,1,1,1,1
2026-04-29T23,120.25,239.0,38.6,20.095,22.2,1,1,1,1,1
2026-04-30T00,160.5,301.75,55.925,11.637,22.975,1,1,1,1,1
2026-04-30T04,66.0,216.0,19.4,104.33,20.1,1,1,1,1,1
2026-04-30T05,52.0,182.0,,,,1,1,0,0,0
2026-04-30T06,48.5,174.25,13.8,100.333,13.45,1,1,1,1,1
2026-04-30T07,38.0,158.333,14.067,96.543,11.5,1,1,1,1,1
2026-04-30T08,43.25,219.5,15.9,101.562,15.05,1,1,1,1,1
2026-04-30T09,57.75,418.75,67.075,75.603,13.25,1,1,1,1,1
2026-04-30T10,44.0,471.5,31.4,49.735,8.7,1,1,1,1,1
2026-04-30T11,14.25,89.75,45.975,43.142,11.825,1,1,1,1,1
2026-04-30T12,19.5,92.5,47.75,40.77,12.85,1,1,1,1,1
2026-04-30T13,26.5,165.75,31.7,51.978,8.85,1,1,1,1,1
2026-04-30T14,32.5,314.25,20.4,60.367,5.6,1,1,1,1,1
2026-04-30T15,27.5,160.5,15.675,55.082,6.3,1,1,1,1,1
2026-04-30T16,24.5,90.75,13.25,48.988,10.275,1,1,1,1,1
2026-04-30T17,20.0,111.0,8.367,52.387,7.3,1,1,1,1,1
2026-04-30T18,19.0,138.0,13.0,48.27,8.7,1,1,1,1,1
2026-04-30T19,19.75,136.0,16.625,40.922,8.775,1,1,1,1,1
2026-04-30T20,25.0,131.5,12.175,41.655,8.65,1,1,1,1,1
2026-04-30T21,37.5,130.25,8.15,40.688,7.275,1,1,1,1,1
2026-04-30T22,50.5,117.75,15.375,34.04,6.275,1,1,1,1,1
2026-04-30T23,57.5,129.25,12.125,29.863,6.975,1,1,1,1,1
2026-05-01T00,54.0,116.0,13.15,31.682,8.2,1,1,1,1,1
2026-05-01T01,64.0,112.0,5.9,27.677,8.9,1,1,1,1,1
2026-05-01T02,83.0,125.75,,34.248,9.625,1,1,0,1,1
2026-05-01T03,40.0,96.5,,49.32,8.875,1,1,0,1,1
2026-05-01T04,29.0,85.0,7.35,67.263,8.35,1,1,1,1,1
2026-05-01T05,31.0,89.25,6.225,84.892,7.225,1,1,1,1,1
2026-05-01T06,27.5,85.25,9.4,96.968,6.367,1,1,1,1,1
2026-05-01T07,27.0,89.5,3.967,94.982,7.225,1,1,1,1,1
2026-05-01T08,31.5,95.75,,96.27,8.2,1,1,0,1,1
2026-05-01T09,35.25,112.25,,102.385,7.9,1,1,0,1,1
2026-05-01T10,33.0,119.0,,105.59,7.9,1,1,0,1,1
2026-05-01T11,37.0,134.5,,111.623,8.1,1,1,0,1,1
2026-05-01T12,38.0,145.75,,101.553,7.6,1,1,0,1,1
2026-05-01T13,42.75,167.25,,88.14,6.525,1,1,0,1,1
2026-05-01T14,52.0,182.0,,73.995,6.425,1,1,0,1,1
2026-05-01T15,67.0,215.75,,61.163,8.05,1,1,0,1,1
2026-05-01T16,82.25,217.5,,51.882,9.45,1,1,0,1,1
2026-05-01T17,96.0,207.0,,52.9,9.975,1,1,0,1,1
2026-05-01T18,99.0,191.0,,46.12,13.1,1,1,0,1,1
2026-05-01T19,94.0,183.25,,53.527,12.1,1,1,0,1,1
2026-05-01T20,71.333,143.333,,54.173,11.4,1,1,0,1,1
2026-05-01T21,55.333,105.333,,64.877,10.5,1,1,0,1,1
2026-05-01T22,53.5,98.75,,70.02,10.15,1,1,0,1,1
2026-05-01T23,52.0,107.0,,60.263,9.6,1,1,0,1,1
2026-05-02T00,59.5,103.75,,54.117,11.4,1,1,0,1,1
2026-05-02T01,73.25,117.0,,41.56,13.0,1,1,0,1,1
2026-05-02T02,77.0,138.667,14.1,52.95,13.267,1,1,1,1,1
2026-05-02T03,63.25,150.25,14.45,70.475,13.35,1,1,1,1,1
2026-05-02T04,56.25,147.75,16.95,89.532,15.275,1,1,1,1,1
2026-05-02T05,52.75,156.0,9.767,111.073,15.9,1,1,1,1,1
2026-05-02T06,58.0,,5.833,115.71,14.033,1,0,1,1,1
2026-05-02T07,54.75,153.667,3.85,115.93,13.4,1,1,1,1,1
2026-05-02T08,61.667,171.0,8.85,116.367,13.4,1,1,1,1,1
2026-05-02T09,55.0,171.75,4.3,117.315,13.55,1,1,1,1,1
2026-05-02T10,61.0,162.0,5.9,117.18,13.8,1,1,1,1,1
2026-05-02T11,58.0,168.0,9.7,115.33,13.7,1,1,1,1,1
2026-05-02T17,74.5,423.5,36.8,12.785,11.3,1,1,1,1,1
2026-05-02T18,55.0,455.0,30.4,18.56,9.2,1,1,1,1,1
2026-05-02T19,54.25,406.5,22.625,20.665,9.175,1,1,1,1,1
2026-05-02T20,50.0,232.25,13.775,27.508,9.225,1,1,1,1,1
2026-05-02T21,41.5,139.75,10.8,31.88,8.4,1,1,1,1,1
2026-05-02T22,34.0,103.333,3.967,45.257,9.367,1,1,1,1,1
2026-05-02T23,33.5,66.75,7.5,38.767,9.25,1,1,1,1,1
2026-05-03T00,41.25,76.25,9.2,36.763,10.375,1,1,1,1,1
2026-05-03T01,71.75,119.25,19.5,39.935,11.825,1,1,1,1,1
2026-05-03T02,75.0,122.25,15.675,46.385,10.85,1,1,1,1,1
2026-05-03T03,60.0,102.0,9.533,58.773,10.833,1,1,1,1,1
2026-05-03T04,40.75,99.0,5.725,74.205,10.875,1,1,1,1,1
2026-05-03T05,39.75,115.75,3.175,83.715,10.85,1,1,1,1,1
2026-05-03T06,45.75,143.0,2.467,84.615,11.975,1,1,1,1,1
2026-05-03T07,37.0,161.0,2.7,84.918,10.65,1,1,1,1,1
2026-05-03T08,32.5,204.75,2.55,84.397,10.375,1,1,1,1,1
2026-05-03T09,37.0,282.0,5.5,85.73,10.85,1,1,1,1,1
2026-05-03T15,39.0,153.0,,,,1,1,0,0,0
2026-05-03T16,35.0,129.75,,,,1,1,0,0,0
2026-05-03T17,30.25,112.0,,,,1,1,0,0,0
2026-05-03T18,19.0,311.0,,70.78,,1,1,0,1,0
2026-05-03T19,19.0,217.667,,64.75,,1,1,0,1,0
2026-05-03T20,11.0,30.25,9.8,45.745,,1,1,1,1,0
2026-05-03T21,9.333,26.333,,40.557,,1,1,0,1,0
2026-05-03T22,5.0,23.25,,32.958,,1,1,0,1,0
2026-05-03T23,3.25,24.0,,41.828,,1,1,0,1,0
2026-05-04T00,14.0,24.25,,42.79,,1,1,0,1,0
2026-05-04T01,29.25,25.0,,35.392,,1,1,0,1,0
2026-05-04T02,14.5,31.75,,37.33,18.4,1,1,0,1,1
2026-05-04T03,22.5,54.5,,50.165,20.4,1,1,0,1,1
2026-05-04T04,21.75,61.75,3.0,59.735,23.15,1,1,1,1,1
2026-05-04T05,14.75,57.5,9.55,67.915,27.15,1,1,1,1,1
2026-05-04T06,13.25,48.25,17.35,74.24,27.367,1,1,1,1,1
2026-05-04T07,11.5,52.25,15.3,80.115,9.9,1,1,1,1,1
2026-05-04T08,13.25,53.5,18.3,82.068,10.15,1,1,1,1,1
2026-05-04T09,15.0,55.5,17.6,84.317,9.375,1,1,1,1,1
2026-05-04T10,15.25,56.75,19.175,93.498,8.0,1,1,1,1,1
2026-05-04T11,7.0,56.25,23.275,83.922,7.9,1,1,1,1,1
2026-05-04T12,7.5,60.0,20.45,74.683,8.65,1,1,1,1,1
2026-05-04T13,10.25,66.0,27.825,66.048,8.025,1,1,1,1,1
2026-05-04T14,15.25,58.25,22.95,61.607,7.825,1,1,1,1,1
2026-05-04T15,19.5,58.5,21.0,59.455,8.1,1,1,1,1,1
2026-05-04T16,21.0,48.0,18.933,55.097,8.633,1,1,1,1,1
2026-05-04T17,22.0,65.667,29.6,40.25,8.75,1,1,1,1,1
2026-05-04T18,14.0,40.0,11.1,54.47,5.6,1,1,1,1,1
2026-05-04T19,14.75,46.75,28.475,37.112,5.65,1,1,1,1,1
2026-05-04T20,22.75,74.5,24.95,28.003,7.425,1,1,1,1,1
2026-05-04T21,36.0,88.25,17.275,41.558,7.575,1,1,1,1,1
2026-05-04T22,29.5,67.5,25.95,29.198,8.575,1,1,1,1,1
2026-05-04T23,46.25,86.75,24.15,27.95,12.325,1,1,1,1,1
2026-05-05T00,47.0,96.25,31.475,27.74,16.3,1,1,1,1,1
2026-05-05T01,48.25,102.0,29.675,39.515,22.15,1,1,1,1,1
2026-05-05T02,47.25,100.25,26.125,55.0,14.875,1,1,1,1,1
2026-05-05T03,32.5,75.75,17.4,57.575,13.975,1,1,1,1,1
2026-05-05T04,29.0,70.0,14.067,68.923,9.767,1,1,1,1,1
2026-05-05T05,25.75,67.75,18.625,82.72,8.525,1,1,1,1,1
2026-05-05T06,28.667,72.667,15.35,92.253,8.2,1,1,1,1,1
2026-05-05T07,31.25,73.25,,104.17,7.625,1,1,0,1,1
2026-05-05T08,36.5,79.0,,122.275,5.967,1,1,0,1,1
2026-05-05T09,38.75,83.5,7.55,99.398,6.675,1,1,1,1,1
2026-05-05T10,32.0,79.0,13.1,85.61,4.45,1,1,1,1,1
2026-05-05T11,34.0,90.0,12.7,71.06,2.8,1,1,1,1,1
2026-05-06T05,48.0,136.0,13.0,93.41,14.3,1,1,1,1,1
2026-05-06T06,44.75,128.5,13.275,95.51,13.175,1,1,1,1,1
2026-05-06T07,36.75,110.75,13.575,96.778,12.6,1,1,1,1,1
2026-05-06T08,43.5,126.75,15.825,104.217,13.375,1,1,1,1,1
2026-05-06T09,46.5,130.75,15.375,111.915,12.975,1,1,1,1,1
2026-05-06T10,42.0,127.0,14.05,110.475,12.65,1,1,1,1,1
2026-05-06T11,40.0,110.5,17.45,99.81,12.225,1,1,1,1,1
2026-05-06T12,46.75,134.5,35.8,78.032,11.7,1,1,1,1,1
2026-05-06T13,64.667,215.0,50.7,65.17,12.233,1,1,1,1,1
2026-05-06T19,33.0,89.0,24.8,46.84,36.7,1,1,1,1,1
2026-05-06T20,33.0,85.25,20.45,54.888,29.775,1,1,1,1,1
2026-05-06T21,29.5,71.0,14.85,60.177,21.25,1,1,1,1,1
2026-05-06T22,24.25,66.0,13.525,55.422,13.425,1,1,1,1,1
2026-05-06T23,36.75,73.25,14.8,47.855,12.45,1,1,1,1,1
2026-05-07T00,25.5,60.25,13.925,53.953,11.55,1,1,1,1,1
2026-05-07T01,22.333,75.0,19.133,49.347,13.533,1,1,1,1,1
2026-05-07T02,29.0,104.0,17.15,55.267,13.8,1,1,1,1,1
2026-05-07T03,38.75,121.5,14.1,61.527,13.275,1,1,1,1,1
2026-05-07T04,30.75,111.0,14.925,63.875,13.8,1,1,1,1,1
2026-05-07T05,28.0,109.0,14.5,79.555,13.0,1,1,1,1,1
2026-05-07T06,31.0,118.333,18.067,82.075,15.733,1,1,1,1,1
2026-05-07T07,29.333,141.0,10.867,94.82,14.933,1,1,1,1,1
2026-05-07T08,21.333,114.0,10.067,69.09,8.967,1,1,1,1,1
2026-05-07T09,21.0,94.25,13.95,69.14,8.45,1,1,1,1,1
2026-05-07T10,25.0,93.667,12.1,75.683,9.467,1,1,1,1,1
2026-05-07T11,25.75,95.25,12.3,79.077,9.833,1,1,1,1,1
2026-05-07T18,50.0,96.0,8.9,40.42,10.5,1,1,1,1,1
2026-05-07T19,49.0,91.75,17.125,31.703,10.6,1,1,1,1,1
2026-05-07T20,48.0,80.5,19.15,34.523,10.75,1,1,1,1,1
2026-05-07T21,56.5,90.5,15.5,37.797,10.8,1,1,1,1,1
2026-05-07T22,60.333,99.0,11.5,36.573,10.0,1,1,1,1,1
2026-05-07T23,54.333,86.0,11.6,33.087,9.033,1,1,1,1,1
2026-05-08T00,61.0,99.5,12.9,27.655,10.0,1,1,1,1,1
2026-05-08T01,74.75,125.25,17.05,33.172,11.125,1,1,1,1,1
2026-05-08T02,69.5,124.75,18.625,49.695,12.875,1,1,1,1,1
2026-05-08T03,36.5,96.75,13.5,67.665,12.325,1,1,1,1,1
2026-05-08T04,30.0,104.0,11.433,78.91,10.467,1,1,1,1,1
2026-05-08T05,25.333,97.667,10.967,86.887,10.467,1,1,1,1,1
2026-05-08T06,23.75,88.25,9.725,97.89,10.85,1,1,1,1,1
2026-05-08T07,23.5,86.0,12.975,99.72,11.2,1,1,1,1,1
2026-05-08T08,24.0,87.5,11.375,91.547,10.15,1,1,1,1,1
2026-05-08T09,20.5,90.5,8.95,92.11,9.925,1,1,1,1,1
2026-05-08T10,19.5,87.5,11.2,91.477,10.2,1,1,1,1,1
2026-05-08T11,21.25,90.5,13.675,88.303,9.975,1,1,1,1,1
2026-05-08T12,23.25,94.75,16.35,79.317,10.875,1,1,1,1,1
2026-05-08T13,28.75,121.5,20.225,65.155,10.35,1,1,1,1,1
2026-05-08T14,34.25,122.0,22.0,51.665,12.95,1,1,1,1,1
2026-05-08T15,36.25,119.5,21.45,54.005,14.8,1,1,1,1,1
2026-05-08T16,40.75,121.5,16.0,58.835,11.375,1,1,1,1,1
2026-05-08T17,42.75,120.0,15.55,60.74,10.425,1,1,1,1,1
2026-05-08T18,39.0,118.0,14.6,51.84,6.6,1,1,1,1,1
2026-05-08T19,40.0,114.667,18.033,47.973,6.233,1,1,1,1,1
2026-05-08T20,42.5,106.5,14.825,45.175,6.5,1,1,1,1,1
2026-05-08T21,44.25,102.0,14.825,44.945,6.75,1,1,1,1,1
2026-05-08T22,53.0,110.5,20.35,35.52,8.4,1,1,1,1,1
2026-05-08T23,72.0,133.0,20.4,31.28,9.575,1,1,1,1,1
2026-05-09T00,53.667,124.0,16.233,39.657,9.167,1,1,1,1,1
2026-05-09T01,51.0,124.0,14.1,49.65,9.375,1,1,1,1,1
2026-05-09T02,64.75,135.25,17.85,60.843,10.25,1,1,1,1,1
2026-05-09T03,69.667,166.667,14.633,77.47,10.333,1,1,1,1,1
2026-05-09T04,65.75,154.5,10.65,87.935,9.85,1,1,1,1,1
2026-05-09T05,56.0,132.0,11.033,93.577,8.833,1,1,1,1,1
2026-05-09T07,35.0,129.0,8.8,102.423,8.133,1,1,1,1,1
2026-05-09T08,29.0,99.75,9.75,103.162,7.2,1,1,1,1,1
2026-05-09T09,31.0,96.25,8.975,107.06,7.4,1,1,1,1,1
2026-05-09T10,36.0,99.5,9.425,107.125,6.9,1,1,1,1,1
2026-05-09T11,33.75,109.75,12.15,102.127,6.65,1,1,1,1,1
2026-05-09T12,36.25,121.0,17.625,90.18,8.225,1,1,1,1,1
2026-05-09T13,41.0,143.25,22.2,65.84,9.15,1,1,1,1,1
2026-05-09T14,52.75,180.0,20.5,63.172,8.125,1,1,1,1,1
2026-05-09T15,54.25,165.5,18.175,61.28,7.2,1,1,1,1,1
2026-05-09T16,67.333,156.667,15.8,57.043,6.9,1,1,1,1,1
2026-05-09T17,80.75,174.75,17.65,51.44,6.375,1,1,1,1,1
2026-05-09T18,101.0,208.0,22.9,44.02,9.6,1,1,1,1,1
2026-05-09T19,105.25,211.75,23.025,37.805,10.2,1,1,1,1,1
2026-05-09T20,114.25,218.25,20.475,31.712,10.225,1,1,1,1,1
2026-05-09T21,93.333,187.0,22.067,27.133,10.433,1,1,1,1,1
2026-05-09T22,72.5,147.0,16.85,28.773,8.525,1,1,1,1,1
2026-05-09T23,63.75,125.0,14.6,38.102,8.475,1,1,1,1,1
2026-05-10T00,50.25,110.5,11.9,50.22,8.75,1,1,1,1,1
2026-05-10T01,48.5,103.0,10.6,54.712,9.075,1,1,1,1,1
2026-05-10T02,47.75,102.5,10.9,62.483,9.3,1,1,1,1,1
2026-05-10T03,40.0,103.25,10.025,71.135,12.05,1,1,1,1,1
2026-05-10T04,38.0,111.5,10.15,86.142,15.15,1,1,1,1,1
2026-05-10T05,42.0,117.0,9.6,97.87,12.1,1,1,1,1,1
2026-05-10T06,42.75,116.75,7.275,98.032,11.325,1,1,1,1,1
2026-05-10T07,37.5,106.5,9.9,101.222,9.9,1,1,1,1,1
2026-05-10T08,33.75,98.5,10.475,102.22,9.3,1,1,1,1,1
2026-05-10T09,35.25,103.5,9.15,104.57,8.225,1,1,1,1,1
2026-05-10T10,32.75,99.0,6.925,104.837,8.325,1,1,1,1,1
2026-05-10T11,32.0,110.75,9.3,107.722,9.1,1,1,1,1,1
2026-05-10T12,34.5,127.0,12.575,100.91,9.75,1,1,1,1,1
2026-05-10T13,44.75,163.25,26.45,65.965,12.725,1,1,1,1,1
2026-05-10T14,52.25,192.75,18.9,67.312,9.95,1,1,1,1,1
2026-05-10T15,49.75,164.0,13.7,67.16,8.5,1,1,1,1,1
2026-05-10T16,49.25,141.75,15.975,62.133,7.95,1,1,1,1,1
2026-05-10T17,47.75,134.5,9.05,62.922,7.975,1,1,1,1,1
2026-05-10T18,51.0,127.0,15.3,57.39,9.0,1,1,1,1,1
2026-05-10T19,53.0,126.5,13.85,53.615,8.475,1,1,1,1,1
2026-05-10T20,55.25,118.0,11.925,60.44,8.3,1,1,1,1,1
2026-05-10T21,42.75,93.75,8.55,61.315,8.5,1,1,1,1,1
2026-05-10T22,40.0,84.0,10.45,56.39,8.95,1,1,1,1,1
2026-05-10T23,49.5,98.0,13.125,45.365,9.225,1,1,1,1,1
2026-05-11T00,69.0,141.75,19.975,35.677,9.55,1,1,1,1,1
2026-05-11T01,66.0,146.75,19.075,45.898,10.65,1,1,1,1,1
2026-05-11T02,61.5,155.75,21.925,38.66,11.4,1,1,1,1,1
2026-05-11T03,63.5,176.25,17.275,65.517,12.475,1,1,1,1,1
2026-05-11T04,54.5,147.25,16.1,79.765,18.125,1,1,1,1,1
2026-05-11T05,51.0,141.0,15.55,89.255,19.75,1,1,1,1,1
2026-05-11T06,54.5,149.0,12.0,97.532,15.4,1,1,1,1,1
2026-05-11T07,54.75,153.0,10.725,102.23,12.55,1,1,1,1,1
2026-05-11T08,49.25,144.25,13.4,102.438,11.95,1,1,1,1,1
2026-05-11T09,44.0,137.25,11.2,100.547,11.475,1,1,1,1,1
2026-05-11T10,45.25,143.25,14.175,95.537,11.25,1,1,1,1,1
2026-05-11T11,49.333,148.667,14.133,105.297,10.467,1,1,1,1,1
2026-05-11T12,50.0,153.75,20.775,98.433,10.4,1,1,1,1,1
2026-05-11T13,54.0,207.5,43.05,59.977,11.025,1,1,1,1,1
2026-05-11T14,71.5,312.75,57.275,32.66,11.225,1,1,1,1,1
2026-05-11T15,89.25,345.75,41.9,37.27,11.775,1,1,1,1,1
2026-05-11T16,93.25,307.0,27.45,46.96,10.425,1,1,1,1,1
2026-05-11T17,91.75,253.5,27.125,45.773,10.325,1,1,1,1,1
2026-05-11T18,74.0,178.0,16.4,59.8,9.1,1,1,1,1,1
2026-05-11T19,73.25,173.5,14.95,51.178,8.25,1,1,1,1,1
2026-05-11T20,71.0,157.25,12.275,44.847,8.075,1,1,1,1,1
2026-05-11T21,67.75,143.0,12.175,50.753,8.525,1,1,1,1,1
2026-05-11T22,56.75,126.75,13.2,52.2,7.175,1,1,1,1,1
2026-05-11T23,54.75,136.25,12.45,47.705,7.1,1,1,1,1,1
2026-05-12T00,60.667,149.0,14.133,45.78,7.867,1,1,1,1,1
2026-05-12T01,60.25,151.0,13.225,51.543,8.375,1,1,1,1,1
2026-05-12T02,58.5,161.5,12.275,52.867,9.425,1,1,1,1,1
2026-05-12T03,65.333,176.667,15.233,65.737,12.767,1,1,1,1,1
2026-05-12T04,57.0,182.25,15.95,77.845,13.1,1,1,1,1,1
2026-05-12T05,52.0,215.75,14.025,89.978,10.7,1,1,1,1,1
2026-05-12T06,50.25,295.25,12.85,92.447,9.825,1,1,1,1,1
2026-05-12T07,65.333,297.0,12.567,92.107,9.267,1,1,1,1,1
2026-05-12T08,67.25,284.0,14.775,97.097,8.6,1,1,1,1,1
2026-05-12T09,58.0,212.667,11.233,104.39,8.067,1,1,1,1,1
2026-05-12T13,47.333,173.667,18.6,67.56,6.633,1,1,1,1,1
2026-05-12T14,37.0,154.25,14.575,72.832,6.625,1,1,1,1,1
2026-05-12T15,41.0,134.5,15.25,67.218,5.9,1,1,1,1,1
2026-05-12T16,45.25,136.0,21.875,50.53,5.475,1,1,1,1,1
2026-05-12T17,49.0,130.5,20.1,46.942,5.375,1,1,1,1,1
2026-05-12T19,68.0,141.0,23.4,48.59,10.1,1,1,1,1,1
2026-05-12T20,66.333,135.0,17.1,55.417,8.833,1,1,1,1,1
2026-05-12T21,63.0,123.0,15.033,50.927,6.433,1,1,1,1,1
2026-05-12T22,64.25,118.25,19.3,39.657,6.375,1,1,1,1,1
2026-05-12T23,61.75,114.25,18.4,40.23,5.825,1,1,1,1,1
2026-05-13T00,79.5,141.5,17.35,41.055,5.95,1,1,1,1,1
2026-05-13T01,84.0,161.25,19.25,50.4,6.1,1,1,1,1,1
2026-05-13T02,95.5,178.25,23.1,63.985,6.775,1,1,1,1,1
2026-05-13T03,100.5,241.0,21.225,66.845,9.175,1,1,1,1,1
2026-05-13T04,76.333,299.667,18.033,85.467,13.9,1,1,1,1,1
2026-05-13T05,43.0,162.75,20.475,97.895,16.125,1,1,1,1,1
2026-05-13T06,42.5,136.75,12.35,117.648,17.775,1,1,1,1,1
2026-05-13T07,44.0,134.0,14.35,128.235,12.65,1,1,1,1,1
2026-05-13T08,47.75,135.75,14.6,133.02,10.175,1,1,1,1,1
2026-05-13T09,47.75,139.75,12.075,131.665,10.15,1,1,1,1,1
2026-05-13T10,42.75,147.5,15.0,137.502,10.1,1,1,1,1,1
2026-05-13T11,50.5,160.75,16.55,140.635,9.85,1,1,1,1,1
2026-05-13T12,57.5,184.5,26.225,116.35,9.35,1,1,1,1,1
2026-05-13T13,58.25,217.0,36.325,95.115,8.775,1,1,1,1,1
2026-05-13T14,60.25,379.0,24.8,68.72,6.7,1,1,1,1,1
2026-05-13T15,41.5,600.0,23.875,44.1,3.75,1,1,1,1,1
2026-05-13T16,33.75,185.25,34.4,30.62,5.55,1,1,1,1,1
2026-05-13T17,47.0,255.75,10.575,80.667,7.7,1,1,1,1,1
2026-05-13T19,27.0,62.0,18.1,65.99,8.8,1,1,1,1,1
2026-05-13T20,27.0,62.0,19.567,56.28,8.133,1,1,1,1,1
2026-05-13T21,26.0,83.0,34.225,32.367,11.6,1,1,1,1,1
2026-05-13T22,37.0,95.75,24.6,38.072,11.275,1,1,1,1,1
2026-05-13T23,32.5,85.75,24.025,41.115,9.675,1,1,1,1,1
2026-05-14T00,26.0,97.5,22.35,43.18,7.875,1,1,1,1,1
2026-05-14T01,22.25,91.0,24.9,42.71,9.9,1,1,1,1,1
2026-05-14T02,28.0,117.0,23.575,62.913,11.0,1,1,1,1,1
2026-05-14T03,25.25,114.0,22.675,84.855,12.7,1,1,1,1,1
2026-05-14T04,33.667,159.0,17.833,111.307,14.133,1,1,1,1,1
2026-05-14T05,48.0,198.75,17.7,137.96,13.85,1,1,1,1,1
2026-05-14T06,45.75,212.0,31.267,158.76,16.767,1,1,1,1,1
2026-05-14T07,48.0,218.0,35.367,168.533,16.833,1,1,1,1,1
2026-05-14T08,49.0,236.75,32.2,182.108,17.1,1,1,1,1,1
2026-05-14T09,41.0,241.75,35.25,186.748,15.725,1,1,1,1,1
2026-05-14T10,40.5,235.75,34.625,189.815,12.475,1,1,1,1,1
2026-05-14T11,41.75,279.5,46.1,170.908,12.75,1,1,1,1,1
2026-05-14T12,47.25,279.25,52.075,112.863,16.25,1,1,1,1,1
2026-05-14T13,40.5,230.0,65.475,80.05,23.325,1,1,1,1,1
2026-05-14T14,45.0,223.5,41.575,82.795,10.85,1,1,1,1,1
2026-05-14T15,46.75,200.25,44.2,76.43,8.925,1,1,1,1,1
2026-05-14T16,49.25,213.0,40.125,78.935,8.15,1,1,1,1,1
2026-05-14T17,46.667,232.667,43.833,61.8,8.467,1,1,1,1,1
2026-05-14T18,42.0,318.0,41.0,59.35,10.7,1,1,1,1,1
2026-05-14T19,41.25,295.5,26.925,77.505,8.55,1,1,1,1,1
2026-05-14T20,37.25,340.0,28.5,76.265,4.833,1,1,1,1,1
2026-05-14T21,29.0,561.0,29.075,65.87,3.3,1,1,1,1,1
2026-05-14T22,19.0,181.5,26.725,73.675,4.95,1,1,1,1,1
2026-05-14T23,17.25,78.5,29.575,71.57,6.85,1,1,1,1,1
2026-05-15T00,21.75,82.0,40.05,66.63,8.425,1,1,1,1,1
2026-05-15T01,26.5,108.0,64.3,48.36,10.767,1,1,1,1,1
2026-05-15T02,36.0,169.0,66.675,74.15,,1,1,1,1,0
2026-05-15T03,42.0,172.0,56.1,105.757,,1,1,1,1,0
2026-05-15T04,50.75,203.0,38.25,125.475,16.8,1,1,1,1,1
2026-05-15T05,46.667,193.333,28.533,136.207,13.05,1,1,1,1,1
2026-05-15T06,42.25,176.25,26.167,126.093,12.967,1,1,1,1,1
2026-05-15T07,30.5,147.5,71.6,132.815,12.075,1,1,1,1,1
2026-05-15T08,31.5,152.0,38.575,157.67,12.8,1,1,1,1,1
2026-05-15T09,37.333,157.333,36.333,105.89,12.467,1,1,1,1,1
2026-05-15T10,33.0,156.25,18.6,119.545,9.7,1,1,1,1,1
2026-05-15T11,32.25,185.75,21.675,126.135,10.8,1,1,1,1,1
2026-05-15T12,43.667,216.0,32.933,126.16,19.933,1,1,1,1,1
2026-05-15T13,54.25,210.0,37.5,115.685,30.125,1,1,1,1,1
2026-05-15T14,66.0,222.75,56.475,74.615,35.95,1,1,1,1,1
2026-05-15T15,92.0,294.0,86.4,41.017,37.533,1,1,1,1,1
2026-05-15T16,96.5,325.25,108.55,8.03,27.15,1,1,1,1,1
2026-05-15T17,99.25,328.25,122.1,6.498,25.475,1,1,1,1,1
2026-05-15T19,81.0,239.0,,23.46,11.0,1,1,0,1,1
2026-05-15T20,77.5,229.5,,22.183,8.725,1,1,0,1,1
2026-05-15T21,72.333,217.333,,1.39,10.6,1,1,0,1,1
2026-05-15T22,86.75,246.0,,2.217,,1,1,0,1,0
2026-05-15T23,98.5,235.5,,4.465,,1,1,0,1,0
2026-05-16T00,97.75,239.25,,10.82,,1,1,0,1,0
2026-05-16T01,91.75,229.75,,53.693,,1,1,0,1,0
2026-05-16T02,94.0,223.0,,115.27,,1,1,0,1,0
2026-05-16T03,86.0,210.25,,132.868,,1,1,0,1,0
2026-05-16T04,60.75,172.0,,170.347,,1,1,0,1,0
2026-05-16T05,56.5,174.0,,183.035,,1,1,0,1,0
2026-05-16T06,54.75,178.0,,187.59,,1,1,0,1,0
2026-05-16T07,49.25,164.25,,151.903,,1,1,0,1,0
2026-05-16T08,34.0,137.75,,146.53,,1,1,0,1,0
2026-05-16T09,29.75,136.5,,113.803,,1,1,0,1,0
2026-05-16T10,24.5,159.5,,101.645,,1,1,0,1,0
2026-05-16T11,21.0,161.5,,104.738,1.725,1,1,0,1,1
2026-05-16T12,25.5,188.5,,82.87,1.7,1,1,0,1,1
2026-05-16T13,34.0,199.25,66.9,55.14,3.125,1,1,1,1,1
2026-05-16T14,48.25,243.5,102.625,30.935,4.95,1,1,1,1,1
2026-05-16T15,57.25,252.75,118.075,19.375,7.65,1,1,1,1,1
2026-05-16T16,66.0,293.25,114.725,21.703,10.475,1,1,1,1,1
2026-05-16T17,69.5,286.75,80.9,33.748,8.3,1,1,1,1,1
2026-05-16T18,64.0,266.0,107.7,12.47,14.1,1,1,1,1,1
2026-05-16T19,63.75,267.25,104.8,8.383,14.275,1,1,1,1,1
2026-05-16T20,63.5,267.25,101.775,5.512,15.3,1,1,1,1,1
2026-05-16T21,64.25,251.75,91.175,6.463,15.625,1,1,1,1,1
2026-05-16T22,62.5,233.0,84.6,6.6,13.975,1,1,1,1,1
2026-05-16T23,65.75,220.75,85.4,4.763,17.425,1,1,1,1,1
2026-05-17T00,75.0,240.5,71.4,19.448,26.625,1,1,1,1,1
2026-05-17T01,92.75,254.25,52.675,39.523,35.4,1,1,1,1,1
2026-05-17T02,108.5,271.25,49.75,64.192,33.1,1,1,1,1,1
2026-05-17T03,94.75,254.0,32.325,98.915,28.075,1,1,1,1,1
2026-05-17T04,63.75,215.5,22.75,113.99,23.15,1,1,1,1,1
2026-05-17T05,51.75,214.75,21.875,107.145,19.7,1,1,1,1,1
2026-05-17T06,44.0,238.25,22.8,98.275,17.25,1,1,1,1,1
2026-05-17T07,40.25,256.0,22.0,83.165,14.9,1,1,1,1,1
2026-05-17T08,36.25,288.75,19.525,73.075,12.5,1,1,1,1,1
2026-05-17T09,29.5,307.0,21.6,72.312,10.6,1,1,1,1,1
2026-05-17T10,26.0,258.0,26.2,78.88,10.7,1,1,1,1,1
2026-05-17T11,27.667,229.667,28.233,80.453,10.633,1,1,1,1,1
2026-05-17T12,28.5,227.0,31.125,77.483,11.525,1,1,1,1,1
2026-05-17T13,30.75,249.25,53.6,59.28,11.85,1,1,1,1,1
2026-05-17T14,42.0,280.0,83.7,36.05,12.4,1,1,1,1,1
2026-05-17T15,63.5,317.75,86.95,29.275,13.85,1,1,1,1,1
2026-05-17T16,62.0,340.25,59.05,35.78,12.25,1,1,1,1,1
2026-05-17T17,52.75,304.5,79.875,23.393,12.1,1,1,1,1,1
2026-05-17T18,46.0,263.0,71.2,21.34,12.3,1,1,1,1,1
2026-05-17T19,44.0,255.75,73.825,19.14,13.575,1,1,1,1,1
2026-05-17T20,38.0,222.5,64.175,23.085,14.25,1,1,1,1,1
2026-05-17T21,42.75,196.75,61.225,20.375,18.425,1,1,1,1,1
2026-05-17T22,53.333,217.667,54.333,20.083,18.833,1,1,1,1,1
2026-05-17T23,62.0,230.667,80.433,3.877,21.7,1,1,1,1,1
2026-05-18T00,93.75,286.25,76.05,8.258,29.975,1,1,1,1,1
2026-05-18T01,92.25,308.75,67.725,23.422,29.1,1,1,1,1,1
2026-05-18T02,90.5,307.5,43.225,54.948,32.35,1,1,1,1,1
2026-05-18T03,85.75,312.25,37.2,83.61,31.2,1,1,1,1,1
2026-05-18T04,60.75,268.5,33.775,97.897,22.7,1,1,1,1,1
2026-05-18T05,43.75,241.5,30.2,107.578,22.575,1,1,1,1,1
2026-05-18T06,45.75,227.5,25.2,109.127,22.725,1,1,1,1,1
2026-05-18T07,34.75,206.75,34.333,94.79,14.05,1,1,1,1,1
2026-05-18T08,29.75,219.5,,98.425,,1,1,0,1,0
2026-05-18T09,26.0,188.0,,,,1,1,0,0,0
2026-05-18T11,34.0,239.75,,,,1,1,0,0,0
2026-05-18T12,,257.0,,,,0,1,0,0,0
2026-05-18T13,39.0,274.75,,,,1,1,0,0,0
2026-05-18T14,39.0,328.0,,,,1,1,0,0,0
2026-05-19T05,39.0,328.0,,,,1,1,0,0,0
2026-05-19T12,27.0,213.0,67.0,55.57,8.1,1,1,1,1,1
2026-05-19T13,28.75,220.0,80.275,33.615,7.525,1,1,1,1,1
2026-05-19T14,39.667,268.667,110.167,3.527,8.5,1,1,1,1,1
2026-05-19T15,51.333,321.333,103.4,1.453,10.1,1,1,1,1,1
2026-05-19T16,54.0,315.25,90.675,1.8,18.025,1,1,1,1,1
2026-05-19T17,63.333,312.25,91.225,0.647,19.7,1,1,1,1,1
2026-05-19T18,62.0,322.0,78.6,,23.3,1,1,1,0,1
2026-05-19T19,58.25,300.0,98.325,0.375,26.825,1,1,1,1,1
2026-05-19T20,43.0,221.0,96.2,0.643,19.2,1,1,1,1,1
2026-05-19T21,30.5,181.25,85.375,1.42,15.025,1,1,1,1,1
2026-05-19T22,30.5,172.5,58.525,11.692,17.875,1,1,1,1,1
2026-05-19T23,36.0,153.0,52.775,11.877,20.9,1,1,1,1,1
2026-05-20T00,38.0,155.0,42.9,17.212,15.5,1,1,1,1,1
2026-05-20T01,35.0,161.0,48.333,19.627,13.567,1,1,1,1,1
2026-05-20T02,42.75,225.75,53.65,34.502,20.625,1,1,1,1,1
2026-05-20T03,48.0,255.0,48.967,50.057,19.833,1,1,1,1,1
2026-05-20T04,45.333,303.333,32.3,83.24,17.133,1,1,1,1,1
2026-05-20T06,37.0,234.5,39.575,76.2,9.475,1,1,1,1,1
2026-05-20T07,29.75,179.25,13.775,86.755,7.8,1,1,1,1,1
2026-05-20T08,25.25,145.5,17.95,78.427,8.2,1,1,1,1,1
2026-05-20T09,21.0,150.0,20.3,73.088,7.225,1,1,1,1,1
2026-05-20T10,16.0,150.25,20.1,71.8,5.375,1,1,1,1,1
2026-05-20T11,20.0,155.5,27.85,61.903,5.425,1,1,1,1,1
2026-05-20T12,24.667,180.75,64.4,40.138,7.5,1,1,1,1,1
2026-05-20T13,31.25,239.75,105.95,16.895,8.55,1,1,1,1,1
2026-05-20T14,44.5,310.5,123.475,2.215,7.15,1,1,1,1,1
2026-05-20T15,54.0,307.0,111.4,0.593,6.975,1,1,1,1,1
2026-05-20T16,49.75,288.5,93.575,4.315,7.675,1,1,1,1,1
2026-05-20T17,41.5,246.75,79.825,5.23,8.75,1,1,1,1,1
2026-05-20T19,31.333,236.667,76.733,0.625,10.1,1,1,1,1,1
2026-05-21T03,53.0,625.0,,,,1,1,0,0,0
2026-05-21T04,55.25,635.75,17.825,50.438,6.175,1,1,1,1,1
2026-05-21T05,59.0,622.667,21.8,53.443,5.8,1,1,1,1,1
2026-05-21T06,50.75,522.25,17.825,58.43,5.2,1,1,1,1,1
2026-05-21T07,43.5,480.5,16.875,59.01,4.525,1,1,1,1,1
2026-05-21T08,40.5,416.5,25.35,60.24,4.0,1,1,1,1,1
2026-05-21T09,37.75,373.0,22.875,62.617,4.775,1,1,1,1,1
2026-05-21T10,33.25,310.0,21.15,62.615,4.4,1,1,1,1,1
2026-05-21T11,32.25,284.75,40.125,50.388,5.2,1,1,1,1,1
2026-05-21T12,40.5,326.5,74.55,31.413,6.55,1,1,1,1,1
2026-05-21T13,77.75,385.0,106.9,14.448,20.275,1,1,1,1,1
2026-05-21T14,139.0,463.25,122.475,3.09,15.575,1,1,1,1,1
2026-05-21T15,97.5,409.5,107.6,2.37,6.7,1,1,1,1,1
2026-05-21T16,58.75,337.75,92.3,4.558,1.6,1,1,1,1,1
2026-05-21T17,44.0,286.5,98.675,2.51,2.675,1,1,1,1,1
2026-05-21T18,30.0,229.0,90.9,0.76,8.0,1,1,1,1,1
2026-05-21T19,30.0,219.0,93.375,3.527,8.125,1,1,1,1,1
2026-05-21T20,27.5,172.75,54.225,20.785,7.525,1,1,1,1,1
2026-05-21T21,21.25,125.25,40.1,25.912,6.875,1,1,1,1,1
2026-05-21T22,24.667,134.333,53.5,18.523,6.667,1,1,1,1,1
2026-05-21T23,24.75,148.75,64.475,10.287,9.75,1,1,1,1,1
2026-05-22T00,26.25,166.0,53.225,16.945,10.625,1,1,1,1,1
2026-05-22T01,29.5,209.0,62.775,15.7,14.575,1,1,1,1,1
2026-05-22T02,44.0,286.75,63.85,25.098,19.125,1,1,1,1,1
2026-05-22T03,39.25,300.25,61.925,48.932,16.85,1,1,1,1,1
2026-05-22T05,48.0,299.0,27.6,103.43,18.1,1,1,1,1,1
2026-05-22T06,49.0,300.75,30.05,100.257,18.225,1,1,1,1,1
2026-05-22T07,49.5,294.25,24.525,92.248,14.275,1,1,1,1,1
2026-05-22T08,38.667,243.667,19.667,81.93,8.533,1,1,1,1,1
2026-05-22T09,33.5,227.5,27.325,83.422,8.5,1,1,1,1,1
2026-05-22T10,38.25,294.75,23.425,82.968,10.575,1,1,1,1,1
2026-05-22T11,42.0,364.5,31.1,91.155,12.475,1,1,1,1,1
2026-05-22T12,50.75,350.75,34.625,87.572,13.825,1,1,1,1,1
2026-05-22T13,53.25,332.5,51.075,68.203,13.775,1,1,1,1,1
2026-05-22T14,64.25,348.25,48.95,48.935,17.075,1,1,1,1,1
2026-05-22T15,125.25,303.0,45.2,40.433,18.175,1,1,1,1,1
2026-05-22T16,252.25,276.5,41.05,33.04,12.375,1,1,1,1,1
2026-05-22T17,107.0,251.5,52.1,24.498,11.25,1,1,1,1,1
2026-05-22T19,56.0,200.0,82.1,5.19,13.1,1,1,1,1,1
2026-05-22T20,55.5,197.75,67.95,17.337,11.4,1,1,1,1,1
2026-05-22T21,53.25,189.25,75.575,13.995,10.9,1,1,1,1,1
2026-05-22T22,55.75,197.75,80.875,3.845,20.775,1,1,1,1,1
2026-05-22T23,89.25,262.0,81.825,2.808,44.075,1,1,1,1,1
2026-05-23T00,135.75,317.75,65.275,13.003,33.25,1,1,1,1,1
2026-05-23T01,101.5,283.25,64.575,23.288,26.5,1,1,1,1,1
2026-05-23T02,99.0,350.0,46.725,41.293,26.35,1,1,1,1,1
2026-05-23T03,79.75,443.5,31.2,51.39,10.5,1,1,1,1,1
2026-05-23T04,35.25,239.25,31.45,58.665,13.15,1,1,1,1,1
2026-05-23T05,48.0,162.0,27.95,69.69,9.2,1,1,1,1,1
2026-05-23T06,48.0,241.667,24.133,1.55,,1,1,1,1,0
2026-05-23T07,55.0,253.5,19.55,91.097,15.067,1,1,1,1,1
2026-05-23T08,55.75,248.75,19.55,86.343,11.3,1,1,1,1,1
2026-05-23T09,57.5,372.0,20.7,81.013,8.65,1,1,1,1,1
2026-05-23T10,52.5,572.75,20.9,78.633,8.2,1,1,1,1,1
2026-05-23T11,41.0,363.25,24.1,72.523,7.575,1,1,1,1,1
2026-05-23T12,40.0,317.25,46.075,54.555,8.05,1,1,1,1,1
2026-05-23T13,46.25,367.25,50.1,35.413,6.8,1,1,1,1,1
2026-05-23T14,49.0,382.75,79.9,14.65,6.75,1,1,1,1,1
2026-05-23T15,55.0,330.5,88.675,9.463,6.625,1,1,1,1,1
2026-05-23T16,51.25,301.75,72.05,11.247,5.5,1,1,1,1,1
2026-05-23T17,43.25,276.25,87.275,3.235,6.6,1,1,1,1,1
2026-05-23T19,48.0,276.0,81.1,,9.5,1,1,1,0,1
2026-05-23T20,46.333,265.667,89.9,0.177,9.367,1,1,1,1,1
2026-05-23T21,46.0,254.333,89.7,0.21,11.2,1,1,1,1,1
2026-05-23T22,60.25,275.5,88.3,1.55,17.525,1,1,1,1,1
2026-05-23T23,75.75,280.0,80.725,3.042,18.6,1,1,1,1,1
2026-05-24T00,75.25,279.25,82.45,7.925,19.875,1,1,1,1,1
2026-05-24T01,71.0,298.5,75.175,19.06,16.575,1,1,1,1,1
2026-05-24T02,57.0,326.667,44.2,44.447,16.367,1,1,1,1,1
2026-05-24T03,61.5,389.25,31.125,70.57,17.8,1,1,1,1,1
2026-05-24T04,63.25,301.25,27.325,88.3,13.825,1,1,1,1,1
2026-05-24T05,45.75,271.5,24.95,92.45,8.85,1,1,1,1,1
2026-05-24T06,45.0,252.0,20.2,91.5,7.233,1,1,1,1,1
2026-05-24T07,29.25,190.5,20.0,86.218,4.9,1,1,1,1,1
2026-05-24T08,29.75,194.75,21.525,80.007,3.45,1,1,1,1,1
2026-05-24T09,28.5,193.75,21.1,79.567,3.175,1,1,1,1,1
2026-05-24T10,26.75,192.5,20.125,74.903,4.125,1,1,1,1,1
2026-05-24T11,26.0,193.667,26.867,72.617,3.733,1,1,1,1,1
2026-05-24T12,28.5,203.25,46.075,61.465,4.45,1,1,1,1,1
2026-05-24T13,41.0,247.333,117.067,27.67,5.367,1,1,1,1,1
2026-05-24T14,57.0,328.0,95.167,25.923,9.2,1,1,1,1,1
2026-05-24T15,71.25,359.25,120.1,12.443,11.05,1,1,1,1,1
2026-05-24T16,79.0,362.25,125.2,3.645,10.3,1,1,1,1,1
2026-05-24T17,82.25,399.0,86.45,13.245,10.425,1,1,1,1,1
2026-05-24T18,62.0,350.0,61.7,21.44,9.6,1,1,1,1,1
2026-05-24T19,58.0,359.25,57.775,18.09,6.65,1,1,1,1,1
2026-05-24T20,43.667,386.333,31.333,27.193,3.1,1,1,1,1,1
2026-05-24T21,43.5,377.25,38.4,23.605,3.375,1,1,1,1,1
2026-05-24T22,51.5,338.25,30.525,18.707,4.775,1,1,1,1,1
2026-05-24T23,37.0,302.0,48.75,8.482,9.9,1,1,1,1,1
2026-05-25T00,46.0,342.75,44.325,10.627,11.925,1,1,1,1,1
2026-05-25T01,54.75,374.25,40.35,15.968,12.225,1,1,1,1,1
2026-05-25T02,56.25,414.75,34.9,23.875,14.55,1,1,1,1,1
2026-05-25T03,61.75,478.333,28.825,28.635,9.85,1,1,1,1,1
2026-05-25T04,59.0,516.667,19.767,40.12,8.133,1,1,1,1,1
2026-05-25T05,61.0,528.0,17.9,49.06,10.2,1,1,1,1,1
2026-05-25T06,58.0,483.0,22.1,65.07,9.4,1,1,1,1,1
2026-05-25T07,59.0,478.75,19.5,67.715,9.4,1,1,1,1,1
2026-05-25T08,62.0,466.0,18.5,64.897,7.333,1,1,1,1,1
2026-05-25T09,57.5,457.0,17.775,63.332,6.5,1,1,1,1,1
2026-05-25T10,58.75,439.5,19.3,58.043,5.15,1,1,1,1,1
2026-05-25T11,51.0,428.667,29.6,52.43,8.15,1,1,1,1,1
2026-05-25T12,55.0,422.0,49.633,42.447,9.133,1,1,1,1,1
2026-05-25T13,61.5,488.25,58.925,37.64,8.575,1,1,1,1,1
2026-05-25T14,68.5,460.25,89.425,16.943,8.75,1,1,1,1,1
2026-05-25T15,75.75,471.5,102.7,5.455,9.525,1,1,1,1,1
2026-05-25T16,78.333,503.0,99.133,4.713,12.133,1,1,1,1,1
2026-05-25T17,96.0,535.0,104.475,10.26,20.35,1,1,1,1,1
2026-05-25T18,112.0,494.0,75.1,32.73,32.4,1,1,1,1,1
2026-05-25T19,115.25,490.75,96.975,8.822,24.55,1,1,1,1,1
2026-05-25T20,115.5,451.25,92.25,23.678,24.075,1,1,1,1,1
2026-05-25T21,87.0,362.0,79.4,24.513,21.167,1,1,1,1,1
2026-05-25T22,83.25,278.0,81.875,17.155,18.85,1,1,1,1,1
2026-05-25T23,82.5,266.0,90.85,9.933,18.525,1,1,1,1,1
2026-05-26T00,80.5,266.5,82.475,20.73,21.325,1,1,1,1,1
2026-05-26T01,100.0,289.75,73.375,52.567,46.9,1,1,1,1,1
2026-05-26T02,132.5,360.25,57.775,91.435,45.0,1,1,1,1,1
2026-05-26T03,122.0,376.0,65.3,98.0,40.0,1,1,1,1,1
2026-05-26T04,40.0,232.0,29.3,134.06,,1,1,1,1,0
2026-05-26T05,36.333,234.0,22.967,,11.233,1,1,1,0,1
2026-05-26T06,28.5,229.5,20.15,151.945,8.75,1,1,1,1,1
2026-05-26T07,26.667,197.0,18.2,152.233,8.3,1,1,1,1,1
2026-05-26T08,24.75,181.0,20.5,148.093,8.275,1,1,1,1,1
2026-05-26T09,22.0,198.0,22.033,140.063,6.7,1,1,1,1,1
2026-05-26T10,24.5,225.25,20.8,140.532,8.0,1,1,1,1,1
2026-05-26T11,24.75,168.25,26.475,131.303,7.225,1,1,1,1,1
2026-05-26T12,22.75,177.333,32.7,118.345,7.1,1,1,1,1,1
2026-05-26T13,31.0,215.0,57.4,81.362,7.4,1,1,1,1,1
2026-05-26T14,49.0,283.667,93.533,37.24,7.133,1,1,1,1,1
2026-05-26T15,72.0,357.5,124.5,15.305,7.5,1,1,1,1,1
2026-05-26T16,75.333,372.667,115.667,24.69,10.4,1,1,1,1,1
2026-05-26T17,66.75,324.0,86.6,40.355,12.15,1,1,1,1,1
2026-05-26T18,59.0,259.0,119.0,3.65,13.3,1,1,1,1,1
2026-05-26T19,56.0,244.0,92.3,29.498,13.475,1,1,1,1,1
2026-05-26T20,47.25,199.0,113.175,3.108,12.475,1,1,1,1,1
2026-05-26T21,49.25,211.5,116.075,0.965,15.225,1,1,1,1,1
2026-05-26T22,56.75,252.25,110.325,0.817,25.775,1,1,1,1,1
2026-05-26T23,74.75,266.0,95.75,4.085,28.875,1,1,1,1,1
2026-05-27T00,105.25,292.75,89.3,17.888,38.225,1,1,1,1,1
2026-05-27T01,140.75,355.5,96.55,44.365,46.35,1,1,1,1,1
2026-05-27T02,152.5,409.25,92.65,100.69,48.2,1,1,1,1,1
2026-05-27T03,138.0,386.25,59.025,167.722,45.15,1,1,1,1,1
2026-05-27T04,107.0,318.0,41.375,189.407,30.1,1,1,1,1,1
2026-05-27T05,77.0,273.0,31.033,175.827,19.667,1,1,1,1,1
2026-05-27T06,46.0,216.75,23.55,161.333,14.1,1,1,1,1,1
2026-05-27T11,31.0,316.0,31.5,115.93,6.3,1,1,1,1,1
2026-05-27T12,28.5,213.0,48.575,102.55,8.35,1,1,1,1,1
2026-05-27T13,37.5,245.0,91.625,57.4,9.925,1,1,1,1,1
2026-05-27T14,54.5,300.75,121.65,25.425,10.2,1,1,1,1,1
2026-05-27T15,68.75,324.0,148.1,2.8,12.725,1,1,1,1,1
2026-05-27T16,84.0,369.0,130.5,0.35,13.9,1,1,1,1,1
2026-05-27T17,99.5,438.75,132.025,3.312,19.6,1,1,1,1,1
2026-05-27T18,155.0,414.0,55.9,66.23,23.4,1,1,1,1,1
2026-05-27T19,145.75,392.5,65.95,60.278,20.05,1,1,1,1,1
2026-05-27T20,108.75,305.25,50.1,97.427,18.225,1,1,1,1,1
2026-05-27T21,77.75,228.75,28.15,111.995,17.05,1,1,1,1,1
2026-05-27T22,68.5,204.0,29.175,103.638,18.5,1,1,1,1,1
2026-05-27T23,71.25,215.75,35.175,86.225,20.6,1,1,1,1,1
2026-05-28T00,76.5,258.75,27.725,78.102,13.625,1,1,1,1,1
2026-05-28T01,82.25,273.0,25.95,78.91,11.4,1,1,1,1,1
2026-05-28T02,85.25,249.5,23.725,94.062,10.125,1,1,1,1,1
2026-05-28T03,78.25,262.0,25.5,119.752,11.1,1,1,1,1,1
2026-05-28T04,64.75,276.25,21.2,145.085,11.6,1,1,1,1,1
2026-05-28T05,66.5,291.5,19.95,144.275,10.7,1,1,1,1,1
2026-05-28T06,63.5,259.25,20.125,144.775,10.85,1,1,1,1,1
2026-05-28T07,57.0,247.5,19.875,150.903,9.825,1,1,1,1,1
2026-05-28T08,52.25,243.75,18.525,159.7,9.15,1,1,1,1,1
2026-05-28T09,53.5,230.75,17.875,172.597,10.375,1,1,1,1,1
2026-05-28T10,47.5,220.0,16.8,165.275,10.1,1,1,1,1,1
2026-05-28T11,49.0,228.0,15.5,162.33,10.1,1,1,1,1,1
2026-05-28T12,47.0,211.0,,,,1,1,0,0,0
2026-05-28T13,47.0,220.0,36.0,90.017,6.7,1,1,1,1,1
2026-05-28T14,41.0,124.0,31.2,85.42,4.6,1,1,1,1,1
2026-05-28T16,16.0,61.0,30.0,82.24,4.7,1,1,1,1,1
2026-05-28T17,16.667,59.333,35.933,72.187,3.667,1,1,1,1,1
2026-05-28T18,23.0,47.0,43.0,59.64,6.6,1,1,1,1,1
2026-05-28T19,20.25,47.75,25.075,76.078,6.25,1,1,1,1,1
2026-05-28T20,17.5,104.5,23.15,73.198,11.975,1,1,1,1,1
2026-05-28T21,32.75,253.5,16.875,88.365,9.25,1,1,1,1,1
2026-05-28T22,29.0,210.0,12.8,90.29,8.15,1,1,1,1,1
2026-05-28T23,24.75,109.0,25.067,79.977,15.5,1,1,1,1,1
2026-05-29T00,24.0,131.75,15.675,82.0,8.45,1,1,1,1,1
2026-05-29T01,33.0,156.0,17.05,84.58,7.575,1,1,1,1,1
2026-05-29T02,31.333,136.25,22.675,85.705,8.175,1,1,1,1,1
2026-05-29T03,28.5,126.0,22.4,97.0,8.05,1,1,1,1,1
2026-05-29T04,30.0,129.0,19.25,109.23,9.025,1,1,1,1,1
2026-05-29T05,32.75,129.5,19.925,122.53,9.0,1,1,1,1,1
2026-05-29T07,27.5,120.0,19.3,144.097,10.4,1,1,1,1,1
2026-05-29T08,26.0,96.0,18.2,151.133,9.333,1,1,1,1,1
2026-05-29T09,24.0,108.0,23.4,150.84,8.6,1,1,1,1,1
2026-05-29T10,23.667,106.0,27.5,132.667,8.033,1,1,1,1,1
2026-05-29T11,25.667,108.667,50.8,104.885,8.65,1,1,1,1,1
2026-05-29T12,28.667,128.0,32.233,113.647,8.033,1,1,1,1,1
2026-05-29T13,24.0,140.0,43.167,101.697,6.567,1,1,1,1,1
2026-05-29T14,15.0,86.75,50.033,101.485,4.3,1,1,1,1,1
2026-05-29T15,15.0,62.0,,,,1,1,0,0,0
2026-05-29T16,9.0,56.0,20.2,105.98,4.8,1,1,1,1,1
2026-05-30T04,17.0,95.0,18.233,128.8,8.4,1,1,1,1,1
2026-05-30T05,19.0,94.0,17.8,124.165,8.6,1,1,1,1,1
2026-05-30T06,22.75,90.25,16.075,125.71,5.525,1,1,1,1,1
2026-05-30T07,16.0,88.0,17.1,127.44,3.167,1,1,1,1,1
2026-05-30T08,16.75,64.0,16.075,134.94,3.9,1,1,1,1,1
2026-05-30T09,16.75,72.25,13.425,141.032,4.875,1,1,1,1,1
2026-05-30T10,26.0,235.5,24.05,87.03,4.65,1,1,1,1,1
2026-05-30T11,43.75,556.25,50.65,54.545,3.875,1,1,1,1,1
2026-05-30T12,38.25,127.25,56.225,49.965,4.375,1,1,1,1,1
2026-05-30T13,51.0,176.0,61.1,29.23,4.35,1,1,1,1,1
2026-05-30T14,53.25,163.5,46.275,36.767,5.45,1,1,1,1,1
2026-05-30T15,57.75,150.5,38.725,43.278,5.075,1,1,1,1,1
2026-05-30T16,47.75,132.5,22.9,65.508,6.125,1,1,1,1,1
2026-05-30T17,32.333,88.0,14.467,76.44,4.333,1,1,1,1,1
2026-05-30T18,18.0,46.0,22.7,74.46,3.2,1,1,1,1,1
2026-05-30T19,17.5,44.25,19.65,73.295,3.325,1,1,1,1,1
2026-05-30T20,15.5,39.0,20.95,60.14,3.275,1,1,1,1,1
2026-05-30T21,13.0,39.0,23.3,64.618,3.6,1,1,1,1,1
2026-05-30T22,10.75,39.0,14.725,69.358,3.375,1,1,1,1,1
2026-05-30T23,15.25,41.0,18.375,61.61,4.5,1,1,1,1,1
2026-05-31T00,28.5,54.0,23.025,49.755,5.0,1,1,1,1,1
2026-05-31T01,39.667,67.0,21.6,64.293,4.867,1,1,1,1,1
2026-05-31T02,23.0,50.0,20.45,66.873,5.825,1,1,1,1,1
2026-05-31T03,23.75,50.5,20.3,82.888,6.075,1,1,1,1,1
2026-05-31T04,25.75,61.5,17.725,97.18,5.625,1,1,1,1,1
2026-05-31T05,23.25,64.25,17.0,110.998,5.7,1,1,1,1,1
2026-05-31T06,20.0,73.5,15.8,123.303,5.45,1,1,1,1,1
2026-05-31T07,27.5,88.25,15.325,131.903,5.35,1,1,1,1,1
2026-05-31T08,30.5,83.0,16.875,137.97,5.05,1,1,1,1,1
2026-05-31T09,25.25,98.25,16.275,126.782,5.0,1,1,1,1,1
2026-05-31T10,23.75,135.0,18.775,120.977,4.35,1,1,1,1,1
2026-05-31T11,25.25,106.25,20.2,114.538,4.825,1,1,1,1,1
2026-05-31T12,25.5,101.25,22.9,103.065,4.025,1,1,1,1,1
2026-05-31T13,30.0,98.0,22.45,96.903,4.0,1,1,1,1,1
2026-05-31T14,22.0,81.75,21.125,88.75,4.85,1,1,1,1,1
2026-05-31T15,25.0,69.0,26.6,75.67,2.667,1,1,1,1,1
2026-05-31T16,31.5,87.25,32.75,55.258,3.7,1,1,1,1,1
2026-05-31T17,24.0,91.0,33.7,52.287,3.7,1,1,1,1,1
2026-05-31T18,23.0,72.0,33.4,64.43,5.7,1,1,1,1,1
2026-05-31T19,25.5,71.25,29.1,62.758,7.025,1,1,1,1,1
2026-05-31T20,33.0,72.0,27.7,55.175,6.9,1,1,1,1,1
2026-05-31T21,42.75,85.5,22.05,53.64,5.45,1,1,1,1,1
2026-05-31T22,67.5,91.25,19.35,63.505,3.15,1,1,1,1,1
2026-05-31T23,52.0,73.0,20.825,61.725,3.0,1,1,1,1,1
2026-06-01T00,47.75,89.75,20.575,65.47,4.275,1,1,1,1,1
2026-06-01T01,53.333,98.333,23.433,70.657,4.033,1,1,1,1,1
2026-06-01T02,51.0,101.25,22.9,90.733,4.05,1,1,1,1,1
2026-06-01T03,46.0,98.5,24.05,104.51,4.875,1,1,1,1,1
2026-06-01T04,51.5,114.5,19.95,117.862,5.4,1,1,1,1,1
2026-06-01T05,28.333,82.0,18.8,124.833,4.225,1,1,1,1,1
2026-06-01T06,21.25,75.75,15.6,137.887,4.6,1,1,1,1,1
2026-06-01T07,22.5,78.75,18.65,143.303,4.85,1,1,1,1,1
2026-06-01T08,24.0,73.0,18.1,142.417,1.8,1,1,1,1,1
2026-06-01T09,24.0,76.0,15.475,140.748,1.2,1,1,1,1,1
2026-06-01T10,25.0,80.333,15.067,142.357,1.3,1,1,1,1,1
2026-06-01T11,28.25,87.25,34.275,128.387,1.15,1,1,1,1,1
2026-06-01T12,30.5,99.0,26.1,125.185,2.475,1,1,1,1,1
2026-06-01T13,27.25,98.5,27.975,117.855,6.9,1,1,1,1,1
2026-06-01T14,32.5,108.0,24.875,107.005,7.775,1,1,1,1,1
2026-06-01T15,38.0,113.25,26.6,100.718,7.25,1,1,1,1,1
2026-06-01T16,45.25,120.0,29.0,89.472,7.7,1,1,1,1,1
2026-06-01T17,59.25,146.5,33.675,75.145,8.225,1,1,1,1,1
2026-06-01T18,45.0,99.0,22.5,77.75,8.5,1,1,1,1,1
2026-06-01T19,44.25,100.75,23.8,76.343,8.65,1,1,1,1,1
2026-06-01T20,41.25,102.5,20.825,85.833,8.475,1,1,1,1,1
2026-06-01T21,45.0,94.75,25.175,73.287,8.8,1,1,1,1,1
2026-06-01T22,64.75,101.0,27.425,66.835,8.55,1,1,1,1,1
2026-06-01T23,64.667,98.333,23.0,66.357,8.467,1,1,1,1,1
2026-06-02T00,60.25,113.75,34.9,44.322,9.0,1,1,1,1,1
2026-06-02T01,79.0,140.0,26.133,66.043,10.0,1,1,1,1,1
2026-06-02T02,70.5,114.5,20.45,91.28,10.55,1,1,1,1,1
2026-06-02T03,65.25,101.75,21.8,106.992,12.725,1,1,1,1,1
2026-06-02T04,58.0,122.75,18.55,127.41,13.367,1,1,1,1,1
2026-06-02T05,38.0,116.333,16.067,126.187,8.25,1,1,1,1,1
2026-06-02T06,30.0,105.333,13.8,134.56,5.7,1,1,1,1,1
2026-06-02T07,34.0,113.75,18.35,138.603,5.05,1,1,1,1,1
2026-06-02T08,33.0,98.75,17.35,133.102,4.375,1,1,1,1,1
2026-06-02T09,30.0,92.0,20.533,129.177,5.367,1,1,1,1,1
2026-06-02T10,29.0,106.0,18.5,135.0,6.3,1,1,1,1,1
2026-06-02T11,28.5,97.0,31.15,117.905,4.65,1,1,1,1,1
2026-06-02T12,28.0,96.25,31.9,111.03,3.925,1,1,1,1,1
2026-06-02T13,26.75,91.75,32.925,103.33,3.325,1,1,1,1,1
2026-06-02T14,27.75,112.25,36.0,92.678,4.1,1,1,1,1,1
2026-06-02T15,48.5,154.25,33.525,86.725,5.125,1,1,1,1,1
2026-06-02T16,63.25,190.0,48.2,64.84,5.7,1,1,1,1,1
2026-06-02T17,46.0,159.25,97.225,44.983,5.075,1,1,1,1,1
2026-06-02T18,31.0,94.0,92.4,43.04,5.9,1,1,1,1,1
2026-06-02T19,31.5,99.75,53.15,52.98,6.925,1,1,1,1,1
2026-06-02T20,38.0,123.5,42.75,45.918,7.05,1,1,1,1,1
2026-06-02T21,53.667,140.667,40.4,32.23,7.6,1,1,1,1,1
2026-06-02T22,54.5,135.5,44.975,38.145,7.0,1,1,1,1,1
2026-06-02T23,76.0,188.25,76.575,3.337,8.1,1,1,1,1,1
2026-06-03T00,148.25,323.0,61.975,15.293,8.65,1,1,1,1,1
2026-06-03T01,136.25,222.5,37.675,71.138,11.925,1,1,1,1,1
2026-06-03T02,65.75,164.25,26.675,109.457,12.075,1,1,1,1,1
2026-06-03T03,49.75,139.75,24.175,139.645,12.375,1,1,1,1,1
2026-06-03T04,49.0,148.0,30.125,164.29,19.45,1,1,1,1,1
2026-06-03T05,46.25,151.25,20.75,164.817,17.775,1,1,1,1,1
2026-06-03T06,36.25,135.0,15.325,153.573,12.725,1,1,1,1,1
2026-06-03T07,32.25,144.25,18.15,167.923,10.35,1,1,1,1,1
2026-06-03T08,38.0,166.0,23.833,175.15,11.267,1,1,1,1,1
2026-06-03T09,42.0,175.333,27.9,185.937,11.833,1,1,1,1,1
2026-06-03T11,52.667,198.667,46.167,167.857,12.067,1,1,1,1,1
2026-06-03T12,49.0,187.0,31.55,139.295,11.0,1,1,1,1,1
2026-06-03T13,49.0,211.0,42.975,115.495,10.35,1,1,1,1,1
2026-06-03T14,55.0,265.0,51.367,86.933,10.233,1,1,1,1,1
2026-06-03T15,69.0,269.5,47.05,71.02,11.3,1,1,1,1,1
2026-06-03T16,63.0,233.75,28.625,87.215,7.775,1,1,1,1,1
2026-06-03T17,52.5,165.75,28.275,84.993,6.7,1,1,1,1,1
2026-06-03T18,49.0,185.0,35.1,71.05,7.6,1,1,1,1,1
2026-06-03T19,48.25,177.75,33.25,70.09,8.975,1,1,1,1,1
2026-06-03T20,60.75,172.25,35.9,53.277,11.725,1,1,1,1,1
2026-06-03T21,106.25,223.0,33.175,54.918,14.225,1,1,1,1,1
2026-06-03T22,111.0,235.75,38.7,54.638,13.55,1,1,1,1,1
2026-06-03T23,117.25,252.0,49.025,37.142,12.85,1,1,1,1,1
2026-06-04T00,126.667,240.0,54.167,24.893,13.6,1,1,1,1,1
2026-06-04T01,121.75,250.0,44.125,49.355,16.05,1,1,1,1,1
2026-06-04T02,110.0,281.25,37.275,87.373,17.9,1,1,1,1,1
2026-06-04T03,102.5,271.25,31.05,143.717,19.65,1,1,1,1,1
2026-06-04T04,77.25,251.5,33.6,160.79,17.725,1,1,1,1,1
2026-06-04T05,90.75,299.25,31.425,156.87,18.05,1,1,1,1,1
2026-06-04T06,73.0,242.0,25.075,155.482,21.225,1,1,1,1,1
2026-06-04T07,63.0,214.25,20.325,154.94,17.95,1,1,1,1,1
2026-06-04T08,52.667,251.0,19.9,132.937,13.7,1,1,1,1,1
2026-06-04T09,58.25,365.0,75.675,39.532,11.75,1,1,1,1,1
2026-06-04T10,54.333,,74.267,35.373,10.433,1,0,1,1,1
2026-06-04T11,39.667,127.333,118.333,4.92,11.9,1,1,1,1,1
2026-06-04T12,98.5,315.5,112.425,6.015,10.8,1,1,1,1,1
2026-06-04T13,194.5,622.5,65.475,32.418,9.975,1,1,1,1,1
2026-06-04T14,68.25,218.75,28.025,54.873,9.2,1,1,1,1,1
2026-06-04T15,44.0,141.0,43.575,36.288,7.725,1,1,1,1,1
2026-06-04T16,18.5,59.25,56.275,16.19,8.35,1,1,1,1,1
2026-06-04T17,32.0,102.0,35.0,41.877,9.025,1,1,1,1,1
2026-06-04T20,38.5,123.0,33.5,43.055,5.675,1,1,1,1,1
2026-06-04T21,46.5,148.75,25.95,38.95,5.625,1,1,1,1,1
2026-06-04T22,48.25,154.75,25.525,45.92,7.0,1,1,1,1,1
2026-06-04T23,44.0,141.0,20.125,52.817,6.525,1,1,1,1,1
2026-06-05T00,27.0,86.5,24.0,51.075,5.85,1,1,1,1,1
2026-06-05T01,26.25,83.75,24.825,52.943,6.4,1,1,1,1,1
2026-06-05T02,49.0,156.667,27.033,59.99,7.933,1,1,1,1,1
2026-06-05T03,52.5,168.25,31.2,53.17,9.75,1,1,1,1,1
2026-06-05T04,28.0,89.5,23.325,76.958,7.925,1,1,1,1,1
2026-06-05T05,51.5,165.0,23.575,95.972,10.025,1,1,1,1,1
2026-06-05T06,59.0,189.0,20.675,110.385,10.55,1,1,1,1,1
2026-06-05T07,57.0,182.667,19.9,120.473,11.8,1,1,1,1,1
2026-06-05T08,54.75,175.5,15.725,134.03,16.2,1,1,1,1,1
2026-06-05T09,57.0,182.5,13.325,134.887,16.575,1,1,1,1,1
2026-06-05T10,48.25,154.75,17.275,132.232,13.7,1,1,1,1,1
2026-06-05T11,52.25,167.25,26.05,130.88,12.725,1,1,1,1,1
2026-06-05T12,62.333,199.333,38.267,118.093,11.467,1,1,1,1,1
2026-06-05T13,66.75,214.0,63.725,87.377,10.5,1,1,1,1,1
2026-06-05T14,85.25,273.0,82.675,35.3,9.725,1,1,1,1,1
2026-06-05T15,115.25,368.5,97.1,13.912,10.05,1,1,1,1,1
2026-06-05T16,141.75,453.5,88.5,7.183,9.4,1,1,1,1,1
2026-06-05T17,142.75,456.5,82.05,4.08,8.875,1,1,1,1,1
2026-06-05T19,102.0,326.0,51.1,15.13,6.0,1,1,1,1,1
2026-06-05T20,106.5,340.5,50.075,12.787,6.85,1,1,1,1,1
2026-06-05T21,126.5,404.75,59.05,7.86,6.975,1,1,1,1,1
2026-06-05T22,154.0,492.75,69.85,0.69,6.9,1,1,1,1,1
2026-06-05T23,173.0,554.0,63.875,1.473,6.4,1,1,1,1,1
2026-06-06T00,160.25,513.0,58.825,2.503,6.15,1,1,1,1,1
2026-06-06T01,170.75,546.0,61.525,17.38,8.25,1,1,1,1,1
2026-06-06T02,157.5,503.75,36.1,47.825,9.85,1,1,1,1,1
2026-06-06T03,77.25,247.25,28.3,71.832,10.125,1,1,1,1,1
2026-06-06T04,52.0,166.0,21.45,105.942,9.875,1,1,1,1,1
2026-06-06T05,35.5,113.25,20.325,112.0,8.375,1,1,1,1,1
2026-06-06T06,30.0,95.75,16.75,130.75,8.575,1,1,1,1,1
2026-06-06T07,31.0,99.0,16.6,147.403,7.8,1,1,1,1,1
2026-06-06T08,39.25,125.75,15.85,158.507,7.5,1,1,1,1,1
2026-06-06T09,39.5,126.5,13.7,171.702,7.325,1,1,1,1,1
2026-06-06T10,40.0,128.25,14.325,175.87,6.825,1,1,1,1,1
2026-06-06T11,44.25,141.5,14.275,161.308,7.1,1,1,1,1,1
2026-06-06T12,39.0,125.0,30.675,90.88,5.775,1,1,1,1,1
2026-06-06T13,37.25,119.25,41.0,57.21,3.575,1,1,1,1,1
2026-06-06T14,32.25,103.0,38.55,46.028,3.95,1,1,1,1,1
2026-06-06T15,35.5,114.0,43.75,38.142,4.0,1,1,1,1,1
2026-06-06T16,39.75,127.5,38.5,39.105,4.0,1,1,1,1,1
2026-06-06T17,29.5,94.5,37.25,34.015,2.925,1,1,1,1,1
2026-06-06T19,28.0,90.0,38.4,5.59,5.0,1,1,1,1,1
2026-06-06T20,28.75,92.25,48.5,4.85,4.775,1,1,1,1,1
2026-06-06T21,28.5,91.0,42.9,18.367,4.05,1,1,1,1,1
2026-06-06T22,21.5,68.75,41.325,12.157,4.9,1,1,1,1,1
2026-06-06T23,23.75,76.25,44.55,11.878,5.125,1,1,1,1,1
2026-06-07T00,26.75,85.5,25.65,27.072,5.125,1,1,1,1,1
2026-06-07T01,27.0,86.667,26.6,33.947,5.2,1,1,1,1,1
2026-06-07T02,24.0,77.0,20.625,63.68,6.4,1,1,1,1,1
2026-06-07T03,29.75,95.0,19.525,92.935,9.175,1,1,1,1,1
2026-06-07T04,42.25,135.5,20.25,126.895,14.0,1,1,1,1,1
2026-06-07T05,52.5,168.0,19.8,153.368,15.975,1,1,1,1,1
2026-06-07T06,42.25,135.25,15.125,156.955,13.75,1,1,1,1,1
2026-06-07T07,34.5,110.5,16.425,154.33,13.125,1,1,1,1,1
2026-06-07T08,35.333,113.0,16.7,159.11,13.167,1,1,1,1,1
2026-06-07T09,33.25,106.5,10.525,133.562,10.625,1,1,1,1,1
2026-06-07T10,41.0,131.0,11.0,115.78,8.3,1,1,1,1,1
2026-06-07T11,38.5,123.0,19.275,91.1,7.25,1,1,1,1,1
2026-06-07T12,32.75,104.75,43.35,57.258,6.7,1,1,1,1,1
2026-06-07T13,39.5,126.75,52.7,41.742,5.925,1,1,1,1,1
2026-06-07T14,39.333,126.0,22.725,64.683,5.55,1,1,1,1,1
2026-06-07T15,33.75,108.0,25.925,56.71,4.85,1,1,1,1,1
2026-06-07T16,41.5,132.75,29.725,42.468,5.1,1,1,1,1,1
2026-06-07T17,29.25,93.5,26.15,46.16,4.95,1,1,1,1,1
2026-06-07T19,20.0,64.0,24.2,26.54,5.3,1,1,1,1,1
2026-06-07T20,21.75,69.5,30.6,23.985,6.675,1,1,1,1,1
2026-06-07T21,26.25,83.75,29.675,30.238,6.85,1,1,1,1,1
2026-06-07T22,24.0,77.0,34.55,24.445,6.4,1,1,1,1,1
2026-06-07T23,22.333,71.667,24.067,37.75,6.1,1,1,1,1,1
2026-06-08T00,21.0,67.25,29.025,29.81,7.65,1,1,1,1,1
2026-06-08T01,26.25,83.75,25.15,33.815,8.275,1,1,1,1,1
2026-06-08T02,25.5,81.75,25.225,37.733,9.325,1,1,1,1,1
2026-06-08T03,32.75,104.75,21.7,62.2,10.65,1,1,1,1,1
2026-06-08T04,39.0,124.75,16.9,91.905,11.05,1,1,1,1,1
2026-06-08T05,33.0,106.0,18.85,120.567,12.3,1,1,1,1,1
2026-06-08T06,33.5,107.5,,124.182,,1,1,0,1,0
2026-06-08T07,35.0,112.0,11.5,121.85,12.8,1,1,1,1,1
2026-06-08T08,31.5,101.0,9.7,,11.3,1,1,1,0,1
2026-06-08T09,29.25,94.0,9.475,92.395,10.65,1,1,1,1,1
2026-06-08T10,33.25,106.75,12.775,95.6,9.4,1,1,1,1,1
2026-06-08T11,32.75,105.0,16.15,100.41,8.55,1,1,1,1,1
2026-06-08T12,31.25,100.25,24.575,91.17,9.65,1,1,1,1,1
2026-06-08T13,42.75,137.0,61.325,32.28,10.8,1,1,1,1,1
2026-06-08T14,60.25,192.5,73.775,5.335,11.7,1,1,1,1,1
2026-06-08T15,70.5,225.5,66.2,4.715,12.05,1,1,1,1,1
2026-06-08T16,69.0,220.5,60.4,4.935,12.175,1,1,1,1,1
2026-06-08T17,57.75,184.75,53.9,4.633,9.05,1,1,1,1,1
2026-06-08T19,39.0,125.0,46.0,3.96,8.5,1,1,1,1,1
2026-06-08T20,40.0,128.25,44.65,4.152,8.65,1,1,1,1,1
2026-06-08T21,42.0,134.75,44.275,4.445,7.975,1,1,1,1,1
2026-06-08T22,37.75,121.0,38.85,4.425,8.025,1,1,1,1,1
2026-06-08T23,33.5,107.25,38.675,5.598,8.25,1,1,1,1,1
2026-06-09T00,33.25,106.0,26.5,12.74,8.275,1,1,1,1,1
2026-06-09T01,36.5,116.5,16.725,16.525,8.85,1,1,1,1,1
2026-06-09T02,34.25,109.5,16.35,21.4,9.875,1,1,1,1,1
2026-06-09T03,32.25,103.0,17.65,39.102,10.85,1,1,1,1,1
2026-06-09T04,36.0,115.0,12.1,88.91,12.2,1,1,1,1,1
2026-06-09T05,32.75,104.75,11.925,109.688,11.7,1,1,1,1,1
2026-06-09T06,25.0,80.25,10.875,144.835,12.825,1,1,1,1,1
2026-06-09T07,32.0,102.25,9.95,143.288,12.75,1,1,1,1,1
2026-06-09T08,36.25,116.0,7.525,142.597,11.575,1,1,1,1,1
2026-06-09T09,38.5,123.25,6.475,140.82,11.1,1,1,1,1,1
2026-06-09T10,34.25,109.75,8.95,140.718,12.475,1,1,1,1,1
2026-06-09T11,38.0,121.5,17.1,87.832,11.475,1,1,1,1,1
2026-06-09T12,47.75,152.5,17.85,58.975,7.05,1,1,1,1,1
2026-06-09T13,49.5,158.5,18.625,80.66,6.025,1,1,1,1,1
2026-06-09T14,41.0,131.5,19.325,78.968,6.025,1,1,1,1,1
2026-06-09T15,19.75,63.25,22.3,59.68,5.025,1,1,1,1,1
2026-06-09T16,19.5,62.5,25.9,50.787,5.8,1,1,1,1,1
2026-06-09T17,22.75,72.75,14.2,77.4,5.975,1,1,1,1,1
2026-06-09T18,13.0,42.0,11.6,86.73,7.9,1,1,1,1,1
2026-06-09T19,13.5,43.5,11.975,68.585,7.675,1,1,1,1,1
2026-06-09T20,15.75,50.5,23.775,32.602,8.15,1,1,1,1,1
2026-06-09T21,18.0,58.0,23.775,26.547,7.8,1,1,1,1,1
2026-06-09T22,19.25,62.0,36.875,6.178,8.2,1,1,1,1,1
2026-06-09T23,24.25,78.0,38.7,4.235,9.175,1,1,1,1,1
2026-06-10T00,29.25,94.0,32.025,13.18,10.5,1,1,1,1,1
2026-06-10T01,38.0,122.0,26.45,29.025,11.925,1,1,1,1,1
2026-06-10T02,51.75,166.0,16.925,39.042,12.825,1,1,1,1,1
2026-06-10T03,46.25,148.25,14.3,36.23,10.9,1,1,1,1,1
2026-06-10T07,28.0,90.0,6.0,79.13,11.2,1,1,1,1,1
2026-06-10T08,29.25,94.0,8.425,88.745,11.275,1,1,1,1,1
2026-06-10T09,32.0,102.75,8.725,91.517,10.65,1,1,1,1,1
2026-06-10T10,29.0,93.0,10.033,85.563,11.3,1,1,1,1,1
2026-06-10T11,39.0,125.0,10.3,92.92,9.9,1,1,1,1,1
2026-06-10T12,39.0,125.0,10.633,98.73,9.8,1,1,1,1,1
2026-06-10T13,45.5,146.0,28.45,70.132,10.575,1,1,1,1,1
2026-06-10T14,71.5,229.0,24.625,68.095,11.625,1,1,1,1,1
2026-06-10T15,81.0,259.0,29.875,26.508,11.7,1,1,1,1,1
2026-06-10T16,68.0,218.0,24.175,17.185,12.425,1,1,1,1,1
2026-06-10T17,44.25,142.0,23.525,15.568,11.55,1,1,1,1,1
2026-06-10T18,31.0,99.0,24.6,15.64,9.4,1,1,1,1,1
2026-06-10T19,31.0,99.0,17.2,25.37,9.133,1,1,1,1,1
2026-06-10T20,22.75,73.0,12.4,27.95,8.375,1,1,1,1,1
2026-06-10T21,22.0,70.5,14.625,26.83,8.475,1,1,1,1,1
2026-06-10T22,27.75,88.75,10.075,26.747,8.125,1,1,1,1,1
2026-06-10T23,19.25,62.0,11.25,43.62,8.175,1,1,1,1,1
2026-06-11T00,27.333,87.667,13.5,37.3,10.0,1,1,1,1,1
2026-06-11T01,35.25,112.75,11.175,42.518,10.075,1,1,1,1,1
2026-06-11T03,38.0,122.0,11.3,66.03,10.3,1,1,1,1,1
2026-06-11T04,36.667,117.667,13.6,71.27,12.5,1,1,1,1,1
2026-06-11T05,34.0,109.0,12.333,78.76,14.167,1,1,1,1,1
2026-06-11T06,33.0,105.667,11.2,92.193,12.933,1,1,1,1,1
2026-06-11T07,26.25,84.25,32.075,60.398,10.925,1,1,1,1,1
2026-06-11T08,19.0,61.0,10.25,93.56,9.375,1,1,1,1,1
2026-06-11T09,22.25,71.0,9.425,106.412,9.5,1,1,1,1,1
2026-06-11T10,23.25,74.75,9.175,101.49,9.525,1,1,1,1,1
2026-06-11T11,24.5,78.5,10.425,91.718,10.425,1,1,1,1,1
2026-06-11T12,25.0,79.75,11.325,82.57,9.0,1,1,1,1,1
2026-06-11T13,23.75,75.75,8.875,84.782,8.575,1,1,1,1,1
2026-06-11T14,32.75,105.0,9.975,85.6,8.225,1,1,1,1,1
2026-06-11T15,40.5,129.75,10.4,82.703,7.775,1,1,1,1,1
2026-06-11T16,37.667,120.667,11.0,72.757,7.7,1,1,1,1,1
2026-06-11T17,47.5,152.25,9.05,65.207,8.75,1,1,1,1,1
2026-06-11T18,13.0,42.0,15.3,46.26,7.8,1,1,1,1,1
2026-06-11T19,11.75,38.0,14.4,45.1,7.775,1,1,1,1,1
2026-06-11T20,12.5,40.25,8.975,48.725,7.75,1,1,1,1,1
2026-06-11T21,22.75,72.75,10.575,52.833,7.575,1,1,1,1,1
2026-06-11T22,15.25,49.0,10.85,53.322,7.55,1,1,1,1,1
2026-06-11T23,21.0,67.0,10.475,55.265,6.975,1,1,1,1,1
2026-06-12T00,16.75,54.0,10.475,49.992,7.575,1,1,1,1,1
2026-06-12T01,15.0,48.25,12.25,47.957,8.575,1,1,1,1,1
2026-06-12T02,17.0,54.25,11.775,51.275,8.05,1,1,1,1,1
2026-06-12T03,9.25,29.5,11.775,58.127,8.275,1,1,1,1,1
2026-06-12T04,18.0,57.333,11.433,64.62,8.233,1,1,1,1,1
2026-06-12T05,11.75,37.5,9.925,74.09,7.375,1,1,1,1,1
2026-06-12T06,18.5,59.0,9.2,79.878,8.275,1,1,1,1,1
2026-06-12T07,25.0,80.25,10.775,82.928,8.425,1,1,1,1,1
2026-06-12T08,28.75,91.75,12.925,88.067,8.9,1,1,1,1,1
2026-06-12T09,23.0,73.25,14.55,85.782,8.35,1,1,1,1,1
2026-06-12T10,28.0,89.5,12.6,81.507,7.9,1,1,1,1,1
2026-06-12T11,33.5,107.25,12.275,79.915,7.45,1,1,1,1,1
2026-06-12T12,32.0,102.0,15.475,71.55,7.575,1,1,1,1,1
2026-06-12T13,32.5,103.75,17.425,64.507,7.875,1,1,1,1,1
2026-06-12T14,34.5,110.5,16.0,61.27,7.65,1,1,1,1,1
2026-06-12T15,36.5,116.75,15.95,56.85,7.25,1,1,1,1,1
2026-06-12T16,37.333,119.667,17.733,54.947,6.833,1,1,1,1,1
2026-06-12T17,41.5,132.75,15.825,41.885,7.1,1,1,1,1,1
2026-06-12T18,27.0,86.0,13.3,48.63,5.4,1,1,1,1,1
2026-06-12T19,23.0,73.25,13.825,45.133,6.075,1,1,1,1,1
2026-06-12T20,11.5,36.75,19.325,35.445,5.825,1,1,1,1,1
2026-06-12T21,18.333,59.0,18.867,30.457,5.7,1,1,1,1,1
2026-06-12T22,26.0,83.25,17.875,32.51,5.5,1,1,1,1,1
2026-06-12T23,18.75,59.75,17.3,41.55,5.725,1,1,1,1,1
2026-06-13T00,24.75,79.25,18.5,37.453,6.3,1,1,1,1,1
2026-06-13T01,27.0,86.0,25.3,26.088,6.2,1,1,1,1,1
2026-06-13T02,26.75,85.25,21.4,46.65,7.3,1,1,1,1,1
2026-06-13T03,27.25,99.0,22.925,68.188,8.975,1,1,1,1,1
2026-06-13T04,30.5,141.0,22.0,74.123,9.975,1,1,1,1,1
2026-06-13T05,28.667,116.0,17.367,79.857,11.067,1,1,1,1,1
2026-06-13T06,31.25,107.0,20.1,100.498,12.025,1,1,1,1,1
2026-06-13T07,42.5,129.25,20.7,142.935,18.075,1,1,1,1,1
2026-06-13T08,44.75,149.75,23.025,159.915,19.45,1,1,1,1,1
2026-06-13T09,39.25,146.25,19.5,181.958,16.7,1,1,1,1,1
2026-06-13T10,48.0,163.667,24.0,196.458,16.675,1,1,1,1,1
2026-06-13T11,58.667,189.333,18.433,148.503,14.033,1,1,1,1,1
2026-06-13T12,50.0,176.0,22.1,125.958,12.35,1,1,1,1,1
2026-06-13T13,53.0,181.5,26.1,87.23,13.275,1,1,1,1,1
2026-06-13T14,68.25,193.0,33.25,59.398,13.75,1,1,1,1,1
2026-06-13T15,86.5,234.75,36.55,37.248,12.1,1,1,1,1,1
2026-06-13T16,84.25,248.5,57.55,6.922,10.95,1,1,1,1,1
2026-06-13T17,84.75,268.75,56.175,5.652,9.525,1,1,1,1,1
2026-06-13T18,88.0,276.0,69.6,8.49,9.8,1,1,1,1,1
2026-06-13T19,93.25,273.75,60.375,6.978,10.45,1,1,1,1,1
2026-06-13T20,109.0,267.0,49.067,4.77,9.5,1,1,1,1,1
2026-06-13T21,68.75,219.0,48.175,4.503,8.95,1,1,1,1,1
2026-06-13T22,55.5,180.5,45.325,5.405,7.85,1,1,1,1,1
2026-06-13T23,54.75,168.75,43.625,4.507,8.75,1,1,1,1,1
2026-06-14T00,57.0,183.0,44.933,5.56,9.4,1,1,1,1,1
2026-06-14T01,67.5,184.5,39.375,13.578,10.25,1,1,1,1,1
2026-06-14T02,65.0,164.5,31.1,43.64,12.65,1,1,1,1,1
2026-06-14T03,56.5,152.25,28.6,84.227,14.25,1,1,1,1,1
2026-06-14T04,62.0,168.5,22.125,126.06,14.2,1,1,1,1,1
2026-06-14T05,43.0,152.0,17.45,128.42,13.925,1,1,1,1,1
2026-06-14T06,32.667,159.0,13.833,119.13,13.3,1,1,1,1,1
2026-06-14T07,35.5,181.0,14.7,120.853,13.525,1,1,1,1,1
2026-06-14T08,33.75,203.5,14.05,114.34,11.625,1,1,1,1,1
2026-06-14T09,32.75,206.0,15.05,111.52,10.0,1,1,1,1,1
2026-06-14T10,31.75,224.25,14.45,118.892,10.425,1,1,1,1,1
2026-06-14T11,33.75,218.75,14.7,121.357,9.85,1,1,1,1,1
2026-06-14T12,43.25,225.0,15.45,110.23,11.05,1,1,1,1,1
2026-06-14T13,48.75,226.25,24.775,86.485,13.2,1,1,1,1,1
2026-06-14T14,57.75,254.5,29.475,59.657,13.775,1,1,1,1,1
2026-06-14T15,70.75,282.75,36.875,42.695,12.775,1,1,1,1,1
2026-06-14T16,78.75,301.5,23.225,57.12,11.5,1,1,1,1,1
2026-06-14T17,78.75,271.5,23.925,36.447,11.175,1,1,1,1,1
2026-06-14T19,21.0,116.0,20.0,28.2,4.9,1,1,1,1,1
2026-06-14T20,29.333,124.333,23.1,32.657,5.667,1,1,1,1,1
2026-06-14T21,40.75,129.5,20.4,34.898,5.575,1,1,1,1,1
2026-06-14T22,23.25,95.5,25.025,19.928,5.45,1,1,1,1,1
2026-06-14T23,16.5,98.0,31.45,19.648,5.375,1,1,1,1,1
2026-06-15T00,15.5,107.5,22.5,32.29,5.6,1,1,1,1,1
2026-06-15T01,26.5,168.5,17.525,45.195,7.075,1,1,1,1,1
2026-06-15T02,33.0,288.0,19.9,50.82,7.9,1,1,1,1,1
2026-06-15T03,32.75,275.5,17.725,55.212,7.3,1,1,1,1,1
2026-06-15T04,32.5,221.75,19.4,52.72,6.9,1,1,1,1,1
2026-06-15T05,33.0,168.75,19.4,79.115,8.5,1,1,1,1,1
2026-06-15T06,30.0,156.0,15.325,91.52,8.8,1,1,1,1,1
2026-06-15T07,31.667,264.0,13.333,84.477,8.1,1,1,1,1,1
2026-06-15T08,35.75,376.0,12.0,81.278,7.325,1,1,1,1,1
2026-06-15T09,32.75,520.0,19.375,69.245,5.65,1,1,1,1,1
2026-06-15T10,16.5,200.25,16.525,78.182,4.9,1,1,1,1,1
2026-06-15T11,13.75,101.5,18.125,76.07,4.9,1,1,1,1,1
2026-06-15T16,49.333,162.0,40.767,16.19,29.5,1,1,1,1,1
2026-06-15T17,52.25,205.0,49.65,6.203,19.025,1,1,1,1,1
2026-06-15T19,49.0,218.0,50.3,3.72,10.0,1,1,1,1,1
2026-06-15T20,49.75,215.5,46.975,3.675,9.05,1,1,1,1,1
2026-06-15T21,51.0,215.25,37.025,4.282,9.775,1,1,1,1,1
2026-06-15T22,47.0,218.0,40.467,3.863,9.133,1,1,1,1,1
2026-06-15T23,48.667,179.75,41.075,4.965,9.75,1,1,1,1,1
2026-06-16T00,57.75,194.25,42.5,5.64,11.25,1,1,1,1,1
2026-06-16T01,71.5,247.75,49.15,14.837,14.05,1,1,1,1,1
2026-06-16T02,104.0,269.0,31.05,46.433,21.425,1,1,1,1,1
2026-06-16T03,125.0,263.0,24.3,47.25,20.533,1,1,1,1,1
2026-06-16T04,51.25,184.0,16.925,44.195,10.875,1,1,1,1,1
2026-06-16T05,14.75,64.25,18.325,52.708,9.45,1,1,1,1,1
2026-06-16T06,20.5,92.0,20.9,68.407,8.675,1,1,1,1,1
2026-06-16T07,23.333,94.0,21.875,97.27,9.8,1,1,1,1,1
2026-06-16T08,27.0,101.0,20.8,124.2,12.1,1,1,1,1,1
2026-06-16T09,29.0,103.0,22.2,158.4,15.1,1,1,1,1,1
2026-06-16T12,25.5,105.0,25.2,82.645,9.6,1,1,1,1,1
2026-06-16T13,29.75,118.0,24.775,63.528,9.5,1,1,1,1,1
2026-06-16T14,38.0,133.0,28.967,39.42,9.9,1,1,1,1,1
2026-06-16T15,40.0,139.5,27.05,29.348,9.25,1,1,1,1,1
2026-06-16T16,29.5,125.0,23.1,29.663,8.425,1,1,1,1,1
2026-06-16T17,23.75,111.5,24.6,26.147,7.85,1,1,1,1,1
2026-06-16T18,18.0,85.0,24.5,20.21,7.1,1,1,1,1,1
2026-06-16T19,17.25,84.0,26.75,18.42,6.225,1,1,1,1,1
2026-06-16T20,15.75,79.25,27.4,18.598,5.95,1,1,1,1,1
2026-06-16T21,17.0,80.75,34.2,7.183,6.05,1,1,1,1,1
2026-06-16T22,16.0,101.25,37.95,2.205,5.85,1,1,1,1,1
2026-06-16T23,21.0,99.0,40.35,3.317,6.025,1,1,1,1,1
2026-06-17T00,18.25,92.25,31.675,13.068,6.425,1,1,1,1,1
2026-06-17T01,22.25,104.75,25.5,25.23,7.15,1,1,1,1,1
2026-06-17T02,32.667,124.667,25.467,37.09,10.167,1,1,1,1,1
2026-06-17T03,31.25,125.0,24.05,58.295,13.0,1,1,1,1,1
2026-06-17T04,23.0,110.0,19.7,104.5,14.55,1,1,1,1,1
2026-06-17T05,40.0,124.0,17.0,165.5,15.4,1,1,1,1,1
2026-06-17T06,40.5,125.25,17.125,188.675,15.275,1,1,1,1,1
2026-06-17T07,41.0,132.0,16.425,205.433,13.975,1,1,1,1,1
2026-06-17T08,39.0,141.75,16.95,210.313,12.95,1,1,1,1,1
2026-06-17T09,41.25,147.0,14.6,195.587,11.45,1,1,1,1,1
2026-06-17T10,39.0,159.0,16.1,174.675,11.425,1,1,1,1,1
2026-06-17T11,41.333,170.333,19.3,140.35,11.0,1,1,1,1,1
2026-06-17T12,44.333,179.0,23.425,101.29,10.325,1,1,1,1,1
2026-06-17T13,42.75,197.5,30.225,71.243,9.1,1,1,1,1,1
2026-06-17T14,47.75,224.25,40.2,38.735,8.475,1,1,1,1,1
2026-06-17T15,47.0,246.0,43.733,26.977,8.5,1,1,1,1,1
2026-06-17T16,48.5,232.25,42.525,19.9,9.35,1,1,1,1,1
2026-06-17T17,50.667,222.25,48.125,7.79,10.175,1,1,1,1,1
2026-06-17T18,53.0,244.0,46.3,4.17,11.5,1,1,1,1,1
2026-06-17T19,57.25,251.5,47.525,2.695,11.125,1,1,1,1,1
2026-06-17T20,74.0,271.0,47.35,6.285,10.9,1,1,1,1,1
2026-06-17T21,105.0,266.0,42.35,13.785,14.475,1,1,1,1,1
2026-06-17T22,159.5,275.0,35.1,17.115,16.875,1,1,1,1,1
2026-06-17T23,146.5,262.0,34.125,16.225,17.075,1,1,1,1,1
2026-06-18T00,127.0,247.75,33.775,16.977,17.125,1,1,1,1,1
2026-06-18T01,120.25,255.25,31.225,35.637,19.175,1,1,1,1,1
2026-06-18T02,112.5,298.75,27.475,69.237,17.325,1,1,1,1,1
2026-06-18T03,71.5,297.0,22.125,111.287,16.05,1,1,1,1,1
2026-06-18T04,72.25,271.0,16.85,121.675,20.925,1,1,1,1,1
2026-06-18T05,49.75,223.75,13.1,118.697,17.475,1,1,1,1,1
2026-06-18T06,40.667,213.333,12.467,126.173,15.2,1,1,1,1,1
2026-06-18T07,34.5,220.0,14.8,121.447,14.6,1,1,1,1,1
2026-06-18T08,38.0,211.667,14.867,118.983,13.733,1,1,1,1,1
2026-06-18T09,40.333,209.0,12.4,122.03,12.9,1,1,1,1,1
2026-06-18T10,35.5,200.0,12.967,115.293,11.4,1,1,1,1,1
2026-06-18T11,,190.0,11.8,94.51,9.8,0,1,1,1,1
2026-06-18T13,30.0,211.0,17.7,54.98,7.0,1,1,1,1,1
2026-06-18T14,22.75,182.25,16.3,58.375,7.475,1,1,1,1,1
2026-06-18T15,25.333,138.333,19.575,44.922,7.275,1,1,1,1,1
2026-06-18T16,25.0,147.0,27.975,32.24,8.45,1,1,1,1,1
2026-06-18T17,21.0,118.0,29.075,26.975,8.525,1,1,1,1,1
2026-06-18T19,27.0,134.0,35.1,17.48,9.6,1,1,1,1,1
2026-06-18T20,26.75,125.75,32.675,17.415,9.2,1,1,1,1,1
2026-06-18T21,28.0,97.0,21.55,36.745,10.0,1,1,1,1,1
2026-06-18T22,34.5,90.75,20.35,33.183,10.225,1,1,1,1,1
2026-06-18T23,36.25,121.0,18.525,28.062,10.075,1,1,1,1,1
2026-06-19T00,42.0,165.75,19.5,25.438,10.875,1,1,1,1,1
2026-06-19T01,51.75,185.75,17.85,29.98,13.3,1,1,1,1,1
2026-06-19T02,33.75,202.0,15.975,39.383,13.375,1,1,1,1,1
2026-06-19T03,28.25,231.5,18.3,57.865,14.375,1,1,1,1,1
2026-06-19T04,34.25,258.0,20.925,75.663,15.275,1,1,1,1,1
2026-06-19T05,37.5,274.5,19.65,128.28,15.55,1,1,1,1,1
2026-06-19T06,36.5,267.75,17.675,144.18,14.925,1,1,1,1,1
2026-06-19T07,43.25,281.25,16.45,122.733,14.325,1,1,1,1,1
2026-06-19T08,40.0,253.25,12.65,102.248,12.775,1,1,1,1,1
2026-06-19T09,33.5,226.25,10.975,89.592,11.15,1,1,1,1,1
2026-06-19T11,29.0,199.0,15.0,85.93,12.8,1,1,1,1,1
2026-06-19T12,28.0,195.75,19.25,76.183,10.95,1,1,1,1,1
2026-06-19T13,26.25,188.25,19.625,67.415,9.475,1,1,1,1,1
2026-06-19T14,32.333,189.333,21.867,54.56,10.567,1,1,1,1,1
2026-06-19T15,35.5,174.0,20.45,52.245,11.025,1,1,1,1,1
2026-06-19T16,34.0,173.25,30.25,37.06,10.7,1,1,1,1,1
2026-06-19T17,42.75,201.5,23.3,34.712,12.0,1,1,1,1,1
2026-06-19T19,38.0,153.0,27.6,28.28,9.4,1,1,1,1,1
2026-06-19T20,38.25,151.25,28.325,24.04,10.15,1,1,1,1,1
2026-06-19T21,41.25,146.25,25.0,22.525,11.275,1,1,1,1,1
2026-06-19T22,52.5,153.0,24.6,19.54,11.775,1,1,1,1,1
2026-06-19T23,72.5,176.5,27.95,17.405,11.725,1,1,1,1,1
2026-06-20T00,91.25,200.5,28.3,14.397,13.125,1,1,1,1,1
2026-06-20T01,88.25,218.75,26.475,41.992,16.2,1,1,1,1,1
2026-06-20T02,86.0,206.0,23.833,81.497,15.333,1,1,1,1,1
2026-06-20T04,58.0,204.5,15.2,102.993,14.75,1,1,1,1,1
2026-06-20T05,52.75,204.25,12.625,93.625,16.875,1,1,1,1,1
2026-06-20T06,38.0,204.0,14.1,101.625,18.85,1,1,1,1,1
2026-06-20T07,41.0,219.0,12.05,88.31,15.5,1,1,1,1,1
2026-06-20T08,37.25,207.75,13.625,87.213,11.725,1,1,1,1,1
2026-06-20T09,26.25,172.5,9.725,79.972,10.675,1,1,1,1,1
2026-06-20T10,27.0,170.0,12.8,77.21,9.467,1,1,1,1,1
2026-06-20T11,27.75,175.5,16.075,72.547,9.8,1,1,1,1,1
2026-06-20T12,32.0,199.0,15.175,64.157,9.6,1,1,1,1,1
2026-06-20T13,39.5,260.5,23.725,44.43,10.1,1,1,1,1,1
2026-06-20T14,46.0,272.75,34.4,18.325,10.425,1,1,1,1,1
2026-06-20T15,51.5,267.0,40.85,4.122,10.775,1,1,1,1,1
2026-06-20T16,50.5,259.75,44.875,4.817,12.8,1,1,1,1,1
2026-06-20T17,54.5,265.25,42.15,3.4,14.475,1,1,1,1,1
2026-06-20T18,58.0,274.0,41.9,8.37,8.7,1,1,1,1,1
2026-06-20T19,52.0,252.0,33.4,10.455,10.05,1,1,1,1,1
2026-06-20T20,31.667,170.667,23.467,14.96,9.6,1,1,1,1,1
2026-06-20T21,30.25,142.75,21.975,12.23,9.3,1,1,1,1,1
2026-06-20T22,38.25,158.75,17.95,20.375,10.675,1,1,1,1,1
2026-06-20T23,29.667,153.0,11.2,51.383,7.7,1,1,1,1,1
2026-06-21T00,22.75,93.75,14.3,52.84,5.825,1,1,1,1,1
2026-06-21T01,22.5,90.25,18.775,42.415,5.85,1,1,1,1,1
2026-06-21T02,22.75,93.75,21.575,31.327,9.225,1,1,1,1,1
2026-06-21T03,20.333,100.333,17.4,44.38,9.3,1,1,1,1,1
2026-06-21T04,22.25,102.25,12.75,46.523,7.75,1,1,1,1,1
2026-06-21T05,20.5,119.0,19.3,41.405,5.85,1,1,1,1,1
2026-06-21T06,22.5,124.333,17.275,45.998,7.75,1,1,1,1,1
2026-06-21T07,25.333,127.333,10.833,71.87,8.633,1,1,1,1,1
2026-06-21T08,28.0,123.25,12.25,90.7,9.925,1,1,1,1,1
2026-06-21T09,28.0,121.0,12.633,90.943,11.033,1,1,1,1,1
2026-06-21T10,22.0,127.667,11.925,90.86,8.95,1,1,1,1,1
2026-06-21T11,20.5,137.25,11.975,91.832,8.7,1,1,1,1,1
2026-06-21T12,25.5,159.75,14.55,75.722,7.475,1,1,1,1,1
2026-06-21T13,26.0,200.0,17.375,55.84,7.7,1,1,1,1,1
2026-06-21T14,22.0,220.5,21.3,51.037,7.4,1,1,1,1,1
2026-06-21T15,19.25,199.25,18.425,60.315,6.45,1,1,1,1,1
2026-06-21T16,33.5,546.5,14.625,59.623,5.925,1,1,1,1,1
2026-06-21T17,72.75,1450.75,14.825,56.04,5.0,1,1,1,1,1
2026-06-21T18,40.0,892.0,18.8,43.77,4.8,1,1,1,1,1
2026-06-21T19,38.0,807.25,20.275,35.135,6.7,1,1,1,1,1
2026-06-21T20,31.0,527.667,19.9,33.183,7.5,1,1,1,1,1
2026-06-21T21,31.25,475.0,19.325,32.755,7.075,1,1,1,1,1
2026-06-21T22,37.25,469.0,23.75,20.258,6.075,1,1,1,1,1
2026-06-21T23,32.667,440.667,19.067,35.263,7.333,1,1,1,1,1
2026-06-22T00,28.5,389.75,17.95,38.343,8.725,1,1,1,1,1
2026-06-22T01,31.0,408.25,13.55,46.058,11.25,1,1,1,1,1
2026-06-22T02,32.75,390.0,15.45,47.57,10.95,1,1,1,1,1
2026-06-22T03,27.0,296.75,17.5,64.222,10.625,1,1,1,1,1
2026-06-22T04,23.0,258.25,16.75,94.085,11.525,1,1,1,1,1
2026-06-22T05,27.25,349.0,12.3,101.9,12.425,1,1,1,1,1
2026-06-22T06,23.0,224.0,11.75,117.243,9.85,1,1,1,1,1
2026-06-22T07,24.25,192.75,10.775,112.222,10.8,1,1,1,1,1
2026-06-22T08,18.5,163.25,13.4,94.192,8.575,1,1,1,1,1
2026-06-22T09,17.0,140.0,12.767,94.863,7.8,1,1,1,1,1
2026-06-22T11,15.333,129.667,11.3,95.08,8.133,1,1,1,1,1
2026-06-22T12,15.25,131.5,15.075,79.915,6.825,1,1,1,1,1
2026-06-22T13,19.0,151.0,17.3,71.437,7.167,1,1,1,1,1
2026-06-22T14,29.0,177.0,29.9,34.015,7.8,1,1,1,1,1
2026-06-22T15,34.25,205.5,33.8,16.517,8.725,1,1,1,1,1
2026-06-22T16,34.75,219.25,34.725,21.41,9.85,1,1,1,1,1
2026-06-22T17,35.25,205.5,33.7,14.748,11.8,1,1,1,1,1
2026-06-22T18,45.0,211.0,33.8,5.84,16.8,1,1,1,1,1
2026-06-22T19,45.25,209.25,37.9,2.655,17.075,1,1,1,1,1
2026-06-22T20,51.667,199.667,32.467,14.96,19.667,1,1,1,1,1
2026-06-22T21,64.75,191.0,23.175,19.855,19.5,1,1,1,1,1
2026-06-22T22,80.75,208.5,27.575,12.492,19.175,1,1,1,1,1
2026-06-22T23,109.25,267.5,28.425,4.013,18.65,1,1,1,1,1
2026-06-23T00,91.333,270.667,32.067,8.487,19.133,1,1,1,1,1
2026-06-23T01,79.75,242.75,40.225,23.04,21.775,1,1,1,1,1
2026-06-23T02,83.0,249.5,36.0,77.322,23.1,1,1,1,1,1
2026-06-23T03,73.75,220.25,25.0,120.898,26.35,1,1,1,1,1
2026-06-23T10,20.0,135.0,19.0,47.69,9.8,1,1,1,1,1
2026-06-25T16,55.0,260.0,98.375,8.078,8.85,1,1,1,1,1
2026-06-25T17,51.0,246.0,77.675,11.312,7.95,1,1,1,1,1
2026-06-25T18,32.0,152.0,73.7,12.5,9.9,1,1,1,1,1
2026-06-25T19,21.0,123.0,63.45,13.0,9.925,1,1,1,1,1
2026-06-25T20,21.0,111.0,51.175,18.492,9.85,1,1,1,1,1
2026-06-25T21,17.0,90.0,39.975,24.712,8.825,1,1,1,1,1
2026-06-25T22,21.0,90.0,40.925,27.97,8.825,1,1,1,1,1
2026-06-25T23,17.0,100.0,54.925,17.91,8.825,1,1,1,1,1
2026-06-26T00,20.0,97.0,65.15,12.54,10.0,1,1,1,1,1
2026-06-26T01,16.0,117.0,58.25,20.36,11.675,1,1,1,1,1
2026-06-26T02,24.0,125.0,38.875,42.445,11.075,1,1,1,1,1
2026-06-26T03,21.0,132.0,33.6,65.41,11.35,1,1,1,1,1
2026-06-26T04,28.0,163.0,28.875,95.127,12.25,1,1,1,1,1
2026-06-26T05,35.0,173.0,24.75,115.8,12.925,1,1,1,1,1
2026-06-26T06,27.0,173.0,22.3,122.432,13.7,1,1,1,1,1
2026-06-26T07,25.0,144.0,19.075,109.137,12.475,1,1,1,1,1
2026-06-26T08,24.0,127.0,22.05,120.16,11.775,1,1,1,1,1
2026-06-26T09,24.0,141.0,21.4,137.857,11.575,1,1,1,1,1
2026-06-26T10,27.0,139.0,20.6,137.27,10.775,1,1,1,1,1
2026-06-26T11,34.0,150.0,24.9,143.957,11.525,1,1,1,1,1
2026-06-26T12,34.0,150.0,32.475,112.847,10.9,1,1,1,1,1
2026-06-26T13,32.0,166.0,38.325,98.635,11.35,1,1,1,1,1
2026-06-26T14,32.0,185.0,44.425,68.115,11.05,1,1,1,1,1
2026-06-26T15,36.0,238.0,32.975,69.15,10.35,1,1,1,1,1
2026-06-26T16,34.0,125.0,42.975,50.3,9.65,1,1,1,1,1
2026-06-26T17,51.0,179.0,59.775,21.835,10.825,1,1,1,1,1
2026-06-26T18,37.0,163.0,74.8,13.37,10.2,1,1,1,1,1
2026-06-26T19,37.0,145.0,91.8,6.805,8.825,1,1,1,1,1
2026-06-26T20,31.0,122.0,69.375,16.337,7.9,1,1,1,1,1
2026-06-26T21,32.0,111.0,47.925,28.032,8.1,1,1,1,1,1
2026-06-26T22,40.0,103.0,47.95,29.13,10.25,1,1,1,1,1
2026-06-26T23,47.0,121.0,42.45,24.508,11.5,1,1,1,1,1
2026-06-27T00,31.0,135.0,47.8,23.83,11.55,1,1,1,1,1
2026-06-27T01,37.0,145.0,37.5,28.885,13.275,1,1,1,1,1
2026-06-27T02,40.0,185.0,37.075,44.458,12.725,1,1,1,1,1
2026-06-27T03,39.0,215.0,33.425,77.945,13.975,1,1,1,1,1
2026-06-27T04,42.0,219.0,29.625,105.19,15.0,1,1,1,1,1
2026-06-27T05,46.0,195.0,27.45,116.96,16.2,1,1,1,1,1
2026-06-27T06,43.0,189.0,24.125,138.127,15.825,1,1,1,1,1
2026-06-27T07,46.0,188.0,28.45,145.642,15.575,1,1,1,1,1
2026-06-27T08,51.0,197.0,25.35,140.825,15.1,1,1,1,1,1
2026-06-27T09,46.0,201.0,25.85,136.088,15.175,1,1,1,1,1
2026-06-27T10,45.0,195.0,22.25,122.46,11.375,1,1,1,1,1
2026-06-27T11,40.0,167.0,24.5,119.703,10.025,1,1,1,1,1
2026-06-27T12,42.0,172.0,24.8,122.17,10.275,1,1,1,1,1
2026-06-27T13,41.0,191.0,43.75,118.503,11.5,1,1,1,1,1
2026-06-27T14,67.0,284.0,43.275,99.51,12.825,1,1,1,1,1
2026-06-27T15,72.0,272.0,51.925,86.972,13.6,1,1,1,1,1
2026-06-27T16,70.0,261.0,53.975,70.933,12.975,1,1,1,1,1
2026-06-27T17,75.0,274.0,45.925,81.59,13.7,1,1,1,1,1
2026-06-27T18,57.0,202.0,30.1,93.0,15.0,1,1,1,1,1
2026-06-27T19,57.0,184.0,34.35,79.273,15.575,1,1,1,1,1
2026-06-27T20,101.0,256.0,65.7,35.515,16.075,1,1,1,1,1
2026-06-27T21,142.0,321.0,58.825,30.95,17.575,1,1,1,1,1
2026-06-27T22,117.0,241.0,73.675,11.248,17.2,1,1,1,1,1
2026-06-27T23,95.0,246.0,82.925,3.23,15.15,1,1,1,1,1
2026-06-28T00,69.0,233.0,60.375,7.457,13.225,1,1,1,1,1
2026-06-28T01,52.0,199.0,43.475,16.94,13.175,1,1,1,1,1
2026-06-28T02,37.0,140.0,27.95,41.477,14.075,1,1,1,1,1
2026-06-28T03,25.0,127.0,27.675,63.347,12.3,1,1,1,1,1
2026-06-28T04,27.0,136.0,29.725,97.103,13.325,1,1,1,1,1
2026-06-28T05,21.0,130.0,23.725,115.78,14.75,1,1,1,1,1
2026-06-28T06,21.0,138.0,20.25,113.445,14.35,1,1,1,1,1
2026-06-28T07,26.0,138.0,21.95,122.387,13.5,1,1,1,1,1
2026-06-28T08,31.0,146.0,22.125,132.393,12.325,1,1,1,1,1
2026-06-28T09,32.0,153.0,25.675,142.923,13.6,1,1,1,1,1
2026-06-28T10,41.0,186.0,20.275,141.11,14.225,1,1,1,1,1
2026-06-28T11,34.0,178.0,18.15,127.05,13.35,1,1,1,1,1
2026-06-28T12,40.0,180.0,27.3,100.29,12.25,1,1,1,1,1
2026-06-28T13,48.0,364.0,38.725,83.095,11.225,1,1,1,1,1
2026-06-28T14,55.0,193.0,55.775,50.152,11.25,1,1,1,1,1
2026-06-28T15,65.0,241.0,62.575,46.045,12.5,1,1,1,1,1
2026-06-28T16,60.0,218.0,77.025,30.37,12.15,1,1,1,1,1
2026-06-28T17,62.0,222.0,88.675,19.317,11.6,1,1,1,1,1
2026-06-28T18,64.0,254.0,130.8,1.53,11.4,1,1,1,1,1
2026-06-28T19,53.0,237.0,117.225,2.475,13.025,1,1,1,1,1
2026-06-28T20,60.0,193.0,92.1,6.567,13.55,1,1,1,1,1
2026-06-28T21,66.0,227.0,55.325,24.47,11.775,1,1,1,1,1
2026-06-28T22,38.0,155.0,62.875,19.32,11.575,1,1,1,1,1
2026-06-28T23,35.0,149.0,63.4,13.298,10.675,1,1,1,1,1
2026-06-29T00,36.0,138.0,61.65,8.732,11.325,1,1,1,1,1
2026-06-29T01,38.0,155.0,45.575,25.847,12.1,1,1,1,1,1
2026-06-29T02,35.0,134.0,35.325,43.775,11.975,1,1,1,1,1
2026-06-29T03,33.0,157.0,29.6,55.235,13.1,1,1,1,1,1
2026-06-29T04,27.0,186.0,24.575,63.348,12.975,1,1,1,1,1
2026-06-29T05,29.0,197.0,22.15,79.205,14.575,1,1,1,1,1
2026-06-29T06,29.0,217.0,24.125,108.605,15.0,1,1,1,1,1
2026-06-29T07,30.0,207.0,23.1,122.55,14.325,1,1,1,1,1
2026-06-29T08,33.0,222.0,26.6,102.252,14.525,1,1,1,1,1
2026-06-29T09,34.0,266.0,27.575,86.703,15.25,1,1,1,1,1
2026-06-29T10,31.0,223.0,28.9,74.387,13.225,1,1,1,1,1
2026-06-29T11,34.0,223.0,25.55,82.868,13.475,1,1,1,1,1
2026-06-29T12,34.0,271.0,33.6,49.413,12.125,1,1,1,1,1
2026-06-29T13,31.0,210.0,119.275,13.06,11.325,1,1,1,1,1
2026-06-29T14,38.0,135.0,131.825,1.897,9.725,1,1,1,1,1
2026-06-29T15,39.0,179.0,116.5,5.917,11.0,1,1,1,1,1
2026-06-29T16,57.0,216.0,82.05,5.0,11.5,1,1,1,1,1
2026-06-29T17,52.0,193.0,63.65,10.203,11.225,1,1,1,1,1
2026-06-29T18,58.0,218.0,49.2,12.35,8.8,1,1,1,1,1
2026-06-29T19,40.0,163.0,48.55,13.975,7.55,1,1,1,1,1
2026-06-29T20,43.0,162.0,48.1,13.575,8.275,1,1,1,1,1
2026-06-29T21,34.0,144.0,56.625,11.333,8.625,1,1,1,1,1
2026-06-29T22,50.0,160.0,44.9,10.045,8.075,1,1,1,1,1
2026-06-29T23,60.0,150.0,29.5,16.215,7.425,1,1,1,1,1
2026-06-30T00,32.0,91.0,35.675,9.88,6.55,1,1,1,1,1
2026-06-30T01,39.0,144.0,42.425,3.293,7.675,1,1,1,1,1
2026-06-30T02,30.0,180.0,35.925,5.515,8.2,1,1,1,1,1
2026-06-30T03,27.0,235.0,30.375,8.685,8.975,1,1,1,1,1
2026-06-30T04,34.0,316.0,34.325,17.013,8.8,1,1,1,1,1
2026-06-30T05,39.0,360.0,30.4,25.775,9.05,1,1,1,1,1
2026-06-30T06,42.0,335.0,28.075,44.34,8.1,1,1,1,1,1
2026-06-30T07,43.0,329.0,29.25,61.007,8.45,1,1,1,1,1
2026-06-30T08,40.0,339.0,27.25,87.648,8.975,1,1,1,1,1
2026-06-30T09,45.0,371.0,19.425,91.407,8.875,1,1,1,1,1
2026-06-30T10,52.0,444.0,35.05,112.335,8.95,1,1,1,1,1
2026-06-30T11,91.0,290.0,30.825,66.627,7.625,1,1,1,1,1
2026-06-30T12,70.0,188.0,33.7,45.14,6.625,1,1,1,1,1
2026-06-30T13,65.0,180.0,37.625,34.16,6.425,1,1,1,1,1
2026-06-30T14,87.0,191.0,34.0,20.58,6.2,1,1,1,1,1
2026-06-30T15,73.0,172.0,27.075,14.0,5.75,1,1,1,1,1
2026-06-30T16,55.0,123.0,27.525,12.855,5.6,1,1,1,1,1
2026-06-30T17,55.0,118.0,28.475,15.15,5.75,1,1,1,1,1
2026-06-30T19,61.0,108.0,23.8,10.33,9.3,1,1,1,1,1
2026-06-30T20,62.0,97.0,21.625,7.755,9.15,1,1,1,1,1
2026-06-30T21,64.0,97.0,24.5,4.175,8.75,1,1,1,1,1
2026-06-30T22,64.0,89.0,28.675,1.82,8.825,1,1,1,1,1
2026-06-30T23,32.0,72.0,25.1,3.477,9.075,1,1,1,1,1
2026-07-01T00,35.0,64.0,23.9,11.995,8.7,1,1,1,1,1
2026-07-01T01,37.0,67.0,25.175,15.997,8.6,1,1,1,1,1
2026-07-01T02,34.0,81.0,28.375,24.538,8.55,1,1,1,1,1
2026-07-01T03,31.0,86.0,32.825,30.293,8.3,1,1,1,1,1
2026-07-01T04,48.0,116.0,29.2,36.065,8.4,1,1,1,1,1
2026-07-01T05,33.0,100.0,19.575,42.802,8.575,1,1,1,1,1
2026-07-01T06,31.0,95.0,23.825,53.807,8.125,1,1,1,1,1
2026-07-01T07,30.0,103.0,23.575,59.243,8.575,1,1,1,1,1
2026-07-01T08,35.0,99.0,23.55,56.758,9.175,1,1,1,1,1
2026-07-01T09,32.0,107.0,22.1,57.308,8.2,1,1,1,1,1
2026-07-01T10,28.0,99.0,40.525,54.587,8.225,1,1,1,1,1
2026-07-01T11,43.0,107.0,44.75,47.975,13.325,1,1,1,1,1
2026-07-01T12,35.0,122.0,56.85,31.485,18.0,1,1,1,1,1
2026-07-01T13,44.0,123.0,57.525,30.612,21.3,1,1,1,1,1
2026-07-01T14,40.0,139.0,63.25,19.372,17.825,1,1,1,1,1
2026-07-01T15,41.0,129.0,56.175,10.92,16.775,1,1,1,1,1
2026-07-01T16,52.0,119.0,35.975,13.102,14.45,1,1,1,1,1
2026-07-01T17,37.0,112.0,33.425,11.175,13.2,1,1,1,1,1
2026-07-01T18,37.0,103.0,20.0,23.4,10.7,1,1,1,1,1
2026-07-01T19,24.0,83.0,22.75,23.335,9.125,1,1,1,1,1
2026-07-01T20,22.0,75.0,27.475,20.078,8.9,1,1,1,1,1
2026-07-01T21,34.0,68.0,32.0,16.922,8.65,1,1,1,1,1
2026-07-01T22,29.0,84.0,22.05,18.635,9.125,1,1,1,1,1
2026-07-01T23,47.0,86.0,25.425,17.045,9.0,1,1,1,1,1
2026-07-02T00,32.0,97.0,36.925,7.875,8.025,1,1,1,1,1
2026-07-02T01,87.0,130.0,20.25,21.553,8.825,1,1,1,1,1
2026-07-02T02,35.0,116.0,26.0,36.995,8.1,1,1,1,1,1
2026-07-02T03,16.0,20.0,37.9,22.248,8.125,1,1,1,1,1
2026-07-02T04,10.0,34.0,35.775,40.028,8.475,1,1,1,1,1
2026-07-02T05,8.0,41.0,40.425,59.855,7.975,1,1,1,1,1
2026-07-02T06,22.0,55.0,43.025,100.392,7.8,1,1,1,1,1
2026-07-02T07,49.0,112.0,42.45,133.332,8.85,1,1,1,1,1
2026-07-02T08,49.0,121.0,45.425,148.245,10.05,1,1,1,1,1
2026-07-02T09,59.0,145.0,44.4,180.652,10.925,1,1,1,1,1
2026-07-02T10,62.0,149.0,46.3,193.002,11.275,1,1,1,1,1
2026-07-02T11,56.0,149.0,38.875,182.83,11.2,1,1,1,1,1
2026-07-02T12,65.0,145.0,37.625,137.807,12.175,1,1,1,1,1
2026-07-02T13,74.0,146.0,36.3,75.877,10.375,1,1,1,1,1
2026-07-02T14,91.0,156.0,,11.87,9.675,1,1,0,1,1
2026-07-02T15,72.0,99.0,,9.375,8.75,1,1,0,1,1
2026-07-02T16,31.0,74.0,,20.943,8.25,1,1,0,1,1
2026-07-02T17,35.0,61.0,,19.06,8.3,1,1,0,1,1
2026-07-02T18,34.0,88.0,,23.76,6.4,1,1,0,1,1
2026-07-02T19,47.0,73.0,,20.885,5.525,1,1,0,1,1
2026-07-02T20,31.0,56.0,,23.392,5.325,1,1,0,1,1
2026-07-02T21,,,,15.987,5.167,0,0,0,1,1
2026-07-02T22,60.0,67.0,,9.455,4.7,1,1,0,1,1
2026-07-02T23,,,,4.793,4.25,0,0,0,1,1
2026-07-03T00,95.0,97.0,,0.66,4.65,1,1,0,1,1
2026-07-03T01,79.0,91.0,,1.595,4.45,1,1,0,1,1
2026-07-03T02,84.0,107.0,,12.483,4.6,1,1,0,1,1
2026-07-03T03,74.0,108.0,,42.543,5.0,1,1,0,1,1
2026-07-03T04,72.0,117.0,24.967,67.855,6.025,1,1,1,1,1
2026-07-03T05,57.0,102.0,24.6,92.743,6.525,1,1,1,1,1
2026-07-03T06,53.0,99.0,30.125,104.38,7.15,1,1,1,1,1
2026-07-03T07,49.0,114.0,18.0,110.458,6.45,1,1,1,1,1
2026-07-03T08,31.0,114.0,,107.883,5.8,1,1,0,1,1
2026-07-03T09,68.0,145.0,18.2,85.893,5.75,1,1,1,1,1
2026-07-03T10,45.0,128.0,24.533,67.04,5.925,1,1,1,1,1
2026-07-03T11,56.0,128.0,22.267,59.552,5.475,1,1,1,1,1
2026-07-03T12,62.0,135.0,33.875,59.163,6.2,1,1,1,1,1
2026-07-03T13,68.0,122.0,31.55,62.777,6.125,1,1,1,1,1
2026-07-03T14,47.0,125.0,32.6,49.788,5.4,1,1,1,1,1
2026-07-03T15,73.0,149.0,33.95,46.46,5.5,1,1,1,1,1
2026-07-03T16,65.0,133.0,29.7,45.718,5.25,1,1,1,1,1
2026-07-03T17,61.0,127.0,47.75,41.17,4.725,1,1,1,1,1
2026-07-03T18,88.0,166.0,51.0,,7.9,1,1,1,0,1
2026-07-03T19,96.0,155.0,33.9,3.453,9.325,1,1,1,1,1
2026-07-03T20,102.0,167.0,27.55,7.372,8.775,1,1,1,1,1
2026-07-03T21,95.0,151.0,,7.443,8.6,1,1,0,1,1
2026-07-03T22,96.0,156.0,,6.673,9.65,1,1,0,1,1
2026-07-03T23,95.0,132.0,,5.308,8.225,1,1,0,1,1
2026-07-04T00,103.0,124.0,27.85,8.787,8.0,1,1,1,1,1
2026-07-04T01,63.0,94.0,22.2,10.502,8.075,1,1,1,1,1
2026-07-04T02,57.0,97.0,16.45,13.25,7.8,1,1,1,1,1
2026-07-04T03,74.0,103.0,13.725,16.793,8.55,1,1,1,1,1
2026-07-04T04,30.0,85.0,13.575,24.152,8.05,1,1,1,1,1
2026-07-04T05,50.0,91.0,13.525,36.3,7.85,1,1,1,1,1
2026-07-04T06,69.0,108.0,13.825,32.117,8.85,1,1,1,1,1
2026-07-04T07,40.0,69.0,13.65,23.64,8.175,1,1,1,1,1
2026-07-04T08,,,13.575,18.217,8.0,0,0,1,1,1
2026-07-04T09,42.0,70.0,13.8,28.685,8.75,1,1,1,1,1
2026-07-04T10,40.0,62.0,13.7,45.968,8.325,1,1,1,1,1
2026-07-04T11,75.0,94.0,13.65,43.21,8.6,1,1,1,1,1
2026-07-04T12,67.0,117.0,27.767,42.105,8.125,1,1,1,1,1
2026-07-04T13,125.0,160.0,,31.218,8.2,1,1,0,1,1
2026-07-04T14,125.0,166.0,,14.708,8.575,1,1,0,1,1
2026-07-04T15,154.0,228.0,,5.152,8.375,1,1,0,1,1
2026-07-04T16,169.0,248.0,,0.41,8.875,1,1,0,1,1
2026-07-04T17,165.0,226.0,,0.49,8.975,1,1,0,1,1
2026-07-04T18,144.0,219.0,,,6.7,1,1,0,0,1
2026-07-04T19,166.0,238.0,,,6.567,1,1,0,0,1
2026-07-04T20,161.0,237.0,,4.76,5.5,1,1,0,1,1
2026-07-04T21,,,,3.058,5.475,0,0,0,1,1
2026-07-04T22,,,,2.543,5.075,0,0,0,1,1
2026-07-04T23,,,,,5.675,0,0,0,0,1
2026-07-05T00,,,,,4.525,0,0,0,0,1
2026-07-05T01,,,,,6.975,0,0,0,0,1
2026-07-05T02,135.0,141.0,,1.505,7.175,1,1,0,1,1
2026-07-05T03,113.0,129.0,,11.91,7.525,1,1,0,1,1
2026-07-05T04,65.0,116.0,,28.105,7.525,1,1,0,1,1
2026-07-05T05,71.0,96.0,,34.777,8.0,1,1,0,1,1
2026-07-05T06,29.0,72.0,,26.6,8.1,1,1,0,1,1
2026-07-10T07,18.0,47.0,53.8,51.18,9.0,1,1,1,1,1
2026-07-10T08,10.0,44.0,55.1,51.268,9.375,1,1,1,1,1
2026-07-10T09,31.0,45.0,,57.525,8.667,1,1,0,1,1
2026-07-10T10,6.0,46.0,40.9,44.975,8.65,1,1,1,1,1
2026-07-10T11,22.0,53.0,27.067,55.688,8.25,1,1,1,1,1
2026-07-10T12,23.0,56.0,29.3,48.902,8.05,1,1,1,1,1
2026-07-10T13,18.0,66.0,,39.543,7.825,1,1,0,1,1
2026-07-10T14,23.0,98.0,,17.693,7.525,1,1,0,1,1
2026-07-10T15,34.0,134.0,,11.492,8.35,1,1,0,1,1
2026-07-10T16,32.0,113.0,,15.223,7.75,1,1,0,1,1
2026-07-10T17,36.0,109.0,,16.01,6.1,1,1,0,1,1
2026-07-10T18,28.0,108.0,,17.54,7.1,1,1,0,1,1
2026-07-10T19,30.0,94.0,,20.54,6.833,1,1,0,1,1
2026-07-10T20,22.0,77.0,,19.58,6.35,1,1,0,1,1
2026-07-10T21,17.0,69.0,,11.505,6.875,1,1,0,1,1
2026-07-10T22,22.0,71.0,,8.223,6.75,1,1,0,1,1
2026-07-10T23,19.0,84.0,,6.79,6.425,1,1,0,1,1
2026-07-11T00,68.0,104.0,,7.197,6.925,1,1,0,1,1
2026-07-11T01,45.0,102.0,,8.945,7.5,1,1,0,1,1
2026-07-11T02,62.0,117.0,,9.84,7.475,1,1,0,1,1
2026-07-11T03,49.0,124.0,,6.682,7.75,1,1,0,1,1
2026-07-11T04,37.0,174.0,7.933,9.102,6.8,1,1,1,1,1
2026-07-11T05,46.0,209.0,10.575,19.442,5.975,1,1,1,1,1
2026-07-11T06,47.0,265.0,10.2,32.235,5.975,1,1,1,1,1
2026-07-11T07,42.0,291.0,11.85,48.485,5.8,1,1,1,1,1
2026-07-11T08,52.0,361.0,11.675,56.887,5.675,1,1,1,1,1
2026-07-11T09,51.0,332.0,11.025,57.897,5.125,1,1,1,1,1
2026-07-11T10,50.0,331.0,12.1,60.708,4.925,1,1,1,1,1
2026-07-11T11,52.0,340.0,9.2,59.127,5.6,1,1,1,1,1
2026-07-11T12,58.0,340.0,,49.745,5.4,1,1,0,1,1
2026-07-11T13,67.0,342.0,,35.18,5.167,1,1,0,1,1
2026-07-11T14,69.0,340.0,,20.335,5.025,1,1,0,1,1
2026-07-11T15,58.0,318.0,,10.615,4.9,1,1,0,1,1
2026-07-11T16,66.0,306.0,,11.415,5.075,1,1,0,1,1
2026-07-11T17,57.0,322.0,,2.51,4.5,1,1,0,1,1
2026-07-11T18,61.0,315.0,,1.88,4.5,1,1,0,1,1
2026-07-11T19,56.0,270.0,,2.007,4.375,1,1,0,1,1
2026-07-11T20,47.0,195.0,,3.09,4.25,1,1,0,1,1
2026-07-11T21,41.0,162.0,,2.92,4.75,1,1,0,1,1
2026-07-11T22,32.0,122.0,,3.43,4.775,1,1,0,1,1
2026-07-11T23,26.0,109.0,,3.777,4.05,1,1,0,1,1
2026-07-12T00,31.0,109.0,,4.92,4.75,1,1,0,1,1
2026-07-12T01,31.0,118.0,,6.137,4.25,1,1,0,1,1
2026-07-12T02,37.0,138.0,,7.852,4.65,1,1,0,1,1
2026-07-12T03,38.0,197.0,,11.193,5.125,1,1,0,1,1
2026-07-12T04,41.0,253.0,,16.262,5.5,1,1,0,1,1
2026-07-12T05,64.0,329.0,,25.832,5.45,1,1,0,1,1
2026-07-12T06,58.0,,,38.07,5.075,1,0,0,1,1
2026-07-12T07,62.0,,,49.852,5.275,1,0,0,1,1
2026-07-12T08,63.0,,,51.337,4.825,1,0,0,1,1
2026-07-12T09,61.0,,,50.913,5.075,1,0,0,1,1
2026-07-12T10,75.0,,,46.488,5.425,1,0,0,1,1
2026-07-12T11,75.0,,,52.312,5.65,1,0,0,1,1
2026-07-12T12,85.0,,,44.36,5.35,1,0,0,1,1
2026-07-12T13,78.0,,,25.455,5.675,1,0,0,1,1
2026-07-12T14,76.0,,,4.945,4.375,1,0,0,1,1
2026-07-12T15,78.0,,,3.58,5.75,1,0,0,1,1
2026-07-12T16,89.0,,,4.917,5.675,1,0,0,1,1
2026-07-12T17,94.0,,,5.055,5.925,1,0,0,1,1
2026-07-12T18,89.0,,,1.51,6.6,1,0,0,1,1
2026-07-12T19,57.0,,,4.943,6.1,1,0,0,1,1
2026-07-12T20,39.0,,,5.808,6.775,1,0,0,1,1
2026-07-12T21,48.0,,,6.785,6.15,1,0,0,1,1
2026-07-12T22,33.0,,,6.705,5.65,1,0,0,1,1
2026-07-12T23,35.0,,,6.13,5.4,1,0,0,1,1
2026-07-13T00,26.0,,,6.915,5.525,1,0,0,1,1
2026-07-13T01,28.0,,,7.425,5.3,1,0,0,1,1
2026-07-13T02,34.0,,,12.675,5.25,1,0,0,1,1
2026-07-13T03,38.0,,,24.74,6.3,1,0,0,1,1
2026-07-13T04,37.0,,12.4,31.82,6.65,1,0,1,1,1
2026-07-13T05,33.0,151.0,10.025,43.57,6.875,1,1,1,1,1
2026-07-13T06,34.0,162.0,10.4,48.898,7.467,1,1,1,1,1
2026-07-13T07,42.0,182.0,,38.017,,1,1,0,1,0
2026-07-13T08,37.0,162.0,,39.598,,1,1,0,1,0
2026-07-13T09,42.0,181.0,7.5,57.445,6.867,1,1,1,1,1
2026-07-13T10,49.0,197.0,12.8,63.807,8.925,1,1,1,1,1
2026-07-13T11,38.0,182.0,21.35,50.523,8.725,1,1,1,1,1
2026-07-13T12,38.0,182.0,20.1,50.358,8.8,1,1,1,1,1
2026-07-13T13,46.0,213.0,30.5,29.207,8.125,1,1,1,1,1
2026-07-13T14,47.0,234.0,27.6,22.098,8.725,1,1,1,1,1
2026-07-13T15,41.0,278.0,15.05,31.75,8.275,1,1,1,1,1
2026-07-13T16,53.0,138.0,31.0,19.425,8.475,1,1,1,1,1
2026-07-13T17,47.0,146.0,33.425,10.012,8.1,1,1,1,1,1
2026-07-13T18,52.0,175.0,40.9,3.68,10.3,1,1,1,1,1
2026-07-13T19,41.0,182.0,34.825,3.515,10.3,1,1,1,1,1
2026-07-13T20,36.0,152.0,35.25,4.865,9.225,1,1,1,1,1
2026-07-13T21,39.0,156.0,42.1,5.277,9.875,1,1,1,1,1
2026-07-13T22,29.0,107.0,,11.015,10.0,1,1,0,1,1
2026-07-13T23,20.0,63.0,,10.232,9.475,1,1,0,1,1
2026-07-14T00,30.0,67.0,,6.975,9.5,1,1,0,1,1
2026-07-14T01,27.0,65.0,,7.855,9.325,1,1,0,1,1
2026-07-14T02,32.0,111.0,,6.723,9.525,1,1,0,1,1
2026-07-14T03,36.0,161.0,,9.992,9.65,1,1,0,1,1
2026-07-14T04,46.0,266.0,13.6,18.117,10.275,1,1,1,1,1
2026-07-14T05,46.0,265.0,13.6,28.03,9.7,1,1,1,1,1
2026-07-14T06,46.0,267.0,16.225,36.337,10.85,1,1,1,1,1
2026-07-14T07,40.0,288.0,13.425,54.435,10.45,1,1,1,1,1
2026-07-14T08,40.0,266.0,11.525,63.472,10.25,1,1,1,1,1
2026-07-14T09,35.0,234.0,10.425,69.355,10.325,1,1,1,1,1
2026-07-14T10,38.0,237.0,11.8,67.675,9.65,1,1,1,1,1
2026-07-14T11,39.0,201.0,9.85,61.637,9.525,1,1,1,1,1
2026-07-14T12,44.0,219.0,18.75,46.463,9.45,1,1,1,1,1
2026-07-14T13,37.0,213.0,31.1,42.112,9.25,1,1,1,1,1
2026-07-14T14,30.0,146.0,26.275,34.35,8.475,1,1,1,1,1
2026-07-14T15,32.0,138.0,27.375,29.385,8.25,1,1,1,1,1
2026-07-14T16,34.0,102.0,29.975,26.418,8.325,1,1,1,1,1
2026-07-14T17,26.0,99.0,32.325,16.998,8.9,1,1,1,1,1
2026-07-14T18,26.0,90.0,41.5,8.58,7.1,1,1,1,1,1
2026-07-14T19,26.0,89.0,47.075,6.242,7.6,1,1,1,1,1
2026-07-14T20,22.0,75.0,30.85,13.15,7.575,1,1,1,1,1
2026-07-14T21,24.0,77.0,25.825,12.835,8.0,1,1,1,1,1
2026-07-14T22,20.0,66.0,25.55,13.76,8.425,1,1,1,1,1
2026-07-14T23,25.0,64.0,34.725,9.943,8.45,1,1,1,1,1
2026-07-15T00,27.0,78.0,55.2,6.21,7.775,1,1,1,1,1
2026-07-15T01,24.0,93.0,44.875,6.885,7.375,1,1,1,1,1
2026-07-15T02,58.0,140.0,32.125,7.31,8.2,1,1,1,1,1
2026-07-15T03,38.0,138.0,29.45,9.53,8.35,1,1,1,1,1
2026-07-15T04,31.0,148.0,20.375,19.773,8.325,1,1,1,1,1
2026-07-15T05,28.0,177.0,16.4,34.407,8.775,1,1,1,1,1
2026-07-15T06,33.0,181.0,14.1,55.63,8.825,1,1,1,1,1
2026-07-15T07,35.0,182.0,14.35,61.902,8.25,1,1,1,1,1
2026-07-15T08,38.0,193.0,12.825,75.403,9.8,1,1,1,1,1
2026-07-15T09,42.0,203.0,12.7,72.96,11.1,1,1,1,1,1
2026-07-15T10,38.0,179.0,15.6,78.317,10.3,1,1,1,1,1
2026-07-15T11,38.0,196.0,15.3,66.242,10.8,1,1,1,1,1
2026-07-15T12,47.0,215.0,28.65,45.055,9.575,1,1,1,1,1
2026-07-15T13,,206.0,36.3,39.593,8.65,0,1,1,1,1
2026-07-15T14,50.0,227.0,59.825,4.775,9.575,1,1,1,1,1
2026-07-15T15,43.0,222.0,58.1,3.557,8.1,1,1,1,1,1
2026-07-15T16,39.0,196.0,59.075,1.705,7.775,1,1,1,1,1
2026-07-15T17,47.0,165.0,43.3,4.88,7.167,1,1,1,1,1
2026-07-15T18,35.0,137.0,56.0,1.82,7.1,1,1,1,1,1
2026-07-15T19,32.0,131.0,58.725,2.048,6.85,1,1,1,1,1
2026-07-15T20,25.0,121.0,40.9,3.822,6.775,1,1,1,1,1
2026-07-15T21,24.0,110.0,25.875,4.9,7.075,1,1,1,1,1
2026-07-15T22,18.0,115.0,32.5,3.995,6.4,1,1,1,1,1
2026-07-15T23,30.0,128.0,36.625,4.117,5.8,1,1,1,1,1
2026-07-16T00,22.0,125.0,37.35,3.793,5.75,1,1,1,1,1
2026-07-16T01,25.0,138.0,29.6,6.182,5.925,1,1,1,1,1
2026-07-16T02,30.0,148.0,35.8,12.282,6.825,1,1,1,1,1
2026-07-16T03,35.0,181.0,34.45,29.023,6.7,1,1,1,1,1
2026-07-16T04,21.0,227.0,24.225,39.645,6.975,1,1,1,1,1
2026-07-16T05,22.0,231.0,19.45,51.985,7.575,1,1,1,1,1
2026-07-16T06,26.0,222.0,12.375,64.907,8.35,1,1,1,1,1
2026-07-16T07,26.0,214.0,19.275,66.895,8.65,1,1,1,1,1
2026-07-16T08,32.0,215.0,11.575,68.575,9.1,1,1,1,1,1
2026-07-16T09,22.0,193.0,14.45,65.05,8.6,1,1,1,1,1
2026-07-16T10,34.0,198.0,13.825,62.788,9.05,1,1,1,1,1
2026-07-16T11,37.0,193.0,13.675,52.71,8.725,1,1,1,1,1
2026-07-16T12,23.0,173.0,22.725,51.362,8.475,1,1,1,1,1
2026-07-16T13,39.0,199.0,41.125,39.915,8.2,1,1,1,1,1
2026-07-16T14,51.0,213.0,50.825,21.525,8.525,1,1,1,1,1
2026-07-16T15,59.0,205.0,45.8,4.703,8.0,1,1,1,1,1
2026-07-16T16,55.0,271.0,67.625,1.235,8.0,1,1,1,1,1
2026-07-16T17,49.0,236.0,77.75,0.865,8.525,1,1,1,1,1
2026-07-16T18,54.0,272.0,57.7,3.57,7.8,1,1,1,1,1
2026-07-16T19,62.0,262.0,52.0,4.127,7.75,1,1,1,1,1
2026-07-16T20,56.0,222.0,40.55,7.777,6.4,1,1,1,1,1
2026-07-16T21,43.0,199.0,49.425,5.98,7.05,1,1,1,1,1
2026-07-16T22,47.0,213.0,58.5,4.41,7.45,1,1,1,1,1
2026-07-16T23,30.0,166.0,44.4,3.417,6.0,1,1,1,1,1
2026-07-17T00,26.0,146.0,30.35,6.04,6.45,1,1,1,1,1
2026-07-17T01,24.0,121.0,47.9,7.258,6.75,1,1,1,1,1
2026-07-17T02,28.0,170.0,36.225,4.888,7.725,1,1,1,1,1
2026-07-17T03,30.0,175.0,28.225,10.03,7.625,1,1,1,1,1
2026-07-17T04,22.0,173.0,20.875,17.28,7.225,1,1,1,1,1
2026-07-17T05,28.0,170.0,21.2,32.728,7.2,1,1,1,1,1
2026-07-17T06,37.0,166.0,19.75,40.65,8.3,1,1,1,1,1
2026-07-17T07,32.0,174.0,29.15,57.518,9.85,1,1,1,1,1
2026-07-17T08,29.0,183.0,32.625,61.95,10.0,1,1,1,1,1
2026-07-17T09,34.0,182.0,41.7,44.428,8.925,1,1,1,1,1
2026-07-17T10,34.0,181.0,35.275,34.91,8.325,1,1,1,1,1
2026-07-17T11,29.0,166.0,42.45,33.692,8.825,1,1,1,1,1
2026-07-17T12,36.0,192.0,56.975,20.818,8.525,1,1,1,1,1
2026-07-17T13,36.0,218.0,58.825,13.388,7.425,1,1,1,1,1
2026-07-17T14,76.0,254.0,59.0,9.977,7.7,1,1,1,1,1
2026-07-17T15,51.0,227.0,43.725,7.137,6.525,1,1,1,1,1
2026-07-17T16,43.0,186.0,44.625,10.885,6.775,1,1,1,1,1
2026-07-17T17,47.0,170.0,44.475,6.288,6.25,1,1,1,1,1
2026-07-17T18,60.0,170.0,51.3,,6.9,1,1,1,0,1
2026-07-17T19,47.0,202.0,49.825,4.39,6.85,1,1,1,1,1
2026-07-17T20,69.0,197.0,48.625,3.31,6.475,1,1,1,1,1
2026-07-17T21,53.0,168.0,50.675,1.98,6.85,1,1,1,1,1
2026-07-17T22,38.0,161.0,42.15,,7.7,1,1,1,0,1
2026-07-17T23,21.0,137.0,40.275,1.345,7.275,1,1,1,1,1
2026-07-18T00,23.0,131.0,32.275,1.143,8.125,1,1,1,1,1
2026-07-18T01,23.0,129.0,35.6,3.63,7.6,1,1,1,1,1
2026-07-18T02,15.0,113.0,26.725,4.125,7.75,1,1,1,1,1
2026-07-18T03,14.0,142.0,28.1,6.32,7.95,1,1,1,1,1
2026-07-18T04,14.0,134.0,31.775,8.01,7.375,1,1,1,1,1
2026-07-18T05,26.0,134.0,33.45,11.723,8.4,1,1,1,1,1
2026-07-18T06,11.0,138.0,27.575,24.61,7.925,1,1,1,1,1
2026-07-18T07,32.0,170.0,26.125,36.573,8.75,1,1,1,1,1
2026-07-18T08,24.0,174.0,24.925,44.195,9.7,1,1,1,1,1
2026-07-18T09,25.0,191.0,24.8,46.838,9.95,1,1,1,1,1
2026-07-18T10,30.0,172.0,27.225,61.323,9.9,1,1,1,1,1
2026-07-18T11,32.0,184.0,27.95,63.42,9.45,1,1,1,1,1
2026-07-18T12,32.0,183.0,28.85,62.177,8.6,1,1,1,1,1
2026-07-18T13,33.0,182.0,33.3,48.633,8.625,1,1,1,1,1
2026-07-18T14,52.0,205.0,61.775,15.175,9.733,1,1,1,1,1
2026-07-18T15,24.0,282.0,,8.585,,1,1,0,1,0
2026-07-18T16,46.0,287.0,,2.225,,1,1,0,1,0
2026-07-18T17,49.0,256.0,,,,1,1,0,0,0
2026-07-18T18,52.0,262.0,,,,1,1,0,0,0
2026-07-18T19,58.0,261.0,,,,1,1,0,0,0
2026-07-18T20,,207.0,,,,0,1,0,0,0
2026-07-18T21,,186.0,,,,0,1,0,0,0
2026-07-18T22,,164.0,,,,0,1,0,0,0
2026-07-18T23,,165.0,,,,0,1,0,0,0
2026-07-19T00,,140.0,,,,0,1,0,0,0
2026-07-19T01,,182.0,,,,0,1,0,0,0
2026-07-19T02,,166.0,27.5,0.27,,0,1,1,1,0
2026-07-19T03,40.0,160.0,36.95,4.482,8.9,1,1,1,1,1
2026-07-19T04,34.0,137.0,34.0,23.585,8.325,1,1,1,1,1
2026-07-19T05,35.0,158.0,31.4,44.325,8.85,1,1,1,1,1
2026-07-19T06,30.0,149.0,32.85,47.22,9.725,1,1,1,1,1
2026-07-19T07,34.0,148.0,33.0,56.59,9.475,1,1,1,1,1
2026-07-19T08,29.0,146.0,37.025,52.503,10.375,1,1,1,1,1
2026-07-19T09,24.0,140.0,36.0,62.337,9.675,1,1,1,1,1
2026-07-19T10,34.0,163.0,31.325,67.86,9.3,1,1,1,1,1
2026-07-19T11,66.0,190.0,38.175,79.293,9.1,1,1,1,1,1
2026-07-19T12,25.0,200.0,32.625,65.435,9.0,1,1,1,1,1
2026-07-19T13,25.0,168.0,34.775,38.587,9.05,1,1,1,1,1
2026-07-19T14,24.0,146.0,32.375,17.335,8.55,1,1,1,1,1
2026-07-19T15,47.0,130.0,26.85,13.145,7.8,1,1,1,1,1
2026-07-19T16,22.0,120.0,28.725,13.505,8.325,1,1,1,1,1
2026-07-19T17,80.0,137.0,30.433,,7.7,1,1,1,0,1
2026-07-19T18,42.0,99.0,24.7,,6.4,1,1,1,0,1
2026-07-19T19,42.0,104.0,24.9,,6.7,1,1,1,0,1
2026-07-19T20,32.0,76.0,25.475,7.23,7.225,1,1,1,1,1
2026-07-19T21,68.0,86.0,22.4,2.53,6.75,1,1,1,1,1
2026-07-19T22,75.0,79.0,21.175,,6.275,1,1,1,0,1
2026-07-19T23,58.0,75.0,24.1,,6.475,1,1,1,0,1
2026-07-20T00,68.0,70.0,27.95,,6.8,1,1,1,0,1
2026-07-20T01,70.0,77.0,21.85,,6.725,1,1,1,0,1
2026-07-20T02,83.0,115.0,32.125,19.87,6.475,1,1,1,1,1
2026-07-20T03,54.0,116.0,31.825,,7.175,1,1,1,0,1
2026-07-20T04,55.0,111.0,38.3,11.68,7.25,1,1,1,1,1
2026-07-20T05,34.0,111.0,39.775,,6.9,1,1,1,0,1
2026-07-20T06,5.0,98.0,28.45,,6.675,1,1,1,0,1
2026-07-20T07,15.0,99.0,30.05,,6.875,1,1,1,0,1
2026-07-20T08,14.0,79.0,30.2,11.503,7.325,1,1,1,1,1
2026-07-20T09,58.0,74.0,19.525,,7.95,1,1,1,0,1
2026-07-20T10,23.0,59.0,15.5,33.938,8.4,1,1,1,1,1
2026-07-20T11,20.0,80.0,13.3,12.427,7.875,1,1,1,1,1
2026-07-20T12,53.0,95.0,17.75,23.508,7.35,1,1,1,1,1
2026-07-20T13,24.0,53.0,22.125,17.047,7.3,1,1,1,1,1
2026-07-20T14,43.0,74.0,18.65,13.845,7.675,1,1,1,1,1
2026-07-20T15,44.0,98.0,17.133,26.377,7.533,1,1,1,1,1
2026-07-20T16,47.0,85.0,13.325,41.18,7.45,1,1,1,1,1
2026-07-20T17,50.0,68.0,11.625,30.782,7.0,1,1,1,1,1
2026-07-20T19,,,17.3,,3.6,0,0,1,0,1
2026-07-20T20,,,10.075,,4.225,0,0,1,0,1
2026-07-20T21,,,8.025,14.545,3.675,0,0,1,1,1
2026-07-20T22,,,7.575,163.76,3.375,0,0,1,1,1
2026-07-20T23,53.0,,20.15,,3.9,1,0,1,0,1
2026-07-21T00,,,17.45,,4.375,0,0,1,0,1
2026-07-21T01,,,11.925,10.56,4.075,0,0,1,1,1
2026-07-21T02,,,7.625,14.975,4.0,0,0,1,1,1
2026-07-21T03,14.0,22.0,6.5,12.188,4.45,1,1,1,1,1
2026-07-21T04,2.0,24.0,7.9,37.21,4.775,1,1,1,1,1
2026-07-21T05,6.0,22.0,6.6,57.948,4.025,1,1,1,1,1
2026-07-21T06,2.0,37.0,4.15,49.615,4.25,1,1,1,1,1
2026-07-22T06,17.0,54.0,5.7,112.9,6.167,1,1,1,1,1
2026-07-22T07,34.0,62.0,19.1,64.883,3.5,1,1,1,1,1
2026-07-22T08,16.0,42.0,23.025,57.77,2.425,1,1,1,1,1
2026-07-22T09,6.0,49.0,12.875,56.182,3.9,1,1,1,1,1
2026-07-22T10,21.0,54.0,15.65,57.26,6.55,1,1,1,1,1
2026-07-22T11,38.0,77.0,18.075,47.748,6.875,1,1,1,1,1
2026-07-22T12,10.0,41.0,25.9,36.985,5.975,1,1,1,1,1
2026-07-22T13,5.0,56.0,30.65,34.447,7.525,1,1,1,1,1
2026-07-22T14,12.0,88.0,28.875,31.027,7.05,1,1,1,1,1
2026-07-22T15,28.0,80.0,33.067,24.603,6.533,1,1,1,1,1
2026-07-22T16,17.0,77.0,32.775,14.53,6.625,1,1,1,1,1
2026-07-22T17,,62.0,17.75,17.9,7.4,0,1,1,1,1
2026-07-22T18,,27.0,14.6,22.64,8.3,0,1,1,1,1
2026-07-22T19,,37.0,17.3,19.527,8.35,0,1,1,1,1
2026-07-22T20,2.0,37.0,14.375,18.86,7.95,1,1,1,1,1
2026-07-22T21,1.0,33.0,13.1,19.922,8.9,1,1,1,1,1
2026-07-22T22,,26.0,14.5,12.995,7.45,0,1,1,1,1
2026-07-22T23,34.0,40.0,13.4,18.17,8.3,1,1,1,1,1
2026-07-23T00,,,23.55,3.248,8.5,0,0,1,1,1
2026-07-23T01,5.0,32.0,15.575,11.625,8.3,1,1,1,1,1
2026-07-23T02,,30.0,14.1,20.395,7.525,0,1,1,1,1
2026-07-23T03,14.0,36.0,17.8,31.848,7.825,1,1,1,1,1
2026-07-23T04,23.0,47.0,13.25,47.235,8.575,1,1,1,1,1
2026-07-23T05,18.0,44.0,13.925,56.358,8.2,1,1,1,1,1
2026-07-23T06,18.0,62.0,14.0,59.612,8.7,1,1,1,1,1
2026-07-23T07,16.0,54.0,15.825,60.782,8.425,1,1,1,1,1
2026-07-23T08,15.0,63.0,16.925,63.242,7.95,1,1,1,1,1
2026-07-23T09,16.0,58.0,11.6,60.988,8.575,1,1,1,1,1
2026-07-23T10,19.0,62.0,12.525,57.952,8.7,1,1,1,1,1
2026-07-23T11,10.0,46.0,16.05,57.345,9.05,1,1,1,1,1
2026-07-23T12,12.0,58.0,17.675,52.972,8.675,1,1,1,1,1
2026-07-23T13,3.0,47.0,30.4,33.085,8.5,1,1,1,1,1
2026-07-23T14,13.0,71.0,31.5,33.682,8.95,1,1,1,1,1
2026-07-23T15,14.0,76.0,23.05,33.715,9.3,1,1,1,1,1
2026-07-23T16,10.0,64.0,17.925,37.142,9.375,1,1,1,1,1
2026-07-23T17,17.0,70.0,11.775,39.812,8.375,1,1,1,1,1
2026-07-23T18,13.0,46.0,12.6,34.81,8.5,1,1,1,1,1
2026-07-23T19,10.0,44.0,12.675,35.312,8.6,1,1,1,1,1
2026-07-23T20,24.0,35.0,12.5,37.66,8.75,1,1,1,1,1
2026-07-23T21,2.0,35.0,7.55,39.907,7.925,1,1,1,1,1
2026-07-23T22,,35.0,15.325,33.865,8.475,0,1,1,1,1
2026-07-23T23,2.0,42.0,17.525,27.535,8.8,1,1,1,1,1
2026-07-24T00,4.0,50.0,12.575,24.913,9.625,1,1,1,1,1
2026-07-24T01,3.0,46.0,11.55,19.652,8.35,1,1,1,1,1
2026-07-24T02,22.0,62.0,14.025,23.962,8.85,1,1,1,1,1
2026-07-24T03,14.0,59.0,12.525,35.468,8.775,1,1,1,1,1
2026-07-24T04,40.0,71.0,20.7,34.72,8.967,1,1,1,1,1
2026-07-25T03,8.0,50.0,16.1,26.217,10.3,1,1,1,1,1
2026-07-25T04,21.0,62.0,21.675,39.065,11.3,1,1,1,1,1
2026-07-25T05,34.0,66.0,17.5,52.135,11.95,1,1,1,1,1
2026-07-25T06,34.0,64.0,9.7,54.83,11.9,1,1,1,1,1
2026-07-25T07,13.0,56.0,15.2,78.81,11.8,1,1,1,1,1
2026-07-25T08,22.0,67.0,20.75,71.6,12.05,1,1,1,1,1
2026-07-25T09,14.0,71.0,27.375,49.43,12.825,1,1,1,1,1
2026-07-25T10,15.0,74.0,21.325,45.628,14.8,1,1,1,1,1
2026-07-25T11,12.0,70.0,13.575,51.945,12.225,1,1,1,1,1
2026-07-25T12,9.0,64.0,15.7,51.97,10.95,1,1,1,1,1
2026-07-25T13,6.0,53.0,19.2,46.418,10.225,1,1,1,1,1
2026-07-25T14,1.0,66.0,21.525,42.712,10.55,1,1,1,1,1
2026-07-25T15,,59.0,20.55,41.943,10.225,0,1,1,1,1
2026-07-25T16,,58.0,14.85,43.138,9.55,0,1,1,1,1
2026-07-25T17,13.0,55.0,16.4,30.14,10.1,1,1,1,1,1
2026-07-25T18,17.0,54.0,19.4,26.95,8.0,1,1,1,1,1
2026-07-25T19,,56.0,17.2,24.46,7.05,0,1,1,1,1
2026-07-25T20,,51.0,14.025,15.56,6.025,0,1,1,1,1
2026-07-25T21,14.0,49.0,17.6,11.86,5.725,1,1,1,1,1
2026-07-25T22,15.0,42.0,18.125,12.738,6.125,1,1,1,1,1
2026-07-25T23,25.0,42.0,19.8,22.68,5.4,1,1,1,1,1
2026-07-26T00,,,14.175,17.052,5.725,0,0,1,1,1
2026-07-26T01,3.0,29.0,15.3,17.273,6.4,1,1,1,1,1
2026-07-26T02,3.0,30.0,16.375,34.225,6.475,1,1,1,1,1
2026-07-26T03,26.0,46.0,11.6,60.797,6.925,1,1,1,1,1
2026-07-26T04,30.0,64.0,16.4,87.115,7.675,1,1,1,1,1
2026-07-26T05,31.0,75.0,16.25,82.36,9.1,1,1,1,1,1
2026-07-26T06,10.0,72.0,15.0,88.347,8.6,1,1,1,1,1
2026-07-26T07,13.0,80.0,17.075,104.445,9.45,1,1,1,1,1
2026-07-26T09,16.0,54.0,18.9,100.35,9.1,1,1,1,1,1
2026-07-26T10,20.0,77.0,15.3,102.545,8.95,1,1,1,1,1
2026-07-26T13,10.0,85.0,38.0,67.38,6.3,1,1,1,1,1
2026-07-26T14,26.0,94.0,33.125,58.177,6.675,1,1,1,1,1
2026-07-26T15,20.0,103.0,41.833,39.48,5.933,1,1,1,1,1
2026-07-26T16,29.0,130.0,46.125,18.008,6.2,1,1,1,1,1
2026-07-26T17,34.0,133.0,50.825,15.63,5.7,1,1,1,1,1
2026-07-26T18,26.0,91.0,53.6,18.82,7.3,1,1,1,1,1
2026-07-26T19,21.0,93.0,57.9,11.857,8.025,1,1,1,1,1
2026-07-26T20,26.0,86.0,58.967,7.563,8.667,1,1,1,1,1
2026-07-26T21,31.0,135.0,67.3,1.29,8.8,1,1,1,1,1
2026-07-26T22,28.0,107.0,56.475,5.058,9.0,1,1,1,1,1
2026-07-26T23,19.0,94.0,68.275,3.49,8.675,1,1,1,1,1
2026-07-27T00,22.0,109.0,65.125,6.203,9.025,1,1,1,1,1
2026-07-27T01,22.0,122.0,70.65,5.45,8.65,1,1,1,1,1
2026-07-27T02,21.0,126.0,59.975,19.227,9.975,1,1,1,1,1
2026-07-27T03,9.0,90.0,26.65,43.488,10.675,1,1,1,1,1
2026-07-27T04,6.0,58.0,23.15,61.547,11.475,1,1,1,1,1
2026-07-27T05,,60.0,28.375,75.585,11.025,0,1,1,1,1
2026-07-27T06,18.0,71.0,23.6,108.9,11.25,1,1,1,1,1
2026-07-27T07,12.0,69.0,18.775,119.023,11.575,1,1,1,1,1
2026-07-27T08,10.0,68.0,26.7,102.418,10.825,1,1,1,1,1
2026-07-27T09,10.0,98.0,27.75,85.672,9.85,1,1,1,1,1
2026-07-27T10,9.0,82.0,27.075,89.507,10.8,1,1,1,1,1
2026-07-27T11,6.0,76.0,35.45,70.07,9.55,1,1,1,1,1
2026-07-27T12,20.0,62.0,44.55,49.953,9.5,1,1,1,1,1
2026-07-27T13,17.0,102.0,41.825,36.233,9.95,1,1,1,1,1
2026-07-27T14,16.0,58.0,35.1,31.572,9.725,1,1,1,1,1
2026-07-27T15,5.0,42.0,38.575,27.54,9.175,1,1,1,1,1
2026-07-27T16,39.0,41.0,25.2,26.108,9.225,1,1,1,1,1
2026-07-27T17,,,27.4,22.363,8.5,0,0,1,1,1
2026-07-27T18,,,16.6,30.93,7.0,0,0,1,1,1
2026-07-27T19,6.0,37.0,11.7,34.52,7.0,1,1,1,1,1
2026-07-27T20,,24.0,13.0,32.498,7.5,0,1,1,1,1
2026-07-27T21,,24.0,12.85,29.17,7.1,0,1,1,1,1
2026-07-27T22,,20.0,11.3,31.917,6.425,0,1,1,1,1
2026-07-27T23,,20.0,10.675,33.252,6.85,0,1,1,1,1
2026-07-28T00,,28.0,15.7,29.095,7.325,0,1,1,1,1
2026-07-28T01,1.0,35.0,20.25,22.525,7.2,1,1,1,1,1
2026-07-28T02,1.0,42.0,20.1,24.815,7.0,1,1,1,1,1
2026-07-28T03,14.0,46.0,24.475,24.95,7.025,1,1,1,1,1
2026-07-28T04,,54.0,29.2,41.22,7.55,0,1,1,1,1
2026-07-28T05,34.0,80.0,27.825,36.633,6.95,1,1,1,1,1
2026-07-28T06,22.0,49.0,56.5,19.62,8.225,1,1,1,1,1
2026-07-28T07,,30.0,65.75,9.49,8.05,0,1,1,1,1
2026-07-28T08,,1.0,73.5,12.933,8.1,0,1,1,1,1
2026-07-28T09,3.0,13.0,86.9,10.39,9.0,1,1,1,1,1
2026-07-28T10,3.0,25.0,48.725,36.928,7.65,1,1,1,1,1
2026-07-28T11,,22.0,85.625,35.925,8.275,0,1,1,1,1
2026-07-28T12,4.0,42.0,71.975,33.535,7.825,1,1,1,1,1
2026-07-28T13,2.0,27.0,58.95,32.642,7.4,1,1,1,1,1
2026-07-28T14,47.0,64.0,69.55,22.683,7.75,1,1,1,1,1
2026-07-28T15,54.0,86.0,62.175,14.175,8.375,1,1,1,1,1
2026-07-28T16,51.0,78.0,51.05,13.647,7.375,1,1,1,1,1
2026-07-28T17,22.0,54.0,42.275,20.575,6.775,1,1,1,1,1
2026-07-28T18,,44.0,44.6,17.25,7.1,0,1,1,1,1
2026-07-28T19,26.0,47.0,47.725,13.31,8.15,1,1,1,1,1
2026-07-28T20,20.0,62.0,53.725,6.452,8.625,1,1,1,1,1
2026-07-28T21,42.0,68.0,49.0,8.655,8.325,1,1,1,1,1
2026-07-28T22,65.0,76.0,48.975,7.07,9.05,1,1,1,1,1
2026-07-28T23,56.0,78.0,58.125,2.633,8.625,1,1,1,1,1
2026-07-29T00,33.0,63.0,43.8,3.963,8.3,1,1,1,1,1
2026-07-29T01,11.0,64.0,34.55,13.065,8.125,1,1,1,1,1
2026-07-29T02,6.0,46.0,33.875,24.9,8.725,1,1,1,1,1
2026-07-29T03,34.0,49.0,30.567,50.067,9.133,1,1,1,1,1
2026-07-29T04,20.0,68.0,26.25,91.06,9.625,1,1,1,1,1
2026-07-29T05,26.0,58.0,31.65,143.985,10.55,1,1,1,1,1
2026-07-29T06,41.0,76.0,26.125,178.317,10.275,1,1,1,1,1
2026-07-29T07,38.0,81.0,27.9,188.873,10.5,1,1,1,1,1
2026-07-29T08,37.0,73.0,31.3,156.63,9.825,1,1,1,1,1
2026-07-29T09,35.0,82.0,31.375,102.007,9.2,1,1,1,1,1
2026-07-29T10,34.0,40.0,36.95,75.7,9.65,1,1,1,1,1
2026-07-29T11,,38.0,42.133,87.403,8.833,0,1,1,1,1
2026-07-29T12,30.0,55.0,35.4,82.78,9.5,1,1,1,1,1
2026-07-29T13,19.0,71.0,48.625,71.678,9.7,1,1,1,1,1
2026-07-29T14,29.0,84.0,63.875,49.438,9.725,1,1,1,1,1
2026-07-29T15,23.0,86.0,69.45,38.28,9.0,1,1,1,1,1
2026-07-29T16,46.0,116.0,77.15,25.06,8.775,1,1,1,1,1
2026-07-29T17,42.0,124.0,83.0,2.888,9.625,1,1,1,1,1
2026-07-29T18,22.0,173.0,47.0,4.82,8.9,1,1,1,1,1
2026-07-29T19,36.0,118.0,43.05,3.25,8.55,1,1,1,1,1
2026-07-29T20,44.0,112.0,40.3,,8.0,1,1,1,0,1
2026-07-29T21,47.0,116.0,35.8,7.78,8.7,1,1,1,1,1
2026-07-29T22,60.0,97.0,35.7,7.948,8.025,1,1,1,1,1
2026-07-29T23,36.0,90.0,36.1,6.287,7.4,1,1,1,1,1
2026-07-30T01,48.0,98.0,44.8,15.09,8.2,1,1,1,1,1
2026-07-30T02,78.0,143.0,38.975,23.645,9.1,1,1,1,1,1
2026-07-30T03,45.0,98.0,42.175,37.64,8.8,1,1,1,1,1
2026-07-30T05,30.0,73.0,20.7,73.36,10.6,1,1,1,1,1
2026-07-30T06,13.0,53.0,19.525,77.27,10.325,1,1,1,1,1
2026-07-30T07,13.0,44.0,21.85,89.625,10.7,1,1,1,1,1
2026-07-30T08,21.0,59.0,22.65,89.032,10.7,1,1,1,1,1
2026-07-30T09,6.0,49.0,18.5,65.397,8.4,1,1,1,1,1
2026-07-30T10,19.0,45.0,27.075,67.885,7.85,1,1,1,1,1
2026-07-30T11,7.0,63.0,28.025,61.418,8.425,1,1,1,1,1
2026-07-30T13,2.0,86.0,37.7,25.23,8.3,1,1,1,1,1
2026-07-30T14,,82.0,37.05,20.61,9.1,0,1,1,1,1
2026-07-30T15,,84.0,52.2,6.755,11.225,0,1,1,1,1
2026-07-30T16,,79.0,,10.925,15.5,0,1,0,1,1
2026-07-30T17,6.0,63.0,,13.8,14.733,1,1,0,1,1
2026-07-30T19,,42.0,,,8.8,0,1,0,0,1
2026-07-30T20,,37.0,,,8.3,0,1,0,0,1
2026-07-30T21,,26.0,,28.33,6.9,0,1,0,1,1
2026-07-30T22,,25.0,,26.41,6.75,0,1,0,1,1
2026-07-30T23,,22.0,,27.352,6.225,0,1,0,1,1
2026-07-31T00,,27.0,,30.273,6.325,0,1,0,1,1
2026-07-31T01,,27.0,,28.885,5.35,0,1,0,1,1
2026-07-31T02,5.0,56.0,,26.64,5.1,1,1,0,1,1
2026-07-31T03,2.0,50.0,,43.0,6.7,1,1,0,1,1
2026-07-31T04,5.0,58.0,19.9,42.27,6.95,1,1,1,1,1
2026-07-31T05,19.0,58.0,,62.29,7.0,1,1,0,1,1
2026-07-31T06,16.0,46.0,,64.66,6.95,1,1,0,1,1
2026-07-31T07,18.0,63.0,17.2,73.83,7.6,1,1,1,1,1
2026-07-31T08,22.0,60.0,19.575,70.625,6.875,1,1,1,1,1
2026-07-31T09,9.0,60.0,15.55,76.032,7.025,1,1,1,1,1
2026-07-31T10,7.0,55.0,11.975,76.067,6.675,1,1,1,1,1
2026-07-31T11,10.0,51.0,16.3,72.172,6.975,1,1,1,1,1
2026-07-31T12,9.0,58.0,,62.825,6.225,1,1,0,1,1
2026-07-31T13,9.0,63.0,,58.35,6.4,1,1,0,1,1
2026-07-31T15,10.0,73.0,,42.47,6.6,1,1,0,1,1
2026-07-31T16,17.0,64.0,,39.77,6.225,1,1,0,1,1
2026-07-31T17,3.0,51.0,,38.787,6.767,1,1,0,1,1
2026-07-31T18,,47.0,,37.4,6.2,0,1,0,1,1
2026-07-31T19,2.0,36.0,14.8,35.79,6.15,1,1,1,1,1
2026-07-31T20,4.0,42.0,16.4,,6.2,1,1,1,0,1
2026-07-31T21,17.0,41.0,11.867,27.907,6.9,1,1,1,1,1
2026-07-31T22,,37.0,9.85,29.418,6.75,0,1,1,1,1
2026-07-31T23,,30.0,9.1,25.34,6.9,0,1,1,1,1
2026-08-01T00,,38.0,16.3,16.637,6.575,0,1,1,1,1
2026-08-01T01,,46.0,,23.54,6.8,0,1,0,1,1
2026-08-01T02,1.0,50.0,,25.46,6.6,1,1,0,1,1
2026-08-01T03,12.0,53.0,,37.55,6.7,1,1,0,1,1
2026-08-01T04,26.0,66.0,,45.898,7.125,1,1,0,1,1
2026-08-01T05,20.0,66.0,,57.58,7.267,1,1,0,1,1
2026-08-01T06,39.0,76.0,,67.94,7.075,1,1,0,1,1
2026-08-01T07,28.0,71.0,,71.907,7.4,1,1,0,1,1
2026-08-01T08,26.0,82.0,20.2,70.983,7.225,1,1,1,1,1
2026-08-01T09,32.0,79.0,14.175,73.512,7.375,1,1,1,1,1
2026-08-01T10,28.0,68.0,19.025,73.095,6.675,1,1,1,1,1
2026-08-01T11,10.0,66.0,19.875,72.99,6.925,1,1,1,1,1
2026-08-01T12,22.0,73.0,21.35,71.215,6.6,1,1,1,1,1
2026-08-01T13,21.0,77.0,46.033,44.18,8.733,1,1,1,1,1
2026-08-01T14,21.0,80.0,30.725,51.488,11.175,1,1,1,1,1
2026-08-01T15,25.0,88.0,20.95,49.115,8.05,1,1,1,1,1
2026-08-01T16,25.0,90.0,22.325,44.318,7.425,1,1,1,1,1
2026-08-01T17,18.0,68.0,20.95,40.278,7.325,1,1,1,1,1
2026-08-01T18,30.0,64.0,11.3,49.61,5.6,1,1,1,1,1
2026-08-01T19,6.0,30.0,16.1,45.73,5.1,1,1,1,1,1
2026-08-01T20,,11.0,16.6,,4.7,0,1,1,0,1
2026-08-01T21,,,27.7,20.21,5.7,0,0,1,1,1
2026-08-01T22,,6.0,36.725,11.785,5.25,0,1,1,1,1
2026-08-01T23,24.0,25.0,31.025,14.582,6.775,1,1,1,1,1
2026-08-02T00,7.0,25.0,43.6,12.663,6.625,1,1,1,1,1
2026-08-02T01,11.0,49.0,34.375,21.85,6.25,1,1,1,1,1
2026-08-02T02,8.0,49.0,22.5,34.16,6.467,1,1,1,1,1
2026-08-02T05,23.0,37.0,18.1,97.0,8.1,1,1,1,1,1
2026-08-02T06,13.0,54.0,17.5,98.647,7.825,1,1,1,1,1
2026-08-02T07,26.0,59.0,18.05,87.71,6.625,1,1,1,1,1
2026-08-02T08,,38.0,17.9,84.302,6.175,0,1,1,1,1
2026-08-02T09,27.0,49.0,14.3,72.113,6.025,1,1,1,1,1
2026-08-02T10,,28.0,18.65,72.865,4.8,0,1,1,1,1
2026-08-02T11,4.0,38.0,20.4,82.56,5.4,1,1,1,1,1
2026-08-02T12,15.0,45.0,23.5,68.29,5.9,1,1,1,1,1
2026-08-02T13,,50.0,26.675,55.725,5.825,0,1,1,1,1
2026-08-02T15,6.0,58.0,32.3,30.71,5.2,1,1,1,1,1
2026-08-02T16,20.0,54.0,34.45,25.5,5.35,1,1,1,1,1
2026-08-02T17,15.0,72.0,21.833,29.067,5.8,1,1,1,1,1
2026-08-02T18,48.0,65.0,15.0,25.01,6.6,1,1,1,1,1
2026-08-02T19,,33.0,16.95,20.25,6.4,0,1,1,1,1
2026-08-02T20,12.0,50.0,15.6,,6.1,1,1,1,0,1
2026-08-02T21,25.0,37.0,15.667,21.9,6.2,1,1,1,1,1
2026-08-02T22,38.0,40.0,16.925,18.5,5.55,1,1,1,1,1
2026-08-02T23,,42.0,22.9,1.875,5.55,0,1,1,1,1
2026-08-03T00,8.0,46.0,,3.482,,1,1,0,1,0
2026-08-03T01,10.0,40.0,,,,1,1,0,0,0
2026-08-03T02,17.0,46.0,,,,1,1,0,0,0
2026-08-03T03,21.0,51.0,,,,1,1,0,0,0
2026-08-03T04,15.0,50.0,,,,1,1,0,0,0
2026-08-03T05,,50.0,,,,0,1,0,0,0
2026-08-04T05,,31.0,14.8,56.17,4.4,0,1,1,1,1
2026-08-04T06,31.0,41.0,9.275,63.093,4.875,1,1,1,1,1
2026-08-04T07,,33.0,10.2,70.12,3.9,0,1,1,1,1
2026-08-04T09,30.0,52.0,24.5,47.57,5.2,1,1,1,1,1
2026-08-04T10,13.0,44.0,24.375,49.603,4.85,1,1,1,1,1
2026-08-04T11,8.0,33.0,27.733,45.517,4.467,1,1,1,1,1
2026-08-04T12,1.0,28.0,32.65,33.218,3.55,1,1,1,1,1
2026-08-04T13,,,39.55,28.665,3.7,0,0,1,1,1
2026-08-04T14,,14.0,55.275,16.828,2.9,0,1,1,1,1
2026-08-04T15,,45.0,61.625,10.637,2.7,0,1,1,1,1
2026-08-04T16,8.0,52.0,61.625,6.147,2.35,1,1,1,1,1
2026-08-04T17,7.0,57.0,66.575,3.537,2.775,1,1,1,1,1
2026-08-04T18,15.0,52.0,53.7,3.74,6.3,1,1,1,1,1
2026-08-04T19,,51.0,39.5,9.717,7.65,0,1,1,1,1
2026-08-04T20,18.0,52.0,57.725,6.64,7.875,1,1,1,1,1
2026-08-04T21,,55.0,60.575,7.547,8.025,0,1,1,1,1
2026-08-04T22,15.0,62.0,49.65,8.898,7.55,1,1,1,1,1
2026-08-04T23,36.0,61.0,41.375,3.218,7.45,1,1,1,1,1
2026-08-05T00,7.0,78.0,29.225,6.048,7.35,1,1,1,1,1
2026-08-05T01,66.0,79.0,25.7,12.21,7.25,1,1,1,1,1
2026-08-05T02,67.0,92.0,25.025,16.075,7.75,1,1,1,1,1
2026-08-05T03,39.0,77.0,22.975,20.293,8.2,1,1,1,1,1
2026-08-05T04,21.0,42.0,23.6,57.007,7.95,1,1,1,1,1
2026-08-05T05,46.0,66.0,25.85,50.92,8.75,1,1,1,1,1
2026-08-05T06,27.0,64.0,31.675,43.815,9.375,1,1,1,1,1
2026-08-05T07,13.0,67.0,23.75,64.498,8.375,1,1,1,1,1
2026-08-05T08,25.0,75.0,31.175,90.518,8.575,1,1,1,1,1
2026-08-05T09,46.0,91.0,22.7,88.875,7.85,1,1,1,1,1
2026-08-05T10,14.0,58.0,24.225,100.477,7.325,1,1,1,1,1
2026-08-05T11,14.0,67.0,28.4,101.305,7.575,1,1,1,1,1
2026-08-05T12,30.0,96.0,44.35,69.388,7.175,1,1,1,1,1
2026-08-05T13,37.0,107.0,55.575,48.678,7.3,1,1,1,1,1
2026-08-05T14,52.0,151.0,57.6,29.158,7.675,1,1,1,1,1
2026-08-05T15,19.0,143.0,48.9,14.687,6.533,1,1,1,1,1
2026-08-05T16,48.0,128.0,36.0,14.422,6.1,1,1,1,1,1
2026-08-05T17,21.0,78.0,36.767,13.883,5.7,1,1,1,1,1
2026-08-05T18,33.0,70.0,47.5,4.88,5.6,1,1,1,1,1
2026-08-05T19,21.0,77.0,38.7,10.76,5.5,1,1,1,1,1
2026-08-05T20,18.0,75.0,36.5,,6.6,1,1,1,0,1
2026-08-05T21,45.0,88.0,29.933,9.175,6.2,1,1,1,1,1
2026-08-05T22,,63.0,19.55,17.072,5.7,0,1,1,1,1
2026-08-05T23,,27.0,7.8,30.817,5.867,0,1,1,1,1
2026-08-06T00,,20.0,16.525,31.148,5.85,0,1,1,1,1
2026-08-06T01,,13.0,20.85,22.938,6.125,0,1,1,1,1
2026-08-06T02,23.0,30.0,17.9,25.02,5.275,1,1,1,1,1
2026-08-06T03,,,25.95,18.678,6.2,0,0,1,1,1
2026-08-06T04,,16.0,26.425,23.762,5.55,0,1,1,1,1
2026-08-06T05,2.0,19.0,33.3,25.745,4.6,1,1,1,1,1
2026-08-06T06,,33.0,53.3,10.79,5.45,0,1,1,1,1
2026-08-06T07,9.0,40.0,45.35,13.17,8.35,1,1,1,1,1
2026-08-06T08,,24.0,28.9,39.483,6.7,0,1,1,1,1
2026-08-06T09,,33.0,26.775,40.972,6.3,0,1,1,1,1
2026-08-06T10,13.0,36.0,19.825,45.535,6.525,1,1,1,1,1
2026-08-06T11,6.0,38.0,15.475,36.368,6.325,1,1,1,1,1
2026-08-06T12,4.0,36.0,25.15,35.823,6.65,1,1,1,1,1
2026-08-06T13,4.0,40.0,20.5,25.323,6.2,1,1,1,1,1
2026-08-06T14,2.0,63.0,30.475,21.265,5.9,1,1,1,1,1
2026-08-06T15,5.0,77.0,21.2,21.633,6.075,1,1,1,1,1
2026-08-06T16,3.0,47.0,21.7,18.873,5.5,1,1,1,1,1
2026-08-06T17,39.0,50.0,23.933,17.253,5.7,1,1,1,1,1
2026-08-06T19,47.0,58.0,16.8,11.23,9.5,1,1,1,1,1
2026-08-06T20,15.0,35.0,21.225,11.105,10.525,1,1,1,1,1
2026-08-06T21,,18.0,27.975,11.955,9.775,0,1,1,1,1
2026-08-06T22,,39.0,24.6,7.097,9.9,0,1,1,1,1
2026-08-06T23,6.0,35.0,24.2,8.27,9.9,1,1,1,1,1
2026-08-07T00,,,21.1,10.81,9.25,0,0,1,1,1
2026-08-07T01,15.0,63.0,24.3,12.29,9.2,1,1,1,1,1
2026-08-07T02,,67.0,25.775,11.995,9.1,0,1,1,1,1
2026-08-07T03,,63.0,24.833,15.243,9.033,0,1,1,1,1
2026-08-07T04,6.0,50.0,46.467,15.16,10.275,1,1,1,1,1
2026-08-07T05,5.0,56.0,36.7,4.645,11.133,1,1,1,1,1
2026-08-07T06,28.0,44.0,28.3,18.253,10.45,1,1,1,1,1
2026-08-07T07,1.0,34.0,31.367,22.5,9.067,1,1,1,1,1
2026-08-07T08,,38.0,35.65,22.487,8.65,0,1,1,1,1
2026-08-07T09,11.0,38.0,40.667,20.49,8.867,1,1,1,1,1
2026-08-07T10,5.0,31.0,28.475,26.295,8.7,1,1,1,1,1
2026-08-07T11,22.0,29.0,22.65,20.095,8.25,1,1,1,1,1
2026-08-07T12,,39.0,19.075,17.61,8.35,0,1,1,1,1
2026-08-07T13,,,26.35,18.468,8.625,0,0,1,1,1
2026-08-07T14,,9.0,37.55,20.115,8.025,0,1,1,1,1
2026-08-07T15,35.0,56.0,42.525,6.98,8.075,1,1,1,1,1
2026-08-07T17,,27.0,18.6,17.39,7.5,0,1,1,1,1
2026-08-07T18,,23.0,14.5,17.88,8.8,0,1,1,1,1
2026-08-07T19,2.0,18.0,24.15,13.638,8.9,1,1,1,1,1
2026-08-07T20,8.0,23.0,21.25,13.42,9.2,1,1,1,1,1
2026-08-07T21,,25.0,16.25,15.668,10.4,0,1,1,1,1
2026-08-07T22,34.0,36.0,20.25,12.893,9.775,1,1,1,1,1
2026-08-07T23,13.0,46.0,28.075,9.345,9.25,1,1,1,1,1
2026-08-08T00,6.0,47.0,19.275,16.588,9.75,1,1,1,1,1
2026-08-08T01,,42.0,18.725,22.0,10.05,0,1,1,1,1
2026-08-08T02,,46.0,10.925,28.487,9.65,0,1,1,1,1
2026-08-08T03,8.0,45.0,12.175,34.082,9.15,1,1,1,1,1
2026-08-08T04,16.0,38.0,14.475,34.83,9.05,1,1,1,1,1
2026-08-08T05,21.0,46.0,7.85,46.525,9.225,1,1,1,1,1
2026-08-08T06,27.0,44.0,8.625,57.01,9.8,1,1,1,1,1
2026-08-08T07,34.0,56.0,21.6,49.237,9.225,1,1,1,1,1
2026-08-08T08,,56.0,23.9,58.03,8.525,0,1,1,1,1
2026-08-08T09,7.0,42.0,25.825,37.807,8.75,1,1,1,1,1
2026-08-08T10,,36.0,22.0,40.462,8.5,0,1,1,1,1
2026-08-08T11,,33.0,35.7,30.255,8.825,0,1,1,1,1
2026-08-08T12,15.0,16.0,57.525,18.615,9.65,1,1,1,1,1
2026-08-08T13,,34.0,68.075,9.46,9.6,0,1,1,1,1
2026-08-08T14,,55.0,58.475,8.687,9.55,0,1,1,1,1
2026-08-08T15,18.0,63.0,63.25,8.285,9.5,1,1,1,1,1
2026-08-08T16,65.0,106.0,59.675,7.607,10.2,1,1,1,1,1
2026-08-08T17,65.0,89.0,52.1,7.753,10.475,1,1,1,1,1
2026-08-08T19,111.0,136.0,47.8,6.1,4.5,1,1,1,1,1
2026-08-08T20,104.0,144.0,48.3,9.14,5.75,1,1,1,1,1
2026-08-08T21,108.0,127.0,,7.103,6.25,1,1,0,1,1
2026-08-08T22,69.0,91.0,,7.03,5.1,1,1,0,1,1
2026-08-08T23,71.0,80.0,,5.57,4.975,1,1,0,1,1
2026-08-09T00,29.0,68.0,,6.798,4.6,1,1,0,1,1
2026-08-09T01,14.0,67.0,,11.875,4.475,1,1,0,1,1
2026-08-09T02,24.0,64.0,,19.79,5.0,1,1,0,1,1
2026-08-09T03,17.0,63.0,,29.807,4.7,1,1,0,1,1
2026-08-09T04,24.0,47.0,,43.635,4.4,1,1,0,1,1
2026-08-09T05,18.0,56.0,,53.393,4.933,1,1,0,1,1
2026-08-09T06,17.0,42.0,,57.105,5.275,1,1,0,1,1
2026-08-09T07,10.0,36.0,,63.477,5.733,1,1,0,1,1
2026-08-09T08,17.0,40.0,,75.27,6.0,1,1,0,1,1
2026-08-09T09,19.0,59.0,,63.467,5.7,1,1,0,1,1
2026-08-09T10,,61.0,,80.677,5.25,0,1,0,1,1
2026-08-09T11,23.0,55.0,17.8,77.4,5.133,1,1,1,1,1
2026-08-09T12,20.0,63.0,16.6,60.665,5.025,1,1,1,1,1
2026-08-09T13,44.0,92.0,,37.775,5.45,1,1,0,1,1
2026-08-09T14,5.0,88.0,,28.775,5.475,1,1,0,1,1
2026-08-09T15,29.0,101.0,,27.098,4.35,1,1,0,1,1
2026-08-09T16,29.0,94.0,,18.017,4.6,1,1,0,1,1
2026-08-09T17,50.0,124.0,,11.68,4.95,1,1,0,1,1
2026-08-09T18,57.0,141.0,,6.49,7.0,1,1,0,1,1
2026-08-09T19,72.0,164.0,,8.572,6.875,1,1,0,1,1
2026-08-09T20,43.0,114.0,,10.623,7.075,1,1,0,1,1
2026-08-09T21,66.0,110.0,,10.027,6.45,1,1,0,1,1
2026-08-09T22,,102.0,,12.047,6.35,0,1,0,1,1
2026-08-09T23,11.0,74.0,,12.48,6.525,1,1,0,1,1
2026-08-10T00,37.0,70.0,,9.408,6.3,1,1,0,1,1
2026-08-10T01,4.0,83.0,,6.357,6.275,1,1,0,1,1
2026-08-10T02,,61.0,,20.597,6.4,0,1,0,1,1
2026-08-10T03,,61.0,,22.835,6.5,0,1,0,1,1
2026-08-10T04,58.0,77.0,9.967,41.395,5.85,1,1,1,1,1
2026-08-10T05,32.0,58.0,13.3,49.315,6.95,1,1,1,1,1
2026-08-10T06,38.0,72.0,10.15,60.598,6.9,1,1,1,1,1
2026-08-10T07,32.0,69.0,12.65,79.057,6.725,1,1,1,1,1
2026-08-10T08,48.0,72.0,21.425,82.252,7.425,1,1,1,1,1
2026-08-10T09,38.0,78.0,15.075,51.225,7.55,1,1,1,1,1
2026-08-10T10,,,65.65,20.045,8.075,0,0,1,1,1
2026-08-10T11,,,52.0,24.31,7.3,0,0,1,1,1
2026-08-10T12,23.0,41.0,68.7,12.498,6.7,1,1,1,1,1
2026-08-10T13,7.0,56.0,60.7,12.968,6.25,1,1,1,1,1
2026-08-10T14,65.0,85.0,62.625,8.957,7.025,1,1,1,1,1
2026-08-10T15,72.0,90.0,43.15,12.407,6.475,1,1,1,1,1
2026-08-10T16,5.0,101.0,42.775,8.942,6.5,1,1,1,1,1
2026-08-10T17,43.0,85.0,26.875,13.258,5.9,1,1,1,1,1
2026-08-10T18,33.0,64.0,5.1,20.42,7.4,1,1,1,1,1
2026-08-10T19,,40.0,10.3,26.24,7.775,0,1,1,1,1
2026-08-10T20,,27.0,8.25,29.102,7.525,0,1,1,1,1
2026-08-10T21,,30.0,10.767,24.65,7.867,0,1,1,1,1
2026-08-10T22,,47.0,13.4,20.175,7.25,0,1,1,1,1
2026-08-10T23,19.0,50.0,14.667,22.48,7.233,1,1,1,1,1
2026-08-11T00,,,21.3,15.97,7.425,0,0,1,1,1
2026-08-11T01,31.0,62.0,20.967,13.59,8.167,1,1,1,1,1
2026-08-11T02,43.0,59.0,23.65,16.793,7.575,1,1,1,1,1
2026-08-11T03,5.0,66.0,25.9,19.717,7.167,1,1,1,1,1
2026-08-11T04,40.0,74.0,36.7,18.675,7.5,1,1,1,1,1
2026-08-11T05,28.0,77.0,40.45,13.485,7.15,1,1,1,1,1
2026-08-11T06,56.0,91.0,37.35,19.29,7.7,1,1,1,1,1
2026-08-11T07,51.0,89.0,26.675,30.688,7.5,1,1,1,1,1
2026-08-11T08,26.0,57.0,21.8,43.565,8.1,1,1,1,1,1
2026-08-11T09,19.0,48.0,17.6,60.608,7.525,1,1,1,1,1
2026-08-11T10,27.0,59.0,16.7,65.665,7.95,1,1,1,1,1
2026-08-11T11,36.0,56.0,13.475,52.108,7.7,1,1,1,1,1
2026-08-11T12,22.0,50.0,17.45,43.9,6.975,1,1,1,1,1
2026-08-11T13,56.0,74.0,23.95,38.92,8.25,1,1,1,1,1
2026-08-11T14,48.0,78.0,36.725,17.625,7.8,1,1,1,1,1
2026-08-11T15,45.0,111.0,30.5,15.395,7.3,1,1,1,1,1
2026-08-11T16,33.0,100.0,30.35,13.0,8.075,1,1,1,1,1
2026-08-11T17,42.0,102.0,26.9,7.797,7.325,1,1,1,1,1
2026-08-11T19,28.0,67.0,19.6,13.62,9.6,1,1,1,1,1
2026-08-11T20,27.0,66.0,18.075,12.725,9.3,1,1,1,1,1
2026-08-11T21,49.0,77.0,23.3,13.828,9.225,1,1,1,1,1
2026-08-11T22,26.0,70.0,31.425,8.175,9.45,1,1,1,1,1
2026-08-11T23,49.0,84.0,38.725,5.94,9.4,1,1,1,1,1
2026-08-12T00,63.0,107.0,33.925,8.107,9.975,1,1,1,1,1
2026-08-12T01,8.0,84.0,36.475,10.485,10.025,1,1,1,1,1
2026-08-12T02,27.0,90.0,39.65,24.25,9.8,1,1,1,1,1
2026-08-12T03,35.0,89.0,25.675,53.898,10.925,1,1,1,1,1
2026-08-12T04,71.0,119.0,18.575,76.088,11.825,1,1,1,1,1
2026-08-12T05,29.0,62.0,9.4,76.233,13.7,1,1,1,1,1
2026-08-12T06,27.0,84.0,10.525,95.433,14.4,1,1,1,1,1
2026-08-12T07,27.0,69.0,27.35,110.85,14.05,1,1,1,1,1
2026-08-12T08,50.0,106.0,16.333,135.648,13.3,1,1,1,1,1
2026-08-12T09,56.0,91.0,17.067,148.47,13.3,1,1,1,1,1
2026-08-12T10,35.0,95.0,18.8,158.927,12.275,1,1,1,1,1
2026-08-12T11,41.0,111.0,32.275,161.472,11.525,1,1,1,1,1
2026-08-12T12,41.0,116.0,34.3,137.38,11.6,1,1,1,1,1
2026-08-12T13,39.0,134.0,42.475,109.39,10.1,1,1,1,1,1
2026-08-12T14,53.0,140.0,37.925,96.725,8.85,1,1,1,1,1
2026-08-12T15,41.0,136.0,34.1,85.053,7.625,1,1,1,1,1
2026-08-12T16,69.0,160.0,51.25,39.13,8.5,1,1,1,1,1
2026-08-12T17,51.0,197.0,43.25,16.822,7.525,1,1,1,1,1
2026-08-12T18,42.0,156.0,26.1,21.25,7.9,1,1,1,1,1
2026-08-12T19,33.0,110.0,28.475,19.958,7.875,1,1,1,1,1
2026-08-12T20,34.0,116.0,34.55,11.488,8.375,1,1,1,1,1
2026-08-12T21,13.0,111.0,36.533,10.4,8.1,1,1,1,1,1
2026-08-12T23,27.0,89.0,38.5,,7.3,1,1,1,0,1
2026-08-13T00,,88.0,36.0,8.1,8.175,0,1,1,1,1
2026-08-13T01,,64.0,34.1,8.433,7.7,0,1,1,1,1
2026-08-13T02,,70.0,31.6,17.46,7.4,0,1,1,1,1
2026-08-13T03,20.0,85.0,31.567,42.533,7.033,1,1,1,1,1
2026-08-13T04,34.0,111.0,20.175,82.795,8.175,1,1,1,1,1
2026-08-13T05,23.0,85.0,12.033,96.007,9.533,1,1,1,1,1
2026-08-13T06,12.0,57.0,21.525,128.4,9.775,1,1,1,1,1
2026-08-13T07,36.0,91.0,21.167,123.047,10.267,1,1,1,1,1
2026-08-13T08,25.0,88.0,23.825,88.465,9.425,1,1,1,1,1
2026-08-13T09,22.0,66.0,24.667,75.597,9.167,1,1,1,1,1
2026-08-13T10,,48.0,25.5,69.968,8.55,0,1,1,1,1
2026-08-13T11,8.0,47.0,28.733,55.527,8.433,1,1,1,1,1
2026-08-13T12,13.0,61.0,46.85,44.41,7.725,1,1,1,1,1
2026-08-13T13,19.0,77.0,83.95,22.465,7.95,1,1,1,1,1
2026-08-13T14,15.0,123.0,99.175,11.335,8.075,1,1,1,1,1
2026-08-13T15,18.0,177.0,99.85,6.32,8.175,1,1,1,1,1
2026-08-13T16,44.0,229.0,98.35,5.17,9.025,1,1,1,1,1
2026-08-13T17,26.0,167.0,101.85,4.773,9.475,1,1,1,1,1
2026-08-13T18,41.0,179.0,92.1,4.39,9.1,1,1,1,1,1
2026-08-13T19,41.0,230.0,74.8,4.72,8.725,1,1,1,1,1
2026-08-13T20,47.0,249.0,64.7,5.46,8.3,1,1,1,1,1
2026-08-13T21,29.0,185.0,63.75,4.598,8.65,1,1,1,1,1
2026-08-13T22,14.0,129.0,55.0,4.542,,1,1,1,1,0
2026-08-13T23,24.0,103.0,57.375,5.315,,1,1,1,1,0
2026-08-14T00,9.0,77.0,45.425,5.433,,1,1,1,1,0
2026-08-14T01,9.0,72.0,31.85,7.782,,1,1,1,1,0
2026-08-14T02,8.0,79.0,32.425,9.805,,1,1,1,1,0
2026-08-14T03,11.0,86.0,31.025,14.69,,1,1,1,1,0
2026-08-14T04,12.0,83.0,25.65,17.932,,1,1,1,1,0
2026-08-14T05,11.0,79.0,30.15,25.255,,1,1,1,1,0
2026-08-14T06,21.0,105.0,27.875,33.263,,1,1,1,1,0
2026-08-14T07,28.0,96.0,22.475,44.417,10.875,1,1,1,1,1
2026-08-14T08,,20.0,34.575,35.897,11.5,0,1,1,1,1
2026-08-14T09,12.0,,46.1,27.48,12.5,1,0,1,1,1
2026-08-14T10,,19.0,50.75,31.1,12.1,0,1,1,1,1
2026-08-14T11,15.0,35.0,58.875,30.747,11.35,1,1,1,1,1
2026-08-14T12,27.0,56.0,76.675,17.05,11.3,1,1,1,1,1
2026-08-14T13,6.0,64.0,57.167,18.893,11.0,1,1,1,1,1
2026-08-14T14,32.0,64.0,46.85,15.197,11.225,1,1,1,1,1
2026-08-14T15,,66.0,45.067,19.563,10.867,0,1,1,1,1
2026-08-14T16,43.0,83.0,47.75,14.7,10.625,1,1,1,1,1
2026-08-14T17,49.0,80.0,29.067,16.233,10.367,1,1,1,1,1
2026-08-14T18,27.0,62.0,15.8,21.89,7.5,1,1,1,1,1
2026-08-14T19,28.0,41.0,15.5,16.413,6.633,1,1,1,1,1
2026-08-14T20,,59.0,27.9,9.93,6.125,0,1,1,1,1
2026-08-14T21,3.0,59.0,42.3,3.61,6.4,1,1,1,1,1
2026-08-14T22,31.0,63.0,37.5,6.76,5.1,1,1,1,1,1
2026-08-14T23,66.0,72.0,37.475,10.845,5.4,1,1,1,1,1
2026-08-15T00,,,30.85,9.837,6.5,0,0,1,1,1
2026-08-15T01,25.0,90.0,39.525,7.673,6.525,1,1,1,1,1
2026-08-15T02,84.0,146.0,48.85,16.413,6.475,1,1,1,1,1
2026-08-15T03,85.0,150.0,35.025,24.735,6.225,1,1,1,1,1
2026-08-15T04,96.0,140.0,21.5,64.987,5.45,1,1,1,1,1
2026-08-15T05,47.0,81.0,13.675,70.59,5.55,1,1,1,1,1
2026-08-15T06,27.0,73.0,9.625,57.443,5.5,1,1,1,1,1
2026-08-15T07,23.0,45.0,10.45,69.332,5.55,1,1,1,1,1
2026-08-15T08,40.0,61.0,11.325,62.335,6.15,1,1,1,1,1
2026-08-15T09,8.0,56.0,6.425,58.765,6.1,1,1,1,1,1
2026-08-15T10,24.0,63.0,9.475,65.823,7.95,1,1,1,1,1
2026-08-15T11,15.0,57.0,10.3,60.235,7.925,1,1,1,1,1
2026-08-15T12,19.0,66.0,16.325,55.365,7.75,1,1,1,1,1
2026-08-15T13,55.0,86.0,30.025,37.89,7.4,1,1,1,1,1
2026-08-15T14,17.0,116.0,36.075,28.567,6.675,1,1,1,1,1
2026-08-15T15,56.0,134.0,54.175,16.9,7.25,1,1,1,1,1
2026-08-15T16,35.0,168.0,53.925,10.485,7.625,1,1,1,1,1
2026-08-15T17,66.0,186.0,56.375,7.39,6.6,1,1,1,1,1
2026-08-15T21,10.0,79.0,32.9,8.04,6.2,1,1,1,1,1
2026-08-15T22,5.0,74.0,29.3,4.407,6.575,1,1,1,1,1
2026-08-15T23,,66.0,16.5,8.007,6.633,0,1,1,1,1
2026-08-16T00,6.0,56.0,16.075,7.538,7.325,1,1,1,1,1
2026-08-16T01,,68.0,16.7,13.567,7.233,0,1,1,1,1
2026-08-16T02,,74.0,9.433,20.232,6.575,0,1,1,1,1
2026-08-16T03,22.0,83.0,11.4,21.847,7.133,1,1,1,1,1
2026-08-16T04,22.0,99.0,,33.91,7.325,1,1,0,1,1
2026-08-16T05,29.0,105.0,,44.633,6.967,1,1,0,1,1
2026-08-16T06,39.0,110.0,16.4,59.23,7.65,1,1,1,1,1
2026-08-16T07,11.0,114.0,,64.863,7.467,1,1,0,1,1
2026-08-16T08,25.0,122.0,14.5,68.805,7.45,1,1,1,1,1
2026-08-16T09,21.0,110.0,9.167,74.99,7.725,1,1,1,1,1
2026-08-16T10,20.0,99.0,13.733,74.035,7.7,1,1,1,1,1
2026-08-16T11,56.0,136.0,18.1,64.17,7.875,1,1,1,1,1
2026-08-16T12,36.0,122.0,,47.683,7.525,1,1,0,1,1
2026-08-16T13,35.0,139.0,38.7,26.998,7.1,1,1,1,1,1
2026-08-16T14,30.0,162.0,48.25,14.065,7.025,1,1,1,1,1
2026-08-16T15,32.0,168.0,,9.065,7.475,1,1,0,1,1
2026-08-16T16,36.0,160.0,,8.947,6.6,1,1,0,1,1
2026-08-16T17,30.0,199.0,,8.918,6.15,1,1,0,1,1
2026-08-16T18,22.0,157.0,,7.86,3.1,1,1,0,1,1
2026-08-16T19,15.0,135.0,48.35,3.175,1.825,1,1,1,1,1
2026-08-16T22,36.0,112.0,28.6,11.31,2.3,1,1,1,1,1
2026-08-16T23,28.0,75.0,25.2,12.133,1.925,1,1,1,1,1
2026-08-17T00,4.0,77.0,,10.963,1.85,1,1,0,1,1
2026-08-17T01,3.0,85.0,,10.465,2.1,1,1,0,1,1
2026-08-17T02,,96.0,,17.995,2.225,0,1,0,1,1
2026-08-17T03,6.0,113.0,,23.332,2.675,1,1,0,1,1
2026-08-17T04,2.0,144.0,22.0,31.957,3.425,1,1,1,1,1
2026-08-17T05,4.0,119.0,17.7,49.755,3.525,1,1,1,1,1
2026-08-17T06,21.0,95.0,,57.753,3.6,1,1,0,1,1
2026-08-17T07,24.0,94.0,12.025,83.98,5.975,1,1,1,1,1
2026-08-17T08,22.0,111.0,14.275,78.722,4.7,1,1,1,1,1
2026-08-17T09,24.0,114.0,14.767,75.793,4.633,1,1,1,1,1
2026-08-17T10,37.0,110.0,15.95,69.467,3.8,1,1,1,1,1
2026-08-17T11,26.0,95.0,15.567,61.557,4.067,1,1,1,1,1
2026-08-17T12,8.0,100.0,23.825,51.675,4.275,1,1,1,1,1
2026-08-17T13,25.0,127.0,42.167,32.883,3.933,1,1,1,1,1
2026-08-17T14,33.0,146.0,55.55,16.402,3.725,1,1,1,1,1
2026-08-17T15,34.0,141.0,59.7,7.16,3.525,1,1,1,1,1
2026-08-17T16,20.0,149.0,50.35,7.805,4.075,1,1,1,1,1
2026-08-17T17,23.0,122.0,32.75,11.547,3.525,1,1,1,1,1
2026-08-17T18,,100.0,46.7,4.84,6.5,0,1,1,1,1
2026-08-17T19,31.0,101.0,34.0,6.037,8.05,1,1,1,1,1
2026-08-17T20,12.0,75.0,30.2,11.88,8.025,1,1,1,1,1
2026-08-17T21,8.0,74.0,32.075,9.965,6.95,1,1,1,1,1
2026-08-17T22,,77.0,25.2,14.135,6.875,0,1,1,1,1
2026-08-17T23,16.0,73.0,22.25,15.6,7.225,1,1,1,1,1
2026-08-18T00,7.0,72.0,25.525,13.88,6.675,1,1,1,1,1
2026-08-18T01,14.0,68.0,23.8,13.767,6.75,1,1,1,1,1
2026-08-18T02,20.0,85.0,24.35,13.935,7.525,1,1,1,1,1
2026-08-18T03,23.0,122.0,20.425,26.515,7.65,1,1,1,1,1
2026-08-18T04,15.0,116.0,19.525,43.745,8.45,1,1,1,1,1
2026-08-18T05,27.0,112.0,15.8,70.15,8.4,1,1,1,1,1
2026-08-18T06,34.0,118.0,14.125,88.44,8.875,1,1,1,1,1
2026-08-18T07,26.0,122.0,13.833,99.34,9.367,1,1,1,1,1
2026-08-18T08,22.0,124.0,15.975,86.277,7.9,1,1,1,1,1
2026-08-18T09,21.0,110.0,18.067,77.457,8.4,1,1,1,1,1
2026-08-18T10,36.0,127.0,15.425,94.008,8.675,1,1,1,1,1
2026-08-18T11,23.0,112.0,22.1,96.057,8.067,1,1,1,1,1
2026-08-18T12,47.0,133.0,34.075,84.683,8.8,1,1,1,1,1
2026-08-18T13,46.0,166.0,45.0,55.587,9.2,1,1,1,1,1
2026-08-18T14,41.0,191.0,50.6,33.935,8.575,1,1,1,1,1
2026-08-18T15,32.0,155.0,43.167,29.543,8.967,1,1,1,1,1
2026-08-18T16,27.0,143.0,40.05,30.935,8.675,1,1,1,1,1
2026-08-18T17,31.0,133.0,31.85,37.95,8.05,1,1,1,1,1
2026-08-18T18,46.0,112.0,30.966,7.36,7.875,2,2,2,1,2
2026-08-18T19,,62.0,17.25,16.395,6.525,0,1,1,1,1
2026-08-18T20,37.0,44.0,17.2,19.355,6.45,1,1,1,1,1
2026-08-18T21,,47.0,32.15,13.035,7.425,0,1,1,1,1
2026-08-18T22,15.0,63.0,33.425,11.157,6.425,1,1,1,1,1
2026-08-18T23,5.0,57.0,28.275,13.453,6.95,1,1,1,1,1
2026-08-19T00,97.0,134.0,26.35,11.012,7.075,1,1,1,1,1
2026-08-19T01,36.0,108.0,34.65,14.998,7.125,1,1,1,1,1
2026-08-19T02,,110.0,30.975,13.85,7.025,0,1,1,1,1
2026-08-19T03,40.0,123.0,27.525,19.17,8.65,1,1,1,1,1
2026-08-19T04,31.0,171.0,24.325,37.948,9.1,1,1,1,1,1
2026-08-19T05,35.0,155.0,13.2,62.123,8.9,1,1,1,1,1
2026-08-19T06,41.0,134.0,24.225,84.562,9.05,1,1,1,1,1
2026-08-19T07,45.0,144.0,12.3,93.412,9.75,1,1,1,1,1
2026-08-19T08,18.0,121.0,8.75,102.52,10.525,1,1,1,1,1
2026-08-19T09,20.0,125.0,14.925,122.74,9.9,1,1,1,1,1
2026-08-19T10,34.0,133.0,20.0,146.207,9.3,1,1,1,1,1
2026-08-19T11,38.0,151.0,19.45,127.59,9.15,1,1,1,1,1
2026-08-19T12,43.0,168.0,22.125,76.29,9.125,1,1,1,1,1
2026-08-19T13,21.0,101.0,30.75,55.825,8.525,1,1,1,1,1
2026-08-19T14,,138.0,31.775,52.385,8.0,0,1,1,1,1
2026-08-19T15,59.0,152.0,38.025,39.835,8.075,1,1,1,1,1
2026-08-19T16,28.0,106.0,32.275,35.365,8.825,1,1,1,1,1
2026-08-19T17,25.0,88.0,29.85,33.945,8.25,1,1,1,1,1
2026-08-19T18,41.0,106.0,38.267,37.386,8.85,2,2,2,2,2
2026-08-19T19,36.0,129.0,46.775,19.212,9.025,1,1,1,1,1
2026-08-19T20,17.0,113.0,33.15,16.625,9.225,1,1,1,1,1
2026-08-19T21,,102.0,15.875,28.102,9.125,0,1,1,1,1
2026-08-19T22,,66.0,14.95,23.985,9.15,0,1,1,1,1
2026-08-19T23,,38.0,21.775,14.425,9.25,0,1,1,1,1
2026-08-20T00,,45.0,23.175,14.867,9.825,0,1,1,1,1
2026-08-20T01,,58.0,29.025,14.615,9.075,0,1,1,1,1
2026-08-20T02,,85.0,28.7,8.73,9.55,0,1,1,1,1
2026-08-20T03,,96.0,33.325,18.18,10.275,0,1,1,1,1
2026-08-20T04,,128.0,27.975,41.078,9.7,0,1,1,1,1
2026-08-20T05,,138.0,20.775,76.005,9.625,0,1,1,1,1
2026-08-20T06,,129.0,20.1,110.343,9.6,0,1,1,1,1
2026-08-20T07,33.0,147.0,20.95,126.792,10.8,1,1,1,1,1
2026-08-20T08,57.0,158.0,18.05,129.217,11.6,1,1,1,1,1
2026-08-20T09,27.0,139.0,15.675,129.312,11.725,1,1,1,1,1
2026-08-20T10,39.0,147.0,14.9,119.473,11.45,1,1,1,1,1
2026-08-20T11,28.0,124.0,54.875,57.26,11.125,1,1,1,1,1
2026-08-20T12,49.0,66.0,54.325,49.688,10.225,1,1,1,1,1
2026-08-20T13,48.0,95.0,50.05,34.172,10.025,1,1,1,1,1
2026-08-20T14,57.0,112.0,49.025,22.468,9.55,1,1,1,1,1
2026-08-20T15,48.0,88.0,67.9,25.193,9.025,1,1,1,1,1
2026-08-20T16,55.0,141.0,59.875,22.657,8.8,1,1,1,1,1
2026-08-20T17,47.0,156.0,56.5,19.282,8.75,1,1,1,1,1
2026-08-20T18,49.0,174.0,59.2,7.43,6.9,1,1,1,1,1
2026-08-20T19,61.0,169.0,50.65,12.03,6.4,1,1,1,1,1
2026-08-20T20,78.0,169.0,36.375,17.313,6.3,1,1,1,1,1
2026-08-20T21,37.0,150.0,43.225,5.41,6.2,1,1,1,1,1
2026-08-20T22,1.0,121.0,26.15,1.437,6.675,1,1,1,1,1
2026-08-20T23,,91.0,19.75,5.887,6.225,0,1,1,1,1
2026-08-21T00,2.0,85.0,17.225,13.18,6.275,1,1,1,1,1
2026-08-21T01,5.0,90.0,19.625,15.133,6.025,1,1,1,1,1
2026-08-21T02,15.0,108.0,16.175,19.205,6.975,1,1,1,1,1
2026-08-21T03,20.0,121.0,18.425,29.175,6.375,1,1,1,1,1
2026-08-21T04,30.0,134.0,14.8,45.227,8.125,1,1,1,1,1
2026-08-21T05,29.0,121.0,10.875,68.33,7.975,1,1,1,1,1
2026-08-21T06,27.0,,13.9,82.513,8.675,1,0,1,1,1
2026-08-21T07,22.0,,15.475,82.14,8.425,1,0,1,1,1
2026-08-21T08,18.0,99.0,14.4,75.685,8.625,1,1,1,1,1
2026-08-21T09,16.0,100.0,15.3,78.215,8.75,1,1,1,1,1
2026-08-21T10,12.0,97.0,11.125,81.468,8.825,1,1,1,1,1
2026-08-21T11,14.0,84.0,11.85,77.5,7.975,1,1,1,1,1
2026-08-21T12,12.0,72.0,16.325,67.017,8.075,1,1,1,1,1
2026-08-21T13,23.0,78.0,29.925,51.195,7.175,1,1,1,1,1
2026-08-21T14,40.0,96.0,38.375,40.425,6.825,1,1,1,1,1
2026-08-21T15,26.0,116.0,33.275,39.362,6.4,1,1,1,1,1
2026-08-21T16,19.0,96.0,20.575,31.01,6.875,1,1,1,1,1
2026-08-21T17,23.0,116.0,39.35,18.012,7.1,1,1,1,1,1
2026-08-21T18,17.0,112.0,21.5,24.36,7.5,1,1,1,1,1
2026-08-21T19,12.0,79.0,22.775,24.717,6.725,1,1,1,1,1
2026-08-21T20,10.0,79.0,35.075,17.877,6.9,1,1,1,1,1
2026-08-21T21,,75.0,18.933,28.02,6.633,0,1,1,1,1
2026-08-21T22,,24.0,25.05,28.302,6.7,0,1,1,1,1
2026-08-21T23,,27.0,22.933,23.103,6.233,0,1,1,1,1
2026-08-22T00,,30.0,21.15,21.4,6.4,0,1,1,1,1
2026-08-22T01,,28.0,24.633,10.78,6.967,0,1,1,1,1
2026-08-22T02,,36.0,29.85,12.32,6.675,0,1,1,1,1
2026-08-22T03,4.0,68.0,18.467,20.22,6.633,1,1,1,1,1
2026-08-22T04,11.0,90.0,10.8,38.93,6.275,1,1,1,1,1
2026-08-22T05,30.0,95.0,11.633,55.637,6.333,1,1,1,1,1
2026-08-22T06,24.0,112.0,12.7,69.115,7.525,1,1,1,1,1
2026-08-22T07,6.0,107.0,12.85,82.358,7.8,1,1,1,1,1
2026-08-22T08,23.0,108.0,12.175,72.485,8.225,1,1,1,1,1
2026-08-22T09,20.0,105.0,9.65,74.207,8.025,1,1,1,1,1
2026-08-22T10,22.0,95.0,18.775,86.147,7.25,1,1,1,1,1
2026-08-22T11,41.0,140.0,24.8,96.172,8.275,1,1,1,1,1
2026-08-22T12,38.0,150.0,36.475,105.26,8.45,1,1,1,1,1
2026-08-22T13,45.0,174.0,28.875,60.418,7.725,1,1,1,1,1
2026-08-22T14,7.0,149.0,36.425,41.03,7.8,1,1,1,1,1
2026-08-22T15,52.0,193.0,36.2,54.57,7.55,1,1,1,1,1
2026-08-22T16,44.0,164.0,33.25,61.25,6.75,1,1,1,1,1
2026-08-22T17,27.0,156.0,26.75,52.953,6.825,1,1,1,1,1
2026-08-22T18,44.0,84.0,14.4,44.9,7.0,1,1,1,1,1
2026-08-22T19,35.0,78.0,15.95,42.428,6.125,1,1,1,1,1
2026-08-22T21,25.0,84.0,19.3,22.66,7.7,1,1,1,1,1
2026-08-22T22,24.0,79.0,18.45,19.178,6.95,1,1,1,1,1
2026-08-22T23,31.0,95.0,14.375,10.433,6.575,1,1,1,1,1
2026-08-23T00,,73.0,10.05,21.61,6.45,0,1,1,1,1
2026-08-23T01,16.0,31.0,20.75,22.237,6.45,1,1,1,1,1
2026-08-23T02,33.0,35.0,15.875,20.405,6.95,1,1,1,1,1
2026-08-23T03,,39.0,10.725,24.617,6.775,0,1,1,1,1
2026-08-23T04,,38.0,15.875,34.565,6.825,0,1,1,1,1
2026-08-23T05,4.0,31.0,23.125,29.218,8.2,1,1,1,1,1
2026-08-23T06,3.0,40.0,24.875,41.127,7.5,1,1,1,1,1
2026-08-23T07,32.0,66.0,24.975,54.22,7.425,1,1,1,1,1
2026-08-23T08,21.0,83.0,18.95,80.525,8.375,1,1,1,1,1
2026-08-23T09,27.0,112.0,17.05,90.655,8.5,1,1,1,1,1
2026-08-23T10,23.0,108.0,11.7,81.688,8.475,1,1,1,1,1
2026-08-23T11,26.0,107.0,12.367,72.107,9.167,1,1,1,1,1
2026-08-23T12,19.0,86.0,26.3,68.167,8.575,1,1,1,1,1
2026-08-23T13,36.0,83.0,33.033,50.157,8.6,1,1,1,1,1
2026-08-23T14,36.0,103.0,47.4,26.22,8.95,1,1,1,1,1
2026-08-23T15,45.0,161.0,60.667,13.39,8.833,1,1,1,1,1
2026-08-23T16,51.0,164.0,75.225,11.36,8.075,1,1,1,1,1
2026-08-23T17,82.0,197.0,81.5,12.15,8.033,1,1,1,1,1
2026-08-23T19,47.0,166.0,38.2,12.21,4.1,1,1,1,1,1
2026-08-23T20,41.0,129.0,46.45,7.613,4.025,1,1,1,1,1
2026-08-23T21,61.0,171.0,54.075,3.95,4.2,1,1,1,1,1
2026-08-23T22,49.0,146.0,51.7,7.675,4.375,1,1,1,1,1
2026-08-23T23,27.0,135.0,54.45,4.572,4.375,1,1,1,1,1
2026-08-24T00,22.0,155.0,51.775,6.867,4.775,1,1,1,1,1
2026-08-24T01,27.0,141.0,59.125,7.89,4.7,1,1,1,1,1
2026-08-24T02,42.0,157.0,72.95,12.062,5.2,1,1,1,1,1
2026-08-24T03,33.0,204.0,80.175,23.312,4.7,1,1,1,1,1
2026-08-24T04,24.0,189.0,19.85,46.17,4.75,1,1,1,1,1
2026-08-24T05,57.0,152.0,44.2,21.185,6.95,1,1,1,1,1
2026-08-24T06,14.0,48.0,51.1,24.06,7.4,1,1,1,1,1
2026-08-24T07,,24.0,31.025,27.275,6.425,0,1,1,1,1
2026-08-24T08,,6.0,43.95,22.23,4.775,0,1,1,1,1
2026-08-24T09,18.0,30.0,49.725,20.51,4.5,1,1,1,1,1
2026-08-24T10,12.0,34.0,48.8,27.995,4.075,1,1,1,1,1
2026-08-24T11,16.0,38.0,35.975,38.71,4.55,1,1,1,1,1
2026-08-24T12,29.0,53.0,49.8,37.807,4.075,1,1,1,1,1
2026-08-24T13,49.0,79.0,55.075,27.062,4.95,1,1,1,1,1
2026-08-24T14,68.0,85.0,80.6,17.568,4.575,1,1,1,1,1
2026-08-24T15,46.0,129.0,92.075,6.4,4.25,1,1,1,1,1
2026-08-24T16,83.0,119.0,75.65,5.95,3.9,1,1,1,1,1
2026-08-24T17,68.0,117.0,68.375,7.6,4.35,1,1,1,1,1
2026-08-24T18,105.0,147.0,57.2,11.216,4.7,2,2,2,2,2
2026-08-24T19,,,55.175,11.315,5.8,0,0,1,1,1
2026-08-24T20,,,38.725,3.627,5.425,0,0,1,1,1
2026-08-24T21,,,28.375,10.997,5.3,0,0,1,1,1
2026-08-24T22,,,27.525,16.4,5.35,0,0,1,1,1
2026-08-24T23,,,32.0,11.14,4.75,0,0,1,1,1
2026-08-25T00,73.0,92.0,25.775,10.903,5.675,1,1,1,1,1
2026-08-25T01,,75.0,10.5,25.883,6.25,0,1,1,1,1
2026-08-25T02,,23.0,18.2,39.01,6.125,0,1,1,1,1
2026-08-25T03,14.0,25.0,23.875,54.347,5.45,1,1,1,1,1
2026-08-25T04,14.0,41.0,25.375,94.028,6.0,1,1,1,1,1
2026-08-25T05,61.0,88.0,22.525,126.005,5.875,1,1,1,1,1
2026-08-25T06,38.0,116.0,14.6,131.255,6.6,1,1,1,1,1
2026-08-25T07,20.0,101.0,18.45,126.68,7.325,1,1,1,1,1
2026-08-25T08,25.0,94.0,23.2,126.788,8.0,1,1,1,1,1
2026-08-25T09,36.0,103.0,19.95,148.148,8.975,1,1,1,1,1
2026-08-25T10,42.0,95.0,21.225,92.648,8.125,1,1,1,1,1
2026-08-25T11,28.0,58.0,48.35,45.037,8.1,1,1,1,1,1
2026-08-25T12,,59.0,56.45,21.803,7.7,0,1,1,1,1
2026-08-25T13,26.0,34.0,47.375,15.57,6.675,1,1,1,1,1
2026-08-25T14,49.0,50.0,147.125,12.088,6.7,1,1,1,1,1
2026-08-25T15,81.0,83.0,57.65,9.718,7.65,1,1,1,1,1
2026-08-25T16,35.0,106.0,51.35,9.353,7.075,1,1,1,1,1
2026-08-25T17,22.0,100.0,49.275,10.26,6.35,1,1,1,1,1
2026-08-25T18,29.0,92.0,63.5,8.135,5.85,2,2,2,2,2
2026-08-25T19,57.0,88.0,63.8,7.688,5.3,1,1,1,1,1
2026-08-25T20,48.0,117.0,64.375,8.715,5.575,1,1,1,1,1
2026-08-25T21,71.0,118.0,63.975,17.365,5.7,1,1,1,1,1
2026-08-25T22,62.0,101.0,60.65,10.593,5.975,1,1,1,1,1
2026-08-25T23,44.0,103.0,36.475,5.613,5.25,1,1,1,1,1
2026-08-26T00,61.0,91.0,37.8,5.595,5.525,1,1,1,1,1
2026-08-26T01,110.0,112.0,34.725,8.07,6.0,1,1,1,1,1
2026-08-26T02,55.0,114.0,32.575,12.133,5.9,1,1,1,1,1
2026-08-26T03,52.0,106.0,41.425,29.273,6.225,1,1,1,1,1
2026-08-27T05,56.0,169.667,,20.05,,1,1,0,1,0
2026-08-27T06,72.0,195.25,35.325,,7.55,1,1,1,0,1
2026-08-27T07,97.25,221.5,35.95,125.073,6.425,1,1,1,1,1
2026-08-27T08,51.0,198.0,25.15,41.245,7.2,1,1,1,1,1
2026-08-27T09,63.0,168.0,10.9,4.43,8.0,1,1,1,1,1
2026-08-28T18,46.334,257.334,56.534,8.925,5.5,2,2,2,2,1
2026-08-28T19,26.0,214.75,47.95,,5.85,1,1,1,0,1
2026-08-28T20,20.5,144.25,29.075,3.333,5.45,1,1,1,1,1
2026-08-28T21,21.25,101.75,19.625,4.027,5.425,1,1,1,1,1
2026-08-28T22,19.0,89.75,15.4,4.043,5.1,1,1,1,1,1
2026-08-28T23,18.0,92.5,14.7,4.498,5.1,1,1,1,1,1
2026-08-29T00,11.75,96.75,16.525,7.213,5.225,1,1,1,1,1
2026-08-29T01,2.0,105.0,12.8,8.27,5.0,1,1,1,1,1
2026-08-30T00,15.667,96.667,14.133,14.06,7.033,1,1,1,1,1
2026-08-30T01,7.25,90.5,12.3,16.598,7.1,1,1,1,1,1
2026-08-30T02,22.5,98.75,9.25,19.968,7.175,1,1,1,1,1
2026-08-30T03,26.5,125.25,10.825,28.07,7.05,1,1,1,1,1
2026-08-30T04,15.25,148.0,12.225,33.578,7.6,1,1,1,1,1
2026-08-30T05,16.75,162.0,12.65,43.605,7.85,1,1,1,1,1
2026-08-30T06,30.75,170.25,10.075,51.89,8.1,1,1,1,1,1
2026-08-30T07,37.25,175.5,8.2,65.463,8.525,1,1,1,1,1
2026-08-30T08,25.25,170.5,12.575,80.323,8.825,1,1,1,1,1
2026-08-30T09,11.5,168.25,8.8,81.463,8.825,1,1,1,1,1
2026-08-30T10,30.0,165.0,14.55,76.31,8.45,1,1,1,1,1
2026-08-30T11,26.75,167.5,18.95,58.28,8.325,1,1,1,1,1
2026-08-30T12,26.0,187.0,27.975,51.017,7.85,1,1,1,1,1
2026-08-30T13,28.0,198.0,41.3,36.725,7.325,1,1,1,1,1
2026-08-30T14,34.5,202.0,43.575,36.74,8.025,1,1,1,1,1
2026-08-30T15,38.5,198.0,29.8,34.395,7.225,1,1,1,1,1
2026-08-30T16,45.25,197.25,27.55,25.775,7.525,1,1,1,1,1
2026-08-30T17,38.25,168.75,25.6,19.918,8.0,1,1,1,1,1
2026-08-30T18,22.166,142.334,25.35,16.72,7.7,2,2,2,2,1
2026-08-30T19,15.75,131.0,34.925,7.747,7.3,1,1,1,1,1
2026-08-30T20,31.0,124.75,32.175,9.32,7.3,1,1,1,1,1
2026-08-30T21,39.25,124.5,27.625,5.96,7.625,1,1,1,1,1
2026-08-30T22,1.25,101.0,32.225,1.68,8.525,1,1,1,1,1
2026-08-30T23,3.0,100.25,23.725,5.707,7.825,1,1,1,1,1
2026-08-31T00,8.0,83.75,15.5,12.255,7.675,1,1,1,1,1
2026-08-31T01,18.5,103.0,17.8,15.335,7.725,1,1,1,1,1
2026-08-31T02,26.5,129.25,17.8,18.238,8.15,1,1,1,1,1
2026-08-31T03,13.5,140.25,22.45,21.455,7.75,1,1,1,1,1
2026-08-31T04,20.0,153.5,15.825,33.03,8.175,1,1,1,1,1
2026-08-31T05,9.75,159.25,12.175,43.49,8.725,1,1,1,1,1
2026-08-31T06,20.0,176.5,18.125,65.597,8.45,1,1,1,1,1
2026-08-31T07,30.5,187.25,16.3,77.87,9.35,1,1,1,1,1
2026-08-31T08,19.0,175.25,13.65,86.733,9.275,1,1,1,1,1
2026-08-31T09,22.25,163.25,12.85,79.93,9.775,1,1,1,1,1
2026-08-31T10,15.25,162.75,13.225,79.94,9.75,1,1,1,1,1
2026-08-31T11,20.0,166.75,17.6,68.333,9.225,1,1,1,1,1
2026-08-31T12,25.75,165.25,28.875,52.135,9.6,1,1,1,1,1
2026-08-31T13,32.25,172.75,39.2,29.422,8.75,1,1,1,1,1
2026-08-31T14,28.5,170.5,55.725,15.558,8.525,1,1,1,1,1
2026-08-31T15,31.75,161.0,61.275,10.285,8.975,1,1,1,1,1
2026-08-31T16,29.5,173.0,65.375,6.98,9.05,1,1,1,1,1
2026-08-31T17,34.0,173.0,76.767,9.69,8.933,1,1,1,1,1
2026-08-31T18,46.5,242.0,66.284,5.303,8.4,2,2,2,2,1
2026-08-31T19,33.25,203.0,65.225,5.693,8.525,1,1,1,1,1
2026-08-31T20,15.5,171.75,50.1,4.133,7.5,1,1,1,1,1
2026-08-31T21,16.0,113.75,34.725,6.53,7.375,1,1,1,1,1
2026-08-31T22,18.25,111.25,36.225,5.333,7.75,1,1,1,1,1
2026-08-31T23,7.0,101.0,28.3,8.773,7.525,1,1,1,1,1
2026-09-01T00,24.0,88.5,21.55,12.235,7.25,1,1,1,1,1
2026-09-01T01,24.25,99.5,25.15,11.485,7.8,1,1,1,1,1
2026-09-01T02,21.0,121.25,22.5,14.52,7.9,1,1,1,1,1
2026-09-01T03,11.5,151.5,15.275,28.632,8.125,1,1,1,1,1
2026-09-01T04,20.5,143.25,19.675,47.732,8.275,1,1,1,1,1
2026-09-01T05,25.5,151.75,15.125,65.808,9.9,1,1,1,1,1
2026-09-01T06,25.25,148.75,12.65,76.093,10.65,1,1,1,1,1
2026-09-01T07,22.25,127.0,12.7,84.38,12.75,1,1,1,1,1
2026-09-01T08,25.0,138.5,15.375,79.412,11.25,1,1,1,1,1
2026-09-01T09,14.0,140.75,8.025,79.27,11.875,1,1,1,1,1
2026-09-01T10,20.0,127.0,9.475,76.545,12.625,1,1,1,1,1
2026-09-01T11,28.0,133.75,31.275,69.922,11.4,1,1,1,1,1
2026-09-01T12,27.0,138.75,50.2,26.475,16.175,1,1,1,1,1
2026-09-01T13,25.0,118.5,23.9,42.377,16.35,1,1,1,1,1
2026-09-01T14,1.25,35.0,38.95,29.322,11.625,1,1,1,1,1
2026-09-01T15,2.75,47.5,48.475,16.523,10.425,1,1,1,1,1
2026-09-01T16,7.25,68.75,46.525,16.793,10.325,1,1,1,1,1
2026-09-01T17,15.25,76.5,45.975,15.93,9.875,1,1,1,1,1
2026-09-01T18,19.0,83.166,41.367,13.814,7.967,2,2,2,2,1
2026-09-01T19,19.5,75.75,28.7,18.422,7.9,1,1,1,1,1
2026-09-01T20,17.5,66.5,21.65,19.158,7.725,1,1,1,1,1
2026-09-01T21,9.75,73.5,31.5,9.157,7.475,1,1,1,1,1
2026-09-01T22,20.0,87.75,24.525,8.957,7.825,1,1,1,1,1
2026-09-01T23,22.25,79.5,26.975,6.952,7.6,1,1,1,1,1
2026-09-02T00,14.5,76.5,28.3,7.632,8.95,1,1,1,1,1
2026-09-02T01,25.5,83.75,28.675,10.315,10.4,1,1,1,1,1
2026-09-02T02,27.0,96.5,33.925,16.56,11.075,1,1,1,1,1
2026-09-02T03,30.0,103.25,28.8,23.158,14.1,1,1,1,1,1
2026-09-02T04,30.75,76.0,,25.77,,1,1,0,1,0
2026-09-02T05,6.75,58.5,,,,1,1,0,0,0
2026-09-02T06,8.25,63.75,,,,1,1,0,0,0
2026-09-02T07,5.5,42.75,,,,1,1,0,0,0
2026-09-02T08,4.0,24.5,,,,1,1,0,0,0
2026-09-02T09,,21.75,,49.725,,0,1,0,1,0
2026-09-02T10,2.0,38.25,25.6,34.755,23.65,1,1,1,1,1
2026-09-03T03,25.0,98.5,19.05,85.68,12.15,1,1,1,1,1
2026-09-03T04,25.0,95.0,9.975,94.55,11.475,1,1,1,1,1
2026-09-03T05,,42.75,9.325,50.67,12.375,0,1,1,1,1
2026-09-03T06,19.0,53.25,21.65,69.12,13.05,1,1,1,1,1
2026-09-03T07,18.0,62.25,21.175,47.727,14.85,1,1,1,1,1
2026-09-03T08,13.5,44.25,13.55,43.793,14.525,1,1,1,1,1
2026-09-03T09,16.0,52.5,6.025,28.785,14.65,1,1,1,1,1
2026-09-03T10,31.75,53.75,14.075,32.85,13.45,1,1,1,1,1
2026-09-03T11,16.75,46.0,12.65,39.705,12.175,1,1,1,1,1
2026-09-03T12,20.75,54.25,19.85,70.538,11.175,1,1,1,1,1
2026-09-03T13,22.25,62.5,22.9,120.095,10.225,1,1,1,1,1
2026-09-03T14,15.25,68.5,28.65,140.048,10.075,1,1,1,1,1
2026-09-03T15,29.0,75.0,39.45,138.15,9.875,1,1,1,1,1
2026-09-03T16,30.75,83.25,33.625,120.412,9.2,1,1,1,1,1
2026-09-03T17,21.75,75.25,21.7,66.065,10.35,1,1,1,1,1
2026-09-03T18,8.0,34.666,14.184,68.817,9.433,2,2,2,2,1
2026-09-03T19,15.0,46.5,17.425,23.735,8.05,1,1,1,1,1
2026-09-03T20,11.75,30.0,13.875,34.593,8.55,1,1,1,1,1
2026-09-03T21,23.75,39.75,8.825,30.203,8.0,1,1,1,1,1
2026-09-03T22,6.75,40.25,7.725,29.297,7.575,1,1,1,1,1
2026-09-03T23,3.0,36.5,10.925,58.705,7.875,1,1,1,1,1
2026-09-04T00,,41.0,10.0,73.945,7.35,0,1,1,1,1
2026-09-04T01,11.0,66.0,13.1,101.13,7.475,1,1,1,1,1
2026-09-04T02,9.75,63.75,16.05,89.203,7.2,1,1,1,1,1
2026-09-04T03,9.0,59.25,13.575,61.473,7.025,1,1,1,1,1
2026-09-04T04,17.25,68.0,16.35,38.36,8.325,1,1,1,1,1
2026-09-04T05,14.75,74.25,25.95,7.615,8.333,1,1,1,1,1
2026-09-04T06,16.25,73.25,16.0,,7.05,1,1,1,0,1
2026-09-04T07,23.25,67.0,9.35,9.23,6.45,1,1,1,1,1
2026-09-04T08,29.0,68.75,14.3,15.603,6.975,1,1,1,1,1
2026-09-04T09,35.0,80.5,19.2,18.865,7.9,1,1,1,1,1
2026-09-04T10,8.0,60.5,32.15,20.688,7.0,1,1,1,1,1
2026-09-04T11,6.0,27.5,46.4,39.305,6.45,1,1,1,1,1
2026-09-04T12,6.75,35.25,43.75,78.763,6.525,1,1,1,1,1
2026-09-04T13,13.5,23.25,55.7,95.505,6.85,1,1,1,1,1
2026-09-04T14,28.5,39.25,36.2,153.688,6.475,1,1,1,1,1
2026-09-04T15,25.5,40.0,26.525,106.22,6.3,1,1,1,1,1
2026-09-04T16,3.0,40.0,18.875,,6.2,1,1,1,0,1
2026-09-04T17,,,24.8,56.9,6.425,0,0,1,1,1
2026-09-04T18,,,23.684,77.121,6.333,0,0,2,2,1
2026-09-04T19,19.0,25.0,17.475,60.147,7.075,1,1,1,1,1
2026-09-04T20,19.0,23.75,14.875,,6.5,1,1,1,0,1
2026-09-04T21,,20.75,11.625,82.867,6.4,0,1,1,1,1
2026-09-04T22,,23.0,10.15,123.43,6.2,0,1,1,1,1
2026-09-04T23,,,13.825,41.15,6.55,0,0,1,1,1
2026-09-05T00,26.0,29.0,16.875,95.648,6.3,1,1,1,1,1
2026-09-05T01,26.0,32.0,21.2,105.393,7.4,1,1,1,1,1
2026-09-05T02,,45.25,32.2,109.273,7.3,0,1,1,1,1
2026-09-05T03,,59.25,32.0,97.9,7.25,0,1,1,1,1
2026-09-05T04,,50.75,14.325,,10.233,0,1,1,0,1
2026-09-05T05,,15.5,,1.187,,0,1,0,1,0
2026-09-05T06,33.0,26.75,,2.07,,1,1,0,1,0
2026-09-05T07,28.75,47.75,,,,1,1,0,0,0
2026-09-05T08,16.75,49.5,,,,1,1,0,0,0
2026-09-05T09,16.25,46.25,,,,1,1,0,0,0
2026-09-05T10,8.0,36.5,,,,1,1,0,0,0
2026-09-05T11,12.0,25.75,,,,1,1,0,0,0
2026-09-05T12,12.0,35.5,,,,1,1,0,0,0
2026-09-05T13,,37.25,,,,0,1,0,0,0
2026-09-05T14,,30.5,,,,0,1,0,0,0
2026-09-05T15,,35.0,,,,0,1,0,0,0
2026-09-05T16,,38.0,,,,0,1,0,0,0
2026-09-05T17,4.0,46.75,,,,1,1,0,0,0
2026-09-05T18,4.0,51.334,,,,2,2,0,0,0
2026-09-05T19,,74.0,,,,0,1,0,0,0
2026-09-05T20,,54.75,,,,0,1,0,0,0
2026-09-05T21,,34.5,,,,0,1,0,0,0
2026-09-05T22,9.0,39.0,,,,1,1,0,0,0
2026-09-05T23,9.0,38.25,,,,1,1,0,0,0
2026-09-06T00,13.0,37.0,,,,1,1,0,0,0
2026-09-06T01,14.75,42.0,,,,1,1,0,0,0
2026-09-06T02,20.0,49.75,,,,1,1,0,0,0
2026-09-06T03,,52.5,,,,0,1,0,0,0
2026-09-06T04,,54.5,,,,0,1,0,0,0
2026-09-06T05,,65.75,,,,0,1,0,0,0
2026-09-06T06,,15.0,,57.24,,0,1,0,1,0
2026-09-06T07,,18.0,,35.353,,0,1,0,1,0
2026-09-06T15,23.667,90.667,27.1,20.99,7.133,1,1,1,1,1
2026-09-06T16,45.5,110.5,27.575,21.432,7.65,1,1,1,1,1
2026-09-06T17,48.75,142.25,27.525,21.455,7.35,1,1,1,1,1
2026-09-06T18,37.334,154.334,28.666,21.343,6.8,2,2,2,2,1
2026-09-06T19,43.0,116.0,26.525,20.175,6.225,1,1,1,1,1
2026-09-06T20,75.25,124.0,25.8,23.44,6.55,1,1,1,1,1
2026-09-06T21,148.0,167.75,25.825,21.907,6.85,1,1,1,1,1
2026-09-06T22,49.25,102.25,28.85,22.247,7.125,1,1,1,1,1
2026-09-06T23,54.25,124.0,30.225,22.562,6.325,1,1,1,1,1
2026-09-07T00,71.25,99.0,29.675,22.403,6.8,1,1,1,1,1
2026-09-07T01,72.5,111.75,35.875,23.658,6.475,1,1,1,1,1
2026-09-07T02,41.667,132.0,34.95,29.532,6.625,1,1,1,1,1
2026-09-07T03,47.75,125.25,26.575,47.908,6.375,1,1,1,1,1
2026-09-07T04,41.25,104.25,18.2,88.287,6.55,1,1,1,1,1
2026-09-07T05,34.75,99.5,12.9,135.958,6.575,1,1,1,1,1
2026-09-07T06,38.5,97.25,9.1,134.81,6.525,1,1,1,1,1
2026-09-07T07,35.0,113.75,7.35,136.007,7.125,1,1,1,1,1
2026-09-07T08,35.0,117.75,7.175,123.555,6.775,1,1,1,1,1
2026-09-07T09,25.0,117.5,5.3,124.315,6.775,1,1,1,1,1
2026-09-07T10,28.333,105.0,6.625,120.157,6.4,1,1,1,1,1
2026-09-07T11,39.5,117.25,7.175,107.557,6.85,1,1,1,1,1
2026-09-07T12,44.667,129.5,11.95,79.855,7.15,1,1,1,1,1
2026-09-07T13,57.75,182.5,26.95,39.39,7.575,1,1,1,1,1
2026-09-07T14,84.5,246.25,35.7,25.537,6.975,1,1,1,1,1
2026-09-07T15,103.25,254.5,40.35,21.108,6.75,1,1,1,1,1
2026-09-07T16,67.5,203.5,38.125,20.695,8.15,1,1,1,1,1
2026-09-07T17,47.0,194.25,31.1,22.078,7.1,1,1,1,1,1
2026-09-07T18,38.834,180.0,34.5,20.184,5.333,2,2,2,2,1
2026-09-07T19,18.0,158.0,21.3,30.788,3.575,1,1,1,1,1
2026-09-07T20,28.25,87.25,13.975,34.567,2.925,1,1,1,1,1
2026-09-07T21,12.25,70.0,16.5,31.285,3.0,1,1,1,1,1
2026-09-07T22,6.75,61.75,16.05,28.235,3.275,1,1,1,1,1
2026-09-07T23,6.0,71.5,21.75,22.282,3.15,1,1,1,1,1
2026-09-08T00,7.0,94.75,25.9,21.032,3.475,1,1,1,1,1
2026-09-08T01,10.0,101.0,24.55,23.148,4.075,1,1,1,1,1
2026-09-08T02,13.25,114.25,15.125,32.002,3.375,1,1,1,1,1
2026-09-08T03,23.667,122.25,12.65,53.525,4.05,1,1,1,1,1
2026-09-08T04,25.75,138.75,10.5,68.422,4.025,1,1,1,1,1
2026-09-08T05,26.25,144.5,8.325,86.882,3.875,1,1,1,1,1
2026-09-08T06,23.0,135.25,8.075,97.195,3.875,1,1,1,1,1
2026-09-08T07,29.0,151.333,6.025,96.815,4.225,1,1,1,1,1
2026-09-08T08,30.0,137.5,6.225,101.473,3.65,1,1,1,1,1
2026-09-08T09,33.0,132.25,6.833,89.13,5.65,1,1,1,1,1
2026-09-08T10,31.0,140.0,,78.615,,1,1,0,1,0
2026-09-08T11,24.0,145.25,,64.17,,1,1,0,1,0
2026-09-08T12,23.25,156.75,,,,1,1,0,0,0
2026-09-08T13,32.5,175.25,,,,1,1,0,0,0
2026-09-08T14,40.0,188.0,,,,1,1,0,0,0
2026-09-08T18,58.0,221.834,,,,1,2,0,0,0
2026-09-08T19,56.25,233.75,,,,1,1,0,0,0
2026-09-08T20,51.0,210.25,,,,1,1,0,0,0
2026-09-08T21,,203.75,,,,0,1,0,0,0
2026-09-08T22,,196.0,,,,0,1,0,0,0
2026-09-08T23,,170.25,,,,0,1,0,0,0
2026-09-09T00,20.0,123.5,,,,1,1,0,0,0
2026-09-09T01,20.0,110.5,,,,1,1,0,0,0
2026-09-09T02,25.0,123.25,,,,1,1,0,0,0
2026-09-09T03,25.25,135.25,,,,1,1,0,0,0
2026-09-09T04,24.5,148.5,11.7,61.06,,1,1,1,1,0
2026-09-09T05,21.5,143.5,9.1,80.428,12.4,1,1,1,1,1
2026-09-09T06,27.5,150.5,7.225,90.265,14.325,1,1,1,1,1
2026-09-09T07,29.75,150.333,7.9,93.365,,1,1,1,1,0
2026-09-10T06,22.0,142.5,6.9,83.31,10.85,1,1,1,1,1
2026-09-10T07,18.25,138.667,5.65,82.863,10.2,1,1,1,1,1
2026-09-10T08,27.5,132.75,,76.655,11.2,1,1,0,1,1
2026-09-10T09,24.25,122.75,,73.657,10.925,1,1,0,1,1
2026-09-10T10,21.5,126.0,3.9,79.71,9.125,1,1,1,1,1
2026-09-10T11,28.0,140.75,7.175,66.935,9.0,1,1,1,1,1
2026-09-10T12,27.0,150.0,9.95,48.788,9.25,1,1,1,1,1
2026-09-10T13,31.25,157.25,11.6,41.895,8.35,1,1,1,1,1
2026-09-10T14,27.0,175.5,13.225,35.123,9.15,1,1,1,1,1
2026-09-10T15,35.0,193.0,14.725,26.69,8.9,1,1,1,1,1
2026-09-10T16,59.75,220.75,21.2,15.488,8.55,1,1,1,1,1
2026-09-10T17,77.25,230.0,20.4,12.68,8.475,1,1,1,1,1
2026-09-10T18,38.0,186.166,27.566,5.566,8.2,2,2,2,2,1
2026-09-10T19,20.75,169.25,,18.328,,1,1,0,1,0
2026-09-10T20,31.5,148.25,,10.67,,1,1,0,1,0
2026-09-10T21,38.0,154.5,,,,1,1,0,0,0
2026-09-10T22,36.5,158.25,,,,1,1,0,0,0
2026-09-10T23,41.25,170.667,,,,1,1,0,0,0
2026-09-11T00,42.75,160.75,,,,1,1,0,0,0
2026-09-11T01,49.0,162.25,,,,1,1,0,0,0
2026-09-11T02,61.0,192.5,,,,1,1,0,0,0
2026-09-11T03,81.0,190.25,,,,1,1,0,0,0
2026-09-11T04,81.0,215.75,,,,1,1,0,0,0
2026-09-11T05,,218.0,,,,0,1,0,0,0
2026-09-11T06,,,8.1,92.83,,0,0,1,1,0
2026-09-11T07,,,17.625,48.385,13.833,0,0,1,1,1
2026-09-11T08,16.0,36.0,25.375,16.11,6.975,1,1,1,1,1
2026-09-11T09,16.0,33.25,17.875,20.668,5.475,1,1,1,1,1
2026-09-11T10,,25.0,11.8,27.83,5.1,0,1,1,1,1
