hour_utc,pm25,pm10,no2,o3,so2,pm25_n,pm10_n,no2_n,o3_n,so2_n
2025-12-31T18,300.0,344.0,34.0,8.6,10.1,1,1,1,1,1
2025-12-31T19,283.0,311.0,30.3,7.875,10.15,1,1,1,1,1
2025-12-31T20,251.0,283.0,24.9,11.625,9.65,1,1,1,1,1
2025-12-31T21,243.0,284.0,23.725,12.775,9.0,1,1,1,1,1
2025-12-31T22,235.0,277.0,17.733,19.233,9.2,1,1,1,1,1
2025-12-31T23,218.0,260.0,18.325,19.675,6.575,1,1,1,1,1
2026-01-01T00,208.0,238.0,15.05,24.05,5.775,1,1,1,1,1
2026-01-01T01,204.0,228.0,17.775,25.675,5.725,1,1,1,1,1
2026-01-01T02,204.0,219.0,22.65,24.9,6.95,1,1,1,1,1
2026-01-01T03,197.0,230.0,20.0,24.15,8.9,1,1,1,1,1
2026-01-01T04,189.0,207.0,17.975,25.475,8.725,1,1,1,1,1
2026-01-01T05,204.0,217.0,20.775,27.75,8.325,1,1,1,1,1
2026-01-01T06,208.0,239.0,24.1,34.7,8.1,1,1,1,1,1
2026-01-01T07,215.0,237.0,26.025,34.875,7.075,1,1,1,1,1
2026-01-01T08,217.0,241.0,25.45,41.7,6.625,1,1,1,1,1
2026-01-01T09,208.0,226.0,26.867,41.9,5.6,1,1,1,1,1
2026-01-01T10,217.0,251.0,36.8,35.2,6.625,1,1,1,1,1
2026-01-01T11,232.0,273.0,47.667,21.2,8.933,1,1,1,1,1
2026-01-01T12,240.0,289.0,61.5,2.875,8.675,1,1,1,1,1
2026-01-01T13,251.0,309.0,65.35,2.9,9.7,1,1,1,1,1
2026-01-01T14,276.0,342.0,64.625,2.6,8.35,1,1,1,1,1
2026-01-01T15,250.0,301.0,55.725,2.675,7.125,1,1,1,1,1
2026-01-01T16,234.0,265.0,43.85,12.2,6.0,1,1,1,1,1
2026-01-01T17,223.0,250.0,34.05,23.275,6.325,1,1,1,1,1
2026-01-01T18,218.0,239.0,24.0,21.9,11.1,1,1,1,1,1
2026-01-01T19,141.0,155.0,16.975,25.2,11.65,1,1,1,1,1
2026-01-01T20,67.0,80.0,12.7,31.15,11.475,1,1,1,1,1
2026-01-01T21,67.0,77.0,13.7,24.25,11.725,1,1,1,1,1
2026-01-01T22,67.0,79.0,15.175,22.575,11.375,1,1,1,1,1
2026-01-01T23,73.0,80.0,13.825,23.575,9.375,1,1,1,1,1
2026-01-02T00,67.0,86.0,18.425,17.825,9.225,1,1,1,1,1
2026-01-02T01,75.0,85.0,35.825,5.25,9.7,1,1,1,1,1
2026-01-02T02,94.0,112.0,32.0,9.95,9.925,1,1,1,1,1
2026-01-02T03,99.0,113.0,32.5,20.05,11.925,1,1,1,1,1
2026-01-02T04,75.0,105.0,26.175,39.175,11.7,1,1,1,1,1
2026-01-02T05,73.0,108.0,21.833,52.633,12.333,1,1,1,1,1
2026-01-02T06,73.0,112.0,17.35,67.625,11.0,1,1,1,1,1
2026-01-02T07,77.0,114.0,19.35,70.65,9.525,1,1,1,1,1
2026-01-02T08,81.0,117.0,19.8,69.9,9.0,1,1,1,1,1
2026-01-02T09,78.0,101.0,20.8,62.8,8.8,1,1,1,1,1
2026-01-02T10,83.0,112.0,23.7,56.767,9.1,1,1,1,1,1
2026-01-02T11,91.0,122.0,27.167,49.533,11.567,1,1,1,1,1
2026-01-02T12,95.0,123.0,43.775,28.825,12.45,1,1,1,1,1
2026-01-02T13,111.0,139.0,58.975,16.975,11.35,1,1,1,1,1
2026-01-02T14,128.0,167.0,76.25,4.65,12.125,1,1,1,1,1
2026-01-02T15,141.0,180.0,70.325,11.4,10.2,1,1,1,1,1
2026-01-02T16,138.0,172.0,60.5,15.05,9.875,1,1,1,1,1
2026-01-02T17,133.0,161.0,54.225,16.675,9.825,1,1,1,1,1
2026-01-02T19,136.0,167.0,53.3,2.5,13.2,1,1,1,1,1
2026-01-02T20,132.0,166.0,44.9,2.0,13.467,1,1,1,1,1
2026-01-02T21,129.0,162.0,46.9,2.5,13.225,1,1,1,1,1
2026-01-02T22,132.0,169.0,48.175,2.3,13.9,1,1,1,1,1
2026-01-02T23,161.0,202.0,46.95,2.875,11.375,1,1,1,1,1
2026-01-03T00,185.0,221.0,45.25,3.35,11.275,1,1,1,1,1
2026-01-03T01,193.0,216.0,46.125,12.75,11.35,1,1,1,1,1
2026-01-03T02,143.0,162.0,33.175,38.15,11.3,1,1,1,1,1
2026-01-03T03,122.0,156.0,52.9,9.925,12.85,1,1,1,1,1
2026-01-03T04,173.0,226.0,45.375,33.325,14.375,1,1,1,1,1
2026-01-03T05,125.0,166.0,46.925,36.975,13.05,1,1,1,1,1
2026-01-03T06,136.0,173.0,32.05,69.025,12.075,1,1,1,1,1
2026-01-03T07,125.0,179.0,28.3,88.525,12.025,1,1,1,1,1
2026-01-03T08,127.0,189.0,31.95,90.4,11.375,1,1,1,1,1
2026-01-03T09,132.0,191.0,30.0,88.925,10.775,1,1,1,1,1
2026-01-03T10,139.0,184.0,30.6,73.95,11.025,1,1,1,1,1
2026-01-03T11,133.0,188.0,34.25,63.6,11.525,1,1,1,1,1
2026-01-03T12,140.0,188.0,36.7,54.05,12.95,1,1,1,1,1
2026-01-03T13,136.0,184.0,56.55,28.875,13.15,1,1,1,1,1
2026-01-03T14,180.0,246.0,83.4,3.6,12.3,1,1,1,1,1
2026-01-03T20,201.0,255.0,45.7,2.5,11.2,1,1,1,1,1
2026-01-03T21,177.0,234.0,46.275,2.5,10.075,1,1,1,1,1
2026-01-03T22,149.0,204.0,51.45,2.55,10.525,1,1,1,1,1
2026-01-03T23,145.0,193.0,47.275,1.875,7.9,1,1,1,1,1
2026-01-04T00,153.0,185.0,47.825,2.1,7.775,1,1,1,1,1
2026-01-04T01,147.0,183.0,50.6,2.075,7.1,1,1,1,1,1
2026-01-04T02,146.0,175.0,51.8,2.625,6.875,1,1,1,1,1
2026-01-04T03,150.0,191.0,53.05,5.475,7.9,1,1,1,1,1
2026-01-04T04,160.0,190.0,42.85,20.775,8.55,1,1,1,1,1
2026-01-04T05,147.0,182.0,31.975,54.85,8.075,1,1,1,1,1
2026-01-04T06,136.0,185.0,25.45,82.725,8.275,1,1,1,1,1
2026-01-04T07,130.0,177.0,20.175,87.375,7.625,1,1,1,1,1
2026-01-04T08,128.0,158.0,22.075,91.475,7.275,1,1,1,1,1
2026-01-04T09,145.0,171.0,23.075,93.65,7.175,1,1,1,1,1
2026-01-04T10,150.0,197.0,29.425,80.5,7.175,1,1,1,1,1
2026-01-04T11,144.0,182.0,33.85,51.3,6.725,1,1,1,1,1
2026-01-04T12,140.0,183.0,33.525,37.775,8.1,1,1,1,1,1
2026-01-04T13,134.0,160.0,30.467,46.067,9.033,1,1,1,1,1
2026-01-04T14,113.0,135.0,26.65,51.2,8.5,1,1,1,1,1
2026-01-04T15,96.0,125.0,35.225,38.8,6.975,1,1,1,1,1
2026-01-04T16,112.0,133.0,29.85,42.1,6.6,1,1,1,1,1
2026-01-04T17,95.0,117.0,20.95,44.025,6.4,1,1,1,1,1
2026-01-04T18,96.0,114.0,14.1,55.7,7.2,1,1,1,1,1
2026-01-04T19,84.0,106.0,16.15,48.225,7.225,1,1,1,1,1
2026-01-04T20,121.0,143.0,17.575,40.275,8.875,1,1,1,1,1
2026-01-04T21,127.0,146.0,14.4,45.975,9.1,1,1,1,1,1
2026-01-04T22,128.0,155.0,14.15,47.325,10.075,1,1,1,1,1
2026-01-04T23,124.0,152.0,21.825,31.875,8.525,1,1,1,1,1
2026-01-05T00,155.0,180.0,23.0,31.6,7.675,1,1,1,1,1
2026-01-05T01,160.0,186.0,24.325,30.25,7.8,1,1,1,1,1
2026-01-05T02,160.0,183.0,24.775,34.55,7.8,1,1,1,1,1
2026-01-05T03,121.0,155.0,23.825,39.375,8.475,1,1,1,1,1
2026-01-05T04,123.0,167.0,33.15,46.725,9.9,1,1,1,1,1
2026-01-05T05,141.0,184.0,34.975,73.55,10.0,1,1,1,1,1
2026-01-05T06,125.0,191.0,38.333,104.467,9.4,1,1,1,1,1
2026-01-05T07,125.0,194.0,59.9,128.833,8.45,1,1,1,1,1
2026-01-05T08,121.0,188.0,44.433,147.733,8.4,1,1,1,1,1
2026-01-05T09,124.0,186.0,42.3,150.5,7.9,1,1,1,1,1
2026-01-05T10,129.0,204.0,52.4,130.55,5.85,1,1,1,1,1
2026-01-05T12,125.0,190.0,86.65,37.8,7.45,1,1,1,1,1
2026-01-05T13,166.0,230.0,109.975,3.475,8.125,1,1,1,1,1
2026-01-05T14,224.0,309.0,99.3,2.925,7.525,1,1,1,1,1
2026-01-05T15,227.0,300.0,89.625,2.65,6.0,1,1,1,1,1
2026-01-05T16,222.0,283.0,87.1,2.85,5.675,1,1,1,1,1
2026-01-05T17,224.0,274.0,83.95,3.275,5.875,1,1,1,1,1
2026-01-05T18,186.0,210.0,78.2,3.0,8.3,1,1,1,1,1
2026-01-05T19,172.0,196.0,68.55,5.6,9.075,1,1,1,1,1
2026-01-05T20,140.0,175.0,62.35,5.225,10.4,1,1,1,1,1
2026-01-05T21,151.0,182.0,52.6,5.3,10.975,1,1,1,1,1
2026-01-05T22,149.0,175.0,50.45,6.5,10.1,1,1,1,1,1
2026-01-05T23,141.0,167.0,47.9,5.975,9.9,1,1,1,1,1
2026-01-06T00,150.0,173.0,48.175,3.65,8.45,1,1,1,1,1
2026-01-06T01,155.0,177.0,49.275,2.875,8.225,1,1,1,1,1
2026-01-06T02,183.0,207.0,49.65,4.8,7.925,1,1,1,1,1
2026-01-06T03,188.0,232.0,54.7,11.375,8.9,1,1,1,1,1
2026-01-06T04,200.0,268.0,54.5,22.125,10.15,1,1,1,1,1
2026-01-06T05,204.0,287.0,49.167,32.133,10.133,1,1,1,1,1
2026-01-06T06,201.0,251.0,57.275,44.05,10.725,1,1,1,1,1
2026-01-06T07,224.0,287.0,58.125,64.067,9.925,1,1,1,1,1
2026-01-06T08,215.0,271.0,46.825,62.675,7.775,1,1,1,1,1
2026-01-06T09,200.0,226.0,47.1,48.9,7.75,1,1,1,1,1
2026-01-06T10,185.0,217.0,48.425,40.875,8.075,1,1,1,1,1
2026-01-06T11,164.0,197.0,65.167,17.833,8.2,1,1,1,1,1
2026-01-06T12,167.0,210.0,65.35,3.025,10.025,1,1,1,1,1
2026-01-06T13,175.0,224.0,56.933,3.3,9.8,1,1,1,1,1
2026-01-06T14,179.0,218.0,56.575,3.025,10.075,1,1,1,1,1
2026-01-06T15,180.0,222.0,57.75,3.4,9.425,1,1,1,1,1
2026-01-06T16,184.0,218.0,49.85,7.85,7.9,1,1,1,1,1
2026-01-06T17,177.0,210.0,42.95,11.075,7.2,1,1,1,1,1
2026-01-06T18,168.0,202.0,34.0,20.2,6.5,1,1,1,1,1
2026-01-06T19,136.0,168.0,33.3,20.733,8.167,1,1,1,1,1
2026-01-06T20,125.0,155.0,29.675,21.7,9.225,1,1,1,1,1
2026-01-06T21,125.0,161.0,26.25,30.975,9.4,1,1,1,1,1
2026-01-06T22,114.0,136.0,22.7,33.775,8.75,1,1,1,1,1
2026-01-06T23,103.0,135.0,23.95,31.75,8.575,1,1,1,1,1
2026-01-07T00,108.0,138.0,26.4,29.6,7.025,1,1,1,1,1
2026-01-07T01,111.0,140.0,27.85,27.45,6.65,1,1,1,1,1
2026-01-07T02,118.0,152.0,27.5,33.875,6.65,1,1,1,1,1
2026-01-07T03,110.0,149.0,29.3,34.375,7.475,1,1,1,1,1
2026-01-07T04,117.0,161.0,31.475,40.6,9.025,1,1,1,1,1
2026-01-07T05,125.0,171.0,34.475,44.9,9.275,1,1,1,1,1
2026-01-07T06,151.0,194.0,36.733,51.967,9.2,1,1,1,1,1
2026-01-07T07,161.0,235.0,41.075,71.575,8.5,1,1,1,1,1
2026-01-07T08,167.0,232.0,43.225,91.35,6.35,1,1,1,1,1
2026-01-07T09,177.0,271.0,49.225,96.25,6.55,1,1,1,1,1
2026-01-07T10,180.0,310.0,55.625,89.667,5.95,1,1,1,1,1
2026-01-07T11,167.0,246.0,57.8,53.4,6.7,1,1,1,1,1
2026-01-07T12,157.0,229.0,59.267,28.325,8.333,1,1,1,1,1
2026-01-07T13,164.0,229.0,63.4,15.525,8.425,1,1,1,1,1
2026-01-07T14,171.0,215.0,65.025,9.125,8.95,1,1,1,1,1
2026-01-07T15,180.0,222.0,57.6,8.6,8.725,1,1,1,1,1
2026-01-07T16,180.0,224.0,46.375,10.45,7.15,1,1,1,1,1
2026-01-07T17,172.0,207.0,48.85,3.35,6.35,1,1,1,1,1
2026-01-07T18,183.0,218.0,41.1,4.2,6.1,1,1,1,1,1
2026-01-07T19,157.0,189.0,39.3,7.975,6.3,1,1,1,1,1
2026-01-07T20,112.0,139.0,32.2,15.95,8.175,1,1,1,1,1
2026-01-07T21,102.0,124.0,34.35,11.15,8.775,1,1,1,1,1
2026-01-07T22,101.0,132.0,31.75,13.575,8.275,1,1,1,1,1
2026-01-07T23,92.0,127.0,26.7,18.85,7.175,1,1,1,1,1
2026-01-08T00,97.0,119.0,29.775,16.8,6.2,1,1,1,1,1
2026-01-08T01,96.0,111.0,35.275,12.425,6.0,1,1,1,1,1
2026-01-08T02,95.0,117.0,33.75,15.375,6.55,1,1,1,1,1
2026-01-08T03,105.0,127.0,33.9,16.725,6.375,1,1,1,1,1
2026-01-08T04,121.0,161.0,36.4,22.05,8.7,1,1,1,1,1
2026-01-08T05,146.0,193.0,39.95,53.275,9.075,1,1,1,1,1
2026-01-08T06,177.0,240.0,44.95,84.5,8.825,1,1,1,1,1
2026-01-08T07,202.0,290.0,44.25,114.075,8.925,1,1,1,1,1
2026-01-08T08,186.0,266.0,40.5,139.05,6.325,1,1,1,1,1
2026-01-08T09,140.0,197.0,43.9,143.95,5.85,1,1,1,1,1
2026-01-08T10,146.0,227.0,52.95,141.8,6.2,1,1,1,1,1
2026-01-08T11,175.0,276.0,73.775,92.0,6.025,1,1,1,1,1
2026-01-08T12,239.0,331.0,118.275,10.65,8.35,1,1,1,1,1
2026-01-08T13,283.0,404.0,105.275,4.7,8.875,1,1,1,1,1
2026-01-08T14,364.0,443.0,94.1,3.15,9.85,1,1,1,1,1
2026-01-08T15,348.0,445.0,85.525,3.175,9.95,1,1,1,1,1
2026-01-08T16,340.0,442.0,70.225,2.5,7.5,1,1,1,1,1
2026-01-08T17,274.0,335.0,77.675,2.35,7.425,1,1,1,1,1
2026-01-08T18,384.0,448.0,60.1,1.8,4.8,1,1,1,1,1
2026-01-08T19,235.0,290.0,62.975,1.075,4.675,1,1,1,1,1
2026-01-08T20,194.0,265.0,48.725,1.7,6.225,1,1,1,1,1
2026-01-08T21,208.0,266.0,43.3,3.0,6.65,1,1,1,1,1
2026-01-08T22,175.0,230.0,36.45,3.075,6.125,1,1,1,1,1
2026-01-08T23,140.0,174.0,33.2,2.475,5.65,1,1,1,1,1
2026-01-09T00,183.0,207.0,35.275,1.65,3.95,1,1,1,1,1
2026-01-09T01,272.0,290.0,39.075,1.35,3.65,1,1,1,1,1
2026-01-09T02,171.0,208.0,43.425,2.125,3.675,1,1,1,1,1
2026-01-09T03,208.0,250.0,56.775,4.3,3.85,1,1,1,1,1
2026-01-09T04,218.0,269.0,79.1,9.85,6.675,1,1,1,1,1
2026-01-09T05,284.0,366.0,105.5,29.95,7.3,1,1,1,1,1
2026-01-09T06,389.0,465.0,99.05,95.65,7.05,1,1,1,1,1
2026-01-09T07,361.0,469.0,92.95,141.85,7.25,1,1,1,1,1
2026-01-09T08,418.0,515.0,81.7,145.5,5.375,1,1,1,1,1
2026-01-09T09,351.0,480.0,76.0,144.2,5.2,1,1,1,1,1
2026-01-09T10,321.0,459.0,83.2,117.6,6.1,1,1,1,1,1
2026-01-09T11,265.0,385.0,105.65,44.225,5.075,1,1,1,1,1
2026-01-09T12,232.0,343.0,116.25,3.975,6.475,1,1,1,1,1
2026-01-09T13,239.0,344.0,104.025,3.525,7.05,1,1,1,1,1
2026-01-09T14,273.0,365.0,89.475,2.325,7.125,1,1,1,1,1
2026-01-09T15,248.0,301.0,81.25,2.025,6.85,1,1,1,1,1
2026-01-09T16,244.0,309.0,77.4,1.833,5.267,1,1,1,1,1
2026-01-09T17,262.0,326.0,70.625,1.675,4.75,1,1,1,1,1
2026-01-09T18,237.0,301.0,60.9,1.0,5.4,1,1,1,1,1
2026-01-09T19,221.0,273.0,63.475,1.125,5.975,1,1,1,1,1
2026-01-09T20,190.0,248.0,60.725,1.525,8.475,1,1,1,1,1
2026-01-09T21,186.0,249.0,57.525,4.9,9.9,1,1,1,1,1
2026-01-09T22,193.0,255.0,52.775,7.85,9.825,1,1,1,1,1
2026-01-09T23,193.0,251.0,52.325,3.35,9.475,1,1,1,1,1
2026-01-10T00,172.0,216.0,47.9,1.85,7.85,1,1,1,1,1
2026-01-10T01,184.0,229.0,49.825,1.85,7.175,1,1,1,1,1
2026-01-10T02,207.0,268.0,54.725,2.4,7.1,1,1,1,1,1
2026-01-10T03,233.0,316.0,68.775,3.35,7.075,1,1,1,1,1
2026-01-10T04,293.0,367.0,88.35,14.25,9.375,1,1,1,1,1
2026-01-10T05,269.0,333.0,71.7,51.3,11.0,1,1,1,1,1
2026-01-10T06,200.0,282.0,69.85,89.9,10.55,1,1,1,1,1
2026-01-10T07,174.0,294.0,54.85,128.725,10.55,1,1,1,1,1
2026-01-10T08,113.0,215.0,47.4,152.467,7.733,1,1,1,1,1
2026-01-10T09,103.0,167.0,39.833,130.067,5.9,1,1,1,1,1
2026-01-10T10,67.0,147.0,45.25,106.35,5.4,1,1,1,1,1
2026-01-10T11,90.0,158.0,60.175,69.95,6.125,1,1,1,1,1
2026-01-10T12,70.0,128.0,75.5,37.5,6.8,1,1,1,1,1
2026-01-20T14,168.0,273.0,130.1,5.0,3.3,1,1,1,1,1
2026-01-20T15,246.0,434.0,125.1,5.175,4.15,1,1,1,1,1
2026-01-20T16,295.0,425.0,124.975,4.9,6.225,1,1,1,1,1
2026-01-20T17,291.0,382.0,106.55,4.675,5.8,1,1,1,1,1
2026-01-20T18,289.0,360.0,99.3,4.4,8.7,1,1,1,1,1
2026-01-20T19,313.0,383.0,92.625,8.25,8.525,1,1,1,1,1
2026-01-20T20,320.0,374.0,75.275,12.475,8.25,1,1,1,1,1
2026-01-20T21,289.0,334.0,66.975,13.175,7.125,1,1,1,1,1
2026-01-20T22,234.0,268.0,70.05,6.95,8.125,1,1,1,1,1
2026-01-20T23,200.0,230.0,63.0,4.275,9.175,1,1,1,1,1
2026-01-21T00,207.0,244.0,56.525,4.05,10.65,1,1,1,1,1
2026-01-21T01,221.0,255.0,54.675,3.725,10.725,1,1,1,1,1
2026-01-21T02,240.0,280.0,72.0,4.733,10.167,1,1,1,1,1
2026-01-21T03,251.0,313.0,101.75,4.825,8.6,1,1,1,1,1
2026-01-21T04,267.0,340.0,133.55,13.7,6.9,1,1,1,1,1
2026-01-21T05,295.0,357.0,79.375,59.4,7.45,1,1,1,1,1
2026-01-21T06,168.0,245.0,39.65,,8.3,1,1,1,0,1
2026-01-21T07,121.0,174.0,35.8,162.5,0.6,1,1,1,1,1
2026-01-21T08,110.0,173.0,30.525,166.6,4.125,1,1,1,1,1
2026-01-21T09,89.0,145.0,30.725,182.625,3.9,1,1,1,1,1
2026-01-21T10,102.0,171.0,35.625,142.75,3.625,1,1,1,1,1
2026-01-21T11,88.0,168.0,52.55,102.5,2.95,1,1,1,1,1
2026-01-21T12,94.0,166.0,116.35,22.925,1.075,1,1,1,1,1
2026-01-21T13,116.0,261.0,129.675,2.425,0.55,1,1,1,1,1
2026-01-21T14,147.0,333.0,124.8,3.3,0.9,1,1,1,1,1
2026-01-21T15,221.0,387.0,120.525,3.25,2.65,1,1,1,1,1
2026-01-21T16,228.0,350.0,97.225,2.175,4.3,1,1,1,1,1
2026-01-21T17,245.0,356.0,98.05,2.725,4.65,1,1,1,1,1
2026-01-21T18,255.0,376.0,99.9,2.5,1.9,1,1,1,1,1
2026-01-21T19,212.0,296.0,84.075,1.525,1.633,1,1,1,1,1
2026-01-21T20,195.0,266.0,78.125,1.575,0.3,1,1,1,1,1
2026-01-21T21,199.0,249.0,81.45,1.675,,1,1,1,1,0
2026-01-21T22,208.0,257.0,82.15,2.175,0.2,1,1,1,1,1
2026-01-21T23,197.0,235.0,62.375,1.975,0.7,1,1,1,1,1
2026-01-22T00,197.0,248.0,60.175,2.85,1.875,1,1,1,1,1
2026-01-22T01,201.0,261.0,66.925,2.925,2.375,1,1,1,1,1
2026-01-22T02,252.0,316.0,86.225,1.85,2.425,1,1,1,1,1
2026-01-22T03,255.0,350.0,132.875,2.5,1.75,1,1,1,1,1
2026-01-22T04,241.0,311.0,150.4,16.475,0.3,1,1,1,1,1
2026-01-22T05,207.0,272.0,103.525,69.7,0.7,1,1,1,1,1
2026-01-22T06,172.0,228.0,61.2,135.975,0.2,1,1,1,1,1
2026-01-22T07,136.0,207.0,47.567,195.433,,1,1,1,1,0
2026-01-22T08,136.0,240.0,36.95,213.625,,1,1,1,1,0
2026-01-22T09,134.0,252.0,40.567,213.667,0.667,1,1,1,1,1
2026-01-22T10,130.0,285.0,38.4,190.2,0.2,1,1,1,1,1
2026-01-22T11,121.0,228.0,51.7,98.867,1.45,1,1,1,1,1
2026-01-22T12,101.0,197.0,82.433,47.033,8.733,1,1,1,1,1
2026-01-22T13,125.0,222.0,117.025,10.65,10.0,1,1,1,1,1
2026-01-22T14,207.0,312.0,116.825,6.875,11.05,1,1,1,1,1
2026-01-22T15,199.0,274.0,73.725,46.925,9.825,1,1,1,1,1
2026-01-22T16,168.0,240.0,45.325,78.0,12.575,1,1,1,1,1
2026-01-22T17,136.0,199.0,58.55,53.8,13.45,1,1,1,1,1
2026-01-22T18,130.0,196.0,25.1,93.6,14.7,1,1,1,1,1
2026-01-22T19,117.0,160.0,33.4,75.175,14.575,1,1,1,1,1
2026-01-22T20,117.0,173.0,18.6,102.15,12.35,1,1,1,1,1
2026-01-22T21,110.0,183.0,21.875,102.575,12.35,1,1,1,1,1
2026-01-22T22,110.0,173.0,18.325,103.625,12.15,1,1,1,1,1
2026-01-22T23,110.0,162.0,19.225,97.225,12.4,1,1,1,1,1
2026-01-23T00,108.0,169.0,20.275,91.525,14.575,1,1,1,1,1
2026-01-23T01,114.0,179.0,26.525,89.225,15.525,1,1,1,1,1
2026-01-23T02,139.0,238.0,32.925,61.8,15.575,1,1,1,1,1
2026-01-23T03,143.0,157.0,57.825,29.375,14.6,1,1,1,1,1
2026-01-23T04,158.0,169.0,84.367,13.733,12.133,1,1,1,1,1
2026-01-23T05,172.0,168.0,90.0,4.9,13.2,1,1,1,1,1
2026-01-23T06,183.0,171.0,85.475,10.525,12.575,1,1,1,1,1
2026-01-23T07,190.0,179.0,63.55,32.2,11.925,1,1,1,1,1
2026-01-23T08,147.0,145.0,45.9,48.925,15.125,1,1,1,1,1
2026-01-23T09,140.0,139.0,53.375,50.725,16.925,1,1,1,1,1
2026-01-23T10,152.0,157.0,50.7,46.625,16.8,1,1,1,1,1
2026-01-23T11,172.0,171.0,49.425,48.05,15.45,1,1,1,1,1
2026-01-23T12,166.0,172.0,67.825,22.375,13.525,1,1,1,1,1
2026-01-23T13,166.0,166.0,70.825,15.8,13.85,1,1,1,1,1
2026-01-23T14,168.0,158.0,77.8,4.325,12.975,1,1,1,1,1
2026-01-23T15,152.0,157.0,72.9,2.3,13.45,1,1,1,1,1
2026-01-23T16,157.0,157.0,74.2,1.133,14.625,1,1,1,1,1
2026-01-23T17,156.0,177.0,66.4,1.35,15.5,1,1,1,1,1
2026-01-23T18,175.0,175.0,56.9,0.8,16.7,1,1,1,1,1
2026-01-23T19,172.0,178.0,49.8,1.225,16.325,1,1,1,1,1
2026-01-23T20,168.0,172.0,57.925,2.175,14.175,1,1,1,1,1
2026-01-23T21,161.0,171.0,30.475,19.65,13.125,1,1,1,1,1
2026-01-23T22,106.0,129.0,23.35,31.15,12.875,1,1,1,1,1
2026-01-23T23,38.0,150.0,19.7,41.6,14.125,1,1,1,1,1
2026-01-24T00,34.0,168.0,17.475,44.475,14.775,1,1,1,1,1
2026-01-24T01,36.0,167.0,21.0,41.9,15.3,1,1,1,1,1
2026-01-24T02,46.0,169.0,26.9,38.575,15.725,1,1,1,1,1
2026-01-24T03,46.0,196.0,26.275,48.8,16.1,1,1,1,1,1
2026-01-24T04,52.0,215.0,23.475,64.275,14.125,1,1,1,1,1
2026-01-24T05,51.0,210.0,20.9,68.175,14.725,1,1,1,1,1
2026-01-24T06,42.0,183.0,16.85,77.65,14.925,1,1,1,1,1
2026-01-24T07,42.0,167.0,15.825,84.625,15.5,1,1,1,1,1
2026-01-24T08,30.0,141.0,15.425,93.5,16.95,1,1,1,1,1
2026-01-24T09,25.0,129.0,23.075,101.225,16.6,1,1,1,1,1
2026-01-24T10,41.0,151.0,25.133,91.233,16.767,1,1,1,1,1
2026-01-24T11,40.0,138.0,35.625,61.55,16.525,1,1,1,1,1
2026-01-24T12,47.0,155.0,55.875,29.75,14.3,1,1,1,1,1
2026-01-24T13,62.0,180.0,66.5,15.2,13.375,1,1,1,1,1
2026-01-24T14,77.0,196.0,66.7,14.85,13.675,1,1,1,1,1
2026-01-24T15,75.0,184.0,63.15,21.1,13.8,1,1,1,1,1
2026-01-24T16,68.0,175.0,61.15,22.45,16.05,1,1,1,1,1
2026-01-24T17,69.0,175.0,59.825,22.425,16.05,1,1,1,1,1
2026-01-24T18,64.0,166.0,35.4,47.8,17.4,1,1,1,1,1
2026-01-24T19,38.0,117.0,32.275,43.35,15.825,1,1,1,1,1
2026-01-24T20,44.0,112.0,31.175,45.15,14.3,1,1,1,1,1
2026-01-24T21,47.0,123.0,31.45,41.925,14.375,1,1,1,1,1
2026-01-24T22,55.0,130.0,31.9,37.3,13.875,1,1,1,1,1
2026-01-24T23,70.0,139.0,36.425,30.45,13.575,1,1,1,1,1
2026-01-25T00,73.0,143.0,46.3,13.625,15.8,1,1,1,1,1
2026-01-25T01,69.0,145.0,45.725,10.075,16.5,1,1,1,1,1
2026-01-25T02,85.0,182.0,41.975,18.0,15.525,1,1,1,1,1
2026-01-25T03,94.0,188.0,33.533,40.0,15.767,1,1,1,1,1
2026-01-25T04,91.0,179.0,36.0,58.4,16.075,1,1,1,1,1
2026-01-25T05,100.0,197.0,32.65,82.575,15.0,1,1,1,1,1
2026-01-25T06,77.0,174.0,24.8,105.667,14.433,1,1,1,1,1
2026-01-25T07,63.0,151.0,25.15,113.9,14.35,1,1,1,1,1
2026-01-25T08,70.0,152.0,19.225,116.85,15.525,1,1,1,1,1
2026-01-25T09,52.0,121.0,20.375,116.8,16.975,1,1,1,1,1
2026-01-25T10,56.0,119.0,20.95,112.775,17.1,1,1,1,1,1
2026-01-25T11,51.0,117.0,29.925,95.55,17.25,1,1,1,1,1
2026-01-25T12,62.0,138.0,79.75,29.6,15.2,1,1,1,1,1
2026-01-25T13,86.0,184.0,99.425,6.2,14.8,1,1,1,1,1
2026-01-25T14,135.0,255.0,104.025,3.225,14.2,1,1,1,1,1
2026-01-25T15,185.0,300.0,93.475,2.275,14.7,1,1,1,1,1
2026-01-25T16,172.0,282.0,86.175,2.5,16.275,1,1,1,1,1
2026-01-25T17,207.0,333.0,76.55,1.925,18.025,1,1,1,1,1
2026-01-25T18,195.0,306.0,69.4,1.0,15.5,1,1,1,1,1
2026-01-25T19,172.0,252.0,70.45,1.55,14.225,1,1,1,1,1
2026-01-25T20,153.0,228.0,61.325,2.1,13.525,1,1,1,1,1
2026-01-25T21,138.0,207.0,55.825,1.625,12.825,1,1,1,1,1
2026-01-25T22,117.0,185.0,60.125,1.575,11.725,1,1,1,1,1
2026-01-25T23,97.0,149.0,49.85,7.2,12.025,1,1,1,1,1
2026-01-26T00,81.0,130.0,43.4,9.0,14.025,1,1,1,1,1
2026-01-26T01,86.0,132.0,48.15,2.3,13.925,1,1,1,1,1
2026-01-26T02,110.0,166.0,57.725,5.65,13.85,1,1,1,1,1
2026-01-26T03,108.0,174.0,56.45,26.2,14.35,1,1,1,1,1
2026-01-26T04,138.0,199.0,41.167,73.967,14.267,1,1,1,1,1
2026-01-26T05,108.0,166.0,28.65,124.825,13.6,1,1,1,1,1
2026-01-26T06,107.0,163.0,25.175,144.475,13.9,1,1,1,1,1
2026-01-26T07,77.0,119.0,23.35,157.625,12.975,1,1,1,1,1
2026-01-26T08,72.0,141.0,30.125,182.15,15.6,1,1,1,1,1
2026-01-26T09,85.0,152.0,28.4,203.55,17.05,1,1,1,1,1
2026-01-26T10,92.0,178.0,32.6,187.05,17.125,1,1,1,1,1
2026-01-26T11,79.0,163.0,48.775,135.975,16.125,1,1,1,1,1
2026-01-26T12,101.0,194.0,77.6,84.55,13.775,1,1,1,1,1
2026-01-26T13,136.0,240.0,106.05,32.875,12.475,1,1,1,1,1
2026-01-26T14,145.0,232.0,108.8,13.475,12.225,1,1,1,1,1
2026-01-26T15,172.0,284.0,106.15,3.275,12.475,1,1,1,1,1
2026-01-26T16,262.0,456.0,96.525,3.425,15.25,1,1,1,1,1
2026-01-26T17,304.0,494.0,79.9,2.85,17.225,1,1,1,1,1
2026-01-26T18,295.0,450.0,71.4,3.1,15.9,1,1,1,1,1
2026-01-26T19,241.0,370.0,72.025,2.725,16.475,1,1,1,1,1
2026-01-26T20,267.0,417.0,69.25,4.625,16.0,1,1,1,1,1
2026-01-26T21,343.0,460.0,69.8,4.8,13.45,1,1,1,1,1
2026-01-26T22,323.0,423.0,67.0,4.033,11.75,1,1,1,1,1
2026-01-26T23,301.0,383.0,70.6,3.3,9.625,1,1,1,1,1
2026-01-27T00,259.0,321.0,64.525,2.725,10.675,1,1,1,1,1
2026-01-27T01,239.0,311.0,68.775,3.3,11.5,1,1,1,1,1
2026-01-27T02,244.0,350.0,98.225,3.9,12.6,1,1,1,1,1
2026-01-27T03,230.0,381.0,108.875,6.6,14.0,1,1,1,1,1
2026-01-27T04,195.0,342.0,80.3,,14.7,1,1,1,0,1
2026-01-27T05,161.0,283.0,85.4,14.8,,1,1,1,1,0
2026-01-27T06,156.0,250.0,97.467,11.233,8.0,1,1,1,1,1
2026-01-27T07,197.0,260.0,81.75,21.55,9.35,1,1,1,1,1
2026-01-27T08,161.0,205.0,62.05,36.025,10.1,1,1,1,1,1
2026-01-27T09,175.0,218.0,49.325,49.8,11.8,1,1,1,1,1
2026-01-27T10,153.0,195.0,38.65,53.45,12.675,1,1,1,1,1
2026-01-27T11,129.0,155.0,49.1,31.65,12.925,1,1,1,1,1
2026-01-27T12,134.0,141.0,42.65,31.5,11.4,1,1,1,1,1
2026-01-27T13,128.0,132.0,55.925,23.325,10.325,1,1,1,1,1
2026-01-27T14,118.0,123.0,48.075,23.2,9.575,1,1,1,1,1
2026-01-27T15,105.0,118.0,40.425,26.4,9.15,1,1,1,1,1
2026-01-27T16,106.0,113.0,34.625,27.425,9.975,1,1,1,1,1
2026-01-27T17,117.0,113.0,40.067,16.933,11.033,1,1,1,1,1
2026-01-27T18,116.0,129.0,42.5,15.5,16.5,1,1,1,1,1
2026-01-27T19,112.0,125.0,39.35,12.2,17.35,1,1,1,1,1
2026-01-27T20,107.0,119.0,33.875,13.525,17.05,1,1,1,1,1
2026-01-27T21,107.0,125.0,45.75,5.8,14.925,1,1,1,1,1
2026-01-27T22,112.0,119.0,41.95,9.425,14.75,1,1,1,1,1
2026-01-27T23,85.0,92.0,48.4,7.325,13.95,1,1,1,1,1
2026-01-28T00,90.0,103.0,51.275,1.875,14.65,1,1,1,1,1
2026-01-28T01,86.0,102.0,54.45,2.15,16.675,1,1,1,1,1
2026-01-28T02,91.0,125.0,49.725,2.425,17.25,1,1,1,1,1
2026-01-28T03,123.0,164.0,48.75,2.575,17.25,1,1,1,1,1
2026-01-28T04,155.0,206.0,51.225,4.25,17.0,1,1,1,1,1
2026-01-28T05,186.0,219.0,37.35,19.55,15.4,1,1,1,1,1
2026-01-28T06,194.0,221.0,44.4,21.85,14.05,1,1,1,1,1
2026-01-28T07,204.0,239.0,37.675,48.575,14.35,1,1,1,1,1
2026-01-28T08,199.0,230.0,38.25,69.85,14.95,1,1,1,1,1
2026-01-28T09,172.0,219.0,45.7,58.725,16.9,1,1,1,1,1
2026-01-28T10,156.0,218.0,49.25,53.975,17.4,1,1,1,1,1
2026-01-28T11,163.0,221.0,52.125,42.125,17.0,1,1,1,1,1
2026-01-28T12,150.0,212.0,73.35,17.2,16.65,1,1,1,1,1
2026-01-28T13,172.0,246.0,89.375,2.7,14.275,1,1,1,1,1
2026-01-28T14,196.0,301.0,80.525,2.2,15.3,1,1,1,1,1
2026-01-28T15,180.0,268.0,69.775,2.3,14.875,1,1,1,1,1
2026-01-28T16,167.0,239.0,61.1,2.075,15.8,1,1,1,1,1
2026-01-28T17,162.0,240.0,52.725,2.35,17.15,1,1,1,1,1
2026-01-28T18,149.0,221.0,50.5,1.9,19.0,1,1,1,1,1
2026-01-28T19,136.0,213.0,47.05,1.8,18.1,1,1,1,1,1
2026-01-28T20,130.0,201.0,42.225,4.95,17.95,1,1,1,1,1
2026-01-28T21,121.0,175.0,33.25,10.35,15.825,1,1,1,1,1
2026-01-28T22,110.0,150.0,22.675,21.7,14.975,1,1,1,1,1
2026-01-28T23,78.0,101.0,16.675,34.35,15.25,1,1,1,1,1
2026-01-29T00,84.0,107.0,24.2,33.75,16.425,1,1,1,1,1
2026-01-29T01,89.0,113.0,29.275,28.7,17.975,1,1,1,1,1
2026-01-29T02,96.0,128.0,31.925,31.475,18.475,1,1,1,1,1
2026-01-29T03,96.0,139.0,33.85,33.075,18.5,1,1,1,1,1
2026-01-29T04,92.0,133.0,32.8,34.775,17.775,1,1,1,1,1
2026-01-29T05,89.0,125.0,27.5,44.933,16.233,1,1,1,1,1
2026-01-29T06,79.0,122.0,26.5,60.05,17.225,1,1,1,1,1
2026-01-29T07,81.0,123.0,26.033,65.533,15.833,1,1,1,1,1
2026-01-29T08,84.0,119.0,28.15,74.0,15.9,1,1,1,1,1
2026-01-29T09,86.0,122.0,29.8,80.9,17.975,1,1,1,1,1
2026-01-29T10,94.0,144.0,32.6,81.425,18.95,1,1,1,1,1
2026-01-29T11,99.0,155.0,44.825,62.45,19.2,1,1,1,1,1
2026-01-29T12,125.0,186.0,66.65,26.65,18.625,1,1,1,1,1
2026-01-29T13,133.0,202.0,86.15,4.025,15.95,1,1,1,1,1
2026-01-29T14,143.0,206.0,83.925,2.55,15.525,1,1,1,1,1
2026-01-29T15,128.0,194.0,76.95,2.025,15.75,1,1,1,1,1
2026-01-29T16,132.0,205.0,70.225,2.325,16.6,1,1,1,1,1
2026-01-29T17,134.0,201.0,63.85,2.275,18.375,1,1,1,1,1
2026-01-29T18,133.0,199.0,57.8,2.3,16.1,1,1,1,1,1
2026-01-29T19,136.0,193.0,55.45,2.225,16.025,1,1,1,1,1
2026-01-29T20,153.0,222.0,55.425,2.325,15.875,1,1,1,1,1
2026-01-29T21,158.0,229.0,61.25,2.575,14.35,1,1,1,1,1
2026-01-29T22,130.0,179.0,72.425,3.825,13.35,1,1,1,1,1
2026-01-29T23,118.0,158.0,64.0,4.65,13.025,1,1,1,1,1
2026-01-30T00,119.0,161.0,55.375,2.625,13.675,1,1,1,1,1
2026-01-30T01,118.0,158.0,54.175,2.825,15.2,1,1,1,1,1
2026-01-30T02,143.0,197.0,57.975,4.0,16.075,1,1,1,1,1
2026-01-30T03,144.0,211.0,71.733,9.2,16.033,1,1,1,1,1
2026-01-30T04,136.0,215.0,74.525,37.475,16.725,1,1,1,1,1
2026-01-30T05,125.0,196.0,43.775,88.025,15.325,1,1,1,1,1
2026-01-30T06,91.0,145.0,40.4,104.2,15.1,1,1,1,1,1
2026-01-30T08,67.0,123.0,36.867,137.433,13.133,1,1,1,1,1
2026-01-30T09,64.0,129.0,28.075,141.125,15.0,1,1,1,1,1
2026-01-30T10,61.0,123.0,33.633,129.667,15.767,1,1,1,1,1
2026-01-30T11,66.0,128.0,35.5,96.8,15.975,1,1,1,1,1
2026-01-30T12,83.0,140.0,63.8,57.0,16.65,1,1,1,1,1
2026-01-30T13,96.0,173.0,103.275,9.7,14.05,1,1,1,1,1
2026-01-30T14,144.0,238.0,103.75,3.025,14.375,1,1,1,1,1
2026-01-30T15,216.0,357.0,95.85,3.675,15.375,1,1,1,1,1
2026-01-30T16,262.0,503.0,80.75,3.35,16.85,1,1,1,1,1
2026-01-30T17,268.0,445.0,73.075,3.825,18.275,1,1,1,1,1
2026-01-30T18,306.0,460.0,60.7,3.0,15.9,1,1,1,1,1
2026-01-30T19,328.0,492.0,62.225,3.375,16.225,1,1,1,1,1
2026-01-30T20,323.0,425.0,49.45,2.9,15.825,1,1,1,1,1
2026-01-30T21,251.0,360.0,48.875,2.9,12.6,1,1,1,1,1
2026-01-30T22,260.0,350.0,50.55,3.0,13.1,1,1,1,1,1
2026-01-30T23,361.0,421.0,70.225,2.45,12.125,1,1,1,1,1
2026-01-31T00,133.0,200.0,62.8,3.175,10.85,1,1,1,1,1
2026-01-31T01,151.0,227.0,51.367,2.567,11.533,1,1,1,1,1
2026-01-31T02,156.0,232.0,77.35,3.525,12.825,1,1,1,1,1
2026-01-31T03,199.0,288.0,97.075,8.95,14.075,1,1,1,1,1
2026-01-31T04,238.0,332.0,56.1,36.5,14.55,1,1,1,1,1
2026-01-31T05,244.0,320.0,71.975,46.625,13.075,1,1,1,1,1
2026-01-31T06,259.0,343.0,50.6,64.533,11.025,1,1,1,1,1
2026-01-31T07,206.0,288.0,42.725,85.5,10.975,1,1,1,1,1
2026-01-31T08,177.0,265.0,44.8,90.9,10.5,1,1,1,1,1
2026-01-31T09,177.0,278.0,46.825,93.425,12.5,1,1,1,1,1
2026-01-31T10,169.0,274.0,47.85,87.0,13.25,1,1,1,1,1
2026-01-31T11,179.0,293.0,50.8,72.0,13.6,1,1,1,1,1
2026-01-31T12,184.0,306.0,71.733,29.533,12.9,1,1,1,1,1
2026-01-31T13,188.0,272.0,74.8,8.475,10.7,1,1,1,1,1
2026-01-31T14,188.0,250.0,70.475,3.65,9.5,1,1,1,1,1
2026-01-31T15,208.0,274.0,54.9,2.95,9.05,1,1,1,1,1
2026-01-31T16,215.0,268.0,50.425,3.825,9.225,1,1,1,1,1
2026-01-31T17,186.0,249.0,48.967,2.667,10.833,1,1,1,1,1
2026-01-31T18,191.0,268.0,43.1,4.4,17.0,1,1,1,1,1
2026-01-31T19,174.0,241.0,40.575,4.4,17.35,1,1,1,1,1
2026-01-31T20,172.0,243.0,38.05,5.325,17.525,1,1,1,1,1
2026-01-31T21,163.0,248.0,35.6,6.15,16.125,1,1,1,1,1
2026-01-31T22,146.0,201.0,37.425,5.775,14.775,1,1,1,1,1
2026-01-31T23,123.0,164.0,33.7,6.225,14.825,1,1,1,1,1
2026-02-01T00,138.0,174.0,40.35,2.175,14.425,1,1,1,1,1
2026-02-01T01,168.0,193.0,42.1,2.45,16.525,1,1,1,1,1
2026-02-01T02,149.0,162.0,37.975,7.35,18.15,1,1,1,1,1
2026-02-01T03,130.0,139.0,44.525,32.25,17.65,1,1,1,1,1
2026-02-01T04,90.0,111.0,41.825,44.55,19.8,1,1,1,1,1
2026-02-01T05,78.0,103.0,28.85,71.25,17.55,1,1,1,1,1
2026-02-01T06,66.0,101.0,29.925,71.275,15.725,1,1,1,1,1
2026-02-01T07,58.0,99.0,18.85,79.275,15.9,1,1,1,1,1
2026-02-01T08,48.0,85.0,19.075,98.0,15.75,1,1,1,1,1
2026-02-01T09,50.0,107.0,22.35,100.725,16.75,1,1,1,1,1
2026-02-01T10,50.0,135.0,29.4,86.6,17.35,1,1,1,1,1
2026-02-01T11,47.0,123.0,39.55,67.875,18.5,1,1,1,1,1
2026-02-01T12,41.0,100.0,78.45,25.25,18.375,1,1,1,1,1
2026-02-01T13,51.0,124.0,93.75,4.25,18.175,1,1,1,1,1
2026-02-01T14,70.0,149.0,90.175,2.25,15.575,1,1,1,1,1
2026-02-01T15,103.0,202.0,84.267,2.267,15.5,1,1,1,1,1
2026-02-01T16,152.0,291.0,80.425,2.6,16.175,1,1,1,1,1
2026-02-01T17,125.0,239.0,71.425,2.075,17.225,1,1,1,1,1
2026-02-01T18,113.0,228.0,56.7,2.0,16.9,1,1,1,1,1
2026-02-01T19,122.0,234.0,64.95,3.0,16.975,1,1,1,1,1
2026-02-01T20,199.0,304.0,55.3,12.475,16.925,1,1,1,1,1
2026-02-01T21,167.0,228.0,44.425,24.1,14.625,1,1,1,1,1
2026-02-01T22,113.0,128.0,43.35,8.55,12.2,1,1,1,1,1
2026-02-01T23,123.0,136.0,40.475,6.225,12.15,1,1,1,1,1
2026-02-02T00,97.0,114.0,40.4,5.225,11.325,1,1,1,1,1
2026-02-02T01,89.0,122.0,42.025,4.125,12.45,1,1,1,1,1
2026-02-02T02,84.0,125.0,39.275,5.9,14.375,1,1,1,1,1
2026-02-02T03,81.0,124.0,42.95,7.925,15.125,1,1,1,1,1
2026-02-02T04,101.0,171.0,44.975,11.325,14.85,1,1,1,1,1
2026-02-02T05,112.0,189.0,47.967,18.8,13.433,1,1,1,1,1
2026-02-02T06,146.0,200.0,43.575,19.375,12.475,1,1,1,1,1
2026-02-02T07,153.0,206.0,41.075,28.325,11.725,1,1,1,1,1
2026-02-02T08,166.0,222.0,40.375,34.275,11.625,1,1,1,1,1
2026-02-02T09,147.0,184.0,36.325,39.3,12.85,1,1,1,1,1
2026-02-02T10,133.0,173.0,43.45,32.95,15.275,1,1,1,1,1
2026-02-02T11,140.0,197.0,57.6,23.9,15.925,1,1,1,1,1
2026-02-02T12,135.0,204.0,72.9,6.675,15.25,1,1,1,1,1
2026-02-02T13,157.0,239.0,79.1,2.567,14.667,1,1,1,1,1
2026-02-02T15,180.0,295.0,61.233,2.133,13.0,1,1,1,1,1
2026-02-02T16,184.0,280.0,65.033,2.0,12.633,1,1,1,1,1
2026-02-02T17,174.0,271.0,58.0,2.6,14.433,1,1,1,1,1
2026-02-02T18,175.0,267.0,48.1,1.5,16.0,1,1,1,1,1
2026-02-02T19,167.0,248.0,44.075,1.525,14.425,1,1,1,1,1
2026-02-02T20,164.0,233.0,46.575,2.05,15.1,1,1,1,1,1
2026-02-02T21,130.0,164.0,51.525,1.7,13.85,1,1,1,1,1
2026-02-02T22,117.0,129.0,52.6,2.95,11.475,1,1,1,1,1
2026-02-02T23,129.0,155.0,54.525,4.5,11.975,1,1,1,1,1
2026-02-03T00,124.0,151.0,56.125,4.65,11.15,1,1,1,1,1
2026-02-03T01,118.0,160.0,47.033,8.067,11.7,1,1,1,1,1
2026-02-03T02,97.0,134.0,47.1,10.8,13.667,1,1,1,1,1
2026-02-03T03,103.0,153.0,58.95,12.8,14.575,1,1,1,1,1
2026-02-03T04,123.0,206.0,64.25,15.475,14.5,1,1,1,1,1
2026-02-03T05,132.0,210.0,68.275,35.35,13.0,1,1,1,1,1
2026-02-03T06,193.0,254.0,78.225,77.175,12.275,1,1,1,1,1
2026-02-03T07,215.0,272.0,62.1,138.575,12.375,1,1,1,1,1
2026-02-03T08,199.0,280.0,58.1,157.85,12.925,1,1,1,1,1
2026-02-04T01,251.0,337.0,72.0,3.8,14.2,1,1,1,1,1
2026-02-04T02,245.0,332.0,77.2,4.6,14.1,1,1,1,1,1
2026-02-04T03,245.0,356.0,78.1,6.267,15.067,1,1,1,1,1
2026-02-04T04,207.0,277.0,66.7,36.25,14.575,1,1,1,1,1
2026-02-04T06,173.0,230.0,37.5,108.8,15.4,1,1,1,1,1
2026-02-04T07,156.0,221.0,25.9,136.667,14.167,1,1,1,1,1
2026-02-04T08,121.0,179.0,23.1,139.05,12.95,1,1,1,1,1
2026-02-04T09,95.0,147.0,22.65,135.6,12.4,1,1,1,1,1
2026-02-04T10,78.0,138.0,24.75,127.15,13.4,1,1,1,1,1
2026-02-04T11,80.0,130.0,32.8,104.5,14.35,1,1,1,1,1
2026-02-04T12,73.0,130.0,72.3,53.075,14.075,1,1,1,1,1
2026-02-04T13,102.0,180.0,110.8,8.925,13.75,1,1,1,1,1
2026-02-04T14,124.0,232.0,116.6,3.4,12.6,1,1,1,1,1
2026-02-04T16,,,105.7,2.4,13.2,0,0,1,1,1
2026-02-04T19,160.0,265.0,80.167,2.5,16.867,1,1,1,1,1
2026-02-04T20,138.0,218.0,78.525,3.325,16.25,1,1,1,1,1
2026-02-04T21,138.0,216.0,61.3,10.125,16.1,1,1,1,1,1
2026-02-04T22,143.0,202.0,51.55,21.75,13.65,1,1,1,1,1
2026-02-04T23,166.0,222.0,67.075,12.225,13.3,1,1,1,1,1
2026-02-05T00,145.0,197.0,63.967,15.933,12.867,1,1,1,1,1
2026-02-05T01,147.0,211.0,86.625,7.0,12.575,1,1,1,1,1
2026-02-05T02,169.0,260.0,82.0,8.625,15.5,1,1,1,1,1
2026-02-05T03,172.0,293.0,68.7,13.4,16.1,1,1,1,1,1
2026-02-05T04,161.0,255.0,49.5,72.45,17.025,1,1,1,1,1
2026-02-05T05,117.0,211.0,34.575,108.525,17.6,1,1,1,1,1
2026-02-05T06,84.0,166.0,25.05,130.45,15.6,1,1,1,1,1
2026-02-05T07,74.0,144.0,22.9,139.775,14.325,1,1,1,1,1
2026-02-05T08,64.0,128.0,27.3,144.775,13.525,1,1,1,1,1
2026-02-05T09,57.0,136.0,24.825,134.125,13.0,1,1,1,1,1
2026-02-05T10,41.0,97.0,20.2,129.5,15.525,1,1,1,1,1
2026-02-05T11,33.0,85.0,30.975,120.075,16.1,1,1,1,1,1
2026-02-05T12,50.0,111.0,57.475,79.1,16.2,1,1,1,1,1
2026-02-05T13,64.0,147.0,105.375,31.1,17.45,1,1,1,1,1
2026-02-05T14,105.0,202.0,127.667,10.7,15.7,1,1,1,1,1
2026-02-05T15,136.0,251.0,130.375,2.95,14.875,1,1,1,1,1
2026-02-05T16,147.0,278.0,121.075,2.05,15.125,1,1,1,1,1
2026-02-05T17,139.0,259.0,114.225,2.125,14.9,1,1,1,1,1
2026-02-05T18,134.0,228.0,102.3,3.3,14.5,1,1,1,1,1
2026-02-05T19,114.0,207.0,97.9,3.725,13.95,1,1,1,1,1
2026-02-05T20,108.0,191.0,92.225,2.375,14.675,1,1,1,1,1
2026-02-05T21,105.0,184.0,84.675,2.225,14.525,1,1,1,1,1
2026-02-05T22,107.0,177.0,80.25,2.45,12.55,1,1,1,1,1
2026-02-05T23,140.0,206.0,75.45,2.4,11.825,1,1,1,1,1
2026-02-06T00,122.0,174.0,69.325,2.225,11.35,1,1,1,1,1
2026-02-06T01,110.0,162.0,67.35,3.1,11.525,1,1,1,1,1
2026-02-06T02,116.0,201.0,64.575,8.65,13.8,1,1,1,1,1
2026-02-06T03,114.0,210.0,61.7,25.825,15.475,1,1,1,1,1
2026-02-06T04,119.0,224.0,48.925,66.375,14.7,1,1,1,1,1
2026-02-06T05,101.0,216.0,31.175,111.65,15.175,1,1,1,1,1
2026-02-06T06,75.0,161.0,21.925,129.075,13.125,1,1,1,1,1
2026-02-06T07,53.0,145.0,20.1,137.8,13.35,1,1,1,1,1
2026-02-06T08,48.0,129.0,23.9,135.625,13.25,1,1,1,1,1
2026-02-06T09,47.0,122.0,26.0,132.275,16.8,1,1,1,1,1
2026-02-06T10,48.0,119.0,24.15,131.125,15.875,1,1,1,1,1
2026-02-06T11,56.0,117.0,30.775,116.0,17.15,1,1,1,1,1
2026-02-06T12,62.0,123.0,54.275,84.9,19.05,1,1,1,1,1
2026-02-06T13,80.0,162.0,113.675,16.775,17.725,1,1,1,1,1
2026-02-06T14,125.0,244.0,122.15,8.175,15.1,1,1,1,1,1
2026-02-06T15,135.0,265.0,123.675,3.0,13.3,1,1,1,1,1
2026-02-06T16,143.0,261.0,118.125,2.45,12.7,1,1,1,1,1
2026-02-06T17,139.0,277.0,111.25,2.225,13.25,1,1,1,1,1
2026-02-06T18,145.0,271.0,96.3,2.2,16.8,1,1,1,1,1
2026-02-06T19,122.0,235.0,96.6,1.8,16.475,1,1,1,1,1
2026-02-06T20,114.0,204.0,89.5,4.05,16.2,1,1,1,1,1
2026-02-06T21,122.0,204.0,79.5,4.625,16.175,1,1,1,1,1
2026-02-06T22,123.0,183.0,70.6,5.275,14.4,1,1,1,1,1
2026-02-06T23,103.0,156.0,61.55,7.425,13.525,1,1,1,1,1
2026-02-07T00,100.0,143.0,62.75,5.075,13.85,1,1,1,1,1
2026-02-07T01,105.0,156.0,69.825,5.075,13.375,1,1,1,1,1
2026-02-07T02,113.0,195.0,64.9,8.675,15.35,1,1,1,1,1
2026-02-07T03,112.0,210.0,51.125,42.5,16.75,1,1,1,1,1
2026-02-07T04,106.0,200.0,42.025,73.4,17.425,1,1,1,1,1
2026-02-07T05,114.0,219.0,34.1,103.875,17.9,1,1,1,1,1
2026-02-07T06,99.0,201.0,25.825,123.975,16.075,1,1,1,1,1
2026-02-07T07,84.0,171.0,21.85,130.925,14.6,1,1,1,1,1
2026-02-07T08,56.0,166.0,19.675,131.325,14.075,1,1,1,1,1
2026-02-07T09,,,24.05,129.7,14.25,0,0,1,1,1
2026-02-07T10,,,23.7,111.267,14.9,0,0,1,1,1
2026-02-07T11,61.0,166.0,36.467,99.567,12.5,1,1,1,1,1
2026-02-07T12,72.0,179.0,78.625,53.75,12.6,1,1,1,1,1
2026-02-07T13,85.0,232.0,98.2,27.05,13.65,1,1,1,1,1
2026-02-07T14,118.0,271.0,113.525,7.2,11.725,1,1,1,1,1
2026-02-07T15,130.0,279.0,98.625,15.9,10.225,1,1,1,1,1
2026-02-07T16,119.0,252.0,69.175,37.175,9.6,1,1,1,1,1
2026-02-07T17,107.0,215.0,88.9,18.45,9.175,1,1,1,1,1
2026-02-07T18,132.0,252.0,60.6,32.0,15.8,1,1,1,1,1
2026-02-07T19,88.0,207.0,50.7,37.0,16.1,1,1,1,1,1
2026-02-08T15,135.0,322.0,122.4,1.3,15.6,1,1,1,1,1
2026-02-08T16,136.0,324.0,115.375,0.85,14.75,1,1,1,1,1
2026-02-08T17,130.0,316.0,109.45,0.95,14.325,1,1,1,1,1
2026-02-08T18,141.0,316.0,101.3,0.4,13.0,1,1,1,1,1
2026-02-08T19,141.0,317.0,95.45,1.0,14.0,1,1,1,1,1
2026-02-08T20,149.0,320.0,92.85,0.625,13.375,1,1,1,1,1
2026-02-08T21,122.0,243.0,82.125,0.65,13.675,1,1,1,1,1
2026-02-08T22,121.0,210.0,75.675,0.567,12.225,1,1,1,1,1
2026-02-08T23,121.0,230.0,76.675,1.275,10.55,1,1,1,1,1
2026-02-09T00,128.0,224.0,77.65,0.85,10.15,1,1,1,1,1
2026-02-09T01,138.0,238.0,82.525,0.875,10.875,1,1,1,1,1
2026-02-09T02,150.0,284.0,98.65,1.15,12.2,1,1,1,1,1
2026-02-09T03,144.0,282.0,112.2,2.925,13.675,1,1,1,1,1
2026-02-09T04,144.0,291.0,114.325,19.825,14.25,1,1,1,1,1
2026-02-09T05,155.0,318.0,93.7,73.125,15.925,1,1,1,1,1
2026-02-09T07,80.0,184.0,40.2,138.95,18.65,1,1,1,1,1
2026-02-09T08,88.0,197.0,28.7,167.3,13.7,1,1,1,1,1
2026-02-09T09,75.0,180.0,29.5,167.367,13.6,1,1,1,1,1
2026-02-09T10,78.0,201.0,34.425,156.825,12.675,1,1,1,1,1
2026-02-09T11,70.0,204.0,48.075,120.175,13.8,1,1,1,1,1
2026-02-09T12,66.0,196.0,77.05,53.65,13.85,1,1,1,1,1
2026-02-09T13,59.0,201.0,121.0,7.125,12.775,1,1,1,1,1
2026-02-09T14,110.0,299.0,132.2,1.475,12.375,1,1,1,1,1
2026-02-09T15,133.0,367.0,113.725,2.025,12.2,1,1,1,1,1
2026-02-09T16,160.0,357.0,109.125,1.575,11.775,1,1,1,1,1
2026-02-09T17,156.0,385.0,102.275,1.475,12.7,1,1,1,1,1
2026-02-09T18,138.0,302.0,92.2,2.8,15.9,1,1,1,1,1
2026-02-09T19,166.0,356.0,90.625,3.475,16.15,1,1,1,1,1
2026-02-09T20,167.0,324.0,84.833,2.933,17.367,1,1,1,1,1
2026-02-09T21,166.0,332.0,80.825,2.3,17.95,1,1,1,1,1
2026-02-09T22,147.0,299.0,63.5,2.233,17.467,1,1,1,1,1
2026-02-09T23,149.0,291.0,65.375,2.925,15.875,1,1,1,1,1
2026-02-10T00,160.0,317.0,65.625,2.775,17.175,1,1,1,1,1
2026-02-10T01,167.0,317.0,74.275,2.0,17.025,1,1,1,1,1
2026-02-10T02,149.0,315.0,101.9,1.9,16.375,1,1,1,1,1
2026-02-10T03,155.0,328.0,90.15,9.15,16.85,1,1,1,1,1
2026-02-10T04,129.0,280.0,62.925,,16.95,1,1,1,0,1
2026-02-10T05,89.0,221.0,40.125,,16.825,1,1,1,0,1
2026-02-10T06,129.0,269.0,50.175,,17.3,1,1,1,0,1
2026-02-10T07,130.0,309.0,34.525,163.85,13.925,1,1,1,1,1
2026-02-10T08,101.0,255.0,28.225,165.3,13.525,1,1,1,1,1
2026-02-10T09,83.0,229.0,26.625,160.575,12.65,1,1,1,1,1
2026-02-10T10,74.0,223.0,27.75,159.975,13.425,1,1,1,1,1
2026-02-10T11,75.0,239.0,42.8,127.15,15.2,1,1,1,1,1
2026-02-10T12,84.0,250.0,66.7,68.633,14.9,1,1,1,1,1
2026-02-10T13,103.0,293.0,134.8,10.075,15.3,1,1,1,1,1
2026-02-10T14,155.0,433.0,144.025,2.175,14.875,1,1,1,1,1
2026-02-10T15,188.0,427.0,144.175,1.8,13.55,1,1,1,1,1
2026-02-10T16,197.0,409.0,135.625,1.95,13.95,1,1,1,1,1
2026-02-10T17,291.0,501.0,115.2,1.625,13.7,1,1,1,1,1
2026-02-10T18,210.0,460.0,106.7,1.9,14.1,1,1,1,1,1
2026-02-10T19,202.0,488.0,101.4,1.675,15.475,1,1,1,1,1
2026-02-10T20,200.0,472.0,99.325,1.775,16.625,1,1,1,1,1
2026-02-10T21,177.0,382.0,101.775,2.225,17.1,1,1,1,1,1
2026-02-10T22,205.0,439.0,109.65,2.4,16.85,1,1,1,1,1
2026-02-10T23,332.0,626.0,104.975,2.325,14.325,1,1,1,1,1
2026-02-11T00,300.0,545.0,100.55,1.4,14.425,1,1,1,1,1
2026-02-11T01,254.0,415.0,96.275,1.85,13.275,1,1,1,1,1
2026-02-11T02,250.0,437.0,115.65,2.275,14.125,1,1,1,1,1
2026-02-11T03,245.0,465.0,139.15,7.925,15.55,1,1,1,1,1
2026-02-11T04,245.0,472.0,104.6,39.7,15.975,1,1,1,1,1
2026-02-11T05,241.0,472.0,87.5,136.4,16.6,1,1,1,1,1
2026-02-11T06,129.0,291.0,33.35,164.3,16.6,1,1,1,1,1
2026-02-11T07,95.0,229.0,25.075,133.875,17.875,1,1,1,1,1
2026-02-11T08,68.0,183.0,27.375,126.25,17.875,1,1,1,1,1
2026-02-11T09,78.0,183.0,20.875,110.2,16.925,1,1,1,1,1
2026-02-11T10,52.0,146.0,22.275,112.075,16.75,1,1,1,1,1
2026-02-11T11,64.0,163.0,31.75,99.825,19.5,1,1,1,1,1
2026-02-11T12,62.0,169.0,63.2,58.0,20.05,1,1,1,1,1
2026-02-11T13,63.0,190.0,108.3,14.35,19.75,1,1,1,1,1
2026-02-11T14,88.0,257.0,122.025,1.175,20.175,1,1,1,1,1
2026-02-11T15,91.0,268.0,110.1,3.975,17.85,1,1,1,1,1
2026-02-11T16,96.0,232.0,91.125,7.35,16.825,1,1,1,1,1
2026-02-11T17,88.0,202.0,90.85,2.325,15.8,1,1,1,1,1
2026-02-11T19,68.0,149.0,71.95,3.55,18.7,1,1,1,1,1
2026-02-11T20,62.0,151.0,69.725,0.85,19.325,1,1,1,1,1
2026-02-11T21,75.0,162.0,63.275,0.75,18.525,1,1,1,1,1
2026-02-11T22,83.0,158.0,54.425,1.15,19.05,1,1,1,1,1
2026-02-11T23,74.0,153.0,54.925,1.275,15.825,1,1,1,1,1
2026-02-12T00,78.0,138.0,63.425,2.975,16.725,1,1,1,1,1
2026-02-12T01,80.0,150.0,54.65,2.85,16.575,1,1,1,1,1
2026-02-12T02,80.0,178.0,61.0,3.2,16.65,1,1,1,1,1
2026-02-12T03,95.0,211.0,53.525,12.7,18.85,1,1,1,1,1
2026-02-12T04,88.0,208.0,41.525,36.65,19.7,1,1,1,1,1
2026-02-12T05,83.0,194.0,36.0,69.275,19.875,1,1,1,1,1
2026-02-12T06,69.0,177.0,25.867,88.867,20.4,1,1,1,1,1
2026-02-12T07,42.0,127.0,21.325,96.9,20.225,1,1,1,1,1
2026-02-12T08,38.0,121.0,19.9,98.675,18.65,1,1,1,1,1
2026-02-12T09,30.0,106.0,18.25,97.6,17.3,1,1,1,1,1
2026-02-12T10,25.0,94.0,20.0,96.225,18.225,1,1,1,1,1
2026-02-12T11,23.0,89.0,33.975,79.65,19.5,1,1,1,1,1
2026-02-12T12,25.0,102.0,58.975,52.075,20.8,1,1,1,1,1
2026-02-12T13,41.0,136.0,96.55,19.05,21.25,1,1,1,1,1
2026-02-12T14,66.0,195.0,121.125,1.4,20.3,1,1,1,1,1
2026-02-12T15,118.0,298.0,118.55,1.325,18.55,1,1,1,1,1
2026-02-12T16,101.0,283.0,110.975,0.95,18.1,1,1,1,1,1
2026-02-12T17,111.0,288.0,105.3,1.25,18.05,1,1,1,1,1
2026-02-12T18,122.0,294.0,95.7,1.2,16.8,1,1,1,1,1
2026-02-12T19,122.0,300.0,95.95,0.975,18.55,1,1,1,1,1
2026-02-12T20,108.0,259.0,88.475,1.125,19.625,1,1,1,1,1
2026-02-12T21,125.0,263.0,84.275,0.95,19.65,1,1,1,1,1
2026-02-12T22,119.0,244.0,84.175,0.8,19.625,1,1,1,1,1
2026-02-12T23,107.0,208.0,75.575,0.775,17.25,1,1,1,1,1
2026-02-13T00,122.0,204.0,67.55,0.95,15.025,1,1,1,1,1
2026-02-13T01,124.0,211.0,65.9,1.05,16.1,1,1,1,1,1
2026-02-13T02,127.0,262.0,72.55,2.925,15.05,1,1,1,1,1
2026-02-13T03,110.0,233.0,71.425,12.475,17.275,1,1,1,1,1
2026-02-13T04,88.0,194.0,41.5,43.05,19.625,1,1,1,1,1
2026-02-13T05,73.0,164.0,30.125,78.025,19.775,1,1,1,1,1
2026-02-13T06,48.0,136.0,19.7,101.2,19.267,1,1,1,1,1
2026-02-13T07,40.0,112.0,25.575,115.225,16.95,1,1,1,1,1
2026-02-13T08,47.0,138.0,27.425,125.7,15.85,1,1,1,1,1
2026-02-13T09,40.0,122.0,21.8,118.95,14.55,1,1,1,1,1
2026-02-13T10,44.0,119.0,11.35,105.5,18.667,1,1,1,1,1
2026-02-13T11,38.0,129.0,21.55,100.825,19.133,1,1,1,1,1
2026-02-13T12,47.0,153.0,37.075,61.15,18.65,1,1,1,1,1
2026-02-13T13,53.0,182.0,63.45,8.8,17.325,1,1,1,1,1
2026-02-13T14,86.0,234.0,66.45,6.8,18.05,1,1,1,1,1
2026-02-13T15,103.0,269.0,68.4,6.975,19.375,1,1,1,1,1
2026-02-13T16,119.0,332.0,63.15,2.575,20.525,1,1,1,1,1
2026-02-13T17,136.0,342.0,52.775,2.125,19.9,1,1,1,1,1
2026-02-13T18,167.0,401.0,52.2,1.6,14.9,1,1,1,1,1
2026-02-13T19,169.0,405.0,58.475,2.325,15.425,1,1,1,1,1
2026-02-13T20,150.0,338.0,54.5,2.4,16.65,1,1,1,1,1
2026-02-13T21,164.0,293.0,46.75,1.9,15.125,1,1,1,1,1
2026-02-13T22,178.0,311.0,48.325,1.825,13.45,1,1,1,1,1
2026-02-13T23,167.0,301.0,46.325,1.325,13.925,1,1,1,1,1
2026-02-14T00,173.0,290.0,49.15,1.125,15.775,1,1,1,1,1
2026-02-14T01,174.0,300.0,49.025,0.925,14.8,1,1,1,1,1
2026-02-14T02,189.0,311.0,48.425,2.55,14.85,1,1,1,1,1
2026-02-14T03,177.0,321.0,45.425,12.65,17.525,1,1,1,1,1
2026-02-14T04,117.0,228.0,32.675,35.925,17.9,1,1,1,1,1
2026-02-14T05,73.0,162.0,16.275,75.2,17.85,1,1,1,1,1
2026-02-14T06,61.0,140.0,13.3,113.625,19.7,1,1,1,1,1
2026-02-14T07,62.0,145.0,13.775,146.325,20.7,1,1,1,1,1
2026-02-14T08,63.0,172.0,11.5,145.6,18.3,1,1,1,1,1
2026-02-14T09,44.0,144.0,10.675,136.95,16.775,1,1,1,1,1
2026-02-14T10,47.0,119.0,12.475,125.875,17.175,1,1,1,1,1
2026-02-14T11,40.0,129.0,18.575,109.75,24.525,1,1,1,1,1
2026-02-14T12,51.0,143.0,42.925,58.225,22.175,1,1,1,1,1
2026-02-14T13,69.0,195.0,74.7,15.375,18.0,1,1,1,1,1
2026-02-14T14,90.0,254.0,82.225,1.4,16.25,1,1,1,1,1
2026-02-14T15,172.0,382.0,80.525,1.275,15.45,1,1,1,1,1
2026-02-14T16,141.0,376.0,76.6,1.175,15.7,1,1,1,1,1
2026-02-14T17,140.0,339.0,64.067,0.833,15.7,1,1,1,1,1
2026-02-14T18,139.0,332.0,55.2,0.6,16.7,1,1,1,1,1
2026-02-14T19,150.0,321.0,58.2,1.2,17.225,1,1,1,1,1
2026-02-14T20,139.0,293.0,58.9,0.7,16.825,1,1,1,1,1
2026-02-14T21,143.0,299.0,61.55,0.725,14.95,1,1,1,1,1
2026-02-14T22,134.0,239.0,51.9,0.875,13.55,1,1,1,1,1
2026-02-14T23,111.0,194.0,43.225,2.5,13.425,1,1,1,1,1
2026-02-15T00,96.0,158.0,34.55,4.825,13.675,1,1,1,1,1
2026-02-15T01,85.0,155.0,37.0,1.9,13.275,1,1,1,1,1
2026-02-15T02,89.0,183.0,39.325,5.3,16.0,1,1,1,1,1
2026-02-15T03,101.0,215.0,38.775,21.925,19.425,1,1,1,1,1
2026-02-15T04,107.0,234.0,31.65,49.075,21.475,1,1,1,1,1
2026-02-15T05,102.0,228.0,17.975,94.95,25.875,1,1,1,1,1
2026-02-15T06,88.0,201.0,16.375,129.875,25.55,1,1,1,1,1
2026-02-15T07,72.0,173.0,13.0,133.95,25.05,1,1,1,1,1
2026-02-15T08,61.0,166.0,11.125,127.5,21.55,1,1,1,1,1
2026-02-15T09,45.0,153.0,10.675,121.275,23.3,1,1,1,1,1
2026-02-15T10,44.0,135.0,10.425,111.6,21.375,1,1,1,1,1
2026-02-15T11,35.0,121.0,19.0,100.7,21.8,1,1,1,1,1
2026-02-15T12,47.0,166.0,40.4,63.55,22.175,1,1,1,1,1
2026-02-15T13,61.0,204.0,52.125,36.9,18.85,1,1,1,1,1
2026-02-15T14,86.0,218.0,72.5,6.0,17.55,1,1,1,1,1
2026-02-15T15,108.0,290.0,68.9,1.625,16.9,1,1,1,1,1
2026-02-15T16,147.0,371.0,74.5,1.325,16.275,1,1,1,1,1
2026-02-15T17,155.0,378.0,67.825,1.625,17.65,1,1,1,1,1
2026-02-15T18,155.0,328.0,53.0,1.5,16.9,1,1,1,1,1
2026-02-15T19,139.0,334.0,56.725,1.5,16.075,1,1,1,1,1
2026-02-15T20,145.0,300.0,53.6,1.55,14.35,1,1,1,1,1
2026-02-15T21,132.0,255.0,53.175,1.3,12.35,1,1,1,1,1
2026-02-15T22,123.0,237.0,49.467,2.8,12.1,1,1,1,1,1
2026-02-15T23,141.0,241.0,51.425,1.825,12.525,1,1,1,1,1
2026-02-16T00,141.0,246.0,48.6,1.05,13.025,1,1,1,1,1
2026-02-16T01,134.0,226.0,51.525,0.7,15.725,1,1,1,1,1
2026-02-16T02,129.0,276.0,59.875,1.4,17.275,1,1,1,1,1
2026-02-16T03,156.0,320.0,81.525,5.55,21.075,1,1,1,1,1
2026-02-16T04,140.0,293.0,76.5,19.7,21.4,1,1,1,1,1
2026-02-17T07,34.0,134.0,6.167,84.233,15.367,1,1,1,1,1
2026-02-17T08,28.0,112.0,5.675,88.525,15.8,1,1,1,1,1
2026-02-17T09,31.0,108.0,5.2,93.1,17.425,1,1,1,1,1
2026-02-17T10,25.0,133.0,7.725,90.925,17.2,1,1,1,1,1
2026-02-17T11,25.0,156.0,19.725,67.825,17.75,1,1,1,1,1
2026-02-17T12,31.0,153.0,27.475,56.375,18.575,1,1,1,1,1
2026-02-17T13,52.0,196.0,56.025,25.2,17.675,1,1,1,1,1
2026-02-17T14,75.0,257.0,62.75,10.625,16.325,1,1,1,1,1
2026-02-17T15,105.0,301.0,69.375,1.9,15.825,1,1,1,1,1
2026-02-17T16,134.0,329.0,66.4,1.35,15.3,1,1,1,1,1
2026-02-18T01,208.0,393.0,30.5,10.9,21.6,1,1,1,1,1
2026-02-18T02,155.0,273.0,29.375,13.725,22.275,1,1,1,1,1
2026-02-18T03,111.0,202.0,37.275,11.3,23.65,1,1,1,1,1
2026-02-18T04,103.0,204.0,41.925,11.875,27.6,1,1,1,1,1
2026-02-18T05,80.0,173.0,27.975,31.125,32.525,1,1,1,1,1
2026-02-18T06,72.0,197.0,22.45,38.05,38.275,1,1,1,1,1
2026-02-18T07,70.0,149.0,34.05,21.95,21.475,1,1,1,1,1
2026-02-18T08,58.0,123.0,23.6,31.133,18.267,1,1,1,1,1
2026-02-18T09,42.0,86.0,30.75,24.175,17.275,1,1,1,1,1
2026-02-18T10,35.0,66.0,40.225,11.575,16.625,1,1,1,1,1
2026-02-18T11,42.0,97.0,44.0,5.65,16.725,1,1,1,1,1
2026-02-18T12,52.0,130.0,53.975,2.475,17.8,1,1,1,1,1
2026-02-18T13,78.0,169.0,51.6,0.75,17.6,1,1,1,1,1
2026-02-18T14,95.0,182.0,52.1,1.125,16.95,1,1,1,1,1
2026-02-18T15,102.0,196.0,51.2,1.225,16.7,1,1,1,1,1
2026-02-18T16,101.0,196.0,45.1,1.3,14.2,1,1,1,1,1
2026-02-19T07,133.0,283.0,25.5,170.4,37.5,1,1,1,1,1
2026-02-19T08,167.0,343.0,18.3,159.9,35.0,1,1,1,1,1
2026-02-19T11,67.0,188.0,19.55,97.8,21.1,1,1,1,1,1
2026-02-19T12,56.0,180.0,25.1,69.225,20.4,1,1,1,1,1
2026-02-19T13,69.0,186.0,41.325,33.7,18.975,1,1,1,1,1
2026-02-19T14,92.0,226.0,61.725,7.125,18.575,1,1,1,1,1
2026-02-19T15,117.0,254.0,63.425,2.2,18.025,1,1,1,1,1
2026-02-19T16,116.0,241.0,57.8,1.375,17.525,1,1,1,1,1
2026-02-19T17,118.0,252.0,54.6,0.75,16.075,1,1,1,1,1
2026-02-19T18,106.0,224.0,42.3,2.6,20.9,1,1,1,1,1
2026-02-19T19,101.0,221.0,39.925,0.7,21.7,1,1,1,1,1
2026-02-19T20,111.0,243.0,41.05,0.925,20.775,1,1,1,1,1
2026-02-19T21,107.0,213.0,46.0,0.5,21.2,1,1,1,1,1
2026-02-19T22,111.0,204.0,44.125,0.925,20.75,1,1,1,1,1
2026-02-19T23,113.0,193.0,39.425,1.775,17.975,1,1,1,1,1
2026-02-20T00,134.0,212.0,38.9,1.667,17.833,1,1,1,1,1
2026-02-20T01,153.0,266.0,43.825,2.5,19.95,1,1,1,1,1
2026-02-20T02,149.0,269.0,52.933,1.933,23.233,1,1,1,1,1
2026-02-20T03,167.0,329.0,67.225,5.45,28.525,1,1,1,1,1
2026-02-20T04,175.0,329.0,57.45,34.4,33.2,1,1,1,1,1
2026-02-20T05,152.0,299.0,28.067,70.467,47.4,1,1,1,1,1
2026-02-20T06,99.0,199.0,23.425,109.625,38.625,1,1,1,1,1
2026-02-20T07,95.0,215.0,17.575,127.075,34.6,1,1,1,1,1
2026-02-20T08,69.0,174.0,11.45,121.45,28.2,1,1,1,1,1
2026-02-20T09,61.0,130.0,8.0,96.6,26.4,1,1,1,1,1
2026-02-20T10,50.0,116.0,7.7,90.8,24.925,1,1,1,1,1
2026-02-20T11,46.0,113.0,13.85,78.675,24.825,1,1,1,1,1
2026-02-20T12,44.0,135.0,24.8,50.05,24.65,1,1,1,1,1
2026-02-20T13,53.0,147.0,51.325,15.325,23.275,1,1,1,1,1
2026-02-20T14,73.0,196.0,66.625,1.2,20.55,1,1,1,1,1
2026-02-20T15,89.0,238.0,63.65,1.55,20.125,1,1,1,1,1
2026-02-20T16,101.0,269.0,59.3,1.275,20.1,1,1,1,1,1
2026-02-20T17,105.0,244.0,58.975,1.1,20.15,1,1,1,1,1
2026-02-20T18,97.0,224.0,55.8,1.1,19.2,1,1,1,1,1
2026-02-20T19,100.0,227.0,53.45,1.35,19.225,1,1,1,1,1
2026-02-20T20,107.0,227.0,53.675,1.025,19.3,1,1,1,1,1
2026-02-20T21,113.0,238.0,44.425,1.325,18.4,1,1,1,1,1
2026-02-20T22,128.0,228.0,42.625,0.6,17.6,1,1,1,1,1
2026-02-20T23,117.0,188.0,36.975,1.0,16.475,1,1,1,1,1
2026-02-21T00,107.0,173.0,31.775,0.925,14.825,1,1,1,1,1
2026-02-21T01,108.0,173.0,34.775,1.45,14.85,1,1,1,1,1
2026-02-21T02,107.0,188.0,32.525,3.8,17.15,1,1,1,1,1
2026-02-21T03,114.0,230.0,33.625,13.775,20.75,1,1,1,1,1
2026-02-21T04,139.0,271.0,29.45,38.425,26.975,1,1,1,1,1
2026-02-21T05,146.0,288.0,18.575,69.35,39.15,1,1,1,1,1
2026-02-21T06,128.0,248.0,19.467,94.4,34.333,1,1,1,1,1
2026-02-21T07,106.0,224.0,13.25,115.4,30.0,1,1,1,1,1
2026-02-21T08,97.0,186.0,12.5,127.35,28.9,1,1,1,1,1
2026-02-21T09,77.0,157.0,17.667,130.75,13.067,1,1,1,1,1
2026-02-21T10,57.0,134.0,21.7,123.425,15.75,1,1,1,1,1
2026-02-21T11,55.0,146.0,31.15,100.2,17.2,1,1,1,1,1
2026-02-21T12,58.0,144.0,49.775,72.35,17.45,1,1,1,1,1
2026-02-21T13,80.0,194.0,77.175,35.85,20.225,1,1,1,1,1
2026-02-21T14,103.0,241.0,107.275,9.125,17.875,1,1,1,1,1
2026-02-21T15,135.0,307.0,113.15,0.2,13.75,1,1,1,1,1
2026-02-21T16,149.0,335.0,110.7,0.325,12.1,1,1,1,1,1
2026-02-21T17,150.0,317.0,100.7,0.3,11.45,1,1,1,1,1
2026-02-21T19,164.0,335.0,89.7,,5.9,1,1,1,0,1
2026-02-21T20,140.0,294.0,81.175,,6.8,1,1,1,0,1
2026-02-21T21,141.0,274.0,79.75,,6.275,1,1,1,0,1
2026-02-21T22,160.0,296.0,72.65,,3.725,1,1,1,0,1
2026-02-21T23,162.0,260.0,70.1,0.733,1.925,1,1,1,1,1
2026-02-22T00,149.0,223.0,78.975,0.367,1.025,1,1,1,1,1
2026-02-22T01,140.0,224.0,80.75,1.167,1.125,1,1,1,1,1
2026-02-22T02,133.0,228.0,87.825,3.775,6.725,1,1,1,1,1
2026-02-22T03,135.0,238.0,69.5,22.05,11.725,1,1,1,1,1
2026-02-22T04,113.0,195.0,36.775,53.067,13.725,1,1,1,1,1
2026-02-22T05,69.0,140.0,29.9,84.6,14.725,1,1,1,1,1
2026-02-22T06,58.0,110.0,23.5,110.55,10.175,1,1,1,1,1
2026-02-22T07,73.0,101.0,20.05,137.075,7.525,1,1,1,1,1
2026-02-22T08,41.0,105.0,18.425,156.25,7.575,1,1,1,1,1
2026-02-22T09,42.0,113.0,21.175,164.325,8.325,1,1,1,1,1
2026-02-22T10,46.0,122.0,23.95,139.2,11.25,1,1,1,1,1
2026-02-22T11,46.0,121.0,26.933,121.433,12.067,1,1,1,1,1
2026-02-22T12,44.0,133.0,52.35,83.85,10.525,1,1,1,1,1
2026-02-22T13,57.0,171.0,86.725,31.3,9.625,1,1,1,1,1
2026-02-22T14,77.0,227.0,112.3,1.95,5.5,1,1,1,1,1
2026-02-22T15,112.0,389.0,112.65,0.733,3.9,1,1,1,1,1
2026-02-22T16,121.0,364.0,105.925,0.625,3.225,1,1,1,1,1
2026-02-22T17,152.0,410.0,105.025,0.675,4.95,1,1,1,1,1
2026-02-22T18,333.0,525.0,103.6,0.7,8.1,1,1,1,1,1
2026-02-22T19,288.0,453.0,93.35,,7.1,1,1,1,0,1
2026-02-22T20,256.0,390.0,78.775,0.433,6.4,1,1,1,1,1
2026-02-22T21,169.0,321.0,78.3,0.425,6.0,1,1,1,1,1
2026-02-22T22,129.0,266.0,72.95,0.3,4.375,1,1,1,1,1
2026-02-22T23,129.0,239.0,71.75,0.6,2.4,1,1,1,1,1
2026-02-23T00,121.0,210.0,63.7,0.35,1.325,1,1,1,1,1
2026-02-23T01,119.0,210.0,60.275,0.525,2.525,1,1,1,1,1
2026-02-23T02,122.0,271.0,83.975,0.325,6.6,1,1,1,1,1
2026-02-23T03,134.0,293.0,106.9,7.55,13.425,1,1,1,1,1
2026-02-23T04,128.0,259.0,63.9,37.0,18.05,1,1,1,1,1
2026-02-23T05,80.0,169.0,38.8,96.767,18.267,1,1,1,1,1
2026-02-23T06,70.0,155.0,28.125,135.8,10.125,1,1,1,1,1
2026-02-23T07,61.0,147.0,33.125,183.15,8.2,1,1,1,1,1
2026-02-23T08,61.0,171.0,23.233,165.7,8.3,1,1,1,1,1
2026-02-23T09,50.0,152.0,21.0,154.2,6.6,1,1,1,1,1
2026-02-23T10,45.0,117.0,21.3,145.425,8.05,1,1,1,1,1
2026-02-23T11,41.0,128.0,23.325,133.775,10.475,1,1,1,1,1
2026-02-23T12,41.0,141.0,42.8,96.2,10.125,1,1,1,1,1
2026-02-23T13,52.0,183.0,93.175,26.55,10.5,1,1,1,1,1
2026-02-23T14,86.0,326.0,115.6,0.85,6.7,1,1,1,1,1
2026-02-23T15,121.0,399.0,116.25,0.35,4.55,1,1,1,1,1
2026-02-23T16,135.0,349.0,112.925,0.5,3.75,1,1,1,1,1
2026-02-23T17,111.0,267.0,95.725,0.8,2.925,1,1,1,1,1
2026-02-23T18,121.0,280.0,82.5,0.7,7.9,1,1,1,1,1
2026-02-23T19,128.0,310.0,76.425,0.375,8.925,1,1,1,1,1
2026-02-23T20,143.0,312.0,73.625,0.567,8.8,1,1,1,1,1
2026-02-23T21,144.0,287.0,80.625,0.6,7.975,1,1,1,1,1
2026-02-23T22,175.0,289.0,85.975,0.5,5.7,1,1,1,1,1
2026-02-23T23,190.0,304.0,79.3,0.3,4.025,1,1,1,1,1
2026-02-24T00,133.0,235.0,71.75,0.7,3.975,1,1,1,1,1
2026-02-24T01,130.0,251.0,70.5,0.5,4.6,1,1,1,1,1
2026-02-24T02,124.0,243.0,95.525,0.7,10.425,1,1,1,1,1
2026-02-24T03,146.0,294.0,105.75,6.375,18.75,1,1,1,1,1
2026-02-24T04,130.0,257.0,70.075,38.325,19.4,1,1,1,1,1
2026-02-24T05,102.0,194.0,47.35,72.067,20.0,1,1,1,1,1
2026-02-24T06,95.0,180.0,43.575,112.05,16.575,1,1,1,1,1
2026-02-24T07,96.0,194.0,31.4,176.6,13.725,1,1,1,1,1
2026-02-24T08,105.0,224.0,25.8,172.9,13.067,1,1,1,1,1
2026-02-24T09,66.0,172.0,21.4,153.9,10.2,1,1,1,1,1
2026-02-24T10,59.0,151.0,20.75,138.0,7.1,1,1,1,1,1
2026-02-24T12,59.0,169.0,60.1,62.3,10.3,1,1,1,1,1
2026-02-24T13,73.0,196.0,94.125,25.35,9.8,1,1,1,1,1
2026-02-24T14,85.0,250.0,123.975,0.925,8.075,1,1,1,1,1
2026-02-24T15,106.0,318.0,115.925,1.075,5.675,1,1,1,1,1
2026-02-24T16,130.0,337.0,113.225,1.75,5.65,1,1,1,1,1
2026-02-24T17,143.0,368.0,96.325,1.15,5.3,1,1,1,1,1
2026-02-24T18,144.0,362.0,96.1,0.1,5.2,1,1,1,1,1
2026-02-24T19,136.0,302.0,85.325,0.4,4.45,1,1,1,1,1
2026-02-24T20,122.0,238.0,73.325,5.033,4.5,1,1,1,1,1
2026-02-24T21,112.0,204.0,72.2,4.333,4.867,1,1,1,1,1
2026-02-24T22,119.0,233.0,79.075,0.225,4.275,1,1,1,1,1
2026-02-24T23,134.0,262.0,73.45,0.825,1.85,1,1,1,1,1
2026-02-25T00,143.0,244.0,68.675,0.7,0.775,1,1,1,1,1
2026-02-25T01,149.0,252.0,75.025,1.075,0.6,1,1,1,1,1
2026-02-25T02,146.0,259.0,74.4,3.95,3.375,1,1,1,1,1
2026-02-25T03,147.0,301.0,85.9,13.225,10.325,1,1,1,1,1
2026-02-25T04,152.0,320.0,59.875,47.275,13.9,1,1,1,1,1
2026-02-25T05,102.0,219.0,29.575,87.875,14.55,1,1,1,1,1
2026-02-25T06,61.0,140.0,22.533,,10.767,1,1,1,0,1
2026-02-25T07,46.0,139.0,,169.35,,1,1,0,1,0
2026-02-25T08,55.0,150.0,18.875,163.325,13.725,1,1,1,1,1
2026-02-25T09,44.0,141.0,19.733,146.967,13.833,1,1,1,1,1
2026-02-25T10,33.0,110.0,20.3,138.85,13.0,1,1,1,1,1
2026-02-25T11,27.0,108.0,24.867,102.1,14.767,1,1,1,1,1
2026-02-25T12,34.0,136.0,67.25,50.75,14.925,1,1,1,1,1
2026-02-25T13,41.0,173.0,103.025,9.075,15.5,1,1,1,1,1
2026-02-25T14,75.0,255.0,108.875,1.1,14.1,1,1,1,1,1
2026-02-25T15,105.0,383.0,107.975,1.5,11.825,1,1,1,1,1
2026-02-25T16,116.0,371.0,86.2,12.25,11.65,1,1,1,1,1
2026-02-25T17,103.0,291.0,94.975,5.225,10.525,1,1,1,1,1
2026-02-25T18,106.0,268.0,87.1,1.0,11.7,1,1,1,1,1
2026-02-25T19,103.0,261.0,83.3,1.0,12.875,1,1,1,1,1
2026-02-25T20,103.0,255.0,79.225,0.85,13.825,1,1,1,1,1
2026-02-25T21,108.0,228.0,74.325,0.65,13.125,1,1,1,1,1
2026-02-25T22,105.0,223.0,73.575,0.525,10.2,1,1,1,1,1
2026-02-25T23,105.0,212.0,69.7,1.325,8.8,1,1,1,1,1
2026-02-26T00,106.0,196.0,63.075,3.85,9.075,1,1,1,1,1
2026-02-26T01,99.0,189.0,72.325,2.875,8.9,1,1,1,1,1
2026-02-26T02,97.0,202.0,66.25,11.025,12.45,1,1,1,1,1
2026-02-26T03,97.0,230.0,60.45,22.65,20.975,1,1,1,1,1
2026-02-26T04,90.0,222.0,48.95,49.3,23.225,1,1,1,1,1
2026-02-26T05,79.0,204.0,33.075,89.9,23.675,1,1,1,1,1
2026-02-26T06,74.0,206.0,27.375,107.5,21.525,1,1,1,1,1
2026-02-26T07,66.0,191.0,18.775,110.475,14.2,1,1,1,1,1
2026-02-26T08,39.0,145.0,16.8,111.375,11.925,1,1,1,1,1
2026-02-26T09,38.0,155.0,18.0,100.45,11.45,1,1,1,1,1
2026-02-26T10,29.0,128.0,18.933,91.6,10.467,1,1,1,1,1
2026-02-26T11,20.0,121.0,26.45,86.575,13.4,1,1,1,1,1
2026-02-26T12,29.0,127.0,57.95,47.2,14.65,1,1,1,1,1
2026-02-26T13,39.0,175.0,99.825,3.7,14.65,1,1,1,1,1
2026-02-26T14,77.0,241.0,97.125,1.425,15.475,1,1,1,1,1
2026-02-26T15,92.0,306.0,101.075,1.6,15.2,1,1,1,1,1
2026-02-26T16,97.0,326.0,98.65,1.35,15.175,1,1,1,1,1
2026-02-26T17,105.0,271.0,89.675,1.2,14.3,1,1,1,1,1
2026-02-26T18,107.0,262.0,82.2,1.6,16.8,1,1,1,1,1
2026-02-26T19,97.0,256.0,78.525,2.95,17.65,1,1,1,1,1
2026-02-26T20,84.0,188.0,70.85,4.0,19.75,1,1,1,1,1
2026-02-26T21,81.0,202.0,75.8,0.775,18.975,1,1,1,1,1
2026-02-26T22,79.0,189.0,76.95,1.125,19.1,1,1,1,1,1
2026-02-26T23,81.0,179.0,80.4,0.5,16.675,1,1,1,1,1
2026-02-27T00,92.0,190.0,82.95,0.475,16.6,1,1,1,1,1
2026-02-27T01,94.0,200.0,86.35,0.4,17.375,1,1,1,1,1
2026-02-27T02,97.0,218.0,78.9,3.9,20.925,1,1,1,1,1
2026-02-27T03,90.0,244.0,65.15,21.475,26.675,1,1,1,1,1
2026-02-27T04,95.0,257.0,54.475,64.125,29.4,1,1,1,1,1
2026-02-27T05,91.0,269.0,33.875,107.25,29.275,1,1,1,1,1
2026-02-27T06,67.0,183.0,27.425,135.3,25.75,1,1,1,1,1
2026-02-27T07,55.0,163.0,23.45,152.625,22.95,1,1,1,1,1
2026-02-27T08,42.0,140.0,19.0,147.9,20.5,1,1,1,1,1
2026-02-27T09,33.0,123.0,17.633,145.367,18.533,1,1,1,1,1
2026-02-27T10,33.0,106.0,17.725,127.775,17.225,1,1,1,1,1
2026-02-27T11,31.0,110.0,29.125,105.95,18.95,1,1,1,1,1
2026-02-27T12,39.0,156.0,58.65,70.775,21.05,1,1,1,1,1
2026-02-27T13,50.0,224.0,95.45,10.5,22.675,1,1,1,1,1
2026-02-27T14,73.0,348.0,98.425,4.85,21.85,1,1,1,1,1
2026-02-27T15,100.0,350.0,104.425,2.5,19.475,1,1,1,1,1
2026-02-27T16,124.0,420.0,107.875,4.05,20.15,1,1,1,1,1
2026-02-27T17,143.0,538.0,94.1,11.625,19.05,1,1,1,1,1
2026-02-27T18,151.0,509.0,84.3,11.8,17.4,1,1,1,1,1
2026-02-27T19,138.0,410.0,85.375,6.625,21.65,1,1,1,1,1
2026-02-27T20,107.0,271.0,75.125,3.65,22.3,1,1,1,1,1
2026-02-27T21,134.0,259.0,71.033,2.2,20.467,1,1,1,1,1
2026-02-27T22,153.0,282.0,73.9,2.65,19.975,1,1,1,1,1
2026-02-27T23,167.0,301.0,75.875,2.65,16.85,1,1,1,1,1
2026-02-28T00,146.0,295.0,81.675,2.75,16.15,1,1,1,1,1
2026-02-28T01,144.0,310.0,72.95,3.1,14.45,1,1,1,1,1
2026-02-28T02,133.0,300.0,94.525,3.45,17.175,1,1,1,1,1
2026-02-28T03,125.0,338.0,110.15,13.0,26.8,1,1,1,1,1
2026-02-28T04,113.0,311.0,69.675,51.2,26.05,1,1,1,1,1
2026-02-28T05,69.0,217.0,29.575,92.525,21.025,1,1,1,1,1
2026-02-28T06,34.0,135.0,22.175,127.15,19.4,1,1,1,1,1
2026-02-28T07,41.0,153.0,21.825,155.375,16.75,1,1,1,1,1
2026-02-28T08,40.0,161.0,20.875,147.35,14.675,1,1,1,1,1
2026-02-28T09,46.0,151.0,17.625,133.675,13.975,1,1,1,1,1
2026-02-28T10,44.0,138.0,20.325,120.225,13.95,1,1,1,1,1
2026-02-28T11,48.0,149.0,26.175,101.7,16.25,1,1,1,1,1
2026-02-28T12,42.0,167.0,35.75,79.1,19.425,1,1,1,1,1
2026-02-28T13,44.0,197.0,54.2,46.925,20.475,1,1,1,1,1
2026-02-28T14,64.0,210.0,79.95,20.9,19.95,1,1,1,1,1
2026-02-28T15,79.0,272.0,90.45,3.6,16.375,1,1,1,1,1
2026-02-28T16,96.0,294.0,89.55,0.775,13.725,1,1,1,1,1
2026-02-28T17,91.0,277.0,88.6,1.075,12.2,1,1,1,1,1
2026-02-28T19,80.0,232.0,81.0,0.7,17.0,1,1,1,1,1
2026-02-28T20,91.0,212.0,80.525,0.975,16.85,1,1,1,1,1
2026-02-28T21,86.0,204.0,79.425,0.95,15.95,1,1,1,1,1
2026-02-28T22,88.0,216.0,71.075,1.175,16.85,1,1,1,1,1
2026-02-28T23,113.0,234.0,62.275,0.85,12.525,1,1,1,1,1
2026-03-01T00,103.0,197.0,59.5,1.875,11.525,1,1,1,1,1
2026-03-01T01,90.0,190.0,58.9,2.65,11.475,1,1,1,1,1
2026-03-01T02,101.0,204.0,55.35,8.825,13.35,1,1,1,1,1
2026-03-01T03,105.0,229.0,46.375,28.575,21.5,1,1,1,1,1
2026-03-01T04,103.0,248.0,29.95,60.925,26.45,1,1,1,1,1
2026-03-01T05,80.0,219.0,29.2,88.075,27.2,1,1,1,1,1
2026-03-01T06,83.0,241.0,24.0,110.425,24.8,1,1,1,1,1
2026-03-01T07,58.0,190.0,19.375,120.075,18.0,1,1,1,1,1
2026-03-01T08,48.0,177.0,17.375,121.125,15.875,1,1,1,1,1
2026-03-01T09,48.0,183.0,19.0,113.0,14.567,1,1,1,1,1
2026-03-01T10,38.0,149.0,20.5,104.925,13.375,1,1,1,1,1
2026-03-01T11,34.0,141.0,20.5,99.067,15.067,1,1,1,1,1
2026-03-01T12,36.0,169.0,32.0,91.725,22.925,1,1,1,1,1
2026-03-01T13,48.0,189.0,54.925,55.15,22.975,1,1,1,1,1
2026-03-01T14,66.0,200.0,62.45,36.1,20.825,1,1,1,1,1
2026-03-01T15,74.0,210.0,55.125,37.925,18.875,1,1,1,1,1
2026-03-01T16,78.0,201.0,61.65,33.075,18.25,1,1,1,1,1
2026-03-01T17,81.0,206.0,56.45,36.35,16.5,1,1,1,1,1
2026-03-01T19,74.0,174.0,68.9,10.2,22.1,1,1,1,1,1
2026-03-01T20,80.0,183.0,65.233,9.7,21.533,1,1,1,1,1
2026-03-01T21,78.0,169.0,59.5,9.55,21.575,1,1,1,1,1
2026-03-01T22,81.0,177.0,57.475,4.5,20.375,1,1,1,1,1
2026-03-01T23,96.0,197.0,53.275,4.625,16.825,1,1,1,1,1
2026-03-02T00,90.0,183.0,50.475,6.375,15.325,1,1,1,1,1
2026-03-02T01,92.0,195.0,54.525,6.1,15.775,1,1,1,1,1
2026-03-02T02,97.0,223.0,54.35,13.025,17.8,1,1,1,1,1
2026-03-02T03,94.0,251.0,43.85,32.575,25.0,1,1,1,1,1
2026-03-02T04,107.0,282.0,34.933,67.5,30.033,1,1,1,1,1
2026-03-02T05,96.0,279.0,26.95,104.625,32.1,1,1,1,1,1
2026-03-02T06,80.0,237.0,20.067,116.8,29.767,1,1,1,1,1
2026-03-02T07,64.0,204.0,16.733,118.2,24.6,1,1,1,1,1
2026-03-02T08,51.0,195.0,17.6,115.0,23.75,1,1,1,1,1
2026-03-02T09,51.0,195.0,18.85,115.4,23.65,1,1,1,1,1
2026-03-02T11,46.0,169.0,32.5,99.3,25.1,1,1,1,1,1
2026-03-02T12,57.0,190.0,47.367,80.267,30.533,1,1,1,1,1
2026-03-02T13,66.0,208.0,64.275,52.55,34.725,1,1,1,1,1
2026-03-02T16,173.0,312.0,73.4,37.4,35.3,1,1,1,1,1
2026-03-02T17,141.0,260.0,46.5,57.067,29.233,1,1,1,1,1
2026-03-02T18,107.0,201.0,46.716,51.084,21.267,2,2,2,2,1
2026-03-02T19,112.0,205.0,36.3,54.275,18.925,1,1,1,1,1
2026-03-02T20,100.0,186.0,35.6,58.05,18.675,1,1,1,1,1
2026-03-02T21,89.0,180.0,29.767,62.6,18.9,1,1,1,1,1
2026-03-02T22,78.0,163.0,44.45,38.5,17.45,1,1,1,1,1
2026-03-02T23,85.0,174.0,42.8,30.75,14.05,1,1,1,1,1
2026-03-03T00,113.0,201.0,50.2,17.1,12.0,1,1,1,1,1
2026-03-03T01,128.0,234.0,50.1,15.7,12.067,1,1,1,1,1
2026-03-03T02,121.0,254.0,40.475,32.7,14.55,1,1,1,1,1
2026-03-03T03,108.0,255.0,34.2,58.233,18.167,1,1,1,1,1
2026-03-03T04,88.0,257.0,23.25,89.725,22.1,1,1,1,1,1
2026-03-03T05,72.0,249.0,20.225,104.025,21.575,1,1,1,1,1
2026-03-03T06,64.0,251.0,16.9,111.667,22.567,1,1,1,1,1
2026-03-03T07,52.0,228.0,16.25,117.325,20.175,1,1,1,1,1
2026-03-03T08,52.0,243.0,18.567,118.3,21.733,1,1,1,1,1
2026-03-03T09,48.0,221.0,18.825,120.475,20.575,1,1,1,1,1
2026-03-03T10,46.0,183.0,20.775,112.3,14.875,1,1,1,1,1
2026-03-03T11,42.0,163.0,24.8,102.4,12.233,1,1,1,1,1
2026-03-03T12,38.0,151.0,30.725,88.3,15.25,1,1,1,1,1
2026-03-03T13,48.0,161.0,53.4,51.475,17.75,1,1,1,1,1
2026-03-03T14,66.0,205.0,61.35,35.2,17.85,1,1,1,1,1
2026-03-03T15,79.0,217.0,63.267,30.267,14.7,1,1,1,1,1
2026-03-03T16,69.0,194.0,57.75,33.55,10.7,1,1,1,1,1
2026-03-03T17,61.0,172.0,48.8,39.7,11.9,1,1,1,1,1
2026-03-03T18,64.0,169.0,58.225,28.025,15.25,2,2,2,2,1
2026-03-03T19,59.0,162.0,66.4,8.467,18.033,1,1,1,1,1
2026-03-03T20,83.0,189.0,54.45,9.9,21.825,1,1,1,1,1
2026-03-03T21,96.0,184.0,42.733,9.967,21.633,1,1,1,1,1
2026-03-03T22,89.0,167.0,41.625,8.825,21.175,1,1,1,1,1
2026-03-03T23,83.0,166.0,40.275,10.3,18.45,1,1,1,1,1
2026-03-04T00,78.0,157.0,40.075,11.525,16.675,1,1,1,1,1
2026-03-04T01,80.0,164.0,40.0,12.25,17.15,1,1,1,1,1
2026-03-04T02,89.0,183.0,35.875,29.2,20.7,1,1,1,1,1
2026-03-04T03,92.0,212.0,23.425,59.35,24.55,1,1,1,1,1
2026-03-04T04,79.0,188.0,15.425,86.175,29.075,1,1,1,1,1
2026-03-04T05,68.0,185.0,12.55,100.225,29.8,1,1,1,1,1
2026-03-04T06,58.0,173.0,11.1,105.425,29.3,1,1,1,1,1
2026-03-04T07,58.0,169.0,11.625,113.075,29.175,1,1,1,1,1
2026-03-04T08,66.0,274.0,11.175,107.675,22.75,1,1,1,1,1
2026-03-04T09,42.0,164.0,11.05,97.075,18.725,1,1,1,1,1
2026-03-04T10,38.0,167.0,11.1,92.4,19.0,1,1,1,1,1
2026-03-04T11,36.0,152.0,12.75,85.275,20.95,1,1,1,1,1
2026-03-04T12,44.0,141.0,18.2,67.0,21.75,1,1,1,1,1
2026-03-04T13,45.0,158.0,34.333,39.267,21.833,1,1,1,1,1
2026-03-04T14,53.0,172.0,44.3,21.7,23.575,1,1,1,1,1
2026-03-04T15,58.0,169.0,41.025,22.875,21.65,1,1,1,1,1
2026-03-04T16,53.0,160.0,29.625,33.675,17.45,1,1,1,1,1
2026-03-04T17,53.0,145.0,25.825,39.025,16.8,1,1,1,1,1
2026-03-04T18,44.0,128.0,25.85,34.9,11.4,2,2,2,2,1
2026-03-04T19,55.0,132.0,31.633,21.633,11.167,1,1,1,1,1
2026-03-04T20,57.0,129.0,19.975,27.475,15.075,1,1,1,1,1
2026-03-04T21,50.0,117.0,15.375,34.2,16.45,1,1,1,1,1
2026-03-04T22,47.0,125.0,20.05,31.725,17.075,1,1,1,1,1
2026-03-04T23,48.0,124.0,23.167,21.467,14.7,1,1,1,1,1
2026-03-05T00,86.0,161.0,33.9,11.675,10.95,1,1,1,1,1
2026-03-05T01,72.0,164.0,40.25,8.7,11.3,1,1,1,1,1
2026-03-05T02,73.0,180.0,33.5,20.2,13.475,1,1,1,1,1
2026-03-05T03,83.0,216.0,32.067,39.533,18.267,1,1,1,1,1
2026-03-05T04,74.0,233.0,22.45,70.225,21.95,1,1,1,1,1
2026-03-05T05,67.0,212.0,18.6,82.2,23.8,1,1,1,1,1
2026-03-05T06,66.0,200.0,16.8,104.2,28.4,1,1,1,1,1
2026-03-05T07,57.0,193.0,14.6,94.2,24.0,1,1,1,1,1
2026-03-05T08,41.0,197.0,11.2,86.367,17.233,1,1,1,1,1
2026-03-05T09,36.0,250.0,13.967,89.1,16.367,1,1,1,1,1
2026-03-05T10,48.0,211.0,14.567,91.1,18.0,1,1,1,1,1
2026-03-05T11,50.0,152.0,16.875,89.55,18.425,1,1,1,1,1
2026-03-05T12,44.0,150.0,30.567,65.633,16.7,1,1,1,1,1
2026-03-05T13,48.0,174.0,52.35,35.25,17.55,1,1,1,1,1
2026-03-05T14,57.0,189.0,65.633,13.0,18.8,1,1,1,1,1
2026-03-05T15,70.0,217.0,73.1,7.067,17.4,1,1,1,1,1
2026-03-05T16,61.0,204.0,53.05,22.55,13.0,1,1,1,1,1
2026-03-05T17,63.0,179.0,52.6,21.125,12.925,1,1,1,1,1
2026-03-05T18,58.0,167.0,57.0,13.825,14.4,2,2,2,2,1
2026-03-05T19,59.0,149.0,52.6,10.775,14.475,1,1,1,1,1
2026-03-05T20,53.0,150.0,53.15,6.9,17.675,1,1,1,1,1
2026-03-05T21,53.0,141.0,61.95,0.55,20.225,1,1,1,1,1
2026-03-05T22,57.0,144.0,58.1,1.0,18.75,1,1,1,1,1
2026-03-05T23,61.0,160.0,50.85,0.675,18.25,1,1,1,1,1
2026-03-06T00,75.0,164.0,46.7,1.925,15.475,1,1,1,1,1
2026-03-06T01,77.0,180.0,45.175,4.65,18.075,1,1,1,1,1
2026-03-06T02,88.0,212.0,56.775,4.5,22.425,1,1,1,1,1
2026-03-06T03,96.0,245.0,53.675,15.025,24.35,1,1,1,1,1
2026-03-06T04,89.0,243.0,49.675,38.35,28.475,1,1,1,1,1
2026-03-06T05,88.0,256.0,35.8,79.067,32.3,1,1,1,1,1
2026-03-06T06,89.0,255.0,25.95,130.075,36.25,1,1,1,1,1
2026-03-06T07,111.0,304.0,23.675,127.225,45.125,1,1,1,1,1
2026-03-06T08,100.0,250.0,18.35,114.225,42.325,1,1,1,1,1
2026-03-06T09,83.0,201.0,17.533,109.433,37.433,1,1,1,1,1
2026-03-06T10,67.0,186.0,17.175,92.7,26.2,1,1,1,1,1
2026-03-06T11,42.0,150.0,24.275,80.775,21.475,1,1,1,1,1
2026-03-06T12,45.0,156.0,40.05,58.55,23.85,1,1,1,1,1
2026-03-06T13,57.0,200.0,89.8,14.1,25.267,1,1,1,1,1
2026-03-06T14,89.0,273.0,110.733,1.467,26.033,1,1,1,1,1
2026-03-06T15,89.0,287.0,94.425,1.675,24.3,1,1,1,1,1
2026-03-06T16,136.0,393.0,92.733,1.9,21.267,1,1,1,1,1
2026-03-06T17,141.0,407.0,90.175,2.125,21.625,1,1,1,1,1
2026-03-06T18,166.0,390.0,78.416,2.75,27.467,2,2,2,2,1
2026-03-06T19,173.0,331.0,66.75,3.3,23.6,1,1,1,1,1
2026-03-06T20,168.0,320.0,37.15,5.9,22.05,1,1,1,1,1
2026-03-06T21,171.0,298.0,54.55,2.625,20.1,1,1,1,1,1
2026-03-06T22,167.0,301.0,63.95,1.4,18.825,1,1,1,1,1
2026-03-06T23,160.0,290.0,63.925,1.375,18.825,1,1,1,1,1
2026-03-07T00,152.0,261.0,51.875,2.025,14.45,1,1,1,1,1
2026-03-07T01,157.0,251.0,54.267,1.8,12.5,1,1,1,1,1
2026-03-07T02,158.0,278.0,42.975,3.45,12.275,1,1,1,1,1
2026-03-07T03,180.0,318.0,48.467,5.233,16.833,1,1,1,1,1
2026-03-07T04,178.0,331.0,38.725,13.375,24.525,1,1,1,1,1
2026-03-07T05,161.0,323.0,23.525,31.15,29.975,1,1,1,1,1
2026-03-07T06,133.0,317.0,18.825,62.575,33.75,1,1,1,1,1
2026-03-07T07,111.0,243.0,16.2,87.55,31.5,1,1,1,1,1
2026-03-07T08,70.0,163.0,13.9,110.8,23.7,1,1,1,1,1
2026-03-07T13,53.0,219.0,102.7,15.933,20.633,1,1,1,1,1
2026-03-07T14,80.0,306.0,122.675,2.825,22.975,1,1,1,1,1
2026-03-07T15,112.0,346.0,109.525,3.075,22.3,1,1,1,1,1
2026-03-07T16,144.0,475.0,98.25,3.1,19.25,1,1,1,1,1
2026-03-07T17,140.0,392.0,95.825,2.75,18.425,1,1,1,1,1
2026-03-07T18,151.0,442.0,94.067,2.95,14.533,2,2,2,2,1
2026-03-07T19,224.0,459.0,91.55,2.925,13.95,1,1,1,1,1
2026-03-07T20,182.0,407.0,98.05,3.425,17.75,1,1,1,1,1
2026-03-07T21,160.0,392.0,83.175,5.45,20.5,1,1,1,1,1
2026-03-07T22,175.0,359.0,87.875,4.275,19.75,1,1,1,1,1
2026-03-07T23,143.0,333.0,84.475,3.025,17.875,1,1,1,1,1
2026-03-08T00,147.0,334.0,77.933,3.767,15.233,1,1,1,1,1
2026-03-08T01,186.0,371.0,87.867,2.467,14.633,1,1,1,1,1
2026-03-08T02,130.0,305.0,131.975,2.8,20.9,1,1,1,1,1
2026-03-08T03,168.0,372.0,149.375,10.55,34.0,1,1,1,1,1
2026-03-08T04,167.0,328.0,48.25,36.5,29.6,1,1,1,1,1
2026-03-08T05,107.0,226.0,51.45,95.525,29.75,1,1,1,1,1
2026-03-08T06,107.0,229.0,35.15,146.425,28.875,1,1,1,1,1
2026-03-08T07,80.0,201.0,21.525,119.125,26.9,1,1,1,1,1
2026-03-08T08,51.0,174.0,18.15,115.8,25.825,1,1,1,1,1
2026-03-08T09,51.0,155.0,16.65,106.425,24.275,1,1,1,1,1
2026-03-08T10,46.0,141.0,19.925,98.275,21.025,1,1,1,1,1
2026-03-08T11,42.0,155.0,30.1,78.5,20.567,1,1,1,1,1
2026-03-08T12,38.0,195.0,48.125,54.15,21.9,1,1,1,1,1
2026-03-08T13,48.0,211.0,91.7,19.475,22.625,1,1,1,1,1
2026-03-08T14,72.0,254.0,100.95,8.125,22.3,1,1,1,1,1
2026-03-08T15,81.0,283.0,105.35,3.4,20.625,1,1,1,1,1
2026-03-08T16,102.0,316.0,96.425,1.825,16.65,1,1,1,1,1
2026-03-08T17,112.0,274.0,97.925,1.925,13.075,1,1,1,1,1
2026-03-08T18,160.0,311.0,94.2,1.567,15.067,2,2,2,2,1
2026-03-08T19,103.0,238.0,91.6,1.4,15.95,1,1,1,1,1
2026-03-08T20,114.0,241.0,85.875,1.05,18.625,1,1,1,1,1
2026-03-08T21,106.0,221.0,73.875,1.15,21.25,1,1,1,1,1
2026-03-08T22,113.0,232.0,70.55,1.0,22.375,1,1,1,1,1
2026-03-08T23,124.0,229.0,68.667,1.5,22.167,1,1,1,1,1
2026-03-09T00,112.0,224.0,68.625,1.425,18.5,1,1,1,1,1
2026-03-09T01,124.0,235.0,63.967,2.133,16.333,1,1,1,1,1
2026-03-09T02,141.0,265.0,64.5,4.275,21.575,1,1,1,1,1
2026-03-09T03,152.0,307.0,63.175,10.925,27.025,1,1,1,1,1
2026-03-09T04,133.0,309.0,32.9,42.95,30.7,1,1,1,1,1
2026-03-09T05,100.0,287.0,27.675,65.45,28.95,1,1,1,1,1
2026-03-09T06,83.0,265.0,22.075,77.775,28.9,1,1,1,1,1
2026-03-09T07,81.0,254.0,22.05,82.9,28.45,1,1,1,1,1
2026-03-09T08,74.0,197.0,18.3,88.633,27.033,1,1,1,1,1
2026-03-09T09,74.0,204.0,18.0,78.033,23.167,1,1,1,1,1
2026-03-09T10,56.0,178.0,22.8,72.033,20.3,1,1,1,1,1
2026-03-09T11,52.0,168.0,30.633,56.9,18.5,1,1,1,1,1
2026-03-09T12,52.0,211.0,40.375,44.725,20.95,1,1,1,1,1
2026-03-09T13,69.0,240.0,51.525,25.65,20.4,1,1,1,1,1
2026-03-09T14,91.0,256.0,46.9,22.467,18.933,1,1,1,1,1
2026-03-09T15,91.0,250.0,65.767,14.233,19.333,1,1,1,1,1
2026-03-09T16,190.0,394.0,98.15,4.025,22.425,1,1,1,1,1
2026-03-09T17,311.0,504.0,79.05,8.8,21.925,1,1,1,1,1
2026-03-10T07,200.0,464.0,43.433,91.733,37.0,1,1,1,1,1
2026-03-10T08,204.0,422.0,28.375,102.325,34.225,1,1,1,1,1
2026-03-10T09,117.0,259.0,24.9,93.775,27.35,1,1,1,1,1
2026-03-10T10,105.0,229.0,25.833,87.8,25.4,1,1,1,1,1
2026-03-10T11,68.0,208.0,26.233,97.35,22.0,1,1,1,1,1
2026-03-10T12,40.0,205.0,66.8,77.375,22.8,1,1,1,1,1
2026-03-10T13,70.0,234.0,98.125,27.2,24.625,1,1,1,1,1
2026-03-10T14,103.0,279.0,102.825,9.975,21.175,1,1,1,1,1
2026-03-10T15,99.0,283.0,97.225,6.55,18.25,1,1,1,1,1
2026-03-10T16,112.0,342.0,101.85,2.175,18.05,1,1,1,1,1
2026-03-10T17,125.0,342.0,94.25,2.575,16.525,1,1,1,1,1
2026-03-10T18,124.0,316.0,89.2,1.8,14.1,1,1,1,1,1
2026-03-10T19,114.0,269.0,81.05,2.2,14.075,1,1,1,1,1
2026-03-10T20,128.0,291.0,89.9,2.35,14.375,1,1,1,1,1
2026-03-10T21,123.0,293.0,78.8,3.375,15.6,1,1,1,1,1
2026-03-10T22,125.0,301.0,74.925,2.975,14.6,1,1,1,1,1
2026-03-10T23,123.0,289.0,83.425,2.625,12.9,1,1,1,1,1
2026-03-11T00,123.0,290.0,75.85,2.025,13.0,1,1,1,1,1
2026-03-11T01,117.0,254.0,81.625,2.4,13.6,1,1,1,1,1
2026-03-11T02,132.0,302.0,127.975,3.1,21.4,1,1,1,1,1
2026-03-11T03,153.0,348.0,154.025,11.85,29.6,1,1,1,1,1
2026-03-11T04,158.0,371.0,87.825,55.975,29.05,1,1,1,1,1
2026-03-11T05,113.0,284.0,51.2,133.367,29.767,1,1,1,1,1
2026-03-11T06,83.0,288.0,39.125,173.3,25.325,1,1,1,1,1
2026-03-11T07,53.0,240.0,24.875,152.9,18.825,1,1,1,1,1
2026-03-11T08,38.0,191.0,20.267,156.433,16.0,1,1,1,1,1
2026-03-11T09,40.0,186.0,18.75,145.375,14.65,1,1,1,1,1
2026-03-11T10,34.0,210.0,19.975,136.8,13.325,1,1,1,1,1
2026-03-11T11,33.0,164.0,29.1,119.275,13.225,1,1,1,1,1
2026-03-11T12,30.0,193.0,61.967,78.267,14.533,1,1,1,1,1
2026-03-11T13,44.0,226.0,125.325,13.1,17.225,1,1,1,1,1
2026-03-11T14,79.0,320.0,126.875,3.8,18.325,1,1,1,1,1
2026-03-11T15,88.0,338.0,118.0,2.925,18.575,1,1,1,1,1
2026-03-11T16,92.0,335.0,109.85,2.425,17.35,1,1,1,1,1
2026-03-11T17,94.0,317.0,109.575,2.1,19.3,1,1,1,1,1
2026-03-11T19,97.0,302.0,100.3,2.5,12.3,1,1,1,1,1
2026-03-11T20,111.0,322.0,97.425,1.5,11.3,1,1,1,1,1
2026-03-11T21,116.0,306.0,97.0,1.15,21.5,1,1,1,1,1
2026-03-11T22,171.0,339.0,94.6,1.8,30.15,1,1,1,1,1
2026-03-11T23,141.0,283.0,86.85,1.65,20.5,1,1,1,1,1
2026-03-12T00,81.0,205.0,90.95,1.15,15.225,1,1,1,1,1
2026-03-12T01,78.0,218.0,93.675,1.95,14.925,1,1,1,1,1
2026-03-12T02,89.0,265.0,108.825,6.7,20.575,1,1,1,1,1
2026-03-12T03,95.0,269.0,104.125,29.5,24.525,1,1,1,1,1
2026-03-12T04,85.0,254.0,66.7,107.1,27.875,1,1,1,1,1
2026-03-12T05,67.0,237.0,42.225,135.7,18.175,1,1,1,1,1
2026-03-12T06,36.0,228.0,29.625,117.0,16.075,1,1,1,1,1
2026-03-12T07,42.0,186.0,27.525,111.35,12.675,1,1,1,1,1
2026-03-12T08,24.0,140.0,19.85,122.15,12.85,1,1,1,1,1
2026-03-12T09,27.0,150.0,23.55,113.125,12.65,1,1,1,1,1
2026-03-12T10,29.0,161.0,30.275,106.6,12.125,1,1,1,1,1
2026-03-12T11,34.0,160.0,48.7,90.8,16.1,1,1,1,1,1
2026-03-12T12,45.0,206.0,73.633,59.467,16.7,1,1,1,1,1
2026-03-12T13,52.0,250.0,75.65,40.15,15.925,1,1,1,1,1
2026-03-12T14,66.0,267.0,95.175,13.1,15.825,1,1,1,1,1
2026-03-12T15,91.0,305.0,74.375,15.225,11.925,1,1,1,1,1
2026-03-12T16,86.0,265.0,72.4,10.225,13.175,1,1,1,1,1
2026-03-12T17,94.0,298.0,94.35,2.95,12.925,1,1,1,1,1
2026-03-12T18,105.0,285.0,92.0,1.6,19.0,1,1,1,1,1
2026-03-12T19,101.0,273.0,84.525,2.6,19.575,1,1,1,1,1
2026-03-12T20,110.0,255.0,44.375,14.075,21.3,1,1,1,1,1
2026-03-12T21,99.0,201.0,31.55,18.775,20.65,1,1,1,1,1
2026-03-12T22,83.0,175.0,34.25,17.233,20.45,1,1,1,1,1
2026-03-12T23,70.0,151.0,39.275,15.65,20.55,1,1,1,1,1
2026-03-13T00,67.0,146.0,59.125,5.0,18.75,1,1,1,1,1
2026-03-13T01,92.0,183.0,47.0,5.3,18.175,1,1,1,1,1
2026-03-13T02,84.0,185.0,45.0,11.1,20.6,1,1,1,1,1
2026-03-13T03,96.0,208.0,48.225,20.4,26.225,1,1,1,1,1
2026-03-13T04,94.0,302.0,36.1,41.433,28.6,1,1,1,1,1
2026-03-13T07,29.0,124.0,14.9,75.1,17.1,1,1,1,1,1
2026-03-13T08,24.0,111.0,19.233,73.467,17.133,1,1,1,1,1
2026-03-13T09,16.0,121.0,17.0,71.0,15.725,1,1,1,1,1
2026-03-13T10,20.0,112.0,19.65,64.35,16.675,1,1,1,1,1
2026-03-13T11,23.0,112.0,21.9,61.55,17.2,1,1,1,1,1
2026-03-13T12,27.0,128.0,30.475,51.025,17.05,1,1,1,1,1
2026-03-13T13,25.0,157.0,39.3,37.85,17.15,1,1,1,1,1
2026-03-13T14,38.0,149.0,48.475,23.425,17.925,1,1,1,1,1
2026-03-13T15,46.0,163.0,56.175,19.825,19.975,1,1,1,1,1
2026-03-13T16,57.0,173.0,50.175,21.275,18.7,1,1,1,1,1
2026-03-13T17,44.0,147.0,43.3,25.25,18.575,1,1,1,1,1
2026-03-13T18,44.0,132.0,38.2,28.0,14.8,1,1,1,1,1
2026-03-13T19,51.0,133.0,35.825,31.75,14.15,1,1,1,1,1
2026-03-13T20,55.0,129.0,33.1,40.1,13.8,1,1,1,1,1
2026-03-13T21,72.0,144.0,37.925,36.0,13.85,1,1,1,1,1
2026-03-13T22,70.0,152.0,37.0,43.05,14.325,1,1,1,1,1
2026-03-13T23,66.0,151.0,47.025,30.775,14.975,1,1,1,1,1
2026-03-14T00,68.0,144.0,54.475,23.025,16.75,1,1,1,1,1
2026-03-14T01,91.0,186.0,63.075,7.7,16.8,1,1,1,1,1
2026-03-14T02,146.0,259.0,52.35,17.2,25.375,1,1,1,1,1
2026-03-14T03,121.0,240.0,48.725,37.725,32.65,1,1,1,1,1
2026-03-14T04,105.0,283.0,38.25,76.4,29.875,1,1,1,1,1
2026-03-14T05,73.0,202.0,31.25,101.575,23.1,1,1,1,1,1
2026-03-14T06,48.0,180.0,27.075,107.25,19.45,1,1,1,1,1
2026-03-14T07,44.0,173.0,25.75,110.2,17.925,1,1,1,1,1
2026-03-14T08,40.0,166.0,28.475,111.3,19.225,1,1,1,1,1
2026-03-14T09,42.0,169.0,26.55,115.05,18.075,1,1,1,1,1
2026-03-14T10,30.0,146.0,27.225,112.925,15.4,1,1,1,1,1
2026-03-14T11,24.0,144.0,29.65,99.25,15.1,1,1,1,1,1
2026-03-14T12,35.0,272.0,47.175,64.325,16.325,1,1,1,1,1
2026-03-14T13,52.0,246.0,57.375,44.875,18.075,1,1,1,1,1
2026-03-14T14,57.0,255.0,64.0,31.175,16.025,1,1,1,1,1
2026-03-14T15,68.0,240.0,91.25,7.25,13.9,1,1,1,1,1
2026-03-14T16,70.0,241.0,103.4,3.15,13.55,1,1,1,1,1
2026-03-14T17,112.0,324.0,108.05,6.825,18.975,1,1,1,1,1
2026-03-14T18,158.0,374.0,98.4,4.7,20.7,1,1,1,1,1
2026-03-14T19,129.0,280.0,96.55,6.475,22.025,1,1,1,1,1
2026-03-14T20,141.0,328.0,93.675,15.45,28.9,1,1,1,1,1
2026-03-14T21,140.0,285.0,86.95,9.45,64.475,1,1,1,1,1
2026-03-14T22,157.0,296.0,72.0,9.35,36.25,1,1,1,1,1
2026-03-14T23,122.0,227.0,53.1,18.1,28.275,1,1,1,1,1
2026-03-15T00,85.0,269.0,23.575,48.0,18.375,1,1,1,1,1
2026-03-15T01,36.0,157.0,25.8,43.6,11.325,1,1,1,1,1
2026-03-15T02,53.0,135.0,44.825,25.725,11.95,1,1,1,1,1
2026-03-15T03,28.0,79.0,33.0,45.2,13.675,1,1,1,1,1
2026-03-15T04,28.0,81.0,39.725,45.65,11.225,1,1,1,1,1
2026-03-15T05,24.0,96.0,44.833,45.767,12.0,1,1,1,1,1
2026-03-15T06,55.0,125.0,35.5,65.825,16.95,1,1,1,1,1
2026-03-15T07,36.0,113.0,27.775,70.125,19.2,1,1,1,1,1
2026-03-15T08,27.0,88.0,19.35,88.975,11.675,1,1,1,1,1
2026-03-15T09,30.0,100.0,18.55,89.45,11.75,1,1,1,1,1
2026-03-15T10,24.0,136.0,18.65,83.1,9.125,1,1,1,1,1
2026-03-15T11,18.0,134.0,23.475,76.225,10.15,1,1,1,1,1
2026-03-15T12,20.0,199.0,43.575,59.025,10.925,1,1,1,1,1
2026-03-15T13,28.0,196.0,77.225,31.975,14.05,1,1,1,1,1
2026-03-15T14,38.0,160.0,108.05,12.675,37.6,1,1,1,1,1
2026-03-15T15,35.0,133.0,121.7,11.15,28.825,1,1,1,1,1
2026-03-15T16,36.0,124.0,144.025,13.175,18.725,1,1,1,1,1
2026-03-15T17,34.0,99.0,185.6,7.95,17.2,1,1,1,1,1
2026-03-16T04,,,94.233,118.833,26.133,0,0,1,1,1
2026-03-16T05,34.0,160.0,35.675,61.575,30.725,1,1,1,1,1
2026-03-16T06,28.0,139.0,20.15,77.275,26.75,1,1,1,1,1
2026-03-16T07,28.0,151.0,16.7,87.133,25.633,1,1,1,1,1
2026-03-16T08,17.0,177.0,16.275,85.1,24.367,1,1,1,1,1
2026-03-16T09,30.0,141.0,16.05,92.825,20.0,1,1,1,1,1
2026-03-16T10,29.0,160.0,18.35,99.175,18.35,1,1,1,1,1
2026-03-16T11,28.0,215.0,21.9,91.15,17.2,1,1,1,1,1
2026-03-16T12,29.0,255.0,40.075,71.475,16.25,1,1,1,1,1
2026-03-16T13,44.0,401.0,70.975,43.2,15.45,1,1,1,1,1
2026-03-16T14,59.0,309.0,99.475,17.0,16.5,1,1,1,1,1
2026-03-16T15,81.0,278.0,77.0,16.1,16.225,1,1,1,1,1
2026-03-16T16,97.0,267.0,31.0,25.775,13.325,1,1,1,1,1
2026-03-16T17,47.0,132.0,30.125,30.475,13.3,1,1,1,1,1
2026-03-16T18,33.0,108.0,24.6,31.1,13.3,1,1,1,1,1
2026-03-16T19,36.0,108.0,32.025,32.525,13.8,1,1,1,1,1
2026-03-16T20,40.0,102.0,31.275,33.2,14.275,1,1,1,1,1
2026-03-16T21,38.0,108.0,27.25,41.3,13.85,1,1,1,1,1
2026-03-16T22,42.0,107.0,29.675,39.125,13.5,1,1,1,1,1
2026-03-16T23,58.0,130.0,31.775,39.6,15.775,1,1,1,1,1
2026-03-17T00,118.0,197.0,44.475,23.45,17.2,1,1,1,1,1
2026-03-17T01,150.0,245.0,56.575,7.175,16.125,1,1,1,1,1
2026-03-17T02,128.0,271.0,63.875,13.2,22.65,1,1,1,1,1
2026-03-17T03,136.0,300.0,73.775,34.375,34.55,1,1,1,1,1
2026-03-17T04,161.0,353.0,81.375,66.925,36.4,1,1,1,1,1
2026-03-17T05,133.0,309.0,45.725,118.025,31.425,1,1,1,1,1
2026-03-17T06,86.0,245.0,44.233,153.5,29.133,1,1,1,1,1
2026-03-17T07,110.0,280.0,27.725,136.275,22.5,1,1,1,1,1
2026-03-17T08,66.0,211.0,24.15,161.85,21.0,1,1,1,1,1
2026-03-17T09,69.0,205.0,23.45,179.075,20.775,1,1,1,1,1
2026-03-17T10,70.0,197.0,26.1,173.533,18.333,1,1,1,1,1
2026-03-17T11,67.0,213.0,23.825,134.175,13.35,1,1,1,1,1
2026-03-17T12,52.0,210.0,24.425,112.575,11.45,1,1,1,1,1
2026-03-17T13,45.0,212.0,55.725,67.85,11.55,1,1,1,1,1
2026-03-17T14,67.0,218.0,79.525,33.975,11.225,1,1,1,1,1
2026-03-17T15,74.0,268.0,85.05,26.45,11.6,1,1,1,1,1
2026-03-17T16,85.0,251.0,51.075,47.65,12.225,1,1,1,1,1
2026-03-17T17,88.0,215.0,45.7,44.85,8.775,1,1,1,1,1
2026-03-17T18,81.0,205.0,45.6,39.2,20.4,1,1,1,1,1
2026-03-17T19,86.0,202.0,55.0,24.625,19.625,1,1,1,1,1
2026-03-17T20,110.0,224.0,50.95,18.1,17.85,1,1,1,1,1
2026-03-17T21,90.0,202.0,80.675,3.9,17.2,1,1,1,1,1
2026-03-17T22,107.0,217.0,60.325,10.3,16.425,1,1,1,1,1
2026-03-17T23,105.0,205.0,37.525,20.15,18.425,1,1,1,1,1
2026-03-18T00,106.0,206.0,68.05,5.375,18.325,1,1,1,1,1
2026-03-18T01,118.0,235.0,71.225,4.3,17.0,1,1,1,1,1
2026-03-18T02,130.0,310.0,77.85,10.725,23.325,1,1,1,1,1
2026-03-18T03,146.0,353.0,76.4,30.825,33.1,1,1,1,1,1
2026-03-18T04,163.0,384.0,38.8,76.075,34.525,1,1,1,1,1
2026-03-18T05,101.0,246.0,28.8,125.35,29.85,1,1,1,1,1
2026-03-18T06,113.0,287.0,34.625,170.65,31.825,1,1,1,1,1
2026-03-18T07,111.0,280.0,31.033,198.9,31.2,1,1,1,1,1
2026-03-18T08,91.0,243.0,26.375,215.5,29.525,1,1,1,1,1
2026-03-18T09,91.0,228.0,32.05,218.65,29.25,1,1,1,1,1
2026-03-18T10,86.0,284.0,33.8,171.95,27.925,1,1,1,1,1
2026-03-18T11,75.0,301.0,33.875,117.6,21.65,1,1,1,1,1
2026-03-18T12,72.0,343.0,47.625,84.925,20.05,1,1,1,1,1
2026-03-18T13,86.0,379.0,28.75,63.2,17.125,1,1,1,1,1
2026-03-18T14,36.0,124.0,35.95,35.35,11.075,1,1,1,1,1
2026-03-18T15,38.0,72.0,71.05,16.15,9.45,1,1,1,1,1
2026-03-18T16,44.0,67.0,80.725,19.425,9.15,1,1,1,1,1
2026-03-18T17,47.0,78.0,79.575,15.85,10.4,1,1,1,1,1
2026-03-18T18,42.0,95.0,55.9,20.6,17.4,1,1,1,1,1
2026-03-18T19,44.0,90.0,56.425,16.825,15.525,1,1,1,1,1
2026-03-18T20,33.0,79.0,54.575,13.5,14.45,1,1,1,1,1
2026-03-18T21,45.0,103.0,49.475,22.775,16.325,1,1,1,1,1
2026-03-18T22,45.0,96.0,60.05,16.475,15.775,1,1,1,1,1
2026-03-18T23,34.0,77.0,58.025,7.825,13.175,1,1,1,1,1
2026-03-19T00,40.0,85.0,47.725,37.8,13.225,1,1,1,1,1
2026-03-19T01,39.0,94.0,49.25,13.75,14.925,1,1,1,1,1
2026-03-19T02,58.0,125.0,60.375,5.825,14.525,1,1,1,1,1
2026-03-19T03,81.0,182.0,72.4,13.425,19.125,1,1,1,1,1
2026-03-19T04,69.0,167.0,77.25,21.325,24.675,1,1,1,1,1
2026-03-19T05,77.0,191.0,63.3,32.25,23.275,1,1,1,1,1
2026-03-19T06,72.0,178.0,67.525,41.95,19.525,1,1,1,1,1
2026-03-19T07,83.0,178.0,60.35,52.275,18.375,1,1,1,1,1
2026-03-19T08,116.0,205.0,52.6,45.575,16.075,1,1,1,1,1
2026-03-19T09,64.0,117.0,54.25,46.375,15.675,1,1,1,1,1
2026-03-19T10,48.0,133.0,31.225,47.475,13.3,1,1,1,1,1
2026-03-19T11,36.0,117.0,25.675,36.675,11.25,1,1,1,1,1
2026-03-19T12,59.0,113.0,29.15,16.7,9.85,1,1,1,1,1
2026-03-19T13,68.0,116.0,35.05,12.75,8.65,1,1,1,1,1
2026-03-19T14,59.0,106.0,27.65,16.65,8.4,1,1,1,1,1
2026-03-19T15,41.0,78.0,22.775,21.3,7.4,1,1,1,1,1
2026-03-19T16,27.0,62.0,20.55,24.075,7.1,1,1,1,1,1
2026-03-19T17,29.0,52.0,30.9,17.65,6.075,1,1,1,1,1
2026-03-19T18,24.0,52.0,50.8,2.9,11.0,1,1,1,1,1
2026-03-19T19,28.0,61.0,59.375,2.05,11.725,1,1,1,1,1
2026-03-19T20,22.0,63.0,39.25,5.775,13.15,1,1,1,1,1
2026-03-19T21,24.0,50.0,26.475,9.6,12.125,1,1,1,1,1
2026-03-19T22,89.0,129.0,48.075,4.35,13.025,1,1,1,1,1
2026-03-19T23,36.0,83.0,52.275,3.075,12.3,1,1,1,1,1
2026-03-20T00,47.0,102.0,38.25,2.45,11.975,1,1,1,1,1
2026-03-20T01,102.0,146.0,28.875,5.0,10.6,1,1,1,1,1
2026-03-20T02,61.0,86.0,29.875,7.175,11.325,1,1,1,1,1
2026-03-20T03,55.0,83.0,36.675,5.975,10.55,1,1,1,1,1
2026-03-20T04,42.0,70.0,37.4,6.475,10.75,1,1,1,1,1
2026-03-20T05,53.0,75.0,22.525,13.367,10.25,1,1,1,1,1
2026-03-20T06,38.0,58.0,19.625,,11.225,1,1,1,0,1
2026-03-20T07,35.0,50.0,19.65,,13.05,1,1,1,0,1
2026-03-20T08,23.0,42.0,20.6,25.1,12.95,1,1,1,1,1
2026-03-20T09,22.0,45.0,,31.575,,1,1,0,1,0
2026-03-20T10,29.0,50.0,,44.4,,1,1,0,1,0
2026-03-20T11,38.0,68.0,21.65,39.3,7.325,1,1,1,1,1
2026-03-20T12,55.0,81.0,19.725,31.125,8.35,1,1,1,1,1
2026-03-20T13,48.0,81.0,25.175,25.25,6.625,1,1,1,1,1
2026-03-20T14,73.0,112.0,27.675,24.9,7.6,1,1,1,1,1
2026-03-20T15,56.0,99.0,35.325,15.35,8.45,1,1,1,1,1
2026-03-20T16,74.0,121.0,23.375,20.975,7.55,1,1,1,1,1
2026-03-20T17,55.0,95.0,29.6,14.925,5.525,1,1,1,1,1
2026-03-20T18,47.0,85.0,41.1,3.8,5.0,1,1,1,1,1
2026-03-20T19,52.0,103.0,42.75,2.375,5.175,1,1,1,1,1
2026-03-20T20,63.0,123.0,42.9,2.875,4.175,1,1,1,1,1
2026-03-20T21,68.0,124.0,42.175,2.475,4.2,1,1,1,1,1
2026-03-20T22,57.0,117.0,49.975,2.425,3.75,1,1,1,1,1
2026-03-20T23,57.0,117.0,42.3,2.7,4.275,1,1,1,1,1
2026-03-21T00,55.0,121.0,38.025,3.125,4.025,1,1,1,1,1
2026-03-21T01,74.0,128.0,33.575,3.575,4.775,1,1,1,1,1
2026-03-21T02,173.0,271.0,42.525,5.45,5.825,1,1,1,1,1
2026-03-21T03,116.0,197.0,63.15,17.075,9.925,1,1,1,1,1
2026-03-21T04,121.0,194.0,53.4,37.75,15.5,1,1,1,1,1
2026-03-21T05,103.0,166.0,34.1,67.925,16.8,1,1,1,1,1
2026-03-21T06,88.0,155.0,29.175,95.5,12.325,1,1,1,1,1
2026-03-21T07,59.0,135.0,23.25,104.75,9.775,1,1,1,1,1
2026-03-21T08,46.0,111.0,17.525,106.975,8.925,1,1,1,1,1
2026-03-21T09,42.0,97.0,18.05,100.975,7.25,1,1,1,1,1
2026-03-21T10,30.0,95.0,20.8,93.767,7.733,1,1,1,1,1
2026-03-21T11,28.0,105.0,20.75,90.475,6.875,1,1,1,1,1
2026-03-21T12,30.0,118.0,36.625,53.55,7.7,1,1,1,1,1
2026-03-21T13,34.0,127.0,57.675,25.5,7.05,1,1,1,1,1
2026-03-21T14,53.0,180.0,76.9,11.6,6.4,1,1,1,1,1
2026-03-21T15,67.0,217.0,66.625,11.05,3.3,1,1,1,1,1
2026-03-21T16,73.0,244.0,77.375,2.35,1.925,1,1,1,1,1
2026-03-21T17,75.0,244.0,74.8,3.067,1.367,1,1,1,1,1
2026-03-21T18,81.0,250.0,73.1,2.0,5.3,1,1,1,1,1
2026-03-21T19,81.0,229.0,58.25,6.3,5.875,1,1,1,1,1
2026-03-21T20,77.0,175.0,59.775,4.025,5.925,1,1,1,1,1
2026-03-21T21,70.0,160.0,57.575,2.925,5.7,1,1,1,1,1
2026-03-21T22,66.0,163.0,51.175,2.95,5.5,1,1,1,1,1
2026-03-21T23,63.0,122.0,52.5,3.175,5.2,1,1,1,1,1
2026-03-22T00,85.0,166.0,46.475,6.075,7.275,1,1,1,1,1
2026-03-22T01,90.0,161.0,46.925,8.275,8.0,1,1,1,1,1
2026-03-22T02,102.0,182.0,40.05,13.025,12.075,1,1,1,1,1
2026-03-22T03,88.0,162.0,30.4,25.75,19.25,1,1,1,1,1
2026-03-22T04,80.0,153.0,22.85,39.0,16.875,1,1,1,1,1
2026-03-22T05,53.0,127.0,23.65,60.325,12.0,1,1,1,1,1
2026-03-22T06,36.0,123.0,18.4,78.2,9.25,1,1,1,1,1
2026-03-22T07,30.0,111.0,19.875,87.45,8.575,1,1,1,1,1
2026-03-22T08,34.0,118.0,16.3,90.125,8.375,1,1,1,1,1
2026-03-22T09,27.0,100.0,15.3,86.175,7.3,1,1,1,1,1
2026-03-22T10,22.0,88.0,14.0,85.575,6.075,1,1,1,1,1
2026-03-22T11,16.0,92.0,19.0,82.025,5.65,1,1,1,1,1
2026-03-22T12,22.0,114.0,38.925,53.2,6.6,1,1,1,1,1
2026-03-22T13,31.0,150.0,75.45,18.475,6.6,1,1,1,1,1
2026-03-22T14,52.0,191.0,87.75,7.975,6.225,1,1,1,1,1
2026-03-22T15,62.0,230.0,82.575,9.375,9.167,1,1,1,1,1
2026-03-22T16,69.0,243.0,88.125,3.725,12.75,1,1,1,1,1
2026-03-22T17,78.0,271.0,54.375,18.75,13.2,1,1,1,1,1
2026-03-22T18,62.0,174.0,26.5,36.2,13.1,1,1,1,1,1
2026-03-22T19,51.0,141.0,31.575,30.1,12.45,1,1,1,1,1
2026-03-22T20,57.0,166.0,67.425,4.175,11.575,1,1,1,1,1
2026-03-22T21,59.0,166.0,60.725,5.975,11.65,1,1,1,1,1
2026-03-22T22,72.0,153.0,42.6,21.85,12.95,1,1,1,1,1
2026-03-22T23,73.0,133.0,17.825,40.375,11.925,1,1,1,1,1
2026-03-23T00,39.0,62.0,14.7,46.125,10.35,1,1,1,1,1
2026-03-23T01,31.0,46.0,18.825,44.8,10.825,1,1,1,1,1
2026-03-23T02,28.0,56.0,23.225,35.425,10.325,1,1,1,1,1
2026-03-23T03,34.0,53.0,33.625,29.5,10.35,1,1,1,1,1
2026-03-23T04,33.0,70.0,51.175,15.6,10.5,1,1,1,1,1
2026-03-23T05,40.0,88.0,50.2,20.175,10.175,1,1,1,1,1
2026-03-23T06,31.0,95.0,39.5,40.0,12.2,1,1,1,1,1
2026-03-23T07,36.0,105.0,35.175,63.05,12.75,1,1,1,1,1
2026-03-23T08,47.0,123.0,29.825,92.925,14.55,1,1,1,1,1
2026-03-23T09,45.0,111.0,26.8,120.6,14.0,1,1,1,1,1
2026-03-23T10,44.0,108.0,21.2,131.8,13.5,1,1,1,1,1
2026-03-23T11,50.0,129.0,24.5,131.0,11.3,1,1,1,1,1
2026-03-23T12,47.0,123.0,30.2,133.7,11.25,1,1,1,1,1
2026-03-23T13,52.0,146.0,85.567,43.6,11.133,1,1,1,1,1
2026-03-23T14,77.0,224.0,106.15,8.725,10.95,1,1,1,1,1
2026-03-23T15,118.0,296.0,106.775,4.775,11.975,1,1,1,1,1
2026-03-23T16,145.0,354.0,89.5,3.675,11.775,1,1,1,1,1
2026-03-23T17,123.0,280.0,77.75,4.875,10.375,1,1,1,1,1
2026-03-23T18,110.0,223.0,74.3,2.3,6.9,1,1,1,1,1
2026-03-23T19,136.0,268.0,77.8,2.75,7.6,1,1,1,1,1
2026-03-23T20,122.0,304.0,70.9,3.175,7.9,1,1,1,1,1
2026-03-23T21,108.0,274.0,65.6,2.5,8.55,1,1,1,1,1
2026-03-23T22,102.0,249.0,62.65,2.6,7.85,1,1,1,1,1
2026-03-23T23,116.0,230.0,63.975,2.575,6.15,1,1,1,1,1
2026-03-24T00,108.0,196.0,68.225,2.475,6.825,1,1,1,1,1
2026-03-24T01,89.0,186.0,73.475,2.725,8.425,1,1,1,1,1
2026-03-24T02,100.0,217.0,80.275,5.875,13.05,1,1,1,1,1
2026-03-24T03,94.0,195.0,68.45,15.675,18.1,1,1,1,1,1
2026-03-24T04,78.0,155.0,30.3,41.75,17.725,1,1,1,1,1
2026-03-24T05,57.0,194.0,24.6,71.75,15.15,1,1,1,1,1
2026-03-24T06,53.0,155.0,18.3,90.65,15.075,1,1,1,1,1
2026-03-24T07,45.0,151.0,18.075,95.925,14.925,1,1,1,1,1
2026-03-24T08,46.0,121.0,15.525,93.225,12.975,1,1,1,1,1
2026-03-24T09,31.0,106.0,14.2,89.275,11.925,1,1,1,1,1
2026-03-24T10,34.0,107.0,13.333,95.833,10.5,1,1,1,1,1
2026-03-24T11,35.0,110.0,16.925,94.925,9.075,1,1,1,1,1
2026-03-24T12,30.0,123.0,23.7,79.3,9.575,1,1,1,1,1
2026-03-24T13,39.0,133.0,54.625,41.625,8.85,1,1,1,1,1
2026-03-24T15,72.0,228.0,101.15,4.4,10.2,1,1,1,1,1
2026-03-24T16,88.0,262.0,101.625,3.2,8.8,1,1,1,1,1
2026-03-24T17,88.0,272.0,95.325,3.575,7.575,1,1,1,1,1
2026-03-24T18,89.0,238.0,94.4,6.3,10.4,1,1,1,1,1
2026-03-24T19,85.0,201.0,92.533,2.833,11.333,1,1,1,1,1
2026-03-24T20,78.0,215.0,85.775,4.525,9.5,1,1,1,1,1
2026-03-24T21,91.0,199.0,81.575,2.3,9.625,1,1,1,1,1
2026-03-24T22,86.0,194.0,76.375,3.2,8.975,1,1,1,1,1
2026-03-24T23,102.0,205.0,75.9,2.45,9.925,1,1,1,1,1
2026-03-25T00,132.0,240.0,72.55,3.8,11.975,1,1,1,1,1
2026-03-25T01,216.0,338.0,64.55,8.425,19.8,1,1,1,1,1
2026-03-25T02,175.0,289.0,75.175,16.95,26.7,1,1,1,1,1
2026-03-25T03,172.0,332.0,41.45,51.525,25.575,1,1,1,1,1
2026-03-25T04,94.0,211.0,25.075,92.05,22.575,1,1,1,1,1
2026-03-25T05,69.0,158.0,18.233,115.6,18.1,1,1,1,1,1
2026-03-25T06,48.0,118.0,15.0,125.1,14.2,1,1,1,1,1
2026-03-25T08,28.0,103.0,18.05,132.975,12.275,1,1,1,1,1
2026-03-25T09,18.0,88.0,16.025,130.3,11.05,1,1,1,1,1
2026-03-25T10,16.0,75.0,19.9,121.833,10.4,1,1,1,1,1
2026-03-25T11,12.0,80.0,23.1,109.3,10.6,1,1,1,1,1
2026-03-25T12,20.0,145.0,32.625,91.925,12.475,1,1,1,1,1
2026-03-25T13,28.0,171.0,62.25,54.175,12.4,1,1,1,1,1
2026-03-25T14,55.0,207.0,84.275,24.85,12.675,1,1,1,1,1
2026-03-25T15,67.0,248.0,77.825,28.025,13.225,1,1,1,1,1
2026-03-25T16,68.0,237.0,57.367,40.367,12.2,1,1,1,1,1
2026-03-25T17,78.0,228.0,90.9,5.95,12.075,1,1,1,1,1
2026-03-25T19,78.0,224.0,62.4,30.1,13.7,1,1,1,1,1
2026-03-25T20,69.0,183.0,56.75,31.4,16.0,1,1,1,1,1
2026-03-25T21,73.0,166.0,53.7,32.0,13.3,1,1,1,1,1
2026-03-25T22,72.0,160.0,54.075,33.125,11.3,1,1,1,1,1
2026-03-25T23,78.0,160.0,70.0,14.95,9.625,1,1,1,1,1
2026-03-26T00,88.0,196.0,76.85,5.325,8.7,1,1,1,1,1
2026-03-26T01,103.0,211.0,80.125,5.075,8.8,1,1,1,1,1
2026-03-26T02,116.0,252.0,98.125,18.075,14.875,1,1,1,1,1
2026-03-26T03,102.0,243.0,96.325,54.625,17.3,1,1,1,1,1
2026-03-26T04,95.0,222.0,46.275,127.9,14.0,1,1,1,1,1
2026-03-26T05,53.0,141.0,30.0,175.725,11.4,1,1,1,1,1
2026-03-26T06,42.0,139.0,29.967,204.0,12.567,1,1,1,1,1
2026-03-26T07,44.0,158.0,21.033,190.7,12.733,1,1,1,1,1
2026-03-26T08,38.0,118.0,19.525,181.3,11.55,1,1,1,1,1
2026-03-26T09,36.0,121.0,20.725,156.35,12.7,1,1,1,1,1
2026-03-26T10,35.0,122.0,23.25,136.7,12.675,1,1,1,1,1
2026-03-26T11,38.0,119.0,37.733,109.1,15.533,1,1,1,1,1
2026-03-26T12,40.0,183.0,45.7,86.567,15.4,1,1,1,1,1
2026-03-26T13,45.0,268.0,67.5,48.325,13.9,1,1,1,1,1
2026-03-26T14,62.0,245.0,97.067,11.967,12.8,1,1,1,1,1
2026-03-26T15,78.0,257.0,97.15,6.55,12.95,1,1,1,1,1
2026-03-26T16,78.0,283.0,33.825,61.725,13.625,1,1,1,1,1
2026-03-26T17,27.0,166.0,41.625,52.4,8.425,1,1,1,1,1
2026-03-26T18,18.0,107.0,62.5,13.7,8.0,1,1,1,1,1
2026-03-26T19,25.0,158.0,57.45,21.2,8.575,1,1,1,1,1
2026-03-26T20,42.0,185.0,63.0,14.15,9.925,1,1,1,1,1
2026-03-26T21,48.0,166.0,64.25,13.85,11.85,1,1,1,1,1
2026-03-26T22,59.0,143.0,57.633,15.333,15.0,1,1,1,1,1
2026-03-26T23,68.0,140.0,59.125,13.725,16.475,1,1,1,1,1
2026-03-27T00,69.0,140.0,46.633,18.733,21.033,1,1,1,1,1
2026-03-27T01,85.0,166.0,32.125,27.025,17.25,1,1,1,1,1
2026-03-27T02,57.0,140.0,30.525,28.325,15.65,1,1,1,1,1
2026-03-27T03,56.0,147.0,24.45,45.025,17.1,1,1,1,1,1
2026-03-27T04,47.0,133.0,23.95,52.525,13.75,1,1,1,1,1
2026-03-27T05,51.0,114.0,35.625,43.625,10.1,1,1,1,1,1
2026-03-27T06,59.0,144.0,57.1,30.7,10.2,1,1,1,1,1
2026-03-27T07,62.0,158.0,31.2,,14.05,1,1,1,0,1
2026-03-27T08,36.0,128.0,15.967,,13.033,1,1,1,0,1
2026-03-27T09,22.0,105.0,11.825,94.55,13.025,1,1,1,1,1
2026-03-27T10,,,14.0,106.075,13.375,0,0,1,1,1
2026-03-27T11,23.0,101.0,18.5,89.3,10.575,1,1,1,1,1
2026-03-27T12,27.0,105.0,28.1,73.25,9.125,1,1,1,1,1
2026-03-27T13,29.0,173.0,43.65,54.475,10.025,1,1,1,1,1
2026-03-27T14,39.0,163.0,58.975,33.5,10.925,1,1,1,1,1
2026-03-27T15,47.0,174.0,81.825,10.825,9.9,1,1,1,1,1
2026-03-27T16,59.0,206.0,73.3,11.5,11.85,1,1,1,1,1
2026-03-27T17,68.0,212.0,74.425,8.35,11.675,1,1,1,1,1
2026-03-27T18,57.0,197.0,76.6,2.3,15.0,1,1,1,1,1
2026-03-27T19,59.0,184.0,77.7,2.375,13.975,1,1,1,1,1
2026-03-27T20,50.0,162.0,75.95,2.025,12.6,1,1,1,1,1
2026-03-27T21,57.0,155.0,69.925,2.325,13.025,1,1,1,1,1
2026-03-27T22,59.0,174.0,66.775,2.2,15.775,1,1,1,1,1
2026-03-27T23,75.0,177.0,62.15,2.3,20.675,1,1,1,1,1
2026-03-28T00,164.0,298.0,58.8,2.75,49.375,1,1,1,1,1
2026-03-28T01,244.0,389.0,61.675,5.0,46.25,1,1,1,1,1
2026-03-28T02,211.0,342.0,58.067,25.733,50.533,1,1,1,1,1
2026-03-28T03,172.0,293.0,37.967,62.867,37.7,1,1,1,1,1
2026-03-28T04,81.0,143.0,21.725,97.7,25.85,1,1,1,1,1
2026-03-28T05,42.0,108.0,14.6,125.0,21.85,1,1,1,1,1
2026-03-28T06,39.0,95.0,16.125,142.125,20.575,1,1,1,1,1
2026-03-28T07,40.0,112.0,17.875,161.725,19.35,1,1,1,1,1
2026-03-28T08,35.0,101.0,17.75,166.8,17.025,1,1,1,1,1
2026-03-28T09,34.0,114.0,17.55,163.775,15.5,1,1,1,1,1
2026-03-28T10,29.0,122.0,17.9,135.975,14.8,1,1,1,1,1
2026-03-28T11,22.0,127.0,16.8,127.25,14.65,1,1,1,1,1
2026-03-28T12,24.0,150.0,32.25,88.95,14.3,1,1,1,1,1
2026-03-28T13,30.0,164.0,54.025,53.85,15.45,1,1,1,1,1
2026-03-28T14,41.0,197.0,85.2,18.15,25.975,1,1,1,1,1
2026-03-28T15,110.0,346.0,99.55,9.05,52.1,1,1,1,1,1
2026-03-28T16,101.0,306.0,100.6,4.875,32.1,1,1,1,1,1
2026-03-28T17,118.0,376.0,102.4,4.6,27.1,1,1,1,1,1
2026-03-28T18,113.0,345.0,99.0,2.3,17.1,1,1,1,1,1
2026-03-28T19,125.0,370.0,96.475,3.4,15.6,1,1,1,1,1
2026-03-28T20,110.0,315.0,87.925,3.425,13.8,1,1,1,1,1
2026-03-28T21,121.0,283.0,81.35,5.325,16.225,1,1,1,1,1
2026-03-28T22,122.0,250.0,78.525,6.125,16.825,1,1,1,1,1
2026-03-28T23,129.0,259.0,77.925,4.625,15.475,1,1,1,1,1
2026-03-29T00,135.0,257.0,86.175,3.925,16.275,1,1,1,1,1
2026-03-29T01,128.0,254.0,67.425,27.675,19.3,1,1,1,1,1
2026-03-29T02,132.0,255.0,40.725,60.45,24.475,1,1,1,1,1
2026-03-29T03,102.0,217.0,24.433,93.133,26.167,1,1,1,1,1
2026-03-29T04,103.0,218.0,18.85,112.6,22.975,1,1,1,1,1
2026-03-29T05,59.0,171.0,17.625,121.975,19.475,1,1,1,1,1
2026-03-29T06,47.0,151.0,14.2,134.425,17.8,1,1,1,1,1
2026-03-29T07,41.0,146.0,12.175,137.925,17.575,1,1,1,1,1
2026-03-29T08,33.0,161.0,9.625,130.025,14.475,1,1,1,1,1
2026-03-29T09,29.0,238.0,11.0,131.375,15.05,1,1,1,1,1
2026-03-29T10,35.0,199.0,12.1,125.4,14.575,1,1,1,1,1
2026-03-29T11,31.0,249.0,17.725,113.15,14.275,1,1,1,1,1
2026-03-29T12,40.0,512.0,25.35,155.575,21.525,1,1,1,1,1
2026-03-29T13,62.0,411.0,27.25,126.55,21.05,1,1,1,1,1
2026-03-29T14,75.0,283.0,34.1,114.15,34.675,1,1,1,1,1
2026-03-29T15,73.0,229.0,37.75,89.025,38.975,1,1,1,1,1
2026-03-29T16,62.0,196.0,45.025,59.975,16.4,1,1,1,1,1
2026-03-29T17,64.0,189.0,57.5,38.25,24.25,1,1,1,1,1
2026-03-29T18,72.0,193.0,67.9,22.7,22.0,1,1,1,1,1
2026-03-29T19,75.0,189.0,61.75,25.675,21.25,1,1,1,1,1
2026-03-29T20,69.0,163.0,76.8,8.7,18.475,1,1,1,1,1
2026-03-29T21,75.0,194.0,72.7,11.175,17.6,1,1,1,1,1
2026-03-29T22,92.0,212.0,61.35,16.25,17.2,1,1,1,1,1
2026-03-29T23,84.0,183.0,56.433,24.733,19.2,1,1,1,1,1
2026-03-30T00,89.0,180.0,73.775,5.3,17.325,1,1,1,1,1
2026-03-30T01,102.0,211.0,75.0,7.8,17.4,1,1,1,1,1
2026-03-30T02,103.0,255.0,66.7,20.8,20.9,1,1,1,1,1
2026-03-30T03,101.0,254.0,49.0,66.1,21.5,1,1,1,1,1
2026-03-30T04,57.0,241.0,29.7,100.85,19.6,1,1,1,1,1
2026-03-30T05,46.0,272.0,22.55,125.4,20.225,1,1,1,1,1
2026-03-30T06,36.0,244.0,19.975,140.725,19.975,1,1,1,1,1
2026-03-30T07,34.0,237.0,21.075,120.75,18.725,1,1,1,1,1
2026-03-30T08,30.0,255.0,21.55,100.875,15.625,1,1,1,1,1
2026-03-30T09,27.0,289.0,28.125,80.325,14.0,1,1,1,1,1
2026-03-30T10,27.0,212.0,26.25,83.925,14.375,1,1,1,1,1
2026-03-30T11,27.0,337.0,24.925,54.875,15.3,1,1,1,1,1
2026-03-30T12,28.0,146.0,44.65,32.625,13.45,1,1,1,1,1
2026-03-30T13,34.0,145.0,56.05,16.5,15.875,1,1,1,1,1
2026-03-30T14,63.0,156.0,69.4,6.125,16.175,1,1,1,1,1
2026-03-30T15,66.0,243.0,75.0,3.025,16.175,1,1,1,1,1
2026-03-30T16,55.0,210.0,71.75,3.175,14.575,1,1,1,1,1
2026-03-30T17,50.0,219.0,73.35,2.6,14.925,1,1,1,1,1
2026-03-30T18,57.0,238.0,63.3,3.3,12.1,1,1,1,1,1
2026-03-30T19,78.0,240.0,61.05,4.4,15.65,1,1,1,1,1
2026-03-30T20,86.0,255.0,58.6,3.55,16.225,1,1,1,1,1
2026-03-30T21,83.0,238.0,57.325,3.425,18.275,1,1,1,1,1
2026-03-30T22,118.0,249.0,56.275,3.25,29.625,1,1,1,1,1
2026-03-30T23,226.0,353.0,55.35,3.575,36.975,1,1,1,1,1
2026-03-31T00,196.0,326.0,52.875,3.925,23.875,1,1,1,1,1
2026-03-31T01,128.0,237.0,57.925,4.425,22.475,1,1,1,1,1
2026-03-31T02,96.0,197.0,49.733,17.067,20.7,1,1,1,1,1
2026-03-31T03,57.0,155.0,39.225,46.55,28.15,1,1,1,1,1
2026-03-31T04,46.0,151.0,31.05,72.275,29.05,1,1,1,1,1
2026-03-31T05,40.0,147.0,35.15,101.175,29.725,1,1,1,1,1
2026-03-31T06,42.0,169.0,19.2,123.1,20.45,1,1,1,1,1
2026-03-31T07,31.0,152.0,13.925,120.0,15.05,1,1,1,1,1
2026-03-31T08,28.0,155.0,10.4,122.533,13.9,1,1,1,1,1
2026-03-31T09,27.0,161.0,45.875,48.9,13.05,1,1,1,1,1
2026-03-31T10,38.0,217.0,55.6,50.875,10.65,1,1,1,1,1
2026-03-31T11,18.0,125.0,46.925,39.3,9.9,1,1,1,1,1
2026-03-31T12,19.0,66.0,57.725,18.05,9.125,1,1,1,1,1
2026-03-31T13,14.0,51.0,75.2,8.6,10.75,1,1,1,1,1
2026-03-31T14,30.0,67.0,61.15,10.325,8.375,1,1,1,1,1
2026-03-31T15,28.0,66.0,57.575,8.975,8.975,1,1,1,1,1
2026-03-31T16,28.0,63.0,67.425,1.8,8.5,1,1,1,1,1
2026-03-31T17,31.0,53.0,65.867,4.033,8.467,1,1,1,1,1
2026-03-31T18,23.0,55.0,24.7,26.7,13.3,1,1,1,1,1
2026-03-31T19,19.0,62.0,26.275,22.325,13.0,1,1,1,1,1
2026-03-31T20,20.0,46.0,21.925,26.8,14.25,1,1,1,1,1
2026-03-31T21,41.0,83.0,21.675,27.325,19.4,1,1,1,1,1
2026-03-31T22,42.0,108.0,25.075,22.975,23.525,1,1,1,1,1
2026-03-31T23,55.0,122.0,44.1,8.367,21.033,1,1,1,1,1
2026-04-01T00,47.0,133.0,55.35,1.6,18.225,1,1,1,1,1
2026-04-01T01,44.0,124.0,55.35,3.75,18.775,1,1,1,1,1
2026-04-01T02,58.0,135.0,55.45,15.1,26.025,1,1,1,1,1
2026-04-01T03,68.0,164.0,56.575,44.15,29.8,1,1,1,1,1
2026-04-01T04,80.0,179.0,47.333,78.233,40.433,1,1,1,1,1
2026-04-01T05,81.0,186.0,32.85,118.375,40.475,1,1,1,1,1
2026-04-01T06,44.0,124.0,21.7,124.2,25.0,1,1,1,1,1
2026-04-01T07,44.0,121.0,23.7,170.0,25.3,1,1,1,1,1
2026-04-01T08,33.0,97.0,18.167,141.967,19.867,1,1,1,1,1
2026-04-01T09,22.0,72.0,19.025,145.55,17.825,1,1,1,1,1
2026-04-01T10,22.0,86.0,23.3,173.775,18.3,1,1,1,1,1
2026-04-01T11,24.0,103.0,32.775,174.525,19.05,1,1,1,1,1
2026-04-01T12,36.0,136.0,39.05,139.5,20.975,1,1,1,1,1
2026-04-01T13,44.0,188.0,94.975,57.375,23.95,1,1,1,1,1
2026-04-01T14,78.0,287.0,82.4,44.4,34.525,1,1,1,1,1
2026-04-01T15,157.0,355.0,83.125,25.325,30.375,1,1,1,1,1
2026-04-01T16,130.0,346.0,79.175,24.1,36.95,1,1,1,1,1
2026-04-01T17,172.0,362.0,60.5,34.45,51.5,1,1,1,1,1
2026-04-01T18,135.0,289.0,43.9,42.2,35.2,1,1,1,1,1
2026-04-01T19,122.0,248.0,41.575,39.775,31.675,1,1,1,1,1
2026-04-01T20,108.0,222.0,36.05,39.225,32.325,1,1,1,1,1
2026-04-01T21,101.0,202.0,31.8,44.925,26.35,1,1,1,1,1
2026-04-01T22,90.0,172.0,31.475,40.875,22.65,1,1,1,1,1
2026-04-01T23,86.0,178.0,42.6,24.867,21.633,1,1,1,1,1
2026-04-02T00,94.0,201.0,54.925,11.075,20.8,1,1,1,1,1
2026-04-02T01,101.0,216.0,78.45,3.9,23.525,1,1,1,1,1
2026-04-02T02,130.0,328.0,118.6,13.425,35.725,1,1,1,1,1
2026-04-02T03,155.0,339.0,119.275,78.625,46.425,1,1,1,1,1
2026-04-02T04,164.0,387.0,67.4,162.0,40.025,1,1,1,1,1
2026-04-02T05,89.0,223.0,32.4,153.8,21.875,1,1,1,1,1
2026-04-02T06,39.0,145.0,13.525,130.925,13.175,1,1,1,1,1
2026-04-02T07,23.0,99.0,15.525,159.075,10.25,1,1,1,1,1
2026-04-02T08,39.0,123.0,19.275,182.625,11.0,1,1,1,1,1
2026-04-02T09,38.0,135.0,17.15,201.25,12.0,1,1,1,1,1
2026-04-02T10,38.0,130.0,18.5,200.95,10.8,1,1,1,1,1
2026-04-02T11,36.0,119.0,21.375,181.325,11.975,1,1,1,1,1
2026-04-02T12,44.0,190.0,32.45,115.05,9.325,1,1,1,1,1
2026-04-02T13,38.0,133.0,105.475,41.6,11.0,1,1,1,1,1
2026-04-02T14,92.0,376.0,106.25,49.475,28.775,1,1,1,1,1
2026-04-02T15,150.0,425.0,142.775,21.725,67.925,1,1,1,1,1
2026-04-02T16,166.0,461.0,123.3,6.775,35.05,1,1,1,1,1
2026-04-02T17,117.0,316.0,114.8,1.767,20.6,1,1,1,1,1
2026-04-02T18,110.0,355.0,102.2,2.3,24.1,1,1,1,1,1
2026-04-02T19,123.0,370.0,99.6,1.925,23.175,1,1,1,1,1
2026-04-02T20,123.0,353.0,93.0,1.425,22.475,1,1,1,1,1
2026-04-02T21,123.0,307.0,85.975,1.125,20.95,1,1,1,1,1
2026-04-02T22,111.0,261.0,82.075,1.625,21.05,1,1,1,1,1
2026-04-02T23,97.0,229.0,64.825,5.4,26.3,1,1,1,1,1
2026-04-03T00,124.0,426.0,20.575,34.775,21.475,1,1,1,1,1
2026-04-03T01,166.0,2156.0,17.575,41.625,16.275,1,1,1,1,1
2026-04-03T02,149.0,1989.0,25.525,40.5,14.6,1,1,1,1,1
2026-04-03T03,119.0,1382.0,21.625,52.325,17.925,1,1,1,1,1
2026-04-03T04,80.0,880.0,22.325,63.05,20.225,1,1,1,1,1
2026-04-03T05,55.0,589.0,23.0,71.825,18.875,1,1,1,1,1
2026-04-03T06,44.0,432.0,19.425,96.45,18.825,1,1,1,1,1
2026-04-03T07,45.0,405.0,17.95,118.625,18.125,1,1,1,1,1
2026-04-03T08,34.0,288.0,16.575,119.125,16.675,1,1,1,1,1
2026-04-03T09,31.0,224.0,17.8,121.125,17.05,1,1,1,1,1
2026-04-03T10,34.0,251.0,16.7,114.125,16.875,1,1,1,1,1
2026-04-03T11,39.0,283.0,16.733,111.233,17.367,1,1,1,1,1
2026-04-03T12,33.0,312.0,24.375,84.825,17.8,1,1,1,1,1
2026-04-03T13,30.0,208.0,57.125,40.575,17.8,1,1,1,1,1
2026-04-03T14,38.0,431.0,32.425,50.075,17.625,1,1,1,1,1
2026-04-03T15,30.0,162.0,27.85,42.525,17.2,1,1,1,1,1
2026-04-03T16,16.0,75.0,39.375,27.45,15.375,1,1,1,1,1
2026-04-03T17,23.0,91.0,26.467,36.033,17.233,1,1,1,1,1
2026-04-03T18,38.0,123.0,24.9,40.9,16.1,1,1,1,1,1
2026-04-03T19,29.0,94.0,29.825,34.25,19.075,1,1,1,1,1
2026-04-03T20,30.0,94.0,23.75,34.55,16.5,1,1,1,1,1
2026-04-03T21,42.0,99.0,23.5,32.95,14.925,1,1,1,1,1
2026-04-03T22,50.0,102.0,22.7,25.85,13.75,1,1,1,1,1
2026-04-03T23,45.0,91.0,29.6,20.175,14.3,1,1,1,1,1
2026-04-04T00,42.0,99.0,47.275,6.0,14.3,1,1,1,1,1
2026-04-04T01,41.0,119.0,53.425,5.55,12.05,1,1,1,1,1
2026-04-04T02,46.0,139.0,59.525,7.375,13.35,1,1,1,1,1
2026-04-04T03,63.0,179.0,67.375,11.125,14.3,1,1,1,1,1
2026-04-04T04,81.0,218.0,52.825,50.75,17.45,1,1,1,1,1
2026-04-04T05,53.0,178.0,24.4,79.525,19.25,1,1,1,1,1
2026-04-04T06,25.0,127.0,19.05,97.1,16.975,1,1,1,1,1
2026-04-04T07,30.0,103.0,17.25,126.65,18.575,1,1,1,1,1
2026-04-04T08,36.0,116.0,17.4,132.125,16.95,1,1,1,1,1
2026-04-04T09,25.0,101.0,21.4,135.6,16.075,1,1,1,1,1
2026-04-04T10,23.0,103.0,21.9,154.85,13.775,1,1,1,1,1
2026-04-04T11,33.0,113.0,25.925,145.6,12.825,1,1,1,1,1
2026-04-04T12,27.0,134.0,31.725,115.275,12.3,1,1,1,1,1
2026-04-04T13,25.0,116.0,62.25,64.7,12.7,1,1,1,1,1
2026-04-04T14,36.0,136.0,81.95,34.775,14.6,1,1,1,1,1
2026-04-04T15,47.0,185.0,106.2,7.225,14.075,1,1,1,1,1
2026-04-04T16,67.0,249.0,109.975,0.975,13.7,1,1,1,1,1
2026-04-04T17,46.0,226.0,95.3,1.125,11.375,1,1,1,1,1
2026-04-04T18,35.0,158.0,82.4,8.0,8.3,1,1,1,1,1
2026-04-04T19,34.0,140.0,62.775,13.875,13.75,1,1,1,1,1
2026-04-04T20,85.0,210.0,53.633,6.933,17.0,1,1,1,1,1
2026-04-04T21,75.0,188.0,34.833,22.767,14.667,1,1,1,1,1
2026-04-04T22,57.0,140.0,32.45,28.325,15.35,1,1,1,1,1
2026-04-04T23,53.0,127.0,40.15,20.525,14.55,1,1,1,1,1
2026-04-05T00,52.0,119.0,37.45,26.05,14.325,1,1,1,1,1
2026-04-05T01,55.0,140.0,50.675,14.95,15.225,1,1,1,1,1
2026-04-05T02,59.0,167.0,46.875,25.025,17.425,1,1,1,1,1
2026-04-05T03,73.0,175.0,36.675,61.2,22.925,1,1,1,1,1
2026-04-05T04,70.0,180.0,28.975,100.275,22.825,1,1,1,1,1
2026-04-05T05,62.0,164.0,25.525,132.6,22.5,1,1,1,1,1
2026-04-05T06,55.0,156.0,15.833,141.333,14.833,1,1,1,1,1
2026-04-05T07,18.0,100.0,16.275,146.725,12.65,1,1,1,1,1
2026-04-05T08,34.0,119.0,14.4,141.875,14.375,1,1,1,1,1
2026-04-05T09,22.0,86.0,14.975,131.875,9.325,1,1,1,1,1
2026-04-05T10,13.0,81.0,19.333,126.467,7.333,1,1,1,1,1
2026-04-05T11,13.0,81.0,23.6,119.225,6.3,1,1,1,1,1
2026-04-05T12,13.0,77.0,31.3,95.067,6.833,1,1,1,1,1
2026-04-05T13,30.0,301.0,47.7,69.575,9.2,1,1,1,1,1
2026-04-05T14,40.0,162.0,57.3,52.45,10.875,1,1,1,1,1
2026-04-05T15,40.0,132.0,85.875,15.6,9.675,1,1,1,1,1
2026-04-05T16,55.0,206.0,99.6,2.55,11.225,1,1,1,1,1
2026-04-05T17,55.0,205.0,66.7,37.525,14.825,1,1,1,1,1
2026-04-05T19,35.0,128.0,50.3,31.2,15.1,1,1,1,1,1
2026-04-05T20,44.0,138.0,37.825,45.425,13.85,1,1,1,1,1
2026-04-05T21,33.0,125.0,48.7,31.675,13.8,1,1,1,1,1
2026-04-05T22,47.0,122.0,59.025,13.15,15.0,1,1,1,1,1
2026-04-05T23,63.0,136.0,62.975,7.025,16.3,1,1,1,1,1
2026-04-06T00,89.0,167.0,68.425,1.7,16.85,1,1,1,1,1
2026-04-06T01,85.0,178.0,74.55,3.6,19.8,1,1,1,1,1
2026-04-06T02,89.0,223.0,82.625,25.3,24.4,1,1,1,1,1
2026-04-06T03,83.0,210.0,89.925,62.625,23.625,1,1,1,1,1
2026-04-06T04,59.0,167.0,26.175,117.625,15.775,1,1,1,1,1
2026-04-06T05,22.0,89.0,17.4,125.25,10.6,1,1,1,1,1
2026-04-06T06,13.0,79.0,15.0,132.833,10.633,1,1,1,1,1
2026-04-06T07,11.0,68.0,13.75,139.275,10.375,1,1,1,1,1
2026-04-06T08,11.0,55.0,13.125,144.15,11.15,1,1,1,1,1
2026-04-06T09,14.0,66.0,15.35,142.35,9.45,1,1,1,1,1
2026-04-06T10,8.0,77.0,16.1,123.067,9.5,1,1,1,1,1
2026-04-06T11,16.0,89.0,19.05,107.45,10.325,1,1,1,1,1
2026-04-06T12,13.0,89.0,35.575,82.55,10.15,1,1,1,1,1
2026-04-06T13,18.0,99.0,53.3,62.6,11.3,1,1,1,1,1
2026-04-06T14,24.0,136.0,86.95,27.675,10.475,1,1,1,1,1
2026-04-06T15,38.0,156.0,45.275,48.5,10.725,1,1,1,1,1
2026-04-06T16,22.0,177.0,42.6,53.2,9.75,1,1,1,1,1
2026-04-06T17,9.0,89.0,58.55,36.225,9.8,1,1,1,1,1
2026-04-06T19,17.0,97.0,19.2,61.4,13.7,1,1,1,1,1
2026-04-06T20,23.0,121.0,19.75,53.5,15.675,1,1,1,1,1
2026-04-06T21,34.0,153.0,20.6,49.975,23.4,1,1,1,1,1
2026-04-06T22,18.0,100.0,20.575,55.375,18.75,1,1,1,1,1
2026-04-06T23,34.0,112.0,43.1,30.775,36.125,1,1,1,1,1
2026-04-07T00,72.0,186.0,51.125,22.325,28.575,1,1,1,1,1
2026-04-07T01,47.0,152.0,63.55,14.6,19.675,1,1,1,1,1
2026-04-07T02,66.0,168.0,55.825,28.65,25.275,1,1,1,1,1
2026-04-07T03,73.0,191.0,40.075,61.875,22.725,1,1,1,1,1
2026-04-07T04,55.0,184.0,35.933,79.8,19.933,1,1,1,1,1
2026-04-07T05,38.0,124.0,28.2,117.5,13.9,1,1,1,1,1
2026-04-07T06,30.0,125.0,31.05,131.95,25.8,1,1,1,1,1
2026-04-07T07,34.0,134.0,40.5,97.633,31.0,1,1,1,1,1
2026-04-07T08,24.0,130.0,35.7,66.7,20.8,1,1,1,1,1
2026-04-07T10,17.0,52.0,51.8,35.8,12.2,1,1,1,1,1
2026-04-07T11,27.0,64.0,56.125,39.075,16.25,1,1,1,1,1
2026-04-07T12,38.0,79.0,53.75,44.675,17.55,1,1,1,1,1
2026-04-07T13,31.0,73.0,93.533,22.767,23.033,1,1,1,1,1
2026-04-07T14,56.0,114.0,103.45,17.85,31.725,1,1,1,1,1
2026-04-07T15,75.0,132.0,67.225,36.125,31.575,1,1,1,1,1
2026-04-07T16,58.0,105.0,35.275,43.85,21.425,1,1,1,1,1
2026-04-07T17,45.0,62.0,42.625,29.6,15.125,1,1,1,1,1
2026-04-07T18,35.0,59.0,32.4,34.1,11.0,1,1,1,1,1
2026-04-07T19,35.0,55.0,39.825,27.075,10.35,1,1,1,1,1
2026-04-07T20,27.0,57.0,27.0,33.925,10.875,1,1,1,1,1
2026-04-07T21,25.0,53.0,26.175,36.975,11.475,1,1,1,1,1
2026-04-07T22,16.0,50.0,28.475,32.0,12.8,1,1,1,1,1
2026-04-07T23,16.0,39.0,28.35,32.925,12.45,1,1,1,1,1
2026-04-08T00,8.0,35.0,30.15,31.225,11.9,1,1,1,1,1
2026-04-08T01,11.0,35.0,44.85,23.375,11.45,1,1,1,1,1
2026-04-08T02,14.0,52.0,24.133,41.167,15.433,1,1,1,1,1
2026-04-08T03,22.0,56.0,24.0,51.475,16.275,1,1,1,1,1
2026-04-08T04,25.0,68.0,27.5,64.4,13.975,1,1,1,1,1
2026-04-08T05,33.0,73.0,30.6,86.825,16.625,1,1,1,1,1
2026-04-08T06,44.0,97.0,30.4,104.575,19.825,1,1,1,1,1
2026-04-08T07,31.0,86.0,23.1,114.775,19.6,1,1,1,1,1
2026-04-08T08,30.0,84.0,24.55,126.6,17.375,1,1,1,1,1
2026-04-08T09,24.0,85.0,24.15,132.225,15.375,1,1,1,1,1
2026-04-08T10,27.0,86.0,26.3,133.375,14.025,1,1,1,1,1
2026-04-08T11,30.0,101.0,25.075,88.5,15.925,1,1,1,1,1
2026-04-08T12,,,40.45,46.8,14.075,0,0,1,1,1
2026-04-08T13,38.0,128.0,48.125,32.275,16.7,1,1,1,1,1
2026-04-08T14,38.0,145.0,62.9,23.175,21.05,1,1,1,1,1
2026-04-08T15,44.0,138.0,60.975,21.375,31.7,1,1,1,1,1
2026-04-08T16,39.0,107.0,47.3,23.525,19.875,1,1,1,1,1
2026-04-08T17,39.0,107.0,40.733,22.767,15.933,1,1,1,1,1
2026-04-08T19,50.0,88.0,26.5,23.4,10.3,1,1,1,1,1
2026-04-08T20,14.0,83.0,30.725,21.65,9.175,1,1,1,1,1
2026-04-08T21,18.0,59.0,25.525,21.2,7.05,1,1,1,1,1
2026-04-08T22,,57.0,28.2,20.0,9.3,0,1,1,1,1
2026-04-08T23,27.0,59.0,28.1,22.025,10.7,1,1,1,1,1
2026-04-09T00,18.0,55.0,39.75,18.775,10.85,1,1,1,1,1
2026-04-09T01,30.0,86.0,36.2,20.25,10.675,1,1,1,1,1
2026-04-09T02,41.0,108.0,39.35,24.3,15.35,1,1,1,1,1
2026-04-09T03,44.0,117.0,42.325,29.275,16.925,1,1,1,1,1
2026-04-09T04,46.0,130.0,43.05,39.975,17.025,1,1,1,1,1
2026-04-09T05,38.0,121.0,28.5,54.175,13.1,1,1,1,1,1
2026-04-09T09,27.0,108.0,23.85,60.8,9.4,1,1,1,1,1
2026-04-09T10,23.0,95.0,19.35,57.65,9.95,1,1,1,1,1
2026-04-09T11,23.0,84.0,30.9,50.467,9.433,1,1,1,1,1
2026-04-09T12,19.0,97.0,48.333,42.2,10.667,1,1,1,1,1
2026-04-09T13,33.0,150.0,63.375,33.3,15.225,1,1,1,1,1
2026-04-09T14,64.0,234.0,95.95,18.75,27.9,1,1,1,1,1
2026-04-09T15,110.0,332.0,127.725,7.95,31.175,1,1,1,1,1
2026-04-09T16,134.0,357.0,78.125,21.925,39.1,1,1,1,1,1
2026-04-09T17,97.0,235.0,75.725,18.9,30.35,1,1,1,1,1
2026-04-09T18,105.0,250.0,36.8,28.5,22.5,1,1,1,1,1
2026-04-09T19,58.0,152.0,34.225,30.375,19.825,1,1,1,1,1
2026-04-09T20,36.0,119.0,37.725,27.275,18.7,1,1,1,1,1
2026-04-09T21,55.0,133.0,64.625,17.6,27.625,1,1,1,1,1
2026-04-09T22,57.0,156.0,83.167,10.867,32.067,1,1,1,1,1
2026-04-09T23,,138.0,97.05,5.6,24.3,0,1,1,1,1
2026-04-10T00,,138.0,69.95,14.2,24.275,0,1,1,1,1
2026-04-10T01,,202.0,55.65,23.2,28.925,0,1,1,1,1
2026-04-10T02,,172.0,42.45,32.275,24.55,0,1,1,1,1
2026-04-10T03,,164.0,37.433,39.733,20.0,0,1,1,1,1
2026-04-10T04,,156.0,28.625,46.425,14.0,0,1,1,1,1
2026-04-10T05,,144.0,22.875,49.35,10.425,0,1,1,1,1
2026-04-10T06,16.0,146.0,20.567,51.067,12.467,1,1,1,1,1
2026-04-10T07,16.0,139.0,24.05,51.625,11.1,1,1,1,1,1
2026-04-10T08,7.0,133.0,23.933,53.233,10.6,1,1,1,1,1
2026-04-10T09,12.0,124.0,25.35,52.625,9.75,1,1,1,1,1
2026-04-10T10,20.0,151.0,26.175,52.35,8.5,1,1,1,1,1
2026-04-10T11,14.0,135.0,31.85,48.95,9.125,1,1,1,1,1
2026-04-10T12,8.0,160.0,44.7,43.95,11.775,1,1,1,1,1
2026-04-10T13,17.0,162.0,71.225,33.15,18.975,1,1,1,1,1
2026-04-10T14,24.0,182.0,76.275,31.125,22.7,1,1,1,1,1
2026-04-10T15,33.0,186.0,66.775,31.1,21.95,1,1,1,1,1
2026-04-10T16,50.0,194.0,53.65,34.075,22.65,1,1,1,1,1
2026-04-10T17,33.0,156.0,57.6,29.75,22.925,1,1,1,1,1
2026-04-10T19,46.0,156.0,48.3,29.8,22.8,1,1,1,1,1
2026-04-10T20,38.0,127.0,51.325,27.825,23.1,1,1,1,1,1
2026-04-10T21,36.0,124.0,43.475,28.325,21.625,1,1,1,1,1
2026-04-10T22,34.0,122.0,49.15,25.45,21.325,1,1,1,1,1
2026-04-10T23,45.0,124.0,56.433,21.667,21.6,1,1,1,1,1
2026-04-11T00,39.0,119.0,73.85,16.667,21.6,1,1,1,1,1
2026-04-11T01,34.0,139.0,70.2,19.2,22.175,1,1,1,1,1
2026-04-11T02,40.0,155.0,33.825,37.025,25.65,1,1,1,1,1
2026-04-11T03,47.0,158.0,27.0,47.2,21.8,1,1,1,1,1
2026-04-11T04,30.0,155.0,26.9,51.75,18.95,1,1,1,1,1
2026-04-11T05,27.0,150.0,24.225,52.15,15.575,1,1,1,1,1
2026-04-11T06,19.0,123.0,21.95,52.025,13.55,1,1,1,1,1
2026-04-11T07,24.0,124.0,21.525,54.125,13.625,1,1,1,1,1
2026-04-11T08,25.0,118.0,22.525,55.8,15.0,1,1,1,1,1
2026-04-11T09,18.0,118.0,25.175,56.2,14.575,1,1,1,1,1
2026-04-11T10,20.0,124.0,24.275,52.625,15.3,1,1,1,1,1
2026-04-11T11,20.0,157.0,27.45,49.875,15.125,1,1,1,1,1
2026-04-11T12,29.0,232.0,35.1,43.9,15.625,1,1,1,1,1
2026-04-11T13,40.0,278.0,40.6,36.375,15.05,1,1,1,1,1
2026-04-11T14,48.0,250.0,64.675,27.0,16.35,1,1,1,1,1
2026-04-11T15,62.0,238.0,111.45,11.225,19.0,1,1,1,1,1
2026-04-11T16,78.0,311.0,122.125,4.175,21.025,1,1,1,1,1
2026-04-11T17,79.0,307.0,101.9,7.525,22.8,1,1,1,1,1
2026-04-11T18,101.0,328.0,43.0,28.4,35.3,1,1,1,1,1
2026-04-11T19,102.0,252.0,35.95,32.525,31.775,1,1,1,1,1
2026-04-11T20,84.0,182.0,30.425,33.375,24.6,1,1,1,1,1
2026-04-11T21,55.0,129.0,33.075,28.35,21.15,1,1,1,1,1
2026-04-11T22,51.0,133.0,54.35,19.3,24.975,1,1,1,1,1
2026-04-11T23,53.0,149.0,91.125,5.125,20.45,1,1,1,1,1
2026-04-12T00,59.0,172.0,91.65,3.7,16.6,1,1,1,1,1
2026-04-12T01,70.0,212.0,72.05,11.55,30.35,1,1,1,1,1
2026-04-12T02,207.0,355.0,48.525,27.225,47.25,1,1,1,1,1
2026-04-12T03,119.0,254.0,39.3,41.1,33.325,1,1,1,1,1
2026-04-12T04,68.0,173.0,30.225,53.675,23.975,1,1,1,1,1
2026-04-12T05,47.0,160.0,27.225,57.65,21.575,1,1,1,1,1
2026-04-12T06,39.0,153.0,20.25,56.525,17.275,1,1,1,1,1
2026-04-12T07,30.0,123.0,18.475,54.7,14.925,1,1,1,1,1
2026-04-12T08,18.0,116.0,23.2,52.9,15.25,1,1,1,1,1
2026-04-12T09,28.0,123.0,20.367,53.067,13.8,1,1,1,1,1
2026-04-12T10,18.0,112.0,22.375,51.95,12.775,1,1,1,1,1
2026-04-12T11,12.0,121.0,25.625,49.925,11.275,1,1,1,1,1
2026-04-12T12,17.0,202.0,41.375,43.85,11.7,1,1,1,1,1
2026-04-12T13,27.0,265.0,69.85,30.35,12.6,1,1,1,1,1
2026-04-12T14,35.0,233.0,79.2,24.575,14.6,1,1,1,1,1
2026-04-12T15,41.0,219.0,63.55,28.55,16.325,1,1,1,1,1
2026-04-12T16,29.0,185.0,68.55,25.475,19.4,1,1,1,1,1
2026-04-12T17,38.0,204.0,70.05,24.7,18.9,1,1,1,1,1
2026-04-12T19,51.0,227.0,124.1,5.1,28.9,1,1,1,1,1
2026-04-12T20,47.0,217.0,105.975,9.025,27.225,1,1,1,1,1
2026-04-12T21,48.0,173.0,56.25,22.275,25.475,1,1,1,1,1
2026-04-12T22,46.0,144.0,47.875,24.3,24.675,1,1,1,1,1
2026-04-12T23,47.0,139.0,55.125,19.4,21.975,1,1,1,1,1
2026-04-13T00,44.0,132.0,77.85,13.125,21.05,1,1,1,1,1
2026-04-13T01,41.0,164.0,88.55,11.2,21.05,1,1,1,1,1
2026-04-13T02,75.0,215.0,105.575,14.725,46.45,1,1,1,1,1
2026-04-13T03,147.0,320.0,70.125,40.725,55.25,1,1,1,1,1
2026-04-13T04,122.0,277.0,42.375,62.9,43.775,1,1,1,1,1
2026-04-13T05,53.0,164.0,29.05,65.275,24.375,1,1,1,1,1
2026-04-13T06,27.0,128.0,23.9,59.933,17.867,1,1,1,1,1
2026-04-13T07,8.0,143.0,23.1,62.05,15.675,1,1,1,1,1
2026-04-13T08,8.0,97.0,22.15,61.8,14.05,1,1,1,1,1
2026-04-13T09,6.0,105.0,23.175,64.225,13.6,1,1,1,1,1
2026-04-13T10,5.0,85.0,23.2,64.2,14.8,1,1,1,1,1
2026-04-13T11,8.0,96.0,30.625,59.975,14.25,1,1,1,1,1
2026-04-13T12,7.0,91.0,72.05,41.85,15.35,1,1,1,1,1
2026-04-13T13,19.0,151.0,144.633,12.267,16.7,1,1,1,1,1
2026-04-13T14,46.0,216.0,149.1,7.0,18.3,1,1,1,1,1
2026-04-13T15,48.0,237.0,150.0,5.525,21.825,1,1,1,1,1
2026-04-13T16,64.0,245.0,150.8,4.225,23.6,1,1,1,1,1
2026-04-13T17,74.0,289.0,122.55,9.475,38.575,1,1,1,1,1
2026-04-13T18,74.0,265.0,63.7,26.0,25.2,1,1,1,1,1
2026-04-13T19,51.0,202.0,50.75,30.075,23.25,1,1,1,1,1
2026-04-13T20,39.0,166.0,58.55,25.325,22.1,1,1,1,1,1
2026-04-13T21,46.0,179.0,61.875,21.95,23.35,1,1,1,1,1
2026-04-13T22,40.0,155.0,40.3,30.325,22.375,1,1,1,1,1
2026-04-13T23,38.0,122.0,113.367,3.4,21.3,1,1,1,1,1
2026-04-14T00,53.0,168.0,98.275,6.975,19.7,1,1,1,1,1
2026-04-14T01,51.0,180.0,107.85,7.95,20.875,1,1,1,1,1
2026-04-14T02,59.0,213.0,98.25,22.1,24.45,1,1,1,1,1
2026-04-14T03,77.0,217.0,93.6,47.667,27.8,1,1,1,1,1
2026-04-14T04,91.0,282.0,62.9,75.9,30.5,1,1,1,1,1
2026-04-14T05,66.0,219.0,36.1,87.667,29.2,1,1,1,1,1
2026-04-14T06,55.0,158.0,30.625,83.225,23.625,1,1,1,1,1
2026-04-14T07,35.0,144.0,27.825,79.8,25.7,1,1,1,1,1
2026-04-14T08,29.0,139.0,24.975,75.125,23.4,1,1,1,1,1
2026-04-14T09,23.0,117.0,24.375,74.05,20.45,1,1,1,1,1
2026-04-14T10,17.0,106.0,28.7,65.867,18.3,1,1,1,1,1
2026-04-14T11,18.0,114.0,36.4,57.2,15.65,1,1,1,1,1
2026-04-14T15,96.0,464.0,150.95,5.1,30.5,1,1,1,1,1
2026-04-14T16,125.0,403.0,147.275,4.75,42.575,1,1,1,1,1
2026-04-14T17,162.0,390.0,139.6,3.775,35.2,1,1,1,1,1
2026-04-14T18,140.0,357.0,116.3,10.1,31.6,1,1,1,1,1
2026-04-14T19,112.0,274.0,64.267,24.433,32.8,1,1,1,1,1
2026-04-14T20,81.0,207.0,126.825,3.3,24.425,1,1,1,1,1
2026-04-14T21,80.0,222.0,123.875,3.3,26.15,1,1,1,1,1
2026-04-14T22,84.0,217.0,120.875,3.4,25.875,1,1,1,1,1
2026-04-14T23,81.0,224.0,106.875,3.4,16.875,1,1,1,1,1
2026-04-15T00,89.0,263.0,109.675,3.825,17.1,1,1,1,1,1
2026-04-15T01,95.0,317.0,142.025,4.5,21.1,1,1,1,1,1
2026-04-15T02,128.0,379.0,151.05,21.925,62.525,1,1,1,1,1
2026-04-15T03,250.0,480.0,100.175,54.3,56.575,1,1,1,1,1
2026-04-15T04,119.0,300.0,51.225,79.975,42.2,1,1,1,1,1
2026-04-15T05,63.0,183.0,45.7,91.35,27.325,1,1,1,1,1
2026-04-15T06,51.0,177.0,25.75,73.4,16.7,1,1,1,1,1
2026-04-15T07,22.0,116.0,22.575,61.7,9.9,1,1,1,1,1
2026-04-15T08,12.0,117.0,22.075,56.375,8.375,1,1,1,1,1
2026-04-15T09,9.0,97.0,24.0,55.2,7.95,1,1,1,1,1
2026-04-15T10,7.0,90.0,23.9,53.4,7.425,1,1,1,1,1
2026-04-15T11,11.0,92.0,38.167,50.15,8.367,1,1,1,1,1
2026-04-15T12,14.0,121.0,50.5,29.8,8.7,1,1,1,1,1
2026-04-15T13,11.0,163.0,144.5,3.825,8.333,1,1,1,1,1
2026-04-15T14,48.0,266.0,139.233,2.267,9.467,1,1,1,1,1
2026-04-15T15,73.0,309.0,130.025,2.55,11.725,1,1,1,1,1
2026-04-15T16,103.0,357.0,126.475,2.475,16.55,1,1,1,1,1
2026-04-15T17,99.0,400.0,123.25,2.575,19.125,1,1,1,1,1
2026-04-15T18,112.0,387.0,115.8,2.5,35.1,1,1,1,1,1
2026-04-15T19,134.0,392.0,107.575,2.425,30.0,1,1,1,1,1
2026-04-15T20,128.0,361.0,114.5,2.4,25.2,1,1,1,1,1
2026-04-15T21,117.0,327.0,93.5,2.6,22.2,1,1,1,1,1
2026-04-15T22,130.0,307.0,90.1,2.4,19.1,1,1,1,1,1
2026-04-15T23,124.0,313.0,97.0,2.433,23.267,1,1,1,1,1
2026-04-16T00,143.0,327.0,94.8,2.475,32.775,1,1,1,1,1
2026-04-16T01,167.0,367.0,106.15,2.625,29.3,1,1,1,1,1
2026-04-16T02,177.0,414.0,177.75,5.7,36.25,1,1,1,1,1
2026-04-16T03,177.0,412.0,148.975,21.05,33.875,1,1,1,1,1
2026-04-16T04,116.0,279.0,57.8,62.5,32.067,1,1,1,1,1
2026-04-16T05,72.0,185.0,31.833,84.0,23.2,1,1,1,1,1
2026-04-16T06,40.0,166.0,25.1,89.0,16.8,1,1,1,1,1
2026-04-16T07,35.0,138.0,17.433,67.733,10.967,1,1,1,1,1
2026-04-16T08,19.0,97.0,16.9,73.0,11.0,1,1,1,1,1
2026-04-16T16,136.0,432.0,149.7,2.6,20.7,1,1,1,1,1
2026-04-16T17,140.0,456.0,140.6,2.45,20.4,1,1,1,1,1
2026-04-16T18,145.0,472.0,122.3,2.0,15.0,1,1,1,1,1
2026-04-16T19,140.0,447.0,113.0,2.2,13.325,1,1,1,1,1
2026-04-16T20,133.0,356.0,102.375,2.35,12.1,1,1,1,1,1
2026-04-16T21,128.0,327.0,100.575,4.35,70.025,1,1,1,1,1
2026-04-16T22,199.0,549.0,101.7,4.85,77.05,1,1,1,1,1
2026-04-16T23,207.0,499.0,91.1,3.45,25.15,1,1,1,1,1
2026-04-17T00,175.0,420.0,87.325,2.775,17.4,1,1,1,1,1
2026-04-17T01,134.0,395.0,99.35,2.675,12.125,1,1,1,1,1
2026-04-17T02,152.0,398.0,107.1,4.925,18.875,1,1,1,1,1
2026-04-17T03,133.0,360.0,127.567,26.533,24.5,1,1,1,1,1
2026-04-17T04,151.0,409.0,107.433,44.4,33.333,1,1,1,1,1
2026-04-17T05,118.0,346.0,51.375,72.5,27.725,1,1,1,1,1
2026-04-17T06,78.0,300.0,33.375,75.825,18.95,1,1,1,1,1
2026-04-17T07,73.0,254.0,27.75,81.75,17.35,1,1,1,1,1
2026-04-17T08,61.0,249.0,22.925,73.467,10.775,1,1,1,1,1
2026-04-17T09,31.0,175.0,56.967,47.067,8.433,1,1,1,1,1
2026-04-17T10,45.0,197.0,105.0,21.1,8.7,1,1,1,1,1
2026-04-17T13,57.0,290.0,66.233,22.2,7.333,1,1,1,1,1
2026-04-17T14,63.0,122.0,56.075,15.825,5.275,1,1,1,1,1
2026-04-17T15,19.0,84.0,46.4,10.675,3.4,1,1,1,1,1
2026-04-17T16,18.0,52.0,31.95,21.075,1.975,1,1,1,1,1
2026-04-17T17,6.0,67.0,20.0,29.725,2.05,1,1,1,1,1
2026-04-17T19,17.0,63.0,77.1,2.0,7.9,1,1,1,1,1
2026-04-17T20,23.0,130.0,73.725,2.175,8.375,1,1,1,1,1
2026-04-17T21,24.0,101.0,71.45,2.25,8.45,1,1,1,1,1
2026-04-17T22,29.0,117.0,72.1,2.15,7.575,1,1,1,1,1
2026-04-17T23,34.0,112.0,69.85,2.05,9.0,1,1,1,1,1
2026-04-18T00,74.0,144.0,66.225,2.6,13.325,1,1,1,1,1
2026-04-18T01,119.0,218.0,54.775,7.525,22.775,1,1,1,1,1
2026-04-18T02,145.0,241.0,64.55,15.9,30.575,1,1,1,1,1
2026-04-18T03,149.0,265.0,68.267,32.667,29.333,1,1,1,1,1
2026-04-18T04,146.0,278.0,51.3,57.35,26.7,1,1,1,1,1
2026-04-18T05,89.0,224.0,31.225,65.3,23.4,1,1,1,1,1
2026-04-18T06,59.0,168.0,28.8,71.8,21.6,1,1,1,1,1
2026-04-18T07,46.0,172.0,29.075,66.733,22.575,1,1,1,1,1
2026-04-18T08,33.0,166.0,20.675,60.95,14.925,1,1,1,1,1
2026-04-18T09,25.0,138.0,22.65,60.95,13.525,1,1,1,1,1
2026-04-18T10,27.0,124.0,25.1,54.6,11.6,1,1,1,1,1
2026-04-18T11,23.0,110.0,40.0,41.1,10.9,1,1,1,1,1
2026-04-18T12,35.0,119.0,74.3,26.475,10.725,1,1,1,1,1
2026-04-18T13,34.0,212.0,142.15,3.275,12.625,1,1,1,1,1
2026-04-18T16,133.0,549.0,110.8,2.267,17.167,1,1,1,1,1
2026-04-18T17,130.0,500.0,101.875,2.3,16.875,1,1,1,1,1
2026-04-18T19,122.0,443.0,113.4,2.4,9.7,1,1,1,1,1
2026-04-18T20,114.0,431.0,102.3,2.35,11.525,1,1,1,1,1
2026-04-18T21,105.0,335.0,102.05,2.45,13.4,1,1,1,1,1
2026-04-18T22,117.0,340.0,80.825,2.925,16.0,1,1,1,1,1
2026-04-18T23,224.0,500.0,76.95,3.125,21.875,1,1,1,1,1
2026-04-19T00,248.0,495.0,80.55,2.825,24.525,1,1,1,1,1
2026-04-19T01,304.0,523.0,106.2,2.8,41.275,1,1,1,1,1
2026-04-19T02,257.0,464.0,149.175,3.8,41.75,1,1,1,1,1
2026-04-19T03,226.0,418.0,120.65,17.6,38.0,1,1,1,1,1
2026-04-19T04,191.0,360.0,63.475,56.075,37.8,1,1,1,1,1
2026-04-19T05,172.0,344.0,46.0,86.675,44.95,1,1,1,1,1
2026-04-19T06,145.0,310.0,40.525,92.275,34.85,1,1,1,1,1
2026-04-19T07,97.0,268.0,28.5,80.825,16.675,1,1,1,1,1
2026-04-19T08,53.0,191.0,20.075,52.875,6.8,1,1,1,1,1
2026-04-19T09,19.0,124.0,19.625,51.625,5.125,1,1,1,1,1
2026-04-19T10,22.0,125.0,22.3,47.5,3.3,1,1,1,1,1
2026-04-19T11,17.0,102.0,36.5,41.875,2.675,1,1,1,1,1
2026-04-19T12,18.0,139.0,59.267,32.1,2.7,1,1,1,1,1
2026-04-19T13,24.0,167.0,114.55,10.2,3.7,1,1,1,1,1
2026-04-19T14,41.0,218.0,141.7,2.2,6.15,1,1,1,1,1
2026-04-19T15,77.0,353.0,142.325,2.25,12.95,1,1,1,1,1
2026-04-19T16,79.0,334.0,59.95,18.7,12.2,1,1,1,1,1
2026-04-19T17,46.0,299.0,38.125,26.55,8.5,1,1,1,1,1
2026-04-19T18,46.0,233.0,82.6,7.8,12.8,1,1,1,1,1
2026-04-19T19,50.0,261.0,41.067,18.633,18.367,1,1,1,1,1
2026-04-19T20,46.0,246.0,45.825,16.05,14.05,1,1,1,1,1
2026-04-19T21,51.0,226.0,40.625,17.35,16.325,1,1,1,1,1
2026-04-19T22,47.0,205.0,57.333,12.267,15.667,1,1,1,1,1
2026-04-19T23,58.0,219.0,62.175,10.35,16.875,1,1,1,1,1
2026-04-20T00,61.0,222.0,69.95,7.45,18.125,1,1,1,1,1
2026-04-20T01,72.0,241.0,84.975,6.075,20.375,1,1,1,1,1
2026-04-20T02,79.0,280.0,69.725,20.15,27.475,1,1,1,1,1
2026-04-20T03,68.0,260.0,47.667,35.733,27.5,1,1,1,1,1
2026-04-20T05,79.0,260.0,33.0,68.35,28.05,1,1,1,1,1
2026-04-20T07,29.0,145.0,20.4,51.6,10.1,1,1,1,1,1
2026-04-20T08,19.0,130.0,17.95,48.55,9.875,1,1,1,1,1
2026-04-20T09,13.0,138.0,20.15,45.275,8.0,1,1,1,1,1
2026-04-20T10,17.0,121.0,20.475,46.2,7.8,1,1,1,1,1
2026-04-20T11,19.0,140.0,25.1,45.2,6.6,1,1,1,1,1
2026-04-20T12,18.0,125.0,68.033,27.767,8.233,1,1,1,1,1
2026-04-20T13,23.0,177.0,83.475,18.65,10.75,1,1,1,1,1
2026-04-20T14,33.0,200.0,94.675,14.1,15.4,1,1,1,1,1
2026-04-20T15,48.0,217.0,121.2,5.2,17.333,1,1,1,1,1
2026-04-20T16,51.0,234.0,119.2,4.625,20.35,1,1,1,1,1
2026-04-20T17,53.0,248.0,100.7,7.725,23.2,1,1,1,1,1
2026-04-20T19,59.0,241.0,75.133,11.0,18.667,1,1,1,1,1
2026-04-20T20,51.0,221.0,69.625,12.05,17.75,1,1,1,1,1
2026-04-20T21,47.0,208.0,56.675,15.9,14.925,1,1,1,1,1
2026-04-20T22,44.0,190.0,89.675,4.675,13.8,1,1,1,1,1
2026-04-20T23,57.0,218.0,83.825,5.9,13.425,1,1,1,1,1
2026-04-21T00,48.0,206.0,87.875,2.7,11.075,1,1,1,1,1
2026-04-21T01,48.0,249.0,77.775,6.95,19.825,1,1,1,1,1
2026-04-21T02,112.0,335.0,78.1,16.975,39.525,1,1,1,1,1
2026-04-21T03,144.0,361.0,68.975,34.6,35.875,1,1,1,1,1
2026-04-21T04,91.0,401.0,41.45,58.675,25.75,1,1,1,1,1
2026-04-21T05,67.0,298.0,31.425,66.0,20.1,1,1,1,1,1
2026-04-21T06,53.0,232.0,22.95,60.4,17.5,1,1,1,1,1
2026-04-21T07,33.0,259.0,19.35,58.1,5.4,1,1,1,1,1
2026-04-21T08,9.0,185.0,19.9,58.867,4.267,1,1,1,1,1
2026-04-21T09,22.0,157.0,20.0,59.333,5.1,1,1,1,1,1
2026-04-21T10,22.0,144.0,23.475,60.2,7.175,1,1,1,1,1
2026-04-21T11,28.0,145.0,31.225,58.325,5.275,1,1,1,1,1
2026-04-21T12,36.0,164.0,54.55,47.05,4.5,1,1,1,1,1
2026-04-21T13,41.0,189.0,89.2,27.075,3.475,1,1,1,1,1
2026-04-21T14,53.0,230.0,140.975,5.4,3.85,1,1,1,1,1
2026-04-21T15,73.0,287.0,142.35,4.375,6.55,1,1,1,1,1
2026-04-21T16,89.0,317.0,139.825,4.5,8.875,1,1,1,1,1
2026-04-21T17,80.0,321.0,113.05,7.975,17.2,1,1,1,1,1
2026-04-21T18,100.0,357.0,110.5,6.2,24.8,1,1,1,1,1
2026-04-21T19,99.0,340.0,108.525,4.675,19.725,1,1,1,1,1
2026-04-21T20,101.0,333.0,109.55,4.45,15.275,1,1,1,1,1
2026-04-21T21,94.0,302.0,106.475,4.375,8.95,1,1,1,1,1
2026-04-21T22,81.0,267.0,98.567,4.367,8.433,1,1,1,1,1
2026-04-21T23,116.0,322.0,93.6,4.65,16.675,1,1,1,1,1
2026-04-22T00,147.0,344.0,90.7,4.9,24.25,1,1,1,1,1
2026-04-22T01,177.0,417.0,100.7,6.65,53.025,1,1,1,1,1
2026-04-22T02,182.0,437.0,88.5,19.775,35.25,1,1,1,1,1
2026-04-22T03,123.0,360.0,53.675,43.5,18.55,1,1,1,1,1
2026-04-22T04,81.0,429.0,39.775,62.7,17.775,1,1,1,1,1
2026-04-22T05,64.0,317.0,25.35,68.25,19.9,1,1,1,1,1
2026-04-22T06,35.0,213.0,24.175,67.7,24.575,1,1,1,1,1
2026-04-22T07,38.0,219.0,22.05,63.867,14.975,1,1,1,1,1
2026-04-22T08,27.0,178.0,20.15,61.25,9.75,1,1,1,1,1
2026-04-22T09,24.0,155.0,19.925,63.067,11.15,1,1,1,1,1
2026-04-22T10,27.0,144.0,21.233,61.267,9.167,1,1,1,1,1
2026-04-22T11,22.0,146.0,30.175,57.525,7.2,1,1,1,1,1
2026-04-22T12,23.0,161.0,48.475,47.7,7.125,1,1,1,1,1
2026-04-22T13,34.0,195.0,98.0,25.75,7.175,1,1,1,1,1
2026-04-22T14,51.0,224.0,117.2,14.825,10.0,1,1,1,1,1
2026-04-22T15,68.0,282.0,139.8,5.15,10.85,1,1,1,1,1
2026-04-22T16,85.0,333.0,133.575,4.25,11.3,1,1,1,1,1
2026-04-22T17,95.0,342.0,131.825,4.55,11.65,1,1,1,1,1
2026-04-22T18,95.0,329.0,132.0,,12.0,1,1,1,0,1
2026-04-22T19,119.0,357.0,123.825,4.3,18.375,1,1,1,1,1
2026-04-22T20,97.0,345.0,107.675,4.425,17.75,1,1,1,1,1
2026-04-22T21,88.0,262.0,98.975,4.5,13.425,1,1,1,1,1
2026-04-22T22,84.0,260.0,92.775,4.425,18.5,1,1,1,1,1
2026-04-22T23,101.0,261.0,77.325,6.725,18.725,1,1,1,1,1
2026-04-23T00,38.0,166.0,78.575,7.075,7.525,1,1,1,1,1
2026-04-23T01,22.0,150.0,74.8,9.575,4.6,1,1,1,1,1
2026-04-23T02,24.0,177.0,48.975,19.9,1.9,1,1,1,1,1
2026-04-23T03,19.0,196.0,45.3,26.8,2.15,1,1,1,1,1
2026-04-23T04,23.0,160.0,39.1,39.233,3.567,1,1,1,1,1
2026-04-23T07,24.0,153.0,25.0,55.9,5.975,1,1,1,1,1
2026-04-23T08,17.0,139.0,19.6,61.133,2.933,1,1,1,1,1
2026-04-23T09,23.0,124.0,17.6,59.9,0.8,1,1,1,1,1
2026-04-23T10,22.0,117.0,19.15,60.15,0.6,1,1,1,1,1
2026-04-23T11,24.0,128.0,35.5,51.0,1.525,1,1,1,1,1
2026-04-23T12,30.0,167.0,74.575,32.45,2.025,1,1,1,1,1
2026-04-23T13,38.0,212.0,133.425,10.775,2.7,1,1,1,1,1
2026-04-23T14,51.0,246.0,137.925,4.2,2.625,1,1,1,1,1
2026-04-23T15,75.0,323.0,130.05,4.4,4.3,1,1,1,1,1
2026-04-23T16,77.0,296.0,132.8,4.175,5.975,1,1,1,1,1
2026-04-23T17,75.0,272.0,129.075,4.25,8.25,1,1,1,1,1
2026-04-23T19,173.0,462.0,111.9,4.6,38.3,1,1,1,1,1
2026-04-23T20,211.0,467.0,112.525,4.65,32.8,1,1,1,1,1
2026-04-23T21,184.0,469.0,102.25,4.625,44.575,1,1,1,1,1
2026-04-23T22,206.0,437.0,98.8,4.375,52.5,1,1,1,1,1
2026-04-23T23,204.0,405.0,96.35,4.35,46.65,1,1,1,1,1
2026-04-24T00,188.0,404.0,88.25,4.425,31.15,1,1,1,1,1
2026-04-24T01,147.0,340.0,100.825,5.125,26.125,1,1,1,1,1
2026-04-24T02,108.0,313.0,90.9,9.675,12.925,1,1,1,1,1
2026-04-24T03,50.0,227.0,56.5,27.875,8.775,1,1,1,1,1
2026-04-24T04,35.0,216.0,51.8,58.85,13.85,1,1,1,1,1
2026-04-24T05,62.0,244.0,41.075,79.125,14.5,1,1,1,1,1
2026-04-24T06,66.0,255.0,29.475,93.875,14.85,1,1,1,1,1
2026-04-24T07,48.0,216.0,21.525,85.575,11.0,1,1,1,1,1
2026-04-24T08,44.0,185.0,20.05,84.525,8.675,1,1,1,1,1
2026-04-24T09,41.0,195.0,23.4,82.475,10.275,1,1,1,1,1
2026-04-24T10,48.0,218.0,26.95,71.85,9.2,1,1,1,1,1
2026-04-24T11,42.0,201.0,43.925,59.375,8.325,1,1,1,1,1
2026-04-24T12,44.0,199.0,78.7,39.625,9.025,1,1,1,1,1
2026-04-24T13,46.0,227.0,142.8,10.95,9.175,1,1,1,1,1
2026-04-24T14,63.0,335.0,148.8,4.25,8.625,1,1,1,1,1
2026-04-24T15,100.0,400.0,144.175,4.225,9.125,1,1,1,1,1
2026-04-24T16,106.0,425.0,129.525,4.6,15.025,1,1,1,1,1
2026-04-24T17,124.0,436.0,119.35,4.525,20.75,1,1,1,1,1
2026-04-24T19,153.0,467.0,121.5,4.7,26.4,1,1,1,1,1
2026-04-24T20,146.0,416.0,120.65,4.55,21.25,1,1,1,1,1
2026-04-24T21,199.0,447.0,83.325,9.675,16.025,1,1,1,1,1
2026-04-24T22,83.0,263.0,52.6,18.6,16.45,1,1,1,1,1
2026-04-24T23,75.0,233.0,71.675,11.4,16.0,1,1,1,1,1
2026-04-25T00,81.0,267.0,92.7,5.1,15.8,1,1,1,1,1
2026-04-25T01,84.0,310.0,87.225,10.75,20.425,1,1,1,1,1
2026-04-25T02,180.0,448.0,61.525,32.825,39.35,1,1,1,1,1
2026-04-25T03,177.0,443.0,42.9,56.775,34.4,1,1,1,1,1
2026-04-25T04,86.0,293.0,34.175,68.933,23.8,1,1,1,1,1
2026-04-25T05,64.0,241.0,23.525,72.75,17.55,1,1,1,1,1
2026-04-25T06,41.0,199.0,18.225,72.867,11.65,1,1,1,1,1
2026-04-25T07,41.0,173.0,17.025,65.975,6.375,1,1,1,1,1
2026-04-25T08,31.0,179.0,17.45,62.05,4.65,1,1,1,1,1
2026-04-25T09,34.0,202.0,23.575,51.375,3.575,1,1,1,1,1
2026-04-25T10,27.0,173.0,26.867,52.333,2.267,1,1,1,1,1
2026-04-25T11,33.0,193.0,35.725,45.4,1.1,1,1,1,1,1
2026-04-25T12,31.0,177.0,45.725,38.125,0.625,1,1,1,1,1
2026-04-25T13,31.0,204.0,87.55,20.375,4.15,1,1,1,1,1
2026-04-25T14,61.0,243.0,121.6,9.075,7.575,1,1,1,1,1
2026-04-25T15,61.0,273.0,132.475,4.75,8.9,1,1,1,1,1
2026-04-25T16,86.0,338.0,118.35,4.425,10.675,1,1,1,1,1
2026-04-25T17,92.0,353.0,105.85,4.5,14.275,1,1,1,1,1
2026-04-25T19,97.0,338.0,97.8,4.3,18.7,1,1,1,1,1
2026-04-25T20,89.0,288.0,90.375,5.125,14.825,1,1,1,1,1
2026-04-25T21,70.0,250.0,89.625,4.75,15.875,1,1,1,1,1
2026-04-25T22,69.0,256.0,84.95,5.2,18.8,1,1,1,1,1
2026-04-25T23,73.0,239.0,88.425,4.55,18.85,1,1,1,1,1
2026-04-26T00,91.0,269.0,74.35,5.475,27.6,1,1,1,1,1
2026-04-26T01,180.0,429.0,76.925,9.2,39.9,1,1,1,1,1
2026-04-26T02,172.0,429.0,56.65,31.025,36.275,1,1,1,1,1
2026-04-26T03,151.0,399.0,44.675,56.1,29.45,1,1,1,1,1
2026-04-26T04,96.0,383.0,34.075,72.925,27.025,1,1,1,1,1
2026-04-26T05,77.0,277.0,24.5,67.85,17.825,1,1,1,1,1
2026-04-26T06,50.0,210.0,18.425,61.075,7.375,1,1,1,1,1
2026-04-26T07,36.0,184.0,16.675,58.2,3.9,1,1,1,1,1
2026-04-26T08,36.0,189.0,18.45,56.625,3.3,1,1,1,1,1
2026-04-26T09,31.0,182.0,17.65,55.475,2.15,1,1,1,1,1
2026-04-26T10,35.0,164.0,21.2,56.7,2.475,1,1,1,1,1
2026-04-26T11,35.0,199.0,24.575,52.675,2.95,1,1,1,1,1
2026-04-26T12,39.0,217.0,34.85,45.325,3.6,1,1,1,1,1
2026-04-26T13,35.0,245.0,64.5,30.425,7.0,1,1,1,1,1
2026-04-26T14,50.0,256.0,92.8,17.725,8.125,1,1,1,1,1
2026-04-26T15,73.0,298.0,120.95,7.825,9.85,1,1,1,1,1
2026-04-26T16,95.0,326.0,109.625,9.475,12.225,1,1,1,1,1
2026-04-26T17,95.0,296.0,81.375,16.175,22.8,1,1,1,1,1
2026-04-26T18,84.0,254.0,58.0,21.8,27.5,1,1,1,1,1
2026-04-26T19,75.0,213.0,63.25,20.9,37.0,1,1,1,1,1
2026-04-26T20,75.0,217.0,111.025,4.925,36.8,1,1,1,1,1
2026-04-26T21,77.0,227.0,109.7,5.133,29.533,1,1,1,1,1
2026-04-26T22,61.0,195.0,103.5,4.5,20.55,1,1,1,1,1
2026-04-26T23,61.0,186.0,97.8,4.4,13.475,1,1,1,1,1
2026-04-27T00,66.0,197.0,90.35,4.825,16.5,1,1,1,1,1
2026-04-27T01,100.0,267.0,96.7,10.075,23.325,1,1,1,1,1
2026-04-27T02,152.0,361.0,91.075,35.6,31.7,1,1,1,1,1
2026-04-27T03,149.0,351.0,49.625,66.925,27.725,1,1,1,1,1
2026-04-27T04,64.0,218.0,30.25,75.75,16.275,1,1,1,1,1
2026-04-27T05,41.0,174.0,20.875,82.875,15.375,1,1,1,1,1
2026-04-27T06,50.0,194.0,21.575,80.175,14.375,1,1,1,1,1
2026-04-27T07,31.0,173.0,19.3,65.475,4.45,1,1,1,1,1
2026-04-27T08,20.0,152.0,22.3,71.9,2.85,1,1,1,1,1
2026-04-27T09,36.0,147.0,24.5,75.825,6.425,1,1,1,1,1
2026-04-27T10,41.0,157.0,21.65,73.1,7.1,1,1,1,1,1
2026-04-27T11,35.0,144.0,32.725,73.05,7.5,1,1,1,1,1
2026-04-27T12,55.0,216.0,47.05,55.925,5.825,1,1,1,1,1
2026-04-27T13,47.0,193.0,106.275,22.675,5.5,1,1,1,1,1
2026-04-27T14,73.0,290.0,124.275,9.15,6.725,1,1,1,1,1
2026-04-27T15,113.0,1610.0,27.475,34.4,2.6,1,1,1,1,1
2026-04-27T16,42.0,815.0,36.2,29.825,3.6,1,1,1,1,1
2026-04-27T17,46.0,458.0,39.85,26.15,2.175,1,1,1,1,1
2026-04-27T18,20.0,136.0,81.9,7.4,,1,1,1,1,0
2026-04-27T19,11.0,85.0,63.925,11.3,,1,1,1,1,0
2026-04-27T20,22.0,100.0,41.5,17.425,2.8,1,1,1,1,1
2026-04-27T21,39.0,166.0,25.175,23.3,6.35,1,1,1,1,1
2026-04-27T22,41.0,222.0,23.05,24.425,3.95,1,1,1,1,1
2026-04-27T23,29.0,226.0,24.075,23.4,3.2,1,1,1,1,1
2026-04-28T00,40.0,254.0,35.475,18.7,8.75,1,1,1,1,1
2026-04-28T01,36.0,289.0,62.125,8.85,8.625,1,1,1,1,1
2026-04-28T02,59.0,320.0,48.825,17.975,10.575,1,1,1,1,1
2026-04-28T03,57.0,495.0,32.275,31.95,4.775,1,1,1,1,1
2026-04-28T04,62.0,654.0,19.5,52.375,10.125,1,1,1,1,1
2026-04-28T05,47.0,331.0,15.55,55.45,12.425,1,1,1,1,1
2026-04-28T06,38.0,268.0,12.025,53.75,6.025,1,1,1,1,1
2026-04-28T07,28.0,302.0,11.275,56.45,4.425,1,1,1,1,1
2026-04-28T08,29.0,243.0,13.3,61.65,4.85,1,1,1,1,1
2026-04-28T09,33.0,240.0,16.775,70.075,7.225,1,1,1,1,1
2026-04-28T10,30.0,237.0,18.75,72.975,7.1,1,1,1,1,1
2026-04-28T11,38.0,239.0,32.125,68.75,6.875,1,1,1,1,1
2026-04-28T12,41.0,241.0,32.075,63.875,7.05,1,1,1,1,1
2026-04-28T13,58.0,395.0,27.825,47.65,8.525,1,1,1,1,1
2026-04-28T14,61.0,349.0,42.35,36.975,9.275,1,1,1,1,1
2026-04-28T15,63.0,293.0,44.025,35.55,15.8,1,1,1,1,1
2026-04-28T16,72.0,300.0,35.233,38.6,21.633,1,1,1,1,1
2026-04-28T17,85.0,379.0,40.975,36.275,36.9,1,1,1,1,1
2026-04-28T19,79.0,313.0,59.8,24.3,15.7,1,1,1,1,1
2026-04-28T20,83.0,318.0,34.25,36.0,15.85,1,1,1,1,1
2026-04-28T21,74.0,464.0,17.25,39.275,6.525,1,1,1,1,1
2026-04-28T22,35.0,238.0,31.925,29.925,11.8,1,1,1,1,1
2026-04-28T23,36.0,151.0,28.125,29.1,9.775,1,1,1,1,1
2026-04-29T00,39.0,285.0,26.05,23.15,3.9,1,1,1,1,1
2026-04-29T01,30.0,94.0,30.625,17.45,2.1,1,1,1,1,1
2026-04-29T02,12.0,47.0,39.15,15.45,2.375,1,1,1,1,1
2026-04-29T03,16.0,78.0,43.325,22.675,6.3,1,1,1,1,1
2026-04-29T04,29.0,102.0,68.375,17.975,7.0,1,1,1,1,1
2026-04-29T05,29.0,110.0,30.775,32.75,7.975,1,1,1,1,1
2026-04-29T06,17.0,111.0,24.05,53.0,10.15,1,1,1,1,1
2026-04-29T07,29.0,119.0,26.925,53.275,10.975,1,1,1,1,1
2026-04-29T08,31.0,114.0,21.325,57.175,14.05,1,1,1,1,1
2026-04-29T09,22.0,108.0,21.5,62.15,10.125,1,1,1,1,1
2026-04-29T10,25.0,106.0,27.625,64.75,22.975,1,1,1,1,1
2026-04-29T11,23.0,103.0,26.3,69.1,22.375,1,1,1,1,1
2026-04-29T12,25.0,111.0,35.425,57.475,15.625,1,1,1,1,1
2026-04-29T13,34.0,177.0,39.9,44.975,8.975,1,1,1,1,1
2026-04-29T14,42.0,179.0,45.15,39.75,6.4,1,1,1,1,1
2026-04-29T15,39.0,132.0,60.55,31.95,6.075,1,1,1,1,1
2026-04-29T16,48.0,160.0,64.95,23.725,6.125,1,1,1,1,1
2026-04-29T17,48.0,173.0,92.2,13.75,7.875,1,1,1,1,1
2026-04-29T18,70.0,218.0,104.2,8.1,16.7,1,1,1,1,1
2026-04-29T19,90.0,222.0,102.3,5.725,13.875,1,1,1,1,1
2026-04-29T20,74.0,208.0,65.9,11.375,11.55,1,1,1,1,1
2026-04-29T21,78.0,183.0,71.6,9.575,11.1,1,1,1,1,1
2026-04-29T22,66.0,185.0,62.425,11.925,10.4,1,1,1,1,1
2026-04-29T23,85.0,180.0,58.325,12.125,15.425,1,1,1,1,1
2026-04-30T00,108.0,201.0,72.5,7.525,20.175,1,1,1,1,1
2026-04-30T01,110.0,241.0,66.85,12.35,21.375,1,1,1,1,1
2026-04-30T02,96.0,246.0,51.175,29.725,28.85,1,1,1,1,1
2026-04-30T03,110.0,257.0,36.725,49.95,31.025,1,1,1,1,1
2026-04-30T04,91.0,269.0,28.7,69.367,25.15,1,1,1,1,1
2026-04-30T05,62.0,217.0,21.55,80.1,18.55,1,1,1,1,1
2026-04-30T06,48.0,180.0,14.925,64.475,14.475,1,1,1,1,1
2026-04-30T07,31.0,139.0,13.275,55.875,10.65,1,1,1,1,1
2026-04-30T08,30.0,141.0,23.5,61.3,11.35,1,1,1,1,1
2026-04-30T09,58.0,364.0,21.575,57.25,10.075,1,1,1,1,1
2026-04-30T10,46.0,525.0,39.6,33.125,5.225,1,1,1,1,1
2026-04-30T11,20.0,72.0,71.9,23.675,9.3,1,1,1,1,1
2026-04-30T12,28.0,97.0,57.975,26.025,12.45,1,1,1,1,1
2026-04-30T13,29.0,122.0,48.35,29.2,9.125,1,1,1,1,1
2026-04-30T14,40.0,334.0,29.625,37.825,7.975,1,1,1,1,1
2026-04-30T15,28.0,174.0,38.575,33.725,3.775,1,1,1,1,1
2026-04-30T16,29.0,105.0,31.275,34.2,6.875,1,1,1,1,1
2026-04-30T17,18.0,101.0,25.075,35.525,3.325,1,1,1,1,1
2026-04-30T18,7.0,123.0,28.2,33.1,1.3,1,1,1,1,1
2026-04-30T19,19.0,124.0,36.0,27.875,2.875,1,1,1,1,1
2026-04-30T20,23.0,133.0,36.2,26.1,4.05,1,1,1,1,1
2026-04-30T21,40.0,112.0,30.5,25.65,3.925,1,1,1,1,1
2026-04-30T22,45.0,117.0,31.4,22.55,2.25,1,1,1,1,1
2026-04-30T23,55.0,123.0,34.775,17.95,0.45,1,1,1,1,1
2026-05-01T00,57.0,133.0,35.675,19.275,1.825,1,1,1,1,1
2026-05-01T01,67.0,149.0,40.925,18.125,4.75,1,1,1,1,1
2026-05-01T02,45.0,124.0,26.225,25.9,4.65,1,1,1,1,1
2026-05-01T03,45.0,116.0,20.6,32.425,2.3,1,1,1,1,1
2026-05-01T04,28.0,94.0,19.45,41.75,1.8,1,1,1,1,1
2026-05-01T05,35.0,100.0,20.45,52.233,1.55,1,1,1,1,1
2026-05-01T06,29.0,111.0,17.75,60.925,0.925,1,1,1,1,1
2026-05-01T07,41.0,103.0,16.625,66.025,1.0,1,1,1,1,1
2026-05-01T08,31.0,114.0,16.425,72.275,0.525,1,1,1,1,1
2026-05-01T09,29.0,108.0,16.45,77.65,0.55,1,1,1,1,1
2026-05-01T10,33.0,130.0,18.7,79.675,1.125,1,1,1,1,1
2026-05-01T11,35.0,139.0,21.95,78.95,0.925,1,1,1,1,1
2026-05-01T12,41.0,229.0,27.85,71.4,0.825,1,1,1,1,1
2026-05-01T13,45.0,421.0,42.8,56.825,0.4,1,1,1,1,1
2026-05-01T14,53.0,327.0,54.975,44.2,1.25,1,1,1,1,1
2026-05-01T15,73.0,226.0,59.675,35.95,3.5,1,1,1,1,1
2026-05-01T16,66.0,217.0,54.7,32.675,1.825,1,1,1,1,1
2026-05-01T17,64.0,212.0,41.425,31.55,2.2,1,1,1,1,1
2026-05-01T18,51.0,155.0,47.5,24.0,4.1,1,1,1,1,1
2026-05-01T19,74.0,166.0,42.65,25.125,3.825,1,1,1,1,1
2026-05-01T20,80.0,177.0,31.1,32.25,3.35,1,1,1,1,1
2026-05-01T21,58.0,121.0,28.7,33.267,1.967,1,1,1,1,1
2026-05-01T22,50.0,103.0,22.95,37.5,2.525,1,1,1,1,1
2026-05-01T23,45.0,99.0,30.325,33.05,2.025,1,1,1,1,1
2026-05-02T00,50.0,124.0,39.55,22.925,2.05,1,1,1,1,1
2026-05-02T01,57.0,139.0,33.075,26.325,2.5,1,1,1,1,1
2026-05-02T02,61.0,141.0,29.925,28.85,4.575,1,1,1,1,1
2026-05-02T03,67.0,175.0,24.85,41.075,5.95,1,1,1,1,1
2026-05-02T04,56.0,157.0,25.4,53.125,5.7,1,1,1,1,1
2026-05-02T05,51.0,160.0,22.425,68.55,7.375,1,1,1,1,1
2026-05-02T06,52.0,166.0,21.05,79.1,7.25,1,1,1,1,1
2026-05-02T07,63.0,188.0,18.633,82.867,5.5,1,1,1,1,1
2026-05-02T08,53.0,178.0,18.0,84.6,5.425,1,1,1,1,1
2026-05-02T09,55.0,166.0,18.7,85.525,4.5,1,1,1,1,1
2026-05-02T10,51.0,177.0,19.0,84.433,4.2,1,1,1,1,1
2026-05-02T17,63.0,431.0,56.0,17.3,0.3,1,1,1,1,1
2026-05-02T18,47.0,438.0,49.2,13.9,0.0,1,1,1,1,1
2026-05-02T19,51.0,472.0,44.6,16.0,0.7,1,1,1,1,1
2026-05-02T20,36.0,328.0,49.875,12.2,,1,1,1,1,0
2026-05-02T21,35.0,183.0,36.525,16.1,1.35,1,1,1,1,1
2026-05-02T22,36.0,145.0,31.8,23.45,0.467,1,1,1,1,1
2026-05-02T23,31.0,67.0,33.675,23.475,0.95,1,1,1,1,1
2026-05-03T00,27.0,77.0,31.65,23.525,1.125,1,1,1,1,1
2026-05-03T01,52.0,130.0,25.275,29.8,1.325,1,1,1,1,1
2026-05-03T02,50.0,143.0,22.875,33.375,3.3,1,1,1,1,1
2026-05-03T03,45.0,139.0,19.625,40.675,2.775,1,1,1,1,1
2026-05-03T04,39.0,101.0,18.175,50.425,3.375,1,1,1,1,1
2026-05-03T05,44.0,134.0,20.025,58.8,2.575,1,1,1,1,1
2026-05-03T06,45.0,162.0,16.35,60.075,3.675,1,1,1,1,1
2026-05-03T07,40.0,160.0,11.65,58.85,2.775,1,1,1,1,1
2026-05-03T08,34.0,182.0,14.55,60.3,2.025,1,1,1,1,1
2026-05-03T09,39.0,249.0,15.1,62.275,1.7,1,1,1,1,1
2026-05-03T10,31.0,201.0,16.275,64.875,2.475,1,1,1,1,1
2026-05-03T11,29.0,156.0,19.75,62.475,1.625,1,1,1,1,1
2026-05-03T12,34.0,252.0,24.025,57.825,0.95,1,1,1,1,1
2026-05-03T13,38.0,372.0,32.225,48.4,2.95,1,1,1,1,1
2026-05-03T14,44.0,282.0,28.7,46.075,5.25,1,1,1,1,1
2026-05-03T15,55.0,205.0,31.575,41.075,7.3,1,1,1,1,1
2026-05-03T16,41.0,158.0,21.35,42.425,6.4,1,1,1,1,1
2026-05-03T17,35.0,113.0,19.975,38.225,3.35,1,1,1,1,1
2026-05-03T18,35.0,294.0,10.9,37.0,0.0,1,1,1,1,1
2026-05-03T19,13.0,173.0,12.8,38.267,,1,1,1,1,0
2026-05-03T20,6.0,30.0,18.6,29.825,,1,1,1,1,0
2026-05-03T21,16.0,30.0,19.025,27.375,,1,1,1,1,0
2026-05-03T22,2.0,35.0,23.7,21.25,,1,1,1,1,0
2026-05-03T23,6.0,35.0,23.4,21.525,0.2,1,1,1,1,1
2026-05-04T00,11.0,31.0,20.85,21.925,,1,1,1,1,0
2026-05-04T01,11.0,30.0,26.825,23.6,,1,1,1,1,0
2026-05-04T02,11.0,44.0,35.225,23.575,,1,1,1,1,0
2026-05-04T03,27.0,64.0,26.075,29.8,3.033,1,1,1,1,1
2026-05-04T04,33.0,72.0,14.95,36.05,4.825,1,1,1,1,1
2026-05-04T05,22.0,64.0,16.775,41.425,3.35,1,1,1,1,1
2026-05-04T06,8.0,61.0,13.575,47.825,2.45,1,1,1,1,1
2026-05-04T07,14.0,50.0,15.775,51.3,3.175,1,1,1,1,1
2026-05-04T08,13.0,62.0,15.575,52.05,2.0,1,1,1,1,1
2026-05-04T09,19.0,69.0,16.0,52.85,0.7,1,1,1,1,1
2026-05-04T10,13.0,72.0,16.175,53.675,1.2,1,1,1,1,1
2026-05-04T11,11.0,63.0,17.325,52.825,0.475,1,1,1,1,1
2026-05-04T12,19.0,67.0,23.275,48.95,0.85,1,1,1,1,1
2026-05-04T13,12.0,97.0,27.167,43.4,0.867,1,1,1,1,1
2026-05-04T14,19.0,86.0,24.625,39.975,1.0,1,1,1,1,1
2026-05-04T15,14.0,68.0,26.15,39.05,1.025,1,1,1,1,1
2026-05-04T16,19.0,67.0,24.6,30.225,0.0,1,1,1,1,1
2026-05-04T17,20.0,70.0,30.95,21.225,1.15,1,1,1,1,1
2026-05-04T18,16.0,52.0,40.3,20.5,0.6,1,1,1,1,1
2026-05-04T19,13.0,39.0,54.45,15.325,0.475,1,1,1,1,1
2026-05-04T20,17.0,57.0,62.7,10.9,1.575,1,1,1,1,1
2026-05-04T21,29.0,96.0,40.9,14.15,1.267,1,1,1,1,1
2026-05-04T22,25.0,66.0,45.8,13.85,3.833,1,1,1,1,1
2026-05-04T23,47.0,97.0,33.25,17.6,8.375,1,1,1,1,1
2026-05-05T00,42.0,91.0,38.35,15.775,6.05,1,1,1,1,1
2026-05-05T01,53.0,105.0,41.7,18.225,9.15,1,1,1,1,1
2026-05-05T02,69.0,130.0,36.9,28.9,16.175,1,1,1,1,1
2026-05-05T03,44.0,114.0,23.625,36.825,11.7,1,1,1,1,1
2026-05-05T04,40.0,79.0,19.575,33.8,10.025,1,1,1,1,1
2026-05-05T05,28.0,67.0,14.725,2.0,7.25,1,1,1,1,1
2026-05-05T06,34.0,75.0,13.133,73.75,4.633,1,1,1,1,1
2026-05-05T07,38.0,91.0,13.3,58.75,4.3,1,1,1,1,1
2026-05-05T08,31.0,94.0,13.433,62.175,11.8,1,1,1,1,1
2026-05-05T09,40.0,95.0,16.45,22.725,11.125,1,1,1,1,1
2026-05-05T10,33.0,96.0,16.95,0.3,12.7,1,1,1,1,1
2026-05-05T11,35.0,100.0,13.4,10.35,13.2,1,1,1,1,1
2026-05-05T12,30.0,102.0,18.6,0.1,11.6,1,1,1,1,1
2026-05-06T06,29.0,119.0,13.333,12.433,10.267,1,1,1,1,1
2026-05-06T07,34.0,110.0,8.375,22.133,9.7,1,1,1,1,1
2026-05-06T08,38.0,127.0,9.65,74.525,9.7,1,1,1,1,1
2026-05-06T09,44.0,133.0,12.225,88.225,10.525,1,1,1,1,1
2026-05-06T10,46.0,125.0,16.95,91.475,10.225,1,1,1,1,1
2026-05-06T11,42.0,116.0,15.567,80.0,8.633,1,1,1,1,1
2026-05-06T12,46.0,117.0,29.2,66.625,9.95,1,1,1,1,1
2026-05-06T13,56.0,205.0,59.367,53.133,9.3,1,1,1,1,1
2026-05-06T14,72.0,331.0,78.5,46.8,11.2,1,1,1,1,1
2026-05-06T20,48.0,110.0,26.475,39.65,18.225,1,1,1,1,1
2026-05-06T21,35.0,96.0,36.725,36.0,31.025,1,1,1,1,1
2026-05-06T22,25.0,63.0,20.775,38.275,23.125,1,1,1,1,1
2026-05-06T23,29.0,68.0,22.725,33.25,13.575,1,1,1,1,1
2026-05-07T00,27.0,73.0,17.95,35.925,11.4,1,1,1,1,1
2026-05-07T01,19.0,86.0,25.6,33.9,13.275,1,1,1,1,1
2026-05-07T02,36.0,125.0,24.975,39.05,14.975,1,1,1,1,1
2026-05-07T03,39.0,144.0,13.975,46.95,13.3,1,1,1,1,1
2026-05-07T04,33.0,117.0,11.7,51.225,13.075,1,1,1,1,1
2026-05-07T05,27.0,112.0,10.667,58.667,13.433,1,1,1,1,1
2026-05-07T06,27.0,133.0,9.7,56.733,13.967,1,1,1,1,1
2026-05-07T07,31.0,153.0,12.867,52.133,20.867,1,1,1,1,1
2026-05-07T08,22.0,151.0,6.067,58.5,14.233,1,1,1,1,1
2026-05-07T09,19.0,107.0,6.925,60.833,11.225,1,1,1,1,1
2026-05-07T10,20.0,86.0,8.133,62.067,11.4,1,1,1,1,1
2026-05-07T11,27.0,89.0,9.15,56.25,11.5,1,1,1,1,1
2026-05-07T12,19.0,114.0,10.9,55.3,11.8,1,1,1,1,1
2026-05-07T19,55.0,113.0,29.875,18.525,12.7,1,1,1,1,1
2026-05-07T20,44.0,99.0,33.325,16.7,14.0,1,1,1,1,1
2026-05-07T21,56.0,103.0,20.033,21.267,12.9,1,1,1,1,1
2026-05-07T22,59.0,117.0,18.033,19.033,12.133,1,1,1,1,1
2026-05-07T23,53.0,99.0,17.4,20.0,12.4,1,1,1,1,1
2026-05-08T01,63.0,114.0,19.767,18.233,13.9,1,1,1,1,1
2026-05-08T02,63.0,138.0,16.525,27.125,15.325,1,1,1,1,1
2026-05-08T03,34.0,106.0,10.75,39.1,14.275,1,1,1,1,1
2026-05-08T04,31.0,114.0,9.467,46.633,12.667,1,1,1,1,1
2026-05-08T05,22.0,100.0,6.85,51.2,11.475,1,1,1,1,1
2026-05-08T06,23.0,96.0,6.075,58.225,11.15,1,1,1,1,1
2026-05-08T07,34.0,112.0,6.275,60.433,12.65,1,1,1,1,1
2026-05-08T08,20.0,114.0,6.25,56.85,11.4,1,1,1,1,1
2026-05-08T09,24.0,97.0,4.375,56.9,10.7,1,1,1,1,1
2026-05-08T10,22.0,156.0,5.925,58.75,10.6,1,1,1,1,1
2026-05-08T11,24.0,183.0,6.75,58.05,11.225,1,1,1,1,1
2026-05-08T12,24.0,122.0,13.775,51.7,11.75,1,1,1,1,1
2026-05-08T13,29.0,249.0,22.425,43.625,12.675,1,1,1,1,1
2026-05-08T14,39.0,205.0,26.075,35.575,16.85,1,1,1,1,1
2026-05-08T15,45.0,150.0,28.275,32.55,14.1,1,1,1,1,1
2026-05-08T16,31.0,133.0,25.925,31.6,12.2,1,1,1,1,1
2026-05-08T17,39.0,122.0,26.175,32.875,12.425,1,1,1,1,1
2026-05-08T18,42.0,118.0,27.3,27.8,8.8,1,1,1,1,1
2026-05-08T19,44.0,124.0,32.9,24.075,8.3,1,1,1,1,1
2026-05-08T20,29.0,105.0,32.65,21.525,7.6,1,1,1,1,1
2026-05-08T21,44.0,103.0,41.025,18.225,7.625,1,1,1,1,1
2026-05-08T22,53.0,136.0,42.075,15.775,21.5,1,1,1,1,1
2026-05-08T23,91.0,161.0,34.3,15.875,27.2,1,1,1,1,1
2026-05-09T00,64.0,158.0,31.375,15.65,17.9,1,1,1,1,1
2026-05-09T01,55.0,167.0,16.85,26.075,14.075,1,1,1,1,1
2026-05-09T02,55.0,161.0,16.7,33.3,14.6,1,1,1,1,1
2026-05-09T03,53.0,172.0,11.333,42.167,13.6,1,1,1,1,1
2026-05-09T04,51.0,146.0,9.6,50.5,11.7,1,1,1,1,1
2026-05-09T05,46.0,141.0,5.35,55.725,12.675,1,1,1,1,1
2026-05-09T06,34.0,108.0,5.425,60.225,13.85,1,1,1,1,1
2026-05-09T07,35.0,128.0,3.325,63.5,12.525,1,1,1,1,1
2026-05-09T08,22.0,106.0,2.875,65.875,10.675,1,1,1,1,1
2026-05-09T09,33.0,99.0,2.9,68.375,10.475,1,1,1,1,1
2026-05-09T10,29.0,103.0,3.2,,9.1,1,1,1,0,1
2026-05-09T11,29.0,112.0,5.675,,9.3,1,1,1,0,1
2026-05-09T12,38.0,164.0,12.7,,11.0,1,1,1,0,1
2026-05-09T13,46.0,235.0,17.075,,12.025,1,1,1,0,1
2026-05-09T14,53.0,229.0,28.95,,11.175,1,1,1,0,1
2026-05-09T15,53.0,196.0,31.375,,9.325,1,1,1,0,1
2026-05-09T16,53.0,162.0,28.35,,8.475,1,1,1,0,1
2026-05-09T17,58.0,166.0,26.425,,9.1,1,1,1,0,1
2026-05-09T18,50.0,146.0,25.7,,9.5,1,1,1,0,1
2026-05-09T19,53.0,121.0,20.05,,10.675,1,1,1,0,1
2026-05-09T20,52.0,122.0,20.775,,10.475,1,1,1,0,1
2026-05-09T21,68.0,146.0,28.3,,10.875,1,1,1,0,1
2026-05-09T22,81.0,171.0,41.975,,10.45,1,1,1,0,1
2026-05-09T23,64.0,135.0,33.55,,10.675,1,1,1,0,1
2026-05-10T00,68.0,133.0,33.9,,10.0,1,1,1,0,1
2026-05-10T01,58.0,124.0,18.3,,10.075,1,1,1,0,1
2026-05-10T02,50.0,130.0,11.275,,12.25,1,1,1,0,1
2026-05-10T03,52.0,125.0,6.8,,13.9,1,1,1,0,1
2026-05-10T04,36.0,127.0,5.525,,19.05,1,1,1,0,1
2026-05-10T05,44.0,132.0,6.5,,14.775,1,1,1,0,1
2026-05-10T06,45.0,151.0,3.475,56.8,13.625,1,1,1,1,1
2026-05-10T07,36.0,107.0,1.45,60.9,12.25,1,1,1,1,1
2026-05-10T08,31.0,103.0,2.375,63.125,10.425,1,1,1,1,1
2026-05-10T09,35.0,124.0,2.725,64.55,10.575,1,1,1,1,1
2026-05-10T10,33.0,125.0,3.425,66.325,9.575,1,1,1,1,1
2026-05-10T11,35.0,147.0,5.475,68.667,9.5,1,1,1,1,1
2026-05-10T12,40.0,232.0,12.375,63.225,9.45,1,1,1,1,1
2026-05-10T13,47.0,572.0,30.275,47.025,14.825,1,1,1,1,1
2026-05-10T14,59.0,387.0,27.15,38.55,16.275,1,1,1,1,1
2026-05-10T15,52.0,197.0,21.2,38.625,9.65,1,1,1,1,1
2026-05-10T16,53.0,155.0,20.375,34.95,9.95,1,1,1,1,1
2026-05-10T17,48.0,155.0,15.4,35.875,9.375,1,1,1,1,1
2026-05-10T18,47.0,128.0,14.9,36.0,10.9,1,1,1,1,1
2026-05-10T19,63.0,117.0,20.8,31.275,9.975,1,1,1,1,1
2026-05-10T20,41.0,113.0,15.7,33.1,10.75,1,1,1,1,1
2026-05-10T21,44.0,107.0,12.75,33.025,10.25,1,1,1,1,1
2026-05-10T22,44.0,100.0,11.15,33.7,10.7,1,1,1,1,1
2026-05-10T23,51.0,102.0,17.275,27.825,12.025,1,1,1,1,1
2026-05-11T00,62.0,156.0,22.375,23.475,12.425,1,1,1,1,1
2026-05-11T01,69.0,183.0,32.525,21.225,14.175,1,1,1,1,1
2026-05-11T02,68.0,185.0,27.325,22.1,15.725,1,1,1,1,1
2026-05-11T03,64.0,169.0,15.45,32.75,16.2,1,1,1,1,1
2026-05-11T04,47.0,150.0,9.275,47.875,18.65,1,1,1,1,1
2026-05-11T05,61.0,146.0,13.325,52.325,26.475,1,1,1,1,1
2026-05-11T06,55.0,140.0,10.15,59.325,21.825,1,1,1,1,1
2026-05-11T07,57.0,162.0,7.675,62.75,14.95,1,1,1,1,1
2026-05-11T08,51.0,146.0,7.6,69.033,14.725,1,1,1,1,1
2026-05-11T09,53.0,139.0,4.325,70.875,15.075,1,1,1,1,1
2026-05-11T10,42.0,132.0,4.367,67.733,14.167,1,1,1,1,1
2026-05-11T11,47.0,150.0,6.3,69.4,13.833,1,1,1,1,1
2026-05-11T12,51.0,189.0,13.15,68.35,12.675,1,1,1,1,1
2026-05-11T13,59.0,197.0,29.925,58.55,23.95,1,1,1,1,1
2026-05-11T14,88.0,392.0,44.45,44.025,22.05,1,1,1,1,1
2026-05-11T15,92.0,278.0,69.725,22.95,20.075,1,1,1,1,1
2026-05-11T16,108.0,312.0,46.65,22.95,17.825,1,1,1,1,1
2026-05-11T17,77.0,241.0,43.2,22.4,14.275,1,1,1,1,1
2026-05-11T18,91.0,233.0,34.2,28.6,12.2,1,1,1,1,1
2026-05-11T19,79.0,189.0,25.875,30.5,11.675,1,1,1,1,1
2026-05-11T20,74.0,158.0,17.6,30.4,10.9,1,1,1,1,1
2026-05-11T21,62.0,144.0,15.525,29.25,11.6,1,1,1,1,1
2026-05-11T22,61.0,127.0,19.75,28.175,9.5,1,1,1,1,1
2026-05-11T23,55.0,133.0,36.6,15.925,8.975,1,1,1,1,1
2026-05-12T00,70.0,158.0,21.65,21.35,9.725,1,1,1,1,1
2026-05-12T01,61.0,173.0,15.4,29.8,10.25,1,1,1,1,1
2026-05-12T02,61.0,171.0,15.25,31.575,12.5,1,1,1,1,1
2026-05-12T03,66.0,178.0,13.5,38.625,15.625,1,1,1,1,1
2026-05-12T04,62.0,168.0,9.25,47.5,16.45,1,1,1,1,1
2026-05-12T05,51.0,179.0,8.425,56.0,14.55,1,1,1,1,1
2026-05-12T06,53.0,226.0,8.0,60.65,11.975,1,1,1,1,1
2026-05-12T07,42.0,305.0,10.667,55.133,10.033,1,1,1,1,1
2026-05-12T08,94.0,307.0,9.45,56.8,9.45,1,1,1,1,1
2026-05-12T09,68.0,237.0,6.6,60.1,10.367,1,1,1,1,1
2026-05-12T10,62.0,215.0,2.9,61.8,9.5,1,1,1,1,1
2026-05-12T13,55.0,311.0,20.15,38.65,10.35,1,1,1,1,1
2026-05-12T14,52.0,262.0,29.975,31.3,16.975,1,1,1,1,1
2026-05-12T15,42.0,164.0,22.525,33.35,20.525,1,1,1,1,1
2026-05-12T16,45.0,127.0,18.45,32.85,10.85,1,1,1,1,1
2026-05-12T17,52.0,124.0,28.525,24.85,9.175,1,1,1,1,1
2026-05-12T19,85.0,153.0,24.7,23.5,19.5,1,1,1,1,1
2026-05-12T20,67.0,153.0,22.967,22.2,19.367,1,1,1,1,1
2026-05-12T21,52.0,130.0,17.275,19.575,11.125,1,1,1,1,1
2026-05-12T22,66.0,123.0,27.533,16.5,9.5,1,1,1,1,1
2026-05-12T23,67.0,128.0,23.125,16.175,9.45,1,1,1,1,1
2026-05-13T00,83.0,171.0,23.85,15.925,9.325,1,1,1,1,1
2026-05-13T01,84.0,186.0,19.075,20.875,10.475,1,1,1,1,1
2026-05-13T02,80.0,174.0,22.7,27.675,11.25,1,1,1,1,1
2026-05-13T03,101.0,207.0,18.55,30.2,14.775,1,1,1,1,1
2026-05-13T04,99.0,333.0,16.9,34.5,20.033,1,1,1,1,1
2026-05-13T05,48.0,172.0,13.975,48.3,20.625,1,1,1,1,1
2026-05-13T06,45.0,166.0,10.833,57.567,23.367,1,1,1,1,1
2026-05-13T07,47.0,210.0,6.05,61.9,18.4,1,1,1,1,1
2026-05-13T08,44.0,248.0,6.975,69.1,15.925,1,1,1,1,1
2026-05-13T09,55.0,150.0,6.875,71.575,13.275,1,1,1,1,1
2026-05-13T10,45.0,138.0,4.775,76.225,12.65,1,1,1,1,1
2026-05-13T11,44.0,171.0,8.125,78.75,13.425,1,1,1,1,1
2026-05-13T12,53.0,239.0,20.825,65.75,11.725,1,1,1,1,1
2026-05-13T13,62.0,310.0,51.2,41.15,11.75,1,1,1,1,1
2026-05-13T14,79.0,246.0,50.5,26.925,11.575,1,1,1,1,1
2026-05-13T15,42.0,405.0,24.525,26.35,6.825,1,1,1,1,1
2026-05-13T16,30.0,145.0,30.5,20.9,6.35,1,1,1,1,1
2026-05-13T17,70.0,268.0,12.45,37.525,11.4,1,1,1,1,1
2026-05-13T19,24.0,73.0,29.3,27.5,13.2,1,1,1,1,1
2026-05-13T20,27.0,81.0,31.1,25.675,16.975,1,1,1,1,1
2026-05-13T21,27.0,70.0,45.475,15.45,15.175,1,1,1,1,1
2026-05-13T22,31.0,90.0,30.725,20.175,18.125,1,1,1,1,1
2026-05-13T23,42.0,84.0,39.15,16.775,13.9,1,1,1,1,1
2026-05-14T00,24.0,77.0,32.2,20.625,12.075,1,1,1,1,1
2026-05-14T01,22.0,86.0,35.925,20.875,11.85,1,1,1,1,1
2026-05-14T02,25.0,97.0,34.3,28.025,12.85,1,1,1,1,1
2026-05-14T03,27.0,111.0,27.55,41.55,13.325,1,1,1,1,1
2026-05-14T04,23.0,119.0,18.15,62.1,14.525,1,1,1,1,1
2026-05-14T05,41.0,166.0,15.025,78.075,20.25,1,1,1,1,1
2026-05-14T06,52.0,189.0,12.025,92.2,20.775,1,1,1,1,1
2026-05-14T07,48.0,208.0,11.55,103.35,23.725,1,1,1,1,1
2026-05-14T08,57.0,240.0,13.025,108.025,25.45,1,1,1,1,1
2026-05-14T09,53.0,226.0,11.95,112.675,25.375,1,1,1,1,1
2026-05-14T10,53.0,252.0,13.325,110.35,23.75,1,1,1,1,1
2026-05-14T11,53.0,273.0,15.7,96.475,22.8,1,1,1,1,1
2026-05-14T12,51.0,310.0,16.55,67.375,19.925,1,1,1,1,1
2026-05-14T13,48.0,337.0,35.725,47.4,23.35,1,1,1,1,1
2026-05-14T14,51.0,362.0,31.6,41.55,22.325,1,1,1,1,1
2026-05-14T15,52.0,248.0,30.025,36.375,15.175,1,1,1,1,1
2026-05-14T16,52.0,211.0,35.925,30.825,13.95,1,1,1,1,1
2026-05-14T17,53.0,212.0,33.833,28.733,13.267,1,1,1,1,1
2026-05-14T18,63.0,224.0,23.8,27.1,14.3,1,1,1,1,1
2026-05-14T19,57.0,279.0,13.95,35.675,13.1,1,1,1,1,1
2026-05-14T20,38.0,207.0,6.6,36.225,10.025,1,1,1,1,1
2026-05-14T21,31.0,617.0,3.7,30.825,8.575,1,1,1,1,1
2026-05-14T22,24.0,194.0,6.95,33.0,7.925,1,1,1,1,1
2026-05-14T23,19.0,83.0,12.325,35.325,10.6,1,1,1,1,1
2026-05-15T00,33.0,124.0,22.625,29.975,13.05,1,1,1,1,1
2026-05-15T01,28.0,114.0,39.3,22.825,13.725,1,1,1,1,1
2026-05-15T02,44.0,125.0,33.85,31.7,16.125,1,1,1,1,1
2026-05-15T03,156.0,167.0,25.825,47.975,23.9,1,1,1,1,1
2026-05-15T04,78.0,182.0,17.3,65.5,30.433,1,1,1,1,1
2026-05-15T05,88.0,183.0,8.625,66.25,25.55,1,1,1,1,1
2026-05-15T06,39.0,166.0,7.25,68.925,18.375,1,1,1,1,1
2026-05-15T07,124.0,129.0,8.25,76.525,14.775,1,1,1,1,1
2026-05-15T08,119.0,135.0,7.425,89.3,15.025,1,1,1,1,1
2026-05-15T09,219.0,168.0,4.1,78.4,14.45,1,1,1,1,1
2026-05-15T10,180.0,146.0,3.725,69.775,10.975,1,1,1,1,1
2026-05-15T11,40.0,171.0,4.9,74.175,11.425,1,1,1,1,1
2026-05-15T12,48.0,233.0,6.95,78.5,16.65,1,1,1,1,1
2026-05-15T13,66.0,345.0,17.075,73.8,29.75,1,1,1,1,1
2026-05-15T14,74.0,287.0,33.025,55.475,32.8,1,1,1,1,1
2026-05-15T15,86.0,243.0,48.967,34.433,31.567,1,1,1,1,1
2026-05-15T16,117.0,259.0,95.575,11.625,28.975,1,1,1,1,1
2026-05-15T17,119.0,348.0,74.25,20.125,29.75,1,1,1,1,1
2026-05-15T19,73.0,168.0,69.8,10.9,15.9,1,1,1,1,1
2026-05-15T20,74.0,186.0,84.9,6.275,13.725,1,1,1,1,1
2026-05-15T21,75.0,191.0,99.825,0.8,13.9,1,1,1,1,1
2026-05-15T22,110.0,229.0,61.85,14.25,18.55,1,1,1,1,1
2026-05-15T23,101.0,212.0,50.275,18.125,20.8,1,1,1,1,1
2026-05-16T00,106.0,212.0,76.2,9.825,23.225,1,1,1,1,1
2026-05-16T01,112.0,252.0,74.925,16.0,32.85,1,1,1,1,1
2026-05-16T02,102.0,205.0,54.75,40.95,42.9,1,1,1,1,1
2026-05-16T03,89.0,208.0,24.4,66.425,31.1,1,1,1,1,1
2026-05-16T04,63.0,149.0,15.025,81.725,23.875,1,1,1,1,1
2026-05-16T05,47.0,174.0,15.65,88.225,19.475,1,1,1,1,1
2026-05-16T06,55.0,149.0,10.325,85.225,22.575,1,1,1,1,1
2026-05-16T07,39.0,139.0,6.375,77.75,14.625,1,1,1,1,1
2026-05-16T08,36.0,132.0,4.425,67.375,9.025,1,1,1,1,1
2026-05-16T09,39.0,123.0,6.05,62.625,7.375,1,1,1,1,1
2026-05-16T10,19.0,125.0,6.7,58.775,6.9,1,1,1,1,1
2026-05-16T11,23.0,127.0,9.05,60.4,8.425,1,1,1,1,1
2026-05-16T12,28.0,152.0,19.7,51.7,7.55,1,1,1,1,1
2026-05-16T13,34.0,205.0,56.2,30.525,8.425,1,1,1,1,1
2026-05-16T14,44.0,213.0,91.675,14.3,11.175,1,1,1,1,1
2026-05-16T15,59.0,254.0,97.2,8.0,15.125,1,1,1,1,1
2026-05-16T16,78.0,282.0,106.825,5.725,17.725,1,1,1,1,1
2026-05-16T17,78.0,295.0,60.2,20.55,15.675,1,1,1,1,1
2026-05-16T18,61.0,255.0,71.6,14.4,18.5,1,1,1,1,1
2026-05-16T19,77.0,243.0,78.45,9.15,18.55,1,1,1,1,1
2026-05-16T20,69.0,233.0,73.225,8.925,17.65,1,1,1,1,1
2026-05-16T21,62.0,204.0,55.775,13.925,16.55,1,1,1,1,1
2026-05-16T22,59.0,195.0,77.35,4.1,17.325,1,1,1,1,1
2026-05-16T23,70.0,197.0,76.075,4.5,24.25,1,1,1,1,1
2026-05-17T00,79.0,207.0,77.725,6.15,34.775,1,1,1,1,1
2026-05-17T01,84.0,218.0,75.7,12.475,39.95,1,1,1,1,1
2026-05-17T02,91.0,259.0,29.775,47.95,39.05,1,1,1,1,1
2026-05-17T03,80.0,216.0,16.25,63.667,33.25,1,1,1,1,1
2026-05-17T04,62.0,185.0,13.325,75.9,26.725,1,1,1,1,1
2026-05-17T05,57.0,175.0,10.575,73.25,22.775,1,1,1,1,1
2026-05-17T06,44.0,195.0,9.025,66.85,20.45,1,1,1,1,1
2026-05-17T07,42.0,199.0,8.175,60.6,18.5,1,1,1,1,1
2026-05-17T08,34.0,249.0,5.8,49.625,13.6,1,1,1,1,1
2026-05-17T09,33.0,254.0,4.025,49.1,11.85,1,1,1,1,1
2026-05-17T10,30.0,261.0,6.4,48.9,11.4,1,1,1,1,1
2026-05-17T11,34.0,196.0,13.4,51.525,13.5,1,1,1,1,1
2026-05-17T12,30.0,208.0,20.4,51.375,14.525,1,1,1,1,1
2026-05-17T13,45.0,355.0,34.775,42.925,14.375,1,1,1,1,1
2026-05-17T14,47.0,278.0,65.9,25.825,13.625,1,1,1,1,1
2026-05-17T15,67.0,285.0,84.475,13.675,15.975,1,1,1,1,1
2026-05-17T16,74.0,318.0,55.9,19.35,14.575,1,1,1,1,1
2026-05-17T17,64.0,277.0,48.575,19.6,12.675,1,1,1,1,1
2026-05-17T18,46.0,237.0,67.1,10.3,9.7,1,1,1,1,1
2026-05-17T19,50.0,235.0,52.175,14.975,10.125,1,1,1,1,1
2026-05-17T20,44.0,196.0,40.975,20.625,10.525,1,1,1,1,1
2026-05-17T21,36.0,164.0,38.275,21.025,12.95,1,1,1,1,1
2026-05-17T22,45.0,162.0,46.325,15.325,16.2,1,1,1,1,1
2026-05-17T23,50.0,164.0,58.3,7.325,17.575,1,1,1,1,1
2026-05-18T00,79.0,227.0,65.275,3.125,32.75,1,1,1,1,1
2026-05-18T01,103.0,283.0,60.2,9.375,30.525,1,1,1,1,1
2026-05-18T02,90.0,284.0,50.2,27.725,32.125,1,1,1,1,1
2026-05-18T03,84.0,285.0,21.75,55.575,30.325,1,1,1,1,1
2026-05-18T04,55.0,234.0,13.125,62.467,20.25,1,1,1,1,1
2026-05-18T05,41.0,189.0,12.625,70.833,18.4,1,1,1,1,1
2026-05-18T06,40.0,191.0,13.2,106.5,22.65,1,1,1,1,1
2026-05-18T07,18.0,180.0,23.533,118.6,9.5,1,1,1,1,1
2026-05-18T08,25.0,164.0,18.0,,7.125,1,1,1,0,1
2026-05-18T09,27.0,168.0,14.175,94.625,9.425,1,1,1,1,1
2026-05-18T10,28.0,195.0,58.5,62.467,8.425,1,1,1,1,1
2026-05-18T11,33.0,208.0,86.1,53.925,9.3,1,1,1,1,1
2026-05-18T12,25.0,226.0,,41.15,5.1,1,1,0,1,1
2026-05-18T13,34.0,233.0,99.65,22.4,6.05,1,1,1,1,1
2026-05-18T14,52.0,268.0,116.7,6.175,9.325,1,1,1,1,1
2026-05-18T15,69.0,343.0,83.375,6.4,10.45,1,1,1,1,1
2026-05-18T16,53.0,345.0,55.675,13.675,17.7,1,1,1,1,1
2026-05-18T17,48.0,271.0,57.8,9.633,16.0,1,1,1,1,1
2026-05-18T18,44.0,263.0,70.1,4.0,11.6,1,1,1,1,1
2026-05-18T19,50.0,274.0,68.175,3.875,12.525,1,1,1,1,1
2026-05-18T20,48.0,233.0,66.425,3.4,16.175,1,1,1,1,1
2026-05-18T21,57.0,263.0,68.025,3.05,20.4,1,1,1,1,1
2026-05-18T22,57.0,245.0,66.2,3.45,17.8,1,1,1,1,1
2026-05-18T23,50.0,248.0,61.55,2.775,18.475,1,1,1,1,1
2026-05-19T00,62.0,288.0,57.125,3.875,23.225,1,1,1,1,1
2026-05-19T01,78.0,354.0,65.275,7.675,29.325,1,1,1,1,1
2026-05-19T02,84.0,332.0,53.0,19.9,36.25,1,1,1,1,1
2026-05-19T03,77.0,328.0,27.025,84.975,24.65,1,1,1,1,1
2026-05-19T04,45.0,362.0,18.775,113.75,14.6,1,1,1,1,1
2026-05-19T05,46.0,313.0,8.067,115.433,9.8,1,1,1,1,1
2026-05-19T06,44.0,313.0,4.6,132.325,7.575,1,1,1,1,1
2026-05-19T07,28.0,224.0,2.667,134.7,7.225,1,1,1,1,1
2026-05-19T08,27.0,172.0,3.55,137.35,4.95,1,1,1,1,1
2026-05-19T09,20.0,125.0,2.867,148.2,3.525,1,1,1,1,1
2026-05-19T10,24.0,149.0,7.675,148.175,4.95,1,1,1,1,1
2026-05-19T11,23.0,156.0,13.45,136.925,5.425,1,1,1,1,1
2026-05-19T12,22.0,143.0,32.45,108.65,3.125,1,1,1,1,1
2026-05-19T13,23.0,173.0,64.35,52.65,5.975,1,1,1,1,1
2026-05-19T14,45.0,227.0,102.633,7.1,8.1,1,1,1,1,1
2026-05-19T15,66.0,300.0,108.35,3.3,10.925,1,1,1,1,1
2026-05-19T16,85.0,301.0,106.1,3.35,14.25,1,1,1,1,1
2026-05-19T17,78.0,278.0,93.625,3.375,21.85,1,1,1,1,1
2026-05-19T18,72.0,256.0,82.8,1.7,24.9,1,1,1,1,1
2026-05-19T19,58.0,227.0,78.15,2.925,18.8,1,1,1,1,1
2026-05-19T20,48.0,196.0,73.1,3.25,16.2,1,1,1,1,1
2026-05-19T21,44.0,186.0,66.275,3.875,15.925,1,1,1,1,1
2026-05-19T22,39.0,161.0,65.4,2.95,14.625,1,1,1,1,1
2026-05-19T23,42.0,156.0,43.25,13.5,18.25,1,1,1,1,1
2026-05-20T00,45.0,178.0,45.6,12.65,19.8,1,1,1,1,1
2026-05-20T01,41.0,215.0,47.35,25.05,24.4,1,1,1,1,1
2026-05-20T02,67.0,246.0,23.525,73.075,28.825,1,1,1,1,1
2026-05-20T03,55.0,233.0,15.9,124.15,22.275,1,1,1,1,1
2026-05-20T04,56.0,262.0,15.55,147.2,15.4,1,1,1,1,1
2026-05-20T05,39.0,271.0,14.2,133.8,,1,1,1,1,0
2026-05-20T06,33.0,201.0,12.167,146.8,,1,1,1,1,0
2026-05-20T07,24.0,172.0,12.7,146.167,5.367,1,1,1,1,1
2026-05-20T08,31.0,136.0,13.133,83.425,4.333,1,1,1,1,1
2026-05-20T09,23.0,130.0,,85.25,,1,1,0,1,0
2026-05-20T10,16.0,127.0,20.225,79.65,4.475,1,1,1,1,1
2026-05-20T11,18.0,121.0,24.05,71.133,2.85,1,1,1,1,1
2026-05-20T12,18.0,128.0,37.775,57.033,5.1,1,1,1,1,1
2026-05-20T13,22.0,157.0,88.725,23.425,7.85,1,1,1,1,1
2026-05-20T14,40.0,179.0,123.2,3.9,10.05,1,1,1,1,1
2026-05-20T15,56.0,211.0,118.925,4.15,11.875,1,1,1,1,1
2026-05-20T16,64.0,234.0,107.325,4.3,11.45,1,1,1,1,1
2026-05-20T17,52.0,218.0,93.45,4.325,11.1,1,1,1,1,1
2026-05-20T18,36.0,191.0,86.9,4.3,11.1,1,1,1,1,1
2026-05-20T19,38.0,201.0,79.333,5.833,9.4,1,1,1,1,1
2026-05-20T20,24.0,180.0,73.85,6.475,9.825,1,1,1,1,1
2026-05-20T21,24.0,153.0,72.75,5.875,11.175,1,1,1,1,1
2026-05-20T22,28.0,145.0,54.667,9.9,11.767,1,1,1,1,1
2026-05-20T23,28.0,149.0,62.75,7.7,12.375,1,1,1,1,1
2026-05-21T00,29.0,185.0,52.5,11.7,15.7,1,1,1,1,1
2026-05-21T01,35.0,276.0,38.65,17.825,18.1,1,1,1,1,1
2026-05-21T02,39.0,312.0,38.85,23.85,16.85,1,1,1,1,1
2026-05-21T03,50.0,399.0,20.825,43.575,13.4,1,1,1,1,1
2026-05-21T04,52.0,633.0,18.225,49.675,11.8,1,1,1,1,1
2026-05-21T05,53.0,517.0,16.25,58.4,12.625,1,1,1,1,1
2026-05-21T06,51.0,440.0,14.625,63.35,11.0,1,1,1,1,1
2026-05-21T07,50.0,412.0,15.3,65.025,10.35,1,1,1,1,1
2026-05-21T08,47.0,388.0,16.267,68.933,9.8,1,1,1,1,1
2026-05-21T09,42.0,346.0,20.275,68.925,10.65,1,1,1,1,1
2026-05-21T10,40.0,299.0,16.85,69.033,10.875,1,1,1,1,1
2026-05-21T11,31.0,254.0,25.925,61.25,10.025,1,1,1,1,1
2026-05-21T12,35.0,255.0,44.125,47.3,10.025,1,1,1,1,1
2026-05-21T13,35.0,274.0,70.325,27.075,10.325,1,1,1,1,1
2026-05-21T14,38.0,266.0,105.125,4.775,12.225,1,1,1,1,1
2026-05-21T15,46.0,296.0,98.1,4.45,11.775,1,1,1,1,1
2026-05-21T16,45.0,268.0,91.425,4.625,12.15,1,1,1,1,1
2026-05-21T17,36.0,219.0,60.55,16.6,10.875,1,1,1,1,1
2026-05-21T18,28.0,186.0,47.8,21.7,13.1,1,1,1,1,1
2026-05-21T19,29.0,157.0,70.3,14.425,12.225,1,1,1,1,1
2026-05-21T20,23.0,147.0,40.45,25.725,13.2,1,1,1,1,1
2026-05-21T21,27.0,119.0,33.325,28.15,12.6,1,1,1,1,1
2026-05-21T22,19.0,138.0,53.133,15.833,12.267,1,1,1,1,1
2026-05-21T23,34.0,145.0,53.45,13.1,18.05,1,1,1,1,1
2026-05-22T00,34.0,151.0,66.4,10.05,20.375,1,1,1,1,1
2026-05-22T01,36.0,205.0,49.575,20.55,18.625,1,1,1,1,1
2026-05-22T02,34.0,226.0,38.825,31.85,20.4,1,1,1,1,1
2026-05-22T03,36.0,244.0,44.825,48.2,20.6,1,1,1,1,1
2026-05-22T04,44.0,272.0,49.2,66.4,22.7,1,1,1,1,1
2026-05-22T06,52.0,272.0,21.4,116.325,26.175,1,1,1,1,1
2026-05-22T07,61.0,307.0,15.925,113.475,22.125,1,1,1,1,1
2026-05-22T08,39.0,224.0,13.833,97.333,16.633,1,1,1,1,1
2026-05-22T09,34.0,199.0,15.375,95.875,15.925,1,1,1,1,1
2026-05-22T10,40.0,240.0,14.975,97.125,16.35,1,1,1,1,1
2026-05-22T11,35.0,301.0,15.75,107.5,16.55,1,1,1,1,1
2026-05-22T12,66.0,355.0,22.1,105.975,18.95,1,1,1,1,1
2026-05-22T13,70.0,472.0,29.575,84.15,18.7,1,1,1,1,1
2026-05-22T14,88.0,459.0,26.225,62.133,21.625,1,1,1,1,1
2026-05-22T15,42.0,261.0,23.1,53.1,19.25,1,1,1,1,1
2026-05-22T16,41.0,230.0,30.45,40.9,18.475,1,1,1,1,1
2026-05-22T17,48.0,224.0,39.175,30.775,20.325,1,1,1,1,1
2026-05-22T19,35.0,178.0,34.3,31.0,16.3,1,1,1,1,1
2026-05-22T20,47.0,175.0,36.45,32.475,16.625,1,1,1,1,1
2026-05-22T21,36.0,171.0,53.85,21.925,16.575,1,1,1,1,1
2026-05-22T22,52.0,193.0,78.65,7.975,17.125,1,1,1,1,1
2026-05-22T23,59.0,215.0,72.275,4.85,33.075,1,1,1,1,1
2026-05-23T00,116.0,309.0,67.15,7.525,46.125,1,1,1,1,1
2026-05-23T01,94.0,309.0,64.0,16.525,34.45,1,1,1,1,1
2026-05-23T02,79.0,310.0,48.425,38.825,33.625,1,1,1,1,1
2026-05-23T03,73.0,412.0,28.3,48.3,19.2,1,1,1,1,1
2026-05-23T04,25.0,246.0,26.675,57.825,16.4,1,1,1,1,1
2026-05-23T05,20.0,132.0,21.525,73.15,14.675,1,1,1,1,1
2026-05-23T06,30.0,197.0,17.3,81.175,18.05,1,1,1,1,1
2026-05-23T07,34.0,213.0,14.6,93.5,23.525,1,1,1,1,1
2026-05-23T08,42.0,205.0,13.175,92.85,21.85,1,1,1,1,1
2026-05-23T09,45.0,378.0,12.633,86.167,18.767,1,1,1,1,1
2026-05-23T10,45.0,447.0,15.675,85.35,19.05,1,1,1,1,1
2026-05-23T11,38.0,318.0,19.075,77.225,17.35,1,1,1,1,1
2026-05-23T12,36.0,243.0,38.975,61.125,17.25,1,1,1,1,1
2026-05-23T13,38.0,255.0,48.175,40.4,16.075,1,1,1,1,1
2026-05-23T14,39.0,305.0,72.05,21.3,15.175,1,1,1,1,1
2026-05-23T15,48.0,288.0,98.775,5.0,15.025,1,1,1,1,1
2026-05-23T16,51.0,295.0,90.675,4.325,13.95,1,1,1,1,1
2026-05-23T17,45.0,249.0,64.45,10.0,13.7,1,1,1,1,1
2026-05-23T19,48.0,234.0,80.6,4.2,17.3,1,1,1,1,1
2026-05-23T20,56.0,259.0,79.95,4.3,18.825,1,1,1,1,1
2026-05-23T21,50.0,246.0,80.3,4.325,22.575,1,1,1,1,1
2026-05-23T22,57.0,260.0,68.325,4.9,23.75,1,1,1,1,1
2026-05-23T23,67.0,245.0,54.325,8.675,26.2,1,1,1,1,1
2026-05-24T00,85.0,252.0,54.1,11.9,36.725,1,1,1,1,1
2026-05-24T01,79.0,285.0,46.1,19.7,27.0,1,1,1,1,1
2026-05-24T02,62.0,260.0,49.1,34.167,23.667,1,1,1,1,1
2026-05-24T03,68.0,343.0,42.275,59.7,28.7,1,1,1,1,1
2026-05-24T04,69.0,291.0,28.05,85.425,25.525,1,1,1,1,1
2026-05-24T05,51.0,273.0,19.025,90.7,20.225,1,1,1,1,1
2026-05-24T06,30.0,186.0,16.225,86.575,19.3,1,1,1,1,1
2026-05-24T07,48.0,167.0,14.125,83.1,17.225,1,1,1,1,1
2026-05-24T08,28.0,169.0,15.475,83.1,14.425,1,1,1,1,1
2026-05-24T09,28.0,171.0,15.175,81.775,13.825,1,1,1,1,1
2026-05-24T10,35.0,173.0,15.025,78.975,14.325,1,1,1,1,1
2026-05-24T11,29.0,167.0,20.7,75.7,15.05,1,1,1,1,1
2026-05-24T12,28.0,212.0,25.65,70.225,17.15,1,1,1,1,1
2026-05-24T13,25.0,186.0,35.233,52.333,14.9,1,1,1,1,1
2026-05-24T14,69.0,567.0,76.95,32.575,18.525,1,1,1,1,1
2026-05-24T15,72.0,351.0,101.8,13.775,19.475,1,1,1,1,1
2026-05-24T16,75.0,302.0,107.625,7.65,20.525,1,1,1,1,1
2026-05-24T17,79.0,328.0,94.325,8.075,20.275,1,1,1,1,1
2026-05-24T18,81.0,301.0,76.2,12.6,19.3,1,1,1,1,1
2026-05-24T19,63.0,283.0,78.125,7.675,18.1,1,1,1,1,1
2026-05-24T20,48.0,284.0,41.375,18.625,15.65,1,1,1,1,1
2026-05-24T21,31.0,293.0,43.75,15.2,14.65,1,1,1,1,1
2026-05-24T22,34.0,288.0,50.2,8.25,18.45,1,1,1,1,1
2026-05-24T23,42.0,294.0,37.025,12.75,19.6,1,1,1,1,1
2026-05-25T00,56.0,368.0,36.6,14.025,19.275,1,1,1,1,1
2026-05-25T01,56.0,372.0,32.775,18.625,19.2,1,1,1,1,1
2026-05-25T02,50.0,340.0,24.575,26.575,20.175,1,1,1,1,1
2026-05-25T03,58.0,357.0,25.725,32.025,23.45,1,1,1,1,1
2026-05-25T04,48.0,436.0,15.633,40.2,19.233,1,1,1,1,1
2026-05-25T05,58.0,448.0,16.0,50.7,20.5,1,1,1,1,1
2026-05-25T07,61.0,433.0,14.425,74.075,20.25,1,1,1,1,1
2026-05-25T08,68.0,417.0,14.675,67.425,18.8,1,1,1,1,1
2026-05-25T09,64.0,414.0,14.033,65.0,15.5,1,1,1,1,1
2026-05-25T10,47.0,399.0,19.8,59.225,16.075,1,1,1,1,1
2026-05-25T11,50.0,374.0,23.933,54.167,15.333,1,1,1,1,1
2026-05-25T12,56.0,381.0,43.025,41.2,13.75,1,1,1,1,1
2026-05-25T13,66.0,416.0,51.875,36.425,13.7,1,1,1,1,1
2026-05-25T14,53.0,407.0,82.925,18.25,12.5,1,1,1,1,1
2026-05-25T15,74.0,383.0,110.725,4.25,14.85,1,1,1,1,1
2026-05-25T16,85.0,444.0,105.85,4.2,17.125,1,1,1,1,1
2026-05-25T17,90.0,486.0,91.1,8.45,19.35,1,1,1,1,1
2026-05-25T18,132.0,533.0,46.8,37.3,40.2,1,1,1,1,1
2026-05-25T19,217.0,497.0,87.775,7.875,31.375,1,1,1,1,1
2026-05-25T20,132.0,417.0,68.6,19.4,30.125,1,1,1,1,1
2026-05-25T21,85.0,311.0,71.075,18.2,28.125,1,1,1,1,1
2026-05-25T22,85.0,269.0,52.2,21.85,25.775,1,1,1,1,1
2026-05-25T23,68.0,221.0,65.05,18.275,23.15,1,1,1,1,1
2026-05-26T00,77.0,234.0,81.875,12.85,25.4,1,1,1,1,1
2026-05-26T01,78.0,273.0,74.175,29.725,39.375,1,1,1,1,1
2026-05-26T02,107.0,298.0,54.325,63.7,51.05,1,1,1,1,1
2026-05-26T03,106.0,334.0,48.9,78.467,40.1,1,1,1,1,1
2026-05-26T05,42.0,213.0,18.733,107.7,19.233,1,1,1,1,1
2026-05-26T06,34.0,208.0,15.2,142.35,15.0,1,1,1,1,1
2026-05-26T07,19.0,156.0,14.133,63.925,7.3,1,1,1,1,1
2026-05-26T08,25.0,190.0,11.8,66.225,8.45,1,1,1,1,1
2026-05-26T09,24.0,156.0,13.9,65.45,5.3,1,1,1,1,1
2026-05-26T10,20.0,178.0,13.75,65.275,6.35,1,1,1,1,1
2026-05-26T11,25.0,158.0,15.45,63.433,6.7,1,1,1,1,1
2026-05-26T12,19.0,139.0,27.325,56.7,5.1,1,1,1,1,1
2026-05-26T13,33.0,221.0,55.9,36.275,7.95,1,1,1,1,1
2026-05-26T14,42.0,259.0,80.2,18.433,10.4,1,1,1,1,1
2026-05-26T15,53.0,291.0,85.8,16.0,9.1,1,1,1,1,1
2026-05-26T16,73.0,333.0,86.025,17.025,12.5,1,1,1,1,1
2026-05-26T17,59.0,250.0,48.6,31.325,14.025,1,1,1,1,1
2026-05-26T18,46.0,206.0,60.7,21.5,8.3,1,1,1,1,1
2026-05-26T19,47.0,189.0,75.375,10.925,8.7,1,1,1,1,1
2026-05-26T20,55.0,189.0,98.775,2.3,7.925,1,1,1,1,1
2026-05-26T21,51.0,194.0,106.2,0.5,10.075,1,1,1,1,1
2026-05-26T22,64.0,218.0,98.2,0.575,20.1,1,1,1,1,1
2026-05-26T23,58.0,232.0,95.2,0.875,21.9,1,1,1,1,1
2026-05-27T00,89.0,266.0,89.4,3.9,23.1,1,1,1,1,1
2026-05-27T01,116.0,318.0,87.825,13.925,27.475,1,1,1,1,1
2026-05-27T02,122.0,321.0,72.1,38.6,32.0,1,1,1,1,1
2026-05-27T03,118.0,312.0,58.15,67.525,39.125,1,1,1,1,1
2026-05-27T04,97.0,312.0,26.95,83.35,30.425,1,1,1,1,1
2026-05-27T05,73.0,254.0,18.65,84.975,22.775,1,1,1,1,1
2026-05-27T06,55.0,200.0,16.133,75.967,13.567,1,1,1,1,1
2026-05-27T07,29.0,140.0,16.5,75.2,11.4,1,1,1,1,1
2026-05-27T12,27.0,221.0,31.4,54.925,6.575,1,1,1,1,1
2026-05-27T13,27.0,202.0,69.975,35.225,7.0,1,1,1,1,1
2026-05-27T14,44.0,234.0,108.375,12.6,8.45,1,1,1,1,1
2026-05-27T15,67.0,276.0,135.475,0.05,10.575,1,1,1,1,1
2026-05-27T16,72.0,289.0,134.35,0.6,11.925,1,1,1,1,1
2026-05-27T17,101.0,438.0,138.225,0.825,19.0,1,1,1,1,1
2026-05-27T18,135.0,460.0,84.9,12.2,18.8,1,1,1,1,1
2026-05-27T19,112.0,345.0,68.225,17.125,17.375,1,1,1,1,1
2026-05-27T20,108.0,268.0,69.8,20.45,16.7,1,1,1,1,1
2026-05-27T21,86.0,250.0,32.3,40.925,17.025,1,1,1,1,1
2026-05-27T22,64.0,196.0,31.0,40.7,19.4,1,1,1,1,1
2026-05-27T23,78.0,210.0,38.45,31.775,21.2,1,1,1,1,1
2026-05-28T00,94.0,310.0,24.65,28.175,17.925,1,1,1,1,1
2026-05-28T01,90.0,309.0,23.225,21.25,12.35,1,1,1,1,1
2026-05-28T02,75.0,268.0,20.15,22.2,9.225,1,1,1,1,1
2026-05-28T03,75.0,255.0,17.85,26.625,8.8,1,1,1,1,1
2026-05-28T04,63.0,251.0,17.15,30.125,7.725,1,1,1,1,1
2026-05-28T05,64.0,283.0,15.75,33.275,7.85,1,1,1,1,1
2026-05-28T06,61.0,248.0,14.575,37.55,7.8,1,1,1,1,1
2026-05-28T07,61.0,248.0,11.625,41.8,8.875,1,1,1,1,1
2026-05-28T08,58.0,226.0,11.8,44.725,8.95,1,1,1,1,1
2026-05-28T09,45.0,204.0,11.5,46.775,7.5,1,1,1,1,1
2026-05-28T10,41.0,215.0,14.75,46.55,7.25,1,1,1,1,1
2026-05-28T11,46.0,267.0,19.667,41.367,6.4,1,1,1,1,1
2026-05-28T12,51.0,272.0,18.4,39.1,5.6,1,1,1,1,1
2026-05-28T13,55.0,372.0,21.55,23.7,6.25,1,1,1,1,1
2026-05-28T14,53.0,136.0,25.05,21.55,6.5,1,1,1,1,1
2026-05-28T17,16.0,79.0,30.725,20.65,5.95,1,1,1,1,1
2026-05-28T18,12.0,52.0,31.0,19.3,7.5,1,1,1,1,1
2026-05-28T19,14.0,57.0,32.45,18.7,6.7,1,1,1,1,1
2026-05-28T20,18.0,61.0,20.225,20.475,7.825,1,1,1,1,1
2026-05-28T21,33.0,234.0,11.925,26.25,8.375,1,1,1,1,1
2026-05-28T22,28.0,186.0,16.95,26.45,7.9,1,1,1,1,1
2026-05-28T23,30.0,117.0,24.575,23.85,9.875,1,1,1,1,1
2026-05-29T00,27.0,134.0,14.2,26.225,12.5,1,1,1,1,1
2026-05-29T01,33.0,157.0,15.925,25.8,10.2,1,1,1,1,1
2026-05-29T02,31.0,168.0,11.9,28.15,8.675,1,1,1,1,1
2026-05-29T03,28.0,172.0,14.275,31.3,7.85,1,1,1,1,1
2026-05-29T04,28.0,127.0,14.0,34.325,8.55,1,1,1,1,1
2026-05-29T05,30.0,122.0,12.25,39.975,8.6,1,1,1,1,1
2026-05-29T06,30.0,122.0,14.1,42.8,8.0,1,1,1,1,1
2026-05-29T07,30.0,118.0,12.4,51.833,10.6,1,1,1,1,1
2026-05-29T08,31.0,106.0,12.3,53.8,10.0,1,1,1,1,1
2026-05-29T10,23.0,100.0,16.025,52.7,8.975,1,1,1,1,1
2026-05-29T11,20.0,107.0,23.625,45.975,9.225,1,1,1,1,1
2026-05-29T12,27.0,135.0,24.675,39.425,7.925,1,1,1,1,1
2026-05-29T13,28.0,186.0,29.5,37.2,7.75,1,1,1,1,1
2026-05-29T14,19.0,215.0,21.525,39.725,7.975,1,1,1,1,1
2026-05-29T15,11.0,75.0,21.475,39.1,6.975,1,1,1,1,1
2026-05-29T16,6.0,51.0,20.9,37.9,6.85,1,1,1,1,1
2026-05-29T17,2.0,55.0,30.175,30.075,5.925,1,1,1,1,1
2026-05-29T18,7.0,62.0,18.4,35.2,7.4,1,1,1,1,1
2026-05-29T19,5.0,46.0,14.6,33.3,8.0,1,1,1,1,1
2026-05-29T20,5.0,39.0,11.45,31.775,8.525,1,1,1,1,1
2026-05-29T21,6.0,42.0,13.225,29.75,8.25,1,1,1,1,1
2026-05-29T22,8.0,35.0,11.525,28.475,8.175,1,1,1,1,1
2026-05-29T23,19.0,45.0,16.3,24.2,7.675,1,1,1,1,1
2026-05-30T00,14.0,77.0,18.625,22.85,7.775,1,1,1,1,1
2026-05-30T01,16.0,97.0,19.425,24.5,8.25,1,1,1,1,1
2026-05-30T02,19.0,123.0,19.75,31.975,9.95,1,1,1,1,1
2026-05-30T03,19.0,122.0,17.4,41.5,11.375,1,1,1,1,1
2026-05-30T04,14.0,99.0,13.975,47.75,12.825,1,1,1,1,1
2026-05-30T05,19.0,101.0,10.725,51.15,10.5,1,1,1,1,1
2026-05-30T06,25.0,100.0,8.9,52.0,9.775,1,1,1,1,1
2026-05-30T07,17.0,95.0,9.425,54.825,9.15,1,1,1,1,1
2026-05-30T08,17.0,80.0,9.533,60.467,7.833,1,1,1,1,1
2026-05-30T09,18.0,113.0,7.9,63.95,4.8,1,1,1,1,1
2026-05-30T10,20.0,83.0,52.975,39.725,4.85,1,1,1,1,1
2026-05-30T11,46.0,486.0,17.475,20.375,4.425,1,1,1,1,1
2026-05-30T12,19.0,103.0,27.475,27.4,6.0,1,1,1,1,1
2026-05-30T13,35.0,163.0,55.125,12.975,7.25,1,1,1,1,1
2026-05-30T14,83.0,155.0,48.875,10.975,6.675,1,1,1,1,1
2026-05-30T15,39.0,143.0,39.275,13.7,4.425,1,1,1,1,1
2026-05-30T16,62.0,173.0,23.975,19.6,4.8,1,1,1,1,1
2026-05-30T17,29.0,100.0,17.225,25.75,5.2,1,1,1,1,1
2026-05-30T18,23.0,69.0,11.1,30.4,2.3,1,1,1,1,1
2026-05-30T19,16.0,50.0,17.6,28.775,1.375,1,1,1,1,1
2026-05-30T20,8.0,40.0,25.875,22.3,1.875,1,1,1,1,1
2026-05-30T21,11.0,52.0,28.425,15.125,2.075,1,1,1,1,1
2026-05-30T22,16.0,53.0,13.925,21.025,2.075,1,1,1,1,1
2026-05-30T23,28.0,52.0,14.5,21.875,2.425,1,1,1,1,1
2026-05-31T00,12.0,50.0,21.3,16.425,2.7,1,1,1,1,1
2026-05-31T01,25.0,73.0,19.875,19.975,3.025,1,1,1,1,1
2026-05-31T02,13.0,50.0,12.425,24.025,4.5,1,1,1,1,1
2026-05-31T03,19.0,69.0,12.05,27.275,3.975,1,1,1,1,1
2026-05-31T04,18.0,64.0,11.3,35.45,4.7,1,1,1,1,1
2026-05-31T05,20.0,66.0,9.975,42.25,4.475,1,1,1,1,1
2026-05-31T06,24.0,77.0,10.825,49.375,4.175,1,1,1,1,1
2026-05-31T07,24.0,88.0,9.9,53.625,4.125,1,1,1,1,1
2026-05-31T08,24.0,94.0,9.575,57.1,3.3,1,1,1,1,1
2026-05-31T09,27.0,85.0,13.9,53.35,3.775,1,1,1,1,1
2026-05-31T10,27.0,130.0,15.6,50.325,3.025,1,1,1,1,1
2026-05-31T11,24.0,118.0,16.725,47.55,3.3,1,1,1,1,1
2026-05-31T12,22.0,144.0,17.2,43.775,3.6,1,1,1,1,1
2026-05-31T13,27.0,205.0,24.7,37.65,4.2,1,1,1,1,1
2026-05-31T14,17.0,183.0,24.05,34.9,6.175,1,1,1,1,1
2026-05-31T15,24.0,106.0,19.325,33.775,5.875,1,1,1,1,1
2026-05-31T16,24.0,73.0,29.975,24.35,4.225,1,1,1,1,1
2026-05-31T17,25.0,99.0,37.75,16.225,2.975,1,1,1,1,1
2026-05-31T18,31.0,85.0,36.0,13.7,2.3,1,1,1,1,1
2026-05-31T19,30.0,79.0,29.975,16.575,4.7,1,1,1,1,1
2026-05-31T20,28.0,68.0,31.35,13.925,7.45,1,1,1,1,1
2026-05-31T21,23.0,77.0,31.45,10.3,8.0,1,1,1,1,1
2026-05-31T22,35.0,112.0,20.125,13.675,6.9,1,1,1,1,1
2026-05-31T23,39.0,89.0,20.9,14.0,6.7,1,1,1,1,1
2026-06-01T00,39.0,96.0,26.65,14.9,6.075,1,1,1,1,1
2026-06-01T01,38.0,152.0,20.275,20.325,6.1,1,1,1,1,1
2026-06-01T02,40.0,122.0,16.475,26.725,6.55,1,1,1,1,1
2026-06-01T03,33.0,110.0,17.125,36.525,7.125,1,1,1,1,1
2026-06-01T04,34.0,124.0,14.725,48.05,8.075,1,1,1,1,1
2026-06-01T05,30.0,103.0,10.975,51.575,7.475,1,1,1,1,1
2026-06-01T06,24.0,84.0,9.75,58.375,7.2,1,1,1,1,1
2026-06-01T07,28.0,84.0,9.375,63.95,7.675,1,1,1,1,1
2026-06-01T08,24.0,79.0,8.65,63.425,6.475,1,1,1,1,1
2026-06-01T09,25.0,88.0,8.725,64.975,5.8,1,1,1,1,1
2026-06-01T10,22.0,95.0,8.633,66.433,5.367,1,1,1,1,1
2026-06-01T11,25.0,94.0,11.275,65.45,3.95,1,1,1,1,1
2026-06-01T12,33.0,146.0,14.8,60.675,4.625,1,1,1,1,1
2026-06-01T13,34.0,279.0,21.025,52.325,5.4,1,1,1,1,1
2026-06-01T14,33.0,313.0,30.275,43.425,4.95,1,1,1,1,1
2026-06-01T15,24.0,162.0,32.275,37.075,5.075,1,1,1,1,1
2026-06-01T16,38.0,123.0,31.925,35.325,5.2,1,1,1,1,1
2026-06-01T17,30.0,119.0,34.925,27.675,5.8,1,1,1,1,1
2026-06-01T18,44.0,130.0,26.8,25.9,8.1,1,1,1,1,1
2026-06-01T19,51.0,132.0,27.925,25.5,8.2,1,1,1,1,1
2026-06-01T20,39.0,113.0,26.675,25.825,7.75,1,1,1,1,1
2026-06-01T21,34.0,99.0,24.35,26.825,7.725,1,1,1,1,1
2026-06-01T22,38.0,95.0,30.65,19.175,7.35,1,1,1,1,1
2026-06-01T23,46.0,122.0,21.733,19.367,8.533,1,1,1,1,1
2026-06-02T00,41.0,118.0,22.6,18.75,8.5,1,1,1,1,1
2026-06-02T01,42.0,210.0,28.6,13.4,7.75,1,1,1,1,1
2026-06-02T02,51.0,184.0,14.733,27.733,7.833,1,1,1,1,1
2026-06-02T03,40.0,124.0,13.575,34.775,9.225,1,1,1,1,1
2026-06-02T04,31.0,117.0,12.625,46.175,10.975,1,1,1,1,1
2026-06-02T05,31.0,124.0,9.2,55.533,9.967,1,1,1,1,1
2026-06-02T06,35.0,122.0,7.4,56.5,9.925,1,1,1,1,1
2026-06-02T07,30.0,121.0,7.725,59.575,8.425,1,1,1,1,1
2026-06-02T08,34.0,106.0,7.7,61.425,7.65,1,1,1,1,1
2026-06-02T09,22.0,106.0,9.1,59.75,8.45,1,1,1,1,1
2026-06-02T10,27.0,94.0,12.0,61.2,8.4,1,1,1,1,1
2026-06-02T11,28.0,97.0,8.5,,7.4,1,1,1,0,1
2026-06-02T12,25.0,121.0,15.375,55.625,7.125,1,1,1,1,1
2026-06-02T13,29.0,199.0,31.425,45.15,7.675,1,1,1,1,1
2026-06-02T14,29.0,121.0,58.325,29.125,7.0,1,1,1,1,1
2026-06-02T15,39.0,149.0,45.175,28.25,7.65,1,1,1,1,1
2026-06-02T16,62.0,195.0,35.2,28.425,8.75,1,1,1,1,1
2026-06-02T17,48.0,155.0,35.6,24.425,8.575,1,1,1,1,1
2026-06-02T18,30.0,110.0,44.0,20.2,5.0,1,1,1,1,1
2026-06-02T19,28.0,101.0,48.725,18.375,5.975,1,1,1,1,1
2026-06-02T20,31.0,110.0,74.075,5.5,6.2,1,1,1,1,1
2026-06-02T21,48.0,158.0,82.175,1.375,6.875,1,1,1,1,1
2026-06-02T22,48.0,161.0,81.25,1.775,5.65,1,1,1,1,1
2026-06-02T23,40.0,132.0,76.275,1.6,6.125,1,1,1,1,1
2026-06-03T00,64.0,185.0,62.125,4.35,5.2,1,1,1,1,1
2026-06-03T01,73.0,169.0,35.175,15.0,7.25,1,1,1,1,1
2026-06-03T02,68.0,195.0,25.25,28.175,10.9,1,1,1,1,1
2026-06-03T03,45.0,166.0,14.25,39.875,12.85,1,1,1,1,1
2026-06-03T04,46.0,147.0,18.0,50.225,12.475,1,1,1,1,1
2026-06-03T05,44.0,180.0,15.525,60.675,25.775,1,1,1,1,1
2026-06-03T06,36.0,149.0,12.75,64.825,23.1,1,1,1,1,1
2026-06-03T07,39.0,183.0,11.125,73.425,16.025,1,1,1,1,1
2026-06-03T08,42.0,182.0,12.633,77.2,13.0,1,1,1,1,1
2026-06-03T09,46.0,194.0,14.367,87.167,11.733,1,1,1,1,1
2026-06-03T10,59.0,212.0,14.4,89.7,13.0,1,1,1,1,1
2026-06-03T11,56.0,179.0,9.35,66.9,10.9,1,1,1,1,1
2026-06-03T12,36.0,174.0,11.725,61.75,8.525,1,1,1,1,1
2026-06-03T13,53.0,374.0,23.425,48.1,9.9,1,1,1,1,1
2026-06-03T14,63.0,370.0,27.05,41.725,10.15,1,1,1,1,1
2026-06-03T15,57.0,229.0,51.05,25.9,8.525,1,1,1,1,1
2026-06-03T16,66.0,224.0,32.85,29.05,8.325,1,1,1,1,1
2026-06-03T17,42.0,152.0,32.25,25.75,7.725,1,1,1,1,1
2026-06-03T18,46.0,161.0,68.0,10.7,5.3,1,1,1,1,1
2026-06-03T19,47.0,172.0,37.75,17.7,5.85,1,1,1,1,1
2026-06-03T20,41.0,147.0,53.3,7.6,5.675,1,1,1,1,1
2026-06-03T21,89.0,208.0,53.275,7.65,8.025,1,1,1,1,1
2026-06-03T22,89.0,201.0,57.6,6.625,8.875,1,1,1,1,1
2026-06-03T23,92.0,227.0,56.575,5.5,10.25,1,1,1,1,1
2026-06-04T00,102.0,246.0,54.733,4.5,9.667,1,1,1,1,1
2026-06-04T01,83.0,254.0,43.225,7.75,11.25,1,1,1,1,1
2026-06-04T02,70.0,226.0,31.525,16.6,11.75,1,1,1,1,1
2026-06-04T03,62.0,207.0,26.625,31.6,10.975,1,1,1,1,1
2026-06-04T04,75.0,260.0,29.225,43.3,11.55,1,1,1,1,1
2026-06-04T05,101.0,315.0,24.525,54.225,12.175,1,1,1,1,1
2026-06-04T06,80.0,255.0,22.9,59.4,15.7,1,1,1,1,1
2026-06-04T07,68.0,222.0,7.367,59.025,16.55,1,1,1,1,1
2026-06-04T08,63.0,204.0,27.7,60.067,14.833,1,1,1,1,1
2026-06-04T09,51.0,381.0,29.4,37.05,13.9,1,1,1,1,1
2026-06-04T10,20.0,42.0,66.233,21.6,10.267,1,1,1,1,1
2026-06-04T11,24.0,83.0,75.967,16.433,10.267,1,1,1,1,1
2026-06-04T12,19.0,74.0,80.4,2.5,5.975,1,1,1,1,1
2026-06-04T13,28.0,119.0,30.975,4.067,7.975,1,1,1,1,1
2026-06-04T14,36.0,283.0,18.75,11.375,8.925,1,1,1,1,1
2026-06-04T15,35.0,293.0,18.35,9.85,8.2,1,1,1,1,1
2026-06-04T16,34.0,156.0,15.375,5.975,8.125,1,1,1,1,1
2026-06-04T17,35.0,168.0,16.4,8.05,8.525,1,1,1,1,1
2026-06-04T19,24.0,116.0,6.7,18.4,6.4,1,1,1,1,1
2026-06-04T20,31.0,127.0,10.467,13.367,4.833,1,1,1,1,1
2026-06-04T21,30.0,136.0,14.15,6.475,5.525,1,1,1,1,1
2026-06-04T22,40.0,240.0,11.775,7.175,4.775,1,1,1,1,1
2026-06-04T23,38.0,212.0,12.4,11.45,5.675,1,1,1,1,1
2026-06-05T00,23.0,105.0,8.95,14.05,4.775,1,1,1,1,1
2026-06-05T01,23.0,77.0,5.425,15.0,5.2,1,1,1,1,1
2026-06-05T02,33.0,140.0,11.05,12.625,8.15,1,1,1,1,1
2026-06-05T03,51.0,182.0,9.325,17.475,12.1,1,1,1,1,1
2026-06-05T04,25.0,129.0,7.775,22.0,9.55,1,1,1,1,1
2026-06-05T05,35.0,149.0,7.45,29.65,9.1,1,1,1,1,1
2026-06-05T06,48.0,173.0,6.05,39.15,8.825,1,1,1,1,1
2026-06-05T07,101.0,160.0,3.725,45.025,9.575,1,1,1,1,1
2026-06-05T08,67.0,136.0,2.95,52.175,10.425,1,1,1,1,1
2026-06-05T09,52.0,130.0,2.575,53.15,10.25,1,1,1,1,1
2026-06-05T10,48.0,140.0,2.35,55.15,9.025,1,1,1,1,1
2026-06-05T11,56.0,143.0,4.067,53.5,8.433,1,1,1,1,1
2026-06-05T12,55.0,168.0,6.5,45.6,7.775,1,1,1,1,1
2026-06-05T13,51.0,179.0,9.525,37.05,7.775,1,1,1,1,1
2026-06-05T14,74.0,213.0,17.9,19.075,7.125,1,1,1,1,1
2026-06-05T15,102.0,307.0,25.85,9.55,8.225,1,1,1,1,1
2026-06-05T16,117.0,307.0,27.7,6.1,46.025,1,1,1,1,1
2026-06-05T17,114.0,278.0,27.425,2.625,41.675,1,1,1,1,1
2026-06-05T19,113.0,302.0,25.0,1.9,16.7,1,1,1,1,1
2026-06-05T20,86.0,217.0,24.05,1.9,14.425,1,1,1,1,1
2026-06-05T21,85.0,193.0,26.025,0.65,12.5,1,1,1,1,1
2026-06-05T22,85.0,215.0,26.45,0.6,10.7,1,1,1,1,1
2026-06-05T23,95.0,213.0,27.35,0.4,9.675,1,1,1,1,1
2026-06-06T00,119.0,243.0,26.45,0.6,10.25,1,1,1,1,1
2026-06-06T01,107.0,257.0,27.8,2.6,9.7,1,1,1,1,1
2026-06-06T02,106.0,271.0,19.4,8.3,12.0,1,1,1,1,1
2026-06-06T03,95.0,196.0,17.075,16.225,11.35,1,1,1,1,1
2026-06-06T04,78.0,193.0,11.15,24.65,12.675,1,1,1,1,1
2026-06-06T05,53.0,212.0,4.625,28.65,10.8,1,1,1,1,1
2026-06-06T06,51.0,234.0,3.025,33.7,11.75,1,1,1,1,1
2026-06-06T07,35.0,229.0,2.65,39.6,10.975,1,1,1,1,1
2026-06-06T08,44.0,228.0,2.45,45.825,10.45,1,1,1,1,1
2026-06-06T09,44.0,233.0,1.875,53.325,10.7,1,1,1,1,1
2026-06-06T10,41.0,230.0,2.65,57.975,10.225,1,1,1,1,1
2026-06-06T11,48.0,233.0,3.075,55.575,10.05,1,1,1,1,1
2026-06-06T12,44.0,217.0,5.725,39.725,9.5,1,1,1,1,1
2026-06-06T13,45.0,537.0,15.125,19.6,9.375,1,1,1,1,1
2026-06-06T14,38.0,313.0,18.25,14.5,8.725,1,1,1,1,1
2026-06-06T15,44.0,249.0,17.9,13.725,8.425,1,1,1,1,1
2026-06-06T16,34.0,216.0,16.375,14.5,6.95,1,1,1,1,1
2026-06-06T17,33.0,130.0,13.575,13.125,6.25,1,1,1,1,1
2026-06-06T19,27.0,105.0,21.1,3.5,7.7,1,1,1,1,1
2026-06-06T20,29.0,134.0,21.35,4.175,8.05,1,1,1,1,1
2026-06-06T21,27.0,112.0,11.4,10.675,8.075,1,1,1,1,1
2026-06-06T22,23.0,107.0,10.975,7.65,8.15,1,1,1,1,1
2026-06-06T23,23.0,96.0,17.225,3.15,8.45,1,1,1,1,1
2026-06-07T00,24.0,97.0,16.275,4.925,8.925,1,1,1,1,1
2026-06-07T01,20.0,116.0,12.633,7.567,8.1,1,1,1,1,1
2026-06-07T02,22.0,118.0,7.0,18.7,7.975,1,1,1,1,1
2026-06-07T03,25.0,128.0,5.0,26.775,9.2,1,1,1,1,1
2026-06-07T04,47.0,174.0,4.775,36.25,12.1,1,1,1,1,1
2026-06-07T05,51.0,191.0,4.5,44.7,14.45,1,1,1,1,1
2026-06-07T06,46.0,210.0,3.175,45.975,14.4,1,1,1,1,1
2026-06-07T07,38.0,251.0,2.6,53.75,14.2,1,1,1,1,1
2026-06-07T08,44.0,259.0,2.475,57.6,13.825,1,1,1,1,1
2026-06-07T09,45.0,268.0,2.425,50.85,14.25,1,1,1,1,1
2026-06-07T10,42.0,251.0,2.35,47.75,12.9,1,1,1,1,1
2026-06-07T11,35.0,229.0,3.15,41.875,11.225,1,1,1,1,1
2026-06-07T12,29.0,233.0,9.475,29.325,12.625,1,1,1,1,1
2026-06-07T13,30.0,186.0,31.525,10.35,11.35,1,1,1,1,1
2026-06-07T14,35.0,321.0,9.5,25.025,9.175,1,1,1,1,1
2026-06-07T15,30.0,185.0,11.675,20.3,8.375,1,1,1,1,1
2026-06-07T16,29.0,134.0,14.35,16.025,8.225,1,1,1,1,1
2026-06-07T17,29.0,151.0,12.45,16.075,8.075,1,1,1,1,1
2026-06-07T19,25.0,100.0,18.2,7.3,10.9,1,1,1,1,1
2026-06-07T20,20.0,195.0,12.875,12.05,10.45,1,1,1,1,1
2026-06-07T21,17.0,272.0,14.7,10.8,10.45,1,1,1,1,1
2026-06-07T22,27.0,157.0,20.0,9.15,9.975,1,1,1,1,1
2026-06-07T23,20.0,124.0,11.375,12.875,8.825,1,1,1,1,1
2026-06-08T00,23.0,138.0,17.85,5.6,9.525,1,1,1,1,1
2026-06-08T01,18.0,163.0,17.45,6.9,10.775,1,1,1,1,1
2026-06-08T02,29.0,151.0,13.075,12.725,11.75,1,1,1,1,1
2026-06-08T03,28.0,149.0,7.025,21.875,11.775,1,1,1,1,1
2026-06-08T04,40.0,183.0,5.033,30.8,13.225,1,1,1,1,1
2026-06-08T05,31.0,191.0,4.233,39.1,11.933,1,1,1,1,1
2026-06-08T06,40.0,190.0,3.35,47.675,11.95,1,1,1,1,1
2026-06-08T07,36.0,228.0,3.425,52.7,10.6,1,1,1,1,1
2026-06-08T08,34.0,234.0,2.667,49.867,11.467,1,1,1,1,1
2026-06-08T09,34.0,226.0,2.2,50.5,12.925,1,1,1,1,1
2026-06-08T10,33.0,204.0,2.7,55.533,12.7,1,1,1,1,1
2026-06-08T11,25.0,183.0,,52.525,16.767,1,1,0,1,1
2026-06-08T12,25.0,185.0,34.05,35.15,16.5,1,1,1,1,1
2026-06-08T13,23.0,205.0,104.525,18.867,13.975,1,1,1,1,1
2026-06-08T14,48.0,260.0,183.3,0.0,12.725,1,1,1,1,1
2026-06-08T15,74.0,346.0,184.2,1.533,14.767,1,1,1,1,1
2026-06-08T16,86.0,357.0,157.825,1.3,14.525,1,1,1,1,1
2026-06-08T17,63.0,266.0,132.4,1.0,12.8,1,1,1,1,1
2026-06-08T19,38.0,208.0,98.9,2.1,6.9,1,1,1,1,1
2026-06-08T20,35.0,190.0,97.425,1.8,7.1,1,1,1,1,1
2026-06-08T21,39.0,179.0,94.225,1.3,8.075,1,1,1,1,1
2026-06-08T22,34.0,179.0,92.225,1.075,8.225,1,1,1,1,1
2026-06-08T23,36.0,152.0,101.05,0.9,9.275,1,1,1,1,1
2026-06-09T00,34.0,168.0,78.475,3.375,10.25,1,1,1,1,1
2026-06-09T01,34.0,185.0,44.15,6.9,9.6,1,1,1,1,1
2026-06-09T02,31.0,197.0,30.75,10.425,9.5,1,1,1,1,1
2026-06-09T03,31.0,199.0,33.25,17.075,10.725,1,1,1,1,1
2026-06-09T04,34.0,230.0,24.45,27.95,10.7,1,1,1,1,1
2026-06-09T05,38.0,217.0,21.225,47.275,11.35,1,1,1,1,1
2026-06-09T06,39.0,197.0,16.45,65.725,15.1,1,1,1,1,1
2026-06-09T07,33.0,180.0,16.975,66.267,17.1,1,1,1,1,1
2026-06-09T08,39.0,178.0,15.7,70.65,14.6,1,1,1,1,1
2026-06-09T09,35.0,174.0,16.125,68.8,13.45,1,1,1,1,1
2026-06-09T10,,,24.875,69.933,14.175,0,0,1,1,1
2026-06-09T11,,,46.1,51.775,12.95,0,0,1,1,1
2026-06-09T12,70.0,,41.4,26.95,10.15,1,0,1,1,1
2026-06-09T13,30.0,,34.0,39.225,7.2,1,0,1,1,1
2026-06-09T14,47.0,,52.6,38.575,7.25,1,0,1,1,1
2026-06-09T15,18.0,,64.85,30.025,6.625,1,0,1,1,1
2026-06-09T16,22.0,,60.25,27.4,6.975,1,0,1,1,1
2026-06-09T17,28.0,,26.525,39.675,6.975,1,0,1,1,1
2026-06-09T19,1.0,,30.125,37.725,8.425,1,0,1,1,1
2026-06-09T20,18.0,,52.225,22.3,8.925,1,0,1,1,1
2026-06-09T21,22.0,,76.325,10.9,9.25,1,0,1,1,1
2026-06-09T22,27.0,,86.8,4.325,10.625,1,0,1,1,1
2026-06-09T23,24.0,,96.275,1.225,10.15,1,0,1,1,1
2026-06-10T00,34.0,,96.4,1.475,9.825,1,0,1,1,1
2026-06-10T01,35.0,,71.925,7.95,10.475,1,0,1,1,1
2026-06-10T02,33.0,,47.65,12.65,9.35,1,0,1,1,1
2026-06-10T03,46.0,,31.175,13.275,9.6,1,0,1,1,1
2026-06-10T04,36.0,,29.5,13.4,8.5,1,0,1,1,1
2026-06-10T08,47.0,,16.3,36.467,9.8,1,0,1,1,1
2026-06-10T09,42.0,,18.8,40.75,8.075,1,0,1,1,1
2026-06-10T10,38.0,235.0,18.7,44.35,7.475,1,1,1,1,1
2026-06-10T11,33.0,235.0,20.6,46.7,9.5,1,1,1,1,1
2026-06-10T12,47.0,278.0,28.275,45.525,9.875,1,1,1,1,1
2026-06-10T13,44.0,306.0,94.2,19.933,7.233,1,1,1,1,1
2026-06-10T14,58.0,306.0,104.7,10.55,9.8,1,1,1,1,1
2026-06-10T15,102.0,317.25,74.25,6.525,6.35,1,1,1,1,1
2026-06-10T16,86.0,297.75,65.725,2.25,6.1,1,1,1,1,1
2026-06-10T17,70.0,252.5,70.625,2.275,6.15,1,1,1,1,1
2026-06-10T18,44.0,149.0,64.3,2.2,2.9,1,1,1,1,1
2026-06-10T19,45.0,,46.975,2.975,4.575,1,0,1,1,1
2026-06-10T20,30.0,121.0,45.025,3.3,4.5,1,1,1,1,1
2026-06-10T21,30.0,105.0,41.35,3.675,5.7,1,1,1,1,1
2026-06-10T22,28.0,90.0,44.7,3.175,5.225,1,1,1,1,1
2026-06-10T23,27.0,95.0,32.375,5.425,5.525,1,1,1,1,1
2026-06-11T00,22.0,105.0,37.275,6.8,5.975,1,1,1,1,1
2026-06-11T01,42.0,202.0,32.625,7.925,7.275,1,1,1,1,1
2026-06-11T02,28.0,139.0,27.4,9.0,8.6,1,1,1,1,1
2026-06-11T03,36.0,316.0,23.3,15.7,7.1,1,1,1,1,1
2026-06-11T04,39.0,177.0,29.533,18.0,8.2,1,1,1,1,1
2026-06-11T05,38.0,136.0,40.5,18.825,11.65,1,1,1,1,1
2026-06-11T06,39.0,118.0,28.7,24.533,20.933,1,1,1,1,1
2026-06-11T07,27.0,111.0,21.925,30.925,16.625,1,1,1,1,1
2026-06-11T08,19.0,99.0,17.275,33.575,12.65,1,1,1,1,1
2026-06-11T09,22.0,125.0,19.825,40.525,10.6,1,1,1,1,1
2026-06-11T10,27.0,103.0,20.475,42.275,8.6,1,1,1,1,1
2026-06-11T11,29.0,128.0,25.1,38.675,7.925,1,1,1,1,1
2026-06-11T12,28.0,171.0,27.45,30.65,6.125,1,1,1,1,1
2026-06-11T13,17.0,224.0,27.525,28.05,4.525,1,1,1,1,1
2026-06-11T14,35.0,243.0,27.575,27.9,4.875,1,1,1,1,1
2026-06-11T15,46.0,136.0,24.85,28.85,4.775,1,1,1,1,1
2026-06-11T16,36.0,107.0,25.5,25.85,5.45,1,1,1,1,1
2026-06-11T17,42.0,95.0,21.1,22.225,5.1,1,1,1,1,1
2026-06-11T18,25.0,108.0,23.0,18.6,5.7,1,1,1,1,1
2026-06-11T19,1.0,17.0,18.1,20.675,6.85,1,1,1,1,1
2026-06-11T20,13.0,23.0,13.275,20.3,6.0,1,1,1,1,1
2026-06-11T21,17.0,14.0,17.375,21.175,6.8,1,1,1,1,1
2026-06-11T22,12.0,31.0,34.8,18.925,6.725,1,1,1,1,1
2026-06-11T23,16.0,31.0,15.075,23.75,8.525,1,1,1,1,1
2026-06-12T00,6.0,30.0,25.325,21.325,7.75,1,1,1,1,1
2026-06-12T01,9.0,34.0,28.025,19.775,6.425,1,1,1,1,1
2026-06-12T02,20.0,36.0,23.875,21.15,7.25,1,1,1,1,1
2026-06-12T03,24.0,56.0,20.775,25.0,6.8,1,1,1,1,1
2026-06-12T04,18.0,70.0,21.775,29.075,6.025,1,1,1,1,1
2026-06-12T05,18.0,62.0,18.4,33.25,5.875,1,1,1,1,1
2026-06-12T06,20.0,69.0,20.525,35.375,4.65,1,1,1,1,1
2026-06-12T07,30.0,73.0,21.45,37.475,4.925,1,1,1,1,1
2026-06-12T08,22.0,77.0,19.2,41.25,3.85,1,1,1,1,1
2026-06-12T09,25.0,81.0,19.175,41.425,4.875,1,1,1,1,1
2026-06-12T10,30.0,84.0,20.475,39.475,3.375,1,1,1,1,1
2026-06-12T11,29.0,83.0,22.125,36.975,4.975,1,1,1,1,1
2026-06-12T12,33.0,88.0,24.6,34.225,4.45,1,1,1,1,1
2026-06-12T13,25.0,134.0,27.825,28.4,6.1,1,1,1,1,1
2026-06-12T14,40.0,129.0,31.45,26.775,6.225,1,1,1,1,1
2026-06-12T15,33.0,91.0,35.575,22.05,6.075,1,1,1,1,1
2026-06-12T16,42.0,100.0,32.375,19.375,4.95,1,1,1,1,1
2026-06-12T17,36.0,89.0,29.95,15.567,4.55,1,1,1,1,1
2026-06-12T18,35.0,112.0,22.1,15.7,5.9,1,1,1,1,1
2026-06-12T19,18.0,69.0,22.55,11.725,6.075,1,1,1,1,1
2026-06-12T20,6.0,28.0,34.225,8.425,5.425,1,1,1,1,1
2026-06-12T21,8.0,24.0,32.3,9.475,5.325,1,1,1,1,1
2026-06-12T22,13.0,28.0,29.25,11.5,5.875,1,1,1,1,1
2026-06-12T23,23.0,157.0,25.975,15.25,5.8,1,1,1,1,1
2026-06-13T00,16.0,103.0,31.075,15.375,6.0,1,1,1,1,1
2026-06-13T01,18.0,56.0,46.575,12.9,4.825,1,1,1,1,1
2026-06-13T02,17.0,61.0,40.575,15.95,3.925,1,1,1,1,1
2026-06-13T03,23.0,89.0,36.7,23.425,4.825,1,1,1,1,1
2026-06-13T04,29.0,125.0,36.05,34.425,5.625,1,1,1,1,1
2026-06-13T05,34.0,128.0,31.025,31.95,6.3,1,1,1,1,1
2026-06-13T06,34.0,99.0,32.75,39.95,7.45,1,1,1,1,1
2026-06-13T07,42.0,136.0,35.825,68.25,9.875,1,1,1,1,1
2026-06-13T08,44.0,150.0,32.025,81.9,13.4,1,1,1,1,1
2026-06-13T09,40.0,138.0,33.225,98.675,13.575,1,1,1,1,1
2026-06-13T10,67.0,163.0,28.35,83.3,12.35,1,1,1,1,1
2026-06-13T11,53.0,171.0,24.75,68.575,12.4,1,1,1,1,1
2026-06-13T12,46.0,152.0,32.15,72.7,11.275,1,1,1,1,1
2026-06-13T13,50.0,184.0,34.15,49.975,10.15,1,1,1,1,1
2026-06-13T14,59.0,207.0,46.025,31.05,8.925,1,1,1,1,1
2026-06-13T15,88.0,200.0,54.2,22.875,8.525,1,1,1,1,1
2026-06-13T16,86.0,230.0,74.375,21.95,9.225,1,1,1,1,1
2026-06-13T17,59.0,219.0,123.325,8.775,8.0,1,1,1,1,1
2026-06-13T18,68.0,205.0,156.0,1.3,8.3,1,1,1,1,1
2026-06-13T19,72.0,235.0,156.0,1.3,8.175,1,1,1,1,1
2026-06-13T20,89.0,262.0,133.85,1.75,7.825,1,1,1,1,1
2026-06-13T21,97.0,244.0,101.3,3.3,8.833,1,1,1,1,1
2026-06-13T22,78.0,202.0,106.125,1.85,9.025,1,1,1,1,1
2026-06-13T23,64.0,180.0,97.125,1.7,8.425,1,1,1,1,1
2026-06-14T00,46.0,162.0,102.175,1.325,8.35,1,1,1,1,1
2026-06-14T01,56.0,180.0,76.475,6.25,7.875,1,1,1,1,1
2026-06-14T02,53.0,141.0,35.25,23.525,7.975,1,1,1,1,1
2026-06-14T03,48.0,121.0,45.5,37.075,9.3,1,1,1,1,1
2026-06-14T04,72.0,178.0,33.375,55.825,9.7,1,1,1,1,1
2026-06-14T05,38.0,140.0,24.35,58.425,9.85,1,1,1,1,1
2026-06-14T06,33.0,138.0,19.225,56.7,10.3,1,1,1,1,1
2026-06-14T07,39.0,171.0,18.45,62.175,10.975,1,1,1,1,1
2026-06-14T08,45.0,180.0,19.0,61.275,10.375,1,1,1,1,1
2026-06-14T09,41.0,180.0,17.775,67.025,9.9,1,1,1,1,1
2026-06-14T10,38.0,179.0,18.125,69.9,8.875,1,1,1,1,1
2026-06-14T11,34.0,194.0,20.6,66.867,8.275,1,1,1,1,1
2026-06-14T12,41.0,212.0,23.125,65.2,8.525,1,1,1,1,1
2026-06-14T13,44.0,307.0,33.85,46.825,8.825,1,1,1,1,1
2026-06-14T14,56.0,272.0,41.4,42.375,9.475,1,1,1,1,1
2026-06-14T15,55.0,250.0,62.75,22.9,9.325,1,1,1,1,1
2026-06-14T16,77.0,252.0,71.275,12.775,9.85,1,1,1,1,1
2026-06-14T17,81.0,259.0,54.0,15.725,7.55,1,1,1,1,1
2026-06-14T19,19.0,111.0,29.2,16.1,6.2,1,1,1,1,1
2026-06-14T20,18.0,85.0,38.367,15.933,6.133,1,1,1,1,1
2026-06-14T21,16.0,83.0,41.0,13.575,5.65,1,1,1,1,1
2026-06-14T22,16.0,78.0,42.175,13.1,5.75,1,1,1,1,1
2026-06-14T23,23.0,75.0,48.725,10.325,5.775,1,1,1,1,1
2026-06-15T00,19.0,94.0,37.35,13.225,5.075,1,1,1,1,1
2026-06-15T01,38.0,190.0,28.05,17.675,5.975,1,1,1,1,1
2026-06-15T02,35.0,279.0,28.95,22.3,6.6,1,1,1,1,1
2026-06-15T03,34.0,272.0,34.45,23.45,7.1,1,1,1,1,1
2026-06-15T04,40.0,246.0,36.767,9.567,5.733,1,1,1,1,1
2026-06-15T05,40.0,145.0,30.7,26.067,5.775,1,1,1,1,1
2026-06-15T06,17.0,144.0,21.275,30.375,4.775,1,1,1,1,1
2026-06-15T07,35.0,254.0,16.333,30.5,4.467,1,1,1,1,1
2026-06-15T08,24.0,251.0,19.5,32.0,4.9,1,1,1,1,1
2026-06-15T09,40.0,517.0,61.725,32.6,5.55,1,1,1,1,1
2026-06-15T10,12.0,169.0,74.4,16.05,5.375,1,1,1,1,1
2026-06-15T11,7.0,77.0,17.875,34.225,8.4,1,1,1,1,1
2026-06-15T12,,89.0,19.8,34.5,6.9,0,1,1,1,1
2026-06-15T16,79.0,178.0,77.4,1.9,12.8,1,1,1,1,1
2026-06-15T17,51.0,162.0,75.975,1.8,16.5,1,1,1,1,1
2026-06-15T19,44.0,189.0,74.1,1.1,12.4,1,1,1,1,1
2026-06-15T20,51.0,205.0,71.45,1.05,10.675,1,1,1,1,1
2026-06-15T21,45.0,172.0,68.375,1.375,8.875,1,1,1,1,1
2026-06-15T22,42.0,155.0,65.267,1.3,9.067,1,1,1,1,1
2026-06-15T23,46.0,153.0,64.8,1.325,9.275,1,1,1,1,1
2026-06-16T00,59.0,174.0,69.475,1.625,9.75,1,1,1,1,1
2026-06-16T01,103.0,282.0,77.5,2.7,10.025,1,1,1,1,1
2026-06-16T02,92.0,219.0,34.55,12.35,14.175,1,1,1,1,1
2026-06-16T03,105.0,221.0,27.05,14.825,16.275,1,1,1,1,1
2026-06-16T04,36.0,152.0,15.975,17.075,12.975,1,1,1,1,1
2026-06-16T05,16.0,50.0,30.05,14.325,10.8,1,1,1,1,1
2026-06-16T06,23.0,80.0,24.5,21.25,9.9,1,1,1,1,1
2026-06-16T07,18.0,90.0,22.225,35.15,10.025,1,1,1,1,1
2026-06-16T08,19.0,86.0,24.333,41.133,9.6,1,1,1,1,1
2026-06-16T09,27.0,102.0,24.3,61.45,11.467,1,1,1,1,1
2026-06-16T12,30.0,89.0,28.6,34.5,8.4,1,1,1,1,1
2026-06-16T13,17.0,129.0,38.875,24.15,9.55,1,1,1,1,1
2026-06-16T14,41.0,141.0,45.175,13.6,9.275,1,1,1,1,1
2026-06-16T15,35.0,122.0,35.067,13.567,7.5,1,1,1,1,1
2026-06-16T16,24.0,96.0,42.55,7.525,7.725,1,1,1,1,1
2026-06-16T17,28.0,106.0,36.3,8.975,7.9,1,1,1,1,1
2026-06-16T18,24.0,99.0,34.0,9.7,5.9,1,1,1,1,1
2026-06-16T19,25.0,77.0,42.675,8.3,4.9,1,1,1,1,1
2026-06-16T20,18.0,73.0,33.75,9.375,5.575,1,1,1,1,1
2026-06-16T21,20.0,66.0,38.275,7.65,4.9,1,1,1,1,1
2026-06-16T22,12.0,66.0,50.125,4.75,4.9,1,1,1,1,1
2026-06-16T23,18.0,62.0,49.775,4.475,4.675,1,1,1,1,1
2026-06-17T00,22.0,84.0,40.525,6.275,4.675,1,1,1,1,1
2026-06-17T01,17.0,112.0,45.6,5.725,4.7,1,1,1,1,1
2026-06-17T02,31.0,122.0,32.25,14.15,5.125,1,1,1,1,1
2026-06-17T03,25.0,121.0,28.85,27.975,6.125,1,1,1,1,1
2026-06-17T04,52.0,146.0,21.3,55.4,8.367,1,1,1,1,1
2026-06-17T06,33.0,129.0,16.1,88.4,10.875,1,1,1,1,1
2026-06-17T07,42.0,130.0,14.275,100.725,11.5,1,1,1,1,1
2026-06-17T08,46.0,132.0,14.725,102.85,14.675,1,1,1,1,1
2026-06-17T09,35.0,138.0,13.1,95.8,9.25,1,1,1,1,1
2026-06-17T10,55.0,146.0,11.025,85.075,8.75,1,1,1,1,1
2026-06-17T11,31.0,117.0,13.267,71.067,7.5,1,1,1,1,1
2026-06-17T12,22.0,129.0,,55.1,,1,1,0,1,0
2026-06-17T13,42.0,177.0,26.525,49.925,9.175,1,1,1,1,1
2026-06-17T14,45.0,184.0,65.15,23.025,9.575,1,1,1,1,1
2026-06-17T15,52.0,189.0,76.05,12.875,8.1,1,1,1,1,1
2026-06-17T16,57.0,195.0,53.8,13.575,7.6,1,1,1,1,1
2026-06-17T17,47.0,202.0,50.925,10.075,8.15,1,1,1,1,1
2026-06-17T18,61.0,179.0,84.4,1.1,8.9,1,1,1,1,1
2026-06-17T19,51.0,210.0,77.45,1.725,8.975,1,1,1,1,1
2026-06-17T20,59.0,213.0,73.275,0.975,9.325,1,1,1,1,1
2026-06-17T21,64.0,235.0,54.95,2.975,8.3,1,1,1,1,1
2026-06-17T22,123.0,266.0,56.425,3.375,9.85,1,1,1,1,1
2026-06-17T23,101.0,224.0,50.275,4.075,11.725,1,1,1,1,1
2026-06-18T00,83.0,208.0,52.75,3.1,11.475,1,1,1,1,1
2026-06-18T01,89.0,237.0,62.925,4.925,11.25,1,1,1,1,1
2026-06-18T02,97.0,267.0,30.2,16.65,12.425,1,1,1,1,1
2026-06-18T03,42.0,197.0,13.575,34.675,13.425,1,1,1,1,1
2026-06-18T04,58.0,223.0,14.6,49.9,13.55,1,1,1,1,1
2026-06-18T05,51.0,206.0,11.425,52.875,14.85,1,1,1,1,1
2026-06-18T06,52.0,217.0,6.85,50.525,15.025,1,1,1,1,1
2026-06-18T07,36.0,173.0,6.533,46.867,14.733,1,1,1,1,1
2026-06-18T08,40.0,186.0,6.8,54.575,12.475,1,1,1,1,1
2026-06-18T09,38.0,180.0,7.333,60.667,12.467,1,1,1,1,1
2026-06-18T10,33.0,186.0,7.8,56.567,12.167,1,1,1,1,1
2026-06-18T11,28.0,153.0,10.2,44.7,11.4,1,1,1,1,1
2026-06-18T13,44.0,182.0,26.4,23.9,10.2,1,1,1,1,1
2026-06-18T14,34.0,158.0,17.767,27.3,10.0,1,1,1,1,1
2026-06-18T15,25.0,107.0,27.6,21.375,9.325,1,1,1,1,1
2026-06-18T16,19.0,130.0,34.1,15.267,9.275,1,1,1,1,1
2026-06-18T17,11.0,108.0,40.225,11.925,9.875,1,1,1,1,1
2026-06-18T19,27.0,119.0,39.9,12.2,8.0,1,1,1,1,1
2026-06-18T20,25.0,90.0,44.025,7.025,8.15,1,1,1,1,1
2026-06-18T21,24.0,101.0,14.8,21.475,8.325,1,1,1,1,1
2026-06-18T22,35.0,96.0,12.85,20.975,8.225,1,1,1,1,1
2026-06-18T23,23.0,119.0,16.75,16.95,7.7,1,1,1,1,1
2026-06-19T00,39.0,179.0,27.4,10.5,8.2,1,1,1,1,1
2026-06-19T01,20.0,190.0,24.8,12.0,8.25,1,1,1,1,1
2026-06-19T02,38.0,173.0,23.825,16.65,8.65,1,1,1,1,1
2026-06-19T03,35.0,230.0,24.25,24.975,8.575,1,1,1,1,1
2026-06-19T04,28.0,277.0,20.9,37.25,9.25,1,1,1,1,1
2026-06-19T05,47.0,284.0,22.75,55.8,9.25,1,1,1,1,1
2026-06-19T06,51.0,293.0,14.133,70.1,10.267,1,1,1,1,1
2026-06-19T07,42.0,265.0,11.675,70.875,10.7,1,1,1,1,1
2026-06-19T08,47.0,272.0,9.875,60.725,9.0,1,1,1,1,1
2026-06-19T09,47.0,216.0,9.225,49.05,8.5,1,1,1,1,1
2026-06-19T10,30.0,211.0,10.1,44.6,8.6,1,1,1,1,1
2026-06-19T12,33.0,161.0,20.0,40.4,8.175,1,1,1,1,1
2026-06-19T13,38.0,178.0,21.1,34.275,6.675,1,1,1,1,1
2026-06-19T14,38.0,211.0,27.667,23.633,7.9,1,1,1,1,1
2026-06-19T15,38.0,184.0,36.725,17.6,7.675,1,1,1,1,1
2026-06-19T16,39.0,162.0,32.125,21.225,7.675,1,1,1,1,1
2026-06-19T17,35.0,164.0,36.075,16.575,7.175,1,1,1,1,1
2026-06-19T19,33.0,135.0,32.7,16.8,8.4,1,1,1,1,1
2026-06-19T20,33.0,135.0,21.7,21.85,8.05,1,1,1,1,1
2026-06-19T21,36.0,123.0,23.825,18.575,8.7,1,1,1,1,1
2026-06-19T22,41.0,123.0,41.7,6.775,8.975,1,1,1,1,1
2026-06-19T23,52.0,151.0,40.35,6.6,8.975,1,1,1,1,1
2026-06-20T00,44.0,157.0,39.025,9.9,9.1,1,1,1,1,1
2026-06-20T01,53.0,183.0,50.3,10.125,9.775,1,1,1,1,1
2026-06-20T02,74.0,218.0,19.8,37.725,10.45,1,1,1,1,1
2026-06-20T03,42.0,166.0,13.0,50.575,11.425,1,1,1,1,1
2026-06-20T04,46.0,195.0,12.375,54.15,10.325,1,1,1,1,1
2026-06-20T05,48.0,168.0,11.2,47.575,10.4,1,1,1,1,1
2026-06-20T06,44.0,179.0,10.225,49.525,12.1,1,1,1,1,1
2026-06-20T07,38.0,171.0,8.525,47.575,13.775,1,1,1,1,1
2026-06-20T08,30.0,162.0,6.325,46.95,12.75,1,1,1,1,1
2026-06-20T09,25.0,144.0,5.85,42.075,11.175,1,1,1,1,1
2026-06-20T10,25.0,134.0,5.8,41.25,10.1,1,1,1,1,1
2026-06-20T11,22.0,161.0,8.75,38.675,9.3,1,1,1,1,1
2026-06-20T12,28.0,152.0,15.575,36.075,8.2,1,1,1,1,1
2026-06-20T13,55.0,221.0,31.325,25.025,9.45,1,1,1,1,1
2026-06-20T14,61.0,255.0,57.25,12.6,8.85,1,1,1,1,1
2026-06-20T15,100.0,274.0,75.95,3.075,9.15,1,1,1,1,1
2026-06-20T16,81.0,238.0,65.7,3.175,9.775,1,1,1,1,1
2026-06-20T17,57.0,216.0,69.425,2.775,12.275,1,1,1,1,1
2026-06-20T18,64.0,227.0,26.3,14.9,12.4,1,1,1,1,1
2026-06-20T19,44.0,174.0,42.025,7.125,11.65,1,1,1,1,1
2026-06-20T20,38.0,141.0,43.225,3.9,10.675,1,1,1,1,1
2026-06-20T21,42.0,149.0,40.775,3.075,9.8,1,1,1,1,1
2026-06-20T22,45.0,163.0,35.35,3.925,10.3,1,1,1,1,1
2026-06-20T23,28.0,149.0,10.975,16.4,10.575,1,1,1,1,1
2026-06-21T00,19.0,102.0,24.05,17.225,8.5,1,1,1,1,1
2026-06-21T01,13.0,86.0,23.025,16.3,6.9,1,1,1,1,1
2026-06-21T02,36.0,89.0,26.775,14.6,7.675,1,1,1,1,1
2026-06-21T03,6.0,78.0,20.325,17.1,7.825,1,1,1,1,1
2026-06-21T04,27.0,86.0,17.75,19.1,7.55,1,1,1,1,1
2026-06-21T05,13.0,103.0,18.775,18.625,6.65,1,1,1,1,1
2026-06-21T06,25.0,99.0,16.35,20.425,6.425,1,1,1,1,1
2026-06-21T07,25.0,103.0,14.05,27.4,6.45,1,1,1,1,1
2026-06-21T08,34.0,103.0,10.4,42.25,6.4,1,1,1,1,1
2026-06-21T09,17.0,110.0,8.0,44.875,7.225,1,1,1,1,1
2026-06-21T10,28.0,103.0,7.167,47.267,7.1,1,1,1,1,1
2026-06-21T11,23.0,108.0,8.4,48.175,8.275,1,1,1,1,1
2026-06-21T12,19.0,110.0,19.25,40.525,7.425,1,1,1,1,1
2026-06-21T13,45.0,171.0,31.475,27.075,6.925,1,1,1,1,1
2026-06-21T14,38.0,182.0,45.025,17.625,9.875,1,1,1,1,1
2026-06-21T15,28.0,141.0,17.15,30.725,8.5,1,1,1,1,1
2026-06-21T16,25.0,267.0,15.55,29.875,6.725,1,1,1,1,1
2026-06-21T17,100.0,1403.0,24.85,23.375,5.8,1,1,1,1,1
2026-06-21T18,96.0,1440.0,22.9,22.6,5.9,1,1,1,1,1
2026-06-21T19,52.0,832.0,26.25,19.375,6.85,1,1,1,1,1
2026-06-21T20,33.0,538.0,34.75,13.225,7.725,1,1,1,1,1
2026-06-21T21,24.0,460.0,33.0,12.85,7.45,1,1,1,1,1
2026-06-21T22,38.0,467.0,35.225,11.075,7.3,1,1,1,1,1
2026-06-21T23,31.0,422.0,39.533,11.267,7.4,1,1,1,1,1
2026-06-22T00,30.0,373.0,32.45,15.175,8.45,1,1,1,1,1
2026-06-22T01,34.0,417.0,18.225,23.225,9.35,1,1,1,1,1
2026-06-22T02,33.0,355.0,16.9,25.5,9.425,1,1,1,1,1
2026-06-22T03,38.0,291.0,20.025,32.375,9.05,1,1,1,1,1
2026-06-22T04,11.0,215.0,14.8,49.35,8.675,1,1,1,1,1
2026-06-22T05,36.0,266.0,11.725,49.65,10.45,1,1,1,1,1
2026-06-22T06,23.0,246.0,7.75,59.05,9.75,1,1,1,1,1
2026-06-22T07,24.0,166.0,6.675,58.45,9.85,1,1,1,1,1
2026-06-22T08,22.0,129.0,7.675,49.8,9.25,1,1,1,1,1
2026-06-22T09,6.0,92.0,6.225,52.1,7.825,1,1,1,1,1
2026-06-22T11,9.0,112.0,9.45,50.45,7.75,1,1,1,1,1
2026-06-22T12,13.0,105.0,12.95,44.975,7.575,1,1,1,1,1
2026-06-22T13,31.0,199.0,22.425,36.975,7.05,1,1,1,1,1
2026-06-22T14,35.0,167.0,43.867,24.067,7.6,1,1,1,1,1
2026-06-22T15,31.0,199.0,62.225,11.825,7.1,1,1,1,1,1
2026-06-22T16,35.0,163.0,60.675,8.85,7.0,1,1,1,1,1
2026-06-22T17,39.0,173.0,65.0,6.525,8.7,1,1,1,1,1
2026-06-22T18,47.0,162.0,71.7,3.4,12.1,1,1,1,1,1
2026-06-22T19,36.0,174.0,62.1,7.5,14.5,1,1,1,1,1
2026-06-22T20,46.0,153.0,45.95,9.825,17.65,1,1,1,1,1
2026-06-22T21,75.0,200.0,40.225,10.25,18.1,1,1,1,1,1
2026-06-22T22,88.0,205.0,29.575,13.25,18.15,1,1,1,1,1
2026-06-22T23,63.0,152.0,50.15,4.675,15.3,1,1,1,1,1
2026-06-23T00,91.0,218.0,65.425,2.55,13.375,1,1,1,1,1
2026-06-23T01,92.0,207.0,60.35,11.325,13.95,1,1,1,1,1
2026-06-23T02,70.0,218.0,51.675,32.3,16.4,1,1,1,1,1
2026-06-23T03,70.0,201.0,30.975,61.15,17.45,1,1,1,1,1
2026-06-23T04,64.0,210.0,24.9,75.0,17.7,1,1,1,1,1
2026-06-23T11,27.0,110.0,8.9,34.8,3.9,1,1,1,1,1
2026-06-25T16,65.25,237.25,82.725,4.7,3.7,1,1,1,1,1
2026-06-25T17,43.0,193.0,43.45,10.75,3.525,1,1,1,1,1
2026-06-25T18,20.0,97.0,36.7,10.6,4.0,1,1,1,1,1
2026-06-25T19,19.25,95.5,32.125,10.9,4.55,1,1,1,1,1
2026-06-25T20,19.0,103.25,21.725,13.675,4.775,1,1,1,1,1
2026-06-25T21,21.25,91.0,20.475,13.375,4.4,1,1,1,1,1
2026-06-25T22,23.5,77.75,22.975,13.475,4.075,1,1,1,1,1
2026-06-25T23,19.5,78.75,34.475,9.275,3.95,1,1,1,1,1
2026-06-26T00,19.5,83.0,38.15,9.35,4.125,1,1,1,1,1
2026-06-26T01,36.0,96.667,37.0,10.833,4.7,1,1,1,1,1
2026-06-26T02,35.75,104.5,17.9,21.05,4.875,1,1,1,1,1
2026-06-26T03,28.5,132.0,17.45,33.65,5.525,1,1,1,1,1
2026-06-26T04,30.0,157.5,14.725,40.575,5.25,1,1,1,1,1
2026-06-26T05,25.75,158.5,10.5,51.125,5.35,1,1,1,1,1
2026-06-26T06,29.25,157.0,7.925,58.45,5.75,1,1,1,1,1
2026-06-26T07,29.5,148.0,5.85,67.3,6.975,1,1,1,1,1
2026-06-26T08,32.0,136.0,6.325,70.967,6.475,1,1,1,1,1
2026-06-26T09,30.75,135.25,7.15,76.35,5.725,1,1,1,1,1
2026-06-26T10,28.5,127.0,8.1,78.6,5.85,1,1,1,1,1
2026-06-26T11,28.0,118.75,8.975,80.0,5.65,1,1,1,1,1
2026-06-26T12,33.25,162.0,10.5,67.775,5.85,1,1,1,1,1
2026-06-26T13,54.5,280.5,21.85,51.375,5.025,1,1,1,1,1
2026-06-26T14,38.5,263.25,27.15,36.975,4.2,1,1,1,1,1
2026-06-26T15,38.5,198.0,17.325,22.575,3.4,1,1,1,1,1
2026-06-26T16,35.75,130.25,20.8,14.5,3.275,1,1,1,1,1
2026-06-26T17,40.0,108.5,51.075,5.9,3.425,1,1,1,1,1
2026-06-26T18,39.0,121.0,57.2,3.9,0.1,1,1,1,1,1
2026-06-26T19,36.0,109.75,63.775,3.45,0.1,1,1,1,1,1
2026-06-26T20,33.5,119.5,59.4,4.1,0.2,1,1,1,1,1
2026-06-26T21,35.25,116.5,32.6,7.575,,1,1,1,1,0
2026-06-26T22,38.25,105.75,26.125,8.35,,1,1,1,1,0
2026-06-26T23,39.75,121.0,30.45,6.975,,1,1,1,1,0
2026-06-27T00,31.75,133.75,28.95,7.975,0.75,1,1,1,1,1
2026-06-27T01,51.5,154.0,28.3,9.2,0.5,1,1,1,1,1
2026-06-27T02,50.75,178.0,24.25,11.575,0.5,1,1,1,1,1
2026-06-27T03,47.25,210.25,15.725,19.725,0.825,1,1,1,1,1
2026-06-27T04,44.75,220.5,14.0,26.2,0.975,1,1,1,1,1
2026-06-27T05,44.0,197.75,12.65,34.525,0.825,1,1,1,1,1
2026-06-27T06,49.25,188.5,10.75,47.475,1.225,1,1,1,1,1
2026-06-27T07,54.0,183.5,8.6,55.9,1.95,1,1,1,1,1
2026-06-27T08,49.0,182.0,8.025,61.35,2.425,1,1,1,1,1
2026-06-27T09,45.5,176.0,6.825,59.075,2.55,1,1,1,1,1
2026-06-27T10,42.0,149.25,7.05,56.2,2.95,1,1,1,1,1
2026-06-27T11,39.5,150.0,6.625,63.1,2.575,1,1,1,1,1
2026-06-27T12,42.75,159.75,9.0,59.6,2.3,1,1,1,1,1
2026-06-27T13,74.0,219.75,13.975,50.65,1.525,1,1,1,1,1
2026-06-27T14,72.75,378.5,26.925,37.65,0.867,1,1,1,1,1
2026-06-27T15,69.75,285.5,38.35,21.375,0.333,1,1,1,1,1
2026-06-27T16,81.25,240.5,48.225,15.5,0.45,1,1,1,1,1
2026-06-27T17,76.75,254.5,46.875,10.875,0.533,1,1,1,1,1
2026-06-27T18,64.0,234.0,21.9,17.9,2.3,1,1,1,1,1
2026-06-27T19,61.75,189.0,28.55,18.675,3.2,1,1,1,1,1
2026-06-27T20,70.75,203.25,48.55,9.625,3.6,1,1,1,1,1
2026-06-27T21,98.75,249.0,47.2,6.175,3.925,1,1,1,1,1
2026-06-27T22,89.0,232.5,40.625,5.6,3.8,1,1,1,1,1
2026-06-27T23,80.75,220.0,58.75,3.675,3.075,1,1,1,1,1
2026-06-28T00,65.75,218.25,60.2,3.075,3.425,1,1,1,1,1
2026-06-28T01,76.0,193.25,31.475,4.675,3.625,1,1,1,1,1
2026-06-28T02,55.5,163.25,15.725,10.275,3.3,1,1,1,1,1
2026-06-28T03,37.25,153.0,13.55,17.475,3.475,1,1,1,1,1
2026-06-28T04,25.0,126.5,17.2,22.65,3.425,1,1,1,1,1
2026-06-28T05,23.5,108.25,9.875,30.525,4.675,1,1,1,1,1
2026-06-28T06,28.5,113.25,8.125,42.1,5.625,1,1,1,1,1
2026-06-28T07,32.5,121.5,6.5,51.3,5.8,1,1,1,1,1
2026-06-28T08,39.5,136.75,5.0,59.1,6.125,1,1,1,1,1
2026-06-28T09,37.25,143.75,4.4,61.8,7.375,1,1,1,1,1
2026-06-28T10,39.75,148.0,4.15,65.967,7.925,1,1,1,1,1
2026-06-28T11,46.25,149.0,5.675,63.95,7.375,1,1,1,1,1
2026-06-28T12,46.0,193.0,12.0,45.7,4.1,1,1,1,1,1
2026-06-28T13,64.0,259.75,15.375,40.55,2.9,1,1,1,1,1
2026-06-28T14,61.0,272.25,24.75,27.75,3.5,1,1,1,1,1
2026-06-28T15,65.5,208.25,42.275,19.275,2.95,1,1,1,1,1
2026-06-28T16,64.25,197.0,57.5,10.325,3.05,1,1,1,1,1
2026-06-28T17,65.25,194.75,77.6,4.225,3.8,1,1,1,1,1
2026-06-28T18,58.0,196.0,83.3,2.8,2.5,1,1,1,1,1
2026-06-28T19,55.75,173.5,59.275,6.85,1.3,1,1,1,1,1
2026-06-28T20,61.0,176.5,43.725,10.05,1.8,1,1,1,1,1
2026-06-28T21,51.75,174.75,29.45,12.175,2.1,1,1,1,1,1
2026-06-28T22,43.5,138.5,28.375,10.85,1.65,1,1,1,1,1
2026-06-28T23,36.75,119.5,35.15,8.775,1.35,1,1,1,1,1
2026-06-29T00,38.0,121.5,48.025,5.3,1.825,1,1,1,1,1
2026-06-29T01,64.5,139.5,31.45,10.175,1.4,1,1,1,1,1
2026-06-29T02,51.25,138.25,25.25,14.95,1.825,1,1,1,1,1
2026-06-29T03,34.25,142.75,15.325,20.325,1.575,1,1,1,1,1
2026-06-29T04,24.25,157.0,10.925,25.3,2.075,1,1,1,1,1
2026-06-29T05,34.75,163.0,9.85,34.175,2.55,1,1,1,1,1
2026-06-29T06,36.75,182.5,9.475,43.0,4.075,1,1,1,1,1
2026-06-29T07,30.75,183.75,7.8,48.0,6.4,1,1,1,1,1
2026-06-29T08,38.0,190.25,7.375,48.25,7.5,1,1,1,1,1
2026-06-29T09,38.75,204.25,5.7,,6.95,1,1,1,0,1
2026-06-29T10,28.25,195.25,5.65,52.2,7.2,1,1,1,1,1
2026-06-29T11,25.0,199.25,6.25,63.4,5.45,1,1,1,1,1
2026-06-29T12,29.5,225.25,17.925,34.1,4.175,1,1,1,1,1
2026-06-29T13,39.25,228.5,22.425,29.05,2.775,1,1,1,1,1
2026-06-29T14,36.75,283.25,46.875,18.1,2.8,1,1,1,1,1
2026-06-29T15,44.75,282.5,69.175,5.625,3.7,1,1,1,1,1
2026-06-29T16,50.25,226.5,65.95,2.75,4.4,1,1,1,1,1
2026-06-29T17,52.5,194.25,48.7,4.5,5.175,1,1,1,1,1
2026-06-29T18,46.0,174.0,40.6,4.2,3.7,1,1,1,1,1
2026-06-29T19,55.75,162.0,28.05,6.3,2.85,1,1,1,1,1
2026-06-29T20,45.5,144.5,27.65,7.075,2.425,1,1,1,1,1
2026-06-29T21,35.0,117.5,27.3,7.375,2.025,1,1,1,1,1
2026-06-29T22,26.25,104.75,32.7,5.85,1.325,1,1,1,1,1
2026-06-29T23,51.75,154.75,28.275,4.725,0.825,1,1,1,1,1
2026-06-30T00,40.0,126.25,26.725,6.45,0.75,1,1,1,1,1
2026-06-30T01,55.5,149.25,31.525,3.425,1.575,1,1,1,1,1
2026-06-30T02,45.0,165.0,24.575,4.375,2.125,1,1,1,1,1
2026-06-30T03,27.75,253.0,22.0,5.875,1.95,1,1,1,1,1
2026-06-30T04,34.5,305.25,11.95,12.0,1.9,1,1,1,1,1
2026-06-30T05,44.0,314.5,14.075,15.575,2.4,1,1,1,1,1
2026-06-30T06,46.75,313.5,15.625,23.975,2.425,1,1,1,1,1
2026-06-30T07,42.5,318.25,15.65,34.375,1.875,1,1,1,1,1
2026-06-30T08,49.25,316.25,9.6,45.875,2.6,1,1,1,1,1
2026-06-30T09,52.0,348.0,5.925,50.45,1.825,1,1,1,1,1
2026-06-30T10,56.5,388.25,12.65,58.5,1.9,1,1,1,1,1
2026-06-30T11,86.5,352.25,16.5,46.1,1.85,1,1,1,1,1
2026-06-30T12,80.25,262.0,15.7,41.9,1.15,1,1,1,1,1
2026-06-30T13,81.0,268.5,20.15,29.325,0.4,1,1,1,1,1
2026-06-30T14,78.0,297.0,25.4,23.15,0.3,1,1,1,1,1
2026-06-30T15,70.0,234.0,20.65,18.625,0.3,1,1,1,1,1
2026-06-30T16,53.25,142.5,15.725,16.125,0.525,1,1,1,1,1
2026-06-30T17,45.0,118.75,16.425,14.4,0.65,1,1,1,1,1
2026-06-30T19,57.0,113.0,14.1,11.7,0.7,1,1,1,1,1
2026-06-30T20,50.25,101.0,12.675,11.45,0.133,1,1,1,1,1
2026-06-30T21,53.25,95.5,16.85,8.675,0.525,1,1,1,1,1
2026-06-30T22,53.5,100.25,22.525,5.375,1.0,1,1,1,1,1
2026-06-30T23,44.0,73.5,20.15,6.725,1.5,1,1,1,1,1
2026-07-01T00,36.0,71.0,16.4,8.85,2.65,1,1,1,1,1
2026-07-01T01,36.25,69.75,15.45,10.25,2.55,1,1,1,1,1
2026-07-01T02,29.75,79.75,17.875,11.0,2.175,1,1,1,1,1
2026-07-01T03,31.5,84.0,15.075,14.7,1.925,1,1,1,1,1
2026-07-01T04,33.5,88.0,13.2,20.1,2.1,1,1,1,1,1
2026-07-01T05,26.5,98.75,11.7,21.45,1.9,1,1,1,1,1
2026-07-01T06,27.75,97.25,12.4,27.375,1.2,1,1,1,1,1
2026-07-01T07,36.5,109.5,11.9,33.2,0.733,1,1,1,1,1
2026-07-01T08,39.75,99.75,13.675,33.825,,1,1,1,1,0
2026-07-01T09,33.25,104.75,12.575,34.3,0.433,1,1,1,1,1
2026-07-01T10,29.5,106.5,14.3,35.075,0.467,1,1,1,1,1
2026-07-01T11,38.75,115.75,19.3,36.475,2.15,1,1,1,1,1
2026-07-01T12,41.5,137.0,17.6,34.6,4.45,1,1,1,1,1
2026-07-01T13,48.5,182.0,19.9,27.125,6.15,1,1,1,1,1
2026-07-01T14,45.75,179.0,20.1,16.6,6.0,1,1,1,1,1
2026-07-01T15,46.25,164.5,28.725,9.8,4.625,1,1,1,1,1
2026-07-01T16,42.5,135.5,25.625,8.25,5.35,1,1,1,1,1
2026-07-01T17,41.0,120.25,19.05,8.5,4.375,1,1,1,1,1
2026-07-01T18,39.0,111.0,13.4,11.2,5.1,1,1,1,1,1
2026-07-01T19,30.75,92.25,11.275,12.3,5.35,1,1,1,1,1
2026-07-01T20,25.0,80.75,10.65,12.525,4.725,1,1,1,1,1
2026-07-01T21,27.0,78.25,13.225,10.05,4.3,1,1,1,1,1
2026-07-01T22,29.5,81.75,11.575,11.15,4.3,1,1,1,1,1
2026-07-01T23,28.5,92.0,16.65,7.725,3.525,1,1,1,1,1
2026-07-02T00,52.75,127.25,32.375,3.65,4.25,1,1,1,1,1
2026-07-02T01,79.0,154.5,22.05,5.8,5.65,1,1,1,1,1
2026-07-02T02,27.25,107.5,13.975,14.9,6.85,1,1,1,1,1
2026-07-02T03,8.0,39.0,23.05,18.15,5.45,1,1,1,1,1
2026-07-02T04,8.0,26.5,20.05,26.8,5.15,1,1,1,1,1
2026-07-02T05,14.0,42.25,20.1,34.975,4.95,1,1,1,1,1
2026-07-02T06,24.25,58.25,21.925,53.1,4.9,1,1,1,1,1
2026-07-02T07,35.25,87.5,19.425,76.1,4.775,1,1,1,1,1
2026-07-02T08,49.25,120.75,21.2,85.7,5.35,1,1,1,1,1
2026-07-02T09,53.0,123.0,36.1,95.625,6.075,1,1,1,1,1
2026-07-02T10,46.25,121.75,32.175,111.45,6.325,1,1,1,1,1
2026-07-02T11,48.5,132.5,20.175,109.525,7.55,1,1,1,1,1
2026-07-02T12,51.5,121.0,15.95,73.875,7.125,1,1,1,1,1
2026-07-02T13,51.25,108.5,16.6,52.0,7.05,1,1,1,1,1
2026-07-02T14,54.0,120.25,17.45,32.075,5.525,1,1,1,1,1
2026-07-02T15,47.5,112.25,19.1,24.2,4.6,1,1,1,1,1
2026-07-02T16,42.75,90.0,16.325,23.675,5.125,1,1,1,1,1
2026-07-02T17,28.5,75.75,13.45,22.425,5.0,1,1,1,1,1
2026-07-02T18,30.0,78.0,14.5,19.5,3.6,1,1,1,1,1
2026-07-02T19,30.0,80.25,10.3,18.675,3.65,1,1,1,1,1
2026-07-02T20,25.5,64.5,8.6,17.25,3.125,1,1,1,1,1
2026-07-02T21,27.75,60.5,10.075,12.775,2.325,1,1,1,1,1
2026-07-02T22,34.25,63.25,9.025,12.1,2.325,1,1,1,1,1
2026-07-02T23,44.25,79.0,11.25,8.75,2.925,1,1,1,1,1
2026-07-03T00,56.0,102.0,14.8,7.1,3.375,1,1,1,1,1
2026-07-03T01,58.25,102.75,14.15,8.8,3.125,1,1,1,1,1
2026-07-03T02,52.0,105.5,13.4,11.625,2.875,1,1,1,1,1
2026-07-03T03,54.5,115.25,11.75,21.45,3.55,1,1,1,1,1
2026-07-03T04,38.75,112.75,9.125,37.375,3.9,1,1,1,1,1
2026-07-03T05,42.75,115.5,9.275,52.9,4.45,1,1,1,1,1
2026-07-03T06,46.0,116.25,7.725,64.25,4.6,1,1,1,1,1
2026-07-03T07,44.5,107.75,7.225,74.35,4.65,1,1,1,1,1
2026-07-03T08,40.25,111.0,8.3,69.425,3.725,1,1,1,1,1
2026-07-03T09,48.75,113.0,9.5,69.325,3.875,1,1,1,1,1
2026-07-03T10,48.25,116.75,15.375,55.1,3.975,1,1,1,1,1
2026-07-03T11,54.5,130.0,17.875,43.625,3.9,1,1,1,1,1
2026-07-03T12,53.25,127.25,15.575,45.825,4.075,1,1,1,1,1
2026-07-03T13,48.25,130.25,21.625,41.2,4.5,1,1,1,1,1
2026-07-03T14,30.5,143.25,24.8,30.125,3.7,1,1,1,1,1
2026-07-03T15,46.0,144.0,24.775,22.8,3.925,1,1,1,1,1
2026-07-03T16,53.0,133.25,25.675,20.15,3.575,1,1,1,1,1
2026-07-03T17,51.5,121.75,24.0,20.925,4.025,1,1,1,1,1
2026-07-03T18,52.0,135.0,48.2,5.6,,1,1,1,1,0
2026-07-03T19,57.25,139.5,33.45,9.75,,1,1,1,1,0
2026-07-03T20,58.25,151.5,28.4,10.675,0.1,1,1,1,1,1
2026-07-03T21,58.75,164.0,29.775,6.6,0.2,1,1,1,1,1
2026-07-03T22,66.5,146.0,27.475,6.55,,1,1,1,1,0
2026-07-03T23,66.0,116.0,20.6,7.3,,1,1,1,1,0
2026-07-04T00,58.5,107.75,21.125,5.85,,1,1,1,1,0
2026-07-04T01,55.25,114.0,17.275,7.775,,1,1,1,1,0
2026-07-04T02,31.75,97.5,13.175,10.325,5.6,1,1,1,1,1
2026-07-04T03,45.75,107.5,11.3,13.05,8.175,1,1,1,1,1
2026-07-04T04,38.75,94.25,9.7,14.225,8.625,1,1,1,1,1
2026-07-04T05,34.0,82.75,7.7,24.475,8.425,1,1,1,1,1
2026-07-04T06,47.5,99.0,9.3,22.675,9.4,1,1,1,1,1
2026-07-04T07,47.5,90.75,14.925,10.05,10.15,1,1,1,1,1
2026-07-04T08,51.25,62.75,22.4,10.325,10.1,1,1,1,1,1
2026-07-04T09,38.0,56.5,21.5,10.05,9.325,1,1,1,1,1
2026-07-04T10,30.75,53.25,24.325,15.075,9.175,1,1,1,1,1
2026-07-04T11,34.5,67.0,22.0,17.8,8.5,1,1,1,1,1
2026-07-04T12,51.0,108.75,25.65,21.75,9.25,1,1,1,1,1
2026-07-04T13,68.0,122.5,21.45,19.4,9.25,1,1,1,1,1
2026-07-04T14,62.25,135.0,26.475,12.55,9.525,1,1,1,1,1
2026-07-04T15,77.75,151.75,45.55,5.4,9.475,1,1,1,1,1
2026-07-04T16,93.75,180.75,59.475,3.325,9.025,1,1,1,1,1
2026-07-04T17,108.25,201.0,68.7,3.65,9.725,1,1,1,1,1
2026-07-04T18,112.0,239.0,66.9,3.4,10.1,1,1,1,1,1
2026-07-04T19,113.5,219.5,65.625,4.175,9.675,1,1,1,1,1
2026-07-04T20,112.5,207.5,46.05,3.35,9.25,1,1,1,1,1
2026-07-04T21,117.0,173.5,29.125,3.575,8.925,1,1,1,1,1
2026-07-04T22,154.25,194.0,32.8,4.625,9.625,1,1,1,1,1
2026-07-04T23,157.75,192.0,24.45,4.075,9.85,1,1,1,1,1
2026-07-05T00,134.0,164.75,33.0,3.45,10.375,1,1,1,1,1
2026-07-05T01,153.25,192.25,40.75,3.25,10.9,1,1,1,1,1
2026-07-05T02,107.25,177.0,31.075,4.175,10.175,1,1,1,1,1
2026-07-05T03,77.75,146.25,13.8,6.225,9.9,1,1,1,1,1
2026-07-05T04,64.25,123.25,11.25,10.525,9.75,1,1,1,1,1
2026-07-05T05,58.75,112.0,10.025,15.525,9.25,1,1,1,1,1
2026-07-05T06,45.25,90.5,12.275,13.725,9.5,1,1,1,1,1
2026-07-05T07,31.25,76.5,16.725,8.175,10.65,1,1,1,1,1
2026-07-05T08,33.25,65.0,18.375,8.425,11.45,1,1,1,1,1
2026-07-05T09,15.5,46.25,9.0,10.825,11.95,1,1,1,1,1
2026-07-05T10,17.25,37.25,21.85,8.65,11.925,1,1,1,1,1
2026-07-05T11,23.0,69.75,29.75,9.425,12.2,1,1,1,1,1
2026-07-05T12,30.75,88.5,27.35,11.35,11.8,1,1,1,1,1
2026-07-05T13,30.0,108.25,35.55,8.175,11.2,1,1,1,1,1
2026-07-05T14,28.25,127.5,47.85,3.875,10.85,1,1,1,1,1
2026-07-05T15,43.0,141.0,49.2,2.625,10.7,1,1,1,1,1
2026-07-05T16,45.75,141.0,48.525,2.1,10.675,1,1,1,1,1
2026-07-05T17,44.25,126.5,48.525,2.55,10.9,1,1,1,1,1
2026-07-05T18,66.0,184.0,46.3,2.4,9.8,1,1,1,1,1
2026-07-05T19,69.0,154.0,31.3,3.275,9.525,1,1,1,1,1
2026-07-05T20,29.5,88.5,18.575,2.75,9.675,1,1,1,1,1
2026-07-05T21,25.0,61.0,19.9,2.775,10.3,1,1,1,1,1
2026-07-05T22,31.75,73.75,19.275,2.325,8.85,1,1,1,1,1
2026-07-05T23,41.25,77.5,17.5,2.2,8.075,1,1,1,1,1
2026-07-06T00,53.0,83.75,20.375,2.05,8.3,1,1,1,1,1
2026-07-06T01,37.25,81.5,15.925,3.25,7.175,1,1,1,1,1
2026-07-06T02,31.0,59.75,13.125,4.925,7.95,1,1,1,1,1
2026-07-06T03,16.0,59.75,18.475,9.875,9.025,1,1,1,1,1
2026-07-06T04,24.25,79.25,13.075,17.725,8.675,1,1,1,1,1
2026-07-06T05,30.0,84.25,8.95,24.1,8.6,1,1,1,1,1
2026-07-06T06,24.25,72.75,8.325,27.5,9.275,1,1,1,1,1
2026-07-06T07,19.75,63.75,3.55,31.425,10.2,1,1,1,1,1
2026-07-06T08,16.75,57.5,4.775,40.025,10.175,1,1,1,1,1
2026-07-06T09,19.0,56.0,5.65,48.425,9.85,1,1,1,1,1
2026-07-06T10,28.25,82.25,10.125,53.375,9.3,1,1,1,1,1
2026-07-06T11,37.75,101.5,11.175,40.475,8.525,1,1,1,1,1
2026-07-06T12,30.25,77.25,10.4,28.375,8.475,1,1,1,1,1
2026-07-06T13,29.25,95.75,17.3,18.75,7.85,1,1,1,1,1
2026-07-06T14,19.5,139.5,46.6,5.575,7.95,1,1,1,1,1
2026-07-06T15,28.75,133.75,32.825,5.95,8.4,1,1,1,1,1
2026-07-06T16,30.0,127.25,26.1,7.0,8.475,1,1,1,1,1
2026-07-06T17,32.75,116.5,24.75,6.625,8.15,1,1,1,1,1
2026-07-06T19,51.0,112.0,23.0,3.7,11.2,1,1,1,1,1
2026-07-06T20,48.75,105.25,29.925,2.9,10.1,1,1,1,1,1
2026-07-06T21,51.0,118.0,37.075,2.575,9.975,1,1,1,1,1
2026-07-06T22,43.0,101.25,23.15,3.375,10.2,1,1,1,1,1
2026-07-06T23,43.0,94.0,21.6,2.775,10.35,1,1,1,1,1
2026-07-07T00,48.5,115.0,34.625,3.975,9.775,1,1,1,1,1
2026-07-07T01,80.75,159.5,36.3,3.525,9.925,1,1,1,1,1
2026-07-07T02,64.0,169.0,36.275,4.1,8.75,1,1,1,1,1
2026-07-07T03,56.5,151.5,34.175,3.367,10.375,1,1,1,1,1
2026-07-07T04,65.25,173.0,26.625,1.3,10.625,1,1,1,1,1
2026-07-07T05,44.0,132.5,18.0,6.6,9.75,1,1,1,1,1
2026-07-07T06,23.25,111.5,10.15,16.125,64.7,1,1,1,1,1
2026-07-07T07,22.0,134.75,11.525,19.625,6.825,1,1,1,1,1
2026-07-07T08,23.75,78.5,12.35,16.875,5.35,1,1,1,1,1
2026-07-07T09,20.25,41.25,16.625,12.95,5.6,1,1,1,1,1
2026-07-07T10,14.5,21.75,20.05,7.525,5.15,1,1,1,1,1
2026-07-07T11,11.5,19.25,27.3,6.8,5.25,1,1,1,1,1
2026-07-07T12,17.0,23.0,35.85,6.625,5.475,1,1,1,1,1
2026-07-07T13,19.75,34.5,38.05,6.4,5.025,1,1,1,1,1
2026-07-07T14,10.25,36.5,41.025,4.425,5.275,1,1,1,1,1
2026-07-07T15,31.0,48.0,53.7,4.7,5.05,1,1,1,1,1
2026-07-07T16,40.5,52.75,50.6,4.9,5.525,1,1,1,1,1
2026-07-07T17,41.0,59.0,37.525,4.65,5.05,1,1,1,1,1
2026-07-07T18,45.0,63.0,45.9,3.5,3.1,1,1,1,1,1
2026-07-07T19,54.0,63.0,39.875,4.525,2.15,1,1,1,1,1
2026-07-07T20,35.25,47.25,29.65,4.775,1.925,1,1,1,1,1
2026-07-07T21,28.0,54.0,41.05,4.0,2.075,1,1,1,1,1
2026-07-07T22,61.0,93.25,18.1,4.825,2.1,1,1,1,1,1
2026-07-07T23,52.5,78.75,14.925,5.0,2.1,1,1,1,1,1
2026-07-08T00,36.25,52.0,11.25,5.075,2.625,1,1,1,1,1
2026-07-08T01,28.5,49.75,19.425,4.25,1.95,1,1,1,1,1
2026-07-08T02,18.75,50.25,16.325,6.1,1.6,1,1,1,1,1
2026-07-08T03,26.5,43.25,19.8,6.725,2.45,1,1,1,1,1
2026-07-08T04,39.0,51.5,15.325,7.3,2.45,1,1,1,1,1
2026-07-08T05,37.5,61.75,18.625,9.125,2.85,1,1,1,1,1
2026-07-08T06,29.25,52.0,11.925,9.6,2.975,1,1,1,1,1
2026-07-08T07,17.25,33.75,14.1,7.825,3.15,1,1,1,1,1
2026-07-08T08,17.75,28.25,14.675,8.175,2.25,1,1,1,1,1
2026-07-08T09,19.75,37.75,14.525,8.45,1.875,1,1,1,1,1
2026-07-08T10,23.0,29.0,13.725,8.075,1.725,1,1,1,1,1
2026-07-08T11,22.5,25.0,11.625,7.275,1.25,1,1,1,1,1
2026-07-08T12,20.5,28.75,16.3,6.725,1.825,1,1,1,1,1
2026-07-08T13,28.25,41.25,15.775,7.975,1.725,1,1,1,1,1
2026-07-08T14,31.0,34.5,18.275,7.525,1.725,1,1,1,1,1
2026-07-08T15,38.0,40.75,37.075,5.2,1.3,1,1,1,1,1
2026-07-08T16,26.0,48.5,12.275,8.4,2.025,1,1,1,1,1
2026-07-08T17,16.0,32.75,11.825,8.9,1.675,1,1,1,1,1
2026-07-08T18,16.0,29.0,9.3,9.8,4.8,1,1,1,1,1
2026-07-08T19,12.25,20.75,6.15,10.85,6.075,1,1,1,1,1
2026-07-08T20,6.5,9.0,5.95,11.65,6.25,1,1,1,1,1
2026-07-08T21,11.75,13.5,3.475,11.875,6.0,1,1,1,1,1
2026-07-08T22,14.0,16.0,17.975,7.2,5.075,1,1,1,1,1
2026-07-08T23,7.0,19.0,12.4,7.975,5.925,1,1,1,1,1
2026-07-09T00,7.75,13.75,6.525,9.075,6.25,1,1,1,1,1
2026-07-09T01,3.5,8.25,10.5,9.8,5.75,1,1,1,1,1
2026-07-09T02,2.0,5.5,6.45,12.6,5.55,1,1,1,1,1
2026-07-09T03,,3.5,7.875,13.75,6.25,0,1,1,1,1
2026-07-09T04,,21.75,11.825,11.775,5.75,0,1,1,1,1
2026-07-09T05,,17.5,11.85,11.675,5.675,0,1,1,1,1
2026-07-09T06,,14.0,9.725,11.325,6.075,0,1,1,1,1
2026-07-09T07,,16.0,8.475,13.1,4.9,0,1,1,1,1
2026-07-09T08,,13.75,8.825,13.9,4.9,0,1,1,1,1
2026-07-09T09,1.0,9.25,7.375,14.9,5.2,1,1,1,1,1
2026-07-09T10,1.0,15.5,6.1,15.7,4.975,1,1,1,1,1
2026-07-09T11,2.5,19.5,6.675,14.675,5.125,1,1,1,1,1
2026-07-09T12,3.0,22.25,8.2,13.85,5.475,1,1,1,1,1
2026-07-09T13,5.25,24.5,11.175,12.725,5.325,1,1,1,1,1
2026-07-09T14,3.75,25.0,13.375,12.825,5.5,1,1,1,1,1
2026-07-09T15,15.75,29.5,20.825,11.3,5.0,1,1,1,1,1
2026-07-09T16,17.75,28.75,18.925,12.075,5.275,1,1,1,1,1
2026-07-09T17,8.0,27.25,15.8,10.725,5.575,1,1,1,1,1
2026-07-09T18,13.0,20.0,15.6,8.4,2.9,1,1,1,1,1
2026-07-09T19,22.0,26.75,11.0,9.1,2.45,1,1,1,1,1
2026-07-09T20,16.75,29.0,10.25,9.35,2.15,1,1,1,1,1
2026-07-09T21,8.75,23.75,17.0,7.8,2.225,1,1,1,1,1
2026-07-09T22,7.75,28.0,18.275,6.8,2.45,1,1,1,1,1
2026-07-09T23,10.25,24.0,14.025,6.175,2.6,1,1,1,1,1
2026-07-10T00,15.5,35.5,28.8,3.775,2.4,1,1,1,1,1
2026-07-10T01,14.75,46.0,28.575,4.125,2.925,1,1,1,1,1
2026-07-10T02,17.75,54.75,26.775,6.025,2.15,1,1,1,1,1
2026-07-10T03,30.25,61.5,22.05,8.8,2.325,1,1,1,1,1
2026-07-10T04,33.25,66.75,15.0,10.775,2.625,1,1,1,1,1
2026-07-10T05,34.5,68.75,13.35,14.65,2.55,1,1,1,1,1
2026-07-10T06,22.25,61.5,11.725,24.375,2.225,1,1,1,1,1
2026-07-10T07,9.0,47.75,8.85,28.575,2.95,1,1,1,1,1
2026-07-10T08,6.0,42.5,8.7,31.625,3.2,1,1,1,1,1
2026-07-10T09,6.75,45.75,7.5,33.05,,1,1,1,1,0
2026-07-10T10,14.5,50.75,8.05,34.2,8.975,1,1,1,1,1
2026-07-10T11,17.0,46.75,7.525,31.275,2.1,1,1,1,1,1
2026-07-10T12,16.0,54.0,11.175,26.6,2.4,1,1,1,1,1
2026-07-10T13,12.25,60.0,17.4,22.35,2.65,1,1,1,1,1
2026-07-10T14,9.5,83.5,38.0,13.825,2.25,1,1,1,1,1
2026-07-10T15,36.0,130.0,47.275,12.8,2.2,1,1,1,1,1
2026-07-10T16,29.25,140.0,35.425,14.675,1.925,1,1,1,1,1
2026-07-10T17,30.75,122.5,33.075,15.275,1.975,1,1,1,1,1
2026-07-10T18,28.0,113.0,32.3,13.2,2.3,1,1,1,1,1
2026-07-10T19,25.75,112.25,31.1,14.675,1.875,1,1,1,1,1
2026-07-10T20,20.5,97.0,29.925,13.45,1.9,1,1,1,1,1
2026-07-10T21,18.25,89.75,31.325,10.7,2.025,1,1,1,1,1
2026-07-10T22,19.5,89.75,21.725,11.8,1.475,1,1,1,1,1
2026-07-10T23,34.25,105.75,18.95,11.4,2.5,1,1,1,1,1
2026-07-11T00,39.0,99.0,33.675,7.375,2.525,1,1,1,1,1
2026-07-11T01,39.0,108.5,41.85,6.0,2.6,1,1,1,1,1
2026-07-11T02,39.75,122.0,32.825,10.45,2.475,1,1,1,1,1
2026-07-11T03,41.5,134.75,23.575,12.05,2.275,1,1,1,1,1
2026-07-11T04,27.75,173.25,13.45,15.65,3.025,1,1,1,1,1
2026-07-11T05,36.5,218.75,13.375,20.025,2.775,1,1,1,1,1
2026-07-11T06,40.25,274.25,11.925,24.475,2.9,1,1,1,1,1
2026-07-11T07,51.25,339.25,10.575,27.425,2.425,1,1,1,1,1
2026-07-11T08,55.75,375.5,10.625,31.8,2.575,1,1,1,1,1
2026-07-11T09,59.75,406.75,11.425,32.5,3.025,1,1,1,1,1
2026-07-11T10,54.25,385.75,9.925,32.75,2.825,1,1,1,1,1
2026-07-11T11,55.75,380.5,12.875,32.0,2.575,1,1,1,1,1
2026-07-11T12,66.0,387.25,17.175,27.025,2.575,1,1,1,1,1
2026-07-11T13,68.25,388.25,24.425,20.125,3.0,1,1,1,1,1
2026-07-11T14,61.25,354.25,46.975,10.975,2.45,1,1,1,1,1
2026-07-11T15,61.25,336.25,62.125,4.825,2.95,1,1,1,1,1
2026-07-11T16,66.5,323.5,61.075,3.35,3.15,1,1,1,1,1
2026-07-11T17,67.25,337.25,46.375,5.075,3.2,1,1,1,1,1
2026-07-11T18,63.0,316.0,51.6,3.2,3.6,1,1,1,1,1
2026-07-11T19,55.5,303.25,46.8,4.125,3.25,1,1,1,1,1
2026-07-11T20,46.25,224.0,38.875,5.325,3.7,1,1,1,1,1
2026-07-11T21,42.5,174.25,28.95,6.5,2.975,1,1,1,1,1
2026-07-11T22,36.75,134.5,23.425,7.25,2.9,1,1,1,1,1
2026-07-11T23,29.75,113.5,29.625,5.8,3.475,1,1,1,1,1
2026-07-12T00,25.0,119.75,38.675,3.875,2.625,1,1,1,1,1
2026-07-12T01,29.25,135.75,31.15,5.725,2.6,1,1,1,1,1
2026-07-12T02,37.75,166.25,19.9,10.0,2.675,1,1,1,1,1
2026-07-12T03,26.5,191.5,15.35,12.725,2.875,1,1,1,1,1
2026-07-12T04,45.25,257.0,14.6,15.475,3.2,1,1,1,1,1
2026-07-12T05,49.25,334.0,13.425,19.175,3.175,1,1,1,1,1
2026-07-12T06,57.75,436.25,12.125,23.275,2.9,1,1,1,1,1
2026-07-12T07,63.25,503.0,10.9,27.075,3.075,1,1,1,1,1
2026-07-12T08,76.75,543.75,9.925,28.075,2.425,1,1,1,1,1
2026-07-12T09,74.25,533.5,9.4,25.475,2.05,1,1,1,1,1
2026-07-12T10,82.5,587.75,11.375,25.6,3.25,1,1,1,1,1
2026-07-12T11,88.25,637.25,12.05,27.35,2.725,1,1,1,1,1
2026-07-12T12,86.0,635.0,17.15,24.7,3.225,1,1,1,1,1
2026-07-12T13,89.5,622.75,28.025,18.225,3.1,1,1,1,1,1
2026-07-12T14,79.0,583.25,45.55,8.425,3.4,1,1,1,1,1
2026-07-12T15,89.25,550.0,52.925,4.7,3.175,1,1,1,1,1
2026-07-12T16,90.25,508.5,57.25,3.4,2.775,1,1,1,1,1
2026-07-12T17,92.75,488.75,58.05,3.425,3.675,1,1,1,1,1
2026-07-12T18,100.0,481.0,56.9,3.8,3.9,1,1,1,1,1
2026-07-12T19,67.0,362.5,21.4,10.125,4.025,1,1,1,1,1
2026-07-12T20,24.5,184.25,12.925,14.3,3.925,1,1,1,1,1
2026-07-12T21,24.5,122.25,15.45,11.5,4.35,1,1,1,1,1
2026-07-12T22,30.25,114.75,16.6,11.175,3.725,1,1,1,1,1
2026-07-12T23,26.5,125.25,20.35,10.225,3.575,1,1,1,1,1
2026-07-13T00,28.0,114.75,34.175,5.7,3.1,1,1,1,1,1
2026-07-13T01,29.0,127.25,30.525,6.8,3.3,1,1,1,1,1
2026-07-13T02,26.0,151.75,23.425,12.975,3.6,1,1,1,1,1
2026-07-13T03,33.25,167.75,16.475,20.475,3.425,1,1,1,1,1
2026-07-13T04,27.75,171.0,12.3,25.425,3.925,1,1,1,1,1
2026-07-13T05,29.5,196.5,11.675,32.35,3.55,1,1,1,1,1
2026-07-13T06,39.25,190.0,10.575,40.825,3.45,1,1,1,1,1
2026-07-13T07,42.0,197.75,9.65,42.5,3.725,1,1,1,1,1
2026-07-13T08,41.25,196.0,10.7,43.625,4.175,1,1,1,1,1
2026-07-13T09,40.25,212.75,12.275,42.425,4.05,1,1,1,1,1
2026-07-13T10,38.5,219.0,9.875,43.55,4.025,1,1,1,1,1
2026-07-13T11,44.75,232.5,10.225,41.775,4.05,1,1,1,1,1
2026-07-13T12,50.0,218.25,15.925,35.4,4.3,1,1,1,1,1
2026-07-13T13,45.75,218.75,34.425,24.025,3.575,1,1,1,1,1
2026-07-13T14,45.5,245.75,44.825,18.0,3.45,1,1,1,1,1
2026-07-13T15,36.25,301.25,14.525,29.2,4.15,1,1,1,1,1
2026-07-13T16,39.0,146.75,31.825,20.45,4.7,1,1,1,1,1
2026-07-13T17,44.75,137.25,48.425,8.7,4.45,1,1,1,1,1
2026-07-13T18,50.0,174.0,60.7,3.8,3.8,1,1,1,1,1
2026-07-13T19,46.25,186.0,56.15,4.125,2.95,1,1,1,1,1
2026-07-13T20,42.0,182.5,54.425,4.725,2.525,1,1,1,1,1
2026-07-13T21,41.0,174.75,44.075,4.875,2.75,1,1,1,1,1
2026-07-13T22,37.0,147.0,11.567,11.367,2.9,1,1,1,1,1
2026-07-13T23,26.0,99.5,12.675,10.05,2.825,1,1,1,1,1
2026-07-14T00,24.5,74.5,27.0,7.175,2.7,1,1,1,1,1
2026-07-14T01,28.75,90.25,36.175,5.575,2.175,1,1,1,1,1
2026-07-14T02,29.25,97.0,35.725,7.225,2.375,1,1,1,1,1
2026-07-14T03,32.0,133.75,40.925,8.7,2.7,1,1,1,1,1
2026-07-14T04,42.0,233.0,31.125,16.1,2.575,1,1,1,1,1
2026-07-14T05,48.75,282.25,15.0,26.675,2.225,1,1,1,1,1
2026-07-14T06,47.75,297.25,10.975,27.4,2.775,1,1,1,1,1
2026-07-14T07,41.75,288.75,9.225,34.325,3.2,1,1,1,1,1
2026-07-14T08,48.25,282.75,9.2,36.075,2.925,1,1,1,1,1
2026-07-14T09,51.0,258.75,10.3,37.95,2.95,1,1,1,1,1
2026-07-14T10,48.0,249.5,8.675,36.2,2.925,1,1,1,1,1
2026-07-14T11,40.25,242.25,8.4,34.525,2.425,1,1,1,1,1
2026-07-14T12,44.0,234.75,10.6,27.775,3.1,1,1,1,1,1
2026-07-14T13,46.75,238.25,24.025,24.975,3.05,1,1,1,1,1
2026-07-14T14,40.25,197.25,21.325,21.4,3.0,1,1,1,1,1
2026-07-14T15,27.5,141.75,25.225,20.675,2.95,1,1,1,1,1
2026-07-14T16,29.25,108.5,27.75,17.975,2.725,1,1,1,1,1
2026-07-14T17,28.75,96.0,24.95,18.25,2.4,1,1,1,1,1
2026-07-14T18,25.0,112.0,37.0,10.1,1.3,1,1,1,1,1
2026-07-14T19,32.5,106.75,34.225,9.95,0.367,1,1,1,1,1
2026-07-14T20,17.0,111.0,30.075,11.975,0.175,1,1,1,1,1
2026-07-14T21,24.5,116.75,25.725,11.575,0.15,1,1,1,1,1
2026-07-14T22,28.25,110.5,23.25,14.1,0.45,1,1,1,1,1
2026-07-14T23,25.0,103.5,25.2,12.0,0.167,1,1,1,1,1
2026-07-15T00,23.25,90.0,29.375,10.7,0.4,1,1,1,1,1
2026-07-15T01,24.5,102.5,31.625,7.9,0.35,1,1,1,1,1
2026-07-15T02,25.0,128.25,23.85,8.85,0.3,1,1,1,1,1
2026-07-15T03,22.75,151.5,25.775,10.875,0.45,1,1,1,1,1
2026-07-15T04,31.75,167.5,18.95,19.425,0.35,1,1,1,1,1
2026-07-15T05,26.0,190.5,14.025,31.625,0.7,1,1,1,1,1
2026-07-15T06,34.25,203.0,11.725,41.1,0.7,1,1,1,1,1
2026-07-15T07,41.0,206.5,12.625,45.175,0.7,1,1,1,1,1
2026-07-15T08,40.5,214.5,13.025,44.6,0.8,1,1,1,1,1
2026-07-15T09,40.0,213.25,10.575,42.875,1.75,1,1,1,1,1
2026-07-15T10,43.0,215.0,10.325,42.25,1.075,1,1,1,1,1
2026-07-15T11,44.0,216.0,12.4,42.5,1.8,1,1,1,1,1
2026-07-16T05,46.0,250.0,14.7,46.7,2.0,1,1,1,1,1
2026-07-16T06,46.75,253.0,12.35,41.475,2.15,1,1,1,1,1
2026-07-16T07,36.5,241.25,9.2,37.55,3.075,1,1,1,1,1
2026-07-16T08,37.5,228.75,9.325,38.35,3.625,1,1,1,1,1
2026-07-16T09,41.25,232.75,8.85,37.925,3.25,1,1,1,1,1
2026-07-16T10,37.5,217.75,9.3,38.95,3.475,1,1,1,1,1
2026-07-16T11,38.25,219.5,10.525,34.625,3.4,1,1,1,1,1
2026-07-16T12,36.75,213.0,15.375,32.625,3.5,1,1,1,1,1
2026-07-16T13,51.0,222.75,24.6,29.075,4.35,1,1,1,1,1
2026-07-16T14,49.25,241.25,28.45,22.625,4.1,1,1,1,1,1
2026-07-16T15,54.5,243.75,18.075,20.925,4.225,1,1,1,1,1
2026-07-16T16,44.25,238.5,15.775,20.775,3.275,1,1,1,1,1
2026-07-16T17,40.75,215.25,31.35,13.55,3.25,1,1,1,1,1
2026-07-16T18,58.0,237.0,55.4,3.4,2.9,1,1,1,1,1
2026-07-16T19,74.5,242.25,50.975,3.175,2.925,1,1,1,1,1
2026-07-16T20,67.25,259.75,52.425,3.3,2.9,1,1,1,1,1
2026-07-16T21,58.5,273.25,52.5,3.55,2.975,1,1,1,1,1
2026-07-16T22,60.75,278.25,43.075,5.025,3.0,1,1,1,1,1
2026-07-16T23,56.75,254.25,39.375,4.975,2.725,1,1,1,1,1
2026-07-17T00,56.0,239.5,26.75,6.3,2.65,1,1,1,1,1
2026-07-17T01,49.5,155.0,32.15,6.325,2.75,1,1,1,1,1
2026-07-17T02,35.0,166.5,36.125,3.675,3.225,1,1,1,1,1
2026-07-17T03,24.25,184.25,24.8,9.375,3.525,1,1,1,1,1
2026-07-17T04,31.0,196.5,17.6,19.65,3.575,1,1,1,1,1
2026-07-17T05,43.0,213.5,12.025,27.55,3.575,1,1,1,1,1
2026-07-17T06,38.5,205.25,10.75,29.425,3.075,1,1,1,1,1
2026-07-17T07,26.25,195.75,9.65,35.575,3.45,1,1,1,1,1
2026-07-17T08,37.25,204.5,10.4,37.6,4.075,1,1,1,1,1
2026-07-17T09,42.0,194.5,20.175,25.275,4.275,1,1,1,1,1
2026-07-17T10,39.0,185.5,19.925,21.325,4.125,1,1,1,1,1
2026-07-17T11,38.0,197.5,24.975,20.875,3.725,1,1,1,1,1
2026-07-17T12,35.75,199.75,28.525,23.275,3.65,1,1,1,1,1
2026-07-17T13,52.25,248.5,48.0,12.5,3.85,1,1,1,1,1
2026-07-17T14,61.75,288.25,50.675,7.05,3.775,1,1,1,1,1
2026-07-17T15,73.5,278.0,51.05,4.875,3.15,1,1,1,1,1
2026-07-17T16,65.0,224.0,29.925,10.375,2.925,1,1,1,1,1
2026-07-17T17,55.0,197.5,37.6,5.45,3.075,1,1,1,1,1
2026-07-17T18,63.0,223.0,46.6,3.3,4.3,1,1,1,1,1
2026-07-17T19,66.0,222.25,49.55,3.275,4.975,1,1,1,1,1
2026-07-17T20,71.5,222.75,48.825,9.275,4.85,1,1,1,1,1
2026-07-17T21,46.75,205.0,46.25,13.133,5.475,1,1,1,1,1
2026-07-17T22,60.5,199.75,42.075,,4.625,1,1,1,0,1
2026-07-17T23,47.0,173.0,36.85,1.375,4.825,1,1,1,1,1
2026-07-18T00,33.25,143.0,34.8,2.925,4.975,1,1,1,1,1
2026-07-18T01,29.5,133.0,23.075,3.425,4.875,1,1,1,1,1
2026-07-18T02,29.75,147.75,21.775,3.575,4.8,1,1,1,1,1
2026-07-18T03,28.5,165.0,19.425,5.55,4.925,1,1,1,1,1
2026-07-18T04,31.75,175.0,17.925,7.6,5.125,1,1,1,1,1
2026-07-18T05,35.25,177.0,15.675,10.667,5.125,1,1,1,1,1
2026-07-18T06,26.25,177.75,17.375,4.4,4.3,1,1,1,1,1
2026-07-18T07,23.0,194.0,14.067,3.267,4.6,1,1,1,1,1
2026-07-18T08,35.0,200.5,10.35,3.125,4.5,1,1,1,1,1
2026-07-18T09,38.25,199.25,10.425,2.95,4.725,1,1,1,1,1
2026-07-18T10,43.25,202.75,8.65,3.075,4.9,1,1,1,1,1
2026-07-18T11,36.0,193.5,9.425,2.95,5.025,1,1,1,1,1
2026-07-18T12,38.25,210.25,9.525,3.125,5.275,1,1,1,1,1
2026-07-18T13,40.0,262.75,19.05,2.9,4.95,1,1,1,1,1
2026-07-18T14,39.25,232.25,19.175,3.05,4.85,1,1,1,1,1
2026-07-18T15,45.0,229.0,46.525,2.925,4.95,1,1,1,1,1
2026-07-18T16,64.25,273.5,50.575,3.075,5.25,1,1,1,1,1
2026-07-18T17,64.75,273.5,47.125,3.0,5.475,1,1,1,1,1
2026-07-18T18,78.0,278.0,56.9,3.2,4.2,1,1,1,1,1
2026-07-18T19,80.25,281.0,43.325,3.15,4.0,1,1,1,1,1
2026-07-18T20,72.75,259.5,41.85,3.175,4.25,1,1,1,1,1
2026-07-18T21,69.25,222.75,34.35,3.4,3.55,1,1,1,1,1
2026-07-18T22,66.75,198.75,31.725,3.125,2.875,1,1,1,1,1
2026-07-18T23,51.0,185.0,25.775,3.025,2.65,1,1,1,1,1
2026-07-19T00,46.0,182.0,27.0,2.975,3.075,1,1,1,1,1
2026-07-19T01,47.5,180.5,26.25,3.125,3.275,1,1,1,1,1
2026-07-19T02,49.5,181.5,23.375,3.175,2.95,1,1,1,1,1
2026-07-19T03,47.0,176.0,28.525,2.975,3.175,1,1,1,1,1
2026-07-19T04,37.0,159.75,20.375,3.2,3.675,1,1,1,1,1
2026-07-19T05,33.25,157.25,14.225,2.975,4.55,1,1,1,1,1
2026-07-19T06,28.5,161.75,15.875,3.3,4.675,1,1,1,1,1
2026-07-19T07,30.0,160.75,14.975,2.95,4.7,1,1,1,1,1
2026-07-19T08,32.5,160.75,16.75,3.025,5.075,1,1,1,1,1
2026-07-19T09,34.5,155.0,18.85,3.2,5.25,1,1,1,1,1
2026-07-19T10,35.75,164.25,14.95,3.375,4.975,1,1,1,1,1
2026-07-19T11,60.0,232.5,21.675,3.0,4.35,1,1,1,1,1
2026-07-19T12,58.25,268.25,23.475,3.15,4.55,1,1,1,1,1
2026-07-19T13,49.75,305.25,17.55,3.275,4.25,1,1,1,1,1
2026-07-19T14,68.25,253.75,17.025,3.2,4.15,1,1,1,1,1
2026-07-19T15,65.25,176.0,15.05,3.025,3.95,1,1,1,1,1
2026-07-19T16,54.5,145.0,15.4,3.025,3.7,1,1,1,1,1
2026-07-19T17,64.75,158.25,21.725,3.025,3.15,1,1,1,1,1
2026-07-19T18,64.0,149.0,17.7,3.2,2.3,1,1,1,1,1
2026-07-19T19,52.0,126.5,19.65,3.225,1.875,1,1,1,1,1
2026-07-19T20,46.5,116.75,17.45,2.975,1.725,1,1,1,1,1
2026-07-19T21,42.25,113.75,12.35,3.45,1.925,1,1,1,1,1
2026-07-19T22,38.75,104.0,12.225,2.95,2.075,1,1,1,1,1
2026-07-19T23,38.75,92.0,13.025,3.05,2.125,1,1,1,1,1
2026-07-20T00,42.75,95.0,15.25,3.0,2.0,1,1,1,1,1
2026-07-20T01,37.25,101.5,16.95,3.025,1.95,1,1,1,1,1
2026-07-20T02,42.5,112.75,22.175,3.075,1.85,1,1,1,1,1
2026-07-20T03,45.0,137.0,18.875,3.075,1.675,1,1,1,1,1
2026-07-20T04,37.5,126.75,18.5,3.05,2.075,1,1,1,1,1
2026-07-20T05,42.5,202.75,16.825,3.1,1.825,1,1,1,1,1
2026-07-20T06,48.75,195.5,20.1,3.125,1.75,1,1,1,1,1
2026-07-20T07,50.0,169.0,17.325,3.025,2.15,1,1,1,1,1
2026-07-20T08,35.0,122.0,14.875,2.95,2.3,1,1,1,1,1
2026-07-20T09,34.5,86.25,12.675,3.375,1.825,1,1,1,1,1
2026-07-20T10,30.0,78.25,15.4,3.025,1.95,1,1,1,1,1
2026-07-20T11,27.25,90.75,19.2,2.925,1.85,1,1,1,1,1
2026-07-20T12,32.25,89.75,20.95,3.075,1.95,1,1,1,1,1
2026-07-20T13,34.0,82.75,27.5,3.05,1.5,1,1,1,1,1
2026-07-20T14,31.0,78.0,27.2,3.2,1.875,1,1,1,1,1
2026-07-20T15,33.75,92.0,26.9,3.125,1.975,1,1,1,1,1
2026-07-20T16,31.25,107.5,26.475,2.85,1.6,1,1,1,1,1
2026-07-20T17,32.25,117.0,25.225,3.125,1.65,1,1,1,1,1
2026-07-20T19,34.0,90.0,25.2,2.8,3.0,1,1,1,1,1
2026-07-20T20,35.5,78.0,27.45,2.975,3.0,1,1,1,1,1
2026-07-20T21,33.75,61.25,25.15,3.275,3.45,1,1,1,1,1
2026-07-20T22,21.0,31.5,19.9,3.15,2.85,1,1,1,1,1
2026-07-20T23,17.0,18.5,20.65,3.1,2.825,1,1,1,1,1
2026-07-21T00,8.0,17.75,19.7,3.0,3.2,1,1,1,1,1
2026-07-21T01,10.25,27.0,12.125,2.85,3.075,1,1,1,1,1
2026-07-21T02,11.75,32.25,16.375,3.0,2.8,1,1,1,1,1
2026-07-21T03,20.25,35.25,12.875,3.175,3.0,1,1,1,1,1
2026-07-21T04,16.25,37.5,20.35,3.0,2.425,1,1,1,1,1
2026-07-21T05,22.25,40.25,14.075,3.125,2.675,1,1,1,1,1
2026-07-21T06,19.0,41.0,12.95,3.3,3.525,1,1,1,1,1
2026-07-21T07,20.75,51.5,11.967,1.7,3.433,1,1,1,1,1
2026-07-21T08,10.0,48.25,16.7,6.525,114.1,1,1,1,1,1
2026-07-21T09,20.25,50.5,14.825,9.575,3.525,1,1,1,1,1
2026-07-21T10,19.75,58.75,22.475,9.95,3.875,1,1,1,1,1
2026-07-21T11,18.75,53.5,20.1,12.775,4.5,1,1,1,1,1
2026-07-21T12,19.0,51.75,14.85,14.3,3.45,1,1,1,1,1
2026-07-21T13,9.0,46.0,14.475,15.15,4.875,1,1,1,1,1
2026-07-21T14,14.25,58.25,17.6,10.375,4.05,1,1,1,1,1
2026-07-21T15,16.0,51.75,19.725,8.0,4.1,1,1,1,1,1
2026-07-21T16,22.0,58.5,18.05,6.25,4.55,1,1,1,1,1
2026-07-21T17,15.75,55.25,16.4,7.225,3.425,1,1,1,1,1
2026-07-21T21,20.0,47.0,13.2,8.3,1.3,1,1,1,1,1
2026-07-21T22,14.75,42.5,11.05,9.325,1.8,1,1,1,1,1
2026-07-21T23,25.75,45.5,28.225,4.4,2.175,1,1,1,1,1
2026-07-22T00,22.5,58.25,25.875,5.675,1.975,1,1,1,1,1
2026-07-22T01,19.25,53.75,25.35,6.625,2.5,1,1,1,1,1
2026-07-22T02,30.25,56.25,22.8,6.125,2.725,1,1,1,1,1
2026-07-22T03,26.5,56.5,15.575,6.775,1.7,1,1,1,1,1
2026-07-22T04,18.0,53.75,13.7,11.425,1.925,1,1,1,1,1
2026-07-22T05,12.25,56.0,11.025,18.2,1.85,1,1,1,1,1
2026-07-22T06,17.75,61.5,11.125,22.875,1.95,1,1,1,1,1
2026-07-22T07,28.25,63.75,10.525,26.8,2.6,1,1,1,1,1
2026-07-22T08,16.75,62.5,11.125,26.125,3.6,1,1,1,1,1
2026-07-22T09,12.75,65.0,11.825,24.05,2.125,1,1,1,1,1
2026-07-22T10,15.25,51.75,10.525,26.525,2.55,1,1,1,1,1
2026-07-22T11,19.0,63.5,11.15,24.375,2.55,1,1,1,1,1
2026-07-22T12,11.75,56.25,12.675,22.875,3.2,1,1,1,1,1
2026-07-22T13,14.25,64.75,18.625,21.125,3.2,1,1,1,1,1
2026-07-22T14,22.0,84.0,26.85,14.75,2.8,1,1,1,1,1
2026-07-22T15,26.25,105.5,36.125,8.7,2.925,1,1,1,1,1
2026-07-22T16,32.25,99.75,33.625,7.925,3.725,1,1,1,1,1
2026-07-22T17,31.75,102.75,24.35,7.65,4.725,1,1,1,1,1
2026-07-22T18,5.0,55.0,16.1,9.4,2.4,1,1,1,1,1
2026-07-22T19,18.5,44.5,14.775,10.025,1.75,1,1,1,1,1
2026-07-22T20,15.5,44.0,12.675,9.55,2.1,1,1,1,1,1
2026-07-22T21,10.0,45.0,11.025,8.8,2.35,1,1,1,1,1
2026-07-22T22,10.5,36.75,11.0,8.6,1.7,1,1,1,1,1
2026-07-22T23,11.0,34.0,13.125,7.0,1.9,1,1,1,1,1
2026-07-23T00,17.75,37.75,16.45,3.6,1.95,1,1,1,1,1
2026-07-23T01,17.0,39.0,15.825,5.475,2.075,1,1,1,1,1
2026-07-23T02,13.0,43.5,14.15,9.275,2.3,1,1,1,1,1
2026-07-23T03,18.0,49.5,14.25,14.175,2.075,1,1,1,1,1
2026-07-23T04,15.5,60.75,10.775,20.35,1.55,1,1,1,1,1
2026-07-23T05,14.0,57.25,9.075,27.675,1.75,1,1,1,1,1
2026-07-23T06,12.5,61.0,10.4,28.65,1.725,1,1,1,1,1
2026-07-23T07,15.0,66.0,10.75,30.825,2.5,1,1,1,1,1
2026-07-23T08,9.25,72.25,9.25,30.7,3.325,1,1,1,1,1
2026-07-23T09,19.75,71.0,10.05,33.1,2.3,1,1,1,1,1
2026-07-23T10,15.0,56.5,9.05,32.25,2.375,1,1,1,1,1
2026-07-23T11,15.75,55.0,9.475,30.4,2.925,1,1,1,1,1
2026-07-23T12,17.0,55.25,9.85,29.875,2.625,1,1,1,1,1
2026-07-23T13,17.0,73.75,16.95,22.375,2.25,1,1,1,1,1
2026-07-23T14,17.75,89.0,17.95,21.15,2.7,1,1,1,1,1
2026-07-23T15,22.5,91.25,18.25,17.5,2.975,1,1,1,1,1
2026-07-23T16,34.5,83.5,14.65,18.025,3.0,1,1,1,1,1
2026-07-23T17,15.5,75.0,10.575,20.25,1.975,1,1,1,1,1
2026-07-23T18,13.0,55.0,9.5,19.2,3.7,1,1,1,1,1
2026-07-23T19,38.5,53.5,9.725,17.55,3.625,1,1,1,1,1
2026-07-23T20,35.0,52.0,10.3,17.35,2.85,1,1,1,1,1
2026-07-23T21,23.75,54.75,8.525,19.025,3.425,1,1,1,1,1
2026-07-23T22,19.5,39.5,8.875,18.525,3.15,1,1,1,1,1
2026-07-23T23,22.5,46.75,10.075,16.9,3.35,1,1,1,1,1
2026-07-24T00,20.25,48.0,10.4,13.75,3.5,1,1,1,1,1
2026-07-24T01,27.25,55.25,15.1,10.625,3.975,1,1,1,1,1
2026-07-24T02,34.5,62.5,13.975,11.375,3.825,1,1,1,1,1
2026-07-24T03,35.25,75.25,11.95,15.05,3.2,1,1,1,1,1
2026-07-24T04,32.333,73.0,10.267,17.767,4.0,1,1,1,1,1
2026-07-24T06,,56.0,9.9,19.4,3.9,0,1,1,1,1
2026-07-24T07,29.0,47.0,12.975,17.675,3.475,1,1,1,1,1
2026-07-24T08,14.0,41.75,9.775,21.45,4.15,1,1,1,1,1
2026-07-24T09,7.5,41.75,10.35,26.7,3.55,1,1,1,1,1
2026-07-24T10,19.75,54.0,12.175,27.775,3.55,1,1,1,1,1
2026-07-24T11,19.5,64.75,20.2,20.175,3.875,1,1,1,1,1
2026-07-24T12,24.0,79.75,33.825,13.25,4.675,1,1,1,1,1
2026-07-24T13,17.0,95.25,31.675,8.7,4.875,1,1,1,1,1
2026-07-24T14,26.0,91.5,19.025,9.225,5.75,1,1,1,1,1
2026-07-24T15,24.0,78.5,15.925,8.225,4.25,1,1,1,1,1
2026-07-24T16,27.25,73.5,16.95,6.05,4.4,1,1,1,1,1
2026-07-24T17,26.75,69.25,15.7,6.625,4.05,1,1,1,1,1
2026-07-24T18,21.0,59.0,11.4,5.6,3.7,1,1,1,1,1
2026-07-24T19,25.5,50.0,11.65,7.175,2.75,1,1,1,1,1
2026-07-24T20,28.5,50.0,13.175,6.475,3.5,1,1,1,1,1
2026-07-24T21,30.5,54.75,15.1,6.675,3.2,1,1,1,1,1
2026-07-24T22,28.0,50.0,14.85,7.075,3.075,1,1,1,1,1
2026-07-24T23,20.25,40.5,13.85,8.275,3.525,1,1,1,1,1
2026-07-25T00,20.25,41.0,14.1,6.3,3.4,1,1,1,1,1
2026-07-25T01,15.75,54.75,15.725,5.55,2.95,1,1,1,1,1
2026-07-25T02,22.25,77.0,15.0,5.925,2.825,1,1,1,1,1
2026-07-25T03,31.0,85.25,13.7,10.0,3.65,1,1,1,1,1
2026-07-25T04,24.0,72.5,13.725,15.575,2.925,1,1,1,1,1
2026-07-25T05,30.0,86.0,11.55,21.75,3.05,1,1,1,1,1
2026-07-25T06,30.0,81.5,11.0,25.05,3.0,1,1,1,1,1
2026-07-25T07,17.75,66.0,9.375,29.525,3.225,1,1,1,1,1
2026-07-25T08,17.75,75.5,14.925,16.175,3.05,1,1,1,1,1
2026-07-25T09,24.25,79.25,18.35,24.25,3.45,1,1,1,1,1
2026-07-25T10,18.5,77.5,27.375,16.6,4.075,1,1,1,1,1
2026-07-25T11,22.75,80.0,14.625,20.7,5.0,1,1,1,1,1
2026-07-25T12,22.0,77.5,10.5,21.35,5.1,1,1,1,1,1
2026-07-25T13,19.0,103.25,14.85,17.275,4.55,1,1,1,1,1
2026-07-25T14,19.75,100.25,15.675,14.55,3.6,1,1,1,1,1
2026-07-25T15,24.5,79.5,17.175,11.6,4.075,1,1,1,1,1
2026-07-25T16,26.75,72.5,14.95,13.2,2.375,1,1,1,1,1
2026-07-25T17,24.75,69.75,20.025,9.65,2.45,1,1,1,1,1
2026-07-25T18,32.0,69.0,18.2,8.3,2.3,1,1,1,1,1
2026-07-25T19,38.75,63.75,14.45,8.6,0.75,1,1,1,1,1
2026-07-25T20,25.25,66.5,13.5,5.725,0.6,1,1,1,1,1
2026-07-25T21,26.75,66.5,12.0,7.025,0.767,1,1,1,1,1
2026-07-25T22,26.0,66.0,12.325,6.3,0.433,1,1,1,1,1
2026-07-25T23,30.25,103.5,14.175,7.25,0.2,1,1,1,1,1
2026-07-26T00,20.0,57.5,15.15,8.075,0.6,1,1,1,1,1
2026-07-26T01,12.25,40.25,11.325,9.6,0.75,1,1,1,1,1
2026-07-26T02,17.0,44.0,12.35,12.475,0.7,1,1,1,1,1
2026-07-26T03,26.5,62.25,11.025,17.825,,1,1,1,1,0
2026-07-26T04,26.75,69.5,10.825,26.575,1.367,1,1,1,1,1
2026-07-26T05,33.5,83.5,12.15,32.45,1.2,1,1,1,1,1
2026-07-26T06,29.25,93.25,11.95,41.275,0.5,1,1,1,1,1
2026-07-26T07,51.75,122.75,12.45,44.925,0.525,1,1,1,1,1
2026-07-26T08,42.0,113.25,9.825,20.925,0.825,1,1,1,1,1
2026-07-26T09,15.0,66.5,12.6,31.9,0.975,1,1,1,1,1
2026-07-26T10,22.25,56.75,12.5,44.85,0.8,1,1,1,1,1
2026-07-26T11,35.25,77.5,11.1,41.325,0.85,1,1,1,1,1
2026-07-26T12,33.5,88.5,15.225,32.075,1.075,1,1,1,1,1
2026-07-26T13,38.75,96.75,19.525,19.175,0.433,1,1,1,1,1
2026-07-26T14,44.75,114.0,30.45,9.025,0.767,1,1,1,1,1
2026-07-26T15,49.0,131.0,38.225,7.025,0.65,1,1,1,1,1
2026-07-26T16,38.75,116.25,44.525,4.0,0.7,1,1,1,1,1
2026-07-26T17,40.25,126.5,44.05,3.533,0.933,1,1,1,1,1
2026-07-26T18,33.0,102.0,31.2,9.7,2.8,1,1,1,1,1
2026-07-26T19,39.0,100.5,31.1,8.467,3.95,1,1,1,1,1
2026-07-26T20,18.5,97.0,42.8,2.7,4.95,1,1,1,1,1
2026-07-26T21,33.5,108.75,49.525,2.267,5.0,1,1,1,1,1
2026-07-26T22,35.0,119.0,46.6,2.433,5.05,1,1,1,1,1
2026-07-26T23,33.0,109.0,48.3,3.45,4.9,1,1,1,1,1
2026-07-27T00,32.25,106.5,45.325,1.4,6.225,1,1,1,1,1
2026-07-27T01,38.0,114.5,46.875,5.6,5.65,1,1,1,1,1
2026-07-27T02,37.0,110.25,32.6,6.6,5.05,1,1,1,1,1
2026-07-27T03,22.5,75.0,19.525,17.375,5.0,1,1,1,1,1
2026-07-27T04,14.25,57.25,13.525,28.775,5.2,1,1,1,1,1
2026-07-27T05,19.75,65.5,18.075,36.975,5.25,1,1,1,1,1
2026-07-27T06,23.5,72.75,14.325,52.8,5.575,1,1,1,1,1
2026-07-27T07,21.0,68.75,10.275,65.0,5.25,1,1,1,1,1
2026-07-27T08,8.75,66.25,9.725,53.225,5.4,1,1,1,1,1
2026-07-27T09,20.75,83.25,14.2,47.625,5.85,1,1,1,1,1
2026-07-27T10,26.75,94.25,17.2,37.8,6.2,1,1,1,1,1
2026-07-27T11,28.5,90.0,21.025,12.5,5.1,1,1,1,1,1
2026-07-27T12,29.0,56.5,21.425,23.675,5.025,1,1,1,1,1
2026-07-27T13,14.0,58.0,28.05,5.5,5.775,1,1,1,1,1
2026-07-27T14,48.0,71.75,35.15,6.667,5.575,1,1,1,1,1
2026-07-27T15,31.75,57.75,37.025,10.567,4.85,1,1,1,1,1
2026-07-27T16,29.5,50.5,25.975,2.633,5.225,1,1,1,1,1
2026-07-27T17,44.75,71.75,21.725,3.525,4.775,1,1,1,1,1
2026-07-27T18,41.0,79.0,16.2,4.8,4.3,1,1,1,1,1
2026-07-27T19,25.25,53.5,12.575,11.425,3.975,1,1,1,1,1
2026-07-27T20,20.0,33.75,9.075,5.925,4.45,1,1,1,1,1
2026-07-27T21,13.0,34.5,10.025,9.45,4.175,1,1,1,1,1
2026-07-27T22,9.25,26.25,10.9,8.925,3.45,1,1,1,1,1
2026-07-27T23,11.75,26.75,9.325,7.7,3.85,1,1,1,1,1
2026-07-28T00,14.5,28.75,11.225,8.725,4.075,1,1,1,1,1
2026-07-28T01,14.25,32.0,14.85,6.85,3.9,1,1,1,1,1
2026-07-28T02,13.25,49.5,14.05,6.175,4.4,1,1,1,1,1
2026-07-28T03,11.5,35.5,16.4,7.8,3.8,1,1,1,1,1
2026-07-28T04,11.0,25.25,17.475,9.733,3.325,1,1,1,1,1
2026-07-28T05,38.75,62.25,18.3,17.5,3.575,1,1,1,1,1
2026-07-28T06,48.0,75.0,10.45,14.925,3.425,1,1,1,1,1
2026-07-28T07,,,20.0,12.15,4.175,0,0,1,1,1
2026-07-28T08,,8.0,25.75,10.325,4.25,0,1,1,1,1
2026-07-28T09,,8.75,30.875,10.05,4.1,0,1,1,1,1
2026-07-28T10,10.0,20.25,29.375,12.025,4.05,1,1,1,1,1
2026-07-28T11,10.75,24.0,31.7,16.475,3.8,1,1,1,1,1
2026-07-28T12,26.0,41.25,43.725,14.55,4.125,1,1,1,1,1
2026-07-28T13,28.0,47.75,40.9,10.425,4.3,1,1,1,1,1
2026-07-28T14,42.75,63.75,47.125,5.125,4.175,1,1,1,1,1
2026-07-28T15,55.5,88.5,51.8,2.575,4.525,1,1,1,1,1
2026-07-28T16,70.0,103.25,49.275,2.1,4.675,1,1,1,1,1
2026-07-28T17,42.5,80.5,41.675,2.975,4.0,1,1,1,1,1
2026-07-28T18,30.0,50.0,33.4,3.2,5.1,1,1,1,1,1
2026-07-28T19,39.75,47.0,36.875,3.175,3.6,1,1,1,1,1
2026-07-28T20,24.25,55.0,38.075,3.575,4.125,1,1,1,1,1
2026-07-28T21,43.5,79.0,31.875,3.45,3.95,1,1,1,1,1
2026-07-28T22,52.75,89.75,36.125,1.9,3.475,1,1,1,1,1
2026-07-28T23,59.0,101.5,38.275,1.15,3.675,1,1,1,1,1
2026-07-29T00,58.75,97.5,35.825,1.075,3.725,1,1,1,1,1
2026-07-29T01,53.5,86.0,29.375,2.0,3.95,1,1,1,1,1
2026-07-29T02,33.25,63.5,22.475,7.425,3.35,1,1,1,1,1
2026-07-29T03,30.0,57.0,20.35,14.275,2.825,1,1,1,1,1
2026-07-29T04,29.5,64.5,20.275,30.15,3.775,1,1,1,1,1
2026-07-29T05,23.75,64.75,19.85,52.1,3.95,1,1,1,1,1
2026-07-29T06,41.5,82.0,19.475,72.25,3.65,1,1,1,1,1
2026-07-29T07,53.25,97.0,22.025,89.275,3.4,1,1,1,1,1
2026-07-29T08,37.0,96.25,17.925,81.45,4.375,1,1,1,1,1
2026-07-29T09,58.75,116.0,22.675,49.6,4.475,1,1,1,1,1
2026-07-29T10,39.5,86.25,21.7,23.05,4.35,1,1,1,1,1
2026-07-29T11,34.5,61.25,13.65,35.675,4.675,1,1,1,1,1
2026-07-29T12,32.25,66.0,20.725,31.7,4.55,1,1,1,1,1
2026-07-29T13,31.0,77.25,23.625,25.25,3.65,1,1,1,1,1
2026-07-29T14,36.25,91.25,32.95,17.95,3.35,1,1,1,1,1
2026-07-29T15,47.0,114.5,53.3,5.75,4.3,1,1,1,1,1
2026-07-29T16,58.25,138.25,58.2,1.925,4.825,1,1,1,1,1
2026-07-29T17,58.75,139.5,55.525,3.725,4.625,1,1,1,1,1
2026-07-29T18,68.0,180.0,38.7,,3.4,1,1,1,0,1
2026-07-29T19,68.75,159.0,33.5,5.4,2.6,1,1,1,1,1
2026-07-29T20,45.75,130.25,29.35,5.9,3.65,1,1,1,1,1
2026-07-29T21,53.0,123.0,24.85,3.275,3.1,1,1,1,1,1
2026-07-29T22,57.25,115.5,29.05,0.767,3.35,1,1,1,1,1
2026-07-29T23,57.75,111.5,30.875,0.8,3.2,1,1,1,1,1
2026-07-30T01,77.0,139.0,30.1,,4.5,1,1,1,0,1
2026-07-30T02,75.5,152.5,30.725,4.2,3.325,1,1,1,1,1
2026-07-30T03,81.0,167.5,29.775,5.8,3.325,1,1,1,1,1
2026-07-30T04,62.0,146.25,22.275,9.9,4.2,1,1,1,1,1
2026-07-30T05,36.333,102.667,14.733,9.267,4.0,1,1,1,1,1
2026-07-30T06,30.75,85.0,14.625,21.2,3.85,1,1,1,1,1
2026-07-30T07,14.0,60.25,9.1,28.85,3.375,1,1,1,1,1
2026-07-30T08,11.75,57.25,9.925,24.675,4.5,1,1,1,1,1
2026-07-30T09,21.25,50.75,10.075,22.967,4.3,1,1,1,1,1
2026-07-30T10,30.0,48.0,17.025,6.4,4.425,1,1,1,1,1
2026-07-30T11,18.5,55.5,16.4,8.425,4.25,1,1,1,1,1
2026-07-30T12,32.0,87.25,15.15,17.05,3.4,1,1,1,1,1
2026-07-30T13,24.5,85.0,17.0,11.45,3.5,1,1,1,1,1
2026-07-30T14,25.25,84.0,18.2,4.9,3.9,1,1,1,1,1
2026-07-30T15,30.0,95.5,34.85,5.425,4.25,1,1,1,1,1
2026-07-30T16,35.5,117.75,38.675,6.8,5.125,1,1,1,1,1
2026-07-30T17,25.0,98.5,25.475,5.725,6.35,1,1,1,1,1
2026-07-30T18,21.0,94.0,41.2,1.8,6.4,1,1,1,1,1
2026-07-30T19,24.0,81.25,33.2,3.95,7.075,1,1,1,1,1
2026-07-30T20,25.0,61.25,17.375,3.025,6.475,1,1,1,1,1
2026-07-30T21,16.0,40.25,12.025,5.625,6.675,1,1,1,1,1
2026-07-30T22,10.75,34.25,10.3,6.65,6.675,1,1,1,1,1
2026-07-30T23,12.0,39.25,9.275,7.925,6.075,1,1,1,1,1
2026-07-31T00,11.5,35.75,10.3,8.35,4.85,1,1,1,1,1
2026-07-31T01,9.5,48.25,16.825,6.2,4.85,1,1,1,1,1
2026-07-31T02,22.5,63.5,21.325,6.8,5.025,1,1,1,1,1
2026-07-31T03,20.25,62.5,15.275,11.025,5.0,1,1,1,1,1
2026-07-31T04,16.5,67.75,10.175,15.275,5.975,1,1,1,1,1
2026-07-31T05,12.25,61.0,9.525,18.275,5.5,1,1,1,1,1
2026-07-31T06,14.0,64.75,9.0,21.775,5.5,1,1,1,1,1
2026-07-31T07,15.0,61.0,10.375,30.175,5.225,1,1,1,1,1
2026-07-31T08,11.25,77.0,11.4,29.525,3.875,1,1,1,1,1
2026-07-31T09,14.5,74.75,10.725,29.8,4.175,1,1,1,1,1
2026-07-31T10,16.0,69.0,10.35,31.85,3.7,1,1,1,1,1
2026-07-31T11,16.0,72.5,12.225,30.7,3.75,1,1,1,1,1
2026-07-31T12,19.0,73.25,13.25,28.65,4.15,1,1,1,1,1
2026-07-31T13,20.75,85.0,16.25,23.375,3.425,1,1,1,1,1
2026-07-31T14,21.0,86.0,21.75,16.9,3.35,1,1,1,1,1
2026-07-31T15,27.75,94.0,22.625,13.65,4.375,1,1,1,1,1
2026-07-31T16,21.75,93.25,18.475,13.4,5.1,1,1,1,1,1
2026-07-31T17,22.75,86.75,18.9,10.575,4.375,1,1,1,1,1
2026-07-31T18,19.0,68.0,13.6,10.7,4.2,1,1,1,1,1
2026-07-31T19,13.0,54.5,11.775,12.025,3.725,1,1,1,1,1
2026-07-31T20,8.75,55.25,11.4,8.675,3.2,1,1,1,1,1
2026-07-31T21,20.0,57.0,11.75,7.65,2.925,1,1,1,1,1
2026-07-31T22,16.5,57.0,16.875,7.175,3.675,1,1,1,1,1
2026-07-31T23,18.5,50.25,24.0,6.175,3.1,1,1,1,1,1
2026-08-01T00,11.0,53.25,21.825,6.15,3.375,1,1,1,1,1
2026-08-01T01,18.5,63.25,20.3,6.55,3.775,1,1,1,1,1
2026-08-01T02,24.25,72.0,13.575,8.575,3.15,1,1,1,1,1
2026-08-01T03,25.75,77.75,11.525,11.6,3.3,1,1,1,1,1
2026-08-01T04,30.5,76.0,10.725,16.7,3.025,1,1,1,1,1
2026-08-01T05,30.5,87.0,11.8,20.575,3.4,1,1,1,1,1
2026-08-01T06,33.75,80.5,9.5,25.65,3.35,1,1,1,1,1
2026-08-01T07,36.5,86.75,12.125,31.275,3.45,1,1,1,1,1
2026-08-01T08,34.0,107.25,17.25,29.025,3.05,1,1,1,1,1
2026-08-01T09,36.0,96.5,10.35,33.7,4.225,1,1,1,1,1
2026-08-01T10,37.75,91.0,11.125,31.45,3.95,1,1,1,1,1
2026-08-01T11,36.5,91.0,12.525,32.175,4.025,1,1,1,1,1
2026-08-01T12,36.75,97.0,16.4,29.975,3.775,1,1,1,1,1
2026-08-01T13,39.25,120.0,35.9,17.75,4.7,1,1,1,1,1
2026-08-01T14,42.25,131.5,40.0,10.725,5.675,1,1,1,1,1
2026-08-01T15,46.75,126.25,19.35,16.925,6.975,1,1,1,1,1
2026-08-01T16,48.0,106.0,19.375,12.5,6.075,1,1,1,1,1
2026-08-01T17,39.0,97.75,18.575,10.325,5.6,1,1,1,1,1
2026-08-01T18,49.0,90.0,13.7,11.5,5.8,1,1,1,1,1
2026-08-01T19,19.0,61.5,11.5,14.65,4.7,1,1,1,1,1
2026-08-01T20,5.25,28.0,11.2,9.425,4.425,1,1,1,1,1
2026-08-01T21,4.0,20.0,10.15,6.725,3.925,1,1,1,1,1
2026-08-01T22,,25.0,26.475,3.15,3.775,0,1,1,1,1
2026-08-01T23,32.0,33.25,25.275,2.35,3.6,1,1,1,1,1
2026-08-02T00,26.0,37.5,32.275,3.075,4.0,1,1,1,1,1
2026-08-02T01,22.5,50.75,34.2,3.325,4.35,1,1,1,1,1
2026-08-02T02,41.5,71.5,23.375,3.475,4.625,1,1,1,1,1
2026-08-02T03,46.5,67.25,13.625,8.075,4.7,1,1,1,1,1
2026-08-02T04,40.0,59.5,12.825,18.2,5.175,1,1,1,1,1
2026-08-02T05,25.25,57.25,12.15,30.125,4.65,1,1,1,1,1
2026-08-02T06,29.25,72.0,13.4,35.85,5.0,1,1,1,1,1
2026-08-02T07,35.75,86.75,16.525,30.075,5.575,1,1,1,1,1
2026-08-02T08,20.5,65.25,11.025,15.267,5.475,1,1,1,1,1
2026-08-02T09,26.25,40.5,11.375,25.925,4.275,1,1,1,1,1
2026-08-02T10,14.25,29.75,16.05,20.15,4.075,1,1,1,1,1
2026-08-02T11,18.0,49.0,20.875,19.425,3.65,1,1,1,1,1
2026-08-02T12,23.5,51.5,14.75,24.85,3.4,1,1,1,1,1
2026-08-02T13,25.25,51.5,15.4,21.3,3.275,1,1,1,1,1
2026-08-02T14,28.0,44.75,31.125,5.35,3.8,1,1,1,1,1
2026-08-02T15,38.0,54.75,30.0,3.325,4.25,1,1,1,1,1
2026-08-02T16,32.75,64.25,29.125,3.875,4.125,1,1,1,1,1
2026-08-02T17,44.25,83.25,29.825,3.167,4.225,1,1,1,1,1
2026-08-02T18,46.0,84.0,13.8,2.0,2.7,1,1,1,1,1
2026-08-02T19,18.25,63.75,16.175,6.85,1.55,1,1,1,1,1
2026-08-02T20,16.5,58.5,13.9,4.0,0.825,1,1,1,1,1
2026-08-02T21,26.5,60.5,14.125,3.05,1.525,1,1,1,1,1
2026-08-02T22,32.0,61.0,11.25,3.575,1.725,1,1,1,1,1
2026-08-02T23,28.5,59.5,15.45,2.95,1.475,1,1,1,1,1
2026-08-03T00,29.25,60.5,15.85,1.35,1.4,1,1,1,1,1
2026-08-03T01,27.75,58.75,15.5,2.425,1.025,1,1,1,1,1
2026-08-03T02,29.25,68.5,18.025,3.6,1.425,1,1,1,1,1
2026-08-03T03,30.75,69.75,14.275,7.0,0.825,1,1,1,1,1
2026-08-03T04,31.0,71.25,12.45,13.825,0.725,1,1,1,1,1
2026-08-03T05,26.5,73.5,11.1,20.425,0.725,1,1,1,1,1
2026-08-03T06,26.5,58.25,11.125,27.625,1.6,1,1,1,1,1
2026-08-03T07,26.25,65.75,11.7,27.075,1.025,1,1,1,1,1
2026-08-03T08,20.75,76.0,11.85,30.95,1.45,1,1,1,1,1
2026-08-03T09,18.25,57.0,11.925,31.35,0.825,1,1,1,1,1
2026-08-03T10,24.75,41.75,11.975,22.8,1.275,1,1,1,1,1
2026-08-03T11,45.75,69.0,14.4,16.95,2.025,1,1,1,1,1
2026-08-03T12,52.0,65.5,13.35,11.5,2.4,1,1,1,1,1
2026-08-03T13,,59.0,14.6,1.7,2.25,0,1,1,1,1
2026-08-03T14,19.0,57.75,19.875,1.467,3.35,1,1,1,1,1
2026-08-03T15,16.0,48.25,16.5,2.65,2.8,1,1,1,1,1
2026-08-03T16,13.5,52.5,17.825,1.867,5.45,1,1,1,1,1
2026-08-03T17,14.5,63.25,18.425,2.15,5.25,1,1,1,1,1
2026-08-03T18,10.0,56.0,13.8,4.2,2.5,1,1,1,1,1
2026-08-03T19,13.0,41.0,13.35,6.825,3.0,1,1,1,1,1
2026-08-03T20,9.5,29.25,14.85,2.1,2.775,1,1,1,1,1
2026-08-03T21,20.0,64.5,13.675,3.35,3.325,1,1,1,1,1
2026-08-03T22,9.75,46.25,10.75,2.3,3.7,1,1,1,1,1
2026-08-03T23,5.0,14.25,11.3,3.8,3.1,1,1,1,1,1
2026-08-04T00,,14.5,14.9,2.475,3.275,0,1,1,1,1
2026-08-04T01,2.0,31.25,15.1,2.25,4.025,1,1,1,1,1
2026-08-04T02,2.0,24.667,16.5,3.4,4.067,1,1,1,1,1
2026-08-04T03,,11.0,16.2,2.6,2.6,0,1,1,1,1
2026-08-04T04,,20.75,15.95,5.375,3.225,0,1,1,1,1
2026-08-04T05,2.0,37.333,11.233,5.0,1.967,1,1,1,1,1
2026-08-04T07,,33.0,10.2,12.9,1.2,0,1,1,1,1
2026-08-04T08,4.0,44.25,11.075,9.25,2.675,1,1,1,1,1
2026-08-04T09,10.667,54.667,12.3,8.1,2.933,1,1,1,1,1
2026-08-04T10,23.75,61.75,10.0,6.775,2.175,1,1,1,1,1
2026-08-04T11,19.0,55.667,12.467,6.033,1.933,1,1,1,1,1
2026-08-04T12,11.25,55.0,18.75,3.9,2.025,1,1,1,1,1
2026-08-04T13,15.333,38.0,23.767,4.833,2.3,1,1,1,1,1
2026-08-04T14,9.75,29.75,37.625,1.1,2.1,1,1,1,1,1
2026-08-04T15,9.25,49.5,45.125,3.075,1.9,1,1,1,1,1
2026-08-04T16,10.75,58.25,27.05,2.075,0.867,1,1,1,1,1
2026-08-04T17,8.75,53.0,31.55,4.025,2.275,1,1,1,1,1
2026-08-04T18,21.0,57.0,44.9,4.9,4.2,1,1,1,1,1
2026-08-04T19,18.75,58.5,39.85,3.95,3.925,1,1,1,1,1
2026-08-04T20,15.0,50.0,34.85,2.575,3.5,1,1,1,1,1
2026-08-04T21,14.0,45.5,35.0,2.825,4.275,1,1,1,1,1
2026-08-04T22,26.75,70.5,26.7,3.05,4.775,1,1,1,1,1
2026-08-04T23,38.5,86.5,22.725,2.525,4.825,1,1,1,1,1
2026-08-05T00,28.25,68.75,17.95,3.2,4.975,1,1,1,1,1
2026-08-05T01,42.0,87.5,16.175,2.0,4.175,1,1,1,1,1
2026-08-05T02,35.25,98.25,20.7,3.95,3.7,1,1,1,1,1
2026-08-05T03,16.0,69.0,19.325,2.625,4.45,1,1,1,1,1
2026-08-05T04,17.75,47.75,13.675,7.625,4.075,1,1,1,1,1
2026-08-05T05,11.0,41.75,11.775,5.65,4.075,1,1,1,1,1
2026-08-05T06,26.0,64.25,14.225,7.95,4.6,1,1,1,1,1
2026-08-05T07,30.5,80.25,15.4,5.9,4.8,1,1,1,1,1
2026-08-05T08,39.0,91.25,21.125,11.425,4.15,1,1,1,1,1
2026-08-05T09,30.75,97.75,19.15,10.175,4.125,1,1,1,1,1
2026-08-05T10,29.25,85.5,19.125,15.1,3.475,1,1,1,1,1
2026-08-05T11,23.25,84.0,17.275,13.725,3.75,1,1,1,1,1
2026-08-05T12,33.0,100.0,26.1,13.8,3.05,1,1,1,1,1
2026-08-05T13,35.5,113.25,32.05,7.05,3.85,1,1,1,1,1
2026-08-05T14,30.5,106.25,34.35,7.4,4.4,1,1,1,1,1
2026-08-05T15,23.75,102.25,40.45,3.05,4.125,1,1,1,1,1
2026-08-05T16,44.5,116.25,26.95,4.725,4.325,1,1,1,1,1
2026-08-05T17,31.0,93.25,24.45,2.725,4.375,1,1,1,1,1
2026-08-05T18,24.0,83.0,30.0,1.4,3.6,1,1,1,1,1
2026-08-05T19,27.5,83.5,28.6,0.4,4.25,1,1,1,1,1
2026-08-05T20,25.0,80.0,28.2,1.7,4.2,1,1,1,1,1
2026-08-05T21,13.0,62.0,15.533,4.0,4.333,1,1,1,1,1
2026-08-05T22,16.0,61.25,14.55,4.8,5.075,1,1,1,1,1
2026-08-05T23,15.0,52.0,15.2,6.133,5.467,1,1,1,1,1
2026-08-06T00,9.25,36.25,18.35,4.333,4.625,1,1,1,1,1
2026-08-06T01,5.75,30.75,17.175,7.233,4.275,1,1,1,1,1
2026-08-06T02,5.0,21.75,20.175,4.3,4.1,1,1,1,1,1
2026-08-06T03,8.0,25.0,18.375,5.35,3.875,1,1,1,1,1
2026-08-06T04,9.75,27.0,23.7,2.4,4.45,1,1,1,1,1
2026-08-06T05,13.0,23.25,26.65,5.6,4.575,1,1,1,1,1
2026-08-06T06,5.75,13.75,28.8,7.733,4.325,1,1,1,1,1
2026-08-06T07,14.25,31.25,25.3,,3.425,1,1,1,0,1
2026-08-06T08,41.25,53.75,,5.9,,1,1,0,1,0
2026-08-06T09,49.0,33.5,17.6,5.45,3.2,1,1,1,1,1
2026-08-06T10,48.0,49.75,14.725,6.6,3.675,1,1,1,1,1
2026-08-06T11,17.25,37.0,12.1,1.5,3.825,1,1,1,1,1
2026-08-06T12,7.0,21.75,11.175,3.3,3.125,1,1,1,1,1
2026-08-06T13,10.0,30.0,12.8,3.4,3.2,1,1,1,1,1
2026-08-06T14,10.75,36.0,17.35,3.725,3.4,1,1,1,1,1
2026-08-06T15,44.0,74.0,18.525,3.6,4.15,1,1,1,1,1
2026-08-06T19,19.0,53.0,13.2,3.1,6.8,1,1,1,1,1
2026-08-06T20,10.0,42.5,16.775,3.65,6.425,1,1,1,1,1
2026-08-06T21,7.75,34.5,13.9,2.875,5.425,1,1,1,1,1
2026-08-06T22,7.333,33.0,10.1,3.367,5.6,1,1,1,1,1
2026-08-06T23,68.0,94.0,8.8,3.6,6.6,1,1,1,1,1
2026-08-07T00,46.667,66.0,9.733,5.4,6.067,1,1,1,1,1
2026-08-07T01,10.0,24.0,13.6,5.5,4.6,1,1,1,1,1
2026-08-07T02,9.333,28.667,14.667,3.467,4.333,1,1,1,1,1
2026-08-07T03,21.0,45.0,13.8,2.9,4.5,1,1,1,1,1
2026-08-07T04,35.25,54.75,13.225,2.55,3.9,1,1,1,1,1
2026-08-07T05,34.0,56.5,18.625,2.775,3.975,1,1,1,1,1
2026-08-07T06,26.0,47.75,14.925,4.6,4.3,1,1,1,1,1
2026-08-07T07,15.333,30.333,16.8,5.533,3.9,1,1,1,1,1
2026-08-07T08,12.5,34.25,14.2,7.6,4.325,1,1,1,1,1
2026-08-07T09,27.667,40.0,13.433,2.367,4.733,1,1,1,1,1
2026-08-07T10,25.25,38.75,11.775,14.375,3.45,1,1,1,1,1
2026-08-08T17,41.0,88.0,31.0,11.7,3.2,1,1,1,1,1
2026-08-08T19,52.0,110.0,25.4,13.8,0.7,1,1,1,1,1
2026-08-08T20,45.25,99.5,28.775,6.3,1.1,1,1,1,1,1
2026-08-08T21,51.25,99.75,36.45,9.675,1.225,1,1,1,1,1
2026-08-08T22,48.75,99.5,27.1,9.725,0.95,1,1,1,1,1
2026-08-08T23,50.75,101.25,23.075,5.5,0.6,1,1,1,1,1
2026-08-09T00,47.5,96.75,24.175,9.3,0.2,1,1,1,1,1
2026-08-09T01,31.75,82.25,18.5,7.625,0.667,1,1,1,1,1
2026-08-09T02,21.75,72.0,13.325,9.35,0.7,1,1,1,1,1
2026-08-09T03,20.0,52.0,13.075,6.55,0.675,1,1,1,1,1
2026-08-09T04,26.75,64.0,13.525,10.75,0.95,1,1,1,1,1
2026-08-09T05,23.75,52.0,10.9,11.725,0.4,1,1,1,1,1
2026-08-09T06,20.5,49.0,11.675,7.25,0.8,1,1,1,1,1
2026-08-09T07,11.0,44.0,9.475,12.3,1.05,1,1,1,1,1
2026-08-09T08,5.75,54.75,8.2,11.65,1.425,1,1,1,1,1
2026-08-09T09,4.333,47.0,9.433,5.55,1.033,1,1,1,1,1
2026-08-09T10,12.25,46.25,9.075,13.267,0.825,1,1,1,1,1
2026-08-09T11,11.0,46.0,9.267,9.367,1.6,1,1,1,1,1
2026-08-09T12,15.75,63.75,18.275,6.175,1.275,1,1,1,1,1
2026-08-09T13,22.0,68.667,22.9,9.6,1.733,1,1,1,1,1
2026-08-09T14,26.25,88.25,25.775,9.925,1.975,1,1,1,1,1
2026-08-09T15,16.5,95.75,31.1,10.4,1.4,1,1,1,1,1
2026-08-09T16,22.0,94.5,34.35,8.15,1.875,1,1,1,1,1
2026-08-09T17,19.75,96.25,30.575,11.925,2.025,1,1,1,1,1
2026-08-10T03,29.0,,8.4,17.4,3.0,1,0,1,1,1
2026-08-10T04,33.667,,9.7,8.75,2.7,1,0,1,1,1
2026-08-10T05,36.0,,10.95,30.0,3.25,1,0,1,1,1
2026-08-10T06,,67.0,12.25,6.067,2.725,0,1,1,1,1
2026-08-10T07,23.0,69.25,19.075,9.6,2.525,1,1,1,1,1
2026-08-10T08,27.5,85.0,16.15,8.225,2.8,1,1,1,1,1
2026-08-10T09,17.75,94.5,18.6,9.05,3.025,1,1,1,1,1
2026-08-10T10,13.25,62.25,24.325,35.85,4.375,1,1,1,1,1
2026-08-10T11,11.5,35.25,29.975,3.3,4.05,1,1,1,1,1
2026-08-10T12,23.75,43.5,31.1,6.3,3.075,1,1,1,1,1
2026-08-10T13,15.25,60.0,29.675,6.25,3.625,1,1,1,1,1
2026-08-10T14,21.5,80.5,41.325,4.825,3.8,1,1,1,1,1
2026-08-11T05,8.0,78.0,31.0,40.3,0.6,1,1,1,1,1
2026-08-11T06,38.0,85.5,27.25,17.933,1.3,1,1,1,1,1
2026-08-11T07,64.5,82.0,18.825,6.4,0.9,1,1,1,1,1
2026-08-11T08,37.75,66.5,9.9,9.275,0.2,1,1,1,1,1
2026-08-11T09,8.25,50.75,10.6,9.225,,1,1,1,1,0
2026-08-11T10,14.0,59.75,11.5,12.3,,1,1,1,1,0
2026-08-11T11,23.25,58.75,9.6,9.4,0.1,1,1,1,1,1
2026-08-11T12,12.25,55.5,9.4,10.225,0.3,1,1,1,1,1
2026-08-11T13,7.25,52.75,12.55,9.4,,1,1,1,1,0
2026-08-11T14,7.0,61.0,18.675,6.3,0.2,1,1,1,1,1
2026-08-11T15,12.25,61.75,25.075,9.625,0.2,1,1,1,1,1
2026-08-11T16,20.75,76.0,32.75,5.35,0.15,1,1,1,1,1
2026-08-11T17,16.25,89.25,26.725,7.5,,1,1,1,1,0
2026-08-11T19,35.0,80.0,19.5,9.2,0.4,1,1,1,1,1
2026-08-11T20,22.25,75.5,22.25,10.65,1.1,1,1,1,1,1
2026-08-11T21,5.25,65.75,28.9,7.15,0.95,1,1,1,1,1
2026-08-11T22,25.75,84.0,35.6,10.975,1.025,1,1,1,1,1
2026-08-11T23,30.25,103.0,33.55,8.7,1.4,1,1,1,1,1
2026-08-12T00,33.5,92.75,29.625,6.2,0.825,1,1,1,1,1
2026-08-12T01,23.75,70.0,22.9,5.55,1.4,1,1,1,1,1
2026-08-12T02,11.75,71.5,20.9,7.175,0.7,1,1,1,1,1
2026-08-12T03,29.25,86.0,19.2,9.775,0.6,1,1,1,1,1
2026-08-12T04,50.25,90.75,12.15,12.3,0.45,1,1,1,1,1
2026-08-12T05,22.75,65.5,8.575,9.2,0.35,1,1,1,1,1
2026-08-12T06,24.0,64.5,9.125,11.3,0.1,1,1,1,1,1
2026-08-12T07,28.75,64.0,9.45,16.5,0.8,1,1,1,1,1
2026-08-12T08,16.25,75.0,10.075,18.85,1.525,1,1,1,1,1
2026-08-12T09,24.75,70.75,10.4,20.375,1.1,1,1,1,1,1
2026-08-12T10,29.0,81.5,11.3,15.925,1.35,1,1,1,1,1
2026-08-12T11,41.75,86.0,12.475,17.125,0.95,1,1,1,1,1
2026-08-12T12,43.0,96.0,16.15,18.6,1.5,1,1,1,1,1
2026-08-12T13,39.25,133.75,31.55,12.3,0.9,1,1,1,1,1
2026-08-12T14,45.0,147.5,36.325,10.625,0.675,1,1,1,1,1
2026-08-12T15,49.25,147.5,32.15,13.25,0.875,1,1,1,1,1
2026-08-12T16,53.75,147.0,34.45,10.05,0.55,1,1,1,1,1
2026-08-12T17,44.5,161.25,30.575,6.6,0.575,1,1,1,1,1
2026-08-12T18,25.0,101.0,25.4,9.6,3.1,1,1,1,1,1
2026-08-12T19,28.0,91.25,25.9,6.55,2.6,1,1,1,1,1
2026-08-12T20,34.25,100.75,30.95,6.875,2.25,1,1,1,1,1
2026-08-12T21,23.25,96.75,31.45,8.075,2.5,1,1,1,1,1
2026-08-12T23,12.0,83.0,28.4,8.2,3.2,1,1,1,1,1
2026-08-13T00,8.25,73.25,31.05,8.05,3.025,1,1,1,1,1
2026-08-13T01,11.667,82.0,28.533,5.933,2.467,1,1,1,1,1
2026-08-13T02,17.0,91.0,21.2,19.4,2.5,1,1,1,1,1
2026-08-13T03,6.5,97.75,19.475,8.05,2.125,1,1,1,1,1
2026-08-13T04,15.0,96.25,15.775,16.075,2.05,1,1,1,1,1
2026-08-13T05,29.5,96.5,15.825,19.75,1.625,1,1,1,1,1
2026-08-13T06,18.0,80.5,12.3,26.525,2.275,1,1,1,1,1
2026-08-13T07,13.0,71.0,14.0,21.1,2.6,1,1,1,1,1
2026-08-13T08,24.25,68.25,16.85,16.275,2.7,1,1,1,1,1
2026-08-13T09,22.667,63.333,22.1,20.8,3.2,1,1,1,1,1
2026-08-13T10,11.0,53.5,19.325,13.675,3.175,1,1,1,1,1
2026-08-13T11,14.667,59.0,26.067,15.05,2.6,1,1,1,1,1
2026-08-13T12,14.25,72.0,34.0,,3.5,1,1,1,0,1
2026-08-13T13,8.333,75.0,52.3,16.05,3.6,1,1,1,1,1
2026-08-13T14,30.75,77.25,65.375,6.0,3.55,1,1,1,1,1
2026-08-13T15,40.5,107.25,76.5,7.5,3.225,1,1,1,1,1
2026-08-13T16,32.0,136.5,71.7,13.725,3.525,1,1,1,1,1
2026-08-13T17,37.25,137.0,67.3,16.325,2.925,1,1,1,1,1
2026-08-13T18,39.0,138.0,60.3,15.6,4.0,1,1,1,1,1
2026-08-13T19,43.5,154.5,56.125,15.325,4.225,1,1,1,1,1
2026-08-13T20,53.25,193.0,47.7,14.975,3.925,1,1,1,1,1
2026-08-13T21,48.5,185.25,39.25,18.275,3.675,1,1,1,1,1
2026-08-13T22,33.25,143.75,34.85,15.8,3.475,1,1,1,1,1
2026-08-13T23,15.5,102.0,38.575,14.7,3.475,1,1,1,1,1
2026-08-14T00,8.75,73.25,31.2,14.275,3.425,1,1,1,1,1
2026-08-14T01,22.25,77.5,30.375,14.9,2.1,1,1,1,1,1
2026-08-14T02,8.25,86.25,27.35,15.8,2.15,1,1,1,1,1
2026-08-14T03,15.5,86.5,25.425,15.35,3.25,1,1,1,1,1
2026-08-14T04,25.25,80.75,23.9,17.025,4.1,1,1,1,1,1
2026-08-14T05,12.75,94.0,23.275,19.15,4.425,1,1,1,1,1
2026-08-14T06,6.5,93.75,21.175,21.625,3.95,1,1,1,1,1
2026-08-14T07,6.75,83.0,20.05,24.125,2.575,1,1,1,1,1
2026-08-14T08,4.0,43.25,30.05,133.175,2.575,1,1,1,1,1
2026-08-14T09,5.25,24.25,40.7,53.425,2.9,1,1,1,1,1
2026-08-14T10,7.5,25.75,41.175,13.0,3.45,1,1,1,1,1
2026-08-14T11,10.25,40.5,49.6,10.675,3.5,1,1,1,1,1
2026-08-14T12,9.5,50.25,62.275,13.825,3.375,1,1,1,1,1
2026-08-14T13,24.0,76.75,56.475,9.475,3.725,1,1,1,1,1
2026-08-14T14,37.25,81.25,47.7,13.925,3.225,1,1,1,1,1
2026-08-14T15,24.25,71.75,40.025,13.225,2.775,1,1,1,1,1
2026-08-14T16,16.75,68.25,33.025,11.15,2.95,1,1,1,1,1
2026-08-14T17,24.0,65.333,33.4,9.933,2.233,1,1,1,1,1
2026-08-14T18,11.0,61.0,20.9,11.7,0.5,1,1,1,1,1
2026-08-14T19,9.0,54.333,19.533,12.4,0.55,1,1,1,1,1
2026-08-14T20,7.25,48.75,23.5,12.05,0.767,1,1,1,1,1
2026-08-14T21,7.0,50.5,19.15,11.7,1.0,1,1,1,1,1
2026-08-14T22,2.0,61.0,26.5,16.3,0.7,1,1,1,1,1
2026-08-14T23,11.0,61.75,23.8,11.775,0.35,1,1,1,1,1
2026-08-15T00,17.0,66.5,28.375,11.3,0.767,1,1,1,1,1
2026-08-15T01,27.75,77.0,26.775,11.5,0.8,1,1,1,1,1
2026-08-15T02,59.5,121.25,23.8,11.775,1.3,1,1,1,1,1
2026-08-15T03,59.25,122.25,18.2,12.825,1.025,1,1,1,1,1
2026-08-15T04,31.25,92.5,13.8,16.375,1.0,1,1,1,1,1
2026-08-15T05,32.0,72.75,10.1,15.825,0.575,1,1,1,1,1
2026-08-15T06,30.5,63.75,8.25,21.425,0.325,1,1,1,1,1
2026-08-15T07,17.0,49.25,7.575,15.725,1.333,1,1,1,1,1
2026-08-15T08,8.5,49.5,6.575,16.525,0.825,1,1,1,1,1
2026-08-15T09,3.25,46.5,5.875,16.925,1.375,1,1,1,1,1
2026-08-15T10,5.75,52.5,7.0,18.65,0.95,1,1,1,1,1
2026-08-15T11,19.0,56.5,8.925,20.1,0.55,1,1,1,1,1
2026-08-15T12,15.5,61.5,9.625,14.9,1.3,1,1,1,1,1
2026-08-15T13,24.25,70.5,21.075,10.3,1.5,1,1,1,1,1
2026-08-15T14,24.25,94.75,34.6,12.65,1.375,1,1,1,1,1
2026-08-15T15,31.25,116.25,45.4,12.025,1.1,1,1,1,1,1
2026-08-15T16,35.5,124.0,41.2,12.05,1.0,1,1,1,1,1
2026-08-15T17,21.75,127.25,40.775,12.45,0.433,1,1,1,1,1
2026-08-15T21,12.0,80.0,22.0,15.7,4.0,1,1,1,1,1
2026-08-15T22,8.25,63.5,16.175,13.7,3.9,1,1,1,1,1
2026-08-15T23,6.25,60.25,22.725,13.95,2.275,1,1,1,1,1
2026-08-16T00,11.25,63.25,16.475,17.775,2.525,1,1,1,1,1
2026-08-16T01,8.5,67.75,13.125,16.325,2.825,1,1,1,1,1
2026-08-16T02,3.25,73.5,14.45,14.1,3.15,1,1,1,1,1
2026-08-16T03,8.0,81.667,12.833,14.8,2.633,1,1,1,1,1
2026-08-16T04,20.0,93.25,14.45,16.175,3.175,1,1,1,1,1
2026-08-16T05,20.333,106.667,14.5,13.533,3.067,1,1,1,1,1
2026-08-16T06,34.0,109.0,13.75,17.625,3.35,1,1,1,1,1
2026-08-16T07,33.667,118.667,13.233,17.733,2.967,1,1,1,1,1
2026-08-16T08,20.5,112.0,11.825,18.225,2.95,1,1,1,1,1
2026-08-16T09,19.25,105.75,10.875,20.4,3.65,1,1,1,1,1
2026-08-16T10,26.0,109.5,12.325,19.7,3.525,1,1,1,1,1
2026-08-16T11,32.5,121.5,16.175,15.0,3.35,1,1,1,1,1
2026-08-16T12,22.0,118.25,19.775,16.925,2.925,1,1,1,1,1
2026-08-16T13,21.0,118.25,27.575,13.975,3.3,1,1,1,1,1
2026-08-16T14,22.0,130.25,40.925,11.7,3.3,1,1,1,1,1
2026-08-16T15,31.0,130.25,48.45,10.025,3.275,1,1,1,1,1
2026-08-16T16,20.5,125.25,53.125,10.5,3.125,1,1,1,1,1
2026-08-16T17,16.0,132.25,51.65,11.0,2.95,1,1,1,1,1
2026-08-16T18,28.0,202.0,40.2,11.5,2.6,1,1,1,1,1
2026-08-16T19,32.5,158.5,39.35,13.925,1.775,1,1,1,1,1
2026-08-16T22,,63.0,26.3,15.7,1.1,0,1,1,1,1
2026-08-16T23,22.0,63.0,28.45,14.775,1.925,1,1,1,1,1
2026-08-17T00,22.0,63.0,21.675,14.575,2.175,1,1,1,1,1
2026-08-17T01,,75.0,16.825,12.3,1.925,0,1,1,1,1
2026-08-17T02,14.0,88.75,15.525,15.15,2.275,1,1,1,1,1
2026-08-17T03,25.25,94.25,14.95,14.075,1.475,1,1,1,1,1
2026-08-17T04,26.0,103.25,14.175,15.075,2.2,1,1,1,1,1
2026-08-17T05,10.75,100.75,10.7,16.35,1.825,1,1,1,1,1
2026-08-17T06,15.0,101.25,11.25,21.725,2.5,1,1,1,1,1
2026-08-17T07,17.25,99.75,9.075,22.05,2.825,1,1,1,1,1
2026-08-17T08,22.25,96.0,9.45,19.575,2.6,1,1,1,1,1
2026-08-17T09,26.25,111.5,12.85,20.775,2.425,1,1,1,1,1
2026-08-17T10,11.25,102.0,11.075,20.85,2.575,1,1,1,1,1
2026-08-17T11,18.75,97.0,12.9,19.6,2.2,1,1,1,1,1
2026-08-17T12,14.75,94.75,17.7,20.525,2.625,1,1,1,1,1
2026-08-17T13,12.667,102.0,30.6,14.1,2.767,1,1,1,1,1
2026-08-17T14,16.75,118.75,40.55,10.7,2.825,1,1,1,1,1
2026-08-17T15,23.25,118.5,45.525,11.025,1.55,1,1,1,1,1
2026-08-17T16,19.0,105.75,41.175,10.95,1.3,1,1,1,1,1
2026-08-17T17,18.5,102.0,31.9,14.475,2.275,1,1,1,1,1
2026-08-17T18,12.0,94.0,27.2,5.6,3.0,1,1,1,1,1
2026-08-17T19,12.0,87.25,20.775,14.4,3.35,1,1,1,1,1
2026-08-17T20,9.75,70.75,21.475,14.05,3.55,1,1,1,1,1
2026-08-17T21,9.0,66.75,16.275,13.7,3.575,1,1,1,1,1
2026-08-17T22,12.75,59.5,14.225,14.15,3.8,1,1,1,1,1
2026-08-17T23,11.75,56.25,21.325,12.575,3.975,1,1,1,1,1
2026-08-18T00,9.5,59.75,23.6,13.0,3.625,1,1,1,1,1
2026-08-18T01,6.75,74.5,20.975,12.7,3.95,1,1,1,1,1
2026-08-18T02,13.5,87.25,24.15,10.7,4.05,1,1,1,1,1
2026-08-18T03,13.75,97.5,18.05,14.925,3.625,1,1,1,1,1
2026-08-18T04,17.5,103.75,13.55,16.875,3.425,1,1,1,1,1
2026-08-18T05,13.0,102.75,10.9,19.125,3.825,1,1,1,1,1
2026-08-18T06,12.5,113.25,10.15,20.15,4.0,1,1,1,1,1
2026-08-18T07,24.25,117.0,11.35,25.15,4.175,1,1,1,1,1
2026-08-18T08,23.5,114.75,14.05,11.425,3.95,1,1,1,1,1
2026-08-18T09,31.75,86.25,15.725,20.325,4.375,1,1,1,1,1
2026-08-18T10,23.0,83.75,15.625,18.2,3.8,1,1,1,1,1
2026-08-18T11,21.25,104.75,14.075,21.075,4.025,1,1,1,1,1
2026-08-18T12,34.0,115.5,26.8,22.125,3.875,1,1,1,1,1
2026-08-18T13,34.667,145.667,37.1,23.067,3.733,1,1,1,1,1
2026-08-18T14,38.25,172.75,52.025,12.7,4.4,1,1,1,1,1
2026-08-18T15,56.0,196.333,48.3,12.267,4.967,1,1,1,1,1
2026-08-18T16,45.25,153.5,41.55,12.4,3.875,1,1,1,1,1
2026-08-18T17,31.667,128.0,34.433,8.9,4.6,1,1,1,1,1
2026-08-18T18,25.0,117.5,31.233,16.517,2.5,2,2,2,2,2
2026-08-18T19,22.0,80.25,13.875,17.0,1.5,1,1,1,1,1
2026-08-18T20,7.0,52.0,12.125,14.75,0.95,1,1,1,1,1
2026-08-18T21,4.0,46.75,18.225,11.3,0.825,1,1,1,1,1
2026-08-18T22,2.25,50.75,16.525,13.5,1.375,1,1,1,1,1
2026-08-18T23,2.75,110.5,16.55,13.875,0.825,1,1,1,1,1
2026-08-19T00,21.75,83.5,18.7,10.525,2.0,1,1,1,1,1
2026-08-19T01,29.5,95.75,23.7,12.4,0.85,1,1,1,1,1
2026-08-19T02,22.5,97.5,31.625,12.25,1.375,1,1,1,1,1
2026-08-19T03,18.5,112.25,27.975,16.3,1.175,1,1,1,1,1
2026-08-19T04,34.5,151.75,20.1,17.1,1.55,1,1,1,1,1
2026-08-19T05,28.0,146.5,12.6,16.725,1.325,1,1,1,1,1
2026-08-19T06,30.75,128.25,10.525,17.15,0.675,1,1,1,1,1
2026-08-19T07,38.25,113.5,9.05,21.05,0.6,1,1,1,1,1
2026-08-19T08,27.25,106.25,8.975,26.9,1.3,1,1,1,1,1
2026-08-19T09,30.5,111.0,11.025,27.8,2.3,1,1,1,1,1
2026-08-19T10,38.25,130.25,12.275,31.45,0.975,1,1,1,1,1
2026-08-19T11,40.75,136.0,13.4,30.45,0.95,1,1,1,1,1
2026-08-19T12,35.75,136.0,16.3,25.775,0.567,1,1,1,1,1
2026-08-19T13,30.25,109.0,27.05,16.9,1.2,1,1,1,1,1
2026-08-19T14,37.25,138.25,42.15,11.325,1.25,1,1,1,1,1
2026-08-19T15,44.5,169.0,51.325,10.85,1.825,1,1,1,1,1
2026-08-19T16,38.5,131.5,31.275,10.9,2.1,1,1,1,1,1
2026-08-19T17,32.25,101.25,26.0,12.95,1.325,1,1,1,1,1
2026-08-19T18,30.0,99.0,27.6,15.884,2.2,2,2,2,2,2
2026-08-19T19,32.75,110.25,41.925,13.475,2.375,1,1,1,1,1
2026-08-19T20,22.75,128.0,37.35,9.65,2.0,1,1,1,1,1
2026-08-19T21,48.25,115.75,27.25,13.15,1.575,1,1,1,1,1
2026-08-19T22,19.0,79.25,10.65,17.3,1.725,1,1,1,1,1
2026-08-19T23,11.25,45.75,14.025,15.875,2.075,1,1,1,1,1
2026-08-20T00,10.0,47.75,21.9,11.4,1.85,1,1,1,1,1
2026-08-20T01,14.25,65.25,26.025,9.25,2.125,1,1,1,1,1
2026-08-20T02,17.5,80.5,28.225,13.475,2.35,1,1,1,1,1
2026-08-20T03,21.0,100.5,29.8,14.15,1.9,1,1,1,1,1
2026-08-20T04,19.0,120.25,22.175,16.5,2.0,1,1,1,1,1
2026-08-20T05,18.75,123.5,15.225,26.225,1.6,1,1,1,1,1
2026-08-20T06,33.25,121.5,12.675,26.7,1.2,1,1,1,1,1
2026-08-20T07,30.5,118.75,13.425,21.425,0.767,1,1,1,1,1
2026-08-20T08,37.0,133.0,14.375,28.4,2.425,1,1,1,1,1
2026-08-20T09,36.25,129.75,12.975,29.75,0.925,1,1,1,1,1
2026-08-20T10,40.25,130.75,11.75,26.95,0.2,1,1,1,1,1
2026-08-20T11,37.5,130.5,15.3,20.975,0.25,1,1,1,1,1
2026-08-20T12,30.0,100.0,19.475,18.2,,1,1,1,1,0
2026-08-20T13,33.25,99.0,27.8,12.475,0.833,1,1,1,1,1
2026-08-20T14,34.25,101.25,42.725,5.675,0.4,1,1,1,1,1
2026-08-20T15,38.5,97.25,39.325,13.9,1.4,1,1,1,1,1
2026-08-20T16,38.5,111.0,40.975,11.6,2.025,1,1,1,1,1
2026-08-20T17,49.25,130.25,43.3,10.025,2.3,1,1,1,1,1
2026-08-20T18,53.0,161.0,50.7,9.5,4.5,1,1,1,1,1
2026-08-20T19,63.667,165.0,43.633,9.967,5.133,1,1,1,1,1
2026-08-20T20,51.75,158.0,29.475,12.6,4.625,1,1,1,1,1
2026-08-20T21,43.0,142.25,33.975,12.925,5.65,1,1,1,1,1
2026-08-20T22,33.0,135.0,33.8,20.575,5.0,1,1,1,1,1
2026-08-20T23,16.5,105.5,15.925,23.575,4.275,1,1,1,1,1
2026-08-21T00,11.25,92.25,16.175,14.625,5.2,1,1,1,1,1
2026-08-21T01,8.0,98.5,18.275,13.275,4.925,1,1,1,1,1
2026-08-21T02,14.5,116.75,18.425,13.3,4.65,1,1,1,1,1
2026-08-21T03,29.0,128.0,16.475,14.975,5.5,1,1,1,1,1
2026-08-21T04,30.75,128.5,13.075,15.85,5.475,1,1,1,1,1
2026-08-21T05,24.75,113.0,10.05,16.325,5.275,1,1,1,1,1
2026-08-21T06,26.0,90.0,11.0,22.675,4.725,1,1,1,1,1
2026-08-21T07,25.5,93.0,9.325,26.775,4.925,1,1,1,1,1
2026-08-21T08,24.25,86.25,8.8,25.225,3.325,1,1,1,1,1
2026-08-21T09,16.5,80.75,9.625,23.1,3.75,1,1,1,1,1
2026-08-21T10,7.25,74.0,11.975,23.8,3.8,1,1,1,1,1
2026-08-21T11,7.25,75.75,12.975,25.4,3.975,1,1,1,1,1
2026-08-21T12,14.0,78.5,12.175,23.825,3.375,1,1,1,1,1
2026-08-21T13,19.0,78.25,17.15,18.6,2.475,1,1,1,1,1
2026-08-21T14,23.0,81.75,20.925,16.775,2.175,1,1,1,1,1
2026-08-21T15,24.75,83.75,20.775,17.4,2.6,1,1,1,1,1
2026-08-21T16,23.5,93.0,19.4,15.075,2.5,1,1,1,1,1
2026-08-21T17,20.0,91.5,14.975,15.4,2.975,1,1,1,1,1
2026-08-21T18,20.0,88.0,10.6,16.1,6.9,1,1,1,1,1
2026-08-21T19,27.5,72.25,13.35,15.825,8.05,1,1,1,1,1
2026-08-21T20,19.5,75.25,25.3,13.075,8.925,1,1,1,1,1
2026-08-21T21,9.25,78.75,25.025,13.3,8.6,1,1,1,1,1
2026-08-21T22,6.25,42.25,16.3,15.6,7.9,1,1,1,1,1
2026-08-21T23,3.75,28.5,23.875,13.375,7.5,1,1,1,1,1
2026-08-22T00,3.0,33.25,15.25,12.45,7.1,1,1,1,1,1
2026-08-22T01,11.0,32.333,23.233,11.767,6.1,1,1,1,1,1
2026-08-22T02,8.75,42.25,21.975,11.025,4.975,1,1,1,1,1
2026-08-22T03,6.0,58.0,16.633,12.533,4.9,1,1,1,1,1
2026-08-22T04,8.0,76.0,10.65,16.55,5.65,1,1,1,1,1
2026-08-22T05,17.667,87.333,8.933,17.9,6.2,1,1,1,1,1
2026-08-22T06,28.0,88.75,7.8,19.225,5.825,1,1,1,1,1
2026-08-22T07,16.5,90.25,8.3,21.0,6.9,1,1,1,1,1
2026-08-22T08,21.75,86.5,10.025,22.0,7.825,1,1,1,1,1
2026-08-22T09,14.5,88.0,12.85,21.875,9.225,1,1,1,1,1
2026-08-22T10,20.75,86.75,9.35,21.825,8.45,1,1,1,1,1
2026-08-22T11,19.5,87.5,9.4,20.75,5.675,1,1,1,1,1
2026-08-22T12,18.75,90.25,10.45,17.8,6.0,1,1,1,1,1
2026-08-22T13,22.0,102.25,18.075,17.875,6.275,1,1,1,1,1
2026-08-22T14,29.0,133.75,31.425,15.175,6.775,1,1,1,1,1
2026-08-22T15,39.25,144.5,36.375,12.925,7.325,1,1,1,1,1
2026-08-22T16,48.0,152.5,30.225,14.175,7.375,1,1,1,1,1
2026-08-22T17,39.5,132.5,25.325,15.6,7.3,1,1,1,1,1
2026-08-22T18,27.0,105.0,13.9,14.7,5.4,1,1,1,1,1
2026-08-22T19,20.25,85.5,15.775,14.225,4.1,1,1,1,1,1
2026-08-22T20,18.0,79.0,14.6,13.9,4.0,1,1,1,1,1
2026-08-22T21,22.0,86.0,15.3,10.6,3.9,1,1,1,1,1
2026-08-22T22,28.75,82.25,17.925,10.9,3.4,1,1,1,1,1
2026-08-22T23,31.0,92.25,18.6,11.15,3.525,1,1,1,1,1
2026-08-23T00,17.5,82.5,10.8,14.2,3.825,1,1,1,1,1
2026-08-23T01,10.0,37.5,9.35,12.7,3.525,1,1,1,1,1
2026-08-23T02,14.25,29.25,11.4,10.925,3.4,1,1,1,1,1
2026-08-23T03,14.5,37.0,9.9,12.1,2.675,1,1,1,1,1
2026-08-23T04,20.0,36.75,10.925,13.075,2.875,1,1,1,1,1
2026-08-23T05,12.25,43.5,15.375,13.325,3.05,1,1,1,1,1
2026-08-23T06,24.0,58.75,18.9,21.2,2.9,1,1,1,1,1
2026-08-23T07,16.25,71.25,15.75,15.35,5.775,1,1,1,1,1
2026-08-23T08,15.0,84.5,27.0,14.775,6.45,1,1,1,1,1
2026-08-23T09,28.75,98.5,19.65,10.8,8.625,1,1,1,1,1
2026-08-23T10,30.0,109.5,22.2,8.25,6.425,1,1,1,1,1
2026-08-23T11,32.75,113.5,32.3,7.3,2.475,1,1,1,1,1
2026-08-23T12,29.5,95.25,58.725,7.45,0.8,1,1,1,1,1
2026-08-23T13,30.25,86.0,76.225,8.175,,1,1,1,1,0
2026-08-23T14,31.0,97.0,105.067,7.633,,1,1,1,1,0
2026-08-24T04,,,68.05,48.7,6.05,0,0,1,1,1
2026-08-24T05,41.0,147.0,28.65,18.55,7.25,1,1,1,1,1
2026-08-24T06,23.0,63.0,29.075,10.8,6.45,1,1,1,1,1
2026-08-24T07,12.5,29.0,29.625,6.775,5.5,1,1,1,1,1
2026-08-24T08,9.5,28.5,37.225,9.1,7.35,1,1,1,1,1
2026-08-24T09,10.5,36.5,48.667,,7.4,1,1,1,0,1
2026-08-24T10,27.5,48.75,,7.35,,1,1,0,1,0
2026-08-24T11,31.5,59.5,40.225,3.725,3.125,1,1,1,1,1
2026-08-24T12,31.0,62.0,32.0,1.1,3.85,1,1,1,1,1
2026-08-24T13,39.0,84.0,44.175,1.425,3.675,1,1,1,1,1
2026-08-24T14,27.0,87.75,56.325,9.95,4.0,1,1,1,1,1
2026-08-24T15,45.5,96.5,57.875,4.3,,1,1,1,1,0
2026-08-24T16,56.0,120.75,51.675,4.35,,1,1,1,1,0
2026-08-24T17,66.0,119.75,45.325,4.725,,1,1,1,1,0
2026-08-24T18,79.0,125.0,48.683,6.3,,2,2,2,2,0
2026-08-24T19,82.25,129.25,42.875,4.875,,1,1,1,1,0
2026-08-24T20,90.5,125.0,38.525,4.975,,1,1,1,1,0
2026-08-24T21,98.5,127.0,31.95,5.125,,1,1,1,1,0
2026-08-24T22,84.25,119.0,32.35,3.95,,1,1,1,1,0
2026-08-24T23,95.5,124.25,30.725,4.275,,1,1,1,1,0
2026-08-25T00,85.25,115.0,35.925,5.125,,1,1,1,1,0
2026-08-25T01,28.25,73.5,14.775,6.425,,1,1,1,1,0
2026-08-25T02,7.25,38.5,18.125,6.9,,1,1,1,1,0
2026-08-25T03,6.0,34.75,20.475,6.7,,1,1,1,1,0
2026-08-25T04,22.0,53.25,25.35,8.675,,1,1,1,1,0
2026-08-25T05,23.5,81.5,26.15,11.3,,1,1,1,1,0
2026-08-25T06,35.25,105.5,21.9,12.725,,1,1,1,1,0
2026-08-25T07,30.0,106.5,15.65,13.175,,1,1,1,1,0
2026-08-25T08,18.75,98.25,15.65,14.025,,1,1,1,1,0
2026-08-25T09,29.5,103.5,16.625,15.25,,1,1,1,1,0
2026-08-25T10,46.75,107.5,19.425,14.05,,1,1,1,1,0
2026-08-25T11,37.5,73.5,16.375,11.175,,1,1,1,1,0
2026-08-25T12,33.0,53.75,15.75,7.85,,1,1,1,1,0
2026-08-25T13,,39.0,19.2,7.55,,0,1,1,1,0
2026-08-25T14,22.0,43.25,40.65,7.675,,1,1,1,1,0
2026-08-25T15,38.5,64.0,40.5,6.875,,1,1,1,1,0
2026-08-25T16,56.75,84.25,33.35,6.425,,1,1,1,1,0
2026-08-25T17,52.75,95.0,34.15,6.025,,1,1,1,1,0
2026-08-25T18,44.5,93.5,32.133,5.767,,2,2,2,2,0
2026-08-25T19,40.5,106.5,31.575,5.875,,1,1,1,1,0
2026-08-25T20,49.25,100.0,39.275,6.075,,1,1,1,1,0
2026-08-25T21,39.25,90.0,31.95,6.05,,1,1,1,1,0
2026-08-25T22,53.0,88.0,23.3,6.15,,1,1,1,1,0
2026-08-25T23,47.75,105.25,26.9,5.7,,1,1,1,1,0
2026-08-26T00,39.5,90.75,23.575,5.475,,1,1,1,1,0
2026-08-26T01,65.0,109.5,26.075,5.85,,1,1,1,1,0
2026-08-26T02,64.5,118.5,29.65,5.9,,1,1,1,1,0
2026-08-26T05,64.0,116.0,28.925,16.575,6.2,1,1,1,1,1
2026-08-26T06,98.5,122.0,23.125,16.4,7.75,1,1,1,1,1
2026-08-26T07,95.75,126.25,31.65,14.7,8.825,1,1,1,1,1
2026-08-26T08,73.0,142.0,27.275,14.4,9.375,1,1,1,1,1
2026-08-26T09,64.0,128.25,28.45,16.0,6.625,1,1,1,1,1
2026-08-26T10,32.25,116.0,37.9,10.725,4.275,1,1,1,1,1
2026-08-26T11,28.0,113.25,34.5,13.85,0.65,1,1,1,1,1
2026-08-26T12,38.25,113.75,32.85,16.3,0.95,1,1,1,1,1
2026-08-26T13,41.0,111.75,47.725,3.525,3.625,1,1,1,1,1
2026-08-26T14,81.5,147.75,57.375,5.825,8.2,1,1,1,1,1
2026-08-26T15,86.0,181.0,47.975,7.2,8.475,1,1,1,1,1
2026-08-26T16,80.0,177.5,38.625,9.05,8.4,1,1,1,1,1
2026-08-26T17,58.75,151.5,34.15,38.2,4.625,1,1,1,1,1
2026-08-26T18,,114.0,32.334,59.5,3.4,0,2,2,2,2
2026-08-26T19,13.0,111.0,31.725,43.375,6.325,1,1,1,1,1
2026-08-26T20,24.25,104.0,30.1,7.8,6.275,1,1,1,1,1
2026-08-26T21,29.5,102.75,37.075,11.2,7.375,1,1,1,1,1
2026-08-26T22,48.75,112.75,43.575,1.475,11.475,1,1,1,1,1
2026-08-26T23,58.0,119.75,41.325,4.25,12.875,1,1,1,1,1
2026-08-27T00,46.25,123.25,36.35,5.1,12.4,1,1,1,1,1
2026-08-27T01,31.5,127.0,33.325,16.3,8.3,1,1,1,1,1
2026-08-27T02,28.0,136.25,28.125,8.3,6.1,1,1,1,1,1
2026-08-27T03,1.0,132.0,25.475,7.125,6.325,1,1,1,1,1
2026-08-27T04,20.0,147.0,22.65,7.467,5.9,1,1,1,1,1
2026-08-27T05,40.0,161.0,25.775,8.35,6.7,1,1,1,1,1
2026-08-27T06,24.0,167.0,26.225,14.275,7.95,1,1,1,1,1
2026-08-27T07,118.0,206.0,27.1,19.15,7.9,1,1,1,1,1
2026-08-27T08,92.0,218.0,21.75,17.925,7.825,1,1,1,1,1
2026-08-27T09,44.0,172.0,19.0,25.3,7.7,1,1,1,1,1
2026-08-28T18,,184.0,32.533,16.9,2.1,0,2,2,2,1
2026-08-28T19,20.0,204.0,33.425,14.7,5.15,1,1,1,1,1
2026-08-28T20,8.0,121.0,72.775,13.25,4.1,1,1,1,1,1
2026-08-28T21,13.0,86.0,29.075,10.175,5.333,1,1,1,1,1
2026-08-28T22,36.0,84.0,27.425,7.075,6.675,1,1,1,1,1
2026-08-28T23,11.0,81.0,16.55,10.65,7.3,1,1,1,1,1
2026-08-29T00,18.0,88.0,21.925,12.425,7.55,1,1,1,1,1
2026-08-29T01,6.0,101.0,19.8,13.5,9.4,1,1,1,1,1
2026-08-30T00,2.0,80.0,14.1,13.467,9.467,1,1,1,1,1
2026-08-30T01,14.0,91.0,16.775,13.875,9.25,1,1,1,1,1
2026-08-30T02,6.0,97.0,16.35,13.75,8.6,1,1,1,1,1
2026-08-30T03,,111.0,12.55,14.1,9.775,0,1,1,1,1
2026-08-30T04,34.0,136.0,12.9,14.975,9.3,1,1,1,1,1
2026-08-30T05,16.0,151.0,13.2,16.1,9.6,1,1,1,1,1
2026-08-30T06,22.0,173.0,12.1,17.65,8.925,1,1,1,1,1
2026-08-30T07,23.0,179.0,13.6,17.3,9.875,1,1,1,1,1
2026-08-30T08,9.0,169.0,14.875,21.45,8.775,1,1,1,1,1
2026-08-30T09,18.0,167.0,14.575,23.45,8.125,1,1,1,1,1
2026-08-30T10,17.0,153.0,14.075,22.3,8.1,1,1,1,1,1
2026-08-30T11,7.0,153.0,17.2,20.025,7.725,1,1,1,1,1
2026-08-30T12,17.0,146.0,22.3,18.175,8.325,1,1,1,1,1
2026-08-30T13,20.0,136.0,32.45,16.2,9.35,1,1,1,1,1
2026-08-30T14,34.0,162.0,37.95,13.3,9.45,1,1,1,1,1
2026-08-30T15,41.0,174.0,38.9,10.4,9.45,1,1,1,1,1
2026-08-30T16,39.0,182.0,32.95,12.15,8.9,1,1,1,1,1
2026-08-30T17,33.0,157.0,25.275,12.925,9.55,1,1,1,1,1
2026-08-30T18,25.0,133.0,27.75,12.983,8.675,2,2,2,2,2
2026-08-30T19,24.0,123.0,24.575,14.8,9.375,1,1,1,1,1
2026-08-30T20,2.0,121.0,26.525,15.375,9.025,1,1,1,1,1
2026-08-30T21,,96.0,18.575,16.4,8.075,0,1,1,1,1
2026-08-30T22,,75.0,23.875,12.925,8.9,0,1,1,1,1
2026-08-30T23,,78.0,25.55,14.2,9.275,0,1,1,1,1
2026-08-31T00,11.0,70.0,20.75,13.875,10.325,1,1,1,1,1
2026-08-31T01,3.0,86.0,23.225,14.65,8.25,1,1,1,1,1
2026-08-31T02,17.0,110.0,20.825,14.05,8.525,1,1,1,1,1
2026-08-31T03,,125.0,28.65,14.6,8.6,0,1,1,1,1
2026-08-31T04,27.0,130.0,18.6,15.475,7.975,1,1,1,1,1
2026-08-31T05,39.0,143.0,16.75,17.0,8.275,1,1,1,1,1
2026-08-31T06,12.0,157.0,11.7,19.525,8.95,1,1,1,1,1
2026-08-31T07,22.0,152.0,10.45,20.925,8.925,1,1,1,1,1
2026-08-31T08,7.0,149.0,10.05,21.2,8.325,1,1,1,1,1
2026-08-31T09,39.0,145.0,10.325,20.725,7.925,1,1,1,1,1
2026-08-31T10,17.0,153.0,14.85,21.825,9.775,1,1,1,1,1
2026-08-31T11,,146.0,15.875,20.85,9.5,0,1,1,1,1
2026-08-31T12,19.0,141.0,21.05,19.3,10.775,1,1,1,1,1
2026-08-31T13,17.0,143.0,34.5,16.375,11.775,1,1,1,1,1
2026-08-31T14,33.0,138.0,49.675,12.925,10.575,1,1,1,1,1
2026-08-31T15,27.0,130.0,44.225,12.4,9.25,1,1,1,1,1
2026-08-31T16,14.0,123.0,40.825,13.7,9.625,1,1,1,1,1
2026-08-31T17,18.0,108.0,43.925,11.175,11.175,1,1,1,1,1
2026-08-31T18,34.0,158.0,41.633,11.967,8.75,1,1,1,1,1
2026-08-31T19,39.0,163.0,40.5,15.05,7.275,1,1,1,1,1
2026-08-31T20,,127.0,28.4,14.85,6.925,0,1,1,1,1
2026-08-31T21,3.0,90.0,28.8,13.175,6.1,1,1,1,1,1
2026-08-31T22,12.0,73.0,30.325,12.75,6.275,1,1,1,1,1
2026-08-31T23,8.0,84.0,24.3,14.225,6.825,1,1,1,1,1
2026-09-01T00,,74.0,22.85,14.025,6.275,0,1,1,1,1
2026-09-01T01,,80.0,19.475,14.425,6.05,0,1,1,1,1
2026-09-01T02,,111.0,27.525,14.4,5.45,0,1,1,1,1
2026-09-01T03,17.0,125.0,39.9,15.6,6.375,1,1,1,1,1
2026-09-01T04,9.0,132.0,21.225,16.75,6.0,1,1,1,1,1
2026-09-01T05,22.0,138.0,14.025,17.15,6.3,1,1,1,1,1
2026-09-01T06,16.0,110.0,14.6,21.45,5.6,1,1,1,1,1
2026-09-01T07,,116.0,8.375,21.925,6.075,0,1,1,1,1
2026-09-01T08,19.0,118.0,6.775,21.75,5.9,1,1,1,1,1
2026-09-01T09,23.0,122.0,5.55,21.45,6.675,1,1,1,1,1
2026-09-01T10,12.0,112.0,5.625,21.7,5.775,1,1,1,1,1
2026-09-01T11,,97.0,9.475,24.8,3.05,0,1,1,1,1
2026-09-01T12,34.0,134.0,13.65,18.0,2.775,1,1,1,1,1
2026-09-01T13,,,15.75,14.425,1.575,0,0,1,1,1
2026-09-01T14,,30.0,27.0,13.275,3.65,0,1,1,1,1
2026-09-01T15,29.0,47.0,34.075,13.4,4.175,1,1,1,1,1
2026-09-01T16,27.0,56.0,30.175,13.65,5.65,1,1,1,1,1
2026-09-01T17,17.0,59.0,34.5,13.375,7.0,1,1,1,1,1
2026-09-01T18,24.0,62.0,32.05,13.334,5.925,2,2,2,2,2
2026-09-01T19,18.0,55.0,25.55,13.3,7.275,1,1,1,1,1
2026-09-01T20,14.0,55.0,22.25,13.5,7.05,1,1,1,1,1
2026-09-01T21,19.0,63.0,19.6,13.4,6.35,1,1,1,1,1
2026-09-01T22,40.0,78.0,18.125,13.55,5.95,1,1,1,1,1
2026-09-01T23,39.0,75.0,14.3,13.35,6.775,1,1,1,1,1
2026-09-02T00,17.0,48.0,12.575,13.325,6.775,1,1,1,1,1
2026-09-02T01,16.0,48.0,14.725,13.8,6.3,1,1,1,1,1
2026-09-02T02,17.0,66.0,19.95,10.925,6.6,1,1,1,1,1
2026-09-02T03,38.0,102.0,18.4,13.975,5.225,1,1,1,1,1
2026-09-02T04,62.0,111.0,10.525,13.9,6.55,1,1,1,1,1
2026-09-02T05,8.0,39.0,14.275,15.875,6.625,1,1,1,1,1
2026-09-02T06,24.0,72.0,12.5,15.275,5.475,1,1,1,1,1
2026-09-02T07,11.0,59.0,13.7,15.625,4.025,1,1,1,1,1
2026-09-02T08,13.0,42.0,13.425,15.675,4.2,1,1,1,1,1
2026-09-02T09,11.0,55.0,12.875,15.6,4.15,1,1,1,1,1
2026-09-02T10,11.0,62.0,13.35,15.875,4.525,1,1,1,1,1
2026-09-02T11,12.0,59.0,11.575,16.125,3.7,1,1,1,1,1
2026-09-02T12,7.0,44.0,10.975,16.0,3.675,1,1,1,1,1
2026-09-02T13,8.0,52.0,18.875,15.425,3.225,1,1,1,1,1
2026-09-02T14,25.0,74.0,12.95,14.175,4.15,1,1,1,1,1
2026-09-02T15,8.0,46.0,13.0,14.45,4.925,1,1,1,1,1
2026-09-02T16,5.0,46.0,16.7,13.525,4.8,1,1,1,1,1
2026-09-02T17,8.0,46.0,18.45,13.125,5.8,1,1,1,1,1
2026-09-02T18,11.0,58.0,17.716,12.1,6.975,2,2,2,2,2
2026-09-02T19,14.0,53.0,19.2,13.1,7.9,1,1,1,1,1
2026-09-02T20,8.0,47.0,18.2,13.3,7.175,1,1,1,1,1
2026-09-02T21,11.0,48.0,20.425,13.825,6.125,1,1,1,1,1
2026-09-02T22,17.0,48.0,25.1,12.65,8.075,1,1,1,1,1
2026-09-02T23,14.0,46.0,22.05,13.425,4.925,1,1,1,1,1
2026-09-03T00,16.0,59.0,22.075,12.95,5.525,1,1,1,1,1
2026-09-03T01,31.0,77.0,22.35,13.425,5.325,1,1,1,1,1
2026-09-03T02,39.0,99.0,19.95,11.2,5.825,1,1,1,1,1
2026-09-03T03,30.0,96.0,17.85,13.075,5.75,1,1,1,1,1
2026-09-03T04,23.0,84.0,14.4,14.225,5.675,1,1,1,1,1
2026-09-03T05,14.0,57.0,11.225,14.125,6.35,1,1,1,1,1
2026-09-03T06,22.0,57.0,17.4,15.925,5.8,1,1,1,1,1
2026-09-03T07,16.0,61.0,15.45,15.975,7.175,1,1,1,1,1
2026-09-03T08,16.0,52.0,13.975,16.85,4.9,1,1,1,1,1
2026-09-03T09,30.0,55.0,11.9,16.95,4.325,1,1,1,1,1
2026-09-03T10,9.0,38.0,15.475,17.25,3.75,1,1,1,1,1
2026-09-03T11,20.0,57.0,17.85,20.85,4.025,1,1,1,1,1
2026-09-03T12,18.0,50.0,15.25,17.625,3.225,1,1,1,1,1
2026-09-03T13,9.0,46.0,19.375,14.425,2.425,1,1,1,1,1
2026-09-03T14,13.0,47.0,21.4,13.35,3.45,1,1,1,1,1
2026-09-03T15,17.0,53.0,25.75,13.8,4.175,1,1,1,1,1
2026-09-03T16,20.0,56.0,23.075,13.425,3.75,1,1,1,1,1
2026-09-03T17,16.0,52.0,17.725,13.475,4.65,1,1,1,1,1
2026-09-03T18,8.0,38.0,16.216,14.1,6.35,2,2,2,2,2
2026-09-03T19,14.0,47.0,17.75,13.3,9.125,1,1,1,1,1
2026-09-03T20,9.0,42.0,15.975,13.425,10.55,1,1,1,1,1
2026-09-03T21,9.0,46.0,12.25,13.55,10.7,1,1,1,1,1
2026-09-03T22,19.0,44.0,13.4,13.775,9.3,1,1,1,1,1
2026-09-03T23,19.0,40.0,14.325,13.075,8.15,1,1,1,1,1
2026-09-04T00,16.0,33.0,18.025,13.975,8.15,1,1,1,1,1
2026-09-04T01,16.0,40.0,15.15,11.075,8.675,1,1,1,1,1
2026-09-04T02,22.0,55.0,12.875,12.375,9.05,1,1,1,1,1
2026-09-04T03,8.0,47.0,12.225,14.125,8.125,1,1,1,1,1
2026-09-04T04,18.0,59.0,13.775,11.475,9.25,1,1,1,1,1
2026-09-04T05,14.0,72.0,19.875,13.175,8.675,1,1,1,1,1
2026-09-04T06,,,36.375,17.35,4.525,0,0,1,1,1
2026-09-04T07,,72.0,64.1,29.7,2.425,0,1,1,1,1
2026-09-04T08,3.0,66.0,25.025,14.2,2.05,1,1,1,1,1
2026-09-04T09,35.0,69.0,12.15,11.975,4.175,1,1,1,1,1
2026-09-04T10,16.0,48.0,17.775,13.85,3.725,1,1,1,1,1
2026-09-04T11,14.0,18.0,28.55,13.967,0.833,1,1,1,1,1
2026-09-04T12,,20.0,37.675,11.125,1.4,0,1,1,1,1
2026-09-04T13,,,38.9,11.425,2.15,0,0,1,1,1
2026-09-04T14,17.0,41.0,36.25,13.425,4.8,1,1,1,1,1
2026-09-04T15,9.0,48.0,25.85,13.275,3.725,1,1,1,1,1
2026-09-04T16,8.0,31.0,20.275,13.35,1.8,1,1,1,1,1
2026-09-04T17,9.0,44.0,19.275,13.3,0.633,1,1,1,1,1
2026-09-04T18,12.0,38.0,17.767,13.233,1.3,2,2,2,2,2
2026-09-04T19,25.0,48.0,19.925,13.225,0.375,1,1,1,1,1
2026-09-04T20,14.0,48.0,22.075,13.125,1.25,1,1,1,1,1
2026-09-04T21,13.0,48.0,21.325,13.325,0.867,1,1,1,1,1
2026-09-04T22,17.0,45.0,17.775,13.825,1.7,1,1,1,1,1
2026-09-04T23,,34.0,16.35,13.525,2.1,0,1,1,1,1
2026-09-05T00,,39.0,21.2,13.3,1.75,0,1,1,1,1
2026-09-05T01,5.0,34.0,18.7,13.7,1.45,1,1,1,1,1
2026-09-05T02,7.0,44.0,16.5,13.25,1.5,1,1,1,1,1
2026-09-05T03,18.0,46.0,15.725,13.425,1.7,1,1,1,1,1
2026-09-05T04,20.0,58.0,16.55,13.8,2.4,1,1,1,1,1
2026-09-05T05,,,23.55,12.4,2.175,0,0,1,1,1
2026-09-05T06,1.0,29.0,31.875,12.4,2.9,1,1,1,1,1
2026-09-05T07,28.0,46.0,19.4,13.15,2.5,1,1,1,1,1
2026-09-05T08,28.0,52.0,19.125,13.4,3.225,1,1,1,1,1
2026-09-05T09,18.0,56.0,12.4,14.5,2.65,1,1,1,1,1
2026-09-05T10,,45.0,11.425,14.55,2.0,0,1,1,1,1
2026-09-05T11,,22.0,9.875,13.6,2.45,0,1,1,1,1
2026-09-05T12,,48.0,14.85,6.175,4.025,0,1,1,1,1
2026-09-05T13,,,19.9,13.175,3.35,0,0,1,1,1
2026-09-05T14,13.0,50.0,22.525,14.175,2.9,1,1,1,1,1
2026-09-05T15,16.0,47.0,23.175,14.425,3.2,1,1,1,1,1
2026-09-05T16,,48.0,21.725,13.5,2.65,0,1,1,1,1
2026-09-05T17,11.0,45.0,30.65,13.35,3.4,1,1,1,1,1
2026-09-05T18,12.0,48.0,31.2,13.517,3.6,2,2,2,2,2
2026-09-05T19,61.0,99.0,36.075,13.95,2.25,1,1,1,1,1
2026-09-05T20,88.0,127.0,16.325,13.6,2.375,1,1,1,1,1
2026-09-05T21,,39.0,14.1,13.275,2.075,0,1,1,1,1
2026-09-05T22,,34.0,18.625,13.475,1.8,0,1,1,1,1
2026-09-05T23,7.0,44.0,17.85,13.5,1.7,1,1,1,1,1
2026-09-06T00,5.0,56.0,17.325,12.775,2.15,1,1,1,1,1
2026-09-06T01,12.0,47.0,18.1,12.95,2.725,1,1,1,1,1
2026-09-06T02,7.0,48.0,23.425,12.925,3.05,1,1,1,1,1
2026-09-06T03,33.0,70.0,24.925,12.45,3.925,1,1,1,1,1
2026-09-06T04,24.0,61.0,16.425,11.55,2.925,1,1,1,1,1
2026-09-06T05,22.0,62.0,10.025,15.8,3.7,1,1,1,1,1
2026-09-06T06,,13.0,6.925,13.525,3.5,0,1,1,1,1
2026-09-06T07,,12.0,9.975,14.45,3.25,0,1,1,1,1
2026-09-06T08,,28.0,8.475,14.225,3.25,0,1,1,1,1
2026-09-06T09,,13.0,7.675,13.775,3.7,0,1,1,1,1
2026-09-06T10,,19.0,10.65,15.3,4.425,0,1,1,1,1
2026-09-06T11,,36.0,12.625,14.375,3.675,0,1,1,1,1
2026-09-06T12,,34.0,13.475,13.775,3.625,0,1,1,1,1
2026-09-06T13,3.0,40.0,14.025,13.85,4.375,1,1,1,1,1
2026-09-06T14,13.0,44.0,33.5,12.775,4.3,1,1,1,1,1
2026-09-06T15,30.0,89.0,41.35,13.25,4.5,1,1,1,1,1
2026-09-06T16,42.0,94.0,43.0,13.175,4.15,1,1,1,1,1
2026-09-06T17,51.0,122.0,37.375,14.25,5.625,1,1,1,1,1
2026-09-06T18,39.0,110.0,35.133,14.034,5.525,2,2,2,2,2
2026-09-06T19,35.0,106.0,34.925,13.9,5.125,1,1,1,1,1
2026-09-06T20,27.0,100.0,35.1,13.625,5.6,1,1,1,1,1
2026-09-06T21,23.0,80.0,37.95,14.05,5.95,1,1,1,1,1
2026-09-06T22,29.0,83.0,32.75,14.125,5.5,1,1,1,1,1
2026-09-06T23,45.0,108.0,32.525,14.325,4.875,1,1,1,1,1
2026-09-07T00,42.0,107.0,30.475,13.775,5.725,1,1,1,1,1
2026-09-07T01,58.0,121.0,42.65,13.425,7.15,1,1,1,1,1
2026-09-07T02,63.0,149.0,60.825,13.075,5.45,1,1,1,1,1
2026-09-07T03,38.0,134.0,49.825,16.15,4.975,1,1,1,1,1
2026-09-07T04,24.0,94.0,31.5,12.65,4.9,1,1,1,1,1
2026-09-07T05,,91.0,23.633,,4.7,0,1,1,0,1
2026-09-07T06,66.0,119.0,16.0,12.525,3.3,1,1,1,1,1
2026-09-07T07,106.0,118.0,12.875,12.175,3.4,1,1,1,1,1
2026-09-07T08,31.0,102.0,11.175,14.0,4.525,1,1,1,1,1
2026-09-07T09,18.0,103.0,9.725,14.275,5.025,1,1,1,1,1
2026-09-07T10,50.0,101.0,11.125,15.875,5.075,1,1,1,1,1
2026-09-07T11,40.0,102.0,10.85,15.725,3.775,1,1,1,1,1
2026-09-07T12,31.0,99.0,15.85,13.675,4.35,1,1,1,1,1
2026-09-07T13,40.0,125.0,28.675,11.85,4.45,1,1,1,1,1
2026-09-07T14,75.0,182.0,46.2,10.75,5.0,1,1,1,1,1
2026-09-07T15,89.0,224.0,61.95,10.875,5.65,1,1,1,1,1
2026-09-07T16,70.0,184.0,69.175,11.7,4.75,1,1,1,1,1
2026-09-07T17,46.0,184.0,62.4,11.925,4.025,1,1,1,1,1
2026-09-07T18,28.0,135.0,59.867,12.084,3.65,2,2,2,2,2
2026-09-07T19,12.0,136.0,44.225,12.05,3.95,1,1,1,1,1
2026-09-07T20,14.0,72.0,42.45,11.375,2.95,1,1,1,1,1
2026-09-07T21,13.0,61.0,21.8,11.85,2.525,1,1,1,1,1
2026-09-07T22,11.0,56.0,29.2,11.725,3.05,1,1,1,1,1
2026-09-07T23,11.0,66.0,37.675,11.425,3.15,1,1,1,1,1
2026-09-08T00,14.0,78.0,41.975,11.35,3.775,1,1,1,1,1
2026-09-08T01,13.0,97.0,37.6,11.325,2.775,1,1,1,1,1
2026-09-08T02,7.0,92.0,29.625,11.375,3.35,1,1,1,1,1
2026-09-08T03,22.0,111.0,28.6,12.075,4.15,1,1,1,1,1
2026-09-08T04,18.0,139.0,23.275,14.05,3.625,1,1,1,1,1
2026-09-08T05,16.0,138.0,18.35,15.0,2.925,1,1,1,1,1
2026-09-08T06,31.0,127.0,17.2,16.425,4.1,1,1,1,1,1
2026-09-08T07,3.0,136.0,13.775,15.8,2.725,1,1,1,1,1
2026-09-08T08,2.0,119.0,11.975,15.85,3.175,1,1,1,1,1
2026-09-08T09,20.0,118.0,13.25,16.55,3.7,1,1,1,1,1
2026-09-08T10,20.0,145.0,12.55,16.05,4.275,1,1,1,1,1
2026-09-08T11,23.0,144.0,14.575,14.7,4.7,1,1,1,1,1
2026-09-08T12,34.0,138.0,23.0,13.125,3.775,1,1,1,1,1
2026-09-08T13,29.0,146.0,36.15,11.2,2.825,1,1,1,1,1
2026-09-08T14,30.0,166.0,45.5,11.8,2.6,1,1,1,1,1
2026-09-08T18,41.0,183.0,56.966,11.834,3.2,2,2,2,2,2
2026-09-08T19,42.0,163.0,49.85,11.425,,1,1,1,1,0
2026-09-08T20,34.0,196.0,48.175,11.225,0.3,1,1,1,1,1
2026-09-08T21,28.0,175.0,43.925,11.375,0.5,1,1,1,1,1
2026-09-08T22,29.0,147.0,39.6,12.025,0.35,1,1,1,1,1
2026-09-08T23,1.0,129.0,33.625,12.175,0.4,1,1,1,1,1
2026-09-09T00,3.0,112.0,27.55,11.45,0.1,1,1,1,1,1
2026-09-09T01,,105.0,21.925,11.225,0.7,0,1,1,1,1
2026-09-09T02,8.0,123.0,19.2,11.6,1.033,1,1,1,1,1
2026-09-09T03,14.0,125.0,15.55,11.3,0.425,1,1,1,1,1
2026-09-09T04,16.0,135.0,17.825,12.55,0.467,1,1,1,1,1
2026-09-09T05,13.0,134.0,16.8,13.5,0.725,1,1,1,1,1
2026-09-09T06,20.0,128.0,15.675,14.6,1.325,1,1,1,1,1
2026-09-09T07,13.0,161.0,14.175,14.933,0.625,1,1,1,1,1
2026-09-09T08,9.0,121.0,11.25,13.4,1.025,1,1,1,1,1
2026-09-09T09,31.0,133.0,12.275,13.65,1.125,1,1,1,1,1
2026-09-09T10,17.0,130.0,13.95,14.8,1.175,1,1,1,1,1
2026-09-09T11,12.0,123.0,19.2,15.3,1.15,1,1,1,1,1
2026-09-09T12,29.0,128.0,30.475,13.25,0.825,1,1,1,1,1
2026-09-09T13,22.0,145.0,49.35,11.575,1.2,1,1,1,1,1
2026-09-09T14,45.0,174.0,66.575,11.45,2.625,1,1,1,1,1
2026-09-09T15,48.0,223.0,66.175,11.925,1.9,1,1,1,1,1
2026-09-09T16,52.0,243.0,60.925,11.6,2.675,1,1,1,1,1
2026-09-09T17,46.0,201.0,56.175,11.975,2.375,1,1,1,1,1
2026-09-09T18,36.0,166.0,53.5,11.517,2.85,2,2,2,2,2
2026-09-09T19,48.0,177.0,49.875,11.25,5.175,1,1,1,1,1
2026-09-09T20,40.0,167.0,54.525,11.45,5.1,1,1,1,1,1
2026-09-09T21,42.0,199.0,46.775,11.475,4.95,1,1,1,1,1
2026-09-09T22,33.0,163.0,43.125,11.5,5.975,1,1,1,1,1
2026-09-09T23,24.0,132.0,40.8,11.175,6.075,1,1,1,1,1
2026-09-10T00,24.0,127.0,37.275,11.225,6.1,1,1,1,1,1
2026-09-10T01,30.0,125.0,35.525,11.5,5.175,1,1,1,1,1
2026-09-10T02,7.0,146.0,33.4,11.675,5.4,1,1,1,1,1
2026-09-10T03,9.0,143.0,23.2,11.95,4.375,1,1,1,1,1
2026-09-10T04,12.0,140.0,18.55,13.725,5.95,1,1,1,1,1
2026-09-10T05,39.0,141.0,16.5,16.375,6.175,1,1,1,1,1
2026-09-10T06,20.0,127.0,14.3,17.45,5.8,1,1,1,1,1
2026-09-10T07,17.0,108.0,13.7,17.85,6.375,1,1,1,1,1
2026-09-10T08,19.0,117.0,11.65,17.775,6.475,1,1,1,1,1
2026-09-10T09,19.0,110.0,13.25,16.0,5.175,1,1,1,1,1
2026-09-10T10,20.0,112.0,13.975,18.625,4.875,1,1,1,1,1
2026-09-10T11,17.0,123.0,15.775,18.575,6.3,1,1,1,1,1
2026-09-10T12,16.0,117.0,21.25,15.95,6.625,1,1,1,1,1
2026-09-10T13,31.0,132.0,20.175,14.7,6.85,1,1,1,1,1
2026-09-10T14,24.0,139.0,17.7,14.4,6.525,1,1,1,1,1
2026-09-10T15,2.0,135.0,20.35,13.5,7.0,1,1,1,1,1
2026-09-10T16,40.0,150.0,31.575,12.1,7.0,1,1,1,1,1
2026-09-10T17,100.0,230.0,41.7,11.35,7.425,1,1,1,1,1
2026-09-10T18,61.0,190.0,50.683,11.233,6.525,2,2,2,2,2
2026-09-10T19,56.0,180.0,34.275,11.425,4.075,1,1,1,1,1
2026-09-10T20,24.0,147.0,26.375,11.95,4.925,1,1,1,1,1
2026-09-10T21,45.0,141.0,19.925,11.525,5.25,1,1,1,1,1
2026-09-10T22,39.0,132.0,29.725,13.6,4.875,1,1,1,1,1
2026-09-10T23,41.0,157.0,38.825,12.85,3.875,1,1,1,1,1
2026-09-11T00,64.0,180.0,44.125,11.675,5.425,1,1,1,1,1
2026-09-11T01,63.0,178.0,27.9,11.65,4.6,1,1,1,1,1
2026-09-11T02,34.0,111.0,24.625,13.325,3.875,1,1,1,1,1
2026-09-11T03,55.0,150.0,28.175,12.825,4.25,1,1,1,1,1
2026-09-11T04,46.0,147.0,28.225,13.625,4.925,1,1,1,1,1
2026-09-11T05,68.0,184.0,21.9,16.275,4.625,1,1,1,1,1
2026-09-11T06,67.0,160.0,14.6,17.8,4.65,1,1,1,1,1
2026-09-11T07,33.0,132.0,11.425,15.925,6.15,1,1,1,1,1
2026-09-11T08,,144.0,13.975,11.625,4.225,0,1,1,1,1
2026-09-11T09,24.0,45.0,31.75,10.575,4.275,1,1,1,1,1
2026-09-11T10,7.0,47.0,29.4,11.9,6.0,1,1,1,1,1
