hour_utc,pm25,pm10,no2,o3,so2,pm25_n,pm10_n,no2_n,o3_n,so2_n
2018-08-10T05,32.0,74.5,29.8,98.5,,1,1,1,1,0
2018-08-10T06,40.0,91.0,,143.5,,1,1,0,1,0
2018-08-10T07,44.0,119.0,44.3,114.1,,1,1,1,1,0
2018-08-10T08,44.0,119.0,51.4,52.4,0.0,1,1,1,1,1
2018-08-10T09,47.0,103.0,,44.7,0.5,1,1,0,1,1
2018-08-10T10,32.0,48.5,94.6,4.5,3.7,1,1,1,1,1
2018-08-10T11,50.5,80.0,112.0,1.6,7.5,1,1,1,1,1
2018-08-10T12,62.0,105.0,106.1,0.7,9.9,1,1,1,1,1
2018-08-10T13,61.0,141.0,79.7,,15.2,1,1,1,0,1
2018-08-10T14,61.0,141.0,73.2,,16.7,1,1,1,0,1
2018-08-10T16,22.0,94.0,61.9,0.7,11.3,1,1,1,1,1
2018-08-11T18,19.0,89.0,30.45,11.8,3.8,1,1,1,1,1
2018-08-11T19,14.0,84.0,15.4,,3.2,1,1,1,0,1
2018-08-11T21,16.0,52.0,25.1,10.3,1.3,1,1,1,1,1
2018-08-11T22,12.0,34.0,30.0,6.4,1.5,1,1,1,1,1
2018-08-11T23,12.0,34.0,22.8,9.5,1.8,1,1,1,1,1
2018-08-12T00,11.0,41.0,15.3,9.3,1.4,1,1,1,1,1
2018-08-12T01,14.0,38.0,26.1,1.6,2.6,1,1,1,1,1
2018-08-12T02,14.0,38.0,25.067,3.1,3.4,1,1,1,1,1
2018-08-12T03,20.0,69.0,26.7,5.1,2.6,1,1,1,1,1
2018-08-12T04,20.0,69.0,27.15,6.15,3.05,1,1,1,1,1
2018-08-12T05,19.0,88.5,14.75,22.5,2.85,1,1,1,1,1
2018-08-12T06,18.0,81.0,14.45,30.4,2.9,1,1,1,1,1
2018-08-12T08,19.0,88.0,29.4,32.7,3.0,1,1,1,1,1
2018-08-12T09,18.0,92.0,36.8,35.5,,1,1,1,1,0
2018-08-12T10,25.0,105.0,33.3,44.8,3.5,1,1,1,1,1
2018-08-12T11,25.0,105.0,31.3,41.3,,1,1,1,1,0
2018-08-12T12,30.5,111.0,54.5,17.3,3.2,1,1,1,1,1
2018-08-12T13,34.0,110.0,66.9,6.7,3.65,1,1,1,1,1
2018-08-12T14,34.0,139.0,61.7,3.3,5.2,1,1,1,1,1
2018-08-12T15,32.0,128.0,47.25,7.35,5.95,1,1,1,1,1
2018-08-12T18,20.0,39.0,19.2,10.0,4.8,1,1,1,1,1
2018-08-12T19,20.0,39.0,23.4,,4.5,1,1,1,0,1
2018-08-12T20,22.0,61.0,28.7,3.0,5.7,1,1,1,1,1
2018-08-13T01,39.0,112.0,43.9,3.3,8.6,1,1,1,1,1
2018-08-13T02,37.667,115.0,39.3,7.133,,1,1,1,1,0
2018-08-13T03,22.0,84.0,19.7,28.1,,1,1,1,1,0
2018-08-13T04,22.0,84.0,19.7,32.3,6.3,1,1,1,1,1
2018-08-13T05,19.5,97.0,11.5,69.5,,1,1,1,1,0
2018-08-13T06,22.0,99.0,,,,1,1,0,0,0
2018-08-13T07,18.0,91.0,21.5,51.4,4.8,1,1,1,1,1
2018-08-13T08,18.0,91.0,26.4,58.15,4.2,1,1,1,1,1
2018-08-13T10,30.0,103.0,19.7,89.8,4.8,1,1,1,1,1
2018-08-13T11,36.0,102.0,34.5,82.6,5.2,1,1,1,1,1
2018-08-13T13,41.5,121.0,80.1,8.85,5.65,1,1,1,1,1
2018-08-13T14,37.5,117.5,74.55,7.15,5.95,1,1,1,1,1
2018-08-13T15,37.0,117.0,63.1,3.95,6.3,1,1,1,1,1
2018-08-13T16,41.0,118.0,59.4,4.4,7.1,1,1,1,1,1
2018-08-13T18,31.0,58.0,39.9,26.4,4.7,1,1,1,1,1
2018-08-13T19,31.0,58.0,39.2,,4.1,1,1,1,0,1
2018-08-13T20,27.333,69.333,53.8,2.733,5.0,1,1,1,1,1
2018-08-13T21,47.0,102.0,47.3,4.3,3.9,1,1,1,1,1
2018-08-13T22,45.0,92.0,27.0,7.9,4.3,1,1,1,1,1
2018-08-13T23,43.0,91.333,33.8,6.467,4.867,1,1,1,1,1
2018-08-14T00,39.0,90.0,38.5,3.4,3.4,1,1,1,1,1
2018-08-14T01,28.0,100.0,34.7,14.3,3.8,1,1,1,1,1
2018-08-14T02,33.5,101.0,37.85,16.05,4.25,1,1,1,1,1
2018-08-14T03,39.0,102.0,41.5,16.8,4.1,1,1,1,1,1
2018-08-14T04,50.5,144.0,53.05,85.45,4.4,1,1,1,1,1
2018-08-14T05,63.0,167.0,21.3,36.7,4.65,1,1,1,1,1
2018-08-14T07,51.5,127.0,25.7,96.75,3.45,1,1,1,1,1
2018-08-14T08,39.0,106.0,13.45,81.05,2.55,1,1,1,1,1
2018-08-14T09,28.0,85.0,14.9,84.2,2.6,1,1,1,1,1
2018-08-14T12,41.0,119.0,48.4,35.2,2.6,1,1,1,1,1
2018-08-14T13,36.0,129.0,69.3,6.4,3.4,1,1,1,1,1
2018-08-14T15,40.0,124.0,76.9,2.2,5.2,1,1,1,1,1
2018-08-14T23,24.0,61.0,37.4,6.3,2.7,1,1,1,1,1
2018-08-15T00,27.0,64.0,30.35,1.8,3.05,1,1,1,1,1
2018-08-15T01,30.0,67.0,37.8,5.3,3.5,1,1,1,1,1
2018-08-15T04,48.0,169.0,11.25,49.1,3.1,1,1,1,1,1
2018-08-15T07,34.0,96.0,12.15,86.7,1.8,1,1,1,1,1
2018-08-15T08,52.0,125.0,16.3,107.2,2.3,1,1,1,1,1
2018-08-15T09,52.0,125.0,27.4,78.8,2.1,1,1,1,1,1
2018-08-15T10,37.5,105.5,41.9,41.55,3.0,1,1,1,1,1
2018-08-15T11,34.0,101.0,31.0,41.2,2.5,1,1,1,1,1
2018-08-15T13,30.5,87.0,30.0,38.3,4.6,1,1,1,1,1
2018-08-15T15,30.0,70.0,49.55,18.85,4.25,1,1,1,1,1
2018-08-15T16,30.0,88.0,42.3,14.0,4.0,1,1,1,1,1
2018-08-15T17,29.5,82.0,41.0,12.3,3.8,1,1,1,1,1
2018-08-15T19,29.0,73.0,25.15,15.8,4.65,1,1,1,1,1
2018-08-15T20,29.0,64.5,25.6,19.25,7.5,1,1,1,1,1
2018-08-15T21,22.0,57.0,20.6,23.5,5.7,1,1,1,1,1
2018-08-15T23,23.0,44.0,21.2,24.5,4.6,1,1,1,1,1
2018-08-16T01,31.0,81.0,38.8,14.3,5.6,1,1,1,1,1
2018-08-16T02,57.0,117.0,38.5,17.1,6.8,1,1,1,1,1
2018-08-16T03,57.0,117.0,34.9,23.2,6.4,1,1,1,1,1
2018-08-16T04,29.0,74.0,26.3,55.2,6.7,1,1,1,1,1
2018-08-16T08,16.0,46.0,28.1,46.7,4.3,1,1,1,1,1
2018-08-16T10,22.0,61.0,27.7,34.8,4.2,1,1,1,1,1
2018-08-16T11,21.5,47.5,52.15,11.4,5.9,1,1,1,1,1
2018-08-16T18,61.0,151.0,57.9,174.9,4.5,1,1,1,1,1
2018-08-16T19,47.0,130.0,47.4,231.5,2.4,1,1,1,1,1
2018-08-16T20,44.0,117.5,40.8,33.7,1.3,1,1,1,1,1
2018-08-16T21,42.5,98.0,34.3,6.5,,1,1,1,1,0
2018-08-16T23,27.0,57.0,29.8,1.5,,1,1,1,1,0
2018-08-17T00,18.0,56.0,25.5,6.5,,1,1,1,1,0
2018-08-17T01,18.0,51.0,27.2,7.55,,1,1,1,1,0
2018-08-17T03,22.0,53.0,27.9,20.9,,1,1,1,1,0
2018-08-17T10,12.0,46.0,21.5,50.6,6.3,1,1,1,1,1
2018-08-17T14,31.0,88.0,50.2,8.9,6.5,1,1,1,1,1
2018-08-17T15,31.0,88.0,53.5,3.9,5.8,1,1,1,1,1
2018-08-17T16,22.0,63.0,44.4,135.7,5.1,1,1,1,1,1
2018-08-17T17,25.0,77.0,35.7,229.8,,1,1,1,1,0
2018-08-17T18,25.0,77.0,37.9,40.85,5.35,2,2,2,2,2
2018-08-17T19,22.5,74.5,25.2,7.5,3.35,1,1,1,1,1
2018-08-17T20,20.0,59.0,,3.7,,1,1,0,1,0
2018-08-17T21,23.5,63.0,27.6,2.2,2.55,1,1,1,1,1
2018-08-17T22,27.0,66.0,25.2,1.5,3.4,1,1,1,1,1
2018-08-17T23,27.0,66.0,45.8,2.6,3.65,1,1,1,1,1
2018-08-18T01,17.0,59.0,29.8,5.1,3.2,1,1,1,1,1
2018-08-18T02,31.0,77.0,25.0,16.5,3.0,1,1,1,1,1
2018-08-18T03,27.0,69.0,21.7,26.6,3.8,1,1,1,1,1
2018-08-18T06,17.0,55.0,20.6,52.9,2.5,1,1,1,1,1
2018-08-18T10,16.667,64.0,21.933,54.4,1.433,1,1,1,1,1
2018-08-18T12,16.5,39.5,55.35,10.6,3.0,1,1,1,1,1
2018-08-18T13,18.667,49.333,72.2,17.267,2.2,1,1,1,1,1
2018-08-18T14,30.0,70.0,64.25,21.35,3.95,1,1,1,1,1
2018-08-18T17,24.0,72.0,49.9,2.0,4.4,1,1,1,1,1
2018-08-18T19,38.0,110.0,47.5,267.1,5.0,1,1,1,1,1
2018-08-18T22,40.0,96.0,39.3,294.5,5.3,1,1,1,1,1
2018-08-19T00,33.0,75.0,31.2,11.4,4.2,1,1,1,1,1
2018-08-19T03,41.0,95.0,37.0,17.0,9.7,1,1,1,1,1
2018-08-19T04,51.0,106.0,42.0,27.6,8.8,1,1,1,1,1
2018-08-19T05,52.0,94.0,10.6,57.2,4.7,1,1,1,1,1
2018-08-19T06,50.0,107.0,34.4,76.4,2.1,1,1,1,1,1
2018-08-19T08,22.0,31.0,54.8,26.1,2.7,1,1,1,1,1
2018-08-19T09,11.0,13.0,61.3,7.7,3.3,1,1,1,1,1
2018-08-19T10,17.0,38.0,72.9,5.0,2.9,1,1,1,1,1
2018-08-20T02,73.0,129.0,67.9,13.8,1.4,1,1,1,1,1
2018-08-20T07,45.0,95.0,20.8,176.3,,1,1,1,1,0
2018-08-20T10,42.0,107.0,44.1,63.3,,1,1,1,1,0
2018-08-20T11,56.0,128.0,62.6,30.9,,1,1,1,1,0
2018-08-20T12,56.0,128.0,61.7,12.7,,1,1,1,1,0
2018-08-20T13,36.0,94.0,36.4,14.1,,1,1,1,1,0
2018-08-20T14,35.0,79.0,50.8,2.7,,1,1,1,1,0
2018-08-20T18,16.0,45.5,33.05,6.75,1.95,1,1,1,1,1
2018-08-20T19,16.0,37.5,28.95,6.9,3.7,1,1,1,1,1
2018-08-20T20,12.0,28.0,19.4,12.9,4.6,1,1,1,1,1
2018-08-20T21,16.0,33.0,23.2,8.2,4.6,1,1,1,1,1
2018-08-20T22,24.0,47.0,33.4,3.9,4.3,1,1,1,1,1
2018-08-20T23,24.5,46.5,35.25,1.8,5.15,1,1,1,1,1
2018-08-21T00,20.0,56.0,27.0,5.4,5.6,1,1,1,1,1
2018-08-21T04,23.0,69.0,42.8,19.7,10.2,1,1,1,1,1
2018-08-21T05,23.0,52.0,26.9,49.8,8.2,1,1,1,1,1
2018-08-21T06,29.0,63.0,22.9,63.7,6.6,1,1,1,1,1
2018-08-21T12,18.0,68.0,73.7,5.4,6.8,1,1,1,1,1
2018-08-21T13,21.0,75.5,71.0,3.3,7.45,1,1,1,1,1
2018-08-21T17,39.0,105.0,54.6,0.8,,1,1,1,1,0
2018-08-21T19,34.0,86.0,35.8,,5.9,1,1,1,0,1
2018-08-22T04,8.0,38.0,29.5,44.9,4.1,1,1,1,1,1
2018-08-22T05,30.0,75.0,28.5,42.3,4.2,1,1,1,1,1
2018-08-22T10,16.0,46.0,21.3,38.6,,1,1,1,1,0
2018-08-22T11,14.0,25.0,24.0,37.1,12.1,1,1,1,1,1
2018-08-22T12,8.0,23.0,59.3,6.0,13.8,1,1,1,1,1
2018-08-22T15,48.0,141.0,38.6,9.8,12.1,1,1,1,1,1
2018-08-22T20,16.0,45.0,22.1,13.0,13.0,1,1,1,1,1
2018-08-22T21,18.0,35.0,19.5,13.4,12.2,1,1,1,1,1
2018-08-22T22,22.0,38.0,23.2,12.3,12.5,1,1,1,1,1
2018-08-23T05,17.0,33.0,16.2,14.7,10.7,1,1,1,1,1
2018-08-23T06,14.0,34.0,15.5,20.9,10.4,1,1,1,1,1
2018-08-23T08,19.0,55.0,13.8,40.9,9.5,1,1,1,1,1
2018-08-23T09,19.0,61.0,15.9,34.7,9.6,1,1,1,1,1
2018-08-23T10,27.0,,15.633,38.567,9.15,1,0,1,1,1
2018-08-23T11,29.0,90.0,26.733,24.733,10.733,1,1,1,1,1
2018-08-23T12,30.0,84.0,36.9,12.9,11.8,1,1,1,1,1
2018-08-23T13,34.0,97.0,41.15,7.8,11.75,1,1,1,1,1
2018-08-23T14,41.0,89.0,53.3,0.2,12.4,1,1,1,1,1
2018-08-23T15,42.0,117.0,41.4,2.5,12.4,1,1,1,1,1
2018-08-23T16,27.0,68.0,36.9,5.3,11.6,1,1,1,1,1
2018-08-23T19,11.0,35.0,16.0,12.3,9.6,1,1,1,1,1
2018-08-23T20,16.0,33.0,30.8,3.1,9.9,1,1,1,1,1
2018-08-24T01,13.0,40.0,21.6,4.8,10.3,1,1,1,1,1
2018-08-24T02,16.0,46.0,21.7,5.8,10.4,1,1,1,1,1
2018-08-24T04,18.0,63.0,22.4,17.6,10.8,1,1,1,1,1
2018-08-24T05,22.0,66.0,16.4,24.3,10.7,1,1,1,1,1
2018-08-24T06,22.0,72.0,22.1,34.9,10.2,1,1,1,1,1
2018-08-24T08,20.0,73.0,15.9,48.467,9.467,1,1,1,1,1
2018-08-24T09,18.0,90.0,13.7,51.35,9.6,1,1,1,1,1
2018-08-24T10,17.0,110.0,14.9,46.2,,1,1,1,1,0
2018-08-24T11,22.0,113.0,28.0,33.6,9.1,1,1,1,1,1
2018-08-24T12,16.0,94.0,49.8,11.2,9.6,1,1,1,1,1
2018-08-24T13,25.0,113.0,64.2,2.5,10.8,1,1,1,1,1
2018-08-24T14,39.0,153.0,64.65,1.5,12.1,1,1,1,1,1
2018-08-24T15,51.0,177.0,47.9,1.2,11.9,1,1,1,1,1
2018-08-24T16,39.0,121.0,46.4,0.0,11.5,1,1,1,1,1
2018-08-24T17,31.0,129.0,36.25,4.15,9.7,1,1,1,1,1
2018-08-24T18,27.0,91.0,24.9,11.9,8.35,1,1,1,1,1
2018-08-24T19,18.0,44.0,20.5,16.1,7.8,1,1,1,1,1
2018-08-24T20,16.0,39.0,,13.9,,1,1,0,1,0
2018-08-24T22,17.0,33.0,19.65,11.0,7.9,1,1,1,1,1
2018-08-25T00,13.0,31.0,27.25,5.7,10.25,1,1,1,1,1
2018-08-25T01,7.0,39.0,22.25,8.3,9.95,1,1,1,1,1
2018-08-25T02,20.0,42.0,16.15,16.65,10.6,1,1,1,1,1
2018-08-25T04,19.0,56.0,12.1,31.7,10.6,1,1,1,1,1
2018-08-25T05,23.0,73.0,11.9,34.45,10.4,1,1,1,1,1
2018-08-25T06,18.0,75.0,11.95,41.55,10.25,1,1,1,1,1
2018-08-25T07,23.0,70.0,13.05,46.95,9.35,1,1,1,1,1
2018-08-25T08,20.0,75.0,19.4,39.0,9.7,1,1,1,1,1
2018-08-25T09,22.0,70.0,19.0,37.45,9.95,1,1,1,1,1
2018-08-25T10,23.0,77.0,23.35,35.1,10.3,1,1,1,1,1
2018-08-25T11,23.0,77.0,21.2,36.1,11.2,1,1,1,1,1
2018-08-25T12,22.0,94.0,46.0,6.4,11.3,1,1,1,1,1
2018-08-25T13,24.0,85.0,48.65,2.1,11.25,1,1,1,1,1
2018-08-25T14,31.0,108.0,43.2,3.1,11.9,1,1,1,1,1
2018-08-25T15,33.0,97.0,42.8,2.6,11.8,1,1,1,1,1
2018-08-25T16,36.0,90.0,43.2,2.1,11.8,1,1,1,1,1
2018-08-25T17,25.0,81.0,38.15,2.3,10.25,1,1,1,1,1
2018-08-25T20,12.0,39.0,29.1,4.65,9.2,1,1,1,1,1
2018-08-25T22,13.0,36.0,12.1,14.75,8.4,1,1,1,1,1
2018-08-25T23,18.0,29.0,12.45,12.9,9.85,1,1,1,1,1
2018-08-26T00,18.0,33.0,14.0,13.55,10.55,1,1,1,1,1
2018-08-26T01,13.0,38.0,13.25,18.35,11.1,1,1,1,1,1
2018-08-26T02,18.0,51.0,10.7,26.85,10.6,1,1,1,1,1
2018-08-26T03,24.0,58.0,8.6,34.2,10.9,1,1,1,1,1
2018-08-26T04,18.0,63.0,8.3,42.4,10.7,1,1,1,1,1
2018-08-26T05,20.0,63.0,8.9,52.95,10.05,1,1,1,1,1
2018-08-26T06,23.0,62.0,9.25,55.9,10.15,1,1,1,1,1
2018-08-26T07,23.0,66.0,10.2,62.1,9.7,1,1,1,1,1
2018-08-26T08,27.0,68.0,8.0,63.8,9.4,1,1,1,1,1
2018-08-26T10,28.0,66.0,9.4,60.15,10.1,1,1,1,1,1
2018-08-26T11,27.0,75.0,16.8,53.35,11.05,1,1,1,1,1
2018-08-26T12,28.0,80.0,26.4,38.6,11.5,1,1,1,1,1
2018-08-26T13,25.0,61.0,39.65,29.7,12.2,1,1,1,1,1
2018-08-26T14,33.0,81.0,42.25,13.95,11.8,1,1,1,1,1
2018-08-26T18,30.0,78.0,15.9,22.2,10.9,1,1,1,1,1
2018-08-26T19,17.0,46.0,21.15,14.5,11.4,1,1,1,1,1
2018-08-26T20,6.0,27.0,19.1,33.0,12.2,1,1,1,1,1
2018-08-26T21,13.0,30.0,15.1,33.5,11.3,1,1,1,1,1
2018-08-26T23,8.0,25.0,12.0,24.55,10.1,1,1,1,1,1
2018-08-27T00,6.0,12.0,21.2,10.8,9.4,1,1,1,1,1
2018-08-27T01,7.0,9.0,28.8,11.85,9.8,1,1,1,1,1
2018-08-27T02,6.0,6.0,31.85,9.55,9.75,1,1,1,1,1
2018-08-27T04,16.0,41.0,24.2,25.7,10.9,1,1,1,1,1
2018-08-27T11,14.0,44.0,37.3,28.4,11.3,1,1,1,1,1
2018-08-27T14,20.0,44.0,55.6,2.5,13.3,1,1,1,1,1
2018-08-27T15,35.0,77.0,56.8,3.3,13.6,1,1,1,1,1
2018-08-27T16,36.0,84.0,52.0,1.6,13.1,1,1,1,1,1
2018-08-27T18,35.0,81.0,71.7,,11.6,1,1,1,0,1
2018-08-27T20,19.0,46.0,15.5,10.1,9.1,1,1,1,1,1
2018-08-27T21,16.0,28.0,15.2,6.2,8.6,1,1,1,1,1
2018-08-27T22,18.0,31.0,16.0,3.1,,1,1,1,1,0
2018-08-27T23,16.0,22.0,10.2,21.9,10.1,1,1,1,1,1
2018-08-28T00,14.0,25.0,11.3,26.05,9.95,1,1,1,1,1
2018-08-28T01,7.0,,31.7,7.3,9.7,1,0,1,1,1
2018-08-28T03,22.0,36.0,32.2,12.9,10.5,1,1,1,1,1
2018-08-28T04,19.0,48.0,29.35,20.1,10.6,1,1,1,1,1
2018-08-28T05,38.0,73.0,27.1,28.75,9.8,1,1,1,1,1
2018-08-28T06,41.5,83.5,28.3,25.35,9.75,1,1,1,1,1
2018-08-28T07,25.0,64.0,23.6,32.8,9.4,1,1,1,1,1
2018-08-28T08,27.0,66.0,31.05,44.55,9.2,1,1,1,1,1
2018-08-28T09,29.0,68.0,38.1,42.4,9.3,1,1,1,1,1
2018-08-28T10,2.0,16.0,46.8,12.3,,1,1,1,1,0
2018-08-28T11,10.0,31.5,51.0,18.7,9.35,1,1,1,1,1
2018-08-28T12,18.0,49.0,51.05,1.0,10.8,1,1,1,1,1
2018-08-28T13,23.0,58.0,53.1,1.6,11.5,1,1,1,1,1
2018-08-28T15,18.0,34.0,44.25,,11.5,1,1,1,0,1
2018-08-28T16,17.5,36.0,40.6,,11.0,1,1,1,0,1
2018-08-28T17,18.0,44.0,39.6,,10.7,1,1,1,0,1
2018-08-28T19,13.5,44.0,27.35,7.3,9.0,1,1,1,1,1
2018-08-28T20,13.0,33.0,25.0,4.8,8.3,1,1,1,1,1
2018-08-28T21,13.0,33.0,25.2,7.4,8.4,1,1,1,1,1
2018-08-29T01,13.0,31.0,19.2,5.7,10.4,1,1,1,1,1
2018-08-29T04,17.0,58.0,34.6,18.6,10.3,1,1,1,1,1
2018-08-29T06,23.0,58.667,30.733,22.7,9.4,1,1,1,1,1
2018-08-29T09,18.5,55.5,40.95,34.25,9.45,1,1,1,1,1
2018-08-29T10,17.0,54.0,47.9,26.8,9.2,1,1,1,1,1
2018-08-29T11,17.0,52.0,74.0,6.4,9.2,1,1,1,1,1
2018-08-29T12,27.0,70.0,44.8,4.7,10.4,1,1,1,1,1
2018-08-29T21,30.0,74.0,29.6,4.5,11.5,1,1,1,1,1
2018-08-29T23,33.5,79.0,35.6,3.45,11.05,1,1,1,1,1
2018-08-30T00,29.0,63.0,38.0,1.9,10.3,1,1,1,1,1
2018-08-30T01,29.0,63.0,30.6,3.0,9.9,1,1,1,1,1
2018-08-30T02,18.0,48.0,34.9,13.25,8.15,1,1,1,1,1
2018-08-30T06,24.0,59.0,15.6,96.25,10.2,1,1,1,1,1
2018-08-30T08,27.0,70.0,14.3,88.6,10.4,1,1,1,1,1
2018-08-30T09,27.0,70.0,12.8,95.8,10.3,1,1,1,1,1
2018-08-30T11,32.5,91.0,34.85,54.05,9.45,1,1,1,1,1
2018-08-30T12,34.0,100.5,62.5,21.45,9.95,1,1,1,1,1
2018-08-30T14,48.5,133.5,81.6,1.25,11.4,1,1,1,1,1
2018-08-30T15,63.0,167.0,71.7,7.7,12.1,1,1,1,1,1
2018-08-30T18,41.0,100.0,37.6,11.4,9.2,1,1,1,1,1
2018-08-30T19,39.0,85.0,35.4,8.4,9.3,1,1,1,1,1
2018-08-30T20,34.0,94.0,35.8,4.5,9.0,1,1,1,1,1
2018-08-30T22,48.0,116.0,23.1,11.9,,1,1,1,1,0
2018-08-30T23,45.0,107.5,22.25,10.7,10.1,1,1,1,1,1
2018-08-31T05,47.0,129.0,14.7,54.2,10.8,1,1,1,1,1
2018-08-31T11,51.0,151.0,30.6,42.6,10.5,1,1,1,1,1
2018-08-31T13,60.0,168.5,61.4,12.85,11.25,1,1,1,1,1
2018-08-31T14,61.0,171.0,72.9,2.2,10.8,1,1,1,1,1
2018-08-31T17,81.0,230.0,49.85,3.95,11.5,1,1,1,1,1
2018-08-31T19,45.0,121.5,37.55,4.2,9.3,1,1,1,1,1
2018-08-31T20,47.0,122.0,43.0,1.2,9.9,1,1,1,1,1
2018-09-01T07,23.0,49.0,28.65,18.5,8.55,1,1,1,1,1
2018-09-01T08,32.5,65.5,43.0,18.75,8.75,1,1,1,1,1
2018-09-01T09,41.0,72.0,44.5,26.2,8.9,1,1,1,1,1
2018-09-01T10,40.0,85.0,36.6,38.5,6.8,1,1,1,1,1
2018-09-01T11,45.0,116.0,64.3,17.8,9.7,1,1,1,1,1
2018-09-01T12,45.0,116.0,59.4,13.8,10.4,1,1,1,1,1
2018-09-01T13,48.0,126.5,68.15,1.7,10.85,1,1,1,1,1
2018-09-01T14,56.0,162.0,74.6,0.2,13.0,1,1,1,1,1
2018-09-01T15,56.0,162.0,73.2,0.6,13.8,1,1,1,1,1
2018-09-01T16,64.5,172.5,75.7,1.95,15.5,1,1,1,1,1
2018-09-01T17,62.0,151.0,62.1,2.5,11.5,1,1,1,1,1
2018-09-01T19,57.0,127.0,55.3,,10.9,1,1,1,0,1
2018-09-01T20,57.0,127.0,,,,1,1,0,0,0
2018-09-01T21,62.0,140.0,55.9,325.1,10.0,1,1,1,1,1
2018-09-01T22,58.0,143.0,46.3,322.35,11.7,1,1,1,1,1
2018-09-02T00,30.0,62.0,20.1,2.4,6.9,1,1,1,1,1
2018-09-02T01,12.5,15.5,19.95,1.1,5.15,1,1,1,1,1
2018-09-02T02,15.5,23.0,20.5,2.5,4.15,1,1,1,1,1
2018-09-02T04,15.5,19.5,26.1,11.5,5.1,1,1,1,1,1
2018-09-02T05,19.0,28.0,19.1,20.2,10.8,1,1,1,1,1
2018-09-02T06,19.0,28.0,18.1,24.8,11.9,1,1,1,1,1
2018-09-02T07,16.5,30.0,19.7,34.1,11.65,1,1,1,1,1
2018-09-02T08,13.0,29.0,14.6,33.6,10.8,1,1,1,1,1
2018-09-02T09,17.0,34.0,17.1,36.6,9.8,1,1,1,1,1
2018-09-02T10,17.0,34.0,17.2,38.3,10.1,1,1,1,1,1
2018-09-02T11,16.0,29.0,25.2,33.7,10.0,1,1,1,1,1
2018-09-02T14,16.0,38.0,46.25,0.4,12.0,1,1,1,1,1
2018-09-02T15,19.0,41.0,46.5,,12.2,1,1,1,0,1
2018-09-02T16,17.5,32.5,36.9,2.35,12.0,1,1,1,1,1
2018-09-02T17,17.0,29.0,32.4,3.2,10.2,1,1,1,1,1
2018-09-02T19,16.0,48.0,33.1,1.4,10.2,1,1,1,1,1
2018-09-02T21,13.0,40.0,35.1,2.3,11.4,1,1,1,1,1
2018-09-02T22,16.0,44.0,30.2,1.1,11.5,1,1,1,1,1
2018-09-02T23,28.0,55.0,30.4,,11.0,1,1,1,0,1
2018-09-03T01,42.0,99.0,26.2,114.6,9.5,1,1,1,1,1
2018-09-03T07,20.0,25.0,51.0,11.25,10.8,1,1,1,1,1
2018-09-03T08,12.0,20.0,47.6,11.2,10.9,1,1,1,1,1
2018-09-03T09,13.0,23.0,39.7,20.6,11.1,1,1,1,1,1
2018-09-03T12,24.0,51.0,70.0,356.0,11.8,1,1,1,1,1
2018-09-03T13,25.0,51.0,72.9,297.0,13.1,1,1,1,1,1
2018-09-03T14,36.0,83.0,64.75,100.2,15.05,1,1,1,1,1
2018-09-03T15,39.0,84.0,64.2,22.0,15.1,1,1,1,1,1
2018-09-03T17,39.0,77.0,43.2,,12.4,1,1,1,0,1
2018-09-03T18,31.0,77.0,45.2,,11.8,1,1,1,0,1
2018-09-03T19,24.0,55.0,32.6,5.4,12.4,1,1,1,1,1
2018-09-03T20,33.0,67.0,35.8,6.95,12.5,1,1,1,1,1
2018-09-04T00,35.0,77.0,36.3,9.8,11.1,1,1,1,1,1
2018-09-04T01,38.0,66.0,48.3,9.1,11.1,1,1,1,1,1
2018-09-04T02,38.0,85.0,66.6,14.5,11.0,1,1,1,1,1
2018-09-04T03,28.0,91.0,124.8,28.9,10.4,1,1,1,1,1
2018-09-04T04,47.0,110.0,67.6,52.7,,1,1,1,1,0
2018-09-04T06,41.0,96.0,77.15,34.95,8.65,1,1,1,1,1
2018-09-04T07,40.0,91.0,89.6,11.1,8.2,1,1,1,1,1
2018-09-04T09,34.0,75.0,71.2,6.6,10.0,1,1,1,1,1
2018-09-04T10,35.0,78.0,59.0,5.5,,1,1,1,1,0
2018-09-04T11,20.0,55.0,55.0,7.1,8.6,1,1,1,1,1
2018-09-04T14,29.0,80.0,63.8,0.1,9.6,1,1,1,1,1
2018-09-04T15,30.0,80.0,55.65,0.4,9.8,1,1,1,1,1
2018-09-04T16,34.0,85.0,59.5,,9.7,1,1,1,0,1
2018-09-04T17,33.0,81.0,59.15,1.15,10.35,1,1,1,1,1
2018-09-04T18,31.0,79.0,44.7,0.7,10.1,1,1,1,1,1
2018-09-04T21,22.0,51.0,34.8,1.9,9.6,1,1,1,1,1
2018-09-04T23,27.0,53.0,24.55,2.95,8.7,1,1,1,1,1
2018-09-05T00,24.0,59.0,29.7,1.55,9.05,1,1,1,1,1
2018-09-05T01,19.0,55.0,33.5,17.3,9.5,1,1,1,1,1
2018-09-05T02,24.0,48.0,31.533,23.633,9.133,1,1,1,1,1
2018-09-05T04,6.0,20.0,29.7,35.0,9.6,1,1,1,1,1
2018-09-05T06,18.0,39.0,22.4,65.8,9.9,1,1,1,1,1
2018-09-05T07,23.0,55.0,19.0,65.8,10.1,1,1,1,1,1
2018-09-05T09,30.0,97.0,21.1,60.767,9.367,1,1,1,1,1
2018-09-05T10,35.0,102.0,20.7,52.0,9.0,1,1,1,1,1
2018-09-05T11,44.0,96.0,31.9,,10.3,1,1,1,0,1
2018-09-05T12,33.0,95.0,48.7,19.7,10.7,1,1,1,1,1
2018-09-05T13,35.0,110.0,79.0,0.6,11.3,1,1,1,1,1
2018-09-05T14,53.0,175.0,57.4,0.0,14.9,1,1,1,1,1
2018-09-05T15,56.0,166.0,63.7,,15.6,1,1,1,0,1
2018-09-05T16,50.0,143.0,63.4,,,1,1,1,0,0
2018-09-05T17,47.0,144.0,65.7,,15.8,1,1,1,0,1
2018-09-05T18,52.0,167.0,55.1,,15.5,1,1,1,0,1
2018-09-05T19,47.0,143.0,48.4,,16.4,1,1,1,0,1
2018-09-06T02,29.0,67.0,23.7,14.0,6.2,1,1,1,1,1
2018-09-06T03,28.0,69.0,17.5,33.9,5.8,1,1,1,1,1
2018-09-06T04,29.0,81.0,18.5,58.6,,1,1,1,1,0
2018-09-06T10,73.0,150.0,24.7,73.4,12.6,1,1,1,1,1
2018-09-06T11,46.0,130.0,46.7,31.8,11.5,1,1,1,1,1
2018-09-06T12,38.0,92.0,43.3,27.4,11.65,1,1,1,1,1
2018-09-06T13,7.0,9.0,59.3,9.25,12.15,1,1,1,1,1
2018-09-06T14,7.0,14.0,54.9,5.7,13.8,1,1,1,1,1
2018-09-06T18,20.0,45.0,51.7,1.2,15.067,1,1,1,1,1
2018-09-06T19,13.0,33.0,46.05,,14.95,1,1,1,0,1
2018-09-06T20,11.0,23.0,,1.8,,1,1,0,1,0
2018-09-06T21,12.0,38.0,41.4,1.2,15.3,1,1,1,1,1
2018-09-06T23,18.0,42.0,39.65,1.05,11.3,1,1,1,1,1
2018-09-07T01,25.0,57.0,54.0,2.2,12.5,1,1,1,1,1
2018-09-07T02,29.0,66.0,70.3,6.8,12.9,1,1,1,1,1
2018-09-07T03,28.0,80.0,89.8,11.4,12.6,1,1,1,1,1
2018-09-07T05,22.0,64.0,77.9,80.6,10.8,1,1,1,1,1
2018-09-07T06,40.0,101.0,31.6,124.7,22.3,1,1,1,1,1
2018-09-07T07,39.0,88.0,34.8,98.1,11.3,1,1,1,1,1
2018-09-07T08,33.0,74.0,54.45,126.8,9.95,1,1,1,1,1
2018-09-07T09,46.0,123.0,46.95,26.8,9.1,1,1,1,1,1
2018-09-07T10,30.0,66.0,54.3,16.0,9.0,1,1,1,1,1
2018-09-07T11,12.0,40.0,79.2,3.0,10.8,1,1,1,1,1
2018-09-07T12,14.0,47.0,84.5,3.2,14.4,1,1,1,1,1
2018-09-07T13,30.0,83.0,77.0,2.4,15.6,1,1,1,1,1
2018-09-07T14,39.0,128.0,74.7,2.5,20.0,1,1,1,1,1
2018-09-07T18,20.0,55.0,41.0,0.5,9.3,1,1,1,1,1
2018-09-07T19,24.0,62.0,42.0,1.1,8.5,1,1,1,1,1
2018-09-07T20,29.0,80.0,35.0,1.2,7.4,1,1,1,1,1
2018-09-07T21,33.0,85.0,35.7,0.6,7.9,1,1,1,1,1
2018-09-08T00,42.0,86.0,30.4,31.4,12.6,1,1,1,1,1
2018-09-08T06,20.0,50.0,26.433,22.667,14.3,1,1,1,1,1
2018-09-08T07,17.0,42.0,29.5,25.7,15.8,1,1,1,1,1
2018-09-08T08,24.0,50.0,21.9,29.7,12.8,1,1,1,1,1
2018-09-08T09,19.0,55.0,23.5,28.0,12.3,1,1,1,1,1
2018-09-08T11,22.0,57.0,36.2,18.3,15.0,1,1,1,1,1
2018-09-08T12,19.0,53.0,43.0,10.4,16.9,1,1,1,1,1
2018-09-08T14,12.0,24.0,56.0,101.7,17.5,1,1,1,1,1
2018-09-08T17,19.0,55.0,41.0,3.4,14.5,1,1,1,1,1
2018-09-08T18,24.0,51.0,31.7,6.5,12.0,1,1,1,1,1
2018-09-08T21,17.0,35.0,16.7,13.2,11.4,1,1,1,1,1
2018-09-09T00,18.0,41.0,19.8,7.95,14.1,1,1,1,1,1
2018-09-09T01,14.0,39.0,13.7,10.3,13.9,1,1,1,1,1
2018-09-09T02,22.0,41.0,14.1,13.9,14.1,1,1,1,1,1
2018-09-09T03,20.0,35.0,15.2,18.0,13.6,1,1,1,1,1
2018-09-09T04,14.0,23.0,16.2,29.4,,1,1,1,1,0
2018-09-09T05,12.0,27.0,18.05,37.8,14.85,1,1,1,1,1
2018-09-09T06,11.0,31.0,15.6,37.1,14.6,1,1,1,1,1
2018-09-09T07,13.0,30.0,16.433,39.0,14.267,1,1,1,1,1
2018-09-09T08,12.0,39.0,16.6,37.6,13.9,1,1,1,1,1
2018-09-09T09,11.0,27.0,16.0,37.6,13.4,1,1,1,1,1
2018-09-09T10,12.0,27.0,18.467,38.433,13.733,1,1,1,1,1
2018-09-09T12,8.0,27.0,39.15,15.3,10.6,1,1,1,1,1
2018-09-09T18,19.0,36.0,21.9,12.5,12.2,1,1,1,1,1
2018-09-09T19,16.0,35.0,26.2,,11.9,1,1,1,0,1
2018-09-09T20,11.0,23.0,22.8,11.9,12.9,1,1,1,1,1
2018-09-09T21,14.0,22.0,23.4,7.2,12.4,1,1,1,1,1
2018-09-09T22,16.0,44.0,25.4,5.8,,1,1,1,1,0
2018-09-09T23,16.0,33.0,19.7,9.8,11.4,1,1,1,1,1
2018-09-10T00,22.0,38.0,21.3,7.9,11.8,1,1,1,1,1
2018-09-10T01,18.0,35.0,22.9,11.0,11.7,1,1,1,1,1
2018-09-10T03,19.0,41.0,21.55,29.95,11.15,1,1,1,1,1
2018-09-10T06,33.0,75.0,48.8,52.3,23.0,1,1,1,1,1
2018-09-10T07,42.0,92.0,28.5,74.3,28.5,1,1,1,1,1
2018-09-10T08,33.0,79.0,37.5,51.7,19.4,1,1,1,1,1
2018-09-10T09,40.0,64.0,35.4,43.0,22.2,1,1,1,1,1
2018-09-10T10,23.0,50.0,45.55,31.0,25.4,1,1,1,1,1
2018-09-10T11,18.0,50.0,49.15,24.9,24.15,1,1,1,1,1
2018-09-10T12,17.0,44.0,55.1,19.8,24.1,1,1,1,1,1
2018-09-10T13,23.0,58.0,50.0,2.9,20.9,1,1,1,1,1
2018-09-10T14,17.0,44.0,46.2,1.8,17.8,1,1,1,1,1
2018-09-10T15,12.0,45.0,36.2,4.9,16.2,1,1,1,1,1
2018-09-10T16,23.0,50.0,40.2,0.4,14.9,1,1,1,1,1
2018-09-10T17,28.0,58.0,35.2,0.3,14.0,1,1,1,1,1
2018-09-10T18,29.0,58.0,35.5,,15.3,1,1,1,0,1
2018-09-10T19,29.0,58.0,27.9,,14.4,1,1,1,0,1
2018-09-10T20,17.667,32.333,13.6,5.7,14.0,1,1,1,1,1
2018-09-10T21,13.0,25.0,16.9,2.8,12.5,1,1,1,1,1
2018-09-10T22,12.0,31.0,17.2,4.5,12.1,1,1,1,1,1
2018-09-10T23,14.0,31.0,24.35,0.85,13.5,1,1,1,1,1
2018-09-11T00,17.0,38.0,23.2,3.6,14.2,1,1,1,1,1
2018-09-11T01,24.0,41.0,19.8,5.9,14.4,1,1,1,1,1
2018-09-11T02,22.0,46.0,16.8,19.3,14.3,1,1,1,1,1
2018-09-11T04,16.0,42.0,15.2,62.0,,1,1,1,1,0
2018-09-11T05,23.0,56.0,18.6,82.5,14.2,1,1,1,1,1
2018-09-11T08,27.0,50.0,22.3,65.1,13.2,1,1,1,1,1
2018-09-11T09,19.5,41.5,22.4,49.1,12.95,1,1,1,1,1
2018-09-11T12,16.0,41.0,60.35,3.65,14.4,1,1,1,1,1
2018-09-11T13,21.0,58.5,63.4,1.05,15.85,1,1,1,1,1
2018-09-11T14,23.0,62.0,69.5,1.0,17.0,1,1,1,1,1
2018-09-11T17,34.0,88.0,38.7,2.8,15.6,1,1,1,1,1
2018-09-11T18,32.0,78.5,36.3,2.8,15.4,1,1,1,1,1
2018-09-11T19,26.5,65.0,32.25,5.7,13.75,1,1,1,1,1
2018-09-11T20,23.0,61.0,,7.4,,1,1,0,1,0
2018-09-11T21,13.0,39.0,26.9,5.8,10.7,1,1,1,1,1
2018-09-11T22,19.5,41.0,25.9,4.85,10.6,1,1,1,1,1
2018-09-11T23,23.0,40.0,20.4,5.6,11.9,1,1,1,1,1
2018-09-12T01,23.0,42.0,20.0,11.8,12.0,1,1,1,1,1
2018-09-12T02,23.0,56.0,19.7,26.6,12.8,1,1,1,1,1
2018-09-12T04,13.0,55.0,13.6,33.3,12.6,1,1,1,1,1
2018-09-12T06,20.0,67.0,16.2,43.0,13.8,1,1,1,1,1
2018-09-12T07,26.0,64.5,14.8,49.45,13.9,1,1,1,1,1
2018-09-12T08,29.0,73.0,11.4,46.45,12.55,1,1,1,1,1
2018-09-12T09,29.0,83.0,11.35,47.35,12.7,1,1,1,1,1
2018-09-12T10,29.5,79.0,16.4,40.9,10.8,1,1,1,1,1
2018-09-12T12,29.0,86.0,38.6,14.7,14.7,1,1,1,1,1
2018-09-12T13,34.5,85.0,50.65,4.45,14.95,1,1,1,1,1
2018-09-12T14,35.5,96.0,60.05,0.5,16.25,1,1,1,1,1
2018-09-12T15,35.0,94.0,53.9,1.4,17.0,1,1,1,1,1
2018-09-12T16,29.0,69.0,48.9,3.0,,1,1,1,1,0
2018-09-12T18,21.5,55.5,25.95,14.35,13.3,1,1,1,1,1
2018-09-12T20,18.0,31.0,,16.25,,1,1,0,1,0
2018-09-12T21,14.5,30.0,14.4,17.4,12.35,1,1,1,1,1
2018-09-12T22,16.0,33.0,18.3,10.0,11.3,1,1,1,1,1
2018-09-12T23,18.0,28.0,21.55,7.2,12.9,1,1,1,1,1
2018-09-13T00,20.5,45.5,29.1,3.05,12.75,1,1,1,1,1
2018-09-13T02,25.0,74.0,16.6,12.8,14.2,1,1,1,1,1
2018-09-13T03,29.0,80.0,13.0,21.0,13.1,1,1,1,1,1
2018-09-13T14,24.0,157.0,61.6,1.7,17.3,1,1,1,1,1
2018-09-13T18,13.0,80.0,36.7,4.7,7.0,1,1,1,1,1
2018-09-13T19,13.0,80.0,32.3,,8.5,1,1,1,0,1
2018-09-13T21,8.0,50.0,30.2,9.6,7.5,1,1,1,1,1
2018-09-14T04,18.0,105.0,15.5,48.1,,1,1,1,1,0
2018-09-14T05,18.5,109.0,12.95,54.0,12.6,1,1,1,1,1
2018-09-14T09,27.0,128.0,16.3,62.7,12.3,1,1,1,1,1
2018-09-14T10,19.5,128.0,14.95,58.8,10.6,1,1,1,1,1
2018-09-14T12,25.0,139.0,59.05,10.15,14.3,1,1,1,1,1
2018-09-14T14,33.0,145.0,57.7,0.9,17.6,1,1,1,1,1
2018-09-14T15,33.0,145.0,59.0,1.2,17.8,1,1,1,1,1
2018-09-14T16,36.5,152.0,58.05,1.35,19.7,1,1,1,1,1
2018-09-14T17,45.0,179.0,61.1,2.1,15.1,1,1,1,1,1
2018-09-14T18,45.5,177.0,54.4,1.6,16.05,1,1,1,1,1
2018-09-14T21,19.5,73.5,18.8,15.95,9.0,1,1,1,1,1
2018-09-14T22,12.0,67.0,21.6,11.3,8.9,1,1,1,1,1
2018-09-14T23,12.0,61.0,17.6,15.7,9.2,1,1,1,1,1
2018-09-15T02,23.0,101.0,19.7,19.45,10.1,1,1,1,1,1
2018-09-15T03,19.0,96.0,19.5,36.9,9.1,1,1,1,1,1
2018-09-15T05,23.0,95.0,14.2,78.2,11.4,1,1,1,1,1
2018-09-15T06,22.5,97.0,13.95,87.35,11.5,1,1,1,1,1
2018-09-15T07,22.0,99.0,12.8,76.833,11.4,1,1,1,1,1
2018-09-15T08,19.0,85.0,11.1,68.6,11.7,1,1,1,1,1
2018-09-15T11,20.0,88.0,21.4,46.4,11.4,1,1,1,1,1
2018-09-15T14,34.0,122.0,70.9,1.3,19.6,1,1,1,1,1
2018-09-16T01,40.0,116.0,28.6,7.0,10.6,1,1,1,1,1
2018-09-16T02,37.0,117.5,26.2,17.4,9.65,1,1,1,1,1
2018-09-16T03,36.5,115.0,20.15,32.0,8.35,1,1,1,1,1
2018-09-16T04,33.0,113.5,15.4,47.8,7.6,1,1,1,1,1
2018-09-16T05,27.0,116.0,12.35,57.15,12.25,1,1,1,1,1
2018-09-16T06,25.0,116.0,10.6,61.5,16.8,1,1,1,1,1
2018-09-16T07,22.0,99.0,9.433,64.0,15.2,1,1,1,1,1
2018-09-16T08,20.0,95.0,9.5,66.3,14.3,1,1,1,1,1
2018-09-16T13,22.0,112.0,63.3,2.0,14.9,1,1,1,1,1
2018-09-16T14,32.0,123.5,67.2,1.95,15.9,1,1,1,1,1
2018-09-16T16,38.667,131.0,64.35,1.733,16.45,1,1,1,1,1
2018-09-16T17,48.0,145.0,59.6,0.8,13.3,1,1,1,1,1
2018-09-16T18,50.0,132.0,55.2,0.8,11.5,1,1,1,1,1
2018-09-16T19,38.0,112.0,52.4,,11.4,1,1,1,0,1
2018-09-16T21,36.5,91.5,40.55,1.55,11.85,1,1,1,1,1
2018-09-16T22,33.0,84.0,38.7,1.3,12.3,1,1,1,1,1
2018-09-16T23,41.5,98.0,35.3,3.95,13.95,1,1,1,1,1
2018-09-17T00,48.0,110.0,45.6,4.6,15.2,1,1,1,1,1
2018-09-17T04,47.0,149.0,19.7,89.5,8.7,1,1,1,1,1
2018-09-17T06,34.0,130.0,14.9,89.2,13.5,1,1,1,1,1
2018-09-17T07,34.0,124.0,11.7,92.9,12.5,1,1,1,1,1
2018-09-17T09,42.0,133.0,13.133,79.733,11.1,1,1,1,1,1
2018-09-17T10,47.0,149.0,16.8,70.2,,1,1,1,1,0
2018-09-17T11,47.0,152.5,27.1,59.5,12.6,1,1,1,1,1
2018-09-17T12,47.0,156.0,46.2,35.6,12.4,1,1,1,1,1
2018-09-17T13,55.0,179.0,68.0,5.2,15.2,1,1,1,1,1
2018-09-17T14,48.0,158.0,60.0,9.8,15.0,1,1,1,1,1
2018-09-17T17,61.0,140.0,44.0,15.9,13.2,1,1,1,1,1
2018-09-17T18,61.0,140.0,40.55,20.65,12.3,2,2,2,2,2
2018-09-17T19,41.0,125.0,32.1,,13.0,1,1,1,0,1
2018-09-18T00,55.0,141.0,48.9,1.3,13.0,1,1,1,1,1
2018-09-18T01,51.0,156.0,46.0,5.0,13.1,1,1,1,1,1
2018-09-18T05,46.0,162.0,16.4,112.9,,1,1,1,1,0
2018-09-18T07,34.0,150.0,12.3,116.2,18.9,1,1,1,1,1
2018-09-18T08,36.0,135.0,12.6,98.25,17.9,1,1,1,1,1
2018-09-18T09,28.0,136.0,15.1,88.2,15.1,1,1,1,1,1
2018-09-18T15,51.0,169.0,74.2,0.7,18.2,1,1,1,1,1
2018-09-18T18,57.0,150.0,65.1,1.5,14.4,1,1,1,1,1
2018-09-18T21,50.0,117.0,58.9,1.6,13.4,1,1,1,1,1
2018-09-19T01,58.0,144.0,62.5,2.4,19.1,1,1,1,1,1
2018-09-19T02,80.0,195.0,65.7,8.8,16.9,1,1,1,1,1
2018-09-19T03,63.0,190.0,43.1,43.1,12.75,1,1,1,1,1
2018-09-19T04,57.0,184.0,17.0,90.1,9.9,1,1,1,1,1
2018-09-19T07,48.0,140.0,14.9,117.3,19.5,1,1,1,1,1
2018-09-19T13,39.0,177.0,88.0,3.8,17.6,1,1,1,1,1
2018-09-19T14,40.0,146.0,74.9,,,1,1,1,0,0
2018-09-19T16,50.0,152.0,75.75,1.35,21.95,1,1,1,1,1
2018-09-19T17,69.0,171.0,65.8,1.7,15.6,1,1,1,1,1
2018-09-19T18,69.0,171.0,67.9,1.7,16.0,1,1,1,1,1
2018-09-19T19,55.0,128.0,65.9,1.9,13.9,1,1,1,1,1
2018-09-19T21,59.0,136.0,50.8,1.1,13.0,1,1,1,1,1
2018-09-19T23,58.0,141.0,53.0,1.5,13.4,1,1,1,1,1
2018-09-20T00,78.0,162.0,48.6,0.7,11.9,1,1,1,1,1
2018-09-20T01,79.0,177.0,61.0,2.4,12.1,1,1,1,1,1
2018-09-20T02,73.0,191.5,43.95,32.7,9.0,1,1,1,1,1
2018-09-20T03,45.0,143.0,31.0,71.7,5.6,1,1,1,1,1
2018-09-20T04,45.0,143.0,30.8,81.4,5.2,1,1,1,1,1
2018-09-20T07,65.0,173.5,19.75,164.05,21.6,1,1,1,1,1
2018-09-20T09,50.0,127.0,20.0,142.2,17.5,1,1,1,1,1
2018-09-20T11,62.5,167.0,96.3,26.75,35.75,1,1,1,1,1
2018-09-20T12,81.0,215.0,108.5,2.4,46.8,1,1,1,1,1
2018-09-20T13,94.0,205.0,103.3,2.1,41.9,1,1,1,1,1
2018-09-20T14,94.0,205.0,101.2,2.3,31.8,1,1,1,1,1
2018-09-20T16,97.0,212.0,69.4,14.6,,1,1,1,1,0
2018-09-20T20,66.5,131.0,48.3,10.9,8.9,1,1,1,1,1
2018-09-20T22,62.0,134.0,40.0,17.1,,1,1,1,1,0
2018-09-20T23,62.0,134.0,24.5,26.5,16.7,1,1,1,1,1
2018-09-21T00,46.0,94.0,22.6,13.0,15.4,1,1,1,1,1
2018-09-21T01,53.0,95.0,22.4,12.2,13.4,1,1,1,1,1
2018-09-21T04,29.0,69.0,20.5,39.0,11.5,1,1,1,1,1
2018-09-21T05,8.0,50.0,17.5,41.7,13.1,1,1,1,1,1
2018-09-21T07,9.0,66.0,14.4,45.1,15.9,1,1,1,1,1
2018-09-21T13,13.0,46.0,31.7,11.7,14.0,1,1,1,1,1
2018-09-21T14,11.0,35.5,34.6,5.05,27.3,1,1,1,1,1
2018-09-21T15,13.0,33.0,27.5,7.7,26.3,1,1,1,1,1
2018-09-21T16,17.0,46.0,15.5,23.1,19.2,1,1,1,1,1
2018-09-21T17,6.0,38.0,20.0,11.1,15.7,1,1,1,1,1
2018-09-21T18,5.0,11.0,27.5,13.2,14.4,1,1,1,1,1
2018-09-21T19,7.0,11.0,18.7,,13.3,1,1,1,0,1
2018-09-21T22,7.0,7.0,7.5,17.3,,1,1,1,1,0
2018-09-22T00,3.0,5.0,9.3,13.7,12.3,1,1,1,1,1
2018-09-22T01,11.0,13.0,16.2,12.75,12.4,1,1,1,1,1
2018-09-22T02,17.0,25.5,22.65,8.4,13.35,1,1,1,1,1
2018-09-22T03,16.0,30.5,21.1,9.8,13.0,1,1,1,1,1
2018-09-22T04,15.0,32.667,21.933,10.467,13.65,1,1,1,1,1
2018-09-22T06,12.5,37.0,20.55,20.05,14.1,1,1,1,1,1
2018-09-22T07,13.0,40.0,33.2,11.2,13.8,1,1,1,1,1
2018-09-22T09,19.0,39.0,24.3,21.2,13.4,1,1,1,1,1
2018-09-22T11,22.0,47.0,22.9,16.8,12.9,1,1,1,1,1
2018-09-22T12,24.0,50.0,33.6,10.5,12.9,1,1,1,1,1
2018-09-22T13,23.0,50.0,36.8,7.1,12.3,1,1,1,1,1
2018-09-22T14,22.0,52.0,29.3,13.0,13.6,1,1,1,1,1
2018-09-22T15,20.0,42.0,28.8,9.8,14.1,1,1,1,1,1
2018-09-22T16,21.5,43.5,22.55,13.85,13.5,1,1,1,1,1
2018-09-22T17,23.0,45.0,21.6,11.4,13.2,1,1,1,1,1
2018-09-22T18,27.0,51.0,13.8,23.6,13.5,1,1,1,1,1
2018-09-22T19,24.0,39.0,9.1,,12.0,1,1,1,0,1
2018-09-22T21,10.5,18.5,6.75,29.1,11.25,1,1,1,1,1
2018-09-22T22,8.0,18.0,7.4,26.5,11.4,1,1,1,1,1
2018-09-22T23,9.5,20.5,9.75,21.75,11.85,1,1,1,1,1
2018-09-23T00,14.0,28.0,15.5,16.9,11.4,1,1,1,1,1
2018-09-23T01,14.0,28.0,18.2,15.1,11.9,1,1,1,1,1
2018-09-23T02,19.0,50.0,14.1,22.7,11.5,1,1,1,1,1
2018-09-23T03,19.0,50.0,13.15,24.0,11.1,1,1,1,1,1
2018-09-23T04,27.0,57.0,13.35,25.6,11.45,1,1,1,1,1
2018-09-23T05,20.0,53.0,15.3,32.1,12.0,1,1,1,1,1
2018-09-23T06,20.0,61.0,19.4,31.5,12.4,1,1,1,1,1
2018-09-23T07,22.0,57.0,16.85,40.3,13.05,1,1,1,1,1
2018-09-23T08,23.5,57.0,15.3,44.95,13.95,1,1,1,1,1
2018-09-23T09,26.0,62.0,19.9,37.1,13.85,1,1,1,1,1
2018-09-23T10,28.333,62.333,26.1,26.433,13.15,1,1,1,1,1
2018-09-23T11,27.0,62.5,23.8,24.9,12.35,1,1,1,1,1
2018-09-23T12,27.0,64.0,35.5,7.1,12.3,1,1,1,1,1
2018-09-23T15,16.0,16.0,23.25,9.4,13.7,1,1,1,1,1
2018-09-23T16,9.0,14.0,28.2,7.8,,1,1,1,1,0
2018-09-23T17,11.0,15.5,18.8,13.45,12.6,1,1,1,1,1
2018-09-23T18,13.0,17.0,14.6,14.8,12.0,1,1,1,1,1
2018-09-23T19,13.0,17.0,13.65,14.8,10.5,1,1,1,1,1
2018-09-23T20,12.0,23.0,,13.7,,1,1,0,1,0
2018-09-23T21,12.0,17.0,13.8,11.3,9.5,1,1,1,1,1
2018-09-23T22,12.0,17.0,13.6,10.3,10.4,1,1,1,1,1
2018-09-24T01,12.0,38.0,23.1,3.5,13.1,1,1,1,1,1
2018-09-24T02,12.0,38.0,20.9,6.6,12.0,1,1,1,1,1
2018-09-24T04,20.0,40.0,29.4,3.8,13.3,1,1,1,1,1
2018-09-24T05,23.0,38.0,45.3,,10.9,1,1,1,0,1
2018-09-24T06,24.667,34.333,43.267,8.367,14.033,1,1,1,1,1
2018-09-24T07,27.5,28.0,44.35,9.65,14.85,1,1,1,1,1
2018-09-24T08,19.0,34.0,48.6,14.6,13.8,1,1,1,1,1
2018-09-24T09,19.0,34.0,45.7,15.5,14.0,1,1,1,1,1
2018-09-24T10,17.5,31.0,35.8,13.85,14.2,1,1,1,1,1
2018-09-24T11,16.0,28.0,51.6,6.2,13.6,1,1,1,1,1
2018-09-24T12,16.0,28.5,42.25,5.75,12.75,1,1,1,1,1
2018-09-24T17,8.0,13.0,21.1,17.9,12.95,1,1,1,1,1
2018-09-24T18,3.0,11.0,10.4,22.8,12.55,1,1,1,1,1
2018-09-24T19,3.0,14.0,8.4,,12.4,1,1,1,0,1
2018-09-24T21,2.0,7.0,6.9,29.9,12.8,1,1,1,1,1
2018-09-25T04,19.0,22.0,23.55,13.8,11.4,1,1,1,1,1
2018-09-25T05,29.0,44.0,20.7,19.4,11.5,1,1,1,1,1
2018-09-25T07,6.0,20.0,24.1,23.4,11.3,1,1,1,1,1
2018-09-25T09,18.0,34.0,15.6,55.5,11.25,1,1,1,1,1
2018-09-25T10,17.0,34.0,22.7,42.1,11.0,1,1,1,1,1
2018-09-25T11,18.0,46.0,27.95,25.15,10.95,1,1,1,1,1
2018-09-25T12,18.0,55.0,43.8,5.9,10.1,1,1,1,1,1
2018-09-25T13,27.0,73.0,50.9,1.1,11.9,1,1,1,1,1
2018-09-25T15,31.0,90.0,42.8,0.7,16.1,1,1,1,1,1
2018-09-25T16,41.0,96.0,38.7,1.6,,1,1,1,1,0
2018-09-25T20,38.0,89.0,,1.2,,1,1,0,1,0
2018-09-25T21,29.0,56.0,23.4,0.8,8.95,1,1,1,1,1
2018-09-25T22,25.0,47.5,22.9,1.4,10.8,1,1,1,1,1
2018-09-25T23,26.5,50.0,28.45,0.5,11.9,1,1,1,1,1
2018-09-26T00,33.0,50.0,32.3,2.1,12.0,1,1,1,1,1
2018-09-26T02,21.5,54.0,23.95,18.1,11.05,1,1,1,1,1
2018-09-26T03,23.0,51.0,24.1,25.2,9.8,1,1,1,1,1
2018-09-26T04,19.0,48.0,11.4,54.8,9.2,1,1,1,1,1
2018-09-26T06,20.0,61.0,11.2,95.3,11.8,1,1,1,1,1
2018-09-26T08,25.0,68.0,10.2,110.9,12.9,1,1,1,1,1
2018-09-26T09,25.0,68.0,10.2,91.3,13.0,1,1,1,1,1
2018-09-26T10,18.5,61.5,13.6,72.15,12.5,1,1,1,1,1
2018-09-26T11,20.0,62.0,17.95,59.75,11.95,1,1,1,1,1
2018-09-26T13,27.0,100.0,60.8,1.7,13.9,1,1,1,1,1
2018-09-26T14,38.0,111.0,61.6,1.7,16.1,1,1,1,1,1
2018-09-26T16,52.0,132.0,51.1,2.1,,1,1,1,1,0
2018-09-26T18,84.0,174.0,33.7,2.2,21.3,1,1,1,1,1
2018-09-26T22,71.0,116.5,30.0,2.25,21.1,1,1,1,1,1
2018-09-26T23,66.0,110.0,24.4,1.2,9.6,1,1,1,1,1
2018-09-27T00,75.0,110.0,23.6,2.15,10.7,1,1,1,1,1
2018-09-27T01,94.0,164.0,70.4,2.6,7.9,1,1,1,1,1
2018-09-27T02,94.0,164.0,63.15,2.45,6.3,1,1,1,1,1
2018-09-27T03,72.0,138.0,30.5,30.3,1.0,1,1,1,1,1
2018-09-27T04,56.0,102.0,23.5,60.9,,1,1,1,1,0
2018-09-27T06,48.0,110.5,16.95,141.3,9.9,1,1,1,1,1
2018-09-27T08,29.0,88.0,10.6,111.1,9.3,1,1,1,1,1
2018-09-27T09,32.0,92.5,12.85,108.8,9.05,1,1,1,1,1
2018-09-27T10,35.0,101.0,16.7,79.0,,1,1,1,1,0
2018-09-27T11,35.0,101.0,27.7,57.2,11.7,1,1,1,1,1
2018-09-27T12,36.0,107.0,66.75,4.15,13.55,1,1,1,1,1
2018-09-27T14,64.0,171.0,67.3,2.0,24.1,1,1,1,1,1
2018-09-27T16,90.0,199.0,50.8,2.0,32.8,1,1,1,1,1
2018-09-27T18,95.0,193.0,43.4,2.35,18.7,2,2,2,2,2
2018-09-27T19,91.0,169.0,35.9,2.6,18.6,1,1,1,1,1
2018-09-27T22,85.0,136.0,24.0,3.1,,1,1,1,1,0
2018-09-27T23,85.0,136.0,21.8,2.4,13.7,1,1,1,1,1
2018-09-28T00,81.0,114.0,21.0,2.2,11.9,1,1,1,1,1
2018-09-28T01,92.0,133.0,43.6,2.7,15.4,1,1,1,1,1
2018-09-28T03,75.0,147.0,57.3,43.6,,1,1,1,1,0
2018-09-28T05,55.0,149.0,26.1,109.6,12.0,1,1,1,1,1
2018-09-28T06,48.667,133.667,17.433,105.467,16.1,1,1,1,1,1
2018-09-29T05,48.0,211.0,27.3,56.1,8.4,1,1,1,1,1
2018-09-29T07,30.0,122.0,16.7,111.3,2.1,1,1,1,1,1
2018-09-29T09,31.0,164.0,16.1,171.7,3.3,1,1,1,1,1
2018-09-29T10,34.0,155.0,23.0,65.2,3.8,1,1,1,1,1
2018-09-29T11,35.0,151.0,43.7,26.5,12.5,1,1,1,1,1
2018-09-29T12,35.0,151.0,49.2,19.5,12.7,1,1,1,1,1
2018-09-29T16,52.0,199.0,55.0,1.4,18.5,1,1,1,1,1
2018-09-29T19,39.0,143.0,58.2,,13.7,1,1,1,0,1
2018-09-29T21,41.0,132.0,36.2,2.0,8.1,1,1,1,1,1
2018-09-29T22,41.0,132.0,35.5,2.1,8.5,1,1,1,1,1
2018-09-29T23,39.0,139.0,21.7,0.8,10.3,1,1,1,1,1
2018-09-30T00,34.0,133.0,20.2,1.8,13.5,1,1,1,1,1
2018-09-30T01,29.0,125.0,20.9,8.3,12.4,1,1,1,1,1
2018-09-30T02,30.0,125.0,19.6,29.0,12.9,1,1,1,1,1
2018-09-30T03,30.0,125.0,15.8,60.6,11.4,1,1,1,1,1
2018-09-30T04,30.0,124.0,11.8,122.2,,1,1,1,1,0
2018-09-30T08,17.0,102.0,8.0,104.5,9.95,1,1,1,1,1
2018-09-30T09,11.0,89.0,7.9,98.2,10.8,1,1,1,1,1
2018-09-30T10,17.5,79.0,11.65,89.65,10.3,1,1,1,1,1
2018-09-30T11,19.0,73.0,19.0,71.0,16.4,1,1,1,1,1
2018-09-30T14,31.0,110.333,66.8,1.533,17.633,1,1,1,1,1
2018-09-30T15,33.5,126.5,61.9,1.85,18.95,1,1,1,1,1
2018-09-30T16,40.5,145.5,61.9,0.95,20.7,1,1,1,1,1
2018-09-30T17,41.0,155.0,56.7,1.3,16.6,1,1,1,1,1
2018-09-30T18,38.0,137.0,49.75,1.05,13.85,1,1,1,1,1
2018-09-30T19,34.5,122.5,49.3,2.7,14.8,1,1,1,1,1
2018-09-30T20,40.0,122.0,42.9,1.4,12.5,1,1,1,1,1
2018-09-30T21,40.0,122.0,45.7,2.5,10.5,1,1,1,1,1
2018-09-30T22,38.0,136.0,37.5,1.0,,1,1,1,1,0
2018-09-30T23,38.0,136.0,33.7,1.5,6.7,1,1,1,1,1
2018-10-01T00,38.0,107.0,45.2,0.5,9.2,1,1,1,1,1
2018-10-01T01,35.0,139.0,37.6,8.2,9.4,1,1,1,1,1
2018-10-01T02,35.0,139.0,39.3,12.9,8.9,1,1,1,1,1
2018-10-01T03,33.0,160.0,25.3,85.7,8.6,1,1,1,1,1
2018-10-01T05,47.0,180.0,18.2,148.0,19.1,1,1,1,1,1
2018-10-01T06,47.0,180.0,14.6,151.3,22.2,1,1,1,1,1
2018-10-01T10,34.0,138.0,14.9,96.2,13.3,1,1,1,1,1
2018-10-01T13,47.0,218.0,84.6,0.9,14.6,1,1,1,1,1
2018-10-01T14,69.0,233.0,76.6,2.25,19.65,1,1,1,1,1
2018-10-01T15,77.0,243.0,73.9,1.2,26.7,1,1,1,1,1
2018-10-01T17,94.0,232.0,58.5,1.7,15.2,1,1,1,1,1
2018-10-01T20,84.0,185.0,44.5,2.0,7.8,1,1,1,1,1
2018-10-01T21,86.5,191.0,52.2,1.65,8.7,1,1,1,1,1
2018-10-01T23,108.0,206.0,42.45,1.2,7.4,1,1,1,1,1
2018-10-02T00,114.0,184.0,41.1,1.6,9.6,1,1,1,1,1
2018-10-02T02,129.0,235.0,41.0,17.7,10.0,1,1,1,1,1
2018-10-02T04,69.0,169.0,21.7,80.3,1.3,1,1,1,1,1
2018-10-02T06,28.0,122.0,10.8,120.5,14.1,1,1,1,1,1
2018-10-02T07,28.0,122.0,11.7,107.1,15.3,1,1,1,1,1
2018-10-02T10,31.0,105.0,18.4,79.6,,1,1,1,1,0
2018-10-02T13,44.0,140.0,63.6,1.8,15.6,1,1,1,1,1
2018-10-02T16,28.0,122.0,48.4,1.4,19.7,1,1,1,1,1
2018-10-02T17,33.5,122.0,49.95,1.4,14.8,1,1,1,1,1
2018-10-02T19,37.333,127.0,46.667,2.75,14.067,1,1,1,1,1
2018-10-02T21,36.5,92.5,37.35,1.25,9.5,1,1,1,1,1
2018-10-02T22,33.0,83.0,33.6,1.5,10.1,1,1,1,1,1
2018-10-02T23,32.0,70.5,31.9,0.95,12.6,1,1,1,1,1
2018-10-03T06,29.0,107.0,22.5,92.3,25.7,1,1,1,1,1
2018-10-03T07,23.0,100.0,20.6,119.25,25.9,1,1,1,1,1
2018-10-03T09,30.0,122.0,15.5,134.3,14.8,1,1,1,1,1
2018-10-03T10,28.0,119.0,,96.4,,1,1,0,1,0
2018-10-03T20,83.0,160.0,,1.2,,1,1,0,1,0
2018-10-03T22,81.0,193.0,48.7,2.8,7.5,1,1,1,1,1
2018-10-03T23,99.0,166.0,53.6,1.3,9.75,1,1,1,1,1
2018-10-04T02,100.0,227.0,84.8,14.8,14.5,1,1,1,1,1
2018-10-04T03,100.0,227.0,78.6,30.5,14.6,1,1,1,1,1
2018-10-04T05,62.0,157.0,29.5,119.5,35.3,1,1,1,1,1
2018-10-04T06,62.0,157.0,28.5,133.0,27.2,1,1,1,1,1
2018-10-04T07,51.0,141.0,28.5,173.0,21.8,1,1,1,1,1
2018-10-04T08,69.0,182.0,42.8,215.3,26.2,1,1,1,1,1
2018-10-04T09,50.0,132.0,29.0,210.6,16.4,1,1,1,1,1
2018-10-04T10,62.0,166.0,52.8,98.1,,1,1,1,1,0
2018-10-04T15,103.0,247.5,108.25,11.15,34.8,1,1,1,1,1
2018-10-04T20,70.0,162.0,,9.0,,1,1,0,1,0
2018-10-05T02,84.0,259.0,137.7,5.0,10.9,1,1,1,1,1
2018-10-05T08,44.0,139.0,36.7,169.5,16.9,1,1,1,1,1
2018-10-05T10,47.0,140.0,41.0,114.0,,1,1,1,1,0
2018-10-05T12,47.0,166.0,137.8,1.75,22.85,1,1,1,1,1
2018-10-05T13,47.0,175.0,146.3,1.0,26.15,1,1,1,1,1
2018-10-05T16,78.0,244.0,107.2,1.8,,1,1,1,1,0
2018-10-05T18,62.0,210.0,81.6,1.0,15.5,1,1,1,1,1
2018-10-06T02,55.0,194.0,55.1,10.7,9.8,1,1,1,1,1
2018-10-06T04,39.0,147.0,37.4,89.6,7.8,1,1,1,1,1
2018-10-06T05,40.0,152.0,34.3,113.4,14.8,1,1,1,1,1
2018-10-06T08,27.0,99.0,21.9,119.2,15.5,1,1,1,1,1
2018-10-06T10,27.0,84.0,45.0,50.4,,1,1,1,1,0
2018-10-06T13,35.0,147.0,100.2,1.3,20.7,1,1,1,1,1
2018-10-06T14,42.0,183.0,96.05,1.3,25.35,1,1,1,1,1
2018-10-06T15,47.0,174.0,90.7,1.2,26.7,1,1,1,1,1
2018-10-06T17,46.0,202.0,88.8,1.2,17.2,1,1,1,1,1
2018-10-06T20,41.0,163.0,,1.2,,1,1,0,1,0
2018-10-06T22,50.0,156.0,71.3,1.1,14.1,1,1,1,1,1
2018-10-06T23,53.0,177.0,53.0,0.6,10.6,1,1,1,1,1
2018-10-07T00,39.0,128.333,47.833,0.667,7.167,1,1,1,1,1
2018-10-07T01,41.0,146.0,60.7,7.3,7.5,1,1,1,1,1
2018-10-07T02,41.0,146.0,55.6,11.9,6.8,1,1,1,1,1
2018-10-07T03,41.0,163.5,53.65,54.2,8.35,1,1,1,1,1
2018-10-07T04,38.0,164.0,52.2,93.05,14.45,1,1,1,1,1
2018-10-07T10,36.0,145.0,26.1,111.4,16.6,1,1,1,1,1
2018-10-07T14,68.0,221.5,111.75,1.4,28.2,1,1,1,1,1
2018-10-07T15,72.0,230.0,110.2,1.4,30.8,1,1,1,1,1
2018-10-07T18,66.0,219.0,92.4,1.4,16.4,1,1,1,1,1
2018-10-07T19,62.0,188.5,76.8,1.8,11.35,1,1,1,1,1
2018-10-07T21,59.0,166.0,67.35,1.45,10.3,1,1,1,1,1
2018-10-07T23,57.0,150.0,49.9,1.8,12.4,1,1,1,1,1
2018-10-08T01,46.0,153.0,67.35,2.3,17.1,1,1,1,1,1
2018-10-08T02,67.0,223.667,106.667,270.733,24.933,1,1,1,1,1
2018-10-08T03,83.0,273.0,92.65,80.95,33.9,1,1,1,1,1
2018-10-08T04,74.0,266.0,104.4,114.3,,1,1,1,1,0
2018-10-08T07,51.0,172.0,43.3,178.7,20.7,1,1,1,1,1
2018-10-08T08,50.0,173.0,44.3,214.7,19.9,1,1,1,1,1
2018-10-08T13,85.0,298.0,167.3,23.1,29.6,1,1,1,1,1
2018-10-08T15,85.0,295.0,148.2,6.7,30.6,1,1,1,1,1
2018-10-08T16,85.0,311.0,132.5,5.6,33.6,1,1,1,1,1
2018-10-08T17,79.0,313.0,110.0,5.9,28.5,1,1,1,1,1
2018-10-08T23,61.0,182.0,48.0,33.5,17.1,1,1,1,1,1
2018-10-09T00,55.0,185.0,54.0,26.5,16.5,1,1,1,1,1
2018-10-09T02,66.0,244.0,61.8,25.7,18.8,1,1,1,1,1
2018-10-09T03,59.0,232.0,79.6,19.7,92.1,1,1,1,1,1
2018-10-09T04,57.0,208.0,76.4,36.2,98.1,1,1,1,1,1
2018-10-09T05,77.0,241.0,57.3,78.1,78.9,1,1,1,1,1
2018-10-09T06,72.0,191.0,42.8,,26.25,1,1,1,0,1
2018-10-09T07,63.0,194.0,56.2,106.6,20.7,1,1,1,1,1
2018-10-09T09,55.0,153.0,31.3,127.9,,1,1,1,1,0
2018-10-09T14,78.0,252.0,148.1,3.0,36.4,1,1,1,1,1
2018-10-09T15,125.0,321.0,117.6,2.7,43.1,1,1,1,1,1
2018-10-09T16,125.0,321.0,117.5,2.8,45.6,1,1,1,1,1
2018-10-09T17,128.0,326.0,113.5,1.7,10.0,1,1,1,1,1
2018-10-09T18,106.0,268.0,98.7,2.1,1.4,1,1,1,1,1
2018-10-09T19,96.0,232.0,65.7,,,1,1,1,0,0
2018-10-10T08,67.0,152.0,37.3,86.3,11.8,1,1,1,1,1
2018-10-10T10,46.0,155.0,58.0,70.8,12.2,1,1,1,1,1
2018-10-10T12,68.0,288.0,135.2,2.0,18.1,1,1,1,1,1
2018-10-10T13,85.0,290.0,130.1,1.2,22.5,1,1,1,1,1
2018-10-10T17,75.0,221.0,86.4,3.2,13.8,1,1,1,1,1
2018-10-10T23,86.0,161.0,44.8,9.9,12.8,1,1,1,1,1
2018-10-11T01,101.0,180.0,51.7,11.5,15.4,1,1,1,1,1
2018-10-11T03,84.0,191.0,42.1,39.3,20.1,1,1,1,1,1
2018-10-11T04,70.0,173.0,32.9,64.0,,1,1,1,1,0
2018-10-11T05,66.0,149.0,19.3,87.9,16.6,1,1,1,1,1
2018-10-11T07,70.0,158.0,15.8,67.8,17.0,1,1,1,1,1
2018-10-11T08,41.0,361.0,20.2,94.2,14.8,1,1,1,1,1
2018-10-11T09,19.0,241.0,27.8,46.3,12.9,1,1,1,1,1
2018-10-11T13,22.0,140.0,63.9,10.7,18.6,1,1,1,1,1
2018-10-11T17,40.0,132.0,52.6,1.6,21.2,1,1,1,1,1
2018-10-11T22,46.0,67.0,40.9,1.9,14.6,1,1,1,1,1
2018-10-11T23,41.0,62.0,44.5,1.95,12.9,1,1,1,1,1
2018-10-12T03,94.0,182.0,60.3,49.4,36.4,1,1,1,1,1
2018-10-12T08,62.0,134.0,42.1,176.55,18.45,1,1,1,1,1
2018-10-12T12,64.0,199.0,126.0,1.8,15.3,1,1,1,1,1
2018-10-12T13,86.0,250.0,114.3,1.6,16.8,1,1,1,1,1
2018-10-12T15,75.0,180.0,108.55,1.35,21.0,1,1,1,1,1
2018-10-12T16,85.0,230.0,100.9,2.0,22.4,1,1,1,1,1
2018-10-12T19,78.0,265.0,85.25,5.3,25.95,1,1,1,1,1
2018-10-12T23,66.0,184.0,59.9,7.7,20.6,1,1,1,1,1
2018-10-13T03,95.0,323.0,98.5,37.1,24.2,1,1,1,1,1
2018-10-13T06,59.0,171.0,22.7,136.8,22.0,1,1,1,1,1
2018-10-13T08,36.0,99.0,15.7,122.2,15.8,1,1,1,1,1
2018-10-13T11,31.0,99.0,91.2,25.3,17.2,1,1,1,1,1
2018-10-13T12,41.0,132.0,99.0,11.3,17.3,1,1,1,1,1
2018-10-13T13,47.0,156.0,110.8,1.2,19.4,1,1,1,1,1
2018-10-13T16,68.0,227.0,96.4,1.1,26.7,1,1,1,1,1
2018-10-13T18,58.0,200.0,82.9,1.2,16.2,1,1,1,1,1
2018-10-13T19,45.0,168.0,81.0,,12.8,1,1,1,0,1
2018-10-13T20,47.0,152.0,,2.1,,1,1,0,1,0
2018-10-13T21,44.0,138.0,71.5,2.1,7.1,1,1,1,1,1
2018-10-13T22,51.0,139.0,64.65,1.45,9.45,1,1,1,1,1
2018-10-13T23,50.0,146.0,59.2,1.3,13.0,1,1,1,1,1
2018-10-14T01,57.0,173.0,61.4,2.7,13.3,1,1,1,1,1
2018-10-14T02,41.0,150.0,53.1,23.5,14.7,1,1,1,1,1
2018-10-14T05,33.0,128.0,19.3,122.5,14.7,1,1,1,1,1
2018-10-14T06,40.0,140.0,17.2,127.8,16.7,1,1,1,1,1
2018-10-14T07,38.0,132.0,17.0,118.6,16.2,1,1,1,1,1
2018-10-14T09,28.0,113.0,23.4,111.9,15.3,1,1,1,1,1
2018-10-14T10,27.0,122.0,32.2,99.4,15.8,1,1,1,1,1
2018-10-14T13,53.0,184.0,113.6,1.4,16.4,1,1,1,1,1
2018-10-14T14,58.0,175.0,105.35,1.9,18.0,1,1,1,1,1
2018-10-14T16,66.0,233.0,98.7,3.5,27.8,1,1,1,1,1
2018-10-14T18,61.0,241.0,92.6,1.9,20.5,1,1,1,1,1
2018-10-14T19,63.0,226.0,82.7,,20.0,1,1,1,0,1
2018-10-14T20,59.0,215.0,,2.9,,1,1,0,1,0
2018-10-14T21,63.0,206.0,68.6,3.8,14.0,1,1,1,1,1
2018-10-14T22,59.0,164.0,62.9,3.7,17.0,1,1,1,1,1
2018-10-14T23,55.0,166.0,55.7,4.0,12.8,1,1,1,1,1
2018-10-15T00,58.0,156.0,59.1,3.0,15.1,1,1,1,1,1
2018-10-15T03,62.0,276.0,110.8,17.6,15.6,1,1,1,1,1
2018-10-15T04,59.0,251.0,84.4,51.6,13.4,1,1,1,1,1
2018-10-15T05,53.0,197.0,64.8,105.2,28.6,1,1,1,1,1
2018-10-15T06,57.0,175.0,24.7,115.9,20.1,1,1,1,1,1
2018-10-15T08,36.0,135.0,29.9,167.0,13.7,1,1,1,1,1
2018-10-15T09,34.0,135.0,26.95,151.6,13.95,1,1,1,1,1
2018-10-15T12,63.0,207.0,131.3,4.2,16.5,1,1,1,1,1
2018-10-15T13,67.0,262.0,119.1,1.6,19.3,1,1,1,1,1
2018-10-15T15,89.0,290.0,124.0,17.2,34.5,1,1,1,1,1
2018-10-15T16,85.0,296.0,119.05,31.15,40.1,1,1,1,1,1
2018-10-15T17,81.0,278.0,117.9,87.6,17.3,1,1,1,1,1
2018-10-15T18,72.0,267.0,105.3,69.6,18.1,1,1,1,1,1
2018-10-15T19,72.0,267.0,99.7,,18.7,1,1,1,0,1
2018-10-15T20,75.0,245.0,,87.6,,1,1,0,1,0
2018-10-15T23,68.0,202.0,52.2,71.5,12.4,1,1,1,1,1
2018-10-16T02,68.0,219.0,96.2,14.8,21.65,1,1,1,1,1
2018-10-16T03,68.0,234.0,99.8,13.6,28.9,1,1,1,1,1
2018-10-16T04,62.0,240.0,71.4,32.75,12.35,1,1,1,1,1
2018-10-16T05,50.0,189.0,51.85,64.7,12.65,1,1,1,1,1
2018-10-16T06,48.0,175.0,38.65,91.8,13.25,1,1,1,1,1
2018-10-16T08,48.0,139.0,35.1,113.6,10.7,1,1,1,1,1
2018-10-16T09,40.0,122.0,38.5,102.25,7.4,1,1,1,1,1
2018-10-16T10,36.0,122.0,128.9,32.3,8.1,1,1,1,1,1
2018-10-16T13,97.0,,131.8,2.4,19.5,1,0,1,1,1
2018-10-16T14,119.0,388.0,119.35,4.8,22.7,1,1,1,1,1
2018-10-16T16,161.0,467.0,106.1,5.3,34.6,1,1,1,1,1
2018-10-16T17,162.0,484.0,97.0,4.6,28.4,1,1,1,1,1
2018-10-16T18,171.0,469.0,96.0,3.3,19.2,1,1,1,1,1
2018-10-16T19,155.0,364.0,81.1,4.4,11.2,1,1,1,1,1
2018-10-16T20,164.0,344.0,,3.6,,1,1,0,1,0
2018-10-16T21,167.0,328.0,69.2,4.0,3.1,1,1,1,1,1
2018-10-16T23,162.0,306.0,57.6,4.2,12.0,1,1,1,1,1
2018-10-17T00,169.0,304.0,61.8,3.8,13.7,1,1,1,1,1
2018-10-17T01,180.0,360.0,71.9,4.0,14.6,1,1,1,1,1
2018-10-17T02,186.0,434.0,78.1,20.0,23.9,1,1,1,1,1
2018-10-17T03,144.0,371.0,60.4,47.3,27.7,1,1,1,1,1
2018-10-17T04,140.0,344.0,48.75,74.45,21.35,1,1,1,1,1
2018-10-17T07,77.0,211.0,20.35,148.9,,1,1,1,1,0
2018-10-17T08,46.0,173.0,16.65,160.7,,1,1,1,1,0
2018-10-17T09,55.0,191.0,17.1,121.3,14.4,1,1,1,1,1
2018-10-17T10,29.0,134.0,41.8,83.3,12.4,1,1,1,1,1
2018-10-17T12,39.0,191.0,128.5,3.2,25.5,1,1,1,1,1
2018-10-17T14,99.0,331.0,134.0,2.6,38.5,1,1,1,1,1
2018-10-17T15,110.0,360.0,137.9,3.8,44.2,1,1,1,1,1
2018-10-17T16,146.0,411.0,119.75,3.4,53.1,1,1,1,1,1
2018-10-17T17,155.0,399.0,109.6,3.1,,1,1,1,1,0
2018-10-17T18,123.0,344.0,100.45,3.0,22.2,2,2,2,2,1
2018-10-17T19,106.0,317.0,85.6,,,1,1,1,0,0
2018-10-17T20,110.0,316.0,,21.3,,1,1,0,1,0
2018-10-17T23,197.0,428.0,85.7,5.95,15.1,1,1,1,1,1
2018-10-18T00,212.0,401.0,86.5,2.9,,1,1,1,1,0
2018-10-18T01,183.0,372.0,82.95,3.9,,1,1,1,1,0
2018-10-18T02,152.0,348.0,85.6,11.4,,1,1,1,1,0
2018-10-18T03,145.0,345.0,71.8,23.65,,1,1,1,1,0
2018-10-18T04,117.0,310.0,63.9,38.2,,1,1,1,1,0
2018-10-18T06,114.0,279.0,51.0,68.45,,1,1,1,1,0
2018-10-18T08,66.0,215.0,44.2,66.0,10.5,1,1,1,1,1
2018-10-18T09,33.0,123.0,38.0,76.7,10.9,1,1,1,1,1
2018-10-18T10,39.0,164.0,32.2,88.9,12.1,1,1,1,1,1
2018-10-18T11,45.0,191.0,71.3,40.0,13.1,1,1,1,1,1
2018-10-18T13,75.0,337.0,121.15,4.45,28.55,1,1,1,1,1
2018-10-18T14,132.0,372.0,114.45,5.75,32.8,1,1,1,1,1
2018-10-18T16,149.0,443.0,120.4,5.4,44.1,1,1,1,1,1
2018-10-18T17,158.0,458.0,87.2,5.0,29.6,1,1,1,1,1
2018-10-18T18,141.0,362.0,87.45,2.8,13.5,2,2,2,2,2
2018-10-18T19,88.0,255.0,79.9,,8.0,1,1,1,0,1
2018-10-18T20,97.0,266.0,,2.65,,1,1,0,1,0
2018-10-18T21,91.0,243.0,79.1,1.6,,1,1,1,1,0
2018-10-18T23,80.0,222.0,66.9,2.3,0.5,1,1,1,1,1
2018-10-19T00,83.0,224.0,49.2,1.8,6.0,1,1,1,1,1
2018-10-19T01,91.0,233.0,49.6,2.2,5.1,1,1,1,1,1
2018-10-19T02,107.333,293.0,55.3,8.0,8.667,1,1,1,1,1
2018-10-19T03,118.0,321.0,95.8,12.0,13.0,1,1,1,1,1
2018-10-19T04,152.0,374.0,108.95,84.35,20.3,1,1,1,1,1
2018-10-19T05,251.0,558.0,95.7,282.3,43.8,1,1,1,1,1
2018-10-19T06,290.0,646.0,91.9,181.1,22.9,1,1,1,1,1
2018-10-19T09,95.0,256.0,38.2,198.8,20.0,1,1,1,1,1
2018-10-19T11,91.0,280.0,101.55,43.9,21.2,1,1,1,1,1
2018-10-19T12,91.0,283.0,112.55,10.85,19.05,1,1,1,1,1
2018-10-19T13,91.0,271.0,124.9,2.5,21.0,1,1,1,1,1
2018-10-19T15,169.0,401.0,106.2,3.1,28.4,1,1,1,1,1
2018-10-19T16,204.0,409.0,115.0,3.0,28.5,1,1,1,1,1
2018-10-19T17,221.5,396.5,95.8,2.95,15.5,1,1,1,1,1
2018-10-19T19,230.0,353.0,71.3,2.9,16.6,1,1,1,1,1
2018-10-19T20,230.0,353.0,,3.0,,1,1,0,1,0
2018-10-19T21,221.0,324.0,61.2,3.0,9.5,1,1,1,1,1
2018-10-20T00,210.0,291.0,36.5,3.1,11.1,1,1,1,1,1
2018-10-20T01,205.0,294.0,56.5,3.25,12.9,1,1,1,1,1
2018-10-20T02,208.0,360.0,77.067,4.3,15.233,1,1,1,1,1
2018-10-20T03,184.0,367.0,106.8,7.6,14.067,1,1,1,1,1
2018-10-20T04,180.0,381.0,46.6,41.4,9.7,1,1,1,1,1
2018-10-20T05,85.0,223.0,59.0,62.9,16.1,1,1,1,1,1
2018-10-20T06,88.0,257.0,37.8,117.0,14.1,1,1,1,1,1
2018-10-20T07,114.0,280.0,35.2,155.5,17.5,1,1,1,1,1
2018-10-20T09,68.0,200.0,30.25,164.55,18.8,1,1,1,1,1
2018-10-20T11,75.333,294.667,121.633,23.5,28.467,1,1,1,1,1
2018-10-20T12,86.0,332.0,135.7,2.4,18.5,1,1,1,1,1
2018-10-20T13,92.0,350.0,152.9,2.6,24.3,1,1,1,1,1
2018-10-20T14,123.0,444.0,126.8,2.7,24.9,1,1,1,1,1
2018-10-20T15,117.0,381.0,118.1,1.4,25.6,1,1,1,1,1
2018-10-20T16,128.0,320.0,111.4,1.7,,1,1,1,1,0
2018-10-20T17,125.0,323.0,108.3,1.0,15.6,1,1,1,1,1
2018-10-20T19,129.0,346.0,86.5,,20.2,1,1,1,0,1
2018-10-21T00,215.0,578.0,52.8,3.0,12.8,1,1,1,1,1
2018-10-21T01,191.0,330.5,65.45,2.75,14.75,1,1,1,1,1
2018-10-21T02,196.0,340.0,90.1,2.8,17.75,1,1,1,1,1
2018-10-21T03,179.0,324.0,111.5,4.8,24.7,1,1,1,1,1
2018-10-21T04,101.0,233.0,40.1,47.8,,1,1,1,1,0
2018-10-21T05,101.0,233.0,41.25,59.75,26.0,1,1,1,1,1
2018-10-21T06,81.5,220.0,32.3,66.75,22.225,1,1,1,1,1
2018-10-21T07,62.0,175.0,28.25,93.55,18.1,1,1,1,1,1
2018-10-21T08,90.0,211.0,25.8,102.5,19.4,1,1,1,1,1
2018-10-21T09,73.0,190.0,26.5,114.5,17.8,1,1,1,1,1
2018-10-21T10,72.5,189.5,41.85,61.35,22.8,1,1,1,1,1
2018-10-21T11,59.0,183.5,81.7,25.8,22.0,1,1,1,1,1
2018-10-21T12,59.0,215.0,110.4,2.5,20.1,1,1,1,1,1
2018-10-21T17,151.0,343.0,94.9,1.5,16.7,1,1,1,1,1
2018-10-21T18,161.0,326.0,89.2,0.9,15.7,1,1,1,1,1
2018-10-21T19,163.0,348.0,83.5,,15.9,1,1,1,0,1
2018-10-21T20,168.0,342.0,,0.1,,1,1,0,1,0
2018-10-21T21,144.0,249.0,67.6,1.9,8.0,1,1,1,1,1
2018-10-21T23,173.0,269.0,,1.9,10.5,1,1,0,1,1
2018-10-22T00,149.0,263.0,59.967,0.833,9.4,1,1,1,1,1
2018-10-22T01,132.0,240.0,63.0,1.2,9.55,1,1,1,1,1
2018-10-22T02,132.0,284.0,65.15,2.15,11.95,1,1,1,1,1
2018-10-22T03,128.0,318.0,62.5,,13.4,1,1,1,0,1
2018-10-22T04,121.0,332.0,40.1,,,1,1,1,0,0
2018-10-22T05,121.0,332.0,29.6,,19.15,1,1,1,0,1
2018-10-22T06,101.0,298.0,20.3,,20.1,1,1,1,0,1
2018-10-22T08,,,17.4,118.6,13.75,0,0,1,1,1
2018-10-22T09,,,13.9,107.2,11.9,0,0,1,1,1
2018-10-22T11,31.0,141.0,51.2,55.4,11.2,1,1,1,1,1
2018-10-22T12,47.0,290.0,113.7,1.8,16.4,1,1,1,1,1
2018-10-22T13,90.0,315.0,120.0,1.8,,1,1,1,1,0
2018-10-22T14,90.0,315.0,127.85,1.8,27.2,1,1,1,1,1
2018-10-22T16,124.0,312.0,117.2,1.7,,1,1,1,1,0
2018-10-22T17,115.5,294.5,105.3,2.2,16.1,1,1,1,1,1
2018-10-22T19,101.0,254.0,99.7,2.4,18.4,1,1,1,1,1
2018-10-22T20,101.0,246.0,,1.1,,1,1,0,1,0
2018-10-22T21,102.0,237.0,85.75,1.75,9.8,1,1,1,1,1
2018-10-22T22,108.0,235.0,82.0,1.2,11.8,1,1,1,1,1
2018-10-23T00,92.0,213.0,75.7,1.2,18.3,1,1,1,1,1
2018-10-23T01,88.0,224.0,73.55,1.55,17.65,1,1,1,1,1
2018-10-23T02,101.25,281.0,93.375,2.05,24.425,1,1,1,1,1
2018-10-23T03,90.0,302.0,72.1,11.65,23.05,1,1,1,1,1
2018-10-23T05,66.0,249.0,69.8,57.1,26.8,1,1,1,1,1
2018-10-23T06,83.0,278.0,43.1,105.6,24.5,1,1,1,1,1
2018-10-23T07,90.0,276.0,23.3,123.8,16.5,1,1,1,1,1
2018-10-23T08,60.0,206.5,25.25,154.05,14.85,1,1,1,1,1
2018-10-23T12,57.0,368.0,120.7,0.9,19.0,1,1,1,1,1
2018-10-23T15,158.5,460.5,142.5,2.6,42.55,1,1,1,1,1
2018-10-23T20,153.0,366.0,,6.9,,1,1,0,1,0
2018-10-23T22,170.0,333.5,81.95,16.3,20.3,1,1,1,1,1
2018-10-24T00,171.0,328.0,64.8,6.7,1.3,1,1,1,1,1
2018-10-24T01,177.0,364.0,81.2,10.2,3.2,1,1,1,1,1
2018-10-24T03,179.5,403.5,147.55,9.05,9.3,1,1,1,1,1
2018-10-24T04,165.667,391.667,148.6,20.133,7.25,1,1,1,1,1
2018-10-24T05,143.0,357.0,128.75,43.6,20.75,1,1,1,1,1
2018-10-24T06,138.0,317.0,110.7,126.7,41.4,1,1,1,1,1
2018-10-24T07,161.5,381.0,113.05,191.05,39.8,1,1,1,1,1
2018-10-24T08,167.0,417.0,73.1,302.8,52.4,1,1,1,1,1
2018-10-24T10,157.667,385.667,117.2,173.433,38.0,1,1,1,1,1
2018-10-24T11,149.0,393.0,138.2,66.3,33.4,1,1,1,1,1
2018-10-24T12,,389.0,143.5,7.9,21.4,0,1,1,1,1
2018-10-24T13,,389.0,169.0,9.3,24.5,0,1,1,1,1
2018-10-24T17,,465.0,122.65,6.05,27.25,0,1,1,1,1
2018-10-24T21,,305.0,83.7,105.6,13.2,0,1,1,1,1
2018-10-24T23,,278.5,58.05,123.05,14.6,0,1,1,1,1
2018-10-25T03,,439.0,166.3,31.2,28.5,0,1,1,1,1
2018-10-25T05,,384.0,115.8,84.5,31.7,0,1,1,1,1
2018-10-25T06,134.0,317.0,54.2,158.1,26.3,1,1,1,1,1
2018-10-25T07,106.0,283.0,47.4,192.4,38.55,1,1,1,1,1
2018-10-25T08,113.0,316.0,46.9,211.4,35.8,1,1,1,1,1
2018-10-25T09,113.0,316.0,45.9,211.7,37.7,1,1,1,1,1
2018-10-25T12,91.0,393.0,155.2,5.6,23.9,1,1,1,1,1
2018-10-25T13,133.0,394.0,158.45,9.8,28.85,1,1,1,1,1
2018-10-25T14,149.0,429.0,163.9,10.7,32.0,1,1,1,1,1
2018-10-25T15,186.0,499.0,146.2,11.6,42.0,1,1,1,1,1
2018-10-25T18,208.0,464.0,113.0,7.5,19.2,1,1,1,1,1
2018-10-26T19,172.0,407.0,103.9,,25.7,1,1,1,0,1
2018-10-26T20,153.0,349.0,,3.0,,1,1,0,1,0
2018-10-26T21,158.0,332.0,88.2,2.1,18.2,1,1,1,1,1
2018-10-26T22,160.0,396.0,82.35,2.75,24.75,1,1,1,1,1
2018-10-26T23,168.0,312.0,74.25,2.9,13.3,1,1,1,1,1
2018-10-27T01,169.0,301.0,66.9,2.85,14.65,1,1,1,1,1
2018-10-27T03,221.333,431.0,216.4,5.367,14.7,1,1,1,1,1
2018-10-27T04,234.0,465.0,264.033,4.333,12.3,1,1,1,1,1
2018-10-27T05,256.0,505.75,202.4,40.5,21.25,1,1,1,1,1
2018-10-27T06,263.0,473.333,165.3,114.6,19.9,1,1,1,1,1
2018-10-27T07,258.0,451.5,97.15,179.175,16.1,1,1,1,1,1
2018-10-27T08,237.0,414.0,56.8,130.5,16.4,1,1,1,1,1
2018-10-27T09,114.0,255.0,50.2,156.6,,1,1,1,1,0
2018-10-27T10,129.0,291.0,72.75,101.8,6.45,1,1,1,1,1
2018-10-27T11,136.0,361.0,128.7,31.3,24.9,1,1,1,1,1
2018-10-27T13,180.0,447.0,169.2,2.0,29.9,1,1,1,1,1
2018-10-27T14,199.0,487.0,162.45,1.05,34.3,1,1,1,1,1
2018-10-27T17,285.0,522.0,111.9,1.9,30.2,1,1,1,1,1
2018-10-27T19,240.0,379.0,90.9,,15.1,1,1,1,0,1
2018-10-27T22,238.0,455.0,70.5,1.2,13.85,1,1,1,1,1
2018-10-27T23,255.0,392.0,56.65,2.45,13.0,1,1,1,1,1
2018-10-28T00,252.0,381.0,67.35,1.75,10.1,1,1,1,1,1
2018-10-28T01,256.0,409.0,98.8,,4.3,1,1,1,0,1
2018-10-28T02,294.0,470.0,97.65,1.3,,1,1,1,1,0
2018-10-28T03,274.0,458.0,72.0,16.6,,1,1,1,1,0
2018-10-28T04,243.0,387.0,68.6,,,1,1,1,0,0
2018-10-28T05,215.0,365.0,42.5,,41.2,1,1,1,0,1
2018-10-28T06,175.0,332.0,30.2,,23.0,1,1,1,0,1
2018-10-28T07,143.0,277.0,25.725,,18.025,1,1,1,0,1
2018-10-28T08,97.0,211.0,21.5,,13.25,1,1,1,0,1
2018-10-28T09,83.0,186.0,24.45,,11.5,1,1,1,0,1
2018-10-28T11,95.0,233.0,134.4,,19.4,1,1,1,0,1
2018-10-28T13,146.0,410.0,159.6,,29.35,1,1,1,0,1
2018-10-28T14,162.0,409.0,137.4,,34.3,1,1,1,0,1
2018-10-28T16,207.0,469.0,113.3,,46.0,1,1,1,0,1
2018-10-28T18,222.0,458.0,102.975,,21.725,2,2,2,0,2
2018-10-28T19,217.0,436.0,96.7,,23.1,1,1,1,0,1
2018-10-28T21,186.0,346.0,77.4,,11.6,1,1,1,0,1
2018-10-28T22,189.0,342.0,68.6,,14.3,1,1,1,0,1
2018-10-28T23,200.0,321.0,60.0,,13.55,1,1,1,0,1
2018-10-29T00,212.0,346.0,71.8,,10.233,1,1,1,0,1
2018-10-29T03,331.0,565.0,118.7,,3.6,1,1,1,0,1
2018-10-29T06,201.0,351.0,41.3,,20.6,1,1,1,0,1
2018-10-29T07,207.0,346.0,35.6,,16.8,1,1,1,0,1
2018-10-29T08,128.0,269.0,28.9,,14.5,1,1,1,0,1
2018-10-29T09,161.0,300.0,30.9,,10.3,1,1,1,0,1
2018-10-29T11,123.0,422.0,149.0,,15.1,1,1,1,0,1
2018-10-29T12,145.0,526.0,147.1,,21.9,1,1,1,0,1
2018-10-29T14,179.0,401.0,137.6,,27.7,1,1,1,0,1
2018-10-29T15,212.0,454.0,128.0,,37.9,1,1,1,0,1
2018-10-29T16,237.0,506.0,123.6,,42.5,1,1,1,0,1
2018-10-29T17,257.0,534.0,116.0,,27.9,1,1,1,0,1
2018-10-29T18,271.0,516.0,105.2,,20.8,1,1,1,0,1
2018-10-29T19,265.0,476.0,82.7,,21.6,1,1,1,0,1
2018-10-29T20,254.0,442.0,,,,1,1,0,0,0
2018-10-29T21,249.0,425.0,71.45,,18.3,1,1,1,0,1
2018-10-29T23,268.0,406.0,60.0,,14.8,1,1,1,0,1
2018-10-30T00,267.0,390.0,52.1,,14.5,1,1,1,0,1
2018-10-30T01,279.0,418.0,79.8,,10.7,1,1,1,0,1
2018-10-30T02,318.0,547.0,120.7,,5.5,1,1,1,0,1
2018-10-30T04,372.0,627.0,285.6,,6.1,1,1,1,0,1
2018-10-30T06,329.0,533.0,88.75,14.5,15.15,1,1,1,1,1
2018-10-30T07,177.0,298.0,,67.9,,1,1,0,1,0
2018-10-30T08,207.0,329.0,68.75,105.9,13.2,1,1,1,1,1
2018-10-30T10,85.0,205.0,62.4,57.7,9.6,1,1,1,1,1
2018-10-30T12,107.0,533.0,148.3,1.0,38.3,1,1,1,1,1
2018-10-30T16,205.0,461.0,144.2,1.8,69.3,1,1,1,1,1
2018-10-30T17,234.0,508.0,120.1,1.1,30.8,1,1,1,1,1
2018-10-30T20,212.0,411.0,,1.8,,1,1,0,1,0
2018-10-30T21,193.0,376.0,75.2,2.0,23.8,1,1,1,1,1
2018-10-30T22,189.0,323.0,73.0,1.7,26.2,1,1,1,1,1
2018-10-30T23,190.0,349.0,67.3,2.15,23.8,1,1,1,1,1
2018-10-31T01,204.0,348.0,95.5,6.0,28.8,1,1,1,1,1
2018-10-31T02,222.0,401.0,157.9,4.0,18.0,1,1,1,1,1
2018-10-31T03,250.0,454.0,126.2,7.1,1.2,1,1,1,1,1
2018-10-31T05,208.0,415.0,84.4,60.8,26.3,1,1,1,1,1
2018-10-31T06,160.0,317.0,73.35,105.85,25.4,1,1,1,1,1
2018-10-31T07,161.0,289.0,57.7,139.5,20.4,1,1,1,1,1
2018-10-31T08,156.0,254.0,81.0,147.6,16.3,1,1,1,1,1
2018-10-31T09,177.0,305.0,75.8,130.7,19.0,1,1,1,1,1
2018-10-31T10,171.0,326.0,94.3,63.6,,1,1,1,1,0
2018-10-31T11,152.0,342.0,156.7,3.4,21.7,1,1,1,1,1
2018-10-31T12,157.0,631.0,187.8,1.8,,1,1,1,1,0
2018-10-31T13,202.0,455.0,183.9,2.0,,1,1,1,1,0
2018-10-31T14,248.0,527.0,163.9,1.95,54.3,1,1,1,1,1
2018-10-31T15,250.0,480.0,147.45,2.9,60.1,1,1,1,1,1
2018-10-31T17,238.0,381.0,109.6,1.4,25.7,1,1,1,1,1
2018-10-31T20,225.5,370.5,80.4,2.25,,1,1,1,1,0
2018-10-31T21,227.5,370.75,80.225,2.625,,1,1,1,1,0
2018-10-31T23,225.333,348.667,70.1,2.9,17.1,1,1,1,1,1
2018-11-01T00,226.0,353.0,64.875,2.375,13.65,1,1,1,1,1
2018-11-01T01,232.0,332.0,85.2,1.0,12.25,1,1,1,1,1
2018-11-01T02,227.0,348.0,152.533,5.567,10.6,1,1,1,1,1
2018-11-01T03,283.0,522.0,181.433,5.233,,1,1,1,1,0
2018-11-01T04,237.0,450.0,122.6,26.4,,1,1,1,1,0
2018-11-01T06,158.0,310.0,76.0,97.0,,1,1,1,1,0
2018-11-01T07,150.0,290.0,80.3,124.8,21.8,1,1,1,1,1
2018-11-01T10,144.0,306.0,163.85,46.45,15.9,1,1,1,1,1
2018-11-01T11,166.5,494.0,189.8,1.3,25.6,1,1,1,1,1
2018-11-01T12,182.0,592.0,176.0,1.3,27.9,1,1,1,1,1
2018-11-01T13,196.0,508.0,166.85,2.85,41.05,1,1,1,1,1
2018-11-01T14,202.0,490.0,162.75,4.0,45.9,1,1,1,1,1
2018-11-01T15,224.0,472.0,166.5,5.0,48.0,1,1,1,1,1
2018-11-01T16,248.0,506.0,157.6,4.4,58.3,1,1,1,1,1
2018-11-01T17,248.0,467.0,136.8,3.6,26.9,1,1,1,1,1
2018-11-01T19,251.0,427.0,103.0,5.7,25.1,1,1,1,1,1
2018-11-01T20,280.0,480.0,,8.6,,1,1,0,1,0
2018-11-01T21,269.0,465.0,89.3,7.8,18.8,1,1,1,1,1
2018-11-01T23,234.0,361.0,76.9,5.0,20.1,1,1,1,1,1
2018-11-02T00,220.0,348.0,88.3,4.1,15.95,1,1,1,1,1
2018-11-02T01,221.0,364.0,109.4,3.7,11.7,1,1,1,1,1
2018-11-02T03,223.0,466.0,117.4,23.35,14.65,1,1,1,1,1
2018-11-02T04,234.0,448.0,107.3,41.0,16.4,1,1,1,1,1
2018-11-02T06,256.0,460.0,79.3,,34.4,1,1,1,0,1
2018-11-02T07,219.0,411.0,,,,1,1,0,0,0
2018-11-02T09,153.0,332.0,99.7,0.0,25.3,1,1,1,1,1
2018-11-02T10,157.0,367.0,135.5,0.0,26.2,1,1,1,1,1
2018-11-02T11,166.0,395.0,,1.8,67.0,1,1,0,1,1
2018-11-02T12,156.0,416.0,,1.8,56.4,1,1,0,1,1
2018-11-02T14,174.0,376.0,162.0,1.8,31.8,1,1,1,1,1
2018-11-02T15,179.0,399.0,153.7,1.8,36.1,1,1,1,1,1
2018-11-02T16,201.0,421.0,132.4,1.8,33.6,1,1,1,1,1
2018-11-02T20,188.0,301.0,,5.9,,1,1,0,1,0
2018-11-02T21,188.0,299.0,64.8,9.5,18.7,1,1,1,1,1
2018-11-02T23,,299.0,50.9,12.4,20.6,0,1,1,1,1
2018-11-03T00,173.0,287.0,74.55,4.25,24.0,1,1,1,1,1
2018-11-03T01,180.0,302.0,78.5,4.0,22.8,1,1,1,1,1
2018-11-03T02,207.0,381.0,84.85,3.65,24.3,1,1,1,1,1
2018-11-03T03,189.0,376.0,72.4,14.5,27.8,1,1,1,1,1
2018-11-03T04,188.0,355.0,71.7,23.9,25.9,1,1,1,1,1
2018-11-03T05,169.0,354.0,62.8,43.9,29.5,1,1,1,1,1
2018-11-03T06,167.0,327.0,51.8,68.3,30.15,1,1,1,1,1
2018-11-03T07,130.0,312.0,64.8,88.7,27.8,1,1,1,1,1
2018-11-03T08,130.0,285.0,76.6,81.4,27.5,1,1,1,1,1
2018-11-03T09,119.0,315.0,86.0,73.1,24.5,1,1,1,1,1
2018-11-03T10,110.0,299.0,95.55,49.25,24.1,1,1,1,1,1
2018-11-03T12,,298.0,93.1,36.2,25.1,0,1,1,1,1
2018-11-03T13,111.0,285.0,99.2,32.5,28.0,1,1,1,1,1
2018-11-03T14,111.0,276.0,83.2,37.4,28.7,1,1,1,1,1
2018-11-03T15,108.0,266.0,87.7,28.1,30.0,1,1,1,1,1
2018-11-03T16,121.0,256.0,83.5,20.15,28.35,1,1,1,1,1
2018-11-03T17,122.0,274.0,62.45,14.15,27.55,1,1,1,1,1
2018-11-03T19,80.0,169.0,47.0,,27.8,1,1,1,0,1
2018-11-03T20,77.0,141.0,,59.1,,1,1,0,1,0
2018-11-03T21,58.0,121.0,24.7,52.3,25.2,1,1,1,1,1
2018-11-03T22,40.0,95.0,31.9,40.1,,1,1,1,1,0
2018-11-03T23,33.0,66.0,40.3,36.1,26.5,1,1,1,1,1
2018-11-04T00,,62.0,42.2,37.7,22.3,0,1,1,1,1
2018-11-04T01,22.0,57.0,70.55,11.55,24.4,1,1,1,1,1
2018-11-04T02,31.0,94.0,50.333,29.133,59.533,1,1,1,1,1
2018-11-04T03,34.0,92.0,38.2,56.5,27.4,1,1,1,1,1
2018-11-04T04,28.0,103.0,44.1,61.4,29.1,1,1,1,1,1
2018-11-04T05,51.0,146.0,38.45,80.05,27.9,1,1,1,1,1
2018-11-04T06,38.0,164.0,29.2,101.25,26.0,1,1,1,1,1
2018-11-04T07,41.0,133.0,25.4,115.95,25.25,1,1,1,1,1
2018-11-04T08,50.0,144.0,28.4,130.8,26.2,1,1,1,1,1
2018-11-04T09,58.0,156.0,32.15,148.1,25.1,1,1,1,1,1
2018-11-04T10,97.0,224.0,63.4,92.6,,1,1,1,1,0
2018-11-04T12,179.5,288.0,65.7,61.35,27.25,1,1,1,1,1
2018-11-04T13,205.0,342.0,87.3,28.6,27.667,1,1,1,1,1
2018-11-04T14,208.0,331.0,105.4,11.3,28.5,1,1,1,1,1
2018-11-04T15,219.0,349.0,70.9,29.0,27.8,1,1,1,1,1
2018-11-04T16,222.0,349.0,98.6,5.3,26.9,1,1,1,1,1
2018-11-04T17,265.0,374.0,93.033,3.167,24.067,1,1,1,1,1
2018-11-04T18,293.0,401.0,92.3,3.0,24.0,1,1,1,1,1
2018-11-04T19,350.0,451.0,79.4,4.6,25.7,1,1,1,1,1
2018-11-04T20,404.0,509.0,,5.233,,1,1,0,1,0
2018-11-04T21,459.0,554.0,56.233,9.3,24.033,1,1,1,1,1
2018-11-04T22,533.0,620.0,65.35,4.5,25.6,1,1,1,1,1
2018-11-04T23,611.0,711.0,68.6,4.25,23.65,1,1,1,1,1
2018-11-05T00,658.0,786.0,66.65,4.25,22.7,1,1,1,1,1
2018-11-05T01,675.0,785.0,55.1,5.0,22.0,1,1,1,1,1
2018-11-05T03,542.0,709.0,68.15,16.05,22.55,1,1,1,1,1
2018-11-05T04,528.0,690.0,68.1,21.8,22.2,1,1,1,1,1
2018-11-05T05,588.0,752.0,62.9,83.0,25.05,1,1,1,1,1
2018-11-05T09,210.0,291.0,40.9,116.1,20.95,1,1,1,1,1
2018-11-05T10,197.0,289.0,53.25,88.4,19.95,1,1,1,1,1
2018-11-05T11,189.0,276.0,121.5,21.6,23.3,1,1,1,1,1
2018-11-05T12,207.0,334.0,134.5,1.5,26.0,1,1,1,1,1
2018-11-05T13,221.0,420.0,143.25,0.95,30.35,1,1,1,1,1
2018-11-05T15,213.0,423.0,115.0,1.9,33.5,1,1,1,1,1
2018-11-05T16,206.0,392.0,112.55,1.5,34.8,1,1,1,1,1
2018-11-05T18,213.0,359.0,97.8,4.0,22.6,1,1,1,1,1
2018-11-05T19,271.0,389.0,64.0,,22.9,1,1,1,0,1
2018-11-05T20,346.0,454.0,39.2,27.85,20.8,1,1,1,1,1
2018-11-05T21,353.0,458.0,36.15,34.8,21.45,1,1,1,1,1
2018-11-05T22,331.0,410.0,34.7,34.5,21.7,1,1,1,1,1
2018-11-05T23,316.0,396.0,41.967,25.3,23.9,1,1,1,1,1
2018-11-06T01,327.0,429.0,72.95,10.55,24.55,1,1,1,1,1
2018-11-06T04,173.0,323.0,39.8,112.4,28.5,1,1,1,1,1
2018-11-06T05,118.0,273.0,31.0,121.7,26.3,1,1,1,1,1
2018-11-06T06,79.0,211.0,32.0,122.2,25.4,1,1,1,1,1
2018-11-06T07,55.0,183.0,29.3,117.45,22.7,1,1,1,1,1
2018-11-06T08,47.0,179.0,32.0,118.6,,1,1,1,1,0
2018-11-06T09,47.0,172.0,31.7,119.4,21.6,1,1,1,1,1
2018-11-06T11,55.0,188.0,65.7,58.3,23.8,1,1,1,1,1
2018-11-06T12,58.0,237.0,125.0,2.15,28.3,1,1,1,1,1
2018-11-06T13,69.0,309.0,126.6,1.4,35.1,1,1,1,1,1
2018-11-06T16,136.0,342.0,112.0,1.8,40.7,1,1,1,1,1
2018-11-06T18,175.0,344.0,80.1,8.0,24.9,1,1,1,1,1
2018-11-06T19,166.0,301.0,68.3,,24.9,1,1,1,0,1
2018-11-06T21,194.0,289.0,46.8,26.5,22.9,1,1,1,1,1
2018-11-06T22,206.0,301.0,71.0,6.6,22.0,1,1,1,1,1
2018-11-06T23,230.0,337.0,76.0,2.133,25.367,1,1,1,1,1
2018-11-07T00,205.0,334.0,69.25,5.25,27.8,1,1,1,1,1
2018-11-07T01,168.0,301.0,71.6,4.3,28.4,1,1,1,1,1
2018-11-07T02,164.0,320.0,74.75,22.25,32.05,1,1,1,1,1
2018-11-07T05,128.0,285.0,35.25,136.65,31.7,1,1,1,1,1
2018-11-07T06,97.0,250.0,33.3,160.5,32.1,1,1,1,1,1
2018-11-07T07,96.0,243.0,31.8,166.1,29.8,1,1,1,1,1
2018-11-07T08,95.0,222.0,30.4,161.7,28.3,1,1,1,1,1
2018-11-07T09,74.0,200.0,28.5,160.1,29.8,1,1,1,1,1
2018-11-07T11,74.0,189.0,83.1,65.0,29.0,1,1,1,1,1
2018-11-07T12,86.0,313.0,138.0,2.0,30.2,1,1,1,1,1
2018-11-07T13,119.0,304.0,129.45,1.9,33.45,1,1,1,1,1
2018-11-07T15,211.0,394.0,120.8,2.6,,1,1,1,1,0
2018-11-07T18,,,100.8,4.4,59.4,0,0,1,1,1
2018-11-07T19,1412.0,,78.75,3.0,42.95,1,0,1,1,1
2018-11-07T21,1103.0,1356.0,61.9,2.4,33.6,1,1,1,1,1
2018-11-07T22,1069.0,1282.0,70.9,1.7,35.5,1,1,1,1,1
2018-11-07T23,1090.0,1293.0,81.4,3.55,26.25,1,1,1,1,1
2018-11-08T00,1199.0,1345.0,88.9,3.9,20.6,1,1,1,1,1
2018-11-08T02,878.0,1095.0,94.7,3.65,12.55,1,1,1,1,1
2018-11-08T04,401.0,602.0,129.9,5.4,16.3,1,1,1,1,1
2018-11-08T05,316.0,488.0,69.35,45.85,16.15,1,1,1,1,1
2018-11-08T06,168.0,284.0,89.2,56.2,16.4,1,1,1,1,1
2018-11-08T07,183.0,327.0,130.7,57.1,20.8,1,1,1,1,1
2018-11-09T07,199.0,299.0,,173.6,20.2,1,1,0,1,1
2018-11-09T09,155.0,232.0,61.1,226.7,13.5,1,1,1,1,1
2018-11-09T11,145.0,378.0,154.6,16.7,35.4,1,1,1,1,1
2018-11-09T13,197.0,426.0,157.8,1.2,44.3,1,1,1,1,1
2018-11-09T15,257.0,460.0,136.9,1.1,56.7,1,1,1,1,1
2018-11-09T18,326.0,505.0,89.1,1.2,34.5,1,1,1,1,1
2018-11-09T19,,,82.8,,32.1,0,0,1,0,1
2018-11-09T20,256.0,362.0,80.5,1.6,35.0,1,1,1,1,1
2018-11-09T21,269.0,385.0,75.3,2.2,34.0,1,1,1,1,1
2018-11-09T23,272.0,366.0,51.133,2.2,26.1,1,1,1,1,1
2018-11-10T00,268.0,353.0,45.25,2.15,20.65,1,1,1,1,1
2018-11-10T03,333.5,512.5,161.3,3.55,19.0,1,1,1,1,1
2018-11-10T04,322.0,515.0,186.2,5.9,,1,1,1,1,0
2018-11-10T05,322.0,515.0,166.6,28.1,33.4,1,1,1,1,1
2018-11-10T08,246.0,425.0,67.3,162.4,26.1,1,1,1,1,1
2018-11-10T10,250.0,466.0,118.15,70.45,14.55,1,1,1,1,1
2018-11-10T11,245.0,547.0,171.0,3.7,31.8,1,1,1,1,1
2018-11-10T12,273.0,610.0,168.1,3.2,34.1,1,1,1,1,1
2018-11-10T13,267.0,495.0,173.4,1.7,34.1,1,1,1,1,1
2018-11-10T14,318.0,547.0,145.55,2.5,47.6,1,1,1,1,1
2018-11-10T17,341.333,509.0,89.867,2.433,37.333,1,1,1,1,1
2018-11-10T20,299.5,406.0,62.5,3.75,37.2,1,1,1,1,1
2018-11-10T21,297.5,417.0,62.05,3.1,37.7,1,1,1,1,1
2018-11-10T22,294.0,447.0,57.8,2.4,38.0,1,1,1,1,1
2018-11-11T00,288.5,404.0,47.9,4.15,17.45,1,1,1,1,1
2018-11-11T01,273.0,371.0,54.8,4.9,12.8,1,1,1,1,1
2018-11-11T03,271.0,377.0,87.6,11.9,8.1,1,1,1,1,1
2018-11-11T05,202.0,368.0,44.5,98.0,21.4,1,1,1,1,1
2018-11-11T06,156.0,282.0,36.5,130.85,16.4,1,1,1,1,1
2018-11-11T08,92.0,211.0,32.8,156.2,14.3,1,1,1,1,1
2018-11-11T09,81.0,199.0,36.3,188.2,15.5,1,1,1,1,1
2018-11-11T10,91.0,,47.8,134.7,13.2,1,0,1,1,1
2018-11-11T12,125.0,,148.2,3.0,31.2,1,0,1,1,1
2018-11-11T14,184.0,431.0,142.7,2.3,46.3,1,1,1,1,1
2018-11-11T15,205.0,462.0,130.1,2.5,53.7,1,1,1,1,1
2018-11-11T16,238.0,456.0,118.1,2.2,56.85,1,1,1,1,1
2018-11-11T18,232.0,421.0,87.75,2.95,29.05,1,1,1,1,1
2018-11-11T19,230.0,399.0,66.6,3.2,31.2,1,1,1,1,1
2018-11-11T20,230.0,,67.5,2.9,31.0,1,0,1,1,1
2018-11-11T21,227.0,,78.2,3.5,32.4,1,0,1,1,1
2018-11-11T22,237.0,,66.95,3.9,27.2,1,0,1,1,1
2018-11-11T23,261.0,393.0,51.8,4.6,20.8,1,1,1,1,1
2018-11-12T00,277.5,422.0,45.4,4.65,21.15,1,1,1,1,1
2018-11-12T02,328.5,536.0,144.35,4.6,20.3,1,1,1,1,1
2018-11-12T03,340.0,536.0,97.3,13.5,15.2,1,1,1,1,1
2018-11-12T05,306.0,,86.5,75.2,19.7,1,0,1,1,1
2018-11-12T06,274.0,,82.35,115.8,21.9,1,0,1,1,1
2018-11-12T07,224.0,,75.0,144.75,23.85,1,0,1,1,1
2018-11-12T08,186.0,,73.5,165.3,22.0,1,0,1,1,1
2018-11-12T09,185.0,,58.2,218.4,19.5,1,0,1,1,1
2018-11-12T10,182.0,,59.4,177.5,16.7,1,0,1,1,1
2018-11-12T11,201.0,489.333,159.633,15.667,23.2,1,1,1,1,1
2018-11-12T12,205.0,572.0,188.1,3.35,29.9,1,1,1,1,1
2018-11-12T13,234.0,531.0,187.733,3.6,42.1,1,1,1,1,1
2018-11-12T16,310.0,536.0,149.15,2.3,59.45,1,1,1,1,1
2018-11-12T18,274.0,480.0,111.2,3.6,26.5,1,1,1,1,1
2018-11-12T21,210.0,328.0,85.7,2.0,11.0,1,1,1,1,1
2018-11-12T22,215.0,321.667,81.167,3.267,9.8,1,1,1,1,1
2018-11-12T23,221.0,339.0,80.0,3.8,12.8,1,1,1,1,1
2018-11-13T00,234.0,351.0,62.6,4.6,23.85,1,1,1,1,1
2018-11-13T02,251.0,423.0,113.4,4.9,25.9,1,1,1,1,1
2018-11-13T03,390.0,604.0,106.2,8.1,25.8,1,1,1,1,1
2018-11-13T05,240.0,484.0,127.5,6.45,18.85,1,1,1,1,1
2018-11-13T06,246.0,469.0,111.967,33.033,20.3,1,1,1,1,1
2018-11-13T07,233.0,448.0,77.4,79.633,23.7,1,1,1,1,1
2018-11-13T08,224.667,421.667,68.4,119.067,24.467,1,1,1,1,1
2018-11-13T09,204.333,413.667,88.433,80.067,22.4,1,1,1,1,1
2018-11-13T10,195.5,437.5,122.15,16.0,17.6,1,1,1,1,1
2018-11-13T11,190.0,464.0,122.2,3.0,28.1,1,1,1,1,1
2018-11-13T12,226.0,530.0,118.25,1.7,32.65,1,1,1,1,1
2018-11-13T13,234.0,480.0,114.4,2.0,34.6,1,1,1,1,1
2018-11-13T14,221.0,434.0,109.0,2.2,35.6,1,1,1,1,1
2018-11-13T15,248.0,429.0,96.7,2.4,36.8,1,1,1,1,1
2018-11-13T16,243.0,450.0,92.1,3.2,41.3,1,1,1,1,1
2018-11-13T17,245.0,447.0,91.7,4.2,31.8,1,1,1,1,1
2018-11-13T19,208.0,323.0,76.9,,18.7,1,1,1,0,1
2018-11-13T21,157.0,249.0,66.75,2.6,18.6,1,1,1,1,1
2018-11-13T22,173.0,259.0,61.2,3.1,16.2,1,1,1,1,1
2018-11-13T23,117.667,184.0,24.633,32.067,17.433,1,1,1,1,1
2018-11-14T00,59.0,96.0,36.4,12.1,16.7,1,1,1,1,1
2018-11-14T01,67.0,105.0,60.45,3.45,16.95,1,1,1,1,1
2018-11-14T03,106.0,204.0,61.2,3.4,20.7,1,1,1,1,1
2018-11-14T04,88.0,164.0,73.75,6.05,19.7,1,1,1,1,1
2018-11-14T05,105.0,188.0,64.1,32.2,22.9,1,1,1,1,1
2018-11-14T06,114.0,210.0,52.35,63.3,25.2,1,1,1,1,1
2018-11-14T07,108.0,183.0,59.95,82.7,25.05,1,1,1,1,1
2018-11-14T08,110.0,185.0,65.0,80.3,23.5,1,1,1,1,1
2018-11-14T09,101.0,175.0,73.5,70.8,23.1,1,1,1,1,1
2018-11-14T10,112.0,200.0,104.4,8.8,,1,1,1,1,0
2018-11-14T11,112.0,224.0,106.5,6.1,20.6,1,1,1,1,1
2018-11-14T12,90.0,215.0,109.25,2.05,26.05,1,1,1,1,1
2018-11-14T13,138.0,235.0,103.3,2.4,30.2,1,1,1,1,1
2018-11-14T14,151.0,278.0,96.6,2.2,33.5,1,1,1,1,1
2018-11-14T16,185.0,340.0,92.6,20.7,36.1,1,1,1,1,1
2018-11-14T19,91.0,144.0,66.65,7.4,13.5,1,1,1,1,1
2018-11-14T20,78.0,144.0,,5.5,,1,1,0,1,0
2018-11-14T21,80.0,151.0,53.3,5.4,11.2,1,1,1,1,1
2018-11-14T22,73.0,144.0,39.65,5.2,11.8,1,1,1,1,1
2018-11-14T23,77.0,143.0,31.0,5.9,11.9,1,1,1,1,1
2018-11-15T00,80.0,146.0,48.067,35.933,17.333,1,1,1,1,1
2018-11-15T01,96.0,162.0,41.6,9.1,17.1,1,1,1,1,1
2018-11-15T02,90.0,164.0,53.8,9.05,18.55,1,1,1,1,1
2018-11-15T03,99.0,168.0,59.2,11.1,22.3,1,1,1,1,1
2018-11-15T04,82.0,160.333,55.5,28.267,22.5,1,1,1,1,1
2018-11-15T05,74.0,153.0,62.167,43.7,25.467,1,1,1,1,1
2018-11-15T06,82.0,173.333,46.0,114.133,27.4,1,1,1,1,1
2018-11-15T07,74.0,156.0,49.2,118.2,26.8,1,1,1,1,1
2018-11-15T09,74.0,171.0,31.6,89.2,26.0,1,1,1,1,1
2018-11-15T10,67.5,149.0,40.65,62.05,23.9,1,1,1,1,1
2018-11-15T11,68.0,152.0,92.4,9.0,23.5,1,1,1,1,1
2018-11-15T12,75.0,180.0,89.3,1.5,24.0,1,1,1,1,1
2018-11-15T14,123.0,262.0,87.25,2.2,27.8,1,1,1,1,1
2018-11-15T15,136.0,268.0,82.15,2.2,27.7,1,1,1,1,1
2018-11-15T16,164.0,307.0,73.1,2.2,29.5,1,1,1,1,1
2018-11-15T17,246.0,367.0,65.9,2.3,,1,1,1,1,0
2018-11-15T20,282.0,364.0,,16.2,,1,1,0,1,0
2018-11-15T21,241.0,301.0,29.5,19.4,14.7,1,1,1,1,1
2018-11-15T22,147.0,199.0,37.1,17.2,,1,1,1,1,0
2018-11-16T00,146.0,197.0,38.9,19.0,17.4,1,1,1,1,1
2018-11-16T02,191.0,278.0,46.667,22.367,19.267,1,1,1,1,1
2018-11-16T03,188.0,274.0,33.9,61.5,19.8,1,1,1,1,1
2018-11-16T04,121.0,206.0,31.55,79.4,21.75,1,1,1,1,1
2018-11-16T07,94.0,182.0,27.6,120.4,27.5,1,1,1,1,1
2018-11-16T09,40.0,113.0,26.3,99.2,23.6,1,1,1,1,1
2018-11-16T10,43.5,123.0,44.45,72.7,25.1,1,1,1,1,1
2018-11-16T11,47.0,136.0,86.567,28.333,24.733,1,1,1,1,1
2018-11-16T15,107.0,217.0,77.4,35.0,28.4,1,1,1,1,1
2018-11-16T16,117.0,212.0,77.6,21.1,25.4,1,1,1,1,1
2018-11-16T18,112.0,230.0,65.5,12.0,20.0,1,1,1,1,1
2018-11-16T19,116.0,227.0,76.6,,19.7,1,1,1,0,1
2018-11-16T20,130.75,236.75,57.4,4.775,20.6,1,1,1,1,1
2018-11-16T21,148.333,250.0,58.633,5.233,20.667,1,1,1,1,1
2018-11-16T22,178.5,267.0,59.9,2.7,22.5,1,1,1,1,1
2018-11-16T23,190.0,274.0,61.1,2.3,22.2,1,1,1,1,1
2018-11-17T00,172.667,287.333,62.767,1.5,21.8,1,1,1,1,1
2018-11-17T02,185.0,311.0,64.3,6.5,,1,1,1,1,0
2018-11-17T03,196.0,327.0,51.75,41.1,23.6,1,1,1,1,1
2018-11-17T04,158.0,296.0,36.3,92.133,26.1,1,1,1,1,1
2018-11-17T06,95.0,213.0,25.2,134.5,29.7,1,1,1,1,1
2018-11-17T07,90.0,183.0,23.15,133.55,26.75,1,1,1,1,1
2018-11-17T08,77.0,147.0,23.9,122.2,23.9,1,1,1,1,1
2018-11-17T09,56.0,128.0,25.3,113.8,23.1,1,1,1,1,1
2018-11-17T11,69.0,166.0,86.4,23.0,25.0,1,1,1,1,1
2018-11-17T12,78.0,249.0,114.3,2.6,29.1,1,1,1,1,1
2018-11-17T13,105.0,291.0,119.35,1.75,30.95,1,1,1,1,1
2018-11-17T14,134.0,316.0,127.1,2.8,37.7,1,1,1,1,1
2018-11-17T15,157.0,357.0,127.233,2.5,43.667,1,1,1,1,1
2018-11-17T16,189.0,401.0,106.85,2.5,46.05,1,1,1,1,1
2018-11-17T17,197.0,401.0,106.8,3.1,29.3,1,1,1,1,1
2018-11-17T18,199.0,407.0,101.9,2.5,24.0,1,1,1,1,1
2018-11-17T19,188.0,346.0,91.7,,27.4,1,1,1,0,1
2018-11-17T20,193.0,329.0,,3.0,,1,1,0,1,0
2018-11-17T21,184.0,301.0,64.7,3.0,19.2,1,1,1,1,1
2018-11-17T22,173.0,272.0,60.4,2.35,24.35,1,1,1,1,1
2018-11-17T23,171.0,271.0,62.9,3.7,21.6,1,1,1,1,1
2018-11-18T00,204.0,359.0,53.9,2.8,22.9,1,1,1,1,1
2018-11-18T01,188.0,316.0,41.6,3.367,24.9,1,1,1,1,1
2018-11-18T02,191.0,316.0,92.95,3.7,21.1,1,1,1,1,1
2018-11-18T03,139.0,257.0,79.9,17.3,15.2,1,1,1,1,1
2018-12-14T01,118.0,190.0,47.3,1.3,12.2,1,1,1,1,1
2018-12-14T12,,166.0,,,,0,1,0,0,0
2018-12-14T17,194.0,300.0,76.0,,20.5,1,1,1,0,1
2018-12-15T14,162.0,295.0,99.6,,22.4,1,1,1,0,1
2018-12-15T15,186.0,295.0,95.4,1.7,23.5,1,1,1,1,1
2018-12-15T21,166.0,250.0,,1.4,15.7,1,1,0,1,1
2018-12-20T21,399.0,521.0,54.05,1.65,16.7,1,1,1,1,1
2018-12-20T22,370.0,501.0,71.267,1.333,16.167,1,1,1,1,1
2018-12-20T23,337.0,465.0,66.6,1.233,16.6,1,1,1,1,1
2018-12-21T00,301.0,403.0,65.033,1.367,16.767,1,1,1,1,1
2018-12-21T01,315.5,432.25,81.475,1.35,16.875,1,1,1,1,1
2018-12-21T02,332.0,469.0,115.45,1.75,17.05,1,1,1,1,1
2018-12-21T03,345.0,484.0,101.6,4.05,18.3,1,1,1,1,1
2018-12-21T04,274.0,404.0,89.2,16.5,18.55,1,1,1,1,1
2018-12-21T05,212.75,319.0,42.65,55.675,27.533,1,1,1,1,1
2018-12-21T06,161.0,244.0,43.3,73.667,32.3,1,1,1,1,1
2018-12-21T07,150.0,249.0,33.9,98.7,24.667,1,1,1,1,1
2018-12-21T08,135.75,240.25,31.0,109.7,22.1,1,1,1,1,1
2018-12-21T09,174.0,298.667,35.767,109.133,23.333,1,1,1,1,1
2018-12-21T10,180.0,302.5,139.15,75.025,20.633,1,1,1,1,1
2018-12-21T11,162.0,310.0,318.233,11.45,23.25,1,1,1,1,1
2018-12-21T12,196.75,425.5,373.867,1.525,27.525,1,1,1,1,1
2018-12-21T13,239.25,431.25,140.55,2.05,33.125,1,1,1,1,1
2018-12-21T14,320.5,541.75,130.8,1.575,40.875,1,1,1,1,1
2018-12-21T15,378.25,601.75,133.025,1.6,46.1,1,1,1,1,1
2018-12-21T16,421.0,631.0,114.833,1.933,46.533,1,1,1,1,1
2018-12-21T17,463.5,683.75,108.475,1.975,32.45,1,1,1,1,1
2018-12-21T18,489.0,698.0,91.325,2.05,29.7,2,2,2,2,2
2018-12-21T19,559.25,790.0,79.875,2.05,28.375,1,1,1,1,1
2018-12-21T20,493.25,712.0,76.1,1.65,20.2,1,1,1,1,1
2018-12-21T21,482.0,685.0,75.65,1.833,19.3,1,1,1,1,1
2018-12-21T22,490.0,660.0,65.8,2.167,19.0,1,1,1,1,1
2018-12-21T23,416.5,576.25,80.35,1.2,13.7,1,1,1,1,1
2018-12-22T00,356.75,523.75,85.933,1.225,8.7,1,1,1,1,1
2018-12-22T01,362.0,517.0,78.6,1.85,7.3,1,1,1,1,1
2018-12-22T02,364.0,552.0,91.0,1.55,9.6,1,1,1,1,1
2018-12-22T03,343.0,542.0,239.7,1.75,10.6,1,1,1,1,1
2018-12-22T04,398.0,581.0,119.8,11.967,14.1,1,1,1,1,1
2018-12-22T05,284.25,405.25,67.833,44.825,22.275,1,1,1,1,1
2018-12-22T06,204.0,289.0,61.067,57.133,25.1,1,1,1,1,1
2018-12-22T07,177.333,266.0,73.733,66.175,28.35,1,1,1,1,1
2018-12-22T08,179.25,280.5,70.525,84.425,29.05,1,1,1,1,1
2018-12-22T09,200.0,324.75,101.9,76.7,27.867,1,1,1,1,1
2018-12-22T10,222.5,428.0,167.2,12.45,26.933,1,1,1,1,1
2018-12-22T11,258.0,653.0,170.3,1.7,28.167,1,1,1,1,1
2018-12-22T12,289.0,701.0,174.175,1.475,29.567,1,1,1,1,1
2018-12-22T13,321.5,832.0,169.6,3.325,36.375,1,1,1,1,1
2018-12-22T14,378.0,821.75,158.367,3.275,38.975,1,1,1,1,1
2018-12-22T15,390.0,746.0,153.5,3.367,43.367,1,1,1,1,1
2018-12-22T16,507.25,774.0,139.075,2.975,46.467,1,1,1,1,1
2018-12-22T17,598.0,900.0,110.1,2.5,34.75,1,1,1,1,1
2018-12-22T18,554.0,807.0,96.625,2.55,27.75,2,2,2,2,2
2018-12-22T19,526.5,750.0,74.275,3.1,28.467,1,1,1,1,1
2018-12-22T20,498.75,671.5,48.9,2.625,22.2,1,1,1,1,1
2018-12-22T21,493.0,656.75,52.1,2.925,23.2,1,1,1,1,1
2018-12-22T22,473.75,626.5,55.925,2.975,25.5,1,1,1,1,1
2018-12-22T23,488.0,655.0,48.3,3.2,22.4,1,1,1,1,1
2018-12-23T00,434.0,575.0,48.125,3.5,20.6,1,1,1,1,1
2018-12-23T01,469.0,621.0,57.667,3.6,23.133,1,1,1,1,1
2018-12-23T02,512.0,682.0,69.1,3.667,25.5,1,1,1,1,1
2018-12-23T03,580.0,724.0,226.033,2.9,24.667,1,1,1,1,1
2018-12-23T04,461.0,668.0,119.65,12.8,13.4,1,1,1,1,1
2018-12-23T05,345.0,480.0,92.6,33.5,10.9,1,1,1,1,1
2018-12-23T06,313.0,451.0,59.7,66.0,13.15,1,1,1,1,1
2018-12-23T07,251.0,379.0,55.0,89.95,11.25,1,1,1,1,1
2018-12-23T08,245.0,389.0,62.8,103.2,9.4,1,1,1,1,1
2018-12-23T09,254.0,437.0,80.35,95.7,8.6,1,1,1,1,1
2018-12-23T10,272.0,490.0,124.15,39.15,6.7,1,1,1,1,1
2018-12-23T11,293.0,845.0,168.1,2.4,14.25,1,1,1,1,1
2018-12-23T12,326.5,983.25,150.725,2.725,27.575,1,1,1,1,1
2018-12-23T13,340.0,840.0,141.1,4.15,32.1,1,1,1,1,1
2018-12-23T14,469.0,903.0,144.85,4.1,44.65,1,1,1,1,1
2018-12-23T15,696.0,1167.0,131.933,3.167,54.4,1,1,1,1,1
2018-12-23T16,610.0,957.0,113.6,3.3,56.5,1,1,1,1,1
2018-12-23T17,600.0,1282.0,128.75,2.65,41.25,1,1,1,1,1
2018-12-23T18,675.0,1050.0,80.975,2.8,34.175,2,2,2,2,2
2018-12-23T19,627.0,898.0,68.767,4.4,33.2,1,1,1,1,1
2018-12-23T20,628.0,885.0,,2.667,,1,1,0,1,0
2018-12-23T21,548.0,715.0,42.2,3.267,25.167,1,1,1,1,1
2018-12-23T22,499.0,646.0,37.15,2.6,25.2,1,1,1,1,1
2018-12-23T23,460.0,611.0,42.067,2.633,18.6,1,1,1,1,1
2018-12-24T00,421.0,542.75,32.2,3.1,17.45,1,1,1,1,1
2018-12-24T01,439.0,578.0,41.467,2.933,18.633,1,1,1,1,1
2018-12-24T02,442.0,588.0,51.25,2.95,24.5,1,1,1,1,1
2018-12-24T03,516.0,714.0,139.0,3.5,23.05,1,1,1,1,1
2018-12-24T04,569.0,766.0,245.6,3.367,20.533,1,1,1,1,1
2018-12-24T05,561.0,804.0,147.05,19.05,16.0,1,1,1,1,1
2018-12-24T06,455.0,666.0,107.1,57.65,12.2,1,1,1,1,1
2018-12-24T07,354.0,521.0,67.667,96.433,10.3,1,1,1,1,1
2018-12-24T08,257.0,400.0,54.9,103.4,7.05,1,1,1,1,1
2018-12-24T09,195.0,317.0,51.0,101.45,5.7,1,1,1,1,1
2018-12-24T10,169.5,302.0,88.675,48.125,0.3,1,1,1,1,1
2018-12-24T11,189.0,377.0,133.0,4.4,4.4,1,1,1,1,1
2018-12-24T12,245.0,464.667,143.55,1.267,23.933,1,1,1,1,1
2018-12-24T13,282.25,465.75,138.175,1.325,27.5,1,1,1,1,1
2018-12-24T14,362.0,562.0,130.15,2.325,33.275,1,1,1,1,1
2018-12-24T15,482.0,691.0,134.967,2.45,41.2,1,1,1,1,1
2018-12-24T16,521.0,763.0,127.2,2.65,47.1,1,1,1,1,1
2018-12-24T17,556.0,773.0,98.9,2.15,34.0,1,1,1,1,1
2018-12-24T18,527.0,754.0,91.45,2.15,23.45,2,2,2,2,2
2018-12-24T19,495.0,687.0,76.267,2.4,21.633,1,1,1,1,1
2018-12-24T20,420.0,577.0,,1.25,,1,1,0,1,0
2018-12-24T21,376.0,520.0,48.0,1.95,13.35,1,1,1,1,1
2018-12-24T22,316.25,435.25,49.725,1.25,9.967,1,1,1,1,1
2018-12-24T23,287.0,409.0,47.967,1.267,12.4,1,1,1,1,1
2018-12-25T00,274.0,394.0,46.2,1.4,13.3,1,1,1,1,1
2018-12-25T01,276.0,421.0,54.35,1.1,10.667,1,1,1,1,1
2018-12-25T02,261.0,404.0,55.2,2.167,12.033,1,1,1,1,1
2018-12-25T03,291.333,418.333,113.85,6.625,12.55,1,1,1,1,1
2018-12-25T04,318.75,426.0,72.25,21.575,11.467,1,1,1,1,1
2018-12-25T05,357.0,459.0,33.933,58.95,15.55,1,1,1,1,1
2018-12-25T06,233.0,339.0,31.2,84.75,18.85,1,1,1,1,1
2018-12-25T07,185.25,282.5,28.4,101.125,17.767,1,1,1,1,1
2018-12-25T08,174.667,259.333,24.967,106.833,16.067,1,1,1,1,1
2018-12-25T09,170.25,252.5,26.1,103.925,15.85,1,1,1,1,1
2018-12-25T10,207.0,290.0,36.767,89.5,16.133,1,1,1,1,1
2018-12-25T11,234.0,344.0,64.6,51.15,17.8,1,1,1,1,1
2018-12-25T12,256.0,388.0,110.0,2.7,20.4,1,1,1,1,1
2018-12-25T13,338.0,500.0,116.225,0.95,23.25,1,1,1,1,1
2018-12-25T14,381.0,544.0,122.7,1.1,25.15,1,1,1,1,1
2018-12-25T15,385.0,515.0,112.467,1.0,25.8,1,1,1,1,1
2018-12-25T16,360.0,475.0,109.3,0.85,25.3,1,1,1,1,1
2018-12-25T17,323.0,422.0,100.4,0.9,22.05,1,1,1,1,1
2018-12-25T18,296.0,385.0,92.975,0.7,21.5,2,2,2,2,2
2018-12-25T19,298.0,382.0,78.8,,20.1,1,1,1,0,1
2018-12-25T20,295.0,382.0,,0.967,,1,1,0,1,0
2018-12-25T21,309.0,407.0,53.867,0.967,19.6,1,1,1,1,1
2018-12-25T22,291.0,399.0,61.55,1.6,19.85,1,1,1,1,1
2018-12-25T23,257.0,371.0,65.05,1.1,18.7,1,1,1,1,1
2018-12-26T00,252.0,350.0,65.6,1.35,17.8,1,1,1,1,1
2018-12-26T01,218.0,307.0,79.967,1.25,19.575,1,1,1,1,1
2018-12-26T02,244.0,349.0,100.067,2.467,21.433,1,1,1,1,1
2018-12-26T03,284.0,420.0,77.433,10.033,23.6,1,1,1,1,1
2018-12-26T04,279.0,379.0,66.2,33.133,25.15,1,1,1,1,1
2018-12-26T05,245.0,354.0,58.8,70.15,25.4,1,1,1,1,1
2018-12-26T06,196.0,304.0,36.4,97.2,25.8,1,1,1,1,1
2018-12-26T07,153.0,239.0,30.3,100.0,23.8,1,1,1,1,1
2018-12-26T08,96.0,164.0,33.9,100.775,20.575,1,1,1,1,1
2018-12-26T09,84.0,169.0,29.225,110.65,22.725,1,1,1,1,1
2018-12-26T10,111.0,205.0,58.025,78.25,24.85,1,1,1,1,1
2018-12-26T11,124.0,261.0,113.1,8.625,25.1,1,1,1,1,1
2018-12-26T12,135.0,370.0,118.667,1.325,27.225,1,1,1,1,1
2018-12-26T13,191.0,385.0,140.2,2.0,34.75,1,1,1,1,1
2018-12-26T14,324.0,528.0,133.7,2.1,42.55,1,1,1,1,1
2018-12-26T15,439.0,615.0,148.85,1.5,52.55,1,1,1,1,1
2018-12-26T16,438.0,686.0,106.575,1.525,49.833,1,1,1,1,1
2018-12-26T17,350.0,501.0,98.05,1.5,31.65,1,1,1,1,1
2018-12-26T18,396.0,532.0,87.434,1.525,27.834,2,2,2,2,2
2018-12-26T19,389.0,537.0,80.6,,30.05,1,1,1,0,1
2018-12-26T20,401.0,544.0,,1.167,,1,1,0,1,0
2018-12-26T21,374.0,493.0,46.233,0.85,27.3,1,1,1,1,1
2018-12-26T22,354.0,466.0,37.6,1.4,29.7,1,1,1,1,1
2018-12-26T23,348.0,455.0,40.2,1.825,21.675,1,1,1,1,1
2018-12-27T00,353.0,464.0,37.15,2.125,22.567,1,1,1,1,1
2018-12-27T01,364.0,503.0,41.267,2.933,23.5,1,1,1,1,1
2018-12-27T02,414.0,558.0,88.55,3.467,27.625,1,1,1,1,1
2018-12-27T03,477.0,669.0,252.5,3.4,22.033,1,1,1,1,1
2018-12-27T04,434.0,680.0,113.633,9.075,21.8,1,1,1,1,1
2018-12-27T05,279.0,434.0,87.425,28.0,20.7,1,1,1,1,1
2018-12-27T06,178.0,287.0,51.8,64.1,20.6,1,1,1,1,1
2018-12-27T07,153.0,238.0,56.633,82.2,15.9,1,1,1,1,1
2018-12-27T08,141.0,226.0,76.0,78.125,11.4,1,1,1,1,1
2018-12-27T09,129.0,246.0,94.7,87.25,12.2,1,1,1,1,1
2018-12-27T10,256.0,426.0,84.4,68.733,12.9,1,1,1,1,1
2018-12-27T11,190.0,377.0,122.7,3.6,24.433,1,1,1,1,1
2018-12-27T12,171.0,390.0,126.033,0.8,25.733,1,1,1,1,1
2018-12-27T13,201.0,377.0,127.35,1.6,27.725,1,1,1,1,1
2018-12-27T14,280.0,444.0,115.467,1.3,31.0,1,1,1,1,1
2018-12-27T15,339.0,517.0,109.8,1.2,32.55,1,1,1,1,1
2018-12-27T16,379.0,563.0,110.7,1.8,33.2,1,1,1,1,1
2018-12-27T17,356.0,504.0,78.2,1.033,25.367,1,1,1,1,1
2018-12-27T18,333.0,453.0,71.275,1.0,21.25,2,2,2,2,2
2018-12-27T19,332.0,438.0,70.6,1.15,20.633,1,1,1,1,1
2018-12-27T20,279.0,377.0,,1.3,,1,1,0,1,0
2018-12-27T21,271.0,370.0,61.133,1.0,17.2,1,1,1,1,1
2018-12-27T22,300.0,392.0,53.8,0.5,15.8,1,1,1,1,1
2018-12-27T23,296.0,390.0,52.667,0.533,17.1,1,1,1,1,1
2018-12-28T00,296.0,400.0,67.1,1.1,17.85,1,1,1,1,1
2019-01-02T21,421.0,567.333,62.9,2.667,9.5,1,1,1,1,1
2019-01-02T22,453.5,601.25,73.7,2.525,11.8,1,1,1,1,1
2019-01-02T23,501.5,683.0,56.4,2.533,15.8,1,1,1,1,1
2019-01-03T00,487.75,671.0,53.15,2.2,18.325,1,1,1,1,1
2019-01-03T01,487.0,685.0,55.3,2.425,15.833,1,1,1,1,1
2019-01-03T02,486.0,722.75,75.3,2.0,13.975,1,1,1,1,1
2019-01-03T03,486.0,737.0,198.0,2.75,12.3,1,1,1,1,1
2019-01-03T04,475.0,676.0,130.233,4.867,9.833,1,1,1,1,1
2019-01-03T05,501.25,640.0,89.5,25.8,19.875,1,1,1,1,1
2019-01-03T06,378.0,546.5,45.55,62.1,23.9,1,1,1,1,1
2019-01-03T07,243.0,417.75,46.675,72.675,21.4,1,1,1,1,1
2019-01-03T08,240.0,387.0,37.067,82.433,19.433,1,1,1,1,1
2019-01-03T09,221.0,403.0,29.733,84.3,20.833,1,1,1,1,1
2019-01-03T10,189.5,437.75,38.2,65.55,18.5,1,1,1,1,1
2019-01-03T11,190.333,447.75,76.35,26.5,21.25,1,1,1,1,1
2019-01-03T12,218.75,388.5,106.55,6.233,20.975,1,1,1,1,1
2019-01-03T13,298.0,431.25,107.075,1.225,20.875,1,1,1,1,1
2019-01-03T14,355.25,491.25,110.8,1.025,21.85,1,1,1,1,1
2019-01-03T15,371.0,489.0,98.95,1.4,22.45,1,1,1,1,1
2019-02-12T01,243.0,376.0,65.4,0.4,12.5,1,1,1,1,1
2019-02-12T02,294.5,460.0,101.45,1.4,14.9,1,1,1,1,1
2019-02-12T03,318.0,493.0,107.8,1.9,15.3,1,1,1,1,1
2019-02-12T04,272.0,414.0,134.95,7.3,19.3,1,1,1,1,1
2019-02-12T05,174.667,305.0,110.4,36.3,12.367,1,1,1,1,1
2019-02-12T06,160.0,301.0,111.7,56.35,11.45,1,1,1,1,1
2019-02-12T07,175.0,299.0,132.85,64.85,9.05,1,1,1,1,1
2019-02-12T08,205.0,355.0,124.6,99.3,14.55,1,1,1,1,1
2019-02-12T09,232.0,390.0,93.5,128.5,16.7,1,1,1,1,1
2019-02-12T10,180.5,321.0,112.8,91.5,10.65,1,1,1,1,1
2019-02-12T11,190.0,343.333,109.767,81.067,13.9,1,1,1,1,1
2019-02-12T12,192.25,353.0,150.0,29.3,13.15,1,1,1,1,1
2019-02-12T13,199.0,344.0,203.15,1.5,13.9,1,1,1,1,1
2019-02-12T14,256.0,486.0,193.4,1.033,21.667,1,1,1,1,1
2019-02-12T15,285.0,516.0,175.8,1.4,25.9,1,1,1,1,1
2019-02-12T17,235.5,368.0,118.0,1.0,14.0,1,1,1,1,1
2019-02-12T18,230.0,368.0,105.15,0.95,5.1,2,2,2,2,2
2019-02-12T19,239.0,376.0,90.15,3.0,4.15,1,1,1,1,1
2019-02-12T20,248.0,385.0,,1.2,,1,1,0,1,0
2019-02-12T21,252.0,383.0,57.9,1.3,3.55,1,1,1,1,1
2019-02-12T22,244.0,346.5,57.05,3.6,7.7,1,1,1,1,1
2019-02-12T23,241.0,347.0,47.033,2.467,4.133,1,1,1,1,1
2019-02-13T00,233.0,335.0,42.95,4.45,3.05,1,1,1,1,1
2019-02-13T01,273.0,390.75,53.1,15.975,7.05,1,1,1,1,1
2019-02-13T02,282.0,445.0,93.0,14.5,9.967,1,1,1,1,1
2019-02-13T03,294.0,495.0,140.8,13.1,9.8,1,1,1,1,1
2019-02-13T04,291.0,472.0,144.3,8.75,16.6,1,1,1,1,1
2019-02-13T05,219.0,366.0,95.2,37.7,13.6,1,1,1,1,1
2019-02-13T06,199.0,302.0,63.25,59.3,10.65,1,1,1,1,1
2019-02-13T07,145.0,237.0,60.3,70.9,2.35,1,1,1,1,1
2019-02-13T08,85.0,162.0,43.0,94.8,,1,1,1,1,0
2019-02-13T09,112.75,212.25,87.5,85.9,,1,1,1,1,0
2019-02-13T10,127.0,237.0,96.1,84.4,,1,1,1,1,0
2019-02-13T11,132.0,251.0,182.5,34.1,4.4,1,1,1,1,1
2019-02-13T12,185.0,364.0,174.8,4.7,16.6,1,1,1,1,1
2019-02-13T13,171.75,331.25,148.2,0.825,11.575,1,1,1,1,1
2019-02-13T14,182.25,341.75,136.1,0.65,11.725,1,1,1,1,1
2019-02-13T15,227.5,413.75,128.45,1.5,12.325,1,1,1,1,1
2019-02-13T16,260.333,479.0,116.067,1.2,15.6,1,1,1,1,1
2019-02-13T17,249.0,436.667,118.8,1.333,9.8,1,1,1,1,1
2019-02-13T18,233.0,388.0,116.9,1.3,8.65,2,2,2,2,2
2019-02-13T19,196.0,323.0,103.75,,7.8,1,1,1,0,1
2019-02-13T20,205.0,327.0,,1.2,,1,1,0,1,0
2019-02-13T21,195.0,306.0,98.1,0.967,3.767,1,1,1,1,1
2019-02-13T22,190.0,293.0,62.033,9.0,2.9,1,1,1,1,1
2019-02-13T23,172.0,246.0,59.85,9.5,2.8,1,1,1,1,1
2019-02-14T00,173.0,257.0,77.85,6.85,5.4,1,1,1,1,1
2019-02-14T01,166.0,259.25,83.0,7.075,6.6,1,1,1,1,1
2019-02-14T02,188.333,275.667,94.4,7.3,8.733,1,1,1,1,1
2019-02-14T03,173.0,259.0,91.45,8.0,10.15,1,1,1,1,1
2019-02-14T04,156.0,213.0,92.7,9.8,13.1,1,1,1,1,1
2019-04-27T08,45.5,568.0,16.45,103.1,25.45,1,1,1,1,1
2019-04-27T10,37.5,413.5,21.3,97.5,26.7,1,1,1,1,1
2019-04-27T11,36.0,350.0,26.1,95.9,24.55,1,1,1,1,1
2019-04-27T12,55.0,313.0,35.4,82.7,22.6,1,1,1,1,1
2019-04-27T14,55.667,320.0,120.267,2.067,27.933,1,1,1,1,1
2019-04-27T15,59.0,340.0,118.0,1.5,31.75,1,1,1,1,1
2019-04-27T16,57.0,340.0,119.4,1.6,32.9,1,1,1,1,1
2019-04-27T17,62.0,357.0,56.25,46.35,32.0,1,1,1,1,1
2019-04-27T18,52.0,282.0,59.1,52.6,33.4,1,1,1,1,1
2019-04-27T19,56.0,282.667,42.2,57.6,30.033,1,1,1,1,1
2019-04-27T20,63.75,281.0,52.0,45.3,23.8,1,1,1,1,1
2019-04-27T21,60.5,267.5,59.45,31.175,26.075,1,1,1,1,1
2019-04-27T22,52.5,248.5,66.375,16.0,27.133,1,1,1,1,1
2019-04-27T23,51.0,232.0,56.45,19.85,41.6,1,1,1,1,1
2019-04-28T00,59.667,286.667,62.7,20.033,56.133,1,1,1,1,1
2019-04-28T01,73.75,312.75,57.8,38.15,54.075,1,1,1,1,1
2019-04-28T02,88.0,315.0,42.85,71.7,49.7,1,1,1,1,1
2019-04-28T03,85.0,330.0,43.267,103.133,46.133,1,1,1,1,1
2019-04-28T04,100.5,370.5,26.05,131.25,37.1,1,1,1,1,1
2019-04-28T05,76.5,347.0,22.45,135.925,34.7,1,1,1,1,1
2019-04-28T06,59.0,389.333,11.367,107.433,31.133,1,1,1,1,1
2019-04-28T07,48.25,481.75,10.425,97.25,29.825,1,1,1,1,1
2019-04-28T08,38.5,360.25,12.725,92.675,29.025,1,1,1,1,1
2019-04-28T09,34.0,304.0,15.3,94.433,28.133,1,1,1,1,1
2019-04-28T10,38.0,245.5,22.525,91.725,28.467,1,1,1,1,1
2019-04-28T11,37.333,239.333,27.033,88.533,26.7,1,1,1,1,1
2019-04-28T12,44.667,256.667,78.8,40.833,24.867,1,1,1,1,1
2019-04-28T13,51.75,285.5,121.975,1.675,26.35,1,1,1,1,1
2019-04-28T14,59.5,318.75,130.125,0.75,31.375,1,1,1,1,1
2019-04-28T15,67.75,310.0,134.4,0.4,36.45,1,1,1,1,1
2019-04-28T16,69.75,296.5,127.95,0.425,44.067,1,1,1,1,1
2019-04-28T17,69.75,298.5,113.2,0.55,40.075,1,1,1,1,1
2019-04-28T18,73.334,292.333,109.483,0.717,42.117,2,2,2,2,2
2019-04-28T19,80.0,299.0,97.6,0.8,42.85,1,1,1,1,1
2019-04-28T20,72.25,265.0,71.0,13.65,28.8,1,1,1,1,1
2019-04-28T21,58.0,223.0,68.15,16.85,28.0,1,1,1,1,1
2019-04-28T22,56.667,199.667,75.567,6.533,27.05,1,1,1,1,1
2019-04-28T23,50.667,195.333,80.333,2.0,37.333,1,1,1,1,1
2019-04-29T00,48.0,196.0,85.9,1.767,45.767,1,1,1,1,1
2019-04-29T01,75.25,322.75,111.45,5.0,56.65,1,1,1,1,1
2019-04-29T02,122.25,420.25,97.3,35.175,66.55,1,1,1,1,1
2019-04-29T03,124.75,403.5,80.375,80.675,60.3,1,1,1,1,1
2019-04-29T04,90.25,314.5,52.175,122.375,48.733,1,1,1,1,1
2019-04-29T05,68.0,241.5,27.7,147.4,38.3,1,1,1,1,1
2019-04-29T06,55.75,220.75,21.125,160.8,35.425,1,1,1,1,1
2019-04-29T07,50.25,208.5,22.775,135.575,32.575,1,1,1,1,1
2019-04-29T08,41.5,201.0,25.333,128.667,32.167,1,1,1,1,1
2019-04-29T09,31.0,201.0,,,,1,1,0,0,0
2019-04-29T10,36.0,191.0,21.6,141.833,29.767,1,1,1,1,1
2019-04-29T11,38.75,214.25,49.375,111.9,27.75,1,1,1,1,1
2019-04-29T12,42.25,230.5,150.2,10.775,29.275,1,1,1,1,1
2019-04-29T13,56.75,335.75,168.175,0.8,32.85,1,1,1,1,1
2019-04-29T14,62.0,296.0,165.133,0.4,37.667,1,1,1,1,1
2019-04-29T15,67.0,288.0,184.4,1.1,42.0,1,1,1,1,1
2019-04-29T16,96.25,356.0,161.025,0.75,42.0,1,1,1,1,1
2019-04-29T17,99.667,324.0,144.067,0.833,29.4,1,1,1,1,1
2019-04-29T18,107.334,317.333,144.133,2.25,32.55,2,2,2,2,2
2019-04-29T19,119.0,304.0,121.033,3.6,31.067,1,1,1,1,1
2019-04-29T20,84.0,215.0,,1.6,,1,1,0,1,0
2019-04-29T21,75.0,184.5,110.6,1.85,29.1,1,1,1,1,1
2019-04-29T22,66.75,171.75,107.075,2.65,27.933,1,1,1,1,1
2019-04-29T23,69.0,183.0,113.9,12.1,36.75,1,1,1,1,1
2019-04-30T00,85.75,255.5,101.75,26.975,38.6,1,1,1,1,1
2019-04-30T01,111.25,336.0,105.675,18.475,50.575,1,1,1,1,1
2019-04-30T02,145.0,384.0,128.5,22.8,52.0,1,1,1,1,1
2019-04-30T07,51.0,300.0,58.5,134.0,26.8,1,1,1,1,1
2019-04-30T12,59.0,317.0,195.6,0.8,45.5,1,1,1,1,1
2019-04-30T13,106.25,503.5,171.7,1.775,45.025,1,1,1,1,1
2019-04-30T14,92.0,301.0,183.1,3.133,47.933,1,1,1,1,1
2019-04-30T15,82.25,394.0,151.6,32.3,52.5,1,1,1,1,1
2019-04-30T16,88.75,405.5,150.175,28.075,49.467,1,1,1,1,1
2019-04-30T17,93.0,374.75,144.025,16.15,34.675,1,1,1,1,1
2019-04-30T18,108.0,368.0,144.65,12.25,36.45,2,2,2,2,2
2019-04-30T19,104.333,379.333,127.567,41.4,42.067,1,1,1,1,1
2019-04-30T20,118.667,381.0,72.4,36.267,64.1,1,1,1,1,1
2019-04-30T21,117.0,344.75,104.475,14.175,69.7,1,1,1,1,1
2019-04-30T22,117.0,321.333,102.133,5.967,67.95,1,1,1,1,1
2019-04-30T23,123.0,312.0,96.467,6.0,45.533,1,1,1,1,1
2019-05-01T00,129.75,315.5,103.2,17.225,32.025,1,1,1,1,1
2019-05-01T01,123.25,371.75,89.475,13.65,34.05,1,1,1,1,1
2019-05-01T02,110.0,361.0,101.375,31.5,43.425,1,1,1,1,1
2019-05-01T03,122.0,376.0,113.033,69.933,44.467,1,1,1,1,1
2019-05-01T04,135.0,392.0,99.2,166.45,67.05,1,1,1,1,1
2019-05-01T05,122.75,366.25,84.95,232.25,58.85,1,1,1,1,1
2019-05-01T06,133.25,400.25,57.675,285.425,49.625,1,1,1,1,1
2019-05-01T07,114.0,354.5,39.8,266.975,43.6,1,1,1,1,1
2019-05-01T08,102.0,316.333,28.367,188.6,31.3,1,1,1,1,1
2019-05-01T09,70.0,242.0,19.125,222.15,26.575,1,1,1,1,1
2019-05-01T10,64.0,221.0,23.467,227.533,24.6,1,1,1,1,1
2019-05-01T11,61.0,226.0,51.25,177.25,34.65,1,1,1,1,1
2019-05-01T12,61.0,237.0,123.433,89.867,48.533,1,1,1,1,1
2019-05-01T13,89.0,601.667,263.3,1.467,54.967,1,1,1,1,1
2019-05-01T14,93.5,413.5,241.975,0.433,58.8,1,1,1,1,1
2019-05-01T15,133.0,348.0,175.1,4.867,56.2,1,1,1,1,1
2019-05-01T16,168.0,318.25,166.4,0.675,52.233,1,1,1,1,1
2019-05-01T17,81.0,304.0,157.8,1.2,30.967,1,1,1,1,1
2019-05-01T18,82.166,296.833,153.216,1.333,30.617,2,2,2,2,2
2019-05-01T19,95.25,309.75,133.125,9.15,34.175,1,1,1,1,1
2019-05-01T20,117.0,366.0,,36.033,,1,1,0,1,0
2019-05-01T21,81.5,284.0,61.3,24.75,56.45,1,1,1,1,1
2019-05-01T22,78.5,238.25,67.825,50.875,54.3,1,1,1,1,1
2019-05-01T23,77.333,221.667,64.333,42.733,56.6,1,1,1,1,1
2019-05-02T00,78.0,223.0,51.6,35.3,45.767,1,1,1,1,1
2019-05-02T01,53.25,222.0,42.225,51.725,22.8,1,1,1,1,1
2019-05-02T02,48.5,192.0,65.8,63.65,35.9,1,1,1,1,1
2019-05-02T03,55.0,242.0,56.967,71.5,32.833,1,1,1,1,1
2019-05-02T04,55.0,306.0,55.5,84.7,36.5,1,1,1,1,1
2019-05-02T05,60.25,558.5,46.25,115.025,42.275,1,1,1,1,1
2019-05-02T06,73.667,377.333,45.0,127.733,36.433,1,1,1,1,1
2019-05-02T07,73.0,386.25,50.225,129.575,38.75,1,1,1,1,1
2019-05-02T08,67.0,357.0,54.85,127.9,42.25,1,1,1,1,1
2019-05-02T09,58.0,374.0,48.2,126.5,28.0,1,1,1,1,1
2019-05-02T10,52.333,307.0,68.733,91.8,19.55,1,1,1,1,1
2019-05-02T11,55.0,333.0,45.8,88.3,29.8,1,1,1,1,1
2019-05-02T12,43.5,377.0,78.45,64.55,42.8,1,1,1,1,1
2019-05-02T13,49.75,390.75,88.875,50.975,44.65,1,1,1,1,1
2019-05-02T14,39.5,189.0,79.25,50.05,45.9,1,1,1,1,1
2019-05-02T15,47.667,199.0,53.433,78.533,55.4,1,1,1,1,1
2019-05-02T16,47.0,153.0,40.7,80.55,56.9,1,1,1,1,1
2019-05-02T17,38.0,200.0,20.433,91.367,32.667,1,1,1,1,1
2019-05-02T18,36.0,131.5,22.675,83.55,34.225,2,2,2,2,2
2019-05-02T19,29.333,96.667,32.667,72.45,41.1,1,1,1,1,1
2019-05-02T20,28.0,78.0,,65.5,,1,1,0,1,0
2019-05-02T21,19.0,78.0,38.7,59.5,48.4,1,1,1,1,1
2019-05-02T22,27.0,99.0,56.65,55.1,56.55,1,1,1,1,1
2019-05-02T23,32.25,109.0,67.2,37.725,43.65,1,1,1,1,1
2019-05-03T00,42.0,121.0,60.933,28.033,35.9,1,1,1,1,1
2019-06-18T22,89.0,189.0,64.7,2.8,14.5,1,1,1,1,1
2019-06-18T23,99.0,181.0,57.625,2.925,14.925,1,1,1,1,1
2019-06-19T11,74.333,311.0,53.433,179.133,24.033,1,1,1,1,1
2019-06-19T12,69.0,291.0,63.85,54.35,21.2,1,1,1,1,1
2019-06-20T14,70.0,393.0,42.0,91.1,22.0,1,1,1,1,1
2019-06-20T15,68.5,356.75,49.825,88.475,20.825,1,1,1,1,1
2019-06-20T16,64.0,248.0,74.7,86.6,21.2,1,1,1,1,1
2019-06-20T17,65.25,249.0,95.075,37.7,20.45,1,1,1,1,1
2019-06-20T18,72.333,247.667,91.7,26.167,21.267,1,1,1,1,1
2019-06-20T19,75.75,232.0,73.65,28.35,21.1,1,1,1,1,1
2019-06-20T20,65.0,201.75,80.6,25.775,23.3,1,1,1,1,1
2019-06-20T21,65.333,174.0,65.067,20.767,20.833,1,1,1,1,1
2019-06-20T22,72.0,174.0,62.95,16.0,20.9,1,1,1,1,1
2019-06-20T23,64.5,160.0,70.15,11.6,18.35,1,1,1,1,1
2019-06-21T00,71.0,180.667,71.0,9.467,18.833,1,1,1,1,1
2019-06-21T01,75.0,215.25,56.825,28.475,22.35,1,1,1,1,1
2019-06-21T02,58.25,180.25,63.1,44.175,25.15,1,1,1,1,1
2019-06-21T03,56.25,177.75,49.425,73.65,25.275,1,1,1,1,1
2019-06-21T04,37.0,143.667,32.133,103.333,23.9,1,1,1,1,1
2019-06-21T05,32.25,154.0,19.1,145.625,20.525,1,1,1,1,1
2019-06-21T06,31.0,165.5,18.725,151.5,16.9,1,1,1,1,1
2019-06-21T07,32.5,148.0,12.725,151.125,15.725,1,1,1,1,1
2019-06-21T08,31.5,129.0,14.4,170.275,15.75,1,1,1,1,1
2019-06-21T09,47.5,139.25,29.05,168.175,16.125,1,1,1,1,1
2019-06-21T10,60.0,144.75,36.625,146.975,17.4,1,1,1,1,1
2019-06-21T11,47.75,123.5,32.575,143.9,21.125,1,1,1,1,1
2019-06-21T12,48.5,128.5,40.425,136.625,22.725,1,1,1,1,1
2019-06-21T13,53.75,154.25,54.65,95.85,20.6,1,1,1,1,1
2019-06-21T14,59.5,208.5,152.9,16.525,19.675,1,1,1,1,1
2019-06-21T15,72.667,237.333,166.533,1.267,20.8,1,1,1,1,1
2019-06-21T16,70.5,226.25,123.075,14.675,22.05,1,1,1,1,1
2019-06-21T17,47.75,166.5,117.3,13.05,16.375,1,1,1,1,1
2019-06-21T18,47.0,147.334,108.95,9.55,16.883,2,2,2,2,2
2019-06-21T19,45.5,144.75,107.325,8.15,16.55,1,1,1,1,1
2019-06-21T20,42.5,133.0,104.0,4.275,14.9,1,1,1,1,1
2019-06-21T21,47.75,134.25,100.425,3.975,12.875,1,1,1,1,1
2019-06-21T22,50.0,129.0,95.933,2.733,13.9,1,1,1,1,1
2019-06-21T23,51.0,136.0,104.567,2.7,11.133,1,1,1,1,1
2019-06-22T00,66.5,170.25,88.925,13.6,11.625,1,1,1,1,1
2019-06-22T01,75.75,191.0,72.625,51.725,19.325,1,1,1,1,1
2019-06-22T02,75.0,192.25,63.75,91.925,18.4,1,1,1,1,1
2019-06-22T03,59.5,178.5,52.333,141.65,20.5,1,1,1,1,1
2019-06-22T04,64.0,170.75,26.2,179.775,21.533,1,1,1,1,1
2019-06-22T05,53.0,143.25,21.875,202.45,26.6,1,1,1,1,1
2019-06-22T06,49.25,148.0,23.15,228.5,31.05,1,1,1,1,1
2019-06-22T07,54.5,159.0,21.35,225.975,28.95,1,1,1,1,1
2019-06-22T08,48.5,152.25,18.1,212.85,25.6,1,1,1,1,1
2019-06-22T09,44.0,141.0,15.267,189.733,22.667,1,1,1,1,1
2019-06-22T10,33.667,121.667,19.533,192.433,21.95,1,1,1,1,1
2019-06-22T11,40.75,133.0,32.875,178.925,22.125,1,1,1,1,1
2019-06-22T12,46.5,153.75,72.05,130.025,25.325,1,1,1,1,1
2019-06-22T13,51.25,186.5,117.3,69.625,22.4,1,1,1,1,1
2019-06-22T14,60.25,212.5,157.4,12.15,21.925,1,1,1,1,1
2019-06-22T15,59.5,231.25,119.425,30.175,21.525,1,1,1,1,1
2019-06-22T16,63.5,227.75,69.725,44.425,19.267,1,1,1,1,1
2019-06-22T17,56.75,206.25,44.625,57.175,17.275,1,1,1,1,1
2019-06-22T18,38.0,148.166,35.466,57.566,17.633,2,2,2,2,2
2019-06-22T19,25.75,118.25,34.575,48.7,17.75,1,1,1,1,1
2019-06-22T20,36.75,103.5,32.4,45.25,19.7,1,1,1,1,1
2019-06-22T21,46.5,113.75,27.9,34.025,18.65,1,1,1,1,1
2019-06-22T22,47.25,116.5,24.2,26.675,16.067,1,1,1,1,1
2019-06-22T23,34.5,98.5,26.925,18.35,15.725,1,1,1,1,1
2019-06-23T00,30.75,94.25,32.125,15.775,14.75,1,1,1,1,1
2019-06-23T01,29.75,91.0,27.625,23.1,15.2,1,1,1,1,1
2019-06-23T02,22.0,82.0,27.85,35.05,15.275,1,1,1,1,1
2019-06-23T03,28.75,93.5,29.7,55.1,18.125,1,1,1,1,1
2019-06-23T04,30.25,100.0,27.375,74.675,16.933,1,1,1,1,1
2019-06-23T05,27.75,97.75,22.6,80.725,19.675,1,1,1,1,1
2019-06-23T06,25.25,99.25,20.8,84.15,17.95,1,1,1,1,1
2019-06-23T07,21.0,96.25,23.1,90.1,16.725,1,1,1,1,1
2019-06-23T08,23.0,94.0,17.8,102.375,15.925,1,1,1,1,1
2019-06-23T09,20.75,90.75,19.75,111.075,17.875,1,1,1,1,1
2019-06-23T10,23.25,82.75,22.825,120.65,20.2,1,1,1,1,1
2019-06-23T11,25.5,93.75,33.375,115.45,19.525,1,1,1,1,1
2019-06-23T12,29.0,113.333,43.267,87.633,19.333,1,1,1,1,1
2019-06-23T13,29.25,122.25,46.275,60.875,18.85,1,1,1,1,1
2019-06-23T14,35.75,131.75,44.025,56.5,16.575,1,1,1,1,1
2019-06-23T15,33.25,190.5,34.15,42.475,16.775,1,1,1,1,1
2019-06-23T16,28.0,396.0,31.7,31.7,15.0,1,1,1,1,1
2019-06-23T17,13.667,131.0,18.5,30.567,16.167,1,1,1,1,1
2019-06-23T18,6.833,77.166,23.367,23.566,17.75,2,2,2,2,2
2019-06-23T19,5.75,43.5,13.925,34.9,17.975,1,1,1,1,1
2019-06-23T20,4.5,28.0,12.2,31.625,18.6,1,1,1,1,1
2019-06-23T21,6.5,23.25,14.575,29.45,16.65,1,1,1,1,1
2019-06-23T22,16.0,27.5,18.625,22.325,16.133,1,1,1,1,1
2019-06-23T23,12.75,29.5,20.8,20.575,14.325,1,1,1,1,1
2019-06-24T00,12.5,32.75,27.75,17.625,14.175,1,1,1,1,1
2019-06-24T01,14.75,43.75,33.425,14.875,14.2,1,1,1,1,1
2019-06-24T02,17.75,62.5,30.125,24.975,16.7,1,1,1,1,1
2019-06-24T03,22.5,71.0,37.125,34.975,16.875,1,1,1,1,1
2019-06-24T04,30.25,87.5,33.825,57.325,16.033,1,1,1,1,1
2019-06-24T05,30.25,100.0,41.325,53.925,16.075,1,1,1,1,1
2019-06-24T06,28.5,98.5,23.875,69.3,14.6,1,1,1,1,1
2019-06-24T07,30.75,134.75,36.425,49.275,13.825,1,1,1,1,1
2019-06-24T08,29.75,208.25,30.475,50.125,14.125,1,1,1,1,1
2019-06-24T09,16.0,136.0,35.167,53.133,16.867,1,1,1,1,1
2019-06-24T10,8.75,112.5,32.325,60.975,22.3,1,1,1,1,1
2019-06-24T11,10.5,84.5,38.225,53.175,20.2,1,1,1,1,1
2019-06-24T12,8.5,84.0,44.775,45.3,19.825,1,1,1,1,1
2019-06-24T13,8.75,79.25,47.25,40.15,17.15,1,1,1,1,1
2019-06-24T14,16.25,81.75,65.1,21.575,15.5,1,1,1,1,1
2019-06-24T15,21.75,78.5,51.05,23.175,14.05,1,1,1,1,1
2019-06-24T16,18.5,81.0,47.325,21.55,14.533,1,1,1,1,1
2019-06-24T17,20.5,81.0,39.35,21.225,14.6,1,1,1,1,1
2019-06-24T18,21.166,70.166,29.5,25.867,16.666,2,2,2,2,2
2019-06-24T19,17.5,58.75,32.425,23.6,16.15,1,1,1,1,1
2019-06-24T20,18.75,49.25,32.6,19.45,16.1,1,1,1,1,1
2019-06-24T21,19.0,41.75,25.325,18.0,15.1,1,1,1,1,1
2019-06-24T22,22.0,44.0,29.8,12.85,15.95,1,1,1,1,1
2019-06-25T00,20.5,63.0,33.3,7.05,13.45,1,1,1,1,1
2019-06-25T01,17.25,63.25,33.525,11.525,14.05,1,1,1,1,1
2019-06-25T02,21.0,69.0,37.5,17.15,15.725,1,1,1,1,1
2019-06-25T03,30.25,81.0,47.675,24.475,14.75,1,1,1,1,1
2019-06-25T04,34.5,105.5,50.75,55.25,15.967,1,1,1,1,1
2019-06-25T05,47.0,131.75,37.525,121.7,17.725,1,1,1,1,1
2019-06-25T06,55.0,159.5,39.0,153.7,18.475,1,1,1,1,1
2019-06-25T07,57.75,168.75,30.15,168.9,17.5,1,1,1,1,1
2019-06-25T08,46.25,126.5,26.3,206.225,17.7,1,1,1,1,1
2019-06-25T09,43.5,119.75,26.575,222.675,17.25,1,1,1,1,1
2019-06-25T10,53.0,126.75,29.075,221.55,16.5,1,1,1,1,1
2019-06-25T11,59.0,150.75,40.55,195.05,19.775,1,1,1,1,1
2019-06-25T12,60.75,182.75,46.6,187.5,19.425,1,1,1,1,1
2019-06-25T13,63.25,185.0,78.95,112.775,19.175,1,1,1,1,1
2019-06-25T14,58.25,177.75,136.375,9.15,18.775,1,1,1,1,1
2019-06-25T15,67.667,213.667,125.2,5.1,19.7,1,1,1,1,1
2019-06-25T16,64.75,204.75,109.95,6.425,19.967,1,1,1,1,1
2019-06-25T17,58.25,158.0,95.175,15.45,18.2,1,1,1,1,1
2019-06-25T18,57.666,161.0,92.7,15.2,17.284,2,2,2,2,2
2019-06-25T19,50.0,141.75,84.075,19.75,17.85,1,1,1,1,1
2019-06-25T20,45.25,126.25,66.7,20.4,17.6,1,1,1,1,1
2019-06-25T21,39.0,117.0,67.15,17.55,17.35,1,1,1,1,1
2019-06-25T22,35.75,109.5,53.5,21.475,18.8,1,1,1,1,1
2019-06-25T23,36.0,98.75,71.05,5.875,11.925,1,1,1,1,1
2019-06-26T00,39.0,118.5,74.6,4.125,12.925,1,1,1,1,1
2019-06-26T01,42.0,154.25,60.2,13.125,13.675,1,1,1,1,1
2019-06-26T02,56.5,173.25,72.575,23.35,12.475,1,1,1,1,1
2019-06-26T03,72.75,215.25,62.275,64.0,13.425,1,1,1,1,1
2019-06-26T04,72.25,196.0,35.125,130.55,16.4,1,1,1,1,1
2019-06-26T05,70.0,166.667,22.067,144.967,20.7,1,1,1,1,1
2019-06-26T06,58.5,147.75,16.85,134.3,21.1,1,1,1,1,1
2019-06-26T07,45.0,126.667,14.667,133.1,19.433,1,1,1,1,1
2019-06-26T08,51.5,131.0,14.425,145.2,18.7,1,1,1,1,1
2019-06-26T09,53.0,122.0,14.65,149.7,19.85,1,1,1,1,1
2019-06-26T10,44.0,124.75,15.225,138.675,21.433,1,1,1,1,1
2019-06-26T11,40.667,107.333,20.4,125.2,21.767,1,1,1,1,1
2019-06-26T12,46.5,121.0,34.925,111.85,19.375,1,1,1,1,1
2019-06-26T13,51.667,149.667,68.1,67.075,18.6,1,1,1,1,1
2019-06-26T14,59.75,178.5,109.375,22.875,19.7,1,1,1,1,1
2019-06-26T15,59.5,185.0,144.35,2.075,18.6,1,1,1,1,1
2019-06-26T16,52.0,191.0,111.267,15.633,19.233,1,1,1,1,1
2019-06-26T17,47.25,133.0,110.6,9.05,19.375,1,1,1,1,1
2019-06-26T18,46.334,127.5,118.934,2.784,19.55,2,2,2,2,2
2019-06-26T19,38.0,130.0,110.8,,20.5,1,1,1,0,1
2019-06-26T20,42.0,108.0,,3.75,,1,1,0,1,0
2019-06-26T21,46.0,122.0,99.45,0.65,18.55,1,1,1,1,1
2019-06-26T22,44.0,110.0,106.75,,22.95,1,1,1,0,1
2019-06-26T23,48.0,107.0,91.3,1.0,20.05,1,1,1,1,1
2019-06-27T00,53.0,141.0,64.9,12.75,15.75,1,1,1,1,1
2019-06-27T03,80.25,313.25,34.725,106.6,26.25,1,1,1,1,1
2019-06-27T04,60.0,332.75,23.85,125.775,27.367,1,1,1,1,1
2019-06-27T05,48.75,355.5,16.5,123.15,25.875,1,1,1,1,1
2019-06-27T06,43.0,445.75,22.675,112.925,19.075,1,1,1,1,1
2019-06-27T07,44.0,377.75,21.125,133.25,15.875,1,1,1,1,1
2019-06-27T08,37.0,157.25,16.775,145.25,14.275,1,1,1,1,1
2019-06-27T09,34.667,178.667,16.2,142.567,13.7,1,1,1,1,1
2019-06-27T10,35.75,227.75,15.575,133.05,13.633,1,1,1,1,1
2019-06-27T11,35.333,250.333,23.6,115.967,18.233,1,1,1,1,1
2019-06-27T12,36.0,274.5,32.875,97.6,17.3,1,1,1,1,1
2019-06-27T13,36.0,243.0,54.3,73.0,16.35,1,1,1,1,1
2019-06-27T14,35.25,230.75,121.625,4.55,17.925,1,1,1,1,1
2019-06-27T15,36.0,207.333,115.9,1.367,16.967,1,1,1,1,1
2019-06-27T16,36.0,210.0,115.9,1.9,17.5,1,1,1,1,1
2019-06-27T17,50.25,250.0,108.975,1.725,14.175,1,1,1,1,1
2019-06-27T18,48.0,244.0,104.7,1.05,13.5,2,2,2,2,2
2019-06-27T19,41.75,215.5,97.55,5.35,15.15,1,1,1,1,1
2019-06-27T20,46.75,207.5,81.5,2.45,14.4,1,1,1,1,1
2019-06-27T21,64.0,222.25,76.175,2.15,16.475,1,1,1,1,1
2019-06-27T22,88.5,245.5,72.95,1.925,24.0,1,1,1,1,1
2019-06-27T23,81.0,250.0,76.75,1.8,23.1,1,1,1,1,1
2019-06-28T00,74.5,255.75,68.25,9.725,26.95,1,1,1,1,1
2019-06-28T01,61.75,254.75,55.9,25.45,24.575,1,1,1,1,1
2019-06-28T02,58.0,271.75,23.025,50.8,21.25,1,1,1,1,1
2019-06-28T03,35.5,300.75,20.225,69.275,19.425,1,1,1,1,1
2019-06-28T04,20.0,208.0,27.5,86.8,,1,1,1,1,0
2019-06-28T05,20.0,208.0,24.05,86.85,15.5,1,1,1,1,1
2019-06-28T06,70.667,139.667,24.0,118.667,17.4,1,1,1,1,1
2019-06-28T07,24.0,143.0,19.433,151.2,14.0,1,1,1,1,1
2019-06-28T08,17.0,128.0,15.6,125.733,13.733,1,1,1,1,1
2019-06-28T09,24.0,95.0,12.067,79.533,15.433,1,1,1,1,1
2019-06-28T10,38.0,267.0,12.65,75.25,14.067,1,1,1,1,1
2019-06-28T11,30.0,312.0,16.1,73.125,15.8,1,1,1,1,1
2019-06-28T12,33.0,262.0,28.25,65.75,15.675,1,1,1,1,1
2019-06-28T13,38.0,287.0,56.125,43.725,14.925,1,1,1,1,1
2019-06-28T14,34.0,288.0,99.45,7.45,15.875,1,1,1,1,1
2019-06-28T15,40.0,284.0,92.7,6.4,15.267,1,1,1,1,1
2019-06-28T16,53.0,323.0,43.275,33.0,16.6,1,1,1,1,1
2019-06-28T17,42.0,305.0,34.375,44.225,15.7,1,1,1,1,1
2019-06-28T18,41.0,280.0,42.15,35.45,12.4,2,2,2,2,2
2019-06-28T19,40.0,312.0,73.975,14.5,15.5,1,1,1,1,1
2019-06-28T20,66.0,431.0,61.5,20.45,17.3,1,1,1,1,1
2019-06-28T21,63.0,461.0,64.125,8.9,16.225,1,1,1,1,1
2019-06-28T22,59.0,401.0,75.95,2.2,18.067,1,1,1,1,1
2019-06-28T23,50.0,326.0,73.65,4.45,13.9,1,1,1,1,1
2019-06-29T00,30.0,197.0,65.575,8.55,11.7,1,1,1,1,1
2019-06-29T01,33.0,206.0,47.325,27.55,10.675,1,1,1,1,1
2019-06-29T02,33.0,195.0,36.975,43.325,11.55,1,1,1,1,1
2019-06-29T03,28.0,171.0,22.275,63.125,12.55,1,1,1,1,1
2019-06-29T04,29.0,206.0,18.75,70.0,14.1,1,1,1,1,1
2019-06-29T05,,262.0,16.6,80.6,14.7,0,1,1,1,1
2019-06-29T06,33.0,252.0,11.525,99.025,14.75,1,1,1,1,1
2019-06-29T07,34.0,259.0,11.967,96.767,12.633,1,1,1,1,1
2019-06-29T08,41.0,265.0,10.325,88.8,13.35,1,1,1,1,1
2019-06-29T09,37.25,257.0,10.925,83.875,12.75,1,1,1,1,1
2019-06-29T10,35.0,267.0,11.9,81.475,12.733,1,1,1,1,1
2019-06-29T11,36.0,259.0,14.15,76.925,16.175,1,1,1,1,1
2019-06-29T12,32.5,245.0,30.1,60.15,15.975,1,1,1,1,1
2019-06-29T13,33.0,246.0,65.2,31.2,15.45,1,1,1,1,1
2019-06-29T14,41.25,268.0,104.825,3.35,17.0,1,1,1,1,1
2019-06-29T15,50.667,271.0,109.025,2.225,18.15,1,1,1,1,1
2019-06-29T16,55.25,338.0,91.125,2.6,18.5,1,1,1,1,1
2019-06-29T17,54.25,318.0,92.75,2.225,14.6,1,1,1,1,1
2019-06-29T18,58.0,291.0,105.284,2.534,16.9,2,2,2,2,2
2019-06-29T19,57.0,283.0,90.225,8.1,21.567,1,1,1,1,1
2019-06-29T20,62.0,271.0,86.7,5.425,21.5,1,1,1,1,1
2019-06-29T21,69.0,266.0,75.475,3.175,21.525,1,1,1,1,1
2019-06-29T22,66.0,291.0,61.825,2.225,25.6,1,1,1,1,1
2019-06-29T23,64.0,285.0,64.375,1.475,15.65,1,1,1,1,1
2019-06-30T00,62.0,261.0,30.575,39.95,15.425,1,1,1,1,1
2019-06-30T01,51.0,692.0,31.3,61.675,8.0,1,1,1,1,1
2019-06-30T02,24.0,289.0,44.575,53.45,6.25,1,1,1,1,1
2019-06-30T03,23.0,177.0,34.7,71.95,7.25,1,1,1,1,1
2019-06-30T04,35.0,217.0,14.15,69.975,7.033,1,1,1,1,1
2019-06-30T05,28.0,278.0,13.25,71.6,8.25,1,1,1,1,1
2019-06-30T06,36.0,248.0,9.95,86.3,9.6,1,1,1,1,1
2019-06-30T07,44.0,255.0,9.475,89.85,8.075,1,1,1,1,1
2019-06-30T08,35.0,261.0,11.2,92.4,7.375,1,1,1,1,1
2019-06-30T09,51.0,550.0,21.825,97.45,7.25,1,1,1,1,1
2019-06-30T10,38.0,279.0,15.1,104.4,6.5,1,1,1,1,1
2019-06-30T11,33.0,211.0,22.667,99.633,14.633,1,1,1,1,1
2019-06-30T12,45.0,296.0,29.5,98.233,16.5,1,1,1,1,1
2019-06-30T13,45.0,282.0,38.725,76.4,18.1,1,1,1,1,1
2019-06-30T14,47.0,265.0,39.2,48.9,19.4,1,1,1,1,1
2019-06-30T15,51.0,368.0,34.1,49.5,21.8,1,1,1,1,1
2019-06-30T16,47.0,201.0,51.567,33.0,24.367,1,1,1,1,1
2019-06-30T21,29.25,130.0,54.975,15.7,19.2,1,1,1,1,1
2019-06-30T22,27.0,127.0,35.225,27.9,16.733,1,1,1,1,1
2019-07-01T04,33.0,160.0,35.567,103.3,11.25,1,1,1,1,1
2019-07-01T05,34.0,195.0,26.533,146.567,14.8,1,1,1,1,1
2019-07-01T06,42.0,212.0,17.65,171.45,19.75,1,1,1,1,1
2019-07-01T07,49.0,227.0,25.975,194.05,17.2,1,1,1,1,1
2019-07-01T22,40.0,320.0,19.7,70.4,17.7,1,1,1,1,1
2019-07-01T23,51.0,525.0,30.35,61.475,17.625,1,1,1,1,1
2019-07-02T00,41.0,418.0,52.275,44.175,15.35,1,1,1,1,1
2019-07-02T01,47.0,329.0,46.475,45.6,16.25,1,1,1,1,1
2019-07-02T02,46.0,312.0,30.025,66.0,18.675,1,1,1,1,1
2019-07-02T03,52.0,273.0,37.7,72.9,22.2,1,1,1,1,1
2019-07-02T04,51.0,280.0,35.8,115.5,26.1,1,1,1,1,1
2019-07-02T05,59.0,256.0,36.3,140.3,20.133,1,1,1,1,1
2019-07-02T06,64.0,280.0,38.95,146.95,17.65,1,1,1,1,1
2019-07-02T07,81.0,277.0,31.3,165.1,15.5,1,1,1,1,1
2019-07-02T10,64.0,239.0,21.0,143.6,10.6,1,1,1,1,1
2019-07-02T11,69.0,230.0,24.175,122.975,15.25,1,1,1,1,1
2019-07-02T12,64.0,201.0,51.4,92.933,15.8,1,1,1,1,1
2019-07-02T13,63.0,197.0,61.2,75.467,15.767,1,1,1,1,1
2019-07-02T14,57.0,200.0,77.9,41.35,15.65,1,1,1,1,1
2019-07-02T15,57.0,167.0,68.475,32.425,15.825,1,1,1,1,1
2019-07-02T16,56.25,169.0,50.5,33.0,16.233,1,1,1,1,1
2019-07-02T17,51.0,125.0,31.625,35.7,14.575,1,1,1,1,1
2019-07-02T18,51.0,134.0,37.45,29.8,14.017,2,2,2,2,2
2019-07-02T19,40.0,117.0,31.3,31.55,15.0,1,1,1,1,1
2019-07-02T20,45.0,125.0,,19.4,,1,1,0,1,0
2019-07-02T21,41.0,136.0,33.1,10.3,15.9,1,1,1,1,1
2019-07-02T22,41.0,146.0,22.2,16.2,,1,1,1,1,0
2019-07-02T23,35.0,130.0,29.8,12.325,15.05,1,1,1,1,1
2019-07-03T00,33.0,111.0,41.425,7.475,14.175,1,1,1,1,1
2019-07-03T01,51.0,146.0,48.5,13.45,14.175,1,1,1,1,1
2019-07-03T02,41.0,158.0,43.925,24.275,13.775,1,1,1,1,1
2019-07-03T03,36.25,123.0,36.75,35.0,14.875,1,1,1,1,1
2019-07-03T04,29.0,130.0,35.725,34.125,15.4,1,1,1,1,1
2019-07-03T05,26.333,105.0,32.567,49.6,12.733,1,1,1,1,1
2019-07-03T06,33.0,128.0,28.8,53.45,12.8,1,1,1,1,1
2019-07-03T07,19.5,77.0,21.95,63.725,11.25,1,1,1,1,1
2019-07-03T08,12.667,69.0,25.525,63.85,10.525,1,1,1,1,1
2019-07-03T09,11.75,59.0,14.325,58.1,8.975,1,1,1,1,1
2019-07-03T10,5.0,29.0,12.65,75.4,9.05,1,1,1,1,1
2019-07-03T11,16.0,47.0,33.25,77.65,14.85,1,1,1,1,1
2019-07-03T12,11.0,77.0,36.0,68.15,16.05,1,1,1,1,1
2019-07-03T13,12.0,78.0,76.933,39.033,16.5,1,1,1,1,1
2019-07-03T18,28.0,94.0,39.45,27.65,13.175,2,2,2,2,2
2019-07-03T19,27.0,105.5,51.025,14.2,13.5,1,1,1,1,1
2019-07-03T20,33.0,107.0,,5.9,,1,1,0,1,0
2019-07-03T21,27.5,105.0,35.75,18.2,16.15,1,1,1,1,1
2019-07-03T22,22.75,83.25,42.025,12.125,16.8,1,1,1,1,1
2019-07-03T23,32.25,100.75,39.025,14.475,17.225,1,1,1,1,1
2019-07-04T00,34.0,102.667,38.533,15.033,14.633,1,1,1,1,1
2019-07-04T01,29.25,94.5,41.075,12.5,14.325,1,1,1,1,1
2019-07-04T02,27.333,91.667,30.567,29.533,14.067,1,1,1,1,1
2019-07-04T03,30.75,93.25,29.35,42.575,14.7,1,1,1,1,1
2019-07-04T04,34.5,92.0,44.05,48.45,15.1,1,1,1,1,1
2019-07-04T05,28.0,93.5,32.55,59.05,15.975,1,1,1,1,1
2019-07-04T06,23.5,91.0,25.175,67.5,14.775,1,1,1,1,1
2019-07-04T07,30.5,115.5,30.1,29.525,15.0,1,1,1,1,1
2019-07-04T08,38.0,144.0,26.9,29.25,17.5,1,1,1,1,1
2019-07-04T09,17.0,64.0,29.9,23.95,15.45,1,1,1,1,1
2019-07-04T10,17.333,50.667,31.867,23.567,12.5,1,1,1,1,1
2019-07-04T11,16.5,47.0,53.075,12.95,13.1,1,1,1,1,1
2019-07-04T12,21.75,44.0,83.675,1.9,14.975,1,1,1,1,1
2019-07-04T13,33.0,62.0,83.033,,16.5,1,1,1,0,1
2019-07-04T14,32.0,91.0,83.633,,17.933,1,1,1,0,1
2019-07-04T15,48.0,112.333,78.933,,19.667,1,1,1,0,1
2019-07-04T16,58.5,110.5,65.525,34.125,18.867,1,1,1,1,1
2019-07-04T17,72.25,140.0,89.45,49.225,12.525,1,1,1,1,1
2019-07-04T18,52.334,119.334,89.184,17.616,10.25,2,2,2,2,2
2019-07-04T19,34.0,77.333,39.1,17.4,9.033,1,1,1,1,1
2019-07-04T20,26.5,44.75,20.6,18.45,6.7,1,1,1,1,1
2019-07-04T21,38.0,43.25,49.15,7.175,7.375,1,1,1,1,1
2019-07-04T22,56.667,99.0,47.767,1.267,8.15,1,1,1,1,1
2019-07-04T23,68.0,127.5,35.55,1.0,12.6,1,1,1,1,1
2019-07-05T00,62.0,135.0,34.3,0.3,12.15,1,1,1,1,1
2019-07-05T01,55.75,125.75,35.35,1.3,12.225,1,1,1,1,1
2019-07-05T02,64.0,149.0,57.5,2.0,11.95,1,1,1,1,1
2019-07-05T03,51.5,137.0,86.05,9.8,11.8,1,1,1,1,1
2019-07-05T04,42.0,116.0,60.75,19.15,11.6,1,1,1,1,1
2019-07-05T05,41.5,94.75,62.025,24.875,14.075,1,1,1,1,1
2019-07-05T06,42.0,95.5,78.975,4.7,14.25,1,1,1,1,1
2019-07-05T07,39.25,85.25,58.125,7.625,15.875,1,1,1,1,1
2019-07-05T08,16.0,43.75,60.575,9.5,16.325,1,1,1,1,1
2019-07-05T09,25.0,52.0,56.0,7.2,15.7,1,1,1,1,1
2019-07-05T10,34.25,77.5,48.575,11.95,14.967,1,1,1,1,1
2019-07-05T11,23.0,67.0,55.667,19.733,11.533,1,1,1,1,1
2019-07-05T12,19.0,56.0,79.6,17.467,9.033,1,1,1,1,1
2019-07-05T13,7.0,59.0,52.8,16.05,10.6,1,1,1,1,1
2019-07-05T14,18.0,56.0,57.75,10.6,11.0,1,1,1,1,1
2019-07-05T15,27.75,73.75,63.25,6.125,11.825,1,1,1,1,1
2019-07-05T16,34.5,75.25,52.05,7.375,14.2,1,1,1,1,1
2019-07-05T17,26.5,60.0,51.325,7.775,14.95,1,1,1,1,1
2019-07-05T18,15.334,47.834,48.584,10.1,14.9,2,2,2,2,2
2019-07-05T19,12.333,44.333,42.233,15.35,14.5,1,1,1,1,1
2019-07-05T20,13.0,39.0,,7.5,,1,1,0,1,0
2019-07-05T21,13.0,36.0,50.325,5.1,13.85,1,1,1,1,1
2019-07-05T22,13.0,39.0,51.2,4.2,14.1,1,1,1,1,1
2019-07-05T23,23.667,53.0,47.533,3.667,14.1,1,1,1,1,1
2019-07-06T00,35.0,79.0,47.467,3.733,15.6,1,1,1,1,1
2019-07-06T01,53.667,118.0,41.267,5.667,15.433,1,1,1,1,1
2019-07-06T02,73.0,149.667,45.633,14.567,13.4,1,1,1,1,1
2019-07-06T03,38.333,85.0,33.767,28.5,13.433,1,1,1,1,1
2019-07-06T04,33.0,53.0,30.067,41.2,12.267,1,1,1,1,1
2019-07-06T05,55.667,67.0,35.167,73.233,13.567,1,1,1,1,1
2019-07-06T06,67.25,72.75,36.475,72.825,13.95,1,1,1,1,1
2019-07-06T07,41.5,66.25,32.35,76.375,14.825,1,1,1,1,1
2019-07-06T08,31.25,70.25,40.925,67.5,17.5,1,1,1,1,1
2019-07-06T09,28.667,78.333,42.633,67.3,14.8,1,1,1,1,1
2019-07-06T10,40.0,75.0,44.95,56.4,14.15,1,1,1,1,1
2019-07-06T11,31.25,61.75,51.475,47.975,12.0,1,1,1,1,1
2019-07-06T12,17.0,64.0,70.25,29.55,11.65,1,1,1,1,1
2019-07-06T13,21.0,73.333,62.167,23.9,12.4,1,1,1,1,1
2019-07-06T14,16.75,70.75,60.775,16.65,12.2,1,1,1,1,1
2019-07-06T15,16.25,61.25,60.9,13.55,13.35,1,1,1,1,1
2019-07-06T16,17.75,64.5,61.125,11.725,13.833,1,1,1,1,1
2019-07-06T17,18.0,63.333,51.467,18.933,14.9,1,1,1,1,1
2019-07-06T18,14.0,48.166,47.35,23.55,14.534,2,2,2,2,2
2019-07-06T19,14.0,52.667,40.667,22.9,12.933,1,1,1,1,1
2019-07-06T20,11.0,40.0,29.8,24.35,13.4,1,1,1,1,1
2019-07-06T21,10.667,38.667,33.833,17.733,11.967,1,1,1,1,1
2019-07-06T22,16.667,37.333,43.9,9.533,12.8,1,1,1,1,1
2019-07-06T23,18.0,40.0,46.433,6.167,12.967,1,1,1,1,1
2019-07-07T00,20.5,54.25,45.8,5.625,14.45,1,1,1,1,1
2019-07-07T01,21.0,65.25,44.375,10.175,15.1,1,1,1,1,1
2019-07-07T02,17.75,67.5,36.875,21.075,14.625,1,1,1,1,1
2019-07-07T03,26.5,73.5,35.75,41.1,13.825,1,1,1,1,1
2019-07-07T04,55.0,105.0,44.3,57.033,12.2,1,1,1,1,1
2019-07-07T05,63.75,103.5,28.1,90.025,14.925,1,1,1,1,1
2019-07-07T06,31.667,80.0,19.867,107.933,16.667,1,1,1,1,1
2019-07-07T07,26.0,77.75,23.1,96.875,17.4,1,1,1,1,1
2019-07-07T08,33.0,89.75,31.6,63.675,18.675,1,1,1,1,1
2019-07-07T09,29.333,75.0,23.733,97.467,16.667,1,1,1,1,1
2019-07-07T10,34.25,78.75,19.525,119.45,16.867,1,1,1,1,1
2019-07-07T11,36.0,86.667,31.6,103.767,13.933,1,1,1,1,1
2019-07-07T12,35.75,91.25,29.375,66.367,12.325,1,1,1,1,1
2019-07-07T13,29.333,93.667,44.967,53.867,12.3,1,1,1,1,1
2019-07-07T14,31.667,100.667,67.967,32.633,12.8,1,1,1,1,1
2019-07-07T15,36.667,93.667,79.3,24.733,13.767,1,1,1,1,1
2019-07-07T16,42.0,98.333,97.733,9.633,15.05,1,1,1,1,1
2019-07-07T17,46.0,128.0,112.225,2.2,15.325,1,1,1,1,1
2019-07-07T18,46.5,158.75,98.075,2.85,16.625,2,2,2,2,2
2019-07-07T19,42.333,159.667,62.033,5.9,16.167,1,1,1,1,1
2019-07-07T20,30.333,170.0,43.7,8.9,13.8,1,1,1,1,1
2019-07-07T21,25.5,151.5,28.7,13.8,13.0,1,1,1,1,1
2019-07-07T22,24.25,139.75,36.175,10.075,13.533,1,1,1,1,1
2019-07-07T23,27.5,124.5,46.35,5.2,13.25,1,1,1,1,1
2019-07-08T00,24.75,122.5,49.25,4.9,14.95,1,1,1,1,1
2019-07-08T01,28.0,131.0,36.5,20.2,15.8,1,1,1,1,1
2019-07-08T02,33.5,140.5,58.45,24.0,15.65,1,1,1,1,1
2019-07-08T03,49.0,172.0,54.2,33.35,16.025,1,1,1,1,1
2019-07-08T04,55.0,163.0,51.65,47.6,14.45,1,1,1,1,1
2019-07-08T05,51.0,152.0,38.25,59.5,16.3,1,1,1,1,1
2019-07-08T06,48.667,151.667,36.367,72.9,16.8,1,1,1,1,1
2019-07-08T07,45.333,159.333,25.867,95.767,17.7,1,1,1,1,1
2019-07-08T08,52.0,172.0,29.5,89.833,20.2,1,1,1,1,1
2019-07-08T09,25.0,109.667,24.367,135.633,16.833,1,1,1,1,1
2019-07-08T10,41.0,155.5,63.75,80.775,16.1,1,1,1,1,1
2019-07-08T11,36.25,147.75,69.675,50.725,15.625,1,1,1,1,1
2019-07-08T12,22.0,102.0,102.367,23.967,14.367,1,1,1,1,1
2019-07-08T13,29.75,121.0,74.425,36.8,14.225,1,1,1,1,1
2019-07-08T14,35.0,121.0,87.667,25.867,14.133,1,1,1,1,1
2019-07-08T15,41.5,145.5,83.45,13.95,14.625,1,1,1,1,1
2019-07-08T16,52.25,151.75,70.125,15.25,15.667,1,1,1,1,1
2019-07-08T17,34.333,117.667,53.767,16.567,14.8,1,1,1,1,1
2019-07-08T18,33.5,112.75,46.0,14.125,12.4,2,2,2,2,2
2019-07-08T19,37.0,116.0,45.1,16.2,11.867,1,1,1,1,1
2019-07-08T20,38.5,109.75,46.8,8.75,10.8,1,1,1,1,1
2019-07-08T21,21.5,107.5,41.45,9.55,11.1,1,1,1,1,1
2019-07-08T22,15.333,103.333,41.1,12.6,11.6,1,1,1,1,1
2019-07-08T23,22.0,86.0,47.967,14.0,12.433,1,1,1,1,1
2019-07-09T00,20.25,82.5,45.3,16.425,13.925,1,1,1,1,1
2019-07-09T01,24.0,81.0,42.3,16.8,14.6,1,1,1,1,1
2019-07-09T02,32.25,103.5,48.025,19.275,12.45,1,1,1,1,1
2019-07-09T03,30.333,118.333,44.767,25.467,12.6,1,1,1,1,1
2019-07-09T04,32.25,131.5,35.775,31.175,12.567,1,1,1,1,1
2019-07-09T05,36.75,145.0,34.6,37.275,12.85,1,1,1,1,1
2019-07-09T06,39.0,145.0,31.225,32.625,14.9,1,1,1,1,1
2019-07-09T07,41.0,151.0,24.3,31.967,13.9,1,1,1,1,1
2019-07-09T08,39.0,153.0,24.15,29.975,13.65,1,1,1,1,1
2019-07-09T09,31.0,136.0,25.2,35.7,13.35,1,1,1,1,1
2019-07-09T10,39.0,125.0,39.85,70.625,13.533,1,1,1,1,1
2019-07-09T11,24.0,110.0,53.733,53.1,12.0,1,1,1,1,1
2019-07-09T12,20.0,106.0,80.925,59.175,13.175,1,1,1,1,1
2019-07-09T13,33.0,134.0,81.8,10.067,13.3,1,1,1,1,1
2019-07-09T14,30.0,144.0,79.833,8.6,14.667,1,1,1,1,1
2019-07-09T15,33.0,146.0,83.0,5.967,15.367,1,1,1,1,1
2019-07-09T16,,119.0,67.775,12.3,15.867,0,1,1,1,1
2019-07-09T17,,105.0,51.167,12.433,15.067,0,1,1,1,1
2019-07-09T18,,81.0,52.175,10.8,16.025,0,2,2,2,2
2019-07-09T19,,99.0,39.15,17.65,16.2,0,1,1,1,1
2019-07-09T20,,91.0,32.7,15.433,14.5,0,1,1,1,1
2019-07-09T21,,77.0,32.675,14.7,12.225,0,1,1,1,1
2019-07-09T22,,72.0,32.067,11.7,12.3,0,1,1,1,1
2019-07-09T23,,94.0,36.3,1.95,17.8,0,1,1,1,1
2019-07-10T00,,92.0,37.625,4.1,16.225,0,1,1,1,1
2019-07-10T01,,113.0,35.7,3.875,17.1,0,1,1,1,1
2019-07-10T02,,130.0,37.7,6.267,17.133,0,1,1,1,1
2019-07-10T03,,141.0,31.233,10.833,17.7,0,1,1,1,1
2019-07-10T04,,151.0,31.95,30.7,17.6,0,1,1,1,1
2019-07-10T05,31.0,186.0,24.733,36.4,15.4,1,1,1,1,1
2019-07-10T06,41.0,282.0,15.3,39.533,14.7,1,1,1,1,1
2019-07-10T07,57.0,411.0,13.75,45.15,14.65,1,1,1,1,1
2019-07-10T08,63.0,466.0,15.625,41.75,15.775,1,1,1,1,1
2019-07-10T09,83.0,653.0,14.867,45.433,15.467,1,1,1,1,1
2019-07-10T10,75.0,574.0,14.8,48.2,15.6,1,1,1,1,1
2019-07-10T11,72.0,525.0,,48.533,13.425,1,1,0,1,1
2019-07-10T12,,,,29.8,12.3,0,0,0,1,1
2019-07-10T13,106.0,600.0,66.525,20.675,14.95,1,1,1,1,1
2019-07-10T14,75.0,544.0,89.45,6.55,14.425,1,1,1,1,1
2019-07-10T15,69.0,445.0,92.975,2.8,15.65,1,1,1,1,1
2019-07-10T16,81.0,465.0,85.85,3.05,15.85,1,1,1,1,1
2019-07-10T17,74.0,373.0,84.275,4.025,13.775,1,1,1,1,1
2019-07-10T18,73.0,354.0,84.25,6.017,14.017,2,2,2,2,2
2019-07-10T19,68.0,368.0,70.075,4.9,13.875,1,1,1,1,1
2019-07-10T20,50.0,268.0,,8.567,,1,1,0,1,0
2019-07-10T21,41.0,184.0,41.35,10.65,10.5,1,1,1,1,1
2019-07-10T22,33.0,173.0,34.1,13.0,9.8,1,1,1,1,1
2019-07-10T23,31.0,174.0,32.6,13.0,14.7,1,1,1,1,1
2019-07-11T00,33.0,217.0,32.35,9.8,14.6,1,1,1,1,1
2019-07-11T01,29.0,210.0,38.05,7.375,14.425,1,1,1,1,1
2019-07-11T02,38.0,256.0,30.525,11.6,14.75,1,1,1,1,1
2019-07-11T03,41.0,322.0,24.875,17.875,14.375,1,1,1,1,1
2019-07-11T04,47.0,431.0,16.35,25.875,13.967,1,1,1,1,1
2019-07-11T05,57.0,586.0,14.65,35.875,13.675,1,1,1,1,1
2019-07-11T06,58.0,552.0,15.65,42.725,12.95,1,1,1,1,1
2019-07-11T07,64.0,545.0,14.3,49.175,12.95,1,1,1,1,1
2019-07-11T08,70.0,561.0,16.5,52.9,13.95,1,1,1,1,1
2019-07-11T09,64.0,585.0,14.3,57.6,13.7,1,1,1,1,1
2019-07-11T10,69.0,615.0,16.225,56.65,13.733,1,1,1,1,1
2019-07-11T11,66.0,576.0,30.0,48.7,13.725,1,1,1,1,1
2019-07-11T12,61.0,532.0,68.725,24.225,14.775,1,1,1,1,1
2019-07-11T13,86.0,539.0,70.1,15.867,15.267,1,1,1,1,1
2019-07-11T14,64.0,346.0,67.45,9.675,15.95,1,1,1,1,1
2019-07-11T15,62.0,318.0,61.1,8.575,15.275,1,1,1,1,1
2019-07-11T16,56.0,232.0,54.5,6.85,15.733,1,1,1,1,1
2019-07-11T17,51.0,197.0,41.425,7.45,14.0,1,1,1,1,1
2019-07-11T18,50.0,183.0,39.666,3.817,13.45,2,2,2,2,2
2019-07-11T19,47.0,167.0,36.15,14.8,13.25,1,1,1,1,1
2019-07-11T20,48.0,166.0,34.7,3.775,13.7,1,1,1,1,1
2019-07-11T21,52.0,183.0,30.7,2.8,13.6,1,1,1,1,1
2019-07-11T22,40.0,152.0,28.125,,14.5,1,1,1,0,1
2019-07-11T23,25.0,166.0,29.475,,12.425,1,1,1,0,1
2019-07-12T00,28.0,189.0,27.65,1.933,11.6,1,1,1,1,1
2019-07-12T01,28.0,261.0,25.85,3.275,10.775,1,1,1,1,1
2019-07-12T02,33.0,288.0,21.375,3.95,12.65,1,1,1,1,1
2019-07-12T03,38.0,374.0,16.5,7.375,11.3,1,1,1,1,1
2019-07-12T04,48.0,460.0,49.4,10.725,12.133,1,1,1,1,1
2019-07-12T05,67.0,577.0,79.275,15.075,14.6,1,1,1,1,1
2019-07-12T06,62.0,599.0,14.175,22.275,15.45,1,1,1,1,1
2019-07-12T07,67.0,632.0,14.775,28.725,15.7,1,1,1,1,1
2019-07-12T08,74.0,671.0,14.975,31.525,15.125,1,1,1,1,1
2019-07-12T09,67.0,625.0,14.775,34.8,15.425,1,1,1,1,1
2019-07-12T10,56.0,520.0,17.25,39.575,14.6,1,1,1,1,1
2019-07-12T11,47.0,453.0,25.5,35.575,15.425,1,1,1,1,1
2019-07-12T12,51.0,422.0,48.7,22.65,16.375,1,1,1,1,1
2019-07-12T13,42.0,406.0,73.35,9.55,14.95,1,1,1,1,1
2019-07-12T14,34.0,296.0,89.9,4.625,16.875,1,1,1,1,1
2019-07-12T15,41.0,290.0,76.225,6.025,17.175,1,1,1,1,1
2019-07-12T16,80.0,504.0,60.475,3.85,17.233,1,1,1,1,1
2019-07-12T17,73.0,499.0,56.6,2.333,14.0,1,1,1,1,1
2019-07-12T18,67.0,495.0,55.784,,13.534,2,2,2,0,2
2019-07-12T19,75.0,482.0,47.65,7.2,14.45,1,1,1,1,1
2019-07-12T20,64.0,332.0,38.5,0.85,13.4,1,1,1,1,1
2019-07-12T21,23.0,147.0,98.325,6.85,10.75,1,1,1,1,1
2019-07-12T22,24.0,124.0,19.35,13.85,10.55,1,1,1,1,1
2019-07-12T23,20.0,146.0,21.7,14.325,11.875,1,1,1,1,1
2019-07-13T00,23.0,158.0,27.2,12.975,12.95,1,1,1,1,1
2019-07-13T01,20.0,179.0,25.575,14.125,13.525,1,1,1,1,1
2019-07-13T02,25.0,207.0,22.5,15.125,14.1,1,1,1,1,1
2019-07-13T03,28.0,282.0,13.875,17.65,12.3,1,1,1,1,1
2019-07-13T04,46.0,467.0,10.975,21.4,12.6,1,1,1,1,1
2019-07-13T05,72.0,665.0,10.925,25.9,11.825,1,1,1,1,1
2019-07-13T06,63.0,500.0,11.9,31.8,12.65,1,1,1,1,1
2019-07-13T07,57.0,414.0,15.675,37.0,13.575,1,1,1,1,1
2019-07-13T08,55.0,433.0,19.6,40.025,14.0,1,1,1,1,1
2019-07-13T09,48.0,346.0,20.55,40.675,14.775,1,1,1,1,1
2019-07-13T10,48.0,331.0,25.6,40.425,13.4,1,1,1,1,1
2019-07-13T11,36.0,313.0,32.15,36.85,11.8,1,1,1,1,1
2019-07-13T12,36.0,273.0,38.425,30.4,11.475,1,1,1,1,1
2019-07-13T13,30.0,251.0,64.425,11.125,12.075,1,1,1,1,1
2019-07-13T14,39.0,279.0,66.775,13.4,12.075,1,1,1,1,1
2019-07-13T15,59.0,348.0,54.475,8.375,13.9,1,1,1,1,1
2019-07-13T16,52.0,254.0,58.275,9.05,13.233,1,1,1,1,1
2019-07-13T17,52.0,298.0,67.65,9.475,14.175,1,1,1,1,1
2019-07-13T18,50.0,302.0,82.816,4.716,15.55,2,2,2,2,2
2019-07-13T19,46.0,280.0,69.9,11.85,15.275,1,1,1,1,1
2019-07-13T20,45.0,282.0,51.9,9.867,14.4,1,1,1,1,1
2019-07-13T21,41.0,267.0,44.525,9.775,13.075,1,1,1,1,1
2019-07-13T22,39.0,224.0,41.625,4.925,14.033,1,1,1,1,1
2019-07-13T23,30.0,171.0,28.7,7.8,14.4,1,1,1,1,1
2019-07-14T00,22.0,186.0,27.125,7.975,13.95,1,1,1,1,1
2019-07-14T01,27.0,219.0,27.7,9.35,15.25,1,1,1,1,1
2019-07-14T02,36.0,296.0,14.975,16.6,15.7,1,1,1,1,1
2019-07-14T03,41.0,395.0,10.4,20.8,16.6,1,1,1,1,1
2019-07-14T04,46.0,411.0,10.85,26.9,14.5,1,1,1,1,1
2019-07-14T05,53.0,411.0,12.1,33.1,11.25,1,1,1,1,1
2019-07-14T06,46.0,372.0,13.55,38.1,10.45,1,1,1,1,1
2019-07-14T07,46.0,370.0,8.65,40.6,10.75,1,1,1,1,1
2019-07-14T08,57.0,449.0,15.9,61.35,10.55,1,1,1,1,1
2019-07-14T09,57.0,459.0,11.45,56.875,12.725,1,1,1,1,1
2019-07-14T10,55.5,471.0,19.3,61.725,12.6,1,1,1,1,1
2019-07-14T11,51.0,383.0,36.6,59.5,12.3,1,1,1,1,1
2019-07-14T12,61.75,392.0,48.175,35.325,12.775,1,1,1,1,1
2019-07-14T13,60.75,422.0,50.225,23.025,13.225,1,1,1,1,1
2019-07-14T14,52.25,361.0,61.075,12.025,13.35,1,1,1,1,1
2019-07-14T15,52.5,356.0,58.4,15.525,14.2,1,1,1,1,1
2019-07-14T16,42.0,215.0,66.75,17.45,14.65,1,1,1,1,1
2019-07-14T17,34.0,141.0,36.55,31.35,15.0,1,1,1,1,1
2019-07-14T18,30.0,116.0,28.95,73.284,17.383,2,2,2,2,2
2019-07-14T19,20.0,75.0,24.975,85.45,15.25,1,1,1,1,1
2019-07-14T20,23.0,83.0,,55.7,,1,1,0,1,0
2019-07-14T21,9.0,83.0,27.45,26.65,14.85,1,1,1,1,1
2019-07-14T22,7.0,70.0,23.875,25.425,14.4,1,1,1,1,1
2019-07-14T23,12.0,64.0,25.6,21.175,13.525,1,1,1,1,1
2019-07-15T00,12.0,56.0,25.15,20.45,13.85,1,1,1,1,1
2019-07-15T01,19.0,79.0,35.7,18.375,15.925,1,1,1,1,1
2019-07-15T02,17.0,85.0,48.3,14.95,17.85,1,1,1,1,1
2019-07-15T03,22.0,94.0,50.525,25.125,15.15,1,1,1,1,1
2019-07-15T04,20.0,127.0,40.85,25.8,15.8,1,1,1,1,1
2019-07-15T05,28.0,188.0,31.3,36.9,13.1,1,1,1,1,1
2019-07-15T06,36.0,311.0,31.525,39.425,12.45,1,1,1,1,1
2019-07-15T07,55.0,449.0,45.125,37.325,13.2,1,1,1,1,1
2019-07-15T08,50.0,393.0,48.25,35.5,13.6,1,1,1,1,1
2019-07-15T09,49.667,334.0,36.05,29.15,14.175,1,1,1,1,1
2019-07-15T10,53.0,658.0,16.1,39.1,15.3,1,1,1,1,1
2019-07-15T12,16.0,57.0,97.633,2.567,14.867,1,1,1,1,1
2019-07-15T13,22.0,69.0,91.95,1.75,17.55,1,1,1,1,1
2019-07-15T14,27.0,108.0,81.05,4.25,18.5,1,1,1,1,1
2019-07-15T15,40.25,104.0,69.45,36.95,17.775,1,1,1,1,1
2019-07-15T16,29.0,92.0,75.55,4.3,17.35,1,1,1,1,1
2019-07-15T17,36.0,111.0,73.8,4.4,11.5,1,1,1,1,1
2019-07-15T18,34.0,111.0,58.45,8.55,7.85,2,2,2,2,2
2019-07-15T19,24.0,73.0,50.8,,7.2,1,1,1,0,1
2019-07-15T20,17.5,68.25,41.3,11.525,4.6,1,1,1,1,1
2019-07-15T21,18.75,63.75,32.875,13.225,6.6,1,1,1,1,1
2019-07-15T22,19.5,59.5,26.0,86.475,7.333,1,1,1,1,1
2019-07-15T23,23.75,66.75,25.35,22.475,12.775,1,1,1,1,1
2019-07-16T00,24.25,68.0,36.975,14.9,13.2,1,1,1,1,1
2019-07-16T01,28.0,74.0,40.775,19.625,11.225,1,1,1,1,1
2019-07-16T02,28.0,74.0,43.85,19.05,12.65,1,1,1,1,1
2019-07-16T03,16.0,67.0,35.733,34.933,11.7,1,1,1,1,1
2019-07-16T04,22.75,87.5,50.7,31.85,12.167,1,1,1,1,1
2019-07-16T05,20.0,92.25,39.9,44.4,12.05,1,1,1,1,1
2019-07-16T06,16.75,85.5,43.125,46.425,13.225,1,1,1,1,1
2019-07-16T07,25.0,90.0,40.3,55.15,12.8,1,1,1,1,1
2019-07-16T08,34.25,114.5,43.65,47.5,14.35,1,1,1,1,1
2019-07-16T09,38.0,123.0,50.85,37.867,14.767,1,1,1,1,1
2019-07-16T10,32.75,102.25,36.925,42.4,15.367,1,1,1,1,1
2019-07-16T11,15.75,72.75,38.075,38.6,15.05,1,1,1,1,1
2019-07-16T12,12.0,81.0,51.45,24.65,15.05,1,1,1,1,1
2019-07-16T13,15.0,87.25,61.85,9.675,16.4,1,1,1,1,1
2019-07-16T14,19.5,98.75,68.35,5.575,16.7,1,1,1,1,1
2019-07-16T15,24.0,113.0,75.0,2.5,16.6,1,1,1,1,1
2019-07-16T16,29.0,108.0,74.075,2.25,17.1,1,1,1,1,1
2019-07-16T17,28.0,117.5,60.5,3.3,16.675,1,1,1,1,1
2019-07-16T18,24.666,97.0,52.8,14.384,17.166,2,2,2,2,2
2019-07-16T19,25.0,84.25,52.4,95.9,16.575,1,1,1,1,1
2019-07-16T20,31.0,106.0,,178.15,,1,1,0,1,0
2019-07-16T21,36.0,91.0,36.15,165.4,14.1,1,1,1,1,1
2019-07-16T22,45.0,70.75,32.025,42.025,15.133,1,1,1,1,1
2019-07-16T23,72.5,56.25,42.125,4.2,12.375,1,1,1,1,1
2019-07-17T00,182.0,51.0,37.8,5.967,11.933,1,1,1,1,1
2019-07-17T01,18.0,35.5,22.25,21.85,11.275,1,1,1,1,1
2019-07-17T02,5.75,16.5,39.1,19.025,10.875,1,1,1,1,1
2019-07-17T03,4.5,19.25,35.975,23.3,10.425,1,1,1,1,1
2019-07-17T04,4.5,25.75,43.35,20.95,9.5,1,1,1,1,1
2019-07-17T05,9.0,34.0,39.05,23.2,14.1,1,1,1,1,1
2019-07-17T06,6.0,36.0,29.3,34.7,14.5,1,1,1,1,1
2019-07-17T07,3.0,39.0,39.1,36.7,14.2,1,1,1,1,1
2019-07-17T08,6.0,46.0,37.6,49.25,15.25,1,1,1,1,1
2019-07-17T09,21.75,61.75,31.025,102.05,13.6,1,1,1,1,1
2019-07-17T10,27.0,70.0,21.033,98.667,12.933,1,1,1,1,1
2019-07-17T11,22.75,80.0,36.1,107.0,12.6,1,1,1,1,1
2019-07-17T12,34.0,95.0,32.85,74.5,11.85,1,1,1,1,1
2019-07-17T13,17.75,80.0,54.075,37.075,12.3,1,1,1,1,1
2019-07-17T14,14.0,77.0,87.9,13.95,12.5,1,1,1,1,1
2019-07-17T15,24.5,108.5,97.875,3.6,13.75,1,1,1,1,1
2019-07-17T16,27.25,115.0,102.85,4.675,14.067,1,1,1,1,1
2019-07-17T17,52.0,175.75,100.875,13.675,11.6,1,1,1,1,1
2019-07-17T18,85.0,224.666,85.85,7.833,9.65,2,2,2,2,2
2019-07-17T19,69.25,171.5,65.625,34.35,10.9,1,1,1,1,1
2019-07-17T20,58.5,108.75,25.4,25.75,9.6,1,1,1,1,1
2019-07-17T21,25.25,58.0,20.8,28.625,9.875,1,1,1,1,1
2019-07-17T22,2.0,25.0,28.45,26.8,9.75,1,1,1,1,1
2019-07-17T23,3.5,30.25,54.575,12.225,14.3,1,1,1,1,1
2019-07-18T00,8.0,28.0,52.325,11.625,15.875,1,1,1,1,1
2019-07-18T01,8.75,28.5,56.225,13.525,14.35,1,1,1,1,1
2019-07-18T02,11.25,30.0,64.975,10.85,13.525,1,1,1,1,1
2019-07-18T03,13.25,30.25,61.375,10.2,12.975,1,1,1,1,1
2019-07-18T04,17.0,30.5,57.525,14.95,11.933,1,1,1,1,1
2019-07-18T05,17.0,29.0,43.35,23.9,9.85,1,1,1,1,1
2019-07-18T06,9.0,20.0,24.6,45.7,9.45,1,1,1,1,1
2019-07-18T07,8.0,39.0,,,,1,1,0,0,0
2019-07-18T08,10.5,45.25,80.975,38.35,9.6,1,1,1,1,1
2019-07-18T09,21.75,68.25,68.725,65.95,10.3,1,1,1,1,1
2019-07-18T10,33.0,81.75,69.375,71.575,9.1,1,1,1,1,1
2019-07-18T11,28.75,79.0,57.575,68.9,10.85,1,1,1,1,1
2019-07-18T12,15.0,64.75,77.6,43.775,11.275,1,1,1,1,1
2019-07-18T13,12.0,67.0,117.75,11.2,11.95,1,1,1,1,1
2019-07-18T14,17.0,108.0,101.75,4.7,13.4,1,1,1,1,1
2019-07-18T15,26.25,111.75,92.325,3.225,16.525,1,1,1,1,1
2019-07-18T16,34.25,143.0,100.75,2.175,19.3,1,1,1,1,1
2019-07-18T17,29.0,140.0,93.5,3.35,14.35,1,1,1,1,1
2019-07-18T18,39.166,177.166,88.3,1.817,12.017,2,2,2,2,2
2019-07-18T19,35.0,153.0,75.7,,10.45,1,1,1,0,1
2019-07-18T20,35.0,134.75,62.4,2.95,9.8,1,1,1,1,1
2019-07-18T21,35.0,134.0,54.1,2.6,10.2,1,1,1,1,1
2019-07-18T22,31.5,103.75,50.5,2.7,12.267,1,1,1,1,1
2019-07-18T23,33.0,100.0,48.0,3.9,14.9,1,1,1,1,1
2019-07-19T00,53.75,145.25,73.25,4.375,15.225,1,1,1,1,1
2019-07-19T01,98.0,211.5,84.775,11.775,13.975,1,1,1,1,1
2019-07-19T02,105.0,224.0,77.325,22.925,11.45,1,1,1,1,1
2019-07-19T03,99.0,212.0,53.3,38.45,9.8,1,1,1,1,1
2019-07-19T04,47.75,117.0,46.925,56.075,10.367,1,1,1,1,1
2019-07-19T05,51.75,110.75,31.625,82.675,13.65,1,1,1,1,1
2019-07-19T06,36.0,99.25,27.9,81.55,14.05,1,1,1,1,1
2019-07-19T07,28.75,96.75,28.775,107.35,14.225,1,1,1,1,1
2019-07-19T08,35.25,164.75,21.825,135.225,14.7,1,1,1,1,1
2019-07-19T09,40.25,291.0,35.875,173.025,14.5,1,1,1,1,1
2019-07-19T10,44.75,135.75,38.0,171.75,14.567,1,1,1,1,1
2019-07-19T11,48.0,154.5,40.55,168.775,13.275,1,1,1,1,1
2019-07-19T12,51.0,177.0,57.667,124.367,13.933,1,1,1,1,1
2019-07-19T13,57.5,182.25,68.8,158.125,12.75,1,1,1,1,1
2019-07-19T14,77.0,189.75,94.125,57.225,13.375,1,1,1,1,1
2019-07-19T15,65.25,176.0,115.25,67.55,14.275,1,1,1,1,1
2019-07-19T16,54.5,172.5,84.125,8.5,14.0,1,1,1,1,1
2019-07-19T17,46.5,144.5,65.9,,12.4,1,1,1,0,1
2019-07-19T18,45.166,145.834,54.416,,13.317,2,2,2,0,2
2019-07-19T19,47.0,149.5,52.775,5.65,11.275,1,1,1,1,1
2019-07-19T20,50.5,160.25,51.8,,13.0,1,1,1,0,1
2019-07-19T21,48.75,148.75,45.95,,11.875,1,1,1,0,1
2019-07-19T22,39.0,129.75,44.35,,11.567,1,1,1,0,1
2019-07-19T23,39.0,106.75,42.95,,12.85,1,1,1,0,1
2019-07-20T00,41.25,123.0,38.75,,13.025,1,1,1,0,1
2019-07-20T01,47.75,128.0,39.7,,14.075,1,1,1,0,1
2019-07-20T02,47.25,127.5,43.575,5.733,14.65,1,1,1,1,1
2019-07-20T03,44.667,131.0,35.267,15.7,11.2,1,1,1,1,1
2019-07-20T04,38.0,123.0,26.633,31.833,11.3,1,1,1,1,1
2019-07-20T05,31.0,100.0,22.625,50.725,11.35,1,1,1,1,1
2019-07-20T06,24.5,99.75,47.175,57.475,12.175,1,1,1,1,1
2019-07-20T07,20.0,88.25,153.15,37.225,12.1,1,1,1,1,1
2019-07-20T08,12.5,50.75,59.2,25.575,13.325,1,1,1,1,1
2019-07-20T09,17.0,35.0,67.833,19.3,14.667,1,1,1,1,1
2019-07-20T10,23.25,71.75,87.025,13.5,14.4,1,1,1,1,1
2019-07-20T11,29.25,84.0,60.725,18.75,14.85,1,1,1,1,1
2019-07-20T12,18.5,69.0,89.075,6.25,15.45,1,1,1,1,1
2019-07-20T13,22.5,75.25,99.225,2.575,16.4,1,1,1,1,1
2019-07-20T14,32.5,101.0,112.3,3.325,16.375,1,1,1,1,1
2019-07-20T15,45.5,137.25,113.775,101.25,17.1,1,1,1,1,1
2019-07-20T16,65.75,190.25,102.8,282.15,17.767,1,1,1,1,1
2019-07-20T17,77.0,212.0,89.75,239.05,13.9,1,1,1,1,1
2019-07-20T23,44.0,90.0,40.5,1.7,10.1,1,1,1,1,1
2019-07-21T00,41.0,87.5,43.15,3.1,10.55,1,1,1,1,1
2019-07-21T01,38.0,85.0,41.633,5.233,10.633,1,1,1,1,1
2019-07-21T02,42.0,86.0,42.9,12.15,11.95,1,1,1,1,1
2019-07-21T03,31.0,99.0,34.3,16.0,8.95,1,1,1,1,1
2019-07-21T04,42.0,99.0,31.4,25.15,10.4,1,1,1,1,1
2019-07-21T06,31.0,,223.9,53.4,12.3,1,0,1,1,1
2019-07-21T07,25.25,,20.35,55.875,11.95,1,0,1,1,1
2019-07-21T08,29.25,,31.65,65.25,14.55,1,0,1,1,1
2019-07-21T09,30.0,,20.0,37.6,13.95,1,0,1,1,1
2019-07-21T10,25.0,,43.95,32.25,15.15,1,0,1,1,1
2019-07-21T11,13.25,,79.5,7.2,9.5,1,0,1,1,1
2019-07-21T12,5.0,,86.3,3.325,11.125,1,0,1,1,1
2019-07-21T13,14.0,,90.75,4.45,13.4,1,0,1,1,1
2019-07-21T14,27.0,,85.1,2.6,16.7,1,0,1,1,1
2019-07-21T15,41.5,,67.025,4.8,19.55,1,0,1,1,1
2019-07-21T16,46.0,,63.45,4.75,21.45,1,0,1,1,1
2019-07-21T17,48.0,,56.25,2.75,16.9,1,0,1,1,1
2019-07-21T18,47.834,,52.6,2.034,15.733,2,0,2,2,2
2019-07-21T19,53.25,,58.425,12.3,12.275,1,0,1,1,1
2019-07-21T20,42.0,,,3.4,,1,0,0,1,0
2019-07-21T21,41.0,,34.55,0.45,5.7,1,0,1,1,1
2019-07-21T22,43.25,,31.925,0.4,6.767,1,0,1,1,1
2019-07-21T23,41.75,,34.4,,12.9,1,0,1,0,1
2019-07-22T00,46.0,,31.475,,12.05,1,0,1,0,1
2019-07-22T01,54.25,,31.225,,9.55,1,0,1,0,1
2019-07-22T02,62.5,,44.375,1.65,9.325,1,0,1,1,1
2019-07-22T03,66.25,,44.825,3.7,6.5,1,0,1,1,1
2019-07-22T04,59.25,,30.85,13.25,8.633,1,0,1,1,1
2019-07-22T05,44.0,96.0,25.0,28.475,10.35,1,1,1,1,1
2019-07-22T06,39.75,95.75,28.55,50.425,10.725,1,1,1,1,1
2019-07-22T07,36.0,95.0,26.3,61.9,11.15,1,1,1,1,1
2019-07-22T08,41.0,81.0,23.75,88.15,11.0,1,1,1,1,1
2019-07-22T09,41.75,97.0,25.325,72.75,11.725,1,1,1,1,1
2019-07-22T10,38.0,81.0,35.15,37.375,11.367,1,1,1,1,1
2019-07-22T11,33.0,63.5,75.025,18.325,10.05,1,1,1,1,1
2019-07-22T12,47.5,102.25,68.225,32.7,11.575,1,1,1,1,1
2019-07-22T13,53.0,106.0,67.85,12.775,12.675,1,1,1,1,1
2019-07-22T14,47.25,,86.1,21.275,13.15,1,0,1,1,1
2019-07-22T15,49.25,,81.25,44.325,16.15,1,0,1,1,1
2019-07-22T16,57.0,,92.45,44.075,18.133,1,0,1,1,1
2019-07-22T17,68.5,,100.5,28.9,14.325,1,0,1,1,1
2019-07-22T18,66.834,,104.083,15.166,12.934,2,0,2,2,2
2019-07-22T19,66.0,,71.95,,12.25,1,0,1,0,1
2019-07-22T20,67.75,,47.6,5.05,10.6,1,0,1,1,1
2019-07-22T21,66.75,,47.825,2.1,10.275,1,0,1,1,1
2019-07-22T22,69.75,,39.35,15.05,8.967,1,0,1,1,1
2019-07-22T23,81.0,,35.4,9.0,9.45,1,0,1,1,1
2019-07-23T00,77.0,,41.075,0.2,9.4,1,0,1,1,1
2019-07-23T01,73.75,,41.575,2.325,8.875,1,0,1,1,1
2019-07-23T02,71.5,,54.6,6.975,7.75,1,0,1,1,1
2019-07-23T03,64.75,,32.825,13.375,7.8,1,0,1,1,1
2019-07-23T04,55.5,103.0,37.125,35.5,9.4,1,1,1,1,1
2019-07-23T05,44.5,96.5,24.25,75.3,11.825,1,1,1,1,1
2019-07-23T06,33.0,75.0,20.725,99.05,11.925,1,1,1,1,1
2019-07-23T07,34.5,75.25,26.7,102.75,12.45,1,1,1,1,1
2019-07-23T08,52.0,105.75,51.675,82.7,14.15,1,1,1,1,1
2019-07-23T09,61.0,135.25,48.475,93.95,13.125,1,1,1,1,1
2019-07-23T10,49.0,119.5,65.075,83.4,11.6,1,1,1,1,1
2019-07-23T11,40.0,124.0,101.55,53.4,12.15,1,1,1,1,1
2019-07-23T12,42.5,139.0,121.35,38.35,12.85,1,1,1,1,1
2019-07-23T13,45.5,157.75,154.4,11.625,14.575,1,1,1,1,1
2019-07-23T14,57.5,187.75,157.625,6.575,16.5,1,1,1,1,1
2019-07-23T15,81.25,242.25,166.725,6.75,20.9,1,1,1,1,1
2019-07-23T16,85.0,318.0,170.55,6.2,22.65,1,1,1,1,1
2019-07-23T17,96.75,308.0,228.225,7.975,13.8,1,1,1,1,1
2019-07-23T18,96.834,248.0,186.916,7.667,11.166,2,2,2,2,2
2019-07-23T19,97.75,244.75,96.55,11.55,11.175,1,1,1,1,1
2019-07-23T20,90.25,202.5,75.1,5.55,8.1,1,1,1,1,1
2019-07-23T21,99.25,245.75,69.725,4.325,7.175,1,1,1,1,1
2019-07-23T22,103.0,251.25,60.125,3.65,8.533,1,1,1,1,1
2019-07-23T23,94.0,207.75,81.05,4.825,11.6,1,1,1,1,1
2019-07-24T00,94.0,183.0,88.5,8.3,12.3,1,1,1,1,1
2019-07-24T01,16.0,120.25,113.275,9.65,9.575,1,1,1,1,1
2019-07-24T02,36.0,144.25,138.35,17.675,5.975,1,1,1,1,1
2019-07-24T03,55.75,166.0,85.0,26.925,6.35,1,1,1,1,1
2019-07-24T04,70.75,197.25,93.275,37.5,5.767,1,1,1,1,1
2019-07-24T05,73.0,237.0,77.15,72.2,8.0,1,1,1,1,1
2019-07-24T06,58.75,168.75,47.225,90.575,7.775,1,1,1,1,1
2019-07-24T07,47.5,130.75,33.725,113.475,9.15,1,1,1,1,1
2019-07-24T08,49.0,132.75,25.8,72.325,9.1,1,1,1,1,1
2019-07-24T09,34.667,112.333,15.8,77.267,10.467,1,1,1,1,1
2019-07-24T10,35.25,118.5,59.1,62.2,11.1,1,1,1,1,1
2019-07-24T11,69.0,201.0,72.25,44.8,11.65,1,1,1,1,1
2019-07-24T12,39.0,145.0,75.925,24.85,7.725,1,1,1,1,1
2019-07-24T13,12.0,35.667,92.9,6.933,8.733,1,1,1,1,1
2019-07-24T14,13.5,41.75,93.75,4.3,9.3,1,1,1,1,1
2019-07-24T15,17.5,51.75,84.6,6.125,11.775,1,1,1,1,1
2019-07-24T16,14.25,58.25,72.925,9.175,11.667,1,1,1,1,1
2019-07-24T17,12.25,60.25,74.725,6.225,12.675,1,1,1,1,1
2019-07-24T18,19.334,51.666,45.966,12.8,12.716,2,2,2,2,2
2019-07-24T19,6.0,35.0,42.55,,13.7,1,1,1,0,1
2019-07-24T20,7.0,36.0,,19.9,,1,1,0,1,0
2019-07-24T21,8.0,24.75,28.3,22.4,9.55,1,1,1,1,1
2019-07-24T22,8.0,24.0,32.8,17.75,9.3,1,1,1,1,1
2019-07-24T23,7.0,33.0,38.0,11.4,10.5,1,1,1,1,1
2019-07-25T00,7.0,34.0,46.8,7.65,11.2,1,1,1,1,1
2019-07-25T01,15.0,52.0,48.3,7.9,12.35,1,1,1,1,1
2019-07-25T03,18.0,62.0,28.5,21.6,11.0,1,1,1,1,1
2019-07-25T04,19.25,62.25,39.725,21.45,10.4,1,1,1,1,1
2019-07-25T05,23.0,68.0,48.775,17.75,10.875,1,1,1,1,1
2019-07-25T06,24.0,85.25,59.95,14.75,9.7,1,1,1,1,1
2019-07-25T07,20.5,77.0,46.85,18.7,11.85,1,1,1,1,1
2019-07-25T08,12.0,58.0,37.067,21.633,12.0,1,1,1,1,1
2019-07-25T09,7.333,46.333,37.6,18.333,11.733,1,1,1,1,1
2019-07-25T10,5.0,37.333,37.467,21.433,12.05,1,1,1,1,1
2019-07-25T11,2.75,34.5,36.85,21.675,14.2,1,1,1,1,1
2019-07-25T12,3.5,40.75,59.9,13.575,12.675,1,1,1,1,1
2019-07-25T13,8.0,55.0,83.75,4.95,12.7,1,1,1,1,1
2019-07-25T14,18.25,91.5,83.2,3.625,13.95,1,1,1,1,1
2019-07-25T15,25.5,110.25,71.725,3.375,16.15,1,1,1,1,1
2019-07-25T16,30.25,94.0,73.2,3.875,17.1,1,1,1,1,1
2019-07-25T17,40.0,106.0,67.15,3.7,14.8,1,1,1,1,1
2019-07-25T18,29.166,99.334,53.784,3.167,13.334,2,2,2,2,2
2019-07-25T19,42.0,97.75,41.9,11.65,13.5,1,1,1,1,1
2019-07-25T20,45.5,99.75,56.9,3.8,9.1,1,1,1,1,1
2019-07-25T21,38.25,89.0,72.625,4.2,8.95,1,1,1,1,1
2019-07-25T22,37.0,84.5,56.375,6.025,9.333,1,1,1,1,1
2019-07-25T23,31.5,75.25,40.375,9.05,10.35,1,1,1,1,1
2019-07-26T00,33.5,62.5,35.9,10.1,10.15,1,1,1,1,1
2019-07-26T01,35.0,67.0,35.65,8.4,10.4,1,1,1,1,1
2019-07-26T02,29.75,62.75,39.575,10.475,10.575,1,1,1,1,1
2019-07-26T03,27.25,62.0,47.875,15.1,11.05,1,1,1,1,1
2019-07-26T04,23.25,63.75,48.7,16.85,9.967,1,1,1,1,1
2019-07-26T05,27.5,67.5,43.35,23.6,9.675,1,1,1,1,1
2019-07-26T06,26.75,60.5,36.2,33.85,8.575,1,1,1,1,1
2019-07-26T07,19.25,53.0,43.75,26.4,10.1,1,1,1,1,1
2019-07-26T08,13.5,43.25,28.225,48.0,10.225,1,1,1,1,1
2019-07-26T09,3.0,16.5,42.5,28.475,10.45,1,1,1,1,1
2019-07-26T10,6.5,27.75,45.525,18.125,10.933,1,1,1,1,1
2019-07-26T11,18.25,43.0,43.2,78.55,15.575,1,1,1,1,1
2019-07-26T12,18.0,47.5,61.075,56.675,15.45,1,1,1,1,1
2019-07-26T13,9.0,28.75,69.575,127.65,14.7,1,1,1,1,1
2019-07-26T14,17.0,32.5,68.6,14.7,14.7,1,1,1,1,1
2019-07-26T15,17.75,27.25,77.975,65.425,15.375,1,1,1,1,1
2019-07-26T16,23.0,34.25,51.35,21.675,16.667,1,1,1,1,1
2019-07-26T17,22.75,36.0,46.275,3.65,15.35,1,1,1,1,1
2019-07-26T18,20.334,36.166,32.416,5.484,15.966,2,2,2,2,2
2019-07-26T19,11.25,23.25,21.25,17.4,15.725,1,1,1,1,1
2019-07-26T20,8.5,25.75,20.4,13.7,14.4,1,1,1,1,1
2019-07-26T21,8.25,21.5,20.525,12.175,12.95,1,1,1,1,1
2019-07-26T22,12.0,22.75,18.2,10.375,13.7,1,1,1,1,1
2019-07-26T23,11.75,29.25,22.275,12.275,10.875,1,1,1,1,1
2019-07-27T00,11.5,26.75,46.075,11.375,10.725,1,1,1,1,1
2019-07-27T01,14.0,37.5,41.025,9.65,11.45,1,1,1,1,1
2019-07-27T02,18.5,46.5,32.675,10.0,11.1,1,1,1,1,1
2019-07-27T03,23.5,52.5,27.55,16.475,11.875,1,1,1,1,1
2019-07-27T04,25.0,56.75,40.975,22.6,10.467,1,1,1,1,1
2019-07-27T05,21.75,53.5,29.7,29.75,7.75,1,1,1,1,1
2019-07-27T06,12.0,45.75,27.95,29.025,6.675,1,1,1,1,1
2019-07-27T07,10.5,40.75,34.35,19.7,7.6,1,1,1,1,1
2019-07-27T08,7.0,32.333,41.133,19.0,9.367,1,1,1,1,1
2019-07-27T09,9.5,37.5,43.7,10.65,9.05,1,1,1,1,1
2019-07-27T10,11.0,27.0,52.033,5.667,9.533,1,1,1,1,1
2019-07-27T11,8.75,22.25,57.125,3.825,15.1,1,1,1,1,1
2019-07-27T12,14.0,31.25,57.675,3.3,15.85,1,1,1,1,1
2019-07-27T13,16.0,40.0,52.825,2.5,15.95,1,1,1,1,1
2019-07-27T14,25.5,61.25,56.6,21.85,16.4,1,1,1,1,1
2019-07-27T15,37.0,106.0,55.375,28.15,18.3,1,1,1,1,1
2019-07-27T16,35.0,91.0,49.8,6.45,18.267,1,1,1,1,1
2019-07-27T17,21.25,54.0,46.525,6.725,12.6,1,1,1,1,1
2019-07-27T18,23.834,49.166,44.484,6.767,11.816,2,2,2,2,2
2019-07-27T19,17.0,39.75,32.025,16.2,11.5,1,1,1,1,1
2019-07-27T20,13.25,37.5,19.4,10.825,9.6,1,1,1,1,1
2019-07-27T21,9.75,32.25,20.875,13.275,8.85,1,1,1,1,1
2019-07-27T22,5.75,26.75,48.825,14.775,8.2,1,1,1,1,1
2019-07-27T23,5.0,17.0,38.2,12.25,9.55,1,1,1,1,1
2019-07-28T00,2.0,18.0,16.1,10.75,11.5,1,1,1,1,1
2019-07-28T01,5.0,31.0,19.75,9.65,11.45,1,1,1,1,1
2019-07-28T02,19.0,42.0,15.45,10.75,12.4,1,1,1,1,1
2019-07-28T03,18.0,41.0,20.55,15.05,12.55,1,1,1,1,1
2019-07-28T04,17.0,43.75,25.65,19.725,11.567,1,1,1,1,1
2019-07-28T05,15.5,51.5,20.7,25.5,10.6,1,1,1,1,1
2019-07-28T06,11.0,41.0,16.75,27.4,12.0,1,1,1,1,1
2019-07-28T07,9.0,35.75,23.725,29.55,12.9,1,1,1,1,1
2019-07-28T08,9.0,38.0,20.05,26.55,12.1,1,1,1,1,1
2019-07-28T09,11.0,40.0,28.35,17.1,12.1,1,1,1,1,1
2019-07-28T10,7.5,30.0,25.675,13.075,12.433,1,1,1,1,1
2019-07-28T11,6.0,33.0,21.15,18.05,12.4,1,1,1,1,1
2019-07-28T12,7.0,42.0,34.5,14.55,13.65,1,1,1,1,1
2019-07-28T13,8.0,47.25,42.075,12.775,11.2,1,1,1,1,1
2019-07-28T14,10.75,58.0,58.225,3.8,10.525,1,1,1,1,1
2019-07-28T15,19.75,82.75,63.8,2.975,13.075,1,1,1,1,1
2019-07-28T16,22.0,92.5,54.1,3.675,12.833,1,1,1,1,1
2019-07-28T17,19.25,82.75,46.175,3.575,12.825,1,1,1,1,1
2019-07-28T18,11.0,65.0,42.3,3.1,12.85,2,2,2,2,2
2019-07-28T19,11.0,55.0,25.4,20.0,12.867,1,1,1,1,1
2019-07-28T20,8.25,37.75,14.0,10.15,13.7,1,1,1,1,1
2019-07-28T21,9.5,32.75,31.85,11.075,9.9,1,1,1,1,1
2019-07-28T22,10.5,27.5,29.15,11.625,9.4,1,1,1,1,1
2019-07-28T23,8.5,25.0,16.325,11.025,13.45,1,1,1,1,1
2019-07-29T00,7.0,31.0,18.65,10.25,14.85,1,1,1,1,1
2019-07-29T01,5.25,31.75,25.7,10.025,16.05,1,1,1,1,1
2019-07-29T02,12.0,40.25,26.3,13.475,15.675,1,1,1,1,1
2019-07-29T03,11.0,45.0,31.4,17.025,15.875,1,1,1,1,1
2019-07-29T04,10.25,56.5,31.75,20.35,16.867,1,1,1,1,1
2019-07-29T05,15.75,55.0,37.1,21.75,10.525,1,1,1,1,1
2019-07-29T06,16.0,56.75,38.6,20.65,7.675,1,1,1,1,1
2019-07-29T07,28.0,62.0,31.95,26.85,9.2,1,1,1,1,1
2019-07-29T08,7.0,48.5,35.65,27.25,9.35,1,1,1,1,1
2019-07-29T09,7.667,43.333,29.0,29.367,9.633,1,1,1,1,1
2019-07-29T10,8.333,41.667,34.367,25.433,10.2,1,1,1,1,1
2019-07-29T11,11.5,42.75,36.3,24.975,9.75,1,1,1,1,1
2019-07-29T12,13.0,48.0,46.4,21.65,11.3,1,1,1,1,1
2019-07-29T13,16.25,62.0,63.725,7.3,9.625,1,1,1,1,1
2019-07-29T14,17.0,77.0,64.9,5.75,9.65,1,1,1,1,1
2019-07-29T15,19.25,93.0,65.45,3.6,10.05,1,1,1,1,1
2019-07-29T16,22.667,97.667,61.867,5.7,12.3,1,1,1,1,1
2019-07-29T17,20.75,84.0,53.375,6.1,12.2,1,1,1,1,1
2019-07-29T18,16.834,66.666,41.267,9.117,12.617,2,2,2,2,2
2019-07-29T19,15.25,54.25,28.0,23.3,12.1,1,1,1,1,1
2019-07-29T20,13.0,52.0,,15.75,,1,1,0,1,0
2019-07-29T21,18.0,44.0,20.4,14.2,9.75,1,1,1,1,1
2019-07-29T22,18.5,49.0,27.15,9.275,10.2,1,1,1,1,1
2019-07-29T23,19.0,53.0,31.6,8.025,12.425,1,1,1,1,1
2019-07-30T00,16.0,47.0,26.75,9.4,15.05,1,1,1,1,1
2019-07-30T01,17.0,59.25,40.275,6.675,13.625,1,1,1,1,1
2019-07-30T02,17.0,72.0,40.533,9.0,14.5,1,1,1,1,1
2019-07-30T03,13.75,63.75,36.325,12.7,15.1,1,1,1,1,1
2019-07-30T04,13.25,67.0,32.725,15.65,15.233,1,1,1,1,1
2019-07-30T05,14.5,62.75,34.675,17.4,11.875,1,1,1,1,1
2019-07-30T06,16.333,65.667,31.067,24.4,9.9,1,1,1,1,1
2019-07-30T07,16.75,56.75,32.825,33.25,10.275,1,1,1,1,1
2019-07-30T08,16.75,44.75,40.05,28.075,12.1,1,1,1,1,1
2019-07-30T09,19.0,49.5,32.8,27.925,12.275,1,1,1,1,1
2019-07-30T10,19.0,57.0,39.4,27.7,13.0,1,1,1,1,1
2019-07-30T11,14.0,61.0,40.2,22.55,13.5,1,1,1,1,1
2019-07-30T12,17.0,68.0,67.15,12.25,12.55,1,1,1,1,1
2019-07-30T13,20.0,97.0,76.7,5.45,14.1,1,1,1,1,1
2019-07-30T14,27.0,97.0,79.95,3.7,14.05,1,1,1,1,1
2019-07-30T15,30.5,119.75,64.95,66.25,14.0,1,1,1,1,1
2019-07-30T16,33.25,109.0,61.6,9.3,14.8,1,1,1,1,1
2019-07-30T17,26.5,98.25,41.25,11.45,14.025,1,1,1,1,1
2019-07-30T18,22.0,75.0,28.0,15.6,12.9,2,2,2,2,2
2019-07-30T19,12.5,43.75,23.225,21.35,12.65,1,1,1,1,1
2019-07-30T20,12.75,41.25,16.0,15.55,13.4,1,1,1,1,1
2019-07-30T21,17.0,45.75,19.625,11.7,12.45,1,1,1,1,1
2019-07-30T22,14.0,48.0,13.5,13.15,11.6,1,1,1,1,1
2019-07-30T23,11.5,36.75,19.3,10.75,10.0,1,1,1,1,1
2019-07-31T00,13.75,40.75,29.75,8.175,10.6,1,1,1,1,1
2019-07-31T01,16.0,52.0,40.1,7.3,10.9,1,1,1,1,1
2019-07-31T02,17.5,70.0,39.425,9.275,11.025,1,1,1,1,1
2019-07-31T03,21.25,71.0,40.325,14.925,12.25,1,1,1,1,1
2019-07-31T04,20.5,77.5,38.75,22.525,11.2,1,1,1,1,1
2019-07-31T05,23.75,85.25,31.025,30.575,12.15,1,1,1,1,1
2019-07-31T06,18.667,73.667,28.0,41.833,11.633,1,1,1,1,1
2019-07-31T07,18.25,67.25,27.725,48.7,10.8,1,1,1,1,1
2019-07-31T08,25.0,68.0,29.5,48.233,12.633,1,1,1,1,1
2019-07-31T09,23.0,61.0,19.15,61.75,12.225,1,1,1,1,1
2019-07-31T10,17.0,61.75,43.725,49.4,11.267,1,1,1,1,1
2019-07-31T11,17.0,63.75,51.175,36.85,14.075,1,1,1,1,1
2019-07-31T12,17.5,67.25,76.7,20.025,16.25,1,1,1,1,1
2019-07-31T13,19.0,80.0,82.75,8.0,16.35,1,1,1,1,1
2019-07-31T14,23.25,96.75,80.025,6.5,14.7,1,1,1,1,1
2019-07-31T15,24.0,96.0,80.95,5.6,14.7,1,1,1,1,1
2019-07-31T16,29.0,99.0,65.35,5.7,14.75,1,1,1,1,1
2019-07-31T17,20.0,84.0,65.55,8.05,15.9,1,1,1,1,1
2019-07-31T18,17.0,75.0,58.7,7.4,14.6,2,2,2,2,2
2019-07-31T19,18.75,64.25,44.9,10.3,14.1,1,1,1,1,1
2019-07-31T20,25.0,67.75,35.3,10.9,17.1,1,1,1,1,1
2019-07-31T21,27.0,67.5,39.725,9.65,13.725,1,1,1,1,1
2019-07-31T22,26.0,69.0,41.067,8.9,15.05,1,1,1,1,1
2019-07-31T23,31.0,71.0,46.2,4.7,11.9,1,1,1,1,1
2019-08-01T00,32.5,76.5,46.375,6.05,11.3,1,1,1,1,1
2019-08-01T01,31.5,83.25,50.125,8.5,10.775,1,1,1,1,1
2019-08-01T02,30.75,87.5,41.65,17.4,9.6,1,1,1,1,1
2019-08-01T03,23.0,78.75,39.45,26.025,8.525,1,1,1,1,1
2019-08-01T04,22.5,75.0,36.125,35.475,10.0,1,1,1,1,1
2019-08-01T05,29.5,71.5,30.4,39.85,14.2,1,1,1,1,1
2019-08-01T06,26.75,60.25,26.775,49.2,14.0,1,1,1,1,1
2019-08-01T07,21.5,57.25,29.525,50.675,13.7,1,1,1,1,1
2019-08-01T08,17.0,55.0,37.4,48.7,14.1,1,1,1,1,1
2019-08-01T09,18.5,67.0,31.65,44.9,13.3,1,1,1,1,1
2019-08-01T10,18.0,70.0,34.167,40.7,13.733,1,1,1,1,1
2019-08-01T11,7.25,42.75,37.8,35.55,14.25,1,1,1,1,1
2019-08-01T12,10.75,53.25,59.35,22.2,14.475,1,1,1,1,1
2019-08-01T13,19.0,69.0,63.933,17.3,15.2,1,1,1,1,1
2019-08-01T14,24.0,81.0,75.3,11.3,14.05,1,1,1,1,1
2019-08-01T15,26.5,92.5,69.775,6.125,14.2,1,1,1,1,1
2019-08-01T16,24.5,94.25,64.825,6.8,14.8,1,1,1,1,1
2019-08-01T17,23.0,77.0,62.65,6.8,14.0,1,1,1,1,1
2019-08-01T18,27.0,83.834,51.834,8.534,15.05,2,2,2,2,2
2019-08-01T19,22.75,64.5,41.15,13.15,14.975,1,1,1,1,1
2019-08-01T20,25.0,69.0,,11.4,,1,1,0,1,0
2019-08-01T21,40.0,83.0,38.95,4.9,16.1,1,1,1,1,1
2019-08-01T22,32.5,74.5,30.425,9.1,16.033,1,1,1,1,1
2019-08-01T23,28.25,55.75,40.4,7.825,8.3,1,1,1,1,1
2019-08-02T00,29.25,60.0,50.575,5.625,7.625,1,1,1,1,1
2019-08-02T01,32.25,74.5,57.5,7.0,8.1,1,1,1,1,1
2019-08-02T02,37.0,99.25,51.425,10.325,9.1,1,1,1,1,1
2019-08-02T03,31.5,94.0,40.7,21.7,9.4,1,1,1,1,1
2019-08-02T04,31.5,84.5,38.35,27.2,9.367,1,1,1,1,1
2019-08-02T05,26.5,80.25,31.125,34.7,12.95,1,1,1,1,1
2019-08-02T06,26.0,70.0,28.55,30.925,11.375,1,1,1,1,1
2019-08-02T07,26.25,61.0,24.9,36.9,11.75,1,1,1,1,1
2019-08-02T08,13.75,44.0,36.55,41.225,13.125,1,1,1,1,1
2019-08-02T09,3.5,24.75,50.05,35.55,14.0,1,1,1,1,1
2019-08-02T10,14.5,48.5,55.175,26.275,13.833,1,1,1,1,1
2019-08-02T11,23.75,75.0,45.8,116.05,12.225,1,1,1,1,1
2019-08-02T12,19.5,73.75,52.725,122.05,12.525,1,1,1,1,1
2019-08-02T13,18.0,88.0,55.65,119.3,14.45,1,1,1,1,1
2019-08-02T14,24.0,101.0,86.0,16.0,12.75,1,1,1,1,1
2019-08-02T15,28.75,107.0,77.85,44.875,12.725,1,1,1,1,1
2019-08-02T16,33.75,117.5,72.625,13.275,12.967,1,1,1,1,1
2019-08-02T17,35.25,115.0,65.7,4.725,13.7,1,1,1,1,1
2019-08-02T18,39.166,112.166,50.4,3.9,13.684,2,2,2,2,2
2019-08-02T19,23.0,62.0,45.1,11.85,13.35,1,1,1,1,1
2019-08-02T20,17.75,47.0,41.6,8.225,12.2,1,1,1,1,1
2019-08-02T21,20.75,57.5,39.35,5.55,10.7,1,1,1,1,1
2019-08-02T22,23.5,63.0,43.4,4.275,11.267,1,1,1,1,1
2019-08-02T23,24.5,64.25,35.3,6.475,10.95,1,1,1,1,1
2019-08-03T00,22.0,58.5,37.925,5.325,11.625,1,1,1,1,1
2019-08-03T01,22.75,62.0,45.05,6.575,13.0,1,1,1,1,1
2019-08-03T02,34.25,76.5,41.3,7.875,13.2,1,1,1,1,1
2019-08-03T03,36.0,76.0,35.675,8.95,13.575,1,1,1,1,1
2019-08-03T04,40.5,81.5,30.9,18.525,13.433,1,1,1,1,1
2019-08-03T05,37.25,77.0,36.05,12.55,12.25,1,1,1,1,1
2019-08-03T06,16.75,44.5,37.8,21.2,10.425,1,1,1,1,1
2019-08-03T07,32.333,68.0,40.7,39.233,10.733,1,1,1,1,1
2019-08-03T08,34.0,74.333,32.5,31.875,10.225,1,1,1,1,1
2019-08-03T09,10.25,35.75,47.55,14.5,11.75,1,1,1,1,1
2019-08-03T10,16.25,38.25,45.75,13.45,12.0,1,1,1,1,1
2019-08-03T11,14.0,38.75,52.275,12.55,13.275,1,1,1,1,1
2019-08-03T12,18.25,49.25,74.65,7.225,14.575,1,1,1,1,1
2019-08-03T13,32.25,85.0,72.05,3.55,13.475,1,1,1,1,1
2019-08-03T14,43.5,100.0,71.875,3.275,13.425,1,1,1,1,1
2019-08-03T15,59.5,120.75,68.375,3.375,14.875,1,1,1,1,1
2019-08-03T16,38.25,100.75,62.85,2.325,15.233,1,1,1,1,1
2019-08-03T17,33.0,97.0,59.15,4.1,14.45,1,1,1,1,1
2019-08-03T18,39.0,81.0,59.7,3.9,11.9,1,1,1,1,1
2019-08-04T18,50.0,126.0,35.1,0.6,14.867,1,1,1,1,1
2019-08-04T19,46.0,110.0,40.1,,14.0,1,1,1,0,1
2019-08-04T20,40.0,84.25,36.1,2.8,13.8,1,1,1,1,1
2019-08-04T21,40.5,81.75,36.175,1.35,10.9,1,1,1,1,1
2019-08-04T22,43.0,92.75,34.175,1.825,11.133,1,1,1,1,1
2019-08-04T23,44.5,97.0,40.9,0.975,9.275,1,1,1,1,1
2019-08-05T00,40.5,85.25,41.325,1.675,9.325,1,1,1,1,1
2019-08-05T01,44.25,92.25,54.175,2.875,12.125,1,1,1,1,1
2019-08-05T02,51.0,111.0,54.95,5.85,12.6,1,1,1,1,1
2019-08-05T03,56.0,103.0,68.467,11.7,11.967,1,1,1,1,1
2019-08-05T04,62.0,122.0,85.45,31.2,10.9,1,1,1,1,1
2019-08-05T05,48.0,97.0,95.75,39.45,11.6,1,1,1,1,1
2019-08-05T06,46.5,92.0,58.7,52.05,10.775,1,1,1,1,1
2019-08-05T07,43.75,85.5,83.075,37.3,10.55,1,1,1,1,1
2019-08-05T08,40.0,84.0,39.35,63.25,12.2,1,1,1,1,1
2019-08-05T09,43.0,86.75,41.875,52.8,13.025,1,1,1,1,1
2019-08-05T10,47.5,86.25,56.3,26.825,13.433,1,1,1,1,1
2019-08-05T11,34.0,72.75,65.0,10.525,13.95,1,1,1,1,1
2019-08-05T12,34.0,84.0,68.633,7.8,14.467,1,1,1,1,1
2019-08-05T13,41.0,95.0,71.6,5.0,13.6,1,1,1,1,1
2019-08-05T14,47.5,115.0,59.375,3.2,12.9,1,1,1,1,1
2019-08-05T15,48.25,123.5,51.175,2.825,12.9,1,1,1,1,1
2019-08-05T16,55.0,133.0,44.725,3.75,13.167,1,1,1,1,1
2019-08-05T17,49.5,101.0,50.7,6.425,14.975,1,1,1,1,1
2019-08-05T18,34.5,70.75,59.475,6.35,16.1,2,2,2,2,2
2019-08-05T19,39.0,79.0,59.3,,17.0,1,1,1,0,1
2019-08-05T20,44.25,91.75,40.5,4.3,15.2,1,1,1,1,1
2019-08-05T21,43.75,90.25,31.225,2.4,14.225,1,1,1,1,1
2019-08-05T22,55.0,115.5,25.55,0.6,13.333,1,1,1,1,1
2019-08-05T23,44.0,86.75,22.9,2.775,7.575,1,1,1,1,1
2019-08-06T00,38.75,80.75,22.4,4.25,6.975,1,1,1,1,1
2019-08-06T01,41.25,88.75,28.5,4.625,9.775,1,1,1,1,1
2019-08-06T02,42.0,79.0,33.4,7.0,10.8,1,1,1,1,1
2019-08-06T03,11.0,22.25,41.0,9.675,9.525,1,1,1,1,1
2019-08-06T04,6.75,12.0,33.05,20.725,10.167,1,1,1,1,1
2019-08-06T05,3.667,8.0,58.067,14.033,8.533,1,1,1,1,1
2019-08-06T06,5.0,12.0,116.3,7.15,7.6,1,1,1,1,1
2019-08-06T07,7.0,20.0,132.7,10.3,7.5,1,1,1,1,1
2019-08-06T08,9.5,24.0,59.925,9.2,8.525,1,1,1,1,1
2019-08-06T09,11.0,27.0,63.275,9.5,10.425,1,1,1,1,1
2019-08-06T10,12.25,36.75,50.575,17.45,11.667,1,1,1,1,1
2019-08-06T11,6.5,32.0,48.05,23.425,12.25,1,1,1,1,1
2019-08-06T12,5.0,29.0,61.4,20.65,10.7,1,1,1,1,1
2019-08-06T13,10.75,43.25,101.425,4.775,9.475,1,1,1,1,1
2019-08-06T14,28.0,80.0,96.3,4.3,9.7,1,1,1,1,1
2019-08-06T15,19.0,69.0,89.05,3.75,11.1,1,1,1,1,1
2019-08-06T16,25.0,81.0,87.25,3.25,12.0,1,1,1,1,1
2019-08-06T17,24.75,74.75,85.65,4.3,11.775,1,1,1,1,1
2019-08-06T18,30.0,87.166,70.883,4.833,12.634,2,2,2,2,2
2019-08-06T19,30.0,78.0,56.7,,13.35,1,1,1,0,1
2019-08-06T20,30.0,90.0,,6.15,,1,1,0,1,0
2019-08-06T21,31.0,81.0,54.9,7.3,14.0,1,1,1,1,1
2019-08-06T22,43.5,97.25,33.375,13.425,15.167,1,1,1,1,1
2019-08-06T23,61.25,109.0,26.2,62.775,9.95,1,1,1,1,1
2019-08-07T00,87.5,133.25,27.6,192.575,10.175,1,1,1,1,1
2019-08-07T01,70.0,132.25,36.85,264.825,11.025,1,1,1,1,1
2019-08-07T02,54.5,119.0,46.775,83.875,10.525,1,1,1,1,1
2019-08-07T03,44.25,96.0,48.4,26.4,9.05,1,1,1,1,1
2019-08-07T04,30.667,79.0,36.133,12.667,7.7,1,1,1,1,1
2019-08-07T05,6.0,41.0,33.95,22.0,12.1,1,1,1,1,1
2019-08-07T06,15.0,45.0,65.55,24.65,12.075,1,1,1,1,1
2019-08-07T07,6.0,39.0,91.45,27.25,11.15,1,1,1,1,1
2019-08-07T08,1.75,34.0,31.35,27.3,13.95,1,1,1,1,1
2019-08-07T09,1.0,31.667,30.4,26.3,14.0,1,1,1,1,1
2019-08-07T10,,27.0,39.95,21.725,12.933,0,1,1,1,1
2019-08-07T11,1.0,31.25,48.2,16.85,14.575,1,1,1,1,1
2019-08-07T12,2.5,47.5,63.475,10.55,15.325,1,1,1,1,1
2019-08-07T13,9.5,63.25,64.325,3.95,17.1,1,1,1,1,1
2019-08-07T14,17.5,84.5,70.1,2.675,15.65,1,1,1,1,1
2019-08-07T15,19.0,100.0,77.225,2.675,16.025,1,1,1,1,1
2019-08-07T16,19.0,97.75,71.625,3.0,15.5,1,1,1,1,1
2019-08-07T17,20.0,94.5,50.85,4.7,14.375,1,1,1,1,1
2019-08-07T18,21.5,71.666,46.117,5.534,14.233,2,2,2,2,2
2019-08-07T19,13.5,38.75,41.775,11.6,13.025,1,1,1,1,1
2019-08-07T20,10.75,35.0,41.9,4.925,14.6,1,1,1,1,1
2019-08-07T21,7.25,34.5,34.075,4.35,13.65,1,1,1,1,1
2019-08-07T22,8.0,33.0,33.35,3.45,11.0,1,1,1,1,1
2019-08-07T23,14.5,55.25,37.525,2.975,11.075,1,1,1,1,1
2019-08-08T00,24.75,100.25,38.9,3.675,11.725,1,1,1,1,1
2019-08-08T01,44.75,140.75,,5.2,13.075,1,1,0,1,1
2019-08-08T02,53.0,134.0,,8.75,14.75,1,1,0,1,1
2019-08-08T03,27.75,87.5,,10.1,14.675,1,1,0,1,1
2019-08-08T04,21.5,81.25,,26.3,13.5,1,1,0,1,1
2019-08-08T05,12.75,64.75,,39.925,11.775,1,1,0,1,1
2019-08-08T06,8.0,52.0,,38.25,10.025,1,1,0,1,1
2019-08-08T07,4.0,32.75,,36.8,10.575,1,1,0,1,1
2019-08-08T08,1.0,29.0,,40.433,12.433,1,1,0,1,1
2019-08-08T09,2.0,30.0,35.467,37.233,12.167,1,1,1,1,1
2019-08-08T10,2.75,40.25,38.7,35.1,10.6,1,1,1,1,1
2019-08-08T11,5.0,44.0,53.65,29.25,12.55,1,1,1,1,1
2019-08-08T12,7.25,50.5,79.1,16.175,14.425,1,1,1,1,1
2019-08-08T13,13.25,64.0,80.6,6.85,16.075,1,1,1,1,1
2019-08-08T14,13.0,77.75,79.6,3.55,15.225,1,1,1,1,1
2019-08-08T15,20.5,97.0,76.725,3.95,14.725,1,1,1,1,1
2019-08-08T16,23.5,100.0,58.125,6.1,14.7,1,1,1,1,1
2019-08-08T17,17.75,62.5,59.4,4.5,11.925,1,1,1,1,1
2019-08-08T18,12.834,57.666,26.4,11.9,11.216,2,2,2,2,2
2019-08-08T19,7.0,51.0,19.575,14.6,11.1,1,1,1,1,1
2019-08-08T20,,37.25,10.3,18.9,10.0,0,1,1,1,1
2019-08-08T21,0.0,41.25,12.225,20.65,8.775,1,1,1,1,1
2019-08-08T22,0.25,44.0,8.55,20.125,9.767,1,1,1,1,1
2019-08-08T23,1.0,45.75,11.525,20.175,9.025,1,1,1,1,1
2019-08-09T00,1.0,32.5,18.725,15.475,8.925,1,1,1,1,1
2019-08-09T01,1.0,34.25,35.4,9.65,9.425,1,1,1,1,1
2019-08-09T02,1.25,46.75,30.5,15.175,12.425,1,1,1,1,1
2019-08-09T03,3.75,54.5,27.45,19.125,12.425,1,1,1,1,1
2019-08-09T04,8.5,53.0,32.0,19.025,13.067,1,1,1,1,1
2019-08-09T05,7.0,56.5,28.65,22.575,13.0,1,1,1,1,1
2019-08-09T06,7.25,64.75,35.075,18.3,12.2,1,1,1,1,1
2019-08-09T07,7.75,58.25,37.525,19.225,10.775,1,1,1,1,1
2019-08-09T08,7.0,59.0,34.45,22.7,12.35,1,1,1,1,1
2019-08-09T09,12.0,68.0,38.1,22.433,15.0,1,1,1,1,1
2019-08-09T10,8.25,48.0,39.775,20.6,16.2,1,1,1,1,1
2019-08-09T11,8.25,39.0,33.05,21.375,14.8,1,1,1,1,1
2019-08-09T12,6.0,39.0,48.067,18.333,13.267,1,1,1,1,1
2019-08-09T13,5.5,45.0,60.25,11.275,12.175,1,1,1,1,1
2019-08-09T14,12.75,56.5,51.65,11.85,13.525,1,1,1,1,1
2019-08-09T15,11.75,51.5,37.45,16.175,11.525,1,1,1,1,1
2019-08-09T16,10.0,38.5,31.325,16.7,10.2,1,1,1,1,1
2019-08-09T17,7.0,31.0,25.933,17.6,12.6,1,1,1,1,1
2019-08-09T18,4.667,22.666,25.4,16.534,15.683,2,2,2,2,2
2019-08-09T19,2.5,17.75,17.5,21.9,17.75,1,1,1,1,1
2019-08-09T20,1.0,22.0,19.1,19.05,15.8,1,1,1,1,1
2019-08-09T21,2.25,21.25,15.4,19.225,16.05,1,1,1,1,1
2019-08-09T22,7.5,28.0,15.35,16.925,14.0,1,1,1,1,1
2019-08-09T23,12.0,28.0,15.1,16.325,9.15,1,1,1,1,1
2019-08-10T00,11.75,27.75,18.025,14.05,7.975,1,1,1,1,1
2019-08-10T01,10.0,28.0,25.675,11.05,7.975,1,1,1,1,1
2019-08-10T02,6.75,32.0,22.0,15.075,10.6,1,1,1,1,1
2019-08-10T03,5.75,35.25,25.125,16.85,11.225,1,1,1,1,1
2019-08-10T04,8.0,40.75,27.875,20.4,10.0,1,1,1,1,1
2019-08-10T05,16.75,51.25,25.6,21.3,8.675,1,1,1,1,1
2019-08-10T06,12.75,37.75,24.175,20.625,9.925,1,1,1,1,1
2019-08-10T07,4.0,32.0,22.875,24.1,7.375,1,1,1,1,1
2019-08-10T08,7.0,33.25,25.45,24.85,10.55,1,1,1,1,1
2019-08-10T09,6.0,27.0,27.225,27.8,11.65,1,1,1,1,1
2019-08-10T10,2.75,25.75,36.55,27.2,11.733,1,1,1,1,1
2019-08-10T11,3.75,32.25,41.45,24.025,14.175,1,1,1,1,1
2019-08-10T12,8.75,37.0,48.0,17.4,13.9,1,1,1,1,1
2019-08-10T13,10.0,44.0,57.8,10.825,14.75,1,1,1,1,1
2019-08-10T14,17.0,60.25,55.725,6.95,14.275,1,1,1,1,1
2019-08-10T15,19.5,73.5,54.8,6.325,10.925,1,1,1,1,1
2019-08-10T16,21.25,74.5,55.375,6.075,10.933,1,1,1,1,1
2019-08-10T17,30.25,70.25,57.65,4.625,9.95,1,1,1,1,1
2019-08-10T18,28.0,62.0,55.15,4.5,12.3,2,2,2,2,2
2019-08-10T19,11.5,49.25,51.175,10.55,14.15,1,1,1,1,1
2019-08-10T20,14.75,47.5,42.3,6.0,17.1,1,1,1,1,1
2019-08-10T21,22.5,62.25,39.85,6.75,14.2,1,1,1,1,1
2019-08-10T22,30.0,75.0,30.25,7.7,11.85,1,1,1,1,1
2019-08-10T23,31.0,72.0,33.2,3.4,10.533,1,1,1,1,1
2019-08-11T00,35.0,91.0,31.9,4.05,9.2,1,1,1,1,1
2019-08-11T01,25.0,63.0,26.6,5.7,8.95,1,1,1,1,1
2019-08-11T02,23.0,56.0,52.4,11.2,9.65,1,1,1,1,1
2019-08-11T03,14.0,48.0,20.9,20.55,10.3,1,1,1,1,1
2019-08-11T04,15.75,50.25,29.875,29.825,9.7,1,1,1,1,1
2019-08-11T05,24.0,66.0,34.15,32.05,10.15,1,1,1,1,1
2019-08-11T06,17.75,60.0,35.025,28.15,13.0,1,1,1,1,1
2019-08-11T07,21.75,66.25,27.325,38.375,11.575,1,1,1,1,1
2019-08-11T08,18.0,58.0,26.0,34.7,12.1,1,1,1,1,1
2019-08-11T09,16.0,46.0,28.1,34.95,12.25,1,1,1,1,1
2019-08-11T10,9.0,38.0,23.35,33.15,13.05,1,1,1,1,1
2019-08-11T11,5.25,27.25,29.075,28.825,10.25,1,1,1,1,1
2019-08-11T12,2.25,27.75,32.8,26.2,8.575,1,1,1,1,1
2019-08-11T13,0.25,30.5,49.5,15.375,8.925,1,1,1,1,1
2019-08-11T14,4.0,48.25,55.65,12.2,10.6,1,1,1,1,1
2019-08-11T15,13.0,70.0,49.05,13.2,10.2,1,1,1,1,1
2019-08-11T16,9.0,52.0,56.7,7.75,8.15,1,1,1,1,1
2019-08-11T17,16.25,57.0,51.475,7.6,10.2,1,1,1,1,1
2019-08-11T18,11.0,57.0,50.75,9.6,13.5,2,2,2,2,2
2019-08-11T19,7.5,46.0,47.375,11.2,14.4,1,1,1,1,1
2019-08-11T20,6.0,46.0,,11.15,,1,1,0,1,0
2019-08-11T21,8.0,36.0,34.167,12.9,15.0,1,1,1,1,1
2019-08-11T22,7.75,37.25,29.9,12.95,12.867,1,1,1,1,1
2019-08-11T23,7.25,36.0,42.7,5.35,9.65,1,1,1,1,1
2019-08-12T00,8.0,39.0,35.775,7.075,9.725,1,1,1,1,1
2019-08-12T01,7.75,40.75,39.425,7.075,8.95,1,1,1,1,1
2019-08-12T02,7.25,42.25,33.75,10.7,9.775,1,1,1,1,1
2019-08-12T03,11.0,33.75,49.225,6.85,12.05,1,1,1,1,1
2019-08-12T04,20.0,42.0,51.1,5.1,13.5,1,1,1,1,1
2019-08-12T07,10.0,39.0,13.675,33.45,7.95,1,1,1,1,1
2019-08-12T08,7.0,36.0,17.433,44.133,6.533,1,1,1,1,1
2019-08-12T09,9.0,40.0,13.567,70.9,8.2,1,1,1,1,1
2019-08-12T13,6.0,36.0,70.1,2.0,13.0,1,1,1,1,1
2019-08-12T14,11.0,38.0,71.4,3.4,13.1,1,1,1,1,1
2019-08-12T15,25.0,88.0,61.05,1.55,15.55,1,1,1,1,1
2019-08-12T16,24.0,81.0,29.25,9.4,13.35,1,1,1,1,1
2019-08-12T17,6.0,28.0,54.133,3.5,10.833,1,1,1,1,1
2019-08-12T18,7.0,39.0,79.95,2.6,11.2,2,2,2,2,2
2019-08-12T19,3.0,40.0,56.3,,12.6,1,1,1,0,1
2019-08-12T20,3.0,28.0,,11.7,,1,1,0,1,0
2019-08-12T21,5.0,22.0,16.65,13.375,12.45,1,1,1,1,1
2019-08-12T22,3.0,30.0,18.5,11.85,12.6,1,1,1,1,1
2019-08-12T23,7.0,30.0,25.4,7.975,11.175,1,1,1,1,1
2019-08-13T00,7.0,38.0,28.7,7.05,8.5,1,1,1,1,1
2019-08-13T01,12.0,47.0,30.45,6.95,8.85,1,1,1,1,1
2019-08-13T02,13.0,62.0,22.375,16.55,10.05,1,1,1,1,1
2019-08-13T03,14.0,62.0,18.675,26.625,9.15,1,1,1,1,1
2019-08-13T04,17.0,69.0,23.175,33.025,10.3,1,1,1,1,1
2019-08-13T05,14.0,68.0,22.85,41.35,11.4,1,1,1,1,1
2019-08-13T06,12.0,64.0,17.6,56.525,11.725,1,1,1,1,1
2019-08-13T07,17.0,66.0,17.275,49.55,12.05,1,1,1,1,1
2019-08-13T08,18.0,63.0,26.975,35.25,10.475,1,1,1,1,1
2019-08-13T09,13.0,46.0,41.5,20.9,10.7,1,1,1,1,1
2019-08-13T10,10.333,31.333,91.5,2.6,13.3,1,1,1,1,1
2019-08-13T11,13.0,36.0,77.65,3.725,14.225,1,1,1,1,1
2019-08-13T12,9.0,44.0,78.9,5.2,16.6,1,1,1,1,1
2019-08-13T13,14.0,45.0,73.4,3.65,14.45,1,1,1,1,1
2019-08-13T14,14.0,41.0,64.6,3.8,15.9,1,1,1,1,1
2019-08-13T15,12.0,58.0,67.15,3.75,15.625,1,1,1,1,1
2019-08-13T16,18.0,46.0,62.833,3.567,15.433,1,1,1,1,1
2019-08-13T17,17.0,48.0,52.75,3.1,13.45,1,1,1,1,1
2019-08-13T18,12.0,38.0,53.325,4.975,9.55,2,2,2,2,2
2019-08-13T19,14.0,33.0,,,10.1,1,1,0,0,1
2019-08-13T20,,7.0,,18.75,,0,1,0,1,0
2019-08-13T21,,5.0,,11.55,7.95,0,1,0,1,1
2019-08-13T22,,6.0,,8.325,11.233,0,1,0,1,1
2019-08-13T23,17.0,11.0,,6.4,13.2,1,1,0,1,1
2019-08-14T00,13.75,30.0,,12.375,13.175,1,1,0,1,1
2019-08-14T01,15.333,37.333,,50.7,13.6,1,1,0,1,1
2019-08-14T02,20.0,46.0,,30.5,13.55,1,1,0,1,1
2019-08-14T03,25.667,57.0,85.1,30.3,15.533,1,1,1,1,1
2019-08-14T04,32.75,56.75,62.3,46.65,14.3,1,1,1,1,1
2019-08-14T05,46.25,73.5,59.425,65.4,12.9,1,1,1,1,1
2019-08-14T06,50.333,91.333,51.333,81.133,12.967,1,1,1,1,1
2019-08-14T07,43.75,89.0,42.675,81.125,11.05,1,1,1,1,1
2019-08-14T08,39.5,74.75,43.225,88.525,10.3,1,1,1,1,1
2019-08-14T09,37.0,75.25,35.575,97.375,9.675,1,1,1,1,1
2019-08-14T10,33.75,68.25,67.475,65.05,10.0,1,1,1,1,1
2019-08-14T11,33.0,63.0,143.35,29.05,12.7,1,1,1,1,1
2019-08-14T12,47.0,97.0,98.05,16.9,16.45,1,1,1,1,1
2019-08-14T13,28.667,65.667,92.767,10.567,15.8,1,1,1,1,1
2019-08-14T14,38.5,78.25,102.125,6.0,16.55,1,1,1,1,1
2019-08-14T15,45.0,92.5,99.5,5.65,17.375,1,1,1,1,1
2019-08-14T16,43.5,93.75,86.575,5.525,19.5,1,1,1,1,1
2019-08-14T17,51.25,117.75,77.125,5.2,18.275,1,1,1,1,1
2019-08-14T18,59.5,132.166,76.017,4.75,18.666,2,2,2,2,2
2019-08-14T19,52.0,103.0,86.8,,18.55,1,1,1,0,1
2019-08-14T20,47.0,102.0,,4.667,,1,1,0,1,0
2019-08-14T21,39.0,96.0,54.55,4.7,14.1,1,1,1,1,1
2019-08-14T22,33.5,76.5,39.75,8.525,12.367,1,1,1,1,1
2019-08-14T23,27.75,52.75,20.0,12.05,12.0,1,1,1,1,1
2019-08-15T00,6.0,15.25,30.35,8.425,10.025,1,1,1,1,1
2019-08-15T01,6.5,21.5,34.9,9.9,9.675,1,1,1,1,1
2019-08-15T02,12.0,25.0,35.7,9.825,9.625,1,1,1,1,1
2019-08-15T03,22.5,39.5,27.325,18.925,8.475,1,1,1,1,1
2019-08-15T04,16.5,35.25,26.75,23.175,7.333,1,1,1,1,1
2019-08-15T05,11.25,27.5,22.4,29.425,10.25,1,1,1,1,1
2019-08-15T06,10.0,30.25,24.825,34.1,10.375,1,1,1,1,1
2019-08-15T07,12.75,34.0,27.625,32.375,9.55,1,1,1,1,1
2019-08-15T08,12.5,35.5,28.4,34.95,9.1,1,1,1,1,1
2019-08-15T09,14.0,39.5,30.8,33.825,9.0,1,1,1,1,1
2019-08-15T10,12.5,34.0,24.9,42.35,9.2,1,1,1,1,1
2019-08-15T11,10.333,31.0,29.567,31.167,13.2,1,1,1,1,1
2019-08-15T12,9.0,35.75,37.9,24.1,14.175,1,1,1,1,1
2019-08-15T13,12.25,47.25,56.1,12.675,14.025,1,1,1,1,1
2019-08-15T14,21.25,57.5,56.375,9.95,14.325,1,1,1,1,1
2019-08-15T15,19.25,59.75,46.425,11.025,14.95,1,1,1,1,1
2019-08-15T16,19.25,59.75,42.325,9.275,13.533,1,1,1,1,1
2019-08-15T17,15.5,47.5,25.775,18.1,8.525,1,1,1,1,1
2019-08-15T18,10.0,29.0,22.584,24.084,9.233,2,2,2,2,2
2019-08-15T19,4.25,18.75,14.2,27.75,9.425,1,1,1,1,1
2019-08-15T20,2.0,18.0,,30.45,,1,1,0,1,0
2019-08-15T21,5.0,19.25,20.65,20.825,8.3,1,1,1,1,1
2019-08-15T22,6.75,18.5,15.525,20.575,9.333,1,1,1,1,1
2019-08-15T23,12.25,24.0,15.15,18.175,13.475,1,1,1,1,1
2019-08-16T00,13.75,30.25,23.525,12.575,13.2,1,1,1,1,1
2019-08-16T01,17.0,42.0,24.85,12.3,13.425,1,1,1,1,1
2019-08-16T02,16.75,44.5,22.275,16.15,13.225,1,1,1,1,1
2019-08-16T03,7.0,34.0,24.567,20.567,13.333,1,1,1,1,1
2019-08-16T04,5.0,26.0,28.475,20.45,13.767,1,1,1,1,1
2019-08-16T05,2.0,30.25,28.45,26.425,12.5,1,1,1,1,1
2019-08-16T06,3.25,33.0,33.6,23.5,11.6,1,1,1,1,1
2019-08-16T07,7.0,30.0,22.65,28.5,11.1,1,1,1,1,1
2019-08-16T08,4.0,31.75,30.725,27.525,13.425,1,1,1,1,1
2019-08-16T09,1.5,33.25,32.65,23.025,13.45,1,1,1,1,1
2019-08-16T10,3.5,27.75,46.625,10.525,13.5,1,1,1,1,1
2019-08-16T11,6.5,23.0,52.075,8.35,14.325,1,1,1,1,1
2019-08-16T12,9.333,38.667,48.433,5.6,14.567,1,1,1,1,1
2019-08-16T13,7.5,41.75,56.85,3.525,16.15,1,1,1,1,1
2019-08-16T14,12.25,46.25,49.825,4.425,16.725,1,1,1,1,1
2019-08-16T15,14.0,45.5,51.3,4.1,16.0,1,1,1,1,1
2019-08-16T16,15.0,46.5,34.575,7.425,15.967,1,1,1,1,1
2019-08-16T17,8.0,31.667,21.467,12.733,12.133,1,1,1,1,1
2019-08-16T18,5.167,21.166,20.934,11.267,11.0,2,2,2,2,2
2019-08-16T19,1.0,14.0,17.65,14.65,9.575,1,1,1,1,1
2019-08-16T20,1.0,20.0,,13.0,,1,1,0,1,0
2019-08-16T21,0.0,12.25,15.975,11.825,10.175,1,1,1,1,1
2019-08-16T22,1.0,8.25,16.275,9.6,9.733,1,1,1,1,1
2019-08-16T23,1.25,10.75,14.15,10.175,10.35,1,1,1,1,1
2019-08-17T00,2.75,8.5,21.525,7.0,10.15,1,1,1,1,1
2019-08-17T01,5.25,13.0,17.6,6.325,10.55,1,1,1,1,1
2019-08-17T02,5.25,14.0,15.8,6.05,10.75,1,1,1,1,1
2019-08-17T03,3.5,15.5,18.425,5.95,12.025,1,1,1,1,1
2019-08-17T04,4.25,10.25,20.45,5.35,12.9,1,1,1,1,1
2019-08-17T05,2.75,11.5,17.575,7.4,8.825,1,1,1,1,1
2019-08-17T06,6.0,22.75,22.075,8.425,7.775,1,1,1,1,1
2019-08-17T07,7.5,24.5,23.8,11.55,6.75,1,1,1,1,1
2019-08-17T08,4.0,20.333,23.333,12.3,,1,1,1,1,0
2019-08-17T09,0.0,12.75,23.325,13.2,,1,1,1,1,0
2019-08-17T10,,12.25,24.4,11.2,7.2,0,1,1,1,1
2019-08-17T11,,15.25,28.0,8.525,13.7,0,1,1,1,1
2019-08-17T12,,17.0,31.25,5.175,13.95,0,1,1,1,1
2019-08-17T13,,2.0,32.667,4.433,15.067,0,1,1,1,1
2019-08-17T14,2.0,12.0,37.8,3.3,13.7,1,1,1,1,1
2019-08-17T15,8.0,16.0,36.75,4.55,13.35,1,1,1,1,1
2019-08-17T16,5.75,17.0,30.225,4.175,13.233,1,1,1,1,1
2019-08-17T17,4.25,17.0,23.55,4.25,11.275,1,1,1,1,1
2019-08-17T18,2.0,17.0,23.4,4.4,11.35,2,2,2,2,2
2019-08-17T19,4.25,7.5,20.05,8.6,12.125,1,1,1,1,1
2019-08-17T20,2.0,3.0,21.2,5.05,12.7,1,1,1,1,1
2019-08-17T21,,1.0,14.85,5.4,12.4,0,1,1,1,1
2019-08-17T22,0.0,1.25,17.225,7.25,12.6,1,1,1,1,1
2019-08-17T23,0.5,3.75,31.0,4.05,13.025,1,1,1,1,1
2019-08-18T00,2.0,9.0,31.35,3.2,13.7,1,1,1,1,1
2019-08-18T01,3.0,17.5,35.55,7.025,13.775,1,1,1,1,1
2019-08-18T02,3.0,14.25,41.125,5.15,13.875,1,1,1,1,1
2019-08-18T03,3.5,18.25,33.375,6.55,14.625,1,1,1,1,1
2019-08-18T04,5.25,17.5,16.4,17.55,16.0,1,1,1,1,1
2019-08-18T05,6.0,13.0,15.0,25.3,12.75,1,1,1,1,1
2019-08-18T06,3.0,18.0,12.25,28.1,10.7,1,1,1,1,1
2019-08-18T07,7.0,23.0,11.8,34.7,9.1,1,1,1,1,1
2019-08-18T08,6.25,29.75,14.05,33.025,8.45,1,1,1,1,1
2019-08-18T09,7.0,20.0,13.7,37.9,8.1,1,1,1,1,1
2019-08-18T10,5.0,23.0,14.05,43.2,7.8,1,1,1,1,1
2019-08-18T11,6.0,28.0,17.1,43.75,8.7,1,1,1,1,1
2019-08-18T12,5.0,24.0,27.4,29.8,11.35,1,1,1,1,1
2019-08-18T13,5.0,36.0,62.45,9.35,12.05,1,1,1,1,1
2019-08-18T14,19.0,55.0,69.2,5.55,12.15,1,1,1,1,1
2019-08-18T15,29.5,78.75,86.275,4.225,13.675,1,1,1,1,1
2019-08-18T16,46.0,117.0,80.15,9.25,16.4,1,1,1,1,1
2019-08-18T17,46.0,113.0,77.267,34.633,14.3,1,1,1,1,1
2019-08-18T18,40.0,110.334,71.434,15.567,13.816,2,2,2,2,2
2019-08-18T19,45.0,107.0,65.2,,14.85,1,1,1,0,1
2019-08-18T20,40.0,90.0,,10.35,,1,1,0,1,0
2019-08-18T21,39.75,78.5,46.7,8.575,14.725,1,1,1,1,1
2019-08-18T22,39.0,83.0,38.7,9.0,14.1,1,1,1,1,1
2019-08-18T23,36.0,73.0,35.0,10.9,13.45,1,1,1,1,1
2019-08-19T00,39.0,79.0,36.0,12.8,13.9,1,1,1,1,1
2019-08-19T01,44.5,98.0,47.0,5.825,12.325,1,1,1,1,1
2019-08-19T02,44.0,89.25,39.5,10.525,10.4,1,1,1,1,1
2019-08-19T03,32.0,70.75,23.65,25.1,8.625,1,1,1,1,1
2019-08-19T04,16.5,42.5,24.025,53.55,9.133,1,1,1,1,1
2019-08-19T05,23.75,51.25,23.075,74.05,12.8,1,1,1,1,1
2019-08-19T06,23.0,55.0,16.65,89.15,12.1,1,1,1,1,1
2019-08-19T07,20.75,53.75,18.625,99.25,11.975,1,1,1,1,1
2019-08-19T08,17.0,62.5,16.6,76.875,11.6,1,1,1,1,1
2019-08-19T09,15.75,64.0,22.525,76.425,11.425,1,1,1,1,1
2019-08-19T10,13.25,63.25,35.525,64.05,11.567,1,1,1,1,1
2019-08-19T11,14.0,61.0,34.833,50.967,13.2,1,1,1,1,1
2019-08-19T12,10.25,58.5,59.625,27.95,13.975,1,1,1,1,1
2019-08-19T13,17.0,51.0,72.4,13.55,14.65,1,1,1,1,1
2019-08-19T14,30.0,69.0,94.75,4.35,15.95,1,1,1,1,1
2019-08-19T15,38.75,89.25,91.35,4.0,14.475,1,1,1,1,1
2019-08-19T16,49.5,115.5,82.725,4.275,15.1,1,1,1,1,1
2019-08-19T17,57.0,147.0,75.2,3.65,15.35,1,1,1,1,1
2019-08-19T18,63.0,133.834,57.133,2.867,16.334,2,2,2,2,2
2019-08-19T19,61.75,120.0,69.825,10.95,19.0,1,1,1,1,1
2019-08-19T20,55.0,92.25,53.1,5.075,14.0,1,1,1,1,1
2019-08-19T21,46.0,85.75,53.8,3.975,16.175,1,1,1,1,1
2019-08-19T22,47.25,99.25,50.05,3.825,16.8,1,1,1,1,1
2019-08-19T23,50.25,98.0,41.775,3.55,9.6,1,1,1,1,1
2019-08-20T00,47.75,100.5,31.775,3.35,8.75,1,1,1,1,1
2019-08-20T01,44.5,91.0,23.1,6.4,7.6,1,1,1,1,1
2019-08-20T02,39.75,78.25,21.55,12.125,7.05,1,1,1,1,1
2019-08-20T03,31.0,63.0,31.35,27.5,6.7,1,1,1,1,1
2019-08-20T04,34.75,69.0,30.225,35.225,7.4,1,1,1,1,1
2019-08-20T05,47.75,86.25,23.55,56.125,11.675,1,1,1,1,1
2019-08-20T06,32.0,70.5,22.275,64.65,10.625,1,1,1,1,1
2019-08-20T07,20.25,52.75,14.15,66.0,11.575,1,1,1,1,1
2019-08-20T08,10.667,40.0,14.033,62.733,12.633,1,1,1,1,1
2019-08-20T09,8.0,40.0,14.75,63.75,10.9,1,1,1,1,1
2019-08-20T10,8.25,45.0,15.2,75.375,11.067,1,1,1,1,1
2019-08-20T11,12.0,50.25,25.3,71.05,9.825,1,1,1,1,1
2019-08-20T12,13.25,67.0,41.225,55.65,12.0,1,1,1,1,1
2019-08-20T13,20.0,76.5,70.85,25.05,12.2,1,1,1,1,1
2019-08-20T14,29.0,96.0,87.15,10.9,11.85,1,1,1,1,1
2019-08-20T15,27.0,110.0,95.25,3.7,13.95,1,1,1,1,1
2019-08-20T16,40.0,125.0,89.9,3.7,13.0,1,1,1,1,1
2019-08-20T17,37.5,107.0,76.7,3.7,12.575,1,1,1,1,1
2019-08-20T18,35.0,107.0,71.916,3.484,12.05,2,2,2,2,2
2019-08-20T19,32.25,108.25,70.825,7.85,11.8,1,1,1,1,1
2019-08-20T20,39.0,112.0,,4.567,,1,1,0,1,0
2019-08-20T21,42.5,109.25,46.625,3.225,12.075,1,1,1,1,1
2019-08-20T22,44.0,101.0,56.05,2.9,11.5,1,1,1,1,1
2019-08-20T23,46.25,102.75,53.425,4.275,9.6,1,1,1,1,1
2019-08-21T00,50.0,102.0,58.733,4.167,10.133,1,1,1,1,1
2019-08-21T01,55.25,132.75,39.325,7.475,8.975,1,1,1,1,1
2019-08-21T02,35.0,132.0,40.4,11.15,7.75,1,1,1,1,1
2019-08-21T03,29.75,135.5,21.95,39.5,8.425,1,1,1,1,1
2019-08-21T04,29.0,128.0,23.35,56.05,9.1,1,1,1,1,1
2019-08-21T05,31.333,140.667,14.5,81.0,8.267,1,1,1,1,1
2019-08-21T06,28.5,127.25,14.175,81.975,8.75,1,1,1,1,1
2019-08-21T07,30.0,126.0,14.925,83.125,10.875,1,1,1,1,1
2019-08-21T08,28.333,127.333,13.533,77.467,9.7,1,1,1,1,1
2019-08-21T09,25.0,125.0,15.6,76.675,8.125,1,1,1,1,1
2019-08-21T10,22.667,125.0,17.3,73.433,8.633,1,1,1,1,1
2019-08-21T11,18.0,114.333,32.8,66.133,9.167,1,1,1,1,1
2019-08-21T12,18.0,104.5,55.725,43.4,9.375,1,1,1,1,1
2019-08-21T13,18.0,103.0,59.15,33.95,13.05,1,1,1,1,1
2019-08-21T14,31.25,111.75,99.475,7.2,13.1,1,1,1,1,1
2019-08-21T15,35.0,105.0,105.6,3.35,13.55,1,1,1,1,1
2019-08-21T16,38.75,128.0,100.875,4.3,12.633,1,1,1,1,1
2019-08-21T17,46.25,147.75,84.425,3.625,10.95,1,1,1,1,1
2019-08-21T18,42.5,159.334,68.8,2.75,10.767,2,2,2,2,2
2019-08-21T19,33.75,143.0,63.15,5.3,10.95,1,1,1,1,1
2019-08-21T20,30.0,134.0,,3.3,,1,1,0,1,0
2019-08-21T21,31.0,117.25,51.775,3.925,12.725,1,1,1,1,1
2019-08-21T22,25.0,106.0,43.65,9.05,11.95,1,1,1,1,1
2019-08-21T23,21.5,72.25,40.1,6.9,11.525,1,1,1,1,1
2019-08-22T00,17.0,70.0,39.675,6.1,11.375,1,1,1,1,1
2019-08-22T01,18.25,78.75,47.175,7.175,10.55,1,1,1,1,1
2019-08-22T02,24.75,110.0,42.875,18.075,9.575,1,1,1,1,1
2019-08-22T03,31.5,126.25,37.9,45.175,9.35,1,1,1,1,1
2019-08-22T04,27.0,130.0,36.1,74.25,8.8,1,1,1,1,1
2019-08-22T05,33.5,139.25,26.65,103.025,10.525,1,1,1,1,1
2019-08-22T06,33.5,134.75,20.225,108.35,10.675,1,1,1,1,1
2019-08-22T07,29.0,119.0,20.95,106.1,11.45,1,1,1,1,1
2019-08-22T08,26.5,107.75,24.175,73.65,10.375,1,1,1,1,1
2019-08-22T09,30.0,98.75,59.375,44.3,10.275,1,1,1,1,1
2019-08-22T10,25.25,61.5,90.825,15.25,10.533,1,1,1,1,1
2019-08-22T11,20.0,78.0,112.825,5.55,8.35,1,1,1,1,1
2019-08-22T12,31.0,127.0,132.625,5.125,12.85,1,1,1,1,1
2019-08-22T13,36.0,129.0,119.025,4.1,14.0,1,1,1,1,1
2019-08-22T14,51.0,135.0,113.85,3.85,15.2,1,1,1,1,1
2019-08-22T15,46.5,131.0,104.3,4.225,14.975,1,1,1,1,1
2019-08-22T16,52.0,146.5,86.375,3.825,15.567,1,1,1,1,1
2019-08-22T17,55.0,139.0,78.35,3.6,12.05,1,1,1,1,1
2019-08-22T18,53.0,134.0,76.35,3.5,7.7,2,2,2,2,2
2019-08-22T19,51.0,121.0,69.55,,6.35,1,1,1,0,1
2019-08-22T20,38.75,94.25,63.1,3.55,7.5,1,1,1,1,1
2019-08-22T21,35.75,89.0,60.625,3.425,8.35,1,1,1,1,1
2019-08-22T22,36.75,86.25,58.375,3.5,8.6,1,1,1,1,1
2019-08-22T23,33.25,77.0,57.3,3.875,12.225,1,1,1,1,1
2019-08-23T00,34.0,74.0,51.3,4.4,13.65,1,1,1,1,1
2019-08-23T01,39.25,111.0,71.125,4.15,16.05,1,1,1,1,1
2019-08-23T02,52.0,153.0,84.25,5.75,15.3,1,1,1,1,1
2019-08-23T03,45.0,155.25,42.175,36.0,9.4,1,1,1,1,1
2019-08-23T04,28.5,135.0,23.275,62.35,9.167,1,1,1,1,1
2019-08-23T05,24.0,117.0,20.9,75.0,12.9,1,1,1,1,1
2019-08-23T07,33.0,130.0,19.2,,,1,1,1,0,0
2019-08-23T08,31.0,129.0,20.9,91.55,15.95,1,1,1,1,1
2019-08-23T09,29.25,117.0,29.825,60.575,12.975,1,1,1,1,1
2019-08-23T10,26.5,82.0,44.75,49.725,11.5,1,1,1,1,1
2019-08-23T11,30.5,80.25,24.975,53.55,9.275,1,1,1,1,1
2019-08-23T12,19.25,64.0,67.3,21.875,11.475,1,1,1,1,1
2019-08-23T13,20.0,60.75,84.575,3.025,13.8,1,1,1,1,1
2019-08-23T14,32.25,90.5,86.0,1.25,15.225,1,1,1,1,1
2019-08-23T15,46.0,163.25,79.15,1.267,19.575,1,1,1,1,1
2019-08-23T16,61.0,189.25,58.45,,24.767,1,1,1,0,1
2019-08-23T17,71.0,193.75,51.875,,18.625,1,1,1,0,1
2019-08-23T18,70.834,189.5,52.7,1.0,14.55,2,2,2,1,2
2019-08-23T19,54.5,155.0,38.15,8.3,11.425,1,1,1,1,1
2019-08-23T20,52.5,145.0,27.9,3.925,12.6,1,1,1,1,1
2019-08-23T21,50.75,129.5,31.05,3.5,12.95,1,1,1,1,1
2019-08-23T22,50.25,115.75,23.75,2.95,17.267,1,1,1,1,1
2019-08-23T23,50.0,104.75,29.4,2.775,14.1,1,1,1,1,1
2019-08-24T00,47.75,106.25,35.275,3.125,12.775,1,1,1,1,1
2019-08-24T01,54.25,135.75,58.325,2.4,9.775,1,1,1,1,1
2019-08-24T02,72.75,185.5,74.025,7.875,5.9,1,1,1,1,1
2019-08-24T03,87.5,204.5,53.0,26.925,3.85,1,1,1,1,1
2019-08-24T04,72.75,173.5,47.225,40.4,3.5,1,1,1,1,1
2019-08-24T05,49.5,129.5,45.45,52.225,9.625,1,1,1,1,1
2019-08-24T06,45.0,97.75,89.9,47.575,12.45,1,1,1,1,1
2019-08-24T07,44.75,90.25,265.025,48.175,12.25,1,1,1,1,1
2019-08-24T08,47.0,102.25,54.425,71.5,11.7,1,1,1,1,1
2019-08-24T09,58.5,123.75,59.05,74.35,9.125,1,1,1,1,1
2019-08-24T10,60.75,134.0,42.525,44.65,8.733,1,1,1,1,1
2019-08-24T11,45.333,109.667,53.567,29.7,11.367,1,1,1,1,1
2019-08-24T12,47.25,111.0,97.65,11.2,14.525,1,1,1,1,1
2019-08-24T13,51.0,136.0,97.1,6.75,16.475,1,1,1,1,1
2019-08-24T14,49.75,132.75,86.075,6.15,16.575,1,1,1,1,1
2019-08-24T15,42.25,103.75,56.925,10.675,15.55,1,1,1,1,1
2019-08-24T16,31.0,72.25,55.675,10.575,15.8,1,1,1,1,1
2019-08-24T17,30.0,69.25,56.225,10.25,12.525,1,1,1,1,1
2019-08-24T18,27.0,67.834,63.666,4.583,10.117,2,2,2,2,2
2019-08-24T19,27.75,71.5,56.425,8.9,10.4,1,1,1,1,1
2019-08-24T20,31.0,73.75,51.8,4.0,16.3,1,1,1,1,1
2019-08-24T21,35.5,83.5,41.375,4.975,13.125,1,1,1,1,1
2019-08-24T22,36.75,75.0,43.675,4.15,12.8,1,1,1,1,1
2019-08-24T23,27.5,61.75,44.525,4.425,13.15,1,1,1,1,1
2019-08-25T00,29.0,58.0,43.5,4.95,11.65,1,1,1,1,1
2019-08-25T01,24.0,56.0,42.7,7.0,8.7,1,1,1,1,1
2019-08-25T02,22.0,53.0,33.8,11.15,6.95,1,1,1,1,1
2019-08-25T03,28.0,66.0,35.3,12.75,5.8,1,1,1,1,1
2019-08-25T04,19.0,57.0,36.0,16.3,7.4,1,1,1,1,1
2019-08-25T05,30.0,67.0,38.2,22.85,13.5,1,1,1,1,1
2019-08-25T06,26.0,61.75,28.325,33.575,11.975,1,1,1,1,1
2019-08-25T07,29.0,55.0,40.75,33.55,10.15,1,1,1,1,1
2019-08-25T08,20.0,47.0,23.85,50.1,9.3,1,1,1,1,1
2019-08-25T09,23.0,47.0,36.15,45.3,9.55,1,1,1,1,1
2019-08-25T10,13.25,47.0,46.575,14.35,9.1,1,1,1,1,1
2019-08-25T11,5.0,17.0,55.967,9.1,12.333,1,1,1,1,1
2019-08-25T12,7.75,23.25,68.375,5.2,16.075,1,1,1,1,1
2019-08-25T13,14.0,25.0,72.375,4.75,19.6,1,1,1,1,1
2019-08-25T14,17.0,28.0,72.95,3.1,20.15,1,1,1,1,1
2019-08-25T15,22.0,51.0,57.95,3.45,21.5,1,1,1,1,1
2019-08-25T16,13.25,41.75,51.175,3.15,19.0,1,1,1,1,1
2019-08-25T17,17.0,47.0,51.85,3.45,14.6,1,1,1,1,1
2019-08-25T18,11.0,47.0,53.9,2.8,13.2,1,1,1,1,1
2019-08-27T01,33.0,85.0,50.2,4.7,10.6,1,1,1,1,1
2019-08-27T02,28.0,73.0,38.25,10.75,7.85,1,1,1,1,1
2019-08-27T03,16.0,59.0,45.8,20.8,7.3,1,1,1,1,1
2019-08-27T04,9.0,48.0,32.4,32.2,5.4,1,1,1,1,1
2019-08-27T05,14.0,44.0,25.75,43.6,9.55,1,1,1,1,1
2019-08-27T06,17.0,45.0,22.45,69.975,9.95,1,1,1,1,1
2019-08-27T07,13.0,50.0,30.5,76.5,10.4,1,1,1,1,1
2019-08-27T08,18.0,55.0,18.7,70.425,9.375,1,1,1,1,1
2019-08-27T09,11.0,58.0,28.175,68.075,9.4,1,1,1,1,1
2019-08-27T10,24.0,75.0,39.525,58.15,9.9,1,1,1,1,1
2019-08-27T11,20.0,74.0,56.375,45.275,11.6,1,1,1,1,1
2019-08-27T12,25.0,78.0,94.0,13.275,12.45,1,1,1,1,1
2019-08-27T13,28.0,91.0,108.725,4.65,14.8,1,1,1,1,1
2019-08-27T14,35.25,116.0,104.95,3.6,20.2,1,1,1,1,1
2019-08-27T15,36.0,127.0,89.65,3.525,20.65,1,1,1,1,1
2019-08-27T16,35.0,117.0,79.35,4.1,20.2,1,1,1,1,1
2019-08-27T17,41.0,124.0,75.15,5.9,15.1,1,1,1,1,1
2019-08-27T18,45.0,127.0,66.166,3.867,11.5,2,2,2,2,2
2019-08-27T19,41.0,122.0,64.175,8.6,11.25,1,1,1,1,1
2019-08-27T20,46.0,108.0,65.0,4.2,14.4,1,1,1,1,1
2019-08-27T21,47.0,106.0,65.95,3.625,11.875,1,1,1,1,1
2019-08-27T22,45.0,106.0,65.7,4.3,11.35,1,1,1,1,1
2019-08-27T23,47.0,112.0,57.825,3.95,12.175,1,1,1,1,1
2019-08-28T00,51.0,111.0,58.2,4.133,11.633,1,1,1,1,1
2019-08-28T01,36.0,101.0,56.5,5.2,10.95,1,1,1,1,1
2019-08-28T02,39.0,97.0,47.55,9.8,9.5,1,1,1,1,1
2019-08-28T03,18.0,66.0,44.75,16.75,6.85,1,1,1,1,1
2019-08-28T04,12.0,52.0,31.3,31.2,5.967,1,1,1,1,1
2019-08-28T05,12.0,47.0,27.65,49.6,12.475,1,1,1,1,1
2019-08-28T06,13.0,56.0,29.9,57.55,15.4,1,1,1,1,1
2019-08-28T07,14.0,55.0,29.625,56.05,17.1,1,1,1,1,1
2019-08-28T08,14.0,56.0,26.7,46.225,17.325,1,1,1,1,1
2019-08-28T09,9.0,42.0,34.85,47.575,16.0,1,1,1,1,1
2019-08-28T10,19.0,56.0,43.875,40.575,15.1,1,1,1,1,1
2019-08-28T11,15.0,59.0,54.15,32.0,16.7,1,1,1,1,1
2019-08-28T12,17.0,67.0,67.55,20.8,17.1,1,1,1,1,1
2019-08-28T13,24.0,77.0,85.167,10.533,17.567,1,1,1,1,1
2019-08-28T14,23.75,84.0,94.525,7.35,19.625,1,1,1,1,1
2019-08-28T15,29.0,85.0,90.8,5.667,19.333,1,1,1,1,1
2019-08-28T16,35.0,99.0,89.475,4.05,19.2,1,1,1,1,1
2019-08-28T17,29.0,103.0,80.4,6.167,14.7,1,1,1,1,1
2019-08-28T18,38.0,86.0,74.95,4.925,12.225,2,2,2,2,2
2019-08-28T19,31.0,81.0,54.267,14.1,11.3,1,1,1,1,1
2019-08-28T20,28.0,67.0,39.3,13.967,11.1,1,1,1,1,1
2019-08-28T21,31.0,61.0,38.533,13.667,11.4,1,1,1,1,1
2019-08-28T22,30.0,63.0,45.1,6.4,9.433,1,1,1,1,1
2019-08-28T23,30.0,62.0,42.375,5.45,10.825,1,1,1,1,1
2019-08-29T00,29.0,62.0,50.933,3.867,11.6,1,1,1,1,1
2019-08-29T01,34.0,79.0,53.05,7.95,11.75,1,1,1,1,1
2019-08-29T02,42.0,99.0,46.75,13.5,13.225,1,1,1,1,1
2019-08-29T03,25.0,74.0,35.167,25.033,10.967,1,1,1,1,1
2019-08-29T04,16.0,64.0,30.225,32.55,8.933,1,1,1,1,1
2019-08-29T05,16.0,53.0,28.675,41.525,9.15,1,1,1,1,1
2019-08-29T06,13.0,50.0,28.5,50.975,9.125,1,1,1,1,1
2019-08-29T07,17.0,52.0,23.75,63.175,12.275,1,1,1,1,1
2019-08-29T08,22.0,59.0,39.567,61.067,10.367,1,1,1,1,1
2019-08-29T09,20.0,67.0,33.0,51.7,11.1,1,1,1,1,1
2019-08-29T10,22.0,64.0,44.4,42.15,12.55,1,1,1,1,1
2019-08-29T11,18.0,69.0,50.7,24.733,13.1,1,1,1,1,1
2019-08-29T12,21.5,92.0,57.85,13.775,13.3,1,1,1,1,1
2019-08-29T13,20.0,95.0,57.125,10.875,13.925,1,1,1,1,1
2019-08-29T14,25.5,95.0,65.25,8.875,13.625,1,1,1,1,1
2019-08-29T15,18.0,80.0,68.55,6.575,16.875,1,1,1,1,1
2019-08-29T16,18.0,86.0,56.75,11.9,16.9,1,1,1,1,1
2019-08-29T17,16.0,62.0,54.933,12.433,15.6,1,1,1,1,1
2019-08-29T18,19.0,63.0,52.5,9.334,15.15,2,2,2,2,2
2019-08-29T19,25.0,64.0,39.75,12.2,13.175,1,1,1,1,1
2019-08-29T20,18.0,61.0,40.4,11.35,13.1,1,1,1,1,1
2019-08-29T21,20.0,55.0,29.95,13.05,11.575,1,1,1,1,1
2019-08-29T22,8.0,25.0,36.825,9.925,11.167,1,1,1,1,1
2019-08-29T23,9.0,33.0,49.0,4.675,11.4,1,1,1,1,1
2019-08-30T00,18.0,47.0,45.225,4.975,11.2,1,1,1,1,1
2019-08-30T01,23.0,66.0,45.775,8.6,12.5,1,1,1,1,1
2019-08-30T02,35.0,91.0,41.8,12.925,14.7,1,1,1,1,1
2019-08-30T03,33.0,94.0,48.725,22.175,12.325,1,1,1,1,1
2019-08-30T04,42.0,107.0,30.867,40.2,11.05,1,1,1,1,1
2019-08-30T05,23.0,77.0,33.067,54.167,12.1,1,1,1,1,1
2019-08-30T06,20.0,72.0,28.075,63.575,12.4,1,1,1,1,1
2019-08-30T07,24.0,63.0,29.8,71.9,14.525,1,1,1,1,1
2019-08-30T08,25.0,68.0,32.275,73.6,14.2,1,1,1,1,1
2019-08-30T09,23.0,64.0,39.867,63.233,14.867,1,1,1,1,1
2019-08-30T10,27.0,80.0,49.975,48.35,13.6,1,1,1,1,1
2019-08-30T11,27.0,79.0,60.1,34.75,11.2,1,1,1,1,1
2019-08-30T12,18.667,83.0,83.567,21.567,10.767,1,1,1,1,1
2019-08-30T13,22.75,90.0,102.275,6.475,11.25,1,1,1,1,1
2019-08-30T14,25.0,83.0,84.775,6.85,11.975,1,1,1,1,1
2019-08-30T15,29.0,88.0,89.4,3.55,11.6,1,1,1,1,1
2019-08-30T16,24.333,78.0,88.0,3.3,11.3,1,1,1,1,1
2019-08-30T17,27.0,89.0,74.8,7.867,11.667,1,1,1,1,1
2019-08-30T18,27.0,70.0,73.3,5.816,12.05,2,2,2,2,2
2019-08-30T19,28.0,77.0,62.85,11.7,11.675,1,1,1,1,1
2019-08-30T20,30.0,72.0,,8.633,,1,1,0,1,0
2019-08-30T21,24.0,61.0,55.567,11.7,10.533,1,1,1,1,1
2019-08-30T22,29.0,59.0,51.85,15.575,10.867,1,1,1,1,1
2019-08-30T23,31.0,69.0,56.9,10.1,11.3,1,1,1,1,1
2019-08-31T00,31.0,59.0,52.525,8.55,11.675,1,1,1,1,1
2019-08-31T01,44.0,79.0,54.875,12.375,12.525,1,1,1,1,1
2019-08-31T02,41.0,107.0,50.7,20.075,12.1,1,1,1,1,1
2019-08-31T03,42.0,107.0,50.9,30.6,12.8,1,1,1,1,1
2019-08-31T04,34.0,95.0,35.3,68.425,13.1,1,1,1,1,1
2019-08-31T05,30.0,91.0,37.4,84.5,11.425,1,1,1,1,1
2019-08-31T06,35.0,91.0,35.4,85.8,12.3,1,1,1,1,1
2019-08-31T07,39.0,97.0,31.867,92.3,12.8,1,1,1,1,1
2019-08-31T08,29.0,90.0,55.0,51.425,12.575,1,1,1,1,1
2019-08-31T09,31.0,58.0,46.8,62.067,12.967,1,1,1,1,1
2019-08-31T10,28.0,63.0,36.625,79.55,14.067,1,1,1,1,1
2019-08-31T11,40.0,75.0,49.8,66.825,13.675,1,1,1,1,1
2019-08-31T12,41.0,90.0,103.225,37.0,11.95,1,1,1,1,1
2019-08-31T13,55.25,134.0,155.625,12.075,13.425,1,1,1,1,1
2019-08-31T14,57.5,135.0,154.775,7.85,15.3,1,1,1,1,1
2019-08-31T15,70.667,139.0,160.075,23.05,17.6,1,1,1,1,1
2019-08-31T16,88.0,201.0,134.775,10.35,18.033,1,1,1,1,1
2019-08-31T17,61.0,155.0,95.025,3.225,13.6,1,1,1,1,1
2019-08-31T18,61.0,157.0,72.017,2.716,13.567,2,2,2,2,2
2019-08-31T19,57.0,145.0,60.975,12.4,11.05,1,1,1,1,1
2019-08-31T20,25.0,68.0,49.6,5.8,10.8,1,1,1,1,1
2019-08-31T21,24.0,56.0,37.967,8.4,10.267,1,1,1,1,1
2019-08-31T22,25.0,53.0,42.3,4.35,10.767,1,1,1,1,1
2019-08-31T23,36.0,70.0,36.925,4.875,13.175,1,1,1,1,1
2019-09-01T00,27.0,57.0,30.2,7.275,12.975,1,1,1,1,1
2019-09-01T01,22.0,55.0,20.067,40.833,12.433,1,1,1,1,1
2019-09-01T02,9.0,33.0,24.433,41.4,11.533,1,1,1,1,1
2019-09-01T03,7.0,17.0,41.225,22.1,11.1,1,1,1,1,1
2019-09-01T04,7.0,31.0,44.8,20.2,10.533,1,1,1,1,1
2019-09-01T05,16.0,50.0,34.267,22.833,8.433,1,1,1,1,1
2019-09-01T06,9.0,40.0,32.633,22.567,10.5,1,1,1,1,1
2019-09-01T07,8.0,39.0,31.2,26.0,8.333,1,1,1,1,1
2019-09-01T08,5.0,25.0,35.425,31.125,8.4,1,1,1,1,1
2019-09-01T09,4.5,36.0,35.075,42.125,10.35,1,1,1,1,1
2019-09-01T10,3.0,38.0,46.0,42.35,13.35,1,1,1,1,1
2019-09-01T11,7.0,48.0,57.4,33.05,13.55,1,1,1,1,1
2019-09-01T12,12.75,52.0,68.425,20.3,14.975,1,1,1,1,1
2019-09-01T13,18.0,75.0,80.05,13.15,14.95,1,1,1,1,1
2019-09-01T14,16.0,68.0,59.5,27.0,19.167,1,1,1,1,1
2019-09-01T15,17.0,55.0,86.6,116.775,20.425,1,1,1,1,1
2019-09-01T16,20.75,67.0,83.7,143.575,19.367,1,1,1,1,1
2019-09-01T17,23.0,80.0,61.267,10.733,11.667,1,1,1,1,1
2019-09-01T18,29.0,75.0,43.05,8.966,8.733,2,2,2,2,2
2019-09-01T19,16.0,42.0,46.633,12.2,7.567,1,1,1,1,1
2019-09-01T20,17.0,46.0,,10.333,,1,1,0,1,0
2019-09-01T21,13.0,38.0,29.175,9.55,5.325,1,1,1,1,1
2019-09-01T22,14.5,35.0,35.475,7.425,8.367,1,1,1,1,1
2019-09-01T23,19.0,38.0,45.0,4.25,11.5,1,1,1,1,1
2019-09-02T00,22.0,47.0,42.167,3.867,10.9,1,1,1,1,1
2019-09-02T01,25.0,62.0,53.3,6.075,11.375,1,1,1,1,1
2019-09-02T02,35.0,79.0,42.75,11.5,10.1,1,1,1,1,1
2019-09-02T03,35.0,91.0,38.933,21.267,9.9,1,1,1,1,1
2019-09-02T04,26.333,75.0,32.85,44.0,9.2,1,1,1,1,1
2019-09-02T05,33.0,82.0,41.775,81.3,8.775,1,1,1,1,1
2019-09-02T06,33.0,91.0,30.225,106.1,11.225,1,1,1,1,1
2019-09-02T07,45.0,96.0,19.3,117.7,11.25,1,1,1,1,1
2019-09-02T08,49.75,92.0,25.7,149.325,8.85,1,1,1,1,1
2019-09-02T09,62.0,112.0,32.075,166.8,9.725,1,1,1,1,1
2019-09-02T10,74.0,153.0,37.15,137.35,10.55,1,1,1,1,1
2019-09-02T11,57.0,121.0,46.65,70.35,11.8,1,1,1,1,1
2019-09-02T12,50.5,110.0,116.525,43.25,14.425,1,1,1,1,1
2019-09-02T13,61.0,146.0,138.2,30.7,14.5,1,1,1,1,1
2019-09-02T14,55.5,124.0,122.55,20.875,18.125,1,1,1,1,1
2019-09-02T15,57.25,116.0,132.5,7.725,18.15,1,1,1,1,1
2019-09-02T16,62.75,121.0,93.825,12.275,18.567,1,1,1,1,1
2019-09-02T17,68.25,149.0,53.25,21.35,14.7,1,1,1,1,1
2019-09-02T18,42.0,89.0,53.466,13.95,12.383,2,2,2,2,2
2019-09-02T19,41.0,75.0,72.7,10.2,12.833,1,1,1,1,1
2019-09-02T20,39.0,80.0,70.9,3.625,11.8,1,1,1,1,1
2019-09-02T21,40.0,86.0,64.475,2.65,11.575,1,1,1,1,1
2019-09-02T22,41.0,79.0,58.833,2.633,12.633,1,1,1,1,1
2019-09-02T23,38.0,86.0,68.475,3.075,13.075,1,1,1,1,1
2019-09-03T00,83.0,149.0,63.725,3.5,14.525,1,1,1,1,1
2019-09-03T01,78.0,152.0,61.0,5.225,14.875,1,1,1,1,1
2019-09-03T02,93.5,166.0,30.55,16.05,15.275,1,1,1,1,1
2019-09-03T03,74.0,114.0,34.05,28.875,12.925,1,1,1,1,1
2019-09-03T04,44.0,97.0,39.9,65.0,10.833,1,1,1,1,1
2019-09-03T05,51.0,113.0,34.35,85.45,9.75,1,1,1,1,1
2019-09-03T06,53.0,111.0,30.0,94.1,11.4,1,1,1,1,1
2019-09-03T07,,114.0,64.4,81.5,10.8,0,1,1,1,1
2019-09-03T10,46.0,83.0,27.067,67.467,10.533,1,1,1,1,1
2019-09-03T11,48.0,105.0,46.35,50.45,12.175,1,1,1,1,1
2019-09-03T12,51.0,116.0,81.55,29.05,12.15,1,1,1,1,1
2019-09-03T13,58.0,135.0,102.45,10.7,12.35,1,1,1,1,1
2019-09-03T14,68.0,140.0,121.55,20.15,13.35,1,1,1,1,1
2019-09-03T15,65.75,138.0,111.225,22.225,10.475,1,1,1,1,1
2019-09-03T16,62.0,133.0,107.3,21.667,10.267,1,1,1,1,1
2019-09-03T17,66.25,135.0,97.625,17.6,11.025,1,1,1,1,1
2019-09-03T18,64.0,129.0,104.15,9.25,11.95,2,2,2,2,2
2019-09-03T19,77.0,171.0,90.25,20.3,12.65,1,1,1,1,1
2019-09-03T20,74.0,173.0,72.2,18.25,14.0,1,1,1,1,1
2019-09-03T21,86.0,158.0,79.95,12.725,12.55,1,1,1,1,1
2019-09-03T22,79.0,134.0,80.267,11.367,11.367,1,1,1,1,1
2019-09-03T23,74.0,118.0,74.35,10.5,8.75,1,1,1,1,1
2019-09-04T00,73.0,118.0,71.075,7.925,11.0,1,1,1,1,1
2019-09-04T01,83.0,156.0,65.567,9.7,10.767,1,1,1,1,1
2019-09-04T02,59.0,119.0,65.233,86.6,8.267,1,1,1,1,1
2019-09-04T03,89.0,183.0,52.6,12.5,8.6,1,1,1,1,1
2019-09-04T04,124.0,224.0,48.833,17.0,13.733,1,1,1,1,1
2019-09-04T05,109.25,196.0,58.725,30.0,10.8,1,1,1,1,1
2019-09-04T06,62.0,139.0,40.6,52.467,11.367,1,1,1,1,1
2019-09-04T07,40.0,108.0,34.6,103.4,11.05,1,1,1,1,1
2019-09-04T08,68.0,134.0,44.667,93.433,13.967,1,1,1,1,1
2019-09-04T09,55.25,123.0,34.95,79.975,12.175,1,1,1,1,1
2019-09-04T10,50.5,105.0,35.55,71.4,8.733,1,1,1,1,1
2019-09-04T11,52.0,112.0,62.233,45.9,14.9,1,1,1,1,1
2019-09-04T12,51.0,119.0,77.125,25.425,16.0,1,1,1,1,1
2019-09-04T13,47.75,118.0,83.45,10.85,16.125,1,1,1,1,1
2019-09-04T14,45.75,107.5,79.775,6.325,17.425,1,1,1,1,1
2019-09-04T15,40.5,106.0,58.05,9.75,17.4,1,1,1,1,1
2019-09-04T16,36.0,86.0,47.025,9.475,17.933,1,1,1,1,1
2019-09-04T17,27.0,69.5,57.85,5.175,17.3,1,1,1,1,1
2019-09-04T18,33.0,74.0,44.433,3.284,13.933,2,2,2,2,2
2019-09-04T19,40.0,83.25,32.775,9.75,13.1,1,1,1,1,1
2019-09-04T20,31.0,69.0,27.0,9.975,12.3,1,1,1,1,1
2019-09-04T21,24.0,61.0,22.35,13.05,12.65,1,1,1,1,1
2019-09-04T22,12.0,42.0,24.4,11.2,12.85,1,1,1,1,1
2019-09-04T23,23.0,48.0,38.9,4.475,12.8,1,1,1,1,1
2019-09-05T00,24.0,66.0,34.325,5.0,13.675,1,1,1,1,1
2019-09-05T01,19.0,57.0,37.825,4.775,15.2,1,1,1,1,1
2019-09-05T02,19.0,67.0,33.15,7.35,12.6,1,1,1,1,1
2019-09-05T03,25.0,68.0,31.767,13.067,10.533,1,1,1,1,1
2019-09-05T04,25.0,68.0,29.625,23.9,12.333,1,1,1,1,1
2019-09-05T05,30.0,86.0,27.0,39.5,11.95,1,1,1,1,1
2019-09-05T06,31.0,91.0,28.45,73.8,12.025,1,1,1,1,1
2019-09-05T07,25.0,85.0,30.333,54.767,12.667,1,1,1,1,1
2019-09-05T08,16.0,70.0,38.875,34.375,12.7,1,1,1,1,1
2019-09-05T09,16.0,70.0,31.2,31.55,13.5,1,1,1,1,1
2019-09-05T10,14.5,59.0,50.85,29.925,12.067,1,1,1,1,1
2019-09-05T11,17.75,68.25,61.2,21.6,10.95,1,1,1,1,1
2019-09-05T12,14.0,66.0,77.775,9.375,10.7,1,1,1,1,1
2019-09-05T13,12.5,66.0,73.825,3.55,11.35,1,1,1,1,1
2019-09-05T14,16.25,81.0,76.15,3.675,12.325,1,1,1,1,1
2019-09-05T15,23.0,101.25,65.5,3.3,12.475,1,1,1,1,1
2019-09-05T16,22.75,90.0,62.25,3.475,12.9,1,1,1,1,1
2019-09-05T17,25.667,91.0,56.075,4.1,13.4,1,1,1,1,1
2019-09-05T18,27.0,83.0,56.425,3.225,13.2,2,2,2,2,2
2019-09-05T19,35.0,80.0,43.875,9.55,12.075,1,1,1,1,1
2019-09-05T20,25.0,61.0,33.8,9.8,13.1,1,1,1,1,1
2019-09-05T21,16.0,45.0,28.267,9.467,12.133,1,1,1,1,1
2019-09-05T22,24.0,48.0,31.925,6.0,13.133,1,1,1,1,1
2019-09-05T23,22.0,54.75,39.55,4.4,13.625,1,1,1,1,1
2019-09-06T00,20.0,51.0,39.2,3.475,13.525,1,1,1,1,1
2019-09-06T01,24.0,64.0,34.95,5.275,15.1,1,1,1,1,1
2019-09-06T02,27.0,78.0,40.925,9.35,14.3,1,1,1,1,1
2019-09-06T03,31.0,88.0,38.625,19.05,12.5,1,1,1,1,1
2019-09-06T04,27.0,83.0,34.45,29.0,13.933,1,1,1,1,1
2019-09-06T05,25.0,80.0,31.225,43.225,15.6,1,1,1,1,1
2019-09-06T06,27.0,69.0,36.55,37.275,14.9,1,1,1,1,1
2019-09-06T07,20.0,68.0,24.267,43.467,15.167,1,1,1,1,1
2019-09-06T08,22.0,43.667,21.233,49.633,14.967,1,1,1,1,1
2019-09-06T09,13.0,47.0,32.833,47.1,15.0,1,1,1,1,1
2019-09-06T10,14.0,55.0,49.933,24.833,15.4,1,1,1,1,1
2019-09-06T11,16.0,64.0,66.933,17.167,13.233,1,1,1,1,1
2019-09-06T12,,50.0,88.325,6.025,12.7,0,1,1,1,1
2019-09-06T13,33.0,89.75,72.3,4.35,15.25,1,1,1,1,1
2019-09-06T14,33.0,110.0,61.667,4.667,15.2,1,1,1,1,1
2019-09-06T15,24.25,73.0,57.875,3.625,15.425,1,1,1,1,1
2019-09-06T16,31.0,90.0,50.275,4.025,15.067,1,1,1,1,1
2019-09-06T17,29.0,68.0,41.225,5.175,13.025,1,1,1,1,1
2019-09-06T18,11.0,48.0,40.9,4.8,11.15,2,2,2,2,2
2019-09-06T19,17.0,42.0,38.875,8.15,10.725,1,1,1,1,1
2019-09-06T20,17.0,36.0,38.9,7.325,9.5,1,1,1,1,1
2019-09-06T21,22.0,51.0,36.7,2.867,9.1,1,1,1,1,1
2019-09-06T22,27.0,63.0,39.1,3.3,10.967,1,1,1,1,1
2019-09-06T23,14.5,35.0,43.825,4.0,14.05,1,1,1,1,1
2019-09-07T00,22.0,45.0,45.95,4.425,14.85,1,1,1,1,1
2019-09-07T01,31.0,73.0,34.75,7.5,16.0,1,1,1,1,1
2019-09-07T02,35.5,80.0,29.825,11.85,13.925,1,1,1,1,1
2019-09-07T03,34.0,74.0,30.425,19.2,12.475,1,1,1,1,1
2019-09-07T04,33.75,80.0,26.55,30.275,13.267,1,1,1,1,1
2019-09-07T05,30.0,70.0,28.175,38.55,14.95,1,1,1,1,1
2019-09-07T06,28.0,68.0,29.133,46.167,13.867,1,1,1,1,1
2019-09-07T07,22.25,59.0,31.825,60.525,14.05,1,1,1,1,1
2019-09-07T08,22.0,64.0,41.4,52.3,14.75,1,1,1,1,1
2019-09-07T09,18.0,73.0,37.025,54.45,14.45,1,1,1,1,1
2019-09-07T10,13.75,24.0,69.6,22.575,13.8,1,1,1,1,1
2019-09-07T11,19.25,40.0,70.55,9.025,12.7,1,1,1,1,1
2019-09-07T12,22.25,63.0,76.15,4.65,12.5,1,1,1,1,1
2019-09-07T13,29.0,80.0,65.075,3.8,13.05,1,1,1,1,1
2019-09-07T14,29.0,94.0,54.867,3.133,13.233,1,1,1,1,1
2019-09-07T15,28.0,67.0,53.3,4.725,14.6,1,1,1,1,1
2019-09-07T16,28.667,67.0,53.85,3.6,13.967,1,1,1,1,1
2019-09-07T17,24.0,69.0,42.2,4.825,12.775,1,1,1,1,1
2019-09-07T18,28.0,55.0,39.117,5.333,11.566,2,2,2,2,2
2019-09-07T19,16.0,42.0,36.75,7.45,9.25,1,1,1,1,1
2019-09-07T20,16.0,41.0,30.4,4.65,10.1,1,1,1,1,1
2019-09-07T21,25.0,53.0,28.975,5.125,8.975,1,1,1,1,1
2019-09-07T22,13.0,41.0,30.675,4.2,9.4,1,1,1,1,1
2019-09-07T23,17.0,34.0,33.35,3.975,13.4,1,1,1,1,1
2019-09-08T00,18.0,38.0,32.375,3.475,14.55,1,1,1,1,1
2019-09-08T01,19.0,41.0,31.5,4.35,13.1,1,1,1,1,1
2019-09-08T02,16.0,55.0,45.067,253.033,14.933,1,1,1,1,1
2019-09-08T03,38.0,95.0,40.367,160.8,15.167,1,1,1,1,1
2019-09-08T04,39.0,79.0,21.85,67.7,15.067,1,1,1,1,1
2019-09-08T05,27.0,63.25,23.075,144.125,13.625,1,1,1,1,1
2019-09-08T06,51.0,88.0,27.625,211.4,13.95,1,1,1,1,1
2019-09-08T07,56.0,91.0,22.975,114.25,14.6,1,1,1,1,1
2019-09-08T08,40.0,75.0,16.425,70.875,16.325,1,1,1,1,1
2019-09-08T09,27.0,52.0,14.25,65.7,16.25,1,1,1,1,1
2019-09-08T10,23.0,56.0,14.667,65.367,14.1,1,1,1,1,1
2019-09-08T11,12.0,55.0,21.15,47.8,11.325,1,1,1,1,1
2019-09-08T12,27.0,55.0,32.65,32.85,10.65,1,1,1,1,1
2019-09-08T13,28.5,69.0,55.9,12.275,10.675,1,1,1,1,1
2019-09-08T14,27.0,72.0,71.1,4.925,11.15,1,1,1,1,1
2019-09-08T15,30.0,67.0,64.55,6.85,10.625,1,1,1,1,1
2019-09-08T16,27.0,70.0,67.9,6.5,12.233,1,1,1,1,1
2019-09-08T17,48.0,123.0,64.575,10.075,13.175,1,1,1,1,1
2019-09-08T18,50.0,108.0,59.433,26.15,12.633,2,2,2,2,2
2019-09-08T19,44.0,101.0,53.4,13.55,13.55,1,1,1,1,1
2019-09-08T20,50.0,97.0,55.2,8.3,13.7,1,1,1,1,1
2019-09-08T21,58.0,103.0,59.4,4.95,10.725,1,1,1,1,1
2019-09-08T22,62.0,119.0,49.833,4.8,10.3,1,1,1,1,1
2019-09-08T23,53.0,88.0,43.167,6.3,10.5,1,1,1,1,1
2019-09-09T00,52.0,88.0,33.0,6.6,11.833,1,1,1,1,1
2019-09-09T01,52.0,99.0,52.5,5.875,13.875,1,1,1,1,1
2019-09-09T02,74.0,139.0,56.475,12.55,12.3,1,1,1,1,1
2019-09-09T03,61.5,117.25,22.8,37.85,9.325,1,1,1,1,1
2019-09-09T04,45.0,79.0,18.333,65.967,9.2,1,1,1,1,1
2019-09-09T05,44.0,86.0,18.2,108.925,12.25,1,1,1,1,1
2019-09-09T06,41.25,102.0,20.55,129.325,11.9,1,1,1,1,1
2019-09-09T07,46.667,108.0,20.733,127.367,12.033,1,1,1,1,1
2019-09-09T08,56.0,123.0,21.133,112.867,12.2,1,1,1,1,1
2019-09-09T09,63.0,140.0,22.55,92.8,12.5,1,1,1,1,1
2019-09-09T10,51.0,130.0,30.05,72.0,13.35,1,1,1,1,1
2019-09-09T11,45.0,113.0,29.967,52.367,12.4,1,1,1,1,1
2019-09-09T12,37.5,106.0,61.65,28.9,11.65,1,1,1,1,1
2019-09-09T13,37.667,106.0,77.225,10.4,12.4,1,1,1,1,1
2019-09-09T14,44.0,116.0,88.667,3.433,11.733,1,1,1,1,1
2019-09-09T15,42.75,123.0,82.65,3.875,15.4,1,1,1,1,1
2019-09-09T16,50.25,119.0,85.625,4.525,17.533,1,1,1,1,1
2019-09-09T17,61.667,160.0,76.833,3.833,14.0,1,1,1,1,1
2019-09-09T18,53.0,123.0,71.6,3.6,12.1,1,1,1,1,1
2019-09-10T18,96.0,202.0,89.9,8.4,15.433,1,1,1,1,1
2019-09-10T19,97.0,197.0,60.375,14.5,14.6,1,1,1,1,1
2019-09-10T20,77.0,146.0,61.0,5.875,14.1,1,1,1,1,1
2019-09-10T21,69.0,132.0,58.325,4.85,14.875,1,1,1,1,1
2019-09-10T22,72.0,121.0,52.825,4.3,16.1,1,1,1,1,1
2019-09-10T23,66.0,118.0,66.267,3.967,13.033,1,1,1,1,1
2019-09-11T00,55.0,92.0,53.55,6.4,10.95,1,1,1,1,1
2019-09-11T01,77.0,158.0,56.85,5.375,10.725,1,1,1,1,1
2019-09-11T02,66.0,139.0,68.833,7.833,10.233,1,1,1,1,1
2019-09-11T03,59.0,157.0,44.333,37.7,10.267,1,1,1,1,1
2019-09-11T04,63.25,156.0,29.175,74.325,11.267,1,1,1,1,1
2019-09-11T05,60.5,144.0,24.025,115.775,13.0,1,1,1,1,1
2019-09-11T06,59.0,141.0,25.575,153.075,12.5,1,1,1,1,1
2019-09-11T07,66.0,139.0,33.05,183.6,12.875,1,1,1,1,1
2019-09-11T08,62.75,121.0,24.85,220.75,13.275,1,1,1,1,1
2019-09-11T09,63.0,128.0,33.45,219.225,12.125,1,1,1,1,1
2019-09-11T10,67.0,144.0,67.867,114.233,10.9,1,1,1,1,1
2019-09-11T11,,173.0,87.4,94.4,11.3,0,1,1,1,1
2019-09-11T12,74.0,188.0,113.633,41.4,13.6,1,1,1,1,1
2019-09-11T18,78.0,173.0,75.9,9.35,11.584,2,2,2,2,2
2019-09-11T19,67.0,133.0,43.625,19.75,11.25,1,1,1,1,1
2019-09-11T20,67.0,123.0,,14.833,,1,1,0,1,0
2019-09-11T21,62.0,111.0,45.7,12.775,9.775,1,1,1,1,1
2019-09-11T22,56.0,102.0,40.45,12.5,10.233,1,1,1,1,1
2019-09-11T23,56.0,100.0,47.875,11.05,10.85,1,1,1,1,1
2019-09-12T00,48.0,89.0,48.25,10.475,10.45,1,1,1,1,1
2019-09-12T01,59.0,112.0,52.625,11.85,11.25,1,1,1,1,1
2019-09-12T02,62.0,124.0,49.625,20.0,12.075,1,1,1,1,1
2019-09-12T03,63.0,134.0,42.5,34.025,12.55,1,1,1,1,1
2019-09-12T04,56.0,128.0,38.55,52.125,12.333,1,1,1,1,1
2019-09-12T05,53.0,133.0,37.675,47.525,13.025,1,1,1,1,1
2019-09-12T06,42.0,111.0,29.9,49.6,13.65,1,1,1,1,1
2019-09-12T07,45.333,101.0,37.8,51.8,5.6,1,1,1,1,1
2019-09-12T08,41.75,92.0,40.675,53.5,7.025,1,1,1,1,1
2019-09-12T09,37.0,94.0,40.233,52.133,6.567,1,1,1,1,1
2019-09-12T10,29.0,90.0,51.267,43.4,7.433,1,1,1,1,1
2019-09-12T11,25.0,66.0,53.067,37.533,6.067,1,1,1,1,1
2019-09-12T12,29.5,93.5,73.875,15.0,6.767,1,1,1,1,1
2019-09-12T13,28.0,107.0,65.7,12.833,7.267,1,1,1,1,1
2019-09-12T14,37.333,100.0,59.2,11.0,6.6,1,1,1,1,1
2019-09-12T15,42.0,86.0,51.75,12.7,5.85,1,1,1,1,1
2019-09-12T16,46.5,94.5,52.35,7.75,8.333,1,1,1,1,1
2019-09-12T17,43.5,83.5,37.575,10.525,7.225,1,1,1,1,1
2019-09-12T18,37.666,62.834,35.567,7.733,7.333,2,2,2,2,2
2019-09-12T19,31.0,57.0,30.8,,7.15,1,1,1,0,1
2019-09-12T20,36.0,64.0,,11.15,,1,1,0,1,0
2019-09-12T21,34.5,55.0,20.45,12.5,6.95,1,1,1,1,1
2019-09-12T22,31.0,53.0,30.633,8.5,6.967,1,1,1,1,1
2019-09-12T23,34.5,59.0,30.875,6.025,6.35,1,1,1,1,1
2019-09-13T00,33.0,47.0,35.3,4.7,6.7,1,1,1,1,1
2019-09-13T01,35.0,40.5,30.0,6.125,7.075,1,1,1,1,1
2019-09-13T02,37.333,76.333,33.367,9.067,7.467,1,1,1,1,1
2019-09-13T03,30.25,70.0,39.925,15.575,8.125,1,1,1,1,1
2019-09-13T04,31.0,79.0,37.1,26.2,6.9,1,1,1,1,1
2019-09-13T05,22.667,72.333,27.2,38.633,5.033,1,1,1,1,1
2019-09-13T06,18.0,59.0,28.0,47.9,5.15,1,1,1,1,1
2019-09-13T07,18.25,56.5,25.575,54.45,4.975,1,1,1,1,1
2019-09-13T08,16.0,61.0,28.533,48.033,5.267,1,1,1,1,1
2019-09-13T09,12.0,61.0,33.633,45.667,6.067,1,1,1,1,1
2019-09-13T10,13.5,49.0,43.35,37.65,7.2,1,1,1,1,1
2019-09-13T11,13.0,53.333,54.567,27.767,3.333,1,1,1,1,1
2019-09-13T12,12.75,68.0,69.525,14.7,3.925,1,1,1,1,1
2019-09-13T13,18.0,80.25,72.45,9.975,2.55,1,1,1,1,1
2019-09-13T14,20.75,83.25,71.6,6.275,2.475,1,1,1,1,1
2019-09-13T15,29.0,90.0,60.05,6.55,2.45,1,1,1,1,1
2019-09-13T16,23.0,73.0,47.533,10.4,5.333,1,1,1,1,1
2019-09-13T17,18.25,50.75,53.175,6.4,3.05,1,1,1,1,1
2019-09-13T18,20.666,47.166,47.617,6.3,2.75,2,2,2,2,2
2019-09-13T19,15.0,46.25,31.2,12.1,2.9,1,1,1,1,1
2019-09-13T20,18.25,39.75,23.4,9.825,2.2,1,1,1,1,1
2019-09-13T21,19.0,35.25,15.925,18.775,0.6,1,1,1,1,1
2019-09-13T22,19.0,33.0,16.333,16.167,1.567,1,1,1,1,1
2019-09-13T23,19.75,39.75,20.25,15.1,6.225,1,1,1,1,1
2019-09-14T00,19.75,37.0,23.025,14.15,10.55,1,1,1,1,1
2019-09-14T01,20.75,39.0,21.375,13.825,10.95,1,1,1,1,1
2019-09-14T02,19.0,36.75,20.625,16.65,8.725,1,1,1,1,1
2019-09-14T03,25.0,39.0,19.833,20.833,7.533,1,1,1,1,1
2019-09-14T04,27.75,53.5,21.975,31.2,9.9,1,1,1,1,1
2019-09-14T05,33.25,59.5,17.6,42.85,6.025,1,1,1,1,1
2019-09-14T06,25.5,50.0,24.8,43.4,5.6,1,1,1,1,1
2019-09-14T07,25.0,62.0,19.375,55.3,6.6,1,1,1,1,1
2019-09-14T08,19.75,62.0,22.675,53.825,7.875,1,1,1,1,1
2019-09-14T09,22.25,63.25,23.05,55.225,5.775,1,1,1,1,1
2019-09-14T10,22.0,66.0,27.925,56.925,4.767,1,1,1,1,1
2019-09-14T11,20.333,66.0,42.6,24.333,5.6,1,1,1,1,1
2019-09-14T12,21.75,72.25,53.325,13.225,7.525,1,1,1,1,1
2019-09-14T13,19.0,71.75,52.225,10.45,8.775,1,1,1,1,1
2019-09-14T14,22.25,67.75,48.4,8.9,8.85,1,1,1,1,1
2019-09-14T15,23.0,64.0,39.425,9.1,7.375,1,1,1,1,1
2019-09-14T16,21.5,53.75,32.625,11.25,8.867,1,1,1,1,1
2019-09-14T17,17.75,49.0,32.55,8.475,1.875,1,1,1,1,1
2019-09-14T18,18.834,42.5,24.617,11.034,1.333,2,2,2,2,2
2019-09-14T19,14.25,26.0,20.5,11.2,1.35,1,1,1,1,1
2019-09-14T20,18.0,29.0,,14.1,,1,1,0,1,0
2019-09-14T21,18.0,33.0,17.933,14.033,0.9,1,1,1,1,1
2019-09-14T22,23.0,36.0,18.967,12.767,1.2,1,1,1,1,1
2019-09-14T23,20.0,44.0,30.15,6.95,4.5,1,1,1,1,1
2019-09-15T00,24.0,41.0,30.8,7.467,7.733,1,1,1,1,1
2019-09-15T01,27.0,45.5,24.625,7.725,8.575,1,1,1,1,1
2019-09-15T02,25.25,42.25,24.525,8.45,8.3,1,1,1,1,1
2019-09-15T03,29.0,46.0,17.7,14.767,8.533,1,1,1,1,1
2019-09-15T04,30.25,52.0,19.075,27.175,8.533,1,1,1,1,1
2019-09-15T05,28.0,58.0,16.533,39.5,6.633,1,1,1,1,1
2019-09-15T06,31.0,70.0,31.267,81.3,6.067,1,1,1,1,1
2019-09-15T07,49.25,78.5,39.15,95.6,6.35,1,1,1,1,1
2019-09-15T08,59.0,95.0,44.8,39.833,8.633,1,1,1,1,1
2019-09-15T09,34.5,57.25,38.925,57.175,10.025,1,1,1,1,1
2019-09-15T10,36.0,70.0,27.65,58.25,12.35,1,1,1,1,1
2019-09-15T11,34.0,63.0,48.767,36.4,12.433,1,1,1,1,1
2019-09-15T12,33.25,84.75,72.875,15.7,12.675,1,1,1,1,1
2019-09-15T13,40.0,108.0,71.833,6.8,12.033,1,1,1,1,1
2019-09-15T14,37.0,98.5,69.325,4.05,11.275,1,1,1,1,1
2019-09-15T15,34.0,79.0,66.867,4.6,12.133,1,1,1,1,1
2019-09-15T16,28.0,66.0,67.9,4.767,13.533,1,1,1,1,1
2019-09-15T17,40.25,103.0,61.075,4.625,8.35,1,1,1,1,1
2019-09-15T18,40.834,91.334,57.716,3.433,5.983,2,2,2,2,2
2019-09-15T19,39.75,78.75,48.575,8.95,3.4,1,1,1,1,1
2019-09-15T20,41.0,80.5,41.7,8.725,6.2,1,1,1,1,1
2019-09-15T21,44.25,78.0,44.525,5.075,4.725,1,1,1,1,1
2019-09-15T22,36.0,75.0,39.325,5.325,4.933,1,1,1,1,1
2019-09-15T23,36.0,75.0,34.775,7.05,2.825,1,1,1,1,1
2019-09-16T00,38.25,75.75,38.85,5.6,5.6,1,1,1,1,1
2019-09-16T01,44.0,80.5,47.25,5.225,4.475,1,1,1,1,1
2019-09-16T02,42.5,90.0,49.675,7.375,3.925,1,1,1,1,1
2019-09-16T03,48.25,97.25,38.975,25.825,0.925,1,1,1,1,1
2019-09-16T04,52.0,101.0,29.933,52.567,0.6,1,1,1,1,1
2019-09-16T05,48.0,102.0,20.5,81.133,2.967,1,1,1,1,1
2019-09-16T06,41.0,68.0,20.75,128.55,4.9,1,1,1,1,1
2019-09-16T08,64.0,133.0,27.3,167.6,7.4,1,1,1,1,1
2019-09-16T09,56.0,120.5,24.15,105.85,7.4,1,1,1,1,1
2019-09-16T10,45.5,98.25,26.6,91.05,8.367,1,1,1,1,1
2019-09-16T11,47.0,94.0,42.55,75.5,6.9,1,1,1,1,1
2019-09-16T12,55.0,117.0,79.067,42.433,5.933,1,1,1,1,1
2019-09-16T13,65.5,156.75,97.975,21.075,5.825,1,1,1,1,1
2019-09-16T14,70.0,156.0,107.35,8.35,6.3,1,1,1,1,1
2019-09-16T15,75.0,167.0,82.95,13.9,7.25,1,1,1,1,1
2019-09-16T16,69.0,141.0,97.933,6.7,6.967,1,1,1,1,1
2019-09-16T17,87.75,174.0,89.9,174.5,5.075,1,1,1,1,1
2019-09-16T18,85.834,177.834,83.867,45.684,7.367,2,2,2,2,2
2019-09-16T19,90.0,185.25,67.275,11.1,8.45,1,1,1,1,1
2019-09-16T20,74.25,146.5,54.3,5.2,9.5,1,1,1,1,1
2019-09-16T21,77.0,142.0,48.4,3.8,7.2,1,1,1,1,1
2019-09-16T22,84.5,141.5,38.45,16.05,8.267,1,1,1,1,1
2019-09-16T23,62.0,86.0,60.733,7.333,6.833,1,1,1,1,1
2019-09-17T00,34.75,58.25,58.35,4.325,6.45,1,1,1,1,1
2019-09-17T01,35.0,70.25,50.225,14.275,5.575,1,1,1,1,1
2019-09-17T02,47.0,95.0,42.833,25.467,5.567,1,1,1,1,1
2019-09-17T03,33.0,75.75,46.775,24.825,5.1,1,1,1,1,1
2019-09-17T04,30.0,69.0,60.433,23.3,5.267,1,1,1,1,1
2019-09-17T05,31.0,84.0,52.267,40.7,7.7,1,1,1,1,1
2019-09-17T06,33.0,73.0,41.433,79.067,8.2,1,1,1,1,1
2019-09-17T07,31.0,84.0,32.533,141.067,8.667,1,1,1,1,1
2019-09-17T08,44.0,92.0,37.2,219.933,8.567,1,1,1,1,1
2019-09-17T09,45.5,127.0,24.225,150.5,7.7,1,1,1,1,1
2019-09-17T10,48.0,150.0,25.133,132.9,8.3,1,1,1,1,1
2019-09-17T11,45.25,125.0,33.475,95.0,7.275,1,1,1,1,1
2019-09-17T12,31.0,110.0,65.1,53.933,7.5,1,1,1,1,1
2019-09-17T13,47.0,155.5,128.425,14.2,7.85,1,1,1,1,1
2019-09-17T14,54.0,132.0,55.25,24.25,9.05,1,1,1,1,1
2019-09-17T15,50.0,115.333,58.9,19.533,8.167,1,1,1,1,1
2019-09-17T16,40.5,94.0,64.775,14.8,7.633,1,1,1,1,1
2019-09-17T17,42.75,95.25,61.25,7.325,7.475,1,1,1,1,1
2019-09-17T18,45.834,116.0,56.5,4.316,8.366,2,2,2,2,2
2019-09-17T19,48.75,107.0,49.275,8.15,8.175,1,1,1,1,1
2019-09-17T20,44.75,93.25,36.7,5.7,8.2,1,1,1,1,1
2019-09-17T21,42.75,87.0,44.45,4.7,8.325,1,1,1,1,1
2019-09-17T22,39.0,84.0,34.733,7.567,8.4,1,1,1,1,1
2019-09-17T23,39.25,75.5,24.65,11.8,7.2,1,1,1,1,1
2019-09-18T00,44.0,86.0,28.075,16.825,6.575,1,1,1,1,1
2019-09-18T01,19.0,58.0,41.55,18.05,7.05,1,1,1,1,1
2019-09-18T02,16.0,55.0,41.8,23.75,7.0,1,1,1,1,1
2019-09-18T03,14.75,62.25,44.8,29.725,6.65,1,1,1,1,1
2019-09-18T04,20.5,86.5,45.225,52.725,7.5,1,1,1,1,1
2019-09-18T05,28.333,118.0,40.333,49.633,6.833,1,1,1,1,1
2019-09-18T06,22.0,89.75,37.325,67.15,8.875,1,1,1,1,1
2019-09-18T07,19.0,77.0,24.45,81.15,6.75,1,1,1,1,1
2019-09-18T08,20.0,78.0,28.1,88.633,5.133,1,1,1,1,1
2019-09-18T09,17.0,73.0,32.5,77.267,5.233,1,1,1,1,1
2019-09-18T10,18.333,76.333,40.8,64.867,4.55,1,1,1,1,1
2019-09-18T11,20.667,78.0,56.533,40.633,6.8,1,1,1,1,1
2019-09-18T12,24.0,88.0,69.6,28.2,7.8,1,1,1,1,1
2019-09-18T13,27.25,104.0,76.2,13.35,8.175,1,1,1,1,1
2019-09-18T14,29.75,92.0,68.7,12.475,8.375,1,1,1,1,1
2019-09-18T15,36.5,97.25,61.7,12.475,7.875,1,1,1,1,1
2019-09-18T16,39.0,105.5,52.1,12.45,8.033,1,1,1,1,1
2019-09-18T17,33.0,83.0,41.0,11.033,6.833,1,1,1,1,1
2019-09-18T18,23.0,53.666,22.617,14.25,6.117,2,2,2,2,2
2019-09-18T19,16.25,37.5,18.575,17.15,5.85,1,1,1,1,1
2019-09-18T20,11.0,24.0,,19.933,,1,1,0,1,0
2019-09-18T21,7.0,18.0,13.667,21.067,4.6,1,1,1,1,1
2019-09-18T22,8.0,13.0,15.675,18.275,4.4,1,1,1,1,1
2019-09-18T23,7.75,19.0,21.0,14.625,4.45,1,1,1,1,1
2019-09-19T00,16.0,19.0,23.633,12.1,5.033,1,1,1,1,1
2019-09-19T01,12.5,30.5,26.025,12.7,5.375,1,1,1,1,1
2019-09-19T02,17.0,45.75,27.975,14.05,6.375,1,1,1,1,1
2019-09-19T03,17.0,42.0,27.767,18.167,5.133,1,1,1,1,1
2019-09-19T04,14.0,44.0,30.0,22.3,5.5,1,1,1,1,1
2019-09-19T05,17.0,53.5,23.3,33.9,5.9,1,1,1,1,1
2019-09-19T06,14.0,52.0,22.867,37.533,5.6,1,1,1,1,1
2019-09-19T07,13.5,42.75,28.65,40.175,4.8,1,1,1,1,1
2019-09-19T08,17.5,46.25,28.775,48.55,5.5,1,1,1,1,1
2019-09-19T09,16.0,50.0,26.25,42.15,5.9,1,1,1,1,1
2019-09-19T10,17.0,48.0,34.4,37.5,5.9,1,1,1,1,1
2019-09-19T11,20.5,68.25,46.9,26.725,6.425,1,1,1,1,1
2019-09-19T12,23.25,88.5,72.575,9.675,6.475,1,1,1,1,1
2019-09-19T13,28.0,104.75,72.075,3.725,7.675,1,1,1,1,1
2019-09-19T14,30.5,108.75,57.65,5.8,7.75,1,1,1,1,1
2019-09-19T15,30.0,96.75,56.575,4.325,8.125,1,1,1,1,1
2019-09-19T16,31.75,95.25,54.85,3.575,8.233,1,1,1,1,1
2019-09-19T17,28.0,81.0,50.775,4.55,6.075,1,1,1,1,1
2019-09-19T18,28.0,72.166,52.35,3.966,4.916,2,2,2,2,2
2019-09-19T19,28.25,70.0,37.825,9.6,5.175,1,1,1,1,1
2019-09-19T20,29.0,61.0,,5.867,,1,1,0,1,0
2019-09-19T21,38.25,85.75,39.325,5.125,4.65,1,1,1,1,1
2019-09-19T22,31.0,68.75,39.05,3.95,4.6,1,1,1,1,1
2019-09-19T23,35.25,76.5,37.525,3.925,6.15,1,1,1,1,1
2019-09-20T00,39.0,82.75,38.025,4.175,6.125,1,1,1,1,1
2019-09-20T01,40.5,86.75,48.85,5.1,7.3,1,1,1,1,1
2019-09-20T02,45.0,110.0,44.0,8.267,7.267,1,1,1,1,1
2019-09-20T03,39.0,80.0,39.85,14.5,6.35,1,1,1,1,1
2019-09-20T04,25.75,73.5,28.3,26.05,7.2,1,1,1,1,1
2019-09-20T05,16.0,63.0,26.85,30.15,8.65,1,1,1,1,1
2019-09-20T06,14.0,64.0,25.4,32.9,8.6,1,1,1,1,1
2019-09-20T07,18.0,51.0,25.667,35.433,7.133,1,1,1,1,1
2019-09-20T08,16.75,55.5,24.6,28.3,6.975,1,1,1,1,1
2019-09-20T09,7.0,39.0,28.7,29.733,6.933,1,1,1,1,1
2019-09-20T10,15.25,45.75,37.225,30.925,7.933,1,1,1,1,1
2019-09-20T11,20.25,66.5,47.8,23.45,5.425,1,1,1,1,1
2019-09-20T12,26.25,82.5,76.3,11.225,5.125,1,1,1,1,1
2019-09-20T13,34.75,100.5,82.15,5.2,5.6,1,1,1,1,1
2019-09-20T14,41.25,107.75,83.05,4.475,6.875,1,1,1,1,1
2019-09-20T15,45.25,115.0,78.025,3.625,8.075,1,1,1,1,1
2019-09-20T16,47.333,119.0,67.9,3.867,8.5,1,1,1,1,1
2019-09-20T17,49.25,126.75,55.05,3.7,7.3,1,1,1,1,1
2019-09-20T18,47.0,108.0,51.3,5.3,6.975,2,2,2,2,2
2019-09-20T19,31.25,71.25,40.475,10.45,8.025,1,1,1,1,1
2019-09-20T20,23.0,63.0,,5.55,,1,1,0,1,0
2019-09-20T21,32.0,65.0,39.25,5.9,7.3,1,1,1,1,1
2019-09-20T22,33.0,68.0,39.95,4.15,8.85,1,1,1,1,1
2019-09-20T23,43.0,80.667,42.167,3.467,9.267,1,1,1,1,1
2019-09-21T00,42.0,89.0,37.9,3.067,8.2,1,1,1,1,1
2019-09-21T01,44.0,99.0,40.2,4.133,7.367,1,1,1,1,1
2019-09-21T02,38.0,95.0,35.933,13.333,5.433,1,1,1,1,1
2019-09-21T03,38.25,74.75,38.75,26.8,5.625,1,1,1,1,1
2019-09-21T04,36.0,80.0,31.367,40.933,6.3,1,1,1,1,1
2019-09-21T05,29.25,76.5,25.375,43.25,8.675,1,1,1,1,1
2019-09-21T06,27.25,63.0,20.425,52.375,6.3,1,1,1,1,1
2019-09-21T07,28.25,64.0,16.45,68.7,6.875,1,1,1,1,1
2019-09-21T08,30.5,68.75,19.9,98.525,6.675,1,1,1,1,1
2019-09-21T09,35.0,74.0,49.6,84.033,7.667,1,1,1,1,1
2019-09-21T10,36.25,116.0,38.35,29.25,5.867,1,1,1,1,1
2019-09-21T11,28.0,,33.2,18.4,6.8,1,0,1,1,1
2019-09-21T23,17.0,42.0,35.45,3.8,1.9,1,1,1,1,1
2019-09-22T00,22.0,50.0,31.367,4.2,2.833,1,1,1,1,1
2019-09-22T01,29.0,72.0,32.533,4.133,3.433,1,1,1,1,1
2019-09-22T02,28.0,61.0,29.3,6.325,2.025,1,1,1,1,1
2019-09-22T03,29.5,70.25,23.95,10.175,1.125,1,1,1,1,1
2019-09-22T04,25.0,62.0,20.2,16.8,1.733,1,1,1,1,1
2019-09-22T05,16.0,39.0,21.15,22.0,3.1,1,1,1,1,1
2019-09-22T06,11.0,35.0,29.5,22.95,2.45,1,1,1,1,1
2019-09-22T07,14.0,42.75,46.5,16.15,3.25,1,1,1,1,1
2019-09-22T08,14.0,46.75,45.05,15.375,5.225,1,1,1,1,1
2019-09-22T09,12.5,52.75,37.775,21.0,7.65,1,1,1,1,1
2019-09-22T10,8.0,55.0,30.933,29.2,9.267,1,1,1,1,1
2019-09-22T11,15.5,68.0,43.5,21.75,7.35,1,1,1,1,1
2019-09-22T12,19.0,70.0,58.5,8.6,6.4,1,1,1,1,1
2019-09-22T13,21.25,77.5,59.975,4.275,5.55,1,1,1,1,1
2019-09-22T14,28.0,79.0,57.95,3.95,6.65,1,1,1,1,1
2019-09-22T15,24.75,84.0,55.25,3.6,6.975,1,1,1,1,1
2019-09-22T16,26.25,77.5,52.725,4.025,6.9,1,1,1,1,1
2019-09-22T17,22.5,63.25,46.675,3.65,7.425,1,1,1,1,1
2019-09-22T18,18.0,52.0,39.1,4.55,7.125,2,2,2,2,2
2019-09-22T19,14.0,42.0,29.025,9.1,6.15,1,1,1,1,1
2019-09-22T20,17.0,41.5,23.3,9.175,5.5,1,1,1,1,1
2019-09-22T21,17.0,40.0,25.6,8.333,3.333,1,1,1,1,1
2019-09-22T22,19.0,46.667,28.3,6.1,3.55,1,1,1,1,1
2019-09-22T23,19.0,48.0,26.333,6.233,1.3,1,1,1,1,1
2019-09-23T00,17.5,42.75,31.125,5.1,0.767,1,1,1,1,1
2019-09-23T01,16.0,45.0,30.467,5.1,2.5,1,1,1,1,1
2019-09-23T02,15.5,50.25,28.6,7.825,3.025,1,1,1,1,1
2019-09-23T03,23.0,57.0,32.033,12.133,3.5,1,1,1,1,1
2019-09-23T04,31.0,62.0,33.4,14.7,5.8,1,1,1,1,1
2019-09-23T05,31.0,64.0,36.167,23.967,5.933,1,1,1,1,1
2019-09-23T06,35.5,78.75,31.375,48.775,4.875,1,1,1,1,1
2019-09-23T07,29.5,79.0,29.125,77.525,3.025,1,1,1,1,1
2019-09-23T08,34.0,85.667,21.933,87.8,3.5,1,1,1,1,1
2019-09-23T09,34.0,75.0,32.4,119.033,5.0,1,1,1,1,1
2019-09-23T10,45.0,101.0,28.467,118.1,7.467,1,1,1,1,1
2019-09-23T11,45.333,98.667,78.733,33.933,8.767,1,1,1,1,1
2019-09-23T12,36.0,95.0,77.733,6.433,11.133,1,1,1,1,1
2019-09-23T13,25.5,106.75,78.9,3.775,11.5,1,1,1,1,1
2019-09-23T14,30.0,112.0,76.5,3.85,11.0,1,1,1,1,1
2019-09-23T15,31.0,106.0,64.0,3.867,10.467,1,1,1,1,1
2019-09-23T16,35.0,106.0,57.033,4.667,9.067,1,1,1,1,1
2019-09-23T17,29.25,77.0,46.075,4.775,6.0,1,1,1,1,1
2019-09-23T18,31.5,73.166,40.633,4.75,6.7,2,2,2,2,2
2019-09-23T19,36.0,66.0,38.3,7.6,6.075,1,1,1,1,1
2019-09-23T20,27.0,57.0,,4.267,,1,1,0,1,0
2019-09-23T21,26.5,53.75,37.1,5.325,6.075,1,1,1,1,1
2019-09-23T22,31.0,56.0,35.733,4.067,4.633,1,1,1,1,1
2019-09-23T23,26.5,45.5,33.175,3.25,3.65,1,1,1,1,1
2019-09-24T00,22.0,44.0,35.05,2.8,3.55,1,1,1,1,1
2019-09-24T01,35.0,57.0,40.6,4.4,5.1,1,1,1,1,1
2019-09-24T02,33.0,77.0,66.9,16.8,6.15,1,1,1,1,1
2019-09-24T03,59.5,141.0,69.85,187.7,7.3,1,1,1,1,1
2019-09-24T04,54.25,122.25,51.6,43.525,8.1,1,1,1,1,1
2019-09-24T05,34.5,98.75,39.3,45.825,8.175,1,1,1,1,1
2019-09-24T06,36.0,89.0,28.333,54.667,7.2,1,1,1,1,1
2019-09-24T07,36.0,83.0,20.333,60.9,3.5,1,1,1,1,1
2019-09-24T08,19.0,57.25,30.05,53.575,3.9,1,1,1,1,1
2019-09-24T09,25.0,70.0,31.8,67.233,7.4,1,1,1,1,1
2019-09-24T10,33.25,85.75,56.325,35.375,8.833,1,1,1,1,1
2019-09-24T11,27.25,100.75,46.55,21.825,4.975,1,1,1,1,1
2019-09-24T12,16.5,127.0,69.45,7.25,3.775,1,1,1,1,1
2019-09-24T13,20.75,95.0,75.95,3.075,3.35,1,1,1,1,1
2019-09-24T14,29.0,107.0,75.867,3.533,3.633,1,1,1,1,1
2019-09-24T15,31.0,132.0,69.933,3.233,5.0,1,1,1,1,1
2019-09-24T16,28.0,103.25,61.925,3.725,3.8,1,1,1,1,1
2019-09-24T17,22.0,80.0,57.0,3.067,2.433,1,1,1,1,1
2019-09-24T18,22.0,74.0,50.65,3.5,3.9,2,2,2,2,2
2019-09-24T19,18.0,62.0,44.833,9.0,3.633,1,1,1,1,1
2019-09-24T20,25.75,48.5,40.2,5.5,1.8,1,1,1,1,1
2019-09-24T21,19.0,44.0,41.933,4.333,1.733,1,1,1,1,1
2019-09-24T22,22.0,48.0,43.467,3.6,2.933,1,1,1,1,1
2019-09-24T23,22.0,56.5,40.8,3.85,1.75,1,1,1,1,1
2019-09-25T00,34.0,67.0,44.733,4.167,2.3,1,1,1,1,1
2019-09-25T01,35.0,81.0,46.6,18.2,2.2,1,1,1,1,1
2019-09-25T02,48.0,114.0,56.3,76.1,5.7,1,1,1,1,1
2019-09-25T03,45.0,116.0,35.2,17.9,7.05,1,1,1,1,1
2019-09-25T04,32.5,78.75,31.0,28.825,6.2,1,1,1,1,1
2019-09-25T05,23.75,61.0,26.4,40.9,3.825,1,1,1,1,1
2019-09-25T06,20.0,55.0,22.6,55.9,2.5,1,1,1,1,1
2019-09-25T07,24.0,58.333,20.233,57.233,0.4,1,1,1,1,1
2019-09-25T08,24.0,51.0,17.0,56.6,0.2,1,1,1,1,1
2019-09-25T09,19.75,55.25,17.425,89.1,2.075,1,1,1,1,1
2019-09-25T10,22.0,56.0,36.867,50.05,2.2,1,1,1,1,1
2019-09-25T11,20.0,74.0,38.35,24.85,5.8,1,1,1,1,1
2019-09-25T12,13.0,117.0,58.167,7.833,8.7,1,1,1,1,1
2019-09-25T13,19.0,62.0,59.55,9.8,8.05,1,1,1,1,1
2019-09-25T14,25.0,66.0,60.8,7.05,5.575,1,1,1,1,1
2019-09-25T15,28.0,67.0,64.667,4.467,5.767,1,1,1,1,1
2019-09-25T16,18.0,64.0,59.6,4.8,5.3,1,1,1,1,1
2019-09-25T17,,75.0,60.3,3.4,4.8,0,1,1,1,1
2019-09-25T18,25.0,68.0,47.067,5.15,4.117,2,2,2,2,2
2019-09-25T19,14.0,48.0,35.25,8.4,3.6,1,1,1,1,1
2019-09-25T20,13.0,35.0,,9.3,,1,1,0,1,0
2019-09-25T21,9.0,28.0,16.65,11.55,4.15,1,1,1,1,1
2019-09-25T22,13.0,34.0,16.65,9.9,2.333,1,1,1,1,1
2019-09-25T23,12.0,28.0,18.85,8.15,5.15,1,1,1,1,1
2019-09-26T00,9.0,35.0,20.425,6.225,5.5,1,1,1,1,1
2019-09-26T01,17.0,41.0,22.533,5.367,3.267,1,1,1,1,1
2019-09-26T02,18.0,52.0,23.267,6.567,3.867,1,1,1,1,1
2019-09-26T03,13.0,47.0,24.85,7.875,2.8,1,1,1,1,1
2019-09-26T04,18.0,57.0,24.633,13.533,3.6,1,1,1,1,1
2019-09-26T05,14.0,52.0,22.55,21.3,4.65,1,1,1,1,1
2019-09-26T06,13.0,47.0,18.475,26.05,5.7,1,1,1,1,1
2019-09-26T07,11.0,39.0,24.825,23.725,4.325,1,1,1,1,1
2019-09-26T08,7.5,30.0,22.75,21.45,3.825,1,1,1,1,1
2019-09-26T09,5.0,34.0,24.225,22.675,4.675,1,1,1,1,1
2019-09-26T10,3.0,22.0,24.8,22.95,7.15,1,1,1,1,1
2019-09-26T11,5.333,30.0,42.067,11.7,5.5,1,1,1,1,1
2019-09-26T12,6.333,48.0,57.7,5.267,6.5,1,1,1,1,1
2019-09-26T13,10.75,61.0,62.6,3.15,8.3,1,1,1,1,1
2019-09-26T14,21.5,84.0,60.65,3.6,7.575,1,1,1,1,1
2019-09-26T15,20.0,95.0,46.7,3.25,8.15,1,1,1,1,1
2019-09-26T16,20.0,95.0,35.95,4.85,7.45,1,1,1,1,1
2019-09-26T17,6.0,51.0,23.6,8.45,6.55,1,1,1,1,1
2019-09-26T18,5.0,28.0,18.15,10.05,5.95,2,2,2,2,2
2019-09-26T19,0.0,17.0,14.25,13.3,6.875,1,1,1,1,1
2019-09-26T20,,12.0,9.2,12.55,3.5,0,1,1,1,1
2019-09-26T21,,13.0,16.2,7.25,5.5,0,1,1,1,1
2019-09-26T22,5.5,19.0,20.0,6.8,4.9,1,1,1,1,1
2019-09-26T23,9.0,31.0,18.867,8.133,7.6,1,1,1,1,1
2019-09-27T00,6.5,22.0,25.9,5.65,9.2,1,1,1,1,1
2019-09-27T01,5.0,25.0,29.25,5.4,9.7,1,1,1,1,1
2019-09-27T02,5.5,35.0,26.5,7.6,11.925,1,1,1,1,1
2019-09-27T03,7.25,29.0,27.075,7.35,12.15,1,1,1,1,1
2019-09-27T04,8.0,46.0,28.467,7.667,13.3,1,1,1,1,1
2019-09-27T05,10.5,53.0,25.65,15.9,10.25,1,1,1,1,1
2019-09-27T06,8.0,59.0,29.25,16.15,11.85,1,1,1,1,1
2019-09-27T07,9.75,55.0,29.7,20.075,13.4,1,1,1,1,1
2019-09-27T08,9.0,57.0,27.733,17.267,12.367,1,1,1,1,1
2019-09-27T09,3.5,35.0,26.65,17.65,9.85,1,1,1,1,1
2019-09-27T10,1.667,27.0,34.867,13.533,10.15,1,1,1,1,1
2019-09-27T11,3.0,41.0,36.45,12.35,7.35,1,1,1,1,1
2019-09-27T12,6.5,38.0,53.05,3.85,5.25,1,1,1,1,1
2019-09-27T13,9.5,50.0,49.8,3.65,6.0,1,1,1,1,1
2019-09-27T14,17.0,74.0,46.625,4.175,4.825,1,1,1,1,1
2019-09-27T15,17.0,58.0,41.667,4.033,4.267,1,1,1,1,1
2019-09-27T16,16.0,62.0,37.975,4.025,3.967,1,1,1,1,1
2019-09-27T17,13.0,50.0,37.325,3.975,5.175,1,1,1,1,1
2019-09-27T18,8.0,30.0,36.225,3.575,5.075,2,2,2,2,2
2019-09-27T19,5.0,27.0,28.525,7.3,5.675,1,1,1,1,1
2019-09-27T20,7.0,23.0,30.3,4.05,4.7,1,1,1,1,1
2019-09-27T21,11.0,38.0,31.95,3.85,6.625,1,1,1,1,1
2019-09-27T22,26.0,50.75,26.375,5.3,8.933,1,1,1,1,1
2019-09-27T23,14.0,35.0,29.3,3.55,8.05,1,1,1,1,1
2019-09-28T00,19.0,52.0,26.333,4.533,9.1,1,1,1,1,1
2019-09-28T01,17.0,50.0,29.875,5.525,9.925,1,1,1,1,1
2019-09-28T02,16.0,42.0,23.4,8.2,10.5,1,1,1,1,1
2019-09-28T03,10.0,41.0,20.45,10.35,10.95,1,1,1,1,1
2019-09-28T04,11.0,39.0,18.8,16.625,9.167,1,1,1,1,1
2019-09-28T05,11.0,42.0,16.6,19.5,5.4,1,1,1,1,1
2019-09-28T06,12.25,36.0,28.1,18.35,5.925,1,1,1,1,1
2019-09-28T07,11.333,50.0,20.567,24.967,6.233,1,1,1,1,1
2019-09-28T08,9.0,42.0,28.65,21.45,4.7,1,1,1,1,1
2019-09-28T09,11.75,48.0,27.425,19.575,4.5,1,1,1,1,1
2019-09-28T10,9.0,46.333,26.667,21.8,5.5,1,1,1,1,1
2019-09-28T11,8.5,47.5,38.725,12.95,6.375,1,1,1,1,1
2019-09-28T12,14.0,55.333,47.267,4.6,5.833,1,1,1,1,1
2019-09-28T13,17.5,59.5,50.075,3.675,5.85,1,1,1,1,1
2019-09-28T14,23.75,75.5,49.025,3.65,6.6,1,1,1,1,1
2019-09-28T15,24.5,80.5,31.9,5.8,5.95,1,1,1,1,1
2019-09-28T16,16.333,60.0,26.7,8.533,5.4,1,1,1,1,1
2019-09-28T17,8.5,38.25,21.9,10.5,3.675,1,1,1,1,1
2019-09-28T18,6.667,25.834,23.584,8.866,3.484,2,2,2,2,2
2019-09-28T19,5.0,20.0,21.55,10.9,3.9,1,1,1,1,1
2019-09-28T20,3.0,11.5,22.1,8.05,1.3,1,1,1,1,1
2019-09-28T21,1.0,11.0,21.0,7.1,0.8,1,1,1,1,1
2019-09-28T22,1.0,11.0,22.033,6.433,1.7,1,1,1,1,1
2019-09-28T23,7.667,23.0,19.167,5.967,4.333,1,1,1,1,1
2019-09-29T00,9.0,27.75,26.0,4.775,4.85,1,1,1,1,1
2019-09-29T01,9.0,35.333,20.567,6.533,4.333,1,1,1,1,1
2019-09-29T02,8.0,31.0,18.05,8.15,3.35,1,1,1,1,1
2019-09-29T03,7.0,28.0,22.8,7.9,3.15,1,1,1,1,1
2019-09-29T04,9.667,37.667,23.767,10.767,3.4,1,1,1,1,1
2019-09-29T05,11.667,41.333,21.267,18.233,6.4,1,1,1,1,1
2019-09-29T06,12.667,39.333,18.467,29.033,7.367,1,1,1,1,1
2019-09-29T07,12.0,50.0,16.6,41.0,7.65,1,1,1,1,1
2019-09-29T08,13.5,51.5,21.25,41.0,7.65,1,1,1,1,1
2019-09-29T09,17.667,55.333,24.033,39.333,7.533,1,1,1,1,1
2019-09-29T10,17.0,56.0,35.15,27.95,8.7,1,1,1,1,1
2019-09-29T11,15.0,60.333,46.567,11.6,9.733,1,1,1,1,1
2019-09-29T12,9.0,63.0,50.35,4.5,10.95,1,1,1,1,1
2019-09-29T13,9.0,48.0,38.5,6.6,12.2,1,1,1,1,1
2019-09-29T14,14.0,61.0,41.8,4.75,8.45,1,1,1,1,1
2019-09-29T15,16.0,52.0,35.5,4.9,7.2,1,1,1,1,1
2019-09-29T17,11.0,35.25,27.0,6.3,5.175,1,1,1,1,1
2019-09-29T18,10.25,31.0,25.8,5.525,2.6,2,2,2,2,2
2019-09-29T19,13.333,30.0,25.467,6.2,2.433,1,1,1,1,1
2019-09-29T20,24.0,40.0,,6.15,,1,1,0,1,0
2019-09-29T21,13.0,25.0,24.067,5.8,1.333,1,1,1,1,1
2019-09-29T22,8.25,30.75,22.775,7.825,2.3,1,1,1,1,1
2019-09-29T23,9.0,42.0,27.55,7.05,3.15,1,1,1,1,1
2019-09-30T00,9.0,25.0,31.1,4.2,3.35,1,1,1,1,1
2019-09-30T01,19.0,47.0,30.05,4.35,4.15,1,1,1,1,1
2019-09-30T02,15.333,53.0,27.9,6.033,4.767,1,1,1,1,1
2019-09-30T03,18.0,57.0,29.1,6.9,4.7,1,1,1,1,1
2019-09-30T04,36.0,88.0,35.0,8.4,5.85,1,1,1,1,1
2019-09-30T05,40.5,99.0,42.65,16.35,3.9,1,1,1,1,1
2019-09-30T06,42.0,99.0,41.9,29.45,2.55,1,1,1,1,1
2019-09-30T07,40.5,98.0,43.5,35.6,4.6,1,1,1,1,1
2019-09-30T08,37.333,92.333,43.667,38.867,3.4,1,1,1,1,1
2019-09-30T09,30.0,89.0,38.65,51.05,1.9,1,1,1,1,1
2019-09-30T11,33.0,80.0,67.1,36.5,5.6,1,1,1,1,1
2019-09-30T12,31.5,108.5,92.2,37.65,8.6,1,1,1,1,1
2019-09-30T13,43.0,127.5,86.5,59.75,10.6,1,1,1,1,1
2019-09-30T14,47.667,139.667,75.267,18.7,10.933,1,1,1,1,1
2019-09-30T16,47.0,138.0,58.8,3.9,11.5,1,1,1,1,1
2019-09-30T17,33.75,90.25,45.5,3.975,6.1,1,1,1,1,1
2019-09-30T18,30.0,91.0,40.3,4.6,3.9,1,1,1,1,1
2019-09-30T19,22.0,62.0,43.9,,2.0,1,1,1,0,1
2019-09-30T20,24.333,56.667,34.3,4.6,3.0,1,1,1,1,1
2019-09-30T21,20.0,44.0,29.033,5.5,2.033,1,1,1,1,1
2019-09-30T22,15.25,39.0,31.525,4.6,2.033,1,1,1,1,1
2019-09-30T23,20.0,51.333,31.9,3.433,4.067,1,1,1,1,1
2019-10-01T00,24.5,66.5,33.4,3.85,5.0,1,1,1,1,1
2019-10-01T01,27.0,75.0,35.8,4.7,6.2,1,1,1,1,1
2019-10-01T02,38.25,96.5,40.05,6.6,6.75,1,1,1,1,1
2019-10-01T03,43.5,97.75,38.6,10.8,6.85,1,1,1,1,1
2019-10-01T04,29.0,81.0,32.95,19.9,6.7,1,1,1,1,1
2019-10-01T05,29.0,73.5,29.8,32.45,5.95,1,1,1,1,1
2019-10-01T06,30.0,75.0,26.3,44.9,5.5,1,1,1,1,1
2019-10-01T07,30.0,77.0,34.9,51.9,6.5,1,1,1,1,1
2019-10-01T08,25.0,70.0,32.2,46.6,6.6,1,1,1,1,1
2019-10-01T10,25.0,88.0,57.8,24.4,5.7,1,1,1,1,1
2019-10-01T12,27.0,78.0,56.1,9.0,8.5,1,1,1,1,1
2019-10-01T13,28.5,80.5,65.5,5.7,8.15,1,1,1,1,1
2019-10-01T14,30.0,83.0,62.85,6.05,8.0,1,1,1,1,1
2019-10-01T17,39.0,102.0,52.7,3.9,6.5,1,1,1,1,1
2019-10-02T03,24.0,66.0,28.3,26.7,8.6,1,1,1,1,1
2019-10-02T04,24.0,66.0,27.0,33.2,9.7,1,1,1,1,1
2019-10-02T06,24.0,68.0,18.2,69.7,8.5,1,1,1,1,1
2019-10-02T07,45.0,86.0,31.2,87.5,11.3,1,1,1,1,1
2019-10-02T08,45.0,86.0,31.9,99.6,12.45,1,1,1,1,1
2019-10-02T09,54.0,114.667,24.967,153.967,12.6,1,1,1,1,1
2019-10-02T10,41.5,97.0,21.75,108.35,12.0,1,1,1,1,1
2019-10-02T11,33.0,78.0,24.5,77.0,9.5,1,1,1,1,1
2019-10-02T12,24.0,101.0,62.05,26.3,7.25,1,1,1,1,1
2019-10-02T13,20.0,91.0,74.2,3.9,6.8,1,1,1,1,1
2019-10-03T03,,,,,1.2,0,0,0,0,1
2019-10-03T04,36.0,101.0,44.3,30.0,,1,1,1,1,0
2019-10-03T07,39.0,109.0,19.05,149.05,3.3,1,1,1,1,1
2019-10-03T08,46.0,145.0,35.9,178.7,3.55,1,1,1,1,1
2019-10-03T09,50.0,177.0,39.3,202.433,2.3,1,1,1,1,1
2019-10-03T10,66.0,263.0,42.3,192.6,3.7,1,1,1,1,1
2019-10-03T11,70.0,206.0,57.6,132.6,4.9,1,1,1,1,1
2019-10-03T12,60.667,216.667,164.267,20.8,4.5,1,1,1,1,1
2019-10-03T13,60.0,195.0,124.375,9.6,4.4,1,1,1,1,1
2019-10-03T14,48.0,162.0,29.0,58.9,3.9,1,1,1,1,1
2019-10-03T15,24.333,40.333,74.367,28.0,2.967,1,1,1,1,1
2019-10-03T16,19.0,29.0,95.067,5.967,3.3,1,1,1,1,1
2019-10-03T17,23.333,33.333,70.533,9.9,2.267,1,1,1,1,1
2019-10-03T18,22.0,35.25,59.5,11.025,2.4,2,2,2,2,2
2019-10-03T19,15.0,37.75,65.125,9.85,1.95,1,1,1,1,1
2019-10-03T20,12.0,34.0,,5.967,,1,1,0,1,0
2019-10-03T21,31.0,57.0,72.05,4.25,3.4,1,1,1,1,1
2019-10-03T22,34.0,66.0,58.1,4.3,5.8,1,1,1,1,1
2019-10-03T23,31.0,68.0,56.1,4.6,9.0,1,1,1,1,1
2019-10-04T00,39.0,81.0,65.2,4.1,9.2,1,1,1,1,1
2019-10-04T01,47.0,101.0,49.767,5.3,9.967,1,1,1,1,1
2019-10-04T02,47.0,90.0,51.0,14.3,8.2,1,1,1,1,1
2019-10-04T03,44.0,93.0,36.3,41.8,7.9,1,1,1,1,1
2019-10-04T04,44.0,92.0,34.75,55.25,7.5,1,1,1,1,1
2019-10-04T05,51.333,96.667,34.0,81.533,6.7,1,1,1,1,1
2019-10-04T06,50.0,106.0,30.95,104.4,6.4,1,1,1,1,1
2019-10-04T07,51.0,121.0,28.567,114.7,7.833,1,1,1,1,1
2019-10-04T08,57.667,124.0,23.7,92.033,6.967,1,1,1,1,1
2019-10-04T09,38.667,109.333,28.667,96.6,6.333,1,1,1,1,1
2019-10-04T10,34.0,112.0,28.6,104.1,6.5,1,1,1,1,1
2019-10-04T11,47.0,130.0,46.2,63.1,7.2,1,1,1,1,1
2019-10-04T12,40.0,113.0,65.0,43.4,6.2,1,1,1,1,1
2019-10-04T13,40.667,108.333,84.767,15.133,7.9,1,1,1,1,1
2019-10-04T14,40.333,115.0,92.367,4.7,9.467,1,1,1,1,1
2019-10-04T15,45.0,123.0,90.9,3.4,8.85,1,1,1,1,1
2019-10-04T16,48.0,141.0,81.45,3.1,8.1,1,1,1,1,1
2019-10-04T17,53.5,145.0,75.525,3.4,8.25,1,1,1,1,1
2019-10-04T18,55.0,157.0,68.1,2.6,7.45,1,1,1,1,1
2019-10-04T19,47.0,117.0,52.65,,7.5,1,1,1,0,1
2019-10-04T20,39.0,91.0,,7.0,,1,1,0,1,0
2019-10-04T21,44.0,99.0,37.6,10.3,5.3,1,1,1,1,1
2019-10-04T22,31.5,63.0,25.1,22.5,5.1,1,1,1,1,1
2019-10-04T23,28.0,56.0,27.0,16.9,6.2,1,1,1,1,1
2019-10-05T01,35.5,71.0,32.85,17.5,5.9,1,1,1,1,1
2019-10-05T02,27.0,63.25,26.525,35.275,6.3,1,1,1,1,1
2019-10-05T03,15.5,58.5,25.6,59.45,7.25,1,1,1,1,1
2019-10-05T04,14.25,60.25,22.825,72.675,6.567,1,1,1,1,1
2019-10-05T05,17.75,71.5,17.5,84.375,6.2,1,1,1,1,1
2019-10-05T06,16.25,67.0,19.125,91.625,5.925,1,1,1,1,1
2019-10-05T07,16.0,66.25,16.9,101.2,6.0,1,1,1,1,1
2019-10-05T08,19.0,64.667,16.433,106.467,4.867,1,1,1,1,1
2019-10-05T09,17.5,71.5,24.85,108.0,4.55,1,1,1,1,1
2019-10-05T10,21.0,78.0,31.333,88.633,4.55,1,1,1,1,1
2019-10-05T11,19.0,85.0,75.1,39.35,4.9,1,1,1,1,1
2019-10-05T12,22.0,93.0,106.7,6.225,5.35,1,1,1,1,1
2019-10-05T13,34.0,112.0,109.433,3.467,7.833,1,1,1,1,1
2019-10-05T14,53.0,162.5,110.25,4.1,10.3,1,1,1,1,1
2019-10-05T15,67.75,197.5,98.65,3.975,14.4,1,1,1,1,1
2019-10-05T16,70.5,206.0,92.8,3.575,14.933,1,1,1,1,1
2019-10-05T17,62.5,186.5,86.325,3.55,6.875,1,1,1,1,1
2019-10-05T18,60.666,165.834,80.867,2.867,3.917,2,2,2,2,2
2019-10-05T19,55.0,121.667,73.433,4.9,1.433,1,1,1,1,1
2019-10-05T20,47.0,102.333,53.1,8.467,0.4,1,1,1,1,1
2019-10-05T21,47.0,97.0,49.3,10.55,0.9,1,1,1,1,1
2019-10-05T22,51.0,89.0,50.4,5.5,0.4,1,1,1,1,1
2019-10-05T23,48.0,94.0,57.567,3.867,5.867,1,1,1,1,1
2019-10-06T00,52.0,110.0,56.8,4.0,6.9,1,1,1,1,1
2019-10-06T01,56.0,124.0,60.5,5.2,7.1,1,1,1,1,1
2019-10-06T02,67.333,137.667,40.1,46.033,7.033,1,1,1,1,1
2019-10-06T03,70.0,145.0,28.0,83.2,7.1,1,1,1,1,1
2019-10-06T04,72.0,141.0,27.8,104.9,8.2,1,1,1,1,1
2019-10-06T05,62.0,145.0,21.3,112.0,9.75,1,1,1,1,1
2019-10-06T06,47.0,124.0,15.6,117.0,10.6,1,1,1,1,1
2019-10-06T07,36.0,112.0,16.55,124.05,9.55,1,1,1,1,1
2019-10-06T08,45.0,131.0,16.5,135.6,8.8,1,1,1,1,1
2019-10-06T09,45.0,133.0,17.4,128.0,7.25,1,1,1,1,1
2019-10-06T10,36.0,135.0,23.2,107.5,7.3,1,1,1,1,1
2019-10-06T11,35.5,146.75,74.95,41.125,5.85,1,1,1,1,1
2019-10-06T12,36.333,157.667,97.633,13.433,6.467,1,1,1,1,1
2019-10-06T13,49.0,166.0,102.35,3.5,8.25,1,1,1,1,1
2019-10-06T14,57.333,176.333,104.867,3.3,9.4,1,1,1,1,1
2019-10-06T15,62.0,189.667,101.7,4.0,10.967,1,1,1,1,1
2019-10-06T16,68.25,200.0,90.275,5.575,9.1,1,1,1,1,1
2019-10-06T17,63.0,167.0,90.45,3.15,5.75,1,1,1,1,1
2019-10-06T18,73.0,158.0,89.6,3.55,4.7,2,2,2,2,2
2019-10-06T19,65.75,145.5,62.475,20.25,4.425,1,1,1,1,1
2019-10-06T20,62.0,129.0,,17.7,,1,1,0,1,0
2019-10-06T21,52.0,102.0,45.0,17.2,3.3,1,1,1,1,1
2019-10-06T22,55.0,108.0,41.4,12.8,3.1,1,1,1,1,1
2019-10-06T23,57.0,107.0,39.05,12.35,5.45,1,1,1,1,1
2019-10-07T00,55.0,133.0,50.0,6.7,4.5,1,1,1,1,1
2019-10-07T01,64.0,140.0,42.8,6.7,4.0,1,1,1,1,1
2019-10-07T02,78.0,177.0,44.8,13.3,5.1,1,1,1,1,1
2019-10-07T03,94.25,191.0,34.9,50.367,5.75,1,1,1,1,1
2019-10-07T04,95.0,179.0,35.1,64.6,6.7,1,1,1,1,1
2019-10-07T05,31.0,111.667,26.9,88.533,6.233,1,1,1,1,1
2019-10-07T06,27.0,103.0,21.5,87.9,6.45,1,1,1,1,1
2019-10-07T07,30.5,108.0,20.0,88.0,5.55,1,1,1,1,1
2019-10-07T09,28.0,92.0,20.0,92.35,4.1,1,1,1,1,1
2019-10-07T10,29.0,106.5,26.75,79.2,3.9,1,1,1,1,1
2019-10-07T11,28.0,114.0,43.0,59.2,4.3,1,1,1,1,1
2019-10-07T12,36.0,133.0,99.7,9.0,5.2,1,1,1,1,1
2019-10-07T15,45.0,161.0,73.2,12.3,7.4,1,1,1,1,1
2019-10-08T03,55.0,132.0,29.1,67.5,7.8,1,1,1,1,1
2019-10-08T04,39.0,114.0,21.2,90.1,9.7,1,1,1,1,1
2019-10-08T05,32.333,118.333,16.6,101.367,6.5,1,1,1,1,1
2019-10-08T06,28.333,107.333,15.8,108.133,5.867,1,1,1,1,1
2019-10-08T07,30.333,94.0,14.333,112.1,6.033,1,1,1,1,1
2019-10-08T08,29.0,90.0,13.6,107.7,6.3,1,1,1,1,1
2019-10-08T09,28.0,78.0,14.5,106.75,5.75,1,1,1,1,1
2019-10-08T23,75.0,135.0,31.6,11.75,6.8,1,1,1,1,1
2019-10-09T00,86.5,153.0,46.55,59.4,6.65,1,1,1,1,1
2019-10-09T01,97.5,208.5,93.45,22.35,6.3,1,1,1,1,1
2019-10-09T02,101.0,225.5,79.85,15.55,3.5,1,1,1,1,1
2019-10-09T03,95.5,202.0,68.7,45.7,3.1,1,1,1,1,1
2019-10-09T04,84.667,186.667,55.6,73.867,1.4,1,1,1,1,1
2019-10-09T05,64.0,162.0,41.15,105.75,6.4,1,1,1,1,1
2019-10-09T06,50.0,138.0,21.8,127.8,7.8,1,1,1,1,1
2019-10-09T07,38.0,122.0,33.3,134.0,7.9,1,1,1,1,1
2019-10-09T09,25.0,92.0,22.2,152.05,6.75,1,1,1,1,1
2019-10-09T10,30.5,100.5,32.8,127.3,5.4,1,1,1,1,1
2019-10-09T11,30.0,107.0,53.8,120.0,6.1,1,1,1,1,1
2019-10-09T22,81.5,150.5,63.05,3.4,14.9,1,1,1,1,1
2019-10-09T23,88.0,157.0,64.1,2.95,6.65,1,1,1,1,1
2019-10-10T00,99.5,185.5,61.25,5.05,7.4,1,1,1,1,1
2019-10-10T01,118.5,235.0,89.95,83.15,9.3,1,1,1,1,1
2019-10-10T06,66.0,180.0,59.2,133.5,12.0,1,1,1,1,1
2019-10-10T07,63.0,172.0,42.15,140.85,11.5,1,1,1,1,1
2019-10-10T08,58.0,150.0,27.6,117.233,10.6,1,1,1,1,1
2019-10-10T09,31.0,85.0,23.933,161.933,8.533,1,1,1,1,1
2019-10-10T10,35.0,103.0,28.8,166.5,7.0,1,1,1,1,1
2019-10-10T11,73.0,190.0,88.45,76.2,11.7,1,1,1,1,1
2019-10-10T12,81.0,229.0,136.267,26.933,13.4,1,1,1,1,1
2019-10-10T13,84.0,208.0,148.1,10.3,14.3,1,1,1,1,1
2019-10-10T14,77.0,185.0,133.7,3.267,13.167,1,1,1,1,1
2019-10-10T15,90.0,182.0,127.2,3.0,13.45,1,1,1,1,1
2019-10-10T23,108.0,206.0,59.7,4.4,7.8,1,1,1,1,1
2019-10-11T00,108.0,193.0,65.95,3.8,9.65,1,1,1,1,1
2019-10-11T01,123.0,224.0,85.9,3.15,6.3,1,1,1,1,1
2019-10-11T02,142.0,272.0,107.1,8.433,4.067,1,1,1,1,1
2019-10-11T03,140.0,282.0,96.267,37.333,3.433,1,1,1,1,1
2019-10-11T04,107.333,230.0,71.467,85.467,5.65,1,1,1,1,1
2019-10-11T05,90.0,178.0,24.1,121.8,6.7,1,1,1,1,1
2019-10-11T09,57.25,149.25,32.275,224.333,2.5,1,1,1,1,1
2019-10-11T10,61.0,147.0,47.75,203.75,3.55,1,1,1,1,1
2019-10-11T11,77.5,206.5,88.825,106.75,7.025,1,1,1,1,1
2019-10-11T12,94.0,252.0,180.3,8.25,7.875,1,1,1,1,1
2019-10-11T13,102.0,239.667,173.3,3.433,12.067,1,1,1,1,1
2019-10-11T14,100.667,243.0,144.3,3.767,14.533,1,1,1,1,1
2019-10-11T15,102.0,251.0,129.7,3.5,17.9,1,1,1,1,1
2019-10-11T16,108.0,260.0,121.65,3.5,20.0,1,1,1,1,1
2019-10-11T17,108.0,257.0,120.7,3.2,13.5,1,1,1,1,1
2019-10-11T18,99.0,230.0,108.2,2.55,7.45,2,2,2,2,2
2019-10-11T19,100.0,219.5,93.0,4.1,6.4,1,1,1,1,1
2019-10-11T20,101.333,207.333,88.3,2.9,2.0,1,1,1,1,1
2019-10-11T21,106.667,199.0,82.833,2.5,1.367,1,1,1,1,1
2019-10-11T22,108.0,193.0,74.7,2.7,,1,1,1,1,0
2019-10-11T23,110.0,180.0,66.1,3.6,3.1,1,1,1,1,1
2019-10-12T00,107.667,179.333,57.367,3.533,7.8,1,1,1,1,1
2019-10-12T01,125.5,228.25,91.175,3.375,7.2,1,1,1,1,1
2019-10-12T02,161.0,304.0,86.333,12.867,2.1,1,1,1,1,1
2019-10-12T03,156.75,298.75,107.625,32.925,0.0,1,1,1,1,1
2019-10-12T04,146.75,289.5,105.175,64.2,0.1,1,1,1,1,1
2019-10-12T05,103.333,226.333,44.333,132.433,7.467,1,1,1,1,1
2019-10-12T06,66.5,156.5,34.375,132.35,6.075,1,1,1,1,1
2019-10-12T07,50.333,125.333,28.433,140.8,4.267,1,1,1,1,1
2019-10-12T08,56.333,144.667,38.1,155.733,5.4,1,1,1,1,1
2019-10-12T09,67.0,158.0,65.9,136.0,6.8,1,1,1,1,1
2019-10-12T10,74.5,197.75,60.675,112.875,2.833,1,1,1,1,1
2019-10-12T11,75.333,208.667,114.233,64.467,6.5,1,1,1,1,1
2019-10-12T12,70.25,207.0,127.25,30.15,9.75,1,1,1,1,1
2019-10-12T13,79.75,226.75,148.4,3.15,10.875,1,1,1,1,1
2019-10-12T14,88.0,241.0,146.8,3.3,12.9,1,1,1,1,1
2019-10-12T15,100.0,260.0,129.7,3.6,15.7,1,1,1,1,1
2019-10-12T16,106.0,327.0,125.9,3.25,20.1,1,1,1,1,1
2019-10-12T17,121.75,295.0,120.925,3.525,8.275,1,1,1,1,1
2019-10-12T18,121.0,274.667,118.55,3.234,9.466,2,2,2,2,2
2019-10-12T19,121.0,248.0,96.5,,11.8,1,1,1,0,1
2019-10-12T20,117.333,225.667,90.3,3.267,4.6,1,1,1,1,1
2019-10-12T21,131.75,221.5,83.325,3.075,4.2,1,1,1,1,1
2019-10-12T22,144.75,236.75,79.275,3.525,6.633,1,1,1,1,1
2019-10-12T23,161.0,267.333,76.533,3.333,9.4,1,1,1,1,1
2019-10-13T00,180.75,283.25,74.425,3.0,9.725,1,1,1,1,1
2019-10-13T01,171.333,292.0,73.567,3.833,9.467,1,1,1,1,1
2019-10-13T02,175.5,323.0,106.75,7.75,8.65,1,1,1,1,1
2019-10-13T03,185.0,344.0,117.6,25.567,9.3,1,1,1,1,1
2019-10-13T04,180.0,320.0,73.6,77.533,5.0,1,1,1,1,1
2019-10-13T05,117.25,219.0,77.075,141.15,7.75,1,1,1,1,1
2019-10-13T06,133.0,255.0,41.2,174.3,8.85,1,1,1,1,1
2019-10-13T07,124.0,238.0,32.7,188.35,8.1,1,1,1,1,1
2019-10-13T08,106.0,227.0,20.8,155.1,8.0,1,1,1,1,1
2019-10-13T09,91.0,217.0,32.55,133.45,6.25,1,1,1,1,1
2019-10-13T10,90.0,238.0,27.35,111.1,3.6,1,1,1,1,1
2019-10-13T11,72.0,194.0,65.0,49.9,6.2,1,1,1,1,1
2019-10-13T12,66.0,277.0,119.2,2.3,7.75,1,1,1,1,1
2019-10-13T13,58.0,426.0,121.45,3.4,9.5,1,1,1,1,1
2019-10-13T14,83.0,533.0,124.7,3.4,12.1,1,1,1,1,1
2019-10-13T15,99.0,489.0,119.8,3.7,14.1,1,1,1,1,1
2019-10-13T16,108.0,343.0,111.6,3.5,17.0,1,1,1,1,1
2019-10-13T17,161.0,320.0,95.375,3.975,16.425,1,1,1,1,1
2019-10-13T18,137.667,276.667,86.433,3.033,20.167,1,1,1,1,1
2019-10-13T19,117.667,231.667,85.633,6.1,18.2,1,1,1,1,1
2019-10-13T20,111.0,219.0,,4.0,,1,1,0,1,0
2019-10-13T21,123.25,216.75,87.1,4.0,10.45,1,1,1,1,1
2019-10-13T22,124.25,214.0,72.225,3.95,14.4,1,1,1,1,1
2019-10-13T23,125.0,217.0,71.95,4.3,6.0,1,1,1,1,1
2019-10-14T00,135.0,233.0,88.6,4.2,4.05,1,1,1,1,1
2019-10-14T01,139.0,239.0,71.45,3.4,4.1,1,1,1,1,1
2019-10-14T02,160.0,318.0,104.6,4.0,5.2,1,1,1,1,1
2019-10-14T03,167.0,356.0,108.35,14.15,1.2,1,1,1,1,1
2019-10-14T04,121.0,233.0,57.7,53.1,,1,1,1,1,0
2019-10-14T09,62.5,149.0,26.0,133.45,8.2,1,1,1,1,1
2019-10-14T10,59.5,141.0,47.375,95.625,6.2,1,1,1,1,1
2019-10-14T11,63.667,169.333,91.667,50.967,10.567,1,1,1,1,1
2019-10-14T13,96.0,241.0,143.9,3.2,12.5,1,1,1,1,1
2019-10-14T14,105.0,264.5,142.35,3.725,18.125,1,1,1,1,1
2019-10-14T15,134.333,342.333,131.8,3.167,27.167,1,1,1,1,1
2019-10-14T16,139.0,357.0,134.0,2.75,29.5,1,1,1,1,1
2019-10-14T17,135.0,267.0,112.8,3.1,17.5,1,1,1,1,1
2019-10-14T18,133.75,265.0,95.225,2.325,18.4,2,2,2,2,2
2019-10-14T19,126.5,246.0,81.05,4.1,19.0,1,1,1,1,1
2019-10-14T20,123.0,233.0,,4.15,,1,1,0,1,0
2019-10-14T22,132.0,266.0,64.4,8.65,14.45,1,1,1,1,1
2019-10-14T23,127.0,237.0,61.0,8.0,13.9,1,1,1,1,1
2019-10-15T00,129.0,232.0,48.5,9.0,13.3,1,1,1,1,1
2019-10-15T01,133.0,245.0,66.6,8.8,14.5,1,1,1,1,1
2019-10-15T02,150.0,291.0,106.2,7.4,14.7,1,1,1,1,1
2019-10-15T04,133.0,301.0,62.7,70.9,3.9,1,1,1,1,1
2019-10-15T06,102.0,194.0,35.7,165.1,15.0,1,1,1,1,1
2019-10-15T07,102.0,194.0,28.65,171.65,13.7,1,1,1,1,1
2019-10-15T08,80.0,164.0,29.7,239.2,11.1,1,1,1,1,1
2019-10-15T09,88.0,189.0,54.9,238.6,,1,1,1,1,0
2019-10-15T10,92.5,224.25,76.075,165.925,14.9,1,1,1,1,1
2019-10-15T11,100.0,282.0,111.3,116.3,15.3,1,1,1,1,1
2019-10-15T12,103.0,335.0,159.55,22.95,15.95,1,1,1,1,1
2019-10-15T13,119.0,274.0,162.55,3.95,17.05,1,1,1,1,1
2019-10-15T14,133.0,285.0,175.05,2.95,22.1,1,1,1,1,1
2019-10-15T15,147.0,359.0,168.9,19.5,26.3,1,1,1,1,1
2019-10-15T16,184.0,404.0,161.9,22.4,28.2,1,1,1,1,1
2019-10-15T17,178.0,360.0,128.1,12.6,14.1,1,1,1,1,1
2019-10-15T18,160.166,293.0,104.633,7.284,,2,2,2,2,0
2019-10-15T19,161.0,283.0,99.4,,,1,1,1,0,0
2019-10-15T20,154.5,262.5,83.0,6.6,,1,1,1,1,0
2019-10-15T21,156.0,253.5,80.625,6.2,,1,1,1,1,0
2019-10-15T22,152.5,234.75,76.525,4.5,,1,1,1,1,0
2019-10-15T23,152.333,228.0,73.033,3.3,,1,1,1,1,0
2019-10-16T00,155.0,228.0,82.2,3.15,,1,1,1,1,0
2019-10-16T01,157.0,256.0,85.833,3.667,,1,1,1,1,0
2019-10-16T04,119.0,291.0,60.05,62.25,5.4,1,1,1,1,1
2019-10-16T05,111.0,229.0,39.35,119.25,7.7,1,1,1,1,1
2019-10-16T06,136.0,262.0,35.7,144.167,12.133,1,1,1,1,1
2019-10-16T08,122.0,234.0,33.433,181.833,,1,1,1,1,0
2019-10-16T09,114.0,219.0,39.25,196.2,,1,1,1,1,0
2019-10-16T10,123.0,244.0,61.95,152.45,,1,1,1,1,0
2019-10-16T11,124.0,288.0,126.6,73.2,16.4,1,1,1,1,1
2019-10-16T12,119.0,333.0,168.4,50.4,18.5,1,1,1,1,1
2019-10-16T13,135.0,328.0,155.225,47.75,19.375,1,1,1,1,1
2019-10-16T14,132.0,353.0,142.467,12.9,21.067,1,1,1,1,1
2019-10-16T15,193.0,390.0,131.7,5.05,23.6,1,1,1,1,1
2019-10-16T16,153.0,360.0,118.4,3.875,,1,1,1,1,0
2019-10-16T17,136.0,293.0,109.4,3.05,,1,1,1,1,0
2019-10-16T18,117.0,248.0,93.15,5.0,,2,2,2,2,0
2019-10-16T19,105.0,204.0,82.1,3.6,4.0,1,1,1,1,1
2019-10-16T20,111.0,196.0,,3.0,,1,1,0,1,0
2019-10-16T21,111.0,201.0,78.15,3.1,2.7,1,1,1,1,1
2019-10-16T22,117.0,204.0,82.925,3.05,3.733,1,1,1,1,1
2019-10-16T23,112.0,185.0,73.725,3.775,6.925,1,1,1,1,1
2019-10-17T00,114.0,184.0,71.8,4.525,9.95,1,1,1,1,1
2019-10-17T01,138.0,250.0,73.4,5.0,11.05,1,1,1,1,1
2019-10-17T02,155.0,321.0,81.95,7.1,13.0,1,1,1,1,1
2019-10-17T03,169.0,343.0,93.4,12.1,13.65,1,1,1,1,1
2019-10-17T04,174.0,340.0,68.1,39.4,11.5,1,1,1,1,1
2019-10-17T05,134.0,271.0,55.9,61.15,13.8,1,1,1,1,1
2019-10-17T06,92.0,200.0,48.333,78.433,15.0,1,1,1,1,1
2019-10-17T07,79.0,200.0,37.0,96.8,12.5,1,1,1,1,1
2019-10-17T08,84.0,179.0,35.7,106.55,15.3,1,1,1,1,1
2019-10-17T09,80.0,179.0,35.833,132.733,12.7,1,1,1,1,1
2019-10-17T11,70.0,200.0,148.85,12.275,15.025,1,1,1,1,1
2019-10-17T12,92.0,305.0,140.5,6.9,18.0,1,1,1,1,1
2019-10-17T13,110.0,307.0,145.65,4.2,19.95,1,1,1,1,1
2019-10-17T14,174.0,458.0,136.55,5.75,24.4,1,1,1,1,1
2019-10-17T15,177.0,406.0,118.5,4.7,24.1,1,1,1,1,1
2019-10-17T16,162.0,376.0,101.6,4.425,24.733,1,1,1,1,1
2019-10-17T18,147.0,301.0,90.95,3.433,14.367,2,2,2,2,2
2019-10-17T19,121.0,241.0,73.725,9.7,11.05,1,1,1,1,1
2019-10-17T20,107.0,191.0,59.8,8.25,10.0,1,1,1,1,1
2019-10-17T21,106.0,188.0,58.1,12.3,9.3,1,1,1,1,1
2019-10-17T22,103.0,172.0,64.7,7.95,7.2,1,1,1,1,1
2019-10-17T23,121.0,183.0,61.1,6.575,10.925,1,1,1,1,1
2019-10-18T00,114.0,185.0,64.25,5.7,11.65,1,1,1,1,1
2019-10-18T01,119.0,199.0,63.9,4.85,13.25,1,1,1,1,1
2019-10-18T02,134.0,255.0,76.55,5.3,14.85,1,1,1,1,1
2019-10-18T03,124.0,272.0,91.95,11.6,16.35,1,1,1,1,1
2019-10-18T04,122.0,309.0,72.9,33.867,16.45,1,1,1,1,1
2019-10-18T05,125.0,335.0,50.15,62.25,17.75,1,1,1,1,1
2019-10-18T06,89.0,241.0,46.4,64.533,14.633,1,1,1,1,1
2019-10-18T07,53.0,177.0,40.7,65.65,13.55,1,1,1,1,1
2019-10-18T08,53.0,138.0,49.85,65.9,13.15,1,1,1,1,1
2019-10-18T09,50.0,135.0,60.525,59.725,13.975,1,1,1,1,1
2019-10-18T10,63.0,166.0,85.1,44.0,14.1,1,1,1,1,1
2019-10-18T11,63.0,180.0,129.85,10.55,15.15,1,1,1,1,1
2019-10-18T12,72.0,223.0,93.225,23.725,15.2,1,1,1,1,1
2019-10-18T13,73.0,548.0,35.025,61.6,13.4,1,1,1,1,1
2019-10-18T14,35.0,185.0,36.6,58.1,11.667,1,1,1,1,1
2019-10-18T15,14.0,84.0,70.9,23.65,12.2,1,1,1,1,1
2019-10-18T16,14.0,78.0,62.45,31.1,11.9,1,1,1,1,1
2019-10-18T18,24.0,67.0,85.05,3.2,14.45,2,2,2,2,2
2019-10-18T19,14.0,78.0,82.0,5.85,14.7,1,1,1,1,1
2019-10-18T20,24.0,95.0,54.6,12.95,13.5,1,1,1,1,1
2019-10-18T21,20.0,57.0,55.45,12.7,12.8,1,1,1,1,1
2019-10-18T22,20.0,58.0,75.1,4.8,14.7,1,1,1,1,1
2019-10-18T23,27.0,70.0,71.067,12.1,13.3,1,1,1,1,1
2019-10-19T00,40.0,117.0,64.1,10.15,15.75,1,1,1,1,1
2019-10-19T01,40.0,122.0,62.4,8.6,17.7,1,1,1,1,1
2019-10-19T02,50.0,136.0,72.9,8.3,17.1,1,1,1,1,1
2019-10-19T03,62.0,157.0,69.9,10.1,16.6,1,1,1,1,1
2019-10-19T04,105.0,221.0,67.1,51.6,19.85,1,1,1,1,1
2019-10-19T05,136.0,244.0,63.867,91.567,18.133,1,1,1,1,1
2019-10-19T06,125.0,243.0,49.867,128.267,14.333,1,1,1,1,1
2019-10-19T07,94.0,186.0,54.967,188.7,14.2,1,1,1,1,1
2019-10-19T08,107.0,280.0,49.1,195.7,14.05,1,1,1,1,1
2019-10-19T09,116.0,232.0,37.1,154.8,14.15,1,1,1,1,1
2019-10-19T10,70.0,173.0,57.8,101.45,12.95,1,1,1,1,1
2019-10-19T11,66.0,348.0,121.8,24.6,13.9,1,1,1,1,1
2019-10-19T12,57.0,195.0,155.45,3.75,15.75,1,1,1,1,1
2019-10-19T13,74.0,233.0,162.8,2.8,19.3,1,1,1,1,1
2019-10-19T14,105.0,268.0,162.033,3.7,22.367,1,1,1,1,1
2019-10-19T15,113.0,262.0,147.6,3.15,23.05,1,1,1,1,1
2019-10-19T16,124.0,256.0,137.467,3.467,24.9,1,1,1,1,1
2019-10-19T17,150.0,343.0,132.1,3.2,20.65,1,1,1,1,1
2019-10-19T18,150.0,304.0,105.983,2.85,19.334,2,2,2,2,2
2019-10-19T19,139.0,256.0,101.525,5.25,15.65,1,1,1,1,1
2019-10-19T20,130.0,221.0,84.7,2.9,11.7,1,1,1,1,1
2019-10-19T21,122.0,197.0,79.033,3.2,9.033,1,1,1,1,1
2019-10-19T22,112.0,179.0,76.0,3.5,8.1,1,1,1,1,1
2019-10-19T23,123.0,197.0,72.933,2.767,13.267,1,1,1,1,1
2019-10-20T00,130.0,193.0,64.933,3.267,16.067,1,1,1,1,1
2019-10-20T01,136.0,212.0,71.0,3.2,17.233,1,1,1,1,1
2019-10-20T02,158.0,268.0,77.9,5.8,19.1,1,1,1,1,1
2019-10-20T08,41.0,107.0,19.233,116.633,11.0,1,1,1,1,1
2019-10-20T09,31.0,94.0,21.15,104.35,10.9,1,1,1,1,1
2019-10-20T10,34.0,97.0,28.0,91.75,11.9,1,1,1,1,1
2019-10-20T11,31.0,110.0,85.5,31.367,12.733,1,1,1,1,1
2019-10-20T12,38.0,158.0,109.733,4.333,13.033,1,1,1,1,1
2019-10-20T13,51.0,177.0,108.6,3.0,14.6,1,1,1,1,1
2019-10-20T14,61.0,205.0,113.1,3.2,16.7,1,1,1,1,1
2019-10-20T15,79.0,221.0,113.2,3.567,19.333,1,1,1,1,1
2019-10-20T16,102.0,262.0,116.0,4.1,22.6,1,1,1,1,1
2019-10-20T17,100.0,294.0,107.7,3.05,15.35,1,1,1,1,1
2019-10-20T18,105.0,244.0,95.4,3.85,13.0,1,1,1,1,1
2019-10-20T19,119.0,246.0,93.4,,12.2,1,1,1,0,1
2019-10-20T20,136.0,240.0,,10.3,,1,1,0,1,0
2019-10-20T21,127.0,222.0,74.9,5.1,5.2,1,1,1,1,1
2019-10-20T22,113.0,182.0,71.667,3.7,4.8,1,1,1,1,1
2019-10-20T23,121.0,189.0,69.633,3.867,13.267,1,1,1,1,1
2019-10-21T01,149.0,249.0,82.1,3.8,18.55,1,1,1,1,1
2019-10-21T02,163.0,307.0,101.05,4.65,18.6,1,1,1,1,1
2019-10-21T03,171.0,334.0,102.45,29.7,17.65,1,1,1,1,1
2019-10-21T04,185.0,338.0,94.5,70.1,17.0,1,1,1,1,1
2019-10-21T05,194.0,361.0,42.95,153.2,15.5,1,1,1,1,1
2019-10-21T06,155.0,275.667,31.067,166.1,13.35,1,1,1,1,1
2019-10-21T07,123.667,232.333,26.8,173.8,12.367,1,1,1,1,1
2019-10-21T08,105.0,195.0,26.3,,11.45,1,1,1,0,1
2019-10-21T09,63.0,160.0,25.15,,11.8,1,1,1,0,1
2019-10-21T10,39.0,139.0,,103.8,,1,1,0,1,0
2019-10-21T11,45.667,137.667,,46.6,,1,1,0,1,0
2019-10-21T12,41.0,147.0,108.55,19.75,10.4,1,1,1,1,1
2019-10-21T13,41.0,160.0,130.75,3.4,14.5,1,1,1,1,1
2019-10-21T14,52.0,178.0,130.0,3.3,18.3,1,1,1,1,1
2019-10-21T15,74.333,226.667,128.667,3.667,22.067,1,1,1,1,1
2019-10-21T16,95.0,244.0,117.967,3.4,23.95,1,1,1,1,1
2019-10-21T17,107.0,233.0,108.8,3.4,12.7,1,1,1,1,1
2019-10-21T18,115.0,224.5,97.4,3.25,9.8,1,1,1,1,1
2019-10-21T19,119.0,215.0,90.85,,9.25,1,1,1,0,1
2019-10-21T20,116.5,214.5,84.6,3.45,6.2,1,1,1,1,1
2019-10-21T21,117.5,196.0,82.9,2.65,5.65,1,1,1,1,1
2019-10-21T22,116.0,193.0,84.433,3.333,7.9,1,1,1,1,1
2019-10-21T23,128.25,215.25,78.8,4.1,12.15,1,1,1,1,1
2019-10-22T00,129.0,216.0,78.65,3.5,12.65,1,1,1,1,1
2019-10-22T01,116.333,217.0,69.567,7.233,13.233,1,1,1,1,1
2019-10-22T02,121.5,241.0,79.25,14.7,12.225,1,1,1,1,1
2019-10-22T03,135.0,277.0,67.3,34.5,12.1,1,1,1,1,1
2019-10-22T04,111.5,240.5,44.7,96.65,13.7,1,1,1,1,1
2019-10-22T05,100.0,215.0,34.533,110.867,13.9,1,1,1,1,1
2019-10-22T06,68.0,182.0,25.9,113.2,14.3,1,1,1,1,1
2019-10-22T07,49.667,157.333,30.533,114.933,11.867,1,1,1,1,1
2019-10-22T08,55.0,178.0,26.9,127.3,10.8,1,1,1,1,1
2019-10-22T09,38.0,166.0,27.3,86.1,7.3,1,1,1,1,1
2019-10-22T12,45.0,180.0,125.5,2.0,12.1,1,1,1,1,1
2019-10-22T13,60.0,221.333,131.767,3.0,16.367,1,1,1,1,1
2019-10-22T14,91.0,291.0,145.8,2.4,24.6,1,1,1,1,1
2019-10-22T15,91.0,291.0,147.5,3.15,25.2,1,1,1,1,1
2019-10-22T16,94.333,245.333,135.767,2.967,25.85,1,1,1,1,1
2019-10-22T17,91.0,226.0,130.6,2.85,18.45,1,1,1,1,1
2019-10-22T18,89.0,213.0,126.8,2.7,11.6,1,1,1,1,1
2019-10-22T19,91.333,223.333,98.867,3.4,12.5,1,1,1,1,1
2019-10-22T20,106.0,226.0,,2.3,,1,1,0,1,0
2019-10-22T21,109.333,208.333,89.2,2.733,4.5,1,1,1,1,1
2019-10-22T22,107.667,190.0,88.8,2.967,5.15,1,1,1,1,1
2019-10-22T23,113.0,201.333,92.933,2.4,9.433,1,1,1,1,1
2019-10-23T00,124.333,242.333,92.433,2.633,11.3,1,1,1,1,1
2019-10-23T01,122.5,275.0,101.55,3.85,12.85,1,1,1,1,1
2019-10-23T02,125.5,285.0,107.55,6.95,9.45,1,1,1,1,1
2019-10-23T03,129.0,291.0,108.567,20.067,10.6,1,1,1,1,1
2019-10-23T04,125.0,289.5,51.9,93.0,12.4,1,1,1,1,1
2019-10-23T05,119.75,282.75,40.75,124.55,12.95,1,1,1,1,1
2019-10-23T06,116.0,267.0,35.2,158.95,13.95,1,1,1,1,1
2019-10-23T07,108.75,246.25,31.35,169.05,12.075,1,1,1,1,1
2019-10-23T08,94.667,206.0,30.133,143.467,10.933,1,1,1,1,1
2019-10-23T09,74.0,177.5,30.625,117.125,9.1,1,1,1,1,1
2019-10-23T10,55.5,156.5,40.7,90.8,7.5,1,1,1,1,1
2019-10-23T11,55.0,155.0,95.95,40.8,11.6,1,1,1,1,1
2019-10-23T12,69.667,226.0,140.2,2.8,16.0,1,1,1,1,1
2019-10-23T13,75.0,234.0,151.85,2.4,18.55,1,1,1,1,1
2019-10-23T14,95.0,260.0,172.8,2.9,25.4,1,1,1,1,1
2019-10-23T18,150.166,338.333,135.85,5.516,17.15,2,2,2,2,2
2019-10-23T19,138.0,298.0,116.567,16.3,15.3,1,1,1,1,1
2019-10-23T20,132.0,284.0,,15.3,,1,1,0,1,0
2019-10-23T21,140.0,281.667,107.633,20.667,10.6,1,1,1,1,1
2019-10-23T22,138.0,277.0,98.15,54.4,12.95,1,1,1,1,1
2019-10-24T00,151.0,272.0,98.55,71.05,14.8,1,1,1,1,1
2019-10-24T01,167.333,326.333,130.667,141.1,18.133,1,1,1,1,1
2019-10-24T02,195.0,397.0,180.3,137.95,16.8,1,1,1,1,1
2019-10-24T03,212.0,433.0,195.3,23.75,11.4,1,1,1,1,1
2019-10-24T04,224.333,404.333,104.067,37.3,3.55,1,1,1,1,1
2019-10-24T05,170.667,296.0,60.367,96.8,12.3,1,1,1,1,1
2019-10-24T06,119.667,213.0,50.033,160.7,11.933,1,1,1,1,1
2019-10-24T07,136.333,249.0,56.667,211.5,15.0,1,1,1,1,1
2019-10-24T08,163.0,309.0,49.05,176.65,9.95,1,1,1,1,1
2019-10-24T09,105.0,206.333,37.6,151.3,5.867,1,1,1,1,1
2019-10-24T10,101.0,209.0,59.95,111.55,3.4,1,1,1,1,1
2019-10-24T11,97.0,213.0,111.6,58.8,10.4,1,1,1,1,1
2019-10-24T12,110.0,349.0,186.767,2.2,15.167,1,1,1,1,1
2019-10-24T13,132.0,302.75,196.225,4.75,18.5,1,1,1,1,1
2019-10-24T14,145.0,335.25,192.125,22.175,24.3,1,1,1,1,1
2019-10-24T15,157.0,354.0,186.15,50.3,25.9,1,1,1,1,1
2019-10-24T16,174.0,379.0,178.5,56.3,29.05,1,1,1,1,1
2019-10-24T17,194.0,411.0,146.8,10.7,12.3,1,1,1,1,1
2019-10-24T18,175.0,361.0,133.3,15.25,10.6,2,2,2,2,2
2019-10-24T19,136.75,261.0,118.825,5.35,4.875,1,1,1,1,1
2019-10-24T20,142.5,249.0,101.6,3.85,1.9,1,1,1,1,1
2019-10-24T21,143.0,238.0,90.9,4.867,0.833,1,1,1,1,1
2019-10-24T22,110.5,191.5,57.75,14.6,1.4,1,1,1,1,1
2019-10-24T23,99.5,166.5,75.15,5.2,9.6,1,1,1,1,1
2019-10-25T00,103.0,177.5,71.45,3.85,10.4,1,1,1,1,1
2019-10-25T01,110.333,220.333,94.633,3.6,11.967,1,1,1,1,1
2019-10-25T02,129.0,274.5,87.7,17.45,13.55,1,1,1,1,1
2019-10-25T03,133.0,266.0,93.2,25.5,13.7,1,1,1,1,1
2019-10-25T04,114.75,238.25,66.45,64.725,13.467,1,1,1,1,1
2019-10-25T05,104.5,214.0,56.65,85.75,16.0,1,1,1,1,1
2019-10-25T06,101.0,204.0,49.35,89.75,16.65,1,1,1,1,1
2019-10-25T07,85.0,175.0,36.4,139.5,18.7,1,1,1,1,1
2019-10-25T08,87.25,180.75,35.575,142.35,18.575,1,1,1,1,1
2019-10-25T09,83.0,176.0,37.5,154.167,16.2,1,1,1,1,1
2019-10-25T10,86.0,211.0,52.2,137.9,,1,1,1,1,0
2019-10-25T11,88.5,231.5,80.425,91.35,16.35,1,1,1,1,1
2019-10-25T13,104.333,265.667,180.2,8.633,18.867,1,1,1,1,1
2019-10-25T14,120.667,315.0,179.733,36.033,24.467,1,1,1,1,1
2019-10-25T15,162.0,395.0,175.9,32.75,31.45,1,1,1,1,1
2019-10-25T16,190.333,425.667,157.1,30.7,37.85,1,1,1,1,1
2019-10-25T17,188.333,393.0,131.1,37.167,20.433,1,1,1,1,1
2019-10-25T18,175.0,347.333,129.45,38.883,17.95,2,2,2,2,2
2019-10-25T19,172.333,326.667,100.767,32.15,18.8,1,1,1,1,1
2019-10-25T20,163.0,289.0,93.7,23.967,10.9,1,1,1,1,1
2019-10-25T21,147.667,255.667,103.333,9.5,6.567,1,1,1,1,1
2019-10-25T22,133.0,241.0,103.65,6.25,3.75,1,1,1,1,1
2019-10-25T23,123.5,208.5,103.7,4.55,5.65,1,1,1,1,1
2019-10-26T00,127.333,214.333,95.667,4.267,4.933,1,1,1,1,1
2019-10-26T01,139.75,248.5,80.125,5.35,4.175,1,1,1,1,1
2019-10-26T02,163.0,289.0,89.8,5.75,4.7,1,1,1,1,1
2019-10-26T03,145.667,288.0,83.467,18.0,5.167,1,1,1,1,1
2019-10-26T04,114.667,241.333,68.167,46.433,4.05,1,1,1,1,1
2019-10-26T05,106.333,235.667,45.1,84.9,10.9,1,1,1,1,1
2019-10-26T06,94.5,198.5,39.525,104.15,12.075,1,1,1,1,1
2019-10-26T07,82.0,164.0,40.55,121.9,12.075,1,1,1,1,1
2019-10-26T08,90.5,175.5,44.933,142.65,12.05,1,1,1,1,1
2019-10-26T09,97.0,185.0,41.033,165.6,11.467,1,1,1,1,1
2019-10-26T10,101.333,208.0,67.233,126.0,10.8,1,1,1,1,1
2019-10-26T11,105.667,239.0,146.8,52.533,13.667,1,1,1,1,1
2019-10-26T12,116.0,284.333,207.433,3.4,19.033,1,1,1,1,1
2019-10-26T13,161.0,335.5,195.9,3.4,25.6,1,1,1,1,1
2019-10-26T14,201.667,372.667,186.633,3.367,28.9,1,1,1,1,1
2019-10-26T15,242.5,424.25,180.6,4.6,32.525,1,1,1,1,1
2019-10-26T16,268.0,443.5,157.3,4.1,36.7,1,1,1,1,1
2019-10-26T17,284.667,463.333,142.467,5.433,21.8,1,1,1,1,1
2019-10-26T18,286.0,451.5,103.85,5.4,22.35,2,2,2,2,2
2019-10-26T19,261.667,410.333,97.9,4.433,21.833,1,1,1,1,1
2019-10-26T20,237.75,369.0,97.625,3.925,18.375,1,1,1,1,1
2019-10-26T21,223.5,333.5,95.7,3.5,14.15,1,1,1,1,1
2019-10-26T22,215.333,325.0,107.5,2.967,10.65,1,1,1,1,1
2019-10-26T23,199.0,298.0,103.9,3.15,5.8,1,1,1,1,1
2019-10-27T00,190.0,289.0,96.533,2.9,4.367,1,1,1,1,1
2019-10-27T01,208.0,302.0,88.2,4.9,1.75,1,1,1,1,1
2019-10-27T02,208.667,315.667,82.833,11.733,1.667,1,1,1,1,1
2019-10-27T03,206.75,331.75,68.525,30.275,,1,1,1,1,0
2019-10-27T04,220.25,343.0,52.625,68.375,8.25,1,1,1,1,1
2019-10-27T05,213.667,324.667,30.033,117.567,14.767,1,1,1,1,1
2019-10-27T06,187.25,286.0,27.1,132.35,14.975,1,1,1,1,1
2019-10-27T07,125.25,215.5,24.167,127.3,15.675,1,1,1,1,1
2019-10-27T08,91.5,175.25,19.1,118.733,15.7,1,1,1,1,1
2019-10-27T09,63.667,141.667,19.967,104.767,14.7,1,1,1,1,1
2019-10-27T10,52.75,126.0,27.2,93.25,13.1,1,1,1,1,1
2019-10-27T11,55.5,129.75,98.025,32.7,10.975,1,1,1,1,1
2019-10-27T12,73.667,171.0,131.733,3.133,12.533,1,1,1,1,1
2019-10-27T13,99.667,226.0,123.633,3.133,14.5,1,1,1,1,1
2019-10-27T14,173.0,312.667,142.233,3.767,19.267,1,1,1,1,1
2019-10-27T15,561.0,719.5,121.7,4.9,27.65,1,1,1,1,1
2019-10-27T16,845.0,1254.0,112.233,4.733,35.5,1,1,1,1,1
2019-10-27T17,1538.25,1791.0,110.425,4.55,30.325,1,1,1,1,1
2019-10-27T18,1569.0,1908.0,113.6,5.2,27.8,1,1,1,1,1
2019-10-27T19,976.0,1172.333,101.367,3.467,24.867,1,1,1,1,1
2019-10-27T20,626.667,782.0,99.5,3.4,18.667,1,1,1,1,1
2019-10-27T21,426.0,532.0,87.4,3.1,14.2,1,1,1,1,1
2019-10-27T22,398.75,501.5,76.35,6.025,13.0,1,1,1,1,1
2019-10-27T23,305.667,397.0,69.533,8.467,15.367,1,1,1,1,1
2019-10-28T00,275.333,360.333,79.9,3.9,14.233,1,1,1,1,1
2019-10-28T01,253.333,343.667,93.967,4.667,14.633,1,1,1,1,1
2019-10-28T02,239.333,359.333,75.667,12.5,16.633,1,1,1,1,1
2019-10-28T03,252.0,401.0,85.3,24.9,17.1,1,1,1,1,1
2019-10-28T04,252.667,394.333,61.367,54.8,17.75,1,1,1,1,1
2019-10-28T05,252.5,382.0,40.9,102.8,17.7,1,1,1,1,1
2019-10-28T06,245.667,373.667,31.6,145.633,16.367,1,1,1,1,1
2019-10-28T07,235.0,355.0,27.75,152.85,15.9,1,1,1,1,1
2019-10-28T08,185.333,300.333,,142.733,16.5,1,1,0,1,1
2019-10-28T09,196.0,315.0,,111.367,15.9,1,1,0,1,1
2019-10-28T10,213.0,349.0,,52.9,16.0,1,1,0,1,1
2019-10-28T11,207.0,373.0,135.0,9.8,17.933,1,1,1,1,1
2019-10-28T12,211.5,401.0,147.675,2.975,20.175,1,1,1,1,1
2019-10-28T13,230.667,394.667,143.067,2.933,23.3,1,1,1,1,1
2019-10-28T14,289.667,443.667,137.0,2.7,26.133,1,1,1,1,1
2019-10-28T15,338.5,493.5,128.625,2.575,28.225,1,1,1,1,1
2019-10-28T16,337.667,476.333,119.0,2.633,29.8,1,1,1,1,1
2019-10-28T17,321.0,445.0,111.733,2.833,15.867,1,1,1,1,1
2019-10-28T18,309.0,433.0,92.1,2.725,14.7,2,2,2,2,2
2019-10-28T19,286.333,391.667,78.833,2.4,15.633,1,1,1,1,1
2019-10-28T20,270.667,361.333,78.2,2.567,12.9,1,1,1,1,1
2019-10-28T21,288.0,385.25,74.9,2.625,11.825,1,1,1,1,1
2019-10-28T22,304.0,414.667,,2.3,9.35,1,1,0,1,1
2019-10-28T23,267.333,366.333,,1.1,8.1,1,1,0,1,1
2019-10-29T00,249.75,337.5,,1.375,5.675,1,1,0,1,1
2019-10-29T01,249.0,345.0,,0.7,7.3,1,1,0,1,1
2019-10-29T03,245.0,400.333,,6.3,8.0,1,1,0,1,1
2019-10-29T04,244.25,423.5,,12.975,7.233,1,1,0,1,1
2019-10-29T05,246.75,443.0,,28.55,11.225,1,1,0,1,1
2019-10-29T06,249.0,447.0,,55.967,12.8,1,1,0,1,1
2019-10-29T07,260.667,452.333,,78.3,12.8,1,1,0,1,1
2019-10-29T08,274.667,466.333,153.0,94.7,12.867,1,1,1,1,1
2019-10-29T09,312.75,525.75,166.25,3.667,13.0,1,1,1,1,1
2019-10-29T10,339.0,588.0,184.45,7.95,12.6,1,1,1,1,1
2019-10-29T11,309.0,563.0,180.2,7.433,12.767,1,1,1,1,1
2019-10-29T12,302.0,567.0,166.067,6.467,13.733,1,1,1,1,1
2019-10-29T13,305.0,531.0,154.3,6.75,17.45,1,1,1,1,1
2019-10-29T14,299.0,495.0,147.9,6.15,18.7,1,1,1,1,1
2019-10-29T15,307.0,465.0,158.0,7.5,21.2,1,1,1,1,1
2019-10-29T16,313.0,477.0,134.6,7.633,24.05,1,1,1,1,1
2019-10-29T17,353.0,517.0,121.25,7.7,20.25,1,1,1,1,1
2019-10-29T18,350.0,508.0,107.45,7.325,19.5,2,2,2,2,2
2019-10-29T19,329.0,462.0,99.9,,19.7,1,1,1,0,1
2019-10-29T20,310.0,431.0,80.7,7.95,11.9,1,1,1,1,1
2019-10-29T21,306.0,417.0,81.8,7.75,14.1,1,1,1,1,1
2019-10-29T22,290.0,403.0,94.833,6.667,13.95,1,1,1,1,1
2019-10-29T23,271.0,426.0,95.1,5.9,10.8,1,1,1,1,1
2019-10-30T00,200.0,338.0,85.8,6.05,5.85,1,1,1,1,1
2019-10-30T01,199.0,334.0,88.5,5.9,5.75,1,1,1,1,1
2019-10-30T02,164.0,317.0,83.75,5.55,4.575,1,1,1,1,1
2019-10-30T03,138.0,298.0,89.35,5.525,2.825,1,1,1,1,1
2019-10-30T04,157.0,355.0,106.9,7.1,2.6,1,1,1,1,1
2019-10-30T05,186.0,392.0,90.85,13.05,10.1,1,1,1,1,1
2019-11-11T10,150.0,223.5,77.4,88.55,7.7,1,1,1,1,1
2019-11-11T11,143.5,239.0,156.65,5.2,13.075,1,1,1,1,1
2019-11-11T12,128.75,302.75,159.025,2.1,17.875,1,1,1,1,1
2019-11-11T13,144.5,298.5,155.025,1.5,20.725,1,1,1,1,1
2019-11-11T14,152.25,311.25,152.7,1.6,21.225,1,1,1,1,1
2019-11-11T15,169.25,335.25,150.15,2.25,21.975,1,1,1,1,1
2019-11-11T16,194.75,360.0,153.025,1.3,22.2,1,1,1,1,1
2019-11-11T17,213.75,363.0,145.075,2.25,11.125,1,1,1,1,1
2019-11-11T18,237.0,372.0,135.775,2.45,8.425,2,2,2,2,2
2019-11-12T04,309.0,427.0,,,0.0,1,1,0,0,1
2019-11-12T05,,,77.133,98.6,17.533,0,0,1,1,1
2019-11-12T06,461.0,585.0,48.467,130.2,15.133,1,1,1,1,1
2019-11-12T07,307.0,396.0,42.1,125.8,11.775,1,1,1,1,1
2019-11-12T08,273.0,368.0,39.4,122.733,11.0,1,1,1,1,1
2019-11-12T09,288.0,376.0,45.6,107.5,10.733,1,1,1,1,1
2019-11-12T10,257.0,342.0,81.45,74.4,10.767,1,1,1,1,1
2019-11-12T11,257.0,403.0,176.075,10.425,12.075,1,1,1,1,1
2019-11-12T12,261.0,497.0,192.875,2.75,15.175,1,1,1,1,1
2019-11-12T13,267.0,439.0,190.275,1.75,17.725,1,1,1,1,1
2019-11-12T14,289.0,458.0,174.05,1.275,20.475,1,1,1,1,1
2019-11-12T15,313.0,495.0,180.6,2.7,24.65,1,1,1,1,1
2019-11-12T16,371.0,578.0,160.2,1.9,27.9,1,1,1,1,1
2019-11-12T17,381.0,555.0,156.15,1.225,17.125,1,1,1,1,1
2019-11-12T18,374.0,549.0,144.966,1.784,13.75,2,2,2,2,2
2019-11-12T19,374.0,509.0,131.65,2.35,11.625,1,1,1,1,1
2019-11-12T20,379.0,493.0,126.2,2.35,4.1,1,1,1,1,1
2019-11-12T21,388.0,504.0,117.525,2.35,4.275,1,1,1,1,1
2019-11-12T22,422.0,533.0,112.25,2.425,5.333,1,1,1,1,1
2019-11-12T23,494.0,588.0,107.425,2.225,10.025,1,1,1,1,1
2019-11-13T00,495.0,585.0,101.45,2.6,12.075,1,1,1,1,1
2019-11-13T01,477.0,581.0,105.325,2.175,13.75,1,1,1,1,1
2019-11-13T02,438.0,599.0,141.6,2.0,14.767,1,1,1,1,1
2019-11-13T04,498.0,654.0,187.2,22.05,14.1,1,1,1,1,1
2019-11-13T05,509.333,671.0,214.333,51.367,17.7,1,1,1,1,1
2019-11-13T06,514.75,697.5,155.225,93.2,18.35,1,1,1,1,1
2019-11-13T07,499.0,681.0,97.675,135.65,18.825,1,1,1,1,1
2019-11-13T08,,,72.067,140.867,15.4,0,0,1,1,1
2019-11-13T09,337.0,493.0,96.375,117.05,12.825,1,1,1,1,1
2019-11-13T10,339.667,581.0,163.333,50.533,12.7,1,1,1,1,1
2019-11-13T11,351.5,748.75,249.975,6.65,15.8,1,1,1,1,1
2019-11-13T12,381.667,691.667,246.067,1.867,19.467,1,1,1,1,1
2019-11-13T13,403.0,627.0,246.233,2.167,23.667,1,1,1,1,1
2019-11-13T14,430.0,649.25,215.975,2.425,29.25,1,1,1,1,1
2019-11-13T15,420.5,610.0,201.8,2.125,30.725,1,1,1,1,1
2019-11-13T16,429.0,624.25,186.65,2.675,33.0,1,1,1,1,1
2019-11-13T17,431.0,609.5,169.475,2.6,17.6,1,1,1,1,1
2019-11-13T18,427.0,574.667,163.5,3.05,12.55,2,2,2,2,2
2019-11-13T19,421.75,582.5,140.475,3.5,12.975,1,1,1,1,1
2019-11-13T20,418.5,554.5,121.3,2.725,4.8,1,1,1,1,1
2019-11-13T21,409.75,516.5,120.2,2.475,7.475,1,1,1,1,1
2019-11-13T22,401.0,500.5,108.75,2.2,6.1,1,1,1,1,1
2019-11-13T23,396.0,495.0,94.6,1.6,8.15,1,1,1,1,1
2019-11-14T01,439.0,602.0,106.5,2.7,13.3,1,1,1,1,1
2019-11-14T05,508.667,689.0,190.133,17.533,16.633,1,1,1,1,1
2019-11-14T06,456.25,619.75,251.575,11.525,12.725,1,1,1,1,1
2019-11-14T07,452.667,646.0,309.733,7.4,11.667,1,1,1,1,1
2019-11-14T08,443.25,664.75,255.625,19.8,12.775,1,1,1,1,1
2019-11-14T09,406.0,626.75,271.85,25.775,12.525,1,1,1,1,1
2019-11-14T10,411.667,687.333,268.4,25.6,11.85,1,1,1,1,1
2019-11-14T11,417.0,726.0,261.6,11.6,17.6,1,1,1,1,1
2019-11-14T12,426.75,818.5,275.225,13.3,19.8,1,1,1,1,1
2019-11-14T13,440.5,751.25,284.525,12.4,25.175,1,1,1,1,1
2019-11-14T14,453.667,721.667,283.133,12.167,25.933,1,1,1,1,1
2019-11-14T15,476.25,743.0,252.475,10.525,29.725,1,1,1,1,1
2019-11-14T16,508.5,766.25,226.6,10.85,34.767,1,1,1,1,1
2019-11-14T17,480.5,711.0,166.7,8.175,14.85,1,1,1,1,1
2019-11-14T18,402.5,592.0,129.483,5.367,11.25,2,2,2,2,2
2019-11-14T19,380.0,530.25,87.2,2.3,3.575,1,1,1,1,1
2019-11-14T20,463.0,591.5,70.7,2.075,,1,1,1,1,0
2019-11-14T21,619.75,735.25,63.325,3.675,,1,1,1,1,0
2019-11-14T22,757.0,847.25,64.375,2.7,,1,1,1,1,0
2019-11-14T23,784.0,875.0,69.1,2.4,,1,1,1,1,0
2019-11-15T05,,,,,16.1,0,0,0,0,1
2019-11-15T07,377.0,528.333,64.433,130.133,,1,1,1,1,0
2019-11-15T08,297.75,432.25,57.425,124.775,14.75,1,1,1,1,1
2019-11-15T10,288.0,556.0,193.9,23.5,,1,1,1,1,0
2019-11-15T11,288.0,556.0,219.9,4.033,15.5,1,1,1,1,1
2019-11-15T12,259.0,486.0,202.6,1.3,19.8,1,1,1,1,1
2019-11-15T13,259.0,486.0,201.9,0.8,20.1,1,1,1,1,1
2019-11-15T15,322.0,562.5,173.25,0.75,21.05,1,1,1,1,1
2019-11-15T16,343.75,581.5,159.4,1.125,20.8,1,1,1,1,1
2019-11-15T17,364.5,552.0,139.075,0.75,16.75,1,1,1,1,1
2019-11-15T18,365.833,543.167,123.0,1.15,17.233,2,2,2,2,2
2019-11-15T19,358.25,499.25,95.35,0.95,17.95,1,1,1,1,1
2019-11-15T20,329.667,436.667,75.8,1.367,11.8,1,1,1,1,1
2019-11-15T21,307.0,397.0,67.2,0.733,10.6,1,1,1,1,1
2019-11-15T22,283.25,377.5,60.3,0.7,9.933,1,1,1,1,1
2019-11-15T23,267.667,343.667,54.1,1.1,12.9,1,1,1,1,1
2019-11-16T00,267.0,334.5,54.725,1.075,11.45,1,1,1,1,1
2019-11-16T01,255.0,330.75,66.8,1.2,10.55,1,1,1,1,1
2019-11-16T02,250.0,350.25,72.55,7.425,14.025,1,1,1,1,1
2019-11-16T03,235.0,321.0,57.833,27.167,18.233,1,1,1,1,1
2019-11-16T04,163.5,252.75,54.725,50.0,17.833,1,1,1,1,1
2019-11-16T05,153.333,250.0,43.367,69.6,19.067,1,1,1,1,1
2019-11-16T06,124.0,228.0,36.167,75.6,17.833,1,1,1,1,1
2019-11-16T07,88.0,222.0,27.6,73.3,14.0,1,1,1,1,1
2019-11-16T17,222.333,324.0,60.533,3.8,12.833,1,1,1,1,1
2019-11-16T18,193.334,271.167,59.2,4.25,13.867,2,2,2,2,2
2019-11-16T19,194.0,255.75,49.075,10.55,16.375,1,1,1,1,1
2019-11-16T20,143.0,200.333,32.0,14.8,16.6,1,1,1,1,1
2019-11-16T21,110.5,156.75,35.625,11.65,13.8,1,1,1,1,1
2019-11-16T22,126.75,160.0,34.675,9.675,13.033,1,1,1,1,1
2019-11-16T23,144.0,171.75,35.975,7.575,11.875,1,1,1,1,1
2019-11-17T00,143.0,173.75,41.5,3.975,12.6,1,1,1,1,1
2019-11-17T01,135.5,178.25,42.45,6.25,12.05,1,1,1,1,1
2019-11-17T02,117.0,163.0,33.5,15.7,13.85,1,1,1,1,1
2019-11-17T03,103.25,153.25,31.45,28.65,17.5,1,1,1,1,1
2019-11-17T04,107.0,160.0,27.9,37.45,16.85,1,1,1,1,1
2019-11-17T07,33.0,174.0,19.4,50.1,8.8,1,1,1,1,1
2019-11-17T08,34.0,170.667,19.6,48.867,7.6,1,1,1,1,1
2019-11-17T09,36.0,164.0,21.367,48.233,7.6,1,1,1,1,1
2019-11-17T10,27.5,165.5,41.7,34.95,7.7,1,1,1,1,1
2019-11-17T11,30.0,184.0,59.25,23.95,12.5,1,1,1,1,1
2019-11-17T12,38.0,197.0,101.55,2.8,12.7,1,1,1,1,1
2019-11-17T13,67.667,336.0,100.267,0.967,17.567,1,1,1,1,1
2019-11-17T15,122.0,412.0,111.2,2.0,16.6,1,1,1,1,1
2019-11-17T17,232.0,382.0,64.6,11.8,14.25,1,1,1,1,1
2019-11-17T19,218.5,316.5,49.8,10.75,14.55,1,1,1,1,1
2019-11-17T21,207.5,262.5,47.05,12.175,14.375,1,1,1,1,1
2019-11-17T22,161.0,219.0,66.6,5.75,14.25,1,1,1,1,1
2019-11-17T23,149.0,201.0,56.4,7.75,10.55,1,1,1,1,1
2019-11-18T00,141.0,191.0,71.0,3.55,10.55,1,1,1,1,1
2019-11-18T02,108.0,169.0,75.65,5.95,10.1,1,1,1,1,1
2019-11-18T03,102.0,182.0,74.3,13.4,14.3,1,1,1,1,1
2019-11-18T07,50.0,114.0,25.6,62.7,11.3,1,1,1,1,1
2019-11-18T08,56.667,119.0,24.0,65.05,10.5,1,1,1,1,1
2019-11-18T10,45.0,143.5,67.3,39.35,9.3,1,1,1,1,1
2019-11-18T11,44.75,183.75,108.95,9.85,13.75,1,1,1,1,1
2019-11-18T12,51.667,238.0,126.833,0.967,19.533,1,1,1,1,1
2019-11-18T13,65.25,212.5,138.1,1.3,22.475,1,1,1,1,1
2019-11-18T14,86.333,245.0,145.867,1.15,27.267,1,1,1,1,1
2019-11-18T15,103.0,259.0,135.567,0.467,25.567,1,1,1,1,1
2019-11-18T16,105.0,248.75,121.575,0.8,26.0,1,1,1,1,1
2019-11-18T17,116.75,264.25,125.0,1.1,17.9,1,1,1,1,1
2019-11-18T18,125.666,271.667,113.334,1.534,15.284,2,2,2,2,2
2019-11-18T19,128.667,237.333,105.467,1.7,17.2,1,1,1,1,1
2019-11-18T21,133.75,206.0,84.1,1.725,12.55,1,1,1,1,1
2019-11-18T22,148.25,211.0,88.2,1.775,13.5,1,1,1,1,1
2019-11-18T23,162.75,227.75,82.875,1.433,13.225,1,1,1,1,1
2019-11-19T00,171.75,231.75,78.325,0.8,11.925,1,1,1,1,1
2019-11-19T01,156.0,235.75,88.225,2.35,14.05,1,1,1,1,1
2019-11-19T03,145.0,255.0,89.0,2.3,12.8,1,1,1,1,1
2019-11-19T04,189.0,308.25,103.9,14.55,17.067,1,1,1,1,1
2019-11-19T05,207.0,318.0,75.7,42.1,17.333,1,1,1,1,1
2019-11-19T06,185.0,288.0,43.233,67.2,15.5,1,1,1,1,1
2019-11-19T07,161.0,246.0,31.2,87.15,11.75,1,1,1,1,1
2019-11-19T08,129.0,,34.9,94.7,12.0,1,0,1,1,1
2019-11-19T09,90.0,,32.0,82.25,9.8,1,0,1,1,1
2019-11-19T10,69.0,145.0,48.6,58.0,7.2,1,1,1,1,1
2019-11-19T11,55.0,273.0,124.2,11.867,12.7,1,1,1,1,1
2019-11-19T12,66.0,305.0,154.0,0.3,18.8,1,1,1,1,1
2019-11-19T13,83.0,266.0,157.65,0.3,25.3,1,1,1,1,1
2019-11-19T14,108.0,250.0,154.0,2.033,28.367,1,1,1,1,1
2019-11-19T15,119.667,242.667,151.433,0.833,25.7,1,1,1,1,1
2019-11-19T16,125.0,246.0,148.65,1.7,26.9,1,1,1,1,1
2019-11-19T17,134.0,285.0,138.5,0.367,15.967,1,1,1,1,1
2019-11-19T18,151.0,295.0,132.2,,14.6,1,1,1,0,1
2019-11-19T19,147.5,250.0,99.75,2.35,19.25,1,1,1,1,1
2019-11-19T20,128.0,206.0,96.2,2.7,15.3,1,1,1,1,1
2019-11-19T21,129.333,204.0,91.633,1.933,15.833,1,1,1,1,1
2019-11-19T22,132.0,200.0,92.733,1.733,16.667,1,1,1,1,1
2019-11-19T23,148.25,233.5,86.7,1.3,11.5,1,1,1,1,1
2019-11-20T00,158.0,232.0,82.0,0.9,10.3,1,1,1,1,1
2019-11-20T01,161.0,239.0,92.15,1.9,8.85,1,1,1,1,1
2019-11-20T03,177.0,298.0,134.8,3.5,10.6,1,1,1,1,1
2019-11-20T04,207.0,350.0,144.55,10.25,13.0,1,1,1,1,1
2019-11-20T05,233.0,360.0,173.3,17.5,15.65,1,1,1,1,1
2019-11-20T06,224.0,362.0,133.8,33.6,15.1,1,1,1,1,1
2019-11-20T07,146.5,233.0,63.3,88.45,6.85,1,1,1,1,1
2019-11-20T08,141.0,222.0,56.55,115.0,6.75,1,1,1,1,1
2019-11-20T10,113.0,261.5,131.4,58.7,6.1,1,1,1,1,1
2019-11-20T11,114.333,387.667,197.933,2.3,12.7,1,1,1,1,1
2019-11-20T13,135.0,371.0,220.6,1.6,26.1,1,1,1,1,1
2019-11-20T14,186.0,383.0,206.65,1.9,33.6,1,1,1,1,1
2019-11-20T15,233.333,436.667,199.0,2.3,37.433,1,1,1,1,1
2019-11-20T16,256.0,460.0,179.75,2.7,37.85,1,1,1,1,1
2019-11-20T17,215.0,379.0,164.175,1.9,17.775,1,1,1,1,1
2019-11-20T18,212.666,371.333,150.317,2.55,15.534,2,2,2,2,2
2019-11-20T19,197.667,323.333,145.733,5.05,18.233,1,1,1,1,1
2019-11-20T20,190.667,299.0,123.5,4.467,14.4,1,1,1,1,1
2019-11-20T21,188.25,283.0,109.6,5.525,14.225,1,1,1,1,1
2019-11-20T22,187.5,270.75,106.4,11.2,16.767,1,1,1,1,1
2019-11-20T23,207.0,296.333,98.367,17.2,10.933,1,1,1,1,1
2019-11-21T00,222.667,318.0,77.967,17.933,10.233,1,1,1,1,1
2019-11-21T01,238.0,350.0,94.033,26.167,11.8,1,1,1,1,1
2019-11-21T02,265.0,415.0,183.525,131.4,13.8,1,1,1,1,1
2019-11-21T03,298.0,478.0,244.95,137.35,16.25,1,1,1,1,1
2019-11-21T04,321.0,531.0,294.05,29.35,19.6,1,1,1,1,1
2019-11-21T05,261.333,442.667,213.733,24.533,20.667,1,1,1,1,1
2019-11-21T06,248.0,432.0,137.933,48.767,16.767,1,1,1,1,1
2019-11-21T07,199.0,316.0,87.267,76.033,10.967,1,1,1,1,1
2019-11-21T08,152.0,256.0,73.2,82.3,5.6,1,1,1,1,1
2019-11-21T09,147.667,263.667,128.967,58.867,4.467,1,1,1,1,1
2019-11-21T10,147.0,353.333,151.133,35.8,3.1,1,1,1,1,1
2019-11-21T11,143.0,468.0,212.033,2.733,14.033,1,1,1,1,1
2019-11-21T12,147.75,487.75,214.9,2.625,20.975,1,1,1,1,1
2019-11-21T13,162.0,439.0,209.333,2.333,25.3,1,1,1,1,1
2019-11-21T14,188.5,410.0,203.6,2.475,29.5,1,1,1,1,1
2019-11-21T15,226.5,437.75,196.45,1.85,30.975,1,1,1,1,1
2019-11-21T16,235.25,426.75,180.225,1.625,32.4,1,1,1,1,1
2019-11-21T17,232.0,407.25,172.775,1.95,14.45,1,1,1,1,1
2019-11-21T18,238.0,387.0,154.95,0.875,13.8,2,2,2,2,2
2019-11-21T19,228.5,353.5,119.05,1.4,12.3,1,1,1,1,1
2019-11-21T20,219.5,320.5,98.3,2.35,7.5,1,1,1,1,1
2019-11-21T21,222.0,308.0,97.9,2.175,8.65,1,1,1,1,1
2019-11-21T22,220.25,297.25,86.2,1.5,11.633,1,1,1,1,1
2019-11-21T23,224.0,301.0,72.733,1.567,11.5,1,1,1,1,1
2019-11-22T00,219.75,295.0,70.25,1.775,12.175,1,1,1,1,1
2019-11-22T01,222.0,312.75,93.95,2.85,12.425,1,1,1,1,1
2019-11-22T02,222.0,357.0,165.1,2.4,13.1,1,1,1,1,1
2019-11-22T03,256.667,430.0,207.233,2.967,14.167,1,1,1,1,1
2019-11-22T04,219.0,360.5,203.375,8.125,12.533,1,1,1,1,1
2019-11-22T05,208.75,352.75,162.725,26.95,15.625,1,1,1,1,1
2019-11-22T06,205.0,343.0,107.0,56.9,16.5,1,1,1,1,1
2019-11-22T08,,,50.5,,,0,0,1,0,0
2019-11-22T09,129.0,240.0,,124.7,18.267,1,1,0,1,1
2019-11-22T11,157.0,396.667,176.767,16.433,16.9,1,1,1,1,1
2019-11-22T12,162.333,457.667,212.167,2.067,23.0,1,1,1,1,1
2019-11-22T13,185.0,501.0,207.7,1.55,28.55,1,1,1,1,1
2019-11-22T14,216.0,501.0,193.3,0.95,30.533,1,1,1,1,1
2019-11-22T16,236.0,460.5,176.75,0.2,32.6,1,1,1,1,1
2019-11-22T17,246.0,494.0,160.7,0.8,25.6,1,1,1,1,1
2019-11-22T19,244.0,403.0,115.5,,10.0,1,1,1,0,1
2019-11-22T20,177.0,263.0,94.2,3.6,4.8,1,1,1,1,1
2019-11-22T21,177.0,263.0,91.4,1.2,3.367,1,1,1,1,1
2019-11-22T22,157.25,222.0,82.425,0.833,5.067,1,1,1,1,1
2019-11-22T23,163.667,225.0,68.2,1.167,8.633,1,1,1,1,1
2019-11-23T00,175.0,237.0,69.9,0.4,6.65,1,1,1,1,1
2019-11-23T01,180.0,259.0,62.2,,7.25,1,1,1,0,1
2019-11-23T02,180.0,275.75,67.7,1.525,7.625,1,1,1,1,1
2019-11-23T03,177.25,298.0,69.225,4.975,8.875,1,1,1,1,1
2019-11-23T04,168.75,290.75,58.5,12.25,10.6,1,1,1,1,1
2019-11-23T05,164.0,275.25,56.95,24.15,12.4,1,1,1,1,1
2019-11-23T06,147.75,261.0,56.7,37.625,11.625,1,1,1,1,1
2019-11-23T07,131.0,242.25,49.825,55.125,10.3,1,1,1,1,1
2019-11-23T08,116.75,237.0,52.025,57.575,8.1,1,1,1,1,1
2019-11-23T10,97.0,230.0,63.967,34.167,7.133,1,1,1,1,1
2019-11-23T11,73.0,239.0,121.8,1.7,10.7,1,1,1,1,1
2019-11-23T12,81.0,324.0,121.133,1.433,13.667,1,1,1,1,1
2019-11-23T13,108.0,271.0,118.6,0.5,17.9,1,1,1,1,1
2019-11-23T14,111.0,272.0,116.4,0.0,20.1,1,1,1,1,1
2019-11-23T21,127.0,194.0,48.9,10.0,11.4,1,1,1,1,1
2019-11-23T22,121.0,172.0,45.7,11.3,12.5,1,1,1,1,1
2019-11-23T23,119.0,182.0,46.0,10.2,11.8,1,1,1,1,1
2019-11-24T02,146.0,224.0,59.7,11.0,10.2,1,1,1,1,1
2019-11-24T03,145.0,219.5,52.2,29.85,11.75,1,1,1,1,1
2019-11-24T04,128.75,195.0,42.725,44.725,13.033,1,1,1,1,1
2019-11-24T05,110.0,168.0,34.6,60.7,13.1,1,1,1,1,1
2019-11-24T06,95.0,175.0,30.3,68.6,12.6,1,1,1,1,1
2019-11-24T07,90.0,184.0,23.5,68.8,11.7,1,1,1,1,1
2019-11-24T08,62.0,139.0,29.25,61.8,8.7,1,1,1,1,1
2019-11-24T09,57.0,136.0,41.5,54.4,6.3,1,1,1,1,1
2019-11-24T11,64.0,241.0,119.5,1.0,9.3,1,1,1,1,1
2019-11-24T13,105.0,275.0,120.25,0.45,14.3,1,1,1,1,1
2019-11-24T14,119.0,284.0,112.2,0.5,15.3,1,1,1,1,1
2019-11-24T15,152.0,304.0,104.1,0.65,17.667,1,1,1,1,1
2019-11-24T16,158.0,310.0,92.3,0.3,16.0,1,1,1,1,1
2019-11-24T17,153.5,269.25,84.05,0.825,13.525,1,1,1,1,1
2019-11-24T18,148.5,245.166,88.05,0.35,13.85,2,2,2,2,2
2019-11-24T19,144.75,222.0,83.175,1.75,13.35,1,1,1,1,1
2019-11-24T20,141.0,210.0,,1.5,,1,1,0,1,0
2019-11-25T01,166.0,261.0,75.7,0.4,4.5,1,1,1,1,1
2019-11-25T02,171.5,278.0,82.4,1.067,6.0,1,1,1,1,1
2019-11-25T03,183.0,319.0,115.35,2.625,11.15,1,1,1,1,1
2019-11-25T04,161.25,286.25,138.65,8.1,14.6,1,1,1,1,1
2019-11-25T05,141.0,278.0,131.8,17.7,15.9,1,1,1,1,1
2019-11-25T07,89.0,189.75,49.0,77.8,14.8,1,1,1,1,1
2019-11-25T08,75.5,159.0,53.85,79.35,11.825,1,1,1,1,1
2019-11-25T09,79.25,166.25,56.05,76.8,10.3,1,1,1,1,1
2019-11-25T10,78.75,188.0,65.65,67.5,9.167,1,1,1,1,1
2019-11-25T11,83.75,330.25,105.4,25.575,9.125,1,1,1,1,1
2019-11-25T12,86.0,459.5,165.575,1.9,12.225,1,1,1,1,1
2019-11-25T13,95.5,287.75,155.8,1.3,15.875,1,1,1,1,1
2019-11-25T14,104.0,272.0,153.325,1.15,20.45,1,1,1,1,1
2019-11-25T15,125.0,299.0,150.633,1.6,23.9,1,1,1,1,1
2019-11-25T16,152.333,318.667,127.033,5.933,23.95,1,1,1,1,1
2019-11-25T17,152.25,311.0,112.325,94.2,15.025,1,1,1,1,1
2019-11-25T18,149.334,269.333,104.317,171.534,14.9,2,2,2,2,2
2019-11-25T19,146.0,256.0,83.933,209.7,17.333,1,1,1,1,1
2019-11-25T20,137.0,226.25,67.7,198.225,12.3,1,1,1,1,1
2019-11-25T21,132.25,215.5,68.9,145.5,14.925,1,1,1,1,1
2019-11-25T22,126.5,197.0,66.575,115.05,16.467,1,1,1,1,1
2019-11-25T23,124.0,192.5,65.975,113.825,16.35,1,1,1,1,1
2019-11-26T00,122.75,201.5,63.975,103.3,14.85,1,1,1,1,1
2019-11-26T01,133.5,233.5,67.625,72.425,14.0,1,1,1,1,1
2019-11-26T02,151.5,309.5,96.4,55.25,17.275,1,1,1,1,1
2019-11-26T03,162.0,364.5,122.125,9.65,34.625,1,1,1,1,1
2019-11-26T04,169.5,335.25,119.3,12.3,23.85,1,1,1,1,1
2019-11-26T05,132.75,299.25,92.05,28.3,21.3,1,1,1,1,1
2019-11-26T06,117.0,279.0,85.333,41.467,22.333,1,1,1,1,1
2019-11-26T07,122.0,277.0,76.433,61.067,20.633,1,1,1,1,1
2019-11-26T08,114.333,265.0,72.867,73.2,17.367,1,1,1,1,1
2019-11-26T09,111.5,245.5,62.35,71.4,16.45,1,1,1,1,1
2019-11-26T10,106.0,226.0,100.4,55.9,16.3,1,1,1,1,1
2019-11-26T11,125.75,458.0,155.175,32.725,17.775,1,1,1,1,1
2019-11-26T12,128.0,401.0,144.05,5.55,17.5,1,1,1,1,1
2019-11-26T13,74.0,240.0,51.8,12.1,17.55,1,1,1,1,1
2019-11-26T14,43.0,172.0,60.5,6.067,16.367,1,1,1,1,1
2019-11-26T15,38.0,102.5,58.5,4.675,15.05,1,1,1,1,1
2019-11-26T16,35.0,86.0,52.6,7.6,11.25,1,1,1,1,1
2019-11-26T17,33.0,65.25,44.15,9.05,10.95,1,1,1,1,1
2019-11-26T18,32.0,56.0,41.383,10.45,10.133,2,2,2,2,2
2019-11-26T19,26.0,50.0,38.15,12.55,8.8,1,1,1,1,1
2019-11-26T20,21.5,46.5,28.2,14.75,14.7,1,1,1,1,1
2019-11-26T21,15.75,43.25,36.65,9.825,13.775,1,1,1,1,1
2019-11-26T22,13.0,37.25,42.525,4.525,13.733,1,1,1,1,1
2019-11-26T23,19.25,38.25,48.0,2.125,13.25,1,1,1,1,1
2019-11-27T00,33.25,56.25,47.125,1.65,9.1,1,1,1,1,1
2019-11-27T01,46.25,107.75,58.35,9.25,10.5,1,1,1,1,1
2019-11-27T02,51.75,199.0,65.475,56.375,14.975,1,1,1,1,1
2019-11-27T03,66.0,222.5,82.575,47.825,18.95,1,1,1,1,1
2019-11-27T04,65.5,198.25,108.8,48.225,21.833,1,1,1,1,1
2019-11-27T05,68.75,218.5,123.15,25.2,20.25,1,1,1,1,1
2019-11-27T06,,,104.1,,,0,0,1,0,0
2019-11-27T07,94.0,248.0,65.25,56.7,6.55,1,1,1,1,1
2019-11-27T08,92.0,211.0,79.5,48.35,4.35,1,1,1,1,1
2019-11-27T09,92.0,206.0,102.6,31.733,4.767,1,1,1,1,1
2019-11-27T10,106.5,240.0,90.9,35.2,4.3,1,1,1,1,1
2019-11-27T11,118.5,235.0,75.475,24.375,7.05,1,1,1,1,1
2019-11-27T12,117.0,190.0,84.4,14.6,8.7,1,1,1,1,1
2019-11-27T16,73.0,193.0,47.833,46.4,12.433,1,1,1,1,1
2019-11-27T17,26.75,57.0,66.0,69.775,8.85,1,1,1,1,1
2019-11-27T18,22.834,56.0,58.817,17.066,8.9,2,2,2,2,2
2019-11-27T19,20.75,48.25,48.1,23.8,10.475,1,1,1,1,1
2019-11-27T20,17.0,41.75,30.3,29.225,12.8,1,1,1,1,1
2019-11-27T21,17.25,45.25,40.0,21.525,12.65,1,1,1,1,1
2019-11-27T22,17.0,41.5,28.95,33.575,14.767,1,1,1,1,1
2019-11-27T23,14.75,46.0,34.55,32.775,11.825,1,1,1,1,1
2019-11-28T00,18.5,46.5,44.525,12.925,7.2,1,1,1,1,1
2019-11-28T01,24.75,54.25,48.425,10.85,5.325,1,1,1,1,1
2019-11-28T02,30.0,73.0,41.567,15.233,5.067,1,1,1,1,1
2019-11-28T03,18.0,50.0,35.0,22.4,5.2,1,1,1,1,1
2019-11-28T04,27.0,62.0,46.7,35.5,7.6,1,1,1,1,1
2019-11-28T05,50.0,91.0,49.8,32.6,9.8,1,1,1,1,1
2019-11-28T06,53.0,111.333,33.667,47.2,12.6,1,1,1,1,1
2019-11-28T07,45.0,106.0,29.35,46.25,11.75,1,1,1,1,1
2019-11-28T09,41.0,105.0,35.967,31.467,11.7,1,1,1,1,1
2019-11-28T10,35.75,93.75,52.675,22.067,13.05,1,1,1,1,1
2019-11-28T11,36.667,110.0,66.6,12.033,11.4,1,1,1,1,1
2019-11-28T12,37.75,98.25,63.425,16.3,9.75,1,1,1,1,1
2019-11-28T13,31.5,69.25,79.05,4.05,10.9,1,1,1,1,1
2019-11-28T14,33.5,69.5,68.5,1.15,10.875,1,1,1,1,1
2019-11-28T15,37.5,71.25,68.575,1.675,9.725,1,1,1,1,1
2019-11-28T16,46.25,81.5,74.7,0.35,7.767,1,1,1,1,1
2019-11-28T17,49.25,83.25,77.3,1.625,10.05,1,1,1,1,1
2019-11-28T18,47.0,84.0,81.0,2.7,9.5,1,1,1,1,1
2019-11-29T18,108.333,189.667,81.633,1.533,11.367,1,1,1,1,1
2019-11-29T19,98.5,166.0,73.0,2.35,11.3,1,1,1,1,1
2019-11-29T20,88.25,148.5,66.8,1.65,9.7,1,1,1,1,1
2019-11-29T21,84.0,143.5,59.575,2.125,10.375,1,1,1,1,1
2019-11-29T22,99.75,155.5,51.9,1.45,10.933,1,1,1,1,1
2019-11-29T23,111.75,171.0,49.225,2.45,10.95,1,1,1,1,1
2019-11-30T00,111.75,176.0,45.95,1.0,12.275,1,1,1,1,1
2019-11-30T01,105.75,177.0,50.675,1.4,12.75,1,1,1,1,1
2019-11-30T02,108.0,189.0,60.767,1.95,11.767,1,1,1,1,1
2019-11-30T03,131.0,200.0,50.2,2.1,11.0,1,1,1,1,1
2019-11-30T04,149.0,206.0,65.875,4.75,11.3,1,1,1,1,1
2019-11-30T05,149.0,206.0,42.3,14.2,12.5,1,1,1,1,1
2019-11-30T06,,,29.9,,11.1,0,0,1,0,1
2019-11-30T07,90.5,142.25,28.175,,11.4,1,1,1,0,1
2019-11-30T08,89.0,149.0,29.675,116.967,9.2,1,1,1,1,1
2019-11-30T09,108.0,166.0,28.875,113.625,8.975,1,1,1,1,1
2019-11-30T10,89.0,138.0,43.567,82.433,8.55,1,1,1,1,1
2019-11-30T11,79.0,157.0,92.367,11.733,10.1,1,1,1,1,1
2019-11-30T12,80.0,221.0,102.5,3.033,12.633,1,1,1,1,1
2019-11-30T13,92.0,218.0,102.2,3.15,16.25,1,1,1,1,1
2019-11-30T14,112.0,206.0,99.533,3.967,18.133,1,1,1,1,1
2019-11-30T15,129.5,211.0,101.533,4.233,18.533,1,1,1,1,1
2019-11-30T16,135.0,271.0,98.333,4.9,20.067,1,1,1,1,1
2019-11-30T17,166.0,294.0,93.3,4.7,11.7,1,1,1,1,1
2019-12-01T02,121.0,189.0,82.2,13.55,8.4,1,1,1,1,1
2019-12-01T03,152.0,212.0,65.2,45.8,10.4,1,1,1,1,1
2019-12-01T04,189.5,267.0,50.825,86.7,9.533,1,1,1,1,1
2019-12-01T05,121.0,241.0,31.15,122.75,12.4,1,1,1,1,1
2019-12-01T06,113.0,167.0,22.267,145.067,13.133,1,1,1,1,1
2019-12-01T07,97.0,145.0,19.5,151.3,12.7,1,1,1,1,1
2019-12-01T08,89.0,138.0,20.55,155.9,13.85,1,1,1,1,1
2019-12-01T09,89.0,134.0,23.125,143.45,15.55,1,1,1,1,1
2019-12-01T10,84.75,139.0,35.175,115.75,15.333,1,1,1,1,1
2019-12-01T11,90.0,163.0,69.1,65.7,12.4,1,1,1,1,1
2019-12-01T12,102.0,208.0,118.667,2.5,10.7,1,1,1,1,1
2019-12-01T13,111.0,208.0,121.2,2.6,10.8,1,1,1,1,1
2019-12-01T14,129.0,243.0,118.15,3.4,11.3,1,1,1,1,1
2019-12-01T15,162.75,268.0,113.175,4.375,12.875,1,1,1,1,1
2019-12-01T16,183.0,291.0,108.55,4.575,13.467,1,1,1,1,1
2019-12-01T17,197.0,305.0,105.7,4.0,13.3,1,1,1,1,1
2019-12-01T18,196.0,294.0,94.5,4.1,15.4,1,1,1,1,1
2019-12-01T19,205.0,293.0,81.975,4.1,16.5,1,1,1,1,1
2019-12-01T20,210.0,293.0,,3.6,,1,1,0,1,0
2019-12-01T21,205.0,276.0,79.175,2.9,15.125,1,1,1,1,1
2019-12-01T22,199.0,268.0,82.6,3.367,16.367,1,1,1,1,1
2019-12-01T23,183.0,227.0,78.725,2.85,13.025,1,1,1,1,1
2019-12-02T00,183.0,228.0,80.8,2.9,12.0,1,1,1,1,1
2019-12-02T01,182.0,229.0,96.3,2.967,10.933,1,1,1,1,1
2019-12-02T02,162.0,233.0,99.4,7.533,9.267,1,1,1,1,1
2019-12-02T03,129.333,222.333,67.4,52.733,9.667,1,1,1,1,1
2019-12-02T04,116.0,199.0,67.0,62.6,8.7,1,1,1,1,1
2019-12-02T05,114.0,201.0,39.8,117.15,7.75,1,1,1,1,1
2019-12-02T06,103.0,202.0,27.6,144.85,7.95,1,1,1,1,1
2019-12-02T07,97.0,185.0,24.4,151.25,7.65,1,1,1,1,1
2019-12-02T08,80.0,156.0,24.35,153.65,7.65,1,1,1,1,1
2019-12-02T09,70.0,149.0,27.7,143.175,9.0,1,1,1,1,1
2019-12-02T10,65.0,133.0,53.733,106.1,7.9,1,1,1,1,1
2019-12-02T11,67.0,146.0,97.467,49.567,11.4,1,1,1,1,1
2019-12-02T12,97.25,234.0,137.025,1.625,12.85,1,1,1,1,1
2019-12-02T13,122.0,269.0,141.933,1.9,12.467,1,1,1,1,1
2019-12-02T14,150.25,290.0,132.225,2.8,17.25,1,1,1,1,1
2019-12-02T15,180.25,310.0,135.3,3.025,19.075,1,1,1,1,1
2019-12-02T16,209.25,355.0,126.975,3.15,19.933,1,1,1,1,1
2019-12-02T17,222.0,350.0,113.5,3.25,15.65,1,1,1,1,1
2019-12-02T18,224.0,327.0,107.0,2.125,9.75,2,2,2,2,2
2019-12-02T19,208.0,313.0,106.067,0.7,10.8,1,1,1,1,1
2019-12-02T20,205.0,272.0,,1.6,,1,1,0,1,0
2019-12-02T21,183.0,248.0,86.275,3.075,10.175,1,1,1,1,1
2019-12-02T22,160.0,208.0,81.867,2.733,12.567,1,1,1,1,1
2019-12-02T23,161.0,215.0,74.85,2.35,11.6,1,1,1,1,1
2019-12-03T00,152.0,200.0,74.133,1.9,12.4,1,1,1,1,1
2019-12-03T01,141.0,213.0,81.2,2.367,9.0,1,1,1,1,1
2019-12-03T02,150.0,235.0,79.725,8.475,8.875,1,1,1,1,1
2019-12-03T03,140.0,252.0,68.45,26.1,9.8,1,1,1,1,1
2019-12-03T04,147.0,269.0,68.6,55.7,8.8,1,1,1,1,1
2019-12-03T05,130.0,278.0,44.367,121.733,8.8,1,1,1,1,1
2019-12-03T06,103.0,227.0,38.2,144.6,9.7,1,1,1,1,1
2019-12-03T07,96.333,199.25,28.0,156.25,10.2,1,1,1,1,1
2019-12-03T08,83.0,167.0,28.133,152.567,10.067,1,1,1,1,1
2019-12-03T09,62.0,143.0,30.35,142.65,9.1,1,1,1,1,1
2019-12-03T10,65.5,147.75,52.675,109.625,8.967,1,1,1,1,1
2019-12-03T11,73.75,228.0,131.3,12.6,7.95,1,1,1,1,1
2019-12-03T12,90.75,381.0,139.25,1.0,8.275,1,1,1,1,1
2019-12-03T13,108.0,279.0,139.0,1.867,8.867,1,1,1,1,1
2019-12-03T14,147.667,294.0,128.067,2.067,12.233,1,1,1,1,1
2019-12-03T15,177.5,323.25,144.875,2.675,14.6,1,1,1,1,1
2019-12-03T16,230.0,387.0,131.2,2.5,16.767,1,1,1,1,1
2019-12-03T17,239.0,390.0,140.333,2.0,13.8,1,1,1,1,1
2019-12-03T18,254.0,423.0,123.867,2.15,11.216,2,2,2,2,2
2019-12-03T19,255.0,385.75,108.55,1.25,12.9,1,1,1,1,1
2019-12-03T20,205.0,283.0,101.8,1.233,10.8,1,1,1,1,1
2019-12-03T21,166.0,226.0,100.275,1.7,12.875,1,1,1,1,1
2019-12-03T22,134.0,182.25,95.025,1.7,14.767,1,1,1,1,1
2019-12-03T23,130.0,174.0,92.175,1.45,10.75,1,1,1,1,1
2019-12-04T00,123.0,171.0,96.633,0.933,9.433,1,1,1,1,1
2019-12-04T01,111.0,172.0,82.233,1.5,8.167,1,1,1,1,1
2019-12-04T02,119.0,221.0,98.2,2.3,5.267,1,1,1,1,1
2019-12-04T03,141.0,260.0,99.5,10.975,7.0,1,1,1,1,1
2019-12-04T04,145.0,260.0,95.7,26.1,4.9,1,1,1,1,1
2019-12-04T05,146.75,285.25,131.2,54.825,7.625,1,1,1,1,1
2019-12-04T06,157.5,299.75,76.925,130.25,8.675,1,1,1,1,1
2019-12-04T07,124.75,249.5,57.3,160.2,9.075,1,1,1,1,1
2019-12-04T08,106.5,209.5,46.375,170.7,7.675,1,1,1,1,1
2019-12-04T09,95.25,192.5,47.7,185.4,9.875,1,1,1,1,1
2019-12-04T10,111.0,244.25,69.5,134.05,8.133,1,1,1,1,1
2019-12-04T11,111.0,323.0,139.8,27.2,8.55,1,1,1,1,1
2019-12-04T12,138.75,445.25,183.675,1.4,9.1,1,1,1,1,1
2019-12-04T13,183.0,365.0,183.633,2.167,10.3,1,1,1,1,1
2019-12-04T14,243.5,446.0,156.0,2.0,16.5,1,1,1,1,1
2019-12-04T15,238.0,417.0,173.1,2.05,17.05,1,1,1,1,1
2019-12-04T16,279.0,488.5,159.825,1.775,20.033,1,1,1,1,1
2019-12-04T17,290.5,460.25,151.975,1.775,13.35,1,1,1,1,1
2019-12-04T18,298.0,461.0,125.25,1.75,8.4,1,1,1,1,1
2019-12-04T19,306.0,453.0,114.133,2.0,11.733,1,1,1,1,1
2019-12-04T20,288.5,390.5,92.9,1.55,11.6,1,1,1,1,1
2019-12-04T21,280.25,371.25,76.8,1.95,13.025,1,1,1,1,1
2019-12-04T22,266.5,334.75,81.775,2.475,17.533,1,1,1,1,1
2019-12-04T23,248.25,316.5,80.65,2.5,14.05,1,1,1,1,1
2019-12-05T00,250.0,337.25,78.675,2.875,13.15,1,1,1,1,1
2019-12-05T01,271.0,368.0,82.8,2.9,14.45,1,1,1,1,1
2019-12-05T02,289.5,463.25,203.525,2.4,9.725,1,1,1,1,1
2019-12-05T04,352.5,500.0,225.15,21.05,10.4,1,1,1,1,1
2019-12-05T05,350.0,470.0,221.3,37.35,8.3,1,1,1,1,1
2019-12-05T06,241.0,327.75,94.525,139.8,7.95,1,1,1,1,1
2019-12-05T07,209.75,277.25,137.125,152.35,8.375,1,1,1,1,1
2019-12-05T08,289.0,404.5,171.425,150.1,6.525,1,1,1,1,1
2019-12-05T09,364.75,539.5,133.475,185.925,5.8,1,1,1,1,1
2019-12-05T10,322.25,513.0,155.6,105.55,4.867,1,1,1,1,1
2019-12-05T11,295.75,621.0,211.7,13.0,7.7,1,1,1,1,1
2019-12-05T12,298.75,627.0,218.975,1.25,8.75,1,1,1,1,1
2019-12-05T13,310.0,537.0,216.1,1.167,8.667,1,1,1,1,1
2019-12-05T14,320.5,519.5,204.325,1.925,13.8,1,1,1,1,1
2019-12-05T15,346.75,543.25,189.775,2.275,15.15,1,1,1,1,1
2019-12-05T16,342.5,536.5,179.4,2.375,16.033,1,1,1,1,1
2019-12-05T17,351.667,528.667,155.167,1.933,11.167,1,1,1,1,1
2019-12-05T18,354.333,508.667,131.3,1.133,8.267,1,1,1,1,1
2019-12-05T19,353.0,482.0,121.7,,9.2,1,1,1,0,1
2019-12-05T20,349.75,474.75,105.8,1.575,7.2,1,1,1,1,1
2019-12-05T21,355.25,471.25,91.325,2.275,9.9,1,1,1,1,1
2019-12-05T22,333.5,435.5,77.375,2.325,14.0,1,1,1,1,1
2019-12-05T23,313.25,401.0,67.975,2.625,12.325,1,1,1,1,1
2019-12-06T00,296.5,388.0,69.3,2.2,11.375,1,1,1,1,1
2019-12-06T01,314.0,423.0,82.85,2.2,11.3,1,1,1,1,1
2019-12-06T02,350.0,503.75,137.075,2.275,7.475,1,1,1,1,1
2019-12-06T03,395.0,566.0,159.367,3.0,8.533,1,1,1,1,1
2019-12-06T04,451.0,605.0,197.133,8.833,7.7,1,1,1,1,1
2019-12-06T05,418.0,554.0,62.0,105.3,6.8,1,1,1,1,1
2019-12-06T06,206.0,315.0,62.35,121.5,6.45,1,1,1,1,1
2019-12-06T07,130.0,210.0,45.7,125.775,6.275,1,1,1,1,1
2019-12-06T08,95.0,156.0,42.533,154.267,5.833,1,1,1,1,1
2019-12-06T09,107.0,174.0,63.967,130.833,6.8,1,1,1,1,1
2019-12-06T10,202.0,329.0,96.833,75.533,7.533,1,1,1,1,1
2019-12-06T11,191.0,367.0,146.7,4.4,10.5,1,1,1,1,1
2019-12-06T12,,388.0,135.8,1.1,10.7,0,1,1,1,1
2019-12-06T13,184.0,367.0,135.875,0.725,12.725,1,1,1,1,1
2019-12-06T14,175.0,315.0,129.825,0.525,14.225,1,1,1,1,1
2019-12-06T15,202.0,345.0,131.95,0.975,16.0,1,1,1,1,1
2019-12-06T16,245.0,409.0,123.9,1.325,14.367,1,1,1,1,1
2019-12-06T17,267.0,414.0,110.55,1.05,13.475,1,1,1,1,1
2019-12-06T18,282.0,403.0,97.517,0.984,13.616,2,2,2,2,2
2019-12-06T20,320.0,422.0,,1.5,,1,1,0,1,0
2019-12-07T00,290.0,365.0,53.6,0.7,15.1,1,1,1,1,1
2019-12-07T01,298.0,388.0,52.65,1.5,12.55,1,1,1,1,1
2019-12-07T02,305.0,438.0,95.15,1.625,12.5,1,1,1,1,1
2019-12-07T03,323.0,472.0,137.9,5.25,14.025,1,1,1,1,1
2019-12-07T04,400.0,473.0,,23.7,,1,1,0,1,0
2019-12-07T05,400.0,519.0,179.1,33.233,9.933,1,1,1,1,1
2019-12-07T07,196.75,274.5,54.9,207.625,13.5,1,1,1,1,1
2019-12-07T08,214.5,310.25,57.85,182.7,5.25,1,1,1,1,1
2019-12-07T09,170.0,260.75,68.525,145.975,3.767,1,1,1,1,1
2019-12-07T11,155.667,345.667,153.567,3.733,4.4,1,1,1,1,1
2019-12-07T12,172.5,461.75,148.15,4.125,5.175,1,1,1,1,1
2019-12-07T13,215.5,437.75,147.525,6.65,6.925,1,1,1,1,1
2019-12-07T14,259.0,431.0,143.2,8.467,8.033,1,1,1,1,1
2019-12-07T15,278.0,420.0,144.6,8.5,10.625,1,1,1,1,1
2019-12-07T16,309.0,471.333,140.4,8.1,12.3,1,1,1,1,1
2019-12-07T17,335.5,504.25,144.675,8.675,10.025,1,1,1,1,1
2019-12-07T18,344.75,499.0,123.85,8.7,10.175,2,2,2,2,2
2019-12-07T19,352.5,494.0,101.3,8.6,11.725,1,1,1,1,1
2019-12-07T20,307.5,425.0,87.9,6.475,9.9,1,1,1,1,1
2019-12-07T21,312.0,424.5,84.0,6.775,11.85,1,1,1,1,1
2019-12-07T22,311.5,419.0,74.225,6.825,13.2,1,1,1,1,1
2019-12-07T23,314.0,406.0,80.6,4.667,8.0,1,1,1,1,1
2019-12-08T00,320.25,402.75,73.5,4.8,6.975,1,1,1,1,1
2019-12-08T01,319.667,409.0,65.967,2.767,6.4,1,1,1,1,1
2019-12-08T02,332.5,437.75,115.725,2.4,6.375,1,1,1,1,1
2019-12-08T03,347.75,460.25,178.375,1.575,5.975,1,1,1,1,1
2019-12-08T04,356.0,440.75,133.425,16.25,4.933,1,1,1,1,1
2019-12-08T05,338.0,416.0,79.9,51.8,5.4,1,1,1,1,1
2019-12-08T09,157.0,232.0,38.65,175.15,1.2,1,1,1,1,1
2019-12-08T10,132.0,210.0,82.867,84.933,1.6,1,1,1,1,1
2019-12-08T11,100.0,179.0,115.4,13.733,4.433,1,1,1,1,1
2019-12-08T12,95.0,241.0,122.125,6.875,6.775,1,1,1,1,1
2019-12-08T13,158.0,348.0,126.733,9.033,8.133,1,1,1,1,1
2019-12-08T14,199.0,360.0,153.8,12.075,8.9,1,1,1,1,1
2019-12-08T15,262.0,428.0,135.825,11.725,9.85,1,1,1,1,1
2019-12-08T16,273.0,432.0,128.5,11.775,11.5,1,1,1,1,1
2019-12-08T17,285.0,414.0,124.3,11.975,9.625,1,1,1,1,1
2019-12-08T18,305.0,433.0,112.683,10.733,9.934,2,2,2,2,2
2019-12-08T19,287.0,403.0,93.325,10.5,10.7,1,1,1,1,1
2019-12-08T20,272.0,364.0,78.2,11.775,9.3,1,1,1,1,1
2019-12-08T21,268.0,349.0,66.725,12.65,9.425,1,1,1,1,1
2019-12-08T22,268.0,346.0,49.35,13.3,11.167,1,1,1,1,1
2019-12-08T23,267.0,334.0,44.15,11.575,7.3,1,1,1,1,1
2019-12-09T00,254.0,317.0,43.4,10.45,7.325,1,1,1,1,1
2019-12-09T01,251.0,313.0,55.175,11.525,8.2,1,1,1,1,1
2019-12-09T02,259.0,374.0,87.5,10.9,8.5,1,1,1,1,1
2019-12-09T03,300.0,444.0,153.1,9.033,8.7,1,1,1,1,1
2019-12-09T04,289.0,407.0,111.0,43.3,8.0,1,1,1,1,1
2019-12-09T05,219.0,302.0,91.0,74.8,8.2,1,1,1,1,1
2019-12-09T07,121.0,179.0,56.4,181.3,6.8,1,1,1,1,1
2019-12-09T08,152.0,215.0,45.4,161.75,6.55,1,1,1,1,1
2019-12-09T09,113.0,180.0,41.85,179.05,6.05,1,1,1,1,1
2019-12-09T10,116.5,185.0,76.9,121.65,5.633,1,1,1,1,1
2019-12-09T11,127.0,390.0,132.275,42.0,6.5,1,1,1,1,1
2019-12-09T12,149.333,284.0,165.05,5.8,5.75,1,1,1,1,1
2019-12-09T13,177.333,324.0,160.4,6.8,5.7,1,1,1,1,1
2019-12-09T14,220.25,379.0,158.275,7.75,6.75,1,1,1,1,1
2019-12-09T15,258.5,415.0,163.45,9.0,7.375,1,1,1,1,1
2019-12-09T16,299.667,494.0,153.833,9.1,8.95,1,1,1,1,1
2019-12-09T17,294.0,455.0,129.225,8.025,7.875,1,1,1,1,1
2019-12-09T18,273.0,409.0,121.617,7.2,8.166,2,2,2,2,2
2019-12-09T19,259.0,382.0,104.65,7.4,8.375,1,1,1,1,1
2019-12-09T20,267.333,385.0,74.7,6.867,6.7,1,1,1,1,1
2019-12-09T21,266.0,366.0,83.2,7.0,6.85,1,1,1,1,1
2019-12-09T22,257.75,359.0,73.325,5.65,7.767,1,1,1,1,1
2019-12-09T23,254.0,339.0,79.425,4.625,9.075,1,1,1,1,1
2019-12-10T00,261.0,346.0,83.25,4.525,9.75,1,1,1,1,1
2019-12-10T01,267.25,346.0,80.1,4.475,9.75,1,1,1,1,1
2019-12-10T02,280.0,394.0,122.467,5.333,9.7,1,1,1,1,1
2019-12-10T03,321.0,495.0,167.9,6.0,10.067,1,1,1,1,1
2019-12-10T04,372.0,580.0,146.9,25.7,9.7,1,1,1,1,1
2019-12-10T06,199.0,311.0,35.3,150.6,4.9,1,1,1,1,1
2019-12-10T07,170.0,268.333,99.433,169.4,3.7,1,1,1,1,1
2019-12-10T08,157.0,223.0,33.6,196.6,3.2,1,1,1,1,1
2019-12-10T09,153.25,239.0,45.875,179.65,2.725,1,1,1,1,1
2019-12-10T10,160.25,248.0,65.525,139.325,1.733,1,1,1,1,1
2019-12-10T11,162.25,454.0,164.475,3.75,3.275,1,1,1,1,1
2019-12-10T12,171.5,405.0,167.65,2.25,3.775,1,1,1,1,1
2019-12-10T13,192.0,356.0,156.525,2.5,4.325,1,1,1,1,1
2019-12-10T14,235.333,349.0,155.667,3.367,5.933,1,1,1,1,1
2019-12-10T15,301.0,490.0,167.425,3.45,7.525,1,1,1,1,1
2019-12-10T16,310.0,462.0,162.367,4.367,9.133,1,1,1,1,1
2019-12-10T17,364.0,547.0,127.3,4.175,10.45,1,1,1,1,1
2019-12-10T18,381.0,539.0,109.316,4.35,12.05,2,2,2,2,2
2019-12-10T19,351.0,495.0,95.2,3.55,13.075,1,1,1,1,1
2019-12-10T20,321.0,437.0,75.1,3.7,13.3,1,1,1,1,1
2019-12-10T21,316.0,425.0,75.025,3.45,13.95,1,1,1,1,1
2019-12-10T22,328.0,427.0,65.633,3.867,14.667,1,1,1,1,1
2019-12-10T23,332.0,420.0,62.3,3.55,10.675,1,1,1,1,1
2019-12-11T00,327.0,395.0,49.65,3.625,10.8,1,1,1,1,1
2019-12-11T01,311.0,400.0,62.125,4.1,11.9,1,1,1,1,1
2019-12-11T02,337.0,460.0,121.875,5.275,12.9,1,1,1,1,1
2019-12-11T03,370.0,519.0,224.7,4.4,12.425,1,1,1,1,1
2019-12-11T04,374.0,552.0,157.625,24.0,11.467,1,1,1,1,1
2019-12-11T05,329.0,508.0,110.65,67.725,9.45,1,1,1,1,1
2019-12-11T06,230.0,368.0,104.05,78.6,6.9,1,1,1,1,1
2019-12-11T07,199.0,317.0,84.725,121.875,2.625,1,1,1,1,1
2019-12-11T08,210.0,329.0,68.775,145.15,1.875,1,1,1,1,1
2019-12-11T09,210.0,382.0,123.833,69.067,3.333,1,1,1,1,1
2019-12-11T10,210.0,387.0,146.3,29.975,3.733,1,1,1,1,1
2019-12-11T11,201.0,373.0,170.425,6.575,6.875,1,1,1,1,1
2019-12-11T12,235.0,476.0,165.2,2.467,7.767,1,1,1,1,1
2019-12-11T13,246.25,480.0,167.075,3.0,8.35,1,1,1,1,1
2019-12-11T14,262.0,486.0,175.15,3.35,9.925,1,1,1,1,1
2019-12-11T15,324.25,545.0,176.55,3.95,12.625,1,1,1,1,1
2019-12-11T16,355.25,549.0,170.85,5.875,13.533,1,1,1,1,1
2019-12-11T17,380.25,627.0,155.05,5.85,10.0,1,1,1,1,1
2019-12-11T18,372.0,589.0,150.525,5.45,9.6,2,2,2,2,2
2019-12-11T19,357.0,563.0,127.9,6.9,10.0,1,1,1,1,1
2019-12-11T20,361.0,559.0,,7.6,,1,1,0,1,0
2019-12-11T21,345.0,515.0,120.625,5.9,9.3,1,1,1,1,1
2019-12-11T22,360.0,490.0,117.425,5.6,8.867,1,1,1,1,1
2019-12-11T23,364.0,516.0,109.075,4.975,6.175,1,1,1,1,1
2019-12-12T00,355.0,472.0,112.9,11.65,5.525,1,1,1,1,1
2019-12-12T01,360.0,527.0,118.6,8.5,6.2,1,1,1,1,1
2019-12-12T02,389.0,593.0,129.3,5.533,5.6,1,1,1,1,1
2019-12-12T03,379.0,570.0,122.733,5.9,4.733,1,1,1,1,1
2019-12-12T04,356.0,526.0,119.95,12.2,4.0,1,1,1,1,1
2019-12-12T05,367.0,553.0,86.25,52.65,6.25,1,1,1,1,1
2019-12-12T06,316.0,476.0,69.533,87.767,8.3,1,1,1,1,1
2019-12-12T07,263.0,406.0,77.5,90.167,7.233,1,1,1,1,1
2019-12-12T08,254.0,373.0,65.3,97.25,6.75,1,1,1,1,1
2019-12-12T09,233.0,359.0,73.367,85.833,5.767,1,1,1,1,1
2019-12-12T10,192.0,344.0,80.2,84.925,5.267,1,1,1,1,1
2019-12-12T11,195.0,371.0,105.025,45.425,6.625,1,1,1,1,1
2019-12-13T04,136.0,162.0,63.3,27.05,5.3,1,1,1,1,1
2019-12-13T05,,,52.7,29.95,14.25,0,0,1,1,1
2019-12-13T06,77.0,108.0,59.8,21.167,14.8,1,1,1,1,1
2019-12-13T07,101.0,146.0,,10.9,,1,1,0,1,0
2019-12-13T08,122.0,155.0,62.1,,5.6,1,1,1,0,1
2019-12-13T09,122.0,155.0,,,,1,1,0,0,0
2019-12-13T10,,,42.35,25.0,5.067,0,0,1,1,1
2019-12-13T11,150.0,191.0,49.5,,6.533,1,1,1,0,1
2019-12-13T16,79.0,103.0,42.525,28.45,9.967,1,1,1,1,1
2019-12-13T17,72.0,97.0,52.0,13.675,6.95,1,1,1,1,1
2019-12-13T18,81.0,118.0,57.85,5.25,6.8,2,2,2,2,2
2019-12-13T19,83.0,112.0,50.75,1.95,6.375,1,1,1,1,1
2019-12-13T20,78.0,116.0,37.8,2.525,4.2,1,1,1,1,1
2019-12-13T21,72.0,116.0,38.2,2.675,6.225,1,1,1,1,1
2019-12-13T22,72.0,111.0,43.5,2.5,7.75,1,1,1,1,1
2019-12-13T23,73.0,113.0,43.9,2.4,6.75,1,1,1,1,1
2019-12-14T00,79.0,124.0,54.55,3.8,7.2,1,1,1,1,1
2019-12-14T01,85.0,123.0,59.2,4.6,7.0,1,1,1,1,1
2019-12-14T04,52.0,77.0,39.933,31.15,6.25,1,1,1,1,1
2019-12-14T06,46.667,73.667,36.7,51.833,8.633,1,1,1,1,1
2019-12-14T07,44.0,63.0,36.95,52.55,8.15,1,1,1,1,1
2019-12-14T08,51.0,81.0,60.8,54.9,8.9,1,1,1,1,1
2019-12-14T09,56.0,90.0,50.2,61.0,9.5,1,1,1,1,1
2019-12-14T10,56.0,90.0,66.433,48.733,9.8,1,1,1,1,1
2019-12-14T11,64.25,117.25,95.675,22.975,5.85,1,1,1,1,1
2019-12-14T12,89.333,176.0,100.233,8.967,4.4,1,1,1,1,1
2019-12-14T13,121.333,235.0,110.9,8.4,5.767,1,1,1,1,1
2019-12-14T14,169.75,315.25,103.475,6.525,7.2,1,1,1,1,1
2019-12-14T15,161.25,310.5,91.225,4.75,7.875,1,1,1,1,1
2019-12-14T16,154.5,271.25,82.9,3.675,8.0,1,1,1,1,1
2019-12-14T17,145.75,245.75,79.025,3.275,5.775,1,1,1,1,1
2019-12-14T18,133.0,212.0,69.25,2.7,5.3,2,2,2,2,2
2019-12-14T19,109.5,182.5,62.825,2.475,5.4,1,1,1,1,1
2019-12-14T20,96.0,166.0,49.767,2.4,5.567,1,1,1,1,1
2019-12-14T21,102.25,152.5,46.625,2.25,5.125,1,1,1,1,1
2019-12-14T22,95.25,146.75,44.875,2.475,4.767,1,1,1,1,1
2019-12-14T23,82.0,137.75,44.675,2.475,6.725,1,1,1,1,1
2019-12-15T00,92.75,160.25,54.85,2.375,6.5,1,1,1,1,1
2019-12-15T01,120.667,200.333,60.467,2.733,7.2,1,1,1,1,1
2019-12-15T02,130.0,213.0,59.8,2.4,6.9,1,1,1,1,1
2019-12-16T03,130.0,213.0,,,0.0,1,1,0,0,1
2019-12-16T04,,,36.3,22.65,3.2,0,0,1,1,1
2019-12-16T05,99.0,128.0,42.4,13.667,6.633,1,1,1,1,1
2019-12-17T06,,,,40.1,0.0,0,0,0,1,1
2019-12-17T07,,,45.05,19.2,5.7,0,0,1,1,1
2019-12-17T08,89.0,129.0,46.1,16.55,7.15,1,1,1,1,1
2019-12-17T09,99.0,145.0,48.4,14.1,8.6,1,1,1,1,1
2019-12-17T10,99.75,150.0,52.775,12.775,10.3,1,1,1,1,1
2019-12-17T11,96.0,150.0,56.067,12.367,10.333,1,1,1,1,1
2019-12-17T12,99.0,133.0,65.1,6.7,10.233,1,1,1,1,1
2019-12-17T13,117.25,157.5,69.3,3.45,10.65,1,1,1,1,1
2019-12-17T14,130.0,185.75,62.925,3.625,11.625,1,1,1,1,1
2019-12-17T15,130.0,194.0,58.05,3.9,12.4,1,1,1,1,1
2019-12-17T16,188.0,295.0,68.8,4.75,12.8,1,1,1,1,1
2019-12-17T17,195.0,318.0,71.35,3.75,13.3,1,1,1,1,1
2019-12-17T18,175.0,287.0,70.05,2.55,12.1,2,2,2,2,2
2019-12-17T19,125.75,182.75,62.675,2.65,10.525,1,1,1,1,1
2019-12-17T20,117.75,158.25,43.4,9.05,12.7,1,1,1,1,1
2019-12-17T21,115.75,152.5,38.1,14.675,12.6,1,1,1,1,1
2019-12-17T22,126.5,165.0,26.25,28.825,11.633,1,1,1,1,1
2019-12-17T23,144.0,178.5,25.95,32.1,8.775,1,1,1,1,1
2019-12-18T00,142.0,171.0,30.525,31.45,7.575,1,1,1,1,1
2019-12-18T01,127.0,162.0,49.4,21.933,8.1,1,1,1,1,1
2019-12-18T02,124.5,166.0,57.4,21.375,8.675,1,1,1,1,1
2019-12-18T03,123.0,163.0,,24.2,9.333,1,1,0,1,1
2019-12-18T04,124.0,167.0,55.5,37.5,6.4,1,1,1,1,1
2019-12-18T05,143.0,182.0,56.3,40.55,7.2,1,1,1,1,1
2019-12-18T06,141.0,191.0,53.3,52.7,11.45,1,1,1,1,1
2019-12-18T07,124.0,178.0,50.4,78.95,8.6,1,1,1,1,1
2019-12-18T08,127.0,175.0,41.05,93.55,8.35,1,1,1,1,1
2019-12-18T09,127.0,179.0,50.6,91.35,8.0,1,1,1,1,1
2019-12-18T10,135.0,193.0,68.575,69.7,7.733,1,1,1,1,1
2019-12-18T11,145.0,222.0,112.55,16.65,8.025,1,1,1,1,1
2019-12-18T12,151.0,248.0,110.8,2.5,8.375,1,1,1,1,1
2019-12-18T13,171.0,237.0,105.967,2.933,8.767,1,1,1,1,1
2019-12-18T14,201.0,283.0,100.825,4.0,8.95,1,1,1,1,1
2019-12-18T15,234.0,360.0,84.2,5.167,8.933,1,1,1,1,1
2019-12-18T16,321.0,466.0,77.85,9.125,10.733,1,1,1,1,1
2019-12-18T17,304.0,440.0,74.35,14.875,6.875,1,1,1,1,1
2019-12-18T18,274.0,405.0,61.95,6.084,5.216,2,2,2,2,2
2019-12-18T19,185.0,317.0,53.85,2.9,4.575,1,1,1,1,1
2019-12-18T20,146.0,265.0,47.9,4.075,4.3,1,1,1,1,1
2019-12-18T21,141.0,274.0,48.825,5.325,3.25,1,1,1,1,1
2019-12-18T22,160.0,295.0,39.875,6.05,2.967,1,1,1,1,1
2019-12-18T23,177.0,310.0,39.6,4.3,6.0,1,1,1,1,1
2019-12-19T00,157.0,277.0,41.8,4.267,7.467,1,1,1,1,1
2019-12-19T01,160.0,277.0,46.25,3.8,7.425,1,1,1,1,1
2019-12-19T02,164.0,289.0,57.95,2.75,8.85,1,1,1,1,1
2019-12-19T03,195.0,379.0,63.75,3.25,8.65,1,1,1,1,1
2019-12-19T04,205.0,376.0,105.0,5.1,8.3,1,1,1,1,1
2019-12-19T05,255.0,389.0,99.7,10.2,7.4,1,1,1,1,1
2019-12-19T06,289.0,376.0,104.0,12.3,6.2,1,1,1,1,1
2019-12-19T07,301.0,382.0,124.75,11.9,7.25,1,1,1,1,1
2019-12-19T08,411.0,536.0,124.133,9.2,8.1,1,1,1,1,1
2019-12-19T09,411.0,537.0,111.833,6.7,5.767,1,1,1,1,1
2019-12-19T10,351.0,472.0,102.033,5.1,4.967,1,1,1,1,1
2019-12-19T11,328.0,436.0,101.4,3.35,6.0,1,1,1,1,1
2019-12-19T12,342.0,459.0,100.05,3.125,7.125,1,1,1,1,1
2019-12-19T13,349.0,483.0,100.525,2.8,7.375,1,1,1,1,1
2019-12-19T14,368.0,504.0,85.433,2.233,7.167,1,1,1,1,1
2019-12-19T15,309.0,442.0,75.45,2.35,7.65,1,1,1,1,1
2019-12-19T16,338.0,476.0,57.325,2.325,7.067,1,1,1,1,1
2019-12-19T17,340.0,462.0,49.025,2.55,8.75,1,1,1,1,1
2019-12-19T18,353.0,492.0,61.9,2.8,9.9,1,1,1,1,1
2019-12-20T18,338.0,464.0,62.633,2.833,8.367,1,1,1,1,1
2019-12-20T19,326.0,451.0,67.45,2.975,8.5,1,1,1,1,1
2019-12-20T20,377.0,527.0,74.25,2.75,8.05,1,1,1,1,1
2019-12-20T21,359.0,509.0,60.575,2.35,8.55,1,1,1,1,1
2019-12-20T22,313.0,420.0,46.775,2.4,8.567,1,1,1,1,1
2019-12-20T23,285.0,383.0,41.45,2.5,8.25,1,1,1,1,1
2019-12-21T00,277.0,374.0,41.2,2.0,8.375,1,1,1,1,1
2019-12-21T01,272.0,368.0,44.967,1.233,7.533,1,1,1,1,1
2019-12-21T02,265.0,376.0,47.9,2.1,6.8,1,1,1,1,1
2019-12-21T03,269.0,374.0,63.975,2.575,6.825,1,1,1,1,1
2019-12-21T04,300.0,396.0,80.225,6.575,7.633,1,1,1,1,1
2019-12-21T05,354.0,460.0,89.7,6.8,6.6,1,1,1,1,1
2019-12-21T07,317.5,398.0,60.1,44.3,5.2,1,1,1,1,1
2019-12-21T08,248.0,322.667,54.367,48.7,4.167,1,1,1,1,1
2019-12-21T09,210.0,288.0,54.633,49.5,3.267,1,1,1,1,1
2019-12-21T10,182.0,252.0,62.6,33.233,2.3,1,1,1,1,1
2019-12-21T12,214.5,309.5,89.35,2.0,5.5,1,1,1,1,1
2019-12-21T13,229.25,339.5,86.675,1.475,5.275,1,1,1,1,1
2019-12-21T14,245.0,374.0,91.733,1.267,6.067,1,1,1,1,1
2019-12-21T15,269.0,389.0,74.0,2.0,6.0,1,1,1,1,1
2019-12-21T16,258.25,369.75,66.85,1.225,6.9,1,1,1,1,1
2019-12-21T17,216.0,299.5,56.75,1.3,8.925,1,1,1,1,1
2019-12-21T18,186.0,262.0,45.7,0.9,9.5,1,1,1,1,1
2019-12-22T03,112.333,147.667,34.933,14.1,6.567,1,1,1,1,1
2019-12-22T04,117.25,146.5,32.75,17.025,7.367,1,1,1,1,1
2019-12-22T05,128.5,161.25,31.525,22.375,6.475,1,1,1,1,1
2019-12-22T06,124.0,156.0,32.233,28.233,7.067,1,1,1,1,1
2019-12-22T07,141.0,179.0,37.6,33.25,7.0,1,1,1,1,1
2019-12-22T15,185.0,223.0,49.9,10.55,6.0,1,1,1,1,1
2019-12-22T16,183.5,216.75,44.925,12.4,5.667,1,1,1,1,1
2019-12-22T17,171.75,203.75,39.05,14.7,5.575,1,1,1,1,1
2019-12-22T18,148.834,182.334,33.3,20.166,5.934,2,2,2,2,2
2019-12-22T19,143.0,169.0,28.8,21.7,6.167,1,1,1,1,1
2019-12-22T20,140.0,158.0,25.833,24.067,4.833,1,1,1,1,1
2019-12-22T21,137.0,156.25,22.675,29.425,5.875,1,1,1,1,1
2019-12-22T22,129.25,151.0,21.45,28.075,5.567,1,1,1,1,1
2019-12-22T23,135.5,155.25,24.85,25.225,4.45,1,1,1,1,1
2019-12-23T00,143.0,168.0,30.4,21.9,4.25,1,1,1,1,1
2019-12-23T01,157.0,192.25,36.85,17.1,3.35,1,1,1,1,1
2019-12-23T02,162.0,205.25,40.625,14.85,4.525,1,1,1,1,1
2019-12-23T03,170.333,220.0,42.833,12.833,3.633,1,1,1,1,1
2019-12-23T04,175.0,230.0,44.8,17.1,4.4,1,1,1,1,1
2019-12-23T05,187.5,241.5,44.8,28.1,9.55,1,1,1,1,1
2019-12-23T06,193.0,250.0,48.2,36.35,8.8,1,1,1,1,1
2019-12-23T07,201.0,266.0,55.1,45.4,8.8,1,1,1,1,1
2019-12-23T08,213.0,291.0,66.4,49.4,9.6,1,1,1,1,1
2019-12-23T09,223.0,305.0,67.85,45.7,9.65,1,1,1,1,1
2019-12-23T10,229.0,324.0,73.1,45.9,10.0,1,1,1,1,1
2019-12-23T15,252.0,394.0,59.8,1.8,7.5,1,1,1,1,1
2019-12-23T16,252.0,394.0,45.3,2.133,7.967,1,1,1,1,1
2019-12-23T17,264.0,397.25,41.875,1.8,8.575,1,1,1,1,1
2019-12-23T18,236.334,358.667,42.5,11.55,9.567,2,2,2,2,2
2019-12-23T19,227.75,364.75,56.05,9.425,9.85,1,1,1,1,1
2019-12-23T20,212.0,388.0,60.033,3.2,10.4,1,1,1,1,1
2019-12-23T21,210.0,356.0,70.0,2.8,9.85,1,1,1,1,1
2019-12-23T22,204.5,328.75,69.625,3.1,9.4,1,1,1,1,1
2019-12-23T23,206.0,328.0,63.367,3.267,8.233,1,1,1,1,1
2019-12-24T00,221.5,348.75,64.175,2.6,7.325,1,1,1,1,1
2019-12-24T01,271.0,449.25,63.975,2.425,6.85,1,1,1,1,1
2019-12-24T02,273.0,427.75,50.1,4.3,6.575,1,1,1,1,1
2019-12-24T03,252.0,370.0,55.7,3.967,6.333,1,1,1,1,1
2019-12-24T04,278.333,396.333,65.8,5.867,6.45,1,1,1,1,1
2019-12-24T05,299.0,415.0,77.15,10.15,6.4,1,1,1,1,1
2019-12-24T06,315.0,416.0,103.4,27.5,7.4,1,1,1,1,1
2019-12-24T07,313.5,414.5,111.025,31.5,7.8,1,1,1,1,1
2019-12-24T08,306.75,406.25,113.0,43.3,8.1,1,1,1,1,1
2019-12-24T09,300.0,395.0,146.95,51.05,8.35,1,1,1,1,1
2019-12-24T10,350.0,501.0,130.8,31.3,7.8,1,1,1,1,1
2019-12-24T11,316.5,496.0,139.625,4.3,8.2,1,1,1,1,1
2019-12-24T13,337.0,544.0,115.0,2.5,8.8,1,1,1,1,1
2019-12-24T14,340.0,526.0,97.2,3.0,8.1,1,1,1,1,1
2019-12-24T15,312.0,512.0,87.2,2.75,9.0,1,1,1,1,1
2019-12-24T16,322.0,510.0,61.1,2.9,8.9,1,1,1,1,1
2019-12-24T17,351.75,530.75,70.125,2.475,10.075,1,1,1,1,1
2019-12-24T18,360.0,545.0,68.1,2.0,10.9,1,1,1,1,1
2019-12-24T19,326.0,519.0,56.8,2.35,10.475,1,1,1,1,1
2019-12-24T20,269.0,459.0,46.167,2.433,10.167,1,1,1,1,1
2019-12-24T21,127.25,230.75,38.925,5.6,9.0,1,1,1,1,1
2019-12-24T22,109.0,187.5,39.675,6.275,8.567,1,1,1,1,1
2019-12-24T23,107.25,178.75,38.525,9.525,7.725,1,1,1,1,1
2019-12-25T00,116.5,191.25,33.8,11.525,6.675,1,1,1,1,1
2019-12-25T01,131.5,208.5,33.8,10.625,6.225,1,1,1,1,1
2019-12-25T02,125.0,188.0,34.825,9.425,6.6,1,1,1,1,1
2019-12-25T03,121.75,168.75,33.475,11.275,6.275,1,1,1,1,1
2019-12-25T04,137.0,184.5,35.35,14.175,5.7,1,1,1,1,1
2019-12-25T05,160.5,222.5,34.3,20.45,7.5,1,1,1,1,1
2019-12-25T06,164.0,232.0,37.125,29.3,7.2,1,1,1,1,1
2019-12-25T07,166.75,240.75,38.025,35.125,7.575,1,1,1,1,1
2019-12-25T08,165.0,237.667,38.567,36.933,7.867,1,1,1,1,1
2019-12-25T09,163.0,233.0,39.867,38.0,8.2,1,1,1,1,1
2019-12-25T10,163.0,240.0,49.0,24.4,8.0,1,1,1,1,1
2019-12-25T11,168.333,257.667,62.333,7.167,7.033,1,1,1,1,1
2019-12-25T12,173.0,263.0,61.15,3.4,6.6,1,1,1,1,1
2019-12-25T13,196.0,289.0,56.1,1.8,7.4,1,1,1,1,1
2019-12-25T14,199.333,295.667,53.433,1.8,7.933,1,1,1,1,1
2019-12-25T15,206.0,309.0,57.2,1.933,7.7,1,1,1,1,1
2019-12-25T16,234.0,337.0,55.567,1.4,7.7,1,1,1,1,1
2019-12-25T17,198.5,310.5,50.45,3.775,6.25,1,1,1,1,1
2019-12-25T18,192.5,285.667,40.267,8.65,5.383,2,2,2,2,2
2019-12-25T19,190.0,278.667,34.867,13.833,4.567,1,1,1,1,1
2019-12-25T20,200.0,288.0,32.667,15.733,4.8,1,1,1,1,1
2019-12-25T21,210.0,300.0,31.85,18.6,5.65,1,1,1,1,1
2019-12-25T22,183.0,266.0,27.5,21.4,4.9,1,1,1,1,1
2019-12-25T23,164.0,244.0,27.6,22.7,5.3,1,1,1,1,1
2019-12-26T01,166.0,239.667,35.167,19.067,7.233,1,1,1,1,1
2019-12-26T02,164.75,249.5,35.95,19.1,8.175,1,1,1,1,1
2019-12-26T03,173.0,260.0,44.033,15.1,8.233,1,1,1,1,1
2019-12-26T04,185.0,278.0,47.4,13.3,10.0,1,1,1,1,1
2019-12-26T05,201.0,301.0,43.45,25.1,6.4,1,1,1,1,1
2019-12-26T06,226.0,327.0,45.0,32.4,4.5,1,1,1,1,1
2019-12-26T07,236.667,326.0,52.367,50.767,3.7,1,1,1,1,1
2019-12-26T08,234.0,322.0,60.45,55.3,3.9,1,1,1,1,1
2019-12-26T09,250.25,363.5,70.475,38.45,4.0,1,1,1,1,1
2019-12-26T10,235.333,348.667,67.533,33.633,4.2,1,1,1,1,1
2019-12-26T12,245.5,390.0,89.45,1.95,6.8,1,1,1,1,1
2019-12-26T13,282.75,430.0,88.85,2.225,7.25,1,1,1,1,1
2019-12-26T14,267.25,420.5,74.55,1.675,7.975,1,1,1,1,1
2019-12-26T15,224.25,351.25,68.675,2.175,7.425,1,1,1,1,1
2019-12-26T16,231.667,335.667,58.967,1.767,8.25,1,1,1,1,1
2019-12-26T17,232.25,327.5,56.825,1.725,8.1,1,1,1,1,1
2019-12-26T18,211.0,308.5,53.3,2.2,8.584,2,2,2,2,2
2019-12-26T19,204.75,315.5,56.5,1.8,8.625,1,1,1,1,1
2019-12-26T20,198.5,366.5,49.225,1.825,8.675,1,1,1,1,1
2019-12-26T21,179.25,327.75,48.05,3.15,7.675,1,1,1,1,1
2019-12-26T22,150.0,278.25,39.45,10.1,7.767,1,1,1,1,1
2019-12-26T23,168.0,270.0,32.425,17.325,7.325,1,1,1,1,1
2019-12-27T00,168.75,252.75,33.725,17.6,6.55,1,1,1,1,1
2019-12-27T01,181.5,271.5,47.6,8.225,6.775,1,1,1,1,1
2019-12-27T02,208.5,311.5,43.95,13.525,6.275,1,1,1,1,1
2019-12-27T03,195.5,283.25,55.325,12.25,6.6,1,1,1,1,1
2019-12-27T04,196.75,286.25,62.275,13.025,10.7,1,1,1,1,1
2019-12-27T05,196.0,293.0,61.633,23.667,11.5,1,1,1,1,1
2019-12-27T06,207.0,295.0,,32.4,5.65,1,1,0,1,1
2019-12-27T07,212.0,302.0,85.85,36.95,11.1,1,1,1,1,1
2019-12-27T10,340.25,527.75,110.3,62.225,11.9,1,1,1,1,1
2019-12-27T11,352.667,547.0,124.767,23.233,11.767,1,1,1,1,1
2019-12-27T12,346.0,533.0,122.833,9.067,10.467,1,1,1,1,1
2019-12-27T13,324.0,508.0,117.533,10.9,14.333,1,1,1,1,1
2019-12-27T14,337.0,552.0,105.867,13.333,19.3,1,1,1,1,1
2019-12-27T15,337.0,554.0,89.667,13.5,20.7,1,1,1,1,1
2019-12-27T16,346.0,576.0,73.2,11.5,21.1,1,1,1,1,1
2019-12-27T17,359.0,581.0,71.65,15.45,21.6,1,1,1,1,1
2019-12-27T18,402.0,617.0,51.45,14.8,22.3,2,2,2,2,2
2019-12-27T19,355.0,561.0,42.2,13.9,21.4,1,1,1,1,1
2019-12-27T20,353.75,553.75,39.15,13.25,21.075,1,1,1,1,1
2019-12-27T21,334.25,514.0,29.45,11.125,19.375,1,1,1,1,1
2019-12-27T22,280.5,455.5,31.0,9.6,17.667,1,1,1,1,1
2019-12-27T23,259.5,442.5,34.8,9.55,13.425,1,1,1,1,1
2019-12-28T00,255.0,444.0,42.867,9.9,11.533,1,1,1,1,1
2019-12-28T01,271.0,496.25,64.625,9.8,11.625,1,1,1,1,1
2019-12-28T02,272.75,509.5,69.175,7.125,8.25,1,1,1,1,1
2019-12-28T03,224.0,421.0,75.0,6.0,4.367,1,1,1,1,1
2019-12-28T04,220.25,378.25,82.975,7.225,2.933,1,1,1,1,1
2019-12-28T05,237.0,365.0,69.15,11.025,5.825,1,1,1,1,1
2019-12-28T06,252.5,350.0,69.975,24.775,6.575,1,1,1,1,1
2019-12-28T07,269.333,357.667,80.267,46.2,5.933,1,1,1,1,1
2019-12-28T08,282.0,373.0,108.167,42.767,6.267,1,1,1,1,1
2019-12-28T09,325.25,469.0,131.5,40.6,6.6,1,1,1,1,1
2019-12-28T10,349.5,524.0,132.65,22.4,6.3,1,1,1,1,1
2019-12-28T11,315.0,492.0,114.925,10.3,9.475,1,1,1,1,1
2019-12-28T12,324.0,565.5,99.925,58.825,13.5,1,1,1,1,1
2019-12-28T13,319.75,519.25,85.075,90.15,14.375,1,1,1,1,1
2019-12-28T14,324.5,508.5,80.625,104.925,16.875,1,1,1,1,1
2019-12-28T15,386.5,609.5,71.0,77.5,20.625,1,1,1,1,1
2019-12-28T16,444.5,640.5,70.75,47.25,25.1,1,1,1,1,1
2019-12-28T17,533.0,729.0,57.9,36.1,24.45,1,1,1,1,1
2019-12-28T18,509.0,688.0,69.625,29.775,15.775,2,2,2,2,2
2019-12-28T19,372.75,653.75,77.975,11.275,10.975,1,1,1,1,1
2019-12-28T20,335.0,615.25,83.85,7.325,7.075,1,1,1,1,1
2019-12-28T21,282.667,509.0,78.3,6.667,3.6,1,1,1,1,1
2019-12-28T22,260.25,448.25,67.625,6.925,1.967,1,1,1,1,1
2019-12-28T23,276.5,446.5,69.3,10.175,4.875,1,1,1,1,1
2019-12-29T00,293.0,475.75,73.45,28.175,6.575,1,1,1,1,1
2019-12-29T01,311.25,504.75,74.725,51.325,7.2,1,1,1,1,1
2019-12-29T02,311.5,497.25,72.25,33.1,7.2,1,1,1,1,1
2019-12-29T03,310.75,471.75,75.15,25.7,7.075,1,1,1,1,1
2019-12-29T04,313.0,456.0,84.633,31.7,6.467,1,1,1,1,1
2019-12-29T05,355.0,489.0,106.433,46.667,8.867,1,1,1,1,1
2019-12-29T06,385.0,526.75,116.15,55.9,9.8,1,1,1,1,1
2019-12-29T07,373.0,490.0,127.7,56.1,10.367,1,1,1,1,1
2019-12-29T08,456.5,667.5,125.45,137.75,14.9,1,1,1,1,1
2019-12-29T09,526.0,802.0,118.1,168.75,20.65,1,1,1,1,1
2019-12-29T10,451.0,677.0,123.3,94.9,20.667,1,1,1,1,1
2019-12-29T11,394.0,586.25,142.075,21.225,12.7,1,1,1,1,1
2019-12-29T12,402.25,616.5,138.45,12.05,12.7,1,1,1,1,1
2019-12-29T14,482.25,732.25,105.75,14.225,19.35,1,1,1,1,1
2019-12-29T15,471.25,767.75,87.3,13.2,21.567,1,1,1,1,1
2019-12-29T16,439.0,660.25,83.5,11.7,20.8,1,1,1,1,1
2019-12-29T17,444.25,649.5,79.775,14.35,14.175,1,1,1,1,1
2019-12-29T18,507.833,730.0,58.984,13.85,13.4,2,2,2,2,2
2019-12-29T19,488.5,682.5,40.375,15.025,15.575,1,1,1,1,1
2019-12-29T20,523.0,705.0,47.4,12.667,16.5,1,1,1,1,1
2019-12-29T21,435.25,648.0,58.6,10.45,15.325,1,1,1,1,1
2019-12-29T22,412.0,642.0,55.533,10.233,14.5,1,1,1,1,1
2019-12-29T23,398.75,586.0,57.0,8.1,10.125,1,1,1,1,1
2019-12-30T00,314.75,437.75,53.3,6.15,6.325,1,1,1,1,1
2019-12-30T01,251.75,320.0,53.525,6.075,5.375,1,1,1,1,1
2019-12-30T02,248.5,340.0,52.35,6.775,6.125,1,1,1,1,1
2019-12-30T03,259.0,373.0,77.433,7.067,6.033,1,1,1,1,1
2019-12-30T04,276.25,526.75,110.1,8.6,6.033,1,1,1,1,1
2019-12-30T05,316.0,622.0,135.067,13.133,8.333,1,1,1,1,1
2019-12-30T06,399.5,668.0,179.633,18.1,8.267,1,1,1,1,1
2019-12-30T07,443.5,679.0,164.8,16.475,7.95,1,1,1,1,1
2019-12-30T08,477.25,691.25,117.4,13.3,6.575,1,1,1,1,1
2019-12-30T09,445.0,598.25,95.725,9.15,5.45,1,1,1,1,1
2019-12-30T10,420.5,567.5,78.775,7.175,4.433,1,1,1,1,1
2019-12-30T11,365.25,496.75,73.775,6.125,9.0,1,1,1,1,1
2019-12-30T12,336.5,461.0,70.325,6.05,11.075,1,1,1,1,1
2019-12-30T13,320.5,453.25,67.025,6.15,11.45,1,1,1,1,1
2019-12-30T14,294.75,427.5,67.15,5.2,11.55,1,1,1,1,1
2019-12-30T15,288.75,438.0,61.475,4.85,11.875,1,1,1,1,1
2019-12-30T16,273.0,411.0,55.2,4.4,10.7,1,1,1,1,1
2019-12-30T17,247.25,366.25,45.85,3.75,12.65,1,1,1,1,1
2019-12-30T18,227.0,331.0,36.85,3.95,12.45,2,2,2,2,2
2019-12-30T19,190.0,252.0,31.65,4.5,12.85,1,1,1,1,1
2019-12-30T20,170.0,234.0,28.933,6.467,11.4,1,1,1,1,1
2019-12-30T21,163.5,226.5,27.95,6.5,11.25,1,1,1,1,1
2019-12-30T22,158.0,213.5,27.625,6.45,11.0,1,1,1,1,1
2019-12-30T23,179.5,241.5,33.85,6.125,11.95,1,1,1,1,1
2019-12-31T00,226.0,294.0,31.133,8.0,12.4,1,1,1,1,1
2019-12-31T01,186.0,233.0,35.0,6.85,11.2,1,1,1,1,1
2019-12-31T02,217.75,284.5,41.725,6.65,12.55,1,1,1,1,1
2019-12-31T03,250.0,334.0,44.65,7.45,13.2,1,1,1,1,1
2019-12-31T04,243.5,322.25,41.55,14.0,12.767,1,1,1,1,1
2019-12-31T05,220.25,292.25,47.7,25.0,11.025,1,1,1,1,1
2019-12-31T06,220.5,300.25,56.675,38.075,10.625,1,1,1,1,1
2019-12-31T07,224.0,301.75,59.175,51.025,10.2,1,1,1,1,1
2019-12-31T08,209.667,296.0,65.267,53.7,11.033,1,1,1,1,1
2019-12-31T09,198.25,292.0,76.55,47.4,10.675,1,1,1,1,1
2019-12-31T10,179.5,276.5,106.975,29.2,11.867,1,1,1,1,1
2019-12-31T11,187.75,298.0,120.025,7.825,15.975,1,1,1,1,1
2019-12-31T12,199.0,340.0,117.5,6.067,17.9,1,1,1,1,1
2019-12-31T13,309.0,494.75,132.5,11.525,28.7,1,1,1,1,1
2019-12-31T14,420.0,611.0,127.4,12.4,36.2,1,1,1,1,1
2019-12-31T15,613.0,791.0,117.9,16.5,43.6,1,1,1,1,1
2019-12-31T16,613.0,791.0,112.7,16.6,45.6,1,1,1,1,1
2019-12-31T20,762.0,947.0,60.6,9.65,25.95,1,1,1,1,1
2019-12-31T21,710.5,875.25,52.9,9.125,23.2,1,1,1,1,1
2019-12-31T22,642.5,788.25,53.6,11.15,21.3,1,1,1,1,1
2019-12-31T23,633.667,765.0,34.267,11.4,13.933,1,1,1,1,1
2020-01-01T00,641.5,760.0,40.525,11.175,14.075,1,1,1,1,1
2020-01-01T01,653.5,766.25,56.0,13.975,16.4,1,1,1,1,1
2020-01-01T02,636.25,765.0,73.175,36.25,15.575,1,1,1,1,1
2020-01-01T03,568.0,711.0,212.275,29.95,15.175,1,1,1,1,1
2020-01-01T04,455.5,610.75,154.7,10.825,13.133,1,1,1,1,1
2020-01-01T05,327.333,425.667,69.9,23.2,4.733,1,1,1,1,1
2020-01-01T06,190.667,262.667,60.067,37.467,2.4,1,1,1,1,1
2020-01-01T07,152.5,220.75,58.975,44.6,0.5,1,1,1,1,1
2020-01-01T08,128.75,193.0,67.125,46.975,,1,1,1,1,0
2020-01-01T09,125.0,196.0,79.8,41.5,0.6,1,1,1,1,1
2020-01-01T10,124.0,207.5,123.3,17.55,,1,1,1,1,0
2020-01-01T11,121.0,224.0,140.267,3.7,9.767,1,1,1,1,1
2020-01-01T12,147.333,272.667,132.467,3.967,13.767,1,1,1,1,1
2020-01-01T13,164.0,300.0,137.467,5.533,22.167,1,1,1,1,1
2020-01-01T14,365.667,535.333,140.233,8.4,35.167,1,1,1,1,1
2020-01-01T15,498.75,670.25,118.4,10.25,43.375,1,1,1,1,1
2020-01-01T16,576.0,731.0,102.633,9.4,45.533,1,1,1,1,1
2020-01-01T17,532.5,671.75,94.125,8.6,25.125,1,1,1,1,1
2020-01-01T18,534.167,661.0,77.334,8.9,21.45,2,2,2,2,2
2020-01-01T19,520.0,641.0,63.833,9.1,20.767,1,1,1,1,1
2020-01-01T20,515.5,620.25,48.9,9.125,18.95,1,1,1,1,1
2020-01-01T21,514.0,609.0,47.367,8.9,17.4,1,1,1,1,1
2020-01-01T22,574.0,674.0,38.9,9.067,15.667,1,1,1,1,1
2020-01-01T23,581.0,663.0,34.633,8.167,9.867,1,1,1,1,1
2020-01-02T00,532.75,614.0,40.775,7.5,8.5,1,1,1,1,1
2020-01-02T01,529.0,617.25,50.75,7.5,12.7,1,1,1,1,1
2020-01-02T02,525.75,631.25,86.475,6.475,11.175,1,1,1,1,1
2020-01-02T03,448.25,547.5,206.75,9.6,8.0,1,1,1,1,1
2020-01-02T04,393.5,495.75,193.675,46.0,10.5,1,1,1,1,1
2020-01-02T05,337.5,469.75,162.75,24.05,16.35,1,1,1,1,1
2020-01-02T06,243.667,368.667,77.733,26.233,18.733,1,1,1,1,1
2020-01-02T07,138.0,213.0,61.25,41.85,16.65,1,1,1,1,1
2020-01-02T08,101.75,163.75,50.675,53.725,12.85,1,1,1,1,1
2020-01-02T09,90.25,153.5,63.775,48.6,4.175,1,1,1,1,1
2020-01-02T10,83.75,163.0,63.175,43.625,1.0,1,1,1,1,1
2020-01-02T11,80.0,169.0,127.7,5.233,9.067,1,1,1,1,1
2020-01-02T12,107.5,263.75,135.775,3.1,14.3,1,1,1,1,1
2020-01-02T13,174.25,359.0,150.55,4.175,25.75,1,1,1,1,1
2020-01-02T14,217.0,404.0,165.933,6.0,34.633,1,1,1,1,1
2020-01-02T15,354.75,525.0,147.45,7.175,36.55,1,1,1,1,1
2020-01-02T16,380.333,529.333,127.733,7.467,41.85,1,1,1,1,1
2020-01-02T17,373.25,516.5,120.65,7.25,16.45,1,1,1,1,1
2020-01-02T18,374.0,506.0,109.95,7.275,15.375,2,2,2,2,2
2020-01-02T19,419.25,549.5,97.65,7.325,15.95,1,1,1,1,1
2020-01-02T20,418.25,538.5,79.95,6.175,14.95,1,1,1,1,1
2020-01-02T21,405.5,510.25,56.1,6.5,15.275,1,1,1,1,1
2020-01-02T22,399.5,497.0,55.95,6.325,15.1,1,1,1,1,1
2020-01-02T23,366.5,448.5,43.725,5.5,11.725,1,1,1,1,1
2020-01-03T00,357.5,425.5,34.35,6.125,11.275,1,1,1,1,1
2020-01-03T01,346.25,418.5,33.75,7.35,11.7,1,1,1,1,1
2020-01-03T02,354.5,436.75,96.675,7.4,11.55,1,1,1,1,1
2020-01-03T03,360.0,462.0,176.3,13.467,15.267,1,1,1,1,1
2020-01-03T04,302.5,400.75,104.65,20.4,18.567,1,1,1,1,1
2020-01-03T05,124.0,205.0,61.95,15.2,7.5,1,1,1,1,1
2020-01-03T06,45.0,86.0,47.0,31.3,3.2,1,1,1,1,1
2020-01-03T07,42.0,82.0,38.233,37.0,1.55,1,1,1,1,1
2020-01-03T08,39.0,78.0,41.3,43.833,0.55,1,1,1,1,1
2020-01-03T09,43.25,93.25,48.025,47.3,,1,1,1,1,0
2020-01-03T10,47.0,97.0,61.6,38.433,,1,1,1,1,0
2020-01-03T11,42.5,154.5,118.5,1.75,15.75,1,1,1,1,1
2020-01-03T12,47.0,199.0,124.667,2.067,17.133,1,1,1,1,1
2020-01-03T13,104.5,254.0,137.875,3.75,25.8,1,1,1,1,1
2020-01-03T14,201.0,390.5,121.275,4.275,29.625,1,1,1,1,1
2020-01-03T15,229.25,369.0,127.725,4.65,33.75,1,1,1,1,1
2020-01-03T16,271.25,418.25,124.1,4.825,34.967,1,1,1,1,1
2020-01-03T17,275.25,385.25,108.5,4.475,12.05,1,1,1,1,1
2020-01-03T18,272.167,359.833,84.066,5.066,11.883,2,2,2,2,2
2020-01-03T19,293.25,368.75,67.675,4.75,13.175,1,1,1,1,1
2020-01-03T20,270.25,327.5,55.175,4.15,10.875,1,1,1,1,1
2020-01-03T21,245.75,298.5,40.35,4.5,11.55,1,1,1,1,1
2020-01-03T22,250.25,303.25,30.2,4.475,10.8,1,1,1,1,1
2020-01-03T23,241.5,292.0,32.975,4.35,8.4,1,1,1,1,1
2020-01-04T00,229.5,294.25,50.275,4.2,9.1,1,1,1,1,1
2020-01-04T01,256.75,333.25,40.575,4.65,9.8,1,1,1,1,1
2020-01-04T02,278.5,363.25,67.625,5.225,11.7,1,1,1,1,1
2020-01-04T03,305.75,408.5,189.4,4.575,11.325,1,1,1,1,1
2020-01-04T04,320.0,416.0,179.85,5.0,14.2,1,1,1,1,1
2020-01-04T05,233.75,286.25,90.25,23.9,16.1,1,1,1,1,1
2020-01-04T06,163.0,204.5,45.075,47.175,10.075,1,1,1,1,1
2020-01-04T07,104.5,147.25,35.95,59.675,6.8,1,1,1,1,1
2020-01-04T08,106.0,159.5,35.925,67.55,9.175,1,1,1,1,1
2020-01-04T09,120.75,181.5,34.0,74.1,7.65,1,1,1,1,1
2020-01-04T10,111.0,172.75,50.875,64.55,8.467,1,1,1,1,1
2020-01-04T11,111.75,186.25,118.625,17.575,15.7,1,1,1,1,1
2020-01-04T12,114.0,211.0,138.9,1.567,16.633,1,1,1,1,1
2020-01-04T13,149.5,278.75,136.225,2.0,19.225,1,1,1,1,1
2020-01-04T14,188.0,313.5,133.85,2.35,21.2,1,1,1,1,1
2020-01-04T15,227.75,346.75,130.75,2.65,23.3,1,1,1,1,1
2020-01-04T16,230.0,343.0,134.567,2.967,24.15,1,1,1,1,1
2020-01-04T17,224.25,316.75,111.825,2.075,15.425,1,1,1,1,1
2020-01-04T18,217.0,304.833,104.85,2.45,13.566,2,2,2,2,2
2020-01-04T19,203.75,290.25,95.95,2.375,13.925,1,1,1,1,1
2020-01-04T20,189.75,271.25,92.775,2.175,12.925,1,1,1,1,1
2020-01-04T21,176.0,246.25,73.225,1.875,11.325,1,1,1,1,1
2020-01-04T22,175.75,246.25,66.625,2.025,12.633,1,1,1,1,1
2020-01-04T23,188.0,268.0,90.367,2.167,13.033,1,1,1,1,1
2020-01-05T00,201.75,283.75,85.1,2.1,12.15,1,1,1,1,1
2020-01-05T01,220.667,292.667,73.133,2.133,8.9,1,1,1,1,1
2020-01-05T02,251.0,334.0,111.9,3.1,14.6,1,1,1,1,1
2020-01-05T04,213.0,285.0,78.9,,,1,1,1,0,0
2020-01-05T05,173.0,235.0,72.575,35.775,18.825,1,1,1,1,1
2020-01-05T06,173.0,217.0,39.0,52.867,14.867,1,1,1,1,1
2020-01-05T07,80.75,128.75,20.975,68.8,10.2,1,1,1,1,1
2020-01-05T08,59.0,116.0,27.0,71.9,11.1,1,1,1,1,1
2020-01-05T09,74.25,140.0,35.9,63.975,14.425,1,1,1,1,1
2020-01-05T10,75.0,146.0,41.1,62.667,16.0,1,1,1,1,1
2020-01-05T11,92.0,155.25,66.825,40.0,15.375,1,1,1,1,1
2020-01-05T12,101.0,168.0,78.85,27.95,16.6,1,1,1,1,1
2020-01-05T13,134.0,195.0,113.567,2.667,15.833,1,1,1,1,1
2020-01-05T14,169.75,258.5,113.425,2.55,17.6,1,1,1,1,1
2020-01-05T15,201.0,301.0,109.325,2.2,17.6,1,1,1,1,1
2020-01-05T16,210.333,298.333,102.1,2.367,18.4,1,1,1,1,1
2020-01-05T17,217.0,299.0,99.7,2.033,15.2,1,1,1,1,1
2020-01-05T18,197.0,276.0,90.35,2.175,14.425,2,2,2,2,2
2020-01-05T22,199.75,267.0,73.7,2.15,13.067,1,1,1,1,1
2020-01-05T23,199.25,260.5,69.675,2.0,9.8,1,1,1,1,1
2020-01-06T00,191.0,241.0,78.575,2.1,11.4,1,1,1,1,1
2020-01-06T01,193.0,248.0,72.75,2.1,12.525,1,1,1,1,1
2020-01-06T02,202.0,289.0,83.85,2.425,15.45,1,1,1,1,1
2020-01-06T03,235.0,373.0,122.375,2.55,18.25,1,1,1,1,1
2020-01-06T04,226.0,406.0,126.55,2.9,20.2,1,1,1,1,1
2020-01-06T05,162.0,266.0,123.125,4.425,14.875,1,1,1,1,1
2020-01-06T06,143.0,268.0,119.867,13.1,10.267,1,1,1,1,1
2020-01-06T07,158.0,257.667,83.267,24.35,12.25,1,1,1,1,1
2020-01-06T08,96.25,177.75,60.375,31.225,17.975,1,1,1,1,1
2020-01-06T09,104.0,177.0,58.4,31.233,16.133,1,1,1,1,1
2020-01-06T10,113.0,205.333,61.933,21.267,13.35,1,1,1,1,1
2020-01-06T11,121.5,194.75,80.675,10.825,16.825,1,1,1,1,1
2020-01-06T12,104.5,165.0,71.075,9.875,15.05,1,1,1,1,1
2020-01-06T13,103.0,141.667,76.333,6.5,14.367,1,1,1,1,1
2020-01-06T14,103.0,143.0,91.05,1.9,15.45,1,1,1,1,1
2020-01-06T15,105.5,153.0,93.2,24.8,22.7,1,1,1,1,1
2020-01-06T16,100.75,148.0,88.65,9.5,19.133,1,1,1,1,1
2020-01-06T17,96.0,141.667,85.233,6.467,18.433,1,1,1,1,1
2020-01-06T18,88.5,134.834,82.617,4.883,19.35,2,2,2,2,2
2020-01-06T19,88.5,131.25,75.4,3.125,22.6,1,1,1,1,1
2020-01-06T20,81.5,122.0,64.275,3.05,18.875,1,1,1,1,1
2020-01-06T21,78.333,110.0,57.733,5.8,17.667,1,1,1,1,1
2020-01-06T22,69.75,94.75,64.65,4.025,17.7,1,1,1,1,1
2020-01-06T23,73.667,107.333,56.033,19.333,17.767,1,1,1,1,1
2020-01-07T00,90.75,134.0,54.65,147.0,29.05,1,1,1,1,1
2020-01-07T01,137.0,194.75,56.075,23.475,25.8,1,1,1,1,1
2020-01-07T02,152.0,219.5,63.9,6.55,30.625,1,1,1,1,1
2020-01-07T03,152.0,213.667,76.733,5.433,26.933,1,1,1,1,1
2020-01-07T04,152.0,181.75,78.65,7.55,28.5,1,1,1,1,1
2020-01-07T05,101.0,192.0,83.875,9.95,20.1,1,1,1,1,1
2020-01-07T06,106.333,166.0,86.533,5.933,16.8,1,1,1,1,1
2020-01-07T07,119.0,176.75,90.7,4.85,16.75,1,1,1,1,1
2020-01-07T08,120.5,179.25,69.525,16.175,18.775,1,1,1,1,1
2020-01-07T09,101.333,158.667,81.3,16.533,15.3,1,1,1,1,1
2020-01-07T10,95.0,159.0,91.875,10.325,14.833,1,1,1,1,1
2020-01-07T11,116.0,189.333,96.3,6.633,13.5,1,1,1,1,1
2020-01-07T12,128.0,208.0,92.1,3.8,,1,1,1,1,0
2020-01-07T13,195.0,265.0,90.7,4.0,,1,1,1,1,0
2020-01-07T14,181.0,247.667,77.467,3.4,,1,1,1,1,0
2020-01-07T15,151.25,214.0,72.275,3.05,,1,1,1,1,0
2020-01-07T16,143.5,195.0,69.775,3.5,,1,1,1,1,0
2020-01-07T17,129.667,170.0,64.7,3.067,,1,1,1,1,0
2020-01-07T18,115.834,144.166,59.916,4.083,,2,2,2,2,0
2020-01-07T19,109.25,141.0,49.2,5.95,,1,1,1,1,0
2020-01-07T20,105.0,127.5,56.3,2.9,,1,1,1,1,0
2020-01-07T21,99.0,123.0,47.733,3.767,,1,1,1,1,0
2020-01-07T22,100.0,114.5,47.825,6.65,,1,1,1,1,0
2020-01-07T23,96.0,109.75,48.3,24.275,,1,1,1,1,0
2020-01-08T00,101.75,117.75,48.475,18.5,,1,1,1,1,0
2020-01-08T01,104.25,121.75,57.55,26.025,,1,1,1,1,0
2020-01-08T02,116.0,137.75,62.425,49.05,,1,1,1,1,0
2020-01-08T03,120.0,141.25,56.025,34.85,,1,1,1,1,0
2020-01-08T04,115.25,137.0,59.7,18.025,,1,1,1,1,0
2020-01-08T05,119.0,140.0,62.9,6.7,,1,1,1,1,0
2020-01-08T06,141.25,167.25,68.4,4.1,17.8,1,1,1,1,1
2020-01-08T07,157.0,189.0,69.4,3.2,15.9,1,1,1,1,1
2020-01-08T08,143.75,171.5,65.4,2.9,14.95,1,1,1,1,1
2020-01-08T09,155.0,179.0,76.067,2.267,14.933,1,1,1,1,1
2020-01-08T10,145.0,173.333,74.367,6.133,13.85,1,1,1,1,1
2020-01-08T11,156.75,181.75,73.35,7.65,11.425,1,1,1,1,1
2020-01-08T12,157.5,189.5,60.525,4.55,9.625,1,1,1,1,1
2020-01-08T13,142.75,176.0,58.0,3.375,10.65,1,1,1,1,1
2020-01-08T14,133.75,161.75,51.95,3.075,9.45,1,1,1,1,1
2020-01-08T15,114.25,143.25,46.0,3.525,8.325,1,1,1,1,1
2020-01-08T16,103.0,135.0,40.867,4.3,8.167,1,1,1,1,1
2020-01-08T17,92.5,121.25,28.45,9.375,10.225,1,1,1,1,1
2020-01-08T18,78.166,107.5,22.35,14.267,10.633,2,2,2,2,2
2020-01-08T19,72.0,92.75,18.225,19.525,9.7,1,1,1,1,1
2020-01-08T20,64.25,82.75,17.825,18.225,10.35,1,1,1,1,1
2020-01-08T21,59.0,72.25,20.675,16.75,12.025,1,1,1,1,1
2020-01-08T22,59.0,71.25,20.675,17.25,12.2,1,1,1,1,1
2020-01-08T23,61.25,77.75,22.775,15.6,13.65,1,1,1,1,1
2020-01-09T00,74.5,97.5,32.475,12.625,15.15,1,1,1,1,1
2020-01-09T01,96.0,135.75,36.925,10.025,15.2,1,1,1,1,1
2020-01-09T02,102.25,148.5,37.375,9.275,14.3,1,1,1,1,1
2020-01-09T03,105.0,152.5,33.575,12.65,13.65,1,1,1,1,1
2020-01-09T04,110.25,150.5,33.2,17.825,14.567,1,1,1,1,1
2020-01-09T05,108.0,149.0,34.8,21.1,13.4,1,1,1,1,1
2020-01-09T06,100.5,140.0,34.5,34.25,10.3,1,1,1,1,1
2020-01-09T07,94.5,128.75,33.575,41.65,10.2,1,1,1,1,1
2020-01-09T08,88.5,128.5,35.05,44.85,10.0,1,1,1,1,1
2020-01-09T09,82.333,126.0,32.633,42.467,9.667,1,1,1,1,1
2020-01-09T10,76.0,114.75,36.1,38.7,9.967,1,1,1,1,1
2020-01-09T11,68.75,109.0,62.15,20.8,12.05,1,1,1,1,1
2020-01-09T12,81.25,135.0,83.825,2.625,13.075,1,1,1,1,1
2020-01-09T13,109.5,188.0,84.775,2.325,15.5,1,1,1,1,1
2020-01-09T14,134.25,224.0,80.15,2.425,17.025,1,1,1,1,1
2020-01-09T15,149.0,229.5,73.5,3.0,17.825,1,1,1,1,1
2020-01-09T16,150.0,225.75,66.975,2.825,18.267,1,1,1,1,1
2020-01-09T17,158.0,240.0,61.433,2.0,14.067,1,1,1,1,1
2020-01-09T18,150.5,229.166,51.867,1.883,11.534,2,2,2,2,2
2020-01-09T19,153.0,235.0,50.567,2.7,10.6,1,1,1,1,1
2020-01-09T20,134.75,209.25,46.8,2.65,9.975,1,1,1,1,1
2020-01-09T21,119.25,179.75,46.55,3.15,9.325,1,1,1,1,1
2020-01-09T22,96.0,148.667,33.733,10.267,9.1,1,1,1,1,1
2020-01-09T23,83.25,122.5,33.925,12.475,7.15,1,1,1,1,1
2020-01-10T00,85.333,127.667,37.9,12.333,6.467,1,1,1,1,1
2020-01-10T01,94.0,147.0,47.2,7.525,5.6,1,1,1,1,1
2020-01-10T02,94.0,147.0,54.0,7.6,6.25,1,1,1,1,1
2020-01-10T03,96.0,152.0,59.233,13.5,6.833,1,1,1,1,1
2020-01-10T04,136.0,186.5,59.325,28.275,8.633,1,1,1,1,1
2020-01-10T05,136.75,189.25,55.575,42.775,13.5,1,1,1,1,1
2020-01-10T06,136.333,195.333,56.8,55.133,12.5,1,1,1,1,1
2020-01-10T07,144.75,212.5,46.075,63.825,10.7,1,1,1,1,1
2020-01-10T08,134.0,199.0,49.375,66.075,11.725,1,1,1,1,1
2020-01-10T09,135.667,200.667,45.767,66.333,10.333,1,1,1,1,1
2020-01-10T10,119.5,177.5,44.05,65.025,9.2,1,1,1,1,1
2020-01-10T11,84.0,153.0,131.7,4.0,7.8,1,1,1,1,1
2020-01-10T12,95.25,174.75,128.375,2.3,10.35,1,1,1,1,1
2020-01-10T13,129.0,240.0,128.867,2.433,13.733,1,1,1,1,1
2020-01-10T14,186.5,326.5,122.075,3.15,17.1,1,1,1,1,1
2020-01-10T15,251.0,402.5,105.625,2.95,19.875,1,1,1,1,1
2020-01-10T16,263.5,386.25,100.9,3.15,20.233,1,1,1,1,1
2020-01-10T17,278.0,406.25,94.1,3.0,16.2,1,1,1,1,1
2020-01-10T18,285.333,427.333,87.35,2.65,14.066,2,2,2,2,2
2020-01-10T19,243.5,351.5,81.05,2.15,11.825,1,1,1,1,1
2020-01-10T20,175.0,248.0,77.125,1.6,9.9,1,1,1,1,1
2020-01-10T21,136.0,185.0,74.767,2.867,7.933,1,1,1,1,1
2020-01-10T22,124.0,166.667,66.4,2.633,5.15,1,1,1,1,1
2020-01-10T23,128.0,165.75,67.3,2.125,8.05,1,1,1,1,1
2020-01-11T00,143.25,195.0,64.325,2.225,11.275,1,1,1,1,1
2020-01-11T01,153.0,213.0,66.433,2.467,12.467,1,1,1,1,1
2020-01-11T02,172.75,242.0,80.8,3.225,16.025,1,1,1,1,1
2020-01-11T03,179.75,255.75,80.75,10.075,20.875,1,1,1,1,1
2020-01-11T04,172.75,238.0,62.8,34.625,22.667,1,1,1,1,1
2020-01-11T05,120.333,178.333,44.733,59.033,15.567,1,1,1,1,1
2020-01-11T06,86.75,139.75,38.125,75.325,10.725,1,1,1,1,1
2020-01-11T07,78.5,128.25,37.875,85.575,10.475,1,1,1,1,1
2020-01-11T08,79.0,135.5,47.075,95.425,14.075,1,1,1,1,1
2020-01-11T09,95.5,175.75,57.55,91.9,14.55,1,1,1,1,1
2020-01-11T10,100.0,184.0,72.533,79.433,13.567,1,1,1,1,1
2020-01-11T11,106.0,215.0,127.5,33.233,16.767,1,1,1,1,1
2020-01-11T12,122.667,255.667,153.867,3.2,18.433,1,1,1,1,1
2020-01-11T13,157.5,297.5,148.225,3.475,21.933,1,1,1,1,1
2020-01-11T14,215.5,353.75,131.075,3.65,25.275,1,1,1,1,1
2020-01-11T15,241.25,353.25,134.675,3.95,27.65,1,1,1,1,1
2020-01-11T16,277.0,411.25,129.0,3.75,28.833,1,1,1,1,1
2020-01-11T17,314.75,464.0,113.675,5.125,21.0,1,1,1,1,1
2020-01-11T18,351.167,506.833,98.8,4.667,19.184,2,2,2,2,2
2020-01-11T19,321.5,469.25,93.2,4.175,21.25,1,1,1,1,1
2020-01-11T20,303.25,431.25,70.8,4.05,22.675,1,1,1,1,1
2020-01-11T21,295.75,414.25,62.775,3.65,23.05,1,1,1,1,1
2020-01-11T22,281.5,376.0,59.1,3.2,22.833,1,1,1,1,1
2020-01-11T23,254.25,338.25,78.325,2.75,14.175,1,1,1,1,1
2020-01-12T00,241.5,336.25,62.825,2.7,11.175,1,1,1,1,1
2020-01-12T01,248.5,349.5,55.75,2.85,10.975,1,1,1,1,1
2020-01-12T02,257.75,366.25,91.175,3.15,12.35,1,1,1,1,1
2020-01-12T03,252.75,366.25,123.975,4.1,14.55,1,1,1,1,1
2020-01-12T04,203.75,284.5,93.825,14.8,14.3,1,1,1,1,1
2020-01-12T05,148.25,209.25,85.875,34.55,16.55,1,1,1,1,1
2020-01-12T06,136.25,202.75,62.55,51.3,11.5,1,1,1,1,1
2020-01-12T07,106.0,167.25,49.3,63.625,5.7,1,1,1,1,1
2020-01-12T08,100.333,145.0,55.067,66.5,2.7,1,1,1,1,1
2020-01-12T09,92.5,129.0,68.375,59.35,3.325,1,1,1,1,1
2020-01-12T10,86.5,136.25,81.925,46.625,3.467,1,1,1,1,1
2020-01-12T11,91.0,158.0,135.333,14.433,11.6,1,1,1,1,1
2020-01-12T12,104.0,218.5,149.95,2.375,17.1,1,1,1,1,1
2020-01-12T13,147.0,275.0,143.3,2.633,21.4,1,1,1,1,1
2020-01-12T14,208.25,361.75,137.55,3.225,26.15,1,1,1,1,1
2020-01-12T15,287.5,475.0,138.4,4.075,34.325,1,1,1,1,1
2020-01-12T16,370.75,585.25,116.55,4.175,38.7,1,1,1,1,1
2020-01-12T17,396.0,590.25,103.8,4.425,22.675,1,1,1,1,1
2020-01-12T18,465.0,666.0,100.0,3.625,21.65,2,2,2,2,2
2020-01-12T19,437.0,609.0,90.5,5.4,25.3,1,1,1,1,1
2020-01-12T20,404.0,577.333,100.1,13.533,23.167,1,1,1,1,1
2020-01-12T21,394.5,556.0,82.275,13.275,19.85,1,1,1,1,1
2020-01-12T22,395.25,541.0,66.375,12.625,19.3,1,1,1,1,1
2020-01-12T23,387.5,518.25,78.9,9.95,10.05,1,1,1,1,1
2020-01-13T00,345.0,453.25,104.55,4.425,1.25,1,1,1,1,1
2020-01-13T01,261.75,378.25,113.0,3.4,,1,1,1,1,0
2020-01-13T02,243.75,364.25,124.825,3.525,,1,1,1,1,0
2020-01-13T03,237.0,356.0,113.35,5.4,,1,1,1,1,0
2020-01-13T04,230.0,366.0,92.133,17.367,,1,1,1,1,0
2020-01-13T05,193.25,343.5,99.4,21.425,15.1,1,1,1,1,1
2020-01-13T06,169.5,304.0,80.5,33.7,14.0,1,1,1,1,1
2020-01-13T07,142.0,265.75,81.85,30.1,10.225,1,1,1,1,1
2020-01-13T08,133.0,256.0,79.05,29.6,8.75,1,1,1,1,1
2020-01-13T09,125.0,236.0,74.075,34.925,8.375,1,1,1,1,1
2020-01-13T10,125.0,224.0,113.3,14.5,7.85,1,1,1,1,1
2020-01-13T11,151.0,251.0,127.833,4.6,13.1,1,1,1,1,1
2020-01-13T12,171.75,313.25,120.875,2.4,17.225,1,1,1,1,1
2020-01-13T13,200.0,335.75,114.625,3.55,20.3,1,1,1,1,1
2020-01-13T14,264.5,361.25,94.35,3.25,20.975,1,1,1,1,1
2020-01-13T15,211.0,274.75,82.525,2.875,19.825,1,1,1,1,1
2020-01-13T16,172.0,211.0,72.8,2.6,18.15,1,1,1,1,1
2020-01-13T17,162.0,203.25,66.4,2.5,14.775,1,1,1,1,1
2020-01-13T18,225.334,270.333,63.2,2.817,11.983,2,2,2,2,2
2020-01-13T19,230.25,285.0,50.55,3.025,11.9,1,1,1,1,1
2020-01-13T20,151.75,190.25,43.525,3.525,11.05,1,1,1,1,1
2020-01-13T21,144.25,179.25,39.275,3.0,10.65,1,1,1,1,1
2020-01-13T22,100.333,129.0,39.9,2.8,9.55,1,1,1,1,1
2020-01-13T23,82.0,112.5,42.25,3.05,8.0,1,1,1,1,1
2020-01-14T00,75.0,108.0,42.1,4.833,6.967,1,1,1,1,1
2020-01-14T03,94.75,126.5,41.4,6.5,6.25,1,1,1,1,1
2020-01-14T04,102.5,138.0,49.35,12.85,6.4,1,1,1,1,1
2020-01-14T05,119.25,164.5,54.175,19.55,10.4,1,1,1,1,1
2020-01-14T06,147.25,208.0,50.4,28.725,12.0,1,1,1,1,1
2020-01-14T07,165.5,225.5,47.9,32.0,11.7,1,1,1,1,1
2020-01-14T08,182.0,243.5,54.15,44.225,12.625,1,1,1,1,1
2020-01-14T09,139.25,201.0,45.675,48.225,11.15,1,1,1,1,1
2020-01-14T10,92.0,141.0,41.0,45.5,11.05,1,1,1,1,1
2020-01-14T11,75.0,124.0,75.5,17.35,,1,1,1,1,0
2020-01-14T12,78.25,151.25,94.55,1.9,10.5,1,1,1,1,1
2020-01-14T13,94.333,178.667,93.633,2.333,12.033,1,1,1,1,1
2020-01-14T14,107.0,190.0,84.133,2.233,12.233,1,1,1,1,1
2020-01-14T15,115.0,195.75,77.875,2.15,11.35,1,1,1,1,1
2020-01-14T16,124.0,195.0,65.167,2.1,11.5,1,1,1,1,1
2020-01-14T17,135.0,218.25,53.3,2.5,9.95,1,1,1,1,1
2020-01-14T18,147.5,231.166,61.75,4.383,9.95,2,2,2,2,2
2020-01-14T19,122.0,195.25,64.875,2.625,7.025,1,1,1,1,1
2020-01-14T20,86.25,132.5,53.375,2.075,6.3,1,1,1,1,1
2020-01-14T21,92.75,133.5,48.725,1.6,4.2,1,1,1,1,1
2020-01-14T22,83.0,114.0,46.5,2.367,3.6,1,1,1,1,1
2020-01-14T23,78.0,110.0,44.9,1.7,5.9,1,1,1,1,1
2020-01-15T00,76.5,111.75,52.425,1.85,5.625,1,1,1,1,1
2020-01-15T01,78.75,126.0,50.675,1.925,7.1,1,1,1,1,1
2020-01-15T02,95.75,153.75,66.325,2.1,8.25,1,1,1,1,1
2020-01-15T03,92.333,159.333,87.867,5.8,9.133,1,1,1,1,1
2020-01-15T04,104.0,161.0,,19.4,,1,1,0,1,0
2020-01-15T05,103.0,156.0,,28.8,,1,1,0,1,0
2020-01-15T07,111.75,194.25,74.875,76.1,12.425,1,1,1,1,1
2020-01-15T08,114.0,195.0,79.4,76.1,14.7,1,1,1,1,1
2020-01-15T09,124.0,196.0,56.2,84.5,12.8,1,1,1,1,1
2020-01-15T10,80.0,143.0,70.1,67.1,10.3,1,1,1,1,1
2020-01-15T11,91.0,179.0,85.4,46.3,11.8,1,1,1,1,1
2020-01-15T12,100.0,196.0,130.55,1.85,16.6,1,1,1,1,1
2020-01-15T13,117.0,224.0,129.95,2.5,19.75,1,1,1,1,1
2020-01-15T14,148.25,289.0,121.9,3.25,23.05,1,1,1,1,1
2020-01-15T15,155.75,281.75,108.525,2.625,22.8,1,1,1,1,1
2020-01-15T16,162.333,260.0,94.267,3.167,22.6,1,1,1,1,1
2020-01-15T17,169.25,259.25,80.45,2.6,13.525,1,1,1,1,1
2020-01-15T18,159.834,249.166,74.95,1.95,11.55,2,2,2,2,2
2020-01-15T19,137.75,208.5,73.05,2.5,12.7,1,1,1,1,1
2020-01-15T20,133.5,198.75,67.1,2.175,11.1,1,1,1,1,1
2020-01-15T21,132.0,183.0,62.467,2.167,8.2,1,1,1,1,1
2020-01-15T22,118.0,161.0,60.267,2.333,9.0,1,1,1,1,1
2020-01-15T23,110.0,150.0,50.8,1.6,11.2,1,1,1,1,1
2020-01-16T00,121.0,163.5,53.875,1.525,12.45,1,1,1,1,1
2020-01-16T01,128.75,172.25,52.3,1.45,13.45,1,1,1,1,1
2020-01-16T02,138.25,193.5,59.55,2.85,14.55,1,1,1,1,1
2020-01-16T03,151.0,219.0,70.2,2.8,15.25,1,1,1,1,1
2020-01-16T05,88.0,122.0,66.1,22.1,17.3,1,1,1,1,1
2020-01-16T06,94.0,133.5,87.7,21.0,18.95,1,1,1,1,1
2020-01-16T07,111.0,166.0,70.533,34.267,24.967,1,1,1,1,1
2020-01-16T08,115.0,155.75,88.6,15.375,21.0,1,1,1,1,1
2020-01-16T09,132.0,160.5,99.825,9.55,20.45,1,1,1,1,1
2020-01-16T10,143.75,179.25,100.9,6.775,20.567,1,1,1,1,1
2020-01-16T11,155.5,200.75,93.55,3.0,17.925,1,1,1,1,1
2020-01-16T12,138.0,164.5,87.6,2.35,17.6,1,1,1,1,1
2020-01-16T13,152.0,193.667,85.367,2.9,21.3,1,1,1,1,1
2020-01-16T14,187.25,253.75,81.05,3.275,22.875,1,1,1,1,1
2020-01-16T15,187.0,258.333,73.933,2.467,22.867,1,1,1,1,1
2020-01-16T16,175.75,231.0,64.425,2.025,21.3,1,1,1,1,1
2020-01-16T17,163.5,202.5,61.075,2.125,18.725,1,1,1,1,1
2020-01-16T18,144.166,174.0,63.967,1.933,15.716,2,2,2,2,2
2020-01-16T19,81.25,93.0,63.575,2.45,12.925,1,1,1,1,1
2020-01-16T20,60.333,66.0,47.867,7.967,10.933,1,1,1,1,1
2020-01-16T21,42.0,49.75,53.675,6.35,10.025,1,1,1,1,1
2020-01-16T22,45.5,55.75,50.225,5.7,10.2,1,1,1,1,1
2020-01-16T23,52.5,65.5,51.325,2.15,12.625,1,1,1,1,1
2020-01-17T00,77.0,95.25,44.2,1.9,14.8,1,1,1,1,1
2020-01-17T01,101.0,124.25,44.075,2.275,14.05,1,1,1,1,1
2020-01-17T02,98.75,145.75,45.675,3.75,14.475,1,1,1,1,1
2020-01-17T03,91.75,141.25,49.0,6.475,15.025,1,1,1,1,1
2020-01-17T04,98.5,133.0,51.7,13.75,17.2,1,1,1,1,1
2020-01-17T05,111.333,141.667,46.1,26.5,11.067,1,1,1,1,1
2020-01-17T06,120.5,151.25,42.1,36.35,10.8,1,1,1,1,1
2020-01-17T07,116.0,146.0,37.625,52.067,9.6,1,1,1,1,1
2020-01-17T08,84.0,,37.65,51.0,7.775,1,0,1,1,1
2020-01-17T09,69.0,103.0,34.5,40.467,5.975,1,1,1,1,1
2020-01-17T10,66.0,101.0,45.767,23.367,4.867,1,1,1,1,1
2020-01-17T11,67.0,110.0,73.8,14.567,6.733,1,1,1,1,1
2020-01-17T12,84.0,146.0,87.9,0.4,10.75,1,1,1,1,1
2020-01-17T13,110.0,197.0,80.9,2.867,14.5,1,1,1,1,1
2020-01-17T14,138.0,244.0,67.933,2.867,16.7,1,1,1,1,1
2020-01-17T15,145.0,271.0,65.067,3.867,20.0,1,1,1,1,1
2020-01-17T16,171.0,290.0,66.4,3.275,21.3,1,1,1,1,1
2020-01-17T17,147.0,254.0,55.225,2.3,11.2,1,1,1,1,1
2020-01-17T18,123.0,205.0,53.117,3.833,8.25,2,2,2,2,2
2020-01-17T19,169.0,276.0,42.5,3.3,9.8,1,1,1,1,1
2020-01-17T20,179.0,277.0,36.275,3.1,10.675,1,1,1,1,1
2020-01-17T21,155.0,249.0,47.35,2.575,9.4,1,1,1,1,1
2020-01-17T22,121.0,197.0,57.9,2.3,9.533,1,1,1,1,1
2020-01-17T23,88.0,135.0,61.075,1.25,6.15,1,1,1,1,1
2020-01-18T00,70.0,96.0,59.35,1.275,4.475,1,1,1,1,1
2020-01-18T01,58.0,90.0,62.85,1.725,4.7,1,1,1,1,1
2020-01-18T02,75.0,134.0,67.65,1.8,6.375,1,1,1,1,1
2020-01-18T03,66.0,133.0,74.567,2.1,6.5,1,1,1,1,1
2020-01-18T04,77.0,155.0,99.8,4.5,6.65,1,1,1,1,1
2020-01-18T05,91.0,164.0,104.9,7.6,5.8,1,1,1,1,1
2020-01-18T06,141.0,208.0,126.7,14.033,8.7,1,1,1,1,1
2020-01-18T07,183.0,284.0,117.167,51.933,9.533,1,1,1,1,1
2020-01-18T08,185.0,267.0,58.95,86.25,8.95,1,1,1,1,1
2020-01-18T09,125.0,196.0,64.5,90.8,7.35,1,1,1,1,1
2020-01-18T10,128.0,200.0,63.6,75.425,7.333,1,1,1,1,1
2020-01-18T11,92.0,162.0,107.575,23.925,11.55,1,1,1,1,1
2020-01-18T12,108.0,197.0,118.9,2.7,15.95,1,1,1,1,1
2020-01-18T13,133.0,235.0,110.225,2.925,18.825,1,1,1,1,1
2020-01-18T14,172.667,295.0,100.95,3.05,22.75,1,1,1,1,1
2020-01-18T15,204.333,343.0,93.433,3.133,24.867,1,1,1,1,1
2020-01-18T16,221.0,361.0,80.75,2.7,23.9,1,1,1,1,1
2020-01-18T17,192.667,302.0,67.467,2.167,13.133,1,1,1,1,1
2020-01-18T18,180.0,276.0,65.183,1.866,8.733,2,2,2,2,2
2020-01-18T19,155.0,232.0,65.6,2.15,7.3,1,1,1,1,1
2020-01-18T20,132.0,219.0,63.025,2.25,8.1,1,1,1,1,1
2020-01-18T21,130.0,206.0,58.975,1.825,6.575,1,1,1,1,1
2020-01-18T22,133.0,208.0,48.95,4.725,6.367,1,1,1,1,1
2020-01-18T23,105.0,141.0,41.75,9.125,9.325,1,1,1,1,1
2020-01-19T00,91.0,106.0,29.625,25.575,9.65,1,1,1,1,1
2020-01-19T01,79.0,96.0,35.925,24.975,10.85,1,1,1,1,1
2020-01-19T02,147.0,183.0,35.875,38.3,11.25,1,1,1,1,1
2020-01-19T03,144.0,178.0,26.875,50.0,10.35,1,1,1,1,1
2020-01-19T04,152.0,175.0,30.9,58.05,9.933,1,1,1,1,1
2020-01-19T05,142.25,171.0,34.625,69.925,14.075,1,1,1,1,1
2020-01-19T06,152.0,195.0,36.667,84.033,17.267,1,1,1,1,1
2020-01-19T07,133.0,191.0,34.7,88.75,16.825,1,1,1,1,1
2020-01-19T08,136.0,160.0,32.05,89.025,15.675,1,1,1,1,1
2020-01-19T09,106.25,173.0,32.775,84.675,16.05,1,1,1,1,1
2020-01-19T10,107.0,162.0,38.925,65.125,15.767,1,1,1,1,1
2020-01-19T11,111.5,167.0,57.5,35.15,15.1,1,1,1,1,1
2020-01-19T12,118.0,177.0,73.775,11.825,15.425,1,1,1,1,1
2020-01-19T13,128.0,202.0,78.525,2.775,16.4,1,1,1,1,1
2020-01-19T14,157.75,234.0,74.175,2.1,17.8,1,1,1,1,1
2020-01-19T15,166.667,259.0,66.0,1.875,17.925,1,1,1,1,1
2020-01-19T16,154.5,243.0,50.15,5.55,17.667,1,1,1,1,1
2020-01-19T17,150.0,208.0,48.2,8.15,13.45,1,1,1,1,1
2020-01-19T18,140.0,201.0,45.716,9.75,12.216,2,2,2,2,2
2020-01-19T19,117.0,185.0,33.65,17.2,11.475,1,1,1,1,1
2020-01-19T20,99.0,166.0,30.525,20.35,11.425,1,1,1,1,1
2020-01-19T21,90.0,157.0,29.25,22.675,11.375,1,1,1,1,1
2020-01-19T22,92.0,155.0,29.65,21.525,11.067,1,1,1,1,1
2020-01-19T23,78.0,147.0,28.7,26.125,13.175,1,1,1,1,1
2020-01-20T00,79.0,140.0,43.85,18.9,13.1,1,1,1,1,1
2020-01-20T01,94.0,153.0,49.8,15.433,13.367,1,1,1,1,1
2020-01-20T02,103.0,149.0,53.267,14.4,13.9,1,1,1,1,1
2020-01-20T03,112.0,161.0,48.025,19.85,13.75,1,1,1,1,1
2020-01-20T04,132.0,183.0,46.1,27.375,14.267,1,1,1,1,1
2020-01-20T05,159.0,216.0,55.25,38.45,15.45,1,1,1,1,1
2020-01-20T06,174.0,237.0,58.567,57.767,16.567,1,1,1,1,1
2020-01-20T07,175.75,235.0,74.975,55.05,17.55,1,1,1,1,1
2020-01-20T08,166.5,263.0,80.733,44.7,18.6,1,1,1,1,1
2020-01-20T09,148.5,246.0,85.125,34.025,18.425,1,1,1,1,1
2020-01-20T10,129.0,202.0,99.667,17.967,17.533,1,1,1,1,1
2020-01-20T11,127.0,208.0,90.325,9.875,13.875,1,1,1,1,1
2020-01-20T12,133.0,218.0,104.7,1.767,13.733,1,1,1,1,1
2020-01-20T13,176.0,284.0,102.2,2.025,18.175,1,1,1,1,1
2020-01-20T14,210.0,346.0,91.25,1.9,20.65,1,1,1,1,1
2020-01-20T15,226.333,387.0,86.367,2.233,24.4,1,1,1,1,1
2020-01-20T16,238.25,403.0,78.225,2.3,25.267,1,1,1,1,1
2020-01-20T17,248.0,388.0,69.9,1.3,20.9,1,1,1,1,1
2020-01-20T18,241.0,396.0,76.8,2.35,18.6,2,2,2,2,2
2020-01-20T19,268.0,444.0,59.6,3.3,18.35,1,1,1,1,1
2020-01-20T20,255.0,423.0,53.7,1.5,15.8,1,1,1,1,1
2020-01-20T21,222.0,366.0,60.867,1.433,13.6,1,1,1,1,1
2020-01-20T22,196.0,298.0,56.625,1.675,12.333,1,1,1,1,1
2020-01-20T23,195.0,300.0,63.475,1.1,12.9,1,1,1,1,1
2020-01-21T00,189.0,298.0,64.975,1.75,13.75,1,1,1,1,1
2020-01-21T01,179.0,291.0,67.867,1.833,13.233,1,1,1,1,1
2020-01-21T02,178.0,313.0,80.975,1.8,12.95,1,1,1,1,1
2020-01-21T03,163.0,322.0,95.967,3.467,11.7,1,1,1,1,1
2020-01-21T04,274.0,357.0,94.3,20.9,14.7,1,1,1,1,1
2020-01-21T05,274.0,394.0,82.6,34.25,16.5,1,1,1,1,1
2020-01-21T06,227.0,313.0,68.7,48.333,16.4,1,1,1,1,1
2020-01-21T07,174.667,251.0,72.733,51.033,17.0,1,1,1,1,1
2020-01-21T08,169.5,257.0,65.825,58.175,15.875,1,1,1,1,1
2020-01-21T09,126.0,207.0,59.2,72.7,14.075,1,1,1,1,1
2020-01-21T10,108.0,155.0,93.6,53.1,13.2,1,1,1,1,1
2020-01-21T11,130.0,199.0,137.225,10.225,14.725,1,1,1,1,1
2020-01-21T12,165.25,245.0,134.975,1.825,17.425,1,1,1,1,1
2020-01-21T13,219.667,349.0,129.833,2.4,20.467,1,1,1,1,1
2020-01-21T14,235.0,421.0,113.875,2.8,22.3,1,1,1,1,1
2020-01-21T15,213.0,364.0,91.4,2.533,22.3,1,1,1,1,1
2020-01-21T16,230.333,339.0,79.133,2.1,26.3,1,1,1,1,1
2020-01-21T17,295.75,505.0,68.825,3.325,25.175,1,1,1,1,1
2020-01-21T18,316.0,498.0,64.084,4.117,25.166,2,2,2,2,2
2020-01-21T19,290.0,465.0,58.65,8.55,30.825,1,1,1,1,1
2020-01-21T20,307.0,494.0,41.2,3.95,32.25,1,1,1,1,1
2020-01-21T21,302.0,458.0,39.95,3.7,29.925,1,1,1,1,1
2020-01-21T22,271.0,400.0,44.925,3.7,25.533,1,1,1,1,1
2020-01-21T23,320.0,467.0,45.75,3.55,18.15,1,1,1,1,1
2020-01-22T00,255.0,420.0,54.8,3.35,9.3,1,1,1,1,1
2020-01-22T01,150.0,227.0,64.95,9.15,6.25,1,1,1,1,1
2020-01-22T02,140.0,208.0,66.075,2.725,2.85,1,1,1,1,1
2020-01-22T03,159.75,255.0,78.1,4.175,0.7,1,1,1,1,1
2020-01-22T04,174.0,288.0,100.2,11.85,,1,1,1,1,0
2020-01-22T05,220.75,310.0,102.65,34.1,5.125,1,1,1,1,1
2020-01-22T06,259.0,354.0,63.175,76.675,9.45,1,1,1,1,1
2020-01-22T07,203.333,272.0,58.867,86.533,11.033,1,1,1,1,1
2020-01-22T09,178.25,252.0,54.15,62.975,8.125,1,1,1,1,1
2020-01-22T10,154.75,229.0,54.625,62.425,8.467,1,1,1,1,1
2020-01-22T11,144.75,216.0,79.05,34.725,12.625,1,1,1,1,1
2020-01-22T12,148.75,223.0,116.1,2.0,14.7,1,1,1,1,1
2020-01-22T13,167.25,262.0,114.15,1.125,17.375,1,1,1,1,1
2020-01-22T14,179.75,300.0,104.45,1.3,18.35,1,1,1,1,1
2020-01-22T15,179.0,268.0,97.125,0.9,18.4,1,1,1,1,1
2020-01-22T16,158.75,251.0,93.025,0.925,18.7,1,1,1,1,1
2020-01-22T17,138.75,224.0,84.25,0.725,14.225,1,1,1,1,1
2020-01-22T18,108.0,180.0,75.383,2.9,10.916,2,2,2,2,2
2020-01-22T19,83.0,140.0,49.25,23.525,9.65,1,1,1,1,1
2020-01-22T20,81.667,121.0,35.133,35.833,9.2,1,1,1,1,1
2020-01-22T21,85.0,121.0,33.575,32.7,9.275,1,1,1,1,1
2020-01-22T22,90.0,128.0,32.7,35.85,8.867,1,1,1,1,1
2020-01-22T23,89.0,117.0,37.4,30.475,14.25,1,1,1,1,1
2020-01-23T00,83.0,114.667,43.95,23.467,15.133,1,1,1,1,1
2020-01-23T01,79.25,118.25,54.55,13.425,15.35,1,1,1,1,1
2020-01-23T02,84.0,129.75,55.675,19.925,17.35,1,1,1,1,1
2020-01-23T03,76.0,139.0,43.025,40.8,17.325,1,1,1,1,1
2020-01-23T04,65.333,122.0,34.7,59.2,16.9,1,1,1,1,1
2020-01-23T05,52.25,119.25,28.175,76.133,13.5,1,1,1,1,1
2020-01-23T06,38.0,124.0,22.75,83.375,11.725,1,1,1,1,1
2020-01-23T07,28.75,123.5,21.6,89.175,11.575,1,1,1,1,1
2020-01-23T08,27.0,106.0,25.267,93.567,10.633,1,1,1,1,1
2020-01-23T09,25.667,87.667,23.033,96.367,9.967,1,1,1,1,1
2020-01-23T10,27.0,79.0,24.867,97.267,10.567,1,1,1,1,1
2020-01-23T11,31.0,87.5,47.2,76.5,13.7,1,1,1,1,1
2020-01-23T13,66.0,138.0,93.0,22.3,17.9,1,1,1,1,1
2020-01-23T14,71.75,149.25,112.25,7.85,21.475,1,1,1,1,1
2020-01-23T15,89.0,176.5,99.225,11.825,22.025,1,1,1,1,1
2020-01-23T16,87.667,153.0,85.633,17.133,21.95,1,1,1,1,1
2020-01-23T17,83.0,140.0,71.325,26.025,18.3,1,1,1,1,1
2020-01-23T18,75.834,123.0,64.834,28.566,16.867,2,2,2,2,2
2020-01-23T19,70.0,112.75,48.225,40.0,16.3,1,1,1,1,1
2020-01-23T20,69.5,110.25,50.05,35.875,17.075,1,1,1,1,1
2020-01-23T21,66.75,101.75,37.25,42.425,15.7,1,1,1,1,1
2020-01-23T22,62.75,92.75,35.95,38.85,15.5,1,1,1,1,1
2020-01-23T23,63.75,97.5,40.625,31.275,17.1,1,1,1,1,1
2020-01-24T00,69.0,106.25,61.6,13.575,18.55,1,1,1,1,1
2020-01-24T01,67.75,113.5,70.85,10.75,20.025,1,1,1,1,1
2020-01-24T02,66.25,129.75,59.725,23.15,20.0,1,1,1,1,1
2020-01-24T03,73.25,149.75,51.825,42.1,20.675,1,1,1,1,1
2020-01-24T04,75.0,158.5,45.775,65.625,22.25,1,1,1,1,1
2020-01-24T05,72.5,154.75,38.85,84.075,19.65,1,1,1,1,1
2020-01-24T06,56.0,139.0,35.4,95.8,18.067,1,1,1,1,1
2020-01-24T07,55.0,136.0,36.567,106.5,16.9,1,1,1,1,1
2020-01-24T08,57.25,129.5,37.0,112.525,18.3,1,1,1,1,1
2020-01-24T09,40.0,119.0,28.3,120.5,15.9,1,1,1,1,1
2020-01-24T10,40.5,119.75,37.35,111.85,15.167,1,1,1,1,1
2020-01-24T11,41.25,122.25,57.8,82.025,16.05,1,1,1,1,1
2020-01-24T12,44.75,128.75,113.15,19.125,15.675,1,1,1,1,1
2020-01-24T13,65.25,151.25,127.6,1.1,18.55,1,1,1,1,1
2020-01-24T14,88.0,190.25,125.475,1.2,22.425,1,1,1,1,1
2020-01-24T15,138.0,271.667,126.1,1.8,25.767,1,1,1,1,1
2020-01-24T16,167.25,304.5,112.9,1.25,31.1,1,1,1,1,1
2020-01-24T17,192.25,336.75,107.3,1.325,20.3,1,1,1,1,1
2020-01-24T18,198.834,337.833,95.117,1.583,17.784,2,2,2,2,2
2020-01-24T19,174.0,272.25,94.475,2.05,14.35,1,1,1,1,1
2020-01-24T20,152.0,232.333,90.367,1.0,12.733,1,1,1,1,1
2020-01-24T21,160.25,239.0,76.025,1.2,12.625,1,1,1,1,1
2020-01-24T22,145.5,219.25,83.45,0.825,10.6,1,1,1,1,1
2020-01-24T23,117.0,174.5,80.625,1.0,10.725,1,1,1,1,1
2020-01-25T00,116.0,168.75,73.9,0.767,13.025,1,1,1,1,1
2020-01-25T01,120.5,196.75,73.575,1.35,16.175,1,1,1,1,1
2020-01-25T02,145.0,242.5,117.825,1.6,20.15,1,1,1,1,1
2020-01-25T03,142.25,240.5,103.325,14.4,21.525,1,1,1,1,1
2020-01-25T04,116.0,194.0,69.0,39.933,18.167,1,1,1,1,1
2020-01-25T05,97.0,153.0,62.067,69.5,21.2,1,1,1,1,1
2020-01-25T06,83.0,153.667,45.733,116.2,21.8,1,1,1,1,1
2020-01-25T07,73.5,140.0,37.525,135.825,16.8,1,1,1,1,1
2020-01-25T08,55.5,118.75,32.475,140.225,15.575,1,1,1,1,1
2020-01-25T09,52.0,115.0,31.225,134.1,14.75,1,1,1,1,1
2020-01-25T10,55.5,109.25,39.675,119.5,15.067,1,1,1,1,1
2020-01-25T11,59.25,128.75,78.65,73.625,16.475,1,1,1,1,1
2020-01-25T12,70.5,171.25,151.575,2.775,19.05,1,1,1,1,1
2020-01-25T13,92.25,225.5,148.9,1.033,21.1,1,1,1,1,1
2020-01-25T14,133.25,294.5,146.85,1.225,25.525,1,1,1,1,1
2020-01-25T15,194.0,381.0,137.55,1.55,32.175,1,1,1,1,1
2020-01-25T16,232.0,410.0,133.675,0.925,35.133,1,1,1,1,1
2020-01-25T17,251.75,428.25,120.55,1.6,24.425,1,1,1,1,1
2020-01-25T18,288.0,481.0,101.45,1.433,22.134,2,2,2,2,2
2020-01-25T19,261.5,415.75,85.725,1.7,19.575,1,1,1,1,1
2020-01-25T20,258.5,386.75,78.95,1.325,19.025,1,1,1,1,1
2020-01-25T21,265.0,388.75,68.775,1.9,20.9,1,1,1,1,1
2020-01-25T22,272.75,383.75,64.95,2.025,24.7,1,1,1,1,1
2020-01-25T23,280.333,399.0,61.0,3.133,16.5,1,1,1,1,1
2020-01-26T00,276.0,392.25,86.775,1.825,14.25,1,1,1,1,1
2020-01-26T01,248.0,359.0,103.5,0.775,8.875,1,1,1,1,1
2020-01-26T02,246.25,336.5,110.025,1.6,4.95,1,1,1,1,1
2020-01-26T03,250.0,332.0,102.0,12.25,6.0,1,1,1,1,1
2020-01-26T04,216.0,272.0,76.0,34.1,3.4,1,1,1,1,1
2020-01-26T05,146.0,184.0,31.5,85.7,13.9,1,1,1,1,1
2020-01-26T06,105.0,146.0,28.375,102.55,13.775,1,1,1,1,1
2020-01-26T07,77.75,114.25,31.475,111.85,14.55,1,1,1,1,1
2020-01-26T08,76.25,118.0,25.775,123.825,15.225,1,1,1,1,1
2020-01-26T09,74.0,118.0,26.633,120.567,15.167,1,1,1,1,1
2020-01-26T10,60.0,116.5,32.4,111.9,15.433,1,1,1,1,1
2020-01-26T11,69.25,115.0,59.55,77.575,17.25,1,1,1,1,1
2020-01-26T12,85.5,127.75,103.125,20.15,16.975,1,1,1,1,1
2020-01-26T13,107.333,195.0,129.133,1.033,20.267,1,1,1,1,1
2020-01-26T14,181.25,322.0,125.275,1.325,26.625,1,1,1,1,1
2020-01-26T15,227.0,367.0,125.7,1.45,31.9,1,1,1,1,1
2020-01-26T16,298.0,481.0,103.1,1.2,37.9,1,1,1,1,1
2020-01-26T17,280.0,437.0,104.7,1.833,21.067,1,1,1,1,1
2020-01-26T18,283.0,427.0,84.483,1.516,21.684,2,2,2,2,2
2020-01-26T19,295.5,420.5,73.3,3.0,23.225,1,1,1,1,1
2020-01-26T20,278.75,386.25,60.4,2.125,21.767,1,1,1,1,1
2020-01-26T21,246.75,333.25,66.425,1.325,19.3,1,1,1,1,1
2020-01-26T22,229.5,301.25,65.125,1.475,17.3,1,1,1,1,1
2020-01-26T23,214.5,284.0,75.225,1.8,11.825,1,1,1,1,1
2020-01-27T00,217.333,299.0,89.933,3.1,9.533,1,1,1,1,1
2020-01-27T01,236.5,339.5,92.375,3.45,10.55,1,1,1,1,1
2020-01-27T02,262.0,394.25,115.825,3.525,16.8,1,1,1,1,1
2020-01-27T03,295.25,468.5,167.725,3.475,19.775,1,1,1,1,1
2020-01-27T04,287.0,482.0,186.65,3.25,21.2,1,1,1,1,1
2020-01-27T05,282.25,477.25,243.125,3.55,21.525,1,1,1,1,1
2020-01-27T06,254.0,440.667,134.9,24.267,28.733,1,1,1,1,1
2020-01-27T07,204.5,350.25,180.175,39.775,27.15,1,1,1,1,1
2020-01-27T08,249.333,421.333,99.667,76.167,15.267,1,1,1,1,1
2020-01-27T09,120.0,229.0,74.867,79.433,4.45,1,1,1,1,1
2020-01-27T10,72.0,163.0,112.35,41.1,5.85,1,1,1,1,1
2020-01-27T11,85.0,209.0,118.8,22.933,32.133,1,1,1,1,1
2020-01-27T12,139.333,252.333,101.2,22.767,21.433,1,1,1,1,1
2020-01-27T13,188.5,263.0,92.8,19.4,22.6,1,1,1,1,1
2020-01-27T14,215.75,282.75,109.675,4.075,24.275,1,1,1,1,1
2020-01-27T15,239.75,318.25,99.8,4.05,25.125,1,1,1,1,1
2020-01-27T16,132.0,196.333,89.933,3.833,20.85,1,1,1,1,1
2020-01-27T17,125.667,190.333,92.467,2.467,22.033,1,1,1,1,1
2020-01-27T18,155.666,232.666,82.216,3.766,20.017,2,2,2,2,2
2020-01-27T19,133.25,190.75,75.1,3.0,14.15,1,1,1,1,1
2020-01-27T20,87.0,122.0,58.2,6.167,12.533,1,1,1,1,1
2020-01-27T21,94.25,113.5,56.925,6.6,12.425,1,1,1,1,1
2020-01-27T22,106.75,138.25,58.55,5.875,12.0,1,1,1,1,1
2020-01-27T23,98.5,142.0,60.175,5.2,15.325,1,1,1,1,1
2020-01-28T00,98.5,126.0,61.1,11.7,16.875,1,1,1,1,1
2020-01-28T01,80.0,100.0,76.9,3.5,18.25,1,1,1,1,1
2020-01-28T02,74.333,97.667,78.467,6.1,18.433,1,1,1,1,1
2020-01-28T03,73.25,102.0,63.8,15.55,16.425,1,1,1,1,1
2020-01-28T04,79.5,106.75,79.875,12.55,16.267,1,1,1,1,1
2020-01-28T05,103.5,142.5,67.4,33.5,14.5,1,1,1,1,1
2020-01-28T06,111.0,155.0,59.5,51.033,14.133,1,1,1,1,1
2020-01-28T07,114.75,165.25,58.575,65.7,16.425,1,1,1,1,1
2020-01-28T08,117.0,169.0,60.367,60.667,15.833,1,1,1,1,1
2020-01-28T09,136.75,186.5,71.825,48.075,13.425,1,1,1,1,1
2020-01-28T10,130.25,181.0,85.075,39.0,13.033,1,1,1,1,1
2020-01-28T11,121.75,179.5,104.925,21.75,16.75,1,1,1,1,1
2020-01-28T12,121.0,184.0,114.5,4.85,18.45,1,1,1,1,1
2020-01-28T14,145.0,171.0,99.0,0.3,17.5,1,1,1,1,1
2020-01-28T15,143.25,171.5,103.4,0.5,19.35,1,1,1,1,1
2020-01-28T16,134.25,168.0,92.375,1.233,19.4,1,1,1,1,1
2020-01-28T17,121.25,150.0,81.45,0.925,13.975,1,1,1,1,1
2020-01-28T18,115.166,138.834,77.25,2.634,11.4,2,2,2,2,2
2020-01-28T19,104.75,123.75,62.7,6.2,9.625,1,1,1,1,1
2020-01-28T20,82.5,107.5,54.35,3.375,7.725,1,1,1,1,1
2020-01-28T21,68.75,93.75,60.4,0.85,6.9,1,1,1,1,1
2020-01-28T22,58.5,82.25,54.2,1.533,6.8,1,1,1,1,1
2020-01-28T23,56.0,77.75,44.275,0.95,8.2,1,1,1,1,1
2020-01-29T00,52.25,78.5,50.375,1.375,9.025,1,1,1,1,1
2020-01-29T01,51.75,75.5,47.45,1.15,9.85,1,1,1,1,1
2020-01-29T02,62.25,90.75,64.0,2.65,12.0,1,1,1,1,1
2020-01-29T03,73.0,113.25,57.475,17.35,11.975,1,1,1,1,1
2020-01-29T04,64.333,92.667,61.667,36.033,12.45,1,1,1,1,1
2020-01-29T05,74.0,105.667,41.267,66.133,19.7,1,1,1,1,1
2020-01-29T06,67.0,96.5,36.15,82.575,17.075,1,1,1,1,1
2020-01-29T07,63.333,96.333,31.467,92.433,13.667,1,1,1,1,1
2020-01-29T08,62.0,99.0,26.05,95.5,11.55,1,1,1,1,1
2020-01-29T09,37.0,66.0,29.75,94.425,10.275,1,1,1,1,1
2020-01-29T16,170.0,345.333,117.533,6.2,35.2,1,1,1,1,1
2020-01-29T17,193.75,383.75,95.725,4.925,23.85,1,1,1,1,1
2020-01-29T18,156.166,310.667,86.216,4.133,15.55,2,2,2,2,2
2020-01-29T19,122.0,249.0,88.0,,14.6,1,1,1,0,1
2020-01-29T22,83.0,139.0,56.4,3.2,,1,1,1,1,0
2020-01-29T23,83.0,137.333,53.333,2.267,,1,1,1,1,0
2020-01-30T00,80.75,132.5,52.875,2.125,7.525,1,1,1,1,1
2020-01-30T01,77.0,139.25,59.25,2.8,7.375,1,1,1,1,1
2020-01-30T02,93.75,183.0,75.7,4.65,10.15,1,1,1,1,1
2020-01-30T03,126.0,214.25,83.8,16.05,13.125,1,1,1,1,1
2020-01-30T04,143.0,206.333,58.533,48.6,12.35,1,1,1,1,1
2020-01-30T05,109.0,167.333,42.867,73.167,13.867,1,1,1,1,1
2020-01-30T06,81.0,136.0,46.45,84.6,13.6,1,1,1,1,1
2020-01-30T07,89.25,159.25,38.05,97.975,14.875,1,1,1,1,1
2020-01-30T08,88.333,150.0,27.967,92.233,12.9,1,1,1,1,1
2020-01-30T09,58.0,104.25,25.45,85.875,10.925,1,1,1,1,1
2020-01-30T10,30.25,76.5,27.375,79.5,10.067,1,1,1,1,1
2020-01-30T11,28.0,63.0,41.067,67.167,12.767,1,1,1,1,1
2020-01-30T12,34.667,88.0,96.667,14.9,14.7,1,1,1,1,1
2020-01-30T13,53.25,132.75,109.225,2.475,18.575,1,1,1,1,1
2020-01-30T14,87.0,192.0,108.425,2.6,20.15,1,1,1,1,1
2020-01-30T15,111.333,229.0,102.867,4.133,22.367,1,1,1,1,1
2020-01-30T16,125.25,248.25,91.725,4.075,24.5,1,1,1,1,1
2020-01-30T17,124.5,237.5,81.725,3.3,17.45,1,1,1,1,1
2020-01-30T18,108.666,207.334,80.133,3.15,13.084,2,2,2,2,2
2020-01-30T19,91.5,175.25,73.2,4.25,12.675,1,1,1,1,1
2020-01-30T20,77.0,150.75,64.475,2.0,10.625,1,1,1,1,1
2020-01-30T21,83.25,155.25,68.15,2.1,10.25,1,1,1,1,1
2020-01-30T22,89.5,157.5,64.95,2.775,10.4,1,1,1,1,1
2020-01-30T23,100.25,162.25,65.55,2.7,11.325,1,1,1,1,1
2020-01-31T00,84.25,141.0,55.0,2.225,12.425,1,1,1,1,1
2020-01-31T01,94.25,168.0,67.25,3.025,13.975,1,1,1,1,1
2020-01-31T02,112.5,200.25,82.625,4.25,16.5,1,1,1,1,1
2020-01-31T03,109.75,177.5,56.175,21.575,15.7,1,1,1,1,1
2020-01-31T04,102.25,140.75,45.575,39.475,15.4,1,1,1,1,1
2020-01-31T05,87.0,133.0,44.125,59.95,19.525,1,1,1,1,1
2020-01-31T06,65.75,115.75,30.55,79.3,19.5,1,1,1,1,1
2020-01-31T07,38.0,73.0,34.0,85.633,21.867,1,1,1,1,1
2020-01-31T08,38.0,86.0,30.7,102.6,20.4,1,1,1,1,1
2020-01-31T09,47.0,101.0,31.833,107.133,19.533,1,1,1,1,1
2020-01-31T10,49.0,104.667,39.233,90.6,19.6,1,1,1,1,1
2020-01-31T11,46.667,107.333,72.933,51.467,17.833,1,1,1,1,1
2020-01-31T12,53.0,118.5,120.875,5.275,18.0,1,1,1,1,1
2020-01-31T13,68.75,168.25,118.75,2.675,21.725,1,1,1,1,1
2020-01-31T14,92.25,205.75,109.975,2.875,23.775,1,1,1,1,1
2020-01-31T15,101.333,205.0,102.833,2.333,25.267,1,1,1,1,1
2020-01-31T16,103.667,206.667,94.0,2.533,24.6,1,1,1,1,1
2020-01-31T17,119.75,235.75,96.925,3.575,22.05,1,1,1,1,1
2020-01-31T18,145.5,275.333,84.334,3.234,20.334,2,2,2,2,2
2020-01-31T19,144.0,265.5,73.325,4.7,20.325,1,1,1,1,1
2020-01-31T20,142.75,249.5,58.975,3.65,18.825,1,1,1,1,1
2020-01-31T21,128.5,211.25,50.075,3.5,18.5,1,1,1,1,1
2020-01-31T22,122.25,205.25,47.3,3.275,18.667,1,1,1,1,1
2020-01-31T23,121.0,219.0,36.9,3.35,16.125,1,1,1,1,1
2020-02-01T00,133.25,215.75,29.925,3.375,16.9,1,1,1,1,1
2020-02-01T01,131.75,225.25,37.5,3.625,18.275,1,1,1,1,1
2020-02-01T02,141.25,259.5,81.1,4.6,22.933,1,1,1,1,1
2020-02-01T03,167.5,302.5,133.925,7.375,19.2,1,1,1,1,1
2020-02-01T04,94.25,150.25,82.35,39.95,14.967,1,1,1,1,1
2020-02-01T05,73.75,126.75,48.4,83.025,13.7,1,1,1,1,1
2020-02-01T06,63.5,118.0,43.475,97.65,12.3,1,1,1,1,1
2020-02-01T07,63.5,123.75,37.125,111.925,11.4,1,1,1,1,1
2020-02-01T08,68.0,127.25,28.25,117.15,10.225,1,1,1,1,1
2020-02-01T09,66.5,113.25,29.05,115.8,10.325,1,1,1,1,1
2020-02-01T10,64.0,116.75,34.65,104.2,9.667,1,1,1,1,1
2020-02-01T11,70.75,126.75,61.325,62.2,11.2,1,1,1,1,1
2020-02-01T12,77.0,138.25,114.6,10.875,12.65,1,1,1,1,1
2020-02-01T13,88.75,158.75,113.35,1.95,13.7,1,1,1,1,1
2020-02-01T14,87.0,164.0,103.05,2.3,13.675,1,1,1,1,1
2020-02-01T15,89.5,168.0,99.2,2.3,14.35,1,1,1,1,1
2020-02-01T16,110.25,186.75,97.175,2.35,15.4,1,1,1,1,1
2020-02-01T17,133.0,224.25,79.45,3.15,18.0,1,1,1,1,1
2020-02-01T18,162.834,276.667,76.633,3.833,20.133,2,2,2,2,2
2020-02-01T19,158.0,274.0,71.133,2.9,21.833,1,1,1,1,1
2020-02-01T20,151.75,261.75,69.175,2.825,22.075,1,1,1,1,1
2020-02-01T21,157.25,259.75,66.425,2.625,22.325,1,1,1,1,1
2020-02-01T22,157.5,253.25,64.6,2.55,20.833,1,1,1,1,1
2020-02-01T23,152.75,240.25,64.3,2.6,13.625,1,1,1,1,1
2020-02-02T00,141.75,223.25,66.2,2.275,11.075,1,1,1,1,1
2020-02-02T01,138.5,218.5,66.575,2.25,11.725,1,1,1,1,1
2020-02-02T02,139.0,223.5,77.875,4.8,11.4,1,1,1,1,1
2020-02-02T03,138.25,203.0,83.9,17.1,11.775,1,1,1,1,1
2020-02-02T04,145.0,193.25,66.925,42.975,12.4,1,1,1,1,1
2020-02-02T05,141.0,198.25,49.55,73.95,16.225,1,1,1,1,1
2020-02-02T06,119.333,180.333,33.733,97.533,16.533,1,1,1,1,1
2020-02-02T07,100.0,155.0,26.05,111.3,17.3,1,1,1,1,1
2020-02-02T09,74.0,135.333,27.767,106.767,12.2,1,1,1,1,1
2020-02-02T10,73.25,126.5,31.45,98.85,11.2,1,1,1,1,1
2020-02-02T11,59.0,122.0,36.3,92.1,12.7,1,1,1,1,1
2020-02-02T16,201.0,362.0,102.8,3.2,,1,1,1,1,0
2020-02-02T17,202.5,362.5,102.05,3.1,18.675,1,1,1,1,1
2020-02-02T18,205.834,356.833,92.45,1.716,14.716,2,2,2,2,2
2020-02-02T19,191.0,307.25,84.9,2.15,13.5,1,1,1,1,1
2020-02-02T20,164.0,263.0,72.95,2.275,13.05,1,1,1,1,1
2020-02-02T21,162.5,251.75,66.25,1.55,11.625,1,1,1,1,1
2020-02-02T22,159.0,243.5,59.325,1.75,11.033,1,1,1,1,1
2020-02-02T23,164.75,244.25,76.4,1.725,12.375,1,1,1,1,1
2020-02-03T00,177.5,266.75,98.15,1.575,15.225,1,1,1,1,1
2020-02-03T01,186.75,289.0,102.3,1.9,17.525,1,1,1,1,1
2020-02-03T02,171.25,285.5,111.5,3.2,19.825,1,1,1,1,1
2020-02-03T03,163.0,257.0,103.567,14.467,21.033,1,1,1,1,1
2020-02-03T04,127.667,198.0,62.233,61.7,17.3,1,1,1,1,1
2020-02-03T05,89.0,156.0,33.55,109.9,15.6,1,1,1,1,1
2020-02-03T06,55.667,111.0,31.2,118.8,12.967,1,1,1,1,1
2020-02-03T07,45.0,99.0,36.733,119.4,11.8,1,1,1,1,1
2020-02-03T08,46.75,103.25,36.875,132.575,11.5,1,1,1,1,1
2020-02-03T09,51.75,115.0,41.825,130.825,10.8,1,1,1,1,1
2020-02-03T10,51.25,112.25,38.425,128.35,11.167,1,1,1,1,1
2020-02-03T11,55.75,124.25,101.425,69.575,14.75,1,1,1,1,1
2020-02-03T12,67.0,158.0,171.8,2.233,16.733,1,1,1,1,1
2020-02-03T13,94.75,225.25,161.225,1.45,18.7,1,1,1,1,1
2020-02-03T14,110.75,235.25,147.6,1.725,21.125,1,1,1,1,1
2020-02-03T15,161.0,363.0,168.967,2.233,33.2,1,1,1,1,1
2020-02-03T16,254.75,550.0,148.875,2.325,41.933,1,1,1,1,1
2020-02-03T17,315.333,566.667,148.033,2.567,29.067,1,1,1,1,1
2020-02-03T18,301.0,558.333,116.034,2.317,24.184,2,2,2,2,2
2020-02-03T19,268.0,483.25,94.9,4.1,22.075,1,1,1,1,1
2020-02-03T20,248.75,437.5,100.1,3.1,24.325,1,1,1,1,1
2020-02-03T21,269.75,451.5,79.975,4.15,25.475,1,1,1,1,1
2020-02-03T22,281.25,428.75,54.225,3.95,23.9,1,1,1,1,1
2020-02-03T23,249.25,349.75,50.625,3.4,16.175,1,1,1,1,1
2020-02-04T00,229.25,328.25,56.675,3.125,13.2,1,1,1,1,1
2020-02-04T01,233.5,344.25,69.975,3.75,15.825,1,1,1,1,1
2020-02-04T02,270.0,422.25,134.075,3.275,18.125,1,1,1,1,1
2020-02-04T03,267.0,438.0,214.667,3.467,15.9,1,1,1,1,1
2020-02-04T04,228.0,368.667,117.633,26.067,12.0,1,1,1,1,1
2020-02-04T05,184.0,300.0,69.9,62.967,16.533,1,1,1,1,1
2020-02-04T06,91.667,167.0,55.0,106.1,10.767,1,1,1,1,1
2020-02-04T07,85.0,147.0,47.267,116.567,8.8,1,1,1,1,1
2020-02-04T08,74.5,137.0,48.825,135.775,7.6,1,1,1,1,1
2020-02-04T09,82.0,157.25,55.875,144.875,8.1,1,1,1,1,1
2020-02-04T10,91.25,174.75,84.95,129.5,7.033,1,1,1,1,1
2020-02-04T11,93.75,183.75,70.85,129.275,14.55,1,1,1,1,1
2020-02-04T12,99.0,195.0,146.4,50.933,17.667,1,1,1,1,1
2020-02-04T13,138.5,284.0,201.775,1.5,18.6,1,1,1,1,1
2020-02-04T14,167.0,317.0,205.067,2.733,24.5,1,1,1,1,1
2020-02-04T15,292.25,574.75,189.675,2.725,36.15,1,1,1,1,1
2020-02-04T16,262.25,498.0,166.025,1.475,36.333,1,1,1,1,1
2020-02-04T17,246.25,404.0,144.3,1.025,17.55,1,1,1,1,1
2020-02-04T18,228.5,364.667,124.45,1.317,9.683,2,2,2,2,2
2020-02-04T19,212.667,326.0,114.8,2.8,7.9,1,1,1,1,1
2020-02-04T20,211.0,331.0,94.525,1.025,7.725,1,1,1,1,1
2020-02-04T21,196.0,298.0,70.4,0.967,6.867,1,1,1,1,1
2020-02-05T04,214.0,318.5,71.15,54.6,19.1,1,1,1,1,1
2020-02-05T05,131.0,217.0,49.65,79.925,23.775,1,1,1,1,1
2020-02-05T06,77.667,157.667,32.133,100.567,17.333,1,1,1,1,1
2020-02-05T07,61.0,141.0,23.033,107.333,14.767,1,1,1,1,1
2020-02-05T08,58.333,115.0,24.167,105.9,12.433,1,1,1,1,1
2020-02-05T09,61.0,117.0,28.1,105.35,11.8,1,1,1,1,1
2020-02-05T10,62.25,120.5,38.925,89.3,9.533,1,1,1,1,1
2020-02-05T11,63.25,138.5,77.15,52.05,14.825,1,1,1,1,1
2020-02-05T12,68.0,161.25,131.875,3.125,18.525,1,1,1,1,1
2020-02-05T13,82.25,187.25,129.375,1.925,19.275,1,1,1,1,1
2020-02-05T14,96.667,188.667,126.167,0.933,20.0,1,1,1,1,1
2020-02-05T15,108.667,194.667,122.233,0.8,19.9,1,1,1,1,1
2020-02-05T16,105.5,186.0,112.125,1.1,19.067,1,1,1,1,1
2020-02-05T17,119.5,206.0,102.25,1.325,14.9,1,1,1,1,1
2020-02-05T18,131.0,216.166,90.517,0.55,14.25,2,2,2,2,2
2020-02-05T19,134.5,233.25,86.75,2.95,14.125,1,1,1,1,1
2020-02-05T20,128.75,222.0,76.025,0.45,13.9,1,1,1,1,1
2020-02-05T21,124.5,213.75,70.55,1.0,12.2,1,1,1,1,1
2020-02-05T22,123.5,189.0,68.125,0.767,11.9,1,1,1,1,1
2020-02-05T23,130.0,198.25,65.8,1.075,12.9,1,1,1,1,1
2020-02-06T00,146.5,229.75,71.475,1.225,14.325,1,1,1,1,1
2020-02-06T01,159.25,255.75,83.0,1.3,19.175,1,1,1,1,1
2020-02-06T04,109.5,173.0,40.825,67.1,17.433,1,1,1,1,1
2020-02-06T05,70.333,116.667,33.2,90.433,14.533,1,1,1,1,1
2020-02-06T06,61.0,100.0,28.95,105.4,11.333,1,1,1,1,1
2020-02-06T07,44.0,86.0,34.825,110.0,11.075,1,1,1,1,1
2020-02-06T08,52.0,99.0,24.4,121.6,11.3,1,1,1,1,1
2020-02-06T09,45.0,91.0,31.925,116.85,11.525,1,1,1,1,1
2020-02-06T10,51.0,85.0,37.675,108.125,11.533,1,1,1,1,1
2020-02-06T11,46.0,101.0,69.95,75.8,14.75,1,1,1,1,1
2020-02-06T12,45.0,128.0,145.275,3.65,16.325,1,1,1,1,1
2020-02-06T13,56.0,182.0,141.667,0.667,18.133,1,1,1,1,1
2020-02-06T14,111.0,204.0,139.75,0.9,20.3,1,1,1,1,1
2020-02-06T15,124.0,233.0,129.825,1.35,21.6,1,1,1,1,1
2020-02-06T16,141.0,250.0,124.9,1.225,26.8,1,1,1,1,1
2020-02-06T17,202.0,383.0,113.25,1.35,22.225,1,1,1,1,1
2020-02-06T18,215.0,371.0,104.767,0.734,20.617,2,2,2,2,2
2020-02-06T19,224.0,356.0,89.975,2.8,21.05,1,1,1,1,1
2020-02-06T20,201.0,321.0,80.0,0.825,22.65,1,1,1,1,1
2020-02-06T21,217.0,340.0,51.425,1.075,21.967,1,1,1,1,1
2020-02-06T22,196.0,282.0,53.625,1.7,21.033,1,1,1,1,1
2020-02-06T23,161.0,235.0,52.825,4.85,13.55,1,1,1,1,1
2020-02-07T00,167.0,254.0,41.925,6.75,10.875,1,1,1,1,1
2020-02-07T01,189.0,273.0,53.35,6.925,15.45,1,1,1,1,1
2020-02-07T02,217.0,348.0,102.25,20.4,16.8,1,1,1,1,1
2020-02-07T03,195.0,359.0,148.167,92.433,55.133,1,1,1,1,1
2020-02-07T04,183.0,266.0,124.033,58.6,57.1,1,1,1,1,1
2020-02-07T05,144.0,213.0,123.4,18.95,29.075,1,1,1,1,1
2020-02-07T06,143.0,219.0,83.9,25.075,19.825,1,1,1,1,1
2020-02-07T07,127.0,227.0,59.5,53.65,19.675,1,1,1,1,1
2020-02-07T08,96.5,229.0,26.15,75.45,11.25,1,1,1,1,1
2020-02-07T09,70.333,135.0,29.433,81.1,11.833,1,1,1,1,1
2020-02-07T10,73.0,132.0,37.375,79.825,12.667,1,1,1,1,1
2020-02-07T11,81.0,149.0,57.5,60.15,19.15,1,1,1,1,1
2020-02-07T12,59.0,128.0,118.325,17.75,18.5,1,1,1,1,1
2020-02-07T13,64.75,134.0,138.125,2.1,20.0,1,1,1,1,1
2020-02-07T14,94.0,180.0,134.775,2.4,22.65,1,1,1,1,1
2020-02-07T15,124.667,260.0,131.05,2.075,25.475,1,1,1,1,1
2020-02-07T16,134.75,259.0,126.975,1.8,26.367,1,1,1,1,1
2020-02-07T17,144.333,260.0,115.633,2.033,17.967,1,1,1,1,1
2020-02-07T18,147.0,262.0,107.716,2.366,14.383,2,2,2,2,2
2020-02-07T19,155.0,269.0,91.533,1.9,15.2,1,1,1,1,1
2020-02-07T20,158.0,267.0,82.35,1.625,15.275,1,1,1,1,1
2020-02-07T21,182.0,283.0,85.225,1.55,14.875,1,1,1,1,1
2020-02-07T22,158.0,243.0,87.575,1.375,14.7,1,1,1,1,1
2020-02-07T23,163.0,232.0,79.95,2.075,15.15,1,1,1,1,1
2020-02-08T00,168.0,228.0,79.525,0.65,13.525,1,1,1,1,1
2020-02-08T01,163.0,228.0,90.075,1.325,15.275,1,1,1,1,1
2020-02-08T02,194.0,285.0,100.375,2.85,22.7,1,1,1,1,1
2020-02-08T03,222.0,309.0,69.8,22.9,23.533,1,1,1,1,1
2020-02-08T04,195.0,260.0,57.9,48.925,24.067,1,1,1,1,1
2020-02-08T05,193.0,259.0,38.1,83.85,27.525,1,1,1,1,1
2020-02-08T06,140.0,201.0,36.75,105.05,25.2,1,1,1,1,1
2020-02-08T07,123.0,184.0,32.825,113.0,23.35,1,1,1,1,1
2020-02-08T08,124.0,182.0,26.7,114.3,21.075,1,1,1,1,1
2020-02-08T09,91.0,144.0,24.925,114.625,17.25,1,1,1,1,1
2020-02-08T10,72.0,124.0,25.2,110.6,14.833,1,1,1,1,1
2020-02-08T11,55.0,99.0,45.5,92.367,15.867,1,1,1,1,1
2020-02-08T12,67.0,118.0,103.0,32.0,17.6,1,1,1,1,1
2020-02-08T13,86.0,162.0,131.0,1.833,18.1,1,1,1,1,1
2020-02-08T14,124.0,219.0,131.05,0.875,20.575,1,1,1,1,1
2020-02-08T15,158.0,272.0,124.5,1.467,23.167,1,1,1,1,1
2020-02-08T16,185.333,300.0,121.675,1.125,24.2,1,1,1,1,1
2020-02-08T17,191.667,302.0,105.75,1.15,18.675,1,1,1,1,1
2020-02-08T18,183.0,288.0,101.666,1.1,16.017,2,2,2,2,2
2020-02-08T19,174.0,267.0,90.675,1.05,12.525,1,1,1,1,1
2020-02-08T20,158.0,243.0,88.475,1.0,12.675,1,1,1,1,1
2020-02-08T21,147.0,234.0,72.875,0.45,13.375,1,1,1,1,1
2020-02-08T22,155.0,255.0,66.35,0.775,13.4,1,1,1,1,1
2020-02-08T23,161.0,266.0,61.0,0.967,15.425,1,1,1,1,1
2020-02-09T00,182.0,282.0,71.525,0.625,18.975,1,1,1,1,1
2020-02-09T01,195.0,318.0,82.167,0.833,19.167,1,1,1,1,1
2020-02-09T02,189.0,302.0,84.825,10.025,20.175,1,1,1,1,1
2020-02-09T03,155.0,226.0,73.85,29.675,25.5,1,1,1,1,1
2020-02-09T04,188.0,240.0,46.6,70.133,31.45,1,1,1,1,1
2020-02-09T05,163.0,221.0,48.875,100.625,35.475,1,1,1,1,1
2020-02-09T06,141.0,221.0,41.533,130.567,21.267,1,1,1,1,1
2020-02-09T07,97.0,163.0,36.275,140.65,15.8,1,1,1,1,1
2020-02-09T08,77.0,133.0,34.7,144.133,14.033,1,1,1,1,1
2020-02-09T09,78.0,133.0,31.15,144.225,12.85,1,1,1,1,1
2020-02-09T10,70.0,122.0,32.775,136.55,11.6,1,1,1,1,1
2020-02-09T11,70.25,122.0,66.5,91.675,17.025,1,1,1,1,1
2020-02-09T12,77.0,157.0,129.5,21.4,19.8,1,1,1,1,1
2020-02-09T13,91.0,194.0,154.567,0.633,23.133,1,1,1,1,1
2020-02-09T14,122.0,274.0,147.725,0.55,24.65,1,1,1,1,1
2020-02-09T15,154.5,279.0,149.825,0.775,28.7,1,1,1,1,1
2020-02-09T16,186.0,328.0,143.15,0.625,28.767,1,1,1,1,1
2020-02-09T17,206.25,337.0,127.125,0.6,20.45,1,1,1,1,1
2020-02-09T18,210.0,350.0,121.75,0.85,19.617,2,2,2,2,2
2020-02-09T19,228.0,368.0,106.533,0.8,18.267,1,1,1,1,1
2020-02-09T20,227.0,338.0,101.05,0.55,17.0,1,1,1,1,1
2020-02-09T21,208.0,305.0,83.225,0.333,15.975,1,1,1,1,1
2020-02-09T22,200.0,306.0,72.7,0.4,14.5,1,1,1,1,1
2020-02-09T23,194.0,300.0,67.325,0.725,13.3,1,1,1,1,1
2020-02-10T00,180.0,278.0,63.65,0.65,13.175,1,1,1,1,1
2020-02-10T01,178.0,294.0,79.45,0.9,14.625,1,1,1,1,1
2020-02-10T02,226.0,378.0,120.9,0.975,18.7,1,1,1,1,1
2020-02-10T03,272.0,445.0,134.875,7.95,32.5,1,1,1,1,1
2020-02-10T04,318.0,444.0,98.225,50.25,30.433,1,1,1,1,1
2020-02-10T05,216.0,316.0,43.65,100.5,24.25,1,1,1,1,1
2020-02-10T06,106.0,167.0,31.1,126.8,15.45,1,1,1,1,1
2020-02-10T07,87.667,144.0,27.8,136.867,12.833,1,1,1,1,1
2020-02-10T08,85.0,145.0,25.3,142.3,12.2,1,1,1,1,1
2020-02-10T09,80.0,130.0,25.3,143.267,12.267,1,1,1,1,1
2020-02-10T10,79.0,139.0,35.7,136.567,11.4,1,1,1,1,1
2020-02-10T11,79.0,141.0,106.4,70.867,17.1,1,1,1,1,1
2020-02-10T12,100.5,206.0,157.625,13.425,18.65,1,1,1,1,1
2020-02-10T13,114.0,233.0,174.133,0.8,20.5,1,1,1,1,1
2020-02-10T14,143.5,282.0,164.15,0.375,23.45,1,1,1,1,1
2020-02-10T15,169.75,302.0,158.4,1.275,25.25,1,1,1,1,1
2020-02-10T16,208.0,383.0,151.875,0.7,29.9,1,1,1,1,1
2020-02-10T17,223.25,383.0,132.525,0.825,19.7,1,1,1,1,1
2020-02-10T18,224.0,385.0,125.617,1.633,19.1,2,2,2,2,2
2020-02-10T19,250.0,444.0,104.025,3.4,20.9,1,1,1,1,1
2020-02-10T20,243.0,421.0,82.975,1.325,19.15,1,1,1,1,1
2020-02-10T21,224.0,345.0,87.275,1.975,17.625,1,1,1,1,1
2020-02-10T22,206.0,317.0,86.55,1.125,16.367,1,1,1,1,1
2020-02-10T23,194.0,295.0,93.3,1.433,15.1,1,1,1,1,1
2020-02-11T00,196.0,293.0,71.825,1.5,13.65,1,1,1,1,1
2020-02-11T01,201.0,302.0,69.05,1.675,16.8,1,1,1,1,1
2020-02-11T02,228.0,343.0,140.4,1.667,22.233,1,1,1,1,1
2020-02-11T03,266.0,453.0,182.775,3.1,21.2,1,1,1,1,1
2020-02-11T04,224.0,331.0,117.433,32.567,25.35,1,1,1,1,1
2020-02-11T05,164.0,244.0,57.85,91.55,15.95,1,1,1,1,1
2020-02-11T06,105.0,172.0,39.233,117.933,11.033,1,1,1,1,1
2020-02-11T07,79.0,141.0,36.467,151.267,10.7,1,1,1,1,1
2020-02-11T08,84.0,147.0,37.967,166.833,11.4,1,1,1,1,1
2020-02-11T09,102.0,169.0,29.033,150.2,8.567,1,1,1,1,1
2020-02-11T10,75.0,135.0,35.575,140.9,5.867,1,1,1,1,1
2020-02-11T11,72.0,143.0,94.425,75.8,8.6,1,1,1,1,1
2020-02-11T12,78.0,175.0,168.0,1.15,12.725,1,1,1,1,1
2020-02-11T13,90.0,261.0,169.275,0.55,17.55,1,1,1,1,1
2020-02-11T14,127.0,266.0,162.625,1.15,21.15,1,1,1,1,1
2020-02-11T15,171.667,340.0,155.933,1.0,24.533,1,1,1,1,1
2020-02-11T16,195.0,384.0,143.367,0.45,26.567,1,1,1,1,1
2020-02-11T17,221.0,398.0,130.533,0.833,18.967,1,1,1,1,1
2020-02-11T18,227.0,403.0,127.5,0.466,16.666,2,2,2,2,2
2020-02-11T19,186.0,307.0,110.525,0.95,13.775,1,1,1,1,1
2020-02-11T20,189.0,284.0,102.0,1.3,11.3,1,1,1,1,1
2020-02-11T21,185.0,274.0,86.525,0.7,10.5,1,1,1,1,1
2020-02-11T22,173.0,266.0,89.025,0.55,11.8,1,1,1,1,1
2020-02-11T23,224.0,365.0,98.5,0.25,13.85,1,1,1,1,1
2020-02-12T00,238.0,368.0,86.8,0.4,17.875,1,1,1,1,1
2020-02-12T01,254.0,383.0,88.233,1.0,18.233,1,1,1,1,1
2020-02-12T02,234.0,362.0,121.15,0.975,25.925,1,1,1,1,1
2020-02-12T03,301.0,434.0,113.45,15.05,37.125,1,1,1,1,1
2020-02-12T04,282.0,396.0,79.933,53.167,40.033,1,1,1,1,1
2020-02-12T05,207.0,322.0,43.55,113.75,30.0,1,1,1,1,1
2020-02-12T06,160.0,293.0,39.0,128.033,22.667,1,1,1,1,1
2020-02-12T07,118.0,269.0,29.7,130.0,15.25,1,1,1,1,1
2020-02-12T08,95.0,230.0,28.767,128.633,12.333,1,1,1,1,1
2020-02-12T09,83.0,194.0,30.15,126.575,11.3,1,1,1,1,1
2020-02-12T10,80.0,204.0,33.25,126.6,16.85,1,1,1,1,1
2020-02-12T11,85.0,194.0,58.5,104.8,27.933,1,1,1,1,1
2020-02-12T12,96.0,194.0,95.05,64.325,30.575,1,1,1,1,1
2020-02-12T13,117.0,218.0,149.4,8.9,25.375,1,1,1,1,1
2020-02-12T14,134.75,271.0,126.725,15.975,28.75,1,1,1,1,1
2020-02-12T15,134.0,237.0,115.0,21.65,34.0,1,1,1,1,1
2020-02-12T16,141.0,241.0,78.6,40.2,37.233,1,1,1,1,1
2020-02-12T17,127.0,200.0,76.467,36.867,29.767,1,1,1,1,1
2020-02-12T18,110.0,179.0,78.95,25.55,22.45,2,2,2,2,2
2020-02-12T19,108.0,172.0,69.625,35.1,19.8,1,1,1,1,1
2020-02-12T20,96.0,150.0,57.45,41.65,19.275,1,1,1,1,1
2020-02-12T21,90.0,132.0,46.2,42.5,18.633,1,1,1,1,1
2020-02-12T22,89.0,130.0,39.3,39.8,17.1,1,1,1,1,1
2020-02-12T23,96.0,139.0,39.7,34.15,19.125,1,1,1,1,1
2020-02-13T00,85.0,117.0,57.825,18.35,18.475,1,1,1,1,1
2020-02-13T01,89.0,130.0,65.15,9.225,23.4,1,1,1,1,1
2020-02-13T02,175.0,235.0,58.925,16.775,32.8,1,1,1,1,1
2020-02-13T03,164.0,246.0,53.85,33.875,34.975,1,1,1,1,1
2020-02-13T04,128.0,217.0,45.525,57.7,31.567,1,1,1,1,1
2020-02-13T05,108.0,201.0,39.7,83.925,25.05,1,1,1,1,1
2020-02-13T06,83.0,182.0,35.85,95.4,18.75,1,1,1,1,1
2020-02-13T07,56.0,151.0,35.933,103.367,20.0,1,1,1,1,1
2020-02-13T08,61.0,143.0,37.067,106.533,24.1,1,1,1,1,1
2020-02-13T10,46.0,158.0,31.45,103.6,27.3,1,1,1,1,1
2020-02-13T11,48.0,161.0,52.575,80.75,22.7,1,1,1,1,1
2020-02-13T12,51.5,162.75,82.475,44.45,23.5,1,1,1,1,1
2020-02-13T13,51.5,163.75,92.675,23.675,20.45,1,1,1,1,1
2020-02-13T14,53.5,159.5,93.775,21.5,22.225,1,1,1,1,1
2020-02-13T15,74.25,179.25,60.0,58.825,23.525,1,1,1,1,1
2020-02-13T16,75.75,154.5,50.35,68.425,23.333,1,1,1,1,1
2020-02-13T17,71.25,132.75,43.8,71.075,20.325,1,1,1,1,1
2020-02-13T18,78.0,135.0,38.5,75.0,18.8,1,1,1,1,1
2020-02-14T18,59.0,157.0,65.133,35.033,20.833,1,1,1,1,1
2020-02-14T19,67.0,144.667,53.8,36.3,23.9,1,1,1,1,1
2020-02-14T20,77.5,141.25,54.975,31.725,23.05,1,1,1,1,1
2020-02-14T21,85.0,145.0,50.9,32.433,22.233,1,1,1,1,1
2020-02-14T22,77.0,139.0,49.425,26.7,19.5,1,1,1,1,1
2020-02-14T23,80.75,143.0,48.85,27.25,24.3,1,1,1,1,1
2020-02-15T00,97.25,155.0,60.5,22.1,24.325,1,1,1,1,1
2020-02-15T01,89.25,164.0,79.3,10.05,23.275,1,1,1,1,1
2020-02-15T02,99.0,191.0,64.967,19.233,34.167,1,1,1,1,1
2020-02-15T03,106.0,210.0,49.45,51.15,31.625,1,1,1,1,1
2020-02-15T04,91.25,192.75,39.25,79.1,30.067,1,1,1,1,1
2020-02-15T05,79.25,182.75,36.175,103.15,23.025,1,1,1,1,1
2020-02-15T06,65.75,173.25,31.5,120.575,18.3,1,1,1,1,1
2020-02-15T07,58.0,175.667,29.033,131.967,17.733,1,1,1,1,1
2020-02-15T08,56.25,177.5,30.425,140.575,20.725,1,1,1,1,1
2020-02-15T09,57.0,173.0,31.4,147.9,26.7,1,1,1,1,1
2020-02-15T10,53.75,181.75,36.15,143.0,18.133,1,1,1,1,1
2020-02-15T11,54.0,159.75,47.775,111.175,16.45,1,1,1,1,1
2020-02-15T12,39.0,150.0,102.033,43.667,18.2,1,1,1,1,1
2020-02-15T13,53.5,181.25,139.25,3.75,23.75,1,1,1,1,1
2020-02-15T14,77.75,237.25,141.25,2.725,24.875,1,1,1,1,1
2020-02-15T15,94.5,259.25,138.75,3.075,24.025,1,1,1,1,1
2020-02-15T16,109.5,255.5,136.35,3.75,25.367,1,1,1,1,1
2020-02-15T17,128.5,312.0,126.525,3.375,20.6,1,1,1,1,1
2020-02-15T18,116.0,269.25,116.025,3.275,17.6,2,2,2,2,2
2020-02-15T19,112.0,234.25,106.425,4.7,15.95,1,1,1,1,1
2020-02-15T20,118.0,214.5,98.6,3.375,15.625,1,1,1,1,1
2020-02-15T21,121.0,208.5,92.1,2.95,15.2,1,1,1,1,1
2020-02-15T22,164.667,249.0,100.333,3.9,30.4,1,1,1,1,1
2020-02-15T23,226.0,313.25,106.975,3.25,43.65,1,1,1,1,1
2020-02-16T00,187.25,275.5,101.05,2.4,31.275,1,1,1,1,1
2020-02-16T01,136.5,226.75,105.175,3.2,26.675,1,1,1,1,1
2020-02-16T02,116.0,208.75,99.675,9.175,28.75,1,1,1,1,1
2020-02-16T03,109.5,197.0,51.125,48.875,26.9,1,1,1,1,1
2020-02-16T04,98.25,181.25,48.3,82.9,26.6,1,1,1,1,1
2020-02-16T05,101.0,188.75,47.875,122.7,34.475,1,1,1,1,1
2020-02-16T06,116.0,218.0,42.6,146.867,31.767,1,1,1,1,1
2020-02-16T07,86.5,169.5,28.95,147.5,23.2,1,1,1,1,1
2020-02-16T08,69.0,138.25,29.15,150.475,20.925,1,1,1,1,1
2020-02-16T09,57.0,124.0,27.5,147.95,18.5,1,1,1,1,1
2020-02-16T10,46.0,114.0,30.967,143.0,17.6,1,1,1,1,1
2020-02-16T14,135.667,462.667,183.167,3.367,32.267,1,1,1,1,1
2020-02-16T15,177.0,453.5,175.4,3.95,35.25,1,1,1,1,1
2020-02-16T16,217.0,561.667,181.5,4.967,38.1,1,1,1,1,1
2020-02-16T17,256.5,642.0,173.875,5.275,28.375,1,1,1,1,1
2020-02-16T18,286.0,624.667,173.733,6.083,28.517,2,2,2,2,2
2020-02-16T19,296.5,557.25,131.125,6.7,26.375,1,1,1,1,1
2020-02-16T20,220.0,379.0,114.175,5.125,22.325,1,1,1,1,1
2020-02-16T21,210.0,347.25,124.05,3.05,18.95,1,1,1,1,1
2020-02-16T22,210.0,350.5,99.3,2.75,17.133,1,1,1,1,1
2020-02-16T23,229.5,363.5,91.3,2.975,15.725,1,1,1,1,1
2020-02-17T00,267.75,413.75,90.25,2.525,26.2,1,1,1,1,1
2020-02-17T01,288.0,434.0,112.45,2.15,30.75,1,1,1,1,1
2020-02-17T02,281.75,428.75,134.225,4.5,79.125,1,1,1,1,1
2020-02-17T03,310.0,428.5,100.45,20.775,79.675,1,1,1,1,1
2020-02-17T04,226.0,331.0,70.575,65.433,47.35,1,1,1,1,1
2020-02-17T05,152.0,256.0,59.825,115.6,31.4,1,1,1,1,1
2020-02-17T06,94.333,177.667,36.725,134.625,23.925,1,1,1,1,1
2020-02-17T07,72.0,154.5,31.6,139.3,15.8,1,1,1,1,1
2020-02-17T08,43.0,121.0,23.0,128.7,,1,1,1,1,0
2020-02-17T09,38.0,109.5,22.0,125.35,12.133,1,1,1,1,1
2020-02-17T10,30.25,102.0,29.325,127.875,11.333,1,1,1,1,1
2020-02-17T11,37.25,116.25,58.95,101.1,14.15,1,1,1,1,1
2020-02-17T12,47.75,144.75,146.7,16.25,17.875,1,1,1,1,1
2020-02-17T13,56.0,195.75,156.675,0.45,21.875,1,1,1,1,1
2020-02-17T14,78.5,238.25,159.2,0.2,26.675,1,1,1,1,1
2020-02-17T15,98.75,264.75,150.175,0.425,30.8,1,1,1,1,1
2020-02-17T16,122.5,299.0,140.85,0.7,32.867,1,1,1,1,1
2020-02-17T17,136.5,273.75,131.625,0.6,32.025,1,1,1,1,1
2020-02-17T18,154.334,269.333,122.233,1.016,37.617,2,2,2,2,2
2020-02-17T19,187.75,304.0,120.2,1.35,36.675,1,1,1,1,1
2020-02-17T20,178.0,279.25,113.5,0.825,54.2,1,1,1,1,1
2020-02-17T21,188.0,273.75,111.8,1.267,56.575,1,1,1,1,1
2020-02-17T22,216.0,289.5,100.775,0.125,43.7,1,1,1,1,1
2020-02-17T23,203.0,279.5,95.175,1.2,43.25,1,1,1,1,1
2020-02-18T00,183.0,266.0,98.967,0.333,42.833,1,1,1,1,1
2020-02-18T01,189.75,288.25,107.7,3.1,52.85,1,1,1,1,1
2020-02-18T02,197.25,332.75,83.05,19.375,64.7,1,1,1,1,1
2020-02-18T03,165.75,309.0,78.55,40.25,42.35,1,1,1,1,1
2020-02-18T04,128.0,270.5,58.975,81.95,37.133,1,1,1,1,1
2020-02-18T05,113.25,249.0,45.15,118.225,30.775,1,1,1,1,1
2020-02-18T06,98.5,224.0,37.0,133.85,25.7,1,1,1,1,1
2020-02-18T07,73.75,184.25,31.35,143.175,19.5,1,1,1,1,1
2020-02-18T08,58.0,155.0,33.733,141.367,16.0,1,1,1,1,1
2020-02-18T09,48.0,144.0,33.3,150.0,21.1,1,1,1,1,1
2020-02-18T10,48.0,144.0,36.15,143.85,20.95,1,1,1,1,1
2020-02-18T11,47.0,140.0,54.75,132.8,21.3,1,1,1,1,1
2020-02-19T03,189.5,386.5,129.8,27.8,30.3,1,1,1,1,1
2020-02-19T04,156.333,470.667,87.9,63.333,24.15,1,1,1,1,1
2020-02-19T05,126.75,606.0,74.35,83.825,22.9,1,1,1,1,1
2020-02-19T06,80.333,242.667,59.067,96.5,20.633,1,1,1,1,1
2020-02-19T07,71.25,220.5,68.933,94.725,17.933,1,1,1,1,1
2020-02-19T08,66.0,210.0,61.2,85.2,14.6,1,1,1,1,1
2020-02-19T09,69.5,222.5,75.2,85.45,16.85,1,1,1,1,1
2020-02-19T10,70.5,224.0,85.075,82.25,18.3,1,1,1,1,1
2020-02-19T11,77.0,256.5,106.45,63.125,22.95,1,1,1,1,1
2020-02-19T12,86.0,281.75,130.75,28.075,23.15,1,1,1,1,1
2020-02-19T13,93.25,250.0,134.4,21.7,21.5,1,1,1,1,1
2020-02-19T14,102.0,265.5,145.05,4.75,23.0,1,1,1,1,1
2020-02-19T15,116.0,293.0,134.3,5.567,25.133,1,1,1,1,1
2020-02-19T16,131.0,303.667,127.767,6.433,25.6,1,1,1,1,1
2020-02-19T17,131.0,290.0,128.167,2.167,19.667,1,1,1,1,1
2020-02-19T18,135.0,328.0,125.8,1.5,19.1,1,1,1,1,1
2020-02-20T18,138.667,186.667,95.2,112.167,13.333,1,1,1,1,1
2020-02-20T19,139.25,180.25,72.85,42.45,14.95,1,1,1,1,1
2020-02-20T20,124.667,157.333,51.6,33.4,14.2,1,1,1,1,1
2020-02-20T21,114.0,148.25,40.0,113.325,18.725,1,1,1,1,1
2020-02-20T22,83.0,117.0,36.675,90.35,22.767,1,1,1,1,1
2020-02-20T23,72.75,103.5,35.75,60.825,21.15,1,1,1,1,1
2020-02-21T00,45.5,72.25,29.225,68.575,16.675,1,1,1,1,1
2020-02-21T01,29.0,46.0,50.0,48.3,22.8,1,1,1,1,1
2020-02-21T02,28.75,51.25,57.275,44.7,27.4,1,1,1,1,1
2020-02-21T03,28.5,65.75,57.45,45.825,21.5,1,1,1,1,1
2020-02-21T04,31.0,84.25,41.0,55.7,16.567,1,1,1,1,1
2020-02-21T05,36.667,96.333,36.1,57.833,19.467,1,1,1,1,1
2020-02-21T06,42.0,95.0,39.8,58.7,17.2,1,1,1,1,1
2020-02-21T08,24.0,57.5,42.85,55.45,34.25,1,1,1,1,1
2020-02-21T09,21.5,48.5,41.85,56.05,11.55,1,1,1,1,1
2020-02-21T10,19.0,50.25,32.6,70.625,12.133,1,1,1,1,1
2020-02-21T11,18.0,44.667,39.567,66.5,11.133,1,1,1,1,1
2020-02-21T12,20.25,49.5,58.125,44.2,11.3,1,1,1,1,1
2020-02-21T13,34.25,64.75,70.125,29.55,12.05,1,1,1,1,1
2020-02-21T14,37.0,63.75,77.675,21.125,12.7,1,1,1,1,1
2020-02-21T15,38.75,78.75,95.025,26.1,15.4,1,1,1,1,1
2020-02-21T16,52.333,99.667,82.9,30.6,17.75,1,1,1,1,1
2020-02-21T17,51.667,97.667,77.3,7.3,13.6,1,1,1,1,1
2020-02-21T18,54.0,90.0,67.983,4.667,9.584,2,2,2,2,2
2020-02-21T19,57.25,82.5,58.025,7.5,8.525,1,1,1,1,1
2020-02-21T20,50.5,73.0,50.5,5.15,5.7,1,1,1,1,1
2020-02-21T21,47.25,71.75,52.625,3.675,6.85,1,1,1,1,1
2020-02-21T22,52.75,87.25,55.4,25.725,9.567,1,1,1,1,1
2020-02-21T23,55.0,87.75,58.575,53.15,13.9,1,1,1,1,1
2020-02-22T00,47.0,80.0,63.75,77.35,19.25,1,1,1,1,1
2020-02-22T01,49.5,88.5,62.025,33.15,18.4,1,1,1,1,1
2020-02-22T02,52.0,107.0,73.8,37.25,21.05,1,1,1,1,1
2020-02-22T03,61.25,134.75,70.075,23.25,25.475,1,1,1,1,1
2020-02-22T04,51.0,121.0,55.1,40.6,24.333,1,1,1,1,1
2020-02-22T05,45.25,119.25,52.1,55.575,20.05,1,1,1,1,1
2020-02-22T06,46.0,96.0,55.35,59.15,18.35,1,1,1,1,1
2020-02-22T09,56.0,111.0,,72.45,,1,1,0,1,0
2020-02-22T10,52.667,122.333,39.6,74.35,,1,1,1,1,0
2020-02-22T11,52.0,125.75,63.775,,22.575,1,1,1,0,1
2020-02-22T12,53.5,131.75,87.925,17.75,17.725,1,1,1,1,1
2020-02-22T13,63.0,161.667,98.567,4.333,18.167,1,1,1,1,1
2020-02-22T14,91.5,236.5,106.8,4.9,28.05,1,1,1,1,1
2020-02-22T15,111.0,269.75,102.175,4.85,36.7,1,1,1,1,1
2020-02-22T16,118.5,262.5,102.725,5.4,41.033,1,1,1,1,1
2020-02-22T17,135.0,286.5,91.025,4.975,27.6,1,1,1,1,1
2020-02-22T18,143.0,326.5,77.9,4.066,23.867,2,2,2,2,2
2020-02-22T19,136.0,369.0,70.35,6.4,20.675,1,1,1,1,1
2020-02-22T20,129.5,228.0,50.3,4.825,8.8,1,1,1,1,1
2020-02-22T21,126.5,211.25,48.1,4.725,13.15,1,1,1,1,1
2020-02-22T22,122.5,208.5,40.725,4.825,11.6,1,1,1,1,1
2020-02-22T23,122.5,187.25,41.5,4.225,10.9,1,1,1,1,1
2020-02-23T00,118.0,182.0,39.133,4.067,7.5,1,1,1,1,1
2020-02-23T01,112.667,194.0,49.4,4.133,8.167,1,1,1,1,1
2020-02-23T02,122.0,202.0,52.9,4.0,8.6,1,1,1,1,1
2020-02-23T05,102.0,172.0,53.9,42.5,16.3,1,1,1,1,1
2020-02-23T06,54.0,97.25,25.625,91.375,13.475,1,1,1,1,1
2020-02-23T07,51.0,92.0,22.4,104.2,11.0,1,1,1,1,1
2020-02-23T11,73.0,143.0,37.2,82.7,22.7,1,1,1,1,1
2020-02-23T15,80.0,169.0,34.3,51.3,27.5,1,1,1,1,1
2020-02-23T16,58.0,136.0,58.6,28.6,28.3,1,1,1,1,1
2020-02-23T17,49.5,150.75,71.475,21.8,23.025,1,1,1,1,1
2020-02-23T18,45.5,149.25,68.05,10.25,18.925,2,2,2,2,2
2020-02-23T19,48.0,150.5,62.7,7.7,19.45,1,1,1,1,1
2020-02-23T20,51.0,134.0,,6.533,,1,1,0,1,0
2020-02-23T21,56.25,139.5,62.625,8.225,15.5,1,1,1,1,1
2020-02-23T22,70.75,124.25,56.25,4.45,14.2,1,1,1,1,1
2020-02-23T23,57.25,93.75,55.425,3.5,9.85,1,1,1,1,1
2020-02-24T00,53.0,98.0,50.625,3.125,10.675,1,1,1,1,1
2020-02-24T01,49.25,100.5,51.425,3.375,11.225,1,1,1,1,1
2020-02-24T02,59.5,125.25,69.25,5.9,18.4,1,1,1,1,1
2020-02-24T03,66.333,147.0,81.9,13.7,25.267,1,1,1,1,1
2020-02-24T04,57.5,138.0,74.675,33.775,24.2,1,1,1,1,1
2020-02-24T05,53.0,129.0,51.4,62.467,50.1,1,1,1,1,1
2020-02-24T06,48.0,112.0,38.15,86.9,48.6,1,1,1,1,1
2020-02-24T07,48.5,123.25,38.45,114.05,39.7,1,1,1,1,1
2020-02-24T08,68.25,162.25,36.125,141.45,34.5,1,1,1,1,1
2020-02-24T09,68.5,160.75,28.2,144.675,30.95,1,1,1,1,1
2020-02-24T10,64.5,153.25,25.45,119.75,28.2,1,1,1,1,1
2020-02-24T11,55.75,124.0,37.75,84.4,26.075,1,1,1,1,1
2020-02-24T12,54.5,137.5,101.525,13.725,24.85,1,1,1,1,1
2020-02-25T03,62.0,178.0,,2.8,0.0,1,1,0,1,1
2020-02-25T05,197.0,295.0,31.5,110.6,46.45,1,1,1,1,1
2020-02-25T06,114.25,190.25,30.6,121.825,46.0,1,1,1,1,1
2020-02-25T07,80.0,148.0,24.367,134.1,31.1,1,1,1,1,1
2020-02-25T08,62.75,120.5,24.35,128.175,26.3,1,1,1,1,1
2020-02-25T09,59.0,116.0,24.5,120.25,21.75,1,1,1,1,1
2020-02-25T10,33.75,89.5,26.875,110.375,19.633,1,1,1,1,1
2020-02-25T11,37.0,94.75,50.725,78.8,20.275,1,1,1,1,1
2020-02-25T12,46.5,131.0,102.375,20.075,24.35,1,1,1,1,1
2020-02-25T13,67.5,209.75,114.325,2.125,29.175,1,1,1,1,1
2020-02-25T14,77.0,227.25,106.9,2.5,30.975,1,1,1,1,1
2020-02-25T15,98.5,251.0,108.3,3.15,36.975,1,1,1,1,1
2020-02-25T16,121.0,267.5,102.175,3.125,39.433,1,1,1,1,1
2020-02-25T17,132.5,268.25,92.45,2.875,29.825,1,1,1,1,1
2020-02-25T18,141.0,261.333,89.017,2.534,26.767,2,2,2,2,2
2020-02-25T19,150.0,285.75,80.425,6.05,28.8,1,1,1,1,1
2020-02-25T20,162.25,306.5,87.3,5.5,26.3,1,1,1,1,1
2020-02-25T21,160.5,328.75,78.575,9.05,24.225,1,1,1,1,1
2020-02-25T22,151.0,274.25,68.15,10.15,24.267,1,1,1,1,1
2020-02-25T23,144.75,244.75,51.825,9.25,20.75,1,1,1,1,1
2020-02-26T00,151.25,244.75,53.8,8.25,25.525,1,1,1,1,1
2020-02-26T01,177.25,294.75,73.025,6.925,31.2,1,1,1,1,1
2020-02-26T02,200.0,372.75,109.4,5.025,39.725,1,1,1,1,1
2020-02-26T03,227.0,403.5,120.25,12.975,44.075,1,1,1,1,1
2020-02-26T04,198.25,326.25,84.325,44.875,47.5,1,1,1,1,1
2020-02-26T05,131.75,228.25,45.025,93.025,42.325,1,1,1,1,1
2020-02-26T06,100.0,169.25,28.275,115.725,25.375,1,1,1,1,1
2020-02-26T07,67.0,121.75,24.15,133.5,17.85,1,1,1,1,1
2020-02-26T08,56.5,113.75,25.75,129.9,11.925,1,1,1,1,1
2020-02-26T09,53.25,120.0,23.925,131.325,16.425,1,1,1,1,1
2020-02-26T10,57.0,125.75,25.875,128.675,22.267,1,1,1,1,1
2020-02-26T11,57.0,137.75,45.275,97.0,24.625,1,1,1,1,1
2020-02-26T12,57.0,149.0,88.733,32.1,21.5,1,1,1,1,1
2020-02-26T13,57.75,157.0,106.45,5.025,23.425,1,1,1,1,1
2020-02-26T14,77.75,187.5,116.25,2.925,27.775,1,1,1,1,1
2020-02-26T15,126.25,274.0,117.675,28.275,34.125,1,1,1,1,1
2020-02-26T16,170.75,317.0,104.65,13.075,36.533,1,1,1,1,1
2020-02-26T17,175.5,311.0,85.7,3.825,27.75,1,1,1,1,1
2020-02-26T18,145.666,252.5,75.25,3.1,23.867,2,2,2,2,2
2020-02-26T19,124.5,206.5,71.425,2.95,19.925,1,1,1,1,1
2020-02-26T20,80.0,135.75,63.1,4.125,17.4,1,1,1,1,1
2020-02-26T21,78.0,135.25,62.5,2.75,14.275,1,1,1,1,1
2020-02-26T22,79.25,136.5,60.025,3.175,14.133,1,1,1,1,1
2020-02-26T23,77.0,141.667,58.533,3.5,17.7,1,1,1,1,1
2020-02-27T00,85.333,151.333,56.3,3.833,20.533,1,1,1,1,1
2020-02-27T01,93.0,168.0,59.8,3.125,22.775,1,1,1,1,1
2020-02-27T02,110.25,215.5,74.025,5.05,30.225,1,1,1,1,1
2020-02-27T03,133.0,251.5,85.375,14.35,34.425,1,1,1,1,1
2020-02-27T04,125.5,259.25,81.925,33.75,36.5,1,1,1,1,1
2020-02-27T05,115.75,257.5,72.75,60.125,33.375,1,1,1,1,1
2020-02-27T06,100.5,222.5,63.75,67.65,25.0,1,1,1,1,1
2020-02-27T07,95.0,208.0,42.567,92.167,22.933,1,1,1,1,1
2020-02-27T08,81.667,180.0,44.567,100.033,20.333,1,1,1,1,1
2020-02-27T09,77.333,177.333,41.4,93.8,16.3,1,1,1,1,1
2020-02-27T10,73.0,173.5,47.025,85.525,14.267,1,1,1,1,1
2020-02-27T11,71.0,182.0,77.925,48.6,24.2,1,1,1,1,1
2020-02-27T12,76.0,198.333,108.167,7.3,30.633,1,1,1,1,1
2020-02-27T13,82.75,215.5,114.55,2.45,30.875,1,1,1,1,1
2020-02-27T14,94.75,246.0,111.575,2.975,36.075,1,1,1,1,1
2020-02-27T15,110.5,262.0,107.0,3.75,36.3,1,1,1,1,1
2020-02-27T16,124.0,252.75,70.1,16.75,39.533,1,1,1,1,1
2020-02-27T17,125.0,216.0,69.975,10.725,31.9,1,1,1,1,1
2020-02-27T18,128.0,216.0,71.3,8.1,27.4,2,2,2,2,1
2020-02-27T19,103.75,174.0,49.125,27.95,18.175,1,1,1,1,1
2020-02-27T20,92.5,144.75,32.2,37.15,11.5,1,1,1,1,1
2020-02-27T21,95.0,135.333,33.533,37.033,13.467,1,1,1,1,1
2020-02-27T22,90.75,130.75,38.325,29.0,14.767,1,1,1,1,1
2020-02-27T23,90.5,134.25,47.125,16.825,13.625,1,1,1,1,1
2020-02-28T00,91.5,138.5,50.1,13.675,12.575,1,1,1,1,1
2020-02-28T01,90.0,140.0,54.233,11.833,13.233,1,1,1,1,1
2020-02-28T02,94.25,159.75,56.1,15.45,15.825,1,1,1,1,1
2020-02-28T03,95.25,178.0,57.825,26.325,19.6,1,1,1,1,1
2020-02-28T05,78.0,223.5,35.0,78.2,15.2,1,1,1,1,1
2020-02-28T06,74.5,232.75,36.6,80.65,16.075,1,1,1,1,1
2020-02-28T07,73.0,244.0,35.467,80.5,17.133,1,1,1,1,1
2020-02-28T08,63.0,180.0,34.25,84.8,19.45,1,1,1,1,1
2020-02-28T09,60.667,168.333,43.6,81.833,21.033,1,1,1,1,1
2020-02-28T10,64.667,168.333,51.9,68.8,19.75,1,1,1,1,1
2020-02-28T11,67.0,161.25,62.35,53.075,21.25,1,1,1,1,1
2020-02-28T12,71.75,157.75,73.5,29.45,21.9,1,1,1,1,1
2020-02-28T13,76.0,162.0,73.85,23.1,23.1,1,1,1,1,1
2020-02-28T14,75.0,161.0,75.233,18.2,23.333,1,1,1,1,1
2020-02-28T15,73.5,138.5,62.625,18.775,21.975,1,1,1,1,1
2020-02-28T16,68.25,131.5,57.5,19.6,22.133,1,1,1,1,1
2020-02-28T17,66.25,122.25,46.975,25.1,18.1,1,1,1,1,1
2020-02-28T18,65.5,115.166,53.85,21.233,17.434,2,2,2,2,2
2020-02-28T19,58.0,104.75,57.575,10.8,16.625,1,1,1,1,1
2020-02-28T20,58.25,99.5,59.3,15.625,13.0,1,1,1,1,1
2020-02-28T21,60.0,99.25,56.075,11.7,14.35,1,1,1,1,1
2020-02-28T22,62.0,109.5,46.675,21.425,14.7,1,1,1,1,1
2020-02-28T23,62.25,103.5,49.25,17.075,15.0,1,1,1,1,1
2020-02-29T00,73.25,110.5,47.25,16.3,17.225,1,1,1,1,1
2020-02-29T01,77.75,123.25,48.075,14.525,17.675,1,1,1,1,1
2020-02-29T02,79.25,140.0,45.05,24.45,19.225,1,1,1,1,1
2020-02-29T03,75.0,146.5,47.175,34.3,20.775,1,1,1,1,1
2020-02-29T04,65.5,155.75,40.325,47.575,20.1,1,1,1,1,1
2020-02-29T05,55.0,149.0,37.967,58.7,19.867,1,1,1,1,1
2020-02-29T06,56.5,135.5,39.05,62.75,19.1,1,1,1,1,1
2020-02-29T07,56.75,130.5,34.35,78.55,17.775,1,1,1,1,1
2020-02-29T08,55.75,146.5,38.375,77.575,21.4,1,1,1,1,1
2020-02-29T09,63.75,182.0,38.5,69.55,27.775,1,1,1,1,1
2020-02-29T10,62.0,201.25,50.7,49.375,39.933,1,1,1,1,1
2020-02-29T11,64.0,141.0,46.5,34.85,18.95,1,1,1,1,1
2020-02-29T12,63.75,103.0,44.225,32.075,18.95,1,1,1,1,1
2020-02-29T13,43.5,67.25,45.975,24.575,19.775,1,1,1,1,1
2020-02-29T14,30.0,48.75,70.85,17.625,20.725,1,1,1,1,1
2020-02-29T15,29.5,43.75,58.525,18.275,20.175,1,1,1,1,1
2020-02-29T16,25.25,37.25,57.825,19.325,19.3,1,1,1,1,1
2020-02-29T17,17.5,29.5,47.25,29.325,19.975,1,1,1,1,1
2020-02-29T18,21.5,34.334,36.084,40.416,20.166,2,2,2,2,2
2020-02-29T19,29.0,46.0,39.8,42.25,21.125,1,1,1,1,1
2020-02-29T20,13.75,30.0,52.9,33.85,18.9,1,1,1,1,1
2020-02-29T21,13.25,25.25,35.05,35.825,18.45,1,1,1,1,1
2020-02-29T22,16.667,23.667,36.867,30.333,20.3,1,1,1,1,1
2020-02-29T23,22.0,31.0,48.95,17.85,18.5,1,1,1,1,1
2020-03-01T00,18.333,40.667,57.1,2.367,17.933,1,1,1,1,1
2020-03-01T01,24.75,55.5,58.75,3.775,19.65,1,1,1,1,1
2020-03-01T02,31.5,80.25,47.7,16.65,24.65,1,1,1,1,1
2020-03-01T03,36.0,70.333,39.667,33.967,28.433,1,1,1,1,1
2020-03-01T04,34.5,70.0,35.775,48.825,26.867,1,1,1,1,1
2020-03-01T05,31.5,61.5,32.05,73.775,24.625,1,1,1,1,1
2020-03-01T06,38.667,69.0,37.367,90.6,23.5,1,1,1,1,1
2020-03-01T07,43.5,81.5,37.85,99.8,25.15,1,1,1,1,1
2020-03-01T08,42.0,84.75,46.225,109.5,23.875,1,1,1,1,1
2020-03-01T09,44.25,96.5,46.875,121.075,26.0,1,1,1,1,1
2020-03-01T10,50.667,111.333,47.267,137.2,25.6,1,1,1,1,1
2020-03-01T11,53.0,107.5,66.225,110.8,25.175,1,1,1,1,1
2020-03-01T12,58.0,129.75,109.775,6.125,20.75,1,1,1,1,1
2020-03-01T13,48.75,159.0,96.125,3.1,18.475,1,1,1,1,1
2020-03-01T14,62.5,204.75,96.85,3.1,23.1,1,1,1,1,1
2020-03-01T15,79.25,226.0,86.425,3.525,27.625,1,1,1,1,1
2020-03-01T16,92.25,229.25,73.625,4.6,33.1,1,1,1,1,1
2020-03-01T17,123.5,289.25,68.675,4.65,27.625,1,1,1,1,1
2020-03-01T18,105.166,220.666,56.117,5.216,22.267,2,2,2,2,2
2020-03-01T19,97.5,201.75,52.125,8.0,24.6,1,1,1,1,1
2020-03-01T20,99.25,182.25,46.3,4.775,12.9,1,1,1,1,1
2020-03-01T21,89.0,144.5,48.425,4.2,19.0,1,1,1,1,1
2020-03-01T22,83.333,142.333,37.8,5.067,19.4,1,1,1,1,1
2020-03-01T23,86.75,138.75,34.55,5.05,16.1,1,1,1,1,1
2020-03-02T00,98.667,161.667,42.833,5.533,15.8,1,1,1,1,1
2020-03-02T01,108.5,189.75,53.3,6.4,17.75,1,1,1,1,1
2020-03-02T02,121.75,216.5,106.7,8.85,20.95,1,1,1,1,1
2020-03-02T03,127.75,229.75,98.825,12.4,23.2,1,1,1,1,1
2020-03-02T04,87.5,149.5,75.925,35.35,15.967,1,1,1,1,1
2020-03-02T05,70.5,130.0,73.825,60.875,20.15,1,1,1,1,1
2020-03-02T06,74.25,135.5,53.7,88.9,20.2,1,1,1,1,1
2020-03-02T07,66.0,131.0,44.025,125.15,21.05,1,1,1,1,1
2020-03-02T08,79.0,157.25,40.1,175.5,23.075,1,1,1,1,1
2020-03-02T09,94.333,188.0,52.5,182.3,23.433,1,1,1,1,1
2020-03-02T10,97.0,202.0,45.825,173.033,23.7,1,1,1,1,1
2020-03-02T11,80.75,196.75,49.775,109.525,28.375,1,1,1,1,1
2020-03-02T12,69.333,166.333,94.233,37.233,29.133,1,1,1,1,1
2020-03-02T13,76.0,186.0,114.833,3.733,27.033,1,1,1,1,1
2020-03-02T14,90.5,232.75,117.675,2.825,32.425,1,1,1,1,1
2020-03-02T15,110.0,284.25,105.075,3.2,34.525,1,1,1,1,1
2020-03-02T16,113.0,255.5,88.675,3.525,36.7,1,1,1,1,1
2020-03-02T17,124.75,271.25,76.825,3.2,31.3,1,1,1,1,1
2020-03-02T18,130.334,279.0,61.584,2.966,29.934,2,2,2,2,2
2020-03-02T19,114.0,233.0,68.975,4.0,27.325,1,1,1,1,1
2020-03-02T20,102.75,210.5,68.1,4.1,10.9,1,1,1,1,1
2020-03-02T21,97.0,188.25,44.025,3.475,17.25,1,1,1,1,1
2020-03-02T22,99.0,159.5,39.2,3.575,20.467,1,1,1,1,1
2020-03-02T23,93.5,152.25,32.7,2.75,11.975,1,1,1,1,1
2020-03-03T00,87.667,156.667,37.933,3.0,11.633,1,1,1,1,1
2020-03-03T01,100.0,196.0,68.0,3.7,15.7,1,1,1,1,1
2020-03-03T02,103.667,202.333,96.2,5.233,16.233,1,1,1,1,1
2020-03-03T03,101.0,194.0,81.5,17.367,17.233,1,1,1,1,1
2020-03-03T04,81.0,152.0,54.0,47.967,11.767,1,1,1,1,1
2020-03-03T05,68.0,152.5,32.75,102.15,25.95,1,1,1,1,1
2020-03-03T06,67.25,155.25,27.4,118.325,43.15,1,1,1,1,1
2020-03-03T07,68.0,153.0,16.6,113.0,22.9,1,1,1,1,1
2020-03-03T08,30.5,77.5,20.775,110.325,11.525,1,1,1,1,1
2020-03-03T09,26.667,71.333,21.033,107.333,6.5,1,1,1,1,1
2020-03-03T10,22.0,68.0,18.9,114.25,5.05,1,1,1,1,1
2020-03-03T12,27.75,104.0,88.5,25.025,11.225,1,1,1,1,1
2020-03-03T13,37.25,114.5,91.825,7.825,12.65,1,1,1,1,1
2020-03-03T14,44.0,131.5,92.2,1.95,14.875,1,1,1,1,1
2020-03-03T15,61.667,178.333,86.867,2.167,18.6,1,1,1,1,1
2020-03-03T16,83.5,210.25,83.875,2.1,20.733,1,1,1,1,1
2020-03-03T17,108.667,259.667,80.2,3.4,23.733,1,1,1,1,1
2020-03-03T18,129.834,277.667,73.15,2.95,28.45,2,2,2,2,2
2020-03-03T19,119.0,271.0,83.9,6.8,32.567,1,1,1,1,1
2020-03-03T20,124.75,264.25,65.3,6.45,28.5,1,1,1,1,1
2020-03-03T21,124.75,248.0,61.0,14.1,30.35,1,1,1,1,1
2020-03-03T22,123.25,217.75,52.525,13.575,36.0,1,1,1,1,1
2020-03-03T23,111.75,203.75,46.6,16.55,19.8,1,1,1,1,1
2020-03-04T00,109.5,216.75,46.375,40.05,20.9,1,1,1,1,1
2020-03-04T01,107.25,224.0,64.55,99.625,20.15,1,1,1,1,1
2020-03-04T02,117.25,265.0,105.425,30.475,34.9,1,1,1,1,1
2020-03-04T03,119.5,283.25,93.45,19.1,43.225,1,1,1,1,1
2020-03-04T04,97.0,266.0,74.6,45.4,31.2,1,1,1,1,1
2020-03-04T05,80.5,212.0,57.275,83.325,37.15,1,1,1,1,1
2020-03-04T06,69.5,186.25,52.075,97.375,34.45,1,1,1,1,1
2020-03-04T07,58.25,168.25,48.075,104.425,22.7,1,1,1,1,1
2020-03-04T08,57.0,164.333,51.833,99.733,22.7,1,1,1,1,1
2020-03-04T10,72.75,177.25,49.175,83.775,19.4,1,1,1,1,1
2020-03-04T11,64.333,192.0,39.4,66.667,22.467,1,1,1,1,1
2020-03-04T12,45.667,169.0,51.333,34.767,21.667,1,1,1,1,1
2020-03-04T13,24.0,83.0,51.667,31.1,18.733,1,1,1,1,1
2020-03-04T14,19.25,65.75,51.775,31.375,18.1,1,1,1,1,1
2020-03-04T15,24.5,63.75,64.5,26.975,18.15,1,1,1,1,1
2020-03-04T16,24.667,61.667,38.0,49.1,21.1,1,1,1,1,1
2020-03-04T17,15.5,45.0,45.175,28.875,17.1,1,1,1,1,1
2020-03-04T18,14.5,39.334,38.883,31.867,15.583,2,2,2,2,2
2020-03-04T19,16.75,39.25,38.15,22.0,15.575,1,1,1,1,1
2020-03-04T20,16.0,31.25,35.8,26.4,21.1,1,1,1,1,1
2020-03-04T21,17.0,25.75,36.3,32.725,16.625,1,1,1,1,1
2020-03-04T22,20.75,34.5,29.4,32.2,16.933,1,1,1,1,1
2020-03-04T23,23.0,40.0,49.925,31.2,19.45,1,1,1,1,1
2020-03-05T00,23.5,53.5,50.425,5.725,19.175,1,1,1,1,1
2020-03-05T01,27.0,74.0,61.9,4.667,24.133,1,1,1,1,1
2020-03-05T02,33.0,101.75,55.85,14.95,30.05,1,1,1,1,1
2020-03-05T03,39.5,88.25,50.425,30.75,29.525,1,1,1,1,1
2020-03-05T04,39.5,85.25,49.675,37.35,28.567,1,1,1,1,1
2020-03-05T05,35.0,83.0,34.567,58.267,21.733,1,1,1,1,1
2020-03-05T06,37.0,79.0,35.033,66.667,19.433,1,1,1,1,1
2020-03-05T07,37.75,81.0,35.9,67.775,17.45,1,1,1,1,1
2020-03-05T08,31.25,74.5,37.675,65.025,15.175,1,1,1,1,1
2020-03-05T09,24.75,72.25,36.8,64.45,12.725,1,1,1,1,1
2020-03-05T10,29.75,71.25,45.45,57.225,11.867,1,1,1,1,1
2020-03-05T11,29.0,75.0,59.7,41.5,13.3,1,1,1,1,1
2020-03-05T12,39.75,103.75,74.325,22.325,16.175,1,1,1,1,1
2020-03-05T13,44.0,113.75,75.675,13.625,18.275,1,1,1,1,1
2020-03-05T14,41.0,100.25,29.175,43.675,16.9,1,1,1,1,1
2020-03-05T15,11.0,30.0,62.0,15.95,15.15,1,1,1,1,1
2020-03-05T16,8.0,16.0,73.9,4.35,14.4,1,1,1,1,1
2020-03-05T17,13.75,29.25,65.5,5.225,17.5,1,1,1,1,1
2020-03-05T18,15.166,29.334,65.133,2.917,18.817,2,2,2,2,2
2020-03-05T19,11.5,36.25,26.675,43.8,16.825,1,1,1,1,1
2020-03-05T20,11.5,22.0,32.2,47.725,20.2,1,1,1,1,1
2020-03-05T21,9.25,24.75,39.575,27.225,19.025,1,1,1,1,1
2020-03-05T22,14.25,31.0,17.875,55.775,18.5,1,1,1,1,1
2020-03-05T23,9.5,23.75,28.325,43.175,15.725,1,1,1,1,1
2020-03-06T00,14.0,23.25,43.45,21.7,13.675,1,1,1,1,1
2020-03-06T01,23.0,33.0,35.333,22.2,15.9,1,1,1,1,1
2020-03-06T02,19.75,33.75,57.05,13.875,16.0,1,1,1,1,1
2020-03-06T03,24.75,37.5,43.933,36.15,19.0,1,1,1,1,1
2020-03-06T04,29.667,41.333,,43.233,,1,1,0,1,0
2020-03-06T05,23.0,40.0,32.65,51.55,9.95,1,1,1,1,1
2020-03-06T06,12.0,53.0,24.275,,10.925,1,1,1,0,1
2020-03-06T07,,,27.967,65.1,11.767,0,0,1,1,1
2020-03-06T08,,,32.5,59.8,10.867,0,0,1,1,1
2020-03-06T09,,,39.35,44.2,10.3,0,0,1,1,1
2020-03-06T10,17.0,55.0,37.667,48.3,8.75,1,1,1,1,1
2020-03-06T11,11.0,27.0,65.6,20.6,9.133,1,1,1,1,1
2020-03-06T12,11.0,13.0,78.4,8.333,13.5,1,1,1,1,1
2020-03-06T13,12.0,14.0,79.075,4.35,18.325,1,1,1,1,1
2020-03-06T14,18.0,28.0,78.65,2.575,17.675,1,1,1,1,1
2020-03-06T15,28.0,41.0,72.833,2.433,17.733,1,1,1,1,1
2020-03-06T16,23.0,45.0,68.867,4.733,16.8,1,1,1,1,1
2020-03-06T17,27.0,56.0,59.3,9.8,13.825,1,1,1,1,1
2020-03-06T18,18.0,48.0,47.45,17.3,11.483,2,2,2,2,2
2020-03-06T19,13.0,38.0,40.5,19.4,11.333,1,1,1,1,1
2020-03-06T20,18.0,44.0,43.3,26.7,9.1,1,1,1,1,1
2020-03-06T21,16.0,33.0,34.075,25.425,7.675,1,1,1,1,1
2020-03-06T22,14.0,30.0,34.35,28.025,8.133,1,1,1,1,1
2020-03-06T23,12.0,29.0,40.2,20.675,15.05,1,1,1,1,1
2020-03-07T00,14.0,34.0,50.3,16.25,19.85,1,1,1,1,1
2020-03-07T01,19.0,40.0,44.425,18.25,21.25,1,1,1,1,1
2020-03-07T02,24.0,50.0,33.625,30.6,22.65,1,1,1,1,1
2020-03-07T03,34.0,59.0,34.125,33.3,20.6,1,1,1,1,1
2020-03-07T04,33.0,68.0,33.75,28.525,20.2,1,1,1,1,1
2020-03-07T05,44.0,84.0,30.4,41.225,17.725,1,1,1,1,1
2020-03-07T06,40.0,69.0,26.45,54.275,18.25,1,1,1,1,1
2020-03-07T07,36.0,74.0,34.525,63.15,19.625,1,1,1,1,1
2020-03-07T08,53.0,100.0,43.05,68.95,17.85,1,1,1,1,1
2020-03-07T09,56.0,106.0,46.7,68.8,17.55,1,1,1,1,1
2020-03-07T10,62.0,114.0,55.2,66.125,16.867,1,1,1,1,1
2020-03-07T11,58.0,125.0,56.525,66.425,17.325,1,1,1,1,1
2020-03-07T12,56.0,122.0,81.525,17.025,16.725,1,1,1,1,1
2020-03-07T13,59.0,134.0,84.95,2.45,24.75,1,1,1,1,1
2020-03-07T14,73.0,180.0,94.375,3.425,29.1,1,1,1,1,1
2020-03-07T15,78.0,189.0,85.775,3.5,31.475,1,1,1,1,1
2020-03-07T16,91.0,274.0,69.75,2.175,32.633,1,1,1,1,1
2020-03-07T17,86.0,226.0,58.5,2.775,18.15,1,1,1,1,1
2020-03-07T18,85.0,186.0,51.55,2.525,11.975,2,2,2,2,2
2020-03-07T19,84.0,175.0,40.2,5.2,13.1,1,1,1,1,1
2020-03-07T21,100.25,181.75,24.2,2.9,13.0,1,1,1,1,1
2020-03-07T22,85.0,152.0,23.075,3.225,15.167,1,1,1,1,1
2020-03-07T23,89.0,146.0,26.975,2.75,20.025,1,1,1,1,1
2020-03-08T00,89.0,140.0,23.5,2.85,22.15,1,1,1,1,1
2020-03-08T01,89.0,133.0,22.975,3.0,22.5,1,1,1,1,1
2020-03-08T02,86.0,139.0,64.975,3.95,22.475,1,1,1,1,1
2020-03-08T03,88.0,158.0,59.775,30.575,19.2,1,1,1,1,1
2020-03-08T04,67.0,127.0,34.3,58.525,14.167,1,1,1,1,1
2020-03-08T05,41.0,64.0,27.9,91.5,17.225,1,1,1,1,1
2020-03-08T06,51.0,91.0,16.1,108.825,16.925,1,1,1,1,1
2020-03-08T07,25.0,62.0,17.775,119.825,14.55,1,1,1,1,1
2020-03-08T08,30.0,62.0,15.875,116.775,14.825,1,1,1,1,1
2020-03-08T09,29.0,59.0,14.2,106.1,17.825,1,1,1,1,1
2020-03-08T10,20.0,53.0,16.35,100.175,17.4,1,1,1,1,1
2020-03-08T11,17.0,52.0,17.825,86.75,17.375,1,1,1,1,1
2020-03-08T12,19.0,51.0,37.75,48.425,15.6,1,1,1,1,1
2020-03-08T13,24.0,61.0,72.1,3.925,16.1,1,1,1,1,1
2020-03-08T14,40.0,116.0,71.975,2.8,21.825,1,1,1,1,1
2020-03-08T15,58.0,168.0,66.525,2.325,25.35,1,1,1,1,1
2020-03-08T16,73.0,186.0,62.433,2.333,29.167,1,1,1,1,1
2020-03-08T17,90.0,184.0,52.775,2.375,22.1,1,1,1,1,1
2020-03-08T18,86.0,163.0,55.817,2.6,15.617,2,2,2,2,2
2020-03-08T19,72.0,141.0,46.9,4.05,13.95,1,1,1,1,1
2020-03-08T20,64.0,121.0,,5.5,,1,1,0,1,0
2020-03-08T21,85.0,146.0,29.775,16.825,11.475,1,1,1,1,1
2020-03-08T22,84.0,129.0,25.6,19.525,10.833,1,1,1,1,1
2020-03-08T23,70.0,106.0,28.525,14.35,16.125,1,1,1,1,1
2020-03-09T00,67.0,107.0,32.4,13.05,17.375,1,1,1,1,1
2020-03-09T01,59.0,88.0,36.667,14.2,22.3,1,1,1,1,1
2020-03-09T02,79.0,121.0,27.45,31.075,27.05,1,1,1,1,1
2020-03-09T03,66.0,103.0,25.35,43.45,28.85,1,1,1,1,1
2020-03-09T04,45.0,101.0,19.375,69.55,22.767,1,1,1,1,1
2020-03-09T05,29.0,101.0,14.9,79.0,20.6,1,1,1,1,1
2020-03-09T06,24.0,100.0,13.567,85.7,15.533,1,1,1,1,1
2020-03-09T07,17.0,95.0,12.8,86.467,14.333,1,1,1,1,1
2020-03-09T08,19.0,95.0,13.0,88.85,12.15,1,1,1,1,1
2020-03-09T09,22.0,90.0,12.8,91.075,12.75,1,1,1,1,1
2020-03-09T10,23.0,96.0,14.35,90.5,12.5,1,1,1,1,1
2020-03-09T11,,86.0,13.5,84.5,16.1,0,1,1,1,1
2020-03-09T12,20.0,86.0,51.9,29.4,16.6,1,1,1,1,1
2020-03-09T13,22.0,95.0,68.175,5.4,17.8,1,1,1,1,1
2020-03-09T14,34.0,135.0,69.475,1.95,21.75,1,1,1,1,1
2020-03-09T15,63.0,169.0,67.65,2.5,25.675,1,1,1,1,1
2020-03-09T16,107.0,229.0,65.075,2.75,27.667,1,1,1,1,1
2020-03-09T17,122.0,237.0,60.1,2.575,24.067,1,1,1,1,1
2020-03-09T18,135.0,248.0,58.7,2.675,23.575,2,2,2,2,2
2020-03-09T19,167.0,272.0,53.5,4.25,25.45,1,1,1,1,1
2020-03-09T20,169.0,271.0,44.4,2.475,21.0,1,1,1,1,1
2020-03-09T21,163.0,256.0,44.3,2.4,20.95,1,1,1,1,1
2020-03-09T22,151.0,223.0,38.075,3.85,19.767,1,1,1,1,1
2020-03-09T23,111.0,174.0,37.35,4.65,14.725,1,1,1,1,1
2020-03-10T00,101.0,164.0,37.7,1.975,13.325,1,1,1,1,1
2020-03-10T01,101.0,191.0,44.325,5.45,15.725,1,1,1,1,1
2020-03-10T02,90.0,185.0,31.733,33.767,58.533,1,1,1,1,1
2020-03-10T03,61.0,119.0,26.025,56.975,35.7,1,1,1,1,1
2020-03-10T04,51.0,127.0,16.733,87.733,26.033,1,1,1,1,1
2020-03-10T05,39.0,106.0,14.4,110.4,28.725,1,1,1,1,1
2020-03-10T06,38.0,113.0,16.375,125.925,32.15,1,1,1,1,1
2020-03-10T07,33.0,112.0,24.367,124.4,36.6,1,1,1,1,1
2020-03-10T08,70.0,152.0,19.975,138.25,35.65,1,1,1,1,1
2020-03-10T09,68.0,177.0,26.7,128.275,37.275,1,1,1,1,1
2020-03-10T10,61.0,163.0,26.45,110.825,36.333,1,1,1,1,1
2020-03-10T11,47.0,151.0,29.45,99.0,37.8,1,1,1,1,1
2020-03-10T12,48.0,146.0,48.975,50.35,29.375,1,1,1,1,1
2020-03-10T13,53.0,162.0,69.475,13.95,24.333,1,1,1,1,1
2020-03-10T14,48.0,174.0,58.3,20.6,24.05,1,1,1,1,1
2020-03-10T15,57.0,136.0,58.45,14.275,23.6,1,1,1,1,1
2020-03-10T16,53.0,130.0,62.6,2.8,23.067,1,1,1,1,1
2020-03-10T17,63.0,139.0,44.325,3.15,15.875,1,1,1,1,1
2020-03-10T18,61.0,113.0,33.975,3.225,13.85,2,2,2,2,2
2020-03-10T19,59.0,125.0,,45.5,12.8,1,1,0,1,1
2020-03-10T20,72.0,143.0,,45.6,16.6,1,1,0,1,1
2020-03-10T21,72.0,156.0,,35.25,17.6,1,1,0,1,1
2020-03-10T22,72.0,149.0,,25.725,18.233,1,1,0,1,1
2020-03-10T23,66.0,114.0,,21.7,13.75,1,1,0,1,1
2020-03-11T00,57.0,92.0,,17.625,11.875,1,1,0,1,1
2020-03-11T01,53.0,80.0,,9.7,15.95,1,1,0,1,1
2020-03-11T02,59.0,112.0,,22.367,15.0,1,1,0,1,1
2020-03-11T03,64.667,121.0,48.55,34.75,17.7,1,1,1,1,1
2020-03-11T04,59.75,120.0,42.2,61.175,16.533,1,1,1,1,1
2020-03-11T05,51.75,117.25,39.7,70.775,20.15,1,1,1,1,1
2020-03-11T06,45.667,118.333,31.667,86.967,23.1,1,1,1,1,1
2020-03-11T07,41.0,119.0,33.0,88.7,22.433,1,1,1,1,1
2020-03-11T08,37.0,98.667,31.933,75.65,21.1,1,1,1,1,1
2020-03-11T09,40.0,95.333,32.433,78.667,21.467,1,1,1,1,1
2020-03-11T10,37.0,94.333,38.067,73.167,22.55,1,1,1,1,1
2020-03-11T11,36.0,95.5,47.85,63.925,26.025,1,1,1,1,1
2020-03-11T12,42.25,103.0,57.8,33.375,24.4,1,1,1,1,1
2020-03-11T13,54.5,125.25,61.733,26.825,28.667,1,1,1,1,1
2020-03-11T14,60.5,133.25,34.35,43.025,27.825,1,1,1,1,1
2020-03-11T15,56.0,119.0,24.5,48.1,27.5,1,1,1,1,1
2020-03-11T16,50.25,108.25,32.725,36.85,26.4,1,1,1,1,1
2020-03-11T17,51.0,100.0,37.833,26.133,25.9,1,1,1,1,1
2020-03-11T18,52.5,90.5,29.116,29.15,24.95,2,2,2,2,2
2020-03-11T19,50.0,88.0,33.0,22.3,23.833,1,1,1,1,1
2020-03-11T20,52.5,113.25,10.2,36.275,17.2,1,1,1,1,1
2020-03-11T21,38.0,182.75,9.175,31.425,18.775,1,1,1,1,1
2020-03-11T22,36.0,193.25,27.075,15.275,20.567,1,1,1,1,1
2020-03-11T23,39.0,201.667,36.2,6.7,20.1,1,1,1,1,1
2020-03-12T00,39.5,195.5,31.275,6.625,21.025,1,1,1,1,1
2020-03-12T01,41.0,167.0,32.15,7.2,25.0,1,1,1,1,1
2020-03-12T02,66.25,165.0,39.925,23.7,29.175,1,1,1,1,1
2020-03-12T03,91.0,156.0,39.133,26.733,33.867,1,1,1,1,1
2020-03-12T04,103.75,176.0,38.45,34.475,34.7,1,1,1,1,1
2020-03-12T05,92.75,167.5,34.575,55.15,27.725,1,1,1,1,1
2020-03-12T06,68.5,159.0,17.6,72.55,18.3,1,1,1,1,1
2020-03-12T07,48.0,149.0,14.467,70.4,14.167,1,1,1,1,1
2020-03-12T08,27.667,115.333,18.1,71.467,15.0,1,1,1,1,1
2020-03-12T09,26.0,116.75,17.525,66.8,11.65,1,1,1,1,1
2020-03-12T10,16.25,111.75,26.55,62.525,10.3,1,1,1,1,1
2020-03-12T11,16.0,109.5,36.15,56.25,17.15,1,1,1,1,1
2020-03-12T12,23.5,119.5,78.7,16.5,23.05,1,1,1,1,1
2020-03-12T13,35.5,155.25,88.2,5.15,25.6,1,1,1,1,1
2020-03-12T14,58.0,213.0,89.233,6.733,38.667,1,1,1,1,1
2020-03-12T15,74.5,279.5,85.0,6.25,43.05,1,1,1,1,1
2020-03-12T16,67.25,268.0,78.625,7.325,42.867,1,1,1,1,1
2020-03-12T17,68.25,254.25,67.55,6.9,29.85,1,1,1,1,1
2020-03-12T18,69.0,249.0,58.55,7.0,26.7,2,2,2,2,2
2020-03-12T19,77.0,201.0,50.4,,27.55,1,1,1,0,1
2020-03-12T20,71.5,178.5,43.7,6.85,16.2,1,1,1,1,1
2020-03-12T21,64.0,172.0,43.4,8.9,21.8,1,1,1,1,1
2020-03-12T22,74.0,184.0,37.0,8.6,24.7,1,1,1,1,1
2020-03-12T23,76.25,184.25,31.35,9.275,21.875,1,1,1,1,1
2020-03-13T00,71.333,169.333,39.067,4.633,19.167,1,1,1,1,1
2020-03-13T01,59.75,156.5,42.5,7.925,30.825,1,1,1,1,1
2020-03-13T02,95.0,212.0,40.4,12.4,40.133,1,1,1,1,1
2020-03-13T03,105.0,215.0,35.067,23.033,29.233,1,1,1,1,1
2020-03-13T04,70.25,198.0,37.675,37.625,17.1,1,1,1,1,1
2020-03-13T05,57.25,191.75,48.0,45.175,19.125,1,1,1,1,1
2020-03-13T06,47.75,194.5,32.525,65.35,15.925,1,1,1,1,1
2020-03-13T07,33.75,176.25,21.125,92.375,14.3,1,1,1,1,1
2020-03-13T08,29.667,186.667,9.9,105.9,13.133,1,1,1,1,1
2020-03-13T09,32.25,246.5,9.175,110.175,15.45,1,1,1,1,1
2020-03-13T10,43.5,336.5,8.75,96.625,16.8,1,1,1,1,1
2020-03-13T11,51.333,345.0,20.3,74.267,30.3,1,1,1,1,1
2020-03-13T12,53.75,309.75,53.625,31.575,25.875,1,1,1,1,1
2020-03-13T13,38.0,203.0,69.75,8.4,30.075,1,1,1,1,1
2020-03-13T14,27.75,107.25,57.95,12.775,17.75,1,1,1,1,1
2020-03-13T15,26.25,107.5,56.775,10.0,20.375,1,1,1,1,1
2020-03-13T16,30.75,117.0,36.575,18.1,18.933,1,1,1,1,1
2020-03-13T17,22.5,66.0,32.35,16.775,16.2,1,1,1,1,1
2020-03-13T18,19.5,55.25,28.65,18.375,15.95,2,2,2,2,2
2020-03-13T19,23.5,49.5,24.825,18.65,17.325,1,1,1,1,1
2020-03-13T20,22.25,48.75,16.3,23.525,18.7,1,1,1,1,1
2020-03-13T21,21.5,49.25,15.775,21.55,18.85,1,1,1,1,1
2020-03-13T22,19.0,45.75,16.425,20.275,18.533,1,1,1,1,1
2020-03-13T23,23.75,47.0,19.175,11.875,14.275,1,1,1,1,1
2020-03-14T00,21.667,38.0,30.6,21.067,13.967,1,1,1,1,1
2020-03-14T01,24.75,43.25,20.45,15.85,15.9,1,1,1,1,1
2020-03-14T02,25.5,46.75,27.65,16.65,19.375,1,1,1,1,1
2020-03-14T03,30.0,63.0,21.3,24.567,22.033,1,1,1,1,1
2020-03-14T04,30.0,65.5,19.6,35.2,22.1,1,1,1,1,1
2020-03-14T05,32.0,77.75,14.825,46.3,20.275,1,1,1,1,1
2020-03-14T06,38.0,74.0,23.0,52.9,17.933,1,1,1,1,1
2020-03-14T07,35.0,85.5,32.725,47.825,18.7,1,1,1,1,1
2020-03-14T08,38.0,99.0,26.3,44.05,21.05,1,1,1,1,1
2020-03-14T10,38.0,58.0,43.1,42.2,22.7,1,1,1,1,1
2020-03-14T11,42.5,72.0,66.25,17.9,19.4,1,1,1,1,1
2020-03-14T12,46.25,89.25,55.35,15.625,18.5,1,1,1,1,1
2020-03-14T13,44.75,116.75,52.5,9.525,16.85,1,1,1,1,1
2020-03-14T14,50.0,122.25,53.25,6.025,19.55,1,1,1,1,1
2020-03-14T15,58.5,111.25,43.325,5.975,21.233,1,1,1,1,1
2020-03-14T16,56.0,104.75,54.575,5.225,22.9,1,1,1,1,1
2020-03-14T17,54.25,103.5,37.7,16.125,19.8,1,1,1,1,1
2020-03-14T18,54.334,83.0,37.683,11.267,16.916,2,2,2,2,2
2020-03-14T19,37.0,79.5,46.025,16.85,16.775,1,1,1,1,1
2020-03-14T20,39.75,85.0,38.8,15.05,17.3,1,1,1,1,1
2020-03-14T21,39.75,88.0,28.05,10.25,17.325,1,1,1,1,1
2020-03-14T22,42.0,88.0,25.9,8.75,16.767,1,1,1,1,1
2020-03-14T23,43.0,90.25,28.125,8.175,16.95,1,1,1,1,1
2020-03-15T00,49.75,103.0,31.025,7.725,17.325,1,1,1,1,1
2020-03-15T01,62.75,125.5,33.25,9.875,19.425,1,1,1,1,1
2020-03-15T02,71.75,145.75,62.05,38.375,26.55,1,1,1,1,1
2020-03-15T03,76.0,152.5,37.6,66.35,34.225,1,1,1,1,1
2020-03-15T04,55.5,109.0,27.0,68.425,40.567,1,1,1,1,1
2020-03-15T05,53.75,95.75,13.55,85.25,32.45,1,1,1,1,1
2020-03-15T06,41.5,81.75,8.5,95.1,20.95,1,1,1,1,1
2020-03-15T07,33.0,76.0,5.1,102.025,12.975,1,1,1,1,1
2020-03-15T08,28.5,70.75,2.633,102.125,7.675,1,1,1,1,1
2020-03-15T09,23.5,72.75,12.0,96.2,6.825,1,1,1,1,1
2020-03-15T10,22.5,70.0,4.8,103.75,8.267,1,1,1,1,1
2020-03-15T11,26.75,70.75,15.075,96.975,21.85,1,1,1,1,1
2020-03-15T12,37.5,96.5,47.075,54.35,25.225,1,1,1,1,1
2020-03-15T13,45.75,123.5,86.75,8.45,24.275,1,1,1,1,1
2020-03-15T14,52.5,161.75,80.95,6.425,30.625,1,1,1,1,1
2020-03-15T15,66.0,182.0,76.167,7.067,33.6,1,1,1,1,1
2020-03-15T16,66.25,169.0,63.075,8.8,33.333,1,1,1,1,1
2020-03-15T17,61.0,157.0,60.6,7.833,25.667,1,1,1,1,1
2020-03-15T18,62.0,138.75,51.1,10.075,22.0,2,2,2,2,2
2020-03-15T19,63.75,135.0,45.9,10.4,19.35,1,1,1,1,1
2020-03-15T20,69.25,136.25,34.0,13.2,19.4,1,1,1,1,1
2020-03-15T21,67.0,134.0,33.725,11.3,18.3,1,1,1,1,1
2020-03-15T22,58.0,116.0,27.45,14.5,18.9,1,1,1,1,1
2020-03-15T23,71.0,125.25,32.075,9.875,19.675,1,1,1,1,1
2020-03-16T00,77.0,137.75,40.025,7.025,19.65,1,1,1,1,1
2020-03-16T01,81.75,156.75,43.275,12.0,27.525,1,1,1,1,1
2020-03-16T02,97.5,188.0,37.95,23.925,35.15,1,1,1,1,1
2020-03-16T03,102.0,185.0,22.35,43.45,31.55,1,1,1,1,1
2020-03-16T04,39.667,114.333,11.633,77.2,20.3,1,1,1,1,1
2020-03-16T05,54.75,123.75,12.975,93.1,22.05,1,1,1,1,1
2020-03-16T06,70.25,126.75,9.825,103.65,18.35,1,1,1,1,1
2020-03-16T07,43.0,103.0,5.35,113.35,14.95,1,1,1,1,1
2020-03-16T08,39.0,95.0,6.767,118.2,15.6,1,1,1,1,1
2020-03-16T09,35.0,101.0,2.8,108.15,16.2,1,1,1,1,1
2020-03-16T10,33.333,83.667,4.733,105.633,19.8,1,1,1,1,1
2020-03-16T11,30.0,81.5,12.45,88.975,18.175,1,1,1,1,1
2020-03-16T12,30.25,92.25,62.55,27.15,16.05,1,1,1,1,1
2020-03-16T13,32.0,108.25,82.95,4.225,17.3,1,1,1,1,1
2020-03-16T14,39.5,143.0,76.45,4.375,22.425,1,1,1,1,1
2020-03-16T15,55.75,195.75,74.875,5.575,26.725,1,1,1,1,1
2020-03-16T16,66.25,213.25,67.875,6.1,32.1,1,1,1,1,1
2020-03-16T17,77.5,220.5,62.7,7.475,26.975,1,1,1,1,1
2020-03-16T18,92.334,211.0,57.584,7.617,22.5,2,2,2,2,2
2020-03-16T19,95.75,194.25,56.125,9.25,19.525,1,1,1,1,1
2020-03-16T20,85.25,168.75,47.7,6.85,13.1,1,1,1,1,1
2020-03-16T21,81.0,149.5,41.975,8.6,13.35,1,1,1,1,1
2020-03-16T22,73.75,136.75,32.625,13.25,15.0,1,1,1,1,1
2020-03-16T23,68.25,129.75,39.2,8.575,16.45,1,1,1,1,1
2020-03-17T00,67.25,134.75,42.375,6.35,14.6,1,1,1,1,1
2020-03-17T01,90.5,169.75,50.175,11.825,23.5,1,1,1,1,1
2020-03-17T02,118.25,215.0,37.325,34.525,29.55,1,1,1,1,1
2020-03-17T03,93.25,176.5,16.25,70.475,24.375,1,1,1,1,1
2020-03-17T04,52.25,135.75,15.175,93.375,19.1,1,1,1,1,1
2020-03-17T05,49.75,136.0,7.775,109.925,24.475,1,1,1,1,1
2020-03-17T06,37.75,106.25,4.25,112.45,21.4,1,1,1,1,1
2020-03-17T07,30.25,87.75,1.75,111.55,22.325,1,1,1,1,1
2020-03-17T08,27.0,81.75,1.425,110.225,20.225,1,1,1,1,1
2020-03-17T09,26.333,79.667,2.167,118.533,19.6,1,1,1,1,1
2020-03-17T10,31.5,89.0,4.15,112.875,19.567,1,1,1,1,1
2020-03-17T11,32.0,83.0,12.725,90.575,22.95,1,1,1,1,1
2020-03-17T12,28.5,86.5,54.925,42.225,20.925,1,1,1,1,1
2020-03-17T13,30.25,105.75,90.125,4.975,20.225,1,1,1,1,1
2020-03-17T14,40.0,132.0,92.3,3.567,25.833,1,1,1,1,1
2020-03-17T15,57.75,176.75,85.275,5.375,33.425,1,1,1,1,1
2020-03-17T16,68.0,194.75,77.0,6.1,38.633,1,1,1,1,1
2020-03-17T17,74.0,206.0,67.6,5.433,27.2,1,1,1,1,1
2020-03-17T18,78.0,205.0,59.7,5.8,22.1,2,2,2,2,2
2020-03-17T19,88.0,187.0,66.933,10.4,22.867,1,1,1,1,1
2020-03-17T20,93.667,173.667,74.6,19.9,15.9,1,1,1,1,1
2020-03-17T21,75.75,143.0,58.3,14.675,16.15,1,1,1,1,1
2020-03-17T22,72.5,139.75,45.75,11.05,13.633,1,1,1,1,1
2020-03-17T23,71.0,128.75,45.25,8.75,14.5,1,1,1,1,1
2020-03-18T00,65.0,131.25,50.75,7.075,16.825,1,1,1,1,1
2020-03-18T01,74.25,153.25,45.95,20.15,20.75,1,1,1,1,1
2020-03-18T02,78.75,164.5,31.0,47.0,25.625,1,1,1,1,1
2020-03-18T03,80.5,175.25,19.2,73.8,26.0,1,1,1,1,1
2020-03-18T04,50.5,177.75,12.5,96.95,22.1,1,1,1,1,1
2020-03-18T05,46.0,126.5,7.55,114.75,21.175,1,1,1,1,1
2020-03-18T06,41.667,113.667,2.433,116.2,19.767,1,1,1,1,1
2020-03-18T07,31.75,102.0,1.25,113.5,16.675,1,1,1,1,1
2020-03-18T08,27.75,97.75,0.8,113.575,13.725,1,1,1,1,1
2020-03-18T09,28.5,97.0,4.15,116.375,17.575,1,1,1,1,1
2020-03-18T10,31.5,103.5,5.3,102.8,19.2,1,1,1,1,1
2020-03-18T11,27.25,93.5,15.575,83.425,18.775,1,1,1,1,1
2020-03-18T12,28.75,94.0,78.225,21.075,23.0,1,1,1,1,1
2020-03-18T13,33.0,123.5,87.175,3.125,24.15,1,1,1,1,1
2020-03-18T14,42.0,145.5,83.1,3.95,26.925,1,1,1,1,1
2020-03-18T15,53.5,170.75,82.85,4.125,31.95,1,1,1,1,1
2020-03-18T16,63.25,199.5,74.875,5.325,36.567,1,1,1,1,1
2020-03-18T17,71.333,215.667,73.233,5.267,36.633,1,1,1,1,1
2020-03-18T18,76.0,234.334,60.117,5.883,38.733,2,2,2,2,2
2020-03-18T19,85.25,231.0,51.375,8.35,40.0,1,1,1,1,1
2020-03-18T20,80.5,188.75,40.4,7.05,26.7,1,1,1,1,1
2020-03-18T21,72.25,151.5,46.7,6.975,27.225,1,1,1,1,1
2020-03-18T22,71.0,151.25,39.925,6.15,28.633,1,1,1,1,1
2020-03-18T23,76.5,162.75,42.5,6.15,23.325,1,1,1,1,1
2020-03-19T00,97.0,211.0,52.833,7.8,24.8,1,1,1,1,1
2020-03-19T01,131.25,265.5,51.075,9.35,31.125,1,1,1,1,1
2020-03-19T02,164.0,280.25,47.1,21.75,46.875,1,1,1,1,1
2020-03-19T03,188.0,284.0,31.3,51.15,46.35,1,1,1,1,1
2020-03-19T04,103.5,181.25,12.4,89.9,28.067,1,1,1,1,1
2020-03-19T05,69.333,148.333,20.8,98.567,32.667,1,1,1,1,1
2020-03-19T06,60.75,147.25,12.375,111.5,34.0,1,1,1,1,1
2020-03-19T07,46.667,124.667,6.1,122.133,25.6,1,1,1,1,1
2020-03-19T08,37.0,111.25,2.475,123.075,18.55,1,1,1,1,1
2020-03-19T09,36.0,107.5,1.8,118.15,21.85,1,1,1,1,1
2020-03-19T10,41.75,115.75,4.7,127.775,24.3,1,1,1,1,1
2020-03-19T11,52.25,126.0,16.85,102.25,28.175,1,1,1,1,1
2020-03-19T12,50.75,127.25,48.475,58.0,28.1,1,1,1,1,1
2020-03-19T13,55.75,148.5,58.4,34.275,27.375,1,1,1,1,1
2020-03-19T14,63.5,172.5,83.35,10.375,26.425,1,1,1,1,1
2020-03-19T15,66.25,170.75,79.5,5.9,30.875,1,1,1,1,1
2020-03-19T16,80.5,179.75,73.675,5.125,33.0,1,1,1,1,1
2020-03-19T17,86.0,180.25,68.15,5.2,23.45,1,1,1,1,1
2020-03-19T18,92.5,180.0,67.367,6.35,21.4,2,2,2,2,2
2020-03-19T19,112.25,211.75,67.675,8.25,28.725,1,1,1,1,1
2020-03-19T20,107.667,208.333,62.8,8.7,19.7,1,1,1,1,1
2020-03-19T21,79.0,149.75,48.7,17.325,20.0,1,1,1,1,1
2020-03-19T22,60.25,115.25,57.625,6.55,16.167,1,1,1,1,1
2020-03-19T23,59.5,117.75,51.1,7.625,16.95,1,1,1,1,1
2020-03-20T00,62.75,128.5,43.0,5.367,16.133,1,1,1,1,1
2020-03-20T01,62.5,130.25,51.45,20.425,20.5,1,1,1,1,1
2020-03-20T02,90.0,193.0,87.775,260.5,115.275,1,1,1,1,1
2020-03-20T03,136.0,263.25,76.175,135.825,106.075,1,1,1,1,1
2020-03-20T04,122.0,249.5,66.2,128.775,110.333,1,1,1,1,1
2020-03-20T05,118.75,265.25,30.175,141.0,60.575,1,1,1,1,1
2020-03-20T06,100.25,222.75,20.225,164.2,54.175,1,1,1,1,1
2020-03-20T07,101.0,210.0,20.333,163.9,43.7,1,1,1,1,1
2020-03-20T08,72.0,168.25,32.35,125.575,32.625,1,1,1,1,1
2020-03-20T09,61.75,155.25,28.5,120.225,31.3,1,1,1,1,1
2020-03-20T10,56.5,164.25,52.95,86.825,30.167,1,1,1,1,1
2020-03-20T11,52.25,155.25,68.95,64.425,32.55,1,1,1,1,1
2020-03-20T12,56.75,170.0,126.3,9.625,35.2,1,1,1,1,1
2020-03-20T13,72.25,207.75,124.475,5.2,38.4,1,1,1,1,1
2020-03-20T14,86.0,253.25,109.95,5.4,41.15,1,1,1,1,1
2020-03-20T15,91.5,268.75,101.6,6.525,44.6,1,1,1,1,1
2020-03-20T16,102.25,272.75,92.35,6.875,50.7,1,1,1,1,1
2020-03-20T17,105.25,246.75,81.725,7.55,24.725,1,1,1,1,1
2020-03-20T18,85.5,203.834,72.667,5.867,12.0,2,2,2,2,2
2020-03-20T19,88.25,190.75,68.25,6.45,10.375,1,1,1,1,1
2020-03-20T20,89.0,199.0,,4.1,,1,1,0,1,0
2020-03-20T21,59.25,137.25,45.975,5.25,3.975,1,1,1,1,1
2020-03-20T22,43.75,108.5,41.5,5.325,2.8,1,1,1,1,1
2020-03-20T23,41.0,107.5,40.8,5.55,13.825,1,1,1,1,1
2020-03-21T00,46.75,128.5,34.325,4.7,17.7,1,1,1,1,1
2020-03-21T01,46.0,120.667,46.0,9.567,21.633,1,1,1,1,1
2020-03-21T02,38.333,106.333,28.633,25.233,23.9,1,1,1,1,1
2020-03-21T03,59.0,127.0,21.167,45.067,38.233,1,1,1,1,1
2020-03-21T04,95.0,183.667,12.5,79.167,34.95,1,1,1,1,1
2020-03-21T05,74.75,162.5,18.325,113.15,35.375,1,1,1,1,1
2020-03-21T06,76.0,172.333,23.733,139.533,37.3,1,1,1,1,1
2020-03-21T07,78.333,181.333,20.1,154.967,36.4,1,1,1,1,1
2020-03-21T08,75.0,178.0,5.6,158.4,32.1,1,1,1,1,1
2020-03-21T09,65.0,149.667,8.733,120.8,35.333,1,1,1,1,1
2020-03-21T10,56.333,128.667,6.35,103.367,24.3,1,1,1,1,1
2020-03-21T11,35.333,92.667,12.733,86.2,31.233,1,1,1,1,1
2020-03-21T12,36.5,99.5,65.6,28.675,30.325,1,1,1,1,1
2020-03-21T13,40.0,116.75,88.3,3.9,32.825,1,1,1,1,1
2020-03-21T14,52.5,136.0,76.0,4.85,31.9,1,1,1,1,1
2020-03-21T15,73.333,182.0,77.867,6.633,40.033,1,1,1,1,1
2020-03-21T16,102.25,233.75,79.225,6.5,44.767,1,1,1,1,1
2020-03-21T17,108.0,216.75,78.3,7.65,26.85,1,1,1,1,1
2020-03-21T18,122.666,220.834,66.534,8.934,14.1,2,2,2,2,2
2020-03-21T19,121.75,212.5,46.575,28.6,19.85,1,1,1,1,1
2020-03-21T20,122.25,198.25,37.1,29.65,21.5,1,1,1,1,1
2020-03-21T21,114.5,176.25,40.125,45.725,28.325,1,1,1,1,1
2020-03-21T22,101.5,163.0,36.175,23.75,19.067,1,1,1,1,1
2020-03-21T23,85.0,137.75,35.975,14.5,22.95,1,1,1,1,1
2020-03-22T00,85.0,134.0,33.833,12.7,25.267,1,1,1,1,1
2020-03-22T01,98.75,157.75,38.825,29.825,35.65,1,1,1,1,1
2020-03-22T02,101.25,160.5,21.175,40.725,51.75,1,1,1,1,1
2020-03-22T03,75.5,117.0,16.575,60.525,43.175,1,1,1,1,1
2020-03-22T04,71.75,110.75,9.075,87.725,31.833,1,1,1,1,1
2020-03-22T05,55.75,92.5,3.7,105.125,28.675,1,1,1,1,1
2020-03-22T06,53.25,92.75,0.5,108.925,27.25,1,1,1,1,1
2020-03-22T07,47.25,88.25,,109.5,26.025,1,1,0,1,1
2020-03-22T08,41.5,81.75,,101.825,25.1,1,1,0,1,1
2020-03-22T09,30.0,67.25,,91.325,21.9,1,1,0,1,1
2020-03-22T10,29.333,63.333,,91.0,22.4,1,1,0,1,1
2020-03-22T11,31.25,64.25,,84.775,22.375,1,1,0,1,1
2020-03-22T12,25.0,61.75,2.15,74.25,23.3,1,1,1,1,1
2020-03-22T13,32.0,72.0,7.65,59.5,23.4,1,1,1,1,1
2020-03-22T14,37.75,80.0,13.275,47.375,24.575,1,1,1,1,1
2020-03-22T15,46.0,88.5,20.375,35.525,24.925,1,1,1,1,1
2020-03-22T16,45.75,92.75,14.175,39.0,25.0,1,1,1,1,1
2020-03-22T17,43.75,83.25,33.2,20.425,21.875,1,1,1,1,1
2020-03-22T18,40.166,83.5,44.484,10.6,22.117,2,2,2,2,2
2020-03-22T19,40.5,77.25,5.525,44.25,24.825,1,1,1,1,1
2020-03-22T20,40.5,68.25,18.2,33.325,26.1,1,1,1,1,1
2020-03-22T21,46.5,76.25,25.725,17.15,27.7,1,1,1,1,1
2020-03-22T22,51.5,80.75,16.175,18.35,25.667,1,1,1,1,1
2020-03-22T23,54.0,82.0,9.067,25.133,20.8,1,1,1,1,1
2020-03-23T00,55.75,80.75,17.575,18.5,21.975,1,1,1,1,1
2020-03-23T01,59.75,94.0,30.25,18.075,22.875,1,1,1,1,1
2020-03-23T02,75.0,131.0,30.05,28.325,26.975,1,1,1,1,1
2020-03-23T03,85.25,149.0,10.425,56.65,42.375,1,1,1,1,1
2020-03-23T04,107.0,167.0,4.0,75.5,35.533,1,1,1,1,1
2020-03-23T15,42.0,103.0,62.8,5.0,29.5,1,1,1,1,1
2020-03-23T16,53.0,137.0,55.4,4.933,32.4,1,1,1,1,1
2020-03-23T17,54.75,116.0,49.8,4.85,23.2,1,1,1,1,1
2020-03-23T18,48.0,101.0,47.8,5.3,17.45,2,2,2,2,2
2020-03-23T19,61.25,113.25,44.4,6.7,20.5,1,1,1,1,1
2020-03-23T20,83.75,141.5,32.7,9.5,22.5,1,1,1,1,1
2020-03-23T21,77.333,116.667,26.233,22.133,29.0,1,1,1,1,1
2020-03-23T22,78.0,118.75,23.175,29.4,31.833,1,1,1,1,1
2020-03-23T23,77.0,121.5,31.2,15.1,24.325,1,1,1,1,1
2020-03-24T00,73.0,123.5,38.45,10.425,25.3,1,1,1,1,1
2020-03-24T01,70.5,130.0,36.0,11.75,28.825,1,1,1,1,1
2020-03-24T02,72.5,146.0,28.8,26.4,32.625,1,1,1,1,1
2020-03-24T03,72.0,144.0,17.55,46.55,31.65,1,1,1,1,1
2020-03-24T04,60.0,124.667,10.967,65.267,42.65,1,1,1,1,1
2020-03-24T05,51.667,120.0,4.733,87.433,40.3,1,1,1,1,1
2020-03-24T06,58.0,125.0,2.0,90.175,38.8,1,1,1,1,1
2020-03-24T07,55.0,116.0,,92.9,34.85,1,1,0,1,1
2020-03-24T08,44.0,103.0,,91.3,28.3,1,1,0,1,1
2020-03-24T09,42.25,102.5,8.225,80.875,27.525,1,1,1,1,1
2020-03-24T10,38.0,126.333,4.8,61.4,22.0,1,1,1,1,1
2020-03-24T11,22.0,153.0,0.7,44.933,19.133,1,1,1,1,1
2020-03-24T12,9.5,30.0,12.125,29.3,21.867,1,1,1,1,1
2020-03-24T13,14.5,43.25,20.65,23.825,21.267,1,1,1,1,1
2020-03-24T14,16.0,56.0,17.2,25.7,23.033,1,1,1,1,1
2020-03-24T15,18.667,58.333,28.633,7.767,23.5,1,1,1,1,1
2020-03-24T16,21.75,51.25,24.475,4.2,24.333,1,1,1,1,1
2020-03-24T17,27.0,46.0,24.35,5.05,18.4,1,1,1,1,1
2020-03-24T18,19.0,42.0,23.467,4.7,14.2,1,1,1,1,1
2020-03-24T19,18.25,41.5,22.05,6.45,18.475,1,1,1,1,1
2020-03-24T20,22.5,41.75,19.2,5.05,14.5,1,1,1,1,1
2020-03-24T21,24.25,47.0,17.125,4.975,14.3,1,1,1,1,1
2020-03-24T22,28.75,53.75,16.05,6.4,16.733,1,1,1,1,1
2020-03-24T23,41.0,75.25,12.425,7.175,16.75,1,1,1,1,1
2020-03-25T00,45.5,79.5,10.6,6.225,16.65,1,1,1,1,1
2020-03-25T01,51.25,83.25,23.325,9.9,20.975,1,1,1,1,1
2020-03-25T02,54.0,90.0,19.925,23.175,25.575,1,1,1,1,1
2020-03-25T03,51.0,90.0,13.267,40.767,22.667,1,1,1,1,1
2020-03-25T04,42.0,78.0,2.4,63.8,30.55,1,1,1,1,1
2020-03-25T05,18.75,61.25,0.3,77.725,30.75,1,1,1,1,1
2020-03-25T06,18.333,60.0,,81.2,19.967,1,1,0,1,1
2020-03-25T08,12.0,57.0,,67.1,20.4,1,1,0,1,1
2020-03-25T09,12.333,40.667,,61.667,20.033,1,1,0,1,1
2020-03-25T10,13.0,42.0,,62.05,21.8,1,1,0,1,1
2020-03-25T11,15.0,54.0,,58.6,23.85,1,1,0,1,1
2020-03-25T12,17.0,58.0,,54.4,22.45,1,1,0,1,1
2020-03-25T13,25.0,65.5,7.775,36.95,23.1,1,1,1,1,1
2020-03-25T14,34.0,72.0,7.1,38.7,23.5,1,1,1,1,1
2020-03-25T15,40.0,74.0,12.5,28.8,23.9,1,1,1,1,1
2020-03-25T16,38.0,75.0,6.1,25.4,,1,1,1,1,0
2020-03-25T17,40.667,93.333,7.333,19.833,18.767,1,1,1,1,1
2020-03-25T18,66.0,135.0,4.467,22.967,26.833,1,1,1,1,1
2020-03-25T19,99.333,139.333,0.2,28.45,32.733,1,1,1,1,1
2020-03-25T20,70.667,110.333,,35.133,20.4,1,1,0,1,1
2020-03-25T21,32.0,64.667,,34.767,17.0,1,1,0,1,1
2020-03-26T00,33.5,58.0,5.65,13.725,21.975,1,1,1,1,1
2020-03-26T01,45.5,82.0,4.1,22.45,30.55,1,1,1,1,1
2020-03-26T02,50.0,85.0,2.7,30.0,28.2,1,1,1,1,1
2020-03-26T03,25.0,62.0,,42.8,24.45,1,1,0,1,1
2020-03-26T04,27.0,68.0,,48.75,22.95,1,1,0,1,1
2020-03-26T05,19.0,52.0,,46.0,24.5,1,1,0,1,1
2020-03-26T06,19.0,52.0,,47.6,23.7,1,1,0,1,1
2020-03-26T07,15.0,44.5,,47.8,24.45,1,1,0,1,1
2020-03-26T08,13.0,39.0,,45.1,19.4,1,1,0,1,1
2020-03-26T09,15.333,44.0,,43.567,18.7,1,1,0,1,1
2020-03-26T10,15.667,48.667,,42.867,16.4,1,1,0,1,1
2020-03-26T11,11.0,42.667,0.2,42.6,18.433,1,1,1,1,1
2020-03-26T12,14.5,49.5,1.4,39.5,19.85,1,1,1,1,1
2020-03-26T13,20.5,56.75,4.133,32.675,20.675,1,1,1,1,1
2020-03-26T14,31.25,67.25,6.9,25.25,21.5,1,1,1,1,1
2020-03-26T15,41.333,82.333,8.233,17.8,21.533,1,1,1,1,1
2020-03-26T16,45.0,82.667,19.967,8.9,22.1,1,1,1,1,1
2020-03-26T17,50.25,87.0,10.7,10.45,21.5,1,1,1,1,1
2020-03-26T18,57.0,99.0,6.367,13.95,26.617,2,2,2,2,2
2020-03-26T19,92.5,133.0,2.0,25.15,37.9,1,1,1,1,1
2020-03-26T20,52.75,85.25,,26.35,24.2,1,1,0,1,1
2020-03-26T21,19.0,41.75,,27.3,23.225,1,1,0,1,1
2020-03-26T22,16.25,40.25,,29.9,21.967,1,1,0,1,1
2020-03-26T23,7.75,30.0,5.85,19.85,16.2,1,1,1,1,1
2020-03-27T00,8.0,33.5,9.025,10.825,15.55,1,1,1,1,1
2020-03-27T01,12.75,39.0,13.75,9.75,19.05,1,1,1,1,1
2020-03-27T02,20.333,53.333,9.267,10.0,19.567,1,1,1,1,1
2020-03-27T03,26.25,56.25,8.15,13.35,18.475,1,1,1,1,1
2020-03-27T04,30.25,48.75,5.6,15.775,19.167,1,1,1,1,1
2020-03-27T05,32.667,45.333,8.167,25.867,15.2,1,1,1,1,1
2020-03-27T06,31.25,47.75,1.8,39.75,18.625,1,1,1,1,1
2020-03-27T07,14.75,32.0,,42.925,14.85,1,1,0,1,1
2020-03-27T08,7.5,21.25,2.2,41.2,16.375,1,1,1,1,1
2020-03-27T09,6.333,16.667,,49.667,13.967,1,1,0,1,1
2020-03-27T10,7.25,19.25,,50.675,12.3,1,1,0,1,1
2020-03-27T11,9.0,24.667,,49.933,19.367,1,1,0,1,1
2020-03-27T12,11.25,29.75,,47.375,21.65,1,1,0,1,1
2020-03-27T13,12.25,35.0,0.0,43.6,23.1,1,1,1,1,1
2020-03-27T14,13.0,34.0,2.0,39.9,21.8,1,1,1,1,1
2020-03-27T15,11.75,27.25,,34.925,21.225,1,1,0,1,1
2020-03-27T16,8.75,16.75,9.2,23.025,21.867,1,1,1,1,1
2020-03-27T17,10.25,17.75,2.85,23.95,14.225,1,1,1,1,1
2020-03-27T18,8.0,14.0,7.15,16.9,13.85,2,2,2,2,2
2020-03-27T19,15.0,24.5,8.0,10.2,15.1,1,1,1,1,1
2020-03-27T20,14.0,25.0,,8.733,,1,1,0,1,0
2020-03-27T21,12.5,23.0,5.625,7.0,13.0,1,1,1,1,1
2020-03-27T22,11.0,21.75,5.9,8.3,16.9,1,1,1,1,1
2020-03-27T23,11.5,18.5,1.875,11.6,19.55,1,1,1,1,1
2020-03-28T00,15.25,25.25,5.5,8.6,22.45,1,1,1,1,1
2020-03-28T01,25.667,43.333,4.967,15.8,23.167,1,1,1,1,1
2020-03-28T02,31.0,44.75,1.433,27.875,23.875,1,1,1,1,1
2020-03-28T03,22.25,32.25,,37.925,18.975,1,1,0,1,1
2020-03-28T04,12.75,23.0,,46.625,17.433,1,1,0,1,1
2020-03-28T05,9.0,20.0,,54.1,17.1,1,1,0,1,1
2020-03-28T06,15.0,26.0,,55.5,15.575,1,1,0,1,1
2020-03-28T07,9.0,17.0,,54.533,17.133,1,1,0,1,1
2020-03-28T08,7.25,20.0,,54.5,15.75,1,1,0,1,1
2020-03-28T09,4.25,19.5,,54.85,15.45,1,1,0,1,1
2020-03-28T10,2.75,19.5,,56.7,15.7,1,1,0,1,1
2020-03-28T11,6.5,24.25,,56.975,17.75,1,1,0,1,1
2020-03-28T12,10.0,23.75,,52.275,18.85,1,1,0,1,1
2020-03-28T13,8.5,23.5,4.733,37.55,17.7,1,1,1,1,1
2020-03-28T14,15.25,38.0,13.725,23.75,19.1,1,1,1,1,1
2020-03-28T15,25.5,52.75,14.35,20.5,21.225,1,1,1,1,1
2020-03-28T16,36.0,60.5,11.975,23.025,22.933,1,1,1,1,1
2020-03-28T17,34.5,57.0,2.7,30.5,20.925,1,1,1,1,1
2020-03-28T18,27.834,49.5,,34.15,19.733,2,2,0,2,2
2020-03-28T19,18.5,40.25,,34.65,20.875,1,1,0,1,1
2020-03-28T20,21.25,36.5,,34.2,18.1,1,1,0,1,1
2020-03-28T21,17.0,41.0,0.5,26.075,16.475,1,1,1,1,1
2020-03-28T22,20.75,42.25,,28.825,21.167,1,1,0,1,1
2020-03-28T23,22.0,47.0,,30.125,20.85,1,1,0,1,1
2020-03-29T00,23.25,52.0,,27.375,21.8,1,1,0,1,1
2020-03-29T01,35.0,60.0,,29.5,24.05,1,1,0,1,1
2020-03-29T02,30.75,63.5,,44.467,23.8,1,1,0,1,1
2020-03-29T03,22.5,74.75,6.275,51.125,19.65,1,1,1,1,1
2020-03-29T04,18.0,113.0,6.733,57.9,17.867,1,1,1,1,1
2020-03-29T05,17.333,57.0,5.267,62.667,15.967,1,1,1,1,1
2020-03-29T06,11.0,51.333,5.167,66.967,14.367,1,1,1,1,1
2020-03-29T07,9.0,44.75,5.5,66.8,14.7,1,1,1,1,1
2020-03-29T08,8.5,41.0,4.4,66.45,13.95,1,1,1,1,1
2020-03-29T09,7.75,36.5,5.3,70.175,14.125,1,1,1,1,1
2020-03-29T10,7.333,40.667,5.4,71.25,14.15,1,1,1,1,1
2020-03-29T11,7.333,39.667,5.2,69.233,11.833,1,1,1,1,1
2020-03-29T12,6.667,39.667,5.933,64.633,10.533,1,1,1,1,1
2020-03-29T13,11.667,44.667,9.933,54.567,10.967,1,1,1,1,1
2020-03-29T14,20.5,55.75,14.55,46.3,13.55,1,1,1,1,1
2020-03-29T15,27.0,68.5,15.85,40.9,14.425,1,1,1,1,1
2020-03-29T16,33.0,73.0,11.833,46.367,15.933,1,1,1,1,1
2020-03-29T17,29.333,61.667,8.8,49.333,17.467,1,1,1,1,1
2020-03-29T18,25.5,54.75,7.225,48.35,18.45,2,2,2,2,2
2020-03-29T19,20.0,47.333,6.9,50.2,18.833,1,1,1,1,1
2020-03-29T20,23.0,47.0,7.4,50.7,16.9,1,1,1,1,1
2020-03-29T21,20.667,48.667,6.4,55.867,15.433,1,1,1,1,1
2020-03-29T22,22.5,46.5,15.575,43.25,19.833,1,1,1,1,1
2020-03-29T23,24.0,48.0,22.0,29.8,17.85,1,1,1,1,1
2020-03-30T02,101.0,141.0,10.8,44.533,47.733,1,1,1,1,1
2020-03-30T03,79.25,113.0,7.975,59.0,38.225,1,1,1,1,1
2020-03-30T04,43.0,76.0,7.7,70.267,31.45,1,1,1,1,1
2020-03-30T05,35.0,67.5,6.95,74.5,23.375,1,1,1,1,1
2020-03-30T06,16.25,47.25,6.625,78.85,18.675,1,1,1,1,1
2020-03-30T07,13.75,42.25,5.6,78.625,15.15,1,1,1,1,1
2020-03-30T08,13.0,34.0,6.6,79.433,16.767,1,1,1,1,1
2020-03-30T09,11.25,36.0,6.25,79.975,17.475,1,1,1,1,1
2020-03-30T10,9.75,36.0,5.925,78.575,18.0,1,1,1,1,1
2020-03-30T11,12.0,35.667,6.5,76.267,16.567,1,1,1,1,1
2020-03-30T12,12.25,35.75,7.0,71.75,15.35,1,1,1,1,1
2020-03-30T13,13.0,38.0,10.567,62.433,14.433,1,1,1,1,1
2020-03-30T14,22.75,57.0,18.225,46.2,17.9,1,1,1,1,1
2020-03-30T15,31.0,69.0,22.833,34.167,21.8,1,1,1,1,1
2020-03-30T16,50.0,89.5,22.875,25.9,21.767,1,1,1,1,1
2020-03-30T17,50.0,88.0,22.133,24.933,17.2,1,1,1,1,1
2020-03-30T18,53.666,90.666,18.55,26.534,18.416,2,2,2,2,2
2020-03-30T19,61.25,97.0,16.45,29.3,19.8,1,1,1,1,1
2020-03-30T20,55.5,85.0,13.3,34.075,16.3,1,1,1,1,1
2020-03-30T21,42.75,63.25,11.375,33.275,13.2,1,1,1,1,1
2020-03-30T22,36.75,53.25,12.325,33.725,18.5,1,1,1,1,1
2020-03-30T23,39.25,59.75,19.975,25.675,22.475,1,1,1,1,1
2020-03-31T00,39.0,66.25,18.7,27.6,22.7,1,1,1,1,1
2020-03-31T01,36.5,62.5,14.85,35.8,22.975,1,1,1,1,1
2020-03-31T02,34.0,65.0,11.925,52.825,28.55,1,1,1,1,1
2020-03-31T03,20.5,57.5,11.325,62.025,29.25,1,1,1,1,1
2020-03-31T04,16.5,53.5,10.725,77.9,26.667,1,1,1,1,1
2020-03-31T05,18.0,55.0,10.3,93.633,34.167,1,1,1,1,1
2020-03-31T06,22.0,50.0,9.3,95.167,28.233,1,1,1,1,1
2020-03-31T07,16.0,48.0,7.425,86.85,24.767,1,1,1,1,1
2020-03-31T08,14.0,49.5,6.975,78.6,22.6,1,1,1,1,1
2020-03-31T09,8.75,44.75,6.8,73.65,21.625,1,1,1,1,1
2020-03-31T10,11.25,47.0,7.95,73.975,24.2,1,1,1,1,1
2020-03-31T11,12.0,56.0,7.367,70.733,19.433,1,1,1,1,1
2020-03-31T12,13.75,55.0,10.3,66.075,18.9,1,1,1,1,1
2020-03-31T13,19.0,65.333,10.367,58.633,19.867,1,1,1,1,1
2020-03-31T14,19.0,62.0,7.067,55.233,17.867,1,1,1,1,1
2020-03-31T15,23.5,60.25,7.375,47.3,17.85,1,1,1,1,1
2020-03-31T16,23.5,85.5,7.2,38.45,15.533,1,1,1,1,1
2020-03-31T17,18.25,48.5,10.875,29.425,16.85,1,1,1,1,1
2020-03-31T18,16.0,41.0,14.25,23.4,16.15,2,2,2,2,2
2020-03-31T19,15.0,44.0,9.25,28.05,19.85,1,1,1,1,1
2020-03-31T20,18.25,49.25,13.9,20.725,18.5,1,1,1,1,1
2020-03-31T21,19.25,47.0,13.625,13.5,20.5,1,1,1,1,1
2020-03-31T22,20.75,47.25,16.075,9.575,20.667,1,1,1,1,1
2020-03-31T23,22.25,48.5,21.125,6.775,20.15,1,1,1,1,1
2020-04-01T00,22.75,50.5,19.1,7.825,20.775,1,1,1,1,1
2020-04-01T01,31.0,54.5,18.55,13.05,25.275,1,1,1,1,1
2020-04-01T02,30.5,61.25,15.175,21.65,25.375,1,1,1,1,1
2020-04-01T03,31.333,64.0,13.367,34.633,26.033,1,1,1,1,1
2020-04-01T04,38.75,76.75,13.325,54.925,28.133,1,1,1,1,1
2020-04-01T05,46.75,83.5,11.375,75.2,33.3,1,1,1,1,1
2020-04-01T06,38.333,68.667,6.633,76.5,25.067,1,1,1,1,1
2020-04-01T07,24.0,50.25,7.05,86.775,25.7,1,1,1,1,1
2020-04-01T08,26.5,58.0,6.125,86.275,26.225,1,1,1,1,1
2020-04-01T09,24.25,61.0,5.575,80.175,27.625,1,1,1,1,1
2020-04-01T10,20.0,59.75,5.075,74.1,26.367,1,1,1,1,1
2020-04-01T11,14.0,56.0,5.8,75.5,26.1,1,1,1,1,1
2020-04-01T12,14.0,51.0,6.4,67.85,20.65,1,1,1,1,1
2020-04-01T13,14.0,48.667,9.267,52.867,17.733,1,1,1,1,1
2020-04-01T14,21.333,52.333,13.167,44.067,20.4,1,1,1,1,1
2020-04-01T15,28.0,57.0,13.933,44.0,22.067,1,1,1,1,1
2020-04-01T16,25.5,55.0,10.025,44.3,22.733,1,1,1,1,1
2020-04-01T17,25.75,52.0,7.225,43.8,23.3,1,1,1,1,1
2020-04-01T18,22.5,50.666,6.767,40.916,22.916,2,2,2,2,2
2020-04-01T19,24.5,43.5,5.95,36.25,22.4,1,1,1,1,1
2020-04-01T20,23.25,43.25,5.6,38.275,23.9,1,1,1,1,1
2020-04-01T21,23.0,46.25,5.0,37.05,24.425,1,1,1,1,1
2020-04-01T22,21.0,44.75,4.975,37.2,22.7,1,1,1,1,1
2020-04-01T23,24.25,47.25,6.275,36.4,18.825,1,1,1,1,1
2020-04-02T00,27.0,52.5,7.6,34.3,17.025,1,1,1,1,1
2020-04-02T01,33.5,66.25,8.95,37.075,19.325,1,1,1,1,1
2020-04-02T02,32.5,64.0,7.475,50.45,20.9,1,1,1,1,1
2020-04-02T03,25.0,55.5,6.625,61.625,21.025,1,1,1,1,1
2020-04-02T04,23.75,57.0,5.725,66.3,20.567,1,1,1,1,1
2020-04-02T05,20.0,57.0,5.033,66.8,20.433,1,1,1,1,1
2020-04-02T06,19.0,57.0,4.6,68.35,18.15,1,1,1,1,1
2020-04-02T07,11.667,47.667,3.633,72.267,16.233,1,1,1,1,1
2020-04-02T08,10.0,47.0,3.733,72.333,15.8,1,1,1,1,1
2020-04-02T09,7.667,44.667,3.967,76.133,14.133,1,1,1,1,1
2020-04-02T10,7.0,41.25,4.2,78.325,13.7,1,1,1,1,1
2020-04-02T11,7.25,44.0,4.375,81.4,14.825,1,1,1,1,1
2020-04-02T12,8.75,42.0,5.475,79.475,15.775,1,1,1,1,1
2020-04-02T13,11.25,47.5,8.775,66.4,16.625,1,1,1,1,1
2020-04-02T14,14.75,56.0,11.525,56.75,16.45,1,1,1,1,1
2020-04-02T15,25.0,61.0,10.35,55.325,19.475,1,1,1,1,1
2020-04-02T16,31.0,67.0,9.233,53.333,19.0,1,1,1,1,1
2020-04-02T17,29.75,56.75,9.6,53.525,18.875,1,1,1,1,1
2020-04-02T18,19.666,43.5,11.75,42.5,18.2,2,2,2,2,2
2020-04-02T19,17.75,50.75,10.025,45.8,20.35,1,1,1,1,1
2020-04-02T20,16.25,35.75,6.9,50.875,20.3,1,1,1,1,1
2020-04-02T21,13.75,38.25,9.0,48.175,17.55,1,1,1,1,1
2020-04-02T22,17.25,42.5,11.675,43.2,22.467,1,1,1,1,1
2020-04-02T23,39.0,63.5,13.775,37.05,28.0,1,1,1,1,1
2020-04-03T00,81.5,110.75,14.15,30.55,55.95,1,1,1,1,1
2020-04-03T01,120.25,153.25,13.325,34.3,52.9,1,1,1,1,1
2020-04-03T02,88.0,127.0,10.1,55.133,43.275,1,1,1,1,1
2020-04-03T03,50.0,80.75,7.625,78.0,23.15,1,1,1,1,1
2020-04-03T04,15.75,49.5,6.4,88.925,21.167,1,1,1,1,1
2020-04-03T05,11.667,47.667,6.133,92.267,27.6,1,1,1,1,1
2020-04-03T06,10.25,44.0,6.1,93.125,28.0,1,1,1,1,1
2020-04-03T07,8.0,35.0,6.225,94.125,26.05,1,1,1,1,1
2020-04-03T08,9.25,35.75,5.375,93.65,24.9,1,1,1,1,1
2020-04-03T09,12.0,38.25,4.85,95.925,24.9,1,1,1,1,1
2020-04-03T10,9.0,39.0,5.3,94.133,23.8,1,1,1,1,1
2020-04-03T11,3.5,31.75,5.15,92.475,17.225,1,1,1,1,1
2020-04-03T12,6.0,39.333,5.967,87.167,14.433,1,1,1,1,1
2020-04-03T13,10.0,40.25,9.975,75.775,13.875,1,1,1,1,1
2020-04-03T14,17.5,50.0,18.275,55.875,15.525,1,1,1,1,1
2020-04-03T15,25.25,62.25,24.325,39.7,18.0,1,1,1,1,1
2020-04-03T16,40.0,76.333,26.367,29.833,22.2,1,1,1,1,1
2020-04-03T17,52.75,89.25,24.35,32.125,23.925,1,1,1,1,1
2020-04-03T18,61.0,102.0,22.55,29.75,22.9,2,2,2,2,2
2020-04-03T19,54.0,88.667,19.933,26.95,21.1,1,1,1,1,1
2020-04-03T20,45.5,75.25,21.1,22.675,17.9,1,1,1,1,1
2020-04-03T21,44.0,65.75,21.6,17.175,17.425,1,1,1,1,1
2020-04-03T22,40.75,59.5,17.875,25.025,23.467,1,1,1,1,1
2020-04-03T23,35.75,57.75,21.575,21.7,23.525,1,1,1,1,1
2020-04-04T00,56.75,83.25,21.175,21.7,27.733,1,1,1,1,1
2020-04-04T01,80.0,111.25,19.075,31.75,34.325,1,1,1,1,1
2020-04-04T02,82.5,121.0,15.45,61.175,36.4,1,1,1,1,1
2020-04-04T03,54.0,105.0,10.025,81.5,24.05,1,1,1,1,1
2020-04-04T04,23.75,53.75,7.2,89.775,17.1,1,1,1,1,1
2020-04-04T05,13.75,44.5,7.425,92.775,21.975,1,1,1,1,1
2020-04-04T06,12.75,45.75,5.675,93.15,23.075,1,1,1,1,1
2020-04-04T07,11.75,45.0,5.05,86.6,21.15,1,1,1,1,1
2020-04-04T08,10.0,43.667,4.2,83.5,19.533,1,1,1,1,1
2020-04-04T09,7.5,40.75,4.075,82.225,18.45,1,1,1,1,1
2020-04-04T10,6.25,39.5,4.7,83.725,19.4,1,1,1,1,1
2020-04-04T11,8.0,39.5,5.35,87.625,17.025,1,1,1,1,1
2020-04-04T12,11.333,43.333,6.033,81.467,16.067,1,1,1,1,1
2020-04-04T13,13.75,45.25,10.975,66.85,15.95,1,1,1,1,1
2020-04-04T14,23.0,60.0,25.2,40.425,16.35,1,1,1,1,1
2020-04-04T15,36.0,76.5,34.125,24.3,18.975,1,1,1,1,1
2020-04-04T16,39.0,80.0,35.125,16.4,20.9,1,1,1,1,1
2020-04-04T17,41.25,82.75,48.725,4.325,19.425,1,1,1,1,1
2020-04-04T18,49.166,100.0,44.817,4.233,19.884,2,2,2,2,2
2020-04-04T19,55.0,94.75,35.525,12.8,23.425,1,1,1,1,1
2020-04-04T20,55.0,79.0,,16.833,,1,1,0,1,0
2020-04-04T21,47.0,74.0,24.4,15.3,19.0,1,1,1,1,1
2020-04-04T22,46.5,72.0,23.4,14.375,25.033,1,1,1,1,1
2020-04-04T23,48.75,71.0,27.95,14.025,18.375,1,1,1,1,1
2020-04-05T00,51.0,77.0,28.733,15.433,12.4,1,1,1,1,1
2020-04-05T01,53.0,93.0,24.175,30.125,18.7,1,1,1,1,1
2020-04-05T02,53.0,102.0,19.975,56.7,16.825,1,1,1,1,1
2020-04-05T03,53.0,100.75,12.8,86.15,30.075,1,1,1,1,1
2020-04-05T04,50.0,93.5,10.225,95.95,21.167,1,1,1,1,1
2020-04-05T05,35.0,77.5,7.025,93.975,24.325,1,1,1,1,1
2020-04-05T06,17.75,59.5,6.575,98.7,25.55,1,1,1,1,1
2020-04-05T07,20.0,55.0,7.8,99.0,28.033,1,1,1,1,1
2020-04-05T08,19.0,58.0,6.933,99.7,27.733,1,1,1,1,1
2020-04-05T09,17.0,58.0,7.933,105.2,27.867,1,1,1,1,1
2020-04-05T10,23.0,59.0,7.933,105.767,27.9,1,1,1,1,1
2020-04-05T11,16.0,57.0,8.6,103.9,25.5,1,1,1,1,1
2020-04-05T12,14.0,58.0,9.1,100.5,25.05,1,1,1,1,1
2020-04-05T13,28.0,80.0,12.3,88.5,37.0,1,1,1,1,1
2020-04-05T16,90.25,154.75,34.575,36.8,39.367,1,1,1,1,1
2020-04-05T17,102.25,167.0,36.45,44.75,27.625,1,1,1,1,1
2020-04-05T18,100.0,159.5,38.934,159.634,38.084,2,2,2,2,2
2020-04-05T19,100.25,149.25,33.75,209.05,50.375,1,1,1,1,1
2020-04-05T20,101.5,140.75,27.9,116.25,45.9,1,1,1,1,1
2020-04-05T21,104.333,141.333,26.233,72.567,44.933,1,1,1,1,1
2020-04-05T22,107.0,144.0,26.033,75.633,40.7,1,1,1,1,1
2020-04-05T23,97.25,136.5,27.125,67.6,26.8,1,1,1,1,1
2020-04-06T00,93.0,135.0,33.375,47.125,25.8,1,1,1,1,1
2020-04-06T01,96.25,146.25,34.25,37.575,30.225,1,1,1,1,1
2020-04-06T02,91.667,150.333,34.3,59.933,32.9,1,1,1,1,1
2020-04-06T03,74.5,136.25,22.05,86.925,25.1,1,1,1,1,1
2020-04-06T04,48.333,102.667,12.133,101.767,16.0,1,1,1,1,1
2020-04-06T05,31.0,79.25,7.15,86.125,20.85,1,1,1,1,1
2020-04-06T06,17.75,50.75,6.5,84.0,20.625,1,1,1,1,1
2020-04-06T07,13.75,44.25,4.575,88.05,20.225,1,1,1,1,1
2020-04-06T08,13.0,45.0,4.4,88.467,24.2,1,1,1,1,1
2020-04-06T09,18.25,63.25,3.875,83.425,24.675,1,1,1,1,1
2020-04-06T10,12.667,68.0,3.433,81.1,22.3,1,1,1,1,1
2020-04-06T11,13.25,65.5,3.45,80.25,18.3,1,1,1,1,1
2020-04-06T12,17.0,70.0,5.433,75.633,15.967,1,1,1,1,1
2020-04-06T13,20.25,83.75,9.75,62.65,17.125,1,1,1,1,1
2020-04-06T14,28.5,95.0,12.175,54.675,19.475,1,1,1,1,1
2020-04-06T15,25.25,96.25,15.125,50.9,23.575,1,1,1,1,1
2020-04-06T16,28.5,94.5,9.95,56.3,42.833,1,1,1,1,1
2020-04-06T17,27.0,78.0,9.275,52.95,22.725,1,1,1,1,1
2020-04-06T18,27.0,78.0,8.8,55.1,20.25,2,2,2,2,2
2020-04-06T19,23.5,68.5,15.5,34.8,20.15,1,1,1,1,1
2020-04-06T20,27.75,70.5,16.0,37.85,30.7,1,1,1,1,1
2020-04-06T21,26.25,69.25,15.775,38.575,29.85,1,1,1,1,1
2020-04-06T22,24.0,57.5,11.85,43.25,23.3,1,1,1,1,1
2020-04-06T23,24.0,47.25,12.275,34.375,19.75,1,1,1,1,1
2020-04-07T00,24.0,48.0,15.167,29.2,21.933,1,1,1,1,1
2020-04-07T01,50.0,78.0,13.5,38.4,31.0,1,1,1,1,1
2020-04-07T02,62.25,108.75,12.9,53.275,65.725,1,1,1,1,1
2020-04-07T03,68.0,128.25,9.825,64.525,35.85,1,1,1,1,1
2020-04-07T04,34.0,108.75,6.8,66.25,22.633,1,1,1,1,1
2020-04-07T05,22.0,120.0,5.775,72.5,23.525,1,1,1,1,1
2020-04-07T06,22.0,147.0,5.7,86.6,26.933,1,1,1,1,1
2020-04-07T07,15.0,157.75,4.625,83.425,25.15,1,1,1,1,1
2020-04-07T08,11.75,106.75,3.85,80.175,21.6,1,1,1,1,1
2020-04-07T09,10.0,71.5,3.35,80.05,22.85,1,1,1,1,1
2020-04-07T10,7.0,67.0,4.333,76.7,20.333,1,1,1,1,1
2020-04-07T11,12.75,69.0,4.65,73.925,16.8,1,1,1,1,1
2020-04-07T12,9.5,73.5,5.375,71.625,16.625,1,1,1,1,1
2020-04-07T13,11.0,71.75,5.975,64.6,13.55,1,1,1,1,1
2020-04-07T14,12.25,82.75,7.525,61.15,17.6,1,1,1,1,1
2020-04-07T15,16.0,103.25,7.25,61.425,20.975,1,1,1,1,1
2020-04-07T16,16.0,136.667,5.933,59.9,19.25,1,1,1,1,1
2020-04-07T17,20.0,116.0,9.6,48.25,16.45,1,1,1,1,1
2020-04-07T18,24.0,100.834,10.233,39.934,16.6,2,2,2,2,2
2020-04-07T19,23.5,97.75,14.925,28.2,17.5,1,1,1,1,1
2020-04-07T20,22.5,103.0,15.3,30.775,16.0,1,1,1,1,1
2020-04-07T21,28.5,92.75,10.175,36.95,26.875,1,1,1,1,1
2020-04-07T22,44.25,89.25,9.6,38.525,33.367,1,1,1,1,1
2020-04-07T23,47.25,86.0,7.825,47.0,23.925,1,1,1,1,1
2020-04-08T00,34.25,72.5,8.625,46.5,20.675,1,1,1,1,1
2020-04-08T01,31.75,73.25,10.3,47.3,21.45,1,1,1,1,1
2020-04-08T02,39.0,89.25,9.65,57.775,23.825,1,1,1,1,1
2020-04-08T03,34.0,88.25,8.5,67.35,19.05,1,1,1,1,1
2020-04-08T04,25.5,83.0,7.8,75.95,15.367,1,1,1,1,1
2020-04-08T05,16.75,81.75,6.025,79.05,20.1,1,1,1,1,1
2020-04-08T06,13.0,78.0,6.033,82.7,23.3,1,1,1,1,1
2020-04-08T07,9.0,74.0,4.533,84.533,22.3,1,1,1,1,1
2020-04-08T08,13.25,75.75,3.775,83.9,21.875,1,1,1,1,1
2020-04-08T09,13.25,70.0,3.5,83.55,21.3,1,1,1,1,1
2020-04-08T10,10.0,63.0,3.9,86.233,21.3,1,1,1,1,1
2020-04-08T11,8.0,61.0,3.833,84.567,18.467,1,1,1,1,1
2020-04-08T12,8.0,70.0,4.667,82.567,16.567,1,1,1,1,1
2020-04-08T13,11.667,61.0,9.4,70.667,16.233,1,1,1,1,1
2020-04-08T14,19.0,63.667,20.233,48.567,18.833,1,1,1,1,1
2020-04-08T15,23.5,72.75,23.475,44.825,23.0,1,1,1,1,1
2020-04-08T16,25.0,72.5,18.55,50.475,24.333,1,1,1,1,1
2020-04-08T17,23.0,69.5,10.2,62.767,21.1,1,1,1,1,1
2020-04-08T18,17.166,56.5,7.166,64.35,19.017,2,2,2,2,2
2020-04-08T19,19.5,59.5,10.15,47.05,18.025,1,1,1,1,1
2020-04-08T20,23.75,60.0,16.0,42.175,24.7,1,1,1,1,1
2020-04-08T21,23.0,57.0,15.35,40.2,29.3,1,1,1,1,1
2020-04-08T22,24.25,56.75,16.275,36.025,45.967,1,1,1,1,1
2020-04-08T23,30.0,58.0,19.075,33.15,27.85,1,1,1,1,1
2020-04-09T00,42.75,73.25,21.75,29.925,27.225,1,1,1,1,1
2020-04-09T01,68.0,109.0,18.725,42.375,39.35,1,1,1,1,1
2020-04-09T02,81.75,135.5,10.825,63.075,48.275,1,1,1,1,1
2020-04-09T03,72.75,136.25,10.025,81.95,36.075,1,1,1,1,1
2020-04-09T04,57.0,116.0,7.45,91.3,24.8,1,1,1,1,1
2020-04-09T05,34.0,81.0,6.1,95.0,21.55,1,1,1,1,1
2020-04-09T06,20.0,64.0,5.55,97.35,19.85,1,1,1,1,1
2020-04-09T07,13.0,59.0,4.8,100.6,20.233,1,1,1,1,1
2020-04-09T08,16.0,59.0,4.633,99.0,19.633,1,1,1,1,1
2020-04-09T09,13.0,51.0,5.1,96.15,18.4,1,1,1,1,1
2020-04-09T10,14.0,52.0,4.733,93.433,19.3,1,1,1,1,1
2020-04-09T11,9.0,44.0,4.25,93.35,19.35,1,1,1,1,1
2020-04-09T12,16.0,47.0,7.767,81.267,18.7,1,1,1,1,1
2020-04-09T13,12.0,55.0,16.275,62.675,20.125,1,1,1,1,1
2020-04-09T14,22.0,84.0,22.625,47.05,23.075,1,1,1,1,1
2020-04-09T15,39.0,92.0,40.4,22.05,23.35,1,1,1,1,1
2020-04-09T16,50.0,106.0,40.975,18.525,27.8,1,1,1,1,1
2020-04-09T17,57.0,113.0,35.9,19.833,21.667,1,1,1,1,1
2020-04-09T18,52.0,103.0,35.567,14.383,16.483,2,2,2,2,2
2020-04-09T19,69.0,121.0,29.675,20.0,23.875,1,1,1,1,1
2020-04-09T20,73.0,122.75,28.5,15.175,14.9,1,1,1,1,1
2020-04-09T21,84.5,128.25,28.325,13.75,20.075,1,1,1,1,1
2020-04-09T22,82.25,127.0,25.9,15.55,23.267,1,1,1,1,1
2020-04-09T23,79.75,119.0,31.425,10.275,23.725,1,1,1,1,1
2020-04-10T00,84.0,125.25,29.475,14.05,31.675,1,1,1,1,1
2020-04-10T01,111.75,179.0,28.7,27.75,50.65,1,1,1,1,1
2020-04-10T02,144.5,222.5,23.725,56.175,51.75,1,1,1,1,1
2020-04-10T03,128.0,200.0,18.6,90.15,48.6,1,1,1,1,1
2020-04-10T04,65.0,122.0,10.725,106.3,36.067,1,1,1,1,1
2020-04-10T05,28.0,72.25,9.5,112.5,26.775,1,1,1,1,1
2020-04-10T06,26.5,67.5,7.575,114.1,30.275,1,1,1,1,1
2020-04-10T07,28.75,67.5,5.325,110.7,28.925,1,1,1,1,1
2020-04-10T08,26.75,61.25,5.0,107.65,25.05,1,1,1,1,1
2020-04-10T09,41.0,56.0,4.7,106.7,22.8,1,1,1,1,1
2020-04-10T14,22.0,53.0,14.6,44.6,15.5,1,1,1,1,1
2020-04-10T17,68.0,138.0,56.1,5.5,29.4,1,1,1,1,1
2020-04-10T19,73.0,125.0,42.85,6.3,24.425,1,1,1,1,1
2020-04-10T20,72.0,116.0,,5.25,,1,1,0,1,0
2020-04-10T21,57.0,97.0,36.35,5.25,17.2,1,1,1,1,1
2020-04-10T22,55.0,95.0,33.7,4.9,29.85,1,1,1,1,1
2020-04-10T23,55.0,91.0,34.65,5.2,21.9,1,1,1,1,1
2020-04-11T00,62.0,101.0,37.35,4.85,18.55,1,1,1,1,1
2020-04-11T02,79.333,150.333,20.667,60.7,44.6,1,1,1,1,1
2020-04-11T03,75.0,160.333,17.767,111.3,44.267,1,1,1,1,1
2020-04-11T04,63.333,149.333,13.9,140.967,32.3,1,1,1,1,1
2020-04-11T05,52.0,138.0,7.2,140.467,36.867,1,1,1,1,1
2020-04-11T06,27.667,71.0,7.3,119.733,26.633,1,1,1,1,1
2020-04-11T07,28.0,78.0,6.967,117.9,22.267,1,1,1,1,1
2020-04-11T08,30.0,84.0,6.767,117.333,20.567,1,1,1,1,1
2020-04-11T09,27.0,90.333,4.5,111.967,18.3,1,1,1,1,1
2020-04-11T10,24.0,92.0,5.625,110.6,18.733,1,1,1,1,1
2020-04-11T11,27.0,95.0,5.7,104.5,21.5,1,1,1,1,1
2020-04-11T12,23.75,102.25,6.225,90.9,23.175,1,1,1,1,1
2020-04-11T13,24.25,104.75,9.2,75.775,21.675,1,1,1,1,1
2020-04-11T14,28.0,102.667,13.367,65.367,21.3,1,1,1,1,1
2020-04-11T15,28.667,105.667,11.033,64.4,23.167,1,1,1,1,1
2020-04-11T16,28.75,103.75,8.725,64.025,24.567,1,1,1,1,1
2020-04-11T17,25.0,100.0,7.4,60.25,26.0,1,1,1,1,1
2020-04-11T18,25.0,83.834,9.066,54.284,22.483,2,2,2,2,2
2020-04-11T19,28.5,75.25,7.375,51.25,21.675,1,1,1,1,1
2020-04-11T20,25.0,65.75,8.9,53.675,22.6,1,1,1,1,1
2020-04-11T21,28.25,61.75,10.125,48.25,24.5,1,1,1,1,1
2020-04-11T22,26.75,57.0,6.725,59.625,23.9,1,1,1,1,1
2020-04-11T23,24.0,48.25,10.75,48.0,25.725,1,1,1,1,1
2020-04-12T00,36.0,58.0,13.767,40.833,28.267,1,1,1,1,1
2020-04-12T01,75.0,126.0,12.95,44.65,64.65,1,1,1,1,1
2020-04-12T02,101.75,157.5,10.65,58.9,49.925,1,1,1,1,1
2020-04-12T03,76.75,134.25,8.975,79.65,45.2,1,1,1,1,1
2020-04-12T04,58.0,114.0,6.733,91.167,36.367,1,1,1,1,1
2020-04-12T05,42.0,106.0,5.633,93.5,29.633,1,1,1,1,1
2020-04-12T06,28.0,83.0,4.6,92.5,27.433,1,1,1,1,1
2020-04-12T07,14.0,83.0,4.333,90.0,26.2,1,1,1,1,1
2020-04-12T08,19.25,77.75,4.125,89.575,26.925,1,1,1,1,1
2020-04-12T09,18.667,77.667,3.667,87.6,24.833,1,1,1,1,1
2020-04-12T10,14.75,76.0,3.175,82.525,21.9,1,1,1,1,1
2020-04-12T11,11.25,71.0,4.4,83.525,21.025,1,1,1,1,1
2020-04-12T12,13.0,82.5,4.725,79.575,20.425,1,1,1,1,1
2020-04-12T13,16.0,81.0,9.767,66.533,21.4,1,1,1,1,1
2020-04-12T14,22.0,95.0,22.433,42.933,23.567,1,1,1,1,1
2020-04-12T15,38.25,115.75,36.975,24.925,29.025,1,1,1,1,1
2020-04-12T16,53.5,129.25,46.1,11.8,31.833,1,1,1,1,1
2020-04-12T17,59.75,132.25,30.575,21.425,23.125,1,1,1,1,1
2020-04-12T18,56.0,121.0,24.025,27.633,16.05,2,2,2,2,2
2020-04-12T19,48.25,115.5,30.3,9.95,15.95,1,1,1,1,1
2020-04-12T20,52.75,111.75,28.7,10.075,11.4,1,1,1,1,1
2020-04-12T21,56.0,105.0,28.025,8.475,17.825,1,1,1,1,1
2020-04-12T22,63.0,111.75,28.1,7.775,26.6,1,1,1,1,1
2020-04-12T23,90.75,154.25,32.075,9.325,43.475,1,1,1,1,1
2020-04-13T00,145.5,230.75,27.875,15.425,81.225,1,1,1,1,1
2020-04-13T01,175.0,270.25,26.375,30.775,194.25,1,1,1,1,1
2020-04-13T02,179.25,277.5,18.175,64.725,127.45,1,1,1,1,1
2020-04-13T03,112.25,187.75,13.1,90.425,47.225,1,1,1,1,1
2020-04-13T04,29.0,128.0,7.7,102.9,16.4,1,1,1,1,1
2020-04-13T05,29.0,128.0,5.5,98.5,24.9,1,1,1,1,1
2020-04-13T07,24.0,87.25,5.575,91.175,27.75,1,1,1,1,1
2020-04-13T08,12.25,78.75,4.4,88.75,23.5,1,1,1,1,1
2020-04-13T09,13.0,78.25,4.325,89.0,22.125,1,1,1,1,1
2020-04-13T10,13.0,79.0,4.95,95.05,23.6,1,1,1,1,1
2020-04-13T11,20.5,85.75,5.475,95.375,24.867,1,1,1,1,1
2020-04-13T12,22.0,88.0,10.0,80.45,23.85,1,1,1,1,1
2020-04-13T13,22.0,97.0,17.5,63.2,25.067,1,1,1,1,1
2020-04-13T14,31.667,112.667,32.267,29.767,27.7,1,1,1,1,1
2020-04-13T15,43.5,123.0,59.55,7.55,30.825,1,1,1,1,1
2020-04-13T16,55.25,144.0,65.025,4.225,37.067,1,1,1,1,1
2020-04-13T17,66.75,157.5,46.375,11.25,26.075,1,1,1,1,1
2020-04-13T18,63.166,141.5,34.517,17.75,17.784,2,2,2,2,2
2020-04-13T19,63.75,127.5,29.8,15.9,17.825,1,1,1,1,1
2020-04-13T20,61.25,120.75,25.0,14.55,15.4,1,1,1,1,1
2020-04-13T21,58.0,113.0,31.625,7.95,15.5,1,1,1,1,1
2020-04-13T22,61.75,107.5,30.475,8.475,22.3,1,1,1,1,1
2020-04-13T23,54.25,98.5,35.85,6.525,19.275,1,1,1,1,1
2020-04-14T00,51.75,96.0,33.9,6.475,18.5,1,1,1,1,1
2020-04-14T01,53.0,109.5,40.75,13.725,27.25,1,1,1,1,1
2020-04-14T02,59.0,132.0,39.8,33.567,28.667,1,1,1,1,1
2020-04-14T03,51.333,120.333,22.133,77.667,23.3,1,1,1,1,1
2020-04-14T04,42.0,117.0,17.6,88.2,12.1,1,1,1,1,1
2020-04-14T05,24.0,84.5,16.05,112.0,31.2,1,1,1,1,1
2020-04-14T06,22.0,91.25,10.925,102.625,27.725,1,1,1,1,1
2020-04-14T07,20.25,96.25,8.325,109.25,26.1,1,1,1,1,1
2020-04-14T08,24.333,104.667,6.233,120.933,25.467,1,1,1,1,1
2020-04-14T09,26.25,114.75,7.425,125.875,27.0,1,1,1,1,1
2020-04-14T10,30.0,117.25,7.7,119.8,25.233,1,1,1,1,1
2020-04-14T11,30.0,118.0,10.2,86.8,22.3,1,1,1,1,1
2020-04-14T12,25.0,123.0,19.767,66.5,23.467,1,1,1,1,1
2020-04-14T13,49.25,182.5,64.85,23.525,29.55,1,1,1,1,1
2020-04-14T14,62.0,196.0,66.567,14.967,36.6,1,1,1,1,1
2020-04-14T15,71.25,189.5,70.975,11.825,37.275,1,1,1,1,1
2020-04-14T16,83.0,209.333,54.333,13.3,36.45,1,1,1,1,1
2020-04-14T17,73.667,207.667,35.6,26.567,29.1,1,1,1,1,1
2020-04-14T18,56.5,186.334,28.767,26.95,20.5,2,2,2,2,2
2020-04-14T19,49.75,171.25,36.375,16.35,20.5,1,1,1,1,1
2020-04-14T20,64.0,191.5,35.5,16.15,18.5,1,1,1,1,1
2020-04-14T21,52.25,175.25,33.05,12.75,20.325,1,1,1,1,1
2020-04-14T22,45.5,167.0,26.05,23.55,29.867,1,1,1,1,1
2020-04-14T23,50.667,165.667,22.167,22.333,31.933,1,1,1,1,1
2020-04-15T00,54.75,174.75,26.375,16.85,29.7,1,1,1,1,1
2020-04-15T01,63.0,210.0,22.6,32.3,33.3,1,1,1,1,1
2020-04-15T02,89.0,272.0,20.85,41.75,33.55,1,1,1,1,1
2020-04-15T03,85.0,280.0,21.0,65.4,35.0,1,1,1,1,1
2020-04-15T04,92.0,296.0,15.9,97.0,30.0,1,1,1,1,1
2020-04-15T06,48.0,243.0,7.7,101.6,22.0,1,1,1,1,1
2020-04-15T07,31.0,235.0,5.1,90.0,20.9,1,1,1,1,1
2020-04-15T08,25.0,199.0,4.0,97.3,21.6,1,1,1,1,1
2020-04-15T09,25.0,172.0,3.7,86.0,15.8,1,1,1,1,1
2020-04-15T10,16.0,143.0,3.3,79.6,13.1,1,1,1,1,1
2020-04-15T11,15.0,122.0,6.25,75.95,16.05,1,1,1,1,1
2020-04-15T12,16.0,122.0,14.6,62.25,16.65,1,1,1,1,1
2020-04-15T13,17.333,104.333,36.367,28.933,19.567,1,1,1,1,1
2020-04-15T14,24.75,120.5,61.6,6.875,23.175,1,1,1,1,1
2020-04-15T15,52.0,178.0,66.533,3.933,32.633,1,1,1,1,1
2020-04-15T16,77.667,204.0,58.633,4.367,40.1,1,1,1,1,1
2020-04-15T17,75.0,182.0,53.375,5.225,24.375,1,1,1,1,1
2020-04-15T18,67.5,161.0,44.95,4.9,25.15,2,2,2,2,2
2020-04-15T19,66.0,158.0,44.633,7.5,29.467,1,1,1,1,1
2020-04-15T20,71.75,160.0,43.6,5.65,22.7,1,1,1,1,1
2020-04-15T21,79.75,175.0,41.2,5.125,21.2,1,1,1,1,1
2020-04-15T22,84.25,181.25,33.8,9.6,21.833,1,1,1,1,1
2020-04-15T23,74.5,175.25,28.325,11.15,29.267,1,1,1,1,1
2020-04-16T00,81.75,192.5,25.325,13.125,36.65,1,1,1,1,1
2020-04-16T01,95.0,236.667,27.8,23.5,42.433,1,1,1,1,1
2020-04-16T02,105.0,262.0,30.567,56.9,52.033,1,1,1,1,1
2020-04-16T03,134.0,356.0,26.567,102.8,54.833,1,1,1,1,1
2020-04-16T04,116.25,324.0,19.775,131.175,52.033,1,1,1,1,1
2020-04-16T05,101.25,281.25,14.25,147.075,50.075,1,1,1,1,1
2020-04-16T06,73.333,233.667,10.5,132.267,36.133,1,1,1,1,1
2020-04-16T07,58.0,197.0,7.0,107.5,21.4,1,1,1,1,1
2020-04-16T08,20.25,118.25,4.0,88.575,11.05,1,1,1,1,1
2020-04-16T09,12.25,114.25,3.2,82.725,9.525,1,1,1,1,1
2020-04-16T10,11.75,128.25,3.2,80.15,8.567,1,1,1,1,1
2020-04-16T11,8.0,100.75,3.875,79.025,11.375,1,1,1,1,1
2020-04-16T12,8.0,84.333,16.067,62.3,14.033,1,1,1,1,1
2020-04-16T13,10.75,82.5,33.625,37.0,16.75,1,1,1,1,1
2020-04-16T14,19.0,99.0,37.367,29.667,20.4,1,1,1,1,1
2020-04-16T15,33.5,122.0,37.225,31.45,26.0,1,1,1,1,1
2020-04-16T16,31.5,119.5,34.625,28.975,26.3,1,1,1,1,1
2020-04-16T17,34.25,118.5,13.8,66.025,22.15,1,1,1,1,1
2020-04-16T18,21.666,112.334,11.0,66.466,24.066,2,2,2,2,2
2020-04-16T19,30.0,119.0,9.633,,23.0,1,1,1,0,1
2020-04-16T20,20.25,102.5,9.7,70.775,17.2,1,1,1,1,1
2020-04-16T21,13.25,76.0,9.0,66.467,18.6,1,1,1,1,1
2020-04-16T22,19.5,77.25,9.625,64.25,26.7,1,1,1,1,1
2020-04-16T23,25.75,115.5,6.35,66.65,25.1,1,1,1,1,1
2020-04-17T00,20.333,104.0,7.567,60.867,23.733,1,1,1,1,1
2020-04-17T01,17.0,90.0,9.55,58.65,21.35,1,1,1,1,1
2020-04-17T02,19.0,96.333,9.633,64.867,24.067,1,1,1,1,1
2020-04-17T03,21.667,97.667,8.633,64.9,23.95,1,1,1,1,1
2020-04-17T04,21.75,92.25,9.625,70.4,25.733,1,1,1,1,1
2020-04-17T05,30.0,96.0,13.333,83.6,28.1,1,1,1,1,1
2020-04-17T06,18.25,81.0,5.6,84.7,25.25,1,1,1,1,1
2020-04-17T07,12.0,65.5,3.95,88.65,22.45,1,1,1,1,1
2020-04-17T08,9.0,53.25,4.275,101.175,21.775,1,1,1,1,1
2020-04-17T09,8.5,52.0,4.225,107.55,22.833,1,1,1,1,1
2020-04-17T10,8.0,66.75,5.05,105.4,22.9,1,1,1,1,1
2020-04-17T11,13.0,75.667,7.5,96.433,21.0,1,1,1,1,1
2020-04-17T12,15.75,73.5,11.775,85.1,18.5,1,1,1,1,1
2020-04-17T13,12.5,65.5,14.0,76.825,17.725,1,1,1,1,1
2020-04-17T14,16.75,73.0,22.575,55.833,20.85,1,1,1,1,1
2020-04-17T15,24.75,74.5,14.25,66.7,22.733,1,1,1,1,1
2020-04-17T16,24.0,79.0,11.133,70.867,20.85,1,1,1,1,1
2020-04-17T17,22.0,75.0,11.0,66.567,20.167,1,1,1,1,1
2020-04-17T18,20.0,80.0,13.55,56.35,24.3,1,1,1,1,1
2020-04-17T19,34.5,113.25,14.225,53.85,26.0,1,1,1,1,1
2020-04-17T20,30.25,114.25,8.8,52.35,18.6,1,1,1,1,1
2020-04-17T21,22.25,102.25,8.6,52.925,17.275,1,1,1,1,1
2020-04-17T22,21.75,85.0,6.5,50.825,17.867,1,1,1,1,1
2020-04-17T23,18.0,76.0,6.9,48.5,18.925,1,1,1,1,1
2020-04-18T00,17.667,90.667,8.667,43.633,17.967,1,1,1,1,1
2020-04-18T01,17.0,66.0,7.933,45.367,19.733,1,1,1,1,1
2020-04-18T02,18.5,65.0,9.4,54.9,22.65,1,1,1,1,1
2020-04-18T03,15.75,74.0,9.2,68.275,19.4,1,1,1,1,1
2020-04-18T04,13.5,76.25,9.05,81.675,17.167,1,1,1,1,1
2020-04-18T05,16.5,83.5,8.25,88.775,24.775,1,1,1,1,1
2020-04-18T06,11.75,86.75,6.3,93.25,21.3,1,1,1,1,1
2020-04-18T07,11.75,96.75,6.225,95.525,16.275,1,1,1,1,1
2020-04-18T08,14.75,115.25,5.625,96.525,15.5,1,1,1,1,1
2020-04-18T09,16.25,129.0,4.9,97.5,14.125,1,1,1,1,1
2020-04-18T10,15.25,136.25,4.05,94.325,14.267,1,1,1,1,1
2020-04-18T11,19.0,149.0,4.55,92.6,14.05,1,1,1,1,1
2020-04-18T12,18.667,253.333,9.467,81.767,14.133,1,1,1,1,1
2020-04-18T13,17.5,247.5,18.8,59.85,14.7,1,1,1,1,1
2020-04-18T14,22.333,63.667,35.9,35.6,16.533,1,1,1,1,1
2020-04-18T15,35.25,85.5,25.5,43.15,20.225,1,1,1,1,1
2020-04-18T16,37.5,97.25,9.075,50.275,18.9,1,1,1,1,1
2020-04-18T17,24.0,56.0,13.833,37.2,20.367,1,1,1,1,1
2020-04-18T18,16.166,56.0,11.633,45.984,21.816,2,2,2,2,2
2020-04-18T19,12.25,44.25,16.3,31.7,19.0,1,1,1,1,1
2020-04-18T20,13.0,41.333,10.1,32.3,21.2,1,1,1,1,1
2020-04-18T21,13.0,46.0,9.8,40.967,21.3,1,1,1,1,1
2020-04-18T22,17.5,48.5,11.525,15.075,16.467,1,1,1,1,1
2020-04-18T23,12.5,33.5,20.25,7.9,15.4,1,1,1,1,1
2020-04-19T00,12.25,30.75,17.575,8.65,14.65,1,1,1,1,1
2020-04-19T01,16.25,38.75,21.025,11.6,18.375,1,1,1,1,1
2020-04-19T02,17.0,47.0,22.6,22.65,22.3,1,1,1,1,1
2020-04-19T03,49.25,89.0,14.375,50.1,42.075,1,1,1,1,1
2020-04-19T04,104.333,146.333,8.867,67.833,56.0,1,1,1,1,1
2020-04-19T05,57.5,100.75,6.3,77.325,30.35,1,1,1,1,1
2020-04-19T06,22.0,68.0,5.533,87.867,23.533,1,1,1,1,1
2020-04-19T07,18.0,58.333,5.233,89.7,23.367,1,1,1,1,1
2020-04-19T08,13.5,46.5,4.175,96.575,20.7,1,1,1,1,1
2020-04-19T09,12.0,45.0,3.9,103.2,21.6,1,1,1,1,1
2020-04-19T10,10.0,39.0,3.15,95.9,18.2,1,1,1,1,1
2020-04-19T11,4.0,28.5,3.45,92.2,15.4,1,1,1,1,1
2020-04-19T12,5.5,28.5,5.5,88.1,15.05,1,1,1,1,1
2020-04-19T13,8.25,35.75,12.225,62.125,16.875,1,1,1,1,1
2020-04-19T14,15.0,47.0,29.95,33.325,19.2,1,1,1,1,1
2020-04-19T15,31.25,65.75,42.0,19.8,23.233,1,1,1,1,1
2020-04-19T16,55.5,100.75,50.1,7.175,24.567,1,1,1,1,1
2020-04-19T17,62.5,116.5,51.325,5.625,21.075,1,1,1,1,1
2020-04-19T18,62.0,111.334,45.034,7.166,24.517,2,2,2,2,2
2020-04-19T19,67.0,107.25,39.025,10.8,27.5,1,1,1,1,1
2020-04-19T20,64.5,103.0,33.6,7.675,18.2,1,1,1,1,1
2020-04-19T21,58.75,100.5,33.65,6.825,23.025,1,1,1,1,1
2020-04-19T22,65.667,109.0,31.5,6.9,28.85,1,1,1,1,1
2020-04-19T23,68.5,104.25,30.725,7.0,19.525,1,1,1,1,1
2020-04-20T00,67.0,102.0,39.933,8.867,19.2,1,1,1,1,1
2020-04-20T01,75.5,126.5,36.15,15.925,33.55,1,1,1,1,1
2020-04-20T02,83.75,156.75,29.875,30.875,30.275,1,1,1,1,1
2020-04-20T03,77.0,171.0,18.967,41.067,10.7,1,1,1,1,1
2020-04-20T04,24.0,132.0,12.025,47.2,,1,1,1,1,0
2020-04-20T05,9.0,111.0,10.7,53.967,10.667,1,1,1,1,1
2020-04-20T06,8.667,86.667,6.633,69.25,14.1,1,1,1,1,1
2020-04-20T07,6.333,51.333,4.7,75.3,12.633,1,1,1,1,1
2020-04-20T08,2.5,28.0,5.275,74.35,12.5,1,1,1,1,1
2020-04-20T09,1.0,22.0,6.3,68.2,11.733,1,1,1,1,1
2020-04-20T10,5.0,23.0,5.533,70.933,11.9,1,1,1,1,1
2020-04-20T11,1.0,25.0,8.867,65.767,11.6,1,1,1,1,1
2020-04-20T12,2.0,31.0,12.1,58.033,10.467,1,1,1,1,1
2020-04-20T13,8.25,39.75,19.225,37.925,12.925,1,1,1,1,1
2020-04-20T14,18.0,50.0,46.9,15.433,15.5,1,1,1,1,1
2020-04-20T15,30.0,66.0,54.1,6.3,16.9,1,1,1,1,1
2020-04-20T16,31.0,88.5,6.925,62.05,16.267,1,1,1,1,1
2020-04-20T17,23.5,71.5,17.55,44.0,16.45,1,1,1,1,1
2020-04-20T18,26.5,79.25,11.2,49.65,20.05,2,2,2,2,2
2020-04-20T19,30.5,91.25,9.35,43.2,21.3,1,1,1,1,1
2020-04-20T20,33.5,82.0,12.0,37.75,24.8,1,1,1,1,1
2020-04-20T21,38.0,84.0,13.0,29.2,22.75,1,1,1,1,1
2020-04-20T22,34.0,80.0,13.4,25.4,23.9,1,1,1,1,1
2020-04-20T23,37.0,80.5,18.15,17.85,20.6,1,1,1,1,1
2020-04-21T00,35.0,83.0,26.2,13.2,18.5,1,1,1,1,1
2020-04-21T01,38.0,85.0,18.3,25.8,21.8,1,1,1,1,1
2020-04-21T02,37.5,90.25,17.675,55.775,20.825,1,1,1,1,1
2020-04-21T04,36.0,88.0,13.9,125.1,,1,1,1,1,0
2020-04-21T05,36.0,88.0,10.45,119.35,33.4,1,1,1,1,1
2020-04-21T06,30.5,84.5,6.05,108.45,29.95,1,1,1,1,1
2020-04-21T07,36.0,85.0,5.3,104.6,34.5,1,1,1,1,1
2020-04-21T08,25.0,75.0,4.3,102.8,25.1,1,1,1,1,1
2020-04-21T09,11.0,57.0,3.45,101.5,19.35,1,1,1,1,1
2020-04-21T10,13.0,57.0,4.6,98.8,18.0,1,1,1,1,1
2020-04-21T11,11.5,58.5,4.7,96.9,18.35,1,1,1,1,1
2020-04-21T12,11.0,56.0,7.75,93.7,17.45,1,1,1,1,1
2020-04-21T13,17.0,63.0,10.9,84.9,17.6,1,1,1,1,1
2020-04-21T14,26.5,71.5,27.7,43.85,19.35,1,1,1,1,1
2020-04-21T15,35.0,85.0,28.7,42.0,21.5,1,1,1,1,1
2020-04-21T17,56.0,112.0,22.9,38.6,28.1,1,1,1,1,1
2020-04-21T18,55.0,110.0,17.7,42.2,21.6,1,1,1,1,1
2020-04-21T20,57.0,113.0,,16.6,,1,1,0,1,0
2020-04-21T21,55.0,115.333,21.933,11.933,21.1,1,1,1,1,1
2020-04-21T22,52.5,105.0,21.8,8.2,25.0,1,1,1,1,1
2020-04-21T23,52.667,103.667,24.333,6.433,18.367,1,1,1,1,1
2020-04-22T00,58.0,111.0,27.35,8.1,14.55,1,1,1,1,1
2020-04-22T01,76.333,158.0,33.833,31.2,33.567,1,1,1,1,1
2020-04-22T02,112.333,217.667,25.8,67.3,41.267,1,1,1,1,1
2020-04-22T04,62.0,123.0,10.9,114.2,13.4,1,1,1,1,1
2020-04-22T07,27.0,74.0,4.45,119.2,20.6,1,1,1,1,1
2020-04-22T10,13.0,62.0,3.5,109.6,,1,1,1,1,0
2020-04-22T11,13.0,62.0,3.2,109.5,12.65,1,1,1,1,1
2020-04-22T14,36.0,86.0,39.9,37.1,19.6,1,1,1,1,1
2020-04-22T16,52.0,124.0,62.4,13.5,28.8,1,1,1,1,1
2020-04-22T18,66.0,135.0,51.5,11.3,20.1,1,1,1,1,1
2020-04-22T19,69.333,137.0,31.633,28.8,26.267,1,1,1,1,1
2020-04-22T20,56.0,125.0,21.5,43.3,19.1,1,1,1,1,1
2020-04-22T21,60.0,137.0,18.55,47.95,22.7,1,1,1,1,1
2020-04-22T22,64.0,149.0,14.05,54.0,32.15,1,1,1,1,1
2020-04-22T23,59.5,129.0,18.55,40.1,29.2,1,1,1,1,1
2020-04-23T01,68.0,170.5,21.4,53.9,34.35,1,1,1,1,1
2020-04-23T02,67.0,183.0,16.45,73.45,41.2,1,1,1,1,1
2020-04-23T03,90.0,206.0,12.0,88.3,43.5,1,1,1,1,1
2020-04-23T04,53.0,121.0,9.3,88.7,28.8,1,1,1,1,1
2020-04-23T05,16.0,52.0,5.3,95.0,18.6,1,1,1,1,1
2020-04-23T06,16.0,52.0,5.2,109.1,24.7,1,1,1,1,1
2020-04-23T07,28.0,75.0,10.4,113.7,25.0,1,1,1,1,1
2020-04-23T08,15.0,104.5,4.7,84.3,18.95,1,1,1,1,1
2020-04-23T09,8.0,88.0,4.1,82.7,14.5,1,1,1,1,1
2020-04-23T12,10.0,42.0,15.9,62.1,14.8,1,1,1,1,1
2020-04-23T15,41.0,89.5,54.05,4.55,24.75,1,1,1,1,1
2020-04-23T16,55.0,110.0,41.5,9.0,29.1,1,1,1,1,1
2020-04-23T19,68.5,114.0,17.75,19.25,24.25,1,1,1,1,1
2020-04-23T20,68.0,112.0,,9.4,,1,1,0,1,0
2020-04-23T21,72.0,108.0,36.3,5.733,21.767,1,1,1,1,1
2020-04-23T22,105.25,162.75,28.7,9.6,31.833,1,1,1,1,1
2020-04-23T23,118.0,183.0,28.1,11.1,31.35,1,1,1,1,1
2020-04-24T00,86.667,152.0,25.5,18.267,29.933,1,1,1,1,1
2020-04-24T01,75.0,139.5,16.55,41.65,35.65,1,1,1,1,1
2020-04-24T02,70.0,139.0,14.6,50.0,33.7,1,1,1,1,1
2020-04-24T05,38.0,82.0,7.467,100.367,24.5,1,1,1,1,1
2020-04-24T06,24.0,68.0,9.6,117.2,27.1,1,1,1,1,1
2020-04-24T07,29.0,83.0,7.1,112.6,24.7,1,1,1,1,1
2020-04-24T09,28.0,77.0,8.0,128.2,21.3,1,1,1,1,1
2020-04-24T10,22.0,74.0,5.7,135.1,18.8,1,1,1,1,1
2020-04-26T01,77.0,213.667,15.7,30.2,22.433,1,1,1,1,1
2020-04-26T02,75.0,185.0,17.7,36.9,23.5,1,1,1,1,1
2020-04-26T03,63.667,156.333,10.467,59.2,22.2,1,1,1,1,1
2020-04-26T04,23.0,59.0,8.4,61.2,20.3,1,1,1,1,1
2020-04-26T05,19.0,48.0,11.1,70.0,19.4,1,1,1,1,1
2020-04-26T06,32.5,199.0,7.55,76.55,21.45,1,1,1,1,1
2020-04-26T08,6.0,67.0,6.4,60.5,17.7,1,1,1,1,1
2020-04-26T09,7.0,45.0,7.4,66.5,19.0,1,1,1,1,1
2020-04-26T10,6.667,56.667,6.233,69.267,18.35,1,1,1,1,1
2020-04-26T11,6.0,52.0,7.2,69.85,24.2,1,1,1,1,1
2020-04-26T12,3.0,36.0,8.0,70.8,18.9,1,1,1,1,1
2020-04-26T14,13.0,27.0,9.15,59.35,15.65,1,1,1,1,1
2020-04-26T15,17.0,38.0,12.15,49.55,17.55,1,1,1,1,1
2020-04-26T16,19.0,31.0,12.367,42.4,17.533,1,1,1,1,1
2020-04-26T17,22.0,39.0,11.5,46.1,16.5,1,1,1,1,1
2020-04-26T18,20.0,33.0,9.9,44.9,15.7,1,1,1,1,1
2020-04-26T19,18.0,40.0,7.85,45.9,13.25,1,1,1,1,1
2020-04-26T21,22.0,41.0,7.7,38.3,11.1,1,1,1,1,1
2020-04-26T22,29.0,45.0,9.425,33.8,14.8,1,1,1,1,1
2020-04-26T23,29.0,45.0,6.7,38.1,14.2,1,1,1,1,1
2020-04-27T00,26.5,41.0,8.0,33.5,13.35,1,1,1,1,1
2020-04-27T01,25.0,42.0,7.2,38.5,12.5,1,1,1,1,1
2020-04-27T02,29.667,49.0,10.867,45.367,18.4,1,1,1,1,1
2020-04-27T03,29.0,55.0,11.0,60.8,18.0,1,1,1,1,1
2020-04-27T05,14.0,44.0,8.6,84.3,17.4,1,1,1,1,1
2020-04-27T07,17.0,45.0,8.4,93.4,17.5,1,1,1,1,1
2020-04-27T08,13.0,38.0,7.8,109.3,18.1,1,1,1,1,1
2020-04-27T09,17.0,47.0,8.0,112.0,17.4,1,1,1,1,1
2020-04-27T10,15.333,45.0,6.8,114.7,17.5,1,1,1,1,1
2020-04-27T12,12.0,44.0,10.2,102.7,14.7,1,1,1,1,1
2020-04-27T13,22.0,84.0,11.2,79.4,20.4,1,1,1,1,1
2020-04-27T14,33.0,91.0,12.0,62.95,29.25,1,1,1,1,1
2020-04-27T19,24.5,58.5,8.75,49.5,16.95,1,1,1,1,1
2020-04-27T20,24.0,45.0,9.1,48.5,16.3,1,1,1,1,1
2020-04-27T21,24.0,45.0,9.1,45.3,17.8,1,1,1,1,1
2020-04-28T01,33.0,67.0,10.6,45.8,22.3,1,1,1,1,1
2020-04-28T02,33.0,67.0,10.2,54.6,21.2,1,1,1,1,1
2020-04-28T03,28.0,64.0,9.3,69.2,20.5,1,1,1,1,1
2020-04-28T04,29.0,64.0,7.8,80.3,20.6,1,1,1,1,1
2020-04-28T05,31.0,70.0,7.2,90.4,19.35,1,1,1,1,1
2020-04-28T06,30.0,70.0,5.7,101.0,18.1,1,1,1,1,1
2020-04-28T07,26.333,66.667,7.2,106.167,18.333,1,1,1,1,1
2020-04-28T08,31.0,64.0,6.0,110.2,16.8,1,1,1,1,1
2020-04-28T09,29.0,81.0,5.2,115.5,16.4,1,1,1,1,1
2020-04-28T10,28.0,72.0,5.6,119.45,17.45,1,1,1,1,1
2020-04-28T11,29.0,68.0,6.467,124.7,18.3,1,1,1,1,1
2020-04-28T12,33.0,66.0,9.7,114.5,17.2,1,1,1,1,1
2020-04-28T14,39.0,69.0,28.95,51.35,20.25,1,1,1,1,1
2020-04-28T19,65.5,118.5,25.15,26.1,23.2,1,1,1,1,1
2020-04-28T20,58.0,102.0,,22.3,,1,1,0,1,0
2020-04-28T21,55.0,105.0,14.4,36.1,18.1,1,1,1,1,1
2020-04-28T22,54.0,98.5,15.3,34.75,20.2,1,1,1,1,1
2020-04-28T23,56.0,96.0,15.4,33.55,21.1,1,1,1,1,1
2020-04-29T00,69.667,109.0,17.133,35.533,21.1,1,1,1,1,1
2020-04-29T01,61.0,105.0,14.233,49.267,20.633,1,1,1,1,1
2020-04-29T02,45.0,102.0,10.133,67.867,23.267,1,1,1,1,1
2020-04-29T03,45.333,91.333,8.933,83.833,21.667,1,1,1,1,1
2020-04-29T04,44.0,92.0,8.5,94.9,19.9,1,1,1,1,1
2020-04-29T05,40.0,99.0,13.6,97.5,19.4,1,1,1,1,1
2020-04-29T06,38.0,95.0,5.7,108.4,23.6,1,1,1,1,1
2020-04-29T08,27.0,75.0,5.3,112.6,21.0,1,1,1,1,1
2020-04-29T09,30.0,69.0,5.3,120.0,21.5,1,1,1,1,1
2020-04-29T18,36.0,117.0,10.3,60.3,20.0,1,1,1,1,1
2020-04-29T21,44.0,94.0,9.3,59.4,18.2,1,1,1,1,1
2020-04-29T23,42.0,92.0,10.267,44.167,20.8,1,1,1,1,1
2020-04-30T00,52.0,106.5,16.45,32.35,22.35,1,1,1,1,1
2020-04-30T01,51.0,110.0,14.4,38.9,24.2,1,1,1,1,1
2020-04-30T02,56.0,128.0,13.0,46.45,27.35,1,1,1,1,1
2020-04-30T03,75.0,149.0,14.7,73.4,29.7,1,1,1,1,1
2020-04-30T04,68.0,143.5,11.45,94.45,30.2,1,1,1,1,1
2020-04-30T05,52.5,128.0,7.5,106.3,26.5,1,1,1,1,1
2020-04-30T06,38.5,109.0,6.1,110.25,24.25,1,1,1,1,1
2020-04-30T07,33.0,100.0,5.0,112.0,22.5,1,1,1,1,1
2020-04-30T09,32.0,96.0,6.333,138.7,22.0,1,1,1,1,1
2020-04-30T10,30.0,96.0,6.45,142.4,22.55,1,1,1,1,1
2020-04-30T11,40.0,105.0,14.0,123.1,27.7,1,1,1,1,1
2020-04-30T12,40.0,105.0,9.1,107.4,25.4,1,1,1,1,1
2020-04-30T13,48.0,315.0,11.7,92.9,21.45,1,1,1,1,1
2020-04-30T14,44.5,96.5,32.15,61.75,21.65,1,1,1,1,1
2020-04-30T15,48.0,101.0,25.0,49.3,24.5,1,1,1,1,1
2020-04-30T16,47.0,102.0,35.85,34.2,24.1,1,1,1,1,1
2020-04-30T17,53.0,110.0,23.9,39.0,23.2,1,1,1,1,1
2020-04-30T18,64.0,124.0,23.9,38.5,22.4,1,1,1,1,1
2020-04-30T19,56.0,103.0,16.933,45.9,22.85,1,1,1,1,1
2020-04-30T20,49.25,95.75,15.4,41.875,18.8,1,1,1,1,1
2020-04-30T21,48.333,101.667,12.967,44.433,20.567,1,1,1,1,1
2020-04-30T22,56.5,130.5,17.8,30.35,21.4,1,1,1,1,1
2020-04-30T23,62.0,140.0,15.5,27.5,18.85,1,1,1,1,1
2020-05-01T00,64.0,153.0,14.9,31.3,19.65,1,1,1,1,1
2020-05-01T01,62.0,138.0,18.2,30.8,18.6,1,1,1,1,1
2020-05-01T02,63.0,147.0,12.8,42.8,19.8,1,1,1,1,1
2020-05-01T03,62.0,150.0,11.6,50.2,21.7,1,1,1,1,1
2020-05-01T06,38.0,128.0,7.25,111.75,25.1,1,1,1,1,1
2020-05-01T07,44.0,132.0,6.9,123.9,24.7,1,1,1,1,1
2020-05-01T08,38.0,130.0,7.1,134.2,27.833,1,1,1,1,1
2020-05-01T09,38.0,131.333,9.3,137.2,27.933,1,1,1,1,1
2020-05-01T10,44.0,134.0,9.7,141.85,27.2,1,1,1,1,1
2020-05-01T11,46.0,134.0,9.55,142.15,30.3,1,1,1,1,1
2020-05-01T12,41.0,136.0,14.35,115.8,33.2,1,1,1,1,1
2020-05-01T13,50.0,169.0,13.1,92.3,32.1,1,1,1,1,1
2020-05-01T14,35.0,169.0,14.2,80.2,26.2,1,1,1,1,1
2020-05-01T16,35.25,122.25,8.175,65.475,24.767,1,1,1,1,1
2020-05-01T17,33.0,132.0,7.333,68.1,22.7,1,1,1,1,1
2020-05-01T18,30.0,100.0,5.5,64.5,21.7,1,1,1,1,1
2020-05-01T19,29.0,90.0,9.6,51.0,21.35,1,1,1,1,1
2020-05-01T20,29.5,95.0,7.5,50.9,20.2,1,1,1,1,1
2020-05-01T21,29.0,94.0,8.9,50.5,20.7,1,1,1,1,1
2020-05-01T22,25.0,89.0,7.2,48.5,22.7,1,1,1,1,1
2020-05-01T23,30.0,94.0,15.6,37.7,19.4,1,1,1,1,1
2020-05-02T00,30.0,81.0,15.767,40.833,18.367,1,1,1,1,1
2020-05-02T01,27.5,75.5,8.2,48.4,19.8,1,1,1,1,1
2020-05-02T02,28.0,74.0,10.5,49.9,20.8,1,1,1,1,1
2020-05-02T03,29.0,94.0,10.7,58.9,20.65,1,1,1,1,1
2020-05-02T05,31.0,106.0,7.8,78.7,18.8,1,1,1,1,1
2020-05-02T06,35.0,143.0,7.2,91.6,21.9,1,1,1,1,1
2020-05-02T07,31.0,160.0,8.0,98.3,21.8,1,1,1,1,1
2020-05-02T09,28.0,156.0,5.8,102.9,20.6,1,1,1,1,1
2020-05-02T10,23.0,147.0,7.1,104.1,19.8,1,1,1,1,1
2020-05-02T12,25.0,128.0,9.05,97.5,22.35,1,1,1,1,1
2020-05-02T13,33.0,129.0,10.6,91.067,24.067,1,1,1,1,1
2020-05-02T14,30.0,133.0,17.0,76.2,43.35,1,1,1,1,1
2020-05-02T17,24.333,97.667,7.567,68.8,21.9,1,1,1,1,1
2020-05-02T18,22.5,78.5,6.65,68.75,20.35,2,2,2,2,2
2020-05-02T19,20.0,74.0,6.6,65.2,18.9,1,1,1,1,1
2020-05-02T20,27.667,73.667,13.0,53.967,23.7,1,1,1,1,1
2020-05-02T21,27.333,75.333,9.667,51.7,21.133,1,1,1,1,1
2020-05-02T22,25.0,72.333,7.667,49.0,20.6,1,1,1,1,1
2020-05-02T23,27.0,73.0,8.5,47.85,20.7,1,1,1,1,1
2020-05-03T00,28.0,81.0,8.9,50.9,19.9,1,1,1,1,1
2020-05-03T01,28.0,81.0,9.9,49.9,19.4,1,1,1,1,1
2020-05-03T02,27.0,81.0,13.5,41.05,18.55,1,1,1,1,1
2020-05-03T03,34.0,68.0,11.35,34.4,16.85,1,1,1,1,1
2020-05-03T04,29.0,55.0,9.3,49.1,18.8,1,1,1,1,1
2020-05-03T06,34.0,72.0,8.05,72.15,19.6,1,1,1,1,1
2020-05-03T07,30.5,73.0,7.35,84.7,18.85,1,1,1,1,1
2020-05-03T08,31.0,73.0,7.1,86.6,17.6,1,1,1,1,1
2020-05-03T09,34.0,78.0,10.7,86.7,17.8,1,1,1,1,1
2020-05-03T10,37.5,88.5,13.85,73.0,17.4,1,1,1,1,1
2020-05-03T20,9.0,28.0,,47.85,,1,1,0,1,0
2020-05-03T21,13.0,28.0,6.6,48.4,11.3,1,1,1,1,1
2020-05-03T22,14.0,20.0,7.9,31.1,15.4,1,1,1,1,1
2020-05-03T23,12.0,28.0,8.2,29.4,15.1,1,1,1,1,1
2020-05-04T00,11.0,31.0,8.65,23.15,15.3,1,1,1,1,1
2020-05-04T01,16.0,34.0,9.95,33.05,16.55,1,1,1,1,1
2020-05-04T02,19.0,46.0,13.85,39.15,19.5,1,1,1,1,1
2020-05-04T03,30.0,64.0,11.3,64.7,26.2,1,1,1,1,1
2020-05-04T04,29.0,56.0,7.9,88.2,29.9,1,1,1,1,1
2020-05-04T05,23.0,55.0,9.0,107.5,38.2,1,1,1,1,1
2020-05-04T06,23.0,55.0,8.5,106.4,36.1,1,1,1,1,1
2020-05-04T07,14.0,56.0,8.5,115.45,27.75,1,1,1,1,1
2020-05-04T10,9.0,42.0,5.4,112.2,,1,1,1,1,0
2020-05-04T12,8.0,42.0,5.9,109.0,17.5,1,1,1,1,1
2020-05-04T16,46.0,99.0,23.9,42.7,25.3,1,1,1,1,1
2020-05-04T17,53.0,106.0,39.2,30.4,31.8,1,1,1,1,1
2020-05-04T18,59.0,121.0,24.2,45.5,36.3,1,1,1,1,1
2020-05-04T19,63.0,125.0,18.65,,44.6,1,1,1,0,1
2020-05-04T20,68.0,127.0,,33.8,,1,1,0,1,0
2020-05-05T00,59.0,105.0,21.3,19.3,28.0,1,1,1,1,1
2020-05-05T01,72.0,133.0,20.6,52.5,52.8,1,1,1,1,1
2020-05-05T04,27.0,68.0,7.433,106.733,19.667,1,1,1,1,1
2020-05-05T05,23.0,83.0,6.1,112.0,27.8,1,1,1,1,1
2020-05-05T06,27.0,70.0,5.9,121.2,25.3,1,1,1,1,1
2020-05-05T07,27.0,70.0,5.8,122.7,23.9,1,1,1,1,1
2020-05-05T08,24.5,72.5,4.6,119.85,20.0,1,1,1,1,1
2020-05-05T09,25.0,72.0,5.1,120.45,16.95,1,1,1,1,1
2020-05-05T10,19.0,63.0,5.15,122.8,15.15,1,1,1,1,1
2020-05-05T11,19.0,72.0,7.4,127.1,17.8,1,1,1,1,1
2020-05-05T12,19.0,75.0,9.6,111.8,16.25,1,1,1,1,1
2020-05-05T14,27.0,83.0,15.7,75.4,22.4,1,1,1,1,1
2020-05-05T15,44.0,125.0,16.2,60.4,,1,1,1,1,0
2020-05-05T16,68.0,138.0,50.45,120.05,40.9,1,1,1,1,1
2020-05-05T17,72.0,158.0,53.3,184.7,55.65,1,1,1,1,1
2020-05-05T19,49.667,177.0,14.867,50.9,31.433,1,1,1,1,1
2020-05-05T20,47.0,239.0,,35.0,,1,1,0,1,0
2020-05-05T21,41.0,197.0,12.6,40.0,22.0,1,1,1,1,1
2020-05-05T22,40.0,185.0,16.75,27.2,21.5,1,1,1,1,1
2020-05-05T23,39.0,173.0,22.6,17.0,21.8,1,1,1,1,1
2020-05-06T04,34.0,164.0,10.0,95.7,34.233,1,1,1,1,1
2020-05-06T05,70.0,219.0,9.5,98.9,34.4,1,1,1,1,1
2020-05-06T06,35.5,157.0,7.3,107.05,27.8,1,1,1,1,1
2020-05-06T07,29.0,140.0,7.45,105.15,22.7,1,1,1,1,1
2020-05-06T08,24.0,116.0,15.15,98.45,28.8,1,1,1,1,1
2020-05-06T09,44.0,151.0,13.1,122.8,28.6,1,1,1,1,1
2020-05-06T10,53.0,171.0,13.7,125.95,31.55,1,1,1,1,1
2020-05-06T11,48.0,146.0,11.05,124.95,29.0,1,1,1,1,1
2020-05-06T12,46.0,141.0,25.1,99.6,,1,1,1,1,0
2020-05-06T13,53.0,162.0,42.333,60.267,29.367,1,1,1,1,1
2020-05-06T14,63.5,170.0,50.65,34.8,31.2,1,1,1,1,1
2020-05-06T15,81.333,187.667,67.367,21.5,32.433,1,1,1,1,1
2020-05-06T16,96.0,215.0,51.3,24.8,32.0,1,1,1,1,1
2020-05-06T17,85.0,205.0,22.8,51.3,25.3,1,1,1,1,1
2020-05-06T18,66.0,166.0,21.65,60.5,21.8,2,2,2,2,2
2020-05-06T23,5.0,45.0,9.9,76.667,20.167,1,1,1,1,1
2020-05-07T00,5.0,24.0,10.7,71.5,28.4,1,1,1,1,1
2020-05-07T01,6.0,28.0,12.25,73.0,31.6,1,1,1,1,1
2020-05-07T02,,,,,27.2,0,0,0,0,1
2020-05-07T03,6.0,40.0,8.7,80.4,24.4,1,1,1,1,1
2020-05-07T11,14.0,72.0,6.0,148.9,21.4,1,1,1,1,1
2020-05-07T13,38.0,95.0,15.7,115.7,19.6,1,1,1,1,1
2020-05-07T14,38.0,95.0,20.2,107.4,29.3,1,1,1,1,1
2020-05-07T15,57.5,125.5,24.05,146.0,58.75,1,1,1,1,1
2020-05-07T21,36.0,74.0,15.35,55.3,14.55,1,1,1,1,1
2020-05-08T02,41.0,101.0,14.0,80.4,25.4,1,1,1,1,1
2020-05-08T03,29.0,86.0,11.65,103.1,22.6,1,1,1,1,1
2020-05-08T05,23.0,85.0,8.75,132.05,17.65,1,1,1,1,1
2020-05-08T12,33.0,100.0,13.3,156.5,,1,1,1,1,0
2020-05-08T15,63.0,168.5,17.5,103.3,25.7,1,1,1,1,1
2020-05-08T16,,153.0,17.6,95.1,25.65,0,1,1,1,1
2020-05-08T18,,123.0,13.4,83.6,24.6,0,1,1,1,1
2020-05-08T19,,113.0,11.6,87.9,26.6,0,1,1,1,1
2020-05-08T20,,105.0,,85.8,,0,1,0,1,0
2020-05-08T21,,94.0,8.35,86.5,23.2,0,1,1,1,1
2020-05-08T22,,96.5,11.95,79.1,24.9,0,1,1,1,1
2020-05-08T23,,114.0,18.65,51.2,28.15,0,1,1,1,1
2020-05-09T00,,123.0,21.7,41.5,28.8,0,1,1,1,1
2020-05-09T01,,163.0,18.0,70.1,37.1,0,1,1,1,1
2020-05-09T03,,134.0,10.1,105.2,34.5,0,1,1,1,1
2020-05-09T04,,140.0,11.4,126.6,34.6,0,1,1,1,1
2020-05-09T06,,132.0,9.7,147.6,28.4,0,1,1,1,1
2020-05-09T07,,133.0,7.9,154.8,25.6,0,1,1,1,1
2020-05-09T08,,139.0,4.4,136.2,19.9,0,1,1,1,1
2020-05-09T10,,111.667,8.1,160.2,19.65,0,1,1,1,1
2020-05-09T11,,113.0,7.9,155.4,20.8,0,1,1,1,1
2020-05-09T13,,161.0,19.2,119.2,31.0,0,1,1,1,1
2020-05-09T14,,174.0,22.95,102.3,89.25,0,1,1,1,1
2020-05-09T18,,121.0,9.4,95.3,23.5,0,1,1,1,1
2020-05-09T20,,119.0,,87.5,,0,1,0,1,0
2020-05-09T21,,119.0,11.4,71.9,21.9,0,1,1,1,1
2020-05-09T22,,134.0,15.1,66.35,27.4,0,1,1,1,1
2020-05-09T23,,139.0,16.0,55.5,27.5,0,1,1,1,1
2020-05-10T00,,135.5,11.9,61.4,23.95,0,1,1,1,1
2020-05-10T11,,46.0,13.6,81.6,29.2,0,1,1,1,1
2020-05-10T13,,36.0,14.6,76.85,13.4,0,1,1,1,1
2020-05-10T19,,39.0,16.7,,24.2,0,1,1,0,1
2020-05-10T23,,56.0,11.2,41.25,20.1,0,1,1,1,1
2020-05-11T00,,61.0,9.5,42.7,20.2,0,1,1,1,1
2020-05-11T02,,83.0,13.8,52.0,27.3,0,1,1,1,1
2020-05-11T04,,95.0,13.2,88.0,25.5,0,1,1,1,1
2020-05-11T05,,95.0,13.1,98.8,24.1,0,1,1,1,1
2020-05-11T09,,,14.6,129.4,19.9,0,0,1,1,1
2020-05-11T11,31.0,107.0,16.9,134.5,19.3,1,1,1,1,1
2020-05-11T12,36.0,105.0,29.6,111.9,24.3,1,1,1,1,1
2020-05-11T13,48.0,137.5,29.9,90.15,25.15,1,1,1,1,1
2020-05-11T14,52.0,128.0,30.7,83.3,26.0,1,1,1,1,1
2020-05-11T15,58.0,125.333,19.233,74.333,24.233,1,1,1,1,1
2020-05-11T16,52.0,100.0,18.6,56.5,23.55,1,1,1,1,1
2020-05-11T17,63.0,116.0,30.5,33.8,18.4,1,1,1,1,1
2020-05-11T18,52.0,100.0,23.4,34.9,16.9,1,1,1,1,1
2020-05-11T19,52.0,100.0,21.2,42.3,19.35,1,1,1,1,1
2020-05-11T20,46.0,97.0,15.3,41.95,17.1,1,1,1,1,1
2020-05-11T22,22.0,59.0,8.5,66.2,13.55,1,1,1,1,1
2020-05-11T23,9.0,40.0,16.7,52.8,29.5,1,1,1,1,1
2020-05-12T00,35.0,87.5,13.0,63.95,26.15,1,1,1,1,1
2020-05-12T01,40.0,92.0,15.55,55.85,25.2,1,1,1,1,1
2020-05-12T02,38.0,91.0,17.8,66.0,25.4,1,1,1,1,1
2020-05-12T03,36.0,90.0,20.5,71.3,32.3,1,1,1,1,1
2020-05-12T04,35.0,78.0,15.7,99.8,34.5,1,1,1,1,1
2020-05-12T06,28.0,82.5,8.65,123.8,23.35,1,1,1,1,1
2020-05-13T16,30.0,73.0,16.8,54.3,19.6,1,1,1,1,1
2020-05-13T18,28.0,58.0,25.6,26.7,15.5,1,1,1,1,1
2020-05-13T21,40.0,83.0,29.7,15.1,17.7,1,1,1,1,1
2020-05-14T03,52.5,152.0,19.35,71.1,19.75,1,1,1,1,1
2020-05-14T04,55.0,149.0,15.7,107.2,21.0,1,1,1,1,1
2020-05-14T07,45.0,140.0,9.7,132.2,27.6,1,1,1,1,1
2020-05-14T08,40.0,130.0,6.2,138.3,21.8,1,1,1,1,1
2020-05-14T09,31.0,114.0,5.7,131.7,16.8,1,1,1,1,1
2020-05-14T10,28.0,113.0,6.5,142.9,17.4,1,1,1,1,1
2020-05-14T11,28.0,118.0,25.8,97.6,21.0,1,1,1,1,1
2020-05-14T12,56.0,107.0,14.7,89.7,18.6,1,1,1,1,1
2020-05-14T15,27.0,48.0,24.6,43.9,19.6,1,1,1,1,1
2020-05-14T18,33.0,51.0,45.5,11.9,14.4,1,1,1,1,1
2020-05-15T07,20.0,105.0,8.0,149.95,24.2,1,1,1,1,1
2020-05-15T09,27.5,125.5,6.6,151.95,22.8,1,1,1,1,1
2020-05-15T10,22.0,116.0,6.25,141.65,20.5,1,1,1,1,1
2020-05-15T11,14.0,81.0,7.0,128.7,19.7,1,1,1,1,1
2020-05-15T12,14.0,68.0,18.6,113.7,19.7,1,1,1,1,1
2020-05-15T13,22.0,136.0,31.2,78.95,23.0,1,1,1,1,1
2020-05-15T15,73.5,177.0,35.35,51.05,34.5,1,1,1,1,1
2020-05-15T16,84.0,185.0,33.75,47.7,41.15,1,1,1,1,1
2020-05-15T17,118.0,215.0,31.65,38.25,41.3,1,1,1,1,1
2020-05-15T19,149.0,245.0,32.0,,59.2,1,1,1,0,1
2020-05-15T20,167.25,243.0,26.1,32.8,39.7,1,1,1,1,1
2020-05-15T21,150.0,216.0,25.25,37.3,41.85,1,1,1,1,1
2020-05-15T22,135.0,195.0,19.7,50.6,44.4,1,1,1,1,1
2020-05-16T00,101.0,171.0,24.4,48.5,41.1,1,1,1,1,1
2020-05-16T01,97.0,162.0,17.2,74.2,43.6,1,1,1,1,1
2020-05-16T04,59.0,141.0,10.0,138.6,25.2,1,1,1,1,1
2020-05-16T05,24.0,95.0,7.1,140.1,22.0,1,1,1,1,1
2020-05-16T06,24.0,95.0,7.6,147.7,20.4,1,1,1,1,1
2020-05-16T09,21.0,75.0,5.65,148.5,14.65,1,1,1,1,1
2020-05-16T11,12.0,78.0,7.75,138.3,17.35,1,1,1,1,1
2020-05-16T15,59.0,144.0,55.0,26.2,29.7,1,1,1,1,1
2020-05-16T16,61.0,140.0,46.1,25.4,,1,1,1,1,0
2020-05-16T17,61.0,140.0,41.2,33.6,34.3,1,1,1,1,1
2020-05-16T18,88.0,169.0,45.0,9.7,29.8,1,1,1,1,1
2020-05-16T19,88.0,169.0,47.7,,29.8,1,1,1,0,1
2020-05-16T21,101.0,182.0,51.5,12.8,34.4,1,1,1,1,1
2020-05-16T22,98.0,171.0,45.3,11.95,39.0,1,1,1,1,1
2020-05-16T23,95.0,160.0,44.8,9.0,37.2,1,1,1,1,1
2020-05-17T01,178.0,276.0,35.0,52.8,106.2,1,1,1,1,1
2020-05-17T02,196.0,315.0,28.0,112.5,72.4,1,1,1,1,1
2020-05-17T03,128.0,208.0,15.6,166.2,32.1,1,1,1,1,1
2020-05-17T04,64.0,127.0,11.2,179.6,18.2,1,1,1,1,1
2020-05-17T05,39.0,92.0,11.0,144.6,25.8,1,1,1,1,1
2020-05-17T08,23.0,103.0,5.6,145.5,22.9,1,1,1,1,1
2020-05-17T10,34.0,106.0,8.0,152.9,22.8,1,1,1,1,1
2020-05-17T11,39.5,112.5,14.7,125.05,24.7,1,1,1,1,1
2020-05-17T12,44.0,114.0,26.6,105.8,27.7,1,1,1,1,1
2020-05-17T16,58.0,164.0,49.9,27.4,33.4,1,1,1,1,1
2020-05-17T20,72.0,141.0,,4.6,,1,1,0,1,0
2020-05-17T21,77.0,153.0,45.8,9.0,31.4,1,1,1,1,1
2020-05-17T22,118.0,184.0,43.35,8.4,64.05,1,1,1,1,1
2020-05-17T23,149.0,224.0,45.9,6.3,67.5,1,1,1,1,1
2020-05-18T00,164.0,239.0,37.9,25.7,58.0,1,1,1,1,1
2020-05-18T01,156.0,276.0,27.7,54.4,156.2,1,1,1,1,1
2020-05-18T02,156.0,276.0,26.0,58.8,111.2,1,1,1,1,1
2020-05-18T03,125.0,245.0,25.4,95.7,65.9,1,1,1,1,1
2020-05-18T11,18.0,84.0,9.2,137.1,15.2,1,1,1,1,1
2020-05-18T13,27.0,100.667,46.033,67.333,22.033,1,1,1,1,1
2020-05-18T15,45.0,123.0,92.2,2.8,32.5,1,1,1,1,1
2020-05-18T16,55.0,157.0,81.8,3.7,38.9,1,1,1,1,1
2020-05-18T17,66.0,175.0,75.7,3.8,24.7,1,1,1,1,1
2020-05-18T18,73.0,166.0,62.4,5.65,32.25,1,1,1,1,1
2020-05-18T20,88.0,183.0,56.9,4.3,33.4,1,1,1,1,1
2020-05-19T00,116.0,200.0,61.9,5.4,43.3,1,1,1,1,1
2020-05-19T05,33.0,108.0,29.1,261.9,63.7,1,1,1,1,1
2020-05-19T07,25.0,123.0,8.2,158.9,21.5,1,1,1,1,1
2020-05-19T09,18.0,84.0,7.2,130.9,14.8,1,1,1,1,1
2020-05-19T10,22.0,91.0,8.5,129.6,15.6,1,1,1,1,1
2020-05-19T13,34.0,153.0,41.7,131.1,41.2,1,1,1,1,1
2020-05-19T14,44.0,157.0,61.3,63.7,48.1,1,1,1,1,1
2020-05-19T20,61.0,130.0,,15.3,,1,1,0,1,0
2020-05-19T21,56.0,128.0,54.4,4.75,30.75,1,1,1,1,1
2020-05-19T23,117.0,202.0,39.6,12.0,57.8,1,1,1,1,1
2020-05-20T00,134.0,208.0,30.3,23.9,58.6,1,1,1,1,1
2020-05-20T01,122.0,200.0,28.5,50.5,54.4,1,1,1,1,1
2020-05-20T02,85.0,179.0,22.15,88.0,36.55,1,1,1,1,1
2020-05-20T03,46.0,119.0,20.6,117.3,25.3,1,1,1,1,1
2020-05-20T04,38.0,107.0,17.2,147.3,,1,1,1,1,0
2020-05-20T05,38.0,107.0,11.3,152.2,26.4,1,1,1,1,1
2020-05-20T08,24.0,110.0,7.9,146.1,19.5,1,1,1,1,1
2020-05-20T09,18.0,107.0,8.6,147.2,18.5,1,1,1,1,1
2020-05-20T10,22.0,112.0,9.7,140.8,16.9,1,1,1,1,1
2020-05-20T13,14.0,121.0,34.3,83.2,22.65,1,1,1,1,1
2020-05-20T16,53.0,195.0,38.4,67.7,44.6,1,1,1,1,1
2020-05-20T18,48.0,166.0,16.2,89.4,44.2,1,1,1,1,1
2020-05-20T20,41.0,136.0,,96.0,,1,1,0,1,0
2020-05-20T21,41.0,146.0,11.7,92.6,38.3,1,1,1,1,1
2020-05-20T23,41.0,127.0,15.75,70.0,39.25,1,1,1,1,1
2020-05-21T00,50.0,127.0,21.8,62.1,36.0,1,1,1,1,1
2020-05-21T01,41.0,140.0,24.3,83.0,44.2,1,1,1,1,1
2020-05-21T02,,183.0,23.8,94.4,46.1,0,1,1,1,1
2020-05-21T03,45.0,163.0,19.5,129.5,34.2,1,1,1,1,1
2020-05-21T05,,141.0,11.1,130.8,25.5,0,1,1,1,1
2020-05-21T06,18.0,140.0,9.25,133.2,27.25,1,1,1,1,1
2020-05-21T10,13.0,134.0,8.2,114.6,18.0,1,1,1,1,1
2020-05-21T11,8.0,129.5,12.55,109.05,19.25,1,1,1,1,1
2020-05-21T12,9.0,125.0,15.0,107.0,21.3,1,1,1,1,1
2020-05-21T15,36.0,162.0,88.9,4.65,37.0,1,1,1,1,1
2020-05-21T16,55.0,183.0,85.6,4.4,,1,1,1,1,0
2020-05-21T17,55.0,193.0,76.4,4.1,23.9,1,1,1,1,1
2020-05-21T19,67.0,221.0,63.2,3.4,52.1,1,1,1,1,1
2020-05-21T21,96.0,233.0,55.2,4.2,74.1,1,1,1,1,1
2020-05-21T22,,212.0,54.0,3.1,79.1,0,1,1,1,1
2020-05-21T23,118.0,267.0,46.6,11.45,112.05,1,1,1,1,1
2020-05-22T01,73.0,191.0,64.2,18.8,37.7,1,1,1,1,1
2020-05-22T02,51.0,197.0,52.4,49.8,38.2,1,1,1,1,1
2020-05-22T04,49.0,158.0,26.95,181.15,36.3,1,1,1,1,1
2020-05-22T19,95.0,211.0,90.35,6.8,21.3,1,1,1,1,1
2020-05-22T20,101.0,219.0,,6.9,,1,1,0,1,0
2020-05-23T02,,179.0,37.0,50.9,25.0,0,1,1,1,1
2020-05-23T06,41.0,320.0,12.35,133.3,23.25,1,1,1,1,1
2020-05-23T07,31.0,255.0,8.4,,,1,1,1,0,0
2020-05-23T08,22.0,189.0,8.4,83.3,10.65,1,1,1,1,1
2020-05-23T09,20.0,140.0,8.3,84.1,11.5,1,1,1,1,1
2020-05-23T10,14.0,118.0,15.7,69.1,,1,1,1,1,0
2020-05-23T12,15.0,119.5,26.5,50.55,22.3,1,1,1,1,1
2020-05-23T13,31.0,167.0,83.5,4.0,32.5,1,1,1,1,1
2020-05-23T14,31.0,167.0,80.5,1.9,40.3,1,1,1,1,1
2020-05-23T16,38.0,344.0,36.1,22.85,35.6,1,1,1,1,1
2020-05-23T17,35.0,282.0,27.2,26.6,16.4,1,1,1,1,1
2020-05-23T18,24.0,204.0,14.3,36.2,25.9,1,1,1,1,1
2020-05-23T22,52.0,217.0,19.4,27.1,38.8,1,1,1,1,1
2020-05-23T23,58.5,212.5,29.35,13.95,32.75,1,1,1,1,1
2020-05-24T00,56.0,210.0,31.4,16.0,36.6,1,1,1,1,1
2020-05-24T01,49.667,220.0,41.133,26.533,33.467,1,1,1,1,1
2020-05-24T02,45.0,230.0,22.2,84.6,46.2,1,1,1,1,1
2020-05-24T03,53.0,218.0,23.3,117.7,41.95,1,1,1,1,1
2020-05-24T04,48.0,197.0,13.85,127.15,41.05,1,1,1,1,1
2020-05-24T05,47.0,216.0,6.4,109.4,17.5,1,1,1,1,1
2020-05-24T06,23.0,163.0,5.85,92.35,9.25,1,1,1,1,1
2020-05-24T07,16.0,160.0,6.7,95.6,5.4,1,1,1,1,1
2020-05-24T11,16.0,105.0,9.0,110.15,13.85,1,1,1,1,1
2020-05-24T12,20.0,107.0,14.05,104.45,23.55,1,1,1,1,1
2020-05-24T13,20.0,122.0,34.2,64.5,28.4,1,1,1,1,1
2020-05-24T14,31.0,140.5,47.95,39.15,32.15,1,1,1,1,1
2020-05-24T16,31.0,140.0,44.6,26.0,45.0,1,1,1,1,1
2020-05-24T17,45.0,152.0,35.3,35.8,34.1,1,1,1,1,1
2020-05-24T18,46.0,144.0,45.0,25.4,33.2,1,1,1,1,1
2020-05-24T20,51.0,136.0,,30.45,,1,1,0,1,0
2020-05-24T21,55.0,138.0,35.9,20.1,43.0,1,1,1,1,1
2020-05-25T00,138.0,295.0,37.933,26.0,129.033,1,1,1,1,1
2020-05-25T01,118.0,279.0,37.567,44.8,89.133,1,1,1,1,1
2020-05-25T02,98.333,236.0,19.7,97.267,65.233,1,1,1,1,1
2020-05-25T03,81.0,212.0,22.667,121.833,46.0,1,1,1,1,1
2020-05-25T08,12.0,94.0,6.1,114.8,14.8,1,1,1,1,1
2020-05-25T09,14.5,120.5,5.15,103.15,10.35,1,1,1,1,1
2020-05-25T10,8.0,119.0,6.9,102.5,,1,1,1,1,0
2020-05-25T11,8.0,119.0,6.85,101.6,15.85,1,1,1,1,1
2020-05-25T12,14.0,96.0,11.35,90.35,22.75,1,1,1,1,1
2020-05-25T13,16.0,92.0,19.9,64.6,22.6,1,1,1,1,1
2020-05-25T19,61.0,129.0,60.1,8.0,36.5,1,1,1,1,1
2020-05-25T20,48.0,123.0,57.8,3.9,21.6,1,1,1,1,1
2020-05-25T21,48.0,123.0,61.7,4.5,23.3,1,1,1,1,1
2020-05-25T22,53.0,179.0,59.05,4.0,37.45,1,1,1,1,1
2020-05-25T23,56.0,153.0,53.15,5.95,36.4,1,1,1,1,1
2020-05-26T00,44.0,133.0,47.3,6.7,25.6,1,1,1,1,1
2020-05-26T03,28.0,204.0,14.5,60.0,12.5,1,1,1,1,1
2020-05-26T04,28.0,226.0,12.6,77.4,2.7,1,1,1,1,1
2020-05-26T10,12.0,112.0,12.5,83.7,12.7,1,1,1,1,1
2020-05-26T11,11.0,111.0,20.6,75.6,12.8,1,1,1,1,1
2020-05-26T12,9.0,155.0,37.5,52.8,20.2,1,1,1,1,1
2020-05-26T13,16.0,211.0,87.3,9.5,20.6,1,1,1,1,1
2020-05-26T14,25.0,200.0,85.8,4.1,25.2,1,1,1,1,1
2020-05-26T18,23.0,151.0,17.1,69.2,9.0,1,1,1,1,1
2020-05-26T19,19.0,102.0,28.15,56.7,20.4,1,1,1,1,1
2020-05-27T00,22.5,82.0,40.2,38.1,19.2,1,1,1,1,1
2020-05-27T10,30.0,149.0,16.4,154.5,,1,1,1,1,0
2020-05-27T12,35.0,127.0,77.2,91.5,30.3,1,1,1,1,1
2020-05-27T15,55.0,195.0,37.9,86.7,36.8,1,1,1,1,1
2020-05-27T16,59.0,219.0,8.9,86.4,33.8,1,1,1,1,1
2020-05-27T17,30.0,332.0,14.3,88.9,45.0,1,1,1,1,1
2020-05-27T20,13.0,130.0,,74.333,,1,1,0,1,0
2020-05-27T21,33.0,427.0,7.9,58.4,17.6,1,1,1,1,1
2020-05-27T22,38.0,359.0,8.7,54.1,,1,1,1,1,0
2020-05-28T00,30.0,302.0,10.1,44.1,18.6,1,1,1,1,1
2020-05-28T14,31.0,282.0,9.6,82.9,30.2,1,1,1,1,1
2020-05-28T18,17.0,28.0,11.2,61.7,22.5,1,1,1,1,1
2020-05-28T19,9.0,30.0,9.4,65.9,24.3,1,1,1,1,1
2020-05-28T20,9.0,30.0,,64.3,,1,1,0,1,0
2020-05-28T21,9.0,35.0,14.9,31.4,19.8,1,1,1,1,1
2020-05-28T23,9.0,41.0,11.8,35.8,15.9,1,1,1,1,1
2020-05-29T00,12.0,42.0,15.9,43.9,17.7,1,1,1,1,1
2020-05-29T01,12.0,42.0,16.5,45.2,18.3,1,1,1,1,1
2020-05-30T01,30.0,66.0,22.6,27.6,22.2,1,1,1,1,1
2020-05-31T03,16.0,40.0,15.5,37.9,18.9,1,1,1,1,1
2020-05-31T04,15.333,38.0,12.4,51.133,18.6,1,1,1,1,1
2020-05-31T05,14.0,35.0,9.35,61.9,17.025,1,1,1,1,1
2020-05-31T06,15.0,37.5,8.7,65.6,16.825,1,1,1,1,1
2020-05-31T07,18.0,36.0,8.8,75.8,17.7,1,1,1,1,1
2020-05-31T08,16.5,39.75,9.725,69.425,15.1,1,1,1,1,1
2020-05-31T09,18.0,45.0,10.85,75.2,15.5,1,1,1,1,1
2020-05-31T10,18.0,45.5,14.6,50.2,14.8,1,1,1,1,1
2020-05-31T11,17.0,50.0,25.0,34.1,15.6,1,1,1,1,1
2020-05-31T12,9.0,20.0,19.9,50.85,18.0,1,1,1,1,1
2020-05-31T13,6.0,17.0,18.9,38.733,18.933,1,1,1,1,1
2020-05-31T14,9.0,30.0,10.5,55.3,17.7,1,1,1,1,1
2020-05-31T15,8.25,21.5,11.0,66.05,18.55,1,1,1,1,1
2020-05-31T16,9.0,20.0,12.9,53.8,17.85,1,1,1,1,1
2020-05-31T17,15.0,38.25,19.2,37.575,16.825,1,1,1,1,1
2020-05-31T18,13.834,45.834,22.684,26.716,15.8,2,2,2,2,2
2020-05-31T19,22.75,47.25,17.675,36.75,15.625,1,1,1,1,1
2020-05-31T20,22.0,39.0,,32.833,,1,1,0,1,0
2020-05-31T21,22.0,38.0,20.333,25.267,15.367,1,1,1,1,1
2020-05-31T22,36.0,58.0,18.2,28.25,17.1,1,1,1,1,1
2020-05-31T23,33.0,52.0,16.8,18.767,17.2,1,1,1,1,1
2020-06-01T00,24.0,41.0,26.35,22.2,16.9,1,1,1,1,1
2020-06-01T01,29.0,47.0,26.4,41.2,16.9,1,1,1,1,1
2020-06-01T02,29.0,53.0,27.1,46.9,21.1,1,1,1,1,1
2020-06-01T03,36.0,64.0,27.9,53.2,25.95,1,1,1,1,1
2020-06-01T04,38.0,73.0,23.5,122.6,,1,1,1,1,0
2020-06-01T07,50.0,105.0,18.9,188.2,27.8,1,1,1,1,1
2020-06-01T08,50.0,105.0,19.4,188.6,24.0,1,1,1,1,1
2020-06-01T09,51.0,103.0,16.05,179.3,24.2,1,1,1,1,1
2020-06-01T11,51.0,102.0,19.9,160.8,24.4,1,1,1,1,1
2020-06-01T12,50.0,110.0,22.7,142.6,25.7,1,1,1,1,1
2020-06-01T13,52.0,103.0,23.2,113.8,25.2,1,1,1,1,1
2020-06-01T15,36.667,93.667,35.333,28.967,21.667,1,1,1,1,1
2020-06-01T16,40.0,97.0,73.6,8.2,22.2,1,1,1,1,1
2020-06-01T17,51.0,107.0,62.4,16.0,,1,1,1,1,0
2020-06-01T18,70.0,155.0,65.55,4.55,17.85,2,2,2,2,2
2020-06-01T19,67.0,118.0,42.3,3.1,16.3,1,1,1,1,1
2020-06-01T20,67.0,118.0,,4.25,,1,1,0,1,0
2020-06-01T21,73.0,122.0,44.85,2.15,14.5,1,1,1,1,1
2020-06-01T23,71.0,117.0,29.467,10.8,18.133,1,1,1,1,1
2020-06-02T00,67.667,126.333,18.233,28.733,19.9,1,1,1,1,1
2020-06-02T01,53.0,121.0,10.3,49.2,18.7,1,1,1,1,1
2020-06-02T02,20.0,48.0,16.7,48.0,18.2,1,1,1,1,1
2020-06-02T03,13.0,74.0,21.5,64.55,16.95,1,1,1,1,1
2020-06-02T04,17.0,52.5,22.6,94.35,17.9,1,1,1,1,1
2020-06-02T05,19.0,68.667,18.933,107.467,21.833,1,1,1,1,1
2020-06-02T06,23.0,84.0,12.35,115.2,22.7,1,1,1,1,1
2020-06-02T13,31.0,90.0,30.1,60.5,22.0,1,1,1,1,1
2020-06-02T16,28.0,84.0,13.9,64.1,21.8,1,1,1,1,1
2020-06-02T18,22.0,79.0,28.2,26.3,20.6,1,1,1,1,1
2020-06-02T20,23.0,75.0,,11.7,,1,1,0,1,0
2020-06-02T22,44.0,96.0,22.7,23.8,18.7,1,1,1,1,1
2020-06-03T00,52.0,114.0,28.75,22.3,18.95,1,1,1,1,1
2020-06-03T01,57.0,118.0,36.25,28.85,21.7,1,1,1,1,1
2020-06-03T02,58.0,118.0,28.9,41.6,26.9,1,1,1,1,1
2020-06-03T06,45.0,122.0,17.3,180.0,43.5,1,1,1,1,1
2020-06-03T08,56.0,147.0,14.7,219.5,31.0,1,1,1,1,1
2020-06-03T15,46.0,103.0,80.3,0.0,29.8,1,1,1,1,1
2020-06-03T16,36.0,113.0,70.4,0.7,31.0,1,1,1,1,1
2020-06-04T05,58.0,152.0,19.65,88.8,39.7,1,1,1,1,1
2020-06-04T15,40.0,78.0,63.35,14.3,25.2,1,1,1,1,1
2020-06-04T16,39.0,81.0,21.3,44.9,23.9,1,1,1,1,1
2020-06-04T18,52.5,105.0,36.55,17.6,19.75,2,2,2,2,2
2020-06-04T21,33.0,69.0,16.6,39.0,23.1,1,1,1,1,1
2020-06-04T22,30.0,58.0,16.45,29.05,20.4,1,1,1,1,1
2020-06-04T23,36.0,59.0,21.8,37.15,19.9,1,1,1,1,1
2020-06-05T00,18.0,36.0,29.1,33.1,22.1,1,1,1,1,1
2020-06-05T02,58.0,106.0,21.0,13.0,21.9,1,1,1,1,1
2020-06-05T03,41.0,91.0,20.6,42.7,24.4,1,1,1,1,1
2020-06-05T05,35.0,78.0,10.6,95.6,26.6,1,1,1,1,1
2020-06-05T06,16.0,50.0,9.0,103.4,26.2,1,1,1,1,1
2020-06-05T08,24.0,72.5,16.45,129.85,24.0,1,1,1,1,1
2020-06-05T09,25.0,83.0,16.3,127.1,22.7,1,1,1,1,1
2020-06-05T10,23.0,79.0,39.6,66.0,20.1,1,1,1,1,1
2020-06-05T11,29.0,70.0,23.1,48.8,17.6,1,1,1,1,1
2020-06-05T12,12.0,38.0,70.0,23.5,17.4,1,1,1,1,1
2020-06-05T14,22.0,53.0,103.75,2.9,19.75,1,1,1,1,1
2020-06-05T15,38.0,103.0,49.5,37.6,22.2,1,1,1,1,1
2020-06-05T17,46.0,99.0,24.3,36.6,18.7,1,1,1,1,1
2020-06-05T19,33.0,69.0,11.8,,18.3,1,1,1,0,1
2020-06-05T20,23.0,56.0,,35.7,,1,1,0,1,0
2020-06-05T22,17.0,47.0,11.6,27.6,18.2,1,1,1,1,1
2020-06-05T23,17.0,47.0,12.8,26.2,20.1,1,1,1,1,1
2020-06-06T14,23.0,92.0,63.1,17.1,23.4,1,1,1,1,1
2020-06-06T15,29.0,96.0,66.7,15.4,24.7,1,1,1,1,1
2020-06-06T16,35.0,105.0,50.3,16.8,25.4,1,1,1,1,1
2020-06-06T18,39.0,118.0,48.9,13.6,21.8,1,1,1,1,1
2020-06-06T20,38.0,97.0,,18.2,,1,1,0,1,0
2020-06-06T21,44.0,102.0,20.0,29.3,24.8,1,1,1,1,1
2020-06-06T22,44.0,102.0,19.3,30.2,25.25,1,1,1,1,1
2020-06-07T16,23.0,64.0,29.3,30.5,28.8,1,1,1,1,1
2020-06-07T17,27.0,77.0,35.267,20.0,25.4,1,1,1,1,1
2020-06-07T18,24.0,59.0,53.0,6.6,23.6,1,1,1,1,1
2020-06-07T19,24.0,59.0,47.4,,23.9,1,1,1,0,1
2020-06-07T21,18.0,58.0,48.8,2.95,19.3,1,1,1,1,1
2020-06-07T22,16.0,57.0,35.1,3.6,21.6,1,1,1,1,1
2020-06-07T23,18.0,42.0,31.1,10.9,15.6,1,1,1,1,1
2020-06-08T00,30.0,72.0,43.3,42.233,18.7,1,1,1,1,1
2020-06-08T01,52.0,111.0,34.25,24.95,18.2,1,1,1,1,1
2020-06-08T02,58.0,105.0,32.1,39.7,18.45,1,1,1,1,1
2020-06-08T03,51.333,102.667,18.3,72.167,24.767,1,1,1,1,1
2020-06-08T04,44.0,92.0,17.7,107.4,27.7,1,1,1,1,1
2020-06-08T05,42.0,99.0,16.5,134.8,27.0,1,1,1,1,1
2020-06-08T08,30.0,105.0,6.9,122.0,22.2,1,1,1,1,1
2020-06-08T13,33.0,105.0,20.25,81.9,22.85,1,1,1,1,1
2020-06-08T14,25.0,97.0,37.6,60.167,25.6,1,1,1,1,1
2020-06-08T15,58.0,129.0,37.1,58.6,27.4,1,1,1,1,1
2020-06-08T16,78.0,143.0,39.9,44.7,27.2,1,1,1,1,1
2020-06-08T17,73.0,140.0,48.7,15.1,24.95,1,1,1,1,1
2020-06-08T18,70.0,130.0,51.0,4.05,23.8,2,2,2,2,2
2020-06-08T19,72.0,121.0,57.7,24.0,26.0,1,1,1,1,1
2020-06-08T20,68.0,134.0,63.2,11.8,22.9,1,1,1,1,1
2020-06-08T21,67.667,133.333,47.7,5.067,25.2,1,1,1,1,1
2020-06-08T22,67.0,132.0,44.6,,30.1,1,1,1,0,1
2020-06-08T23,68.0,121.667,39.467,4.8,22.7,1,1,1,1,1
2020-06-09T00,70.0,121.0,41.1,2.6,23.5,1,1,1,1,1
2020-06-09T01,70.0,129.0,64.7,7.4,25.4,1,1,1,1,1
2020-06-09T03,67.0,146.0,23.8,95.5,17.3,1,1,1,1,1
2020-06-09T05,35.0,143.0,11.8,126.0,26.6,1,1,1,1,1
2020-06-09T08,31.5,153.5,6.25,115.25,23.15,1,1,1,1,1
2020-06-09T10,25.0,134.0,6.7,132.0,24.25,1,1,1,1,1
2020-06-09T12,35.0,123.0,16.3,121.4,22.4,1,1,1,1,1
2020-06-09T13,36.0,125.0,35.1,83.7,18.9,1,1,1,1,1
2020-06-09T19,59.0,145.0,68.0,,31.6,1,1,1,0,1
2020-06-09T20,58.0,127.0,,0.5,,1,1,0,1,0
2020-06-09T21,59.0,140.0,68.9,12.1,30.3,1,1,1,1,1
2020-06-09T22,68.0,145.0,61.1,2.4,28.4,1,1,1,1,1
2020-06-09T23,70.0,147.0,55.3,,24.9,1,1,1,0,1
2020-06-10T03,41.0,134.0,30.5,55.5,3.0,1,1,1,1,1
2020-06-10T04,36.0,119.0,16.1,91.8,1.3,1,1,1,1,1
2020-06-10T07,33.0,144.0,15.7,140.8,30.3,1,1,1,1,1
2020-06-10T09,28.0,132.0,18.5,168.45,27.85,1,1,1,1,1
2020-06-10T11,20.0,133.0,12.1,61.4,22.3,1,1,1,1,1
2020-06-10T13,29.0,84.0,20.9,15.3,18.4,1,1,1,1,1
2020-06-10T14,31.0,68.0,58.8,,20.2,1,1,1,0,1
2020-06-10T17,30.0,103.0,29.9,13.6,9.7,1,1,1,1,1
2020-06-10T21,29.0,84.0,28.1,,2.5,1,1,1,0,1
2020-06-10T23,28.0,75.0,29.6,0.5,12.6,1,1,1,1,1
2020-06-11T00,85.0,158.0,47.0,,16.7,1,1,1,0,1
2020-06-11T01,85.0,158.0,53.3,,18.7,1,1,1,0,1
2020-06-11T06,42.0,135.0,12.6,122.6,22.3,1,1,1,1,1
2020-06-11T10,35.0,121.0,12.6,159.1,26.8,1,1,1,1,1
2020-06-11T14,40.0,127.0,95.1,59.5,17.9,1,1,1,1,1
2020-06-11T15,61.0,177.0,93.3,131.85,20.45,1,1,1,1,1
2020-06-11T16,79.0,191.0,86.0,3.6,26.0,1,1,1,1,1
2020-06-11T17,80.0,215.0,42.6,10.2,23.6,1,1,1,1,1
2020-06-11T19,57.0,158.0,18.1,,10.3,1,1,1,0,1
2020-06-11T20,51.0,132.0,,,,1,1,0,0,0
2020-06-11T21,55.0,129.0,24.0,,6.3,1,1,1,0,1
2020-06-11T23,66.0,135.0,28.5,,18.5,1,1,1,0,1
2020-06-12T00,72.0,147.0,32.05,,20.25,1,1,1,0,1
2020-06-12T01,66.0,152.0,29.5,,15.5,1,1,1,0,1
2020-06-12T02,56.0,129.0,25.6,,13.6,1,1,1,0,1
2020-06-12T03,57.0,117.0,25.4,,10.3,1,1,1,0,1
2020-06-12T04,52.0,124.0,27.7,,8.5,1,1,1,0,1
2020-06-12T05,44.0,128.0,18.4,43.0,13.3,1,1,1,1,1
2020-06-12T10,47.0,183.0,9.7,128.9,18.5,1,1,1,1,1
2020-06-12T11,31.0,125.0,11.1,122.1,27.3,1,1,1,1,1
2020-06-12T17,55.0,149.0,34.7,15.9,20.7,1,1,1,1,1
2020-06-12T18,44.0,132.0,37.5,8.5,17.2,1,1,1,1,1
2020-06-12T19,52.0,138.0,24.4,,17.3,1,1,1,0,1
2020-06-12T21,46.0,103.0,15.0,16.4,11.8,1,1,1,1,1
2020-06-12T22,42.0,95.0,29.0,5.1,11.7,1,1,1,1,1
2020-06-12T23,48.0,100.0,41.2,10.3,22.9,1,1,1,1,1
2020-06-13T01,50.0,113.0,30.2,11.4,19.3,1,1,1,1,1
2020-06-13T03,50.0,121.0,24.1,26.2,16.4,1,1,1,1,1
2020-06-13T04,52.0,125.0,19.8,22.0,22.2,1,1,1,1,1
2020-06-13T05,40.0,108.0,17.4,34.9,18.1,1,1,1,1,1
2020-06-13T06,45.0,116.0,16.0,27.5,15.1,1,1,1,1,1
2020-06-13T07,43.0,120.0,26.5,32.05,17.15,1,1,1,1,1
2020-06-13T08,45.0,123.0,39.5,37.7,19.4,1,1,1,1,1
2020-06-13T11,11.0,46.0,52.4,11.6,17.2,1,1,1,1,1
2020-06-13T12,18.0,75.0,15.8,53.8,11.4,1,1,1,1,1
2020-06-13T13,25.0,241.0,34.6,34.4,14.4,1,1,1,1,1
2020-06-13T14,38.0,278.0,53.8,53.8,17.5,1,1,1,1,1
2020-06-13T20,50.0,222.0,,10.6,,1,1,0,1,0
2020-06-13T22,69.0,218.0,22.0,5.4,13.9,1,1,1,1,1
2020-06-13T23,86.0,226.0,26.4,,14.1,1,1,1,0,1
2020-06-14T04,66.0,135.0,17.8,16.7,13.3,1,1,1,1,1
2020-06-14T05,44.0,114.0,16.3,9.9,13.4,1,1,1,1,1
2020-06-14T06,39.0,101.0,10.9,12.1,8.0,1,1,1,1,1
2020-06-14T07,39.0,94.0,10.8,103.8,12.4,1,1,1,1,1
2020-06-14T08,39.0,94.0,10.4,103.2,11.3,1,1,1,1,1
2020-06-14T14,48.0,119.0,41.2,41.4,17.8,1,1,1,1,1
2020-06-14T17,45.0,114.0,41.1,,24.5,1,1,1,0,1
2020-06-14T18,40.0,121.0,30.0,9.6,19.8,1,1,1,1,1
2020-06-14T19,33.0,94.0,13.25,,16.8,1,1,1,0,1
2020-06-14T20,27.0,76.0,9.0,15.267,18.7,1,1,1,1,1
2020-06-14T22,29.5,78.0,21.6,17.8,18.4,1,1,1,1,1
2020-06-14T23,31.0,81.0,34.1,11.05,17.45,1,1,1,1,1
2020-06-15T00,31.0,84.0,38.9,6.5,14.5,1,1,1,1,1
2020-06-15T01,32.0,106.5,26.05,23.7,16.85,1,1,1,1,1
2020-06-15T02,35.0,114.0,26.2,29.9,14.5,1,1,1,1,1
2020-06-15T03,31.667,116.333,20.167,65.333,14.2,1,1,1,1,1
2020-06-15T04,33.0,125.0,12.8,94.7,15.3,1,1,1,1,1
2020-06-15T05,41.0,125.0,11.4,111.3,16.5,1,1,1,1,1
2020-06-15T14,36.0,122.0,96.1,29.6,24.5,1,1,1,1,1
2020-06-15T15,59.0,202.0,66.6,39.6,28.7,1,1,1,1,1
2020-06-15T18,55.0,173.0,19.0,9.7,13.3,1,1,1,1,1
2020-06-15T20,39.0,122.0,,25.1,,1,1,0,1,0
2020-06-15T22,22.0,80.0,5.9,27.2,10.1,1,1,1,1,1
2020-06-16T04,25.0,105.0,20.2,53.0,,1,1,1,1,0
2020-06-16T05,25.0,105.0,19.5,56.4,,1,1,1,1,0
2020-06-16T14,42.5,143.0,96.05,16.85,29.75,1,1,1,1,1
2020-06-16T22,16.0,69.0,8.8,9.4,14.1,1,1,1,1,1
2020-06-16T23,12.0,57.0,10.9,,15.6,1,1,1,0,1
2020-06-17T00,16.0,51.0,14.4,,15.6,1,1,1,0,1
2020-06-17T01,15.5,54.0,13.35,,15.4,1,1,1,0,1
2020-06-17T02,17.0,55.0,14.7,,15.2,1,1,1,0,1
2020-06-17T03,18.0,55.0,16.3,2.1,15.2,1,1,1,1,1
2020-06-17T09,23.0,100.0,11.3,109.6,19.0,1,1,1,1,1
2020-06-17T11,23.0,91.0,12.1,143.2,16.1,1,1,1,1,1
2020-06-17T21,23.0,55.0,15.0,,15.3,1,1,1,0,1
2020-06-17T23,27.0,51.0,19.1,,10.7,1,1,1,0,1
2020-06-18T00,31.0,83.0,20.6,4.9,12.6,1,1,1,1,1
2020-06-18T01,31.0,83.0,28.5,3.1,12.5,1,1,1,1,1
2020-06-18T02,29.0,80.0,20.3,12.9,11.5,1,1,1,1,1
2020-06-18T03,29.0,80.0,25.0,30.0,12.9,1,1,1,1,1
2020-06-18T04,27.0,92.0,19.55,49.4,10.8,1,1,1,1,1
2020-06-18T06,27.0,112.0,12.1,112.2,13.6,1,1,1,1,1
2020-06-18T15,45.0,157.0,,71.3,15.1,1,1,0,1,1
2020-06-18T17,50.5,143.0,,59.1,17.3,1,1,0,1,1
2020-06-19T00,28.0,59.0,,21.3,11.35,1,1,0,1,1
2020-06-19T02,39.0,80.0,,27.0,14.5,1,1,0,1,1
2020-06-19T03,36.0,91.0,20.7,58.0,18.1,1,1,1,1,1
2020-06-19T05,38.0,262.0,23.1,92.5,16.4,1,1,1,1,1
2020-06-19T06,48.0,304.0,22.5,101.0,7.6,1,1,1,1,1
2020-06-19T13,62.0,346.0,42.8,29.3,10.4,1,1,1,1,1
2020-06-19T15,55.0,249.0,21.75,21.9,10.9,1,1,1,1,1
2020-06-19T16,42.0,160.0,12.4,28.9,,1,1,1,1,0
2020-06-19T20,18.0,77.0,,,,1,1,0,0,0
2020-06-20T03,25.0,164.0,13.15,33.2,11.5,1,1,1,1,1
2020-06-20T08,34.0,130.0,22.95,99.65,9.65,1,1,1,1,1
2020-06-20T09,33.0,134.0,23.8,96.0,7.8,1,1,1,1,1
2020-06-20T11,31.0,157.0,26.3,99.7,8.4,1,1,1,1,1
2020-06-20T13,23.0,188.0,44.0,28.0,9.1,1,1,1,1,1
2020-06-20T15,18.0,75.0,30.3,24.9,9.6,1,1,1,1,1
2020-06-20T16,20.0,88.0,44.0,13.2,11.6,1,1,1,1,1
2020-06-20T18,22.0,90.0,55.3,3.1,8.6,1,1,1,1,1
2020-06-21T07,31.0,89.0,13.9,39.7,11.1,1,1,1,1,1
2020-06-21T08,31.0,89.0,14.1,44.9,12.2,1,1,1,1,1
2020-06-21T12,34.0,108.0,24.5,25.0,11.6,1,1,1,1,1
2020-06-21T17,38.0,88.0,31.4,3.7,6.4,1,1,1,1,1
2020-06-21T19,41.0,96.0,22.8,,7.4,1,1,1,0,1
2020-06-22T15,56.0,129.0,47.5,31.4,16.8,1,1,1,1,1
2020-06-23T05,20.0,61.0,,,,1,1,0,0,0
2020-06-23T07,12.0,40.0,11.8,24.8,9.5,1,1,1,1,1
2020-06-23T09,6.0,28.0,16.6,48.8,9.1,1,1,1,1,1
2020-06-23T11,16.25,40.5,16.45,28.675,10.025,1,1,1,1,1
2020-06-23T12,17.0,42.0,26.3,,12.1,1,1,1,0,1
2020-06-23T13,14.0,59.0,36.1,32.1,13.3,1,1,1,1,1
2020-06-23T14,21.0,69.667,26.433,29.333,12.733,1,1,1,1,1
2020-06-23T23,24.0,47.0,13.233,19.0,9.867,1,1,1,1,1
2020-06-24T00,23.0,45.0,12.7,19.4,10.1,1,1,1,1,1
2020-06-24T02,27.0,58.0,22.05,18.9,10.15,1,1,1,1,1
2020-06-24T03,28.0,69.0,25.0,22.667,10.767,1,1,1,1,1
2020-06-24T04,37.5,80.0,36.9,15.75,10.7,1,1,1,1,1
2020-06-24T05,40.0,80.0,20.0,10.6,12.2,1,1,1,1,1
2020-06-24T06,16.0,48.0,35.45,14.05,12.5,1,1,1,1,1
2020-06-24T07,15.333,34.333,20.367,23.233,12.667,1,1,1,1,1
2020-06-24T08,18.0,47.0,18.4,33.0,11.8,1,1,1,1,1
2020-06-24T09,24.0,55.0,20.033,33.367,10.5,1,1,1,1,1
2020-06-24T10,24.0,55.0,17.0,33.2,10.0,1,1,1,1,1
2020-06-24T12,25.0,52.0,28.5,31.2,7.2,1,1,1,1,1
2020-06-25T01,27.0,74.0,21.9,14.5,13.6,1,1,1,1,1
2020-06-25T02,27.0,74.0,20.2,23.0,13.2,1,1,1,1,1
2020-06-25T03,35.0,66.0,21.1,29.3,12.2,1,1,1,1,1
2020-06-25T14,24.0,62.0,66.3,11.8,10.0,1,1,1,1,1
2020-06-25T15,30.0,88.0,33.1,24.9,12.6,1,1,1,1,1
2020-06-25T17,34.0,71.5,38.35,11.0,10.5,1,1,1,1,1
2020-06-25T18,40.75,78.5,53.4,7.05,12.25,2,2,2,2,2
2020-06-25T19,45.0,92.0,55.35,14.9,12.8,1,1,1,1,1
2020-06-25T20,44.0,89.0,,181.1,,1,1,0,1,0
2020-06-25T22,60.0,123.333,46.633,15.033,16.1,1,1,1,1,1
2020-06-25T23,64.0,132.0,38.433,3.0,14.433,1,1,1,1,1
2020-06-26T00,58.0,111.0,28.3,3.3,12.65,1,1,1,1,1
2020-06-26T02,45.0,86.0,21.1,12.1,8.1,1,1,1,1,1
2020-06-26T04,50.5,108.5,21.6,45.45,3.3,1,1,1,1,1
2020-06-26T05,57.0,117.0,23.9,21.4,9.0,1,1,1,1,1
2020-06-26T06,25.0,124.0,19.3,32.3,9.2,1,1,1,1,1
2020-06-26T07,15.5,87.0,10.75,55.85,7.15,1,1,1,1,1
2020-06-26T08,17.0,90.0,13.2,58.8,8.0,1,1,1,1,1
2020-06-26T09,10.5,75.0,9.15,62.1,9.9,1,1,1,1,1
2020-06-26T10,13.333,85.667,9.867,59.7,10.9,1,1,1,1,1
2020-06-26T12,19.0,129.5,15.9,38.55,10.0,1,1,1,1,1
2020-06-26T13,22.0,116.0,17.5,36.0,9.0,1,1,1,1,1
2020-06-26T14,18.0,133.0,37.1,17.6,10.8,1,1,1,1,1
2020-06-26T15,24.333,138.333,39.233,16.5,12.633,1,1,1,1,1
2020-06-26T16,25.5,134.5,34.2,18.5,12.1,1,1,1,1,1
2020-06-26T17,23.75,126.0,31.925,17.625,11.925,1,1,1,1,1
2020-06-26T18,20.0,112.0,31.5,13.2,10.9,1,1,1,1,1
2020-06-26T19,20.0,106.25,26.375,13.95,10.775,1,1,1,1,1
2020-06-26T20,20.0,89.0,,8.3,,1,1,0,1,0
2020-06-26T21,18.0,74.0,30.0,9.9,11.9,1,1,1,1,1
2020-06-26T22,20.333,72.333,37.667,7.233,14.75,1,1,1,1,1
2020-06-26T23,21.333,73.0,35.8,9.2,10.3,1,1,1,1,1
2020-06-27T00,14.0,81.0,35.6,9.1,8.0,1,1,1,1,1
2020-06-27T01,23.0,89.0,34.8,11.25,8.7,1,1,1,1,1
2020-06-27T02,28.0,97.0,16.6,19.8,7.0,1,1,1,1,1
2020-06-27T03,18.0,86.0,13.2,20.867,6.767,1,1,1,1,1
2020-06-27T04,17.0,111.333,11.433,27.767,6.15,1,1,1,1,1
2020-06-27T07,24.0,196.0,5.0,50.1,10.2,1,1,1,1,1
2020-06-27T08,24.0,196.0,6.05,50.7,9.7,1,1,1,1,1
2020-06-27T09,23.0,208.0,6.05,52.8,9.45,1,1,1,1,1
2020-06-27T11,31.0,294.0,12.95,37.35,11.5,1,1,1,1,1
2020-06-27T12,33.0,256.0,18.6,34.2,11.1,1,1,1,1,1
2020-06-27T13,35.0,240.0,45.7,15.1,13.8,1,1,1,1,1
2020-06-27T14,34.0,256.0,59.1,8.4,15.6,1,1,1,1,1
2020-06-28T00,41.0,244.0,38.6,6.2,12.3,1,1,1,1,1
2020-06-28T05,,,4.8,,9.2,0,0,1,0,1
2020-06-28T07,24.0,282.0,5.0,43.0,10.2,1,1,1,1,1
2020-06-28T08,30.0,450.0,5.1,42.5,10.1,1,1,1,1,1
2020-06-28T09,40.0,658.0,5.2,45.5,8.5,1,1,1,1,1
2020-06-28T10,36.0,611.0,6.1,45.85,9.65,1,1,1,1,1
2020-06-28T12,46.0,555.0,13.7,36.7,12.5,1,1,1,1,1
2020-06-28T16,56.0,433.0,56.9,6.1,18.3,1,1,1,1,1
2020-06-28T17,56.0,390.0,45.6,4.2,9.8,1,1,1,1,1
2020-06-28T19,45.0,273.0,37.5,15.0,11.4,1,1,1,1,1
2020-06-28T23,18.0,141.0,21.35,13.55,12.9,1,1,1,1,1
2020-06-29T00,7.0,96.0,27.8,10.4,12.4,1,1,1,1,1
2020-06-29T01,11.0,89.0,28.6,11.25,12.95,1,1,1,1,1
2020-06-29T02,11.0,105.0,16.15,20.75,10.75,1,1,1,1,1
2020-06-29T04,11.0,135.0,8.7,37.5,10.45,1,1,1,1,1
2020-06-29T05,38.0,186.0,7.75,45.95,10.6,1,1,1,1,1
2020-06-29T06,57.0,260.0,6.6,52.2,9.5,1,1,1,1,1
2020-06-29T07,33.0,271.0,10.4,64.6,9.0,1,1,1,1,1
2020-06-29T08,40.0,243.0,15.8,70.9,8.4,1,1,1,1,1
2020-06-29T09,40.0,202.0,16.3,76.4,8.6,1,1,1,1,1
2020-06-29T10,39.0,193.0,13.7,55.4,9.3,1,1,1,1,1
2020-06-29T12,35.0,389.0,18.5,48.9,10.0,1,1,1,1,1
2020-06-29T14,9.0,36.0,68.1,13.5,12.3,1,1,1,1,1
2020-06-29T16,9.0,46.0,43.8,21.0,14.4,1,1,1,1,1
2020-06-29T17,19.0,61.0,40.8,18.6,12.9,1,1,1,1,1
2020-06-29T18,20.0,75.0,35.55,24.3,13.4,2,2,2,2,2
2020-06-30T03,33.0,72.0,19.1,23.9,10.7,1,1,1,1,1
2020-06-30T07,25.0,83.0,18.6,81.4,10.2,1,1,1,1,1
2020-06-30T08,31.0,99.0,15.9,29.1,9.7,1,1,1,1,1
2020-06-30T10,38.0,112.0,17.0,17.4,,1,1,1,1,0
2020-06-30T11,31.0,112.0,22.6,22.7,9.0,1,1,1,1,1
2020-06-30T13,38.0,129.0,38.1,20.0,4.0,1,1,1,1,1
2020-06-30T14,38.0,127.0,33.1,12.1,6.9,1,1,1,1,1
2020-06-30T18,41.0,123.0,8.3,25.4,10.8,1,1,1,1,1
2020-06-30T20,33.0,86.0,,,,1,1,0,0,0
2020-06-30T21,36.0,91.0,21.6,,10.4,1,1,1,0,1
2020-06-30T23,44.0,107.0,20.25,,7.9,1,1,1,0,1
2020-07-01T00,53.0,101.0,21.033,,7.867,1,1,1,0,1
2020-07-01T01,52.0,105.0,26.1,,10.1,1,1,1,0,1
2020-07-01T02,59.0,106.0,25.4,,8.1,1,1,1,0,1
2020-07-01T03,53.0,102.0,27.7,,7.9,1,1,1,0,1
2020-07-01T05,50.0,111.0,23.5,20.1,9.1,1,1,1,1,1
2020-07-01T08,33.0,121.0,20.6,41.2,7.6,1,1,1,1,1
2020-07-01T11,34.0,121.0,15.1,87.4,11.3,1,1,1,1,1
2020-07-01T12,38.0,118.0,52.7,38.8,13.7,1,1,1,1,1
2020-07-01T14,44.0,153.0,46.1,34.4,17.4,1,1,1,1,1
2020-07-01T15,46.0,152.0,32.55,17.3,17.05,1,1,1,1,1
2020-07-01T17,39.0,129.0,29.35,5.6,11.5,1,1,1,1,1
2020-07-01T18,34.0,107.0,29.3,,10.9,1,1,1,0,1
2020-07-01T20,38.0,92.0,,10.2,,1,1,0,1,0
2020-07-01T21,34.0,83.0,18.4,7.8,9.3,1,1,1,1,1
2020-07-01T22,39.0,86.0,21.3,11.6,,1,1,1,1,0
2020-07-01T23,39.0,91.0,22.3,5.7,10.8,1,1,1,1,1
2020-07-02T00,48.0,101.0,32.3,,9.3,1,1,1,0,1
2020-07-02T01,46.0,106.0,35.5,,12.0,1,1,1,0,1
2020-07-02T02,56.0,123.0,23.8,8.2,11.5,1,1,1,1,1
2020-07-02T06,40.0,138.0,16.3,72.2,11.4,1,1,1,1,1
2020-07-02T10,61.0,141.0,11.8,77.8,11.1,1,1,1,1,1
2020-07-02T11,59.0,153.0,16.1,56.5,8.2,1,1,1,1,1
2020-07-02T12,67.0,152.0,20.1,39.7,7.7,1,1,1,1,1
2020-07-02T13,69.0,169.0,35.3,39.35,8.3,1,1,1,1,1
2020-07-02T15,79.0,194.0,43.0,10.0,12.0,1,1,1,1,1
2020-07-02T16,78.0,182.0,33.9,2.7,11.8,1,1,1,1,1
2020-07-02T21,53.0,129.0,13.3,6.8,11.0,1,1,1,1,1
2020-07-02T22,63.0,116.0,23.85,13.15,12.2,1,1,1,1,1
2020-07-03T15,41.0,103.0,26.7,6.1,7.0,1,1,1,1,1
2020-07-03T18,34.0,94.0,25.4,5.1,7.4,1,1,1,1,1
2020-07-04T00,55.0,89.0,14.6,,11.5,1,1,1,0,1
2020-07-04T04,48.0,85.0,15.033,9.333,10.2,1,1,1,1,1
2020-07-04T07,28.0,106.0,14.5,7.4,10.8,1,1,1,1,1
2020-07-04T08,25.0,89.0,16.15,56.75,9.3,1,1,1,1,1
2020-07-04T09,24.0,85.0,13.4,57.15,10.05,1,1,1,1,1
2020-07-04T15,44.0,95.0,19.4,5.8,12.2,1,1,1,1,1
2020-07-04T16,53.0,92.0,15.2,,13.8,1,1,1,0,1
2020-07-04T17,63.0,102.0,12.9,9.9,13.0,1,1,1,1,1
2020-07-04T18,57.0,88.0,10.9,2.9,9.9,1,1,1,1,1
2020-07-04T20,47.0,80.0,,,,1,1,0,0,0
2020-07-05T00,,8.0,15.2,81.4,8.0,0,1,1,1,1
2020-07-05T07,18.0,35.0,14.8,67.7,6.2,1,1,1,1,1
2020-07-05T09,27.0,47.0,19.0,90.1,6.0,1,1,1,1,1
2020-07-06T09,38.0,59.0,12.9,30.0,7.0,1,1,1,1,1
2020-07-06T19,28.0,51.0,12.0,,6.3,1,1,1,0,1
2020-07-06T20,30.0,59.0,,,,1,1,0,0,0
2020-07-06T22,22.0,41.0,10.3,5.0,8.1,1,1,1,1,1
2020-07-06T23,16.0,28.0,9.5,36.4,7.8,1,1,1,1,1
2020-07-07T06,19.0,36.0,12.8,27.5,6.8,1,1,1,1,1
2020-07-07T07,,25.0,10.1,,5.7,0,1,1,0,1
2020-07-07T12,0.0,18.0,18.5,6.9,8.4,1,1,1,1,1
2020-07-07T20,5.0,17.0,,,,1,1,0,0,0
2020-07-07T21,8.0,16.0,6.5,,6.6,1,1,1,0,1
2020-07-07T22,16.0,20.0,7.9,5.2,6.85,1,1,1,1,1
2020-07-08T01,14.0,31.0,17.5,4.8,11.4,1,1,1,1,1
2020-07-08T02,14.0,31.0,23.1,6.1,11.8,1,1,1,1,1
2020-07-08T03,27.0,44.0,22.9,9.2,12.7,1,1,1,1,1
2020-07-08T11,14.0,36.0,16.0,20.8,8.8,1,1,1,1,1
2020-07-08T18,22.0,46.0,46.45,5.1,10.45,2,2,2,1,2
2020-07-08T21,28.0,41.0,28.9,,6.2,1,1,1,0,1
2020-07-08T22,24.0,38.0,25.8,,6.7,1,1,1,0,1
2020-07-09T00,25.0,52.0,26.1,,9.5,1,1,1,0,1
2020-07-09T13,16.0,65.0,38.45,17.75,11.6,1,1,1,1,1
2020-07-09T22,14.5,39.0,23.5,6.7,5.9,1,1,1,1,1
2020-07-09T23,18.0,44.0,28.2,6.3,5.2,1,1,1,1,1
2020-07-10T01,9.0,55.0,20.4,9.55,5.45,1,1,1,1,1
2020-07-10T02,12.0,55.0,13.0,18.2,4.6,1,1,1,1,1
2020-07-10T03,12.0,55.0,12.2,8.2,3.7,1,1,1,1,1
2020-07-11T20,24.0,53.0,13.4,7.4,7.0,1,1,1,1,1
2020-07-11T22,28.0,51.0,11.5,,6.5,1,1,1,0,1
2020-07-12T00,25.0,64.0,4.2,20.4,8.8,1,1,1,1,1
2020-07-12T02,5.0,6.0,13.6,45.1,7.3,1,1,1,1,1
2020-07-12T13,9.0,33.0,18.6,19.3,7.3,1,1,1,1,1
2020-07-12T23,17.0,38.0,37.7,8.8,7.9,1,1,1,1,1
2020-07-13T00,15.0,55.5,37.65,12.45,9.95,1,1,1,1,1
2020-07-13T05,12.0,53.0,9.6,76.4,9.3,1,1,1,1,1
2020-07-13T06,12.0,55.0,8.1,71.5,9.3,1,1,1,1,1
2020-07-13T20,,106.0,,3.3,,0,1,0,1,0
2020-07-14T05,,97.0,10.7,42.5,9.5,0,1,1,1,1
2020-07-14T11,,,13.5,57.8,8.4,0,0,1,1,1
2020-07-14T12,,,17.4,43.0,8.0,0,0,1,1,1
2020-07-14T14,,,34.8,,9.3,0,0,1,0,1
2020-07-14T16,,,13.8,,,0,0,1,0,0
2020-07-14T17,,,16.0,,12.1,0,0,1,0,1
2020-07-14T18,,,19.5,,9.6,0,0,1,0,1
2020-07-14T19,,,12.5,,10.8,0,0,1,0,1
2020-07-15T00,,,12.3,,9.3,0,0,1,0,1
2020-07-15T02,,,12.5,,8.7,0,0,1,0,1
2020-07-15T07,,,12.2,,3.2,0,0,1,0,1
2020-07-15T08,,,8.7,,3.7,0,0,1,0,1
2020-07-15T09,,,13.0,,3.8,0,0,1,0,1
2020-07-15T10,16.0,64.0,13.8,48.2,3.8,1,1,1,1,1
2020-07-15T11,18.0,63.0,23.5,27.0,4.1,1,1,1,1,1
2020-07-15T16,9.0,46.0,10.5,15.8,10.2,1,1,1,1,1
2020-07-15T19,19.0,45.0,15.4,,12.3,1,1,1,0,1
2020-07-15T22,19.0,36.0,9.3,7.3,12.1,1,1,1,1,1
2020-07-16T00,23.0,45.0,12.7,3.5,7.8,1,1,1,1,1
2020-07-16T12,,45.0,45.2,8.7,13.0,0,1,1,1,1
2020-07-16T13,20.0,73.0,65.7,6.6,15.9,1,1,1,1,1
2020-07-16T19,27.0,62.0,18.1,,12.35,1,1,1,0,1
2020-07-16T21,28.5,59.0,10.7,11.65,10.85,1,1,1,1,1
2020-07-17T00,36.0,56.0,29.5,6.5,10.6,1,1,1,1,1
2020-07-17T03,38.0,,25.15,,10.8,1,0,1,0,1
2020-07-17T05,46.0,,22.3,16.2,13.5,1,0,1,1,1
2020-07-17T10,31.0,77.0,56.8,9.1,14.7,1,1,1,1,1
2020-07-17T11,42.0,47.0,38.6,7.7,13.6,1,1,1,1,1
2020-07-17T12,42.0,59.0,58.3,6.6,13.9,1,1,1,1,1
2020-07-17T13,59.0,96.5,70.15,8.7,18.7,1,1,1,1,1
2020-07-17T14,67.0,114.0,68.267,7.2,20.367,1,1,1,1,1
2020-07-17T15,79.0,123.0,59.8,6.5,23.5,1,1,1,1,1
2020-07-17T16,52.0,97.0,48.05,7.9,20.5,1,1,1,1,1
2020-07-17T17,44.0,85.0,29.35,9.55,11.45,1,1,1,1,1
2020-07-17T18,41.0,74.5,18.95,9.15,6.05,1,1,1,1,1
2020-07-17T20,39.0,73.0,,8.9,,1,1,0,1,0
2020-07-17T21,36.0,67.0,19.2,9.05,3.7,1,1,1,1,1
2020-07-17T23,41.0,79.0,11.2,7.9,14.6,1,1,1,1,1
2020-07-18T00,40.0,68.0,22.45,6.85,14.75,1,1,1,1,1
2020-07-18T01,42.0,75.0,22.8,7.2,11.5,1,1,1,1,1
2020-07-18T02,46.0,73.0,18.6,7.8,14.6,1,1,1,1,1
2020-07-18T03,46.0,77.0,17.0,7.8,13.8,1,1,1,1,1
2020-07-18T04,29.0,52.0,20.3,7.8,12.8,1,1,1,1,1
2020-07-18T06,35.0,72.0,16.3,20.5,10.3,1,1,1,1,1
2020-07-18T08,24.0,57.0,12.9,19.9,8.7,1,1,1,1,1
2020-07-18T09,24.0,57.0,12.8,17.5,7.9,1,1,1,1,1
2020-07-18T11,33.0,68.0,26.3,10.167,7.833,1,1,1,1,1
2020-07-18T14,38.667,70.0,38.267,6.533,10.967,1,1,1,1,1
2020-07-18T15,40.0,72.0,45.9,6.1,10.9,1,1,1,1,1
2020-07-18T16,35.333,56.0,26.333,5.267,9.95,1,1,1,1,1
2020-07-18T17,24.0,50.0,23.5,4.5,10.7,1,1,1,1,1
2020-07-18T18,20.75,48.75,22.55,4.075,8.975,2,2,2,2,2
2020-07-18T19,23.0,42.0,15.1,,8.9,1,1,1,0,1
2020-07-18T20,23.0,42.0,,4.9,,1,1,0,1,0
2020-07-18T21,20.0,38.0,8.3,4.9,7.9,1,1,1,1,1
2020-07-18T22,31.0,30.0,9.5,3.7,8.2,1,1,1,1,1
2020-07-19T04,6.0,11.0,23.2,4.3,13.5,1,1,1,1,1
2020-07-19T05,7.0,19.0,21.0,4.1,10.9,1,1,1,1,1
2020-07-19T06,7.0,19.0,17.2,5.033,10.233,1,1,1,1,1
2020-07-19T09,13.0,28.0,9.15,7.45,5.6,1,1,1,1,1
2020-07-19T10,9.0,31.0,7.033,6.5,6.167,1,1,1,1,1
2020-07-19T11,11.0,25.0,10.5,7.1,6.2,1,1,1,1,1
2020-07-19T12,11.0,36.0,12.2,6.8,7.1,1,1,1,1,1
2020-07-19T13,23.0,63.0,20.9,3.5,7.4,1,1,1,1,1
2020-07-19T14,20.0,42.0,25.3,4.1,7.3,1,1,1,1,1
2020-07-19T16,29.0,62.0,62.5,3.6,11.05,1,1,1,1,1
2020-07-19T17,44.0,99.0,32.8,31.9,14.1,1,1,1,1,1
2020-07-19T18,44.0,99.0,23.4,,12.2,1,1,1,0,1
2020-07-19T19,0.0,11.0,20.45,9.8,7.1,1,1,1,1,1
2020-07-19T20,1.0,6.0,35.4,15.5,4.7,1,1,1,1,1
2020-07-20T15,35.0,95.0,89.0,13.5,16.2,1,1,1,1,1
2020-07-20T16,44.0,92.0,71.733,11.333,18.967,1,1,1,1,1
2020-07-20T17,33.0,69.0,29.3,10.0,13.0,1,1,1,1,1
2020-07-20T18,1.0,5.0,11.5,13.6,8.9,1,1,1,1,1
2020-07-20T19,1.0,5.0,3.6,16.35,6.65,1,1,1,1,1
2020-07-20T20,,4.333,19.0,13.167,7.6,0,1,1,1,1
2020-07-20T21,1.0,4.0,18.167,12.533,9.667,1,1,1,1,1
2020-07-20T22,1.0,6.0,19.0,12.2,8.75,1,1,1,1,1
2020-07-20T23,4.5,14.75,27.0,10.175,14.975,1,1,1,1,1
2020-07-21T00,7.667,19.0,22.733,12.533,16.633,1,1,1,1,1
2020-07-21T01,17.0,23.0,24.45,12.7,16.05,1,1,1,1,1
2020-07-21T02,28.667,41.333,36.9,20.1,17.0,1,1,1,1,1
2020-07-21T03,58.0,64.0,37.5,16.3,16.8,1,1,1,1,1
2020-07-21T04,51.0,63.0,36.7,14.8,15.3,1,1,1,1,1
2020-07-21T11,14.0,23.0,28.8,11.1,10.9,1,1,1,1,1
2020-07-21T12,19.0,25.0,58.633,23.4,12.6,1,1,1,1,1
2020-07-21T13,27.0,42.0,69.4,7.65,12.3,1,1,1,1,1
2020-07-21T14,26.5,47.0,54.1,6.95,13.85,1,1,1,1,1
2020-07-21T16,14.0,33.0,43.3,6.3,13.1,1,1,1,1,1
2020-07-21T18,19.0,38.0,32.1,8.0,12.5,1,1,1,1,1
2020-07-21T19,16.0,31.0,19.0,,11.7,1,1,1,0,1
2020-07-21T20,12.0,27.0,,7.25,,1,1,0,1,0
2020-07-21T22,6.0,6.0,18.1,6.5,7.9,1,1,1,1,1
2020-07-21T23,3.0,6.0,13.9,5.9,7.9,1,1,1,1,1
2020-07-22T01,3.0,7.0,35.25,5.6,8.9,1,1,1,1,1
2020-07-22T02,8.0,12.0,30.6,5.6,9.9,1,1,1,1,1
2020-07-22T03,9.0,20.0,30.3,7.1,9.6,1,1,1,1,1
2020-07-22T04,19.0,33.0,37.2,7.0,8.65,1,1,1,1,1
2020-07-22T07,6.0,8.667,11.233,11.8,6.967,1,1,1,1,1
2020-07-22T09,11.0,16.0,12.0,14.2,4.5,1,1,1,1,1
2020-07-22T10,6.0,16.0,11.3,16.5,5.2,1,1,1,1,1
2020-07-22T11,1.0,19.0,23.7,11.4,5.8,1,1,1,1,1
2020-07-22T13,5.0,25.0,23.0,11.9,9.0,1,1,1,1,1
2020-07-22T14,2.0,28.0,32.8,8.4,9.1,1,1,1,1,1
2020-07-22T20,16.0,29.0,,6.2,,1,1,0,1,0
2020-07-22T21,13.667,26.333,26.767,6.2,10.2,1,1,1,1,1
2020-07-23T00,16.5,31.0,31.95,6.35,14.25,1,1,1,1,1
2020-07-23T02,16.0,29.0,18.4,12.3,10.5,1,1,1,1,1
2020-07-23T05,29.0,44.0,14.6,38.6,8.1,1,1,1,1,1
2020-07-23T06,35.0,48.5,10.25,47.85,7.6,1,1,1,1,1
2020-07-23T07,35.0,55.0,8.1,51.0,7.4,1,1,1,1,1
2020-07-23T09,24.0,41.0,10.65,49.0,4.15,1,1,1,1,1
2020-07-23T10,20.0,64.0,7.9,52.5,5.9,1,1,1,1,1
2020-07-23T11,25.0,48.0,12.35,47.35,6.0,1,1,1,1,1
2020-07-23T14,36.0,59.0,57.3,12.4,7.0,1,1,1,1,1
2020-07-23T18,72.0,110.0,63.5,9.35,13.6,2,2,2,2,2
2020-07-23T19,58.0,77.0,23.8,6.9,8.1,1,1,1,1,1
2020-07-23T20,58.0,77.0,,8.6,,1,1,0,1,0
2020-07-23T23,48.0,73.0,19.7,7.7,2.5,1,1,1,1,1
2020-07-24T00,45.0,67.0,32.85,6.7,7.9,1,1,1,1,1
2020-07-24T01,45.0,75.0,22.8,6.4,7.1,1,1,1,1,1
2020-07-24T02,39.0,63.0,26.2,9.1,7.0,1,1,1,1,1
2020-07-24T03,39.0,63.0,21.9,9.5,5.7,1,1,1,1,1
2020-07-24T04,29.0,51.0,23.5,12.3,5.4,1,1,1,1,1
2020-07-24T05,24.0,48.0,20.95,15.85,5.85,1,1,1,1,1
2020-07-24T06,29.0,48.0,12.35,16.35,7.3,1,1,1,1,1
2020-07-24T07,34.0,61.0,18.7,34.3,6.5,1,1,1,1,1
2020-07-24T10,25.0,45.0,33.2,20.2,10.3,1,1,1,1,1
2020-07-24T11,24.0,56.0,36.3,21.5,12.6,1,1,1,1,1
2020-07-24T12,23.0,46.5,32.8,17.9,12.45,1,1,1,1,1
2020-07-24T13,17.0,38.0,22.1,24.05,12.95,1,1,1,1,1
2020-07-24T14,12.0,23.0,42.0,9.05,12.75,1,1,1,1,1
2020-07-24T15,22.0,46.0,65.9,6.6,15.4,1,1,1,1,1
2020-07-24T16,22.0,46.0,65.1,5.6,16.2,1,1,1,1,1
2020-07-24T17,29.0,52.0,38.1,5.9,12.4,1,1,1,1,1
2020-07-24T19,17.0,30.0,20.4,,8.4,1,1,1,0,1
2020-07-24T23,12.0,30.0,15.6,5.7,10.65,1,1,1,1,1
2020-07-25T01,18.0,33.0,18.8,4.9,13.4,1,1,1,1,1
2020-07-25T03,29.5,48.0,14.25,9.3,13.7,1,1,1,1,1
2020-07-25T05,28.0,46.0,9.8,12.6,12.3,1,1,1,1,1
2020-07-25T06,34.0,52.333,10.567,19.367,10.633,1,1,1,1,1
2020-07-25T07,30.0,45.0,10.2,20.2,10.0,1,1,1,1,1
2020-07-25T09,31.0,44.5,18.05,26.15,11.35,1,1,1,1,1
2020-07-25T10,24.667,42.667,18.567,14.5,11.65,1,1,1,1,1
2020-07-25T11,22.5,42.5,28.8,9.35,15.25,1,1,1,1,1
2020-07-25T12,25.0,41.0,29.7,9.3,15.3,1,1,1,1,1
2020-07-25T16,14.0,39.0,34.3,5.9,17.1,1,1,1,1,1
2020-07-26T12,33.0,46.0,24.0,13.3,5.9,1,1,1,1,1
2020-07-26T14,35.0,59.0,44.7,7.1,11.3,1,1,1,1,1
2020-07-26T20,31.0,47.0,,5.9,,1,1,0,1,0
2020-07-27T00,40.0,69.0,39.2,5.8,12.0,1,1,1,1,1
2020-07-27T03,16.0,75.0,14.0,7.1,9.5,1,1,1,1,1
2020-07-27T13,27.0,70.0,47.5,11.3,6.3,1,1,1,1,1
2020-07-27T19,17.0,42.0,29.7,,13.7,1,1,1,0,1
2020-07-27T23,16.0,39.0,32.8,6.9,7.9,1,1,1,1,1
2020-07-28T03,12.0,52.0,11.2,14.9,8.7,1,1,1,1,1
2020-07-28T14,20.0,57.0,36.25,9.7,10.85,1,1,1,1,1
2020-07-28T16,29.0,68.0,65.8,5.7,10.9,1,1,1,1,1
2020-07-29T14,14.0,39.0,59.3,7.3,21.3,1,1,1,1,1
2020-07-29T15,18.0,46.0,64.45,6.35,22.1,1,1,1,1,1
2020-07-29T16,14.0,44.0,42.9,8.6,,1,1,1,1,0
2020-07-29T17,17.0,45.5,44.75,9.5,17.85,1,1,1,1,1
2020-07-29T19,20.0,52.0,35.8,,14.6,1,1,1,0,1
2020-07-29T22,9.5,24.5,20.85,11.15,11.4,1,1,1,1,1
2020-07-29T23,12.0,24.0,20.8,14.1,13.75,1,1,1,1,1
2020-07-30T01,11.0,24.0,16.5,13.7,15.6,1,1,1,1,1
2020-07-30T02,12.5,26.5,16.45,15.75,15.3,1,1,1,1,1
2020-07-30T03,14.75,29.5,18.125,16.35,14.25,1,1,1,1,1
2020-07-30T04,17.0,31.0,19.2,16.5,14.0,1,1,1,1,1
2020-07-30T06,3.0,18.0,8.8,31.3,8.9,1,1,1,1,1
2020-07-30T07,,19.5,7.35,29.75,6.0,0,1,1,1,1
2020-07-30T08,,17.0,8.3,28.7,6.5,0,1,1,1,1
2020-07-30T12,,19.0,33.3,28.8,10.6,0,1,1,1,1
2020-07-30T13,7.0,36.0,59.45,16.2,11.25,1,1,1,1,1
2020-07-30T15,14.0,56.0,74.5,13.7,13.95,1,1,1,1,1
2020-07-30T16,23.0,55.5,72.95,10.15,15.9,1,1,1,1,1
2020-07-30T18,22.0,53.0,67.9,9.4,10.75,2,2,2,2,2
2020-07-30T19,29.0,61.0,41.967,4.4,9.733,1,1,1,1,1
2020-07-30T20,27.667,53.667,21.4,7.733,8.5,1,1,1,1,1
2020-07-30T21,24.5,46.5,26.55,6.9,7.35,1,1,1,1,1
2020-07-30T22,25.333,47.667,30.8,7.267,9.65,1,1,1,1,1
2020-07-30T23,28.0,49.0,31.767,6.967,10.767,1,1,1,1,1
2020-07-31T00,27.5,50.0,31.8,7.8,9.9,1,1,1,1,1
2020-07-31T01,31.667,54.0,35.5,8.2,10.867,1,1,1,1,1
2020-07-31T02,45.0,59.333,39.867,8.467,11.667,1,1,1,1,1
2020-07-31T03,53.0,74.0,42.35,15.65,11.0,1,1,1,1,1
2020-08-03T21,7.667,31.333,21.6,8.067,11.233,1,1,1,1,1
2020-08-03T22,9.0,36.0,18.5,7.7,11.1,1,1,1,1,1
2020-08-04T04,13.0,57.0,10.7,37.6,,1,1,1,1,0
2020-08-04T05,13.0,57.0,16.65,24.6,7.7,1,1,1,1,1
2020-08-05T18,,,,6.8,,0,0,0,1,0
2020-08-05T19,26.5,46.0,25.35,,7.7,1,1,1,0,1
2020-08-05T20,23.667,43.333,26.5,,10.3,1,1,1,0,1
2020-08-05T21,28.0,47.0,27.8,4.15,7.7,1,1,1,1,1
2020-08-05T22,33.0,48.0,28.0,5.9,7.5,1,1,1,1,1
2020-08-05T23,15.0,30.5,39.55,5.25,13.05,1,1,1,1,1
2020-08-06T00,10.333,22.333,26.5,7.167,14.433,1,1,1,1,1
2020-08-06T01,6.0,28.0,9.2,8.7,14.3,1,1,1,1,1
2020-08-06T02,6.0,28.0,11.85,8.3,13.6,1,1,1,1,1
2020-08-06T06,2.0,56.0,12.1,22.7,14.9,1,1,1,1,1
2020-08-06T07,1.0,52.0,13.2,11.0,14.2,1,1,1,1,1
2020-08-06T08,1.0,52.0,11.6,26.5,14.4,1,1,1,1,1
2020-08-06T09,0.0,39.0,15.35,16.0,14.55,1,1,1,1,1
2020-08-06T10,1.0,28.333,13.267,23.5,15.85,1,1,1,1,1
2020-08-06T11,1.333,32.0,14.267,21.1,14.7,1,1,1,1,1
2020-08-06T12,2.0,38.0,24.7,14.3,13.2,1,1,1,1,1
2020-08-06T13,2.0,39.0,23.2,14.6,13.8,1,1,1,1,1
2020-08-06T14,9.5,41.5,18.35,15.35,15.2,1,1,1,1,1
2020-08-06T15,11.0,45.0,12.8,19.45,14.85,1,1,1,1,1
2020-08-06T16,7.0,34.0,9.0,13.6,12.7,1,1,1,1,1
2020-08-06T17,8.0,34.0,9.3,17.5,13.1,1,1,1,1,1
2020-08-06T18,6.0,28.0,5.8,17.7,10.2,1,1,1,1,1
2020-08-06T19,9.0,24.0,5.9,,12.4,1,1,1,0,1
2020-08-06T20,9.0,24.0,,19.2,,1,1,0,1,0
2020-08-06T21,9.0,24.0,4.1,19.1,10.2,1,1,1,1,1
2020-08-06T22,7.0,11.0,4.8,17.2,10.7,1,1,1,1,1
2020-08-07T00,8.0,20.0,9.2,10.6,12.3,1,1,1,1,1
2020-08-07T01,11.0,25.0,11.4,12.1,13.5,1,1,1,1,1
2020-08-07T15,25.0,63.0,56.5,4.1,13.7,1,1,1,1,1
2020-08-07T16,27.0,57.0,50.6,5.8,14.4,1,1,1,1,1
2020-08-07T17,33.0,58.0,42.9,7.5,19.4,1,1,1,1,1
2020-08-07T18,31.0,45.0,36.9,9.3,20.3,1,1,1,1,1
2020-08-07T19,31.0,45.0,37.7,,22.6,1,1,1,0,1
2020-08-09T00,7.0,8.0,12.4,14.5,13.5,1,1,1,1,1
2020-08-09T06,31.0,46.0,7.8,46.9,9.8,1,1,1,1,1
2020-08-09T09,31.0,34.0,34.6,17.9,12.6,1,1,1,1,1
2020-08-09T14,41.0,63.0,74.0,12.8,17.1,1,1,1,1,1
2020-08-10T00,17.0,14.0,15.3,8.3,12.5,1,1,1,1,1
2020-08-10T01,17.0,23.0,16.35,9.4,13.8,1,1,1,1,1
2020-08-10T10,19.0,42.0,28.9,24.9,9.1,1,1,1,1,1
2020-08-11T02,33.0,41.0,18.7,10.7,12.5,1,1,1,1,1
2020-08-11T07,39.0,48.0,9.3,43.7,16.2,1,1,1,1,1
2020-08-11T12,35.0,50.0,76.0,12.7,18.7,1,1,1,1,1
2020-08-11T19,23.0,52.0,24.8,,11.0,1,1,1,0,1
2020-08-11T21,6.0,17.0,17.3,1.2,8.0,1,1,1,1,1
2020-08-11T23,6.0,20.0,21.6,6.4,13.2,1,1,1,1,1
2020-08-12T00,5.667,20.667,14.5,6.267,14.2,1,1,1,1,1
2020-08-13T03,2.0,7.0,40.3,4.4,18.5,1,1,1,1,1
2020-08-13T11,9.0,14.0,28.9,14.3,8.1,1,1,1,1,1
2020-08-13T14,25.0,24.0,37.6,19.5,10.2,1,1,1,1,1
2020-08-13T15,25.0,35.0,34.0,50.0,10.0,1,1,1,1,1
2020-08-13T17,27.0,33.0,32.3,21.2,13.5,1,1,1,1,1
2020-08-13T19,3.0,12.0,11.2,,10.4,1,1,1,0,1
2020-08-13T22,8.0,9.0,13.1,9.0,10.3,1,1,1,1,1
2020-08-14T06,9.0,20.0,17.8,26.7,12.0,1,1,1,1,1
2020-08-14T09,9.0,25.0,12.8,22.6,11.6,1,1,1,1,1
2020-08-15T20,25.0,25.0,,,,1,1,0,0,0
2020-08-16T10,18.0,33.0,18.1,15.3,,1,1,1,1,0
2020-08-16T12,20.0,40.0,37.6,6.0,13.7,1,1,1,1,1
2020-08-16T18,25.0,36.0,26.8,4.8,13.0,1,1,1,1,1
2020-08-17T04,22.0,40.0,13.333,13.3,11.2,1,1,1,1,1
2020-08-17T08,13.0,31.0,22.7,12.5,11.5,1,1,1,1,1
2020-08-17T20,28.0,47.0,26.7,7.7,9.8,1,1,1,1,1
2020-08-18T05,39.0,69.0,38.8,30.8,,1,1,1,1,0
2020-08-18T22,11.0,31.0,26.5,8.7,11.5,1,1,1,1,1
2020-08-19T01,9.0,11.0,27.0,0.1,17.8,1,1,1,1,1
2020-08-19T07,11.0,14.0,64.7,10.0,14.0,1,1,1,1,1
2020-08-22T13,7.0,34.0,32.9,10.5,16.0,1,1,1,1,1
2020-08-22T14,6.0,36.0,35.1,9.1,18.0,1,1,1,1,1
2020-08-23T08,12.0,28.0,9.8,35.0,14.2,1,1,1,1,1
2020-08-23T19,7.0,20.0,9.2,,15.7,1,1,1,0,1
2020-08-24T07,12.0,28.0,12.6,27.5,10.5,1,1,1,1,1
2020-08-24T12,9.0,33.0,38.2,19.7,13.8,1,1,1,1,1
2020-08-24T14,12.0,46.0,45.0,9.2,17.9,1,1,1,1,1
2020-08-24T17,11.0,30.0,39.5,10.3,15.4,1,1,1,1,1
2020-08-25T12,7.0,30.0,36.1,16.9,13.8,1,1,1,1,1
2020-08-25T16,19.0,56.0,35.3,7.1,18.0,1,1,1,1,1
2020-08-26T03,5.0,31.0,11.6,21.8,9.7,1,1,1,1,1
2020-08-26T12,8.0,29.0,39.9,15.0,14.2,1,1,1,1,1
2020-08-26T20,11.0,36.0,25.1,7.0,11.4,1,1,1,1,1
2020-08-26T22,8.0,28.0,26.7,10.6,9.8,1,1,1,1,1
2020-08-28T03,20.0,,15.6,43.6,8.3,1,0,1,1,1
2020-08-28T04,19.0,73.0,16.7,37.3,8.0,1,1,1,1,1
2020-08-28T05,19.0,77.0,11.5,32.1,8.7,1,1,1,1,1
2020-08-28T06,25.0,80.0,55.8,3.0,10.7,1,1,1,1,1
2020-08-28T12,17.0,44.0,66.6,124.3,19.2,1,1,1,1,1
2020-08-28T23,25.0,62.0,25.0,50.9,13.4,1,1,1,1,1
2020-08-29T05,19.0,68.0,21.0,44.9,,1,1,1,1,0
2020-08-29T23,20.0,46.0,10.6,18.2,,1,1,1,1,0
2020-08-30T06,2.0,25.0,11.1,25.9,13.6,1,1,1,1,1
2020-08-30T21,7.0,17.0,13.7,14.5,12.9,1,1,1,1,1
2020-09-03T13,34.0,73.0,60.65,30.4,15.95,1,1,1,1,1
2020-09-03T14,41.0,99.0,61.2,26.2,19.7,1,1,1,1,1
2020-09-03T17,40.0,79.0,35.1,36.6,9.5,1,1,1,1,1
2020-09-03T18,34.0,83.0,30.7,32.9,11.5,1,1,1,1,1
2020-09-03T19,30.0,78.0,26.75,23.7,9.6,1,1,1,1,1
2020-09-03T21,34.0,74.0,15.9,36.3,10.5,1,1,1,1,1
2020-09-03T22,31.0,68.0,30.6,24.6,10.75,1,1,1,1,1
2020-09-04T05,17.0,41.0,18.1,89.1,,1,1,1,1,0
2020-09-04T12,41.0,74.0,58.7,57.6,12.1,1,1,1,1,1
2020-09-04T15,34.0,69.0,58.4,16.2,18.7,1,1,1,1,1
2020-09-07T09,11.0,24.0,52.3,34.0,4.8,1,1,1,1,1
2020-09-08T18,42.0,92.0,62.5,12.2,11.6,1,1,1,1,1
2020-09-09T14,38.0,105.0,73.8,14.6,14.7,1,1,1,1,1
2020-09-09T20,41.0,74.0,,16.3,,1,1,0,1,0
2020-09-10T20,51.0,99.0,,11.0,,1,1,0,1,0
2020-09-11T04,35.0,100.0,,,,1,1,0,0,0
2020-09-12T00,45.0,91.0,30.8,9.9,10.1,1,1,1,1,1
2020-09-12T01,48.0,86.0,44.45,10.15,9.6,1,1,1,1,1
2020-09-12T03,100.0,204.0,29.7,84.4,,1,1,1,1,0
2020-09-12T20,56.0,114.0,,,,1,1,0,0,0
2020-09-12T21,53.0,110.0,,,,1,1,0,0,0
2020-09-12T22,51.0,102.0,,,,1,1,0,0,0
2020-09-12T23,51.0,102.0,,,,1,1,0,0,0
2020-09-13T01,60.5,126.0,,,,1,1,0,0,0
2020-09-13T03,,,,81.2,34.0,0,0,0,1,1
2020-09-13T09,50.0,100.0,6.2,128.7,14.1,1,1,1,1,1
2020-09-13T10,50.0,107.0,9.5,97.2,,1,1,1,1,0
2020-09-13T11,53.0,110.5,16.65,72.05,14.1,1,1,1,1,1
2020-09-13T12,56.0,114.0,18.7,64.0,11.3,1,1,1,1,1
2020-09-13T13,62.0,125.0,33.0,45.3,20.0,1,1,1,1,1
2020-09-13T14,67.0,150.0,55.4,25.4,13.0,1,1,1,1,1
2020-09-13T17,68.0,136.0,72.8,7.0,13.0,1,1,1,1,1
2020-09-13T20,65.5,120.5,49.2,106.95,13.7,1,1,1,1,1
2020-09-13T21,67.0,124.0,48.25,92.9,12.55,1,1,1,1,1
2020-09-14T01,64.0,114.0,50.3,11.0,10.05,1,1,1,1,1
2020-09-14T03,75.0,163.0,40.7,35.6,5.6,1,1,1,1,1
2020-09-14T04,77.0,172.0,42.7,45.8,,1,1,1,1,0
2020-09-14T05,77.0,172.0,39.133,76.667,5.3,1,1,1,1,1
2020-09-14T06,69.0,162.0,18.9,107.2,6.2,1,1,1,1,1
2020-09-14T07,69.0,162.0,18.1,111.1,5.9,1,1,1,1,1
2020-09-14T09,66.0,149.0,17.5,93.3,3.5,1,1,1,1,1
2020-09-14T19,56.5,126.5,48.4,7.8,14.9,1,1,1,1,1
2020-09-15T02,62.0,128.0,30.6,33.2,15.95,1,1,1,1,1
2020-09-15T23,61.0,105.0,39.0,9.8,,1,1,1,1,0
2020-09-16T03,86.0,202.0,48.4,35.4,1.3,1,1,1,1,1
2020-09-16T15,57.0,158.0,78.85,7.95,16.85,1,1,1,1,1
2020-09-16T16,52.0,135.0,66.1,10.85,15.0,1,1,1,1,1
2020-09-16T21,46.0,99.0,43.2,9.4,6.4,1,1,1,1,1
2020-09-16T23,46.0,97.5,39.9,9.65,8.15,1,1,1,1,1
2020-09-17T00,45.0,99.0,39.3,9.2,9.8,1,1,1,1,1
2020-09-17T01,46.0,146.0,39.5,9.1,8.6,1,1,1,1,1
2020-09-17T02,44.0,134.0,27.6,16.5,8.0,1,1,1,1,1
2020-09-17T03,44.0,119.0,25.8,47.1,5.7,1,1,1,1,1
2020-09-17T05,39.0,117.0,13.25,90.0,7.3,1,1,1,1,1
2020-09-17T07,22.0,100.0,6.6,81.6,7.6,1,1,1,1,1
2020-09-17T08,19.5,79.0,6.45,90.05,7.9,1,1,1,1,1
2020-09-17T13,29.0,106.0,40.2,40.3,7.7,1,1,1,1,1
2020-09-17T14,30.0,103.0,61.3,17.0,9.0,1,1,1,1,1
2020-09-17T23,35.0,89.0,36.5,8.9,10.8,1,1,1,1,1
2020-09-18T16,42.0,114.0,29.7,38.0,14.8,1,1,1,1,1
2020-09-18T18,40.0,89.0,31.9,28.1,7.8,1,1,1,1,1
2020-09-19T06,67.0,149.0,12.0,198.0,8.0,1,1,1,1,1
2020-09-19T16,73.0,162.0,80.8,10.2,13.8,1,1,1,1,1
2020-09-19T18,69.0,144.0,67.2,12.2,17.0,1,1,1,1,1
2020-09-19T21,56.0,117.0,47.0,11.9,12.0,1,1,1,1,1
2020-09-19T22,53.0,100.0,46.3,10.8,13.6,1,1,1,1,1
2020-09-20T06,64.0,144.0,10.9,162.3,6.5,1,1,1,1,1
2020-09-20T09,34.0,114.0,6.8,152.2,3.95,1,1,1,1,1
2020-09-20T11,33.0,100.0,16.4,129.7,,1,1,1,1,0
2020-09-20T13,53.0,132.0,46.6,46.1,14.8,1,1,1,1,1
2020-09-20T14,53.0,132.0,62.4,26.6,13.9,1,1,1,1,1
2020-09-20T17,51.0,129.0,50.9,31.4,9.0,1,1,1,1,1
2020-09-20T19,44.5,98.0,32.75,38.5,4.3,1,1,1,1,1
2020-09-20T23,55.0,96.0,27.1,26.0,11.3,1,1,1,1,1
2020-09-21T04,53.0,158.0,16.8,144.1,13.4,1,1,1,1,1
2020-09-22T01,31.0,78.0,24.9,14.9,11.3,1,1,1,1,1
2020-09-23T05,9.0,51.0,,39.7,11.8,1,1,0,1,1
2020-09-23T19,18.0,53.0,15.1,26.2,11.1,1,1,1,1,1
2020-09-23T20,8.0,40.0,,17.9,,1,1,0,1,0
2020-09-23T22,16.0,30.0,12.3,17.2,10.6,1,1,1,1,1
2020-09-24T11,58.0,138.0,23.5,128.5,17.6,1,1,1,1,1
2020-09-24T18,66.0,143.0,29.2,19.7,17.1,1,1,1,1,1
2020-09-24T21,13.0,44.0,16.0,19.1,8.9,1,1,1,1,1
2020-09-25T00,24.0,70.0,21.4,15.2,9.7,1,1,1,1,1
2020-09-25T05,56.0,150.0,12.6,158.65,16.85,1,1,1,1,1
2020-09-25T07,50.0,145.0,8.75,180.95,15.6,1,1,1,1,1
2020-09-25T12,44.0,145.0,96.3,11.7,16.5,1,1,1,1,1
2020-09-25T15,69.0,171.0,85.5,15.0,29.1,1,1,1,1,1
2020-09-25T16,75.0,186.0,83.5,15.4,34.2,1,1,1,1,1
2020-09-25T17,75.0,186.0,78.9,15.7,23.1,1,1,1,1,1
2020-09-25T18,75.0,177.0,67.3,14.5,14.3,1,1,1,1,1
2020-09-25T20,78.0,161.0,,14.8,,1,1,0,1,0
2020-09-25T22,95.0,227.0,56.6,13.9,,1,1,1,1,0
2020-09-25T23,85.0,190.0,51.1,14.0,11.1,1,1,1,1,1
2020-09-26T04,36.0,232.0,,79.3,,1,1,0,1,0
2020-09-26T11,31.0,152.0,,19.7,16.3,1,1,0,1,1
2020-09-26T12,33.0,178.0,,24.7,17.3,1,1,0,1,1
2020-09-26T16,38.0,136.0,,10.8,,1,1,0,1,0
2020-09-26T17,38.0,136.0,,11.7,21.9,1,1,0,1,1
2020-09-26T18,35.0,119.0,,10.0,20.9,1,1,0,1,1
2020-09-26T21,22.0,75.0,,30.3,12.8,1,1,0,1,1
2020-09-26T23,13.0,36.0,,26.8,13.3,1,1,0,1,1
2020-09-27T01,22.0,73.0,,23.5,16.8,1,1,0,1,1
2020-09-27T02,22.0,73.0,,43.9,17.4,1,1,0,1,1
2020-09-27T11,25.0,106.0,,97.6,15.6,1,1,0,1,1
2020-09-27T13,30.0,122.0,,10.2,18.5,1,1,0,1,1
2020-09-27T15,44.0,161.0,,11.9,27.2,1,1,0,1,1
2020-09-27T18,64.0,183.0,,12.9,23.9,1,1,0,1,1
2020-09-27T19,59.0,168.0,,30.6,24.5,1,1,0,1,1
2020-09-27T20,61.0,167.0,,12.8,,1,1,0,1,0
2020-09-27T21,63.0,169.0,,12.25,12.6,1,1,0,1,1
2020-09-27T22,69.0,162.5,,11.65,14.9,1,1,0,1,1
2020-09-27T23,83.0,196.0,,11.2,14.1,1,1,0,1,1
2020-09-28T00,68.0,164.0,,11.9,12.1,1,1,0,1,1
2020-09-28T01,78.0,167.0,,11.9,15.7,1,1,0,1,1
2020-09-28T07,44.0,171.0,,133.8,18.4,1,1,0,1,1
2020-09-28T11,36.0,162.0,34.4,84.55,19.85,1,1,1,1,1
2020-09-28T15,59.0,197.0,83.6,10.2,17.7,1,1,1,1,1
2020-09-28T16,64.0,204.0,79.75,11.5,17.55,1,1,1,1,1
2020-09-28T17,59.0,178.0,61.5,13.8,6.9,1,1,1,1,1
2020-09-28T20,63.0,164.0,43.0,11.3,16.4,1,1,1,1,1
2020-09-28T23,73.0,208.0,51.0,17.2,10.4,1,1,1,1,1
2020-09-29T00,77.0,202.0,48.6,12.2,10.5,1,1,1,1,1
2020-09-29T01,66.0,199.0,39.1,32.7,10.3,1,1,1,1,1
2020-09-29T07,52.0,191.0,9.2,41.0,10.5,1,1,1,1,1
2020-09-29T11,42.0,154.0,29.9,38.45,13.35,1,1,1,1,1
2020-09-29T13,51.0,195.0,58.3,16.9,12.5,1,1,1,1,1
2020-09-29T15,58.0,171.0,57.9,16.3,14.4,1,1,1,1,1
2020-09-29T16,52.0,163.0,,9.2,13.1,1,1,0,1,1
2020-09-29T17,56.0,157.0,56.4,11.8,11.3,1,1,1,1,1
2020-09-29T23,73.0,157.0,51.4,10.1,13.1,1,1,1,1,1
2020-09-30T00,67.0,155.0,42.6,10.0,11.6,1,1,1,1,1
2020-09-30T01,56.0,146.0,42.3,10.0,11.3,1,1,1,1,1
2020-09-30T14,45.0,171.0,78.2,9.0,17.5,1,1,1,1,1
2020-09-30T19,50.0,129.0,60.8,23.7,14.1,1,1,1,1,1
2020-09-30T21,51.0,153.0,48.8,8.5,12.7,1,1,1,1,1
2020-09-30T23,51.0,155.0,49.2,10.6,10.8,1,1,1,1,1
2020-10-01T01,55.0,167.0,53.1,9.6,12.3,1,1,1,1,1
2020-10-01T02,55.0,172.333,30.933,25.5,11.667,1,1,1,1,1
2020-10-01T04,47.0,185.0,20.8,70.4,10.0,1,1,1,1,1
2020-10-01T10,28.0,117.0,12.7,75.1,7.5,1,1,1,1,1
2020-10-01T14,40.0,153.0,86.6,10.8,20.2,1,1,1,1,1
2020-10-01T16,76.333,233.0,81.467,9.667,36.85,1,1,1,1,1
2020-10-01T17,73.0,223.0,80.433,9.733,20.967,1,1,1,1,1
2020-10-01T18,74.0,228.0,65.0,10.2,12.2,1,1,1,1,1
2020-10-01T19,73.0,177.0,57.9,11.7,14.7,1,1,1,1,1
2020-10-01T20,73.0,166.0,51.9,9.55,4.9,1,1,1,1,1
2020-10-02T03,55.0,184.0,34.8,26.2,,1,1,1,1,0
2020-10-02T07,31.0,122.0,7.45,78.75,13.45,1,1,1,1,1
2020-10-02T09,39.0,130.0,9.7,110.6,12.8,1,1,1,1,1
2020-10-02T11,46.0,146.0,27.8,73.7,10.5,1,1,1,1,1
2020-10-02T12,51.0,153.0,94.9,13.1,10.9,1,1,1,1,1
2020-10-02T13,62.0,179.0,98.1,11.1,12.5,1,1,1,1,1
2020-10-02T19,90.0,185.0,63.1,23.6,15.4,1,1,1,1,1
2020-10-03T01,116.0,201.0,61.0,9.4,13.7,1,1,1,1,1
2020-10-03T02,101.0,217.0,40.7,21.95,11.15,1,1,1,1,1
2020-10-03T10,36.0,111.0,23.7,68.2,,1,1,1,1,0
2020-10-03T13,46.0,158.0,95.35,9.4,17.4,1,1,1,1,1
2020-10-03T14,64.5,206.0,88.8,8.75,26.05,1,1,1,1,1
2020-10-03T16,68.0,189.0,82.5,9.4,29.2,1,1,1,1,1
2020-10-03T18,75.0,196.0,74.8,9.2,18.0,1,1,1,1,1
2020-10-03T19,80.0,199.0,66.4,11.1,23.3,1,1,1,1,1
2020-10-04T07,45.0,132.0,12.3,128.9,10.4,1,1,1,1,1
2020-10-04T10,36.0,118.0,14.7,100.0,8.3,1,1,1,1,1
2020-10-04T13,48.0,162.0,98.15,8.6,24.15,1,1,1,1,1
2020-10-04T14,64.0,197.0,91.8,8.7,28.0,1,1,1,1,1
2020-10-04T15,74.0,216.0,89.5,8.3,30.5,1,1,1,1,1
2020-10-04T20,78.0,174.0,,8.7,,1,1,0,1,0
2020-10-04T21,77.0,171.0,58.8,8.1,14.1,1,1,1,1,1
2020-10-04T23,90.0,196.0,49.6,9.4,10.3,1,1,1,1,1
2020-10-05T01,79.0,189.0,49.8,11.5,6.8,1,1,1,1,1
2020-10-05T02,73.0,213.0,41.25,26.9,8.45,1,1,1,1,1
2020-10-05T03,89.0,232.0,31.2,83.2,5.9,1,1,1,1,1
2020-10-05T05,73.0,218.0,19.6,108.1,8.3,1,1,1,1,1
2020-10-05T14,41.0,175.0,89.9,8.6,20.9,1,1,1,1,1
2020-10-05T15,58.0,189.0,85.4,8.3,25.7,1,1,1,1,1
2020-10-05T21,68.0,169.0,59.3,9.6,16.7,1,1,1,1,1
2020-10-05T22,81.0,183.0,57.9,9.2,,1,1,1,1,0
2020-10-06T02,68.0,193.0,42.6,25.7,4.2,1,1,1,1,1
2020-10-06T05,84.0,252.0,28.2,126.0,13.8,1,1,1,1,1
2020-10-06T14,53.0,158.0,102.9,8.5,26.4,1,1,1,1,1
2020-10-06T16,88.0,239.0,86.1,9.1,48.3,1,1,1,1,1
2020-10-06T20,83.0,172.0,,10.1,,1,1,0,1,0
2020-10-06T21,75.0,155.0,48.3,10.1,4.1,1,1,1,1,1
2020-10-06T22,75.0,149.0,54.6,9.5,7.15,1,1,1,1,1
2020-10-06T23,79.0,144.0,54.7,8.7,8.6,1,1,1,1,1
2020-10-07T02,119.0,252.0,60.5,12.0,7.25,1,1,1,1,1
2020-10-07T09,39.0,141.0,14.3,95.4,12.3,1,1,1,1,1
2020-10-07T11,30.0,127.0,28.4,72.5,16.4,1,1,1,1,1
2020-10-07T13,59.0,182.0,100.2,9.5,31.2,1,1,1,1,1
2020-10-07T16,84.0,221.0,84.8,8.5,,1,1,1,1,0
2020-10-07T17,90.0,199.0,77.25,9.45,13.9,1,1,1,1,1
2020-10-13T10,86.0,191.0,78.4,25.3,5.3,1,1,1,1,1
2020-10-13T17,149.0,296.0,82.9,8.5,32.9,1,1,1,1,1
2020-10-13T18,147.0,271.0,79.8,7.0,35.7,1,1,1,1,1
2020-10-13T19,125.0,211.0,67.0,10.4,26.2,1,1,1,1,1
2020-10-13T20,125.0,211.0,,10.4,,1,1,0,1,0
2020-10-13T23,112.0,175.0,50.1,11.0,18.6,1,1,1,1,1
2020-10-14T10,89.0,186.0,56.2,50.4,,1,1,1,1,0
2020-10-14T15,143.0,305.0,105.9,9.4,59.3,1,1,1,1,1
2020-10-14T22,197.0,266.0,54.6,9.0,,1,1,1,1,0
2020-10-15T02,219.0,317.0,69.5,8.5,11.2,1,1,1,1,1
2020-10-17T21,123.0,212.0,63.2,7.9,7.8,1,1,1,1,1
2020-10-17T22,139.0,213.0,70.8,8.0,9.3,1,1,1,1,1
2020-10-18T05,133.0,278.0,28.2,130.1,21.9,1,1,1,1,1
2020-10-18T07,48.0,145.0,12.1,118.8,10.8,1,1,1,1,1
2020-10-18T09,35.0,128.0,10.8,96.6,8.4,1,1,1,1,1
2020-10-18T13,40.0,151.0,96.5,8.5,25.5,1,1,1,1,1
2020-10-18T16,95.0,252.0,88.5,8.8,51.1,1,1,1,1,1
2020-10-18T18,113.0,244.0,80.7,8.8,35.5,1,1,1,1,1
2020-10-18T19,,,71.0,,25.5,0,0,1,0,1
2020-10-18T20,129.0,226.0,,9.8,,1,1,0,1,0
2020-10-19T01,122.0,196.0,58.6,8.8,26.6,1,1,1,1,1
2020-10-19T08,81.0,215.0,16.3,113.2,11.2,1,1,1,1,1
2020-10-19T09,45.0,174.0,14.6,94.7,7.3,1,1,1,1,1
2020-10-19T10,31.0,121.0,25.7,80.8,11.3,1,1,1,1,1
2020-10-19T11,41.0,141.0,108.1,9.3,19.0,1,1,1,1,1
2020-10-19T12,41.0,141.0,110.2,8.4,18.1,1,1,1,1,1
2020-10-19T13,70.5,216.0,105.7,7.95,28.65,1,1,1,1,1
2020-10-19T14,86.0,235.0,101.6,7.8,29.6,1,1,1,1,1
2020-10-19T16,90.0,232.0,89.5,8.2,33.6,1,1,1,1,1
2020-10-19T17,91.0,195.0,83.45,8.35,24.8,1,1,1,1,1
2020-10-19T20,79.0,160.0,,8.2,,1,1,0,1,0
2020-10-19T21,79.0,158.0,67.0,7.5,16.9,1,1,1,1,1
2020-10-19T22,102.0,179.0,65.0,7.3,15.4,1,1,1,1,1
2020-10-20T05,107.0,233.0,43.3,132.75,43.55,1,1,1,1,1
2020-10-20T10,28.0,90.0,20.2,84.0,6.5,1,1,1,1,1
2020-10-20T12,40.0,153.0,106.7,9.7,38.9,1,1,1,1,1
2020-10-20T14,99.0,285.0,100.1,9.8,56.5,1,1,1,1,1
2020-10-20T17,129.0,342.0,92.1,10.9,28.9,1,1,1,1,1
2020-10-20T23,108.0,182.0,46.55,9.45,10.8,1,1,1,1,1
2020-10-21T06,59.0,232.0,21.8,103.2,8.0,1,1,1,1,1
2020-10-21T07,24.0,83.0,19.267,130.733,1.967,1,1,1,1,1
2020-10-21T08,24.0,84.0,,113.9,1.8,1,1,0,1,1
2020-10-21T09,29.0,86.0,11.4,112.3,1.5,1,1,1,1,1
2020-10-21T12,39.0,114.0,96.8,9.0,21.4,1,1,1,1,1
2020-10-21T13,50.0,195.0,106.467,10.133,42.1,1,1,1,1,1
2020-10-21T16,123.0,332.0,103.4,8.9,69.1,1,1,1,1,1
2020-10-21T17,125.0,317.0,85.0,9.15,30.45,1,1,1,1,1
2020-10-21T19,102.0,233.0,79.95,12.3,17.6,1,1,1,1,1
2020-10-22T01,92.0,196.0,64.75,10.3,10.45,1,1,1,1,1
2020-10-22T03,157.0,338.0,158.5,9.6,31.7,1,1,1,1,1
2020-10-22T05,263.0,431.0,145.0,47.7,43.1,1,1,1,1,1
2020-10-22T08,66.0,133.0,55.0,166.2,14.0,1,1,1,1,1
2020-10-22T10,125.0,256.0,81.5,91.1,11.9,1,1,1,1,1
2020-10-22T11,101.0,233.0,140.7,11.9,19.0,1,1,1,1,1
2020-10-22T12,92.0,226.0,135.5,9.9,25.65,1,1,1,1,1
2020-10-22T13,103.0,261.0,132.8,9.0,41.6,1,1,1,1,1
2020-10-23T09,90.0,189.0,24.5,174.05,7.0,1,1,1,1,1
2020-10-23T10,85.0,183.0,37.4,145.3,9.8,1,1,1,1,1
2020-10-23T11,86.0,199.0,142.633,16.067,21.867,1,1,1,1,1
2020-10-23T13,101.0,311.0,141.0,7.8,51.4,1,1,1,1,1
2020-10-24T03,241.0,414.0,69.0,14.8,6.1,1,1,1,1,1
2020-10-24T05,248.0,371.0,29.1,160.7,26.5,1,1,1,1,1
2020-10-24T06,178.0,296.0,22.3,181.2,25.8,1,1,1,1,1
2020-10-24T08,132.0,241.0,17.8,160.0,19.7,1,1,1,1,1
2020-10-24T09,103.0,210.0,15.1,161.4,20.5,1,1,1,1,1
2020-10-24T11,89.0,191.0,114.1,20.75,25.55,1,1,1,1,1
2020-10-24T12,92.0,218.0,120.3,10.2,26.9,1,1,1,1,1
2020-10-24T14,138.0,282.0,116.6,9.2,38.5,1,1,1,1,1
2020-10-24T15,144.0,287.0,116.35,10.2,45.05,1,1,1,1,1
2020-10-24T16,177.0,348.0,101.9,10.9,56.8,1,1,1,1,1
2020-10-24T17,185.0,353.0,92.8,10.75,33.0,1,1,1,1,1
2020-10-24T20,150.0,263.0,65.4,9.7,28.9,1,1,1,1,1
2020-10-24T21,150.0,243.0,52.5,9.4,29.6,1,1,1,1,1
2020-10-24T22,155.0,238.0,52.6,9.7,,1,1,1,1,0
2020-10-25T00,162.0,235.0,48.75,9.6,15.6,1,1,1,1,1
2020-10-25T01,162.0,240.0,69.967,9.867,16.767,1,1,1,1,1
2020-10-25T02,180.0,279.0,104.8,10.9,12.7,1,1,1,1,1
2020-10-25T03,213.0,350.0,179.4,14.0,7.9,1,1,1,1,1
2020-10-25T05,230.0,365.0,60.0,140.25,24.85,1,1,1,1,1
2020-10-25T06,208.0,366.0,53.3,229.5,28.0,1,1,1,1,1
2020-10-25T08,106.0,199.0,34.35,245.8,6.95,1,1,1,1,1
2020-10-25T09,111.0,208.0,29.65,244.15,7.9,1,1,1,1,1
2020-10-25T10,108.0,195.0,54.3,135.2,1.75,1,1,1,1,1
2020-10-25T12,90.0,189.0,141.65,10.15,17.05,1,1,1,1,1
2020-10-25T13,105.0,241.0,141.05,10.8,33.2,1,1,1,1,1
2020-10-25T14,157.0,351.0,124.6,9.5,51.7,1,1,1,1,1
2020-10-25T15,189.0,361.0,116.25,10.55,63.1,1,1,1,1,1
2020-10-25T17,213.0,393.0,109.9,10.75,33.05,1,1,1,1,1
2020-10-25T19,206.0,357.0,76.9,9.7,29.6,1,1,1,1,1
2020-10-25T20,183.0,299.0,71.2,10.1,23.8,1,1,1,1,1
2020-10-25T21,168.0,268.0,64.2,10.1,13.1,1,1,1,1,1
2020-10-25T22,169.0,260.0,51.35,10.2,12.95,1,1,1,1,1
2020-10-25T23,208.0,251.0,49.6,10.3,13.8,1,1,1,1,1
2020-10-26T00,166.0,251.0,60.7,11.7,15.25,1,1,1,1,1
2020-10-26T01,171.0,244.0,56.35,11.55,12.7,1,1,1,1,1
2020-10-26T03,191.0,317.0,174.8,13.0,10.8,1,1,1,1,1
2020-10-26T06,246.0,399.0,77.5,125.0,35.2,1,1,1,1,1
2020-10-26T13,77.0,227.0,105.85,8.65,35.75,1,1,1,1,1
2020-10-26T14,100.0,274.0,95.867,8.967,39.6,1,1,1,1,1
2020-10-26T15,108.0,263.0,95.8,8.6,43.1,1,1,1,1,1
2020-10-26T16,119.0,268.0,95.8,9.0,,1,1,1,1,0
2020-10-26T18,160.0,290.0,71.9,8.4,7.5,1,1,1,1,1
2020-10-26T19,219.0,328.0,67.6,,6.8,1,1,1,0,1
2020-10-26T21,235.0,333.0,69.0,9.3,1.8,1,1,1,1,1
2020-10-26T22,233.0,316.0,61.6,10.1,2.1,1,1,1,1,1
2020-10-26T23,240.0,320.0,59.7,8.5,5.1,1,1,1,1,1
2020-10-27T00,237.0,343.0,56.5,8.8,10.0,1,1,1,1,1
2020-10-27T01,222.0,333.0,54.7,9.5,11.5,1,1,1,1,1
2020-10-27T05,175.0,316.0,35.8,134.3,28.5,1,1,1,1,1
2020-10-27T06,174.0,324.0,27.8,149.0,29.3,1,1,1,1,1
2020-10-27T07,138.0,262.0,23.3,149.2,23.2,1,1,1,1,1
2020-10-27T12,56.0,172.0,106.2,8.85,27.0,1,1,1,1,1
2020-10-27T13,74.0,222.0,102.6,8.467,36.433,1,1,1,1,1
2020-10-27T14,92.0,256.0,103.233,8.7,49.3,1,1,1,1,1
2020-10-27T15,134.0,316.0,103.8,8.85,59.0,1,1,1,1,1
2020-10-27T16,140.0,318.0,96.9,8.6,65.4,1,1,1,1,1
2020-10-27T17,129.0,305.0,84.4,9.9,34.6,1,1,1,1,1
2020-10-27T18,128.0,305.0,84.2,11.05,19.85,1,1,1,1,1
2020-10-27T20,118.0,234.0,75.65,8.7,17.4,1,1,1,1,1
2020-10-27T21,122.0,239.0,69.5,7.7,17.3,1,1,1,1,1
2020-10-27T23,169.0,280.0,62.2,8.5,4.7,1,1,1,1,1
2020-10-28T05,179.0,326.0,69.2,61.6,15.5,1,1,1,1,1
2020-10-28T06,158.0,298.0,37.1,147.7,22.1,1,1,1,1,1
2020-10-28T07,150.0,280.0,37.2,191.4,25.7,1,1,1,1,1
2020-10-28T09,169.0,311.0,39.0,186.1,20.1,1,1,1,1,1
2020-10-28T10,158.0,261.0,58.1,148.4,17.3,1,1,1,1,1
2020-10-28T11,179.0,527.0,154.4,8.8,26.1,1,1,1,1,1
2020-10-28T12,160.0,304.0,158.0,9.1,35.5,1,1,1,1,1
2020-10-28T15,233.0,425.0,127.6,8.6,74.3,1,1,1,1,1
2020-10-28T16,235.0,438.0,119.133,8.6,86.0,1,1,1,1,1
2020-10-28T17,238.0,426.0,109.65,8.35,31.75,1,1,1,1,1
2020-10-28T18,235.0,401.0,104.8,9.0,25.7,1,1,1,1,1
2020-10-28T19,230.0,379.0,89.2,10.0,22.8,1,1,1,1,1
2020-10-28T20,228.0,353.0,77.3,9.45,21.05,1,1,1,1,1
2020-10-28T21,228.0,333.0,76.7,8.6,16.9,1,1,1,1,1
2020-10-28T22,238.0,345.0,70.15,9.05,12.6,1,1,1,1,1
2020-10-28T23,248.0,343.0,57.45,9.5,12.3,1,1,1,1,1
2020-10-29T00,250.0,343.0,71.8,10.9,15.9,1,1,1,1,1
2020-10-29T01,271.0,374.0,84.05,13.45,14.4,1,1,1,1,1
2020-10-29T02,288.0,427.0,126.025,10.95,15.6,1,1,1,1,1
2020-10-29T03,382.0,580.0,163.7,11.2,13.8,1,1,1,1,1
2020-10-29T05,278.0,439.0,62.55,52.95,19.35,1,1,1,1,1
2020-10-29T06,117.0,208.0,46.5,87.35,28.6,1,1,1,1,1
2020-10-29T07,111.0,190.0,27.4,110.3,16.1,1,1,1,1,1
2020-10-29T08,101.0,152.0,16.925,120.975,7.275,1,1,1,1,1
2020-10-29T13,112.0,293.0,124.2,10.0,25.0,1,1,1,1,1
2020-10-29T14,179.0,384.0,122.9,8.5,35.6,1,1,1,1,1
2020-10-29T15,188.0,392.5,118.85,8.9,38.55,1,1,1,1,1
2020-10-29T16,216.0,416.0,101.4,7.8,,1,1,1,1,0
2020-10-29T18,222.0,389.0,80.6,10.3,25.2,1,1,1,1,1
2020-10-29T20,219.0,333.0,70.0,9.2,25.7,1,1,1,1,1
2020-10-29T21,224.0,335.0,64.4,8.7,25.3,1,1,1,1,1
2020-10-29T23,278.0,399.0,69.6,7.1,16.5,1,1,1,1,1
2020-10-30T12,67.0,200.0,73.6,8.0,17.8,1,1,1,1,1
2020-10-30T14,107.0,287.0,71.3,6.6,26.1,1,1,1,1,1
2020-10-30T16,210.0,388.0,74.4,7.5,,1,1,1,1,0
2020-10-30T19,332.0,448.0,57.3,5.9,14.25,1,1,1,1,1
2020-10-30T21,447.0,547.0,49.4,6.9,13.2,1,1,1,1,1
2020-10-30T22,483.0,586.0,47.5,8.0,12.6,1,1,1,1,1
2020-10-30T23,441.0,549.667,46.067,8.467,13.533,1,1,1,1,1
2020-10-31T00,413.5,523.0,46.85,8.35,14.3,1,1,1,1,1
2020-10-31T02,418.0,549.0,60.4,9.1,17.2,1,1,1,1,1
2020-10-31T03,362.0,505.5,40.8,40.95,20.15,1,1,1,1,1
2020-10-31T04,331.0,467.0,31.7,74.4,20.95,1,1,1,1,1
2020-10-31T08,56.5,154.5,13.5,91.4,6.9,1,1,1,1,1
2020-10-31T09,44.0,129.0,13.3,84.8,5.6,1,1,1,1,1
2020-10-31T11,60.0,167.5,66.65,41.15,16.45,1,1,1,1,1
2020-10-31T12,63.0,182.0,84.5,8.6,22.2,1,1,1,1,1
2020-10-31T13,84.0,239.0,76.7,7.4,27.8,1,1,1,1,1
2020-10-31T14,108.0,271.0,73.4,8.8,29.9,1,1,1,1,1
2020-11-01T05,265.0,407.0,30.45,97.35,24.4,1,1,1,1,1
2020-11-01T06,180.0,331.0,22.6,110.8,23.8,1,1,1,1,1
2020-11-01T07,97.5,230.0,16.1,95.3,20.6,1,1,1,1,1
2020-11-01T08,62.5,184.0,13.55,92.8,18.35,1,1,1,1,1
2020-11-01T09,55.0,174.0,13.8,91.65,17.9,1,1,1,1,1
2020-11-01T10,68.0,174.0,24.3,69.4,17.0,1,1,1,1,1
2020-11-01T11,63.0,172.0,60.5,20.0,17.75,1,1,1,1,1
2020-11-01T12,63.0,160.0,70.2,9.1,19.35,1,1,1,1,1
2020-11-01T14,89.0,233.0,76.7,7.7,26.4,1,1,1,1,1
2020-11-01T15,125.0,302.0,62.1,8.0,36.1,1,1,1,1,1
2020-11-01T16,125.0,302.0,67.2,7.2,35.5,1,1,1,1,1
2020-11-01T17,150.0,312.0,59.9,7.6,26.8,1,1,1,1,1
2020-11-01T18,163.5,294.0,56.75,6.7,11.325,2,2,2,2,2
2020-11-01T19,162.0,294.0,52.4,,10.1,1,1,1,0,1
2020-11-01T22,177.0,271.0,48.1,6.8,7.6,1,1,1,1,1
2020-11-01T23,111.5,200.0,38.2,7.25,9.8,1,1,1,1,1
2020-11-02T00,96.0,178.0,36.4,7.6,10.8,1,1,1,1,1
2020-11-02T01,92.0,177.0,38.3,8.35,10.45,1,1,1,1,1
2020-11-02T02,88.0,216.0,39.55,8.6,14.7,1,1,1,1,1
2020-11-02T03,93.0,235.5,36.15,14.25,13.75,1,1,1,1,1
2020-11-02T04,100.0,238.0,36.1,31.4,12.5,1,1,1,1,1
2020-11-02T05,186.0,335.0,47.2,87.9,25.1,1,1,1,1,1
2020-11-02T06,186.0,305.0,33.5,107.6,22.4,1,1,1,1,1
2020-11-02T07,178.5,282.0,25.0,116.8,19.55,1,1,1,1,1
2020-11-02T09,160.0,251.0,22.6,114.7,17.3,1,1,1,1,1
2020-11-02T10,107.0,185.75,35.775,59.175,13.3,1,1,1,1,1
2020-11-02T11,77.0,152.0,64.0,19.2,13.5,1,1,1,1,1
2020-11-02T12,78.0,156.0,86.6,9.3,21.4,1,1,1,1,1
2020-11-02T15,185.0,415.0,87.85,8.05,52.2,1,1,1,1,1
2020-11-02T16,199.0,437.0,79.1,9.55,59.25,1,1,1,1,1
2020-11-02T18,186.0,366.0,72.8,9.4,25.7,1,1,1,1,1
2020-11-02T19,182.0,338.0,51.6,6.6,24.3,1,1,1,1,1
2020-11-02T20,180.0,315.0,47.55,9.1,24.05,1,1,1,1,1
2020-11-02T22,144.0,234.0,45.733,8.233,12.6,1,1,1,1,1
2020-11-02T23,144.0,260.0,42.3,7.9,9.5,1,1,1,1,1
2020-11-03T00,154.5,256.5,40.3,8.4,10.3,1,1,1,1,1
2020-11-03T01,158.0,261.0,43.7,7.7,13.1,1,1,1,1,1
2020-11-03T03,197.0,366.0,85.15,,16.4,1,1,1,0,1
2020-11-03T04,173.0,366.0,,14.6,6.4,1,1,0,1,1
2020-11-03T05,91.0,206.0,26.7,48.7,,1,1,1,1,0
2020-11-03T06,68.0,163.0,,,,1,1,0,0,0
2020-11-03T07,45.0,114.0,,68.0,,1,1,0,1,0
2020-11-03T14,91.0,279.0,80.0,7.8,44.1,1,1,1,1,1
2020-11-03T15,128.0,345.0,78.0,8.9,49.0,1,1,1,1,1
2020-11-03T17,145.0,346.0,68.0,8.8,28.7,1,1,1,1,1
2020-11-03T18,157.0,342.0,70.25,8.35,28.2,2,2,2,2,2
2020-11-03T20,150.0,274.0,72.15,7.85,27.75,1,1,1,1,1
2020-11-03T21,158.0,293.0,61.0,8.1,22.9,1,1,1,1,1
2020-11-03T22,168.0,316.0,54.2,7.15,20.8,1,1,1,1,1
2020-11-03T23,157.0,299.0,49.2,6.85,12.85,1,1,1,1,1
2020-11-04T00,147.0,272.0,36.45,6.8,9.2,1,1,1,1,1
2020-11-04T01,123.0,256.0,39.567,7.467,5.1,1,1,1,1,1
2020-11-04T04,205.0,418.0,73.85,8.85,8.05,1,1,1,1,1
2020-11-04T05,199.0,374.0,49.2,17.7,14.7,1,1,1,1,1
2020-11-04T08,512.0,655.0,46.7,74.1,18.6,1,1,1,1,1
2020-11-04T13,417.0,578.0,105.2,8.25,24.4,1,1,1,1,1
2020-11-04T14,414.0,597.0,97.45,7.85,33.05,1,1,1,1,1
2020-11-04T17,449.0,621.0,81.9,8.2,35.5,1,1,1,1,1
2020-11-04T18,425.0,571.0,69.2,6.3,11.9,1,1,1,1,1
2020-11-04T19,390.0,504.0,66.9,,9.0,1,1,1,0,1
2020-11-04T20,376.0,475.0,58.4,8.4,7.2,1,1,1,1,1
2020-11-04T21,359.0,450.0,50.5,7.0,5.8,1,1,1,1,1
2020-11-04T22,353.0,431.0,52.2,7.6,,1,1,1,1,0
2020-11-04T23,,422.0,51.2,8.5,7.9,0,1,1,1,1
2020-11-05T00,328.0,406.0,44.25,8.05,14.7,1,1,1,1,1
2020-11-05T01,332.0,414.0,50.8,7.95,16.7,1,1,1,1,1
2020-11-05T03,263.0,410.0,65.2,9.15,20.85,1,1,1,1,1
2020-11-05T04,251.0,390.0,56.5,29.2,20.0,1,1,1,1,1
2020-11-05T05,241.0,382.0,38.2,60.5,22.2,1,1,1,1,1
2020-11-05T06,201.0,331.0,33.95,90.0,21.65,1,1,1,1,1
2020-11-05T07,168.0,283.0,27.467,113.8,18.633,1,1,1,1,1
2020-11-05T10,123.0,213.0,54.6,77.5,23.9,1,1,1,1,1
2020-11-05T11,201.0,355.0,115.7,1.6,31.7,1,1,1,1,1
2020-11-05T12,201.0,355.0,113.9,1.5,32.3,1,1,1,1,1
2020-11-05T13,219.0,406.0,106.4,1.7,40.95,1,1,1,1,1
2020-11-05T14,217.0,399.0,100.95,1.5,47.05,1,1,1,1,1
2020-11-05T15,255.0,470.0,93.0,1.4,56.2,1,1,1,1,1
2020-11-05T17,317.0,539.0,74.8,1.4,23.9,1,1,1,1,1
2020-11-05T18,268.0,412.0,77.4,2.9,33.2,1,1,1,1,1
2020-11-05T19,267.0,393.0,58.3,3.5,32.6,1,1,1,1,1
2020-11-05T20,267.0,393.0,,2.4,,1,1,0,1,0
2020-11-05T23,295.0,415.0,57.5,0.3,19.8,1,1,1,1,1
2020-11-06T06,244.0,407.0,50.55,44.7,31.05,1,1,1,1,1
2020-11-06T10,132.0,238.0,65.2,48.7,28.4,1,1,1,1,1
2020-11-06T11,128.0,261.0,109.1,10.3,28.7,1,1,1,1,1
2020-11-06T13,157.0,351.0,100.9,1.8,42.9,1,1,1,1,1
2020-11-06T14,182.0,376.0,92.0,1.4,45.0,1,1,1,1,1
2020-11-06T18,308.333,474.667,68.933,1.733,25.833,1,1,1,1,1
2020-11-07T01,486.0,609.0,57.4,0.9,25.0,1,1,1,1,1
2020-11-07T03,520.0,697.0,49.0,20.1,25.0,1,1,1,1,1
2020-11-07T08,161.0,287.0,23.1,123.3,19.4,1,1,1,1,1
2020-11-07T09,129.0,248.0,20.3,114.5,15.85,1,1,1,1,1
2020-11-07T11,107.0,228.0,87.1,5.1,23.2,1,1,1,1,1
2020-11-08T03,267.0,400.0,68.3,1.8,16.7,1,1,1,1,1
2020-11-08T05,412.0,563.0,74.1,28.8,27.4,1,1,1,1,1
2020-11-08T07,422.0,576.0,62.05,140.45,37.45,1,1,1,1,1
2020-11-08T09,322.0,469.0,30.7,115.6,25.9,1,1,1,1,1
2020-11-08T14,245.0,425.0,79.6,2.0,41.2,1,1,1,1,1
2020-11-12T02,266.0,406.0,85.3,5.1,32.2,1,1,1,1,1
2020-11-12T03,266.0,406.0,83.0,4.5,38.5,1,1,1,1,1
2020-11-12T04,172.0,309.0,56.8,19.9,,1,1,1,1,0
2020-11-12T05,122.0,225.0,30.2,48.15,20.95,1,1,1,1,1
2020-11-12T06,72.0,141.0,15.95,66.25,10.5,1,1,1,1,1
2020-11-12T07,51.0,103.0,21.9,74.3,12.5,1,1,1,1,1
2020-11-12T08,69.0,143.0,24.0,104.8,14.8,1,1,1,1,1
2020-11-12T09,75.0,157.0,24.7,116.6,11.8,1,1,1,1,1
2020-11-12T11,77.0,183.0,96.2,2.0,22.6,1,1,1,1,1
2020-11-12T15,199.0,396.0,81.3,1.8,58.9,1,1,1,1,1
2020-11-15T03,317.0,422.0,42.2,35.7,7.9,1,1,1,1,1
2020-11-16T10,55.0,97.0,34.6,34.9,,1,1,1,1,0
2020-11-16T23,77.0,102.0,26.4,1.5,18.3,1,1,1,1,1
2020-11-17T03,103.0,163.0,39.7,9.3,24.7,1,1,1,1,1
2020-11-17T05,69.0,130.0,43.7,,22.0,1,1,1,0,1
2020-11-17T08,39.0,96.0,14.0,83.3,23.5,1,1,1,1,1
2020-11-17T15,83.0,178.0,58.9,1.3,27.4,1,1,1,1,1
2020-11-17T16,88.0,173.0,54.6,2.1,27.4,1,1,1,1,1
2020-11-17T19,100.0,135.0,41.65,5.9,24.35,1,1,1,1,1
2020-11-17T21,118.0,153.0,37.6,2.6,20.6,1,1,1,1,1
2020-11-18T00,121.0,155.0,29.9,1.7,20.7,1,1,1,1,1
2020-11-18T03,129.0,183.0,42.0,10.3,22.5,1,1,1,1,1
2020-11-18T07,70.0,122.0,17.0,96.7,17.5,1,1,1,1,1
2020-11-18T08,69.0,114.0,15.6,106.6,18.5,1,1,1,1,1
2020-11-18T09,,,15.7,122.8,19.5,0,0,1,1,1
2020-11-18T13,114.0,202.0,85.8,1.5,30.6,1,1,1,1,1
2020-11-18T14,121.0,211.0,79.0,1.8,32.2,1,1,1,1,1
2020-11-20T16,157.0,252.0,63.6,2.1,29.9,1,1,1,1,1
2020-11-23T00,168.0,230.0,38.3,1.7,21.6,1,1,1,1,1
2020-11-25T19,168.0,235.0,40.7,9.1,28.9,1,1,1,1,1
2020-11-26T00,199.0,248.0,26.2,19.3,26.3,1,1,1,1,1
2020-12-01T12,157.0,287.0,142.3,4.1,28.9,1,1,1,1,1
2020-12-01T15,285.0,498.0,119.7,2.6,51.7,1,1,1,1,1
2020-12-01T16,285.0,498.0,103.8,3.6,51.4,1,1,1,1,1
2020-12-01T18,289.0,423.0,94.6,3.1,27.3,1,1,1,1,1
2020-12-09T00,223.0,315.0,56.9,5.0,17.1,1,1,1,1,1
2020-12-10T05,107.0,218.0,57.5,11.4,45.9,1,1,1,1,1
2020-12-14T10,58.0,114.0,30.0,5.4,,1,1,1,1,0
2021-01-04T04,97.0,146.0,92.8,10.4,19.6,1,1,1,1,1
2021-01-04T06,89.0,116.0,49.0,42.6,20.9,1,1,1,1,1
2021-01-04T08,95.0,124.0,62.233,56.367,20.6,1,1,1,1,1
2021-01-04T09,75.0,112.0,68.45,64.9,21.45,1,1,1,1,1
2021-01-04T11,130.0,178.0,99.3,10.5,20.8,1,1,1,1,1
2021-01-04T12,140.5,172.5,82.0,9.5,24.45,1,1,1,1,1
2021-01-04T13,156.0,185.0,42.3,15.7,25.2,1,1,1,1,1
2021-01-04T15,52.0,63.0,24.2,36.6,24.7,1,1,1,1,1
2021-01-04T17,30.0,33.0,37.3,15.3,22.7,1,1,1,1,1
2021-01-04T19,33.0,35.0,43.0,10.9,21.9,1,1,1,1,1
2021-01-04T20,29.0,31.0,,7.35,,1,1,0,1,0
2021-01-04T21,33.0,35.0,32.9,8.5,23.1,1,1,1,1,1
2021-01-04T22,31.0,35.0,44.5,19.1,19.0,1,1,1,1,1
2021-01-04T23,36.0,47.0,39.1,24.4,21.4,1,1,1,1,1
2021-01-05T00,27.5,34.5,37.675,13.35,16.45,1,1,1,1,1
2021-01-05T01,32.5,48.0,41.6,10.7,17.3,1,1,1,1,1
2021-01-05T02,42.0,63.0,38.9,13.4,17.9,1,1,1,1,1
2021-01-05T03,54.0,68.5,38.75,9.3,18.0,1,1,1,1,1
2021-01-05T04,64.5,84.75,40.225,10.975,19.2,1,1,1,1,1
2021-01-05T05,84.0,117.0,46.3,16.7,20.2,1,1,1,1,1
2021-01-05T07,96.0,156.0,60.7,37.8,28.3,1,1,1,1,1
2021-01-05T13,80.0,107.0,48.8,8.6,23.9,1,1,1,1,1
2021-01-05T14,84.0,111.0,54.8,12.7,27.0,1,1,1,1,1
2021-01-05T16,94.0,118.0,50.5,10.5,25.8,1,1,1,1,1
2021-01-05T19,80.0,161.0,29.3,7.0,17.45,1,1,1,1,1
2021-01-05T20,75.0,141.0,,10.2,,1,1,0,1,0
2021-01-05T21,78.0,117.0,23.6,10.7,16.3,1,1,1,1,1
2021-01-05T22,80.0,127.0,17.8,13.9,,1,1,1,1,0
2021-01-05T23,80.0,127.0,16.9,14.3,17.8,1,1,1,1,1
2021-01-06T00,84.0,100.0,15.25,46.5,19.75,1,1,1,1,1
2021-01-06T01,120.0,147.0,20.067,48.767,21.0,1,1,1,1,1
2021-01-06T03,144.0,190.0,33.6,186.05,21.4,1,1,1,1,1
2021-01-06T04,177.0,202.0,48.5,47.9,23.4,1,1,1,1,1
2021-01-06T06,161.0,186.0,53.5,26.2,19.2,1,1,1,1,1
2021-01-06T07,130.0,166.0,35.3,44.0,22.4,1,1,1,1,1
2021-01-06T09,89.0,116.0,30.05,46.85,22.9,1,1,1,1,1
2021-01-06T10,66.0,84.0,62.5,31.6,22.1,1,1,1,1,1
2021-01-06T12,221.0,274.0,48.4,13.7,25.1,1,1,1,1,1
2021-01-06T13,160.5,208.0,41.05,15.45,24.65,1,1,1,1,1
2021-01-06T14,153.0,197.0,35.667,16.267,22.733,1,1,1,1,1
2021-01-06T15,152.0,205.5,36.9,10.65,22.55,1,1,1,1,1
2021-01-06T17,136.0,190.0,27.3,9.5,16.3,1,1,1,1,1
2021-01-06T19,134.0,184.0,17.35,14.4,15.6,1,1,1,1,1
2021-01-06T20,119.0,149.0,,19.4,,1,1,0,1,0
2021-01-06T21,112.0,140.0,11.15,22.35,14.8,1,1,1,1,1
2021-01-06T22,107.0,129.0,11.5,20.85,16.25,1,1,1,1,1
2021-01-06T23,110.0,136.0,13.25,22.65,20.85,1,1,1,1,1
2021-01-07T01,103.0,121.5,23.95,15.55,19.15,1,1,1,1,1
2021-01-07T02,103.0,125.0,26.1,15.2,18.8,1,1,1,1,1
2021-01-07T04,103.0,140.0,30.6,25.9,17.1,1,1,1,1,1
2021-01-07T05,105.0,138.0,23.4,48.8,19.6,1,1,1,1,1
2021-01-07T07,102.0,140.0,21.4,78.6,19.533,1,1,1,1,1
2021-01-07T08,98.0,148.667,26.767,77.8,20.267,1,1,1,1,1
2021-01-07T09,100.0,156.0,28.4,73.2,21.3,1,1,1,1,1
2021-01-07T10,100.0,150.0,29.4,53.6,,1,1,1,1,0
2021-01-07T11,100.0,150.0,45.35,26.6,20.95,1,1,1,1,1
2021-01-07T14,123.667,206.0,43.4,8.333,20.367,1,1,1,1,1
2021-01-07T15,123.0,204.0,39.7,8.15,20.85,1,1,1,1,1
2021-01-07T16,122.0,197.0,33.2,9.2,20.5,1,1,1,1,1
2021-01-07T17,111.0,184.0,26.1,9.1,18.4,1,1,1,1,1
2021-01-07T18,97.0,172.0,27.25,8.6,16.4,2,2,2,2,2
2021-01-07T19,95.0,173.0,25.3,5.6,17.367,1,1,1,1,1
2021-01-07T20,88.0,146.0,,7.8,,1,1,0,1,0
2021-01-07T21,79.0,134.0,29.25,8.35,16.6,1,1,1,1,1
2021-01-07T22,74.0,150.0,29.05,14.3,18.7,1,1,1,1,1
2021-01-07T23,63.0,101.0,20.0,23.95,15.8,1,1,1,1,1
2021-01-08T00,62.0,113.0,22.65,25.8,14.3,1,1,1,1,1
2021-01-08T01,62.0,116.0,27.0,15.1,14.9,1,1,1,1,1
2021-01-08T03,100.0,141.0,29.0,16.8,14.3,1,1,1,1,1
2021-01-08T04,100.0,141.0,34.5,14.6,14.5,1,1,1,1,1
2021-01-08T05,120.333,154.667,31.6,19.2,15.5,1,1,1,1,1
2021-01-08T06,135.0,164.0,34.1,23.2,15.1,1,1,1,1,1
2021-01-08T07,178.0,239.0,47.4,30.05,16.2,1,1,1,1,1
2021-01-08T08,210.0,285.0,51.1,43.833,15.767,1,1,1,1,1
2021-01-08T09,233.0,329.0,53.3,53.05,18.25,1,1,1,1,1
2021-01-08T10,218.0,315.0,58.45,31.5,20.7,1,1,1,1,1
2021-01-08T11,223.0,328.0,67.55,15.8,22.85,1,1,1,1,1
2021-01-08T12,227.0,344.0,63.9,8.2,20.4,1,1,1,1,1
2021-01-08T14,226.0,378.0,62.5,8.6,,1,1,1,1,0
2021-01-08T15,241.0,406.0,44.5,9.0,24.3,1,1,1,1,1
2021-01-08T16,222.0,394.0,39.2,9.8,24.5,1,1,1,1,1
2021-01-08T17,197.0,322.0,36.6,9.75,19.6,1,1,1,1,1
2021-01-08T19,158.0,240.0,38.1,5.3,16.9,1,1,1,1,1
2021-01-08T20,136.0,189.0,,9.6,,1,1,0,1,0
2021-01-08T21,129.0,158.0,25.3,17.3,17.067,1,1,1,1,1
2021-01-08T22,118.0,145.0,26.4,13.6,17.8,1,1,1,1,1
2021-01-08T23,134.0,163.0,26.15,8.85,18.65,1,1,1,1,1
2021-01-09T00,117.0,155.0,24.85,7.8,19.6,1,1,1,1,1
2021-01-09T01,118.0,157.0,22.7,8.35,19.8,1,1,1,1,1
2021-01-09T02,121.0,178.0,30.75,8.85,19.65,1,1,1,1,1
2021-01-09T03,150.0,206.0,34.4,13.9,21.7,1,1,1,1,1
2021-01-09T04,169.0,222.0,34.2,27.7,23.9,1,1,1,1,1
2021-01-09T05,180.0,238.0,38.55,41.05,31.2,1,1,1,1,1
2021-01-09T06,177.0,243.0,40.2,48.6,57.2,1,1,1,1,1
2021-01-09T07,172.0,249.0,38.733,63.467,41.8,1,1,1,1,1
2021-01-09T08,151.0,232.75,35.35,73.075,33.4,1,1,1,1,1
2021-01-09T09,145.0,232.0,27.7,76.6,29.0,1,1,1,1,1
2021-01-09T10,133.0,211.0,27.2,70.5,28.3,1,1,1,1,1
2021-01-09T11,107.0,174.0,39.3,37.8,23.8,1,1,1,1,1
2021-01-09T12,119.0,178.0,52.0,10.3,23.1,1,1,1,1,1
2021-01-09T13,161.5,235.0,47.4,11.3,25.3,1,1,1,1,1
2021-01-09T14,172.0,246.0,41.75,13.8,25.05,1,1,1,1,1
2021-01-09T15,175.0,227.0,31.9,16.75,24.9,1,1,1,1,1
2021-01-09T16,161.5,210.0,27.75,20.35,22.9,1,1,1,1,1
2021-01-09T18,146.0,180.0,14.1,29.5,17.3,1,1,1,1,1
2021-01-09T19,146.0,180.0,15.6,28.5,17.433,1,1,1,1,1
2021-01-09T20,136.0,162.0,10.1,34.5,14.7,1,1,1,1,1
2021-01-09T21,129.0,153.0,11.6,36.5,15.9,1,1,1,1,1
2021-01-09T22,122.667,151.667,10.033,37.733,17.1,1,1,1,1,1
2021-01-09T23,113.667,138.667,11.333,30.333,18.4,1,1,1,1,1
2021-01-10T14,165.5,236.0,51.2,9.4,22.35,1,1,1,1,1
2021-01-10T15,171.0,249.0,49.6,8.5,22.3,1,1,1,1,1
2021-01-10T17,177.333,285.667,45.033,9.8,22.9,1,1,1,1,1
2021-01-10T18,149.0,254.0,42.2,8.8,22.0,1,1,1,1,1
2021-01-10T19,149.0,254.0,39.95,2.6,20.05,1,1,1,1,1
2021-01-10T20,134.0,213.5,34.2,9.9,17.8,1,1,1,1,1
2021-01-10T21,130.0,206.0,29.25,14.5,18.5,1,1,1,1,1
2021-01-10T22,131.333,198.667,22.433,29.8,20.05,1,1,1,1,1
2021-01-10T23,118.0,174.0,15.7,41.0,19.4,1,1,1,1,1
2021-01-11T00,106.0,129.0,13.8,50.0,19.95,1,1,1,1,1
2021-01-11T01,104.333,116.667,17.633,46.733,19.2,1,1,1,1,1
2021-01-11T02,113.0,124.0,21.0,45.0,18.7,1,1,1,1,1
2021-01-11T03,106.5,128.0,20.0,49.55,19.65,1,1,1,1,1
2021-01-11T04,98.0,129.0,17.933,60.867,20.05,1,1,1,1,1
2021-01-11T05,88.0,129.0,16.0,68.65,19.85,1,1,1,1,1
2021-01-11T06,80.667,121.0,15.3,84.367,19.833,1,1,1,1,1
2021-01-11T07,74.0,113.0,15.85,92.2,20.4,1,1,1,1,1
2021-01-11T08,79.0,123.5,18.05,97.45,19.55,1,1,1,1,1
2021-01-11T10,85.0,135.0,24.4,82.6,,1,1,1,1,0
2021-01-11T11,85.0,135.0,26.4,78.0,17.4,1,1,1,1,1
2021-01-11T12,105.0,167.5,67.4,8.25,21.9,1,1,1,1,1
2021-01-11T13,119.0,194.0,64.8,8.1,23.0,1,1,1,1,1
2021-01-11T18,,190.0,30.6,8.0,21.2,0,1,1,1,1
2021-01-11T19,129.0,179.0,35.0,0.5,20.133,1,1,1,1,1
2021-01-11T20,118.0,156.0,,8.6,,1,1,0,1,0
2021-01-11T21,124.0,163.0,30.25,9.2,19.8,1,1,1,1,1
2021-01-11T22,145.0,186.0,34.25,7.75,19.65,1,1,1,1,1
2021-01-11T23,122.0,173.0,27.667,8.333,18.1,1,1,1,1,1
2021-01-12T00,150.0,201.0,27.9,8.8,18.6,1,1,1,1,1
2021-01-12T02,178.0,261.0,29.4,14.1,18.9,1,1,1,1,1
2021-01-12T03,178.0,261.0,32.85,16.85,18.85,1,1,1,1,1
2021-01-12T04,175.0,232.0,50.6,24.1,19.7,1,1,1,1,1
2021-01-12T07,149.0,195.0,25.4,100.6,23.1,1,1,1,1,1
2021-01-12T08,134.0,178.0,26.6,109.0,,1,1,1,1,0
2021-01-12T09,129.0,186.0,25.5,117.3,27.4,1,1,1,1,1
2021-01-12T10,161.0,227.0,37.15,102.2,25.75,1,1,1,1,1
2021-01-12T11,151.0,224.0,54.9,47.9,20.0,1,1,1,1,1
2021-01-12T12,165.5,237.0,75.3,9.1,18.5,1,1,1,1,1
2021-01-12T13,180.0,256.0,65.167,9.7,20.233,1,1,1,1,1
2021-01-12T14,191.0,267.0,68.2,8.7,23.25,1,1,1,1,1
2021-01-12T15,265.0,366.0,55.2,9.2,26.4,1,1,1,1,1
2021-01-12T16,287.0,415.0,47.75,8.7,29.55,1,1,1,1,1
2021-01-12T17,327.667,443.0,35.967,9.6,26.333,1,1,1,1,1
2021-01-12T18,329.0,433.0,31.2,9.0,27.3,1,1,1,1,1
2021-01-12T20,268.0,346.0,,9.7,,1,1,0,1,0
2021-01-12T21,262.0,339.0,20.0,8.55,22.8,1,1,1,1,1
2021-01-12T22,228.0,303.667,16.7,9.1,20.3,1,1,1,1,1
2021-01-12T23,210.333,281.667,14.533,8.667,19.8,1,1,1,1,1
2021-01-13T01,195.0,274.0,10.7,8.4,19.2,1,1,1,1,1
2021-01-13T02,199.0,291.0,35.1,9.0,19.2,1,1,1,1,1
2021-01-13T03,174.0,299.0,56.9,11.4,16.7,1,1,1,1,1
2021-01-13T04,174.0,299.0,63.5,11.1,17.9,1,1,1,1,1
2021-01-13T05,238.0,329.0,58.7,30.7,18.7,1,1,1,1,1
2021-01-13T09,179.0,244.0,32.9,158.7,19.9,1,1,1,1,1
2021-01-13T10,189.0,282.0,45.2,114.5,19.6,1,1,1,1,1
2021-01-13T12,,,89.2,0.0,27.8,0,0,1,1,1
2021-01-13T13,189.0,285.0,90.1,0.0,29.6,1,1,1,1,1
2021-01-13T14,339.0,478.0,75.65,0.0,32.55,1,1,1,1,1
2021-01-13T15,461.0,582.0,55.4,0.0,37.5,1,1,1,1,1
2021-01-13T16,451.667,572.0,53.5,0.0,38.35,1,1,1,1,1
2021-01-13T18,466.0,586.0,33.7,0.0,30.2,1,1,1,1,1
2021-01-13T19,472.0,594.0,24.7,,31.4,1,1,1,0,1
2021-01-13T20,459.0,545.0,24.1,0.0,28.4,1,1,1,1,1
2021-01-13T21,459.0,545.0,24.55,0.0,30.5,1,1,1,1,1
2021-01-13T22,426.0,510.0,17.733,0.0,31.267,1,1,1,1,1
2021-01-13T23,403.75,483.5,16.125,0.0,25.325,1,1,1,1,1
2021-01-14T00,381.333,463.667,16.0,0.0,23.6,1,1,1,1,1
2021-01-14T01,374.0,451.0,18.6,0.0,25.5,1,1,1,1,1
2021-01-14T02,394.0,484.0,23.3,0.0,27.65,1,1,1,1,1
2021-01-14T03,269.0,451.0,94.6,0.0,22.1,1,1,1,1,1
2021-01-14T04,269.0,451.0,120.1,0.0,18.9,1,1,1,1,1
2021-01-14T05,530.0,669.0,117.2,0.0,20.7,1,1,1,1,1
2021-01-14T06,583.0,716.0,103.933,0.0,20.033,1,1,1,1,1
2021-01-14T07,550.0,682.0,97.25,0.0,19.05,1,1,1,1,1
2021-01-14T08,470.0,606.0,71.8,0.0,17.9,1,1,1,1,1
2021-01-14T13,327.0,454.0,63.2,0.0,19.2,1,1,1,1,1
2021-01-14T14,395.0,554.0,58.7,0.0,26.3,1,1,1,1,1
2021-01-14T15,492.0,642.0,52.9,0.0,29.5,1,1,1,1,1
2021-01-14T16,492.0,642.0,44.4,0.0,31.35,1,1,1,1,1
2021-01-14T21,407.0,500.0,31.6,0.0,18.0,1,1,1,1,1
2021-01-14T23,380.5,470.0,20.55,0.0,18.6,1,1,1,1,1
2021-01-15T00,379.0,467.0,23.7,0.0,20.2,1,1,1,1,1
2021-01-15T01,393.0,493.0,19.4,0.0,20.65,1,1,1,1,1
2021-01-15T03,465.0,604.0,64.25,0.0,25.25,1,1,1,1,1
2021-01-15T04,512.5,716.0,122.3,0.0,24.5,1,1,1,1,1
2021-01-15T05,470.0,669.0,100.3,0.0,22.8,1,1,1,1,1
2021-01-15T06,467.0,602.0,76.5,,28.4,1,1,1,0,1
2021-01-15T07,403.0,519.0,48.25,0.0,18.35,1,1,1,1,1
2021-01-15T08,337.0,447.0,47.4,0.0,17.2,1,1,1,1,1
2021-01-15T09,324.0,434.0,50.8,0.0,13.8,1,1,1,1,1
2021-01-15T10,287.0,394.0,62.95,0.0,13.85,1,1,1,1,1
2021-01-15T11,279.0,374.0,81.2,,22.2,1,1,1,0,1
2021-01-15T12,269.0,378.0,81.933,6.033,25.933,1,1,1,1,1
2021-01-15T13,269.0,378.0,70.2,8.05,24.5,1,1,1,1,1
2021-01-15T14,337.0,512.0,60.5,7.3,27.05,1,1,1,1,1
2021-01-15T16,519.0,676.0,33.2,8.3,35.7,1,1,1,1,1
2021-01-15T17,480.0,616.0,39.2,7.3,33.5,1,1,1,1,1
2021-01-15T19,441.0,555.0,31.05,8.5,26.55,1,1,1,1,1
2021-01-15T20,427.0,545.0,,8.5,,1,1,0,1,0
2021-01-15T21,285.0,410.0,54.3,8.6,19.7,1,1,1,1,1
2021-01-15T22,193.0,307.0,47.9,7.7,16.8,1,1,1,1,1
2021-01-15T23,163.0,255.0,39.6,7.5,22.6,1,1,1,1,1
2021-01-16T00,163.0,255.0,40.4,8.1,23.3,1,1,1,1,1
2021-01-16T01,146.5,246.5,38.25,8.8,21.4,1,1,1,1,1
2021-01-16T03,161.0,279.0,35.65,10.6,21.25,1,1,1,1,1
2021-01-16T05,206.0,321.0,61.8,28.2,23.4,1,1,1,1,1
2021-01-16T06,285.0,395.0,61.1,83.7,22.2,1,1,1,1,1
2021-01-16T07,393.0,460.0,46.65,122.95,22.4,1,1,1,1,1
2021-01-16T08,305.0,379.0,33.3,142.2,20.0,1,1,1,1,1
2021-01-16T09,191.0,273.0,31.95,134.75,20.8,1,1,1,1,1
2021-01-16T11,160.0,244.0,45.667,71.467,21.467,1,1,1,1,1
2021-01-16T12,174.0,274.0,64.9,8.3,20.7,1,1,1,1,1
2021-01-16T14,245.0,344.0,43.9,7.6,24.3,1,1,1,1,1
2021-01-16T15,245.0,344.0,37.6,8.6,25.3,1,1,1,1,1
2021-01-16T16,263.0,359.0,30.1,9.1,25.9,1,1,1,1,1
2021-01-16T17,223.0,301.0,24.4,8.2,23.5,1,1,1,1,1
2021-01-16T18,186.0,221.0,27.4,7.4,23.0,1,1,1,1,1
2021-01-16T22,114.0,162.0,28.7,9.4,18.4,1,1,1,1,1
2021-01-17T00,161.5,282.5,28.25,8.55,20.4,1,1,1,1,1
2021-01-17T01,144.0,234.0,27.6,8.6,22.3,1,1,1,1,1
2021-01-17T02,182.0,320.0,29.0,9.4,21.3,1,1,1,1,1
2021-01-17T03,201.0,285.0,33.2,13.8,20.8,1,1,1,1,1
2021-01-17T04,233.5,296.0,31.4,19.45,21.7,1,1,1,1,1
2021-01-17T05,254.0,320.0,26.1,25.2,21.6,1,1,1,1,1
2021-01-17T06,252.0,306.0,26.3,30.3,21.7,1,1,1,1,1
2021-01-17T07,250.5,280.5,30.7,35.1,23.45,1,1,1,1,1
2021-01-17T09,280.0,312.0,31.8,42.7,23.4,1,1,1,1,1
2021-01-17T10,318.0,357.0,42.8,31.2,24.8,1,1,1,1,1
2021-01-17T11,299.333,360.667,44.767,17.6,22.433,1,1,1,1,1
2021-01-17T13,273.0,333.0,32.4,16.2,22.4,1,1,1,1,1
2021-01-17T14,272.0,339.0,30.3,12.6,21.8,1,1,1,1,1
2021-01-17T15,271.0,345.0,26.7,14.7,20.8,1,1,1,1,1
2021-01-17T16,243.0,311.0,25.133,14.567,22.0,1,1,1,1,1
2021-01-17T17,238.0,299.0,21.3,22.0,21.0,1,1,1,1,1
2021-01-17T18,202.0,252.0,16.9,28.7,18.3,1,1,1,1,1
2021-01-17T19,202.0,252.0,16.6,24.9,18.75,1,1,1,1,1
2021-01-17T20,204.0,256.0,,19.4,,1,1,0,1,0
2021-01-18T14,266.0,454.0,103.75,12.7,32.6,1,1,1,1,1
2021-01-18T19,,,45.55,15.0,19.1,0,0,1,1,1
2021-01-18T23,331.0,411.0,45.55,11.05,13.0,1,1,1,1,1
2021-01-19T00,362.0,479.5,56.2,9.8,14.25,1,1,1,1,1
2021-01-19T01,368.0,486.0,54.6,8.9,13.2,1,1,1,1,1
2021-01-19T02,364.0,514.0,50.15,9.05,15.0,1,1,1,1,1
2021-01-19T03,364.0,527.0,74.8,6.3,12.85,1,1,1,1,1
2021-01-19T04,261.0,393.0,101.2,6.4,6.9,1,1,1,1,1
2021-01-19T05,299.0,393.0,107.1,14.6,10.7,1,1,1,1,1
2021-01-19T09,169.0,239.0,48.5,59.5,5.6,1,1,1,1,1
2021-01-19T11,166.0,222.0,51.1,38.4,9.1,1,1,1,1,1
2021-01-19T12,168.0,212.0,66.85,4.7,15.85,1,1,1,1,1
2021-01-19T14,163.0,197.0,52.3,10.15,16.4,1,1,1,1,1
2021-01-19T15,152.0,196.0,52.2,9.1,16.3,1,1,1,1,1
2021-01-19T16,122.0,156.0,41.2,15.9,,1,1,1,1,0
2021-01-19T17,122.0,156.0,38.2,15.05,15.9,1,1,1,1,1
2021-01-21T21,333.0,410.0,36.3,6.6,19.8,1,1,1,1,1
2021-01-21T22,332.0,401.0,46.8,5.2,22.2,1,1,1,1,1
2021-01-22T00,360.0,447.0,50.7,8.9,16.6,1,1,1,1,1
2021-01-22T01,285.0,404.0,46.35,7.35,10.3,1,1,1,1,1
2021-01-22T02,204.0,295.0,41.8,5.1,1.9,1,1,1,1,1
2021-01-23T02,132.0,162.0,47.4,17.1,16.2,1,1,1,1,1
2021-01-23T03,138.0,177.0,50.05,16.05,15.9,1,1,1,1,1
2021-01-23T06,155.0,206.0,54.15,33.25,13.5,1,1,1,1,1
2021-01-23T07,137.5,197.0,49.5,52.45,14.3,1,1,1,1,1
2021-01-23T08,117.0,180.0,51.5,58.9,13.8,1,1,1,1,1
2021-01-23T09,113.0,179.0,56.1,56.1,13.9,1,1,1,1,1
2021-01-23T11,156.0,238.0,92.4,8.6,14.2,1,1,1,1,1
2021-01-23T12,176.5,264.0,92.8,5.05,14.2,1,1,1,1,1
2021-01-23T13,197.0,290.0,88.3,4.05,16.3,1,1,1,1,1
2021-01-23T14,238.0,344.0,96.1,5.5,19.6,1,1,1,1,1
2021-01-23T15,295.0,433.0,88.2,5.15,20.0,1,1,1,1,1
2021-01-24T04,189.0,273.0,39.2,5.9,11.5,1,1,1,1,1
2021-01-24T06,241.0,321.0,40.9,20.4,12.4,1,1,1,1,1
2021-01-24T07,211.0,280.0,39.5,31.0,12.4,1,1,1,1,1
2021-01-24T08,223.0,305.0,40.5,25.7,10.9,1,1,1,1,1
2021-01-25T08,141.0,257.0,42.8,100.3,10.4,1,1,1,1,1
2021-01-25T11,117.0,234.0,101.5,8.3,12.0,1,1,1,1,1
2021-01-25T13,152.0,267.0,84.6,3.8,16.05,1,1,1,1,1
2021-01-25T14,160.0,263.0,67.0,4.0,21.1,1,1,1,1,1
2021-01-25T16,272.0,401.0,65.1,4.55,28.1,1,1,1,1,1
2021-02-26T19,,,78.3,,15.2,0,0,1,0,1
2021-02-26T20,39.0,133.0,,2.4,,1,1,0,1,0
2021-03-01T05,72.0,190.0,36.5,92.0,40.2,1,1,1,1,1
2021-03-01T07,46.0,153.0,26.9,76.3,19.7,1,1,1,1,1
2021-03-01T08,28.0,158.0,24.9,78.7,18.5,1,1,1,1,1
2021-03-01T18,61.0,183.0,52.3,28.0,22.2,1,1,1,1,1
2021-03-01T23,76.0,152.0,37.6,32.95,17.65,1,1,1,1,1
2021-03-02T00,74.0,152.0,39.4,33.4,17.7,1,1,1,1,1
2021-03-02T01,70.0,152.0,40.5,34.5,17.3,1,1,1,1,1
2021-03-02T02,57.0,210.0,36.6,56.2,21.7,1,1,1,1,1
2021-03-02T03,57.0,210.0,35.8,54.4,20.8,1,1,1,1,1
2021-03-02T08,28.0,271.0,22.9,80.6,16.3,1,1,1,1,1
2021-03-02T09,31.0,234.0,23.5,80.2,15.3,1,1,1,1,1
2021-03-02T10,20.0,189.0,24.1,79.3,14.2,1,1,1,1,1
2021-03-02T13,31.0,162.0,54.0,41.9,26.6,1,1,1,1,1
2021-03-02T14,33.0,160.0,67.5,23.6,25.2,1,1,1,1,1
2021-03-02T15,48.0,160.0,67.6,20.9,32.3,1,1,1,1,1
2021-03-02T16,48.0,160.0,85.7,5.3,31.8,1,1,1,1,1
2021-03-02T17,61.0,172.0,83.5,6.5,25.0,1,1,1,1,1
2021-04-09T04,25.0,111.0,,,16.4,1,1,0,0,1
2021-06-01T02,11.0,28.0,65.8,25.4,8.8,1,1,1,1,1
2021-06-02T16,16.0,77.0,77.8,20.1,8.0,1,1,1,1,1
2021-06-07T12,30.0,132.0,124.8,45.0,9.7,1,1,1,1,1
2021-06-07T20,69.0,183.0,,7.6,,1,1,0,1,0
2021-06-26T17,55.0,140.0,86.3,7.1,7.2,1,1,1,1,1
2021-06-28T19,95.0,207.0,102.7,3.0,11.7,1,1,1,1,1
2021-06-30T23,22.0,175.0,68.4,12.5,6.4,1,1,1,1,1
2021-07-03T20,52.0,128.0,,15.2,,1,1,0,1,0
2021-07-08T20,40.0,113.0,,10.6,12.8,1,1,0,1,1
2021-07-09T16,59.0,164.0,106.0,11.3,,1,1,1,1,0
2021-07-17T21,9.0,23.0,91.6,11.3,9.2,1,1,1,1,1
2021-07-18T22,17.0,19.0,106.4,11.1,8.2,1,1,1,1,1
2021-07-21T20,31.0,48.0,72.7,2.6,9.5,1,1,1,1,1
2021-07-22T00,24.0,44.0,82.2,5.1,8.3,1,1,1,1,1
2021-07-22T03,40.0,69.0,81.4,10.1,8.2,1,1,1,1,1
2021-07-22T04,57.0,83.0,82.0,14.2,10.1,1,1,1,1,1
2021-07-22T05,61.0,90.0,85.0,18.6,7.5,1,1,1,1,1
2021-07-22T08,18.0,36.0,72.5,22.3,4.9,1,1,1,1,1
2021-07-22T13,28.0,57.0,91.4,6.7,7.6,1,1,1,1,1
2021-07-23T12,27.0,50.0,112.9,13.5,6.0,1,1,1,1,1
2021-07-25T03,20.0,35.0,85.3,8.4,9.0,1,1,1,1,1
2021-07-25T04,20.0,35.0,94.9,8.4,7.8,1,1,1,1,1
2021-08-25T16,33.0,135.0,40.75,2.6,8.55,1,1,1,1,1
2021-09-01T14,35.5,44.5,64.75,2.8,7.9,1,1,1,1,1
2021-09-01T15,32.0,41.5,56.25,2.9,7.85,1,1,1,1,1
2021-09-01T16,31.0,36.0,53.4,2.7,8.6,1,1,1,1,1
2021-09-01T20,31.0,47.0,45.7,,8.4,1,1,1,0,1
2021-09-01T21,31.0,47.0,40.6,0.95,8.7,1,1,1,1,1
2021-09-01T22,36.0,44.0,37.3,1.6,8.2,1,1,1,1,1
2021-09-01T23,30.0,52.0,36.1,4.1,5.9,1,1,1,1,1
2021-09-02T00,34.0,39.0,36.7,5.5,6.5,1,1,1,1,1
2021-09-02T01,18.5,19.5,38.05,3.75,6.05,1,1,1,1,1
2021-09-02T02,5.0,0.0,43.7,3.4,5.4,1,1,1,1,1
2021-09-02T03,14.5,17.0,55.2,2.25,5.25,1,1,1,1,1
2021-09-02T14,39.0,94.0,71.1,2.2,12.2,1,1,1,1,1
2021-09-02T15,38.0,92.0,64.7,2.7,13.5,1,1,1,1,1
2021-09-02T16,46.0,103.0,58.0,1.8,12.6,1,1,1,1,1
2021-09-02T17,29.0,48.0,55.2,1.5,8.5,1,1,1,1,1
2021-09-02T22,11.0,16.0,42.6,2.8,,1,1,1,1,0
2021-09-02T23,9.0,13.0,40.2,2.1,7.8,1,1,1,1,1
2021-09-03T01,46.0,55.0,37.2,11.5,9.1,1,1,1,1,1
2021-09-03T14,22.0,52.0,58.2,5.4,7.5,1,1,1,1,1
2021-09-03T21,20.0,47.0,46.5,3.1,4.2,1,1,1,1,1
2021-09-04T07,27.0,46.0,33.6,16.2,4.8,1,1,1,1,1
2021-09-04T09,3.0,13.0,26.6,10.3,4.7,1,1,1,1,1
2021-09-05T03,23.0,40.0,35.8,7.1,6.2,1,1,1,1,1
2021-09-05T05,33.0,53.0,35.4,9.6,5.9,1,1,1,1,1
2021-09-05T07,29.0,52.0,30.6,13.5,6.2,1,1,1,1,1
2021-09-06T00,75.0,101.0,66.6,8.7,9.3,1,1,1,1,1
2021-09-06T03,55.0,89.0,47.5,3.2,5.2,1,1,1,1,1
2021-09-06T04,41.0,66.0,26.8,6.0,,1,1,1,1,0
2021-09-06T05,17.0,29.0,62.2,4.1,5.9,1,1,1,1,1
2021-09-06T07,22.0,36.0,31.1,12.9,6.6,1,1,1,1,1
2021-09-06T09,19.0,42.0,38.8,23.9,7.3,1,1,1,1,1
2021-09-06T10,31.0,57.0,61.4,18.2,,1,1,1,1,0
2021-09-06T11,40.0,72.0,60.1,17.1,7.1,1,1,1,1,1
2021-09-06T23,34.0,42.0,38.8,4.8,5.5,1,1,1,1,1
2021-09-07T15,57.0,64.0,67.0,5.6,8.8,1,1,1,1,1
2021-09-08T23,16.0,46.0,30.9,5.3,8.0,1,1,1,1,1
2021-09-11T05,27.0,34.0,62.8,5.5,5.1,1,1,1,1,1
2021-09-14T21,7.0,25.0,44.8,4.1,5.1,1,1,1,1,1
2021-09-14T23,6.0,33.0,50.4,1.7,5.7,1,1,1,1,1
2021-09-15T10,11.0,44.0,49.9,14.0,,1,1,1,1,0
2021-09-15T11,14.0,47.5,58.75,8.5,5.65,1,1,1,1,1
2021-09-15T12,23.0,100.0,99.7,3.2,5.9,1,1,1,1,1
2021-09-15T13,22.5,95.0,95.65,1.05,7.3,1,1,1,1,1
2021-09-15T14,23.0,89.5,86.7,2.0,8.05,1,1,1,1,1
2021-09-15T15,24.0,89.0,88.05,1.9,9.1,1,1,1,1,1
2021-09-15T16,34.5,115.5,76.25,2.55,9.9,1,1,1,1,1
2021-09-15T17,28.5,91.5,66.7,2.3,7.65,1,1,1,1,1
2021-09-15T18,18.0,72.5,64.25,2.5,6.35,1,1,1,1,1
2021-09-15T19,15.0,67.0,60.55,0.5,5.3,1,1,1,1,1
2021-09-15T20,18.0,70.0,,1.8,,1,1,0,1,0
2021-09-15T21,20.0,56.5,56.85,2.1,5.35,1,1,1,1,1
2021-09-15T22,20.0,51.0,54.4,1.95,5.7,1,1,1,1,1
2021-09-15T23,28.5,80.0,56.2,3.35,6.55,1,1,1,1,1
2021-09-16T00,30.0,87.5,55.35,2.5,6.7,1,1,1,1,1
2021-09-16T01,27.5,68.5,51.45,1.7,6.05,1,1,1,1,1
2021-09-16T02,14.0,38.5,44.8,2.4,4.15,1,1,1,1,1
2021-09-16T03,2.5,20.0,48.1,2.9,3.35,1,1,1,1,1
2021-09-16T04,5.5,26.5,54.9,3.85,4.2,1,1,1,1,1
2021-09-16T06,6.0,13.0,53.6,2.2,5.4,1,1,1,1,1
2021-09-16T07,5.0,13.0,40.5,6.0,4.3,1,1,1,1,1
2021-09-16T08,3.0,12.0,44.5,3.9,3.6,1,1,1,1,1
2021-09-16T09,3.0,12.0,51.8,5.2,3.6,1,1,1,1,1
2021-09-16T10,2.0,16.0,57.4,2.3,4.6,1,1,1,1,1
2021-09-16T11,17.5,35.0,61.8,5.3,6.35,1,1,1,1,1
2021-09-16T12,18.0,56.0,74.8,6.2,7.2,1,1,1,1,1
2021-09-16T13,21.0,57.0,75.45,7.5,8.5,1,1,1,1,1
2021-09-16T14,22.0,63.0,68.5,6.5,8.55,1,1,1,1,1
2021-09-16T15,20.0,68.0,63.5,5.1,9.5,1,1,1,1,1
2021-09-16T16,13.0,51.5,54.95,2.05,8.2,1,1,1,1,1
2021-09-16T17,10.5,43.0,55.5,2.15,7.15,1,1,1,1,1
2021-09-16T18,8.5,45.5,50.15,4.1,6.8,1,1,1,1,1
2021-09-16T19,17.0,44.0,42.7,2.1,6.4,1,1,1,1,1
2021-09-16T20,15.5,38.5,40.5,2.0,4.2,1,1,1,1,1
2021-09-16T21,14.0,33.0,35.3,2.2,5.8,1,1,1,1,1
2021-09-16T22,15.0,30.5,37.0,8.25,6.7,1,1,1,1,1
2021-09-16T23,18.0,30.0,41.95,9.6,6.65,1,1,1,1,1
2021-09-17T00,17.5,33.5,49.1,9.25,5.35,1,1,1,1,1
2021-09-17T01,15.5,39.0,45.6,5.15,6.65,1,1,1,1,1
2021-09-17T02,14.0,40.0,42.9,4.4,5.4,1,1,1,1,1
2021-09-17T03,14.0,40.0,58.9,3.9,5.8,1,1,1,1,1
2021-09-17T04,9.0,44.0,48.35,4.6,6.3,1,1,1,1,1
2021-09-17T05,,49.5,56.5,10.15,7.75,0,1,1,1,1
2021-09-17T06,19.0,51.0,39.55,11.7,6.1,1,1,1,1,1
2021-09-17T07,20.5,51.0,39.45,11.85,5.85,1,1,1,1,1
2021-09-17T08,22.5,49.5,36.55,10.85,6.3,1,1,1,1,1
2021-09-17T10,12.0,36.5,32.1,9.45,5.9,1,1,1,1,1
2021-09-17T11,8.0,37.5,40.95,5.95,8.4,1,1,1,1,1
2021-09-17T12,5.5,44.0,54.4,7.0,16.35,1,1,1,1,1
2021-09-17T13,6.0,44.0,62.8,8.8,26.3,1,1,1,1,1
2021-09-17T14,22.0,63.0,63.05,9.05,41.65,1,1,1,1,1
2021-09-17T15,23.5,71.0,64.95,2.15,53.65,1,1,1,1,1
2021-09-17T16,24.0,83.0,60.75,1.85,62.4,1,1,1,1,1
2021-09-17T18,29.0,62.0,47.5,2.2,31.7,1,1,1,1,1
2021-09-17T19,26.0,53.5,33.85,0.6,42.75,1,1,1,1,1
2021-09-17T21,13.0,28.5,31.3,3.1,67.55,1,1,1,1,1
2021-09-17T22,24.0,42.0,43.1,2.0,,1,1,1,1,0
2021-09-17T23,23.0,46.0,41.0,3.0,21.6,1,1,1,1,1
2021-09-18T00,23.0,46.0,43.2,3.7,29.8,1,1,1,1,1
2021-09-18T01,26.0,49.0,42.15,3.35,44.4,1,1,1,1,1
2021-09-18T02,31.0,55.0,32.8,1.8,49.3,1,1,1,1,1
2021-09-18T03,31.0,55.0,22.5,3.8,57.6,1,1,1,1,1
2021-09-18T04,40.5,63.0,27.3,4.25,66.4,1,1,1,1,1
2021-09-18T05,37.5,63.0,25.7,5.4,17.05,1,1,1,1,1
2021-09-18T06,27.5,55.0,38.15,,22.1,1,1,1,0,1
2021-09-18T07,22.5,54.0,46.5,0.6,29.7,1,1,1,1,1
2021-09-18T08,24.0,51.5,41.05,4.65,36.65,1,1,1,1,1
2021-09-18T09,23.0,47.0,41.0,9.15,43.55,1,1,1,1,1
2021-09-18T10,21.5,52.5,33.75,3.6,48.7,1,1,1,1,1
2021-09-18T11,28.0,74.0,59.0,3.2,18.4,1,1,1,1,1
2021-09-18T12,35.0,101.0,67.2,3.3,20.8,1,1,1,1,1
2021-09-18T13,50.0,122.0,70.6,,36.6,1,1,1,0,1
2021-09-18T14,52.5,130.0,69.8,,43.2,1,1,1,0,1
2021-09-18T15,55.0,145.0,82.2,0.8,50.15,1,1,1,1,1
2021-09-18T16,53.0,144.0,69.75,,51.2,1,1,1,0,1
2021-09-18T17,44.5,121.0,59.6,6.5,10.6,1,1,1,1,1
2021-09-18T18,38.0,106.0,57.4,1.5,13.2,1,1,1,1,1
2021-09-18T20,38.0,67.0,36.8,0.7,21.4,1,1,1,1,1
2021-09-18T21,39.5,67.5,31.25,0.9,28.75,1,1,1,1,1
2021-09-18T22,38.5,62.5,28.95,,36.7,1,1,1,0,1
2021-09-18T23,33.5,58.0,45.75,1.6,15.1,1,1,1,1,1
2021-09-19T00,35.5,69.0,53.4,,24.55,1,1,1,0,1
2021-09-19T01,40.0,79.0,40.8,8.6,30.45,1,1,1,1,1
2021-09-19T02,38.0,72.5,28.95,1.35,35.7,1,1,1,1,1
2021-09-19T03,31.5,59.0,17.5,4.05,44.3,1,1,1,1,1
2021-09-19T04,22.0,45.0,16.2,5.3,,1,1,1,1,0
2021-09-19T05,21.0,49.0,19.7,,16.95,1,1,1,0,1
2021-09-19T07,18.0,51.0,43.2,12.8,34.7,1,1,1,1,1
2021-09-19T08,15.5,47.5,34.5,12.8,40.2,1,1,1,1,1
2021-09-19T09,13.0,44.0,45.2,15.9,40.7,1,1,1,1,1
2021-09-19T10,15.0,38.5,34.25,13.4,53.1,1,1,1,1,1
2021-09-19T11,12.5,37.5,37.1,13.15,13.65,1,1,1,1,1
2021-09-19T12,12.5,47.0,48.1,12.4,20.85,1,1,1,1,1
2021-09-19T13,20.5,62.5,56.85,,33.5,1,1,1,0,1
2021-09-19T15,36.0,107.0,73.9,13.9,58.1,1,1,1,1,1
2021-09-19T16,36.0,107.0,71.5,10.6,61.9,1,1,1,1,1
2021-09-19T17,30.0,77.5,55.2,12.45,10.3,1,1,1,1,1
2021-09-19T18,27.0,69.0,52.7,13.4,11.6,1,1,1,1,1
2021-09-19T20,32.0,51.0,32.1,11.6,31.0,1,1,1,1,1
2021-09-19T21,35.0,54.5,35.9,,38.5,1,1,1,0,1
2021-09-19T22,35.0,63.0,39.1,10.7,47.9,1,1,1,1,1
2021-09-19T23,27.0,60.5,40.4,10.3,11.75,1,1,1,1,1
2021-09-20T00,30.5,63.0,54.65,11.45,22.85,1,1,1,1,1
2021-09-20T02,45.0,93.5,26.7,12.8,41.3,1,1,1,1,1
2021-09-20T03,39.0,69.0,27.5,15.1,50.4,1,1,1,1,1
2021-09-20T04,31.5,70.5,32.7,11.05,54.4,1,1,1,1,1
2021-09-20T06,27.0,63.0,36.6,,31.7,1,1,1,0,1
2021-09-20T07,14.0,40.0,44.1,5.6,2.7,1,1,1,1,1
2021-09-20T08,14.0,40.0,56.8,,9.4,1,1,1,0,1
2021-09-20T09,14.0,41.0,55.8,,27.7,1,1,1,0,1
2021-09-20T10,14.0,41.0,63.5,,28.9,1,1,1,0,1
2021-09-20T11,12.0,47.0,60.7,,4.9,1,1,1,0,1
2021-09-20T12,17.0,67.0,83.25,8.45,30.9,1,1,1,1,1
2021-09-20T14,33.0,103.0,71.4,6.4,67.7,1,1,1,1,1
2021-09-20T15,32.0,106.5,75.65,7.0,90.1,1,1,1,1,1
2021-09-20T16,32.0,108.5,71.7,8.15,101.7,1,1,1,1,1
2021-09-20T17,33.0,84.0,62.4,9.1,42.1,1,1,1,1,1
2021-09-20T19,33.0,73.0,55.0,,62.8,1,1,1,0,1
2021-09-20T20,29.0,56.5,56.2,9.35,80.1,1,1,1,1,1
2021-09-20T22,30.0,57.0,51.9,7.2,112.0,1,1,1,1,1
2021-09-20T23,33.5,62.5,52.6,9.85,26.5,1,1,1,1,1
2021-09-21T00,34.0,64.0,60.25,8.7,52.85,1,1,1,1,1
2021-09-21T01,36.0,73.0,53.6,11.3,80.5,1,1,1,1,1
2021-09-21T02,36.0,73.0,55.7,14.8,80.3,1,1,1,1,1
2021-09-21T03,31.0,73.0,46.9,25.3,90.7,1,1,1,1,1
2021-09-21T04,28.0,55.0,49.6,31.1,,1,1,1,1,0
2021-09-21T06,27.0,62.0,43.6,38.3,55.2,1,1,1,1,1
2021-09-21T09,23.0,105.0,45.6,37.9,,1,1,1,1,0
2021-09-21T10,23.0,105.0,55.5,26.4,,1,1,1,1,0
2021-09-21T11,15.5,37.0,65.75,17.7,,1,1,1,1,0
2021-09-21T12,18.0,61.0,81.6,9.3,,1,1,1,1,0
2021-09-21T13,18.5,60.0,84.8,10.2,,1,1,1,1,0
2021-09-21T14,25.0,72.0,76.3,11.2,,1,1,1,1,0
2021-09-21T15,23.5,73.5,77.2,8.9,,1,1,1,1,0
2021-09-22T00,44.0,84.0,,,,1,1,0,0,0
2021-09-22T01,38.5,69.5,48.4,18.3,,1,1,1,1,0
2021-09-22T02,31.5,59.5,50.55,20.3,,1,1,1,1,0
2021-09-22T03,23.0,55.0,46.85,26.05,,1,1,1,1,0
2021-09-22T04,11.0,45.5,53.75,31.65,,1,1,1,1,0
2021-09-22T06,5.0,44.0,52.1,38.9,,1,1,1,1,0
2021-09-22T07,8.5,34.0,51.6,42.6,,1,1,1,1,0
2021-09-22T08,12.5,31.5,48.35,53.9,,1,1,1,1,0
2021-09-22T10,15.0,34.0,55.85,31.15,,1,1,1,1,0
2021-09-22T12,20.0,58.0,78.8,14.6,6.3,1,1,1,1,1
2021-09-22T13,33.0,94.0,76.9,13.1,8.4,1,1,1,1,1
2021-09-22T15,25.0,75.0,71.2,13.3,7.9,1,1,1,1,1
2021-09-22T16,32.5,78.5,67.85,13.45,7.85,1,1,1,1,1
2021-09-22T17,34.0,78.0,56.8,18.9,8.1,1,1,1,1,1
2021-09-22T18,16.0,51.0,44.4,32.4,2.4,1,1,1,1,1
2021-09-22T23,22.0,45.0,52.7,14.3,0.4,1,1,1,1,1
2021-09-23T00,27.0,58.0,49.7,,0.7,1,1,1,0,1
2021-09-23T05,30.0,66.0,43.9,46.2,1.1,1,1,1,1,1
2021-09-23T11,18.0,53.0,68.8,14.7,4.3,1,1,1,1,1
2021-09-23T19,8.0,27.0,35.5,7.1,7.1,1,1,1,1,1
2021-09-24T02,31.0,53.0,45.7,13.3,13.3,1,1,1,1,1
2021-09-24T03,28.0,64.0,44.1,37.1,13.1,1,1,1,1,1
2021-09-24T04,22.0,61.0,35.2,63.2,12.5,1,1,1,1,1
2021-09-24T06,27.0,55.0,39.1,58.4,11.8,1,1,1,1,1
2021-09-24T08,27.0,55.0,57.0,36.2,10.4,1,1,1,1,1
2021-09-24T10,14.0,27.0,54.8,15.2,10.8,1,1,1,1,1
2021-09-24T15,19.0,29.0,64.2,7.8,11.3,1,1,1,1,1
2021-09-24T16,28.0,46.0,61.1,8.6,11.8,1,1,1,1,1
2021-09-24T17,23.0,47.0,57.1,10.0,,1,1,1,1,0
2021-09-24T18,27.0,57.0,51.6,10.1,7.7,1,1,1,1,1
2021-09-24T19,31.0,60.0,51.05,9.3,7.15,1,1,1,1,1
2021-09-24T20,35.5,63.5,51.7,10.1,6.4,1,1,1,1,1
2021-09-24T21,35.5,61.0,46.65,10.2,7.0,1,1,1,1,1
2021-09-24T22,35.0,58.0,51.7,14.8,8.2,1,1,1,1,1
2021-09-24T23,34.0,76.0,43.1,40.1,9.15,1,1,1,1,1
2021-09-25T00,30.0,70.0,46.9,15.5,8.3,1,1,1,1,1
2021-09-25T01,34.0,72.5,50.1,65.65,7.5,1,1,1,1,1
2021-09-25T03,39.0,69.0,46.4,40.2,7.1,1,1,1,1,1
2021-09-25T04,48.0,80.0,45.5,73.8,6.5,1,1,1,1,1
2021-09-25T05,60.0,96.5,43.95,193.9,7.35,1,1,1,1,1
2021-09-25T06,44.0,72.0,29.7,124.8,5.8,1,1,1,1,1
2021-09-25T07,38.0,62.0,33.3,100.1,5.0,1,1,1,1,1
2021-09-25T08,34.0,57.5,30.85,92.15,4.65,1,1,1,1,1
2021-09-25T09,30.0,53.0,36.8,117.5,4.8,1,1,1,1,1
2021-09-25T10,28.0,56.0,48.2,99.1,4.4,1,1,1,1,1
2021-09-25T11,28.0,68.0,30.0,64.7,4.4,1,1,1,1,1
2021-09-25T12,45.0,129.0,81.7,8.1,5.8,1,1,1,1,1
2021-09-25T13,48.0,141.0,71.0,15.6,8.2,1,1,1,1,1
2021-09-25T14,48.0,141.0,,20.5,8.4,1,1,0,1,1
2021-09-25T15,17.0,55.0,45.6,23.2,7.0,1,1,1,1,1
2021-09-25T16,17.0,55.0,48.7,17.6,5.0,1,1,1,1,1
2021-09-25T17,19.5,63.5,50.9,13.75,4.4,1,1,1,1,1
2021-09-25T18,24.0,55.0,32.8,29.7,6.0,1,1,1,1,1
2021-09-25T19,16.0,35.0,31.5,22.7,4.7,1,1,1,1,1
2021-09-25T20,17.0,34.5,28.9,32.75,4.9,1,1,1,1,1
2021-09-25T21,23.5,36.0,25.95,34.3,5.0,1,1,1,1,1
2021-09-25T22,29.0,38.0,30.2,24.7,3.55,1,1,1,1,1
2021-09-25T23,47.0,69.0,39.4,15.7,3.6,1,1,1,1,1
2021-09-26T00,47.0,69.0,37.7,17.4,4.2,1,1,1,1,1
2021-09-26T01,42.0,61.0,36.9,18.5,4.3,1,1,1,1,1
2021-09-26T02,30.0,48.0,36.65,29.65,4.5,1,1,1,1,1
2021-09-26T03,30.0,52.0,31.3,41.4,4.5,1,1,1,1,1
2021-09-26T04,34.0,64.0,34.95,42.95,4.6,1,1,1,1,1
2021-09-26T05,38.0,65.5,30.6,62.85,5.2,1,1,1,1,1
2021-09-26T06,40.0,67.0,32.5,67.4,5.1,1,1,1,1,1
2021-09-26T07,29.0,50.0,31.7,82.8,7.1,1,1,1,1,1
2021-09-26T08,30.0,55.5,30.95,90.95,7.35,1,1,1,1,1
2021-09-26T12,36.0,81.0,72.2,11.8,8.3,1,1,1,1,1
2021-09-26T13,50.0,132.0,69.7,10.7,10.0,1,1,1,1,1
2021-09-26T14,51.5,131.0,71.95,10.7,10.75,1,1,1,1,1
2021-09-26T15,53.0,130.0,69.8,10.8,10.0,1,1,1,1,1
2021-09-26T16,60.5,134.5,65.4,14.95,9.6,1,1,1,1,1
2021-09-26T18,44.0,86.0,54.7,10.6,7.2,1,1,1,1,1
2021-09-26T19,47.0,83.5,53.35,11.9,7.35,1,1,1,1,1
2021-09-26T20,50.0,81.0,,11.2,,1,1,0,1,0
2021-09-26T21,53.5,106.5,44.75,13.6,7.15,1,1,1,1,1
2021-09-26T22,55.5,109.0,43.1,11.95,6.1,1,1,1,1,1
2021-09-26T23,55.0,105.0,45.15,11.0,5.1,1,1,1,1,1
2021-09-27T00,58.0,99.0,43.3,11.4,6.1,1,1,1,1,1
2021-09-27T01,48.0,94.5,40.7,15.6,6.9,1,1,1,1,1
2021-09-27T03,40.0,81.0,36.5,43.6,6.5,1,1,1,1,1
2021-09-27T04,39.5,79.0,34.4,68.7,6.55,1,1,1,1,1
2021-09-27T05,38.0,75.0,23.1,118.2,5.3,1,1,1,1,1
2021-09-27T06,38.0,75.0,30.1,168.2,5.8,1,1,1,1,1
2021-09-27T07,48.0,94.0,34.3,198.8,4.9,1,1,1,1,1
2021-09-27T08,66.0,119.0,35.7,212.5,4.95,1,1,1,1,1
2021-09-27T09,73.0,135.0,32.3,162.8,5.6,1,1,1,1,1
2021-09-27T10,41.0,74.5,27.4,101.15,5.8,1,1,1,1,1
2021-09-27T11,44.0,79.0,54.9,34.0,5.9,1,1,1,1,1
2021-09-27T12,44.0,96.0,75.5,17.6,6.6,1,1,1,1,1
2021-09-27T13,44.0,96.0,79.4,14.8,7.3,1,1,1,1,1
2021-09-27T14,57.0,116.0,68.1,12.3,9.4,1,1,1,1,1
2021-09-27T15,58.0,119.0,67.65,13.3,7.5,1,1,1,1,1
2021-09-27T16,66.0,127.0,62.5,20.15,6.55,1,1,1,1,1
2021-09-27T17,73.5,125.0,61.9,13.9,6.8,1,1,1,1,1
2021-09-27T18,78.0,130.0,56.2,12.1,7.3,1,1,1,1,1
2021-09-27T19,75.0,131.0,49.85,6.8,7.4,1,1,1,1,1
2021-09-27T20,74.0,117.0,47.3,13.4,8.4,1,1,1,1,1
2021-09-27T21,73.5,120.5,44.25,101.75,7.6,1,1,1,1,1
2021-09-27T22,72.0,125.0,43.5,,8.6,1,1,1,0,1
2021-09-27T23,74.5,136.0,43.15,352.3,9.35,1,1,1,1,1
2021-09-28T00,77.5,149.5,42.25,133.5,10.45,1,1,1,1,1
2021-09-28T01,78.0,152.0,44.35,28.85,10.85,1,1,1,1,1
2021-09-28T02,63.0,121.0,42.55,15.35,10.2,1,1,1,1,1
2021-09-28T03,47.0,118.0,41.6,21.5,9.05,1,1,1,1,1
2021-09-28T04,46.0,119.0,31.7,43.1,8.1,1,1,1,1,1
2021-09-28T05,17.0,64.0,25.5,54.1,5.9,1,1,1,1,1
2021-09-28T06,14.0,53.0,30.2,,6.3,1,1,1,0,1
2021-09-28T07,24.0,57.0,34.3,58.7,5.45,1,1,1,1,1
2021-09-28T08,21.0,56.0,21.15,56.9,5.05,1,1,1,1,1
2021-09-28T10,17.0,58.0,22.5,38.0,6.6,1,1,1,1,1
2021-09-28T11,17.0,58.0,25.25,29.9,7.15,1,1,1,1,1
2021-09-28T12,19.5,75.0,33.1,15.7,7.9,1,1,1,1,1
2021-09-28T13,26.0,95.5,33.2,10.3,8.15,1,1,1,1,1
2021-09-28T14,33.0,105.0,32.1,11.5,7.35,1,1,1,1,1
2021-09-28T15,35.0,106.0,31.05,9.15,6.25,1,1,1,1,1
2021-09-28T16,31.0,105.0,24.3,10.8,5.7,1,1,1,1,1
2021-09-28T17,23.0,91.0,18.1,14.8,5.2,1,1,1,1,1
2021-09-28T18,23.5,62.5,13.25,17.6,6.8,1,1,1,1,1
2021-09-28T19,28.0,64.0,13.15,,6.7,1,1,1,0,1
2021-09-28T20,32.5,69.0,7.8,14.65,6.7,1,1,1,1,1
2021-09-28T21,34.0,75.0,6.45,12.65,5.65,1,1,1,1,1
2021-09-28T22,34.0,81.0,6.9,11.15,4.95,1,1,1,1,1
2021-09-28T23,38.0,83.0,7.4,10.0,4.8,1,1,1,1,1
2021-09-29T00,35.5,75.0,7.0,11.15,4.35,1,1,1,1,1
2021-09-29T01,36.0,73.0,6.8,16.3,5.4,1,1,1,1,1
2021-09-29T02,29.0,67.0,6.4,30.1,6.3,1,1,1,1,1
2021-09-29T03,25.5,64.0,7.15,34.95,6.2,1,1,1,1,1
2021-09-29T04,19.0,57.0,8.4,48.2,5.3,1,1,1,1,1
2021-09-29T05,19.0,57.0,9.0,46.3,4.5,1,1,1,1,1
2021-09-29T06,17.5,52.5,6.85,49.7,6.35,1,1,1,1,1
2021-09-29T07,17.5,48.0,8.5,48.75,4.3,1,1,1,1,1
2021-09-29T08,16.5,49.0,6.75,54.85,4.2,1,1,1,1,1
2021-09-29T09,16.5,46.0,7.35,48.9,6.0,1,1,1,1,1
2021-09-29T11,18.0,62.5,14.75,31.0,6.75,1,1,1,1,1
2021-09-29T12,28.0,105.0,24.2,9.8,7.2,1,1,1,1,1
2021-09-29T13,32.0,113.0,23.5,9.75,7.8,1,1,1,1,1
2021-09-29T14,35.0,131.0,22.3,8.8,7.4,1,1,1,1,1
2021-09-29T15,34.0,141.0,21.5,9.0,6.4,1,1,1,1,1
2021-09-29T16,35.5,129.0,19.75,11.1,6.7,1,1,1,1,1
2021-09-29T17,36.0,114.0,16.6,12.4,8.3,1,1,1,1,1
2021-09-29T18,35.0,91.0,14.8,10.65,7.8,2,2,2,2,2
2021-09-29T19,31.0,83.0,12.65,,7.9,1,1,1,0,1
2021-09-29T20,25.0,52.0,11.6,10.5,7.1,1,1,1,1,1
2021-09-29T21,34.0,64.0,10.7,10.1,5.6,1,1,1,1,1
2021-09-29T22,34.0,65.5,11.5,9.5,4.75,1,1,1,1,1
2021-09-29T23,34.0,67.0,10.9,10.6,5.1,1,1,1,1,1
2021-09-30T00,36.0,74.5,11.25,10.0,4.5,1,1,1,1,1
2021-09-30T01,36.0,70.5,10.35,15.25,6.85,1,1,1,1,1
2021-09-30T02,38.0,69.0,9.15,23.45,8.4,1,1,1,1,1
2021-09-30T03,30.0,73.0,8.1,31.25,8.2,1,1,1,1,1
2021-09-30T04,24.5,55.0,6.85,45.45,6.75,1,1,1,1,1
2021-09-30T05,25.0,53.0,8.2,34.8,5.9,1,1,1,1,1
2021-09-30T06,27.0,69.0,8.1,52.6,4.95,1,1,1,1,1
2021-09-30T07,28.0,47.0,9.0,51.6,5.7,1,1,1,1,1
2021-09-30T08,21.0,53.0,6.3,67.25,5.95,1,1,1,1,1
2021-09-30T09,18.5,54.0,8.55,59.4,7.6,1,1,1,1,1
2021-09-30T10,20.0,58.0,10.0,44.5,8.7,1,1,1,1,1
2021-09-30T11,22.5,64.0,11.05,30.05,8.7,1,1,1,1,1
2021-09-30T12,30.0,72.5,15.3,20.85,8.6,1,1,1,1,1
2021-10-13T13,69.5,219.0,112.0,11.45,7.35,1,1,1,1,1
2021-10-13T14,94.0,244.5,109.9,12.25,9.55,1,1,1,1,1
2021-10-13T15,105.0,252.0,107.2,13.3,10.8,1,1,1,1,1
2021-10-13T16,82.0,210.5,96.2,12.05,9.35,1,1,1,1,1
2021-10-13T17,79.0,185.0,87.1,11.5,,1,1,1,1,0
2021-10-13T18,74.5,171.0,85.3,11.6,8.8,1,1,1,1,1
2021-10-13T19,71.0,152.0,81.8,10.5,8.55,1,1,1,1,1
2021-10-13T20,72.5,153.5,80.3,10.75,7.1,1,1,1,1,1
2021-10-13T21,78.0,172.0,73.3,11.25,8.0,1,1,1,1,1
2021-10-13T22,83.5,178.0,67.6,11.9,8.6,1,1,1,1,1
2021-10-13T23,82.0,167.5,67.95,11.35,9.05,1,1,1,1,1
2021-10-14T00,80.5,170.5,65.65,11.45,8.65,1,1,1,1,1
2021-10-14T01,85.0,197.0,69.0,14.95,9.1,1,1,1,1,1
2021-10-14T02,89.5,218.5,66.3,33.6,9.35,1,1,1,1,1
2021-10-14T03,88.0,215.5,52.9,66.45,9.1,1,1,1,1,1
2021-10-14T04,86.0,210.0,48.3,95.05,8.2,1,1,1,1,1
2021-10-14T05,78.0,206.0,29.8,105.5,7.75,1,1,1,1,1
2021-10-14T06,61.5,170.0,25.55,103.1,7.05,1,1,1,1,1
2021-10-14T07,48.5,140.5,27.0,97.2,6.45,1,1,1,1,1
2021-10-14T08,39.0,140.0,20.55,97.85,6.25,1,1,1,1,1
2021-10-14T09,40.0,142.0,27.65,94.9,5.9,1,1,1,1,1
2021-10-14T10,38.5,165.5,37.7,77.95,5.85,1,1,1,1,1
2021-10-14T11,37.5,227.0,84.8,31.65,6.3,1,1,1,1,1
2021-10-14T12,49.0,247.5,110.8,9.75,8.1,1,1,1,1,1
2021-10-14T13,64.5,255.5,104.45,11.25,10.4,1,1,1,1,1
2021-10-14T14,79.5,282.0,110.5,11.55,13.15,1,1,1,1,1
2021-10-14T15,86.0,287.0,106.4,12.0,14.7,1,1,1,1,1
2021-10-14T16,94.5,255.0,94.7,11.2,15.0,1,1,1,1,1
2021-10-14T17,84.5,216.5,94.3,11.75,13.3,1,1,1,1,1
2021-10-14T18,83.0,194.0,90.8,12.25,9.45,1,1,1,1,1
2021-10-14T19,87.5,182.5,86.15,10.7,9.85,1,1,1,1,1
2021-10-14T20,90.0,182.0,,12.8,,1,1,0,1,0
2021-10-14T21,92.0,164.5,77.75,13.0,8.1,1,1,1,1,1
2021-10-14T22,94.0,157.0,75.15,14.25,8.0,1,1,1,1,1
2021-10-14T23,96.0,157.0,78.1,13.9,8.0,1,1,1,1,1
2021-10-15T00,98.5,179.5,72.65,12.85,8.6,1,1,1,1,1
2021-10-15T01,101.5,208.5,73.25,15.75,8.2,1,1,1,1,1
2021-10-15T02,102.0,215.0,68.1,26.0,7.6,1,1,1,1,1
2021-10-15T03,92.5,204.5,53.4,68.95,7.3,1,1,1,1,1
2021-10-15T04,88.5,206.0,42.4,106.25,7.0,1,1,1,1,1
2021-10-15T05,92.0,212.5,37.9,135.5,6.7,1,1,1,1,1
2021-10-15T06,88.5,210.0,35.3,154.25,6.55,1,1,1,1,1
2021-10-15T07,78.5,184.5,33.5,153.25,6.1,1,1,1,1,1
2021-10-15T08,70.0,159.0,30.75,155.8,5.7,1,1,1,1,1
2021-10-15T09,68.0,151.0,29.25,154.15,5.4,1,1,1,1,1
2021-10-15T10,64.5,153.0,41.75,124.6,5.75,1,1,1,1,1
2021-10-15T11,64.5,174.0,88.05,59.5,5.55,1,1,1,1,1
2021-10-15T12,71.5,215.0,133.2,10.85,7.0,1,1,1,1,1
2021-10-15T13,82.5,249.0,124.3,12.7,8.95,1,1,1,1,1
2021-10-15T14,101.0,302.0,123.2,13.2,12.05,1,1,1,1,1
2021-10-15T15,122.5,333.5,116.0,13.55,14.95,1,1,1,1,1
2021-10-15T16,133.0,322.0,100.85,15.0,17.2,1,1,1,1,1
2021-10-15T17,152.5,332.0,98.65,15.7,20.3,1,1,1,1,1
2021-10-15T18,149.0,297.0,82.55,15.45,18.0,1,1,1,1,1
2021-10-15T19,136.0,243.0,78.65,12.5,15.95,1,1,1,1,1
2021-10-15T20,134.0,232.0,,14.3,,1,1,0,1,0
2021-10-15T21,141.0,218.0,78.8,15.0,13.4,1,1,1,1,1
2021-10-15T22,141.0,218.0,72.8,15.3,14.2,1,1,1,1,1
2021-10-15T23,143.5,212.5,65.55,15.8,14.25,1,1,1,1,1
2021-10-16T00,146.0,210.0,64.35,15.55,14.1,1,1,1,1,1
2021-10-16T01,160.0,240.0,84.9,15.95,14.55,1,1,1,1,1
2021-10-16T02,176.5,279.0,114.45,18.45,13.85,1,1,1,1,1
2021-10-16T03,183.0,287.5,127.65,38.45,11.55,1,1,1,1,1
2021-10-16T04,174.0,278.0,112.6,79.75,10.35,1,1,1,1,1
2021-10-16T05,160.5,255.5,84.5,109.4,8.45,1,1,1,1,1
2021-10-16T06,155.0,238.5,58.25,183.65,5.95,1,1,1,1,1
2021-10-16T07,153.0,237.0,52.8,221.7,5.6,1,1,1,1,1
2021-10-16T08,159.0,253.5,50.65,217.35,5.65,1,1,1,1,1
2021-10-16T09,158.0,267.5,48.7,182.5,5.3,1,1,1,1,1
2021-10-16T10,157.5,269.0,72.1,126.65,4.75,1,1,1,1,1
2021-10-16T11,156.0,283.0,156.75,28.4,5.3,1,1,1,1,1
2021-10-16T12,163.0,310.0,174.9,7.15,7.55,1,1,1,1,1
2021-10-16T13,184.0,324.0,147.4,7.4,12.6,1,1,1,1,1
2021-10-16T14,195.0,337.5,146.7,8.15,14.8,1,1,1,1,1
2021-10-16T15,208.0,356.5,141.95,7.15,18.15,1,1,1,1,1
2021-10-16T16,210.0,362.0,124.2,9.6,19.1,1,1,1,1,1
2021-10-16T17,225.0,388.0,123.2,8.45,21.6,1,1,1,1,1
2021-10-16T18,238.0,358.0,112.45,8.45,15.95,1,1,1,1,1
2021-10-16T19,252.0,338.0,105.9,,13.3,1,1,1,0,1
2021-10-18T04,7.0,7.0,59.55,,7.2,1,1,1,0,1
2021-10-18T05,7.5,12.0,,14.8,,1,1,0,1,0
2021-10-18T06,7.0,17.0,52.3,7.3,5.1,1,1,1,1,1
2021-10-18T07,9.5,18.0,49.35,8.4,5.7,1,1,1,1,1
2021-10-18T08,10.5,17.5,40.65,9.95,5.9,1,1,1,1,1
2021-10-18T09,8.5,16.5,37.0,10.0,6.4,1,1,1,1,1
2021-10-18T10,8.0,20.0,42.9,10.15,6.45,1,1,1,1,1
2021-10-18T11,8.0,23.0,44.55,9.85,6.25,1,1,1,1,1
2021-10-18T12,5.0,20.0,59.5,11.1,6.5,1,1,1,1,1
2021-10-18T14,20.0,72.5,59.8,10.7,8.85,1,1,1,1,1
2021-10-18T15,27.0,80.5,59.65,11.2,9.75,1,1,1,1,1
2021-10-18T16,33.0,83.0,56.1,9.85,10.5,1,1,1,1,1
2021-10-18T17,33.0,74.0,52.9,10.25,10.3,1,1,1,1,1
2021-10-18T18,31.0,62.0,50.1,10.6,8.1,1,1,1,1,1
2021-10-18T19,32.5,57.0,45.85,9.6,6.85,1,1,1,1,1
2021-10-18T20,37.5,59.5,44.4,10.4,5.3,1,1,1,1,1
2021-10-18T21,41.0,57.0,40.7,10.25,5.45,1,1,1,1,1
2021-10-18T22,38.5,51.5,38.1,10.7,5.65,1,1,1,1,1
2021-10-18T23,34.5,50.0,40.1,11.5,5.7,1,1,1,1,1
2021-10-19T00,30.5,48.5,37.8,10.55,5.95,1,1,1,1,1
2021-10-19T01,32.0,50.0,40.15,10.4,6.55,1,1,1,1,1
2021-10-19T02,34.5,51.5,34.7,10.35,6.25,1,1,1,1,1
2021-10-19T03,31.0,50.5,31.3,9.5,5.65,1,1,1,1,1
2021-10-19T04,29.5,56.0,29.25,13.9,6.2,1,1,1,1,1
2021-10-19T05,35.0,67.0,32.15,18.7,6.05,1,1,1,1,1
2021-10-19T06,37.0,67.0,35.95,7.0,6.3,1,1,1,1,1
2021-10-19T07,28.5,55.5,49.5,35.8,5.4,1,1,1,1,1
2021-10-19T08,25.5,50.0,26.45,8.3,6.05,1,1,1,1,1
2021-10-19T09,33.5,59.5,27.35,8.4,6.55,1,1,1,1,1
2021-10-19T10,53.0,83.0,35.35,8.3,6.8,1,1,1,1,1
2021-10-19T11,70.5,110.0,45.5,8.55,7.0,1,1,1,1,1
2021-10-19T12,83.0,145.0,70.65,8.7,8.1,1,1,1,1,1
2021-10-19T13,102.5,186.5,90.55,8.8,9.35,1,1,1,1,1
2021-10-19T14,113.0,206.0,94.85,8.4,10.15,1,1,1,1,1
2021-10-19T15,119.5,199.0,87.65,7.75,10.5,1,1,1,1,1
2021-10-19T16,122.0,193.0,85.0,9.0,11.5,1,1,1,1,1
2021-10-19T17,123.0,187.0,90.25,8.7,12.9,1,1,1,1,1
2021-10-19T18,128.0,187.5,81.05,8.65,10.95,1,1,1,1,1
2021-10-19T19,132.5,198.5,78.8,7.9,10.15,1,1,1,1,1
2021-10-19T20,130.0,207.0,,8.0,,1,1,0,1,0
2021-10-19T21,122.0,180.0,69.6,8.0,6.5,1,1,1,1,1
2021-10-19T22,115.0,176.0,67.2,8.4,6.4,1,1,1,1,1
2021-10-19T23,105.5,166.0,63.85,8.2,6.2,1,1,1,1,1
2021-10-20T00,98.5,160.5,62.7,8.15,6.7,1,1,1,1,1
2021-10-20T01,94.0,161.0,68.05,8.45,7.1,1,1,1,1,1
2021-10-20T02,94.0,171.5,57.1,8.15,7.15,1,1,1,1,1
2021-10-20T03,92.5,177.5,48.35,8.5,6.4,1,1,1,1,1
2021-10-20T04,102.5,194.0,41.65,9.0,6.7,1,1,1,1,1
2021-10-20T05,105.5,204.0,35.45,2.0,7.5,1,1,1,1,1
2021-10-20T06,100.0,200.0,32.2,11.7,7.3,1,1,1,1,1
2021-10-20T07,82.0,157.5,28.45,77.7,6.25,1,1,1,1,1
2021-10-20T08,72.5,140.5,28.15,9.45,5.8,1,1,1,1,1
2021-10-20T09,69.0,140.0,30.8,8.2,5.5,1,1,1,1,1
2021-10-20T10,68.0,140.0,45.0,8.4,5.2,1,1,1,1,1
2021-10-20T11,67.0,150.0,85.45,8.5,5.15,1,1,1,1,1
2021-10-20T12,74.5,164.0,91.95,8.7,6.4,1,1,1,1,1
2021-10-20T13,83.0,168.0,103.1,8.4,9.0,1,1,1,1,1
2021-10-20T14,105.5,218.5,95.55,9.0,14.65,1,1,1,1,1
2021-10-20T15,117.0,235.0,103.6,8.05,17.55,1,1,1,1,1
2021-10-20T16,136.0,257.0,83.6,9.3,18.7,1,1,1,1,1
2021-10-20T17,139.5,256.0,75.75,8.8,18.2,1,1,1,1,1
2021-10-20T18,139.0,244.0,71.8,8.65,14.6,2,2,2,2,2
2021-10-20T19,124.0,233.0,70.75,9.7,11.35,1,1,1,1,1
2021-10-20T20,102.5,206.0,66.3,7.9,5.7,1,1,1,1,1
2021-10-20T21,81.5,177.0,54.7,9.1,5.6,1,1,1,1,1
2021-10-20T22,61.5,159.0,50.0,8.3,4.9,1,1,1,1,1
2021-10-20T23,51.0,147.0,46.4,7.95,4.25,1,1,1,1,1
2021-10-21T00,51.0,149.0,44.4,9.3,4.4,1,1,1,1,1
2021-10-21T01,53.0,161.5,46.95,8.6,4.15,1,1,1,1,1
2021-10-21T02,55.0,174.0,47.6,7.7,3.9,1,1,1,1,1
2021-10-21T04,44.0,211.0,42.6,7.1,1.6,1,1,1,1,1
2021-10-21T05,44.5,232.5,31.45,8.45,1.65,1,1,1,1,1
2021-10-21T06,39.0,217.0,22.1,8.8,0.9,1,1,1,1,1
2021-10-21T07,33.0,180.0,17.3,8.3,0.6,1,1,1,1,1
2021-10-21T08,33.0,201.0,18.15,8.8,0.8,1,1,1,1,1
2021-10-21T09,38.0,188.0,20.75,8.55,0.75,1,1,1,1,1
2021-10-21T10,28.0,174.0,36.25,8.3,0.9,1,1,1,1,1
2021-10-21T11,34.0,193.0,73.05,8.55,1.15,1,1,1,1,1
2021-10-21T12,36.0,194.0,83.2,8.7,1.45,1,1,1,1,1
2021-10-21T13,50.0,197.0,85.4,8.0,3.6,1,1,1,1,1
2021-10-21T14,67.0,256.0,89.0,8.7,10.85,1,1,1,1,1
2021-10-21T15,114.0,373.0,76.45,9.3,14.75,1,1,1,1,1
2021-10-21T16,99.0,309.0,73.4,8.7,14.4,1,1,1,1,1
2021-10-21T17,91.0,272.0,72.65,8.3,12.1,1,1,1,1,1
2021-10-22T18,79.0,190.0,82.1,9.5,9.7,1,1,1,1,1
2021-10-22T19,72.0,167.0,82.3,,10.0,1,1,1,0,1
2021-10-22T20,69.0,152.0,60.5,11.5,8.0,1,1,1,1,1
2021-10-22T21,77.0,160.0,65.25,10.45,9.0,1,1,1,1,1
2021-10-22T22,78.0,169.0,57.15,10.0,10.3,1,1,1,1,1
2021-10-22T23,88.0,185.0,47.4,8.75,9.85,1,1,1,1,1
2021-10-23T00,80.0,151.0,50.9,9.1,10.0,1,1,1,1,1
2021-10-23T01,83.0,135.0,62.75,9.9,12.35,1,1,1,1,1
2021-10-23T02,90.0,166.0,65.9,16.65,10.05,1,1,1,1,1
2021-10-23T03,63.0,143.0,57.0,43.65,7.3,1,1,1,1,1
2021-10-23T04,63.0,138.0,31.75,68.7,5.35,1,1,1,1,1
2021-10-23T05,30.0,102.0,19.5,89.25,3.6,1,1,1,1,1
2021-10-23T06,19.0,72.0,29.1,96.85,3.2,1,1,1,1,1
2021-10-23T07,19.0,74.0,38.75,106.15,2.75,1,1,1,1,1
2021-10-23T08,27.0,88.0,49.0,103.9,2.7,1,1,1,1,1
2021-10-23T09,31.0,96.0,47.8,95.5,3.3,1,1,1,1,1
2021-10-23T10,39.0,113.0,67.5,40.7,3.7,1,1,1,1,1
2021-10-23T11,36.0,97.0,85.7,10.95,4.15,1,1,1,1,1
2021-10-23T12,42.0,145.0,85.05,9.35,5.05,1,1,1,1,1
2021-10-23T13,59.0,164.0,78.25,9.35,5.6,1,1,1,1,1
2021-10-23T14,59.0,149.0,76.25,8.45,6.0,1,1,1,1,1
2021-10-23T15,55.0,127.0,72.15,9.15,6.15,1,1,1,1,1
2021-10-23T16,63.0,134.0,75.1,8.95,7.4,1,1,1,1,1
2021-10-23T17,106.0,232.0,69.95,8.65,9.5,1,1,1,1,1
2021-10-23T18,97.0,206.0,69.8,10.0,11.45,1,1,1,1,1
2021-10-23T19,108.0,218.0,61.0,19.7,13.2,1,1,1,1,1
2021-10-23T20,118.0,226.0,58.7,13.45,9.8,1,1,1,1,1
2021-10-23T21,107.0,205.0,51.35,10.25,8.7,1,1,1,1,1
2021-10-23T22,102.0,160.0,51.8,9.85,8.6,1,1,1,1,1
2021-10-23T23,92.0,149.0,52.95,9.4,9.0,1,1,1,1,1
2021-10-24T00,95.0,157.0,52.85,11.0,8.65,1,1,1,1,1
2021-10-24T01,97.0,140.0,61.9,12.2,8.4,1,1,1,1,1
2021-10-24T02,106.0,169.0,51.6,31.9,7.85,1,1,1,1,1
2021-10-24T03,89.0,146.0,43.2,62.45,6.55,1,1,1,1,1
2021-10-24T04,70.0,127.0,50.2,86.85,5.9,1,1,1,1,1
2021-10-24T05,72.0,150.0,44.55,127.6,6.35,1,1,1,1,1
2021-10-24T06,105.0,185.0,38.6,124.5,5.85,1,1,1,1,1
2021-10-24T07,67.0,140.0,35.65,122.7,5.35,1,1,1,1,1
2021-10-24T08,61.0,119.0,50.15,88.2,5.15,1,1,1,1,1
2021-10-24T09,70.0,129.0,52.8,55.5,5.0,1,1,1,1,1
2021-10-24T10,55.0,103.0,56.85,36.9,4.85,1,1,1,1,1
2021-10-24T11,33.0,66.0,71.25,22.05,4.4,1,1,1,1,1
2021-10-24T12,34.0,81.0,40.0,75.8,4.15,1,1,1,1,1
2021-10-24T13,41.0,83.0,27.35,83.0,4.2,1,1,1,1,1
2021-10-24T14,30.0,40.0,32.45,63.55,3.65,1,1,1,1,1
2021-10-24T15,14.0,22.0,37.4,54.4,3.1,1,1,1,1,1
2021-10-24T16,24.0,24.0,40.35,48.4,3.55,1,1,1,1,1
2021-10-24T17,23.0,36.0,54.4,9.5,,1,1,1,1,0
2021-10-24T18,30.0,46.0,46.45,21.85,6.7,1,1,1,1,1
2021-10-24T19,27.0,34.0,49.15,29.2,7.85,1,1,1,1,1
2021-10-24T20,20.0,36.0,45.7,18.45,5.4,1,1,1,1,1
2021-10-24T21,17.0,19.0,31.9,25.9,6.35,1,1,1,1,1
2021-10-24T22,18.0,22.0,31.1,14.8,6.4,1,1,1,1,1
2021-10-24T23,20.0,24.0,34.65,8.8,6.55,1,1,1,1,1
2021-10-25T00,22.0,35.0,36.4,8.4,7.1,1,1,1,1,1
2021-10-25T01,23.0,45.0,45.3,11.65,8.55,1,1,1,1,1
2021-10-25T02,38.0,56.0,49.35,20.2,8.7,1,1,1,1,1
2021-10-25T03,39.0,63.0,44.8,,8.1,1,1,1,0,1
2021-10-25T04,39.0,73.0,39.75,90.9,7.8,1,1,1,1,1
2021-10-25T05,41.0,73.0,33.95,130.95,7.4,1,1,1,1,1
2021-10-25T06,45.0,81.0,28.95,141.3,6.95,1,1,1,1,1
2021-10-25T07,38.0,67.0,29.25,146.75,6.9,1,1,1,1,1
2021-10-25T08,30.0,61.0,25.75,144.85,6.75,1,1,1,1,1
2021-10-25T09,27.0,56.0,25.6,140.2,7.15,1,1,1,1,1
2021-10-25T10,31.0,61.0,40.4,81.9,6.8,1,1,1,1,1
2021-10-25T11,25.0,64.0,67.05,31.4,7.3,1,1,1,1,1
2021-10-25T12,27.0,80.0,81.2,7.65,7.65,1,1,1,1,1
2021-10-25T13,39.0,105.0,79.9,7.0,9.7,1,1,1,1,1
2021-10-25T14,55.0,143.0,79.4,6.85,12.4,1,1,1,1,1
2021-10-25T15,73.0,174.0,75.2,5.75,14.9,1,1,1,1,1
2021-10-25T16,81.0,172.0,71.1,5.45,15.4,1,1,1,1,1
2021-10-25T17,86.0,161.0,66.45,5.75,14.7,1,1,1,1,1
2021-10-25T18,84.0,143.0,61.2,5.5,10.0,1,1,1,1,1
2021-10-25T19,88.0,135.0,57.5,11.8,8.75,1,1,1,1,1
2021-10-25T20,77.0,118.0,,8.0,,1,1,0,1,0
2021-10-25T21,72.0,106.0,48.1,5.6,5.95,1,1,1,1,1
2021-10-25T22,63.0,91.0,42.7,6.1,6.25,1,1,1,1,1
2021-10-25T23,62.0,92.0,45.8,5.35,6.65,1,1,1,1,1
2021-10-26T00,63.0,94.0,44.7,6.7,7.0,1,1,1,1,1
2021-10-26T01,66.0,97.0,51.95,7.2,7.05,1,1,1,1,1
2021-10-26T02,74.0,136.0,52.2,15.9,7.75,1,1,1,1,1
2021-10-26T03,74.0,125.0,45.8,48.2,6.1,1,1,1,1,1
2021-10-26T04,55.0,112.0,35.5,88.9,5.2,1,1,1,1,1
2021-10-26T05,53.0,105.0,23.5,136.5,4.9,1,1,1,1,1
2021-10-26T06,48.5,105.5,22.9,159.2,4.55,1,1,1,1,1
2021-10-26T07,47.0,108.0,21.7,156.0,4.8,1,1,1,1,1
2021-10-26T11,40.0,130.0,70.65,23.65,4.8,1,1,1,1,1
2021-10-26T12,51.0,162.0,78.5,6.9,6.5,1,1,1,1,1
2021-10-26T13,59.5,176.5,74.3,6.65,8.9,1,1,1,1,1
2021-10-26T14,77.0,198.0,79.15,6.35,12.65,1,1,1,1,1
2021-10-26T15,87.0,205.0,73.0,6.15,14.65,1,1,1,1,1
2021-10-26T16,96.5,210.0,71.0,6.85,18.1,1,1,1,1,1
2021-10-26T17,105.0,206.0,58.3,6.3,19.5,1,1,1,1,1
2021-10-26T18,104.0,193.5,59.85,5.85,16.25,2,2,2,2,2
2021-10-26T19,101.0,185.0,57.15,10.6,12.75,1,1,1,1,1
2021-10-26T20,105.0,183.0,54.4,6.5,8.0,1,1,1,1,1
2021-10-26T21,114.0,188.5,52.25,6.6,8.75,1,1,1,1,1
2021-10-26T22,123.0,194.0,51.95,5.85,8.45,1,1,1,1,1
2021-10-26T23,124.5,188.0,50.95,5.5,7.5,1,1,1,1,1
2021-10-27T00,125.5,196.0,53.95,5.7,7.5,1,1,1,1,1
2021-10-27T01,125.5,212.0,63.8,6.85,7.65,1,1,1,1,1
2021-10-27T02,122.5,221.0,60.45,17.45,6.85,1,1,1,1,1
2021-10-27T03,116.5,213.5,58.45,52.5,5.75,1,1,1,1,1
2021-10-27T04,108.5,215.0,43.0,115.8,4.15,1,1,1,1,1
2021-10-27T05,105.0,222.0,37.6,146.1,3.7,1,1,1,1,1
2021-10-27T08,72.0,156.0,23.0,156.2,3.0,1,1,1,1,1
2021-10-27T09,61.0,146.0,33.6,152.2,4.1,1,1,1,1,1
2021-10-27T10,71.0,163.0,40.05,118.6,3.55,1,1,1,1,1
2021-10-27T11,81.0,180.0,78.95,36.0,4.8,1,1,1,1,1
2021-10-27T12,86.5,218.5,95.75,5.65,6.0,1,1,1,1,1
2021-10-27T13,93.5,235.5,95.1,6.6,7.4,1,1,1,1,1
2021-10-27T14,105.5,245.0,91.8,6.8,8.2,1,1,1,1,1
2021-10-27T15,125.5,266.0,92.2,5.85,9.95,1,1,1,1,1
2021-10-27T16,140.0,262.0,75.6,5.9,10.0,1,1,1,1,1
2021-10-27T17,143.0,254.0,71.75,6.2,10.0,1,1,1,1,1
2021-10-27T18,143.0,228.0,66.8,5.4,11.0,1,1,1,1,1
2021-10-27T19,145.0,223.0,60.65,11.1,12.0,1,1,1,1,1
2021-10-27T20,154.0,217.5,54.2,6.95,10.1,1,1,1,1,1
2021-10-27T21,167.0,220.5,55.65,7.0,10.15,1,1,1,1,1
2021-10-27T22,175.0,229.5,53.5,6.4,10.1,1,1,1,1,1
2021-10-27T23,164.0,233.5,52.1,5.85,10.55,1,1,1,1,1
2021-10-28T00,151.0,232.0,49.25,5.6,11.2,1,1,1,1,1
2021-10-28T01,149.0,222.0,63.5,5.7,11.1,1,1,1,1,1
2021-10-28T02,156.5,245.0,49.5,33.75,10.4,1,1,1,1,1
2021-10-28T03,155.0,243.0,49.6,73.4,8.45,1,1,1,1,1
2021-10-28T04,144.0,244.5,42.65,130.85,8.4,1,1,1,1,1
2021-10-28T05,118.5,216.5,27.0,173.3,7.4,1,1,1,1,1
2021-10-28T06,93.0,176.5,24.3,190.4,6.75,1,1,1,1,1
2021-10-28T07,82.5,166.0,23.1,197.45,6.55,1,1,1,1,1
2021-10-28T08,81.0,169.0,21.5,194.0,5.4,1,1,1,1,1
2021-10-28T09,67.0,138.0,20.4,167.7,5.4,1,1,1,1,1
2021-10-28T10,66.5,144.5,39.65,124.25,6.55,1,1,1,1,1
2021-10-28T11,72.0,156.5,84.95,24.05,6.35,1,1,1,1,1
2021-10-28T12,83.0,183.0,95.45,6.9,8.4,1,1,1,1,1
2021-10-28T13,91.0,206.0,86.25,6.75,10.6,1,1,1,1,1
2021-10-28T14,128.5,284.5,95.15,6.65,16.35,1,1,1,1,1
2021-10-28T15,154.0,321.0,86.9,5.7,21.35,1,1,1,1,1
2021-10-28T16,161.5,307.0,86.3,5.4,23.4,1,1,1,1,1
2021-10-28T17,149.5,263.0,81.6,5.4,,1,1,1,1,0
2021-10-28T18,134.5,240.5,80.25,5.75,13.4,1,1,1,1,1
2021-10-28T19,131.0,223.5,67.6,11.8,11.35,1,1,1,1,1
2021-10-28T20,132.0,210.0,,7.1,,1,1,0,1,0
2021-10-28T21,133.0,226.0,56.65,5.95,9.4,1,1,1,1,1
2021-10-28T22,139.0,235.0,55.95,5.95,9.7,1,1,1,1,1
2021-10-28T23,152.0,234.0,53.25,5.65,9.4,1,1,1,1,1
2021-10-29T00,160.5,238.0,48.8,5.35,8.75,1,1,1,1,1
2021-10-29T01,163.0,254.0,52.0,6.35,9.0,1,1,1,1,1
2021-10-29T02,167.5,266.5,66.05,15.15,8.3,1,1,1,1,1
2021-10-29T03,178.0,282.0,85.05,37.05,7.3,1,1,1,1,1
2021-10-29T04,192.0,313.0,103.55,83.9,6.75,1,1,1,1,1
2021-10-29T05,146.0,266.0,71.0,182.2,6.0,1,1,1,1,1
2021-10-29T06,125.5,226.0,40.9,215.15,4.45,1,1,1,1,1
2021-10-29T07,105.0,186.0,23.65,192.35,3.55,1,1,1,1,1
2021-10-29T08,61.5,110.0,22.35,203.4,1.8,1,1,1,1,1
2021-10-29T09,67.0,114.0,24.9,165.1,2.0,1,1,1,1,1
2021-10-29T10,174.0,140.0,52.65,93.55,3.4,1,1,1,1,1
2021-10-29T11,73.0,196.0,111.2,7.5,5.2,1,1,1,1,1
2021-10-29T12,86.5,207.5,105.65,6.05,7.1,1,1,1,1,1
2021-10-29T13,107.0,242.0,102.15,5.3,10.0,1,1,1,1,1
2021-10-29T14,123.5,283.0,97.35,5.65,12.8,1,1,1,1,1
2021-10-29T15,138.5,305.0,85.45,6.4,13.85,1,1,1,1,1
2021-10-29T16,164.0,355.0,85.4,5.0,18.7,1,1,1,1,1
2021-10-29T17,164.0,355.0,81.3,5.7,20.0,1,1,1,1,1
2021-10-29T18,164.0,300.0,73.15,5.4,16.3,1,1,1,1,1
2021-10-29T19,169.0,301.0,76.0,11.8,13.9,1,1,1,1,1
2021-10-29T20,169.0,301.0,,6.5,,1,1,0,1,0
2021-10-29T21,158.0,250.0,69.7,5.9,7.7,1,1,1,1,1
2021-10-29T22,160.5,248.0,64.9,5.6,6.35,1,1,1,1,1
2021-10-29T23,164.5,251.5,62.4,5.05,5.3,1,1,1,1,1
2021-10-30T00,166.0,257.0,59.7,5.85,4.7,1,1,1,1,1
2021-10-30T01,162.5,264.5,57.55,6.9,5.05,1,1,1,1,1
2021-10-30T02,163.0,278.0,55.6,27.75,4.5,1,1,1,1,1
2021-10-30T03,160.0,271.0,54.2,105.8,3.2,1,1,1,1,1
2021-10-30T04,142.0,258.5,41.15,152.95,3.15,1,1,1,1,1
2021-10-30T05,105.0,220.5,28.4,181.85,2.55,1,1,1,1,1
2021-10-30T06,71.5,176.0,22.05,187.2,0.95,1,1,1,1,1
2021-10-30T07,52.5,135.5,19.35,179.6,0.4,1,1,1,1,1
2021-10-30T08,38.5,102.5,15.9,154.05,,1,1,1,1,0
2021-10-30T09,32.0,95.0,18.8,149.0,0.6,1,1,1,1,1
2021-10-30T10,40.0,111.5,38.75,106.85,0.9,1,1,1,1,1
2021-10-30T11,59.0,157.0,80.5,18.1,4.05,1,1,1,1,1
2021-10-30T12,78.5,208.5,83.4,6.5,6.95,1,1,1,1,1
2021-10-30T13,93.0,241.5,87.8,6.45,5.7,1,1,1,1,1
2021-10-30T14,112.5,280.5,87.4,6.0,6.7,1,1,1,1,1
2021-10-30T15,123.0,305.0,83.7,6.0,8.0,1,1,1,1,1
2021-10-30T16,152.5,316.0,86.0,5.35,9.8,1,1,1,1,1
2021-10-30T17,167.0,326.0,83.0,6.65,8.3,1,1,1,1,1
2021-10-30T18,162.5,324.0,72.5,5.95,11.7,1,1,1,1,1
2021-10-30T19,190.0,347.5,73.0,10.1,11.75,1,1,1,1,1
2021-10-30T20,194.0,346.5,75.9,7.15,8.6,1,1,1,1,1
2021-10-30T21,183.0,338.5,70.95,8.45,9.7,1,1,1,1,1
2021-10-30T22,193.5,347.0,68.7,7.05,10.0,1,1,1,1,1
2021-10-30T23,197.0,341.5,67.25,6.8,9.75,1,1,1,1,1
2021-10-31T00,183.0,319.5,62.9,7.6,10.05,1,1,1,1,1
2021-10-31T01,162.5,309.0,67.35,9.8,9.3,1,1,1,1,1
2021-10-31T02,147.5,311.0,60.45,31.3,9.15,1,1,1,1,1
2021-10-31T03,129.0,298.0,43.0,91.7,8.2,1,1,1,1,1
2021-10-31T04,126.0,292.5,37.8,120.2,8.15,1,1,1,1,1
2021-10-31T05,114.0,279.5,30.65,172.85,7.35,1,1,1,1,1
2021-10-31T06,97.5,261.0,26.15,198.0,7.0,1,1,1,1,1
2021-10-31T07,92.0,241.0,26.5,226.35,6.3,1,1,1,1,1
2021-10-31T08,89.0,219.5,22.7,221.1,6.85,1,1,1,1,1
2021-10-31T09,77.0,192.0,23.4,204.95,6.3,1,1,1,1,1
2021-10-31T10,66.5,172.5,30.25,150.6,8.2,1,1,1,1,1
2021-10-31T11,62.0,161.5,64.55,45.7,6.55,1,1,1,1,1
2021-10-31T12,67.5,173.0,90.25,5.85,7.6,1,1,1,1,1
2021-10-31T13,95.5,244.5,87.25,5.3,12.25,1,1,1,1,1
2021-10-31T14,126.5,307.0,92.1,6.35,17.8,1,1,1,1,1
2021-10-31T15,138.5,312.5,89.45,5.5,21.55,1,1,1,1,1
2021-10-31T16,141.0,291.5,80.85,6.0,24.55,1,1,1,1,1
2021-10-31T17,159.5,308.5,69.35,6.8,26.1,1,1,1,1,1
2021-10-31T18,188.0,320.0,71.3,5.7,24.0,1,1,1,1,1
2021-10-31T19,181.0,294.0,58.0,11.8,24.0,1,1,1,1,1
2021-10-31T20,171.0,279.0,54.2,9.1,18.7,1,1,1,1,1
2021-10-31T21,170.0,286.0,56.1,8.65,21.75,1,1,1,1,1
2021-10-31T22,162.5,264.0,44.85,8.4,20.6,1,1,1,1,1
2021-10-31T23,148.5,240.0,42.25,8.55,16.45,1,1,1,1,1
2021-11-01T00,161.0,251.0,49.55,8.35,12.85,1,1,1,1,1
2021-11-01T01,189.5,297.0,60.3,9.45,11.9,1,1,1,1,1
2021-11-01T02,201.0,326.0,75.95,10.25,12.85,1,1,1,1,1
2021-11-01T03,169.0,329.5,87.8,19.7,8.8,1,1,1,1,1
2021-11-01T04,131.0,290.0,68.5,79.3,5.65,1,1,1,1,1
2021-11-01T05,153.5,329.0,73.7,148.8,4.2,1,1,1,1,1
2021-11-01T06,158.5,324.5,59.0,176.05,3.45,1,1,1,1,1
2021-11-01T07,140.0,282.0,45.1,192.3,2.1,1,1,1,1,1
2021-11-01T08,90.5,199.0,41.05,181.35,0.15,1,1,1,1,1
2021-11-01T09,96.0,211.5,65.25,124.05,0.6,1,1,1,1,1
2021-11-01T10,104.5,230.5,102.55,29.6,1.1,1,1,1,1,1
2021-11-01T11,121.0,270.5,118.45,6.7,1.6,1,1,1,1,1
2021-11-01T12,149.5,348.5,115.0,6.1,6.3,1,1,1,1,1
2021-11-01T13,171.5,402.0,113.05,5.9,11.1,1,1,1,1,1
2021-11-01T14,179.0,383.0,107.05,5.65,12.9,1,1,1,1,1
2021-11-01T15,181.0,363.5,95.7,6.75,12.5,1,1,1,1,1
2021-11-01T16,177.5,356.0,90.75,6.5,13.15,1,1,1,1,1
2021-11-01T17,171.0,342.0,76.5,6.7,11.3,1,1,1,1,1
2021-11-01T18,160.0,272.0,77.5,7.3,11.8,1,1,1,1,1
2021-11-01T19,155.5,256.0,70.9,12.2,9.95,1,1,1,1,1
2021-11-01T20,148.0,235.0,69.7,7.75,6.3,1,1,1,1,1
2021-11-01T22,145.5,217.5,63.85,8.0,6.15,1,1,1,1,1
2021-11-01T23,147.0,218.0,59.1,7.4,6.8,1,1,1,1,1
2021-11-02T00,150.0,228.0,63.3,6.2,7.3,1,1,1,1,1
2021-11-02T01,151.5,239.5,61.8,7.05,7.85,1,1,1,1,1
2021-11-02T02,162.0,286.5,74.75,14.3,8.2,1,1,1,1,1
2021-11-02T03,158.0,311.0,69.9,52.65,7.95,1,1,1,1,1
2021-11-02T04,145.0,300.0,65.7,78.7,6.2,1,1,1,1,1
2021-11-02T05,113.0,256.0,60.25,122.05,5.35,1,1,1,1,1
2021-11-02T06,107.0,255.0,54.7,146.35,6.55,1,1,1,1,1
2021-11-02T07,97.0,202.5,80.5,149.45,4.8,1,1,1,1,1
2021-11-02T08,89.0,182.0,65.75,144.25,2.9,1,1,1,1,1
2021-11-02T09,87.0,182.5,83.65,110.05,2.65,1,1,1,1,1
2021-11-02T10,90.0,202.0,103.5,21.7,3.5,1,1,1,1,1
2021-11-02T11,101.0,251.0,95.3,5.9,5.9,1,1,1,1,1
2021-11-02T12,118.5,280.5,92.1,6.0,8.55,1,1,1,1,1
2021-11-02T13,136.0,309.0,90.6,6.45,10.85,1,1,1,1,1
2021-11-02T14,156.5,344.5,89.4,6.6,13.9,1,1,1,1,1
2021-11-02T15,167.0,327.0,83.65,5.35,15.5,1,1,1,1,1
2021-11-02T16,166.0,305.0,81.1,5.7,13.8,1,1,1,1,1
2021-11-02T17,158.5,262.0,71.55,6.45,11.8,1,1,1,1,1
2021-11-02T18,156.0,242.5,62.55,6.5,10.1,1,1,1,1,1
2021-11-02T19,168.0,274.0,67.05,12.8,10.65,1,1,1,1,1
2021-11-02T20,173.0,249.0,65.9,8.4,5.8,1,1,1,1,1
2021-11-02T21,178.0,255.5,56.5,8.2,8.3,1,1,1,1,1
2021-11-02T22,181.5,256.5,53.8,9.7,8.9,1,1,1,1,1
2021-11-02T23,170.5,232.0,54.9,6.7,7.95,1,1,1,1,1
2021-11-03T00,153.0,209.5,70.35,6.35,8.1,1,1,1,1,1
2021-11-03T01,138.5,201.5,103.65,8.5,8.25,1,1,1,1,1
2021-11-03T02,153.5,239.5,110.15,10.85,7.75,1,1,1,1,1
2021-11-03T03,176.0,307.5,122.55,28.65,8.0,1,1,1,1,1
2021-11-03T04,174.0,323.0,126.55,52.2,7.6,1,1,1,1,1
2021-11-03T05,171.0,313.0,115.1,111.1,7.5,1,1,1,1,1
2021-11-03T06,174.0,354.0,107.0,156.0,7.5,1,1,1,1,1
2021-11-03T07,166.0,318.0,118.9,183.0,6.9,1,1,1,1,1
2021-11-03T08,140.0,278.0,129.7,136.0,6.4,1,1,1,1,1
2021-11-03T09,119.0,227.0,131.2,87.4,5.8,1,1,1,1,1
2021-11-03T10,119.0,227.0,154.4,49.4,5.8,1,1,1,1,1
2021-11-03T11,125.0,241.0,166.5,7.0,7.9,1,1,1,1,1
2021-11-03T12,161.0,335.0,167.1,6.4,8.8,1,1,1,1,1
2021-11-03T13,139.0,302.0,180.7,6.45,13.45,1,1,1,1,1
2021-11-03T14,188.0,389.0,160.3,6.3,24.75,1,1,1,1,1
2021-11-03T15,261.0,464.0,144.25,5.25,27.55,1,1,1,1,1
2021-11-03T16,245.0,415.0,150.55,6.3,30.5,1,1,1,1,1
2021-11-03T17,252.0,416.0,142.15,6.8,30.7,1,1,1,1,1
2021-11-03T18,283.0,442.0,132.7,6.6,25.05,1,1,1,1,1
2021-11-03T19,306.0,433.0,117.7,,21.8,1,1,1,0,1
2021-11-03T20,210.0,289.0,115.0,4.35,9.1,1,1,1,1,1
2021-11-03T21,207.0,268.0,105.2,6.1,10.3,1,1,1,1,1
2021-11-03T22,217.0,300.0,95.4,6.65,10.8,1,1,1,1,1
2021-11-03T23,224.0,311.0,92.95,6.15,10.15,1,1,1,1,1
2021-11-04T00,212.0,277.0,97.55,6.2,9.25,1,1,1,1,1
2021-11-04T01,227.0,301.0,107.25,6.8,8.5,1,1,1,1,1
2021-11-04T02,265.0,359.0,121.3,10.25,8.4,1,1,1,1,1
2021-11-04T03,359.0,454.0,99.3,39.2,6.6,1,1,1,1,1
2021-11-04T04,379.0,511.0,87.2,106.7,4.9,1,1,1,1,1
2021-11-04T05,398.0,528.0,80.9,148.25,4.7,1,1,1,1,1
2021-11-04T06,357.0,,74.7,216.0,4.6,1,0,1,1,1
2021-11-04T07,339.5,487.0,53.55,271.05,4.45,1,1,1,1,1
2021-11-04T08,319.0,473.0,51.85,272.3,2.8,1,1,1,1,1
2021-11-04T09,301.0,446.5,53.55,199.5,2.25,1,1,1,1,1
2021-11-04T10,295.5,426.0,59.6,129.65,2.15,1,1,1,1,1
2021-11-04T11,311.5,427.0,85.2,53.15,2.2,1,1,1,1,1
2021-11-04T12,344.0,456.0,101.6,23.0,3.05,1,1,1,1,1
2021-11-04T13,375.0,497.5,98.35,24.75,4.9,1,1,1,1,1
2021-11-04T14,445.0,573.0,90.0,29.6,7.3,1,1,1,1,1
2021-11-04T15,627.5,754.0,86.0,38.55,10.2,1,1,1,1,1
2021-11-04T16,865.0,990.0,81.5,52.9,15.0,1,1,1,1,1
2021-11-04T17,1206.0,1346.5,69.8,63.3,23.0,1,1,1,1,1
2021-11-04T18,1553.0,1643.0,57.4,67.6,35.3,1,1,1,1,1
2021-11-04T19,1495.5,1632.0,49.25,57.35,35.6,1,1,1,1,1
2021-11-04T20,1239.5,1397.5,59.9,46.15,29.45,1,1,1,1,1
2021-11-04T21,1041.0,1174.0,59.35,46.7,26.65,1,1,1,1,1
2021-11-04T22,1228.5,1343.5,57.05,51.9,26.95,1,1,1,1,1
2021-11-04T23,1281.0,1387.0,49.0,43.5,23.55,1,1,1,1,1
2021-11-05T00,1072.5,1154.0,41.05,36.9,20.95,1,1,1,1,1
2021-11-05T01,808.0,887.5,52.75,29.95,18.05,1,1,1,1,1
2021-11-05T02,569.0,661.0,75.85,26.4,15.25,1,1,1,1,1
2021-11-05T03,481.0,587.5,63.2,36.6,13.15,1,1,1,1,1
2021-11-05T04,428.5,541.5,55.2,66.3,11.55,1,1,1,1,1
2021-11-05T05,381.0,495.0,50.45,96.8,9.5,1,1,1,1,1
2021-11-05T06,339.0,448.0,47.5,134.7,8.9,1,1,1,1,1
2021-11-05T07,313.0,432.0,45.2,136.9,8.8,1,1,1,1,1
2021-11-05T08,313.0,432.0,46.8,120.3,8.0,1,1,1,1,1
2021-11-05T09,257.5,354.0,58.25,90.55,7.3,1,1,1,1,1
2021-11-05T10,246.0,344.0,75.3,42.9,7.05,1,1,1,1,1
2021-11-05T11,252.5,364.5,83.55,18.4,7.2,1,1,1,1,1
2021-11-05T12,278.0,409.0,81.2,18.7,10.6,1,1,1,1,1
2021-11-05T13,310.5,448.5,77.1,22.5,14.35,1,1,1,1,1
2021-11-05T14,370.5,501.5,78.45,24.8,20.1,1,1,1,1,1
2021-11-05T15,398.0,515.0,70.1,25.2,22.9,1,1,1,1,1
2021-11-05T16,423.0,537.0,70.35,25.8,24.75,1,1,1,1,1
2021-11-05T17,429.0,541.0,61.35,26.75,26.4,1,1,1,1,1
2021-11-05T18,431.0,499.0,73.4,24.05,16.8,1,1,1,1,1
2021-11-05T19,420.0,477.0,79.05,,12.95,1,1,1,0,1
2021-11-05T20,412.5,482.0,69.6,22.8,5.9,1,1,1,1,1
2021-11-05T21,392.5,452.5,63.85,22.8,6.3,1,1,1,1,1
2021-11-05T22,367.0,427.0,49.3,30.9,6.1,1,1,1,1,1
2021-11-05T23,361.5,421.5,52.05,24.6,5.8,1,1,1,1,1
2021-11-06T00,358.0,422.5,55.75,21.05,5.5,1,1,1,1,1
2021-11-06T01,353.0,438.0,56.3,25.5,5.4,1,1,1,1,1
2021-11-06T02,354.0,446.5,62.0,27.7,5.35,1,1,1,1,1
2021-11-06T03,342.0,444.0,50.35,46.9,5.55,1,1,1,1,1
2021-11-06T04,315.5,414.0,37.55,80.4,4.7,1,1,1,1,1
2021-11-06T05,300.0,405.5,40.4,110.5,4.15,1,1,1,1,1
2021-11-06T06,298.5,418.5,43.2,129.25,3.85,1,1,1,1,1
2021-11-06T07,297.5,415.5,39.3,142.05,3.4,1,1,1,1,1
2021-11-06T08,270.5,376.5,38.3,133.05,3.05,1,1,1,1,1
2021-11-06T09,225.5,326.5,42.6,109.65,2.2,1,1,1,1,1
2021-11-06T10,230.5,340.5,57.75,79.1,2.4,1,1,1,1,1
2021-11-06T11,245.0,362.0,78.95,32.75,2.65,1,1,1,1,1
2021-11-06T12,259.5,383.5,98.85,16.3,3.8,1,1,1,1,1
2021-11-06T13,309.0,444.5,100.75,19.15,5.95,1,1,1,1,1
2021-11-06T14,350.5,484.5,100.25,19.25,8.4,1,1,1,1,1
2021-11-06T15,399.5,526.5,101.75,20.7,10.05,1,1,1,1,1
2021-11-06T16,432.5,571.0,98.35,22.25,13.75,1,1,1,1,1
2021-11-06T17,435.0,569.5,89.3,22.1,15.4,1,1,1,1,1
2021-11-06T18,423.5,525.0,76.5,20.3,14.0,1,1,1,1,1
2021-11-06T19,407.5,490.0,69.85,19.8,11.15,1,1,1,1,1
2021-11-06T20,361.0,459.0,68.7,18.3,6.6,1,1,1,1,1
2021-11-06T21,353.0,454.0,63.5,17.4,6.1,1,1,1,1,1
2021-11-06T22,342.5,449.0,61.65,16.6,6.15,1,1,1,1,1
2021-11-06T23,340.0,449.0,55.15,15.9,6.0,1,1,1,1,1
2021-11-07T00,280.0,376.0,51.55,14.7,5.25,1,1,1,1,1
2021-11-07T01,263.0,372.5,55.95,15.1,5.35,1,1,1,1,1
2021-11-07T02,277.5,405.0,57.0,19.45,5.7,1,1,1,1,1
2021-11-07T03,322.0,458.0,50.85,39.95,5.7,1,1,1,1,1
2021-11-07T04,329.0,472.0,45.8,77.2,5.85,1,1,1,1,1
2021-11-07T06,225.0,349.0,31.55,133.1,3.85,1,1,1,1,1
2021-11-07T07,174.0,283.0,31.1,133.5,3.2,1,1,1,1,1
2021-11-07T08,150.5,235.5,28.6,121.8,2.1,1,1,1,1,1
2021-11-07T09,128.0,201.0,31.45,100.7,2.1,1,1,1,1,1
2021-11-07T10,121.0,203.0,52.05,59.8,1.95,1,1,1,1,1
2021-11-07T11,120.5,214.0,79.35,14.8,2.95,1,1,1,1,1
2021-11-07T12,136.5,252.5,92.3,12.1,3.9,1,1,1,1,1
2021-11-07T13,164.0,309.5,88.4,13.4,8.55,1,1,1,1,1
2021-11-07T14,184.5,332.5,95.5,13.0,11.65,1,1,1,1,1
2021-11-07T15,201.5,335.0,85.95,15.15,14.1,1,1,1,1,1
2021-11-07T16,224.5,352.0,84.8,15.5,17.1,1,1,1,1,1
2021-11-07T17,233.0,356.0,76.85,15.05,18.0,1,1,1,1,1
2021-11-07T18,229.0,345.0,76.6,14.4,15.1,1,1,1,1,1
2021-11-07T19,222.0,320.0,68.9,,11.75,1,1,1,0,1
2021-11-07T20,242.0,324.0,62.1,15.25,7.5,1,1,1,1,1
2021-11-07T21,259.5,345.0,62.95,15.45,8.3,1,1,1,1,1
2021-11-07T22,279.0,363.5,60.55,15.9,8.95,1,1,1,1,1
2021-11-07T23,295.5,372.0,54.9,16.6,8.8,1,1,1,1,1
2021-11-08T00,301.5,374.5,52.35,16.15,8.7,1,1,1,1,1
2021-11-08T01,301.0,389.0,59.4,16.55,9.0,1,1,1,1,1
2021-11-08T02,316.0,434.5,59.05,17.3,8.75,1,1,1,1,1
2021-11-08T03,331.0,464.0,63.7,21.3,7.8,1,1,1,1,1
2021-11-08T04,331.0,475.0,62.15,63.85,7.5,1,1,1,1,1
2021-11-08T05,331.0,467.0,47.5,108.1,6.7,1,1,1,1,1
2021-11-08T06,282.0,404.5,40.15,129.5,6.6,1,1,1,1,1
2021-11-08T07,245.5,343.0,34.55,125.65,4.25,1,1,1,1,1
2021-11-08T08,147.0,230.0,31.0,112.1,3.2,1,1,1,1,1
2021-11-08T09,149.5,232.0,42.2,92.75,2.9,1,1,1,1,1
2021-11-08T10,155.0,260.0,65.5,40.6,2.9,1,1,1,1,1
2021-11-08T11,161.5,285.0,101.2,8.5,3.8,1,1,1,1,1
2021-11-08T12,175.5,333.0,106.9,6.65,5.5,1,1,1,1,1
2021-11-08T13,183.0,356.0,106.0,7.9,8.9,1,1,1,1,1
2021-11-08T14,196.0,371.0,108.4,6.1,9.8,1,1,1,1,1
2021-11-08T15,204.0,354.0,102.2,7.3,10.1,1,1,1,1,1
2021-11-08T16,213.0,338.0,93.9,6.8,9.5,1,1,1,1,1
2021-11-08T17,209.5,324.0,84.65,7.95,10.2,1,1,1,1,1
2021-11-08T18,217.5,328.5,74.65,7.6,10.75,1,1,1,1,1
2021-11-08T19,231.0,340.5,70.25,7.6,11.6,1,1,1,1,1
2021-11-08T20,299.0,398.0,68.5,8.3,12.6,1,1,1,1,1
2021-11-08T21,299.0,398.0,63.2,8.9,12.3,1,1,1,1,1
2021-11-08T22,335.5,423.5,62.1,8.35,12.15,1,1,1,1,1
2021-11-08T23,338.5,434.0,59.15,8.6,12.0,1,1,1,1,1
2021-11-09T00,323.5,421.5,54.75,7.8,10.95,1,1,1,1,1
2021-11-09T01,293.5,397.5,56.05,8.0,10.5,1,1,1,1,1
2021-11-09T02,296.0,426.5,64.45,10.55,10.4,1,1,1,1,1
2021-11-09T03,309.0,454.0,68.1,24.6,10.85,1,1,1,1,1
2021-11-09T04,357.0,523.5,55.9,72.15,10.7,1,1,1,1,1
2021-11-09T05,316.0,473.0,48.2,103.6,9.4,1,1,1,1,1
2021-11-09T06,260.0,404.0,44.5,120.6,7.9,1,1,1,1,1
2021-11-09T07,186.0,306.0,36.4,118.6,7.0,1,1,1,1,1
2021-11-09T08,186.0,306.0,35.4,119.9,7.0,1,1,1,1,1
2021-11-09T09,169.0,260.0,42.45,101.2,6.1,1,1,1,1,1
2021-11-09T10,180.0,307.5,68.25,55.4,6.65,1,1,1,1,1
2021-11-09T11,179.0,325.5,102.85,8.35,6.6,1,1,1,1,1
2021-11-09T12,185.5,339.0,104.95,7.15,9.4,1,1,1,1,1
2021-11-09T13,194.5,363.5,98.3,6.95,12.7,1,1,1,1,1
2021-11-09T14,198.0,372.0,101.0,7.8,15.5,1,1,1,1,1
2021-11-09T15,208.0,377.5,100.2,7.85,19.1,1,1,1,1,1
2021-11-09T16,215.5,361.5,94.85,7.8,21.3,1,1,1,1,1
2021-11-09T17,208.0,323.5,89.6,7.3,20.7,1,1,1,1,1
2021-11-09T19,186.0,279.0,79.6,7.5,12.2,1,1,1,1,1
2021-11-09T20,182.5,269.0,73.6,6.95,6.4,1,1,1,1,1
2021-11-09T21,179.0,259.0,70.6,7.3,5.7,1,1,1,1,1
2021-11-09T22,178.0,258.5,58.15,8.25,5.7,1,1,1,1,1
2021-11-09T23,166.0,236.5,53.15,7.15,5.1,1,1,1,1,1
2021-11-10T00,158.5,230.0,48.9,6.5,4.95,1,1,1,1,1
2021-11-10T01,168.0,272.0,65.9,6.7,6.4,1,1,1,1,1
2021-11-10T02,179.5,305.5,65.7,7.85,6.85,1,1,1,1,1
2021-11-10T03,232.5,379.5,69.55,18.7,6.6,1,1,1,1,1
2021-11-10T04,297.0,449.0,76.3,45.9,6.55,1,1,1,1,1
2021-11-10T05,309.5,477.5,71.85,86.0,6.15,1,1,1,1,1
2021-11-10T06,299.0,477.0,60.1,126.0,6.3,1,1,1,1,1
2021-11-10T07,248.5,394.0,41.3,155.4,4.3,1,1,1,1,1
2021-11-10T08,213.0,353.5,42.75,154.2,4.15,1,1,1,1,1
2021-11-10T09,199.0,333.5,44.1,127.15,3.7,1,1,1,1,1
2021-11-10T10,184.0,321.0,74.45,65.4,3.65,1,1,1,1,1
2021-11-10T11,197.0,363.0,116.4,16.55,4.25,1,1,1,1,1
2021-11-10T12,227.5,409.5,128.6,8.15,8.05,1,1,1,1,1
2021-11-10T13,250.0,436.0,127.7,7.4,13.2,1,1,1,1,1
2021-11-10T14,284.0,489.0,110.6,7.5,20.3,1,1,1,1,1
2021-11-10T15,302.5,487.5,105.4,7.8,23.25,1,1,1,1,1
2021-11-10T16,297.5,460.0,99.15,7.35,26.5,1,1,1,1,1
2021-11-10T17,279.0,416.0,87.7,7.95,26.25,1,1,1,1,1
2021-11-10T18,284.0,385.0,74.6,7.45,20.8,1,1,1,1,1
2021-11-10T19,297.5,391.0,51.8,8.6,23.45,1,1,1,1,1
2021-11-10T20,283.5,369.5,63.9,7.6,14.6,1,1,1,1,1
2021-11-10T21,269.0,351.0,62.35,7.75,13.25,1,1,1,1,1
2021-11-10T22,270.5,344.0,57.65,7.7,11.3,1,1,1,1,1
2021-11-10T23,269.0,337.0,60.6,9.0,8.9,1,1,1,1,1
2021-11-11T00,277.5,349.5,58.85,7.5,7.95,1,1,1,1,1
2021-11-11T01,284.0,367.0,61.8,7.4,8.2,1,1,1,1,1
2021-11-11T02,293.5,405.0,75.2,7.25,9.7,1,1,1,1,1
2021-11-11T03,288.5,449.0,82.7,7.35,8.45,1,1,1,1,1
2021-11-11T04,275.0,458.0,87.1,6.5,7.45,1,1,1,1,1
2021-11-11T05,250.5,419.0,127.3,12.2,11.9,1,1,1,1,1
2021-11-11T06,230.0,387.0,118.6,11.95,13.35,1,1,1,1,1
2021-11-11T07,242.0,383.5,117.05,18.7,14.2,1,1,1,1,1
2021-11-11T08,251.0,393.0,120.4,21.1,14.4,1,1,1,1,1
2021-11-11T09,278.0,438.0,155.55,16.75,14.55,1,1,1,1,1
2021-11-11T10,286.5,487.0,167.0,11.2,15.25,1,1,1,1,1
2021-11-11T11,297.0,510.0,170.3,8.25,16.6,1,1,1,1,1
2021-11-11T12,318.0,526.0,170.4,8.1,19.4,1,1,1,1,1
2021-11-11T13,340.0,534.0,159.95,8.5,24.1,1,1,1,1,1
2021-11-11T14,368.0,550.5,155.2,8.65,29.5,1,1,1,1,1
2021-11-11T15,397.0,571.5,152.55,9.4,32.95,1,1,1,1,1
2021-11-11T16,419.0,577.5,136.45,8.9,37.9,1,1,1,1,1
2021-11-11T17,432.0,581.0,116.2,8.9,39.95,1,1,1,1,1
2021-11-11T18,401.0,499.0,113.95,8.65,22.3,1,1,1,1,1
2021-11-11T19,390.0,489.0,106.4,,21.85,1,1,1,0,1
2021-11-11T20,402.5,499.0,101.8,,20.85,1,1,1,0,1
2021-11-11T21,424.5,517.0,97.5,,18.5,1,1,1,0,1
2021-11-11T22,425.0,528.5,99.1,,16.85,1,1,1,0,1
2021-11-11T23,416.0,532.0,105.25,,13.85,1,1,1,0,1
2021-11-12T00,410.0,502.0,97.05,,11.75,1,1,1,0,1
2021-11-12T01,422.0,516.5,95.0,,11.1,1,1,1,0,1
2021-11-12T02,470.0,641.0,156.4,7.1,10.1,1,1,1,1,1
2021-11-12T04,551.0,693.0,119.6,18.6,8.05,1,1,1,1,1
2021-11-12T05,523.5,663.0,119.45,33.55,7.15,1,1,1,1,1
2021-11-12T06,459.5,604.0,108.75,58.05,5.6,1,1,1,1,1
2021-11-12T07,395.0,532.5,95.75,91.6,4.65,1,1,1,1,1
2021-11-12T08,329.5,460.5,91.15,115.95,3.65,1,1,1,1,1
2021-11-12T09,298.0,444.5,107.55,103.95,3.1,1,1,1,1,1
2021-11-12T10,307.0,466.0,166.0,49.3,3.2,1,1,1,1,1
2021-11-12T11,371.0,585.5,212.35,9.2,4.15,1,1,1,1,1
2021-11-12T12,385.0,611.0,224.15,8.1,5.95,1,1,1,1,1
2021-11-12T13,400.5,608.5,208.1,7.5,11.3,1,1,1,1,1
2021-11-12T14,398.0,602.0,189.4,7.4,15.6,1,1,1,1,1
2021-11-12T15,426.0,614.0,172.6,8.3,20.7,1,1,1,1,1
2021-11-12T16,440.5,594.5,131.35,8.85,23.7,1,1,1,1,1
2021-11-12T17,423.0,562.0,140.15,8.6,23.7,1,1,1,1,1
2021-11-12T18,406.0,532.0,130.15,8.25,21.55,1,1,1,1,1
2021-11-12T19,388.0,494.0,122.65,8.9,19.75,1,1,1,1,1
2021-11-12T20,378.0,476.0,119.9,9.4,16.4,1,1,1,1,1
2021-11-12T21,376.0,473.5,110.6,8.0,13.7,1,1,1,1,1
2021-11-12T22,360.5,455.5,105.3,7.8,12.6,1,1,1,1,1
2021-11-13T00,362.0,442.5,95.65,8.05,8.8,1,1,1,1,1
2021-11-13T01,374.0,479.5,98.1,7.9,9.15,1,1,1,1,1
2021-11-13T02,383.0,527.5,138.0,8.35,9.85,1,1,1,1,1
2021-11-13T03,387.5,537.5,136.95,14.5,8.35,1,1,1,1,1
2021-11-13T07,261.0,383.0,70.4,123.8,2.2,1,1,1,1,1
2021-11-13T08,201.0,321.0,71.4,99.6,1.3,1,1,1,1,1
2021-11-13T09,121.0,197.0,54.5,66.05,,1,1,1,1,0
2021-11-13T10,63.5,181.5,123.45,24.0,,1,1,1,1,0
2021-11-13T11,89.0,210.0,150.6,5.7,3.0,1,1,1,1,1
2021-11-13T12,97.0,222.5,155.1,6.8,14.05,1,1,1,1,1
2021-11-13T13,118.5,260.0,146.8,6.9,17.8,1,1,1,1,1
2021-11-13T14,160.5,323.5,154.6,7.1,22.55,1,1,1,1,1
2021-11-13T15,192.0,363.5,133.5,7.45,27.7,1,1,1,1,1
2021-11-13T16,198.5,368.0,135.0,7.05,29.45,1,1,1,1,1
2021-11-13T17,202.0,371.0,146.2,7.3,30.4,1,1,1,1,1
2021-11-13T18,199.5,334.5,117.75,7.35,20.5,1,1,1,1,1
2021-11-13T19,188.0,302.0,113.75,6.5,18.7,1,1,1,1,1
2021-11-13T20,178.0,274.0,102.1,7.1,15.5,1,1,1,1,1
2021-11-13T21,174.0,259.5,109.8,6.55,13.75,1,1,1,1,1
2021-11-13T22,169.0,262.5,99.8,7.25,13.05,1,1,1,1,1
2021-11-13T23,166.0,264.0,100.3,7.2,11.9,1,1,1,1,1
2021-11-14T00,159.5,260.5,105.75,6.8,10.8,1,1,1,1,1
2021-11-14T01,156.0,259.0,109.2,7.2,10.35,1,1,1,1,1
2021-11-14T02,176.5,305.0,118.65,7.75,9.8,1,1,1,1,1
2021-11-14T03,196.5,336.5,122.75,16.65,8.6,1,1,1,1,1
2021-11-14T04,209.5,327.0,103.5,39.7,7.15,1,1,1,1,1
2021-11-14T05,184.0,276.5,84.4,70.1,5.5,1,1,1,1,1
2021-11-14T06,132.0,200.5,70.5,88.1,4.4,1,1,1,1,1
2021-11-14T07,109.5,169.5,67.75,99.7,3.5,1,1,1,1,1
2021-11-14T08,112.0,179.0,51.65,108.1,2.8,1,1,1,1,1
2021-11-14T09,100.5,189.5,71.85,98.7,2.85,1,1,1,1,1
2021-11-14T10,110.0,216.0,94.7,73.8,2.9,1,1,1,1,1
2021-11-14T12,145.5,301.5,173.2,6.8,5.4,1,1,1,1,1
2021-11-14T13,182.0,391.0,176.05,6.7,13.2,1,1,1,1,1
2021-11-14T14,220.5,440.5,159.5,7.5,19.6,1,1,1,1,1
2021-11-14T15,241.0,465.0,147.7,8.2,21.7,1,1,1,1,1
2021-11-14T16,240.0,376.0,142.7,7.9,24.7,1,1,1,1,1
2021-11-14T17,228.5,353.5,134.55,6.9,24.5,1,1,1,1,1
2021-11-14T18,206.0,312.5,127.35,7.4,19.9,1,1,1,1,1
2021-11-14T19,195.5,287.0,119.55,4.6,18.35,1,1,1,1,1
2021-11-14T20,185.0,270.0,122.2,7.25,14.3,1,1,1,1,1
2021-11-14T21,170.5,249.0,111.75,6.75,11.05,1,1,1,1,1
2021-11-14T22,164.5,232.0,106.1,6.65,9.55,1,1,1,1,1
2021-11-14T23,155.5,215.5,97.45,6.55,8.35,1,1,1,1,1
2021-11-15T00,147.0,206.0,98.0,6.55,7.8,1,1,1,1,1
2021-11-15T01,145.0,207.0,104.1,6.9,7.7,1,1,1,1,1
2021-11-15T02,168.5,279.0,118.8,7.2,7.8,1,1,1,1,1
2021-11-15T03,193.0,318.0,123.4,12.65,6.3,1,1,1,1,1
2021-11-15T04,206.0,332.0,134.0,29.6,5.1,1,1,1,1,1
2021-11-15T05,211.0,350.5,142.9,41.9,4.45,1,1,1,1,1
2021-11-15T06,202.5,351.5,132.4,70.85,3.7,1,1,1,1,1
2021-11-15T07,173.5,309.5,103.3,86.8,3.05,1,1,1,1,1
2021-11-15T08,153.0,277.0,68.0,100.9,2.1,1,1,1,1,1
2021-11-15T10,173.0,350.0,134.1,,8.5,1,1,1,0,1
2021-11-15T11,173.0,350.0,176.5,2.9,6.9,1,1,1,1,1
2021-11-15T12,201.5,380.0,200.2,5.05,5.9,1,1,1,1,1
2021-11-15T13,218.0,406.0,201.6,5.2,9.4,1,1,1,1,1
2021-11-15T14,257.5,430.5,186.55,6.05,16.4,1,1,1,1,1
2021-11-15T15,272.0,428.0,157.15,6.5,18.85,1,1,1,1,1
2021-11-15T16,277.0,411.0,151.05,7.45,17.5,1,1,1,1,1
2021-11-15T17,283.0,408.0,145.85,5.95,16.6,1,1,1,1,1
2021-11-15T18,295.0,422.0,128.7,5.95,18.15,1,1,1,1,1
2021-11-15T19,308.5,428.5,115.25,0.3,18.05,1,1,1,1,1
2021-11-15T20,319.0,420.0,112.75,6.65,16.9,1,1,1,1,1
2021-11-15T21,316.0,402.5,101.4,6.3,14.8,1,1,1,1,1
2021-11-15T22,288.0,365.0,102.8,7.2,13.3,1,1,1,1,1
2021-11-15T23,282.5,359.0,94.2,6.75,12.55,1,1,1,1,1
2021-11-16T00,283.0,362.5,100.35,6.05,12.85,1,1,1,1,1
2021-11-16T01,299.5,400.5,118.75,6.75,12.8,1,1,1,1,1
2021-11-16T02,333.5,465.0,135.1,5.6,12.25,1,1,1,1,1
2021-11-16T03,358.0,505.0,149.55,6.4,11.35,1,1,1,1,1
2021-11-16T04,302.0,429.5,103.4,11.5,9.75,1,1,1,1,1
2021-11-16T05,221.0,332.5,86.15,15.7,7.95,1,1,1,1,1
2021-11-16T06,171.5,290.0,63.45,17.15,7.15,1,1,1,1,1
2021-11-16T07,134.5,249.0,57.75,18.05,6.45,1,1,1,1,1
2021-11-16T08,123.0,233.0,54.1,16.8,5.0,1,1,1,1,1
2021-11-16T10,132.0,254.5,104.85,10.35,5.3,1,1,1,1,1
2021-11-16T11,138.5,282.0,161.3,5.5,5.9,1,1,1,1,1
2021-11-16T12,166.0,307.0,173.5,6.1,9.0,1,1,1,1,1
2021-11-16T13,177.0,334.5,176.2,5.2,12.3,1,1,1,1,1
2021-11-16T14,210.0,391.5,161.65,6.05,17.1,1,1,1,1,1
2021-11-16T15,240.0,427.0,163.15,6.3,20.1,1,1,1,1,1
2021-11-16T16,262.0,438.5,146.15,6.0,22.2,1,1,1,1,1
2021-11-16T17,274.5,426.5,135.55,7.2,23.9,1,1,1,1,1
2021-11-16T18,269.0,395.5,123.45,6.2,21.95,2,2,2,2,2
2021-11-16T19,266.5,374.0,116.25,1.2,19.4,1,1,1,1,1
2021-11-16T20,275.5,374.5,115.3,6.3,17.4,1,1,1,1,1
2021-11-16T21,282.5,381.0,102.85,5.85,15.5,1,1,1,1,1
2021-11-16T22,282.0,379.0,98.05,6.25,14.2,1,1,1,1,1
2021-11-16T23,252.5,327.0,92.45,6.55,12.4,1,1,1,1,1
2021-11-17T00,245.0,316.0,97.6,7.2,11.6,1,1,1,1,1
2021-11-17T01,221.5,302.5,105.8,6.85,10.75,1,1,1,1,1
2021-11-17T02,220.5,334.0,130.35,6.7,11.25,1,1,1,1,1
2021-11-17T03,235.5,374.0,153.05,7.6,10.35,1,1,1,1,1
2021-11-17T04,250.0,407.0,203.6,9.5,9.5,1,1,1,1,1
2021-11-17T05,252.5,406.0,161.2,25.9,8.85,1,1,1,1,1
2021-11-17T06,181.0,299.5,64.75,31.05,7.05,1,1,1,1,1
2021-11-17T07,95.5,184.5,57.65,33.1,4.85,1,1,1,1,1
2021-11-17T08,93.5,180.0,61.5,32.4,4.55,1,1,1,1,1
2021-11-17T09,99.0,179.0,59.2,31.7,4.7,1,1,1,1,1
2021-11-17T10,99.0,179.0,110.8,21.15,3.4,1,1,1,1,1
2021-11-17T11,92.0,185.0,150.9,8.4,3.7,1,1,1,1,1
2021-11-17T12,99.0,265.0,154.6,7.6,10.4,1,1,1,1,1
2021-11-17T13,140.0,305.0,177.3,7.35,14.4,1,1,1,1,1
2021-11-17T14,175.0,373.0,152.4,7.1,22.8,1,1,1,1,1
2021-11-17T15,243.0,439.0,158.65,6.65,27.4,1,1,1,1,1
2021-11-17T16,217.0,364.0,156.3,7.1,29.1,1,1,1,1,1
2021-11-17T17,219.0,365.0,144.1,7.9,29.9,1,1,1,1,1
2021-11-17T18,237.0,342.0,134.8,6.45,23.6,1,1,1,1,1
2021-11-17T19,234.0,351.0,113.05,2.6,23.2,1,1,1,1,1
2021-11-17T20,207.0,295.0,103.8,7.0,14.6,1,1,1,1,1
2021-11-17T21,201.0,272.0,83.1,6.4,17.1,1,1,1,1,1
2021-11-17T22,193.0,249.0,103.2,8.05,15.75,1,1,1,1,1
2021-11-17T23,173.0,249.0,84.9,6.6,14.45,1,1,1,1,1
2021-11-18T00,201.0,261.0,73.4,7.1,14.2,1,1,1,1,1
2021-11-18T02,193.0,268.0,208.0,6.6,13.2,1,1,1,1,1
2021-11-18T03,245.0,388.0,223.75,7.5,13.0,1,1,1,1,1
2021-11-18T04,309.0,470.0,138.4,22.0,10.4,1,1,1,1,1
2021-11-18T05,204.0,304.0,,,,1,1,0,0,0
2021-11-18T06,116.0,193.0,,184.1,,1,1,0,1,0
2021-11-18T07,97.0,155.0,65.0,,8.9,1,1,1,0,1
2021-11-18T08,116.0,182.0,78.45,,11.05,1,1,1,0,1
2021-11-18T09,106.0,174.0,79.7,,13.0,1,1,1,0,1
2021-11-18T10,94.0,164.0,152.8,40.65,13.0,1,1,1,1,1
2021-11-18T11,103.0,232.0,203.35,3.2,14.1,1,1,1,1,1
2021-11-18T12,127.0,305.0,203.5,3.85,17.25,1,1,1,1,1
2021-11-18T13,155.0,334.0,217.35,3.65,21.5,1,1,1,1,1
2021-11-18T14,180.0,348.0,235.2,9.7,28.35,1,1,1,1,1
2021-11-18T15,244.0,431.0,223.75,5.05,36.1,1,1,1,1,1
2021-11-18T16,240.0,422.0,206.7,3.95,37.1,1,1,1,1,1
2021-11-18T17,246.0,429.0,182.15,4.0,38.4,1,1,1,1,1
2021-11-18T18,248.0,403.0,152.15,0.2,38.15,1,1,1,1,1
2021-11-18T19,244.0,385.0,114.1,,38.1,1,1,1,0,1
2021-11-18T20,248.0,349.0,120.2,4.5,29.9,1,1,1,1,1
2021-11-18T21,232.0,312.0,114.65,,31.9,1,1,1,0,1
2021-11-18T22,232.0,320.0,105.1,,32.15,1,1,1,0,1
2021-11-18T23,218.0,299.0,97.85,,30.8,1,1,1,0,1
2021-11-19T00,226.0,304.0,88.7,,31.3,1,1,1,0,1
2021-11-19T01,235.0,313.0,103.2,,31.65,1,1,1,0,1
2021-11-19T02,260.0,360.0,153.25,,32.3,1,1,1,0,1
2021-11-19T03,298.0,433.0,172.6,,28.8,1,1,1,0,1
2021-11-19T04,307.0,403.0,176.25,,27.55,1,1,1,0,1
2021-11-19T05,289.0,385.0,76.5,,25.4,1,1,1,0,1
2021-11-19T06,233.0,326.0,75.35,,20.55,1,1,1,0,1
2021-11-19T07,195.0,274.0,68.9,0.0,24.5,1,1,1,1,1
2021-11-19T08,182.0,260.0,67.7,0.0,17.2,1,1,1,1,1
2021-11-19T09,153.0,235.0,100.3,119.5,16.5,1,1,1,1,1
2021-11-19T10,125.0,226.0,195.1,5.8,16.7,1,1,1,1,1
2021-11-19T11,163.5,321.5,204.7,3.3,17.4,1,1,1,1,1
2021-11-19T12,184.5,350.5,209.25,3.9,19.85,1,1,1,1,1
2021-11-19T13,206.0,358.5,205.25,4.0,23.25,1,1,1,1,1
2021-11-19T14,219.0,366.0,191.3,,26.267,1,1,1,0,1
2021-11-19T15,254.5,406.5,193.5,,29.85,1,1,1,0,1
2021-11-19T16,287.5,425.0,182.2,,34.75,1,1,1,0,1
2021-11-19T17,276.5,380.5,166.3,,34.3,1,1,1,0,1
2021-11-19T18,254.0,355.0,169.5,,34.75,1,1,1,0,1
2021-11-19T19,244.0,339.0,152.75,,34.65,1,1,1,0,1
2021-11-19T20,229.5,313.0,138.5,,25.7,1,1,1,0,1
2021-11-19T21,211.5,291.5,133.1,,26.2,1,1,1,0,1
2021-11-19T22,200.5,268.0,119.5,,25.4,1,1,1,0,1
2021-11-19T23,198.5,254.0,105.25,,24.8,1,1,1,0,1
2021-11-20T00,200.0,251.0,100.25,0.0,24.6,1,1,1,1,1
2021-11-20T01,201.0,272.0,110.1,0.0,25.4,1,1,1,1,1
2021-11-20T02,226.0,335.0,129.8,0.0,25.7,1,1,1,1,1
2021-11-20T03,235.0,364.0,151.0,0.0,25.6,1,1,1,1,1
2021-11-20T04,237.0,398.0,133.5,0.0,24.55,1,1,1,1,1
2021-11-20T05,215.0,346.0,99.7,,22.7,1,1,1,0,1
2021-11-20T06,207.0,306.0,79.2,0.0,21.3,1,1,1,1,1
2021-11-20T07,197.0,324.0,78.35,0.0,21.1,1,1,1,1,1
2021-11-20T08,189.0,309.0,73.2,0.0,20.7,1,1,1,1,1
2021-11-20T09,184.0,309.0,78.65,0.0,20.4,1,1,1,1,1
2021-11-20T10,184.0,301.0,82.1,0.0,19.8,1,1,1,1,1
2021-11-20T11,141.0,267.0,150.25,0.0,19.1,1,1,1,1,1
2021-11-20T12,147.0,335.0,221.95,0.0,22.15,1,1,1,1,1
2021-11-20T13,172.0,354.0,221.25,0.0,31.55,1,1,1,1,1
2021-11-20T14,239.0,420.0,202.65,,38.4,1,1,1,0,1
2021-11-20T15,252.0,416.0,176.55,0.0,38.15,1,1,1,1,1
2021-11-20T16,254.0,387.0,174.4,0.0,39.1,1,1,1,1,1
2021-11-20T17,283.0,434.0,172.5,0.0,39.4,1,1,1,1,1
2021-11-20T18,274.0,437.0,152.6,0.0,41.0,1,1,1,1,1
2021-11-20T19,289.0,448.0,138.5,0.0,41.65,1,1,1,1,1
2021-11-20T20,278.0,400.0,130.6,0.0,35.1,1,1,1,1,1
2021-11-20T21,273.0,382.0,113.7,0.0,38.45,1,1,1,1,1
2021-11-20T22,267.0,361.0,103.05,0.0,36.85,1,1,1,1,1
2021-11-20T23,245.0,322.0,106.15,0.0,34.2,1,1,1,1,1
2021-11-21T00,246.0,326.0,99.45,0.0,31.85,1,1,1,1,1
2021-11-21T01,266.0,324.0,102.05,0.0,30.1,1,1,1,1,1
2021-11-21T02,274.0,349.0,123.2,0.0,28.8,1,1,1,1,1
2021-11-21T03,288.0,382.0,119.45,0.0,27.4,1,1,1,1,1
2021-11-21T04,210.5,361.0,73.95,110.15,24.65,1,1,1,1,1
2021-11-21T05,134.5,245.0,55.1,145.95,22.1,1,1,1,1,1
2021-11-21T06,98.0,193.0,48.0,149.6,20.5,1,1,1,1,1
2021-11-21T07,78.0,166.0,46.75,149.85,19.4,1,1,1,1,1
2021-11-21T08,68.5,147.0,46.4,144.3,18.95,1,1,1,1,1
2021-11-21T09,72.0,133.0,51.65,139.75,18.7,1,1,1,1,1
2021-11-21T10,92.5,135.0,83.6,112.9,18.7,1,1,1,1,1
2021-11-21T11,110.0,217.0,170.45,13.2,19.25,1,1,1,1,1
2021-11-21T12,124.0,237.0,179.6,3.6,20.7,1,1,1,1,1
2021-11-21T13,144.0,272.0,177.05,3.7,23.2,1,1,1,1,1
2021-11-22T00,168.0,255.0,92.9,10.8,26.2,1,1,1,1,1
2021-11-22T01,157.0,252.0,101.6,9.1,26.4,1,1,1,1,1
2021-11-22T02,164.0,290.0,78.8,49.5,26.9,1,1,1,1,1
2021-11-22T03,167.0,304.0,69.1,81.65,26.45,1,1,1,1,1
2021-11-22T04,160.0,294.0,57.4,114.9,25.9,1,1,1,1,1
2021-11-22T05,130.0,277.0,53.75,135.8,25.2,1,1,1,1,1
2021-11-22T06,127.0,277.0,50.7,145.0,25.2,1,1,1,1,1
2021-11-22T07,103.0,268.0,36.1,132.25,24.15,1,1,1,1,1
2021-11-22T08,74.0,241.0,40.9,128.9,23.8,1,1,1,1,1
2021-11-22T09,66.0,223.0,45.45,122.4,23.8,1,1,1,1,1
2021-11-22T10,62.0,196.0,78.15,92.65,23.7,1,1,1,1,1
2021-11-22T11,86.0,226.0,132.1,11.2,24.0,1,1,1,1,1
2021-11-22T12,91.0,263.0,136.3,3.7,24.8,1,1,1,1,1
2021-11-22T13,105.0,271.0,132.4,3.25,27.45,1,1,1,1,1
2021-11-22T14,124.0,295.0,130.7,2.1,27.95,1,1,1,1,1
2021-11-22T15,131.0,268.0,125.55,2.75,28.15,1,1,1,1,1
2021-11-22T16,137.5,273.0,117.95,3.65,28.3,1,1,1,1,1
2021-11-22T17,141.5,294.0,113.05,3.3,28.7,1,1,1,1,1
2021-11-22T18,139.0,254.0,104.7,3.45,30.1,1,1,1,1,1
2021-11-22T19,138.0,234.0,101.45,6.0,30.4,1,1,1,1,1
2021-11-22T20,135.0,227.0,92.5,3.25,27.9,1,1,1,1,1
2021-11-22T21,132.0,216.0,92.25,2.8,28.7,1,1,1,1,1
2021-11-22T22,118.0,217.0,91.75,4.95,27.65,1,1,1,1,1
2021-11-22T23,119.0,218.0,88.9,5.95,27.2,1,1,1,1,1
2021-11-23T00,133.0,223.0,95.25,2.95,27.35,1,1,1,1,1
2021-11-23T01,156.0,245.0,101.2,8.5,28.5,1,1,1,1,1
2021-11-23T02,156.0,277.0,98.55,18.05,28.2,1,1,1,1,1
2021-11-23T03,151.0,288.0,77.25,53.1,28.0,1,1,1,1,1
2021-11-23T04,141.0,276.0,75.15,86.05,27.8,1,1,1,1,1
2021-11-23T11,100.0,293.0,146.1,13.05,26.55,1,1,1,1,1
2021-11-23T12,100.0,273.0,181.45,3.35,29.95,1,1,1,1,1
2021-11-23T13,128.0,350.0,196.15,2.95,42.55,1,1,1,1,1
2021-11-23T14,175.0,417.0,182.05,2.1,49.25,1,1,1,1,1
2021-11-23T15,178.5,374.0,157.1,2.95,52.05,1,1,1,1,1
2021-11-23T16,207.5,389.0,148.85,3.8,55.05,1,1,1,1,1
2021-11-23T17,254.0,428.5,151.6,4.75,59.6,1,1,1,1,1
2021-11-23T18,273.0,434.0,146.4,7.1,50.8,1,1,1,1,1
2021-11-23T19,261.0,382.0,98.45,9.0,46.95,1,1,1,1,1
2021-11-23T20,229.0,314.5,76.8,4.9,34.9,1,1,1,1,1
2021-11-23T21,219.5,289.5,76.4,3.7,37.4,1,1,1,1,1
2021-11-23T22,214.0,283.0,71.15,3.9,38.55,1,1,1,1,1
2021-11-23T23,197.5,268.5,66.75,3.9,34.6,1,1,1,1,1
2021-11-24T00,185.0,257.5,70.25,3.45,31.45,1,1,1,1,1
2021-11-24T01,193.0,281.0,97.05,5.7,31.3,1,1,1,1,1
2021-11-24T02,225.5,347.5,206.1,4.2,34.7,1,1,1,1,1
2021-11-24T03,244.0,383.0,220.5,4.0,33.2,1,1,1,1,1
2021-11-24T04,233.5,393.5,233.3,15.0,27.0,1,1,1,1,1
2021-11-24T05,222.0,378.0,149.85,58.8,22.3,1,1,1,1,1
2021-11-24T06,178.5,328.5,120.05,149.15,18.45,1,1,1,1,1
2021-11-24T07,192.0,354.0,121.85,185.4,17.8,1,1,1,1,1
2021-11-24T08,195.0,357.0,115.8,188.3,16.7,1,1,1,1,1
2021-11-24T09,181.0,365.0,153.65,129.7,15.65,1,1,1,1,1
2021-11-24T10,175.5,385.0,259.05,14.2,15.35,1,1,1,1,1
2021-11-24T11,181.0,424.5,229.1,2.45,17.75,1,1,1,1,1
2021-11-24T12,187.0,446.5,231.9,3.05,21.7,1,1,1,1,1
2021-11-24T13,189.0,443.0,241.15,4.45,26.65,1,1,1,1,1
2021-11-24T14,230.0,464.0,229.0,2.8,33.2,1,1,1,1,1
2021-11-24T15,286.0,516.0,191.55,6.5,38.9,1,1,1,1,1
2021-11-24T16,297.0,503.0,188.7,6.45,36.4,1,1,1,1,1
2021-11-24T17,316.0,493.5,165.4,8.25,35.8,1,1,1,1,1
2021-11-24T18,325.5,478.5,142.3,7.05,39.6,2,2,2,2,2
2021-11-24T19,318.0,456.0,145.2,,41.6,1,1,1,0,1
2021-11-24T20,299.5,420.5,119.2,6.3,35.0,1,1,1,1,1
2021-11-24T21,295.0,404.0,129.0,5.6,36.0,1,1,1,1,1
2021-11-24T22,292.0,385.5,93.6,7.35,38.15,1,1,1,1,1
2021-11-24T23,282.0,368.0,85.5,7.8,35.2,1,1,1,1,1
2021-11-25T00,265.0,354.0,85.5,8.1,31.7,1,1,1,1,1
2021-11-25T01,269.0,385.0,108.6,11.7,31.8,1,1,1,1,1
2021-11-25T02,267.0,407.0,173.1,9.1,30.1,1,1,1,1,1
2021-11-25T03,285.5,438.0,158.0,25.05,24.9,1,1,1,1,1
2021-11-25T04,306.0,447.0,139.5,39.9,22.5,1,1,1,1,1
2021-11-25T05,285.0,425.0,,,,1,1,0,0,0
2021-11-25T06,234.5,385.0,118.1,132.9,18.85,1,1,1,1,1
2021-11-25T08,180.0,345.0,113.7,138.2,16.9,1,1,1,1,1
2021-11-25T09,180.0,345.0,117.1,135.7,16.8,1,1,1,1,1
2021-11-25T10,178.0,383.0,209.0,8.0,17.1,1,1,1,1,1
2021-11-25T11,186.5,415.0,219.2,3.2,19.0,1,1,1,1,1
2021-11-25T12,216.5,464.5,228.3,4.5,27.8,1,1,1,1,1
2021-11-25T13,254.5,477.5,222.25,3.55,38.4,1,1,1,1,1
2021-11-25T14,271.0,473.0,217.1,4.05,41.25,1,1,1,1,1
2021-11-25T15,301.5,475.0,182.85,4.0,45.3,1,1,1,1,1
2021-11-25T16,316.0,481.0,176.0,4.7,47.3,1,1,1,1,1
2021-11-25T17,350.0,544.0,149.6,4.6,53.1,1,1,1,1,1
2021-11-25T18,344.0,497.0,121.25,3.05,44.65,1,1,1,1,1
2021-11-25T19,290.5,413.0,98.3,6.9,41.6,1,1,1,1,1
2021-11-25T20,277.0,382.0,91.15,5.2,37.55,1,1,1,1,1
2021-11-25T21,258.5,352.5,99.65,4.45,34.7,1,1,1,1,1
2021-11-25T22,240.0,323.0,91.5,4.6,32.2,1,1,1,1,1
2021-11-25T23,231.5,306.0,83.2,4.75,31.05,1,1,1,1,1
2021-11-26T00,236.0,313.5,77.95,5.95,32.05,1,1,1,1,1
2021-11-26T01,233.5,322.0,88.35,8.0,31.7,1,1,1,1,1
2021-11-26T02,281.0,405.5,182.3,15.35,33.85,1,1,1,1,1
2021-11-26T03,322.0,466.0,291.9,18.2,33.65,1,1,1,1,1
2021-11-26T04,410.0,575.0,227.1,57.9,26.4,1,1,1,1,1
2021-11-26T05,410.0,575.0,193.8,233.1,23.0,1,1,1,1,1
2021-11-26T06,254.0,393.0,90.7,197.5,17.55,1,1,1,1,1
2021-11-26T07,232.5,359.5,137.45,161.35,14.45,1,1,1,1,1
2021-11-26T08,236.0,378.5,136.7,118.25,14.05,1,1,1,1,1
2021-11-26T09,186.5,320.5,157.4,68.0,12.85,1,1,1,1,1
2021-11-26T10,181.5,340.5,196.35,16.25,12.4,1,1,1,1,1
2021-11-26T11,187.5,428.5,196.85,5.15,13.0,1,1,1,1,1
2021-11-26T12,190.0,486.0,220.3,4.0,15.7,1,1,1,1,1
2021-11-26T13,256.0,495.5,213.45,4.3,28.65,1,1,1,1,1
2021-11-26T14,281.5,490.0,185.85,4.2,37.0,1,1,1,1,1
2021-11-26T15,294.0,485.0,172.75,4.55,39.95,1,1,1,1,1
2021-11-26T16,303.5,475.5,172.15,4.2,43.75,1,1,1,1,1
2021-11-26T17,309.0,443.0,136.9,6.5,,1,1,1,1,0
2021-11-26T18,319.0,450.5,118.95,4.3,44.45,2,2,2,2,2
2021-11-26T19,325.0,444.5,104.35,8.1,45.05,1,1,1,1,1
2021-11-26T20,321.5,424.5,95.0,5.65,45.15,1,1,1,1,1
2021-11-26T21,322.0,418.0,101.4,4.8,45.7,1,1,1,1,1
2021-11-26T22,273.0,345.0,77.85,4.75,40.35,1,1,1,1,1
2021-11-26T23,254.5,316.5,73.85,4.95,38.25,1,1,1,1,1
2021-11-27T00,251.0,315.5,84.85,4.65,36.95,1,1,1,1,1
2021-11-27T01,265.0,342.0,95.85,9.2,38.25,1,1,1,1,1
2021-11-27T02,278.0,364.0,89.1,12.1,39.7,1,1,1,1,1
2021-11-27T03,291.5,423.0,200.9,9.15,33.5,1,1,1,1,1
2021-11-27T04,255.5,383.0,130.3,55.25,20.75,1,1,1,1,1
2021-11-27T05,212.5,331.5,107.7,102.05,16.3,1,1,1,1,1
2021-11-27T06,196.0,323.0,113.3,113.15,14.1,1,1,1,1,1
2021-11-27T07,199.0,331.0,106.1,113.1,13.4,1,1,1,1,1
2021-11-27T09,162.5,277.0,139.6,73.5,11.05,1,1,1,1,1
2021-11-27T10,164.0,285.0,187.4,9.65,11.0,1,1,1,1,1
2021-11-27T11,175.0,329.0,197.1,3.2,12.1,1,1,1,1,1
2021-11-27T12,175.0,329.0,178.85,2.95,14.2,1,1,1,1,1
2021-11-27T13,194.0,349.0,202.4,3.4,20.2,1,1,1,1,1
2021-11-27T14,201.0,379.0,195.85,3.75,24.0,1,1,1,1,1
2021-11-27T15,262.0,451.0,160.9,4.7,28.5,1,1,1,1,1
2021-11-27T16,293.0,482.0,158.75,9.65,31.1,1,1,1,1,1
2021-11-27T17,321.0,506.0,136.7,7.7,32.7,1,1,1,1,1
2021-11-27T18,279.0,409.0,112.05,5.6,35.25,1,1,1,1,1
2021-11-27T19,272.0,371.0,102.4,23.2,36.7,1,1,1,1,1
2021-11-27T20,283.0,390.0,96.35,53.7,37.15,1,1,1,1,1
2021-11-27T21,310.0,423.0,86.45,60.7,37.05,1,1,1,1,1
2021-11-27T22,309.0,406.0,74.6,154.4,35.65,1,1,1,1,1
2021-11-27T23,322.0,412.0,77.55,332.2,34.65,1,1,1,1,1
2021-11-28T00,299.0,387.0,82.9,,33.8,1,1,1,0,1
2021-11-28T01,306.0,398.0,80.4,,35.0,1,1,1,0,1
2021-11-28T02,321.0,421.5,123.15,298.2,35.5,1,1,1,1,1
2021-11-28T03,329.0,452.0,166.55,58.0,30.55,1,1,1,1,1
2021-11-28T04,327.0,460.0,132.9,54.9,25.5,1,1,1,1,1
2021-11-28T05,285.5,404.0,103.0,87.95,21.55,1,1,1,1,1
2021-11-28T06,247.0,355.0,101.55,113.4,19.15,1,1,1,1,1
2021-11-28T07,215.0,319.5,88.7,137.35,18.45,1,1,1,1,1
2021-11-28T08,187.0,291.5,89.45,137.3,17.45,1,1,1,1,1
2021-11-28T09,174.0,272.0,104.4,105.4,16.3,1,1,1,1,1
2021-11-28T10,173.5,270.5,132.8,55.5,16.65,1,1,1,1,1
2021-11-28T11,181.0,288.0,163.2,12.0,16.55,1,1,1,1,1
2021-11-28T12,189.0,307.0,179.5,3.8,19.0,1,1,1,1,1
2021-11-28T13,230.5,360.5,163.25,3.05,27.1,1,1,1,1,1
2021-11-28T14,361.0,482.0,146.3,3.9,30.5,1,1,1,1,1
2021-11-28T15,361.0,482.0,148.7,3.95,32.3,1,1,1,1,1
2021-11-28T16,424.5,562.0,156.15,4.7,36.6,1,1,1,1,1
2021-11-28T17,528.0,659.0,126.1,3.9,40.2,1,1,1,1,1
2021-11-28T18,294.0,396.0,104.75,4.15,39.2,2,2,2,2,2
2021-11-28T19,272.5,364.0,99.25,9.0,37.45,1,1,1,1,1
2021-11-28T20,262.0,354.0,101.5,6.0,36.35,1,1,1,1,1
2021-11-28T21,278.0,346.0,80.8,6.2,35.2,1,1,1,1,1
2021-11-28T22,270.0,337.0,78.0,7.0,33.55,1,1,1,1,1
2021-11-28T23,259.5,327.0,81.55,6.35,31.75,1,1,1,1,1
2021-11-29T00,257.0,326.0,80.4,7.1,32.0,1,1,1,1,1
2021-11-29T01,276.5,360.5,82.1,11.45,33.7,1,1,1,1,1
2021-11-29T02,285.0,381.0,117.1,9.1,35.4,1,1,1,1,1
2021-11-29T03,335.0,469.5,193.1,8.9,33.05,1,1,1,1,1
2021-11-29T04,337.0,459.0,189.1,28.8,27.4,1,1,1,1,1
2021-11-29T10,94.0,248.0,,,,1,1,0,0,0
2021-11-29T11,101.0,247.0,159.0,6.45,15.4,1,1,1,1,1
2021-11-29T12,121.0,268.0,166.8,3.05,16.25,1,1,1,1,1
2021-11-29T13,150.5,306.0,175.3,3.0,21.05,1,1,1,1,1
2021-11-29T14,167.0,322.0,165.7,2.3,22.0,1,1,1,1,1
2021-11-29T15,185.5,313.5,152.3,3.5,22.75,1,1,1,1,1
2021-11-29T16,202.5,323.0,134.95,3.2,23.8,1,1,1,1,1
2021-11-29T17,209.5,329.0,125.65,4.05,23.4,1,1,1,1,1
2021-11-29T18,209.5,317.0,112.95,2.4,31.8,1,1,1,1,1
2021-11-29T19,195.0,286.5,114.45,5.6,31.4,1,1,1,1,1
2021-11-29T20,183.5,261.5,106.8,2.9,29.9,1,1,1,1,1
2021-11-29T21,173.0,243.5,94.7,4.95,28.05,1,1,1,1,1
2021-11-29T22,163.0,235.0,95.9,6.4,26.9,1,1,1,1,1
2021-11-29T23,161.0,227.0,97.4,4.6,26.7,1,1,1,1,1
2021-11-30T00,168.0,235.0,101.05,3.2,26.4,1,1,1,1,1
2021-11-30T01,174.0,259.0,108.4,3.6,26.9,1,1,1,1,1
2021-11-30T02,188.0,306.0,121.9,5.95,28.15,1,1,1,1,1
2021-11-30T03,212.0,360.0,107.35,36.5,27.05,1,1,1,1,1
2021-11-30T04,212.0,359.0,101.0,63.2,26.35,1,1,1,1,1
2021-11-30T05,200.0,331.0,76.1,127.2,25.7,1,1,1,1,1
2021-11-30T06,166.0,294.0,68.4,141.8,25.55,1,1,1,1,1
2021-11-30T07,167.0,291.0,60.8,153.5,25.5,1,1,1,1,1
2021-11-30T08,160.0,267.0,60.0,150.4,24.25,1,1,1,1,1
2021-11-30T09,136.0,240.0,66.75,123.25,24.25,1,1,1,1,1
2021-11-30T10,114.0,221.0,107.8,82.0,24.1,1,1,1,1,1
2021-11-30T11,144.0,285.0,180.8,3.3,26.65,1,1,1,1,1
2021-11-30T12,161.0,321.0,155.1,2.8,30.9,1,1,1,1,1
2021-11-30T13,184.0,343.5,153.4,3.0,34.15,1,1,1,1,1
2021-11-30T14,207.0,385.0,145.8,2.8,41.7,1,1,1,1,1
2021-11-30T15,245.5,395.5,133.0,3.25,43.5,1,1,1,1,1
2021-11-30T16,245.5,380.5,138.15,3.15,43.95,1,1,1,1,1
2021-11-30T17,243.0,373.0,137.3,2.9,44.6,1,1,1,1,1
2021-11-30T18,227.0,325.0,113.7,2.7,34.2,1,1,1,1,1
2021-11-30T19,200.0,277.5,102.3,6.8,31.35,1,1,1,1,1
2021-11-30T20,200.0,270.5,93.5,3.45,30.75,1,1,1,1,1
2021-11-30T21,192.0,261.0,97.95,2.9,29.45,1,1,1,1,1
2021-11-30T22,178.0,239.0,89.65,3.1,27.95,1,1,1,1,1
2021-11-30T23,172.5,231.0,83.7,2.55,26.1,1,1,1,1,1
2021-12-01T00,171.0,237.0,87.05,2.95,25.9,1,1,1,1,1
2021-12-01T01,180.0,260.5,87.2,3.1,26.05,1,1,1,1,1
2021-12-01T02,185.0,277.0,98.6,1.3,26.9,1,1,1,1,1
2021-12-01T03,211.0,377.0,128.5,3.8,28.1,1,1,1,1,1
2021-12-01T04,224.0,390.0,148.4,4.2,26.9,1,1,1,1,1
2021-12-01T05,213.5,391.0,172.05,5.7,25.55,1,1,1,1,1
2021-12-01T07,185.5,296.0,109.5,50.6,22.4,1,1,1,1,1
2021-12-01T08,177.0,279.0,123.5,69.8,22.6,1,1,1,1,1
2021-12-01T09,245.0,499.0,140.9,63.1,21.9,1,1,1,1,1
2021-12-01T10,243.0,518.0,168.55,10.25,22.95,1,1,1,1,1
2021-12-01T11,235.5,500.5,158.5,3.7,23.1,1,1,1,1,1
2021-12-01T12,230.0,464.0,163.4,3.2,24.1,1,1,1,1,1
2021-12-01T13,259.0,455.0,149.0,2.6,27.95,1,1,1,1,1
2021-12-01T14,293.5,490.0,147.6,2.75,29.7,1,1,1,1,1
2021-12-01T15,305.5,491.0,134.4,3.45,29.85,1,1,1,1,1
2021-12-01T17,334.0,498.0,114.4,4.4,,1,1,1,1,0
2021-12-01T18,334.0,498.0,115.4,2.9,32.8,1,1,1,1,1
2021-12-01T19,342.0,498.0,104.7,7.7,34.4,1,1,1,1,1
2021-12-01T20,345.5,489.0,95.7,3.2,28.4,1,1,1,1,1
2021-12-01T22,350.5,478.5,84.7,2.85,29.45,1,1,1,1,1
2021-12-01T23,339.5,465.0,79.15,2.45,28.8,1,1,1,1,1
2021-12-02T00,332.0,438.5,81.35,2.9,28.2,1,1,1,1,1
2021-12-02T01,331.5,428.5,81.05,4.0,27.85,1,1,1,1,1
2021-12-02T02,334.0,440.0,85.9,2.8,27.9,1,1,1,1,1
2021-12-02T03,327.0,449.0,104.3,10.1,27.2,1,1,1,1,1
2021-12-02T04,312.0,426.0,112.0,14.9,26.3,1,1,1,1,1
2021-12-02T05,285.5,410.5,100.15,33.45,24.8,1,1,1,1,1
2021-12-02T06,261.0,381.0,94.5,40.0,24.9,1,1,1,1,1
2021-12-02T07,269.0,383.0,103.6,47.6,23.9,1,1,1,1,1
2021-12-02T08,251.0,388.0,100.2,37.9,,1,1,1,1,0
2021-12-02T09,245.0,381.0,120.15,8.95,24.0,1,1,1,1,1
2021-12-02T10,261.0,381.0,107.9,5.9,24.5,1,1,1,1,1
2021-12-02T11,217.0,285.0,108.6,6.1,26.3,1,1,1,1,1
2021-12-02T16,163.0,200.0,110.9,2.5,24.2,1,1,1,1,1
2021-12-02T17,146.0,180.0,92.0,4.3,24.3,1,1,1,1,1
2021-12-02T18,129.0,156.0,79.75,3.15,29.35,1,1,1,1,1
2021-12-02T19,127.0,158.0,81.0,6.7,30.55,1,1,1,1,1
2021-12-02T20,127.0,169.0,77.0,3.45,26.1,1,1,1,1,1
2021-12-02T21,134.0,186.0,72.2,1.75,27.45,1,1,1,1,1
2021-12-02T22,139.0,186.0,69.45,1.1,27.95,1,1,1,1,1
2021-12-02T23,153.0,200.0,70.35,3.2,28.25,1,1,1,1,1
2021-12-03T00,174.0,219.0,74.2,2.8,29.0,1,1,1,1,1
2021-12-03T01,199.0,249.0,80.5,5.15,28.75,1,1,1,1,1
2021-12-03T04,223.0,310.0,82.9,34.65,28.7,1,1,1,1,1
2021-12-03T05,226.0,315.0,77.55,49.1,28.25,1,1,1,1,1
2021-12-03T06,226.0,323.0,84.15,50.5,28.45,1,1,1,1,1
2021-12-03T07,235.0,334.0,71.95,86.95,28.75,1,1,1,1,1
2021-12-03T08,235.0,337.0,66.75,100.95,28.45,1,1,1,1,1
2021-12-03T09,219.0,312.0,62.0,108.35,27.4,1,1,1,1,1
2021-12-03T10,202.0,273.0,78.85,90.3,27.5,1,1,1,1,1
2021-12-03T11,210.5,298.0,103.45,47.25,27.2,1,1,1,1,1
2021-12-03T12,221.0,345.0,145.1,3.0,28.4,1,1,1,1,1
2021-12-03T13,248.0,376.0,147.6,2.9,32.6,1,1,1,1,1
2021-12-03T14,258.5,389.0,136.95,1.55,34.3,1,1,1,1,1
2021-12-03T15,270.0,379.0,134.95,3.15,38.9,1,1,1,1,1
2021-12-03T16,280.0,398.0,120.9,2.7,40.5,1,1,1,1,1
2021-12-03T17,239.0,328.0,92.05,5.45,40.6,1,1,1,1,1
2021-12-03T18,245.0,370.0,63.35,5.2,37.6,1,1,1,1,1
2021-12-03T19,240.0,360.0,59.5,,38.3,1,1,1,0,1
2021-12-03T20,229.0,317.0,63.4,4.15,33.3,1,1,1,1,1
2021-12-03T21,210.0,285.0,55.6,3.7,34.85,1,1,1,1,1
2021-12-03T22,184.0,243.0,65.7,1.2,33.8,1,1,1,1,1
2021-12-03T23,161.0,223.0,59.8,3.2,32.15,1,1,1,1,1
2021-12-04T00,163.0,227.0,62.95,3.55,31.7,1,1,1,1,1
2021-12-04T01,179.0,255.0,68.7,5.05,32.1,1,1,1,1,1
2021-12-04T02,190.0,293.0,113.2,4.7,31.75,1,1,1,1,1
2021-12-04T03,218.0,338.0,113.05,21.4,29.1,1,1,1,1,1
2021-12-04T04,233.0,316.0,110.1,45.3,26.4,1,1,1,1,1
2021-12-04T05,190.5,307.0,63.65,107.5,24.4,1,1,1,1,1
2021-12-04T06,163.0,245.0,55.45,132.35,22.9,1,1,1,1,1
2021-12-04T07,118.5,196.0,56.65,138.65,21.95,1,1,1,1,1
2021-12-04T08,112.0,178.0,43.0,130.9,20.8,1,1,1,1,1
2021-12-04T09,78.0,125.0,58.55,90.1,20.5,1,1,1,1,1
2021-12-04T10,45.0,92.0,95.85,42.1,20.3,1,1,1,1,1
2021-12-04T11,53.0,129.0,123.15,3.3,20.55,1,1,1,1,1
2021-12-04T12,55.0,196.0,124.8,3.0,23.25,1,1,1,1,1
2021-12-04T13,92.0,230.0,119.95,1.9,28.85,1,1,1,1,1
2021-12-04T14,114.5,248.0,118.35,1.45,32.3,1,1,1,1,1
2021-12-04T15,119.0,260.0,119.8,2.95,37.4,1,1,1,1,1
2021-12-04T16,193.0,356.0,120.0,3.25,44.15,1,1,1,1,1
2021-12-04T17,211.0,393.0,109.5,3.7,48.1,1,1,1,1,1
2021-12-04T18,218.0,377.0,90.0,4.6,39.6,1,1,1,1,1
2021-12-04T19,178.0,271.0,86.5,,39.8,1,1,1,0,1
2021-12-04T20,169.0,256.0,,6.4,,1,1,0,1,0
2021-12-04T21,174.0,259.0,54.75,4.2,34.9,1,1,1,1,1
2021-12-04T22,162.0,233.0,52.15,5.55,35.25,1,1,1,1,1
2021-12-04T23,153.0,215.0,64.3,7.2,38.4,1,1,1,1,1
2021-12-05T00,173.0,237.0,55.45,11.85,40.8,1,1,1,1,1
2021-12-05T01,186.0,250.0,64.0,23.5,43.35,1,1,1,1,1
2021-12-05T02,190.0,268.0,103.85,30.25,45.35,1,1,1,1,1
2021-12-05T03,212.0,311.0,175.75,25.65,38.0,1,1,1,1,1
2021-12-05T04,224.0,372.0,114.25,54.0,29.3,1,1,1,1,1
2021-12-05T05,197.0,279.0,118.0,49.4,23.2,1,1,1,1,1
2021-12-05T06,174.0,252.0,97.5,75.6,20.3,1,1,1,1,1
2021-12-05T07,127.0,201.5,79.7,80.55,18.95,1,1,1,1,1
2021-12-05T08,115.0,178.0,84.65,87.35,17.7,1,1,1,1,1
2021-12-05T09,125.0,188.0,97.9,55.3,17.45,1,1,1,1,1
2021-12-05T10,108.0,199.0,143.9,3.7,17.7,1,1,1,1,1
2021-12-05T11,108.0,199.0,136.1,4.9,17.4,1,1,1,1,1
2021-12-05T12,135.0,245.0,141.2,5.5,20.6,1,1,1,1,1
2021-12-05T13,152.0,307.0,133.6,3.0,26.1,1,1,1,1,1
2021-12-05T14,190.0,337.0,125.1,2.4,30.0,1,1,1,1,1
2021-12-05T15,189.0,332.0,135.0,2.4,29.6,1,1,1,1,1
2021-12-05T16,200.0,334.5,130.05,3.5,28.9,1,1,1,1,1
2021-12-05T17,228.5,366.0,141.1,5.2,30.5,1,1,1,1,1
2021-12-05T18,236.0,337.0,118.1,6.15,31.5,1,1,1,1,1
2021-12-05T19,226.0,301.5,107.85,9.8,30.85,1,1,1,1,1
2021-12-05T20,213.5,286.5,118.0,5.2,25.1,1,1,1,1,1
2021-12-05T21,208.0,277.0,103.8,3.2,25.8,1,1,1,1,1
2021-12-05T22,207.0,260.0,87.3,2.2,26.6,1,1,1,1,1
2021-12-05T23,189.0,233.0,78.0,4.7,27.9,1,1,1,1,1
2021-12-06T00,201.0,272.0,80.2,3.7,27.7,1,1,1,1,1
2021-12-06T01,195.0,263.5,77.85,6.35,26.05,1,1,1,1,1
2021-12-06T02,199.5,272.5,92.35,5.5,26.4,1,1,1,1,1
2021-12-06T03,210.0,290.0,108.35,5.05,26.75,1,1,1,1,1
2021-12-06T04,170.0,254.0,101.8,27.1,24.6,1,1,1,1,1
2021-12-06T05,147.0,236.0,78.55,67.05,23.3,1,1,1,1,1
2021-12-06T06,128.0,203.5,60.2,101.1,21.7,1,1,1,1,1
2021-12-06T07,118.0,180.0,56.4,116.6,20.8,1,1,1,1,1
2021-12-06T08,93.5,154.0,53.9,114.8,19.85,1,1,1,1,1
2021-12-06T09,,,62.8,96.4,20.3,0,0,1,1,1
2021-12-06T10,78.5,141.0,94.35,48.65,20.7,1,1,1,1,1
2021-12-06T11,77.0,143.0,130.0,3.4,21.3,1,1,1,1,1
2021-12-06T12,78.5,165.5,127.0,3.9,21.7,1,1,1,1,1
2021-12-06T13,115.5,224.5,123.6,4.75,26.7,1,1,1,1,1
2021-12-06T14,140.5,270.0,121.75,4.25,29.7,1,1,1,1,1
2021-12-06T15,150.0,272.0,99.1,3.9,31.8,1,1,1,1,1
2021-12-06T16,156.5,286.5,111.5,4.8,33.1,1,1,1,1,1
2021-12-06T17,159.0,277.5,98.3,3.75,34.7,1,1,1,1,1
2021-12-06T18,147.5,233.5,95.65,3.7,31.0,1,1,1,1,1
2021-12-06T19,144.5,217.0,85.75,7.9,28.25,1,1,1,1,1
2021-12-06T20,149.0,221.0,,4.3,,1,1,0,1,0
2021-12-06T21,137.5,196.5,71.0,4.05,24.6,1,1,1,1,1
2021-12-06T22,126.5,183.5,66.3,3.6,24.4,1,1,1,1,1
2021-12-06T23,124.5,177.5,67.05,3.55,24.5,1,1,1,1,1
2021-12-07T00,121.0,171.0,68.0,3.9,24.2,1,1,1,1,1
2021-12-07T01,117.0,186.5,71.95,4.2,23.9,1,1,1,1,1
2021-12-07T02,122.0,191.0,104.5,5.1,23.8,1,1,1,1,1
2021-12-07T03,147.0,211.0,84.2,22.9,25.3,1,1,1,1,1
2021-12-07T04,142.5,208.5,77.6,41.6,22.85,1,1,1,1,1
2021-12-07T05,138.0,206.0,54.9,82.3,21.8,1,1,1,1,1
2021-12-07T06,94.0,163.5,48.0,106.25,22.2,1,1,1,1,1
2021-12-07T07,85.0,155.0,41.9,104.6,24.4,1,1,1,1,1
2021-12-07T08,42.0,90.0,37.6,106.8,18.6,1,1,1,1,1
2021-12-07T09,42.0,90.0,47.4,97.3,17.6,1,1,1,1,1
2021-12-07T10,,,73.6,31.5,23.0,0,0,1,1,1
2021-12-07T11,38.0,136.0,97.95,4.7,27.4,1,1,1,1,1
2021-12-07T12,38.0,136.0,103.6,3.5,29.95,1,1,1,1,1
2021-12-07T13,77.5,192.5,105.9,3.85,32.5,1,1,1,1,1
2021-12-08T00,118.0,171.0,61.8,2.9,23.9,1,1,1,1,1
2021-12-08T02,128.0,196.0,78.95,5.95,26.15,1,1,1,1,1
2021-12-08T03,136.5,230.0,73.05,26.0,25.6,1,1,1,1,1
2021-12-08T04,134.0,228.0,78.1,47.9,24.9,1,1,1,1,1
2021-12-08T05,95.0,184.0,42.0,114.6,23.8,1,1,1,1,1
2021-12-08T06,73.0,138.0,41.7,126.0,22.9,1,1,1,1,1
2021-12-08T07,70.0,130.0,35.4,127.85,22.65,1,1,1,1,1
2021-12-08T08,56.5,106.5,32.6,120.15,22.2,1,1,1,1,1
2021-12-08T10,45.5,117.0,57.45,84.6,20.6,1,1,1,1,1
2021-12-08T11,48.5,155.0,110.9,10.75,21.25,1,1,1,1,1
2021-12-08T13,91.5,218.5,131.75,3.25,27.0,1,1,1,1,1
2021-12-08T14,122.5,244.5,117.35,3.4,30.65,1,1,1,1,1
2021-12-08T15,141.5,248.0,114.35,3.2,32.75,1,1,1,1,1
2021-12-08T17,175.0,284.0,94.0,3.3,,1,1,1,1,0
2021-12-08T19,149.0,221.0,76.5,1.9,32.2,1,1,1,1,1
2021-12-08T20,148.0,216.0,77.8,2.95,28.2,1,1,1,1,1
2021-12-08T21,147.0,211.0,73.0,3.1,28.2,1,1,1,1,1
2021-12-08T22,145.0,201.0,76.15,2.8,26.25,1,1,1,1,1
2021-12-08T23,137.0,199.0,72.1,3.15,24.9,1,1,1,1,1
2021-12-09T01,138.5,207.0,76.1,3.75,25.8,1,1,1,1,1
2021-12-09T02,146.5,238.5,98.15,3.65,25.65,1,1,1,1,1
2021-12-09T03,146.5,241.0,84.7,14.35,24.1,1,1,1,1,1
2021-12-09T04,143.5,233.5,91.55,31.4,,1,1,1,1,0
2021-12-09T05,133.0,212.0,83.8,61.0,21.5,1,1,1,1,1
2021-12-09T06,130.0,206.5,80.25,91.1,21.2,1,1,1,1,1
2021-12-09T07,127.0,201.0,64.8,144.6,21.3,1,1,1,1,1
2021-12-09T08,118.0,207.0,45.7,146.2,20.55,1,1,1,1,1
2021-12-09T09,103.0,185.0,54.25,120.85,20.25,1,1,1,1,1
2021-12-09T10,89.0,186.0,89.1,63.15,19.25,1,1,1,1,1
2021-12-09T11,89.0,210.0,127.25,7.95,18.75,1,1,1,1,1
2021-12-09T12,105.5,231.0,136.15,3.75,19.7,1,1,1,1,1
2021-12-09T13,139.0,273.5,154.05,3.75,28.45,1,1,1,1,1
2021-12-09T14,170.0,305.5,136.3,3.85,34.1,1,1,1,1,1
2021-12-09T15,174.0,296.0,124.5,4.5,34.0,1,1,1,1,1
2021-12-09T16,194.0,312.0,117.1,3.8,32.75,1,1,1,1,1
2021-12-09T17,205.0,316.0,95.8,2.9,,1,1,1,1,0
2021-12-09T18,197.0,303.5,96.1,3.6,33.25,1,1,1,1,1
2021-12-09T19,179.0,271.0,92.1,2.1,31.9,1,1,1,1,1
2021-12-09T20,169.0,251.0,,3.55,,1,1,0,1,0
2021-12-09T21,162.0,238.0,80.6,2.0,29.25,1,1,1,1,1
2021-12-09T22,164.0,230.0,75.5,3.6,28.45,1,1,1,1,1
2021-12-09T23,154.0,218.0,71.5,3.0,28.05,1,1,1,1,1
2021-12-10T00,149.0,215.5,79.9,3.3,27.1,1,1,1,1,1
2021-12-10T01,150.0,236.5,83.1,6.0,27.1,1,1,1,1,1
2021-12-10T02,153.0,257.0,84.7,1.5,26.9,1,1,1,1,1
2021-12-10T03,163.0,274.5,90.45,14.25,25.7,1,1,1,1,1
2021-12-10T04,159.0,260.0,78.5,40.35,24.05,1,1,1,1,1
2021-12-10T05,150.5,250.0,68.2,73.7,23.45,1,1,1,1,1
2021-12-10T06,129.5,222.5,53.55,118.8,22.9,1,1,1,1,1
2021-12-10T07,113.0,204.0,43.85,135.25,22.8,1,1,1,1,1
2021-12-10T08,101.0,178.5,43.4,131.35,22.55,1,1,1,1,1
2021-12-10T09,81.5,148.0,45.5,118.8,20.95,1,1,1,1,1
2021-12-10T10,78.5,177.0,74.15,73.5,20.65,1,1,1,1,1
2021-12-10T11,83.0,211.0,122.4,9.65,20.95,1,1,1,1,1
2021-12-10T12,102.5,229.5,132.95,3.8,22.3,1,1,1,1,1
2021-12-10T13,117.0,233.0,136.55,3.35,25.6,1,1,1,1,1
2021-12-10T14,158.5,294.0,130.25,3.3,28.6,1,1,1,1,1
2021-12-10T15,178.5,298.5,124.3,3.9,29.2,1,1,1,1,1
2021-12-10T16,185.0,299.0,116.4,3.7,29.2,1,1,1,1,1
2021-12-10T17,201.5,302.5,109.0,4.8,30.2,1,1,1,1,1
2021-12-10T18,193.0,280.5,93.25,3.15,30.8,1,1,1,1,1
2021-12-10T19,164.0,236.5,92.0,2.0,29.15,1,1,1,1,1
2021-12-10T20,143.0,204.0,86.4,3.25,26.8,1,1,1,1,1
2021-12-10T21,136.5,190.5,83.3,2.75,26.65,1,1,1,1,1
2021-12-10T22,130.0,183.5,80.35,2.75,26.4,1,1,1,1,1
2021-12-10T23,125.5,183.5,83.5,2.85,25.15,1,1,1,1,1
2021-12-11T00,118.0,195.0,81.6,3.0,24.7,1,1,1,1,1
2021-12-11T01,119.5,202.5,87.7,5.35,23.95,1,1,1,1,1
2021-12-11T02,124.5,214.0,85.65,13.55,23.8,1,1,1,1,1
2021-12-11T03,123.5,212.5,75.15,37.6,23.35,1,1,1,1,1
2021-12-11T04,112.0,195.0,65.6,75.7,22.1,1,1,1,1,1
2021-12-11T05,101.0,168.0,52.6,105.4,22.0,1,1,1,1,1
2021-12-11T06,87.5,153.0,42.3,116.7,22.0,1,1,1,1,1
2021-12-11T07,74.0,138.0,34.9,109.95,21.85,1,1,1,1,1
2021-12-11T08,48.0,91.0,35.85,119.3,21.8,1,1,1,1,1
2021-12-11T09,55.0,107.0,36.8,113.4,20.7,1,1,1,1,1
2021-12-11T10,55.0,107.0,65.2,78.4,20.65,1,1,1,1,1
2021-12-11T11,54.0,168.5,110.35,18.45,20.3,1,1,1,1,1
2021-12-11T12,56.0,184.0,123.0,3.6,22.15,1,1,1,1,1
2021-12-11T13,77.0,212.0,128.65,2.95,28.65,1,1,1,1,1
2021-12-11T14,148.5,291.0,120.1,4.4,34.05,1,1,1,1,1
2021-12-11T15,162.0,291.0,120.7,3.35,36.0,1,1,1,1,1
2021-12-11T16,159.5,270.0,109.9,3.65,35.45,1,1,1,1,1
2021-12-11T17,186.5,297.0,110.25,4.0,36.9,1,1,1,1,1
2021-12-11T18,205.0,311.5,90.75,2.8,36.75,1,1,1,1,1
2021-12-11T19,179.5,267.5,92.4,0.6,35.1,1,1,1,1,1
2021-12-11T20,154.0,220.5,84.7,3.0,30.5,1,1,1,1,1
2021-12-11T21,136.0,186.0,72.1,3.3,31.6,1,1,1,1,1
2021-12-11T22,136.0,186.0,73.8,3.55,30.75,1,1,1,1,1
2021-12-11T23,124.5,173.5,74.75,3.15,30.15,1,1,1,1,1
2021-12-12T00,118.5,165.0,76.6,3.45,28.4,1,1,1,1,1
2021-12-12T01,127.0,185.0,87.65,5.15,27.6,1,1,1,1,1
2021-12-12T02,128.5,205.0,97.9,3.2,27.1,1,1,1,1,1
2021-12-12T03,99.0,173.0,95.5,17.0,24.4,1,1,1,1,1
2021-12-12T04,86.0,153.5,65.9,54.1,22.05,1,1,1,1,1
2021-12-12T05,75.0,137.5,69.35,68.65,21.35,1,1,1,1,1
2021-12-12T06,72.0,132.0,50.8,94.6,20.65,1,1,1,1,1
2021-12-12T07,68.5,125.0,45.8,116.6,20.1,1,1,1,1,1
2021-12-12T08,70.0,127.0,42.65,133.25,19.9,1,1,1,1,1
2021-12-12T09,73.0,128.5,55.05,119.35,19.7,1,1,1,1,1
2021-12-12T10,73.0,136.0,71.65,84.0,19.45,1,1,1,1,1
2021-12-12T11,77.0,152.0,138.3,4.1,19.6,1,1,1,1,1
2021-12-12T12,93.0,195.5,136.5,3.4,21.8,1,1,1,1,1
2021-12-12T13,96.0,191.0,128.0,2.7,25.15,1,1,1,1,1
2021-12-12T14,154.0,281.0,126.2,3.4,31.6,1,1,1,1,1
2021-12-12T15,172.0,295.0,115.3,4.35,35.05,1,1,1,1,1
2021-12-12T16,252.0,383.5,127.65,4.75,43.8,1,1,1,1,1
2021-12-12T17,310.0,441.0,101.65,5.4,47.7,1,1,1,1,1
2021-12-12T18,318.0,426.0,71.2,4.8,41.8,1,1,1,1,1
2021-12-12T19,318.0,426.0,69.55,,42.15,1,1,1,0,1
2021-12-12T20,269.0,343.0,71.1,2.65,36.6,1,1,1,1,1
2021-12-12T21,247.0,312.5,54.85,4.0,37.7,1,1,1,1,1
2021-12-12T22,230.0,279.5,53.05,4.15,37.35,1,1,1,1,1
2021-12-12T23,223.0,275.0,51.7,4.05,37.25,1,1,1,1,1
2021-12-13T00,229.5,286.0,46.35,4.0,38.6,1,1,1,1,1
2021-12-13T01,222.5,282.0,52.4,3.1,38.1,1,1,1,1,1
2021-12-13T02,216.5,292.5,74.75,3.0,37.1,1,1,1,1,1
2021-12-13T03,201.5,301.0,173.85,5.25,34.1,1,1,1,1,1
2021-12-13T04,163.0,260.0,162.8,8.6,27.85,1,1,1,1,1
2021-12-13T05,131.0,217.5,98.15,50.7,23.05,1,1,1,1,1
2021-12-13T06,116.0,208.0,56.4,79.2,20.6,1,1,1,1,1
2021-12-13T07,91.5,153.5,54.5,92.55,18.85,1,1,1,1,1
2021-12-13T08,88.0,152.0,62.55,82.65,17.4,1,1,1,1,1
2021-12-13T09,83.0,141.0,77.3,76.45,16.8,1,1,1,1,1
2021-12-13T10,97.0,175.0,130.1,16.05,17.95,1,1,1,1,1
2021-12-13T11,108.0,226.5,130.65,3.75,16.9,1,1,1,1,1
2021-12-13T12,127.0,283.5,149.9,2.85,18.5,1,1,1,1,1
2021-12-13T13,197.0,374.0,158.5,1.8,30.2,1,1,1,1,1
2021-12-13T14,276.0,460.5,138.1,2.85,38.1,1,1,1,1,1
2021-12-13T15,293.0,474.0,134.2,2.9,41.5,1,1,1,1,1
2021-12-13T16,279.0,446.0,116.75,3.2,43.5,1,1,1,1,1
2021-12-13T17,312.0,454.5,102.75,4.9,45.7,1,1,1,1,1
2021-12-13T18,330.0,446.0,85.0,3.2,43.25,1,1,1,1,1
2021-12-13T19,310.0,411.0,64.6,,41.45,1,1,1,0,1
2021-12-13T20,271.0,341.5,64.5,1.9,33.2,1,1,1,1,1
2021-12-13T21,261.0,327.0,61.35,2.0,33.8,1,1,1,1,1
2021-12-13T22,242.5,303.0,52.25,2.7,34.2,1,1,1,1,1
2021-12-13T23,243.5,308.5,57.95,12.05,33.9,1,1,1,1,1
2021-12-14T00,250.0,328.0,55.1,42.7,36.0,1,1,1,1,1
2021-12-14T01,262.0,343.0,49.4,137.6,35.7,1,1,1,1,1
2021-12-14T02,277.5,396.0,86.4,59.75,33.7,1,1,1,1,1
2021-12-14T03,263.5,404.5,153.4,7.95,27.9,1,1,1,1,1
2021-12-14T04,238.0,373.0,115.6,13.8,24.2,1,1,1,1,1
2021-12-14T05,185.0,284.0,92.45,49.4,18.25,1,1,1,1,1
2021-12-14T06,151.5,239.0,70.25,78.0,15.85,1,1,1,1,1
2021-12-14T07,142.5,221.0,68.05,110.75,15.1,1,1,1,1,1
2021-12-14T08,129.0,204.5,77.35,92.0,14.15,1,1,1,1,1
2021-12-14T09,113.0,195.0,83.45,82.1,13.45,1,1,1,1,1
2021-12-14T10,119.5,228.0,136.6,12.2,13.2,1,1,1,1,1
2021-12-14T11,135.0,300.5,145.2,2.9,14.1,1,1,1,1,1
2021-12-14T12,152.0,354.0,144.25,2.9,15.65,1,1,1,1,1
2021-12-14T13,257.0,460.0,135.0,2.7,29.1,1,1,1,1,1
2021-12-14T14,264.0,442.5,134.1,1.6,32.55,1,1,1,1,1
2021-12-14T15,271.0,425.0,129.2,2.6,34.3,1,1,1,1,1
2021-12-14T16,290.0,431.0,126.0,3.15,37.95,1,1,1,1,1
2021-12-14T17,279.0,415.0,110.5,2.9,37.7,1,1,1,1,1
2021-12-15T03,183.5,270.5,98.55,26.95,21.55,1,1,1,1,1
2021-12-15T04,182.0,260.0,71.9,70.6,21.9,1,1,1,1,1
2021-12-15T05,182.0,260.0,69.9,69.3,19.5,1,1,1,1,1
2021-12-15T06,149.0,197.0,63.7,97.2,,1,1,1,1,0
2021-12-15T08,,,51.8,132.6,32.5,0,0,1,1,1
2021-12-15T11,86.0,193.0,,4.7,,1,1,0,1,0
2021-12-15T12,96.5,206.0,,2.8,,1,1,0,1,0
2021-12-15T13,148.5,278.0,142.15,3.4,37.7,1,1,1,1,1
2021-12-15T14,193.0,338.0,123.7,3.0,50.2,1,1,1,1,1
2021-12-15T15,193.5,340.0,116.7,4.6,50.2,1,1,1,1,1
2021-12-15T16,227.5,383.5,122.5,6.6,55.0,1,1,1,1,1
2021-12-15T17,261.0,425.0,110.8,7.55,59.05,1,1,1,1,1
2021-12-15T18,232.0,342.0,110.4,4.5,36.75,1,1,1,1,1
2021-12-15T19,221.0,312.0,97.5,5.8,32.4,1,1,1,1,1
2021-12-15T20,221.0,312.0,,4.2,,1,1,0,1,0
2021-12-15T21,213.5,289.0,94.65,6.4,24.7,1,1,1,1,1
2021-12-15T22,237.0,317.0,81.9,5.9,25.6,1,1,1,1,1
2021-12-15T23,230.0,306.0,76.05,21.9,25.4,1,1,1,1,1
2021-12-16T00,223.0,295.0,78.1,9.3,24.7,1,1,1,1,1
2021-12-16T01,222.0,285.0,84.8,7.1,24.2,1,1,1,1,1
2021-12-16T02,255.0,340.0,84.4,5.6,24.2,1,1,1,1,1
2021-12-16T03,238.0,353.0,117.9,14.5,23.8,1,1,1,1,1
2021-12-16T05,284.0,429.0,125.4,74.0,20.7,1,1,1,1,1
2021-12-16T06,264.0,410.5,101.2,109.85,19.75,1,1,1,1,1
2021-12-16T07,203.5,317.0,72.25,128.95,19.05,1,1,1,1,1
2021-12-16T08,177.0,275.0,70.3,113.45,18.0,1,1,1,1,1
2021-12-16T09,179.0,282.0,53.25,93.85,16.25,1,1,1,1,1
2021-12-16T10,97.0,155.0,49.6,87.1,15.1,1,1,1,1,1
2021-12-16T12,89.0,223.0,106.2,3.5,15.5,1,1,1,1,1
2021-12-16T13,152.0,287.0,114.05,4.75,18.45,1,1,1,1,1
2021-12-16T15,241.5,334.0,108.45,4.7,20.95,1,1,1,1,1
2021-12-16T16,253.5,336.5,101.2,5.4,20.8,1,1,1,1,1
2021-12-16T17,230.5,304.5,96.65,5.55,18.7,1,1,1,1,1
2021-12-16T18,201.0,269.5,99.4,4.25,25.85,1,1,1,1,1
2021-12-16T19,176.0,251.0,71.4,30.4,26.4,1,1,1,1,1
2021-12-16T20,163.0,239.0,,32.7,,1,1,0,1,0
2021-12-16T21,170.5,241.5,60.1,29.8,24.75,1,1,1,1,1
2021-12-16T22,184.5,250.5,56.8,26.35,27.1,1,1,1,1,1
2021-12-16T23,198.0,259.0,60.85,22.7,28.4,1,1,1,1,1
2021-12-17T00,200.5,259.0,69.0,17.65,27.5,1,1,1,1,1
2021-12-17T01,195.0,252.0,82.3,9.9,25.1,1,1,1,1,1
2021-12-17T02,202.0,302.0,84.9,28.4,24.7,1,1,1,1,1
2021-12-17T03,166.0,263.0,80.1,57.7,24.4,1,1,1,1,1
2021-12-17T04,137.0,228.5,58.6,94.15,24.0,1,1,1,1,1
2021-12-17T05,108.0,194.0,48.2,111.1,22.7,1,1,1,1,1
2021-12-17T06,90.5,171.0,43.15,120.3,23.4,1,1,1,1,1
2021-12-17T07,79.5,159.0,31.8,126.15,24.05,1,1,1,1,1
2021-12-17T08,73.0,154.5,32.9,122.1,23.65,1,1,1,1,1
2021-12-17T09,67.5,146.0,35.45,109.35,21.75,1,1,1,1,1
2021-12-17T10,68.0,173.0,53.1,82.2,21.2,1,1,1,1,1
2021-12-17T11,76.0,175.5,88.1,39.2,21.25,1,1,1,1,1
2021-12-17T12,84.0,178.0,115.2,5.0,21.0,1,1,1,1,1
2021-12-17T13,119.0,213.0,104.0,2.5,22.7,1,1,1,1,1
2021-12-17T14,169.5,254.0,99.55,3.7,26.75,1,1,1,1,1
2021-12-17T15,193.5,271.0,91.65,4.3,27.3,1,1,1,1,1
2021-12-17T16,190.0,252.0,72.2,12.5,24.5,1,1,1,1,1
2021-12-17T17,190.0,252.0,72.9,13.1,23.7,1,1,1,1,1
2021-12-18T00,147.0,215.0,50.1,7.7,27.9,1,1,1,1,1
2021-12-18T01,147.0,215.0,54.65,9.15,28.25,1,1,1,1,1
2021-12-18T02,152.5,222.0,55.5,15.9,26.8,1,1,1,1,1
2021-12-18T03,173.0,236.0,56.15,26.25,27.25,1,1,1,1,1
2021-12-18T04,186.0,243.0,53.7,44.6,27.5,1,1,1,1,1
2021-12-18T05,182.0,252.0,52.0,,32.3,1,1,1,0,1
2021-12-18T06,164.0,238.0,47.35,86.65,9.7,1,1,1,1,1
2021-12-18T07,129.5,212.5,39.85,104.45,7.0,1,1,1,1,1
2021-12-18T09,80.0,174.0,41.6,101.3,4.9,1,1,1,1,1
2021-12-18T10,78.0,182.0,60.6,73.4,4.5,1,1,1,1,1
2021-12-18T11,73.0,188.0,92.2,21.6,5.4,1,1,1,1,1
2021-12-18T12,93.0,207.5,105.1,1.45,5.95,1,1,1,1,1
2021-12-18T13,122.5,239.5,101.45,0.85,7.4,1,1,1,1,1
2021-12-18T14,132.5,239.0,92.75,1.0,7.5,1,1,1,1,1
2021-12-18T15,150.5,251.0,92.75,0.7,8.25,1,1,1,1,1
2021-12-18T16,159.0,263.0,87.05,0.9,8.8,1,1,1,1,1
2021-12-18T17,150.0,250.0,87.3,0.2,8.45,1,1,1,1,1
2021-12-18T18,135.5,212.5,81.9,,8.2,1,1,1,0,1
2021-12-18T19,130.0,202.0,81.7,,8.1,1,1,1,0,1
2021-12-18T20,106.0,162.0,65.6,7.4,6.7,1,1,1,1,1
2021-12-18T21,113.0,153.0,49.3,19.7,7.8,1,1,1,1,1
2021-12-18T22,107.5,151.0,41.2,23.9,7.85,1,1,1,1,1
2021-12-18T23,98.5,147.5,52.25,15.3,7.35,1,1,1,1,1
2021-12-19T00,95.0,146.0,61.0,2.15,7.3,1,1,1,1,1
2021-12-19T01,102.0,151.0,76.6,,7.6,1,1,1,0,1
2021-12-19T02,131.5,207.5,72.25,13.35,7.8,1,1,1,1,1
2021-12-19T03,140.0,250.0,67.3,36.0,7.8,1,1,1,1,1
2021-12-19T04,132.0,234.0,44.0,83.1,7.9,1,1,1,1,1
2021-12-19T05,132.0,234.0,49.8,95.3,7.9,1,1,1,1,1
2021-12-19T06,124.0,214.5,36.2,112.9,7.95,1,1,1,1,1
2021-12-19T07,109.5,186.5,35.25,123.35,7.55,1,1,1,1,1
2021-12-19T08,103.0,177.0,33.0,126.5,7.1,1,1,1,1,1
2021-12-19T09,102.0,175.0,39.6,120.6,6.6,1,1,1,1,1
2021-12-19T10,102.5,185.0,46.65,104.55,6.75,1,1,1,1,1
2021-12-19T11,119.0,226.0,119.9,1.1,6.8,1,1,1,1,1
2021-12-19T12,119.0,226.0,124.3,0.3,8.1,1,1,1,1,1
2021-12-19T13,218.0,322.0,112.4,0.0,11.2,1,1,1,1,1
2021-12-19T14,300.0,428.0,116.5,0.8,14.5,1,1,1,1,1
2021-12-19T15,302.5,430.0,110.7,0.5,17.25,1,1,1,1,1
2021-12-19T16,305.0,432.0,105.2,1.3,18.2,1,1,1,1,1
2021-12-19T17,306.0,417.0,101.3,1.7,18.4,1,1,1,1,1
2021-12-19T18,268.0,367.0,92.6,1.5,9.8,1,1,1,1,1
2021-12-19T19,268.0,367.0,91.4,,10.1,1,1,1,0,1
2021-12-19T20,231.5,317.0,79.3,1.6,5.4,1,1,1,1,1
2021-12-19T21,222.0,300.0,70.2,1.35,5.9,1,1,1,1,1
2021-12-19T22,182.5,245.0,63.1,0.3,5.75,1,1,1,1,1
2021-12-19T23,168.0,231.0,70.3,0.55,5.6,1,1,1,1,1
2021-12-20T00,155.0,216.5,69.65,1.65,5.45,1,1,1,1,1
2021-12-20T01,152.5,225.5,82.9,1.45,5.25,1,1,1,1,1
2021-12-20T02,169.0,265.0,94.9,6.9,4.8,1,1,1,1,1
2021-12-20T03,169.0,265.0,76.35,26.4,4.65,1,1,1,1,1
2021-12-20T04,137.5,223.0,64.2,62.45,3.45,1,1,1,1,1
2021-12-20T05,129.0,210.5,46.4,107.1,3.35,1,1,1,1,1
2021-12-20T06,120.0,189.5,42.9,125.1,4.95,1,1,1,1,1
2021-12-20T07,116.0,175.0,44.4,,6.7,1,1,1,0,1
2021-12-20T08,112.0,183.0,40.7,158.9,10.3,1,1,1,1,1
2021-12-20T09,110.0,191.0,41.2,142.1,4.8,1,1,1,1,1
2021-12-21T06,221.0,309.0,79.0,82.4,2.1,1,1,1,1,1
2021-12-22T01,340.0,455.0,89.2,2.2,10.6,1,1,1,1,1
2021-12-22T18,537.0,758.0,136.6,1.8,31.4,1,1,1,1,1
2021-12-22T19,526.0,710.0,133.3,,26.1,1,1,1,0,1
2021-12-22T21,462.0,582.0,91.0,1.7,17.7,1,1,1,1,1
2021-12-22T23,450.0,577.0,74.7,0.9,20.2,1,1,1,1,1
2021-12-23T01,455.0,563.0,83.6,1.4,21.5,1,1,1,1,1
2021-12-23T02,447.0,583.0,121.5,4.4,23.4,1,1,1,1,1
2021-12-23T08,199.0,362.0,107.7,84.2,7.5,1,1,1,1,1
2021-12-23T09,210.0,394.0,103.2,88.1,7.5,1,1,1,1,1
2021-12-23T14,250.0,492.0,158.0,3.0,13.9,1,1,1,1,1
2021-12-23T18,514.0,686.0,105.8,4.7,24.0,1,1,1,1,1
2021-12-23T21,462.0,580.0,62.6,3.6,15.7,1,1,1,1,1
2021-12-23T23,351.0,447.0,56.4,3.7,16.5,1,1,1,1,1
2021-12-24T06,229.0,372.0,113.1,56.7,1.0,1,1,1,1,1
2021-12-24T19,406.0,533.0,86.2,,17.3,1,1,1,0,1
2021-12-24T21,388.0,476.0,74.0,2.9,10.9,1,1,1,1,1
2021-12-24T22,370.0,454.0,58.5,1.1,11.8,1,1,1,1,1
2021-12-25T02,414.0,512.0,84.3,2.7,15.8,1,1,1,1,1
2021-12-25T05,340.0,461.0,187.5,10.7,5.9,1,1,1,1,1
2021-12-25T06,,,,,0.3,0,0,0,0,1
2021-12-25T07,260.0,389.0,109.1,98.7,,1,1,1,1,0
2021-12-25T12,222.0,613.0,184.9,1.6,10.1,1,1,1,1,1
2021-12-25T18,488.0,635.0,103.1,2.7,22.2,1,1,1,1,1
2021-12-25T19,454.0,567.0,87.1,,16.8,1,1,1,0,1
2021-12-25T21,406.0,497.0,60.1,2.6,13.2,1,1,1,1,1
2021-12-25T23,403.0,481.0,41.4,1.8,13.7,1,1,1,1,1
2021-12-26T00,390.0,475.0,57.8,2.1,14.7,1,1,1,1,1
2021-12-26T09,234.0,359.0,108.0,53.7,2.0,1,1,1,1,1
2021-12-26T13,302.0,370.0,114.6,2.6,2.5,1,1,1,1,1
2021-12-26T17,295.0,333.0,101.6,16.5,,1,1,1,1,0
2021-12-26T21,84.0,100.0,62.2,4.5,5.8,1,1,1,1,1
2021-12-26T23,79.0,107.0,69.9,9.8,8.2,1,1,1,1,1
2021-12-27T03,102.0,161.0,126.1,21.7,10.0,1,1,1,1,1
2021-12-27T04,114.0,178.0,113.6,52.2,9.2,1,1,1,1,1
2021-12-27T05,112.0,179.0,90.4,73.5,8.7,1,1,1,1,1
2021-12-27T10,57.0,92.0,62.0,79.6,6.2,1,1,1,1,1
2021-12-27T20,213.0,295.0,,3.2,,1,1,0,1,0
2021-12-27T21,150.0,210.0,71.0,4.8,6.1,1,1,1,1,1
2021-12-27T22,146.0,191.0,71.2,3.9,5.9,1,1,1,1,1
2021-12-28T00,139.0,172.0,55.1,2.4,5.4,1,1,1,1,1
2021-12-28T02,135.0,188.0,75.0,2.0,5.6,1,1,1,1,1
2021-12-28T04,189.0,290.0,120.6,2.3,6.0,1,1,1,1,1
2021-12-28T22,108.0,135.0,51.6,2.6,10.9,1,1,1,1,1
2021-12-29T03,162.0,228.0,93.9,2.3,9.7,1,1,1,1,1
2021-12-29T04,193.0,269.0,111.1,4.3,9.0,1,1,1,1,1
2021-12-29T18,248.0,371.0,66.9,2.4,15.8,1,1,1,1,1
2021-12-29T19,205.0,310.0,72.2,,12.1,1,1,1,0,1
2021-12-29T21,194.0,263.0,44.3,2.1,8.8,1,1,1,1,1
2021-12-30T07,72.0,118.0,55.0,65.6,4.0,1,1,1,1,1
2021-12-30T08,67.0,114.0,69.4,56.7,3.4,1,1,1,1,1
2021-12-30T14,226.0,394.0,123.5,3.0,11.3,1,1,1,1,1
2021-12-30T21,272.0,350.0,49.2,2.8,11.2,1,1,1,1,1
2025-12-31T18,295.0,407.0,46.8,7.7,10.2,1,1,1,1,1
2025-12-31T19,293.0,385.0,39.1,13.525,9.6,1,1,1,1,1
2025-12-31T20,267.0,361.0,31.325,25.875,8.85,1,1,1,1,1
2025-12-31T21,254.0,348.0,27.65,29.4,8.3,1,1,1,1,1
2025-12-31T22,237.0,335.0,32.367,27.533,8.0,1,1,1,1,1
2025-12-31T23,232.0,328.0,32.125,25.625,7.825,1,1,1,1,1
2026-01-01T00,227.0,335.0,28.525,29.35,7.875,1,1,1,1,1
2026-01-01T01,338.0,313.0,27.7,32.7,7.95,1,1,1,1,1
2026-01-01T02,205.0,278.0,32.5,31.35,7.675,1,1,1,1,1
2026-01-01T03,216.0,285.0,41.925,20.975,8.1,1,1,1,1,1
2026-01-01T04,244.0,333.0,39.975,19.725,10.35,1,1,1,1,1
2026-01-01T05,226.0,302.0,41.575,22.175,10.5,1,1,1,1,1
2026-01-01T06,241.0,332.0,44.2,28.65,10.85,1,1,1,1,1
2026-01-01T07,228.0,306.0,49.95,29.5,9.4,1,1,1,1,1
2026-01-01T08,256.0,348.0,48.725,35.075,7.85,1,1,1,1,1
2026-01-01T09,255.0,346.0,52.7,35.567,9.233,1,1,1,1,1
2026-01-01T10,256.0,357.0,65.25,24.45,9.275,1,1,1,1,1
2026-01-01T11,276.0,388.0,74.0,12.3,9.367,1,1,1,1,1
2026-01-01T12,276.0,396.0,67.325,3.8,10.55,1,1,1,1,1
2026-01-01T13,259.0,387.0,66.975,4.15,12.025,1,1,1,1,1
2026-01-01T14,251.0,361.0,57.925,6.375,11.525,1,1,1,1,1
2026-01-01T15,250.0,345.0,49.425,12.2,10.95,1,1,1,1,1
2026-01-01T16,224.0,305.0,41.45,21.175,10.625,1,1,1,1,1
2026-01-01T17,227.0,316.0,36.925,28.4,10.1,1,1,1,1,1
2026-01-01T18,212.0,285.0,23.7,32.8,8.4,1,1,1,1,1
2026-01-01T19,88.0,116.0,21.95,30.65,8.925,1,1,1,1,1
2026-01-01T20,74.0,97.0,23.15,30.825,8.625,1,1,1,1,1
2026-01-01T21,73.0,100.0,21.025,32.125,8.175,1,1,1,1,1
2026-01-01T22,72.0,95.0,21.75,25.0,7.8,1,1,1,1,1
2026-01-01T23,72.0,105.0,20.8,17.75,7.325,1,1,1,1,1
2026-01-02T00,69.0,103.0,27.275,5.3,8.025,1,1,1,1,1
2026-01-02T01,64.0,117.0,30.725,4.25,8.125,1,1,1,1,1
2026-01-02T02,70.0,116.0,37.175,4.65,8.975,1,1,1,1,1
2026-01-02T03,91.0,140.0,33.475,17.225,8.2,1,1,1,1,1
2026-01-02T04,90.0,135.0,24.45,44.475,6.375,1,1,1,1,1
2026-01-02T05,78.0,114.0,19.467,59.267,6.9,1,1,1,1,1
2026-01-02T06,73.0,117.0,20.825,65.775,6.875,1,1,1,1,1
2026-01-02T07,74.0,123.0,22.225,69.9,8.075,1,1,1,1,1
2026-01-02T08,79.0,138.0,21.3,65.8,7.0,1,1,1,1,1
2026-01-02T09,81.0,201.0,24.9,63.6,7.0,1,1,1,1,1
2026-01-02T10,89.0,144.0,24.433,56.467,6.867,1,1,1,1,1
2026-01-02T11,88.0,150.0,30.25,45.375,7.075,1,1,1,1,1
2026-01-02T12,95.0,173.0,46.2,26.275,7.7,1,1,1,1,1
2026-01-02T13,116.0,177.0,61.7,7.875,8.65,1,1,1,1,1
2026-01-02T14,134.0,202.0,68.175,3.8,10.875,1,1,1,1,1
2026-01-02T15,149.0,234.0,66.825,3.425,11.675,1,1,1,1,1
2026-01-02T16,147.0,206.0,41.8,28.7,11.0,1,1,1,1,1
2026-01-02T17,127.0,172.0,36.05,30.0,9.575,1,1,1,1,1
2026-01-02T19,125.0,186.0,40.9,3.6,9.9,1,1,1,1,1
2026-01-02T20,123.0,207.0,36.933,3.6,9.733,1,1,1,1,1
2026-01-02T21,113.0,193.0,37.725,3.275,9.9,1,1,1,1,1
2026-01-02T22,110.0,190.0,38.8,3.45,11.775,1,1,1,1,1
2026-01-02T23,118.0,207.0,42.575,3.925,12.75,1,1,1,1,1
2026-01-03T00,157.0,248.0,39.575,3.425,12.725,1,1,1,1,1
2026-01-03T01,186.0,260.0,38.675,3.725,12.65,1,1,1,1,1
2026-01-03T02,215.0,290.0,50.175,4.425,13.3,1,1,1,1,1
2026-01-03T03,184.0,277.0,58.45,5.0,12.675,1,1,1,1,1
2026-01-03T04,156.0,246.0,59.15,6.25,11.85,1,1,1,1,1
2026-01-03T05,140.0,,44.95,9.5,10.35,1,0,1,1,1
2026-01-03T06,134.0,,31.7,9.5,10.075,1,0,1,1,1
2026-01-03T07,105.0,,24.075,6.75,9.3,1,0,1,1,1
2026-01-03T08,105.0,,24.75,5.25,8.625,1,0,1,1,1
2026-01-03T09,113.0,,25.9,7.625,8.85,1,0,1,1,1
2026-01-03T10,112.0,188.0,28.2,26.5,6.85,1,1,1,1,1
2026-01-03T11,112.0,183.0,36.95,29.625,6.45,1,1,1,1,1
2026-01-03T12,114.0,196.0,51.575,18.525,7.325,1,1,1,1,1
2026-01-03T13,143.0,229.0,76.225,7.675,8.275,1,1,1,1,1
2026-01-03T14,127.0,224.0,73.025,7.625,9.6,1,1,1,1,1
2026-01-03T15,133.0,215.0,73.275,5.925,10.15,1,1,1,1,1
2026-01-03T16,153.0,260.0,68.5,4.45,11.25,1,1,1,1,1
2026-01-03T17,172.0,266.0,60.025,4.125,12.025,1,1,1,1,1
2026-01-03T18,160.0,252.0,46.4,4.1,13.1,1,1,1,1,1
2026-01-03T19,167.0,265.0,43.5,4.15,13.825,1,1,1,1,1
2026-01-03T20,169.0,289.0,42.6,4.025,15.875,1,1,1,1,1
2026-01-03T21,161.0,274.0,40.375,4.35,16.05,1,1,1,1,1
2026-01-03T22,157.0,277.0,56.45,4.075,15.975,1,1,1,1,1
2026-01-03T23,135.0,246.0,55.625,3.875,15.625,1,1,1,1,1
2026-01-04T00,138.0,234.0,55.375,4.025,13.525,1,1,1,1,1
2026-01-04T01,149.0,244.0,51.075,3.975,12.525,1,1,1,1,1
2026-01-04T02,155.0,232.0,58.225,4.775,12.975,1,1,1,1,1
2026-01-04T03,155.0,244.0,56.525,7.55,12.425,1,1,1,1,1
2026-01-04T04,150.0,233.0,37.45,22.45,10.575,1,1,1,1,1
2026-01-04T05,128.0,206.0,30.275,40.525,9.45,1,1,1,1,1
2026-01-04T06,119.0,193.0,28.875,58.05,9.225,1,1,1,1,1
2026-01-04T07,123.0,205.0,25.975,64.95,9.6,1,1,1,1,1
2026-01-04T08,121.0,191.0,27.4,72.875,8.85,1,1,1,1,1
2026-01-04T09,133.0,201.0,28.875,77.625,8.45,1,1,1,1,1
2026-01-04T10,119.0,189.0,35.225,70.0,8.375,1,1,1,1,1
2026-01-04T11,151.0,227.0,45.1,40.625,8.425,1,1,1,1,1
2026-01-04T12,138.0,211.0,54.5,18.1,8.375,1,1,1,1,1
2026-01-04T13,139.0,219.0,56.567,15.967,8.233,1,1,1,1,1
2026-01-04T14,129.0,197.0,48.65,20.75,9.025,1,1,1,1,1
2026-01-04T15,122.0,182.0,55.95,5.8,9.525,1,1,1,1,1
2026-01-04T16,128.0,191.0,51.95,3.95,9.9,1,1,1,1,1
2026-01-04T17,134.0,210.0,48.55,4.025,11.85,1,1,1,1,1
2026-01-04T18,125.0,196.0,34.1,23.1,11.4,1,1,1,1,1
2026-01-04T19,74.0,129.0,28.35,27.975,9.975,1,1,1,1,1
2026-01-04T20,70.0,125.0,30.75,17.625,8.525,1,1,1,1,1
2026-01-04T21,83.0,144.0,30.4,12.925,8.3,1,1,1,1,1
2026-01-04T22,91.0,173.0,32.2,14.025,8.625,1,1,1,1,1
2026-01-04T23,96.0,193.0,31.0,21.0,8.55,1,1,1,1,1
2026-01-05T00,121.0,205.0,21.4,39.65,7.575,1,1,1,1,1
2026-01-05T01,110.0,166.0,24.05,37.95,6.65,1,1,1,1,1
2026-01-05T02,99.0,156.0,25.775,36.425,6.75,1,1,1,1,1
2026-01-05T03,102.0,171.0,27.7,37.1,7.375,1,1,1,1,1
2026-01-05T04,108.0,190.0,25.575,40.1,6.275,1,1,1,1,1
2026-01-05T05,,,24.45,58.8,12.333,0,0,1,1,1
2026-01-05T06,116.0,216.0,25.675,72.375,16.675,1,1,1,1,1
2026-01-05T07,129.0,202.0,29.375,90.15,15.275,1,1,1,1,1
2026-01-05T08,124.0,216.0,34.9,105.167,5.3,1,1,1,1,1
2026-01-05T09,144.0,265.0,38.425,94.975,4.875,1,1,1,1,1
2026-01-05T10,122.0,232.0,34.6,96.075,5.0,1,1,1,1,1
2026-01-05T11,122.0,234.0,45.1,68.625,5.475,1,1,1,1,1
2026-01-05T12,129.0,250.0,87.425,12.825,5.45,1,1,1,1,1
2026-01-05T13,164.0,304.0,93.3,3.375,7.225,1,1,1,1,1
2026-01-05T14,189.0,316.0,87.725,2.4,8.975,1,1,1,1,1
2026-01-05T15,212.0,324.0,76.875,2.025,9.7,1,1,1,1,1
2026-01-05T16,197.0,294.0,67.95,1.825,11.1,1,1,1,1,1
2026-01-05T17,195.0,296.0,64.225,1.8,11.4,1,1,1,1,1
2026-01-05T18,206.0,307.0,61.5,1.7,12.2,1,1,1,1,1
2026-01-05T19,188.0,284.0,52.175,1.35,11.325,1,1,1,1,1
2026-01-05T20,169.0,256.0,51.4,2.05,9.275,1,1,1,1,1
2026-01-05T21,143.0,232.0,46.95,2.525,9.225,1,1,1,1,1
2026-01-05T22,136.0,216.0,40.225,4.325,8.675,1,1,1,1,1
2026-01-05T23,127.0,205.0,37.825,6.125,8.0,1,1,1,1,1
2026-01-06T00,132.0,216.0,35.85,3.5,8.075,1,1,1,1,1
2026-01-06T01,140.0,243.0,40.625,2.1,8.4,1,1,1,1,1
2026-01-06T02,146.0,252.0,41.325,4.1,8.725,1,1,1,1,1
2026-01-06T03,149.0,265.0,40.55,8.725,8.7,1,1,1,1,1
2026-01-06T04,166.0,255.0,39.55,13.225,8.225,1,1,1,1,1
2026-01-06T05,186.0,265.0,40.433,21.9,7.9,1,1,1,1,1
2026-01-06T06,194.0,267.0,38.275,37.25,7.75,1,1,1,1,1
2026-01-06T07,184.0,262.0,38.075,53.825,7.55,1,1,1,1,1
2026-01-06T08,175.0,251.0,39.825,52.375,7.9,1,1,1,1,1
2026-01-06T09,219.0,328.0,46.3,40.733,9.033,1,1,1,1,1
2026-01-06T10,223.0,312.0,44.825,35.2,8.35,1,1,1,1,1
2026-01-06T11,212.0,312.0,53.633,19.433,8.467,1,1,1,1,1
2026-01-06T12,193.0,293.0,54.75,4.5,8.35,1,1,1,1,1
2026-01-06T13,195.0,300.0,52.4,1.967,9.0,1,1,1,1,1
2026-01-06T14,195.0,311.0,52.025,1.825,10.225,1,1,1,1,1
2026-01-06T15,193.0,306.0,49.7,2.0,10.05,1,1,1,1,1
2026-01-06T16,185.0,311.0,47.875,3.425,9.775,1,1,1,1,1
2026-01-06T17,172.0,265.0,41.375,9.225,9.15,1,1,1,1,1
2026-01-06T18,169.0,252.0,38.6,15.7,8.5,1,1,1,1,1
2026-01-06T19,163.0,244.0,34.0,17.067,8.333,1,1,1,1,1
2026-01-06T20,150.0,218.0,28.35,26.575,7.85,1,1,1,1,1
2026-01-06T21,130.0,186.0,23.375,31.475,6.45,1,1,1,1,1
2026-01-06T22,125.0,190.0,23.0,31.9,5.55,1,1,1,1,1
2026-01-06T23,119.0,185.0,21.55,35.65,5.225,1,1,1,1,1
2026-01-07T00,122.0,175.0,22.675,31.7,4.825,1,1,1,1,1
2026-01-07T01,123.0,182.0,25.225,32.075,4.575,1,1,1,1,1
2026-01-07T02,111.0,180.0,26.4,30.75,4.5,1,1,1,1,1
2026-01-07T03,113.0,182.0,27.975,33.65,4.8,1,1,1,1,1
2026-01-07T04,121.0,185.0,29.1,37.55,5.575,1,1,1,1,1
2026-01-07T05,133.0,211.0,30.775,45.7,5.2,1,1,1,1,1
2026-01-07T06,143.0,233.0,33.833,56.3,5.233,1,1,1,1,1
2026-01-07T07,143.0,246.0,35.275,71.925,5.4,1,1,1,1,1
2026-01-07T08,155.0,265.0,36.125,87.95,6.175,1,1,1,1,1
2026-01-07T09,160.0,271.0,37.1,94.65,4.95,1,1,1,1,1
2026-01-07T10,164.0,279.0,42.35,85.45,5.675,1,1,1,1,1
2026-01-07T11,162.0,293.0,55.025,53.65,5.475,1,1,1,1,1
2026-01-07T12,160.0,322.0,78.575,8.5,6.15,1,1,1,1,1
2026-01-07T13,160.0,277.0,74.825,1.9,6.65,1,1,1,1,1
2026-01-07T14,177.0,290.0,63.425,1.85,7.725,1,1,1,1,1
2026-01-07T15,215.0,346.0,63.6,2.075,10.9,1,1,1,1,1
2026-01-07T16,237.0,377.0,51.075,1.3,13.425,1,1,1,1,1
2026-01-07T17,218.0,368.0,49.875,2.175,14.15,1,1,1,1,1
2026-01-07T18,186.0,321.0,46.9,3.9,10.4,1,1,1,1,1
2026-01-07T19,121.0,211.0,36.125,9.3,9.825,1,1,1,1,1
2026-01-07T20,89.0,155.0,32.1,15.975,7.95,1,1,1,1,1
2026-01-07T21,84.0,146.0,31.775,17.675,7.025,1,1,1,1,1
2026-01-07T22,92.0,147.0,27.875,20.125,5.875,1,1,1,1,1
2026-01-07T23,101.0,156.0,29.6,20.9,6.0,1,1,1,1,1
2026-01-08T04,127.0,196.0,41.6,26.9,14.6,1,1,1,1,1
2026-01-08T05,141.0,227.0,62.25,32.75,14.775,1,1,1,1,1
2026-01-08T06,168.0,274.0,76.175,51.1,14.6,1,1,1,1,1
2026-01-08T07,177.0,282.0,90.9,79.4,14.325,1,1,1,1,1
2026-01-08T08,189.0,300.0,92.2,95.2,13.625,1,1,1,1,1
2026-01-08T09,186.0,302.0,90.675,109.45,12.875,1,1,1,1,1
2026-01-08T10,184.0,317.0,98.4,96.1,14.3,1,1,1,1,1
2026-01-08T11,201.0,357.0,93.225,58.775,15.075,1,1,1,1,1
2026-01-08T12,197.0,368.0,106.6,16.0,15.1,1,1,1,1,1
2026-01-08T13,193.0,360.0,104.2,1.925,15.9,1,1,1,1,1
2026-01-08T14,195.0,349.0,98.0,2.3,18.825,1,1,1,1,1
2026-01-08T15,278.0,469.0,85.65,1.925,22.9,1,1,1,1,1
2026-01-08T16,226.0,387.0,68.875,1.35,21.467,1,1,1,1,1
2026-01-08T17,152.0,259.0,60.125,1.375,18.3,1,1,1,1,1
2026-01-08T18,155.0,263.0,50.5,1.9,18.4,1,1,1,1,1
2026-01-08T19,235.0,356.75,50.0,1.7,18.225,1,1,1,1,1
2026-01-08T20,265.0,406.0,44.35,1.7,19.45,1,1,1,1,1
2026-01-08T21,223.0,376.0,47.2,2.0,19.2,1,1,1,1,1
2026-01-08T22,151.0,315.25,48.9,1.675,17.575,1,1,1,1,1
2026-01-08T23,186.0,350.0,40.6,1.575,18.325,1,1,1,1,1
2026-01-09T00,185.0,303.25,44.05,1.675,17.0,1,1,1,1,1
2026-01-09T01,132.0,261.0,51.35,1.625,16.1,1,1,1,1,1
2026-01-09T02,147.0,254.0,51.0,1.9,16.5,1,1,1,1,1
2026-01-09T04,190.0,,75.475,11.3,14.2,1,0,1,1,1
2026-01-09T05,251.0,326.0,85.25,28.075,15.15,1,1,1,1,1
2026-01-09T06,267.0,400.0,90.333,58.0,26.467,1,1,1,1,1
2026-01-09T07,260.0,383.0,86.8,89.825,21.375,1,1,1,1,1
2026-01-09T08,259.0,379.0,92.25,97.95,21.35,1,1,1,1,1
2026-01-09T09,237.0,351.0,99.375,98.5,18.5,1,1,1,1,1
2026-01-09T10,360.0,543.0,115.725,73.85,14.6,1,1,1,1,1
2026-01-09T11,320.0,484.0,117.275,36.5,14.65,1,1,1,1,1
2026-01-09T12,185.0,306.0,127.225,4.625,14.625,1,1,1,1,1
2026-01-09T13,197.0,322.0,128.625,1.8,13.95,1,1,1,1,1
2026-01-09T14,245.0,412.0,111.175,2.25,17.425,1,1,1,1,1
2026-01-09T15,333.0,517.0,92.475,2.05,21.9,1,1,1,1,1
2026-01-09T16,354.0,541.0,71.167,1.8,24.567,1,1,1,1,1
2026-01-09T17,366.0,545.0,60.6,1.675,25.725,1,1,1,1,1
2026-01-09T18,335.0,494.0,48.5,1.5,24.3,1,1,1,1,1
2026-01-09T19,267.0,404.0,49.7,1.35,22.875,1,1,1,1,1
2026-01-09T20,246.0,379.0,44.85,1.575,21.833,1,1,1,1,1
2026-01-09T21,217.0,342.0,43.525,1.325,20.85,1,1,1,1,1
2026-01-09T22,186.0,309.0,41.5,1.075,18.55,1,1,1,1,1
2026-01-09T23,162.0,273.0,36.15,1.175,16.95,1,1,1,1,1
2026-01-10T00,160.0,265.0,36.275,1.275,15.675,1,1,1,1,1
2026-01-10T01,155.0,273.0,37.1,1.475,15.575,1,1,1,1,1
2026-01-10T02,194.0,328.0,68.375,2.025,17.375,1,1,1,1,1
2026-01-10T03,210.0,382.0,74.8,4.375,16.95,1,1,1,1,1
2026-01-10T04,190.0,298.0,71.375,11.3,16.9,1,1,1,1,1
2026-01-10T05,218.0,312.0,76.667,32.6,14.8,1,1,1,1,1
2026-01-10T06,211.0,320.0,54.1,77.925,14.225,1,1,1,1,1
2026-01-10T07,119.0,207.0,36.7,100.075,10.8,1,1,1,1,1
2026-01-10T08,68.0,141.0,34.267,107.0,6.7,1,1,1,1,1
2026-01-10T09,90.0,178.0,39.6,119.2,6.267,1,1,1,1,1
2026-01-10T10,88.0,190.0,37.1,103.55,5.15,1,1,1,1,1
2026-01-10T11,78.0,171.0,50.7,76.775,5.2,1,1,1,1,1
2026-01-10T12,88.0,178.0,57.7,54.1,4.8,1,1,1,1,1
2026-01-20T14,143.0,304.0,120.7,5.7,11.9,1,1,1,1,1
2026-01-20T15,193.0,374.0,108.025,5.6,12.175,1,1,1,1,1
2026-01-20T16,259.0,426.0,105.05,5.85,14.5,1,1,1,1,1
2026-01-20T17,304.0,472.0,98.45,5.3,17.525,1,1,1,1,1
2026-01-20T18,283.0,444.0,90.5,5.5,17.2,1,1,1,1,1
2026-01-20T19,256.0,393.0,81.5,5.15,16.475,1,1,1,1,1
2026-01-20T20,259.0,392.0,65.975,5.1,16.625,1,1,1,1,1
2026-01-20T21,257.0,373.0,51.775,5.075,16.85,1,1,1,1,1
2026-01-20T22,241.0,349.0,48.825,5.25,16.325,1,1,1,1,1
2026-01-20T23,222.0,323.0,51.9,4.95,15.25,1,1,1,1,1
2026-01-21T00,205.0,294.0,46.6,5.125,12.725,1,1,1,1,1
2026-01-21T01,204.0,295.0,45.325,5.225,11.625,1,1,1,1,1
2026-01-21T02,208.0,310.0,55.4,6.3,12.067,1,1,1,1,1
2026-01-21T03,205.0,339.0,104.125,8.9,11.15,1,1,1,1,1
2026-01-21T04,219.0,364.0,90.825,25.65,8.6,1,1,1,1,1
2026-01-21T05,218.0,354.0,62.625,66.35,7.275,1,1,1,1,1
2026-01-21T06,150.0,260.0,32.8,107.867,6.467,1,1,1,1,1
2026-01-21T07,107.0,202.0,27.925,126.375,7.325,1,1,1,1,1
2026-01-21T08,110.0,185.0,33.175,129.925,12.225,1,1,1,1,1
2026-01-21T09,105.0,183.0,26.05,124.75,10.525,1,1,1,1,1
2026-01-21T10,78.0,156.0,27.05,120.6,7.5,1,1,1,1,1
2026-01-21T11,75.0,223.0,39.475,100.3,6.175,1,1,1,1,1
2026-01-21T12,78.0,164.0,95.95,29.225,5.075,1,1,1,1,1
2026-01-21T13,101.0,226.0,122.9,5.425,6.125,1,1,1,1,1
2026-01-21T14,130.0,267.0,120.9,5.95,9.4,1,1,1,1,1
2026-01-21T15,188.0,371.0,110.575,5.575,13.15,1,1,1,1,1
2026-01-21T16,197.0,354.0,100.925,5.475,15.7,1,1,1,1,1
2026-01-21T17,208.0,429.0,99.65,5.375,16.975,1,1,1,1,1
2026-01-21T18,212.0,511.0,71.6,5.7,17.8,1,1,1,1,1
2026-01-21T19,221.0,428.0,59.1,5.4,19.2,1,1,1,1,1
2026-01-21T20,232.0,378.0,49.375,5.25,21.075,1,1,1,1,1
2026-01-21T21,212.0,355.0,37.275,5.125,21.6,1,1,1,1,1
2026-01-21T22,196.0,318.0,51.3,5.125,20.833,1,1,1,1,1
2026-01-21T23,204.0,309.0,50.25,5.3,21.275,1,1,1,1,1
2026-01-22T00,201.0,307.0,36.275,5.325,23.25,1,1,1,1,1
2026-01-22T01,204.0,323.0,38.65,5.4,24.925,1,1,1,1,1
2026-01-22T02,213.0,353.0,67.2,6.275,23.867,1,1,1,1,1
2026-01-22T03,243.0,415.0,166.125,6.5,19.925,1,1,1,1,1
2026-01-22T04,248.0,427.0,132.5,30.15,18.55,1,1,1,1,1
2026-01-22T05,196.0,350.0,78.8,81.725,14.35,1,1,1,1,1
2026-01-22T06,129.0,235.0,40.875,115.625,8.9,1,1,1,1,1
2026-01-22T07,94.0,167.0,52.633,138.167,8.033,1,1,1,1,1
2026-01-22T08,135.0,302.0,50.975,142.0,7.875,1,1,1,1,1
2026-01-22T09,113.0,293.0,56.767,131.633,7.5,1,1,1,1,1
2026-01-22T10,118.0,300.0,63.7,124.0,7.0,1,1,1,1,1
2026-01-22T11,117.0,252.0,98.7,45.65,5.35,1,1,1,1,1
2026-01-22T12,110.0,267.0,108.367,27.033,5.267,1,1,1,1,1
2026-01-22T13,138.0,289.0,127.9,8.825,6.175,1,1,1,1,1
2026-01-22T14,182.0,366.0,125.875,8.05,9.45,1,1,1,1,1
2026-01-22T15,221.0,488.0,114.325,21.8,11.475,1,1,1,1,1
2026-01-22T16,179.0,405.0,67.45,48.475,9.975,1,1,1,1,1
2026-01-22T17,152.0,311.0,62.6,50.75,8.1,1,1,1,1,1
2026-01-22T18,141.0,279.0,58.4,55.2,6.0,1,1,1,1,1
2026-01-22T19,135.0,255.0,39.65,66.725,5.775,1,1,1,1,1
2026-01-22T20,128.0,329.0,32.75,74.825,5.75,1,1,1,1,1
2026-01-22T21,117.0,333.0,34.1,76.75,4.875,1,1,1,1,1
2026-01-22T22,117.0,186.0,30.425,77.625,3.625,1,1,1,1,1
2026-01-22T23,108.0,212.0,32.4,69.35,3.5,1,1,1,1,1
2026-01-23T00,114.0,200.0,34.55,71.475,5.225,1,1,1,1,1
2026-01-23T01,116.0,265.0,39.475,68.0,6.175,1,1,1,1,1
2026-01-23T02,133.0,362.0,45.85,45.875,5.875,1,1,1,1,1
2026-01-23T03,136.0,186.0,69.85,12.275,6.475,1,1,1,1,1
2026-01-23T04,144.0,184.0,80.667,9.133,6.0,1,1,1,1,1
2026-01-23T05,146.0,189.0,86.167,6.133,7.567,1,1,1,1,1
2026-01-23T06,152.0,191.0,79.45,10.8,7.825,1,1,1,1,1
2026-01-23T07,158.0,196.0,60.75,32.9,8.4,1,1,1,1,1
2026-01-23T08,149.0,179.0,45.3,37.575,5.133,1,1,1,1,1
2026-01-23T09,140.0,174.0,44.1,48.075,6.05,1,1,1,1,1
2026-01-23T10,147.0,178.0,45.1,45.45,5.3,1,1,1,1,1
2026-01-23T11,150.0,190.0,57.8,31.5,5.4,1,1,1,1,1
2026-01-23T12,149.0,195.0,53.85,30.325,5.45,1,1,1,1,1
2026-01-23T13,150.0,184.0,69.55,10.95,5.875,1,1,1,1,1
2026-01-23T14,152.0,194.0,70.675,5.575,6.025,1,1,1,1,1
2026-01-23T15,138.0,177.0,68.625,4.475,7.575,1,1,1,1,1
2026-01-23T16,144.0,174.0,63.05,3.25,7.475,1,1,1,1,1
2026-01-23T17,150.0,178.0,56.175,3.375,8.05,1,1,1,1,1
2026-01-23T18,136.0,163.0,43.9,2.5,9.8,1,1,1,1,1
2026-01-23T19,145.0,190.0,43.675,3.05,9.95,1,1,1,1,1
2026-01-23T20,153.0,186.0,46.35,5.9,10.725,1,1,1,1,1
2026-01-23T21,161.0,210.0,29.667,23.7,10.033,1,1,1,1,1
2026-01-23T22,91.0,146.0,25.7,34.5,7.725,1,1,1,1,1
2026-01-23T23,44.0,183.0,22.55,42.825,6.975,1,1,1,1,1
2026-01-24T00,35.0,217.0,24.2,44.125,6.125,1,1,1,1,1
2026-01-24T01,34.0,216.0,28.55,39.5,8.175,1,1,1,1,1
2026-01-24T02,34.0,196.0,31.675,37.2,5.325,1,1,1,1,1
2026-01-24T03,36.0,210.0,31.55,42.4,4.175,1,1,1,1,1
2026-01-24T04,36.0,229.0,22.825,60.25,3.55,1,1,1,1,1
2026-01-24T05,30.0,212.0,25.3,68.175,6.5,1,1,1,1,1
2026-01-24T06,38.0,215.0,28.525,78.35,7.725,1,1,1,1,1
2026-01-24T07,52.0,202.0,28.075,83.775,10.275,1,1,1,1,1
2026-01-24T08,64.0,208.0,27.125,99.375,9.825,1,1,1,1,1
2026-01-24T09,48.0,164.0,28.85,94.95,9.525,1,1,1,1,1
2026-01-24T10,30.0,139.0,29.25,83.5,9.0,1,1,1,1,1
2026-01-24T12,30.0,139.0,0.0,3.7,0.0,1,1,1,1,1
2026-01-24T13,,,42.425,25.35,13.2,0,0,1,1,1
2026-01-24T14,,,52.7,18.75,29.0,0,0,1,1,1
2026-01-24T15,66.0,173.0,46.15,30.95,34.175,1,1,1,1,1
2026-01-24T16,61.0,155.0,37.3,42.425,37.85,1,1,1,1,1
2026-01-24T17,51.0,151.0,33.35,41.675,37.975,1,1,1,1,1
2026-01-24T18,47.0,136.0,34.2,38.7,40.6,1,1,1,1,1
2026-01-24T19,50.0,132.0,32.125,40.225,40.175,1,1,1,1,1
2026-01-24T20,44.0,129.0,28.4,46.6,41.025,1,1,1,1,1
2026-01-24T21,58.0,141.0,29.2,41.325,42.55,1,1,1,1,1
2026-01-24T22,56.0,135.0,34.1,26.1,43.467,1,1,1,1,1
2026-01-24T23,59.0,149.0,33.925,27.025,42.375,1,1,1,1,1
2026-01-25T00,64.0,146.0,37.7,23.525,43.15,1,1,1,1,1
2026-01-25T01,68.0,168.0,44.2,11.2,44.05,1,1,1,1,1
2026-01-25T02,73.0,179.0,35.925,18.8,44.275,1,1,1,1,1
2026-01-25T03,80.0,182.0,32.567,37.467,44.9,1,1,1,1,1
2026-01-25T04,81.0,188.0,29.55,58.975,47.3,1,1,1,1,1
2026-01-25T05,72.0,167.0,25.65,75.15,47.4,1,1,1,1,1
2026-01-25T06,58.0,161.0,25.933,89.367,46.7,1,1,1,1,1
2026-01-25T07,67.0,200.0,25.5,106.0,46.525,1,1,1,1,1
2026-01-25T08,72.0,171.0,24.35,109.15,46.3,1,1,1,1,1
2026-01-25T09,66.0,145.0,23.475,107.925,46.275,1,1,1,1,1
2026-01-25T10,53.0,128.0,24.975,104.725,44.975,1,1,1,1,1
2026-01-25T11,47.0,123.0,28.825,92.075,44.925,1,1,1,1,1
2026-01-25T12,53.0,132.0,47.7,54.625,45.15,1,1,1,1,1
2026-01-25T13,75.0,177.0,77.65,14.225,45.55,1,1,1,1,1
2026-01-25T14,107.0,219.0,83.375,3.575,47.45,1,1,1,1,1
2026-01-25T15,150.0,268.0,76.8,3.4,50.3,1,1,1,1,1
2026-01-25T16,195.0,348.0,75.425,3.25,52.975,1,1,1,1,1
2026-01-25T17,195.0,313.0,63.675,3.225,54.125,1,1,1,1,1
2026-01-25T18,195.0,302.0,52.9,3.0,59.4,1,1,1,1,1
2026-01-25T19,178.0,282.0,51.275,2.875,59.8,1,1,1,1,1
2026-01-25T20,146.0,237.0,52.45,2.6,59.25,1,1,1,1,1
2026-01-25T21,127.0,201.0,53.975,2.675,57.975,1,1,1,1,1
2026-01-25T22,103.0,169.0,81.075,3.0,55.825,1,1,1,1,1
2026-01-25T23,83.0,169.0,76.675,3.05,53.45,1,1,1,1,1
2026-01-26T00,86.0,169.0,52.275,5.625,51.875,1,1,1,1,1
2026-01-26T01,79.0,141.0,47.2,3.875,51.025,1,1,1,1,1
2026-01-26T02,85.0,167.0,49.325,11.125,50.625,1,1,1,1,1
2026-01-26T03,96.0,182.0,47.25,35.4,51.375,1,1,1,1,1
2026-01-26T04,94.0,163.0,36.033,68.767,52.633,1,1,1,1,1
2026-01-26T05,110.0,173.0,40.875,87.2,54.3,1,1,1,1,1
2026-01-26T06,106.0,163.0,40.55,104.55,54.7,1,1,1,1,1
2026-01-26T07,91.0,145.0,38.3,127.95,54.05,1,1,1,1,1
2026-01-26T08,89.0,149.0,37.2,147.9,52.625,1,1,1,1,1
2026-01-26T09,80.0,141.0,46.725,155.275,53.35,1,1,1,1,1
2026-01-26T10,110.0,196.0,61.425,140.55,52.425,1,1,1,1,1
2026-01-26T11,102.0,195.0,86.225,85.8,50.975,1,1,1,1,1
2026-01-26T12,116.0,257.0,127.375,11.975,50.075,1,1,1,1,1
2026-01-26T13,143.0,309.0,115.625,6.75,51.075,1,1,1,1,1
2026-01-26T14,166.0,309.0,97.4,5.0,50.95,1,1,1,1,1
2026-01-26T15,153.0,254.0,88.3,3.425,51.625,1,1,1,1,1
2026-01-26T16,184.0,322.0,83.075,3.8,52.275,1,1,1,1,1
2026-01-26T17,263.0,438.0,70.525,3.525,55.45,1,1,1,1,1
2026-01-26T18,289.0,461.0,53.1,3.5,59.8,1,1,1,1,1
2026-01-26T19,282.0,428.0,47.375,4.05,60.825,1,1,1,1,1
2026-01-26T20,263.0,426.0,36.625,4.625,62.95,1,1,1,1,1
2026-01-26T21,252.0,404.0,45.35,4.925,64.5,1,1,1,1,1
2026-01-26T22,263.0,420.0,39.5,5.225,64.6,1,1,1,1,1
2026-01-26T23,254.0,393.0,51.7,4.625,63.4,1,1,1,1,1
2026-01-27T00,218.0,340.0,57.4,4.225,62.225,1,1,1,1,1
2026-01-27T01,207.0,323.0,65.1,4.25,61.2,1,1,1,1,1
2026-01-27T02,200.0,323.0,97.075,4.225,60.175,1,1,1,1,1
2026-01-27T03,183.0,366.0,92.125,9.175,59.35,1,1,1,1,1
2026-01-27T04,161.0,317.0,82.05,18.85,59.6,1,1,1,1,1
2026-01-27T05,150.0,294.0,86.9,14.9,54.5,1,1,1,1,1
2026-01-27T06,166.0,285.0,92.133,7.8,53.733,1,1,1,1,1
2026-01-27T07,173.0,260.0,87.1,15.425,54.7,1,1,1,1,1
2026-01-27T08,167.0,239.0,69.375,27.5,53.125,1,1,1,1,1
2026-01-27T09,152.0,208.0,63.575,36.95,51.725,1,1,1,1,1
2026-01-27T10,177.0,246.0,58.575,36.6,50.975,1,1,1,1,1
2026-01-27T11,146.0,213.0,47.825,33.025,48.75,1,1,1,1,1
2026-01-27T12,114.0,150.0,53.425,25.625,47.95,1,1,1,1,1
2026-01-27T13,108.0,145.0,60.475,20.875,49.0,1,1,1,1,1
2026-01-27T14,110.0,136.0,56.3,21.475,47.55,1,1,1,1,1
2026-01-27T15,119.0,158.0,58.05,14.875,47.575,1,1,1,1,1
2026-01-27T16,125.0,160.0,52.95,14.575,47.0,1,1,1,1,1
2026-01-27T17,134.0,161.0,52.8,11.467,46.933,1,1,1,1,1
2026-01-27T18,118.0,143.0,48.1,12.5,45.0,1,1,1,1,1
2026-01-27T19,106.0,134.0,45.925,12.675,45.475,1,1,1,1,1
2026-01-27T20,97.0,127.0,40.125,16.325,45.175,1,1,1,1,1
2026-01-27T21,90.0,118.0,34.8,15.525,44.375,1,1,1,1,1
2026-01-27T22,83.0,112.0,37.875,8.525,44.05,1,1,1,1,1
2026-01-27T23,83.0,100.0,34.525,11.575,43.775,1,1,1,1,1
2026-01-28T00,78.0,97.0,32.525,12.025,43.7,1,1,1,1,1
2026-01-28T01,78.0,102.0,44.6,4.075,44.925,1,1,1,1,1
2026-01-28T02,86.0,128.0,47.4,3.6,45.3,1,1,1,1,1
2026-01-28T03,117.0,184.0,47.4,4.075,47.775,1,1,1,1,1
2026-01-28T04,153.0,228.0,44.8,9.925,46.725,1,1,1,1,1
2026-01-28T05,175.0,230.0,43.55,22.175,45.125,1,1,1,1,1
2026-01-28T06,160.0,208.0,39.225,35.875,42.9,1,1,1,1,1
2026-01-28T07,157.0,212.0,43.575,40.075,42.3,1,1,1,1,1
2026-01-28T08,161.0,218.0,28.55,74.525,41.725,1,1,1,1,1
2026-01-28T09,124.0,168.0,36.725,67.875,40.725,1,1,1,1,1
2026-01-28T10,138.0,194.0,35.85,64.575,40.775,1,1,1,1,1
2026-01-28T11,146.0,204.0,34.425,63.55,42.125,1,1,1,1,1
2026-01-28T12,128.0,195.0,72.075,11.975,42.175,1,1,1,1,1
2026-01-28T13,152.0,268.0,71.05,3.25,46.925,1,1,1,1,1
2026-01-28T14,174.0,338.0,65.625,3.2,50.0,1,1,1,1,1
2026-01-28T15,184.0,331.0,60.3,3.2,51.85,1,1,1,1,1
2026-01-28T16,163.0,288.0,54.775,3.15,52.7,1,1,1,1,1
2026-01-28T17,127.0,227.0,45.05,3.275,49.975,1,1,1,1,1
2026-01-28T18,114.0,206.0,40.9,2.6,45.0,1,1,1,1,1
2026-01-28T19,110.0,212.0,42.675,2.8,46.65,1,1,1,1,1
2026-01-28T20,99.0,223.0,41.775,4.3,45.15,1,1,1,1,1
2026-01-28T21,110.0,213.0,29.75,12.45,45.1,1,1,1,1,1
2026-01-28T22,92.0,164.0,28.05,20.325,44.025,1,1,1,1,1
2026-01-28T23,74.0,127.0,25.775,28.55,43.6,1,1,1,1,1
2026-01-29T00,70.0,113.0,23.2,37.0,44.5,1,1,1,1,1
2026-01-29T01,90.0,140.0,28.475,35.575,45.025,1,1,1,1,1
2026-01-29T02,92.0,141.0,30.275,32.975,46.375,1,1,1,1,1
2026-01-29T03,103.0,151.0,33.775,34.7,46.175,1,1,1,1,1
2026-01-29T04,102.0,145.0,29.65,42.25,46.65,1,1,1,1,1
2026-01-29T05,95.0,135.0,27.467,50.5,47.2,1,1,1,1,1
2026-01-29T06,97.0,141.0,25.7,56.3,47.075,1,1,1,1,1
2026-01-29T07,107.0,157.0,24.633,58.8,46.233,1,1,1,1,1
2026-01-29T08,94.0,143.0,27.675,65.925,44.775,1,1,1,1,1
2026-01-29T09,102.0,153.0,27.05,79.525,45.675,1,1,1,1,1
2026-01-29T10,116.0,161.0,31.825,80.45,49.75,1,1,1,1,1
2026-01-29T11,119.0,190.0,40.325,63.8,48.175,1,1,1,1,1
2026-01-29T12,117.0,193.0,64.675,23.7,48.875,1,1,1,1,1
2026-01-29T13,119.0,218.0,78.825,3.0,49.8,1,1,1,1,1
2026-01-29T14,127.0,249.0,76.225,3.225,50.825,1,1,1,1,1
2026-01-29T15,152.0,279.0,66.675,3.35,56.25,1,1,1,1,1
2026-01-29T16,173.0,307.0,59.475,3.175,57.125,1,1,1,1,1
2026-01-29T17,197.0,326.0,52.775,2.125,57.45,1,1,1,1,1
2026-01-29T18,164.0,277.0,58.4,3.1,55.2,1,1,1,1,1
2026-01-29T19,129.0,221.0,62.275,2.525,53.725,1,1,1,1,1
2026-01-29T20,128.0,202.0,53.025,3.25,51.825,1,1,1,1,1
2026-01-29T21,127.0,204.0,47.475,3.275,51.875,1,1,1,1,1
2026-01-29T22,133.0,205.0,49.975,3.0,53.975,1,1,1,1,1
2026-01-29T23,121.0,179.0,48.15,2.85,51.675,1,1,1,1,1
2026-01-30T00,110.0,175.0,48.175,2.375,50.1,1,1,1,1,1
2026-01-30T01,125.0,182.0,61.225,2.725,49.975,1,1,1,1,1
2026-01-30T02,141.0,229.0,64.125,4.775,52.975,1,1,1,1,1
2026-01-30T03,147.0,256.0,81.6,16.467,56.8,1,1,1,1,1
2026-01-30T04,128.0,172.0,51.4,48.875,57.975,1,1,1,1,1
2026-01-30T05,106.0,162.0,42.875,81.95,55.05,1,1,1,1,1
2026-01-30T06,95.0,163.0,36.2,103.2,52.7,1,1,1,1,1
2026-01-30T08,91.0,171.0,39.667,147.433,50.4,1,1,1,1,1
2026-01-30T09,102.0,195.0,38.35,146.45,50.625,1,1,1,1,1
2026-01-30T10,102.0,190.0,41.767,132.033,51.567,1,1,1,1,1
2026-01-30T11,96.0,188.0,47.3,109.325,49.125,1,1,1,1,1
2026-01-30T12,91.0,180.0,98.95,18.575,48.65,1,1,1,1,1
2026-01-30T13,101.0,219.0,104.925,3.0,49.475,1,1,1,1,1
2026-01-30T14,119.0,251.0,97.025,3.575,52.6,1,1,1,1,1
2026-01-30T15,129.0,284.0,92.775,3.975,61.75,1,1,1,1,1
2026-01-30T16,238.0,482.0,71.8,3.625,66.85,1,1,1,1,1
2026-01-30T17,280.0,488.0,66.675,2.4,67.525,1,1,1,1,1
2026-01-30T18,250.0,560.0,51.7,3.1,69.5,1,1,1,1,1
2026-01-30T19,284.0,520.0,46.5,2.825,67.675,1,1,1,1,1
2026-01-30T20,216.0,372.0,43.3,3.575,68.025,1,1,1,1,1
2026-01-30T21,233.0,383.0,42.525,3.525,69.475,1,1,1,1,1
2026-01-30T22,217.0,399.0,44.375,3.25,71.225,1,1,1,1,1
2026-01-30T23,227.0,399.0,41.325,2.5,70.525,1,1,1,1,1
2026-01-31T00,223.0,370.0,45.025,3.1,69.4,1,1,1,1,1
2026-01-31T01,200.0,326.0,39.5,3.7,67.125,1,1,1,1,1
2026-01-31T02,196.0,339.0,55.375,4.975,66.175,1,1,1,1,1
2026-01-31T03,217.0,383.0,111.225,7.65,66.925,1,1,1,1,1
2026-01-31T04,230.0,383.0,88.7,24.025,65.7,1,1,1,1,1
2026-01-31T05,249.0,388.0,70.6,45.35,59.325,1,1,1,1,1
2026-01-31T06,269.0,422.0,73.175,56.975,56.225,1,1,1,1,1
2026-01-31T07,244.0,399.0,64.675,78.475,53.25,1,1,1,1,1
2026-01-31T08,224.0,367.0,69.975,79.55,53.225,1,1,1,1,1
2026-01-31T09,230.0,385.0,66.4,78.375,54.075,1,1,1,1,1
2026-01-31T10,196.0,335.0,64.2,85.725,52.875,1,1,1,1,1
2026-01-31T11,171.0,313.0,70.8,71.7,54.2,1,1,1,1,1
2026-01-31T12,174.0,296.0,73.3,27.533,52.033,1,1,1,1,1
2026-01-31T13,183.0,271.0,69.725,12.425,52.325,1,1,1,1,1
2026-01-31T14,194.0,283.0,62.575,5.8,52.275,1,1,1,1,1
2026-01-31T15,195.0,269.0,47.825,6.375,52.95,1,1,1,1,1
2026-01-31T16,180.0,245.0,43.775,7.05,52.3,1,1,1,1,1
2026-01-31T17,166.0,244.0,48.633,5.6,53.167,1,1,1,1,1
2026-01-31T18,160.0,249.0,49.1,4.8,50.9,1,1,1,1,1
2026-01-31T19,158.0,252.0,49.15,4.625,50.625,1,1,1,1,1
2026-01-31T20,144.0,230.0,37.95,11.775,51.425,1,1,1,1,1
2026-01-31T21,122.0,174.0,36.025,10.525,49.85,1,1,1,1,1
2026-01-31T22,112.0,155.0,35.267,10.3,49.833,1,1,1,1,1
2026-01-31T23,110.0,163.0,36.725,7.025,51.15,1,1,1,1,1
2026-02-01T00,112.0,167.0,35.45,7.775,52.25,1,1,1,1,1
2026-02-01T01,99.0,135.0,42.3,3.425,52.8,1,1,1,1,1
2026-02-01T02,168.0,218.0,49.275,5.525,54.45,1,1,1,1,1
2026-02-01T03,129.0,186.0,62.475,15.225,57.1,1,1,1,1,1
2026-02-01T04,101.0,158.0,50.7,42.05,57.15,1,1,1,1,1
2026-02-01T05,78.0,130.0,42.6,50.5,55.45,1,1,1,1,1
2026-02-01T06,59.0,105.0,39.9,62.825,55.025,1,1,1,1,1
2026-02-01T07,57.0,110.0,42.225,72.5,54.525,1,1,1,1,1
2026-02-01T08,56.0,102.0,36.925,86.225,54.625,1,1,1,1,1
2026-02-01T09,35.0,78.0,30.925,81.275,53.625,1,1,1,1,1
2026-02-01T10,29.0,61.0,37.25,76.675,51.2,1,1,1,1,1
2026-02-01T11,39.0,88.0,48.8,56.975,53.0,1,1,1,1,1
2026-02-01T12,42.0,99.0,67.625,29.175,54.55,1,1,1,1,1
2026-02-01T13,52.0,110.0,78.35,6.725,54.5,1,1,1,1,1
2026-02-01T14,83.0,167.0,78.65,4.45,56.1,1,1,1,1,1
2026-02-01T15,116.0,223.0,71.233,4.167,57.0,1,1,1,1,1
2026-02-01T16,140.0,276.0,67.925,3.65,58.1,1,1,1,1,1
2026-02-01T17,136.0,235.0,52.5,1.9,61.15,1,1,1,1,1
2026-02-01T18,141.0,268.0,44.3,3.2,,1,1,1,1,0
2026-02-01T19,151.0,280.0,51.2,2.725,7.85,1,1,1,1,1
2026-02-01T20,141.0,262.0,50.125,3.975,9.75,1,1,1,1,1
2026-02-01T21,121.0,189.0,38.825,8.7,5.1,1,1,1,1,1
2026-02-01T22,86.0,128.0,30.525,14.4,2.067,1,1,1,1,1
2026-02-01T23,79.0,116.0,36.25,5.775,3.375,1,1,1,1,1
2026-02-02T00,84.0,133.0,34.1,6.825,3.525,1,1,1,1,1
2026-02-02T01,69.0,110.0,33.325,9.925,3.35,1,1,1,1,1
2026-02-02T02,70.0,112.0,41.15,8.975,3.05,1,1,1,1,1
2026-02-02T03,86.0,183.0,47.2,9.8,4.425,1,1,1,1,1
2026-02-02T04,80.0,173.0,41.775,20.35,3.475,1,1,1,1,1
2026-02-02T05,78.0,157.0,38.033,29.0,3.4,1,1,1,1,1
2026-02-02T06,108.0,184.0,35.75,35.725,3.675,1,1,1,1,1
2026-02-02T07,143.0,213.0,36.4,43.3,4.225,1,1,1,1,1
2026-02-02T08,153.0,228.0,32.75,51.375,3.625,1,1,1,1,1
2026-02-02T09,147.0,211.0,32.05,50.85,3.5,1,1,1,1,1
2026-02-02T10,133.0,194.0,34.825,48.55,3.075,1,1,1,1,1
2026-02-02T11,145.0,212.0,39.45,40.575,4.025,1,1,1,1,1
2026-02-02T12,145.0,217.0,59.025,14.125,4.675,1,1,1,1,1
2026-02-02T13,153.0,257.0,71.133,3.033,5.067,1,1,1,1,1
2026-02-02T15,156.0,298.0,63.167,3.367,7.0,1,1,1,1,1
2026-02-02T16,156.0,268.0,55.5,2.633,7.833,1,1,1,1,1
2026-02-02T17,135.0,226.0,46.2,1.933,7.833,1,1,1,1,1
2026-02-02T18,140.0,237.0,42.1,2.4,7.6,1,1,1,1,1
2026-02-02T19,127.0,218.0,44.75,2.825,8.25,1,1,1,1,1
2026-02-02T20,125.0,211.0,53.125,4.275,7.0,1,1,1,1,1
2026-02-02T21,96.0,153.0,40.0,16.55,5.275,1,1,1,1,1
2026-02-02T22,91.0,140.0,36.625,20.1,5.125,1,1,1,1,1
2026-02-02T23,88.0,125.0,33.825,18.95,5.75,1,1,1,1,1
2026-02-03T00,78.0,117.0,33.0,15.275,6.95,1,1,1,1,1
2026-02-03T01,81.0,124.0,35.067,16.8,7.033,1,1,1,1,1
2026-02-03T02,74.0,112.0,39.5,17.333,5.333,1,1,1,1,1
2026-02-03T03,79.0,116.0,42.35,18.6,6.325,1,1,1,1,1
2026-02-03T04,99.0,150.0,55.625,22.75,9.85,1,1,1,1,1
2026-02-03T05,138.0,208.0,61.0,42.933,9.4,1,1,1,1,1
2026-02-03T06,168.0,235.0,51.45,88.625,8.125,1,1,1,1,1
2026-02-03T07,161.0,240.0,52.575,133.425,10.475,1,1,1,1,1
2026-02-03T08,157.0,260.0,39.225,168.0,19.975,1,1,1,1,1
2026-02-04T01,259.0,433.0,53.1,3.6,24.6,1,1,1,1,1
2026-02-04T02,261.0,439.0,56.85,4.0,23.35,1,1,1,1,1
2026-02-04T03,261.0,438.0,131.333,11.367,19.567,1,1,1,1,1
2026-02-04T04,260.0,395.0,79.9,54.825,17.2,1,1,1,1,1
2026-02-04T06,173.0,260.0,42.9,122.4,18.4,1,1,1,1,1
2026-02-04T07,132.0,219.0,29.867,136.033,10.633,1,1,1,1,1
2026-02-04T08,140.0,219.0,28.45,135.9,10.35,1,1,1,1,1
2026-02-04T09,106.0,168.0,26.05,130.15,6.45,1,1,1,1,1
2026-02-04T10,91.0,152.0,25.0,123.575,6.8,1,1,1,1,1
2026-02-04T11,81.0,141.0,29.125,109.05,6.975,1,1,1,1,1
2026-02-04T12,77.0,140.0,65.275,55.0,5.7,1,1,1,1,1
2026-02-04T13,81.0,173.0,88.35,17.95,6.475,1,1,1,1,1
2026-02-04T14,107.0,221.0,102.6,4.0,8.6,1,1,1,1,1
2026-02-04T16,162.0,315.0,90.7,3.6,10.5,1,1,1,1,1
2026-02-04T19,133.0,235.0,70.9,2.733,10.2,1,1,1,1,1
2026-02-04T20,125.0,232.0,69.1,4.9,8.5,1,1,1,1,1
2026-02-04T21,128.0,210.0,57.825,12.7,6.3,1,1,1,1,1
2026-02-04T22,143.0,211.0,46.4,18.95,7.05,1,1,1,1,1
2026-02-04T23,150.0,223.0,48.15,15.85,8.3,1,1,1,1,1
2026-02-05T00,132.0,217.0,52.033,13.967,8.033,1,1,1,1,1
2026-02-05T01,133.0,221.0,57.35,9.075,8.025,1,1,1,1,1
2026-02-05T02,129.0,226.0,58.25,16.925,8.575,1,1,1,1,1
2026-02-05T03,141.0,241.0,56.4,30.2,8.8,1,1,1,1,1
2026-02-05T04,134.0,243.0,50.375,63.975,8.25,1,1,1,1,1
2026-02-05T05,121.0,237.0,33.15,112.5,10.825,1,1,1,1,1
2026-02-05T06,94.0,195.0,29.8,137.7,10.4,1,1,1,1,1
2026-02-05T07,91.0,194.0,25.075,142.35,9.05,1,1,1,1,1
2026-02-05T08,62.0,143.0,25.275,149.15,7.575,1,1,1,1,1
2026-02-05T09,59.0,143.0,23.575,146.25,7.425,1,1,1,1,1
2026-02-05T10,51.0,130.0,24.7,143.45,6.4,1,1,1,1,1
2026-02-05T11,48.0,111.0,29.8,132.6,6.625,1,1,1,1,1
2026-02-05T12,56.0,119.0,47.25,99.3,6.95,1,1,1,1,1
2026-02-05T13,,,81.275,3.15,9.95,0,0,1,1,1
2026-02-05T14,,,106.5,3.467,30.0,0,0,1,1,1
2026-02-05T15,156.0,339.0,102.475,2.925,37.475,1,1,1,1,1
2026-02-05T16,185.0,361.0,98.1,2.575,42.425,1,1,1,1,1
2026-02-05T17,205.0,384.0,95.775,1.825,45.825,1,1,1,1,1
2026-02-05T18,179.0,328.0,88.2,2.2,48.6,1,1,1,1,1
2026-02-05T19,163.0,278.0,82.9,2.1,48.725,1,1,1,1,1
2026-02-05T20,146.0,257.0,82.475,2.85,47.225,1,1,1,1,1
2026-02-05T21,136.0,228.0,69.3,2.3,45.85,1,1,1,1,1
2026-02-05T22,125.0,208.0,68.1,2.475,45.825,1,1,1,1,1
2026-02-05T23,108.0,182.0,65.475,2.5,46.65,1,1,1,1,1
2026-02-06T00,97.0,171.0,80.7,3.675,48.4,1,1,1,1,1
2026-02-06T01,113.0,197.0,83.425,4.3,48.95,1,1,1,1,1
2026-02-06T02,112.0,197.0,73.65,4.55,48.575,1,1,1,1,1
2026-02-06T03,105.0,210.0,52.2,4.3,48.75,1,1,1,1,1
2026-02-06T04,101.0,202.0,41.375,2.45,49.575,1,1,1,1,1
2026-02-06T05,99.0,202.0,38.975,12.6,51.025,1,1,1,1,1
2026-02-06T06,79.0,211.0,23.175,59.7,52.375,1,1,1,1,1
2026-02-06T07,61.0,173.0,25.075,79.05,57.5,1,1,1,1,1
2026-02-06T08,66.0,158.0,25.2,89.775,57.075,1,1,1,1,1
2026-02-06T09,52.0,150.0,23.425,96.85,53.85,1,1,1,1,1
2026-02-06T10,53.0,141.0,22.6,98.025,48.5,1,1,1,1,1
2026-02-06T11,58.0,127.0,28.4,91.225,49.025,1,1,1,1,1
2026-02-06T12,62.0,130.0,55.7,59.8,47.75,1,1,1,1,1
2026-02-06T13,70.0,167.0,75.0,28.375,49.1,1,1,1,1,1
2026-02-06T14,94.0,208.0,102.6,5.05,50.625,1,1,1,1,1
2026-02-06T15,114.0,256.0,104.775,3.0,53.275,1,1,1,1,1
2026-02-06T16,162.0,311.0,102.025,2.25,54.65,1,1,1,1,1
2026-02-06T17,189.0,362.0,97.025,0.667,54.05,1,1,1,1,1
2026-02-06T18,177.0,331.0,90.2,0.3,52.7,1,1,1,1,1
2026-02-06T19,147.0,274.0,90.275,0.0,53.025,1,1,1,1,1
2026-02-06T20,141.0,249.0,83.325,1.375,50.875,1,1,1,1,1
2026-02-06T21,139.0,226.0,84.375,1.675,51.2,1,1,1,1,1
2026-02-06T22,119.0,190.0,43.867,19.633,50.167,1,1,1,1,1
2026-02-06T23,91.0,151.0,37.525,21.025,50.0,1,1,1,1,1
2026-02-07T00,96.0,149.0,37.6,18.3,49.0,1,1,1,1,1
2026-02-07T01,92.0,158.0,58.75,8.225,48.025,1,1,1,1,1
2026-02-07T02,111.0,200.0,56.2,18.4,48.675,1,1,1,1,1
2026-02-07T03,85.0,160.0,40.375,40.725,48.75,1,1,1,1,1
2026-02-07T04,94.0,188.0,36.4,68.575,49.125,1,1,1,1,1
2026-02-07T05,94.0,199.0,28.2,89.325,51.7,1,1,1,1,1
2026-02-07T06,96.0,202.0,24.275,108.45,50.075,1,1,1,1,1
2026-02-07T07,83.0,197.0,21.55,115.4,51.325,1,1,1,1,1
2026-02-07T08,70.0,182.0,21.6,120.45,50.9,1,1,1,1,1
2026-02-07T09,66.0,180.0,22.475,116.425,50.35,1,1,1,1,1
2026-02-07T10,69.0,177.0,26.1,112.733,51.133,1,1,1,1,1
2026-02-07T11,73.0,182.0,34.425,100.725,57.6,1,1,1,1,1
2026-02-07T12,79.0,174.0,57.525,68.475,50.7,1,1,1,1,1
2026-02-07T13,81.0,193.0,103.775,10.5,48.825,1,1,1,1,1
2026-02-07T14,106.0,245.0,107.95,1.825,49.75,1,1,1,1,1
2026-02-07T15,133.0,287.0,103.575,1.3,51.85,1,1,1,1,1
2026-02-07T16,156.0,296.0,83.0,11.6,51.05,1,1,1,1,1
2026-02-07T17,124.0,229.0,65.85,28.35,52.5,1,1,1,1,1
2026-02-07T18,90.0,177.0,44.3,39.1,52.2,1,1,1,1,1
2026-02-07T19,72.0,146.0,46.5,39.8,51.7,1,1,1,1,1
2026-02-08T15,106.0,342.0,104.9,0.6,51.6,1,1,1,1,1
2026-02-08T16,144.0,598.0,99.375,1.65,53.2,1,1,1,1,1
2026-02-08T17,188.0,572.0,87.325,0.725,59.6,1,1,1,1,1
2026-02-08T18,215.0,523.0,77.4,,63.9,1,1,1,0,1
2026-02-08T19,180.0,364.0,75.7,0.425,63.525,1,1,1,1,1
2026-02-08T20,173.0,331.0,56.2,0.925,61.275,1,1,1,1,1
2026-02-08T21,144.0,283.0,57.8,0.725,60.625,1,1,1,1,1
2026-02-08T22,146.0,284.0,57.5,0.2,59.175,1,1,1,1,1
2026-02-08T23,129.0,229.0,57.65,,61.875,1,1,1,0,1
2026-02-09T00,121.0,218.0,55.75,,61.25,1,1,1,0,1
2026-02-09T01,125.0,223.0,70.9,,61.5,1,1,1,0,1
2026-02-09T02,135.0,262.0,88.55,0.675,59.3,1,1,1,1,1
2026-02-09T03,150.0,309.0,103.925,3.1,55.85,1,1,1,1,1
2026-02-09T04,147.0,315.0,100.375,24.35,55.975,1,1,1,1,1
2026-02-09T05,144.0,304.0,81.8,73.925,60.15,1,1,1,1,1
2026-02-09T07,117.0,246.0,62.75,125.1,64.6,1,1,1,1,1
2026-02-09T08,88.0,204.0,51.0,124.7,61.75,1,1,1,1,1
2026-02-09T09,94.0,223.0,48.325,122.35,58.775,1,1,1,1,1
2026-02-09T10,79.0,197.0,62.325,105.175,57.65,1,1,1,1,1
2026-02-09T11,70.0,189.0,83.15,70.25,57.95,1,1,1,1,1
2026-02-09T12,70.0,212.0,115.9,35.6,55.9,1,1,1,1,1
2026-02-09T13,68.0,240.0,124.525,,55.975,1,1,1,0,1
2026-02-09T14,96.0,289.0,112.6,0.833,55.15,1,1,1,1,1
2026-02-09T15,122.0,681.0,102.875,0.475,55.65,1,1,1,1,1
2026-02-09T16,135.0,566.0,98.825,1.325,58.55,1,1,1,1,1
2026-02-09T17,180.0,737.0,89.55,0.925,68.9,1,1,1,1,1
2026-02-09T18,201.0,577.0,89.2,2.0,70.7,1,1,1,1,1
2026-02-09T19,213.0,499.0,83.175,1.35,69.675,1,1,1,1,1
2026-02-09T20,193.0,438.0,53.9,2.267,65.633,1,1,1,1,1
2026-02-09T21,172.0,328.0,46.0,1.775,65.175,1,1,1,1,1
2026-02-09T22,157.0,346.0,40.533,1.3,63.833,1,1,1,1,1
2026-02-09T23,180.0,366.0,43.25,0.85,69.175,1,1,1,1,1
2026-02-10T00,208.0,366.0,48.95,0.85,71.725,1,1,1,1,1
2026-02-10T01,195.0,342.0,41.275,0.55,71.6,1,1,1,1,1
2026-02-10T02,172.0,302.0,67.4,2.45,68.45,1,1,1,1,1
2026-02-10T03,199.0,393.0,115.3,11.05,63.3,1,1,1,1,1
2026-02-10T04,172.0,342.0,82.75,41.875,60.55,1,1,1,1,1
2026-02-10T05,158.0,321.0,62.825,82.975,61.875,1,1,1,1,1
2026-02-10T06,122.0,260.0,42.475,105.95,59.825,1,1,1,1,1
2026-02-10T07,77.0,168.0,36.775,115.175,56.175,1,1,1,1,1
2026-02-10T08,62.0,185.0,31.55,116.825,54.0,1,1,1,1,1
2026-02-10T09,46.0,116.0,33.625,122.7,53.225,1,1,1,1,1
2026-02-10T10,56.0,136.0,59.5,109.35,54.475,1,1,1,1,1
2026-02-10T11,79.0,239.0,93.6,62.975,55.025,1,1,1,1,1
2026-02-10T12,83.0,257.0,138.3,0.433,53.367,1,1,1,1,1
2026-02-10T13,97.0,316.0,127.025,4.875,56.45,1,1,1,1,1
2026-02-10T14,124.0,674.0,111.25,8.075,58.325,1,1,1,1,1
2026-02-10T15,121.0,643.0,113.575,8.1,58.925,1,1,1,1,1
2026-02-10T16,153.0,836.0,106.0,8.075,60.875,1,1,1,1,1
2026-02-10T17,197.0,577.0,90.45,7.275,69.525,1,1,1,1,1
2026-02-10T18,226.0,676.0,65.6,7.6,71.9,1,1,1,1,1
2026-02-10T19,208.0,531.0,57.5,7.475,71.85,1,1,1,1,1
2026-02-10T20,164.0,434.0,68.625,8.35,68.9,1,1,1,1,1
2026-02-10T21,153.0,365.0,66.2,6.95,65.45,1,1,1,1,1
2026-02-10T22,160.0,346.0,95.025,6.0,65.325,1,1,1,1,1
2026-02-10T23,261.0,538.0,93.775,4.675,66.75,1,1,1,1,1
2026-02-11T00,277.0,516.0,88.0,5.075,65.275,1,1,1,1,1
2026-02-11T01,243.0,464.0,89.45,6.1,63.85,1,1,1,1,1
2026-02-11T02,261.0,542.0,101.675,8.6,62.775,1,1,1,1,1
2026-02-11T03,211.0,459.0,112.0,18.45,61.95,1,1,1,1,1
2026-02-11T04,193.0,416.0,88.95,59.175,61.55,1,1,1,1,1
2026-02-11T05,166.0,396.0,51.6,96.75,61.25,1,1,1,1,1
2026-02-11T06,96.0,221.0,35.525,130.3,56.4,1,1,1,1,1
2026-02-11T07,102.0,235.0,30.867,155.233,53.2,1,1,1,1,1
2026-02-11T08,,,21.3,15.7,0.0,0,0,1,1,1
2026-02-11T09,,,18.2,137.533,16.05,0,0,1,1,1
2026-02-11T10,58.0,173.0,20.85,155.1,13.6,1,1,1,1,1
2026-02-11T11,59.0,164.0,28.95,139.175,24.95,1,1,1,1,1
2026-02-11T12,57.0,161.0,53.85,89.825,15.733,1,1,1,1,1
2026-02-11T13,58.0,174.0,97.35,15.55,15.625,1,1,1,1,1
2026-02-11T14,70.0,234.0,110.5,3.0,18.225,1,1,1,1,1
2026-02-11T15,88.0,265.0,98.625,3.275,17.675,1,1,1,1,1
2026-02-11T16,99.0,248.0,87.475,3.15,15.575,1,1,1,1,1
2026-02-11T17,105.0,239.0,76.125,2.6,14.275,1,1,1,1,1
2026-02-11T19,78.0,188.0,59.45,8.55,11.45,1,1,1,1,1
2026-02-11T20,74.0,179.0,75.975,2.675,11.35,1,1,1,1,1
2026-02-11T21,84.0,182.0,74.4,2.75,10.7,1,1,1,1,1
2026-02-11T22,73.0,162.0,67.45,2.875,11.375,1,1,1,1,1
2026-02-11T23,73.0,155.0,42.675,10.1,12.075,1,1,1,1,1
2026-02-12T00,67.0,144.0,45.55,9.55,10.833,1,1,1,1,1
2026-02-12T01,73.0,158.0,62.475,2.5,10.475,1,1,1,1,1
2026-02-12T02,86.0,201.0,59.7,8.1,11.1,1,1,1,1,1
2026-02-12T03,91.0,219.0,54.3,32.45,12.05,1,1,1,1,1
2026-02-12T04,84.0,219.0,35.15,62.325,13.625,1,1,1,1,1
2026-02-12T05,69.0,180.0,23.275,100.7,14.025,1,1,1,1,1
2026-02-12T06,62.0,183.0,20.475,132.325,12.8,1,1,1,1,1
2026-02-12T07,48.0,150.0,17.8,142.575,11.45,1,1,1,1,1
2026-02-12T08,36.0,140.0,14.6,146.6,10.825,1,1,1,1,1
2026-02-12T09,33.0,141.0,15.725,146.575,10.95,1,1,1,1,1
2026-02-12T10,35.0,130.0,17.0,147.75,13.575,1,1,1,1,1
2026-02-12T11,35.0,118.0,25.2,125.8,13.225,1,1,1,1,1
2026-02-12T12,33.0,122.0,54.15,73.875,15.133,1,1,1,1,1
2026-02-12T13,40.0,149.0,97.15,8.35,14.75,1,1,1,1,1
2026-02-12T14,55.0,218.0,98.15,2.675,16.8,1,1,1,1,1
2026-02-12T15,81.0,291.0,92.275,3.375,18.575,1,1,1,1,1
2026-02-12T16,107.0,411.0,89.25,2.8,18.275,1,1,1,1,1
2026-02-12T17,100.0,323.0,82.4,1.425,20.5,1,1,1,1,1
2026-02-12T18,114.0,326.0,62.8,1.2,10.6,1,1,1,1,1
2026-02-12T19,116.0,323.0,72.025,1.125,10.525,1,1,1,1,1
2026-02-12T20,116.0,304.0,68.675,2.675,9.35,1,1,1,1,1
2026-02-12T21,114.0,272.0,65.575,2.7,6.45,1,1,1,1,1
2026-02-12T22,107.0,244.0,62.925,1.9,6.225,1,1,1,1,1
2026-02-12T23,101.0,222.0,61.05,1.35,5.525,1,1,1,1,1
2026-02-13T00,94.0,221.0,55.925,0.8,7.967,1,1,1,1,1
2026-02-13T01,92.0,213.0,60.725,1.5,9.975,1,1,1,1,1
2026-02-13T02,96.0,238.0,80.1,7.675,11.375,1,1,1,1,1
2026-02-13T03,102.0,269.0,66.45,29.425,11.25,1,1,1,1,1
2026-02-13T04,88.0,234.0,38.65,74.725,10.7,1,1,1,1,1
2026-02-13T05,63.0,166.0,29.0,105.35,13.7,1,1,1,1,1
2026-02-13T06,45.0,135.0,26.667,123.167,15.067,1,1,1,1,1
2026-02-13T07,34.0,117.0,25.95,142.5,11.225,1,1,1,1,1
2026-02-13T08,29.0,105.0,22.15,154.75,11.425,1,1,1,1,1
2026-02-13T09,28.0,117.0,20.975,160.075,13.1,1,1,1,1,1
2026-02-13T10,34.0,121.0,24.25,156.725,11.175,1,1,1,1,1
2026-02-13T11,40.0,129.0,30.575,141.85,9.325,1,1,1,1,1
2026-02-13T12,44.0,143.0,67.575,73.075,12.067,1,1,1,1,1
2026-02-13T13,57.0,205.0,118.2,3.975,12.675,1,1,1,1,1
2026-02-13T14,80.0,290.0,116.4,3.075,14.7,1,1,1,1,1
2026-02-13T15,106.0,384.0,114.825,3.775,14.925,1,1,1,1,1
2026-02-13T16,123.0,334.0,109.1,2.475,16.425,1,1,1,1,1
2026-02-13T17,130.0,355.0,92.2,1.35,20.4,1,1,1,1,1
2026-02-13T18,146.0,448.0,78.5,2.2,12.5,1,1,1,1,1
2026-02-13T19,149.0,627.0,72.3,2.15,12.8,1,1,1,1,1
2026-02-13T20,157.0,431.0,68.85,3.125,12.825,1,1,1,1,1
2026-02-13T21,153.0,399.0,74.4,3.367,9.6,1,1,1,1,1
2026-02-13T23,144.0,343.0,68.6,0.55,11.567,1,1,1,1,1
2026-02-14T00,143.0,371.0,62.325,0.875,8.567,1,1,1,1,1
2026-02-14T01,157.0,370.0,72.35,1.5,8.25,1,1,1,1,1
2026-02-14T02,174.0,379.0,95.175,4.875,6.325,1,1,1,1,1
2026-02-14T03,128.0,313.0,67.025,33.0,3.425,1,1,1,1,1
2026-02-14T04,83.0,249.0,73.1,58.5,3.025,1,1,1,1,1
2026-02-14T05,89.0,252.0,46.675,106.05,4.1,1,1,1,1,1
2026-02-14T06,63.0,189.0,34.8,149.45,9.967,1,1,1,1,1
2026-02-14T07,67.0,174.0,29.35,191.275,9.2,1,1,1,1,1
2026-02-14T08,66.0,178.0,23.925,192.55,7.2,1,1,1,1,1
2026-02-14T09,47.0,156.0,21.65,178.3,5.875,1,1,1,1,1
2026-02-14T10,48.0,134.0,21.675,165.125,5.875,1,1,1,1,1
2026-02-14T11,50.0,150.0,37.575,141.075,16.9,1,1,1,1,1
2026-02-14T12,57.0,194.0,75.95,76.275,14.333,1,1,1,1,1
2026-02-14T13,73.0,245.0,121.45,10.3,14.125,1,1,1,1,1
2026-02-14T14,88.0,284.0,122.1,2.975,13.075,1,1,1,1,1
2026-02-14T15,97.0,320.0,111.175,3.425,14.625,1,1,1,1,1
2026-02-14T16,141.0,423.0,105.825,3.125,15.75,1,1,1,1,1
2026-02-14T17,152.0,692.0,96.1,0.4,20.9,1,1,1,1,1
2026-02-14T18,177.0,556.0,96.7,1.1,9.6,1,1,1,1,1
2026-02-14T19,173.0,480.0,88.525,1.45,8.575,1,1,1,1,1
2026-02-14T20,161.0,445.0,80.3,3.05,7.125,1,1,1,1,1
2026-02-14T21,150.0,400.0,75.933,2.467,3.233,1,1,1,1,1
2026-02-14T22,144.0,422.0,82.0,2.05,2.275,1,1,1,1,1
2026-02-14T23,113.0,284.0,94.1,1.1,1.925,1,1,1,1,1
2026-02-15T00,81.0,218.0,76.3,1.3,5.033,1,1,1,1,1
2026-02-15T01,67.0,171.0,54.95,4.625,6.225,1,1,1,1,1
2026-02-15T02,74.0,179.0,63.25,10.675,5.225,1,1,1,1,1
2026-02-15T03,85.0,244.0,45.725,45.1,5.75,1,1,1,1,1
2026-02-15T04,88.0,244.0,36.75,84.45,8.125,1,1,1,1,1
2026-02-15T05,79.0,230.0,31.725,131.5,11.05,1,1,1,1,1
2026-02-15T06,84.0,238.0,30.6,173.65,15.967,1,1,1,1,1
2026-02-15T07,69.0,217.0,25.075,171.7,14.825,1,1,1,1,1
2026-02-15T08,55.0,195.0,24.825,156.25,8.6,1,1,1,1,1
2026-02-15T09,39.0,156.0,21.875,151.8,9.7,1,1,1,1,1
2026-02-15T10,41.0,157.0,23.625,160.675,11.275,1,1,1,1,1
2026-02-15T11,46.0,173.0,29.45,145.55,14.025,1,1,1,1,1
2026-02-15T12,45.0,177.0,62.275,82.375,10.933,1,1,1,1,1
2026-02-15T13,56.0,323.0,116.0,6.2,10.275,1,1,1,1,1
2026-02-15T14,84.0,396.0,116.75,3.175,11.9,1,1,1,1,1
2026-02-15T15,127.0,415.0,107.7,3.65,16.0,1,1,1,1,1
2026-02-15T16,132.0,,92.625,3.75,19.95,1,0,1,1,1
2026-02-15T17,156.0,,81.875,1.567,22.467,1,0,1,1,1
2026-02-15T18,151.0,466.0,58.8,1.5,11.4,1,1,1,1,1
2026-02-15T19,146.0,486.0,56.15,1.25,13.35,1,1,1,1,1
2026-02-15T20,139.0,,42.05,3.4,11.4,1,0,1,1,1
2026-02-15T21,144.0,,40.325,3.45,9.475,1,0,1,1,1
2026-02-15T22,139.0,389.0,56.975,2.0,10.9,1,1,1,1,1
2026-02-15T23,128.0,334.0,58.45,0.467,9.975,1,1,1,1,1
2026-02-16T00,128.0,331.0,59.05,0.75,9.633,1,1,1,1,1
2026-02-16T01,123.0,324.0,58.325,1.325,9.05,1,1,1,1,1
2026-02-16T02,130.0,364.0,83.025,5.35,7.15,1,1,1,1,1
2026-02-16T03,153.0,486.0,147.5,9.925,5.225,1,1,1,1,1
2026-02-16T04,130.0,445.0,84.8,35.0,5.6,1,1,1,1,1
2026-02-17T07,40.0,182.0,40.5,112.667,13.8,1,1,1,1,1
2026-02-17T08,36.0,143.0,37.525,119.975,11.675,1,1,1,1,1
2026-02-17T09,40.0,147.0,32.5,106.2,12.275,1,1,1,1,1
2026-02-17T10,31.0,150.0,44.175,91.925,13.25,1,1,1,1,1
2026-02-17T11,33.0,135.0,55.2,77.375,13.575,1,1,1,1,1
2026-02-17T12,38.0,150.0,90.35,34.275,11.533,1,1,1,1,1
2026-02-17T13,50.0,189.0,115.9,5.45,9.775,1,1,1,1,1
2026-02-17T14,70.0,232.0,115.375,4.575,11.175,1,1,1,1,1
2026-02-17T15,78.0,251.0,107.925,4.55,15.95,1,1,1,1,1
2026-02-17T16,86.0,259.0,101.35,3.95,15.0,1,1,1,1,1
2026-02-18T01,116.0,245.0,77.5,2.9,5.0,1,1,1,1,1
2026-02-18T02,177.0,301.0,76.7,5.85,4.25,1,1,1,1,1
2026-02-18T03,128.0,227.0,70.625,10.7,4.85,1,1,1,1,1
2026-02-18T04,127.0,239.0,73.425,12.425,4.7,1,1,1,1,1
2026-02-18T05,81.0,167.0,69.95,18.875,3.525,1,1,1,1,1
2026-02-18T06,70.0,163.0,56.8,48.05,11.933,1,1,1,1,1
2026-02-18T07,58.0,152.0,54.675,42.125,9.9,1,1,1,1,1
2026-02-18T08,45.0,105.0,38.867,56.133,7.767,1,1,1,1,1
2026-02-18T09,31.0,73.0,52.775,43.525,7.6,1,1,1,1,1
2026-02-18T10,33.0,70.0,77.525,16.125,9.45,1,1,1,1,1
2026-02-18T11,52.0,116.0,83.825,10.2,7.525,1,1,1,1,1
2026-02-18T12,73.0,141.0,65.65,17.75,6.967,1,1,1,1,1
2026-02-18T13,62.0,132.0,73.625,11.7,6.9,1,1,1,1,1
2026-02-18T14,57.0,130.0,76.8,9.975,6.65,1,1,1,1,1
2026-02-18T15,62.0,140.0,78.475,4.775,8.75,1,1,1,1,1
2026-02-18T16,78.0,151.0,72.4,2.9,10.1,1,1,1,1,1
2026-02-19T07,56.0,110.0,46.1,174.3,15.7,1,1,1,1,1
2026-02-19T08,56.0,112.0,42.9,187.2,15.8,1,1,1,1,1
2026-02-19T09,78.0,167.0,58.5,270.4,17.7,1,1,1,1,1
2026-02-19T11,88.0,202.0,53.625,165.1,7.725,1,1,1,1,1
2026-02-19T12,56.0,157.0,63.75,90.225,12.0,1,1,1,1,1
2026-02-19T13,69.0,178.0,81.6,38.05,13.925,1,1,1,1,1
2026-02-19T14,80.0,177.0,95.875,14.775,13.225,1,1,1,1,1
2026-02-19T15,92.0,186.0,90.125,5.9,10.425,1,1,1,1,1
2026-02-19T16,125.0,227.0,85.575,4.125,13.35,1,1,1,1,1
2026-02-19T17,122.0,232.0,78.575,0.45,16.4,1,1,1,1,1
2026-02-19T18,112.0,222.0,64.5,2.1,5.8,1,1,1,1,1
2026-02-19T19,101.0,208.0,62.05,1.975,5.925,1,1,1,1,1
2026-02-19T20,97.0,180.0,50.525,4.8,5.725,1,1,1,1,1
2026-02-19T21,94.0,166.0,46.633,3.733,5.6,1,1,1,1,1
2026-02-19T22,88.0,161.0,45.033,2.833,5.9,1,1,1,1,1
2026-02-19T23,85.0,152.0,43.333,0.25,7.233,1,1,1,1,1
2026-02-20T00,86.0,151.0,38.9,0.867,6.15,1,1,1,1,1
2026-02-20T01,96.0,183.0,40.125,2.05,4.375,1,1,1,1,1
2026-02-20T02,100.0,202.0,66.533,7.633,5.233,1,1,1,1,1
2026-02-20T03,147.0,271.0,92.75,13.625,3.925,1,1,1,1,1
2026-02-20T04,178.0,299.0,98.3,39.0,4.2,1,1,1,1,1
2026-02-20T05,166.0,295.0,50.4,126.1,10.033,1,1,1,1,1
2026-02-20T06,101.0,186.0,44.475,182.725,14.1,1,1,1,1,1
2026-02-20T07,97.0,199.0,33.95,200.325,12.125,1,1,1,1,1
2026-02-20T08,74.0,146.0,28.1,181.8,7.1,1,1,1,1,1
2026-02-20T09,78.0,152.0,21.2,148.9,9.4,1,1,1,1,1
2026-02-20T10,61.0,116.0,21.475,146.4,6.6,1,1,1,1,1
2026-02-20T11,47.0,103.0,30.8,126.875,5.95,1,1,1,1,1
2026-02-20T12,53.0,133.0,48.0,86.475,7.733,1,1,1,1,1
2026-02-20T13,50.0,130.0,83.45,27.65,8.125,1,1,1,1,1
2026-02-20T14,69.0,158.0,98.725,5.625,5.4,1,1,1,1,1
2026-02-20T15,,,89.075,4.35,10.233,0,0,1,1,1
2026-02-20T16,,,84.75,3.1,13.575,0,0,1,1,1
2026-02-20T17,112.0,241.0,82.425,0.567,15.525,1,1,1,1,1
2026-02-20T18,140.0,291.0,76.9,0.8,7.8,1,1,1,1,1
2026-02-20T19,129.0,263.0,78.05,1.175,6.875,1,1,1,1,1
2026-02-20T20,121.0,232.0,71.275,4.075,4.3,1,1,1,1,1
2026-02-20T21,121.0,227.0,76.275,3.525,4.175,1,1,1,1,1
2026-02-20T22,114.0,202.0,76.7,2.25,4.625,1,1,1,1,1
2026-02-20T23,110.0,183.0,67.675,1.3,4.725,1,1,1,1,1
2026-02-21T00,102.0,172.0,67.1,2.0,4.867,1,1,1,1,1
2026-02-21T01,106.0,189.0,78.15,2.2,6.1,1,1,1,1,1
2026-02-21T02,113.0,206.0,50.425,24.8,4.275,1,1,1,1,1
2026-02-21T03,112.0,199.0,34.8,53.525,4.2,1,1,1,1,1
2026-02-21T04,125.0,223.0,33.6,79.0,7.3,1,1,1,1,1
2026-02-21T05,129.0,229.0,32.825,124.2,14.1,1,1,1,1,1
2026-02-21T06,110.0,215.0,28.533,157.633,14.1,1,1,1,1,1
2026-02-21T07,90.0,169.0,26.15,181.95,12.15,1,1,1,1,1
2026-02-21T08,84.0,161.0,20.025,178.375,8.025,1,1,1,1,1
2026-02-21T09,48.0,107.0,21.075,169.6,7.55,1,1,1,1,1
2026-02-21T10,57.0,118.0,21.725,167.475,8.55,1,1,1,1,1
2026-02-21T11,67.0,118.0,32.8,147.1,10.0,1,1,1,1,1
2026-02-21T12,73.0,150.0,57.575,95.6,10.067,1,1,1,1,1
2026-02-21T13,72.0,190.0,112.35,13.575,10.1,1,1,1,1,1
2026-02-21T14,90.0,222.0,107.0,6.475,8.425,1,1,1,1,1
2026-02-21T15,114.0,256.0,102.325,4.125,10.725,1,1,1,1,1
2026-02-21T16,143.0,321.0,104.275,3.625,13.875,1,1,1,1,1
2026-02-21T17,155.0,342.0,97.825,1.0,17.3,1,1,1,1,1
2026-02-21T19,197.0,365.0,80.5,1.9,6.9,1,1,1,1,1
2026-02-21T20,155.0,339.0,75.475,4.375,5.8,1,1,1,1,1
2026-02-21T21,144.0,265.0,80.2,3.15,5.425,1,1,1,1,1
2026-02-21T22,160.0,295.0,76.225,2.35,5.025,1,1,1,1,1
2026-02-21T23,156.0,268.0,72.55,0.4,7.4,1,1,1,1,1
2026-02-22T00,140.0,252.0,70.575,0.575,7.167,1,1,1,1,1
2026-02-22T01,129.0,239.0,73.525,1.725,5.725,1,1,1,1,1
2026-02-22T02,133.0,224.0,90.65,7.675,6.525,1,1,1,1,1
2026-02-22T03,149.0,265.0,82.65,34.55,7.925,1,1,1,1,1
2026-02-22T04,125.0,217.0,58.575,78.6,12.575,1,1,1,1,1
2026-02-22T05,78.0,139.0,54.075,114.325,12.325,1,1,1,1,1
2026-02-22T06,72.0,133.0,39.3,154.85,7.967,1,1,1,1,1
2026-02-22T07,53.0,107.0,29.075,165.325,6.575,1,1,1,1,1
2026-02-22T08,40.0,77.0,18.875,166.525,1.625,1,1,1,1,1
2026-02-22T09,29.0,63.0,20.45,179.575,2.325,1,1,1,1,1
2026-02-22T10,41.0,79.0,24.375,166.65,3.825,1,1,1,1,1
2026-02-22T11,41.0,88.0,30.533,161.0,5.567,1,1,1,1,1
2026-02-22T12,41.0,105.0,55.175,104.025,9.4,1,1,1,1,1
2026-02-22T13,55.0,134.0,111.05,19.525,10.375,1,1,1,1,1
2026-02-22T14,72.0,178.0,116.95,6.15,10.0,1,1,1,1,1
2026-02-22T15,101.0,389.0,110.45,3.95,13.525,1,1,1,1,1
2026-02-22T16,143.0,687.0,98.5,4.225,17.475,1,1,1,1,1
2026-02-22T17,171.0,434.0,93.1,1.275,22.2,1,1,1,1,1
2026-02-22T18,141.0,306.0,77.0,2.1,9.4,1,1,1,1,1
2026-02-22T19,130.0,276.0,71.575,1.425,9.075,1,1,1,1,1
2026-02-22T20,108.0,227.0,69.875,4.025,10.65,1,1,1,1,1
2026-02-22T21,112.0,272.0,59.95,3.6,11.4,1,1,1,1,1
2026-02-22T22,118.0,235.0,51.475,2.4,13.25,1,1,1,1,1
2026-02-22T23,106.0,204.0,44.575,0.85,14.175,1,1,1,1,1
2026-02-23T00,118.0,223.0,45.225,1.8,7.367,1,1,1,1,1
2026-02-23T01,113.0,201.0,45.25,2.95,5.25,1,1,1,1,1
2026-02-23T02,150.0,261.0,89.275,5.95,8.45,1,1,1,1,1
2026-02-23T03,155.0,312.0,79.367,33.6,7.067,1,1,1,1,1
2026-02-23T04,101.0,206.0,49.0,78.25,8.65,1,1,1,1,1
2026-02-23T05,75.0,156.0,38.9,124.5,4.8,1,1,1,1,1
2026-02-23T06,,,29.95,151.4,16.8,0,0,1,1,1
2026-02-23T07,67.0,151.0,41.85,182.475,17.725,1,1,1,1,1
2026-02-23T08,52.0,129.0,28.633,180.633,15.267,1,1,1,1,1
2026-02-23T09,47.0,122.0,22.333,159.933,15.267,1,1,1,1,1
2026-02-23T10,40.0,111.0,22.8,149.825,15.875,1,1,1,1,1
2026-02-23T11,35.0,107.0,30.425,132.875,14.825,1,1,1,1,1
2026-02-23T12,40.0,119.0,82.275,60.0,8.95,1,1,1,1,1
2026-02-23T13,44.0,152.0,130.075,1.9,5.475,1,1,1,1,1
2026-02-23T14,61.0,200.0,123.15,3.7,7.25,1,1,1,1,1
2026-02-23T15,86.0,269.0,110.25,3.875,11.85,1,1,1,1,1
2026-02-23T16,108.0,296.0,106.15,2.725,15.575,1,1,1,1,1
2026-02-23T17,116.0,368.0,96.925,3.125,16.5,1,1,1,1,1
2026-02-23T18,114.0,356.0,82.6,3.3,9.8,1,1,1,1,1
2026-02-23T19,133.0,381.0,76.925,3.15,9.525,1,1,1,1,1
2026-02-23T20,117.0,290.0,65.0,4.225,11.725,1,1,1,1,1
2026-02-23T21,107.0,299.0,63.65,3.575,14.9,1,1,1,1,1
2026-02-23T22,117.0,284.0,63.425,2.425,14.725,1,1,1,1,1
2026-02-23T23,112.0,218.0,64.425,0.975,10.325,1,1,1,1,1
2026-02-24T00,111.0,201.0,65.7,1.6,5.9,1,1,1,1,1
2026-02-24T01,108.0,197.0,58.05,2.35,4.1,1,1,1,1,1
2026-02-24T02,114.0,234.0,95.75,5.0,8.9,1,1,1,1,1
2026-02-24T03,164.0,354.0,125.75,10.475,10.875,1,1,1,1,1
2026-02-24T04,174.0,328.0,68.9,56.475,8.25,1,1,1,1,1
2026-02-24T05,106.0,213.0,42.925,108.4,5.825,1,1,1,1,1
2026-02-24T06,91.0,190.0,49.2,153.0,8.8,1,1,1,1,1
2026-02-24T07,88.0,167.0,34.5,171.075,7.425,1,1,1,1,1
2026-02-24T08,73.0,162.0,28.167,187.9,5.833,1,1,1,1,1
2026-02-24T09,72.0,163.0,26.7,183.5,4.3,1,1,1,1,1
2026-02-24T10,52.0,129.0,20.0,147.7,0.3,1,1,1,1,1
2026-02-24T12,35.0,117.0,113.1,29.5,16.7,1,1,1,1,1
2026-02-24T13,48.0,168.0,116.5,10.8,17.625,1,1,1,1,1
2026-02-24T14,55.0,175.0,115.425,3.9,20.625,1,1,1,1,1
2026-02-24T15,81.0,235.0,109.1,3.325,24.55,1,1,1,1,1
2026-02-24T16,103.0,279.0,96.975,3.15,28.95,1,1,1,1,1
2026-02-24T17,119.0,311.0,96.95,1.725,28.675,1,1,1,1,1
2026-02-24T18,119.0,318.0,78.8,2.6,18.0,1,1,1,1,1
2026-02-24T19,124.0,309.0,77.05,2.025,17.525,1,1,1,1,1
2026-02-24T20,114.0,252.0,76.175,4.0,19.2,1,1,1,1,1
2026-02-24T21,117.0,238.0,64.4,3.225,20.3,1,1,1,1,1
2026-02-24T22,114.0,226.0,67.2,2.225,19.725,1,1,1,1,1
2026-02-24T23,111.0,234.0,76.575,0.4,16.95,1,1,1,1,1
2026-02-25T00,118.0,212.0,74.4,1.075,13.3,1,1,1,1,1
2026-02-25T01,121.0,223.0,81.125,2.175,10.25,1,1,1,1,1
2026-02-25T02,136.0,262.0,106.375,5.375,8.85,1,1,1,1,1
2026-02-25T03,134.0,276.0,78.625,30.625,8.6,1,1,1,1,1
2026-02-25T04,125.0,252.0,49.525,78.25,6.6,1,1,1,1,1
2026-02-25T05,88.0,169.0,33.25,117.0,6.7,1,1,1,1,1
2026-02-25T06,55.0,112.0,31.75,144.45,15.7,1,1,1,1,1
2026-02-25T07,46.0,116.0,27.5,167.1,17.875,1,1,1,1,1
2026-02-25T08,42.0,122.0,26.425,163.225,14.05,1,1,1,1,1
2026-02-25T09,34.0,101.0,23.067,155.5,14.167,1,1,1,1,1
2026-02-25T10,25.0,85.0,21.25,155.975,13.975,1,1,1,1,1
2026-02-25T11,27.0,89.0,31.067,138.533,13.233,1,1,1,1,1
2026-02-25T12,36.0,111.0,67.175,75.85,15.0,1,1,1,1,1
2026-02-25T13,38.0,160.0,118.35,7.3,15.425,1,1,1,1,1
2026-02-25T14,48.0,213.0,116.8,3.95,15.4,1,1,1,1,1
2026-02-25T15,80.0,224.0,115.775,3.675,23.325,1,1,1,1,1
2026-02-25T16,95.0,273.0,117.475,2.55,24.85,1,1,1,1,1
2026-02-25T17,102.0,299.0,119.075,0.825,22.075,1,1,1,1,1
2026-02-25T18,113.0,300.0,108.4,1.4,13.7,1,1,1,1,1
2026-02-25T19,100.0,257.0,101.275,1.475,13.825,1,1,1,1,1
2026-02-25T20,100.0,226.0,89.025,3.275,12.45,1,1,1,1,1
2026-02-25T21,100.0,218.0,79.933,2.8,14.6,1,1,1,1,1
2026-02-25T22,94.0,246.0,87.775,1.525,12.625,1,1,1,1,1
2026-02-25T23,89.0,184.0,89.65,0.267,11.05,1,1,1,1,1
2026-02-26T00,89.0,168.0,94.5,1.175,11.733,1,1,1,1,1
2026-02-26T01,94.0,185.0,103.05,1.8,13.25,1,1,1,1,1
2026-02-26T02,95.0,212.0,109.05,10.5,13.525,1,1,1,1,1
2026-02-26T03,99.0,234.0,65.8,49.1,16.6,1,1,1,1,1
2026-02-26T04,84.0,201.0,45.3,86.5,15.725,1,1,1,1,1
2026-02-26T05,70.0,185.0,93.625,115.6,15.075,1,1,1,1,1
2026-02-26T06,53.0,133.0,81.15,153.5,15.333,1,1,1,1,1
2026-02-26T07,50.0,138.0,79.325,144.175,16.7,1,1,1,1,1
2026-02-26T08,33.0,129.0,60.75,136.175,15.35,1,1,1,1,1
2026-02-26T09,23.0,101.0,36.725,126.025,13.925,1,1,1,1,1
2026-02-26T10,22.0,85.0,54.567,127.7,12.3,1,1,1,1,1
2026-02-26T11,22.0,83.0,28.65,127.55,13.6,1,1,1,1,1
2026-02-26T12,25.0,94.0,47.725,90.825,15.167,1,1,1,1,1
2026-02-26T13,41.0,139.0,113.375,8.9,17.625,1,1,1,1,1
2026-02-26T14,63.0,178.0,116.95,3.4,15.325,1,1,1,1,1
2026-02-26T15,83.0,230.0,112.875,2.95,18.8,1,1,1,1,1
2026-02-26T16,94.0,260.0,105.175,2.025,24.633,1,1,1,1,1
2026-02-26T17,94.0,230.0,106.75,1.275,25.175,1,1,1,1,1
2026-02-26T18,90.0,221.0,101.1,1.4,16.8,1,1,1,1,1
2026-02-26T19,91.0,254.0,98.225,1.9,17.75,1,1,1,1,1
2026-02-26T20,105.0,287.0,91.625,3.525,15.875,1,1,1,1,1
2026-02-26T21,107.0,283.0,84.7,3.5,17.125,1,1,1,1,1
2026-02-26T22,88.0,241.0,84.475,1.975,16.95,1,1,1,1,1
2026-02-26T23,77.0,190.0,88.1,0.55,16.425,1,1,1,1,1
2026-02-27T00,89.0,193.0,93.925,0.625,12.567,1,1,1,1,1
2026-02-27T01,96.0,202.0,88.075,1.925,11.925,1,1,1,1,1
2026-02-27T02,99.0,230.0,101.425,6.5,11.075,1,1,1,1,1
2026-02-27T03,106.0,283.0,116.85,21.175,11.575,1,1,1,1,1
2026-02-27T04,105.0,259.0,62.025,88.6,16.25,1,1,1,1,1
2026-02-27T05,80.0,190.0,45.325,137.475,16.725,1,1,1,1,1
2026-02-27T06,58.0,151.0,45.175,135.375,18.133,1,1,1,1,1
2026-02-27T07,36.0,94.0,38.325,146.25,18.55,1,1,1,1,1
2026-02-27T08,30.0,85.0,26.2,153.975,13.775,1,1,1,1,1
2026-02-27T09,25.0,73.0,22.833,162.033,12.667,1,1,1,1,1
2026-02-27T10,27.0,78.0,25.525,168.125,12.625,1,1,1,1,1
2026-02-27T11,34.0,101.0,38.8,141.225,11.55,1,1,1,1,1
2026-02-27T12,34.0,136.0,114.575,35.325,15.6,1,1,1,1,1
2026-02-27T13,39.0,224.0,136.175,1.925,19.525,1,1,1,1,1
2026-02-27T14,69.0,278.0,123.625,4.85,23.15,1,1,1,1,1
2026-02-27T15,92.0,343.0,123.625,4.375,27.85,1,1,1,1,1
2026-02-27T16,108.0,394.0,113.15,4.225,33.1,1,1,1,1,1
2026-02-27T17,136.0,425.0,101.5,3.3,37.15,1,1,1,1,1
2026-02-27T18,143.0,371.0,106.5,5.0,15.1,1,1,1,1,1
2026-02-27T19,138.0,431.0,96.7,4.55,15.65,1,1,1,1,1
2026-02-27T20,111.0,310.0,92.6,6.55,11.325,1,1,1,1,1
2026-02-27T21,101.0,290.0,82.6,6.8,13.033,1,1,1,1,1
2026-02-27T22,107.0,283.0,74.775,6.225,13.95,1,1,1,1,1
2026-02-27T23,108.0,282.0,74.5,5.5,15.2,1,1,1,1,1
2026-02-28T00,112.0,283.0,78.525,5.025,15.367,1,1,1,1,1
2026-02-28T01,119.0,291.0,83.8,4.8,14.375,1,1,1,1,1
2026-02-28T02,125.0,284.0,98.625,7.45,11.95,1,1,1,1,1
2026-02-28T03,121.0,305.0,95.7,34.65,10.1,1,1,1,1,1
2026-02-28T04,103.0,295.0,68.425,83.2,8.175,1,1,1,1,1
2026-02-28T05,55.0,182.0,38.8,122.95,4.775,1,1,1,1,1
2026-02-28T06,33.0,123.0,37.05,173.6,13.067,1,1,1,1,1
2026-02-28T07,36.0,129.0,33.025,201.35,16.975,1,1,1,1,1
2026-02-28T08,44.0,169.0,28.3,188.225,13.95,1,1,1,1,1
2026-02-28T09,41.0,135.0,23.925,166.575,13.475,1,1,1,1,1
2026-02-28T10,31.0,117.0,25.375,154.375,14.0,1,1,1,1,1
2026-02-28T11,39.0,110.0,34.575,147.975,14.525,1,1,1,1,1
2026-02-28T12,42.0,123.0,60.8,108.275,18.533,1,1,1,1,1
2026-02-28T13,45.0,144.0,100.425,36.375,21.325,1,1,1,1,1
2026-02-28T14,48.0,219.0,122.9,3.4,19.225,1,1,1,1,1
2026-02-28T15,64.0,208.0,113.85,3.15,20.575,1,1,1,1,1
2026-02-28T16,78.0,277.0,106.275,2.175,24.0,1,1,1,1,1
2026-02-28T17,89.0,376.0,105.2,1.2,27.825,1,1,1,1,1
2026-02-28T19,100.0,359.0,88.4,3.3,12.0,1,1,1,1,1
2026-02-28T20,92.0,280.0,85.65,2.9,10.05,1,1,1,1,1
2026-02-28T21,84.0,212.0,82.8,2.1,9.025,1,1,1,1,1
2026-02-28T22,96.0,239.0,87.4,1.125,8.2,1,1,1,1,1
2026-02-28T23,101.0,210.0,88.9,2.625,11.025,1,1,1,1,1
2026-03-01T00,84.0,182.0,84.475,5.675,12.467,1,1,1,1,1
2026-03-01T01,89.0,178.0,89.575,5.225,12.425,1,1,1,1,1
2026-03-01T02,96.0,206.0,68.175,23.65,10.9,1,1,1,1,1
2026-03-01T03,84.0,195.0,43.45,55.85,13.8,1,1,1,1,1
2026-03-01T04,75.0,191.0,31.875,90.625,15.55,1,1,1,1,1
2026-03-01T05,69.0,193.0,30.95,123.175,16.55,1,1,1,1,1
2026-03-01T06,62.0,179.0,27.825,146.425,19.567,1,1,1,1,1
2026-03-01T07,52.0,173.0,27.225,160.375,19.725,1,1,1,1,1
2026-03-01T08,52.0,171.0,24.875,158.225,17.325,1,1,1,1,1
2026-03-01T09,48.0,168.0,24.833,144.4,15.633,1,1,1,1,1
2026-03-01T10,38.0,145.0,22.175,136.95,15.625,1,1,1,1,1
2026-03-01T11,30.0,119.0,26.5,133.667,16.667,1,1,1,1,1
2026-03-01T12,34.0,122.0,47.75,108.2,25.1,1,1,1,1,1
2026-03-01T13,58.0,167.0,69.15,68.2,25.025,1,1,1,1,1
2026-03-01T14,67.0,191.0,87.125,30.475,19.725,1,1,1,1,1
2026-03-01T15,69.0,215.0,104.1,8.025,19.5,1,1,1,1,1
2026-03-01T16,83.0,227.0,96.95,12.4,22.675,1,1,1,1,1
2026-03-01T17,89.0,234.0,81.175,23.025,24.175,1,1,1,1,1
2026-03-01T19,83.0,179.0,68.6,14.9,13.5,1,1,1,1,1
2026-03-01T20,69.0,174.0,59.767,32.2,12.8,1,1,1,1,1
2026-03-01T21,77.0,179.0,91.625,2.925,14.575,1,1,1,1,1
2026-03-01T22,99.0,217.0,88.325,3.45,15.6,1,1,1,1,1
2026-03-01T23,90.0,179.0,73.225,14.625,16.375,1,1,1,1,1
2026-03-02T00,88.0,179.0,81.425,16.075,16.5,1,1,1,1,1
2026-03-02T01,84.0,178.0,71.275,22.95,15.3,1,1,1,1,1
2026-03-02T02,89.0,204.0,58.225,41.975,15.975,1,1,1,1,1
2026-03-02T03,81.0,215.0,43.7,67.525,15.875,1,1,1,1,1
2026-03-02T04,96.0,241.0,38.3,98.633,18.833,1,1,1,1,1
2026-03-02T05,91.0,238.0,31.833,125.9,21.933,1,1,1,1,1
2026-03-02T06,86.0,229.0,24.1,150.233,20.3,1,1,1,1,1
2026-03-02T07,83.0,219.0,27.4,135.833,16.967,1,1,1,1,1
2026-03-02T08,67.0,196.0,23.05,125.45,15.8,1,1,1,1,1
2026-03-02T09,51.0,193.0,20.725,123.5,18.775,1,1,1,1,1
2026-03-02T11,44.0,162.0,33.1,118.6,20.2,1,1,1,1,1
2026-03-02T12,57.0,185.0,46.6,97.967,17.1,1,1,1,1,1
2026-03-02T13,68.0,230.0,70.975,67.05,17.9,1,1,1,1,1
2026-03-02T16,149.0,302.0,111.2,3.9,14.4,1,1,1,1,1
2026-03-02T17,174.0,327.0,86.3,15.3,17.7,1,1,1,1,1
2026-03-02T18,140.0,263.0,76.3,21.8,12.833,2,2,2,2,1
2026-03-02T19,114.0,216.0,62.3,32.175,9.4,1,1,1,1,1
2026-03-02T20,105.0,202.0,50.45,40.225,4.625,1,1,1,1,1
2026-03-02T21,101.0,188.0,47.533,35.233,5.167,1,1,1,1,1
2026-03-02T22,117.0,199.0,49.5,26.35,5.7,1,1,1,1,1
2026-03-02T23,112.0,197.0,46.2,25.6,7.9,1,1,1,1,1
2026-03-03T00,107.0,191.0,35.233,31.867,6.4,1,1,1,1,1
2026-03-03T01,99.0,182.0,43.8,26.767,5.533,1,1,1,1,1
2026-03-03T02,105.0,202.0,40.5,40.5,6.075,1,1,1,1,1
2026-03-03T03,99.0,216.0,34.1,66.9,8.8,1,1,1,1,1
2026-03-03T04,74.0,195.0,30.1,89.875,8.675,1,1,1,1,1
2026-03-03T05,69.0,211.0,31.2,111.125,11.1,1,1,1,1,1
2026-03-03T06,67.0,213.0,25.6,118.167,12.567,1,1,1,1,1
2026-03-03T07,57.0,261.0,24.675,121.575,13.275,1,1,1,1,1
2026-03-03T08,50.0,212.0,23.733,120.033,12.8,1,1,1,1,1
2026-03-03T09,46.0,194.0,22.575,116.05,12.225,1,1,1,1,1
2026-03-03T10,35.0,168.0,23.3,112.425,8.85,1,1,1,1,1
2026-03-03T11,31.0,135.0,27.667,108.267,7.9,1,1,1,1,1
2026-03-03T12,33.0,116.0,37.95,95.425,8.5,1,1,1,1,1
2026-03-03T13,41.0,129.0,53.35,69.4,9.4,1,1,1,1,1
2026-03-03T14,51.0,149.0,62.45,44.1,8.35,1,1,1,1,1
2026-03-03T15,80.0,201.0,67.767,31.833,11.033,1,1,1,1,1
2026-03-03T16,97.0,208.0,77.125,18.075,13.575,1,1,1,1,1
2026-03-03T17,86.0,206.0,77.7,14.633,13.833,1,1,1,1,1
2026-03-03T18,79.0,193.0,89.333,3.533,10.567,1,1,1,1,1
2026-03-03T19,81.0,205.0,80.9,11.2,10.35,1,1,1,1,1
2026-03-03T20,84.0,185.0,65.375,16.7,8.675,1,1,1,1,1
2026-03-03T21,85.0,177.0,62.733,13.667,9.233,1,1,1,1,1
2026-03-03T22,79.0,157.0,44.267,22.933,9.233,1,1,1,1,1
2026-03-03T23,67.0,139.0,61.725,17.95,9.875,1,1,1,1,1
2026-03-04T00,77.0,146.0,62.675,18.3,9.933,1,1,1,1,1
2026-03-04T01,88.0,158.0,42.1,33.75,9.125,1,1,1,1,1
2026-03-04T02,67.0,140.0,35.05,45.075,9.375,1,1,1,1,1
2026-03-04T03,74.0,156.0,29.567,68.833,8.9,1,1,1,1,1
2026-03-04T04,68.0,173.0,25.3,96.075,7.475,1,1,1,1,1
2026-03-04T05,59.0,169.0,23.6,108.9,10.8,1,1,1,1,1
2026-03-04T06,57.0,155.0,24.15,116.975,13.633,1,1,1,1,1
2026-03-04T07,52.0,149.0,24.075,122.225,15.65,1,1,1,1,1
2026-03-04T08,47.0,144.0,23.4,112.067,8.9,1,1,1,1,1
2026-03-04T09,41.0,169.0,22.875,104.675,8.8,1,1,1,1,1
2026-03-04T10,36.0,180.0,21.25,94.7,7.6,1,1,1,1,1
2026-03-04T11,34.0,139.0,21.533,90.967,8.467,1,1,1,1,1
2026-03-04T12,36.0,130.0,37.533,72.167,8.55,1,1,1,1,1
2026-03-04T13,45.0,167.0,45.2,54.55,10.9,1,1,1,1,1
2026-03-04T14,55.0,162.0,43.0,41.975,10.125,1,1,1,1,1
2026-03-04T15,57.0,189.0,42.7,31.375,13.1,1,1,1,1,1
2026-03-04T16,57.0,149.0,39.05,33.575,12.375,1,1,1,1,1
2026-03-04T17,52.0,140.0,38.1,38.8,12.825,1,1,1,1,1
2026-03-04T18,45.0,125.0,31.534,45.834,6.667,2,2,2,2,1
2026-03-04T19,53.0,133.0,31.725,40.025,4.05,1,1,1,1,1
2026-03-04T20,44.0,116.0,29.75,37.575,2.1,1,1,1,1,1
2026-03-04T21,59.0,118.0,30.367,29.4,3.867,1,1,1,1,1
2026-03-04T22,68.0,132.0,33.85,24.65,6.05,1,1,1,1,1
2026-03-04T23,62.0,128.0,36.0,22.7,7.1,1,1,1,1,1
2026-03-05T00,67.0,136.0,40.933,17.733,6.5,1,1,1,1,1
2026-03-05T01,73.0,141.0,50.567,16.0,7.533,1,1,1,1,1
2026-03-05T02,69.0,161.0,37.4,31.333,8.833,1,1,1,1,1
2026-03-05T03,64.0,175.0,34.95,52.6,11.65,1,1,1,1,1
2026-03-05T04,62.0,194.0,29.925,78.45,10.825,1,1,1,1,1
2026-03-05T05,62.0,178.0,30.3,93.2,11.9,1,1,1,1,1
2026-03-05T06,57.0,,20.0,111.0,17.6,1,0,1,1,1
2026-03-05T07,50.0,178.0,20.433,101.067,10.033,1,1,1,1,1
2026-03-05T08,39.0,175.0,19.375,94.65,9.925,1,1,1,1,1
2026-03-05T09,34.0,251.0,19.9,95.075,12.65,1,1,1,1,1
2026-03-05T10,40.0,191.0,19.925,99.2,17.875,1,1,1,1,1
2026-03-05T11,50.0,174.0,23.55,96.1,15.3,1,1,1,1,1
2026-03-05T12,42.0,135.0,40.15,71.125,11.567,1,1,1,1,1
2026-03-05T13,64.0,194.0,77.433,27.1,9.667,1,1,1,1,1
2026-03-05T14,62.0,213.0,89.8,12.067,7.833,1,1,1,1,1
2026-03-05T15,73.0,204.0,74.1,19.0,7.7,1,1,1,1,1
2026-03-05T16,69.0,193.0,73.8,15.0,11.1,1,1,1,1,1
2026-03-05T17,67.0,172.0,67.975,15.825,11.675,1,1,1,1,1
2026-03-05T18,59.0,151.0,56.25,21.75,5.6,2,2,2,2,1
2026-03-05T19,48.0,135.0,54.05,20.9,4.9,1,1,1,1,1
2026-03-05T20,57.0,139.0,59.4,10.425,2.775,1,1,1,1,1
2026-03-05T21,53.0,135.0,64.933,3.367,4.633,1,1,1,1,1
2026-03-05T22,63.0,145.0,63.4,1.467,5.633,1,1,1,1,1
2026-03-05T23,67.0,144.0,67.675,0.5,7.05,1,1,1,1,1
2026-03-06T00,68.0,153.0,68.1,1.8,5.833,1,1,1,1,1
2026-03-06T01,89.0,188.0,76.35,4.725,8.4,1,1,1,1,1
2026-03-06T02,74.0,200.0,66.5,14.067,7.633,1,1,1,1,1
2026-03-06T03,77.0,246.0,55.3,35.6,9.1,1,1,1,1,1
2026-03-06T04,68.0,228.0,59.125,51.625,10.35,1,1,1,1,1
2026-03-06T05,75.0,234.0,42.933,95.567,14.067,1,1,1,1,1
2026-03-06T06,79.0,216.0,31.625,137.775,21.2,1,1,1,1,1
2026-03-06T07,91.0,226.0,28.375,152.375,28.075,1,1,1,1,1
2026-03-06T08,75.0,202.0,26.6,134.375,24.025,1,1,1,1,1
2026-03-06T09,64.0,184.0,24.1,120.367,19.3,1,1,1,1,1
2026-03-06T10,52.0,152.0,24.15,121.575,18.375,1,1,1,1,1
2026-03-06T11,51.0,162.0,28.4,112.2,16.475,1,1,1,1,1
2026-03-06T12,42.0,132.0,43.45,94.35,15.3,1,1,1,1,1
2026-03-06T13,47.0,168.0,87.7,31.375,11.975,1,1,1,1,1
2026-03-06T14,52.0,174.0,112.925,5.7,10.95,1,1,1,1,1
2026-03-06T15,59.0,205.0,107.625,3.525,14.625,1,1,1,1,1
2026-03-06T16,73.0,244.0,104.65,2.575,19.725,1,1,1,1,1
2026-03-06T17,106.0,290.0,91.325,1.8,24.0,1,1,1,1,1
2026-03-06T18,101.0,256.0,94.225,2.475,10.6,2,2,2,2,1
2026-03-06T19,102.0,266.0,84.75,3.975,5.75,1,1,1,1,1
2026-03-06T20,106.0,239.0,75.95,8.15,4.6,1,1,1,1,1
2026-03-06T21,138.0,296.0,83.4,6.5,6.125,1,1,1,1,1
2026-03-06T22,146.0,283.0,71.45,2.325,3.05,1,1,1,1,1
2026-03-06T23,144.0,255.0,69.067,1.767,1.8,1,1,1,1,1
2026-03-07T00,136.0,251.0,61.125,2.95,2.9,1,1,1,1,1
2026-03-07T01,133.0,237.0,50.775,6.175,4.075,1,1,1,1,1
2026-03-07T02,155.0,283.0,78.167,8.433,4.167,1,1,1,1,1
2026-03-07T03,195.0,371.0,66.9,17.75,2.45,1,1,1,1,1
2026-03-07T04,183.0,368.0,57.225,48.775,4.05,1,1,1,1,1
2026-03-07T05,,310.0,35.525,87.75,5.95,0,1,1,1,1
2026-03-07T06,121.0,227.0,26.375,106.825,9.333,1,1,1,1,1
2026-03-07T07,73.0,160.0,30.1,148.175,10.65,1,1,1,1,1
2026-03-07T08,66.0,150.0,25.95,190.3,9.35,1,1,1,1,1
2026-03-07T13,62.0,185.0,97.667,22.667,11.667,1,1,1,1,1
2026-03-07T14,74.0,207.0,117.0,5.433,7.733,1,1,1,1,1
2026-03-07T15,83.0,259.0,107.125,3.7,10.325,1,1,1,1,1
2026-03-07T16,105.0,318.0,104.2,1.8,15.85,1,1,1,1,1
2026-03-07T17,117.0,343.0,101.125,2.275,20.6,1,1,1,1,1
2026-03-07T18,114.0,324.0,98.05,3.55,13.45,2,2,2,2,1
2026-03-07T19,127.0,350.0,79.5,5.025,10.15,1,1,1,1,1
2026-03-07T20,132.0,289.0,62.525,5.2,8.625,1,1,1,1,1
2026-03-07T21,105.0,239.0,54.25,3.825,10.25,1,1,1,1,1
2026-03-07T22,103.0,224.0,55.25,1.725,11.8,1,1,1,1,1
2026-03-07T23,107.0,259.0,62.275,2.1,13.7,1,1,1,1,1
2026-03-08T00,113.0,254.0,70.65,2.925,9.2,1,1,1,1,1
2026-03-08T01,133.0,279.0,79.9,4.025,6.975,1,1,1,1,1
2026-03-08T02,158.0,321.0,137.95,4.2,8.1,1,1,1,1,1
2026-03-08T03,168.0,393.0,116.275,30.225,10.125,1,1,1,1,1
2026-03-08T04,139.0,280.0,57.525,86.9,5.25,1,1,1,1,1
2026-03-08T05,105.0,210.0,36.8,148.167,2.167,1,1,1,1,1
2026-03-08T06,92.0,183.0,40.925,217.35,11.233,1,1,1,1,1
2026-03-08T07,78.0,178.0,22.975,151.7,13.1,1,1,1,1,1
2026-03-08T08,52.0,130.0,22.05,155.025,14.975,1,1,1,1,1
2026-03-08T09,48.0,136.0,17.4,137.775,13.3,1,1,1,1,1
2026-03-08T10,29.0,101.0,18.825,131.775,10.3,1,1,1,1,1
2026-03-08T11,35.0,112.0,23.325,126.05,11.325,1,1,1,1,1
2026-03-08T12,42.0,128.0,38.733,82.5,14.55,1,1,1,1,1
2026-03-08T13,41.0,146.0,79.0,34.15,14.575,1,1,1,1,1
2026-03-08T14,61.0,183.0,113.1,7.15,11.875,1,1,1,1,1
2026-03-08T15,73.0,204.0,108.725,3.2,11.275,1,1,1,1,1
2026-03-08T16,83.0,222.0,104.375,1.825,15.025,1,1,1,1,1
2026-03-08T17,107.0,263.0,95.833,1.833,18.7,1,1,1,1,1
2026-03-08T18,125.0,282.0,92.517,2.35,11.767,2,2,2,2,1
2026-03-08T19,147.0,310.0,87.325,3.8,9.1,1,1,1,1,1
2026-03-08T20,110.0,249.0,90.575,3.875,4.75,1,1,1,1,1
2026-03-08T21,106.0,202.0,82.725,2.9,4.475,1,1,1,1,1
2026-03-08T22,121.0,204.0,64.7,3.225,4.8,1,1,1,1,1
2026-03-08T23,119.0,190.0,56.533,4.2,5.3,1,1,1,1,1
2026-03-09T00,123.0,202.0,57.4,3.733,8.9,1,1,1,1,1
2026-03-09T01,147.0,239.0,58.475,6.45,9.95,1,1,1,1,1
2026-03-09T02,149.0,273.0,56.025,14.875,11.1,1,1,1,1,1
2026-03-09T03,140.0,279.0,44.7,37.35,14.275,1,1,1,1,1
2026-03-09T04,132.0,276.0,36.075,72.95,15.175,1,1,1,1,1
2026-03-09T05,114.0,262.0,25.3,113.725,16.275,1,1,1,1,1
2026-03-09T06,113.0,251.0,25.925,128.85,18.5,1,1,1,1,1
2026-03-09T07,95.0,226.0,19.85,118.25,17.775,1,1,1,1,1
2026-03-09T08,70.0,161.0,20.333,121.333,13.2,1,1,1,1,1
2026-03-09T09,69.0,174.0,17.0,109.95,12.525,1,1,1,1,1
2026-03-09T10,47.0,139.0,18.0,101.267,12.267,1,1,1,1,1
2026-03-09T11,47.0,129.0,25.4,92.4,13.233,1,1,1,1,1
2026-03-09T12,55.0,144.0,50.7,63.0,15.133,1,1,1,1,1
2026-03-09T13,74.0,205.0,86.75,21.025,14.8,1,1,1,1,1
2026-03-09T14,75.0,215.0,98.75,3.95,14.65,1,1,1,1,1
2026-03-09T15,86.0,267.0,99.55,3.475,15.1,1,1,1,1,1
2026-03-09T16,97.0,256.0,96.025,1.45,17.425,1,1,1,1,1
2026-03-09T17,117.0,271.0,94.575,1.45,20.25,1,1,1,1,1
2026-03-10T07,101.0,201.0,26.767,184.833,19.233,1,1,1,1,1
2026-03-10T08,92.0,207.0,18.075,156.725,15.05,1,1,1,1,1
2026-03-10T09,55.0,147.0,18.8,141.0,12.825,1,1,1,1,1
2026-03-10T10,50.0,139.0,16.933,123.1,11.967,1,1,1,1,1
2026-03-10T11,46.0,125.0,23.65,113.725,11.55,1,1,1,1,1
2026-03-10T12,48.0,132.0,54.875,80.375,14.333,1,1,1,1,1
2026-03-10T13,69.0,175.0,99.55,21.875,13.35,1,1,1,1,1
2026-03-10T14,106.0,283.0,105.25,8.425,12.025,1,1,1,1,1
2026-03-10T15,88.0,294.0,111.075,3.875,14.9,1,1,1,1,1
2026-03-10T16,129.0,349.0,103.35,1.3,22.7,1,1,1,1,1
2026-03-10T17,125.0,337.0,101.175,2.475,25.75,1,1,1,1,1
2026-03-10T18,128.0,335.0,75.5,2.8,4.4,1,1,1,1,1
2026-03-10T19,108.0,301.0,79.025,4.6,5.575,1,1,1,1,1
2026-03-10T20,108.0,313.0,65.0,5.25,4.35,1,1,1,1,1
2026-03-10T21,111.0,294.0,52.75,5.55,6.45,1,1,1,1,1
2026-03-10T22,110.0,261.0,56.4,1.667,8.3,1,1,1,1,1
2026-03-10T23,107.0,232.0,66.025,1.425,9.025,1,1,1,1,1
2026-03-11T00,106.0,230.0,70.35,1.8,5.267,1,1,1,1,1
2026-03-11T01,107.0,226.0,72.15,4.975,3.5,1,1,1,1,1
2026-03-11T02,125.0,307.0,117.35,4.45,2.3,1,1,1,1,1
2026-03-11T03,169.0,384.0,105.85,30.325,4.275,1,1,1,1,1
2026-03-11T04,136.0,329.0,68.475,88.025,3.125,1,1,1,1,1
2026-03-11T05,102.0,276.0,62.3,176.633,3.333,1,1,1,1,1
2026-03-11T06,112.0,289.0,41.675,156.125,10.167,1,1,1,1,1
2026-03-11T07,50.0,190.0,23.075,131.35,10.025,1,1,1,1,1
2026-03-11T08,34.0,155.0,15.867,130.767,7.967,1,1,1,1,1
2026-03-11T09,29.0,164.0,13.575,122.625,7.8,1,1,1,1,1
2026-03-11T10,40.0,188.0,18.225,124.55,8.475,1,1,1,1,1
2026-03-11T11,39.0,158.0,22.55,113.375,8.475,1,1,1,1,1
2026-03-11T12,38.0,139.0,59.233,66.333,11.25,1,1,1,1,1
2026-03-11T13,45.0,167.0,118.1,8.0,11.725,1,1,1,1,1
2026-03-11T14,63.0,238.0,118.675,3.35,12.375,1,1,1,1,1
2026-03-11T15,79.0,304.0,110.65,3.175,15.45,1,1,1,1,1
2026-03-11T16,105.0,472.0,108.375,1.875,24.95,1,1,1,1,1
2026-03-11T17,130.0,433.0,106.375,2.05,26.075,1,1,1,1,1
2026-03-11T19,117.0,334.0,104.4,3.2,6.8,1,1,1,1,1
2026-03-11T20,101.0,299.0,93.2,3.25,7.35,1,1,1,1,1
2026-03-11T21,132.0,339.0,88.267,2.2,9.767,1,1,1,1,1
2026-03-11T22,149.0,291.0,84.05,0.15,14.05,1,1,1,1,1
2026-03-11T23,99.0,238.0,88.25,0.875,9.725,1,1,1,1,1
2026-03-12T00,84.0,215.0,86.325,1.25,7.933,1,1,1,1,1
2026-03-12T01,79.0,224.0,84.825,3.3,7.775,1,1,1,1,1
2026-03-12T02,92.0,246.0,94.175,10.525,10.825,1,1,1,1,1
2026-03-12T03,94.0,290.0,87.4,52.6,16.825,1,1,1,1,1
2026-03-12T04,94.0,284.0,69.75,124.775,14.8,1,1,1,1,1
2026-03-12T05,73.0,279.0,45.825,114.0,7.375,1,1,1,1,1
2026-03-12T06,40.0,233.0,31.925,110.225,10.867,1,1,1,1,1
2026-03-12T07,30.0,150.0,25.925,108.75,8.325,1,1,1,1,1
2026-03-12T08,20.0,125.0,22.05,120.9,6.175,1,1,1,1,1
2026-03-12T09,22.0,118.0,20.925,119.025,6.7,1,1,1,1,1
2026-03-12T10,35.0,174.0,22.075,120.4,7.0,1,1,1,1,1
2026-03-12T11,35.0,153.0,26.3,,8.5,1,1,1,0,1
2026-03-12T12,41.0,174.0,74.15,81.433,15.1,1,1,1,1,1
2026-03-12T13,57.0,245.0,102.275,30.875,12.55,1,1,1,1,1
2026-03-12T14,69.0,285.0,109.75,9.2,12.675,1,1,1,1,1
2026-03-12T15,88.0,283.0,108.6,5.625,11.65,1,1,1,1,1
2026-03-12T16,103.0,300.0,105.025,3.025,15.6,1,1,1,1,1
2026-03-12T17,95.0,302.0,98.575,2.425,17.55,1,1,1,1,1
2026-03-12T18,97.0,276.0,90.3,3.2,12.3,1,1,1,1,1
2026-03-12T19,112.0,274.0,84.25,7.725,10.975,1,1,1,1,1
2026-03-12T20,106.0,248.0,63.7,17.225,8.2,1,1,1,1,1
2026-03-12T21,103.0,206.0,36.133,37.0,4.267,1,1,1,1,1
2026-03-12T22,79.0,160.0,35.85,31.5,7.1,1,1,1,1,1
2026-03-12T23,84.0,155.0,42.2,21.825,8.125,1,1,1,1,1
2026-03-13T00,86.0,175.0,52.725,11.55,12.467,1,1,1,1,1
2026-03-13T01,122.0,215.0,42.95,16.15,14.45,1,1,1,1,1
2026-03-13T02,149.0,257.0,40.075,25.7,17.875,1,1,1,1,1
2026-03-13T03,145.0,248.0,39.425,41.675,22.0,1,1,1,1,1
2026-03-13T04,101.0,213.0,34.233,76.767,23.2,1,1,1,1,1
2026-03-13T07,27.0,118.0,12.9,108.2,10.3,1,1,1,1,1
2026-03-13T08,20.0,103.0,14.0,111.067,10.933,1,1,1,1,1
2026-03-13T09,22.0,113.0,16.075,105.625,11.025,1,1,1,1,1
2026-03-13T10,22.0,112.0,18.95,94.95,12.45,1,1,1,1,1
2026-03-13T11,27.0,103.0,21.775,91.525,11.45,1,1,1,1,1
2026-03-13T12,29.0,100.0,30.875,86.1,13.4,1,1,1,1,1
2026-03-13T13,25.0,118.0,50.95,49.05,11.175,1,1,1,1,1
2026-03-13T14,41.0,,46.125,41.35,14.575,1,0,1,1,1
2026-03-13T15,44.0,,37.325,53.525,15.25,1,0,1,1,1
2026-03-13T16,39.0,,42.25,48.45,15.125,1,0,1,1,1
2026-03-13T17,47.0,,48.675,41.7,15.775,1,0,1,1,1
2026-03-13T18,35.0,,50.3,38.6,11.5,1,0,1,1,1
2026-03-13T19,41.0,,43.35,39.0,11.9,1,0,1,1,1
2026-03-13T20,47.0,,41.25,45.925,13.95,1,0,1,1,1
2026-03-13T21,67.0,,35.833,60.067,14.267,1,0,1,1,1
2026-03-13T22,70.0,,41.075,52.3,14.825,1,0,1,1,1
2026-03-13T23,74.0,,46.6,42.65,15.4,1,0,1,1,1
2026-03-14T00,84.0,,58.25,21.975,18.533,1,0,1,1,1
2026-03-14T01,125.0,,65.225,19.55,23.675,1,0,1,1,1
2026-03-14T02,103.0,,47.925,44.425,25.55,1,0,1,1,1
2026-03-14T03,70.0,,30.775,75.1,26.85,1,0,1,1,1
2026-03-14T04,70.0,,25.525,110.8,23.05,1,0,1,1,1
2026-03-14T05,51.0,,19.65,140.6,17.8,1,0,1,1,1
2026-03-14T06,55.0,,15.625,147.1,15.2,1,0,1,1,1
2026-03-14T07,39.0,,12.625,149.775,14.725,1,0,1,1,1
2026-03-14T08,36.0,,14.775,150.15,15.1,1,0,1,1,1
2026-03-14T09,28.0,138.0,14.75,148.125,13.65,1,1,1,1,1
2026-03-14T10,30.0,132.0,16.75,138.125,12.825,1,1,1,1,1
2026-03-14T11,22.0,107.0,20.75,124.075,13.7,1,1,1,1,1
2026-03-14T12,20.0,139.0,48.825,73.075,14.933,1,1,1,1,1
2026-03-14T13,45.0,185.0,91.7,15.85,15.0,1,1,1,1,1
2026-03-14T14,50.0,271.0,104.725,4.0,18.075,1,1,1,1,1
2026-03-14T15,61.0,205.0,99.025,3.25,20.35,1,1,1,1,1
2026-03-14T16,64.0,222.0,89.675,1.075,20.85,1,1,1,1,1
2026-03-14T17,63.0,212.0,90.775,2.3,22.125,1,1,1,1,1
2026-03-14T18,75.0,285.0,80.7,4.0,15.4,1,1,1,1,1
2026-03-14T19,88.0,320.0,78.2,6.325,14.85,1,1,1,1,1
2026-03-14T20,99.0,329.0,83.75,7.525,16.75,1,1,1,1,1
2026-03-14T21,113.0,320.0,81.875,11.45,22.9,1,1,1,1,1
2026-03-14T22,129.0,287.0,84.275,4.125,25.975,1,1,1,1,1
2026-03-14T23,99.0,223.0,50.6,15.825,27.45,1,1,1,1,1
2026-03-15T00,92.0,257.0,27.675,46.75,20.767,1,1,1,1,1
2026-03-15T01,31.0,124.0,28.775,54.575,8.8,1,1,1,1,1
2026-03-15T02,36.0,95.0,33.325,44.275,5.65,1,1,1,1,1
2026-03-15T03,22.0,86.0,36.05,46.7,6.35,1,1,1,1,1
2026-03-15T04,18.0,58.0,43.975,47.1,9.475,1,1,1,1,1
2026-03-15T05,31.0,79.0,38.05,65.725,10.975,1,1,1,1,1
2026-03-15T06,24.0,81.0,40.75,69.425,19.133,1,1,1,1,1
2026-03-15T07,28.0,92.0,34.85,89.275,17.675,1,1,1,1,1
2026-03-15T08,28.0,84.0,27.225,96.075,12.7,1,1,1,1,1
2026-03-15T09,19.0,101.0,23.075,97.425,10.175,1,1,1,1,1
2026-03-15T10,11.0,103.0,29.65,90.175,9.775,1,1,1,1,1
2026-03-15T11,18.0,106.0,35.15,83.55,10.075,1,1,1,1,1
2026-03-15T12,13.0,103.0,43.0,68.425,11.933,1,1,1,1,1
2026-03-15T13,29.0,117.0,49.725,51.475,11.0,1,1,1,1,1
2026-03-15T14,36.0,128.0,53.075,38.075,12.65,1,1,1,1,1
2026-03-15T15,39.0,175.0,45.5,38.05,13.0,1,1,1,1,1
2026-03-15T16,33.0,145.0,45.175,39.4,13.875,1,1,1,1,1
2026-03-15T17,39.0,162.0,52.925,26.15,13.625,1,1,1,1,1
2026-03-15T18,34.0,180.0,37.0,33.8,12.5,1,1,1,1,1
2026-03-15T19,53.0,182.0,38.9,31.075,12.65,1,1,1,1,1
2026-03-15T20,52.0,164.0,41.133,22.533,12.833,1,1,1,1,1
2026-03-15T21,52.0,139.0,36.2,31.175,14.6,1,1,1,1,1
2026-03-15T22,28.0,78.0,25.65,53.15,15.825,1,1,1,1,1
2026-03-15T23,22.0,51.0,46.575,33.575,19.65,1,1,1,1,1
2026-03-16T00,19.0,56.0,29.675,52.35,21.3,1,1,1,1,1
2026-03-16T01,16.0,46.0,38.95,40.1,17.075,1,1,1,1,1
2026-03-16T02,27.0,79.0,41.45,43.6,15.075,1,1,1,1,1
2026-03-16T03,36.0,106.0,44.375,49.45,16.2,1,1,1,1,1
2026-03-16T04,45.0,171.0,36.525,70.475,17.9,1,1,1,1,1
2026-03-16T05,39.0,130.0,34.975,91.125,16.225,1,1,1,1,1
2026-03-16T06,31.0,177.0,31.375,108.675,18.033,1,1,1,1,1
2026-03-16T07,33.0,205.0,28.233,115.8,13.7,1,1,1,1,1
2026-03-16T08,29.0,155.0,30.0,120.4,13.275,1,1,1,1,1
2026-03-16T09,33.0,151.0,32.05,123.85,14.25,1,1,1,1,1
2026-03-16T10,29.0,153.0,36.175,121.875,14.275,1,1,1,1,1
2026-03-16T11,30.0,150.0,44.175,99.55,15.275,1,1,1,1,1
2026-03-16T12,31.0,152.0,62.7,72.625,15.833,1,1,1,1,1
2026-03-16T13,41.0,160.0,98.6,18.95,15.55,1,1,1,1,1
2026-03-16T14,53.0,234.0,103.825,5.4,17.2,1,1,1,1,1
2026-03-16T15,62.0,255.0,85.35,13.275,18.825,1,1,1,1,1
2026-03-16T16,73.0,250.0,26.775,57.225,20.45,1,1,1,1,1
2026-03-16T17,44.0,117.0,23.175,62.725,17.475,1,1,1,1,1
2026-03-16T18,29.0,84.0,25.8,61.3,12.0,1,1,1,1,1
2026-03-16T19,38.0,101.0,28.85,59.1,9.225,1,1,1,1,1
2026-03-16T20,29.0,85.0,35.05,46.4,8.675,1,1,1,1,1
2026-03-16T21,38.0,100.0,58.175,24.775,8.925,1,1,1,1,1
2026-03-16T22,42.0,100.0,36.125,45.45,11.95,1,1,1,1,1
2026-03-16T23,50.0,111.0,40.0,37.625,13.475,1,1,1,1,1
2026-03-17T00,52.0,121.0,50.85,21.775,14.167,1,1,1,1,1
2026-03-17T01,56.0,129.0,56.075,13.95,12.55,1,1,1,1,1
2026-03-17T02,64.0,182.0,53.6,28.9,16.1,1,1,1,1,1
2026-03-17T03,88.0,219.0,57.8,52.475,25.075,1,1,1,1,1
2026-03-17T04,101.0,250.0,64.025,89.4,30.65,1,1,1,1,1
2026-03-17T05,,245.0,44.975,138.4,29.9,0,1,1,1,1
2026-03-17T06,,184.0,45.1,189.367,26.8,0,1,1,1,1
2026-03-17T07,,364.0,34.175,226.1,27.025,0,1,1,1,1
2026-03-17T08,,237.0,30.475,214.2,24.75,0,1,1,1,1
2026-03-17T09,,213.0,28.925,229.1,21.525,0,1,1,1,1
2026-03-17T10,,215.0,26.467,222.867,20.567,0,1,1,1,1
2026-03-17T11,,196.0,33.6,171.85,17.35,0,1,1,1,1
2026-03-17T12,,168.0,37.1,128.975,15.6,0,1,1,1,1
2026-03-17T13,,153.0,58.65,80.225,13.775,0,1,1,1,1
2026-03-17T14,,156.0,77.775,41.25,13.4,0,1,1,1,1
2026-03-17T15,,173.0,83.425,27.95,13.475,0,1,1,1,1
2026-03-17T16,,204.0,81.575,18.05,18.825,0,1,1,1,1
2026-03-17T17,,219.0,97.725,1.975,21.1,0,1,1,1,1
2026-03-17T18,,262.0,77.2,17.7,12.9,0,1,1,1,1
2026-03-17T19,,213.0,80.45,14.075,8.8,0,1,1,1,1
2026-03-17T20,,194.0,62.55,24.725,6.925,0,1,1,1,1
2026-03-17T21,,171.0,69.667,9.633,6.9,0,1,1,1,1
2026-03-17T22,,180.0,69.5,3.475,10.025,0,1,1,1,1
2026-03-17T23,,169.0,47.05,28.775,10.5,0,1,1,1,1
2026-03-18T00,,169.0,58.225,15.15,11.7,0,1,1,1,1
2026-03-18T01,,184.0,69.1,10.275,10.45,0,1,1,1,1
2026-03-18T02,,237.0,60.15,34.475,14.975,0,1,1,1,1
2026-03-18T03,,237.0,53.5,72.6,24.8,0,1,1,1,1
2026-03-18T04,,254.0,45.975,128.55,27.1,0,1,1,1,1
2026-03-18T05,,254.0,42.25,157.3,26.45,0,1,1,1,1
2026-03-18T06,,200.0,36.7,211.2,26.767,0,1,1,1,1
2026-03-18T07,,191.0,33.533,265.033,25.933,0,1,1,1,1
2026-03-18T08,,217.0,39.7,285.125,29.625,0,1,1,1,1
2026-03-18T09,,263.0,43.75,266.85,29.475,0,1,1,1,1
2026-03-18T10,,257.0,61.6,205.875,30.075,0,1,1,1,1
2026-03-18T11,,246.0,64.95,161.025,29.0,0,1,1,1,1
2026-03-18T12,,255.0,56.525,108.625,21.7,0,1,1,1,1
2026-03-18T13,,497.0,28.2,104.9,15.55,0,1,1,1,1
2026-03-18T14,,74.0,41.325,55.4,11.625,0,1,1,1,1
2026-03-18T15,,75.0,58.8,35.575,12.45,0,1,1,1,1
2026-03-18T16,,64.0,81.95,17.8,14.25,0,1,1,1,1
2026-03-18T17,,73.0,65.475,23.85,14.05,0,1,1,1,1
2026-03-18T18,,75.0,72.1,13.8,12.9,0,1,1,1,1
2026-03-18T19,,83.0,68.75,9.0,11.35,0,1,1,1,1
2026-03-18T20,,95.0,67.675,7.65,10.775,0,1,1,1,1
2026-03-18T21,,91.0,62.25,8.45,10.775,0,1,1,1,1
2026-03-18T22,,99.0,68.85,22.775,13.95,0,1,1,1,1
2026-03-18T23,,85.0,73.85,3.0,13.7,0,1,1,1,1
2026-03-19T00,,84.0,74.825,4.6,10.275,0,1,1,1,1
2026-03-19T01,,96.0,75.9,9.25,8.5,0,1,1,1,1
2026-03-19T02,,173.0,84.775,9.725,10.275,0,1,1,1,1
2026-03-19T03,,135.0,78.65,16.0,10.125,0,1,1,1,1
2026-03-19T04,,140.0,76.0,27.475,13.2,0,1,1,1,1
2026-03-19T05,73.0,171.0,54.3,50.05,15.225,1,1,1,1,1
2026-03-19T06,66.0,147.0,40.8,70.4,13.233,1,1,1,1,1
2026-03-19T07,66.0,143.0,54.2,76.775,15.05,1,1,1,1,1
2026-03-19T08,92.0,162.0,42.75,76.9,14.25,1,1,1,1,1
2026-03-19T09,51.0,111.0,39.55,81.375,13.375,1,1,1,1,1
2026-03-19T10,38.0,113.0,24.425,80.65,11.65,1,1,1,1,1
2026-03-19T11,30.0,97.0,24.0,69.3,10.475,1,1,1,1,1
2026-03-19T12,51.0,99.0,29.425,42.175,9.333,1,1,1,1,1
2026-03-19T13,58.0,95.0,30.625,36.825,8.75,1,1,1,1,1
2026-03-19T14,55.0,92.0,31.25,35.9,10.05,1,1,1,1,1
2026-03-19T15,46.0,83.0,30.55,38.35,8.875,1,1,1,1,1
2026-03-19T16,23.0,47.0,29.3,38.225,7.675,1,1,1,1,1
2026-03-19T17,28.0,33.0,30.4,31.125,7.375,1,1,1,1,1
2026-03-19T18,18.0,40.0,32.9,13.8,9.0,1,1,1,1,1
2026-03-19T19,22.0,44.0,42.7,7.525,10.425,1,1,1,1,1
2026-03-19T20,24.0,42.0,46.275,2.85,11.075,1,1,1,1,1
2026-03-19T21,22.0,53.0,49.3,3.725,10.3,1,1,1,1,1
2026-03-19T22,22.0,56.0,48.625,2.45,11.475,1,1,1,1,1
2026-03-19T23,24.0,67.0,40.825,2.45,12.5,1,1,1,1,1
2026-03-20T00,79.0,128.0,24.85,13.55,10.867,1,1,1,1,1
2026-03-20T01,77.0,123.0,20.975,19.975,7.775,1,1,1,1,1
2026-03-20T02,45.0,66.0,34.95,11.025,5.725,1,1,1,1,1
2026-03-20T03,41.0,70.0,50.35,10.425,4.75,1,1,1,1,1
2026-03-20T04,44.0,62.0,47.0,16.225,3.25,1,1,1,1,1
2026-03-20T05,41.0,56.0,42.75,31.075,0.767,1,1,1,1,1
2026-03-20T06,34.0,52.0,43.35,46.025,3.233,1,1,1,1,1
2026-03-20T07,33.0,47.0,28.825,49.75,9.75,1,1,1,1,1
2026-03-20T08,27.0,34.0,24.65,55.3,13.45,1,1,1,1,1
2026-03-20T09,22.0,45.0,29.025,63.375,15.0,1,1,1,1,1
2026-03-20T10,31.0,52.0,29.45,72.65,15.5,1,1,1,1,1
2026-03-20T11,29.0,62.0,30.175,67.65,16.175,1,1,1,1,1
2026-03-20T12,34.0,72.0,33.575,40.15,14.567,1,1,1,1,1
2026-03-20T13,56.0,83.0,39.4,26.35,13.25,1,1,1,1,1
2026-03-20T14,53.0,92.0,52.15,10.225,12.925,1,1,1,1,1
2026-03-20T15,61.0,124.0,55.825,5.75,14.675,1,1,1,1,1
2026-03-20T16,41.0,92.0,52.6,4.4,14.65,1,1,1,1,1
2026-03-20T17,45.0,114.0,46.4,3.35,14.7,1,1,1,1,1
2026-03-20T18,45.0,132.0,42.0,1.0,9.1,1,1,1,1,1
2026-03-20T19,46.0,144.0,33.325,1.5,9.075,1,1,1,1,1
2026-03-20T20,48.0,118.0,38.1,3.175,10.3,1,1,1,1,1
2026-03-20T21,44.0,102.0,33.525,1.775,8.575,1,1,1,1,1
2026-03-20T22,38.0,96.0,26.775,1.85,10.15,1,1,1,1,1
2026-03-20T23,40.0,95.0,29.65,1.033,10.65,1,1,1,1,1
2026-03-21T00,48.0,97.0,25.0,1.8,8.267,1,1,1,1,1
2026-03-21T01,57.0,123.0,34.975,3.675,8.75,1,1,1,1,1
2026-03-21T02,63.0,146.0,53.625,9.625,9.225,1,1,1,1,1
2026-03-21T03,80.0,149.0,40.95,35.4,10.45,1,1,1,1,1
2026-03-21T04,57.0,94.0,31.45,80.225,10.225,1,1,1,1,1
2026-03-21T05,69.0,116.0,28.025,127.0,7.95,1,1,1,1,1
2026-03-21T06,69.0,134.0,16.5,130.4,11.6,1,1,1,1,1
2026-03-21T07,69.0,134.0,11.7,92.933,12.9,1,1,1,1,1
2026-03-21T08,,,14.1,137.225,33.525,0,0,1,1,1
2026-03-21T09,31.0,72.0,12.7,126.95,35.25,1,1,1,1,1
2026-03-21T10,25.0,77.0,15.633,121.533,32.967,1,1,1,1,1
2026-03-21T11,18.0,68.0,17.175,122.475,32.7,1,1,1,1,1
2026-03-21T12,33.0,78.0,30.425,85.85,21.733,1,1,1,1,1
2026-03-21T13,29.0,86.0,42.05,54.125,9.35,1,1,1,1,1
2026-03-21T14,33.0,111.0,68.967,9.633,8.5,1,1,1,1,1
2026-03-21T15,45.0,156.0,75.0,1.85,12.975,1,1,1,1,1
2026-03-21T16,67.0,207.0,69.875,1.85,14.825,1,1,1,1,1
2026-03-21T17,75.0,226.0,68.6,1.633,17.367,1,1,1,1,1
2026-03-21T18,77.0,248.0,64.5,1.7,11.2,1,1,1,1,1
2026-03-21T19,68.0,166.0,57.775,1.4,9.725,1,1,1,1,1
2026-03-21T20,51.0,132.0,53.6,4.475,9.2,1,1,1,1,1
2026-03-21T21,58.0,130.0,51.425,3.575,8.125,1,1,1,1,1
2026-03-21T22,63.0,136.0,42.125,8.9,8.6,1,1,1,1,1
2026-03-21T23,78.0,136.0,41.375,8.125,7.925,1,1,1,1,1
2026-03-22T00,92.0,173.0,36.975,5.875,9.433,1,1,1,1,1
2026-03-22T01,86.0,174.0,44.15,9.0,12.2,1,1,1,1,1
2026-03-22T02,99.0,193.0,32.825,29.7,15.0,1,1,1,1,1
2026-03-22T03,105.0,175.0,23.8,61.225,16.575,1,1,1,1,1
2026-03-22T04,77.0,132.0,19.25,89.275,18.275,1,1,1,1,1
2026-03-22T05,46.0,91.0,17.45,107.3,14.075,1,1,1,1,1
2026-03-22T06,24.0,83.0,18.5,120.95,11.267,1,1,1,1,1
2026-03-22T07,28.0,84.0,16.567,129.6,10.233,1,1,1,1,1
2026-03-22T08,28.0,90.0,15.7,130.35,9.55,1,1,1,1,1
2026-03-22T09,25.0,83.0,13.0,126.375,9.525,1,1,1,1,1
2026-03-22T10,25.0,70.0,14.425,119.075,8.15,1,1,1,1,1
2026-03-22T11,16.0,79.0,17.325,116.1,8.3,1,1,1,1,1
2026-03-22T12,23.0,72.0,23.725,98.875,8.333,1,1,1,1,1
2026-03-22T13,30.0,89.0,57.475,46.575,9.9,1,1,1,1,1
2026-03-22T14,48.0,141.0,88.65,2.575,11.925,1,1,1,1,1
2026-03-22T15,52.0,183.0,82.575,1.5,13.875,1,1,1,1,1
2026-03-22T16,66.0,251.0,81.95,1.975,16.125,1,1,1,1,1
2026-03-22T17,78.0,255.0,75.7,1.325,18.4,1,1,1,1,1
2026-03-22T18,90.0,307.0,74.8,3.6,13.9,1,1,1,1,1
2026-03-22T19,62.0,195.0,60.75,11.5,9.425,1,1,1,1,1
2026-03-22T20,55.0,122.0,72.9,2.8,7.3,1,1,1,1,1
2026-03-22T21,55.0,145.0,61.025,2.075,7.1,1,1,1,1,1
2026-03-22T22,62.0,156.0,57.075,3.625,10.35,1,1,1,1,1
2026-03-22T23,59.0,133.0,27.95,56.175,9.85,1,1,1,1,1
2026-03-23T00,51.0,75.0,22.2,68.075,7.8,1,1,1,1,1
2026-03-23T01,25.0,40.0,27.6,59.125,10.0,1,1,1,1,1
2026-03-23T02,28.0,51.0,33.65,39.5,10.6,1,1,1,1,1
2026-03-23T03,29.0,50.0,48.575,26.9,11.25,1,1,1,1,1
2026-03-23T04,33.0,55.0,56.825,23.1,11.625,1,1,1,1,1
2026-03-23T05,30.0,78.0,49.175,34.75,12.225,1,1,1,1,1
2026-03-23T06,40.0,114.0,39.35,70.4,12.067,1,1,1,1,1
2026-03-23T07,40.0,112.0,31.4,96.875,10.6,1,1,1,1,1
2026-03-23T08,30.0,89.0,25.35,127.4,9.525,1,1,1,1,1
2026-03-23T09,42.0,100.0,27.8,149.767,10.233,1,1,1,1,1
2026-03-23T10,51.0,106.0,34.3,148.8,11.8,1,1,1,1,1
2026-03-23T11,51.0,130.0,47.3,143.6,10.3,1,1,1,1,1
2026-03-23T12,53.0,123.0,90.2,60.15,12.3,1,1,1,1,1
2026-03-23T13,50.0,162.0,106.125,10.35,12.95,1,1,1,1,1
2026-03-23T14,59.0,190.0,95.675,3.75,14.275,1,1,1,1,1
2026-03-23T15,61.0,189.0,87.025,2.475,15.525,1,1,1,1,1
2026-03-23T16,80.0,238.0,82.675,2.825,17.475,1,1,1,1,1
2026-03-23T17,80.0,261.0,73.875,2.85,20.475,1,1,1,1,1
2026-03-23T18,102.0,353.0,65.9,3.1,15.0,1,1,1,1,1
2026-03-23T19,108.0,398.0,64.5,2.8,11.525,1,1,1,1,1
2026-03-23T20,85.0,228.0,67.8,3.1,9.4,1,1,1,1,1
2026-03-23T21,110.0,200.0,51.775,2.325,4.425,1,1,1,1,1
2026-03-23T22,122.0,259.0,45.4,3.5,6.425,1,1,1,1,1
2026-03-23T23,96.0,200.0,43.275,3.45,7.5,1,1,1,1,1
2026-03-24T00,97.0,200.0,38.1,3.475,8.067,1,1,1,1,1
2026-03-24T01,88.0,175.0,52.875,3.2,11.625,1,1,1,1,1
2026-03-24T02,101.0,257.0,84.7,13.275,13.425,1,1,1,1,1
2026-03-24T03,106.0,251.0,54.325,55.625,12.875,1,1,1,1,1
2026-03-24T04,78.0,174.0,40.375,93.725,11.175,1,1,1,1,1
2026-03-24T05,58.0,129.0,25.0,114.125,9.7,1,1,1,1,1
2026-03-24T06,47.0,111.0,16.425,137.475,11.1,1,1,1,1,1
2026-03-24T07,47.0,121.0,15.3,139.1,14.5,1,1,1,1,1
2026-03-24T08,40.0,88.0,13.5,133.375,13.2,1,1,1,1,1
2026-03-24T09,36.0,83.0,13.8,123.65,11.7,1,1,1,1,1
2026-03-24T10,30.0,84.0,13.6,126.433,11.1,1,1,1,1,1
2026-03-24T11,30.0,83.0,15.525,126.675,11.6,1,1,1,1,1
2026-03-24T12,36.0,99.0,25.575,107.65,12.133,1,1,1,1,1
2026-03-24T13,40.0,114.0,39.125,72.45,13.275,1,1,1,1,1
2026-03-24T15,61.0,179.0,86.3,2.05,15.95,1,1,1,1,1
2026-03-24T16,80.0,211.0,85.85,2.1,18.8,1,1,1,1,1
2026-03-24T17,86.0,239.0,87.75,2.025,20.975,1,1,1,1,1
2026-03-24T18,100.0,234.0,74.7,1.0,13.7,1,1,1,1,1
2026-03-24T19,92.0,238.0,77.833,1.3,11.9,1,1,1,1,1
2026-03-24T20,95.0,212.0,76.1,2.25,12.7,1,1,1,1,1
2026-03-24T21,89.0,199.0,70.9,1.875,9.35,1,1,1,1,1
2026-03-24T22,96.0,201.0,69.0,1.45,11.0,1,1,1,1,1
2026-03-24T23,100.0,234.0,73.225,1.25,12.7,1,1,1,1,1
2026-03-25T00,121.0,238.0,76.15,1.9,13.7,1,1,1,1,1
2026-03-25T01,156.0,277.0,78.55,3.8,17.0,1,1,1,1,1
2026-03-25T02,173.0,312.0,55.175,35.85,21.525,1,1,1,1,1
2026-03-25T03,99.0,191.0,32.525,83.6,17.5,1,1,1,1,1
2026-03-25T04,66.0,150.0,22.25,126.9,14.65,1,1,1,1,1
2026-03-25T05,47.0,106.0,18.8,,12.867,1,1,1,0,1
2026-03-25T06,42.0,113.0,15.7,,11.7,1,1,1,0,1
2026-03-25T08,29.0,84.0,19.4,138.2,9.9,1,1,1,1,1
2026-03-25T09,29.0,78.0,17.45,133.05,8.95,1,1,1,1,1
2026-03-25T10,19.0,74.0,18.233,132.767,8.8,1,1,1,1,1
2026-03-25T11,,,21.825,130.65,9.8,0,0,1,1,1
2026-03-25T12,34.0,90.0,37.7,98.725,10.6,1,1,1,1,1
2026-03-25T13,34.0,132.0,71.05,39.475,10.425,1,1,1,1,1
2026-03-25T14,44.0,145.0,102.0,3.425,11.525,1,1,1,1,1
2026-03-25T15,50.0,250.0,106.875,2.375,13.3,1,1,1,1,1
2026-03-25T16,80.0,381.0,131.233,3.0,18.233,1,1,1,1,1
2026-03-25T17,90.0,395.0,101.05,3.675,21.4,1,1,1,1,1
2026-03-25T19,119.0,322.0,89.3,1.7,12.8,1,1,1,1,1
2026-03-25T20,73.0,196.0,76.1,14.025,11.75,1,1,1,1,1
2026-03-25T21,66.0,147.0,53.8,34.167,7.2,1,1,1,1,1
2026-03-25T22,78.0,162.0,61.75,23.4,5.6,1,1,1,1,1
2026-03-25T23,79.0,182.0,65.275,11.925,4.025,1,1,1,1,1
2026-03-26T00,81.0,158.0,75.025,3.9,7.6,1,1,1,1,1
2026-03-26T01,86.0,212.0,74.025,7.425,10.4,1,1,1,1,1
2026-03-26T02,112.0,230.0,93.85,34.225,13.425,1,1,1,1,1
2026-03-26T03,108.0,228.0,71.15,89.825,14.15,1,1,1,1,1
2026-03-26T04,89.0,199.0,42.7,129.025,10.575,1,1,1,1,1
2026-03-26T05,50.0,129.0,42.767,201.467,7.533,1,1,1,1,1
2026-03-26T06,57.0,172.0,29.467,191.5,10.05,1,1,1,1,1
2026-03-26T07,46.0,140.0,30.167,204.967,11.633,1,1,1,1,1
2026-03-26T08,42.0,133.0,21.125,169.05,10.35,1,1,1,1,1
2026-03-26T09,29.0,101.0,22.525,152.025,10.7,1,1,1,1,1
2026-03-26T10,33.0,111.0,29.4,140.5,12.25,1,1,1,1,1
2026-03-26T11,36.0,114.0,38.067,118.6,12.1,1,1,1,1,1
2026-03-26T12,36.0,133.0,42.633,101.967,12.75,1,1,1,1,1
2026-03-26T13,40.0,134.0,75.125,40.975,11.875,1,1,1,1,1
2026-03-26T14,62.0,186.0,98.933,12.033,13.733,1,1,1,1,1
2026-03-26T15,70.0,227.0,95.8,8.3,14.125,1,1,1,1,1
2026-03-26T16,73.0,344.0,40.225,63.9,15.075,1,1,1,1,1
2026-03-26T17,24.0,175.0,35.025,58.625,9.675,1,1,1,1,1
2026-03-26T18,23.0,73.0,59.7,19.5,8.3,1,1,1,1,1
2026-03-26T19,27.0,83.0,72.55,2.15,8.45,1,1,1,1,1
2026-03-26T20,29.0,129.0,70.55,9.375,10.25,1,1,1,1,1
2026-03-26T21,40.0,130.0,57.025,16.7,11.725,1,1,1,1,1
2026-03-26T22,50.0,123.0,50.433,20.367,12.167,1,1,1,1,1
2026-03-26T23,53.0,114.0,59.7,12.625,16.175,1,1,1,1,1
2026-03-27T00,91.0,157.0,50.233,19.567,19.15,1,1,1,1,1
2026-03-27T01,102.0,177.0,35.2,34.525,16.725,1,1,1,1,1
2026-03-27T02,55.0,124.0,34.775,39.675,14.35,1,1,1,1,1
2026-03-27T03,48.0,124.0,34.75,52.975,15.25,1,1,1,1,1
2026-03-27T04,52.0,136.0,41.675,54.1,13.475,1,1,1,1,1
2026-03-27T05,53.0,147.0,59.9,41.325,11.85,1,1,1,1,1
2026-03-27T06,55.0,150.0,75.275,40.05,10.033,1,1,1,1,1
2026-03-27T07,57.0,150.0,72.175,104.35,13.625,1,1,1,1,1
2026-03-27T08,50.0,147.0,52.567,128.333,11.4,1,1,1,1,1
2026-03-27T09,25.0,110.0,37.125,132.275,9.725,1,1,1,1,1
2026-03-27T10,27.0,106.0,19.825,110.225,9.35,1,1,1,1,1
2026-03-27T11,22.0,79.0,19.15,95.0,8.3,1,1,1,1,1
2026-03-27T12,23.0,81.0,32.35,78.1,10.6,1,1,1,1,1
2026-03-27T13,34.0,96.0,60.85,43.0,13.625,1,1,1,1,1
2026-03-27T14,36.0,145.0,73.175,23.15,15.35,1,1,1,1,1
2026-03-27T15,48.0,153.0,88.875,3.3,16.675,1,1,1,1,1
2026-03-27T16,57.0,193.0,90.825,2.375,17.25,1,1,1,1,1
2026-03-27T17,63.0,190.0,85.15,1.925,17.7,1,1,1,1,1
2026-03-27T18,70.0,191.0,77.4,1.7,7.4,1,1,1,1,1
2026-03-27T19,59.0,152.0,73.3,1.65,6.95,1,1,1,1,1
2026-03-27T20,47.0,133.0,69.175,1.85,7.55,1,1,1,1,1
2026-03-27T21,51.0,147.0,66.1,1.75,8.475,1,1,1,1,1
2026-03-27T22,47.0,147.0,66.0,1.675,10.3,1,1,1,1,1
2026-03-27T23,73.0,175.0,75.6,1.725,30.45,1,1,1,1,1
2026-03-28T00,213.0,349.0,77.9,2.2,39.967,1,1,1,1,1
2026-03-28T01,179.0,299.0,72.325,4.3,32.05,1,1,1,1,1
2026-03-28T02,174.0,300.0,70.167,24.6,37.7,1,1,1,1,1
2026-03-28T03,118.0,229.0,46.867,58.367,26.067,1,1,1,1,1
2026-03-28T04,58.0,102.0,26.75,93.75,12.775,1,1,1,1,1
2026-03-28T05,35.0,83.0,22.925,104.55,7.55,1,1,1,1,1
2026-03-28T06,23.0,55.0,21.875,120.125,13.367,1,1,1,1,1
2026-03-28T07,29.0,70.0,22.2,136.575,14.8,1,1,1,1,1
2026-03-28T08,29.0,72.0,20.825,135.35,12.525,1,1,1,1,1
2026-03-28T09,22.0,85.0,20.8,129.6,12.175,1,1,1,1,1
2026-03-28T10,28.0,99.0,22.325,151.1,13.425,1,1,1,1,1
2026-03-28T11,34.0,113.0,25.85,129.975,13.525,1,1,1,1,1
2026-03-28T12,27.0,106.0,38.525,91.575,11.833,1,1,1,1,1
2026-03-28T13,27.0,135.0,66.2,38.425,11.875,1,1,1,1,1
2026-03-28T14,33.0,132.0,99.825,3.225,14.525,1,1,1,1,1
2026-03-28T15,48.0,171.0,95.075,4.4,22.875,1,1,1,1,1
2026-03-28T16,110.0,351.0,99.55,5.375,34.6,1,1,1,1,1
2026-03-28T17,113.0,393.0,99.733,4.733,30.0,1,1,1,1,1
2026-03-28T18,117.0,390.0,97.1,3.8,13.5,1,1,1,1,1
2026-03-28T19,119.0,387.0,96.575,3.3,13.0,1,1,1,1,1
2026-03-28T20,121.0,354.0,96.85,2.325,12.025,1,1,1,1,1
2026-03-28T21,136.0,329.0,97.125,2.1,12.525,1,1,1,1,1
2026-03-28T22,139.0,294.0,93.75,2.3,10.225,1,1,1,1,1
2026-03-28T23,125.0,250.0,96.425,2.775,9.475,1,1,1,1,1
2026-03-29T00,114.0,226.0,90.85,11.775,11.467,1,1,1,1,1
2026-03-29T01,114.0,240.0,87.0,17.725,12.25,1,1,1,1,1
2026-03-29T02,133.0,295.0,49.125,57.65,16.375,1,1,1,1,1
2026-03-29T03,133.0,256.0,39.733,85.1,15.733,1,1,1,1,1
2026-03-29T04,72.0,230.0,38.7,108.425,14.1,1,1,1,1,1
2026-03-29T05,77.0,207.0,39.825,114.625,11.275,1,1,1,1,1
2026-03-29T06,58.0,180.0,40.625,128.875,13.267,1,1,1,1,1
2026-03-29T07,53.0,171.0,28.65,140.625,15.125,1,1,1,1,1
2026-03-29T08,47.0,175.0,28.35,128.925,12.8,1,1,1,1,1
2026-03-29T09,39.0,183.0,29.275,111.225,11.85,1,1,1,1,1
2026-03-29T10,34.0,168.0,34.6,103.3,11.45,1,1,1,1,1
2026-03-29T11,33.0,149.0,44.65,83.7,11.15,1,1,1,1,1
2026-03-29T12,38.0,150.0,48.425,92.0,12.0,1,1,1,1,1
2026-03-29T13,56.0,217.0,43.175,106.35,13.125,1,1,1,1,1
2026-03-29T14,68.0,199.0,42.75,102.45,14.7,1,1,1,1,1
2026-03-29T15,66.0,199.0,47.7,74.725,13.725,1,1,1,1,1
2026-03-29T16,57.0,164.0,68.075,41.85,13.575,1,1,1,1,1
2026-03-29T17,100.0,219.0,87.025,11.2,15.05,1,1,1,1,1
2026-03-29T18,59.0,190.0,98.8,2.5,11.9,1,1,1,1,1
2026-03-29T19,77.0,218.0,95.175,2.15,13.175,1,1,1,1,1
2026-03-29T20,70.0,195.0,92.075,4.125,12.2,1,1,1,1,1
2026-03-29T21,78.0,201.0,86.6,4.35,11.725,1,1,1,1,1
2026-03-29T22,79.0,191.0,81.325,3.55,11.55,1,1,1,1,1
2026-03-29T23,84.0,188.0,79.75,2.5,11.85,1,1,1,1,1
2026-03-30T00,80.0,200.0,77.175,2.675,9.867,1,1,1,1,1
2026-03-30T01,84.0,190.0,78.025,5.975,11.1,1,1,1,1,1
2026-03-30T02,103.0,245.0,71.5,25.0,12.2,1,1,1,1,1
2026-03-30T03,101.0,262.0,44.6,57.9,15.4,1,1,1,1,1
2026-03-30T04,59.0,250.0,36.75,78.2,11.8,1,1,1,1,1
2026-03-30T05,47.0,282.0,29.175,90.625,9.625,1,1,1,1,1
2026-03-30T06,36.0,237.0,26.133,110.333,10.6,1,1,1,1,1
2026-03-30T07,36.0,232.0,22.55,113.225,9.25,1,1,1,1,1
2026-03-30T08,47.0,291.0,21.1,93.3,7.95,1,1,1,1,1
2026-03-30T09,38.0,271.0,25.4,88.225,7.175,1,1,1,1,1
2026-03-30T10,27.0,205.0,23.55,87.925,8.025,1,1,1,1,1
2026-03-30T11,29.0,244.0,35.225,56.75,6.525,1,1,1,1,1
2026-03-30T12,22.0,143.0,59.225,30.9,6.8,1,1,1,1,1
2026-03-30T13,25.0,138.0,80.05,8.0,6.925,1,1,1,1,1
2026-03-30T14,36.0,183.0,80.75,2.25,9.475,1,1,1,1,1
2026-03-30T15,50.0,204.0,77.5,1.425,12.725,1,1,1,1,1
2026-03-30T16,51.0,217.0,79.875,1.55,13.55,1,1,1,1,1
2026-03-30T17,50.0,216.0,80.925,2.075,14.45,1,1,1,1,1
2026-03-30T18,55.0,217.0,65.3,1.9,5.6,1,1,1,1,1
2026-03-30T19,52.0,191.0,66.425,1.425,5.25,1,1,1,1,1
2026-03-30T20,38.0,173.0,59.525,1.65,4.775,1,1,1,1,1
2026-03-30T21,50.0,143.0,56.9,1.625,3.8,1,1,1,1,1
2026-03-30T22,47.0,158.0,51.3,1.775,4.35,1,1,1,1,1
2026-03-30T23,59.0,160.0,54.125,1.525,6.9,1,1,1,1,1
2026-03-31T00,90.0,194.0,50.225,1.425,10.5,1,1,1,1,1
2026-03-31T01,153.0,285.0,54.75,5.25,19.3,1,1,1,1,1
2026-03-31T02,160.0,268.0,57.5,20.767,19.0,1,1,1,1,1
2026-03-31T03,80.0,180.0,40.275,51.075,14.425,1,1,1,1,1
2026-03-31T04,44.0,112.0,33.85,79.55,9.825,1,1,1,1,1
2026-03-31T05,34.0,124.0,27.9,110.05,9.05,1,1,1,1,1
2026-03-31T06,34.0,118.0,24.65,118.05,11.0,1,1,1,1,1
2026-03-31T07,30.0,139.0,24.575,136.5,12.05,1,1,1,1,1
2026-03-31T08,31.0,156.0,24.4,143.6,13.225,1,1,1,1,1
2026-03-31T09,34.0,152.0,55.125,81.975,12.025,1,1,1,1,1
2026-03-31T10,35.0,206.0,49.825,63.325,9.6,1,1,1,1,1
2026-03-31T11,14.0,91.0,43.15,45.15,9.925,1,1,1,1,1
2026-03-31T12,13.0,67.0,63.45,11.975,9.567,1,1,1,1,1
2026-03-31T13,14.0,31.0,79.325,4.525,9.0,1,1,1,1,1
2026-03-31T14,23.0,64.0,63.225,11.6,9.7,1,1,1,1,1
2026-03-31T15,27.0,59.0,64.6,6.125,10.85,1,1,1,1,1
2026-03-31T16,38.0,61.0,60.675,4.325,10.775,1,1,1,1,1
2026-03-31T17,27.0,42.0,60.9,9.8,10.567,1,1,1,1,1
2026-03-31T18,13.0,30.0,48.4,9.4,6.8,1,1,1,1,1
2026-03-31T19,23.0,53.0,38.725,17.7,6.525,1,1,1,1,1
2026-03-31T20,22.0,33.0,32.525,19.35,5.375,1,1,1,1,1
2026-03-31T21,17.0,38.0,34.75,13.775,5.675,1,1,1,1,1
2026-03-31T22,22.0,63.0,45.475,2.2,5.7,1,1,1,1,1
2026-03-31T23,25.0,95.0,46.333,1.6,6.2,1,1,1,1,1
2026-04-01T00,39.0,118.0,47.9,1.9,6.8,1,1,1,1,1
2026-04-01T01,40.0,117.0,53.925,4.325,8.675,1,1,1,1,1
2026-04-01T02,63.0,143.0,58.275,15.2,10.7,1,1,1,1,1
2026-04-01T03,61.0,147.0,56.3,37.3,15.9,1,1,1,1,1
2026-04-01T04,61.0,140.0,60.767,65.333,28.2,1,1,1,1,1
2026-04-01T05,74.0,172.0,46.4,110.0,19.275,1,1,1,1,1
2026-04-01T06,58.0,136.0,37.333,128.133,13.1,1,1,1,1,1
2026-04-01T07,34.0,89.0,29.1,126.0,9.9,1,1,1,1,1
2026-04-01T08,23.0,73.0,24.5,141.2,7.5,1,1,1,1,1
2026-04-01T09,23.0,74.0,31.45,123.0,8.475,1,1,1,1,1
2026-04-01T10,16.0,78.0,24.425,135.45,9.175,1,1,1,1,1
2026-04-01T11,20.0,70.0,39.7,169.6,8.45,1,1,1,1,1
2026-04-01T12,34.0,112.0,66.15,137.5,10.8,1,1,1,1,1
2026-04-01T13,38.0,152.0,93.0,67.15,11.6,1,1,1,1,1
2026-04-01T14,46.0,179.0,117.9,20.0,14.25,1,1,1,1,1
2026-04-01T15,67.0,194.0,116.15,4.075,16.775,1,1,1,1,1
2026-04-01T16,89.0,272.0,108.75,2.375,17.625,1,1,1,1,1
2026-04-01T17,108.0,306.0,99.475,3.3,21.45,1,1,1,1,1
2026-04-01T18,124.0,321.0,99.1,3.3,14.2,1,1,1,1,1
2026-04-01T19,119.0,305.0,91.45,2.6,15.6,1,1,1,1,1
2026-04-01T20,129.0,262.0,83.2,1.333,17.267,1,1,1,1,1
2026-04-02T01,86.0,185.0,73.325,3.9,14.625,1,1,1,1,1
2026-04-02T02,117.0,332.0,96.7,8.625,30.9,1,1,1,1,1
2026-04-02T03,130.0,304.0,99.875,36.025,38.975,1,1,1,1,1
2026-04-02T04,86.0,241.0,63.8,76.425,29.15,1,1,1,1,1
2026-04-02T05,48.0,160.0,44.4,112.25,20.25,1,1,1,1,1
2026-04-02T06,39.0,143.0,31.025,139.65,17.233,1,1,1,1,1
2026-04-02T07,40.0,111.0,25.525,163.35,16.775,1,1,1,1,1
2026-04-02T08,44.0,125.0,25.1,193.85,15.475,1,1,1,1,1
2026-04-02T09,46.0,113.0,28.175,190.525,14.2,1,1,1,1,1
2026-04-02T10,48.0,132.0,27.95,200.25,13.55,1,1,1,1,1
2026-04-02T11,42.0,129.0,51.45,160.35,13.8,1,1,1,1,1
2026-04-02T12,41.0,140.0,84.875,76.775,12.3,1,1,1,1,1
2026-04-02T13,47.0,166.0,133.55,6.175,12.925,1,1,1,1,1
2026-04-02T14,62.0,216.0,140.05,1.9,17.725,1,1,1,1,1
2026-04-02T15,103.0,334.0,141.25,3.125,25.1,1,1,1,1,1
2026-04-02T16,111.0,329.0,127.775,3.15,24.875,1,1,1,1,1
2026-04-02T17,132.0,405.0,111.7,4.433,26.3,1,1,1,1,1
2026-04-02T18,138.0,410.0,96.5,2.0,10.9,1,1,1,1,1
2026-04-02T19,128.0,387.0,95.75,1.8,10.625,1,1,1,1,1
2026-04-02T20,124.0,345.0,89.25,1.875,10.275,1,1,1,1,1
2026-04-02T21,117.0,302.0,82.8,1.9,7.725,1,1,1,1,1
2026-04-02T22,110.0,271.0,77.1,2.425,7.55,1,1,1,1,1
2026-04-02T23,106.0,269.0,51.225,9.325,8.7,1,1,1,1,1
2026-04-03T00,97.0,793.0,23.5,31.15,10.4,1,1,1,1,1
2026-04-03T01,168.0,2431.0,21.45,40.275,8.975,1,1,1,1,1
2026-04-03T02,147.0,1848.0,22.25,43.1,7.1,1,1,1,1,1
2026-04-03T03,113.0,1307.0,19.15,51.775,7.125,1,1,1,1,1
2026-04-03T04,73.0,817.0,21.775,64.15,8.4,1,1,1,1,1
2026-04-03T05,51.0,499.0,20.075,72.225,9.075,1,1,1,1,1
2026-04-03T06,47.0,371.0,18.225,90.45,9.467,1,1,1,1,1
2026-04-03T07,28.0,278.0,18.45,102.125,9.5,1,1,1,1,1
2026-04-03T08,22.0,263.0,21.025,123.95,9.4,1,1,1,1,1
2026-04-03T09,35.0,229.0,28.375,133.175,9.775,1,1,1,1,1
2026-04-03T10,39.0,243.0,28.1,122.95,10.725,1,1,1,1,1
2026-04-03T11,30.0,223.0,33.267,108.433,11.233,1,1,1,1,1
2026-04-03T12,41.0,222.0,69.65,49.3,11.733,1,1,1,1,1
2026-04-03T13,38.0,202.0,42.95,49.925,11.925,1,1,1,1,1
2026-04-03T14,34.0,443.0,28.225,55.475,10.65,1,1,1,1,1
2026-04-03T15,20.0,138.0,35.175,37.05,10.475,1,1,1,1,1
2026-04-03T16,31.0,81.0,43.8,21.85,10.225,1,1,1,1,1
2026-04-03T17,23.0,74.0,50.533,15.933,10.067,1,1,1,1,1
2026-04-03T18,44.0,110.0,48.9,10.0,8.8,1,1,1,1,1
2026-04-03T19,42.0,117.0,47.325,13.3,8.45,1,1,1,1,1
2026-04-03T20,38.0,95.0,36.15,21.925,9.475,1,1,1,1,1
2026-04-03T21,40.0,96.0,43.95,11.925,8.4,1,1,1,1,1
2026-04-03T22,50.0,107.0,32.525,20.575,8.575,1,1,1,1,1
2026-04-03T23,35.0,85.0,28.225,21.95,8.15,1,1,1,1,1
2026-04-04T00,40.0,88.0,43.825,10.65,9.067,1,1,1,1,1
2026-04-04T01,31.0,97.0,53.575,4.2,10.25,1,1,1,1,1
2026-04-04T02,63.0,140.0,47.25,6.95,12.325,1,1,1,1,1
2026-04-04T03,88.0,172.0,50.225,16.475,14.225,1,1,1,1,1
2026-04-04T04,112.0,202.0,40.475,28.3,17.725,1,1,1,1,1
2026-04-04T05,61.0,139.0,,111.2,,1,1,0,1,0
2026-04-04T06,40.0,114.0,22.225,129.775,16.667,1,1,1,1,1
2026-04-04T07,39.0,124.0,22.025,153.225,15.925,1,1,1,1,1
2026-04-04T08,42.0,101.0,22.55,161.325,14.675,1,1,1,1,1
2026-04-04T09,28.0,102.0,26.9,164.7,13.475,1,1,1,1,1
2026-04-04T10,27.0,101.0,28.4,152.9,14.35,1,1,1,1,1
2026-04-04T11,30.0,84.0,24.675,142.85,13.65,1,1,1,1,1
2026-04-04T12,29.0,92.0,34.775,116.125,11.667,1,1,1,1,1
2026-04-04T13,28.0,127.0,61.675,61.9,10.375,1,1,1,1,1
2026-04-04T14,35.0,113.0,88.25,16.575,10.85,1,1,1,1,1
2026-04-04T15,46.0,168.0,104.2,2.7,13.15,1,1,1,1,1
2026-04-04T16,75.0,227.0,95.4,2.525,16.325,1,1,1,1,1
2026-04-04T17,64.0,213.0,84.95,7.9,14.7,1,1,1,1,1
2026-04-04T18,42.0,144.0,70.5,11.6,7.8,1,1,1,1,1
2026-04-04T19,35.0,101.0,62.375,12.625,7.1,1,1,1,1,1
2026-04-04T20,57.0,141.0,52.6,12.767,10.367,1,1,1,1,1
2026-04-04T21,64.0,149.0,50.133,10.267,9.333,1,1,1,1,1
2026-04-04T22,53.0,135.0,54.675,7.15,9.775,1,1,1,1,1
2026-04-04T23,62.0,143.0,57.1,4.55,9.925,1,1,1,1,1
2026-04-05T00,55.0,135.0,55.075,3.875,9.9,1,1,1,1,1
2026-04-05T01,47.0,146.0,55.25,13.7,12.525,1,1,1,1,1
2026-04-05T02,48.0,121.0,41.55,32.675,13.75,1,1,1,1,1
2026-04-05T03,56.0,132.0,38.55,61.5,16.125,1,1,1,1,1
2026-04-05T04,63.0,147.0,31.95,109.525,16.275,1,1,1,1,1
2026-04-05T05,59.0,141.0,27.825,148.875,15.875,1,1,1,1,1
2026-04-05T06,42.0,118.0,23.567,157.967,16.167,1,1,1,1,1
2026-04-05T07,36.0,110.0,23.275,162.3,15.525,1,1,1,1,1
2026-04-05T08,35.0,105.0,21.15,148.725,13.3,1,1,1,1,1
2026-04-05T09,24.0,94.0,21.7,136.425,10.25,1,1,1,1,1
2026-04-05T10,30.0,74.0,19.2,139.033,9.2,1,1,1,1,1
2026-04-05T11,23.0,63.0,23.35,132.75,8.7,1,1,1,1,1
2026-04-05T12,16.0,62.0,26.9,121.4,8.7,1,1,1,1,1
2026-04-05T13,24.0,79.0,62.45,63.4,11.425,1,1,1,1,1
2026-04-05T14,40.0,166.0,94.75,12.625,15.225,1,1,1,1,1
2026-04-05T15,56.0,190.0,100.35,1.175,15.35,1,1,1,1,1
2026-04-05T16,67.0,222.0,96.525,1.125,16.0,1,1,1,1,1
2026-04-05T17,73.0,233.0,79.1,17.275,20.425,1,1,1,1,1
2026-04-05T19,38.0,107.0,63.9,21.7,9.6,1,1,1,1,1
2026-04-05T20,36.0,108.0,64.975,15.475,9.5,1,1,1,1,1
2026-04-05T21,41.0,114.0,72.325,3.375,9.65,1,1,1,1,1
2026-04-05T22,47.0,123.0,58.45,8.775,9.925,1,1,1,1,1
2026-04-05T23,50.0,103.0,62.725,4.475,11.925,1,1,1,1,1
2026-04-06T00,62.0,121.0,63.675,2.675,8.533,1,1,1,1,1
2026-04-06T01,57.0,132.0,74.45,6.05,9.0,1,1,1,1,1
2026-04-06T02,85.0,219.0,93.6,22.25,16.6,1,1,1,1,1
2026-04-06T03,85.0,208.0,61.625,80.55,16.975,1,1,1,1,1
2026-04-06T04,50.0,146.0,30.775,125.8,9.1,1,1,1,1,1
2026-04-06T05,24.0,80.0,24.2,135.95,5.25,1,1,1,1,1
2026-04-06T06,19.0,75.0,17.333,144.7,9.55,1,1,1,1,1
2026-04-06T07,17.0,66.0,18.775,142.025,10.275,1,1,1,1,1
2026-04-06T08,11.0,94.0,22.15,145.075,10.675,1,1,1,1,1
2026-04-06T09,24.0,81.0,21.675,148.9,11.225,1,1,1,1,1
2026-04-06T10,18.0,78.0,20.9,131.8,11.3,1,1,1,1,1
2026-04-06T11,23.0,68.0,22.35,126.2,10.425,1,1,1,1,1
2026-04-06T12,17.0,75.0,48.55,84.75,10.767,1,1,1,1,1
2026-04-06T13,20.0,101.0,78.3,30.3,11.0,1,1,1,1,1
2026-04-06T14,41.0,134.0,81.95,29.1,13.625,1,1,1,1,1
2026-04-06T15,40.0,171.0,49.375,53.225,13.4,1,1,1,1,1
2026-04-06T16,23.0,182.0,47.125,57.375,13.025,1,1,1,1,1
2026-04-06T17,23.0,102.0,61.975,36.175,12.725,1,1,1,1,1
2026-04-06T19,27.0,139.0,35.5,53.7,8.4,1,1,1,1,1
2026-04-06T20,27.0,124.0,30.9,54.4,7.275,1,1,1,1,1
2026-04-06T21,24.0,140.0,41.4,37.95,8.1,1,1,1,1,1
2026-04-06T22,31.0,128.0,37.55,45.425,11.65,1,1,1,1,1
2026-04-06T23,27.0,85.0,38.8,42.45,13.475,1,1,1,1,1
2026-04-07T00,50.0,125.0,49.8,31.275,14.367,1,1,1,1,1
2026-04-07T01,44.0,132.0,57.5,22.0,10.75,1,1,1,1,1
2026-04-07T02,51.0,121.0,64.425,21.6,12.2,1,1,1,1,1
2026-04-07T03,74.0,197.0,56.825,52.225,16.0,1,1,1,1,1
2026-04-07T04,68.0,201.0,54.225,67.3,18.5,1,1,1,1,1
2026-04-07T05,55.0,186.0,52.45,73.575,16.4,1,1,1,1,1
2026-04-07T06,36.0,134.0,49.65,75.8,15.2,1,1,1,1,1
2026-04-07T07,30.0,123.0,64.8,58.85,15.45,1,1,1,1,1
2026-04-07T08,34.0,167.0,36.7,68.2,13.8,1,1,1,1,1
2026-04-07T10,14.0,44.0,58.4,23.3,7.2,1,1,1,1,1
2026-04-07T11,29.0,57.0,64.3,27.65,8.725,1,1,1,1,1
2026-04-07T12,41.0,92.0,66.325,30.675,10.733,1,1,1,1,1
2026-04-07T13,39.0,91.0,92.2,5.4,11.167,1,1,1,1,1
2026-04-07T14,42.0,122.0,84.85,7.7,12.2,1,1,1,1,1
2026-04-07T15,53.0,134.0,59.4,32.0,11.2,1,1,1,1,1
2026-04-07T16,47.0,99.0,38.625,39.15,9.725,1,1,1,1,1
2026-04-07T17,34.0,57.0,46.0,21.7,7.7,1,1,1,1,1
2026-04-07T18,31.0,45.0,43.7,23.0,5.3,1,1,1,1,1
2026-04-07T19,27.0,41.0,40.35,24.275,5.6,1,1,1,1,1
2026-04-07T20,22.0,39.0,19.85,40.375,5.55,1,1,1,1,1
2026-04-07T21,24.0,42.0,22.0,45.075,3.875,1,1,1,1,1
2026-04-07T22,8.0,24.0,27.825,39.65,4.125,1,1,1,1,1
2026-04-07T23,11.0,35.0,28.425,40.125,4.05,1,1,1,1,1
2026-04-08T00,17.0,28.0,29.875,31.025,3.533,1,1,1,1,1
2026-04-08T01,14.0,44.0,33.825,26.15,2.675,1,1,1,1,1
2026-04-08T02,20.0,44.0,24.867,43.5,4.1,1,1,1,1,1
2026-04-08T03,19.0,46.0,25.85,50.7,5.025,1,1,1,1,1
2026-04-08T04,29.0,62.0,29.95,63.625,4.325,1,1,1,1,1
2026-04-08T05,39.0,78.0,35.2,78.225,4.875,1,1,1,1,1
2026-04-08T06,38.0,81.0,33.15,102.1,6.333,1,1,1,1,1
2026-04-08T07,33.0,84.0,29.6,127.075,6.475,1,1,1,1,1
2026-04-08T08,31.0,79.0,26.75,136.075,6.025,1,1,1,1,1
2026-04-08T09,31.0,68.0,21.725,98.025,5.475,1,1,1,1,1
2026-04-08T10,24.0,66.0,23.525,80.7,4.575,1,1,1,1,1
2026-04-08T11,25.0,67.0,31.625,63.075,4.925,1,1,1,1,1
2026-04-08T12,33.0,118.0,51.65,39.175,9.967,1,1,1,1,1
2026-04-08T13,35.0,100.0,65.65,25.875,15.3,1,1,1,1,1
2026-04-08T14,29.0,96.0,77.625,15.475,25.675,1,1,1,1,1
2026-04-08T15,30.0,91.0,67.275,17.075,32.2,1,1,1,1,1
2026-04-08T16,31.0,96.0,57.45,19.25,17.375,1,1,1,1,1
2026-04-08T17,39.0,103.0,62.833,12.933,14.4,1,1,1,1,1
2026-04-08T19,57.0,136.0,46.7,14.0,9.7,1,1,1,1,1
2026-04-08T20,36.0,84.0,37.675,18.65,9.1,1,1,1,1,1
2026-04-08T21,29.0,74.0,35.033,16.5,8.233,1,1,1,1,1
2026-04-08T22,38.0,75.0,37.833,13.367,7.567,1,1,1,1,1
2026-04-08T23,31.0,69.0,42.9,10.225,8.475,1,1,1,1,1
2026-04-09T00,28.0,67.0,51.525,7.1,6.667,1,1,1,1,1
2026-04-09T01,50.0,103.0,46.3,12.275,7.325,1,1,1,1,1
2026-04-09T02,45.0,100.0,47.8,18.625,8.65,1,1,1,1,1
2026-04-09T03,52.0,129.0,42.5,31.675,9.9,1,1,1,1,1
2026-04-09T04,38.0,101.0,34.9,45.4,9.25,1,1,1,1,1
2026-04-09T05,29.0,80.0,27.5,58.975,7.475,1,1,1,1,1
2026-04-09T06,29.0,79.0,25.1,65.3,,1,1,1,1,0
2026-04-09T08,23.0,89.0,25.2,76.6,7.7,1,1,1,1,1
2026-04-09T10,23.0,90.0,19.4,71.7,18.1,1,1,1,1,1
2026-04-09T11,20.0,89.0,23.2,68.333,18.5,1,1,1,1,1
2026-04-09T12,24.0,77.0,44.967,53.067,13.75,1,1,1,1,1
2026-04-09T13,31.0,111.0,80.333,19.9,7.6,1,1,1,1,1
2026-04-10T06,23.0,143.0,20.35,66.3,9.3,1,1,1,1,1
2026-04-10T07,22.0,122.0,20.45,69.1,11.625,1,1,1,1,1
2026-04-10T08,19.0,110.0,20.85,70.367,10.7,1,1,1,1,1
2026-04-10T12,14.0,127.0,33.45,66.0,12.15,1,1,1,1,1
2026-04-10T13,28.0,145.0,36.075,56.8,14.775,1,1,1,1,1
2026-04-10T14,31.0,144.0,42.7,49.5,15.6,1,1,1,1,1
2026-04-11T03,50.0,138.0,,,,1,1,0,0,0
2026-04-11T04,33.0,172.0,22.525,67.625,9.85,1,1,1,1,1
2026-04-11T05,28.0,125.0,18.975,69.275,7.475,1,1,1,1,1
2026-04-11T06,20.0,117.0,18.65,70.35,8.133,1,1,1,1,1
2026-04-11T07,17.0,125.0,19.675,72.425,10.225,1,1,1,1,1
2026-04-11T08,19.0,112.0,20.975,75.625,10.825,1,1,1,1,1
2026-04-11T09,20.0,114.0,22.175,73.725,10.225,1,1,1,1,1
2026-04-11T10,22.0,121.0,23.4,73.525,11.4,1,1,1,1,1
2026-04-11T11,19.0,146.0,31.95,66.2,12.15,1,1,1,1,1
2026-04-11T12,24.0,136.0,39.05,56.725,11.85,1,1,1,1,1
2026-04-11T13,34.0,140.0,55.275,33.425,8.425,1,1,1,1,1
2026-04-11T14,44.0,177.0,92.95,5.625,9.4,1,1,1,1,1
2026-04-11T15,66.0,254.0,101.3,1.733,12.2,1,1,1,1,1
2026-04-11T16,77.0,280.0,100.3,1.8,14.15,1,1,1,1,1
2026-04-11T17,89.0,372.0,96.35,1.75,16.75,1,1,1,1,1
2026-04-11T18,83.0,260.0,57.2,21.6,18.8,1,1,1,1,1
2026-04-11T19,80.0,223.0,58.65,21.15,15.0,1,1,1,1,1
2026-04-11T20,68.0,183.0,46.725,27.925,10.425,1,1,1,1,1
2026-04-11T21,52.0,140.0,58.5,16.15,7.325,1,1,1,1,1
2026-04-11T22,74.0,471.0,79.825,1.95,7.6,1,1,1,1,1
2026-04-11T23,61.0,284.0,67.15,1.9,7.325,1,1,1,1,1
2026-04-12T00,58.0,155.0,76.95,2.075,7.55,1,1,1,1,1
2026-04-12T01,53.0,163.0,63.275,9.575,8.25,1,1,1,1,1
2026-04-12T02,155.0,285.0,41.325,35.7,18.7,1,1,1,1,1
2026-04-12T03,123.0,229.0,32.825,54.725,17.475,1,1,1,1,1
2026-04-12T04,57.0,162.0,28.675,71.6,11.95,1,1,1,1,1
2026-04-12T05,61.0,153.0,27.625,78.675,9.55,1,1,1,1,1
2026-04-12T06,46.0,147.0,24.025,75.475,7.4,1,1,1,1,1
2026-04-12T07,27.0,118.0,21.725,72.2,10.8,1,1,1,1,1
2026-04-12T08,38.0,101.0,22.4,70.825,9.95,1,1,1,1,1
2026-04-12T09,17.0,94.0,21.967,71.6,8.9,1,1,1,1,1
2026-04-12T10,20.0,123.0,23.05,70.625,8.325,1,1,1,1,1
2026-04-12T11,19.0,340.0,25.325,70.975,7.1,1,1,1,1,1
2026-04-12T12,19.0,95.0,31.025,66.6,6.95,1,1,1,1,1
2026-04-12T13,12.0,102.0,47.3,50.075,5.125,1,1,1,1,1
2026-04-12T14,25.0,125.0,70.825,31.275,7.3,1,1,1,1,1
2026-04-12T15,36.0,147.0,65.05,31.85,8.075,1,1,1,1,1
2026-04-12T16,44.0,147.0,78.35,19.5,8.75,1,1,1,1,1
2026-04-12T17,50.0,161.0,99.75,4.3,11.575,1,1,1,1,1
2026-04-12T19,53.0,179.0,94.0,2.1,10.7,1,1,1,1,1
2026-04-12T20,41.0,140.0,85.975,5.125,9.125,1,1,1,1,1
2026-04-12T21,46.0,119.0,83.75,5.275,10.075,1,1,1,1,1
2026-04-12T22,48.0,238.0,86.575,2.275,10.4,1,1,1,1,1
2026-04-12T23,47.0,178.0,76.025,6.6,9.175,1,1,1,1,1
2026-04-13T00,46.0,141.0,78.3,4.875,8.8,1,1,1,1,1
2026-04-13T01,53.0,166.0,89.9,6.475,21.95,1,1,1,1,1
2026-04-13T02,162.0,318.0,77.525,24.825,47.075,1,1,1,1,1
2026-04-13T03,153.0,285.0,50.475,54.975,34.975,1,1,1,1,1
2026-04-13T04,81.0,183.0,40.575,81.3,28.4,1,1,1,1,1
2026-04-13T05,69.0,168.0,29.025,89.9,13.4,1,1,1,1,1
2026-04-13T06,48.0,116.0,25.3,85.5,9.5,1,1,1,1,1
2026-04-13T07,24.0,125.0,24.6,84.1,8.325,1,1,1,1,1
2026-04-13T08,20.0,138.0,24.15,87.3,8.0,1,1,1,1,1
2026-04-13T09,22.0,80.0,25.3,87.9,8.8,1,1,1,1,1
2026-04-13T11,13.0,106.0,24.6,83.8,17.5,1,1,1,1,1
2026-04-13T12,17.0,95.0,42.025,69.375,16.667,1,1,1,1,1
2026-04-13T13,25.0,143.0,90.833,23.533,9.267,1,1,1,1,1
2026-04-13T14,34.0,163.0,117.5,5.8,11.9,1,1,1,1,1
2026-04-13T15,52.0,215.0,116.625,4.825,18.6,1,1,1,1,1
2026-04-13T16,64.0,211.0,115.475,1.8,21.65,1,1,1,1,1
2026-04-13T17,59.0,210.0,107.075,2.225,21.375,1,1,1,1,1
2026-04-13T18,73.0,215.0,78.2,16.4,20.6,1,1,1,1,1
2026-04-13T19,69.0,177.0,80.875,14.1,13.65,1,1,1,1,1
2026-04-13T20,57.0,163.0,78.7,11.675,10.075,1,1,1,1,1
2026-04-13T21,51.0,146.0,86.0,5.75,10.725,1,1,1,1,1
2026-04-13T22,58.0,251.0,75.125,10.9,8.675,1,1,1,1,1
2026-04-13T23,46.0,178.0,89.333,1.3,8.867,1,1,1,1,1
2026-04-14T00,46.0,234.0,74.6,3.975,8.233,1,1,1,1,1
2026-04-14T01,57.0,139.0,82.275,6.15,7.35,1,1,1,1,1
2026-04-14T02,84.0,259.0,103.375,19.275,13.15,1,1,1,1,1
2026-04-14T03,81.0,212.0,64.3,55.433,14.767,1,1,1,1,1
2026-04-14T04,70.0,171.0,45.9,72.35,11.533,1,1,1,1,1
2026-04-14T05,57.0,169.0,43.2,93.05,6.5,1,1,1,1,1
2026-04-14T06,45.0,146.0,27.533,91.5,15.833,1,1,1,1,1
2026-04-14T07,29.0,138.0,28.775,95.6,20.775,1,1,1,1,1
2026-04-14T15,74.0,241.0,122.0,1.15,19.85,1,1,1,1,1
2026-04-14T16,77.0,255.0,116.775,0.975,23.325,1,1,1,1,1
2026-04-14T17,72.0,273.0,107.025,1.5,24.725,1,1,1,1,1
2026-04-14T18,106.0,392.0,87.5,1.9,19.1,1,1,1,1,1
2026-04-14T19,119.0,349.0,92.967,1.167,19.533,1,1,1,1,1
2026-04-14T20,83.0,227.0,93.425,1.0,18.325,1,1,1,1,1
2026-04-14T21,72.0,207.0,84.225,1.0,16.85,1,1,1,1,1
2026-04-14T22,63.0,174.0,83.75,0.95,17.35,1,1,1,1,1
2026-04-14T23,67.0,184.0,86.2,0.675,15.875,1,1,1,1,1
2026-04-15T00,75.0,168.0,86.2,1.0,13.0,1,1,1,1,1
2026-04-15T01,100.0,241.0,106.1,3.25,33.775,1,1,1,1,1
2026-04-15T02,239.0,431.0,138.85,15.0,45.425,1,1,1,1,1
2026-04-15T03,206.0,409.0,81.25,68.65,40.1,1,1,1,1,1
2026-04-15T04,157.0,313.0,53.575,104.975,33.05,1,1,1,1,1
2026-04-15T05,74.0,193.0,36.425,111.0,8.65,1,1,1,1,1
2026-04-15T06,51.0,156.0,31.95,102.675,18.433,1,1,1,1,1
2026-04-15T07,30.0,123.0,27.075,82.45,14.575,1,1,1,1,1
2026-04-15T08,18.0,90.0,25.6,74.125,13.75,1,1,1,1,1
2026-04-15T09,19.0,80.0,25.775,72.975,9.85,1,1,1,1,1
2026-04-15T10,13.0,92.0,27.425,72.875,8.075,1,1,1,1,1
2026-04-15T11,9.0,70.0,33.6,72.067,7.433,1,1,1,1,1
2026-04-15T12,14.0,113.0,57.5,55.175,9.733,1,1,1,1,1
2026-04-15T13,25.0,151.0,117.2,7.775,13.45,1,1,1,1,1
2026-04-15T14,63.0,240.0,124.067,1.267,16.833,1,1,1,1,1
2026-04-15T15,57.0,223.0,124.025,0.8,23.35,1,1,1,1,1
2026-04-15T16,66.0,263.0,116.925,1.05,26.65,1,1,1,1,1
2026-04-15T17,90.0,307.0,107.825,1.225,30.85,1,1,1,1,1
2026-04-15T18,111.0,339.0,104.0,0.5,17.7,1,1,1,1,1
2026-04-15T19,119.0,326.0,105.925,0.625,22.067,1,1,1,1,1
2026-04-15T20,112.0,315.0,109.5,0.5,22.8,1,1,1,1,1
2026-04-15T21,116.0,272.0,108.5,1.0,22.5,1,1,1,1,1
2026-04-15T23,122.0,295.0,81.133,1.167,19.2,1,1,1,1,1
2026-04-16T00,117.0,296.0,79.725,1.15,17.067,1,1,1,1,1
2026-04-16T01,127.0,331.0,118.075,1.35,19.55,1,1,1,1,1
2026-04-16T02,173.0,439.0,179.425,2.1,28.575,1,1,1,1,1
2026-04-16T03,188.0,432.0,124.375,34.675,29.05,1,1,1,1,1
2026-04-16T04,141.0,307.0,66.05,58.95,17.775,1,1,1,1,1
2026-04-16T05,57.0,141.0,41.633,62.033,8.333,1,1,1,1,1
2026-04-16T06,,,26.7,69.05,15.45,0,0,1,1,1
2026-04-16T07,25.0,161.0,23.867,65.133,12.7,1,1,1,1,1
2026-04-16T08,27.0,105.0,24.7,62.7,12.5,1,1,1,1,1
2026-04-16T16,99.0,357.0,111.6,0.9,38.5,1,1,1,1,1
2026-04-16T17,127.0,444.0,104.45,1.3,37.3,1,1,1,1,1
2026-04-16T18,121.0,409.0,98.6,0.9,13.4,1,1,1,1,1
2026-04-16T19,133.0,407.0,96.9,1.275,13.75,1,1,1,1,1
2026-04-16T20,127.0,342.0,89.125,0.7,12.75,1,1,1,1,1
2026-04-16T21,122.0,312.0,85.5,0.533,14.067,1,1,1,1,1
2026-04-16T22,116.0,329.0,81.275,1.325,13.125,1,1,1,1,1
2026-04-16T23,141.0,494.0,83.1,0.95,19.15,1,1,1,1,1
2026-04-17T00,157.0,522.0,79.825,0.8,18.1,1,1,1,1,1
2026-04-17T01,151.0,470.0,100.625,0.925,19.9,1,1,1,1,1
2026-04-17T02,158.0,450.0,144.225,0.975,22.85,1,1,1,1,1
2026-04-17T03,153.0,416.0,153.233,1.8,22.433,1,1,1,1,1
2026-04-17T04,141.0,351.0,82.6,8.2,21.567,1,1,1,1,1
2026-04-17T05,91.0,246.0,78.9,16.75,22.775,1,1,1,1,1
2026-04-17T06,99.0,311.0,78.375,21.1,31.633,1,1,1,1,1
2026-04-17T07,117.0,332.0,59.825,21.225,27.1,1,1,1,1,1
2026-04-17T08,68.0,208.0,61.0,17.725,20.375,1,1,1,1,1
2026-04-17T09,52.0,194.0,93.433,8.633,19.0,1,1,1,1,1
2026-04-17T10,58.0,238.0,93.1,4.7,19.2,1,1,1,1,1
2026-04-17T13,39.0,255.0,68.867,4.667,13.733,1,1,1,1,1
2026-04-17T14,35.0,95.0,63.7,3.067,13.675,1,1,1,1,1
2026-04-17T15,27.0,75.0,79.3,1.025,13.55,1,1,1,1,1
2026-04-17T16,30.0,69.0,33.375,5.025,13.875,1,1,1,1,1
2026-04-17T17,7.0,75.0,38.75,12.45,11.3,1,1,1,1,1
2026-04-17T19,18.0,56.0,69.4,0.7,12.8,1,1,1,1,1
2026-04-17T20,17.0,55.0,71.525,0.9,13.8,1,1,1,1,1
2026-04-17T21,23.0,75.0,67.4,1.225,15.1,1,1,1,1,1
2026-04-17T22,29.0,100.0,74.875,0.575,17.15,1,1,1,1,1
2026-04-17T23,73.0,156.0,71.9,1.375,22.775,1,1,1,1,1
2026-04-18T00,163.0,244.0,58.1,1.175,18.1,1,1,1,1,1
2026-04-18T01,122.0,255.0,59.1,1.525,14.75,1,1,1,1,1
2026-04-18T02,134.0,257.0,67.225,4.125,17.0,1,1,1,1,1
2026-04-18T03,107.0,193.0,58.1,8.95,17.7,1,1,1,1,1
2026-04-18T11,25.0,88.0,36.4,24.6,13.1,1,1,1,1,1
2026-04-18T12,17.0,94.0,60.375,13.825,14.133,1,1,1,1,1
2026-04-18T13,28.0,119.0,120.7,0.6,16.8,1,1,1,1,1
2026-04-18T16,133.0,434.0,89.867,,39.867,1,1,1,0,1
2026-04-18T17,158.0,475.0,88.9,0.5,46.45,1,1,1,1,1
2026-04-18T19,106.0,365.0,80.5,0.5,13.3,1,1,1,1,1
2026-04-18T20,123.0,392.0,71.925,0.5,14.7,1,1,1,1,1
2026-04-18T21,133.0,362.0,73.4,1.1,14.225,1,1,1,1,1
2026-04-18T22,147.0,362.0,79.75,2.5,17.475,1,1,1,1,1
2026-04-18T23,217.0,401.0,73.7,1.5,15.75,1,1,1,1,1
2026-04-19T00,229.0,443.0,66.15,1.525,16.767,1,1,1,1,1
2026-04-19T01,211.0,456.0,93.075,1.3,20.95,1,1,1,1,1
2026-04-19T02,239.0,455.0,130.525,2.05,31.2,1,1,1,1,1
2026-04-19T03,238.0,477.0,115.75,2.675,45.8,1,1,1,1,1
2026-04-19T04,182.0,350.0,56.125,1.45,52.425,1,1,1,1,1
2026-04-19T05,146.0,290.0,45.3,0.5,35.225,1,1,1,1,1
2026-04-19T06,113.0,263.0,40.5,4.7,28.767,1,1,1,1,1
2026-04-19T07,90.0,329.0,29.9,33.033,22.367,1,1,1,1,1
2026-04-19T08,52.0,166.0,25.8,39.975,16.925,1,1,1,1,1
2026-04-19T09,25.0,118.0,25.225,46.7,14.875,1,1,1,1,1
2026-04-19T10,24.0,105.0,31.05,44.45,9.5,1,1,1,1,1
2026-04-19T11,13.0,95.0,33.85,46.875,8.175,1,1,1,1,1
2026-04-19T12,23.0,102.0,41.967,44.233,16.0,1,1,1,1,1
2026-04-19T13,30.0,122.0,68.9,19.9,17.95,1,1,1,1,1
2026-04-19T14,45.0,156.0,111.55,2.675,18.75,1,1,1,1,1
2026-04-19T15,69.0,237.0,113.125,1.925,25.075,1,1,1,1,1
2026-04-19T16,67.0,260.0,67.95,18.225,27.2,1,1,1,1,1
2026-04-19T17,55.0,250.0,51.5,24.875,21.4,1,1,1,1,1
2026-04-19T18,47.0,215.0,73.6,11.6,18.5,1,1,1,1,1
2026-04-19T19,47.0,216.0,71.233,9.267,17.567,1,1,1,1,1
2026-04-19T20,58.0,218.0,70.925,6.175,17.075,1,1,1,1,1
2026-04-19T21,52.0,206.0,64.9,6.95,19.125,1,1,1,1,1
2026-04-19T22,48.0,191.0,60.367,7.7,21.0,1,1,1,1,1
2026-04-19T23,51.0,185.0,60.45,7.7,20.0,1,1,1,1,1
2026-04-20T00,58.0,189.0,63.4,7.175,20.4,1,1,1,1,1
2026-04-20T01,66.0,223.0,74.6,8.75,29.4,1,1,1,1,1
2026-04-20T02,135.0,385.0,68.5,22.15,51.95,1,1,1,1,1
2026-04-20T03,135.0,396.0,55.333,44.367,50.0,1,1,1,1,1
2026-04-20T05,69.0,234.0,36.55,80.15,27.85,1,1,1,1,1
2026-04-20T07,38.0,178.0,20.4,63.1,15.2,1,1,1,1,1
2026-04-20T08,18.0,128.0,19.3,60.9,14.9,1,1,1,1,1
2026-04-20T09,17.0,118.0,20.075,60.525,13.775,1,1,1,1,1
2026-04-20T10,20.0,122.0,21.333,61.4,12.9,1,1,1,1,1
2026-04-20T11,25.0,121.0,24.9,62.2,12.4,1,1,1,1,1
2026-04-20T12,25.0,132.0,40.7,49.9,11.233,1,1,1,1,1
2026-04-20T13,23.0,163.0,57.375,37.575,11.5,1,1,1,1,1
2026-04-20T14,38.0,184.0,93.025,13.475,14.225,1,1,1,1,1
2026-04-20T15,47.0,207.0,110.133,2.433,17.067,1,1,1,1,1
2026-04-20T16,66.0,254.0,104.25,2.65,19.375,1,1,1,1,1
2026-04-20T17,73.0,251.0,101.45,2.15,21.25,1,1,1,1,1
2026-04-20T19,66.0,213.0,81.5,6.733,21.433,1,1,1,1,1
2026-04-20T20,61.0,202.0,74.55,7.0,19.275,1,1,1,1,1
2026-04-20T21,61.0,193.0,74.375,6.525,18.875,1,1,1,1,1
2026-04-20T22,59.0,182.0,77.15,6.225,17.95,1,1,1,1,1
2026-04-20T23,48.0,164.0,78.975,4.475,17.1,1,1,1,1,1
2026-04-21T00,55.0,157.0,76.325,4.7,15.533,1,1,1,1,1
2026-04-21T01,66.0,222.0,95.275,6.55,34.775,1,1,1,1,1
2026-04-21T02,136.0,379.0,71.3,26.25,44.15,1,1,1,1,1
2026-04-21T03,102.0,333.0,50.85,48.225,28.75,1,1,1,1,1
2026-04-21T04,69.0,262.0,43.8,71.55,24.075,1,1,1,1,1
2026-04-21T05,74.0,268.0,27.825,81.25,20.225,1,1,1,1,1
2026-04-21T06,50.0,216.0,24.925,73.425,16.6,1,1,1,1,1
2026-04-21T07,28.0,180.0,23.0,71.125,18.2,1,1,1,1,1
2026-04-21T08,30.0,186.0,22.25,72.05,18.25,1,1,1,1,1
2026-04-21T09,30.0,173.0,22.567,70.4,17.7,1,1,1,1,1
2026-04-21T10,30.0,161.0,20.65,69.775,16.825,1,1,1,1,1
2026-04-21T11,28.0,171.0,25.875,70.45,14.275,1,1,1,1,1
2026-04-21T12,35.0,157.0,33.325,64.175,17.733,1,1,1,1,1
2026-04-21T13,34.0,189.0,70.95,33.675,18.85,1,1,1,1,1
2026-04-21T14,50.0,228.0,110.7,7.825,21.1,1,1,1,1,1
2026-04-21T15,63.0,239.0,113.15,2.7,24.575,1,1,1,1,1
2026-04-21T16,73.0,268.0,109.15,2.675,27.0,1,1,1,1,1
2026-04-21T17,92.0,305.0,105.675,2.675,30.025,1,1,1,1,1
2026-04-21T18,90.0,324.0,90.1,4.8,22.8,1,1,1,1,1
2026-04-21T19,94.0,273.0,90.625,3.55,22.575,1,1,1,1,1
2026-04-21T20,99.0,271.0,89.225,3.075,24.425,1,1,1,1,1
2026-04-21T21,103.0,274.0,87.575,1.975,23.95,1,1,1,1,1
2026-04-21T22,114.0,279.0,82.033,2.267,26.9,1,1,1,1,1
2026-04-21T23,118.0,290.0,94.275,1.9,28.6,1,1,1,1,1
2026-04-22T00,132.0,326.0,102.6,2.5,53.7,1,1,1,1,1
2026-04-22T01,184.0,436.0,89.625,7.925,50.6,1,1,1,1,1
2026-04-22T02,184.0,436.0,92.025,21.733,18.75,1,1,1,1,1
2026-04-22T03,,,57.9,49.075,40.5,0,0,1,1,1
2026-04-22T04,64.0,289.0,40.5,67.25,36.325,1,1,1,1,1
2026-04-22T05,55.0,223.0,33.275,73.7,42.125,1,1,1,1,1
2026-04-22T06,50.0,221.0,25.375,75.075,35.733,1,1,1,1,1
2026-04-22T07,28.0,164.0,24.575,69.65,24.55,1,1,1,1,1
2026-04-22T08,25.0,149.0,26.25,68.475,20.225,1,1,1,1,1
2026-04-22T09,25.0,140.0,25.975,70.325,20.925,1,1,1,1,1
2026-04-22T10,22.0,145.0,25.567,69.267,19.0,1,1,1,1,1
2026-04-22T11,28.0,132.0,29.825,67.7,17.9,1,1,1,1,1
2026-04-22T12,24.0,151.0,49.825,54.2,15.633,1,1,1,1,1
2026-04-22T13,34.0,167.0,97.9,17.425,14.1,1,1,1,1,1
2026-04-22T14,42.0,195.0,120.7,2.55,16.4,1,1,1,1,1
2026-04-22T15,66.0,239.0,114.975,2.1,22.3,1,1,1,1,1
2026-04-22T16,81.0,271.0,118.55,2.25,28.275,1,1,1,1,1
2026-04-22T17,97.0,356.0,123.225,2.375,32.6,1,1,1,1,1
2026-04-22T18,129.0,500.0,108.0,2.2,21.0,1,1,1,1,1
2026-04-22T19,108.0,359.0,109.55,1.675,25.95,1,1,1,1,1
2026-04-22T20,105.0,339.0,109.625,1.725,25.675,1,1,1,1,1
2026-04-22T21,81.0,283.0,101.075,2.075,21.625,1,1,1,1,1
2026-04-22T22,74.0,252.0,82.025,5.775,20.125,1,1,1,1,1
2026-04-22T23,52.0,201.0,83.375,3.625,16.175,1,1,1,1,1
2026-04-23T00,52.0,201.0,55.2,10.2,0.0,1,1,1,1,1
2026-04-23T01,,,51.825,20.825,25.825,0,0,1,1,1
2026-04-23T02,28.0,173.0,48.25,25.125,32.225,1,1,1,1,1
2026-04-23T03,28.0,188.0,48.075,32.4,37.225,1,1,1,1,1
2026-04-23T04,31.0,199.0,42.35,41.65,36.9,1,1,1,1,1
2026-04-23T05,27.0,195.0,33.8,51.9,36.3,1,1,1,1,1
2026-04-23T06,25.0,158.0,35.45,52.55,34.4,1,1,1,1,1
2026-04-23T07,22.0,141.0,35.2,54.6,16.35,1,1,1,1,1
2026-04-23T08,23.0,133.0,30.525,63.925,10.925,1,1,1,1,1
2026-04-23T09,33.0,122.0,25.5,68.95,9.8,1,1,1,1,1
2026-04-23T10,19.0,116.0,32.5,68.15,11.375,1,1,1,1,1
2026-04-23T11,25.0,136.0,31.7,66.9,12.05,1,1,1,1,1
2026-04-23T12,24.0,158.0,59.525,46.225,12.633,1,1,1,1,1
2026-04-23T13,41.0,233.0,101.9,14.975,17.7,1,1,1,1,1
2026-04-23T14,46.0,215.0,127.2,2.475,19.375,1,1,1,1,1
2026-04-23T15,59.0,250.0,121.15,2.25,24.05,1,1,1,1,1
2026-04-23T16,72.0,272.0,115.875,2.825,27.7,1,1,1,1,1
2026-04-23T17,91.0,353.0,107.325,2.625,32.2,1,1,1,1,1
2026-04-23T19,105.0,343.0,105.2,2.4,22.3,1,1,1,1,1
2026-04-23T20,112.0,361.0,96.25,2.675,20.475,1,1,1,1,1
2026-04-23T21,128.0,385.0,102.075,1.95,40.775,1,1,1,1,1
2026-04-23T22,195.0,429.0,91.525,2.575,43.575,1,1,1,1,1
2026-04-23T23,186.0,385.0,85.4,2.45,40.6,1,1,1,1,1
2026-04-24T00,,,87.275,2.35,32.9,0,0,1,1,1
2026-04-24T01,130.0,283.0,82.6,4.625,27.3,1,1,1,1,1
2026-04-24T02,73.0,265.0,77.575,13.375,19.75,1,1,1,1,1
2026-04-24T03,40.0,215.0,75.825,25.125,25.75,1,1,1,1,1
2026-04-24T04,61.0,241.0,49.025,59.6,23.0,1,1,1,1,1
2026-04-24T05,69.0,235.0,38.4,91.45,22.8,1,1,1,1,1
2026-04-24T06,79.0,248.0,35.05,104.25,21.367,1,1,1,1,1
2026-04-24T07,56.0,208.0,33.8,96.95,16.45,1,1,1,1,1
2026-04-24T08,47.0,195.0,30.6,92.5,15.55,1,1,1,1,1
2026-04-24T09,50.0,205.0,33.0,89.875,19.5,1,1,1,1,1
2026-04-24T10,55.0,262.0,43.625,81.125,20.9,1,1,1,1,1
2026-04-24T11,52.0,215.0,42.225,77.125,20.95,1,1,1,1,1
2026-04-24T12,45.0,204.0,75.675,49.05,17.2,1,1,1,1,1
2026-04-24T13,56.0,251.0,130.6,11.125,13.45,1,1,1,1,1
2026-04-24T14,66.0,248.0,151.825,2.625,15.3,1,1,1,1,1
2026-04-24T15,77.0,337.0,134.125,3.0,23.825,1,1,1,1,1
2026-04-24T16,95.0,366.0,127.275,2.625,31.625,1,1,1,1,1
2026-04-24T17,114.0,383.0,124.3,2.675,41.425,1,1,1,1,1
2026-04-24T19,127.0,373.0,109.4,2.3,17.3,1,1,1,1,1
2026-04-24T20,141.0,374.0,104.55,2.4,15.975,1,1,1,1,1
2026-04-24T21,136.0,356.0,101.85,2.625,13.125,1,1,1,1,1
2026-04-24T22,122.0,310.0,99.675,2.675,11.5,1,1,1,1,1
2026-04-24T23,95.0,279.0,92.0,2.9,8.25,1,1,1,1,1
2026-04-25T00,99.0,295.0,84.933,4.2,4.7,1,1,1,1,1
2026-04-25T01,,,86.875,7.35,33.45,0,0,1,1,1
2026-04-25T02,167.0,464.0,48.5,34.1,53.0,1,1,1,1,1
2026-04-25T03,144.0,406.0,43.25,63.35,51.025,1,1,1,1,1
2026-04-25T04,107.0,321.0,37.425,79.6,47.3,1,1,1,1,1
2026-04-25T05,59.0,268.0,30.475,80.0,42.7,1,1,1,1,1
2026-04-25T06,40.0,195.0,29.275,79.55,35.233,1,1,1,1,1
2026-04-25T07,40.0,167.0,32.475,73.875,12.1,1,1,1,1,1
2026-04-25T08,40.0,219.0,37.825,63.55,10.825,1,1,1,1,1
2026-04-25T09,40.0,169.0,46.575,67.65,7.9,1,1,1,1,1
2026-04-25T10,50.0,217.0,55.6,67.467,3.467,1,1,1,1,1
2026-04-25T11,40.0,194.0,70.6,64.15,1.5,1,1,1,1,1
2026-04-25T12,,,59.333,32.533,3.633,0,0,1,1,1
2026-04-25T13,,,83.75,32.95,23.025,0,0,1,1,1
2026-04-25T14,57.0,342.0,104.0,12.975,47.475,1,1,1,1,1
2026-04-25T15,70.0,273.0,115.625,3.6,52.075,1,1,1,1,1
2026-04-25T16,80.0,360.0,117.975,2.825,53.1,1,1,1,1,1
2026-04-25T17,91.0,304.0,104.175,3.025,59.4,1,1,1,1,1
2026-04-25T19,101.0,291.0,90.6,2.8,23.7,1,1,1,1,1
2026-04-25T20,90.0,288.0,92.225,1.925,20.3,1,1,1,1,1
2026-04-25T21,83.0,244.0,83.45,3.1,20.975,1,1,1,1,1
2026-04-25T22,80.0,222.0,84.225,3.575,23.825,1,1,1,1,1
2026-04-25T23,101.0,284.0,82.8,2.55,29.275,1,1,1,1,1
2026-04-26T00,164.0,400.0,82.4,3.2,48.033,1,1,1,1,1
2026-04-26T01,153.0,394.0,87.775,7.025,42.7,1,1,1,1,1
2026-04-26T02,117.0,354.0,44.375,37.1,35.25,1,1,1,1,1
2026-04-26T03,114.0,349.0,41.95,62.4,30.95,1,1,1,1,1
2026-04-26T04,92.0,289.0,35.425,77.85,26.2,1,1,1,1,1
2026-04-26T05,80.0,259.0,26.875,75.1,21.425,1,1,1,1,1
2026-04-26T06,50.0,226.0,22.975,67.325,15.933,1,1,1,1,1
2026-04-26T07,41.0,202.0,25.025,70.775,16.625,1,1,1,1,1
2026-04-26T08,44.0,199.0,22.675,61.475,13.4,1,1,1,1,1
2026-04-26T09,,,23.3,64.933,13.65,0,0,1,1,1
2026-04-26T10,42.0,178.0,23.225,72.05,15.4,1,1,1,1,1
2026-04-26T11,48.0,183.0,27.125,68.75,17.3,1,1,1,1,1
2026-04-26T12,46.0,174.0,32.95,62.0,17.367,1,1,1,1,1
2026-04-26T13,47.0,184.0,59.25,39.525,20.3,1,1,1,1,1
2026-04-26T14,45.0,219.0,92.0,12.925,23.675,1,1,1,1,1
2026-04-26T15,55.0,233.0,109.15,2.8,26.175,1,1,1,1,1
2026-04-26T16,73.0,257.0,107.225,2.0,28.0,1,1,1,1,1
2026-04-26T17,84.0,252.0,103.95,2.3,28.075,1,1,1,1,1
2026-04-26T18,91.0,238.0,98.9,2.0,,1,1,1,1,0
2026-04-26T19,95.0,260.0,97.65,2.125,24.0,1,1,1,1,1
2026-04-26T20,90.0,272.0,87.425,2.2,19.575,1,1,1,1,1
2026-04-26T21,74.0,184.0,89.667,2.367,17.667,1,1,1,1,1
2026-04-26T22,66.0,167.0,89.15,1.925,18.3,1,1,1,1,1
2026-04-26T23,75.0,178.0,82.775,2.2,23.5,1,1,1,1,1
2026-04-27T00,91.0,227.0,82.025,3.025,25.267,1,1,1,1,1
2026-04-27T01,134.0,298.0,99.325,6.275,33.733,1,1,1,1,1
2026-04-27T02,188.0,407.0,79.7,44.35,43.15,1,1,1,1,1
2026-04-27T03,151.0,354.0,54.375,87.8,38.925,1,1,1,1,1
2026-04-27T04,113.0,276.0,33.575,91.925,23.875,1,1,1,1,1
2026-04-27T05,36.0,151.0,28.675,93.075,16.7,1,1,1,1,1
2026-04-27T06,42.0,149.0,24.6,88.225,20.167,1,1,1,1,1
2026-04-27T07,30.0,130.0,25.675,76.925,15.175,1,1,1,1,1
2026-04-27T08,35.0,150.0,25.525,83.85,15.875,1,1,1,1,1
2026-04-27T09,55.0,156.0,28.1,96.225,19.5,1,1,1,1,1
2026-04-27T10,68.0,179.0,26.75,88.05,19.625,1,1,1,1,1
2026-04-27T11,57.0,179.0,33.55,90.325,20.725,1,1,1,1,1
2026-04-27T12,63.0,189.0,53.275,64.45,20.533,1,1,1,1,1
2026-04-27T13,58.0,250.0,105.525,18.425,17.5,1,1,1,1,1
2026-04-27T14,73.0,273.0,98.175,16.325,19.625,1,1,1,1,1
2026-04-27T15,127.0,1721.0,34.75,38.2,20.2,1,1,1,1,1
2026-04-27T16,84.0,913.0,36.2,36.65,17.975,1,1,1,1,1
2026-04-27T17,57.0,439.0,46.125,27.05,13.9,1,1,1,1,1
2026-04-27T18,25.0,133.0,47.2,18.6,,1,1,1,1,0
2026-04-27T19,31.0,67.0,48.3,18.225,12.5,1,1,1,1,1
2026-04-27T20,20.0,63.0,42.625,20.175,15.175,1,1,1,1,1
2026-04-27T21,46.0,208.0,27.875,27.75,20.525,1,1,1,1,1
2026-04-27T22,58.0,228.0,22.967,31.767,16.667,1,1,1,1,1
2026-04-27T23,84.0,223.0,28.025,25.375,15.425,1,1,1,1,1
2026-04-28T00,40.0,202.0,49.35,12.825,16.7,1,1,1,1,1
2026-04-28T01,48.0,285.0,41.3,17.325,22.8,1,1,1,1,1
2026-04-28T02,59.0,387.0,45.875,20.2,20.0,1,1,1,1,1
2026-04-28T03,68.0,724.0,34.525,35.7,16.925,1,1,1,1,1
2026-04-28T04,89.0,801.0,30.825,58.2,20.575,1,1,1,1,1
2026-04-28T05,224.0,404.0,26.475,62.5,22.9,1,1,1,1,1
2026-04-28T06,145.0,288.0,29.325,65.2,21.933,1,1,1,1,1
2026-04-28T07,132.0,300.0,23.8,68.975,18.1,1,1,1,1,1
2026-04-28T08,164.0,289.0,27.25,72.075,20.6,1,1,1,1,1
2026-04-28T09,223.0,261.0,29.9,80.8,22.525,1,1,1,1,1
2026-04-28T10,155.0,260.0,32.45,87.475,20.425,1,1,1,1,1
2026-04-28T11,68.0,246.0,46.275,77.375,19.4,1,1,1,1,1
2026-04-28T12,90.0,241.0,54.575,73.25,20.367,1,1,1,1,1
2026-04-28T13,78.0,279.0,63.55,47.7,18.325,1,1,1,1,1
2026-04-28T14,62.0,259.0,58.067,30.775,20.325,1,1,1,1,1
2026-04-28T15,67.0,257.0,82.7,13.65,22.6,1,1,1,1,1
2026-04-28T16,97.0,279.0,74.2,19.9,29.4,1,1,1,1,1
2026-04-28T17,79.0,305.0,52.65,32.125,28.15,1,1,1,1,1
2026-04-28T19,90.0,315.0,65.8,20.6,24.5,1,1,1,1,1
2026-04-28T20,80.0,329.0,43.15,34.025,23.625,1,1,1,1,1
2026-04-28T21,70.0,423.0,30.15,43.05,17.25,1,1,1,1,1
2026-04-28T22,63.0,278.0,43.325,28.825,13.475,1,1,1,1,1
2026-04-28T23,149.0,254.0,30.4,35.775,12.35,1,1,1,1,1
2026-04-29T00,97.0,282.0,25.15,29.85,9.9,1,1,1,1,1
2026-04-29T03,,,28.125,13.167,6.85,0,0,1,1,1
2026-04-29T04,35.0,81.0,68.375,20.575,25.7,1,1,1,1,1
2026-04-29T05,34.0,125.0,43.05,34.65,31.275,1,1,1,1,1
2026-04-29T06,22.0,80.0,33.35,54.4,36.025,1,1,1,1,1
2026-04-29T07,51.0,74.0,34.625,68.85,37.95,1,1,1,1,1
2026-04-29T08,36.0,94.0,40.975,55.225,45.45,1,1,1,1,1
2026-04-29T09,40.0,96.0,38.4,64.6,35.85,1,1,1,1,1
2026-04-29T10,30.0,97.0,37.2,73.6,32.7,1,1,1,1,1
2026-04-29T11,48.0,97.0,40.0,76.675,28.25,1,1,1,1,1
2026-04-29T12,41.0,99.0,52.325,68.8,27.85,1,1,1,1,1
2026-04-29T13,41.0,116.0,73.4,39.85,27.675,1,1,1,1,1
2026-04-29T14,46.0,139.0,72.6,30.675,24.475,1,1,1,1,1
2026-04-29T15,41.0,155.0,95.475,11.3,21.067,1,1,1,1,1
2026-04-29T16,57.0,158.0,100.025,5.725,16.95,1,1,1,1,1
2026-04-29T17,57.0,178.0,106.75,2.775,18.925,1,1,1,1,1
2026-04-29T18,56.0,199.0,103.7,2.6,18.4,1,1,1,1,1
2026-04-29T19,68.0,229.0,91.3,4.95,17.025,1,1,1,1,1
2026-04-29T20,69.0,194.0,70.8,10.3,15.225,1,1,1,1,1
2026-04-29T21,70.0,169.0,56.075,14.7,14.7,1,1,1,1,1
2026-04-29T22,90.0,183.0,42.375,23.75,15.7,1,1,1,1,1
2026-04-29T23,86.0,155.0,43.55,20.25,18.025,1,1,1,1,1
2026-04-30T00,97.0,163.0,57.925,13.825,17.725,1,1,1,1,1
2026-04-30T01,73.0,152.0,64.225,19.825,18.125,1,1,1,1,1
2026-04-30T02,53.0,152.0,46.425,38.325,18.85,1,1,1,1,1
2026-04-30T03,42.0,144.0,38.25,52.75,21.65,1,1,1,1,1
2026-04-30T04,59.0,151.0,34.5,58.2,21.7,1,1,1,1,1
2026-04-30T05,40.0,129.0,31.9,70.6,20.45,1,1,1,1,1
2026-04-30T06,44.0,158.0,35.9,80.675,21.8,1,1,1,1,1
2026-04-30T07,47.0,146.0,33.925,75.725,19.525,1,1,1,1,1
2026-04-30T08,30.0,133.0,33.975,80.775,19.35,1,1,1,1,1
2026-04-30T09,55.0,279.0,38.925,78.375,19.2,1,1,1,1,1
2026-04-30T10,62.0,418.0,36.85,52.25,16.075,1,1,1,1,1
2026-04-30T11,25.0,166.0,47.475,42.9,16.3,1,1,1,1,1
2026-04-30T12,17.0,77.0,63.875,31.875,24.525,1,1,1,1,1
2026-04-30T13,25.0,78.0,64.025,29.775,21.3,1,1,1,1,1
2026-04-30T14,35.0,255.0,39.325,46.45,18.925,1,1,1,1,1
2026-04-30T15,30.0,238.0,45.15,41.95,17.767,1,1,1,1,1
2026-04-30T16,20.0,85.0,47.725,38.125,18.95,1,1,1,1,1
2026-04-30T17,20.0,107.0,38.7,41.725,18.225,1,1,1,1,1
2026-04-30T18,20.0,118.0,42.3,39.4,17.3,1,1,1,1,1
2026-04-30T19,22.0,107.0,38.125,37.925,18.75,1,1,1,1,1
2026-04-30T20,33.0,105.0,32.675,38.2,18.225,1,1,1,1,1
2026-04-30T21,29.0,79.0,35.875,33.7,13.25,1,1,1,1,1
2026-04-30T22,36.0,94.0,48.325,21.275,12.85,1,1,1,1,1
2026-04-30T23,50.0,106.0,44.15,17.825,13.2,1,1,1,1,1
2026-05-01T00,48.0,119.0,40.0,18.875,12.05,1,1,1,1,1
2026-05-01T01,39.0,95.0,34.55,24.375,12.25,1,1,1,1,1
2026-05-01T02,33.0,83.0,32.925,28.4,13.325,1,1,1,1,1
2026-05-01T03,30.0,78.0,33.35,33.475,16.9,1,1,1,1,1
2026-05-01T04,31.0,105.0,35.4,42.875,19.25,1,1,1,1,1
2026-05-01T05,34.0,79.0,34.425,52.4,19.375,1,1,1,1,1
2026-05-01T06,28.0,81.0,33.425,62.8,18.55,1,1,1,1,1
2026-05-01T07,31.0,77.0,32.65,70.95,18.65,1,1,1,1,1
2026-05-01T08,33.0,84.0,30.375,78.2,17.5,1,1,1,1,1
2026-05-01T09,38.0,96.0,33.2,82.175,18.5,1,1,1,1,1
2026-05-01T10,41.0,112.0,34.25,84.2,19.0,1,1,1,1,1
2026-05-01T11,35.0,119.0,40.4,81.375,19.075,1,1,1,1,1
2026-05-01T12,44.0,125.0,50.0,70.875,19.15,1,1,1,1,1
2026-05-01T13,45.0,143.0,66.7,52.25,18.85,1,1,1,1,1
2026-05-01T14,50.0,180.0,72.425,38.8,18.75,1,1,1,1,1
2026-05-01T15,52.0,174.0,74.225,30.325,17.733,1,1,1,1,1
2026-05-01T16,74.0,224.0,61.9,28.675,17.075,1,1,1,1,1
2026-05-01T17,73.0,173.0,52.25,29.875,16.9,1,1,1,1,1
2026-05-01T18,56.0,149.0,59.2,23.8,16.6,1,1,1,1,1
2026-05-01T19,67.0,155.0,47.05,32.4,16.925,1,1,1,1,1
2026-05-01T20,58.0,125.0,36.375,39.85,15.7,1,1,1,1,1
2026-05-01T21,55.0,107.0,36.5,39.9,14.85,1,1,1,1,1
2026-05-01T22,51.0,106.0,36.075,38.8,12.75,1,1,1,1,1
2026-05-01T23,52.0,112.0,39.85,34.475,12.7,1,1,1,1,1
2026-05-02T00,63.0,118.0,46.675,26.45,13.05,1,1,1,1,1
2026-05-02T01,72.0,144.0,44.275,26.125,13.725,1,1,1,1,1
2026-05-02T02,69.0,144.0,45.55,30.675,14.925,1,1,1,1,1
2026-05-02T03,69.0,155.0,44.375,40.2,17.85,1,1,1,1,1
2026-05-02T04,63.0,191.0,42.825,53.1,17.65,1,1,1,1,1
2026-05-02T05,62.0,216.0,36.85,65.167,17.7,1,1,1,1,1
2026-05-02T06,55.0,160.0,31.475,89.4,21.4,1,1,1,1,1
2026-05-02T07,56.0,144.0,,93.6,,1,1,0,1,0
2026-05-02T08,55.0,149.0,32.167,101.95,13.267,1,1,1,1,1
2026-05-02T09,64.0,150.0,36.6,103.25,11.55,1,1,1,1,1
2026-05-02T10,56.0,156.0,39.8,101.267,12.533,1,1,1,1,1
2026-05-02T17,68.0,414.0,49.3,25.0,12.8,1,1,1,1,1
2026-05-02T18,44.0,593.0,59.7,17.2,14.6,1,1,1,1,1
2026-05-02T19,47.0,461.0,57.725,16.5,14.725,1,1,1,1,1
2026-05-02T20,41.0,340.0,53.125,14.75,13.3,1,1,1,1,1
2026-05-02T21,42.0,296.0,54.475,17.025,9.8,1,1,1,1,1
2026-05-02T22,35.0,163.0,45.525,25.175,8.375,1,1,1,1,1
2026-05-02T23,40.0,114.0,50.55,26.0,8.6,1,1,1,1,1
2026-05-03T00,33.0,66.0,52.375,22.725,8.825,1,1,1,1,1
2026-05-03T01,39.0,84.0,40.05,29.85,9.0,1,1,1,1,1
2026-05-03T02,53.0,114.0,31.5,37.525,7.925,1,1,1,1,1
2026-05-03T03,52.0,110.0,29.275,39.925,8.9,1,1,1,1,1
2026-05-03T04,45.0,118.0,27.6,46.55,9.0,1,1,1,1,1
2026-05-03T05,40.0,155.0,26.725,62.2,8.25,1,1,1,1,1
2026-05-03T06,36.0,113.0,26.975,68.525,8.9,1,1,1,1,1
2026-05-03T07,46.0,144.0,24.6,65.4,10.8,1,1,1,1,1
2026-05-03T08,33.0,124.0,25.575,69.1,11.675,1,1,1,1,1
2026-05-03T09,44.0,182.0,30.7,68.525,11.367,1,1,1,1,1
2026-05-03T10,39.0,177.0,28.875,72.6,11.25,1,1,1,1,1
2026-05-03T11,34.0,122.0,30.8,72.5,10.825,1,1,1,1,1
2026-05-03T12,40.0,117.0,38.2,64.675,10.55,1,1,1,1,1
2026-05-03T13,33.0,143.0,37.0,59.25,10.575,1,1,1,1,1
2026-05-03T14,36.0,145.0,41.8,50.575,10.75,1,1,1,1,1
2026-05-03T15,41.0,140.0,40.1,44.775,10.05,1,1,1,1,1
2026-05-03T16,44.0,130.0,37.75,42.225,10.85,1,1,1,1,1
2026-05-03T17,39.0,112.0,36.85,40.275,11.3,1,1,1,1,1
2026-05-03T18,35.0,204.0,22.1,48.6,11.5,1,1,1,1,1
2026-05-03T19,12.0,177.0,22.6,49.033,11.833,1,1,1,1,1
2026-05-03T20,11.0,40.0,26.475,40.55,10.625,1,1,1,1,1
2026-05-03T21,8.0,30.0,25.325,37.925,11.2,1,1,1,1,1
2026-05-03T22,12.0,23.0,31.025,28.775,10.7,1,1,1,1,1
2026-05-03T23,9.0,18.0,28.2,28.9,12.225,1,1,1,1,1
2026-05-04T00,7.0,24.0,29.8,26.475,11.975,1,1,1,1,1
2026-05-04T01,13.0,34.0,31.525,25.425,12.675,1,1,1,1,1
2026-05-04T02,12.0,30.0,37.975,25.575,12.65,1,1,1,1,1
2026-05-04T03,25.0,50.0,34.35,31.6,11.3,1,1,1,1,1
2026-05-04T04,20.0,57.0,33.025,38.6,10.45,1,1,1,1,1
2026-05-04T05,20.0,58.0,29.15,43.55,10.125,1,1,1,1,1
2026-05-04T06,12.0,48.0,28.55,51.75,10.7,1,1,1,1,1
2026-05-04T07,13.0,47.0,30.1,57.325,10.35,1,1,1,1,1
2026-05-04T08,12.0,51.0,27.525,60.025,10.2,1,1,1,1,1
2026-05-04T09,14.0,53.0,28.35,58.65,8.45,1,1,1,1,1
2026-05-04T10,11.0,47.0,32.65,58.05,8.125,1,1,1,1,1
2026-05-04T11,11.0,53.0,35.25,55.475,9.05,1,1,1,1,1
2026-05-04T12,12.0,46.0,38.375,53.175,9.025,1,1,1,1,1
2026-05-04T13,19.0,61.0,42.867,44.767,8.667,1,1,1,1,1
2026-05-04T14,18.0,53.0,42.0,42.0,9.75,1,1,1,1,1
2026-05-04T15,22.0,58.0,44.025,39.8,11.3,1,1,1,1,1
2026-05-04T16,20.0,69.0,35.475,40.0,13.275,1,1,1,1,1
2026-05-04T17,18.0,53.0,34.8,36.925,14.525,1,1,1,1,1
2026-05-04T18,17.0,46.0,37.0,34.1,14.3,1,1,1,1,1
2026-05-04T19,14.0,34.0,44.8,31.0,14.1,1,1,1,1,1
2026-05-04T20,17.0,53.0,37.725,29.725,13.55,1,1,1,1,1
2026-05-04T21,27.0,61.0,28.95,34.675,11.3,1,1,1,1,1
2026-05-04T22,20.0,47.0,39.95,22.925,8.825,1,1,1,1,1
2026-05-04T23,36.0,73.0,42.675,18.775,10.0,1,1,1,1,1
2026-05-05T00,41.0,88.0,40.5,20.25,10.9,1,1,1,1,1
2026-05-05T01,44.0,89.0,40.975,23.1,11.65,1,1,1,1,1
2026-05-05T02,52.0,97.0,41.925,29.375,13.75,1,1,1,1,1
2026-05-05T03,46.0,90.0,35.05,42.1,13.2,1,1,1,1,1
2026-05-05T04,33.0,70.0,33.425,46.15,10.175,1,1,1,1,1
2026-05-05T05,30.0,67.0,29.75,53.95,8.825,1,1,1,1,1
2026-05-05T06,34.0,92.0,31.833,61.2,7.367,1,1,1,1,1
2026-05-05T07,29.0,79.0,24.275,65.6,8.425,1,1,1,1,1
2026-05-05T08,36.0,73.0,24.15,69.7,6.875,1,1,1,1,1
2026-05-05T09,34.0,74.0,36.225,67.05,8.433,1,1,1,1,1
2026-05-05T10,36.0,84.0,38.95,62.55,11.625,1,1,1,1,1
2026-05-05T11,33.0,84.0,44.2,60.4,14.5,1,1,1,1,1
2026-05-05T12,38.0,106.0,54.6,55.3,14.5,1,1,1,1,1
2026-05-06T06,41.0,101.0,33.3,107.733,9.767,1,1,1,1,1
2026-05-06T07,40.0,107.0,31.025,110.65,10.225,1,1,1,1,1
2026-05-06T08,47.0,110.0,30.525,114.575,10.05,1,1,1,1,1
2026-05-06T09,46.0,103.0,31.125,118.7,13.4,1,1,1,1,1
2026-05-06T10,45.0,107.0,26.725,111.125,13.5,1,1,1,1,1
2026-05-06T11,48.0,116.0,30.2,110.167,15.133,1,1,1,1,1
2026-05-06T12,57.0,127.0,34.975,104.3,13.8,1,1,1,1,1
2026-05-06T13,55.0,140.0,54.067,67.3,14.367,1,1,1,1,1
2026-05-06T14,64.0,183.0,118.8,37.1,14.1,1,1,1,1,1
2026-05-06T20,47.0,107.0,44.2,52.3,8.9,1,1,1,1,1
2026-05-06T21,31.0,89.0,44.2,54.175,14.6,1,1,1,1,1
2026-05-06T22,24.0,66.0,42.05,52.675,14.375,1,1,1,1,1
2026-05-06T23,40.0,84.0,35.425,54.9,12.375,1,1,1,1,1
2026-05-07T00,31.0,64.0,46.35,48.45,13.3,1,1,1,1,1
2026-05-07T01,28.0,78.0,49.3,46.025,12.125,1,1,1,1,1
2026-05-07T02,33.0,106.0,44.725,51.65,12.975,1,1,1,1,1
2026-05-07T03,31.0,124.0,42.55,59.1,10.867,1,1,1,1,1
2026-05-07T04,33.0,123.0,35.6,65.1,9.35,1,1,1,1,1
2026-05-07T05,29.0,122.0,32.2,72.833,9.067,1,1,1,1,1
2026-05-07T06,30.0,95.0,34.4,77.433,9.3,1,1,1,1,1
2026-05-07T07,28.0,111.0,34.167,65.733,9.833,1,1,1,1,1
2026-05-07T08,27.0,105.0,32.8,73.067,11.2,1,1,1,1,1
2026-05-07T09,16.0,96.0,34.4,77.8,10.267,1,1,1,1,1
2026-05-07T10,24.0,81.0,34.933,79.4,10.7,1,1,1,1,1
2026-05-07T11,31.0,80.0,45.35,69.2,9.2,1,1,1,1,1
2026-05-07T12,28.0,73.0,37.7,69.2,9.4,1,1,1,1,1
2026-05-07T19,42.0,86.0,38.025,31.9,6.55,1,1,1,1,1
2026-05-07T20,39.0,88.0,41.425,28.35,7.25,1,1,1,1,1
2026-05-07T21,57.0,89.0,41.7,27.733,6.75,1,1,1,1,1
2026-05-07T22,46.0,78.0,30.833,33.1,7.433,1,1,1,1,1
2026-05-07T23,53.0,97.0,41.65,25.05,7.15,1,1,1,1,1
2026-05-08T00,58.0,112.0,47.9,21.475,7.575,1,1,1,1,1
2026-05-08T01,62.0,113.0,46.975,24.7,8.35,1,1,1,1,1
2026-05-08T02,62.0,111.0,37.225,36.65,8.8,1,1,1,1,1
2026-05-08T03,42.0,103.0,39.775,43.675,10.167,1,1,1,1,1
2026-05-08T04,45.0,124.0,36.633,51.467,13.867,1,1,1,1,1
2026-05-08T05,38.0,110.0,34.1,60.8,13.775,1,1,1,1,1
2026-05-08T06,27.0,100.0,33.35,68.575,14.2,1,1,1,1,1
2026-05-08T07,28.0,123.0,33.85,75.2,15.625,1,1,1,1,1
2026-05-08T08,28.0,88.0,35.125,77.6,15.425,1,1,1,1,1
2026-05-08T09,27.0,91.0,31.7,74.7,13.267,1,1,1,1,1
2026-05-08T10,23.0,111.0,33.875,74.05,13.675,1,1,1,1,1
2026-05-08T11,17.0,84.0,35.05,72.4,14.15,1,1,1,1,1
2026-05-08T12,28.0,73.0,42.25,64.7,14.8,1,1,1,1,1
2026-05-08T13,30.0,107.0,53.25,52.1,13.7,1,1,1,1,1
2026-05-08T14,31.0,106.0,55.45,40.325,11.625,1,1,1,1,1
2026-05-08T15,42.0,119.0,62.9,30.55,8.733,1,1,1,1,1
2026-05-08T16,40.0,124.0,48.9,38.6,5.65,1,1,1,1,1
2026-05-08T17,48.0,130.0,53.925,36.625,4.275,1,1,1,1,1
2026-05-08T18,50.0,121.0,76.6,21.0,3.5,1,1,1,1,1
2026-05-08T19,66.0,134.0,68.225,19.425,5.3,1,1,1,1,1
2026-05-08T20,61.0,150.0,68.85,15.4,6.35,1,1,1,1,1
2026-05-08T21,77.0,172.0,58.275,22.1,7.8,1,1,1,1,1
2026-05-08T22,62.0,140.0,62.6,21.425,8.25,1,1,1,1,1
2026-05-08T23,44.0,112.0,62.95,18.3,8.7,1,1,1,1,1
2026-05-09T00,48.0,108.0,50.05,24.45,9.225,1,1,1,1,1
2026-05-09T01,47.0,111.0,42.75,30.4,9.675,1,1,1,1,1
2026-05-09T02,66.0,141.0,42.25,42.675,9.85,1,1,1,1,1
2026-05-09T03,50.0,112.0,45.433,48.467,6.85,1,1,1,1,1
2026-05-09T04,59.0,145.0,36.15,58.4,8.725,1,1,1,1,1
2026-05-09T05,47.0,114.0,29.0,67.45,10.5,1,1,1,1,1
2026-05-09T06,40.0,105.0,26.125,75.075,11.275,1,1,1,1,1
2026-05-09T07,33.0,80.0,22.45,81.075,12.775,1,1,1,1,1
2026-05-09T08,33.0,79.0,23.225,84.9,11.825,1,1,1,1,1
2026-05-09T09,29.0,92.0,25.175,85.625,7.067,1,1,1,1,1
2026-05-09T10,40.0,94.0,25.35,91.175,8.65,1,1,1,1,1
2026-05-09T11,34.0,94.0,26.35,92.3,7.825,1,1,1,1,1
2026-05-09T12,33.0,96.0,37.075,83.6,10.675,1,1,1,1,1
2026-05-09T13,40.0,105.0,60.2,52.775,16.55,1,1,1,1,1
2026-05-09T14,47.0,156.0,63.5,40.2,14.875,1,1,1,1,1
2026-05-09T15,58.0,164.0,59.8,37.35,7.8,1,1,1,1,1
2026-05-09T16,51.0,175.0,64.125,30.625,8.75,1,1,1,1,1
2026-05-09T17,67.0,189.0,57.9,31.175,6.975,1,1,1,1,1
2026-05-09T18,62.0,155.0,83.3,15.2,7.9,1,1,1,1,1
2026-05-09T19,72.0,193.0,67.475,21.975,7.35,1,1,1,1,1
2026-05-09T20,57.0,179.0,52.325,28.175,6.4,1,1,1,1,1
2026-05-09T21,57.0,128.0,45.05,32.2,7.8,1,1,1,1,1
2026-05-09T22,55.0,113.0,38.6,36.05,8.9,1,1,1,1,1
2026-05-09T23,56.0,114.0,46.525,29.825,9.175,1,1,1,1,1
2026-05-10T00,56.0,121.0,50.05,28.5,9.275,1,1,1,1,1
2026-05-10T01,56.0,147.0,44.15,34.425,8.85,1,1,1,1,1
2026-05-10T02,72.0,146.0,38.525,40.4,8.375,1,1,1,1,1
2026-05-10T03,62.0,143.0,34.625,52.55,10.433,1,1,1,1,1
2026-05-10T04,51.0,114.0,29.35,61.05,12.925,1,1,1,1,1
2026-05-10T05,44.0,116.0,27.725,66.225,15.625,1,1,1,1,1
2026-05-10T06,40.0,108.0,28.55,73.85,15.875,1,1,1,1,1
2026-05-10T07,41.0,112.0,27.5,77.25,15.2,1,1,1,1,1
2026-05-10T08,38.0,130.0,26.875,81.55,14.2,1,1,1,1,1
2026-05-10T09,41.0,123.0,28.175,84.25,15.55,1,1,1,1,1
2026-05-10T10,40.0,121.0,25.65,88.175,15.1,1,1,1,1,1
2026-05-10T11,42.0,116.0,25.1,91.3,14.775,1,1,1,1,1
2026-05-10T12,36.0,112.0,48.325,74.125,11.65,1,1,1,1,1
2026-05-10T13,47.0,132.0,59.8,55.475,17.0,1,1,1,1,1
2026-05-10T14,57.0,189.0,60.5,44.775,18.025,1,1,1,1,1
2026-05-10T15,56.0,175.0,45.525,45.125,14.733,1,1,1,1,1
2026-05-10T16,58.0,156.0,48.6,39.1,11.167,1,1,1,1,1
2026-05-10T17,66.0,157.0,48.65,34.675,11.1,1,1,1,1,1
2026-05-10T18,67.0,172.0,42.4,39.8,10.8,1,1,1,1,1
2026-05-10T19,63.0,135.0,47.325,34.35,11.45,1,1,1,1,1
2026-05-10T20,56.0,127.0,39.375,37.025,10.6,1,1,1,1,1
2026-05-10T21,61.0,135.0,35.45,39.8,9.8,1,1,1,1,1
2026-05-10T22,52.0,123.0,30.925,42.575,8.15,1,1,1,1,1
2026-05-10T23,45.0,99.0,52.0,28.85,8.175,1,1,1,1,1
2026-05-11T00,59.0,121.0,45.25,33.9,8.45,1,1,1,1,1
2026-05-11T01,57.0,119.0,43.05,35.625,8.45,1,1,1,1,1
2026-05-11T02,55.0,145.0,41.4,42.575,8.425,1,1,1,1,1
2026-05-11T03,61.0,160.0,38.55,49.75,10.267,1,1,1,1,1
2026-05-11T04,58.0,141.0,31.6,59.9,11.275,1,1,1,1,1
2026-05-11T05,56.0,127.0,34.85,67.4,13.1,1,1,1,1,1
2026-05-11T06,48.0,139.0,35.733,66.067,14.767,1,1,1,1,1
2026-05-11T07,55.0,119.0,37.525,70.9,13.55,1,1,1,1,1
2026-05-11T08,62.0,146.0,29.375,85.375,11.35,1,1,1,1,1
2026-05-11T12,,,0.0,,,0,0,1,0,0
2026-05-11T13,,,36.775,45.95,34.867,0,0,1,1,1
2026-05-11T14,46.0,151.0,96.15,23.7,234.925,1,1,1,1,1
2026-05-11T15,73.0,227.0,121.45,10.725,264.6,1,1,1,1,1
2026-05-11T16,86.0,300.0,88.525,20.1,271.0,1,1,1,1,1
2026-05-11T17,84.0,256.0,90.225,18.2,271.6,1,1,1,1,1
2026-05-11T18,80.0,261.0,52.0,39.9,,1,1,1,1,0
2026-05-11T19,77.0,169.0,43.125,42.65,31.8,1,1,1,1,1
2026-05-11T20,64.0,144.0,39.925,37.375,13.325,1,1,1,1,1
2026-05-11T21,72.0,164.0,36.775,36.9,12.675,1,1,1,1,1
2026-05-11T22,73.0,145.0,35.45,37.675,15.325,1,1,1,1,1
2026-05-11T23,69.0,145.0,42.0,32.7,13.375,1,1,1,1,1
2026-05-12T00,75.0,155.0,50.45,27.85,13.267,1,1,1,1,1
2026-05-12T01,77.0,189.0,45.925,34.575,13.2,1,1,1,1,1
2026-05-12T02,69.0,186.0,37.95,47.6,13.725,1,1,1,1,1
2026-05-12T03,64.0,183.0,39.4,54.775,13.725,1,1,1,1,1
2026-05-12T04,66.0,212.0,41.55,61.075,12.3,1,1,1,1,1
2026-05-12T05,67.0,210.0,36.25,63.6,11.625,1,1,1,1,1
2026-05-12T06,59.0,224.0,34.85,69.3,11.4,1,1,1,1,1
2026-05-12T07,58.0,255.0,36.667,68.767,11.967,1,1,1,1,1
2026-05-12T08,72.0,285.0,36.025,68.725,11.2,1,1,1,1,1
2026-05-12T09,70.0,219.0,38.433,80.2,13.333,1,1,1,1,1
2026-05-12T10,63.0,206.0,39.0,83.0,12.7,1,1,1,1,1
2026-05-12T13,53.0,160.0,50.7,60.4,12.3,1,1,1,1,1
2026-05-12T14,52.0,167.0,47.625,42.1,11.15,1,1,1,1,1
2026-05-12T15,40.0,135.0,45.133,42.167,12.233,1,1,1,1,1
2026-05-12T16,40.0,117.0,50.4,33.65,10.45,1,1,1,1,1
2026-05-12T17,47.0,155.0,50.65,32.6,9.0,1,1,1,1,1
2026-05-12T19,51.0,107.0,47.1,29.1,10.6,1,1,1,1,1
2026-05-12T20,70.0,145.0,38.567,34.933,10.1,1,1,1,1,1
2026-05-12T21,68.0,143.0,39.375,33.25,10.0,1,1,1,1,1
2026-05-12T22,58.0,112.0,42.633,28.0,10.3,1,1,1,1,1
2026-05-12T23,62.0,116.0,37.25,29.425,8.775,1,1,1,1,1
2026-05-13T00,64.0,127.0,44.5,24.5,7.933,1,1,1,1,1
2026-05-13T01,74.0,144.0,47.1,26.05,7.975,1,1,1,1,1
2026-05-13T02,79.0,169.0,42.767,34.65,8.1,1,1,1,1,1
2026-05-13T03,,,41.025,36.8,17.267,0,0,1,1,1
2026-05-13T04,,,37.9,43.767,23.833,0,0,1,1,1
2026-05-13T05,46.0,201.0,42.925,54.775,29.975,1,1,1,1,1
2026-05-13T06,53.0,163.0,36.933,72.767,32.3,1,1,1,1,1
2026-05-13T07,51.0,132.0,34.5,79.9,,1,1,1,1,0
2026-05-13T08,52.0,152.0,36.5,82.425,16.775,1,1,1,1,1
2026-05-13T09,57.0,136.0,38.325,85.475,20.5,1,1,1,1,1
2026-05-13T10,59.0,160.0,37.425,88.15,18.45,1,1,1,1,1
2026-05-13T11,56.0,155.0,38.65,92.675,14.525,1,1,1,1,1
2026-05-13T12,50.0,160.0,55.375,82.225,15.925,1,1,1,1,1
2026-05-13T13,58.0,172.0,115.275,35.95,16.867,1,1,1,1,1
2026-05-13T14,72.0,234.0,71.25,38.3,17.55,1,1,1,1,1
2026-05-13T15,50.0,797.0,43.1,33.225,14.75,1,1,1,1,1
2026-05-13T16,25.0,103.0,60.075,19.75,16.625,1,1,1,1,1
2026-05-13T17,30.0,143.0,38.15,46.875,14.35,1,1,1,1,1
2026-05-13T19,27.0,81.0,49.3,39.7,13.9,1,1,1,1,1
2026-05-13T20,27.0,56.0,56.475,33.475,13.925,1,1,1,1,1
2026-05-13T21,29.0,77.0,50.325,31.7,15.6,1,1,1,1,1
2026-05-13T22,33.0,78.0,42.675,36.45,17.05,1,1,1,1,1
2026-05-13T23,28.0,78.0,41.05,37.1,15.975,1,1,1,1,1
2026-05-14T00,31.0,73.0,39.6,39.45,15.525,1,1,1,1,1
2026-05-14T01,27.0,74.0,42.625,40.325,11.133,1,1,1,1,1
2026-05-14T02,24.0,91.0,42.525,49.5,10.4,1,1,1,1,1
2026-05-14T03,20.0,99.0,37.775,60.225,10.725,1,1,1,1,1
2026-05-14T04,22.0,91.0,37.825,72.575,11.275,1,1,1,1,1
2026-05-14T05,34.0,157.0,38.45,93.5,12.975,1,1,1,1,1
2026-05-14T06,42.0,195.0,34.4,114.175,15.1,1,1,1,1,1
2026-05-14T07,48.0,201.0,36.35,123.5,17.3,1,1,1,1,1
2026-05-14T08,48.0,216.0,31.075,133.5,18.35,1,1,1,1,1
2026-05-14T09,57.0,206.0,35.325,138.65,15.95,1,1,1,1,1
2026-05-14T10,52.0,196.0,47.725,140.9,13.75,1,1,1,1,1
2026-05-14T11,47.0,193.0,52.25,119.1,13.7,1,1,1,1,1
2026-05-14T12,53.0,248.0,47.45,95.45,17.325,1,1,1,1,1
2026-05-14T13,48.0,216.0,73.175,54.725,18.2,1,1,1,1,1
2026-05-14T14,41.0,210.0,71.65,42.725,16.575,1,1,1,1,1
2026-05-14T15,44.0,196.0,58.5,46.6,9.6,1,1,1,1,1
2026-05-14T16,53.0,200.0,59.025,41.1,4.625,1,1,1,1,1
2026-05-14T17,55.0,215.0,51.133,40.8,5.067,1,1,1,1,1
2026-05-14T18,58.0,389.0,19.8,53.2,10.1,1,1,1,1,1
2026-05-14T19,55.0,340.0,24.575,59.675,10.433,1,1,1,1,1
2026-05-14T20,29.0,125.0,19.375,64.875,8.95,1,1,1,1,1
2026-05-14T21,23.0,382.0,22.85,51.525,9.375,1,1,1,1,1
2026-05-14T22,27.0,160.0,19.275,53.45,9.475,1,1,1,1,1
2026-05-14T23,18.0,69.0,41.575,44.35,9.075,1,1,1,1,1
2026-05-15T00,18.0,66.0,53.375,33.475,11.0,1,1,1,1,1
2026-05-15T01,33.0,96.0,56.9,35.025,11.833,1,1,1,1,1
2026-05-15T02,33.0,122.0,48.567,44.767,11.9,1,1,1,1,1
2026-05-15T03,29.0,136.0,36.475,65.55,13.2,1,1,1,1,1
2026-05-15T04,47.0,149.0,34.067,80.1,15.567,1,1,1,1,1
2026-05-15T05,45.0,138.0,28.85,80.175,14.95,1,1,1,1,1
2026-05-15T06,28.0,112.0,24.975,91.3,13.875,1,1,1,1,1
2026-05-15T07,29.0,105.0,25.525,107.775,12.933,1,1,1,1,1
2026-05-15T08,36.0,124.0,25.75,109.375,18.4,1,1,1,1,1
2026-05-15T09,39.0,128.0,23.95,98.95,14.95,1,1,1,1,1
2026-05-15T10,23.0,117.0,20.575,93.3,12.7,1,1,1,1,1
2026-05-15T11,29.0,119.0,24.825,103.225,13.45,1,1,1,1,1
2026-05-15T12,46.0,162.0,33.6,97.4,14.7,1,1,1,1,1
2026-05-15T13,48.0,169.0,42.475,94.675,17.667,1,1,1,1,1
2026-05-15T14,52.0,155.0,54.775,71.625,19.475,1,1,1,1,1
2026-05-15T15,64.0,161.0,103.3,25.867,18.367,1,1,1,1,1
2026-05-15T16,77.0,216.0,124.525,11.45,19.325,1,1,1,1,1
2026-05-15T17,106.0,262.0,116.7,10.025,19.9,1,1,1,1,1
2026-05-15T19,77.0,210.0,106.0,10.2,14.4,1,1,1,1,1
2026-05-15T20,66.0,179.0,99.075,9.75,12.65,1,1,1,1,1
2026-05-15T21,68.0,196.0,99.225,9.525,12.775,1,1,1,1,1
2026-05-15T22,83.0,210.0,93.025,9.375,14.05,1,1,1,1,1
2026-05-15T23,80.0,186.0,91.625,9.275,15.3,1,1,1,1,1
2026-05-16T00,80.0,178.0,84.55,13.15,16.85,1,1,1,1,1
2026-05-16T01,95.0,194.0,83.25,23.8,17.367,1,1,1,1,1
2026-05-16T02,116.0,226.0,56.5,65.95,23.4,1,1,1,1,1
2026-05-16T03,91.0,213.0,46.025,98.6,25.7,1,1,1,1,1
2026-05-16T04,70.0,172.0,31.35,117.675,20.375,1,1,1,1,1
2026-05-16T05,68.0,156.0,30.175,122.675,21.475,1,1,1,1,1
2026-05-16T06,51.0,140.0,25.7,118.25,16.625,1,1,1,1,1
2026-05-16T07,46.0,123.0,24.675,107.75,16.3,1,1,1,1,1
2026-05-16T08,39.0,100.0,23.125,94.65,16.55,1,1,1,1,1
2026-05-16T09,35.0,105.0,25.275,86.45,16.425,1,1,1,1,1
2026-05-16T10,30.0,122.0,24.625,81.6,13.85,1,1,1,1,1
2026-05-16T11,24.0,101.0,23.1,89.425,17.575,1,1,1,1,1
2026-05-16T12,28.0,112.0,26.35,80.2,15.65,1,1,1,1,1
2026-05-16T13,19.0,134.0,38.0,65.325,11.467,1,1,1,1,1
2026-05-16T14,33.0,164.0,63.725,37.3,11.65,1,1,1,1,1
2026-05-16T15,45.0,172.0,91.85,24.7,13.2,1,1,1,1,1
2026-05-16T16,57.0,204.0,81.575,21.2,13.0,1,1,1,1,1
2026-05-16T17,58.0,194.0,76.85,25.2,15.025,1,1,1,1,1
2026-05-16T18,62.0,217.0,73.9,20.3,13.9,1,1,1,1,1
2026-05-16T19,62.0,195.0,76.55,18.875,11.6,1,1,1,1,1
2026-05-16T20,58.0,197.0,85.125,11.95,10.65,1,1,1,1,1
2026-05-16T21,61.0,185.0,84.925,10.0,12.55,1,1,1,1,1
2026-05-16T22,62.0,179.0,80.75,9.75,13.85,1,1,1,1,1
2026-05-16T23,63.0,189.0,78.45,10.775,16.525,1,1,1,1,1
2026-05-17T00,77.0,195.0,67.7,17.475,17.625,1,1,1,1,1
2026-05-17T01,88.0,224.0,52.925,37.375,22.967,1,1,1,1,1
2026-05-17T02,105.0,250.0,41.55,63.725,24.85,1,1,1,1,1
2026-05-17T03,102.0,250.0,33.05,89.125,23.55,1,1,1,1,1
2026-05-17T04,67.0,190.0,25.725,102.05,20.625,1,1,1,1,1
2026-05-17T05,53.0,166.0,24.225,103.125,18.775,1,1,1,1,1
2026-05-17T06,50.0,178.0,23.425,93.625,14.725,1,1,1,1,1
2026-05-17T07,44.0,199.0,22.125,82.2,16.6,1,1,1,1,1
2026-05-17T08,31.0,206.0,20.3,74.2,14.55,1,1,1,1,1
2026-05-17T09,33.0,224.0,22.75,71.375,13.775,1,1,1,1,1
2026-05-17T10,39.0,238.0,26.7,69.9,12.1,1,1,1,1,1
2026-05-17T11,28.0,235.0,24.225,73.925,14.5,1,1,1,1,1
2026-05-17T12,24.0,182.0,27.25,77.725,15.0,1,1,1,1,1
2026-05-17T13,31.0,171.0,47.25,62.225,13.9,1,1,1,1,1
2026-05-17T14,36.0,189.0,87.225,25.575,11.325,1,1,1,1,1
2026-05-17T15,50.0,213.0,111.15,11.075,10.95,1,1,1,1,1
2026-05-17T16,56.0,251.0,57.275,37.05,13.025,1,1,1,1,1
2026-05-17T17,52.0,238.0,41.1,45.6,12.675,1,1,1,1,1
2026-05-17T18,38.0,205.0,52.0,29.4,11.1,1,1,1,1,1
2026-05-17T19,39.0,167.0,50.75,28.8,13.0,1,1,1,1,1
2026-05-17T20,40.0,150.0,43.8,30.8,15.0,1,1,1,1,1
2026-05-17T21,39.0,147.0,44.225,29.65,18.5,1,1,1,1,1
2026-05-17T22,50.0,167.0,48.05,27.825,19.9,1,1,1,1,1
2026-05-17T23,62.0,183.0,76.675,12.4,27.125,1,1,1,1,1
2026-05-18T00,85.0,274.0,79.225,14.825,30.7,1,1,1,1,1
2026-05-18T01,69.0,256.0,66.45,27.975,24.333,1,1,1,1,1
2026-05-18T02,74.0,249.0,37.15,56.575,22.25,1,1,1,1,1
2026-05-18T03,67.0,240.0,32.975,80.15,20.125,1,1,1,1,1
2026-05-18T04,55.0,240.0,28.55,94.125,17.8,1,1,1,1,1
2026-05-18T05,46.0,208.0,29.85,98.9,16.725,1,1,1,1,1
2026-05-18T06,41.0,177.0,24.5,94.95,19.4,1,1,1,1,1
2026-05-18T07,39.0,155.0,25.875,89.275,17.667,1,1,1,1,1
2026-05-18T08,35.0,177.0,29.6,82.5,10.925,1,1,1,1,1
2026-05-18T09,35.0,189.0,32.025,79.95,7.575,1,1,1,1,1
2026-05-18T10,34.0,175.0,28.6,73.675,3.45,1,1,1,1,1
2026-05-18T11,29.0,200.0,34.525,68.975,0.6,1,1,1,1,1
2026-05-18T12,34.0,226.0,47.425,57.675,,1,1,1,1,0
2026-05-18T13,33.0,226.0,70.525,42.75,12.4,1,1,1,1,1
2026-05-18T14,33.0,243.0,101.825,16.5,19.65,1,1,1,1,1
2026-05-18T15,48.0,280.0,78.7,18.725,23.55,1,1,1,1,1
2026-05-18T16,51.0,328.0,62.3,23.775,25.55,1,1,1,1,1
2026-05-18T17,48.0,294.0,46.625,29.625,27.225,1,1,1,1,1
2026-05-18T18,46.0,207.0,71.5,10.3,30.1,1,1,1,1,1
2026-05-18T19,45.0,228.0,71.675,9.6,19.167,1,1,1,1,1
2026-05-18T20,50.0,263.0,71.125,8.725,20.525,1,1,1,1,1
2026-05-18T21,56.0,293.0,73.05,9.175,18.35,1,1,1,1,1
2026-05-18T22,52.0,311.0,74.275,9.225,16.675,1,1,1,1,1
2026-05-18T23,55.0,266.0,73.225,9.275,22.325,1,1,1,1,1
2026-05-19T00,52.0,280.0,64.45,11.25,21.05,1,1,1,1,1
2026-05-19T01,52.0,278.0,68.15,14.475,29.967,1,1,1,1,1
2026-05-19T02,63.0,318.0,44.975,37.125,32.325,1,1,1,1,1
2026-05-19T03,53.0,295.0,31.1,52.3,27.1,1,1,1,1,1
2026-05-19T05,44.0,387.0,20.6,71.7,7.85,1,1,1,1,1
2026-05-19T06,42.0,307.0,25.575,72.1,5.75,1,1,1,1,1
2026-05-19T07,40.0,223.0,30.5,70.45,5.9,1,1,1,1,1
2026-05-19T08,30.0,150.0,30.7,71.3,6.467,1,1,1,1,1
2026-05-19T09,24.0,116.0,34.875,74.1,6.775,1,1,1,1,1
2026-05-19T10,25.0,140.0,35.967,74.233,4.567,1,1,1,1,1
2026-05-19T12,,,,61.233,,0,0,0,1,0
2026-05-19T13,33.0,156.0,0.0,36.4,,1,1,1,1,0
2026-05-19T14,30.0,237.0,99.367,15.667,27.7,1,1,1,1,1
2026-05-19T15,44.0,221.0,104.075,10.925,49.2,1,1,1,1,1
2026-05-19T16,53.0,251.0,94.725,10.475,53.725,1,1,1,1,1
2026-05-19T17,62.0,266.0,93.3,9.975,58.575,1,1,1,1,1
2026-05-19T18,64.0,249.0,77.2,9.2,43.8,1,1,1,1,1
2026-05-19T19,57.0,251.0,87.825,9.2,24.167,1,1,1,1,1
2026-05-19T20,44.0,197.0,88.725,8.85,21.625,1,1,1,1,1
2026-05-19T21,35.0,143.0,77.05,11.2,23.7,1,1,1,1,1
2026-05-19T22,30.0,143.0,62.25,19.175,26.85,1,1,1,1,1
2026-05-19T23,35.0,130.0,48.4,23.433,25.5,1,1,1,1,1
2026-05-20T00,27.0,119.0,57.975,20.8,23.5,1,1,1,1,1
2026-05-20T01,29.0,144.0,47.4,26.3,14.667,1,1,1,1,1
2026-05-20T02,33.0,155.0,32.575,40.85,11.525,1,1,1,1,1
2026-05-20T03,36.0,182.0,30.35,54.3,12.575,1,1,1,1,1
2026-05-20T04,55.0,237.0,22.8,52.6,11.85,1,1,1,1,1
2026-05-20T05,36.0,234.0,24.1,49.1,11.0,1,1,1,1,1
2026-05-20T06,27.0,173.0,16.667,65.733,9.9,1,1,1,1,1
2026-05-20T07,24.0,127.0,19.95,73.075,10.867,1,1,1,1,1
2026-05-20T08,28.0,130.0,21.45,73.325,10.775,1,1,1,1,1
2026-05-20T09,25.0,114.0,24.7,71.9,9.725,1,1,1,1,1
2026-05-20T10,23.0,122.0,23.425,69.55,10.15,1,1,1,1,1
2026-05-20T11,25.0,127.0,27.9,67.425,8.475,1,1,1,1,1
2026-05-20T12,23.0,124.0,56.925,51.65,6.85,1,1,1,1,1
2026-05-20T13,35.0,213.0,101.75,23.55,9.033,1,1,1,1,1
2026-05-20T14,41.0,283.0,107.65,11.925,10.75,1,1,1,1,1
2026-05-20T15,53.0,273.0,103.675,8.475,14.45,1,1,1,1,1
2026-05-20T16,52.0,240.0,75.525,14.975,15.6,1,1,1,1,1
2026-05-20T17,45.0,204.0,65.325,18.825,14.625,1,1,1,1,1
2026-05-20T18,35.0,227.0,83.2,9.5,15.0,1,1,1,1,1
2026-05-20T19,36.0,219.0,74.85,10.575,9.4,1,1,1,1,1
2026-05-20T20,29.0,179.0,56.85,18.85,5.325,1,1,1,1,1
2026-05-20T21,25.0,164.0,51.9,21.525,4.65,1,1,1,1,1
2026-05-20T22,31.0,157.0,52.6,18.6,3.567,1,1,1,1,1
2026-05-20T23,30.0,147.0,55.8,16.325,5.25,1,1,1,1,1
2026-05-21T00,29.0,166.0,44.95,20.1,7.15,1,1,1,1,1
2026-05-21T01,39.0,326.0,36.125,23.075,8.333,1,1,1,1,1
2026-05-21T02,40.0,396.0,33.975,29.125,7.875,1,1,1,1,1
2026-05-21T03,41.0,428.0,21.225,41.775,6.0,1,1,1,1,1
2026-05-21T04,51.0,627.0,19.1,46.075,5.9,1,1,1,1,1
2026-05-21T05,50.0,550.0,18.725,50.85,4.375,1,1,1,1,1
2026-05-21T06,45.0,466.0,17.1,54.15,3.25,1,1,1,1,1
2026-05-21T07,,,17.55,55.075,14.85,0,0,1,1,1
2026-05-21T08,41.0,364.0,18.967,58.1,17.6,1,1,1,1,1
2026-05-21T09,38.0,324.0,15.95,61.075,18.75,1,1,1,1,1
2026-05-21T10,38.0,259.0,21.35,59.825,21.5,1,1,1,1,1
2026-05-21T11,35.0,274.0,27.95,54.45,21.375,1,1,1,1,1
2026-05-21T12,33.0,261.0,45.7,41.8,22.5,1,1,1,1,1
2026-05-21T13,41.0,293.0,80.925,19.6,13.4,1,1,1,1,1
2026-05-21T14,46.0,361.0,88.6,12.675,13.025,1,1,1,1,1
2026-05-21T15,50.0,320.0,73.475,14.45,17.575,1,1,1,1,1
2026-05-21T16,46.0,280.0,69.475,14.725,16.8,1,1,1,1,1
2026-05-21T17,46.0,255.0,68.25,16.225,15.025,1,1,1,1,1
2026-05-21T18,33.0,188.0,76.1,10.4,13.9,1,1,1,1,1
2026-05-21T19,29.0,177.0,57.05,20.3,11.767,1,1,1,1,1
2026-05-21T20,33.0,151.0,52.3,23.95,9.975,1,1,1,1,1
2026-05-21T21,23.0,121.0,41.5,25.25,9.325,1,1,1,1,1
2026-05-21T22,27.0,108.0,38.967,26.7,8.267,1,1,1,1,1
2026-05-21T23,25.0,105.0,48.4,19.2,10.025,1,1,1,1,1
2026-05-22T00,34.0,158.0,49.475,21.225,11.825,1,1,1,1,1
2026-05-22T01,38.0,185.0,51.525,22.8,13.767,1,1,1,1,1
2026-05-22T02,41.0,233.0,46.6,31.275,15.95,1,1,1,1,1
2026-05-22T03,42.0,254.0,48.575,44.8,15.3,1,1,1,1,1
2026-05-22T04,47.0,248.0,56.6,52.1,15.5,1,1,1,1,1
2026-05-22T06,48.0,256.0,26.333,88.2,16.7,1,1,1,1,1
2026-05-22T07,48.0,268.0,20.875,85.25,16.5,1,1,1,1,1
2026-05-22T08,40.0,205.0,20.233,78.833,11.867,1,1,1,1,1
2026-05-22T09,29.0,178.0,22.375,80.225,12.1,1,1,1,1,1
2026-05-22T10,39.0,234.0,22.675,79.075,13.1,1,1,1,1,1
2026-05-22T11,44.0,302.0,25.725,78.1,12.075,1,1,1,1,1
2026-05-22T12,44.0,241.0,47.025,65.65,12.5,1,1,1,1,1
2026-05-22T13,62.0,288.0,58.9,59.475,16.933,1,1,1,1,1
2026-05-22T14,56.0,283.0,59.55,50.45,14.75,1,1,1,1,1
2026-05-22T15,44.0,230.0,46.625,47.475,13.65,1,1,1,1,1
2026-05-22T16,41.0,186.0,44.25,39.525,13.525,1,1,1,1,1
2026-05-22T17,50.0,191.0,46.5,35.675,13.15,1,1,1,1,1
2026-05-22T19,39.0,163.0,73.6,14.7,8.9,1,1,1,1,1
2026-05-22T20,38.0,160.0,64.025,17.3,9.25,1,1,1,1,1
2026-05-22T21,36.0,145.0,57.0,18.267,10.667,1,1,1,1,1
2026-05-22T22,44.0,138.0,70.175,12.05,14.775,1,1,1,1,1
2026-05-22T23,67.0,205.0,83.175,9.775,47.025,1,1,1,1,1
2026-05-23T00,85.0,261.0,64.875,19.1,33.35,1,1,1,1,1
2026-05-23T01,58.0,230.0,49.9,33.15,23.8,1,1,1,1,1
2026-05-23T02,67.0,238.0,45.75,46.975,24.825,1,1,1,1,1
2026-05-23T03,373.0,744.0,40.675,50.9,9.375,1,1,1,1,1
2026-05-23T04,146.0,215.0,40.125,56.25,8.575,1,1,1,1,1
2026-05-23T05,59.0,128.0,27.225,71.225,8.425,1,1,1,1,1
2026-05-23T06,80.0,173.0,27.775,83.275,12.3,1,1,1,1,1
2026-05-23T07,59.0,186.0,22.225,92.167,18.8,1,1,1,1,1
2026-05-23T08,56.0,194.0,19.4,76.85,14.45,1,1,1,1,1
2026-05-23T09,48.0,193.0,21.467,71.375,10.0,1,1,1,1,1
2026-05-23T10,66.0,506.0,17.275,71.75,10.525,1,1,1,1,1
2026-05-23T11,74.0,335.0,15.8,65.45,9.825,1,1,1,1,1
2026-05-23T12,68.0,248.0,38.2,52.45,11.867,1,1,1,1,1
2026-05-23T13,59.0,354.0,46.85,34.4,12.825,1,1,1,1,1
2026-05-23T14,59.0,307.0,69.933,17.633,14.2,1,1,1,1,1
2026-05-24T05,59.0,307.0,0.0,1.9,0.0,1,1,1,1,1
2026-05-24T06,,,5.15,63.633,5.1,0,0,1,1,1
2026-05-24T07,,,9.833,51.85,14.333,0,0,1,1,1
2026-05-24T08,,,16.8,67.65,18.5,0,0,1,1,1
2026-05-24T09,31.0,140.0,16.7,70.225,16.65,1,1,1,1,1
2026-05-24T10,34.0,139.0,18.95,25.8,,1,1,1,1,0
2026-05-24T11,,,18.85,67.05,24.9,0,0,1,1,1
2026-05-24T12,,,12.675,58.2,38.0,0,0,1,1,1
2026-05-24T13,35.0,135.0,101.133,13.467,41.6,1,1,1,1,1
2026-05-24T14,53.0,223.0,109.575,4.8,26.4,1,1,1,1,1
2026-05-24T15,63.0,313.0,116.175,3.35,22.0,1,1,1,1,1
2026-05-24T16,80.0,326.0,106.425,3.525,26.35,1,1,1,1,1
2026-05-24T17,79.0,290.0,82.225,8.55,29.025,1,1,1,1,1
2026-05-24T18,67.0,257.0,84.7,4.2,29.4,1,1,1,1,1
2026-05-24T19,56.0,240.0,47.925,11.75,25.725,1,1,1,1,1
2026-05-24T20,44.0,346.0,22.225,21.4,16.9,1,1,1,1,1
2026-05-24T21,47.0,346.0,30.05,19.15,12.8,1,1,1,1,1
2026-05-24T22,42.0,283.0,32.225,14.7,12.95,1,1,1,1,1
2026-05-24T23,47.0,262.0,24.325,13.85,18.225,1,1,1,1,1
2026-05-25T00,48.0,252.0,27.15,13.0,23.125,1,1,1,1,1
2026-05-25T01,50.0,283.0,30.2,12.7,21.625,1,1,1,1,1
2026-05-25T02,57.0,320.0,26.85,17.075,17.733,1,1,1,1,1
2026-05-25T03,62.0,338.0,22.575,19.225,15.25,1,1,1,1,1
2026-05-25T04,94.0,426.0,13.433,28.1,10.9,1,1,1,1,1
2026-05-25T05,62.0,454.0,9.8,33.65,10.55,1,1,1,1,1
2026-05-25T07,70.0,425.0,13.025,50.15,13.975,1,1,1,1,1
2026-05-25T08,68.0,410.0,14.225,48.2,13.7,1,1,1,1,1
2026-05-25T09,69.0,416.0,18.2,48.767,13.467,1,1,1,1,1
2026-05-25T10,68.0,393.0,16.625,48.9,11.85,1,1,1,1,1
2026-05-25T11,68.0,367.0,19.333,47.167,11.367,1,1,1,1,1
2026-05-25T12,63.0,373.0,31.8,37.0,11.075,1,1,1,1,1
2026-05-25T13,67.0,403.0,46.425,28.5,11.575,1,1,1,1,1
2026-05-25T14,74.0,495.0,62.325,16.2,11.333,1,1,1,1,1
2026-05-25T15,78.0,385.0,88.8,4.025,13.325,1,1,1,1,1
2026-05-25T16,80.0,376.0,84.775,3.6,16.55,1,1,1,1,1
2026-05-25T17,95.0,444.0,69.4,8.9,24.825,1,1,1,1,1
2026-05-25T18,103.0,396.0,66.3,10.7,18.7,1,1,1,1,1
2026-05-25T19,110.0,405.0,61.825,8.375,17.175,1,1,1,1,1
2026-05-25T20,103.0,364.0,56.075,9.325,12.533,1,1,1,1,1
2026-05-25T21,86.0,305.0,49.75,13.9,13.275,1,1,1,1,1
2026-05-25T22,83.0,272.0,56.575,7.775,14.475,1,1,1,1,1
2026-05-25T23,83.0,230.0,56.7,4.625,12.225,1,1,1,1,1
2026-05-26T00,88.0,230.0,54.875,7.85,12.25,1,1,1,1,1
2026-05-26T01,90.0,252.0,38.125,25.125,14.925,1,1,1,1,1
2026-05-26T02,102.0,280.0,45.675,40.175,21.833,1,1,1,1,1
2026-05-26T03,103.0,338.0,43.167,52.233,31.333,1,1,1,1,1
2026-05-26T05,44.0,194.0,17.533,84.5,23.2,1,1,1,1,1
2026-05-26T06,36.0,190.0,16.925,79.575,16.575,1,1,1,1,1
2026-05-26T07,28.0,122.0,15.9,77.125,14.8,1,1,1,1,1
2026-05-26T08,27.0,175.0,13.9,79.025,13.133,1,1,1,1,1
2026-05-26T09,33.0,153.0,15.8,77.4,12.1,1,1,1,1,1
2026-05-26T10,34.0,175.0,15.4,161.65,9.85,1,1,1,1,1
2026-05-26T11,23.0,133.0,,81.1,,1,1,0,1,0
2026-05-27T07,,,0.0,1.6,0.0,0,0,1,1,1
2026-05-27T12,31.0,190.0,46.5,69.575,16.867,1,1,1,1,1
2026-05-27T13,31.0,178.0,91.75,36.325,15.9,1,1,1,1,1
2026-05-27T14,56.0,245.0,136.55,5.325,19.275,1,1,1,1,1
2026-05-27T15,56.0,246.0,132.775,2.225,23.775,1,1,1,1,1
2026-05-27T16,64.0,263.0,123.85,2.15,29.825,1,1,1,1,1
2026-05-27T17,75.0,262.0,115.275,2.625,33.725,1,1,1,1,1
2026-05-27T18,94.0,337.0,146.9,2.7,21.7,1,1,1,1,1
2026-05-27T19,108.0,371.0,125.65,10.3,23.275,1,1,1,1,1
2026-05-27T20,95.0,288.0,53.975,45.525,17.45,1,1,1,1,1
2026-05-27T21,83.0,207.0,55.7,45.067,12.933,1,1,1,1,1
2026-05-27T22,79.0,208.0,49.833,46.033,1.2,1,1,1,1,1
2026-05-27T23,70.0,195.0,51.725,36.725,0.3,1,1,1,1,1
2026-05-28T00,81.0,213.0,36.65,36.55,24.933,1,1,1,1,1
2026-05-28T01,81.0,238.0,36.075,30.675,25.875,1,1,1,1,1
2026-05-28T02,78.0,228.0,37.025,32.775,26.775,1,1,1,1,1
2026-05-28T03,74.0,219.0,30.725,40.125,26.45,1,1,1,1,1
2026-05-28T04,70.0,226.0,44.325,48.125,28.35,1,1,1,1,1
2026-05-28T05,66.0,239.0,58.475,56.375,34.475,1,1,1,1,1
2026-05-28T06,63.0,218.0,54.475,70.75,20.833,1,1,1,1,1
2026-05-28T07,63.0,219.0,52.7,78.4,14.625,1,1,1,1,1
2026-05-28T08,56.0,215.0,60.95,83.125,13.9,1,1,1,1,1
2026-05-28T09,61.0,219.0,63.025,84.35,14.375,1,1,1,1,1
2026-05-28T10,58.0,207.0,54.15,83.75,12.3,1,1,1,1,1
2026-05-28T11,45.0,207.0,32.233,79.0,10.7,1,1,1,1,1
2026-05-28T12,45.0,191.0,35.7,75.1,,1,1,1,1,0
2026-05-28T13,68.0,259.0,30.825,47.45,11.8,1,1,1,1,1
2026-05-28T14,33.0,101.0,27.55,46.05,9.65,1,1,1,1,1
2026-05-28T17,19.0,66.0,30.15,38.4,11.975,1,1,1,1,1
2026-05-28T18,12.0,51.0,25.4,38.4,8.9,1,1,1,1,1
2026-05-28T19,7.0,36.0,31.175,31.625,8.45,1,1,1,1,1
2026-05-28T20,13.0,39.0,30.85,27.65,11.05,1,1,1,1,1
2026-05-28T21,31.0,191.0,17.467,38.467,12.567,1,1,1,1,1
2026-05-28T22,33.0,190.0,20.275,35.475,12.2,1,1,1,1,1
2026-05-28T23,19.0,94.0,28.125,30.125,12.075,1,1,1,1,1
2026-05-29T00,23.0,92.0,20.275,31.875,8.867,1,1,1,1,1
2026-05-29T01,30.0,134.0,23.15,29.85,8.425,1,1,1,1,1
2026-05-29T02,24.0,124.0,22.425,30.025,9.7,1,1,1,1,1
2026-05-29T03,31.0,112.0,21.775,33.25,7.575,1,1,1,1,1
2026-05-29T04,36.0,112.0,26.55,37.075,7.5,1,1,1,1,1
2026-05-29T05,27.0,116.0,25.8,43.425,9.475,1,1,1,1,1
2026-05-29T06,29.0,117.0,22.9,49.7,,1,1,1,1,0
2026-05-29T07,42.0,119.0,28.933,58.8,7.967,1,1,1,1,1
2026-05-29T08,24.0,88.0,25.025,64.375,7.3,1,1,1,1,1
2026-05-29T10,29.0,97.0,34.125,65.75,9.675,1,1,1,1,1
2026-05-29T11,23.0,103.0,38.525,60.7,10.15,1,1,1,1,1
2026-05-29T12,27.0,108.0,38.975,56.025,8.4,1,1,1,1,1
2026-05-29T13,18.0,118.0,32.225,56.875,8.05,1,1,1,1,1
2026-05-29T14,9.0,62.0,46.25,42.075,8.275,1,1,1,1,1
2026-05-29T15,16.0,80.0,35.0,48.7,9.0,1,1,1,1,1
2026-05-29T16,13.0,48.0,43.25,41.575,11.45,1,1,1,1,1
2026-05-29T17,14.0,67.0,40.25,35.225,11.25,1,1,1,1,1
2026-05-29T18,11.0,64.0,35.7,33.8,8.5,1,1,1,1,1
2026-05-29T19,16.0,61.0,26.6,39.0,7.175,1,1,1,1,1
2026-05-29T20,11.0,46.0,23.35,33.75,5.95,1,1,1,1,1
2026-05-29T21,13.0,34.0,19.967,30.467,4.133,1,1,1,1,1
2026-05-29T22,11.0,45.0,21.225,26.025,5.125,1,1,1,1,1
2026-05-29T23,16.0,39.0,25.4,21.45,6.275,1,1,1,1,1
2026-05-30T00,17.0,42.0,25.475,17.925,9.133,1,1,1,1,1
2026-05-30T01,17.0,61.0,23.325,20.2,9.1,1,1,1,1,1
2026-05-30T02,23.0,51.0,19.65,23.525,9.675,1,1,1,1,1
2026-05-30T03,19.0,61.0,20.95,30.975,10.725,1,1,1,1,1
2026-05-30T04,23.0,68.0,19.075,41.125,12.475,1,1,1,1,1
2026-05-30T05,25.0,72.0,26.025,48.575,13.45,1,1,1,1,1
2026-05-30T06,18.0,79.0,24.825,54.925,13.433,1,1,1,1,1
2026-05-30T07,24.0,70.0,22.15,63.225,9.975,1,1,1,1,1
2026-05-30T08,25.0,57.0,19.9,70.0,10.767,1,1,1,1,1
2026-05-30T09,24.0,79.0,22.75,80.2,13.875,1,1,1,1,1
2026-05-30T10,29.0,81.0,19.425,60.1,14.45,1,1,1,1,1
2026-05-30T11,34.0,288.0,23.975,31.15,10.875,1,1,1,1,1
2026-05-30T12,12.0,67.0,44.05,21.325,11.0,1,1,1,1,1
2026-05-30T13,24.0,124.0,52.325,17.575,13.475,1,1,1,1,1
2026-05-30T14,33.0,132.0,63.05,13.525,13.975,1,1,1,1,1
2026-05-30T15,41.0,146.0,61.475,10.65,14.425,1,1,1,1,1
2026-05-30T16,46.0,147.0,29.95,18.45,12.525,1,1,1,1,1
2026-05-30T17,31.0,84.0,26.275,21.275,10.8,1,1,1,1,1
2026-05-30T18,25.0,78.0,27.9,24.6,8.8,1,1,1,1,1
2026-05-30T19,13.0,48.0,28.675,23.65,7.325,1,1,1,1,1
2026-05-30T20,13.0,30.0,25.95,23.875,6.325,1,1,1,1,1
2026-05-30T21,17.0,45.0,22.6,22.933,5.267,1,1,1,1,1
2026-05-30T22,18.0,46.0,25.225,19.4,5.325,1,1,1,1,1
2026-05-30T23,16.0,56.0,27.25,15.3,5.525,1,1,1,1,1
2026-05-31T00,19.0,50.0,24.975,15.35,3.9,1,1,1,1,1
2026-05-31T01,25.0,55.0,23.1,18.35,4.325,1,1,1,1,1
2026-05-31T02,17.0,35.0,21.975,25.375,5.15,1,1,1,1,1
2026-05-31T03,18.0,53.0,22.25,30.15,6.075,1,1,1,1,1
2026-05-31T04,28.0,73.0,20.225,34.875,7.275,1,1,1,1,1
2026-05-31T05,28.0,75.0,20.15,38.525,8.775,1,1,1,1,1
2026-05-31T06,31.0,72.0,18.1,40.9,8.467,1,1,1,1,1
2026-05-31T07,23.0,72.0,20.9,43.15,6.45,1,1,1,1,1
2026-05-31T08,30.0,69.0,16.375,46.275,5.125,1,1,1,1,1
2026-05-31T09,27.0,69.0,17.25,47.825,5.25,1,1,1,1,1
2026-05-31T10,30.0,94.0,20.975,44.65,5.125,1,1,1,1,1
2026-05-31T11,20.0,101.0,34.275,48.725,7.8,1,1,1,1,1
2026-05-31T12,23.0,86.0,37.8,46.4,8.1,1,1,1,1,1
2026-05-31T13,22.0,80.0,30.25,41.4,9.0,1,1,1,1,1
2026-05-31T14,17.0,69.0,41.775,34.5,7.05,1,1,1,1,1
2026-05-31T15,19.0,77.0,40.05,31.6,4.1,1,1,1,1,1
2026-05-31T16,22.0,68.0,47.225,25.425,4.125,1,1,1,1,1
2026-05-31T17,20.0,61.0,37.875,26.2,4.625,1,1,1,1,1
2026-05-31T18,16.0,57.0,39.9,17.0,7.3,1,1,1,1,1
2026-05-31T19,25.0,78.0,32.975,17.525,7.825,1,1,1,1,1
2026-05-31T20,24.0,79.0,40.4,11.225,7.675,1,1,1,1,1
2026-05-31T21,23.0,85.0,30.675,12.975,6.55,1,1,1,1,1
2026-05-31T22,28.0,85.0,24.875,13.525,6.075,1,1,1,1,1
2026-05-31T23,58.0,122.0,24.45,14.025,5.9,1,1,1,1,1
2026-06-01T00,45.0,95.0,24.35,18.15,6.733,1,1,1,1,1
2026-06-01T01,41.0,79.0,22.625,23.525,7.55,1,1,1,1,1
2026-06-01T02,30.0,62.0,28.825,28.0,8.6,1,1,1,1,1
2026-06-01T03,36.0,94.0,33.25,33.475,8.425,1,1,1,1,1
2026-06-01T04,27.0,69.0,25.45,38.3,7.075,1,1,1,1,1
2026-06-01T05,39.0,74.0,22.6,40.7,9.175,1,1,1,1,1
2026-06-01T06,22.0,69.0,22.475,43.95,10.5,1,1,1,1,1
2026-06-01T07,24.0,59.0,21.025,45.575,11.525,1,1,1,1,1
2026-06-01T08,25.0,61.0,24.675,47.55,11.725,1,1,1,1,1
2026-06-01T09,25.0,57.0,25.95,62.1,12.9,1,1,1,1,1
2026-06-01T10,29.0,68.0,57.467,65.333,11.8,1,1,1,1,1
2026-06-01T11,20.0,64.0,29.55,68.175,10.375,1,1,1,1,1
2026-06-01T12,29.0,83.0,34.075,63.025,6.667,1,1,1,1,1
2026-06-01T13,25.0,78.0,45.225,51.775,6.25,1,1,1,1,1
2026-06-01T14,35.0,92.0,49.25,43.65,7.45,1,1,1,1,1
2026-06-01T15,36.0,112.0,49.25,36.275,10.1,1,1,1,1,1
2026-06-01T16,48.0,116.0,46.575,34.9,14.3,1,1,1,1,1
2026-06-01T17,50.0,125.0,60.55,23.95,14.15,1,1,1,1,1
2026-06-01T18,48.0,147.0,49.0,19.3,10.5,1,1,1,1,1
2026-06-01T19,41.0,116.0,42.775,21.3,11.075,1,1,1,1,1
2026-06-01T20,25.0,77.0,30.8,23.95,10.15,1,1,1,1,1
2026-06-01T21,47.0,108.0,31.45,28.65,9.475,1,1,1,1,1
2026-06-01T22,33.0,85.0,18.625,28.775,9.05,1,1,1,1,1
2026-06-01T23,40.0,77.0,28.767,20.0,7.367,1,1,1,1,1
2026-06-02T00,44.0,72.0,21.275,26.575,6.667,1,1,1,1,1
2026-06-02T01,34.0,90.0,18.975,30.1,7.9,1,1,1,1,1
2026-06-02T02,45.0,92.0,24.467,31.133,8.4,1,1,1,1,1
2026-06-02T03,51.0,122.0,17.125,38.55,9.825,1,1,1,1,1
2026-06-02T04,33.0,95.0,19.125,45.275,10.625,1,1,1,1,1
2026-06-02T05,41.0,102.0,18.933,49.467,8.867,1,1,1,1,1
2026-06-02T06,30.0,90.0,28.575,45.175,7.967,1,1,1,1,1
2026-06-02T07,29.0,91.0,20.475,48.4,8.125,1,1,1,1,1
2026-06-02T08,27.0,74.0,38.65,56.0,8.35,1,1,1,1,1
2026-06-02T09,30.0,94.0,27.325,62.075,7.725,1,1,1,1,1
2026-06-02T10,29.0,91.0,25.4,68.4,6.3,1,1,1,1,1
2026-06-02T11,27.0,85.0,31.4,64.6,7.3,1,1,1,1,1
2026-06-02T12,22.0,74.0,27.575,62.125,7.767,1,1,1,1,1
2026-06-02T13,30.0,89.0,36.125,60.05,9.075,1,1,1,1,1
2026-06-02T14,30.0,95.0,50.35,49.825,9.375,1,1,1,1,1
2026-06-02T15,36.0,106.0,66.1,26.875,10.825,1,1,1,1,1
2026-06-02T16,47.0,157.0,51.775,25.7,11.4,1,1,1,1,1
2026-06-02T17,47.0,149.0,57.275,18.3,12.95,1,1,1,1,1
2026-06-02T18,35.0,147.0,71.9,9.6,11.1,1,1,1,1,1
2026-06-02T19,46.0,166.0,56.325,14.15,12.6,1,1,1,1,1
2026-06-02T20,46.0,136.0,51.7,11.625,14.275,1,1,1,1,1
2026-06-02T21,73.0,161.0,49.375,8.85,14.5,1,1,1,1,1
2026-06-02T22,55.0,161.0,43.925,7.55,15.525,1,1,1,1,1
2026-06-02T23,53.0,164.0,39.375,10.725,13.6,1,1,1,1,1
2026-06-03T00,77.0,151.0,32.825,16.725,11.067,1,1,1,1,1
2026-06-03T01,58.0,118.0,26.675,29.45,9.875,1,1,1,1,1
2026-06-03T02,44.0,105.0,24.45,38.275,7.625,1,1,1,1,1
2026-06-03T03,44.0,132.0,28.2,43.325,5.05,1,1,1,1,1
2026-06-03T04,44.0,122.0,29.7,45.95,5.667,1,1,1,1,1
2026-06-03T05,45.0,118.0,36.3,46.367,117.9,1,1,1,1,1
2026-06-03T06,36.0,110.0,70.625,75.25,10.167,1,1,1,1,1
2026-06-03T07,40.0,124.0,41.975,83.075,10.25,1,1,1,1,1
2026-06-03T08,48.0,132.0,27.567,95.233,11.9,1,1,1,1,1
2026-06-03T09,57.0,163.0,37.433,106.667,13.733,1,1,1,1,1
2026-06-03T10,62.0,180.0,47.5,119.6,12.1,1,1,1,1,1
2026-06-03T11,67.0,182.0,38.15,113.2,7.95,1,1,1,1,1
2026-06-03T12,57.0,157.0,39.9,90.45,14.933,1,1,1,1,1
2026-06-03T13,40.0,132.0,74.625,57.6,18.025,1,1,1,1,1
2026-06-03T14,57.0,224.0,105.375,36.725,21.45,1,1,1,1,1
2026-06-03T15,68.0,240.0,81.6,36.8,21.133,1,1,1,1,1
2026-06-03T16,52.0,180.0,90.15,26.0,22.825,1,1,1,1,1
2026-06-03T17,61.0,215.0,93.1,18.25,24.55,1,1,1,1,1
2026-06-03T18,56.0,201.0,88.6,15.5,16.6,1,1,1,1,1
2026-06-03T19,51.0,185.0,62.15,23.2,14.075,1,1,1,1,1
2026-06-03T20,59.0,180.0,45.675,31.425,15.275,1,1,1,1,1
2026-06-03T21,55.0,155.0,40.0,35.5,15.925,1,1,1,1,1
2026-06-03T22,42.0,116.0,38.367,38.967,14.433,1,1,1,1,1
2026-06-03T23,41.0,107.0,47.325,28.975,14.125,1,1,1,1,1
2026-06-04T00,42.0,106.0,48.067,25.167,10.1,1,1,1,1,1
2026-06-04T01,48.0,125.0,44.275,23.525,10.475,1,1,1,1,1
2026-06-04T02,41.0,123.0,39.65,35.575,9.65,1,1,1,1,1
2026-06-04T03,46.0,151.0,34.5,46.925,7.0,1,1,1,1,1
2026-06-04T04,47.0,166.0,39.3,61.65,6.725,1,1,1,1,1
2026-06-04T05,62.0,206.0,39.05,76.8,7.55,1,1,1,1,1
2026-06-04T06,80.0,230.0,35.1,82.167,11.6,1,1,1,1,1
2026-06-04T07,61.0,191.0,33.075,82.675,12.225,1,1,1,1,1
2026-06-04T08,48.0,171.0,33.667,76.3,11.533,1,1,1,1,1
2026-06-04T09,45.0,316.0,39.325,50.125,11.625,1,1,1,1,1
2026-06-04T10,8.0,31.0,46.4,45.033,12.467,1,1,1,1,1
2026-06-04T11,16.0,62.0,57.9,27.867,12.867,1,1,1,1,1
2026-06-04T12,18.0,72.0,83.725,21.05,11.9,1,1,1,1,1
2026-06-04T13,25.0,112.0,63.275,29.425,12.275,1,1,1,1,1
2026-06-04T14,35.0,364.0,34.5,35.8,12.3,1,1,1,1,1
2026-06-04T15,19.0,238.0,32.125,32.4,13.075,1,1,1,1,1
2026-06-04T16,11.0,157.0,70.675,16.025,11.65,1,1,1,1,1
2026-06-04T17,11.0,146.0,60.625,17.125,12.925,1,1,1,1,1
2026-06-04T19,38.0,324.0,36.1,31.8,11.7,1,1,1,1,1
2026-06-04T20,34.0,179.0,57.167,20.8,12.733,1,1,1,1,1
2026-06-04T21,35.0,210.0,39.825,23.075,14.3,1,1,1,1,1
2026-06-04T22,38.0,243.0,28.925,25.8,12.0,1,1,1,1,1
2026-06-04T23,33.0,164.0,29.6,24.975,9.25,1,1,1,1,1
2026-06-05T00,19.0,88.0,30.125,24.625,9.833,1,1,1,1,1
2026-06-05T01,12.0,77.0,29.9,23.675,11.125,1,1,1,1,1
2026-06-05T02,23.0,56.0,26.275,24.1,10.8,1,1,1,1,1
2026-06-05T03,16.0,63.0,32.175,26.275,10.575,1,1,1,1,1
2026-06-05T04,19.0,81.0,29.675,31.65,11.325,1,1,1,1,1
2026-06-05T05,28.0,94.0,30.575,39.375,12.95,1,1,1,1,1
2026-06-05T06,40.0,123.0,36.55,52.075,11.667,1,1,1,1,1
2026-06-05T07,51.0,156.0,32.1,59.3,11.75,1,1,1,1,1
2026-06-05T08,40.0,134.0,27.075,64.25,10.425,1,1,1,1,1
2026-06-05T09,55.0,140.0,26.6,69.175,10.0,1,1,1,1,1
2026-06-05T10,50.0,123.0,21.525,72.1,10.025,1,1,1,1,1
2026-06-05T11,42.0,105.0,25.125,75.55,10.8,1,1,1,1,1
2026-06-05T12,44.0,114.0,31.875,75.2,13.067,1,1,1,1,1
2026-06-05T13,58.0,130.0,58.0,55.15,13.925,1,1,1,1,1
2026-06-05T14,55.0,151.0,103.15,27.3,15.875,1,1,1,1,1
2026-06-05T15,77.0,212.0,131.75,12.825,18.075,1,1,1,1,1
2026-06-05T16,81.0,269.0,124.525,10.825,21.15,1,1,1,1,1
2026-06-05T17,80.0,257.0,111.425,9.45,22.967,1,1,1,1,1
2026-06-05T19,97.0,261.0,70.6,9.5,10.7,1,1,1,1,1
2026-06-05T20,92.0,227.0,68.925,8.8,11.85,1,1,1,1,1
2026-06-05T21,83.0,213.0,67.4,7.925,12.975,1,1,1,1,1
2026-06-05T22,86.0,222.0,67.725,7.925,11.625,1,1,1,1,1
2026-06-05T23,91.0,228.0,60.35,7.575,13.225,1,1,1,1,1
2026-06-06T00,110.0,263.0,59.125,10.075,11.2,1,1,1,1,1
2026-06-06T01,112.0,245.0,52.525,17.85,10.7,1,1,1,1,1
2026-06-06T02,68.0,196.0,48.325,27.475,8.15,1,1,1,1,1
2026-06-06T03,58.0,171.0,46.75,40.5,6.275,1,1,1,1,1
2026-06-06T04,44.0,174.0,32.575,42.575,4.45,1,1,1,1,1
2026-06-06T05,33.0,173.0,28.15,36.6,2.25,1,1,1,1,1
2026-06-06T06,27.0,199.0,35.025,40.15,8.467,1,1,1,1,1
2026-06-06T07,35.0,201.0,126.125,61.125,10.95,1,1,1,1,1
2026-06-06T08,29.0,199.0,26.15,76.175,10.025,1,1,1,1,1
2026-06-06T09,45.0,204.0,21.6,77.825,10.05,1,1,1,1,1
2026-06-06T10,40.0,197.0,27.425,83.925,9.525,1,1,1,1,1
2026-06-06T11,40.0,201.0,37.8,86.675,10.4,1,1,1,1,1
2026-06-06T12,40.0,213.0,48.175,49.825,9.467,1,1,1,1,1
2026-06-06T13,29.0,450.0,75.125,31.525,9.6,1,1,1,1,1
2026-06-06T14,34.0,250.0,74.25,24.575,10.225,1,1,1,1,1
2026-06-06T15,33.0,250.0,56.25,29.625,12.125,1,1,1,1,1
2026-06-06T16,25.0,158.0,44.075,33.3,12.95,1,1,1,1,1
2026-06-06T17,18.0,117.0,43.95,28.525,11.3,1,1,1,1,1
2026-06-06T19,33.0,130.0,68.8,15.6,16.0,1,1,1,1,1
2026-06-06T20,28.0,113.0,65.425,14.875,16.65,1,1,1,1,1
2026-06-06T21,27.0,123.0,54.325,15.275,16.575,1,1,1,1,1
2026-06-06T22,20.0,77.0,60.075,15.575,15.825,1,1,1,1,1
2026-06-06T23,18.0,92.0,70.9,11.3,15.3,1,1,1,1,1
2026-06-07T00,16.0,94.0,46.6,18.25,11.2,1,1,1,1,1
2026-06-07T01,16.0,67.0,29.567,25.633,10.0,1,1,1,1,1
2026-06-07T02,14.0,78.0,25.45,31.85,10.65,1,1,1,1,1
2026-06-07T03,20.0,84.0,25.85,42.125,9.2,1,1,1,1,1
2026-06-07T04,34.0,146.0,28.125,53.925,8.025,1,1,1,1,1
2026-06-07T05,44.0,169.0,21.05,58.125,9.525,1,1,1,1,1
2026-06-07T06,29.0,197.0,19.325,61.475,10.933,1,1,1,1,1
2026-06-07T07,33.0,234.0,20.875,72.925,11.025,1,1,1,1,1
2026-06-07T08,40.0,246.0,22.225,68.775,11.475,1,1,1,1,1
2026-06-07T09,36.0,248.0,29.775,60.95,7.75,1,1,1,1,1
2026-06-07T10,33.0,255.0,28.25,54.05,2.8,1,1,1,1,1
2026-06-07T11,40.0,221.0,43.45,41.4,,1,1,1,1,0
2026-06-07T12,40.0,221.0,6.25,15.0,0.0,1,1,1,1,1
2026-06-07T13,,,85.45,28.675,36.975,0,0,1,1,1
2026-06-07T14,40.0,454.0,41.975,40.675,61.475,1,1,1,1,1
2026-06-07T15,20.0,124.0,49.225,32.725,70.775,1,1,1,1,1
2026-06-07T16,25.0,130.0,51.55,32.075,77.55,1,1,1,1,1
2026-06-07T17,16.0,112.0,39.075,33.95,81.033,1,1,1,1,1
2026-06-07T19,25.0,144.0,44.9,30.0,14.6,1,1,1,1,1
2026-06-07T20,28.0,323.0,48.2,28.6,16.75,1,1,1,1,1
2026-06-07T21,19.0,216.0,57.4,24.475,17.4,1,1,1,1,1
2026-06-07T22,23.0,116.0,52.15,24.925,18.6,1,1,1,1,1
2026-06-07T23,23.0,107.0,42.275,25.45,19.825,1,1,1,1,1
2026-06-08T00,23.0,124.0,56.125,19.425,14.867,1,1,1,1,1
2026-06-08T01,22.0,134.0,48.25,21.525,15.125,1,1,1,1,1
2026-06-08T02,23.0,123.0,41.025,24.625,14.25,1,1,1,1,1
2026-06-08T03,29.0,116.0,34.475,27.9,16.25,1,1,1,1,1
2026-06-08T04,28.0,136.0,23.375,39.875,16.825,1,1,1,1,1
2026-06-08T05,31.0,164.0,19.775,46.6,14.975,1,1,1,1,1
2026-06-08T06,39.0,183.0,21.75,60.667,10.4,1,1,1,1,1
2026-06-08T07,38.0,216.0,12.6,65.85,38.9,1,1,1,1,1
2026-06-08T08,35.0,222.0,11.167,68.667,9.167,1,1,1,1,1
2026-06-08T09,33.0,227.0,20.025,72.85,10.925,1,1,1,1,1
2026-06-08T10,33.0,197.0,18.525,78.525,11.65,1,1,1,1,1
2026-06-08T11,29.0,182.0,21.625,80.775,11.05,1,1,1,1,1
2026-06-08T12,24.0,138.0,34.575,77.4,13.133,1,1,1,1,1
2026-06-08T13,30.0,167.0,67.2,48.6,16.275,1,1,1,1,1
2026-06-08T14,38.0,221.0,111.375,13.3,16.95,1,1,1,1,1
2026-06-08T15,47.0,201.0,127.067,5.167,21.967,1,1,1,1,1
2026-06-08T16,58.0,269.0,94.65,13.525,24.2,1,1,1,1,1
2026-06-08T17,39.0,249.0,80.275,14.5,22.3,1,1,1,1,1
2026-06-08T19,41.0,227.0,83.1,12.3,15.2,1,1,1,1,1
2026-06-08T20,35.0,194.0,72.95,10.625,16.75,1,1,1,1,1
2026-06-08T21,38.0,174.0,76.4,8.65,17.95,1,1,1,1,1
2026-06-08T22,35.0,152.0,77.7,8.2,17.75,1,1,1,1,1
2026-06-08T23,34.0,152.0,69.725,7.425,18.025,1,1,1,1,1
2026-06-09T00,39.0,167.0,49.7,15.975,13.133,1,1,1,1,1
2026-06-09T01,40.0,182.0,35.7,17.925,10.3,1,1,1,1,1
2026-06-09T02,29.0,173.0,33.925,19.625,8.0,1,1,1,1,1
2026-06-09T03,33.0,180.0,30.3,26.25,8.975,1,1,1,1,1
2026-06-09T04,38.0,174.0,23.7,38.95,9.45,1,1,1,1,1
2026-06-09T05,34.0,183.0,22.875,62.65,7.1,1,1,1,1,1
2026-06-09T06,36.0,168.0,21.95,91.975,16.233,1,1,1,1,1
2026-06-09T07,38.0,179.0,21.325,96.25,20.6,1,1,1,1,1
2026-06-09T08,36.0,196.0,19.725,99.15,20.075,1,1,1,1,1
2026-06-09T09,42.0,183.0,19.1,100.75,20.05,1,1,1,1,1
2026-06-09T10,35.0,201.0,22.333,101.3,20.4,1,1,1,1,1
2026-06-09T11,38.0,182.0,34.45,72.075,17.025,1,1,1,1,1
2026-06-09T12,42.0,542.0,44.5,44.875,15.233,1,1,1,1,1
2026-06-09T13,40.0,876.0,34.125,60.925,14.55,1,1,1,1,1
2026-06-09T14,48.0,1064.0,42.825,58.675,14.525,1,1,1,1,1
2026-06-09T15,13.0,111.0,52.05,46.0,15.1,1,1,1,1,1
2026-06-09T16,13.0,117.0,48.35,41.375,16.3,1,1,1,1,1
2026-06-09T17,19.0,113.0,18.125,62.45,15.15,1,1,1,1,1
2026-06-09T18,34.0,359.0,36.9,44.5,17.4,1,1,1,1,1
2026-06-09T19,20.0,79.0,48.8,26.825,17.15,1,1,1,1,1
2026-06-09T20,11.0,44.0,47.975,19.075,18.775,1,1,1,1,1
2026-06-09T21,12.0,80.0,62.675,11.275,20.325,1,1,1,1,1
2026-06-09T22,19.0,88.0,54.9,9.375,21.075,1,1,1,1,1
2026-06-09T23,24.0,106.0,41.025,7.275,22.1,1,1,1,1,1
2026-06-10T00,25.0,141.0,44.8,7.55,16.8,1,1,1,1,1
2026-06-10T01,30.0,130.0,42.325,9.925,16.55,1,1,1,1,1
2026-06-10T02,40.0,129.0,33.175,15.825,16.325,1,1,1,1,1
2026-06-10T03,30.0,191.0,31.175,17.475,13.725,1,1,1,1,1
2026-06-10T04,36.0,190.0,42.3,18.1,12.7,1,1,1,1,1
2026-06-10T08,36.0,223.0,41.8,42.167,13.5,1,1,1,1,1
2026-06-10T09,33.0,223.0,24.15,50.975,11.575,1,1,1,1,1
2026-06-10T10,34.0,204.0,22.5,57.275,12.35,1,1,1,1,1
2026-06-10T11,29.0,204.0,24.6,62.2,11.8,1,1,1,1,1
2026-06-10T12,36.0,229.0,36.0,59.45,12.9,1,1,1,1,1
2026-06-10T13,30.0,240.0,92.933,23.967,15.7,1,1,1,1,1
2026-06-10T14,33.0,279.0,120.4,14.075,17.125,1,1,1,1,1
2026-06-10T15,55.0,322.0,73.725,24.25,20.175,1,1,1,1,1
2026-06-10T16,55.0,272.0,66.375,14.65,20.6,1,1,1,1,1
2026-06-10T17,52.0,241.0,73.8,12.35,20.525,1,1,1,1,1
2026-06-10T18,55.0,245.0,70.6,7.3,15.5,1,1,1,1,1
2026-06-10T19,48.0,202.0,69.2,5.05,15.45,1,1,1,1,1
2026-06-10T20,31.0,173.0,57.4,8.975,14.1,1,1,1,1,1
2026-06-10T21,19.0,143.0,55.45,9.05,13.85,1,1,1,1,1
2026-06-10T22,22.0,121.0,45.425,13.825,14.225,1,1,1,1,1
2026-06-10T23,20.0,91.0,43.525,15.2,14.375,1,1,1,1,1
2026-06-11T00,23.0,100.0,34.675,18.625,14.667,1,1,1,1,1
2026-06-11T01,27.0,106.0,31.675,22.55,14.575,1,1,1,1,1
2026-06-11T02,31.0,103.0,35.4,23.5,14.5,1,1,1,1,1
2026-06-11T03,25.0,141.0,25.6,32.7,14.6,1,1,1,1,1
2026-06-11T04,39.0,197.0,28.233,32.7,14.233,1,1,1,1,1
2026-06-11T05,33.0,130.0,30.075,38.075,13.875,1,1,1,1,1
2026-06-11T06,35.0,99.0,30.8,41.867,14.15,1,1,1,1,1
2026-06-11T07,35.0,102.0,31.45,48.275,15.15,1,1,1,1,1
2026-06-11T08,25.0,111.0,30.625,55.2,16.3,1,1,1,1,1
2026-06-11T09,29.0,106.0,30.1,56.275,16.25,1,1,1,1,1
2026-06-11T10,24.0,110.0,34.55,58.175,14.1,1,1,1,1,1
2026-06-11T11,23.0,114.0,36.85,57.775,13.875,1,1,1,1,1
2026-06-11T12,27.0,110.0,38.5,48.75,12.033,1,1,1,1,1
2026-06-11T13,31.0,110.0,34.625,45.4,11.25,1,1,1,1,1
2026-06-11T14,29.0,117.0,37.6,46.35,12.25,1,1,1,1,1
2026-06-11T15,40.0,114.0,37.225,44.575,12.65,1,1,1,1,1
2026-06-11T16,33.0,97.0,32.95,42.125,12.925,1,1,1,1,1
2026-06-11T17,35.0,111.0,24.475,37.6,12.575,1,1,1,1,1
2026-06-11T18,35.0,78.0,18.0,24.8,13.5,1,1,1,1,1
2026-06-11T19,35.0,12.0,18.5,26.525,12.375,1,1,1,1,1
2026-06-11T20,35.0,20.0,16.25,28.6,12.2,1,1,1,1,1
2026-06-11T21,35.0,22.0,16.55,28.35,13.1,1,1,1,1,1
2026-06-11T22,35.0,18.0,19.225,27.875,12.55,1,1,1,1,1
2026-06-11T23,35.0,33.0,22.025,27.625,12.55,1,1,1,1,1
2026-06-12T00,35.0,53.0,23.325,28.1,14.867,1,1,1,1,1
2026-06-12T01,35.0,28.0,19.7,29.8,15.25,1,1,1,1,1
2026-06-12T02,35.0,28.0,23.35,29.8,15.95,1,1,1,1,1
2026-06-12T03,35.0,58.0,23.95,32.05,16.575,1,1,1,1,1
2026-06-12T04,35.0,55.0,25.95,30.0,16.0,1,1,1,1,1
2026-06-12T05,,59.0,26.2,20.0,13.85,0,1,1,1,1
2026-06-12T06,23.0,51.0,23.633,33.2,12.45,1,1,1,1,1
2026-06-12T07,18.0,68.0,,33.8,,1,1,0,1,0
2026-06-12T08,19.0,63.0,42.0,36.5,6.925,1,1,1,1,1
2026-06-12T09,24.0,63.0,33.425,39.85,10.325,1,1,1,1,1
2026-06-12T10,27.0,79.0,17.35,45.025,9.3,1,1,1,1,1
2026-06-12T11,27.0,77.0,21.85,38.825,9.75,1,1,1,1,1
2026-06-12T12,27.0,77.0,25.15,35.025,13.833,1,1,1,1,1
2026-06-12T13,34.0,95.0,31.1,30.25,16.425,1,1,1,1,1
2026-06-12T14,33.0,91.0,30.025,26.3,17.225,1,1,1,1,1
2026-06-12T15,30.0,99.0,31.35,22.975,17.175,1,1,1,1,1
2026-06-12T16,35.0,80.0,30.625,17.375,17.4,1,1,1,1,1
2026-06-12T17,39.0,92.0,31.4,8.475,18.625,1,1,1,1,1
2026-06-12T18,47.0,271.0,7.8,24.6,15.0,1,1,1,1,1
2026-06-12T19,13.0,40.0,23.55,17.6,13.65,1,1,1,1,1
2026-06-12T20,8.0,13.0,30.625,8.25,13.8,1,1,1,1,1
2026-06-12T21,8.0,20.0,18.0,9.45,13.675,1,1,1,1,1
2026-06-12T22,18.0,45.0,9.1,16.575,13.9,1,1,1,1,1
2026-06-12T23,19.0,129.0,15.05,19.675,14.75,1,1,1,1,1
2026-06-13T00,18.0,81.0,33.3,10.85,14.067,1,1,1,1,1
2026-06-13T01,18.0,73.0,34.525,11.3,14.075,1,1,1,1,1
2026-06-13T02,17.0,58.0,27.125,15.95,15.5,1,1,1,1,1
2026-06-13T03,23.0,80.0,28.775,19.35,14.25,1,1,1,1,1
2026-06-13T04,39.0,106.0,33.35,28.3,14.425,1,1,1,1,1
2026-06-13T05,39.0,106.0,38.975,28.875,14.875,1,1,1,1,1
2026-06-13T06,52.0,124.0,23.225,44.525,14.033,1,1,1,1,1
2026-06-13T07,41.0,101.0,13.7,63.85,13.9,1,1,1,1,1
2026-06-13T08,36.0,95.0,19.625,81.775,13.45,1,1,1,1,1
2026-06-13T09,38.0,116.0,21.45,88.45,14.0,1,1,1,1,1
2026-06-13T10,45.0,114.0,19.4,114.1,13.675,1,1,1,1,1
2026-06-13T11,53.0,149.0,23.275,113.525,12.45,1,1,1,1,1
2026-06-13T12,59.0,162.0,30.875,91.125,11.067,1,1,1,1,1
2026-06-13T13,52.0,156.0,34.775,66.225,14.925,1,1,1,1,1
2026-06-13T14,40.0,132.0,42.525,41.85,14.025,1,1,1,1,1
2026-06-13T15,46.0,141.0,81.725,15.125,17.425,1,1,1,1,1
2026-06-13T16,55.0,191.0,96.675,5.925,17.475,1,1,1,1,1
2026-06-13T17,59.0,193.0,100.2,2.75,20.15,1,1,1,1,1
2026-06-13T18,61.0,218.0,102.1,5.9,13.2,1,1,1,1,1
2026-06-13T19,73.0,226.0,91.75,8.5,10.275,1,1,1,1,1
2026-06-13T20,99.0,279.0,74.175,5.025,11.3,1,1,1,1,1
2026-06-13T21,73.0,180.0,67.033,1.75,12.567,1,1,1,1,1
2026-06-13T22,59.0,189.0,61.9,0.1,13.425,1,1,1,1,1
2026-06-13T23,52.0,174.0,59.0,1.725,13.725,1,1,1,1,1
2026-06-14T00,56.0,171.0,60.525,3.55,14.3,1,1,1,1,1
2026-06-14T01,48.0,136.0,43.2,11.367,14.05,1,1,1,1,1
2026-06-14T02,48.0,106.0,24.025,25.45,11.8,1,1,1,1,1
2026-06-14T03,45.0,108.0,22.85,36.025,10.925,1,1,1,1,1
2026-06-14T04,41.0,132.0,18.5,51.8,8.325,1,1,1,1,1
2026-06-14T05,42.0,129.0,12.0,59.275,7.725,1,1,1,1,1
2026-06-14T06,36.0,139.0,12.375,62.95,9.7,1,1,1,1,1
2026-06-14T07,40.0,167.0,10.825,67.6,10.85,1,1,1,1,1
2026-06-14T08,35.0,171.0,10.4,64.575,12.45,1,1,1,1,1
2026-06-14T09,33.0,188.0,8.15,59.325,13.425,1,1,1,1,1
2026-06-14T10,30.0,196.0,10.625,72.0,10.8,1,1,1,1,1
2026-06-14T11,39.0,186.0,11.2,75.1,9.925,1,1,1,1,1
2026-06-14T12,35.0,205.0,14.525,75.15,11.667,1,1,1,1,1
2026-06-14T13,39.0,218.0,20.8,62.55,12.65,1,1,1,1,1
2026-06-14T14,42.0,178.0,46.525,40.375,14.2,1,1,1,1,1
2026-06-14T15,50.0,190.0,87.2,16.025,14.1,1,1,1,1,1
2026-06-14T16,50.0,213.0,69.475,26.05,15.675,1,1,1,1,1
2026-06-14T17,69.0,218.0,34.4,25.1,15.075,1,1,1,1,1
2026-06-14T19,27.0,124.0,27.7,23.2,15.7,1,1,1,1,1
2026-06-14T20,14.0,100.0,26.3,22.2,16.7,1,1,1,1,1
2026-06-14T21,17.0,81.0,21.55,24.75,15.05,1,1,1,1,1
2026-06-14T22,16.0,85.0,30.05,18.575,15.375,1,1,1,1,1
2026-06-14T23,16.0,90.0,33.925,15.9,16.45,1,1,1,1,1
2026-06-15T00,19.0,92.0,24.75,17.85,15.1,1,1,1,1,1
2026-06-15T01,14.0,88.0,17.025,22.275,14.35,1,1,1,1,1
2026-06-15T02,25.0,190.0,11.5,29.8,13.25,1,1,1,1,1
2026-06-15T03,29.0,229.0,17.65,27.075,14.9,1,1,1,1,1
2026-06-15T04,28.0,151.0,18.95,27.45,16.675,1,1,1,1,1
2026-06-15T05,30.0,132.0,14.4,52.775,15.15,1,1,1,1,1
2026-06-15T06,27.0,132.0,8.35,49.45,14.6,1,1,1,1,1
2026-06-15T07,34.0,263.0,7.2,43.867,12.4,1,1,1,1,1
2026-06-15T08,30.0,276.0,5.675,42.675,11.6,1,1,1,1,1
2026-06-15T09,30.0,636.0,10.95,42.125,10.575,1,1,1,1,1
2026-06-15T10,16.0,149.0,11.65,43.7,8.25,1,1,1,1,1
2026-06-15T11,7.0,96.0,23.85,37.025,9.9,1,1,1,1,1
2026-06-15T12,11.0,94.0,28.5,34.2,,1,1,1,1,0
2026-06-15T16,39.0,122.0,75.9,4.35,23.25,1,1,1,1,1
2026-06-15T17,36.0,130.0,76.15,3.9,24.575,1,1,1,1,1
2026-06-15T19,45.0,174.0,67.5,5.5,14.6,1,1,1,1,1
2026-06-15T20,42.0,193.0,66.45,3.775,13.65,1,1,1,1,1
2026-06-15T21,44.0,161.0,58.15,6.25,17.275,1,1,1,1,1
2026-06-15T22,41.0,171.0,53.867,3.833,18.633,1,1,1,1,1
2026-06-15T23,40.0,156.0,56.8,3.2,18.775,1,1,1,1,1
2026-06-16T00,35.0,125.0,55.55,5.35,11.133,1,1,1,1,1
2026-06-16T01,44.0,160.0,82.9,4.35,9.5,1,1,1,1,1
2026-06-16T02,68.0,199.0,50.85,17.225,10.425,1,1,1,1,1
2026-06-16T03,92.0,199.0,24.225,26.3,7.05,1,1,1,1,1
2026-06-16T04,30.0,132.0,17.175,22.375,4.925,1,1,1,1,1
2026-06-16T05,14.0,59.0,27.675,20.55,3.775,1,1,1,1,1
2026-06-16T06,17.0,56.0,18.5,27.475,6.833,1,1,1,1,1
2026-06-16T07,22.0,81.0,33.05,34.675,6.9,1,1,1,1,1
2026-06-16T08,29.0,81.0,34.9,37.633,4.667,1,1,1,1,1
2026-06-16T09,28.0,79.0,22.833,54.7,2.533,1,1,1,1,1
2026-06-16T12,25.0,75.0,27.8,41.4,11.6,1,1,1,1,1
2026-06-16T13,22.0,79.0,34.5,34.55,12.625,1,1,1,1,1
2026-06-16T14,30.0,88.0,36.5,28.6,12.175,1,1,1,1,1
2026-06-16T15,20.0,69.0,24.725,26.475,12.55,1,1,1,1,1
2026-06-16T16,20.0,70.0,25.125,22.05,14.7,1,1,1,1,1
2026-06-16T17,17.0,81.0,33.075,20.425,14.275,1,1,1,1,1
2026-06-17T04,19.0,84.0,0.0,,0.0,1,1,1,0,1
2026-06-17T06,19.0,84.0,0.0,22.2,0.0,1,1,1,1,1
2026-06-17T07,,,13.367,64.95,18.467,0,0,1,1,1
2026-06-17T08,,,14.675,80.525,31.3,0,0,1,1,1
2026-06-17T09,23.0,116.0,15.275,89.225,34.725,1,1,1,1,1
2026-06-17T10,29.0,122.0,10.1,92.025,19.4,1,1,1,1,1
2026-06-17T11,29.0,118.0,15.933,79.467,16.233,1,1,1,1,1
2026-06-17T12,24.0,123.0,24.1,60.5,15.55,1,1,1,1,1
2026-06-17T13,24.0,134.0,37.25,43.55,12.85,1,1,1,1,1
2026-06-17T14,23.0,162.0,51.625,22.775,15.375,1,1,1,1,1
2026-06-17T15,35.0,173.0,74.575,10.25,18.7,1,1,1,1,1
2026-06-17T16,46.0,178.0,77.525,8.0,19.4,1,1,1,1,1
2026-06-17T17,45.0,186.0,73.075,5.95,19.75,1,1,1,1,1
2026-06-17T18,45.0,196.0,81.1,6.2,22.1,1,1,1,1,1
2026-06-17T19,51.0,206.0,80.65,4.95,22.525,1,1,1,1,1
2026-06-17T20,48.0,235.0,75.025,6.275,22.367,1,1,1,1,1
2026-06-17T21,83.0,237.0,57.3,13.375,23.567,1,1,1,1,1
2026-06-17T22,77.0,221.0,51.025,10.875,24.333,1,1,1,1,1
2026-06-17T23,85.0,202.0,49.15,6.625,23.425,1,1,1,1,1
2026-06-18T00,62.0,156.0,53.7,3.2,24.175,1,1,1,1,1
2026-06-18T01,86.0,222.0,49.975,9.925,26.775,1,1,1,1,1
2026-06-18T02,75.0,206.0,25.725,26.3,26.65,1,1,1,1,1
2026-06-18T03,64.0,235.0,21.575,34.05,24.725,1,1,1,1,1
2026-06-18T04,47.0,199.0,9.075,43.775,20.267,1,1,1,1,1
2026-06-18T05,33.0,160.0,12.2,55.05,17.175,1,1,1,1,1
2026-06-18T06,33.0,160.0,8.0,58.433,17.133,1,1,1,1,1
2026-06-18T07,33.0,171.0,9.433,65.0,16.933,1,1,1,1,1
2026-06-18T08,41.0,175.0,8.15,67.325,16.075,1,1,1,1,1
2026-06-18T09,39.0,167.0,6.767,64.867,14.467,1,1,1,1,1
2026-06-18T10,40.0,163.0,8.233,67.167,12.45,1,1,1,1,1
2026-06-18T11,28.0,149.0,10.8,49.6,11.5,1,1,1,1,1
2026-06-18T13,22.0,157.0,11.7,35.7,16.7,1,1,1,1,1
2026-06-18T14,19.0,139.0,16.633,35.567,14.133,1,1,1,1,1
2026-06-18T15,22.0,91.0,33.25,24.55,13.775,1,1,1,1,1
2026-06-18T16,17.0,108.0,38.275,21.05,14.4,1,1,1,1,1
2026-06-18T17,20.0,92.0,33.025,19.575,15.0,1,1,1,1,1
2026-06-18T19,16.0,84.0,39.0,17.8,16.5,1,1,1,1,1
2026-06-18T20,20.0,85.0,28.325,19.125,17.95,1,1,1,1,1
2026-06-18T21,20.0,86.0,21.775,21.475,19.4,1,1,1,1,1
2026-06-18T22,42.0,83.0,11.55,29.1,20.3,1,1,1,1,1
2026-06-18T23,24.0,101.0,13.35,25.1,21.425,1,1,1,1,1
2026-06-19T00,38.0,138.0,21.5,20.15,23.125,1,1,1,1,1
2026-06-19T01,31.0,124.0,17.8,21.7,23.125,1,1,1,1,1
2026-06-19T02,24.0,188.0,12.9,28.925,17.55,1,1,1,1,1
2026-06-19T03,25.0,244.0,15.575,34.3,15.125,1,1,1,1,1
2026-06-19T04,29.0,239.0,19.1,44.0,20.3,1,1,1,1,1
2026-06-19T05,33.0,249.0,18.5,58.3,20.55,1,1,1,1,1
2026-06-19T06,38.0,238.0,13.633,70.333,18.267,1,1,1,1,1
2026-06-19T07,38.0,204.0,10.35,69.625,16.4,1,1,1,1,1
2026-06-19T08,35.0,207.0,8.25,61.0,17.0,1,1,1,1,1
2026-06-19T09,35.0,182.0,6.675,57.325,18.275,1,1,1,1,1
2026-06-19T10,29.0,151.0,6.2,50.0,,1,1,1,1,0
2026-06-19T12,24.0,127.0,12.525,52.15,11.05,1,1,1,1,1
2026-06-19T13,27.0,119.0,17.175,46.375,10.125,1,1,1,1,1
2026-06-19T14,25.0,138.0,19.433,42.233,9.833,1,1,1,1,1
2026-06-19T15,25.0,121.0,20.275,35.75,11.125,1,1,1,1,1
2026-06-19T16,29.0,118.0,25.1,29.825,19.0,1,1,1,1,1
2026-06-19T17,31.0,138.0,35.775,23.325,25.0,1,1,1,1,1
2026-06-19T19,55.0,150.0,25.8,30.4,28.4,1,1,1,1,1
2026-06-19T20,35.0,116.25,17.9,31.075,30.475,1,1,1,1,1
2026-06-19T21,30.0,119.25,19.075,25.525,34.15,1,1,1,1,1
2026-06-19T22,38.0,125.0,25.933,19.8,25.5,1,1,1,1,1
2026-06-19T23,39.0,125.0,25.175,19.725,21.775,1,1,1,1,1
2026-06-20T00,40.0,131.0,28.325,18.225,21.625,1,1,1,1,1
2026-06-20T01,44.0,138.25,32.9,26.25,21.225,1,1,1,1,1
2026-06-20T02,46.0,152.0,18.85,48.475,22.825,1,1,1,1,1
2026-06-20T03,46.0,144.0,12.625,62.225,22.7,1,1,1,1,1
2026-06-20T04,53.0,164.0,11.375,62.0,21.933,1,1,1,1,1
2026-06-20T05,46.0,151.0,17.05,58.075,23.375,1,1,1,1,1
2026-06-20T06,33.0,153.0,56.85,56.425,22.375,1,1,1,1,1
2026-06-20T07,31.0,163.5,53.9,52.125,20.975,1,1,1,1,1
2026-06-20T08,35.0,160.0,60.55,49.5,19.475,1,1,1,1,1
2026-06-20T09,25.0,161.75,63.45,43.675,17.875,1,1,1,1,1
2026-06-20T10,33.0,157.0,62.6,44.3,19.6,1,1,1,1,1
2026-06-20T11,22.0,139.75,11.025,45.8,16.725,1,1,1,1,1
2026-06-20T12,31.0,157.0,16.675,43.75,18.8,1,1,1,1,1
2026-06-20T13,34.0,188.75,29.675,35.025,19.15,1,1,1,1,1
2026-06-20T14,41.0,199.25,57.05,19.5,19.025,1,1,1,1,1
2026-06-20T15,44.0,216.5,83.525,7.225,21.575,1,1,1,1,1
2026-06-20T16,50.0,222.0,81.225,4.575,28.467,1,1,1,1,1
2026-06-20T17,57.0,229.5,67.7,6.0,27.8,1,1,1,1,1
2026-06-20T18,58.0,255.0,76.4,4.7,26.4,1,1,1,1,1
2026-06-20T19,56.0,,43.0,12.35,25.325,1,0,1,1,1
2026-06-20T20,29.0,125.0,35.8,11.4,22.875,1,1,1,1,1
2026-06-20T21,27.0,136.0,33.925,10.35,24.325,1,1,1,1,1
2026-06-20T22,36.0,139.0,29.5,13.9,24.367,1,1,1,1,1
2026-06-20T23,24.0,150.0,8.8,32.2,18.65,1,1,1,1,1
2026-06-21T00,16.0,69.0,29.475,28.125,17.25,1,1,1,1,1
2026-06-21T01,25.0,67.0,42.7,20.85,18.175,1,1,1,1,1
2026-06-21T02,22.0,73.0,36.85,18.575,21.15,1,1,1,1,1
2026-06-21T03,20.0,74.0,20.575,26.225,23.9,1,1,1,1,1
2026-06-21T04,23.0,64.0,13.525,28.775,21.067,1,1,1,1,1
2026-06-21T05,20.0,61.0,23.725,25.075,18.8,1,1,1,1,1
2026-06-21T06,27.0,90.0,24.675,25.475,18.6,1,1,1,1,1
2026-06-21T07,25.0,97.0,15.725,36.875,18.75,1,1,1,1,1
2026-06-21T08,19.0,88.0,12.65,49.2,19.5,1,1,1,1,1
2026-06-21T09,23.0,95.0,12.25,51.95,22.2,1,1,1,1,1
2026-06-21T10,24.0,96.0,11.833,54.167,18.867,1,1,1,1,1
2026-06-21T11,22.0,101.0,16.825,54.3,13.825,1,1,1,1,1
2026-06-21T12,25.0,107.0,26.725,47.65,13.725,1,1,1,1,1
2026-06-21T13,30.0,124.0,26.475,37.85,14.4,1,1,1,1,1
2026-06-21T14,19.0,100.0,44.35,28.775,15.4,1,1,1,1,1
2026-06-21T15,16.0,108.0,19.475,37.7,16.8,1,1,1,1,1
2026-06-21T16,20.0,289.0,19.15,38.75,16.967,1,1,1,1,1
2026-06-21T17,67.0,1448.0,20.525,36.95,18.05,1,1,1,1,1
2026-06-21T18,56.0,1031.0,34.0,25.1,21.7,1,1,1,1,1
2026-06-21T19,30.0,520.0,29.025,28.0,21.65,1,1,1,1,1
2026-06-21T20,25.0,422.0,34.55,23.425,18.875,1,1,1,1,1
2026-06-21T21,23.0,426.0,27.8,26.075,18.75,1,1,1,1,1
2026-06-21T22,35.0,425.0,59.9,11.825,20.167,1,1,1,1,1
2026-06-21T23,27.0,368.0,26.7,25.833,20.967,1,1,1,1,1
2026-06-22T00,20.0,306.0,23.45,29.0,21.075,1,1,1,1,1
2026-06-22T01,29.0,366.0,26.775,26.625,22.225,1,1,1,1,1
2026-06-22T02,34.0,335.0,26.875,29.2,24.45,1,1,1,1,1
2026-06-22T03,19.0,230.0,21.975,39.275,22.5,1,1,1,1,1
2026-06-22T04,18.0,164.0,18.2,55.275,20.867,1,1,1,1,1
2026-06-22T05,24.0,244.0,17.0,61.55,23.2,1,1,1,1,1
2026-06-22T06,25.0,204.0,13.725,66.375,21.875,1,1,1,1,1
2026-06-22T07,25.0,145.0,12.05,65.525,19.55,1,1,1,1,1
2026-06-22T08,19.0,144.0,11.375,55.875,20.7,1,1,1,1,1
2026-06-22T09,17.0,97.0,11.7,55.15,18.625,1,1,1,1,1
2026-06-22T11,18.0,92.0,16.7,58.05,19.4,1,1,1,1,1
2026-06-22T12,20.0,110.0,21.425,52.75,18.025,1,1,1,1,1
2026-06-22T13,23.0,118.0,32.4,42.025,18.8,1,1,1,1,1
2026-06-22T14,22.0,173.0,53.6,28.233,20.633,1,1,1,1,1
2026-06-22T15,30.0,169.0,71.0,17.075,24.125,1,1,1,1,1
2026-06-22T16,31.0,163.0,77.425,12.55,22.967,1,1,1,1,1
2026-06-22T17,40.0,173.0,60.45,12.05,21.725,1,1,1,1,1
2026-06-22T18,39.0,132.0,63.9,7.2,24.4,1,1,1,1,1
2026-06-22T19,35.0,147.0,71.175,4.875,25.175,1,1,1,1,1
2026-06-22T20,44.0,162.0,72.85,3.8,27.55,1,1,1,1,1
2026-06-22T21,51.0,151.0,62.95,5.625,29.4,1,1,1,1,1
2026-06-22T22,56.0,139.0,59.575,4.425,26.933,1,1,1,1,1
2026-06-22T23,52.0,158.0,59.025,3.625,23.15,1,1,1,1,1
2026-06-23T00,51.0,153.0,54.1,7.175,23.425,1,1,1,1,1
2026-06-23T01,74.0,188.0,76.7,12.35,31.025,1,1,1,1,1
2026-06-23T02,94.0,235.0,65.375,37.175,31.3,1,1,1,1,1
2026-06-23T03,74.0,197.0,23.55,65.35,30.85,1,1,1,1,1
2026-06-23T04,39.0,130.0,20.4,67.1,,1,1,1,1,0
2026-06-23T11,16.0,88.0,33.7,22.7,17.8,1,1,1,1,1
2026-06-25T16,47.25,207.5,74.65,7.325,26.067,1,1,1,1,1
2026-06-25T17,38.0,186.0,42.9,15.4,11.625,1,1,1,1,1
2026-06-25T18,27.0,102.0,44.0,14.9,8.5,1,1,1,1,1
2026-06-25T19,23.25,111.0,44.7,11.125,8.5,1,1,1,1,1
2026-06-25T20,20.5,99.75,39.3,11.625,10.275,1,1,1,1,1
2026-06-25T21,21.5,84.5,25.325,16.2,10.475,1,1,1,1,1
2026-06-25T22,17.5,63.0,20.525,20.0,13.9,1,1,1,1,1
2026-06-25T23,17.5,66.75,35.45,14.875,17.25,1,1,1,1,1
2026-06-26T00,13.5,78.25,49.05,9.975,17.875,1,1,1,1,1
2026-06-26T01,18.0,96.75,46.25,12.525,18.725,1,1,1,1,1
2026-06-26T02,22.25,104.25,24.075,23.45,17.975,1,1,1,1,1
2026-06-26T03,24.5,111.0,17.375,34.025,19.25,1,1,1,1,1
2026-06-26T04,28.75,149.0,17.275,46.225,17.867,1,1,1,1,1
2026-06-26T05,33.0,148.25,17.45,55.8,11.1,1,1,1,1,1
2026-06-26T06,34.0,152.25,14.775,65.45,13.05,1,1,1,1,1
2026-06-26T07,28.75,134.75,9.65,64.225,14.9,1,1,1,1,1
2026-06-26T08,21.75,117.5,9.875,62.0,12.45,1,1,1,1,1
2026-06-26T09,23.0,109.5,14.1,68.025,8.725,1,1,1,1,1
2026-06-26T10,24.75,109.5,17.425,72.075,10.633,1,1,1,1,1
2026-06-26T11,25.0,122.75,21.0,80.175,13.775,1,1,1,1,1
2026-06-26T12,28.0,136.75,37.425,58.675,14.825,1,1,1,1,1
2026-06-26T13,29.75,144.5,46.5,47.25,15.25,1,1,1,1,1
2026-06-26T14,29.25,137.0,38.475,42.05,15.825,1,1,1,1,1
2026-06-26T15,26.0,156.5,21.05,50.425,16.175,1,1,1,1,1
2026-06-26T16,23.5,90.5,27.475,42.425,17.7,1,1,1,1,1
2026-06-26T17,26.0,84.75,48.85,27.1,18.075,1,1,1,1,1
2026-06-26T18,27.0,88.0,53.1,18.0,20.5,1,1,1,1,1
2026-06-26T19,27.0,88.75,66.875,11.725,20.15,1,1,1,1,1
2026-06-26T20,27.75,97.25,60.325,12.325,20.825,1,1,1,1,1
2026-06-26T21,30.25,92.5,28.25,26.35,21.4,1,1,1,1,1
2026-06-26T22,33.25,95.25,19.125,24.4,22.7,1,1,1,1,1
2026-06-26T23,34.0,98.5,23.55,19.875,21.175,1,1,1,1,1
2026-06-27T00,31.0,100.5,23.0,20.875,21.075,1,1,1,1,1
2026-06-27T01,27.75,104.75,23.075,20.85,19.5,1,1,1,1,1
2026-06-27T02,37.5,149.5,25.725,25.525,20.15,1,1,1,1,1
2026-06-27T03,32.75,163.25,14.725,37.45,21.35,1,1,1,1,1
2026-06-27T04,47.25,178.75,16.175,50.4,21.3,1,1,1,1,1
2026-06-27T05,39.5,172.0,15.975,61.075,22.725,1,1,1,1,1
2026-06-27T06,42.5,163.5,14.425,75.425,22.05,1,1,1,1,1
2026-06-27T07,46.5,169.5,14.95,83.45,19.725,1,1,1,1,1
2026-06-27T08,50.0,163.75,16.0,83.55,19.125,1,1,1,1,1
2026-06-27T09,51.0,164.75,17.65,80.075,17.75,1,1,1,1,1
2026-06-27T10,47.25,155.5,17.9,73.45,16.6,1,1,1,1,1
2026-06-27T11,42.25,148.25,16.325,63.075,17.125,1,1,1,1,1
2026-06-27T12,33.5,115.5,20.75,63.85,15.425,1,1,1,1,1
2026-06-27T13,39.25,135.0,34.4,61.75,17.675,1,1,1,1,1
2026-06-27T14,50.25,181.75,67.425,41.6,21.725,1,1,1,1,1
2026-06-27T15,62.75,226.25,76.0,36.2,24.875,1,1,1,1,1
2026-06-27T16,63.0,225.0,66.0,33.05,24.233,1,1,1,1,1
2026-06-27T17,59.75,209.75,64.075,36.05,19.825,1,1,1,1,1
2026-06-27T18,61.0,191.0,70.6,26.1,,1,1,1,1,0
2026-06-27T19,65.5,202.25,70.2,22.45,22.775,1,1,1,1,1
2026-06-27T20,103.75,266.75,49.825,25.225,26.725,1,1,1,1,1
2026-06-27T21,92.0,239.75,49.7,16.65,25.075,1,1,1,1,1
2026-06-27T22,69.0,182.75,47.45,10.825,20.733,1,1,1,1,1
2026-06-27T23,63.25,191.5,61.2,6.55,16.85,1,1,1,1,1
2026-06-28T00,42.75,166.0,48.125,10.925,18.05,1,1,1,1,1
2026-06-28T01,35.25,143.75,31.425,16.875,18.675,1,1,1,1,1
2026-06-28T02,35.0,137.0,19.775,29.15,20.075,1,1,1,1,1
2026-06-28T03,31.25,126.25,19.375,35.975,14.625,1,1,1,1,1
2026-06-28T04,33.0,115.5,21.875,41.8,15.567,1,1,1,1,1
2026-06-28T05,30.25,113.0,14.125,53.15,18.375,1,1,1,1,1
2026-06-28T06,27.5,110.75,11.275,62.5,16.725,1,1,1,1,1
2026-06-28T07,31.5,122.75,13.975,72.575,15.4,1,1,1,1,1
2026-06-28T08,35.25,129.25,15.4,80.75,14.025,1,1,1,1,1
2026-06-28T09,37.5,128.5,16.8,87.025,13.25,1,1,1,1,1
2026-06-28T10,43.25,137.0,19.6,89.425,12.733,1,1,1,1,1
2026-06-28T11,44.25,139.25,24.1,83.225,14.95,1,1,1,1,1
2026-06-28T12,51.0,379.0,27.1,63.7,13.7,1,1,1,1,1
2026-06-28T13,38.25,235.75,28.475,57.05,14.35,1,1,1,1,1
2026-06-28T14,41.5,155.75,47.3,37.75,15.625,1,1,1,1,1
2026-06-28T15,50.0,142.0,53.1,29.475,18.3,1,1,1,1,1
2026-06-28T16,56.5,169.5,78.775,12.975,19.5,1,1,1,1,1
2026-06-28T17,60.25,223.25,95.575,3.325,18.7,1,1,1,1,1
2026-06-28T18,56.0,227.0,86.3,7.7,,1,1,1,1,0
2026-06-28T19,56.75,191.75,101.825,3.6,24.95,1,1,1,1,1
2026-06-28T20,51.75,183.75,75.45,9.2,23.65,1,1,1,1,1
2026-06-28T21,47.75,194.0,48.425,18.7,20.825,1,1,1,1,1
2026-06-28T22,38.75,158.0,52.55,14.975,19.633,1,1,1,1,1
2026-06-28T23,33.75,139.75,44.975,14.7,18.675,1,1,1,1,1
2026-06-29T00,35.25,128.25,47.2,11.875,20.3,1,1,1,1,1
2026-06-29T01,42.0,134.75,32.225,20.25,21.0,1,1,1,1,1
2026-06-29T02,37.25,132.0,24.75,25.8,20.8,1,1,1,1,1
2026-06-29T03,29.75,177.25,17.025,30.925,16.65,1,1,1,1,1
2026-06-29T04,25.75,179.5,13.8,34.45,17.567,1,1,1,1,1
2026-06-29T05,24.25,180.25,11.5,40.2,19.55,1,1,1,1,1
2026-06-29T06,29.25,183.5,13.175,52.725,16.9,1,1,1,1,1
2026-06-29T07,34.0,181.0,16.025,63.05,15.825,1,1,1,1,1
2026-06-29T08,34.25,190.5,14.725,60.55,15.675,1,1,1,1,1
2026-06-29T09,34.75,218.75,16.875,55.15,12.45,1,1,1,1,1
2026-06-29T10,33.5,219.5,17.2,49.5,12.3,1,1,1,1,1
2026-06-29T11,33.0,211.75,22.675,45.3,15.775,1,1,1,1,1
2026-06-29T12,34.5,261.75,32.15,30.375,15.25,1,1,1,1,1
2026-06-29T13,30.5,245.25,32.1,29.05,15.675,1,1,1,1,1
2026-06-29T14,33.5,213.75,80.85,10.175,20.225,1,1,1,1,1
2026-06-29T15,40.25,186.0,82.2,6.2,24.25,1,1,1,1,1
2026-06-29T16,39.75,191.75,48.975,17.1,21.767,1,1,1,1,1
2026-06-29T17,34.5,169.0,52.3,13.3,16.3,1,1,1,1,1
2026-06-29T18,33.0,153.0,29.6,20.5,16.7,1,1,1,1,1
2026-06-29T19,31.5,123.0,32.725,17.925,14.125,1,1,1,1,1
2026-06-29T20,25.0,105.5,23.525,21.625,14.225,1,1,1,1,1
2026-06-29T21,20.0,104.5,27.95,17.325,14.325,1,1,1,1,1
2026-06-29T22,22.75,108.75,40.775,10.225,17.433,1,1,1,1,1
2026-06-29T23,35.25,154.25,35.775,10.175,19.925,1,1,1,1,1
2026-06-30T00,39.0,141.25,32.625,8.725,21.55,1,1,1,1,1
2026-06-30T01,38.25,154.5,28.625,9.0,22.1,1,1,1,1,1
2026-06-30T02,35.75,162.75,27.275,9.7,21.85,1,1,1,1,1
2026-06-30T03,29.0,205.0,16.55,13.0,21.175,1,1,1,1,1
2026-06-30T04,31.5,249.75,13.95,19.475,19.6,1,1,1,1,1
2026-06-30T05,38.25,286.25,12.15,22.575,16.1,1,1,1,1,1
2026-06-30T06,35.5,285.25,11.55,29.3,14.4,1,1,1,1,1
2026-06-30T07,43.75,290.25,15.425,33.55,14.4,1,1,1,1,1
2026-06-30T08,44.0,316.0,14.2,44.167,14.033,1,1,1,1,1
2026-06-30T09,47.0,345.25,12.7,48.1,13.35,1,1,1,1,1
2026-06-30T10,47.25,364.0,25.325,59.325,14.367,1,1,1,1,1
2026-06-30T11,70.25,344.5,40.2,60.2,16.55,1,1,1,1,1
2026-06-30T12,73.5,243.25,38.5,,15.95,1,1,1,0,1
2026-06-30T13,69.0,210.5,54.7,50.325,3.8,1,1,1,1,1
2026-06-30T14,65.5,199.0,50.4,42.7,5.7,1,1,1,1,1
2026-06-30T15,62.25,169.25,47.175,30.575,7.425,1,1,1,1,1
2026-06-30T16,57.5,154.75,39.6,21.025,7.175,1,1,1,1,1
2026-06-30T17,47.0,122.75,34.675,17.45,5.15,1,1,1,1,1
2026-06-30T19,48.0,103.0,32.9,19.0,8.9,1,1,1,1,1
2026-06-30T20,46.5,104.5,31.375,17.325,11.775,1,1,1,1,1
2026-06-30T21,49.0,102.0,23.425,14.925,12.725,1,1,1,1,1
2026-06-30T22,50.0,95.75,22.275,10.125,11.55,1,1,1,1,1
2026-06-30T23,35.75,71.5,18.2,8.9,8.65,1,1,1,1,1
2026-07-01T00,30.5,72.0,20.45,13.15,9.3,1,1,1,1,1
2026-07-01T01,27.75,59.75,19.675,11.85,10.75,1,1,1,1,1
2026-07-01T02,40.5,80.0,30.75,14.225,12.45,1,1,1,1,1
2026-07-01T03,24.0,61.25,22.0,18.45,12.275,1,1,1,1,1
2026-07-01T04,20.5,81.5,25.85,16.65,11.75,1,1,1,1,1
2026-07-01T05,31.5,99.75,28.925,18.525,9.775,1,1,1,1,1
2026-07-01T06,34.0,93.0,22.575,24.75,8.2,1,1,1,1,1
2026-07-01T07,25.0,77.75,20.65,23.775,4.575,1,1,1,1,1
2026-07-01T08,28.0,78.25,23.425,24.725,6.0,1,1,1,1,1
2026-07-01T09,30.75,84.5,22.1,28.075,4.05,1,1,1,1,1
2026-07-01T10,28.0,104.0,21.375,32.925,5.75,1,1,1,1,1
2026-07-01T11,30.0,110.0,27.775,29.425,3.8,1,1,1,1,1
2026-07-01T12,29.5,107.5,30.45,27.6,4.75,1,1,1,1,1
2026-07-01T13,30.25,107.25,41.4,23.425,7.6,1,1,1,1,1
2026-07-01T14,34.0,123.75,57.35,13.35,13.325,1,1,1,1,1
2026-07-01T15,37.25,129.0,46.4,12.025,19.325,1,1,1,1,1
2026-07-01T16,35.75,138.0,38.8,10.95,18.125,1,1,1,1,1
2026-07-01T17,35.75,117.75,23.05,13.85,13.375,1,1,1,1,1
2026-07-01T18,29.0,101.0,26.5,13.7,7.0,1,1,1,1,1
2026-07-01T19,29.75,89.75,29.125,11.833,5.45,1,1,1,1,1
2026-07-01T20,26.25,68.75,23.425,19.133,7.625,1,1,1,1,1
2026-07-01T21,25.0,75.75,20.85,8.125,9.3,1,1,1,1,1
2026-07-01T22,20.5,80.75,31.375,5.925,6.125,1,1,1,1,1
2026-07-01T23,13.0,74.25,26.4,5.15,5.875,1,1,1,1,1
2026-07-02T00,20.0,73.5,22.325,9.025,4.9,1,1,1,1,1
2026-07-02T01,26.75,70.25,16.55,10.7,7.05,1,1,1,1,1
2026-07-02T02,19.75,71.25,25.4,5.667,7.4,1,1,1,1,1
2026-07-02T03,16.25,34.5,38.525,10.85,3.35,1,1,1,1,1
2026-07-02T04,13.75,31.75,42.625,17.35,2.0,1,1,1,1,1
2026-07-02T05,9.25,27.5,24.675,28.525,2.15,1,1,1,1,1
2026-07-02T06,12.5,39.25,30.8,37.5,3.7,1,1,1,1,1
2026-07-02T07,21.5,67.25,37.525,50.45,4.425,1,1,1,1,1
2026-07-02T08,22.5,82.5,38.575,68.275,6.7,1,1,1,1,1
2026-07-02T09,35.5,104.5,40.75,79.4,7.65,1,1,1,1,1
2026-07-02T10,38.5,102.75,32.225,82.65,5.925,1,1,1,1,1
2026-07-02T11,39.5,99.25,27.3,86.35,3.4,1,1,1,1,1
2026-07-02T12,43.0,104.25,30.175,80.775,4.2,1,1,1,1,1
2026-07-02T13,44.75,130.75,34.95,66.575,4.275,1,1,1,1,1
2026-07-02T14,48.75,151.0,44.65,34.825,7.825,1,1,1,1,1
2026-07-02T15,64.25,142.25,52.475,2.333,8.075,1,1,1,1,1
2026-07-02T16,48.0,105.75,35.225,11.55,8.35,1,1,1,1,1
2026-07-02T17,38.75,95.0,36.725,5.9,6.525,1,1,1,1,1
2026-07-02T18,33.0,101.0,26.2,11.6,5.9,1,1,1,1,1
2026-07-02T19,30.75,89.0,24.125,12.6,6.95,1,1,1,1,1
2026-07-02T20,41.25,88.75,35.175,53.3,4.9,1,1,1,1,1
2026-07-02T21,47.25,93.0,35.8,2.95,2.475,1,1,1,1,1
2026-07-02T22,46.5,94.75,47.15,4.575,1.85,1,1,1,1,1
2026-07-02T23,46.0,95.75,40.025,11.425,0.5,1,1,1,1,1
2026-07-03T00,38.5,81.75,42.2,15.225,3.733,1,1,1,1,1
2026-07-03T01,31.5,74.75,29.725,14.475,6.3,1,1,1,1,1
2026-07-03T02,38.25,84.5,22.45,14.45,7.3,1,1,1,1,1
2026-07-03T03,39.5,84.25,26.0,17.6,8.325,1,1,1,1,1
2026-07-03T04,45.75,98.0,30.625,25.675,5.8,1,1,1,1,1
2026-07-03T05,45.0,97.75,22.875,35.825,4.825,1,1,1,1,1
2026-07-03T06,40.25,90.0,21.2,44.225,7.067,1,1,1,1,1
2026-07-03T07,40.5,109.0,28.675,40.625,7.7,1,1,1,1,1
2026-07-03T08,51.5,111.5,25.9,40.375,9.875,1,1,1,1,1
2026-07-03T09,43.0,101.75,27.075,42.75,10.6,1,1,1,1,1
2026-07-03T10,41.25,111.75,34.75,39.125,10.25,1,1,1,1,1
2026-07-03T11,44.25,114.5,32.5,33.6,8.45,1,1,1,1,1
2026-07-03T12,49.5,113.25,32.225,35.175,8.8,1,1,1,1,1
2026-07-03T13,46.5,119.0,39.65,28.55,9.775,1,1,1,1,1
2026-07-03T14,48.75,117.25,53.95,20.475,10.85,1,1,1,1,1
2026-07-03T15,50.75,116.75,49.875,22.65,11.825,1,1,1,1,1
2026-07-03T16,62.25,149.25,58.35,15.5,12.75,1,1,1,1,1
2026-07-03T17,75.0,187.0,64.65,10.65,12.9,1,1,1,1,1
2026-07-03T18,64.0,169.0,57.8,8.0,8.5,1,1,1,1,1
2026-07-03T19,58.0,151.0,50.975,11.467,6.85,1,1,1,1,1
2026-07-03T20,56.0,129.25,48.975,7.2,8.05,1,1,1,1,1
2026-07-03T21,56.75,133.0,51.8,4.5,8.025,1,1,1,1,1
2026-07-03T22,57.75,127.75,43.7,6.825,8.1,1,1,1,1,1
2026-07-03T23,62.5,127.25,40.05,6.425,7.075,1,1,1,1,1
2026-07-04T00,62.5,131.75,38.1,4.825,4.933,1,1,1,1,1
2026-07-04T01,67.25,148.0,42.0,3.25,7.0,1,1,1,1,1
2026-07-04T02,64.5,152.25,26.625,9.4,7.35,1,1,1,1,1
2026-07-04T03,45.0,98.75,40.5,15.7,7.175,1,1,1,1,1
2026-07-04T04,36.75,83.25,26.575,18.7,5.4,1,1,1,1,1
2026-07-04T05,39.0,84.75,22.475,15.775,4.275,1,1,1,1,1
2026-07-04T06,48.25,112.0,18.175,22.725,3.0,1,1,1,1,1
2026-07-04T07,43.5,98.5,19.925,17.733,2.15,1,1,1,1,1
2026-07-04T08,40.25,75.25,19.85,25.225,4.45,1,1,1,1,1
2026-07-04T09,34.75,50.5,21.75,23.35,6.225,1,1,1,1,1
2026-07-04T10,28.5,56.75,22.0,26.875,5.825,1,1,1,1,1
2026-07-04T11,36.0,73.0,24.6,32.575,4.8,1,1,1,1,1
2026-07-04T12,54.0,95.0,28.525,32.775,5.8,1,1,1,1,1
2026-07-04T13,64.25,124.25,34.55,34.9,7.475,1,1,1,1,1
2026-07-04T14,76.5,149.25,55.725,18.025,8.575,1,1,1,1,1
2026-07-04T15,75.5,143.75,57.35,10.975,9.275,1,1,1,1,1
2026-07-04T16,73.25,143.75,64.3,6.025,8.65,1,1,1,1,1
2026-07-04T17,78.25,167.5,59.925,5.45,9.9,1,1,1,1,1
2026-07-04T18,75.0,169.0,44.5,7.9,6.8,1,1,1,1,1
2026-07-04T19,73.0,157.0,48.467,7.95,5.933,1,1,1,1,1
2026-07-04T20,88.0,160.0,75.6,6.1,6.9,1,1,1,1,1
2026-07-04T21,93.25,175.0,78.925,7.55,6.95,1,1,1,1,1
2026-07-04T22,92.75,166.5,62.725,17.3,8.475,1,1,1,1,1
2026-07-04T23,98.667,168.667,55.067,4.3,7.0,1,1,1,1,1
2026-07-05T00,100.5,179.5,42.725,7.45,7.4,1,1,1,1,1
2026-07-05T01,95.5,179.0,33.175,9.4,7.6,1,1,1,1,1
2026-07-05T02,107.5,208.75,70.475,71.2,5.275,1,1,1,1,1
2026-07-05T03,79.0,133.5,60.05,37.433,6.975,1,1,1,1,1
2026-07-05T04,65.0,121.5,40.475,48.275,5.4,1,1,1,1,1
2026-07-05T05,46.75,100.0,30.475,42.225,,1,1,1,1,0
2026-07-05T06,41.75,112.0,27.525,24.6,6.7,1,1,1,1,1
2026-07-05T07,28.5,65.0,29.875,23.375,3.85,1,1,1,1,1
2026-07-05T08,18.75,28.25,24.6,24.85,3.4,1,1,1,1,1
2026-07-05T09,10.25,19.75,30.475,24.075,4.65,1,1,1,1,1
2026-07-05T10,10.25,25.75,36.45,16.825,3.225,1,1,1,1,1
2026-07-05T11,20.0,57.25,37.85,16.125,4.15,1,1,1,1,1
2026-07-05T12,23.0,80.5,43.975,16.25,4.533,1,1,1,1,1
2026-07-05T13,26.0,97.0,43.425,15.4,3.875,1,1,1,1,1
2026-07-05T14,36.75,130.25,52.1,11.425,5.85,1,1,1,1,1
2026-07-05T15,39.25,128.75,47.425,11.025,5.625,1,1,1,1,1
2026-07-05T16,41.25,113.75,49.45,10.175,5.925,1,1,1,1,1
2026-07-05T17,44.25,116.0,44.6,9.95,5.625,1,1,1,1,1
2026-07-05T18,36.0,110.0,47.8,11.6,4.6,1,1,1,1,1
2026-07-05T19,36.0,128.0,42.425,12.225,4.025,1,1,1,1,1
2026-07-05T20,46.5,121.25,32.2,13.275,3.775,1,1,1,1,1
2026-07-05T21,29.0,67.5,23.625,13.95,2.175,1,1,1,1,1
2026-07-05T22,31.0,63.0,29.7,13.675,1.6,1,1,1,1,1
2026-07-05T23,31.75,74.5,31.025,12.875,1.025,1,1,1,1,1
2026-07-06T00,28.0,61.25,26.25,13.525,2.767,1,1,1,1,1
2026-07-06T01,30.0,58.25,24.225,14.95,4.65,1,1,1,1,1
2026-07-06T02,22.75,50.0,22.475,10.2,5.275,1,1,1,1,1
2026-07-06T03,23.0,59.0,30.125,17.0,5.925,1,1,1,1,1
2026-07-06T04,28.5,65.25,39.975,20.433,7.475,1,1,1,1,1
2026-07-06T05,33.75,72.0,60.15,19.875,7.925,1,1,1,1,1
2026-07-06T06,37.25,82.25,30.625,25.475,9.7,1,1,1,1,1
2026-07-06T07,29.75,58.75,31.125,24.4,11.275,1,1,1,1,1
2026-07-06T08,29.25,65.0,27.7,33.075,9.825,1,1,1,1,1
2026-07-06T09,29.25,75.25,24.25,26.8,9.675,1,1,1,1,1
2026-07-06T10,29.75,68.75,24.425,23.325,9.275,1,1,1,1,1
2026-07-06T11,27.75,75.0,30.575,22.625,10.075,1,1,1,1,1
2026-07-06T12,31.5,85.5,32.0,18.675,10.567,1,1,1,1,1
2026-07-06T13,29.25,76.0,34.175,19.975,11.25,1,1,1,1,1
2026-07-06T14,31.75,88.5,46.25,17.125,10.925,1,1,1,1,1
2026-07-06T15,37.5,96.25,43.05,14.075,9.05,1,1,1,1,1
2026-07-06T16,42.75,117.25,37.375,14.2,9.975,1,1,1,1,1
2026-07-06T17,44.0,132.25,35.1,14.2,9.925,1,1,1,1,1
2026-07-06T19,36.0,97.0,30.0,12.7,4.2,1,1,1,1,1
2026-07-06T20,31.5,103.75,32.95,12.8,4.85,1,1,1,1,1
2026-07-06T21,29.25,94.75,29.95,12.625,4.65,1,1,1,1,1
2026-07-06T22,27.5,82.0,27.675,12.925,5.675,1,1,1,1,1
2026-07-06T23,32.25,82.75,34.125,12.575,4.95,1,1,1,1,1
2026-07-07T00,31.75,83.25,38.7,12.475,4.933,1,1,1,1,1
2026-07-07T01,33.25,108.5,36.775,12.675,5.525,1,1,1,1,1
2026-07-07T02,42.25,124.5,44.85,13.7,5.425,1,1,1,1,1
2026-07-07T03,42.0,103.0,40.125,11.3,4.95,1,1,1,1,1
2026-07-07T04,52.25,115.25,39.725,53.325,4.65,1,1,1,1,1
2026-07-07T05,42.5,97.25,31.75,25.625,5.1,1,1,1,1,1
2026-07-07T06,27.5,85.25,27.975,21.55,5.767,1,1,1,1,1
2026-07-07T07,24.0,84.0,27.375,21.6,6.525,1,1,1,1,1
2026-07-07T08,18.0,59.25,25.425,20.3,4.825,1,1,1,1,1
2026-07-07T09,13.0,46.5,24.925,16.325,3.725,1,1,1,1,1
2026-07-07T10,7.5,24.0,28.375,15.325,2.45,1,1,1,1,1
2026-07-07T11,3.75,16.25,30.95,15.05,2.05,1,1,1,1,1
2026-07-07T12,9.0,19.0,35.325,13.725,3.033,1,1,1,1,1
2026-07-07T13,15.5,26.0,37.2,13.725,6.2,1,1,1,1,1
2026-07-07T14,12.5,17.5,40.25,12.9,7.05,1,1,1,1,1
2026-07-07T15,19.25,43.25,42.375,11.7,7.4,1,1,1,1,1
2026-07-07T16,28.75,64.25,39.1,12.55,6.6,1,1,1,1,1
2026-07-07T17,33.25,58.25,58.125,52.8,6.4,1,1,1,1,1
2026-07-07T18,27.0,68.0,55.9,,4.4,1,1,1,0,1
2026-07-07T19,36.75,84.5,45.3,11.9,4.5,1,1,1,1,1
2026-07-07T20,22.75,43.5,33.25,25.05,3.825,1,1,1,1,1
2026-07-07T21,27.5,45.25,31.725,20.0,3.75,1,1,1,1,1
2026-07-07T22,34.0,102.0,31.875,14.3,4.025,1,1,1,1,1
2026-07-07T23,35.0,119.0,23.925,10.033,3.525,1,1,1,1,1
2026-07-08T00,39.0,114.0,23.375,15.025,2.633,1,1,1,1,1
2026-07-08T01,40.5,84.0,23.475,14.2,2.9,1,1,1,1,1
2026-07-08T02,36.5,80.75,26.7,11.267,2.825,1,1,1,1,1
2026-07-08T03,35.0,83.0,28.325,12.725,2.625,1,1,1,1,1
2026-07-08T04,31.0,61.0,26.6,12.025,4.9,1,1,1,1,1
2026-07-08T05,32.5,42.25,26.25,12.4,6.0,1,1,1,1,1
2026-07-08T06,43.5,88.5,35.875,13.3,6.433,1,1,1,1,1
2026-07-08T07,24.5,40.75,21.125,10.775,5.4,1,1,1,1,1
2026-07-08T08,12.5,21.25,11.375,16.6,3.55,1,1,1,1,1
2026-07-08T09,23.0,22.0,6.7,19.3,4.15,1,1,1,1,1
2026-07-08T10,21.0,29.0,7.125,16.15,2.975,1,1,1,1,1
2026-07-08T11,16.75,50.25,7.075,13.375,1.975,1,1,1,1,1
2026-07-08T12,21.25,83.5,8.625,11.55,3.433,1,1,1,1,1
2026-07-08T13,23.0,81.5,10.85,10.4,7.8,1,1,1,1,1
2026-07-08T14,14.0,38.75,7.125,12.575,7.7,1,1,1,1,1
2026-07-08T15,15.5,52.25,22.55,9.825,8.975,1,1,1,1,1
2026-07-08T16,21.5,43.0,12.2,9.35,8.575,1,1,1,1,1
2026-07-08T17,14.75,43.0,7.675,,8.4,1,1,1,0,1
2026-07-08T18,38.0,105.0,12.7,,5.7,1,1,1,0,1
2026-07-08T19,36.5,63.0,8.025,,4.65,1,1,1,0,1
2026-07-08T20,18.0,24.25,4.9,,4.525,1,1,1,0,1
2026-07-08T21,7.5,46.0,2.75,,4.275,1,1,1,0,1
2026-07-08T22,6.0,35.0,3.075,,3.275,1,1,1,0,1
2026-07-08T23,8.0,63.25,6.9,,3.15,1,1,1,0,1
2026-07-09T00,6.5,36.0,6.45,,4.467,1,1,1,0,1
2026-07-09T01,6.0,16.5,6.65,,6.15,1,1,1,0,1
2026-07-09T02,9.0,12.5,5.0,,6.7,1,1,1,0,1
2026-07-09T03,10.5,35.75,5.975,,6.05,1,1,1,0,1
2026-07-09T04,11.75,35.0,7.475,,4.675,1,1,1,0,1
2026-07-09T05,14.25,59.25,58.375,,4.3,1,1,1,0,1
2026-07-09T06,16.5,40.25,16.2,,8.233,1,1,1,0,1
2026-07-09T07,20.0,39.25,24.375,,5.8,1,1,1,0,1
2026-07-09T08,21.75,41.25,5.3,,7.525,1,1,1,0,1
2026-07-09T09,23.5,54.5,3.425,,6.525,1,1,1,0,1
2026-07-09T10,29.25,63.5,9.325,,5.625,1,1,1,0,1
2026-07-09T11,31.0,65.75,11.2,20.15,7.075,1,1,1,1,1
2026-07-09T12,36.25,75.75,9.525,20.95,5.033,1,1,1,1,1
2026-07-09T13,29.75,63.25,9.225,22.875,3.45,1,1,1,1,1
2026-07-09T14,22.5,76.0,13.65,21.067,6.0,1,1,1,1,1
2026-07-09T15,18.0,67.0,40.15,21.433,6.75,1,1,1,1,1
2026-07-09T16,17.75,68.0,58.0,17.1,7.625,1,1,1,1,1
2026-07-09T17,19.5,54.25,82.325,27.925,7.8,1,1,1,1,1
2026-07-09T18,24.0,83.0,78.4,21.8,10.6,1,1,1,1,1
2026-07-09T19,22.5,56.0,10.3,21.275,8.1,1,1,1,1,1
2026-07-09T20,22.75,68.75,9.825,18.625,8.575,1,1,1,1,1
2026-07-09T21,29.0,76.75,14.675,16.625,7.4,1,1,1,1,1
2026-07-09T22,27.25,74.0,15.175,10.6,8.975,1,1,1,1,1
2026-07-09T23,30.5,70.0,16.4,15.125,9.025,1,1,1,1,1
2026-07-10T00,29.75,62.25,19.675,14.125,9.367,1,1,1,1,1
2026-07-10T01,35.75,102.0,19.75,13.675,9.075,1,1,1,1,1
2026-07-10T02,38.0,65.75,20.85,14.925,9.725,1,1,1,1,1
2026-07-10T03,56.75,93.25,14.15,19.1,10.2,1,1,1,1,1
2026-07-10T04,56.25,99.75,10.975,20.5,9.85,1,1,1,1,1
2026-07-10T05,59.25,100.75,10.95,19.85,8.8,1,1,1,1,1
2026-07-10T06,48.25,102.0,10.8,20.7,8.5,1,1,1,1,1
2026-07-10T07,41.0,105.75,12.325,21.4,8.375,1,1,1,1,1
2026-07-10T08,34.0,80.0,13.675,23.25,7.55,1,1,1,1,1
2026-07-10T09,39.5,101.75,12.325,21.95,7.7,1,1,1,1,1
2026-07-10T10,35.25,87.25,11.0,16.8,7.175,1,1,1,1,1
2026-07-10T11,30.0,66.25,32.05,13.267,6.4,1,1,1,1,1
2026-07-10T12,27.5,52.25,21.4,12.55,7.033,1,1,1,1,1
2026-07-10T13,28.5,71.5,19.7,14.8,,1,1,1,1,0
2026-07-10T14,40.25,116.5,43.975,,4.4,1,1,1,0,1
2026-07-10T15,43.25,129.0,21.2,,,1,1,1,0,0
2026-07-10T16,44.5,121.5,6.3,,,1,1,1,0,0
2026-07-10T17,43.5,138.5,8.65,,,1,1,1,0,0
2026-07-10T18,38.0,114.0,7.4,,3.6,1,1,1,0,1
2026-07-10T19,32.75,114.75,5.425,,6.7,1,1,1,0,1
2026-07-10T20,34.0,117.25,4.725,,7.6,1,1,1,0,1
2026-07-10T21,35.0,103.75,5.05,,7.425,1,1,1,0,1
2026-07-10T22,35.0,84.0,3.95,,7.65,1,1,1,0,1
2026-07-10T23,34.25,92.5,5.05,,5.65,1,1,1,0,1
2026-07-11T00,41.5,110.5,7.125,0.3,4.867,1,1,1,1,1
2026-07-11T01,41.0,130.75,6.725,14.825,5.0,1,1,1,1,1
2026-07-11T02,52.0,159.25,10.05,17.8,5.2,1,1,1,1,1
2026-07-11T03,51.5,160.25,6.2,13.125,4.025,1,1,1,1,1
2026-07-11T04,50.0,185.75,4.4,15.65,1.25,1,1,1,1,1
2026-07-11T05,55.25,218.25,3.867,17.2,2.075,1,1,1,1,1
2026-07-11T06,54.0,281.5,4.05,19.45,3.8,1,1,1,1,1
2026-07-11T07,47.0,332.0,4.825,19.625,4.4,1,1,1,1,1
2026-07-11T08,51.25,360.25,6.325,17.8,3.35,1,1,1,1,1
2026-07-11T09,53.5,366.25,2.6,20.55,3.825,1,1,1,1,1
2026-07-11T10,54.5,374.0,1.7,20.35,4.35,1,1,1,1,1
2026-07-11T11,53.5,377.75,2.375,19.875,4.775,1,1,1,1,1
2026-07-11T12,51.5,378.75,2.75,18.625,4.933,1,1,1,1,1
2026-07-11T13,48.75,359.5,15.2,19.525,2.875,1,1,1,1,1
2026-07-11T14,49.5,354.5,22.95,18.125,4.325,1,1,1,1,1
2026-07-11T15,50.0,305.5,23.0,16.875,2.225,1,1,1,1,1
2026-07-11T16,58.25,346.0,31.425,19.475,3.1,1,1,1,1,1
2026-07-11T17,61.0,339.5,33.325,17.375,2.3,1,1,1,1,1
2026-07-11T18,59.0,349.0,36.0,14.3,4.6,1,1,1,1,1
2026-07-11T19,56.0,271.0,36.525,14.05,5.825,1,1,1,1,1
2026-07-11T20,38.5,200.0,76.425,16.5,5.85,1,1,1,1,1
2026-07-11T21,33.0,170.75,122.725,13.0,6.425,1,1,1,1,1
2026-07-11T22,30.0,148.75,137.775,13.925,6.7,1,1,1,1,1
2026-07-11T23,26.0,127.25,173.95,14.975,7.175,1,1,1,1,1
2026-07-12T00,31.75,140.75,31.7,14.525,5.767,1,1,1,1,1
2026-07-12T01,30.25,138.0,24.35,16.1,2.675,1,1,1,1,1
2026-07-12T02,38.75,159.0,16.575,15.25,3.35,1,1,1,1,1
2026-07-12T03,40.5,200.0,15.05,19.525,2.025,1,1,1,1,1
2026-07-12T04,40.0,241.0,12.975,16.5,1.475,1,1,1,1,1
2026-07-12T05,45.25,354.5,8.425,17.05,0.3,1,1,1,1,1
2026-07-12T06,51.5,404.0,10.325,17.075,3.1,1,1,1,1,1
2026-07-12T07,60.5,448.0,8.4,19.725,5.8,1,1,1,1,1
2026-07-12T08,63.75,517.25,8.2,16.125,6.6,1,1,1,1,1
2026-07-12T09,59.5,491.75,8.35,17.775,6.85,1,1,1,1,1
2026-07-12T10,64.0,522.0,7.65,17.8,7.525,1,1,1,1,1
2026-07-12T11,69.0,587.25,7.075,19.05,7.675,1,1,1,1,1
2026-07-12T12,71.5,601.0,8.775,19.25,6.633,1,1,1,1,1
2026-07-12T13,74.25,568.5,25.9,16.35,4.95,1,1,1,1,1
2026-07-12T14,78.75,581.25,49.225,19.05,4.775,1,1,1,1,1
2026-07-12T15,82.25,580.75,53.3,18.95,6.475,1,1,1,1,1
2026-07-12T16,84.5,539.75,48.6,19.2,8.2,1,1,1,1,1
2026-07-12T17,81.25,507.5,53.15,18.825,10.225,1,1,1,1,1
2026-07-12T18,83.0,486.0,44.3,14.2,4.9,1,1,1,1,1
2026-07-12T19,60.5,349.5,18.025,10.6,1.467,1,1,1,1,1
2026-07-12T20,35.75,173.5,10.5,11.325,,1,1,1,1,0
2026-07-12T21,25.5,103.0,11.025,13.375,,1,1,1,1,0
2026-07-12T22,27.0,91.0,14.625,12.65,,1,1,1,1,0
2026-07-12T23,25.75,101.25,22.775,13.325,,1,1,1,1,0
2026-07-13T00,27.25,106.5,31.1,13.05,2.2,1,1,1,1,1
2026-07-13T01,25.75,114.5,31.2,12.95,3.75,1,1,1,1,1
2026-07-13T02,31.75,128.25,15.6,14.675,4.375,1,1,1,1,1
2026-07-13T03,35.5,126.75,14.1,15.825,4.1,1,1,1,1,1
2026-07-13T04,35.25,141.5,13.35,16.2,4.95,1,1,1,1,1
2026-07-13T05,35.75,153.75,11.35,16.925,4.225,1,1,1,1,1
2026-07-13T06,35.25,161.25,10.525,17.725,3.433,1,1,1,1,1
2026-07-13T07,38.0,169.0,11.55,17.325,4.75,1,1,1,1,1
2026-07-13T08,39.0,184.5,11.4,16.475,4.075,1,1,1,1,1
2026-07-13T09,39.0,196.5,11.525,14.75,6.9,1,1,1,1,1
2026-07-13T10,38.25,196.0,10.0,14.85,8.2,1,1,1,1,1
2026-07-13T11,39.5,188.25,9.5,15.725,7.9,1,1,1,1,1
2026-07-13T12,36.25,188.25,14.025,17.55,7.833,1,1,1,1,1
2026-07-13T13,38.0,223.5,31.2,17.8,8.8,1,1,1,1,1
2026-07-13T14,45.0,271.0,41.8,18.025,8.65,1,1,1,1,1
2026-07-13T15,41.0,268.0,16.0,13.95,10.475,1,1,1,1,1
2026-07-13T16,28.5,118.25,34.0,14.575,9.325,1,1,1,1,1
2026-07-13T17,32.5,109.0,45.6,16.45,9.95,1,1,1,1,1
2026-07-13T18,34.0,157.0,48.9,17.2,8.5,1,1,1,1,1
2026-07-13T19,37.0,165.25,48.05,15.45,7.425,1,1,1,1,1
2026-07-13T20,39.5,207.75,48.5,13.75,7.875,1,1,1,1,1
2026-07-13T21,40.75,221.0,43.675,14.425,8.55,1,1,1,1,1
2026-07-13T22,37.0,174.333,25.167,16.933,8.267,1,1,1,1,1
2026-07-13T23,35.0,112.0,12.675,13.3,7.85,1,1,1,1,1
2026-07-14T00,31.25,84.0,13.825,12.725,7.467,1,1,1,1,1
2026-07-14T01,29.25,84.25,25.8,13.6,8.2,1,1,1,1,1
2026-07-14T02,33.5,134.75,40.925,14.9,9.2,1,1,1,1,1
2026-07-14T03,39.5,220.75,26.35,13.4,9.55,1,1,1,1,1
2026-07-14T04,44.0,294.25,14.125,15.65,9.325,1,1,1,1,1
2026-07-14T05,42.75,306.5,9.375,15.325,8.1,1,1,1,1,1
2026-07-14T06,44.25,331.25,10.5,14.775,9.333,1,1,1,1,1
2026-07-14T07,47.25,325.0,8.0,16.225,8.2,1,1,1,1,1
2026-07-14T08,48.0,297.5,10.55,17.225,7.85,1,1,1,1,1
2026-07-14T09,51.0,276.5,9.1,13.875,9.0,1,1,1,1,1
2026-07-14T10,42.25,257.0,8.525,17.225,7.725,1,1,1,1,1
2026-07-14T11,39.0,249.0,12.0,17.125,7.35,1,1,1,1,1
2026-07-14T12,42.75,252.5,16.85,15.525,8.2,1,1,1,1,1
2026-07-14T13,36.5,245.75,25.525,13.4,7.725,1,1,1,1,1
2026-07-14T14,25.75,186.75,19.4,12.325,8.275,1,1,1,1,1
2026-07-14T15,23.75,117.0,21.625,10.95,8.975,1,1,1,1,1
2026-07-14T16,27.0,100.75,24.9,4.967,7.125,1,1,1,1,1
2026-07-14T17,24.25,88.25,16.15,16.25,4.825,1,1,1,1,1
2026-07-14T18,19.0,83.0,23.8,19.7,8.7,1,1,1,1,1
2026-07-14T19,23.5,95.75,30.475,13.45,10.05,1,1,1,1,1
2026-07-14T20,21.25,91.75,18.875,16.6,9.25,1,1,1,1,1
2026-07-14T21,18.5,86.75,16.675,14.575,7.675,1,1,1,1,1
2026-07-14T22,23.25,82.25,20.45,13.7,6.475,1,1,1,1,1
2026-07-14T23,24.25,87.0,31.425,12.525,6.375,1,1,1,1,1
2026-07-15T00,24.75,93.5,47.825,12.55,4.4,1,1,1,1,1
2026-07-15T01,31.75,131.75,32.025,13.25,3.275,1,1,1,1,1
2026-07-15T02,29.333,148.0,20.9,12.467,2.467,1,1,1,1,1
2026-07-15T06,36.0,188.0,6.15,13.2,6.6,1,1,1,1,1
2026-07-15T07,38.25,193.25,6.15,17.2,9.15,1,1,1,1,1
2026-07-15T08,39.0,198.0,7.925,17.5,10.0,1,1,1,1,1
2026-07-15T09,39.75,213.25,8.7,18.75,10.0,1,1,1,1,1
2026-07-15T10,40.0,212.75,9.3,19.7,9.525,1,1,1,1,1
2026-07-15T11,40.75,212.5,7.225,18.275,9.725,1,1,1,1,1
2026-07-15T12,45.5,216.75,9.0,19.175,9.367,1,1,1,1,1
2026-07-15T13,41.0,237.5,20.675,19.575,8.675,1,1,1,1,1
2026-07-15T14,45.75,243.25,22.825,20.175,8.625,1,1,1,1,1
2026-07-15T15,51.0,240.0,43.9,16.825,9.65,1,1,1,1,1
2026-07-15T16,46.0,212.75,41.4,15.7,11.5,1,1,1,1,1
2026-07-15T17,44.75,187.5,31.125,14.375,11.25,1,1,1,1,1
2026-07-15T18,35.0,145.0,36.0,14.0,9.7,1,1,1,1,1
2026-07-15T19,41.75,165.25,37.075,13.675,9.8,1,1,1,1,1
2026-07-15T20,36.5,161.5,24.175,12.175,9.5,1,1,1,1,1
2026-07-15T21,33.25,136.25,11.9,12.875,9.475,1,1,1,1,1
2026-07-15T22,34.5,136.5,15.6,12.275,8.975,1,1,1,1,1
2026-07-15T23,35.0,146.5,21.275,12.55,9.05,1,1,1,1,1
2026-07-16T00,34.25,144.5,25.675,13.25,8.3,1,1,1,1,1
2026-07-16T01,34.75,143.0,27.525,15.525,7.025,1,1,1,1,1
2026-07-16T02,35.75,,17.9,17.2,11.05,1,0,1,1,1
2026-07-16T03,42.75,,17.65,17.4,9.05,1,0,1,1,1
2026-07-16T04,44.25,,11.475,10.85,10.15,1,0,1,1,1
2026-07-16T05,45.333,,5.125,8.55,7.8,1,0,1,1,1
2026-07-16T06,46.0,208.0,8.35,13.5,7.533,1,1,1,1,1
2026-07-16T07,50.0,213.25,5.925,13.3,9.525,1,1,1,1,1
2026-07-16T08,41.75,227.75,7.5,14.7,10.9,1,1,1,1,1
2026-07-16T09,40.5,215.5,7.55,12.45,10.0,1,1,1,1,1
2026-07-16T10,41.75,216.75,9.95,15.55,10.425,1,1,1,1,1
2026-07-16T11,39.75,222.0,12.05,13.3,10.35,1,1,1,1,1
2026-07-16T12,38.25,202.75,19.45,14.45,10.3,1,1,1,1,1
2026-07-16T13,38.75,221.5,24.25,14.325,9.4,1,1,1,1,1
2026-07-16T14,45.75,225.5,38.55,14.75,10.475,1,1,1,1,1
2026-07-16T15,41.25,218.75,47.275,16.025,11.625,1,1,1,1,1
2026-07-16T16,43.5,196.0,43.875,17.65,8.725,1,1,1,1,1
2026-07-16T17,49.5,206.25,50.4,14.3,11.575,1,1,1,1,1
2026-07-16T18,45.0,188.0,40.3,20.6,11.7,1,1,1,1,1
2026-07-16T19,55.5,236.0,33.5,16.9,12.55,1,1,1,1,1
2026-07-16T20,50.75,213.75,40.95,13.85,15.25,1,1,1,1,1
2026-07-16T21,49.5,197.25,52.675,9.7,16.225,1,1,1,1,1
2026-07-16T22,41.75,199.0,38.95,10.05,15.525,1,1,1,1,1
2026-07-16T23,33.0,164.75,34.275,11.425,13.875,1,1,1,1,1
2026-07-17T00,32.5,158.5,27.15,11.35,11.9,1,1,1,1,1
2026-07-17T01,34.0,171.5,30.775,9.4,7.925,1,1,1,1,1
2026-07-17T02,31.0,178.5,25.525,8.5,8.05,1,1,1,1,1
2026-07-17T03,22.5,163.5,16.75,10.45,7.3,1,1,1,1,1
2026-07-17T04,34.25,168.5,9.5,10.15,6.25,1,1,1,1,1
2026-07-17T05,39.0,218.5,9.45,12.85,6.375,1,1,1,1,1
2026-07-17T06,34.5,201.0,11.825,14.4,6.233,1,1,1,1,1
2026-07-17T07,36.75,214.0,10.475,14.45,8.175,1,1,1,1,1
2026-07-17T08,35.75,203.25,9.975,12.925,9.925,1,1,1,1,1
2026-07-17T09,33.5,215.75,13.7,13.7,9.325,1,1,1,1,1
2026-07-17T10,31.5,210.75,19.85,13.975,9.775,1,1,1,1,1
2026-07-17T11,34.0,185.25,27.7,12.625,9.225,1,1,1,1,1
2026-07-17T12,42.5,193.75,33.325,12.0,9.6,1,1,1,1,1
2026-07-17T13,44.25,220.75,46.925,17.65,7.4,1,1,1,1,1
2026-07-17T14,60.5,258.75,49.425,16.875,7.25,1,1,1,1,1
2026-07-17T15,64.5,260.0,54.2,14.825,9.375,1,1,1,1,1
2026-07-17T16,67.0,242.75,40.075,16.025,9.375,1,1,1,1,1
2026-07-17T17,71.75,250.75,37.575,17.125,9.15,1,1,1,1,1
2026-07-17T18,83.0,278.0,33.7,17.9,8.8,1,1,1,1,1
2026-07-17T19,80.0,265.25,27.65,15.125,8.075,1,1,1,1,1
2026-07-17T20,70.75,224.25,28.075,12.3,8.5,1,1,1,1,1
2026-07-17T21,58.25,204.5,37.975,9.525,8.925,1,1,1,1,1
2026-07-17T22,49.0,181.75,50.85,9.9,9.0,1,1,1,1,1
2026-07-17T23,43.25,148.75,32.3,5.125,9.95,1,1,1,1,1
2026-07-18T00,31.5,126.5,15.825,7.225,8.6,1,1,1,1,1
2026-07-18T01,32.5,129.5,17.25,7.0,9.425,1,1,1,1,1
2026-07-18T02,33.25,132.0,14.95,6.875,8.8,1,1,1,1,1
2026-07-18T03,31.5,142.5,11.875,6.725,9.4,1,1,1,1,1
2026-07-18T04,28.0,142.25,10.925,7.975,9.225,1,1,1,1,1
2026-07-18T05,27.0,148.5,10.0,8.275,8.0,1,1,1,1,1
2026-07-18T06,28.5,158.5,9.4,9.325,8.433,1,1,1,1,1
2026-07-18T07,29.75,187.25,8.3,9.95,10.675,1,1,1,1,1
2026-07-18T08,30.0,196.75,8.5,8.35,9.3,1,1,1,1,1
2026-07-18T09,30.75,188.0,10.0,10.175,10.15,1,1,1,1,1
2026-07-18T10,33.25,203.75,11.9,10.9,10.775,1,1,1,1,1
2026-07-18T11,38.5,206.25,9.525,9.725,10.4,1,1,1,1,1
2026-07-18T12,39.25,202.0,19.675,13.875,9.833,1,1,1,1,1
2026-07-18T13,39.0,201.75,19.9,11.3,7.5,1,1,1,1,1
2026-07-18T14,40.5,185.5,25.85,10.0,7.275,1,1,1,1,1
2026-07-18T15,41.0,190.5,55.95,9.875,9.0,1,1,1,1,1
2026-07-18T16,49.25,237.5,52.225,8.575,10.95,1,1,1,1,1
2026-07-18T17,48.25,241.5,41.65,10.35,11.55,1,1,1,1,1
2026-07-18T18,45.0,204.0,43.1,8.8,12.2,1,1,1,1,1
2026-07-18T19,51.0,202.5,35.5,7.25,13.9,1,1,1,1,1
2026-07-18T20,49.25,196.0,27.3,9.175,13.825,1,1,1,1,1
2026-07-18T21,40.5,165.5,25.075,8.525,12.6,1,1,1,1,1
2026-07-18T22,36.5,169.5,25.225,8.8,12.525,1,1,1,1,1
2026-07-18T23,47.25,180.75,23.625,8.25,13.575,1,1,1,1,1
2026-07-19T00,48.0,171.75,20.9,14.875,11.433,1,1,1,1,1
2026-07-19T01,47.75,183.75,14.025,10.475,9.025,1,1,1,1,1
2026-07-19T02,54.75,186.75,14.6,6.833,9.15,1,1,1,1,1
2026-07-19T03,45.0,180.75,41.8,13.575,9.725,1,1,1,1,1
2026-07-19T04,35.75,145.25,13.625,26.1,8.075,1,1,1,1,1
2026-07-19T05,35.5,143.75,12.475,26.825,6.625,1,1,1,1,1
2026-07-19T06,36.0,144.0,11.725,26.6,7.733,1,1,1,1,1
2026-07-19T07,33.75,149.75,13.625,26.725,8.675,1,1,1,1,1
2026-07-19T08,35.25,152.0,14.8,27.6,8.65,1,1,1,1,1
2026-07-19T09,33.75,158.75,25.7,27.725,9.325,1,1,1,1,1
2026-07-19T10,38.25,166.25,11.725,28.725,11.0,1,1,1,1,1
2026-07-19T11,36.25,167.25,15.125,33.35,10.45,1,1,1,1,1
2026-07-19T12,47.75,203.0,22.35,32.75,10.467,1,1,1,1,1
2026-07-19T13,44.5,194.75,17.25,29.1,7.7,1,1,1,1,1
2026-07-19T14,50.25,173.75,14.075,29.7,7.6,1,1,1,1,1
2026-07-19T15,56.0,160.75,13.1,29.625,7.85,1,1,1,1,1
2026-07-19T16,63.75,164.75,10.375,28.45,8.575,1,1,1,1,1
2026-07-19T17,67.5,159.5,8.925,28.8,7.825,1,1,1,1,1
2026-07-19T18,50.0,130.0,6.0,25.0,7.8,1,1,1,1,1
2026-07-19T19,52.25,118.0,5.275,26.3,7.5,1,1,1,1,1
2026-07-19T20,44.75,115.5,4.8,25.45,8.125,1,1,1,1,1
2026-07-19T21,45.75,116.0,5.5,26.35,8.175,1,1,1,1,1
2026-07-19T22,45.5,113.0,4.8,26.075,8.075,1,1,1,1,1
2026-07-19T23,42.0,111.25,3.75,26.325,8.15,1,1,1,1,1
2026-07-20T00,39.5,111.0,2.5,25.325,9.1,1,1,1,1,1
2026-07-20T01,39.75,115.5,4.375,26.05,8.825,1,1,1,1,1
2026-07-20T02,33.25,121.5,3.85,26.775,8.475,1,1,1,1,1
2026-07-20T03,37.0,86.25,4.45,25.6,10.225,1,1,1,1,1
2026-07-20T04,40.5,86.0,7.85,25.825,9.9,1,1,1,1,1
2026-07-20T05,44.0,99.75,7.65,23.925,9.025,1,1,1,1,1
2026-07-20T06,42.0,113.5,8.625,28.05,9.633,1,1,1,1,1
2026-07-20T07,44.0,128.25,6.7,25.15,10.275,1,1,1,1,1
2026-07-20T08,33.75,97.5,,19.35,,1,1,0,1,0
2026-07-20T09,33.0,97.25,29.775,47.4,10.925,1,1,1,1,1
2026-07-20T10,31.75,83.0,51.6,5.133,2.65,1,1,1,1,1
2026-07-20T11,25.0,67.25,107.625,4.25,2.6,1,1,1,1,1
2026-07-20T12,29.0,72.25,147.425,11.625,5.233,1,1,1,1,1
2026-07-20T13,30.25,70.5,21.75,5.6,5.4,1,1,1,1,1
2026-07-20T14,27.75,76.5,19.8,4.175,7.9,1,1,1,1,1
2026-07-20T15,33.0,79.75,20.45,4.65,6.725,1,1,1,1,1
2026-07-20T16,35.75,100.25,17.85,8.2,7.875,1,1,1,1,1
2026-07-20T17,45.0,115.25,17.05,5.95,7.875,1,1,1,1,1
2026-07-20T19,30.0,73.0,16.7,5.1,1.9,1,1,1,1,1
2026-07-20T20,27.75,76.0,17.9,5.05,2.975,1,1,1,1,1
2026-07-20T21,29.25,61.25,16.575,4.85,2.275,1,1,1,1,1
2026-07-20T22,32.25,41.0,12.825,3.35,1.975,1,1,1,1,1
2026-07-20T23,18.75,24.0,15.15,1.6,2.65,1,1,1,1,1
2026-07-21T00,14.0,26.75,19.2,2.367,3.133,1,1,1,1,1
2026-07-21T01,12.5,25.25,18.825,2.85,4.225,1,1,1,1,1
2026-07-21T02,21.75,35.25,19.3,3.175,5.75,1,1,1,1,1
2026-07-21T03,16.0,28.5,21.525,2.5,5.2,1,1,1,1,1
2026-07-21T04,15.25,31.0,21.55,2.6,7.525,1,1,1,1,1
2026-07-21T05,14.5,41.25,24.45,2.75,6.85,1,1,1,1,1
2026-07-21T06,26.75,56.75,27.1,3.525,3.967,1,1,1,1,1
2026-07-21T07,29.5,49.0,26.275,11.15,1.85,1,1,1,1,1
2026-07-21T08,30.5,55.5,27.2,22.467,1.333,1,1,1,1,1
2026-07-21T09,30.333,56.333,24.6,4.3,,1,1,1,1,0
2026-07-21T10,32.25,52.0,34.025,2.4,,1,1,1,1,0
2026-07-21T11,16.5,48.0,140.725,6.4,,1,1,1,1,0
2026-07-21T12,23.0,53.75,35.475,30.35,7.2,1,1,1,1,1
2026-07-21T13,33.75,73.25,27.05,7.175,5.575,1,1,1,1,1
2026-07-21T14,25.5,59.5,58.5,17.15,4.525,1,1,1,1,1
2026-07-21T15,27.25,65.75,38.025,26.625,5.15,1,1,1,1,1
2026-07-21T16,27.5,57.25,38.625,10.7,4.95,1,1,1,1,1
2026-07-21T17,28.5,73.25,33.375,4.0,4.175,1,1,1,1,1
2026-07-21T21,23.0,44.0,28.4,12.1,1.6,1,1,1,1,1
2026-07-21T22,23.0,44.0,20.775,11.95,2.325,1,1,1,1,1
2026-07-21T23,27.0,62.0,18.25,7.35,2.65,1,1,1,1,1
2026-07-22T00,27.0,50.75,19.9,11.05,2.067,1,1,1,1,1
2026-07-22T01,27.0,37.25,21.65,13.1,1.85,1,1,1,1,1
2026-07-22T02,27.75,43.0,24.475,5.933,2.675,1,1,1,1,1
2026-07-22T03,31.75,40.75,29.75,2.875,2.825,1,1,1,1,1
2026-07-22T04,31.5,42.75,30.475,5.875,2.825,1,1,1,1,1
2026-07-22T05,31.0,50.0,27.15,21.05,2.95,1,1,1,1,1
2026-07-22T06,28.0,52.0,24.525,29.2,1.833,1,1,1,1,1
2026-07-22T07,27.0,46.0,24.25,23.4,1.325,1,1,1,1,1
2026-07-22T08,21.0,45.5,26.35,12.9,1.525,1,1,1,1,1
2026-07-22T09,19.75,46.75,27.05,11.733,2.475,1,1,1,1,1
2026-07-22T10,23.75,55.25,27.475,11.5,2.05,1,1,1,1,1
2026-07-22T11,19.75,50.5,27.775,11.5,1.2,1,1,1,1,1
2026-07-22T12,16.5,46.5,29.975,11.025,1.633,1,1,1,1,1
2026-07-22T13,20.5,58.75,37.175,12.75,3.75,1,1,1,1,1
2026-07-22T14,24.25,80.25,47.725,7.85,4.3,1,1,1,1,1
2026-07-22T15,29.5,90.5,49.275,12.2,5.95,1,1,1,1,1
2026-07-22T16,28.75,82.25,47.4,12.025,6.7,1,1,1,1,1
2026-07-22T17,28.0,71.5,31.8,18.05,6.65,1,1,1,1,1
2026-07-22T18,24.0,68.0,30.9,14.8,1.5,1,1,1,1,1
2026-07-22T19,27.0,69.5,27.775,11.75,1.225,1,1,1,1,1
2026-07-22T20,23.5,44.5,20.375,11.25,0.533,1,1,1,1,1
2026-07-22T21,22.75,48.0,24.35,10.65,1.475,1,1,1,1,1
2026-07-22T22,24.5,55.75,23.325,9.4,1.375,1,1,1,1,1
2026-07-22T23,27.25,48.0,23.975,14.425,1.175,1,1,1,1,1
2026-07-23T00,21.25,51.0,28.05,7.3,1.3,1,1,1,1,1
2026-07-23T01,25.0,47.0,23.3,11.2,2.875,1,1,1,1,1
2026-07-23T02,27.0,46.5,23.7,14.6,3.125,1,1,1,1,1
2026-07-23T03,27.0,59.0,25.05,15.0,3.05,1,1,1,1,1
2026-07-23T04,28.5,67.5,27.275,15.45,3.475,1,1,1,1,1
2026-07-23T05,32.75,67.5,25.525,13.725,3.725,1,1,1,1,1
2026-07-23T06,28.75,67.75,24.475,14.3,3.567,1,1,1,1,1
2026-07-23T07,31.5,61.25,25.175,14.2,3.55,1,1,1,1,1
2026-07-23T08,31.5,61.25,26.55,13.775,2.85,1,1,1,1,1
2026-07-23T09,28.75,65.0,23.525,15.725,3.125,1,1,1,1,1
2026-07-23T10,30.25,68.25,29.525,13.9,2.7,1,1,1,1,1
2026-07-23T11,25.0,69.0,34.85,6.55,2.967,1,1,1,1,1
2026-07-23T12,23.75,73.5,30.825,22.35,5.3,1,1,1,1,1
2026-07-23T13,23.25,68.25,33.05,5.367,6.025,1,1,1,1,1
2026-07-23T14,23.75,75.0,46.625,18.1,7.75,1,1,1,1,1
2026-07-23T15,31.5,91.5,39.575,19.975,8.825,1,1,1,1,1
2026-07-23T16,34.0,95.25,34.175,23.85,8.25,1,1,1,1,1
2026-07-23T17,28.75,78.5,24.65,20.5,7.5,1,1,1,1,1
2026-07-23T18,25.0,48.0,25.6,16.4,5.5,1,1,1,1,1
2026-07-23T19,31.75,51.75,24.375,16.05,5.675,1,1,1,1,1
2026-07-23T20,36.5,50.5,24.7,17.05,5.8,1,1,1,1,1
2026-07-23T21,36.75,53.25,18.575,19.3,4.575,1,1,1,1,1
2026-07-23T22,36.0,43.75,18.325,19.875,4.5,1,1,1,1,1
2026-07-23T23,40.5,55.75,21.925,17.85,5.1,1,1,1,1,1
2026-07-24T00,42.0,61.0,20.175,17.425,5.367,1,1,1,1,1
2026-07-24T01,39.0,50.0,24.2,13.4,5.475,1,1,1,1,1
2026-07-24T02,39.0,60.5,22.475,18.4,5.8,1,1,1,1,1
2026-07-24T03,34.5,67.75,25.8,19.675,6.25,1,1,1,1,1
2026-07-24T04,41.0,80.333,26.567,18.0,6.833,1,1,1,1,1
2026-07-24T06,25.0,38.0,25.6,21.5,5.1,1,1,1,1,1
2026-07-24T07,22.75,39.5,25.65,13.425,4.725,1,1,1,1,1
2026-07-24T08,20.5,37.0,24.275,22.8,4.75,1,1,1,1,1
2026-07-24T09,17.75,47.25,25.6,24.475,5.15,1,1,1,1,1
2026-07-24T10,17.75,36.0,24.05,20.075,5.4,1,1,1,1,1
2026-07-24T11,15.0,36.25,27.325,9.267,5.05,1,1,1,1,1
2026-07-24T12,20.75,57.5,28.375,11.4,5.533,1,1,1,1,1
2026-07-24T13,27.5,71.5,30.65,7.225,5.95,1,1,1,1,1
2026-07-24T14,25.25,64.25,34.325,13.45,6.925,1,1,1,1,1
2026-07-24T15,30.75,83.5,34.4,13.225,6.65,1,1,1,1,1
2026-07-24T16,39.75,91.0,31.375,15.025,7.5,1,1,1,1,1
2026-07-24T17,37.5,78.25,28.0,16.3,7.8,1,1,1,1,1
2026-07-24T18,27.0,66.0,27.2,21.5,7.7,1,1,1,1,1
2026-07-24T19,33.75,62.25,24.95,23.075,8.525,1,1,1,1,1
2026-07-24T20,30.75,58.75,22.0,23.35,7.925,1,1,1,1,1
2026-07-24T21,28.25,40.75,24.575,16.125,9.075,1,1,1,1,1
2026-07-24T22,28.75,44.75,26.3,16.625,8.425,1,1,1,1,1
2026-07-24T23,29.0,57.75,25.475,30.425,8.225,1,1,1,1,1
2026-07-25T00,24.5,44.5,27.575,28.525,6.767,1,1,1,1,1
2026-07-25T01,29.0,52.5,26.45,20.4,5.825,1,1,1,1,1
2026-07-25T02,31.0,64.5,26.55,17.075,5.925,1,1,1,1,1
2026-07-25T03,34.0,55.0,25.55,22.275,5.825,1,1,1,1,1
2026-07-25T04,39.5,60.0,25.425,23.825,5.7,1,1,1,1,1
2026-07-25T05,35.75,67.5,26.6,23.525,5.7,1,1,1,1,1
2026-07-25T06,46.0,75.75,29.45,25.275,5.867,1,1,1,1,1
2026-07-25T07,44.0,69.0,28.6,21.275,5.2,1,1,1,1,1
2026-07-25T08,39.0,66.75,26.125,24.975,4.75,1,1,1,1,1
2026-07-25T09,30.5,55.75,26.875,20.15,5.1,1,1,1,1,1
2026-07-25T10,24.25,58.75,36.125,16.2,5.925,1,1,1,1,1
2026-07-25T11,28.25,73.0,27.375,11.725,5.75,1,1,1,1,1
2026-07-25T12,24.0,65.0,29.25,14.55,5.05,1,1,1,1,1
2026-07-25T13,22.5,69.5,30.9,13.2,4.925,1,1,1,1,1
2026-07-25T14,28.5,74.25,33.475,18.05,4.975,1,1,1,1,1
2026-07-25T15,24.75,62.0,30.95,20.0,6.2,1,1,1,1,1
2026-07-25T16,26.75,60.25,32.475,14.525,5.675,1,1,1,1,1
2026-07-25T17,36.25,78.25,32.875,18.95,5.8,1,1,1,1,1
2026-07-25T18,30.0,72.0,28.9,16.5,7.0,1,1,1,1,1
2026-07-25T19,34.5,69.0,27.5,18.025,7.025,1,1,1,1,1
2026-07-25T20,42.75,72.5,26.4,15.575,7.3,1,1,1,1,1
2026-07-25T21,45.75,74.0,29.625,21.25,7.825,1,1,1,1,1
2026-07-25T22,37.75,56.75,29.35,19.475,7.775,1,1,1,1,1
2026-07-25T23,33.5,42.0,26.825,23.675,7.625,1,1,1,1,1
2026-07-26T00,31.5,39.0,27.225,20.325,6.367,1,1,1,1,1
2026-07-26T01,31.0,57.0,27.575,15.875,5.1,1,1,1,1,1
2026-07-26T02,31.0,55.5,25.6,18.775,4.775,1,1,1,1,1
2026-07-26T03,25.75,49.25,25.65,21.825,5.05,1,1,1,1,1
2026-07-26T04,36.75,63.75,28.675,24.3,4.95,1,1,1,1,1
2026-07-26T05,31.25,66.75,24.8,25.275,5.35,1,1,1,1,1
2026-07-26T06,43.0,99.75,29.375,33.7,3.475,1,1,1,1,1
2026-07-26T07,38.25,77.25,33.475,14.375,1.4,1,1,1,1,1
2026-07-26T08,35.75,75.75,41.2,2.275,,1,1,1,1,0
2026-07-26T15,,,,19.9,3.9,0,0,0,1,1
2026-07-26T20,,,,35.0,4.5,0,0,0,1,1
2026-07-26T21,,,70.0,6.075,22.375,0,0,1,1,1
2026-07-27T03,,,,19.0,3.9,0,0,0,1,1
2026-07-27T04,,,,18.2,3.9,0,0,0,1,1
2026-07-27T05,,,41.525,32.65,25.625,0,0,1,1,1
2026-07-27T06,11.0,66.0,46.6,26.375,20.033,1,1,1,1,1
2026-07-27T07,17.75,67.5,24.3,24.675,6.075,1,1,1,1,1
2026-07-27T08,11.75,69.5,31.975,24.425,8.575,1,1,1,1,1
2026-07-27T09,14.25,90.25,39.675,26.8,9.45,1,1,1,1,1
2026-07-27T10,21.25,92.5,33.775,25.65,10.7,1,1,1,1,1
2026-07-27T11,22.25,79.0,35.375,31.025,12.325,1,1,1,1,1
2026-07-27T12,27.25,60.75,40.5,21.875,13.167,1,1,1,1,1
2026-07-27T13,40.25,66.5,56.525,12.0,12.275,1,1,1,1,1
2026-07-27T14,39.5,79.75,40.75,7.367,13.325,1,1,1,1,1
2026-07-27T15,36.5,85.25,41.275,6.4,8.375,1,1,1,1,1
2026-07-27T16,36.0,80.0,38.7,1.95,12.675,1,1,1,1,1
2026-07-27T17,44.25,91.5,29.8,11.467,15.875,1,1,1,1,1
2026-07-27T18,34.0,72.0,21.3,20.8,6.5,1,1,1,1,1
2026-07-27T19,26.5,69.0,28.45,17.6,4.625,1,1,1,1,1
2026-07-27T20,26.25,65.0,25.575,21.567,3.35,1,1,1,1,1
2026-07-27T21,17.25,53.5,23.075,21.95,3.7,1,1,1,1,1
2026-07-27T22,16.25,34.25,27.925,20.525,4.1,1,1,1,1,1
2026-07-27T23,14.75,38.75,33.725,14.1,4.675,1,1,1,1,1
2026-07-28T00,17.0,39.0,28.75,14.7,4.767,1,1,1,1,1
2026-07-28T01,16.5,44.0,27.65,16.8,5.975,1,1,1,1,1
2026-07-28T02,21.25,55.75,22.575,16.975,6.2,1,1,1,1,1
2026-07-28T03,23.0,59.0,29.45,6.1,6.05,1,1,1,1,1
2026-07-28T04,25.0,36.0,31.075,14.033,4.625,1,1,1,1,1
2026-07-28T05,37.75,76.5,36.825,21.25,3.35,1,1,1,1,1
2026-07-28T06,29.25,73.5,22.9,,4.267,1,1,1,0,1
2026-07-28T07,8.5,25.25,42.55,,8.05,1,1,1,0,1
2026-07-28T08,4.5,7.25,37.4,,9.275,1,1,1,0,1
2026-07-28T09,5.0,6.0,43.5,,9.033,1,1,1,0,1
2026-07-28T10,6.0,18.0,48.0,,8.2,1,1,1,0,1
2026-07-28T11,9.333,19.333,42.567,,5.433,1,1,1,0,1
2026-07-28T12,16.25,25.25,56.55,,5.2,1,1,1,0,1
2026-07-28T13,21.0,52.0,55.0,,5.4,1,1,1,0,1
2026-07-28T14,26.25,63.5,51.225,6.0,7.225,1,1,1,1,1
2026-07-28T15,60.75,98.75,53.225,28.575,7.275,1,1,1,1,1
2026-07-28T16,39.75,79.0,49.45,21.175,8.025,1,1,1,1,1
2026-07-28T17,25.25,65.0,44.9,19.55,8.3,1,1,1,1,1
2026-07-28T18,23.0,42.0,41.8,18.8,8.8,1,1,1,1,1
2026-07-28T19,22.25,57.0,46.525,19.15,10.3,1,1,1,1,1
2026-07-28T20,19.0,57.5,46.65,20.025,11.175,1,1,1,1,1
2026-07-28T21,24.75,71.75,45.725,20.1,10.8,1,1,1,1,1
2026-07-28T22,37.5,87.5,50.975,20.625,12.075,1,1,1,1,1
2026-07-28T23,46.25,94.75,49.925,19.825,11.525,1,1,1,1,1
2026-07-29T00,40.5,75.0,41.775,18.8,9.933,1,1,1,1,1
2026-07-29T01,31.25,79.25,41.525,20.275,7.5,1,1,1,1,1
2026-07-29T02,26.0,56.0,37.475,20.9,6.9,1,1,1,1,1
2026-07-29T03,28.75,66.5,41.225,21.45,7.025,1,1,1,1,1
2026-07-29T04,38.25,94.0,44.1,22.05,6.6,1,1,1,1,1
2026-07-29T05,40.25,84.5,36.175,22.0,6.3,1,1,1,1,1
2026-07-29T06,33.25,75.25,32.025,22.7,5.7,1,1,1,1,1
2026-07-29T07,36.25,74.0,29.9,22.75,6.75,1,1,1,1,1
2026-07-29T08,39.5,86.0,42.325,22.5,7.975,1,1,1,1,1
2026-07-29T09,44.5,103.5,29.95,20.9,8.225,1,1,1,1,1
2026-07-29T10,46.0,85.5,32.15,20.8,8.45,1,1,1,1,1
2026-07-29T11,42.25,75.75,33.0,20.625,8.45,1,1,1,1,1
2026-07-29T12,33.5,66.75,34.175,20.425,6.967,1,1,1,1,1
2026-07-29T13,41.5,87.25,37.975,21.475,7.45,1,1,1,1,1
2026-07-29T14,54.75,114.5,50.425,21.475,8.125,1,1,1,1,1
2026-07-29T15,58.0,142.0,56.925,20.325,9.45,1,1,1,1,1
2026-07-29T16,60.25,150.5,53.4,19.975,10.75,1,1,1,1,1
2026-07-29T17,55.0,143.5,59.675,20.425,10.825,1,1,1,1,1
2026-07-29T18,53.0,161.0,50.2,19.6,9.9,1,1,1,1,1
2026-07-29T19,53.0,155.0,45.4,20.65,9.75,1,1,1,1,1
2026-07-29T20,56.75,156.75,37.05,20.0,8.675,1,1,1,1,1
2026-07-29T21,44.5,114.5,33.35,19.175,7.65,1,1,1,1,1
2026-07-29T22,35.5,83.5,28.35,19.025,6.375,1,1,1,1,1
2026-07-29T23,20.5,72.0,24.9,19.275,6.8,1,1,1,1,1
2026-07-30T01,38.0,89.0,25.3,22.6,5.9,1,1,1,1,1
2026-07-30T02,35.75,93.5,24.825,19.1,5.85,1,1,1,1,1
2026-07-30T03,41.75,92.75,28.925,18.8,6.65,1,1,1,1,1
2026-07-30T04,34.25,98.75,25.55,19.55,6.675,1,1,1,1,1
2026-07-30T05,36.25,86.0,22.05,18.725,6.125,1,1,1,1,1
2026-07-30T06,29.75,64.5,30.625,18.875,5.833,1,1,1,1,1
2026-07-30T07,21.0,53.75,26.65,19.5,5.775,1,1,1,1,1
2026-07-30T08,25.0,57.25,27.95,18.975,4.5,1,1,1,1,1
2026-07-30T09,23.25,53.0,31.775,18.975,5.475,1,1,1,1,1
2026-07-30T10,16.0,45.75,29.35,18.55,5.875,1,1,1,1,1
2026-07-30T11,18.5,38.0,27.275,18.8,4.4,1,1,1,1,1
2026-07-30T12,29.75,72.75,35.325,19.925,6.6,1,1,1,1,1
2026-07-30T13,27.0,85.0,36.275,19.525,6.875,1,1,1,1,1
2026-07-30T14,22.75,77.5,31.025,18.7,7.2,1,1,1,1,1
2026-07-30T15,28.75,84.75,35.15,19.125,7.75,1,1,1,1,1
2026-07-30T16,28.75,82.75,37.55,19.275,8.75,1,1,1,1,1
2026-07-30T17,22.0,78.0,37.4,18.875,9.0,1,1,1,1,1
2026-07-30T18,19.0,73.0,30.8,19.3,7.5,1,1,1,1,1
2026-07-30T19,19.75,62.5,28.275,18.875,6.9,1,1,1,1,1
2026-07-30T20,17.0,53.75,26.3,18.825,7.925,1,1,1,1,1
2026-07-30T21,16.0,46.0,21.95,18.95,7.075,1,1,1,1,1
2026-07-30T22,17.5,52.25,21.475,19.425,7.75,1,1,1,1,1
2026-07-30T23,17.25,42.25,21.15,18.875,7.175,1,1,1,1,1
2026-07-31T00,11.0,38.75,16.4,19.475,7.9,1,1,1,1,1
2026-07-31T01,15.0,39.75,26.65,19.425,7.15,1,1,1,1,1
2026-07-31T02,13.25,41.5,46.675,19.125,7.775,1,1,1,1,1
2026-07-31T03,16.5,45.75,50.475,19.15,8.4,1,1,1,1,1
2026-07-31T04,18.75,50.0,57.875,18.4,9.35,1,1,1,1,1
2026-07-31T05,17.5,60.0,72.875,19.825,8.65,1,1,1,1,1
2026-07-31T06,16.25,60.0,64.6,19.725,8.0,1,1,1,1,1
2026-07-31T07,20.5,73.25,77.35,20.175,6.725,1,1,1,1,1
2026-07-31T08,24.25,69.0,81.825,20.525,6.7,1,1,1,1,1
2026-07-31T09,27.25,66.75,24.025,19.95,6.55,1,1,1,1,1
2026-07-31T10,25.0,64.0,36.95,19.825,5.5,1,1,1,1,1
2026-07-31T11,30.75,72.0,33.475,18.9,1.65,1,1,1,1,1
2026-07-31T12,18.75,62.25,33.75,22.9,2.65,1,1,1,1,1
2026-07-31T13,20.0,61.0,25.75,30.475,8.9,1,1,1,1,1
2026-07-31T14,22.0,61.25,32.05,29.7,11.825,1,1,1,1,1
2026-07-31T15,20.667,68.333,35.667,29.433,11.733,1,1,1,1,1
2026-07-31T16,18.5,68.25,32.75,29.1,12.575,1,1,1,1,1
2026-07-31T17,26.25,69.25,29.575,29.0,13.425,1,1,1,1,1
2026-07-31T18,,,26.3,29.1,13.5,0,0,1,1,1
2026-07-31T19,27.0,72.0,29.0,29.6,14.3,1,1,1,1,1
2026-07-31T20,29.25,65.25,22.725,28.825,13.525,1,1,1,1,1
2026-07-31T21,21.75,51.0,17.8,28.95,14.15,1,1,1,1,1
2026-07-31T22,19.0,47.0,14.3,29.2,14.25,1,1,1,1,1
2026-07-31T23,18.25,38.0,16.325,28.975,14.425,1,1,1,1,1
2026-08-01T00,15.0,41.75,19.825,29.05,13.733,1,1,1,1,1
2026-08-01T01,13.25,29.75,36.05,29.725,8.85,1,1,1,1,1
2026-08-01T02,23.5,37.0,19.825,28.875,9.525,1,1,1,1,1
2026-08-01T03,29.25,62.75,17.6,28.825,10.5,1,1,1,1,1
2026-08-01T04,32.25,60.25,18.525,28.5,11.925,1,1,1,1,1
2026-08-01T05,30.75,72.75,17.025,29.45,12.2,1,1,1,1,1
2026-08-01T06,32.25,77.25,20.125,29.8,8.167,1,1,1,1,1
2026-08-01T07,39.75,86.75,20.025,29.85,8.65,1,1,1,1,1
2026-08-01T08,36.0,83.25,23.275,28.425,8.075,1,1,1,1,1
2026-08-01T09,30.25,82.5,20.1,29.825,8.125,1,1,1,1,1
2026-08-01T10,30.5,80.0,23.6,25.675,8.175,1,1,1,1,1
2026-08-01T11,37.75,82.0,19.7,27.275,9.225,1,1,1,1,1
2026-08-01T12,43.0,84.5,26.65,31.3,7.567,1,1,1,1,1
2026-08-01T13,45.5,96.25,26.3,29.025,10.2,1,1,1,1,1
2026-08-01T14,41.5,94.0,36.925,29.675,12.125,1,1,1,1,1
2026-08-01T15,49.0,110.0,28.85,29.1,13.425,1,1,1,1,1
2026-08-01T16,52.0,101.75,25.85,29.3,13.8,1,1,1,1,1
2026-08-01T17,47.5,104.5,25.1,28.425,10.55,1,1,1,1,1
2026-08-01T18,34.0,105.0,22.2,30.6,12.6,1,1,1,1,1
2026-08-01T19,22.0,52.5,19.8,31.1,10.925,1,1,1,1,1
2026-08-01T20,15.0,38.0,15.75,29.15,11.15,1,1,1,1,1
2026-08-01T21,9.5,20.25,15.3,28.5,11.575,1,1,1,1,1
2026-08-01T22,6.5,9.5,22.3,28.25,12.2,1,1,1,1,1
2026-08-01T23,6.0,8.0,24.175,27.675,13.125,1,1,1,1,1
2026-08-02T00,9.75,33.5,23.25,26.95,11.533,1,1,1,1,1
2026-08-02T01,23.75,57.75,24.875,26.6,8.475,1,1,1,1,1
2026-08-02T02,30.25,49.5,16.95,28.525,8.075,1,1,1,1,1
2026-08-02T03,31.0,45.75,19.2,27.225,6.45,1,1,1,1,1
2026-08-02T04,24.25,43.0,15.775,28.975,6.475,1,1,1,1,1
2026-08-02T05,19.75,31.5,16.525,29.275,3.2,1,1,1,1,1
2026-08-02T06,25.75,40.0,19.2,28.825,7.467,1,1,1,1,1
2026-08-02T07,33.25,47.0,24.1,25.025,14.875,1,1,1,1,1
2026-08-02T08,32.0,47.25,38.7,28.2,14.95,1,1,1,1,1
2026-08-02T09,32.5,47.0,48.95,29.375,14.125,1,1,1,1,1
2026-08-02T10,21.75,,53.8,28.4,14.1,1,0,1,1,1
2026-08-02T11,21.0,39.0,72.975,28.975,15.3,1,1,1,1,1
2026-08-02T12,26.0,51.0,23.6,24.8,12.05,1,1,1,1,1
2026-08-02T13,26.25,73.5,22.95,28.25,9.575,1,1,1,1,1
2026-08-02T14,24.25,63.5,33.15,24.8,8.975,1,1,1,1,1
2026-08-02T15,28.5,68.75,25.35,28.325,9.575,1,1,1,1,1
2026-08-02T16,28.5,75.75,25.375,27.675,9.325,1,1,1,1,1
2026-08-02T17,33.25,67.25,25.0,27.0,9.35,1,1,1,1,1
2026-08-02T18,30.0,72.0,24.2,27.0,12.2,1,1,1,1,1
2026-08-02T19,37.5,88.5,18.6,27.025,11.875,1,1,1,1,1
2026-08-02T20,28.0,52.75,16.2,26.525,11.0,1,1,1,1,1
2026-08-02T21,29.25,54.0,17.225,27.525,10.85,1,1,1,1,1
2026-08-02T22,19.75,43.25,16.05,27.05,10.975,1,1,1,1,1
2026-08-02T23,19.0,36.5,17.95,27.5,9.725,1,1,1,1,1
2026-08-03T00,17.75,31.5,18.4,27.025,10.5,1,1,1,1,1
2026-08-03T01,19.25,33.75,18.4,26.975,10.45,1,1,1,1,1
2026-08-03T02,27.5,48.5,19.775,26.175,11.05,1,1,1,1,1
2026-08-03T03,30.0,69.5,18.225,27.025,10.8,1,1,1,1,1
2026-08-03T04,29.25,60.75,21.425,26.875,11.025,1,1,1,1,1
2026-08-03T05,24.5,52.25,21.25,29.2,9.15,1,1,1,1,1
2026-08-03T06,20.0,43.5,21.0,28.9,10.033,1,1,1,1,1
2026-08-03T07,22.75,52.25,21.3,27.925,13.775,1,1,1,1,1
2026-08-03T08,19.5,60.5,23.5,29.075,13.3,1,1,1,1,1
2026-08-03T09,16.5,48.5,22.3,29.175,10.925,1,1,1,1,1
2026-08-03T10,19.0,53.0,92.575,15.975,11.9,1,1,1,1,1
2026-08-03T11,21.5,61.25,89.5,22.4,13.15,1,1,1,1,1
2026-08-03T12,16.0,60.0,57.575,17.675,17.3,1,1,1,1,1
2026-08-03T13,27.0,85.0,48.5,27.3,8.4,1,1,1,1,1
2026-08-03T14,24.75,81.25,43.175,23.6,12.175,1,1,1,1,1
2026-08-03T15,22.5,65.75,44.9,24.475,12.25,1,1,1,1,1
2026-08-03T16,22.75,82.75,46.7,28.85,11.175,1,1,1,1,1
2026-08-03T17,18.5,81.75,44.4,27.3,10.6,1,1,1,1,1
2026-08-03T18,25.0,58.0,34.1,25.2,8.2,1,1,1,1,1
2026-08-03T19,16.75,55.75,33.575,25.25,6.875,1,1,1,1,1
2026-08-03T20,11.75,37.0,30.475,26.3,6.075,1,1,1,1,1
2026-08-03T21,14.75,28.0,28.375,27.775,7.0,1,1,1,1,1
2026-08-03T22,16.0,24.333,24.9,35.233,7.133,1,1,1,1,1
2026-08-03T23,16.0,8.0,24.175,29.1,6.35,1,1,1,1,1
2026-08-04T00,1.0,9.0,28.15,23.125,6.267,1,1,1,1,1
2026-08-04T01,6.25,17.0,24.875,25.7,8.025,1,1,1,1,1
2026-08-04T02,12.5,28.0,26.725,30.9,9.4,1,1,1,1,1
2026-08-04T03,8.0,33.25,29.65,30.925,10.075,1,1,1,1,1
2026-08-04T04,6.75,39.25,29.525,25.1,11.025,1,1,1,1,1
2026-08-04T05,13.75,47.75,29.5,24.95,11.4,1,1,1,1,1
2026-08-04T06,14.5,50.75,26.4,25.475,11.533,1,1,1,1,1
2026-08-04T07,14.0,46.333,24.0,28.0,13.467,1,1,1,1,1
2026-08-04T08,17.0,49.25,21.15,23.025,13.6,1,1,1,1,1
2026-08-04T09,11.333,28.333,24.167,27.933,11.433,1,1,1,1,1
2026-08-04T10,17.0,21.5,26.5,22.7,11.65,1,1,1,1,1
2026-08-04T11,22.0,37.667,30.7,23.1,11.033,1,1,1,1,1
2026-08-04T12,23.0,45.0,45.975,27.35,11.1,1,1,1,1,1
2026-08-04T13,27.0,42.0,52.9,26.8,10.4,1,1,1,1,1
2026-08-04T14,27.0,57.75,61.05,27.275,12.975,1,1,1,1,1
2026-08-04T15,19.5,48.75,56.05,27.35,12.225,1,1,1,1,1
2026-08-04T16,13.25,29.75,49.15,26.8,13.225,1,1,1,1,1
2026-08-04T17,16.5,46.0,48.275,27.85,13.925,1,1,1,1,1
2026-08-04T18,16.0,42.0,31.9,25.4,8.1,1,1,1,1,1
2026-08-04T19,20.5,30.75,42.375,27.9,8.275,1,1,1,1,1
2026-08-04T20,20.5,25.5,45.525,27.175,8.45,1,1,1,1,1
2026-08-04T21,17.75,43.75,47.5,27.175,7.675,1,1,1,1,1
2026-08-04T22,25.25,59.75,40.15,27.475,7.35,1,1,1,1,1
2026-08-04T23,27.25,55.5,33.55,27.325,8.625,1,1,1,1,1
2026-08-05T00,23.25,48.5,30.525,27.45,8.4,1,1,1,1,1
2026-08-05T01,28.75,53.75,32.375,27.65,9.0,1,1,1,1,1
2026-08-05T02,25.0,56.0,30.475,27.075,9.225,1,1,1,1,1
2026-08-05T03,26.0,51.5,30.425,26.55,8.475,1,1,1,1,1
2026-08-05T04,33.75,59.75,32.475,26.725,8.45,1,1,1,1,1
2026-08-05T05,39.0,71.25,27.55,28.4,7.85,1,1,1,1,1
2026-08-05T06,43.75,64.25,34.675,27.95,8.167,1,1,1,1,1
2026-08-05T07,36.75,42.25,35.7,27.975,9.5,1,1,1,1,1
2026-08-05T08,48.25,79.5,31.8,26.2,9.375,1,1,1,1,1
2026-08-05T09,42.5,64.75,46.675,46.7,11.925,1,1,1,1,1
2026-08-05T10,36.0,59.5,36.0,28.075,7.25,1,1,1,1,1
2026-08-05T11,38.75,74.5,46.05,23.0,2.05,1,1,1,1,1
2026-08-05T12,45.25,97.0,71.075,19.625,4.2,1,1,1,1,1
2026-08-05T13,47.0,103.0,2.9,10.6,3.9,1,1,1,1,1
2026-08-05T17,,,37.2,10.6,7.5,0,0,1,1,1
2026-08-05T23,,,39.8,10.6,4.55,0,0,1,1,1
2026-08-06T01,,,21.7,10.6,10.5,0,0,1,1,1
2026-08-06T02,,,,10.6,3.9,0,0,0,1,1
2026-08-06T03,,,68.5,10.6,15.25,0,0,1,1,1
2026-08-06T04,,,84.3,10.6,11.95,0,0,1,1,1
2026-08-06T05,,,47.175,10.6,49.95,0,0,1,1,1
2026-08-06T06,11.0,23.0,51.575,12.25,38.775,1,1,1,1,1
2026-08-06T07,11.0,23.0,32.6,14.5,12.8,1,1,1,1,1
2026-08-06T08,,,18.35,18.925,26.85,0,0,1,1,1
2026-08-06T09,1.0,28.0,18.4,24.15,30.825,1,1,1,1,1
2026-08-06T10,16.75,33.25,17.05,25.875,33.4,1,1,1,1,1
2026-08-06T11,31.0,38.0,12.4,26.1,35.7,1,1,1,1,1
2026-08-06T12,29.5,38.25,10.575,9.45,25.167,1,1,1,1,1
2026-08-06T13,13.75,38.0,9.05,26.875,14.425,1,1,1,1,1
2026-08-06T14,10.5,28.0,16.675,29.2,16.275,1,1,1,1,1
2026-08-06T17,46.0,78.0,20.0,31.0,21.7,1,1,1,1,1
2026-08-06T18,61.0,66.0,20.6,31.9,13.2,1,1,1,1,1
2026-08-06T19,115.75,130.5,22.1,33.025,11.7,1,1,1,1,1
2026-08-06T20,79.25,90.5,21.45,30.375,12.525,1,1,1,1,1
2026-08-06T21,43.667,47.333,24.4,30.1,13.933,1,1,1,1,1
2026-08-06T22,27.667,37.333,18.3,30.133,14.733,1,1,1,1,1
2026-08-06T23,24.0,38.0,18.7,30.225,15.2,1,1,1,1,1
2026-08-07T00,22.0,29.0,11.867,29.667,14.15,1,1,1,1,1
2026-08-07T01,19.0,36.0,14.7,30.0,7.6,1,1,1,1,1
2026-08-07T02,26.5,32.25,17.725,30.175,9.35,1,1,1,1,1
2026-08-07T03,23.0,29.0,12.867,30.333,8.533,1,1,1,1,1
2026-08-07T05,,,20.3,30.1,9.7,0,0,1,1,1
2026-08-07T06,,,21.425,30.725,11.533,0,0,1,1,1
2026-08-07T07,,,37.767,31.133,14.233,0,0,1,1,1
2026-08-07T08,,,26.9,30.7,14.225,0,0,1,1,1
2026-08-07T09,,,19.367,29.767,12.433,0,0,1,1,1
2026-08-07T10,42.0,72.0,15.1,30.0,13.375,1,1,1,1,1
2026-08-07T11,42.0,72.0,14.8,30.725,13.325,1,1,1,1,1
2026-08-07T12,,,14.75,87.625,13.1,0,0,1,1,1
2026-08-07T13,14.0,30.0,13.55,32.325,12.775,1,1,1,1,1
2026-08-07T14,14.0,30.0,21.975,9.8,13.975,1,1,1,1,1
2026-08-07T15,,,43.45,36.1,14.05,0,0,1,1,1
2026-08-07T16,,,43.55,28.375,18.05,0,0,1,1,1
2026-08-07T17,30.0,42.0,33.95,30.4,18.775,1,1,1,1,1
2026-08-07T18,19.0,24.0,27.9,30.0,12.2,1,1,1,1,1
2026-08-07T19,11.5,15.0,22.7,29.8,11.3,1,1,1,1,1
2026-08-07T20,9.0,12.0,19.975,29.875,11.675,1,1,1,1,1
2026-08-07T21,12.0,14.0,18.667,29.833,11.067,1,1,1,1,1
2026-08-07T22,20.25,34.25,19.35,30.025,12.4,1,1,1,1,1
2026-08-07T23,27.5,45.5,21.85,30.25,12.6,1,1,1,1,1
2026-08-08T00,32.0,47.0,20.25,30.475,11.5,1,1,1,1,1
2026-08-08T01,31.5,46.25,19.175,30.475,8.15,1,1,1,1,1
2026-08-08T02,31.0,46.0,12.3,30.2,9.325,1,1,1,1,1
2026-08-08T03,,,16.6,30.5,9.325,0,0,1,1,1
2026-08-08T04,59.0,77.0,16.8,30.825,8.55,1,1,1,1,1
2026-08-08T05,59.0,77.0,12.825,30.625,9.2,1,1,1,1,1
2026-08-08T06,40.0,58.0,13.45,30.975,11.233,1,1,1,1,1
2026-08-08T07,46.0,53.5,14.0,31.05,11.15,1,1,1,1,1
2026-08-08T08,36.75,51.25,18.75,31.225,10.5,1,1,1,1,1
2026-08-08T09,27.0,39.75,12.975,34.125,11.1,1,1,1,1,1
2026-08-08T10,28.0,46.5,20.025,33.025,12.35,1,1,1,1,1
2026-08-08T11,26.0,32.75,13.2,32.0,11.925,1,1,1,1,1
2026-08-08T12,16.0,32.25,24.85,31.6,11.133,1,1,1,1,1
2026-08-08T13,19.75,33.25,33.1,31.05,11.725,1,1,1,1,1
2026-08-08T14,24.25,33.75,36.275,31.9,15.375,1,1,1,1,1
2026-08-08T15,37.75,55.75,36.35,32.7,17.425,1,1,1,1,1
2026-08-08T16,49.5,63.0,32.775,32.375,19.95,1,1,1,1,1
2026-08-08T17,49.0,69.75,23.925,31.875,19.2,1,1,1,1,1
2026-08-08T19,56.0,81.0,31.7,31.5,13.6,1,1,1,1,1
2026-08-08T20,47.0,79.5,16.6,31.4,14.8,1,1,1,1,1
2026-08-08T21,49.25,75.25,8.975,31.7,14.725,1,1,1,1,1
2026-08-08T22,52.5,82.25,9.4,31.9,14.575,1,1,1,1,1
2026-08-08T23,63.5,93.25,8.95,32.15,14.3,1,1,1,1,1
2026-08-09T00,59.5,79.5,10.05,31.775,13.767,1,1,1,1,1
2026-08-09T01,54.0,79.25,7.325,31.625,11.075,1,1,1,1,1
2026-08-09T02,56.75,75.75,5.4,31.625,8.675,1,1,1,1,1
2026-08-09T03,54.25,65.75,8.725,31.275,7.35,1,1,1,1,1
2026-08-09T04,38.75,55.5,6.75,30.75,6.575,1,1,1,1,1
2026-08-09T05,37.333,63.0,7.3,30.733,6.567,1,1,1,1,1
2026-08-09T06,30.75,39.5,6.3,30.975,7.5,1,1,1,1,1
2026-08-09T07,20.667,42.0,7.533,30.567,9.0,1,1,1,1,1
2026-08-09T08,21.5,37.5,56.925,30.525,9.1,1,1,1,1,1
2026-08-09T09,20.333,50.667,45.167,31.567,9.233,1,1,1,1,1
2026-08-09T10,19.75,43.25,35.175,30.325,8.875,1,1,1,1,1
2026-08-09T11,16.0,38.667,21.1,30.1,8.867,1,1,1,1,1
2026-08-09T12,20.75,66.0,13.975,30.425,9.8,1,1,1,1,1
2026-08-09T13,31.0,76.333,23.167,30.633,10.033,1,1,1,1,1
2026-08-09T14,80.75,143.75,31.9,32.575,12.65,1,1,1,1,1
2026-08-09T15,57.0,109.75,27.35,30.65,12.975,1,1,1,1,1
2026-08-09T16,42.5,100.0,27.725,30.775,12.925,1,1,1,1,1
2026-08-09T17,46.5,112.75,26.3,30.975,11.775,1,1,1,1,1
2026-08-09T18,58.0,101.0,17.8,31.1,8.0,1,1,1,1,1
2026-08-09T19,60.25,95.75,19.125,30.95,8.975,1,1,1,1,1
2026-08-09T20,51.25,95.5,15.475,31.075,10.025,1,1,1,1,1
2026-08-09T21,40.5,71.25,15.825,31.35,10.125,1,1,1,1,1
2026-08-09T22,51.5,91.5,17.1,31.15,11.05,1,1,1,1,1
2026-08-09T23,53.75,91.25,18.775,31.125,11.275,1,1,1,1,1
2026-08-10T00,51.5,79.75,14.975,30.875,11.6,1,1,1,1,1
2026-08-10T01,54.0,80.0,10.45,31.0,10.25,1,1,1,1,1
2026-08-10T02,52.75,86.25,6.25,30.975,9.0,1,1,1,1,1
2026-08-10T03,44.5,70.0,9.95,30.775,8.125,1,1,1,1,1
2026-08-10T04,40.5,76.0,9.7,30.575,8.4,1,1,1,1,1
2026-08-10T05,40.75,74.0,13.825,30.525,10.025,1,1,1,1,1
2026-08-10T06,36.5,75.75,15.85,30.7,10.9,1,1,1,1,1
2026-08-10T07,32.0,78.5,15.35,30.55,10.675,1,1,1,1,1
2026-08-10T08,28.0,58.75,17.975,30.525,11.025,1,1,1,1,1
2026-08-10T09,17.25,56.5,15.75,30.4,10.65,1,1,1,1,1
2026-08-10T10,25.25,56.5,21.2,30.275,11.625,1,1,1,1,1
2026-08-10T11,26.0,47.75,27.625,30.15,10.0,1,1,1,1,1
2026-08-10T12,22.75,34.5,36.125,31.05,9.667,1,1,1,1,1
2026-08-10T13,36.25,50.5,49.325,30.725,10.6,1,1,1,1,1
2026-08-10T14,56.75,102.75,40.075,30.625,11.15,1,1,1,1,1
2026-08-10T15,55.25,92.5,25.125,31.3,13.15,1,1,1,1,1
2026-08-10T16,65.75,99.75,24.025,31.55,12.975,1,1,1,1,1
2026-08-10T17,65.5,98.25,12.95,31.5,13.5,1,1,1,1,1
2026-08-10T18,63.0,95.0,13.2,30.5,9.2,1,1,1,1,1
2026-08-10T19,57.0,68.0,16.425,30.55,7.525,1,1,1,1,1
2026-08-10T20,43.0,62.0,12.15,30.55,7.225,1,1,1,1,1
2026-08-10T21,40.333,72.333,15.6,30.367,6.3,1,1,1,1,1
2026-08-10T22,45.5,67.25,7.425,30.675,7.525,1,1,1,1,1
2026-08-10T23,39.0,48.667,12.867,30.333,7.567,1,1,1,1,1
2026-08-11T00,35.0,41.0,15.9,30.9,9.033,1,1,1,1,1
2026-08-11T01,55.0,66.0,18.167,30.4,12.1,1,1,1,1,1
2026-08-11T02,43.75,58.5,30.8,30.275,11.325,1,1,1,1,1
2026-08-11T03,50.0,64.0,14.667,30.867,15.6,1,1,1,1,1
2026-08-11T04,59.5,86.0,19.45,31.025,15.85,1,1,1,1,1
2026-08-11T05,69.25,102.5,22.625,30.825,13.625,1,1,1,1,1
2026-08-11T06,57.0,84.25,24.575,30.925,12.233,1,1,1,1,1
2026-08-11T07,77.5,95.0,22.225,31.45,10.575,1,1,1,1,1
2026-08-11T08,86.0,101.0,13.175,31.425,10.25,1,1,1,1,1
2026-08-11T09,70.0,92.0,8.625,30.675,9.925,1,1,1,1,1
2026-08-11T10,70.0,92.0,7.0,30.8,8.55,1,1,1,1,1
2026-08-11T11,53.0,64.0,9.367,30.975,8.575,1,1,1,1,1
2026-08-11T12,57.5,83.5,6.75,30.6,6.567,1,1,1,1,1
2026-08-11T13,41.75,56.25,7.825,30.95,3.8,1,1,1,1,1
2026-08-11T14,44.25,66.75,14.175,31.65,4.275,1,1,1,1,1
2026-08-11T15,53.75,72.5,12.425,31.1,5.35,1,1,1,1,1
2026-08-11T16,55.25,85.5,11.775,31.025,6.825,1,1,1,1,1
2026-08-11T17,53.5,90.0,14.25,30.825,6.825,1,1,1,1,1
2026-08-11T19,70.0,103.0,7.5,31.3,7.8,1,1,1,1,1
2026-08-11T20,67.0,102.25,12.6,31.15,8.0,1,1,1,1,1
2026-08-11T21,60.0,85.333,8.833,30.767,9.533,1,1,1,1,1
2026-08-11T22,45.667,61.0,8.967,30.867,10.367,1,1,1,1,1
2026-08-11T23,43.75,73.25,5.975,30.8,11.15,1,1,1,1,1
2026-08-12T00,51.0,78.5,6.7,31.35,11.467,1,1,1,1,1
2026-08-12T01,54.5,93.75,9.975,31.325,12.275,1,1,1,1,1
2026-08-12T02,55.75,83.25,10.325,31.675,10.575,1,1,1,1,1
2026-08-12T03,50.0,60.75,18.925,30.9,9.35,1,1,1,1,1
2026-08-12T04,49.5,97.0,17.675,31.175,10.75,1,1,1,1,1
2026-08-12T05,47.75,84.0,22.75,31.25,8.925,1,1,1,1,1
2026-08-12T06,32.75,79.5,27.55,31.15,7.833,1,1,1,1,1
2026-08-12T07,31.75,54.75,29.175,30.95,9.975,1,1,1,1,1
2026-08-12T08,37.5,67.75,71.275,30.725,9.15,1,1,1,1,1
2026-08-12T09,34.5,75.0,66.925,30.925,7.2,1,1,1,1,1
2026-08-12T10,38.25,76.5,46.9,30.9,6.45,1,1,1,1,1
2026-08-12T11,40.75,86.75,40.3,31.15,7.975,1,1,1,1,1
2026-08-12T12,47.0,103.0,22.5,31.35,6.8,1,1,1,1,1
2026-08-12T13,52.25,122.75,25.0,31.25,7.75,1,1,1,1,1
2026-08-12T14,52.75,145.25,26.8,31.625,9.2,1,1,1,1,1
2026-08-12T15,68.75,173.0,27.525,32.125,9.1,1,1,1,1,1
2026-08-12T16,79.25,187.5,23.575,31.475,10.8,1,1,1,1,1
2026-08-12T17,62.25,148.75,20.15,31.3,10.225,1,1,1,1,1
2026-08-12T18,42.0,105.0,17.3,30.9,6.3,1,1,1,1,1
2026-08-12T19,51.75,108.75,14.8,31.1,6.2,1,1,1,1,1
2026-08-12T20,52.75,95.0,12.725,31.0,5.575,1,1,1,1,1
2026-08-12T21,54.0,85.0,20.05,31.0,7.45,1,1,1,1,1
2026-08-12T23,25.0,51.0,17.9,30.5,8.6,1,1,1,1,1
2026-08-13T00,26.5,58.5,13.5,29.925,8.867,1,1,1,1,1
2026-08-13T01,25.667,61.667,14.2,30.367,8.4,1,1,1,1,1
2026-08-13T02,8.0,45.0,21.5,30.3,12.1,1,1,1,1,1
2026-08-13T03,18.5,52.5,17.525,30.2,6.625,1,1,1,1,1
2026-08-13T04,31.75,68.5,21.275,30.5,4.275,1,1,1,1,1
2026-08-13T05,33.667,75.667,19.6,30.6,3.133,1,1,1,1,1
2026-08-13T06,34.5,74.75,15.6,30.725,3.867,1,1,1,1,1
2026-08-13T07,27.667,73.333,16.4,30.667,8.667,1,1,1,1,1
2026-08-13T08,39.75,70.0,18.0,30.75,7.975,1,1,1,1,1
2026-08-13T09,35.667,45.667,9.933,30.467,11.8,1,1,1,1,1
2026-08-13T10,11.5,21.25,10.2,29.9,13.025,1,1,1,1,1
2026-08-13T11,15.0,25.0,15.767,30.2,12.567,1,1,1,1,1
2026-08-13T12,41.0,70.25,19.725,30.425,10.667,1,1,1,1,1
2026-08-13T13,41.5,77.0,28.8,30.45,9.1,1,1,1,1,1
2026-08-13T14,51.5,111.25,35.7,31.25,13.275,1,1,1,1,1
2026-08-13T15,72.75,119.75,38.875,31.475,15.375,1,1,1,1,1
2026-08-13T16,81.75,149.5,32.3,31.575,18.525,1,1,1,1,1
2026-08-13T17,79.25,152.5,24.375,31.8,21.725,1,1,1,1,1
2026-08-13T18,99.0,158.0,26.6,31.8,6.9,1,1,1,1,1
2026-08-13T19,109.5,173.75,20.05,31.825,8.5,1,1,1,1,1
2026-08-13T20,95.75,176.0,20.875,31.575,5.675,1,1,1,1,1
2026-08-13T21,86.0,177.0,12.767,31.3,5.233,1,1,1,1,1
2026-08-13T22,74.667,122.667,6.967,30.933,5.233,1,1,1,1,1
2026-08-13T23,56.5,96.5,5.95,30.625,1.9,1,1,1,1,1
2026-08-14T00,30.25,54.25,7.175,30.45,6.767,1,1,1,1,1
2026-08-14T01,31.25,70.0,5.6,30.325,8.475,1,1,1,1,1
2026-08-14T02,26.5,62.0,5.35,30.425,7.275,1,1,1,1,1
2026-08-14T03,18.75,59.75,4.275,30.075,5.25,1,1,1,1,1
2026-08-14T04,30.5,61.0,4.5,30.025,3.625,1,1,1,1,1
2026-08-14T05,31.25,,3.175,30.05,4.55,1,0,1,1,1
2026-08-14T06,37.5,59.0,3.6,30.2,4.133,1,1,1,1,1
2026-08-14T07,45.25,89.0,8.675,29.625,7.975,1,1,1,1,1
2026-08-14T08,17.0,38.25,5.225,29.95,7.475,1,1,1,1,1
2026-08-14T09,8.5,24.75,3.2,30.1,8.775,1,1,1,1,1
2026-08-14T10,15.75,30.0,6.65,30.275,11.5,1,1,1,1,1
2026-08-14T11,31.5,47.5,7.5,30.55,13.225,1,1,1,1,1
2026-08-14T12,54.75,73.25,23.825,32.325,13.967,1,1,1,1,1
2026-08-14T13,62.5,100.25,84.225,31.75,15.45,1,1,1,1,1
2026-08-14T14,47.25,101.0,170.1,30.95,16.075,1,1,1,1,1
2026-08-14T15,42.0,99.0,144.4,31.033,17.267,1,1,1,1,1
2026-08-14T16,48.75,95.25,54.4,31.45,16.35,1,1,1,1,1
2026-08-14T17,52.333,98.667,32.033,31.333,16.967,1,1,1,1,1
2026-08-14T18,48.0,101.0,23.6,31.0,14.2,1,1,1,1,1
2026-08-14T19,54.667,102.333,23.833,31.467,15.3,1,1,1,1,1
2026-08-14T20,58.0,97.0,18.175,31.425,15.625,1,1,1,1,1
2026-08-14T21,64.0,84.5,13.3,31.4,16.8,1,1,1,1,1
2026-08-14T22,62.0,108.0,10.2,32.8,16.4,1,1,1,1,1
2026-08-14T23,69.5,111.0,9.425,33.15,16.4,1,1,1,1,1
2026-08-15T00,80.25,133.75,8.65,32.075,13.067,1,1,1,1,1
2026-08-15T01,59.75,84.75,15.25,32.025,10.075,1,1,1,1,1
2026-08-15T02,63.25,101.25,25.525,32.075,9.1,1,1,1,1,1
2026-08-15T03,75.25,122.0,25.7,31.8,8.925,1,1,1,1,1
2026-08-15T04,66.0,107.0,24.975,31.3,7.175,1,1,1,1,1
2026-08-15T05,53.75,99.5,13.15,30.925,7.525,1,1,1,1,1
2026-08-15T06,44.25,79.5,6.35,30.525,8.6,1,1,1,1,1
2026-08-15T07,30.75,52.75,12.75,30.375,8.525,1,1,1,1,1
2026-08-15T08,24.0,55.75,22.675,30.425,7.7,1,1,1,1,1
2026-08-15T09,27.5,68.75,15.95,30.275,9.2,1,1,1,1,1
2026-08-15T10,15.5,41.25,11.675,30.125,9.725,1,1,1,1,1
2026-08-15T11,23.75,39.25,11.725,30.125,10.0,1,1,1,1,1
2026-08-15T12,23.5,53.25,12.275,30.05,9.467,1,1,1,1,1
2026-08-15T13,36.25,69.0,16.3,30.675,7.0,1,1,1,1,1
2026-08-15T14,62.0,123.25,22.875,31.15,7.675,1,1,1,1,1
2026-08-15T15,68.25,130.25,28.625,31.25,7.65,1,1,1,1,1
2026-08-15T16,64.25,131.5,27.5,31.0,10.7,1,1,1,1,1
2026-08-15T17,62.25,124.0,23.15,31.15,14.2,1,1,1,1,1
2026-08-15T21,23.0,77.0,11.4,30.1,14.8,1,1,1,1,1
2026-08-15T22,22.25,52.25,12.45,29.95,12.1,1,1,1,1,1
2026-08-15T23,22.0,53.75,12.975,29.775,11.35,1,1,1,1,1
2026-08-16T00,24.25,56.25,5.7,29.8,13.533,1,1,1,1,1
2026-08-16T01,27.0,57.333,4.967,30.033,11.233,1,1,1,1,1
2026-08-16T02,30.25,58.75,15.575,30.175,10.575,1,1,1,1,1
2026-08-16T03,26.333,57.667,26.033,30.0,8.667,1,1,1,1,1
2026-08-16T04,29.25,69.0,13.275,30.4,8.7,1,1,1,1,1
2026-08-16T05,29.667,78.333,9.367,30.1,8.133,1,1,1,1,1
2026-08-16T06,30.5,88.5,5.9,30.55,7.2,1,1,1,1,1
2026-08-16T07,35.667,93.667,6.467,30.367,7.933,1,1,1,1,1
2026-08-16T08,29.75,95.75,4.675,30.175,14.125,1,1,1,1,1
2026-08-16T09,33.75,93.0,5.825,30.375,15.175,1,1,1,1,1
2026-08-16T10,39.0,97.25,5.875,30.35,15.475,1,1,1,1,1
2026-08-16T11,33.25,96.75,6.075,30.1,14.2,1,1,1,1,1
2026-08-16T12,43.0,120.0,8.3,29.8,10.767,1,1,1,1,1
2026-08-16T13,32.0,103.25,11.35,30.2,5.025,1,1,1,1,1
2026-08-16T14,39.75,107.75,19.25,29.775,8.925,1,1,1,1,1
2026-08-16T15,49.25,130.0,26.575,30.675,13.575,1,1,1,1,1
2026-08-16T16,54.0,157.0,30.425,30.7,15.7,1,1,1,1,1
2026-08-16T17,51.25,158.0,25.55,30.7,10.45,1,1,1,1,1
2026-08-16T18,56.0,153.0,17.7,30.6,6.5,1,1,1,1,1
2026-08-16T19,65.0,183.75,22.225,30.45,4.65,1,1,1,1,1
2026-08-16T22,36.0,75.0,12.9,30.0,4.4,1,1,1,1,1
2026-08-16T23,30.75,66.0,10.85,29.85,4.0,1,1,1,1,1
2026-08-17T00,23.75,66.0,9.225,29.975,5.933,1,1,1,1,1
2026-08-17T01,22.0,58.0,9.725,30.0,9.475,1,1,1,1,1
2026-08-17T02,22.75,64.75,9.05,29.525,10.25,1,1,1,1,1
2026-08-17T03,23.0,81.5,8.475,30.05,5.85,1,1,1,1,1
2026-08-17T04,29.0,89.0,5.225,30.1,3.85,1,1,1,1,1
2026-08-17T05,28.75,86.25,9.425,29.775,5.375,1,1,1,1,1
2026-08-17T06,33.25,84.25,7.2,29.825,6.0,1,1,1,1,1
2026-08-17T07,38.0,87.0,6.375,29.75,7.5,1,1,1,1,1
2026-08-17T08,35.25,90.25,8.475,29.775,6.275,1,1,1,1,1
2026-08-17T09,29.5,86.5,7.425,29.575,7.825,1,1,1,1,1
2026-08-17T10,23.5,84.25,8.775,29.425,7.175,1,1,1,1,1
2026-08-17T11,30.667,86.667,9.2,29.7,7.7,1,1,1,1,1
2026-08-17T12,30.5,84.25,9.725,29.55,7.667,1,1,1,1,1
2026-08-17T13,31.667,108.333,17.567,29.767,9.467,1,1,1,1,1
2026-08-17T14,33.75,121.0,26.6,29.925,8.5,1,1,1,1,1
2026-08-17T15,33.25,119.5,29.925,29.725,12.6,1,1,1,1,1
2026-08-17T16,23.25,85.25,26.475,29.625,13.875,1,1,1,1,1
2026-08-17T17,28.25,86.75,16.95,29.475,16.675,1,1,1,1,1
2026-08-17T18,38.0,75.0,19.0,29.0,13.4,1,1,1,1,1
2026-08-17T19,23.0,78.75,18.4,29.2,12.475,1,1,1,1,1
2026-08-17T20,22.5,70.25,13.225,29.0,12.475,1,1,1,1,1
2026-08-17T21,26.667,75.667,19.267,29.033,5.867,1,1,1,1,1
2026-08-17T22,20.0,68.667,172.4,28.733,5.567,1,1,1,1,1
2026-08-17T23,18.25,66.75,102.075,28.4,5.725,1,1,1,1,1
2026-08-18T00,22.75,71.75,56.8,19.225,10.167,1,1,1,1,1
2026-08-18T01,31.5,80.5,37.45,21.55,18.175,1,1,1,1,1
2026-08-18T02,26.5,75.5,26.8,23.425,17.35,1,1,1,1,1
2026-08-18T03,27.0,67.75,25.825,22.525,15.825,1,1,1,1,1
2026-08-18T04,25.75,87.0,20.025,20.275,13.575,1,1,1,1,1
2026-08-18T05,26.5,89.5,16.475,16.75,12.925,1,1,1,1,1
2026-08-18T06,32.25,100.75,17.525,15.45,11.033,1,1,1,1,1
2026-08-18T07,41.5,109.5,13.15,15.075,9.2,1,1,1,1,1
2026-08-18T08,40.25,108.75,,28.75,,1,1,0,1,0
2026-08-18T09,38.333,112.0,6.2,52.25,6.8,1,1,1,1,1
2026-08-18T10,35.333,104.667,14.3,10.6,4.75,1,1,1,1,1
2026-08-18T11,34.0,100.0,9.933,26.6,4.567,1,1,1,1,1
2026-08-18T12,31.0,109.0,9.625,28.65,5.733,1,1,1,1,1
2026-08-18T13,54.0,164.667,13.133,16.5,7.7,1,1,1,1,1
2026-08-18T14,66.75,189.5,19.2,11.9,9.875,1,1,1,1,1
2026-08-18T15,64.333,189.0,17.467,10.967,12.133,1,1,1,1,1
2026-08-18T16,59.25,155.25,15.725,12.4,11.525,1,1,1,1,1
2026-08-18T17,46.0,108.667,11.967,21.167,9.367,1,1,1,1,1
2026-08-18T18,34.5,82.5,10.084,34.584,8.925,2,2,2,2,2
2026-08-18T19,32.0,68.75,5.8,16.15,6.95,1,1,1,1,1
2026-08-18T20,23.25,67.75,6.8,15.75,7.85,1,1,1,1,1
2026-08-18T21,26.667,64.667,6.767,11.933,7.467,1,1,1,1,1
2026-08-18T22,29.25,49.5,4.05,16.025,9.125,1,1,1,1,1
2026-08-18T23,16.25,38.25,5.65,14.45,7.45,1,1,1,1,1
2026-08-19T00,18.0,31.5,8.775,26.3,6.667,1,1,1,1,1
2026-08-19T01,36.5,67.5,6.075,12.7,5.3,1,1,1,1,1
2026-08-19T02,39.75,86.75,7.075,15.05,4.825,1,1,1,1,1
2026-08-19T03,34.5,84.5,6.95,35.925,3.425,1,1,1,1,1
2026-08-19T04,34.5,104.0,5.475,19.525,3.675,1,1,1,1,1
2026-08-19T05,38.75,108.75,5.775,15.375,4.075,1,1,1,1,1
2026-08-19T06,37.0,123.75,4.55,9.0,3.133,1,1,1,1,1
2026-08-19T07,40.5,133.5,4.475,11.475,4.225,1,1,1,1,1
2026-08-19T08,48.75,144.0,6.25,21.15,3.775,1,1,1,1,1
2026-08-19T09,50.25,135.75,6.9,17.125,5.075,1,1,1,1,1
2026-08-19T10,42.5,116.25,8.875,18.225,2.825,1,1,1,1,1
2026-08-19T11,39.25,123.0,8.975,13.575,4.325,1,1,1,1,1
2026-08-19T12,47.25,137.5,10.9,18.567,7.6,1,1,1,1,1
2026-08-19T13,47.75,112.5,9.475,14.9,9.4,1,1,1,1,1
2026-08-19T14,49.25,117.25,14.275,5.575,5.425,1,1,1,1,1
2026-08-19T15,63.5,139.25,19.875,14.125,9.2,1,1,1,1,1
2026-08-19T16,79.25,166.75,17.175,16.1,8.975,1,1,1,1,1
2026-08-19T17,101.75,171.75,14.7,13.575,9.525,1,1,1,1,1
2026-08-19T18,132.0,221.5,15.55,18.716,8.55,2,2,2,2,2
2026-08-19T19,87.0,153.5,11.125,13.7,1.4,1,1,1,1,1
2026-08-19T20,40.75,81.0,6.95,14.35,0.825,1,1,1,1,1
2026-08-19T21,49.667,80.0,5.1,18.133,,1,1,1,1,0
2026-08-19T22,58.0,85.0,2.667,20.833,,1,1,1,1,0
2026-08-19T23,22.0,44.0,2.675,17.425,,1,1,1,1,0
2026-08-20T00,18.25,28.25,5.65,12.225,,1,1,1,1,0
2026-08-20T01,22.25,34.25,4.4,10.0,,1,1,1,1,0
2026-08-20T02,43.5,47.75,7.7,13.325,,1,1,1,1,0
2026-08-20T03,41.75,57.0,9.7,14.275,2.033,1,1,1,1,1
2026-08-20T04,41.25,81.5,7.825,31.725,2.7,1,1,1,1,1
2026-08-20T05,41.25,91.25,4.625,19.5,1.5,1,1,1,1,1
2026-08-20T06,44.0,102.5,5.125,33.0,1.75,1,1,1,1,1
2026-08-20T07,47.25,114.25,4.625,29.2,1.625,1,1,1,1,1
2026-08-20T08,42.0,117.75,4.925,29.925,1.567,1,1,1,1,1
2026-08-20T09,41.5,115.0,3.625,33.475,0.95,1,1,1,1,1
2026-08-20T10,39.0,114.0,4.1,29.2,0.7,1,1,1,1,1
2026-08-20T11,38.75,119.25,3.95,30.625,0.4,1,1,1,1,1
2026-08-20T12,48.75,123.25,5.125,31.875,1.4,1,1,1,1,1
2026-08-20T13,59.5,142.75,12.025,22.925,3.175,1,1,1,1,1
2026-08-20T14,46.25,98.0,14.825,31.05,2.975,1,1,1,1,1
2026-08-20T15,53.75,140.25,15.175,28.125,2.725,1,1,1,1,1
2026-08-20T16,64.75,154.0,19.4,28.025,1.975,1,1,1,1,1
2026-08-20T17,70.75,171.5,22.55,33.575,4.85,1,1,1,1,1
2026-08-20T18,57.0,147.0,23.6,30.8,3.2,1,1,1,1,1
2026-08-20T19,57.667,138.333,18.033,27.833,4.133,1,1,1,1,1
2026-08-20T20,75.25,158.0,17.1,29.925,2.975,1,1,1,1,1
2026-08-20T21,69.667,147.333,20.1,39.133,3.833,1,1,1,1,1
2026-08-20T22,45.333,98.0,17.833,35.967,4.2,1,1,1,1,1
2026-08-20T23,34.5,95.25,19.05,34.1,3.175,1,1,1,1,1
2026-08-21T00,33.25,84.5,6.175,30.75,3.667,1,1,1,1,1
2026-08-21T01,30.0,91.75,6.625,28.825,4.475,1,1,1,1,1
2026-08-21T02,27.5,99.75,7.9,29.75,5.825,1,1,1,1,1
2026-08-21T03,30.0,104.0,15.125,31.4,5.075,1,1,1,1,1
2026-08-21T04,36.25,93.0,40.725,28.475,4.425,1,1,1,1,1
2026-08-21T05,32.75,91.25,72.575,29.975,5.175,1,1,1,1,1
2026-08-21T06,34.0,90.5,87.75,31.275,4.6,1,1,1,1,1
2026-08-21T07,34.25,78.0,31.375,29.6,3.25,1,1,1,1,1
2026-08-21T08,28.75,65.75,11.175,31.125,2.7,1,1,1,1,1
2026-08-21T09,24.0,71.25,6.55,30.45,2.4,1,1,1,1,1
2026-08-21T10,26.75,64.25,6.85,31.6,3.975,1,1,1,1,1
2026-08-21T11,25.0,66.25,7.05,29.625,4.425,1,1,1,1,1
2026-08-21T12,23.25,53.0,7.05,27.9,6.333,1,1,1,1,1
2026-08-21T13,31.25,82.5,12.15,30.6,8.175,1,1,1,1,1
2026-08-21T14,34.0,83.5,17.2,29.1,9.55,1,1,1,1,1
2026-08-21T15,37.0,99.5,21.625,27.975,9.95,1,1,1,1,1
2026-08-21T16,47.0,99.25,23.075,25.425,10.95,1,1,1,1,1
2026-08-21T17,33.5,80.5,21.325,28.225,10.2,1,1,1,1,1
2026-08-21T18,52.0,149.0,21.0,31.9,8.2,1,1,1,1,1
2026-08-21T19,46.0,118.25,16.525,29.5,5.925,1,1,1,1,1
2026-08-21T20,39.5,132.0,11.475,35.025,6.275,1,1,1,1,1
2026-08-21T21,38.0,140.0,10.567,36.8,6.2,1,1,1,1,1
2026-08-21T22,11.0,24.0,6.075,32.45,4.95,1,1,1,1,1
2026-08-21T23,11.0,30.0,8.0,31.8,5.633,1,1,1,1,1
2026-08-22T00,11.75,23.25,4.1,28.25,4.4,1,1,1,1,1
2026-08-22T01,16.667,27.333,6.767,31.233,2.1,1,1,1,1,1
2026-08-22T02,19.0,31.0,8.375,31.425,2.45,1,1,1,1,1
2026-08-22T03,24.0,72.0,9.6,34.833,3.033,1,1,1,1,1
2026-08-22T04,28.5,72.75,8.275,35.5,3.425,1,1,1,1,1
2026-08-22T05,26.0,76.333,34.4,32.733,3.033,1,1,1,1,1
2026-08-22T06,30.75,77.25,51.95,30.9,2.267,1,1,1,1,1
2026-08-22T07,26.25,86.75,11.225,31.25,3.375,1,1,1,1,1
2026-08-22T08,30.75,91.5,6.675,32.3,4.1,1,1,1,1,1
2026-08-22T09,30.75,92.0,6.2,31.15,3.3,1,1,1,1,1
2026-08-22T10,32.25,97.25,4.4,29.2,2.775,1,1,1,1,1
2026-08-22T11,30.0,92.25,10.6,31.25,3.05,1,1,1,1,1
2026-08-22T12,29.75,82.5,13.8,29.75,5.133,1,1,1,1,1
2026-08-22T13,33.0,107.0,14.725,23.075,8.35,1,1,1,1,1
2026-08-22T14,56.5,152.0,21.15,26.675,10.3,1,1,1,1,1
2026-08-22T15,66.25,146.0,19.4,28.1,11.075,1,1,1,1,1
2026-08-22T16,63.25,142.25,14.725,31.625,10.425,1,1,1,1,1
2026-08-22T17,62.0,137.75,11.4,27.325,9.775,1,1,1,1,1
2026-08-22T18,48.0,152.0,10.8,28.8,8.9,1,1,1,1,1
2026-08-22T19,55.5,148.25,10.225,30.525,6.875,1,1,1,1,1
2026-08-22T21,46.0,99.0,5.5,28.7,8.0,1,1,1,1,1
2026-08-22T22,67.75,125.25,3.933,30.2,7.95,1,1,1,1,1
2026-08-22T23,60.0,120.5,6.5,31.85,7.85,1,1,1,1,1
2026-08-23T00,51.25,104.75,5.45,40.5,6.7,1,1,1,1,1
2026-08-23T01,50.0,101.0,3.9,37.325,3.975,1,1,1,1,1
2026-08-23T02,27.0,30.0,2.725,26.725,3.05,1,1,1,1,1
2026-08-23T03,27.0,30.0,4.425,30.375,3.425,1,1,1,1,1
2026-08-23T04,29.0,41.0,5.425,30.2,3.05,1,1,1,1,1
2026-08-23T05,14.0,24.5,2.85,30.725,3.625,1,1,1,1,1
2026-08-23T06,18.75,23.5,2.35,31.475,2.3,1,1,1,1,1
2026-08-23T07,22.75,39.25,3.075,34.8,1.9,1,1,1,1,1
2026-08-23T08,26.75,65.75,4.2,31.125,2.75,1,1,1,1,1
2026-08-23T09,32.5,85.0,2.7,27.1,2.75,1,1,1,1,1
2026-08-23T10,31.75,90.5,3.275,35.225,3.575,1,1,1,1,1
2026-08-23T11,31.0,85.0,2.95,29.175,3.725,1,1,1,1,1
2026-08-23T12,31.0,99.5,6.45,45.15,3.633,1,1,1,1,1
2026-08-23T13,29.0,84.333,9.5,34.067,6.267,1,1,1,1,1
2026-08-23T14,31.75,76.25,16.9,29.05,7.625,1,1,1,1,1
2026-08-23T15,38.333,96.333,11.0,29.0,8.633,1,1,1,1,1
2026-08-23T16,41.75,110.5,14.325,30.225,10.3,1,1,1,1,1
2026-08-23T17,48.667,131.333,17.467,27.233,11.1,1,1,1,1,1
2026-08-23T18,45.0,118.0,15.7,28.3,6.9,1,1,1,1,1
2026-08-23T19,45.0,120.667,11.467,33.5,6.767,1,1,1,1,1
2026-08-23T20,55.5,148.25,16.85,30.725,5.625,1,1,1,1,1
2026-08-23T21,50.75,119.5,14.925,28.65,4.45,1,1,1,1,1
2026-08-23T22,50.25,124.25,14.7,30.175,5.25,1,1,1,1,1
2026-08-23T23,38.25,106.75,16.825,29.85,4.75,1,1,1,1,1
2026-08-24T00,44.5,129.0,14.275,29.6,5.767,1,1,1,1,1
2026-08-24T01,51.75,140.5,17.7,28.375,5.85,1,1,1,1,1
2026-08-24T02,64.25,161.25,22.35,25.75,6.325,1,1,1,1,1
2026-08-24T03,68.75,171.0,21.0,31.1,5.775,1,1,1,1,1
2026-08-24T04,65.25,160.0,12.475,32.075,3.625,1,1,1,1,1
2026-08-24T05,55.75,148.5,11.35,47.275,2.2,1,1,1,1,1
2026-08-24T06,23.75,51.5,12.425,36.575,2.2,1,1,1,1,1
2026-08-24T07,7.25,10.25,14.65,28.05,3.7,1,1,1,1,1
2026-08-24T08,7.25,11.5,16.675,26.0,4.325,1,1,1,1,1
2026-08-24T09,15.5,19.75,17.5,25.55,4.65,1,1,1,1,1
2026-08-24T10,18.0,22.0,20.175,25.925,5.65,1,1,1,1,1
2026-08-24T11,30.0,53.0,19.3,29.825,6.5,1,1,1,1,1
2026-08-24T12,51.0,73.25,16.875,30.275,7.133,1,1,1,1,1
2026-08-24T13,57.25,74.75,18.025,29.8,5.15,1,1,1,1,1
2026-08-24T14,63.75,76.75,20.0,29.975,5.275,1,1,1,1,1
2026-08-24T15,72.75,82.5,33.625,30.475,7.675,1,1,1,1,1
2026-08-24T16,90.75,132.75,27.8,30.175,11.4,1,1,1,1,1
2026-08-24T17,86.25,138.5,24.15,30.4,10.95,1,1,1,1,1
2026-08-24T18,98.5,155.0,18.4,30.383,9.525,2,2,2,2,2
2026-08-24T19,135.75,223.0,10.45,31.075,6.3,1,1,1,1,1
2026-08-24T20,141.5,218.0,6.6,30.625,5.85,1,1,1,1,1
2026-08-24T21,124.5,192.25,12.225,31.05,5.95,1,1,1,1,1
2026-08-24T22,127.25,188.25,12.575,33.8,5.0,1,1,1,1,1
2026-08-24T23,72.25,108.0,2.9,30.8,3.4,1,1,1,1,1
2026-08-25T00,80.75,123.75,3.05,29.95,4.533,1,1,1,1,1
2026-08-25T01,56.25,81.0,0.4,47.925,4.875,1,1,1,1,1
2026-08-25T02,21.75,29.75,3.6,33.7,2.35,1,1,1,1,1
2026-08-25T03,14.0,19.0,4.85,27.525,1.325,1,1,1,1,1
2026-08-25T04,28.0,44.0,7.375,28.5,2.525,1,1,1,1,1
2026-08-25T05,25.0,45.5,5.95,36.25,2.075,1,1,1,1,1
2026-08-25T06,32.25,69.25,10.55,32.825,1.467,1,1,1,1,1
2026-08-25T07,42.5,107.75,7.6,38.125,2.7,1,1,1,1,1
2026-08-25T08,37.5,83.5,12.575,37.525,2.55,1,1,1,1,1
2026-08-25T09,68.0,123.0,17.325,35.65,2.0,1,1,1,1,1
2026-08-25T10,37.75,56.0,22.5,42.05,1.5,1,1,1,1,1
2026-08-25T11,27.75,53.5,31.75,27.35,2.125,1,1,1,1,1
2026-08-25T12,17.75,50.0,47.3,39.375,2.967,1,1,1,1,1
2026-08-25T13,20.0,37.75,66.675,29.25,4.375,1,1,1,1,1
2026-08-25T14,23.5,38.0,54.775,25.525,5.725,1,1,1,1,1
2026-08-25T15,24.0,39.0,25.175,26.575,6.9,1,1,1,1,1
2026-08-25T16,45.0,61.0,15.625,29.875,8.675,1,1,1,1,1
2026-08-25T17,41.25,51.25,11.625,29.775,9.35,1,1,1,1,1
2026-08-25T18,48.0,71.5,10.916,30.45,8.85,2,2,2,2,2
2026-08-25T19,45.5,71.0,10.5,31.05,3.8,1,1,1,1,1
2026-08-25T20,42.0,63.0,11.15,30.525,3.825,1,1,1,1,1
2026-08-25T21,36.0,59.0,10.433,30.7,4.033,1,1,1,1,1
2026-08-25T22,42.667,68.333,8.7,30.4,3.733,1,1,1,1,1
2026-08-25T23,54.25,72.25,8.225,32.8,5.625,1,1,1,1,1
2026-08-26T00,48.75,84.0,11.55,32.725,3.167,1,1,1,1,1
2026-08-26T01,59.5,109.75,8.025,31.45,0.2,1,1,1,1,1
2026-08-26T02,47.5,70.5,7.225,31.575,,1,1,1,1,0
2026-08-26T03,54.0,82.75,12.1,34.725,,1,1,1,1,0
2026-08-26T04,54.25,82.25,9.95,30.625,,1,1,1,1,0
2026-08-26T05,57.5,99.25,12.25,38.625,,1,1,1,1,0
2026-08-26T06,53.0,97.0,7.4,36.175,2.4,1,1,1,1,1
2026-08-26T07,60.0,112.75,5.875,35.55,5.05,1,1,1,1,1
2026-08-26T08,51.75,109.25,4.825,43.15,5.05,1,1,1,1,1
2026-08-26T09,38.25,88.75,3.467,34.125,5.4,1,1,1,1,1
2026-08-26T10,47.0,91.25,9.575,35.925,5.25,1,1,1,1,1
2026-08-26T11,59.25,103.0,12.325,34.475,5.35,1,1,1,1,1
2026-08-26T12,62.0,126.25,23.7,25.6,5.767,1,1,1,1,1
2026-08-26T13,79.25,154.0,26.975,26.4,6.875,1,1,1,1,1
2026-08-26T14,81.25,140.75,27.325,32.525,7.9,1,1,1,1,1
2026-08-26T15,64.25,130.25,19.225,34.0,7.925,1,1,1,1,1
2026-08-26T16,67.25,140.25,16.225,29.45,7.8,1,1,1,1,1
2026-08-26T17,57.25,107.25,16.125,32.875,7.25,1,1,1,1,1
2026-08-26T18,39.0,73.0,14.1,32.517,4.9,2,2,2,2,1
2026-08-26T19,56.25,119.5,12.425,30.875,3.85,1,1,1,1,1
2026-08-26T20,49.25,96.0,10.425,31.325,3.7,1,1,1,1,1
2026-08-26T21,45.0,80.75,11.8,28.675,4.225,1,1,1,1,1
2026-08-26T22,53.25,104.75,14.2,31.325,5.05,1,1,1,1,1
2026-08-26T23,44.75,69.5,15.525,29.5,6.375,1,1,1,1,1
2026-08-27T00,51.5,92.5,15.375,31.025,7.625,1,1,1,1,1
2026-08-27T01,52.75,102.75,12.425,31.075,8.575,1,1,1,1,1
2026-08-27T02,50.5,100.5,8.2,33.55,7.65,1,1,1,1,1
2026-08-27T03,34.0,103.0,7.775,33.925,5.525,1,1,1,1,1
2026-08-27T04,45.0,124.0,6.325,32.95,4.925,1,1,1,1,1
2026-08-27T05,59.0,144.0,7.5,34.475,4.0,1,1,1,1,1
2026-08-27T06,52.0,133.0,7.75,36.875,5.8,1,1,1,1,1
2026-08-27T07,61.0,157.0,7.733,43.133,5.533,1,1,1,1,1
2026-08-28T18,57.0,186.0,9.284,30.85,8.716,2,2,2,2,2
2026-08-28T19,53.0,143.0,10.075,51.45,8.125,1,1,1,1,1
2026-08-28T20,41.0,114.0,12.425,34.35,6.35,1,1,1,1,1
2026-08-28T21,30.0,85.0,13.425,36.1,5.675,1,1,1,1,1
2026-08-28T22,28.0,80.0,11.3,31.4,4.8,1,1,1,1,1
2026-08-28T23,31.0,84.0,14.1,34.0,6.75,1,1,1,1,1
2026-08-29T00,33.0,81.0,20.075,34.9,7.075,1,1,1,1,1
2026-08-29T01,25.0,77.0,19.4,26.6,8.1,1,1,1,1,1
2026-08-30T00,28.0,79.0,27.4,11.467,10.8,1,1,1,1,1
2026-08-30T01,24.0,78.0,16.7,9.825,10.7,1,1,1,1,1
2026-08-30T02,27.0,81.0,13.725,9.575,10.9,1,1,1,1,1
2026-08-30T03,33.0,107.0,8.725,15.425,10.725,1,1,1,1,1
2026-08-30T04,31.0,110.0,7.95,15.175,10.375,1,1,1,1,1
2026-08-30T05,34.0,135.0,7.675,16.675,9.85,1,1,1,1,1
2026-08-30T06,41.0,144.0,7.95,14.55,10.1,1,1,1,1,1
2026-08-30T07,42.0,175.0,7.225,20.15,10.45,1,1,1,1,1
2026-08-30T08,40.0,150.0,7.575,24.675,11.625,1,1,1,1,1
2026-08-30T09,40.0,147.0,9.175,24.175,12.05,1,1,1,1,1
2026-08-30T10,44.0,149.0,13.35,27.1,12.875,1,1,1,1,1
2026-08-30T11,39.0,151.0,15.375,24.075,13.275,1,1,1,1,1
2026-08-30T12,48.0,161.0,20.7,11.875,13.5,1,1,1,1,1
2026-08-30T13,36.0,177.0,28.475,5.733,12.375,1,1,1,1,1
2026-08-30T14,47.0,179.0,23.975,2.65,12.9,1,1,1,1,1
2026-08-30T15,42.0,184.0,24.4,8.625,13.85,1,1,1,1,1
2026-08-30T16,52.0,158.0,20.85,10.3,14.4,1,1,1,1,1
2026-08-30T17,39.0,130.0,18.8,7.9,14.05,1,1,1,1,1
2026-08-30T18,36.0,121.0,17.267,21.466,13.4,2,2,2,2,2
2026-08-30T19,27.0,118.0,13.35,33.15,12.6,1,1,1,1,1
2026-08-30T20,41.0,110.0,15.5,19.05,12.875,1,1,1,1,1
2026-08-30T21,28.0,85.0,19.15,17.825,13.875,1,1,1,1,1
2026-08-30T22,31.0,85.0,51.833,13.333,13.7,1,1,1,1,1
2026-08-30T23,19.0,78.0,34.325,12.375,13.05,1,1,1,1,1
2026-08-31T00,29.0,74.0,19.6,11.85,13.2,1,1,1,1,1
2026-08-31T01,30.0,83.0,13.875,11.15,13.6,1,1,1,1,1
2026-08-31T02,29.0,89.0,11.25,14.375,13.6,1,1,1,1,1
2026-08-31T03,28.0,94.0,12.05,13.675,14.275,1,1,1,1,1
2026-08-31T04,27.0,99.0,8.4,17.8,13.275,1,1,1,1,1
2026-08-31T05,36.0,129.0,10.5,20.025,12.625,1,1,1,1,1
2026-08-31T06,42.0,,4.075,24.25,10.9,1,0,1,1,1
2026-08-31T07,36.0,,2.15,30.175,13.325,1,0,1,1,1
2026-08-31T08,40.0,,5.8,30.2,13.1,1,0,1,1,1
2026-08-31T09,42.0,,7.575,30.35,11.825,1,0,1,1,1
2026-08-31T10,39.0,,10.0,35.575,13.7,1,0,1,1,1
2026-08-31T11,39.0,,12.1,28.575,13.825,1,0,1,1,1
2026-08-31T12,44.0,128.0,12.525,20.175,13.875,1,1,1,1,1
2026-08-31T13,46.0,150.0,18.35,26.65,10.9,1,1,1,1,1
2026-08-31T14,41.0,114.0,20.05,16.325,14.675,1,1,1,1,1
2026-08-31T15,45.0,125.0,23.6,8.625,18.175,1,1,1,1,1
2026-08-31T16,44.0,130.0,23.6,14.075,16.575,1,1,1,1,1
2026-08-31T17,47.0,144.0,25.7,22.2,17.6,1,1,1,1,1
2026-08-31T18,46.0,149.0,33.133,23.1,18.8,1,1,1,1,1
2026-08-31T19,45.0,155.0,35.05,20.425,20.7,1,1,1,1,1
2026-08-31T20,45.0,153.0,33.75,29.35,18.675,1,1,1,1,1
2026-08-31T21,31.0,90.0,24.85,23.55,17.25,1,1,1,1,1
2026-08-31T22,33.0,86.0,25.825,21.65,15.675,1,1,1,1,1
2026-08-31T23,29.0,73.0,27.625,21.85,15.2,1,1,1,1,1
2026-09-01T00,27.0,73.0,19.8,21.0,14.425,1,1,1,1,1
2026-09-01T01,24.0,88.0,15.95,22.5,14.875,1,1,1,1,1
2026-09-01T02,30.0,83.0,9.325,23.45,15.275,1,1,1,1,1
2026-09-01T03,25.0,86.0,11.575,25.85,13.65,1,1,1,1,1
2026-09-01T04,28.0,91.0,10.375,31.825,14.225,1,1,1,1,1
2026-09-01T05,30.0,95.0,11.6,37.575,12.65,1,1,1,1,1
2026-09-01T06,36.0,111.0,10.65,42.475,11.525,1,1,1,1,1
2026-09-01T07,35.0,105.0,12.0,48.467,12.433,1,1,1,1,1
2026-09-01T08,42.0,112.0,13.9,46.625,10.5,1,1,1,1,1
2026-09-01T09,41.0,112.0,8.025,46.3,9.975,1,1,1,1,1
2026-09-01T10,35.0,114.0,10.575,47.625,8.675,1,1,1,1,1
2026-09-01T11,41.0,119.0,14.4,41.25,8.95,1,1,1,1,1
2026-09-01T12,46.0,113.0,21.35,31.15,11.575,1,1,1,1,1
2026-09-01T13,40.0,92.0,17.9,28.2,13.0,1,1,1,1,1
2026-09-01T14,16.0,27.0,23.1,28.8,13.575,1,1,1,1,1
2026-09-01T15,25.0,57.0,23.925,34.3,15.575,1,1,1,1,1
2026-09-01T16,14.0,41.0,24.175,23.6,14.325,1,1,1,1,1
2026-09-01T17,27.0,63.0,23.6,27.125,13.95,1,1,1,1,1
2026-09-01T18,28.0,66.0,24.517,29.134,15.166,2,2,2,2,2
2026-09-01T19,19.0,50.0,20.375,25.325,15.65,1,1,1,1,1
2026-09-01T20,19.0,56.0,23.3,17.525,15.5,1,1,1,1,1
2026-09-01T21,31.0,55.0,20.2,21.333,15.767,1,1,1,1,1
2026-09-01T22,28.0,58.0,18.0,14.2,16.7,1,1,1,1,1
2026-09-01T23,31.0,83.0,16.375,14.5,16.975,1,1,1,1,1
2026-09-02T00,41.0,79.0,15.75,18.25,16.975,1,1,1,1,1
2026-09-02T01,31.0,72.0,16.425,17.45,18.35,1,1,1,1,1
2026-09-02T02,34.0,80.0,19.6,18.775,18.7,1,1,1,1,1
2026-09-02T03,51.0,116.0,16.45,26.575,18.2,1,1,1,1,1
2026-09-02T04,45.0,100.0,18.075,16.85,19.025,1,1,1,1,1
2026-09-02T05,39.0,63.0,17.475,30.75,18.925,1,1,1,1,1
2026-09-02T06,31.0,68.0,18.225,39.6,18.4,1,1,1,1,1
2026-09-02T07,27.0,66.0,19.7,29.1,18.4,1,1,1,1,1
2026-09-02T08,25.0,48.0,13.95,26.175,19.1,1,1,1,1,1
2026-09-02T09,8.0,30.0,15.075,24.55,18.525,1,1,1,1,1
2026-09-02T10,16.0,56.0,16.5,28.5,18.375,1,1,1,1,1
2026-09-02T11,17.0,40.0,16.225,29.425,17.575,1,1,1,1,1
2026-09-02T12,29.0,56.0,17.0,26.25,17.825,1,1,1,1,1
2026-09-02T13,23.0,46.0,23.675,21.75,17.625,1,1,1,1,1
2026-09-02T14,22.0,63.0,26.325,19.45,19.375,1,1,1,1,1
2026-09-02T15,18.0,52.0,18.8,19.075,19.25,1,1,1,1,1
2026-09-02T16,12.0,46.0,20.125,20.8,18.0,1,1,1,1,1
2026-09-02T17,18.0,53.0,19.125,19.225,19.175,1,1,1,1,1
2026-09-02T18,20.0,47.0,19.617,19.2,19.666,2,2,2,2,2
2026-09-02T19,20.0,58.0,18.725,21.275,18.1,1,1,1,1,1
2026-09-02T20,12.0,41.0,17.3,19.475,19.475,1,1,1,1,1
2026-09-02T21,14.0,40.0,15.725,20.3,16.7,1,1,1,1,1
2026-09-02T22,13.0,34.0,16.367,17.567,17.467,1,1,1,1,1
2026-09-02T23,19.0,28.0,17.325,19.275,16.275,1,1,1,1,1
2026-09-03T00,19.0,36.0,18.675,18.575,16.55,1,1,1,1,1
2026-09-03T01,30.0,59.0,18.2,16.85,17.375,1,1,1,1,1
2026-09-03T02,27.0,69.0,22.325,18.8,18.85,1,1,1,1,1
2026-09-03T03,40.0,108.0,20.0,22.2,18.275,1,1,1,1,1
2026-09-03T04,31.0,85.0,19.525,21.7,16.8,1,1,1,1,1
2026-09-03T05,28.0,70.0,16.9,29.75,15.975,1,1,1,1,1
2026-09-03T06,7.0,29.0,14.475,30.6,14.425,1,1,1,1,1
2026-09-03T07,22.0,50.0,17.9,30.2,16.575,1,1,1,1,1
2026-09-03T08,24.0,58.0,16.9,32.4,15.125,1,1,1,1,1
2026-09-03T09,24.0,50.0,19.25,32.4,16.0,1,1,1,1,1
2026-09-03T10,17.0,41.0,18.75,34.675,16.25,1,1,1,1,1
2026-09-03T11,14.0,41.0,20.175,32.825,15.1,1,1,1,1,1
2026-09-03T12,11.0,42.0,17.975,32.075,16.025,1,1,1,1,1
2026-09-03T13,11.0,40.0,21.45,22.95,15.8,1,1,1,1,1
2026-09-03T14,16.0,45.0,20.3,22.95,15.125,1,1,1,1,1
2026-09-03T15,19.0,52.0,19.875,21.45,14.675,1,1,1,1,1
2026-09-03T16,17.0,52.0,17.325,18.075,15.175,1,1,1,1,1
2026-09-03T17,17.0,53.0,18.125,17.525,15.575,1,1,1,1,1
2026-09-03T18,17.0,46.0,15.966,19.716,15.634,2,2,2,2,2
2026-09-03T19,6.0,44.0,20.9,19.45,14.825,1,1,1,1,1
2026-09-03T20,22.0,39.0,17.85,17.125,15.175,1,1,1,1,1
2026-09-03T21,8.0,51.0,13.967,21.167,12.967,1,1,1,1,1
2026-09-03T22,,,10.867,20.833,13.7,0,0,1,1,1
2026-09-03T23,25.0,52.0,12.85,19.7,13.625,1,1,1,1,1
2026-09-04T00,17.0,34.0,11.775,21.975,13.0,1,1,1,1,1
2026-09-04T01,24.0,45.0,15.45,20.9,12.05,1,1,1,1,1
2026-09-04T02,25.0,48.0,14.3,21.725,11.825,1,1,1,1,1
2026-09-04T03,28.0,59.0,16.125,23.25,13.175,1,1,1,1,1
2026-09-04T04,17.0,41.0,12.7,25.225,14.225,1,1,1,1,1
2026-09-04T05,23.0,53.0,16.425,29.875,13.85,1,1,1,1,1
2026-09-04T06,27.0,62.0,13.3,32.5,15.475,1,1,1,1,1
2026-09-04T07,24.0,52.0,13.667,37.667,15.0,1,1,1,1,1
2026-09-04T08,,,12.875,39.967,15.45,0,0,1,1,1
2026-09-04T09,,59.0,8.2,,17.433,0,1,1,0,1
2026-09-04T10,,59.0,3.55,21.067,,0,1,1,1,0
2026-09-04T11,,,18.3,15.375,,0,0,1,1,0
2026-09-04T12,6.0,7.0,21.275,9.175,31.625,1,1,1,1,1
2026-09-04T13,7.0,17.0,22.725,4.867,30.9,1,1,1,1,1
2026-09-04T14,11.0,12.0,26.35,9.6,33.675,1,1,1,1,1
2026-09-04T15,27.0,40.0,20.15,16.075,34.5,1,1,1,1,1
2026-09-04T16,22.0,25.0,11.025,19.825,34.65,1,1,1,1,1
2026-09-04T17,,,12.725,17.675,35.0,0,0,1,1,1
2026-09-04T18,18.0,38.0,14.634,18.433,35.284,2,2,2,2,2
2026-09-04T19,22.0,28.0,13.95,15.85,36.875,1,1,1,1,1
2026-09-04T20,23.0,38.0,16.075,16.3,37.25,1,1,1,1,1
2026-09-04T21,19.0,27.0,15.5,18.033,37.5,1,1,1,1,1
2026-09-04T22,18.0,35.0,11.967,20.567,38.733,1,1,1,1,1
2026-09-04T23,17.0,,11.725,18.975,38.725,1,0,1,1,1
2026-09-05T00,,,12.85,17.075,38.925,0,0,1,1,1
2026-09-05T01,,,12.65,17.25,40.575,0,0,1,1,1
2026-09-05T02,25.0,35.0,11.35,19.0,40.7,1,1,1,1,1
2026-09-05T03,24.0,44.0,7.35,29.2,39.5,1,1,1,1,1
2026-09-05T04,,,7.8,34.9,6.7,0,0,1,1,1
2026-09-05T05,7.0,,14.325,10.725,11.525,1,0,1,1,1
2026-09-05T06,6.0,8.0,18.725,15.725,14.9,1,1,1,1,1
2026-09-05T07,,,24.7,14.05,17.45,0,0,1,1,1
2026-09-05T08,18.0,33.0,21.575,20.25,17.525,1,1,1,1,1
2026-09-05T09,30.0,40.0,18.1,24.575,16.975,1,1,1,1,1
2026-09-05T10,34.0,47.0,14.775,46.7,17.325,1,1,1,1,1
2026-09-05T11,5.0,,14.4,24.45,16.95,1,0,1,1,1
2026-09-05T12,7.0,28.0,14.85,32.3,16.975,1,1,1,1,1
2026-09-05T13,7.0,34.0,17.95,23.775,18.425,1,1,1,1,1
2026-09-05T14,18.0,33.0,16.775,20.675,19.625,1,1,1,1,1
2026-09-05T15,28.0,30.0,18.175,27.375,19.0,1,1,1,1,1
2026-09-05T16,14.0,41.0,20.975,17.425,20.6,1,1,1,1,1
2026-09-05T17,12.0,28.0,21.325,16.275,19.175,1,1,1,1,1
2026-09-05T18,16.0,40.0,24.684,17.55,20.084,2,2,2,2,2
2026-09-05T19,25.0,38.0,20.7,19.225,21.65,1,1,1,1,1
2026-09-05T20,27.0,52.0,21.75,19.825,22.475,1,1,1,1,1
2026-09-05T21,,,21.75,20.55,21.025,0,0,1,1,1
2026-09-05T22,18.0,19.0,20.9,18.8,19.75,1,1,1,1,1
2026-09-05T23,27.0,42.0,19.3,16.875,18.35,1,1,1,1,1
2026-09-06T00,24.0,36.0,25.325,16.85,18.025,1,1,1,1,1
2026-09-06T01,24.0,42.0,23.95,18.175,18.425,1,1,1,1,1
2026-09-06T02,25.0,46.0,24.975,17.025,17.95,1,1,1,1,1
2026-09-06T03,30.0,48.0,27.075,14.05,15.575,1,1,1,1,1
2026-09-06T04,28.0,51.0,26.525,12.5,17.25,1,1,1,1,1
2026-09-06T05,,,20.35,27.9,18.4,0,0,1,1,1
2026-09-06T06,,,,35.15,,0,0,0,1,0
2026-09-06T07,,,,30.1,,0,0,0,1,0
2026-09-06T08,25.0,,49.95,33.525,16.625,1,0,1,1,1
2026-09-06T09,,,38.725,28.5,17.45,0,0,1,1,1
2026-09-06T10,7.0,12.0,8.3,27.15,14.95,1,1,1,1,1
2026-09-06T11,,,8.35,30.225,14.3,0,0,1,1,1
2026-09-06T12,9.0,16.0,9.0,29.45,15.5,1,1,1,1,1
2026-09-06T13,7.0,38.0,8.775,19.55,16.45,1,1,1,1,1
2026-09-06T14,11.0,36.0,11.55,12.425,17.95,1,1,1,1,1
2026-09-06T15,28.0,64.0,13.775,18.8,19.15,1,1,1,1,1
2026-09-06T16,28.0,,13.225,18.175,24.5,1,0,1,1,1
2026-09-06T17,28.0,,11.125,15.725,28.375,1,0,1,1,1
2026-09-06T18,35.0,,10.834,16.1,30.834,2,0,2,2,2
2026-09-06T19,29.0,,9.4,16.775,30.3,1,0,1,1,1
2026-09-06T20,25.0,,8.7,17.625,31.925,1,0,1,1,1
2026-09-06T21,31.0,,8.2,18.675,34.05,1,0,1,1,1
2026-09-06T22,29.0,,10.325,19.5,34.15,1,0,1,1,1
2026-09-06T23,28.0,,7.6,21.3,33.225,1,0,1,1,1
2026-09-07T00,31.0,,7.3,17.7,33.225,1,0,1,1,1
2026-09-07T01,30.0,,11.975,6.525,33.7,1,0,1,1,1
2026-09-07T02,41.0,,14.3,21.925,33.3,1,0,1,1,1
2026-09-07T03,34.0,,10.025,35.1,30.8,1,0,1,1,1
2026-09-07T04,24.0,,9.7,44.75,27.95,1,0,1,1,1
2026-09-07T05,38.0,,10.15,54.4,28.5,1,0,1,1,1
2026-09-07T06,,,14.125,50.15,17.65,0,0,1,1,1
2026-09-07T07,,117.0,10.825,57.5,19.35,0,1,1,1,1
2026-09-07T08,47.0,108.0,8.025,54.525,19.1,1,1,1,1,1
2026-09-07T09,51.0,105.0,7.425,53.15,18.825,1,1,1,1,1
2026-09-07T10,51.0,105.0,7.775,48.125,20.025,1,1,1,1,1
2026-09-07T11,38.0,100.0,8.025,38.875,19.025,1,1,1,1,1
2026-09-07T12,42.0,97.0,11.35,27.45,20.65,1,1,1,1,1
2026-09-07T13,42.0,106.0,13.1,23.55,22.25,1,1,1,1,1
2026-09-07T14,42.0,113.0,19.8,15.4,21.825,1,1,1,1,1
2026-09-07T15,73.0,157.0,18.225,16.625,23.375,1,1,1,1,1
2026-09-07T16,68.0,204.0,21.325,34.425,26.15,1,1,1,1,1
2026-09-07T17,45.0,164.0,23.425,19.475,24.25,1,1,1,1,1
2026-09-07T18,48.0,144.0,21.534,19.166,24.216,2,2,2,2,2
2026-09-07T19,35.0,138.0,18.0,25.6,21.925,1,1,1,1,1
2026-09-07T20,24.0,61.0,14.3,24.775,20.475,1,1,1,1,1
2026-09-07T21,20.0,55.0,16.575,20.725,20.25,1,1,1,1,1
2026-09-07T22,16.0,48.0,15.325,21.1,20.4,1,1,1,1,1
2026-09-07T23,18.0,42.0,11.175,19.4,20.65,1,1,1,1,1
2026-09-08T00,23.0,52.0,15.75,18.925,21.3,1,1,1,1,1
2026-09-08T01,29.0,80.0,18.975,18.25,23.35,1,1,1,1,1
2026-09-08T02,31.0,99.0,18.15,22.85,24.0,1,1,1,1,1
2026-09-08T03,18.0,68.0,12.5,29.8,23.75,1,1,1,1,1
2026-09-08T04,30.0,101.0,8.925,34.95,21.375,1,1,1,1,1
2026-09-08T05,23.0,90.0,7.65,34.875,19.825,1,1,1,1,1
2026-09-08T06,25.0,106.0,8.1,37.075,18.575,1,1,1,1,1
2026-09-08T07,25.0,113.0,8.275,40.925,21.675,1,1,1,1,1
2026-09-08T08,27.0,116.0,7.35,42.15,21.25,1,1,1,1,1
2026-09-08T09,33.0,138.0,8.625,42.1,22.175,1,1,1,1,1
2026-09-08T10,31.0,132.0,6.825,41.0,23.0,1,1,1,1,1
2026-09-08T11,29.0,127.0,7.675,36.925,23.65,1,1,1,1,1
2026-09-08T12,28.0,130.0,11.4,29.675,20.5,1,1,1,1,1
2026-09-08T13,28.0,134.0,15.25,15.425,20.133,1,1,1,1,1
2026-09-08T14,40.0,149.0,20.7,16.4,20.9,1,1,1,1,1
2026-09-08T18,52.0,172.0,12.267,17.534,29.267,2,2,2,2,2
2026-09-08T19,36.0,164.0,11.625,19.475,30.05,1,1,1,1,1
2026-09-08T20,47.0,177.0,10.85,18.35,30.55,1,1,1,1,1
2026-09-08T21,42.0,158.0,10.133,16.833,31.433,1,1,1,1,1
2026-09-08T22,46.0,145.0,11.35,28.2,30.725,1,1,1,1,1
2026-09-08T23,30.0,130.0,7.675,24.175,28.6,1,1,1,1,1
2026-09-09T00,28.0,80.0,36.525,19.275,28.35,1,1,1,1,1
2026-09-09T01,25.0,88.0,17.3,20.725,28.175,1,1,1,1,1
2026-09-09T02,25.0,94.0,9.525,22.375,28.2,1,1,1,1,1
2026-09-09T03,29.0,99.0,7.35,26.025,27.725,1,1,1,1,1
2026-09-09T04,25.0,101.0,5.625,28.975,26.1,1,1,1,1,1
2026-09-09T05,30.0,110.0,7.95,33.825,25.375,1,1,1,1,1
2026-09-09T06,28.0,121.0,8.375,37.975,25.725,1,1,1,1,1
2026-09-09T07,34.0,147.0,7.967,38.75,26.15,1,1,1,1,1
2026-09-09T08,23.0,124.0,6.4,35.325,24.35,1,1,1,1,1
2026-09-09T09,18.0,116.0,6.625,39.425,23.475,1,1,1,1,1
2026-09-09T10,22.0,145.0,9.875,39.475,25.1,1,1,1,1,1
2026-09-09T11,34.0,138.0,10.875,35.5,26.625,1,1,1,1,1
2026-09-09T12,30.0,136.0,15.2,30.175,25.5,1,1,1,1,1
2026-09-09T13,29.0,143.0,21.55,18.775,26.1,1,1,1,1,1
2026-09-09T14,42.0,152.0,23.725,16.775,28.4,1,1,1,1,1
2026-09-09T15,36.0,157.0,19.225,14.275,32.6,1,1,1,1,1
2026-09-09T16,52.0,186.0,18.475,13.95,36.325,1,1,1,1,1
2026-09-09T17,67.0,201.0,15.575,17.0,40.8,1,1,1,1,1
2026-09-09T18,69.0,183.0,16.133,17.383,41.483,2,2,2,2,2
2026-09-09T19,51.0,191.0,15.2,14.4,41.45,1,1,1,1,1
2026-09-09T20,52.0,167.0,14.7,21.95,41.225,1,1,1,1,1
2026-09-09T21,56.0,188.0,16.15,19.425,40.3,1,1,1,1,1
2026-09-09T22,66.0,221.0,18.55,21.05,38.7,1,1,1,1,1
2026-09-09T23,56.0,219.0,17.475,19.425,36.25,1,1,1,1,1
2026-09-10T00,39.0,147.0,19.025,18.35,34.125,1,1,1,1,1
2026-09-10T01,41.0,128.0,17.15,19.325,32.1,1,1,1,1,1
2026-09-10T02,34.0,122.0,13.5,21.65,30.575,1,1,1,1,1
2026-09-10T03,29.0,106.0,10.15,27.6,30.3,1,1,1,1,1
2026-09-10T04,28.0,117.0,8.4,33.2,30.5,1,1,1,1,1
2026-09-10T05,28.0,114.0,8.025,40.775,31.425,1,1,1,1,1
2026-09-10T06,36.0,133.0,8.275,42.7,30.0,1,1,1,1,1
2026-09-10T07,23.0,108.0,7.175,41.875,31.2,1,1,1,1,1
2026-09-10T08,22.0,102.0,7.325,39.225,30.5,1,1,1,1,1
2026-09-10T09,18.0,95.0,8.275,41.875,31.425,1,1,1,1,1
2026-09-10T10,24.0,101.0,8.35,43.425,30.6,1,1,1,1,1
2026-09-10T11,23.0,94.0,9.375,43.975,29.775,1,1,1,1,1
2026-09-10T12,28.0,114.0,10.0,37.975,28.85,1,1,1,1,1
2026-09-10T13,19.0,106.0,12.4,28.6,29.65,1,1,1,1,1
2026-09-10T14,29.0,125.0,13.3,22.225,30.35,1,1,1,1,1
2026-09-10T15,36.0,116.0,15.175,20.7,30.65,1,1,1,1,1
2026-09-10T16,40.0,125.0,14.15,20.125,32.1,1,1,1,1,1
2026-09-10T17,44.0,128.0,16.225,16.125,32.675,1,1,1,1,1
2026-09-10T18,53.0,139.0,19.216,17.367,33.3,2,2,2,2,2
2026-09-10T19,44.0,132.0,16.925,14.775,34.8,1,1,1,1,1
2026-09-10T20,42.0,125.0,15.475,16.275,36.075,1,1,1,1,1
2026-09-10T21,51.0,125.0,15.6,15.233,35.933,1,1,1,1,1
2026-09-10T22,51.0,119.0,16.333,20.1,36.167,1,1,1,1,1
2026-09-10T23,47.0,110.0,15.375,18.475,35.95,1,1,1,1,1
2026-09-11T00,45.0,110.0,10.475,15.45,35.525,1,1,1,1,1
2026-09-11T01,52.0,123.0,10.55,18.575,36.05,1,1,1,1,1
2026-09-11T02,66.0,143.0,13.325,24.7,35.65,1,1,1,1,1
2026-09-11T03,63.0,147.0,13.75,22.75,34.55,1,1,1,1,1
2026-09-11T04,66.0,157.0,13.925,28.725,34.675,1,1,1,1,1
2026-09-11T05,77.0,199.0,14.075,43.5,34.6,1,1,1,1,1
2026-09-11T06,79.0,180.0,13.475,50.575,35.125,1,1,1,1,1
2026-09-11T07,56.0,139.0,7.45,35.05,34.35,1,1,1,1,1
2026-09-11T08,39.0,106.0,8.525,34.4,33.95,1,1,1,1,1
2026-09-11T09,7.0,27.0,9.825,22.525,34.075,1,1,1,1,1
2026-09-11T10,11.0,39.0,8.6,23.5,32.6,1,1,1,1,1
