tree
version=v4
num_class=1
num_tree_per_iteration=1
label_index=0
max_feature_idx=210
objective=regression
feature_names=Column_0 Column_1 Column_2 Column_3 Column_4 Column_5 Column_6 Column_7 Column_8 Column_9 Column_10 Column_11 Column_12 Column_13 Column_14 Column_15 Column_16 Column_17 Column_18 Column_19 Column_20 Column_21 Column_22 Column_23 Column_24 Column_25 Column_26 Column_27 Column_28 Column_29 Column_30 Column_31 Column_32 Column_33 Column_34 Column_35 Column_36 Column_37 Column_38 Column_39 Column_40 Column_41 Column_42 Column_43 Column_44 Column_45 Column_46 Column_47 Column_48 Column_49 Column_50 Column_51 Column_52 Column_53 Column_54 Column_55 Column_56 Column_57 Column_58 Column_59 Column_60 Column_61 Column_62 Column_63 Column_64 Column_65 Column_66 Column_67 Column_68 Column_69 Column_70 Column_71 Column_72 Column_73 Column_74 Column_75 Column_76 Column_77 Column_78 Column_79 Column_80 Column_81 Column_82 Column_83 Column_84 Column_85 Column_86 Column_87 Column_88 Column_89 Column_90 Column_91 Column_92 Column_93 Column_94 Column_95 Column_96 Column_97 Column_98 Column_99 Column_100 Column_101 Column_102 Column_103 Column_104 Column_105 Column_106 Column_107 Column_108 Column_109 Column_110 Column_111 Column_112 Column_113 Column_114 Column_115 Column_116 Column_117 Column_118 Column_119 Column_120 Column_121 Column_122 Column_123 Column_124 Column_125 Column_126 Column_127 Column_128 Column_129 Column_130 Column_131 Column_132 Column_133 Column_134 Column_135 Column_136 Column_137 Column_138 Column_139 Column_140 Column_141 Column_142 Column_143 Column_144 Column_145 Column_146 Column_147 Column_148 Column_149 Column_150 Column_151 Column_152 Column_153 Column_154 Column_155 Column_156 Column_157 Column_158 Column_159 Column_160 Column_161 Column_162 Column_163 Column_164 Column_165 Column_166 Column_167 Column_168 Column_169 Column_170 Column_171 Column_172 Column_173 Column_174 Column_175 Column_176 Column_177 Column_178 Column_179 Column_180 Column_181 Column_182 Column_183 Column_184 Column_185 Column_186 Column_187 Column_188 Column_189 Column_190 Column_191 Column_192 Column_193 Column_194 Column_195 Column_196 Column_197 Column_198 Column_199 Column_200 Column_201 Column_202 Column_203 Column_204 Column_205 Column_206 Column_207 Column_208 Column_209 Column_210
feature_infos=[5:954] [5:954] [7:925] [6:889] [7:925] [3:978] [3:978] [3:978] [6:978] [6:978] [6:978] [6:978] [6:978] [10:863] [12.125:704.17645263671875] [27.297872543334961:550.64404296875] [37.595420837402344:460.47015380859375] [4.8836460113525391:328.777099609375] [-401:432] [0.086242742836475372:1.0755792856216431] [2:2000] [2:2000] [5:1909] [5:2000] [5:1909] [8:1372] [8:1372] [8:1372] [8:1372] [8:1372] [8:1343] [11:1343] [11:1085] [14.199999809265137:1165] [28.600000381469727:887.15386962890625] [38.715518951416016:762.89581298828125] [58.046875:685.0126953125] [7.6890974044799805:577.84356689453125] [-1710:1716] [0.092404976487159729:1.3964254856109619] [2.4000000953674316:400] [2.4000000953674316:400] [0.80000001192092896:364.3330078125] [1.1000000238418579:400] [0.80000001192092896:234] [0.5:313.39999389648438] [0.5:312.89999389648438] [0.5:312.89999389648438] [0.5:313.39999389648438] [0.5:248.5] [0.5:248.5] [0.5:248.5] [0.5:274.8699951171875] [1.4666666984558105:272.98599243164062] [7.4434781074523926:213.96699523925781] [14.214900970458984:187.35580444335938] [17.426469802856445:168.98039245605469] [2.676445484161377:127.54848480224609] [-221.60000610351562:267.26998901367188] [0.11772730201482773:1.2868485450744629] [0:303.10000610351562] [0:303.10000610351562] [0:293.89999389648438] [0:334.75] [0.20000000298023224:293.89999389648438] [0.05000000074505806:322.5] [0.20000000298023224:322.5] [0.5:325.13299560546875] [0.5:322.5] [0.5:322.5] [0.20000000298023224:322.5] [0.20000000298023224:322.5] [0.05000000074505806:325.13299560546875] [0.38333332538604736:249.97500610351562] [8.2647495269775391:147.54499816894531] [13.519438743591309:95.138420104980469] [15.508450508117676:82.484420776367188] [1.6549127101898193:119.51470184326172] [-254.80000305175781:202.32499694824219] [0.11948869377374649:1.8486939668655396] [0:417.79998779296875] [0:417.79998779296875] [0:431.14999389648438] [0.10000000149011612:335.45001220703125] [0:394.10000610351562] [0:500] [0:500] [0:500] [0:500] [0:500] [0:401.03298950195312] [0:303.20001220703125] [0:500] [0.55000001192092896:361.06668090820312] [3.1343750953674316:221.85093688964844] [4.7651162147521973:207.15167236328125] [5.5246281623840332:137.8424072265625] [0.28332918882369995:230.40838623046875] [-300.10000610351562:384.20001220703125] [0.022138509899377823:1.9263913631439209] [27.100000381469727:436.79998779296875] [27.100000381469727:436.79998779296875] [47.116664886474609:250.875] [-403.79998779296875:334.79998779296875] [-217.375:129.50434875488281] [-116.61984252929688:133.10333251953125] [0.061291500926017761:3.5728154182434082] [0.22549045085906982:4.8438944816589355] [-0.93363606929779053:2.6849508285522461] [32.099998474121094:3054.699951171875] [32.099998474121094:3054.699951171875] [59.375:2207.083251953125] [-2943.699951171875:502.70001220703125] [-2092.033447265625:240.57391357421875] [-1168.7626953125:243.836669921875] [0.0328102707862854:5.4483542442321777] [0.11068644374608994:5.5446004867553711] [-0.9872443675994873:5.2634410858154297] [1.7999999523162842:142.69999694824219] [1.7999999523162842:142.69999694824219] [10.141666412353516:81.554168701171875] [-116.44999694824219:105.93299865722656] [-56.220653533935547:43.708000183105469] [-37.404167175292969:33.710231781005859] [0.043840419501066208:4.4068703651428223] [0.054421767592430115:3.5352184772491455] [-0.81244486570358276:3.343930721282959] [0:233] [0:233] [35.583332061767578:150.08332824707031] [-173.36700439453125:17.950000762939453] [-164.3011474609375:-8.2587080001831055] [-111.35459136962891:-23.10496711730957] [0:6.1300091743469238] [0:3.6795251369476318] [-0.91904759407043457:3.5899999141693115] [6.5:114.5] [6.5:114.5] [12.225000381469727:72.983329772949219] [-91.125:319.57501220703125] [-55.784374237060547:96.910003662109375] [-30.159700393676758:34.695278167724609] [0:10.481485366821289] [0.32929542660713196:2.4192354679107666] [-0.88536381721496582:20.390727996826172] [0.20000000298023224:24.799999237060547] [0:39.099998474121094] [-1:1] [-1:1] [0:483] [0:6.1820850372314453] [0:483] [0:60] [0:4.1108736991882324] [0:60] [0:3453.580078125] [0:8.147456169128418] [0:3453.580078125] [0:345] [0:5.8464388847351074] [0:345] [0:5864.52978515625] [0:8.6768484115600586] [0:5864.52978515625] [0:779] [0:6.6592941284179688] [0:779] [0:2480.699951171875] [0:7.8166990280151367] [0:2480.699951171875] [0:214.17999267578125] [0:5.3714747428894043] [0:214.17999267578125] [0:3960.679931640625] [0:8.284423828125] [0:3960.679931640625] [0:409.05999755859375] [0:6.016303539276123] [0:409.05999755859375] [0:1] [0:31.048061370849609] [1:167] [0:1] [15.576999664306641:817.5780029296875] [0.11073662340641022:4.9360904693603516] [28.799999237060547:3270.800048828125] [0.023664688691496849:15.590378761291504] [1.7999999523162842:370.02801513671875] [0.045180723071098328:10.177831649780273] [0:304.96798706054688] [0:5.0569477081298828] [4.9000000953674316:117.40000152587891] [0.17249517142772675:7.561436653137207] [5.5:44.400001525878906] [10:100] [0:9.5] [0:100] [967.0999755859375:998.4000244140625] [0.20000000298023224:24.200000762939453] [2:360] [0.30000001192092896:35.200000762939453] [10:4420] [-1:1] [-1:1] [0:22] [-1:1] [-1:1] [-0.99999940395355225:0.99998557567596436] [-0.99997919797897339:0.99985206127166748] [1:12] [0:1]
tree_sizes=7006 7194 7192 7158 7185 7191 7124 7159 7150 7193 7197 7205 7128 7206 7185 7200 7190 7204 7217 7235 7235 7203 7164 7215 7265 7183 7173 7211 7186 7227 7254 7231 3545 3582 3610 3556 3569 3567 3566 3564 3599 3566 3593 3556 3565 3584 3605 3584 3573 3602 3552 3570 3584 3609 3604 3562 3589 3573 3568 3595 3580 3611 3585 3594 3605 3601 3588 3588 3583 3599 3598 3590 3542 3613 3596 3592 3585 3587 3610 3592 3587 3614 3581 3602 3457 3605 3609 3609 3366 3604 3607 3613 3625 3622 3614 3618 3622 3612 3590 3621 3630 3630 2465 3630 3458 3633 3601 3630 3615 3628 2932 3585 3643 3585 3646 3599 3612 3618 3580 3620 3619 3660 3536 3615 3600 2811 3630 3591 2906 3636 3618 3175 3617 3627 3644 3572 3645 3625 2095 2194 3628 3615 3375 3619 3643 3638 3625 2737 3621 3600 3644 3076 3660 3628 3593 3647 3641 3626 3618 3651 2369 2736 3554 3644 3622 3615 3091 3624 3632 2547 2022 3605 3083 3303 2727 3245 3614 2745 3633 2812 3643 3613

Tree=0
num_leaves=80
num_cat=0
split_feature=96 96 204 132 142 77 35 86 94 96 96 35 86 94 207 80 35 90 209 80 85 56 57 48 92 75 194 62 96 30 51 94 80 86 76 96 35 204 29 96 47 114 193 85 90 96 34 85 88 35 90 82 94 207 94 207 57 96 42 193 85 207 194 80 93 194 96 92 194 85 200 32 206 94 86 96 80 68 85
split_gain=1.75561e+07 4.59356e+06 4.04151e+06 5.45206e+06 4.67604e+06 5.91042e+06 4.44334e+06 2.54461e+06 2.38846e+06 1.94704e+06 1.87801e+06 2.73458e+06 3.06151e+06 1.84646e+06 1.53364e+06 999795 956118 933563 916460 898096 883864 853556 939501 745412 781842 632406 589265 566786 535672 1.21004e+06 520364 367652 360092 350841 351172 338144 310339 746758 281003 275020 232590 223744 206967 310712 206862 205532 197615 196628 195746 228160 167312 124993 123020 121289 117897 115208 114923 109275 101919 100697 95285.2 255257 238078 91231.4 87403 358478 81855.7 103298 513753 79162.9 76739.8 69681.4 69428.9 65939.5 65499.6 61976.2 61904.7 61253.1 60148.9
threshold=14.551137924194338 40.390100479125984 10.500000000000002 -124.44892120361327 0.60601139068603527 27.618434906005863 324.40005493164068 10.454999923706056 23.988020896911625 9.2945833206176776 19.927397727966312 287.79019165039068 10.236499786376955 14.513813495635988 0.64579916000366222 42.562500000000007 151.32827758789065 10.477499961853029 10.500000000000002 18.755999565124515 12.506000041961672 64.869487762451186 23.13537693023682 29.878999710083011 11.402499675750734 41.392045974731452 51.500000000000007 26.577500343322757 23.04102993011475 162.50599670410159 29.307499885559086 13.354000091552736 22.833999633789066 11.302500247955324 58.066104888916023 5.1829547882080087 144.99942779541018 8.0000000000000018 220.59400177001956 24.732159614562992 27.427499771118168 164.67273712158206 7.9500000476837167 10.308000087738039 5.5824999809265146 17.752361297607425 382.60417175292974 11.402499675750734 8.7824997901916522 182.29873657226565 47.858499526977546 21.01249980926514 28.365287780761722 0.86975130438804638 18.428458213806156 0.9996619224548341 28.956272125244144 9.2945833206176776 79.480998992919936 5.0499999523162851 7.7014999389648446 -0.27694603800773615 66.500000000000014 30.628999710083011 7.7524166107177743 86.500000000000014 12.608902454376222 5.8010001182556161 87.500000000000014 18.852499961853031 5.8500001430511483 159.04499816894534 -0.25000000000000006 30.302958488464359 11.812500000000002 18.978005409240726 10.601500034332277 10.671000003814699 24.255000114440922
decision_type=10 10 2 10 2 8 8 8 10 8 10 8 10 10 2 2 10 8 2 2 10 10 10 8 8 10 10 10 10 8 10 10 2 8 10 10 8 2 8 10 10 10 8 10 10 10 8 8 8 8 8 8 10 2 10 2 10 10 10 8 10 2 10 2 8 10 10 8 10 8 10 10 2 10 8 10 2 10 8
left_child=9 2 3 4 5 6 7 8 13 35 11 12 30 -2 33 36 -9 18 20 47 23 22 25 -6 -25 -16 52 -18 48 -30 -7 59 54 56 71 -1 37 -3 -31 69 -15 50 43 -33 -13 -22 -8 74 49 -19 -17 78 55 -40 -28 -5 -12 -44 -43 -11 61 -50 -63 -41 65 -59 -61 68 -68 -21 -54 -35 -52 -34 -4 -49 -37 -53 -38
right_child=1 15 19 26 17 10 46 16 -10 31 14 44 -14 40 21 41 27 28 -20 39 45 -23 -24 24 -26 -27 32 -29 29 38 -32 42 73 34 -36 76 51 -39 53 63 -42 58 57 -45 -46 -47 -48 75 60 -51 72 77 70 -55 -56 -57 -58 64 -60 66 -62 62 -64 -65 -66 -67 67 -69 -70 -71 -72 -73 -74 -75 -76 -77 -78 -79 -80
leaf_value=15.122817049547432 20.625078613740861 20.519120037816009 15.500790324679707 16.430922125898135 17.310077745986408 22.649579325586199 17.927721371133718 22.17130684391439 18.389444687098258 16.909879771845461 15.355893517626203 18.321689024695168 17.359675202366997 24.987255494530949 16.624562138112267 17.267924909085181 16.482757730987004 18.844602189089187 16.017711818467546 15.925940889764734 16.049132124244181 15.970195863803921 22.643839852881012 23.679206135238942 18.785111292759836 20.384883208873898 15.734592042886524 20.161668043667223 21.102215350148612 18.218346537195139 26.618547788944674 18.794193681973923 16.25170793884844 16.908696113559614 18.776151980898298 15.32666946893692 15.997518550483042 16.315119996929024 16.144158390447533 16.281810549939088 27.56634632387961 19.916469513196461 16.568043593422349 15.894303641830746 16.12527603355171 18.459747158553483 15.836999425593211 15.785546179602056 15.834216722354562 16.367411391727813 17.319026122209547 17.472464796906358 18.13680610645843 17.448865543048129 16.035233905142331 17.534351653087114 16.686985805791359 15.743492752193667 18.523804579642814 15.528092081787204 15.98901274786725 16.04495818615279 18.506736343325166 16.62088094018802 15.757005530980363 17.848219280373264 15.607364782080708 15.641044575243644 18.789275352135835 16.160202630626159 16.942197558587846 15.809000910279112 18.265278647325356 16.640076204073814 15.756040118085414 15.957657196813782 15.497785553397616 16.765541150569369 16.745000397365125
leaf_weight=36687 232 269 9211 4821 221 268 250 372 225 200 1771 200 385 202 368 925 306 203 650 9144 334 350 243 268 212 286 9961 297 254 368 228 209 6146 353 261 60250 955 349 1367 7013 496 319 658 363 667 205 463 16169 784 391 313 688 228 315 8882 366 268 1343 496 51398 6287 241 342 4828 24648 371 935 14640 226 12022 1303 501 3135 2118 5962 14099 8720 1249 652
leaf_count=36687 232 269 9211 4821 221 268 250 372 225 200 1771 200 385 202 368 925 306 203 650 9144 334 350 243 268 212 286 9961 297 254 368 228 209 6146 353 261 60250 955 349 1367 7013 496 319 658 363 667 205 463 16169 784 391 313 688 228 315 8882 366 268 1343 496 51398 6287 241 342 4828 24648 371 935 14640 226 12022 1303 501 3135 2118 5962 14099 8720 1249 652
internal_value=15.8093 16.3172 16.2272 16.6203 17.3689 18.4113 20.6732 22.045 23.9508 15.4472 17.3649 19.0282 21.3805 25.2921 16.7037 17.6028 19.7814 16.6154 17.8432 15.9504 18.7991 18.4841 19.4637 20.2025 21.5283 18.2735 16.1458 18.299 16.3954 17.204 24.4921 15.6443 16.0211 15.9992 16.8544 15.27 16.9097 18.1497 16.7187 16.1886 26.8342 18.1585 15.8288 16.9572 16.6343 16.9692 16.572 15.7774 16.1693 17.2177 17.9873 16.6928 16.6488 16.3893 15.8763 16.5091 15.5312 15.8049 19.0733 15.5688 16.0878 16.5416 17.4912 16.4201 15.7858 16.2 15.5648 15.6843 16.2288 16.059 17.1215 16.2643 18.1798 16.3513 15.6011 15.8657 15.3483 17.0174 16.3012
internal_weight=343705 143057 133707 55259 21434 8992 2843 2130 1155 200648 6149 1748 881 930 4401 9350 975 12442 1890 78448 1240 1247 897 701 480 654 33825 603 10552 2304 496 94991 27107 3154 1115 105657 4162 618 2050 33007 698 5188 27592 572 867 539 713 45441 8248 594 4373 3544 6718 1682 18843 5187 2039 27020 815 67399 7654 1367 583 11841 26362 1714 67199 15801 1161 21166 1531 854 3448 8264 15173 30268 68970 1937 1607
internal_count=343705 143057 133707 55259 21434 8992 2843 2130 1155 200648 6149 1748 881 930 4401 9350 975 12442 1890 78448 1240 1247 897 701 480 654 33825 603 10552 2304 496 94991 27107 3154 1115 105657 4162 618 2050 33007 698 5188 27592 572 867 539 713 45441 8248 594 4373 3544 6718 1682 18843 5187 2039 27020 815 67399 7654 1367 583 11841 26362 1714 67199 15801 1161 21166 1531 854 3448 8264 15173 30268 68970 1937 1607
is_linear=0
shrinkage=1


Tree=1
num_leaves=80
num_cat=0
split_feature=96 96 97 205 97 101 36 96 93 95 81 97 97 204 94 36 94 94 95 60 205 139 90 94 77 166 114 197 96 96 92 82 94 81 193 59 194 94 194 86 95 94 26 81 35 196 203 19 68 10 95 90 57 193 194 56 81 9 79 181 193 89 36 16 205 194 11 146 94 56 94 92 96 96 92 205 42 22 94
split_gain=1.55436e+07 4.14153e+06 4.25536e+06 1.55415e+07 3.60449e+07 6.58878e+06 3.02502e+06 1.71774e+06 1.08537e+06 1.06893e+06 985415 981013 759415 1.30034e+06 1.76775e+06 429727 386424 340734 288469 234129 232109 226438 316014 369274 708324 210298 209876 192659 185794 179112 305240 170336 155477 145685 138104 130308 124312 118592 117447 95484.6 81391.5 78968 78851.4 76135.2 65828.7 64156.1 63841.4 62203.9 81938.9 151356 60879.3 60347.1 60753.9 106122 58693.4 57562 56612.3 56203.1 52916.4 52730.2 50418.4 84732 48889.6 46631.9 45837.4 101426 45068.5 66312 42936.2 42519.1 39548.1 37051.8 36706.8 36680.1 36652.1 34873.8 33955 32068 31742.6
threshold=14.551137924194338 40.390100479125984 36.21507644653321 0.93301269412040722 54.202339172363288 22.150000572204593 331.44911193847662 8.3077626228332537 23.065333366394047 21.624119758605961 42.562500000000007 63.294715881347663 36.21507644653321 10.500000000000002 17.343852043151859 123.06286239624025 44.443561553955085 30.302958488464359 12.326422214508058 39.902500152587898 0.93301269412040722 -2.4585000276565547 10.882500171661379 10.071020603179933 29.900869369506839 23.500000000000004 161.01001739501956 990.95001220703136 5.0695102214813241 18.312257766723636 10.508500099182131 4.0009999275207528 36.957334518432624 16.008500099182132 5.0499999523162851 0.1456849277019501 50.500000000000007 15.452107906341555 50.500000000000007 29.088999748229984 34.328315734863288 27.261770248413089 124.02500152587892 20.928999900817875 301.79379272460943 25.500000000000004 0.90992662310600292 0.41304479539394384 36.153501510620124 98.366500854492202 9.2666573524475115 27.005999565124515 30.229197502136234 28.050000190734867 29.500000000000004 16.895620346069339 9.7034997940063494 21.394000053405765 1.2409538030624392 43.000000000000007 16.250000000000004 9.5274996757507342 268.92478942871099 61.693590164184577 0.37940952181816107 52.500000000000007 90.034999847412124 24.050000190734867 15.543064117431642 36.889263153076179 16.965405464172367 28.616499900817875 18.978005409240726 24.248289108276371 11.480000019073488 1.0000000180025095e-35 9.6510000228881854 132.01249694824222 7.116035223007203
decision_type=10 10 2 2 2 10 8 8 8 10 2 2 2 2 8 8 10 10 10 8 2 8 10 10 8 10 10 10 10 10 8 10 8 2 8 10 8 8 10 8 10 10 8 2 10 8 8 10 10 10 10 8 10 8 8 8 2 8 8 2 10 8 8 8 2 8 10 10 10 10 10 10 10 10 10 2 10 10 8
left_child=7 2 9 32 5 6 8 28 31 20 15 -6 18 14 -14 -3 58 43 34 -18 37 38 23 24 -23 -16 35 -28 -1 39 -31 -5 54 46 -9 -12 -24 -2 -22 60 69 70 -32 64 -29 59 -17 -38 -49 57 -36 -35 -53 -54 -4 -34 -56 -50 74 -37 -25 -62 -47 -61 -11 76 67 -67 -40 71 -20 -19 -39 -45 -13 -58 -66 -42 -30
right_child=1 10 3 4 11 -7 -8 12 -10 17 26 16 13 -15 25 33 19 40 41 -21 21 22 36 29 -26 -27 27 44 78 30 42 -33 55 51 50 45 47 72 68 -41 77 -43 -44 73 -46 62 -48 48 49 -51 -52 52 53 -55 56 -57 75 -59 -60 63 61 -63 -64 -65 65 66 -68 -69 -70 -71 -72 -73 -74 -75 -76 -77 -78 -79 -80
leaf_value=-0.6472942877085367 -0.092987930726133566 2.9383729563748582 0.72745711007066383 9.7007566289404572 3.6325764810803687 0.17665516161113634 3.3514827943732293 0.95608569320507075 6.8981848185265076 0.20214500294787299 2.3611185144381825 -0.46008674235410069 7.5558381889944206 -0.31583274367564129 2.2197985931640041 0.17905465098837323 0.41574634886367923 0.70187228111066646 -0.10616947756148558 2.5489949228520783 0.68470873094756113 4.3862471866096762 0.7818493142839108 -0.0985570141092727 0.066567167757607223 -0.38652090264475619 4.4439980220794677 3.2084113137440013 -0.50816641078636138 2.615722777579756 1.4118664814807749 11.673274152267068 1.1697271672945755 0.59382393239043285 -0.35387314607660125 2.5543123748648253 0.013722532562227201 0.052246701716068843 -0.17867317178327338 1.5767362790460238 0.71968180611326882 0.79223334933125122 0.28870385857585917 0.38739204272591837 1.971013971567154 1.6758846772427254 1.3312959211897939 0.16277484833859485 1.2610707671701344 2.0192460178914677 -0.23948826304157708 1.0656910266232664 2.6692680342944168 0.85614500126991222 -0.37398722503860771 0.22272317981120637 -0.17325962986203769 0.16173416635047211 0.62577748162285329 2.4209576341672374 1.5308819793560857 0.24758783586546976 0.71950681868591693 1.369826218155078 1.6392969340708718 0.37692982399547131 0.10556464487374424 1.4356925180244755 0.085938587183205281 0.56626695594506904 0.055038329880071381 1.1848511089400913 0.194334706071038 0.55084407163288462 0.043181226793366639 0.24361294895690222 0.77684265845668921 1.1672723474705813 -0.41238854754824883
leaf_weight=35354 17385 375 229 216 284 260 208 327 217 8271 2416 2469 218 953 231 1251 527 1559 29388 285 889 279 1281 1044 267 214 263 278 30220 378 323 1611 259 614 25213 392 5334 16978 4161 200 776 380 739 9172 368 469 200 3528 211 258 49956 1234 263 210 5136 2085 2928 798 211 219 220 1148 330 518 200 2757 2301 230 4700 4211 6733 910 10652 10756 660 958 936 2315 21261
leaf_count=35354 17385 375 229 216 284 260 208 327 217 8271 2416 2469 218 953 231 1251 527 1559 29388 285 889 279 1281 1044 267 214 263 278 30220 378 323 1611 259 614 25213 392 5334 16978 4161 200 776 380 739 9172 368 469 200 3528 211 258 49956 1234 263 210 5136 2085 2928 798 211 219 220 1148 330 518 200 2757 2301 230 4700 4211 6733 910 10652 10756 660 958 936 2315 21261
internal_value=0.000538861 0.478169 0.39258 1.23611 3.47983 9.22115 10.2648 -0.340466 10.9664 0.256754 1.69545 0.227317 -0.186909 1.10409 3.1425 1.00368 -0.00642428 0.48755 -0.205547 1.1667 0.111978 0.255617 0.394447 0.814344 2.27786 0.968366 2.24128 3.07216 -0.541372 0.616625 1.15367 11.4455 -0.10857 0.81061 -0.272502 2.06675 0.22518 0.0297818 0.0276639 0.32022 0.800454 -0.0670579 0.631313 0.399224 2.50765 1.69685 0.338682 0.154709 0.311507 0.725203 -0.277859 1.10537 1.28891 1.86779 -0.219164 0.327816 -0.24327 0.392646 -0.291891 1.98885 0.215421 0.454933 1.28228 1.68503 0.295575 0.415818 0.305205 0.458908 -0.0383255 0.682448 -0.0761194 0.880292 0.10703 0.475637 -0.353953 -0.0704535 0.929991 1.05517 -0.46862
internal_weight=343558 143110 133710 18543 6948 2512 2252 200448 2044 115167 9400 4436 113613 1616 663 4147 4152 44394 111997 812 70773 25758 16008 4598 546 445 5253 909 86835 4052 1440 1827 11595 3772 75496 4344 11410 45015 9750 2612 9771 36501 1062 34623 646 1928 1451 10129 4795 1267 75169 2321 1707 473 9251 2344 9022 1009 3340 1129 2412 1368 799 737 14695 6424 5288 2987 8861 6680 36121 2469 27630 19928 3129 3886 1136 3091 51481
internal_count=343558 143110 133710 18543 6948 2512 2252 200448 2044 115167 9400 4436 113613 1616 663 4147 4152 44394 111997 812 70773 25758 16008 4598 546 445 5253 909 86835 4052 1440 1827 11595 3772 75496 4344 11410 45015 9750 2612 9771 36501 1062 34623 646 1928 1451 10129 4795 1267 75169 2321 1707 473 9251 2344 9022 1009 3340 1129 2412 1368 799 737 14695 6424 5288 2987 8861 6680 36121 2469 27630 19928 3129 3886 1136 3091 51481
is_linear=0
shrinkage=0.06


Tree=2
num_leaves=80
num_cat=0
split_feature=96 96 97 204 97 100 97 96 93 32 94 80 97 194 36 94 164 94 96 60 96 50 94 114 80 59 197 82 204 132 207 90 36 93 85 96 207 207 194 94 181 204 63 84 97 200 86 113 85 194 94 80 56 80 86 123 97 106 94 94 55 201 208 17 207 204 56 189 194 204 123 114 96 193 97 194 201 193 204
split_gain=1.38809e+07 3.7238e+06 3.99067e+06 1.43221e+07 3.18926e+07 5.08511e+06 2.36751e+06 1.47879e+06 1.29241e+06 991684 966930 789257 549715 1.00994e+06 416374 372362 331705 286271 268813 250396 221142 208652 173657 169664 145322 136444 135734 131995 125065 177308 351816 719760 170605 201723 165823 95531.2 87662.4 85173.1 80504.8 70122.7 68989.3 68351.8 64920.9 61397.4 59913.8 59641.9 58965.2 58495.7 55828.3 218401 55153.3 53728.4 50676.9 49046.2 46265 45501.1 44669.3 44659.5 44296.8 43076.5 41678.5 39728.9 53701.8 48713.7 39556.8 61096.7 38428.5 38045.9 37839.2 49013.1 41543.7 40113.6 37445.8 36304.6 36135.9 35929.4 35174.7 35173.6 34959.2
threshold=14.464246273040773 40.390100479125984 36.21507644653321 8.0000000000000018 48.168771743774421 27.150000572204593 63.294715881347663 9.3664197921752947 24.247550010681156 120.73600006103517 21.350853919982914 42.562500000000007 40.950769424438484 89.500000000000014 123.06286239624025 44.443561553955085 69.500000000000014 30.783332824707035 5.2934453487396249 39.902500152587898 17.880798339843754 47.812500000000007 12.061291217803957 161.01001739501956 14.407499790191652 0.1456849277019501 990.95001220703136 19.102499961853031 8.0000000000000018 -97.997333526611314 0.5986820161342622 12.308000087738039 160.30117034912112 12.304583549499513 5.0209999084472665 24.248289108276371 0.94978111982345592 0.99274429678916942 53.500000000000007 21.350853919982914 43.000000000000007 10.500000000000002 51.042499542236335 7.305000066757203 42.884325027465827 19.94999980926514 27.202500343322757 218.36955261230472 49.913999557495124 84.500000000000014 7.4329395294189462 17.258500099182132 16.895620346069339 62.957500457763679 11.502500057220461 42.703346252441413 4.195552110671998 1.3940123915672304 42.197711944580085 14.111770629882814 35.86015701293946 97.500000000000014 0.18281312286853793 53.589725494384773 0.89787620306015026 10.500000000000002 83.837211608886733 161.25859069824222 74.500000000000014 10.500000000000002 3.8794074058532719 -75.64986419677733 9.4321970939636248 21.750000000000004 12.729717731475832 63.500000000000007 102.50000000000001 21.050000190734867 17.000000000000004
decision_type=10 10 2 2 2 10 2 8 8 8 8 2 2 10 8 10 2 10 10 8 10 10 8 10 2 10 10 8 2 10 2 8 8 10 10 10 2 2 10 10 2 2 10 10 2 8 8 10 8 10 8 2 10 2 10 8 2 8 10 10 10 8 2 8 2 2 10 8 8 2 8 10 10 10 2 10 10 10 2
left_child=7 2 10 4 5 8 9 18 16 -6 20 14 22 41 -3 36 44 35 -1 -17 48 -11 56 25 37 67 -25 42 29 30 32 -32 33 -22 -33 61 -8 54 76 68 53 -14 -16 -29 -4 58 -45 -28 59 -50 -20 -30 -26 -27 -5 -42 -9 -36 64 -2 -48 62 63 -12 66 75 -19 -13 69 70 71 -24 -41 -68 -67 -66 -31 -65 -44
right_child=1 11 3 24 6 -7 15 12 -10 21 17 23 13 -15 27 19 -18 45 50 -21 28 -23 39 26 52 40 47 43 51 38 31 34 -34 -35 57 -37 -38 -39 -40 72 55 -43 78 46 -46 -47 60 -49 49 -51 -52 -53 -54 -55 -56 -57 -58 -59 -60 -61 -62 -63 -64 77 65 74 73 -69 -70 -71 -72 -73 -74 -75 -76 -77 -78 -79 -80
leaf_value=-0.60384910116280044 -0.10475874538360282 2.9224354934790902 10.133659724670121 -0.34902023403995669 7.4488586247145232 0.15443143135955181 -0.3672777281913529 -0.27096945775810444 5.5755361819093663 3.600939928061508 0.45600481039019047 2.1597366457300788 0.93254950018055671 3.6410956170900843 0.10426792141642362 0.37795840015136539 8.2957394951652574 0.5901264303332806 -0.45846578704771895 2.59221589807987 2.5684149548156179 0.91828848331432622 0.9648729081706392 4.024124607983314 1.1251812611953311 1.6760221182897865 2.9157657085814646 1.9355214827340026 0.031212263530141501 0.90833258628451352 3.5696647767730227 2.2708824068540476 0.049885631222528773 0.38998178544604234 0.28302131127183155 0.50113469272588795 0.8975340796251432 0.97016919183585693 0.10116817141367879 0.94384659458356701 1.5302135255632816 -0.25777809113144873 1.5067613435853018 0.52314386462078821 11.192924164036585 0.46213824050438962 0.51809519858110564 1.7746809204394305 0.024544846515300107 1.5823752831234597 -0.35095379456608433 0.23197516682255956 0.17047812479472965 2.7975064198266377 -0.012620404250179375 0.74436164061332999 -0.14164531110418782 1.2340246911703627 1.1789402952024688 0.032572209226432988 1.3823625313748449 0.23637315140142318 0.30171195515312632 1.6643494571612347 1.6026390961464791 0.91719173172972535 0.76016107672719446 3.0372799334508267 -0.14471500766863701 -0.080990207803029804 0.068933221608061687 0.057328262865705075 0.18062965443268511 1.7592171735609474 0.15421111344583666 0.83340614700195736 0.30114834194941448 0.77195232191293972 0.45770366022984182
leaf_weight=38296 12786 362 394 6138 200 202 3043 38899 205 217 1712 2222 225 386 1062 526 210 3556 34882 282 226 202 403 252 213 414 349 270 11440 680 390 204 2783 471 1108 13981 210 204 7247 275 908 749 218 693 1227 1981 252 315 1914 389 33897 8266 3108 219 1936 379 12777 211 1134 23034 1022 13439 5638 223 625 669 368 200 20185 13207 3519 310 1438 205 336 342 696 563 242
leaf_count=38296 12786 362 394 6138 200 202 3043 38899 205 217 1712 2222 225 386 1062 526 210 3556 34882 282 226 202 403 252 213 414 349 270 11440 680 390 204 2783 471 1108 13981 210 204 7247 275 908 749 218 693 1227 1981 252 315 1914 389 33897 8266 3108 219 1936 379 12777 211 1134 23034 1022 13439 5638 223 625 669 368 200 20185 13207 3519 310 1438 205 336 342 696 563 242
internal_value=-0.000244369 0.447536 0.367289 1.18552 3.34598 9.23538 0.528264 -0.324691 10.1358 3.98167 0.237358 1.60358 -0.14879 1.04815 0.981491 0.00102596 10.6431 0.456213 -0.476436 1.15301 0.100969 2.3129 -0.166687 2.09086 -0.103223 1.93332 2.8347 0.793846 0.212891 0.349895 0.619714 1.27312 0.260265 1.099 0.683081 0.378952 -0.285376 -0.237734 0.181093 -0.0716921 1.55379 0.0178694 0.362468 1.08705 10.9419 0.754218 0.969663 2.37792 0.00196413 0.288251 -0.405486 0.115433 0.23203 2.06782 -0.268369 1.29955 -0.238997 0.435973 0.834117 -0.0164498 1.21195 0.299756 0.40441 0.635987 0.769842 0.99118 0.663917 2.23342 -0.0887881 -0.0240502 0.153622 0.570921 0.303633 1.12003 0.662513 1.33173 0.601652 1.02693 0.957056
internal_weight=343961 144513 135134 18517 6918 2238 4680 199448 2036 619 116617 9379 92373 1360 4121 4061 1831 44772 107075 808 71845 419 91013 5258 11599 4342 916 3759 33722 14016 5393 1913 3480 697 1523 35556 3253 8278 8623 39337 1920 974 1522 2237 1621 9216 1967 664 38123 2303 68779 19706 3321 633 8074 1287 51676 1319 7235 35820 1274 21575 8136 2498 6101 1972 4129 2422 37624 17439 4232 713 1713 573 1005 967 1376 786 460
internal_count=343961 144513 135134 18517 6918 2238 4680 199448 2036 619 116617 9379 92373 1360 4121 4061 1831 44772 107075 808 71845 419 91013 5258 11599 4342 916 3759 33722 14016 5393 1913 3480 697 1523 35556 3253 8278 8623 39337 1920 974 1522 2237 1621 9216 1967 664 38123 2303 68779 19706 3321 633 8074 1287 51676 1319 7235 35820 1274 21575 8136 2498 6101 1972 4129 2422 37624 17439 4232 713 1713 573 1005 967 1376 786 460
is_linear=0
shrinkage=0.06


Tree=3
num_leaves=80
num_cat=0
split_feature=95 95 97 205 97 100 97 25 95 10 94 80 97 194 55 204 95 207 95 95 114 59 197 36 181 94 80 95 97 205 85 34 194 205 207 132 88 85 194 193 86 141 36 11 162 98 45 94 205 194 99 207 31 173 80 34 194 88 203 201 201 16 79 207 86 23 85 14 84 181 92 80 59 142 36 73 80 35 208
split_gain=1.22045e+07 3.2948e+06 3.33699e+06 1.24048e+07 2.74282e+07 4.52983e+06 2.30861e+06 1.35528e+06 1.12867e+06 1.0123e+06 866530 856601 847943 1.47903e+06 263184 259446 214436 205982 198523 181549 167224 168984 132738 131726 122535 121291 109792 106985 105141 103659 154184 247041 107538 96667.8 150332 243080 352426 101537 79554.7 77476.2 74405.4 119620 225356 253915 274387 70967.9 68662.8 67819.4 66391.2 175987 69781.5 60704.1 58709.5 88895.4 57154 55967.4 51159.1 49260.4 48076.5 47398.8 47093.7 55548.6 46722 45357.8 41436 39929.8 39211 37690.2 36825.2 34302.4 40888.6 33032.4 31919.5 31809.3 31350 78923.3 30966.3 30578.7 29996.2
threshold=13.968404769897463 39.422855377197273 36.21507644653321 0.93301269412040722 48.168771743774421 13.300000190734865 63.294715881347663 365.99499511718756 8.3748583793640154 40.986000061035163 22.986307144165043 42.562500000000007 40.950769424438484 91.500000000000014 25.322566032409672 10.500000000000002 18.315331459045414 0.97112539410591137 30.835494995117191 4.6374206542968759 161.01001739501956 0.16475552320480349 990.95001220703136 109.17042160034181 7.0000000000000009 35.29249572753907 11.254000186920168 11.274910926818849 63.294715881347663 0.93301269412040722 35.88750076293946 120.33929824829103 50.500000000000007 0.93301269412040722 0.5986820161342622 -124.44892120361327 12.50500011444092 7.3015000820159921 55.500000000000007 5.0499999523162851 9.5075001716613787 7.8066141605377206 294.44996643066412 66.044998168945327 4.863333225250245 5.0014998912811288 81.712497711181655 27.989417076110843 0.37940952181816107 52.500000000000007 0.3245361745357514 0.98667103052139293 182.03350067138675 34.454999923706062 16.008500099182132 360.02082824707037 92.500000000000014 9.9010000228881854 0.9238443672657014 47.500000000000007 62.500000000000007 68.205711364746108 0.39532402157783514 0.9990701973438264 25.258500099182132 214.01249694824222 4.6549999713897714 92.460937500000014 7.2049999237060556 55.000000000000007 31.758500099182132 10.601500034332277 0.43428461253643041 0.59151095151901256 182.22661590576175 66.847499847412124 12.202499866485597 68.407890319824233 0.48126256465911871
decision_type=10 10 2 2 2 10 2 8 8 10 8 2 2 10 10 2 10 2 10 10 10 10 10 8 2 10 2 8 2 2 8 8 8 2 2 10 8 10 10 8 10 8 8 8 2 2 10 10 2 8 2 2 10 2 2 10 8 8 10 10 8 10 8 2 8 10 8 10 10 2 8 2 10 2 8 8 2 10 2
left_child=8 2 10 26 5 7 9 14 19 -6 16 23 27 15 -5 -14 29 25 48 -1 21 58 -22 -3 -23 -8 51 76 47 -2 32 -32 -31 54 66 36 -36 -38 63 -21 41 -34 43 -43 -45 -27 -16 -25 50 59 -12 -4 53 64 -18 -24 62 -33 -13 67 61 -20 -26 -37 -30 -39 -35 -50 -49 -64 -71 -41 -63 -51 75 -68 -10 -28 -42
right_child=1 11 3 4 6 -7 17 -9 12 -11 18 20 13 -15 46 -17 33 -19 60 39 22 24 55 28 56 45 77 -29 52 30 31 57 40 34 35 38 37 65 -40 71 78 42 -44 44 -46 -47 -48 68 49 73 -52 -53 -54 -55 -56 -57 -58 -59 -60 -61 -62 72 69 -65 -66 -67 74 -69 -70 70 -72 -73 -74 -75 -76 -77 -78 -79 -80
leaf_value=-0.5822872299151941 -0.03016376108279813 1.9446909116216808 -0.31636377126274401 8.0823604018284261 6.5962950351768068 0.0028535545462428933 -0.41958192610518003 5.18332149004355 -0.27159530240949209 1.7177394097141858 0.42837911077037716 2.0410609940970903 1.8003452903591768 5.1052678695575366 10.509666689277962 -0.3677779459396634 0.025008515247855009 1.5202077008072754 1.9470606123097243 0.56021595696874915 3.8384517579617734 2.6756272738571125 2.7439520166983757 0.44890001380860445 1.9934665107452216 0.052973437238366262 0.82523294167176109 -0.12321234296179846 -0.035318507609215184 0.6284184394669855 2.7185803200778307 1.2128907848604242 -0.096339755238649363 -0.58529083336789567 2.8409923777526442 0.57133939626173569 1.8676575910838114 0.18500079018880841 0.1806935124068178 -0.42260531633093656 0.06566434654286489 0.21838483321537241 -0.0080050679478210155 4.0388012031365683 0.8979578243409938 1.236666767748871 9.1346964457275668 1.8276553425435047 0.92269360532559963 0.13907781312981518 0.17951170027463809 0.73207529683374772 0.07487017840977496 1.7151457096508145 0.2213269253503681 1.62475626665523 0.37422641815582536 0.14231502634299337 3.0169505033821897 0.83540954458771788 0.65884156250269499 0.66550650474344253 1.610752051770687 1.4956641531206363 0.87850177320370404 1.1207525558099836 0.2701529485532147 2.0543990133489878 1.0636638195057335 0.46387918703176684 1.2757500861170923 -0.26056626628290719 1.1976871677794205 0.43610295510495733 0.12090401835964223 1.4843407319573181 -0.15744362722910263 0.067006167595783275 -0.13061326637478424
leaf_weight=31245 32480 360 6663 241 269 201 2717 240 44248 356 9192 2287 276 292 1317 702 8571 262 203 297 252 247 342 629 346 660 200 43124 375 1305 205 203 1220 237 370 1444 215 667 3121 57469 8285 327 777 200 201 251 217 262 201 1571 7263 204 941 249 14156 316 211 642 202 2010 5191 947 534 220 340 217 1948 230 1797 331 696 4923 717 7501 5522 213 10612 4050 4235
leaf_count=31245 32480 360 6663 241 269 201 2717 240 44248 356 9192 2287 276 292 1317 702 8571 262 203 297 252 247 342 629 346 660 200 43124 375 1305 205 203 1220 237 370 1444 215 667 3121 57469 8285 327 777 200 201 251 217 262 201 1571 7263 204 941 249 14156 316 211 642 202 2010 5191 947 534 220 340 217 1948 230 1797 331 696 4923 717 7501 5522 213 10612 4050 4235
internal_value=0.000573382 0.405523 0.327822 1.09408 3.12672 8.59215 0.442932 9.44852 -0.315047 3.82465 0.215721 1.41938 -0.173959 1.36585 10.022 0.245299 0.114249 -0.101247 0.467698 -0.464123 1.91662 1.7759 2.66449 0.840449 1.41149 -0.218729 -0.136792 -0.193931 0.753494 0.03338 0.150642 0.855343 0.105884 0.223996 0.346964 0.566839 1.24172 0.701199 0.359434 -0.40522 0.061116 0.345179 0.702914 1.46065 2.47061 0.380105 10.3212 0.995146 0.395913 0.506447 0.31855 -0.285115 0.412174 0.741011 0.147294 2.20975 1.26287 0.400636 2.12144 0.958624 0.752053 1.01073 1.36095 0.694371 0.399845 0.415711 0.17329 1.52998 1.16172 1.21956 1.01479 -0.409824 0.895399 0.384688 0.196763 0.390461 -0.249517 0.102873 -0.00073341
internal_weight=343760 150572 139855 17848 6731 2216 4515 2015 193188 625 122007 10717 99254 1270 1775 978 86981 3890 35026 93934 5764 4854 910 4953 2365 3628 11117 97984 4593 50080 17600 1050 16550 36901 14174 6254 1469 1099 4785 62689 15245 2725 1505 728 401 911 1534 2688 27968 11513 16455 6867 1905 964 22727 658 2118 845 2489 2441 7058 1867 1907 1664 715 884 7920 431 2059 1561 1027 62392 1664 9072 7683 2161 54860 4250 12520
internal_count=343760 150572 139855 17848 6731 2216 4515 2015 193188 625 122007 10717 99254 1270 1775 978 86981 3890 35026 93934 5764 4854 910 4953 2365 3628 11117 97984 4593 50080 17600 1050 16550 36901 14174 6254 1469 1099 4785 62689 15245 2725 1505 728 401 911 1534 2688 27968 11513 16455 6867 1905 964 22727 658 2118 845 2489 2441 7058 1867 1907 1664 715 884 7920 431 2059 1561 1027 62392 1664 9072 7683 2161 54860 4250 12520
is_linear=0
shrinkage=0.06


Tree=4
num_leaves=80
num_cat=0
split_feature=96 96 97 205 97 93 97 96 97 36 94 80 97 204 97 36 94 96 144 36 95 95 95 95 193 114 197 45 82 205 207 132 90 85 82 36 207 206 205 85 87 86 193 164 157 68 201 208 205 14 99 207 207 164 94 80 83 80 193 207 201 193 33 87 22 79 93 85 207 201 181 94 208 197 80 74 93 32 86
split_gain=1.08792e+07 2.82565e+06 3.0978e+06 1.11039e+07 2.50602e+07 2.86117e+06 1.94956e+06 1.20898e+06 1.17073e+06 1.02947e+06 736763 602552 534356 928957 1.40638e+06 340790 281014 215175 207317 449098 203997 195133 186493 130393 129933 124204 127340 120028 117247 102348 169997 419374 666203 132576 102001 84030.5 76947.5 75931.3 70059.5 190205 247958 173175 73512.5 77758.5 91043.6 63557.9 62804.1 69200.9 66568.6 65831.6 64301.4 60053.6 57738.9 64783.3 57686.9 53717.1 53231.2 51481.9 50419.3 50040.4 49325.4 67283.7 48848.2 48815.3 79264.3 48431.7 46649.1 46049.7 42068.5 50906.7 40426 40055.6 39294.2 40536.2 38307.4 43034.8 43313.2 37786.8 31762.3
threshold=14.551137924194338 40.390100479125984 36.21507644653321 0.93301269412040722 48.168771743774421 30.080249786376957 63.294715881347663 8.3077626228332537 40.950769424438484 161.5507736206055 22.631583213806156 42.562500000000007 40.950769424438484 10.500000000000002 48.168771743774421 123.06286239624025 44.443561553955085 18.312257766723636 1.9473270773887636 240.78892517089847 12.326422214508058 25.296884536743168 30.835494995117191 4.8872821331024179 5.0499999523162851 175.01625061035159 991.54998779296886 30.002499580383304 19.300999641418461 0.93301269412040722 0.5986820161342622 -124.44892120361327 12.308000087738039 7.4574999809265146 12.301500320434572 386.57731628417974 0.98667103052139293 -0.25000000000000006 0.93301269412040722 49.913999557495124 11.903499603271486 62.496000289916999 16.650000572204593 223.50000000000003 76.909999847412124 9.921000003814699 122.50000000000001 0.20812153071165088 -0.68301269412040699 111.5483741760254 0.30107709765434271 0.94978111982345592 0.89017060399055492 15.500000000000002 27.261770248413089 18.755999565124515 28.202500343322757 10.601500034332277 21.750000000000004 -0.074117381125688539 192.50000000000003 21.849999427795414 216.74308013916018 53.112499237060554 96.291500091552749 0.57784107327461254 53.161666870117195 35.88750076293946 0.99168354272842418 107.50000000000001 7.0000000000000009 13.906270503997805 -0.43733099102973932 980.25000000000011 16.302499771118168 18.249697685241703 12.304583549499513 59.583499908447273 11.602499961853029
decision_type=10 10 2 2 2 8 2 8 2 8 8 2 2 2 2 8 10 10 8 8 10 10 8 8 8 10 10 8 8 2 2 10 8 10 8 8 2 2 2 8 8 8 10 2 10 10 8 2 2 10 2 2 2 2 10 2 8 2 10 2 8 10 10 8 10 10 10 8 2 10 2 10 2 8 2 8 8 10 10
left_child=7 2 10 34 5 8 9 23 -5 -6 17 15 20 14 -14 -3 51 38 -18 -20 24 -10 46 -1 -9 35 -27 -16 65 55 63 32 -32 -34 36 37 78 59 71 41 -41 42 -40 -44 -45 60 47 48 -12 -50 -48 -8 -33 -54 -22 -19 -24 -26 -51 -13 61 -30 -35 74 -65 -17 -39 -67 -55 -70 -68 -2 -58 -74 75 76 -31 -42 -4
right_child=1 11 3 4 6 -7 16 12 21 -11 22 25 13 -15 27 28 18 29 19 -21 54 -23 56 -25 57 26 -28 -29 45 30 31 52 33 62 -36 -37 -38 66 39 40 77 -43 43 44 -46 -47 50 -49 49 58 -52 -53 53 68 -56 -57 72 -59 -60 -61 -62 -63 -64 64 -66 67 70 -69 69 -71 -72 -73 73 -75 -76 -77 -78 -79 -80
leaf_value=-0.54552667444952685 -0.15065968709064148 2.6305330660541855 -0.32925164493231551 5.0323393967686867 6.773219068921529 1.779047241420485 -0.31059857929465245 0.95627180646835674 9.7607228924830736 1.6739423061996375 0.21605263034251998 1.9617306991670189 6.5288640787204111 -0.29369541707896291 -0.4281007205368263 -0.11011091242329432 0.025401492990496648 0.059758623584247099 3.9764886593462814 -0.0051861728517822205 -0.06389486234947292 7.756561554171439 0.47538893683555949 -0.39479982956142534 -0.26875113298357906 3.8114940605478149 2.006132407497057 1.6411800580238227 1.1329896605211733 1.1606664637241308 3.8950261596639169 0.0025259797308653043 2.1634037168662799 0.20856215245855192 0.14139264637373394 0.57976879082418775 0.90759181685459156 1.5622440021950996 -0.13553291943089762 2.8308818412774688 0.98180157914968591 1.7300520706724691 0.11199602726158044 1.8662915869130947 0.07326585328881291 0.75514106458772812 0.39120658304668615 0.36380813399391448 0.65767578134844229 2.0782148090879851 0.15034255880736624 0.75505148327936933 0.18050015527865571 0.48525418006410032 0.64168043669507402 0.24753953286979938 0.45614102742557266 -0.1636046244179247 0.93740069418546546 0.82717464666319107 0.83828069145825956 2.6469899217615573 1.2429914963313744 1.505443370153426 0.1054485798597838 0.23696471366703201 2.8087602698270762 1.0968974707072616 1.5302071345998989 0.3636249773741731 1.95371844659794 0.007497874095562379 1.6422685162365929 0.84026409359163345 0.2456262380618745 -0.11525273419473576 0.039414531623013317 -0.061628451024899715 -0.014356225088943915
leaf_weight=34113 8429 359 5530 244 233 223 3074 331 1511 367 965 204 224 877 202 623 393 13535 200 207 36347 226 2612 52457 49854 215 420 200 226 202 319 1513 202 670 4233 221 207 1134 5097 205 211 222 8013 201 206 1505 9208 8476 2836 217 7044 202 1587 1012 421 9220 937 25266 397 451 294 202 217 246 355 578 223 366 385 208 2373 18234 241 3970 3975 2965 319 304 1457
leaf_count=34113 8429 359 5530 244 233 223 3074 331 1511 367 965 204 224 877 202 623 393 13535 200 207 36347 226 2612 52457 49854 215 420 200 226 202 319 1513 202 670 4233 221 207 1134 5097 205 211 222 8013 201 206 1505 9208 8476 2836 217 7044 202 1587 1012 421 9220 937 25266 397 451 294 202 217 246 355 578 223 366 385 208 2373 18234 241 3970 3975 2965 319 304 1457
internal_value=-4.76123e-05 0.400377 0.329472 1.05435 2.95854 8.23147 0.471955 -0.285247 8.95655 3.66214 0.214024 1.40608 -0.15663 0.966824 2.73041 0.865939 0.00156696 0.109576 1.00899 1.95636 -0.171686 9.50458 0.434929 -0.4542 -0.228157 1.83385 2.62243 0.60291 0.698318 0.214698 0.34125 0.579845 1.48793 0.779898 -0.0922809 1.72459 -0.229777 1.78214 0.0151671 0.121511 1.07144 0.0716556 0.0442925 0.153152 0.961169 0.978035 0.365305 0.464216 0.656854 0.780053 0.286826 -0.24468 0.307837 0.452507 -0.0557987 0.135852 0.696324 -0.233389 1.34331 1.18298 1.44097 1.85205 0.462745 0.160286 0.68004 0.300418 1.88701 0.571179 0.721183 1.12232 2.02822 -0.0425044 0.808308 0.886543 0.118333 -0.0268459 0.475532 0.366948 -0.263598
internal_weight=342948 142656 133262 18307 6880 2204 4676 200292 1981 600 114955 9394 113722 1503 626 4153 4076 78052 800 407 112219 1737 36903 86570 75451 5241 635 402 3794 36930 14175 6113 1408 1089 11427 4606 7194 4385 41122 14459 720 13739 13517 8420 407 2227 29143 12891 4415 3450 16252 3276 4705 3192 36768 22755 7760 75120 614 655 722 428 887 8062 601 1567 3730 944 1605 593 2596 26663 5148 4211 7461 3486 521 515 6987
internal_count=342948 142656 133262 18307 6880 2204 4676 200292 1981 600 114955 9394 113722 1503 626 4153 4076 78052 800 407 112219 1737 36903 86570 75451 5241 635 402 3794 36930 14175 6113 1408 1089 11427 4606 7194 4385 41122 14459 720 13739 13517 8420 407 2227 29143 12891 4415 3450 16252 3276 4705 3192 36768 22755 7760 75120 614 655 722 428 887 8062 601 1567 3730 944 1605 593 2596 26663 5148 4211 7461 3486 521 515 6987
is_linear=0
shrinkage=0.06


Tree=5
num_leaves=80
num_cat=0
split_feature=96 97 205 97 184 36 94 96 96 93 94 97 97 204 97 94 96 194 114 96 209 82 71 198 94 80 205 209 132 90 173 94 207 80 194 205 86 89 140 94 33 96 86 197 10 88 36 36 145 194 94 74 207 194 56 205 194 94 96 194 207 105 80 94 105 193 65 193 97 8 68 198 80 84 76 193 207 197 86
split_gain=9.63195e+06 2.60866e+06 9.98965e+06 2.24988e+07 4.7491e+06 3.36651e+06 3.17901e+06 1.08349e+06 703975 701685 656455 839791 602822 1.00304e+06 1.50048e+06 273825 228714 205385 189651 185067 163922 147530 162712 140251 119881 107708 107604 195506 251533 371362 356114 142181 98680.3 88790.2 86837.9 84239.9 135007 167268 98534.7 220461 420017 81287.8 75692.7 74325.7 69621.7 69235.2 146204 73639 138678 68625.1 68168.6 67814.4 65736.9 59316.8 74036.6 66494.2 57456 57093.9 55712.7 53488.8 52832 46913.1 46311.6 44512.5 42464 42048.1 41679.6 39683.5 39122.7 51816.7 111706 38940.8 38845 35167.2 33630 33365.8 32054.7 39853.8 31371.9
threshold=14.551137924194338 36.21507644653321 0.93301269412040722 54.202339172363288 0.2460705563426018 382.81842041015631 42.197711944580085 9.2945833206176776 19.517843246459964 24.887084007263187 33.252143859863288 75.481174468994155 40.950769424438484 10.500000000000002 48.168771743774421 28.365287780761722 46.914346694946296 34.500000000000007 175.01625061035159 5.4026846885681161 9.5000000000000018 14.982500076293947 34.384000778198249 7.3500001430511483 12.061291217803957 13.927500247955324 0.37940952181816107 4.5000000000000009 -95.46584320068358 12.108500003814699 7.805000066757203 13.906270503997805 0.95752912759780895 17.100999832153324 51.500000000000007 0.93301269412040722 49.601499557495124 11.701499938964846 -2.506130456924438 9.991244316101076 152.38892364501956 30.294282913208011 7.0525000095367441 991.75000000000011 70.012500762939467 10.386499881744387 137.325553894043 303.23957824707037 6.5499999523162851 48.500000000000007 18.028547286987308 86.839828491210952 0.92922380566596996 77.500000000000014 103.80358123779298 -0.37940952181816096 50.500000000000007 15.452107906341555 54.606544494628913 56.500000000000007 0.9470459818840028 2.1139771938323979 18.612500190734867 27.261770248413089 28.51051235198975 5.0499999523162851 3.8099999427795415 5.9500000476837167 4.6888568401336679 18.943499565124515 27.115000724792484 8.7500000000000018 9.927500247955324 16.107999801635746 31.792515754699711 20.250000000000004 0.89787620306015026 981.54998779296886 11.502500057220461
decision_type=10 2 2 2 10 8 10 8 10 8 10 2 2 2 2 10 10 8 10 10 2 8 10 10 10 2 2 2 10 8 2 8 2 2 10 2 8 10 8 10 8 10 10 10 8 8 8 8 8 8 8 10 2 8 10 2 8 8 10 10 2 10 2 10 10 8 10 8 2 8 10 10 2 10 10 10 2 10 10
left_child=7 6 17 4 5 9 8 19 35 20 32 -12 24 14 -14 26 -8 23 58 -1 42 73 52 -3 67 78 33 28 29 30 -28 -31 66 -10 71 57 38 -38 59 40 -40 -17 44 -20 -4 46 -41 48 -48 74 -29 -52 -23 54 55 -43 -47 -2 64 -37 -25 -27 -26 -64 -18 -21 -5 -9 -69 70 -70 75 -67 -13 -33 -30 -57 -78 -19
right_child=1 2 3 10 -6 -7 16 12 15 -11 11 21 13 -15 -16 41 18 25 43 65 -22 22 -24 60 62 61 27 50 34 31 -32 49 -34 -35 -36 36 37 -39 39 45 -42 53 -44 -45 -46 56 47 -49 -50 -51 51 -53 -54 -55 -56 76 -58 -59 -60 -61 -62 -63 63 -65 -66 72 -68 68 69 -71 -72 -73 -74 -75 -76 -77 77 -79 -80
leaf_value=-0.50158061266824339 -0.098418326737291409 2.1018144036213986 7.9018427402872433 0.48860443899089973 0.045729056229522703 0.96488065043730398 1.0850854239871486 0.43855350477620958 0.061844988767354891 5.3748340046855638 3.7370870545512518 -0.21382332865533948 6.9024774922457484 -0.26095842878440756 0.67384824419778488 0.45850936211273341 1.5803497113403884 -0.30721325764308932 3.9129238930601034 0.3103962032708617 7.6028294076710718 0.31939302789540591 2.2720354556518876 1.0175801429951039 -0.089953229759622111 0.085407879623319694 0.84718793613518151 -0.03860422324309716 1.6490339958133982 2.1823552058697824 4.2555236534909762 1.7640535165354756 1.0446259788034566 0.28273509489165266 0.27140219683276162 0.36314320697760039 2.0133689744294481 -0.07307620275090998 3.1111013436915953 1.9382606573204031 0.16072061004866825 0.57069203669310153 9.6789574757847223 2.2821349901128039 9.277906085682563 0.53475308384203046 2.010697571683675 -0.14827511788523087 0.26217876775087878 0.30551663129306783 0.27570002648786091 1.3364429311422557 1.4886197940418495 0.41483704966372326 1.9949085156377313 0.80455330399008329 0.036699538971746465 0.055991910044497127 1.9114614400844465 -0.10032355108773255 -0.049152274746859681 0.84232292192924463 0.047861417853798535 0.83551495928984532 0.7082275236337896 -0.36167420424304825 -0.40202533830418385 -0.22550707565275499 -0.12725321844220161 -0.13445746991704566 1.3682196593017719 0.34508374149264126 -0.23847405331088065 0.66640824361779805 0.69122589353273312 0.80556061115641808 2.0524473599244408 1.1090362231971489 -0.03082226455759448
leaf_weight=39460 14591 229 283 204 305 223 2021 351 10251 211 369 618 220 812 377 7238 1138 5963 202 358 273 624 297 283 32364 3492 204 2787 200 220 241 201 200 18153 4658 1028 304 253 271 221 481 1971 980 213 440 935 209 740 736 1112 8140 222 239 1327 202 935 7642 21065 2277 6959 406 321 7138 267 247 54834 2471 43164 546 9216 267 582 11084 221 224 1104 200 863 1966
leaf_count=39460 14591 229 283 204 305 223 2021 351 10251 211 369 618 220 812 377 7238 1138 5963 202 358 273 624 297 283 32364 3492 204 2787 200 220 241 201 200 18153 4658 1028 304 253 271 221 481 1971 980 213 440 935 209 740 736 1112 8140 222 239 1327 202 935 7642 21065 2277 6959 406 321 7138 267 247 54834 2471 43164 546 9216 267 582 11084 221 224 1104 200 863 1966
internal_value=0.00179494 0.377644 1.00205 2.66768 7.09996 7.99233 0.272602 -0.266673 0.202676 8.70812 0.371585 1.11113 -0.119291 1.11206 2.97686 0.343254 1.60792 -0.04509 1.86677 -0.3987 9.06116 0.624771 1.06284 0.818722 -0.137896 -0.112688 0.277984 0.384994 0.597343 1.15194 2.69845 0.758934 -0.237717 0.203021 0.41058 0.0478921 0.147196 1.06723 0.120482 0.235013 1.22668 0.590738 9.29034 3.08341 8.75094 0.163766 0.490768 0.299882 0.650605 0.553904 0.218374 0.304018 0.644548 0.7647 0.875883 0.818442 0.0910496 -0.00719619 1.72808 -0.0406331 0.389837 0.149333 -0.0589825 0.0763706 1.42544 -0.337439 -0.333947 -0.196505 -0.200704 -0.0939401 0.364957 0.753993 -0.340962 0.0185547 1.20156 0.936092 1.06244 1.2883 -0.238694
internal_weight=343644 143186 20618 7958 2715 2410 122568 200458 116470 2187 5243 2368 94722 1409 597 61035 6098 12660 4077 105736 1976 1999 1160 918 93313 11742 48299 19895 8746 2202 445 1757 2875 28404 6544 55435 19779 557 19222 11235 752 12736 1703 415 723 10483 1906 1685 945 1537 11149 8362 863 5498 4171 3969 8577 35656 3662 7987 689 3813 39769 7405 1385 66276 2675 53544 53193 10029 813 1886 65918 839 425 1304 1998 1063 7929
internal_count=343644 143186 20618 7958 2715 2410 122568 200458 116470 2187 5243 2368 94722 1409 597 61035 6098 12660 4077 105736 1976 1999 1160 918 93313 11742 48299 19895 8746 2202 445 1757 2875 28404 6544 55435 19779 557 19222 11235 752 12736 1703 415 723 10483 1906 1685 945 1537 11149 8362 863 5498 4171 3969 8577 35656 3662 7987 689 3813 39769 7405 1385 66276 2675 53544 53193 10029 813 1886 65918 839 425 1304 1998 1063 7929
is_linear=0
shrinkage=0.06


Tree=6
num_leaves=80
num_cat=0
split_feature=95 95 204 99 122 36 96 93 99 194 84 99 91 96 77 80 91 80 194 209 52 80 96 193 99 96 99 194 34 36 96 114 96 36 204 136 197 7 59 95 140 86 166 88 95 86 95 181 193 25 87 8 194 8 194 151 80 194 95 201 93 123 92 201 79 209 15 86 16 80 96 201 17 36 141 16 62 87 193
split_gain=8.37284e+06 2.33455e+06 1.91435e+06 4.10334e+06 3.12453e+06 4.86402e+06 5.18314e+06 2.52473e+06 2.31811e+06 1.7427e+06 1.39007e+06 953589 849134 838832 628033 556024 534224 430841 309749 295043 374041 281048 216815 170890 217898 177043 195642 386479 656682 164931 343908 140870 139442 132379 346634 987767 123288 108779 102735 101492 95050.1 194786 108850 200695 95032.3 91574.4 89158.5 87503.7 82223.2 71407.3 122794 67474.4 66960.2 64583 63705.5 61184.6 59144.9 57530.2 57147.3 54709.9 51148.1 50269.7 50014.1 49699.9 47219.9 46764.1 60272.5 118660 45854.3 45331.7 42280.9 41845.2 41796.1 41694.7 45214.5 40169.9 39424.3 38397.9 37853.6
threshold=13.968404769897463 39.422855377197273 10.500000000000002 0.5849612057209016 -77.961490631103501 284.58528137207037 21.774844169616703 27.415249824523929 0.74050867557525646 70.500000000000014 14.002500057220461 0.89449110627174389 12.807499885559084 8.06439256668091 29.900869369506839 42.562500000000007 5.8825001716613778 19.096500396728519 50.500000000000007 4.5000000000000009 54.729000091552741 11.655999660491945 19.245353698730472 5.0499999523162851 0.30372016131877905 12.846057415008547 0.61733973026275646 87.500000000000014 188.26499938964847 324.04495239257818 23.392558097839359 175.01625061035159 23.392558097839359 252.63591766357425 8.0000000000000018 7.9500000476837167 991.54998779296886 inf 0.19397548586130145 4.6374206542968759 8.4287896156311053 8.5015001296997088 33.500000000000007 12.105000019073488 19.900753021240238 11.402499675750734 26.083090782165531 55.000000000000007 19.750000000000004 inf 10.654999732971193 186.02649688720706 56.500000000000007 460.87500000000006 72.500000000000014 13.385000228881838 12.903499603271486 70.500000000000014 31.419023513793949 47.500000000000007 62.169025421142585 8.3287019729614276 9.9010000228881854 147.50000000000003 1.068868160247803 10.500000000000002 155.70578765869143 10.602499961853029 150.85352325439456 20.928999900817875 19.245353698730472 87.500000000000014 36.156414031982429 292.33467102050787 16.734758377075199 52.278116226196296 36.852499008178718 18.502499580383304 30.550000190734867
decision_type=10 8 2 2 10 8 8 10 2 10 8 2 10 10 10 2 10 2 8 2 10 2 8 8 2 10 2 10 8 8 8 10 8 8 2 10 10 8 10 8 8 8 10 8 10 8 10 2 10 8 8 8 10 8 8 10 2 8 10 10 10 10 8 10 10 2 10 10 8 2 8 10 10 8 8 8 8 10 10
left_child=13 2 3 18 5 6 7 9 14 -5 19 12 21 39 -8 33 -12 45 46 20 -10 44 49 24 -15 56 -27 -28 -29 30 -7 38 -19 34 35 -3 -33 53 -17 -1 69 -42 43 -43 -11 57 48 60 71 65 -51 -30 61 -31 64 58 -25 -4 -45 -48 -40 -6 -21 -50 -35 66 -20 -68 -66 -24 -47 -2 -37 74 -49 -36 -60 -54 -77
right_child=1 15 17 4 52 29 8 -9 10 11 16 -13 -14 23 -16 31 -18 32 22 62 -22 -23 40 25 -26 26 27 28 51 37 -32 36 -34 54 75 72 -38 -39 47 -41 41 42 -44 55 -46 70 59 73 63 50 -52 -53 77 -55 -56 -57 -58 -59 76 -61 -62 -63 -64 -65 68 -67 67 -69 -70 -71 -72 -73 -74 -75 -76 78 -78 -79 -80
leaf_value=-0.49167356014511637 1.91078636181092 4.8375370932205612 -0.035293646291079429 0.83170622916363957 1.2358726025933631 3.0267494887686692 7.6036659818887706 -0.0092995483600176298 2.6768597364464362 8.679433434126901 1.0525196595254698 3.395518343471887 4.1155489704468664 -0.23157585117784646 3.405760950776922 1.7454032621179696 4.8666806924391963 0.14606904140308533 0.027276397339924638 -0.61440831705560106 -0.063565500967724384 6.0131310063318795 0.10764514578350103 -0.2250649072449252 2.4829297668097623 -0.089046085512113099 0.019909800621323841 3.280698540632299 -0.35906006382346151 -0.0041097642719447984 0.042366666258736092 3.543362619762835 0.39445355708981145 0.48437585264704253 -0.1739353122722499 0.20698740127496421 1.8233017270985457 1.2228481891270062 1.2989618186806811 -0.3545791628994272 1.8895593726692193 2.0912785916812484 0.17352237780000701 0.31467098260115367 7.1379558538410759 -0.028211357902671482 1.9459585470017395 0.52515346923637451 0.61499771141250814 1.4724430401831581 0.16622958896196219 0.96081086352970957 -0.17183729358234845 0.89587752615655858 0.099478780168546249 1.3818256666801951 -0.097258825273220065 -0.26365026557174254 0.61533525280273216 0.90384387931176302 2.2153627972886833 0.30703706059008268 0.37503171763022741 0.20067097482321136 0.70572249951866961 -0.1758359071737817 1.5006157814421792 0.11275003426597062 1.8478514675923756 0.33825406432145344 0.111431093494093 0.77362032152425786 1.251449771264775 0.46273571065554536 1.4187203141795173 0.34735404330544767 1.6516554828259744 0.27007787886864498 1.2280952613463159
leaf_weight=30701 206 292 7996 200 266 246 231 272 307 832 208 265 254 226 294 2629 365 19623 12504 1012 429 237 5549 66382 200 22092 2855 397 374 2402 318 229 13902 1289 315 383 447 352 579 53060 350 321 3027 2430 218 19784 211 298 2428 325 1264 221 1991 325 1078 272 16223 7891 385 1304 360 984 224 1828 324 3678 302 828 209 6868 12891 272 215 500 656 564 202 1097 255
leaf_count=30701 206 292 7996 200 266 246 231 272 307 832 208 265 254 226 294 2629 365 19623 12504 1012 429 237 5549 66382 200 22092 2855 397 374 2402 318 229 13902 1289 315 383 447 352 579 53060 350 321 3027 2430 218 19784 211 298 2428 325 1264 221 1991 325 1078 272 16223 7891 385 1304 360 984 224 1828 324 3678 302 828 209 6868 12891 272 215 500 656 564 202 1097 255
internal_value=-0.000146635 0.335058 0.269974 0.534216 1.45779 2.09582 3.24746 5.41536 1.6376 6.15055 0.887788 6.73878 7.31114 -0.262062 5.26378 1.19258 3.48638 0.0836417 0.257889 0.131336 1.0816 7.93813 0.19398 -0.152315 1.04567 -0.157027 -0.02028 0.374541 1.39413 0.404766 1.34712 1.59613 0.249077 0.725375 1.09772 1.98338 2.41036 0.231768 1.48607 -0.404834 0.33486 0.511886 0.438962 0.661424 8.36649 -0.0305698 0.649544 1.20054 0.521138 0.049341 0.434149 0.131967 0.135205 0.103439 0.465216 0.521279 -0.199966 -0.148727 0.443264 1.05017 1.65228 0.505523 -0.434934 0.437129 0.681434 0.013998 0.065218 0.484665 1.1562 0.235215 0.0268824 1.26666 0.583967 0.90787 1.14044 0.401484 0.974159 -0.014812 0.622741
internal_weight=343323 150592 139970 57883 13329 8991 5348 2278 3070 2006 2545 1806 1541 192731 525 10622 573 82087 44554 1972 736 1287 38305 108970 426 108544 25939 3847 992 3643 564 5698 33525 4924 2024 890 676 3079 5022 83761 19404 6987 6637 3610 1050 48562 6249 2393 4734 18901 1589 595 4338 2727 2900 3289 82605 15887 3017 1515 939 1250 1236 4256 1822 17312 13634 1130 533 12417 32675 478 598 1454 954 1134 587 3088 819
internal_count=343323 150592 139970 57883 13329 8991 5348 2278 3070 2006 2545 1806 1541 192731 525 10622 573 82087 44554 1972 736 1287 38305 108970 426 108544 25939 3847 992 3643 564 5698 33525 4924 2024 890 676 3079 5022 83761 19404 6987 6637 3610 1050 48562 6249 2393 4734 18901 1589 595 4338 2727 2900 3289 82605 15887 3017 1515 939 1250 1236 4256 1822 17312 13634 1130 533 12417 32675 478 598 1454 954 1134 587 3088 819
is_linear=0
shrinkage=0.06


Tree=7
num_leaves=80
num_cat=0
split_feature=95 95 205 97 97 100 36 97 204 97 93 95 80 163 80 194 85 92 209 82 95 85 87 204 36 60 176 114 42 79 201 181 80 207 85 207 95 36 88 122 56 91 5 95 97 56 85 143 31 94 207 34 207 203 59 88 95 201 194 181 80 82 205 85 97 207 207 201 198 94 82 80 97 92 181 198 59 208 77
split_gain=7.44749e+06 1.9515e+06 1.78488e+06 6.76911e+06 1.68719e+07 4.45963e+06 2.48214e+06 1.05685e+06 1.49418e+06 2.46597e+06 1.01522e+06 759603 477308 423121 412823 311047 155046 145176 246409 138070 135180 120114 393483 119747 356983 132772 179616 107892 106360 105406 102466 102066 100575 99427 91194.1 89621.4 86052.5 73110.2 89952.1 182789 210029 397966 70487.1 67281.6 63970.5 80213.1 63493.1 184682 215682 62150.3 58542.2 56620.3 55682.5 52820.3 45865.9 45721.8 44305.6 42829.3 70253.3 40736.6 40560.2 40409.4 39957.2 39735 39569.5 37327 37142.9 39970 52480.6 35169.9 31010.6 30742.4 30562.5 30562 30549.5 30107.5 28459.4 73276 28193.9
threshold=14.924178600311281 39.422855377197273 0.93301269412040722 36.21507644653321 63.294715881347663 13.300000190734865 382.81842041015631 40.950769424438484 8.0000000000000018 48.168771743774421 24.887084007263187 8.807859420776369 42.562500000000007 10.475000381469728 19.096500396728519 50.500000000000007 24.914000511169437 9.9010000228881854 8.5000000000000018 14.303500175476076 5.975832700729371 inf 11.006499767303469 10.500000000000002 139.59760284423831 43.75849914550782 7.1649999618530282 145.91398620605472 74.512500762939467 0.48646269738674169 147.50000000000003 7.0000000000000009 22.833999633789066 -0.41398024559020991 11.402499675750734 0.22700754553079608 12.411856174468996 321.53282165527349 9.6075000762939471 -66.329750061035142 34.604238510131843 9.5075001716613787 24.010000228881839 25.79141998291016 42.884325027465827 78.908622741699233 8.4760003089904803 0.33138222992420202 156.01249694824222 28.832396507263187 0.97112539410591137 105.8093948364258 0.9996619224548341 0.9170251488685609 0.66788560152053844 3.6764999628067021 22.282892227172855 177.50000000000003 72.500000000000014 7.0000000000000009 31.871000289916996 20.61100006103516 -0.37940952181816096 18.029000282287601 99.781967163085952 -0.32614396512508387 0.95752912759780895 62.500000000000007 6.1499998569488534 22.823631286621097 18.612500190734867 18.901499748229984 1.5322539210319521 18.358500480651859 7.0000000000000009 1.7500000000000002 0.014556466136127712 -0.19337245076894757 8.5872921943664569
decision_type=10 10 2 2 2 10 8 2 2 2 8 8 2 10 2 8 8 10 2 8 10 8 8 2 8 8 2 10 10 8 10 2 2 2 8 2 10 8 8 10 10 10 10 10 2 8 10 10 10 10 2 8 2 10 10 10 10 8 10 2 2 10 2 10 2 2 2 8 10 10 8 2 2 10 2 8 8 2 10
left_child=7 2 14 15 5 6 10 11 9 13 17 20 23 -9 34 30 63 18 55 50 72 32 -23 24 -3 42 -27 29 -29 -14 49 -31 37 -11 64 -21 71 38 39 40 -17 -42 -26 -18 45 -25 47 48 -40 52 -6 -24 -4 -46 -51 -5 -19 58 62 -34 -45 -44 -33 74 75 -30 70 68 -68 -57 -48 -13 -1 -36 -16 -2 77 -74 -39
right_child=1 12 3 4 19 -7 -8 8 -10 33 -12 36 27 -15 16 21 43 56 -20 35 -22 22 51 44 25 26 -28 28 65 31 -32 57 59 -35 73 -37 -38 78 46 -41 41 -43 61 60 53 -47 66 -49 -50 54 -52 -53 -54 -55 -56 69 -58 -59 -60 -61 -62 -63 -64 -65 -66 -67 67 -69 -70 -71 -72 -73 76 -75 -76 -77 -78 -79 -80
leaf_value=-0.46082671117698609 0.59530453325393118 3.424883770062634 0.68132479801357149 7.3069529138697256 -0.36637407849881143 -0.46894012121159001 1.394274996299119 8.2072830008569166 -0.30155887052009667 -0.96873960572762541 3.8091618513291881 -0.17594199059111509 1.6144763964459539 4.3481309541220803 0.41407434167990204 0.11246485301333925 0.26246120838679338 8.397636206200783 6.225464517931889 0.19461414263208857 -0.28855416918149213 2.8188130388192407 1.1980558939353576 0.49204461643224839 1.4581310372853624 0.6104980849904742 2.6292872241698206 2.970071923756739 1.9999231999970992 2.3146741690984585 0.29744247930962947 0.977759516635896 0.75332996798152685 0.84773689227738402 5.3063092985518282e-05 1.6368660059917803 -0.052273885685380939 0.16701404468539177 0.30789868540227411 0.066144428430638058 3.806995172770852 0.46576794259013216 -0.076562388886564539 0.4096516459327566 -0.01838857173199265 1.6408488751098733 -0.022135101554374793 -0.10649942953369652 2.9336985272060607 1.0520565350992339 0.68231419703364371 0.1998095478059165 1.5345767050313159 0.98863458382575486 2.1364733021527949 8.1896455646521567 9.7320270086704994 0.59854537034041488 0.41557809404953555 0.31629500974661379 0.68768888309244514 0.63674547056133823 1.9408899044283638 0.23589194123300308 -0.38692580341870486 1.0530167544722644 0.3762509938275348 0.13025410613490154 1.4414684670412141 9.3126105030304789 0.19557791814459499 0.014800582966870084 0.96701975359191439 0.13455564377683699 0.045112592509592167 -0.12248507977451813 -0.376061256769466 -0.48007139606827715 -0.11558512051964699
leaf_weight=32988 214 201 2829 201 2958 326 251 213 1097 232 216 63028 2784 205 879 367 5832 281 292 558 51400 264 236 1128 206 368 279 319 378 204 1565 273 848 202 23509 214 36777 1694 249 1161 235 282 615 4269 1178 271 7184 598 205 426 204 1499 305 222 212 570 260 880 296 8102 3398 533 370 11484 2222 255 894 2146 204 217 3503 3196 202 8203 9862 9815 16821 331 5079
leaf_count=32988 214 201 2829 201 2958 326 251 213 1097 232 216 63028 2784 205 879 367 5832 281 292 558 51400 264 236 1128 206 368 279 319 378 204 1565 273 848 202 23509 214 36777 1694 249 1161 235 282 615 4269 1178 271 7184 598 205 426 204 1499 305 222 212 570 260 880 296 8102 3398 533 370 11484 2222 255 894 2146 204 217 3503 3196 202 8203 9862 9815 16821 331 5079
internal_value=-6.06655e-05 0.342857 0.27678 0.571594 2.36002 6.09533 7.03042 -0.22749 1.16274 3.04625 7.72389 -0.24073 1.11849 6.32953 0.104242 0.279413 0.255736 8.18589 7.81148 -0.122874 -0.357011 0.213901 0.66532 0.689446 1.02042 0.777306 1.48376 1.49089 2.07552 1.3747 0.705849 1.04409 0.186329 -0.123278 -0.0188636 0.59601 -0.125868 0.121843 0.188161 0.561344 1.2109 1.98893 0.438888 0.416119 0.428791 0.715592 0.137192 0.586442 1.4974 0.875173 -0.298522 0.336206 0.764826 0.141888 1.41518 8.27345 9.05571 0.900396 1.18234 0.357783 0.532951 0.254882 1.53412 0.158308 -0.157889 1.62073 0.103228 0.281017 0.575292 8.51071 0.0492388 -0.166737 -0.426899 0.0348482 0.0753427 -0.107111 -0.362384 0.069141 -0.0448898
internal_weight=343774 137082 126322 46635 6548 2614 2288 206692 1949 852 2037 204743 10760 418 79687 40087 35724 1821 1280 3934 101742 34750 1999 5001 2202 2001 647 5759 952 4807 5337 2023 32751 434 43963 772 103001 23801 17028 2045 884 517 1354 13499 2799 1399 14983 1052 454 3772 3162 1735 3134 1400 638 988 541 1819 939 8950 7667 1148 643 22225 12251 633 13931 3244 1098 787 10687 66224 50342 31712 10741 10029 17354 533 6773
internal_count=343774 137082 126322 46635 6548 2614 2288 206692 1949 852 2037 204743 10760 418 79687 40087 35724 1821 1280 3934 101742 34750 1999 5001 2202 2001 647 5759 952 4807 5337 2023 32751 434 43963 772 103001 23801 17028 2045 884 517 1354 13499 2799 1399 14983 1052 454 3772 3162 1735 3134 1400 638 988 541 1819 939 8950 7667 1148 643 22225 12251 633 13931 3244 1098 787 10687 66224 50342 31712 10741 10029 17354 533 6773
is_linear=0
shrinkage=0.06


Tree=8
num_leaves=80
num_cat=0
split_feature=96 94 205 99 99 190 36 93 77 149 96 59 80 80 54 209 96 84 84 140 91 171 86 99 39 96 193 99 94 207 204 36 100 79 96 59 67 96 114 85 197 94 85 64 80 77 94 197 194 83 85 99 194 107 39 124 141 77 141 207 85 83 13 129 194 33 98 90 207 93 123 207 90 194 205 194 30 194 124
split_gain=6.75861e+06 1.77507e+06 1.67857e+06 3.31415e+06 2.55765e+06 3.39518e+06 5.85016e+06 2.78032e+06 983553 774879 710750 645037 448397 421648 375305 357757 703047 265728 231646 213698 285397 443592 608692 462104 203788 177278 166817 251506 162797 159293 147460 354485 828585 135157 159388 126808 120261 120236 147699 109245 126192 103698 102452 101624 90145.5 86533.6 84384.1 81829.9 80602.2 77695.2 76782 76061.9 388468 455383 959442 69212.7 66930.8 65964.2 77617.2 123263 64496.8 73934.2 61289.7 55001 52673.8 51702.1 50697.2 93830.9 47804.1 47463 71872.1 47206.2 46908.7 45906.3 58994.2 45173.5 44772.3 44583.2 44509.4
threshold=14.551137924194338 42.197711944580085 0.93301269412040722 0.5849612057209016 0.91204342246055614 1.6640256047248843 264.22698974609381 30.080249786376957 27.618434906005863 4.4749999046325692 8.06439256668091 0.41772252321243292 37.412500381469734 19.096500396728519 57.645729064941413 2.5000000000000004 23.392558097839359 10.328999996185305 12.202499866485597 0.58229169249534618 9.305000305175783 1.2223027348518374 10.877500057220461 0.38068187236785894 0.46238921582698828 29.372396469116214 5.0499999523162851 0.30584888160228735 11.164750099182131 0.89017060399055492 10.500000000000002 196.03713989257815 16.94999980926514 1.0626984834671023 19.245353698730472 0.22619253396987918 37.737499237060554 46.914346694946296 175.01625061035159 6.5784997940063485 982.54998779296886 15.898104190826418 13.301500320434572 97.191497802734389 30.012999534606937 15.502862930297853 4.5551645755767831 991.85000610351574 56.500000000000007 11.285000324249269 18.852499961853031 0.74050867557525646 87.500000000000014 1.7793068289756777 0.83911743760108959 0.68645313382148754 5.5810182094573983 27.347650527954105 36.862089157104499 -0.35846811532974238 21.610000610351566 9.1224999427795428 294.34167480468756 119.02083206176759 50.500000000000007 402.51669311523443 5.1275000572204599 11.055000305175783 -0.048361575230956071 57.633584976196296 50.908790588378913 -0.87395131587982167 26.009999275207523 78.500000000000014 0.37940952181816107 67.500000000000014 147.06600189208987 45.500000000000007 0.50293791294097911
decision_type=8 10 2 2 2 8 8 8 10 2 10 10 2 2 10 2 8 10 8 8 8 2 10 2 10 10 8 2 10 2 2 8 10 10 8 10 8 8 10 10 10 10 8 10 2 8 8 10 10 8 8 2 10 8 8 8 10 8 8 2 8 8 8 8 10 8 2 8 2 10 8 2 8 8 2 8 10 8 10
left_child=10 2 13 19 5 48 7 8 14 11 46 17 30 42 24 16 -8 -10 -11 41 21 22 23 -21 35 50 27 -12 -28 60 31 32 -3 57 -35 -7 -37 78 65 40 -31 -4 75 -33 56 -17 -1 -40 -5 -9 -15 73 -53 -54 -55 -47 77 58 -6 -60 66 -62 -57 -46 -43 69 -22 -68 -36 -39 -71 -69 -27 74 -30 -2 -23 -41 -14
right_child=1 12 3 4 33 6 15 49 9 18 26 -13 37 25 -16 45 -18 -19 -20 20 29 76 -24 -25 -26 72 28 -29 51 39 -32 43 -34 34 68 36 -38 38 47 44 -42 64 -44 -45 63 55 -48 -49 -50 -51 -52 52 53 54 -56 62 -58 -59 59 -61 61 -63 -64 -65 -66 -67 67 71 -70 70 -72 -73 -74 -75 -76 -77 -78 -79 -80
leaf_value=-0.43559560860414248 -0.032755840817058832 4.8544008376793126 -0.11819121408017241 0.68291709796480571 -0.26181328267392356 8.6505410734273624 3.8188000763289986 -0.46183751478534318 -0.018953607077492728 4.8430269226928555 -0.25731279869791207 4.8948898398566243 0.23765180066227912 0.060261360084271819 4.2144969715444098 1.4081081942137048 0.11352730063389438 2.8982526360655658 7.6571394222516282 5.7052674089357858 0.014708114031000251 0.69605067705148482 0.73303821151497861 1.7305801035280095 5.4291895038506075 0.27687731573610835 -0.20024653783145785 2.5618394780374953 -0.073701499710245408 0.48122765761145342 0.25981988349867796 0.20359804220518132 0.17159639440484858 2.1770892200329235 -0.1159646025133617 6.2364075888578707 8.0745332302578845 1.2601308146910499 3.4733968909705082 0.6236220849051296 2.5076408152220147 0.65326916367212351 0.051484083574950427 1.6455287448721272 0.77867810194300435 0.99708834558438797 -0.31129572350129958 1.8055416055043538 -0.019183421893079061 1.0846629085245647 0.26270827666135876 -0.11279935198579455 -0.56653146495079176 4.2576434623092165 -0.23973796577665579 -0.14979543508161178 0.92636215844324654 -0.29344176644928105 -0.052598929985094876 1.7479892017040402 1.4777175946159313 0.30811705386973443 0.97841135240224475 1.8937821425880703 0.16041506142984516 0.73375174586024794 1.6108810196767616 0.88058667499446464 0.9836137222313851 1.581989135051834 2.7698473153943599 -0.051876231145777114 0.6481148725727216 -0.13957898378100697 0.14478850544560479 -0.21106947767316556 -0.14383217529617418 0.1648625791223215 1.1049352853723922
leaf_weight=32287 9974 244 5627 869 474 235 352 231 213 233 253 374 242 10630 223 237 386 237 207 205 6648 348 640 218 260 1702 62064 206 19184 228 2310 1088 306 215 393 389 223 1543 208 1037 215 844 28702 209 673 311 50333 224 1820 235 18453 3745 347 355 328 1221 692 1966 294 255 202 4738 201 209 10279 340 203 266 222 1779 206 729 4395 23727 5791 10498 661 2879 1818
leaf_count=32287 9974 244 5627 869 474 235 352 231 213 233 253 374 242 10630 223 237 386 237 207 205 6648 348 640 218 260 1702 62064 206 19184 228 2310 1088 306 215 393 389 223 1543 208 1037 215 844 28702 209 673 311 50333 224 1820 235 18453 3745 347 355 328 1221 692 1966 294 255 202 4738 201 209 10279 340 203 266 222 1779 206 729 4395 23727 5791 10498 661 2879 1818
internal_value=0.00182967 0.313741 0.254898 0.531052 1.38681 1.96874 2.78946 4.5866 5.35289 4.14804 -0.225388 3.05614 1.06434 0.0918058 6.49398 0.757764 1.88359 1.52046 6.1813 0.251186 0.379672 1.04769 1.90241 3.66576 6.94895 0.250399 -0.129598 1.01075 -0.134137 0.305677 0.579541 0.979052 2.2541 0.0979881 0.774858 7.40852 6.91826 1.38107 1.56181 0.5626 1.46813 0.09169 -0.0216576 0.437041 0.489276 0.335267 -0.359875 2.61475 0.207883 0.318703 0.188717 -0.0574092 0.171095 1.20242 2.10065 0.18782 0.38275 -0.0901648 0.300398 0.785397 0.186424 0.356232 0.0102523 1.04476 0.197868 1.44356 0.0794776 0.438588 0.281909 1.51174 1.7066 0.198039 0.544545 -0.079816 -0.023036 -0.124201 0.146242 0.286475 1.00322
internal_weight=343308 144688 134171 49817 12276 8457 5768 3060 2594 1264 198620 824 10517 84354 1330 2708 738 450 440 37541 20791 2072 1063 423 1107 35180 116000 459 115541 18719 4157 1847 550 3819 830 847 612 6360 4300 5933 443 16750 49174 1297 5490 1970 82620 432 2689 466 29083 53477 4775 1030 683 1733 4608 2989 1023 549 12786 4940 1422 882 11123 3868 7846 1198 615 3528 1985 995 6097 48702 24975 20472 1009 3916 2060
internal_count=343308 144688 134171 49817 12276 8457 5768 3060 2594 1264 198620 824 10517 84354 1330 2708 738 450 440 37541 20791 2072 1063 423 1107 35180 116000 459 115541 18719 4157 1847 550 3819 830 847 612 6360 4300 5933 443 16750 49174 1297 5490 1970 82620 432 2689 466 29083 53477 4775 1030 683 1733 4608 2989 1023 549 12786 4940 1422 882 11123 3868 7846 1198 615 3528 1985 995 6097 48702 24975 20472 1009 3916 2060
is_linear=0
shrinkage=0.06


Tree=9
num_leaves=80
num_cat=0
split_feature=95 205 97 97 109 36 95 97 96 96 97 204 94 94 80 94 80 194 36 103 48 96 114 85 94 193 20 86 198 94 96 96 139 193 75 35 144 44 94 67 34 97 63 85 86 42 94 89 56 193 109 87 82 106 194 96 82 66 5 80 92 86 203 193 57 36 97 181 85 193 0 76 105 123 27 53 198 205 16
split_gain=5.9249e+06 1.60066e+06 6.05796e+06 1.43469e+07 3.53248e+06 2.21716e+06 1.20407e+06 601143 592201 578752 637163 1.02024e+06 1.04546e+06 498239 381276 379300 333063 265651 247189 547835 197425 126455 117314 112836 265845 93009.4 131139 87909.1 83883.3 82806.2 81649 79765.8 77487.9 76461.5 72878.6 70969.1 146514 278843 486539 143425 69032.2 67234 67156.7 65055.6 63160.4 62962.9 55295.6 54178.6 53617.3 51594.6 47958.2 46348.8 106859 42444.2 41236.4 40416 37637.4 37106.6 111013 37052.3 42561.6 36973.7 36887.7 33270 33013.2 106999 32907.6 32581 31464.6 30592.1 46821 29788.2 29434.2 28604.7 28600.9 28112.5 27936 26409 28380.7
threshold=13.968404769897463 0.93301269412040722 36.21507644653321 54.202339172363288 1996.7500000000002 382.81842041015631 37.913728713989265 63.294715881347663 40.390100479125984 8.06439256668091 40.950769424438484 10.500000000000002 17.88543796539307 31.860347747802738 38.962499618530281 42.197711944580085 19.602499961853031 50.500000000000007 204.98958587646487 41.125000000000007 23.402500152587894 23.205305099487308 161.01001739501956 25.840000152587894 12.400949478149416 5.0499999523162851 376.32901000976568 11.402499675750734 8.6500000953674334 4.5551645755767831 17.880798339843754 10.781460285186769 12.328999996185305 19.050000190734867 56.765949249267585 243.2447204589844 -0.88426831364631642 33.301500320434577 15.035220146179201 27.829000473022464 354.06103515625006 27.395751953125004 16.22399997711182 30.309999465942386 13.408499717712404 79.480998992919936 28.365287780761722 1.2154999971389773 78.908622741699233 19.050000190734867 1654.0000000000002 5.4549999237060556 7.1790001392364511 1.1874073147773745 70.500000000000014 18.978005409240726 21.832500457763675 59.371000289916999 178.01650238037112 18.454999923706058 9.9010000228881854 49.601499557495124 0.94828754663467418 25.150000572204593 0.1794179901480675 105.42291641235353 7.2669343948364267 67.000000000000014 17.458499908447269 16.650000572204593 179.55000305175784 31.031676292419437 -39.188133239746087 17.409184455871586 203.02899932861331 11.12400007247925 4.3500001430511483 -0.37940952181816096 25.094517707824711
decision_type=10 2 2 2 8 8 8 2 8 10 2 2 8 10 2 10 2 8 8 8 8 8 10 8 8 8 8 8 10 8 10 8 8 10 8 8 10 8 10 10 8 2 10 10 10 10 10 10 8 10 8 8 8 10 8 8 8 8 10 2 8 10 10 10 8 8 2 2 8 10 10 10 10 8 8 8 10 2 8
left_child=9 6 8 4 -4 13 16 -5 17 29 25 12 -12 20 41 -9 27 28 19 -17 -6 68 34 30 -25 26 -11 54 33 -1 51 -27 -10 -3 42 36 37 74 -39 53 50 48 67 73 47 -24 76 -22 72 -20 -34 52 -19 -40 -2 -29 -26 69 75 -37 -61 -44 -43 -48 65 -31 -47 -16 -18 -53 -71 -33 -8 -23 -32 -59 -35 -73 -79
right_child=1 2 3 7 5 -7 14 15 32 10 11 -13 -14 -15 22 18 21 23 49 -21 44 43 45 24 56 31 -28 55 -30 64 35 71 40 46 -36 59 -38 38 39 -41 -42 62 61 -45 -46 66 63 -49 -50 -51 -52 57 -54 -55 -56 -57 -58 58 -60 60 -62 -63 -64 -65 -66 -67 -68 -69 -70 70 -72 77 -74 -75 -76 -77 -78 78 -80
leaf_value=-0.41279232563592055 -0.044935930303956456 1.7126513212138208 -0.15657068994223025 2.5662703392781476 5.8560399638724867 1.1911216444379826 0.030432683157466223 -0.27121443210039914 0.46947496035730196 1.8436689371105441 6.4864022777505115 -0.239959114055592 0.60713203963883422 4.1458607020460789 1.133051839744301 -0.071939562270615959 0.021284327597921718 1.6344161409081763 -0.060212334434407343 3.6116527785029127 6.337836161656166 0.37623141818215827 2.5317601356922452 2.2167045841464659 0.16284292178914483 -0.20070832917427353 -0.29127269635785297 -0.025083813862359999 0.2838833673078065 1.2065369967344615 -0.2079091646266629 -0.14439064830662593 1.3075162228814086 0.22354783153367672 0.3279935909945394 -0.04171838456991462 0.19042009842677238 3.6820963142640974 -0.065752436451423757 2.1044266086071728 0.51311431502825333 0.012162355467428604 1.0061747424066068 0.56097754107594677 8.4768892236621358 0.8561117243896359 1.707149039472263 7.5438153892274995 1.4504670033942471 0.82905780386948402 2.0807918451218987 -0.1754069734516755 -0.065581125237778898 0.96660166659494751 -0.23530140806348485 0.10334914267772836 0.43056244667983556 0.68855636753141869 1.5137896079461108 0.95643404590828407 0.16102876807469016 1.5435837318409091 0.87205538754979961 0.78509236656945858 -0.29706436544565612 -0.29675819128156777 1.8536916913071724 0.46530522894701071 0.17658098158831784 -0.0090774611230475342 0.75033768313351401 -0.13404431807971892 0.67598377860133829 0.1828551016104546 0.53522919252572154 0.00037883683757475555 0.68541123138097571 0.68716957332457662 -0.024141376872449393
leaf_weight=32599 8209 289 341 375 310 266 353 3471 471 202 218 609 217 204 496 281 7770 205 620 300 200 5181 317 271 3499 50975 211 21614 1871 223 658 26163 1392 595 421 4177 6378 260 430 203 322 1558 699 3808 280 206 278 1165 254 377 369 4607 376 214 8177 14901 4116 239 211 256 4220 1405 202 291 50450 712 291 564 11875 6091 306 10572 909 5885 259 1950 2293 203 19930
leaf_count=32599 8209 289 341 375 310 266 353 3471 471 202 218 609 217 204 496 281 7770 205 620 300 200 5181 317 271 3499 50975 211 21614 1871 223 658 26163 1392 595 421 4177 6378 260 430 203 322 1558 699 3808 280 206 278 1165 254 377 369 4607 376 214 8177 14901 4116 239 211 256 4220 1405 202 291 50450 712 291 564 11875 6091 306 10572 909 5885 259 1950 2293 203 19930
internal_value=0.000206243 0.282644 0.539367 2.04538 5.56112 6.36486 0.133384 0.251811 0.277439 -0.219541 -0.128529 1.34593 3.56164 7.00145 0.853883 0.0794368 0.0701188 0.226478 0.85042 1.83302 7.29715 0.215097 1.21878 0.170808 0.373465 -0.142761 0.754867 -0.0244848 0.612177 -0.337984 0.11931 -0.146205 1.16579 0.776028 1.07056 0.207426 0.331625 0.776275 1.4168 0.717905 1.32294 0.363679 1.16923 0.347071 7.56501 1.86944 0.697255 7.37188 0.656419 0.276545 1.47064 0.0118447 0.536023 0.278264 -0.139941 0.0273284 0.307586 -0.0109143 0.202797 0.0868045 0.206725 1.36561 0.111294 1.23779 -0.290517 0.0626877 1.44276 0.778534 0.115162 -0.0575394 0.0273607 -0.0973477 0.495581 0.273418 0.00233927 0.0757957 0.590366 -0.0572601 -0.0169355
internal_weight=343666 150382 55287 8190 2766 2425 95095 5424 47097 193284 109300 1044 435 2159 7675 5049 87420 44543 1578 581 1955 34519 4399 38926 7886 108256 413 52901 5617 83984 31040 107843 2554 3746 3585 17055 8402 2024 1107 847 2083 3276 3164 14874 1645 814 3457 1365 1516 997 1761 13985 581 644 16386 36515 7615 13404 2400 8653 4476 2104 1760 569 51385 935 497 1060 19645 11004 6397 56868 1262 11066 917 2189 2888 30705 20133
internal_count=343666 150382 55287 8190 2766 2425 95095 5424 47097 193284 109300 1044 435 2159 7675 5049 87420 44543 1578 581 1955 34519 4399 38926 7886 108256 413 52901 5617 83984 31040 107843 2554 3746 3585 17055 8402 2024 1107 847 2083 3276 3164 14874 1645 814 3457 1365 1516 997 1761 13985 581 644 16386 36515 7615 13404 2400 8653 4476 2104 1760 569 51385 935 497 1060 19645 11004 6397 56868 1262 11066 917 2189 2888 30705 20133
is_linear=0
shrinkage=0.06


Tree=10
num_leaves=80
num_cat=0
split_feature=96 97 205 97 109 36 95 93 97 96 96 84 80 79 194 198 209 80 209 193 84 209 58 96 207 79 201 141 96 205 85 87 86 87 208 89 134 194 86 95 80 181 97 97 84 80 96 201 140 209 83 32 132 197 208 205 209 92 193 85 194 201 91 85 98 193 194 205 122 207 96 207 16 57 16 72 80 78 16
split_gain=5.25746e+06 1.55207e+06 5.93174e+06 1.33775e+07 2.99679e+06 1.84162e+06 1.81154e+06 634082 456186 440758 432149 273917 236606 171555 146972 162348 138538 128398 126814 104422 194337 97349.1 106740 95109 94646.3 83989.8 79589.7 68938.5 76318.3 65109.9 124149 155294 102287 135030 80693.3 113827 265254 416129 64859.5 80100.1 64416.6 63790.8 61881.3 264800 57062.1 55238.9 52682.7 50685.2 49346.3 78631.4 120082 43956 59584.7 42720.9 42595.4 42258.5 81798.7 124308 258548 55953.6 44779.6 43721.3 53012.3 41180.5 40519.4 64684.2 39423.1 66417.4 51231.4 75182.6 38921.2 49774.2 38746.2 34081.6 128153 33918.2 33753.5 33354.6 61152.2
threshold=13.76802444458008 36.21507644653321 0.93301269412040722 54.202339172363288 1996.7500000000002 382.81842041015631 37.913728713989265 24.887084007263187 63.294715881347663 7.7295663356781015 19.517843246459964 19.8129997253418 42.562500000000007 1.02344685792923 32.500000000000007 7.3500001430511483 9.5000000000000018 27.987500190734867 10.500000000000002 5.0499999523162851 7.6024999618530282 4.5000000000000009 0.050499999895691879 10.712003707885744 0.9260200858116151 0.48646269738674169 52.500000000000007 25.098985671997074 46.914346694946296 0.93301269412040722 49.913999557495124 10.000999927520754 52.658500671386726 8.9109997749328631 0.48126256465911871 9.3759999275207537 1.0000000180025095e-35 86.500000000000014 4.6525001525878915 23.037702560424808 9.7034997940063494 7.0000000000000009 40.950769424438484 48.168771743774421 15.027999877929689 13.607500076293947 5.0695102214813241 97.500000000000014 4.6255209445953378 8.5000000000000018 14.127500057220461 324.13999938964849 -88.542453765869126 991.75000000000011 -0.31800055503845209 0.37940952181816107 4.5000000000000009 10.428999900817873 17.250000000000004 7.5039999485015878 78.500000000000014 62.500000000000007 14.928999900817873 9.0950002670288104 2.7009999752044682 15.650000095367433 74.500000000000014 0.37940952181816107 6.2052187919616708 0.90162119269371044 27.858308792114261 0.89787620306015026 66.471218109130874 0.1794179901480675 41.759174346923835 11.606500148773195 37.412500381469734 27.404000282287601 180.07835388183597
decision_type=8 2 2 2 8 8 10 8 2 10 10 8 2 8 8 10 2 2 2 8 10 2 10 10 2 8 10 8 10 2 8 8 8 10 2 8 10 10 10 10 2 2 2 2 8 2 10 8 8 2 10 10 10 10 2 2 2 8 8 8 8 10 8 8 2 8 8 2 8 2 10 2 10 8 10 8 2 8 10
left_child=9 6 14 4 -4 7 10 16 -5 46 29 24 75 21 15 -3 38 44 25 20 -11 22 -13 -21 -10 -14 -26 28 -20 45 32 -32 34 -34 35 36 37 -31 -6 -40 -16 76 66 -44 63 -2 -1 51 -33 50 -50 -37 -53 -30 -17 -46 57 58 -57 -59 61 62 -61 -12 -65 -66 67 -25 69 -69 -43 -72 -73 74 -48 -8 -19 -36 -79
right_child=1 2 3 8 5 -7 12 -9 11 19 17 13 18 -15 40 54 -18 41 27 23 -22 -23 -24 42 26 -27 -28 -29 53 30 31 48 33 -35 77 47 -38 -39 39 -41 -42 70 43 -45 55 -47 73 -49 49 -51 -52 52 -54 -55 -56 56 -58 59 -60 60 -62 -63 -64 64 65 -67 -68 68 -70 -71 71 72 -74 -75 -76 -77 -78 78 -80
leaf_value=-0.38028227294531314 -0.095342674976578667 2.1501072633838545 -0.0028933794370400688 2.3182464647098362 6.2154354788383968 1.068363719285766 0.97791677459476078 3.5833785926057145 -0.33333107962862379 2.1122171295051144 -0.17722001442455254 0.20634681785569314 1.3286131101948602 2.0265137626345338 -0.25916400464134365 0.83383391614656455 5.6110797033590423 0.59651881562217635 1.3180894180218379 -0.19627450877178465 -0.33040148880836878 -0.048425621764841567 1.991649711243177 -0.084924596276666153 1.4049717500954191 0.77558023300870504 -0.076247891914565116 1.1977470500582503 3.2950751693738161 0.18430708646546781 1.8267397419440921 -0.11940096583096363 2.0979235146589139 0.16331936726185772 -0.15862060499870198 0.14586257726975499 0.060049983037889873 3.2417982196448869 7.0347944534656612 8.1708070486766786 0.017694721701481134 0.27808877498612827 2.0456708419539655 -0.34621472698606309 0.17489787359027956 0.038984593425086457 1.4119610402971607 -0.050704311240581314 2.2000021234410148 -0.030477156523225732 0.15014937420086613 1.5258279034072784 0.064542123828784076 2.0970002980046458 -0.17895933838310529 3.0433223441632378 0.18712089052406164 1.3536451660798512 0.39650850639390156 1.6792949788552698 0.14030764558090594 0.34683781280191234 0.59769645595720178 0.06470530056147579 1.3373713915531746 0.24001966763945576 -0.13811552130078394 0.15577071315019472 0.058021867774000389 1.1862067990947569 0.37439353415188348 1.4427024177999959 0.64477676200985656 -0.28842734453792068 -0.29837482659280551 0.51119638514540644 1.2772856508374801 -0.063930038759258692 1.0599871374308369
leaf_weight=35342 19540 209 333 351 283 241 729 230 2989 209 1971 247 2748 311 5868 246 271 748 224 57236 265 642 235 17869 220 1553 319 362 217 360 306 530 203 358 6694 5631 1296 288 1117 346 6244 6936 250 495 20377 25276 202 6685 209 347 202 200 201 230 378 200 8963 206 393 201 2271 2605 862 6202 231 1166 29331 710 3508 397 3440 269 1189 39817 706 2447 406 666 235
leaf_count=35342 19540 209 333 351 283 241 729 230 2989 209 1971 247 2748 311 5868 246 271 748 224 57236 265 642 235 17869 220 1553 319 362 217 360 306 530 203 358 6694 5631 1296 288 1117 346 6244 6936 250 495 20377 25276 202 6685 209 347 202 200 201 230 378 200 8963 206 393 201 2271 2605 862 6202 231 1166 29331 710 3508 397 3440 269 1189 39817 706 2447 406 666 235
internal_value=0.000116651 0.255366 0.734492 2.00402 5.34263 6.0578 0.1813 6.59223 0.231007 -0.215567 0.12488 0.0829528 1.0289 0.781572 -0.0634077 0.707019 6.93338 0.244732 1.27304 -0.138922 0.748797 0.435614 1.0791 -0.142761 -0.201349 1.12915 0.529814 1.87049 2.23111 0.0233616 0.102202 0.61397 0.0664246 0.865851 0.0462357 0.128463 0.555938 1.54609 7.13529 7.30886 -0.116448 0.411183 -0.0844848 0.458098 0.197364 -0.0195836 -0.326671 0.0630774 0.324649 0.634881 1.19534 0.189164 0.795346 2.68467 0.22101 0.231914 0.305895 0.463838 1.29282 0.383643 0.349776 0.479392 0.803599 0.067105 0.130492 0.422298 -0.0922948 -0.0325168 0.170377 0.52605 0.369599 0.499102 0.792881 -0.280139 0.0832531 0.618599 0.836925 -0.112487 0.230062
internal_weight=343790 157453 21080 8135 2821 2488 136373 2247 5314 186337 127863 4963 8510 1435 12945 833 2017 58636 5334 110270 474 1124 482 109796 3528 4301 539 1033 671 69227 24411 1594 22817 561 22256 14661 1944 648 1746 1463 12112 12988 52560 745 45648 44816 76067 12717 1288 758 411 6032 401 447 624 36078 15701 6738 593 6145 5939 3668 1063 9570 7599 1397 51815 22484 4615 1107 11834 4898 1458 40725 908 3176 1154 7595 901
internal_count=343790 157453 21080 8135 2821 2488 136373 2247 5314 186337 127863 4963 8510 1435 12945 833 2017 58636 5334 110270 474 1124 482 109796 3528 4301 539 1033 671 69227 24411 1594 22817 561 22256 14661 1944 648 1746 1463 12112 12988 52560 745 45648 44816 76067 12717 1288 758 411 6032 401 447 624 36078 15701 6738 593 6145 5939 3668 1063 9570 7599 1397 51815 22484 4615 1107 11834 4898 1458 40725 908 3176 1154 7595 901
is_linear=0
shrinkage=0.06


Tree=11
num_leaves=80
num_cat=0
split_feature=94 96 205 97 97 100 97 100 166 97 204 46 96 194 35 84 85 94 70 96 207 80 94 207 96 198 97 43 209 79 114 193 207 80 196 203 103 207 193 76 197 157 196 56 76 98 126 94 56 194 82 89 94 140 92 208 54 96 207 91 193 84 207 209 85 181 203 96 97 207 206 194 72 28 97 205 146 28 208
split_gain=4.68291e+06 1.2769e+06 1.11245e+06 4.55973e+06 1.09358e+07 2.82315e+06 864241 943016 1.21842e+06 703741 929733 691978 533651 286809 267930 221086 213733 169900 179277 131057 117601 115308 108150 103796 90155.9 88575.7 82614.2 81540.7 72801.2 76988.2 69362.9 74722.5 66249.2 64242.5 61095.9 65246.2 60129 134650 415208 68416 107322 55341.7 54360 55743.4 80969.3 53370.9 90873.6 134082 52835.8 47927.6 50351.8 47828.7 46511.1 45142.6 42347.9 42022.3 39847.8 37999.5 37337.2 37007 35381.4 128535 35085.4 34153.1 33845.8 33314.1 31998.8 31488.6 30936.2 30787.4 30570.4 30365.4 29108.8 31174.1 27608.8 27297.4 34121.3 27215.2 26929.8
threshold=14.688240528106691 40.390100479125984 0.37940952181816107 36.21507644653321 48.168771743774421 13.300000190734865 63.294715881347663 23.94999980926514 33.500000000000007 40.950769424438484 17.000000000000004 13.302500247955324 9.7091674804687518 50.500000000000007 310.50178527832037 43.38750076293946 18.703500747680668 44.443561553955085 33.806501388549812 20.742754936218265 -0.90893998742103566 23.481999397277836 5.8276236057281503 -0.94423642754554737 17.880798339843754 8.6500000953674334 88.929145812988295 12.204999923706056 5.5000000000000009 0.74745464324951183 -298.06298828124994 19.050000190734867 0.96687895059585582 9.927500247955324 81.500000000000014 0.76037701964378368 49.149999618530281 0.5986820161342622 16.849999427795414 24.982212066650394 990.64999389648449 96.77500152587892 30.500000000000004 32.10542297363282 45.483896255493171 6.1039998531341562 -0.64977428317069996 24.459066390991214 66.803859710693374 78.500000000000014 2.7674999237060551 7.9060001373291025 32.556417465209968 10.480782508850099 14.885000228881838 -0.35846087336540217 29.772681236267093 18.711366653442386 0.9646572768688203 24.501000404357914 7.0499999523162851 4.5009999275207528 0.9837264120578767 4.5000000000000009 5.8274998664855966 43.000000000000007 -0.25037047266960138 24.248289108276371 4.6442852020263681 0.92273071408271801 1.0000000180025095e-35 67.500000000000014 17.628999710083011 259.05000305175787 1.76990282535553 -0.37940952181816096 26.849999427795414 141.14749908447268 0.98630350828170787
decision_type=10 10 2 2 2 10 2 10 10 2 2 10 10 8 8 8 8 10 10 8 2 2 8 2 10 10 2 10 2 8 8 10 2 2 8 10 8 2 8 8 8 10 8 10 10 2 10 10 10 8 10 8 10 10 8 2 10 8 2 8 8 10 2 2 10 2 8 10 2 2 2 8 8 10 2 2 10 10 2
left_child=9 2 16 13 5 11 7 8 -6 12 -11 -5 22 25 23 20 33 58 63 32 -3 57 74 -13 60 30 27 -22 29 -17 -4 -32 -15 71 35 48 -26 39 -39 40 -38 45 43 44 -34 51 47 -47 56 50 -41 -21 -23 -33 -25 -29 -30 -18 -8 -57 61 -14 77 -19 -63 -31 -36 -40 -62 -67 -71 -2 73 -61 -1 -70 -77 -28 -54
right_child=1 15 3 4 6 -7 17 -9 -10 10 -12 14 24 19 -16 28 21 18 -20 41 26 52 -24 54 36 -27 62 55 34 65 31 53 42 -35 66 -37 37 38 67 49 -42 -43 -44 -45 -46 46 -48 -49 -50 -51 -52 -53 78 -55 -56 59 -58 -59 -60 72 68 64 -64 -65 -66 69 -68 -69 75 70 -72 -73 -74 -75 -76 76 -78 -79 -80
leaf_value=-0.3642346617391875 -0.022178041402218827 1.9438850524981277 0.38497166034398161 2.8226933643221854 5.3776163219842381 -0.4466573677868933 -0.29416499991134887 -1.0323756272765412 -0.0799762693678195 4.4409661592310128 -0.24123241105138563 5.3438904488086694 1.6073399544451938 -0.016623301417694251 4.297445113835404 1.2306982249452927 0.004845904448124454 0.76861390977421995 2.1655555492196532 1.0599551577942565 1.6756608098663472 0.246941035050252 -0.22050907811553766 6.6004623039860153 -0.074347065266338469 0.26359583474911968 0.81151427848618241 0.088137512761468598 1.5034594665393886 1.0958914268548232 1.9863302740493971 0.68632004168694838 1.514703068864995 0.021833843632816763 1.4702697908126494 2.6991916335233741 1.7771900999339501 2.6622215443012256 -0.064427511677835031 0.89936097047667374 0.098396998997951776 0.0039387366224206966 0.0062516152233306208 0.26413914743817984 0.065829352405727709 2.1160729601479216 0.32193998390487577 0.39079074493807081 1.1319973289249212 -0.26629046246009108 0.030376706233313087 0.240998848216122 0.52621751208405099 1.3108803525448391 7.4424742757659601 0.16701299305476019 2.5032864357427109 0.15738581055383871 0.53470617333570358 0.76172642057553086 -0.12586388755554345 0.5948881373335333 -0.4502891805479603 -0.15251163946172022 -0.29280428421154547 -0.16107639710587193 0.49580298810384488 0.77910485798897944 -0.13083009386915712 0.17946612003561738 1.1607905407563635 -0.25390742108255171 0.6419328544165247 1.6918291067495941 -0.26258031957604983 -0.0077292970393402511 0.62760123285354141 -0.020135451877758791 -0.17996088966871929
leaf_weight=37893 3306 221 1463 223 380 278 3318 260 240 274 343 215 201 16605 205 2410 9678 226 221 262 272 11699 62452 1017 4021 2328 236 495 342 346 208 2172 373 28960 219 206 201 314 691 294 427 2492 1433 1181 221 297 1423 357 591 1702 1289 10941 3610 517 387 358 257 14977 207 276 60352 203 340 400 638 248 274 206 8249 230 227 5298 903 249 12909 14165 310 352 205
leaf_count=37893 3306 221 1463 223 380 278 3318 260 240 274 343 215 201 16605 205 2410 9678 226 221 262 272 11699 62452 1017 4021 2328 236 495 342 346 208 2172 373 28960 219 206 201 314 691 294 427 2492 1433 1181 221 297 1423 357 591 1702 1289 10941 3610 517 387 358 257 14977 207 276 60352 203 340 400 638 248 274 206 8249 230 227 5298 903 249 12909 14165 310 352 205
internal_value=3.34749e-05 0.272692 0.22383 0.445069 1.80038 5.22535 0.283477 1.9979 3.26827 -0.179825 1.84188 5.9955 -0.185874 0.202106 6.38165 0.961263 0.081947 -0.0619811 0.700556 0.134344 0.604539 0.178156 -0.273398 6.64274 -0.079587 0.562575 0.518973 0.695142 1.20794 1.04376 0.722117 0.892185 0.0316061 -0.0209362 1.50805 1.7111 0.0993197 0.235591 0.788194 0.0644126 0.637689 0.263395 0.281175 0.502999 0.976661 0.312078 0.591403 1.17632 1.53793 -0.0453424 0.192233 0.260244 0.306304 0.806844 6.83769 0.577536 1.93589 0.0975109 -0.245353 0.71305 -0.0990381 0.248263 0.0340931 0.180731 -0.0780817 0.614338 0.93078 0.129945 -0.103397 0.376783 0.668378 -0.164881 0.849729 1.20524 -0.33841 -0.0437253 0.00591951 0.314467 0.488234
internal_weight=343769 136635 127583 49850 7577 2325 5252 880 620 207134 617 2047 206517 42273 1824 9052 77733 4372 847 35585 3702 40169 113254 1619 93263 6688 3481 2553 5350 3461 4360 2897 19813 37564 1889 1396 9145 5124 1211 3913 628 15772 3208 1775 594 13280 2077 654 1190 3285 1583 11203 15514 2689 1404 2281 599 24655 3525 1786 84118 1042 928 626 841 1051 493 897 83076 705 457 8604 1428 525 50802 22724 14475 588 3815
internal_count=343769 136635 127583 49850 7577 2325 5252 880 620 207134 617 2047 206517 42273 1824 9052 77733 4372 847 35585 3702 40169 113254 1619 93263 6688 3481 2553 5350 3461 4360 2897 19813 37564 1889 1396 9145 5124 1211 3913 628 15772 3208 1775 594 13280 2077 654 1190 3285 1583 11203 15514 2689 1404 2281 599 24655 3525 1786 84118 1042 928 626 841 1051 493 897 83076 705 457 8604 1428 525 50802 22724 14475 588 3815
is_linear=0
shrinkage=0.06


Tree=12
num_leaves=80
num_cat=0
split_feature=95 205 99 114 36 99 93 95 94 85 209 95 95 202 82 200 80 150 209 76 95 85 80 95 91 59 99 193 38 76 162 204 209 86 139 54 155 85 201 99 95 209 208 193 165 208 9 203 88 193 12 7 80 80 95 146 198 85 59 100 83 198 95 94 76 82 22 95 18 80 122 176 193 101 208 88 183 173 26
split_gain=4.118e+06 1.05763e+06 1.79707e+06 1.68268e+06 2.6765e+06 2.70202e+06 1.90757e+06 819046 664626 729688 549305 517810 418841 399619 368063 306114 299185 297641 254278 343631 380303 248411 210924 194172 161033 144345 124784 456728 350607 103083 183865 756880 102188 147158 339734 296045 311714 100839 94646.2 101247 89579.2 83777.2 72390.2 99123.5 86393.2 67991.2 60083 59331.2 58719.2 56981.3 55106.6 77964.8 52533.1 52486.6 51799.1 51744.7 51741.4 55284.1 51469.3 45715 45212.8 43627.8 41364.2 40036.9 39785.8 39631.3 38611.5 33659.5 31831.1 31680.6 27712.2 34547.7 27492.4 55260 27121 26977.8 71629.3 26732.2 26309.4
threshold=14.924178600311281 0.93301269412040722 0.5849612057209016 352.88233947753912 267.28839111328131 0.91204342246055614 27.415249824523929 37.913728713989265 27.633520126342777 13.904999732971193 4.5000000000000009 9.184965133666994 43.944955825805671 0.99140709638595592 20.001000404357914 15.449999809265138 38.962499618530281 1.7001918554306032 7.5000000000000009 47.20930480957032 24.24803447723389 11.402499675750734 15.779999732971193 20.749359130859379 19.402500152587894 0.36105085909366613 0.72101914882659923 8.9499998092651385 -131.87499999999997 32.651695251464851 2.1132373809814458 10.500000000000002 10.500000000000002 9.5075001716613787 21.68650054931641 19.170675277709964 13.394999980926515 25.210000038146976 117.50000000000001 0.33317074179649359 5.975832700729371 5.5000000000000009 0.2332836911082268 16.94999980926514 5.4138731956481942 -0.031174269504845139 238.44999694824222 0.97625884413719188 8.9039998054504412 5.0499999523162851 320.14999389648443 285.62500000000006 18.901499748229984 23.026499748229984 26.083090782165531 15.84999990463257 0.94999998807907116 11.129000186920168 0.14926966279745105 129.69999694824222 30.699000358581547 8.8499999046325701 12.485429286956789 29.319250106811527 22.070900917053226 21.832500457763675 160.02749633789065 19.900753021240238 59.541500091552741 26.501500129699711 10.300537109375002 5.3750000000000009 25.44999980926514 83.700000762939467 -0.39036008715629572 10.386499881744387 60.75782775878907 1353.6199951171877 140.11650085449222
decision_type=10 2 2 8 8 2 10 10 10 8 2 8 10 8 10 8 2 2 2 8 10 10 2 10 8 10 2 8 10 10 2 2 2 8 8 10 2 10 8 2 10 2 2 10 2 2 10 10 8 8 8 8 2 2 10 10 8 8 10 8 8 8 8 8 10 10 8 10 10 2 8 2 10 8 2 8 10 2 8
left_child=11 7 12 53 5 6 8 22 13 -10 15 40 32 17 78 -7 47 21 19 20 -6 23 56 48 66 -22 62 28 -28 -29 31 -31 33 34 -3 -36 -37 67 39 63 -1 58 43 -41 -44 61 64 60 -5 -42 77 -52 -34 -4 -45 -19 -2 -58 -18 -56 -9 -21 -13 75 -43 -40 -12 -24 -55 -39 71 -32 -14 -74 -60 76 -35 -20 -8
right_child=1 2 3 4 18 10 14 16 9 -11 24 26 72 -15 -16 -17 41 55 50 45 25 -23 37 -25 -26 -27 27 29 -30 30 70 -33 52 38 35 36 -38 69 65 42 49 46 44 54 -46 -47 -48 -49 -50 -51 51 -53 -54 68 59 -57 57 -59 74 -61 -62 -63 -64 -65 -66 -67 -68 -69 -70 -71 -72 -73 73 -75 -76 -77 -78 -79 -80
leaf_value=-0.31805441624407971 0.78754323653381897 0.084719139916698355 -0.030085303305042537 6.2226009962293833 3.2641381791202808 4.0918324626456286 -0.8150885393364089 0.037001978735584834 0.52711711102624936 4.7903690478380989 -0.50588493078844887 -0.12131924014295843 1.014261682604032 2.3825990510995587 2.7622704411467702 1.0900138734121922 1.2022312424945345 5.6837343695554239 -0.20254791226328198 1.3899240171240597 -0.20461031521100606 3.0806670841211226 0.033903064626711235 3.7896233781171693 1.475506037202365 1.8889546881343278 0.14241035936445726 -0.1164155543100456 3.4832564192071671 4.063147304035355 -0.096561729794039444 -0.19430540203951394 -0.13353579465945026 1.2751260584988875 -0.25217192022458595 4.1599161997064948 1.3102888057350126 0.20284764120633234 0.01025596589367183 2.0252887440255831 0.63598473605426309 0.61499908812294235 0.062266823164419324 0.5142175919491988 1.3564598825553225 -0.26143193692125322 2.2283689477662931 1.1836555115552234 4.9410429531214186 -0.21309333546619996 0.042169973646837562 1.4740502032486635 0.18231766013827094 0.29086033495839614 0.6874412013567528 7.0443383604904701 -0.17056537243876363 -0.0012830757553170587 0.011123061311509221 1.8229415357841674 0.52377219767664251 0.1815033488759869 -0.037044731097764148 0.62765591415019339 1.4109543780339036 0.24757913539547904 0.41666024659551787 0.15326182164339974 1.0938579101839536 0.40078576398784377 -0.056244920110152315 0.9664326521120965 0.98579284089703978 2.3087602895409312 0.74522117141255872 0.15807648432378682 0.022993602100938846 0.36743620299480179 0.10958538507178742
leaf_weight=50563 264 1081 3174 377 381 203 209 1966 309 271 874 56355 1279 212 201 308 984 231 1610 204 267 286 15262 279 211 212 204 5008 253 222 203 461 4063 284 203 224 362 5671 7228 205 285 298 1324 1978 215 523 260 241 244 58064 377 214 3552 1082 293 260 10110 22181 202 228 1055 227 33391 807 967 3899 200 19214 212 5989 1624 239 268 200 1759 8510 389 362 234
leaf_count=50563 264 1081 3174 377 381 203 209 1966 309 271 874 56355 1279 212 201 308 984 231 1610 204 267 286 15262 279 211 212 204 5008 253 222 203 461 4063 284 203 224 362 5671 7228 205 285 298 1324 1978 215 523 260 241 244 58064 377 214 3552 1082 293 260 10110 22181 202 228 1055 227 33391 807 967 3899 200 19214 212 5989 1624 239 268 200 1759 8510 389 362 234
internal_value=-0.000688137 0.254757 0.473357 1.05803 1.51833 2.48005 3.549 0.127406 4.3073 2.5239 0.626296 -0.169571 0.253571 4.85325 0.639632 2.28818 0.716626 5.16397 0.439396 0.982777 1.85181 4.64022 0.0695026 5.13185 -0.0358424 0.723983 -0.0694775 0.154349 1.9955 0.0456348 0.340785 1.19344 0.2081 0.262435 0.77597 1.72174 2.4048 0.152018 0.224538 0.327021 -0.259597 1.03541 0.572551 0.759485 0.24383 0.198248 1.39665 0.279599 5.72781 -0.208935 0.0545771 0.562265 0.0137979 0.101247 0.654879 6.41707 -0.0474367 -0.0542874 0.847945 1.1869 0.20711 0.755364 -0.0899647 0.222692 1.22408 0.0934309 -0.333861 0.100426 0.423161 0.304542 0.058465 0.479109 1.15989 1.55488 0.669647 0.187039 0.55249 -0.0977827 -0.327514
internal_weight=343641 136769 50346 13754 9286 4909 3113 86423 2469 580 1796 206872 36592 1889 644 511 7732 1677 4377 1814 860 1186 78691 900 1285 479 97960 8214 457 7757 2749 683 34845 27230 1870 789 586 46136 25360 14233 108912 4470 4243 2704 1539 954 1525 3262 621 58349 2563 591 7615 4468 2499 491 32555 32291 2945 521 3021 431 89746 9990 1265 11127 1074 34476 1294 11660 2066 442 1747 468 1961 9183 673 1972 443
internal_count=343641 136769 50346 13754 9286 4909 3113 86423 2469 580 1796 206872 36592 1889 644 511 7732 1677 4377 1814 860 1186 78691 900 1285 479 97960 8214 457 7757 2749 683 34845 27230 1870 789 586 46136 25360 14233 108912 4470 4243 2704 1539 954 1525 3262 621 58349 2563 591 7615 4468 2499 491 32555 32291 2945 521 3021 431 89746 9990 1265 11127 1074 34476 1294 11660 2066 442 1747 468 1961 9183 673 1972 443
is_linear=0
shrinkage=0.06


Tree=13
num_leaves=80
num_cat=0
split_feature=96 97 205 97 100 94 97 94 112 207 95 96 94 99 193 125 36 96 194 193 99 185 96 141 94 74 11 207 97 97 160 92 123 205 90 209 103 74 194 94 81 201 36 47 66 81 194 205 163 57 207 95 90 205 94 110 20 92 5 207 193 123 94 76 44 95 207 93 16 104 205 94 94 201 77 94 94 206 201
split_gain=3.67449e+06 1.09308e+06 4.24199e+06 9.99984e+06 1.67195e+06 1.29806e+06 950770 945816 723522 876683 371029 327694 272088 256688 201759 185984 450688 146941 139106 118820 175300 116220 91988.2 106466 74365.8 70488.9 62643.9 62620.3 58756 265958 58287.1 57372.3 53880.7 52100.5 106361 268456 541214 110692 53524.4 51325.2 47817 45524.6 77038 43939.2 42733 39462.8 38835.5 61542.3 34814.7 34112.1 109124 34083.8 34863.4 79249 223910 368993 553871 37355.1 52808.8 33705.8 32766.8 32106.8 31406.6 30497.5 29700.7 124486 29356.6 28578.2 28092.5 27809.3 29011.9 27486.8 26791.1 26279.6 26215 25979.5 24279.8 24256.1 24139.9
threshold=13.936894416809084 36.21507644653321 0.93301269412040722 48.168771743774421 22.650000572204593 42.197711944580085 63.294715881347663 32.556417465209968 -1314.752502441406 0.27694219350814825 25.509792327880863 8.06439256668091 42.197711944580085 0.82751867175102245 14.150000095367433 0.33169119060039526 204.98958587646487 17.880798339843754 32.500000000000007 5.0499999523162851 0.30372016131877905 153.70687103271487 46.914346694946296 7.3819017410278329 10.776729106903078 32.660623550415046 69.009998321533217 -0.32614396512508387 42.884325027465827 48.168771743774421 28.500000000000004 21.503999710083011 40.75843811035157 0.93301269412040722 12.002500057220461 3.5000000000000004 124.27350234985353 20.138187408447269 50.500000000000007 4.5551645755767831 9.927500247955324 52.500000000000007 171.22954559326175 31.702500343322757 104.97399902343751 15.779999732971193 62.500000000000007 0.37940952181816107 32.915000915527351 0.1794179901480675 0.96234640479087841 9.184965133666994 8.9014997482299822 0.93301269412040722 10.642074108123781 857.75000000000011 204.51999664306643 31.758500099182132 151.05000305175784 0.999393790960312 35.049999237060554 3.8794074058532719 22.458884239196781 59.749738693237312 10.5314998626709 15.670791149139406 0.97112539410591137 27.817334175109867 29.052990913391117 4.461956501007081 0.12940952181816109 9.623660087585451 18.428458213806156 97.500000000000014 90.812438964843764 15.452107906341555 25.949479103088382 0.91597560048103344 157.50000000000003
decision_type=8 2 2 2 10 10 2 10 10 2 10 10 10 2 8 10 8 10 8 8 2 10 8 8 10 10 10 2 2 2 10 8 10 2 8 2 8 8 8 8 2 8 8 8 8 2 8 2 10 8 2 10 10 2 8 8 8 8 8 2 10 8 10 8 10 10 2 10 10 10 2 8 10 8 8 8 10 2 10
left_child=11 5 18 4 7 10 8 13 9 -5 17 39 66 25 -15 16 -14 51 21 20 -13 -3 77 -24 -21 43 -18 -25 46 -30 33 73 -29 45 35 36 -35 -37 59 -1 -20 42 -33 -4 72 -19 47 -26 -31 50 -41 -2 53 -53 55 -55 -57 -56 -59 -36 -23 78 -27 67 65 -40 -8 -43 -42 70 -70 -66 -39 76 -75 -54 -12 -7 -49
right_child=1 2 3 6 -6 22 12 -9 -10 -11 31 19 15 14 -16 -17 26 30 40 24 -22 60 23 27 28 62 -28 32 29 48 -32 41 -34 34 38 37 -38 44 64 49 68 63 -44 -45 -46 -47 -48 61 -50 -51 -52 52 75 54 57 56 -58 58 -60 -61 -62 -63 -64 -65 71 -67 -68 -69 69 -71 -72 -73 -74 74 -76 -77 -78 -79 -80
leaf_value=-0.32544315298771559 -0.26872674001217811 1.7634846747357134 4.9727711294202379 1.6042536517412946 -0.054530469647185366 0.5833392613137417 -0.30658437429666241 1.5973487304959977 -0.70349955416028043 6.5807961896587823 0.15246304862693885 -0.23067409579310258 3.3069176348276876 5.8924767784371754 3.2844487407842577 -0.013612040840243258 1.0785774167373028 0.0082573044366249151 -0.22690783501607664 -0.15985870853445644 2.1819783771571823 -0.12762124494407634 2.4340464868280107 1.8375225252943768 -0.038444124901560447 6.2629632052915021 -0.19485903694084636 1.0764752937355717 1.8056058465113487 0.23532299847796456 -0.034862870998479345 1.549018909155305 0.073268462975048326 0.15817166159435042 0.37749101540233732 1.5024195327288632 3.4562794153501808 -0.37674042117205403 1.7441065692955864 -0.22957363477759105 0.56957256118231747 0.28092516746161539 0.51073269679824329 6.0856275394984651 0.78419553938274555 0.1583221484824395 -0.10406169099813858 1.2189767477432734 -0.62435832132972835 -0.23544995086670906 1.2990685073733328 -0.023436950609353868 -0.076540190006467251 -0.31334852588929207 -0.0079103707852013136 4.6922637691737998 0.23125450168082964 0.12891654153829918 1.104939160259633 1.1852726451311171 0.79843380965091082 0.18345163364416983 7.2342395511426423 0.066449427353316229 -0.48000811239877311 0.18552306475103078 0.43743107348753901 0.4745504331711608 -0.1268634637574623 0.49061298889411581 0.2070311952921218 0.11104600092084979 0.18301145338266753 0.13806910592011051 -0.55594265689464606 0.023452595679153674 0.45609788145822344 1.1221361244340307 0.35687913775878177
leaf_weight=32428 1744 253 202 342 219 1695 3242 209 206 203 1723 235 271 210 228 725 238 9491 6058 55022 200 361 227 372 13329 372 332 3260 325 288 6402 287 205 419 2038 202 312 692 205 712 307 5314 2441 657 216 18814 34385 210 410 49551 219 7967 19159 300 2688 200 200 641 289 204 221 1739 303 1234 290 1770 202 5689 4209 361 1204 10673 553 4444 204 18276 2111 367 265
leaf_count=32428 1744 253 202 342 219 1695 3242 209 206 203 1723 235 271 210 228 725 238 9491 6058 55022 200 361 227 372 13329 372 332 3260 325 288 6402 287 205 419 2038 202 312 692 205 712 307 5314 2441 657 216 18814 34385 210 410 49551 219 7967 19159 300 2688 200 200 641 289 204 221 1739 303 1234 290 1770 202 5689 4209 361 1204 10673 553 4444 204 18276 2111 367 265
internal_value=7.31064e-05 0.217249 0.618126 1.6898 4.94294 0.153693 0.333938 5.44455 2.32329 3.46656 0.112602 -0.177108 0.0353296 5.85127 4.54545 0.690805 1.29736 0.0638824 -0.0560654 -0.107426 0.881052 0.692558 1.00671 1.17241 -0.111492 6.22092 0.337814 1.09715 -0.0592589 0.390649 0.134728 0.328155 1.01716 0.158393 0.239537 0.611155 1.56864 0.189585 0.180894 -0.266535 -0.107613 0.398817 0.620493 5.83002 0.00716667 0.108006 -0.068485 0.0102213 -0.269818 -0.228689 0.131018 -0.0080891 0.00105836 0.0887587 0.295725 1.27719 2.4679 0.105534 0.433079 0.451487 0.224791 0.303088 6.70901 0.349352 0.133972 0.348101 -0.262832 0.381071 0.0112476 -0.0185317 -0.0525716 0.0953687 -0.128164 0.203451 0.107496 -0.0277238 0.31972 0.679733 0.739777
internal_weight=343771 154453 21135 8161 2400 133318 5761 2181 751 545 127192 189318 5010 1972 438 1566 841 103745 12974 106408 435 835 6126 4064 105973 1534 570 3837 50951 1023 52281 23447 3465 45879 17574 2394 731 1663 15180 82910 12139 14965 2728 859 1461 28305 49928 15543 698 50482 931 51464 49720 12285 4318 700 400 3618 930 2242 582 2214 675 12237 12938 1975 3444 11003 6081 5774 5413 10963 1245 8482 4648 37435 3834 2062 475
internal_count=343771 154453 21135 8161 2400 133318 5761 2181 751 545 127192 189318 5010 1972 438 1566 841 103745 12974 106408 435 835 6126 4064 105973 1534 570 3837 50951 1023 52281 23447 3465 45879 17574 2394 731 1663 15180 82910 12139 14965 2728 859 1461 28305 49928 15543 698 50482 931 51464 49720 12285 4318 700 400 3618 930 2242 582 2214 675 12237 12938 1975 3444 11003 6081 5774 5413 10963 1245 8482 4648 37435 3834 2062 475
is_linear=0
shrinkage=0.06


Tree=14
num_leaves=80
num_cat=0
split_feature=96 97 205 97 100 94 93 97 132 9 96 96 94 94 35 96 194 200 95 141 193 85 54 166 92 97 81 81 207 85 194 85 85 207 56 166 97 205 91 146 180 194 194 201 31 104 94 16 207 35 16 160 201 197 34 76 96 97 194 199 36 92 112 193 191 209 27 166 91 194 56 70 36 194 85 99 118 25 105
split_gain=3.21406e+06 1.04833e+06 3.73713e+06 8.94817e+06 1.45603e+06 1.19218e+06 854853 757173 638699 719837 294075 246752 240239 217593 190498 171735 123149 111911 89000.6 82102 76690.3 165609 75529.7 111852 68934.9 88367.2 55857.9 55212.8 51318.5 50260 60949.8 49630.2 48359.1 50267.4 40497 40080 42081.9 47622 96943.8 213186 48188 39654 36411.5 35124.5 52377.4 109522 31829.8 31347.3 31145.8 31133.6 96164.1 30958.3 38697 29722.7 69608.2 28887.9 28556.6 30965.7 131392 28384.5 28338.9 27950.4 27881.9 27582.5 36309.6 27239.1 47871.8 75497.5 40600.7 89523.5 25519.8 29531.2 25961.8 25379.8 23592.9 23453.5 38634.1 23185.9 25314.2
threshold=13.335365295410158 36.21507644653321 0.93301269412040722 48.168771743774421 22.650000572204593 36.957334518432624 28.269000053405765 63.294715881347663 -73.857776641845689 30.755000114440922 19.245353698730472 7.4810249805450448 25.663520812988285 42.197711944580085 121.29818725585939 43.21882629394532 32.500000000000007 14.34999990463257 28.483522415161136 5.9231507778167733 5.0499999523162851 6.7260000705719003 60.971124649047859 36.500000000000007 14.885000228881838 42.884325027465827 13.828999996185305 18.101500511169437 0.9470459818840028 27.202500343322757 96.500000000000014 11.502500057220461 52.850000381469734 -0.32614396512508387 60.846452713012702 79.500000000000014 24.971164703369144 0.37940952181816107 9.681000232696535 20.94999980926514 0.59805998206138622 50.500000000000007 66.500000000000014 92.500000000000014 132.0350036621094 29.585416793823246 4.2543771266937265 27.914626121521 0.97112539410591137 238.76918029785159 117.33075332641603 21.500000000000004 137.50000000000003 983.54998779296886 110.43746185302736 61.074563980102546 9.9847736358642596 42.884325027465827 86.500000000000014 99.500000000000014 403.36105346679693 12.308000087738039 90.149997711181655 32.049999237060554 7.2370414733886728 10.500000000000002 260.02999877929693 152.50000000000003 8.6524996757507342 86.500000000000014 90.073581695556655 10.401000022888185 251.23167419433597 20.500000000000004 12.405999660491945 0.87895214557647716 20.849999427795414 205.03749847412112 14.771258831024172
decision_type=8 2 2 2 10 10 8 2 10 10 10 10 10 10 8 8 8 10 8 8 8 10 10 10 8 2 2 2 2 8 10 10 10 2 10 10 2 2 8 10 10 8 10 8 8 8 8 10 2 8 10 8 8 10 8 8 10 2 10 10 8 8 10 10 10 2 10 10 10 10 10 10 8 8 8 2 10 8 10
left_child=11 5 16 4 6 10 12 8 9 -5 29 46 24 48 -15 60 17 -3 27 -17 21 -13 42 -24 25 -4 56 35 -19 51 53 -18 63 -34 -35 36 37 75 39 40 -39 -40 -16 44 45 -20 -1 -33 -9 50 -43 52 65 -31 -55 -45 -22 -58 -59 -27 73 -44 -49 64 -21 66 -2 68 69 -68 72 -72 77 -7 -38 -12 -77 -46 -79
right_child=1 2 3 7 -6 15 -8 13 -10 -11 18 20 -14 14 22 19 31 28 43 32 26 -23 23 -25 -26 59 -28 -29 -30 30 -32 47 33 34 -36 -37 74 38 41 -41 -42 49 61 55 70 -47 -48 62 -50 -51 -52 -53 -54 54 -56 -57 57 58 -60 -61 -62 -63 -64 -65 -66 -67 67 -69 -70 -71 71 -73 -74 -75 -76 76 -78 78 -80
leaf_value=-0.31108888063553625 0.058723049850190036 1.8319758527888725 4.6025661515786096 5.7477510070867597 -0.012634525275537491 0.10367137543510738 1.3648171292179323 -0.26831005595836932 -0.8411892103735763 1.365690285205841 0.021491163472020923 1.9414192710956242 3.8704985992670058 2.1677170187254724 0.53611951470815011 2.1261593855501255 -0.1929047747998536 0.92044727706042417 0.41516325113540087 1.5062832189577184 -0.17666659706450796 -0.30513056313388653 1.9595987359434364 0.01951215928289252 6.4262107676510354 5.1754391461749414 -0.027073051646714433 0.20252375304743925 -0.17743712019156382 0.021655351492617735 1.1262235376923198 0.73092515982338724 1.8047846013037385 1.1214235559735388 0.25248597477733248 -0.10349345191752467 -0.67073837846039441 -0.30003334814080396 0.5110519049491129 2.5503278026028591 0.78554073185109607 0.10592311158118903 -0.64149681104203826 0.29223347936109251 0.34659986045262897 2.0281841359240729 -0.22937944357417328 -0.01464159357648686 0.48717374081816966 -0.071211314601979769 1.2655086234058301 -0.10893522236301434 -0.037560118494906439 1.1126600103657873 0.16751752298429509 -0.11345434857020753 -0.11425231358322263 -0.32322720175342901 1.5515487572507161 6.0246831038487354 0.12138986936788321 0.19934937020408289 0.66354947919787266 0.2115144181481167 0.7196964182390132 -0.053205913587459699 0.16666883510667904 1.3036569320697768 0.070766132181423705 1.6092651751869032 1.2958683688649153 0.30146688638775831 0.20728555792370332 0.63551553458992371 0.087350335216947961 -0.035669188365340235 1.0794065694903652 1.4011859394774062 0.44565473038758802
leaf_weight=28468 15537 214 324 222 221 362 202 3295 201 344 8492 202 299 243 325 240 7486 250 458 253 42877 282 215 212 441 257 18593 29416 393 4944 220 234 363 2243 212 3756 373 265 1011 203 329 2236 311 6622 652 226 43281 4265 208 2147 290 9831 30878 306 3261 698 45475 391 204 696 570 261 229 291 1297 5464 513 259 1741 221 221 210 2252 3032 244 249 202 201 200
leaf_count=28468 15537 214 324 222 221 362 202 3295 201 344 8492 202 299 243 325 240 7486 250 458 253 42877 282 215 212 441 257 18593 29416 393 4944 220 234 363 2243 212 3756 373 265 1011 203 329 2236 311 6622 652 226 43281 4265 208 2147 290 9831 30878 306 3261 698 45475 391 204 696 570 261 229 291 1297 5464 513 259 1741 221 221 210 2252 3032 244 249 202 201 200
internal_value=-0.000229547 0.191557 0.583746 1.58127 4.63174 0.133001 5.0941 0.305528 2.06119 3.09155 0.0884636 -0.175551 5.46672 0.0395739 0.627047 0.806926 -0.0479925 0.646849 0.185805 1.04452 -0.118261 0.634549 0.342858 0.998667 5.74211 5.50102 -0.121655 0.150388 0.25019 0.0073789 0.142466 -0.0967954 0.988352 1.1448 1.04652 0.0729149 0.114225 0.133669 0.257501 0.8768 0.301545 0.170525 0.0299081 0.334245 0.467815 0.950303 -0.261803 0.0553865 -0.223325 0.0967589 0.239499 -0.0109248 0.00671988 0.116907 0.248887 0.253539 -0.141425 -0.108623 0.321078 5.80133 0.513106 -0.258146 0.0200568 0.748384 0.848976 0.064325 0.099474 0.330951 0.228675 0.602619 0.379249 0.813177 0.322432 0.578837 -0.371287 0.0439095 0.465049 0.56826 0.926906
internal_weight=344112 164339 21348 8277 2440 142991 2219 5837 767 566 134128 179773 2017 5070 1567 8863 13071 857 60953 4899 108024 484 1324 427 1718 1277 107540 49213 643 73175 8731 12214 4659 2818 2455 19797 16041 15424 6481 797 594 5684 897 11740 4420 684 71749 4728 3503 4673 2526 64444 54613 8511 3567 7320 88947 46070 595 953 3964 572 4494 1841 1550 23735 18271 2734 2475 734 3736 431 3305 3394 617 8943 451 1053 401
internal_count=344112 164339 21348 8277 2440 142991 2219 5837 767 566 134128 179773 2017 5070 1567 8863 13071 857 60953 4899 108024 484 1324 427 1718 1277 107540 49213 643 73175 8731 12214 4659 2818 2455 19797 16041 15424 6481 797 594 5684 897 11740 4420 684 71749 4728 3503 4673 2526 64444 54613 8511 3567 7320 88947 46070 595 953 3964 572 4494 1841 1550 23735 18271 2734 2475 734 3736 431 3305 3394 617 8943 451 1053 401
is_linear=0
shrinkage=0.06


Tree=15
num_leaves=80
num_cat=0
split_feature=94 94 205 99 99 36 100 93 199 94 85 39 94 87 209 45 193 82 194 86 26 94 99 28 181 93 23 4 35 10 9 207 72 99 193 20 75 16 80 85 94 114 87 147 79 39 91 85 29 49 207 198 207 193 73 91 45 35 52 36 206 207 207 207 76 193 199 99 147 93 193 99 92 90 205 208 199 94 115
split_gain=2.83517e+06 755968 651984 1.34171e+06 1.2959e+06 1.30912e+06 2.40542e+06 1.42935e+06 526516 544654 423187 386266 335523 299441 241762 326487 221402 215707 184233 147412 134693 114264 109543 101459 86570.2 81595.4 81173.1 79496.4 72682.8 84441.8 71686.5 70099.3 69626.6 68945.7 167768 174589 71875.1 80558.2 64151.1 61426.7 59977.7 58139.5 57946.6 51905.5 49317.8 76955.2 80567.3 48199.2 47082.9 43927 48927.3 43560.2 43470.5 83615.2 148871 42740 40514 52250 39059.2 42876.8 48981.6 38404.2 37857.3 47269 137682 37316.3 34584.4 32206.7 31212.8 31141.7 31087.3 30455.1 28026.4 27464 27291.3 38633.4 28875 27108.1 25801.9
threshold=14.688240528106691 42.197711944580085 0.37940952181816107 0.60014364123344432 0.91204342246055614 261.05882263183599 1.0000000180025095e-35 32.941583633422859 19.500000000000004 27.989417076110843 11.502500057220461 0.46238921582698828 8.5371303558349627 10.403499603271486 2.5000000000000004 48.987501144409187 8.6500000953674334 45.241500854492195 51.500000000000007 17.803999900817875 70.341499328613295 26.544060707092289 1.04492723941803 81.099998474121108 7.0000000000000009 62.169025421142585 478.06250000000006 43.969999313354499 243.2447204589844 106.24750137329103 16.029999732971195 0.9996619224548341 0.85350000858306896 0.74050867557525646 9.4499998092651385 248.11100006103518 30.149911880493168 32.181882858276374 18.755999565124515 26.133500099182132 4.1683957576751718 175.01625061035159 9.8415002822875994 -0.71322327852249134 1.0574485659599306 0.49492545425891882 7.3185000419616708 12.405999660491945 328.12500000000006 30.604000091552738 0.90162119269371044 8.6500000953674334 0.89017060399055492 16.050000190734867 58.506250381469734 14.828999996185305 68.312500000000014 269.48765563964849 23.821499824523929 128.78221130371097 1.0000000180025095e-35 0.87811094522476207 0.97112539410591137 -0.87395131587982167 57.534769058227546 16.849999427795414 321.50000000000006 0.50591489672660839 -0.41467745602130884 27.415249824523929 5.0499999523162851 0.94932973384857189 15.812500000000002 10.806000232696535 0.93301269412040722 0.14037931710481646 238.50000000000003 23.784187316894535 0.45466084778308874
decision_type=8 10 2 2 2 8 10 10 10 8 10 8 10 8 2 10 8 10 8 8 8 10 2 8 2 10 8 10 10 8 10 2 10 2 8 8 10 8 2 10 10 10 10 10 8 8 10 8 10 8 2 10 2 8 8 8 10 8 10 10 2 2 2 2 10 8 10 2 10 10 8 2 8 8 2 2 10 8 10
left_child=12 2 19 18 5 6 7 8 -5 11 -11 20 40 -13 15 -7 -6 22 31 47 -10 -17 23 -3 25 -19 41 -22 29 -29 43 51 42 52 35 -35 -36 -38 62 72 -1 55 -16 -25 73 46 -46 -2 -43 50 -8 69 -14 54 -54 -26 67 -58 59 -39 -61 -34 63 64 -20 -64 -24 -32 -9 -4 -42 -57 -21 -18 -55 76 -76 -40 -75
right_child=1 17 3 4 16 14 49 68 9 10 -12 13 33 -15 32 21 44 24 38 39 27 -23 66 30 26 -27 -28 28 -30 -31 56 -33 61 34 36 -37 37 58 77 -41 70 48 -44 -45 45 -47 -48 -49 -50 -51 -52 -53 53 74 -56 71 57 -59 -60 60 -62 -63 65 -65 -66 -67 -68 -69 -70 -71 -72 -73 -74 78 75 -77 -78 -79 -80
leaf_value=-0.28925088342122079 -0.13018097463930078 1.7726477854662102 0.43092780500222488 0.62807344729089976 1.5950840182015389 3.4350592877518604 0.021815591895273913 0.43696122219472527 3.5848061997389671 0.38616004624039274 4.0476292668883476 4.2984379614231196 -0.099178684106129761 1.1391563570201395 1.5288390167256654 1.7221294753784591 -0.39556405825866325 1.0540463499551596 0.049003132271755338 0.012663049650702994 5.9855486661454904 -0.097992735474540529 -0.14496557090500867 0.50679555776303109 0.13552675954131194 2.6091065878539843 0.24232802162485179 3.7181238069221241 5.7400038230582462 5.1438726428285717 0.65847170732744775 1.3382355716015444 -0.15059149040850331 2.5187481082522347 -0.11993955922347796 0.085348252074359213 1.4292273378678657 -0.0486835616200893 0.12012164843682635 0.27161095302857924 0.37070780192784625 1.0385163050703703 0.25446363510428821 1.7393425905482687 1.657321143191762 -0.33585214559583654 0.18427662329545599 0.018955026983281935 2.2527601978308716 -0.086746926941321328 1.0694757989414978 0.19295667178065648 0.078525913102802242 -0.07620099557973771 1.6270625456374186 0.89565266680002253 1.4634978867990189 0.42857697431732938 0.0078285241483527918 0.26150993487699564 1.3550948709071495 0.43072185436866789 0.81513871093179491 -0.071488014245536052 1.2984849844187689 0.14638159627537298 0.65084925606300859 0.033643511666739533 -0.56959804442597595 0.81919046816810004 -0.19143305543083247 1.6567831301689149 0.13589761214941892 0.60067144016521734 -0.0011844016321911214 -0.14735770981729629 0.33541474400212135 0.28103076906540264 -0.14857254156859109
leaf_weight=30157 11258 242 2454 202 296 203 320 201 290 262 200 214 75752 219 216 201 1645 300 2746 9584 275 322 1287 234 257 206 653 326 218 309 392 319 1525 206 4011 218 202 331 8080 9602 355 257 316 261 204 464 385 25404 212 1015 321 1908 815 13306 307 3744 231 729 1604 298 292 558 349 11045 358 2124 231 1216 245 1070 72888 200 21655 204 1601 1785 2148 7068 857
leaf_count=30157 11258 242 2454 202 296 203 320 201 290 262 200 214 75752 219 216 201 1645 300 2746 9584 275 322 1287 234 257 206 653 326 218 309 392 319 1525 206 4011 218 202 331 8080 9602 355 257 316 261 204 464 385 25404 212 1015 321 1908 815 13306 307 3744 231 729 1604 298 292 558 349 11045 358 2124 231 1216 245 1070 72888 200 21655 204 1601 1785 2148 7068 857
internal_value=-0.000966256 0.209876 0.169162 0.339184 0.891031 1.33583 1.99036 3.01426 3.56919 3.82567 1.97653 4.28588 -0.141703 2.70686 0.430989 1.39886 0.0180015 0.695369 0.162482 0.0604936 4.76581 0.60347 0.398415 0.592158 0.940962 1.69103 0.869357 5.06599 4.76287 4.41891 0.498342 0.474943 0.161848 -0.0649854 0.114567 1.27076 0.041634 0.279241 0.105907 0.138893 -0.218031 0.956963 0.773777 1.15888 -0.106576 0.241661 0.69641 -0.0268433 1.59101 0.158865 0.547312 0.424008 -0.0784219 0.000347331 0.503306 0.885816 0.370617 0.678869 0.186713 0.497908 0.804119 0.00526435 0.0245125 -0.013349 0.193484 0.241051 -0.0235146 0.186279 -0.116007 0.549016 -0.188703 0.93466 0.0980914 -0.242126 -0.0296311 0.0823357 0.191709 0.195215 -0.00408436
internal_weight=343965 137689 127037 49534 12013 7958 4617 2961 2515 2313 462 1851 206276 433 3341 726 4055 10652 37521 77503 1418 523 4823 3305 5829 506 5323 1128 853 635 3063 5751 2615 102876 7162 424 6738 2727 31770 40841 103400 4670 532 495 3759 1053 589 36662 469 1656 641 5432 95714 19962 1122 4201 2568 960 2525 921 590 2083 16622 14149 3104 2473 1518 1608 446 3524 73243 3944 31239 2706 18840 5534 3749 15148 1061
internal_count=343965 137689 127037 49534 12013 7958 4617 2961 2515 2313 462 1851 206276 433 3341 726 4055 10652 37521 77503 1418 523 4823 3305 5829 506 5323 1128 853 635 3063 5751 2615 102876 7162 424 6738 2727 31770 40841 103400 4670 532 495 3759 1053 589 36662 469 1656 641 5432 95714 19962 1122 4201 2568 960 2525 921 590 2083 16622 14149 3104 2473 1518 1608 446 3524 73243 3944 31239 2706 18840 5534 3749 15148 1061
is_linear=0
shrinkage=0.06


Tree=16
num_leaves=80
num_cat=0
split_feature=96 95 97 97 204 100 36 96 95 97 194 86 82 200 207 115 36 100 142 37 191 96 202 81 81 207 16 114 123 208 99 207 50 163 160 76 201 81 197 197 196 91 193 99 209 202 16 84 61 161 194 124 95 94 18 97 94 10 207 11 82 194 52 201 208 188 77 194 163 96 193 92 94 194 194 204 158 207 197
split_gain=2.62617e+06 710321 698576 3.00056e+06 6.86039e+06 1.33439e+06 1.00414e+06 311815 243693 235334 527276 219509 145887 126227 111874 108875 104473 477525 117612 92747 122059 81134 65711.2 64515.3 57931.9 57110.7 74764.2 69797.3 74386.5 54619.8 54115.8 49426.3 49267.2 106123 48879.8 46117.6 42538.7 41378.2 39702 39526.8 38737.4 38001.3 231945 37665.7 36902.8 36495.9 36118.3 36098.4 46100.9 35566 32790.8 35564.3 31354.5 47616.3 110881 28756.5 51325.8 28612.7 26660.3 37288.8 25966.2 35181.8 25717.3 25667.4 34249.9 29747.7 27993.8 25178.2 34286.6 24739.7 30961.4 85266.5 24621 23765.6 22151.1 39669.5 25910 22597.8 31107.5
threshold=14.902025222778322 43.944955825805671 36.21507644653321 54.202339172363288 8.0000000000000018 197.19999694824222 382.81842041015631 9.2945833206176776 25.79141998291016 42.884325027465827 91.500000000000014 3.9025000333786015 11.079999923706056 21.849999427795414 0.64579916000366222 1.0356022119522097 160.30117034912112 22.650000572204593 0.63881203532218944 24.689346313476566 46.802999496459968 17.880798339843754 0.84335932135581981 30.012999534606937 5.7775001525878915 -0.091260667890310274 105.84000778198244 110.72814941406251 20.049107551574711 0.274878740310669 0.24544165283441546 0.97112539410591137 52.729000091552741 3.6950000524520878 29.500000000000004 46.617485046386726 62.500000000000007 14.407499790191652 991.75000000000011 979.14999389648449 26.500000000000004 8.8775000572204608 16.150000572204593 0.21881825476884845 8.5000000000000018 -0.46173103153705591 49.917840957641609 19.527500152587894 70.049999237060561 16.195000648498539 55.500000000000007 1.1838058233261111 16.173789978027347 9.991244316101076 -24.996000289916989 97.217563629150405 32.556417465209968 271.08149719238287 0.9837264120578767 75.049999237060561 inf 69.500000000000014 14.277499675750734 77.500000000000014 -0.23537842929363248 1.4460163712501528 115.90660476684572 70.500000000000014 1.1599999666213991 13.160812854766847 8.9499998092651385 9.3274998664855975 50.659521102905281 75.500000000000014 54.500000000000007 10.500000000000002 19.500000000000004 0.96687895059585582 983.45001220703136
decision_type=8 10 2 2 2 8 8 10 10 2 10 10 8 8 2 10 8 10 2 10 8 10 10 2 2 2 10 10 10 2 2 2 8 10 10 8 8 2 10 10 10 8 8 2 2 10 10 8 10 2 10 10 10 10 8 2 10 8 2 8 8 10 8 8 2 8 8 10 10 10 8 10 10 10 8 2 2 2 8
left_child=7 2 8 4 5 -4 11 24 21 37 22 -7 31 16 15 32 17 -3 58 20 -14 52 -11 62 -1 27 39 -20 -29 -16 -15 55 33 -13 35 41 50 69 -30 -27 -28 42 -23 -38 -34 -32 -44 -21 -49 -48 51 -25 -2 54 -54 56 -5 -52 59 -18 -55 -62 -10 64 65 -64 -65 68 -6 74 71 -71 -41 -61 75 76 -9 -76 -79
right_child=1 13 3 12 67 6 -8 9 23 10 -12 14 19 30 29 -17 18 -19 25 47 -22 34 -24 36 -26 26 40 28 38 -31 45 -33 44 -35 -36 -37 43 -39 -40 72 -42 -43 46 -45 -46 -47 49 48 -50 -51 57 -53 53 60 -56 -57 -58 -59 -60 73 61 -63 63 66 -66 -67 -68 -69 -70 70 -72 -73 -74 -75 77 -77 -78 78 -80
leaf_value=-0.24777181343380766 -0.055075797916960371 3.8897703427807855 -0.1222720960454326 -0.18550655163193985 0.81471054661624165 3.1196409388641255 0.61924843741757829 0.14908892361954451 -0.12535746684875695 -0.23048201631991741 2.6664998863438489 5.4453806548422952 0.09267134590074419 0.73970223246624101 6.6164541865096371 3.42584960425078 0.96072553729528898 0.64536835641296819 0.39484634958299969 -0.017074007867782709 2.1239765324596971 1.8053994590318516 0.89516121620727962 0.68248774717665939 -0.15854194419557752 1.4500219391710709 0.64299597023514166 2.3649912779681062 1.7992445479975927 5.3495317170210965 0.24237414620357664 0.45951727292443617 4.8969089018268344 3.5802236009898936 -0.040364873689987285 0.047319375924229717 0.47131295826288516 0.0010413022315805321 0.76626043485812423 0.50141214823121782 -0.27890991539567506 0.16077333012624218 -0.31803890179807781 0.1890606753928378 6.0840969429016107 -0.54222115199017962 1.0131839402045053 0.19704951793797948 0.99284615148267585 0.13405265248285986 0.3591440783432131 1.6641932900793743 1.7255415145418982 0.024990830260675279 -0.071316624409432358 -0.33689136810566372 0.63753301216790881 1.0220564564809203 -0.2236686466803432 0.43827130142325088 0.10720063348428198 1.0241477011895539 0.35159079107714863 0.18516777990943045 0.29118013711475421 1.3773120269070311 -0.46698296211171347 -0.20636886669283999 0.013167742246991833 1.3876166560603627 -0.042406956123122903 -0.18876837750372205 0.95617526736091529 -0.265721516598309 -0.13944488520410489 -0.080031261275778628 0.86014466474872853 0.66327336142574489 -0.028208119236015738
leaf_weight=57304 18230 219 253 2169 216 230 220 1343 784 816 366 234 223 517 203 200 322 636 241 2400 203 360 241 366 48265 452 360 275 217 477 632 376 242 227 6303 14238 3814 22723 355 594 300 31037 479 3077 219 321 207 1473 318 816 1083 210 200 17544 321 4468 311 299 293 488 474 220 204 8286 4209 204 243 1845 1676 202 16616 315 1575 266 43441 9412 213 255 2751
leaf_count=57304 18230 219 253 2169 216 230 220 1343 784 816 366 234 223 517 203 200 322 636 241 2400 203 360 241 366 48265 452 360 275 217 477 632 376 242 227 6303 14238 3814 22723 355 594 300 31037 479 3077 219 321 207 1473 318 816 1083 210 200 17544 321 4468 311 299 293 488 474 220 204 8286 4209 204 243 1845 1676 202 16616 315 1575 266 43441 9412 213 255 2751
internal_value=0.0017333 0.202453 0.168904 0.514103 1.58004 4.00889 4.47285 -0.135302 0.113456 -0.0586304 0.707114 4.88956 -0.0431875 0.749055 5.11361 4.73108 0.861145 1.47996 0.768695 0.220923 1.06335 0.0692719 0.0267724 0.288848 -0.206979 0.920736 0.795339 1.29781 1.55396 5.73691 0.246087 -0.209689 5.01019 4.5367 0.116554 0.137537 0.415541 -0.0698398 1.1606 0.939028 0.22416 0.176579 0.439803 0.345326 5.47284 -0.0221933 0.111513 0.135061 0.338822 0.312757 0.662352 1.04267 0.000959829 0.0554153 0.62044 -0.245964 -0.0820794 0.503203 0.283155 0.421245 0.0392412 0.398931 0.208343 0.228252 0.342203 0.866565 0.166535 -0.0487112 0.105058 -0.0914449 -0.0281686 0.42864 0.831923 0.18989 -0.110326 -0.03363 0.246915 -0.128436 0.0306516
internal_weight=343717 139454 131391 18183 6242 2505 2252 204263 113208 98694 1423 2032 11941 8063 1802 1122 6593 855 5738 4617 426 90429 1057 22779 105569 4369 3281 1088 847 680 1470 7324 922 461 53440 47137 8849 97271 572 2621 660 32899 1862 6891 461 953 1502 4191 1791 1023 1958 576 36989 18759 521 6948 2480 1382 1369 1076 18238 694 13930 13146 4617 408 8529 3737 1892 74548 17133 517 2169 754 57415 10968 1556 46447 3006
internal_count=343717 139454 131391 18183 6242 2505 2252 204263 113208 98694 1423 2032 11941 8063 1802 1122 6593 855 5738 4617 426 90429 1057 22779 105569 4369 3281 1088 847 680 1470 7324 922 461 53440 47137 8849 97271 572 2621 660 32899 1862 6891 461 953 1502 4191 1791 1023 1958 576 36989 18759 521 6948 2480 1382 1369 1076 18238 694 13930 13146 4617 408 8529 3737 1892 74548 17133 517 2169 754 57415 10968 1556 46447 3006
is_linear=0
shrinkage=0.06


Tree=17
num_leaves=80
num_cat=0
split_feature=95 95 205 97 97 190 36 57 207 96 97 204 194 80 80 36 112 204 85 12 85 87 198 85 96 80 28 196 199 113 80 209 91 85 83 114 193 49 198 58 86 90 208 132 194 151 6 35 94 193 94 207 37 194 56 79 98 18 96 86 56 55 96 96 84 59 77 104 203 145 50 207 95 194 205 114 46 132 193
split_gain=2.30533e+06 694770 636454 2.42697e+06 5.93405e+06 1.92946e+06 1.1044e+06 493572 231019 228428 257028 547361 171416 144554 142607 113126 231284 673998 100480 89937.5 79709.1 323036 67860.2 67022.2 65074.4 64080.7 63280.8 61044.6 77342.5 119815 53553.7 49204.2 159869 67859.2 53266.7 45253.6 51694.6 45122.7 42834.4 41531.8 41438.9 40767 40052.9 37138.6 37136.3 34967.2 58929.3 97018.3 42711.6 143256 33972.9 33594.6 33289 32805.6 33109.5 54618.3 32488 32343.2 35182.5 31732.7 37485.6 39876.7 30242.5 27221.5 36220.4 35693.1 25206.2 24652.7 24581.1 23749.6 23651.3 23559.4 22824.5 22422.6 56592.1 38124.3 41874.7 32946.5 22408.5
threshold=13.968404769897463 39.422855377197273 0.37940952181816107 36.21507644653321 63.294715881347663 1.232256352901459 382.81842041015631 5.7406790256500253 -0.94975915551185597 9.1582765579223651 40.950769424438484 10.500000000000002 50.500000000000007 42.562500000000007 13.704999923706056 240.78892517089847 -1497.2999877929685 10.500000000000002 13.301500320434572 59.027500152587898 inf 11.006499767303469 8.6500000953674334 19.002499580383304 19.245353698730472 19.227499961853031 155.109001159668 24.500000000000004 322.50000000000006 67.743770599365249 7.4275000095367441 4.5000000000000009 8.5774998664855975 7.3015000820159921 16.951499938964847 -346.45733642578119 19.050000190734867 36.107500076293952 3.2500000000000004 10.85100030899048 28.105999946594242 11.229000091552736 -0.10837475582957266 -47.583591461181634 70.500000000000014 1.3350000381469729 184.05500030517581 352.02659606933599 11.477128505706789 26.050000190734867 25.663520812988285 0.97112539410591137 67.026897430419936 72.500000000000014 81.942749023437514 0.85227510333061229 6.7764999866485605 -47.990499496459954 27.858308792114261 9.1354999542236346 39.534437179565437 39.886434555053718 50.332506179809577 5.1829547882080087 0.40500000119209295 0.34720082581043249 18.15897369384766 5.006521701812745 0.19936034083366397 6.8500001430511483 54.055000305175788 0.95752912759780895 34.328315734863288 58.500000000000007 0.37940952181816107 -193.49452972412107 22.451499938964847 -45.446657180786126 33.250000000000007
decision_type=10 10 2 2 2 8 8 8 2 10 2 2 8 2 2 8 10 2 8 10 8 8 10 8 8 2 8 8 10 8 2 2 8 10 8 8 10 8 10 10 10 8 2 8 10 10 10 8 10 10 10 2 10 8 8 10 2 10 8 8 10 10 8 10 8 10 10 10 10 10 8 2 10 8 2 10 8 8 10
left_child=9 2 14 12 5 -5 7 -7 -9 30 56 -12 22 15 42 16 17 -3 39 -20 24 -22 35 -16 45 51 -27 28 38 -30 63 32 -26 -34 -33 -4 -37 -19 -15 41 -25 52 -2 68 78 46 48 -48 49 -14 -38 -6 -10 54 69 -56 73 -23 -59 -35 61 -61 -40 -1 65 -65 -52 -18 -29 -17 -49 -47 -42 74 -11 -76 -77 -75 -44
right_child=1 13 3 4 25 6 -8 8 18 10 11 -13 20 27 23 53 67 37 19 -21 21 57 -24 40 31 26 -28 43 29 -31 -32 34 33 59 -36 36 50 -39 62 -41 72 -43 44 -45 -46 71 47 70 -50 -51 66 -53 -54 -55 55 -57 -58 58 -60 60 -62 -63 -64 64 -66 -67 -68 -69 -70 -71 -72 -73 -74 77 75 76 -78 -79 -80
leaf_value=-0.26184893120981284 -0.17036725621810769 3.9494483747785742 0.2681895777521901 -0.59711228316639831 -0.29579021181796195 1.6221656500466979 0.44391135481505617 3.1114178039716638 4.2298402804565427 -0.070329781478057962 2.6506904109959137 -0.25926935290629716 -0.086967976031912184 1.5225454267549376 0.021630114693352909 0.54145609724958799 0.068364468343070639 0.75283468251297281 6.7575564281757066 4.9093130777910421 2.084974217863496 0.65636266098588614 0.16596838510352208 0.11682340539362433 1.4558697736168964 1.2914563742169898 -0.04497850007756591 1.0052571333663005 0.80538029650162002 2.8136714900162683 -0.12733751619357658 -0.1164540431772824 1.0376502560856737 0.77914300763438382 0.16293363673215011 1.5179580401978952 0.46246279635276333 -0.50340942026314572 0.54699388559561524 4.1137144136714365 0.23401797463204968 5.519618763285024 0.018507523923623644 0.17929998274339307 -0.15531103406851884 -0.12143454709674671 1.4039013678698729 -0.33501376178579512 -0.00057071376281555663 1.7529973847793237 1.4168483692410612 0.4984958464257857 5.1517527964920502 -0.066830525237831701 0.13527158223700114 1.4479442194720109 0.039396785190373304 -0.081180320295642483 0.74248630609831145 0.2473216643780618 0.01745323605391387 1.1243369765299382 0.94840219155570327 0.92018334831957682 -0.19561117177950665 -0.16588030389461078 0.72224212284030243 0.65550151134491896 0.47982528448885398 0.030648840778537006 0.50049127374800428 0.12441031138758013 0.5235860861299626 -0.16835350281233044 0.04829938207168484 1.2762107575369435 0.32106705289116749 -0.074884396897636457 0.53747527264715989
leaf_weight=35534 9494 274 1359 373 3205 201 276 275 374 16882 387 581 490 345 25082 486 782 200 207 210 363 358 2413 23953 394 202 343 660 231 200 28693 3405 342 295 8814 245 1937 210 1012 333 5560 335 14164 605 5366 7889 311 264 7947 220 247 203 298 1171 232 224 7874 1417 214 2476 3619 201 2066 208 39402 227 806 383 629 1002 225 1706 1190 20391 1429 214 719 40628 305
leaf_count=35534 9494 274 1359 373 3205 201 276 275 374 16882 387 581 490 345 25082 486 782 200 207 210 363 358 2413 23953 394 202 343 660 231 200 28693 3405 342 295 8814 245 1937 210 1012 333 5560 335 14164 605 5366 7889 311 264 7947 220 247 203 298 1171 232 224 7874 1417 214 2476 3619 201 2066 208 39402 227 806 383 629 1002 225 1706 1190 20391 1429 214 719 40628 305
internal_value=0.000465399 0.17642 0.14076 0.300258 1.35792 3.4279 4.02628 4.46867 4.7493 -0.136731 -0.0662186 0.905648 0.149491 0.64211 0.0380818 0.404804 0.776454 1.65138 5.00374 5.84076 0.102562 0.4416 0.423699 0.0943947 0.0818911 -0.151724 0.451819 0.846942 0.984085 1.74166 -0.197106 0.158804 0.281731 0.214804 0.0850751 0.559007 0.681056 0.109733 0.888216 4.7391 0.153835 4.94162 -0.0690271 0.567504 -0.0205146 0.00297982 0.0848514 0.577215 0.0392903 0.484826 0.611996 -0.248346 4.64571 0.184021 0.335083 0.781851 -0.0769027 0.140781 0.0272799 0.171957 0.143388 0.313567 0.816646 -0.223664 -0.189597 0.354352 0.886364 0.261786 0.74943 0.197737 0.0496579 -0.0777147 0.285138 -0.0883123 -0.0318398 0.243175 0.541278 -0.106122 0.0294835
internal_weight=343787 150618 139906 54792 6835 2882 2509 2233 2032 193169 89105 968 47957 10712 85114 4964 1849 684 1757 417 40950 2352 7007 55785 38598 3953 545 5748 3854 431 104064 19546 7327 6933 12219 4594 3235 410 3423 1340 30703 1007 29329 1894 19835 19052 9457 800 8657 710 2990 3408 672 3115 1944 456 88137 1989 1631 6591 6296 2677 3078 75371 39837 435 1053 1165 1289 1488 489 9595 6750 80263 19244 2362 933 61019 14469
internal_count=343787 150618 139906 54792 6835 2882 2509 2233 2032 193169 89105 968 47957 10712 85114 4964 1849 684 1757 417 40950 2352 7007 55785 38598 3953 545 5748 3854 431 104064 19546 7327 6933 12219 4594 3235 410 3423 1340 30703 1007 29329 1894 19835 19052 9457 800 8657 710 2990 3408 672 3115 1944 456 88137 1989 1631 6591 6296 2677 3078 75371 39837 435 1053 1165 1289 1488 489 9595 6750 80263 19244 2362 933 61019 14469
is_linear=0
shrinkage=0.06


Tree=18
num_leaves=80
num_cat=0
split_feature=96 97 205 97 114 94 94 97 109 35 94 97 96 94 35 194 198 96 199 56 96 97 96 157 205 91 107 36 129 88 34 85 95 105 27 40 36 96 208 12 36 201 208 94 76 50 201 203 206 208 132 99 102 95 205 90 85 34 194 86 194 76 59 201 208 208 194 76 125 194 194 147 192 76 139 10 68 206 181
split_gain=2.01753e+06 653168 2.54252e+06 5.84486e+06 981297 724597 580920 492615 522102 696772 232804 157085 150695 146636 245154 90151.5 115045 81816.4 73898.5 114257 57251.4 58194.8 55698.2 50184.8 49391.7 153200 271819 528546 56584.1 67577.8 147695 51478.7 51552.4 49163.5 46114.2 45640.6 78098.7 45485.7 41216.6 40607.3 38802.4 38532.7 37560.9 36653 36065.8 31658.9 30810.7 30717.6 30004.1 29144.8 27935.1 27875.5 53576.8 27541.4 28014.2 59784.1 134045 294795 151016 61459 35135.2 36419.3 74798.4 26717.7 48998.9 50385.3 34349.7 26815.2 25369.8 25003.5 24808.8 24798.8 52722.2 24707.5 23843.6 23733.8 24929.8 23478.6 23021.1
threshold=13.335365295410158 36.21507644653321 0.93301269412040722 48.168771743774421 339.35041809082037 42.197711944580085 32.556417465209968 63.294715881347663 1283.3499755859377 177.25870513916018 21.524050712585453 40.950769424438484 7.4810249805450448 42.197711944580085 121.29818725585939 34.500000000000007 7.2500000000000009 24.248289108276371 106.50000000000001 33.46827697753907 17.880798339843754 19.085178375244144 54.606544494628913 120.14000320434572 0.93301269412040722 8.8775000572204608 0.40949891507625585 243.45011138916018 110.31250000000001 11.903499603271486 185.72048187255862 6.1340000629425058 25.79141998291016 -6.9777579307556143 250.04000091552737 46.428998947143562 274.14323425292974 15.479041099548342 -0.10837475582957266 202.58350372314456 62.566499710083015 77.500000000000014 -0.39036008715629572 11.164750099182131 26.062777519226078 98.237499237060561 97.500000000000014 0.64942333102226268 -0.68301269412040699 0.81304046511650097 -49.011329650878899 0.87895214557647716 75.679168701171889 7.4753007888793954 1.0000000180025095e-35 8.1050000190734881 6.7260000705719003 107.00172805786134 92.500000000000014 62.496000289916999 78.500000000000014 58.621971130371101 0.43428461253643041 67.500000000000014 -0.23537842929363248 -0.42179730534553522 24.500000000000004 61.074563980102546 0.70703327655792247 36.500000000000007 85.500000000000014 0.93663650751113903 0.068936649709939971 23.456978797912601 17.847499847412113 26.748499870300297 3.3200000524520878 0.91597560048103344 67.000000000000014
decision_type=8 2 2 2 8 10 10 2 8 8 8 2 10 10 8 8 10 8 10 10 10 2 8 10 2 8 10 8 8 8 8 8 10 10 8 10 10 10 2 10 10 10 2 10 10 10 8 10 2 2 8 2 8 10 2 10 10 8 10 8 10 10 10 8 2 2 10 8 8 10 10 10 10 10 10 10 10 2 2
left_child=12 5 15 4 -4 10 11 8 -5 -10 20 -6 -1 -9 -15 16 -3 46 19 -13 53 23 42 24 51 26 27 -26 -27 30 -30 -31 33 75 -32 47 -37 -20 -17 73 -40 -35 -7 -14 -39 50 74 -16 -42 -47 77 -22 -53 -2 -55 56 57 -56 -59 71 -57 -62 -63 64 65 -19 -66 -65 -50 -68 -23 -58 -73 -24 -12 76 -33 -44 -52
right_child=1 2 3 7 6 22 -8 13 9 -11 17 18 43 14 35 38 -18 63 37 -21 21 70 39 -25 25 28 -28 -29 29 31 34 32 -34 41 -36 36 -38 44 40 -41 48 -43 45 -45 -46 49 -48 -49 68 -51 78 52 -54 54 55 60 59 58 -60 -61 61 62 -64 67 66 -67 69 -69 -70 -71 -72 72 -74 -75 -76 -77 -78 -79 -80
leaf_value=-0.20543027154045967 -0.31291980912235806 1.7585516288520047 -0.15557019611733539 -0.80020212728880979 2.8419230822459705 -0.15264304602445472 1.1170641749595926 -0.19664423336007117 5.4043210757357398 0.98828596767135291 0.1797573197579018 2.8435282763312841 -0.11977405986979917 2.2110001660062104 -0.33741529521484348 -0.26859135404467493 0.14955353585251591 0.41830076904798097 5.7196895448926464 4.6269543557965811 0.048356999548684679 -0.16885354741307701 0.24680651748358309 -0.1059470966161771 3.9771949336118997 0.034673585452833576 -0.067929662250756445 -0.082237632601205993 1.9550689419257243 0.9950100733891879 0.94435491506542479 0.84490193814066761 0.91891422930792277 1.2661603252250042 -0.20511585164713586 1.518217214568726 0.011902178800485741 4.1440314796696534 0.76339817887257544 1.748542446196079 0.19794935811507472 0.16928849372008206 0.621212290919403 -0.047093671759872502 4.9596257970024462 0.6417150943807951 0.056200648925476986 0.50767654660188755 0.45464431069556033 1.6431653243143385 0.62626687683541438 1.2600190056259952 0.11341445075559917 -0.051110190662763462 2.8259679709879966 0.053687104030877446 -0.025736677475900614 -0.055531079197250789 1.7947768657154111 1.0840554027916753 -0.12996065429168471 -0.23993477367256816 1.2447883776944373 0.25840792044118832 -0.34899051258980535 1.5904102308064891 0.9855455754453486 0.0047733417581567392 -0.12348664185369675 0.33192503258002881 -0.79945531518488633 1.1723334344790259 -0.082342430001852526 0.94577219387509814 0.70282011428310831 -0.11980821406687302 0.054278632597657056 1.2172830516958999 0.062155138955629886
leaf_weight=71886 1090 208 213 222 211 228 213 3414 205 344 8444 203 68524 253 581 3600 683 307 212 393 17949 855 200 3873 235 5965 461 226 270 277 202 202 285 203 329 205 311 344 217 215 1478 266 1612 39311 673 218 14210 210 284 204 484 200 544 27713 207 12199 4308 756 200 203 8726 284 213 14055 258 232 219 1680 6647 5154 304 200 301 2129 325 2070 491 280 563
leaf_count=71886 1090 208 213 222 211 228 213 3414 205 344 8444 203 68524 253 581 3600 683 307 212 393 17949 855 200 3873 235 5965 461 226 270 277 202 202 285 203 329 205 311 344 217 215 1478 266 1612 39311 673 218 14210 210 284 204 484 200 544 27713 207 12199 4308 756 200 203 8726 284 213 14055 258 232 219 1680 6647 5154 304 200 301 2129 325 2070 491 280 563
internal_value=0.000710261 0.152918 0.462633 1.29084 3.73614 0.106609 4.10463 0.242441 1.6526 2.64409 0.0779386 4.41648 -0.138139 0.0235707 0.50532 -0.0556139 0.526717 0.189884 4.59686 4.02529 0.023088 0.0831219 0.744552 0.0973576 0.123455 0.221396 0.962694 1.99123 0.156587 0.314808 0.815261 0.208963 0.146789 0.0784393 0.233112 0.173708 0.61212 4.87055 -0.0980923 0.959445 -0.0269129 0.645738 0.592004 -0.0932793 4.68809 0.642549 0.110785 -0.112697 -0.0473958 1.12857 0.572404 0.0632868 0.422919 -0.0143882 -0.00849947 0.0342907 0.198759 0.778792 0.333034 0.0640374 -0.0131252 -0.101492 0.397597 0.272853 0.378692 0.924819 0.326262 0.23133 -0.0997354 0.358745 -0.334804 0.0207635 0.419864 0.885881 0.199221 -0.0180545 0.28562 0.710022 0.323278
internal_weight=343669 163948 21324 8207 2462 142624 2249 5745 771 549 136491 2036 179721 4974 1560 13117 891 44884 1825 596 91607 35207 6133 34048 30175 11482 922 461 10560 4595 801 3794 3517 3232 531 1307 516 1229 12226 2544 8626 469 3589 107835 1017 3361 22979 791 8409 422 2939 18693 744 56400 55310 27597 6175 1163 956 5012 21422 9223 497 21905 6170 539 5631 15735 6931 5373 1159 4809 501 2329 8769 2763 693 1892 1047
internal_count=343669 163948 21324 8207 2462 142624 2249 5745 771 549 136491 2036 179721 4974 1560 13117 891 44884 1825 596 91607 35207 6133 34048 30175 11482 922 461 10560 4595 801 3794 3517 3232 531 1307 516 1229 12226 2544 8626 469 3589 107835 1017 3361 22979 791 8409 422 2939 18693 744 56400 55310 27597 6175 1163 956 5012 21422 9223 497 21905 6170 539 5631 15735 6931 5373 1159 4809 501 2329 8769 2763 693 1892 1047
is_linear=0
shrinkage=0.06


Tree=19
num_leaves=80
num_cat=0
split_feature=96 97 97 206 194 95 93 97 207 97 194 56 94 201 96 36 94 83 96 94 36 52 75 45 96 9 96 97 163 201 132 90 201 99 191 138 208 95 201 96 80 96 55 35 206 55 208 200 90 194 93 80 92 36 15 7 34 95 90 194 94 125 33 78 164 194 207 36 80 198 123 196 97 194 60 208 194 194 198
split_gain=1.8089e+06 635115 2.1964e+06 4.81268e+06 1.32503e+06 645509 622703 305482 266269 372277 545865 208253 169007 132879 123748 122687 102744 100205 91905.2 63119.6 97562.7 230809 45183.6 44141.6 57893.7 42614 41852 49638.8 42918.5 42467 64877.3 87785 41528.8 39926.7 38739.1 38541.8 35146.9 37517.3 50961.9 34500.6 33268.2 33225.6 32160 44344.7 33480.4 33027.7 31778.3 30566.3 79846.4 206149 30062.7 29434.8 26561.7 46756.4 25247.7 35635.4 25100.8 24447.3 25786.5 88847.9 230486 276815 552211 37360.2 24242.4 23512.3 23329.1 79575.9 23307.2 22294.9 21865.6 21457.8 25433.6 28714.1 20564.7 20450.4 20427.2 20384.9 20216.3
threshold=13.160812854766847 36.21507644653321 48.168771743774421 1.0000000180025095e-35 63.500000000000007 34.328315734863288 30.080249786376957 40.950769424438484 0.9260200858116151 75.481174468994155 60.500000000000007 64.463066101074233 21.524050712585453 42.500000000000007 7.5551335811614999 163.96820068359378 44.443561553955085 6.9509999752044687 15.070066452026369 47.403690338134773 238.086296081543 50.01250076293946 33.17570877075196 139.16249847412112 26.622037887573246 211.09999847412112 17.880798339843754 19.085178375244144 256.36999511718756 42.500000000000007 -69.115142822265611 12.002500057220461 97.500000000000014 0.23214163631200793 11.384292125701906 32.577083587646491 0.30778898298740393 28.946006774902347 37.500000000000007 54.606544494628913 11.841500282287599 54.606544494628913 102.43346023559572 293.90606689453131 1.0000000180025095e-35 35.640367507934577 -0.37446588277816767 19.150000572204593 11.701499938964846 74.500000000000014 16.27449989318848 12.102499961853029 11.480000019073488 100.99428176879884 84.489536285400405 51.987499237060554 inf 7.4753007888793954 8.9014997482299822 86.500000000000014 10.642074108123781 1.6488065719604494 221.75691986083987 -49.945999145507805 7.5000000000000009 78.500000000000014 -0.87395131587982167 272.34017944335943 6.305000066757203 7.6499998569488534 -9.9543523788452131 23.500000000000004 6.5222134590148935 24.500000000000004 4.6284999847412118 -0.45273527503013605 67.500000000000014 74.500000000000014 8.6500000953674334
decision_type=8 2 2 2 10 10 8 2 2 2 10 10 8 10 10 10 8 8 10 10 10 8 10 8 10 10 10 2 10 8 10 8 8 2 8 10 2 10 10 10 2 10 10 8 2 10 2 10 8 10 10 2 10 8 8 8 8 10 10 10 10 8 8 10 2 10 2 10 2 10 10 10 2 10 10 2 10 10 10
left_child=14 5 3 76 -5 12 7 -6 17 10 -10 18 26 15 68 -11 42 -4 -9 23 21 -21 64 52 -25 39 57 28 29 30 31 -28 34 -34 -14 -27 37 71 -39 46 -16 51 43 45 -44 -7 -18 -31 49 -49 -47 78 -19 -54 55 -33 -35 -2 59 -59 61 -61 -63 -62 -20 75 67 -67 -1 -50 -41 72 -36 -74 -65 -60 -3 -29 -15
right_child=1 2 8 4 6 16 -8 11 9 13 -12 -13 32 41 40 -17 25 19 22 20 -22 -23 -24 24 -26 35 27 77 -30 47 -32 54 33 56 36 -37 -38 38 -40 70 -42 -43 44 -45 -46 50 -48 48 69 -51 -52 -53 53 -55 -56 -57 -58 58 65 60 63 62 -64 74 -66 66 -68 -69 -70 -71 -72 -73 73 -75 -76 -77 -78 -79 -80
leaf_value=-0.21381391734473529 -0.28515390141905889 0.086353118848650268 -0.27886013231521056 -0.094246734346860372 2.1857226735266773 0.2234488201056489 0.60291534875392361 5.8056340531741872 0.60336240758032067 2.1915277494410188 4.3885837175990163 2.6678330210593231 0.053213725037371304 0.27038996028834994 -0.11264928436102038 0.11259227620683064 -0.16807228033864929 -0.15584356348391235 4.3803287052154545 -0.039581729743166726 0.048325673342214083 2.2835204527125086 4.7468178946041704 1.1719855214296122 -0.061985812754180261 0.77887970103329396 1.5415129793093425 -0.094057554407936922 -0.045467212986349405 0.048593997787128709 0.0659971568502358 0.27832947663895108 0.19674869533579922 0.06244043986408359 0.17084967172467339 1.8898925599054648 0.20819787745835755 1.4955948547794338 0.46549575329772142 0.29281270208752758 -0.036808040825543058 -0.50308341908505116 1.2356024129442065 0.07908110645506683 0.33464669191448693 1.2858477227561749 0.58764861124904999 0.105415359685471 0.68655810031753317 2.1227629893228634 0.52250783487237129 0.50905660690753418 0.89820741277141103 0.011900293467991116 0.13519434199080152 1.2504968131380154 -0.34322104932359998 -0.010424707365508398 -0.1135719300876966 -0.40070055787225028 0.73846618358287131 4.1377341991465943 -0.083052481123819369 0.45543072002669494 3.6214691044431215 -0.065453175204359101 -0.14615327865224242 0.95331813015305578 -0.13728387845597873 0.085996116446288656 0.9048081459385614 0.11022742332047901 -0.10174892688918614 0.63764564623526276 -0.13483935475587905 0.016937558358488862 -0.21075003794558886 -0.62645459739398213 -0.47684060438138659
leaf_weight=53794 1180 1385 4494 367 274 1419 204 203 393 204 210 240 3197 222 75176 204 220 3744 399 345 1045 277 750 252 298 250 291 563 7466 16945 1690 329 11582 13179 937 207 7634 252 551 235 28800 444 295 1832 300 207 2194 571 233 267 1790 408 237 2150 671 231 572 11795 5184 221 246 241 207 247 326 2335 9632 312 19537 4555 2090 1066 213 1665 1483 25979 2088 479 313
leaf_count=53794 1180 1385 4494 367 274 1419 204 203 393 204 210 240 3197 222 75176 204 220 3744 399 345 1045 277 750 252 298 250 291 563 7466 16945 1690 329 11582 13179 937 207 7634 252 551 235 28800 444 295 1832 300 207 2194 571 233 267 1790 408 237 2150 671 231 572 11795 5184 221 246 241 207 247 326 2335 9632 312 19537 4555 2090 1066 213 1665 1483 25979 2088 479 313
internal_value=-0.000329582 0.141556 0.446096 1.39457 3.26284 0.0965219 3.77688 4.07186 0.0579275 0.638167 1.92668 4.34003 0.0602416 0.20448 -0.13374 1.15488 0.537535 -0.0504624 4.57746 0.0725102 0.402681 0.996988 4.40462 -0.00991988 0.504498 0.731653 0.0157014 0.0684245 0.0812078 0.117889 0.321985 0.605999 0.16203 0.114677 0.239335 1.28515 0.287632 0.417023 0.790223 0.678017 -0.0916428 -0.0757197 0.364817 0.317303 0.782663 0.445 0.518735 0.0888324 0.209997 0.749938 0.602236 0.125819 -0.0561421 0.100239 0.383778 0.680863 0.0455424 -0.0149099 -0.00939584 0.0600636 0.374281 1.33597 2.19166 0.0481772 4.04456 -0.0324848 -0.102802 0.0549433 -0.193427 0.115359 0.843103 0.339622 0.426421 0.553775 -0.0503494 -0.00477579 -0.0922773 -0.339163 -0.166849
internal_weight=344023 166716 21476 6236 2763 145240 2396 2192 15240 2398 603 1918 134201 1795 177307 408 11039 12842 1678 8348 1667 622 1475 6681 550 5196 93353 34291 33249 25783 3212 1522 40848 25333 15515 457 12318 4684 803 4739 103976 1387 5843 5248 595 3416 2414 22571 5626 838 1997 943 6131 2387 1231 560 13751 59062 57882 14440 2645 669 448 1976 725 43442 12279 2647 73331 4788 2325 3881 2815 1878 1730 31163 3473 1042 535
internal_count=344023 166716 21476 6236 2763 145240 2396 2192 15240 2398 603 1918 134201 1795 177307 408 11039 12842 1678 8348 1667 622 1475 6681 550 5196 93353 34291 33249 25783 3212 1522 40848 25333 15515 457 12318 4684 803 4739 103976 1387 5843 5248 595 3416 2414 22571 5626 838 1997 943 6131 2387 1231 560 13751 59062 57882 14440 2645 669 448 1976 725 43442 12279 2647 73331 4788 2325 3881 2815 1878 1730 31163 3473 1042 535
is_linear=0
shrinkage=0.06


Tree=20
num_leaves=80
num_cat=0
split_feature=96 97 97 206 194 94 93 209 20 207 201 36 96 207 96 16 84 96 79 194 193 82 95 84 82 209 197 132 93 206 80 85 193 94 97 96 90 79 89 12 97 157 36 99 194 56 95 132 90 98 105 146 194 157 181 160 201 94 89 87 194 19 97 32 194 59 97 85 28 99 193 194 56 97 207 56 197 52 98
split_gain=1.57099e+06 498980 1.88574e+06 4.02534e+06 1.10375e+06 581361 576308 319067 296617 243230 356218 409901 150403 134794 115012 91316.4 86362.6 71284 66406.2 268268 63136.2 206924 57603.7 52660.4 49424.6 47604.4 52587.3 44558.2 44345.2 41443.3 40641.8 38387.8 71946.2 37004.4 36794.3 32115.4 29656.1 29626.4 36764.3 28599 28171.8 27891.9 28246.5 33221.1 45180.7 44788.5 54679.4 42007.4 40091.5 36836.2 29027.8 27144.7 26960 27227.7 25787.3 25193.8 26506.7 25413.3 29150.1 36739.4 131972 24561.9 31161.4 24544 24508.7 24072.3 27210.1 23614.1 50406.3 23249.3 22808.1 22755.5 22577.7 22210.5 21133.5 26236.2 24519.7 20579.8 20559.6
threshold=13.160812854766847 36.21507644653321 48.168771743774421 1.0000000180025095e-35 63.500000000000007 36.957334518432624 32.12158393859864 9.5000000000000018 207.53900146484378 0.9260200858116151 42.500000000000007 158.89533996582034 19.245353698730472 0.94425827264785778 6.7697556018829355 41.41076850891114 15.652499675750734 43.21882629394532 0.96238461136817943 90.500000000000014 5.0499999523162851 6.4524998664855966 14.363492965698244 5.1015000343322763 18.612500190734867 10.500000000000002 990.95001220703136 -62.124561309814446 15.775833129882814 -0.25000000000000006 10.402499675750734 27.202500343322757 10.449999809265138 6.6742992401123056 97.217563629150405 29.372396469116214 13.107500076293947 1.1962379217147829 12.204999923706056 113.00999832153322 27.395751953125004 126.97999954223634 88.989036560058608 0.36896030604839331 24.500000000000004 28.041413307189945 18.079735755920414 -78.691993713378892 9.8274998664855975 4.7775001525878915 4.8121988773345956 11.650000095367433 45.500000000000007 2.2899999618530278 103.00000000000001 21.500000000000004 112.50000000000001 5.5691609382629403 10.079999923706056 7.1015000343322763 87.500000000000014 0.8229295313358308 54.202339172363288 123.51649856567384 25.500000000000004 0.34720082581043249 75.481174468994155 7.2360000610351571 196.12500000000003 1.2259705662727358 18.050000190734867 89.500000000000014 57.881231307983406 88.929145812988295 0.89787620306015026 100.81482315063478 980.35000610351574 20.253999710083011 15.507500171661379
decision_type=8 2 2 2 10 10 8 2 8 2 8 10 10 2 10 10 8 8 8 10 8 10 10 10 10 2 8 8 10 2 2 8 8 8 2 10 8 10 10 8 2 10 10 2 10 8 8 10 8 2 10 10 10 10 2 8 8 8 10 8 8 10 2 10 10 10 2 8 8 2 10 10 10 2 2 10 8 10 2
left_child=14 5 3 64 -5 12 7 22 -9 16 11 -11 31 -12 78 -15 34 54 36 63 21 -16 -6 -24 33 29 -27 70 -25 -19 -22 55 -33 -14 37 67 39 61 -39 -18 41 42 -35 -44 -45 46 -46 48 -47 52 -48 -38 -50 -54 -7 56 57 -2 59 60 -59 62 -4 -20 -3 -17 -67 68 -26 -32 -28 -31 -64 -53 75 -37 -76 -55 -1
right_child=1 2 9 4 6 17 -8 8 -10 10 13 -13 24 15 20 65 18 25 19 -21 30 -23 23 28 35 26 27 -29 -30 71 69 32 -34 40 -36 74 51 38 -40 -41 -42 -43 43 44 45 47 50 -49 49 -51 -52 73 53 77 -56 -57 -58 58 -60 -61 -62 -63 72 -65 -66 66 -68 -69 -70 -71 -72 -73 -74 -75 76 -77 -78 -79 -80
leaf_value=-0.19547120071908344 -0.38035826792174132 0.42065832034633138 0.57954938773128828 -0.076995794890829208 5.0645788560409892 0.48164998604449227 0.41025912484873339 3.8524127332585443 0.62095753289320887 3.7913062282219347 1.5544889922506069 0.36219965060530551 -0.38266232966958952 1.2084720364081507 2.0792145554565669 -0.4560392296778899 -0.55108976520967612 0.062831718417831126 0.60978716138967848 2.4245830320347905 -0.12046147927417437 -0.36332205920869654 3.0417072735437705 3.9502180979922072 1.2230042003685946 1.7349258984637916 0.86237245251035144 1.430203260085767 4.8903620332601117 0.73149258164844544 -0.050065545157058189 1.0047458905410021 0.088392335819725582 -0.10694400423086742 -0.27435192991023322 0.19090292790111743 -0.10031651178703588 1.0179869600115479 -0.11508507532619155 0.039626876259740637 -0.2373413303791328 -0.072412639467653042 0.066571022218535128 -0.043931997018822146 1.4590393838855586 0.98377343483207624 0.1009658915867931 0.066908094374871635 0.63529190866800922 0.84047904286735731 0.77101083072447363 0.82871161920833802 0.62792677278174969 0.45083556004657466 0.1561068933060151 -0.099018491704838896 -0.028341522070720691 0.060213939744425911 0.020169366049484449 0.11865128898236287 1.7560548015265591 -0.69781909771669992 -0.21729682949001103 -0.053575144994761195 -0.12684633955495786 0.6257652457312427 -0.14868768914928807 0.14385844063289935 0.031791245478908631 0.53261389906776813 0.0013057412220431226 0.10934139346213717 0.13153490434555037 0.18902694821001767 0.9917767201062847 0.78911218603065914 0.38022664411011814 -0.1517483099142635 0.41252790540234363
leaf_weight=59432 469 324 265 361 220 2655 201 206 203 242 236 260 641 203 200 557 523 426 273 221 75008 329 200 1084 226 310 219 251 244 3207 41511 319 8558 1836 4923 3950 713 206 205 675 974 3219 10174 1752 232 362 474 2859 404 386 457 288 273 254 1309 10031 34793 568 15000 5509 232 219 1957 751 3121 219 633 28908 293 247 223 227 1013 606 281 282 1470 1020 200
leaf_count=59432 469 324 265 361 220 2655 201 206 203 242 236 260 641 203 200 557 523 426 273 221 75008 329 200 1084 226 310 219 251 244 3207 41511 319 8558 1836 4923 3950 713 206 205 675 974 3219 10174 1752 232 362 474 2859 404 386 457 288 273 254 1309 10031 34793 568 15000 5509 232 219 1957 751 3121 219 633 28908 293 247 223 227 1013 606 281 282 1470 1020 200
internal_value=-0.00111251 0.13124 0.402034 1.28704 3.01247 0.0913707 3.48528 3.7715 2.25396 0.042796 0.603868 2.01953 0.0607877 0.218428 -0.125579 0.0219831 -0.0599475 0.563224 0.169262 0.533748 -0.091085 0.562313 4.12509 3.9866 0.131078 0.717182 1.08565 0.793121 4.12651 0.621183 -0.0940499 0.00423402 0.121431 0.0670586 -0.165587 0.176847 0.0073513 -0.0270137 0.453922 -0.218501 0.0787559 0.0917549 0.117557 0.139666 0.227417 0.298147 0.636631 0.227218 0.396944 0.305662 0.430345 0.175753 0.199474 0.085323 0.374215 -0.0113882 0.00415167 0.0560624 0.0656852 0.173881 0.553586 -0.0843563 -0.0426238 0.123701 -0.0752468 -0.149695 0.0508797 0.151073 0.551863 -0.0466063 0.428926 0.69041 -0.098314 0.395796 0.303571 0.230942 0.478878 -0.0313506 -0.193425
internal_weight=343312 166385 21352 6164 2719 145033 2358 2157 409 15188 2350 502 136206 1848 176927 1612 12838 8827 4050 1245 117295 529 1748 1528 60727 4863 1003 693 1328 3860 116766 75479 8877 25317 8788 35410 2805 3865 411 1198 24676 23702 20483 18647 8473 6721 1163 5558 2699 2337 931 1607 1951 1547 3964 66602 56571 21778 21309 6309 800 3454 3235 1024 3445 1409 852 29427 519 41758 442 3434 2970 894 5983 4232 1751 1274 59632
internal_count=343312 166385 21352 6164 2719 145033 2358 2157 409 15188 2350 502 136206 1848 176927 1612 12838 8827 4050 1245 117295 529 1748 1528 60727 4863 1003 693 1328 3860 116766 75479 8877 25317 8788 35410 2805 3865 411 1198 24676 23702 20483 18647 8473 6721 1163 5558 2699 2337 931 1607 1951 1547 3964 66602 56571 21778 21309 6309 800 3454 3235 1024 3445 1409 852 29427 519 41758 442 3434 2970 894 5983 4232 1751 1274 59632
is_linear=0
shrinkage=0.06


Tree=21
num_leaves=80
num_cat=0
split_feature=94 96 97 97 205 118 93 207 201 46 96 97 96 84 74 204 193 97 36 92 82 36 97 201 193 92 7 96 74 129 24 207 42 40 55 201 129 198 56 36 208 208 205 175 96 104 148 77 91 48 76 93 5 207 194 57 193 197 193 207 104 194 98 87 181 96 82 56 189 45 85 8 82 31 191 198 83 65 97
split_gain=1.43298e+06 419410 383041 1.62757e+06 3.70951e+06 1.11735e+06 523042 161761 190161 152396 150332 152895 139613 117270 108344 162666 71843 219751 69435.7 60564.1 56992.6 52127.4 44554.7 44225.1 42711.5 141316 43131.9 42589.7 42403.2 42213.2 42171.7 37320.5 50357.3 52342.5 41547 36649.9 47330.3 42079.5 39296.1 35905.3 35329.1 52612.9 31032.7 34916.3 42480.9 123321 238318 93869.3 149778 54680.4 36557.5 32147.2 95994.9 30880 28605.4 32374.9 30973.6 44882.6 28212.8 27594.9 26165.2 25409.9 27517.9 49878.8 25046.9 24671.2 24526.3 24034.7 23793.9 26060.1 23787.5 33351.1 23764.9 34213.6 23721.5 23676.5 23127.5 22454.3 20756
threshold=13.724246978759767 36.506265640258796 36.21507644653321 48.168771743774421 0.93301269412040722 8.8499999046325701 27.415249824523929 0.90531614422798168 37.500000000000007 13.302500247955324 10.118322849273683 40.950769424438484 20.742754936218265 51.96100044250489 37.941476821899421 10.500000000000002 8.9499998092651385 97.217563629150405 107.87080764770509 12.308000087738039 35.38750076293946 100.99428176879884 43.938581466674812 82.500000000000014 8.3499999046325701 6.9435000419616708 357.12500000000006 5.0695102214813241 81.156024932861342 103.81250000000001 191.01499938964847 -0.32614396512508387 30.801499366760257 85.812500000000014 59.620431900024421 112.50000000000001 105.77083206176759 4.8500001430511483 25.45160007476807 inf -0.37446588277816767 -0.23537842929363248 -0.37940952181816096 98.599998474121108 17.357866287231449 166.2250900268555 0.6755644977092744 45.948186874389656 10.308500289916994 37.652500152587898 34.237064361572273 6.1506667137146005 19.005000114440922 0.99168354272842418 78.500000000000014 28.567020416259769 28.150000572204593 987.64999389648449 14.949999809265138 -0.35041563212871546 53.986459732055671 23.500000000000004 6.5865001678466806 38.658500671386726 55.000000000000007 15.479041099548342 19.475999832153324 37.809919357299812 145.1675720214844 31.702500343322757 29.685999870300297 223.11000061035159 29.712500572204593 195.04000091552737 10.522502899169924 7.0499999523162851 6.486499786376954 16.651000022888187 88.929145812988295
decision_type=8 8 2 2 2 10 8 2 8 10 10 2 10 8 10 2 8 2 8 10 8 8 2 8 8 8 8 10 8 10 10 2 10 8 8 8 10 10 10 8 2 2 2 8 10 8 10 8 8 8 8 8 10 2 8 10 10 10 10 2 8 10 2 8 2 10 10 8 8 8 8 10 8 10 8 10 10 10 2
left_child=10 2 12 4 60 6 9 16 -9 -6 27 24 35 18 -10 -16 17 -5 -3 -18 54 -21 59 29 25 -12 65 -1 31 61 77 32 -15 -34 68 36 58 -38 -39 66 -22 -42 -26 44 50 -46 47 48 -47 -50 -44 52 -52 -31 55 78 57 -57 72 -11 -4 -14 -63 -64 -36 -27 -25 -68 -33 -70 -43 -72 -2 -74 -60 -56 -54 -24 -20
right_child=1 13 3 7 5 -7 -8 8 14 22 11 -13 23 28 15 -17 19 -19 20 21 40 -23 30 39 42 26 -28 -29 -30 53 -32 34 33 -35 64 -37 37 38 -40 -41 41 70 43 -45 45 46 -48 -49 49 -51 51 -53 76 -55 75 56 -58 -59 74 -61 -62 62 63 -65 -66 -67 67 -69 69 -71 71 -73 73 -75 -76 -77 -78 -79 -80
leaf_value=-0.2034665401554841 -0.090953187287248272 1.1471273455224777 0.60744083804216709 2.1082907780795033 2.2056743995274339 -0.66047136204772516 0.53564436351551736 2.124078995571006 -0.31684257563645229 3.1415274611059223 1.5184403305656429 1.6044288749530395 -0.33226275955730084 0.28528185978168391 2.0215638466459898 0.059361569726750517 -0.20725868632320846 -0.19138463076874318 0.22593559434597418 0.78930468721823255 -0.22672556915252309 0.016019752566832034 3.5420941531699421 0.039460661752534223 -0.10191367708120197 -0.26598098322111657 0.82389328843177256 -0.12558752761131226 0.10435186064961352 0.38828017944463999 4.9317955563318865 0.69018018773038037 2.0571765923367873 0.95441190095020911 0.67527595762485337 -0.015726528460577437 0.057232061313715693 1.2541869231680749 0.38250679005349952 -0.40315234499709113 1.4225999211715663 0.077869231440126904 -0.081735100560027071 -0.18140031521920949 -0.10475946096717388 1.9806297749962125 2.197040457536021 -0.57227806005397985 0.86007693657804929 -0.23666888090857269 1.3372548226199368 0.012217516712088487 0.00079893538088973129 1.0215084373353427 0.068449223346509339 1.290117760647689 0.036994665536120429 0.24107949308043483 -0.048568370836598845 3.8705974338404938 -0.095661746655199845 0.17465053876857631 0.27838973976693149 1.0797012940682524 -0.12209542322630756 0.41946005474351628 0.23481004645011805 0.10191364151324618 1.661198828713252 0.75216707806254546 0.46466606474539041 1.2681256174263109 0.69407057047065379 -0.15259902137511294 0.11705206728541845 -0.49278999735424656 0.67291792076410251 4.3863848318265175 -0.23345027039660629
leaf_weight=36289 6637 355 201 212 213 269 203 239 581 317 267 202 316 204 246 396 8309 502 1256 362 245 2317 288 9523 27158 934 200 83357 385 1540 256 2419 247 423 242 44754 1518 212 1498 481 216 503 18337 4363 2131 209 275 357 254 456 263 15796 1291 338 910 309 292 280 3932 632 3360 10816 1562 340 340 236 8282 11999 207 257 2282 202 350 336 14942 384 214 253 492
leaf_count=36289 6637 355 201 212 213 269 203 239 581 317 267 202 316 204 246 396 8309 502 1256 362 245 2317 288 9523 27158 934 200 83357 385 1540 256 2419 247 423 242 44754 1518 212 1498 481 216 503 18337 4363 2131 209 275 357 254 456 263 15796 1291 338 910 309 292 280 3932 632 3360 10816 1562 340 340 236 8282 11999 207 257 2282 202 350 336 14942 384 214 253 492
internal_value=0.000675582 0.139069 0.109088 0.358141 1.17779 2.9841 3.43766 -0.0150095 0.579815 3.73795 -0.107819 -0.0399265 0.0691201 0.472635 0.276544 0.813208 -0.0893676 0.493426 0.328572 -0.127279 0.288999 0.120765 3.92351 0.152246 -0.0445148 0.258403 0.0119054 -0.14921 0.708126 0.236827 4.26727 0.761663 1.11238 1.36341 0.672903 0.0184706 0.0704816 0.287227 0.491245 0.110592 0.466929 0.520041 -0.0514923 -0.0203311 -0.00257323 0.191489 0.598326 0.252325 0.572928 0.156346 -0.022481 0.039382 0.281936 0.502731 0.132534 0.246171 0.542539 0.792678 0.0437642 3.63063 -0.0558159 0.198479 0.211691 0.422124 0.210047 -0.127481 0.118897 0.156192 0.766236 1.16041 0.45432 0.530488 -0.0561926 0.279757 0.0825478 -0.0983528 0.0967527 3.94429 0.0965752
internal_weight=343571 150982 138532 19156 5992 2431 2162 13164 1462 1959 192589 72943 119376 12450 1223 642 11702 714 7726 10988 7371 2679 1746 45197 72741 1637 1370 119646 4724 14912 797 4339 874 670 3465 74179 29425 3228 1710 30285 3448 3203 71104 43946 39583 3682 1551 1276 919 710 35901 17564 1768 1878 3923 2629 881 589 26197 949 3561 13034 12718 1902 582 1170 29804 20281 2883 464 2987 2484 7323 686 18874 1294 1505 541 1748
internal_count=343571 150982 138532 19156 5992 2431 2162 13164 1462 1959 192589 72943 119376 12450 1223 642 11702 714 7726 10988 7371 2679 1746 45197 72741 1637 1370 119646 4724 14912 797 4339 874 670 3465 74179 29425 3228 1710 30285 3448 3203 71104 43946 39583 3682 1551 1276 919 710 35901 17564 1768 1878 3923 2629 881 589 26197 949 3561 13034 12718 1902 582 1170 29804 20281 2883 464 2987 2484 7323 686 18874 1294 1505 541 1748
is_linear=0
shrinkage=0.06


Tree=22
num_leaves=80
num_cat=0
split_feature=95 95 205 139 209 99 99 36 194 77 34 86 50 79 16 96 35 193 36 96 16 70 62 77 194 86 87 74 57 95 200 193 85 186 35 99 92 87 68 99 36 194 36 85 96 80 4 76 199 52 56 86 11 209 101 201 85 76 99 208 193 124 157 208 208 193 90 84 37 181 85 197 123 194 205 199 208 105 47
split_gain=1.27181e+06 344981 334147 555824 626245 515054 697418 649500 335015 334644 467452 315673 298567 254702 168419 278077 364357 163552 169737 158637 153346 242875 138131 124311 102663 100665 94754.1 95283.1 88924.2 83451.3 76140.2 69134.5 258093 170822 272760 371600 65457.9 62721.6 62258.7 93910.4 61544.1 75623.7 59520.1 148520 56476.1 55737.9 53475.7 50022.6 110349 54385.5 49071.2 48643.4 46230.6 40485.5 36475.2 57263.4 36368 32713.8 56740.9 108658 244369 32461.2 32247.6 41575.2 32023.8 71380 31853.7 63900.8 31216.4 30842.6 29304.2 27662.8 27552.2 25629.9 31138.5 55269.9 37208.4 46192.6 34431.2
threshold=14.924178600311281 43.944955825805671 0.37940952181816107 17.847499847412113 10.500000000000002 0.5849612057209016 0.91204342246055614 264.22698974609381 46.500000000000007 26.864005088806156 85.37360000610353 9.5075001716613787 33.484998703002937 0.75721094012260448 141.05319976806643 23.568561553955082 348.97494506835943 15.84999990463257 270.49874877929693 9.1582765579223651 116.27529144287111 36.680000305175788 57.01250076293946 21.029136657714847 54.500000000000007 17.505000114440922 9.0025000572204608 36.414127349853523 10.500191211700441 23.998956680297855 25.250000000000004 8.9499998092651385 6.1340000629425058 0.30560925602912908 143.78491210937503 0.53295642137527477 5.3274998664855966 6.0009999275207528 6.9010000228881845 0.51602375507354747 107.87080764770509 93.500000000000014 184.71990966796878 22.002499580383304 34.975189208984382 5.5285000801086435 107.17749786376955 44.308576583862312 343.50000000000006 12.558500289916994 88.684356689453139 18.751000404357914 45.987499237060554 7.5000000000000009 145.05000305175784 127.50000000000001 5.2934999465942392 30.46060943603516 0.74050867557525646 -0.52034142613410939 28.44999980926514 1.1504199504852297 22.154999732971195 0.30778898298740393 0.063390085473656668 32.350000381469734 10.308000087738039 13.402499675750734 81.861396789550795 43.000000000000007 17.758500099182132 990.04998779296886 6.5109031200408944 71.500000000000014 0.37940952181816107 212.50000000000003 0.24164313822984698 -6.9777579307556143 28.181499481201175
decision_type=10 10 2 8 2 2 2 8 10 10 10 8 10 10 8 10 8 8 8 10 8 8 8 10 10 8 8 10 10 10 8 8 10 10 10 2 10 10 10 2 8 10 10 10 8 2 8 8 10 8 8 10 10 2 10 10 8 10 2 2 8 8 10 2 2 10 8 10 10 2 8 10 10 10 2 10 2 10 8
left_child=19 2 25 24 5 11 7 8 -7 22 -11 12 52 -12 68 16 -16 18 -8 56 21 -15 23 28 72 64 27 -13 -10 66 40 32 33 34 -21 -36 38 -19 39 -6 -3 47 43 -31 70 -34 53 48 49 -42 69 -26 -5 -39 -51 -56 -1 -33 73 60 -60 -44 63 -61 -2 -66 67 -28 -9 -49 -27 -17 -4 74 -59 -76 77 -77 -79
right_child=1 30 3 4 36 6 17 14 9 10 13 26 -14 20 15 71 -18 37 -20 31 -22 -23 -24 -25 51 44 29 -29 -30 42 -32 57 45 -35 35 -37 -38 46 -40 -41 41 -43 61 -45 -46 -47 -48 50 -50 54 -52 -53 -54 -55 55 -57 -58 58 59 62 -62 -63 -64 -65 65 -67 -68 -69 -70 -71 -72 -73 -74 -75 75 76 -78 78 -80
leaf_value=-0.1849808933320857 -0.10278887371089192 1.3455419092216008 0.50024737879883652 1.0223598448590534 0.046392912189283313 0.043787639675963969 2.4132695092061698 -0.51735228805937994 3.7200522505022153 -0.83424159895844197 0.69833399343100133 0.19335953538634759 2.6787941422177464 0.91031431190195788 3.975464559992854 0.68485001576587545 0.43395888409752775 -0.36480582910176806 0.10402600276696145 -0.37026893112952164 3.5599505455109157 3.2972550810155248 4.0645530234550939 1.3858686121779142 -0.075582979039028247 0.0099630356453278644 1.3353913172425294 2.0131378373145488 2.3101640366486138 2.3361090200426666 -0.0246182895264388 -0.087635025917616807 0.62797017635074703 -0.41769874912364263 0.94529645240645288 4.1731827583524028 -0.25719272773678636 0.67981207719716152 -0.14089846393673372 1.5848505944351763 -0.030634484983359776 -0.46404844301990988 0.17305677906694866 0.39927452055710599 0.35662556268745832 -0.22593880202761843 1.1307822354703465 0.53796513317826056 1.9843711781127553 0.60587884035167872 1.1451149382095525 0.097545916155200696 -0.23050679994577711 -0.34697580792513044 1.8071939298313064 0.63065122340904911 -0.11372722211674108 -0.027737633076479178 2.5682076397703755 0.028991215297628357 -0.10717424253692159 0.90728335012649663 -0.14797203768183972 0.81010208650220805 0.0020478908805546645 1.1297508618060281 0.013590445675899558 0.1094558961243175 0.22831437647786756 -0.078504496976222665 0.12017290401026449 -0.14990004141990673 0.21123990580725735 -0.090465742787851564 -0.085785498870436738 0.29714006482794286 0.014658716260645355 1.5692244885913511 0.49782011206561727
leaf_weight=47714 14434 363 1652 204 337 295 216 364 313 241 373 203 388 345 212 249 206 1088 243 207 346 277 293 243 11541 12936 204 211 349 201 822 45688 317 220 335 208 3590 219 696 247 431 257 1284 486 2938 2044 219 450 220 3860 201 11830 219 371 248 375 56133 27387 215 689 285 260 1176 380 21296 203 4884 605 452 829 26433 333 4229 17996 2445 1586 1103 201 235
leaf_count=47714 14434 363 1652 204 337 295 216 364 313 241 373 203 388 345 212 249 206 1088 243 207 346 277 293 243 11541 12936 204 211 349 201 822 45688 317 220 335 208 3590 219 696 247 431 257 1284 486 2938 2044 219 450 220 3860 201 11830 219 371 248 375 56133 27387 215 689 285 260 1176 380 21296 203 4884 605 452 829 26433 333 4229 17996 2445 1586 1103 201 235
internal_value=-0.000198442 0.141687 0.117852 0.238139 0.471548 0.648989 1.02681 1.43526 1.9665 2.17044 1.59583 0.349634 1.47897 2.03285 0.535136 1.05669 2.23533 0.178636 1.19361 -0.0941737 2.54583 1.9769 2.92726 2.55497 0.0684422 0.0401834 0.239624 1.12345 2.98138 0.193312 0.522564 -0.0413039 0.227532 1.05097 1.48176 2.18716 -0.125859 -0.0674488 0.242402 0.698673 0.584735 0.544351 0.504265 0.968518 0.102904 -0.111071 0.332415 0.583598 0.672196 0.613058 0.276014 0.0120523 0.374699 0.0346593 0.674936 1.10115 -0.146467 -0.0503164 -0.0185634 0.247112 1.04607 0.297203 0.0687844 0.307152 -0.0336638 0.0127481 0.0713865 0.419859 -0.104538 0.138643 0.0839609 0.207797 0.292495 -0.0328808 -0.00143505 0.127873 0.295014 0.447865 0.994208
internal_weight=343378 136814 128758 50518 21266 16396 7247 4891 3075 2780 1582 9149 811 1341 1816 1000 418 2356 459 206564 968 622 1198 905 29252 78240 8338 414 662 7924 8056 102717 3331 970 750 543 4870 1897 1280 584 7234 6871 2231 687 42307 2361 809 6614 5134 4914 1480 23371 423 590 4483 623 103847 99386 53698 2745 500 1544 2245 1069 35933 21499 5693 809 816 1279 39369 582 5881 50953 32957 5570 3125 2022 436
internal_count=343378 136814 128758 50518 21266 16396 7247 4891 3075 2780 1582 9149 811 1341 1816 1000 418 2356 459 206564 968 622 1198 905 29252 78240 8338 414 662 7924 8056 102717 3331 970 750 543 4870 1897 1280 584 7234 6871 2231 687 42307 2361 809 6614 5134 4914 1480 23371 423 590 4483 623 103847 99386 53698 2745 500 1544 2245 1069 35933 21499 5693 809 816 1279 39369 582 5881 50953 32957 5570 3125 2022 436
is_linear=0
shrinkage=0.06


Tree=23
num_leaves=80
num_cat=0
split_feature=96 205 97 97 114 85 97 103 35 80 95 80 35 85 40 194 80 80 181 56 91 190 36 77 86 44 16 109 35 86 96 16 193 84 207 207 82 207 47 194 208 193 147 97 146 169 207 208 208 203 194 7 97 96 97 97 99 194 205 191 111 85 177 97 58 80 63 84 80 85 97 76 207 181 57 196 80 85 80
split_gain=1.12208e+06 356221 1.42197e+06 3.40149e+06 582122 345056 336724 455091 496908 251976 162528 133845 125123 118127 110307 84566.6 84526.6 81307 73094.5 70769.7 90908.4 142553 364539 701277 632942 186021 65906.3 145451 239484 64338.2 76511.3 76276.6 55703.3 175256 48949.9 98560.1 45572.6 44612.7 43373.4 40609.1 40180.7 55404.3 40152.4 38299.7 37656.4 104377 36477.5 35409.5 47786.1 43383.6 31623.8 31460.8 37265 29902.2 29379.6 76721.9 28299.4 27706.7 30032.9 27452 26727.5 26230.6 29983.7 25136.6 24946.2 23044.9 22831.5 67393.4 27985.5 93670.2 22793.1 22556.6 22196.7 22180.1 25345.1 72295.2 21812.1 20989.6 20316
threshold=13.335365295410158 0.37940952181816107 36.21507644653321 48.168771743774421 339.35041809082037 25.210000038146976 63.294715881347663 -138.72499847412107 177.25870513916018 33.457500457763679 28.946006774902347 12.102499961853029 112.01203918457033 37.112499237060554 75.887500762939467 50.500000000000007 9.3074998855590838 13.704999923706056 7.0000000000000009 68.214843750000014 9.2100000381469744 2.1202012300491337 275.59486389160162 26.388023376464847 10.877500057220461 39.082500457763679 105.84000778198244 1654.0000000000002 219.18650054931643 13.000999927520754 15.175619125366213 41.759174346923835 5.0499999523162851 5.2024998664855966 0.9837264120578767 0.90531614422798168 18.475999832153324 0.9996619224548341 139.16249847412112 73.500000000000014 0.063390085473656668 31.550000190734867 0.72534674406051647 1.5322539210319521 23.349999427795414 18.644999504089359 -0.11692013591527937 0.86004966497421276 0.94066718220710765 0.21643137186765674 41.500000000000007 35.010000228881843 42.884325027465827 54.606544494628913 48.168771743774421 42.884325027465827 0.22686960548162463 63.500000000000007 0.37940952181816107 66.099998474121108 126.43125152587892 29.685999870300297 2.7418072223663335 24.971164703369144 9.6259999275207537 40.587499618530281 59.75849914550782 1.0000000180025095e-35 8.8039999008178729 6.7260000705719003 13.594364643096926 27.174648284912113 -0.67166441679000843 31.000000000000004 0.27745829522609716 78.500000000000014 31.209000587463382 18.558499336242679 24.001000404357914
decision_type=8 2 2 2 8 8 2 10 8 2 10 2 8 10 10 8 2 2 2 8 8 8 8 8 10 8 10 8 8 10 10 8 8 10 2 2 8 2 10 10 2 10 10 2 10 10 2 2 2 10 8 10 2 8 2 2 2 8 2 10 10 10 2 2 8 2 10 10 2 10 2 10 2 2 8 10 2 8 2
left_child=16 9 10 4 -4 14 7 8 -5 17 15 -8 -13 18 29 37 32 39 70 20 21 -17 23 24 -23 -25 27 46 -29 30 -6 -32 33 -1 35 64 66 65 56 40 -2 61 -24 -34 -38 -46 -12 53 -49 -50 -28 -33 -53 -15 55 63 -20 58 -18 77 -55 -42 -63 73 -14 -3 -22 -68 69 -69 -11 -52 -61 -45 75 -75 -21 -19 -60
right_child=1 2 3 6 5 -7 11 -9 -10 13 26 12 34 47 -16 19 57 59 38 76 36 22 42 25 -26 -27 50 28 -30 -31 31 51 43 -35 -36 -37 44 -39 -40 -41 41 -43 -44 54 45 -47 -48 48 49 -51 71 52 -54 60 -56 -57 -58 -59 78 72 -62 62 -64 -65 -66 -67 67 68 -70 -71 -72 -73 -74 74 -76 -77 -78 -79 -80
leaf_value=1.7024982669961941 -0.11306252545970893 0.21473487362124874 -0.13280450014154924 4.6587575435638433 4.4605767596276449 0.94081457661343859 -0.22417002044470002 -0.76368142952482065 0.86127217487948804 0.51878203405090539 0.026671070955000327 1.6836039302375438 -0.10208326393894815 0.34517318801465374 2.0489237050364602 -0.037033038668704499 -0.012206694199786108 0.0056867003104458325 0.29793307527157292 -0.12658895696405734 -0.0616667670621927 5.4858018756120099 -0.25123141970801482 -0.51950085586288597 0.86553433994679196 1.495495547095675 0.78907573599456671 3.055369184950695 0.519887150294989 4.3739177917480463 2.1498673819608465 4.0686917840063046 -0.17448367667423081 -0.42330795553639616 -0.51163766808226196 1.4572831132330122 0.10694196934247964 0.93642415768108078 0.90992720850983289 -0.17072067823283513 0.0022038256658614931 0.9464625803434874 0.62988874807439998 -0.16386612658209848 0.15385644544781496 1.716624050442852 0.47433008410828575 1.3967257598231699 1.0600611303944607 -0.042249171801457992 0.31875482445966119 2.5854341852906262 3.500397228081467 0.12407918907086783 -0.48408369056443395 0.96873304547753636 0.0002836698052930825 -0.072199824795315504 0.16305965288624166 0.8701717612793779 0.86759855781897077 0.14262614766502232 0.94464909901364003 -0.4518652363899936 0.60125555911267048 0.7777001908795399 0.92848852000438575 1.4735918968886432 -0.03389200266298014 -0.0075466174686107763 1.3128868062403596 -0.045291910147144329 0.20809384673270959 -0.098322438791229372 -0.08776157104457008 1.2147130268468307 0.34039001825051329 0.084157848300647611 0.76461821084419879
leaf_weight=237 11162 5519 214 203 210 230 3369 250 318 360 821 245 642 2452 200 1927 15067 23003 1498 8536 12042 229 942 428 200 267 252 203 393 299 214 225 52706 337 268 243 10666 352 228 9068 15748 235 231 15873 657 200 3248 378 255 258 961 246 573 217 732 239 4938 41585 1999 203 886 731 217 747 252 274 322 201 3953 643 205 1687 1728 550 49346 207 375 26302 224
leaf_count=237 11162 5519 214 203 210 230 3369 250 318 360 821 245 642 2452 200 1927 15067 23003 1498 8536 12042 229 942 428 200 267 252 203 393 299 214 225 52706 337 268 243 10666 352 228 9068 15748 235 231 15873 657 200 3248 378 255 258 961 246 573 217 732 239 4938 41585 1999 203 886 731 217 747 252 274 322 201 3953 643 205 1687 1728 550 49346 207 375 26302 224
internal_value=-0.00115472 0.11245 0.223325 0.960757 2.85387 3.14472 0.172092 1.33866 2.347 0.0418392 0.114399 -0.00734298 0.435246 0.303805 3.40181 0.0736285 -0.104623 0.00723723 0.154096 0.0430853 0.0837015 0.34354 0.662688 1.43434 3.33885 0.255642 0.372849 0.512463 1.38715 3.5537 3.38377 3.20062 -0.133319 0.455855 0.216518 0.388449 0.045427 0.281445 0.098481 -0.0603297 -0.0246924 0.0335701 -0.0773229 -0.136131 0.137715 0.520139 0.384035 0.547135 0.885417 0.506679 0.148165 3.41374 3.22906 0.462126 -0.106268 -0.102131 0.0695981 -0.0456599 0.0181729 0.0562431 0.721566 0.020665 0.327014 -0.105981 0.0966236 0.241492 -0.0165455 0.0895895 0.0330964 0.346515 0.808719 0.0868967 0.27811 -0.102058 -0.0824742 0.261853 -0.106901 0.0475484 0.223992
internal_weight=343651 163802 63730 8201 2411 2197 5790 771 521 100072 55529 5019 1650 11675 1967 47964 179849 88397 7229 41819 32908 4224 2297 1124 429 695 7565 4665 596 1767 1468 1258 120974 574 1405 1137 28684 6145 6664 37161 28093 16931 1173 120400 11523 857 4069 4446 891 513 2900 1044 819 3555 67694 66962 6436 58875 17290 51236 1103 16696 948 66723 894 5793 17161 5119 4797 844 565 2648 1931 65976 50103 757 8911 49305 2223
internal_count=343651 163802 63730 8201 2411 2197 5790 771 521 100072 55529 5019 1650 11675 1967 47964 179849 88397 7229 41819 32908 4224 2297 1124 429 695 7565 4665 596 1767 1468 1258 120974 574 1405 1137 28684 6145 6664 37161 28093 16931 1173 120400 11523 857 4069 4446 891 513 2900 1044 819 3555 67694 66962 6436 58875 17290 51236 1103 16696 948 66723 894 5793 17161 5119 4797 844 565 2648 1931 65976 50103 757 8911 49305 2223
is_linear=0
shrinkage=0.06


Tree=24
num_leaves=80
num_cat=0
split_feature=96 97 204 97 114 36 94 93 207 97 82 35 96 57 80 96 141 96 193 84 122 82 92 36 55 96 194 96 208 193 204 112 95 208 194 99 86 90 207 16 194 99 194 208 76 207 97 204 194 208 78 89 194 85 33 88 90 98 56 97 23 208 39 104 95 163 163 72 40 37 181 97 114 97 194 204 199 56 85
split_gain=1.01632e+06 343473 1.3618e+06 2.98038e+06 1.178e+06 802455 358312 287801 166663 131027 115170 172740 104607 84868.8 84729.8 56373.6 68676.2 54448.8 47472.8 107196 44222.6 40420.2 39087.9 46446.9 38686 35926.3 35770.1 34898.8 34188.8 43521.7 47837.8 122847 33099.1 32271 31232.2 29729.8 28895.5 47453.9 33076.4 71745.8 141723 161424 28475.1 33185.7 28073.4 62844.8 27873.2 27327.4 26064.5 27836.9 25565.4 24928.1 120946 24521.6 58422.8 127339 70694.7 24415.2 23728.1 23711.3 23199.6 29535.5 23487.5 23060.7 22529.1 22350.9 22213.8 29598.8 21520.3 29559.3 20506.1 20006.4 19510.7 19493.7 27599.2 19194.9 22906.1 30426.2 33983.9
threshold=13.160812854766847 36.21507644653321 10.500000000000002 63.294715881347663 339.35041809082037 382.81842041015631 36.957334518432624 32.941583633422859 -0.94423642754554737 48.168771743774421 14.982500076293947 109.41787719726564 19.517843246459964 0.44560605287551885 7.7274999618530282 46.914346694946296 7.3819017410278329 14.994769096374513 5.0499999523162851 5.2024998664855966 17.242008209228519 4.3025000095367441 5.8010001182556161 255.47584533691409 8.123350143432619 19.369464874267582 20.500000000000004 28.200880050659183 -0.45273527503013605 19.650000572204593 10.500000000000002 -1595.2874755859373 41.348640441894538 -0.11692317575216292 58.500000000000007 0.75970560312271129 49.601499557495124 6.9014999866485605 -0.87395131587982167 129.95306396484378 86.500000000000014 0.31516210734844213 70.500000000000014 -0.048362832516431802 21.113194465637211 -0.32614396512508387 1.5322539210319521 10.500000000000002 77.500000000000014 -0.45273527503013605 inf 10.308000087738039 89.500000000000014 5.2024998664855966 193.03466796875003 8.4024996757507342 7.4010000228881845 9.2109999656677264 63.181373596191413 43.938581466674812 517.12500000000011 -0.45273527503013605 0.21698793023824695 26.976041793823246 24.755772590637211 13.945000171661379 256.36999511718756 0.5874999761581422 4.43400001525879 47.761167526245124 7.0000000000000009 19.950067520141605 -82.030223846435533 18.032930374145511 87.500000000000014 14.000000000000002 185.50000000000003 35.14173889160157 27.604000091552738
decision_type=10 2 2 2 8 8 8 8 2 2 8 8 10 8 2 10 8 10 8 10 10 10 8 8 10 10 10 10 2 8 2 10 10 2 8 2 8 8 2 10 10 2 10 2 10 2 2 2 8 2 8 8 10 10 8 8 10 2 10 2 8 2 10 8 10 10 10 8 10 10 2 2 10 2 10 2 10 10 8
left_child=14 6 3 4 64 7 12 8 -6 17 32 -12 36 -4 18 60 -17 -10 19 -1 33 -19 -13 -24 -14 -23 -22 66 -29 71 31 -31 -5 -15 47 -32 38 -38 39 51 -41 -42 43 -35 -18 -46 -20 -16 49 65 -39 52 -2 54 55 -50 -57 -36 -47 -27 61 -8 63 -63 -3 -40 67 -26 69 -69 -59 -30 -28 -70 -75 76 -51 78 -78
right_child=1 2 13 10 5 -7 15 -9 9 -11 11 22 24 20 34 16 44 21 46 -21 26 25 23 -25 27 59 72 28 29 30 35 -33 -34 42 57 -37 37 50 48 40 41 -43 -44 -45 45 58 -48 -49 53 75 -52 -53 -54 -55 -56 56 -58 70 -60 -61 -62 62 -64 -65 -66 -67 -68 68 73 -71 -72 -73 -74 74 -76 -77 77 -79 -80
leaf_value=1.4796345913238418 -0.028746810033110339 -0.92874525097779703 0.97512772513612322 -0.23102199183169686 2.1152624783703207 -0.046448479937655586 -0.070736804695066172 1.0790876997802235 4.3530797419828531 5.0032386236101658 2.0578077466876379 -0.56998117614148258 -0.20831830287995093 -0.25025920496615889 0.1905983690113317 1.6306009869093763 -0.13927895838849283 2.4712260518624229 -0.17300386329949002 -0.36452296905040743 0.96311402120853806 3.1313945101959928 0.87750481975078576 0.040543664940760261 0.63223736922397755 3.3953782180259968 -0.29403082129431934 0.0020670994900619309 0.1466985358136785 1.6129322081886541 0.1905845507900609 0.37761684878733648 0.36786255056637202 0.67291211420727759 -0.083766530227528543 0.78756508590822871 0.90754541861861937 0.044926907229413338 0.0084714518536953068 0.15179766582674811 0.25773249023246325 2.6155621170608572 -0.17721380287075611 0.013782111403918343 1.2882034462993963 0.54960396784448162 -0.10862583850875217 -0.015209641193363644 1.7175824544050478 -0.049831841989272395 0.71651685858915248 -0.019491646547209553 1.2666181089658652 -0.088318311222969126 -0.12004874661630618 1.0081735228043627 -0.14602006756744812 0.46440770589662672 0.055491453747857696 4.2640293936081868 0.039594470319618651 0.39936010336476391 0.36744354415877506 1.299942646848345 -0.085829198377376251 -0.20512570304661237 0.01376956977383279 1.0331483587368488 0.11579160175727425 0.14804135426181683 0.022531337684155391 -0.31739340172637076 0.47910685157353677 0.0074188237132497108 -0.66336847313074954 -0.0013583459277892391 0.25503831636675411 0.084223465589960272 0.98701818997850854
leaf_weight=207 1242 201 284 3185 330 314 494 217 203 213 209 200 1339 3573 2704 218 208 207 45794 249 250 781 374 657 395 289 245 2198 2901 359 3358 1492 370 290 57948 329 299 2194 3655 1493 216 202 3176 4998 399 3078 51389 16429 219 2830 224 8052 327 22823 1910 250 799 421 395 242 1000 206 3048 205 263 3407 9616 213 33321 373 3634 377 224 1836 250 17495 1790 6632 261
leaf_count=207 1242 201 284 3185 330 314 494 217 203 213 209 200 1339 3573 2704 218 208 207 45794 249 250 781 374 657 395 289 245 2198 2901 359 3358 1492 370 290 57948 329 299 2194 3655 1493 216 202 3176 4998 399 3078 51389 16429 219 2830 224 8052 327 22823 1910 250 799 421 395 242 1000 206 3048 205 263 3407 9616 213 33321 373 3634 377 224 1836 250 17495 1790 6632 261
internal_value=0.000702939 0.107979 0.332877 0.935872 2.34677 2.81125 0.0747024 3.17265 3.37266 3.5859 0.0147631 0.467256 0.049889 -0.048892 -0.0984416 0.435894 0.594901 3.40778 -0.136095 0.474033 -0.0717654 3.27867 0.19576 0.344711 0.110361 3.40409 0.385013 0.117848 0.213781 0.266559 0.369111 0.617947 -0.168605 -0.0990796 -0.0531278 0.244054 0.00364936 0.195767 -0.00344508 0.089866 0.425561 1.40069 -0.0352385 0.05005 0.539176 0.575648 -0.138963 0.0138849 -0.0207823 0.0122284 0.107413 0.0231503 0.241859 -0.0665751 0.0895535 0.405125 0.129748 -0.0738066 0.493438 3.79853 0.297822 0.36312 0.425084 0.850621 -0.452184 -0.0945911 0.0948762 0.116309 0.110629 0.470973 0.0685112 0.0932432 0.0754627 0.104652 -0.0732521 0.038236 0.0983978 0.14671 0.348622
internal_weight=343998 165223 21295 8255 3260 2796 143928 2482 2265 1935 4995 1440 134677 13040 178775 9251 4298 1722 97639 456 12756 1519 1231 1031 58357 1312 719 57018 11014 8816 5538 1851 3555 12037 81136 3687 76320 2717 73603 11532 1911 418 8464 5288 4080 3872 97183 19133 62071 36070 2418 9621 1569 26001 3178 1268 1049 62003 3473 531 4953 3953 3459 411 464 7062 46004 36388 35993 586 4055 3278 469 35407 2086 29008 11513 8683 2051
internal_count=343998 165223 21295 8255 3260 2796 143928 2482 2265 1935 4995 1440 134677 13040 178775 9251 4298 1722 97639 456 12756 1519 1231 1031 58357 1312 719 57018 11014 8816 5538 1851 3555 12037 81136 3687 76320 2717 73603 11532 1911 418 8464 5288 4080 3872 97183 19133 62071 36070 2418 9621 1569 26001 3178 1268 1049 62003 3473 531 4953 3953 3459 411 464 7062 46004 36388 35993 586 4055 3278 469 35407 2086 29008 11513 8683 2051
is_linear=0
shrinkage=0.06


Tree=25
num_leaves=80
num_cat=0
split_feature=94 97 205 94 205 97 97 57 186 166 77 194 97 68 95 46 36 193 50 87 90 198 83 65 208 208 59 203 79 205 207 196 99 123 80 85 207 76 114 63 59 122 37 96 193 90 5 49 193 199 96 97 123 169 43 205 120 96 88 77 44 82 88 48 36 96 90 208 93 80 164 94 50 105 99 75 158 123 72
split_gain=881614 280536 548649 238312 200528 687710 2.19609e+06 835101 674336 413952 153371 124988 121899 120363 106545 103812 79025 178475 73673.5 69327.7 67540.4 62746.4 62253.3 50808.4 43514.3 56006.9 41252.6 45543.4 41079.3 109155 40718.5 55798.4 73613.7 99299.8 43273.7 37805.9 37247.2 118236 36833.3 36268.9 39050.1 63280.4 66284.6 35492.5 47727.8 141000 147627 38154.4 33667.5 89907.5 30458.8 29681.3 28134.2 28008.8 27802.6 27516.7 48197 58029.8 142133 231189 272545 43911.6 36083.1 57221.8 150147 37954.3 103636 27287.6 25795.1 33121 25081.4 23905.9 23835.6 23148.3 27825.6 23854.8 23025.4 23005.1 22206.2
threshold=15.24204206466675 42.884325027465827 0.93301269412040722 44.443561553955085 0.37940952181816107 36.21507644653321 54.202339172363288 3.6916832923889165 0.10585624352097513 79.500000000000014 49.881315231323249 51.500000000000007 88.929145812988295 30.029000282287601 6.9189262390136728 25.675999641418461 107.87080764770509 27.849999427795414 21.501500129699711 18.804999351501468 18.376500129699711 8.6500000953674334 50.918998718261726 26.725999832153324 0.99445194005966198 0.97461712360382091 0.72482705116271984 -0.095842104405164705 0.95756816864013683 0.93301269412040722 0.97112539410591137 31.500000000000004 0.42419478297233587 1.4717429280281069 18.454999923706058 30.912499427795414 -0.87395131587982167 56.999017715454109 -317.51936340332026 4.8524999618530282 0.47471302747726446 -18.148878097534176 105.79731750488283 10.847508430480959 8.9499998092651385 7.7514998912811288 119.26250076293947 105.78750228881837 25.849999427795414 252.50000000000003 16.813183784484867 19.950067520141605 6.0294041633605966 47.43499946594239 10.95099973678589 1.0000000180025095e-35 19.48124980926514 17.880798339843754 12.308000087738039 39.149621963500984 31.836500167846683 19.827500343322757 9.4024996757507342 11.026000022888185 166.3420104980469 14.637004852294924 11.153499603271486 0.063390085473656668 8.6340832710266131 10.302500247955324 12.500000000000002 21.697896003723148 54.457500457763679 17.799068450927738 0.65144547820091259 40.399446487426765 65.500000000000014 6.7406029701232919 0.85350000858306896
decision_type=8 2 2 10 2 2 2 10 10 10 10 8 2 8 10 10 8 10 10 10 8 10 8 10 2 2 10 10 10 2 2 8 2 10 2 10 2 10 10 10 10 10 8 8 8 10 8 8 10 10 10 2 10 8 10 2 10 10 8 8 10 8 10 8 8 8 8 2 10 2 2 10 10 10 2 10 2 10 8
left_child=1 14 -3 4 20 11 7 -7 9 10 13 21 16 15 -1 -9 17 -5 -15 22 67 26 50 70 25 39 38 -28 -14 -30 34 32 -32 -34 36 -22 37 -13 -6 -18 41 42 -41 -16 45 46 -45 -47 49 -40 -8 53 -29 55 -52 73 57 62 59 60 -59 68 63 64 -57 -65 -67 -2 -60 -70 -17 -20 -42 -46 -75 -76 78 -50 -36
right_child=3 2 -4 12 5 6 19 8 -10 -11 -12 30 28 18 43 23 24 -19 71 -21 35 -23 -24 -25 -26 -27 27 52 29 -31 31 -33 33 -35 76 -37 -38 -39 48 40 72 -43 -44 44 51 47 -48 -49 77 -51 54 -53 -54 -55 -56 56 -58 58 61 -61 -62 -63 -64 65 -66 66 -68 -69 69 -71 -72 -73 -74 74 75 -77 -78 -79 -80
leaf_value=-0.14272824039825568 -0.08298732500830551 -0.33255585826656153 2.929308955188191 2.615850093443604 0.15278145816919919 -1.63039951073812 -0.74555268529774554 1.6090319600435767 -0.44081424227199101 0.7840193442825798 1.5301108539968298 0.011764878819150037 -0.078995249998604633 4.7213882815600394 -0.082510190313102014 3.168099304607936 0.082220956287490363 0.10242955208701246 2.9795962293404505 0.70046427638125208 0.070506762834151512 0.082134567467208652 0.82884301262242444 3.9485967266944146 -0.28534012235898748 1.4375853434255568 1.545493342527529 1.0742379996434945 -0.12689118452323306 1.3312013186346614 0.21866536927333471 0.0026086565538849188 1.8323834065823537 0.34221896067947932 0.72657741940304843 0.24178950616543529 -0.095255227010073648 1.2411575341432155 1.8321097263011854 1.9184603688086588 0.38579617152327811 0.53248406998745346 0.63150244489906393 -0.049039041113483839 -0.07826344154482362 -0.26732446781659158 1.7179740368651248 0.56884794116848036 0.67421119533395502 0.45640497402523084 0.48686658103673192 -0.40374806332798968 0.14781862007101465 -0.17281398153518998 -0.23593092196852644 2.0359410188658535 -0.062598873322390017 0.62045320730055531 -0.49663842810248882 -0.3126279420377614 3.5233868427685833 0.85362143050212014 -0.017480655678923453 0.023877322445617709 -0.1660221383717668 1.3115943143915192 0.078496675776057928 0.022150609623052681 0.74597274763536625 -0.11939656368059956 2.3021291334462721 3.9122509944145309 -0.29104951756046366 0.0034955154018049472 0.13336725967105578 0.85772683215341894 -0.22275482316479084 0.17952145035474978 0.10908682509588567
leaf_weight=66703 14511 429 326 203 1476 200 398 201 269 332 206 2589 1891 250 68346 335 680 203 250 340 31193 2305 202 216 244 235 245 204 476 301 1990 2396 270 398 212 5449 11359 315 235 260 670 3570 325 299 28584 1025 394 242 533 625 204 759 279 4447 2942 200 14243 278 404 287 200 200 11351 4167 250 330 949 22926 206 689 214 202 259 6308 443 259 749 927 13523
leaf_count=66703 14511 429 326 203 1476 200 398 201 269 332 206 2589 1891 250 68346 335 680 203 250 340 31193 2305 202 216 244 235 245 204 476 301 1990 2396 270 398 212 5449 11359 315 235 260 670 3570 325 299 28584 1025 394 242 533 625 204 759 279 4447 2942 200 14243 278 404 287 200 200 11351 4167 250 330 949 22926 206 689 214 202 259 6308 443 259 749 927 13523
internal_value=-0.000372319 -0.0758581 1.07789 0.12217 0.0997372 0.19612 0.756378 2.0925 2.39388 2.73958 3.08543 0.102874 0.414596 3.27648 -0.0799806 2.83486 0.552055 1.36248 3.87928 -0.118644 0.0380761 0.33698 -0.193157 3.15442 0.499141 0.531091 0.466778 0.880383 0.0719508 0.43894 0.0555677 0.212609 0.401837 0.94637 0.0279519 0.095984 -0.0462298 0.1455 0.387245 0.49389 0.548925 0.627548 1.20578 -0.0510866 -0.0230169 0.26917 0.956611 -0.107291 0.536283 0.834016 -0.251626 -0.0307019 0.540512 -0.0268596 -0.188922 -0.0174978 0.0213132 0.0825689 0.368098 1.03299 1.83989 0.0283147 0.0450686 0.165471 0.814972 0.111663 0.397429 -0.0186032 -0.0993122 0.0803937 2.83534 3.40412 0.196985 -0.0543021 0.0434 0.401457 0.101 0.360455 0.11867
internal_weight=343105 212318 755 130787 121470 47391 6761 2675 2475 2206 1874 40630 9317 1668 211563 966 6649 406 702 4086 74079 6829 3746 765 6243 5999 4524 728 2668 777 33801 5054 2658 668 28747 36642 14263 2904 3796 5764 5084 4155 585 144860 76514 1960 693 1267 2320 860 3544 74554 483 73795 3146 69348 33754 19511 2264 765 478 1499 17247 5896 450 5446 1279 37437 1299 895 549 452 929 35594 7010 702 14484 1460 13735
internal_count=343105 212318 755 130787 121470 47391 6761 2675 2475 2206 1874 40630 9317 1668 211563 966 6649 406 702 4086 74079 6829 3746 765 6243 5999 4524 728 2668 777 33801 5054 2658 668 28747 36642 14263 2904 3796 5764 5084 4155 585 144860 76514 1960 693 1267 2320 860 3544 74554 483 73795 3146 69348 33754 19511 2264 765 478 1499 17247 5896 450 5446 1279 37437 1299 895 549 452 929 35594 7010 702 14484 1460 13735
is_linear=0
shrinkage=0.06


Tree=26
num_leaves=80
num_cat=0
split_feature=94 96 205 99 209 76 96 36 99 129 77 145 39 201 78 52 71 56 193 79 194 57 96 82 199 77 91 96 36 206 86 207 149 95 89 29 194 42 207 207 175 54 163 42 69 201 208 56 207 196 99 49 15 171 193 87 17 208 123 194 209 201 63 18 49 35 191 94 48 96 205 139 201 96 90 194 90 35 77
split_gain=797233 237518 210960 390360 543694 329706 404988 297444 508422 596218 253113 198549 182451 169513 113976 110479 116540 109019 100703 96637.9 89055.1 83124.3 74174.1 69615.9 84285.4 56677.4 55678.2 79581.7 53711.8 269018 52726.8 48019.4 47045.9 44286.2 59435.4 93097.7 42026.9 40892.8 38651.1 47880.8 119260 93886.5 52267.4 41591.7 34088.2 30414.4 80405.2 37945.1 29602.3 30539.7 41849.4 50127.5 29460.4 64583.2 28985.2 143384 28738.8 28250.1 27808.9 27429.6 27412 29844.6 50214.9 26894.7 31132.2 26602 26311.9 26696.8 25838.9 25081.6 29894.9 42725.7 81612.8 193803 208075 56809.6 129803 41634.4 68664.8
threshold=13.354000091552736 36.506265640258796 0.37940952181816107 0.5849612057209016 2.5000000000000004 52.376279830932624 23.780482292175297 182.22661590576175 0.91204342246055614 157.29167175292972 47.517541885375984 5.5499999523162851 0.54185408353805553 37.500000000000007 -12.381500244140623 16.428999900817875 7.9514999389648446 64.463066101074233 16.550000190734867 0.7281862497329713 50.500000000000007 4.0167546272277841 6.7697556018829355 43.01250076293946 345.50000000000006 15.502862930297853 6.0260000228881845 17.357866287231449 131.08409118652347 -1.0000000180025095e-35 17.656499862670902 0.9996619224548341 0.63499999046325695 19.179116249084476 8.7290000915527362 144.02850341796878 78.500000000000014 19.289000511169437 -0.9550008475780486 -0.87395131587982167 44.264999389648445 65.865268707275405 582.80499267578136 9.427500247955324 11.202499866485597 177.50000000000003 -0.21862536668777463 79.896656036376967 0.96687895059585582 96.500000000000014 0.36586348712444311 17.829999923706058 62.624094009399421 0.32569362223148351 5.0499999523162851 6.5784997940063485 43.646940231323249 0.063390085473656668 -28.062470436096188 72.500000000000014 2.5000000000000004 57.500000000000007 18.452500343322757 34.018499374389656 36.371000289916999 279.26306152343756 21.449253082275394 42.197711944580085 26.833999633789066 10.518916606903078 -0.37940952181816096 7.7565000057220468 177.50000000000003 14.722737789154055 12.002500057220461 95.500000000000014 7.2525000572204599 249.19450378417972 23.251429557800297
decision_type=8 8 2 2 2 8 10 8 2 8 10 10 8 8 10 10 10 10 8 8 8 10 10 8 10 8 10 10 8 2 10 2 2 8 8 8 8 10 2 2 10 10 10 10 10 10 2 10 2 8 2 10 10 2 8 10 10 2 10 10 2 8 10 10 10 8 8 8 8 10 2 8 10 10 10 10 8 8 10
left_child=22 2 30 20 5 6 11 8 9 56 12 -5 13 -11 -13 -15 -17 -8 -10 -18 31 65 -1 28 37 32 -16 -28 29 -3 57 -4 -23 48 35 -35 44 -25 -27 40 -40 -42 43 58 45 46 -30 -48 -22 50 -50 -52 53 -20 55 -24 -6 -2 -41 -59 -39 62 -62 -45 -65 -9 -32 -68 -69 -56 -71 -72 75 -74 -75 -73 -77 78 -78
right_child=1 23 3 4 7 -7 17 21 18 10 -12 14 -14 15 26 16 19 -19 52 -21 33 25 54 24 -26 38 27 -29 36 -31 66 -33 -34 34 -36 -37 -38 60 39 42 41 -43 -44 63 -46 -47 47 -49 49 -51 51 -53 -54 -55 69 -57 -58 59 -60 -61 61 -63 -64 64 -66 -67 67 68 -70 70 71 72 73 74 -76 76 77 -79 -80
leaf_value=-0.13879606504664418 -0.078444389731411768 -0.59505278412812246 0.25614478246468858 0.7641419179772222 -0.10284820692366703 -0.31246620931713154 1.3530795747155493 -1.0474586980686826 1.1624495109308113 4.1091469083387073 0.2168138802667027 3.9076367982771334 0.70872609877292025 3.2960446085359068 2.8895232077048725 3.0145994147833655 0.44148427920944894 -0.19371625923087102 -0.31643759080991496 2.1052172804434037 -0.050531163764160503 1.3181611258619359 1.5629479895366523 0.032692911153932476 1.6732180839691844 -0.69976829884219027 0.96863524860349182 2.5891999718965577 1.7634270590602128 2.3180368784093455 0.011690024902060201 1.0170866090474249 0.29416983497870525 1.5033620248434785 0.088307034915707558 0.16606614961458346 -0.086253037397749713 0.032131737767174692 -0.48754788523417636 1.0904533217214207 0.29397152194126841 2.083179990791757 -0.41420647863135973 -0.079400628311478802 0.12382867912466344 0.16111493070372646 0.13816414146383005 1.0864261214456086 0.086382146452679553 -0.20402794089515439 1.4375305820531739 0.32361629819299315 -0.87292118390811524 0.73985648639230839 -0.085321157186174279 -0.48852985153210832 0.67200630375935178 0.045170961503645697 0.14233834238939508 -0.097600748190652661 1.5615782698461991 0.48083551788615231 0.55437538006875131 0.97383984552425096 0.019040558088990842 -0.3138827818790727 0.099182939254759739 1.02950346577803 0.2560977584243837 -0.086295570431635757 -0.06088826439810828 -0.020717951674281858 0.093197627858715423 2.3516515608221571 0.16933850643228046 1.6809073002957577 -0.044027630884844078 -0.29462424350971428 1.3350624971475127
leaf_weight=60103 19279 232 5456 257 836 386 274 252 205 201 275 204 242 241 337 203 242 406 1277 262 16211 215 215 742 209 251 202 241 200 223 15874 315 644 277 16595 576 1759 403 258 232 222 201 915 2190 2413 635 531 212 1581 659 202 516 229 248 65869 283 216 23041 214 6133 262 4124 559 205 305 605 22656 203 659 22699 19575 14323 2118 323 306 231 352 485 205
leaf_count=60103 19279 232 5456 257 836 386 274 252 205 201 275 204 242 241 337 203 242 406 1277 262 16211 215 215 742 209 251 202 241 200 223 15874 315 644 277 16595 576 1759 403 258 232 222 201 915 2190 2413 635 531 212 1581 659 202 516 229 248 65869 283 216 23041 214 6133 262 4124 559 205 305 605 22656 203 659 22699 19575 14323 2118 323 306 231 352 485 205
internal_value=-0.000301585 0.0996593 0.077866 0.168779 0.447282 1.28701 1.6084 0.27704 0.644278 1.17522 1.88103 2.25289 2.20966 2.52489 2.64055 2.18501 1.80216 0.430623 -0.0925971 1.30882 0.0788033 0.0209716 -0.0838824 0.350482 0.49099 0.101818 2.30458 1.8541 0.207789 0.834634 0.019825 0.297848 0.5517 0.0442737 0.113433 0.601586 0.15805 0.45015 0.0243247 0.0627913 0.527981 1.14707 -0.0153284 0.100778 0.26572 0.482476 0.698476 0.409828 -0.0186794 0.155839 0.259037 0.638565 -0.23986 -0.144288 -0.0578903 0.398506 0.0567345 -0.0220882 0.636864 0.015155 0.508053 0.546824 0.877306 0.0120217 0.403987 -0.530559 0.0713784 0.111664 0.439216 -0.0596904 -0.0318379 0.000763718 0.0665563 0.368052 1.29194 0.0134321 0.397382 0.111499 0.46502
internal_weight=343517 156430 143926 56081 13693 2307 1921 11386 4677 2718 1666 1241 1391 1149 984 948 707 680 1959 504 42388 6709 187087 12504 6299 5852 780 443 6205 455 87845 5771 859 36617 17448 853 5750 6090 4993 4742 681 423 4061 3146 3991 1578 943 743 19169 2958 2299 718 1754 1525 126984 498 1052 48453 446 29174 5348 4945 821 2700 510 857 39392 23518 862 126486 60617 37918 18343 2747 629 15596 1273 1042 557
internal_count=343517 156430 143926 56081 13693 2307 1921 11386 4677 2718 1666 1241 1391 1149 984 948 707 680 1959 504 42388 6709 187087 12504 6299 5852 780 443 6205 455 87845 5771 859 36617 17448 853 5750 6090 4993 4742 681 423 4061 3146 3991 1578 943 743 19169 2958 2299 718 1754 1525 126984 498 1052 48453 446 29174 5348 4945 821 2700 510 857 39392 23518 862 126486 60617 37918 18343 2747 629 15596 1273 1042 557
is_linear=0
shrinkage=0.06


Tree=27
num_leaves=80
num_cat=0
split_feature=94 96 97 97 205 120 57 97 207 36 205 95 97 123 36 205 57 85 97 84 194 52 74 207 122 191 203 141 124 97 71 133 200 94 85 193 54 80 191 84 207 56 148 74 49 160 56 36 114 202 93 194 84 193 57 95 145 40 193 191 194 89 96 2 3 36 88 96 204 149 46 36 194 192 208 76 205 194 57
split_gain=696364 222880 173851 811773 1.88297e+06 562194 346788 166573 132866 172334 143330 84575.3 77028.6 67719.3 91865.7 204183 91144.9 80526.8 67478.2 56320.3 93087.6 51641.5 60255.3 49788.1 86341.8 37591 37219.4 37289.7 34868.6 31969.6 42785.9 57326.7 30457.1 37152.6 30297.9 44975.7 98476.5 30239.6 29670.8 25257.6 29784.3 50635.6 27533.5 25193.1 24842.6 24267.8 24070.8 23524 23345.2 23062.1 22471.3 22125.8 20140.9 45040.4 35306.1 19838.3 27784.5 19340.7 19339.5 41489.6 43542.3 19288.2 18089.1 56032.4 25146.6 29270.9 17468.5 17463.5 17204.8 17038.3 16545.4 21183.9 16079 16036.7 16897.2 17203.2 21645.7 18372.4 28075.4
threshold=13.724246978759767 40.390100479125984 36.21507644653321 48.168771743774421 0.93301269412040722 94.93125152587892 6.0288295745849618 40.950769424438484 0.97112539410591137 156.50531768798831 0.93301269412040722 19.320567131042484 42.884325027465827 -10.276521682739256 158.89533996582034 0.93301269412040722 4.2418375015258798 18.372500419616703 1.5074734687805178 14.71299982070923 95.500000000000014 89.502498626708999 40.066303253173835 0.82414472103118908 -10.257125377655028 12.860840797424318 -0.97988739609718312 5.9231507778167733 0.86565911769866954 75.481174468994155 34.384000778198249 1.1560968160629275 19.94999980926514 30.783332824707035 14.777499675750734 8.9499998092651385 50.030729293823249 9.8515000343322772 33.900127410888679 51.96100044250489 -0.091260667890310274 54.457740783691413 0.35019405186176306 81.156024932861342 128.67499542236331 18.500000000000004 36.234933853149421 inf -230.16585540771482 -0.70088258385658253 3.693366646766663 92.500000000000014 0.40500000119209295 8.6500000953674334 0.1794179901480675 18.315331459045414 7.0499999523162851 inf 17.44999980926514 49.514556884765632 71.500000000000014 5.5824999809265146 17.880798339843754 30.005999565124515 78.012500762939467 274.14323425292974 5.0060000419616708 9.7091674804687518 8.0000000000000018 24.204999923706058 22.451499938964847 210.819938659668 61.500000000000007 0.81557041406631481 -0.42179730534553522 41.13264465332032 -0.68301269412040699 77.500000000000014 27.955738067626957
decision_type=8 8 2 2 2 8 8 2 2 10 2 8 2 8 8 2 10 8 2 8 10 10 8 2 10 8 8 8 8 2 8 8 8 8 8 8 10 2 10 8 2 10 8 8 8 8 10 8 10 10 10 10 10 8 10 10 10 8 10 8 10 8 10 8 10 8 10 10 2 2 10 10 10 8 2 8 2 10 10
left_child=12 2 11 4 -4 -6 -7 -8 19 10 -10 51 18 38 15 16 -15 44 50 29 23 22 46 43 -25 48 -19 -28 -24 30 55 -32 33 57 45 36 -36 -29 -3 -39 42 -42 -41 58 -16 52 -9 -34 -13 -11 -1 -2 53 -20 -55 -5 -57 -27 -21 -60 -61 -53 -37 -64 -65 -66 -48 -54 -47 -69 71 -71 -50 -35 -75 77 -77 78 -76
right_child=1 13 3 8 5 6 7 21 9 49 -12 25 -14 14 17 -17 -18 26 34 20 -22 -23 28 24 -26 32 27 37 -30 -31 31 -33 47 73 35 62 -38 39 -40 40 41 -43 -44 -45 -46 68 66 -49 72 -51 -52 61 67 54 -56 56 -58 -59 59 60 -62 -63 63 64 65 -67 -68 69 -70 70 -72 -73 -74 74 75 76 -78 -79 -80
leaf_value=-0.17924204595193052 0.012247184272494433 -0.39719426041809464 -0.050783713058145843 -0.38801360782180833 -0.53586163350341398 0.049526737633317997 1.1666002908323994 2.1232648401260374 0.52943116507960553 -0.59760479932246002 2.6841247449929897 -0.091957388871506673 0.9585482245902297 1.1377022404618122 -0.26667608556419925 2.104602242453034 -0.55951473058093082 1.2421711310714778 0.89213274934418785 -0.14000291910578186 1.1817840295833286 1.9656168920717068 3.0987797616360453 1.5086633226455644 -0.19896830497643436 0.12283175017317763 1.0626011569593468 -0.33150067825340529 4.1256220922335771 -0.21238829920962327 0.095072506668294282 1.2115540363129882 0.061649290936860696 0.11118964227966052 -0.02210755008922418 -0.016335678568198512 1.6105748930772239 0.28770404234799968 0.45312473270541698 1.2970825472703769 0.55455217065983087 -0.19389205500600232 0.43517765000018671 -0.53151167307211 0.28397818932194363 -0.19295899791452092 3.302578117586823 -0.42093675637861744 0.19661712635240419 0.26349578928263462 -0.10292237422867248 0.28645152223899734 -0.086708641656757679 0.79037144724927511 -0.005004384957841921 -0.15254126481190114 0.44007010114283213 0.68762552780674935 -0.050170108397313833 0.12650040197366733 1.2354044340682768 -0.14586745815102647 0.96446655506553169 -0.26786589436904384 0.88079959545784914 0.0065483890489929104 2.6506475947170185 -0.040327399608956233 -0.077997990315546023 0.065461492938111016 0.037681086371906779 0.83045945348142969 0.0011426951682289804 0.098364310580733652 0.50117003725713916 -0.029215117343653743 0.43099406972610205 0.24783266013252594 1.1564735466080611
leaf_weight=20349 56288 557 3586 676 258 201 237 219 240 206 207 5103 258 203 848 355 257 201 218 1318 283 209 337 214 211 28601 305 205 212 6337 652 221 13131 1298 393 17946 200 3142 200 314 2179 382 234 321 451 7945 246 373 2557 243 43768 400 41690 206 6832 1070 387 219 1012 293 225 5066 280 565 200 439 517 37828 11431 275 1539 247 3715 776 1049 585 990 592 304
leaf_count=20349 56288 557 3586 676 258 201 237 219 240 206 207 5103 258 203 848 355 257 201 218 1318 283 209 337 214 211 28601 305 205 212 6337 652 221 13131 1298 393 17946 200 3142 200 314 2179 382 234 321 451 7945 246 373 2557 243 43768 400 41690 206 6832 1070 387 219 1012 293 225 5066 280 565 200 439 517 37828 11431 275 1539 247 3715 776 1049 585 990 592 304
internal_value=0.000133768 0.096594 0.0773562 0.240587 0.823762 2.11066 2.42426 2.66555 -0.00824057 0.698417 1.53101 0.0501984 -0.0754974 0.37278 0.418252 1.0257 0.190318 0.358206 -0.0768894 -0.0561842 0.136041 2.86893 2.99088 0.0533911 0.662397 0.101381 0.439114 0.415059 3.50208 -0.135957 0.0251871 0.378773 0.124657 0.154621 -0.05176 0.0160389 0.530329 0.384308 -0.172238 0.407832 0.529103 0.442882 0.930506 -0.028467 -0.075423 -0.0643053 2.70182 0.0482894 0.00332651 -0.132025 -0.127147 0.00105479 -0.0510342 0.0447553 0.018385 -0.119639 0.00505865 0.127147 0.0283982 0.173462 0.609619 -0.114184 0.000316432 0.201566 0.0234937 0.281128 2.86489 -0.0595546 -0.125145 -0.0311731 0.136785 0.428339 0.0808533 0.296117 0.351953 0.407814 0.260149 0.527193 0.649153
internal_weight=343627 151018 141185 20138 6022 2436 2178 1977 14116 896 447 121047 192609 9833 9076 815 460 8261 192351 13220 3877 1740 1531 3594 425 59293 6962 6761 549 9343 3006 873 47918 34414 128234 20023 593 6456 757 6251 3109 2561 548 3169 1299 108211 982 13504 11375 449 64117 61754 88835 7256 7038 2133 1457 28820 2848 1530 518 5466 19430 1484 1204 639 763 81579 19376 39889 2061 522 6272 5594 4296 3520 1575 1945 1353
internal_count=343627 151018 141185 20138 6022 2436 2178 1977 14116 896 447 121047 192609 9833 9076 815 460 8261 192351 13220 3877 1740 1531 3594 425 59293 6962 6761 549 9343 3006 873 47918 34414 128234 20023 593 6456 757 6251 3109 2561 548 3169 1299 108211 982 13504 11375 449 64117 61754 88835 7256 7038 2133 1457 28820 2848 1530 518 5466 19430 1484 1204 639 763 81579 19376 39889 2061 522 6272 5594 4296 3520 1575 1945 1353
is_linear=0
shrinkage=0.06


Tree=28
num_leaves=80
num_cat=0
split_feature=96 205 97 97 93 97 209 75 85 80 29 194 85 139 37 60 85 83 30 194 84 39 88 80 86 80 181 198 56 90 144 56 29 84 22 59 36 62 52 84 207 207 193 84 59 208 193 105 65 193 197 207 189 27 47 91 53 90 194 85 56 68 47 83 85 208 197 4 208 208 199 199 96 114 37 82 91 96 80
split_gain=634173 223187 863339 1.91021e+06 413108 218626 600798 231431 189716 171306 128471 95755.6 86737.1 105144 150628 314689 74765.4 71187.3 68375.9 67449.2 64389.5 93525.4 60628.9 59263.3 53730.9 52734.7 48688.4 44240.7 46630.9 55602.1 144763 168671 281697 160881 175617 116928 125465 50643.8 43337 41378.5 41117.9 107084 35107.6 141590 34947.2 34406.4 48311.8 34325.3 33716.1 32784.2 39856 43794.8 32345.7 41203.2 70879.9 32434.6 30865.9 30013.4 29181.7 27207.6 26293.6 25830.1 24353.4 24313.7 23564.3 23305.9 53693.3 32868.8 32658.1 47381.7 22993.3 22689.2 22592.8 35532 211015 20388.7 20089.4 19324.2 23018.1
threshold=13.160812854766847 0.93301269412040722 36.21507644653321 48.168771743774421 36.440832138061531 75.481174468994155 4.5000000000000009 43.067745208740241 24.501000404357914 31.209000587463382 98.970001220703139 55.500000000000007 49.913999557495124 25.445999145507816 48.086233139038093 43.158500671386726 37.112499237060554 18.164000511169437 70.014999389648452 83.500000000000014 16.107999801635746 0.24002577364444735 7.2525000572204599 28.891500473022464 17.350999832153324 9.3074998855590838 7.0000000000000009 17.250000000000004 72.571735382080092 10.236499786376955 -0.88426831364631642 34.352075576782234 144.02850341796878 9.1050000190734881 247.20999908447268 0.44452853500843054 166.3420104980469 78.002498626708999 72.212497711181655 12.610000133514406 0.9837264120578767 0.90162119269371044 5.0499999523162851 5.2024998664855966 0.73844173550605785 0.063390085473656668 32.750000000000007 -16.038388252258297 15.661499977111818 26.150000572204593 983.04998779296886 0.9996619224548341 12.730971336364748 246.02349853515628 65.187500000000014 44.760000228881843 59.185832977294929 1.5825000405311587 70.500000000000014 5.0209999084472665 63.653787612915046 17.871000289916996 139.16249847412112 6.0014998912811288 5.6015000343322763 0.86004966497421276 989.95001220703136 184.0830001831055 0.81304046511650097 0.76002004742622387 261.50000000000006 251.50000000000003 23.205305099487308 367.33544921875006 89.778610229492202 8.6024999618530291 15.711499691009523 18.978005409240726 6.8775000572204599
decision_type=8 2 2 2 8 2 2 10 8 2 8 8 8 8 8 8 8 10 10 10 8 8 10 2 10 2 2 8 8 10 10 10 8 10 8 8 8 10 10 8 2 2 8 10 10 2 10 10 8 10 10 2 8 10 10 8 10 10 10 10 10 10 10 8 8 2 8 8 2 2 10 10 10 8 8 8 10 10 2
left_child=25 9 11 4 8 6 7 -5 17 24 -8 23 27 -14 15 61 26 18 -4 -20 -7 -22 -12 47 45 42 -11 28 29 30 31 35 -33 34 -34 57 -37 48 63 -31 41 76 43 -1 -25 75 58 -3 -35 50 70 -52 -16 55 -55 -54 -50 -13 -47 -41 -24 -15 -28 -21 -44 68 -67 -68 69 -18 -49 -51 -61 -74 -75 -2 -23 -26 -79
right_child=1 2 3 5 -6 20 10 -9 -10 16 22 12 13 14 52 -17 65 -19 19 38 21 40 60 44 77 -27 62 -29 -30 39 -32 32 33 37 -36 36 -38 -39 -40 59 -42 -43 64 -45 -46 46 -48 49 56 71 51 -53 53 54 -56 -57 -58 -59 -60 72 -62 -63 -64 -65 -66 66 67 -69 -70 -71 -72 -73 73 74 -76 -77 -78 78 -80
leaf_value=1.4822291175315008 -0.18985301842648267 0.080047313195425698 3.0726627573937422 1.2745152424698445 -0.30017397658809164 -0.21759703456841467 1.2393351738689458 4.1422366189440849 0.82070458954716308 0.60652144072253045 0.33644364715091823 0.062011892484475493 -0.054592094220975849 -0.079553590748669967 -0.4410115421329861 3.1472161768829765 0.32146979091030486 3.6333268473853528 1.3804619286008124 2.1609356899559495 1.4580290734360857 -0.35878807972371579 -1.2174041203266153 0.48705001599612063 -0.0017624083957006017 -0.030796032892995134 0.048018617891363941 -0.29553956910694879 -0.098735550565716437 -0.13667412316085278 -0.043261298088968753 2.4484096836076334 2.8350118836613709 -0.31385412693134174 0.37508673541925946 1.7198147774000225 -0.22797153212273347 1.0927745640692967 1.7209133623414119 0.57256752801692545 -0.64572841641011425 1.461456760185436 -0.13295688633477212 -0.43203923695259266 1.2492460450700027 0.030247860263486939 0.92127093038180974 1.4257332180667692 0.075842341722304377 -0.23895225570076145 0.10552993292391907 1.0498757836149102 -0.1711788971608473 0.1508925885772705 1.6350267682152408 0.46759106944868528 0.90334848836841097 -0.61831746786901587 -0.10144295039068514 0.0079232831657381261 -0.30547202371860421 0.83282151087929923 0.70151517703811428 2.8995079474112355 -0.079337790565580907 1.4969461208581925 0.72298665112521787 -0.03235808119177818 -0.37398437348243435 1.2518136273049614 0.59339105545633253 0.32484353336265959 0.091698728399932122 2.1755094887316226 -0.041374828251499324 -0.059353435098355604 0.23613352779111818 0.39502761905189154 0.078300541225427261
leaf_weight=238 5861 3568 483 200 226 2945 222 207 248 648 253 364 1661 211 200 226 4628 212 273 255 204 419 259 1247 12780 56891 7604 1473 7205 4558 3871 324 202 471 216 242 233 209 235 370 231 205 53111 332 262 24183 204 235 525 399 734 232 530 249 216 620 234 649 8081 13056 204 236 210 537 66407 209 528 341 227 205 247 718 5899 205 619 16285 397 856 22927
leaf_count=238 5861 3568 483 200 226 2945 222 207 248 648 253 364 1661 211 200 226 4628 212 273 255 204 419 259 1247 12780 56891 7604 1473 7205 4558 3871 324 202 471 216 242 233 209 235 370 231 205 53111 332 262 24183 204 235 525 399 734 232 530 249 216 620 234 649 8081 13056 204 236 210 537 66407 209 528 341 227 205 247 718 5899 205 619 16285 397 856 22927
internal_value=0.000721034 0.084697 0.176167 0.748252 2.14364 0.148398 0.817566 2.73961 2.3899 0.032006 -0.0184435 0.0870038 0.0537038 0.315074 0.561788 1.32779 0.222812 2.58446 2.45778 2.22715 -0.056248 0.270032 -0.40961 0.283381 0.00145049 -0.0783814 0.107153 0.0271988 0.0392559 0.0700897 0.212697 0.482685 0.818587 0.53306 1.56778 -0.00987398 0.765903 0.231614 2.45065 0.0265624 0.0754519 0.23909 -0.100924 0.368448 0.620126 -0.0362361 0.00309566 0.200439 0.0845173 0.36781 0.556121 0.333181 0.27718 0.366338 0.842326 0.173308 0.331816 -0.374036 -0.00273819 0.0634939 -0.817127 0.402932 0.0656688 2.66473 -0.103166 0.382219 0.635544 0.426889 0.328135 0.361183 1.00131 0.123418 0.0539423 0.143296 0.512124 -0.0938975 -0.0694123 0.0577423 0.0897163
internal_weight=343687 166708 60931 8215 2469 5746 1345 407 2243 105777 938 52716 45074 4149 2488 673 14600 1995 1783 1300 4401 1456 716 7642 91177 176979 8462 40925 39452 32247 7540 3669 2181 1857 418 1488 475 1439 1027 24707 1252 1021 120088 570 1509 54614 32468 6133 1230 2565 1448 966 1815 1615 465 1150 759 1013 32264 20149 463 447 7814 792 119518 6138 1078 869 5060 4833 482 1117 19779 6723 824 22146 816 36563 23783
internal_count=343687 166708 60931 8215 2469 5746 1345 407 2243 105777 938 52716 45074 4149 2488 673 14600 1995 1783 1300 4401 1456 716 7642 91177 176979 8462 40925 39452 32247 7540 3669 2181 1857 418 1488 475 1439 1027 24707 1252 1021 120088 570 1509 54614 32468 6133 1230 2565 1448 966 1815 1615 465 1150 759 1013 32264 20149 463 447 7814 792 119518 6138 1078 869 5060 4833 482 1117 19779 6723 824 22146 816 36563 23783
is_linear=0
shrinkage=0.06


Tree=29
num_leaves=80
num_cat=0
split_feature=94 97 205 96 205 97 97 141 39 164 77 97 203 36 77 80 96 56 207 201 198 99 123 198 201 96 196 80 114 202 114 82 28 132 64 113 199 97 45 200 208 88 207 66 40 172 205 120 202 85 57 115 88 16 20 96 78 72 87 90 115 71 51 176 114 96 80 28 80 155 99 205 62 86 203 196 201 196 146
split_gain=569234 214449 371341 158357 141006 491317 1.30467e+06 839964 536847 269638 146532 210850 99933.3 93474.7 355803 83196.5 72635.7 54080 46938.7 63357.6 71860.2 63848.3 46028.4 51354.4 48422.6 55276.4 42121 42533.6 49887.9 47678.7 40249.1 37927.4 53193.4 36378.5 36045.2 35705.5 34893.7 33485 32514.5 29565.5 29383 28706.4 27072.3 71663 44307.6 26771.1 27816.9 41112.1 55820.5 100438 125503 189590 326010 95928.4 62342.5 45808.7 102171 66256.7 38538.6 73721.7 35847.3 41112.4 29770.8 27463.4 26063.2 25851.6 25784.6 24426.6 23870.6 23827.1 23579.3 25878.5 44870.6 23161.7 22033.1 23391.6 36170.9 21086.7 21004.4
threshold=15.24204206466675 42.884325027465827 0.93301269412040722 31.362920761108402 0.93301269412040722 36.21507644653321 63.294715881347663 10.481819629669191 0.77940684556961071 77.500000000000014 47.121683120727546 48.168771743774421 0.99901017546653759 109.17042160034181 18.718308448791507 26.207500457763675 9.7091674804687518 26.653347015380863 0.90162119269371044 82.500000000000014 3.9500000476837163 0.32228387892246252 13.795756816864015 5.3500001430511483 37.500000000000007 21.935880661010746 24.500000000000004 52.175998687744148 161.01001739501956 -0.70088258385658253 -230.16585540771482 14.982500076293947 150.0100021362305 -46.990528106689446 104.86000061035158 233.74914550781253 298.50000000000006 15.493083477020265 151.20000457763675 13.050000190734865 -0.4906590580940246 9.4024996757507342 -0.87395131587982167 59.371000289916999 111.62500000000001 9.4349999427795428 -0.37940952181816096 19.48124980926514 -0.97625884413719166 5.368499994277955 10.410302162170412 1.0646523833274844 8.5515003204345721 117.33075332641603 50.024999618530281 17.880798339843754 27.404000282287601 1.9525000452995303 5.2874999046325692 7.4809999465942392 1.0816870927810671 21.409999847412113 76.312500000000014 2.8750000000000004 -8.5828533172607404 23.04102993011475 18.270000457763675 309.12500000000006 7.5899999141693124 86.224998474121108 1.0164502859115603 0.37940952181816107 87.239002227783217 30.701499938964847 0.7933231294155122 23.500000000000004 67.500000000000014 1.5000000000000002 23.349999427795414
decision_type=10 2 2 8 2 2 2 8 8 2 10 2 10 8 10 2 10 10 2 8 10 2 8 10 10 10 8 2 8 10 10 8 8 8 8 8 10 2 10 10 2 10 2 10 8 10 2 10 10 10 10 8 8 10 8 10 8 10 8 8 8 10 8 2 8 10 2 8 2 2 2 2 10 10 8 8 10 10 10
left_child=1 16 -3 4 30 18 7 41 9 10 11 17 13 14 40 34 68 -9 42 20 -20 -22 23 -23 25 -24 27 -17 -29 35 37 -8 -33 69 38 -30 -21 -2 74 -35 -5 -7 43 44 -6 46 -18 48 -48 50 54 52 -52 63 -50 58 57 -57 59 -51 -56 -62 -59 -54 -41 67 -44 -19 -1 -28 71 -36 -73 -32 -15 76 -76 -49 -68
right_child=3 2 -4 12 5 6 31 8 -10 -11 -12 -13 -14 15 -16 26 45 65 19 36 21 22 24 -25 -26 -27 33 28 29 -31 73 32 -34 39 70 -37 -38 -39 -40 64 -42 -43 66 -45 -46 -47 47 77 49 55 51 -53 53 -55 60 56 -58 62 -60 -61 61 -63 -64 -65 -66 -67 78 -69 -70 -71 -72 72 -74 -75 75 -77 -78 -79 -80
leaf_value=-0.11328156681512462 0.019598493372754412 -0.22006302779761966 2.3732221617941129 -0.10175817616875306 0.064586860538812838 -1.286323995290868 -0.2118524045294482 1.6142036947062317 -0.8421222837062543 0.62230055381749805 1.1057209903172083 4.4149115909438539 1.5161295179874363 -0.14832624065858127 2.4502320927944021 0.28002357475691075 -0.058941918946517957 2.3695195883819733 -0.00092569142601192926 -0.099583194584597745 0.18070994959906345 0.46402283070348554 0.4460487628452563 1.7044267543544993 0.32492344484302643 1.7285482814988573 0.42444139461271013 0.41861177267138228 1.1297966744559151 1.4756465277603683 0.057094205137311067 0.95482355222672555 -0.13608036031502199 0.14751258784840846 0.1588280712300183 0.060302665349509982 0.22522892976410958 -0.096964385952032092 0.66453647716408182 0.12420502550676144 0.65781151839709684 -0.30264223686078695 -0.078691035169454901 1.2309253121301602 0.95505039900115551 -0.13070933017051742 -0.027526095745562289 0.013140925776716795 1.0195702647468901 1.4072985149912718 3.1172580536253998 -0.030256693390485461 0.58863348395204151 1.5209592271273424 -0.34051484367098001 1.0408722304276401 1.4581258481767145 -0.24335412629371481 -0.0064360972530290847 0.068988685678245856 -0.092375947370898298 0.94731644769410395 0.42774801939462909 -0.37473139308493236 -0.67217133305655652 3.2935375254494805 0.036774005362248105 3.1264764250978896 -0.052977413625935485 -0.077158060817882929 -0.20020505163989721 0.16746213447571415 1.2173687661567119 0.23024391178294421 0.050509233994754689 -0.075996036645199841 1.001099108486984 -0.10178478014387217 0.37787436789460482
leaf_weight=80042 28596 453 353 610 4787 225 2864 212 208 284 209 248 225 3424 325 4185 34110 775 1809 3177 1726 210 268 283 1264 221 1584 1983 209 373 25293 262 414 927 702 242 1903 12862 229 232 261 204 9210 210 209 7968 16476 10182 212 204 266 592 203 276 815 247 255 792 11890 535 393 209 339 222 406 209 9086 208 33533 434 282 290 296 3124 378 830 232 13195 699
leaf_count=80042 28596 453 353 610 4787 225 2864 212 208 284 209 248 225 3424 325 4185 34110 775 1809 3177 1726 210 268 283 1264 221 1584 1983 209 373 25293 262 414 927 702 242 1903 12862 229 232 261 204 9210 210 209 7968 16476 10182 212 204 266 592 203 276 815 247 255 792 11890 535 393 209 339 222 406 209 9086 208 33533 434 282 290 296 3124 378 830 232 13195 699
internal_value=0.00119914 -0.0589997 0.917239 0.100248 0.0731187 0.160887 0.647707 1.61975 2.06479 2.34693 2.60965 2.79913 0.261999 0.24661 0.759355 0.210993 -0.0626989 2.51078 0.0730933 0.176716 0.312544 0.455274 0.666097 1.17807 0.521524 1.02801 0.315615 0.401331 0.582026 0.974306 0.0211354 -0.116439 0.287511 0.148279 0.044922 0.557325 0.0221139 -0.0165656 -0.0325731 -0.0688009 0.126344 -0.820351 0.0265838 0.147787 0.102022 -0.0252382 -0.0160435 0.00949261 0.0516787 0.12646 0.430867 0.815505 1.33278 0.652168 0.0624839 0.0583898 0.357326 0.152713 0.0197104 0.43983 -0.0813257 0.269553 -0.0420013 0.0857186 -0.382839 2.66875 -0.00664064 2.5327 -0.0954774 0.31658 0.296173 0.404923 0.698961 0.0761367 -0.0655233 0.13133 0.413092 -0.0517297 0.0611769
internal_weight=343680 213762 806 129918 111259 41384 6322 2782 2353 2145 1861 1652 18659 18434 1196 17238 212956 1404 35062 10861 5781 3972 2246 493 1753 489 10575 6992 2807 824 69875 3540 676 3583 6663 451 5080 41458 5093 1565 871 429 24201 5206 4996 99381 91413 57303 33926 17450 3188 1559 967 701 1629 14262 1633 1378 12629 739 1417 602 1131 425 638 1192 18995 983 113575 2018 1570 1288 586 28417 4864 1440 610 23377 9785
internal_count=343680 213762 806 129918 111259 41384 6322 2782 2353 2145 1861 1652 18659 18434 1196 17238 212956 1404 35062 10861 5781 3972 2246 493 1753 489 10575 6992 2807 824 69875 3540 676 3583 6663 451 5080 41458 5093 1565 871 429 24201 5206 4996 99381 91413 57303 33926 17450 3188 1559 967 701 1629 14262 1633 1378 12629 739 1417 602 1131 425 638 1192 18995 983 113575 2018 1570 1288 586 28417 4864 1440 610 23377 9785
is_linear=0
shrinkage=0.06


Tree=30
num_leaves=80
num_cat=0
split_feature=94 97 204 81 181 79 81 201 191 209 194 190 183 97 97 76 194 71 94 96 97 97 204 109 166 39 207 193 208 97 194 140 193 194 99 141 91 194 56 193 57 193 194 207 76 207 76 194 190 96 207 204 88 88 17 204 123 95 197 99 95 59 99 99 59 77 97 57 207 55 96 201 197 146 194 193 5 97 208
split_gain=491713 237380 469004 141422 166914 130541 119573 98012.9 82197 81597 130904 214780 280350 117566 500197 153229 85776.5 78433.5 77846.1 59717.3 51980.1 87727 368886 382738 110397 106821 50336.8 122389 78735.6 136798 275667 51774.3 48744.7 47012.5 45694.6 44965.1 38030.4 32676.2 32282.3 31533.7 137491 31001.2 28646.6 30857.9 28294.9 28254.7 28248.2 26555 30103.6 50745.3 147148 298100 451861 32974.4 31499.1 28577.3 32096.6 25738.7 25543.8 24783.7 24500 23824 23810.2 23477.3 23407.1 29158.7 22364.6 23940.1 110915 22289.2 22048 20654.1 20571.5 22179.8 20467.4 19698.1 52896.9 19432.3 18939.9
threshold=16.591833114624027 42.884325027465827 10.500000000000002 37.412500381469734 7.0000000000000009 0.67034921050071727 62.957500457763679 107.50000000000001 11.384292125701906 10.500000000000002 86.500000000000014 1.0362189412117007 61.207494735717781 63.294715881347663 36.21507644653321 54.399641036987312 90.500000000000014 23.564999580383304 8.6151371002197283 46.914346694946296 75.481174468994155 36.21507644653321 10.500000000000002 2454.9499511718755 27.500000000000004 0.43051770329475408 0.9260200858116151 16.94999980926514 -0.065537083894014345 42.884325027465827 60.500000000000007 11.043000221252443 10.84999990463257 32.500000000000007 0.74050867557525646 7.3819017410278329 8.058500289916994 71.500000000000014 9.4434633255004901 5.0499999523162851 12.503234863281252 22.250000000000004 73.500000000000014 -0.12546116113662717 51.970226287841804 -0.32614396512508387 29.950344085693363 58.500000000000007 0.018413078971207145 17.880798339843754 0.61237135529518139 10.500000000000002 12.308000087738039 6.4260001182556161 13.057032585144045 10.500000000000002 5.5225324630737314 17.790887832641605 982.04998779296886 0.44365294277668005 16.388657569885257 0.53762775659561168 0.85159438848495495 0.40239635109901434 0.52771341800689708 16.262592315673832 1.5322539210319521 0.27745829522609716 0.78325453400611889 48.07988357543946 25.468791007995609 42.500000000000007 988.25000000000011 25.050000190734867 77.500000000000014 8.6500000953674334 294.14750671386724 14.741779804229738 0.054805127903819091
decision_type=10 2 2 2 2 8 2 8 8 2 10 8 8 2 2 10 10 10 8 8 2 2 2 8 10 8 2 10 2 2 10 10 10 8 2 8 8 10 10 8 10 10 8 2 8 2 10 8 10 10 2 2 10 8 10 2 8 8 10 2 10 10 2 2 10 10 2 8 2 10 10 10 10 10 10 8 8 2 2
left_child=1 18 5 7 6 -3 63 8 -2 10 26 -12 -13 14 15 36 -15 32 39 61 21 44 23 -23 25 34 62 -28 29 31 -31 38 -16 -24 -25 -21 -14 -11 -29 40 -1 59 45 -44 70 -37 -39 55 49 -49 53 52 -52 -51 -55 56 -20 60 71 -40 66 -6 -10 -5 65 -47 -41 68 -68 -22 72 -30 -9 -74 -63 76 -69 -60 -57
right_child=3 2 -4 4 19 -7 -8 20 9 37 11 12 13 16 17 -17 -18 -19 47 35 69 22 33 24 -26 -27 27 28 58 30 -32 -33 -34 -35 -36 42 -38 46 41 57 -42 -43 43 -45 -46 64 -48 48 -50 50 51 -53 -54 54 -56 78 -58 -59 77 -61 -62 74 -64 -65 -66 -67 67 75 -70 -71 -72 -73 73 -75 -76 -77 -78 -79 -80
leaf_value=-0.43710551619716942 -0.017031434283623633 0.91484939210555127 -0.21859341832053403 0.39905530093422453 0.18788976449874864 2.8525394079484134 2.0472712412883909 -0.0057478480611230049 0.12103076567233487 0.17513092684813236 0.017402464298937527 2.4501495644083393 0.80574197111651302 1.0212669494832323 2.3332361195833626 1.7987564747618592 -0.19819441556847922 3.1387219732829501 0.47136161495372303 1.2771351797539408 -0.23749242129994072 -0.5867136244707295 0.80287744131963701 2.0606755472191778 0.79124917227511449 1.0577218118698393 1.3241020286267584 -0.38401255984729354 0.83848267952392319 -0.042260294514042986 2.7696179223060606 1.1918369509881648 1.1635222130188574 -0.063620529993441047 3.280883642300402 0.94934423946681312 -0.07027981283348142 0.10845524941218428 0.33277180912122845 -0.12214822883278786 1.5908286585064955 0.13329187091490993 -0.57830520494121385 0.25445149474522688 -0.070424179611293103 0.45428965277707756 -0.15672017900976704 -0.02733838481588045 -0.078649127021465884 -0.59150775308608561 4.0477976299581284 -0.040702683760079073 0.35292433919734323 0.58324030407498373 -0.032471392562007151 -0.057299701021916942 0.082969659207616578 -0.39601076747158531 0.064288080406443376 1.1761913753610174 0.39850469099046432 0.034904471647171566 -0.14367873478958737 1.0138277847738808 0.99442309170672039 -0.0099351059549780026 -0.084360230790035393 -0.00425539690223725 1.4847759304092778 0.038808020669498462 0.12802971012292844 0.13763379234735754 0.09788129846093839 0.72340114001694289 -0.46294001445703375 -0.078760854425646454 0.98793183871346213 -0.27830453739857725 0.042310492714484053
leaf_weight=297 8616 203 731 594 5649 331 277 23849 8796 4314 2173 324 207 274 261 206 847 209 926 201 3565 337 239 222 296 210 391 303 225 251 250 202 259 3708 238 355 1253 2545 310 51011 201 1386 208 685 9928 1790 3347 46519 39637 331 203 698 287 338 2542 12173 4414 1013 1967 211 364 1912 1420 360 205 669 839 1379 200 1490 8568 460 5481 211 351 49039 224 854 15777
leaf_count=297 8616 203 731 594 5649 331 277 23849 8796 4314 2173 324 207 274 261 206 847 209 926 201 3565 337 239 222 296 210 391 303 225 251 250 202 259 3708 238 355 1253 2545 310 51011 201 1386 208 685 9928 1790 3347 46519 39637 331 203 698 287 338 2542 12173 4414 1013 1967 211 364 1912 1420 360 205 669 839 1379 200 1490 8568 460 5481 211 351 49039 224 854 15777
internal_value=0.000241358 -0.0502404 0.769085 0.102432 0.286598 2.11901 0.951762 0.0780658 0.14812 0.19092 0.253482 0.494126 0.763822 0.607774 0.845059 0.271029 0.100517 2.15473 -0.0547814 0.218432 0.0277998 0.045244 0.278091 1.15302 1.75992 2.18605 0.168471 0.294819 0.231926 0.462405 1.36359 0.27473 1.75398 -0.010962 2.69775 0.403856 0.0543898 0.0496833 0.190403 -0.0929011 0.382946 0.281824 0.358672 0.0600536 0.0197907 0.446952 -0.0421809 -0.022595 -0.0394405 -0.00891763 0.185842 0.756049 1.88878 -0.0252917 0.0399666 0.0232276 0.150396 -0.0951818 0.0403521 0.675948 -0.0922209 0.122001 0.0842263 0.631864 0.379673 0.328039 -0.0939642 -0.0661438 0.218824 -0.156059 0.0432943 0.368726 0.0187144 0.121192 -0.0424835 -0.0719946 0.13492 -0.0394867 -0.00107301
internal_weight=343136 229677 1265 113459 13256 534 1231 100203 41861 33245 23039 6013 3840 3516 2395 1666 1121 729 228412 12025 58342 53287 5250 1303 966 670 17026 6810 6419 2913 501 2412 520 3947 460 4113 1460 10206 2210 104567 498 1907 3912 893 48037 3019 5892 123845 90555 50918 4399 1188 490 3211 2880 33290 5340 104069 3506 521 103056 7912 10216 954 2664 2459 102692 51681 1039 5055 38109 685 29541 5692 2263 50642 1603 2821 27950
internal_count=343136 229677 1265 113459 13256 534 1231 100203 41861 33245 23039 6013 3840 3516 2395 1666 1121 729 228412 12025 58342 53287 5250 1303 966 670 17026 6810 6419 2913 501 2412 520 3947 460 4113 1460 10206 2210 104567 498 1907 3912 893 48037 3019 5892 123845 90555 50918 4399 1188 490 3211 2880 33290 5340 104069 3506 521 103056 7912 10216 954 2664 2459 102692 51681 1039 5055 38109 685 29541 5692 2263 50642 1603 2821 27950
is_linear=0
shrinkage=0.06


Tree=31
num_leaves=80
num_cat=0
split_feature=94 97 194 96 201 191 209 97 97 194 207 194 95 203 96 193 45 43 82 194 76 207 207 193 203 94 97 97 194 97 200 79 199 200 193 99 97 76 56 39 54 82 59 80 169 28 27 207 96 193 88 15 105 40 201 193 97 87 20 82 60 40 66 96 201 193 207 55 197 193 35 92 5 97 203 92 65 197 201
split_gain=447753 229526 352843 132859 97832.3 83035.3 82364.2 132878 347331 387960 131271 166209 80116.1 76234.3 72487.3 52014.9 50285.8 87083.5 52946.8 48098.8 177833 43936 39041.2 84206.1 96984.4 39009 37598.9 46803.5 93377.9 145991 77623.8 72035.4 49821.4 34879.5 32161.3 30978.2 30751.7 28366.5 27442 25789.9 25724.5 26806.2 25405.5 24376.9 24150.1 24069.5 23778.3 23313.7 40483.9 154483 261590 34507.5 31932.2 30403.7 27390.6 24580.7 33485.7 28222 82751.5 189714 25410.5 22811.4 22679.1 35040.2 22536.1 22312.8 22072.5 46064.3 37135.5 33075.8 21711.7 21570.3 39034.8 21005.9 20439.2 19859.2 19314.6 19253.7 25368.6
threshold=16.846211433410648 42.884325027465827 87.500000000000014 43.21882629394532 107.50000000000001 11.384292125701906 9.5000000000000018 36.21507644653321 75.481174468994155 92.500000000000014 0.92922380566596996 69.500000000000014 14.732999801635744 0.62249094247818004 10.118322849273683 17.349999427795414 8.3575000762939471 12.204999923706056 11.611000061035158 86.500000000000014 55.852872848510749 0.96904698014259349 -0.46801505982875818 24.050000190734867 0.46173103153705602 21.166041374206547 88.929145812988295 36.21507644653321 86.500000000000014 48.168771743774421 30.44999980926514 0.6940889060497285 322.50000000000006 18.050000190734867 5.0499999523162851 0.22273667901754382 15.493083477020265 17.48543739318848 78.908622741699233 0.35460376739501959 10.098768234252931 29.128999710083011 0.047827124595642097 27.553999900817875 47.43499946594239 37.052499771118171 180.52500152587893 0.35042373836040502 18.312257766723636 16.849999427795414 12.308000087738039 219.07724761962893 -1.0000000180025095e-35 33.102499008178718 37.500000000000007 18.050000190734867 27.395751953125004 5.9010000228881845 73.021499633789077 6.1659998893737802 3.9550000429153447 8.4600000381469744 15.219000339508058 31.362920761108402 47.500000000000007 16.250000000000004 -0.099819734692573533 54.131189346313484 987.35000610351574 30.849999427795414 244.73762512207034 9.0025000572204608 35.013999938964851 1.5954406261444094 0.77159520983695995 25.927499771118168 19.653499603271488 979.45001220703136 197.50000000000003
decision_type=10 2 10 8 8 8 2 2 2 10 2 10 10 10 10 10 8 8 8 10 10 2 2 10 8 10 2 2 10 2 10 10 10 10 8 2 2 8 8 8 10 8 8 2 8 10 10 2 10 8 8 10 8 8 8 10 2 10 8 8 8 10 8 10 10 10 2 10 10 10 10 10 10 2 8 10 10 8 10
left_child=1 14 76 4 5 -2 7 40 9 10 33 -12 -4 25 73 36 -5 -18 70 62 -21 -10 23 24 -20 -11 27 35 30 39 32 -31 -29 -9 -16 43 -8 -24 45 -30 -7 61 -36 -6 47 74 64 52 51 50 -50 -49 -44 -52 -51 -54 57 58 59 -57 -60 -42 63 -17 -38 -40 -47 77 69 -69 -19 72 -43 -1 -39 -28 -3 78 -68
right_child=3 2 12 16 26 6 15 8 21 13 11 -13 -14 -15 34 19 17 18 22 20 -22 -23 37 -25 -26 -27 75 28 29 31 -32 -33 -34 -35 42 -37 46 38 65 -41 41 71 44 -45 -46 66 -48 48 49 54 53 -53 55 -55 -56 56 -58 -59 60 -61 -62 -63 -64 -65 -66 -67 67 68 -70 -71 -72 -73 -74 -75 -76 -77 -78 -79 -80
leaf_value=-0.10882783668454274 -0.013150204638991921 -0.22125087730119983 2.8145461548656479 -0.32679191408800873 0.047093629106650055 -0.20657222134989101 0.056686444569307916 -0.023858753654849352 -0.14621906468739798 2.2392103522783748 0.40652934917119832 2.4649205130219936 1.2726999876813434 1.369099226460528 0.74345119924687186 0.17555491590763345 1.3630859367446144 -0.67665866947755571 -0.28151655272400272 0.14793541727657267 1.6350654188089351 0.65291197934292133 -0.29722281976862064 1.6749601403276175 1.0555245591279121 3.4059362948288037 -0.17318521185237126 -0.0066960578681947045 1.8912508113477309 -0.55577661124463784 1.1951397221172984 0.84068337422571604 0.74290932319993375 0.86056855364569584 -0.21697238358065696 -0.01069452997416181 0.45909850073080566 -0.19076903019461552 0.34722018757020123 0.98201202982174807 0.6298206323081994 1.3632026781013422 -0.11637858002070739 0.19963488111267458 -0.12940225716265247 0.86601467854822323 -0.35164046691874878 0.0022495282481947345 2.4175310164990145 0.55675446452059107 0.69152860025672802 0.7773430416457211 -0.047289120524183839 -0.21597572511647428 0.0025045060081330772 2.2784753618945537 -0.5924038894396092 0.017818244184166214 0.62062235904034491 0.15096735368746556 -0.0045920061517145247 0.15020972717376194 0.034019998573716306 0.79347875509654042 -0.27459719341648309 1.1325064450989868 1.2653364330507926 0.57437626272372022 -0.74326151103315863 -0.29234477578571028 0.12502851140387822 0.28724058515734413 0.35268370635825819 -0.058929810904190305 0.48829221044092957 0.36633023550947202 0.34985868570785034 0.34109740093178231 0.46668801563290446
leaf_weight=56557 8640 526 235 396 15041 550 4759 767 1543 230 324 250 256 200 200 3244 302 245 381 1282 373 294 265 246 399 205 3944 4426 268 302 221 236 343 202 2222 30397 304 587 255 200 370 208 12004 5033 5960 279 1458 35240 282 347 229 207 25679 314 4136 212 298 18933 257 518 2518 9551 4246 367 297 268 200 328 222 305 240 1891 406 65612 218 261 357 2617 506
leaf_count=56557 8640 526 235 396 15041 550 4759 767 1543 230 324 250 256 200 200 3244 302 245 381 1282 373 294 265 246 399 205 3944 4426 268 302 221 236 343 202 2222 30397 304 587 255 200 370 208 12004 5033 5960 279 1458 35240 282 347 229 207 25679 314 4136 212 298 18933 257 518 2518 9551 4246 367 297 268 200 328 222 305 240 1891 406 65612 218 261 357 2617 506
internal_value=0.00154868 -0.045666 0.727249 0.100795 0.0821629 0.152602 0.19558 0.288057 0.589668 1.102 0.587558 1.30577 2.01487 2.34917 -0.050252 0.0993481 0.332295 0.365526 0.325507 0.19 0.483886 -0.0180377 0.367077 0.709236 0.402907 2.7956 0.0334453 0.0463353 0.204804 0.73185 0.0984248 0.0572201 0.0473621 0.161208 -0.0148147 0.0275054 -0.0271331 0.308944 0.336758 1.50561 0.194695 0.212471 -0.0162083 0.0853472 -0.0120424 0.295449 -0.2208 -0.00512767 0.0299405 0.184459 0.938475 0.00679765 -0.0287826 0.167315 0.04552 -0.00706217 0.0383719 0.0467753 0.203143 0.771091 0.0535134 0.168158 0.128043 0.238559 0.0966696 0.751016 0.349974 0.315315 -0.0773774 0.156959 -0.280507 0.387834 0.696669 -0.0820303 -0.00649652 -0.139619 0.00978529 0.416347 0.694404
internal_weight=343991 233099 1374 110892 102633 41961 33321 16991 4015 2178 1543 574 491 635 231725 16330 8259 7863 7561 9512 1655 1837 7076 1026 780 435 60672 56467 5996 1006 4990 538 4769 969 109556 50471 6818 6050 5785 468 12976 12426 109356 20074 107134 5262 2059 101174 40755 5308 825 35447 60419 543 4483 48415 22736 22438 3505 730 2775 9921 7857 3611 601 523 4457 4178 855 633 485 2505 614 122169 805 4205 883 3323 706
internal_count=343991 233099 1374 110892 102633 41961 33321 16991 4015 2178 1543 574 491 635 231725 16330 8259 7863 7561 9512 1655 1837 7076 1026 780 435 60672 56467 5996 1006 4990 538 4769 969 109556 50471 6818 6050 5785 468 12976 12426 109356 20074 107134 5262 2059 101174 40755 5308 825 35447 60419 543 4483 48415 22736 22438 3505 730 2775 9921 7857 3611 601 523 4457 4178 855 633 485 2505 614 122169 805 4205 883 3323 706
is_linear=0
shrinkage=0.06


Tree=32
num_leaves=39
num_cat=0
split_feature=141 203 204 201 209 198 198 193 193 76 198 204 193 199 141 96 196 199 193 201 167 193 132 196 198 203 198 204 76 198 132 204 196 132 141 198 210 109
split_gain=712979 2.29669e+06 890276 860603 603116 500097 2.43577e+06 2.26137e+06 658712 395283 408722 386556 451919 740305 246350 680488 230712 865968 218684 188883 185835 455630 412772 661380 182523 162767 135590 161782 128857 124460 114201 107002 158078 100942 97838.9 92264.1 91558.6 91062.9
threshold=19.526912689208988 -0.98321744799613942 7.0000000000000009 97.500000000000014 9.5000000000000018 6.2500000000000009 4.9500000476837167 34.850000381469734 30.050000190734867 47.895910263061531 3.0499999523162846 1.0000000180025095e-35 39.549999237060554 282.50000000000006 -2.026203870773315 13.225347995758058 1.5000000000000002 108.50000000000001 22.349999427795414 142.50000000000003 0.17500000447034839 34.149999618530281 -46.626115798950188 1.0000000180025095e-35 5.4500000476837167 0.8038262426853181 6.9500000476837167 19.000000000000004 66.014255523681655 7.6499998569488534 -49.361972808837884 3.0000000000000004 77.500000000000014 -47.987762451171868 5.5459194183349618 5.3500001430511483 1.0000000180025095e-35 535.55001831054699
decision_type=10 2 2 2 2 2 2 2 2 10 2 2 2 2 8 8 2 2 2 2 2 2 10 2 2 2 2 2 10 2 8 2 2 8 10 2 2 8
left_child=2 -2 4 9 14 6 -3 8 -8 18 -11 -7 16 -14 15 -1 17 -13 36 -19 -5 28 -23 -24 -10 -12 33 -28 37 -27 31 32 35 -20 -32 -16 -4 -22
right_child=1 5 3 20 -6 11 7 -9 24 10 25 12 13 -15 30 -17 -18 19 26 -21 21 22 23 -25 -26 29 27 -29 -30 -31 34 -33 -34 -35 -36 -37 -38 -39
leaf_value=1.6893592398218487 3.6424061670354213 -0.23208030050017778 -0.26415915473519314 0.041143142714103485 -0.50866229362690485 1.3978588784718691 2.4241608786139532 5.403340305520592 1.181489329705828 2.2958699217407563 0.48362290344096276 2.3014677854587156 2.7352319377327312 0.14902758274230324 0.5471552294311377 0.099311757966530995 -0.23270194002051955 0.9540791438749201 1.1279949506004985 -0.18468793263186828 0.048511354433792911 0.34725111466232012 0.17491882429198879 2.6190157098232687 -0.23341705860800374 1.4229644260753818 1.3074318942688534 0.50986728627495082 1.0306606944959396 0.61774407072921145 -0.10126092868466034 -0.12345055048108325 1.1121743458938327 0.28690106136336302 -0.45051439560956746 -0.13242282025709495 0.25735659138068018 0.21165935988662804
leaf_weight=258 199 914 351 11527 2404 219 247 148 145 170 909 167 147 309 305 3963 1926 153 146 915 5301 699 177 228 189 417 418 506 149 295 5249 828 192 1066 837 438 2214 7346
leaf_count=258 199 914 351 11527 2404 219 247 148 145 170 909 167 147 309 305 3963 1926 153 146 915 5301 699 177 228 189 417 418 506 149 295 5249 828 192 1066 837 438 2214 7346
internal_value=0.159255 0.47657 0.120419 0.208916 -0.0747391 0.361579 0.799521 2.0929 1.24955 0.517204 0.89646 0.174002 0.099897 0.982778 0.0116863 0.196504 -0.0274682 0.292596 0.372712 -0.0215427 0.130204 0.204061 0.788811 1.55088 0.380853 0.749686 0.596933 0.87068 0.15361 1.08935 -0.0877041 0.124908 0.344845 0.388229 -0.149294 0.146545 0.18599 0.143276
internal_weight=52071 5678 46393 31919 14474 5479 1643 729 581 6492 1791 3836 3617 456 12070 4221 3161 1235 4701 1068 25427 13900 1104 405 334 1621 2136 924 12796 712 7849 1763 935 1212 6086 743 2565 12647
internal_count=52071 5678 46393 31919 14474 5479 1643 729 581 6492 1791 3836 3617 456 12070 4221 3161 1235 4701 1068 25427 13900 1104 405 334 1621 2136 924 12796 712 7849 1763 935 1212 6086 743 2565 12647
is_linear=0
shrinkage=0.03


Tree=33
num_leaves=39
num_cat=0
split_feature=194 203 200 208 95 204 197 201 200 202 196 201 201 187 204 204 201 179 197 151 77 201 172 198 194 36 198 114 160 200 95 203 192 203 201 208 204 167
split_gain=1.00041e+06 547171 2.68514e+06 379040 500772 639177 383476 1.16995e+06 943265 1.7656e+06 727867 1.16129e+06 341183 703222 779350 293492 302915 250689 203058 261201 168420 165563 108515 102729 84938.4 81488.8 65351.8 60552.8 74190.5 59351.7 53901.9 52326.7 50390.5 42723 37909.1 48666 35332 34388.7
threshold=68.500000000000014 -0.98624804615974415 14.84999990463257 -0.68432605266571034 10.938874721527101 9.0000000000000018 977.14999389648449 1262.5000000000002 21.550000190734867 -0.35019405186176294 1.5000000000000002 232.50000000000003 92.500000000000014 24.800749778747562 17.000000000000004 7.0000000000000009 162.50000000000003 1.0000000180025095e-35 980.35000610351574 34.389999389648445 68.751026153564467 97.500000000000014 3.0149999856948857 7.2500000000000009 82.500000000000014 232.68851470947268 6.5499999523162851 -383.08239746093744 38.500000000000007 16.650000572204593 39.656667709350593 -0.061046212911605828 1.0657649636268618 0.87878364324569713 57.500000000000007 0.56191161274909984 17.000000000000004 5.6500000953674325
decision_type=2 2 2 2 10 2 2 2 2 2 2 2 2 8 2 2 2 2 2 2 10 2 2 2 2 10 2 10 2 2 10 2 8 2 2 2 2 2
left_child=1 2 21 -3 5 -5 7 10 9 -9 11 -6 13 -8 -15 17 20 27 22 -20 24 -1 -14 -22 26 -12 34 28 30 32 37 -19 -7 36 -17 -36 -28 -2
right_child=15 3 -4 4 6 29 12 8 -10 -11 25 -13 18 14 -16 16 -18 31 19 -21 23 -23 -24 -25 -26 -27 33 -29 -30 -31 -32 -33 -34 -35 35 -37 -38 -39
leaf_value=0.71608801167911473 -0.15112181089163698 -0.045777896450362864 4.6122926101666009 2.8191349187901538 0.048678512302003714 0.18264746180423133 2.283782657284863 3.9106867787008968 -0.23248157700824637 -0.12272797599304669 0.16829861713332941 2.9311167773336044 0.083415741118559192 -0.055121681579050508 0.71695055387505069 0.40287567443660971 -0.059113516113083089 -0.60105945242826586 0.17876514754363382 0.67348538728842189 1.4757273789169179 -0.31533502307024619 -0.26442789544692652 0.40892378036855004 0.051601701517504005 -0.43581094876565735 0.83340290151777419 0.050850595568558539 0.35403698225388835 1.1226188142086442 -0.47437641350061244 -0.26699943054658409 0.83523535444555241 0.91163228669567486 -0.18879749980533819 0.30334355286531334 0.34780591930911475 0.081255513638212803
leaf_weight=245 4111 3832 152 146 348 277 180 280 154 150 277 197 2224 2119 2646 440 4763 1006 16208 1021 164 327 1267 161 1416 732 159 2753 280 150 417 727 173 189 373 351 888 666
leaf_count=245 4111 3832 152 146 348 277 180 280 154 150 277 197 2224 2119 2646 440 4763 1006 16208 1021 164 327 1267 161 1416 732 159 2753 280 150 417 727 173 189 373 351 888 666
internal_value=0.153257 0.252616 1.06828 0.234379 0.271983 1.03903 0.251402 0.637422 1.78219 2.50371 0.207207 1.09062 0.219244 0.443145 0.37361 -0.0211107 0.104042 -0.132994 0.165808 0.208083 0.291704 0.12645 -0.0428285 0.947277 0.235868 -0.269965 0.344584 -0.0639162 -0.121635 0.605828 -0.147278 -0.460922 0.433544 0.496502 0.183265 0.049796 0.421557 -0.118724
internal_weight=51969 33105 724 32381 28549 746 27803 2138 584 430 1554 545 25665 4945 4765 18864 8904 9960 20720 17229 4141 572 3491 325 3816 1009 2400 8227 5474 600 5194 1733 450 1236 1164 724 1047 4777
internal_count=51969 33105 724 32381 28549 746 27803 2138 584 430 1554 545 25665 4945 4765 18864 8904 9960 20720 17229 4141 572 3491 325 3816 1009 2400 8227 5474 600 5194 1733 450 1236 1164 724 1047 4777
is_linear=0
shrinkage=0.03


Tree=34
num_leaves=39
num_cat=0
split_feature=194 203 200 208 193 200 200 131 196 193 197 96 193 129 203 203 200 123 96 196 202 203 196 203 203 102 197 36 202 77 193 163 114 196 196 194 200 196
split_gain=960432 499474 2.61354e+06 366962 590416 1.19476e+06 2.31415e+06 638415 546983 436943 1.12931e+06 387633 467901 280919 217904 411276 228552 144460 142798 132860 177537 116933 93282.9 88264 79606.8 74403.3 72005.1 118323 97681.2 74199.5 73284.1 248173 69551.1 48914 46769.5 40285.7 37891.8 33839
threshold=68.500000000000014 -0.98624804615974415 14.84999990463257 -0.68432605266571034 34.149999618530281 8.4499998092651385 6.8500001430511483 -60.333166122436516 1.0000000180025095e-35 39.549999237060554 977.45001220703136 13.225347995758058 23.750000000000004 102.22916793823244 -0.46173103153705591 -0.39873388409614557 6.5499999523162851 16.73598670959473 43.52795600891114 28.500000000000004 0.96359375119209301 0.9980967938899995 21.500000000000004 0.72534674406051647 -0.061046212911605828 112.54582977294923 989.35000610351574 323.27264404296881 -0.28400452435016627 90.032672882080092 23.650000572204593 191.6549987792969 -383.08239746093744 1.5000000000000002 11.500000000000002 71.500000000000014 5.6499998569488534 1.0000000180025095e-35
decision_type=2 2 2 2 2 2 2 10 2 2 2 8 2 8 2 2 2 10 10 2 2 2 2 2 2 10 2 10 2 10 2 2 10 2 2 2 2 2
left_child=1 2 22 37 11 6 -6 9 -9 17 -11 12 -5 19 16 -16 -15 -7 21 20 -13 26 -1 -14 33 -21 29 34 -29 30 32 35 36 -20 -28 -32 -2 -3
right_child=18 3 -4 4 5 7 -8 8 -10 10 -12 13 23 14 15 -17 -18 -19 24 25 -22 -23 -24 -25 -26 -27 27 28 -30 -31 31 -33 -34 -35 -36 -37 -38 -39
leaf_value=-0.25427236429594396 -0.39794149504998078 -0.1661313033065614 4.5676746255106204 2.1086908900804637 0.053788461219047456 0.2908187571748691 3.9461675224250619 0.171837725129734 2.3113391477172431 2.8867365931967015 -0.10540917026070676 0.12086548399465637 0.13950588728700206 0.56694735913430672 1.7104817700468191 0.32002045859348444 -0.17702255008338111 -0.20398692120564169 -0.70005424578604303 0.053074980191947979 0.7720964999906722 0.6440058720497206 0.50932666168383056 0.90379581663851039 -0.072666183027143644 -0.23069533359966718 0.14216042549910604 0.79998397904646901 -0.012991456364537754 0.52748119975981367 0.19964684626924861 1.2353099254648572 0.074153872936999432 -0.089421906029450798 -0.058323307775760468 -0.040795839877500621 -0.15152512499695162 0.02036603400633966
leaf_weight=301 657 1343 149 204 288 1009 263 181 265 183 299 7750 351 492 195 10495 1519 1121 506 1898 396 251 276 222 566 1480 1980 357 212 200 702 146 1148 154 2223 5881 3869 2516
leaf_count=301 657 1343 149 204 288 1009 263 181 265 183 299 7750 351 492 195 10495 1519 1121 506 1898 396 251 276 222 566 1480 1980 357 212 200 702 146 1148 154 2223 5881 3869 2516
internal_value=0.150359 0.247474 1.0257 0.230073 0.267113 0.625809 1.91171 0.394106 1.44309 0.214987 1.03065 0.215335 0.874909 0.194179 0.29149 0.345386 0.00499456 0.030407 -0.0206495 0.0869291 0.152525 0.0011263 0.110986 0.435629 -0.333714 -0.0712532 -0.00816108 0.091088 0.497087 -0.0457408 -0.0549845 0.011978 -0.134398 -0.557577 0.036123 -0.0151551 -0.187296 -0.0445385
internal_weight=52048 33196 726 32470 28611 3609 551 3058 446 2612 482 25002 777 24225 12701 10690 2011 2130 18852 11524 8146 17626 577 573 1226 3378 17375 4772 569 12603 12403 6729 5674 660 4203 6583 4526 3859
internal_count=52048 33196 726 32470 28611 3609 551 3058 446 2612 482 25002 777 24225 12701 10690 2011 2130 18852 11524 8146 17626 577 573 1226 3378 17375 4772 569 12603 12403 6729 5674 660 4203 6583 4526 3859
is_linear=0
shrinkage=0.03


Tree=35
num_leaves=39
num_cat=0
split_feature=194 208 197 199 199 201 200 123 95 205 204 201 201 201 204 193 197 193 197 200 201 179 190 201 201 76 194 201 201 207 207 207 181 197 194 141 163 199
split_gain=880722 378399 559909 600554 1.91477e+06 613201 1.26821e+06 1.05117e+06 498580 370113 280545 283526 264126 249093 720316 365085 312215 261264 709399 1.15023e+06 249299 228496 198583 526048 801064 188924 149680 148024 207976 137154 133166 110893 67627.1 120314 62506.9 59589.9 64828 183845
threshold=68.500000000000014 -0.68432605266571034 978.14999389648449 169.50000000000003 201.50000000000003 1262.5000000000002 21.050000190734867 19.83652496337891 10.938874721527101 0.25000000000000011 7.0000000000000009 162.50000000000003 192.50000000000003 92.500000000000014 5.0000000000000009 28.050000190734867 979.25000000000011 34.149999618530281 980.14999389648449 8.5500001907348651 87.500000000000014 1.0000000180025095e-35 0.7149794101715089 407.50000000000006 217.50000000000003 49.113092422485359 72.500000000000014 707.50000000000011 682.50000000000011 0.73865729570388805 0.59177610278129589 -0.32614396512508387 58.000000000000007 984.85000610351574 82.500000000000014 0.94524538516998302 268.78500366210943 162.50000000000003
decision_type=2 2 2 2 2 2 2 10 10 2 2 2 2 2 2 2 2 2 2 2 2 2 8 2 2 10 2 2 2 2 2 2 2 2 2 8 2 2
left_child=1 -1 3 22 -5 12 7 -7 9 32 21 25 -6 14 15 30 -16 27 -19 -20 -18 35 -3 24 -24 34 -27 28 -15 -14 -10 -29 -4 -34 -12 -2 -37 -38
right_child=10 2 8 4 5 6 -8 -9 13 -11 11 -13 29 17 16 -17 20 18 19 -21 -22 -23 23 -25 -26 26 -28 31 -30 -31 -32 -33 33 -35 -36 36 37 -39
leaf_value=-0.044513195633493027 0.03964332710314708 -0.21161516508032108 0.21833510353793908 4.2599453973937642 1.1228917213003939 0.71798543445223961 -0.15320547894044736 3.7494883509001351 -0.6726345023686966 2.1652820087207365 0.29815979227833533 -0.056077426198467041 0.58056764228004276 0.17435135402057675 1.8610780868807586 0.99811850154345239 0.49586058965306928 -0.16744197809071124 3.253845318119009 0.57351711094839319 1.4628955964962134 -0.44297468905497028 0.14922248847905323 -0.15367987843826256 3.087171763742778 1.3533792931891984 0.3939294314861172 0.25321972804011778 1.3183269441054595 -0.35030920814577299 -0.074054484310765112 -0.041943801829488259 0.35057846478084187 1.4550249106173336 0.039367371299651524 -0.15867700806683907 -0.22433989951016828 1.0660056898365688
leaf_weight=3823 3129 623 234 150 214 182 288 237 537 181 2189 4754 200 10470 179 226 2971 979 163 1242 261 1727 197 467 145 240 375 1419 145 495 887 5945 187 169 1363 4724 287 152
leaf_count=3823 3129 623 234 150 214 182 288 237 537 181 2189 4754 200 10470 179 226 2971 979 163 1242 261 1727 197 467 145 240 375 1419 145 495 887 5945 187 169 1363 4724 287 152
internal_value=0.143161 0.236251 0.272769 0.647507 1.0177 0.71673 1.37936 2.43275 0.227019 0.978593 -0.0200962 0.102263 0.201342 0.204227 0.392584 -0.122008 0.641507 0.157412 0.452512 0.884493 0.573958 -0.129046 0.190961 0.500979 1.3949 0.282909 0.768364 0.118282 0.189979 -0.0824262 -0.299786 0.0149327 0.614511 0.874906 0.198855 -0.0636627 -0.126271 0.222444
internal_weight=52156 33216 29393 3198 1766 1616 707 419 26195 771 18940 8921 909 25424 5061 1650 3411 20363 2384 1405 3232 10019 1432 809 342 4167 615 17979 10615 695 1424 7364 590 356 3552 8292 5163 439
internal_count=52156 33216 29393 3198 1766 1616 707 419 26195 771 18940 8921 909 25424 5061 1650 3411 20363 2384 1405 3232 10019 1432 809 342 4167 615 17979 10615 695 1424 7364 590 356 3552 8292 5163 439
is_linear=0
shrinkage=0.03


Tree=36
num_leaves=39
num_cat=0
split_feature=207 203 208 204 201 95 197 201 200 199 196 201 204 199 207 76 204 199 198 201 196 203 199 201 199 196 36 161 203 208 204 201 161 199 197 200 161 36
split_gain=509484 698231 1.98482e+06 668920 629982 484274 398577 1.07138e+06 851114 1.53815e+06 635368 1.35048e+06 334761 674820 253888 249957 681523 309392 442508 410604 211229 483090 221319 180376 168935 139770 110145 107265 114619 98000.2 84689.7 83669.5 87069.5 80579.4 76318.5 80033.1 99614.3 75177.6
threshold=0.72102680802345287 -0.98321744799613942 -0.46609674394130701 7.0000000000000009 92.500000000000014 10.938874721527101 977.14999389648449 1262.5000000000002 21.550000190734867 226.00000000000003 1.5000000000000002 232.50000000000003 9.0000000000000018 290.50000000000006 -0.27694603800773615 47.895910263061531 7.0000000000000009 303.50000000000006 2.5499999523162846 1222.5000000000002 57.500000000000007 -0.81408452987670887 13.500000000000002 707.50000000000011 60.500000000000007 76.500000000000014 149.47206878662112 61.405000686645515 -0.043617725372314446 -0.15950992703437802 13.000000000000002 457.50000000000006 1010.945037841797 345.50000000000006 987.04998779296886 12.650000095367433 268.00000000000006 232.68851470947268
decision_type=2 2 2 2 2 10 2 2 2 2 2 2 2 2 2 10 2 2 2 2 2 2 2 2 2 2 10 2 2 2 2 2 2 2 2 2 2 10
left_child=3 2 -2 14 24 12 7 10 9 -9 11 -7 13 -3 29 20 -17 18 -18 -19 22 -22 -8 -24 34 -4 -23 -6 31 -1 -30 32 -29 -26 35 36 -5 -12
right_child=1 5 25 4 27 6 15 8 -10 -11 37 -13 -14 -15 -16 16 17 19 -20 -21 21 26 23 -25 33 -27 -28 28 30 -31 -32 -33 -34 -35 -36 -37 -38 -39
leaf_value=-0.057573515586338636 4.2697071164690614 0.23170804721346072 -0.23885515842464286 0.79244964678550067 -0.002873522082098678 -0.063157803444322605 1.0832961249089517 -0.1406892088774663 -0.24338211413384828 3.6352041895295586 0.15779143746420191 3.2949819409905516 0.48569576286020877 3.061575897610878 -0.029814317735384035 -0.20164796491591921 1.7312789038671395 0.68493070885118612 0.22584787171589235 2.0691346941871784 1.4370700436236967 0.25446753398928396 0.22840919886930175 -0.025290528473190188 0.30889166386467048 0.90679577773637154 -0.21510799234302794 0.0048367100943282762 0.40308824144767402 -0.43976162933208546 0.12493305464664577 0.16120825204290853 -0.73005594395143947 0.79353266413919687 0.38957508233304217 0.70407546202790383 1.8881757699198252 -0.43087855193487695
leaf_weight=771 148 145 246 154 9445 326 229 147 154 286 266 161 588 159 5348 1425 194 893 1865 246 179 515 7335 3844 3177 157 3538 300 1702 2785 2339 569 281 342 324 503 145 734
leaf_count=771 148 145 246 154 9445 326 229 147 154 286 266 161 588 159 5348 1425 194 893 1865 246 179 515 7335 3844 3177 157 3538 300 1702 2785 2339 569 281 342 324 503 145 734
internal_value=0.140907 0.243174 1.29866 0.0546237 0.153941 0.218137 0.190764 0.58687 1.6721 2.35334 0.158464 1.04707 0.903593 1.71185 -0.160442 0.150221 0.344023 0.587168 0.367698 0.983904 0.0929347 -0.088079 0.160085 0.141172 0.458337 0.207475 -0.15544 0.0573358 0.166886 -0.356897 0.242088 -0.0973659 -0.350599 0.355994 0.778174 0.935158 1.32387 -0.274292
internal_weight=51965 23780 551 28185 19281 23229 22337 2074 587 433 1487 487 892 304 8904 20263 4623 3198 2059 1139 15640 4232 11408 11179 4645 403 4053 14636 5191 3556 4041 1150 581 3519 1126 802 299 1000
internal_count=51965 23780 551 28185 19281 23229 22337 2074 587 433 1487 487 892 304 8904 20263 4623 3198 2059 1139 15640 4232 11408 11179 4645 403 4053 14636 5191 3556 4041 1150 581 3519 1126 802 299 1000
is_linear=0
shrinkage=0.03


Tree=37
num_leaves=39
num_cat=0
split_feature=194 123 198 198 196 193 196 189 193 198 204 162 207 105 204 198 94 204 36 207 207 207 204 96 199 199 207 36 189 162 56 207 132 207 193 207 194 207
split_gain=828099 312872 830964 1.60669e+06 1.28879e+06 1.23501e+06 1.62943e+06 592677 468891 760722 276380 248441 233276 226664 192352 231368 177731 155893 526905 202412 487143 868906 224860 150912 143686 135964 109550 109455 101952 93515.4 81250 77505.5 72987.6 88627.8 84842.8 71965.4 187438 100689
threshold=64.500000000000014 25.493761062622074 4.9500000476837167 6.3500001430511483 9.5000000000000018 29.150000572204593 1.5000000000000002 71.031299591064467 39.549999237060554 14.449999809265138 17.000000000000004 2.6451522111892705 -0.85671821236610401 29.95688629150391 19.000000000000004 9.3499999046325701 4.9891324043273935 3.0000000000000004 149.47206878662112 0.96234640479087841 0.91939014196395885 0.9260200858116151 17.000000000000004 16.616949081420902 305.50000000000006 296.50000000000006 -0.92599865794181813 360.47409057617193 201.03039550781253 6.557335853576661 77.860946655273452 0.86975130438804638 -41.166997909545891 0.72695311903953563 38.049999237060554 0.99552232027053844 70.500000000000014 0.93845596909523021
decision_type=2 10 2 2 2 2 2 10 2 2 2 2 2 10 2 2 8 2 10 2 2 2 2 10 2 2 2 10 10 2 10 2 10 2 2 2 2 2
left_child=1 11 -3 4 -4 6 7 -5 14 -10 12 16 27 17 -7 -16 25 18 -13 20 22 -22 -19 24 -21 -1 30 -2 32 -20 -12 -8 33 -18 -35 37 -37 -14
right_child=10 2 3 5 -6 8 31 -9 9 -11 26 13 35 -15 15 -17 28 19 29 23 21 -23 -24 -25 -26 -27 -28 -29 -30 -31 -32 -33 -34 34 -36 36 -38 -39
leaf_value=0.16798066401735515 -0.20018853299688158 -0.43226484055316794 1.0745925125448068 1.5657929866476217 4.4168646049030418 -0.33679017378856918 0.45944057960187273 4.0484243628542664 2.4941313668942007 -0.26571892778958656 0.36561836538195902 1.5363276376724726 0.0027568139208456752 0.072609829914904972 1.2989582770700274 -0.29759375299223545 -0.03199490871846581 0.21290450614357573 -0.11148194575148454 0.22794829841244624 2.6289970944013841 0.61988911694456239 0.55358350341406548 -0.044915815364062125 1.3468872068399254 1.4413177904622529 0.1326885776048638 -0.62312857061569682 0.73396369457067812 -0.8872756962975975 1.1748143794775514 -0.47285686496863716 -0.20971568203490312 0.14253427769422 0.87526182930344798 1.1525636153119569 -0.21876019324330001 -0.26283575871471682
leaf_weight=154 1966 708 262 155 172 1276 161 196 169 192 475 177 11774 4039 159 168 3946 5505 949 359 221 1570 2552 1611 145 148 4851 765 193 164 146 160 961 3639 148 164 198 1442
leaf_count=154 1966 708 262 155 172 1276 161 196 169 192 475 177 11774 4039 159 168 3946 5505 949 359 221 1570 2552 1611 145 148 4851 765 193 164 146 160 961 3639 148 164 198 1442
internal_value=0.137278 0.23881 0.494206 0.707868 2.39925 0.429386 1.53949 2.95218 0.049547 1.02632 -0.00377529 0.202373 -0.065676 0.269358 -0.170429 0.478725 0.0763196 0.329319 0.015988 0.363106 0.420294 0.867815 0.320813 0.0968256 0.549885 0.792027 0.180716 -0.318663 0.0519974 -0.225802 0.55588 -0.00525499 0.0368575 0.0675 0.171172 -0.0147914 0.402515 -0.0262222
internal_weight=52040 30259 3778 3070 434 2636 672 351 1964 361 21781 26481 16309 17292 1603 327 9189 13253 1290 11963 9848 1791 8057 2115 504 302 5472 2731 8887 1113 621 321 8694 7733 3787 13578 362 13216
internal_count=52040 30259 3778 3070 434 2636 672 351 1964 361 21781 26481 16309 17292 1603 327 9189 13253 1290 11963 9848 1791 8057 2115 504 302 5472 2731 8887 1113 621 321 8694 7733 3787 13578 362 13216
is_linear=0
shrinkage=0.03


Tree=38
num_leaves=39
num_cat=0
split_feature=141 193 197 197 193 197 197 197 197 206 193 189 167 193 197 95 181 197 193 193 193 210 114 95 206 193 141 193 59 185 185 197 209 206 122 179 173 193
split_gain=553905 552490 906757 664525 436396 427644 549795 587507 1.05645e+06 932656 406526 290277 250389 382947 375508 273900 267742 217456 241827 410508 187063 260771 323216 235949 173191 150303 138229 135692 88098.6 82332.9 67844.9 65273 57874.6 57058 137325 118043 49870.4 49685.5
threshold=19.526912689208988 29.650000572204593 976.04998779296886 975.14999389648449 23.750000000000004 982.25000000000011 979.14999389648449 976.95001220703136 977.95001220703136 0.68301269412040722 41.049999237060554 63.016000747680671 0.17500000447034839 34.149999618530281 984.64999389648449 11.427103996276857 98.000000000000014 980.54998779296886 34.250000000000007 37.95000076293946 23.650000572204593 1.0000000180025095e-35 -565.72863769531239 27.167009353637699 -0.25000000000000006 27.349999427795414 -21.484063148498532 28.050000190734867 0.77305686473846447 147.12285614013675 256.84158325195318 980.14999389648449 2.5000000000000004 -1.0000000180025095e-35 -21.017933845520016 1.0000000180025095e-35 50.839998245239265 34.649999618530281
decision_type=10 2 2 2 2 2 2 2 2 2 2 10 2 2 2 10 2 2 2 2 2 2 10 10 2 2 8 2 10 10 10 2 2 2 10 2 2 2
left_child=12 4 3 -3 -2 6 7 11 -9 -10 17 -6 26 15 31 16 -14 -4 -19 -20 21 22 36 32 -25 -26 30 -8 29 -28 -1 -15 -22 34 -23 -35 -17 -33
right_child=1 2 10 -5 5 -7 27 8 9 -11 -12 -13 13 14 -16 20 -18 18 19 -21 23 33 -24 24 25 -27 28 -29 -30 -31 -32 37 -34 35 -36 -37 -38 -39
leaf_value=0.19691097635126639 -0.26106004381849857 0.18478064626599017 -0.23928696620293166 2.3941658397995815 -0.57060903176959454 2.2496507489725306 -0.3122108647467956 3.7457764956419615 2.2400016938814451 -0.36031847185576776 1.2806482049117245 1.1615692486340941 0.28872331247013894 0.066419758763055309 1.6275579342479951 -0.19367554316818625 1.6120924254617786 -0.19811397179766385 1.8060665855886562 -0.12890745622631083 -0.092535777630963961 0.33171771604703182 0.22935261172659122 0.21305895357208746 0.3911644831524696 0.91969953411662686 -0.015298338327268231 0.77074000953035537 -0.19539840251454346 0.12696557964261093 1.0533417454654694 0.32999898290460206 0.13625997468994486 0.13997438718795263 -0.013336200794086038 -0.18282365054872954 -0.4403637202652409 0.94856350860100658
leaf_weight=167 293 225 2170 269 191 213 357 174 267 232 210 160 376 352 292 1440 217 375 203 192 1440 3030 1431 3116 1523 710 12077 147 1752 5254 166 262 3220 5042 1579 1278 1512 211
leaf_count=167 293 225 2170 269 191 213 357 174 267 232 210 160 376 352 292 1440 217 375 203 192 1440 3030 1431 3116 1523 710 12077 147 1752 5254 166 262 3220 5042 1579 1278 1512 211
internal_value=0.134289 0.413992 0.192899 1.38789 0.810086 0.990354 0.814798 1.21403 1.73297 1.03105 0.00549039 0.218997 0.100096 0.15913 0.703004 0.135686 0.77301 -0.085596 0.34753 0.86554 0.12076 0.0548346 -0.140662 0.221615 0.357568 0.55922 0.0179095 0.00365748 0.0073353 0.0278299 0.623859 0.375753 0.065559 0.133237 0.213506 0.0746995 -0.320029 0.605948
internal_weight=52125 5678 3644 494 2034 1741 1528 1024 673 499 3150 351 46447 27031 1117 25914 593 2940 770 395 25321 15312 4383 10009 5349 2233 19416 504 19083 17331 333 825 4660 10929 4609 6320 2952 473
internal_count=52125 5678 3644 494 2034 1741 1528 1024 673 499 3150 351 46447 27031 1117 25914 593 2940 770 395 25321 15312 4383 10009 5349 2233 19416 504 19083 17331 333 825 4660 10929 4609 6320 2952 473
is_linear=0
shrinkage=0.03


Tree=39
num_leaves=39
num_cat=0
split_feature=194 203 202 208 95 204 202 208 189 204 207 204 201 201 204 202 97 76 203 208 184 203 194 198 208 194 204 201 208 208 95 201 208 207 56 208 207 76
split_gain=736465 368282 2.07927e+06 283961 395970 541189 267947 637804 251347 243775 377292 234252 247555 192211 815470 234462 168110 165198 180917 121838 73882.7 63929.3 57465.4 49816.7 48260.4 47455.5 43165.2 35922.8 43835.2 35682.4 32277.8 30674.3 29021.6 26859.8 31851.2 26622.4 25670.6 24875.5
threshold=68.500000000000014 -0.98624804615974415 0.11319890245795251 -0.68432605266571034 10.938874721527101 9.0000000000000018 -0.99901017546653736 -0.21022038161754605 192.01104736328128 13.000000000000002 0.82414472103118908 7.0000000000000009 162.50000000000003 92.500000000000014 5.0000000000000009 0.99901017546653759 11.465811252593996 49.113092422485359 0.8038262426853181 -0.52765738964080799 1.5108126401901247 -0.061046212911605828 82.500000000000014 6.9500000476837167 0.37247809767723089 42.500000000000007 19.000000000000004 57.500000000000007 0.15738975256681445 0.55478650331497203 38.149946212768562 97.500000000000014 0.48877522349357611 0.86548283696174633 46.951333999633796 -0.98667386174201954 0.76696112751960765 44.778486251831062
decision_type=2 2 2 2 10 2 2 2 10 2 2 2 2 2 2 2 2 10 2 2 8 2 2 2 2 2 2 2 2 2 10 2 2 2 10 2 2 8
left_child=1 2 31 35 5 -5 7 -6 13 -10 -11 16 17 14 -8 -15 24 22 -19 -18 25 30 23 27 -2 -7 -25 28 -13 -29 -21 -1 -28 -26 -35 -3 -14 -9
right_child=11 3 -4 4 6 20 8 37 9 10 -12 12 36 15 -16 -17 19 18 -20 21 -22 -23 -24 26 33 -27 32 29 -30 -31 -32 -33 -34 34 -36 -37 -38 -39
leaf_value=0.16344582354682299 -0.10237199448636815 0.068188988032918979 3.3553336274805976 2.5573878409308795 2.5755459870302944 0.58024292093550045 -0.21229575207873161 0.099777889228418418 0.15665602212232066 0.26095492727465125 2.2862790323976951 0.68678871099408834 -0.030172069691971701 0.13693863474492976 0.61526919503460498 1.0381400380927543 0.43684778324932028 0.25802534129301857 1.293782340005142 -0.33606766989142067 1.1069811219627084 -0.20586713002160098 0.028676761293452653 0.7874503990249847 0.02819050584031247 -0.03938376944855522 0.52066137987667893 -0.20055818181193336 0.10665553140812399 0.2095596092971061 -0.60857831161834897 -0.33602134113720727 0.13552494515322089 0.086006839358746215 0.6482753776546375 -0.099629156229741625 -0.24072745559482073 0.57964132217207165
leaf_weight=165 3418 1280 215 145 145 279 1564 273 287 154 179 206 4148 21427 3404 263 201 345 271 830 146 1902 1364 241 2511 185 342 346 272 426 740 336 363 242 145 2537 596 151
leaf_count=165 3418 1280 215 145 145 279 1564 273 287 154 179 206 4148 21427 3404 263 201 345 271 830 146 1902 1364 241 2511 185 342 346 272 426 740 336 363 242 145 2537 596 151
internal_value=0.129305 0.214557 0.887547 0.199693 0.232128 0.910031 0.213748 0.858071 0.200308 0.797435 1.34968 -0.0200847 0.0916548 0.18642 0.35474 0.147867 -0.119866 0.260103 0.713705 -0.281253 0.518412 -0.322826 0.181613 0.276605 -0.0260133 0.333197 0.440854 0.1523 0.35668 0.0257496 -0.464515 -0.171525 0.322362 0.0640467 0.296688 -0.0433526 -0.0566251 0.270683
internal_weight=52044 33135 716 32419 28602 755 27847 569 27278 620 333 18909 8920 26658 4968 21690 9989 4176 616 3673 610 3472 3560 2196 6316 464 946 1250 478 772 1570 501 705 2898 387 3817 4744 424
internal_count=52044 33135 716 32419 28602 755 27847 569 27278 620 333 18909 8920 26658 4968 21690 9989 4176 616 3673 610 3472 3560 2196 6316 464 946 1250 478 772 1570 501 705 2898 387 3817 4744 424
is_linear=0
shrinkage=0.03


Tree=40
num_leaves=39
num_cat=0
split_feature=194 208 193 200 198 201 132 189 199 193 198 192 193 193 204 209 201 194 141 190 185 193 158 16 207 207 194 207 190 204 199 194 199 204 199 200 207 199
split_gain=683454 322967 315608 1.02649e+06 2.25976e+06 629100 582066 503572 369949 288321 450691 273267 309455 633618 247889 246129 188516 156792 132559 99950.2 142595 301814 116851 83385 96294.3 81891.1 168631 69649.5 86095.1 118016 67693.7 66247.5 56747.4 60997.7 59944.6 56608.7 55479.1 134535
threshold=64.500000000000014 -0.68432605266571034 34.149999618530281 8.4499998092651385 5.0499999523162851 357.50000000000006 -48.243827819824212 116.50000000000001 303.50000000000006 39.549999237060554 14.449999809265138 4.4655172824859628 29.650000572204593 27.150000572204593 17.000000000000004 9.5000000000000018 62.500000000000007 72.500000000000014 20.661619186401371 0.23288291692733767 79.308845520019545 29.550000190734867 39.500000000000007 144.43940734863284 0.72102680802345287 0.99552232027053844 70.500000000000014 0.91939014196395885 0.77077969908714306 1.0000000180025095e-35 305.50000000000006 76.500000000000014 267.50000000000006 7.0000000000000009 93.500000000000014 24.550000190734867 0.98802474141120922 309.50000000000006
decision_type=2 2 2 2 2 2 10 10 2 2 2 10 2 2 2 2 2 2 10 10 8 2 2 8 2 2 2 2 8 2 2 2 2 2 2 2 2 2
left_child=1 -1 5 4 -4 7 9 11 -8 18 -11 12 13 -3 15 23 17 -16 -5 20 21 -7 36 25 -25 27 -27 28 29 -2 -14 -26 34 -34 -17 -22 -21 -38
right_child=14 2 3 6 -6 19 8 -9 -10 10 -12 -13 30 -15 16 32 -18 -19 -20 22 35 -23 -24 24 31 26 -28 -29 -30 -31 -32 -33 33 -35 -36 -37 37 -39
leaf_value=-0.057976732818111797 0.74153794830940933 0.26480378068113053 -0.13863301016905893 0.22053201039396189 3.70711768819434 1.7123308912850792 0.5938692227213006 2.0308413056570931 2.3747774056686679 1.558273128005683 -0.24372219057807298 1.5617979558833328 -0.21842089633438291 0.86552951795531097 0.74729048820152411 -0.11949688881932224 0.040174343097656856 0.19532969256076485 -0.24584504675269248 -0.016869328689325915 0.15143140315958495 -0.090378801161599173 -0.4608089672552878 0.063103254021373206 1.0479655478823318 1.0789578790447785 -0.21729471330246189 -0.25848907208154981 -0.095657124455117037 0.044845165661101735 0.2319275607775573 0.18451174704616277 -0.28647571763996249 0.37004404233401228 -0.51204722134229452 -0.38274964487336566 0.028528799885331177 0.71571970385218708
leaf_weight=3408 247 7615 287 1095 264 160 258 162 177 289 220 164 1002 1994 752 463 3524 1206 1099 5831 3547 175 477 3299 157 169 194 1532 6147 1918 429 163 404 186 1436 188 1072 337
leaf_count=3408 247 7615 287 1095 264 160 258 162 177 289 220 164 1002 1994 752 463 3524 1206 1099 5831 3547 175 477 3299 157 169 194 1532 6147 1918 429 163 404 186 1436 188 1072 337
internal_value=0.124845 0.217126 0.252055 0.509768 1.70401 0.210993 0.300068 0.370241 1.31855 0.136157 0.779424 0.346228 0.32817 0.389463 -0.00322359 -0.0618681 0.171308 0.407321 -0.0130815 0.057432 0.177724 0.770639 -0.00601109 -0.0124286 0.1113 -0.0562981 0.386206 -0.072616 -0.0383571 0.124332 -0.0834099 0.608163 -0.336495 -0.0795018 -0.41634 0.124543 0.0239533 0.192893
internal_weight=52047 30250 26842 3689 551 23153 3138 11366 435 2703 509 11204 11040 9609 21797 16315 5482 1958 2194 11787 4070 335 7717 13826 3619 10207 363 9844 8312 2165 1431 320 2489 590 1899 3735 7240 1409
internal_count=52047 30250 26842 3689 551 23153 3138 11366 435 2703 509 11204 11040 9609 21797 16315 5482 1958 2194 11787 4070 335 7717 13826 3619 10207 363 9844 8312 2165 1431 320 2489 590 1899 3735 7240 1409
is_linear=0
shrinkage=0.03


Tree=41
num_leaves=39
num_cat=0
split_feature=194 203 202 203 96 204 160 187 190 204 56 167 202 203 194 202 208 186 179 175 186 204 76 204 76 204 94 56 183 123 55 95 155 204 202 202 204 163
split_gain=642428 417857 2.07926e+06 236832 468922 782945 458237 206458 358545 205728 176300 173309 378636 173187 204120 169418 210869 234170 159009 143656 230028 115415 113861 103157 92103.1 93881.8 79770.3 72197 66114.5 62475.2 60194.7 55978 54290.1 50362.8 50352.6 46770.2 46093.8 43463.9
threshold=68.500000000000014 -0.98624804615974415 0.11319890245795251 0.53727915883064281 13.225347995758058 11.000000000000002 74.000000000000014 6.3500001430511483 1.7110897898674013 7.0000000000000009 65.040386199951186 8.990000247955324 -0.99901017546653736 -0.07845610752701758 72.500000000000014 0.99535831809043895 -0.45273527503013605 0.10409468784928323 1.0000000180025095e-35 29.189999580383304 0.13025991618633273 5.0000000000000009 49.113092422485359 11.000000000000002 47.895910263061531 21.000000000000004 34.161212921142585 28.095396995544437 84.750190734863295 6.043786048889161 65.435882568359389 44.456310272216804 14.080000400543215 21.000000000000004 0.66259482502937328 -0.93038213253021229 19.000000000000004 337.55999755859381
decision_type=2 2 2 2 8 2 2 8 10 2 10 2 2 2 2 2 2 8 2 2 8 2 10 2 10 2 8 8 10 8 8 10 2 2 2 2 2 2
left_child=1 2 -1 11 5 -5 7 8 -6 18 36 23 -13 33 22 16 21 -18 31 29 -21 -14 -15 26 27 -26 32 34 -7 -9 -29 37 -3 -12 -25 -16 -11 -2
right_child=9 3 -4 4 6 28 -8 19 -10 10 13 12 15 14 35 -17 17 -19 -20 20 -22 -23 -24 24 25 -27 -28 30 -30 -31 -32 -33 -34 -35 -36 -37 -38 -39
leaf_value=-0.17426258810267528 -0.055052365618507307 -0.039339087675157938 3.2910851744372844 2.9979814145814463 0.0067958651974461149 -0.073831401989540787 1.8356986757579927 -0.11630847659670995 2.0652889148240474 -0.045150807669171823 -0.40152627082467857 1.3692324566987346 0.48697704791505975 0.58096556756684559 0.64162023859883188 1.0592414597813844 1.4219078066840458 0.21097696496822424 -0.37395330189278059 1.5233164133303945 0.30948448939608048 -0.4312868250361736 1.6436462142643244 0.59963205805077535 0.23736031730557153 0.88332647124129726 -0.24067855057692927 0.011051450825283811 0.79561426722196471 0.16058391265148475 0.33300927875731545 -0.43414816081161312 0.20135335711414584 0.26947416568271509 0.13160574628797331 0.18795431700282397 0.11557152692369903 0.34161922644095
leaf_weight=497 7602 3141 227 151 158 154 162 828 147 4376 302 261 150 182 267 201 148 4967 1743 146 3731 689 181 374 1357 238 1329 5284 161 6417 580 342 1153 151 463 874 2537 257
leaf_count=497 7602 3141 227 151 158 154 162 828 147 4376 302 261 150 182 267 201 148 4967 1743 146 3731 689 181 374 1357 238 1329 5284 161 6417 580 342 1153 151 463 874 2537 257
internal_value=0.119947 0.199484 0.912276 0.183551 0.28891 1.22198 0.25139 0.228928 0.998956 -0.0200431 0.0849948 0.121091 0.250089 0.33637 0.491254 0.20263 0.17371 0.246017 -0.113736 0.207811 0.355199 -0.267112 1.11087 0.0616296 0.128868 0.333754 -0.0375717 0.0800996 0.370561 0.128939 0.0428964 -0.0584309 0.0252905 -0.177858 0.340741 0.294119 0.0138327 -0.0420802
internal_weight=51928 33114 724 32390 12055 466 11589 11427 305 18814 8870 20335 6416 1957 1504 6155 5954 5115 9944 11122 3877 839 363 13919 8296 1595 5623 6701 315 7245 5864 8201 4294 453 837 1141 6913 7859
internal_count=51928 33114 724 32390 12055 466 11589 11427 305 18814 8870 20335 6416 1957 1504 6155 5954 5115 9944 11122 3877 839 363 13919 8296 1595 5623 6701 315 7245 5864 8201 4294 453 837 1141 6913 7859
is_linear=0
shrinkage=0.03


Tree=42
num_leaves=39
num_cat=0
split_feature=194 203 200 208 193 200 200 209 201 199 96 201 189 193 197 204 204 209 201 194 201 141 203 141 199 16 187 56 199 204 96 194 95 209 203 189 189 208
split_gain=602838 387821 1.99937e+06 256216 375389 913748 1.76211e+06 530527 407164 343294 334056 626332 383008 265036 862195 250387 221802 224780 173207 138573 124530 113799 109065 84896.2 80763.4 73027.1 78795 70804.8 129560 189222 67633.4 67555.3 65968.2 74244.8 61793.1 51537.6 46892.3 51876.7
threshold=64.500000000000014 -0.98624804615974415 14.84999990463257 -0.68432605266571034 34.149999618530281 8.4499998092651385 6.8500001430511483 3.5000000000000004 317.50000000000006 303.50000000000006 14.914035797119142 172.50000000000003 113.50000000000001 39.549999237060554 977.45001220703136 3.0000000000000004 17.000000000000004 9.5000000000000018 62.500000000000007 74.500000000000014 97.500000000000014 20.661619186401371 -0.061046212911605828 26.16781044006348 51.500000000000007 144.43940734863284 43.404243469238288 82.284763336181655 266.50000000000006 7.0000000000000009 24.525888442993168 68.500000000000014 10.938874721527101 4.5000000000000009 -0.77159520983695973 87.418670654296889 83.378250122070327 0.65071284770965587
decision_type=2 2 2 2 2 2 2 2 2 2 8 2 10 2 2 2 2 2 2 2 2 10 2 10 2 8 10 10 2 2 10 2 10 2 2 10 10 2
left_child=1 2 20 -3 8 6 -6 9 10 -7 11 -5 15 21 -15 -12 17 25 19 24 -1 -9 -19 32 -18 26 30 -27 -29 -30 -2 -28 35 -34 -33 -10 37 -32
right_child=16 3 -4 4 5 7 -8 13 23 -11 12 -13 -14 14 -16 -17 18 22 -20 -21 -22 -23 -24 -25 -26 27 31 28 29 -31 36 34 33 -35 -36 -37 -38 -39
leaf_value=0.5731255468015285 -0.043776801196238994 -0.058298559431944633 3.9170595636278072 0.015108811390727487 -0.0047049132247583723 0.57244132285876514 3.4383800091184806 0.2137596240759867 0.87760055441919005 2.264827496263496 0.00085936253558738533 2.6700592189957528 1.7279041988533497 2.4460575827600426 -0.18919459597564642 0.34590115156201867 1.160938639917511 -0.49212812442272935 0.035883875446915722 0.14708817953225301 -0.36707050155428766 -0.22656163740226276 -0.090644898789825387 -0.30859326572947038 0.49898274056254549 0.02045492588284261 0.56725817175447124 -0.26524650305803849 0.17977559573304802 1.1823101303140775 -0.34466893184220077 0.51109814932419895 0.0085252089658179025 0.17553635462962824 -0.030512194459547819 0.17943982628226482 0.16586058468002848 0.22971700008757262
leaf_weight=218 6461 3398 154 170 279 267 257 1056 156 181 2546 151 162 176 306 7378 216 1433 3541 1026 303 1057 1059 549 715 2605 269 259 513 253 1626 223 7818 3454 1265 244 224 155
leaf_count=218 6461 3398 154 170 279 267 257 1056 156 181 2546 151 162 176 306 7378 216 1433 3541 1026 303 1057 1059 549 715 2605 269 259 513 253 1626 223 7818 3454 1265 244 224 155
internal_value=0.116357 0.20301 0.914039 0.186798 0.218578 0.504071 1.64621 0.302888 0.173422 1.25623 0.311325 1.26405 0.281002 0.138299 0.773083 0.257381 -0.00376666 -0.0592111 0.161064 0.387564 0.0263346 -0.00650504 -0.321515 0.0559883 0.652573 -0.0120254 -0.05307 0.103566 0.314788 0.510911 -0.0910127 0.129754 0.0731369 0.0597014 0.050659 0.451738 -0.243227 -0.294679
internal_weight=52123 30280 675 29605 26207 3579 536 3043 22628 448 10407 321 10086 2595 482 9924 21843 16345 5498 1957 521 2113 2492 12221 931 13853 10223 3630 1025 766 8466 1757 11672 11272 1488 400 2005 1781
internal_count=52123 30280 675 29605 26207 3579 536 3043 22628 448 10407 321 10086 2595 482 9924 21843 16345 5498 1957 521 2113 2492 12221 931 13853 10223 3630 1025 766 8466 1757 11672 11272 1488 400 2005 1781
is_linear=0
shrinkage=0.03


Tree=43
num_leaves=39
num_cat=0
split_feature=194 208 197 193 193 197 197 206 96 204 207 201 201 204 193 197 201 193 197 193 204 201 209 204 76 194 209 129 183 96 96 201 201 194 172 96 201 208
split_gain=571872 252911 477935 391514 495723 1.44971e+06 357882 678858 291711 676293 287301 263756 202428 585106 279197 257293 197950 183652 578551 284124 175655 205847 143472 140804 140739 118213 106415 97278.9 170977 86287.2 67186.3 66525.2 65298 47468.5 43990.9 69852.2 38850.1 37717.9
threshold=68.500000000000014 -0.68432605266571034 978.14999389648449 39.549999237060554 29.050000190734867 976.95001220703136 976.04998779296886 -0.25000000000000006 14.914035797119142 7.0000000000000009 0.89404821395874035 187.50000000000003 92.500000000000014 5.0000000000000009 28.050000190734867 979.25000000000011 87.500000000000014 34.149999618530281 980.25000000000011 37.95000076293946 7.0000000000000009 167.50000000000003 9.5000000000000018 3.0000000000000004 49.113092422485359 72.500000000000014 2.5000000000000004 103.10416793823244 32.913856506347663 31.673470497131351 40.608007431030281 1910.0000000000002 512.50000000000011 82.500000000000014 16.920000076293949 35.545391082763679 197.50000000000003 0.37247809767723089
decision_type=2 2 2 2 2 2 2 2 8 2 2 2 2 2 2 2 2 2 2 2 2 2 2 2 10 2 2 8 8 8 10 2 2 2 2 10 2 2
left_child=1 -1 3 4 5 11 7 -6 9 -4 -9 -3 13 14 26 -15 -17 27 -19 -20 22 24 34 -8 33 -26 -10 29 -29 -14 -25 32 36 -22 35 37 -11 -2
right_child=20 2 8 -5 6 -7 23 10 12 31 -12 -13 17 15 -16 16 -18 18 19 -21 21 -23 -24 30 25 -27 -28 28 -30 -31 -32 -33 -34 -35 -36 -37 -38 -39
leaf_value=-0.039548424656859614 -0.10084313919079309 -0.5479415508878781 2.3769764860955513 1.6946280229958419 2.2092984156150179 2.8169804321140823 0.74462680494333844 0.81571550432036866 0.078769995617816987 0.18929830825113395 -0.6023950445801648 1.0031354846775373 0.064519805478376907 1.6406570963647593 0.84194915978409557 0.42071889720093597 1.2968273270815878 -0.19907824574112623 0.96604774217726186 -0.11189588039539949 0.24550314628133887 -0.057064499389706771 -0.34217064153029869 0.19592245887281848 1.1841196817559874 0.32500286364515502 -0.46897623872802802 0.71202447481030118 0.1235029587367537 -0.14949812338952037 -0.26968282699000312 0.87978753576034896 -0.077648710724572287 0.02003948984534527 0.37517096182006593 -0.32174260780997799 0.85184281077943258 0.037685209710891003
leaf_weight=3868 3516 260 174 254 215 284 191 300 477 165 225 159 7715 185 228 2939 252 975 1118 274 2213 4728 1863 402 233 378 965 473 7315 2173 911 157 367 1355 213 832 154 3560
leaf_count=3868 3516 260 174 254 215 284 191 300 477 165 225 159 7715 185 228 2939 252 975 1118 274 2213 4728 1863 402 233 378 965 473 7315 2173 911 157 367 1355 213 832 154 3560
internal_value=0.113428 0.188455 0.218547 0.564524 0.467116 1.16227 0.249334 0.789446 0.176125 0.674214 0.207953 0.0406616 0.155935 0.325768 -0.133544 0.552975 0.489911 0.113177 0.361336 0.753867 -0.0183278 0.0785245 -0.104733 -0.0164158 0.231926 0.652634 -0.287787 0.0799462 0.159247 0.0174868 -0.127128 0.322731 0.195231 0.15988 -0.0502626 -0.0617221 0.509164 -0.0311483
internal_weight=52066 33175 29307 3201 2947 703 2244 740 26106 1017 525 419 25089 5046 1670 3376 3191 20043 2367 1392 18891 8907 9984 1504 4179 611 1442 17676 7788 9888 1313 843 686 3568 8121 7908 319 7076
internal_count=52066 33175 29307 3201 2947 703 2244 740 26106 1017 525 419 25089 5046 1670 3376 3191 20043 2367 1392 18891 8907 9984 1504 4179 611 1442 17676 7788 9888 1313 843 686 3568 8121 7908 319 7076
is_linear=0
shrinkage=0.03


Tree=44
num_leaves=39
num_cat=0
split_feature=141 200 198 193 199 199 198 208 197 204 95 95 193 197 193 198 76 193 205 198 199 198 162 55 199 95 197 124 36 191 123 95 76 114 204 208 209 193
split_gain=397994 486880 1.83729e+06 849772 1.01538e+06 1.90557e+06 771956 1.32239e+06 525887 475714 380952 365474 296705 827290 283075 181216 244692 310390 264222 234142 244789 239892 201379 175072 162670 676636 160780 110226 109014 86432.5 85909.1 80535.2 67624.3 65941.5 59706.6 58350.3 62087.1 56392.3
threshold=19.526912689208988 8.3499999046325701 5.0499999523162851 29.650000572204593 162.50000000000003 221.50000000000003 7.0499999523162851 -0.31800055503845209 982.25000000000011 7.0000000000000009 33.749641418457038 28.506869316101078 39.549999237060554 977.45001220703136 28.44999980926514 11.250000000000002 47.895910263061531 34.149999618530281 -0.93301269412040699 2.6499999761581425 335.50000000000006 2.0499999523162846 5.5917658805847177 81.193164825439467 305.50000000000006 11.173187732696535 975.75000000000011 0.1253209859132767 150.88140869140628 54.550575256347663 12.136841773986818 39.356426239013679 28.844365119934086 -640.24139404296864 19.000000000000004 -0.24163475632667539 2.5000000000000004 32.350000381469734
decision_type=10 2 2 2 2 2 2 2 2 2 10 8 2 2 2 2 10 2 2 2 2 2 2 10 2 8 2 10 8 8 8 10 10 10 2 2 2 2
left_child=9 2 32 4 8 -6 7 -7 14 10 24 23 26 -14 -3 16 18 19 22 21 -21 -18 -13 34 27 -26 -5 -1 -27 -25 -20 -32 -2 -29 -11 -12 -37 -17
right_child=1 3 -4 12 5 6 -8 -9 -10 11 35 15 13 -15 -16 37 17 -19 30 20 -22 -23 -24 29 25 28 -28 33 -30 -31 31 -33 -34 -35 -36 36 -38 -39
leaf_value=0.75755537215834545 -0.52384049052558879 -0.43430976279614503 3.2635145894076945 0.6677215574488079 4.4547583760745519 3.2608746336599697 -0.4085652109616974 -0.36488708427871336 1.7694422876163118 0.025627578344365885 0.16148884457081103 0.21528512016006851 2.4679852586895104 -0.20992906464604824 0.78132495460633578 -0.069418033517782113 0.38250594038671237 1.5297604772255873 -0.17670479494146446 0.26853814695315203 0.92758005158643453 2.0852169713921835 1.2342416370078988 1.2398210012171844 2.1880575705441254 0.65560140395729494 -0.22382285941241961 -0.11147764898790211 -0.0027651561637822746 0.36604001380672052 0.28169929083827083 -0.0069290700764898369 0.31767252336583723 0.050032721558419209 0.14637685888426819 -0.15337463226556866 -0.47077006288882456 0.25224670219391909
leaf_weight=157 211 671 229 196 164 212 265 158 155 14897 184 338 153 323 232 1491 146 251 758 3086 607 152 361 148 153 270 2556 5443 1400 327 2326 1390 145 3909 4897 746 2163 731
leaf_count=157 211 671 229 196 164 212 265 158 155 14897 184 338 153 323 232 1491 146 251 758 3086 607 152 361 148 153 270 2556 5443 1400 327 2326 1390 145 3909 4897 746 2163 731
internal_value=0.110491 0.347736 1.16734 0.253443 0.764755 1.57198 0.827399 1.71261 0.15513 0.0814564 -0.0615108 0.146093 -0.0407054 0.65086 -0.121982 0.280094 0.337607 0.506498 0.199111 0.44214 0.376864 1.25104 0.741537 0.0691592 0.0190336 0.278628 -0.160324 -0.0307342 0.10368 0.638312 0.114363 0.173736 -0.181089 -0.0439686 0.0555008 -0.356605 -0.389376 0.0364046
internal_weight=52001 5670 585 5085 1857 799 635 370 1058 46331 14425 31906 3228 476 903 11637 9415 4242 5173 3991 3693 298 699 20269 11332 1823 2752 9509 1670 475 4474 3716 356 9352 19794 3093 2909 2222
internal_count=52001 5670 585 5085 1857 799 635 370 1058 46331 14425 31906 3228 476 903 11637 9415 4242 5173 3991 3693 298 699 20269 11332 1823 2752 9509 1670 475 4474 3716 356 9352 19794 3093 2909 2222
is_linear=0
shrinkage=0.03


Tree=45
num_leaves=39
num_cat=0
split_feature=194 203 199 201 204 185 204 209 203 203 204 96 193 160 201 198 193 155 197 76 194 191 161 203 198 198 201 207 201 56 105 141 36 197 201 141 193 16
split_gain=517864 356217 1.68209e+06 244281 496908 454747 186025 193264 174689 482293 733379 212101 683541 208315 155106 143396 199585 243745 179336 202635 125133 121552 118924 96740.5 94077.1 315643 162403 93286.8 90884.4 71115 66829.6 65032.6 64340 119316 118590 64465.6 148658 59373.2
threshold=64.500000000000014 -0.98624804615974415 173.50000000000003 92.500000000000014 3.0000000000000004 675.19998168945324 17.000000000000004 9.5000000000000018 1.0000000180025095e-35 0.04361772537231446 15.000000000000002 14.914035797119142 26.050000190734867 79.500000000000014 62.500000000000007 4.8500001430511483 26.050000190734867 48.630001068115241 984.04998779296886 47.895910263061531 72.500000000000014 8.9499998092651385 13.84500026702881 -0.061046212911605828 9.0500001907348651 8.8499999046325701 472.50000000000006 0.62587949633598339 1910.0000000000002 89.705646514892592 -64.020040512084947 22.531985282897953 323.27264404296881 989.45001220703136 67.500000000000014 0.59943109750747692 21.750000000000004 77.727958679199233
decision_type=2 2 2 2 2 10 2 2 2 2 2 8 2 2 2 2 2 2 2 10 2 8 2 2 2 2 2 2 2 10 10 10 10 2 2 8 2 10
left_child=1 2 -1 4 27 15 7 29 21 10 -10 12 -11 22 20 18 -17 -18 -6 -20 -8 -5 -13 -9 25 26 -23 -3 -14 32 -29 -26 35 -34 -35 36 -2 -37
right_child=6 3 -4 8 5 -7 14 23 9 11 -12 13 28 -15 -16 16 17 -19 19 -21 -22 24 -24 -25 31 -27 -28 30 -30 -31 -32 -33 33 34 -36 37 -38 -39
leaf_value=3.0354025835878469 0.016054417216502678 -0.74245361097530671 -0.17408800135129199 0.82622193210867079 -0.093545281655029344 1.7489531257973381 0.6607478764890452 -0.45921740982733633 0.0051043983167485558 2.4572572692614276 2.7423130542749123 0.0073751720097724452 0.037175889343187211 1.0295905115266994 0.027521277728497003 0.41099418273322402 0.58043938420459862 1.8670672242728847 0.2594807159813034 1.5851242335365618 0.1692906908471401 -0.16558459057979949 0.18010169639679668 -0.079804858995497441 -0.046193003182666836 1.2610207021011874 0.20899949271757437 0.4485439750911252 0.87483488833884682 0.62319753195926697 -0.24032353585386279 -0.3778964637008338 -0.092162747460964603 -0.067440399791663205 0.93296012547611851 -0.033932433344525205 0.98357854957306712 -0.21374733837591281
leaf_weight=218 5144 246 451 159 746 263 763 1434 189 151 165 5120 523 234 3519 1254 331 221 365 145 1199 2174 11986 1046 1433 191 2000 173 150 157 474 846 532 168 292 4938 147 2484
leaf_count=218 5144 246 451 159 746 263 763 1434 189 151 165 5120 523 234 3519 1254 331 221 365 145 1199 2174 11986 1046 1433 191 2000 173 150 157 474 846 532 168 292 4938 147 2484
internal_value=0.106797 0.187241 0.871782 0.171737 0.383113 0.55186 -0.00455589 -0.0552814 0.136526 0.184286 1.28096 0.162912 0.63318 0.140565 0.146686 0.449034 0.620241 1.09558 0.202853 0.636402 0.360415 0.00652107 0.128403 -0.299192 -0.0130966 0.068473 0.0138998 -0.245198 0.223886 -0.0116441 -0.0561242 -0.169328 -0.0189171 0.213778 0.567602 -0.0370746 0.0429369 -0.0941133
internal_weight=52031 30208 669 29539 4218 3325 21823 16342 25321 18518 354 18164 824 17340 5481 3062 1806 552 1256 510 1962 6803 17106 2480 6644 4365 4174 893 673 13862 647 2279 13705 992 460 12713 5291 7422
internal_count=52031 30208 669 29539 4218 3325 21823 16342 25321 18518 354 18164 824 17340 5481 3062 1806 552 1256 510 1962 6803 17106 2480 6644 4365 4174 893 673 13862 647 2279 13705 992 460 12713 5291 7422
is_linear=0
shrinkage=0.03


Tree=46
num_leaves=39
num_cat=0
split_feature=194 203 199 203 157 96 204 202 141 204 187 196 196 202 180 179 175 186 173 155 207 205 203 205 197 194 96 203 183 160 96 207 207 100 207 203 35 96
split_gain=479217 309525 1.69053e+06 197437 434386 447947 751726 175420 666097 151114 148309 319342 136287 130196 227948 121587 117015 127595 93949.1 104910 128914 104604 127861 65544.1 63481.9 86194 58449.9 58004.7 57676.9 44249.1 63875.6 41075.9 45795.6 66903.6 36332.5 35317.8 34420.5 32986.9
threshold=68.500000000000014 -0.98624804615974415 173.50000000000003 0.53727915883064281 429.72499084472662 13.225347995758058 11.000000000000002 -0.99901017546653736 16.026122093200687 7.0000000000000009 6.3500001430511483 17.500000000000004 2.5000000000000004 0.99901017546653759 1.2094208002090456 1.0000000180025095e-35 29.189999580383304 0.24412354081869128 857.02001953125011 10.424999713897707 0.9159645438194276 0.25000000000000011 -0.38266885280609125 0.25000000000000011 982.95001220703136 72.500000000000014 34.105129241943366 0.99353402853012096 84.750190734863295 38.500000000000007 24.525888442993168 0.76696112751960765 0.61915403604507457 1.0000000180025095e-35 -0.85671821236610401 -0.061046212911605828 279.68750000000006 39.229003906250007
decision_type=2 2 2 2 2 8 2 2 10 2 8 2 2 2 2 2 2 10 2 2 2 2 2 2 2 2 10 2 10 2 10 2 2 10 2 2 8 8
left_child=1 2 -1 7 5 6 -5 8 -3 15 11 -7 24 18 -15 29 26 -18 19 23 -21 22 -20 -9 25 -11 -12 31 -8 30 36 32 -14 -34 -26 -17 -2 -4
right_child=9 3 37 4 -6 10 28 13 -10 12 16 -13 27 14 -16 35 17 -19 21 20 -22 -23 -24 -25 34 -27 -28 -29 -30 -31 -32 -33 33 -35 -36 -37 -38 -39
leaf_value=2.9727652201470907 -0.025199997177725086 0.11428810975427081 -0.017645362703285747 2.8752928960095807 1.7050232893042465 1.7660822288005145 -0.096779531772846678 0.07817573246446384 2.3777792811772822 1.0509306553060571 0.16300194815940261 -0.17482415910744481 -0.013107022428114632 -0.0084543049816127886 1.5512821523416214 -0.43935533979767832 0.3913528036588565 -0.059237879916061352 0.62156648864938069 0.098572932215301487 0.36033811323916259 -0.48712974885522331 -0.20284983333926787 -0.093161350849537361 -0.18660885544457073 0.16338125293818637 -0.021187227476074648 0.48309091295376222 0.71253022426125368 0.32335429879265909 -0.21121008422402202 -0.21683822727139751 0.82470738139653732 -0.083498736989479364 0.22594892675616965 -0.16542259949262017 0.43505397986870897 -0.55054196203423833
leaf_weight=221 5819 606 356 152 183 161 158 5767 145 194 5008 145 4853 196 148 1017 3158 689 245 6806 2254 548 548 3084 211 200 2246 211 159 277 1955 845 147 145 2146 726 150 148
leaf_count=221 5819 606 356 152 183 161 158 5767 145 194 5008 145 4853 196 148 1017 3158 689 245 6806 2254 548 548 3084 211 200 2246 211 159 277 1955 845 147 145 2146 726 150 148
internal_value=0.103343 0.172104 0.78515 0.158388 0.254575 0.232224 1.14087 0.101381 0.551338 -0.0172174 0.194864 0.846393 0.0721972 0.0841368 0.662618 -0.0977121 0.176904 0.310652 0.0738 0.0919336 0.163697 -0.1684 0.0518602 0.0184758 0.247938 0.600414 0.105973 -0.0057685 0.30916 -0.0493503 -0.0623793 -0.0229895 0.00884786 0.373725 0.189016 -0.325258 -0.0136332 -0.174139
internal_weight=52027 33131 725 32406 12059 11876 469 20347 751 18896 11407 306 8952 19596 344 9944 11101 3847 19252 17911 9060 1341 793 8851 2751 394 7254 6201 317 8201 7924 5990 5145 292 2357 1743 5969 504
internal_count=52027 33131 725 32406 12059 11876 469 20347 751 18896 11407 306 8952 19596 344 9944 11101 3847 19252 17911 9060 1341 793 8851 2751 394 7254 6201 317 8201 7924 5990 5145 292 2357 1743 5969 504
is_linear=0
shrinkage=0.03


Tree=47
num_leaves=39
num_cat=0
split_feature=194 201 189 193 193 193 198 198 141 209 199 194 194 198 75 187 105 206 36 36 205 209 197 189 207 197 141 123 207 183 207 194 36 198 193 187 183 94
split_gain=461820 242702 390699 404189 537273 301954 841721 1.14487e+06 1.59741e+06 492269 312025 277225 379204 331981 231808 510945 163555 146792 124485 112767 109413 99065.1 85195.3 398538 89472.6 82643.3 250489 98266.9 78974.3 234187 95679.5 83955.3 117656 158911 260958 68315.9 91725.2 66939.8
threshold=64.500000000000014 357.50000000000006 116.50000000000001 29.650000572204593 27.150000572204593 34.149999618530281 6.2500000000000009 5.0499999523162851 16.026122093200687 3.5000000000000004 303.50000000000006 55.500000000000007 50.500000000000007 5.5499999523162851 29.726410865783695 22.409250259399418 -35.286603927612298 1.0000000180025095e-35 305.09445190429693 409.19755554199224 -1.0000000180025095e-35 2.5000000000000004 977.14999389648449 145.50000000000003 -0.93805426359176625 981.14999389648449 23.884737014770511 12.087437629699709 0.99552232027053844 82.086055755615249 0.94978111982345592 82.500000000000014 288.76504516601568 5.9500000476837167 23.550000190734867 52.899801254272468 126.4704933166504 31.477722167968754
decision_type=2 2 10 2 2 2 2 2 10 2 2 2 2 2 8 8 10 2 8 10 2 2 2 10 2 2 10 10 2 10 2 2 10 2 2 8 10 10
left_child=1 2 3 4 14 25 7 -7 -9 10 -8 12 13 -6 15 -1 -17 18 -16 28 -13 -19 23 -11 -24 27 -27 -3 30 -30 31 32 -2 -34 -35 -5 -37 -21
right_child=19 5 -4 35 11 6 9 8 -10 22 -12 20 -14 -15 17 16 -18 21 -20 37 -22 -23 24 -25 -26 26 -28 -29 29 -31 -32 -33 33 34 -36 36 -38 -39
leaf_value=2.0526956958928619 0.027102855371691308 0.018528006875072747 1.758162824730646 -0.20099534280470208 0.28956126466921733 -0.12346272079016191 0.47008600676492301 0.30352325816753534 4.3834113117179774 0.048090945978752755 2.0849339997497243 0.86795857205177573 2.1090190836094451 1.2455972477846433 0.1390724473904669 0.69048126214854777 -0.090250112379563749 0.25016729211987687 0.608703197227766 0.18589724209643332 -0.086618702469289544 -0.042698845008348127 0.35283560522498542 1.3821455017226805 -0.13206776784648688 0.049089375476556597 1.2385654729805642 -0.34971910757079083 -0.11886678816688702 1.2253540872974835 -0.20333912923418063 -0.046609645803881196 -0.20599907615051416 0.28200518235115579 1.4888813594254353 -0.023645395299365133 0.79851169230043151 -0.38922089841772489
leaf_weight=188 7819 1790 159 1612 633 271 275 162 185 1580 177 151 228 676 1022 546 433 1644 1010 223 380 2827 410 231 2079 9663 162 1026 310 187 1820 8200 493 1625 179 590 154 994
leaf_count=188 7819 1790 159 1612 633 271 275 162 185 1580 177 151 228 676 1022 546 433 1644 1010 223 380 2827 410 231 2079 9663 162 1026 310 187 1820 8200 493 1625 179 590 154 994
internal_value=0.101888 0.177771 0.280772 0.261347 0.346654 0.107698 0.296161 1.33766 2.47874 0.160711 1.10248 0.7758 0.97996 0.783288 0.230945 0.620266 0.345175 0.161079 0.372503 -0.00321579 0.184843 0.0649891 0.0617136 0.218261 -0.052191 0.0276371 0.0687033 -0.115642 0.0133362 0.386919 0.0041152 0.0247294 0.0825566 0.27132 0.401764 -0.0912471 0.14654 -0.283837
internal_weight=52114 30264 12253 12094 9738 18011 5370 618 347 4752 452 2068 1537 1309 7670 1167 979 6503 2032 21850 531 4471 4300 1811 2489 12641 9825 2816 20633 497 20136 18316 10116 2297 1804 2356 744 1217
internal_count=52114 30264 12253 12094 9738 18011 5370 618 347 4752 452 2068 1537 1309 7670 1167 979 6503 2032 21850 531 4471 4300 1811 2489 12641 9825 2816 20633 497 20136 18316 10116 2297 1804 2356 744 1217
is_linear=0
shrinkage=0.03


Tree=48
num_leaves=39
num_cat=0
split_feature=194 203 200 203 169 207 207 149 207 198 187 183 196 200 76 193 207 198 196 168 201 193 208 201 114 77 203 198 76 203 94 123 36 207 188 207 201 194
split_gain=416126 261088 1.74864e+06 177432 492099 304916 746548 135717 177305 580653 1.2987e+06 340541 250427 551401 134478 381673 353892 226482 176896 179659 131142 342455 145781 101813 81118.6 80005.6 78776.9 73116.3 321557 72612.6 57777.3 57176.9 56342 48989.8 54099 50058.5 63995.6 48217
threshold=68.500000000000014 -0.98624804615974415 14.84999990463257 0.53727915883064281 149.75000000000003 0.9937499761581422 0.99628883600234996 11.050000190734865 0.89404821395874035 6.9500000476837167 26.000329017639164 31.676473617553714 69.500000000000014 24.050000190734867 47.895910263061531 34.149999618530281 0.91939014196395885 4.3500001430511483 16.500000000000004 5.533395767211915 402.50000000000006 28.44999980926514 0.41202506422996527 97.500000000000014 -640.24139404296864 91.534317016601577 0.74892720580101024 2.4500000476837163 47.334943771362312 0.9980967938899995 40.317195892333991 26.872116088867191 380.71275329589849 0.91939014196395885 2.2253605127334599 0.98667103052139293 57.500000000000007 57.500000000000007
decision_type=2 2 2 2 2 2 2 2 2 2 10 10 2 2 10 2 2 2 2 2 2 2 2 2 8 10 2 2 10 2 10 10 10 2 10 2 2 2
left_child=1 2 23 7 5 14 -7 27 20 10 -10 -12 -11 -14 18 17 -17 -16 19 -5 21 22 -9 -1 -22 29 -8 28 -3 30 33 -20 -32 34 -2 -35 -37 -29
right_child=25 3 -4 4 -6 6 26 8 9 12 11 -13 13 -15 15 16 -18 -19 31 -21 24 -23 -24 -25 -26 -27 -28 37 -30 -31 32 -33 -34 35 -36 36 -38 -39
leaf_value=0.42520808732199489 -0.0052412485201903071 -0.005264051228298634 3.5498057225812514 0.16889081480766341 1.8140199873281508 2.1467161433172142 0.57495586637690732 -0.6416061823343755 3.210420390153609 -0.2230399387843707 1.4111011835938041 -0.009229724842853634 2.0375571996569404 -0.29215745195173126 1.2453504161351785 0.268441906203499 2.3028073534825344 0.16052624675529745 -0.030239716779797397 0.94812769320159407 -0.387987956640092 1.5344715897010222 0.24372963913268408 -0.38342852549626899 0.045087020797619989 0.68166006997585926 -0.22115042494057224 0.067817557212909996 1.4217457483696563 0.49861394009821303 -0.070703385384863537 -0.41082459264405408 -0.4305198993330166 -0.28650074344083681 0.26694137023842646 0.43597308346447433 -0.16743470441189379 -0.052797477273387815
leaf_weight=243 14245 613 155 5435 176 248 190 193 191 973 219 496 158 217 186 145 164 2516 2067 280 578 174 1261 331 1192 147 272 9588 185 239 1169 429 589 1086 689 240 464 4330
leaf_count=243 14245 613 155 5435 176 248 190 193 191 973 219 496 158 217 186 145 164 2516 2067 280 578 174 1261 331 1192 147 272 9588 185 239 1169 429 589 1086 689 240 464 4330
internal_value=0.0970391 0.160967 0.722438 0.148363 0.239311 0.216082 0.819 0.0942976 0.219254 0.425561 1.01289 0.425821 0.0308095 0.689454 0.177936 0.349432 1.34821 0.235207 0.115047 0.20707 0.0824027 0.276732 0.126209 -0.0410943 -0.0963363 -0.0154644 0.106257 0.0463054 0.325571 -0.0209387 -0.0276575 -0.0956542 -0.191258 -0.01046 0.00731639 -0.158768 0.038275 0.0302932
internal_weight=52073 33205 729 32476 12108 11932 710 20368 5652 2254 906 715 1348 375 11222 3011 309 2702 8211 5715 3398 1628 1454 574 1770 18868 462 14716 798 18721 18482 2496 1758 16724 14934 1790 704 13918
internal_count=52073 33205 729 32476 12108 11932 710 20368 5652 2254 906 715 1348 375 11222 3011 309 2702 8211 5715 3398 1628 1454 574 1770 18868 462 14716 798 18721 18482 2496 1758 16724 14934 1790 704 13918
is_linear=0
shrinkage=0.03


Tree=49
num_leaves=39
num_cat=0
split_feature=194 203 200 201 204 194 198 204 141 202 200 194 198 203 203 157 207 204 179 129 209 201 200 201 194 203 36 194 205 204 196 96 187 207 96 203 141 36
split_gain=409112 298373 1.6762e+06 218714 432130 338714 1.03763e+06 257236 325652 206943 195528 797117 1.87908e+06 188089 311394 833115 180709 169276 163696 149387 200156 142761 128849 121908 121222 87066.9 74106 91733.8 103933 79202.7 72184.4 67975.2 64575.5 118831 73791.5 72859.6 62708.1 57678.1
threshold=64.500000000000014 -0.98624804615974415 14.84999990463257 92.500000000000014 3.0000000000000004 36.500000000000007 4.9500000476837167 17.000000000000004 -3.4976395368576045 0.99901017546653759 8.4499998092651385 26.500000000000004 5.0499999523162851 -0.46173103153705591 -0.39873388409614557 84.165000915527358 0.98522606492042553 17.000000000000004 1.0000000180025095e-35 102.75000000000001 4.5000000000000009 62.500000000000007 16.349999427795414 67.500000000000014 72.500000000000014 -0.061046212911605828 323.27264404296881 82.500000000000014 0.68301269412040722 7.0000000000000009 7.5000000000000009 40.608007431030281 38.650638580322273 0.99053108692169201 24.525888442993168 -0.93038213253021229 5.5459194183349618 258.34329223632818
decision_type=2 2 2 2 2 2 2 2 10 2 2 2 2 2 2 2 2 2 2 8 2 2 2 2 2 2 10 2 2 2 2 10 10 2 10 2 8 10
left_child=1 2 23 4 22 6 -6 -7 30 10 11 12 -5 31 15 -15 -16 18 26 -13 -21 24 36 -1 -19 -20 32 28 -28 -30 -9 -12 34 35 37 -34 -3 -2
right_child=17 3 -4 9 5 7 -8 8 -10 -11 13 19 -14 14 16 -17 -18 21 25 20 -22 -23 -24 -25 -26 -27 27 -29 29 -31 -32 -33 33 -35 -36 -37 -38 -39
leaf_value=0.62590810805177821 -0.039535861950011603 0.065826369497196863 3.5997986128378652 -0.30622618333619334 -0.24517230626610542 -0.09737541340321583 3.177159780089502 0.58848405269176174 1.9338895893615964 0.98161045700871297 -0.070257092353058256 -0.075607253394557511 3.7161364944208817 -0.093871195657449918 0.055411593888915416 2.7298079793274899 0.37288796769631022 0.64196305588965874 -0.45040322305293856 0.74612584179639641 0.12024295007043481 0.0262427682956826 0.54755182337637931 -0.33053789697902053 0.15836569696694947 -0.081795790212173425 0.010691326642122797 -0.12028849144241849 0.35409268913525044 1.2618965586075117 0.21755779275218035 -0.43111962107707258 0.67935267946804367 0.92654093632082313 -0.23234628779142305 0.010845866090161579 -0.56343344365868453 0.56026444333804715
leaf_weight=183 7804 193 149 228 162 690 157 1482 146 248 1318 1461 193 261 16894 147 1784 760 1284 673 1452 3530 157 348 1208 1047 256 393 173 173 693 730 155 145 1999 2747 545 147
leaf_count=183 7804 193 149 228 162 690 157 1482 146 248 1318 1461 193 261 16894 147 1784 760 1284 673 1452 3530 157 348 1208 1047 256 393 173 173 693 730 155 145 1999 2747 545 147
internal_value=0.0954519 0.16679 0.788107 0.152523 0.35238 0.509671 1.43922 0.411186 0.562374 0.119264 0.110757 0.302896 1.5378 0.0743278 0.103645 0.923522 0.085735 -0.00358618 -0.0520797 0.157914 0.318466 0.140386 -0.232847 -0.000909307 0.345123 -0.284839 -0.0133029 0.236223 0.468961 0.808018 0.470301 -0.198886 -0.0324058 0.0884335 -0.0694106 0.046554 -0.398872 -0.0284459
internal_weight=52115 30294 680 29614 4225 3330 319 3011 2321 25389 25141 4007 421 21134 19086 408 18678 21821 16323 3586 2125 5498 895 531 1968 2331 13992 995 602 346 2175 2048 12997 3047 9950 2902 738 7951
internal_count=52115 30294 680 29614 4225 3330 319 3011 2321 25389 25141 4007 421 21134 19086 408 18678 21821 16323 3586 2125 5498 895 531 1968 2331 13992 995 602 346 2175 2048 12997 3047 9950 2902 738 7951
is_linear=0
shrinkage=0.03


Tree=50
num_leaves=39
num_cat=0
split_feature=183 203 169 204 201 96 199 149 183 204 209 76 201 199 203 190 205 201 203 162 203 192 95 56 196 196 203 204 208 201 190 198 35 15 170 183 74 205
split_gain=213410 487159 1.2343e+06 324179 461475 209058 517763 196671 281425 605335 184818 163375 184039 155789 149753 145504 132165 129523 137755 118340 111822 613564 99738.6 85187.5 108192 128747 84683.8 83940.4 118568 80521.9 76984.2 112609 215049 72939.9 62955 104123 164735 59040.6
threshold=84.023174285888686 -0.98624804615974415 14.865000247955324 7.0000000000000009 97.500000000000014 14.914035797119142 307.50000000000006 9.1350002288818377 97.700000762939467 15.000000000000002 9.5000000000000018 47.05285835266114 87.500000000000014 5.5000000000000009 0.50751903653144848 1.6339577436447146 -0.93301269412040699 242.50000000000003 -0.41467745602130884 5.8864586353302011 -0.89490029215812672 0.80425214767456066 46.224851608276374 65.040386199951186 95.500000000000014 98.500000000000014 -0.061046212911605828 13.000000000000002 0.38043944537639623 52.500000000000007 0.23288291692733767 5.6499998569488534 232.43571472167972 115.36256408691408 1.669999957084656 31.676473617553714 30.986853599548343 -0.93301269412040699
decision_type=10 2 2 2 2 8 2 2 10 2 2 10 2 2 2 10 2 2 2 2 2 10 10 10 2 2 2 2 2 2 8 2 10 10 2 8 8 2
left_child=3 2 -2 10 11 6 -3 -7 9 14 20 16 29 -6 -9 17 19 18 -10 -5 21 -1 34 30 27 -26 -19 28 -25 33 31 -15 -33 -13 -22 36 -36 -35
right_child=1 5 -4 4 13 7 -8 8 15 -11 -12 12 -14 23 -16 -17 -18 26 -20 -21 22 -23 -24 24 25 -27 -28 -29 -30 -31 -32 32 -34 37 35 -37 -38 -39
leaf_value=-0.17678453217404416 -0.10960910796867618 0.039679643326171736 3.3996924740406085 0.35893056092192938 0.95767137468043761 0.06733531312089984 1.665405282873277 -0.061241896920060504 -0.17232236885221752 2.3304341686108097 -0.35500372394915009 0.24732386819827432 1.4329251655055695 -0.12427261579635956 1.095379647335158 1.0382760476834378 0.13917674457629536 -0.33970214167333684 0.4723416081453109 1.2309252489224258 -0.091948399686082039 2.0617719799640759 -0.43332719026692068 0.62947252864404124 1.3090687778091541 0.068120956694462012 0.10888790621513604 -0.035414691982698344 0.10888051061018282 0.21563060498293588 -0.023408888894037853 -0.013289877156939051 1.4163035229980516 0.40852022300536583 1.266331609262999 -0.023603224283483444 0.13476736712412052 1.0674107627794143
leaf_weight=459 236 479 146 473 165 13134 279 325 367 183 1985 243 218 308 146 180 2311 463 1594 199 4772 145 604 521 152 149 2081 1974 1612 555 12550 205 176 176 160 1560 419 402
leaf_count=459 236 479 146 473 165 13134 279 325 367 183 1985 243 218 308 146 180 2311 463 1594 199 4772 145 604 521 152 149 2081 1974 1612 555 12550 205 176 176 160 1560 419 402
internal_value=0.0927088 0.170855 1.23169 0.0455392 0.109197 0.149782 0.63808 0.129746 0.283275 0.86623 -0.0955161 0.377882 0.623073 0.0401546 0.2973 0.201896 0.246859 0.168476 0.351693 0.617169 -0.032074 0.36064 -0.063638 0.0315753 0.145805 0.694802 0.0272448 0.105568 0.236041 0.494759 -0.00645828 0.302289 0.647117 0.683446 -0.0313277 0.103914 0.447478 0.86679
internal_weight=52106 19613 382 32493 22389 19231 758 18473 5339 654 10104 4577 1594 17812 471 4685 2983 4505 1961 672 8119 604 7515 17647 4408 301 2544 4107 2133 1376 13239 689 381 821 6911 2139 579 578
internal_count=52106 19613 382 32493 22389 19231 758 18473 5339 654 10104 4577 1594 17812 471 4685 2983 4505 1961 672 8119 604 7515 17647 4408 301 2544 4107 2133 1376 13239 689 381 821 6911 2139 579 578
is_linear=0
shrinkage=0.03


Tree=51
num_leaves=39
num_cat=0
split_feature=194 208 197 198 198 201 198 194 95 197 201 201 56 208 189 199 197 208 200 199 201 208 194 188 149 36 185 95 194 36 198 200 201 199 208 95 208 97
split_gain=370764 207254 374919 603256 1.1151e+06 622816 1.33403e+06 348592 226376 204990 177010 246174 428056 172606 141070 287139 133632 163293 829819 119781 113321 91699.8 150956 91157.2 114888 91077.2 76242.2 68360.6 60761.3 121087 141201 158775 169003 65191.9 61611 52504.1 44061.6 42509.4
threshold=64.500000000000014 -0.68432605266571034 978.14999389648449 5.0499999523162851 6.2500000000000009 357.50000000000006 8.2500000000000018 13.500000000000002 10.938874721527101 976.75000000000011 92.500000000000014 82.500000000000014 44.256238937377937 -0.66365507245063771 90.088001251220717 290.50000000000006 980.35000610351574 -0.37446588277816767 10.550000190734865 302.50000000000006 1972.5000000000002 -0.39827153086662287 32.500000000000007 1.0049902796745303 15.919999599456789 409.19755554199224 950.03228759765636 34.682722091674812 82.500000000000014 288.76504516601568 5.9500000476837167 15.750000000000002 87.500000000000014 60.500000000000007 0.94066718220710765 37.113075256347663 -0.62418696284294117 9.5839185714721697
decision_type=2 2 2 2 2 2 2 2 10 2 2 2 8 2 8 2 2 2 2 2 2 2 2 10 2 10 8 10 2 10 2 2 2 2 2 10 2 2
left_child=1 -1 3 13 -5 6 9 -7 14 -6 11 23 -13 -3 15 -4 21 18 -18 -19 -9 36 -23 24 -10 28 -14 -27 29 35 -31 32 33 -32 -33 -2 -12 -30
right_child=25 2 8 4 5 7 -8 20 10 -11 16 12 26 -15 -16 -17 17 19 -20 -21 -22 22 -24 -25 -26 27 -28 -29 37 30 31 34 -34 -35 -36 -37 -38 -39
leaf_value=-0.063620802388054121 0.024287763520939722 0.60206988883745827 0.28678515603710086 2.6407849597625233 -0.52187083325539585 1.2185311998500028 2.8521373442426521 -0.23251960828191534 0.23891482159033511 0.92327476264930441 -0.0067637423731163318 2.2888382542200953 0.87333258962759719 -0.46730505429427666 0.23785376058107721 1.9791963724590971 2.095744703316206 0.036753723804862311 0.063804125648555143 0.21580585586758888 0.39456213165503523 -0.14853504450128036 0.48977044291732508 -0.041429513619798859 0.90553962147107492 0.24595303208813193 0.047732725750859149 -0.36344407606808826 -0.0090521685116134541 -0.20161156249594603 1.0022617858336673 0.02311416122154844 1.5996733358003163 0.28910820052692965 0.59660365956220285 -0.26521053464746719 -0.42206455838099877 -0.15495726985168462
leaf_weight=3421 8889 175 191 247 209 237 278 841 2289 153 317 146 175 607 344 171 226 10164 906 5025 375 1108 477 922 259 199 237 989 6253 493 157 855 152 435 210 602 837 2522
leaf_count=3421 8889 175 191 247 209 237 278 841 2289 153 317 146 175 607 344 171 226 10164 906 5025 375 1108 477 922 259 199 237 989 6253 493 157 855 152 435 210 602 837 2522
internal_value=0.0885473 0.156324 0.184279 0.493381 0.734455 0.509473 1.28922 0.166012 0.143722 0.0889298 0.127541 0.308234 0.89308 -0.22799 0.672887 1.08627 0.089354 0.121896 0.469489 0.0959899 -0.0391332 -0.104552 0.0435622 0.214185 0.306679 -0.0059625 0.398425 -0.261363 0.00878946 0.053268 0.248459 0.371115 0.707377 0.478252 0.136201 0.00592503 -0.307984 -0.0509865
internal_weight=52093 30337 26916 3122 2340 2093 640 1453 23794 362 23088 4028 558 782 706 362 19060 16321 1132 15189 1216 2739 1585 3470 2548 21756 412 1188 20568 11793 2302 1809 744 592 1065 9491 1154 8775
internal_count=52093 30337 26916 3122 2340 2093 640 1453 23794 362 23088 4028 558 782 706 362 19060 16321 1132 15189 1216 2739 1585 3470 2548 21756 412 1188 20568 11793 2302 1809 744 592 1065 9491 1154 8775
is_linear=0
shrinkage=0.03


Tree=52
num_leaves=39
num_cat=0
split_feature=194 201 189 193 193 96 201 193 200 200 131 196 194 194 200 201 55 202 196 96 190 141 194 209 187 16 75 75 194 79 141 185 200 193 194 96 194 96
split_gain=327792 179908 391788 299805 451540 311926 838397 257591 844063 1.26074e+06 442463 441041 239834 333998 365138 182670 204264 122136 610560 83073.2 68491 78940.5 87763 71668.8 66795.7 63321.2 57777.3 57094.4 115091 55715.2 52576 51404.7 51216.3 55270.7 42093.7 36279.8 36099.4 35104
threshold=68.500000000000014 377.50000000000006 116.50000000000001 29.650000572204593 27.150000572204593 14.914035797119142 172.50000000000003 34.149999618530281 8.4499998092651385 6.8500001430511483 -59.870620727539055 1.0000000180025095e-35 55.500000000000007 50.500000000000007 17.349999427795414 352.50000000000006 51.36524963378907 -0.98321744799613942 69.500000000000014 45.734956741333015 0.23288291692733767 7.7772607803344735 56.500000000000007 2.5000000000000004 52.899801254272468 144.43940734863284 76.651638031005874 47.782255172729499 72.500000000000014 1.0636287331581118 20.661619186401371 287.05400085449224 6.5499999523162851 24.650000572204593 43.500000000000007 34.570505142211921 24.500000000000004 25.020339012146
decision_type=2 2 10 2 2 8 2 2 2 2 10 2 2 2 2 2 8 2 2 10 8 10 2 2 8 8 8 10 2 10 10 10 2 2 2 10 2 10
left_child=1 2 3 4 5 6 -1 20 9 -9 17 -12 13 14 -6 16 -7 18 -10 25 -3 23 -23 32 -5 37 34 -27 -29 -14 -19 -26 33 -22 -25 -34 -32 -2
right_child=19 7 -4 24 12 15 -8 8 10 -11 11 -13 29 -15 -16 -17 -18 30 -20 -21 21 22 -24 26 31 27 -28 28 -30 -31 36 -33 35 -35 -36 -37 -38 -39
leaf_value=-0.087985850870962126 -0.011167804051836438 0.52293072114344508 1.3922906506823094 -0.20468700932619807 0.37635387071959392 -0.032087878391878218 2.8104199924270632 -0.060678319576637545 -0.17094730188759211 2.7710715992766528 -0.092776065474259178 1.8358258195179924 0.03485303089525104 1.9151318875994834 1.5075688647834131 1.0882907888710438 0.2531651090857493 0.041070674836004351 1.8089212568888267 -0.26692617810795022 -0.071061027752570366 -0.22699083089177149 0.34366772847868771 0.13821145595883594 -0.014182404907851968 0.035195825666843011 0.64626147683737323 0.93210958158596213 0.13593035828250996 0.6942618359738032 -0.12147855282880125 0.50715821126533966 -0.069594581788687049 0.52252925903239478 -0.017285323652646966 -0.32846837439395438 -0.54410775429552849 -0.13502604019062078
leaf_weight=236 9493 228 252 1683 988 4222 145 284 486 282 183 256 535 227 347 179 4860 2467 197 1110 321 2055 275 4041 699 4483 165 197 958 147 932 225 2611 252 2559 599 226 2630
leaf_count=236 9493 228 252 1683 988 4222 145 284 486 282 183 256 535 227 347 179 4860 2467 197 1110 321 2055 275 4041 699 4483 165 197 958 147 932 225 2611 252 2559 599 226 2630
internal_value=0.0846738 0.141472 0.219567 0.199176 0.263077 0.173874 1.01512 0.0789546 0.25516 1.35022 0.12459 1.03189 0.646364 0.851298 0.670394 0.139264 0.120558 0.032131 0.400129 -0.0151442 0.00752321 -0.00160223 -0.159637 0.033307 -0.0921701 0.000591423 0.091784 0.0836538 0.271736 0.176992 -0.0372057 0.112771 -0.0712653 0.189998 0.0779211 -0.117902 -0.203965 -0.0380381
internal_weight=52035 33164 14745 14493 11886 9642 381 18419 5313 566 4747 439 2244 1562 1335 9261 9082 4308 683 18871 13106 12878 2330 10548 2607 17761 6765 5638 1155 682 3625 924 3783 573 6600 3210 1158 12123
internal_count=52035 33164 14745 14493 11886 9642 381 18419 5313 566 4747 439 2244 1562 1335 9261 9082 4308 683 18871 13106 12878 2330 10548 2607 17761 6765 5638 1155 682 3625 924 3783 573 6600 3210 1158 12123
is_linear=0
shrinkage=0.03


Tree=53
num_leaves=39
num_cat=0
split_feature=194 201 189 96 199 123 188 189 151 197 197 204 209 190 207 198 202 36 201 194 208 202 183 208 207 207 202 207 207 199 96 204 56 197 207 197 207 197
split_gain=324551 189844 373034 234797 525799 213360 352318 189999 193048 171520 196598 141632 145011 137507 180874 131577 123856 224136 116464 98179.2 88860.4 288416 81043.6 71901.2 85646.2 70729.4 97092.9 148461 97261.7 61965.6 60331.6 58808.5 57941.3 57482 54693.4 191630 77254 50592
threshold=64.500000000000014 357.50000000000006 116.50000000000001 14.914035797119142 307.50000000000006 17.77211952209473 4.0106468200683603 192.01104736328128 35.729999542236335 976.54998779296886 978.14999389648449 17.000000000000004 9.5000000000000018 0.23288291692733767 0.82414472103118908 7.9500000476837167 -0.99901017546653736 206.29825592041018 62.500000000000007 74.500000000000014 0.38838672637939459 0.94828754663467418 93.808002471923842 -0.082691941410303102 0.93544191122055065 -0.93805426359176625 -0.33379416167736048 0.86548283696174633 0.8522624969482423 51.500000000000007 45.734956741333015 7.0000000000000009 89.705646514892592 983.25000000000011 0.99552232027053844 983.45001220703136 0.91939014196395885 982.25000000000011
decision_type=2 2 10 8 2 8 10 10 2 2 2 2 2 8 2 2 2 10 2 2 2 2 10 2 2 2 2 2 2 2 10 2 10 2 2 2 2 2
left_child=1 2 3 4 -1 20 9 13 22 15 -11 12 32 14 -3 -7 17 -15 19 29 23 -22 -9 24 -5 33 27 -27 -28 -13 31 -14 34 -18 36 -36 37 -2
right_child=11 7 -4 5 -6 6 -8 8 -10 10 -12 18 30 16 -16 -17 25 -19 -20 -21 21 -23 -24 -25 -26 26 28 -29 -30 -31 -32 -33 -34 -35 35 -37 -38 -39
leaf_value=-0.028996249895529985 -0.069763946312936601 -0.10991301298551455 1.6920782233695968 -0.052266193383861861 2.1968088068710481 -0.41240213450479118 1.6410884376645285 -0.15666171496624068 1.4931191071078569 0.93411840756840103 0.27765601987790528 0.97438886363904964 -0.2397703045548899 -0.070809518767221372 1.0612295941685386 0.58589362430176051 0.15266262337669054 1.4765536833932635 0.025124894330299862 0.11200857222885234 0.10553801244960899 1.4412489825264623 0.63467547846865158 -0.21063587642113379 0.43397682752554162 -0.032011434683586908 0.018114385852889874 0.19235660506515631 -0.26669916842054464 0.39984109904542398 -0.49387030822929723 0.23794504444825651 0.5587553187205857 0.64498112815328001 1.0287347096587378 -0.35375034944655481 -0.22961476791808136 0.055363106881820813
leaf_weight=218 5311 206 157 1163 170 509 175 206 161 447 5039 223 1510 189 280 155 1097 152 3536 1023 2158 156 268 1383 453 5716 2750 4955 1776 697 707 274 159 265 183 178 1504 6428
leaf_count=218 5311 206 157 1163 170 509 175 206 161 447 5039 223 1510 189 280 155 1097 152 3536 1023 2158 156 268 1383 453 5716 2750 4955 1776 697 707 274 159 265 183 178 1504 6428
internal_value=0.0841553 0.147769 0.239244 0.220276 0.946256 0.196071 0.313799 0.0859282 0.595631 0.276028 0.331146 -0.00425379 -0.0487183 0.0673117 0.564826 -0.179361 0.0530042 0.618945 0.127654 0.314243 0.0559191 0.195592 0.290764 -0.0518511 0.0840398 0.0413494 0.0227877 0.0721722 -0.0936465 0.539115 -0.259344 -0.166398 -0.0105965 0.248456 -0.0172514 0.347074 -0.027183 -0.0012473
internal_weight=51937 30204 12183 12026 388 11638 6325 18021 635 6150 5486 21733 16254 17386 486 664 16900 341 5479 1943 5313 2314 474 2999 1616 16559 15197 10671 4526 920 2491 1784 13763 1362 13604 361 13243 11739
internal_count=51937 30204 12183 12026 388 11638 6325 18021 635 6150 5486 21733 16254 17386 486 664 16900 341 5479 1943 5313 2314 474 2999 1616 16559 15197 10671 4526 920 2491 1784 13763 1362 13604 361 13243 11739
is_linear=0
shrinkage=0.03


Tree=54
num_leaves=39
num_cat=0
split_feature=194 95 200 123 200 193 200 200 123 196 155 208 201 193 16 95 199 96 205 201 194 208 96 79 208 123 199 194 208 16 181 205 199 201 201 105 199 96
split_gain=306945 184613 248013 174853 174264 845732 1.32985e+06 329105 552666 1.43576e+06 266933 151802 151208 144959 128684 116576 218555 112122 60041.9 165042 85585.7 68179.9 64460.9 60965.4 77697.3 57358.5 86313.6 49874.1 82622 49731.5 48569.2 47282.9 52237 49911.9 47266.9 42165 36652 34135.3
threshold=64.500000000000014 28.506869316101078 24.849999427795414 6.3160688877105722 8.3499999046325701 34.149999618530281 6.8500001430511483 14.84999990463257 27.464885711669925 1.5000000000000002 473.38500976562506 -0.29342786967754358 87.500000000000014 28.849999427795414 163.31204223632815 10.938874721527101 307.50000000000006 45.734956741333015 -1.0000000180025095e-35 62.500000000000007 72.500000000000014 0.64414587616920482 24.948566436767582 1.2610293626785281 0.089118976145982756 15.586361408233644 162.50000000000003 74.500000000000014 0.69521084427833568 210.26824188232425 28.000000000000004 -1.0000000180025095e-35 162.50000000000003 52.500000000000007 32.500000000000007 -53.726392745971673 51.500000000000007 31.673470497131351
decision_type=2 8 2 8 2 2 2 2 10 2 2 2 2 2 8 10 2 10 2 2 2 2 8 10 2 10 2 2 2 10 2 2 2 2 2 10 2 8
left_child=1 15 3 30 5 11 -7 10 12 -10 13 -5 -9 -6 -13 16 -1 18 19 20 36 22 23 35 -25 -24 -27 28 -23 34 -3 -19 -33 -34 -17 -20 -2 -36
right_child=17 2 -4 4 7 6 -8 8 9 -11 -12 14 -14 -15 -16 29 -18 31 21 -21 -22 27 25 24 -26 26 -28 -29 -30 -31 -32 32 33 -35 37 -37 -38 -39
leaf_value=0.10133942225207801 0.98998766653969739 0.29049322170261938 -0.24831116794173946 -0.49026788659493609 0.31137452404549876 -0.11459292227101248 3.3903362527540879 0.56948919114855001 2.2213430632954001 0.06386685959036692 -0.40674928469329702 0.55162441961277109 0.14127903215429904 -0.052406673237136228 0.10959610679702066 0.40991366265213786 1.086192338959113 0.021514078963484316 -0.074758673919239696 -0.0051893313963065069 0.17416849923680991 0.77665004098265111 -0.21484075700304014 0.044317104620226297 0.89899171772344022 -0.17107492385215434 0.73906761718245362 0.019671621158655582 0.11871680107776557 0.53555764214528689 -0.29340272639191334 -0.56747666573872113 -0.34978985758249942 0.32068520875571654 0.041142504560385963 0.13508749620147803 0.4774791029868512 -0.14797723794999298
leaf_weight=722 169 159 978 213 2144 181 211 919 474 670 989 1272 3857 1825 1110 298 282 377 4498 4489 1068 216 3066 278 146 253 149 3711 839 182 662 556 312 147 12201 1066 489 924
leaf_count=722 169 159 978 213 2144 181 211 919 474 670 989 1272 3857 1825 1110 298 282 377 4498 4489 1068 216 3066 278 146 253 149 3711 839 182 662 556 312 147 12201 1066 489 924
internal_value=0.0808923 0.142724 0.21427 0.245075 0.270265 0.47323 1.77202 0.214532 0.365542 0.957797 0.0342209 0.277029 0.223676 0.144103 0.345643 0.0660119 0.377969 -0.00485792 0.0128865 0.0906721 0.339988 -0.0211058 -0.0677387 -0.0081292 0.33863 -0.170663 0.166275 0.0714163 0.253428 0.0429902 -0.180319 -0.265375 -0.371934 -0.13506 0.0363112 -0.0345543 0.609124 0.0278283
internal_weight=52102 30273 15664 14686 13865 2987 392 10878 5920 1144 4958 2595 4776 3969 2382 14609 1004 21829 20437 6215 1726 14222 9456 5988 424 3468 402 4766 1055 13605 821 1392 1015 459 13423 5564 658 13125
internal_count=52102 30273 15664 14686 13865 2987 392 10878 5920 1144 4958 2595 4776 3969 2382 14609 1004 21829 20437 6215 1726 14222 9456 5988 424 3468 402 4766 1055 13605 821 1392 1015 459 13423 5564 658 13125
is_linear=0
shrinkage=0.03


Tree=55
num_leaves=39
num_cat=0
split_feature=141 202 200 202 193 196 199 207 199 204 207 199 56 193 200 95 205 207 96 202 204 55 200 207 199 193 193 200 208 193 207 207 208 204 200 202 205 124
split_gain=248457 445282 380489 1.45999e+06 638817 623075 536471 1.51926e+06 830823 293590 293250 969793 286658 224737 222828 217902 166410 206088 172281 147329 102705 102024 99906.7 178507 137316 94470 88527.3 103708 86119.8 82790.3 606728 415130 93370.4 86736.1 100322 311000 73008 68160.8
threshold=19.526912689208988 -0.99809679388999928 8.3499999046325701 -0.43049471080303187 29.650000572204593 1.0000000180025095e-35 169.50000000000003 0.92273071408271801 116.50000000000001 7.0000000000000009 0.9937499761581422 307.50000000000006 66.509696960449233 28.250000000000004 13.150000095367433 36.411750793457038 -0.93301269412040699 -0.34235668182373041 43.52795600891114 0.98897820711135875 3.0000000000000004 75.214202880859389 6.7500000000000009 0.79904097318649303 330.50000000000006 20.349999427795414 38.95000076293946 21.050000190734867 0.45082531869411474 34.149999618530281 0.91939014196395885 0.93237596750259411 0.10623887926340105 19.000000000000004 6.3500001430511483 0.76037701964378368 1.0000000180025095e-35 0.1253209859132767
decision_type=10 2 2 2 2 2 2 2 2 2 2 2 10 2 2 10 2 2 10 2 2 8 2 2 2 2 2 2 2 2 2 2 2 2 2 2 2 10
left_child=9 -2 3 -3 5 6 8 -8 -4 10 15 -12 29 -9 -7 37 17 -14 22 26 -16 -20 23 24 -18 -24 -6 -28 -27 33 -31 -32 -33 -11 35 -35 -5 -1
right_child=1 2 4 36 19 14 7 13 -10 12 11 -13 16 -15 20 -17 18 -19 21 -21 -22 -23 25 -25 -26 28 27 -29 -30 30 31 32 -34 34 -36 -37 -38 -39
leaf_value=0.54694214847365197 1.747362189328677 2.8897252979559482 2.2374904347554696 0.27500235044851845 -0.25991949348494048 1.0534860391977168 4.2045533577767236 1.4068561044553107 -0.52942639706180739 -0.0098779546091412717 -0.13371212670414853 2.4058612363670093 0.97867088379596512 -0.21927088764641842 0.40522883999194204 -0.35046198370252968 0.18395884347612823 0.20835460270625947 0.66388968598152975 0.73257596614954112 -0.39626564811722959 -0.099483272172154996 0.41211404347080016 1.4000705822917094 1.1159312198101816 0.33650258853821507 0.56109006197172628 -0.21923014137598354 -0.003082947313437819 0.012070807419160711 2.4332657800824453 0.11532097553342936 1.0473632937496058 0.093874341760632515 0.083142504327247582 1.5923715414729076 -0.59755439925929943 -0.041464774287724979
leaf_weight=180 177 217 146 148 2338 157 161 155 295 14467 504 185 593 151 194 2330 709 661 172 170 557 1877 1561 183 178 1066 287 329 1819 2798 153 191 196 483 4683 168 207 11284
leaf_count=180 177 217 146 148 2338 157 161 155 295 14467 504 185 593 151 194 2330 709 661 172 170 557 1877 1561 183 178 1066 287 329 1819 2798 153 191 196 483 4683 168 207 11284
internal_value=0.0791602 0.266287 0.218724 0.95121 0.133908 0.581356 1.13704 1.84565 0.386632 0.0562372 -0.0558102 0.548199 0.107016 0.604437 0.0256624 -0.0859804 0.252554 0.572632 0.199496 -0.126197 -0.189219 -0.0354002 0.286751 0.547006 0.370994 0.224116 -0.175621 0.144331 0.122394 0.0515466 0.189756 1.11041 0.587378 0.0282475 0.131652 0.480601 -0.233786 -0.0322255
internal_weight=52130 5689 5512 572 4940 1816 908 467 441 46441 14483 689 31958 306 908 13794 8819 1254 7565 3124 751 2049 5516 1070 887 4446 2954 616 2885 23139 3338 540 387 19801 5334 651 355 11464
internal_count=52130 5689 5512 572 4940 1816 908 467 441 46441 14483 689 31958 306 908 13794 8819 1254 7565 3124 751 2049 5516 1070 887 4446 2954 616 2885 23139 3338 540 387 19801 5334 651 355 11464
is_linear=0
shrinkage=0.03


Tree=56
num_leaves=39
num_cat=0
split_feature=141 203 200 204 197 204 56 200 200 197 200 141 36 199 208 203 200 200 16 96 55 203 204 197 204 199 76 208 208 208 190 40 96 36 208 208 140 204
split_gain=247206 953674 406963 854010 451918 276903 276151 250377 617924 993298 439867 238953 399708 621978 226384 1.1573e+06 265410 1.05566e+06 152974 148315 102975 81263.1 75017.8 190523 143440 102908 74522.2 288064 321316 505097 110371 66507.2 55214.3 77120.7 51324.5 121424 79073.7 66232.2
threshold=19.526912689208988 -0.98321744799613942 10.550000190734865 15.000000000000002 980.54998779296886 7.0000000000000009 66.509696960449233 19.94999980926514 17.349999427795414 977.85000610351574 17.849999427795414 -1.0000000180025095e-35 155.35694122314456 278.50000000000006 -0.35644692182540888 -0.0087262028828264185 14.750000000000002 15.250000000000002 77.727958679199233 43.52795600891114 75.214202880859389 0.9980967938899995 17.000000000000004 987.04998779296886 13.000000000000002 284.50000000000006 47.334943771362312 0.34033495187759405 0.40418040752410894 0.38838672637939459 0.70857766270637523 10.84999990463257 37.506135940551765 288.76504516601568 0.15738975256681445 0.30778898298740393 -12.159321784973143 11.000000000000002
decision_type=10 2 2 2 2 2 10 2 2 2 2 8 8 2 2 2 2 2 10 10 8 2 2 2 2 2 10 2 2 2 10 10 10 10 2 2 8 2
left_child=5 -2 3 4 -3 11 26 8 14 -10 -11 12 13 -1 16 -16 -4 -18 31 21 -21 22 24 -24 25 -8 34 -28 29 30 -29 -13 33 -20 36 -36 -7 -38
right_child=1 2 7 -5 -6 6 19 -9 9 10 -12 18 -14 -15 15 -17 17 -19 32 20 -22 -23 23 -25 -26 -27 27 28 -30 -31 -32 -33 -34 -35 35 -37 37 -39
leaf_value=-0.073977480658665204 2.3205544988570925 -0.38132297756417466 -0.41069624413465017 2.749461174348137 1.2620722909669408 0.40778840425811874 0.16685605724848646 -0.25232310907451805 3.1108687218196618 1.4281711205892016 -0.30064658865475535 0.57116224755022371 0.049037221374102082 2.5751270502553032 2.6911470184970971 -0.29463534674760927 2.2450026756954871 -0.30993547125576221 -0.28021844705107957 0.70416546985936312 -0.011521659021444239 0.80653118591100326 0.73126333302667357 0.19744066587935324 -0.019371707022811577 0.5777238139336266 -0.002844269878648757 0.023170266522089644 -0.014587137090012357 2.4148899087619506 0.91511029229113172 -0.025871245195179002 -0.3776854120582161 -0.0042889842658453163 -0.24920743321519562 0.027202907282061033 -0.086669334196632822 0.098781568552958665
leaf_weight=173 196 356 1232 164 261 599 1135 1389 158 225 322 175 4189 148 162 419 190 622 2400 197 2218 298 1057 1397 1445 1062 2641 226 499 168 279 4148 1770 1470 1757 7693 2317 6879
leaf_count=173 196 356 1232 164 261 599 1135 1389 158 225 322 175 4189 148 162 419 190 622 2400 197 2218 298 1057 1397 1445 1062 2641 226 499 168 279 4148 1770 1470 1757 7693 2317 6879
internal_value=0.0777844 0.26429 0.191008 0.825336 0.313865 0.0548596 0.104281 0.0860245 0.227156 1.01571 0.410487 -0.0539579 0.12722 1.14745 0.0153685 0.537918 -0.133166 0.287913 -0.135972 0.247161 0.0468618 0.322814 0.299166 0.427374 0.212778 0.365466 0.0496956 0.170861 0.562288 0.99001 0.515954 -0.00170137 -0.23889 -0.175408 0.0256891 -0.0241891 0.0738105 0.0520558
internal_weight=52036 5696 5500 781 617 46340 31867 4719 3330 705 547 14473 4510 321 2625 581 2044 812 9963 8809 2415 6394 6096 2454 3642 2197 23058 3813 1172 673 505 4323 5640 3870 19245 9450 9795 9196
internal_count=52036 5696 5500 781 617 46340 31867 4719 3330 705 547 14473 4510 321 2625 581 2044 812 9963 8809 2415 6394 6096 2454 3642 2197 23058 3813 1172 673 505 4323 5640 3870 19245 9450 9795 9196
is_linear=0
shrinkage=0.03


Tree=57
num_leaves=39
num_cat=0
split_feature=194 208 197 196 193 193 189 193 193 208 188 95 197 197 193 197 196 197 205 189 205 184 207 95 193 207 194 77 207 197 205 194 36 197 35 17 197 196
split_gain=259586 161464 318460 324899 796476 694872 780195 561055 523492 281225 239716 178136 139924 133132 137690 322467 426555 176275 583929 127189 112341 109327 81921.3 74930.9 140461 65606.9 179774 67524.3 61617.9 48750.3 55583.1 48688.2 51353.2 50108.6 42640 32779.3 30708.5 27640.6
threshold=64.500000000000014 -0.68432605266571034 978.14999389648449 1.5000000000000002 35.250000000000007 33.250000000000007 95.123001098632827 36.750000000000007 39.549999237060554 -0.42179730534553522 2.5287233591079716 10.938874721527101 976.54998779296886 978.75000000000011 34.149999618530281 980.14999389648449 1.0000000180025095e-35 979.14999389648449 0.68301269412040722 93.111156463623061 -1.0000000180025095e-35 1.2106910943984988 0.82414472103118908 38.392938613891609 23.94999980926514 0.99552232027053844 68.500000000000014 91.534317016601577 0.91939014196395885 990.54998779296886 -1.0000000180025095e-35 81.500000000000014 323.27264404296881 990.25000000000011 157.66887664794925 29.268524169921879 987.14999389648449 10.500000000000002
decision_type=2 2 2 2 2 2 10 2 2 2 8 10 2 2 2 2 2 2 2 10 2 8 2 10 2 2 2 10 2 2 2 2 10 2 10 10 2 2
left_child=1 -1 3 5 9 6 10 -6 34 35 12 19 -3 22 17 -16 -17 18 -15 20 -4 -19 37 25 29 27 -27 28 31 30 36 32 -2 -34 -9 -5 -25 -13
right_child=23 2 11 4 7 -7 -8 8 -10 -11 -12 13 -14 14 15 16 -18 21 -20 -21 -22 -23 -24 24 -26 26 -28 -29 -30 -31 -32 -33 33 -35 -36 -37 -38 -39
leaf_value=-0.063712773689853466 0.038118153703333761 -0.20416439241763928 0.47539308051084811 -0.2153211308550452 2.4894143010678951 -0.16281978389100393 3.150715627939328 0.29672386454767435 1.7849536542467308 0.88499186021881293 1.8376092845667917 -0.10621126557446987 1.0536415500023997 -0.14681484757722182 -0.22378850575692733 0.039854625031012121 1.0843841766560081 0.0023971472946117656 1.9222720995134697 0.14502046894407192 1.505206032722213 0.1452802794061693 -0.40610584163959879 0.34529733048253503 0.68771232332455279 1.2229018687353015 -0.036373050337869021 0.62264658830157404 -0.17139439203753229 0.32417205984913394 -0.30954654250704122 -0.033983076833804374 0.13218015124314159 0.55860696044331315 -0.32061104904211657 -0.53933556923965276 -0.12223878030180939 0.43805811313247606
leaf_weight=3430 7329 175 204 501 173 366 180 174 208 178 145 171 146 323 607 653 763 8831 198 318 179 10610 721 183 170 150 319 159 1680 150 1953 8011 947 336 239 640 409 165
leaf_count=3430 7329 175 204 501 173 366 180 174 208 178 145 171 146 323 607 653 763 8831 198 318 179 10610 721 183 170 150 319 159 1680 150 1953 8011 947 336 239 640 409 165
internal_value=0.0733178 0.130118 0.154863 0.439553 0.227856 0.881559 1.47326 0.978557 0.557626 -0.224048 0.825265 0.117392 0.367935 0.103059 0.118871 0.354709 0.602695 0.0949704 0.639537 0.588507 0.956716 0.0803762 -0.225812 -0.00563842 -0.148622 0.0160007 0.366396 0.0070992 0.00175154 -0.20138 -0.232357 0.0192506 0.0687693 0.243859 -0.0605214 -0.397068 0.0222893 0.161067
internal_weight=52094 30298 26868 3125 2113 1012 646 794 621 1319 466 23743 321 23042 21985 2023 1416 19962 521 701 383 19441 1057 21796 2865 18931 469 18462 18303 2695 2545 16623 8612 1283 413 1141 592 336
internal_count=52094 30298 26868 3125 2113 1012 646 794 621 1319 466 23743 321 23042 21985 2023 1416 19962 521 701 383 19441 1057 21796 2865 18931 469 18462 18303 2695 2545 16623 8612 1283 413 1141 592 336
is_linear=0
shrinkage=0.03


Tree=58
num_leaves=39
num_cat=0
split_feature=207 197 198 198 196 193 207 193 204 95 181 193 207 197 196 207 204 208 199 199 193 197 207 199 204 209 197 197 197 96 207 207 197 193 198 36 209 96
split_gain=198535 331554 504164 1.12878e+06 612175 927275 1.57809e+06 818741 288573 244644 289853 511308 165205 144338 153865 139406 140866 132933 127120 168112 200390 499393 144274 97056.8 88471.5 142952 87602.9 217634 81530 68590.5 66038.4 79452.2 64620.2 60118.9 57175.5 54059.5 53882.1 92159.4
threshold=0.72102680802345287 978.14999389648449 5.0499999523162851 6.2500000000000009 1.5000000000000002 34.45000076293946 0.86113432049751293 39.549999237060554 17.000000000000004 10.938874721527101 74.000000000000014 25.150000572204593 0.75014290213584911 990.14999389648449 94.500000000000014 -0.7878933548927306 19.000000000000004 0.11478523537516595 320.50000000000006 302.50000000000006 34.149999618530281 983.45001220703136 0.98932364583015453 325.50000000000006 7.0000000000000009 9.5000000000000018 978.75000000000011 979.14999389648449 988.35000610351574 36.141304016113288 0.36146417260169988 0.1510155871510506 989.25000000000011 35.250000000000007 7.1499998569488534 199.906852722168 9.5000000000000018 48.04944038391114
decision_type=2 2 2 2 2 2 2 2 2 10 2 2 2 2 2 2 2 2 2 2 2 2 2 2 2 2 2 2 2 8 2 2 2 2 2 10 2 10
left_child=8 2 12 -4 5 6 -5 33 24 10 -3 -12 -2 18 23 16 17 -10 19 26 22 -22 -21 -15 25 -1 35 -28 -18 -20 31 36 -33 -6 -25 -11 -26 -38
right_child=1 9 3 4 7 -7 -8 -9 15 13 11 -13 -14 14 -16 -17 28 -19 29 20 21 -23 -24 34 30 -27 27 -29 -30 -31 -32 32 -34 -35 -36 -37 37 -39
leaf_value=-0.03780546840033798 0.58591718049387476 0.082095142038648664 2.6834982535251131 -0.30914452003033749 -0.36744547870196842 -0.22727435869148654 3.6771192246402702 1.7949789809679704 0.19845621911545902 0.24279807834959388 2.5362588883675525 0.38172175813528486 -0.45701031525660879 -0.028468046514523254 1.3041890495073576 0.088852395276541249 0.28228045949603031 0.99044830379951643 -0.044810105854376614 0.073239366178338941 -0.099744488904990852 1.9313833556245557 0.78767720905116756 0.9484579380873287 -0.035862195367830349 -0.30893713092910313 0.69919190761755001 0.034518024875654141 -0.37693621402985167 -0.40280283005342304 -0.089981683232396248 -0.10467042135306011 0.58422213377644683 0.090190626250556044 0.29105492836649194 -0.39777048245362767 0.21574486472371818 -0.15174972520282065
leaf_weight=6500 176 518 223 145 807 243 233 214 308 147 152 285 612 503 147 5043 1400 501 1416 1673 223 213 300 204 4193 2395 459 13001 192 730 3740 170 439 380 286 613 2511 813
leaf_count=6500 176 518 223 145 807 243 233 214 308 147 152 285 612 503 147 5043 1400 501 1416 1673 223 213 300 204 4193 2395 459 13001 192 730 3740 170 439 380 286 613 2511 813
internal_value=0.0720873 0.135697 0.428784 0.657936 0.434532 1.21857 2.14803 0.086997 0.0181795 0.0931032 0.562148 1.13117 -0.224068 0.0706104 0.398372 0.178433 0.366584 0.68893 0.0507089 0.0787517 0.310501 0.892546 0.181875 0.264266 -0.0392804 -0.110809 0.039491 0.0571846 0.202775 -0.166589 0.0143387 0.0623524 0.391921 -0.22094 0.564763 -0.273869 0.0356514 0.125861
internal_weight=52108 23903 3033 2245 2022 621 378 1401 28205 20870 955 437 788 19915 1140 7444 2401 809 18775 16629 2409 436 1973 993 20761 8895 14220 13460 1592 2146 11866 8126 609 1187 490 760 7517 3324
internal_count=52108 23903 3033 2245 2022 621 378 1401 28205 20870 955 437 788 19915 1140 7444 2401 809 18775 16629 2409 436 1973 993 20761 8895 14220 13460 1592 2146 11866 8126 609 1187 490 760 7517 3324
is_linear=0
shrinkage=0.03


Tree=59
num_leaves=39
num_cat=0
split_feature=141 203 202 203 207 202 141 163 193 207 202 202 202 193 193 193 205 207 123 208 203 203 192 156 95 207 193 132 207 207 193 202 56 208 132 193 193 95
split_gain=206434 899944 347780 181300 177159 554995 510826 190317 337910 367508 150025 175611 657681 301819 692364 241912 112688 127411 109229 112187 90433.9 73725.7 72188.2 70813 72787.6 59260.9 51634 50311.7 48970 50868.9 103834 112999 48134.7 47679.5 46743.5 42589.7 99824.1 37762.3
threshold=19.526912689208988 -0.98321744799613942 -0.99809679388999928 0.55191597342491161 0.98932364583015453 -0.64942333102226246 -11.891839027404783 67.095001220703139 34.149999618530281 0.91939014196395885 0.99687939882278453 0.9238443672657014 0.88697704672813427 26.44999980926514 26.050000190734867 28.550000190734867 -1.0000000180025095e-35 -0.86546283960342396 19.298367500305179 0.69521084427833568 0.9980967938899995 -0.36648726463317866 1.1122774481773379 2.5309056043624882 17.052510261535648 0.98049071431159984 31.750000000000004 -47.103349685668938 -0.97287097573280323 0.78325453400611889 21.550000190734867 0.061046212911605842 82.284763336181655 0.34033495187759405 -99.459907531738267 23.550000190734867 26.650000572204593 31.377205848693851
decision_type=10 2 2 2 2 2 10 2 2 2 2 2 2 2 2 2 2 2 8 2 2 2 8 2 10 2 2 8 2 2 2 2 10 2 10 2 2 10
left_child=3 -2 -3 16 7 6 -6 25 18 -10 11 12 13 14 -4 -15 22 21 33 20 -20 37 34 -19 -25 32 -23 -27 -24 -30 -31 -32 -5 -9 -1 -7 -37 -18
right_child=1 2 10 4 5 35 -8 8 9 -11 -12 -13 -14 15 -16 -17 17 23 19 -21 -22 26 28 24 -26 27 -28 -29 29 30 31 -33 -34 -35 -36 36 -38 -39
leaf_value=0.46911783675637325 2.206392127141203 1.4680696440658059 -0.052326645529060523 0.036791741620933745 2.7419933859194181 -0.1806955481667365 0.48619912443712043 -0.40824002231041639 0.31778098924797388 2.0985389693237386 1.0525174480917552 -0.28243942550326212 2.1418418399089512 -0.57709760805212373 2.3105822739722686 0.11448317926543196 -0.20132442418096846 -0.055191421319768029 0.28538751379897148 0.035098246725053454 0.85206003077679182 -0.12569384582594403 0.46998662109343825 0.66673705556413254 0.055132136884741181 0.22514946827635052 0.43436940549334563 -0.35394893997783594 0.071035114898839638 0.96166197254694652 -0.0095808498278357815 0.4966384194364718 -0.49913126344984005 0.022168651191666042 -0.057290144437725329 0.82097084040208324 -0.084989654152937008 -0.49501180523660626
leaf_weight=159 202 179 305 5598 158 375 211 274 265 172 152 908 148 534 176 3085 743 9795 2982 1738 277 1312 362 180 6460 167 167 705 6060 168 1061 634 155 1498 3356 173 298 839
leaf_count=159 202 179 305 5598 158 375 211 274 265 172 152 908 148 534 176 3085 743 9795 2982 1738 277 1312 362 180 6460 167 167 705 6060 168 1061 634 155 1498 3356 173 298 839
internal_value=0.06935 0.239899 0.1675 0.0484131 0.133992 0.481312 1.45214 0.103481 0.210184 1.01871 0.123639 0.0962537 0.177199 0.106275 0.812299 0.0124359 0.00726984 -0.0370179 0.157986 0.229749 0.333554 -0.214724 0.0804421 -0.00392009 0.0717128 -0.0125803 -0.0624522 -0.243042 0.128774 0.113183 0.250281 0.179768 0.0223518 -0.044386 -0.0334769 0.0578535 0.247782 -0.357081
internal_weight=52031 5689 5487 46342 15046 1215 369 13831 7206 437 5308 5156 4248 4100 481 3619 31296 19496 6769 4997 3259 3061 11800 16435 6640 6625 1479 872 8285 7923 1863 1695 5753 1772 3515 846 471 1582
internal_count=52031 5689 5487 46342 15046 1215 369 13831 7206 437 5308 5156 4248 4100 481 3619 31296 19496 6769 4997 3259 3061 11800 16435 6640 6625 1479 872 8285 7923 1863 1695 5753 1772 3515 846 471 1582
is_linear=0
shrinkage=0.03


Tree=60
num_leaves=39
num_cat=0
split_feature=194 194 157 198 193 197 197 208 205 208 197 202 105 205 208 202 194 203 203 96 36 96 194 203 141 96 203 55 202 193 193 55 109 198 198 197 205 189
split_gain=216633 205502 577677 142897 320589 689786 387251 437435 344958 229505 262008 212354 126329 125281 119061 117397 118703 403097 148297 112230 121616 165288 123124 117052 89246 78981.1 76812.8 69675 80697.9 68990.7 62552.7 58777.7 54599.5 84518.7 71065.2 108487 52985.9 64867.5
threshold=57.500000000000007 56.500000000000007 68.840000152587905 6.9500000476837167 34.149999618530281 980.54998779296886 976.14999389648449 -0.66365507245063771 0.93301269412040722 -0.42179730534553522 978.45001220703136 0.9980967938899995 -36.12864685058593 0.68301269412040722 -0.63753294944763172 -0.99901017546653736 46.500000000000007 -0.38266885280609125 0.14780378341674807 46.921134948730476 284.62066650390631 22.620221138000492 82.500000000000014 0.9980967938899995 -6.4680640697479239 24.948566436767582 -0.94828754663467396 96.793743133544936 0.31729258596897131 26.250000000000004 25.750000000000004 92.482341766357436 208.34999847412112 8.8499999046325701 4.7500000000000009 982.54998779296886 -1.0000000180025095e-35 134.50000000000003
decision_type=2 2 2 2 2 2 2 2 2 2 2 2 10 2 2 2 2 2 2 10 10 8 2 2 8 10 2 10 2 2 2 8 10 2 2 2 2 8
left_child=1 3 24 4 8 6 7 -6 9 14 -11 13 -12 15 -1 -5 18 -18 -17 20 25 -22 23 29 -3 32 -27 28 -21 31 -15 -23 -2 34 35 -34 37 -28
right_child=19 2 -4 11 5 -7 -8 -9 -10 10 12 -13 -14 30 -16 16 17 -19 -20 27 21 22 -24 -25 -26 26 36 -29 -30 -31 -32 -33 33 -35 -36 -37 -38 -39
leaf_value=0.094758231616699523 0.0034882600163887189 0.81325861480269312 2.3111307739237588 0.72636182774343006 -0.030499265562608742 2.3644502737518112 -0.32836618073904805 1.9980331103339939 1.1801236430670239 1.368000915365323 0.2754911750004434 1.1275192369281957 0.0088452660119389178 0.28840759252824177 -0.52832887072050116 -0.18159334843059008 1.3091951415018368 0.11140443997690622 0.077541872459709574 0.32041416169180592 1.0664653428490161 0.29768215330177045 -0.11754590641423707 1.0415846893070564 -0.063149684377988916 0.51028040312809397 -0.12420407011042463 -0.36087880656293192 -0.35998934002008121 0.76853433986293918 -0.38606224201825762 0.028545431764629609 0.98634330717788743 0.71512665421897181 -0.11293015467362821 0.11060056900456758 -0.2178585366683416 0.45160123779850914
leaf_weight=460 15267 145 147 242 186 187 392 197 282 163 3400 166 3019 146 690 2590 284 2306 8545 367 175 1350 1319 151 375 162 564 1148 274 173 812 1591 164 232 721 569 2872 256
leaf_count=460 15267 145 147 242 186 187 392 197 282 163 3400 166 3019 146 690 2590 284 2306 8545 367 175 1350 1319 151 375 162 564 1148 274 173 812 1591 164 232 721 569 2872 256
internal_value=0.0669049 0.131245 0.650675 0.116849 0.211634 0.729109 0.334492 1.01292 0.149515 0.111926 0.180245 0.0604718 0.150082 0.0486031 -0.279095 0.0713666 0.0598172 0.24275 0.0172669 0.00872945 0.0248037 0.161618 0.127072 0.225893 0.181243 -0.00648859 -0.129076 -0.220981 0.0295692 0.186337 -0.28327 0.152087 0.0213797 0.183389 0.0985404 0.306548 -0.157131 0.0555622
internal_weight=52089 24734 667 24067 8976 962 775 383 8014 7732 6582 15091 6419 14925 1150 13967 13725 2590 11135 27355 25566 4759 4584 3265 520 20807 3854 1789 641 3114 958 2941 16953 1686 1454 733 3692 820
internal_count=52089 24734 667 24067 8976 962 775 383 8014 7732 6582 15091 6419 14925 1150 13967 13725 2590 11135 27355 25566 4759 4584 3265 520 20807 3854 1789 641 3114 958 2941 16953 1686 1454 733 3692 820
is_linear=0
shrinkage=0.03


Tree=61
num_leaves=39
num_cat=0
split_feature=141 203 200 198 205 201 198 200 200 197 200 203 207 203 141 207 207 201 203 201 206 96 205 201 198 198 207 201 197 205 77 198 207 132 205 156 201 207
split_gain=170706 797842 374785 882351 1.35006e+06 548761 719219 224849 632432 172776 717053 171741 177051 303959 437919 155688 189106 596604 134751 134011 171348 147460 105761 150472 151113 248092 125212 101703 70176.1 68619.1 67160.2 65458.1 64331 63990.1 56266.7 52289.2 61128.7 58472.1
threshold=18.936250686645511 -0.98321744799613942 10.550000190734865 5.0499999523162851 1.0000000180025095e-35 87.500000000000014 4.9500000476837167 14.750000000000002 15.250000000000002 977.14999389648449 20.550000190734867 0.55191597342491161 0.98932364583015453 0.76037701964378368 -13.739829063415526 0.9646572768688203 0.91939014196395885 637.50000000000011 0.28400452435016638 237.50000000000003 1.0000000180025095e-35 26.268546104431156 -1.0000000180025095e-35 97.500000000000014 2.3500000238418584 1.7500000000000002 -0.86546283960342396 637.50000000000011 980.75000000000011 -1.0000000180025095e-35 90.032672882080092 6.9500000476837167 -0.32614396512508387 -48.243827819824212 1.0000000180025095e-35 2.5309056043624882 42.500000000000007 0.36146417260169988
decision_type=10 2 2 2 2 2 2 2 2 2 2 2 2 2 10 2 2 2 2 2 2 10 2 2 2 2 2 2 2 2 10 2 2 8 2 2 2 2
left_child=11 -2 3 28 -5 6 -4 -7 -9 10 -10 22 15 14 -14 16 19 -18 -11 20 21 -13 23 24 25 -1 27 -24 -3 -22 35 -26 34 -17 -21 -28 -37 -38
right_child=1 2 5 4 -6 7 -8 8 9 18 -12 12 13 -15 -16 33 17 -19 -20 32 29 -23 26 -25 31 -27 30 -29 -30 -31 -32 -33 -34 -35 -36 36 37 -39
leaf_value=0.069093515394160518 2.0545770022795913 -0.5091407202717998 -0.3349381050457314 4.0113601045049698 0.46891842443649895 -0.35267394948749514 2.5005575293672559 1.605351431468488 1.6794678486519614 -0.30226098912025456 -0.36665244051852558 0.094422364198438566 2.2931672104972152 0.070338495599882006 0.40673513858411203 0.22261504563145107 -0.0095083969787994101 1.8952333829293162 0.17380644943327814 0.0064630727316848571 0.23711875191025247 0.66810761453922463 -0.26434528227162024 0.01396739907371064 0.034632920131399861 1.6147639667746554 -0.055683154399731746 0.3764351202514612 0.28981934407554238 -0.013497605770731889 0.63340542583307957 0.33825723138602609 -0.074639827320854571 -0.23425683482028029 0.32003122495956648 -0.13775168239697641 0.29093186836854351 0.047030976194348977
leaf_weight=191 205 280 145 148 280 1393 181 234 250 1516 402 633 168 677 325 335 440 223 827 1256 1836 1111 2827 8769 1336 183 9529 242 153 2117 147 1225 3452 1564 873 1218 1116 4267
leaf_count=191 205 280 145 148 280 1393 181 234 250 1516 402 633 168 677 325 335 440 223 827 1256 1836 1111 2827 8769 1336 183 9529 242 153 2117 147 1225 3452 1564 873 1218 1116 4267
internal_value=0.0649191 0.215239 0.150325 0.727985 1.69394 0.0498055 1.2394 -0.0341013 0.103332 -0.0140252 0.417915 0.045292 0.128609 0.482976 1.04961 0.0986518 0.138778 0.631168 -0.134225 0.109831 0.212185 0.459885 0.00501519 0.0761991 0.26213 0.82542 -0.0380498 -0.213817 -0.226828 0.102903 -0.00490917 0.179866 0.00534859 -0.15366 0.135043 -0.0107268 0.0541707 0.0975968
internal_weight=52074 6014 5809 861 428 4948 326 4622 3229 2995 652 46060 15010 1170 493 13840 11941 663 2343 11278 5697 1744 31050 11704 2935 374 19346 3069 433 3953 16277 2561 5581 1899 2129 16130 6601 5383
internal_count=52074 6014 5809 861 428 4948 326 4622 3229 2995 652 46060 15010 1170 493 13840 11941 663 2343 11278 5697 1744 31050 11704 2935 374 19346 3069 433 3953 16277 2561 5581 1899 2129 16130 6601 5383
is_linear=0
shrinkage=0.03


Tree=62
num_leaves=39
num_cat=0
split_feature=194 194 157 201 193 193 208 197 204 194 206 204 201 193 200 200 132 199 141 209 197 194 183 200 197 141 199 209 200 207 199 161 141 36 129 201 193 207
split_gain=193801 201450 662020 205831 289179 500354 558560 423218 404210 297184 173655 166748 172997 163880 650956 1.06168e+06 328028 160198 152047 151787 121542 110688 102346 135684 99991.3 149369 96176.8 74005.1 79884.9 68949.1 342743 74993.5 68869.8 61099.1 59509.7 58013 56055.2 51792.9
threshold=57.500000000000007 56.500000000000007 87.380001068115249 242.50000000000003 29.650000572204593 27.550000190734867 -0.46609674394130701 978.95001220703136 5.0000000000000009 32.500000000000007 0.25000000000000011 17.000000000000004 62.500000000000007 34.149999618530281 8.4499998092651385 6.8500001430511483 -48.243827819824212 303.50000000000006 5.5459194183349618 9.5000000000000018 973.35000610351574 72.500000000000014 197.19999694824222 22.150000572204593 975.75000000000011 3.7300037145614628 260.50000000000006 2.5000000000000004 6.5499999523162851 0.9937499761581422 309.50000000000006 67.944999694824233 -6.4680640697479239 228.45446777343753 111.25000000000001 3927.5000000000005 25.250000000000004 0.9260200858116151
decision_type=2 2 2 2 2 2 2 2 2 2 2 2 2 2 2 2 10 2 10 2 2 2 10 2 2 10 2 2 2 2 2 2 8 10 8 2 2 2
left_child=1 3 32 4 5 9 -7 34 -9 -1 26 19 21 24 15 -15 20 -18 -12 22 -16 -13 29 -24 -5 27 -11 28 -26 31 -31 37 -3 -27 -8 -22 -33 -2
right_child=11 2 -4 13 -6 6 7 8 -10 10 18 12 -14 14 16 -17 17 -19 -20 -21 35 -23 23 -25 25 33 -28 -29 -30 30 -32 36 -34 -35 -36 -37 -38 -39
leaf_value=1.3477263082241642 -0.037226074727637316 0.69444414872136118 2.430782775915528 0.6829491990018598 -0.13004505045408085 2.270168352977405 -0.49916579807222988 2.408059888405742 0.63382031622331814 0.13535595640086603 0.12084774710191495 0.49990213839548192 0.016455293378913959 -0.11959680232772345 0.63327855306038339 2.4679034030593838 0.38091231606619314 1.5460747029001711 -0.43712354048900076 -0.22990620615763738 -0.065284458912575144 0.11218492569869062 -0.038316264262806272 1.1286547814640537 0.28263312770772309 -0.062151057726943376 0.68173777164880556 0.11847981106785714 -0.11917230541700813 -0.16118547005637873 1.4201224500292247 0.10191510495577262 -0.072401627351536227 -0.32052242244203522 0.27620202430207808 0.39040994321000089 -0.4843824409882781 -0.21471072587090376
leaf_weight=189 10025 146 145 189 1344 218 231 154 463 551 1636 1455 4338 290 260 281 255 182 601 3090 3848 1217 195 166 525 1733 612 5571 2934 418 175 4254 379 1570 145 269 152 1736
leaf_count=189 10025 146 145 189 1344 218 231 154 463 551 1636 1455 4338 290 260 281 255 182 601 3090 3848 1217 195 166 525 1733 612 5571 2934 418 175 4254 379 1570 145 269 152 1736
internal_value=0.0625669 0.123375 0.63647 0.109081 0.25891 0.367817 0.89511 0.593216 1.07669 0.189896 0.125531 0.00734364 0.13342 0.0576735 0.196067 1.15378 0.0824685 0.866198 -0.0290597 -0.0363849 0.00421911 0.323312 -0.00145797 0.498311 -0.00184179 -0.0123366 0.422879 0.0508066 -0.0581864 -0.012223 0.305488 -0.0238767 0.140862 -0.184962 -0.200154 -0.035509 0.0816877 -0.0634241
internal_weight=51942 24721 670 24051 6144 4800 1211 993 617 3589 3400 27221 7010 17907 5385 571 4814 437 2237 20211 4377 2672 17121 361 12522 12333 1163 9030 3459 16760 593 16167 525 3303 376 4117 4406 11761
internal_count=51942 24721 670 24051 6144 4800 1211 993 617 3589 3400 27221 7010 17907 5385 571 4814 437 2237 20211 4377 2672 17121 361 12522 12333 1163 9030 3459 16760 593 16167 525 3303 376 4117 4406 11761
is_linear=0
shrinkage=0.03


Tree=63
num_leaves=39
num_cat=0
split_feature=194 183 183 155 190 207 198 141 207 207 189 198 194 185 141 185 207 95 151 202 79 96 96 189 97 207 198 197 151 96 105 16 97 55 55 197 203 194
split_gain=177338 116233 200913 853795 143972 226415 307207 141618 488946 106488 122076 80946.9 166636 95043.2 264066 120527 73350.5 72732 72237.7 107577 157153 67932.6 61929.1 55819.7 89054.7 74115.5 46982.6 98391.8 46334.3 46581.7 40013 35826.9 45265.4 35600.4 35376.1 35313.7 34562.1 33632.2
threshold=72.500000000000014 84.023174285888686 98.346946716308608 473.38500976562506 0.23541752994060519 0.9159645438194276 5.5499999523162851 -16.8306131362915 0.9937499761581422 0.91939014196395885 153.50000000000003 13.650000095367433 13.500000000000002 1112.0000000000002 23.051871299743656 2063.799926757813 0.9731498956680299 37.291955947875984 5.1399998664855966 0.89490029215812694 0.66600331664085399 33.58154487609864 38.790967941284187 55.091396331787116 3.9468197822570805 0.91939014196395885 5.0499999523162851 977.35000610351574 38.164999008178718 42.396379470825202 -66.342109680175767 143.26785278320315 11.275567054748537 21.538743019104007 103.70013427734376 983.64999389648449 0.72534674406051647 23.500000000000004
decision_type=2 8 8 2 10 2 2 8 2 2 10 2 2 10 10 10 2 10 2 2 8 10 10 10 2 2 2 2 2 10 10 8 2 10 10 2 2 2
left_child=1 4 3 9 5 18 -7 8 -4 -3 16 12 -9 14 -14 -15 -11 23 34 20 -20 35 -22 24 25 -6 -19 -28 29 31 -29 32 -2 -25 36 -13 -1 -37
right_child=28 2 7 -5 17 6 -8 11 -10 10 -12 21 13 15 -16 -17 -18 26 19 -21 22 -23 -24 33 -26 -27 27 30 -30 -31 -32 -33 -34 -35 -36 37 -38 -39
leaf_value=-0.064334358982523404 -0.019601788965404768 0.10347195879658277 -0.006748198813427194 2.5201176449611702 0.018740145619396961 0.16799948428711364 1.8123261055065309 0.95622339151169633 1.9064666871143285 -0.21405290142153582 1.2601019724146627 0.0017310993630477618 0.10490287619240336 -0.13938575531205322 0.58175957800736555 0.49577490523293488 0.60315635678236801 -0.49941041061636632 1.3625966333292814 -0.27320327704316044 0.55737870725869976 -0.18626729892563657 -0.057680722064253218 0.26741543731513873 0.032960657370269736 0.84902293374624016 0.41192734075722504 0.13258880282576041 0.40663217058765116 -0.23620422099165181 -0.37794700875392589 0.052099424778570623 -0.19420790693707332 -0.1011963648206617 -0.41682641103896273 0.67892998419223471 0.2708951637589106 0.14417539446557204
leaf_weight=1049 8318 1432 394 160 164 248 174 213 173 154 170 1376 14229 2165 1128 307 276 416 145 224 305 1523 285 252 3097 236 240 173 224 910 686 4815 1592 3668 185 145 376 392
leaf_count=1049 8318 1432 394 160 164 248 174 213 173 154 170 1376 14229 2165 1128 307 276 416 145 224 305 1523 285 252 3097 236 240 173 224 910 686 4815 1592 3668 185 145 376 392
internal_value=0.0618722 0.0985552 0.13628 0.410197 0.0218688 0.202018 0.846018 0.109043 0.577023 0.244051 0.579557 0.0966887 0.122105 0.112139 0.139929 -0.0605028 0.310482 -0.0384566 0.0962276 0.302348 0.477756 -0.0367678 0.260277 0.000233671 0.0873693 0.508616 -0.227872 -0.125084 -0.0217686 -0.0279065 -0.275126 -0.0150336 -0.0476517 -0.0774992 -0.0265495 0.0822537 0.0241201 0.288579
internal_weight=52019 36160 24237 2192 11923 2991 422 22045 567 2032 600 21478 18042 17829 15357 2472 430 8932 2569 959 735 3436 590 7417 3497 400 1515 1099 15859 15635 859 14725 9910 3920 1610 1913 1425 537
internal_count=52019 36160 24237 2192 11923 2991 422 22045 567 2032 600 21478 18042 17829 15357 2472 430 8932 2569 959 735 3436 590 7417 3497 400 1515 1099 15859 15635 859 14725 9910 3920 1610 1913 1425 537
is_linear=0
shrinkage=0.03


Tree=64
num_leaves=39
num_cat=0
split_feature=194 201 187 201 194 105 204 201 179 207 202 202 169 123 185 204 123 194 36 202 202 15 202 207 207 199 76 181 16 185 207 132 96 204 207 199 198 194
split_gain=186762 185293 296061 250380 219556 548249 148325 152179 141593 116826 103915 112738 360331 210943 449354 136887 195798 97616.1 86415.1 94403.8 161315 88798.3 99215.9 82123.5 75608.9 350370 74680.3 64557 63658.3 106722 62487.7 62896.9 45753.8 47977.3 44035.6 43722.2 38537.3 35177.3
threshold=57.500000000000007 92.500000000000014 24.800749778747562 82.500000000000014 56.500000000000007 -34.003400802612298 17.000000000000004 62.500000000000007 1.0000000180025095e-35 0.80926549434661876 0.99901017546653759 0.21643137186765674 149.75000000000003 28.018895149230961 1112.0000000000002 1.0000000180025095e-35 19.298367500305179 74.500000000000014 288.76504516601568 0.31729258596897131 -0.061046212911605828 157.24446868896487 -0.71322327852249134 -0.95244166254997242 0.9937499761581422 309.50000000000006 47.895910263061531 90.000000000000014 74.566448211669936 262.72442626953131 0.9260200858116151 -36.642597198486321 45.734956741333015 7.0000000000000009 0.97696486115455639 267.50000000000006 6.6499998569488534 72.500000000000014
decision_type=2 2 8 2 2 8 2 2 2 2 2 2 2 10 10 2 10 2 10 2 2 8 2 2 2 2 10 2 10 8 2 8 10 2 2 2 2 2
left_child=1 2 -1 9 10 -6 8 17 18 36 11 12 13 26 -15 -13 23 -8 24 20 21 22 -20 -17 30 -26 -3 -23 29 -11 31 -2 33 37 -9 -35 -4 -10
right_child=6 4 3 -5 5 -7 7 34 32 28 -12 15 -14 14 -16 16 -18 -19 19 -21 -22 27 -24 -25 25 -27 -28 -29 -30 -31 -32 -33 -34 35 -36 -37 -38 -39
leaf_value=1.535916942467026 0.07047388896122031 0.038064006678252264 0.16339888257910776 1.0993538127252582 2.2669078592325174 0.10786692897628765 0.44828835523886235 0.048129035160701904 -0.47189488473657759 0.81756473284664144 0.74091540760104402 0.67150644701261508 1.4948318201873434 1.1752168998484529 -0.18175295502384484 0.66471306804898567 -0.38447927695236367 0.074309179361986957 -0.29782529979004435 -0.25590143947289118 1.1536577738133047 0.28416376256314418 0.33304501074095161 0.0011536665167371789 -0.16266960475403791 1.3992846948262527 0.21255649204088714 1.0179027959931259 -0.3012205097093818 -0.31796010623002419 -0.20436651893803826 -0.067379325968545414 -0.4038900338147377 -0.23323655646772501 -0.26251853066899439 0.37748519649419204 0.50708840797729493 -0.14196928867702024
leaf_weight=180 4645 12720 544 289 145 392 1625 3901 394 147 210 224 167 473 410 177 1411 1024 487 363 170 422 416 3248 440 183 2671 145 556 151 1849 8304 930 178 459 259 638 1111
leaf_count=180 4645 12720 544 289 145 392 1625 3901 394 147 210 224 167 473 410 177 1411 1024 487 363 170 422 416 3248 440 183 2671 145 556 151 1849 8304 930 178 459 259 638 1111
internal_value=0.059505 0.119185 0.363797 0.273046 0.0916429 0.690878 0.00540283 0.124386 -0.0356866 0.155751 0.076821 0.0703345 0.108444 0.0942167 0.545145 -0.0534923 -0.087075 0.303724 -0.00351619 0.181861 0.278757 0.177571 -0.00719093 0.0354475 -0.0275946 0.296152 0.0683461 0.471819 -0.111599 0.242188 -0.0412246 -0.0179293 -0.230859 -0.147994 0.015425 0.128724 0.348913 -0.228344
internal_weight=52058 24753 2505 2325 22248 537 27305 7009 20296 2036 21711 21501 16441 16274 883 5060 4836 2649 17424 2003 1640 1470 903 3425 15421 623 15391 567 854 298 14798 12949 2872 1942 4360 437 1182 1505
internal_count=52058 24753 2505 2325 22248 537 27305 7009 20296 2036 21711 21501 16441 16274 883 5060 4836 2649 17424 2003 1640 1470 903 3425 15421 623 15391 567 854 298 14798 12949 2872 1942 4360 437 1182 1505
is_linear=0
shrinkage=0.03


Tree=65
num_leaves=39
num_cat=0
split_feature=141 203 200 205 196 197 196 203 201 200 197 197 203 187 96 207 161 205 205 201 201 207 201 208 207 123 207 207 190 205 208 131 208 163 197 200 77 207
split_gain=146748 731455 298232 397006 989242 377900 237898 550899 648819 605488 160467 160083 140640 140155 117092 523858 109723 160220 90017.1 131460 146129 103976 88294.9 61344.6 110620 61125.5 60807.9 66691.9 120397 63443.8 100916 58361.1 55166.9 53015.9 70607.7 51350.2 50739.3 46254.9
threshold=19.526912689208988 -0.98321744799613942 19.94999980926514 -0.68301269412040699 69.500000000000014 975.75000000000011 28.500000000000004 -0.41467745602130884 87.500000000000014 17.349999427795414 978.95001220703136 982.25000000000011 0.53727915883064281 6.3500001430511483 14.914035797119142 0.9937499761581422 359.85000610351568 -0.93301269412040699 -1.0000000180025095e-35 97.500000000000014 87.500000000000014 -0.86546283960342396 637.50000000000011 0.96462664008140575 0.13398904353380206 15.270718574523928 0.9646572768688203 0.72102680802345287 0.2535704523324967 1.0000000180025095e-35 -0.031174269504845139 -87.212467193603501 0.41202506422996527 1029.4100341796877 981.54998779296886 10.650000095367433 90.032672882080092 -0.99904707074165333
decision_type=10 2 2 2 2 2 2 2 2 2 2 2 2 8 8 2 2 2 2 2 2 2 2 2 2 8 2 2 10 2 2 8 2 2 2 2 10 2
left_child=12 -2 3 4 5 -3 7 -5 -9 -10 -7 -8 18 -14 15 -15 26 -18 19 20 25 22 32 36 -25 -1 27 37 -29 30 -28 35 -20 34 -19 -21 -23 -16
right_child=1 2 -4 6 -6 10 11 8 9 -11 -12 -13 13 14 16 -17 17 33 21 31 -22 23 -24 24 -26 -27 29 28 -30 -31 -32 -33 -34 -35 -36 -37 -38 -39
leaf_value=-0.11080254572317069 1.9968801958957827 1.613385218180917 -0.2433829469929096 -0.51394954708945195 3.0607095550626884 -0.42296553682300553 -0.35558374315293589 2.281310148075578 0.063217239616805587 1.6682242321843324 0.75385304335404602 0.62525219970903712 0.8036299569457418 -0.13971660072323816 0.34068893188539007 1.546941464646054 0.83689212542619085 -0.016103203694282364 -0.18078130603075165 0.7201017507962707 0.91482710282555435 -0.025836146752590005 0.34990357081046092 -0.10559382794989862 0.5990693712788786 0.24681191894458213 0.50009837611794161 0.42540599688522562 0.040132902880263915 -0.24805382267752074 -0.099263611961082562 -0.01290945932214782 -0.51769891176289362 -0.0052974315092254335 0.43965737165278052 0.12037817682728652 0.53797500089264638 0.0016750646174141328
leaf_weight=538 197 162 1389 534 150 337 1038 183 1081 263 151 175 260 454 386 261 368 464 2249 176 264 15377 243 399 403 2146 340 1214 1831 1179 986 7988 543 976 898 476 145 5876
leaf_count=538 197 162 1389 534 150 337 1038 183 1081 263 151 175 260 454 386 261 368 464 2249 176 264 15377 243 399 403 2146 340 1214 1831 1179 986 7988 543 976 898 476 145 5876
internal_value=0.0567739 0.200994 0.13623 0.265656 0.864758 0.357963 0.119264 0.31545 0.605497 0.377302 -0.0588187 -0.214074 0.0391966 0.112982 0.101193 0.475984 0.082735 0.255046 0.00225733 0.0683893 0.241373 -0.0373283 -0.198571 -0.0073495 0.248497 0.175129 0.0432601 0.0785734 0.193737 -0.0879416 0.0544211 0.0093663 -0.246308 0.163461 0.284392 0.282275 -0.0205689 0.022573
internal_weight=52100 5660 5463 4074 800 650 3274 2061 1527 1344 488 1213 46440 15493 15233 715 14518 2706 30947 11588 2948 19359 3035 16324 802 2684 11812 9307 3045 2505 1326 8640 2792 2338 1362 652 15522 6262
internal_count=52100 5660 5463 4074 800 650 3274 2061 1527 1344 488 1213 46440 15493 15233 715 14518 2706 30947 11588 2948 19359 3035 16324 802 2684 11812 9307 3045 2505 1326 8640 2792 2338 1362 652 15522 6262
is_linear=0
shrinkage=0.03


Tree=66
num_leaves=39
num_cat=0
split_feature=199 204 161 197 197 199 199 200 199 95 189 199 205 179 209 167 95 141 204 200 200 200 189 200 76 189 189 200 198 200 196 95 96 96 196 196 59 96
split_gain=156240 121522 179819 323924 657548 129239 413912 1.17462e+06 181980 159224 258210 239630 128751 126863 120081 118255 105639 103890 97229.5 92616.8 87029.6 432797 86863 73080.4 81431.1 71418.9 107362 66847.4 69143.2 49856.5 47329.5 50720.4 39924.4 33676.1 33433 35840.5 32881.3 31773.7
threshold=3.5000000000000004 15.000000000000002 359.85000610351568 976.14999389648449 975.14999389648449 153.50000000000003 173.50000000000003 14.750000000000002 249.50000000000003 10.938874721527101 109.50000000000001 290.50000000000006 -0.93301269412040699 1.0000000180025095e-35 4.5000000000000009 0.089999999850988402 34.682722091674812 19.695916175842289 3.0000000000000004 18.44999980926514 17.750000000000004 19.050000190734867 174.50000000000003 17.150000572204593 28.510271072387699 29.03348541259766 26.538249015808109 6.3500001430511483 3.5499999523162846 26.94999980926514 2.5000000000000004 47.679210662841804 25.020339012146 37.777421951293952 94.500000000000014 87.500000000000014 0.83773729205131542 41.120435714721687
decision_type=2 2 2 2 2 2 2 2 2 10 8 2 2 2 2 2 10 10 2 2 2 2 10 2 8 10 10 2 2 2 2 10 10 10 2 2 8 8
left_child=-1 5 22 4 -4 16 7 14 17 10 11 -10 13 -5 -7 32 36 -8 -17 23 27 -22 25 24 -14 26 30 28 -18 34 31 -3 -11 -15 35 -27 -2 -29
right_child=1 2 3 12 -6 6 8 -9 9 15 -12 -13 19 33 -16 18 20 -19 -20 -21 21 -23 -24 -25 -26 29 -28 37 -30 -31 -32 -33 -34 -35 -36 -37 -38 -39
leaf_value=0.95352684693089051 -0.013284431532811463 0.27798493402328983 -0.029557138768547736 -0.11620257212310464 2.5590912248314654 0.56967869071210964 -0.12722287117581157 2.5390432496357009 0.27414363110293688 -0.0057230504625506266 0.040895943023014289 1.8388301978984836 -0.44020167398035481 1.1561639462721442 -0.25737104536486016 -0.066204980998325488 -0.32250424832700797 -0.77008897853270719 0.13996175214594919 -0.19159412201288384 1.3673764069244143 -0.29419360245075987 0.69404899303670153 0.85588498298993232 0.24915024129468774 0.0013688904716436126 0.83975526390778266 -0.21600489434275413 0.41828657081579007 0.38745243351648223 0.049032281825781288 -0.0706713639375946 -0.170205626806301 0.63861149251422344 -0.16333680001611495 0.45480648197883516 0.36280552891802303 -0.45669243410396698
leaf_weight=174 6659 2085 190 172 165 254 2954 230 169 3820 526 184 176 181 418 2563 234 245 10464 665 179 666 199 152 1246 6125 189 797 220 289 3923 458 2036 302 1144 161 216 1297
leaf_count=174 6659 2085 190 172 165 254 2954 230 169 3820 526 184 176 181 418 2563 234 245 10464 665 179 666 199 152 1246 6125 189 797 220 289 3923 458 2036 302 1144 161 216 1297
internal_value=0.0560875 0.0530816 0.116577 0.318395 1.17365 0.0199267 0.0582202 0.6886 0.033456 0.0674365 0.462119 1.08976 0.213479 0.583435 0.0552371 0.0490639 -0.0690678 -0.17646 0.0993994 0.105249 -0.20604 0.0577947 0.0715819 0.230663 0.163827 0.0629637 0.134982 -0.293537 0.0364696 0.000872069 0.114381 0.215191 -0.0629102 0.832579 -0.0141649 0.0129833 -0.00146783 -0.365086
internal_weight=52127 51953 17822 3249 355 34131 23863 902 22961 19762 879 353 2894 655 672 18883 10268 3199 13027 2239 3393 845 14573 1574 1422 14374 6655 2548 454 7719 6466 2543 5856 483 7430 6286 6875 2094
internal_count=52127 51953 17822 3249 355 34131 23863 902 22961 19762 879 353 2894 655 672 18883 10268 3199 13027 2239 3393 845 14573 1574 1422 14374 6655 2548 454 7719 6466 2543 5856 483 7430 6286 6875 2094
is_linear=0
shrinkage=0.03


Tree=67
num_leaves=39
num_cat=0
split_feature=123 203 189 202 197 197 197 204 183 201 204 201 207 36 123 203 95 95 193 203 189 201 203 203 207 197 197 94 197 36 193 197 204 201 191 201 123 123
split_gain=132314 560767 240728 174639 286909 191189 224721 205747 157564 138540 135073 286038 181109 492072 128291 350368 156698 121384 317248 104478 83912.4 87872.8 83834.1 83333.2 352845 66935.4 64054.2 61403.5 59083.7 56875.2 112752 106293 78397.4 55353.3 50768.7 50484.7 37789.5 35665.2
threshold=25.777732849121097 -0.98624804615974415 180.96452331542972 -0.98624804615974415 977.64999389648449 975.14999389648449 975.75000000000011 1.0000000180025095e-35 31.676473617553714 187.50000000000003 7.0000000000000009 97.500000000000014 0.9937499761581422 154.35388183593753 13.76558828353882 -0.78257837891578663 33.749641418457038 27.722265243530277 27.650000572204593 0.9980967938899995 192.01104736328128 1732.5000000000002 -0.043617725372314446 -0.026175950653851029 0.93544191122055065 981.95001220703136 986.95001220703136 37.238622665405281 981.95001220703136 208.36237335205081 34.149999618530281 980.25000000000011 11.000000000000002 37.500000000000007 26.28739166259766 57.500000000000007 12.688198089599611 14.62065649032593
decision_type=10 2 10 2 2 2 2 2 10 2 2 2 2 10 10 2 10 8 2 2 10 2 2 2 2 2 2 8 2 8 2 2 2 2 10 2 10 8
left_child=10 -2 3 4 -3 -5 -7 9 -9 -8 12 17 14 -14 16 -16 -1 35 19 26 22 -22 27 24 -17 -25 28 36 -19 -24 32 -32 -31 -28 -15 37 -13 -12
right_child=1 2 -4 5 -6 6 7 8 -10 -11 11 20 13 34 15 23 -18 18 -20 -21 21 -23 29 25 -26 -27 33 -29 -30 30 31 -33 -34 -35 -36 -37 -38 -39
leaf_value=-0.033848918005979618 1.9398033140320703 1.7547626157817677 1.3463853060098123 -0.81057707394859591 0.10617021960576749 1.143840364008704 0.15475326256772037 0.48701556584648176 -0.1384491156406778 1.442550596603454 -0.0368332650551772 0.013048596569141362 1.8349659376663328 -0.18568638508860524 1.5376182820875515 -0.050443804871903156 -0.28307370417790367 0.11818848221679566 1.5799602448829593 1.0378724842930735 1.0046655416585002 0.16518351290333305 0.00056644632927058851 -0.34372786949190698 1.6116252237924114 0.083101150525479395 -0.087490235015850071 -0.25765329920799651 0.54501014026923145 0.23477389331835316 -0.03159271080141357 0.69845871627148914 0.026173934667747114 0.26512441872203996 0.45881833788572463 -0.024749491792838106 -0.16877521879122276 0.30333042117622033
leaf_weight=9085 163 146 145 226 272 173 155 426 2431 146 360 4974 171 398 153 503 3027 415 185 166 153 421 8591 538 149 858 600 1214 984 2130 273 524 6792 1206 152 1354 1297 1209
leaf_count=9085 163 146 145 226 272 173 155 426 2431 146 360 4974 171 398 153 503 3027 415 185 166 153 421 8591 538 149 858 600 1214 984 2130 273 524 6792 1206 152 1354 1297 1209
internal_value=0.0542918 0.214044 0.145763 0.101963 0.682022 0.0337963 0.0910871 0.0334124 -0.0451862 0.779426 0.0400021 0.0740902 -0.0344773 0.429448 -0.0578472 0.152846 -0.0961347 0.252686 0.370414 0.30403 0.0302082 0.388961 0.0222249 0.0493874 0.329402 -0.0813941 0.266019 -0.0623637 0.418399 0.0568042 0.106515 0.448393 0.0759744 0.147977 -0.00756323 0.109462 -0.0245573 0.225281
internal_weight=52165 4283 4120 3975 418 3557 3331 3158 2857 301 47882 32848 15034 721 14313 2201 12112 6479 3556 3371 26369 574 25795 2048 652 1396 3205 7485 1399 18310 9719 797 8922 1806 550 2923 6271 1569
internal_count=52165 4283 4120 3975 418 3557 3331 3158 2857 301 47882 32848 15034 721 14313 2201 12112 6479 3556 3371 26369 574 25795 2048 652 1396 3205 7485 1399 18310 9719 797 8922 1806 550 2923 6271 1569
is_linear=0
shrinkage=0.03


Tree=68
num_leaves=39
num_cat=0
split_feature=194 194 160 202 197 204 209 203 190 198 202 198 198 207 199 191 207 197 114 209 204 203 199 194 199 207 208 55 197 198 197 194 190 206 95 204 194 208
split_gain=146808 179602 572398 131230 470638 125284 115527 126632 540839 110010 186468 157077 377116 155222 147483 128299 116392 105945 102471 94798.3 108475 710373 150953 83031.2 76098 355946 70587.1 62488.5 117939 73733.8 86367.9 74742.4 58792.2 58080.3 49066.6 46344 53264.2 44231.3
threshold=57.500000000000007 56.500000000000007 19.500000000000004 -0.99901017546653736 979.14999389648449 17.000000000000004 8.5000000000000018 -0.95368063449859608 0.23957634717226031 6.9500000476837167 0.9980967938899995 6.1499998569488534 6.2500000000000009 0.93544191122055065 13.500000000000002 18.050000190734867 0.88220161199569713 975.35000610351574 -620.11990356445301 9.5000000000000018 3.0000000000000004 -0.3172925859689712 277.50000000000006 42.500000000000007 309.50000000000006 0.9937499761581422 0.37247809767723089 69.875476837158217 987.14999389648449 9.7500000000000018 981.95001220703136 64.500000000000014 0.6899298131465913 -0.93301269412040699 33.881834030151374 5.0000000000000009 72.500000000000014 0.96462664008140575
decision_type=2 2 2 2 2 2 2 2 10 2 2 2 2 2 2 8 2 2 8 2 2 2 2 2 2 2 2 10 2 2 2 2 10 2 10 2 2 2
left_child=1 3 32 4 -1 6 7 8 -2 11 19 14 -13 16 -5 -16 -14 -17 -9 20 21 -11 -22 33 37 26 -26 -7 29 30 -29 -32 -3 -21 -30 36 -8 -20
right_child=5 2 -4 9 -6 27 35 18 -10 10 -12 12 13 -15 15 17 -18 -19 24 23 22 -23 -24 -25 25 -27 -28 28 34 -31 31 -33 -34 -35 -36 -37 -38 -39
leaf_value=1.9844200242713408 -0.11763567523943552 -0.066548858974238581 2.2580151056276652 0.93441153252480147 -0.033974702959416347 0.051492560974020309 -0.48696323160110538 -0.21412532550311117 2.022387712002744 1.9644844430433115 1.0410431626917001 1.567729678486244 0.26375580036525986 1.0206448179475356 -0.36496973236468883 0.83735398503404579 -0.49725560495116256 0.10121423734421153 -0.030655371326908747 0.45182707659906207 -0.1840660146903734 -0.1889224510817856 0.043014999423863116 0.47824882108413785 -0.30193941098845822 1.4211866380775033 0.15115777250701812 0.13181775442614316 0.30459433163227184 -0.084354608331450115 1.4168991968039832 0.6197924129656881 0.64145600061877273 -0.028356757605894654 -0.065764488948760802 -0.068688213604249537 -0.16919556973708702 0.19102111006507816
leaf_weight=149 398 381 145 189 344 4734 683 1974 145 183 163 228 875 197 527 181 228 6302 10472 288 3925 559 8014 690 387 190 1544 215 508 154 148 372 146 1065 879 2050 1557 878
leaf_count=149 398 381 145 189 344 4734 683 1974 145 183 163 228 875 197 527 181 228 6302 10472 288 3925 559 8014 690 387 190 1544 215 508 154 148 372 146 1065 879 2050 1557 878
internal_value=0.0522728 0.105137 0.588885 0.0916515 0.576073 0.00426952 -0.0335251 0.00356696 0.45385 0.0815378 0.0319606 0.166109 0.442369 0.244988 0.107472 0.0851753 0.106445 0.121768 -0.0122639 0.020789 -0.00976485 0.342191 -0.031639 0.210438 0.0173164 0.18226 0.0603494 0.113599 0.242777 0.512519 0.637578 0.846683 0.129604 0.0738575 0.0698833 -0.17176 -0.266088 -0.013507
internal_weight=52067 24779 672 24107 493 27288 20278 15988 543 23614 14887 8727 1528 1300 7199 7010 1103 6483 15445 14724 12681 742 11939 2043 13471 2121 1931 7010 2276 889 735 520 527 1353 1387 4290 2240 11350
internal_count=52067 24779 672 24107 493 27288 20278 15988 543 23614 14887 8727 1528 1300 7199 7010 1103 6483 15445 14724 12681 742 11939 2043 13471 2121 1931 7010 2276 889 735 520 527 1353 1387 4290 2240 11350
is_linear=0
shrinkage=0.03


Tree=69
num_leaves=39
num_cat=0
split_feature=194 194 105 201 187 201 200 194 200 202 204 201 199 205 207 209 196 194 105 200 132 77 183 200 200 123 123 196 189 95 194 207 199 165 204 207 76 194
split_gain=142324 161120 514293 176467 311370 246320 138326 468743 918081 176769 122960 128094 119364 226583 240707 105513 95856.6 89003.5 83945.9 80711.6 77710 92170.1 76813.6 106276 69183.8 174771 138092 479443 61503.2 57015.1 53520.6 47978.4 250949 56445.2 43628.2 41148.1 40957 40830.9
threshold=57.500000000000007 56.500000000000007 -34.003400802612298 92.500000000000014 24.800749778747562 82.500000000000014 8.4499998092651385 26.500000000000004 6.8500001430511483 0.99901017546653759 17.000000000000004 62.500000000000007 301.50000000000006 0.25000000000000011 0.73283910751342785 9.5000000000000018 96.500000000000014 72.500000000000014 -49.274692535400384 10.750000000000002 -99.459907531738267 39.026798248291023 197.19999694824222 22.150000572204593 14.949999809265138 25.493761062622074 27.464885711669925 1.0000000180025095e-35 192.01104736328128 31.053853988647464 22.500000000000004 0.9937499761581422 309.50000000000006 3.1984648704528813 5.0000000000000009 0.9260200858116151 47.895910263061531 70.500000000000014
decision_type=2 2 8 2 8 2 2 2 2 2 2 2 2 2 2 2 2 2 10 2 10 8 10 2 2 10 10 2 10 10 2 2 2 2 2 2 10 2
left_child=1 3 -3 4 -1 16 7 8 -5 24 15 17 20 36 -15 22 18 37 19 -6 21 -9 31 -24 25 30 28 -28 -26 -22 -8 33 -33 35 -17 -2 -14 -12
right_child=10 2 -4 6 5 -7 9 12 -10 -11 11 -13 13 14 -16 34 -18 -19 -20 -21 29 -23 23 -25 26 -27 27 -29 -30 -31 -32 32 -34 -35 -36 -37 -38 -39
leaf_value=1.524807956229709 -0.031723932539042585 2.1367045328014278 0.12254820999611377 -0.21319779799862168 0.082158245877951092 1.0943980977755963 -0.22259757116742046 0.53410783860744337 2.6022552198490687 1.0380237777323436 0.37201840673888736 0.011277552238291286 -0.11201804266825932 0.31629269114272607 1.9468535970602281 -0.29732352842721738 -0.47195180446613932 0.083785703095817898 -0.10695895747760593 0.58482832973406584 -0.061998650921393193 -0.016275730518929582 -0.040413535910194025 0.98642469185596726 0.021485750264378236 -0.39872851514204694 1.3238757185673964 -0.032532147748147756 0.55058056176631598 -0.56908072853629799 0.044736695409712333 -0.15005634508943286 1.1768075120188517 0.080604002757576176 -0.070516830612699935 -0.18659763390220133 0.46656737736184872 0.85301939273045735
leaf_weight=183 10711 146 522 211 558 265 770 418 206 155 1297 4346 414 186 145 1696 219 1208 559 593 989 794 200 166 9335 1102 340 756 202 250 5405 429 183 3610 1388 1804 150 181
leaf_count=183 10711 146 522 211 558 265 770 418 206 155 1297 4346 414 186 145 1696 219 1208 559 593 989 794 200 166 9335 1102 340 756 202 250 5405 429 183 3610 1388 1804 150 181
internal_value=0.0513053 0.103179 0.562792 0.0904944 0.33596 0.236793 0.0637637 0.229233 1.17768 0.0292958 0.00390266 0.111937 0.111029 0.407547 1.03062 -0.0337304 0.118973 0.274806 0.194655 0.341139 0.00275196 0.173545 -0.00460586 0.425323 0.0205653 -0.050708 0.0693433 0.388259 0.0326929 -0.164319 0.0114007 -0.0140077 0.246713 -0.0239031 -0.195246 -0.0540487 0.0418656 0.430928
internal_weight=52092 24873 668 24205 2377 2194 21828 3763 417 18065 27219 7032 3346 895 331 20187 1929 2686 1710 1151 2451 1212 17103 366 17910 7277 10633 1096 9537 1239 6175 16737 612 16125 3084 12515 564 1478
internal_count=52092 24873 668 24205 2377 2194 21828 3763 417 18065 27219 7032 3346 895 331 20187 1929 2686 1710 1151 2451 1212 17103 366 17910 7277 10633 1096 9537 1239 6175 16737 612 16125 3084 12515 564 1478
is_linear=0
shrinkage=0.03


Tree=70
num_leaves=39
num_cat=0
split_feature=194 194 160 200 193 200 196 183 203 202 196 141 202 204 203 203 54 141 185 200 196 197 56 203 96 197 95 197 141 97 141 95 196 96 95 194 123 197
split_gain=133708 124473 412930 114650 420095 831813 832811 288915 195112 163348 476722 160310 137160 111606 104007 104044 86850.1 68980.9 67780.5 64513.8 65220.1 87159.6 82707.2 91024.9 61521.4 54130 200710 83528.5 78358.9 71336.4 53642.1 49497.2 77547.5 42433.7 39193.5 36831.5 34722.8 32154.9
threshold=57.500000000000007 56.500000000000007 16.500000000000004 8.4499998092651385 34.149999618530281 6.8500001430511483 15.500000000000002 129.02399444580081 -0.98624804615974415 -0.99901017546653736 26.500000000000004 3.9429615736007695 0.99901017546653759 17.000000000000004 -0.41467745602130884 -0.36648726463317866 110.46870422363283 -6.0793211460113517 1678.2500000000002 4.6499998569488534 1.0000000180025095e-35 987.14999389648449 71.516262054443374 0.88697704672813427 40.908714294433601 982.14999389648449 10.938874721527101 982.35000610351574 5.5459194183349618 11.465811252593996 10.179770946502687 27.722265243530277 95.500000000000014 48.242879867553718 36.737436294555671 77.500000000000014 4.2859938144683847 982.35000610351574
decision_type=2 2 2 2 2 2 2 10 2 2 2 10 2 2 2 2 10 8 10 2 2 2 10 2 10 2 8 2 10 2 10 8 2 10 10 2 10 2
left_child=1 3 17 4 7 30 -7 11 -5 10 -10 31 14 16 24 -16 18 -3 25 35 21 22 37 34 -11 29 -27 -28 -29 -2 -6 -1 -33 -23 -24 -15 -22 -21
right_child=13 2 -4 8 5 6 -8 -9 9 12 -12 -13 -14 19 15 -17 -18 -19 -20 20 36 33 23 -25 -26 26 27 28 -30 -31 -32 32 -34 -35 -36 -37 -38 -39
leaf_value=0.020137768987568923 -0.038303481097740309 0.65595034165465571 1.9015658404301061 0.8299794350273868 0.30314010586928186 0.5720526963774003 3.7008171268280572 1.4200790261070626 -0.24359781103839248 -0.053991869341251525 1.8386408370431249 -0.29632971415995385 0.91760497456748225 0.85647309166868058 0.71911031474749443 0.040689201187393907 -0.27362371234782135 -0.11134537949428472 0.46659198118847617 0.36704837993950468 0.061908022717303703 0.1133488758005837 0.74256907346694589 1.3066253826169547 -0.39821959772460508 0.82232108960919881 0.51990793054910522 0.01318876003864968 -0.25417383625447632 -0.26676142326881686 -0.4761041468997525 0.20249407337322303 0.88350048925838687 -0.37765958635926766 0.16461028830668731 0.2035079837104608 -0.14144846670647376 -0.092625375544439337
leaf_weight=1257 6020 147 148 289 145 161 146 146 233 1289 172 877 156 155 206 16387 1259 373 258 279 3074 1320 199 145 733 273 270 9567 1100 1546 176 1610 166 180 225 156 1002 269
leaf_count=1257 6020 147 148 289 145 161 146 146 233 1289 172 877 156 155 206 16387 1259 373 258 279 3074 1320 199 145 733 273 270 9567 1100 1546 176 1610 166 180 225 156 1002 269
internal_value=0.0491469 0.0995439 0.503507 0.0883695 0.221622 0.943648 2.06007 0.109828 0.0563038 0.0446433 0.640732 0.0608992 0.0317819 0.00332855 0.0243579 0.0491121 -0.032309 0.10557 -0.0163472 0.106583 0.0869558 0.203829 0.404458 0.657794 -0.17878 -0.0229835 0.018864 -0.0011919 -0.0143823 -0.0849858 -0.124109 0.164194 0.266151 0.0544256 0.435881 0.528958 0.0119167 0.141407
internal_weight=52114 24817 668 24149 4684 628 307 4056 19465 19176 405 3910 18771 27297 18615 16593 20293 520 19034 7004 6693 2617 1117 569 2022 18776 11210 10937 10667 7566 321 3033 1776 1500 424 311 4076 548
internal_count=52114 24817 668 24149 4684 628 307 4056 19465 19176 405 3910 18771 27297 18615 16593 20293 520 19034 7004 6693 2617 1117 569 2022 18776 11210 10937 10667 7566 321 3033 1776 1500 424 311 4076 548
is_linear=0
shrinkage=0.03


Tree=71
num_leaves=39
num_cat=0
split_feature=194 194 160 201 203 201 208 187 208 193 16 207 207 208 193 208 201 96 140 207 96 207 203 207 207 176 206 203 187 208 208 207 203 190 199 153 199 95
split_gain=120453 149128 495330 152228 307666 286388 235943 193654 408306 137558 157766 274766 807573 175827 131345 111385 95875.6 87335.4 76182.2 68742.9 340576 79116 83648 67000.3 64782 72482.1 66179.9 64199.1 59616.9 56247.3 90093.5 58083.8 175812 52234.1 46969.5 72085.8 35755.3 35746.3
threshold=57.500000000000007 56.500000000000007 19.500000000000004 242.50000000000003 -0.98321744799613942 237.50000000000003 -0.42179730534553522 29.701970100402836 -0.31800055503845209 31.849999427795414 85.154407501220717 0.91939014196395885 0.9260200858116151 0.32410992681980139 32.149999618530281 -0.25829019397497172 3140.0000000000005 46.921134948730476 18.431828498840336 0.9937499761581422 17.394186019897464 0.93845596909523021 0.8038262426853181 0.77244481444358837 0.72102680802345287 173.33000183105472 1.0000000180025095e-35 0.96811076998710643 34.739618301391609 0.96462664008140575 0.99024581909179699 0.83849048614501964 -0.9366365075111388 0.6899298131465913 162.50000000000003 1.8688347935676577 221.50000000000003 10.938874721527101
decision_type=2 2 2 2 2 2 2 10 2 2 10 2 2 2 2 2 2 10 10 2 10 2 2 2 2 2 2 2 10 2 2 2 2 10 2 2 2 10
left_child=1 3 33 4 -1 6 23 8 -8 18 27 14 -13 -14 -12 -9 -16 19 37 21 -21 22 29 -6 25 -24 -26 -11 36 31 -31 -2 -33 -3 -19 -36 -22 -5
right_child=17 2 -4 9 5 -7 7 15 -10 10 11 12 13 -15 16 -17 -18 34 -20 20 28 -23 24 -25 26 -27 -28 -29 -30 30 -32 32 -34 -35 35 -37 -38 -39
leaf_value=1.2259920341353983 -0.026803485179799365 -0.081758587195929724 2.0890164074275637 0.28520731667071003 -0.0057837681121820543 1.4706124346344123 1.306985653167712 -0.37298448618301266 0.24305649116205005 -0.0069316845565197977 0.79707541339875965 2.5563686913404311 -0.25126726153280005 0.80486243306030048 0.14019507144900875 0.13954517155289861 -0.480078578287919 -0.33811694605503378 -0.31334232421190006 1.5755351892002913 0.14376092198239318 -0.15948753138652216 0.055953781901541676 -0.47533608373429781 1.0010950495299391 0.73566481348691304 0.27623123375057329 0.57890660216142098 0.40922877880445896 0.49134120954627253 -0.014099831808873468 1.155827503292933 0.062353756086821512 0.58405986914093044 -0.18006929220567164 0.50585113408243354 -0.38700638873896548 -0.022701836303307858
leaf_weight=258 16507 374 145 353 504 148 389 483 1962 4425 252 178 304 266 2258 1818 249 981 816 151 186 2274 2173 598 146 151 507 175 225 538 774 146 1413 148 624 177 296 8760
leaf_count=258 16507 374 145 353 504 148 389 483 1962 4425 252 178 304 266 2258 1818 249 981 816 151 186 2274 2173 598 146 151 507 175 225 538 774 146 1413 148 624 177 296 8760
internal_value=0.0476411 0.0953979 0.537916 0.083199 0.211957 0.167628 0.134111 0.227611 0.4191 0.0392228 0.130912 0.28248 0.792465 0.241598 0.144214 0.0319595 0.0785866 0.00409792 -0.0356408 0.0182943 0.282263 0.00909829 0.0262473 -0.260588 0.174303 0.10012 0.438311 0.0153567 0.00603057 0.00350167 0.193164 -0.0102721 0.164764 0.107024 -0.198944 -0.0284942 -0.182188 -0.0107744
internal_weight=52132 24863 667 24196 6160 5902 5754 4652 2351 18036 8107 3507 748 570 2759 2301 2507 27269 9929 25487 858 24629 22355 1102 2977 2324 653 4600 707 19378 1312 18066 1559 522 1782 801 482 9113
internal_count=52132 24863 667 24196 6160 5902 5754 4652 2351 18036 8107 3507 748 570 2759 2301 2507 27269 9929 25487 858 24629 22355 1102 2977 2324 653 4600 707 19378 1312 18066 1559 522 1782 801 482 9113
is_linear=0
shrinkage=0.03


Tree=72
num_leaves=39
num_cat=0
split_feature=123 198 198 202 208 204 198 197 193 193 197 191 204 102 96 76 208 208 208 76 198 193 198 199 208 193 95 55 205 96 208 161 199 193 95 96 197 202
split_gain=118214 390208 686421 735574 493089 417073 607294 186397 350191 263806 175133 132922 115510 150358 246198 128469 177358 218576 531356 204479 188624 133738 168444 120820 114994 457477 97708.3 82923.9 151960 76539 74182.3 60740.7 56091.8 51758.2 40282.3 35306.6 34799.4 52490.8
threshold=25.493761062622074 4.9500000476837167 6.2500000000000009 -0.30069434642791742 -0.38243420422077173 3.0000000000000004 8.8499999046325701 977.35000610351574 39.549999237060554 32.45000076293946 982.45001220703136 27.037551879882816 7.0000000000000009 122.47500228881837 13.225347995758058 47.895910263061531 0.24997577071189883 0.39629089832305914 0.38838672637939459 57.008211135864265 9.9499998092651385 19.150000572204593 7.1499998569488534 335.50000000000006 -0.31800055503845209 27.250000000000004 36.411750793457038 63.70459175109864 -0.93301269412040699 48.04944038391114 -0.25829019397497172 359.85000610351568 267.50000000000006 24.94999980926514 30.020594596862797 35.860319137573249 989.75000000000011 -0.93038213253021229
decision_type=10 2 2 2 2 2 2 2 2 2 2 10 2 8 8 10 2 2 2 10 2 2 2 2 2 2 10 8 2 10 2 2 2 2 10 10 2 2
left_child=12 -2 3 4 -3 6 -4 8 9 -7 -9 -12 13 14 -1 27 -17 18 19 32 21 22 -19 -23 25 -16 -15 -14 31 36 -26 -29 -18 34 -32 -33 -30 -38
right_child=1 2 5 -5 -6 7 -8 10 -10 -11 11 -13 15 26 24 16 17 20 -20 -21 -22 23 -24 -25 30 -27 -28 28 29 -31 33 35 -34 -35 -36 -37 37 -39
leaf_value=0.99280949411571973 -0.38088951591512676 3.4867145603781129 -0.093273318716829715 -0.24047773739033237 1.1371918967766539 0.88789994786205895 2.3277773590478517 -0.27162846596355694 1.7388648741853776 -0.31095311050372865 1.1409804340548635 -0.095757401872255815 0.0048654808510255236 -0.04951773125346514 1.8152477451837441 -0.033383057246589243 0.075518696202404811 1.3221648884412589 2.1407434015247704 1.3822367129572177 -0.30093376797567822 0.047587560129075765 0.24126192010083092 0.81518672850410934 -0.5274127146519817 -0.13388757641208646 -0.26962479977051179 0.2916914672563225 0.082878544437380353 -0.18358342428775154 0.034847444788443781 1.1479214090261245 0.43448610194564574 0.55743352799439971 -0.32125280498937409 0.53494903660161219 0.65200294903301592 0.13752986696325009
leaf_weight=262 847 148 188 167 176 260 185 1494 146 453 153 160 19718 7429 158 2485 726 213 168 164 727 1701 332 207 228 345 2402 433 2969 856 3676 162 851 160 310 177 264 551
leaf_count=262 847 148 188 167 176 260 185 1494 146 453 153 160 19718 7429 158 2485 726 213 168 164 727 1701 332 207 228 345 2402 433 2969 856 3676 162 851 160 310 177 264 551
internal_value=0.0481639 0.197372 0.336123 1.37688 2.2105 0.167968 1.10754 0.0365081 0.400331 0.126222 -0.136445 0.508797 0.0344649 -0.0345559 0.0969461 0.0660587 0.174365 0.27581 0.529565 0.374082 0.123475 0.249259 0.663723 0.130869 0.048817 0.478387 -0.103297 0.0334159 0.137436 0.0725933 -0.000583425 0.527158 0.269231 0.0283894 0.00715196 0.827899 0.130545 0.304187
internal_weight=52051 4377 3530 491 324 3039 373 2666 859 713 1807 313 47674 14970 5139 32704 7574 5089 1909 1741 3180 2453 545 1908 4877 503 9831 25130 5412 4640 4374 772 1577 4146 3986 339 3784 815
internal_count=52051 4377 3530 491 324 3039 373 2666 859 713 1807 313 47674 14970 5139 32704 7574 5089 1909 1741 3180 2453 545 1908 4877 503 9831 25130 5412 4640 4374 772 1577 4146 3986 339 3784 815
is_linear=0
shrinkage=0.03


Tree=73
num_leaves=39
num_cat=0
split_feature=199 183 203 200 189 194 96 199 199 185 194 199 185 185 19 205 120 200 206 199 36 206 96 56 28 197 16 141 194 185 95 56 193 77 132 200 199 203
split_gain=116099 119571 252307 945086 116538 296879 103080 273936 165772 101808 82780.3 310767 88481 85325.2 78124.8 76005.3 106556 270812 106298 95529.5 103487 162728 83792.2 70572.8 64983.9 63861.4 57584.7 53460.2 48245.3 42244.4 42378.6 33564.3 33173.5 29143 25135 19045.1 17675.2 17023.4
threshold=3.5000000000000004 84.023174285888686 -0.95368063449859608 14.750000000000002 182.50000000000003 25.500000000000004 15.720503807067873 307.50000000000006 321.50000000000006 256.84158325195318 13.500000000000002 284.50000000000006 1097.0999755859377 457.55204772949224 0.8097110688686372 -1.0000000180025095e-35 20.162499427795414 10.650000095367433 -0.25000000000000006 267.50000000000006 288.76504516601568 1.0000000180025095e-35 43.52795600891114 69.720260620117202 204.50000000000003 981.14999389648449 109.74917221069337 10.88441848754883 34.500000000000007 612.78900146484386 34.81640815734864 49.774454116821296 25.94999980926514 66.886142730712905 -77.373744964599595 12.250000000000002 135.50000000000003 0.095842104405164733
decision_type=2 10 2 2 10 2 8 2 2 10 2 2 10 10 10 2 8 2 2 2 10 2 10 10 10 2 10 10 2 10 10 10 2 10 10 2 2 2
left_child=-1 9 3 26 6 -6 7 35 -9 14 11 -8 13 -12 15 16 17 -2 32 22 33 -22 28 -20 -16 -14 -3 -19 -17 30 -11 -24 -18 -21 -13 -4 -7 -32
right_child=1 2 4 -5 5 36 10 8 -10 29 12 34 25 -15 24 19 18 27 23 20 21 -23 31 -25 -26 -27 -28 -29 -30 -31 37 -33 -34 -35 -36 -37 -38 -39
leaf_value=0.81895215875751759 1.2661895207491076 -0.31570815732707536 0.26588231441818477 2.8111181976624224 1.3278699060822488 -0.27004106911948295 1.2107775877778724 1.8212945620075858 0.41554424739406959 -0.15599877838843226 0.022478352509658402 -0.24656438757890953 -0.23459027287831388 0.18295263380296439 0.92680028819602567 0.24245092335418614 -0.16406436525450782 0.43008221499659988 0.052655027395223056 -0.0026001389631931412 0.43998571462050112 -0.051466431831623784 0.11512936800681689 0.25380692283375583 0.047734628499739119 0.030355706609857504 0.44147965188175431 -0.29667586240572402 -0.068282277283441953 0.17424878479179748 -0.65459957927567425 -0.36317067549000331 0.0032107859883303991 -0.34873733776807309 0.22680998220575738 -0.11859878107210897 0.1558625508578394 -0.30956291618655885
leaf_weight=174 233 240 165 145 234 171 255 151 151 1258 9153 313 1599 4423 156 476 1634 145 3985 5490 1335 1111 149 2590 147 1678 145 245 8136 240 253 1160 3075 228 149 390 180 262
leaf_count=174 233 240 165 145 234 171 255 151 151 1258 9153 313 1599 4423 156 476 1634 145 3985 5490 1335 1111 149 2590 147 1678 145 245 8136 240 253 1160 3075 228 149 390 180 262
internal_value=0.0453417 0.0427454 0.101323 0.746938 0.0833245 0.500182 0.0700903 0.391364 1.11846 0.00731398 0.0544195 0.37012 0.040988 0.0747603 0.0210416 0.0161992 0.0750563 0.456994 0.0539688 -0.0225517 0.0534558 0.216763 -0.0850984 0.131892 0.500339 -0.0989239 -0.0305287 -0.0264661 -0.0511072 -0.199281 -0.249845 -0.308726 -0.054833 -0.0164027 -0.0938937 -0.00429033 -0.0516295 -0.479076
internal_weight=52024 51850 19542 530 19012 585 18427 857 302 32308 17570 717 16853 13576 30295 29992 11907 623 11284 18085 8164 2446 9921 6575 303 3277 385 390 8612 2013 1773 1309 4709 5718 462 555 351 515
internal_count=52024 51850 19542 530 19012 585 18427 857 302 32308 17570 717 16853 13576 30295 29992 11907 623 11284 18085 8164 2446 9921 6575 303 3277 385 390 8612 2013 1773 1309 4709 5718 462 555 351 515
is_linear=0
shrinkage=0.03


Tree=74
num_leaves=39
num_cat=0
split_feature=141 203 197 193 194 185 197 193 197 193 204 204 201 95 203 185 194 199 141 56 141 208 194 194 203 193 197 194 196 208 199 201 36 204 197 208 209 156
split_gain=124654 574048 221139 457868 274209 277858 251478 325122 205710 181746 173449 114002 211266 126995 104247 84402.9 78519 72828.7 270306 76453.2 68307.1 370709 61488.8 57648.9 52623.6 61043.1 307696 412890 93804.6 58306.4 68412.6 56293.3 56008.3 79641.4 45748.9 44536.6 106787 39142.9
threshold=22.922402381896976 -0.98321744799613942 982.25000000000011 29.44999980926514 36.500000000000007 1112.0000000000002 976.04998779296886 29.849999427795414 975.35000610351574 37.45000076293946 1.0000000180025095e-35 7.0000000000000009 97.500000000000014 37.291955947875984 0.9980967938899995 1905.5000000000002 74.500000000000014 112.50000000000001 -9.2930335998535138 73.17917633056642 -2.1188215017318721 0.12332734838128091 36.500000000000007 59.500000000000007 -0.043617725372314446 34.149999618530281 983.25000000000011 23.500000000000004 1.0000000180025095e-35 -0.68432605266571034 307.50000000000006 457.50000000000006 288.76504516601568 11.000000000000002 988.85000610351574 -0.14250536262989041 4.5000000000000009 4.1900861263275155
decision_type=10 2 2 2 2 10 2 2 2 2 2 2 2 10 2 10 2 2 10 10 8 2 2 2 2 2 2 2 2 2 2 2 8 2 2 2 2 2
left_child=11 -2 4 -4 5 6 8 -8 -3 -9 -6 13 14 20 16 -7 17 18 34 -19 21 -1 -15 -21 37 31 29 28 -28 -27 -31 32 -26 -34 -13 36 -22 -14
right_child=1 2 3 -5 10 15 7 9 -10 -11 -12 12 24 22 -16 -17 -18 19 -20 23 35 -23 -24 -25 25 26 27 -29 -30 30 -32 -33 33 -35 -36 -37 -38 -39
leaf_value=1.3197210759749332 1.907708929427524 0.52996593769933809 2.0416920386621231 -0.18904415441534667 0.6131172925796412 -0.36534672960929077 1.2626968048058738 -0.16530826820157093 2.0494817096486386 0.62222177007032486 -0.36572142659150064 0.35902246462520038 -0.018575369855058615 0.344178580261643 0.90631119933822946 0.28353924773145678 0.033920571951903851 -0.0078846421408406003 1.6466171110684624 0.12624130541882123 0.57932385635766448 0.032206193680603248 -0.27928623066034647 0.55045772492616518 0.045882288751993745 -0.079902539111898208 -0.26756483497039352 2.0828649791658886 0.74863691723849979 0.41405196217084589 -0.07770354247842523 -0.022285308996638421 0.49485765890530059 0.047366247246355415 -0.089241358084983888 -0.12036168257216004 -0.023048337425832621 -0.22594673131013973
leaf_weight=212 169 175 158 174 185 635 260 806 148 392 1365 1555 6615 152 190 252 1932 1259 145 600 285 3972 2245 555 4894 1501 163 165 164 618 433 9096 679 757 236 4163 3748 935
leaf_count=212 169 175 158 174 185 635 260 806 148 392 1365 1555 6615 152 190 252 1932 1259 145 600 285 3972 2245 555 4894 1501 163 165 164 618 433 9096 679 757 236 4163 3748 935
internal_value=0.0438831 0.190906 0.127136 0.872598 0.0684582 0.252824 0.468881 0.301088 1.22626 0.0923836 -0.248889 0.0292053 0.0606244 -0.0398798 0.214009 -0.180994 0.193069 0.263752 0.400823 0.153822 -0.00118111 0.0974465 -0.239749 0.330089 0.0224727 0.0497497 0.172525 0.859455 0.242096 0.0400886 0.211455 0.0255225 0.0942208 0.258961 0.299954 -0.0515299 0.0195206 -0.0442568
internal_weight=51988 4719 4550 332 4218 2668 1781 1458 323 1198 1550 47269 32492 14777 6472 887 6282 4350 1936 2414 12380 4184 2397 1155 26020 18470 3044 492 327 2552 1051 15426 6330 1436 1791 8196 4033 7550
internal_count=51988 4719 4550 332 4218 2668 1781 1458 323 1198 1550 47269 32492 14777 6472 887 6282 4350 1936 2414 12380 4184 2397 1155 26020 18470 3044 492 327 2552 1051 15426 6330 1436 1791 8196 4033 7550
is_linear=0
shrinkage=0.03


Tree=75
num_leaves=39
num_cat=0
split_feature=141 203 198 198 193 193 206 198 193 199 193 194 203 187 96 203 162 194 194 199 94 203 208 141 206 203 54 198 199 208 75 198 122 206 194 203 194 208
split_gain=110912 568733 217638 905011 896200 430258 160396 140610 135911 375535 134930 447183 96444.4 131852 110531 228275 73677.5 66599.1 81907.3 64405.7 54722.7 56178.1 52381.1 46548.9 43914 43762.9 43501.1 42720.2 198939 87825.4 42391.3 40144.3 39372.1 38552.8 53188.7 33452.6 30386 68969.2
threshold=19.526912689208988 -0.98321744799613942 4.8500001430511483 6.2500000000000009 34.850000381469734 30.050000190734867 0.93301269412040722 5.4500000476837167 39.549999237060554 282.50000000000006 27.750000000000004 57.500000000000007 0.55191597342491161 6.3500001430511483 13.225347995758058 0.76037701964378368 5.8864586353302011 74.500000000000014 61.500000000000007 90.500000000000014 37.238622665405281 -0.043617725372314446 -0.29342786967754358 7.7772607803344735 1.0000000180025095e-35 0.70088258385658275 108.01803970336915 2.1499999761581425 113.50000000000001 0.40418040752410894 83.150279998779311 17.150000572204593 -12.711124897003172 1.0000000180025095e-35 40.500000000000007 0.74892720580101024 16.500000000000004 -0.72102889418601979
decision_type=10 2 2 2 2 2 2 2 2 2 2 2 2 8 8 2 2 2 2 2 8 2 2 10 2 2 10 2 2 2 10 2 10 2 2 2 2 2
left_child=12 -2 22 4 5 -4 8 -7 10 -10 11 -5 20 -14 15 -15 23 18 25 -12 27 -22 -3 26 -20 -18 31 28 -1 -30 36 -16 -31 34 -23 -25 37 -29
right_child=1 2 3 6 -6 7 -8 -9 9 -11 19 -13 13 14 16 -17 17 -19 24 -21 21 33 -24 35 -26 -27 -28 30 29 32 -32 -33 -34 -35 -36 -37 -38 -39
leaf_value=0.98972969099097019 1.7359690929705647 -0.41312033186581876 1.5968890208865985 1.3406152970583114 3.2622976635707088 0.65249825148521834 0.80697140558496716 -0.56516842686483371 1.6901519560069351 -0.13732885498021391 0.18577256543906601 -0.30920128689284937 0.76999165396331959 1.201538234226891 0.076534817457839424 -0.0049044940439777951 0.56111427113629975 -0.15028031472620573 1.0098694185574071 -0.26573681331748367 -0.19970016560152676 -0.096500055584325631 0.16933056863680696 0.086354195090128927 0.37884078383319314 0.12766971948142419 -0.21084042527182539 -0.071721664355836809 -0.35667345485400642 0.65839101265467692 0.39165591813406592 -0.3246504477183772 0.092055679126393355 -0.12336345771996768 0.29422651008472073 -0.23072165897191141 -0.0021252732275569052 0.59284437981685978
leaf_weight=227 201 761 247 230 146 150 215 198 148 320 327 414 253 237 9337 349 241 403 177 2179 2349 566 170 434 226 1611 536 321 375 145 255 230 464 1089 703 966 24566 250
leaf_count=227 201 761 247 230 146 150 215 198 148 320 327 414 253 237 9337 349 241 403 177 2179 2349 566 170 434 226 1611 536 321 375 145 255 230 464 1089 703 966 24566 250
internal_value=0.0437699 0.168569 0.111337 0.196439 1.15619 0.639349 0.0108965 -0.0403075 -0.0364122 0.440614 -0.107286 0.280029 0.0283929 0.0909416 0.0792913 0.483036 0.0625835 0.204937 0.26842 -0.20682 -0.00157291 -0.0958608 -0.306764 0.0296896 0.65601 0.184076 0.0521548 0.0151099 0.189189 0.00450369 0.00680763 0.0668896 0.226906 0.00758238 0.119955 -0.132428 0.00290341 0.219248
internal_weight=52016 5706 5505 4574 741 595 3833 348 3618 468 3150 644 46310 15000 14747 586 14161 2658 2255 2506 31310 4707 931 11503 403 1852 10103 26603 1211 984 25392 9567 609 2358 1269 1400 25137 571
internal_count=52016 5706 5505 4574 741 595 3833 348 3618 468 3150 644 46310 15000 14747 586 14161 2658 2255 2506 31310 4707 931 11503 403 1852 10103 26603 1211 984 25392 9567 609 2358 1269 1400 25137 571
is_linear=0
shrinkage=0.03


Tree=76
num_leaves=39
num_cat=0
split_feature=183 203 200 207 189 197 203 198 96 205 204 203 160 186 199 198 35 193 96 198 97 197 199 183 96 39 188 199 16 34 148 94 35 204 207 207 193 205
split_gain=109131 198965 814979 146380 335476 196094 814165 617281 147467 245353 114250 118908 114849 110232 93879.4 106588 88455.7 105002 98082 75555.5 71904.4 66442.4 60338.5 68424.1 59674.8 58910.8 56661.7 122114 53346.8 51735.1 73991.8 37342.6 36518.6 35708.6 34708.2 39578.6 32563.7 27239.4
threshold=84.023174285888686 -0.95368063449859608 14.750000000000002 0.86548283696174633 182.50000000000003 977.25000000000011 0.30069434642791754 8.2500000000000018 13.225347995758058 0.25000000000000011 7.0000000000000009 0.9980967938899995 19.500000000000004 0.094412896782159819 328.50000000000006 6.9500000476837167 191.60122680664065 35.250000000000007 43.52795600891114 13.34999990463257 7.5745751857757577 976.04998779296886 75.500000000000014 260.81130981445318 40.014425277709968 0.46179205179214483 1.8820678591728213 139.50000000000003 108.58787918090822 235.69927215576175 0.53727915883064281 23.649209976196293 370.88175964355474 7.0000000000000009 0.9731498956680299 0.8337649703025819 26.44999980926514 -0.68301269412040699
decision_type=10 2 2 2 10 2 2 2 10 2 2 2 2 10 2 2 10 2 10 2 2 2 2 10 10 10 10 2 10 10 2 8 8 2 2 2 2 2
left_child=10 2 28 22 5 6 7 -5 9 -7 20 13 36 16 15 -10 34 18 19 -18 29 -8 23 37 32 -20 -22 -28 -2 -1 -31 -15 -24 -26 35 -12 -13 -3
right_child=1 3 -4 4 -6 8 21 -9 14 -11 11 12 -14 31 -16 -17 17 -19 25 -21 26 -23 24 -25 33 -27 27 -29 -30 30 -32 -33 -34 -35 -36 -37 -38 -39
leaf_value=-0.014269148639294347 -0.31820154680185092 0.32037874352472667 2.570989876232038 0.15855420698913722 1.402333142241323 0.11096881039015243 -0.73655620751046391 2.537810497726618 0.26879567833426454 1.4871247429186147 0.0044527205370457163 0.51105732657399849 1.2201637474482172 -0.0037392108634988286 -0.27694376206689225 0.0056789119785000041 0.22588052341863737 0.82892516762658131 -0.12532849109775335 -0.19367875141513841 -0.17212906733967487 0.014403746494875382 -0.0030760999227422534 0.79647820225442989 -0.46972830342278893 0.27265005984877888 -0.31824176854772696 0.70606159336254204 0.40723666978468032 -0.022586084132192721 0.86073370962507423 -0.1412595475736228 0.27493992567516051 -0.10619318113733535 -0.2962042156383316 0.46737811719798683 -0.10996476223331754 -0.014813100448203442
leaf_weight=4020 246 368 147 168 196 338 196 236 2117 178 5934 150 146 4514 672 4011 5409 200 1649 416 5306 231 8027 159 355 420 211 208 145 193 153 2931 449 772 335 171 154 536
leaf_count=4020 246 368 147 168 196 338 196 236 2117 178 5934 150 146 4514 672 4011 5409 200 1649 416 5306 231 8027 159 355 420 211 208 145 193 153 2931 449 772 335 171 154 536
internal_value=0.0418315 0.0978522 0.666777 0.0817499 0.175879 0.146371 0.583076 1.54844 0.0967664 0.585708 0.00815873 0.0458757 0.528618 0.0359918 0.0596635 0.0965765 0.084077 0.150094 0.132894 0.195917 -0.0756738 -0.330307 0.00812185 0.222585 -0.0156182 -0.0445391 -0.145607 0.190246 -0.0491728 0.0160279 0.368026 -0.0578793 0.0116515 -0.220708 0.00110517 0.0174199 0.196466 0.121638
internal_weight=52067 19547 538 19009 8343 8147 831 404 7316 516 32520 22429 450 21979 6800 6128 14534 8094 7894 5825 10091 427 10666 1063 9603 2069 5725 419 391 4366 346 7445 8476 1127 6440 6105 304 904
internal_count=52067 19547 538 19009 8343 8147 831 404 7316 516 32520 22429 450 21979 6800 6128 14534 8094 7894 5825 10091 427 10666 1063 9603 2069 5725 419 391 4366 346 7445 8476 1127 6440 6105 304 904
is_linear=0
shrinkage=0.03


Tree=77
num_leaves=39
num_cat=0
split_feature=141 198 198 196 204 198 204 197 202 197 202 204 56 197 198 202 207 95 181 194 197 202 196 194 16 196 114 198 196 206 198 207 207 205 96 202 196 183
split_gain=103928 351618 666506 630180 352565 509315 347979 226422 224326 308843 163554 107787 84187.2 143338 88548.8 345705 79357.3 181190 187667 312112 92771.2 128554 175091 96685.6 140280 110160 82413.8 73979.8 68790.7 60246.2 60236.6 54705.6 51250 49574.7 48354.5 51327.2 44242.4 44220.2
threshold=22.922402381896976 4.9500000476837167 6.3500001430511483 9.5000000000000018 3.0000000000000004 8.8499999046325701 7.0000000000000009 982.45001220703136 -0.98624804615974415 978.85000610351574 0.99353402853012096 17.000000000000004 69.720260620117202 987.04998779296886 2.1499999761581425 0.82409480214118969 0.72102680802345287 10.938874721527101 64.000000000000014 50.500000000000007 990.14999389648449 0.061046212911605842 83.500000000000014 34.500000000000007 103.67861175537111 1.0000000180025095e-35 -332.54032897949213 10.150000095367433 1.5000000000000002 -0.93301269412040699 6.7500000000000009 0.65883702039718639 -0.25309335440397257 0.68301269412040722 46.440156936645515 -0.67556449770927418 28.500000000000004 126.6529998779297
decision_type=10 2 2 2 2 2 2 2 2 2 2 2 10 2 2 2 2 10 2 2 2 2 2 2 10 2 10 2 2 2 2 2 2 2 10 2 2 10
left_child=11 -2 3 6 5 -4 -3 8 9 -6 30 16 14 27 15 -13 29 18 -18 -20 23 22 33 24 25 -19 36 28 31 32 -10 -14 -1 -22 -31 -36 -25 -26
right_child=1 2 4 -5 7 -7 -8 -9 10 -11 -12 12 13 -15 -16 -17 17 20 19 -21 21 -23 -24 26 37 -27 -28 -29 -30 34 -32 -33 -34 -35 35 -37 -38 -39
leaf_value=0.27093136290159942 -0.41076852823457444 1.3192105823121743 -0.080214489262309022 2.4965394018760265 1.2677216067296446 2.029731740410222 -0.62179850955100657 1.0487771516930158 0.30701341056212883 -0.38096285214497994 0.72211184017881636 -0.034268670627006642 0.56177184682547809 0.058779575085604982 0.030809456039761169 1.6522169631448866 0.0068077020145671206 -0.045993425415212869 0.23642363473390332 1.9996828361176304 0.0074125594966545239 -0.16336571410481834 1.4450711928349258 -0.033360223585761933 -0.20648711089517235 0.37662851112975509 0.10320130466504183 0.0052345243988238645 0.17447002838035572 -0.039827373520606363 -0.27944836945549451 1.1377933378745408 -0.010888722840852757 0.64792139310958019 0.030437001416990149 -0.33042491071524527 -0.19539436232323507 0.2323931506285242
leaf_weight=986 769 182 210 221 248 202 153 180 171 174 174 404 734 1961 8408 150 330 780 211 158 258 321 156 3409 1071 1925 2358 280 332 16747 2014 186 1413 188 528 1081 2732 256
leaf_count=986 769 182 210 221 248 202 153 180 171 174 174 404 734 1961 8408 150 330 780 211 158 258 321 156 3409 1071 1925 2358 280 332 16747 2014 186 1413 188 528 1081 2732 256
internal_value=0.0412926 0.175877 0.290698 1.25308 0.132057 0.954295 0.432726 0.0176462 -0.0490968 0.587938 -0.163058 0.027943 0.103709 0.228641 0.0550155 0.422381 0.000910012 0.0556859 0.526608 0.991456 0.0312189 0.321482 0.580013 0.0098386 0.130824 0.254764 -0.0475579 0.446067 0.544654 -0.0364421 -0.23355 0.678239 0.104941 0.277412 -0.0549199 -0.212007 -0.105446 -0.121819
internal_weight=52061 4698 3929 556 3373 412 335 2961 2781 422 2359 47363 12455 3493 8962 554 34908 14153 699 369 13454 923 602 12531 4032 2705 8499 1532 1252 20755 2185 920 2399 446 18356 1609 6141 1327
internal_count=52061 4698 3929 556 3373 412 335 2961 2781 422 2359 47363 12455 3493 8962 554 34908 14153 699 369 13454 923 602 12531 4032 2705 8499 1532 1252 20755 2185 920 2399 446 18356 1609 6141 1327
is_linear=0
shrinkage=0.03


Tree=78
num_leaves=39
num_cat=0
split_feature=199 183 207 202 208 196 185 202 202 196 208 185 207 202 206 75 19 207 205 120 196 206 199 170 93 190 199 183 185 95 94 190 169 76 192 207 199 207
split_gain=99612.5 97696.9 139513 374996 213611 719982 390348 106379 242784 336558 146236 103093 91725.5 80112.2 73267.5 69654.4 60712.8 75731 58576.3 86241.6 147888 85009.7 76037.4 66199.1 52625.3 52486.1 47178.6 60474.1 42902.3 46580.7 28666.7 26345.7 24149.8 26222.3 22038 21736.3 16929.8 15566.6
threshold=3.5000000000000004 84.023174285888686 0.86113432049751293 -0.99901017546653736 -0.45273527503013605 1.5000000000000002 1071.049987792969 -0.64942333102226246 -0.79332312941551197 38.500000000000007 0.38838672637939459 256.84158325195318 0.9787549376487733 0.82409480214118969 0.25000000000000011 84.269649505615249 0.8097110688686372 0.93237596750259411 -1.0000000180025095e-35 20.162499427795414 32.500000000000007 -0.25000000000000006 267.50000000000006 0.20499999821186068 29.054832458496097 1.2778531312942507 75.500000000000014 260.81130981445318 612.78900146484386 34.81640815734864 37.559917449951179 0.65340349078178417 8.8350000381469744 32.688014984130866 2.8831046819686894 -0.80860772728919972 275.50000000000006 0.99761915206909191
decision_type=2 10 2 2 2 2 10 2 2 2 2 10 2 2 2 10 10 2 2 8 2 2 2 2 10 10 2 10 10 10 10 10 2 8 10 2 2 2
left_child=-1 11 26 -4 5 6 -5 8 14 -10 12 15 -9 -12 -6 16 18 -18 19 20 -2 -21 24 -24 -20 -7 27 35 29 37 31 32 34 -34 -28 -3 -31 -13
right_child=1 2 3 4 7 25 -8 10 9 -11 13 28 -14 -15 -16 -17 17 -19 22 21 -22 -23 23 -25 -26 -27 30 -29 -30 36 -32 -33 33 -35 -36 -37 -38 -39
leaf_value=0.74366100613810737 0.8053134238571138 0.3369919533863916 1.6313835316994705 2.599794734248178 0.18759353763159684 -0.37869531781378896 0.60954474733877972 -0.27356815303585774 0.11299293962926638 1.4375613972646104 0.17677652949344405 -0.21318203737318181 0.1002438474556165 1.0476778879066082 -0.082315249814356672 0.63134880826473394 -0.037344271097194126 0.92560945855362453 -0.034666208896043764 -0.053874564731023984 -0.12812415818199904 0.11332851518687449 -0.07665523290284168 0.10484129752875447 -0.18710169174566307 0.30932264039280244 0.014394702674661869 0.75283619472121555 0.18274499368548791 -0.62965470550351965 -0.12868305280265765 -0.040252327063944694 0.55914783422760261 0.13182067136407016 0.38600142500327522 0.016663780884792562 -0.27692407253372064 0.034312541904518226
leaf_weight=180 357 273 157 182 2880 320 173 1516 385 313 276 973 968 145 1320 166 147 147 6945 4695 267 6561 2709 5442 2885 145 3378 156 230 316 1405 3812 153 832 150 632 200 299
leaf_count=180 357 273 157 182 2880 320 173 1516 385 313 276 973 968 145 1320 166 147 147 6945 4695 267 6561 2709 5442 2885 145 3378 156 230 316 1405 3812 153 832 150 632 200 299
internal_value=0.0391643 0.0367213 0.0896258 0.178424 0.151968 0.61257 1.62994 0.103564 0.18887 0.706973 -0.0402679 0.00470437 -0.127896 0.476748 0.102765 0.018523 0.0151492 0.444145 0.0109253 0.0626179 0.405913 0.0435863 -0.0232278 0.0445205 -0.0794046 -0.164149 0.0173757 0.207335 -0.202922 -0.252534 -0.00333831 0.017816 0.0668648 0.198202 0.0301954 0.113296 -0.492946 -0.155005
internal_weight=52090 51910 19571 8780 8623 820 355 7803 4898 698 2905 32339 2484 421 4200 30321 30155 294 29861 11880 624 11256 17981 8151 9830 465 10791 1061 2018 1788 9730 8325 4513 985 3528 905 516 1272
internal_count=52090 51910 19571 8780 8623 820 355 7803 4898 698 2905 32339 2484 421 4200 30321 30155 294 29861 11880 624 11256 17981 8151 9830 465 10791 1061 2018 1788 9730 8325 4513 985 3528 905 516 1272
is_linear=0
shrinkage=0.03


Tree=79
num_leaves=39
num_cat=0
split_feature=141 203 206 202 200 205 202 200 200 201 199 206 203 193 141 206 209 178 193 56 201 205 200 77 205 201 200 200 96 129 208 201 193 200 206 193 120 197
split_gain=103752 428327 923368 305739 352348 402443 498891 172492 355567 208392 355460 99807.2 81618.6 79848.2 181706 402295 94242.5 80726.5 155808 156071 109798 62272.6 60500.9 58552.8 52252 74113.4 90369 182580 56474 54418.4 43403.5 42478.2 42434.3 40888 38661.2 72300.8 46241.6 43928.3
threshold=19.526912689208988 -0.95368063449859608 1.0000000180025095e-35 -0.99809679388999928 11.150000095367433 -0.68301269412040699 -0.71322327852249134 14.84999990463257 15.250000000000002 142.50000000000003 260.50000000000006 0.93301269412040722 0.53727915883064281 21.750000000000004 -16.3541145324707 1.0000000180025095e-35 2.5000000000000004 4.7850000858306894 34.149999618530281 46.670423507690437 177.50000000000003 0.25000000000000011 7.1499998569488534 91.534317016601577 -1.0000000180025095e-35 162.50000000000003 6.3500001430511483 5.8500001430511483 24.238907814025882 124.20833587646486 0.99138912558555614 672.50000000000011 26.150000572204593 10.650000095367433 1.0000000180025095e-35 25.150000572204593 13.808333396911623 991.14999389648449
decision_type=10 2 2 2 2 2 2 2 2 2 2 2 2 2 8 2 2 2 2 10 2 2 2 10 2 2 2 2 10 10 2 2 2 2 2 2 8 2
left_child=12 2 -2 -3 5 -5 -7 -6 -9 10 -10 -11 23 16 15 -15 31 -16 20 -20 22 -8 -19 24 25 26 27 -1 -26 -27 -18 -14 -22 -31 35 37 -36 -30
right_child=1 3 -4 4 7 6 21 8 9 11 -12 -13 13 14 17 -17 30 18 19 -21 32 -23 -24 -25 28 29 -28 -29 34 33 -32 -33 -34 -35 36 -37 -38 -39
leaf_value=0.20462348611463885 -0.46150077992381633 1.3347833850554431 2.8106149935305722 1.8500606832877697 -0.35388365747561157 1.5781421245210507 0.30033339051056579 1.3774335658856551 -0.3448501866859191 -0.16410213026559423 1.6010508519876003 0.54586338874278106 0.11955728690098268 0.02356868691228961 0.038028739356136765 1.8702762150651044 -0.19709986928715242 0.97382758001203329 1.5183397126753693 0.24448993730016347 -0.21402032283501404 -0.40998247862466419 0.31213203684894381 0.51336502885878976 0.0053832639445497189 -0.034895583483627819 0.080431805608821627 1.3636756579682314 0.066603089529667037 0.70081794450708712 0.3174472726867667 -0.19506077225966392 0.10621631296660004 0.12193323041190886 0.32870128464867143 -0.13806971357556613 -0.17896364783662666 0.51786771289787048
leaf_weight=580 149 174 162 183 1251 194 158 175 160 2324 179 193 3508 280 5636 171 2046 146 159 190 511 374 839 196 11398 6949 3223 155 1164 146 159 434 1373 443 168 2047 4156 233
leaf_count=580 149 174 162 183 1251 194 158 175 160 2324 179 193 3508 280 5636 171 2046 146 159 190 511 374 839 196 11398 6949 3223 155 1164 146 159 434 1373 443 168 2047 4156 233
internal_value=0.0395256 0.160583 1.24298 0.0978366 0.0563723 0.592812 0.275881 -0.0575062 0.0648198 -0.0156141 0.682646 -0.109661 0.024688 0.0809701 0.136399 0.723787 -0.00293489 0.106478 0.226359 0.824866 0.153551 -0.199022 0.410219 -0.00349494 -0.00679902 0.0437677 0.148888 0.449064 -0.0371296 -0.0114281 -0.159995 0.0849185 0.0193572 0.265435 -0.0995087 -0.0245164 -0.159239 0.141871
internal_weight=51986 5676 311 5365 5191 909 726 4282 3031 2856 339 2517 46310 15452 9305 451 6147 8854 3218 349 2869 532 985 30858 30662 11496 3958 735 19166 7538 2205 3942 1884 589 7768 3444 4324 1397
internal_count=51986 5676 311 5365 5191 909 726 4282 3031 2856 339 2517 46310 15452 9305 451 6147 8854 3218 349 2869 532 985 30858 30662 11496 3958 735 19166 7538 2205 3942 1884 589 7768 3444 4324 1397
is_linear=0
shrinkage=0.03


Tree=80
num_leaves=39
num_cat=0
split_feature=199 195 123 200 200 197 193 193 193 204 200 204 190 208 204 201 96 199 141 201 197 209 123 123 199 95 197 96 208 208 123 199 199 200 200 209 204 201
split_gain=94333.4 87022.4 83254.8 215856 411960 619887 708556 288404 300015 282908 198018 523778 105850 97429.4 79574.4 183314 112173 616502 83162 134835 284626 83079.4 69410.1 60557.3 200656 47215.6 41395 40435.7 37079.7 45955.3 41501.8 46747.5 31879.5 30079.5 25308.2 25233.6 18303.4 18253.2
threshold=3.5000000000000004 1.0000000180025095e-35 25.493761062622074 14.650000095367433 19.94999980926514 977.35000610351574 31.650000572204593 29.750000000000004 23.94999980926514 5.0000000000000009 10.650000095367433 15.000000000000002 1.3254564404487612 -0.34234976768493647 7.0000000000000009 97.500000000000014 15.720503807067873 307.50000000000006 -4.5828349590301505 87.500000000000014 986.64999389648449 9.5000000000000018 14.62065649032593 17.77211952209473 268.50000000000006 30.020594596862797 976.25000000000011 40.42597961425782 0.96462664008140575 0.99024581909179699 6.043786048889161 302.50000000000006 100.50000000000001 16.550000190734867 25.849999427795414 5.5000000000000009 5.0000000000000009 462.50000000000006
decision_type=2 2 10 2 2 2 2 2 2 2 2 2 10 2 2 2 8 2 8 2 2 2 8 10 2 10 2 10 2 2 8 2 2 2 2 2 2 2
left_child=-1 2 14 10 5 6 -5 8 -7 -6 11 12 -4 -12 16 18 17 -2 -16 22 -21 23 -20 25 -25 -18 -11 34 30 37 33 -32 -23 -17 35 -3 -34 -30
right_child=1 27 3 4 9 7 -8 -9 -10 26 13 -13 -14 -15 15 28 21 -19 19 20 -22 32 -24 24 -26 -27 -28 -29 29 -31 31 -33 36 -35 -36 -37 -38 -39
leaf_value=0.73430752323734816 -0.055973212822337637 -0.23543882490614848 -0.48268229407136815 0.70951670106815601 1.0908087133711439 -0.12191374318248828 3.2840695479060531 -0.39583034991575256 1.5238195031339827 -0.69905770181797466 -0.38085840296003803 1.7647841955942869 0.49350336264007655 0.42951971339972317 -0.013719589896482906 -0.1948208959594307 0.0014136620424284082 2.0531921379598663 -0.31252891378493691 0.15182314185258891 1.6440085009226002 0.01759749350868935 0.23492264255046291 0.65157541927337936 -0.18641486529656132 -0.15303736560071382 -0.15560529840548817 -0.45312838814498629 0.50798977779653864 0.021238857894658052 -0.0019159339392303058 0.097794143438979603 -0.31767749802417028 0.041693050424632117 0.2811263706308586 -0.043832600858058679 -0.10732812033222665 0.15459721928505107
leaf_weight=174 740 879 308 246 169 179 158 335 225 150 1098 175 148 152 1256 1388 7303 150 219 294 189 452 4318 483 550 2356 793 286 364 734 14752 5934 1417 743 165 2088 505 206
leaf_count=174 740 879 308 246 169 179 158 335 225 150 1098 175 148 152 1256 1388 7303 150 219 294 189 452 4318 483 550 2356 793 286 364 734 14752 5934 1417 743 165 2088 505 206
internal_value=0.0369733 0.0346356 0.0449487 0.173677 0.371617 0.771564 1.71645 0.254993 0.794659 -0.0394824 -0.0636191 0.369608 -0.165846 -0.282314 0.0329445 0.0601722 -0.0263591 0.299522 0.204603 0.259227 0.735743 -0.048557 0.208497 -0.0129111 0.205406 -0.0362597 -0.242057 -0.111669 0.0225929 0.178183 0.0137008 0.026687 -0.209098 -0.112357 -0.0804874 -0.100598 -0.26241 0.380278
internal_weight=52081 51907 48489 4136 2255 1143 404 739 404 1112 1881 631 456 1250 44353 30397 13956 890 6276 5020 483 13066 4537 10692 1033 9659 943 3418 24121 1304 22817 20686 2374 2131 3132 2967 1922 570
internal_count=52081 51907 48489 4136 2255 1143 404 739 404 1112 1881 631 456 1250 44353 30397 13956 890 6276 5020 483 13066 4537 10692 1033 9659 943 3418 24121 1304 22817 20686 2374 2131 3132 2967 1922 570
is_linear=0
shrinkage=0.03


Tree=81
num_leaves=39
num_cat=0
split_feature=194 194 105 200 185 59 200 141 141 200 207 204 179 204 199 207 199 207 207 207 207 208 204 208 196 200 183 200 200 194 96 207 194 200 199 207 207 207
split_gain=91399.3 120053 443262 92915.1 293532 247374 119162 266165 96133.6 91209.2 160224 70947.5 75263.1 70862.1 197376 539456 712179 352609 543208 91293.4 111105 72885.5 91449.5 86166.4 58302.5 58105.8 57633.2 82877.8 51788.9 51615.2 49263.6 48671.8 48974.3 49917.3 59922.7 47151.9 157658 64036.6
threshold=57.500000000000007 56.500000000000007 -34.003400802612298 8.4499998092651385 696.64999389648449 0.61678105592727672 5.1499998569488534 19.526912689208988 -2.026203870773315 6.7500000000000009 0.72695311903953563 17.000000000000004 1.0000000180025095e-35 7.0000000000000009 268.50000000000006 0.93544191122055065 153.50000000000003 0.88621068000793468 0.86113432049751293 0.92922380566596996 0.9159645438194276 -0.16799793392419812 11.000000000000002 0.51113018393516552 99.500000000000014 4.6499998569488534 197.19999694824222 22.150000572204593 7.1499998569488534 42.500000000000007 29.751220703125004 0.97696486115455639 72.500000000000014 18.44999980926514 122.50000000000001 0.94978111982345592 0.91939014196395885 0.98522606492042553
decision_type=2 2 8 2 10 10 2 10 10 2 2 2 2 2 2 2 2 2 2 2 2 2 2 2 2 2 10 2 2 2 10 2 2 2 2 2 2 2
left_child=1 3 -3 4 6 -6 8 9 -1 10 -8 12 26 14 15 17 -17 18 -5 20 -16 22 -15 35 -24 -13 -2 -28 -11 -25 -21 32 33 -27 -35 36 -23 -37
right_child=11 2 -4 13 5 -7 7 -9 -10 28 -12 25 -14 21 19 16 -18 -19 -20 30 -22 23 24 29 -26 31 27 -29 -30 -31 -32 -33 -34 34 -36 37 -38 -39
leaf_value=0.095136673773051017 -0.014990280977330623 1.9228373047505403 0.067461094776285743 -0.10533415121204499 0.24463866543334639 1.973487882452394 0.028099219314433311 1.2099748653543883 -0.36898179410003551 -0.28292035777412178 0.7936471414397962 0.48510316266479281 -0.17238946678126207 -0.28730719103688834 -0.0029135132985288383 0.013372951578037494 2.6584792688814041 -0.68425030464208625 1.8232871939116815 0.11575398137156763 0.8499365478117189 0.10798370871486819 -0.028203206427869245 -0.13989441377388709 0.52666548026616322 0.26711203110409382 -0.039496346246939845 0.86127757485065737 0.11936172810841508 0.076297126871634133 -0.52415029763845256 -0.20245372439903839 0.0063554176800643047 -0.27435687779603535 0.1949675864392908 -0.1850993738644012 0.61204950860117591 0.14511692018349118
leaf_weight=1165 17026 148 534 412 151 147 540 238 613 410 452 305 2884 1350 1058 172 196 352 193 147 158 3189 4586 2285 177 1889 206 166 968 1759 411 574 3250 409 610 834 677 1443
leaf_count=1165 17026 148 534 412 151 147 540 238 613 410 452 305 2884 1350 1058 172 196 352 193 147 158 3189 4586 2285 177 1889 206 166 968 1759 411 574 3250 409 610 834 677 1443
internal_value=0.0358666 0.0776068 0.470115 0.0664912 0.186411 1.0975 0.124506 0.253618 -0.0648781 0.157575 0.376922 -0.00197127 -0.0304484 0.0375359 0.169034 0.446063 1.42221 0.0706885 0.50993 -0.0378791 0.107906 0.0125349 -0.0693575 0.0616768 -0.0075824 0.0801052 -0.00691925 0.362472 -0.000331156 -0.0458585 -0.355574 0.0617556 0.0863835 0.175823 0.00659183 0.132468 0.196255 0.0241677
internal_weight=52084 24765 682 24083 4684 298 4386 2608 1778 2370 992 27319 20282 19399 3099 1325 368 957 605 1774 1216 16300 6113 10187 4763 7037 17398 372 1378 4044 558 6732 6158 2908 1019 6143 3866 2277
internal_count=52084 24765 682 24083 4684 298 4386 2608 1778 2370 992 27319 20282 19399 3099 1325 368 957 605 1774 1216 16300 6113 10187 4763 7037 17398 372 1378 4044 558 6732 6158 2908 1019 6143 3866 2277
is_linear=0
shrinkage=0.03


Tree=82
num_leaves=39
num_cat=0
split_feature=195 141 203 198 198 197 206 199 197 193 197 197 204 201 76 198 96 205 161 199 96 198 197 203 198 203 76 193 197 208 199 96 208 199 208 193 204 208
split_gain=82413.2 83654.6 369499 197625 649105 731417 357466 361038 211742 655438 215634 610910 105019 162719 136863 257371 122408 82744.4 81156.1 78849.3 461560 74849.4 73495.5 56592.8 94953.2 41099.2 46330.5 43375 228204 43447 38321.2 38005.3 34642.3 40211.6 34232.5 36294.7 36026.5 27362.1
threshold=1.0000000180025095e-35 18.936250686645511 -0.98321744799613942 4.9500000476837167 6.2500000000000009 978.14999389648449 0.68301269412040722 250.50000000000003 982.25000000000011 27.750000000000004 977.14999389648449 976.85000610351574 7.0000000000000009 97.500000000000014 47.895910263061531 3.0499999523162846 29.751220703125004 -0.93301269412040699 359.85000610351568 305.50000000000006 15.720503807067873 7.2500000000000009 981.95001220703136 0.8038262426853181 7.6499998569488534 -0.98321744799613942 68.643508911132827 34.149999618530281 984.64999389648449 0.96462664008140575 16.500000000000004 40.42597961425782 0.046214086934924133 97.500000000000014 -0.031174269504845139 22.349999427795414 3.0000000000000004 0.41985447704792028
decision_type=2 10 2 2 2 2 2 2 2 2 2 2 2 2 10 2 10 2 2 2 8 2 2 2 2 2 10 2 2 2 2 10 2 2 2 2 2 2
left_child=1 12 -3 22 5 -5 7 -7 10 -10 11 -6 16 14 17 -16 19 18 -14 30 -21 -12 -4 -17 -25 -15 27 29 -29 -27 -1 -2 33 -19 36 -36 -18 -32
right_child=31 2 3 4 8 6 -8 -9 9 -11 21 -13 13 25 15 23 34 32 -20 20 -22 -23 -24 24 -26 26 -28 28 -30 -31 37 -33 -34 -35 35 -37 -38 -39
leaf_value=0.44612086037259618 -0.077979547333569876 1.418445926274869 -0.39017864094843518 2.8191650279291762 -0.030890989322398851 0.0068096125727481853 -0.36000864505091745 1.9283645089370316 2.1799097930661615 -0.23336166966171265 0.21569148045182374 1.9372983964283088 0.17551276108029748 -0.27602425046858609 1.5202952870839856 0.14228560509331037 0.40811768375011787 0.67574059667472575 0.76741293667816723 1.7964654258607236 0.04154184608712997 -0.26097708476203835 0.33956852211697724 0.81195160048075499 0.1028206544312156 -0.0036502077078408878 0.52932193522354076 0.045866287478716829 0.88748071130631578 0.1743635382157086 -0.075589665655567753 -0.43773244819288681 0.00037266124669207821 0.11527969381611476 -0.15877681882996039 -0.41719648512176394 -0.19125846813961911 0.039424495008611636
leaf_weight=159 3090 200 832 156 751 152 248 209 160 276 344 175 694 402 173 884 181 148 298 151 1263 2146 146 392 300 17772 166 3088 320 1326 4190 289 2972 520 3412 571 180 3350
leaf_count=159 3090 200 832 156 751 152 248 209 160 276 344 175 694 402 173 884 181 148 298 151 1263 2146 146 392 300 17772 166 3088 320 1326 4190 289 2972 520 3412 571 180 3350
internal_value=0.0345217 0.0444611 0.151449 0.106156 0.188216 0.986409 0.516898 1.11931 0.0296941 0.652269 -0.0497695 0.341082 0.030013 0.061735 0.195819 0.421923 -0.0394208 0.110443 0.353327 0.0230484 0.22896 -0.195123 -0.281236 0.301345 0.504531 0.0246547 0.0299862 0.0263029 0.124893 0.00870959 -0.0147695 -0.10875 0.0442501 0.239462 -0.170471 -0.195825 0.109261 -0.0244892
internal_weight=52086 48707 5795 5595 4617 765 609 361 3852 436 3416 926 42912 29455 6381 1749 13457 4632 992 9113 1414 2490 978 1576 692 23074 22672 22506 3408 19098 7699 3379 3640 668 4344 3983 361 7540
internal_count=52086 48707 5795 5595 4617 765 609 361 3852 436 3416 926 42912 29455 6381 1749 13457 4632 992 9113 1414 2490 978 1576 692 23074 22672 22506 3408 19098 7699 3379 3640 668 4344 3983 361 7540
is_linear=0
shrinkage=0.03


Tree=83
num_leaves=39
num_cat=0
split_feature=199 183 203 200 202 141 202 185 189 194 204 194 193 201 95 95 199 197 175 193 16 36 14 95 194 194 189 81 201 203 198 185 193 199 201 95 198 197
split_gain=87411.7 90758.3 174408 693266 129075 332742 101987 97376 92224.7 222718 68263.4 144845 237301 136664 61649.1 47468.1 119157 51408.2 45863.2 99818.6 44662.4 38024.4 39863 37400.4 37325.2 64854.2 93589.2 35966.9 35378.3 32269.5 31776.8 29648.4 27838.5 26944 24550.1 27682.8 22970.2 21059.5
threshold=3.5000000000000004 84.023174285888686 -0.95368063449859608 14.750000000000002 -0.99901017546653736 4.7084968090057382 0.99901017546653759 256.84158325195318 182.50000000000003 25.500000000000004 7.0000000000000009 36.500000000000007 29.849999427795414 97.500000000000014 25.379691123962406 10.938874721527101 307.50000000000006 973.35000610351574 28.615000724792484 27.349999427795414 106.51315689086915 288.76504516601568 179.30357360839847 34.81640815734864 23.500000000000004 25.500000000000004 52.917999267578132 3.6499999761581425 2217.5000000000005 -0.98321744799613942 6.0499999523162851 502.00000000000006 37.45000076293946 275.50000000000006 57.500000000000007 47.45843696594239 5.5499999523162851 977.25000000000011
decision_type=2 10 2 2 2 8 2 10 10 2 2 2 2 2 10 10 2 2 2 2 10 8 8 10 2 2 8 2 2 2 2 10 2 2 2 8 2 2
left_child=-1 7 3 20 5 -4 8 10 15 -10 11 12 -2 18 27 16 -6 -17 34 30 -3 37 -23 28 32 26 -26 -13 -9 -27 -20 -30 -15 -25 35 -12 -36 -16
right_child=1 2 4 -5 6 -7 -8 23 9 -11 13 14 -14 24 21 17 -18 -19 19 -21 -22 22 -24 33 25 29 -28 -29 31 -31 -32 -33 -34 -35 36 -37 -38 -39
leaf_value=0.70181383043014545 1.1922013672181866 -0.30919928539602626 -0.051804425321653559 2.3629727664467839 0.0073031045509827936 1.7428560199237215 0.66981387600709397 -0.19956686465943854 1.1535376149513457 -0.05502857445608942 0.23205062667576687 0.42486578962922805 -0.17572343026020987 -0.28267938252267044 -0.61500948344456441 0.43467139137544647 0.87414068327826211 0.020433877074502411 0.049211967325658953 0.9301088887906972 0.3592272453245115 0.053746117646671594 -0.19205275589315962 -0.54051236791724633 0.96371318679201079 -0.2834411834735715 -0.014864016238514639 -0.022721416166347014 -0.13742185544005284 0.013077196853795103 0.30637950376652068 0.43596498299097025 0.081695362138219124 -0.12771145807613768 -0.16440547406476777 -0.17345901590831145 0.13247086079612252 -0.24286371486808347
leaf_weight=176 216 237 256 148 441 146 241 1041 227 347 1172 167 242 668 151 274 211 16889 630 199 145 1015 1431 403 157 338 200 4971 157 14516 1379 168 263 220 483 174 456 1461
leaf_count=176 216 237 256 148 441 146 241 1041 227 347 1172 167 242 668 151 274 211 16889 630 199 145 1015 1431 403 157 338 200 4971 157 14516 1379 168 263 220 483 174 456 1461
internal_value=0.0343894 0.0321233 0.0831125 0.619895 0.0681639 0.600012 0.0566874 0.00122135 0.0486516 0.422934 0.0145741 -0.0512706 0.469422 0.0453793 -0.0772038 0.0365919 0.287838 0.0270473 0.191717 0.289222 -0.0554736 -0.164607 -0.0900553 -0.202116 0.00464724 0.0159333 0.415504 -0.0081727 -0.114261 0.00632978 0.225735 0.158978 -0.179746 -0.394745 0.0974964 0.179628 -0.0202352 -0.277727
internal_weight=52016 51840 19562 530 19032 402 18630 32278 18389 574 30289 9654 458 20635 9196 17815 652 17163 4493 2208 382 4058 2446 1989 16142 15211 357 5138 1366 14854 2009 325 931 623 2285 1346 939 1612
internal_count=52016 51840 19562 530 19032 402 18630 32278 18389 574 30289 9654 458 20635 9196 17815 652 17163 4493 2208 382 4058 2446 1989 16142 15211 357 5138 1366 14854 2009 325 931 623 2285 1346 939 1612
is_linear=0
shrinkage=0.03


Tree=84
num_leaves=37
num_cat=0
split_feature=199 183 203 200 202 141 202 200 141 202 203 203 76 151 183 123 141 16 209 201 200 205 161 14 199 201 155 198 203 187 95 197 201 187 203 93
split_gain=80820.7 79737.4 161740 646859 113946 305066 99297.3 66190 399950 131395 93417.1 65615.9 55623.9 223166 55713 50808.6 47393.2 45243.6 44887.7 73704.2 72689.4 71697.1 81173.3 56711.5 43350.8 117962 63393.6 57050.9 45936.5 133005 41847.4 37036.1 33684.3 22793 22174.4 2604.35
threshold=3.5000000000000004 84.023174285888686 -0.95368063449859608 14.750000000000002 -0.99901017546653736 4.2834377288818368 0.99901017546653759 8.3499999046325701 19.526912689208988 0.94828754663467418 -0.44618082046508784 -0.39873388409614557 68.643508911132827 1.0000000180025095e-35 31.676473617553714 4.0747666358947763 20.833018302917484 106.51315689086915 4.5000000000000009 602.50000000000011 6.3500001430511483 -0.93301269412040699 183.53499603271487 74.872283935546889 304.50000000000006 2107.5000000000005 135.64500427246097 11.150000095367433 -0.89490029215812672 40.434774398803718 25.755533218383793 976.85000610351574 457.50000000000006 39.805860519409187 -0.76037701964378346 23.084199905395511
decision_type=2 10 2 2 2 8 2 2 10 2 2 2 10 2 10 8 10 8 2 2 2 2 2 10 2 2 2 2 2 10 8 2 2 10 2 8
left_child=-1 12 3 17 5 -4 7 8 9 -6 16 -12 14 -14 15 35 -9 -3 19 20 -17 22 -20 -21 26 27 28 33 29 -16 -30 -28 -23 -26 -33 -2
right_child=1 2 4 -5 6 -7 -8 10 -10 -11 11 -13 13 -15 24 18 -18 -19 21 23 -22 32 -24 -25 25 -27 31 -29 30 -31 -32 34 -34 -35 -36 -37
leaf_value=0.6801669206011397 -0.2716901409443665 -0.2996330551616887 -0.053058166293024081 2.2799966260778159 -0.0079527720275175528 1.6532765674857453 0.65683872230566731 -0.09963532532145776 1.4484074474952504 0.87455128784613512 0.48550775958156567 0.040046252052640167 -0.34997549713041809 1.2609120338055833 -0.10966513349780035 0.40102828597574175 -0.47628374094866188 0.36945607536318853 0.039351381912770211 0.32127857517151059 0.098837240955902503 -0.05663072043732735 0.57413219250865577 -0.17688093386041054 -0.11287394692630051 0.74004742756764375 -0.72473658163057675 0.52236014677004017 -0.031743587845393925 0.97779844517315972 -0.18754282709018633 0.071746219267847328 0.048412627852837238 0.10334328711244953 -0.31582767511582144 -0.44795247865484605
leaf_weight=173 153 244 263 148 1779 147 242 1360 209 166 304 14114 166 145 325 846 386 145 710 247 4676 7930 399 1229 1484 208 166 170 5470 147 2166 170 4204 623 608 149
leaf_count=173 153 244 263 148 1779 147 242 1360 209 166 304 14114 166 145 325 846 386 145 710 247 4676 7930 399 1229 1484 208 166 170 5470 147 2166 170 4204 623 608 149
internal_value=0.0328379 0.0306799 0.0785974 0.592024 0.0640631 0.558748 0.0531349 0.045159 0.201376 0.06737 0.0243415 0.049439 0.00182232 0.401095 -0.00204854 0.0275791 -0.182906 -0.0502258 0.0333421 0.0947996 0.145135 0.000866069 0.23176 -0.0935151 -0.0548041 0.0561854 -0.0852735 -0.00628687 -0.0581837 0.229027 -0.0759373 -0.317944 -0.0202369 -0.0489422 -0.231139 -0.358666
internal_weight=52071 51898 19507 537 18970 410 18560 18318 2154 1945 16164 14418 32391 311 32080 20543 1746 389 20241 6998 5522 13243 1109 1476 11537 2485 9052 2277 8108 472 7636 944 12134 2107 778 302
internal_count=52071 51898 19507 537 18970 410 18560 18318 2154 1945 16164 14418 32391 311 32080 20543 1746 389 20241 6998 5522 13243 1109 1476 11537 2485 9052 2277 8108 472 7636 944 12134 2107 778 302
is_linear=0
shrinkage=0.03


Tree=85
num_leaves=39
num_cat=0
split_feature=199 207 207 207 190 203 208 202 197 191 208 208 205 203 196 197 208 202 196 197 207 203 202 207 207 202 193 207 16 14 93 208 208 199 195 196 205 205
split_gain=79088.2 77046.8 171931 233886 363895 332970 317898 254937 593881 183951 164600 228265 274924 104240 108911 112954 100191 463804 100738 78026.4 60125.1 54903.1 55646.8 56224.8 50709.2 48054.5 48198.9 44723.6 51986.3 40644.4 34624.3 35869.2 68375.2 34421.5 27350.7 26379.8 25181.4 21117
threshold=3.5000000000000004 0.8337649703025819 0.94425827264785778 0.9159645438194276 1.6066784858703616 -0.97625884413719166 0.38838672637939459 -0.94260558485984791 979.14999389648449 10.449999809265138 0.15738975256681445 0.089118976145982756 0.68301269412040722 -0.82409480214118946 78.500000000000014 983.04998779296886 -0.52765738964080799 0.9238443672657014 16.500000000000004 979.95001220703136 0.81428062915802013 0.85260769724845897 0.39873388409614569 0.75580966472625744 -0.94705909490585316 -0.52247866988182057 30.849999427795414 0.80926549434661876 116.87495422363283 127.13988113403322 50.54878234863282 0.96462664008140575 0.9889926314353944 75.500000000000014 0.45000000298023229 6.5000000000000009 -0.93301269412040699 -0.93301269412040699
decision_type=2 2 2 2 8 2 2 2 2 8 2 2 2 2 2 2 2 2 2 2 2 2 2 2 2 2 2 2 10 8 10 2 2 2 2 2 2 2
left_child=-1 20 3 5 6 -3 7 8 -5 -7 11 13 25 -4 15 -15 17 -11 -18 -9 21 27 23 37 -24 26 -13 30 -29 34 31 33 -33 -2 -12 -22 -32 -23
right_child=1 2 10 4 -6 9 -8 19 -10 16 29 12 -14 14 -16 -17 18 -19 -20 -21 35 22 24 -25 -26 -27 -28 28 -30 -31 36 32 -34 -35 -36 -37 -38 -39
leaf_value=0.66761798586837195 0.11151168928417013 1.3024141822636455 0.62713692330171578 1.4221263749822655 1.48840679499714 1.0187130983101871 1.590096839206331 -0.44695397254107772 -0.091345758757876677 1.6749735193926356 -0.22225965919729904 0.6640103997668102 1.6843738344047376 -0.079105632088201858 -0.27844969682798221 0.33584163032408038 0.050325290306065765 -0.38562027960943623 -0.25377364280310316 0.092935124897333118 -0.11595431961075055 0.23104273815107179 0.87293115829971124 0.48465964886582624 0.19511017514034223 -0.10720391801912602 0.006299771656088241 -0.020678567200196507 0.7364274606665151 0.26175832366140322 0.22579017754588235 0.36209916741589177 -0.014553953578449536 -0.020687564185358966 0.18364530341596816 -0.43093583117658102 -0.15318211414919664 0.02012735752252361
leaf_weight=175 1927 195 225 399 259 170 158 441 562 169 3085 311 156 1623 1163 928 4816 235 1231 531 776 481 149 277 298 198 148 170 157 179 171 695 1154 22124 157 346 2043 3821
leaf_count=175 1927 195 225 399 259 170 158 441 562 169 3085 311 156 1623 1163 928 4816 235 1231 531 776 481 149 277 298 198 148 170 157 179 171 695 1154 22124 157 346 2043 3821
internal_value=0.0309458 0.0288001 0.0804125 0.169617 0.427703 0.0806345 0.296313 0.190554 0.537044 0.0446491 -0.0196301 0.0946008 0.552265 0.000138786 -0.0378471 0.071844 0.0189785 0.476379 -0.011581 -0.152016 0.0029274 0.0101696 0.101575 0.0703857 0.421065 0.283434 0.451943 -0.00598327 0.342834 -0.178304 -0.0100406 -0.000306583 0.127023 -0.0100955 -0.202602 -0.213091 -0.123911 0.04371
internal_weight=52103 51928 17339 9166 2350 6816 2091 1933 961 6621 8173 4752 813 3939 3714 2551 6451 404 6047 972 34589 33467 5026 4579 447 657 459 28441 327 3421 28114 25900 1849 24051 3242 1122 2214 4302
internal_count=52103 51928 17339 9166 2350 6816 2091 1933 961 6621 8173 4752 813 3939 3714 2551 6451 404 6047 972 34589 33467 5026 4579 447 657 459 28441 327 3421 28114 25900 1849 24051 3242 1122 2214 4302
is_linear=0
shrinkage=0.03


Tree=86
num_leaves=39
num_cat=0
split_feature=195 151 204 200 199 204 200 197 197 207 167 95 181 193 201 207 200 199 194 193 197 204 201 56 114 207 199 199 207 204 172 95 201 207 197 201 77 201
split_gain=75159.5 84792.7 175239 497994 138506 161365 564440 100305 90047.8 81468.2 70232.8 110562 180213 81749.3 181926 199728 271772 178796 80335.9 194973 75157.4 73268.2 93800.4 77430.9 68425.9 56867.6 117455 204295 113978 56467.9 40432.3 38037.6 36380.6 34959.4 33127.6 79720.7 31007.1 30028.7
threshold=1.0000000180025095e-35 34.389999389648445 3.0000000000000004 18.750000000000004 64.000000000000014 15.000000000000002 10.650000095367433 976.14999389648449 976.54998779296886 0.9159645438194276 0.46499998867511755 11.427103996276857 98.000000000000014 25.550000190734867 92.500000000000014 0.93544191122055065 11.050000190734865 107.50000000000001 23.500000000000004 34.850000381469734 977.25000000000011 7.0000000000000009 612.50000000000011 73.17917633056642 -565.72863769531239 0.98522606492042553 307.50000000000006 319.50000000000006 0.94978111982345592 11.000000000000002 1.5349999666213991 27.167009353637699 52.500000000000007 0.9159645438194276 976.85000610351574 217.50000000000003 58.452335357666023 57.500000000000007
decision_type=2 2 2 2 2 2 2 2 2 2 2 10 2 2 2 2 2 2 2 2 2 2 2 8 10 2 2 2 2 2 2 10 2 2 2 2 10 2
left_child=1 10 3 8 -4 9 -7 -8 -3 34 25 12 -12 21 15 17 -17 -15 20 -20 -16 24 23 -23 -13 28 37 -28 29 31 -2 -1 -31 -9 -6 -36 -24 -27
right_child=30 2 4 -5 5 6 7 33 -10 -11 11 13 -14 14 18 16 -18 -19 19 -21 -22 22 36 -25 -26 26 27 -29 -30 32 -32 -33 -34 -35 35 -37 -38 -39
leaf_value=-0.038977111540351821 -0.054472262409114187 -0.49991245102456816 0.91478045284382759 2.0109064277313835 -0.58061498880740814 1.9560729735818896 0.71566541273472062 -0.17899533096822004 0.44191015260998062 0.38141624913241051 0.045662173174992389 -0.14197773368139421 1.3631676937841593 0.66789526981099401 0.47316136390772229 0.13875312732291736 1.8177123420210799 -0.10983217403540602 0.086429602385896184 0.84589980057195613 -0.12163833835287709 0.0085166390072110854 -0.065337081667856234 0.20144195117956593 0.045956336124637114 0.32158752700265492 1.2120081404939178 0.042765995888158721 -0.27567279416234264 0.23904968249818806 -0.31275460974065544 -0.22174533764219817 0.023894675400410032 0.32823662946587351 0.48985835248518445 -0.25524220972407125 -0.37104417527564115 -0.048399286641592779
leaf_weight=5510 2725 152 173 172 205 162 168 682 229 229 240 4096 153 473 208 159 191 608 5819 321 2365 3497 1355 4030 3036 227 220 346 1624 792 682 1259 6614 149 146 1125 383 1515
leaf_count=5510 2725 152 173 172 205 162 168 682 229 229 240 4096 153 473 208 159 191 608 5819 321 2365 3497 1355 4030 3036 227 220 346 1624 792 682 1259 6614 149 146 1125 383 1515
internal_value=0.0300395 0.039582 0.179854 0.671064 0.0904674 0.0407065 0.313499 0.047119 0.0661658 -0.145049 0.0283954 0.0591111 0.558605 0.0517147 0.118654 0.432146 1.05501 0.230471 0.0671666 0.126136 -0.0735533 0.0103026 0.0659416 0.11181 -0.0619766 -0.0172939 0.121806 0.497255 -0.0376144 -0.0103403 -0.106175 -0.0729714 0.0469037 -0.0880445 -0.226731 -0.169649 -0.132707 -0.000184617
internal_weight=52040 48633 3592 553 3039 2866 1161 999 381 1705 45041 26934 393 26541 10144 1431 350 1081 8713 6140 2573 16397 9265 7527 7132 18107 2308 566 15799 14175 3407 6769 7406 831 1476 1271 1738 1742
internal_count=52040 48633 3592 553 3039 2866 1161 999 381 1705 45041 26934 393 26541 10144 1431 350 1081 8713 6140 2573 16397 9265 7527 7132 18107 2308 566 15799 14175 3407 6769 7406 831 1476 1271 1738 1742
is_linear=0
shrinkage=0.03


Tree=87
num_leaves=39
num_cat=0
split_feature=194 194 105 201 201 199 194 207 200 194 200 201 141 201 201 76 197 197 141 141 123 193 204 201 194 97 203 157 203 56 204 201 36 207 194 207 95 76
split_gain=69823.4 107949 404733 96252.9 209356 508032 131605 94834.9 88580.2 309102 611067 97208.2 220999 71444.7 89165.7 227073 77249 323543 172245 69442.7 67552.4 77967.5 54933.7 70644.1 58484.2 52667.7 81187.9 272283 84523.5 81117.8 52183.1 67785.3 79998.2 44931.8 159709 34544.6 32577.4 31451.3
threshold=57.500000000000007 56.500000000000007 -34.003400802612298 92.500000000000014 82.500000000000014 281.50000000000006 31.500000000000004 0.80926549434661876 8.4499998092651385 26.500000000000004 6.8500001430511483 282.50000000000006 19.526912689208988 117.50000000000001 137.50000000000003 29.828130722045902 977.14999389648449 976.95001220703136 19.695916175842289 8.0597519874572772 20.020567893981937 32.049999237060554 17.000000000000004 62.500000000000007 73.500000000000014 11.594757556915285 -0.95368063449859608 61.979999542236335 -0.061046212911605828 87.946498870849624 7.0000000000000009 307.50000000000006 288.76504516601568 0.9937499761581422 68.500000000000014 0.97696486115455639 38.149946212768562 34.104547500610359
decision_type=2 2 8 2 2 2 2 2 2 2 2 2 8 2 2 10 2 2 10 10 10 2 2 2 2 2 2 2 2 10 2 2 8 2 2 2 10 10
left_child=1 3 -3 4 6 -6 -1 -8 9 10 -5 12 -11 19 15 -15 17 -16 -18 -10 21 -13 25 24 -24 29 27 -27 36 33 -30 32 -32 -2 -35 -25 -28 -9
right_child=22 2 -4 8 5 -7 7 37 13 11 -12 20 -14 14 16 -17 18 -19 -20 -21 -22 -23 23 35 -26 26 28 -29 30 -31 31 -33 -34 34 -36 -37 -38 -39
leaf_value=0.76265547769618869 -0.013463480083047919 1.8431529339373973 0.054866807370986821 -0.20535689005071989 2.0833062257843351 -0.23937882392463339 0.21220605442172755 0.14587366729514337 0.01535306564776207 -0.046089275869142549 2.0832402875071168 -0.045834765361328383 1.3292822769698902 1.3931658448752549 0.044096690262264412 -0.0040004248858724421 0.02230613254681112 1.1066089800151957 -0.26232804718918995 -0.65180166674282447 -0.6129310228351067 0.33453214160113875 0.30652505946345215 0.021915070143515483 0.022425171752118719 -0.35518853491522484 -0.15108288307274528 1.323212558070622 -0.10849784137732693 0.65614139936637605 -0.17803780992193272 -0.16557859462488622 0.47546434358380685 0.84796990822967544 -0.32948053862492033 -0.25096239827597233 -0.36453990873036923 -0.33275859674117092
leaf_weight=252 12694 145 531 211 170 169 1061 157 274 273 209 2130 171 149 2911 352 11360 283 2301 288 150 628 1567 3871 1117 209 1324 149 2770 170 237 468 584 224 193 468 1252 580
leaf_count=252 12694 145 531 211 170 169 1061 157 274 273 209 2130 171 149 2911 352 11360 283 2301 288 150 628 1567 3871 1117 209 1324 149 2770 170 237 468 584 224 193 468 1252 580
internal_value=0.0280952 0.0645815 0.43847 0.0540847 0.234815 0.925414 0.120609 0.0306189 0.0341784 0.166313 0.933513 0.0701823 0.483631 0.00636198 0.0171417 0.411542 0.0054183 0.138242 -0.0256365 -0.326539 0.00705454 0.0407759 -0.00499324 0.0673156 0.188292 -0.0300414 -0.0966771 0.343379 -0.120421 0.00504514 -0.0351203 0.122564 0.286816 -0.00339754 0.303015 -0.0075176 -0.254829 -0.230796
internal_weight=52052 24755 676 24079 2389 339 2050 1798 21690 3772 420 3352 444 17918 17356 501 16855 3194 13661 562 2908 2758 27297 7023 2684 20274 6993 358 6635 13281 4059 1289 821 13111 417 4339 2576 737
internal_count=52052 24755 676 24079 2389 339 2050 1798 21690 3772 420 3352 444 17918 17356 501 16855 3194 13661 562 2908 2758 27297 7023 2684 20274 6993 358 6635 13281 4059 1289 821 13111 417 4339 2576 737
is_linear=0
shrinkage=0.03


Tree=88
num_leaves=36
num_cat=0
split_feature=189 205 189 166 75 195 193 193 114 201 188 193 207 141 207 203 55 200 96 207 197 199 207 141 201 200 207 76 149 197 141 123 197 196 80
split_gain=76160.8 118528 157139 63103 74535.1 69351.1 72742.3 111227 315137 78787.7 231392 81015.8 77623.9 76667.4 103344 58643.3 34681.1 32039.6 22644.5 22278.1 22009.4 17860.2 17812.9 25228.6 18569.1 16519.9 15851.5 12636 12230.3 12197.9 9706.98 8142.52 7676.82 6758.42 2659.57
threshold=192.01104736328128 1.0000000180025095e-35 210.50000000000003 1.5000000000000002 80.945724487304702 1.0000000180025095e-35 23.650000572204593 24.150000572204593 -565.72863769531239 92.500000000000014 1.0049902796745303 34.149999618530281 -0.85671821236610401 4.2834377288818368 0.9937499761581422 0.608738273382187 103.70013427734376 5.6499998569488534 40.608007431030281 0.99865421652793895 988.35000610351574 102.50000000000001 0.98932364583015453 5.9537608623504648 3140.0000000000005 23.050000190734867 0.95752912759780895 36.303226470947273 7.8449997901916513 973.95001220703136 19.013142585754398 19.620229721069339 984.14999389648449 9.5000000000000018 32.087499618530281
decision_type=10 2 10 2 10 2 2 2 8 2 8 2 2 10 2 2 10 2 10 2 2 2 2 8 2 2 2 10 2 2 10 8 2 2 2
left_child=3 2 -2 16 5 6 12 8 -8 10 -9 -11 20 14 -14 -10 22 -7 25 -15 21 -5 23 28 26 31 30 -3 29 -1 -25 -19 -30 -31 -22
right_child=1 27 -4 4 -6 17 7 9 15 11 -12 -13 13 19 -16 -17 -18 18 -20 -21 34 -23 -24 24 -26 -27 -28 -29 32 33 -32 -33 -34 -35 -36
leaf_value=0.1439770194437158 1.4050313337351199 -0.26900506643499122 0.083454367594216913 0.076576214023472242 0.58402248692364345 -0.54638611501876877 1.6865983767157526 1.1422376813400303 -0.028087412468624749 0.012456369388622246 0.13844377222323312 0.18986165255917678 0.035275239453299287 -0.20382498839995436 0.5417145528395263 0.48798047081360768 -0.47976683418459437 -0.19129770460457265 -0.3766644515818906 0.10387026355633351 -0.31857664693964088 -0.18857805843041359 0.24363310442953179 -0.011168430465620693 0.32228282708776029 0.24004532234816847 0.2279025069536465 0.11752914761363914 -0.084314242770740455 -0.098413726007747421 -0.20921675775072648 -0.028304972066822125 0.15852944969736721 -0.1902588139868702 -0.4921937006465627
leaf_weight=156 165 146 159 287 228 164 146 224 503 12458 2672 2846 14393 1522 372 327 156 466 234 246 150 1124 211 7041 155 150 245 159 216 2283 230 676 256 1054 169
leaf_count=156 165 146 159 287 228 164 146 224 503 12458 2672 2846 14393 1522 372 327 156 466 234 246 150 1124 211 7041 155 150 245 159 216 2283 230 676 256 1054 169
internal_value=0.028843 0.35695 0.756502 0.0248246 0.0431886 0.0400371 0.0485227 0.089332 0.401333 0.0726003 0.216089 0.0454476 0.00567314 0.0256801 0.0480352 0.175234 -0.0353897 -0.147945 -0.105121 -0.161012 -0.185525 -0.134645 -0.0295378 -0.0344915 -0.0027328 -0.0559376 -0.00943594 -0.0675016 -0.0959342 -0.115302 -0.0174335 -0.0948165 0.0473973 -0.127424 -0.410569
internal_weight=51989 629 324 51360 39357 39129 37439 19176 976 18200 2896 15304 18263 16533 14765 830 12003 1690 1526 1768 1730 1411 11847 11636 7671 1292 7516 305 3965 3493 7271 1142 472 3337 319
internal_count=51989 629 324 51360 39357 39129 37439 19176 976 18200 2896 15304 18263 16533 14765 830 12003 1690 1526 1768 1730 1411 11847 11636 7671 1292 7516 305 3965 3493 7271 1142 472 3337 319
is_linear=0
shrinkage=0.03


Tree=89
num_leaves=39
num_cat=0
split_feature=183 203 157 207 189 197 203 189 208 205 197 96 191 203 160 197 95 96 201 200 36 207 201 193 207 141 205 193 191 132 111 193 156 209 189 205 201 207
split_gain=66525.8 136951 568367 104651 248860 166330 695527 545739 115927 105903 463528 96555.7 79482.8 65719.9 120084 59900.8 42246 41926.1 71513.7 72998.2 68051 184489 67347 96204.9 56876.2 40521.5 39460.5 38987.2 87385.9 62678.4 44029.8 34102.1 31543 28861.2 28811.4 51435.5 29713 49757.6
threshold=84.023174285888686 -0.95368063449859608 84.165000915527358 0.86548283696174633 182.50000000000003 977.25000000000011 0.30069434642791754 115.15642166137697 -0.39827153086662287 0.68301269412040722 979.45001220703136 32.009512901306159 18.94999980926514 0.9980967938899995 19.500000000000004 976.04998779296886 34.81640815734864 46.440156936645515 552.50000000000011 8.3499999046325701 284.62066650390631 0.8337649703025819 832.50000000000011 23.550000190734867 0.21336913853883746 -6.0793211460113517 -0.93301269412040699 27.550000190734867 23.550000190734867 -37.902507781982415 872.24374389648449 29.250000000000004 3.8964914083480839 2.5000000000000004 30.360883712768558 -0.93301269412040699 3502.5000000000005 0.69056403636932384
decision_type=10 2 2 2 10 2 2 10 2 2 2 10 8 2 2 2 10 10 2 2 10 2 2 2 2 8 2 2 8 10 10 2 2 2 10 2 2 2
left_child=12 2 25 34 5 6 7 -5 -7 11 -11 -10 16 17 33 -8 -1 20 26 -20 27 22 23 -22 -24 -2 -19 30 -29 -30 32 -21 -14 -15 35 -3 -36 -38
right_child=1 3 -4 4 -6 8 15 -9 9 10 -12 -13 13 14 -16 -17 -18 18 19 31 21 -23 24 -25 -26 -27 -28 28 29 -31 -32 -33 -34 -35 36 -37 37 -39
leaf_value=-0.1189600046940481 0.283098249911311 0.47189410434234136 2.0818511290433053 0.54232508187482042 1.1826125969738308 -0.35904138465496321 -0.71395126644242535 2.7995091643412238 0.13339635231554106 1.9065505812902641 0.14871910320162304 -0.13359267794584839 -0.045621426925758303 0.39968267657261902 1.0466658345596562 -0.004273623453828819 -0.48257984668269133 0.20186841078368439 0.53313423349851985 0.33549114053214735 0.061956974437902698 1.0323589393805264 0.060275379674861768 0.41686272573615912 -0.38930959372082208 -0.3466931828484926 -0.22707598930005737 0.58178394680399637 0.012065165433692413 0.59355883661621633 -0.22576819508768847 -0.19006051833581109 0.10254551761795264 -0.12587157691250778 -0.049296558784787385 0.035705742889352611 -0.067311268040955982 0.57741741288210668
leaf_weight=1154 159 268 154 255 200 536 198 155 3272 149 1437 1943 9376 147 154 233 383 213 279 149 3846 188 559 837 463 218 2057 259 8917 170 1083 437 1500 261 7303 2640 256 186
leaf_count=1154 159 268 154 255 200 536 198 155 3272 149 1437 1943 9376 147 154 233 383 213 279 149 3846 188 559 837 463 218 2057 259 8917 170 1083 437 1500 261 7303 2640 256 186
internal_value=0.0273433 0.0710371 0.546238 0.0577778 0.137106 0.111536 0.511151 1.3957 0.0657294 0.0992069 0.313873 0.0339217 0.000988467 0.0114637 0.332912 -0.330307 -0.209572 0.00550793 -0.0983775 0.133736 0.0174824 0.107711 0.0772384 0.125391 -0.143403 -0.0810768 -0.186826 -0.00747488 0.0384318 0.0229444 -0.0433511 -0.0564266 -0.0251864 0.0634864 -0.00460942 0.0759062 -0.0348406 0.204005
internal_weight=51994 19562 531 19031 8378 8178 841 410 7337 6801 1586 5215 32432 30895 562 431 1537 30333 3135 865 27198 5893 5705 4683 1022 377 2270 21305 9346 9087 11959 586 10876 408 10653 2908 7745 442
internal_count=51994 19562 531 19031 8378 8178 841 410 7337 6801 1586 5215 32432 30895 562 431 1537 30333 3135 865 27198 5893 5705 4683 1022 377 2270 21305 9346 9087 11959 586 10876 408 10653 2908 7745 442
is_linear=0
shrinkage=0.03


Tree=90
num_leaves=39
num_cat=0
split_feature=189 204 189 195 175 197 198 207 198 200 197 95 204 197 189 205 200 207 199 199 207 132 207 188 207 200 56 105 94 207 183 200 204 199 187 197 197 194
split_gain=67940.9 112146 140039 55793.1 57267.8 76369.2 255954 274674 410604 439833 123776 97091.3 96487 111920 98577.9 90182.2 42091 34806.6 75188.3 95413.1 72104.2 30881 27171 27131.5 26649 23763.7 22340.9 21547.4 19587.5 18920.4 17647.7 16292.3 14826.4 13148.4 11938.1 11062.3 12116.3 10788.2
threshold=192.01104736328128 13.000000000000002 210.50000000000003 1.0000000180025095e-35 1.0099999606609347 978.14999389648449 5.0499999523162851 0.86113432049751293 14.250000000000002 17.849999427795414 978.75000000000011 11.427103996276857 7.0000000000000009 979.04998779296886 29.03348541259766 1.0000000180025095e-35 22.94999980926514 0.98522606492042553 300.50000000000006 319.50000000000006 0.96904698014259349 -41.864688873291009 0.86113432049751293 0.18919514864683154 0.9646572768688203 10.650000095367433 76.254440307617202 -81.700580596923814 34.161212921142585 0.99168354272842418 84.023174285888686 25.650000572204593 11.000000000000002 216.50000000000003 5.5499999523162851 982.25000000000011 984.75000000000011 27.500000000000004
decision_type=10 2 10 2 2 2 2 2 2 2 2 10 2 2 10 2 2 2 2 2 2 8 2 10 2 2 10 10 8 2 8 2 2 2 10 2 2 2
left_child=3 34 -3 4 17 6 23 27 9 -9 16 15 13 -13 -14 -12 22 20 29 -20 24 -5 -7 -6 28 -25 31 -8 32 33 -30 -23 -1 -19 -2 -31 -37 -24
right_child=1 2 -4 21 5 10 7 8 -10 -11 11 12 14 -15 -16 -17 -18 18 19 -21 -22 26 37 25 -26 -27 -28 -29 30 35 -32 -33 -34 -35 -36 36 -38 -39
leaf_value=-0.040423119519349945 -0.25810019283291924 1.333705140931017 0.083907376003712369 -0.30181331575831954 0.022189833064646849 -0.14874448199206519 0.05475611813361897 0.48251268217849963 -0.42341874180145372 1.7906955975995056 0.11871702237994278 0.64527479655126296 0.14787293587502079 -0.057297874034452106 0.012004602563894911 0.98284287380740532 0.1421467775058155 -0.0059621857497202668 0.86239465232644785 0.026622853631932161 -0.25387205406858204 -0.051462270935359426 -0.37628919853378073 -0.67530816100039925 0.3254452412875109 -0.26668005428260227 -0.37307305603331686 -0.33274153903311088 -0.30653241905668543 0.085349219426798337 -0.053650521474949669 0.26757103345858968 0.029041504303159611 0.38307005811294104 0.11742964885194715 -0.24422025351761861 0.035378371396898312 -0.67052900592123399
leaf_weight=5399 157 166 157 547 156 224 1181 768 273 331 254 209 9495 8625 9732 190 145 161 234 259 1210 2464 189 211 208 326 186 145 368 239 764 153 5669 152 148 432 206 276
leaf_count=5399 157 166 157 547 156 224 1181 768 273 331 254 209 9495 8625 9732 190 145 161 234 259 1210 2464 189 211 208 326 186 145 368 239 764 153 5669 152 148 432 206 276
internal_value=0.0265351 0.336681 0.72624 0.0227443 0.0310003 0.053398 0.18819 0.320285 0.617863 0.876527 0.0378186 0.0483586 0.041394 -0.0406753 0.0791014 0.488514 -0.322421 -0.01691 0.111798 0.423327 -0.0328166 -0.0956274 -0.420191 -0.326077 -0.0112596 -0.427249 -0.0553897 0.0123804 -0.0170004 -0.0172661 -0.135862 -0.0328093 -0.0048435 0.182965 -0.0758766 -0.0887301 -0.153943 -0.550946
internal_weight=52009 628 323 51381 48031 32730 3391 2698 1372 1099 29339 28505 28061 8834 19227 444 834 15301 1683 493 13618 3350 689 693 12408 537 2803 1326 12200 1190 1132 2617 11068 313 305 877 638 465
internal_count=52009 628 323 51381 48031 32730 3391 2698 1372 1099 29339 28505 28061 8834 19227 444 834 15301 1683 493 13618 3350 689 693 12408 537 2803 1326 12200 1190 1132 2617 11068 313 305 877 638 465
is_linear=0
shrinkage=0.03


Tree=91
num_leaves=39
num_cat=0
split_feature=199 183 203 208 207 189 183 197 141 207 185 203 75 204 194 193 201 76 198 16 96 199 141 96 193 207 185 95 194 203 141 198 105 201 207 194 203 207
split_gain=69726.4 72343.7 126856 457136 100242 233138 149359 242882 129403 257743 86919.9 71811.6 52276.2 52496.5 124121 208601 98101.7 65454.3 123171 52158.2 47457.6 39946.4 56560.1 48992.8 39080.2 34854.2 34382.6 41857 33971.9 32521.5 31625.1 28660.9 24613.7 20755.7 50848.6 27673.7 20544.4 13558.7
threshold=3.5000000000000004 84.023174285888686 -0.95368063449859608 -0.27694045007228846 0.86548283696174633 182.50000000000003 98.346946716308608 977.85000610351574 -16.3541145324707 0.9937499761581422 256.84158325195318 0.30069434642791754 84.269649505615249 7.0000000000000009 36.500000000000007 29.849999427795414 97.500000000000014 47.05285835266114 4.0499999523162851 71.221153259277358 23.718650817871097 75.500000000000014 22.531985282897953 35.48658752441407 26.150000572204593 0.99865421652793895 612.78900146484386 34.81640815734864 23.500000000000004 -0.95368063449859608 -9.0797438621520978 6.8500001430511483 -35.286603927612298 3502.5000000000005 0.69056403636932384 24.500000000000004 0.095842104405164733 0.99761915206909191
decision_type=2 10 2 2 2 10 8 2 8 2 10 2 10 2 2 2 2 10 2 10 10 2 10 10 2 2 10 10 2 2 8 2 8 2 2 2 2 2
left_child=-1 10 3 -3 21 6 7 -6 9 -8 12 -10 13 14 15 -2 17 31 -19 -9 32 23 33 -4 -25 28 27 37 -18 -22 -5 -15 -16 35 -35 -23 -29 -12
right_child=1 2 4 30 5 -7 8 19 11 -11 26 -13 -14 16 20 -17 25 18 -20 -21 29 22 -24 24 -26 -27 -28 36 -30 -31 -32 -33 -34 34 -36 -37 -38 -39
leaf_value=0.62295681890927568 1.1027980882393289 1.8979505131209442 0.01409375995473857 0.29398863103242412 1.538894283356133 1.1422980581062627 -0.077269460884892199 0.56627258161401728 0.1414081801852704 1.403389445901984 -0.201962915461014 -0.054262297238152096 0.53760201029499743 -0.011632903763477198 0.36212085237667191 -0.17915311632569902 -0.17124988601217653 1.0917737759626631 0.2233945408083568 0.048796805846716654 0.23564307602073115 -0.15621075820552308 -0.32629337720553664 0.18988923148371328 0.79827894758151308 -0.3601476731899419 0.14882966266442318 -0.66350941481281445 0.015833275110556645 -0.16586530657319579 -0.27203396179775041 0.17832999012200029 -0.023266908692589159 -0.072439549777468318 0.58032549170234249 0.0051832645889634803 -0.28114833065712669 0.029414854028227144
leaf_weight=176 218 155 659 149 159 202 242 284 3062 188 959 3762 168 1597 154 240 928 164 1418 458 190 1094 521 234 160 239 232 250 14889 4084 220 1294 4727 262 182 7589 256 299
leaf_count=176 218 155 659 149 159 202 242 284 3062 188 959 3762 168 1597 154 240 928 164 1418 458 190 1094 521 234 160 239 232 250 14889 4084 220 1294 4727 262 182 7589 256 299
internal_value=0.0268599 0.0248379 0.0703368 0.530825 0.0576754 0.135532 0.110593 0.474885 0.0653443 0.570104 -0.00274089 0.0335371 0.00988689 0.00694542 -0.0509114 0.431042 0.0340377 0.158287 0.313422 0.246865 -0.0750227 -0.00312683 -0.0222758 0.172322 0.436965 -0.00057663 -0.194498 -0.239653 0.00485679 -0.148016 -0.0434747 0.0733939 -0.0111068 -0.0049211 0.195141 -0.0151514 -0.470071 -0.146969
internal_weight=52064 51888 19582 524 19058 8357 8155 901 7254 430 32306 6824 30310 30142 9613 458 20529 4473 1582 742 9155 10701 9648 1053 394 16056 1996 1764 15817 4274 369 2891 4881 9127 444 8683 506 1258
internal_count=52064 51888 19582 524 19058 8357 8155 901 7254 430 32306 6824 30310 30142 9613 458 20529 4473 1582 742 9155 10701 9648 1053 394 16056 1996 1764 15817 4274 369 2891 4881 9127 444 8683 506 1258
is_linear=0
shrinkage=0.03


Tree=92
num_leaves=39
num_cat=0
split_feature=195 189 205 123 75 123 203 202 198 203 131 203 207 202 193 197 208 198 208 208 198 132 208 207 81 198 56 189 187 197 199 207 81 194 193 206 203 69
split_gain=64772.1 73793.2 107538 161066 64147.2 53653.5 292763 216969 112549 151878 73534.7 52797.1 99178 478245 65001.4 110200 63184 46483.5 106945 154972 60895 33756.5 31207.4 61206.4 35741.2 28262.3 21792.9 10108.3 7536.65 6367.63 3606.59 3373.95 2789.74 2275.03 1866.17 1735.12 1766.95 1581.88
threshold=1.0000000180025095e-35 192.01104736328128 1.0000000180025095e-35 9.2090148925781268 83.150279998779311 18.298566818237308 -0.98897820711135853 -0.99901017546653736 3.9500000476837163 -0.89490029215812672 -53.076293945312493 0.53727915883064281 0.9937499761581422 -0.58068084716796864 23.94999980926514 989.45001220703136 0.49626980721950537 3.8500000238418584 0.38838672637939459 0.41985447704792028 3.0499999523162846 -41.864688873291009 0.96462664008140575 0.13398904353380206 38.260000228881843 4.3500001430511483 76.254440307617202 95.123001098632827 5.5499999523162851 983.64999389648449 118.50000000000001 -0.048361575230956071 15.362500190734865 86.500000000000014 28.94999980926514 -0.25000000000000006 -0.62249094247817982 5.9500000476837167
decision_type=2 10 2 10 10 10 2 2 2 2 10 2 2 2 2 2 2 2 2 2 2 8 2 2 2 2 10 10 10 2 2 2 2 2 2 2 2 10
left_child=1 4 3 -3 5 11 -7 -8 10 -10 -9 17 14 -14 16 -16 -13 18 20 -20 -1 29 24 -24 -19 -15 27 30 -4 32 33 35 -2 37 -33 -32 -37 -23
right_child=21 2 28 -5 -6 6 7 8 9 -11 -12 12 13 25 15 -17 -18 22 19 -21 -22 26 23 -25 -26 -27 -28 -29 -30 -31 31 34 -34 -35 -36 36 -38 -39
leaf_value=-0.23198456004471776 -0.15442754992932767 0.072839232630662804 -0.18744143034302194 1.4868397607186621 0.57359994908340595 1.3903293237887204 1.0727349907754076 -0.53282716926302065 1.0077528437149854 0.06761705986144978 0.044395202067818357 -0.17580609067740796 1.711892674139468 0.26221351464916193 0.089689848191063196 0.7917190996141189 0.033124296185343641 -0.016064095075460791 1.177582587003092 0.16655414694900866 0.14653533534243363 0.11031494258893922 -0.10899911135609541 0.32076093659481342 -0.12054641732832752 -0.19565297705994963 -0.36422099484030168 0.20189231847307335 0.11536806971675967 -0.42715412044393986 0.035598290176865006 -0.15667472488406131 -0.32536112258378969 -0.051972224376786051 -0.048443801803490782 -0.0010081570635052904 -0.14567394649659079 -0.00028134968621856691
leaf_weight=996 205 145 145 145 195 156 191 461 159 5644 349 1754 187 181 6184 208 5063 18780 148 1747 621 160 549 653 3495 368 194 153 151 237 225 527 148 638 197 150 154 427
leaf_count=996 205 145 145 145 195 156 191 461 159 5644 349 1754 187 181 6184 208 5063 18780 148 1747 621 160 549 653 3495 368 194 153 151 237 225 527 148 638 197 150 154 427
internal_value=0.0258161 0.0346771 0.369293 0.779866 0.0305995 0.0283885 0.105393 0.0759306 0.0471389 0.0933781 -0.284125 0.0152954 0.0626943 0.401627 0.0438088 0.112536 -0.0206332 -0.00919523 0.0925984 0.245521 -0.0866158 -0.100481 -0.0244229 0.124473 -0.0324577 -0.0446962 -0.0573764 -0.0347495 -0.0329676 -0.30687 -0.0493614 -0.0851471 -0.226102 -0.012757 -0.127227 -0.0275542 -0.0742963 0.0298648
internal_weight=52090 48675 586 290 48089 47894 6960 6804 6613 5803 810 40934 13945 736 13209 6392 6817 26989 3512 1895 1617 3415 23477 1202 22275 549 2825 2631 296 590 2478 1253 353 1225 724 529 304 587
internal_count=52090 48675 586 290 48089 47894 6960 6804 6613 5803 810 40934 13945 736 13209 6392 6817 26989 3512 1895 1617 3415 23477 1202 22275 549 2825 2631 296 590 2478 1253 353 1225 724 529 304 587
is_linear=0
shrinkage=0.03


Tree=93
num_leaves=39
num_cat=0
split_feature=199 183 203 157 207 189 183 197 96 207 196 191 76 200 208 96 206 167 190 193 190 199 54 205 102 199 183 96 95 35 193 206 205 199 190 187 80 197
split_gain=63078.8 61619.1 115968 485118 86349.1 226267 134764 217632 114894 228067 74289 67863.4 47445.6 203385 46241.9 43231.6 55447 50821.6 51093.6 58336.7 43774.3 38585 59017.6 41297.3 38462.6 38368.3 51288.9 50762.6 36263 31743.5 29570.5 28698.7 26488.9 23813.8 21225.2 20083 18097.9 17973.3
threshold=3.5000000000000004 84.023174285888686 -0.95368063449859608 84.165000915527358 0.86548283696174633 182.50000000000003 98.346946716308608 977.85000610351574 13.225347995758058 0.9937499761581422 2.5000000000000004 18.94999980926514 68.643508911132827 18.050000190734867 -0.031174269504845139 46.440156936645515 0.25000000000000011 0.46499998867511755 0.230860710144043 29.849999427795414 0.57163509726524364 166.50000000000003 54.717954635620124 0.25000000000000011 126.08333206176759 75.500000000000014 260.81130981445318 40.014425277709968 34.81640815734864 370.88175964355474 23.250000000000004 1.0000000180025095e-35 0.25000000000000011 270.50000000000006 0.66287624835968029 19.2817497253418 24.366499900817875 987.35000610351574
decision_type=2 10 2 2 2 10 10 2 10 2 2 8 10 2 2 10 2 2 8 2 10 2 10 2 10 2 10 10 10 8 2 2 2 2 8 10 2 2
left_child=-1 11 3 30 25 6 7 -6 9 -8 -10 28 15 -14 -9 17 21 24 19 -19 -20 23 -23 -17 32 26 -4 29 -2 34 -3 37 -13 -31 -27 -26 -18 -29
right_child=1 2 4 -5 5 -7 8 14 10 -11 -12 12 13 -15 -16 16 36 18 20 -21 -22 22 -24 -25 35 27 -28 31 -30 33 -32 -33 -34 -35 -36 -37 -38 -39
leaf_value=0.58812323142220457 -0.11463632382329947 0.16452484431963721 0.081263821209791823 1.9384334336749396 1.4532609679317385 1.1215973207137573 -0.068016341183953277 0.56398627158050407 0.12100151204227738 1.4006156779870313 -0.076957056873154225 0.030531896690765181 1.1920105451629848 -0.34086354341092678 0.062775789733127904 0.033105801349307906 -0.044359545864192072 0.72527943447123377 0.068730701315154061 -0.030080838600076605 -0.069710454993426096 0.62019555728725384 0.013454211468352401 -0.39453036388149981 0.12929102300380041 0.050307375881262058 0.67421373851398891 -0.16720363061148716 -0.45372753115939102 0.013720371542437423 -0.37684604334475558 -0.3519174758835823 -0.062154884655021427 0.45370848297991234 -0.049683179333565169 -0.19891549598795077 -0.34135177463427513 0.21136226427883165
leaf_weight=178 1158 199 890 151 159 200 223 249 3660 166 3196 6595 146 167 495 448 236 213 11584 162 2499 173 869 372 189 3105 154 362 376 207 167 607 4791 238 4967 1495 849 164
leaf_count=178 1158 199 890 151 159 200 223 249 3660 166 3196 6595 146 167 495 448 236 213 11584 162 2499 173 869 372 189 3105 154 362 376 207 167 607 4791 238 4967 1495 849 164
internal_value=0.0243587 0.0224244 0.0644535 0.50778 0.0524167 0.124722 0.100252 0.445837 0.0571784 0.558718 0.0287209 -0.00300868 0.00669446 0.374164 0.230525 0.00292016 -0.106286 0.0146112 0.0533675 0.39897 0.0441645 -0.00695197 0.114195 -0.160897 -0.0282608 -0.00402689 0.168735 -0.0227176 -0.197754 0.00237825 -0.0824964 -0.211367 -0.00846882 0.249045 -0.0112204 -0.162079 -0.276754 -0.0491693
internal_weight=52059 51881 19559 517 19042 8348 8148 903 7245 389 6856 32322 30788 313 744 30475 2947 27528 14458 375 14083 1862 1042 820 13070 10694 1044 9650 1534 8517 366 1133 11386 445 8072 1684 1085 526
internal_count=52059 51881 19559 517 19042 8348 8148 903 7245 389 6856 32322 30788 313 744 30475 2947 27528 14458 375 14083 1862 1042 820 13070 10694 1044 9650 1534 8517 366 1133 11386 445 8072 1684 1085 526
is_linear=0
shrinkage=0.03


Tree=94
num_leaves=39
num_cat=0
split_feature=189 191 196 167 75 197 203 203 203 183 197 189 187 203 197 205 197 207 203 207 197 155 205 184 203 172 207 207 205 207 194 197 200 190 190 205 200 193
split_gain=57461.3 108404 205753 49188.9 90159.1 80105.8 195206 732968 205145 375102 114256 75733.3 87173.8 61585.9 64894.6 469294 68731 63114.7 146567 58782.4 46419.2 37217.8 35268.8 32692.3 35172.4 160258 29870.3 70935.8 104599 44878.3 43961.1 36402.3 57209.3 32629.6 46476.1 23774.9 17236.8 16926.7
threshold=192.01104736328128 28.30030727386475 41.500000000000007 0.46499998867511755 76.651638031005874 978.14999389648449 0.18222858756780627 -0.043617725372314446 -0.3172925859689712 84.750190734863295 978.75000000000011 75.04843902587892 28.829324722290043 -0.3172925859689712 979.14999389648449 0.68301269412040722 981.04998779296886 0.96687895059585582 -0.82409480214118946 0.92273071408271801 976.04998779296886 473.38500976562506 -1.0000000180025095e-35 0.27443215250968939 -0.95368063449859608 2.3099999427795415 0.98522606492042553 0.99628883600234996 0.68301269412040722 0.94978111982345592 59.500000000000007 982.25000000000011 14.250000000000002 0.24934139847755435 0.19870357960462573 0.25000000000000011 22.349999427795414 32.95000076293946
decision_type=10 10 2 2 10 2 2 2 2 10 2 10 10 2 2 2 2 2 2 2 2 2 2 8 2 2 2 2 2 2 2 2 2 8 10 2 2 2
left_child=3 2 -2 23 5 6 7 8 9 -5 22 12 -8 17 15 -15 -16 19 -19 -12 -13 -10 36 37 25 -25 29 28 30 33 -28 32 -29 34 -26 -35 -7 -1
right_child=1 -3 -4 4 -6 10 11 -9 21 -11 13 20 -14 14 16 -17 -18 18 -20 -21 -22 -23 -24 24 26 -27 27 31 -30 -31 -32 -33 -34 35 -36 -37 -38 -39
leaf_value=-0.23206561795858932 1.185467251315939 -0.18905165045437755 -0.22348531135006675 0.0077022781691163771 0.57525354572973142 -0.31189650858517576 -0.10256304379087652 1.8544191356355133 -0.037822605640393497 1.4962881332305604 -0.064432868232674453 -0.69245347545898284 0.74807650339103871 -0.29771832018789324 -0.1295911844313356 1.6191826185829485 0.065461633963355109 1.0440536904793245 -0.11289723483621628 -0.46252882771820913 -0.1393407804380008 -0.62364890980354215 -0.55699444083390448 0.0032386223044060043 0.032268806088106464 1.0871678543948027 0.22179662413353729 0.41546209408172402 0.80282006017998309 -0.19785331671843184 -0.29334287967874106 -0.19981315176690029 -0.32622215335699645 0.0074763456620351538 0.56101135828155724 -0.067446574425507319 0.11376409633742557 0.08103223868703413
leaf_weight=874 232 243 156 577 286 207 332 265 151 207 3907 205 161 318 1780 180 18778 149 291 365 409 276 363 771 533 146 644 264 249 1286 194 744 145 9372 208 6425 146 189
leaf_count=874 232 243 156 577 286 207 332 265 151 207 3907 205 161 318 1780 180 18778 149 291 365 409 276 363 771 533 146 644 264 249 1286 194 744 145 9372 208 6425 146 189
internal_value=0.0232721 0.307811 0.618988 0.0197788 0.0452122 0.0399968 0.199468 0.425325 0.112588 0.400748 0.0244434 -0.101676 0.17524 0.0348303 0.0567703 0.395154 0.0485731 -0.0632104 0.278901 -0.0984472 -0.32402 -0.416489 -0.349366 -0.0140874 -0.00586397 0.175826 -0.014168 0.0890866 0.262958 -0.0271444 0.102538 -0.0748322 0.152515 -0.0138699 0.180694 -0.0229965 -0.135845 -0.176397
internal_weight=52028 631 388 51397 29353 29067 2583 1476 1211 784 26484 1107 493 25768 21056 498 20558 4712 440 4272 614 427 716 22044 20981 917 20064 2240 1087 17824 838 1153 409 16538 741 15797 353 1063
internal_count=52028 631 388 51397 29353 29067 2583 1476 1211 784 26484 1107 493 25768 21056 498 20558 4712 440 4272 614 427 716 22044 20981 917 20064 2240 1087 17824 838 1153 409 16538 741 15797 353 1063
is_linear=0
shrinkage=0.03


Tree=95
num_leaves=39
num_cat=0
split_feature=199 183 203 200 185 203 200 204 201 19 201 187 198 193 187 185 203 141 200 199 197 198 141 187 194 141 194 194 141 185 95 203 149 141 201 198 187 94
split_gain=59166.6 57314.6 99433.9 461593 82601.1 61617.7 62398.6 49779 61625.8 64918.9 57384.1 49135 213846 248696 249758 60864.8 138414 65917.3 46605.8 53768.7 46180.6 66445 45501.7 44732.6 41632.2 41425.2 38021 54228.8 36686.3 36041.9 40239.9 29256.3 125823 50267 28008.7 26978.8 24915 22270.8
threshold=3.5000000000000004 84.023174285888686 -0.95368063449859608 14.750000000000002 256.84158325195318 -0.43049471080303187 9.7500000000000018 17.000000000000004 52.500000000000007 0.8097110688686372 97.500000000000014 22.409250259399418 6.2500000000000009 22.349999427795414 18.760499954223636 950.03228759765636 0.095842104405164733 -8.7307801246643049 7.6499998569488534 142.50000000000003 987.14999389648449 2.6499999761581425 20.833018302917484 23.605891227722172 66.500000000000014 0.79279696941375744 23.500000000000004 25.500000000000004 11.11806631088257 612.78900146484386 34.81640815734864 0.19936034083366397 38.164999008178718 25.243383407592777 37.500000000000007 6.2500000000000009 16.731250762939457 15.360324382781984
decision_type=2 10 2 2 10 2 2 2 2 10 2 10 2 2 10 10 2 10 2 2 2 2 10 10 2 10 2 2 10 10 10 2 2 10 2 2 8 10
left_child=-1 4 3 25 7 6 18 8 24 26 20 12 13 -7 -15 16 -14 -17 36 -20 21 -9 -8 -13 -2 -3 -10 -28 -12 30 -6 32 -25 -33 -22 -23 -4 -26
right_child=1 2 5 -5 29 11 22 10 9 -11 28 23 15 14 -16 17 -18 -19 19 -21 34 35 -24 31 37 -27 27 -29 -30 -31 -32 33 -34 -35 -36 -37 -38 -39
leaf_value=0.57107612817333964 -0.35790344032366211 0.18994037133901215 -0.3674900941147467 1.9021784633602254 -0.1456107663191733 -0.12959625421278392 -0.11348502730092962 0.79720415463430438 -0.19992958207729772 0.53476462327066632 0.018263635282943926 -0.41700373348657083 0.77608176719094757 1.9130323259742663 0.34138316785015199 0.62362010853285998 0.041874875460145893 -0.025922360389159568 -0.0016306535769657429 0.79923005734254038 -0.15933054094552171 0.038466737771876099 -0.4893458609133523 0.056600605766845405 0.27516539831434766 -0.43705460283760733 0.37734453637363169 0.003545490915986479 -0.34136122158996285 0.15579119789263191 -0.46039582234107146 0.032418365489041666 0.64612607906595809 -0.3052410198856858 0.12367980300124889 0.27040448337431333 0.059154478987070401 -0.10124088412248122
leaf_weight=176 592 223 158 146 1253 209 1202 180 805 208 3004 191 335 192 173 148 745 2814 147 155 486 663 382 3036 149 165 356 18529 279 238 516 7819 365 418 893 1414 559 2796
leaf_count=176 592 223 158 146 1253 209 1202 180 805 208 3004 191 335 192 173 148 745 2814 147 155 486 663 382 3036 149 165 356 18529 279 238 516 7819 365 418 893 1414 559 2796
internal_value=0.0219687 0.020108 0.060619 0.464367 -0.00440564 0.0492999 -0.0863215 0.00791885 -0.0129561 0.00755472 0.0786233 0.0707668 0.153779 0.695626 1.16814 0.0768301 0.26962 0.00653457 0.0968088 0.409418 0.160719 0.244289 -0.204131 0.0383731 -0.128343 -0.0766972 0.00198514 0.0105922 -0.0122992 -0.190802 -0.237433 0.045847 0.119871 0.0152829 0.023938 0.196368 -0.0348651 -0.082196
internal_weight=52119 51943 19582 534 32361 19048 2603 30354 23435 19898 6919 16445 4616 574 365 4042 1080 2962 1019 302 3636 2257 1584 11829 3537 388 19690 18885 3283 2007 1769 11638 3401 8237 1379 2077 717 2945
internal_count=52119 51943 19582 534 32361 19048 2603 30354 23435 19898 6919 16445 4616 574 365 4042 1080 2962 1019 302 3636 2257 1584 11829 3537 388 19690 18885 3283 2007 1769 11638 3401 8237 1379 2077 717 2945
is_linear=0
shrinkage=0.03


Tree=96
num_leaves=39
num_cat=0
split_feature=195 189 191 208 175 194 202 80 203 199 183 35 202 96 199 167 208 208 208 208 198 191 132 165 56 155 198 198 114 204 204 203 138 200 194 34 194 197
split_gain=55156.1 55018.3 105509 152400 46632.5 72833.7 236761 67180.5 105125 245050 87811.3 190735 48652.6 48824.6 69458.8 49432.1 35841.9 69976.5 46682.8 46494.7 35609.1 32203.1 31449.8 28760.8 22676.8 20088.2 19445.8 42383.6 166034 17288.8 17098.5 16729.7 13705.9 13330.5 11004.9 7585.92 7261.39 6278.16
threshold=1.0000000180025095e-35 192.01104736328128 28.30030727386475 -0.57077232003211964 1.0099999606609347 13.500000000000002 -0.97988739609718312 15.72499990463257 -0.95368063449859608 173.50000000000003 32.913856506347663 285.91514587402349 0.99901017546653759 45.734956741333015 169.50000000000003 0.14500000327825549 0.17435361444950107 0.089118976145982756 0.11478523537516595 0.274878740310669 7.1499998569488534 12.050000190734865 -41.864688873291009 3.7012257575988774 76.254440307617202 176.34999847412112 3.0499999523162846 4.3500001430511483 -745.89569091796864 11.000000000000002 11.000000000000002 -0.23343648016452787 69.14166641235353 25.650000572204593 67.500000000000014 263.23912048339849 71.500000000000014 983.25000000000011
decision_type=2 10 10 2 2 2 2 2 2 2 8 10 2 10 2 2 2 2 2 2 2 8 8 2 10 2 2 2 8 2 2 2 8 2 2 8 2 2
left_child=1 4 3 -3 16 6 -6 8 9 -7 11 -10 13 15 -15 -9 17 26 -19 34 31 -12 36 32 33 -8 29 28 -28 -1 -29 -20 35 -24 -18 -21 37 -2
right_child=22 2 -4 -5 5 7 25 12 10 -11 21 -13 -14 14 -16 -17 19 18 20 23 -22 -23 24 -25 -26 -27 27 30 -30 -31 -32 -33 -34 -35 -36 -37 -38 -39
leaf_value=-0.30614241405395498 -0.27528988054108589 0.073511206598055184 -0.17109117732543469 1.3390307636582661 1.2013148699253748 1.531332897962038 0.15912634839708756 -0.058902692129050312 0.15467802559979033 -0.043925623140833633 0.49245073598058076 1.3628434286680104 0.40506773415261277 -0.22756208106392078 0.019774215893062396 0.055485805385305204 -0.35531835016866331 0.62716495784928306 0.20600455347493948 0.0064374174991059206 0.50968838241505843 0.049694292499791883 -0.048024443034078788 -0.42583912237370569 -0.37267489287889299 -0.30032551071481467 1.1250888847224858 -0.062933914580941108 -0.0025204101184604336 0.04341212948151036 0.017365100825274721 -0.16437915758458227 0.23435385262232819 0.24592979246587118 -0.17029044998943027 -0.13529845561806572 -0.15375452772314402 -0.5250825283791889
leaf_weight=367 231 187 235 158 203 152 158 4400 558 214 151 149 283 1752 2452 14961 544 237 191 1650 164 7059 2500 152 188 187 145 4552 620 195 5017 258 205 147 618 428 211 149
leaf_count=367 231 187 235 158 203 152 158 4400 558 214 151 149 283 1752 2452 14961 544 237 191 1650 164 7059 2500 152 188 187 145 4552 620 195 5017 258 205 147 618 428 211 149
internal_value=0.020528 0.028729 0.319165 0.653104 0.0252211 0.0454777 0.38842 0.0396286 0.113235 0.610301 0.0902546 0.409314 0.0140634 0.00936756 -0.0833024 0.0294897 -0.0179233 0.00745061 0.269615 -0.100781 0.13137 0.0589677 -0.0958128 -0.0262724 -0.0543116 -0.0899101 -0.0130011 -0.0036548 0.21122 -0.184856 -0.0208333 -0.00681985 0.000331811 -0.0316989 -0.256915 -0.0227558 -0.294887 -0.373246
internal_weight=52028 48602 580 345 48022 32679 548 32131 8283 366 7917 707 23848 23565 4204 19361 15343 11746 850 3597 613 7210 3426 2435 2835 345 10896 10334 765 562 9569 449 2283 2647 1162 2078 591 380
internal_count=52028 48602 580 345 48022 32679 548 32131 8283 366 7917 707 23848 23565 4204 19361 15343 11746 850 3597 613 7210 3426 2435 2835 345 10896 10334 765 562 9569 449 2283 2647 1162 2078 591 380
is_linear=0
shrinkage=0.03


Tree=97
num_leaves=39
num_cat=0
split_feature=195 157 202 201 201 193 173 202 208 201 193 200 200 191 197 191 184 197 188 96 201 201 208 96 200 36 104 197 200 193 96 197 200 193 201 203 57 208
split_gain=50255.1 55673.7 255200 84763 249902 71647.5 43028.8 68530.3 242342 98642.4 136379 455636 145120 56296.1 64848.1 54378.8 37770.9 34091.4 31169.9 30804.7 25080.6 26160.2 47154.4 32583.8 19635.4 18411 14637.6 14359.8 12847.3 12098.3 11840.8 9749.21 8718.77 7557.46 6799.63 4427.66 4310.66 3046.75
threshold=1.0000000180025095e-35 473.38500976562506 0.30069434642791754 722.50000000000011 457.50000000000006 28.44999980926514 0.19500000029802325 -0.99901017546653736 -0.29342786967754358 3067.5000000000005 34.850000381469734 8.5500001907348651 14.949999809265138 16.707979202270511 978.95001220703136 18.250000000000004 0.26849193871021276 977.75000000000011 0.15890356898307803 40.42597961425782 17.500000000000004 3502.5000000000005 -0.72102889418601979 23.611240386962894 25.849999427795414 116.24994277954103 -18.221212387084957 979.95001220703136 6.1499998569488534 23.550000190734867 40.608007431030281 981.85000610351574 20.349999427795414 31.550000190734867 237.50000000000003 0.21643137186765674 24.157660484313968 -0.99983122944831837
decision_type=2 2 2 2 2 2 2 2 2 2 2 2 2 8 2 8 8 2 10 10 2 2 2 10 2 10 8 2 2 2 10 2 2 2 2 2 10 2
left_child=1 6 -3 4 5 30 16 8 -8 10 13 -12 -13 14 -9 -15 33 -11 -10 24 -18 23 -23 26 27 -25 -22 37 -29 36 -4 -5 35 -1 -30 -19 -20 -2
right_child=19 2 3 31 -6 -7 7 9 18 17 11 12 -14 15 -16 -17 20 32 29 -21 21 22 -24 25 -26 -27 -28 28 34 -31 -32 -33 -34 -35 -36 -37 -38 -39
leaf_value=-0.34951232216983935 -0.14563456961348475 1.1782744616181768 -0.019253514539813152 -0.12066130883293739 1.3641469023764232 0.5147371898559836 1.3572692036494332 -0.6371311078868559 0.39679289590532635 -0.65651970750591593 1.5227366666956905 -0.19378507669459194 0.43069604793273775 0.29402627227443295 -0.069279673078118609 0.031426785630356328 0.34732666789094585 -0.39057657509686577 -0.088937006310449623 -0.38985899039545402 0.10724274858161746 -0.070570511479040712 0.52085610455213194 0.021206593219681984 0.2570321040121743 -0.13468423707708266 -0.0092610443357069756 -0.43602826512982906 -0.0020487357249805676 -0.27848839885946103 -0.33638182589683296 -0.37902517316687867 -0.046554088431794781 -0.10452878552889629 -0.19668599359265787 -0.17457702467565808 0.11489000286926383 -0.026138017875878231
leaf_weight=362 214 210 174 281 147 168 160 201 194 187 238 715 630 728 1818 28245 171 176 148 284 1137 269 221 885 163 2970 6631 150 244 147 271 247 229 165 478 166 253 1870
leaf_count=362 214 210 174 281 147 168 160 201 194 187 238 715 630 728 1818 28245 171 176 148 284 1137 269 221 885 163 2970 6631 150 244 147 271 247 229 165 478 166 253 1870
internal_value=0.020704 0.0285166 0.208562 0.0504493 0.253299 -0.013103 0.0227837 0.0403345 0.298358 0.0333522 0.0412246 0.312828 0.0987235 0.0273517 -0.125815 0.0380252 -0.0241174 -0.304962 0.0700065 -0.0907426 -0.0134478 -0.0185412 0.196179 -0.0275935 -0.0635054 -0.098896 0.00779164 -0.0811814 -0.1834 -0.0456847 -0.212385 -0.24153 -0.189819 -0.272814 -0.13091 -0.285743 0.0396608 -0.0384096
internal_weight=51947 48544 1498 1288 760 613 47046 34235 902 33333 32575 1583 1345 30992 2019 28973 12811 758 742 3403 12284 12113 490 11623 3119 3855 7768 2956 872 548 445 528 571 527 722 342 401 2084
internal_count=51947 48544 1498 1288 760 613 47046 34235 902 33333 32575 1583 1345 30992 2019 28973 12811 758 742 3403 12284 12113 490 11623 3119 3855 7768 2956 872 548 445 528 571 527 722 342 401 2084
is_linear=0
shrinkage=0.03


Tree=98
num_leaves=39
num_cat=0
split_feature=207 197 202 196 198 206 193 194 197 202 193 193 198 208 196 193 207 36 207 198 36 206 207 197 196 196 196 202 198 197 199 207 208 208 193 94 206 199
split_gain=48640 123110 306540 283558 441484 981286 217962 384282 129555 185118 369859 141081 449133 181727 306363 124846 109295 99011.6 197347 135765 90205.6 140784 376989 84807 83821.6 62161.2 85083.1 54733.5 48210.2 48033.4 42488.9 60625.4 41935.3 66145.6 41220.9 35157.7 39817.5 33777.4
threshold=0.72102680802345287 978.14999389648449 -0.97988739609718312 1.5000000000000002 8.2500000000000018 0.25000000000000011 35.250000000000007 23.500000000000004 980.35000610351574 -0.9366365075111388 30.050000190734867 34.149999618530281 7.2500000000000009 0.10623887926340105 1.0000000180025095e-35 27.550000190734867 0.88621068000793468 281.72222900390631 0.8431384563446046 10.250000000000002 154.35388183593753 1.0000000180025095e-35 0.9937499761581422 975.35000610351574 1.0000000180025095e-35 28.500000000000004 24.500000000000004 0.7933231294155122 13.34999990463257 979.25000000000011 72.500000000000014 -0.80860772728919972 0.96462664008140575 0.9889926314353944 39.45000076293946 36.235736846923835 0.93301269412040722 23.500000000000004
decision_type=2 2 2 2 2 2 2 2 2 2 2 2 2 2 2 2 2 10 2 2 10 2 2 2 2 2 2 2 2 2 2 2 2 2 2 10 2 2
left_child=30 2 -2 4 15 -6 -5 23 9 10 -3 17 -13 -14 -15 -4 -17 20 19 24 21 -10 -23 -8 -19 26 -22 29 -27 -11 31 37 35 -34 -25 -32 -37 -1
right_child=1 8 3 6 5 -7 7 -9 11 27 -12 12 13 14 -16 16 -18 18 -20 -21 25 22 -24 34 -26 28 -28 -29 -30 -31 32 -33 33 -35 -36 36 -38 -39
leaf_value=0.011840559742363225 1.1975187524015583 1.3395836002607604 -0.61938547013288447 -0.32957062970243495 -0.33277310659028481 3.0052025296667964 -0.6300746559975019 1.5006388871754157 -0.059219300163723544 -0.56439440003747621 -0.17330649572418269 1.8741702975144259 -0.22347870839708242 -0.35492461853905283 1.2789168596285612 0.88738305832672915 -0.067682782888698431 0.86966040989736693 1.1132400497038935 -0.25957430990805463 0.0091059435868683369 0.1588518103851973 1.7267470613319911 -0.15211517933514343 0.19590979449759985 -0.14544039214195534 0.63810484913534304 -0.097472192988700357 0.25494045031995938 -0.19197418192702598 -0.015115311564528158 -0.050605066777393126 0.31303610355608624 -0.025359664910658122 0.55833583817714605 -0.084375896836686046 -0.42294616677165975 0.29347198953173442
leaf_weight=546 269 201 164 1156 147 172 174 188 851 836 526 156 544 176 250 192 246 191 202 577 8588 653 175 146 1279 3872 198 697 291 497 18842 1440 847 1346 148 3529 343 1286
leaf_count=546 269 201 164 1156 147 172 174 188 851 836 526 156 544 176 250 192 246 191 202 577 8588 653 175 146 1279 3872 198 697 291 497 18842 1440 847 1346 148 3529 343 1286
internal_value=0.0200713 0.0516857 0.231256 0.136146 0.564763 1.46705 -0.0817119 0.355061 0.0257188 -0.16579 0.244987 0.0550467 0.380178 0.139891 0.603909 0.0866257 0.350985 0.0333544 0.218671 0.130389 0.00486255 0.211751 0.490247 -0.105148 0.283457 -0.0219633 0.0232817 -0.312901 -0.117453 -0.425543 -0.00658752 0.0950489 -0.0199394 0.105339 0.205532 -0.0320349 -0.114369 0.209537
internal_weight=51941 23762 3002 2733 921 319 1812 656 20760 2757 727 18003 1126 970 426 602 438 16877 2249 2047 14628 1679 828 468 1470 12949 8786 2030 4163 1333 28179 3272 24907 2193 294 22714 3872 1832
internal_count=51941 23762 3002 2733 921 319 1812 656 20760 2757 727 18003 1126 970 426 602 438 16877 2249 2047 14628 1679 828 468 1470 12949 8786 2030 4163 1333 28179 3272 24907 2193 294 22714 3872 1832
is_linear=0
shrinkage=0.03


Tree=99
num_leaves=39
num_cat=0
split_feature=166 95 205 193 200 200 197 196 201 201 201 204 131 200 201 202 193 96 206 184 141 209 95 35 193 200 202 196 94 201 193 201 56 202 193 105 80 131
split_gain=49808.3 77736.9 170829 78535.6 320169 552934 160719 157598 96130.7 72940.5 95586.6 64882 152207 159383 90038.8 126184 108774 82281.2 52276.5 44388.4 37154.1 60125.6 48274.1 33451.7 32774.3 30857.4 24001.6 23501.3 20267.3 20651.7 17476.7 16434.1 36099.1 20157.2 19531.8 36627 14526.2 13417
threshold=1.5000000000000002 11.427103996276857 0.68301269412040722 34.149999618530281 8.5500001907348651 6.8500001430511483 984.64999389648449 99.500000000000014 3890.0000000000005 707.50000000000011 682.50000000000011 7.0000000000000009 -62.278139114379876 13.550000190734865 97.500000000000014 0.99901017546653759 27.349999427795414 24.472360610961918 -0.93301269412040699 1.9466134905815127 3.6114649772644047 2.5000000000000004 56.620786666870124 328.66044616699224 23.650000572204593 18.44999980926514 0.76037701964378368 58.500000000000007 23.713723182678226 837.50000000000011 28.050000190734867 3502.5000000000005 27.614138603210453 -0.73724925518035878 27.849999427795414 -77.080539703369126 31.612500190734867 -81.121398925781236
decision_type=2 10 2 2 2 2 2 2 2 2 2 2 8 2 2 2 2 10 2 8 10 2 10 10 2 2 2 2 10 2 2 2 10 2 2 10 2 8
left_child=23 2 19 9 5 -5 7 8 18 10 11 12 13 -3 16 -16 -13 -14 -6 24 21 28 30 31 -2 36 -27 -26 -11 -30 -23 33 -33 -1 37 -36 -22 -35
right_child=1 3 -4 4 6 -7 -8 -9 -10 20 -12 14 17 -15 15 -17 -18 -19 -20 -21 25 22 -24 -25 27 26 -28 -29 29 -31 -32 32 -34 34 35 -37 -38 -39
leaf_value=-0.08120330056816466 -0.31855350795026416 -0.21255367353303978 1.0516848142386954 -0.2271568910070921 0.11937666890061142 1.8971757609865048 0.77997431659592631 0.80635808338257364 0.65374157932039856 -0.057408333424867404 0.78290830265989209 0.12446877256304896 0.021202590394699846 0.36915931754080822 0.010437607384031657 0.77878114109285868 0.53180754540135866 -0.15048954997966454 -0.22673161407505002 0.57122385129012565 -0.19804826755222577 -0.13029363706637886 0.58790408117133086 -0.46623966004811923 0.34327887759950776 0.32875827113491252 -0.13026832743232805 -0.053945309943771606 0.064345624276343022 -0.284662341737691 0.06730606599721986 0.53935312050129824 -0.014831247857964811 -0.26759716963893082 0.025379686521505743 0.46881364139992798 -0.42096722215118065 -0.037007653649904847
leaf_weight=4661 201 580 212 204 520 240 248 191 146 1310 155 4734 4989 1575 10361 196 674 5060 1605 152 956 484 149 157 250 156 299 289 181 972 2402 146 384 246 3527 176 363 2955
leaf_count=4661 201 580 212 204 520 240 248 191 146 1310 155 4734 4989 1575 10361 196 674 5060 1605 152 956 484 149 157 250 156 299 289 181 972 2402 146 384 246 3527 176 363 2955
internal_value=0.0217385 0.0380013 0.286228 0.0309292 0.174408 0.921146 0.0520613 -0.0212647 -0.0908742 0.0182162 0.039976 0.0358877 -0.0161875 0.212596 0.0756951 0.0247033 0.175236 -0.06525 -0.142037 0.104294 -0.0665368 -0.0280179 0.0613539 -0.0311621 0.00837722 -0.185914 0.0271149 0.130298 -0.138145 -0.229874 0.0341669 -0.0255141 0.137837 -0.0330003 -0.00045756 0.0464569 -0.2594 -0.0547295
internal_weight=52106 39854 1104 38750 3154 444 2710 2462 2271 35596 28324 28169 12204 2155 15965 10557 5408 10049 2125 892 7272 5498 3035 12252 740 1774 455 539 2463 1153 2886 12095 530 11565 6904 3703 1319 3201
internal_count=52106 39854 1104 38750 3154 444 2710 2462 2271 35596 28324 28169 12204 2155 15965 10557 5408 10049 2125 892 7272 5498 3035 12252 740 1774 455 539 2463 1153 2886 12095 530 11565 6904 3703 1319 3201
is_linear=0
shrinkage=0.03


Tree=100
num_leaves=39
num_cat=0
split_feature=199 183 185 207 183 123 199 193 189 96 207 207 198 183 204 201 201 167 199 132 207 16 194 194 198 198 185 141 123 199 183 185 96 15 132 206 193 96
split_gain=53227.6 46837.6 77138.2 71302 172132 338572 81574.1 78570.7 72681.5 78027.6 182952 60628.2 171422 57773.9 40343.3 56783.9 52012.4 41941.4 84084 103358 53639.6 38849.9 38489.2 37351.5 39244.5 47580.1 31551.9 38469.6 29777.1 28666.2 44394 27531.4 25901.4 24499.5 23039.6 22699.5 21978.7 20923.4
threshold=3.5000000000000004 84.023174285888686 256.84158325195318 0.86113432049751293 98.346946716308608 26.086793899536136 303.50000000000006 28.150000572204593 174.50000000000003 13.225347995758058 0.9937499761581422 0.87397152185440075 8.8499999046325701 124.86257553100587 17.000000000000004 52.500000000000007 152.50000000000003 0.31499999761581426 153.50000000000003 -58.105518341064446 -0.96463498473167408 71.44187164306642 66.500000000000014 79.500000000000014 2.6499999761581425 6.2500000000000009 612.78900146484386 19.526912689208988 27.464885711669925 75.500000000000014 260.81130981445318 457.55204772949224 40.014425277709968 181.29861450195315 -49.930883407592766 1.0000000180025095e-35 20.250000000000004 23.718650817871097
decision_type=2 10 10 2 10 10 2 2 10 10 2 2 2 10 2 2 2 2 2 8 2 10 2 2 2 2 10 10 10 2 10 10 10 8 8 2 2 10
left_child=-1 2 14 29 5 6 7 21 9 10 -6 12 -11 -13 15 22 23 28 20 -20 -19 -5 -2 24 -16 -26 27 -4 37 30 -3 -9 33 -31 -18 -34 -25 -17
right_child=1 3 26 4 8 -7 -8 31 -10 11 -12 13 -14 -15 16 17 34 18 19 -21 -22 -23 -24 36 25 -27 -28 -29 -30 32 -32 -33 35 -35 -36 -37 -38 -39
leaf_value=0.5393722544448718 -0.34122067214746926 0.07121756910036503 -0.14809956292475981 0.78114926096389226 -0.069454920675868878 1.5926213588028226 0.78667000670795906 0.086604603156190424 0.67596645529372312 -0.29064025778960384 1.19634241846022 -0.12091208786991341 0.75845126129044871 0.068202023952488783 0.52224993792335672 -0.018153136226857883 -0.29806363896079263 0.28943292033349571 0.44800034835376817 0.066271827058084085 -0.12986711768253623 0.1187480920916644 -0.076926519252073097 -0.29191935408340225 -0.017040284930505516 0.21804628137778362 0.14701347637183657 -0.47432324426498523 0.3446185793456914 -0.010460006968858755 0.62273689780272823 -0.41648020895319005 -0.0035854236378476058 0.17840129535967544 -0.0087147202133887602 -0.28383369180818463 0.052239386751653183 -0.12140210166000411
leaf_weight=177 596 893 1327 150 251 198 184 171 173 239 174 2201 339 4283 263 6512 282 306 701 7145 2674 170 2953 251 1142 2410 228 431 179 7991 154 229 485 670 2034 561 499 2424
leaf_count=177 596 893 1327 150 251 198 184 171 173 239 174 2201 339 4283 263 6512 282 306 701 7145 2674 170 2953 251 1142 2410 228 431 179 7991 154 229 485 670 2034 561 499 2424
internal_value=0.0200321 0.0182599 -0.00387912 0.0549659 0.118493 0.469061 0.222958 0.0788888 0.0680583 0.0540106 0.448791 0.0302516 0.324659 0.00400692 0.00796581 -0.010748 0.0718499 0.0089296 0.0488517 0.100378 -0.0868106 0.429264 -0.121312 0.130599 0.168647 0.142464 -0.185018 -0.22808 -0.0384863 0.00320597 0.152344 -0.201413 -0.0128802 0.00415011 -0.0439476 -0.153892 -0.0629408 -0.0461608
internal_weight=52050 51873 32357 19516 8762 1102 904 720 7660 7487 425 7062 578 6484 30371 23490 6881 19941 10826 7846 2980 320 3549 4565 3815 3552 1986 1758 9115 10754 1047 400 9707 8661 2316 1046 750 8936
internal_count=52050 51873 32357 19516 8762 1102 904 720 7660 7487 425 7062 578 6484 30371 23490 6881 19941 10826 7846 2980 320 3549 4565 3815 3552 1986 1758 9115 10754 1047 400 9707 8661 2316 1046 750 8936
is_linear=0
shrinkage=0.03


Tree=101
num_leaves=39
num_cat=0
split_feature=199 200 183 203 200 194 189 197 208 203 197 204 194 189 190 163 194 203 208 197 95 194 187 191 192 16 95 141 204 189 95 114 203 197 75 205 141 199
split_gain=54485.7 46345.5 50835.9 90590.8 417203 65680.1 59344.5 222814 333035 61833.5 83666.6 53338.6 52731.3 80453 66073.7 51713.3 51563.7 127467 50555.1 79098 49089.2 51322.5 46049.7 43163.1 41574.9 36857 30496.1 30298 25566.3 24598 24474.5 24029.7 20285.6 27293 18284.3 16797.5 14959.8 9573.75
threshold=3.5000000000000004 30.849999427795414 84.023174285888686 -0.95368063449859608 14.750000000000002 23.500000000000004 114.49506759643556 977.14999389648449 -0.49812626838684076 0.53727915883064281 982.45001220703136 7.0000000000000009 25.500000000000004 38.059404373168952 0.24390512704849246 9.7249999046325701 36.500000000000007 0.0087262028828263612 -0.39827153086662287 978.14999389648449 26.221825599670414 62.500000000000007 22.409250259399418 23.550000190734867 1.7395005226135256 107.54410552978517 35.996238708496101 19.013142585754398 3.0000000000000004 39.531398773193366 20.219002723693851 -674.00042724609364 0.095842104405164733 977.75000000000011 35.641132354736335 1.0000000180025095e-35 20.661619186401371 302.50000000000006
decision_type=2 2 10 2 2 2 10 2 2 2 2 2 2 10 10 2 2 2 2 2 10 2 10 10 10 10 10 10 2 8 10 10 2 2 10 2 8 2
left_child=-1 2 5 4 25 30 18 8 34 24 -11 16 13 -13 15 -14 17 -7 23 -20 29 -22 -21 27 -9 -4 -16 -5 -25 -18 -2 -19 36 -34 -8 -3 -32 -35
right_child=1 35 3 6 -6 11 7 9 -10 10 -12 12 14 -15 26 -17 20 31 19 22 21 -23 -24 28 -26 -27 -28 -29 -30 -31 32 -33 33 37 -36 -37 -38 -39
leaf_value=0.54147648287627481 0.18307567217255438 -0.51714230393450478 -0.30635959238989408 -0.087636859384268087 1.8033741267846672 0.85243372846184606 -0.060620281704926345 -0.068634913578450751 1.4580500054261045 -0.098195942860305432 0.48555044959641785 0.87985318629294385 -0.013366923416826867 0.0050413412027608857 -0.032012089110276518 0.10723071298209297 0.07474405334001652 -0.394864538652418 0.70438634053740723 0.20895309846157645 -0.37095558694334041 -0.094802125147305488 0.01893598942774255 0.21949339520055411 0.44463199250521257 0.30037137533007197 -0.25788622043435616 -0.37288381838000795 -0.046046198066131028 -0.05713108219171513 -0.18662295980120677 0.13967932065604796 0.22008147200484604 -0.12400088600436532 0.35555437941683515 -0.11660121886735676 -0.5273485178214774 -0.32563629713636333
leaf_weight=179 145 186 238 769 147 192 248 2164 272 365 560 166 4999 220 5702 8893 2033 156 164 1297 745 3239 9981 403 152 145 594 594 1715 3405 198 147 153 470 154 191 280 386
leaf_count=179 145 186 238 769 147 192 248 2164 272 365 560 166 4999 220 5702 8893 2033 156 164 1297 745 3239 9981 403 152 145 594 594 1715 3405 198 147 153 470 154 191 280 386
internal_value=0.0189881 0.0171849 0.0196114 0.0580004 0.444809 -0.00353451 0.0471174 0.151075 0.647361 0.0478652 0.255208 0.0063899 0.0339377 0.381269 0.0272965 0.063834 -0.0507613 0.247686 0.0198444 0.0503007 -0.066441 -0.146443 0.0407887 -0.0802647 -0.0349472 -0.0766545 -0.0533227 -0.21195 0.0044796 -0.00782936 -0.188954 -0.135534 -0.225232 -0.148964 0.0988134 -0.314225 -0.386218 -0.214928
internal_weight=52047 51868 51491 19368 530 32123 18838 3915 674 3241 925 30491 20574 386 20188 13892 9917 495 14923 11442 9422 3984 11278 3481 2316 383 6296 1363 2118 5438 1632 303 1487 1009 402 377 478 856
internal_count=52047 51868 51491 19368 530 32123 18838 3915 674 3241 925 30491 20574 386 20188 13892 9917 495 14923 11442 9422 3984 11278 3481 2316 383 6296 1363 2118 5438 1632 303 1487 1009 402 377 478 856
is_linear=0
shrinkage=0.03


Tree=102
num_leaves=26
num_cat=0
split_feature=195 75 189 191 204 198 185 198 95 80 175 96 172 95 206 191 198 195 154 75 196 121 196 198 197
split_gain=46727.5 59934.4 56451.9 107249 151477 40675.6 41159.7 109611 36547.8 41891.5 41531.9 29872.5 28972.3 15374.8 10921.6 8115.19 7877.15 15635.1 7216.76 2417.02 2254.03 2114.71 1595.59 1423.99 1150.17
threshold=1.0000000180025095e-35 83.150279998779311 192.01104736328128 28.30030727386475 13.000000000000002 19.44999980926514 2063.799926757813 12.550000190734865 80.888408660888686 54.850000381469734 1.0099999606609347 29.751220703125004 1.5349999666213991 36.737436294555671 -0.68301269412040699 14.250000000000002 13.34999990463257 1.3499999642372134 1.5000000000000002 38.655597686767585 98.500000000000014 27.262500762939457 53.500000000000007 11.84999990463257 973.25000000000011
decision_type=2 10 10 10 2 2 10 2 8 2 2 8 2 10 2 10 2 2 2 8 2 8 2 2 2
left_child=1 2 5 4 -4 6 8 -8 9 10 -1 -7 16 -11 -14 -9 18 20 21 -16 -18 -2 -23 24 -24
right_child=12 -3 3 -5 -6 11 7 15 -10 13 -12 -13 14 -15 19 -17 17 -19 -20 -21 -22 22 23 -25 -26
leaf_value=-0.015796214960960928 -0.1445537779987113 0.55296029859507712 -0.030851317880706056 -0.18061806213503373 1.2183411867002838 -0.012458609558721748 0.74108656436746245 0.043134733000239199 0.48647467452134091 0.0021337601646936543 0.046459503018131197 -0.57055677935750526 -0.41881556923566859 -0.12811619505938174 -0.22200243714919121 -0.26154196062314611 0.024505008634891582 0.32202873827143846 -0.23043111409613284 -0.071632237450288933 -0.11865122315138649 0.038160730078434416 -0.067319704019467838 -0.13772419975892433 -0.012554284896307485
leaf_weight=14508 201 193 161 235 191 165 253 172 150 1269 28767 181 256 2283 286 145 217 146 229 145 182 199 759 157 633
leaf_count=14508 201 193 161 235 191 165 253 172 150 1269 28767 181 256 2283 286 145 217 146 229 145 182 199 759 157 633
internal_value=0.0178359 0.0253572 0.0232567 0.315667 0.646991 0.0196727 0.0220312 0.275426 0.0189566 0.0174589 0.0255882 -0.30442 -0.0895199 -0.0815826 -0.263612 -0.0962308 -0.0455966 0.0564053 -0.0711207 -0.171417 -0.0407946 -0.0524012 -0.0418037 -0.0520772 -0.0424161
internal_weight=52083 48673 48480 587 352 47893 47547 570 46977 46827 43275 346 3410 3552 687 317 2723 545 2178 431 399 1949 1748 1549 1392
internal_count=52083 48673 48480 587 352 47893 47547 570 46977 46827 43275 346 3410 3552 687 317 2723 545 2178 431 399 1949 1748 1549 1392
is_linear=0
shrinkage=0.03


Tree=103
num_leaves=39
num_cat=0
split_feature=199 76 33 80 175 185 189 183 206 189 189 79 199 186 122 94 154 182 201 197 96 171 197 199 2 189 157 201 201 163 114 197 201 206 201 199 197 192
split_gain=47000.3 43496.1 182504 48721.2 49027.6 79339.2 187400 91694.1 229684 61412.3 37968.8 34781.7 33824.7 29284.2 18330.4 17730.5 20796.1 28629.4 26496.3 17435.7 16055.9 18422.8 18297.8 19685.7 14176.4 13291.1 12460.2 9946.6 11083.8 15850.9 7873.13 9069.17 15839.4 7744.58 10105.4 7483.32 7418.01 7237.05
threshold=3.5000000000000004 68.643508911132827 209.69441986083987 54.850000381469734 1.235000014305115 552.25000000000011 182.50000000000003 99.266998291015639 -0.68301269412040699 29.03348541259766 98.500000000000014 1.3550298213958742 303.50000000000006 0.1356448978185654 18.804521560668949 36.572456359863288 2.5000000000000004 1.0000000180025095e-35 3502.5000000000005 992.95001220703136 42.396379470825202 0.60148617625236522 977.95001220703136 153.50000000000003 175.50000000000003 27.02048492431641 8.1100001335144061 832.50000000000011 47.500000000000007 135.08000183105472 -467.76113891601557 984.85000610351574 87.500000000000014 0.25000000000000011 112.50000000000001 114.50000000000001 982.25000000000011 0.66700556874275219
decision_type=2 10 8 2 2 10 10 10 2 10 10 8 2 10 10 8 2 2 2 2 10 2 2 2 10 8 2 2 2 2 10 2 2 2 2 2 2 8
left_child=-1 3 -3 4 14 10 7 8 -7 -9 11 12 -6 -12 15 16 18 -18 -2 -15 21 25 23 -22 36 -5 -13 28 35 -30 31 32 -16 34 -26 -23 -24 -27
right_child=1 2 -4 20 5 6 -8 9 -10 -11 13 26 -14 19 30 -17 17 -19 -20 -21 22 27 24 -25 33 37 -28 -29 29 -31 -32 -33 -34 -35 -36 -37 -38 -39
leaf_value=0.51503829810334623 -0.0085738304799833458 -0.32541125123740827 1.1129631532254289 -0.33597149190167469 0.027570087162017521 -0.19281974608201363 1.0107435581089679 0.6708382459258353 1.0677940454569799 0.049041826729269156 0.24196726235504026 -0.26356656054391076 0.11800359007541765 -0.15102508642697121 0.18508888750854635 -0.13892118865556669 0.34535521062554086 0.022786578593622698 0.35830611845492361 0.050203971417897994 -0.19755275402867556 0.1144667305466622 -0.45809534671527258 0.29423966307614169 0.13845240856767657 0.10914240705395989 -0.047907971035128782 -0.1321478810250101 0.36895908585710196 0.053088005809705047 -0.011189172556151082 -0.19284612988268177 -0.094110063354910081 -0.25281898341242032 -0.15920170598543057 -0.16255175335693622 -0.22140139922319108 -0.11620910935613463
leaf_weight=171 11216 165 153 222 15158 240 220 148 284 4187 230 274 4934 1994 201 772 378 718 180 481 146 146 244 147 158 156 2009 246 210 448 1363 698 2027 294 293 220 233 721
leaf_count=171 11216 165 153 222 15158 240 220 148 284 4187 230 274 4934 1994 201 772 378 718 180 481 146 146 244 147 158 156 2009 246 210 448 1363 698 2027 294 293 220 233 721
internal_value=0.0185057 0.0168701 0.366648 0.0147142 0.0230318 0.0462322 0.154358 0.115582 0.49042 0.0702719 0.0243353 0.0371696 0.0497779 -0.0818265 -0.0168303 0.000602707 0.00922535 0.13404 -0.00277863 -0.111917 -0.087461 -0.0386827 -0.163735 0.0491829 -0.214786 -0.128615 -0.0737919 0.039141 0.0802917 0.153902 -0.0707429 -0.0984842 -0.0689212 -0.133021 -0.0549222 -0.0520459 -0.342485 -0.0761226
internal_weight=52085 51914 318 51596 47712 30159 5079 4859 524 4335 25080 22375 20092 2705 17553 13264 12492 1096 11396 2475 3884 2369 1515 293 1222 1099 2283 1270 1024 658 4289 2926 2228 745 451 366 477 877
internal_count=52085 51914 318 51596 47712 30159 5079 4859 524 4335 25080 22375 20092 2705 17553 13264 12492 1096 11396 2475 3884 2369 1515 293 1222 1099 2283 1270 1024 658 4289 2926 2228 745 451 366 477 877
is_linear=0
shrinkage=0.03


Tree=104
num_leaves=37
num_cat=0
split_feature=195 189 157 75 183 76 202 202 193 185 194 123 96 206 157 105 55 96 208 205 202 209 204 194 206 193 102 193 123 194 123 208 208 96 193 47
split_gain=42037.5 48895.2 84393.9 45344.4 42254.2 36112.5 141263 120760 106259 141711 81924.4 54839 47423.3 42244.7 40934.5 46738.5 30015.9 29143 25643.4 21235.3 20071.8 15418.9 9646.73 8456.4 9447.6 8474.84 8006.36 7867.2 8285.14 7224.82 3240.76 3174.55 1913.35 1020.61 883.407 440.566
threshold=1.0000000180025095e-35 192.01104736328128 68.840000152587905 83.150279998779311 93.808002471923842 30.287128448486332 -0.99901017546653736 0.99687939882278453 29.650000572204593 939.69998168945324 26.500000000000004 5.3439161777496347 46.440156936645515 0.25000000000000011 1.4300000071525576 35.891706466674812 77.430603027343764 40.42597961425782 0.274878740310669 -0.93301269412040699 -0.47714059054851526 5.5000000000000009 3.0000000000000004 51.500000000000007 -0.25000000000000006 29.94999980926514 112.54582977294923 20.250000000000004 13.36410427093506 67.500000000000014 17.62862586975098 -0.99983122944831837 -0.57077232003211964 19.350912094116214 26.050000190734867 69.674999237060561
decision_type=2 10 2 10 10 8 2 2 2 10 2 8 10 2 2 10 10 10 2 2 2 2 2 2 2 2 10 2 8 2 8 2 2 10 2 8
left_child=1 3 4 5 -3 6 -1 8 9 -8 -10 18 14 16 20 -16 -14 19 26 -2 -13 27 -15 25 -25 -20 -7 30 -29 -28 -21 -23 33 34 -33 -35
right_child=17 2 -4 -5 -6 11 7 -9 10 -11 -12 12 13 22 15 -17 -18 -19 23 21 -22 31 -24 24 -26 -27 29 28 -30 -31 -32 32 -34 35 -36 -37
leaf_value=0.79068324962842296 0.27520193433675227 -0.24367543009895251 0.89660558851627192 0.47273445673589859 0.34973855678219479 -0.062298589276617633 0.072298201184267191 0.89112234040570781 0.068513098230391256 0.59073065241583322 -0.21580992838841331 -0.053775432599701307 0.34230104182657378 -0.3764188151718037 0.074779654043003699 -0.034514435959020359 -0.053062731608028109 -0.37403050560566481 -0.16790755044152172 -0.14697594519287205 0.025039081348889325 -0.1410643501069194 -0.1861254320577605 0.19625294326732273 -0.045242382909492944 0.061859025920264044 -0.39045883995134212 -0.13869503022569871 -0.38902569119576413 -0.19642771386996005 0.027127217585510777 -0.078489474746681206 0.068134347569675208 -0.044887700625278873 -0.0040209592528526825 -0.10522974894528117
leaf_weight=239 163 197 155 199 239 150 5217 152 1667 522 2014 6549 195 346 16325 4490 1519 287 767 275 5231 213 781 183 717 178 387 238 238 312 148 167 203 300 1013 171
leaf_count=239 163 197 155 199 239 150 5217 152 1667 522 2014 6549 195 346 16325 4490 1519 287 767 275 5231 213 781 183 717 178 387 238 238 312 148 167 203 300 1013 171
internal_value=0.0170278 0.0241594 0.29537 0.0208297 0.0816131 0.0189538 0.070284 0.0522958 0.0387597 0.119454 -0.0870497 0.00574631 0.0156663 -0.101887 0.0259123 0.0512038 -0.00808075 -0.0847067 -0.124737 -0.058168 -0.0187772 -0.0764896 -0.24455 -0.0619498 0.00386277 -0.124628 -0.26118 -0.180207 -0.263866 -0.303857 -0.0860602 -0.0313792 -0.0187769 -0.0294637 -0.014561 -0.0667978
internal_weight=52147 48731 591 48140 436 47941 9811 9572 9420 5739 3681 38130 35436 2841 32595 20815 1714 3416 2694 3129 11780 2966 1127 1845 900 945 849 899 476 699 423 2067 1854 1651 1180 471
internal_count=52147 48731 591 48140 436 47941 9811 9572 9420 5739 3681 38130 35436 2841 32595 20815 1714 3416 2694 3129 11780 2966 1127 1845 900 945 849 899 476 699 423 2067 1854 1651 1180 471
is_linear=0
shrinkage=0.03


Tree=105
num_leaves=39
num_cat=0
split_feature=199 80 207 208 15 201 183 183 199 201 193 199 36 198 207 207 36 207 199 207 94 199 206 201 208 208 96 207 198 198 205 80 102 206 201 183 79 205
split_gain=45416.9 44676.4 48907.8 130925 103020 89281.2 81714.2 113600 57810.9 44365.3 78518.7 44348.7 40740.5 58660.6 35672.6 31083.3 70021.3 24560.3 23844.7 50528.3 25504.5 21310.6 20407.9 34664.3 28291.8 39438.6 25139.5 19043.5 18679.9 28995.9 37793.4 26993.7 26978.6 15002.6 14083.6 13175 12719.8 10489.4
threshold=3.5000000000000004 52.868499755859382 0.8337649703025819 -0.52765738964080799 125.46180725097658 637.50000000000011 84.023174285888686 86.139732360839858 328.50000000000006 3140.0000000000005 35.250000000000007 333.50000000000006 284.62066650390631 4.7500000000000009 0.81428062915802013 0.80926549434661876 260.89511108398443 0.72102680802345287 75.500000000000014 -0.80860772728919972 37.238622665405281 266.50000000000006 1.0000000180025095e-35 232.50000000000003 0.38043944537639623 0.24164313822984698 33.58154487609864 0.82899317145347606 6.1499998569488534 9.7500000000000018 1.0000000180025095e-35 103.30000305175783 123.88124847412111 1.0000000180025095e-35 87.500000000000014 111.82231521606447 1.1957157254219057 0.25000000000000011
decision_type=2 2 2 2 10 2 10 10 2 2 2 2 10 2 2 2 10 2 2 2 10 2 2 2 2 2 10 2 2 2 2 2 10 2 2 8 10 2
left_child=-1 2 11 5 6 -4 9 -8 -9 10 -5 14 -13 -14 15 18 -17 33 19 -2 -20 28 23 -23 25 35 -24 -16 32 30 31 -30 -3 -15 -19 -25 -28 -31
right_child=1 21 3 4 -6 -7 7 8 -10 -11 -12 12 13 17 27 16 -18 34 20 -21 -22 22 26 24 -26 -27 36 -29 29 37 -32 -33 -34 -35 -36 -37 -38 -39
leaf_value=0.49142692542617128 0.19592644497403996 -0.16414928744448917 0.16628652779087646 -0.045281924942001651 0.77553368101534503 1.1192085984397715 0.75255444552095307 0.1120249100274497 -0.16854129062804896 -0.44498062907358821 0.40325934143397163 0.0042512813707964855 0.79472351584329981 0.17249264070355441 -0.27833131676584211 -0.064671712450363766 0.77452451636639963 0.21295268767240622 -0.0034950460677431101 -0.041214564175034475 -0.094972133881092852 0.36422949024870055 0.21827122296258172 0.12626207552992533 -0.21171668230863938 0.48453011784434996 -0.34913874358859986 -0.01678549504652984 0.049209264117553241 -0.35161247479086855 -0.18597939877330494 0.50720906928561049 -0.59874408879622387 -0.11834359772683592 0.59395307964161737 -0.24293045471201205 -0.072152940264712584 -0.053719306369059527
leaf_weight=181 1539 582 179 6020 176 175 238 7703 723 228 373 1228 155 424 657 224 149 213 21370 1704 3147 284 153 172 383 182 303 405 497 372 528 151 165 256 148 176 294 149
leaf_count=181 1539 582 179 6020 176 175 238 7703 723 228 373 1228 155 424 657 224 149 213 21370 1704 3147 284 153 172 383 182 303 405 497 372 528 151 165 256 148 176 294 149
internal_value=0.0170512 0.0153943 0.0238691 0.0669421 0.0538807 0.637382 0.0455707 0.106208 0.0879505 -0.033777 -0.0191111 0.00232511 0.125628 0.250252 -0.00791252 -0.00146948 0.270567 0.169176 -0.00512482 0.0713233 -0.0152371 -0.0761546 -0.00210767 0.0747733 -0.015268 0.126694 -0.12481 -0.178591 -0.135143 -0.080115 0.00242508 0.155941 -0.260151 0.0630007 0.369165 -0.0604564 -0.212738 -0.266422
internal_weight=52006 51825 47434 15815 15461 354 15285 8664 8426 6621 6393 31619 2424 1196 29195 28133 373 1041 27760 3243 24517 4391 1947 1197 913 530 750 1062 2444 1697 1176 648 747 680 361 348 597 521
internal_count=52006 51825 47434 15815 15461 354 15285 8664 8426 6621 6393 31619 2424 1196 29195 28133 373 1041 27760 3243 24517 4391 1947 1197 913 530 750 1062 2444 1697 1176 648 747 680 361 348 597 521
is_linear=0
shrinkage=0.03


Tree=106
num_leaves=39
num_cat=0
split_feature=207 197 203 194 193 196 198 207 197 193 198 208 196 75 196 203 208 203 197 194 194 197 196 204 207 198 204 198 197 197 193 206 209 207 193 208 93 193
split_gain=43503.9 116639 278075 201970 393936 236264 599556 159106 114707 119680 412265 152663 260135 110415 83579.5 243634 82374.6 231355 111724 81862.5 274692 75655.9 96932.9 57175.2 87156 69339.6 57170.2 56022.4 47986.6 45476.7 43160.9 42964.8 41795.3 41475.4 37176.1 55702.5 32777.9 30668.4
threshold=0.72102680802345287 978.14999389648449 -0.97625884413719166 31.500000000000004 33.149999618530281 69.500000000000014 16.050000190734867 0.87811094522476207 980.35000610351574 34.149999618530281 7.2500000000000009 0.10623887926340105 1.0000000180025095e-35 76.651638031005874 1.5000000000000002 -0.41467745602130884 -0.11692317575216292 -0.62249094247817982 982.45001220703136 32.500000000000007 36.500000000000007 990.14999389648449 93.500000000000014 5.0000000000000009 0.94138324260711681 9.3499999046325701 17.000000000000004 9.0500001907348651 987.35000610351574 976.45001220703136 26.750000000000004 -0.93301269412040699 9.5000000000000018 -0.92599865794181813 25.750000000000004 0.29958851635456091 50.54878234863282 31.94999980926514
decision_type=2 2 2 2 2 2 2 2 2 2 2 2 2 10 2 2 2 2 2 2 2 2 2 2 2 2 2 2 2 2 2 2 2 2 2 2 10 2
left_child=26 2 -2 4 -4 7 -7 -6 19 13 -11 -12 -13 16 15 -5 17 -10 -19 23 -21 28 -23 -3 27 -26 31 -25 -18 -9 -22 32 -1 34 -28 -36 -33 -16
right_child=1 8 3 14 5 6 -8 29 9 10 11 12 -14 -15 37 -17 21 18 -20 20 30 22 -24 24 25 -27 33 -29 -30 -31 -32 36 -34 -35 35 -37 -38 -39
leaf_value=0.0057464292226817116 1.4759745181493014 -0.58029612604269554 1.7723249909875674 -0.26310153328940517 0.60272506821682825 2.0921553791051251 -0.42679724720794887 -0.67593471892506829 1.3054501724216276 1.7632582049014867 -0.21897534620697823 -0.35008075136163375 1.1384352880990241 0.7939061504944801 -0.35646932229993139 1.1275294973927685 -1.6545528090689957e-05 -0.13152777275204811 0.31263480269704313 0.99155259559841236 -0.43377415999070179 0.11461463140886317 0.89766357565120414 -0.54542339181887578 0.70310891248746532 -0.12395170654210677 -0.020812413668818121 -0.016854701850186907 -0.15565750769568867 -0.12103331376323216 -0.008266642382760328 -0.038161870612202539 0.28214706980457954 0.029802401373987639 0.21829488024693675 0.85251603971840673 -0.18765904495453381 0.019327673060504223
leaf_weight=1719 151 453 169 322 250 179 162 193 156 159 544 178 260 168 701 175 11295 949 1101 219 386 929 168 525 145 246 414 275 2117 427 483 16868 690 6126 762 149 1432 271
leaf_count=1719 151 453 169 322 250 179 162 193 156 159 544 178 260 168 701 175 11295 949 1101 219 386 929 168 525 145 246 414 275 2117 427 483 16868 690 6126 762 149 1432 271
internal_value=0.0166811 0.0465807 0.221431 0.154934 0.415542 0.226185 0.895488 -0.0361573 0.0213083 0.0487657 0.346128 0.11666 0.533518 0.0286689 -0.0898857 0.226569 0.0209772 0.191774 0.10702 -0.159838 0.0420261 -0.00499145 0.234542 -0.293431 -0.184318 0.182767 -0.00854233 -0.363731 -0.0245836 -0.293777 -0.197275 -0.0341823 0.0849157 0.0627203 0.214911 0.322034 -0.0498603 -0.251695
internal_weight=51916 23756 3000 2849 1380 1211 341 870 20756 18024 1141 982 438 16883 1469 497 16715 2206 2050 2732 1088 14509 1097 1644 1191 391 28160 800 13412 620 869 20709 2409 7451 1325 911 18300 972
internal_count=51916 23756 3000 2849 1380 1211 341 870 20756 18024 1141 982 438 16883 1469 497 16715 2206 2050 2732 1088 14509 1097 1644 1191 391 28160 800 13412 620 869 20709 2409 7451 1325 911 18300 972
is_linear=0
shrinkage=0.03


Tree=107
num_leaves=39
num_cat=0
split_feature=203 203 75 162 203 56 205 189 190 188 80 207 207 201 204 151 196 95 201 196 205 207 201 203 204 105 189 198 198 75 196 198 204 209 203 190 123 198
split_gain=38887.8 75599.1 74969.2 62802.6 129929 232729 77400.9 79289.6 92158.2 60527.6 56446.9 51890.1 263711 452916 49076.6 82357.3 359328 75051.1 47633.9 36315.3 38013.3 34034.1 106234 149036 121938 219349 100789 79906.6 33819.9 32607.6 28197.1 22706.2 24760.1 20979.6 19269.5 14647.8 14626.9 13472.8
threshold=-0.043617725372314446 -0.026175950653851029 76.651638031005874 5.8864586353302011 0.04361772537231446 104.03590011596681 -0.93301269412040699 163.50000000000003 0.55604514479637157 0.69822472333908092 46.260000228881843 0.9937499761581422 0.99628883600234996 512.50000000000011 7.0000000000000009 47.439998626708991 20.500000000000004 33.749641418457038 302.50000000000006 79.500000000000014 0.68301269412040722 0.79904097318649303 1372.5000000000002 -0.98897820711135853 1.0000000180025095e-35 -49.274692535400384 185.50000000000003 6.9500000476837167 6.1499998569488534 36.338659286499031 16.500000000000004 5.4500000476837167 13.000000000000002 4.5000000000000009 0.97233289480209362 1.105545222759247 27.861321449279789 9.2500000000000018
decision_type=2 2 10 2 2 8 2 10 10 10 2 2 2 2 2 2 2 10 2 2 2 2 2 2 2 8 8 2 2 10 2 2 2 2 2 8 10 2
left_child=10 -2 3 11 5 -5 9 8 -8 29 21 14 13 -13 17 18 -17 34 -16 20 -14 30 23 -23 25 -25 27 -26 -19 -6 31 32 35 -34 -3 -1 -24 -21
right_child=1 2 -4 4 6 -7 7 -9 -10 -11 -12 12 19 -15 15 16 -18 28 -20 37 -22 22 36 24 26 -27 -28 -29 -30 -31 -32 -33 33 -35 -36 -37 -38 -39
leaf_value=0.09489208952278283 0.58893982247024435 -0.03586171598197576 0.53843863078214282 1.5880966204118483 0.90177733267870874 -0.027838569948951206 0.086797527473210956 0.72269187008009805 -0.23973457640174295 -0.081523028488016749 -0.16728911248287004 2.0765958616906786 0.25914785408885255 -0.097637023484138732 0.080737162135614868 1.536808612785741 -0.52945105914715385 -0.45546150369115057 -0.02004715723168303 -0.31362711821903233 -0.26780767819293627 0.80407950498601066 -0.18532418747149759 1.4922984187015604 0.10985250530879745 -0.018636310471048322 0.71161360449034972 -0.16434343151835065 -0.15325431034818601 0.38478398171698186 0.009897260330224247 -0.13871628863038654 -0.014938345329481338 0.36697092034248169 0.17223978774849441 -0.14548439228865279 -0.47545430632116026 0.012275375026343977
leaf_weight=317 220 5181 260 146 160 178 3658 148 988 189 2068 160 462 187 6501 153 150 521 12032 381 168 265 535 147 2248 210 184 1665 925 350 6178 2917 264 254 434 814 221 163
leaf_count=317 220 5181 260 146 160 178 3658 148 988 189 2068 160 462 187 6501 153 150 521 12032 381 168 265 535 147 2248 210 184 1665 925 350 6178 2917 264 254 434 814 221 163
internal_value=0.015543 0.0346494 0.0310086 0.0270387 0.116571 0.700353 0.082136 0.0391345 0.0173581 0.377051 -0.0196825 0.00804349 0.178339 0.904919 -0.00195849 0.0233271 0.513922 -0.0694105 0.0153059 -0.0364213 0.118624 -0.000861857 0.0600156 0.112909 0.0717842 0.603535 0.0254478 -0.00681918 -0.262143 0.546992 -0.0318843 -0.0884165 0.00056144 0.172332 -0.0197766 -0.0781104 -0.270143 -0.215977
internal_weight=52002 33715 33495 33235 5817 324 5493 4794 4646 699 18287 27418 1521 347 25897 18836 303 7061 18533 1174 630 16219 5475 4719 4454 357 4097 3913 1446 510 10744 4566 1649 518 5615 1131 756 544
internal_count=52002 33715 33495 33235 5817 324 5493 4794 4646 699 18287 27418 1521 347 25897 18836 303 7061 18533 1174 630 16219 5475 4719 4454 357 4097 3913 1446 510 10744 4566 1649 518 5615 1131 756 544
is_linear=0
shrinkage=0.03


Tree=108
num_leaves=39
num_cat=0
split_feature=199 80 207 197 198 198 206 193 208 202 96 123 202 202 198 208 199 199 207 207 123 198 197 207 91 208 206 207 184 207 11 199 207 198 189 207 113 193
split_gain=44365 39080.5 45950.8 105390 261268 306316 214851 157106 116833 420249 101127 146409 121628 75966.6 91967.2 47011.9 42240.6 37410.3 34679.8 25409.9 77717.6 90876 65425.1 26058.9 24917.7 49960.2 23783.1 21780.5 19034.2 18427 15302.9 19598.9 14710.8 14015.9 14786 26032.4 17953.9 16981.9
threshold=3.5000000000000004 54.850000381469734 0.8337649703025819 978.14999389648449 5.0499999523162851 6.6499998569488534 0.68301269412040722 39.549999237060554 -0.52765738964080799 0.9238443672657014 31.375795364379886 17.246445655822757 0.96359375119209301 -0.66259482502937306 6.9500000476837167 -0.25829019397497172 333.50000000000006 337.50000000000006 0.81428062915802013 0.78325453400611889 24.463873863220218 9.1500000953674334 981.54998779296886 0.76696112751960765 16.550000190734867 0.089118976145982756 0.93301269412040722 0.75014290213584911 0.44291716814041143 0.82899317145347606 102.50000000000001 356.50000000000006 0.89404821395874035 13.750000000000002 114.49506759643556 0.88220161199569713 -452.84584045410151 23.650000572204593
decision_type=2 2 2 2 2 2 2 2 2 2 10 8 2 2 2 2 2 2 2 2 8 2 2 2 8 2 2 2 10 2 10 2 2 2 10 2 10 2
left_child=-1 2 16 4 32 -6 7 -7 9 -5 11 12 -10 14 -12 -15 18 -18 19 23 22 -22 -21 27 25 -3 30 -2 -25 -20 -19 -32 -4 34 35 37 -37 -26
right_child=1 24 3 8 5 6 -8 -9 10 -11 13 -13 -14 15 -16 -17 17 26 29 20 21 -23 -24 28 33 -27 -28 -29 -30 -31 31 -33 -34 -35 -36 36 -38 -39
leaf_value=0.49200153820532411 -0.0074565642542864553 -0.060521034409292337 -0.51189094063598672 1.7028229848387746 1.4139739523179669 -0.10240979862746194 1.2043411868550358 0.82362697605799706 0.050285039829261358 -0.35512436538168635 0.25196927303927952 0.9756973003310474 0.81418292263660275 -0.38449951450288328 -0.12186770957540778 -0.11145500307129107 0.44404663174482611 0.028351739116154632 -0.27750482284472933 0.51708094858099707 1.0356735006917182 0.01800587705549845 -0.10616088998475864 -0.26837382682618621 -0.13414394894313736 0.53289903923078019 -0.28899748213420606 0.16043414838947581 0.00191896058741178 -0.019238791981067947 0.13165532023434692 0.49496050477503128 -0.17053378018643578 -0.30802637404761213 0.12990606591328349 -0.39949819511739354 -0.052668463603306619 0.03842478178504128
leaf_weight=176 25404 504 241 162 256 781 186 209 8148 199 1045 163 192 798 1367 1965 284 1107 644 183 161 155 883 588 1216 171 148 715 390 405 811 160 215 294 250 405 201 888
leaf_count=176 25404 504 241 162 256 781 186 209 8148 199 1045 163 192 798 1367 1965 284 1107 644 183 161 155 883 588 1216 171 148 715 390 405 811 160 215 294 250 405 201 888
internal_value=0.0165146 0.0149018 0.022353 0.0639987 0.274434 0.473581 0.26886 0.0930924 0.0356986 0.568406 0.0216386 0.085276 0.0678721 -0.0829233 0.0400975 -0.190316 0.00164964 0.119799 -0.00839359 -0.00215378 0.123323 0.536518 0.000834144 -0.00855342 -0.0760609 0.0898168 0.078429 -0.00286053 -0.160589 -0.177794 0.104599 0.191525 -0.350952 -0.11047 -0.0908471 -0.111212 -0.284464 -0.0613107
internal_weight=52070 51894 47965 15927 1888 1432 1176 990 14039 361 13678 8503 8340 5175 2412 2763 32038 2510 29528 28479 1382 316 1066 27097 3929 675 2226 26119 978 1049 2078 971 456 3254 2960 2710 606 2104
internal_count=52070 51894 47965 15927 1888 1432 1176 990 14039 361 13678 8503 8340 5175 2412 2763 32038 2510 29528 28479 1382 316 1066 27097 3929 675 2226 26119 978 1049 2078 971 456 3254 2960 2710 606 2104
is_linear=0
shrinkage=0.03


Tree=109
num_leaves=39
num_cat=0
split_feature=207 75 202 196 200 200 95 194 201 193 196 204 200 202 202 202 204 206 209 207 193 208 93 208 200 201 96 207 196 95 200 208 193 200 96 201 194 185
split_gain=40393.4 100129 83901.6 267954 84450.5 194756 346374 335743 230076 56779.7 53039.1 52629.2 52372.5 55873.6 344126 93244.8 45518.3 39571.6 39170.9 37343.5 36418.7 61014.2 30556.9 24006.3 46036.5 25625.6 24215.4 23517.5 25194.1 21127.9 20546.6 19013.5 18721 17651 24572.7 20511.5 19542.7 29485.4
threshold=0.72102680802345287 76.651638031005874 -0.99901017546653736 26.500000000000004 5.1499998569488534 6.9500000476837167 28.506869316101078 60.500000000000007 707.50000000000011 26.650000572204593 10.500000000000002 17.000000000000004 29.650000572204593 0.30069434642791754 0.078456107527017607 0.83385404944419872 17.000000000000004 -0.93301269412040699 9.5000000000000018 -0.92599865794181813 25.750000000000004 0.29958851635456091 50.54878234863282 0.96462664008140575 19.150000572204593 72.500000000000014 19.198994636535648 0.9260200858116151 4.5000000000000009 26.772163391113285 6.5499999523162851 0.99024581909179699 23.550000190734867 18.44999980926514 39.563293457031257 67.500000000000014 41.500000000000007 266.55160522460943
decision_type=2 10 2 2 2 2 10 2 2 2 2 2 2 2 2 2 2 2 2 2 2 2 10 2 2 2 10 2 2 10 2 2 2 2 10 2 2 10
left_child=11 2 3 -2 9 6 10 8 -8 16 -6 17 13 14 -7 -15 27 18 29 20 -13 -22 23 26 25 -25 -19 28 -4 -1 -20 -27 -14 36 35 -35 -21 -38
right_child=1 -3 4 -5 5 12 7 -9 -10 -11 -12 19 32 15 -16 -17 -18 22 30 33 21 -23 -24 24 -26 31 -28 -29 -30 -31 -32 -33 -34 34 -36 -37 37 -39
leaf_value=0.049552447804174025 -0.10970052618630868 0.76144607923032659 0.2613561074453909 1.3054263473440888 0.27377259831514256 0.029802992822220504 2.1508839526707115 -0.24844715660630859 0.71005273769149202 -0.36376809541515664 -0.2668430760660277 -0.026329539934945512 -0.13709412686661032 -0.19914855910816961 0.72074288265720055 0.054174039073666719 0.38869194854374806 -0.00061106171706286252 -0.016172684550552666 -0.16402915950497959 0.20399139534204072 0.87616161012243343 -0.18104182821463241 -0.33675580352356493 0.53868427314365142 0.25050666652297915 -0.077480115734231927 -0.27689500553679963 -0.18153228602351379 -0.24315719994112459 0.36648323462945837 -0.018518213353435668 -0.58230642671831112 0.33418724632030572 -0.28680086016739997 -0.032946456089486043 0.058166779765048332 0.37210756239937248
leaf_weight=1451 323 174 223 192 281 13697 199 147 200 756 390 418 184 2232 681 3158 196 6034 167 315 751 145 1435 160 174 353 9488 427 240 262 518 716 158 151 319 1472 3601 291
leaf_count=1451 323 174 223 192 281 13697 199 147 200 756 390 418 184 2232 681 3158 196 6034 167 315 751 145 1435 160 174 353 9488 427 240 262 518 716 158 151 319 1472 3601 291
internal_value=0.0157011 0.0444363 0.0391683 0.417894 0.0307498 0.0475824 0.416102 0.977161 1.4287 -0.164139 -0.0404439 -0.00859161 0.0252804 0.0316484 0.0625292 -0.050727 -0.0251689 -0.0331564 0.0814559 0.0597341 0.204903 0.312777 -0.0481259 -0.0368564 0.0819835 0.0173206 -0.0475982 -0.116315 0.0317813 0.00478177 0.273194 0.0703189 -0.342788 0.028712 -0.0460988 0.00121227 0.0632457 0.0816407
internal_weight=52079 23858 23684 515 23169 21327 1217 546 399 1842 671 28221 20110 19768 14378 5390 1086 20758 2398 7463 1314 896 18360 16925 1403 1229 15522 890 463 1713 685 1069 342 6149 1942 1623 4207 3892
internal_count=52079 23858 23684 515 23169 21327 1217 546 399 1842 671 28221 20110 19768 14378 5390 1086 20758 2398 7463 1314 896 18360 16925 1403 1229 15522 890 463 1713 685 1069 342 6149 1942 1623 4207 3892
is_linear=0
shrinkage=0.03


Tree=110
num_leaves=31
num_cat=0
split_feature=195 189 191 157 200 76 123 203 202 198 204 95 199 35 200 192 96 198 205 96 200 123 202 202 197 94 202 85 199 195
split_gain=38573.3 49238.5 105547 157480 37994.4 54351.2 42207.8 196933 145133 106063 41679.5 75927 54913.5 51445.3 61738.1 37793.8 28688.8 20839.7 18726.4 16857.5 14227.3 8888.31 2808.43 2285.46 1742.99 1591.31 1612.98 1535.06 615.968 149.555
threshold=1.0000000180025095e-35 192.01104736328128 28.30030727386475 13.504999637603762 30.849999427795414 68.643508911132827 18.298566818237308 -0.98897820711135853 -0.99901017546653736 3.9500000476837163 7.0000000000000009 29.694058418273929 305.50000000000006 224.91905212402347 6.7500000000000009 1.1357465386390688 40.42597961425782 8.3499999046325701 -0.93301269412040699 40.608007431030281 5.0499999523162851 19.917294502258304 0.88697704672813427 0.82409480214118969 973.25000000000011 23.649209976196293 -0.38266885280609125 9.3624997138977069 107.50000000000001 0.35000000894069677
decision_type=2 10 10 2 2 10 10 2 2 2 2 8 2 8 2 8 10 2 2 10 2 8 2 2 2 8 2 10 2 2
left_child=1 4 3 -3 5 6 10 -8 -9 -10 11 12 -1 15 -15 -12 18 -13 -2 -6 -20 25 23 24 -23 26 -22 29 -29 -24
right_child=16 2 -4 -5 19 -7 7 8 9 -11 13 17 -14 14 -16 -17 -18 -19 20 -21 21 22 27 -25 -26 -27 -28 28 -30 -31
leaf_value=-0.020716604832749126 0.26175240148588386 0.079918063125626548 -0.18403067530515851 1.3760412278888552 -0.096368947831857441 0.45952564018366931 1.1660712276717469 0.87641495865350627 -0.28150791906946776 0.085016592816269942 -0.068008850829548856 -0.18216127968587312 0.18323059608059075 0.23594763408596708 0.045998085284118438 0.027164280185295125 -0.37195470602849734 -0.0281669356314528 -0.32316542904815926 -0.50953086413792847 -0.18931511771460721 -0.077248026072146495 -0.045135508166076629 -0.15935903592091549 -0.0059482679188883744 -0.23243329262804494 -0.076770816078367055 0.030846653685267702 0.10837390580509451 -0.0040857590426912815
leaf_weight=7175 158 198 243 147 190 253 149 192 811 5737 5777 3107 1424 1840 9445 10730 283 1061 192 167 202 550 166 155 703 171 265 216 161 154
leaf_count=7175 158 198 243 147 190 253 149 192 811 5737 5777 3107 1424 1840 9445 10730 283 1061 192 167 202 550 166 155 703 171 265 216 161 154
internal_value=0.0152175 0.0220229 0.294884 0.632203 0.0186843 0.020992 0.0186535 0.0873088 0.0634592 0.0396204 0.00699231 -0.0378775 0.0130573 0.0276045 0.0769692 -0.00614372 -0.0828427 -0.142961 -0.0563887 -0.28965 -0.0735161 -0.0560404 -0.0263094 -0.0506898 -0.0372457 -0.154132 -0.125455 0.0229406 0.063958 -0.0253822
internal_weight=52022 48646 588 345 48058 47701 47448 6889 6740 6548 40559 12767 8599 27792 11285 16507 3376 4168 3093 357 2935 2743 2105 1408 1253 638 467 697 377 320
internal_count=52022 48646 588 345 48058 47701 47448 6889 6740 6548 40559 12767 8599 27792 11285 16507 3376 4168 3093 357 2935 2743 2105 1408 1253 638 467 697 377 320
is_linear=0
shrinkage=0.03


Tree=111
num_leaves=39
num_cat=0
split_feature=207 197 197 194 194 196 201 196 183 207 204 201 187 75 123 201 201 183 36 204 196 207 207 201 183 204 206 209 207 55 201 93 184 194 194 207 95 149
split_gain=35879.1 108997 112714 108044 299885 264782 315304 189866 146926 131823 114028 83943 314707 83126 73732.5 72037.8 95849.4 59191.3 58502.5 210096 258834 68839.1 600620 61261.3 45935.1 44694.5 37501.8 38192 35370.7 36643.2 35326.4 28611.8 27736 24897.9 25646.1 24397.4 20476.4 19910.6
threshold=0.72102680802345287 978.14999389648449 980.35000610351574 31.500000000000004 28.500000000000004 1.5000000000000002 232.50000000000003 69.500000000000014 106.41905593872072 0.87811094522476207 13.000000000000002 87.500000000000014 30.182634353637699 76.651638031005874 27.861321449279789 117.50000000000001 142.50000000000003 71.549999237060561 149.47206878662112 5.0000000000000009 31.500000000000004 0.9260200858116151 0.91939014196395885 1972.5000000000002 84.750190734863295 17.000000000000004 -0.93301269412040699 9.5000000000000018 -0.94423642754554737 86.711391448974624 637.50000000000011 50.54878234863282 0.84560671448707592 21.500000000000004 36.500000000000007 0.90892735123634349 26.772163391113285 10.875000000000002
decision_type=2 2 2 2 2 2 2 2 10 2 2 2 10 10 10 2 2 10 10 2 2 2 2 2 10 2 2 2 2 10 2 10 10 2 2 2 10 2
left_child=25 3 11 4 7 6 24 9 -9 -2 -11 12 -3 14 18 -13 -17 -16 19 20 -4 22 -20 -23 -5 26 27 36 29 -27 -7 37 -21 -18 -35 -12 -1 -28
right_child=1 2 13 5 -6 30 -8 8 -10 10 35 15 -14 -15 17 16 33 -19 21 32 -22 23 -24 -25 -26 28 31 -29 -30 -31 -32 -33 -34 34 -36 -37 -38 -39
leaf_value=0.048362536885772398 0.64076863308206533 1.2602019418609411 0.11122371806069116 -0.36537183841256188 1.6909219632002876 -0.35476427846221131 1.423761562994335 1.5456255977327624 0.32110188643598087 0.51814845029818302 -0.68667643924629229 -0.72900562104274791 -0.56974399507494167 0.69336500924662869 0.94021293383664284 0.51652754664156997 -0.065680004900070768 0.096958612981673478 0.026964687845713462 -0.078100360445627501 1.8274054152879746 -0.091793798207574676 1.5609098288389252 0.17565184321411148 0.288319045178351 0.10136426943576544 -0.047325626815168761 0.26786562675101738 0.02780557465773955 0.48647012237503084 0.072969917686253258 -0.17437654539845249 0.19266209817569724 -0.42867212141198169 -0.17418854623702423 -0.25536310177437072 -0.23933458345269618 0.04934906571960132
leaf_weight=1451 225 158 174 163 146 775 226 151 212 152 191 229 182 176 145 169 605 155 8638 796 145 6115 236 882 238 762 14697 695 6379 314 224 1432 595 680 749 309 263 2205
leaf_count=1451 225 158 174 163 146 775 226 151 212 152 191 229 182 176 145 169 605 155 8638 796 145 6115 236 882 238 762 14697 695 6379 314 224 1432 595 680 749 309 263 2205
internal_value=0.0145472 0.0416382 0.0172454 0.210322 0.404934 0.0444323 0.527659 0.253508 0.830505 0.0146757 -0.201389 -0.16087 0.280653 0.0445887 0.0382026 -0.222597 -0.169954 0.504549 0.0302446 0.196965 0.891338 0.0122814 0.0677609 -0.058081 0.022601 -0.00835776 -0.0310004 0.0802805 0.0546437 0.21375 -0.258856 -0.0456223 0.0377185 -0.226994 -0.295289 -0.420135 0.00421635 -0.0347136
internal_weight=52039 23841 20829 3012 1386 1626 627 1240 363 877 652 2772 340 18057 17881 2432 2203 300 17581 1710 319 15871 8874 6997 401 28198 20743 2409 7455 1076 999 18334 1391 2034 1429 500 1714 16902
internal_count=52039 23841 20829 3012 1386 1626 627 1240 363 877 652 2772 340 18057 17881 2432 2203 300 17581 1710 319 15871 8874 6997 401 28198 20743 2409 7455 1076 999 18334 1391 2034 1429 500 1714 16902
is_linear=0
shrinkage=0.03


Tree=112
num_leaves=39
num_cat=0
split_feature=80 35 202 187 95 197 205 197 208 202 96 77 202 40 207 187 203 91 208 172 207 207 202 208 207 208 207 132 207 96 194 206 187 200 205 170 194 207
split_gain=39924.1 55063.5 135731 155412 78313 82549.2 158840 265351 53453.2 204264 53254.2 38940.7 37626.2 53351.1 45247.6 30867.3 29744.5 33731.7 59945.6 29724.3 132442 34473.9 183340 303005 27914.1 53659.7 27831.7 27596.3 25172.3 24048.8 26968.8 21323.5 19878.5 19565.2 18918.5 14844.9 14633.2 15705.2
threshold=52.868499755859382 228.20900726318362 -0.99901017546653736 30.911991119384769 15.567385673522951 976.04998779296886 -0.68301269412040699 975.14999389648449 -0.52765738964080799 0.89490029215812694 44.885690689086921 85.573822021484389 -0.84335932135581959 7.3289999961853036 0.91939014196395885 16.150000572204593 -0.043617725372314446 16.550000190734867 0.046214086934924133 4.1899998188018808 0.91939014196395885 0.98932364583015453 -0.64942333102226246 0.089118976145982756 0.82414472103118908 -0.52765738964080799 0.98049071431159984 -104.2948532104492 0.98522606492042553 24.472360610961918 15.500000000000002 1.0000000180025095e-35 67.749565124511733 28.050000190734867 -1.0000000180025095e-35 0.67500001192092907 50.500000000000007 -0.93235439062118519
decision_type=2 8 2 8 10 2 2 2 2 2 8 8 2 10 2 8 2 8 2 2 2 2 2 2 2 2 2 8 2 10 2 2 8 2 2 2 2 2
left_child=1 12 3 -3 -4 6 7 -6 9 -7 11 -10 27 14 -14 -12 -2 18 -18 21 24 26 23 -23 32 -26 33 -1 -28 -29 -31 36 -21 -15 -24 -33 37 -19
right_child=16 2 4 -5 5 8 -8 -9 10 -11 15 -13 13 19 -16 -17 17 31 -20 20 -22 22 34 -25 25 -27 28 29 -30 30 -32 35 -34 -35 -36 -37 -38 -39
leaf_value=0.29294108691896664 -0.1756674782598712 1.3596763791710151 0.6337666526893394 0.13559121277066821 0.0017739171634193803 1.1843700362431409 -0.13018826073028017 1.6958379918278486 0.070876278570992768 -0.34836006246036422 0.13162987434315315 -0.14596452605900406 0.010040491195246103 -0.0040764893892749031 0.64497631500131047 -0.10521688676336245 -0.048966065281889216 0.22153257415891697 0.70846736823252154 -0.10710835949284708 0.93081763929272898 -0.061488449928524057 0.086160163066850842 1.6514930859039822 0.65518603736619074 0.053363397969860595 -0.30150720681002252 -0.027099351542826729 0.0093496529872961823 0.081988962815221611 -0.1736545839812787 -0.34654004318524367 0.18865589076328751 0.32953708598731085 -0.15664028744739794 -0.090468444754897931 0.17169001573082934 -0.095593777340126779
leaf_weight=212 1584 154 206 237 170 157 289 163 11100 156 580 799 182 14084 227 3388 244 170 153 896 168 205 525 170 175 560 544 8157 412 446 2220 272 265 160 642 812 416 811
leaf_count=212 1584 154 206 237 170 157 289 163 11100 156 580 799 182 14084 227 3388 244 170 153 896 168 205 525 170 175 560 544 8157 412 446 2220 272 265 160 642 812 416 811
internal_value=0.0145482 0.0225837 0.065107 0.617734 0.0524022 0.045274 0.384421 0.831026 0.0322361 0.420465 0.0245775 0.0563156 -0.0018746 0.0234808 0.362445 -0.0705968 -0.0712614 -0.0137976 0.24295 0.0161086 0.123527 0.00286576 0.138024 0.715084 0.05199 0.196662 -0.0108457 -0.0460253 -0.16754 -0.0526653 -0.130887 -0.0548823 -0.0395984 -0.000328833 -0.0474111 -0.154725 0.022591 -0.0406362
internal_weight=52111 47649 17399 391 17008 16802 622 333 16180 313 15867 11899 30250 19215 409 3968 4462 2878 397 18806 2064 16742 1542 375 1896 735 15200 11035 956 10823 2666 2481 1161 14244 1167 1084 1397 981
internal_count=52111 47649 17399 391 17008 16802 622 333 16180 313 15867 11899 30250 19215 409 3968 4462 2878 397 18806 2064 16742 1542 375 1896 735 15200 11035 956 10823 2666 2481 1161 14244 1167 1084 1397 981
is_linear=0
shrinkage=0.03


Tree=113
num_leaves=39
num_cat=0
split_feature=207 207 208 193 207 207 193 123 196 193 194 199 193 199 208 197 207 199 185 192 191 203 178 197 196 193 199 199 193 203 197 207 207 199 197 191 161 191
split_gain=34857.8 56612.6 231791 209643 59222.5 250697 253363 1.27262e+06 223818 273465 314594 122286 128156 88848.1 52374.9 101444 174605 88059.2 48306.7 77231.1 59585.1 46035.1 93265.5 39123 66140.4 38526.4 36015.5 32689.5 32570.3 27286.9 25334.6 24901.2 24825.3 37331.7 48362.6 62924 24527.9 20774.7
threshold=0.9990701973438264 0.9937499761581422 0.089118976145982756 27.650000572204593 0.94425827264785778 0.9159645438194276 28.250000000000004 10.916508674621584 1.0000000180025095e-35 34.149999618530281 19.500000000000004 286.50000000000006 33.95000076293946 243.50000000000003 0.17435361444950107 983.04998779296886 0.98213580250740062 184.50000000000003 2063.799926757813 0.76372489333152782 14.949999809265138 0.99901017546653759 12.454999923706056 982.25000000000011 88.500000000000014 28.750000000000004 211.50000000000003 327.50000000000006 30.250000000000004 0.70088258385658275 981.85000610351574 0.86975130438804638 0.98049071431159984 274.50000000000006 984.14999389648449 27.506482124328617 63.414999008178718 7.1499998569488534
decision_type=2 2 2 2 2 2 2 8 2 2 2 2 2 2 2 2 2 2 10 10 8 2 2 2 2 2 2 2 2 2 2 2 2 2 2 10 2 10
left_child=1 4 23 -4 5 18 7 13 11 36 -11 28 -13 -7 15 17 -17 -6 20 -20 26 27 -23 24 30 -19 31 -22 -8 -25 -3 -1 33 -16 -35 -36 -10 -28
right_child=-2 2 3 -5 14 6 8 -9 9 10 -12 12 -14 -15 32 16 -18 25 19 -21 21 22 -24 29 -26 -27 37 -29 -30 -31 -32 -33 -34 34 35 -37 -38 -39
leaf_value=-0.21852475822380402 -0.19115867812108195 0.19633018461635388 1.7040595207694307 0.21293332282649199 0.39327714989015272 0.61215203220121028 -0.76250334341110615 3.288540489978784 0.084868488858413513 0.46543869999967941 2.1220435409461391 0.91546303187968558 -0.19011299662116793 -0.29515553574990944 -0.22937586857107067 1.0880214064772817 0.06942636120492339 -0.52487107015507328 0.88439823706999388 -0.043631320733264846 -0.0026735081141653801 -0.01633390447673352 0.92436507657027567 -0.037779321269810179 -0.32030917859862656 -0.15099724608604123 0.25301742558060014 0.093093079086074143 -0.27752150208273724 -0.46928149028423477 0.68179540576845932 -0.6436088074633155 -0.30243144336496219 -0.15224129891296526 0.70499854957050312 -0.016978695053762084 -0.45406268714564396 -0.12736544161155713
leaf_weight=332 745 230 154 189 209 153 175 146 152 346 147 160 230 266 1195 173 1216 376 145 182 35457 261 149 545 161 729 148 3527 433 174 167 198 836 677 170 301 152 1018
leaf_count=332 745 230 154 189 209 153 175 146 152 346 147 160 230 266 1195 173 1216 376 145 182 35457 261 149 545 161 729 148 3527 433 174 167 198 836 677 170 301 152 1018
internal_value=0.0125728 0.0155328 0.190054 0.882448 0.00983941 0.0218484 0.322598 0.876638 0.148203 0.523063 0.959428 -0.151161 0.263467 0.0361578 -0.0795376 0.0175452 0.196299 -0.171411 0.00471115 0.367893 0.00182081 0.00931667 0.325542 0.00407279 0.192562 -0.27822 -0.172289 0.00599079 -0.417124 -0.142209 0.400556 -0.377339 -0.162084 -0.112005 0.0101707 0.243616 -0.184602 -0.0790816
internal_weight=52024 51279 1620 343 49659 43777 2360 565 1795 797 493 998 390 419 5882 2703 1389 1314 41417 327 41090 39394 410 1277 558 1105 1696 38984 608 719 397 530 3179 2343 1148 471 304 1166
internal_count=52024 51279 1620 343 49659 43777 2360 565 1795 797 493 998 390 419 5882 2703 1389 1314 41417 327 41090 39394 410 1277 558 1105 1696 38984 608 719 397 530 3179 2343 1148 471 304 1166
is_linear=0
shrinkage=0.03


Tree=114
num_leaves=39
num_cat=0
split_feature=198 175 193 189 197 203 76 80 203 132 203 201 188 204 193 202 207 76 197 202 74 203 35 157 198 141 198 141 192 178 202 197 198 197 141 204 202 187
split_gain=33124.3 33741 77816.9 261791 200335 116123 92143.1 62764.8 69078.2 214819 61307.9 38967.6 85360.5 61637.8 76816.8 45965.3 42187.1 49780.4 38895.6 38053.6 30173.5 27609.2 25196.5 23927.9 21263.6 20546.3 18675 14174.5 16361.1 18440.7 13866.4 13787.4 17715.2 13729.7 11483.7 7633.25 6699.1 6751.89
threshold=19.300000190734867 1.235000014305115 35.250000000000007 182.50000000000003 977.25000000000011 0.18222858756780627 46.240058898925788 19.312500000000004 -0.95368063449859608 -43.439184188842766 0.9980967938899995 387.50000000000006 4.2407984733581552 5.0000000000000009 29.150000572204593 -0.95368063449859608 -0.93805426359176625 65.933406829833999 981.54998779296886 0.89490029215812694 69.556186676025405 -0.46173103153705591 313.15942382812506 8.9050002098083514 3.0499999523162846 1.0000000180025095e-35 3.2500000000000004 -22.109856605529782 0.75951188802719127 1.4599999785423281 0.44618082046508795 979.35000610351574 11.150000095367433 981.25000000000011 13.603636264801027 11.000000000000002 -0.63605400919914235 44.020254135131843
decision_type=2 2 2 10 2 2 10 2 2 8 2 2 10 2 2 2 2 8 2 2 10 2 10 2 2 10 2 8 8 2 2 2 2 2 10 2 2 8
left_child=1 22 7 4 5 -4 31 8 9 -3 20 12 13 15 -15 -9 18 19 -13 -18 21 -10 24 -2 25 36 -26 -28 34 -30 -27 32 -6 -33 -29 -11 -1 -38
right_child=23 2 3 -5 6 -7 -8 11 10 35 -12 16 -14 14 -16 -17 17 -19 -20 -21 -22 -23 -24 -25 26 30 27 28 29 -31 -32 33 -34 -35 -36 -37 37 -39
leaf_value=-0.18922381632189914 -0.06095942045465752 1.3700095695965366 1.1674661367448813 1.4460179370838011 -0.43520944027030595 0.11995965715502385 0.5412010505408883 0.096867304948892147 -0.05513640841733046 -0.15421896121717588 0.60069591195680605 -0.07789689198516711 0.64965583046456021 0.086043223302173552 -0.2081733144766057 -0.1266145818983089 -0.083180580174945701 0.38578182891389023 0.47706805905638594 -0.3477840601127537 0.44833887255810778 0.069133355337262739 -0.40881746770465521 -0.52459886680295909 0.29113594443751295 -0.37027271409058521 0.23104588890910729 -0.056967962007371226 -0.0065493690947724496 0.20172709433194197 -0.047181549448022303 0.10909399832619399 -0.088643752312324839 -0.25718912558683749 -0.23711687948790294 0.1388380927594963 0.17056285166395885 -0.059694022218037435
leaf_weight=159 238 150 215 146 347 171 175 1064 1963 158 187 221 190 7938 888 3739 5289 190 234 539 171 8923 148 173 187 387 216 2178 13208 394 173 192 215 177 373 162 196 276
leaf_count=159 238 150 215 146 347 171 175 1064 1963 158 187 221 190 7938 888 3739 5289 190 234 539 171 8923 148 173 187 387 216 2178 13208 394 173 192 215 177 373 162 196 276
internal_value=0.0121273 0.0142665 0.0319694 0.233649 0.115004 0.703431 -0.0903641 0.0216478 0.0769412 0.433266 0.0620464 -0.0102715 0.0181813 0.00937752 0.0564413 -0.0771069 -0.0710144 -0.0920736 0.207517 -0.107653 0.0529361 0.0467246 -0.0190163 -0.256125 -0.0157653 -0.138198 -0.0069577 -0.0103633 -0.0135916 -0.000516201 -0.270464 -0.209084 -0.302631 -0.0666038 -0.0833098 -0.00585789 -0.020812 0.0359218
internal_weight=51950 51539 33644 1638 1492 386 1106 32006 11714 470 11244 20292 13819 13629 8826 4803 6473 6018 455 5828 11057 10886 17895 411 17747 1191 16556 16369 16153 13602 560 931 562 369 2551 320 631 472
internal_count=51950 51539 33644 1638 1492 386 1106 32006 11714 470 11244 20292 13819 13629 8826 4803 6473 6018 455 5828 11057 10886 17895 411 17747 1191 16556 16369 16153 13602 560 931 562 369 2551 320 631 472
is_linear=0
shrinkage=0.03


Tree=115
num_leaves=39
num_cat=0
split_feature=200 140 200 140 76 76 202 200 200 76 76 202 197 202 197 202 204 173 193 197 95 205 200 96 193 96 202 75 97 204 183 200 16 55 202 193 193 79
split_gain=36408.9 71482.3 57025.7 195172 111731 88165 35919.2 35809.2 36119.1 51817 37090.1 68435.2 276887 47099.6 27662.8 58442 29786.9 27571.2 27379 104118 22893.7 22370.2 19588.2 16896.3 16011.3 14933.9 12569.8 10979.4 7852.24 10354.1 7659.32 7186.6 23428.5 10382.1 6931.46 6234.49 13854.3 9829.47
threshold=5.1499998569488534 4.4746370315551767 6.9500000476837167 7.4599268436431894 47.895910263061531 51.26666450500489 -0.36648726463317866 7.0499999523162851 30.849999427795414 68.643508911132827 36.119417190551765 -0.99901017546653736 978.35000610351574 0.99901017546653759 992.95001220703136 -0.26722820103168482 19.000000000000004 529.91998291015636 34.250000000000007 984.64999389648449 33.881834030151374 1.0000000180025095e-35 3.3500000238418584 28.027360916137699 32.95000076293946 40.608007431030281 0.66259482502937328 35.214603424072273 11.594757556915285 9.0000000000000018 130.08926391601565 2.3500000238418584 106.51315689086915 109.05905532836915 0.21643137186765674 25.750000000000004 19.650000572204593 0.85293316841125499
decision_type=2 10 2 10 10 10 2 2 2 10 8 2 2 2 2 2 2 2 2 2 10 2 2 10 2 10 2 8 2 2 10 2 8 10 2 2 2 10
left_child=1 14 3 4 24 -6 -7 -4 9 10 11 12 -9 -13 16 -16 17 26 20 -20 -12 -8 -18 -3 28 -10 31 -24 30 -30 -2 32 -1 -33 -25 36 -28 -37
right_child=2 23 7 -5 5 6 21 8 25 -11 18 13 -14 -15 15 -17 22 -19 19 -21 -22 -23 27 34 -26 -27 35 -29 29 -31 -32 33 -34 -35 -36 37 -38 -39
leaf_value=-0.32356497697464687 -0.05458331592078304 -0.15739774716156718 -0.44813658195907763 0.90507382720150431 1.0344043706634136 0.61248564693772589 0.35187510616899093 1.357546750314103 -0.10409516242887645 0.46470035711910757 -0.0017871564669113547 0.030486680953371835 -0.18972068511988077 0.4483411054547799 -0.14513014477774933 0.67139988764178493 0.45875817012158332 0.2525671228874109 0.013633141411356957 0.66002801914670417 -0.068923179015066297 -0.10573618125664758 0.23351530270129378 -0.61956217882129061 0.24016112387853161 -0.48183980449355696 0.12162952934702995 -0.098664686371359875 -0.27147823888911493 -0.043820679872077446 0.15054379854724295 -0.15748155972308348 0.13262585157642301 -0.41905865501266792 -0.3699974275268697 -0.072375943963467249 -0.27519319743788678 0.25758643269185383
leaf_weight=166 949 221 152 277 152 152 157 171 204 230 16591 18486 266 246 164 152 145 200 1809 256 6310 248 159 184 165 175 146 205 324 404 198 1271 260 153 220 162 173 163
leaf_count=166 949 221 152 277 152 152 157 171 204 230 16591 18486 266 246 164 152 145 200 1809 256 6310 248 159 184 165 175 146 205 324 404 198 1271 260 153 220 162 173 163
internal_value=0.0126531 -0.0726578 0.0200303 0.146085 0.069603 0.394025 0.219256 0.0115342 0.0130958 0.0155872 0.0132466 0.0446324 0.415747 0.0359744 -0.0201475 0.247638 -0.0465673 -0.0863338 -0.0108516 0.0937701 -0.0202854 0.0716619 0.163903 -0.368307 -0.0431506 -0.278524 -0.113512 0.0464371 -0.0680833 -0.145144 -0.0191721 -0.153249 -0.0451409 -0.185589 -0.483673 0.000638315 -0.0935758 0.0931143
internal_weight=52066 4144 47922 3026 2749 709 557 44896 44744 44365 44135 19169 437 18732 3519 316 3203 2694 24966 2065 22901 405 509 625 2040 379 2494 364 1875 728 1147 1850 426 1424 404 644 319 325
internal_count=52066 4144 47922 3026 2749 709 557 44896 44744 44365 44135 19169 437 18732 3519 316 3203 2694 24966 2065 22901 405 509 625 2040 379 2494 364 1875 728 1147 1850 426 1424 404 644 319 325
is_linear=0
shrinkage=0.03


Tree=116
num_leaves=39
num_cat=0
split_feature=80 35 197 198 198 199 197 197 197 95 208 206 197 197 141 199 208 197 199 197 198 199 95 181 199 40 176 198 95 188 198 205 13 132 95 198 197 197
split_gain=35329.9 47467.6 81477 208594 251539 166525 236417 173331 87289.8 82419.7 45357.8 58636.8 60829 49004.4 32513.9 24596.1 80189 22804.8 22552.8 21500 20720.6 18982.5 66777.4 90042.8 39522.6 43417 26566.4 26084.8 24738.6 24692.9 18645.8 16174.2 18144.6 15977.8 14394.2 17382.7 27943.5 17338
threshold=52.868499755859382 228.20900726318362 978.14999389648449 5.0499999523162851 6.5499999523162851 284.50000000000006 975.64999389648449 976.95001220703136 978.75000000000011 15.567385673522951 -0.52765738964080799 0.93301269412040722 979.14999389648449 982.04998779296886 -1.1296221017837522 13.500000000000002 -0.031174269504845139 990.64999389648449 23.500000000000004 976.45001220703136 9.0500001907348651 302.50000000000006 9.2710227966308612 68.000000000000014 176.50000000000003 7.3289999961853036 18.724999427795414 3.9500000476837163 26.103301048278812 1.1851378679275515 12.449999809265138 -0.93301269412040699 156.45141601562503 -53.07783126831054 36.314989089965827 4.1499998569488534 977.95001220703136 980.54998779296886
decision_type=2 8 2 2 2 2 2 2 2 10 2 2 2 2 8 2 2 2 2 2 2 2 10 2 2 10 2 2 10 10 2 2 10 8 8 2 2 2
left_child=1 15 3 -3 -5 6 -6 -8 20 -10 13 12 -12 -11 -13 16 -1 31 -17 -7 -4 24 23 -23 25 -20 -27 33 -26 -29 -30 32 -2 -24 -33 -36 -37 -38
right_child=17 2 8 4 5 19 7 -9 9 10 11 14 -14 -15 -16 18 -18 -19 21 -21 -22 22 27 -25 28 26 -28 29 30 -31 -32 34 -34 -35 35 36 37 -39
leaf_value=0.78950652072594529 -0.067906328758819107 -0.3298690627791378 -0.44898831195395184 1.4013050217058385 1.5617903897814724 -0.48758095753294539 -0.30971813280276955 0.67805814401842457 0.71783792732637497 0.026590970539576281 0.43567603519604536 0.15792599875065672 0.042959142979932863 0.78962826835118138 -0.24779238098580336 -0.23413892429905261 -0.060600641264802364 0.19625407554827717 0.54532840727661613 -0.050724280079143279 -0.087934976624553907 -0.04536826273330706 -0.39525778066646172 1.0082554214972541 -0.027941026162418225 0.013090612816925272 0.29954168755430188 -0.00091770126947995792 -0.15974545452895292 0.13397233658161325 0.045700056043751866 -0.015680072660539196 0.32989208063781211 -0.068937642613628794 -0.35772138320339769 0.22979038950740668 -0.33816576485723587 -0.10941545541519167
leaf_weight=148 265 435 384 202 156 165 276 380 165 152 365 220 12909 151 926 386 307 274 145 263 228 145 169 147 10284 9118 301 3587 2466 1852 474 1104 169 672 305 192 359 1761
leaf_count=148 265 435 384 202 156 165 276 380 165 152 365 220 12909 151 926 386 307 274 145 263 228 145 169 147 10284 9118 301 3587 2466 1852 474 1104 169 672 305 192 359 1761
internal_value=0.012212 0.0197562 0.05926 0.245934 0.419635 0.259708 0.512109 0.26247 0.0366543 0.0510886 0.0436159 0.0359829 0.0537582 0.406864 -0.169905 -0.00297352 0.215927 -0.0688302 -0.00632195 -0.219147 -0.314482 -0.00332672 0.0415916 0.485066 -0.0162811 0.030176 0.022245 0.0209707 -0.0498803 0.0450129 -0.126622 -0.0863116 0.0869996 -0.134516 -0.106526 -0.14485 -0.116766 -0.148153
internal_weight=52007 47578 17377 1877 1442 1240 812 656 15500 14888 14723 14420 13274 303 1146 30201 455 4429 29746 428 612 29360 6572 292 22788 9564 9419 6280 13224 5439 2940 4155 434 841 3721 2617 2312 2120
internal_count=52007 47578 17377 1877 1442 1240 812 656 15500 14888 14723 14420 13274 303 1146 30201 455 4429 29746 428 612 29360 6572 292 22788 9564 9419 6280 13224 5439 2940 4155 434 841 3721 2617 2312 2120
is_linear=0
shrinkage=0.03


Tree=117
num_leaves=39
num_cat=0
split_feature=195 189 205 207 207 208 201 207 207 193 123 201 208 207 207 185 192 189 200 189 189 14 205 96 201 205 205 207 185 187 132 169 193 200 208 200 185 207
split_gain=33959.1 38482.6 76727.5 33194.6 70845.3 226749 350430 54017.4 212659 281996 1.30382e+06 167652 60961.6 70105.2 82252.5 48638.2 57329.9 45601.7 40132.3 40803.8 34177 31219.3 28922.8 26754.3 21396.4 19258.1 16689.7 18187.3 14715 6918.1 5161.93 4116.78 3977.71 3844.95 2587.37 2495.86 1868.77 1733.29
threshold=1.0000000180025095e-35 192.01104736328128 1.0000000180025095e-35 0.9990701973438264 0.9937499761581422 0.089118976145982756 512.50000000000011 0.94425827264785778 0.9159645438194276 28.250000000000004 11.509953975677492 132.50000000000003 0.17435361444950107 0.95752912759780895 0.96234640479087841 2063.799926757813 0.79508709907531749 128.50000000000003 13.250000000000002 36.013967514038093 118.36751174926759 127.13988113403322 0.25000000000000011 40.42597961425782 147.50000000000003 0.25000000000000011 -0.93301269412040699 0.73865729570388805 1369.049987792969 15.449999809265138 -41.555837631225579 3.029999971389771 23.650000572204593 7.8500001430511483 -0.99983122944831837 10.84999990463257 110.51313400268556 -0.73282214999198902
decision_type=2 10 2 2 2 2 2 2 2 2 8 2 2 2 2 10 10 10 2 10 10 8 2 10 2 2 2 2 10 10 10 2 2 2 2 2 10 2
left_child=1 3 -3 4 7 18 -7 8 15 10 -10 -11 13 22 -15 17 -17 -1 19 -6 -21 28 -9 26 -20 -26 -2 34 -14 -5 33 -4 -31 -29 -28 -34 -35 -36
right_child=23 2 31 29 5 6 -8 12 9 11 -12 -13 21 14 -16 16 -18 -19 24 20 -22 -23 -24 -25 25 -27 27 30 -30 32 -32 -33 35 36 37 -37 -38 -39
leaf_value=0.01200238465710836 0.24502258333377303 0.61910078666945789 0.039221751514999681 -0.018509285413435723 0.5533253905834431 1.9397772362625965 -0.046068120165075811 -0.10668193760036127 0.034591204854719441 -0.49930211852800638 3.3040165117599472 0.25395645449493237 -0.22433584736378029 0.75768113891523936 0.044460745682641953 0.80918365870582754 -0.015203429845660036 -0.1110140081887899 -0.42826892108225867 -0.19040243109808791 0.340118552466732 0.20650511573013688 -0.61333329802224001 -0.35757136647013854 0.21688919753228872 -0.22467304392536971 -0.12994143406614514 -0.3853366229641621 -4.9951721726900896e-05 -0.13653646863688038 -0.09413752244147261 -0.18418660698277201 -0.21254139111874554 -0.13110026796465388 0.065701566644917789 -0.37489492782230677 -0.27906537895676164 -0.028326035766218952
leaf_weight=34977 158 278 146 168 193 157 163 229 425 328 148 1405 2381 157 1990 147 157 2940 181 261 188 182 182 288 160 200 210 154 296 214 252 151 156 161 195 188 147 1853
leaf_count=34977 158 278 146 168 193 157 163 229 425 328 148 1405 2381 157 1990 147 157 2940 181 261 188 182 182 288 160 200 210 154 296 214 252 151 156 161 195 188 147 1853
internal_value=0.0105341 0.0169435 0.260915 0.0140314 0.0171119 0.21979 0.928264 0.0104815 0.0223742 0.302151 0.879091 0.111387 -0.0784931 0.0279031 0.0966185 0.00549424 0.383442 0.00246393 0.0281419 0.188542 0.0317327 -0.173688 -0.331048 -0.0808766 -0.162203 -0.0284215 -0.0554161 -0.0713891 -0.199536 -0.187288 -0.203364 -0.0743639 -0.238102 -0.262938 -0.0296566 -0.301278 -0.201728 -0.0193728
internal_weight=52166 48748 575 48173 47447 1503 320 45944 40527 2306 573 1733 5417 2558 2147 38221 304 37917 1183 642 449 2859 411 3418 541 360 3130 2972 2677 726 714 297 558 462 2258 344 308 2048
internal_count=52166 48748 575 48173 47447 1503 320 45944 40527 2306 573 1733 5417 2558 2147 38221 304 37917 1183 642 449 2859 411 3418 541 360 3130 2972 2677 726 714 297 558 462 2258 344 308 2048
is_linear=0
shrinkage=0.03


Tree=118
num_leaves=39
num_cat=0
split_feature=200 185 36 185 208 185 76 183 193 185 203 200 201 191 194 183 75 203 163 76 194 199 36 177 185 204 204 205 97 208 205 203 170 200 183 94 58 208
split_gain=31889.8 37663.3 62253.5 34689.7 89095.3 85103.4 140401 264866 166406 179995 98661.2 79012.3 166221 49166.9 43629.4 51967 42754.8 37658.7 100576 39995.3 34224.7 32381.8 29195.5 21709.5 17072.5 18939.2 13336.4 13150 10314.8 9808.62 9275.24 8658.75 7918.33 5459.67 5445.74 4238.94 3033.51 2239.12
threshold=30.849999427795414 2063.799926757813 261.47332763671881 1112.0000000000002 0.046214086934924133 545.75000000000011 29.961434364318851 146.29018402099612 35.250000000000007 688.25000000000011 0.2503704726696015 6.7500000000000009 507.50000000000006 13.668250083923342 23.500000000000004 95.099998474121108 37.375196456909187 0.99901017546653759 264.45500183105474 68.643508911132827 26.500000000000004 23.500000000000004 219.00300598144534 2.1126316785812382 1905.5000000000002 7.0000000000000009 13.000000000000002 1.0000000180025095e-35 11.954884052276613 -0.42179730534553522 -0.68301269412040699 0.36648726463317877 0.9650000035762788 21.94999980926514 172.92065429687503 28.076804161071781 0.47100000083446508 -0.62418696284294117
decision_type=2 10 10 10 2 10 8 10 2 10 2 2 2 8 2 8 10 2 2 10 2 2 10 2 10 2 2 2 2 2 2 2 2 2 8 10 10 2
left_child=1 3 31 5 22 13 7 8 9 -7 -10 12 -8 23 26 -16 -6 19 36 21 -18 -15 30 -1 25 -24 -13 -2 34 -27 35 32 -3 37 -22 -5 -19 -32
right_child=27 2 -4 4 16 6 11 -9 10 -11 -12 14 -14 17 15 -17 20 18 -20 -21 28 -23 24 -25 -26 29 -28 -29 -30 -31 33 -33 -34 -35 -36 -37 -38 -39
leaf_value=-0.1126965461784863 -0.44258648617628571 -0.18637126974599533 0.74363062876065078 0.15033299336808928 0.60875825289888008 0.71216407627837686 1.2060314473021088 1.4044628874084537 1.3361690222249756 -0.28237313887806886 0.26556622355633119 -0.37302024236743148 -0.19925655532935782 -0.13949661344389114 0.50701527843369609 0.019385986355611191 0.39968330778366751 -0.10932323685437741 0.93087344431789587 0.38299430945528562 -0.077691938753750578 0.006630714436132645 -0.58497399638375114 -0.50372221651626181 -0.038739735258645838 -0.40687990772775079 -0.10970046669597328 -0.085358220061357903 -0.23736851077826773 -0.15932381228905435 -0.13105731703893828 0.2484625079000076 0.124474762897945 0.00400952477526901 0.10656634621532232 -0.066021527279750816 0.074959277388246565 -0.24668474869764603
leaf_weight=286 187 148 166 162 147 227 152 200 158 588 152 259 151 1413 213 2568 209 167 145 249 256 40032 259 231 166 273 522 184 173 305 290 150 147 164 331 164 155 314
leaf_count=286 187 148 166 162 147 227 152 200 158 588 152 259 151 1413 213 2568 209 167 145 249 256 40032 259 231 166 273 522 184 173 305 290 150 147 164 331 164 155 314
internal_value=0.011717 0.0137062 0.247846 0.0109055 -0.0845187 0.0173106 0.132018 0.398512 0.219666 -0.00536159 0.811253 0.0406571 0.505721 0.0033612 0.00109534 0.0567358 0.132031 0.00692695 0.274827 0.00392622 0.0597051 0.0016487 -0.199765 -0.287417 -0.31667 -0.37179 -0.197028 -0.265424 -0.0337922 -0.276254 -0.0925809 0.0628885 -0.0314748 -0.149492 0.0262078 0.0414921 -0.020615 -0.191172
internal_weight=52063 51692 611 51081 3213 47868 5190 1325 1125 815 310 3865 303 42678 3562 2781 1116 42161 467 41694 969 41445 2097 517 1003 837 781 371 760 578 1094 445 295 768 587 326 322 604
internal_count=52063 51692 611 51081 3213 47868 5190 1325 1125 815 310 3865 303 42678 3562 2781 1116 42161 467 41694 969 41445 2097 517 1003 837 781 371 760 578 1094 445 295 768 587 326 322 604
is_linear=0
shrinkage=0.03


Tree=119
num_leaves=39
num_cat=0
split_feature=195 189 191 204 200 185 191 189 189 141 202 191 189 141 192 203 132 183 183 197 132 197 207 193 94 197 191 80 202 197 203 193 204 203 197 86 16 206
split_gain=33088.6 37099.1 89736.2 116952 33529.5 40708.5 70412.9 35497.9 86735.8 233111 42052.8 41431.8 48929.5 42517.6 34871.3 34129.2 23907.7 23904 18321.9 16252.5 16203.4 15555.4 14180.8 12904.5 9689.17 7409.17 2477.57 2191.81 1996.68 1927.98 1400.21 1280.09 1113.95 1037.21 673.793 612.49 314.393 162.644
threshold=1.0000000180025095e-35 192.01104736328128 28.30030727386475 13.000000000000002 30.849999427795414 2063.799926757813 10.449999809265138 128.50000000000003 114.49506759643556 18.936250686645511 -0.47714059054851526 12.949999809265138 102.05687713623048 20.833018302917484 1.7395005226135256 0.68832838535308849 -41.864688873291009 251.94999694824222 85.26868057250978 986.45001220703136 -102.87227630615233 979.75000000000011 0.8522624969482423 34.649999618530281 29.07035064697266 983.64999389648449 25.01662635803223 13.635000228881838 0.90255093574523937 973.25000000000011 -0.55191597342491139 27.050000190734867 11.000000000000002 -0.62249094247817982 971.04998779296886 14.34999990463257 60.102409362792976 -0.25000000000000006
decision_type=2 10 10 2 2 10 10 10 10 10 2 8 10 10 8 2 8 10 10 2 10 2 2 2 10 2 8 2 2 2 2 2 2 2 2 10 10 2
left_child=1 4 3 -3 5 7 -7 8 11 18 14 13 -13 -1 15 -9 25 -8 -10 21 -12 28 -6 -22 26 27 -21 -2 29 32 36 -32 33 -18 -34 37 -31 -30
right_child=16 2 -4 -5 22 6 17 10 9 -11 20 12 -14 -15 -16 -17 19 -19 -20 24 23 -23 -24 -25 -26 -27 -28 -29 35 30 31 -33 34 -35 -36 -37 -38 -39
leaf_value=-0.062097999618094271 -0.098248422892486337 -0.041452563688658885 -0.19742791554933709 1.0776529110088919 -0.09154090562793471 0.80984468700244949 0.37598632285837014 -0.060722963255975558 -0.03736529915224792 1.3902061263722851 0.049200729945771696 0.024481295499132909 -0.18777061093623534 -0.64724446030550642 0.40091278044208972 0.30205554630560477 -0.084770490062580001 -0.10062800957090332 0.23127171187051004 -0.19609346445081174 -0.20789048397596507 0.23401144094061455 -0.46938109024146552 -0.47312970387032433 -0.40767467813960706 -0.38151282025170163 -0.030169936717301959 -0.25033856211288136 0.00049259336197644398 0.056712598463031526 -0.10807183974566252 -0.0086903482269718862 -0.093958327256879581 -0.18810536622267271 -0.01079820446322868 0.041701169321213469 -0.0032506951708645999 -0.039829824239441758
leaf_weight=342 196 154 231 185 185 157 145 3010 412 149 179 39938 1002 166 176 253 218 273 513 161 848 213 173 205 145 239 163 151 211 162 215 255 171 146 180 288 153 157
leaf_count=342 196 154 231 185 185 157 145 3010 412 149 179 39938 1002 166 176 253 218 273 513 161 848 213 173 205 145 239 163 151 211 162 215 255 171 146 180 288 153 157
internal_value=0.0116194 0.0179578 0.258563 0.56928 0.015108 0.0172759 0.268174 0.0142189 0.0228423 0.289014 -0.0642839 0.0159452 0.0192864 -0.253316 -0.0104067 -0.0325937 -0.0785247 0.0647085 0.11162 -0.0425023 -0.214675 -0.0105586 -0.274137 -0.259532 -0.203852 -0.252977 -0.112624 -0.164438 -0.0347217 -0.0538139 -0.0213531 -0.0541542 -0.0894514 -0.126223 -0.0513146 0.00893373 0.0275871 -0.0167097
internal_weight=52120 48696 570 339 48126 47768 575 47193 42522 1074 4671 41448 40940 508 3439 3263 3424 418 925 2838 1232 2369 358 1053 469 586 324 347 2156 1500 785 470 715 364 351 656 315 368
internal_count=52120 48696 570 339 48126 47768 575 47193 42522 1074 4671 41448 40940 508 3439 3263 3424 418 925 2838 1232 2369 358 1053 469 586 324 347 2156 1500 785 470 715 364 351 656 315 368
is_linear=0
shrinkage=0.03


Tree=120
num_leaves=39
num_cat=0
split_feature=194 202 194 200 172 202 202 35 19 207 81 189 189 200 205 129 207 204 202 204 200 202 56 188 114 16 161 96 189 96 200 207 207 170 204 194 166 206
split_gain=33618 76265.1 70141.8 182646 143405 150332 69336.2 92674.2 37746.3 62314.8 37233.7 35627 94700.7 47316.9 55267.9 30929.6 85486 126181 64511.7 35020.8 56561.6 152780 39298.3 38077.3 38611.9 29934.8 27112.3 21908.5 18571.6 17881.3 22307.3 23525.8 21519.1 20517.2 16951.5 14293.4 13934 13816.4
threshold=22.500000000000004 -0.99901017546653736 26.500000000000004 15.949999809265138 3.0149999856948857 -0.3172925859689712 -0.74892720580101002 205.64598083496097 0.80405861139297496 0.93237596750259411 54.850000381469734 182.50000000000003 196.50000000000003 18.849999427795414 -0.93301269412040699 102.22916793823244 0.8337649703025819 1.0000000180025095e-35 0.89490029215812694 17.000000000000004 6.3500001430511483 0.9536806344985963 69.720260620117202 4.2407984733581552 -640.24139404296864 97.43991851806642 406.03498840332037 39.229003906250007 153.50000000000003 42.396379470825202 14.750000000000002 0.86113432049751293 0.86113432049751293 0.82500001788139354 13.000000000000002 14.500000000000002 3.5000000000000004 -0.68301269412040699
decision_type=2 2 2 2 2 2 2 10 10 2 2 10 10 2 2 10 2 2 2 2 2 2 10 10 8 10 2 8 8 10 2 2 2 2 2 2 2 2
left_child=1 -1 3 4 6 -6 7 -2 10 -10 15 13 -13 28 -15 19 27 -18 -19 23 21 -21 -22 24 -4 36 34 -17 37 33 32 -32 -31 -12 -16 -28 -5 -3
right_child=2 11 8 25 5 -7 -8 -9 9 -11 29 12 -14 14 26 16 17 18 -20 20 22 -23 -24 -25 -26 -27 35 -29 -30 30 31 -33 -34 -35 -36 -37 -38 -39
leaf_value=0.54511055491828886 0.06430796014120127 -0.052952259050429204 -0.13314477539351816 -0.17001935554572389 1.3696746002324969 0.26483075969859571 -0.065029141572739702 1.0655660622970675 -0.1529998653582729 0.59542552626977985 -0.14190771464176893 0.71818208549769369 -0.24577502129277209 0.37480622508979627 -0.20415544565069993 -0.0090333018561595483 0.92275264702752202 0.26785532289025632 -0.11579293394503015 0.10703199443481261 -0.0049348453863029161 1.1346967233771252 0.1329438719762874 0.47216759415246556 -0.0014365875084481198 0.035874901488440018 -0.52412687727405127 -0.3029137730212253 -0.37749600359566515 -0.18916409665446163 -0.16033716955926264 0.28918779011056356 -0.56441589913512313 0.047414252030324171 0.037769708548005293 -0.13338907915926304 -0.51275154792075928 -0.23935083420572512
leaf_weight=177 190 587 2177 224 236 209 453 148 167 250 912 168 202 283 342 1575 212 1286 569 787 6725 156 2572 147 25101 367 160 267 501 520 353 149 187 1184 1096 178 204 917
leaf_count=177 190 587 2177 224 236 209 453 148 167 250 912 168 202 283 342 1575 212 1286 569 787 6725 156 2572 147 25101 367 160 267 501 520 353 149 187 1184 1096 178 204 917
internal_value=0.0117948 -0.0655304 0.0193285 0.191805 0.419967 0.850788 0.177588 0.502747 0.0115949 0.295699 0.00895499 -0.0899076 0.19192 -0.115567 -0.0145522 0.0166595 0.0969812 0.229418 0.150175 0.00832338 0.0556645 0.277048 0.0332091 -0.00935293 -0.011948 -0.162923 -0.0765971 -0.0516331 -0.219301 -0.0879603 -0.179839 -0.0269088 -0.288424 -0.0349626 -0.0197681 -0.318364 -0.333386 -0.166602
internal_weight=51938 4611 47327 2031 1236 445 791 338 45296 417 44879 4434 370 4064 2059 41574 3909 2067 1855 37665 10240 943 9297 27425 27278 795 1776 1842 2005 3305 1209 502 707 2096 1438 338 428 1504
internal_count=51938 4611 47327 2031 1236 445 791 338 45296 417 44879 4434 370 4064 2059 41574 3909 2067 1855 37665 10240 943 9297 27425 27278 795 1776 1842 2005 3305 1209 502 707 2096 1438 338 428 1504
is_linear=0
shrinkage=0.03


Tree=121
num_leaves=39
num_cat=0
split_feature=80 123 203 200 200 197 189 202 196 201 194 161 196 203 194 196 205 203 76 77 141 203 196 208 203 123 207 91 208 208 202 206 207 207 165 202 94 203
split_gain=31071.9 38190.8 128631 114127 250446 405320 113644 81968.1 64593.6 48422.7 32131.1 35739.8 34631.8 41409.9 124040 76600.5 94887.5 38505.8 61464.3 36978.7 33224.1 32205.2 31458.9 27785.4 26975.1 23370.6 37033.2 21597.8 42873.9 19995.3 28835.9 17504.3 16561.1 16037.5 14985.4 15342.9 15626.9 14545.4
threshold=52.868499755859382 20.3649435043335 -0.94828754663467396 19.94999980926514 17.349999427795414 979.04998779296886 179.50000000000003 0.99140709638595592 1.5000000000000002 87.500000000000014 22.500000000000004 55.555000305175788 98.500000000000014 0.53727915883064281 24.500000000000004 94.500000000000014 -1.0000000180025095e-35 -0.89490029215812672 43.899505615234382 91.534317016601577 23.590524673461918 0.55191597342491161 95.500000000000014 0.96462664008140575 -0.043617725372314446 13.066717624664308 0.9937499761581422 16.550000190734867 0.089118976145982756 -0.42179730534553522 0.8038262426853181 0.93301269412040722 0.98049071431159984 0.80417552590370189 5.5730712413787851 -0.95368063449859608 55.79548645019532 0.31729258596897131
decision_type=2 10 2 2 2 2 10 2 2 2 2 2 2 2 2 2 2 2 10 10 10 2 2 2 2 10 2 8 2 2 2 2 2 2 2 2 10 2
left_child=1 10 -3 4 6 -6 7 9 -7 -4 11 22 13 19 -15 21 -17 18 -14 20 23 -16 37 -12 -2 26 32 28 -26 30 -5 34 -19 -27 35 -29 -37 -1
right_child=24 2 3 29 5 8 -8 -9 -10 -11 12 -13 17 14 15 16 -18 25 -20 -21 -22 -23 -24 -25 27 33 -28 31 -30 -31 -32 -33 -34 -35 -36 36 -38 -39
leaf_value=-0.1320210835571991 -0.16556535533352543 0.76597252078962075 0.22242664011697477 -0.63842217884177965 1.8656737421380656 0.55309947113647362 0.85237761903160825 0.69339667982978315 -0.29323292121117878 -0.096084775343836734 -0.010053986542873377 -0.20827464266165172 0.72296712146932163 0.82200149437739845 0.35507826107877705 -0.0052120062523723079 0.82353167617511847 -0.044206845002262976 -0.090833218064496457 0.46822765845429659 0.45134215050285664 0.034472705557432419 0.41703058725641318 0.14852260120384442 -0.04366677435607362 -0.051937318714637491 0.40808798088895776 0.18370951702545948 0.59868428108138205 -0.074199218166622713 -0.18158025821943935 -0.34982334753506156 -0.31746619278897714 -0.28298276047912235 0.10429836015748631 -0.058420772953342991 -0.31878051388741258 0.037946727262703386
leaf_weight=816 1578 245 530 183 188 157 148 146 168 2267 21358 1255 145 196 290 240 258 3695 197 153 146 10192 148 1043 254 439 159 191 148 547 388 158 211 704 608 1244 249 1019
leaf_count=816 1578 245 530 183 188 157 148 146 168 2267 21358 1255 145 196 290 240 258 3695 197 153 146 10192 148 1043 254 439 159 191 148 547 388 158 211 704 608 1244 249 1019
internal_value=0.00995307 0.0170212 0.095751 0.0609752 0.14312 0.756984 0.0412376 0.000443601 0.115614 -0.0357298 0.00785538 -0.0829905 0.0153164 0.0266971 0.0739683 0.0606147 0.424144 -0.0541486 0.254208 0.00342384 0.000269548 0.0433431 -0.00370001 -0.00267052 -0.066043 -0.0743984 -0.0406993 -0.0109772 0.192828 -0.203827 -0.328002 -0.0444186 -0.058969 -0.194245 -0.0233639 -0.0694563 -0.101845 -0.0376358
internal_weight=52061 47631 4967 4722 3604 513 3091 2943 325 2797 42664 3238 39426 33876 11176 10980 498 5550 342 22700 22547 10482 1983 22401 4430 5208 4065 2852 402 1118 571 2450 3906 1143 2292 1684 1493 1835
internal_count=52061 47631 4967 4722 3604 513 3091 2943 325 2797 42664 3238 39426 33876 11176 10980 498 5550 342 22700 22547 10482 1983 22401 4430 5208 4065 2852 402 1118 571 2450 3906 1143 2292 1684 1493 1835
is_linear=0
shrinkage=0.03


Tree=122
num_leaves=38
num_cat=0
split_feature=199 194 193 202 207 202 200 200 199 203 131 203 96 204 194 203 151 203 200 199 199 75 190 194 180 194 193 105 54 77 202 207 76 105 204 203 139
split_gain=34778.3 34415.5 69292.8 293170 831934 68586.7 60957.2 70638 50274.3 43588.6 512288 56364.8 93264.6 43892.7 36820.3 57343.1 303266 42102.6 34862.3 32640.7 40254.7 90818 29083.9 43155.9 28757.1 28468.1 26124.2 22696.3 21195.4 17683 16561.7 14987.5 10148.8 9526.19 8420.42 7485.74 3702.17
threshold=3.5000000000000004 23.500000000000004 34.850000381469734 -0.49240480363368982 0.86975130438804638 -0.99901017546653736 8.2500000000000018 10.750000000000002 159.50000000000003 -0.95368063449859608 -63.372667312622063 -0.46173103153705591 40.908714294433601 11.000000000000002 72.500000000000014 -0.39873388409614557 35.729999542236335 -0.35019405186176294 3.1499999761581425 275.50000000000006 281.50000000000006 28.689633369445804 0.67294713854789745 43.500000000000007 0.41106283664703375 71.500000000000014 22.349999427795414 -80.23498153686522 88.288688659667983 90.032672882080092 0.77159520983695995 0.94978111982345592 47.61695861816407 -50.802837371826165 19.000000000000004 -0.85260769724845875 19.233499526977543
decision_type=2 2 2 2 2 2 2 2 2 2 8 2 10 2 2 2 2 2 2 2 2 10 10 2 2 2 2 8 8 10 2 2 8 8 2 2 8
left_child=-1 5 9 4 -4 -2 -7 -8 30 10 -3 12 22 26 15 16 -13 -17 -12 27 21 -21 23 -11 -22 32 -14 -9 -15 31 -5 -16 -20 -32 -27 -24 -29
right_child=1 2 3 8 -6 6 7 19 -10 11 18 14 13 28 29 17 -18 -19 25 20 24 -23 35 -25 -26 34 -28 36 -30 -31 33 -33 -34 -35 -36 -37 -38
leaf_value=0.42874724001038345 0.51736241775336578 1.4119829369202186 -0.15137197522213913 0.33875266151454059 2.7094106053349032 -0.56995436675205324 0.56954898212077321 -0.024637348167828529 -0.44168335067005304 0.28103499825129691 0.2929334170568092 -0.045812298467924235 -0.16659808125412157 -0.2118488676793841 -0.015043923446289664 -0.21576704040163613 1.4547353863926102 0.040825211366066427 -0.17871375946913284 0.82049508191429177 0.021283211448371097 -0.064830843096909202 0.045644866377289123 -0.016915637908535976 -0.16190764059556501 -0.047085822611056129 -0.49267489989825186 -0.30876935227969832 0.27832823031872839 0.29875274275254082 -0.18992635231046054 -0.12584657325487525 -0.45384119722195615 0.10557156423468078 0.16582092257490438 -0.18422410616385804 -0.47845860167827547
leaf_weight=179 176 252 245 153 146 223 154 276 247 485 238 500 322 174 10221 590 160 23444 435 151 1346 337 146 4468 1806 531 706 433 146 152 180 1231 167 216 244 1006 158
leaf_count=179 176 252 245 153 146 223 154 276 247 485 238 500 322 174 10221 590 160 23444 435 151 1346 337 146 4468 1806 531 706 433 146 152 180 1231 167 216 244 1006 158
internal_value=0.0113116 0.0098708 0.0179059 0.244193 0.916887 -0.0644536 -0.0854209 -0.0622378 -0.0862443 0.0120177 0.153976 0.00595987 -0.0691863 -0.295031 0.0213895 0.042102 0.317972 0.0345261 -0.0423268 -0.0838266 -0.0444244 0.209122 -0.0193187 0.0122602 -0.0836796 -0.100275 -0.390541 -0.24925 0.0117948 -0.0226878 0.073675 -0.0269545 -0.255043 -0.028746 0.0199462 -0.155091 -0.354142
internal_weight=52044 51865 46805 1187 391 5060 4884 4661 796 45618 1867 43751 7453 1348 36298 24694 660 24034 1615 4507 3640 488 6105 4953 3152 1377 1028 867 320 11604 549 11452 602 396 775 1152 591
internal_count=52044 51865 46805 1187 391 5060 4884 4661 796 45618 1867 43751 7453 1348 36298 24694 660 24034 1615 4507 3640 488 6105 4953 3152 1377 1028 867 320 11604 549 11452 602 396 775 1152 591
is_linear=0
shrinkage=0.03


Tree=123
num_leaves=39
num_cat=0
split_feature=198 123 203 202 200 198 200 206 197 94 36 185 206 203 194 206 201 206 201 55 177 202 194 74 96 75 55 205 200 198 59 205 208 81 187 194 201 194
split_gain=29370.3 36074.3 148135 121495 94987.6 146065 387170 270114 87567.6 28856 43086 113621 39405.4 29751.6 29750.1 51791.4 69239.8 27393.2 67486.5 40507.5 23675.7 30928.8 23331.2 23090.8 22000.6 21970.5 21906.2 21472 21077.1 20661 19894.2 18389.6 17937 28150.7 17467.4 17133.4 17040.7 37312.2
threshold=19.300000190734867 18.298566818237308 -0.98897820711135853 -0.99901017546653736 19.849999427795414 4.8500001430511483 8.5500001907348651 0.93301269412040722 980.75000000000011 37.238622665405281 284.62066650390631 74.267734527587905 0.93301269412040722 -0.043617725372314446 40.500000000000007 1.0000000180025095e-35 237.50000000000003 1.0000000180025095e-35 97.500000000000014 97.625007629394545 3.2413094043731694 0.74892720580101024 63.500000000000007 33.214681625366218 33.58154487609864 49.04640197753907 78.946269989013686 1.0000000180025095e-35 10.650000095367433 5.5499999523162851 0.51818838715553295 -1.0000000180025095e-35 -0.42179730534553522 24.034999847412113 44.020254135131843 78.500000000000014 3502.5000000000005 15.500000000000002
decision_type=2 10 2 2 2 2 2 2 2 10 10 8 2 2 2 2 2 2 2 8 2 2 2 8 10 10 10 2 2 2 10 2 2 2 10 2 2 2
left_child=1 9 -3 -4 5 8 -7 -8 28 10 20 -12 13 23 -15 16 -16 18 22 31 26 34 -13 29 -2 -17 36 -20 -5 -11 -10 -19 33 -6 -22 -21 -1 -38
right_child=24 2 3 4 32 6 7 -9 30 12 11 17 -14 14 15 25 -18 19 27 35 21 -23 -24 -25 -26 -27 -28 -29 -30 -31 -32 -33 -34 -35 -36 -37 37 -39
leaf_value=-0.0031964291142672274 -0.047656948925648729 0.98882575705272047 0.79875877496488523 -0.59538242787862194 -0.14440759950652213 1.2782984986783565 0.03643985349885933 1.0481166628946366 -0.0032958337747651637 0.26947464643355651 0.74052929710075965 0.20873671792475981 -0.2849205389711218 -0.092668163987601485 0.34459331546640642 -0.16059993919350862 -0.056114160188619644 0.29849359822588462 -0.060594028856442966 -0.23775083099686894 -0.041914096265998409 0.43727072660270805 0.61104354395882265 -0.20076666306096544 -0.48527645625025528 0.052973203089272183 -0.19929586237266125 0.1467747304785208 -0.26791368036025837 -0.090790385178598387 0.38703887488772165 0.030693880214410288 -0.08392243263763649 -0.54512793559963513 0.30192767110988383 -0.016445357897981339 -0.049986836794911546 0.50786276831853994
leaf_weight=29892 236 156 192 272 422 272 3464 255 556 200 235 231 595 1737 961 864 651 377 852 608 517 247 296 1337 184 870 507 951 506 505 149 595 796 252 179 653 257 186
leaf_count=29892 236 156 192 272 422 272 3464 255 556 200 235 231 595 1737 961 864 651 377 852 608 517 247 296 1337 184 870 507 951 506 505 149 595 796 252 179 653 257 186
internal_value=0.0104699 0.0125038 0.0743352 0.0543423 0.0337582 0.0912567 0.185722 0.10581 -0.162964 0.00232673 0.013449 0.0972463 -0.0503785 -0.0307917 0.00806366 0.0603565 0.18277 0.0641149 0.136074 -0.0109696 0.00079958 0.148872 0.434708 -0.127511 -0.239383 -0.0534439 -0.0037278 0.0487835 -0.382408 0.0114141 0.0792039 0.134565 -0.180354 -0.294238 0.0465188 -0.123151 -0.000459124 0.184239
internal_weight=52015 51595 7292 7136 6944 5474 3991 3719 1483 44303 36583 4798 7720 7125 5083 3346 1612 4563 2330 2233 31785 943 527 2042 420 1734 30842 1803 778 705 705 972 1470 674 696 1261 30335 443
internal_count=52015 51595 7292 7136 6944 5474 3991 3719 1483 44303 36583 4798 7720 7125 5083 3346 1612 4563 2330 2233 31785 943 527 2042 420 1734 30842 1803 778 705 705 972 1470 674 696 1261 30335 443
is_linear=0
shrinkage=0.03


Tree=124
num_leaves=39
num_cat=0
split_feature=207 197 202 196 202 203 193 193 197 202 205 193 200 208 196 201 208 205 203 16 199 197 199 76 202 205 197 96 204 201 199 206 207 207 197 196 193 202
split_gain=32285.1 84707.7 242894 229703 373294 349520 156389 263951 88699.3 154349 402331 81100.4 353229 112763 224782 65608.6 105767 280714 353119 65998.2 62495.8 62482.3 59737.4 56493.5 47958.1 46996.1 45581 43771.3 38720.8 35950.9 54667.8 33242.2 34104.8 30191.7 43807.2 26866.8 25667 24696.5
threshold=0.72102680802345287 978.14999389648449 -0.97988739609718312 1.5000000000000002 0.87878364324569713 -0.82409480214118946 35.250000000000007 37.049999237060554 980.35000610351574 -0.9366365075111388 0.68301269412040722 34.149999618530281 9.8499999046325701 0.10623887926340105 1.0000000180025095e-35 832.50000000000011 -0.15950992703437802 0.68301269412040722 -0.38266885280609125 138.27912139892581 284.50000000000006 976.04998779296886 305.50000000000006 64.992843627929702 0.8038262426853181 0.68301269412040722 979.25000000000011 13.225347995758058 17.000000000000004 1482.5000000000002 316.50000000000006 -0.93301269412040699 -0.25309335440397257 -0.92599865794181813 981.95001220703136 11.500000000000002 28.750000000000004 -0.99353402853012074
decision_type=2 2 2 2 2 2 2 2 2 2 2 2 2 2 2 2 2 2 2 10 2 2 2 8 2 2 2 10 2 2 2 2 2 2 2 2 2 2
left_child=28 2 -2 4 5 -4 -5 -8 9 10 37 15 -13 -14 -15 16 17 18 -10 27 -19 -9 -7 29 26 -21 36 -18 31 35 -31 32 -1 34 -30 -17 -11 -3
right_child=1 8 3 6 -6 22 7 21 11 24 -12 12 13 14 -16 23 19 20 -20 25 -22 -23 -24 -25 -26 -27 -28 -29 33 30 -32 -33 -34 -35 -36 -37 -38 -39
leaf_value=0.20694176632233799 1.034402385053286 -0.52152112319569499 1.4801020312991255 -0.30888092569121872 1.8116920764437194 -0.32524939091707938 1.2655474767402102 -0.42929865705891979 1.8753258525049832 -0.76542535817042434 1.3840576301917544 1.5994202145827354 -0.21410181737435985 -0.38807739739197505 0.98780460281204008 -0.090861603244955777 0.25252316111219353 -0.26322128979169163 0.33235946697035168 0.13425166468391531 0.42549151645808536 0.25909551973949457 0.30923960240189596 0.49291130691837448 -0.073719107752128032 0.61584502224114657 -0.16309977512907783 -0.011361637406971953 0.1001440008835911 -0.05963717391544876 0.52878156786417363 -0.046725326192081452 -0.022381667992594678 0.019160093845505315 0.56757921285710955 -0.31276747155334722 -0.40689420708165547 -0.070072269543721796
leaf_weight=990 275 152 155 1148 158 406 176 244 179 264 198 158 551 180 263 1048 600 566 525 634 150 231 199 148 679 256 521 9900 1071 1838 154 18341 1422 6147 217 924 563 386
leaf_count=990 275 152 155 1148 158 406 176 244 179 264 198 158 551 180 263 1048 600 566 525 634 150 231 199 148 679 256 521 9900 1071 1838 154 18341 1422 6147 217 924 563 386
internal_value=0.00981983 0.0355255 0.184793 0.098797 0.484942 0.209099 -0.098248 0.273189 0.0140919 -0.144215 0.227892 0.0382926 0.281851 0.0724052 0.428758 0.0217117 0.0551796 0.299319 0.724696 0.0247423 -0.118934 -0.0945224 -0.116548 -0.0825496 -0.279327 0.272783 -0.382892 0.00371767 -0.0119107 -0.104036 -0.0141445 -0.0329563 0.0717439 0.0468329 0.178901 -0.194839 -0.521355 -0.197627
internal_weight=52017 23829 2992 2717 918 760 1799 651 20837 2763 736 18074 1152 994 443 16922 12810 1420 704 11390 716 475 605 4112 2027 890 1348 10500 28188 3964 1992 20753 2412 7435 1288 1972 827 538
internal_count=52017 23829 2992 2717 918 760 1799 651 20837 2763 736 18074 1152 994 443 16922 12810 1420 704 11390 716 475 605 4112 2027 890 1348 10500 28188 3964 1992 20753 2412 7435 1288 1972 827 538
is_linear=0
shrinkage=0.03


Tree=125
num_leaves=30
num_cat=0
split_feature=199 200 185 198 185 123 123 198 200 196 79 197 191 168 75 144 191 98 207 189 176 198 200 198 204 185 161 200 94
split_gain=29085 28640.9 38011.6 58563.3 29011.4 82531.2 67136.8 243444 314214 303798 47493.5 30659 26466.5 28701.9 52315.7 22221.8 21172.1 17791.2 14231.1 12960.2 13026.9 11107.1 11097.8 10714.1 10127.3 9191.67 3387.67 2415.94 1915
threshold=3.5000000000000004 30.849999427795414 2063.799926757813 12.550000190734865 1112.0000000000002 12.688198089599611 25.777732849121097 4.9500000476837167 8.6500000953674334 1.5000000000000002 1.1103657484054568 984.25000000000011 14.250000000000002 0.38180281221866613 76.651638031005874 0.42022512853145605 19.740631103515629 41.056499481201179 0.8522624969482423 145.50000000000003 7.2699999809265146 8.8499999046325701 16.650000572204593 8.6500000953674334 3.0000000000000004 98.545921325683608 3.0300000905990605 21.750000000000004 27.123618125915531
decision_type=2 2 10 2 10 8 10 2 2 2 10 2 8 2 10 10 10 2 2 10 2 2 2 2 2 10 2 2 10
left_child=-1 2 4 -4 6 10 12 16 -9 -10 21 -12 19 15 -15 -14 -8 22 -3 20 -2 -6 23 -7 -24 -18 -5 -23 -21
right_child=1 18 3 26 5 17 7 8 9 -11 11 -13 13 14 -16 -17 25 -19 -20 28 -22 27 24 -25 -26 -27 -28 -29 -30
leaf_value=0.39099223195356642 -0.0099020190323641944 -0.085550101760509478 0.5660781883313748 -0.12253809040485432 -0.20114322543129184 -0.42023600768796393 -0.63301145828419403 1.6314985529235411 0.66455559151226906 -0.059790120895244395 0.70782520263209936 0.14024447385655295 -0.01027308209989212 0.024021949006835238 0.43078398171688931 -0.1245339656866746 -0.37598996590984085 -0.49807740259218181 -0.45597883531464134 -0.22381080270975873 -0.31936210391992298 0.094184408302793801 -0.35227050981856689 -0.1154045321133311 -0.097407235800434561 -0.14391721383529274 0.073604272347947169 -0.00518580725643265 -0.36692963214927271
leaf_weight=179 597 207 278 168 219 292 148 149 828 1406 154 193 17592 23852 288 1678 253 185 170 164 154 383 165 161 938 391 150 518 173
leaf_count=179 597 207 278 168 219 292 148 149 828 1406 154 193 17592 23852 288 1678 253 185 170 164 154 383 165 161 938 391 150 518 173
internal_value=0.0092505 0.00793264 0.00984071 0.248031 0.00705059 -0.0802759 0.012927 0.146206 0.297649 0.20868 0.0854904 0.392153 0.00341725 0.00708012 0.028875 -0.0202228 -0.309459 -0.219954 -0.252595 -0.142726 -0.0733636 -0.00952227 -0.186883 -0.311902 -0.135536 -0.235093 -0.0300174 0.0370549 -0.297291
internal_weight=52033 51854 51477 596 50881 3208 47673 3175 2383 2234 1467 347 44498 43410 24140 19270 792 1741 377 1088 751 1120 1556 453 1103 644 318 901 337
internal_count=52033 51854 51477 596 50881 3208 47673 3175 2383 2234 1467 347 44498 43410 24140 19270 792 1741 377 1088 751 1120 1556 453 1103 644 318 901 337
is_linear=0
shrinkage=0.03


Tree=126
num_leaves=39
num_cat=0
split_feature=200 141 200 59 76 208 193 203 199 95 203 196 141 96 203 123 206 95 35 201 200 193 193 206 204 199 206 203 186 193 201 196 193 95 199 204 55 190
split_gain=27896.7 77541.1 52638.2 174632 71559 94776.7 46562.7 34634.8 574963 78346.5 48415.5 76346.9 124668 61310 39433.8 279239 36814.9 113749 47633.2 109737 30272.5 29606.6 67293.7 27590.4 24715.3 27338.9 24363.4 23877.1 22783.4 22444.8 21756.2 63959.8 26930.7 19441.7 18859.9 17443.4 17221.2 15722.5
threshold=5.1499998569488534 1.0000000180025095e-35 6.9500000476837167 0.77835863828659069 47.895910263061531 0.58307701349258434 32.95000076293946 -0.98624804615974415 173.50000000000003 30.662762641906742 -0.46173103153705591 34.500000000000007 22.922402381896976 40.014425277709968 -0.39873388409614557 20.020567893981937 0.68301269412040722 33.749641418457038 228.20900726318362 147.50000000000003 15.949999809265138 28.849999427795414 29.550000190734867 1.0000000180025095e-35 21.000000000000004 339.50000000000006 -0.68301269412040699 1.0000000180025095e-35 0.26676370203495031 14.150000095367433 562.50000000000011 39.500000000000007 26.750000000000004 30.247671127319339 309.50000000000006 21.000000000000004 58.986642837524421 0.64244803786277782
decision_type=2 10 2 8 10 2 2 2 2 10 2 2 10 10 2 10 2 8 8 2 2 2 2 2 2 2 2 2 8 2 2 2 2 10 2 2 8 8
left_child=1 24 3 4 6 23 -2 8 -4 -10 11 13 21 37 15 28 18 27 34 -20 -15 35 -23 -6 25 26 30 -18 -12 -19 31 -1 -32 -3 -16 -13 -28 -9
right_child=2 33 7 -5 5 -7 -8 10 9 -11 14 12 -14 20 16 -17 17 29 19 -21 -22 22 -24 -25 -26 -27 36 -29 -30 -31 32 -33 -34 -35 -36 -37 -38 -39
leaf_value=0.66776049658223724 -0.066823060109919521 -0.18025660899933502 1.6570063542956361 0.87696449064485427 -0.077768801962080816 0.87587629123182653 0.41884862103447035 0.063592536910708874 -0.012362986692082941 -0.7724393828541033 0.32245720425646429 -0.10111205946532732 0.79744841349851348 -0.23108659850545973 -0.022250006453152071 1.4003444507033045 -0.090385681230105153 0.021481039704090436 0.19740656448167482 0.0047378679048531306 -0.54167975824083481 0.56300212782446302 -0.024561358841206932 0.39546788454030551 0.27562028157609841 0.31231264649438262 -0.027504670153733292 0.061659482809982805 -0.065818678140093845 -0.23905913567864567 -0.26911228198554127 -0.10145542153868112 0.13473290562382212 -0.452417717984541 0.05691635122813779 0.19148988980484599 -0.21723874335038718 -0.11934576180607079
leaf_weight=177 1898 517 184 261 294 203 196 564 332 193 165 1895 182 854 12986 149 1166 341 4145 7429 422 240 652 178 275 205 935 4584 774 2337 264 216 340 435 3422 203 798 1689
leaf_count=177 1898 517 184 261 294 203 196 564 332 193 165 1895 182 854 12986 149 1166 341 4145 7429 422 240 652 178 275 205 935 4584 774 2337 264 216 340 435 3422 203 798 1689
internal_value=0.00765813 -0.0668438 0.0141264 0.13515 0.0652258 0.333837 -0.021362 0.00596076 0.213976 -0.291791 0.00262391 -0.0716508 0.0351577 -0.167654 0.015897 0.193867 0.0105789 -0.0443878 0.0271346 0.0737385 -0.33381 -0.0112448 0.133531 0.100701 0.00367474 -0.0218063 -0.046897 0.0308272 0.00241083 -0.205883 0.0712595 0.244992 -0.041783 -0.30462 -0.00573928 -0.0727993 -0.114873 -0.07355
internal_weight=52100 4162 47938 3030 2769 675 2094 44908 709 525 44199 6701 3172 3529 37498 1088 36410 8428 27982 11574 1276 2990 892 472 3210 2935 2730 5750 939 2678 997 393 604 952 16408 2098 1733 2253
internal_count=52100 4162 47938 3030 2769 675 2094 44908 709 525 44199 6701 3172 3529 37498 1088 36410 8428 27982 11574 1276 2990 892 472 3210 2935 2730 5750 939 2678 997 393 604 952 16408 2098 1733 2253
is_linear=0
shrinkage=0.03


Tree=127
num_leaves=39
num_cat=0
split_feature=207 207 208 201 207 207 203 201 199 207 199 141 208 199 206 204 200 207 198 183 203 166 185 198 191 199 189 189 201 192 95 204 201 183 198 204 75 187
split_gain=28024.1 39412.9 180102 359944 46912.1 221486 227490 464178 743317 185982 253731 112884 38220.4 63213.5 127363 118991 84583.7 65531.3 48813.9 42271 36461.4 75740.2 34936.3 112985 43513.9 31029.7 30165.3 29274.3 26947.2 26514.4 16332.2 16317.5 11167.6 9235.29 8556.62 6866.01 6379.94 5715.93
threshold=0.9990701973438264 0.9937499761581422 0.089118976145982756 512.50000000000011 0.94425827264785778 0.9159645438194276 -0.3172925859689712 92.500000000000014 276.50000000000006 0.9260200858116151 289.50000000000006 8.4145617485046404 0.15738975256681445 176.50000000000003 0.25000000000000011 5.0000000000000009 8.2500000000000018 0.98522606492042553 13.050000190734865 259.01199340820318 0.99901017546653759 61.500000000000007 2063.799926757813 13.750000000000002 14.949999809265138 211.50000000000003 36.013967514038093 118.36751174926759 722.50000000000011 1.1597523689270022 54.752595901489265 13.000000000000002 1092.5000000000002 106.94889068603517 6.1499998569488534 15.000000000000002 30.79913425445557 15.449999809265138
decision_type=2 2 2 2 2 2 2 2 2 2 2 10 2 2 2 2 2 2 2 8 2 2 10 2 8 2 10 10 2 10 10 2 2 10 2 2 10 10
left_child=1 4 26 -4 5 20 -7 8 -8 10 -9 -11 13 14 -6 36 -17 -18 30 -20 22 -22 24 -24 25 -1 29 31 -26 -3 32 33 34 -28 -14 -34 -15 -2
right_child=37 2 3 -5 12 6 7 9 -10 11 -12 -13 18 15 -16 16 17 -19 19 -21 21 -23 23 -25 28 -27 27 -29 -30 -31 -32 -33 35 -35 -36 -37 -38 -39
leaf_value=-0.34184488657535372 -0.021054919104674871 -0.012879360271142915 1.8083763503429864 -0.12515859121340961 -0.26231377065202033 -0.4990848045030214 2.8309578535485396 1.4044172223055915 0.14199247754303304 0.29910602049946572 0.13525834969207651 -0.30902311945527694 -0.20863334068659872 -0.68412538769042641 0.88634538963122933 0.68203276062673746 -0.20356844248658104 0.19515523960123538 0.54879463064653122 -0.13452850553024642 -0.02791803460191284 0.81446143599854992 0.91208468106207274 -0.19516694198047158 0.016687268877619947 -0.066017928592609978 -0.43666157145674706 0.16886539907718992 -0.042122102935986359 0.51408369324771308 0.11560149419361389 0.012343073433867993 -0.23999667620049786 -0.16776663757044938 -0.095362231401726033 -0.47703836085618667 -0.4288370855398082 -0.21918570957187236
leaf_weight=532 170 183 160 189 153 282 170 231 203 506 367 601 1471 157 201 177 771 715 166 160 261 152 151 184 29760 1184 226 275 9174 162 168 224 334 234 1014 164 201 572
leaf_count=532 170 183 160 189 153 282 170 231 203 506 367 601 1471 157 201 177 771 715 166 160 261 152 151 184 29760 1184 226 275 9174 162 168 224 334 234 1014 164 201 572
internal_value=0.00925325 0.0119028 0.15601 0.761299 0.0071011 0.0177696 0.300452 0.408957 1.36757 0.199236 0.625534 -0.0310521 -0.0726718 0.0200938 0.389896 -0.0446824 0.0621228 -0.0117193 -0.136036 0.213426 0.00165449 0.282121 -0.00117178 0.303933 -0.00368625 -0.151532 -0.00599253 -0.0925368 0.00283003 0.23457 -0.172192 -0.197634 -0.188401 -0.299883 -0.162414 -0.318067 -0.540809 -0.173793
internal_weight=52005 51263 1653 349 49610 43758 2360 2078 373 1705 598 1107 5852 2375 354 2021 1663 1486 3477 326 41398 413 40985 335 40650 1716 1304 959 38934 345 3151 684 2983 460 2485 498 358 742
internal_count=52005 51263 1653 349 49610 43758 2360 2078 373 1705 598 1107 5852 2375 354 2021 1663 1486 3477 326 41398 413 40985 335 40650 1716 1304 959 38934 345 3151 684 2983 460 2485 498 358 742
is_linear=0
shrinkage=0.03


Tree=128
num_leaves=31
num_cat=0
split_feature=201 201 199 194 201 196 196 196 149 198 199 199 105 155 194 198 199 198 189 194 144 36 96 199 199 201 170 198 209 96
split_gain=28388.6 59822.3 78466.4 30363.2 108289 154364 91122.8 35652.9 99544.4 191227 103985 51645.2 96912.2 47497.7 50751 38268.7 36213.9 34245.4 31718.9 31268.8 21204.8 20644.9 18830.8 16391.9 22380.2 15076.5 9250.53 8562.87 6243.45 2194.18
threshold=4042.5000000000005 3777.5000000000005 292.50000000000006 22.500000000000004 2537.5000000000005 33.500000000000007 99.500000000000014 4.5000000000000009 74.284999847412124 8.2500000000000018 169.50000000000003 72.500000000000014 -53.257440567016594 473.38500976562506 26.500000000000004 4.6499998569488534 23.500000000000004 13.34999990463257 182.50000000000003 31.500000000000004 -0.02266250271350145 183.14760589599612 34.728387832641609 289.50000000000006 298.50000000000006 3140.0000000000005 0.28000000119209295 8.8499999046325701 4.5000000000000009 39.782493591308601
decision_type=2 2 2 2 2 2 2 2 2 2 2 2 8 2 2 2 2 2 10 2 10 10 10 2 2 2 2 2 2 10
left_child=1 3 -3 6 7 -6 17 8 11 10 -10 12 -5 16 -15 -13 22 18 21 -18 -16 27 -9 29 26 -23 -25 -1 -26 -19
right_child=-2 2 -4 4 5 -7 -8 13 9 -11 -12 15 -14 14 20 -17 19 23 -20 -21 -22 25 -24 24 28 -27 -28 -29 -30 -31
leaf_value=-0.21186541509123399 -0.36364638110480463 0.89867344176452379 -0.065594153924355275 0.85771639436718239 1.2163506431234279 -0.079629852309180085 0.48784112437679572 -0.06525958979504623 -0.47429038146936475 1.0075949394285968 0.40452978680822976 0.08905803455408047 0.10455907487227026 0.22915152448631901 -0.04681614078507515 -0.011548034053273527 0.1366863183707735 -0.20935871730814892 0.13639702133219697 -0.0087589242456853483 -0.39131298200471487 -0.23028783102948064 -0.34508512248419693 0.46950488810248192 0.12995854938350285 -0.51106809667328779 0.13962997260564489 -0.030876377105487372 -0.11257571897843555 -0.060899486171590411
leaf_weight=360 184 156 148 165 162 169 247 461 216 274 276 4299 2256 193 212 16323 1425 163 288 20019 666 1274 408 162 150 199 145 679 263 199
leaf_count=360 184 156 148 165 162 169 247 461 216 274 276 4299 2256 193 212 16323 1425 163 288 20019 666 1274 408 162 150 199 145 679 263 199
internal_value=0.00832146 0.00963882 0.429239 0.00716921 0.013949 0.554672 -0.0708642 0.0101564 0.0359979 0.372441 0.0187038 0.0248136 0.155893 -0.0161548 -0.21131 0.00942499 -0.00678749 -0.106414 -0.161804 0.000906263 -0.308133 -0.195993 -0.196642 0.036923 0.119719 -0.268224 0.313711 -0.0935884 -0.0244863 -0.127752
internal_weight=52141 51957 304 51653 47524 331 4129 47193 23809 766 492 23043 2421 23384 1071 20622 22313 3882 2800 21444 878 2512 869 1082 720 1473 307 1039 413 362
internal_count=52141 51957 304 51653 47524 331 4129 47193 23809 766 492 23043 2421 23384 1071 20622 22313 3882 2800 21444 878 2512 869 1082 720 1473 307 1039 413 362
is_linear=0
shrinkage=0.03


Tree=129
num_leaves=39
num_cat=0
split_feature=80 35 202 187 189 95 197 203 205 95 77 202 59 207 203 19 132 96 207 202 207 207 199 76 198 198 207 207 198 207 197 206 198 202 207 202 198 54
split_gain=32595 40511.2 117760 122905 64578.7 53423.4 47313.4 178188 139805 44372.6 39220.9 28842.7 56153.6 112766 23669.2 24315.2 23465.9 21350.5 20359.6 163350 193452 27412.2 24447.4 45856.7 21388.4 40008.1 19884.4 17003.3 15873.5 15798.9 14624 13542.2 13218 10711.5 14511.5 19844.7 17404.1 16269.5
threshold=52.868499755859382 228.20900726318362 -0.99901017546653736 30.579798698425297 182.50000000000003 15.567385673522951 976.04998779296886 0.33379416167736059 -0.68301269412040699 48.22412300109864 85.573822021484389 -0.84335932135581959 1.0142349600791933 0.91939014196395885 -0.043617725372314446 0.73367947340011608 -105.39930343627928 24.472360610961918 0.98932364583015453 -0.64942333102226246 0.99628883600234996 0.98049071431159984 13.500000000000002 39.124782562255866 5.1499998569488534 8.3499999046325701 0.98522606492042553 0.8337649703025819 6.9500000476837167 0.99865421652793895 985.04998779296886 0.93301269412040722 12.550000190734865 -0.98321744799613942 0.89017060399055492 -0.64942333102226246 13.050000190734865 103.87049865722658
decision_type=2 8 2 10 10 10 2 2 2 10 8 2 8 2 2 10 8 10 2 2 2 2 2 8 2 2 2 2 2 2 2 2 2 2 2 2 2 8
left_child=1 11 3 -3 5 -4 7 8 -7 10 -8 16 18 -14 -2 31 -1 -18 21 20 -20 22 23 -13 29 -26 -23 -24 -11 -21 -28 33 -19 -16 36 -36 37 -35
right_child=14 2 4 -5 -6 6 9 -9 -10 28 -12 12 13 -15 15 -17 17 32 19 24 -22 26 27 -25 25 -27 30 -29 -30 -31 -32 -33 -34 34 35 -37 -38 -39
leaf_value=0.29735605638408225 -0.16274011232646496 1.008390793585783 0.52727493510322843 -0.083606402725949922 0.57588313507212896 1.2946708036405661 0.05277432463486155 -0.35879264810383243 0.10183195363460609 0.0043318396200703619 -0.1631774697699554 0.61172450638036069 0.03816760617783127 0.94576947119214916 0.21784872328403651 0.32138730122155829 -0.025724969144081841 -0.15353939126070287 1.2731451063865165 0.21736076444049249 -0.10078078647859726 -0.27659710900461471 -0.011422374305974448 -0.11453502167976765 -0.39131581827468664 0.13478970695677542 0.21256247337472325 0.073572414876806616 -0.15217040096142023 -0.092342168755215309 -0.14636287706143586 -0.29583210250366837 0.021059190908722495 0.12432276163541936 0.0061394567193124678 -0.32411489128026411 -0.25293416418084619 -0.078266686991001352
leaf_weight=178 1584 231 195 155 200 182 12669 229 172 904 805 166 422 174 156 178 8174 2230 206 294 167 546 13317 148 353 206 170 2519 1644 299 256 175 473 891 328 327 203 595
leaf_count=178 1584 231 195 155 200 182 12669 229 172 904 805 166 422 174 156 178 8174 2230 206 294 167 546 13317 148 353 206 170 2519 1644 299 256 175 473 891 328 327 203 595
internal_value=0.00802419 0.015261 0.0517641 0.569902 0.039999 0.0336191 0.0278215 0.293291 0.715119 0.0181616 0.0398722 -0.00568562 0.0165002 0.30315 -0.0697493 -0.0181198 -0.0443036 -0.0498951 0.00733805 0.112375 0.658021 -0.00201727 0.00729517 0.269417 -0.0643006 -0.197438 -0.156745 0.00209758 -0.0966453 0.061204 -0.00312732 -0.0407125 -0.122986 -0.022853 -0.0388733 -0.158737 0.0076107 0.0432049
internal_weight=52121 47684 17386 386 17000 16800 16605 583 354 16022 13474 30298 19243 596 4437 2853 11055 10877 18647 1525 373 17122 16150 314 1152 559 972 15836 2548 593 426 2675 2703 2500 2344 655 1689 1486
internal_count=52121 47684 17386 386 17000 16800 16605 583 354 16022 13474 30298 19243 596 4437 2853 11055 10877 18647 1525 373 17122 16150 314 1152 559 972 15836 2548 593 426 2675 2703 2500 2344 655 1689 1486
is_linear=0
shrinkage=0.03


Tree=130
num_leaves=39
num_cat=0
split_feature=195 207 36 189 82 201 194 123 198 55 189 198 191 207 194 198 194 205 209 96 96 207 208 208 207 201 55 207 201 194 94 189 207 173 194 201 96 198
split_gain=27196.8 29553 70118 211419 105349 82368.1 103967 48704.3 47917.4 47426.6 58539.7 101583 45572.7 76472.5 42159.2 40491 33652.1 28335.6 91568.5 33881.2 26852 23420.9 22955.3 27878.7 37102.1 21727.5 24995.5 25651.1 24726.9 23320.6 21717.6 19494.6 20991.4 18394.1 36102.5 33281.7 21487 16407.1
threshold=1.0000000180025095e-35 0.72102680802345287 288.76504516601568 24.492825508117679 18.033499717712406 362.50000000000006 51.500000000000007 6.043786048889161 1.3499999642372134 78.946269989013686 182.50000000000003 6.6499998569488534 22.702252388000492 0.99168354272842418 82.500000000000014 2.1499999761581425 63.500000000000007 -0.93301269412040699 9.5000000000000018 43.52795600891114 40.42597961425782 0.94978111982345592 0.88522326946258556 0.99024581909179699 0.19337368011474612 1027.5000000000002 92.950366973876967 -0.88965195417404164 72.500000000000014 70.500000000000014 24.194254875183109 143.50000000000003 0.76696112751960765 888.57000732421886 61.500000000000007 462.50000000000006 19.066472053527836 7.0499999523162851
decision_type=2 2 10 8 10 2 2 8 2 10 8 2 10 2 2 2 2 2 2 10 10 2 2 2 2 2 8 2 2 2 8 10 2 2 2 2 10 2
left_child=1 17 7 4 -4 6 -5 12 30 10 15 -12 13 -3 16 -10 -8 18 -1 22 -2 -14 33 24 -24 26 28 29 -21 -28 -9 32 -7 36 35 -35 -19 -36
right_child=20 2 3 5 -6 31 14 8 9 -11 11 -13 21 -15 -16 -17 -18 19 -20 25 -22 -23 23 -25 -26 -27 27 -29 -30 -31 -32 -33 -34 34 37 -37 -38 -39
leaf_value=-0.030647216319603945 -0.048849763178876085 -0.029410518486476262 1.4467106094218551 0.75638321594915192 0.44254030144990419 0.033598894161104183 -0.067686890220204909 -0.063941629030601868 0.34279230492552604 -0.24610689006616601 0.79882905217608158 0.11313585177982396 -0.04311704897114977 0.72942996716806963 -0.36092339565046894 0.033051789789885461 0.30463660366119327 0.019711851567838768 0.37420894847336617 -0.19583016664675301 -0.35549054872036467 -0.23450800475339684 0.31909030749522099 -0.04411950580050971 0.022660777628243971 0.10040227610340551 -0.21841252615327575 -0.36248404726917011 0.25502898172354777 0.058175757841624674 -0.47304339391716604 0.13374180270265104 -0.32637004057257435 -0.34896092008254892 0.16599605120922833 0.17673458378899892 -0.049400741107532307 0.57948044684973388
leaf_weight=1694 3130 680 150 260 252 204 348 244 390 479 250 875 985 145 160 14574 587 6414 715 202 280 1384 706 1001 823 348 802 607 239 417 224 170 511 195 192 244 10978 157
leaf_count=1694 3130 680 150 260 252 204 348 244 390 479 250 875 985 145 160 14574 587 6414 715 202 280 1384 706 1001 823 348 802 607 239 417 224 170 511 195 192 244 10978 157
internal_value=0.00786946 0.0136152 0.0384281 0.183778 0.817257 0.0700882 0.217109 0.0194456 0.039601 0.0480572 0.0568152 0.265518 -0.0880579 0.103968 0.0890558 0.0411247 0.166061 -0.00843821 0.0895164 -0.018555 -0.0740295 -0.154931 -0.00570693 0.0789589 0.159535 -0.120307 -0.154188 -0.203143 0.0485123 -0.123796 -0.259757 -0.15501 -0.223666 -0.0174894 0.124277 -0.0567764 -0.0239127 0.352016
internal_weight=52016 48606 22872 2642 402 2240 1355 20230 17036 16568 16089 1125 3194 825 1095 14964 935 25734 2409 23325 3410 2369 20710 2530 1529 2615 2267 1826 441 1219 468 885 715 18180 788 439 17392 349
internal_count=52016 48606 22872 2642 402 2240 1355 20230 17036 16568 16089 1125 3194 825 1095 14964 935 25734 2409 23325 3410 2369 20710 2530 1529 2615 2267 1826 441 1219 468 885 715 18180 788 439 17392 349
is_linear=0
shrinkage=0.03


Tree=131
num_leaves=34
num_cat=0
split_feature=201 201 199 194 201 198 199 199 96 198 194 194 131 201 203 193 96 200 207 207 207 96 74 207 105 201 201 141 207 191 180 186 191
split_gain=26102.4 58142.5 69560.5 26334.8 91621.2 140324 52392.1 79936.4 203325 54476.6 29524.1 65598.6 248375 79238.3 128693 48720.9 39329 33940.4 29181.1 144035 30776.8 26485 25273.6 23133.7 21985 15026.4 11936.5 11463.3 10693.7 7534.57 4216.6 3223.96 2661.13
threshold=4042.5000000000005 3777.5000000000005 292.50000000000006 22.500000000000004 2537.5000000000005 6.6499998569488534 276.50000000000006 284.50000000000006 40.014425277709968 8.8499999046325701 57.500000000000007 56.500000000000007 -54.595792770385735 262.50000000000006 -0.98897820711135853 31.849999427795414 43.52795600891114 22.849999427795414 0.9937499761581422 0.99761915206909191 0.93845596909523021 40.608007431030281 30.065207481384281 0.93845596909523021 -12.312869071960447 1972.5000000000002 2080.0000000000005 -6.3180568218231192 0.92922380566596996 26.905986785888675 0.29059813916683203 0.61055222153663646 21.650000572204593
decision_type=2 2 2 2 2 2 2 2 10 2 2 2 8 2 2 2 10 2 2 2 2 10 8 2 8 2 2 8 2 10 2 10 8
left_child=1 3 -3 6 10 -6 21 8 23 29 11 13 -13 14 -5 -15 18 22 20 -20 -12 26 -18 -8 25 -11 -1 -14 -23 -9 -28 -30 -26
right_child=-2 2 -4 4 5 -7 7 9 -10 24 16 12 27 15 -16 -17 17 -19 19 -21 -22 28 -24 -25 32 -27 30 -29 31 -31 -32 -33 -34
leaf_value=-0.25110833648362352 -0.34601444975955004 0.87017005969069738 -0.045385936205956517 0.94807205282293028 1.1419419282014831 -0.084979226801405863 -0.20299105506779869 -0.46933204176612808 1.2896606947083675 -0.072116234788932601 0.0044679779960290576 1.413865900581788 0.24796579340670052 -0.054860298828568167 0.093610149233103152 0.068853799837529803 -0.39312164999758642 0.28842295525361217 1.0229568351540843 -0.0057100285486059487 -0.11126205147613009 -0.60279612543040328 -0.11713533602985979 0.26437776115448819 -0.10969647337109745 0.12357100630993297 0.12652727122787052 -0.064008940037108816 -0.40370203627398227 -0.23590015920426499 -0.094807883889807737 -0.22400184153896277 -0.25284544464188879
leaf_weight=266 187 154 145 163 162 174 245 253 145 558 22064 148 147 8804 5918 4247 367 158 148 711 2282 160 1603 156 227 962 165 380 169 245 146 192 241
leaf_count=266 187 154 145 163 162 174 245 253 145 558 22064 148 147 8804 5918 4247 367 158 148 711 2282 160 1603 156 227 962 165 380 169 245 146 192 241
internal_value=0.00777799 0.00905268 0.426183 0.00663578 0.0129566 0.506586 -0.0660245 -0.0017235 0.326961 -0.0739135 0.00943807 0.0373281 0.327988 0.0270731 0.116515 -0.0146017 -0.0107726 -0.134621 -0.00031628 0.171531 -0.00637966 -0.243583 -0.168552 -0.0211689 -0.00362458 0.0517329 -0.103572 0.0230146 -0.398637 -0.354498 0.0226198 -0.308137 -0.183416
internal_weight=52092 51905 299 51606 47476 336 4130 3032 546 2486 47140 19807 675 19132 6081 13051 27333 2128 25205 859 24346 1098 1970 401 1988 1520 577 527 521 498 311 361 468
internal_count=52092 51905 299 51606 47476 336 4130 3032 546 2486 47140 19807 675 19132 6081 13051 27333 2128 25205 859 24346 1098 1970 401 1988 1520 577 527 521 498 311 361 468
is_linear=0
shrinkage=0.03


Tree=132
num_leaves=39
num_cat=0
split_feature=200 141 200 185 207 56 202 200 80 163 185 199 204 202 132 37 202 95 200 204 173 207 199 199 207 207 204 198 208 198 95 199 207 202 56 202 207 20
split_gain=27693.6 70947.2 44133.5 218978 74881.8 247171 44694.7 33738.2 28863.4 44005 134479 37395.7 51672.5 37178 166730 36939.5 33608.1 40997.6 84825.8 23889.5 31780.4 21446.2 81871.1 203048 29943.8 27470.2 20415.6 23285.4 33903.7 20045.7 16796.1 15482.2 15468.8 19933.7 15841.5 13511.7 13154 12850.6
threshold=5.1499998569488534 1.0000000180025095e-35 6.9500000476837167 601.60040283203136 0.75580966472625744 49.483678817749031 0.50751903653144848 7.0499999523162851 15.72499990463257 391.59500122070318 74.267734527587905 71.000000000000014 3.0000000000000004 -0.99901017546653736 -76.02413177490233 127.28767776489259 0.99901017546653759 38.392938613891609 8.3499999046325701 7.0000000000000009 236.77000427246097 0.98802474141120922 307.50000000000006 319.50000000000006 0.98049071431159984 0.99053108692169201 21.000000000000004 1.8499999642372134 0.58307701349258434 5.7500000000000009 30.247671127319339 356.50000000000006 -0.32614396512508387 0.35019405186176306 83.097732543945327 -0.86159634590148915 0.98522606492042553 339.00000000000006
decision_type=2 10 2 10 2 10 2 2 2 2 8 2 2 2 8 10 2 10 2 2 2 2 2 2 2 2 2 2 2 2 10 2 2 2 8 2 2 10
left_child=1 19 3 4 29 6 35 -4 9 21 -11 15 -13 14 -10 -12 17 31 -19 -1 26 24 25 -24 37 -23 27 28 -21 -2 -3 -15 33 -29 -34 -6 -26 -9
right_child=2 30 7 -5 5 -7 -8 8 13 10 11 12 -14 16 -16 -17 -18 18 -20 20 -22 22 23 -25 36 -27 -28 32 -30 -31 -32 -33 34 -35 -36 -37 -38 -39
leaf_value=-0.13047136453272679 -0.07167098469621859 -0.18148790371821455 -0.43219494610245884 1.2051666403416772 -0.31896186307490115 1.2417960505338708 0.42933928785740705 0.010519452562096639 1.1138621670194124 0.97580883702583865 0.67323592194185855 0.38842876449970737 -0.023437216138048101 0.0025688719966377796 -0.020228908888683336 0.04725651666556447 0.32018127487641634 0.29527767693459817 -0.10024555314063591 -0.12752484411539683 0.48001978796581074 0.3331058845148539 1.2060775569209659 -0.036927395446886856 -0.26593730690396256 -0.082714365677384896 0.26378888406246098 -0.14169031717532865 0.38056394815972455 0.26581232264446308 -0.43650818235966893 0.25785363130801592 -0.068014886242079881 0.31126863977220809 -0.34407302671386375 0.00041147755761067437 -0.0077707066758498904 0.17387028231414864
leaf_weight=901 1766 519 157 160 175 193 193 9141 145 169 186 331 1596 20986 597 156 269 522 7492 204 146 168 192 308 505 960 276 165 281 174 421 216 813 186 243 374 274 455
leaf_count=901 1766 519 157 160 175 193 193 9141 145 169 186 331 1596 20986 597 156 269 522 7492 204 146 168 192 308 505 960 276 165 281 174 421 216 813 186 243 374 274 455
internal_value=0.00784429 -0.0664486 0.0142941 0.125007 0.0648902 0.285428 0.036656 0.00679792 0.008341 0.0432306 0.159429 0.0986195 0.0473102 -0.00832755 0.201403 0.387712 -0.0136056 -0.016679 -0.0744824 0.000582767 0.0516117 0.0196287 0.120861 0.440399 0.00374366 -0.0207811 0.0227592 -0.0124025 0.166853 -0.0414005 -0.295708 0.00516977 -0.0741939 0.09834 -0.131542 -0.101395 -0.175133 0.018265
internal_weight=52015 4155 47860 3035 2875 935 742 44825 44668 14441 2438 2269 1927 30227 742 342 29485 29216 8014 3215 2314 12003 1628 500 10375 1128 2168 1892 485 1940 940 21202 1407 351 1056 549 779 9596
internal_count=52015 4155 47860 3035 2875 935 742 44825 44668 14441 2438 2269 1927 30227 742 342 29485 29216 8014 3215 2314 12003 1628 500 10375 1128 2168 1892 485 1940 940 21202 1407 351 1056 549 779 9596
is_linear=0
shrinkage=0.03


Tree=133
num_leaves=39
num_cat=0
split_feature=80 35 202 185 197 197 95 77 95 200 203 183 202 59 207 204 94 193 207 207 208 114 193 197 197 202 186 79 204 36 199 207 87 95 193 183 197 199
split_gain=25083.3 34594.2 70999.8 143678 48471.2 181216 40630.8 29048.6 34190.7 37252.5 27315.7 27296.7 24200.2 50240.4 120583 23888 20184.1 16021.3 31292.7 207404 26871.4 52077.5 113765 36105.5 46208.1 24103.9 15338.8 15014.9 14920.3 31817.7 18165.5 15142.3 15062.8 11584.9 14520.9 11476 12145.6 12082.1
threshold=44.914999008178718 224.91905212402347 -0.99901017546653736 664.04998779296886 975.75000000000011 975.14999389648449 15.711314201354982 85.573822021484389 34.371500015258796 8.3499999046325701 -0.043617725372314446 132.25804138183597 -0.84335932135581959 1.0255897641181948 0.91939014196395885 7.0000000000000009 90.625774383544936 27.550000190734867 0.9937499761581422 0.99628883600234996 -0.57077232003211964 -654.91256713867176 29.44999980926514 981.75000000000011 980.35000610351574 0.94828754663467418 0.086449008435010924 1.3085227608680727 11.000000000000002 300.39677429199224 307.50000000000006 -0.94423642754554737 52.037500381469734 23.706794738769535 38.250000000000007 152.32099914550784 982.25000000000011 13.500000000000002
decision_type=2 10 2 8 2 2 10 8 10 2 2 8 2 10 2 2 8 2 2 2 2 8 2 2 2 2 8 10 2 8 2 2 8 10 2 10 2 2
left_child=1 12 3 -3 5 -4 -6 8 11 -10 -2 -8 26 17 -15 27 28 18 35 -20 23 22 -22 24 -19 -23 -1 -12 29 -17 -31 -30 -33 34 -28 37 -37 -14
right_child=10 2 4 -5 6 -7 7 -9 9 -11 15 -13 13 14 -16 16 -18 20 19 -21 21 25 -24 -25 -26 -27 33 -29 31 30 -32 32 -34 -35 -36 36 -38 -39
leaf_value=-0.22597500623804245 -0.13884816212068882 -0.018837861691177619 -0.19541738374548914 1.1610886336088702 0.42532614254648277 1.0710736244006402 0.031509892635200695 -0.15366019780838383 0.12294330968804777 -0.035720942770140332 -0.18447661594319287 0.15847407348458251 0.1774197178670851 0.014341571672133674 1.0195285576212281 -0.11243932125707852 0.36014762568993125 -0.0019961808877107302 1.0794112743654818 -0.1006905254407756 0.86742738222387483 0.0058463770078143185 0.071598152312333629 -0.31592943227550269 0.49461916293862623 0.33684217549831952 -0.020934634521719477 0.14644734980355734 0.18437734248335549 0.15513109242824077 0.58138268511980995 0.02950309818074057 -0.13491569181324711 -0.08253694051213209 0.23592611038664335 -0.15199127243724395 0.14878373362974653 -0.04930130990448673
leaf_weight=393 2091 234 232 154 231 181 3442 782 1652 6871 828 2735 217 372 151 256 163 4622 173 595 238 2065 504 314 175 219 6815 145 290 232 147 1071 943 3174 204 155 548 8399
leaf_count=393 2091 234 232 154 231 181 3442 782 1652 6871 828 2735 217 372 151 256 163 4622 173 595 238 2065 504 314 175 219 6815 145 290 232 147 1071 943 3174 204 155 548 8399
internal_value=0.00610789 0.0137481 0.0484793 0.449499 0.0388302 0.359641 0.0303978 0.024505 0.033983 -0.00496715 -0.0507003 0.0877262 -0.00580499 0.0146714 0.304572 -0.00546885 0.0352113 0.0063515 -0.0189123 0.165149 0.0376697 0.108522 0.326872 -0.00427864 0.0161218 0.0375851 -0.0420671 -0.13516 0.0171888 0.145943 0.32047 -0.0182971 -0.0474815 -0.0349761 -0.0134689 -0.0340814 0.0824661 -0.043591
internal_weight=52013 45847 16514 388 16126 413 15713 15482 14700 8523 6166 6177 29333 18747 523 4075 3102 18224 10087 768 8137 3026 742 5111 4797 2284 10586 973 2939 635 379 2304 2014 10193 7019 9319 703 8616
internal_count=52013 45847 16514 388 16126 413 15713 15482 14700 8523 6166 6177 29333 18747 523 4075 3102 18224 10087 768 8137 3026 742 5111 4797 2284 10586 973 2939 635 379 2304 2014 10193 7019 9319 703 8616
is_linear=0
shrinkage=0.03


Tree=134
num_leaves=39
num_cat=0
split_feature=200 141 207 203 200 193 199 207 203 199 207 198 207 207 36 131 207 96 196 203 204 201 198 200 204 198 207 201 201 193 36 193 207 204 196 201 96 207
split_gain=26299.7 69651.1 41754.7 126218 97335 613010 130389 164143 53288.8 112622 443002 73895.3 59683.4 133149 46351.2 85309.9 37218.5 34405.4 42538.8 33093.7 32504.7 32633.3 32086.7 50879.4 33304.4 32044.1 99026.7 209846 28332.7 31197.3 68463.4 25519.4 24175.7 21919.3 30617.6 30006.2 39265.2 36490.2
threshold=5.1499998569488534 1.0000000180025095e-35 0.82414472103118908 -0.98897820711135853 8.3499999046325701 34.850000381469734 111.50000000000001 0.9260200858116151 0.76037701964378368 304.50000000000006 0.99053108692169201 10.34999990463257 0.9470459818840028 0.93845596909523021 226.0559005737305 -62.278139114379876 0.81428062915802013 31.375795364379886 98.500000000000014 -0.81408452987670887 17.000000000000004 72.500000000000014 6.5499999523162851 10.050000190734865 19.000000000000004 4.6499998569488534 0.72695311903953563 132.50000000000003 52.500000000000007 11.84999990463257 324.52484130859381 23.550000190734867 0.47084586322307592 7.0000000000000009 98.500000000000014 387.50000000000006 35.860319137573249 -0.85671821236610401
decision_type=2 10 2 2 2 2 2 2 2 2 2 2 2 2 10 10 2 10 2 2 2 2 2 2 2 2 2 2 2 2 8 2 2 2 2 2 10 2
left_child=1 33 16 -4 5 6 7 -5 9 12 11 -11 13 -6 15 -8 20 18 31 -14 25 22 -22 -24 -25 26 -2 -28 -27 30 -30 -10 -31 -1 35 36 -35 -37
right_child=2 -3 3 4 8 -7 14 -9 17 10 -12 -13 19 -15 -16 -17 -18 -19 -20 -21 21 -23 23 24 -26 28 27 -29 29 32 -32 -33 -34 34 -36 37 -38 -39
leaf_value=-0.12168896919130041 -0.0071332650338190341 -0.29187354218539763 0.75220658682129082 1.3630466945050077 0.023237109145754869 2.0552517328409197 0.68298070871417482 0.0093506454273929295 -0.072088684601820843 -0.096803045899178319 1.6230566965259496 0.34255664474911751 0.34485645802330439 0.54042645212723472 -0.38917167942529873 -0.079225159796805056 -0.24010674878678281 -0.20282592474286493 -0.29543992504707806 -0.11378856087971831 -0.034424436845605831 0.0016547301194053028 0.68778665326070976 0.32151038916959168 0.067150861378373491 -0.12840942064520441 0.0064391989967242866 1.4013472434122818 -0.029392551274995481 8.0055554029385457e-05 0.41874763111705576 0.23749106894830449 -0.07435205171089132 0.10075678801658842 -0.25819831119381564 0.36941790410279512 0.53659260326155356 -0.10666702151714096
leaf_weight=920 1927 938 229 146 6350 155 157 180 414 795 194 608 148 482 291 835 600 1439 311 3265 857 5122 165 656 1577 2447 275 150 942 9340 455 569 6777 773 255 175 245 842
leaf_count=920 1927 938 229 146 6350 155 157 180 414 795 194 608 148 482 291 835 600 1439 311 3265 857 5122 165 656 1577 2447 275 150 942 9340 455 569 6777 773 255 175 245 842
internal_value=0.00800372 -0.064461 0.0142845 0.0527937 0.0429906 0.253464 0.0798807 0.61563 0.017517 0.0450747 0.279401 0.0935973 0.00854739 0.0597257 -0.0562521 0.0414111 -0.00610606 -0.101889 0.0103584 -0.0938991 -0.00153118 0.0488572 0.123134 0.179442 0.141877 -0.0204486 0.0842855 0.498781 -0.0327894 -0.0194296 0.116567 0.107109 -0.0312177 0.00199213 0.0516811 0.0905124 0.205653 -0.0247418
internal_weight=52006 4148 47858 16568 16339 1764 1609 326 14575 11842 1597 1403 10245 6832 1283 992 31290 2733 1294 3413 30690 8377 3255 2398 2233 22313 2352 425 19961 17514 1397 983 16117 3210 2290 2035 1018 1017
internal_count=52006 4148 47858 16568 16339 1764 1609 326 14575 11842 1597 1403 10245 6832 1283 992 31290 2733 1294 3413 30690 8377 3255 2398 2233 22313 2352 425 19961 17514 1397 983 16117 3210 2290 2035 1018 1017
is_linear=0
shrinkage=0.03


Tree=135
num_leaves=39
num_cat=0
split_feature=207 207 208 201 196 197 207 207 204 193 56 196 204 199 197 208 204 197 197 193 76 199 185 187 201 201 95 205 193 197 197 197 204 197 207 199 187 199
split_gain=24874.2 33124.7 162039 311787 32097.9 51599.1 30840.5 172997 204295 259409 788310 196414 155937 109304 42723 77976.9 114284 124653 119099 40366.4 33421.8 32638.9 32762.7 32565.9 28769.8 23695.1 28132 33242.6 21742.7 18388.4 15420.3 18744.5 12395.4 10456.7 21909.6 9141.72 5943.17 5497.14
threshold=0.9990701973438264 0.9937499761581422 0.089118976145982756 512.50000000000011 78.500000000000014 982.25000000000011 0.94425827264785778 0.9159645438194276 3.0000000000000004 27.94999980926514 39.947118759155281 1.0000000180025095e-35 17.000000000000004 286.50000000000006 979.85000610351574 -0.11692317575216292 3.0000000000000004 983.04998779296886 983.75000000000011 30.150000572204593 67.37192535400392 5.5000000000000009 2063.799926757813 10.34999990463257 722.50000000000011 202.50000000000003 48.781152725219734 -0.93301269412040699 25.550000190734867 981.85000610351574 983.25000000000011 982.54998779296886 11.000000000000002 983.95001220703136 0.98667103052139293 346.50000000000006 35.12193679809571 276.50000000000006
decision_type=2 2 2 2 2 2 2 2 2 2 10 2 2 2 2 2 2 2 2 2 10 2 10 10 2 2 10 2 2 2 2 2 2 2 2 2 10 2
left_child=1 6 4 -4 5 29 7 20 37 10 -10 13 -13 -11 19 16 -16 32 -19 -8 21 -1 24 -24 -23 33 27 -27 -7 -3 31 -6 -18 35 -35 -17 -2 -9
right_child=36 2 3 -5 30 28 14 8 9 11 -12 12 -14 -15 15 25 17 18 -20 -21 -22 22 23 -25 -26 26 -28 -29 -30 -31 -32 -33 -34 34 -36 -37 -38 -39
leaf_value=0.32398839054018486 -0.10558655629196398 0.17223550316505476 1.6840284554531419 -0.12831293207948891 -0.28364951792530224 -0.31620065953011517 -0.56049727397063509 -0.56172177182105942 0.10785039075772936 -0.3779562738100154 2.8141894720287426 0.87909957979765274 -0.040419598163483651 0.32233637610684157 0.89757885508743041 -0.33236798043003302 -0.45932285701581538 1.0910348556667311 0.11946625709959308 -0.024756599037373903 -0.40676747885966147 0.01176639006693478 0.61417950879345329 0.0077149437352982487 -0.046515021199563245 0.27380959097395774 0.36218542627496542 -0.10635780769685871 0.12235493382334904 0.59019695696049668 -0.43110729943498738 0.1746681172009491 -0.16369109515100397 -0.20926231994364133 0.10641656872197663 -0.071904487297231506 -0.28674027373986677 -0.31578498277947176
leaf_weight=281 487 214 161 182 180 234 283 148 284 524 147 479 254 325 167 545 207 147 499 229 181 30472 155 164 10166 232 148 1921 180 170 171 145 333 726 272 156 245 183
leaf_count=281 487 214 161 182 180 234 283 148 284 524 147 479 254 325 167 545 207 147 499 229 181 30472 155 164 10166 232 148 1921 180 170 171 145 333 726 272 156 245 183
internal_value=0.0074215 0.00990095 0.142678 0.7224 -0.0109918 0.106804 0.0055212 0.0141788 0.264909 0.37848 1.03094 0.200719 0.56047 -0.109881 -0.0590796 -0.034038 0.162834 0.0593688 0.340564 -0.320884 -1.06589e-05 0.00177474 -0.000435982 0.302403 -0.00281328 -0.10063 -0.0378879 -0.0653911 -0.125525 0.357281 -0.200509 -0.079169 -0.277023 -0.185603 -0.123225 -0.274407 -0.166222 -0.425765
internal_weight=51997 51265 1637 343 1294 798 49628 43763 2344 2013 431 1582 733 849 5865 5353 1353 1186 646 512 41419 41238 40957 319 40638 4000 2301 2153 414 384 496 325 540 1699 998 701 732 331
internal_count=51997 51265 1637 343 1294 798 49628 43763 2344 2013 431 1582 733 849 5865 5353 1353 1186 646 512 41419 41238 40957 319 40638 4000 2301 2153 414 384 496 325 540 1699 998 701 732 331
is_linear=0
shrinkage=0.03


Tree=136
num_leaves=39
num_cat=0
split_feature=200 200 114 207 197 203 208 202 202 197 206 203 203 208 207 204 198 207 198 197 202 204 173 207 208 198 207 203 207 207 192 95 16 202 95 203 207 203
split_gain=25702.1 25861.3 57904 41987.2 133497 279183 93059.8 363240 63205.8 255250 127630 205647 98239.9 65278.3 35972.2 29567.4 32085.6 105903 195157 24738 53729.5 26880.3 24714.4 22644.5 30972.4 36738.9 26455.7 22619.9 31403 22321.4 66027.9 20276.1 17198.3 15273.4 13922.6 13775.5 11924.3 11565.5
threshold=30.849999427795414 5.1499998569488534 -620.11990356445301 0.82414472103118908 975.75000000000011 0.33379416167736059 -0.52765738964080799 0.89490029215812694 -0.64942333102226246 977.25000000000011 0.68301269412040722 -0.16504132002592084 0.63605400919914257 -0.16799793392419812 0.81428062915802013 17.000000000000004 4.6499998569488534 0.72695311903953563 3.6499999761581425 992.95001220703136 -0.26722820103168482 21.000000000000004 529.91998291015636 -0.94423642754554737 0.13185577094554904 7.6499998569488534 -0.99904707074165333 -0.8338540494441985 0.76140651106834423 0.78325453400611889 4.4655172824859628 37.541175842285163 134.67076110839847 0.66259482502937328 31.287046432495121 0.59480014443397533 0.8522624969482423 0.7933231294155122
decision_type=2 2 8 2 2 2 2 2 2 2 2 2 2 2 2 2 2 2 2 2 2 2 2 2 2 2 2 2 2 2 8 10 10 2 10 2 2 2
left_child=1 2 34 14 5 -5 7 -6 9 -8 13 -12 -11 -10 15 16 17 31 -19 21 -21 22 33 24 26 -26 -17 32 -29 37 -31 -3 -18 35 -1 -4 -2 -25
right_child=36 3 19 4 6 -7 8 -9 10 12 11 -13 -14 -15 -16 23 27 18 -20 20 -22 -23 -24 29 25 -27 -28 28 -30 30 -32 -33 -34 -35 -36 -37 -38 -39
leaf_value=-0.20359734971452279 -0.090185702071122156 0.026212084934863836 -0.089090404838270479 1.4330628075840641 1.1820674196177108 -0.082506549638874924 1.166272482787277 -0.38546001692656645 -0.30722454966737656 0.016197813121526575 0.53624544489008774 -0.070095620800487715 0.32115108742129694 -0.058924126116044064 -0.23421594056713549 0.30885324746679865 -0.070901276267873722 -0.075188039519334005 1.203261707632846 -0.136469265652606 0.64266005689634031 0.24935083309235037 0.25504253190416631 -0.0035109424439926915 0.72150505412736787 0.12464177860989237 -0.10677560507261839 -0.010772820699663059 -0.15526822646136768 -0.040523201529925106 0.7561406968052532 -0.27284094351061239 -0.28604822799513824 0.033393113123179295 -0.4751729085416343 -0.28087508590634352 -0.43171017481995716 0.090887205123253059
leaf_weight=442 208 1693 1573 191 277 256 190 256 1392 7536 774 1440 1088 3021 607 220 986 235 198 165 154 269 203 5460 171 203 369 16835 1472 261 146 232 506 691 276 429 165 1486
leaf_count=442 208 1693 1573 191 277 256 190 256 1392 7536 774 1440 1088 3021 607 220 986 235 198 165 154 269 203 5460 171 203 369 16835 1472 261 146 232 506 691 276 429 165 1486
internal_value=0.00686276 0.00865291 -0.0626835 0.0149634 0.0537667 0.565101 0.0394577 0.429189 0.0260045 0.0786346 -0.0439941 0.141878 0.0546709 -0.137247 -0.00553814 -0.000982957 -0.0190869 0.0855223 0.509427 -0.0121273 0.239669 -0.0375066 -0.0641527 0.0472527 0.184045 0.397551 0.0484696 -0.0315455 -0.0223913 0.0293371 0.245268 -0.00983058 -0.143868 -0.0882147 -0.307997 -0.130188 -0.24127 0.0166843
internal_weight=52076 51703 4202 47501 16421 447 15974 533 15441 8814 6627 2214 8624 4413 31080 30473 22157 2358 433 3484 319 3165 2896 8316 963 374 589 19799 18307 7353 407 1925 1492 2693 718 2002 373 6946
internal_count=52076 51703 4202 47501 16421 447 15974 533 15441 8814 6627 2214 8624 4413 31080 30473 22157 2358 433 3484 319 3165 2896 8316 963 374 589 19799 18307 7353 407 1925 1492 2693 718 2002 373 6946
is_linear=0
shrinkage=0.03


Tree=137
num_leaves=39
num_cat=0
split_feature=86 35 202 196 201 193 196 83 183 90 202 95 202 59 207 201 196 114 193 16 193 207 207 202 193 207 196 193 207 55 207 189 207 193 200 200 200 200
split_gain=24832.6 24059.7 81397.3 189791 63810 91254.1 115025 41032.2 42987.7 77823.4 25990 28787.2 21893.7 44504.1 94654.5 33635.4 37331.9 24020.1 18127.1 17836.6 21141.9 16788.3 15760.7 140440 184235 25835.8 25313.8 28958 21330.7 50743.9 18316.9 15947 14883.5 14045.8 10351.2 17918.9 10804.3 10203.6
threshold=55.18499946594239 224.91905212402347 -0.99901017546653736 26.500000000000004 2792.5000000000005 36.549999237060554 9.5000000000000018 25.862500190734867 32.913856506347663 32.366500854492195 0.99901017546653759 47.679210662841804 -0.84335932135581959 1.0142349600791933 0.91939014196395885 3502.5000000000005 5.5000000000000009 -504.90785217285151 27.44999980926514 221.20658874511722 12.050000190734865 -0.32614396512508387 0.98932364583015453 -0.64942333102226246 24.650000572204593 0.98049071431159984 79.500000000000014 23.650000572204593 0.82414472103118908 32.759874343872077 0.98522606492042553 128.50000000000003 0.90892735123634349 25.150000572204593 9.7500000000000018 11.34999990463257 22.150000572204593 21.050000190734867
decision_type=10 10 2 2 2 2 2 8 8 8 2 10 2 8 2 2 2 8 2 10 2 2 2 2 2 2 2 2 2 10 2 10 2 2 2 2 2 2
left_child=1 12 3 -3 5 7 -7 8 9 -4 11 -9 15 22 -15 17 -17 34 -10 20 -2 -21 25 24 -24 28 27 -25 31 -30 -27 -14 -6 -28 -1 -36 -37 -34
right_child=19 2 4 -5 32 6 -8 10 18 -11 -12 -13 13 14 -16 16 -18 -19 -20 21 -22 -23 23 26 -26 30 33 -29 29 -31 -32 -33 37 -35 35 36 -38 -39
leaf_value=-0.28045222514563672 0.26248963520381202 -0.036215774192462129 0.14386608578116775 1.2944974884118894 -0.51905415624297246 -0.17039136541732089 0.87885374185959064 0.014390874538216801 0.034703744145595981 0.93541272893522975 0.37745330938533522 -0.10697554902701441 0.0018335522413830776 0.016612123018084769 0.87703582716609885 -0.067610687803994735 0.53857264686552209 -0.022404341421331776 0.16377533655991322 -0.11555015898634681 -0.047729978733132769 -0.43432535914615389 1.441865421401278 -0.20926089178708016 0.07177674729062869 -0.26591618833401487 -0.044072817997178514 0.209447356582313 0.32225543318482125 0.012818360579388488 0.000139950708909239 -0.12279708249217351 -0.36346466143132478 -0.36324389295479831 0.16541439099381125 -0.16126015669527002 0.032674911548247539 -0.065994600675930437
leaf_weight=349 211 261 488 153 163 150 252 7872 4278 145 156 2265 12460 370 167 178 188 7672 1270 878 3139 179 145 231 226 548 221 417 624 2024 405 998 171 283 201 1697 305 264
leaf_count=349 211 261 488 153 163 150 252 7872 4278 145 156 2265 12460 370 167 178 188 7672 1270 878 3139 179 145 231 226 548 221 417 624 2024 405 998 171 283 201 1697 305 264
internal_value=0.00603694 0.012345 0.0398328 0.455587 0.0299823 0.040774 0.487349 0.0298763 0.0909741 0.325196 -0.00681322 -0.0127271 -0.00420556 0.0149613 0.284204 -0.0388092 0.243767 -0.0489251 0.06425 -0.062092 -0.02819 -0.169538 0.00718035 0.0996476 0.60728 -0.001075 -0.0638381 0.0601842 0.00790567 0.0857381 -0.15285 -0.00740869 -0.274562 -0.223294 -0.128653 -0.104604 -0.131714 -0.182937
internal_weight=52004 47597 17888 414 17474 16876 402 16474 6181 633 10293 10137 29709 19119 537 10590 366 10224 5548 4407 3350 1057 18582 1523 371 17059 1152 648 16106 2648 953 13458 598 504 2552 2203 2002 435
internal_count=52004 47597 17888 414 17474 16876 402 16474 6181 633 10293 10137 29709 19119 537 10590 366 10224 5548 4407 3350 1057 18582 1523 371 17059 1152 648 16106 2648 953 13458 598 504 2552 2203 2002 435
is_linear=0
shrinkage=0.03


Tree=138
num_leaves=22
num_cat=0
split_feature=198 201 201 200 140 189 200 193 198 198 197 203 197 202 204 173 189 136 157 183 196
split_gain=24585.2 23031.1 82578 21918.6 52156.1 39670.3 179592 46409.2 31104.9 67786 126973 29322.8 24129.4 50221 20675.8 20408 19788.2 18559 17392.9 9621.76 5820.42
threshold=19.300000190734867 4042.5000000000005 3797.5000000000005 5.1499998569488534 4.4746370315551767 182.50000000000003 10.550000190734865 35.350000381469734 1.3499999642372134 2.1499999761581425 986.85000610351574 -0.98624804615974415 992.95001220703136 -0.26722820103168482 21.000000000000004 529.91998291015636 189.45330047607425 60.850000381469734 8.9050002098083514 89.061450958251967 61.500000000000007
decision_type=2 2 2 2 10 10 2 2 2 2 2 2 2 2 2 2 10 8 2 10 2
left_child=1 2 3 4 12 8 -7 16 -5 10 -10 -11 14 -14 15 -1 -8 -16 -2 20 -6
right_child=18 -3 -4 5 19 6 7 -9 9 11 -12 -13 13 -15 17 -17 -18 -19 -20 -21 -22
leaf_value=-0.085996576424857196 -0.055498207780864312 -0.33142851231778819 0.59073945668334127 -0.34684863635764657 -0.48248148583364903 1.0400134336402935 0.034455295108351554 0.32558850195612471 -0.15737915473245565 0.18840878792334573 1.0959134379228701 0.0046063115234018957 -0.13288527536515851 0.62134989413604558 -0.030129478544840986 0.22881437494792831 -0.36931785241995013 0.43000879196971076 -0.45025850322273625 -0.14443007348296596 -0.25065737146452255
leaf_weight=2696 234 179 219 220 260 186 194 239 146 795 145 44877 163 155 164 199 250 152 176 205 156
leaf_count=2696 234 179 219 220 260 186 194 239 146 795 145 44877 163 155 164 199 250 152 176 205 156
internal_value=0.00642508 0.00826368 0.00944624 0.00695983 -0.0591321 0.0127892 0.213603 -0.0114622 0.00901053 0.0107139 0.467128 0.00780576 -0.0145179 0.234751 -0.0392048 -0.0643559 -0.192897 0.191208 -0.224964 -0.31266 -0.395556
internal_weight=52010 51600 51421 51202 4150 47052 869 683 46183 45963 291 45672 3529 318 3211 2895 444 316 410 621 416
internal_count=52010 51600 51421 51202 4150 47052 869 683 46183 45963 291 45672 3529 318 3211 2895 444 316 410 621 416
is_linear=0
shrinkage=0.03


Tree=139
num_leaves=23
num_cat=0
split_feature=198 201 201 194 201 198 198 198 36 19 193 161 189 193 193 193 208 96 187 198 201 19
split_gain=22548.7 22454 85434.6 25647.2 86457.2 122208 39225.4 49132.5 44662.2 36124.4 69015 34968.5 31717.6 25383.5 142012 46781.5 19886.3 18019.5 14472 18313.3 10448.4 8093.4
threshold=19.300000190734867 4042.5000000000005 3797.5000000000005 22.500000000000004 2537.5000000000005 6.6499998569488534 10.34999990463257 10.84999990463257 225.57508850097659 0.80405861139297496 27.650000572204593 78.790000915527358 182.50000000000003 27.550000190734867 27.750000000000004 26.849999427795414 -0.72102889418601979 33.930976867675788 20.63749980926514 8.8499999046325701 2482.5000000000005 0.75510257482528698
decision_type=2 2 2 2 2 2 2 2 10 10 2 2 10 2 2 2 2 10 10 2 2 10
left_child=1 2 3 6 9 -6 12 8 -8 13 -11 16 18 15 -15 -5 -9 -2 19 -1 -13 -20
right_child=17 -3 -4 4 5 -7 7 11 -10 10 -12 20 -14 14 -16 -17 -18 -19 21 -21 -22 -23
leaf_value=-0.52030834513079793 -0.04836209170658122 -0.32631484604701461 0.61463094648432082 0.0014843256469612262 1.0876064570936868 -0.079451235896160211 0.0067481161721124902 -0.11721997287128069 0.74878398035856186 0.67858368246673184 -0.044068127174085307 -0.3034209827322657 0.20097549443456345 0.49843893156101249 0.02044758341957327 -0.14272719988113852 0.14548457164945694 -0.44998772436104983 -0.19827277905593624 -0.16028964495055015 -0.095702538176986165 0.0064316025753453597
leaf_weight=268 244 180 209 28550 161 162 146 370 146 209 276 361 181 581 15046 2179 867 171 801 242 550 222
leaf_count=268 244 180 209 28550 161 162 146 370 146 209 276 361 181 581 15046 2179 867 171 801 242 550 222
internal_value=0.0063919 0.00815967 0.00932817 0.00686286 0.013157 0.502284 -0.0645996 0.0126652 0.377779 0.00978402 0.267349 -0.0369698 -0.174591 0.00708918 0.0382193 -0.00874177 0.0669062 -0.213859 -0.218935 -0.349483 -0.178017 -0.15385
internal_weight=52122 51707 51527 51318 47164 323 4154 2440 292 46841 485 2148 1714 46356 15627 30729 1237 415 1533 510 911 1023
internal_count=52122 51707 51527 51318 47164 323 4154 2440 292 46841 485 2148 1714 46356 15627 30729 1237 415 1533 510 911 1023
is_linear=0
shrinkage=0.03


Tree=140
num_leaves=39
num_cat=0
split_feature=203 203 95 93 35 204 95 197 197 208 208 96 207 193 193 198 189 193 197 198 59 207 207 207 208 207 193 207 68 196 204 189 208 204 193 196 198 196
split_gain=24150.9 329680 36099.3 23587.6 24977.8 55865.4 46046.7 42981.7 120000 39096.6 26670.5 26280.9 20931.2 20255.1 54071.1 22582.1 28398.8 31454.8 20679.5 19385.2 16196 35243.8 14963.5 59041.1 94219.9 25240.2 21247.8 18344.1 12863.4 13567.1 11399.5 11203 10915.4 10154.7 9165.92 8377.53 7247.94 4691.64
threshold=-0.99353402853012074 -0.98897820711135853 28.60463905334473 50.54878234863282 228.20900726318362 3.0000000000000004 15.657623767852785 976.04998779296886 975.14999389648449 -0.39827153086662287 -0.45273527503013605 24.472360610961918 0.92273071408271801 26.050000190734867 26.44999980926514 10.750000000000002 114.49506759643556 29.050000190734867 979.64999389648449 3.9500000476837163 1.0085512399673464 0.91939014196395885 0.99865421652793895 0.9937499761581422 0.089118976145982756 0.99168354272842418 23.349999427795414 0.999393790960312 6.5125000476837167 91.500000000000014 3.0000000000000004 39.000322341918952 -0.42179730534553522 17.000000000000004 31.550000190734867 30.500000000000004 6.9500000476837167 8.5000000000000018
decision_type=2 2 10 10 8 2 8 2 2 2 2 10 2 2 2 2 8 2 2 2 8 2 2 2 2 2 2 2 10 2 2 8 2 2 2 2 2 2
left_child=2 -2 33 4 20 10 -7 8 -8 -9 -6 31 -13 18 -15 16 19 -18 -5 -16 22 34 23 25 -25 -3 -24 -28 36 30 -30 -12 35 -1 -22 -17 -20 -34
right_child=1 3 -4 13 5 6 7 9 -10 -11 11 12 -14 14 15 32 17 -19 28 -21 21 -23 26 24 -26 -27 27 -29 29 -31 -32 -33 37 -35 -36 -37 -38 -39
leaf_value=-0.099603299196108039 1.4326398865939136 -0.011501431089308419 -0.47440381804024412 -0.45962803101464678 0.30143009265155191 0.58705638575709373 -0.15359818625275595 -0.11058543765639924 0.91693496885944603 0.066025931734157897 0.20570168886003437 -0.12151804605842598 -0.37830263563912403 0.52526419397211987 -0.35820136881624082 -0.16984271126933453 0.53810525488394756 0.062968846090820416 -0.33110420369653443 -0.01778224367152648 0.056020402750675331 0.39578793043847937 0.13186470107380804 -0.0070447843068204667 0.64149404896156459 -0.36220825958052116 -0.49064265974873844 -0.12111569052709537 -0.26285363412630181 0.14821429080617901 -0.046864377610187448 -0.066659655803950238 -0.15722477273332577 0.17157457064475307 -0.18176630454503531 -0.4672702404481669 -0.12533385300623812 0.056179104002240243
leaf_weight=569 146 26074 226 150 145 150 191 1242 186 12299 259 1328 364 166 180 201 161 567 264 920 961 280 194 531 325 186 172 407 273 257 1131 286 210 159 172 148 370 166
leaf_count=569 146 26074 226 150 145 150 191 1242 186 12299 259 1328 364 166 180 201 161 567 264 920 961 280 194 531 325 186 172 407 273 257 1131 286 210 159 172 148 370 166
internal_value=0.0063532 0.00914734 -0.143199 0.00506525 0.0119253 0.0415094 0.0642585 0.0586237 0.374578 0.0498268 -0.0928457 -0.118404 -0.176762 -0.0557129 0.0006288 -0.0334855 0.0227045 0.168053 -0.118368 -0.0734901 -0.00468311 0.0944049 -0.00970346 -0.00599322 0.239192 -0.0139856 -0.139853 -0.230896 -0.096062 -0.052181 -0.088864 0.062775 -0.175161 -0.0403743 0.0199206 -0.295983 -0.211022 -0.0630091
internal_weight=52016 51062 954 50916 45752 16450 14068 13918 377 13541 2382 2237 1692 5164 2719 2553 1828 728 2445 1100 29302 1413 27889 27116 856 26260 773 579 2295 1661 1404 545 725 728 1133 349 634 376
internal_count=52016 51062 954 50916 45752 16450 14068 13918 377 13541 2382 2237 1692 5164 2719 2553 1828 728 2445 1100 29302 1413 27889 27116 856 26260 773 579 2295 1661 1404 545 725 728 1133 349 634 376
is_linear=0
shrinkage=0.03


Tree=141
num_leaves=39
num_cat=0
split_feature=200 185 198 185 96 185 163 207 207 204 205 180 191 96 194 187 19 191 36 185 142 54 155 36 204 208 194 98 207 185 204 198 201 191 206 200 155 188
split_gain=22600.6 31365.4 53629.1 27389 69676.7 55153.9 68559.5 160422 257255 89684 54843.5 110507 38149.5 35911.4 33499.6 30532.8 27491.4 63163.8 24692 37261.6 23078.4 23563.2 22237.7 16960.2 14465.7 14329.7 27396.4 11196.5 10960.3 10459.6 16367.2 7338.67 7142.34 5612.27 5193.9 3983.3 2589.07 2361.07
threshold=30.849999427795414 2063.799926757813 12.550000190734865 1112.0000000000002 38.790967941284187 545.75000000000011 74.779998779296889 0.9159645438194276 0.9260200858116151 1.0000000180025095e-35 0.68301269412040722 0.45561431348323828 13.668250083923342 17.394186019897464 27.500000000000004 31.413955688476566 0.8097110688686372 26.197206497192386 135.89483642578128 675.19998168945324 0.45944023132324224 105.78767776489259 83.305000305175795 288.76504516601568 1.0000000180025095e-35 0.32410992681980139 25.500000000000004 6.1540000438690194 0.8522624969482423 1905.5000000000002 7.0000000000000009 8.8499999046325701 3202.5000000000005 22.313408851623539 -0.25000000000000006 15.949999809265138 2.495000004768372 0.24204760044813159
decision_type=2 10 2 10 10 10 2 2 2 2 2 2 8 10 2 10 10 10 10 10 2 10 2 10 2 2 2 2 2 10 2 2 2 10 2 2 2 10
left_child=1 3 -3 5 13 12 10 9 -9 -8 18 33 22 -5 -10 -11 20 -18 19 -7 23 -22 37 -14 -20 32 -27 29 -2 30 -6 -32 35 -12 -28 -15 -4 -1
right_child=28 2 36 4 27 6 7 8 14 15 11 -13 16 25 -16 -17 17 -19 24 -21 21 -23 -24 -25 -26 26 34 -29 -30 -31 31 -33 -34 -35 -36 -37 -38 -39
leaf_value=-0.012490239803202142 -0.078749677574754581 0.52785281876266743 -0.11928086004667618 0.48152521745030968 -0.46575528014158557 0.44435384249555482 0.73315837469991152 1.3508791482514295 -0.25813140588470551 -0.078373124379192152 -0.19374945493451465 0.78142334874076858 0.015608637658373297 -0.22015382333971845 0.38123301242611435 0.20952025002727884 0.56999121264092156 -0.1183004754896237 -0.36654694937863125 -0.050530306063310888 -0.0017467049293027057 -0.088651934708308469 -0.50137418980221704 0.11503617432756133 -0.086698132191413271 0.46021048152389615 0.100026340111326 -0.47056725575363434 -0.40105669154300966 0.0044673495798360123 -0.31753290581750387 -0.095270476634235324 0.10749024487963178 0.056116336357272388 -0.074111123117823474 -0.07415889795442937 0.050647454669527511 -0.17813317127697109
leaf_weight=151 212 279 172 145 252 197 172 263 148 1067 177 228 4294 216 147 481 242 238 187 449 31892 3079 203 2411 1497 147 282 195 172 155 210 368 164 149 340 760 152 159
leaf_count=151 212 279 172 145 252 197 172 263 148 1067 177 228 4294 216 147 481 242 238 187 449 31892 3079 203 2411 1497 147 282 195 172 155 210 368 164 149 340 760 152 159
internal_value=0.00617541 0.00787963 0.222977 0.0053396 -0.0791554 0.0110526 0.103672 0.226689 0.668686 0.083294 0.00650314 0.274794 -0.000152288 0.0263891 0.0604678 0.0110826 0.00297697 0.228717 -0.0572885 0.10039 0.000376967 -0.00939825 -0.257296 0.0513612 -0.117776 -0.0081832 0.0918911 -0.262874 -0.223124 -0.221752 -0.263998 -0.176028 -0.07569 -0.0795475 0.00483835 -0.106471 -0.039561 -0.0974531
internal_weight=52052 51668 603 51065 3234 47831 5162 2278 558 1720 2884 554 42669 2054 295 1548 42156 480 2330 646 41676 34971 513 6705 1684 1909 769 1180 384 985 830 578 1140 326 622 976 324 310
internal_count=52052 51668 603 51065 3234 47831 5162 2278 558 1720 2884 554 42669 2054 295 1548 42156 480 2330 646 41676 34971 513 6705 1684 1909 769 1180 384 985 830 578 1140 326 622 976 324 310
is_linear=0
shrinkage=0.03


Tree=142
num_leaves=36
num_cat=0
split_feature=195 203 203 208 201 172 201 144 54 36 187 206 201 202 189 175 189 203 201 201 204 114 187 55 151 199 203 76 202 202 201 201 46 92 145
split_gain=22625.2 24551.7 124031 237782 26388.3 22526.4 22189.3 21962.7 21257.8 34784.3 56084.1 33665.9 32208.4 18042.6 16358.4 14267.2 17799.4 12147.4 11141.7 10885.1 6433.37 5006.81 9101.17 2684.27 2667.23 2148.11 1998.08 1695.36 1108.86 1728.56 938.346 1266.98 625.436 546.097 466.589
threshold=1.0000000180025095e-35 -0.99353402853012074 -0.98624804615974415 -0.013976481743156908 727.50000000000011 1.4900000095367434 3927.5000000000005 1.039817810058594 105.00909805297853 288.76504516601568 29.009499549865726 0.25000000000000011 97.500000000000014 0.82409480214118969 172.50000000000003 18.250000000000004 116.50000000000001 0.95878320932388317 87.500000000000014 552.50000000000011 17.000000000000004 -512.08567810058582 19.050000190734867 57.408897399902351 3.7200000286102299 247.50000000000003 0.078456107527017607 47.61695861816407 0.90255093574523937 0.82409480214118969 552.50000000000011 277.50000000000006 42.762498855590827 3.7999999523162846 7.6499998569488534
decision_type=2 2 2 2 2 2 2 10 10 10 8 2 2 2 10 2 10 2 2 2 2 10 8 10 2 2 2 8 2 2 2 2 8 10 2
left_child=1 4 3 -3 20 21 7 8 9 13 -11 12 -10 -4 15 18 -17 -13 -9 24 23 22 -2 34 -7 28 -26 -27 29 32 31 -30 -24 -32 -1
right_child=5 2 6 -5 -6 19 -8 14 11 10 -12 17 -14 -15 -16 16 -18 -19 -20 -21 -22 -23 25 -25 26 27 -28 -29 30 -31 33 -33 -34 -35 -36
leaf_value=-0.024640624373283553 0.21361554618655323 1.3824102434961223 -0.0011382215193323931 -0.20430781698803493 -0.43066820718823695 -0.23998994571255589 0.28790718194947756 0.21935767261211483 0.16284562870630767 0.3163821621013625 0.050121757200715295 -0.12482238414833163 -0.057188348381319552 0.059747489225317883 0.23791664893758352 -0.2062166464296521 0.056466368480922756 -0.40415564660244541 -0.048678101820625465 -0.37970302270443562 0.086573364340006148 -0.17302439428087113 0.0140809606614892 -0.21369941451785512 -0.15822313080703668 -0.046645935856265669 -0.014109536220247331 -0.17441709614803691 0.035084919530682789 -0.10665787127378387 0.094712712207584704 -0.081589406832233521 -0.034582033564561722 0.013457592759996372 -0.099351929130363489
leaf_weight=152 145 169 28436 171 220 152 256 157 919 824 5237 1663 1718 5178 147 1148 291 153 1257 244 208 200 366 160 181 248 166 150 177 241 145 159 678 153 149
leaf_count=152 145 169 28436 171 220 152 256 157 919 824 5237 1663 1718 5178 147 1148 291 153 1257 244 208 200 366 160 181 248 166 150 177 241 145 159 678 153 149
internal_value=0.00531697 0.0105533 0.0134631 0.5844 -0.145654 -0.069441 0.00936628 0.00785318 0.013193 0.0201688 0.0863207 -0.0489589 0.0194941 0.0082408 -0.0706922 -0.086594 -0.153096 -0.148359 -0.0189159 -0.215495 -0.0519218 -0.0286744 -0.0169474 -0.114411 -0.135195 -0.0313772 -0.0892845 -0.0948048 -0.0182217 -0.03424 0.0142437 -0.0201266 -0.0175217 0.0529975 -0.0616272
internal_weight=52018 48613 47724 340 889 3405 47384 47128 44128 39675 6061 4453 2637 33614 3000 2853 1439 1816 1414 743 669 2662 2462 461 499 2317 347 398 1919 1285 634 336 1044 298 301
internal_count=52018 48613 47724 340 889 3405 47384 47128 44128 39675 6061 4453 2637 33614 3000 2853 1439 1816 1414 743 669 2662 2462 461 499 2317 347 398 1919 1285 634 336 1044 298 301
is_linear=0
shrinkage=0.03


Tree=143
num_leaves=39
num_cat=0
split_feature=195 169 199 193 193 199 96 167 75 194 193 202 202 208 193 202 57 199 180 198 96 75 198 129 185 202 96 161 132 199 191 185 114 56 198 36 193 191
split_gain=21967.2 23884.3 85885.3 52876.6 164497 45533.8 23730.8 21894.3 44720.7 35571.7 140860 567917 71409.6 269419 37109.6 71585.4 32783.4 27559.1 27534.3 31032.6 25151.8 25302.1 19052.7 34184.3 18753.5 16540.2 16315.2 12909.2 12063.4 11764.1 30141.1 13702.6 19223.2 11520.8 11109.6 10874.6 16227.8 10461.3
threshold=1.0000000180025095e-35 121.34999847412111 60.500000000000007 28.750000000000004 27.550000190734867 162.50000000000003 40.42597961425782 0.14500000327825549 76.651638031005874 23.500000000000004 34.850000381469734 -0.49240480363368982 -0.96811076998710621 -0.37446588277816767 25.550000190734867 0.99901017546653759 36.58447456359864 166.50000000000003 0.41106283664703375 6.9500000476837167 23.611240386962894 40.296825408935554 4.6499998569488534 145.47916412353518 865.19998168945324 -0.46173103153705591 40.608007431030281 78.790000915527358 -41.864688873291009 309.50000000000006 19.740631103515629 331.77464294433599 -408.15519714355463 78.80670547485353 3.6499999761581425 116.24994277954103 37.149999618530281 54.498090744018562
decision_type=2 2 2 2 2 2 10 2 10 2 2 2 2 2 2 2 10 2 2 2 10 8 2 8 10 2 10 2 8 2 8 10 8 10 2 10 2 8
left_child=1 7 -3 4 5 26 28 20 9 12 14 -12 13 -9 16 -16 -11 -13 -14 -20 29 22 23 34 33 -26 -4 -15 -2 -1 -31 32 -32 -23 -22 36 -24 -5
right_child=6 2 3 37 -6 -7 -8 8 -10 10 11 17 18 27 15 -17 -18 -19 19 -21 21 24 35 -25 25 -27 -28 -29 -30 30 31 -33 -34 -35 -36 -37 -38 -39
leaf_value=-0.0071692992671129703 -0.20847130685736465 0.74402291876453441 0.0054175167025156869 -0.19421702861634638 0.9025851545061635 0.41720861254854202 -0.32880967085180196 1.1353729148265961 0.44519190462567748 0.016038076389067315 2.0703512143682214 0.12787482874787182 0.20051224409605883 0.041336709267665056 0.057780213160200856 0.69036951475544339 -0.082941224240200256 -0.41315355853637109 -0.45279924354342438 -0.14374940529241134 -0.15566479430670144 -0.2405728912521225 -0.028741142522838169 0.52763944058030976 0.27680679532662511 -0.1427897702770925 -0.3214204188337712 -0.23705296233661638 -0.023369149410247696 0.48048877020019598 0.362007914605535 -0.22014519228639404 0.02481218283225908 0.015379479889486297 0.15660827508430364 -0.08424093380888685 0.28794168051388291 0.087346446151962104
leaf_weight=8772 358 177 280 601 227 162 289 195 222 13716 150 167 171 235 8772 164 3859 172 351 1752 215 1311 713 146 147 199 270 414 2758 154 177 163 1084 180 196 2780 183 148
leaf_count=8772 358 177 280 601 227 162 289 195 222 13716 150 167 171 235 8772 164 3859 172 351 1752 215 1311 713 146 147 199 270 414 2758 154 177 163 1084 180 196 2780 183 148
internal_value=0.00490681 0.0100652 0.115345 0.0494189 0.199378 -0.024827 -0.0687566 0.0058661 0.0209679 0.0178408 0.0289202 0.53345 -0.0781 0.157558 0.0196139 0.0693907 -0.00569514 -0.146632 -0.165566 -0.195333 -0.0220382 -0.0705217 -0.0301722 0.133333 -0.163498 0.0354797 -0.155032 -0.13625 -0.0446364 0.00639616 0.0818055 0.0386863 0.0721452 -0.209673 -0.00674513 -0.0549474 0.0359404 -0.13858
internal_weight=52030 48625 1865 1688 939 712 3405 46760 30340 30118 27000 489 3118 844 26511 8936 17575 339 2274 2103 16420 6070 4233 557 1837 346 550 649 3116 10350 1578 1424 1261 1491 411 3676 896 749
internal_count=52030 48625 1865 1688 939 712 3405 46760 30340 30118 27000 489 3118 844 26511 8936 17575 339 2274 2103 16420 6070 4233 557 1837 346 550 649 3116 10350 1578 1424 1261 1491 411 3676 896 749
is_linear=0
shrinkage=0.03


Tree=144
num_leaves=39
num_cat=0
split_feature=80 202 141 203 194 194 193 198 197 200 200 36 183 203 190 197 191 196 197 190 123 204 193 197 199 196 202 197 82 36 201 198 104 132 203 173 202 193
split_gain=23919.5 42861.8 134957 39870.9 31349.9 79253.3 155652 95867.7 55232.8 33086.9 54594.1 29070.1 100388 52810.8 31907.1 33985.1 28121.8 25853.5 97382.2 180590 80802.2 44603.7 28723.2 19879.8 19701.9 16136.7 15299.3 14158.4 12197.3 10765 10032.7 15002.8 20268 14731.3 50915.6 10189.1 9891.14 11851.2
threshold=19.283499717712406 -0.99901017546653736 12.968597888946535 0.99901017546653759 23.500000000000004 26.500000000000004 35.250000000000007 5.5499999523162851 974.25000000000011 8.2500000000000018 11.550000190734865 288.76504516601568 31.676473617553714 -0.95368063449859608 0.99355733394622814 977.25000000000011 12.949999809265138 2.5000000000000004 979.04998779296886 0.47524037957191473 26.872116088867191 7.0000000000000009 34.149999618530281 982.35000610351574 279.50000000000006 1.0000000180025095e-35 -0.91702514886856068 975.85000610351574 49.174999237060554 230.30371856689456 37.500000000000007 3.0499999523162846 -16.120832920074459 -40.950653076171868 -0.89490029215812672 95.340000152587905 0.62249094247818004 18.94999980926514
decision_type=2 2 10 2 2 2 2 2 2 2 2 10 8 2 8 2 8 2 2 10 10 2 2 2 2 2 2 2 10 8 2 2 8 8 2 2 2 2
left_child=3 2 29 11 8 6 7 -6 -3 -10 -11 28 -13 -14 -15 -16 -7 18 19 -18 22 -20 -19 -9 -12 -26 -17 -22 30 -2 36 32 -32 34 -33 -35 37 -1
right_child=1 4 -4 -5 5 16 -8 23 9 10 24 12 13 14 15 26 17 20 21 -21 27 -23 -24 -25 25 -27 -28 -29 -30 -31 31 33 -34 35 -36 -37 -38 -39
leaf_value=0.21653138130437161 -0.067400874703549232 0.43306553664129632 1.0337888341590205 0.46448086845717707 0.7268435529784506 -0.32061624925949311 0.90479179263781562 -0.30474898034255693 -0.54844508129240677 0.45836216218949338 -0.26012082250531937 0.77236347885104473 0.61105464842208879 -0.20726857873879834 0.52002790627051043 0.23150716325769893 -0.00282367276773837 -0.03626885569870883 -0.090442571243423517 0.79551301061045199 -0.60589625871890995 0.031149533534829403 0.23067979667608926 0.028335679079534146 -0.16885228935621513 -0.010222223841526476 0.018764416917330825 -0.28222638565010733 -0.20494575565498391 0.23194583832115642 -0.25392878685351661 0.5893850096125367 0.017793021668936222 -0.015916982724147755 0.034412177128027258 0.19023891633924597 0.25056625298133001 -0.012821851228342051
leaf_weight=279 425 166 145 187 152 273 248 273 160 147 814 192 152 412 147 357 713 9598 4156 397 152 7832 377 394 1139 1170 2058 609 234 145 454 152 542 9098 7008 221 282 742
leaf_count=279 425 166 145 187 152 273 248 273 160 147 814 192 152 412 147 357 713 9598 4156 397 152 7832 377 394 1139 1170 2058 609 234 145 454 152 542 9098 7008 221 282 742
internal_value=0.00497677 -0.0128036 0.216637 0.0282594 -0.0185058 -0.00666985 0.246342 0.0469497 -0.101364 -0.12723 -0.106618 0.0246061 0.106542 0.065645 0.0377673 0.0771728 -0.0178685 -0.0144006 0.0138873 0.282712 -0.0489121 -0.011004 -0.0261794 -0.107996 -0.133213 -0.0884729 0.0502143 -0.346882 0.0103064 0.0087506 0.0129889 0.00700102 -0.106065 0.0138349 0.0461945 -0.0110278 0.0932936 0.0498526
internal_weight=52002 29485 715 22517 28770 25174 1067 819 3596 3430 3270 22330 3318 3126 2974 2562 24107 23834 13098 1110 10736 11988 9975 667 3123 2309 2415 761 19012 570 18778 17475 996 16479 7160 9319 1303 1021
internal_count=52002 29485 715 22517 28770 25174 1067 819 3596 3430 3270 22330 3318 3126 2974 2562 24107 23834 13098 1110 10736 11988 9975 667 3123 2309 2415 761 19012 570 18778 17475 996 16479 7160 9319 1303 1021
is_linear=0
shrinkage=0.03


Tree=145
num_leaves=39
num_cat=0
split_feature=183 202 156 191 202 95 204 194 201 201 199 196 95 191 199 36 198 201 95 169 194 194 204 201 194 201 194 204 95 75 194 198 194 201 202 201 199 189
split_gain=21394.4 44980 146039 43954.3 43675.8 28050 24789.8 45252.2 83454.1 44414.6 42449.6 121085 34389.2 32563.9 30821.5 29632.1 28210.2 43444.9 38448.6 27685.4 26288.7 23860 33318.6 23822.2 21907.2 27962.5 19406.2 18954.7 50311.5 29437.7 54819.6 105979 96012.7 33880.9 28125.1 67587.4 16360.1 13989.9
threshold=84.023174285888686 -0.99901017546653736 3.9801483154296879 18.94999980926514 0.99901017546653759 34.81640815734864 7.0000000000000009 33.500000000000007 87.500000000000014 177.50000000000003 323.50000000000006 94.500000000000014 25.379691123962406 20.550000190734867 5.5000000000000009 288.76504516601568 6.5499999523162851 17.500000000000004 37.113075256347663 280.33500671386724 48.500000000000007 59.500000000000007 19.000000000000004 3842.5000000000005 62.500000000000007 92.500000000000014 23.500000000000004 19.000000000000004 40.97888374328614 32.661128997802741 32.500000000000007 6.3500001430511483 68.500000000000014 3502.5000000000005 0.96359375119209301 182.50000000000003 13.500000000000002 45.832422256469734
decision_type=10 2 2 8 2 10 2 2 2 2 2 2 8 8 2 8 2 2 8 2 2 2 2 2 2 2 2 2 10 8 2 2 2 2 2 2 2 8
left_child=3 2 -2 5 23 -1 7 8 -5 10 16 21 37 -11 -15 -14 17 -8 -19 26 -18 -12 -23 27 -17 -26 -16 29 34 30 31 -3 -32 36 -29 -36 -31 -9
right_child=1 4 -4 6 -6 -7 9 12 -10 13 11 -13 15 14 19 24 20 18 -20 -21 -22 22 -24 -25 25 -27 -28 28 -30 33 32 -33 -34 -35 35 -37 -38 -39
leaf_value=-0.093455762329957254 -0.085135719943139385 0.39044390854171601 1.1047458747714634 0.80963213309790805 0.42406452505535253 -0.39094697560181607 0.47702029199547513 0.056420750077507811 -0.072185441095964226 0.37977480023905114 -0.10366700541698713 1.0379681369350682 -0.21083912894907011 0.39408824313446056 -0.14786323957367098 -0.32876731927185177 0.4713510133055594 0.010775427308094509 -0.27432606735369502 -0.31868069332439963 0.093276591534906875 0.45415192382317221 -0.021023840839692779 -0.24189716853108401 -0.062781991136302007 0.2545828639521065 -0.0078260724163985128 -0.015776771021198732 -0.26215181767134038 0.28577465521632062 0.28567620452565323 -0.14976643198141429 -0.010292548475324469 0.35705359532486347 0.7414810772601369 -0.11984709825849472 -0.013223116969113057 -0.044676949996628766
leaf_weight=1144 258 411 145 157 241 380 152 2106 251 187 284 153 1800 161 956 232 177 2215 527 280 2551 290 245 313 1977 286 13023 2827 726 168 2202 1596 1787 236 152 178 8360 2968
leaf_count=1144 258 411 145 157 241 380 152 2106 251 187 284 153 1800 161 956 232 177 2215 527 280 2551 290 245 313 1977 286 13023 2827 726 168 2202 1596 1787 236 152 178 8360 2968
internal_value=0.00458246 0.0293379 0.343 -0.0103461 0.0227531 -0.167636 -0.00260796 -0.042127 0.267151 0.0156165 0.0802432 0.263303 -0.0555957 -0.0135577 -0.0186588 -0.118067 0.0485931 -0.0166525 -0.0440204 -0.0233194 0.117809 0.118575 0.236551 0.0176507 -0.0511359 -0.0226721 -0.0174031 0.0220084 -0.0369682 0.0375238 0.088745 -0.0391389 0.153088 0.00248008 0.0148166 0.276894 -0.00733256 -0.00271552
internal_weight=52102 19600 403 32502 19197 1524 30978 9777 408 21201 6594 972 9369 14607 14420 4295 5622 2894 2742 14259 2728 819 535 18956 2495 2263 13979 18643 3883 14760 5996 2007 3989 8764 3157 330 8528 5074
internal_count=52102 19600 403 32502 19197 1524 30978 9777 408 21201 6594 972 9369 14607 14420 4295 5622 2894 2742 14259 2728 819 535 18956 2495 2263 13979 18643 3883 14760 5996 2007 3989 8764 3157 330 8528 5074
is_linear=0
shrinkage=0.03


Tree=146
num_leaves=39
num_cat=0
split_feature=80 151 203 205 198 203 203 201 183 185 193 203 173 95 205 203 75 203 194 123 57 185 185 132 91 208 201 208 96 203 75 194 36 36 201 201 189 186
split_gain=22428.9 22320.7 137455 69250.7 95385.1 153793 73342.8 89533.1 38051.5 50310.8 86417.5 28737.3 18670.5 27466.6 86496.7 24196.5 26032.7 28481.4 117134 35770.6 24689.2 19947.6 35620.1 17558.4 16296.6 25182 15913.2 28557.5 20264.3 15877.2 23257.2 15816.3 10496.2 9934.71 10365.9 11609.6 9772.06 9661.18
threshold=54.850000381469734 34.389999389648445 -0.95368063449859608 -0.68301269412040699 8.3499999046325701 0.1650413200259209 0.53727915883064281 637.50000000000011 100.84782028198244 1112.0000000000002 27.650000572204593 0.026175950653851036 0.49500000476837164 11.427103996276857 0.68301269412040722 -0.3172925859689712 61.562412261962898 -0.25037047266960138 55.500000000000007 19.83652496337891 12.125890731811525 287.05400085449224 218.07720947265628 -57.588388442993157 16.550000190734867 0.089118976145982756 3502.5000000000005 -0.72102889418601979 23.718650817871097 0.47714059054851538 22.84245586395264 44.500000000000007 277.60604858398443 116.24994277954103 232.50000000000003 762.50000000000011 37.035459518432624 0.59665554761886608
decision_type=2 2 2 2 2 2 2 2 8 10 2 2 2 10 2 2 8 2 2 8 10 10 10 8 8 2 2 2 10 2 8 2 10 10 2 2 10 8
left_child=1 12 -3 4 5 -4 8 -8 32 10 -10 -6 26 14 29 20 17 18 -17 -19 -15 22 -22 -23 25 -2 28 -28 -1 30 -14 -18 36 34 -30 -36 -5 -35
right_child=24 2 3 6 11 -7 7 -9 9 -11 -12 -13 13 15 -16 16 31 19 -20 -21 21 23 -24 -25 -26 -27 27 -29 33 -31 -32 -33 -34 37 35 -37 -38 -39
leaf_value=-0.0054289338196724839 -0.036358088888489522 0.88702842826469541 1.3654859806418771 -0.044707638699529553 -0.22787419929964056 0.037203420662342744 -0.094892566810018744 0.77512462363811641 -0.19473319698718941 -0.2327589277662804 0.64051543764508567 0.24692485947815462 -0.026681988164112165 0.28605841027075274 0.80774471660505021 0.81413622493589333 -0.25876486410507471 -0.0057440509066709038 -0.064466474945165886 0.073702770003798823 -0.050215410268989791 -0.48596302921784024 0.28489155156077889 -0.12421696009700063 -0.092543781595712443 0.39050644563211312 -0.053405226093466547 0.41783647214302061 -0.15600673290950479 -0.15357435901767788 0.45098336089776042 -0.037210581080702479 -0.3886946364382648 -0.16615535742028575 0.19432439179183106 -0.061155508662149333 -0.30783037707302829 -0.064571688728762608
leaf_weight=10021 496 182 153 244 233 161 233 196 220 407 226 226 244 201 163 209 347 11064 394 9463 4683 148 304 656 3268 166 271 202 253 249 147 1765 389 1410 331 310 265 2094
leaf_count=10021 496 182 153 244 233 161 233 196 220 407 226 226 244 201 163 209 347 11064 394 9463 4683 148 304 656 3268 166 271 202 253 249 147 1765 389 1410 331 310 265 2094
internal_value=0.0038585 0.00949275 0.086887 0.0375698 0.28154 0.684447 -0.0489397 0.302605 -0.135071 0.00842138 0.228513 0.00590428 0.0040924 0.0177095 0.190803 0.0129549 0.026813 0.0368509 0.240065 0.0308811 -0.0407983 -0.0521437 -0.0297872 -0.190812 -0.0650482 0.0706839 -0.0233731 0.147847 -0.0289899 0.033665 0.152906 -0.073613 -0.271371 -0.0826742 0.00659106 0.0707697 -0.181701 -0.105449
internal_weight=51994 48064 3135 2953 773 314 2180 429 1751 853 446 459 44929 30037 803 29234 23242 21130 603 20527 5992 5791 4987 804 3930 662 14892 473 14419 640 391 2112 898 4398 894 641 509 3504
internal_count=51994 48064 3135 2953 773 314 2180 429 1751 853 446 459 44929 30037 803 29234 23242 21130 603 20527 5992 5791 4987 804 3930 662 14892 473 14419 640 391 2112 898 4398 894 641 509 3504
is_linear=0
shrinkage=0.03


Tree=147
num_leaves=29
num_cat=0
split_feature=201 201 199 200 141 200 185 76 208 204 193 200 189 200 193 202 173 95 204 202 202 193 96 95 200 200 196 189
split_gain=20638.2 42819.3 64955.5 20010.8 56287 39727.6 207385 62664.4 83127.7 51690.5 32156.2 31566.2 23890.7 81730.7 50542.5 21081.7 105713 30145.8 20448.8 23993.5 33489.4 31145 17008.2 13587.6 8913.27 8790.92 8672.63 5276.73
threshold=4042.5000000000005 3777.5000000000005 292.50000000000006 5.1499998569488534 1.0000000180025095e-35 6.9500000476837167 601.60040283203136 47.05285835266114 0.58307701349258434 13.000000000000002 32.549999237060554 7.0499999523162851 182.50000000000003 10.650000095367433 35.350000381469734 0.99901017546653759 126.23999786376955 38.734483718872077 21.000000000000004 -0.35019405186176294 -0.14780378341674802 20.44999980926514 41.349533081054695 30.409710884094242 3.8500000238418584 3.5499999523162846 12.500000000000002 27.02048492431641
decision_type=2 2 2 2 10 2 10 10 2 2 2 2 10 2 2 2 2 10 2 2 2 2 10 10 2 2 2 10
left_child=1 3 -3 4 18 6 7 10 9 -9 26 -7 15 -14 -15 17 -17 -13 19 22 -21 -22 24 25 -1 -6 -5 -25
right_child=-2 2 -4 5 23 11 -8 8 -10 -11 -12 12 13 14 -16 16 -18 -19 -20 20 21 -23 -24 27 -26 -27 -28 -29
leaf_value=-0.0055456180433265979 -0.31081890342142854 0.79623098095499401 -0.082284054873441273 -0.0095332375463219494 -0.27975046184248614 -0.42259048345894329 1.1452451199305345 -0.098019564245593743 0.8106208145810152 0.46799037616849221 0.37569393401405005 0.011541675898825106 0.75175820083130362 -0.18369929597257439 0.36829771713794313 -0.11006690757955576 0.86897333138558319 -0.049529255574282546 0.24794148606734157 0.39839891145835876 0.22034499021851331 -0.08608861904595845 -0.39989132054357945 -0.2844745791396498 -0.18064641588604732 -0.030940950490785546 -0.13903131724733275 -0.49617652409105417
leaf_weight=627 186 153 150 997 266 157 166 403 198 227 158 33673 169 422 231 310 146 9279 274 217 414 1070 172 213 449 246 873 211
leaf_count=627 186 153 150 997 266 157 166 403 198 227 158 33673 169 422 231 310 146 9279 274 217 414 1070 172 213 449 246 873 211
internal_value=0.00461813 0.00574929 0.361332 0.00365991 -0.0594357 0.00919505 0.114444 0.0545265 0.274448 0.105927 -0.0352647 0.00202937 0.00353671 0.163759 0.0115726 0.000502594 0.203408 -0.00165159 4.00021e-05 -0.0229938 0.0503028 -0.000599963 -0.122896 -0.264231 -0.0786141 -0.160209 -0.0699894 -0.389836
internal_weight=52057 51871 303 51568 4159 47409 3022 2856 828 630 2028 44387 44230 822 653 43408 456 42952 3223 2949 1701 1484 1248 936 1076 512 1870 424
internal_count=52057 51871 303 51568 4159 47409 3022 2856 828 630 2028 44387 44230 822 653 43408 456 42952 3223 2949 1701 1484 1248 936 1076 512 1870 424
is_linear=0
shrinkage=0.03


Tree=148
num_leaves=39
num_cat=0
split_feature=200 141 200 194 207 132 199 200 194 203 209 200 141 207 208 202 200 207 196 203 96 194 200 204 196 201 96 207 203 196 132 96 95 197 202 197 199 202
split_gain=21378.6 50478.3 38538.8 167193 240567 505009 178466 30424.9 27130.3 27008.9 78619.3 26862.9 61871.4 29707.3 122098 502934 124028 39857.1 24555.6 23691.5 23667.9 21599.6 19081.9 17570.6 25781.3 25439.6 33963.6 31601.7 18895 16374.8 19288.1 15114.3 14677.7 13801.3 12593.8 11468.7 11451.2 9458.8
threshold=5.1499998569488534 1.0000000180025095e-35 6.9500000476837167 55.500000000000007 0.75580966472625744 -59.99915695190429 152.50000000000003 7.0499999523162851 70.500000000000014 0.99901017546653759 4.5000000000000009 7.6499998569488534 16.026122093200687 0.8337649703025819 -0.52765738964080799 0.89490029215812694 8.3499999046325701 0.79904097318649303 2.5000000000000004 0.04361772537231446 34.570505142211921 55.500000000000007 5.9500000476837167 7.0000000000000009 98.500000000000014 387.50000000000006 35.860319137573249 -0.85671821236610401 -0.91702514886856068 40.500000000000007 -48.319204330444329 24.948566436767582 30.247671127319339 985.85000610351574 0.70088258385658275 988.85000610351574 201.50000000000003 0.35019405186176306
decision_type=2 10 2 2 2 10 2 2 2 2 2 2 10 2 2 2 2 2 2 2 10 2 2 2 2 2 10 2 2 2 10 10 10 2 2 2 2 2
left_child=1 23 3 4 18 -6 -7 -4 22 11 -11 12 35 17 15 -15 -16 19 36 -13 -10 -19 -5 -1 25 26 28 -27 -25 30 -29 -24 37 -8 -30 -9 -2 -3
right_child=2 32 7 8 5 6 33 9 20 10 -12 13 -14 14 16 -17 -18 21 -20 -21 -22 -23 31 24 -26 27 -28 29 34 -31 -32 -33 -34 -35 -36 -37 -38 -39
leaf_value=-0.11607963573618323 -0.027466742193094616 -0.23706186440524676 -0.41310747978032092 -0.0058586372906019911 2.1976514583769444 1.1212043801953637 -0.34632636358201269 0.0084230984328430309 -0.030481467077290585 -0.10648105625191992 0.72545408028552938 -0.037859084482161791 -0.71297962630112854 1.8573391286037928 0.49358073199170571 -0.36142266340071838 0.010787651899155227 -0.24577923652420561 -0.24366561798170649 0.020261132319367745 0.37951872965136901 -0.027810047320606938 -0.12889347718293684 0.33890110944653101 -0.24717312603147512 0.3315553863053527 0.48469030990299483 -0.36486101385889369 -0.099946463901093172 0.091046182085836536 -0.020901758894575448 -0.47795758851370834 -0.38025345223300039 0.057377837850523312 0.19163926050083163 -0.20402001553987784 0.32690586993649573 0.031120686647018812
leaf_weight=893 177 342 157 255 169 151 149 745 959 242 177 10276 147 159 496 218 13879 962 284 16364 146 712 194 196 250 179 250 297 392 260 290 263 434 156 202 330 153 181
leaf_count=893 177 342 157 255 169 151 149 745 959 242 177 10276 147 159 496 218 13879 962 284 16364 146 712 194 196 250 179 250 297 392 260 290 263 434 156 202 330 153 181
internal_value=0.00512755 -0.0600575 0.0107945 0.113877 0.382593 0.796919 0.277753 0.00377286 -0.0693598 0.00523693 0.244964 0.00296886 -0.135734 0.00690459 0.0414238 0.574363 0.0274464 -0.0110804 -0.0391615 -0.0021579 0.0236929 -0.153072 -0.213773 -0.00302959 0.0405602 0.075379 0.179939 -0.030608 0.0834936 -0.107149 -0.194936 -0.329784 -0.251281 -0.139845 -0.00078557 -0.0567928 0.136837 -0.14425
internal_weight=52086 4166 47920 3056 1239 625 456 44864 1817 44707 419 44288 1222 43066 14752 377 14375 28314 614 26640 1105 1674 712 3209 2316 2066 1040 1026 790 847 587 457 957 305 594 1075 330 523
internal_count=52086 4166 47920 3056 1239 625 456 44864 1817 44707 419 44288 1222 43066 14752 377 14375 28314 614 26640 1105 1674 712 3209 2316 2066 1040 1026 790 847 587 457 957 305 594 1075 330 523
is_linear=0
shrinkage=0.03


Tree=149
num_leaves=39
num_cat=0
split_feature=81 154 202 198 197 198 207 207 208 201 196 197 198 207 193 207 194 207 207 203 191 203 206 51 92 198 191 207 50 37 193 139 81 202 187 198 197 207
split_gain=22353.6 23925.1 117381 47444.8 47355.6 30287.8 19200.6 27870.1 114794 233055 28397.5 44920.5 26233.1 23966 19974.1 19443.8 32853.9 30939.7 56323.2 26261.5 15886.8 13427.5 15311.5 10146.4 16338.2 16498.3 17908.4 22819 17163.9 10961.8 8520.98 22406.3 10030.6 6344.32 5422.41 5201.02 4647.43 4367.55
threshold=54.850000381469734 15.000000000000002 0.30069434642791754 7.1499998569488534 982.45001220703136 9.1500000953674334 0.9990701973438264 0.9937499761581422 0.089118976145982756 512.50000000000011 78.500000000000014 982.25000000000011 4.8500001430511483 0.99168354272842418 24.650000572204593 0.98932364583015453 61.500000000000007 0.97112539410591137 0.9159645438194276 0.94260558485984813 27.303986549377445 -0.043617725372314446 0.93301269412040722 35.149999618530281 17.585000038146976 13.050000190734865 13.34999990463257 0.89404821395874035 73.849998474121108 128.33070373535159 28.750000000000004 105.21250152587892 88.912502288818374 0.9238443672657014 35.12193679809571 7.5499999523162851 983.25000000000011 0.9470459818840028
decision_type=2 2 2 2 2 2 2 2 2 2 2 2 2 2 2 2 2 2 2 2 10 2 2 10 8 2 10 2 8 8 2 10 2 2 10 2 2 2
left_child=1 6 -3 -4 5 -5 7 13 10 -10 11 12 -9 15 -13 17 -17 18 -1 -19 36 30 23 29 -25 26 28 -28 -26 37 31 35 -32 -7 -8 -2 -12 -23
right_child=21 2 3 4 -6 33 34 8 9 -11 20 14 -14 -15 -16 16 -18 19 -20 -21 -22 22 -24 24 25 -27 27 -29 -30 -31 32 -33 -34 -35 -36 -37 -38 -39
leaf_value=-0.0014346086863309469 -0.22285648060237562 0.79381236866513305 -0.36208427001293492 0.24515010447548238 0.49531349823215287 -0.30616048494599574 -0.091829448320117441 0.65536175174745037 1.4723482356825026 -0.122334855235065 -0.19564017856661811 -0.33647703446185934 0.12755808016460141 -0.28774840615744662 0.10860012736547839 0.46199570622906705 -0.052395173687619589 -0.13386092978406694 0.11387253607327731 0.16395115595504819 0.076355957076316303 0.023963613775415813 -0.30453220842880396 0.29247964479242206 0.40689529052829987 -0.26813127969639283 0.06412230914142901 -0.35930839533876718 0.054436138366196145 -0.28637210386171258 -0.049877541653673453 0.18760113635178113 -0.35686745379120177 -0.069257075333559792 -0.27065353107851692 -0.070925749780856834 -0.42383402826656269 -0.14567370656993739
leaf_weight=37041 488 206 237 260 222 173 470 153 156 175 173 183 190 251 180 222 225 2211 4250 303 145 456 161 207 177 172 328 176 418 189 147 209 275 247 226 347 150 195
leaf_count=37041 488 206 237 260 222 173 470 153 156 175 173 183 190 251 180 222 225 2211 4250 303 145 456 161 207 177 172 328 176 418 189 147 209 275 247 226 347 150 195
internal_value=0.00444738 0.0100838 0.134828 0.0156378 0.114887 -0.00931524 0.0064913 0.00885718 0.135827 0.629257 -0.00329575 0.116832 0.363005 0.0045633 -0.115779 0.00622138 0.203078 0.00421254 0.0104337 -0.0979665 -0.184514 -0.0642019 -0.0216394 -0.00198931 0.0453282 0.00507398 0.0478345 -0.0837455 0.159291 -0.0852456 -0.136174 -0.0901884 -0.249935 -0.166844 -0.149899 -0.159721 -0.301623 -0.0268502
internal_weight=51994 48049 1345 1139 902 680 46704 46008 1505 331 1174 706 343 44503 363 44252 447 43805 41291 2514 468 3945 2479 2318 1478 1271 1099 504 595 840 1466 1044 422 420 696 835 323 651
internal_count=51994 48049 1345 1139 902 680 46704 46008 1505 331 1174 706 343 44503 363 44252 447 43805 41291 2514 468 3945 2479 2318 1478 1271 1099 504 595 840 1466 1044 422 420 696 835 323 651
is_linear=0
shrinkage=0.03


Tree=150
num_leaves=39
num_cat=0
split_feature=80 36 189 162 203 202 208 201 193 189 207 54 205 196 162 202 201 186 207 208 166 62 207 199 199 207 199 202 201 207 196 196 202 205 207 162 74 193
split_gain=20820.1 34198.8 65973.6 108898 57291 32062 115535 27463.5 61175.7 26673.2 44310.3 25623.8 27348.8 23761.3 33327 26089.6 25280.3 22606.7 21309 27969.5 16769 14329.1 13589.9 49432.1 145604 27676.4 26687.6 22810.9 23034.4 16705.1 13628.8 12961.3 12900.6 11831.3 13177 11312.3 11201.9 10582.3
threshold=19.283499717712406 288.76504516601568 24.492825508117679 5.0658490657806405 -0.95368063449859608 -0.99901017546653736 -0.30982844531536097 2870.0000000000005 39.45000076293946 114.49506759643556 0.76696112751960765 105.78767776489259 -0.93301269412040699 98.500000000000014 5.6161847114562997 0.99901017546653759 242.50000000000003 2.0915381908416752 0.78325453400611889 -0.42179730534553522 54.500000000000007 104.1999969482422 0.98802474141120922 307.50000000000006 319.50000000000006 0.98049071431159984 13.500000000000002 -0.98321744799613942 57.500000000000007 0.98522606492042553 87.500000000000014 60.500000000000007 0.98897820711135875 -0.93301269412040699 0.72102680802345287 7.0390696525573739 11.836086750030519 20.94999980926514
decision_type=2 10 8 2 2 2 2 2 2 10 2 10 2 2 2 2 2 8 2 2 2 10 2 2 2 2 2 2 2 2 2 2 2 2 2 2 10 2
left_child=1 22 3 -3 -4 6 -2 8 11 10 33 13 35 15 21 16 -7 -8 -9 -20 -14 -15 25 27 -25 26 -1 -24 -29 -27 -30 -26 -22 -6 -35 -13 -28 -5
right_child=5 2 4 37 9 7 17 18 -10 -11 -12 12 20 14 -16 -17 -18 -19 19 -21 32 -23 23 24 31 29 36 28 30 -31 -32 -33 -34 34 -36 -37 -38 -39
leaf_value=0.37189687666628113 0.88749618257647533 1.121161854582287 0.6302083147576979 -0.044373187588652843 0.29392402579518739 0.034463019581996553 -0.16002265068455246 0.019263848393788755 0.56122390844759251 0.31235729237282017 -0.24998489355700201 -0.015794643641960232 -0.43394295682372336 -0.067749205046396838 -0.38946549177384809 0.32242481091626601 -0.031250897829287937 0.24456799997034737 -0.60762243655377624 -0.15934930064246014 -0.090816612266168786 0.23502722829980063 0.31530722666454797 0.88937815670975851 0.088140912000122348 -0.24621390659822387 -0.12367412378031745 0.2693644848660588 -0.018947192687233477 0.0027114678808555573 -0.22896995681803733 -0.28372402720141898 -0.36396307524673344 0.015314420862851234 0.30287244060900892 0.34566753300481862 0.011453443020327069 0.30618265314353615
leaf_weight=182 163 147 151 156 182 11087 363 442 167 272 510 151 150 2515 290 233 10040 189 151 735 2487 149 176 237 188 629 573 180 774 395 434 153 166 1657 157 161 15158 154
leaf_count=182 163 147 151 156 182 11087 363 442 167 272 510 151 150 2515 290 233 10040 189 151 735 2487 149 176 237 188 629 573 180 774 395 434 153 166 1657 157 161 15158 154
internal_value=0.00379728 0.0255797 0.113443 0.448686 0.061135 -0.0127128 0.18574 -0.0176186 -0.0112058 0.0302004 -0.000425616 -0.0146912 -0.0957008 -0.00431259 -0.0840611 0.00671631 0.00323435 -0.0214918 -0.150876 -0.235754 -0.125358 -0.0508137 0.00998631 0.0811829 0.318247 0.000982103 0.0107103 -0.00642891 -0.0472275 -0.150193 -0.0944039 -0.0787096 -0.107909 0.0633402 0.0402039 0.170733 0.00653134 0.129777
internal_weight=52104 22465 3386 457 2929 29639 715 28924 27596 2778 2506 27429 3115 24314 2954 21360 21127 552 1328 886 2803 2664 19079 2142 578 16937 15913 1564 1388 1024 1208 341 2653 1996 1814 312 15731 310
internal_count=52104 22465 3386 457 2929 29639 715 28924 27596 2778 2506 27429 3115 24314 2954 21360 21127 552 1328 886 2803 2664 19079 2142 578 16937 15913 1564 1388 1024 1208 341 2653 1996 1814 312 15731 310
is_linear=0
shrinkage=0.03


Tree=151
num_leaves=33
num_cat=0
split_feature=95 187 187 76 196 191 200 200 141 197 120 203 196 196 93 196 204 199 199 132 199 162 64 197 197 198 198 198 189 198 157 37
split_gain=22617.7 20094.8 70403.4 92207 27863.9 21537.6 70915.4 67457.7 51805 31387.8 31156.8 193507 51368 135846 24349.8 22690.5 21551.4 19482 36777.4 18191.5 12990.9 16863.9 11965.8 11218.1 12350.1 10645.8 10450 7631.98 7048.35 6445.73 6016.17 3886.32
threshold=80.888408660888686 4.2500000000000009 4.9500000476837167 29.722882270812992 20.500000000000004 16.349999427795414 17.349999427795414 17.849999427795414 23.135295867919925 975.35000610351574 19.16874980926514 -0.95368063449859608 28.500000000000004 23.500000000000004 50.54878234863282 68.500000000000014 3.0000000000000004 23.500000000000004 26.000000000000004 -53.663127899169915 297.50000000000006 6.0088074207305917 14.424999713897707 982.14999389648449 980.64999389648449 8.5500001907348651 7.4500000476837167 7.4500000476837167 153.50000000000003 14.750000000000002 1.5550000071525576 125.34335327148439
decision_type=8 8 8 10 2 8 2 2 10 2 8 2 2 2 10 2 2 2 2 10 2 2 8 2 2 2 2 2 10 2 2 8
left_child=1 20 3 -3 -5 6 8 -8 23 -9 11 -7 13 -13 17 -14 27 25 -19 -11 21 28 -18 24 -4 -12 -10 -16 -1 30 -30 -25
right_child=-2 2 5 4 -6 10 7 9 26 19 14 12 15 -15 16 -17 22 18 -20 -21 -22 -23 -24 31 -26 -27 -28 -29 29 -31 -32 -33
leaf_value=0.079571821595951414 0.36013548471421525 0.99969830834158868 -0.12216393098830271 0.34594153977989145 -0.20808371952124455 0.98606510346379284 0.64962052240464874 0.31384618693119204 -0.66668508284816563 -0.18135126403653709 -0.16422214151931835 0.062580455250028685 -0.25746663434826467 0.99034699023640604 -0.34301521173608002 -0.016932783273567502 0.038872995947497116 0.45238419337162694 0.0075118960221102335 0.046887809677567741 0.10974556182804268 -0.42478164983292094 -0.086953695984576224 -0.15463472580017815 0.22747182447550135 0.018419700180640004 -0.35357677405002719 -0.11214479966668241 -0.084545003466564003 -0.0017600784885833283 -0.33889212192014101 -0.32784737864674057
leaf_weight=145 160 145 241 178 151 202 158 238 211 600 918 3522 570 148 324 927 1016 168 36748 660 170 192 2058 536 146 418 176 214 145 162 198 149
leaf_count=145 160 145 241 178 151 202 158 238 211 600 918 3522 570 148 324 927 1016 168 36748 660 170 192 2058 536 146 418 176 214 145 162 198 149
internal_value=0.00400933 0.00290998 0.00554585 0.369452 0.0916626 0.00211978 -0.0742852 0.0600714 -0.226783 -0.00211411 0.00715869 0.0751961 0.0395846 0.099997 -0.00156702 -0.10852 -0.0760233 0.00546362 0.00953658 -0.0617977 -0.12946 -0.177757 -0.0453661 -0.119372 0.0097413 -0.107078 -0.524303 -0.251186 -0.104784 -0.157719 -0.231376 -0.192316
internal_weight=51994 51834 50822 474 329 50348 3115 1656 1459 1498 47233 5369 5167 3670 41864 1497 3612 38252 36916 1260 1012 842 3074 1072 387 1336 387 538 650 505 343 685
internal_count=51994 51834 50822 474 329 50348 3115 1656 1459 1498 47233 5369 5167 3670 41864 1497 3612 38252 36916 1260 1012 842 3074 1072 387 1336 387 538 650 505 343 685
is_linear=0
shrinkage=0.03


Tree=152
num_leaves=39
num_cat=0
split_feature=76 154 93 203 149 202 187 194 193 207 203 202 199 196 198 152 203 187 202 75 75 204 198 198 132 193 206 202 202 202 193 163 187 93 147 185 202 194
split_gain=20951.5 93043.1 20406.9 21216.1 21076.6 54997.8 73038.3 36976.6 69472.9 42937.2 198289 33505.1 124215 29695.5 23408.6 19755.2 20651 30995.6 48950.7 19907.2 23062.1 18194.3 52865.4 95903 33100.5 18579.6 17756 28652.1 53255.3 18370.4 41534.1 18956.4 20608.3 16114.4 15486.6 18028.1 13195.1 12401.3
threshold=68.643508911132827 1.0000000180025095e-35 50.54878234863282 -0.95368063449859608 10.994999885559084 -0.99901017546653736 30.714592933654789 23.500000000000004 34.850000381469734 0.93544191122055065 -0.14780378341674802 -0.96811076998710621 276.50000000000006 3.5000000000000004 7.1499998569488534 3.5000000000000004 0.53727915883064281 8.1500000953674334 -0.68832838535308827 61.562412261962898 51.932495117187507 11.000000000000002 2.1499999761581425 1.7500000000000002 -92.413444519042955 33.049999237060554 1.0000000180025095e-35 0.89490029215812694 0.8038262426853181 0.90992662310600292 27.94999980926514 232.54499816894534 28.371868133544925 28.127082824707035 -0.78257837891578663 650.97897338867199 -0.98321744799613942 50.500000000000007
decision_type=10 2 10 2 2 2 10 2 2 2 2 2 2 2 2 2 2 8 2 8 10 2 2 2 10 2 2 2 2 2 2 2 8 8 2 10 2 2
left_child=2 -2 4 -4 15 6 -6 11 9 13 -11 12 -7 -9 -13 16 21 18 -18 20 -19 25 23 -23 -24 33 27 28 36 31 -31 32 -28 -1 35 -17 -5 -21
right_child=1 -3 3 26 5 7 -8 8 -10 10 -12 14 -14 -15 -16 34 17 19 -20 37 -22 22 24 -25 -26 -27 29 -29 -30 30 -32 -33 -34 -35 -36 -37 -38 -39
leaf_value=-0.0074129889467133047 -0.23703246311192055 0.78766297552915487 0.23649445974795757 0.25415850046089611 0.91154521145416911 -0.25041130508796888 -0.027957585546583792 0.07279726786163869 0.62655386742291796 1.2177267134298511 -0.12769132014853432 -0.41966981746725379 0.80295240346177432 -0.068918073784777184 -0.10184767627267745 -0.039897079818842406 0.011434565056859771 0.027157896358672339 0.70776467419948708 -0.29511745482805679 0.1773194749218911 -0.013082306462891723 0.053780278375705537 0.93851964122750631 -0.055603467797645488 -0.19026807863197651 0.19502650165435592 -0.23149801488783611 0.53528102614153683 -0.12125816293717107 0.45904305726531142 -0.2605776080694493 -0.15330095713687567 -0.093684673643718436 -0.13164847259781692 0.25617114965637772 -0.033286213902739621 -0.037512659173270076
leaf_weight=9189 169 151 218 156 152 275 146 4555 194 151 284 267 159 1880 953 1749 212 8802 159 234 1028 245 5690 156 4427 652 205 442 175 463 146 992 601 2473 1737 207 1826 598
leaf_count=9189 169 151 218 156 152 275 146 4555 194 151 284 267 159 1880 953 1749 212 8802 159 234 1028 245 5690 156 4427 652 205 442 175 463 146 992 601 2473 1737 207 1826 598
internal_value=0.00450639 0.246503 0.00301131 -0.0532128 0.00931774 0.0505079 0.451264 0.0368087 0.0667051 0.0508948 0.339354 -0.090874 0.135507 0.0313947 -0.171407 -0.000570186 0.00661478 0.0403156 0.309873 0.0309357 0.0428617 -0.00967031 0.0193064 0.357129 0.00591606 -0.0344208 -0.0658294 -0.0114561 0.0336342 -0.124539 0.0178659 -0.172774 -0.0647048 -0.0257075 -0.0664567 -0.00856343 -0.0106606 -0.109967
internal_weight=52118 320 51798 5224 46574 9016 298 8718 7064 6870 435 1654 434 6435 1220 37558 33865 11033 371 10662 9830 22832 10518 401 10117 12314 5006 2599 2157 2407 609 1798 806 11662 3693 1956 1982 832
internal_count=52118 320 51798 5224 46574 9016 298 8718 7064 6870 435 1654 434 6435 1220 37558 33865 11033 371 10662 9830 22832 10518 401 10117 12314 5006 2599 2157 2407 609 1798 806 11662 3693 1956 1982 832
is_linear=0
shrinkage=0.03


Tree=153
num_leaves=39
num_cat=0
split_feature=187 187 75 201 201 114 204 193 186 193 193 207 123 183 193 207 36 187 94 147 75 188 200 183 201 208 183 201 200 200 201 200 201 144 141 200 157 204
split_gain=19392.6 77433.3 72286.6 21842.4 55712.9 439424 47712.1 62678 69527.2 47226.5 40397.9 39250 31738.5 30193.2 63234.8 29719.6 35349.2 29641.1 29472.8 26963.1 25112.5 23898.8 21031.7 18958 18558.5 17786.5 15634.6 14454.6 12274.1 11528.6 10785.6 19129.1 9099.1 8582.21 8071.58 6670.04 5954.33 5557.69
threshold=4.2500000000000009 4.9500000476837167 28.871817588806156 707.50000000000011 637.50000000000011 -776.63955688476551 11.000000000000002 34.149999618530281 0.094412896782159819 37.45000076293946 32.649999618530281 -0.37447345256805414 20.185220718383793 93.808002471923842 36.649999618530281 -0.83847111463546742 252.03279113769534 19.650000572204593 25.988667488098148 -0.043617725372314446 57.183055877685554 4.6427452564239511 16.44999980926514 82.086055755615249 1627.5000000000002 0.39629089832305914 80.875942230224624 2537.5000000000005 6.2500000000000009 10.949999809265138 932.50000000000011 13.84999990463257 432.50000000000006 -0.53699579834938038 24.335664749145511 20.150000572204593 80.189998626708999 13.000000000000002
decision_type=8 8 10 2 2 8 2 2 8 2 2 2 10 10 2 2 10 8 10 2 8 10 2 10 2 2 10 2 2 2 2 2 2 10 8 2 2 2
left_child=26 2 -2 4 9 -6 18 15 -9 10 19 -7 32 17 -15 25 20 -10 33 21 -17 -3 -14 -21 -18 37 -1 -4 -27 -13 -20 34 -12 -5 -32 -31 -28 -8
right_child=1 3 27 6 5 11 7 8 13 -11 12 29 22 14 -16 16 24 -19 30 23 -22 -23 -24 -25 -26 28 36 -29 -30 35 31 -33 -34 -35 -36 -37 -38 -39
leaf_value=-0.39839028373520641 0.87637617079940144 0.029611088839994686 -0.10213477341842127 0.02071055591141378 1.7576068288465807 0.4351404655865479 0.089797495376625111 0.59357080077617774 -0.3753943722146989 0.51341580397846087 -0.13534170713174232 -0.25669273082850425 -0.59840176852154214 0.44495320809582833 0.029991631723555366 -0.050589118734682095 -0.15680501593952997 0.019259677175770751 -0.14811493644389204 -0.044442322473153002 0.23470456529501826 0.29406572754115395 -0.15997329254801662 0.033992452142289874 -0.49312827560074601 0.044806449502721508 -0.0236283359431987 0.30848347923877056 0.37678677339063171 0.058870785089424164 -0.37964058665432043 -0.18639884794254152 0.034534692566571462 -0.16241642758322195 -0.68716910601795489 -0.17473222196275592 -0.19633893530105725 -0.082423719618824318
leaf_weight=159 173 21524 149 516 146 148 312 242 201 166 680 269 194 471 1108 4485 1782 1158 259 9245 296 312 200 3962 161 166 608 160 253 352 147 248 487 416 161 160 255 367
leaf_count=159 173 21524 149 516 146 148 312 242 201 166 680 269 194 471 1108 4485 1782 1158 259 9245 296 312 200 3962 161 166 608 160 253 352 147 248 487 416 161 160 255 367
internal_value=0.00436157 0.00695068 0.385392 0.00334526 0.0147861 0.227666 -0.0306163 -0.00748986 0.104812 0.00856226 0.0062726 -0.0127913 -0.143053 0.0645517 0.153773 -0.0531459 -0.0767763 -0.0391127 -0.176258 0.0129244 -0.0329256 0.0333898 -0.375859 -0.0209124 -0.184676 0.0915626 -0.125031 0.110485 0.245267 -0.0976793 -0.308026 -0.382513 -0.0644507 -0.0610289 -0.540411 -0.0141313 -0.074663 -0.00328748
internal_weight=52098 51076 482 50594 37845 1075 12749 11002 3180 36770 36604 929 1561 2938 1579 7822 6724 1359 1747 35043 4781 21836 394 13207 1943 1098 1022 309 419 781 815 556 1167 932 308 512 863 679
internal_count=52098 51076 482 50594 37845 1075 12749 11002 3180 36770 36604 929 1561 2938 1579 7822 6724 1359 1747 35043 4781 21836 394 13207 1943 1098 1022 309 419 781 815 556 1167 932 308 512 863 679
is_linear=0
shrinkage=0.03


Tree=154
num_leaves=39
num_cat=0
split_feature=207 207 208 201 207 207 204 201 202 141 196 194 198 196 16 202 204 194 76 196 205 196 202 207 207 194 199 194 202 194 201 129 207 199 208 198 204 15
split_gain=18715.6 21099.4 103524 231828 29935.2 150565 192599 289983 345028 207149 131008 139386 31898.5 51973.5 33416.6 69049.5 36074.6 65160.6 29571.5 28069.5 36465.2 49421.3 30932 23502.4 29821.3 25427.9 23349.8 28824 149675 46015.4 20638.1 36462.9 30547.6 17223.8 17062.1 12326.3 7797.33 5688.85
threshold=0.9990701973438264 0.9937499761581422 0.089118976145982756 512.50000000000011 0.94425827264785778 0.9159645438194276 3.0000000000000004 137.50000000000003 -0.9366365075111388 7.9156270027160653 1.0000000180025095e-35 27.500000000000004 13.250000000000002 36.500000000000007 61.697671890258796 0.11319890245795251 7.0000000000000009 26.500000000000004 67.37192535400392 78.500000000000014 0.68301269412040722 27.500000000000004 -0.82409480214118946 0.98522606492042553 0.99168354272842418 59.500000000000007 5.5000000000000009 40.500000000000007 0.99535831809043895 51.500000000000007 147.50000000000003 111.25000000000001 0.9646572768688203 302.50000000000006 -0.34234976768493647 7.7500000000000009 13.000000000000002 73.728256225585952
decision_type=2 2 2 2 2 2 2 2 2 10 2 2 2 2 10 2 2 2 10 2 2 2 2 2 2 2 2 2 2 2 2 8 2 2 2 2 2 10
left_child=1 4 19 -4 5 18 -7 8 -8 -10 34 -12 14 33 15 16 -6 -18 26 20 21 22 -3 30 25 -25 -1 28 -28 -29 32 -32 -16 -14 -9 36 -21 -2
right_child=37 2 3 -5 12 6 7 10 9 -11 11 -13 13 -15 23 -17 17 -19 -20 35 -22 -23 -24 24 -26 -27 27 29 -30 -31 31 -33 -34 -35 -36 -37 -38 -39
leaf_value=0.27193509521617565 -0.094202351468133549 -0.2463155960791843 1.4105229176823166 -0.14121111543027476 -0.37350601645685449 -0.42231386309546043 1.848712875332208 -0.3074711724594491 1.1415724588912606 -0.32674099096271786 0.63077091519999029 -0.23992773757215355 0.15866474894190433 0.63247879036506893 -0.56691742161608782 0.55030731045634584 -0.13609056971074859 0.56768303329531944 -0.38175442666580517 -0.44701342845005398 -0.22621042142703252 0.69584343507873536 0.27544434582300081 0.30420336027475819 -0.28921135452429436 -0.042556511987383958 -0.062848020502185686 0.096065569602688763 0.88604453433748864 -0.0041417643565246944 -0.14110025690231973 0.33405433368475601 -0.17987660260775862 -0.23350238508556012 0.022552557437020143 0.0087761873470208942 -0.15034693037618377 -0.27969007022573728
leaf_weight=281 523 174 160 189 230 334 223 417 158 191 577 232 220 150 240 214 401 168 184 161 223 149 248 312 239 488 9476 4886 152 26454 2128 156 780 186 213 183 158 208
leaf_count=281 523 174 160 189 230 334 223 417 158 191 577 232 220 150 240 214 401 168 184 161 223 149 248 312 239 488 9476 4886 152 26454 2128 156 780 186 213 183 158 208
internal_value=0.00374213 0.00588848 0.111595 0.570203 0.00238902 0.010946 0.244806 0.355607 0.926993 0.338009 0.128478 0.381077 -0.0609744 0.155306 -0.0834265 0.07173 -0.0564542 0.0717072 -0.00228996 -0.0119071 0.0991063 0.226159 0.0603095 -0.119617 0.0048328 0.0926813 -0.000597185 -0.00246656 -0.0478667 0.0114809 -0.158752 -0.108645 -0.27095 -0.0209983 -0.195892 -0.187493 -0.300085 -0.146985
internal_weight=52066 51335 1645 349 49690 43778 2345 2011 572 349 1439 809 5912 556 5356 1013 799 569 41433 1296 794 571 422 4343 1039 800 41249 40968 9628 31340 3304 2284 1020 406 630 502 319 731
internal_count=52066 51335 1645 349 49690 43778 2345 2011 572 349 1439 809 5912 556 5356 1013 799 569 41433 1296 794 571 422 4343 1039 800 41249 40968 9628 31340 3304 2284 1020 406 630 502 319 731
is_linear=0
shrinkage=0.03


Tree=155
num_leaves=39
num_cat=0
split_feature=86 178 197 197 205 200 202 197 194 207 203 200 208 208 205 36 207 207 199 205 199 194 205 190 54 160 16 94 207 207 208 189 189 207 207 200 207 208
split_gain=21154 20098.2 42412 188835 78296.3 100246 153529 45781.2 63442.5 325069 49713.4 45885.8 43113.4 88964.2 244340 56845.9 42176.7 35607.7 37637.2 32432.6 31197.1 20476.8 17774.2 17506.7 16377.3 19219.5 15168.6 14134.7 13943.7 25802.6 98804.1 24027.1 23857.3 18557.8 19510.4 21595.6 20283.9 13125.4
threshold=55.18499946594239 2.9400000572204594 977.35000610351574 976.95001220703136 -0.68301269412040699 21.250000000000004 -0.095842104405164705 980.45001220703136 29.500000000000004 0.9159645438194276 0.9980967938899995 22.849999427795414 0.40418040752410894 0.38838672637939459 -1.0000000180025095e-35 282.03802490234381 0.86113432049751293 0.86975130438804638 314.50000000000006 -1.0000000180025095e-35 159.50000000000003 23.500000000000004 0.25000000000000011 0.65340349078178417 76.922500610351577 2.5000000000000004 221.20658874511722 42.498506546020515 0.9990701973438264 0.9937499761581422 0.089118976145982756 36.013967514038093 118.36751174926759 0.99168354272842418 0.98802474141120922 16.94999980926514 0.98049071431159984 0.94066718220710765
decision_type=10 2 2 2 2 2 2 2 2 2 2 2 2 2 2 10 2 2 2 2 2 2 2 8 10 2 10 10 2 2 2 10 10 2 2 2 2 2
left_child=1 24 3 4 5 6 -3 8 23 11 12 16 13 15 -15 -9 -10 20 22 -12 -6 -14 -19 -4 28 -26 -2 -23 29 33 31 -31 -33 34 36 -36 -1 -28
right_child=26 2 7 -5 17 -7 -8 10 9 -11 19 -13 21 14 -16 -17 -18 18 -20 -21 -22 27 -24 -25 25 -27 37 -29 -30 30 -32 32 -34 -35 35 -37 -38 -39
leaf_value=-0.0044759302911492622 -0.028438322632408954 1.3280961277980445 -0.42185484630437231 0.90395285550710225 -0.20213354127170194 -0.20911212483748401 0.10838194035205702 0.0074714845399610806 -0.063553426946358044 1.1896917210195175 0.7162947893252346 0.34406943778208138 -0.19148126784247183 1.4864927277800983 -0.16100478021281234 0.2627428830893152 -0.43961653748665741 -0.28858177974466076 0.096231293839302692 0.11283854329622893 0.38981472823951541 0.017754006721075466 -0.70286038794196337 -0.1786832065617488 -0.27618063752659489 -0.0042981518397945248 -0.11230510470114508 -0.09237180509076498 -0.16365790334822178 0.24690867137535036 0.64268108167983307 -0.19048572685567738 0.15861627646613563 -0.28541083822033148 0.36331922678192663 -0.011215655178790515 -0.14020315629579708 -0.39975329976061008
leaf_weight=19861 3353 154 413 268 150 220 234 3157 717 190 155 156 478 148 179 1045 429 261 169 166 172 12268 145 751 443 496 872 1147 487 265 267 565 256 217 267 288 1043 171
leaf_count=19861 3353 154 413 268 150 220 234 3157 717 190 155 156 478 148 179 1045 429 261 169 166 172 12268 145 751 443 496 872 1147 487 265 267 565 256 217 267 288 1043 171
internal_value=0.00344822 0.00926018 0.0292807 0.170283 0.0396307 0.302454 0.592517 0.017598 -0.0989682 0.0305375 0.0341162 -0.138624 0.0276666 0.108048 0.584672 0.0709557 -0.204334 -0.138516 -0.27996 0.404241 0.114063 0.00146292 -0.436552 -0.264966 -0.00970998 -0.132568 -0.0595193 0.00833802 -0.00480415 -0.00144475 0.125658 -0.00145955 -0.0816295 -0.00937847 -0.00658701 0.168968 -0.0112481 -0.159436
internal_weight=52023 47627 23172 1773 1505 608 388 21399 2656 1492 18743 1302 18422 4529 327 4202 1146 897 575 321 322 13893 406 1164 24455 939 4396 13415 23516 23029 1353 1086 821 21676 21459 555 20904 1043
internal_count=52023 47627 23172 1773 1505 608 388 21399 2656 1492 18743 1302 18422 4529 327 4202 1146 897 575 321 322 13893 406 1164 24455 939 4396 13415 23516 23029 1353 1086 821 21676 21459 555 20904 1043
is_linear=0
shrinkage=0.03


Tree=156
num_leaves=39
num_cat=0
split_feature=76 151 80 123 202 201 189 200 200 200 204 200 76 189 188 201 141 199 201 201 193 177 36 201 192 193 200 202 199 200 76 201 183 26 183 192 204 185
split_gain=19129.3 89216 21646.7 19801 70257.5 51409 73146.1 36517.4 138536 65326.8 16180.2 33664.9 124470 29947.9 31849.6 29383.4 21495.6 21239.3 33906.4 136628 38733.8 17050.6 19042.5 16089.8 15992.1 18848.9 13337.5 13136.8 11344.6 11141.2 8477.6 8026.92 7721.47 10352.8 10928.6 11875.6 9825.14 9729.44
threshold=68.643508911132827 1.0000000180025095e-35 52.868499755859382 18.381142616271976 -0.99901017546653736 2792.5000000000005 182.50000000000003 14.750000000000002 15.050000190734865 11.150000095367433 17.000000000000004 6.7500000000000009 47.05285835266114 123.07368850708009 3.5073957443237309 52.500000000000007 1.9225056171417239 304.50000000000006 237.50000000000003 172.50000000000003 27.550000190734867 4.562366485595704 425.27655029296881 72.500000000000014 1.7946717143058779 15.150000095367433 4.6499998569488534 0.1650413200259209 340.50000000000006 15.650000095367433 33.882341384887702 3797.5000000000005 81.506557464599624 116.50000000000001 105.57006072998048 0.74166274070739757 1.0000000180025095e-35 1071.049987792969
decision_type=10 2 2 10 2 2 10 2 2 2 2 2 10 10 8 2 8 2 2 2 2 2 8 2 8 2 2 2 2 2 8 2 8 10 8 10 2 10
left_child=2 -2 3 10 -5 6 7 9 -9 -6 15 12 26 14 28 16 -1 21 19 -19 -20 22 -17 -16 -18 -26 30 -23 -13 -7 -12 -31 -4 -34 -35 36 -36 -37
right_child=1 -3 32 4 5 29 -8 8 -10 -11 11 13 -14 -15 23 17 24 18 20 -21 -22 27 -24 -25 25 -27 -28 -29 -30 31 -32 -33 33 34 35 37 -38 -39
leaf_value=0.034068055875105814 -0.23639691341491278 0.76075097926822199 -0.13801064835326099 0.64180638967404924 0.1299469055135781 -0.42109591897814619 0.71155358502597088 1.0274581440578892 0.078487570071521282 -0.15770180362950989 0.31848725241533415 -0.070971965757274449 0.7595375154418309 0.38716880900351575 0.11387403218031916 -0.012733063688123115 -0.3854633726904248 0.010252397236375018 -0.10944355063640641 0.58797639043998295 0.078735184534527991 0.022662526059378518 0.20341795014508579 0.0094958299448479801 -0.28395661850272619 -0.073052442401079026 -0.10094638211307323 -0.29082667900503301 0.13597908243581047 -0.045995577096368492 0.021147751054344986 -0.31254564249088745 0.094408352243781746 0.14076738310764864 -0.25487078610738267 -0.11445504875834203 -0.029168039889494065 -0.39590464681717974
leaf_weight=1015 171 153 914 180 1323 175 155 146 2675 1535 148 3659 263 191 2351 19079 199 1494 1671 489 2396 185 374 3058 455 2357 449 344 255 292 207 156 449 226 189 327 2127 167
leaf_count=1015 171 153 914 180 1323 175 155 146 2675 1535 148 3659 263 191 2351 19079 199 1494 1671 489 2396 185 374 3058 455 2357 449 344 255 292 207 156 449 226 189 327 2127 167
internal_value=0.00469392 0.234486 0.00325309 0.00917599 0.0572189 0.0409216 0.0685839 0.0510337 0.127605 -0.0245459 0.00132979 0.0332347 0.193023 0.0153142 0.00769564 -0.00990137 -0.0853252 0.00176338 0.0510103 0.152719 0.0014184 -0.0131472 -0.00857727 0.0548636 -0.125572 -0.107179 0.00770017 -0.181195 -0.0574886 -0.218115 0.145115 -0.138818 -0.0604 -0.0400449 -0.0599298 -0.0760718 -0.0475879 -0.209607
internal_weight=51999 324 51675 47276 6637 6457 5834 5679 2821 2858 40639 10581 1067 9514 9323 30058 4026 26032 6050 1983 4067 19982 19453 5409 3011 2812 804 529 3914 623 355 448 4399 3485 3036 2810 2316 494
internal_count=51999 324 51675 47276 6637 6457 5834 5679 2821 2858 40639 10581 1067 9514 9323 30058 4026 26032 6050 1983 4067 19982 19453 5409 3011 2812 804 529 3914 623 355 448 4399 3485 3036 2810 2316 494
is_linear=0
shrinkage=0.03


Tree=157
num_leaves=39
num_cat=0
split_feature=195 207 207 207 204 201 203 198 196 189 203 191 191 203 207 207 205 203 201 203 201 129 200 194 204 207 196 200 203 194 200 94 207 207 201 207 207 201
split_gain=19308.9 21515 44173.2 107715 187597 246821 722950 478385 132395 129673 82702.2 96920.2 62854.1 48792.3 46038.7 41800.8 128273 84012.2 38005.3 33582 83518.5 42563.5 154781 33973 26474.9 24761.5 24364.6 39966.3 40013.2 23196.9 21305.2 24093.5 20909 31319 15932.3 35729.4 31641.8 24039.8
threshold=1.0000000180025095e-35 0.72102680802345287 0.94425827264785778 0.9159645438194276 3.0000000000000004 137.50000000000003 -0.3172925859689712 5.0499999523162851 1.0000000180025095e-35 150.50000000000003 -0.98897820711135853 10.449999809265138 15.949999809265138 0.9980967938899995 0.98522606492042553 0.99628883600234996 0.68301269412040722 0.47714059054851538 1972.5000000000002 -0.79332312941551197 142.50000000000003 103.10416793823244 8.4499998092651385 60.500000000000007 17.000000000000004 0.88621068000793468 79.500000000000014 11.949999809265138 -0.061046212911605828 63.500000000000007 26.849999427795414 26.532103538513187 -0.94423642754554737 -0.95754238963127125 72.500000000000014 0.47084586322307592 0.14250627160072329 417.50000000000006
decision_type=2 2 2 2 2 2 2 2 2 8 2 8 8 2 2 2 2 2 2 2 2 8 2 2 2 2 2 2 2 2 2 10 2 2 2 2 2 2
left_child=1 24 3 10 -5 6 -6 -8 -7 -10 -3 -12 25 -14 19 16 18 -18 29 -4 23 -22 -23 -21 34 -13 27 28 -17 -16 31 -2 33 -26 -1 36 -36 -38
right_child=30 2 14 4 5 8 7 -9 9 -11 11 12 13 -15 15 26 17 -19 -20 20 21 22 -24 -25 32 -27 -28 -29 -30 -31 -32 -33 -34 -35 35 -37 37 -39
leaf_value=-0.076723171203068569 -0.046902286536720947 0.71880686400088578 0.24795707159412489 -0.4059781190158826 -0.45974691663823397 -0.17968783852116202 0.67719612947539209 2.9201065903318373 0.19597838688572364 1.0966551382773206 0.78557080597697815 -0.12722318662347948 0.019912892847043447 0.47408650833924898 0.028217466365650545 -0.070200031121605402 0.26321340539012011 1.197156842035058 0.38168925725586228 -0.5450356763576425 -0.11401395498940771 1.0215099536912611 -0.027069921949853047 -0.20748030267498521 0.091949500886890995 -0.45862931293828146 -0.16783375864901498 -0.14048321551947743 0.46506051044241914 -0.29717571102113488 0.28959612659462963 -0.27640547925075648 0.017790800929604913 0.54071974509565102 -0.00036879212206102703 -0.080636318563286999 0.2748748844902329 0.0053565885633068463
leaf_weight=4668 2788 153 242 339 218 624 179 164 635 186 146 774 11208 217 858 219 200 153 224 422 1822 149 846 737 892 275 829 496 295 256 146 483 6040 166 8128 4656 718 509
leaf_count=4668 2788 153 242 339 218 624 179 164 635 186 146 774 11208 217 858 219 200 153 224 422 1822 149 846 737 892 275 829 496 295 256 146 483 6040 166 8128 4656 718 509
internal_value=0.00396908 0.00881149 0.0299953 0.0598459 0.246736 0.357042 0.891108 1.74966 0.149694 0.40004 0.0255344 0.0171289 0.00813415 0.0285396 -0.0282496 0.0516884 0.159346 0.668033 0.0251366 -0.0951489 -0.116033 -0.0278385 0.129961 -0.33039 -0.00997998 -0.214106 -0.047305 0.0516242 0.237004 -0.0465602 -0.0649652 -0.0807918 0.0393409 0.162366 -0.0287219 -0.0127294 0.021068 0.163071
internal_weight=52060 48643 22866 15118 2345 2006 561 343 1445 821 12773 12620 12474 11425 7748 3530 1691 353 1338 4218 3976 2817 995 1159 25777 1049 1839 1010 514 1114 3417 3271 7098 1058 18679 14011 9355 1227
internal_count=52060 48643 22866 15118 2345 2006 561 343 1445 821 12773 12620 12474 11425 7748 3530 1691 353 1338 4218 3976 2817 995 1159 25777 1049 1839 1010 514 1114 3417 3271 7098 1058 18679 14011 9355 1227
is_linear=0
shrinkage=0.03


Tree=158
num_leaves=39
num_cat=0
split_feature=203 203 200 95 203 202 162 205 194 203 193 200 185 200 155 203 202 200 193 200 194 186 185 185 194 113 97 96 193 203 76 196 95 208 149 185 200 55
split_gain=18717.6 91936.1 354872 31894 20000.3 89837.4 42769.6 42237.7 81289.5 76427.9 101044 48888.1 33573.3 30918.2 74658.6 31130.7 107400 26364.2 21335.1 231767 51600.6 18232.7 18174.2 34764.7 16192.8 14315.3 14148.9 13841.2 12753.5 12329.4 11493.5 11442.3 8583.33 7678.46 5583.55 5503.14 2998.48 2494.54
threshold=-0.99353402853012074 -0.98624804615974415 10.750000000000002 28.60463905334473 0.026175950653851036 0.9980967938899995 6.557335853576661 0.25000000000000011 71.500000000000014 -0.36648726463317866 27.550000190734867 11.550000190734865 2142.0500488281255 18.250000000000004 150.92500305175784 -0.23343648016452787 0.95878320932388317 3.1499999761581425 34.149999618530281 8.5500001907348651 28.500000000000004 0.13025991618633273 798.14999389648449 1071.049987792969 39.500000000000007 -435.84275817871088 11.594757556915285 39.229003906250007 20.44999980926514 -0.19936034083366391 47.05285835266114 2.5000000000000004 40.395309448242195 -0.58305680751800526 4.5150001049041757 159.21495056152347 11.650000095367433 50.37367248535157
decision_type=2 2 2 10 2 2 2 2 2 2 2 2 10 2 2 2 2 2 2 2 2 10 8 8 2 8 2 10 2 2 10 2 10 2 2 10 2 10
left_child=3 2 -2 35 6 12 13 9 24 10 32 -12 17 14 15 16 -3 28 20 -20 -19 31 26 -24 -9 -17 34 -25 -6 -26 36 -11 -8 -28 -15 37 -10 -1
right_child=1 4 -4 -5 5 -7 7 8 30 21 11 -13 -14 22 -16 25 -18 18 19 -21 -22 -23 23 27 29 -27 33 -29 -30 -31 -32 -33 -34 -35 -36 -37 -38 -39
leaf_value=-0.026023124043926205 -0.48002399488896685 0.020389371939170255 1.3965129010042054 -0.44354345174549975 -0.01368112074203367 0.70036024788365647 -0.00042461210730135806 -0.67219174339597831 0.004705940178425864 -0.2073738645038945 0.93514209498368073 0.24739189133645242 0.33594543392883114 -0.1091272287137056 0.57765082955334646 -0.20335887627400401 0.61172066378555845 -0.12147874338733647 0.8915115567687325 0.014460238022802935 0.017152088486859625 -0.41840983592153091 0.41652706071830703 -0.01693995180762374 -0.29282417459752064 -0.039063463982308838 -0.073154353531941441 -0.2438539116998644 -0.35729073322358612 -0.59943308843174115 0.21934099657686243 0.084662879493889315 -0.31174322732219917 -0.31820116377982 0.0869120220054133 0.1294612002297032 -0.16061041295916145 -0.15569757811371415
leaf_weight=355 177 8254 186 222 156 172 145 171 269 371 167 210 287 975 214 617 286 2678 292 3800 24741 257 155 1633 635 2108 151 284 258 145 201 179 177 484 151 150 156 214
leaf_count=355 177 8254 186 222 156 172 145 171 269 371 167 210 287 975 214 617 286 2678 292 3800 24741 257 155 1633 635 2108 151 284 258 145 201 179 177 484 151 150 156 214
internal_value=0.00335014 0.00578968 0.481517 -0.129234 0.00238878 0.0165788 -0.0225924 -0.124538 -0.23305 -0.0109086 0.218722 0.552062 0.0129274 -0.00206606 0.0225676 0.0120223 0.0401934 0.0100234 0.0131484 0.0770475 0.00361203 -0.209809 -0.0758386 -0.0156149 -0.4078 -0.0762643 -0.146697 -0.0505581 -0.227819 -0.349829 0.0324257 -0.112329 -0.171558 -0.259933 -0.0828369 -0.0321815 -0.0559762 -0.0747959
internal_weight=52083 51142 363 941 50779 32384 18395 3083 1577 1506 699 377 32212 15312 11479 11265 8540 31925 31511 4092 27419 807 3833 2072 951 2725 1761 1917 414 780 626 550 322 635 1126 719 425 569
internal_count=52083 51142 363 941 50779 32384 18395 3083 1577 1506 699 377 32212 15312 11479 11265 8540 31925 31511 4092 27419 807 3833 2072 951 2725 1761 1917 414 780 626 550 322 635 1126 719 425 569
is_linear=0
shrinkage=0.03


Tree=159
num_leaves=39
num_cat=0
split_feature=80 203 54 167 187 193 199 185 185 198 203 186 36 183 203 189 36 166 185 141 204 76 198 186 198 66 14 2 172 60 203 199 196 196 193 201 193 201
split_gain=20114.8 32317.3 22703.3 26334.9 25569.4 67805.5 105459 28121.8 58350.5 107094 36646.3 26331.8 22447.4 83623.4 38706.4 27989.2 23737.9 21907.2 13529 12373.2 12326.2 12919.8 12164.6 11430.4 10911.5 17577.1 10704.7 10246.2 9213.57 8790.71 8674.51 34091.4 81545.9 14570.6 13145.2 10945.5 8484.76 19583.5
threshold=19.283499717712406 0.99901017546653759 105.78767776489259 0.054999999701976783 3.8500000238418584 39.549999237060554 289.50000000000006 1097.0999755859377 601.60040283203136 6.9500000476837167 0.078456107527017607 0.39992715418338781 288.76504516601568 32.913856506347663 -0.95368063449859608 114.49506759643556 320.02900695800787 54.500000000000007 1288.9499511718752 2.8513870239257817 5.0000000000000009 33.023653030395515 10.34999990463257 0.50642356276512157 4.6499998569488534 10.525000095367433 178.18750000000003 198.00000000000003 2.3099999427795415 98.14599990844728 0.76037701964378368 309.50000000000006 94.500000000000014 79.500000000000014 23.750000000000004 37.500000000000007 29.750000000000004 422.50000000000006
decision_type=2 2 10 2 8 2 2 10 10 2 2 10 10 8 2 10 10 2 10 10 2 8 2 8 2 8 8 10 2 8 2 2 2 2 2 2 2 2
left_child=1 12 3 23 18 7 -7 8 11 -10 -9 -6 26 -14 -15 16 29 -4 -5 -12 -19 -22 36 -2 25 -25 27 30 -26 -16 31 35 -33 -32 -35 -1 37 -23
right_child=2 -3 17 4 5 6 -8 10 9 -11 19 -13 13 14 15 -17 -18 20 -20 -21 21 22 -24 24 28 -27 -28 -29 -30 -31 33 32 -34 34 -36 -37 -38 -39
leaf_value=0.10629432430670639 -0.12163175300485321 0.40725006736781943 -0.41719995316730418 -0.41237033395589823 0.035733134969569202 1.0326313576089672 -0.076259995514463344 -0.38374158150183296 0.43873378813725628 -0.031175775383874896 0.068818534880898757 -0.048334607611070494 0.68261006120006107 0.51943784127902548 -0.21961596980333337 0.31938788128686818 0.052150205618789358 -0.18858626390210412 -0.031293727587311693 -0.1243397944406977 0.14293974652350905 -0.0059986805303985109 -0.23634782767455684 0.35598673522332797 -0.030808947157034212 0.0073001764626746488 -0.098588475218922 0.19743930828007081 -0.13568525086122027 0.037904857137212658 0.0083186975021437987 0.027634077928590149 0.67311795989665546 -0.043784265312772963 -0.28486816321327552 0.00203840996986194 0.128843996050684 -0.27501716203922955
leaf_weight=973 1557 198 172 187 9396 150 159 340 821 932 579 5214 204 154 487 276 2049 616 152 616 309 1193 316 150 4282 981 788 271 915 158 1933 662 240 505 341 13222 247 306
leaf_count=973 1557 198 172 187 9396 150 159 340 821 932 579 5214 204 154 487 276 2049 616 152 616 309 1193 316 150 4282 981 788 271 915 158 1933 662 240 505 341 13222 247 306
internal_value=0.00427535 0.0256807 -0.0119729 -0.00288815 0.0166375 0.0214442 0.46205 0.0138371 0.0253547 0.188903 -0.10894 0.0057311 0.022287 0.0941412 0.0557116 0.0316649 0.00218654 -0.0879836 -0.241511 -0.0307508 -0.069025 -0.0379615 -0.0650711 -0.0488137 -0.0308966 0.053548 0.00965787 0.0143583 -0.0492741 -0.156533 0.0115827 0.0205489 0.199387 -0.0371262 -0.140961 0.00918475 -0.0340712 -0.0609167
internal_weight=52051 22461 29590 26431 18546 18207 309 17898 16363 1753 1535 14610 22263 3328 3124 2970 2694 3159 339 1195 2987 2371 2062 7885 6328 1131 18935 18147 5197 645 17876 15097 902 2779 846 14195 1746 1499
internal_count=52051 22461 29590 26431 18546 18207 309 17898 16363 1753 1535 14610 22263 3328 3124 2970 2694 3159 339 1195 2987 2371 2062 7885 6328 1131 18935 18147 5197 645 17876 15097 902 2779 846 14195 1746 1499
is_linear=0
shrinkage=0.03


Tree=160
num_leaves=25
num_cat=0
split_feature=198 203 203 131 95 201 139 193 193 95 197 208 201 197 201 196 197 169 199 157 193 204 56 103
split_gain=19295.9 19732.1 73899.5 183747 31772.2 18913.8 18479 18146 117870 232678 52918.6 66866.1 48801.7 17578 56770.6 30740.8 26603.4 22789.7 16209.9 14233 13123.4 7435.89 2511.91 1416.82
threshold=19.300000190734867 -0.99353402853012074 -0.98624804615974415 -63.372667312622063 28.152333259582523 3927.5000000000005 18.612500190734867 26.050000190734867 26.250000000000004 29.468019485473636 982.14999389648449 -0.14250536262989041 32.500000000000007 977.04998779296886 232.50000000000003 19.500000000000004 980.35000610351574 8.2249999046325701 117.50000000000001 8.9050002098083514 34.149999618530281 17.000000000000004 53.16124343872071 -120.35000228881835
decision_type=2 2 2 8 10 2 10 2 2 10 2 2 2 2 2 2 2 2 2 2 2 2 8 10
left_child=1 4 3 -3 21 6 7 10 9 -9 18 -12 -10 14 -8 -16 17 -15 -4 -2 -18 22 23 -1
right_child=19 2 5 -5 -6 -7 13 8 12 -11 11 -13 -14 16 15 -17 20 -19 -20 -21 -22 -23 -24 -25
leaf_value=-0.082518835007649227 -0.048782632702717085 1.1598619421100309 -0.027416818814736392 -0.20199670788227048 -0.42815830144975281 0.26277045792192255 -0.27327249840322604 0.042790393751328301 0.32712367855574864 1.4923240698456008 0.56766802863849763 0.0023787947794951521 0.011083834800505548 -0.072194764728762614 0.5506025883594029 0.014344479571622638 -0.05814076497284254 -0.3622417172586716 -0.16972034679594683 -0.40401932684846448 0.20558355181196092 0.15850936358692944 -0.1740330140808049 0.037319938915006338
leaf_weight=229 238 168 1078 190 241 254 256 314 449 146 190 21240 21296 463 208 179 1362 515 2172 177 194 150 174 145
leaf_count=229 238 168 1078 190 241 254 256 314 449 146 190 21240 21296 463 208 179 1362 515 2172 177 194 150 174 145
internal_value=0.0034448 0.00508308 0.00760814 0.4371 -0.131182 0.0045522 0.00324202 0.00798661 0.0276629 0.502882 -0.00971643 0.00739096 0.0176097 -0.0667766 0.0733084 0.302573 -0.102323 -0.224932 -0.12252 -0.2003 -0.0252587 -0.0286399 -0.0798695 -0.0360565
internal_weight=52028 51613 50674 358 939 50316 50062 46885 22205 460 24680 21430 21745 3177 643 387 2534 978 3250 415 1556 698 548 374
internal_count=52028 51613 50674 358 939 50316 50062 46885 22205 460 24680 21430 21745 3177 643 387 2534 978 3250 415 1556 698 548 374
is_linear=0
shrinkage=0.03


Tree=161
num_leaves=29
num_cat=0
split_feature=201 201 199 189 191 37 201 189 114 205 209 203 141 191 155 203 203 203 189 95 94 203 186 198 199 198 198 183
split_gain=19434.5 32134.6 52085 18182.3 69922.3 74541.8 18836.6 49376.1 152706 38264.3 40626.7 34688.4 280859 30885.6 32076.4 29208.9 79256 41750.4 27775.8 27370.4 20555.7 17356.4 9293.65 9140.4 7365.03 7082.28 5450.56 2992.87
threshold=4042.5000000000005 3777.5000000000005 292.50000000000006 192.01104736328128 28.30030727386475 51.567487716674812 707.50000000000011 143.50000000000003 -472.17494201660151 0.25000000000000011 2.5000000000000004 -0.98897820711135853 3.9429615736007695 12.949999809265138 150.92500305175784 -0.63605400919914235 -0.8338540494441985 0.14780378341674807 128.50000000000003 20.82459926605225 29.07035064697266 -0.59480014443397511 0.37963987886905676 5.7500000000000009 268.50000000000006 6.7500000000000009 11.449999809265138 59.403253555297859
decision_type=2 2 2 10 10 10 2 10 8 2 2 2 10 8 2 2 2 2 10 10 10 2 8 2 2 2 2 10
left_child=1 3 -3 6 5 -5 7 11 -9 10 20 12 27 14 -13 16 -12 -17 -15 25 22 -21 -8 -22 -23 -11 -27 -1
right_child=-2 2 -4 4 -6 -7 9 8 -10 19 15 13 -14 18 -16 17 -18 -19 -20 21 23 24 -24 -25 -26 26 -28 -29
leaf_value=-0.084418641186570484 -0.30351479966653028 0.69635073497529665 -0.087811417991375623 0.061473033969007024 -0.25056075979434816 0.92120655170393095 0.1542347979193619 1.0607266370087896 -0.17513895018333109 -0.16487625074040332 -0.084955625464266035 -0.075177977167032617 1.399438329142783 0.0092511723264988074 -0.58705091540283583 -0.11320460349070097 0.56200137621274582 0.043691237399382701 -0.22096277178522075 -0.51951111445147069 -0.092547118540469681 -0.077255723051333533 -0.085033303459247242 -0.33244391255966832 -0.26044595015635275 0.2054024692489039 -0.016322765481157211 0.056480575155323426
leaf_weight=533 186 155 150 219 226 155 159 158 209 180 377 381 145 35610 155 2046 311 6011 478 185 207 294 1800 462 602 150 298 182
leaf_count=533 186 155 150 219 226 155 159 158 209 180 377 381 145 35610 155 2046 311 6011 478 185 207 294 1800 462 602 150 298 182
internal_value=0.0025845 0.00368287 0.310705 0.00186569 0.166047 0.417795 -6.84199e-05 0.0106572 0.356935 -0.0311014 -0.0112123 0.0072667 0.195598 0.00284428 -0.223209 0.0198706 0.207495 0.00384887 0.00620183 -0.163458 -0.114644 -0.254965 -0.0656125 -0.258219 -0.200339 -0.00594149 0.0579175 -0.0485526
internal_weight=52024 51838 305 51533 600 374 50933 37851 367 13082 11373 37484 860 36624 536 8745 688 8057 36088 1709 2628 1081 1959 669 896 628 448 715
internal_count=52024 51838 305 51533 600 374 50933 37851 367 13082 11373 37484 860 36624 536 8745 688 8057 36088 1709 2628 1081 1959 669 896 628 448 715
is_linear=0
shrinkage=0.03


Tree=162
num_leaves=38
num_cat=0
split_feature=187 187 197 207 80 163 203 185 187 207 207 54 206 207 168 197 96 205 203 185 207 161 79 69 207 207 69 205 203 123 187 205 54 197 187 73 185
split_gain=17945.2 68030.3 73595.4 17323.8 18192.2 29169.1 74388.4 70080.3 41599.2 23386.3 67072.6 19869.4 23903.3 33046.2 21741 45362.3 39462.9 19039.2 16700.8 13691.8 13486.6 12495.7 11327.8 11138.6 9890.19 8296.88 8174.99 8051.72 5729.99 9587.23 5173.98 5199.66 4793.14 4563.4 3042.18 3014.33 1049.93
threshold=4.2500000000000009 4.9500000476837167 980.95001220703136 0.9990701973438264 19.283499717712406 337.55999755859381 -0.94828754663467396 71.883674621582045 9.6500000953674334 0.9937499761581422 0.99466374516487133 105.78767776489259 0.25000000000000011 -0.32614396512508387 0.053439680486917503 973.25000000000011 58.674102783203132 -0.93301269412040699 0.8140845298767091 744.14999389648449 0.8522624969482423 26.730000495910648 1.3229860663414004 8.9164996147155779 0.99168354272842418 0.78325453400611889 6.2374999523162851 0.25000000000000011 0.46173103153705602 26.963047027587894 3.8500000238418584 1.0000000180025095e-35 115.11373138427736 982.85000610351574 42.235456466674812 17.152750015258793 186.84146881103518
decision_type=8 8 2 2 2 2 2 8 8 2 2 10 2 2 2 2 8 2 2 10 2 2 8 10 2 2 10 2 2 10 10 2 10 2 10 8 10
left_child=19 2 -2 4 5 9 -7 -8 -9 21 -11 14 13 17 20 -16 -17 -13 -12 -1 25 24 -23 -22 -3 -6 35 -15 29 30 31 -21 -28 -5 36 -14 -35
right_child=1 3 -4 33 11 6 7 8 -10 10 18 12 26 27 15 16 -18 -19 -20 28 23 22 -24 -25 -26 -27 32 -29 -30 -31 -32 -33 -34 34 -36 -37 -38
leaf_value=-0.3495658959030245 0.82873664591925655 -0.012237695837109028 0.056109546117559091 -0.29374910830816869 -0.038008999421256337 0.77046107305465972 0.64863864608994259 0.49455717093229828 0.0063986986949262584 0.66630296732270811 0.10432537155860722 0.29118597492297227 -0.22079696923590553 -0.38736562138512204 0.54182552599179923 0.0066557203413450568 0.49696351200137573 0.0004689130450580582 -0.23441522172815724 0.1269167533655457 0.1044290586249621 0.050569175469832431 -0.088866123474345221 -0.16775229352916898 -0.2434445785780156 0.085353357667622823 -0.059640099820455553 -0.10503475314186336 0.085722412777450768 -0.32264466161890776 -0.18496279706600408 -0.10781599267911865 -0.1973178289321868 -0.11549326824988575 -0.21562883101825742 -0.40302023707159318 -0.015256020219308785
leaf_weight=193 186 11270 275 150 5801 147 181 168 2422 186 621 241 161 216 146 17325 149 1277 166 185 154 5557 579 1115 169 536 395 157 171 147 166 157 537 171 162 166 209
leaf_count=193 186 11270 275 150 5801 147 181 168 2422 186 621 241 161 216 146 17325 149 1277 166 185 154 5557 579 1115 169 536 395 157 171 147 166 157 537 171 162 166 209
internal_value=0.00258057 0.0050715 0.367853 0.00176192 0.00383164 0.0246701 0.112838 0.0779494 0.0380649 0.0107993 0.153966 -0.0119324 -0.0829729 -0.0155411 -0.0030614 0.0152369 0.0108368 0.0466254 0.0328732 -0.122075 -0.0454512 0.00287309 0.0374117 -0.134721 -0.0156538 -0.0275745 -0.184253 -0.268536 -0.0689161 -0.109289 -0.0475442 0.0191582 -0.138969 -0.147309 -0.106776 -0.313312 -0.0603655
internal_weight=52014 50995 461 50534 49842 21466 2918 2771 2590 18548 973 28376 3150 1891 25226 17620 17474 1518 787 1019 7606 17575 6136 1269 11439 6337 1259 373 826 655 508 342 932 692 542 327 380
internal_count=52014 50995 461 50534 49842 21466 2918 2771 2590 18548 973 28376 3150 1891 25226 17620 17474 1518 787 1019 7606 17575 6136 1269 11439 6337 1259 373 826 655 508 342 932 692 542 327 380
is_linear=0
shrinkage=0.03


Tree=163
num_leaves=39
num_cat=0
split_feature=200 141 198 198 194 123 200 194 202 196 199 197 199 202 197 202 198 208 36 199 207 199 200 51 200 129 205 196 207 208 208 207 207 95 199 207 196 207
split_gain=18393.2 50096.8 36070.1 33349.1 115923 23023.3 122710 520557 86027.7 111466 342427 79480.1 44454.2 18705 47704.7 29340.7 23675.9 18408.4 23970.3 15991.5 61908.2 193700 35800.2 24957.4 18062.9 14598.7 27113.6 37202.6 28119.2 24529 36652.1 23788 13694.1 10930.1 9328.85 8792.45 7085.92 6108.39
threshold=5.1499998569488534 1.0000000180025095e-35 1.1500000357627871 2.1499999761581425 53.500000000000007 18.298566818237308 8.3499999046325701 27.500000000000004 -0.99901017546653736 1.5000000000000002 116.50000000000001 982.25000000000011 139.50000000000003 -0.35019405186176294 992.95001220703136 -0.14780378341674802 3.8500000238418584 0.87291088700294506 260.89511108398443 303.50000000000006 0.9937499761581422 324.50000000000006 5.8500001430511483 43.087501525878913 7.3500001430511483 104.27083206176759 -0.93301269412040699 10.500000000000002 0.92273071408271801 0.41985447704792028 0.35645927488803869 0.86548283696174633 0.97696486115455639 39.356426239013679 256.50000000000006 0.9260200858116151 98.500000000000014 -0.99697706103324879
decision_type=2 10 2 2 2 10 2 2 2 2 2 2 2 2 2 2 2 2 10 2 2 2 2 10 2 8 2 2 2 2 2 2 2 10 2 2 2 2
left_child=1 13 -2 4 -4 19 7 -7 -8 10 -10 -11 -9 16 15 -15 17 18 -1 25 22 -22 23 -21 -24 29 27 -27 -28 30 -5 -31 34 36 35 -3 37 -17
right_child=2 32 3 5 -6 6 8 12 9 11 -12 -13 -14 14 -16 33 -18 -19 -20 20 21 -23 24 -25 -26 26 28 -29 -30 31 -32 -33 -34 -35 -36 -37 -38 -39
leaf_value=-0.062281180698423394 -0.46457089361655063 -0.13358733997435926 -0.29655063420036909 -0.057835984729309231 0.7658518622659215 1.9479501004788342 0.69850498926344251 -0.53039416797031869 1.1062789946725016 -0.19243430838820463 0.03001829637059561 0.10570180599667629 0.15632227841815646 0.35259481611486365 0.57193479684497206 -0.13030828606864506 -0.31688910075789295 -0.28470366741280845 0.29216818252787008 0.061359358506914784 1.1008837562794984 -0.13358920801934876 -0.17202353816942534 0.61514218798126474 0.014201799902454706 0.24800365379730296 -0.015050521330801906 -0.033773549891749972 0.19024079930339427 -0.033808719266693384 -0.30264141285057022 0.094060334946982974 -0.057505987442572924 -0.24993153410674759 -0.50576593988634566 -0.38209934189561567 -0.17601980144062809 0.055350656172614088
leaf_weight=574 145 264 167 4559 207 156 165 149 302 2578 2235 1170 197 204 150 190 312 189 245 145 192 283 495 148 8841 918 15930 780 624 5089 626 1763 243 180 179 249 181 993
leaf_count=574 145 264 167 4559 207 156 165 149 302 2578 2235 1170 197 204 150 190 312 189 245 145 192 283 495 148 8841 918 15930 780 624 5089 626 1763 243 180 179 249 181 993
internal_value=0.00260478 -0.0579573 0.00785956 0.0092952 0.291467 0.00706613 0.0574935 0.509277 0.0223307 0.00457801 0.158138 -0.0993661 -0.139408 -0.0017929 0.0585247 0.0144648 -0.0885224 -0.0178349 0.0437523 -0.00161287 0.0310691 0.365409 0.0145757 0.341098 0.00432782 -0.0125152 0.00439857 0.118566 -0.00731198 -0.0381619 -0.0873926 -0.000908237 -0.251256 -0.0302121 -0.319291 -0.254216 -0.00121503 0.0255311
internal_weight=52017 4153 47864 47719 374 47345 6952 502 6450 6285 2537 3748 346 3218 1898 1748 1320 1008 819 40393 10104 475 9629 293 9336 30289 18252 1698 16554 12037 5185 6852 935 1544 692 513 1364 1183
internal_count=52017 4153 47864 47719 374 47345 6952 502 6450 6285 2537 3748 346 3218 1898 1748 1320 1008 819 40393 10104 475 9629 293 9336 30289 18252 1698 16554 12037 5185 6852 935 1544 692 513 1364 1183
is_linear=0
shrinkage=0.03


Tree=164
num_leaves=39
num_cat=0
split_feature=200 141 200 185 194 207 131 202 200 194 207 203 203 203 205 96 196 203 151 95 95 196 202 197 202 207 203 207 194 194 55 200 183 207 193 202 200 95
split_gain=18702.3 45539.9 29782.8 164861 57211.9 83296.7 313827 33339.2 27326.3 27036.8 22096 18366.4 181797 29371 61339 58822 49837.2 34722.5 266862 29103.3 20368.6 17609.8 16393 43672.9 30658.8 21555.3 16598 13121 12549.1 10730.9 15279.3 9770.86 8463.84 8324.42 7542.8 7513.9 7147.52 6994.31
threshold=5.1499998569488534 1.0000000180025095e-35 6.9500000476837167 601.60040283203136 56.500000000000007 0.75580966472625744 -66.15960311889647 0.44618082046508795 7.0499999523162851 64.500000000000014 -0.93805426359176625 -0.99353402853012074 -0.98624804615974415 -0.46173103153705591 0.25000000000000011 39.782493591308601 74.500000000000014 -0.39873388409614557 35.729999542236335 28.385556221008304 68.149436950683608 2.5000000000000004 -0.35019405186176294 992.95001220703136 -0.14780378341674802 0.78857997059822094 0.74892720580101024 0.97696486115455639 52.500000000000007 72.500000000000014 77.430603027343764 4.8500001430511483 81.506557464599624 -0.99697706103324879 21.050000190734867 -0.53727915883064259 5.6499998569488534 37.805757522583015
decision_type=2 10 2 10 2 2 10 2 2 2 2 2 2 2 2 10 2 2 2 10 8 2 2 2 2 2 2 2 2 2 8 2 10 2 2 2 2 8
left_child=1 22 3 4 5 21 -7 -8 -4 35 -11 19 -13 14 16 -16 -14 18 -15 -10 -19 36 25 24 -24 28 31 32 -1 30 -30 33 -3 -26 -31 -6 -2 -12
right_child=2 27 8 -5 9 6 7 -9 11 10 37 12 13 17 15 -17 -18 20 -20 -21 -22 -23 23 -25 26 -27 -28 -29 29 34 -32 -33 -34 -35 -36 -37 -38 -39
leaf_value=0.088446430078163552 -0.039341661767310229 -0.41937281721958924 -0.39799721017639073 1.0244358142375432 -0.16466146208616908 1.6407044784649567 -0.15240666939279227 0.41118594921097917 -0.004142888183597036 0.30893401463475184 -0.022580387032784897 0.85054647478669687 -0.058757921942083867 -0.021303694202399238 -0.070258068858277914 -0.35181306830590497 0.17992593585955993 0.0051082358727655838 1.3015476560424522 -0.48514904980734319 0.3295406237435492 -0.23187591270206723 0.35025360299975611 0.54191037421668753 -0.1565780280711879 0.15814362518739694 -0.25168518455922184 -0.050762321081280738 -0.12358526829657072 -0.2003918826587309 -0.49678940368879965 -0.15893426962748852 -0.21100082294446468 0.085301003019812874 0.038187605794451226 -0.45406823643397481 0.24290877498549021 -0.23412124983292187
leaf_weight=172 160 321 153 164 161 151 271 145 311 176 1068 228 1994 898 2472 915 1301 35988 162 178 175 251 210 151 150 262 266 245 200 276 195 251 387 875 210 162 163 162
leaf_count=172 160 321 153 164 161 151 271 145 311 176 1068 228 1994 898 2472 915 1301 35988 162 178 175 251 210 151 150 262 266 245 200 276 195 251 387 875 210 162 163 162
internal_value=0.00308091 -0.0578425 0.00839607 0.0993577 0.0464928 0.211376 0.469276 0.0440418 0.00223239 -0.062317 -0.0054556 0.00360479 0.00563078 0.00124291 -0.05667 -0.146321 0.0354843 0.011639 0.180877 -0.17924 0.00667832 -0.043382 -0.00389728 0.0523886 0.0101952 -0.0853515 -0.0361178 -0.239998 -0.145937 -0.191698 -0.307834 0.00882144 -0.305479 0.0499026 -0.0973024 -0.309823 0.103096 -0.0504438
internal_weight=51980 4171 47809 3034 2870 1141 567 416 44775 1729 1406 44622 44133 43905 6682 3387 3295 37223 1060 489 36163 574 3218 1903 1752 1315 1542 953 1053 881 395 1276 708 1025 486 323 323 1230
internal_count=51980 4171 47809 3034 2870 1141 567 416 44775 1729 1406 44622 44133 43905 6682 3387 3295 37223 1060 489 36163 574 3218 1903 1752 1315 1542 953 1053 881 395 1276 708 1025 486 323 323 1230
is_linear=0
shrinkage=0.03


Tree=165
num_leaves=39
num_cat=0
split_feature=201 201 196 201 201 114 204 209 207 191 185 183 200 190 140 200 198 132 198 147 56 95 94 151 200 198 201 185 201 185 196 95 36 198 200 198 198 201
split_gain=18347.4 30351.7 24074.7 19115.4 56685.5 452491 39603.1 39019.9 32338.9 31466.4 32369.4 103131 88914.6 31212.2 27114.6 25535.8 94331.5 165425 34240.5 22596.6 27538 18352.9 18318.4 18284 12093.9 10756.3 15991.7 8904.07 8769.85 6986.17 6701.35 6588.89 6367.58 5073.93 4698.53 4444.64 4992.2 2885.3
threshold=4042.5000000000005 3777.5000000000005 28.500000000000004 707.50000000000011 637.50000000000011 -767.04144287109364 11.000000000000002 2.5000000000000004 -0.37447345256805414 12.949999809265138 545.75000000000011 98.346946716308608 6.8500001430511483 0.60391631722450267 -5.8468849658966056 6.1499998569488534 6.7500000000000009 -74.82283782958983 8.8499999046325701 -0.017449747771024822 71.516262054443374 50.872919082641609 29.07035064697266 11.824999809265138 10.949999809265138 9.6500000953674334 1372.5000000000002 54.59436225891114 1112.5000000000002 1097.0999755859377 18.500000000000004 40.471990585327156 236.31231689453128 8.6500000953674334 16.150000572204593 6.5499999523162851 11.550000190734865 1207.5000000000002
decision_type=2 2 2 2 2 8 2 2 2 8 10 10 2 10 10 2 2 8 2 2 8 10 10 2 2 2 2 8 2 10 2 10 8 2 2 2 2 2
left_child=1 3 -3 4 9 -6 14 22 -7 13 19 -12 -13 -1 35 23 17 -17 -18 20 -11 -21 27 31 -10 26 30 37 33 -15 -16 -9 -26 -24 -29 -5 -37 -8
right_child=-2 2 -4 6 5 8 7 15 24 10 11 12 -14 29 25 16 18 -19 -20 21 -22 -23 28 -25 32 -27 -28 34 -30 -31 -32 -33 -34 -35 -36 36 -38 -39
leaf_value=-0.58222829339978821 -0.2896964684861501 0.040846922408116715 0.58200416504843 -0.14500316954497916 1.7875629750638335 0.39133883673016123 0.13269597770496158 -0.025337177403897529 -0.2506389578316135 -0.0015415825891476748 0.85207017428958065 0.69764647185516659 0.031949647107698986 0.056415210912015581 -0.15739006019845408 1.0838650782316139 -0.1308657585839359 0.11087570972506024 0.034217075347110604 -0.023386715662188588 0.079242195962290971 -0.18680670751657086 -0.010693069201769257 -0.41588327722056473 0.069399018160174131 -0.13837879990956981 -0.60267307828297778 -0.12394810958502554 -0.35694795300921034 -0.1986969352090184 -0.38087366432666758 -0.24550917040126113 -0.15775936396654291 -0.24392736344124724 -0.0072252248458723155 0.16961183226246276 -0.031574702881204723 -0.03599049848982952
leaf_weight=153 191 150 146 162 145 149 233 663 276 14202 152 188 4568 186 296 202 1395 710 5970 11391 5184 654 153 161 344 445 149 1214 324 201 204 150 164 186 417 167 331 150
leaf_count=153 191 150 146 162 145 149 233 663 276 14202 152 188 4568 186 296 202 1395 710 5970 11391 5184 654 153 161 344 445 149 1214 324 201 204 150 164 186 417 167 331 150
internal_value=0.00378742 0.00486682 0.30778 0.00313043 0.014089 0.228521 -0.027271 -0.00769865 -0.013789 0.0078209 0.011199 0.0828511 0.0582654 -0.219501 -0.160371 0.0214897 0.0385878 0.326394 0.00294866 1.03692e-05 0.0200608 -0.03226 -0.108566 -0.123807 -0.0907882 -0.251987 -0.32988 -0.0635385 -0.245342 -0.0760855 -0.248578 -0.0659622 -0.00393637 -0.138667 -0.0941059 -0.00850992 0.0358926 0.0666305
internal_weight=52126 51935 296 51639 37957 1078 13682 11928 933 36879 36339 4908 4756 540 1754 9251 8277 912 7365 31431 19386 12045 2677 974 784 1094 649 2014 663 387 500 813 508 339 1631 660 498 383
internal_count=52126 51935 296 51639 37957 1078 13682 11928 933 36879 36339 4908 4756 540 1754 9251 8277 912 7365 31431 19386 12045 2677 974 784 1094 649 2014 663 387 500 813 508 339 1631 660 498 383
is_linear=0
shrinkage=0.03


Tree=166
num_leaves=33
num_cat=0
split_feature=200 198 208 198 199 16 141 200 202 193 203 202 199 202 198 203 75 198 94 200 202 200 198 189 198 199 193 77 141 96 203 114
split_gain=18408.9 17963.8 36006.4 27647.4 121607 35764.4 23198.4 99574.4 322968 141347 297999 253405 105764 69821.2 73604.2 22064.2 34425.9 23949.2 22086.3 21850.7 19198.3 18188.7 15721.4 14315.1 16671.8 12912.1 11240.5 11194.9 10800.7 8432.87 6298.23 3621.72
threshold=30.849999427795414 1.4499999880790713 0.48877522349357611 2.1499999761581425 109.50000000000001 115.9310646057129 18.936250686645511 8.4499998092651385 0.13052122294902804 29.650000572204593 -0.94828754663467396 -0.94828754663467396 303.50000000000006 0.99140709638595592 9.2500000000000018 0.078456107527017607 76.651638031005874 2.5499999523162846 34.161212921142585 29.35000038146973 0.44618082046508795 3.7500000000000004 1.0500000119209292 36.013967514038093 4.6499998569488534 266.50000000000006 26.750000000000004 38.420854568481452 -13.739829063415526 40.608007431030281 -0.62249094247817982 133.1745529174805
decision_type=2 2 2 2 2 10 10 2 2 2 2 2 2 2 2 2 10 2 8 2 2 2 2 10 2 2 2 8 8 10 2 8
left_child=1 2 20 4 -3 30 15 8 12 10 -9 -12 -8 14 -11 18 17 21 23 -19 26 -17 31 24 -5 27 -1 -20 -25 -2 -6 -4
right_child=29 3 22 6 5 -7 7 9 -10 13 11 -13 -14 -15 -16 16 -18 19 25 -21 -22 -23 -24 28 -26 -27 -28 -29 -30 -31 -32 -33
leaf_value=-0.2368251541787848 -0.078188385859407822 0.83943472457874213 0.016014323164968834 0.073524004085579353 -0.050848744190347323 0.28624396154242548 1.629975104600671 1.4332669117088821 -0.40352156305620906 -0.2654890364668277 0.8992005219815411 -0.047789127467230581 0.50792177011729811 0.52474697881251242 0.024147560928546273 -0.48913938303043758 0.36621242364476286 0.010516485124611024 -0.020143131358142122 0.30546111235943751 -0.018305238711156836 -0.058913321740555649 0.26317795134964572 -0.15581167686964054 -0.017559181241403498 0.10913390651297096 -0.56386050405373911 -0.15515399386290693 -0.035883272622986018 -0.36272347130323573 -0.29979540793890647 -0.18162257910466023
leaf_weight=182 209 192 193 2413 151 209 158 167 227 1680 305 1530 145 154 1490 147 246 26469 745 228 164 222 205 876 7221 239 197 2142 2958 170 232 147
leaf_count=182 209 192 193 2413 151 209 158 167 227 1680 305 1530 145 154 1490 147 246 26469 745 228 164 222 205 876 7221 239 197 2142 2958 170 232 147
internal_value=0.0024924 0.00402151 -0.116587 0.00661763 0.183381 -0.0294021 0.00383268 0.0599197 0.45207 0.0208952 0.220037 0.109616 1.09305 -0.0990452 -0.129351 -0.00364797 0.0129289 0.00971777 -0.0309317 0.0130355 -0.289485 -0.230313 0.0556773 -0.0142573 0.00525417 -0.102771 -0.406825 -0.120314 -0.0632852 -0.205823 -0.201651 -0.0694361
internal_weight=52013 51634 1088 50546 784 592 49762 5856 530 5326 2002 1835 303 3324 3170 43906 27312 27066 16594 26697 543 369 545 13468 9634 3126 379 2887 3834 379 383 340
internal_count=52013 51634 1088 50546 784 592 49762 5856 530 5326 2002 1835 303 3324 3170 43906 27312 27066 16594 26697 543 369 545 13468 9634 3126 379 2887 3834 379 383 340
is_linear=0
shrinkage=0.03


Tree=167
num_leaves=39
num_cat=0
split_feature=200 195 96 166 197 197 194 194 183 197 183 197 193 200 194 193 194 203 199 194 75 203 193 194 190 35 200 209 205 36 193 203 203 191 205 200 197 185
split_gain=17373.5 17302.8 19936.6 17978.8 33749 252854 87539.6 144159 73687.8 55582.9 50678.2 47938.7 86673.9 227045 89572.6 64259.2 434731 68724 67569.2 65917.9 38335.9 37979.5 36734.9 36109.9 35415.7 22172.3 15227 9268.98 8021.12 7654.97 11854.5 7177 7937.03 30994 7562.16 7155.5 5459.82 7898.31
threshold=30.849999427795414 1.0000000180025095e-35 40.42597961425782 1.5000000000000002 977.35000610351574 976.95001220703136 31.500000000000004 24.500000000000004 114.34540939331056 975.35000610351574 126.4704933166504 979.95001220703136 34.149999618530281 8.5500001907348651 23.500000000000004 27.250000000000004 41.500000000000007 0.095842104405164733 127.50000000000001 32.500000000000007 76.651638031005874 -0.95368063449859608 27.44999980926514 50.500000000000007 0.83300417661666881 320.59155273437506 25.650000572204593 5.5000000000000009 1.0000000180025095e-35 116.24994277954103 38.049999237060554 0.96359375119209301 -0.89490029215812672 30.614398956298832 0.68301269412040722 6.5499999523162851 982.45001220703136 595.10000610351574
decision_type=2 2 10 2 2 2 2 2 8 2 10 2 2 2 2 2 2 2 2 2 10 2 2 2 8 10 2 2 2 8 2 2 2 8 2 2 2 10
left_child=1 3 26 25 5 6 7 10 -7 21 -5 15 20 -14 -15 16 -6 18 -17 -19 23 -8 -11 -13 -18 29 27 35 -2 30 36 32 33 -31 -34 -3 37 -1
right_child=28 2 -4 4 11 8 9 -9 -10 22 -12 12 13 14 -16 17 24 19 -20 -21 -22 -23 -24 -25 -26 -27 -28 -29 -30 31 -32 -33 34 -35 -36 -37 -38 -39
leaf_value=-0.00037498920258012167 -0.33810175799246384 -0.31022529469487642 -0.30400506189319121 -0.42161350531044911 1.547936226498144 1.3786802449553124 0.50563778605784915 0.85908723257874986 0.453417393464423 -0.63284063725913686 0.30349227904378079 -0.035333851636028549 1.3292241403299734 -0.070211816643981087 0.51787249920434641 0.082183215746297611 -0.56887853332642724 -0.17967268537013534 -0.52467921825809505 0.2466503893148162 0.47275811810082158 0.011053383690134906 -0.1423651664454402 0.034041460038590272 -0.072923243828153322 -0.38959024925480101 0.25398575253469258 -0.019251114422609621 -0.061704286353388253 0.43399529014942068 0.27181421924613064 0.086185423934555347 -0.035156707307167245 -0.11532288835517646 -0.11272818803238925 -0.093599465432498585 -0.16958221719571703 0.18170396120130972
leaf_weight=2985 188 170 278 172 158 158 151 280 152 171 175 10671 158 751 338 216 170 1118 701 461 161 1872 700 18388 545 148 152 2074 190 145 156 394 4627 255 1497 712 155 231
leaf_count=2985 188 170 278 172 158 158 151 280 152 171 175 10671 158 751 338 216 170 1118 701 461 161 1872 700 18388 545 148 152 2074 190 145 156 394 4627 255 1497 712 155 231
internal_value=0.00346417 0.00494736 -0.0606084 0.00954688 0.0192573 0.10365 0.0313303 0.352698 0.925032 -0.0382964 -0.0559267 0.00970211 0.0215765 0.266514 0.112318 -0.0976817 0.123858 -0.175168 -0.381733 -0.0552037 0.0111234 0.0479723 -0.238664 0.00856555 -0.190849 -0.0249817 -0.0388365 -0.0538945 -0.199178 -0.019815 0.0161537 -0.038153 -0.0456623 0.0838095 -0.0541191 -0.135356 0.00432166 0.0127038
internal_weight=52024 51646 3386 48260 37667 3831 3521 627 310 2894 347 33836 30467 1247 1089 3369 873 2496 917 1579 29220 2023 871 29059 715 10593 3108 2956 378 10445 3527 6918 6524 400 6124 882 3371 3216
internal_count=52024 51646 3386 48260 37667 3831 3521 627 310 2894 347 33836 30467 1247 1089 3369 873 2496 917 1579 29220 2023 871 29059 715 10593 3108 2956 378 10445 3527 6918 6524 400 6124 882 3371 3216
is_linear=0
shrinkage=0.03


Tree=168
num_leaves=39
num_cat=0
split_feature=86 35 79 75 81 193 193 160 193 201 206 176 206 140 203 208 193 201 94 183 203 149 82 36 193 193 184 201 201 95 203 114 193 206 95 209 203 203
split_gain=16373 19941.8 24111.3 26535.3 22055.2 18133.9 47342.5 49460.1 44577.2 38721.7 18838 13714.2 13023.4 20598.3 104048 31807 41935.1 21038.5 13133.2 15938.3 12850 11478.2 27395.4 11173.9 14802.6 10279.8 19517.3 9796.52 10740.9 21860.4 9526.05 9319 8384.24 7631.36 7493.9 10373.9 8061.1 7736.3
threshold=55.18499946594239 224.91905212402347 1.3924107551574709 69.245697021484389 52.868499755859382 23.650000572204593 24.150000572204593 13.500000000000002 22.94999980926514 87.500000000000014 1.0000000180025095e-35 24.570000648498539 0.68301269412040722 6.3626072406768808 -0.52247866988182057 -0.21022038161754605 23.849999427795414 232.50000000000003 22.367173194885257 93.808002471923842 0.96359375119209301 1.0499999523162844 43.608499526977546 409.19755554199224 12.050000190734865 27.550000190734867 0.36011245846748358 37.500000000000007 1910.0000000000002 16.56838417053223 0.7933231294155122 -408.15519714355463 23.150000572204593 0.25000000000000011 36.314989089965827 4.5000000000000009 0.49240480363368994 0.30069434642791754
decision_type=10 10 8 8 2 2 2 2 2 2 2 2 2 10 2 2 2 2 10 8 2 2 8 10 2 2 10 2 2 10 2 8 2 2 10 2 2 2
left_child=1 11 3 4 5 8 7 -7 10 -8 -3 12 18 -14 -15 17 -17 -16 27 20 30 -21 -23 24 -2 -13 -27 -1 31 -30 -20 -29 -10 -25 -6 37 -37 -36
right_child=23 2 -4 -5 34 6 9 -9 32 -11 -12 25 13 14 15 16 -18 -19 19 21 -22 22 -24 33 -26 26 -28 28 29 -31 -32 -33 -34 -35 35 36 -38 -39
leaf_value=0.1125733733792401 0.20542036471692324 0.10780898102321694 -0.1165804457862699 0.41504715634202888 0.04045477734947054 0.057826511462290911 0.26550137461974277 0.75467623320214172 -0.39515361382106312 0.041545874194129744 0.0019303222261410401 0.012464542545131583 0.0052732781662377702 0.81804356667612321 -0.33569728253476194 -0.11561290690679332 0.60341753435965317 0.079200992200879297 -0.09215204093722891 -0.056845772620506572 0.15310245800377748 0.0099238124414320669 0.43447930689830339 -0.078043004202158525 -0.045008462559763603 0.42195719648364488 -0.021030578176409902 -0.064996258523069686 0.36292859343473088 0.019708429930635346 -0.25081011360204053 -0.0036350041627053347 -0.15178966544410244 -0.26107133068185695 -0.055510855058022349 -0.081573644669114376 0.10118735695408125 -0.23734314089861794
leaf_weight=616 227 2319 921 169 645 178 784 189 206 6108 4348 395 6111 174 254 145 147 194 3284 2229 177 1668 149 526 3307 210 156 2934 198 1067 380 9251 334 336 387 543 362 462
leaf_count=616 227 2319 921 169 645 178 784 189 206 6108 4348 395 6111 174 254 145 147 194 3284 2229 177 1668 149 526 3307 210 156 2934 198 1067 380 9251 334 336 387 543 362 462
internal_value=0.00285585 0.00796215 0.0329278 0.0410115 0.0372631 0.0512341 0.0847022 0.416706 0.0175244 0.0670223 0.0387585 -0.0071109 -0.0104123 0.0251404 0.15797 0.00275424 0.246371 -0.156033 -0.0217893 -0.052777 -0.096547 -0.0112245 0.044741 -0.0525443 -0.028922 0.118602 0.233146 -0.00441403 -0.00977206 0.0734324 -0.108607 -0.0184101 -0.244634 -0.149388 -0.0469814 -0.0791346 -0.00846852 -0.15446
internal_weight=52090 47694 17955 17034 16865 14466 7259 367 7207 6892 6667 29739 28978 7025 914 740 292 448 21953 7887 3841 4046 1817 4396 3534 761 366 14066 13450 1265 3664 12185 540 862 2399 1754 905 849
internal_count=52090 47694 17955 17034 16865 14466 7259 367 7207 6892 6667 29739 28978 7025 914 740 292 448 21953 7887 3841 4046 1817 4396 3534 761 366 14066 13450 1265 3664 12185 540 862 2399 1754 905 849
is_linear=0
shrinkage=0.03


Tree=169
num_leaves=27
num_cat=0
split_feature=198 198 208 198 199 16 76 202 141 201 193 201 201 199 207 199 76 201 196 93 198 202 163 193 199 140
split_gain=17529.8 16903.1 33863.8 31107.5 133795 32432.3 18667.9 18532.3 18158.5 103487 291822 156340 110409 19356.2 56477.7 178293 52149.1 25578.1 32485.9 18250.5 14932.1 14111.9 12253.6 10576.9 5155.75 3863.01
threshold=19.300000190734867 1.4499999880790713 0.48877522349357611 2.1499999761581425 109.50000000000001 119.0655975341797 68.643508911132827 0.44618082046508795 18.936250686645511 87.500000000000014 27.750000000000004 122.50000000000001 142.50000000000003 303.50000000000006 0.9937499761581422 324.50000000000006 47.895910263061531 3502.5000000000005 5.5000000000000009 27.659749984741214 1.0500000119209292 -0.68832838535308827 63.414999008178718 27.250000000000004 229.50000000000003 -7.6923542022705069
decision_type=2 2 2 2 2 10 10 2 10 2 2 2 2 2 2 2 10 2 2 10 2 2 2 2 2 8
left_child=1 2 7 4 -3 24 8 23 13 10 -10 21 -13 17 16 -16 -15 19 -19 -5 25 -11 -2 -1 -6 -4
right_child=22 3 20 6 5 -7 -8 -9 9 11 -12 12 -14 14 15 -17 -18 18 -20 -21 -22 -23 -24 -25 -26 -27
leaf_value=-0.24174561556532431 -0.059736814177236704 0.86186907470132523 0.019939277710068943 -0.0038626134822936703 -0.10153738009239557 0.27261636682101636 0.2472927269427726 -0.017075228936346852 1.5835966086321354 -0.69282657338160447 -0.073232161851523786 0.79265319650946719 0.037816129823698537 -0.023314262579618522 1.073898373464371 -0.12518159678810364 0.13337737226865151 -0.06665018110528291 0.46493962349320578 -0.053009271930357288 0.25308774753735314 -0.35523821834229496 -0.39178502627643225 -0.55808366813622567 -0.32360323945554331 -0.18294113003338475
leaf_weight=197 254 201 195 22966 219 202 282 169 147 219 274 181 4774 7556 186 279 2559 193 223 9661 210 227 165 184 165 149
leaf_count=197 254 201 195 22966 219 202 282 169 147 219 274 181 4774 7556 186 279 2559 193 223 9661 210 227 165 184 165 149
internal_value=0.00275784 0.00432664 -0.111798 0.0068646 0.193999 -0.0350918 0.00390289 -0.278551 0.00251471 0.0522794 0.505302 0.0169661 0.0653909 -0.00412697 0.0311889 0.354462 0.0163273 -0.0154347 0.218316 -0.0184152 0.0537522 -0.521017 -0.190502 -0.394529 -0.196963 -0.0679377
internal_weight=52037 51618 1104 50514 787 586 49727 550 49445 5822 421 5401 4955 43623 10580 465 10115 33043 416 32627 554 446 419 381 384 344
internal_count=52037 51618 1104 50514 787 586 49727 550 49445 5822 421 5401 4955 43623 10580 465 10115 33043 416 32627 554 446 419 381 384 344
is_linear=0
shrinkage=0.03


Tree=170
num_leaves=21
num_cat=0
split_feature=187 187 76 196 187 187 201 201 120 193 193 203 193 76 207 183 76 199 201 197
split_gain=15677.5 56131.1 72754.2 25214.8 17884 83102.2 18656.8 55275.5 269990 60218.6 39266.1 38543.4 36789.2 31874.7 28394.1 13079.9 8042.25 7124.61 9443.7 4732.92
threshold=4.2500000000000009 4.9500000476837167 29.828130722045902 20.500000000000004 5.9500000476837167 6.3500001430511483 707.50000000000011 637.50000000000011 19.445833206176761 30.44999980926514 37.45000076293946 -0.98321744799613942 32.649999618530281 67.37192535400392 -0.83847111463546742 80.875942230224624 35.370643615722663 129.50000000000003 2917.5000000000005 977.75000000000011
decision_type=8 8 10 2 8 8 2 2 8 2 2 2 2 10 2 10 10 2 2 2
left_child=15 2 -2 -4 16 -6 7 10 -9 -10 12 -8 -7 14 -13 -1 -3 -17 -19 -20
right_child=1 4 3 -5 5 6 11 8 9 -11 -12 13 -14 -15 -16 17 -18 18 19 -21
leaf_value=-0.36923472132587853 0.88461852345306269 -0.3710117680131112 0.32330302549734341 -0.20866740659945124 0.68199448115184058 0.0099283767030041523 -0.41305459098256148 1.3864810032860924 -0.07668607530412111 0.58189902631977408 0.47163185774079058 0.088002705218483551 -0.13828483104930334 0.4186095917074954 -0.047510244924148001 -0.25673025268064131 -0.096987218062191016 0.1105116452773047 -0.23558678536121938 -0.036430517081666065
leaf_weight=153 147 147 175 148 162 35042 233 154 774 149 162 1613 1575 145 10137 150 280 271 175 278
leaf_count=153 147 147 175 148 162 35042 233 154 774 149 162 1613 1575 145 10137 150 280 271 175 278
internal_value=0.0026947 0.0050297 0.331363 0.0795517 0.00199685 0.00364311 0.00144441 0.0118186 0.22366 0.0296338 0.00561514 -0.0309371 0.00355327 -0.0234518 -0.0289074 -0.113356 -0.191331 -0.0685583 -0.029569 -0.113371
internal_weight=52070 51043 470 323 50573 50146 49984 37856 1077 923 36779 12128 36617 11895 11750 1027 427 874 724 453
internal_count=52070 51043 470 323 50573 50146 49984 37856 1077 923 36779 12128 36617 11895 11750 1027 427 874 724 453
is_linear=0
shrinkage=0.03


Tree=171
num_leaves=39
num_cat=0
split_feature=195 132 207 207 199 199 207 207 193 123 201 207 199 197 208 194 193 193 204 200 142 199 208 96 197 201 199 199 74 199 201 201 194 204 197 197 195 96
split_gain=16211 20393.1 18026.5 27628.8 107642 221914 30570.7 128263 165371 918537 136348 178124 66469.5 36739.9 59928.6 88422.9 151428 40163.5 22302 21664.1 20443.8 28968 57449.2 19782.9 42739.1 27038.8 19313.2 19627.4 18997.1 18843 14956.4 24603.5 14401.3 13971 12528 14469.3 7819.45 7814.25
threshold=1.0000000180025095e-35 -42.585285186767571 0.9990701973438264 0.9937499761581422 300.50000000000006 324.50000000000006 0.94425827264785778 0.9159645438194276 28.250000000000004 11.509953975677492 132.50000000000003 0.9260200858116151 243.50000000000003 979.75000000000011 -0.11692317575216292 26.500000000000004 28.050000190734867 30.150000572204593 11.000000000000002 17.44999980926514 0.47003403306007391 71.000000000000014 -0.45273527503013605 42.396379470825202 977.95001220703136 832.50000000000011 280.50000000000006 258.50000000000006 63.490221023559577 276.50000000000006 202.50000000000003 232.50000000000003 83.500000000000014 13.000000000000002 986.75000000000011 985.95001220703136 0.65000000596046459 35.545391082763679
decision_type=2 8 2 2 2 2 2 2 2 8 2 2 2 2 2 2 2 2 2 2 2 2 2 10 2 2 2 2 8 2 2 2 2 2 2 2 2 10
left_child=2 36 3 6 19 -6 7 20 9 12 29 -12 -9 17 15 18 -17 -8 -15 26 21 22 -1 25 -25 -22 27 33 -23 -10 32 -32 -16 -5 35 -3 37 -2
right_child=1 34 -4 4 5 -7 13 8 10 -11 11 -13 -14 14 30 16 -18 -19 -20 -21 23 28 -24 24 -26 -27 -28 -29 -30 -31 31 -33 -34 -35 -36 -37 -38 -39
leaf_value=0.72292956715186107 -0.19035232967055404 -0.021793668688455902 -0.14237120981394641 -0.096733692588917439 1.3115446501527577 -0.10779346909707735 -0.58046717727787267 0.46299076534881761 -0.69837876688598854 2.734782022153361 0.66419677487393469 -0.03008580156352824 -0.3239543165260283 -0.38855252561165432 -0.21514708755672565 0.06505942021735317 1.0178771369666457 -0.014349119846926005 -0.0053770545779765868 -0.24603285727825119 0.015858863224879227 0.042270028957850682 0.091989421916999742 0.093485312952151484 -0.12730745527567031 -0.055273188487378715 -0.15663797054648931 0.44606288937008393 -0.16157442860861876 -0.24628324841191018 0.32848402519346764 -0.076240508680688865 5.9818947971705863e-05 0.2478087694783383 -0.18493166875497696 0.27498783504425145 -0.091917941757366325 -0.48415975776447912
leaf_weight=162 186 2299 715 246 187 211 245 152 157 145 512 949 265 188 1295 468 221 209 501 276 22065 5044 655 1065 3045 6150 257 154 448 176 146 1823 357 186 394 158 232 145
leaf_count=162 186 2299 715 246 187 211 245 152 157 145 512 949 265 188 1295 468 221 209 501 276 22065 5044 655 1065 3045 6150 257 154 448 176 146 1823 357 186 394 158 232 145
internal_value=0.00271928 -0.0604744 0.00715162 0.00938078 0.135369 0.559096 0.00526552 0.0141431 0.22904 0.678097 0.0883618 0.213224 -0.0371013 -0.0614665 -0.0379991 0.130379 0.37069 -0.31986 -0.109934 -0.0153436 0.00103807 0.0504357 0.217104 -0.00860306 -0.0700946 0.000354242 0.0601861 0.155279 0.0256415 -0.459448 -0.102077 -0.0462288 -0.168641 0.0516122 -0.0278912 -0.00270768 -0.22547 -0.319071
internal_weight=52089 3414 48675 47960 1517 398 46443 40990 2356 562 1794 1461 417 5453 4999 1378 689 454 689 1119 38634 6309 817 32325 4110 28215 843 586 5492 333 3621 1969 1652 432 2851 2457 563 331
internal_count=52089 3414 48675 47960 1517 398 46443 40990 2356 562 1794 1461 417 5453 4999 1378 689 454 689 1119 38634 6309 817 32325 4110 28215 843 586 5492 333 3621 1969 1652 432 2851 2457 563 331
is_linear=0
shrinkage=0.03


Tree=172
num_leaves=33
num_cat=0
split_feature=201 201 199 194 196 201 196 196 141 199 193 158 200 204 200 203 131 199 201 200 193 204 194 194 200 199 199 199 16 205 194 35
split_gain=17003.2 32135.8 52426.2 15922 63818.8 44853.5 89726.8 26795.6 72471.5 238015 156370 33428.7 60046.3 31644 57308.4 31479.6 175173 28355.3 26883.7 26030.4 27526.2 45402.1 21640.5 17695.7 17661 13153.9 16559.1 15400.6 10172.5 4650.45 4077.48 762.041
threshold=4042.5000000000005 3777.5000000000005 292.50000000000006 22.500000000000004 99.500000000000014 2537.5000000000005 33.500000000000007 4.5000000000000009 19.526912689208988 88.500000000000014 29.849999427795414 74.000000000000014 10.650000095367433 11.000000000000002 6.6499998569488534 -0.89490029215812672 -55.927724838256829 23.500000000000004 837.50000000000011 19.650000572204593 37.149999618530281 11.000000000000002 13.500000000000002 30.500000000000004 10.949999809265138 288.50000000000006 302.50000000000006 296.50000000000006 72.394176483154311 -0.68301269412040699 15.500000000000002 185.1830978393555
decision_type=2 2 2 2 2 2 2 2 10 2 2 2 2 2 2 2 8 2 2 2 2 2 2 2 2 2 2 2 10 2 2 10
left_child=1 3 -3 4 19 7 -7 8 13 -10 -11 15 -13 18 -15 16 -9 -17 -5 20 24 -22 -23 -14 -1 30 27 -27 -26 -28 -21 -32
right_child=-2 2 -4 5 -6 6 -8 11 9 10 -12 12 23 14 -16 17 -18 -19 -20 25 21 22 -24 -25 28 26 29 -29 -30 -31 31 -33
leaf_value=-0.54158938573263915 -0.2815317577825141 0.70000114588381002 -0.093429504964218549 -0.013364084791438621 0.4118497672110783 0.87301016279587629 -0.13336578403895399 1.0980609565715318 1.3654507796708042 0.33139925119228264 -0.29472853376938962 0.29741024746269118 -0.51078863391042706 0.242319137064573 0.025005594534018863 -0.18381911183238647 0.0041918414830159276 -0.011352040805608535 -0.29303094088057696 -0.00050001090778650022 0.44758153555740726 -0.31494226165511141 0.0028191645832691616 -0.20634516605342512 -0.060131886394324957 0.069827285940418218 0.033888647768340906 0.4016297930790097 -0.24844811038853545 -0.16165933168984778 -0.22194703162450294 -0.12985422326951734
leaf_weight=147 188 154 146 11360 249 157 162 150 148 1000 560 190 240 1241 9106 896 1083 20201 318 199 155 301 537 605 363 352 231 196 894 208 152 173
leaf_count=147 188 154 146 11360 249 157 162 150 148 1000 560 190 240 1241 9106 896 1083 20201 318 199 155 301 537 605 363 352 231 196 894 208 152 173
internal_value=0.00324925 0.0042814 0.313873 0.00248048 -0.0538161 0.00741596 0.361945 0.00501461 0.0274668 0.21572 0.106635 -0.0177912 -0.184466 0.012868 0.05107 -0.0100657 0.137274 -0.0186769 -0.0209799 -0.0834872 -0.14496 -0.0240748 -0.111319 -0.292819 -0.230456 0.0140308 0.0785255 0.188507 -0.194067 -0.0587634 -0.107449 -0.172932
internal_weight=52062 51874 300 51574 4157 47417 319 47098 23733 1708 1560 23365 1035 22025 10347 22330 1233 21097 11678 3908 2397 993 838 845 1404 1511 987 548 1257 439 524 325
internal_count=52062 51874 300 51574 4157 47417 319 47098 23733 1708 1560 23365 1035 22025 10347 22330 1233 21097 11678 3908 2397 993 838 845 1404 1511 987 548 1257 439 524 325
is_linear=0
shrinkage=0.03


Tree=173
num_leaves=35
num_cat=0
split_feature=200 76 183 199 207 202 198 196 161 202 123 201 199 194 202 202 95 208 208 200 198 207 202 199 75 207 75 206 165 189 207 96 51 96
split_gain=16819.7 17772.6 17300.2 35093.5 30789.6 58932.1 32574.1 38949.1 146833 90306.7 30296.9 27087.7 25058.9 21696.3 20886.9 31995.8 20397.2 19613.1 47075.9 35357.1 32901 24412.9 21558.6 42995.4 35863.4 18313 14948.9 14130.1 25445.7 13393.4 12889.7 12578.4 11953.1 8392.96
threshold=30.849999427795414 68.643508911132827 84.023174285888686 8.5000000000000018 0.72102680802345287 -0.99901017546653736 12.050000190734865 1.5000000000000002 1473.5950317382815 -0.96811076998710621 12.688198089599611 3140.0000000000005 23.500000000000004 16.500000000000004 0.97233289480209362 0.96359375119209301 26.772163391113285 0.96462664008140575 0.9889926314353944 14.949999809265138 12.949999809265138 0.16799744963645938 0.39873388409614569 31.500000000000004 44.447105407714851 0.90892735123634349 30.352528572082523 -0.93301269412040699 4.6814448833465585 29.363030433654789 -0.022576250135898587 19.114210128784183 26.262500762939457 40.608007431030281
decision_type=2 10 8 2 2 2 2 2 2 2 8 2 2 2 2 2 10 2 2 2 2 2 2 2 10 2 10 2 2 10 2 10 10 10
left_child=1 2 3 -1 17 -6 7 8 -7 -9 13 12 -5 -8 15 -14 -16 22 19 21 -21 -19 27 24 -24 -12 -13 28 -4 -25 -20 -29 -32 -2
right_child=33 -3 4 11 5 6 10 9 -10 -11 25 26 14 -15 16 -17 -18 18 30 20 -22 -23 23 29 -26 -27 -28 31 -30 -31 32 -33 -34 -35
leaf_value=0.40787116766810722 -0.068154400590544978 0.25215226088088483 -0.013695531458597063 -0.30792242659654406 0.49542660686368883 0.088838840675652703 0.39262703159714429 0.40323720817709519 0.84345436862302203 -0.023234362304037359 -0.27416393097864372 -0.52937830104253136 -0.012452589357120358 0.0058876224876986761 -0.021643442532082537 0.43539856447245928 -0.31649807102684963 0.31842098904548821 0.16653998900419389 0.7703542984543672 0.2012592969489245 -0.13056765303477955 0.093041908091855141 0.023551279661025899 0.70951899147821285 -0.051025910959716023 -0.098591627478786761 0.00090223302801889201 0.35511941006969383 -0.09994755803267244 -0.023646277370082791 -0.070303912912774949 -0.26772057661469817 -0.35481432553071102
leaf_weight=169 203 260 751 270 263 4742 152 487 244 5422 612 145 14478 925 446 145 401 204 236 178 188 234 205 6237 145 721 145 3092 217 905 791 8034 234 168
leaf_count=169 203 260 751 270 263 4742 152 487 244 5422 612 145 14478 925 446 145 401 204 236 178 188 234 205 6237 145 721 145 3092 217 905 791 8034 234 168
internal_value=0.00330324 0.00474823 0.00349715 -0.0221615 0.0152989 0.0507325 0.0419419 0.0640191 0.125769 0.0119145 -0.0578635 -0.0266955 -0.0214019 0.0604725 -0.016401 -0.00801145 -0.161241 -0.00690627 0.0810297 0.260415 0.478046 0.0785518 -0.0161776 0.0238117 0.348453 -0.153473 -0.313996 -0.0409503 0.0689853 0.00790193 -0.0333452 -0.0505152 -0.079369 -0.197969
internal_weight=52049 51678 51418 16199 35219 13568 13305 10895 4986 5909 2410 16030 15740 1077 15470 14623 847 21651 2065 804 366 438 19586 7492 350 1333 290 12094 968 7142 1261 11126 1025 371
internal_count=52049 51678 51418 16199 35219 13568 13305 10895 4986 5909 2410 16030 15740 1077 15470 14623 847 21651 2065 804 366 438 19586 7492 350 1333 290 12094 968 7142 1261 11126 1025 371
is_linear=0
shrinkage=0.03


Tree=174
num_leaves=29
num_cat=0
split_feature=198 198 208 198 199 15 203 203 183 19 75 198 197 187 192 185 198 209 190 204 198 96 209 77 207 208 205 111
split_gain=16085.5 15188.5 31809.3 28363.3 116630 32435.1 19829.3 52641 276908 32929 32052.4 27116.2 26221.6 35861.5 69848.1 23670 17333.4 16802.6 27017.4 25381.7 14201.1 14129 13323.3 11558.9 8392.31 6475.06 5062.17 3296.77
threshold=19.300000190734867 1.4499999880790713 0.48877522349357611 2.1499999761581425 109.50000000000001 127.89705657958986 0.026175950653851036 0.04361772537231446 85.70298004150392 0.83432263135910045 76.651638031005874 2.5499999523162846 987.64999389648449 100.84199905395509 3.3169559240341191 2142.0500488281255 1.0500000119209292 10.500000000000002 1.3154267072677615 9.0000000000000018 1.0500000119209292 33.700296401977546 3.5000000000000004 33.980392456054695 0.78325453400611889 0.40418040752410894 0.25000000000000011 98.541667938232436
decision_type=2 2 2 2 2 10 2 2 10 10 10 2 2 10 10 10 2 2 8 2 2 10 2 8 2 2 2 10
left_child=1 2 16 4 -3 25 9 8 23 12 11 22 13 14 -5 -13 26 18 -14 -19 27 -2 -9 -8 -15 -6 -1 -4
right_child=21 3 20 6 5 -7 7 10 -10 -11 -12 15 17 24 -16 -17 -18 19 -20 -21 -22 -23 -24 -25 -26 -27 -28 -29
leaf_value=-0.045287816263899085 -0.032674178652932796 0.80479773103272079 -0.16669044137550118 -0.005299882824676614 -0.27529831030073104 0.35496596796181967 -0.34758833692218777 -0.081297555535951443 1.4149489839030507 0.39312523964935742 0.3494975985732679 0.011157048544150673 -0.029825755546398547 -0.10945909764431747 0.59776938521962786 0.2964600561089874 -0.492477154822202 -0.12466863038383764 -0.21541663464177765 0.36167438148112918 0.24934304686867226 -0.38750251118864598 -0.43460628359851045 0.0072654935221820247 -0.31513124674444348 -0.046256763080689899 -0.27690177537659311 0.019741316523076133
leaf_weight=205 237 203 155 13991 214 149 145 216 147 171 253 30117 1332 346 175 264 198 229 1502 167 209 176 173 192 369 231 145 190
leaf_count=205 237 203 155 13991 214 149 145 216 147 171 253 30117 1332 346 175 264 198 229 1502 167 209 176 173 192 369 231 145 190
internal_value=0.00258838 0.00407844 -0.106102 0.00647872 0.184028 -0.028129 0.00363654 0.0180583 0.328511 -0.0212177 0.0132147 0.0104496 -0.02513 -0.00831235 0.00215051 0.0136363 -0.268159 -0.102611 -0.128188 0.0804333 0.0542003 -0.183891 -0.238432 -0.145421 -0.215606 -0.156407 -0.141248 -0.064019
internal_weight=52101 51688 1102 50586 797 594 49789 31507 484 18282 31023 30770 18111 14881 14166 30381 548 3230 2834 396 554 413 389 337 715 445 350 345
internal_count=52101 51688 1102 50586 797 594 49789 31507 484 18282 31023 30770 18111 14881 14166 30381 548 3230 2834 396 554 413 389 337 715 445 350 345
is_linear=0
shrinkage=0.03


Tree=175
num_leaves=35
num_cat=0
split_feature=200 187 187 76 196 191 200 36 200 96 191 197 193 96 197 199 199 197 197 191 168 187 198 197 199 165 207 198 194 197 199 197 76 199
split_gain=15406.3 15363 52841.9 68320.4 20113.3 17927.2 59983.1 55930.3 98975.7 42361.4 23245.1 98353 187936 62211.2 22680.6 22474.9 50560.8 25397.5 30406 22705.3 20986.8 14976.3 12943.4 11299.5 9356.02 11813 7394.71 7083.57 10647.9 6771.56 5984.12 5683.61 5411.41 2537.69
threshold=30.849999427795414 4.2500000000000009 4.9500000476837167 29.722882270812992 20.500000000000004 16.349999427795414 17.349999427795414 244.49954986572268 21.550000190734867 41.349533081054695 19.740631103515629 978.85000610351574 29.849999427795414 17.507867813110355 979.95001220703136 23.500000000000004 26.000000000000004 980.95001220703136 979.85000610351574 30.810745239257816 0.38180281221866613 26.000329017639164 7.9500000476837167 982.14999389648449 297.50000000000006 4.3437211513519296 0.8522624969482423 12.84999990463257 33.500000000000007 980.64999389648449 272.50000000000006 981.75000000000011 33.441038131713874 284.50000000000006
decision_type=2 8 8 10 2 8 2 10 2 10 8 2 2 10 2 2 2 2 2 10 2 10 2 2 2 2 2 2 2 2 2 2 10 2
left_child=1 24 3 -3 -5 6 9 27 -9 23 11 12 -7 -13 -15 17 -17 18 -12 -19 -18 -14 -11 29 25 31 -2 28 -8 -4 -25 32 -1 -29
right_child=26 2 5 4 -6 10 7 8 -10 22 15 13 21 14 -16 16 20 19 -20 -21 -22 -23 -24 30 -26 -27 -28 33 -30 -31 -32 -33 -34 -35
leaf_value=-0.12370525498018198 -0.068780657141326612 0.8620612838511158 -0.05868958607062405 0.29886096031709514 -0.16793950003861402 1.1088906335242206 -0.2458160083581013 0.80330941458574001 -0.11243160596615492 -0.55532399003500732 -0.081646578201741288 0.59696927195082716 0.19543878982208759 -0.38363345867141402 -0.015956220074444014 0.52324700599770446 -0.02063883022529844 -0.26352926496183676 0.44027820455967925 0.020679722207093972 0.021827838190636412 -0.20454590345953877 -0.26113665109943579 -0.015717794829748315 0.091876029130166806 -0.35882438226729707 -0.33494927558102572 -0.056006861781210622 -0.011326113832393004 0.20420314307422877 -0.23287435296368514 -0.22185351243598886 0.085926262543321488 0.091085404394860389
leaf_weight=255 207 145 225 179 155 228 294 216 209 289 322 145 167 165 1778 169 18555 851 146 360 24047 170 252 161 168 194 172 158 428 145 393 209 196 318
leaf_count=255 207 145 225 179 155 228 294 216 209 289 322 145 167 165 1778 169 18555 851 146 360 24047 170 252 161 168 194 172 158 428 145 393 209 196 318
internal_value=0.000990534 0.00238783 0.00471056 0.31831 0.0822322 0.00171764 -0.0683068 0.0573123 0.352987 -0.207474 0.00630836 0.0925723 0.443714 -0.00244601 -0.0471814 0.00115966 0.00538622 -0.106507 0.0811808 -0.179041 0.00333177 -0.00633283 -0.418298 -0.084033 -0.11277 -0.15303 -0.189581 -0.0475822 -0.106813 0.0443375 -0.169768 -0.0925337 -0.0326008 0.0422597
internal_weight=52071 51692 50670 479 334 50191 3088 1623 425 1465 47103 2653 565 2088 1943 44450 42771 1679 468 1211 42602 337 541 924 1022 854 379 1198 722 370 554 660 451 476
internal_count=52071 51692 50670 479 334 50191 3088 1623 425 1465 47103 2653 565 2088 1943 44450 42771 1679 468 1211 42602 337 541 924 1022 854 379 1198 722 370 554 660 451 476
is_linear=0
shrinkage=0.03


Tree=176
num_leaves=39
num_cat=0
split_feature=80 163 183 191 191 200 201 200 201 172 199 123 199 201 129 55 204 200 96 201 141 197 141 197 200 204 189 197 95 198 199 197 205 92 96 199 75 175
split_gain=17840.2 25324.9 46525 25527.1 74174.4 41782.8 19887.3 17257.5 16337.6 19284.7 17212.9 36304.3 119383 31629.9 89255 73677.2 54758.1 81087.7 30909.3 28105.7 45500.6 26369.7 54964 25900.4 23225.6 22755.8 54522.3 24154.7 14758.7 14284.7 13601.3 17808.6 15770 12110.4 11649 11332.4 9643.65 8544.76
threshold=19.283499717712406 337.55999755859381 32.913856506347663 20.550000190734867 17.349999427795414 17.750000000000004 3927.5000000000005 18.44999980926514 2870.0000000000005 0.84499999880790722 275.50000000000006 27.464885711669925 287.50000000000006 92.500000000000014 102.22916793823244 51.830396652221687 21.000000000000004 7.5499999523162851 91.057144165039077 112.50000000000001 17.225374221801761 981.04998779296886 19.526912689208988 977.04998779296886 16.650000572204593 3.0000000000000004 67.868000030517592 976.14999389648449 44.84474182128907 10.84999990463257 88.500000000000014 980.25000000000011 -0.68301269412040699 15.137500286102297 27.82841777801514 128.50000000000003 64.628208160400405 1.235000014305115
decision_type=2 2 8 8 10 2 2 2 2 2 2 10 2 2 10 10 2 2 8 2 10 2 10 2 2 2 10 2 8 2 2 2 2 10 10 2 8 2
left_child=1 33 -3 4 5 -4 8 30 10 -10 13 18 -13 14 16 -16 28 -18 21 20 34 24 -23 -14 -12 26 -21 -27 -2 -11 32 -32 -5 -1 -15 -33 37 -35
right_child=6 2 3 7 -6 -7 -8 -9 9 29 11 12 23 19 15 -17 17 -19 -20 25 -22 22 -24 -25 -26 27 -28 -29 -30 -31 31 35 -34 36 -36 -37 -38 -39
leaf_value=-0.01065233771913527 -0.023650566598602148 0.53089780654659346 -0.28217996327087408 0.37923054992599847 0.78551712185402911 0.30408225210440754 0.28233754322150706 -0.14716825188232877 0.0015369587691022306 -0.47289219152128764 -0.17173109151796878 0.93441386146320338 0.21495952922893036 -0.01937600478142994 0.052198337236214178 1.0069047124280444 0.68038868287908738 0.02920956749430614 0.40868391090069756 -0.057916625783552861 -0.7244953170915106 0.0064925823756199087 0.49774752476902678 -0.21817114467448481 0.030605055848267317 0.022707123634340274 0.51491733112869076 -0.10512439031888009 -0.16649600780904403 -0.15081400412620233 -0.23939310916218712 -0.08466749260413764 0.038289560852435983 0.0086101663991334128 -0.29931324858044361 0.12484779456845745 -0.16517672775195982 0.071479830727421645
leaf_weight=11377 4013 212 199 231 165 243 203 431 561 173 1399 163 249 339 145 146 241 602 166 532 146 10627 209 248 804 1797 208 5123 777 437 210 332 259 3582 221 774 206 4259
leaf_count=11377 4013 212 199 231 165 243 203 431 561 173 1399 163 249 339 145 146 241 602 166 532 146 10627 209 248 804 1797 208 5123 777 437 210 332 259 3582 221 774 206 4259
internal_value=0.00176217 0.0218998 0.102176 0.0702165 0.242757 0.0401304 -0.0135683 0.0233973 -0.0156167 -0.125413 -0.0110501 0.0127636 0.229901 -0.0341556 0.0188846 0.53121 -0.00758281 0.215377 0.00191065 -0.0717136 -0.252835 -0.00326826 0.0159681 -0.00116932 -0.0978871 -0.0550198 0.1031 -0.0719288 -0.0468223 -0.242164 0.0641034 0.0138657 0.199024 0.00926971 -0.129855 0.0619548 0.0374359 0.0427592
internal_weight=52009 22480 3056 2844 607 442 29529 2237 29326 1171 28155 13865 660 14290 5924 291 5633 843 13205 8366 706 13039 10836 497 2203 7660 740 6920 4790 610 1806 1316 490 19424 560 1106 8047 7841
internal_count=52009 22480 3056 2844 607 442 29529 2237 29326 1171 28155 13865 660 14290 5924 291 5633 843 13205 8366 706 13039 10836 497 2203 7660 740 6920 4790 610 1806 1316 490 19424 560 1106 8047 7841
is_linear=0
shrinkage=0.03


Tree=177
num_leaves=29
num_cat=0
split_feature=201 201 199 195 132 207 207 199 199 202 207 76 208 207 194 204 193 187 197 193 195 141 187 199 194 208 207 199
split_gain=15330.3 26008.2 42679 13689.4 17948.8 15294.7 27127.3 100094 198510 35909.9 26436.3 51855 30610.1 27103.6 20994.7 20858.1 15378.8 11392.4 10029.1 9218.12 6818.56 7282.33 5586.24 5285.13 2664.62 3321.18 2201.74 2005.47
threshold=4042.5000000000005 3777.5000000000005 292.50000000000006 1.0000000180025095e-35 -42.585285186767571 0.9990701973438264 0.9937499761581422 300.50000000000006 324.50000000000006 -0.98321744799613942 0.96904698014259349 67.79730606079103 0.17435361444950107 0.99168354272842418 22.500000000000004 17.000000000000004 23.44999980926514 20.000249862670902 986.75000000000011 14.84999990463257 0.65000000596046459 15.849634647369387 15.449999809265138 75.500000000000014 80.500000000000014 -0.52765738964080799 0.9996619224548341 247.50000000000003
decision_type=2 2 2 2 8 2 2 2 2 2 2 10 2 2 2 2 2 8 2 2 2 10 10 2 2 2 2 2
left_child=1 3 -3 5 20 6 10 9 -9 -8 11 14 13 -12 -1 -11 -14 -6 24 -20 21 -5 -7 -24 25 -19 -25 -26
right_child=-2 2 -4 4 17 22 7 8 -10 15 12 -13 16 -15 -16 -17 -18 18 19 -21 -22 -23 23 26 27 -27 -28 -29
leaf_value=-0.062017154996933631 -0.27160827349686173 0.62684550264773675 -0.086658957408160403 -0.17404272733968337 0.22578372705309724 0.017085716818857045 0.40170036045675073 1.2449552901024405 -0.08924273800862019 -0.17719885202950753 0.056268169707717128 0.5582601883442001 -0.11509947700644803 -0.28739648847091642 0.013249821397835046 0.12985733551005457 -0.32163748191959035 -0.0069014446871151379 -0.024410863843116644 -0.32894773160902119 -0.090335335892879023 -0.45814551802621045 -0.036846170957884283 -0.31674101699814095 -0.030023971854860537 0.13790119258821265 -0.17354584085319577 -0.13873963059710684
leaf_weight=3649 185 155 147 183 152 173 159 189 214 666 1481 154 1131 240 38805 284 455 671 166 194 242 146 167 177 1302 181 213 173
leaf_count=3649 185 155 147 183 152 173 159 189 214 666 1481 154 1131 240 38805 284 455 671 166 194 242 146 167 177 1302 181 213 173
internal_value=0.000991933 0.00196427 0.27955 0.000338537 -0.0577486 0.00445171 0.00654927 0.131579 0.536486 -0.0155639 0.00243197 0.00877383 -0.0792774 0.0083413 0.00678046 -0.0854044 -0.174354 -0.0268809 -0.0411747 -0.188528 -0.211219 -0.300129 -0.131822 -0.178071 -0.0183775 0.0238613 -0.238541 -0.0427761
internal_weight=52054 51869 302 51567 3410 48157 47427 1512 403 1109 45915 42608 3307 1721 42454 950 1586 2839 2687 360 571 329 730 557 2327 852 390 1475
internal_count=52054 51869 302 51567 3410 48157 47427 1512 403 1109 45915 42608 3307 1721 42454 950 1586 2839 2687 360 571 329 730 557 2327 852 390 1475
is_linear=0
shrinkage=0.03


Tree=178
num_leaves=39
num_cat=0
split_feature=195 96 198 201 36 189 191 208 185 187 189 189 36 189 203 202 207 208 96 200 207 197 207 193 205 203 202 200 198 200 76 197 201 198 202 204 208 96
split_gain=14640.2 17291.1 17151.7 36871 27503.2 24247.9 74734.6 69811.7 24912.9 45765.6 29785.6 68282.5 187824 38309.5 21172.9 37360.3 16376.2 16078.6 13978.8 10635.1 10569.1 10318.9 9305.81 8790.61 7798.92 6308.65 6608.15 6239.59 5274.56 4649.82 3067.9 2356.37 2252.73 2244.96 2062.74 1812.92 2891.65 1346.55
threshold=1.0000000180025095e-35 40.42597961425782 14.449999809265138 3797.5000000000005 239.96589660644534 192.01104736328128 28.30030727386475 -0.57077232003211964 2063.799926757813 12.500000000000002 128.50000000000003 114.49506759643556 256.50225830078131 98.500000000000014 0.1650413200259209 -0.96811076998710621 0.65883702039718639 0.25829915702342993 23.403811454772953 25.849999427795414 0.73865729570388805 976.45001220703136 0.9937499761581422 33.250000000000007 1.0000000180025095e-35 0.55191597342491161 -0.95368063449859608 27.150000572204593 5.1499998569488534 26.650000572204593 41.249647140502937 971.64999389648449 297.50000000000006 15.550000190734865 -0.66259482502937306 17.000000000000004 -0.99907308816909779 31.375795364379886
decision_type=2 10 2 2 10 10 10 2 10 10 10 10 10 10 2 2 2 2 8 2 2 2 2 2 2 2 2 2 2 2 10 2 2 2 2 2 2 10
left_child=2 19 3 5 17 8 7 -7 10 -10 11 13 -13 -1 22 -16 -6 25 -19 20 35 -18 -12 24 -23 26 31 33 -22 -26 -30 -4 -3 -28 -27 36 -2 -33
right_child=1 32 4 -5 16 6 -8 -9 9 -11 14 12 -14 -15 15 -17 21 18 -20 -21 28 23 -24 -25 29 34 27 -29 30 -31 -32 37 -34 -35 -36 -37 -38 -39
leaf_value=0.011614042333034983 -0.070362590186468926 -0.19511256852095654 0.013332477651344973 0.39963515279220069 0.044148737967544399 0.065698665123007649 -0.24099059114841634 0.97510843368177802 0.63279978620273691 -0.035409496680484591 -0.19479306069111932 0.08823298264754699 1.2423740235502154 -0.15821404908755576 0.43276408762896795 -0.051569048226295461 -0.4577057680723684 0.048946113036132034 0.39590109497954956 0.20436449431418097 -0.28944405646941956 -0.37793379848374914 0.04618239469993346 -0.017160457296306504 -0.26984135273805698 -0.20626102868704413 0.10555114311175612 0.23283934561116346 -0.19603198466767219 -0.033983857938070003 -0.0454906441164259 -0.15319464858827406 -0.36179950177686743 -0.034870299420180259 -0.069800714106384193 -0.084550959804365056 0.013818374058336672 -0.042647088777358316
leaf_weight=38253 491 146 181 219 234 155 195 149 161 216 1252 890 148 1234 153 2268 158 350 149 156 184 245 163 194 148 222 148 145 196 153 322 289 146 333 181 319 1457 151
leaf_count=38253 491 146 181 219 234 155 195 149 161 216 1252 890 148 1234 153 2268 158 350 149 156 184 245 163 194 148 222 148 145 196 153 322 289 146 333 181 319 1457 151
internal_value=0.00233078 -0.0576978 0.00653946 0.0113208 -0.0597031 0.00944086 0.217408 0.511447 0.00712118 0.249961 0.00505735 0.0126205 0.252803 0.00630673 -0.0748424 -0.0209589 -0.179378 0.00333667 0.152552 -0.0370683 -0.0497546 -0.237624 -0.167034 -0.190628 -0.252261 -0.0417901 -0.00844164 0.0603414 -0.151471 -0.14996 -0.102455 -0.077779 -0.278466 0.0083367 -0.144976 -0.0182565 -0.00739976 -0.115259
internal_weight=52154 3417 48737 45456 3281 45237 499 304 44738 377 44361 40525 1038 39487 3836 2421 1132 2149 499 3125 2969 898 1415 740 546 1650 1247 626 702 301 518 621 292 481 403 2267 1948 440
internal_count=52154 3417 48737 45456 3281 45237 499 304 44738 377 44361 40525 1038 39487 3836 2421 1132 2149 499 3125 2969 898 1415 740 546 1650 1247 626 702 301 518 621 292 481 403 2267 1948 440
is_linear=0
shrinkage=0.03


Tree=179
num_leaves=30
num_cat=0
split_feature=198 208 198 199 15 200 123 204 198 193 199 95 193 200 132 196 194 202 191 168 191 196 198 196 202 194 208 202 183
split_gain=15411.8 31605.9 28935.1 111170 33036.6 19653.2 29328 23398.7 16461.9 15894.1 19924.4 15788.4 15906.9 243062 76103.9 47982.8 28991.9 22206.4 19114 45650.5 40777.5 18635.3 14076 12074.8 11412.7 10747.7 5694.49 5174.07 3277.68
threshold=1.4499999880790713 0.48877522349357611 2.1499999761581425 109.50000000000001 125.46180725097658 5.1499998569488534 13.76558828353882 21.000000000000004 1.0500000119209292 32.149999618530281 344.50000000000006 80.888408660888686 35.250000000000007 8.4499998092651385 -44.19189262390136 69.500000000000014 22.500000000000004 -0.84335932135581959 12.750000000000002 2.2088115215301518 13.34999990463257 24.500000000000004 1.0500000119209292 61.500000000000007 0.33379416167736059 20.500000000000004 0.40418040752410894 0.44618082046508795 92.350727081298842
decision_type=2 2 2 2 10 2 10 2 2 2 2 8 2 2 10 2 2 2 8 2 8 2 2 2 2 2 2 2 10
left_child=1 8 3 -2 26 6 7 9 27 10 24 12 16 -14 15 -15 17 21 19 -18 -20 -7 28 -8 -4 -19 -5 -1 -3
right_child=2 22 5 4 -6 11 23 -9 -10 -11 -12 -13 13 14 -16 -17 18 25 20 -21 -22 -23 -24 -25 -26 -27 -28 -29 -30
leaf_value=-0.24849798495290948 0.7995863224934967 -0.1740488260340618 -0.17836205276183362 -0.25613296926502055 0.37178270101054556 -0.11935823355936212 -0.50355317382382714 0.29776657820237412 -0.48493643740814629 0.16522358258136469 0.22453951913692249 0.30321025521890688 1.0631393018994586 -0.073632348757078386 0.5839709997971132 0.24425992754148559 -0.019992352663769704 -0.17897774367532382 0.50069398641820995 -0.61796291329404929 0.0051669491119551948 0.16350402466696251 0.24181244547773664 -0.15922880735317141 -0.023416137421903224 -0.4674586495349029 -0.043113056688985865 -0.017777949353404422 0.01303864852682798
leaf_weight=196 198 149 1148 221 146 892 178 173 202 242 164 160 207 2906 194 501 502 290 150 149 40908 274 214 189 682 194 231 158 194
leaf_count=196 198 149 1148 221 146 892 178 173 202 242 164 160 207 2906 194 501 502 290 150 149 40908 274 214 189 682 194 231 158 194
internal_value=0.00159886 -0.108835 0.00401372 0.183467 -0.0205407 0.00116265 -0.0764175 -0.0383568 -0.268843 -0.0643641 -0.0922286 0.0057132 0.00470396 0.0634915 0.00602499 -0.0268856 -0.000459056 -0.123796 0.00442013 -0.156863 0.00697742 -0.0528869 0.0508876 -0.32624 -0.120618 -0.294616 -0.147271 -0.145526 -0.068234
internal_weight=52012 1113 50899 796 598 50103 2776 2409 556 2236 1994 47327 47167 3808 3601 3407 43359 1650 41709 651 41058 1166 557 367 1830 484 452 354 343
internal_count=52012 1113 50899 796 598 50103 2776 2409 556 2236 1994 47327 47167 3808 3601 3407 43359 1650 41709 651 41058 1166 557 367 1830 484 452 354 343
is_linear=0
shrinkage=0.03


Tree=180
num_leaves=39
num_cat=0
split_feature=198 198 199 208 207 81 202 199 199 95 207 199 194 206 207 95 163 185 202 191 191 198 19 202 90 198 201 95 186 193 193 201 207 22 199 14 193 56
split_gain=14852.5 28061.3 111098 28009.8 25776.4 15470.3 25151.8 26414.9 35948.2 23567.4 31737.9 29756 26192.3 22775.1 43406.7 32146.4 21529.8 58986.1 23433.9 39418.8 105388 18912.4 15622.6 14993.1 12721.4 11677.7 11047.9 15796 11008.2 10691.2 11605.6 10447.3 13424.6 10661.9 10207.1 9890.51 9243.04 8639.08
threshold=1.4499999880790713 2.1499999761581425 109.50000000000001 0.48877522349357611 0.83849048614501964 19.283499717712406 0.99901017546653759 259.50000000000006 261.50000000000006 37.291955947875984 -0.94423642754554737 252.50000000000003 63.500000000000007 0.68301269412040722 0.9159645438194276 32.29594802856446 391.59500122070318 74.267734527587905 0.94828754663467418 20.550000190734867 16.707979202270511 9.7500000000000018 0.67902401089668285 0.44618082046508795 13.712500095367433 1.0500000119209292 1972.5000000000002 17.409707069396976 0.31390511989593511 22.849999427795414 31.150000572204593 832.50000000000011 0.94978111982345592 354.00000000000006 289.50000000000006 183.56250000000003 26.750000000000004 83.097732543945327
decision_type=2 2 2 2 2 2 2 2 2 8 2 2 2 2 2 8 2 8 2 8 10 2 10 2 10 2 2 10 10 2 2 2 2 10 2 8 2 10
left_child=3 2 -2 23 24 16 7 9 -9 22 12 -12 -11 14 -10 -15 26 -18 19 20 -19 -21 28 36 -4 -5 31 -28 -7 -20 -31 33 37 35 -34 -3 -1 -33
right_child=1 5 4 25 -6 6 -8 8 13 10 11 -13 -14 15 -16 -17 17 18 29 21 -22 -23 -24 -25 -26 -27 27 -29 -30 30 -32 32 34 -35 -36 -37 -38 -39
leaf_value=-0.20934556961721421 0.79711931472331143 0.01474104073654053 -0.018776559652669885 -0.063257758375165798 -0.21709049027350791 0.00086568922786573702 0.28551757161628943 0.36314025147659174 -0.009089608841474868 -0.080395954032316641 -0.11576675188779818 -0.5335648303887276 0.39611548802229124 0.010003427007216684 0.12014333666726731 -0.17904730067462113 0.60282570519562351 0.024101957361723221 0.1101767854588618 0.095879725509870145 1.0219897752214999 -0.15836807936190042 0.25731319774988942 -0.020250010079593331 0.37725260451866965 0.22302151064786166 0.37181849799029459 0.053875747703549179 -0.082369971006924725 -0.24766883828770414 0.059906971230222032 0.0054729653159461588 0.0010971165653694095 0.13975852543982986 -0.21696523508596985 -0.099014552898050709 -0.50347206427457014 -0.2258822151737768
leaf_weight=187 198 12782 147 337 303 4723 252 253 10213 222 3727 160 195 1987 3034 1366 193 274 182 1335 146 328 182 167 145 207 162 1066 2051 372 157 2310 287 582 591 727 198 155
leaf_count=187 198 12782 147 337 303 4723 252 253 10213 222 3727 160 195 1987 3034 1366 193 274 182 1335 146 328 182 167 145 207 162 1066 2051 372 157 2310 287 582 591 727 198 155
internal_value=0.00217124 0.0045283 0.181588 -0.107093 -0.0232528 0.00172088 -0.0128556 -0.0155303 0.00823937 -0.0511066 -0.106283 -0.132966 0.142436 0.00283012 0.020509 -0.0670153 0.0208193 0.0955988 0.0605593 0.111319 0.371003 0.0457326 -0.0169664 -0.257649 0.177886 0.045677 0.0088502 0.0958222 -0.024336 -0.0881496 -0.156384 0.00272407 -0.0449548 0.0140356 -0.145685 0.00861908 -0.36062 -0.00907537
internal_weight=51903 50807 793 1096 595 50014 28365 28113 16853 11260 4304 3887 417 16600 13247 3353 21649 2987 2794 2083 420 1663 6956 552 292 544 18662 1228 6774 711 529 17434 3343 14091 878 13509 385 2465
internal_count=51903 50807 793 1096 595 50014 28365 28113 16853 11260 4304 3887 417 16600 13247 3353 21649 2987 2794 2083 420 1663 6956 552 292 544 18662 1228 6774 711 529 17434 3343 14091 878 13509 385 2465
is_linear=0
shrinkage=0.03


Tree=181
num_leaves=39
num_cat=0
split_feature=198 132 197 199 208 199 202 197 197 76 114 198 202 198 16 55 199 94 76 197 200 200 114 189 198 96 80 198 202 5 208 94 197 197 208 198 199 208
split_gain=14135.7 14128.6 19380.8 46170.3 37616.6 175517 48858.9 28086.9 58975.4 105658 34202.8 25977 30874.1 25973.8 22937.1 41595 19747.7 19595.2 18644.3 17101 15139.8 14452.8 12681.9 12367.1 11642 11604.7 11064.3 9032.77 22915.9 9953.61 8896.53 7703.11 5982.19 5575.56 5437.1 4819.54 4761.17 3521.44
threshold=19.300000190734867 -36.642597198486321 989.75000000000011 137.50000000000003 0.66367807984352123 323.50000000000006 -0.061046212911605828 987.14999389648449 986.95001220703136 47.05285835266114 -457.25280761718744 2.2500000000000004 0.99901017546653759 5.0499999523162851 186.91627502441409 96.793743133544936 283.50000000000006 27.154361724853519 41.491182327270515 980.35000610351574 10.449999809265138 11.84999990463257 -565.72863769531239 1.0000000180025095e-35 7.5499999523162851 33.930976867675788 8.9789996147155779 10.650000095367433 -0.95368063449859608 443.00000000000006 0.87709078192710888 23.45152568817139 992.25000000000011 991.95001220703136 0.83730375766754161 4.0499999523162851 128.50000000000003 0.8891749680042268
decision_type=2 10 2 2 2 2 2 2 2 8 8 2 2 2 10 10 2 10 10 2 2 2 8 10 2 10 2 2 2 8 2 8 2 2 2 2 2 2
left_child=1 2 7 13 5 18 14 8 11 24 31 16 19 33 21 -16 22 26 -5 -13 -15 -6 -1 -3 -10 -2 -12 29 -29 -19 34 -9 -32 -4 -25 -36 -28 -34
right_child=25 23 3 4 6 -7 -8 10 9 -11 17 12 -14 20 15 -17 -18 27 -20 -21 -22 -23 -24 30 -26 -27 36 28 -30 -31 32 -33 37 -35 35 -37 -38 -39
leaf_value=-0.22247474567236819 -0.036904908705111573 0.16109244045813531 -0.050313634979016024 0.16713854923018506 -0.090302319085036151 1.1592842383475168 0.55604302062196798 -0.17253463963674182 -0.13711231245916181 0.99352117240382543 0.2524668011002501 -0.014664671045184111 0.32505090375204621 -0.47214772136887534 0.44226370321468933 -0.10380513691773173 -0.42938343013581998 -0.02869127724812183 -0.22502391609817926 0.027605015487970733 -0.13825327874973711 0.050150116714112618 -0.0028246811708758034 -0.035958287639712823 0.21261491544996564 -0.36094838876939372 -0.08404775549809522 0.14462117028840771 -0.25466777711721111 -0.16823397236646948 -0.10115279480943 -0.38223884747476244 0.098348963572168574 0.16109462644312289 -0.069317260402772321 -0.21758440257893291 0.040844317878962179 -0.060525779165067864
leaf_weight=370 234 198 307 277 880 163 174 356 166 152 201 16328 278 214 319 207 172 2813 180 18233 285 2630 656 347 177 173 336 166 586 550 448 283 378 177 278 680 1506 188
leaf_count=370 234 198 307 277 880 163 174 356 166 152 201 16328 278 214 319 207 172 2813 180 18233 285 2630 656 347 177 173 336 166 586 550 448 283 378 177 278 680 1506 188
internal_value=0.00145615 0.00284365 0.00639436 0.0578306 0.0959729 0.314135 0.0638437 -0.000506308 0.0099122 0.33514 -0.0565029 0.00544482 0.0101681 -0.129581 0.0426227 0.227367 -0.13191 -0.0348244 0.012674 0.00763511 -0.281453 0.0149367 -0.0820374 -0.0664801 0.0433589 -0.174649 0.0411253 -0.0725317 -0.166526 -0.0515132 -0.0859114 -0.265413 -0.0192503 0.0269997 -0.137707 -0.174561 0.0180622 0.045577
internal_weight=52066 51659 49142 5813 4830 620 4210 43329 36532 495 6797 36037 34839 983 4036 526 1198 6158 457 34561 499 3510 1026 2517 343 407 2043 4115 752 3363 2319 639 1014 484 1305 958 1842 566
internal_count=52066 51659 49142 5813 4830 620 4210 43329 36532 495 6797 36037 34839 983 4036 526 1198 6158 457 34561 499 3510 1026 2517 343 407 2043 4115 752 3363 2319 639 1014 484 1305 958 1842 566
is_linear=0
shrinkage=0.03


end of trees

feature_importances:
Column_207=516
Column_193=378
Column_194=369
Column_201=358
Column_197=322
Column_199=298
Column_96=295
Column_203=291
Column_198=285
Column_200=282
Column_208=260
Column_204=240
Column_202=225
Column_95=193
Column_205=171
Column_196=162
Column_97=157
Column_94=144
Column_36=137
Column_141=117
Column_189=115
Column_80=107
Column_76=98
Column_185=86
Column_183=83
Column_206=80
Column_123=79
Column_209=77
Column_85=73
Column_191=70
Column_56=69
Column_187=67
Column_16=52
Column_114=52
Column_132=52
Column_99=51
Column_35=47
Column_75=46
Column_86=42
Column_93=41
Column_77=39
Column_190=39
Column_55=35
Column_82=35
Column_90=33
Column_59=30
Column_105=30
Column_181=30
Column_79=28
Column_92=28
Column_84=27
Column_195=26
Column_91=24
Column_57=23
Column_157=23
Column_163=23
Column_81=22
Column_87=20
Column_88=20
Column_54=19
Column_161=19
Column_192=19
Column_186=18
Column_129=16
Column_160=16
Column_188=16
Column_74=15
Column_151=15
Column_155=15
Column_166=15
Column_140=14
Column_173=14
Column_34=13
Column_100=13
Column_149=13
Column_162=13
Column_19=12
Column_83=12
Column_131=12
Column_167=12
Column_175=12
Column_15=11
Column_37=11
Column_39=11
Column_40=11
Column_98=11
Column_169=11
Column_172=11
Column_89=10
Column_122=10
Column_139=10
Column_28=9
Column_52=9
Column_68=9
Column_179=9
Column_184=9
Column_5=8
Column_14=8
Column_45=8
Column_50=8
Column_104=8
Column_109=8
Column_120=8
Column_146=8
Column_20=7
Column_42=7
Column_47=7
Column_60=7
Column_124=7
Column_144=7
Column_147=7
Column_176=7
Column_10=6
Column_11=6
Column_33=6
Column_46=6
Column_49=6
Column_62=6
Column_72=6
Column_102=6
Column_164=6
Column_165=6
Column_170=6
Column_180=6
Column_7=5
Column_9=5
Column_17=5
Column_22=5
Column_27=5
Column_29=5
Column_32=5
Column_48=5
Column_51=5
Column_63=5
Column_65=5
Column_66=5
Column_71=5
Column_78=5
Column_103=5
Column_113=5
Column_142=5
Column_145=5
Column_156=5
Column_168=5
Column_8=4
Column_12=4
Column_18=4
Column_26=4
Column_31=4
Column_44=4
Column_58=4
Column_69=4
Column_112=4
Column_115=4
Column_154=4
Column_158=4
Column_177=4
Column_178=4
Column_2=3
Column_4=3
Column_23=3
Column_25=3
Column_30=3
Column_43=3
Column_64=3
Column_70=3
Column_73=3
Column_101=3
Column_111=3
Column_125=3
Column_148=3
Column_171=3
Column_13=2
Column_53=2
Column_67=2
Column_106=2
Column_107=2
Column_118=2
Column_136=2
Column_138=2
Column_210=2
Column_0=1
Column_3=1
Column_6=1
Column_24=1
Column_38=1
Column_61=1
Column_110=1
Column_121=1
Column_126=1
Column_133=1
Column_134=1
Column_143=1
Column_150=1
Column_152=1
Column_153=1
Column_182=1

parameters:
[boosting: gbdt]
[objective: regression]
[metric: l2]
[tree_learner: serial]
[device_type: cpu]
[data_sample_strategy: bagging]
[data: ]
[valid: ]
[num_iterations: 150]
[learning_rate: 0.03]
[num_leaves: 39]
[num_threads: 8]
[seed: 0]
[deterministic: 0]
[force_col_wise: 0]
[force_row_wise: 0]
[histogram_pool_size: -1]
[max_depth: 8]
[min_data_in_leaf: 145]
[min_sum_hessian_in_leaf: 0.001]
[bagging_fraction: 0.939299]
[pos_bagging_fraction: 1]
[neg_bagging_fraction: 1]
[bagging_freq: 1]
[bagging_seed: 3]
[bagging_by_query: 0]
[feature_fraction: 0.629109]
[feature_fraction_bynode: 1]
[feature_fraction_seed: 2]
[extra_trees: 0]
[extra_seed: 6]
[early_stopping_round: 0]
[early_stopping_min_delta: 0]
[first_metric_only: 0]
[max_delta_step: 0]
[lambda_l1: 0.0129666]
[lambda_l2: 0.00936093]
[linear_lambda: 0]
[min_gain_to_split: 0.235931]
[drop_rate: 0.1]
[max_drop: 50]
[skip_drop: 0.5]
[xgboost_dart_mode: 0]
[uniform_drop: 0]
[drop_seed: 4]
[top_rate: 0.2]
[other_rate: 0.1]
[min_data_per_group: 100]
[max_cat_threshold: 32]
[cat_l2: 10]
[cat_smooth: 10]
[max_cat_to_onehot: 4]
[top_k: 20]
[monotone_constraints: ]
[monotone_constraints_method: basic]
[monotone_penalty: 0]
[feature_contri: ]
[forcedsplits_filename: ]
[refit_decay_rate: 0.9]
[cegb_tradeoff: 1]
[cegb_penalty_split: 0]
[cegb_penalty_feature_lazy: ]
[cegb_penalty_feature_coupled: ]
[path_smooth: 0]
[interaction_constraints: ]
[verbosity: -1]
[saved_feature_importance_type: 0]
[use_quantized_grad: 0]
[num_grad_quant_bins: 4]
[quant_train_renew_leaf: 0]
[stochastic_rounding: 1]
[linear_tree: 0]
[max_bin: 255]
[max_bin_by_feature: ]
[min_data_in_bin: 3]
[bin_construct_sample_cnt: 200000]
[data_random_seed: 1]
[is_enable_sparse: 1]
[enable_bundle: 1]
[use_missing: 1]
[zero_as_missing: 0]
[feature_pre_filter: 0]
[pre_partition: 0]
[two_round: 0]
[header: 0]
[label_column: ]
[weight_column: ]
[group_column: ]
[ignore_column: ]
[categorical_feature: ]
[forcedbins_filename: ]
[precise_float_parser: 0]
[parser_config_file: ]
[objective_seed: 5]
[num_class: 1]
[is_unbalance: 0]
[scale_pos_weight: 1]
[sigmoid: 1]
[boost_from_average: 1]
[reg_sqrt: 0]
[alpha: 0.9]
[fair_c: 1]
[poisson_max_delta_step: 0.7]
[tweedie_variance_power: 1.5]
[lambdarank_truncation_level: 30]
[lambdarank_norm: 1]
[label_gain: ]
[lambdarank_position_bias_regularization: 0]
[eval_at: ]
[multi_error_top_k: 1]
[auc_mu_weights: ]
[num_machines: 1]
[local_listen_port: 12400]
[time_out: 120]
[machine_list_filename: ]
[machines: ]
[gpu_platform_id: -1]
[gpu_device_id: -1]
[gpu_device_id_list: ]
[gpu_use_dp: 0]
[num_gpu: 1]

end of parameters

pandas_categorical:null
