tree
version=v4
num_class=1
num_tree_per_iteration=1
label_index=0
max_feature_idx=210
objective=regression
feature_names=Column_0 Column_1 Column_2 Column_3 Column_4 Column_5 Column_6 Column_7 Column_8 Column_9 Column_10 Column_11 Column_12 Column_13 Column_14 Column_15 Column_16 Column_17 Column_18 Column_19 Column_20 Column_21 Column_22 Column_23 Column_24 Column_25 Column_26 Column_27 Column_28 Column_29 Column_30 Column_31 Column_32 Column_33 Column_34 Column_35 Column_36 Column_37 Column_38 Column_39 Column_40 Column_41 Column_42 Column_43 Column_44 Column_45 Column_46 Column_47 Column_48 Column_49 Column_50 Column_51 Column_52 Column_53 Column_54 Column_55 Column_56 Column_57 Column_58 Column_59 Column_60 Column_61 Column_62 Column_63 Column_64 Column_65 Column_66 Column_67 Column_68 Column_69 Column_70 Column_71 Column_72 Column_73 Column_74 Column_75 Column_76 Column_77 Column_78 Column_79 Column_80 Column_81 Column_82 Column_83 Column_84 Column_85 Column_86 Column_87 Column_88 Column_89 Column_90 Column_91 Column_92 Column_93 Column_94 Column_95 Column_96 Column_97 Column_98 Column_99 Column_100 Column_101 Column_102 Column_103 Column_104 Column_105 Column_106 Column_107 Column_108 Column_109 Column_110 Column_111 Column_112 Column_113 Column_114 Column_115 Column_116 Column_117 Column_118 Column_119 Column_120 Column_121 Column_122 Column_123 Column_124 Column_125 Column_126 Column_127 Column_128 Column_129 Column_130 Column_131 Column_132 Column_133 Column_134 Column_135 Column_136 Column_137 Column_138 Column_139 Column_140 Column_141 Column_142 Column_143 Column_144 Column_145 Column_146 Column_147 Column_148 Column_149 Column_150 Column_151 Column_152 Column_153 Column_154 Column_155 Column_156 Column_157 Column_158 Column_159 Column_160 Column_161 Column_162 Column_163 Column_164 Column_165 Column_166 Column_167 Column_168 Column_169 Column_170 Column_171 Column_172 Column_173 Column_174 Column_175 Column_176 Column_177 Column_178 Column_179 Column_180 Column_181 Column_182 Column_183 Column_184 Column_185 Column_186 Column_187 Column_188 Column_189 Column_190 Column_191 Column_192 Column_193 Column_194 Column_195 Column_196 Column_197 Column_198 Column_199 Column_200 Column_201 Column_202 Column_203 Column_204 Column_205 Column_206 Column_207 Column_208 Column_209 Column_210
feature_infos=[1:1500] [1:1500] [0.5:1500] [0:1500] [0.5:1500] [0:1288.5] [0:1288.5] [1:1288.5] [1:1288.5] [0:1288.5] [1:1288.5] [1:1288.5] [0:1288.5] [2.4166667461395264:1232.4166259765625] [4.7604165077209473:726.66668701171875] [11.04228401184082:496.79229736328125] [12.910298347473145:370.08206176757812] [1.9663363695144653:466.06927490234375] [-1136:1366] [0.039224617183208466:1.3870149850845337] [3.75:2000] [3.75:2000] [3:1748] [1:2000] [3:1748] [1:1552.5] [3:1552.5] [2:1552.5] [1:1552.5] [3:1552.5] [3:1552.5] [5:1552.5] [3:1552.5] [5.0500001907348633:1474.9166259765625] [12.586913108825684:883.8125] [25:627.90625] [32.179897308349609:509.86441040039062] [0:567.540283203125] [-1693:1669] [0:1.1964653730392456] [0.10000000149011612:348.29998779296875] [0.10000000149011612:348.29998779296875] [0:311.29998779296875] [0:312.5] [0:311.29998779296875] [0.89999997615814209:317.14999389648438] [0.89999997615814209:326.1669921875] [0.89999997615814209:326.1669921875] [0.86699998378753662:326.1669921875] [0.89999997615814209:326.1669921875] [0.86699998378753662:326.1669921875] [0.89999997615814209:326.1669921875] [0.89999997615814209:326.1669921875] [2.2679998874664307:311.25] [4.5470590591430664:291.428955078125] [5.8190832138061523:285.57891845703125] [8.0361385345458984:251.81298828125] [0.72948324680328369:90.892982482910156] [-214.14999389648438:283.79998779296875] [0.032343115657567978:1.7639777660369873] [0:221.60000610351562] [0:221.60000610351562] [0.083999998867511749:392.10000610351562] [0:283.96701049804688] [0.083999998867511749:392.10000610351562] [0:356] [0:356] [0:356] [0:356] [0:356] [0:356] [0:356] [0:356] [0.1666666716337204:190.71116638183594] [1.1050000190734863:146.61659240722656] [1.2124999761581421:116.1314697265625] [1.7484614849090576:101.43033599853516] [0.1539171040058136:135.73678588867188] [-165.76699829101562:138.625] [0.071207791566848755:2.2021958827972412] [0.10000000149011612:103.47499847412109] [0.10000000149011612:103.47499847412109] [0:124] [0.10000000149011612:138.625] [0:124] [0:124.5] [0:103.30000305175781] [0:124.5] [0:124.5] [0:124.5] [0.10000000149011612:124.5] [0.10000000149011612:124.5] [0.10000000149011612:124.5] [0.10000000149011612:107.65567016601562] [0.24687500298023224:65.607688903808594] [1.5839999914169312:54.789394378662109] [1.7478538751602173:48.972579956054688] [0.13178931176662445:37.932216644287109] [-87.692001342773438:76.800003051757812] [0.03969082236289978:1.315308690071106] [7.4000000953674316:436.79998779296875] [7.4000000953674316:436.79998779296875] [15.037500381469727:325.95416259765625] [-392.79998779296875:1132.9000244140625] [-297.62081909179688:385.2449951171875] [-126.359375:184.08375549316406] [0.022330097854137421:3.780707836151123] [0.22549045085906982:4.8438944816589355] [-0.95459306240081787:13.799025535583496] [7.5999999046325684:3218.699951171875] [7.5999999046325684:3218.699951171875] [15.25:2846.754150390625] [-3099.699951171875:1312.199951171875] [-2719.46240234375:428.31500244140625] [-1318.183837890625:291.84088134765625] [0.067426711320877075:6.6362504959106445] [0.072110064327716827:12.041353225708008] [-0.98129171133041382:12.060661315917969] [1.7000000476837158:220.10000610351562] [1.7000000476837158:220.10000610351562] [9.1041669845581055:114.69166564941406] [-164.375:124.32499694824219] [-66.008293151855469:67.536460876464844] [-24.388120651245117:57.471755981445312] [0.061175402253866196:3.7726962566375732] [0.025476116687059402:4.2715368270874023] [-0.88042312860488892:6.9967532157897949] [0:283] [0:283] [35.583332061767578:156.54167175292969] [-242:92.699996948242188] [-128.82028198242188:7.3843998908996582] [-92.2713623046875:-11.270018577575684] [0:10.144392013549805] [0:3.7744808197021484] [-0.9664948582649231:18.540000915527344] [6.0999999046325684:156.69999694824219] [6.0999999046325684:156.69999694824219] [10.270833015441895:103.25] [-148.44999694824219:73.175003051757812] [-92.239166259765625:22.065235137939453] [-51.397968292236328:6.4515032768249512] [0.015858620405197144:4.1304349899291992] [0.32929542660713196:2.5789103507995605] [-0.91805815696716309:2.7294371128082275] [0.20000000298023224:28.5] [0.40000000596046448:43.5] [-1:1] [-1:1] [0:632.239990234375] [0:6.4508495330810547] [0:396.760009765625] [0:50] [0:3.9318256378173828] [0:50] [0:3084.97998046875] [0:8.0346240997314453] [0:3084.97998046875] [0:317] [0:5.7620515823364258] [0:317] [0:6691.919921875] [0:8.8088054656982422] [0:5606.81982421875] [0:803] [0:6.6895990371704102] [0:557] [0:2196.330078125] [0:7.6949982643127441] [0:2196.330078125] [0:193.86000061035156] [0:5.2722811698913574] [0:193.86000061035156] [0:5641.81982421875] [0:8.6381387710571289] [0:3860.27001953125] [0:488.95001220703125] [0:6.1943035125732422] [0:457.010009765625] [0:1] [0:202.57664489746094] [1:167] [0:1] [6:884] [0.042873304337263107:16.085470199584961] [6.0999999046325684:3270.800048828125] [0.011505793780088425:35.924041748046875] [1.7999999523162842:318.69400024414062] [0.024751987308263779:12.502806663513184] [0:423.96121215820312] [0:8.1145496368408203] [3.1375000476837158:185.93400573730469] [0.066306956112384796:5.290715217590332] [2.7000000476837158:44.400001525878906] [5:100] [0:14.199999809265137] [0:100] [964.4000244140625:995.20001220703125] [0:29.799999237060547] [1:360] [0:42.400001525878906] [10:5135] [-1:1] [-1:1] [0:22] [-1:1] [-1:1] [-0.99999940395355225:0.99998557567596436] [-0.99997919797897339:0.99999076128005981] [1:12] [0:1]
tree_sizes=7006 7194 7192 7158 7185 7191 7124 7159 7150 7193 7197 7205 7128 7206 7185 7200 7190 7204 7217 7235 7235 7203 7164 7215 7265 7183 7173 7211 7186 7227 7254 7231 3727 3721 3725 3722 3764 3699 3713 3730 3705 3726 3747 3728 3748 3722 3753 3754 3743 3767 3758 3704 3728 3749 3731 3752 3730 3764 3763 3772 3753 3725 3744 3722 3745 3731 3725 3741 3765 3704 3721 3737 3763 3708 3744 3778 3751 3698 3738 3727 3706 3714 3708 3701 3745 3727 3699 3713 3725 3713 3685 3746 3774 3729 3729 3717 3750 3756 3752 3743 3775 3711 3750 3734 3765 3753 3740 3727 3745 3758 3745 3746 3708 3742 3802 3755 3746 3774 3727 3782 3734 3701 3708 3748 3753 3755 3769 3719 3756 3783 3759 3756 3771 3769 3741 3777 3786 3760 3740 3708 3796 3762 3758 3759 3752 3745 3792 3719 3752 3737 3764 3771 3780 3802 3736 3756 3746 3747 3758 3747 3772 3776 3799 3782 3717 3771 3734 3721 3750 3724 3749 3769 3740 3769 3754

Tree=0
num_leaves=80
num_cat=0
split_feature=96 96 204 132 142 77 35 86 94 96 96 35 86 94 207 80 35 90 209 80 85 56 57 48 92 75 194 62 96 30 51 94 80 86 76 96 35 204 29 96 47 114 193 85 90 96 34 85 88 35 90 82 94 207 94 207 57 96 42 193 85 207 194 80 93 194 96 92 194 85 200 32 206 94 86 96 80 68 85
split_gain=1.75561e+07 4.59356e+06 4.04151e+06 5.45206e+06 4.67604e+06 5.91042e+06 4.44334e+06 2.54461e+06 2.38846e+06 1.94704e+06 1.87801e+06 2.73458e+06 3.06151e+06 1.84646e+06 1.53364e+06 999795 956118 933563 916460 898096 883864 853556 939501 745412 781842 632406 589265 566786 535672 1.21004e+06 520364 367652 360092 350841 351172 338144 310339 746758 281003 275020 232590 223744 206967 310712 206862 205532 197615 196628 195746 228160 167312 124993 123020 121289 117897 115208 114923 109275 101919 100697 95285.2 255257 238078 91231.4 87403 358478 81855.7 103298 513753 79162.9 76739.8 69681.4 69428.9 65939.5 65499.6 61976.2 61904.7 61253.1 60148.9
threshold=14.551137924194338 40.390100479125984 10.500000000000002 -124.44892120361327 0.60601139068603527 27.618434906005863 324.40005493164068 10.454999923706056 23.988020896911625 9.2945833206176776 19.927397727966312 287.79019165039068 10.236499786376955 14.513813495635988 0.64579916000366222 42.562500000000007 151.32827758789065 10.477499961853029 10.500000000000002 18.755999565124515 12.506000041961672 64.869487762451186 23.13537693023682 29.878999710083011 11.402499675750734 41.392045974731452 51.500000000000007 26.577500343322757 23.04102993011475 162.50599670410159 29.307499885559086 13.354000091552736 22.833999633789066 11.302500247955324 58.066104888916023 5.1829547882080087 144.99942779541018 8.0000000000000018 220.59400177001956 24.732159614562992 27.427499771118168 164.67273712158206 7.9500000476837167 10.308000087738039 5.5824999809265146 17.752361297607425 382.60417175292974 11.402499675750734 8.7824997901916522 182.29873657226565 47.858499526977546 21.01249980926514 28.365287780761722 0.86975130438804638 18.428458213806156 0.9996619224548341 28.956272125244144 9.2945833206176776 79.480998992919936 5.0499999523162851 7.7014999389648446 -0.27694603800773615 66.500000000000014 30.628999710083011 7.7524166107177743 86.500000000000014 12.608902454376222 5.8010001182556161 87.500000000000014 18.852499961853031 5.8500001430511483 159.04499816894534 -0.25000000000000006 30.302958488464359 11.812500000000002 18.978005409240726 10.601500034332277 10.671000003814699 24.255000114440922
decision_type=10 10 2 10 2 8 8 8 10 8 10 8 10 10 2 2 10 8 2 2 10 10 10 8 8 10 10 10 10 8 10 10 2 8 10 10 8 2 8 10 10 10 8 10 10 10 8 8 8 8 8 8 10 2 10 2 10 10 10 8 10 2 10 2 8 10 10 8 10 8 10 10 2 10 8 10 2 10 8
left_child=9 2 3 4 5 6 7 8 13 35 11 12 30 -2 33 36 -9 18 20 47 23 22 25 -6 -25 -16 52 -18 48 -30 -7 59 54 56 71 -1 37 -3 -31 69 -15 50 43 -33 -13 -22 -8 74 49 -19 -17 78 55 -40 -28 -5 -12 -44 -43 -11 61 -50 -63 -41 65 -59 -61 68 -68 -21 -54 -35 -52 -34 -4 -49 -37 -53 -38
right_child=1 15 19 26 17 10 46 16 -10 31 14 44 -14 40 21 41 27 28 -20 39 45 -23 -24 24 -26 -27 32 -29 29 38 -32 42 73 34 -36 76 51 -39 53 63 -42 58 57 -45 -46 -47 -48 75 60 -51 72 77 70 -55 -56 -57 -58 64 -60 66 -62 62 -64 -65 -66 -67 67 -69 -70 -71 -72 -73 -74 -75 -76 -77 -78 -79 -80
leaf_value=15.122817049547432 20.625078613740861 20.519120037816009 15.500790324679707 16.430922125898135 17.310077745986408 22.649579325586199 17.927721371133718 22.17130684391439 18.389444687098258 16.909879771845461 15.355893517626203 18.321689024695168 17.359675202366997 24.987255494530949 16.624562138112267 17.267924909085181 16.482757730987004 18.844602189089187 16.017711818467546 15.925940889764734 16.049132124244181 15.970195863803921 22.643839852881012 23.679206135238942 18.785111292759836 20.384883208873898 15.734592042886524 20.161668043667223 21.102215350148612 18.218346537195139 26.618547788944674 18.794193681973923 16.25170793884844 16.908696113559614 18.776151980898298 15.32666946893692 15.997518550483042 16.315119996929024 16.144158390447533 16.281810549939088 27.56634632387961 19.916469513196461 16.568043593422349 15.894303641830746 16.12527603355171 18.459747158553483 15.836999425593211 15.785546179602056 15.834216722354562 16.367411391727813 17.319026122209547 17.472464796906358 18.13680610645843 17.448865543048129 16.035233905142331 17.534351653087114 16.686985805791359 15.743492752193667 18.523804579642814 15.528092081787204 15.98901274786725 16.04495818615279 18.506736343325166 16.62088094018802 15.757005530980363 17.848219280373264 15.607364782080708 15.641044575243644 18.789275352135835 16.160202630626159 16.942197558587846 15.809000910279112 18.265278647325356 16.640076204073814 15.756040118085414 15.957657196813782 15.497785553397616 16.765541150569369 16.745000397365125
leaf_weight=36687 232 269 9211 4821 221 268 250 372 225 200 1771 200 385 202 368 925 306 203 650 9144 334 350 243 268 212 286 9961 297 254 368 228 209 6146 353 261 60250 955 349 1367 7013 496 319 658 363 667 205 463 16169 784 391 313 688 228 315 8882 366 268 1343 496 51398 6287 241 342 4828 24648 371 935 14640 226 12022 1303 501 3135 2118 5962 14099 8720 1249 652
leaf_count=36687 232 269 9211 4821 221 268 250 372 225 200 1771 200 385 202 368 925 306 203 650 9144 334 350 243 268 212 286 9961 297 254 368 228 209 6146 353 261 60250 955 349 1367 7013 496 319 658 363 667 205 463 16169 784 391 313 688 228 315 8882 366 268 1343 496 51398 6287 241 342 4828 24648 371 935 14640 226 12022 1303 501 3135 2118 5962 14099 8720 1249 652
internal_value=15.8093 16.3172 16.2272 16.6203 17.3689 18.4113 20.6732 22.045 23.9508 15.4472 17.3649 19.0282 21.3805 25.2921 16.7037 17.6028 19.7814 16.6154 17.8432 15.9504 18.7991 18.4841 19.4637 20.2025 21.5283 18.2735 16.1458 18.299 16.3954 17.204 24.4921 15.6443 16.0211 15.9992 16.8544 15.27 16.9097 18.1497 16.7187 16.1886 26.8342 18.1585 15.8288 16.9572 16.6343 16.9692 16.572 15.7774 16.1693 17.2177 17.9873 16.6928 16.6488 16.3893 15.8763 16.5091 15.5312 15.8049 19.0733 15.5688 16.0878 16.5416 17.4912 16.4201 15.7858 16.2 15.5648 15.6843 16.2288 16.059 17.1215 16.2643 18.1798 16.3513 15.6011 15.8657 15.3483 17.0174 16.3012
internal_weight=343705 143057 133707 55259 21434 8992 2843 2130 1155 200648 6149 1748 881 930 4401 9350 975 12442 1890 78448 1240 1247 897 701 480 654 33825 603 10552 2304 496 94991 27107 3154 1115 105657 4162 618 2050 33007 698 5188 27592 572 867 539 713 45441 8248 594 4373 3544 6718 1682 18843 5187 2039 27020 815 67399 7654 1367 583 11841 26362 1714 67199 15801 1161 21166 1531 854 3448 8264 15173 30268 68970 1937 1607
internal_count=343705 143057 133707 55259 21434 8992 2843 2130 1155 200648 6149 1748 881 930 4401 9350 975 12442 1890 78448 1240 1247 897 701 480 654 33825 603 10552 2304 496 94991 27107 3154 1115 105657 4162 618 2050 33007 698 5188 27592 572 867 539 713 45441 8248 594 4373 3544 6718 1682 18843 5187 2039 27020 815 67399 7654 1367 583 11841 26362 1714 67199 15801 1161 21166 1531 854 3448 8264 15173 30268 68970 1937 1607
is_linear=0
shrinkage=1


Tree=1
num_leaves=80
num_cat=0
split_feature=96 96 97 205 97 101 36 96 93 95 81 97 97 204 94 36 94 94 95 60 205 139 90 94 77 166 114 197 96 96 92 82 94 81 193 59 194 94 194 86 95 94 26 81 35 196 203 19 68 10 95 90 57 193 194 56 81 9 79 181 193 89 36 16 205 194 11 146 94 56 94 92 96 96 92 205 42 22 94
split_gain=1.55436e+07 4.14153e+06 4.25536e+06 1.55415e+07 3.60449e+07 6.58878e+06 3.02502e+06 1.71774e+06 1.08537e+06 1.06893e+06 985415 981013 759415 1.30034e+06 1.76775e+06 429727 386424 340734 288469 234129 232109 226438 316014 369274 708324 210298 209876 192659 185794 179112 305240 170336 155477 145685 138104 130308 124312 118592 117447 95484.6 81391.5 78968 78851.4 76135.2 65828.7 64156.1 63841.4 62203.9 81938.9 151356 60879.3 60347.1 60753.9 106122 58693.4 57562 56612.3 56203.1 52916.4 52730.2 50418.4 84732 48889.6 46631.9 45837.4 101426 45068.5 66312 42936.2 42519.1 39548.1 37051.8 36706.8 36680.1 36652.1 34873.8 33955 32068 31742.6
threshold=14.551137924194338 40.390100479125984 36.21507644653321 0.93301269412040722 54.202339172363288 22.150000572204593 331.44911193847662 8.3077626228332537 23.065333366394047 21.624119758605961 42.562500000000007 63.294715881347663 36.21507644653321 10.500000000000002 17.343852043151859 123.06286239624025 44.443561553955085 30.302958488464359 12.326422214508058 39.902500152587898 0.93301269412040722 -2.4585000276565547 10.882500171661379 10.071020603179933 29.900869369506839 23.500000000000004 161.01001739501956 990.95001220703136 5.0695102214813241 18.312257766723636 10.508500099182131 4.0009999275207528 36.957334518432624 16.008500099182132 5.0499999523162851 0.1456849277019501 50.500000000000007 15.452107906341555 50.500000000000007 29.088999748229984 34.328315734863288 27.261770248413089 124.02500152587892 20.928999900817875 301.79379272460943 25.500000000000004 0.90992662310600292 0.41304479539394384 36.153501510620124 98.366500854492202 9.2666573524475115 27.005999565124515 30.229197502136234 28.050000190734867 29.500000000000004 16.895620346069339 9.7034997940063494 21.394000053405765 1.2409538030624392 43.000000000000007 16.250000000000004 9.5274996757507342 268.92478942871099 61.693590164184577 0.37940952181816107 52.500000000000007 90.034999847412124 24.050000190734867 15.543064117431642 36.889263153076179 16.965405464172367 28.616499900817875 18.978005409240726 24.248289108276371 11.480000019073488 1.0000000180025095e-35 9.6510000228881854 132.01249694824222 7.116035223007203
decision_type=10 10 2 2 2 10 8 8 8 10 2 2 2 2 8 8 10 10 10 8 2 8 10 10 8 10 10 10 10 10 8 10 8 2 8 10 8 8 10 8 10 10 8 2 10 8 8 10 10 10 10 8 10 8 8 8 2 8 8 2 10 8 8 8 2 8 10 10 10 10 10 10 10 10 10 2 10 10 8
left_child=7 2 9 32 5 6 8 28 31 20 15 -6 18 14 -14 -3 58 43 34 -18 37 38 23 24 -23 -16 35 -28 -1 39 -31 -5 54 46 -9 -12 -24 -2 -22 60 69 70 -32 64 -29 59 -17 -38 -49 57 -36 -35 -53 -54 -4 -34 -56 -50 74 -37 -25 -62 -47 -61 -11 76 67 -67 -40 71 -20 -19 -39 -45 -13 -58 -66 -42 -30
right_child=1 10 3 4 11 -7 -8 12 -10 17 26 16 13 -15 25 33 19 40 41 -21 21 22 36 29 -26 -27 27 44 78 30 42 -33 55 51 50 45 47 72 68 -41 77 -43 -44 73 -46 62 -48 48 49 -51 -52 52 53 -55 56 -57 75 -59 -60 63 61 -63 -64 -65 65 66 -68 -69 -70 -71 -72 -73 -74 -75 -76 -77 -78 -79 -80
leaf_value=-0.6472942877085367 -0.092987930726133566 2.9383729563748582 0.72745711007066383 9.7007566289404572 3.6325764810803687 0.17665516161113634 3.3514827943732293 0.95608569320507075 6.8981848185265076 0.20214500294787299 2.3611185144381825 -0.46008674235410069 7.5558381889944206 -0.31583274367564129 2.2197985931640041 0.17905465098837323 0.41574634886367923 0.70187228111066646 -0.10616947756148558 2.5489949228520783 0.68470873094756113 4.3862471866096762 0.7818493142839108 -0.0985570141092727 0.066567167757607223 -0.38652090264475619 4.4439980220794677 3.2084113137440013 -0.50816641078636138 2.615722777579756 1.4118664814807749 11.673274152267068 1.1697271672945755 0.59382393239043285 -0.35387314607660125 2.5543123748648253 0.013722532562227201 0.052246701716068843 -0.17867317178327338 1.5767362790460238 0.71968180611326882 0.79223334933125122 0.28870385857585917 0.38739204272591837 1.971013971567154 1.6758846772427254 1.3312959211897939 0.16277484833859485 1.2610707671701344 2.0192460178914677 -0.23948826304157708 1.0656910266232664 2.6692680342944168 0.85614500126991222 -0.37398722503860771 0.22272317981120637 -0.17325962986203769 0.16173416635047211 0.62577748162285329 2.4209576341672374 1.5308819793560857 0.24758783586546976 0.71950681868591693 1.369826218155078 1.6392969340708718 0.37692982399547131 0.10556464487374424 1.4356925180244755 0.085938587183205281 0.56626695594506904 0.055038329880071381 1.1848511089400913 0.194334706071038 0.55084407163288462 0.043181226793366639 0.24361294895690222 0.77684265845668921 1.1672723474705813 -0.41238854754824883
leaf_weight=35354 17385 375 229 216 284 260 208 327 217 8271 2416 2469 218 953 231 1251 527 1559 29388 285 889 279 1281 1044 267 214 263 278 30220 378 323 1611 259 614 25213 392 5334 16978 4161 200 776 380 739 9172 368 469 200 3528 211 258 49956 1234 263 210 5136 2085 2928 798 211 219 220 1148 330 518 200 2757 2301 230 4700 4211 6733 910 10652 10756 660 958 936 2315 21261
leaf_count=35354 17385 375 229 216 284 260 208 327 217 8271 2416 2469 218 953 231 1251 527 1559 29388 285 889 279 1281 1044 267 214 263 278 30220 378 323 1611 259 614 25213 392 5334 16978 4161 200 776 380 739 9172 368 469 200 3528 211 258 49956 1234 263 210 5136 2085 2928 798 211 219 220 1148 330 518 200 2757 2301 230 4700 4211 6733 910 10652 10756 660 958 936 2315 21261
internal_value=0.000538861 0.478169 0.39258 1.23611 3.47983 9.22115 10.2648 -0.340466 10.9664 0.256754 1.69545 0.227317 -0.186909 1.10409 3.1425 1.00368 -0.00642428 0.48755 -0.205547 1.1667 0.111978 0.255617 0.394447 0.814344 2.27786 0.968366 2.24128 3.07216 -0.541372 0.616625 1.15367 11.4455 -0.10857 0.81061 -0.272502 2.06675 0.22518 0.0297818 0.0276639 0.32022 0.800454 -0.0670579 0.631313 0.399224 2.50765 1.69685 0.338682 0.154709 0.311507 0.725203 -0.277859 1.10537 1.28891 1.86779 -0.219164 0.327816 -0.24327 0.392646 -0.291891 1.98885 0.215421 0.454933 1.28228 1.68503 0.295575 0.415818 0.305205 0.458908 -0.0383255 0.682448 -0.0761194 0.880292 0.10703 0.475637 -0.353953 -0.0704535 0.929991 1.05517 -0.46862
internal_weight=343558 143110 133710 18543 6948 2512 2252 200448 2044 115167 9400 4436 113613 1616 663 4147 4152 44394 111997 812 70773 25758 16008 4598 546 445 5253 909 86835 4052 1440 1827 11595 3772 75496 4344 11410 45015 9750 2612 9771 36501 1062 34623 646 1928 1451 10129 4795 1267 75169 2321 1707 473 9251 2344 9022 1009 3340 1129 2412 1368 799 737 14695 6424 5288 2987 8861 6680 36121 2469 27630 19928 3129 3886 1136 3091 51481
internal_count=343558 143110 133710 18543 6948 2512 2252 200448 2044 115167 9400 4436 113613 1616 663 4147 4152 44394 111997 812 70773 25758 16008 4598 546 445 5253 909 86835 4052 1440 1827 11595 3772 75496 4344 11410 45015 9750 2612 9771 36501 1062 34623 646 1928 1451 10129 4795 1267 75169 2321 1707 473 9251 2344 9022 1009 3340 1129 2412 1368 799 737 14695 6424 5288 2987 8861 6680 36121 2469 27630 19928 3129 3886 1136 3091 51481
is_linear=0
shrinkage=0.06


Tree=2
num_leaves=80
num_cat=0
split_feature=96 96 97 204 97 100 97 96 93 32 94 80 97 194 36 94 164 94 96 60 96 50 94 114 80 59 197 82 204 132 207 90 36 93 85 96 207 207 194 94 181 204 63 84 97 200 86 113 85 194 94 80 56 80 86 123 97 106 94 94 55 201 208 17 207 204 56 189 194 204 123 114 96 193 97 194 201 193 204
split_gain=1.38809e+07 3.7238e+06 3.99067e+06 1.43221e+07 3.18926e+07 5.08511e+06 2.36751e+06 1.47879e+06 1.29241e+06 991684 966930 789257 549715 1.00994e+06 416374 372362 331705 286271 268813 250396 221142 208652 173657 169664 145322 136444 135734 131995 125065 177308 351816 719760 170605 201723 165823 95531.2 87662.4 85173.1 80504.8 70122.7 68989.3 68351.8 64920.9 61397.4 59913.8 59641.9 58965.2 58495.7 55828.3 218401 55153.3 53728.4 50676.9 49046.2 46265 45501.1 44669.3 44659.5 44296.8 43076.5 41678.5 39728.9 53701.8 48713.7 39556.8 61096.7 38428.5 38045.9 37839.2 49013.1 41543.7 40113.6 37445.8 36304.6 36135.9 35929.4 35174.7 35173.6 34959.2
threshold=14.464246273040773 40.390100479125984 36.21507644653321 8.0000000000000018 48.168771743774421 27.150000572204593 63.294715881347663 9.3664197921752947 24.247550010681156 120.73600006103517 21.350853919982914 42.562500000000007 40.950769424438484 89.500000000000014 123.06286239624025 44.443561553955085 69.500000000000014 30.783332824707035 5.2934453487396249 39.902500152587898 17.880798339843754 47.812500000000007 12.061291217803957 161.01001739501956 14.407499790191652 0.1456849277019501 990.95001220703136 19.102499961853031 8.0000000000000018 -97.997333526611314 0.5986820161342622 12.308000087738039 160.30117034912112 12.304583549499513 5.0209999084472665 24.248289108276371 0.94978111982345592 0.99274429678916942 53.500000000000007 21.350853919982914 43.000000000000007 10.500000000000002 51.042499542236335 7.305000066757203 42.884325027465827 19.94999980926514 27.202500343322757 218.36955261230472 49.913999557495124 84.500000000000014 7.4329395294189462 17.258500099182132 16.895620346069339 62.957500457763679 11.502500057220461 42.703346252441413 4.195552110671998 1.3940123915672304 42.197711944580085 14.111770629882814 35.86015701293946 97.500000000000014 0.18281312286853793 53.589725494384773 0.89787620306015026 10.500000000000002 83.837211608886733 161.25859069824222 74.500000000000014 10.500000000000002 3.8794074058532719 -75.64986419677733 9.4321970939636248 21.750000000000004 12.729717731475832 63.500000000000007 102.50000000000001 21.050000190734867 17.000000000000004
decision_type=10 10 2 2 2 10 2 8 8 8 8 2 2 10 8 10 2 10 10 8 10 10 8 10 2 10 10 8 2 10 2 8 8 10 10 10 2 2 10 10 2 2 10 10 2 8 8 10 8 10 8 2 10 2 10 8 2 8 10 10 10 8 2 8 2 2 10 8 8 2 8 10 10 10 2 10 10 10 2
left_child=7 2 10 4 5 8 9 18 16 -6 20 14 22 41 -3 36 44 35 -1 -17 48 -11 56 25 37 67 -25 42 29 30 32 -32 33 -22 -33 61 -8 54 76 68 53 -14 -16 -29 -4 58 -45 -28 59 -50 -20 -30 -26 -27 -5 -42 -9 -36 64 -2 -48 62 63 -12 66 75 -19 -13 69 70 71 -24 -41 -68 -67 -66 -31 -65 -44
right_child=1 11 3 24 6 -7 15 12 -10 21 17 23 13 -15 27 19 -18 45 50 -21 28 -23 39 26 52 40 47 43 51 38 31 34 -34 -35 57 -37 -38 -39 -40 72 55 -43 78 46 -46 -47 60 -49 49 -51 -52 -53 -54 -55 -56 -57 -58 -59 -60 -61 -62 -63 -64 77 65 74 73 -69 -70 -71 -72 -73 -74 -75 -76 -77 -78 -79 -80
leaf_value=-0.60384910116280044 -0.10475874538360282 2.9224354934790902 10.133659724670121 -0.34902023403995669 7.4488586247145232 0.15443143135955181 -0.3672777281913529 -0.27096945775810444 5.5755361819093663 3.600939928061508 0.45600481039019047 2.1597366457300788 0.93254950018055671 3.6410956170900843 0.10426792141642362 0.37795840015136539 8.2957394951652574 0.5901264303332806 -0.45846578704771895 2.59221589807987 2.5684149548156179 0.91828848331432622 0.9648729081706392 4.024124607983314 1.1251812611953311 1.6760221182897865 2.9157657085814646 1.9355214827340026 0.031212263530141501 0.90833258628451352 3.5696647767730227 2.2708824068540476 0.049885631222528773 0.38998178544604234 0.28302131127183155 0.50113469272588795 0.8975340796251432 0.97016919183585693 0.10116817141367879 0.94384659458356701 1.5302135255632816 -0.25777809113144873 1.5067613435853018 0.52314386462078821 11.192924164036585 0.46213824050438962 0.51809519858110564 1.7746809204394305 0.024544846515300107 1.5823752831234597 -0.35095379456608433 0.23197516682255956 0.17047812479472965 2.7975064198266377 -0.012620404250179375 0.74436164061332999 -0.14164531110418782 1.2340246911703627 1.1789402952024688 0.032572209226432988 1.3823625313748449 0.23637315140142318 0.30171195515312632 1.6643494571612347 1.6026390961464791 0.91719173172972535 0.76016107672719446 3.0372799334508267 -0.14471500766863701 -0.080990207803029804 0.068933221608061687 0.057328262865705075 0.18062965443268511 1.7592171735609474 0.15421111344583666 0.83340614700195736 0.30114834194941448 0.77195232191293972 0.45770366022984182
leaf_weight=38296 12786 362 394 6138 200 202 3043 38899 205 217 1712 2222 225 386 1062 526 210 3556 34882 282 226 202 403 252 213 414 349 270 11440 680 390 204 2783 471 1108 13981 210 204 7247 275 908 749 218 693 1227 1981 252 315 1914 389 33897 8266 3108 219 1936 379 12777 211 1134 23034 1022 13439 5638 223 625 669 368 200 20185 13207 3519 310 1438 205 336 342 696 563 242
leaf_count=38296 12786 362 394 6138 200 202 3043 38899 205 217 1712 2222 225 386 1062 526 210 3556 34882 282 226 202 403 252 213 414 349 270 11440 680 390 204 2783 471 1108 13981 210 204 7247 275 908 749 218 693 1227 1981 252 315 1914 389 33897 8266 3108 219 1936 379 12777 211 1134 23034 1022 13439 5638 223 625 669 368 200 20185 13207 3519 310 1438 205 336 342 696 563 242
internal_value=-0.000244369 0.447536 0.367289 1.18552 3.34598 9.23538 0.528264 -0.324691 10.1358 3.98167 0.237358 1.60358 -0.14879 1.04815 0.981491 0.00102596 10.6431 0.456213 -0.476436 1.15301 0.100969 2.3129 -0.166687 2.09086 -0.103223 1.93332 2.8347 0.793846 0.212891 0.349895 0.619714 1.27312 0.260265 1.099 0.683081 0.378952 -0.285376 -0.237734 0.181093 -0.0716921 1.55379 0.0178694 0.362468 1.08705 10.9419 0.754218 0.969663 2.37792 0.00196413 0.288251 -0.405486 0.115433 0.23203 2.06782 -0.268369 1.29955 -0.238997 0.435973 0.834117 -0.0164498 1.21195 0.299756 0.40441 0.635987 0.769842 0.99118 0.663917 2.23342 -0.0887881 -0.0240502 0.153622 0.570921 0.303633 1.12003 0.662513 1.33173 0.601652 1.02693 0.957056
internal_weight=343961 144513 135134 18517 6918 2238 4680 199448 2036 619 116617 9379 92373 1360 4121 4061 1831 44772 107075 808 71845 419 91013 5258 11599 4342 916 3759 33722 14016 5393 1913 3480 697 1523 35556 3253 8278 8623 39337 1920 974 1522 2237 1621 9216 1967 664 38123 2303 68779 19706 3321 633 8074 1287 51676 1319 7235 35820 1274 21575 8136 2498 6101 1972 4129 2422 37624 17439 4232 713 1713 573 1005 967 1376 786 460
internal_count=343961 144513 135134 18517 6918 2238 4680 199448 2036 619 116617 9379 92373 1360 4121 4061 1831 44772 107075 808 71845 419 91013 5258 11599 4342 916 3759 33722 14016 5393 1913 3480 697 1523 35556 3253 8278 8623 39337 1920 974 1522 2237 1621 9216 1967 664 38123 2303 68779 19706 3321 633 8074 1287 51676 1319 7235 35820 1274 21575 8136 2498 6101 1972 4129 2422 37624 17439 4232 713 1713 573 1005 967 1376 786 460
is_linear=0
shrinkage=0.06


Tree=3
num_leaves=80
num_cat=0
split_feature=95 95 97 205 97 100 97 25 95 10 94 80 97 194 55 204 95 207 95 95 114 59 197 36 181 94 80 95 97 205 85 34 194 205 207 132 88 85 194 193 86 141 36 11 162 98 45 94 205 194 99 207 31 173 80 34 194 88 203 201 201 16 79 207 86 23 85 14 84 181 92 80 59 142 36 73 80 35 208
split_gain=1.22045e+07 3.2948e+06 3.33699e+06 1.24048e+07 2.74282e+07 4.52983e+06 2.30861e+06 1.35528e+06 1.12867e+06 1.0123e+06 866530 856601 847943 1.47903e+06 263184 259446 214436 205982 198523 181549 167224 168984 132738 131726 122535 121291 109792 106985 105141 103659 154184 247041 107538 96667.8 150332 243080 352426 101537 79554.7 77476.2 74405.4 119620 225356 253915 274387 70967.9 68662.8 67819.4 66391.2 175987 69781.5 60704.1 58709.5 88895.4 57154 55967.4 51159.1 49260.4 48076.5 47398.8 47093.7 55548.6 46722 45357.8 41436 39929.8 39211 37690.2 36825.2 34302.4 40888.6 33032.4 31919.5 31809.3 31350 78923.3 30966.3 30578.7 29996.2
threshold=13.968404769897463 39.422855377197273 36.21507644653321 0.93301269412040722 48.168771743774421 13.300000190734865 63.294715881347663 365.99499511718756 8.3748583793640154 40.986000061035163 22.986307144165043 42.562500000000007 40.950769424438484 91.500000000000014 25.322566032409672 10.500000000000002 18.315331459045414 0.97112539410591137 30.835494995117191 4.6374206542968759 161.01001739501956 0.16475552320480349 990.95001220703136 109.17042160034181 7.0000000000000009 35.29249572753907 11.254000186920168 11.274910926818849 63.294715881347663 0.93301269412040722 35.88750076293946 120.33929824829103 50.500000000000007 0.93301269412040722 0.5986820161342622 -124.44892120361327 12.50500011444092 7.3015000820159921 55.500000000000007 5.0499999523162851 9.5075001716613787 7.8066141605377206 294.44996643066412 66.044998168945327 4.863333225250245 5.0014998912811288 81.712497711181655 27.989417076110843 0.37940952181816107 52.500000000000007 0.3245361745357514 0.98667103052139293 182.03350067138675 34.454999923706062 16.008500099182132 360.02082824707037 92.500000000000014 9.9010000228881854 0.9238443672657014 47.500000000000007 62.500000000000007 68.205711364746108 0.39532402157783514 0.9990701973438264 25.258500099182132 214.01249694824222 4.6549999713897714 92.460937500000014 7.2049999237060556 55.000000000000007 31.758500099182132 10.601500034332277 0.43428461253643041 0.59151095151901256 182.22661590576175 66.847499847412124 12.202499866485597 68.407890319824233 0.48126256465911871
decision_type=10 10 2 2 2 10 2 8 8 10 8 2 2 10 10 2 10 2 10 10 10 10 10 8 2 10 2 8 2 2 8 8 8 2 2 10 8 10 10 8 10 8 8 8 2 2 10 10 2 8 2 2 10 2 2 10 8 8 10 10 8 10 8 2 8 10 8 10 10 2 8 2 10 2 8 8 2 10 2
left_child=8 2 10 26 5 7 9 14 19 -6 16 23 27 15 -5 -14 29 25 48 -1 21 58 -22 -3 -23 -8 51 76 47 -2 32 -32 -31 54 66 36 -36 -38 63 -21 41 -34 43 -43 -45 -27 -16 -25 50 59 -12 -4 53 64 -18 -24 62 -33 -13 67 61 -20 -26 -37 -30 -39 -35 -50 -49 -64 -71 -41 -63 -51 75 -68 -10 -28 -42
right_child=1 11 3 4 6 -7 17 -9 12 -11 18 20 13 -15 46 -17 33 -19 60 39 22 24 55 28 56 45 77 -29 52 30 31 57 40 34 35 38 37 65 -40 71 78 42 -44 44 -46 -47 -48 68 49 73 -52 -53 -54 -55 -56 -57 -58 -59 -60 -61 -62 72 69 -65 -66 -67 74 -69 -70 70 -72 -73 -74 -75 -76 -77 -78 -79 -80
leaf_value=-0.5822872299151941 -0.03016376108279813 1.9446909116216808 -0.31636377126274401 8.0823604018284261 6.5962950351768068 0.0028535545462428933 -0.41958192610518003 5.18332149004355 -0.27159530240949209 1.7177394097141858 0.42837911077037716 2.0410609940970903 1.8003452903591768 5.1052678695575366 10.509666689277962 -0.3677779459396634 0.025008515247855009 1.5202077008072754 1.9470606123097243 0.56021595696874915 3.8384517579617734 2.6756272738571125 2.7439520166983757 0.44890001380860445 1.9934665107452216 0.052973437238366262 0.82523294167176109 -0.12321234296179846 -0.035318507609215184 0.6284184394669855 2.7185803200778307 1.2128907848604242 -0.096339755238649363 -0.58529083336789567 2.8409923777526442 0.57133939626173569 1.8676575910838114 0.18500079018880841 0.1806935124068178 -0.42260531633093656 0.06566434654286489 0.21838483321537241 -0.0080050679478210155 4.0388012031365683 0.8979578243409938 1.236666767748871 9.1346964457275668 1.8276553425435047 0.92269360532559963 0.13907781312981518 0.17951170027463809 0.73207529683374772 0.07487017840977496 1.7151457096508145 0.2213269253503681 1.62475626665523 0.37422641815582536 0.14231502634299337 3.0169505033821897 0.83540954458771788 0.65884156250269499 0.66550650474344253 1.610752051770687 1.4956641531206363 0.87850177320370404 1.1207525558099836 0.2701529485532147 2.0543990133489878 1.0636638195057335 0.46387918703176684 1.2757500861170923 -0.26056626628290719 1.1976871677794205 0.43610295510495733 0.12090401835964223 1.4843407319573181 -0.15744362722910263 0.067006167595783275 -0.13061326637478424
leaf_weight=31245 32480 360 6663 241 269 201 2717 240 44248 356 9192 2287 276 292 1317 702 8571 262 203 297 252 247 342 629 346 660 200 43124 375 1305 205 203 1220 237 370 1444 215 667 3121 57469 8285 327 777 200 201 251 217 262 201 1571 7263 204 941 249 14156 316 211 642 202 2010 5191 947 534 220 340 217 1948 230 1797 331 696 4923 717 7501 5522 213 10612 4050 4235
leaf_count=31245 32480 360 6663 241 269 201 2717 240 44248 356 9192 2287 276 292 1317 702 8571 262 203 297 252 247 342 629 346 660 200 43124 375 1305 205 203 1220 237 370 1444 215 667 3121 57469 8285 327 777 200 201 251 217 262 201 1571 7263 204 941 249 14156 316 211 642 202 2010 5191 947 534 220 340 217 1948 230 1797 331 696 4923 717 7501 5522 213 10612 4050 4235
internal_value=0.000573382 0.405523 0.327822 1.09408 3.12672 8.59215 0.442932 9.44852 -0.315047 3.82465 0.215721 1.41938 -0.173959 1.36585 10.022 0.245299 0.114249 -0.101247 0.467698 -0.464123 1.91662 1.7759 2.66449 0.840449 1.41149 -0.218729 -0.136792 -0.193931 0.753494 0.03338 0.150642 0.855343 0.105884 0.223996 0.346964 0.566839 1.24172 0.701199 0.359434 -0.40522 0.061116 0.345179 0.702914 1.46065 2.47061 0.380105 10.3212 0.995146 0.395913 0.506447 0.31855 -0.285115 0.412174 0.741011 0.147294 2.20975 1.26287 0.400636 2.12144 0.958624 0.752053 1.01073 1.36095 0.694371 0.399845 0.415711 0.17329 1.52998 1.16172 1.21956 1.01479 -0.409824 0.895399 0.384688 0.196763 0.390461 -0.249517 0.102873 -0.00073341
internal_weight=343760 150572 139855 17848 6731 2216 4515 2015 193188 625 122007 10717 99254 1270 1775 978 86981 3890 35026 93934 5764 4854 910 4953 2365 3628 11117 97984 4593 50080 17600 1050 16550 36901 14174 6254 1469 1099 4785 62689 15245 2725 1505 728 401 911 1534 2688 27968 11513 16455 6867 1905 964 22727 658 2118 845 2489 2441 7058 1867 1907 1664 715 884 7920 431 2059 1561 1027 62392 1664 9072 7683 2161 54860 4250 12520
internal_count=343760 150572 139855 17848 6731 2216 4515 2015 193188 625 122007 10717 99254 1270 1775 978 86981 3890 35026 93934 5764 4854 910 4953 2365 3628 11117 97984 4593 50080 17600 1050 16550 36901 14174 6254 1469 1099 4785 62689 15245 2725 1505 728 401 911 1534 2688 27968 11513 16455 6867 1905 964 22727 658 2118 845 2489 2441 7058 1867 1907 1664 715 884 7920 431 2059 1561 1027 62392 1664 9072 7683 2161 54860 4250 12520
is_linear=0
shrinkage=0.06


Tree=4
num_leaves=80
num_cat=0
split_feature=96 96 97 205 97 93 97 96 97 36 94 80 97 204 97 36 94 96 144 36 95 95 95 95 193 114 197 45 82 205 207 132 90 85 82 36 207 206 205 85 87 86 193 164 157 68 201 208 205 14 99 207 207 164 94 80 83 80 193 207 201 193 33 87 22 79 93 85 207 201 181 94 208 197 80 74 93 32 86
split_gain=1.08792e+07 2.82565e+06 3.0978e+06 1.11039e+07 2.50602e+07 2.86117e+06 1.94956e+06 1.20898e+06 1.17073e+06 1.02947e+06 736763 602552 534356 928957 1.40638e+06 340790 281014 215175 207317 449098 203997 195133 186493 130393 129933 124204 127340 120028 117247 102348 169997 419374 666203 132576 102001 84030.5 76947.5 75931.3 70059.5 190205 247958 173175 73512.5 77758.5 91043.6 63557.9 62804.1 69200.9 66568.6 65831.6 64301.4 60053.6 57738.9 64783.3 57686.9 53717.1 53231.2 51481.9 50419.3 50040.4 49325.4 67283.7 48848.2 48815.3 79264.3 48431.7 46649.1 46049.7 42068.5 50906.7 40426 40055.6 39294.2 40536.2 38307.4 43034.8 43313.2 37786.8 31762.3
threshold=14.551137924194338 40.390100479125984 36.21507644653321 0.93301269412040722 48.168771743774421 30.080249786376957 63.294715881347663 8.3077626228332537 40.950769424438484 161.5507736206055 22.631583213806156 42.562500000000007 40.950769424438484 10.500000000000002 48.168771743774421 123.06286239624025 44.443561553955085 18.312257766723636 1.9473270773887636 240.78892517089847 12.326422214508058 25.296884536743168 30.835494995117191 4.8872821331024179 5.0499999523162851 175.01625061035159 991.54998779296886 30.002499580383304 19.300999641418461 0.93301269412040722 0.5986820161342622 -124.44892120361327 12.308000087738039 7.4574999809265146 12.301500320434572 386.57731628417974 0.98667103052139293 -0.25000000000000006 0.93301269412040722 49.913999557495124 11.903499603271486 62.496000289916999 16.650000572204593 223.50000000000003 76.909999847412124 9.921000003814699 122.50000000000001 0.20812153071165088 -0.68301269412040699 111.5483741760254 0.30107709765434271 0.94978111982345592 0.89017060399055492 15.500000000000002 27.261770248413089 18.755999565124515 28.202500343322757 10.601500034332277 21.750000000000004 -0.074117381125688539 192.50000000000003 21.849999427795414 216.74308013916018 53.112499237060554 96.291500091552749 0.57784107327461254 53.161666870117195 35.88750076293946 0.99168354272842418 107.50000000000001 7.0000000000000009 13.906270503997805 -0.43733099102973932 980.25000000000011 16.302499771118168 18.249697685241703 12.304583549499513 59.583499908447273 11.602499961853029
decision_type=10 10 2 2 2 8 2 8 2 8 8 2 2 2 2 8 10 10 8 8 10 10 8 8 8 10 10 8 8 2 2 10 8 10 8 8 2 2 2 8 8 8 10 2 10 10 8 2 2 10 2 2 2 2 10 2 8 2 10 2 8 10 10 8 10 10 10 8 2 10 2 10 2 8 2 8 8 10 10
left_child=7 2 10 34 5 8 9 23 -5 -6 17 15 20 14 -14 -3 51 38 -18 -20 24 -10 46 -1 -9 35 -27 -16 65 55 63 32 -32 -34 36 37 78 59 71 41 -41 42 -40 -44 -45 60 47 48 -12 -50 -48 -8 -33 -54 -22 -19 -24 -26 -51 -13 61 -30 -35 74 -65 -17 -39 -67 -55 -70 -68 -2 -58 -74 75 76 -31 -42 -4
right_child=1 11 3 4 6 -7 16 12 21 -11 22 25 13 -15 27 28 18 29 19 -21 54 -23 56 -25 57 26 -28 -29 45 30 31 52 33 62 -36 -37 -38 66 39 40 77 -43 43 44 -46 -47 50 -49 49 58 -52 -53 53 68 -56 -57 72 -59 -60 -61 -62 -63 -64 64 -66 67 70 -69 69 -71 -72 -73 73 -75 -76 -77 -78 -79 -80
leaf_value=-0.54552667444952685 -0.15065968709064148 2.6305330660541855 -0.32925164493231551 5.0323393967686867 6.773219068921529 1.779047241420485 -0.31059857929465245 0.95627180646835674 9.7607228924830736 1.6739423061996375 0.21605263034251998 1.9617306991670189 6.5288640787204111 -0.29369541707896291 -0.4281007205368263 -0.11011091242329432 0.025401492990496648 0.059758623584247099 3.9764886593462814 -0.0051861728517822205 -0.06389486234947292 7.756561554171439 0.47538893683555949 -0.39479982956142534 -0.26875113298357906 3.8114940605478149 2.006132407497057 1.6411800580238227 1.1329896605211733 1.1606664637241308 3.8950261596639169 0.0025259797308653043 2.1634037168662799 0.20856215245855192 0.14139264637373394 0.57976879082418775 0.90759181685459156 1.5622440021950996 -0.13553291943089762 2.8308818412774688 0.98180157914968591 1.7300520706724691 0.11199602726158044 1.8662915869130947 0.07326585328881291 0.75514106458772812 0.39120658304668615 0.36380813399391448 0.65767578134844229 2.0782148090879851 0.15034255880736624 0.75505148327936933 0.18050015527865571 0.48525418006410032 0.64168043669507402 0.24753953286979938 0.45614102742557266 -0.1636046244179247 0.93740069418546546 0.82717464666319107 0.83828069145825956 2.6469899217615573 1.2429914963313744 1.505443370153426 0.1054485798597838 0.23696471366703201 2.8087602698270762 1.0968974707072616 1.5302071345998989 0.3636249773741731 1.95371844659794 0.007497874095562379 1.6422685162365929 0.84026409359163345 0.2456262380618745 -0.11525273419473576 0.039414531623013317 -0.061628451024899715 -0.014356225088943915
leaf_weight=34113 8429 359 5530 244 233 223 3074 331 1511 367 965 204 224 877 202 623 393 13535 200 207 36347 226 2612 52457 49854 215 420 200 226 202 319 1513 202 670 4233 221 207 1134 5097 205 211 222 8013 201 206 1505 9208 8476 2836 217 7044 202 1587 1012 421 9220 937 25266 397 451 294 202 217 246 355 578 223 366 385 208 2373 18234 241 3970 3975 2965 319 304 1457
leaf_count=34113 8429 359 5530 244 233 223 3074 331 1511 367 965 204 224 877 202 623 393 13535 200 207 36347 226 2612 52457 49854 215 420 200 226 202 319 1513 202 670 4233 221 207 1134 5097 205 211 222 8013 201 206 1505 9208 8476 2836 217 7044 202 1587 1012 421 9220 937 25266 397 451 294 202 217 246 355 578 223 366 385 208 2373 18234 241 3970 3975 2965 319 304 1457
internal_value=-4.76123e-05 0.400377 0.329472 1.05435 2.95854 8.23147 0.471955 -0.285247 8.95655 3.66214 0.214024 1.40608 -0.15663 0.966824 2.73041 0.865939 0.00156696 0.109576 1.00899 1.95636 -0.171686 9.50458 0.434929 -0.4542 -0.228157 1.83385 2.62243 0.60291 0.698318 0.214698 0.34125 0.579845 1.48793 0.779898 -0.0922809 1.72459 -0.229777 1.78214 0.0151671 0.121511 1.07144 0.0716556 0.0442925 0.153152 0.961169 0.978035 0.365305 0.464216 0.656854 0.780053 0.286826 -0.24468 0.307837 0.452507 -0.0557987 0.135852 0.696324 -0.233389 1.34331 1.18298 1.44097 1.85205 0.462745 0.160286 0.68004 0.300418 1.88701 0.571179 0.721183 1.12232 2.02822 -0.0425044 0.808308 0.886543 0.118333 -0.0268459 0.475532 0.366948 -0.263598
internal_weight=342948 142656 133262 18307 6880 2204 4676 200292 1981 600 114955 9394 113722 1503 626 4153 4076 78052 800 407 112219 1737 36903 86570 75451 5241 635 402 3794 36930 14175 6113 1408 1089 11427 4606 7194 4385 41122 14459 720 13739 13517 8420 407 2227 29143 12891 4415 3450 16252 3276 4705 3192 36768 22755 7760 75120 614 655 722 428 887 8062 601 1567 3730 944 1605 593 2596 26663 5148 4211 7461 3486 521 515 6987
internal_count=342948 142656 133262 18307 6880 2204 4676 200292 1981 600 114955 9394 113722 1503 626 4153 4076 78052 800 407 112219 1737 36903 86570 75451 5241 635 402 3794 36930 14175 6113 1408 1089 11427 4606 7194 4385 41122 14459 720 13739 13517 8420 407 2227 29143 12891 4415 3450 16252 3276 4705 3192 36768 22755 7760 75120 614 655 722 428 887 8062 601 1567 3730 944 1605 593 2596 26663 5148 4211 7461 3486 521 515 6987
is_linear=0
shrinkage=0.06


Tree=5
num_leaves=80
num_cat=0
split_feature=96 97 205 97 184 36 94 96 96 93 94 97 97 204 97 94 96 194 114 96 209 82 71 198 94 80 205 209 132 90 173 94 207 80 194 205 86 89 140 94 33 96 86 197 10 88 36 36 145 194 94 74 207 194 56 205 194 94 96 194 207 105 80 94 105 193 65 193 97 8 68 198 80 84 76 193 207 197 86
split_gain=9.63195e+06 2.60866e+06 9.98965e+06 2.24988e+07 4.7491e+06 3.36651e+06 3.17901e+06 1.08349e+06 703975 701685 656455 839791 602822 1.00304e+06 1.50048e+06 273825 228714 205385 189651 185067 163922 147530 162712 140251 119881 107708 107604 195506 251533 371362 356114 142181 98680.3 88790.2 86837.9 84239.9 135007 167268 98534.7 220461 420017 81287.8 75692.7 74325.7 69621.7 69235.2 146204 73639 138678 68625.1 68168.6 67814.4 65736.9 59316.8 74036.6 66494.2 57456 57093.9 55712.7 53488.8 52832 46913.1 46311.6 44512.5 42464 42048.1 41679.6 39683.5 39122.7 51816.7 111706 38940.8 38845 35167.2 33630 33365.8 32054.7 39853.8 31371.9
threshold=14.551137924194338 36.21507644653321 0.93301269412040722 54.202339172363288 0.2460705563426018 382.81842041015631 42.197711944580085 9.2945833206176776 19.517843246459964 24.887084007263187 33.252143859863288 75.481174468994155 40.950769424438484 10.500000000000002 48.168771743774421 28.365287780761722 46.914346694946296 34.500000000000007 175.01625061035159 5.4026846885681161 9.5000000000000018 14.982500076293947 34.384000778198249 7.3500001430511483 12.061291217803957 13.927500247955324 0.37940952181816107 4.5000000000000009 -95.46584320068358 12.108500003814699 7.805000066757203 13.906270503997805 0.95752912759780895 17.100999832153324 51.500000000000007 0.93301269412040722 49.601499557495124 11.701499938964846 -2.506130456924438 9.991244316101076 152.38892364501956 30.294282913208011 7.0525000095367441 991.75000000000011 70.012500762939467 10.386499881744387 137.325553894043 303.23957824707037 6.5499999523162851 48.500000000000007 18.028547286987308 86.839828491210952 0.92922380566596996 77.500000000000014 103.80358123779298 -0.37940952181816096 50.500000000000007 15.452107906341555 54.606544494628913 56.500000000000007 0.9470459818840028 2.1139771938323979 18.612500190734867 27.261770248413089 28.51051235198975 5.0499999523162851 3.8099999427795415 5.9500000476837167 4.6888568401336679 18.943499565124515 27.115000724792484 8.7500000000000018 9.927500247955324 16.107999801635746 31.792515754699711 20.250000000000004 0.89787620306015026 981.54998779296886 11.502500057220461
decision_type=10 2 2 2 10 8 10 8 10 8 10 2 2 2 2 10 10 8 10 10 2 8 10 10 10 2 2 2 10 8 2 8 2 2 10 2 8 10 8 10 8 10 10 10 8 8 8 8 8 8 8 10 2 8 10 2 8 8 10 10 2 10 2 10 10 8 10 8 2 8 10 10 2 10 10 10 2 10 10
left_child=7 6 17 4 5 9 8 19 35 20 32 -12 24 14 -14 26 -8 23 58 -1 42 73 52 -3 67 78 33 28 29 30 -28 -31 66 -10 71 57 38 -38 59 40 -40 -17 44 -20 -4 46 -41 48 -48 74 -29 -52 -23 54 55 -43 -47 -2 64 -37 -25 -27 -26 -64 -18 -21 -5 -9 -69 70 -70 75 -67 -13 -33 -30 -57 -78 -19
right_child=1 2 3 10 -6 -7 16 12 15 -11 11 21 13 -15 -16 41 18 25 43 65 -22 22 -24 60 62 61 27 50 34 31 -32 49 -34 -35 -36 36 37 -39 39 45 -42 53 -44 -45 -46 56 47 -49 -50 -51 51 -53 -54 -55 -56 76 -58 -59 -60 -61 -62 -63 63 -65 -66 72 -68 68 69 -71 -72 -73 -74 -75 -76 -77 77 -79 -80
leaf_value=-0.50158061266824339 -0.098418326737291409 2.1018144036213986 7.9018427402872433 0.48860443899089973 0.045729056229522703 0.96488065043730398 1.0850854239871486 0.43855350477620958 0.061844988767354891 5.3748340046855638 3.7370870545512518 -0.21382332865533948 6.9024774922457484 -0.26095842878440756 0.67384824419778488 0.45850936211273341 1.5803497113403884 -0.30721325764308932 3.9129238930601034 0.3103962032708617 7.6028294076710718 0.31939302789540591 2.2720354556518876 1.0175801429951039 -0.089953229759622111 0.085407879623319694 0.84718793613518151 -0.03860422324309716 1.6490339958133982 2.1823552058697824 4.2555236534909762 1.7640535165354756 1.0446259788034566 0.28273509489165266 0.27140219683276162 0.36314320697760039 2.0133689744294481 -0.07307620275090998 3.1111013436915953 1.9382606573204031 0.16072061004866825 0.57069203669310153 9.6789574757847223 2.2821349901128039 9.277906085682563 0.53475308384203046 2.010697571683675 -0.14827511788523087 0.26217876775087878 0.30551663129306783 0.27570002648786091 1.3364429311422557 1.4886197940418495 0.41483704966372326 1.9949085156377313 0.80455330399008329 0.036699538971746465 0.055991910044497127 1.9114614400844465 -0.10032355108773255 -0.049152274746859681 0.84232292192924463 0.047861417853798535 0.83551495928984532 0.7082275236337896 -0.36167420424304825 -0.40202533830418385 -0.22550707565275499 -0.12725321844220161 -0.13445746991704566 1.3682196593017719 0.34508374149264126 -0.23847405331088065 0.66640824361779805 0.69122589353273312 0.80556061115641808 2.0524473599244408 1.1090362231971489 -0.03082226455759448
leaf_weight=39460 14591 229 283 204 305 223 2021 351 10251 211 369 618 220 812 377 7238 1138 5963 202 358 273 624 297 283 32364 3492 204 2787 200 220 241 201 200 18153 4658 1028 304 253 271 221 481 1971 980 213 440 935 209 740 736 1112 8140 222 239 1327 202 935 7642 21065 2277 6959 406 321 7138 267 247 54834 2471 43164 546 9216 267 582 11084 221 224 1104 200 863 1966
leaf_count=39460 14591 229 283 204 305 223 2021 351 10251 211 369 618 220 812 377 7238 1138 5963 202 358 273 624 297 283 32364 3492 204 2787 200 220 241 201 200 18153 4658 1028 304 253 271 221 481 1971 980 213 440 935 209 740 736 1112 8140 222 239 1327 202 935 7642 21065 2277 6959 406 321 7138 267 247 54834 2471 43164 546 9216 267 582 11084 221 224 1104 200 863 1966
internal_value=0.00179494 0.377644 1.00205 2.66768 7.09996 7.99233 0.272602 -0.266673 0.202676 8.70812 0.371585 1.11113 -0.119291 1.11206 2.97686 0.343254 1.60792 -0.04509 1.86677 -0.3987 9.06116 0.624771 1.06284 0.818722 -0.137896 -0.112688 0.277984 0.384994 0.597343 1.15194 2.69845 0.758934 -0.237717 0.203021 0.41058 0.0478921 0.147196 1.06723 0.120482 0.235013 1.22668 0.590738 9.29034 3.08341 8.75094 0.163766 0.490768 0.299882 0.650605 0.553904 0.218374 0.304018 0.644548 0.7647 0.875883 0.818442 0.0910496 -0.00719619 1.72808 -0.0406331 0.389837 0.149333 -0.0589825 0.0763706 1.42544 -0.337439 -0.333947 -0.196505 -0.200704 -0.0939401 0.364957 0.753993 -0.340962 0.0185547 1.20156 0.936092 1.06244 1.2883 -0.238694
internal_weight=343644 143186 20618 7958 2715 2410 122568 200458 116470 2187 5243 2368 94722 1409 597 61035 6098 12660 4077 105736 1976 1999 1160 918 93313 11742 48299 19895 8746 2202 445 1757 2875 28404 6544 55435 19779 557 19222 11235 752 12736 1703 415 723 10483 1906 1685 945 1537 11149 8362 863 5498 4171 3969 8577 35656 3662 7987 689 3813 39769 7405 1385 66276 2675 53544 53193 10029 813 1886 65918 839 425 1304 1998 1063 7929
internal_count=343644 143186 20618 7958 2715 2410 122568 200458 116470 2187 5243 2368 94722 1409 597 61035 6098 12660 4077 105736 1976 1999 1160 918 93313 11742 48299 19895 8746 2202 445 1757 2875 28404 6544 55435 19779 557 19222 11235 752 12736 1703 415 723 10483 1906 1685 945 1537 11149 8362 863 5498 4171 3969 8577 35656 3662 7987 689 3813 39769 7405 1385 66276 2675 53544 53193 10029 813 1886 65918 839 425 1304 1998 1063 7929
is_linear=0
shrinkage=0.06


Tree=6
num_leaves=80
num_cat=0
split_feature=95 95 204 99 122 36 96 93 99 194 84 99 91 96 77 80 91 80 194 209 52 80 96 193 99 96 99 194 34 36 96 114 96 36 204 136 197 7 59 95 140 86 166 88 95 86 95 181 193 25 87 8 194 8 194 151 80 194 95 201 93 123 92 201 79 209 15 86 16 80 96 201 17 36 141 16 62 87 193
split_gain=8.37284e+06 2.33455e+06 1.91435e+06 4.10334e+06 3.12453e+06 4.86402e+06 5.18314e+06 2.52473e+06 2.31811e+06 1.7427e+06 1.39007e+06 953589 849134 838832 628033 556024 534224 430841 309749 295043 374041 281048 216815 170890 217898 177043 195642 386479 656682 164931 343908 140870 139442 132379 346634 987767 123288 108779 102735 101492 95050.1 194786 108850 200695 95032.3 91574.4 89158.5 87503.7 82223.2 71407.3 122794 67474.4 66960.2 64583 63705.5 61184.6 59144.9 57530.2 57147.3 54709.9 51148.1 50269.7 50014.1 49699.9 47219.9 46764.1 60272.5 118660 45854.3 45331.7 42280.9 41845.2 41796.1 41694.7 45214.5 40169.9 39424.3 38397.9 37853.6
threshold=13.968404769897463 39.422855377197273 10.500000000000002 0.5849612057209016 -77.961490631103501 284.58528137207037 21.774844169616703 27.415249824523929 0.74050867557525646 70.500000000000014 14.002500057220461 0.89449110627174389 12.807499885559084 8.06439256668091 29.900869369506839 42.562500000000007 5.8825001716613778 19.096500396728519 50.500000000000007 4.5000000000000009 54.729000091552741 11.655999660491945 19.245353698730472 5.0499999523162851 0.30372016131877905 12.846057415008547 0.61733973026275646 87.500000000000014 188.26499938964847 324.04495239257818 23.392558097839359 175.01625061035159 23.392558097839359 252.63591766357425 8.0000000000000018 7.9500000476837167 991.54998779296886 inf 0.19397548586130145 4.6374206542968759 8.4287896156311053 8.5015001296997088 33.500000000000007 12.105000019073488 19.900753021240238 11.402499675750734 26.083090782165531 55.000000000000007 19.750000000000004 inf 10.654999732971193 186.02649688720706 56.500000000000007 460.87500000000006 72.500000000000014 13.385000228881838 12.903499603271486 70.500000000000014 31.419023513793949 47.500000000000007 62.169025421142585 8.3287019729614276 9.9010000228881854 147.50000000000003 1.068868160247803 10.500000000000002 155.70578765869143 10.602499961853029 150.85352325439456 20.928999900817875 19.245353698730472 87.500000000000014 36.156414031982429 292.33467102050787 16.734758377075199 52.278116226196296 36.852499008178718 18.502499580383304 30.550000190734867
decision_type=10 8 2 2 10 8 8 10 2 10 8 2 10 10 10 2 10 2 8 2 10 2 8 8 2 10 2 10 8 8 8 10 8 8 2 10 10 8 10 8 8 8 10 8 10 8 10 2 10 8 8 8 10 8 8 10 2 8 10 10 10 10 8 10 10 2 10 10 8 2 8 10 10 8 8 8 8 10 10
left_child=13 2 3 18 5 6 7 9 14 -5 19 12 21 39 -8 33 -12 45 46 20 -10 44 49 24 -15 56 -27 -28 -29 30 -7 38 -19 34 35 -3 -33 53 -17 -1 69 -42 43 -43 -11 57 48 60 71 65 -51 -30 61 -31 64 58 -25 -4 -45 -48 -40 -6 -21 -50 -35 66 -20 -68 -66 -24 -47 -2 -37 74 -49 -36 -60 -54 -77
right_child=1 15 17 4 52 29 8 -9 10 11 16 -13 -14 23 -16 31 -18 32 22 62 -22 -23 40 25 -26 26 27 28 51 37 -32 36 -34 54 75 72 -38 -39 47 -41 41 42 -44 55 -46 70 59 73 63 50 -52 -53 77 -55 -56 -57 -58 -59 76 -61 -62 -63 -64 -65 68 -67 67 -69 -70 -71 -72 -73 -74 -75 -76 78 -78 -79 -80
leaf_value=-0.49167356014511637 1.91078636181092 4.8375370932205612 -0.035293646291079429 0.83170622916363957 1.2358726025933631 3.0267494887686692 7.6036659818887706 -0.0092995483600176298 2.6768597364464362 8.679433434126901 1.0525196595254698 3.395518343471887 4.1155489704468664 -0.23157585117784646 3.405760950776922 1.7454032621179696 4.8666806924391963 0.14606904140308533 0.027276397339924638 -0.61440831705560106 -0.063565500967724384 6.0131310063318795 0.10764514578350103 -0.2250649072449252 2.4829297668097623 -0.089046085512113099 0.019909800621323841 3.280698540632299 -0.35906006382346151 -0.0041097642719447984 0.042366666258736092 3.543362619762835 0.39445355708981145 0.48437585264704253 -0.1739353122722499 0.20698740127496421 1.8233017270985457 1.2228481891270062 1.2989618186806811 -0.3545791628994272 1.8895593726692193 2.0912785916812484 0.17352237780000701 0.31467098260115367 7.1379558538410759 -0.028211357902671482 1.9459585470017395 0.52515346923637451 0.61499771141250814 1.4724430401831581 0.16622958896196219 0.96081086352970957 -0.17183729358234845 0.89587752615655858 0.099478780168546249 1.3818256666801951 -0.097258825273220065 -0.26365026557174254 0.61533525280273216 0.90384387931176302 2.2153627972886833 0.30703706059008268 0.37503171763022741 0.20067097482321136 0.70572249951866961 -0.1758359071737817 1.5006157814421792 0.11275003426597062 1.8478514675923756 0.33825406432145344 0.111431093494093 0.77362032152425786 1.251449771264775 0.46273571065554536 1.4187203141795173 0.34735404330544767 1.6516554828259744 0.27007787886864498 1.2280952613463159
leaf_weight=30701 206 292 7996 200 266 246 231 272 307 832 208 265 254 226 294 2629 365 19623 12504 1012 429 237 5549 66382 200 22092 2855 397 374 2402 318 229 13902 1289 315 383 447 352 579 53060 350 321 3027 2430 218 19784 211 298 2428 325 1264 221 1991 325 1078 272 16223 7891 385 1304 360 984 224 1828 324 3678 302 828 209 6868 12891 272 215 500 656 564 202 1097 255
leaf_count=30701 206 292 7996 200 266 246 231 272 307 832 208 265 254 226 294 2629 365 19623 12504 1012 429 237 5549 66382 200 22092 2855 397 374 2402 318 229 13902 1289 315 383 447 352 579 53060 350 321 3027 2430 218 19784 211 298 2428 325 1264 221 1991 325 1078 272 16223 7891 385 1304 360 984 224 1828 324 3678 302 828 209 6868 12891 272 215 500 656 564 202 1097 255
internal_value=-0.000146635 0.335058 0.269974 0.534216 1.45779 2.09582 3.24746 5.41536 1.6376 6.15055 0.887788 6.73878 7.31114 -0.262062 5.26378 1.19258 3.48638 0.0836417 0.257889 0.131336 1.0816 7.93813 0.19398 -0.152315 1.04567 -0.157027 -0.02028 0.374541 1.39413 0.404766 1.34712 1.59613 0.249077 0.725375 1.09772 1.98338 2.41036 0.231768 1.48607 -0.404834 0.33486 0.511886 0.438962 0.661424 8.36649 -0.0305698 0.649544 1.20054 0.521138 0.049341 0.434149 0.131967 0.135205 0.103439 0.465216 0.521279 -0.199966 -0.148727 0.443264 1.05017 1.65228 0.505523 -0.434934 0.437129 0.681434 0.013998 0.065218 0.484665 1.1562 0.235215 0.0268824 1.26666 0.583967 0.90787 1.14044 0.401484 0.974159 -0.014812 0.622741
internal_weight=343323 150592 139970 57883 13329 8991 5348 2278 3070 2006 2545 1806 1541 192731 525 10622 573 82087 44554 1972 736 1287 38305 108970 426 108544 25939 3847 992 3643 564 5698 33525 4924 2024 890 676 3079 5022 83761 19404 6987 6637 3610 1050 48562 6249 2393 4734 18901 1589 595 4338 2727 2900 3289 82605 15887 3017 1515 939 1250 1236 4256 1822 17312 13634 1130 533 12417 32675 478 598 1454 954 1134 587 3088 819
internal_count=343323 150592 139970 57883 13329 8991 5348 2278 3070 2006 2545 1806 1541 192731 525 10622 573 82087 44554 1972 736 1287 38305 108970 426 108544 25939 3847 992 3643 564 5698 33525 4924 2024 890 676 3079 5022 83761 19404 6987 6637 3610 1050 48562 6249 2393 4734 18901 1589 595 4338 2727 2900 3289 82605 15887 3017 1515 939 1250 1236 4256 1822 17312 13634 1130 533 12417 32675 478 598 1454 954 1134 587 3088 819
is_linear=0
shrinkage=0.06


Tree=7
num_leaves=80
num_cat=0
split_feature=95 95 205 97 97 100 36 97 204 97 93 95 80 163 80 194 85 92 209 82 95 85 87 204 36 60 176 114 42 79 201 181 80 207 85 207 95 36 88 122 56 91 5 95 97 56 85 143 31 94 207 34 207 203 59 88 95 201 194 181 80 82 205 85 97 207 207 201 198 94 82 80 97 92 181 198 59 208 77
split_gain=7.44749e+06 1.9515e+06 1.78488e+06 6.76911e+06 1.68719e+07 4.45963e+06 2.48214e+06 1.05685e+06 1.49418e+06 2.46597e+06 1.01522e+06 759603 477308 423121 412823 311047 155046 145176 246409 138070 135180 120114 393483 119747 356983 132772 179616 107892 106360 105406 102466 102066 100575 99427 91194.1 89621.4 86052.5 73110.2 89952.1 182789 210029 397966 70487.1 67281.6 63970.5 80213.1 63493.1 184682 215682 62150.3 58542.2 56620.3 55682.5 52820.3 45865.9 45721.8 44305.6 42829.3 70253.3 40736.6 40560.2 40409.4 39957.2 39735 39569.5 37327 37142.9 39970 52480.6 35169.9 31010.6 30742.4 30562.5 30562 30549.5 30107.5 28459.4 73276 28193.9
threshold=14.924178600311281 39.422855377197273 0.93301269412040722 36.21507644653321 63.294715881347663 13.300000190734865 382.81842041015631 40.950769424438484 8.0000000000000018 48.168771743774421 24.887084007263187 8.807859420776369 42.562500000000007 10.475000381469728 19.096500396728519 50.500000000000007 24.914000511169437 9.9010000228881854 8.5000000000000018 14.303500175476076 5.975832700729371 inf 11.006499767303469 10.500000000000002 139.59760284423831 43.75849914550782 7.1649999618530282 145.91398620605472 74.512500762939467 0.48646269738674169 147.50000000000003 7.0000000000000009 22.833999633789066 -0.41398024559020991 11.402499675750734 0.22700754553079608 12.411856174468996 321.53282165527349 9.6075000762939471 -66.329750061035142 34.604238510131843 9.5075001716613787 24.010000228881839 25.79141998291016 42.884325027465827 78.908622741699233 8.4760003089904803 0.33138222992420202 156.01249694824222 28.832396507263187 0.97112539410591137 105.8093948364258 0.9996619224548341 0.9170251488685609 0.66788560152053844 3.6764999628067021 22.282892227172855 177.50000000000003 72.500000000000014 7.0000000000000009 31.871000289916996 20.61100006103516 -0.37940952181816096 18.029000282287601 99.781967163085952 -0.32614396512508387 0.95752912759780895 62.500000000000007 6.1499998569488534 22.823631286621097 18.612500190734867 18.901499748229984 1.5322539210319521 18.358500480651859 7.0000000000000009 1.7500000000000002 0.014556466136127712 -0.19337245076894757 8.5872921943664569
decision_type=10 10 2 2 2 10 8 2 2 2 8 8 2 10 2 8 8 10 2 8 10 8 8 2 8 8 2 10 10 8 10 2 2 2 8 2 10 8 8 10 10 10 10 10 2 8 10 10 10 10 2 8 2 10 10 10 10 8 10 2 2 10 2 10 2 2 2 8 10 10 8 2 2 10 2 8 8 2 10
left_child=7 2 14 15 5 6 10 11 9 13 17 20 23 -9 34 30 63 18 55 50 72 32 -23 24 -3 42 -27 29 -29 -14 49 -31 37 -11 64 -21 71 38 39 40 -17 -42 -26 -18 45 -25 47 48 -40 52 -6 -24 -4 -46 -51 -5 -19 58 62 -34 -45 -44 -33 74 75 -30 70 68 -68 -57 -48 -13 -1 -36 -16 -2 77 -74 -39
right_child=1 12 3 4 19 -7 -8 8 -10 33 -12 36 27 -15 16 21 43 56 -20 35 -22 22 51 44 25 26 -28 28 65 31 -32 57 59 -35 73 -37 -38 78 46 -41 41 -43 61 60 53 -47 66 -49 -50 54 -52 -53 -54 -55 -56 69 -58 -59 -60 -61 -62 -63 -64 -65 -66 -67 67 -69 -70 -71 -72 -73 76 -75 -76 -77 -78 -79 -80
leaf_value=-0.46082671117698609 0.59530453325393118 3.424883770062634 0.68132479801357149 7.3069529138697256 -0.36637407849881143 -0.46894012121159001 1.394274996299119 8.2072830008569166 -0.30155887052009667 -0.96873960572762541 3.8091618513291881 -0.17594199059111509 1.6144763964459539 4.3481309541220803 0.41407434167990204 0.11246485301333925 0.26246120838679338 8.397636206200783 6.225464517931889 0.19461414263208857 -0.28855416918149213 2.8188130388192407 1.1980558939353576 0.49204461643224839 1.4581310372853624 0.6104980849904742 2.6292872241698206 2.970071923756739 1.9999231999970992 2.3146741690984585 0.29744247930962947 0.977759516635896 0.75332996798152685 0.84773689227738402 5.3063092985518282e-05 1.6368660059917803 -0.052273885685380939 0.16701404468539177 0.30789868540227411 0.066144428430638058 3.806995172770852 0.46576794259013216 -0.076562388886564539 0.4096516459327566 -0.01838857173199265 1.6408488751098733 -0.022135101554374793 -0.10649942953369652 2.9336985272060607 1.0520565350992339 0.68231419703364371 0.1998095478059165 1.5345767050313159 0.98863458382575486 2.1364733021527949 8.1896455646521567 9.7320270086704994 0.59854537034041488 0.41557809404953555 0.31629500974661379 0.68768888309244514 0.63674547056133823 1.9408899044283638 0.23589194123300308 -0.38692580341870486 1.0530167544722644 0.3762509938275348 0.13025410613490154 1.4414684670412141 9.3126105030304789 0.19557791814459499 0.014800582966870084 0.96701975359191439 0.13455564377683699 0.045112592509592167 -0.12248507977451813 -0.376061256769466 -0.48007139606827715 -0.11558512051964699
leaf_weight=32988 214 201 2829 201 2958 326 251 213 1097 232 216 63028 2784 205 879 367 5832 281 292 558 51400 264 236 1128 206 368 279 319 378 204 1565 273 848 202 23509 214 36777 1694 249 1161 235 282 615 4269 1178 271 7184 598 205 426 204 1499 305 222 212 570 260 880 296 8102 3398 533 370 11484 2222 255 894 2146 204 217 3503 3196 202 8203 9862 9815 16821 331 5079
leaf_count=32988 214 201 2829 201 2958 326 251 213 1097 232 216 63028 2784 205 879 367 5832 281 292 558 51400 264 236 1128 206 368 279 319 378 204 1565 273 848 202 23509 214 36777 1694 249 1161 235 282 615 4269 1178 271 7184 598 205 426 204 1499 305 222 212 570 260 880 296 8102 3398 533 370 11484 2222 255 894 2146 204 217 3503 3196 202 8203 9862 9815 16821 331 5079
internal_value=-6.06655e-05 0.342857 0.27678 0.571594 2.36002 6.09533 7.03042 -0.22749 1.16274 3.04625 7.72389 -0.24073 1.11849 6.32953 0.104242 0.279413 0.255736 8.18589 7.81148 -0.122874 -0.357011 0.213901 0.66532 0.689446 1.02042 0.777306 1.48376 1.49089 2.07552 1.3747 0.705849 1.04409 0.186329 -0.123278 -0.0188636 0.59601 -0.125868 0.121843 0.188161 0.561344 1.2109 1.98893 0.438888 0.416119 0.428791 0.715592 0.137192 0.586442 1.4974 0.875173 -0.298522 0.336206 0.764826 0.141888 1.41518 8.27345 9.05571 0.900396 1.18234 0.357783 0.532951 0.254882 1.53412 0.158308 -0.157889 1.62073 0.103228 0.281017 0.575292 8.51071 0.0492388 -0.166737 -0.426899 0.0348482 0.0753427 -0.107111 -0.362384 0.069141 -0.0448898
internal_weight=343774 137082 126322 46635 6548 2614 2288 206692 1949 852 2037 204743 10760 418 79687 40087 35724 1821 1280 3934 101742 34750 1999 5001 2202 2001 647 5759 952 4807 5337 2023 32751 434 43963 772 103001 23801 17028 2045 884 517 1354 13499 2799 1399 14983 1052 454 3772 3162 1735 3134 1400 638 988 541 1819 939 8950 7667 1148 643 22225 12251 633 13931 3244 1098 787 10687 66224 50342 31712 10741 10029 17354 533 6773
internal_count=343774 137082 126322 46635 6548 2614 2288 206692 1949 852 2037 204743 10760 418 79687 40087 35724 1821 1280 3934 101742 34750 1999 5001 2202 2001 647 5759 952 4807 5337 2023 32751 434 43963 772 103001 23801 17028 2045 884 517 1354 13499 2799 1399 14983 1052 454 3772 3162 1735 3134 1400 638 988 541 1819 939 8950 7667 1148 643 22225 12251 633 13931 3244 1098 787 10687 66224 50342 31712 10741 10029 17354 533 6773
is_linear=0
shrinkage=0.06


Tree=8
num_leaves=80
num_cat=0
split_feature=96 94 205 99 99 190 36 93 77 149 96 59 80 80 54 209 96 84 84 140 91 171 86 99 39 96 193 99 94 207 204 36 100 79 96 59 67 96 114 85 197 94 85 64 80 77 94 197 194 83 85 99 194 107 39 124 141 77 141 207 85 83 13 129 194 33 98 90 207 93 123 207 90 194 205 194 30 194 124
split_gain=6.75861e+06 1.77507e+06 1.67857e+06 3.31415e+06 2.55765e+06 3.39518e+06 5.85016e+06 2.78032e+06 983553 774879 710750 645037 448397 421648 375305 357757 703047 265728 231646 213698 285397 443592 608692 462104 203788 177278 166817 251506 162797 159293 147460 354485 828585 135157 159388 126808 120261 120236 147699 109245 126192 103698 102452 101624 90145.5 86533.6 84384.1 81829.9 80602.2 77695.2 76782 76061.9 388468 455383 959442 69212.7 66930.8 65964.2 77617.2 123263 64496.8 73934.2 61289.7 55001 52673.8 51702.1 50697.2 93830.9 47804.1 47463 71872.1 47206.2 46908.7 45906.3 58994.2 45173.5 44772.3 44583.2 44509.4
threshold=14.551137924194338 42.197711944580085 0.93301269412040722 0.5849612057209016 0.91204342246055614 1.6640256047248843 264.22698974609381 30.080249786376957 27.618434906005863 4.4749999046325692 8.06439256668091 0.41772252321243292 37.412500381469734 19.096500396728519 57.645729064941413 2.5000000000000004 23.392558097839359 10.328999996185305 12.202499866485597 0.58229169249534618 9.305000305175783 1.2223027348518374 10.877500057220461 0.38068187236785894 0.46238921582698828 29.372396469116214 5.0499999523162851 0.30584888160228735 11.164750099182131 0.89017060399055492 10.500000000000002 196.03713989257815 16.94999980926514 1.0626984834671023 19.245353698730472 0.22619253396987918 37.737499237060554 46.914346694946296 175.01625061035159 6.5784997940063485 982.54998779296886 15.898104190826418 13.301500320434572 97.191497802734389 30.012999534606937 15.502862930297853 4.5551645755767831 991.85000610351574 56.500000000000007 11.285000324249269 18.852499961853031 0.74050867557525646 87.500000000000014 1.7793068289756777 0.83911743760108959 0.68645313382148754 5.5810182094573983 27.347650527954105 36.862089157104499 -0.35846811532974238 21.610000610351566 9.1224999427795428 294.34167480468756 119.02083206176759 50.500000000000007 402.51669311523443 5.1275000572204599 11.055000305175783 -0.048361575230956071 57.633584976196296 50.908790588378913 -0.87395131587982167 26.009999275207523 78.500000000000014 0.37940952181816107 67.500000000000014 147.06600189208987 45.500000000000007 0.50293791294097911
decision_type=8 10 2 2 2 8 8 8 10 2 10 10 2 2 10 2 8 10 8 8 8 2 10 2 10 10 8 2 10 2 2 8 10 10 8 10 8 8 10 10 10 10 8 10 2 8 8 10 10 8 8 2 10 8 8 8 10 8 8 2 8 8 8 8 10 8 2 8 2 10 8 2 8 8 2 8 10 8 10
left_child=10 2 13 19 5 48 7 8 14 11 46 17 30 42 24 16 -8 -10 -11 41 21 22 23 -21 35 50 27 -12 -28 60 31 32 -3 57 -35 -7 -37 78 65 40 -31 -4 75 -33 56 -17 -1 -40 -5 -9 -15 73 -53 -54 -55 -47 77 58 -6 -60 66 -62 -57 -46 -43 69 -22 -68 -36 -39 -71 -69 -27 74 -30 -2 -23 -41 -14
right_child=1 12 3 4 33 6 15 49 9 18 26 -13 37 25 -16 45 -18 -19 -20 20 29 76 -24 -25 -26 72 28 -29 51 39 -32 43 -34 34 68 36 -38 38 47 44 -42 64 -44 -45 63 55 -48 -49 -50 -51 -52 52 53 54 -56 62 -58 -59 59 -61 61 -63 -64 -65 -66 -67 67 71 -70 70 -72 -73 -74 -75 -76 -77 -78 -79 -80
leaf_value=-0.43559560860414248 -0.032755840817058832 4.8544008376793126 -0.11819121408017241 0.68291709796480571 -0.26181328267392356 8.6505410734273624 3.8188000763289986 -0.46183751478534318 -0.018953607077492728 4.8430269226928555 -0.25731279869791207 4.8948898398566243 0.23765180066227912 0.060261360084271819 4.2144969715444098 1.4081081942137048 0.11352730063389438 2.8982526360655658 7.6571394222516282 5.7052674089357858 0.014708114031000251 0.69605067705148482 0.73303821151497861 1.7305801035280095 5.4291895038506075 0.27687731573610835 -0.20024653783145785 2.5618394780374953 -0.073701499710245408 0.48122765761145342 0.25981988349867796 0.20359804220518132 0.17159639440484858 2.1770892200329235 -0.1159646025133617 6.2364075888578707 8.0745332302578845 1.2601308146910499 3.4733968909705082 0.6236220849051296 2.5076408152220147 0.65326916367212351 0.051484083574950427 1.6455287448721272 0.77867810194300435 0.99708834558438797 -0.31129572350129958 1.8055416055043538 -0.019183421893079061 1.0846629085245647 0.26270827666135876 -0.11279935198579455 -0.56653146495079176 4.2576434623092165 -0.23973796577665579 -0.14979543508161178 0.92636215844324654 -0.29344176644928105 -0.052598929985094876 1.7479892017040402 1.4777175946159313 0.30811705386973443 0.97841135240224475 1.8937821425880703 0.16041506142984516 0.73375174586024794 1.6108810196767616 0.88058667499446464 0.9836137222313851 1.581989135051834 2.7698473153943599 -0.051876231145777114 0.6481148725727216 -0.13957898378100697 0.14478850544560479 -0.21106947767316556 -0.14383217529617418 0.1648625791223215 1.1049352853723922
leaf_weight=32287 9974 244 5627 869 474 235 352 231 213 233 253 374 242 10630 223 237 386 237 207 205 6648 348 640 218 260 1702 62064 206 19184 228 2310 1088 306 215 393 389 223 1543 208 1037 215 844 28702 209 673 311 50333 224 1820 235 18453 3745 347 355 328 1221 692 1966 294 255 202 4738 201 209 10279 340 203 266 222 1779 206 729 4395 23727 5791 10498 661 2879 1818
leaf_count=32287 9974 244 5627 869 474 235 352 231 213 233 253 374 242 10630 223 237 386 237 207 205 6648 348 640 218 260 1702 62064 206 19184 228 2310 1088 306 215 393 389 223 1543 208 1037 215 844 28702 209 673 311 50333 224 1820 235 18453 3745 347 355 328 1221 692 1966 294 255 202 4738 201 209 10279 340 203 266 222 1779 206 729 4395 23727 5791 10498 661 2879 1818
internal_value=0.00182967 0.313741 0.254898 0.531052 1.38681 1.96874 2.78946 4.5866 5.35289 4.14804 -0.225388 3.05614 1.06434 0.0918058 6.49398 0.757764 1.88359 1.52046 6.1813 0.251186 0.379672 1.04769 1.90241 3.66576 6.94895 0.250399 -0.129598 1.01075 -0.134137 0.305677 0.579541 0.979052 2.2541 0.0979881 0.774858 7.40852 6.91826 1.38107 1.56181 0.5626 1.46813 0.09169 -0.0216576 0.437041 0.489276 0.335267 -0.359875 2.61475 0.207883 0.318703 0.188717 -0.0574092 0.171095 1.20242 2.10065 0.18782 0.38275 -0.0901648 0.300398 0.785397 0.186424 0.356232 0.0102523 1.04476 0.197868 1.44356 0.0794776 0.438588 0.281909 1.51174 1.7066 0.198039 0.544545 -0.079816 -0.023036 -0.124201 0.146242 0.286475 1.00322
internal_weight=343308 144688 134171 49817 12276 8457 5768 3060 2594 1264 198620 824 10517 84354 1330 2708 738 450 440 37541 20791 2072 1063 423 1107 35180 116000 459 115541 18719 4157 1847 550 3819 830 847 612 6360 4300 5933 443 16750 49174 1297 5490 1970 82620 432 2689 466 29083 53477 4775 1030 683 1733 4608 2989 1023 549 12786 4940 1422 882 11123 3868 7846 1198 615 3528 1985 995 6097 48702 24975 20472 1009 3916 2060
internal_count=343308 144688 134171 49817 12276 8457 5768 3060 2594 1264 198620 824 10517 84354 1330 2708 738 450 440 37541 20791 2072 1063 423 1107 35180 116000 459 115541 18719 4157 1847 550 3819 830 847 612 6360 4300 5933 443 16750 49174 1297 5490 1970 82620 432 2689 466 29083 53477 4775 1030 683 1733 4608 2989 1023 549 12786 4940 1422 882 11123 3868 7846 1198 615 3528 1985 995 6097 48702 24975 20472 1009 3916 2060
is_linear=0
shrinkage=0.06


Tree=9
num_leaves=80
num_cat=0
split_feature=95 205 97 97 109 36 95 97 96 96 97 204 94 94 80 94 80 194 36 103 48 96 114 85 94 193 20 86 198 94 96 96 139 193 75 35 144 44 94 67 34 97 63 85 86 42 94 89 56 193 109 87 82 106 194 96 82 66 5 80 92 86 203 193 57 36 97 181 85 193 0 76 105 123 27 53 198 205 16
split_gain=5.9249e+06 1.60066e+06 6.05796e+06 1.43469e+07 3.53248e+06 2.21716e+06 1.20407e+06 601143 592201 578752 637163 1.02024e+06 1.04546e+06 498239 381276 379300 333063 265651 247189 547835 197425 126455 117314 112836 265845 93009.4 131139 87909.1 83883.3 82806.2 81649 79765.8 77487.9 76461.5 72878.6 70969.1 146514 278843 486539 143425 69032.2 67234 67156.7 65055.6 63160.4 62962.9 55295.6 54178.6 53617.3 51594.6 47958.2 46348.8 106859 42444.2 41236.4 40416 37637.4 37106.6 111013 37052.3 42561.6 36973.7 36887.7 33270 33013.2 106999 32907.6 32581 31464.6 30592.1 46821 29788.2 29434.2 28604.7 28600.9 28112.5 27936 26409 28380.7
threshold=13.968404769897463 0.93301269412040722 36.21507644653321 54.202339172363288 1996.7500000000002 382.81842041015631 37.913728713989265 63.294715881347663 40.390100479125984 8.06439256668091 40.950769424438484 10.500000000000002 17.88543796539307 31.860347747802738 38.962499618530281 42.197711944580085 19.602499961853031 50.500000000000007 204.98958587646487 41.125000000000007 23.402500152587894 23.205305099487308 161.01001739501956 25.840000152587894 12.400949478149416 5.0499999523162851 376.32901000976568 11.402499675750734 8.6500000953674334 4.5551645755767831 17.880798339843754 10.781460285186769 12.328999996185305 19.050000190734867 56.765949249267585 243.2447204589844 -0.88426831364631642 33.301500320434577 15.035220146179201 27.829000473022464 354.06103515625006 27.395751953125004 16.22399997711182 30.309999465942386 13.408499717712404 79.480998992919936 28.365287780761722 1.2154999971389773 78.908622741699233 19.050000190734867 1654.0000000000002 5.4549999237060556 7.1790001392364511 1.1874073147773745 70.500000000000014 18.978005409240726 21.832500457763675 59.371000289916999 178.01650238037112 18.454999923706058 9.9010000228881854 49.601499557495124 0.94828754663467418 25.150000572204593 0.1794179901480675 105.42291641235353 7.2669343948364267 67.000000000000014 17.458499908447269 16.650000572204593 179.55000305175784 31.031676292419437 -39.188133239746087 17.409184455871586 203.02899932861331 11.12400007247925 4.3500001430511483 -0.37940952181816096 25.094517707824711
decision_type=10 2 2 2 8 8 8 2 8 10 2 2 8 10 2 10 2 8 8 8 8 8 10 8 8 8 8 8 10 8 10 8 8 10 8 8 10 8 10 10 8 2 10 10 10 10 10 10 8 10 8 8 8 10 8 8 8 8 10 2 8 10 10 10 8 8 2 2 8 10 10 10 10 8 8 8 10 2 8
left_child=9 6 8 4 -4 13 16 -5 17 29 25 12 -12 20 41 -9 27 28 19 -17 -6 68 34 30 -25 26 -11 54 33 -1 51 -27 -10 -3 42 36 37 74 -39 53 50 48 67 73 47 -24 76 -22 72 -20 -34 52 -19 -40 -2 -29 -26 69 75 -37 -61 -44 -43 -48 65 -31 -47 -16 -18 -53 -71 -33 -8 -23 -32 -59 -35 -73 -79
right_child=1 2 3 7 5 -7 14 15 32 10 11 -13 -14 -15 22 18 21 23 49 -21 44 43 45 24 56 31 -28 55 -30 64 35 71 40 46 -36 59 -38 38 39 -41 -42 62 61 -45 -46 66 63 -49 -50 -51 -52 57 -54 -55 -56 -57 -58 58 -60 60 -62 -63 -64 -65 -66 -67 -68 -69 -70 70 -72 77 -74 -75 -76 -77 -78 78 -80
leaf_value=-0.41279232563592055 -0.044935930303956456 1.7126513212138208 -0.15657068994223025 2.5662703392781476 5.8560399638724867 1.1911216444379826 0.030432683157466223 -0.27121443210039914 0.46947496035730196 1.8436689371105441 6.4864022777505115 -0.239959114055592 0.60713203963883422 4.1458607020460789 1.133051839744301 -0.071939562270615959 0.021284327597921718 1.6344161409081763 -0.060212334434407343 3.6116527785029127 6.337836161656166 0.37623141818215827 2.5317601356922452 2.2167045841464659 0.16284292178914483 -0.20070832917427353 -0.29127269635785297 -0.025083813862359999 0.2838833673078065 1.2065369967344615 -0.2079091646266629 -0.14439064830662593 1.3075162228814086 0.22354783153367672 0.3279935909945394 -0.04171838456991462 0.19042009842677238 3.6820963142640974 -0.065752436451423757 2.1044266086071728 0.51311431502825333 0.012162355467428604 1.0061747424066068 0.56097754107594677 8.4768892236621358 0.8561117243896359 1.707149039472263 7.5438153892274995 1.4504670033942471 0.82905780386948402 2.0807918451218987 -0.1754069734516755 -0.065581125237778898 0.96660166659494751 -0.23530140806348485 0.10334914267772836 0.43056244667983556 0.68855636753141869 1.5137896079461108 0.95643404590828407 0.16102876807469016 1.5435837318409091 0.87205538754979961 0.78509236656945858 -0.29706436544565612 -0.29675819128156777 1.8536916913071724 0.46530522894701071 0.17658098158831784 -0.0090774611230475342 0.75033768313351401 -0.13404431807971892 0.67598377860133829 0.1828551016104546 0.53522919252572154 0.00037883683757475555 0.68541123138097571 0.68716957332457662 -0.024141376872449393
leaf_weight=32599 8209 289 341 375 310 266 353 3471 471 202 218 609 217 204 496 281 7770 205 620 300 200 5181 317 271 3499 50975 211 21614 1871 223 658 26163 1392 595 421 4177 6378 260 430 203 322 1558 699 3808 280 206 278 1165 254 377 369 4607 376 214 8177 14901 4116 239 211 256 4220 1405 202 291 50450 712 291 564 11875 6091 306 10572 909 5885 259 1950 2293 203 19930
leaf_count=32599 8209 289 341 375 310 266 353 3471 471 202 218 609 217 204 496 281 7770 205 620 300 200 5181 317 271 3499 50975 211 21614 1871 223 658 26163 1392 595 421 4177 6378 260 430 203 322 1558 699 3808 280 206 278 1165 254 377 369 4607 376 214 8177 14901 4116 239 211 256 4220 1405 202 291 50450 712 291 564 11875 6091 306 10572 909 5885 259 1950 2293 203 19930
internal_value=0.000206243 0.282644 0.539367 2.04538 5.56112 6.36486 0.133384 0.251811 0.277439 -0.219541 -0.128529 1.34593 3.56164 7.00145 0.853883 0.0794368 0.0701188 0.226478 0.85042 1.83302 7.29715 0.215097 1.21878 0.170808 0.373465 -0.142761 0.754867 -0.0244848 0.612177 -0.337984 0.11931 -0.146205 1.16579 0.776028 1.07056 0.207426 0.331625 0.776275 1.4168 0.717905 1.32294 0.363679 1.16923 0.347071 7.56501 1.86944 0.697255 7.37188 0.656419 0.276545 1.47064 0.0118447 0.536023 0.278264 -0.139941 0.0273284 0.307586 -0.0109143 0.202797 0.0868045 0.206725 1.36561 0.111294 1.23779 -0.290517 0.0626877 1.44276 0.778534 0.115162 -0.0575394 0.0273607 -0.0973477 0.495581 0.273418 0.00233927 0.0757957 0.590366 -0.0572601 -0.0169355
internal_weight=343666 150382 55287 8190 2766 2425 95095 5424 47097 193284 109300 1044 435 2159 7675 5049 87420 44543 1578 581 1955 34519 4399 38926 7886 108256 413 52901 5617 83984 31040 107843 2554 3746 3585 17055 8402 2024 1107 847 2083 3276 3164 14874 1645 814 3457 1365 1516 997 1761 13985 581 644 16386 36515 7615 13404 2400 8653 4476 2104 1760 569 51385 935 497 1060 19645 11004 6397 56868 1262 11066 917 2189 2888 30705 20133
internal_count=343666 150382 55287 8190 2766 2425 95095 5424 47097 193284 109300 1044 435 2159 7675 5049 87420 44543 1578 581 1955 34519 4399 38926 7886 108256 413 52901 5617 83984 31040 107843 2554 3746 3585 17055 8402 2024 1107 847 2083 3276 3164 14874 1645 814 3457 1365 1516 997 1761 13985 581 644 16386 36515 7615 13404 2400 8653 4476 2104 1760 569 51385 935 497 1060 19645 11004 6397 56868 1262 11066 917 2189 2888 30705 20133
is_linear=0
shrinkage=0.06


Tree=10
num_leaves=80
num_cat=0
split_feature=96 97 205 97 109 36 95 93 97 96 96 84 80 79 194 198 209 80 209 193 84 209 58 96 207 79 201 141 96 205 85 87 86 87 208 89 134 194 86 95 80 181 97 97 84 80 96 201 140 209 83 32 132 197 208 205 209 92 193 85 194 201 91 85 98 193 194 205 122 207 96 207 16 57 16 72 80 78 16
split_gain=5.25746e+06 1.55207e+06 5.93174e+06 1.33775e+07 2.99679e+06 1.84162e+06 1.81154e+06 634082 456186 440758 432149 273917 236606 171555 146972 162348 138538 128398 126814 104422 194337 97349.1 106740 95109 94646.3 83989.8 79589.7 68938.5 76318.3 65109.9 124149 155294 102287 135030 80693.3 113827 265254 416129 64859.5 80100.1 64416.6 63790.8 61881.3 264800 57062.1 55238.9 52682.7 50685.2 49346.3 78631.4 120082 43956 59584.7 42720.9 42595.4 42258.5 81798.7 124308 258548 55953.6 44779.6 43721.3 53012.3 41180.5 40519.4 64684.2 39423.1 66417.4 51231.4 75182.6 38921.2 49774.2 38746.2 34081.6 128153 33918.2 33753.5 33354.6 61152.2
threshold=13.76802444458008 36.21507644653321 0.93301269412040722 54.202339172363288 1996.7500000000002 382.81842041015631 37.913728713989265 24.887084007263187 63.294715881347663 7.7295663356781015 19.517843246459964 19.8129997253418 42.562500000000007 1.02344685792923 32.500000000000007 7.3500001430511483 9.5000000000000018 27.987500190734867 10.500000000000002 5.0499999523162851 7.6024999618530282 4.5000000000000009 0.050499999895691879 10.712003707885744 0.9260200858116151 0.48646269738674169 52.500000000000007 25.098985671997074 46.914346694946296 0.93301269412040722 49.913999557495124 10.000999927520754 52.658500671386726 8.9109997749328631 0.48126256465911871 9.3759999275207537 1.0000000180025095e-35 86.500000000000014 4.6525001525878915 23.037702560424808 9.7034997940063494 7.0000000000000009 40.950769424438484 48.168771743774421 15.027999877929689 13.607500076293947 5.0695102214813241 97.500000000000014 4.6255209445953378 8.5000000000000018 14.127500057220461 324.13999938964849 -88.542453765869126 991.75000000000011 -0.31800055503845209 0.37940952181816107 4.5000000000000009 10.428999900817873 17.250000000000004 7.5039999485015878 78.500000000000014 62.500000000000007 14.928999900817873 9.0950002670288104 2.7009999752044682 15.650000095367433 74.500000000000014 0.37940952181816107 6.2052187919616708 0.90162119269371044 27.858308792114261 0.89787620306015026 66.471218109130874 0.1794179901480675 41.759174346923835 11.606500148773195 37.412500381469734 27.404000282287601 180.07835388183597
decision_type=8 2 2 2 8 8 10 8 2 10 10 8 2 8 8 10 2 2 2 8 10 2 10 10 2 8 10 8 10 2 8 8 8 10 2 8 10 10 10 10 2 2 2 2 8 2 10 8 8 2 10 10 10 10 2 2 2 8 8 8 8 10 8 8 2 8 8 2 8 2 10 2 10 8 10 8 2 8 10
left_child=9 6 14 4 -4 7 10 16 -5 46 29 24 75 21 15 -3 38 44 25 20 -11 22 -13 -21 -10 -14 -26 28 -20 45 32 -32 34 -34 35 36 37 -31 -6 -40 -16 76 66 -44 63 -2 -1 51 -33 50 -50 -37 -53 -30 -17 -46 57 58 -57 -59 61 62 -61 -12 -65 -66 67 -25 69 -69 -43 -72 -73 74 -48 -8 -19 -36 -79
right_child=1 2 3 8 5 -7 12 -9 11 19 17 13 18 -15 40 54 -18 41 27 23 -22 -23 -24 42 26 -27 -28 -29 53 30 31 48 33 -35 77 47 -38 -39 39 -41 -42 70 43 -45 55 -47 73 -49 49 -51 -52 52 -54 -55 -56 56 -58 59 -60 60 -62 -63 -64 64 65 -67 -68 68 -70 -71 71 72 -74 -75 -76 -77 -78 78 -80
leaf_value=-0.38028227294531314 -0.095342674976578667 2.1501072633838545 -0.0028933794370400688 2.3182464647098362 6.2154354788383968 1.068363719285766 0.97791677459476078 3.5833785926057145 -0.33333107962862379 2.1122171295051144 -0.17722001442455254 0.20634681785569314 1.3286131101948602 2.0265137626345338 -0.25916400464134365 0.83383391614656455 5.6110797033590423 0.59651881562217635 1.3180894180218379 -0.19627450877178465 -0.33040148880836878 -0.048425621764841567 1.991649711243177 -0.084924596276666153 1.4049717500954191 0.77558023300870504 -0.076247891914565116 1.1977470500582503 3.2950751693738161 0.18430708646546781 1.8267397419440921 -0.11940096583096363 2.0979235146589139 0.16331936726185772 -0.15862060499870198 0.14586257726975499 0.060049983037889873 3.2417982196448869 7.0347944534656612 8.1708070486766786 0.017694721701481134 0.27808877498612827 2.0456708419539655 -0.34621472698606309 0.17489787359027956 0.038984593425086457 1.4119610402971607 -0.050704311240581314 2.2000021234410148 -0.030477156523225732 0.15014937420086613 1.5258279034072784 0.064542123828784076 2.0970002980046458 -0.17895933838310529 3.0433223441632378 0.18712089052406164 1.3536451660798512 0.39650850639390156 1.6792949788552698 0.14030764558090594 0.34683781280191234 0.59769645595720178 0.06470530056147579 1.3373713915531746 0.24001966763945576 -0.13811552130078394 0.15577071315019472 0.058021867774000389 1.1862067990947569 0.37439353415188348 1.4427024177999959 0.64477676200985656 -0.28842734453792068 -0.29837482659280551 0.51119638514540644 1.2772856508374801 -0.063930038759258692 1.0599871374308369
leaf_weight=35342 19540 209 333 351 283 241 729 230 2989 209 1971 247 2748 311 5868 246 271 748 224 57236 265 642 235 17869 220 1553 319 362 217 360 306 530 203 358 6694 5631 1296 288 1117 346 6244 6936 250 495 20377 25276 202 6685 209 347 202 200 201 230 378 200 8963 206 393 201 2271 2605 862 6202 231 1166 29331 710 3508 397 3440 269 1189 39817 706 2447 406 666 235
leaf_count=35342 19540 209 333 351 283 241 729 230 2989 209 1971 247 2748 311 5868 246 271 748 224 57236 265 642 235 17869 220 1553 319 362 217 360 306 530 203 358 6694 5631 1296 288 1117 346 6244 6936 250 495 20377 25276 202 6685 209 347 202 200 201 230 378 200 8963 206 393 201 2271 2605 862 6202 231 1166 29331 710 3508 397 3440 269 1189 39817 706 2447 406 666 235
internal_value=0.000116651 0.255366 0.734492 2.00402 5.34263 6.0578 0.1813 6.59223 0.231007 -0.215567 0.12488 0.0829528 1.0289 0.781572 -0.0634077 0.707019 6.93338 0.244732 1.27304 -0.138922 0.748797 0.435614 1.0791 -0.142761 -0.201349 1.12915 0.529814 1.87049 2.23111 0.0233616 0.102202 0.61397 0.0664246 0.865851 0.0462357 0.128463 0.555938 1.54609 7.13529 7.30886 -0.116448 0.411183 -0.0844848 0.458098 0.197364 -0.0195836 -0.326671 0.0630774 0.324649 0.634881 1.19534 0.189164 0.795346 2.68467 0.22101 0.231914 0.305895 0.463838 1.29282 0.383643 0.349776 0.479392 0.803599 0.067105 0.130492 0.422298 -0.0922948 -0.0325168 0.170377 0.52605 0.369599 0.499102 0.792881 -0.280139 0.0832531 0.618599 0.836925 -0.112487 0.230062
internal_weight=343790 157453 21080 8135 2821 2488 136373 2247 5314 186337 127863 4963 8510 1435 12945 833 2017 58636 5334 110270 474 1124 482 109796 3528 4301 539 1033 671 69227 24411 1594 22817 561 22256 14661 1944 648 1746 1463 12112 12988 52560 745 45648 44816 76067 12717 1288 758 411 6032 401 447 624 36078 15701 6738 593 6145 5939 3668 1063 9570 7599 1397 51815 22484 4615 1107 11834 4898 1458 40725 908 3176 1154 7595 901
internal_count=343790 157453 21080 8135 2821 2488 136373 2247 5314 186337 127863 4963 8510 1435 12945 833 2017 58636 5334 110270 474 1124 482 109796 3528 4301 539 1033 671 69227 24411 1594 22817 561 22256 14661 1944 648 1746 1463 12112 12988 52560 745 45648 44816 76067 12717 1288 758 411 6032 401 447 624 36078 15701 6738 593 6145 5939 3668 1063 9570 7599 1397 51815 22484 4615 1107 11834 4898 1458 40725 908 3176 1154 7595 901
is_linear=0
shrinkage=0.06


Tree=11
num_leaves=80
num_cat=0
split_feature=94 96 205 97 97 100 97 100 166 97 204 46 96 194 35 84 85 94 70 96 207 80 94 207 96 198 97 43 209 79 114 193 207 80 196 203 103 207 193 76 197 157 196 56 76 98 126 94 56 194 82 89 94 140 92 208 54 96 207 91 193 84 207 209 85 181 203 96 97 207 206 194 72 28 97 205 146 28 208
split_gain=4.68291e+06 1.2769e+06 1.11245e+06 4.55973e+06 1.09358e+07 2.82315e+06 864241 943016 1.21842e+06 703741 929733 691978 533651 286809 267930 221086 213733 169900 179277 131057 117601 115308 108150 103796 90155.9 88575.7 82614.2 81540.7 72801.2 76988.2 69362.9 74722.5 66249.2 64242.5 61095.9 65246.2 60129 134650 415208 68416 107322 55341.7 54360 55743.4 80969.3 53370.9 90873.6 134082 52835.8 47927.6 50351.8 47828.7 46511.1 45142.6 42347.9 42022.3 39847.8 37999.5 37337.2 37007 35381.4 128535 35085.4 34153.1 33845.8 33314.1 31998.8 31488.6 30936.2 30787.4 30570.4 30365.4 29108.8 31174.1 27608.8 27297.4 34121.3 27215.2 26929.8
threshold=14.688240528106691 40.390100479125984 0.37940952181816107 36.21507644653321 48.168771743774421 13.300000190734865 63.294715881347663 23.94999980926514 33.500000000000007 40.950769424438484 17.000000000000004 13.302500247955324 9.7091674804687518 50.500000000000007 310.50178527832037 43.38750076293946 18.703500747680668 44.443561553955085 33.806501388549812 20.742754936218265 -0.90893998742103566 23.481999397277836 5.8276236057281503 -0.94423642754554737 17.880798339843754 8.6500000953674334 88.929145812988295 12.204999923706056 5.5000000000000009 0.74745464324951183 -298.06298828124994 19.050000190734867 0.96687895059585582 9.927500247955324 81.500000000000014 0.76037701964378368 49.149999618530281 0.5986820161342622 16.849999427795414 24.982212066650394 990.64999389648449 96.77500152587892 30.500000000000004 32.10542297363282 45.483896255493171 6.1039998531341562 -0.64977428317069996 24.459066390991214 66.803859710693374 78.500000000000014 2.7674999237060551 7.9060001373291025 32.556417465209968 10.480782508850099 14.885000228881838 -0.35846087336540217 29.772681236267093 18.711366653442386 0.9646572768688203 24.501000404357914 7.0499999523162851 4.5009999275207528 0.9837264120578767 4.5000000000000009 5.8274998664855966 43.000000000000007 -0.25037047266960138 24.248289108276371 4.6442852020263681 0.92273071408271801 1.0000000180025095e-35 67.500000000000014 17.628999710083011 259.05000305175787 1.76990282535553 -0.37940952181816096 26.849999427795414 141.14749908447268 0.98630350828170787
decision_type=10 10 2 2 2 10 2 10 10 2 2 10 10 8 8 8 8 10 10 8 2 2 8 2 10 10 2 10 2 8 8 10 2 2 8 10 8 2 8 8 8 10 8 10 10 2 10 10 10 8 10 8 10 10 8 2 10 8 2 8 8 10 2 2 10 2 8 10 2 2 2 8 8 10 2 2 10 10 2
left_child=9 2 16 13 5 11 7 8 -6 12 -11 -5 22 25 23 20 33 58 63 32 -3 57 74 -13 60 30 27 -22 29 -17 -4 -32 -15 71 35 48 -26 39 -39 40 -38 45 43 44 -34 51 47 -47 56 50 -41 -21 -23 -33 -25 -29 -30 -18 -8 -57 61 -14 77 -19 -63 -31 -36 -40 -62 -67 -71 -2 73 -61 -1 -70 -77 -28 -54
right_child=1 15 3 4 6 -7 17 -9 -10 10 -12 14 24 19 -16 28 21 18 -20 41 26 52 -24 54 36 -27 62 55 34 65 31 53 42 -35 66 -37 37 38 67 49 -42 -43 -44 -45 -46 46 -48 -49 -50 -51 -52 -53 78 -55 -56 59 -58 -59 -60 72 68 64 -64 -65 -66 69 -68 -69 75 70 -72 -73 -74 -75 -76 76 -78 -79 -80
leaf_value=-0.3642346617391875 -0.022178041402218827 1.9438850524981277 0.38497166034398161 2.8226933643221854 5.3776163219842381 -0.4466573677868933 -0.29416499991134887 -1.0323756272765412 -0.0799762693678195 4.4409661592310128 -0.24123241105138563 5.3438904488086694 1.6073399544451938 -0.016623301417694251 4.297445113835404 1.2306982249452927 0.004845904448124454 0.76861390977421995 2.1655555492196532 1.0599551577942565 1.6756608098663472 0.246941035050252 -0.22050907811553766 6.6004623039860153 -0.074347065266338469 0.26359583474911968 0.81151427848618241 0.088137512761468598 1.5034594665393886 1.0958914268548232 1.9863302740493971 0.68632004168694838 1.514703068864995 0.021833843632816763 1.4702697908126494 2.6991916335233741 1.7771900999339501 2.6622215443012256 -0.064427511677835031 0.89936097047667374 0.098396998997951776 0.0039387366224206966 0.0062516152233306208 0.26413914743817984 0.065829352405727709 2.1160729601479216 0.32193998390487577 0.39079074493807081 1.1319973289249212 -0.26629046246009108 0.030376706233313087 0.240998848216122 0.52621751208405099 1.3108803525448391 7.4424742757659601 0.16701299305476019 2.5032864357427109 0.15738581055383871 0.53470617333570358 0.76172642057553086 -0.12586388755554345 0.5948881373335333 -0.4502891805479603 -0.15251163946172022 -0.29280428421154547 -0.16107639710587193 0.49580298810384488 0.77910485798897944 -0.13083009386915712 0.17946612003561738 1.1607905407563635 -0.25390742108255171 0.6419328544165247 1.6918291067495941 -0.26258031957604983 -0.0077292970393402511 0.62760123285354141 -0.020135451877758791 -0.17996088966871929
leaf_weight=37893 3306 221 1463 223 380 278 3318 260 240 274 343 215 201 16605 205 2410 9678 226 221 262 272 11699 62452 1017 4021 2328 236 495 342 346 208 2172 373 28960 219 206 201 314 691 294 427 2492 1433 1181 221 297 1423 357 591 1702 1289 10941 3610 517 387 358 257 14977 207 276 60352 203 340 400 638 248 274 206 8249 230 227 5298 903 249 12909 14165 310 352 205
leaf_count=37893 3306 221 1463 223 380 278 3318 260 240 274 343 215 201 16605 205 2410 9678 226 221 262 272 11699 62452 1017 4021 2328 236 495 342 346 208 2172 373 28960 219 206 201 314 691 294 427 2492 1433 1181 221 297 1423 357 591 1702 1289 10941 3610 517 387 358 257 14977 207 276 60352 203 340 400 638 248 274 206 8249 230 227 5298 903 249 12909 14165 310 352 205
internal_value=3.34749e-05 0.272692 0.22383 0.445069 1.80038 5.22535 0.283477 1.9979 3.26827 -0.179825 1.84188 5.9955 -0.185874 0.202106 6.38165 0.961263 0.081947 -0.0619811 0.700556 0.134344 0.604539 0.178156 -0.273398 6.64274 -0.079587 0.562575 0.518973 0.695142 1.20794 1.04376 0.722117 0.892185 0.0316061 -0.0209362 1.50805 1.7111 0.0993197 0.235591 0.788194 0.0644126 0.637689 0.263395 0.281175 0.502999 0.976661 0.312078 0.591403 1.17632 1.53793 -0.0453424 0.192233 0.260244 0.306304 0.806844 6.83769 0.577536 1.93589 0.0975109 -0.245353 0.71305 -0.0990381 0.248263 0.0340931 0.180731 -0.0780817 0.614338 0.93078 0.129945 -0.103397 0.376783 0.668378 -0.164881 0.849729 1.20524 -0.33841 -0.0437253 0.00591951 0.314467 0.488234
internal_weight=343769 136635 127583 49850 7577 2325 5252 880 620 207134 617 2047 206517 42273 1824 9052 77733 4372 847 35585 3702 40169 113254 1619 93263 6688 3481 2553 5350 3461 4360 2897 19813 37564 1889 1396 9145 5124 1211 3913 628 15772 3208 1775 594 13280 2077 654 1190 3285 1583 11203 15514 2689 1404 2281 599 24655 3525 1786 84118 1042 928 626 841 1051 493 897 83076 705 457 8604 1428 525 50802 22724 14475 588 3815
internal_count=343769 136635 127583 49850 7577 2325 5252 880 620 207134 617 2047 206517 42273 1824 9052 77733 4372 847 35585 3702 40169 113254 1619 93263 6688 3481 2553 5350 3461 4360 2897 19813 37564 1889 1396 9145 5124 1211 3913 628 15772 3208 1775 594 13280 2077 654 1190 3285 1583 11203 15514 2689 1404 2281 599 24655 3525 1786 84118 1042 928 626 841 1051 493 897 83076 705 457 8604 1428 525 50802 22724 14475 588 3815
is_linear=0
shrinkage=0.06


Tree=12
num_leaves=80
num_cat=0
split_feature=95 205 99 114 36 99 93 95 94 85 209 95 95 202 82 200 80 150 209 76 95 85 80 95 91 59 99 193 38 76 162 204 209 86 139 54 155 85 201 99 95 209 208 193 165 208 9 203 88 193 12 7 80 80 95 146 198 85 59 100 83 198 95 94 76 82 22 95 18 80 122 176 193 101 208 88 183 173 26
split_gain=4.118e+06 1.05763e+06 1.79707e+06 1.68268e+06 2.6765e+06 2.70202e+06 1.90757e+06 819046 664626 729688 549305 517810 418841 399619 368063 306114 299185 297641 254278 343631 380303 248411 210924 194172 161033 144345 124784 456728 350607 103083 183865 756880 102188 147158 339734 296045 311714 100839 94646.2 101247 89579.2 83777.2 72390.2 99123.5 86393.2 67991.2 60083 59331.2 58719.2 56981.3 55106.6 77964.8 52533.1 52486.6 51799.1 51744.7 51741.4 55284.1 51469.3 45715 45212.8 43627.8 41364.2 40036.9 39785.8 39631.3 38611.5 33659.5 31831.1 31680.6 27712.2 34547.7 27492.4 55260 27121 26977.8 71629.3 26732.2 26309.4
threshold=14.924178600311281 0.93301269412040722 0.5849612057209016 352.88233947753912 267.28839111328131 0.91204342246055614 27.415249824523929 37.913728713989265 27.633520126342777 13.904999732971193 4.5000000000000009 9.184965133666994 43.944955825805671 0.99140709638595592 20.001000404357914 15.449999809265138 38.962499618530281 1.7001918554306032 7.5000000000000009 47.20930480957032 24.24803447723389 11.402499675750734 15.779999732971193 20.749359130859379 19.402500152587894 0.36105085909366613 0.72101914882659923 8.9499998092651385 -131.87499999999997 32.651695251464851 2.1132373809814458 10.500000000000002 10.500000000000002 9.5075001716613787 21.68650054931641 19.170675277709964 13.394999980926515 25.210000038146976 117.50000000000001 0.33317074179649359 5.975832700729371 5.5000000000000009 0.2332836911082268 16.94999980926514 5.4138731956481942 -0.031174269504845139 238.44999694824222 0.97625884413719188 8.9039998054504412 5.0499999523162851 320.14999389648443 285.62500000000006 18.901499748229984 23.026499748229984 26.083090782165531 15.84999990463257 0.94999998807907116 11.129000186920168 0.14926966279745105 129.69999694824222 30.699000358581547 8.8499999046325701 12.485429286956789 29.319250106811527 22.070900917053226 21.832500457763675 160.02749633789065 19.900753021240238 59.541500091552741 26.501500129699711 10.300537109375002 5.3750000000000009 25.44999980926514 83.700000762939467 -0.39036008715629572 10.386499881744387 60.75782775878907 1353.6199951171877 140.11650085449222
decision_type=10 2 2 8 8 2 10 10 10 8 2 8 10 8 10 8 2 2 2 8 10 10 2 10 8 10 2 8 10 10 2 2 2 8 8 10 2 10 8 2 10 2 2 10 2 2 10 10 8 8 8 8 2 2 10 10 8 8 10 8 8 8 8 8 10 10 8 10 10 2 8 2 10 8 2 8 10 2 8
left_child=11 7 12 53 5 6 8 22 13 -10 15 40 32 17 78 -7 47 21 19 20 -6 23 56 48 66 -22 62 28 -28 -29 31 -31 33 34 -3 -36 -37 67 39 63 -1 58 43 -41 -44 61 64 60 -5 -42 77 -52 -34 -4 -45 -19 -2 -58 -18 -56 -9 -21 -13 75 -43 -40 -12 -24 -55 -39 71 -32 -14 -74 -60 76 -35 -20 -8
right_child=1 2 3 4 18 10 14 16 9 -11 24 26 72 -15 -16 -17 41 55 50 45 25 -23 37 -25 -26 -27 27 29 -30 30 70 -33 52 38 35 36 -38 69 65 42 49 46 44 54 -46 -47 -48 -49 -50 -51 51 -53 -54 68 59 -57 57 -59 74 -61 -62 -63 -64 -65 -66 -67 -68 -69 -70 -71 -72 -73 73 -75 -76 -77 -78 -79 -80
leaf_value=-0.31805441624407971 0.78754323653381897 0.084719139916698355 -0.030085303305042537 6.2226009962293833 3.2641381791202808 4.0918324626456286 -0.8150885393364089 0.037001978735584834 0.52711711102624936 4.7903690478380989 -0.50588493078844887 -0.12131924014295843 1.014261682604032 2.3825990510995587 2.7622704411467702 1.0900138734121922 1.2022312424945345 5.6837343695554239 -0.20254791226328198 1.3899240171240597 -0.20461031521100606 3.0806670841211226 0.033903064626711235 3.7896233781171693 1.475506037202365 1.8889546881343278 0.14241035936445726 -0.1164155543100456 3.4832564192071671 4.063147304035355 -0.096561729794039444 -0.19430540203951394 -0.13353579465945026 1.2751260584988875 -0.25217192022458595 4.1599161997064948 1.3102888057350126 0.20284764120633234 0.01025596589367183 2.0252887440255831 0.63598473605426309 0.61499908812294235 0.062266823164419324 0.5142175919491988 1.3564598825553225 -0.26143193692125322 2.2283689477662931 1.1836555115552234 4.9410429531214186 -0.21309333546619996 0.042169973646837562 1.4740502032486635 0.18231766013827094 0.29086033495839614 0.6874412013567528 7.0443383604904701 -0.17056537243876363 -0.0012830757553170587 0.011123061311509221 1.8229415357841674 0.52377219767664251 0.1815033488759869 -0.037044731097764148 0.62765591415019339 1.4109543780339036 0.24757913539547904 0.41666024659551787 0.15326182164339974 1.0938579101839536 0.40078576398784377 -0.056244920110152315 0.9664326521120965 0.98579284089703978 2.3087602895409312 0.74522117141255872 0.15807648432378682 0.022993602100938846 0.36743620299480179 0.10958538507178742
leaf_weight=50563 264 1081 3174 377 381 203 209 1966 309 271 874 56355 1279 212 201 308 984 231 1610 204 267 286 15262 279 211 212 204 5008 253 222 203 461 4063 284 203 224 362 5671 7228 205 285 298 1324 1978 215 523 260 241 244 58064 377 214 3552 1082 293 260 10110 22181 202 228 1055 227 33391 807 967 3899 200 19214 212 5989 1624 239 268 200 1759 8510 389 362 234
leaf_count=50563 264 1081 3174 377 381 203 209 1966 309 271 874 56355 1279 212 201 308 984 231 1610 204 267 286 15262 279 211 212 204 5008 253 222 203 461 4063 284 203 224 362 5671 7228 205 285 298 1324 1978 215 523 260 241 244 58064 377 214 3552 1082 293 260 10110 22181 202 228 1055 227 33391 807 967 3899 200 19214 212 5989 1624 239 268 200 1759 8510 389 362 234
internal_value=-0.000688137 0.254757 0.473357 1.05803 1.51833 2.48005 3.549 0.127406 4.3073 2.5239 0.626296 -0.169571 0.253571 4.85325 0.639632 2.28818 0.716626 5.16397 0.439396 0.982777 1.85181 4.64022 0.0695026 5.13185 -0.0358424 0.723983 -0.0694775 0.154349 1.9955 0.0456348 0.340785 1.19344 0.2081 0.262435 0.77597 1.72174 2.4048 0.152018 0.224538 0.327021 -0.259597 1.03541 0.572551 0.759485 0.24383 0.198248 1.39665 0.279599 5.72781 -0.208935 0.0545771 0.562265 0.0137979 0.101247 0.654879 6.41707 -0.0474367 -0.0542874 0.847945 1.1869 0.20711 0.755364 -0.0899647 0.222692 1.22408 0.0934309 -0.333861 0.100426 0.423161 0.304542 0.058465 0.479109 1.15989 1.55488 0.669647 0.187039 0.55249 -0.0977827 -0.327514
internal_weight=343641 136769 50346 13754 9286 4909 3113 86423 2469 580 1796 206872 36592 1889 644 511 7732 1677 4377 1814 860 1186 78691 900 1285 479 97960 8214 457 7757 2749 683 34845 27230 1870 789 586 46136 25360 14233 108912 4470 4243 2704 1539 954 1525 3262 621 58349 2563 591 7615 4468 2499 491 32555 32291 2945 521 3021 431 89746 9990 1265 11127 1074 34476 1294 11660 2066 442 1747 468 1961 9183 673 1972 443
internal_count=343641 136769 50346 13754 9286 4909 3113 86423 2469 580 1796 206872 36592 1889 644 511 7732 1677 4377 1814 860 1186 78691 900 1285 479 97960 8214 457 7757 2749 683 34845 27230 1870 789 586 46136 25360 14233 108912 4470 4243 2704 1539 954 1525 3262 621 58349 2563 591 7615 4468 2499 491 32555 32291 2945 521 3021 431 89746 9990 1265 11127 1074 34476 1294 11660 2066 442 1747 468 1961 9183 673 1972 443
is_linear=0
shrinkage=0.06


Tree=13
num_leaves=80
num_cat=0
split_feature=96 97 205 97 100 94 97 94 112 207 95 96 94 99 193 125 36 96 194 193 99 185 96 141 94 74 11 207 97 97 160 92 123 205 90 209 103 74 194 94 81 201 36 47 66 81 194 205 163 57 207 95 90 205 94 110 20 92 5 207 193 123 94 76 44 95 207 93 16 104 205 94 94 201 77 94 94 206 201
split_gain=3.67449e+06 1.09308e+06 4.24199e+06 9.99984e+06 1.67195e+06 1.29806e+06 950770 945816 723522 876683 371029 327694 272088 256688 201759 185984 450688 146941 139106 118820 175300 116220 91988.2 106466 74365.8 70488.9 62643.9 62620.3 58756 265958 58287.1 57372.3 53880.7 52100.5 106361 268456 541214 110692 53524.4 51325.2 47817 45524.6 77038 43939.2 42733 39462.8 38835.5 61542.3 34814.7 34112.1 109124 34083.8 34863.4 79249 223910 368993 553871 37355.1 52808.8 33705.8 32766.8 32106.8 31406.6 30497.5 29700.7 124486 29356.6 28578.2 28092.5 27809.3 29011.9 27486.8 26791.1 26279.6 26215 25979.5 24279.8 24256.1 24139.9
threshold=13.936894416809084 36.21507644653321 0.93301269412040722 48.168771743774421 22.650000572204593 42.197711944580085 63.294715881347663 32.556417465209968 -1314.752502441406 0.27694219350814825 25.509792327880863 8.06439256668091 42.197711944580085 0.82751867175102245 14.150000095367433 0.33169119060039526 204.98958587646487 17.880798339843754 32.500000000000007 5.0499999523162851 0.30372016131877905 153.70687103271487 46.914346694946296 7.3819017410278329 10.776729106903078 32.660623550415046 69.009998321533217 -0.32614396512508387 42.884325027465827 48.168771743774421 28.500000000000004 21.503999710083011 40.75843811035157 0.93301269412040722 12.002500057220461 3.5000000000000004 124.27350234985353 20.138187408447269 50.500000000000007 4.5551645755767831 9.927500247955324 52.500000000000007 171.22954559326175 31.702500343322757 104.97399902343751 15.779999732971193 62.500000000000007 0.37940952181816107 32.915000915527351 0.1794179901480675 0.96234640479087841 9.184965133666994 8.9014997482299822 0.93301269412040722 10.642074108123781 857.75000000000011 204.51999664306643 31.758500099182132 151.05000305175784 0.999393790960312 35.049999237060554 3.8794074058532719 22.458884239196781 59.749738693237312 10.5314998626709 15.670791149139406 0.97112539410591137 27.817334175109867 29.052990913391117 4.461956501007081 0.12940952181816109 9.623660087585451 18.428458213806156 97.500000000000014 90.812438964843764 15.452107906341555 25.949479103088382 0.91597560048103344 157.50000000000003
decision_type=8 2 2 2 10 10 2 10 10 2 10 10 10 2 8 10 8 10 8 8 2 10 8 8 10 10 10 2 2 2 10 8 10 2 8 2 8 8 8 8 2 8 8 8 8 2 8 2 10 8 2 10 10 2 8 8 8 8 8 2 10 8 10 8 10 10 2 10 10 10 2 8 10 8 8 8 10 2 10
left_child=11 5 18 4 7 10 8 13 9 -5 17 39 66 25 -15 16 -14 51 21 20 -13 -3 77 -24 -21 43 -18 -25 46 -30 33 73 -29 45 35 36 -35 -37 59 -1 -20 42 -33 -4 72 -19 47 -26 -31 50 -41 -2 53 -53 55 -55 -57 -56 -59 -36 -23 78 -27 67 65 -40 -8 -43 -42 70 -70 -66 -39 76 -75 -54 -12 -7 -49
right_child=1 2 3 6 -6 22 12 -9 -10 -11 31 19 15 14 -16 -17 26 30 40 24 -22 60 23 27 28 62 -28 32 29 48 -32 41 -34 34 38 37 -38 44 64 49 68 63 -44 -45 -46 -47 -48 61 -50 -51 -52 52 75 54 57 56 -58 58 -60 -61 -62 -63 -64 -65 71 -67 -68 -69 69 -71 -72 -73 -74 74 -76 -77 -78 -79 -80
leaf_value=-0.32544315298771559 -0.26872674001217811 1.7634846747357134 4.9727711294202379 1.6042536517412946 -0.054530469647185366 0.5833392613137417 -0.30658437429666241 1.5973487304959977 -0.70349955416028043 6.5807961896587823 0.15246304862693885 -0.23067409579310258 3.3069176348276876 5.8924767784371754 3.2844487407842577 -0.013612040840243258 1.0785774167373028 0.0082573044366249151 -0.22690783501607664 -0.15985870853445644 2.1819783771571823 -0.12762124494407634 2.4340464868280107 1.8375225252943768 -0.038444124901560447 6.2629632052915021 -0.19485903694084636 1.0764752937355717 1.8056058465113487 0.23532299847796456 -0.034862870998479345 1.549018909155305 0.073268462975048326 0.15817166159435042 0.37749101540233732 1.5024195327288632 3.4562794153501808 -0.37674042117205403 1.7441065692955864 -0.22957363477759105 0.56957256118231747 0.28092516746161539 0.51073269679824329 6.0856275394984651 0.78419553938274555 0.1583221484824395 -0.10406169099813858 1.2189767477432734 -0.62435832132972835 -0.23544995086670906 1.2990685073733328 -0.023436950609353868 -0.076540190006467251 -0.31334852588929207 -0.0079103707852013136 4.6922637691737998 0.23125450168082964 0.12891654153829918 1.104939160259633 1.1852726451311171 0.79843380965091082 0.18345163364416983 7.2342395511426423 0.066449427353316229 -0.48000811239877311 0.18552306475103078 0.43743107348753901 0.4745504331711608 -0.1268634637574623 0.49061298889411581 0.2070311952921218 0.11104600092084979 0.18301145338266753 0.13806910592011051 -0.55594265689464606 0.023452595679153674 0.45609788145822344 1.1221361244340307 0.35687913775878177
leaf_weight=32428 1744 253 202 342 219 1695 3242 209 206 203 1723 235 271 210 228 725 238 9491 6058 55022 200 361 227 372 13329 372 332 3260 325 288 6402 287 205 419 2038 202 312 692 205 712 307 5314 2441 657 216 18814 34385 210 410 49551 219 7967 19159 300 2688 200 200 641 289 204 221 1739 303 1234 290 1770 202 5689 4209 361 1204 10673 553 4444 204 18276 2111 367 265
leaf_count=32428 1744 253 202 342 219 1695 3242 209 206 203 1723 235 271 210 228 725 238 9491 6058 55022 200 361 227 372 13329 372 332 3260 325 288 6402 287 205 419 2038 202 312 692 205 712 307 5314 2441 657 216 18814 34385 210 410 49551 219 7967 19159 300 2688 200 200 641 289 204 221 1739 303 1234 290 1770 202 5689 4209 361 1204 10673 553 4444 204 18276 2111 367 265
internal_value=7.31064e-05 0.217249 0.618126 1.6898 4.94294 0.153693 0.333938 5.44455 2.32329 3.46656 0.112602 -0.177108 0.0353296 5.85127 4.54545 0.690805 1.29736 0.0638824 -0.0560654 -0.107426 0.881052 0.692558 1.00671 1.17241 -0.111492 6.22092 0.337814 1.09715 -0.0592589 0.390649 0.134728 0.328155 1.01716 0.158393 0.239537 0.611155 1.56864 0.189585 0.180894 -0.266535 -0.107613 0.398817 0.620493 5.83002 0.00716667 0.108006 -0.068485 0.0102213 -0.269818 -0.228689 0.131018 -0.0080891 0.00105836 0.0887587 0.295725 1.27719 2.4679 0.105534 0.433079 0.451487 0.224791 0.303088 6.70901 0.349352 0.133972 0.348101 -0.262832 0.381071 0.0112476 -0.0185317 -0.0525716 0.0953687 -0.128164 0.203451 0.107496 -0.0277238 0.31972 0.679733 0.739777
internal_weight=343771 154453 21135 8161 2400 133318 5761 2181 751 545 127192 189318 5010 1972 438 1566 841 103745 12974 106408 435 835 6126 4064 105973 1534 570 3837 50951 1023 52281 23447 3465 45879 17574 2394 731 1663 15180 82910 12139 14965 2728 859 1461 28305 49928 15543 698 50482 931 51464 49720 12285 4318 700 400 3618 930 2242 582 2214 675 12237 12938 1975 3444 11003 6081 5774 5413 10963 1245 8482 4648 37435 3834 2062 475
internal_count=343771 154453 21135 8161 2400 133318 5761 2181 751 545 127192 189318 5010 1972 438 1566 841 103745 12974 106408 435 835 6126 4064 105973 1534 570 3837 50951 1023 52281 23447 3465 45879 17574 2394 731 1663 15180 82910 12139 14965 2728 859 1461 28305 49928 15543 698 50482 931 51464 49720 12285 4318 700 400 3618 930 2242 582 2214 675 12237 12938 1975 3444 11003 6081 5774 5413 10963 1245 8482 4648 37435 3834 2062 475
is_linear=0
shrinkage=0.06


Tree=14
num_leaves=80
num_cat=0
split_feature=96 97 205 97 100 94 93 97 132 9 96 96 94 94 35 96 194 200 95 141 193 85 54 166 92 97 81 81 207 85 194 85 85 207 56 166 97 205 91 146 180 194 194 201 31 104 94 16 207 35 16 160 201 197 34 76 96 97 194 199 36 92 112 193 191 209 27 166 91 194 56 70 36 194 85 99 118 25 105
split_gain=3.21406e+06 1.04833e+06 3.73713e+06 8.94817e+06 1.45603e+06 1.19218e+06 854853 757173 638699 719837 294075 246752 240239 217593 190498 171735 123149 111911 89000.6 82102 76690.3 165609 75529.7 111852 68934.9 88367.2 55857.9 55212.8 51318.5 50260 60949.8 49630.2 48359.1 50267.4 40497 40080 42081.9 47622 96943.8 213186 48188 39654 36411.5 35124.5 52377.4 109522 31829.8 31347.3 31145.8 31133.6 96164.1 30958.3 38697 29722.7 69608.2 28887.9 28556.6 30965.7 131392 28384.5 28338.9 27950.4 27881.9 27582.5 36309.6 27239.1 47871.8 75497.5 40600.7 89523.5 25519.8 29531.2 25961.8 25379.8 23592.9 23453.5 38634.1 23185.9 25314.2
threshold=13.335365295410158 36.21507644653321 0.93301269412040722 48.168771743774421 22.650000572204593 36.957334518432624 28.269000053405765 63.294715881347663 -73.857776641845689 30.755000114440922 19.245353698730472 7.4810249805450448 25.663520812988285 42.197711944580085 121.29818725585939 43.21882629394532 32.500000000000007 14.34999990463257 28.483522415161136 5.9231507778167733 5.0499999523162851 6.7260000705719003 60.971124649047859 36.500000000000007 14.885000228881838 42.884325027465827 13.828999996185305 18.101500511169437 0.9470459818840028 27.202500343322757 96.500000000000014 11.502500057220461 52.850000381469734 -0.32614396512508387 60.846452713012702 79.500000000000014 24.971164703369144 0.37940952181816107 9.681000232696535 20.94999980926514 0.59805998206138622 50.500000000000007 66.500000000000014 92.500000000000014 132.0350036621094 29.585416793823246 4.2543771266937265 27.914626121521 0.97112539410591137 238.76918029785159 117.33075332641603 21.500000000000004 137.50000000000003 983.54998779296886 110.43746185302736 61.074563980102546 9.9847736358642596 42.884325027465827 86.500000000000014 99.500000000000014 403.36105346679693 12.308000087738039 90.149997711181655 32.049999237060554 7.2370414733886728 10.500000000000002 260.02999877929693 152.50000000000003 8.6524996757507342 86.500000000000014 90.073581695556655 10.401000022888185 251.23167419433597 20.500000000000004 12.405999660491945 0.87895214557647716 20.849999427795414 205.03749847412112 14.771258831024172
decision_type=8 2 2 2 10 10 8 2 10 10 10 10 10 10 8 8 8 10 8 8 8 10 10 10 8 2 2 2 2 8 10 10 10 2 10 10 2 2 8 10 10 8 10 8 8 8 8 10 2 8 10 8 8 10 8 8 10 2 10 10 8 8 10 10 10 2 10 10 10 10 10 10 8 8 8 2 10 8 10
left_child=11 5 16 4 6 10 12 8 9 -5 29 46 24 48 -15 60 17 -3 27 -17 21 -13 42 -24 25 -4 56 35 -19 51 53 -18 63 -34 -35 36 37 75 39 40 -39 -40 -16 44 45 -20 -1 -33 -9 50 -43 52 65 -31 -55 -45 -22 -58 -59 -27 73 -44 -49 64 -21 66 -2 68 69 -68 72 -72 77 -7 -38 -12 -77 -46 -79
right_child=1 2 3 7 -6 15 -8 13 -10 -11 18 20 -14 14 22 19 31 28 43 32 26 -23 23 -25 -26 59 -28 -29 -30 30 -32 47 33 34 -36 -37 74 38 41 -41 -42 49 61 55 70 -47 -48 62 -50 -51 -52 -53 -54 54 -56 -57 57 58 -60 -61 -62 -63 -64 -65 -66 -67 67 -69 -70 -71 71 -73 -74 -75 -76 76 -78 78 -80
leaf_value=-0.31108888063553625 0.058723049850190036 1.8319758527888725 4.6025661515786096 5.7477510070867597 -0.012634525275537491 0.10367137543510738 1.3648171292179323 -0.26831005595836932 -0.8411892103735763 1.365690285205841 0.021491163472020923 1.9414192710956242 3.8704985992670058 2.1677170187254724 0.53611951470815011 2.1261593855501255 -0.1929047747998536 0.92044727706042417 0.41516325113540087 1.5062832189577184 -0.17666659706450796 -0.30513056313388653 1.9595987359434364 0.01951215928289252 6.4262107676510354 5.1754391461749414 -0.027073051646714433 0.20252375304743925 -0.17743712019156382 0.021655351492617735 1.1262235376923198 0.73092515982338724 1.8047846013037385 1.1214235559735388 0.25248597477733248 -0.10349345191752467 -0.67073837846039441 -0.30003334814080396 0.5110519049491129 2.5503278026028591 0.78554073185109607 0.10592311158118903 -0.64149681104203826 0.29223347936109251 0.34659986045262897 2.0281841359240729 -0.22937944357417328 -0.01464159357648686 0.48717374081816966 -0.071211314601979769 1.2655086234058301 -0.10893522236301434 -0.037560118494906439 1.1126600103657873 0.16751752298429509 -0.11345434857020753 -0.11425231358322263 -0.32322720175342901 1.5515487572507161 6.0246831038487354 0.12138986936788321 0.19934937020408289 0.66354947919787266 0.2115144181481167 0.7196964182390132 -0.053205913587459699 0.16666883510667904 1.3036569320697768 0.070766132181423705 1.6092651751869032 1.2958683688649153 0.30146688638775831 0.20728555792370332 0.63551553458992371 0.087350335216947961 -0.035669188365340235 1.0794065694903652 1.4011859394774062 0.44565473038758802
leaf_weight=28468 15537 214 324 222 221 362 202 3295 201 344 8492 202 299 243 325 240 7486 250 458 253 42877 282 215 212 441 257 18593 29416 393 4944 220 234 363 2243 212 3756 373 265 1011 203 329 2236 311 6622 652 226 43281 4265 208 2147 290 9831 30878 306 3261 698 45475 391 204 696 570 261 229 291 1297 5464 513 259 1741 221 221 210 2252 3032 244 249 202 201 200
leaf_count=28468 15537 214 324 222 221 362 202 3295 201 344 8492 202 299 243 325 240 7486 250 458 253 42877 282 215 212 441 257 18593 29416 393 4944 220 234 363 2243 212 3756 373 265 1011 203 329 2236 311 6622 652 226 43281 4265 208 2147 290 9831 30878 306 3261 698 45475 391 204 696 570 261 229 291 1297 5464 513 259 1741 221 221 210 2252 3032 244 249 202 201 200
internal_value=-0.000229547 0.191557 0.583746 1.58127 4.63174 0.133001 5.0941 0.305528 2.06119 3.09155 0.0884636 -0.175551 5.46672 0.0395739 0.627047 0.806926 -0.0479925 0.646849 0.185805 1.04452 -0.118261 0.634549 0.342858 0.998667 5.74211 5.50102 -0.121655 0.150388 0.25019 0.0073789 0.142466 -0.0967954 0.988352 1.1448 1.04652 0.0729149 0.114225 0.133669 0.257501 0.8768 0.301545 0.170525 0.0299081 0.334245 0.467815 0.950303 -0.261803 0.0553865 -0.223325 0.0967589 0.239499 -0.0109248 0.00671988 0.116907 0.248887 0.253539 -0.141425 -0.108623 0.321078 5.80133 0.513106 -0.258146 0.0200568 0.748384 0.848976 0.064325 0.099474 0.330951 0.228675 0.602619 0.379249 0.813177 0.322432 0.578837 -0.371287 0.0439095 0.465049 0.56826 0.926906
internal_weight=344112 164339 21348 8277 2440 142991 2219 5837 767 566 134128 179773 2017 5070 1567 8863 13071 857 60953 4899 108024 484 1324 427 1718 1277 107540 49213 643 73175 8731 12214 4659 2818 2455 19797 16041 15424 6481 797 594 5684 897 11740 4420 684 71749 4728 3503 4673 2526 64444 54613 8511 3567 7320 88947 46070 595 953 3964 572 4494 1841 1550 23735 18271 2734 2475 734 3736 431 3305 3394 617 8943 451 1053 401
internal_count=344112 164339 21348 8277 2440 142991 2219 5837 767 566 134128 179773 2017 5070 1567 8863 13071 857 60953 4899 108024 484 1324 427 1718 1277 107540 49213 643 73175 8731 12214 4659 2818 2455 19797 16041 15424 6481 797 594 5684 897 11740 4420 684 71749 4728 3503 4673 2526 64444 54613 8511 3567 7320 88947 46070 595 953 3964 572 4494 1841 1550 23735 18271 2734 2475 734 3736 431 3305 3394 617 8943 451 1053 401
is_linear=0
shrinkage=0.06


Tree=15
num_leaves=80
num_cat=0
split_feature=94 94 205 99 99 36 100 93 199 94 85 39 94 87 209 45 193 82 194 86 26 94 99 28 181 93 23 4 35 10 9 207 72 99 193 20 75 16 80 85 94 114 87 147 79 39 91 85 29 49 207 198 207 193 73 91 45 35 52 36 206 207 207 207 76 193 199 99 147 93 193 99 92 90 205 208 199 94 115
split_gain=2.83517e+06 755968 651984 1.34171e+06 1.2959e+06 1.30912e+06 2.40542e+06 1.42935e+06 526516 544654 423187 386266 335523 299441 241762 326487 221402 215707 184233 147412 134693 114264 109543 101459 86570.2 81595.4 81173.1 79496.4 72682.8 84441.8 71686.5 70099.3 69626.6 68945.7 167768 174589 71875.1 80558.2 64151.1 61426.7 59977.7 58139.5 57946.6 51905.5 49317.8 76955.2 80567.3 48199.2 47082.9 43927 48927.3 43560.2 43470.5 83615.2 148871 42740 40514 52250 39059.2 42876.8 48981.6 38404.2 37857.3 47269 137682 37316.3 34584.4 32206.7 31212.8 31141.7 31087.3 30455.1 28026.4 27464 27291.3 38633.4 28875 27108.1 25801.9
threshold=14.688240528106691 42.197711944580085 0.37940952181816107 0.60014364123344432 0.91204342246055614 261.05882263183599 1.0000000180025095e-35 32.941583633422859 19.500000000000004 27.989417076110843 11.502500057220461 0.46238921582698828 8.5371303558349627 10.403499603271486 2.5000000000000004 48.987501144409187 8.6500000953674334 45.241500854492195 51.500000000000007 17.803999900817875 70.341499328613295 26.544060707092289 1.04492723941803 81.099998474121108 7.0000000000000009 62.169025421142585 478.06250000000006 43.969999313354499 243.2447204589844 106.24750137329103 16.029999732971195 0.9996619224548341 0.85350000858306896 0.74050867557525646 9.4499998092651385 248.11100006103518 30.149911880493168 32.181882858276374 18.755999565124515 26.133500099182132 4.1683957576751718 175.01625061035159 9.8415002822875994 -0.71322327852249134 1.0574485659599306 0.49492545425891882 7.3185000419616708 12.405999660491945 328.12500000000006 30.604000091552738 0.90162119269371044 8.6500000953674334 0.89017060399055492 16.050000190734867 58.506250381469734 14.828999996185305 68.312500000000014 269.48765563964849 23.821499824523929 128.78221130371097 1.0000000180025095e-35 0.87811094522476207 0.97112539410591137 -0.87395131587982167 57.534769058227546 16.849999427795414 321.50000000000006 0.50591489672660839 -0.41467745602130884 27.415249824523929 5.0499999523162851 0.94932973384857189 15.812500000000002 10.806000232696535 0.93301269412040722 0.14037931710481646 238.50000000000003 23.784187316894535 0.45466084778308874
decision_type=8 10 2 2 2 8 10 10 10 8 10 8 10 8 2 10 8 10 8 8 8 10 2 8 2 10 8 10 10 8 10 2 10 2 8 8 10 8 2 10 10 10 10 10 8 8 10 8 10 8 2 10 2 8 8 8 10 8 10 10 2 2 2 2 10 8 10 2 10 10 8 2 8 8 2 2 10 8 10
left_child=12 2 19 18 5 6 7 8 -5 11 -11 20 40 -13 15 -7 -6 22 31 47 -10 -17 23 -3 25 -19 41 -22 29 -29 43 51 42 52 35 -35 -36 -38 62 72 -1 55 -16 -25 73 46 -46 -2 -43 50 -8 69 -14 54 -54 -26 67 -58 59 -39 -61 -34 63 64 -20 -64 -24 -32 -9 -4 -42 -57 -21 -18 -55 76 -76 -40 -75
right_child=1 17 3 4 16 14 49 68 9 10 -12 13 33 -15 32 21 44 24 38 39 27 -23 66 30 26 -27 -28 28 -30 -31 56 -33 61 34 36 -37 37 58 77 -41 70 48 -44 -45 45 -47 -48 -49 -50 -51 -52 -53 53 74 -56 71 57 -59 -60 60 -62 -63 65 -65 -66 -67 -68 -69 -70 -71 -72 -73 -74 78 75 -77 -78 -79 -80
leaf_value=-0.28925088342122079 -0.13018097463930078 1.7726477854662102 0.43092780500222488 0.62807344729089976 1.5950840182015389 3.4350592877518604 0.021815591895273913 0.43696122219472527 3.5848061997389671 0.38616004624039274 4.0476292668883476 4.2984379614231196 -0.099178684106129761 1.1391563570201395 1.5288390167256654 1.7221294753784591 -0.39556405825866325 1.0540463499551596 0.049003132271755338 0.012663049650702994 5.9855486661454904 -0.097992735474540529 -0.14496557090500867 0.50679555776303109 0.13552675954131194 2.6091065878539843 0.24232802162485179 3.7181238069221241 5.7400038230582462 5.1438726428285717 0.65847170732744775 1.3382355716015444 -0.15059149040850331 2.5187481082522347 -0.11993955922347796 0.085348252074359213 1.4292273378678657 -0.0486835616200893 0.12012164843682635 0.27161095302857924 0.37070780192784625 1.0385163050703703 0.25446363510428821 1.7393425905482687 1.657321143191762 -0.33585214559583654 0.18427662329545599 0.018955026983281935 2.2527601978308716 -0.086746926941321328 1.0694757989414978 0.19295667178065648 0.078525913102802242 -0.07620099557973771 1.6270625456374186 0.89565266680002253 1.4634978867990189 0.42857697431732938 0.0078285241483527918 0.26150993487699564 1.3550948709071495 0.43072185436866789 0.81513871093179491 -0.071488014245536052 1.2984849844187689 0.14638159627537298 0.65084925606300859 0.033643511666739533 -0.56959804442597595 0.81919046816810004 -0.19143305543083247 1.6567831301689149 0.13589761214941892 0.60067144016521734 -0.0011844016321911214 -0.14735770981729629 0.33541474400212135 0.28103076906540264 -0.14857254156859109
leaf_weight=30157 11258 242 2454 202 296 203 320 201 290 262 200 214 75752 219 216 201 1645 300 2746 9584 275 322 1287 234 257 206 653 326 218 309 392 319 1525 206 4011 218 202 331 8080 9602 355 257 316 261 204 464 385 25404 212 1015 321 1908 815 13306 307 3744 231 729 1604 298 292 558 349 11045 358 2124 231 1216 245 1070 72888 200 21655 204 1601 1785 2148 7068 857
leaf_count=30157 11258 242 2454 202 296 203 320 201 290 262 200 214 75752 219 216 201 1645 300 2746 9584 275 322 1287 234 257 206 653 326 218 309 392 319 1525 206 4011 218 202 331 8080 9602 355 257 316 261 204 464 385 25404 212 1015 321 1908 815 13306 307 3744 231 729 1604 298 292 558 349 11045 358 2124 231 1216 245 1070 72888 200 21655 204 1601 1785 2148 7068 857
internal_value=-0.000966256 0.209876 0.169162 0.339184 0.891031 1.33583 1.99036 3.01426 3.56919 3.82567 1.97653 4.28588 -0.141703 2.70686 0.430989 1.39886 0.0180015 0.695369 0.162482 0.0604936 4.76581 0.60347 0.398415 0.592158 0.940962 1.69103 0.869357 5.06599 4.76287 4.41891 0.498342 0.474943 0.161848 -0.0649854 0.114567 1.27076 0.041634 0.279241 0.105907 0.138893 -0.218031 0.956963 0.773777 1.15888 -0.106576 0.241661 0.69641 -0.0268433 1.59101 0.158865 0.547312 0.424008 -0.0784219 0.000347331 0.503306 0.885816 0.370617 0.678869 0.186713 0.497908 0.804119 0.00526435 0.0245125 -0.013349 0.193484 0.241051 -0.0235146 0.186279 -0.116007 0.549016 -0.188703 0.93466 0.0980914 -0.242126 -0.0296311 0.0823357 0.191709 0.195215 -0.00408436
internal_weight=343965 137689 127037 49534 12013 7958 4617 2961 2515 2313 462 1851 206276 433 3341 726 4055 10652 37521 77503 1418 523 4823 3305 5829 506 5323 1128 853 635 3063 5751 2615 102876 7162 424 6738 2727 31770 40841 103400 4670 532 495 3759 1053 589 36662 469 1656 641 5432 95714 19962 1122 4201 2568 960 2525 921 590 2083 16622 14149 3104 2473 1518 1608 446 3524 73243 3944 31239 2706 18840 5534 3749 15148 1061
internal_count=343965 137689 127037 49534 12013 7958 4617 2961 2515 2313 462 1851 206276 433 3341 726 4055 10652 37521 77503 1418 523 4823 3305 5829 506 5323 1128 853 635 3063 5751 2615 102876 7162 424 6738 2727 31770 40841 103400 4670 532 495 3759 1053 589 36662 469 1656 641 5432 95714 19962 1122 4201 2568 960 2525 921 590 2083 16622 14149 3104 2473 1518 1608 446 3524 73243 3944 31239 2706 18840 5534 3749 15148 1061
is_linear=0
shrinkage=0.06


Tree=16
num_leaves=80
num_cat=0
split_feature=96 95 97 97 204 100 36 96 95 97 194 86 82 200 207 115 36 100 142 37 191 96 202 81 81 207 16 114 123 208 99 207 50 163 160 76 201 81 197 197 196 91 193 99 209 202 16 84 61 161 194 124 95 94 18 97 94 10 207 11 82 194 52 201 208 188 77 194 163 96 193 92 94 194 194 204 158 207 197
split_gain=2.62617e+06 710321 698576 3.00056e+06 6.86039e+06 1.33439e+06 1.00414e+06 311815 243693 235334 527276 219509 145887 126227 111874 108875 104473 477525 117612 92747 122059 81134 65711.2 64515.3 57931.9 57110.7 74764.2 69797.3 74386.5 54619.8 54115.8 49426.3 49267.2 106123 48879.8 46117.6 42538.7 41378.2 39702 39526.8 38737.4 38001.3 231945 37665.7 36902.8 36495.9 36118.3 36098.4 46100.9 35566 32790.8 35564.3 31354.5 47616.3 110881 28756.5 51325.8 28612.7 26660.3 37288.8 25966.2 35181.8 25717.3 25667.4 34249.9 29747.7 27993.8 25178.2 34286.6 24739.7 30961.4 85266.5 24621 23765.6 22151.1 39669.5 25910 22597.8 31107.5
threshold=14.902025222778322 43.944955825805671 36.21507644653321 54.202339172363288 8.0000000000000018 197.19999694824222 382.81842041015631 9.2945833206176776 25.79141998291016 42.884325027465827 91.500000000000014 3.9025000333786015 11.079999923706056 21.849999427795414 0.64579916000366222 1.0356022119522097 160.30117034912112 22.650000572204593 0.63881203532218944 24.689346313476566 46.802999496459968 17.880798339843754 0.84335932135581981 30.012999534606937 5.7775001525878915 -0.091260667890310274 105.84000778198244 110.72814941406251 20.049107551574711 0.274878740310669 0.24544165283441546 0.97112539410591137 52.729000091552741 3.6950000524520878 29.500000000000004 46.617485046386726 62.500000000000007 14.407499790191652 991.75000000000011 979.14999389648449 26.500000000000004 8.8775000572204608 16.150000572204593 0.21881825476884845 8.5000000000000018 -0.46173103153705591 49.917840957641609 19.527500152587894 70.049999237060561 16.195000648498539 55.500000000000007 1.1838058233261111 16.173789978027347 9.991244316101076 -24.996000289916989 97.217563629150405 32.556417465209968 271.08149719238287 0.9837264120578767 75.049999237060561 inf 69.500000000000014 14.277499675750734 77.500000000000014 -0.23537842929363248 1.4460163712501528 115.90660476684572 70.500000000000014 1.1599999666213991 13.160812854766847 8.9499998092651385 9.3274998664855975 50.659521102905281 75.500000000000014 54.500000000000007 10.500000000000002 19.500000000000004 0.96687895059585582 983.45001220703136
decision_type=8 10 2 2 2 8 8 10 10 2 10 10 8 8 2 10 8 10 2 10 8 10 10 2 2 2 10 10 10 2 2 2 8 10 10 8 8 2 10 10 10 8 8 2 2 10 10 8 10 2 10 10 10 10 8 2 10 8 2 8 8 10 8 8 2 8 8 10 10 10 8 10 10 10 8 2 2 2 8
left_child=7 2 8 4 5 -4 11 24 21 37 22 -7 31 16 15 32 17 -3 58 20 -14 52 -11 62 -1 27 39 -20 -29 -16 -15 55 33 -13 35 41 50 69 -30 -27 -28 42 -23 -38 -34 -32 -44 -21 -49 -48 51 -25 -2 54 -54 56 -5 -52 59 -18 -55 -62 -10 64 65 -64 -65 68 -6 74 71 -71 -41 -61 75 76 -9 -76 -79
right_child=1 13 3 12 67 6 -8 9 23 10 -12 14 19 30 29 -17 18 -19 25 47 -22 34 -24 36 -26 26 40 28 38 -31 45 -33 44 -35 -36 -37 43 -39 -40 72 -42 -43 46 -45 -46 -47 49 48 -50 -51 57 -53 53 60 -56 -57 -58 -59 -60 73 61 -63 63 66 -66 -67 -68 -69 -70 70 -72 -73 -74 -75 77 -77 -78 78 -80
leaf_value=-0.24777181343380766 -0.055075797916960371 3.8897703427807855 -0.1222720960454326 -0.18550655163193985 0.81471054661624165 3.1196409388641255 0.61924843741757829 0.14908892361954451 -0.12535746684875695 -0.23048201631991741 2.6664998863438489 5.4453806548422952 0.09267134590074419 0.73970223246624101 6.6164541865096371 3.42584960425078 0.96072553729528898 0.64536835641296819 0.39484634958299969 -0.017074007867782709 2.1239765324596971 1.8053994590318516 0.89516121620727962 0.68248774717665939 -0.15854194419557752 1.4500219391710709 0.64299597023514166 2.3649912779681062 1.7992445479975927 5.3495317170210965 0.24237414620357664 0.45951727292443617 4.8969089018268344 3.5802236009898936 -0.040364873689987285 0.047319375924229717 0.47131295826288516 0.0010413022315805321 0.76626043485812423 0.50141214823121782 -0.27890991539567506 0.16077333012624218 -0.31803890179807781 0.1890606753928378 6.0840969429016107 -0.54222115199017962 1.0131839402045053 0.19704951793797948 0.99284615148267585 0.13405265248285986 0.3591440783432131 1.6641932900793743 1.7255415145418982 0.024990830260675279 -0.071316624409432358 -0.33689136810566372 0.63753301216790881 1.0220564564809203 -0.2236686466803432 0.43827130142325088 0.10720063348428198 1.0241477011895539 0.35159079107714863 0.18516777990943045 0.29118013711475421 1.3773120269070311 -0.46698296211171347 -0.20636886669283999 0.013167742246991833 1.3876166560603627 -0.042406956123122903 -0.18876837750372205 0.95617526736091529 -0.265721516598309 -0.13944488520410489 -0.080031261275778628 0.86014466474872853 0.66327336142574489 -0.028208119236015738
leaf_weight=57304 18230 219 253 2169 216 230 220 1343 784 816 366 234 223 517 203 200 322 636 241 2400 203 360 241 366 48265 452 360 275 217 477 632 376 242 227 6303 14238 3814 22723 355 594 300 31037 479 3077 219 321 207 1473 318 816 1083 210 200 17544 321 4468 311 299 293 488 474 220 204 8286 4209 204 243 1845 1676 202 16616 315 1575 266 43441 9412 213 255 2751
leaf_count=57304 18230 219 253 2169 216 230 220 1343 784 816 366 234 223 517 203 200 322 636 241 2400 203 360 241 366 48265 452 360 275 217 477 632 376 242 227 6303 14238 3814 22723 355 594 300 31037 479 3077 219 321 207 1473 318 816 1083 210 200 17544 321 4468 311 299 293 488 474 220 204 8286 4209 204 243 1845 1676 202 16616 315 1575 266 43441 9412 213 255 2751
internal_value=0.0017333 0.202453 0.168904 0.514103 1.58004 4.00889 4.47285 -0.135302 0.113456 -0.0586304 0.707114 4.88956 -0.0431875 0.749055 5.11361 4.73108 0.861145 1.47996 0.768695 0.220923 1.06335 0.0692719 0.0267724 0.288848 -0.206979 0.920736 0.795339 1.29781 1.55396 5.73691 0.246087 -0.209689 5.01019 4.5367 0.116554 0.137537 0.415541 -0.0698398 1.1606 0.939028 0.22416 0.176579 0.439803 0.345326 5.47284 -0.0221933 0.111513 0.135061 0.338822 0.312757 0.662352 1.04267 0.000959829 0.0554153 0.62044 -0.245964 -0.0820794 0.503203 0.283155 0.421245 0.0392412 0.398931 0.208343 0.228252 0.342203 0.866565 0.166535 -0.0487112 0.105058 -0.0914449 -0.0281686 0.42864 0.831923 0.18989 -0.110326 -0.03363 0.246915 -0.128436 0.0306516
internal_weight=343717 139454 131391 18183 6242 2505 2252 204263 113208 98694 1423 2032 11941 8063 1802 1122 6593 855 5738 4617 426 90429 1057 22779 105569 4369 3281 1088 847 680 1470 7324 922 461 53440 47137 8849 97271 572 2621 660 32899 1862 6891 461 953 1502 4191 1791 1023 1958 576 36989 18759 521 6948 2480 1382 1369 1076 18238 694 13930 13146 4617 408 8529 3737 1892 74548 17133 517 2169 754 57415 10968 1556 46447 3006
internal_count=343717 139454 131391 18183 6242 2505 2252 204263 113208 98694 1423 2032 11941 8063 1802 1122 6593 855 5738 4617 426 90429 1057 22779 105569 4369 3281 1088 847 680 1470 7324 922 461 53440 47137 8849 97271 572 2621 660 32899 1862 6891 461 953 1502 4191 1791 1023 1958 576 36989 18759 521 6948 2480 1382 1369 1076 18238 694 13930 13146 4617 408 8529 3737 1892 74548 17133 517 2169 754 57415 10968 1556 46447 3006
is_linear=0
shrinkage=0.06


Tree=17
num_leaves=80
num_cat=0
split_feature=95 95 205 97 97 190 36 57 207 96 97 204 194 80 80 36 112 204 85 12 85 87 198 85 96 80 28 196 199 113 80 209 91 85 83 114 193 49 198 58 86 90 208 132 194 151 6 35 94 193 94 207 37 194 56 79 98 18 96 86 56 55 96 96 84 59 77 104 203 145 50 207 95 194 205 114 46 132 193
split_gain=2.30533e+06 694770 636454 2.42697e+06 5.93405e+06 1.92946e+06 1.1044e+06 493572 231019 228428 257028 547361 171416 144554 142607 113126 231284 673998 100480 89937.5 79709.1 323036 67860.2 67022.2 65074.4 64080.7 63280.8 61044.6 77342.5 119815 53553.7 49204.2 159869 67859.2 53266.7 45253.6 51694.6 45122.7 42834.4 41531.8 41438.9 40767 40052.9 37138.6 37136.3 34967.2 58929.3 97018.3 42711.6 143256 33972.9 33594.6 33289 32805.6 33109.5 54618.3 32488 32343.2 35182.5 31732.7 37485.6 39876.7 30242.5 27221.5 36220.4 35693.1 25206.2 24652.7 24581.1 23749.6 23651.3 23559.4 22824.5 22422.6 56592.1 38124.3 41874.7 32946.5 22408.5
threshold=13.968404769897463 39.422855377197273 0.37940952181816107 36.21507644653321 63.294715881347663 1.232256352901459 382.81842041015631 5.7406790256500253 -0.94975915551185597 9.1582765579223651 40.950769424438484 10.500000000000002 50.500000000000007 42.562500000000007 13.704999923706056 240.78892517089847 -1497.2999877929685 10.500000000000002 13.301500320434572 59.027500152587898 inf 11.006499767303469 8.6500000953674334 19.002499580383304 19.245353698730472 19.227499961853031 155.109001159668 24.500000000000004 322.50000000000006 67.743770599365249 7.4275000095367441 4.5000000000000009 8.5774998664855975 7.3015000820159921 16.951499938964847 -346.45733642578119 19.050000190734867 36.107500076293952 3.2500000000000004 10.85100030899048 28.105999946594242 11.229000091552736 -0.10837475582957266 -47.583591461181634 70.500000000000014 1.3350000381469729 184.05500030517581 352.02659606933599 11.477128505706789 26.050000190734867 25.663520812988285 0.97112539410591137 67.026897430419936 72.500000000000014 81.942749023437514 0.85227510333061229 6.7764999866485605 -47.990499496459954 27.858308792114261 9.1354999542236346 39.534437179565437 39.886434555053718 50.332506179809577 5.1829547882080087 0.40500000119209295 0.34720082581043249 18.15897369384766 5.006521701812745 0.19936034083366397 6.8500001430511483 54.055000305175788 0.95752912759780895 34.328315734863288 58.500000000000007 0.37940952181816107 -193.49452972412107 22.451499938964847 -45.446657180786126 33.250000000000007
decision_type=10 10 2 2 2 8 8 8 2 10 2 2 8 2 2 8 10 2 8 10 8 8 10 8 8 2 8 8 10 8 2 2 8 10 8 8 10 8 10 10 10 8 2 8 10 10 10 8 10 10 10 2 10 8 8 10 2 10 8 8 10 10 8 10 8 10 10 10 10 10 8 2 10 8 2 10 8 8 10
left_child=9 2 14 12 5 -5 7 -7 -9 30 56 -12 22 15 42 16 17 -3 39 -20 24 -22 35 -16 45 51 -27 28 38 -30 63 32 -26 -34 -33 -4 -37 -19 -15 41 -25 52 -2 68 78 46 48 -48 49 -14 -38 -6 -10 54 69 -56 73 -23 -59 -35 61 -61 -40 -1 65 -65 -52 -18 -29 -17 -49 -47 -42 74 -11 -76 -77 -75 -44
right_child=1 13 3 4 25 6 -8 8 18 10 11 -13 20 27 23 53 67 37 19 -21 21 57 -24 40 31 26 -28 43 29 -31 -32 34 33 59 -36 36 50 -39 62 -41 72 -43 44 -45 -46 71 47 70 -50 -51 66 -53 -54 -55 55 -57 -58 58 -60 60 -62 -63 -64 64 -66 -67 -68 -69 -70 -71 -72 -73 -74 77 75 76 -78 -79 -80
leaf_value=-0.26184893120981284 -0.17036725621810769 3.9494483747785742 0.2681895777521901 -0.59711228316639831 -0.29579021181796195 1.6221656500466979 0.44391135481505617 3.1114178039716638 4.2298402804565427 -0.070329781478057962 2.6506904109959137 -0.25926935290629716 -0.086967976031912184 1.5225454267549376 0.021630114693352909 0.54145609724958799 0.068364468343070639 0.75283468251297281 6.7575564281757066 4.9093130777910421 2.084974217863496 0.65636266098588614 0.16596838510352208 0.11682340539362433 1.4558697736168964 1.2914563742169898 -0.04497850007756591 1.0052571333663005 0.80538029650162002 2.8136714900162683 -0.12733751619357658 -0.1164540431772824 1.0376502560856737 0.77914300763438382 0.16293363673215011 1.5179580401978952 0.46246279635276333 -0.50340942026314572 0.54699388559561524 4.1137144136714365 0.23401797463204968 5.519618763285024 0.018507523923623644 0.17929998274339307 -0.15531103406851884 -0.12143454709674671 1.4039013678698729 -0.33501376178579512 -0.00057071376281555663 1.7529973847793237 1.4168483692410612 0.4984958464257857 5.1517527964920502 -0.066830525237831701 0.13527158223700114 1.4479442194720109 0.039396785190373304 -0.081180320295642483 0.74248630609831145 0.2473216643780618 0.01745323605391387 1.1243369765299382 0.94840219155570327 0.92018334831957682 -0.19561117177950665 -0.16588030389461078 0.72224212284030243 0.65550151134491896 0.47982528448885398 0.030648840778537006 0.50049127374800428 0.12441031138758013 0.5235860861299626 -0.16835350281233044 0.04829938207168484 1.2762107575369435 0.32106705289116749 -0.074884396897636457 0.53747527264715989
leaf_weight=35534 9494 274 1359 373 3205 201 276 275 374 16882 387 581 490 345 25082 486 782 200 207 210 363 358 2413 23953 394 202 343 660 231 200 28693 3405 342 295 8814 245 1937 210 1012 333 5560 335 14164 605 5366 7889 311 264 7947 220 247 203 298 1171 232 224 7874 1417 214 2476 3619 201 2066 208 39402 227 806 383 629 1002 225 1706 1190 20391 1429 214 719 40628 305
leaf_count=35534 9494 274 1359 373 3205 201 276 275 374 16882 387 581 490 345 25082 486 782 200 207 210 363 358 2413 23953 394 202 343 660 231 200 28693 3405 342 295 8814 245 1937 210 1012 333 5560 335 14164 605 5366 7889 311 264 7947 220 247 203 298 1171 232 224 7874 1417 214 2476 3619 201 2066 208 39402 227 806 383 629 1002 225 1706 1190 20391 1429 214 719 40628 305
internal_value=0.000465399 0.17642 0.14076 0.300258 1.35792 3.4279 4.02628 4.46867 4.7493 -0.136731 -0.0662186 0.905648 0.149491 0.64211 0.0380818 0.404804 0.776454 1.65138 5.00374 5.84076 0.102562 0.4416 0.423699 0.0943947 0.0818911 -0.151724 0.451819 0.846942 0.984085 1.74166 -0.197106 0.158804 0.281731 0.214804 0.0850751 0.559007 0.681056 0.109733 0.888216 4.7391 0.153835 4.94162 -0.0690271 0.567504 -0.0205146 0.00297982 0.0848514 0.577215 0.0392903 0.484826 0.611996 -0.248346 4.64571 0.184021 0.335083 0.781851 -0.0769027 0.140781 0.0272799 0.171957 0.143388 0.313567 0.816646 -0.223664 -0.189597 0.354352 0.886364 0.261786 0.74943 0.197737 0.0496579 -0.0777147 0.285138 -0.0883123 -0.0318398 0.243175 0.541278 -0.106122 0.0294835
internal_weight=343787 150618 139906 54792 6835 2882 2509 2233 2032 193169 89105 968 47957 10712 85114 4964 1849 684 1757 417 40950 2352 7007 55785 38598 3953 545 5748 3854 431 104064 19546 7327 6933 12219 4594 3235 410 3423 1340 30703 1007 29329 1894 19835 19052 9457 800 8657 710 2990 3408 672 3115 1944 456 88137 1989 1631 6591 6296 2677 3078 75371 39837 435 1053 1165 1289 1488 489 9595 6750 80263 19244 2362 933 61019 14469
internal_count=343787 150618 139906 54792 6835 2882 2509 2233 2032 193169 89105 968 47957 10712 85114 4964 1849 684 1757 417 40950 2352 7007 55785 38598 3953 545 5748 3854 431 104064 19546 7327 6933 12219 4594 3235 410 3423 1340 30703 1007 29329 1894 19835 19052 9457 800 8657 710 2990 3408 672 3115 1944 456 88137 1989 1631 6591 6296 2677 3078 75371 39837 435 1053 1165 1289 1488 489 9595 6750 80263 19244 2362 933 61019 14469
is_linear=0
shrinkage=0.06


Tree=18
num_leaves=80
num_cat=0
split_feature=96 97 205 97 114 94 94 97 109 35 94 97 96 94 35 194 198 96 199 56 96 97 96 157 205 91 107 36 129 88 34 85 95 105 27 40 36 96 208 12 36 201 208 94 76 50 201 203 206 208 132 99 102 95 205 90 85 34 194 86 194 76 59 201 208 208 194 76 125 194 194 147 192 76 139 10 68 206 181
split_gain=2.01753e+06 653168 2.54252e+06 5.84486e+06 981297 724597 580920 492615 522102 696772 232804 157085 150695 146636 245154 90151.5 115045 81816.4 73898.5 114257 57251.4 58194.8 55698.2 50184.8 49391.7 153200 271819 528546 56584.1 67577.8 147695 51478.7 51552.4 49163.5 46114.2 45640.6 78098.7 45485.7 41216.6 40607.3 38802.4 38532.7 37560.9 36653 36065.8 31658.9 30810.7 30717.6 30004.1 29144.8 27935.1 27875.5 53576.8 27541.4 28014.2 59784.1 134045 294795 151016 61459 35135.2 36419.3 74798.4 26717.7 48998.9 50385.3 34349.7 26815.2 25369.8 25003.5 24808.8 24798.8 52722.2 24707.5 23843.6 23733.8 24929.8 23478.6 23021.1
threshold=13.335365295410158 36.21507644653321 0.93301269412040722 48.168771743774421 339.35041809082037 42.197711944580085 32.556417465209968 63.294715881347663 1283.3499755859377 177.25870513916018 21.524050712585453 40.950769424438484 7.4810249805450448 42.197711944580085 121.29818725585939 34.500000000000007 7.2500000000000009 24.248289108276371 106.50000000000001 33.46827697753907 17.880798339843754 19.085178375244144 54.606544494628913 120.14000320434572 0.93301269412040722 8.8775000572204608 0.40949891507625585 243.45011138916018 110.31250000000001 11.903499603271486 185.72048187255862 6.1340000629425058 25.79141998291016 -6.9777579307556143 250.04000091552737 46.428998947143562 274.14323425292974 15.479041099548342 -0.10837475582957266 202.58350372314456 62.566499710083015 77.500000000000014 -0.39036008715629572 11.164750099182131 26.062777519226078 98.237499237060561 97.500000000000014 0.64942333102226268 -0.68301269412040699 0.81304046511650097 -49.011329650878899 0.87895214557647716 75.679168701171889 7.4753007888793954 1.0000000180025095e-35 8.1050000190734881 6.7260000705719003 107.00172805786134 92.500000000000014 62.496000289916999 78.500000000000014 58.621971130371101 0.43428461253643041 67.500000000000014 -0.23537842929363248 -0.42179730534553522 24.500000000000004 61.074563980102546 0.70703327655792247 36.500000000000007 85.500000000000014 0.93663650751113903 0.068936649709939971 23.456978797912601 17.847499847412113 26.748499870300297 3.3200000524520878 0.91597560048103344 67.000000000000014
decision_type=8 2 2 2 8 10 10 2 8 8 8 2 10 10 8 8 10 8 10 10 10 2 8 10 2 8 10 8 8 8 8 8 10 10 8 10 10 10 2 10 10 10 2 10 10 10 8 10 2 2 8 2 8 10 2 10 10 8 10 8 10 10 10 8 2 2 10 8 8 10 10 10 10 10 10 10 10 2 2
left_child=12 5 15 4 -4 10 11 8 -5 -10 20 -6 -1 -9 -15 16 -3 46 19 -13 53 23 42 24 51 26 27 -26 -27 30 -30 -31 33 75 -32 47 -37 -20 -17 73 -40 -35 -7 -14 -39 50 74 -16 -42 -47 77 -22 -53 -2 -55 56 57 -56 -59 71 -57 -62 -63 64 65 -19 -66 -65 -50 -68 -23 -58 -73 -24 -12 76 -33 -44 -52
right_child=1 2 3 7 6 22 -8 13 9 -11 17 18 43 14 35 38 -18 63 37 -21 21 70 39 -25 25 28 -28 -29 29 31 34 32 -34 41 -36 36 -38 44 40 -41 48 -43 45 -45 -46 49 -48 -49 68 -51 78 52 -54 54 55 60 59 58 -60 -61 61 62 -64 67 66 -67 69 -69 -70 -71 -72 72 -74 -75 -76 -77 -78 -79 -80
leaf_value=-0.20543027154045967 -0.31291980912235806 1.7585516288520047 -0.15557019611733539 -0.80020212728880979 2.8419230822459705 -0.15264304602445472 1.1170641749595926 -0.19664423336007117 5.4043210757357398 0.98828596767135291 0.1797573197579018 2.8435282763312841 -0.11977405986979917 2.2110001660062104 -0.33741529521484348 -0.26859135404467493 0.14955353585251591 0.41830076904798097 5.7196895448926464 4.6269543557965811 0.048356999548684679 -0.16885354741307701 0.24680651748358309 -0.1059470966161771 3.9771949336118997 0.034673585452833576 -0.067929662250756445 -0.082237632601205993 1.9550689419257243 0.9950100733891879 0.94435491506542479 0.84490193814066761 0.91891422930792277 1.2661603252250042 -0.20511585164713586 1.518217214568726 0.011902178800485741 4.1440314796696534 0.76339817887257544 1.748542446196079 0.19794935811507472 0.16928849372008206 0.621212290919403 -0.047093671759872502 4.9596257970024462 0.6417150943807951 0.056200648925476986 0.50767654660188755 0.45464431069556033 1.6431653243143385 0.62626687683541438 1.2600190056259952 0.11341445075559917 -0.051110190662763462 2.8259679709879966 0.053687104030877446 -0.025736677475900614 -0.055531079197250789 1.7947768657154111 1.0840554027916753 -0.12996065429168471 -0.23993477367256816 1.2447883776944373 0.25840792044118832 -0.34899051258980535 1.5904102308064891 0.9855455754453486 0.0047733417581567392 -0.12348664185369675 0.33192503258002881 -0.79945531518488633 1.1723334344790259 -0.082342430001852526 0.94577219387509814 0.70282011428310831 -0.11980821406687302 0.054278632597657056 1.2172830516958999 0.062155138955629886
leaf_weight=71886 1090 208 213 222 211 228 213 3414 205 344 8444 203 68524 253 581 3600 683 307 212 393 17949 855 200 3873 235 5965 461 226 270 277 202 202 285 203 329 205 311 344 217 215 1478 266 1612 39311 673 218 14210 210 284 204 484 200 544 27713 207 12199 4308 756 200 203 8726 284 213 14055 258 232 219 1680 6647 5154 304 200 301 2129 325 2070 491 280 563
leaf_count=71886 1090 208 213 222 211 228 213 3414 205 344 8444 203 68524 253 581 3600 683 307 212 393 17949 855 200 3873 235 5965 461 226 270 277 202 202 285 203 329 205 311 344 217 215 1478 266 1612 39311 673 218 14210 210 284 204 484 200 544 27713 207 12199 4308 756 200 203 8726 284 213 14055 258 232 219 1680 6647 5154 304 200 301 2129 325 2070 491 280 563
internal_value=0.000710261 0.152918 0.462633 1.29084 3.73614 0.106609 4.10463 0.242441 1.6526 2.64409 0.0779386 4.41648 -0.138139 0.0235707 0.50532 -0.0556139 0.526717 0.189884 4.59686 4.02529 0.023088 0.0831219 0.744552 0.0973576 0.123455 0.221396 0.962694 1.99123 0.156587 0.314808 0.815261 0.208963 0.146789 0.0784393 0.233112 0.173708 0.61212 4.87055 -0.0980923 0.959445 -0.0269129 0.645738 0.592004 -0.0932793 4.68809 0.642549 0.110785 -0.112697 -0.0473958 1.12857 0.572404 0.0632868 0.422919 -0.0143882 -0.00849947 0.0342907 0.198759 0.778792 0.333034 0.0640374 -0.0131252 -0.101492 0.397597 0.272853 0.378692 0.924819 0.326262 0.23133 -0.0997354 0.358745 -0.334804 0.0207635 0.419864 0.885881 0.199221 -0.0180545 0.28562 0.710022 0.323278
internal_weight=343669 163948 21324 8207 2462 142624 2249 5745 771 549 136491 2036 179721 4974 1560 13117 891 44884 1825 596 91607 35207 6133 34048 30175 11482 922 461 10560 4595 801 3794 3517 3232 531 1307 516 1229 12226 2544 8626 469 3589 107835 1017 3361 22979 791 8409 422 2939 18693 744 56400 55310 27597 6175 1163 956 5012 21422 9223 497 21905 6170 539 5631 15735 6931 5373 1159 4809 501 2329 8769 2763 693 1892 1047
internal_count=343669 163948 21324 8207 2462 142624 2249 5745 771 549 136491 2036 179721 4974 1560 13117 891 44884 1825 596 91607 35207 6133 34048 30175 11482 922 461 10560 4595 801 3794 3517 3232 531 1307 516 1229 12226 2544 8626 469 3589 107835 1017 3361 22979 791 8409 422 2939 18693 744 56400 55310 27597 6175 1163 956 5012 21422 9223 497 21905 6170 539 5631 15735 6931 5373 1159 4809 501 2329 8769 2763 693 1892 1047
is_linear=0
shrinkage=0.06


Tree=19
num_leaves=80
num_cat=0
split_feature=96 97 97 206 194 95 93 97 207 97 194 56 94 201 96 36 94 83 96 94 36 52 75 45 96 9 96 97 163 201 132 90 201 99 191 138 208 95 201 96 80 96 55 35 206 55 208 200 90 194 93 80 92 36 15 7 34 95 90 194 94 125 33 78 164 194 207 36 80 198 123 196 97 194 60 208 194 194 198
split_gain=1.8089e+06 635115 2.1964e+06 4.81268e+06 1.32503e+06 645509 622703 305482 266269 372277 545865 208253 169007 132879 123748 122687 102744 100205 91905.2 63119.6 97562.7 230809 45183.6 44141.6 57893.7 42614 41852 49638.8 42918.5 42467 64877.3 87785 41528.8 39926.7 38739.1 38541.8 35146.9 37517.3 50961.9 34500.6 33268.2 33225.6 32160 44344.7 33480.4 33027.7 31778.3 30566.3 79846.4 206149 30062.7 29434.8 26561.7 46756.4 25247.7 35635.4 25100.8 24447.3 25786.5 88847.9 230486 276815 552211 37360.2 24242.4 23512.3 23329.1 79575.9 23307.2 22294.9 21865.6 21457.8 25433.6 28714.1 20564.7 20450.4 20427.2 20384.9 20216.3
threshold=13.160812854766847 36.21507644653321 48.168771743774421 1.0000000180025095e-35 63.500000000000007 34.328315734863288 30.080249786376957 40.950769424438484 0.9260200858116151 75.481174468994155 60.500000000000007 64.463066101074233 21.524050712585453 42.500000000000007 7.5551335811614999 163.96820068359378 44.443561553955085 6.9509999752044687 15.070066452026369 47.403690338134773 238.086296081543 50.01250076293946 33.17570877075196 139.16249847412112 26.622037887573246 211.09999847412112 17.880798339843754 19.085178375244144 256.36999511718756 42.500000000000007 -69.115142822265611 12.002500057220461 97.500000000000014 0.23214163631200793 11.384292125701906 32.577083587646491 0.30778898298740393 28.946006774902347 37.500000000000007 54.606544494628913 11.841500282287599 54.606544494628913 102.43346023559572 293.90606689453131 1.0000000180025095e-35 35.640367507934577 -0.37446588277816767 19.150000572204593 11.701499938964846 74.500000000000014 16.27449989318848 12.102499961853029 11.480000019073488 100.99428176879884 84.489536285400405 51.987499237060554 inf 7.4753007888793954 8.9014997482299822 86.500000000000014 10.642074108123781 1.6488065719604494 221.75691986083987 -49.945999145507805 7.5000000000000009 78.500000000000014 -0.87395131587982167 272.34017944335943 6.305000066757203 7.6499998569488534 -9.9543523788452131 23.500000000000004 6.5222134590148935 24.500000000000004 4.6284999847412118 -0.45273527503013605 67.500000000000014 74.500000000000014 8.6500000953674334
decision_type=8 2 2 2 10 10 8 2 2 2 10 10 8 10 10 10 8 8 10 10 10 8 10 8 10 10 10 2 10 8 10 8 8 2 8 10 2 10 10 10 2 10 10 8 2 10 2 10 8 10 10 2 10 8 8 8 8 10 10 10 10 8 8 10 2 10 2 10 2 10 10 10 2 10 10 2 10 10 10
left_child=14 5 3 76 -5 12 7 -6 17 10 -10 18 26 15 68 -11 42 -4 -9 23 21 -21 64 52 -25 39 57 28 29 30 31 -28 34 -34 -14 -27 37 71 -39 46 -16 51 43 45 -44 -7 -18 -31 49 -49 -47 78 -19 -54 55 -33 -35 -2 59 -59 61 -61 -63 -62 -20 75 67 -67 -1 -50 -41 72 -36 -74 -65 -60 -3 -29 -15
right_child=1 2 8 4 6 16 -8 11 9 13 -12 -13 32 41 40 -17 25 19 22 20 -22 -23 -24 24 -26 35 27 77 -30 47 -32 54 33 56 36 -37 -38 38 -40 70 -42 -43 44 -45 -46 50 -48 48 69 -51 -52 -53 53 -55 -56 -57 -58 58 65 60 63 62 -64 74 -66 66 -68 -69 -70 -71 -72 -73 73 -75 -76 -77 -78 -79 -80
leaf_value=-0.21381391734473529 -0.28515390141905889 0.086353118848650268 -0.27886013231521056 -0.094246734346860372 2.1857226735266773 0.2234488201056489 0.60291534875392361 5.8056340531741872 0.60336240758032067 2.1915277494410188 4.3885837175990163 2.6678330210593231 0.053213725037371304 0.27038996028834994 -0.11264928436102038 0.11259227620683064 -0.16807228033864929 -0.15584356348391235 4.3803287052154545 -0.039581729743166726 0.048325673342214083 2.2835204527125086 4.7468178946041704 1.1719855214296122 -0.061985812754180261 0.77887970103329396 1.5415129793093425 -0.094057554407936922 -0.045467212986349405 0.048593997787128709 0.0659971568502358 0.27832947663895108 0.19674869533579922 0.06244043986408359 0.17084967172467339 1.8898925599054648 0.20819787745835755 1.4955948547794338 0.46549575329772142 0.29281270208752758 -0.036808040825543058 -0.50308341908505116 1.2356024129442065 0.07908110645506683 0.33464669191448693 1.2858477227561749 0.58764861124904999 0.105415359685471 0.68655810031753317 2.1227629893228634 0.52250783487237129 0.50905660690753418 0.89820741277141103 0.011900293467991116 0.13519434199080152 1.2504968131380154 -0.34322104932359998 -0.010424707365508398 -0.1135719300876966 -0.40070055787225028 0.73846618358287131 4.1377341991465943 -0.083052481123819369 0.45543072002669494 3.6214691044431215 -0.065453175204359101 -0.14615327865224242 0.95331813015305578 -0.13728387845597873 0.085996116446288656 0.9048081459385614 0.11022742332047901 -0.10174892688918614 0.63764564623526276 -0.13483935475587905 0.016937558358488862 -0.21075003794558886 -0.62645459739398213 -0.47684060438138659
leaf_weight=53794 1180 1385 4494 367 274 1419 204 203 393 204 210 240 3197 222 75176 204 220 3744 399 345 1045 277 750 252 298 250 291 563 7466 16945 1690 329 11582 13179 937 207 7634 252 551 235 28800 444 295 1832 300 207 2194 571 233 267 1790 408 237 2150 671 231 572 11795 5184 221 246 241 207 247 326 2335 9632 312 19537 4555 2090 1066 213 1665 1483 25979 2088 479 313
leaf_count=53794 1180 1385 4494 367 274 1419 204 203 393 204 210 240 3197 222 75176 204 220 3744 399 345 1045 277 750 252 298 250 291 563 7466 16945 1690 329 11582 13179 937 207 7634 252 551 235 28800 444 295 1832 300 207 2194 571 233 267 1790 408 237 2150 671 231 572 11795 5184 221 246 241 207 247 326 2335 9632 312 19537 4555 2090 1066 213 1665 1483 25979 2088 479 313
internal_value=-0.000329582 0.141556 0.446096 1.39457 3.26284 0.0965219 3.77688 4.07186 0.0579275 0.638167 1.92668 4.34003 0.0602416 0.20448 -0.13374 1.15488 0.537535 -0.0504624 4.57746 0.0725102 0.402681 0.996988 4.40462 -0.00991988 0.504498 0.731653 0.0157014 0.0684245 0.0812078 0.117889 0.321985 0.605999 0.16203 0.114677 0.239335 1.28515 0.287632 0.417023 0.790223 0.678017 -0.0916428 -0.0757197 0.364817 0.317303 0.782663 0.445 0.518735 0.0888324 0.209997 0.749938 0.602236 0.125819 -0.0561421 0.100239 0.383778 0.680863 0.0455424 -0.0149099 -0.00939584 0.0600636 0.374281 1.33597 2.19166 0.0481772 4.04456 -0.0324848 -0.102802 0.0549433 -0.193427 0.115359 0.843103 0.339622 0.426421 0.553775 -0.0503494 -0.00477579 -0.0922773 -0.339163 -0.166849
internal_weight=344023 166716 21476 6236 2763 145240 2396 2192 15240 2398 603 1918 134201 1795 177307 408 11039 12842 1678 8348 1667 622 1475 6681 550 5196 93353 34291 33249 25783 3212 1522 40848 25333 15515 457 12318 4684 803 4739 103976 1387 5843 5248 595 3416 2414 22571 5626 838 1997 943 6131 2387 1231 560 13751 59062 57882 14440 2645 669 448 1976 725 43442 12279 2647 73331 4788 2325 3881 2815 1878 1730 31163 3473 1042 535
internal_count=344023 166716 21476 6236 2763 145240 2396 2192 15240 2398 603 1918 134201 1795 177307 408 11039 12842 1678 8348 1667 622 1475 6681 550 5196 93353 34291 33249 25783 3212 1522 40848 25333 15515 457 12318 4684 803 4739 103976 1387 5843 5248 595 3416 2414 22571 5626 838 1997 943 6131 2387 1231 560 13751 59062 57882 14440 2645 669 448 1976 725 43442 12279 2647 73331 4788 2325 3881 2815 1878 1730 31163 3473 1042 535
is_linear=0
shrinkage=0.06


Tree=20
num_leaves=80
num_cat=0
split_feature=96 97 97 206 194 94 93 209 20 207 201 36 96 207 96 16 84 96 79 194 193 82 95 84 82 209 197 132 93 206 80 85 193 94 97 96 90 79 89 12 97 157 36 99 194 56 95 132 90 98 105 146 194 157 181 160 201 94 89 87 194 19 97 32 194 59 97 85 28 99 193 194 56 97 207 56 197 52 98
split_gain=1.57099e+06 498980 1.88574e+06 4.02534e+06 1.10375e+06 581361 576308 319067 296617 243230 356218 409901 150403 134794 115012 91316.4 86362.6 71284 66406.2 268268 63136.2 206924 57603.7 52660.4 49424.6 47604.4 52587.3 44558.2 44345.2 41443.3 40641.8 38387.8 71946.2 37004.4 36794.3 32115.4 29656.1 29626.4 36764.3 28599 28171.8 27891.9 28246.5 33221.1 45180.7 44788.5 54679.4 42007.4 40091.5 36836.2 29027.8 27144.7 26960 27227.7 25787.3 25193.8 26506.7 25413.3 29150.1 36739.4 131972 24561.9 31161.4 24544 24508.7 24072.3 27210.1 23614.1 50406.3 23249.3 22808.1 22755.5 22577.7 22210.5 21133.5 26236.2 24519.7 20579.8 20559.6
threshold=13.160812854766847 36.21507644653321 48.168771743774421 1.0000000180025095e-35 63.500000000000007 36.957334518432624 32.12158393859864 9.5000000000000018 207.53900146484378 0.9260200858116151 42.500000000000007 158.89533996582034 19.245353698730472 0.94425827264785778 6.7697556018829355 41.41076850891114 15.652499675750734 43.21882629394532 0.96238461136817943 90.500000000000014 5.0499999523162851 6.4524998664855966 14.363492965698244 5.1015000343322763 18.612500190734867 10.500000000000002 990.95001220703136 -62.124561309814446 15.775833129882814 -0.25000000000000006 10.402499675750734 27.202500343322757 10.449999809265138 6.6742992401123056 97.217563629150405 29.372396469116214 13.107500076293947 1.1962379217147829 12.204999923706056 113.00999832153322 27.395751953125004 126.97999954223634 88.989036560058608 0.36896030604839331 24.500000000000004 28.041413307189945 18.079735755920414 -78.691993713378892 9.8274998664855975 4.7775001525878915 4.8121988773345956 11.650000095367433 45.500000000000007 2.2899999618530278 103.00000000000001 21.500000000000004 112.50000000000001 5.5691609382629403 10.079999923706056 7.1015000343322763 87.500000000000014 0.8229295313358308 54.202339172363288 123.51649856567384 25.500000000000004 0.34720082581043249 75.481174468994155 7.2360000610351571 196.12500000000003 1.2259705662727358 18.050000190734867 89.500000000000014 57.881231307983406 88.929145812988295 0.89787620306015026 100.81482315063478 980.35000610351574 20.253999710083011 15.507500171661379
decision_type=8 2 2 2 10 10 8 2 8 2 8 10 10 2 10 10 8 8 8 10 8 10 10 10 10 2 8 8 10 2 2 8 8 8 2 10 8 10 10 8 2 10 10 2 10 8 8 10 8 2 10 10 10 10 2 8 8 8 10 8 8 10 2 10 10 10 2 8 8 2 10 10 10 2 2 10 8 10 2
left_child=14 5 3 64 -5 12 7 22 -9 16 11 -11 31 -12 78 -15 34 54 36 63 21 -16 -6 -24 33 29 -27 70 -25 -19 -22 55 -33 -14 37 67 39 61 -39 -18 41 42 -35 -44 -45 46 -46 48 -47 52 -48 -38 -50 -54 -7 56 57 -2 59 60 -59 62 -4 -20 -3 -17 -67 68 -26 -32 -28 -31 -64 -53 75 -37 -76 -55 -1
right_child=1 2 9 4 6 17 -8 8 -10 10 13 -13 24 15 20 65 18 25 19 -21 30 -23 23 28 35 26 27 -29 -30 71 69 32 -34 40 -36 74 51 38 -40 -41 -42 -43 43 44 45 47 50 -49 49 -51 -52 73 53 77 -56 -57 -58 58 -60 -61 -62 -63 72 -65 -66 66 -68 -69 -70 -71 -72 -73 -74 -75 76 -77 -78 -79 -80
leaf_value=-0.19547120071908344 -0.38035826792174132 0.42065832034633138 0.57954938773128828 -0.076995794890829208 5.0645788560409892 0.48164998604449227 0.41025912484873339 3.8524127332585443 0.62095753289320887 3.7913062282219347 1.5544889922506069 0.36219965060530551 -0.38266232966958952 1.2084720364081507 2.0792145554565669 -0.4560392296778899 -0.55108976520967612 0.062831718417831126 0.60978716138967848 2.4245830320347905 -0.12046147927417437 -0.36332205920869654 3.0417072735437705 3.9502180979922072 1.2230042003685946 1.7349258984637916 0.86237245251035144 1.430203260085767 4.8903620332601117 0.73149258164844544 -0.050065545157058189 1.0047458905410021 0.088392335819725582 -0.10694400423086742 -0.27435192991023322 0.19090292790111743 -0.10031651178703588 1.0179869600115479 -0.11508507532619155 0.039626876259740637 -0.2373413303791328 -0.072412639467653042 0.066571022218535128 -0.043931997018822146 1.4590393838855586 0.98377343483207624 0.1009658915867931 0.066908094374871635 0.63529190866800922 0.84047904286735731 0.77101083072447363 0.82871161920833802 0.62792677278174969 0.45083556004657466 0.1561068933060151 -0.099018491704838896 -0.028341522070720691 0.060213939744425911 0.020169366049484449 0.11865128898236287 1.7560548015265591 -0.69781909771669992 -0.21729682949001103 -0.053575144994761195 -0.12684633955495786 0.6257652457312427 -0.14868768914928807 0.14385844063289935 0.031791245478908631 0.53261389906776813 0.0013057412220431226 0.10934139346213717 0.13153490434555037 0.18902694821001767 0.9917767201062847 0.78911218603065914 0.38022664411011814 -0.1517483099142635 0.41252790540234363
leaf_weight=59432 469 324 265 361 220 2655 201 206 203 242 236 260 641 203 200 557 523 426 273 221 75008 329 200 1084 226 310 219 251 244 3207 41511 319 8558 1836 4923 3950 713 206 205 675 974 3219 10174 1752 232 362 474 2859 404 386 457 288 273 254 1309 10031 34793 568 15000 5509 232 219 1957 751 3121 219 633 28908 293 247 223 227 1013 606 281 282 1470 1020 200
leaf_count=59432 469 324 265 361 220 2655 201 206 203 242 236 260 641 203 200 557 523 426 273 221 75008 329 200 1084 226 310 219 251 244 3207 41511 319 8558 1836 4923 3950 713 206 205 675 974 3219 10174 1752 232 362 474 2859 404 386 457 288 273 254 1309 10031 34793 568 15000 5509 232 219 1957 751 3121 219 633 28908 293 247 223 227 1013 606 281 282 1470 1020 200
internal_value=-0.00111251 0.13124 0.402034 1.28704 3.01247 0.0913707 3.48528 3.7715 2.25396 0.042796 0.603868 2.01953 0.0607877 0.218428 -0.125579 0.0219831 -0.0599475 0.563224 0.169262 0.533748 -0.091085 0.562313 4.12509 3.9866 0.131078 0.717182 1.08565 0.793121 4.12651 0.621183 -0.0940499 0.00423402 0.121431 0.0670586 -0.165587 0.176847 0.0073513 -0.0270137 0.453922 -0.218501 0.0787559 0.0917549 0.117557 0.139666 0.227417 0.298147 0.636631 0.227218 0.396944 0.305662 0.430345 0.175753 0.199474 0.085323 0.374215 -0.0113882 0.00415167 0.0560624 0.0656852 0.173881 0.553586 -0.0843563 -0.0426238 0.123701 -0.0752468 -0.149695 0.0508797 0.151073 0.551863 -0.0466063 0.428926 0.69041 -0.098314 0.395796 0.303571 0.230942 0.478878 -0.0313506 -0.193425
internal_weight=343312 166385 21352 6164 2719 145033 2358 2157 409 15188 2350 502 136206 1848 176927 1612 12838 8827 4050 1245 117295 529 1748 1528 60727 4863 1003 693 1328 3860 116766 75479 8877 25317 8788 35410 2805 3865 411 1198 24676 23702 20483 18647 8473 6721 1163 5558 2699 2337 931 1607 1951 1547 3964 66602 56571 21778 21309 6309 800 3454 3235 1024 3445 1409 852 29427 519 41758 442 3434 2970 894 5983 4232 1751 1274 59632
internal_count=343312 166385 21352 6164 2719 145033 2358 2157 409 15188 2350 502 136206 1848 176927 1612 12838 8827 4050 1245 117295 529 1748 1528 60727 4863 1003 693 1328 3860 116766 75479 8877 25317 8788 35410 2805 3865 411 1198 24676 23702 20483 18647 8473 6721 1163 5558 2699 2337 931 1607 1951 1547 3964 66602 56571 21778 21309 6309 800 3454 3235 1024 3445 1409 852 29427 519 41758 442 3434 2970 894 5983 4232 1751 1274 59632
is_linear=0
shrinkage=0.06


Tree=21
num_leaves=80
num_cat=0
split_feature=94 96 97 97 205 118 93 207 201 46 96 97 96 84 74 204 193 97 36 92 82 36 97 201 193 92 7 96 74 129 24 207 42 40 55 201 129 198 56 36 208 208 205 175 96 104 148 77 91 48 76 93 5 207 194 57 193 197 193 207 104 194 98 87 181 96 82 56 189 45 85 8 82 31 191 198 83 65 97
split_gain=1.43298e+06 419410 383041 1.62757e+06 3.70951e+06 1.11735e+06 523042 161761 190161 152396 150332 152895 139613 117270 108344 162666 71843 219751 69435.7 60564.1 56992.6 52127.4 44554.7 44225.1 42711.5 141316 43131.9 42589.7 42403.2 42213.2 42171.7 37320.5 50357.3 52342.5 41547 36649.9 47330.3 42079.5 39296.1 35905.3 35329.1 52612.9 31032.7 34916.3 42480.9 123321 238318 93869.3 149778 54680.4 36557.5 32147.2 95994.9 30880 28605.4 32374.9 30973.6 44882.6 28212.8 27594.9 26165.2 25409.9 27517.9 49878.8 25046.9 24671.2 24526.3 24034.7 23793.9 26060.1 23787.5 33351.1 23764.9 34213.6 23721.5 23676.5 23127.5 22454.3 20756
threshold=13.724246978759767 36.506265640258796 36.21507644653321 48.168771743774421 0.93301269412040722 8.8499999046325701 27.415249824523929 0.90531614422798168 37.500000000000007 13.302500247955324 10.118322849273683 40.950769424438484 20.742754936218265 51.96100044250489 37.941476821899421 10.500000000000002 8.9499998092651385 97.217563629150405 107.87080764770509 12.308000087738039 35.38750076293946 100.99428176879884 43.938581466674812 82.500000000000014 8.3499999046325701 6.9435000419616708 357.12500000000006 5.0695102214813241 81.156024932861342 103.81250000000001 191.01499938964847 -0.32614396512508387 30.801499366760257 85.812500000000014 59.620431900024421 112.50000000000001 105.77083206176759 4.8500001430511483 25.45160007476807 inf -0.37446588277816767 -0.23537842929363248 -0.37940952181816096 98.599998474121108 17.357866287231449 166.2250900268555 0.6755644977092744 45.948186874389656 10.308500289916994 37.652500152587898 34.237064361572273 6.1506667137146005 19.005000114440922 0.99168354272842418 78.500000000000014 28.567020416259769 28.150000572204593 987.64999389648449 14.949999809265138 -0.35041563212871546 53.986459732055671 23.500000000000004 6.5865001678466806 38.658500671386726 55.000000000000007 15.479041099548342 19.475999832153324 37.809919357299812 145.1675720214844 31.702500343322757 29.685999870300297 223.11000061035159 29.712500572204593 195.04000091552737 10.522502899169924 7.0499999523162851 6.486499786376954 16.651000022888187 88.929145812988295
decision_type=8 8 2 2 2 10 8 2 8 10 10 2 10 8 10 2 8 2 8 10 8 8 2 8 8 8 8 10 8 10 10 2 10 8 8 8 10 10 10 8 2 2 2 8 10 8 10 8 8 8 8 8 10 2 8 10 10 10 10 2 8 10 2 8 2 10 10 8 8 8 8 10 8 10 8 10 10 10 2
left_child=10 2 12 4 60 6 9 16 -9 -6 27 24 35 18 -10 -16 17 -5 -3 -18 54 -21 59 29 25 -12 65 -1 31 61 77 32 -15 -34 68 36 58 -38 -39 66 -22 -42 -26 44 50 -46 47 48 -47 -50 -44 52 -52 -31 55 78 57 -57 72 -11 -4 -14 -63 -64 -36 -27 -25 -68 -33 -70 -43 -72 -2 -74 -60 -56 -54 -24 -20
right_child=1 13 3 7 5 -7 -8 8 14 22 11 -13 23 28 15 -17 19 -19 20 21 40 -23 30 39 42 26 -28 -29 -30 53 -32 34 33 -35 64 -37 37 38 -40 -41 41 70 43 -45 45 46 -48 -49 49 -51 51 -53 76 -55 75 56 -58 -59 74 -61 -62 62 63 -65 -66 -67 67 -69 69 -71 71 -73 73 -75 -76 -77 -78 -79 -80
leaf_value=-0.2034665401554841 -0.090953187287248272 1.1471273455224777 0.60744083804216709 2.1082907780795033 2.2056743995274339 -0.66047136204772516 0.53564436351551736 2.124078995571006 -0.31684257563645229 3.1415274611059223 1.5184403305656429 1.6044288749530395 -0.33226275955730084 0.28528185978168391 2.0215638466459898 0.059361569726750517 -0.20725868632320846 -0.19138463076874318 0.22593559434597418 0.78930468721823255 -0.22672556915252309 0.016019752566832034 3.5420941531699421 0.039460661752534223 -0.10191367708120197 -0.26598098322111657 0.82389328843177256 -0.12558752761131226 0.10435186064961352 0.38828017944463999 4.9317955563318865 0.69018018773038037 2.0571765923367873 0.95441190095020911 0.67527595762485337 -0.015726528460577437 0.057232061313715693 1.2541869231680749 0.38250679005349952 -0.40315234499709113 1.4225999211715663 0.077869231440126904 -0.081735100560027071 -0.18140031521920949 -0.10475946096717388 1.9806297749962125 2.197040457536021 -0.57227806005397985 0.86007693657804929 -0.23666888090857269 1.3372548226199368 0.012217516712088487 0.00079893538088973129 1.0215084373353427 0.068449223346509339 1.290117760647689 0.036994665536120429 0.24107949308043483 -0.048568370836598845 3.8705974338404938 -0.095661746655199845 0.17465053876857631 0.27838973976693149 1.0797012940682524 -0.12209542322630756 0.41946005474351628 0.23481004645011805 0.10191364151324618 1.661198828713252 0.75216707806254546 0.46466606474539041 1.2681256174263109 0.69407057047065379 -0.15259902137511294 0.11705206728541845 -0.49278999735424656 0.67291792076410251 4.3863848318265175 -0.23345027039660629
leaf_weight=36289 6637 355 201 212 213 269 203 239 581 317 267 202 316 204 246 396 8309 502 1256 362 245 2317 288 9523 27158 934 200 83357 385 1540 256 2419 247 423 242 44754 1518 212 1498 481 216 503 18337 4363 2131 209 275 357 254 456 263 15796 1291 338 910 309 292 280 3932 632 3360 10816 1562 340 340 236 8282 11999 207 257 2282 202 350 336 14942 384 214 253 492
leaf_count=36289 6637 355 201 212 213 269 203 239 581 317 267 202 316 204 246 396 8309 502 1256 362 245 2317 288 9523 27158 934 200 83357 385 1540 256 2419 247 423 242 44754 1518 212 1498 481 216 503 18337 4363 2131 209 275 357 254 456 263 15796 1291 338 910 309 292 280 3932 632 3360 10816 1562 340 340 236 8282 11999 207 257 2282 202 350 336 14942 384 214 253 492
internal_value=0.000675582 0.139069 0.109088 0.358141 1.17779 2.9841 3.43766 -0.0150095 0.579815 3.73795 -0.107819 -0.0399265 0.0691201 0.472635 0.276544 0.813208 -0.0893676 0.493426 0.328572 -0.127279 0.288999 0.120765 3.92351 0.152246 -0.0445148 0.258403 0.0119054 -0.14921 0.708126 0.236827 4.26727 0.761663 1.11238 1.36341 0.672903 0.0184706 0.0704816 0.287227 0.491245 0.110592 0.466929 0.520041 -0.0514923 -0.0203311 -0.00257323 0.191489 0.598326 0.252325 0.572928 0.156346 -0.022481 0.039382 0.281936 0.502731 0.132534 0.246171 0.542539 0.792678 0.0437642 3.63063 -0.0558159 0.198479 0.211691 0.422124 0.210047 -0.127481 0.118897 0.156192 0.766236 1.16041 0.45432 0.530488 -0.0561926 0.279757 0.0825478 -0.0983528 0.0967527 3.94429 0.0965752
internal_weight=343571 150982 138532 19156 5992 2431 2162 13164 1462 1959 192589 72943 119376 12450 1223 642 11702 714 7726 10988 7371 2679 1746 45197 72741 1637 1370 119646 4724 14912 797 4339 874 670 3465 74179 29425 3228 1710 30285 3448 3203 71104 43946 39583 3682 1551 1276 919 710 35901 17564 1768 1878 3923 2629 881 589 26197 949 3561 13034 12718 1902 582 1170 29804 20281 2883 464 2987 2484 7323 686 18874 1294 1505 541 1748
internal_count=343571 150982 138532 19156 5992 2431 2162 13164 1462 1959 192589 72943 119376 12450 1223 642 11702 714 7726 10988 7371 2679 1746 45197 72741 1637 1370 119646 4724 14912 797 4339 874 670 3465 74179 29425 3228 1710 30285 3448 3203 71104 43946 39583 3682 1551 1276 919 710 35901 17564 1768 1878 3923 2629 881 589 26197 949 3561 13034 12718 1902 582 1170 29804 20281 2883 464 2987 2484 7323 686 18874 1294 1505 541 1748
is_linear=0
shrinkage=0.06


Tree=22
num_leaves=80
num_cat=0
split_feature=95 95 205 139 209 99 99 36 194 77 34 86 50 79 16 96 35 193 36 96 16 70 62 77 194 86 87 74 57 95 200 193 85 186 35 99 92 87 68 99 36 194 36 85 96 80 4 76 199 52 56 86 11 209 101 201 85 76 99 208 193 124 157 208 208 193 90 84 37 181 85 197 123 194 205 199 208 105 47
split_gain=1.27181e+06 344981 334147 555824 626245 515054 697418 649500 335015 334644 467452 315673 298567 254702 168419 278077 364357 163552 169737 158637 153346 242875 138131 124311 102663 100665 94754.1 95283.1 88924.2 83451.3 76140.2 69134.5 258093 170822 272760 371600 65457.9 62721.6 62258.7 93910.4 61544.1 75623.7 59520.1 148520 56476.1 55737.9 53475.7 50022.6 110349 54385.5 49071.2 48643.4 46230.6 40485.5 36475.2 57263.4 36368 32713.8 56740.9 108658 244369 32461.2 32247.6 41575.2 32023.8 71380 31853.7 63900.8 31216.4 30842.6 29304.2 27662.8 27552.2 25629.9 31138.5 55269.9 37208.4 46192.6 34431.2
threshold=14.924178600311281 43.944955825805671 0.37940952181816107 17.847499847412113 10.500000000000002 0.5849612057209016 0.91204342246055614 264.22698974609381 46.500000000000007 26.864005088806156 85.37360000610353 9.5075001716613787 33.484998703002937 0.75721094012260448 141.05319976806643 23.568561553955082 348.97494506835943 15.84999990463257 270.49874877929693 9.1582765579223651 116.27529144287111 36.680000305175788 57.01250076293946 21.029136657714847 54.500000000000007 17.505000114440922 9.0025000572204608 36.414127349853523 10.500191211700441 23.998956680297855 25.250000000000004 8.9499998092651385 6.1340000629425058 0.30560925602912908 143.78491210937503 0.53295642137527477 5.3274998664855966 6.0009999275207528 6.9010000228881845 0.51602375507354747 107.87080764770509 93.500000000000014 184.71990966796878 22.002499580383304 34.975189208984382 5.5285000801086435 107.17749786376955 44.308576583862312 343.50000000000006 12.558500289916994 88.684356689453139 18.751000404357914 45.987499237060554 7.5000000000000009 145.05000305175784 127.50000000000001 5.2934999465942392 30.46060943603516 0.74050867557525646 -0.52034142613410939 28.44999980926514 1.1504199504852297 22.154999732971195 0.30778898298740393 0.063390085473656668 32.350000381469734 10.308000087738039 13.402499675750734 81.861396789550795 43.000000000000007 17.758500099182132 990.04998779296886 6.5109031200408944 71.500000000000014 0.37940952181816107 212.50000000000003 0.24164313822984698 -6.9777579307556143 28.181499481201175
decision_type=10 10 2 8 2 2 2 8 10 10 10 8 10 10 8 10 8 8 8 10 8 8 8 10 10 8 8 10 10 10 8 8 10 10 10 2 10 10 10 2 8 10 10 10 8 2 8 8 10 8 8 10 10 2 10 10 8 10 2 2 8 8 10 2 2 10 8 10 10 2 8 10 10 10 2 10 2 10 8
left_child=19 2 25 24 5 11 7 8 -7 22 -11 12 52 -12 68 16 -16 18 -8 56 21 -15 23 28 72 64 27 -13 -10 66 40 32 33 34 -21 -36 38 -19 39 -6 -3 47 43 -31 70 -34 53 48 49 -42 69 -26 -5 -39 -51 -56 -1 -33 73 60 -60 -44 63 -61 -2 -66 67 -28 -9 -49 -27 -17 -4 74 -59 -76 77 -77 -79
right_child=1 30 3 4 36 6 17 14 9 10 13 26 -14 20 15 71 -18 37 -20 31 -22 -23 -24 -25 51 44 29 -29 -30 42 -32 57 45 -35 35 -37 -38 46 -40 -41 41 -43 61 -45 -46 -47 -48 50 -50 54 -52 -53 -54 -55 55 -57 -58 58 59 62 -62 -63 -64 -65 65 -67 -68 -69 -70 -71 -72 -73 -74 -75 75 76 -78 78 -80
leaf_value=-0.1849808933320857 -0.10278887371089192 1.3455419092216008 0.50024737879883652 1.0223598448590534 0.046392912189283313 0.043787639675963969 2.4132695092061698 -0.51735228805937994 3.7200522505022153 -0.83424159895844197 0.69833399343100133 0.19335953538634759 2.6787941422177464 0.91031431190195788 3.975464559992854 0.68485001576587545 0.43395888409752775 -0.36480582910176806 0.10402600276696145 -0.37026893112952164 3.5599505455109157 3.2972550810155248 4.0645530234550939 1.3858686121779142 -0.075582979039028247 0.0099630356453278644 1.3353913172425294 2.0131378373145488 2.3101640366486138 2.3361090200426666 -0.0246182895264388 -0.087635025917616807 0.62797017635074703 -0.41769874912364263 0.94529645240645288 4.1731827583524028 -0.25719272773678636 0.67981207719716152 -0.14089846393673372 1.5848505944351763 -0.030634484983359776 -0.46404844301990988 0.17305677906694866 0.39927452055710599 0.35662556268745832 -0.22593880202761843 1.1307822354703465 0.53796513317826056 1.9843711781127553 0.60587884035167872 1.1451149382095525 0.097545916155200696 -0.23050679994577711 -0.34697580792513044 1.8071939298313064 0.63065122340904911 -0.11372722211674108 -0.027737633076479178 2.5682076397703755 0.028991215297628357 -0.10717424253692159 0.90728335012649663 -0.14797203768183972 0.81010208650220805 0.0020478908805546645 1.1297508618060281 0.013590445675899558 0.1094558961243175 0.22831437647786756 -0.078504496976222665 0.12017290401026449 -0.14990004141990673 0.21123990580725735 -0.090465742787851564 -0.085785498870436738 0.29714006482794286 0.014658716260645355 1.5692244885913511 0.49782011206561727
leaf_weight=47714 14434 363 1652 204 337 295 216 364 313 241 373 203 388 345 212 249 206 1088 243 207 346 277 293 243 11541 12936 204 211 349 201 822 45688 317 220 335 208 3590 219 696 247 431 257 1284 486 2938 2044 219 450 220 3860 201 11830 219 371 248 375 56133 27387 215 689 285 260 1176 380 21296 203 4884 605 452 829 26433 333 4229 17996 2445 1586 1103 201 235
leaf_count=47714 14434 363 1652 204 337 295 216 364 313 241 373 203 388 345 212 249 206 1088 243 207 346 277 293 243 11541 12936 204 211 349 201 822 45688 317 220 335 208 3590 219 696 247 431 257 1284 486 2938 2044 219 450 220 3860 201 11830 219 371 248 375 56133 27387 215 689 285 260 1176 380 21296 203 4884 605 452 829 26433 333 4229 17996 2445 1586 1103 201 235
internal_value=-0.000198442 0.141687 0.117852 0.238139 0.471548 0.648989 1.02681 1.43526 1.9665 2.17044 1.59583 0.349634 1.47897 2.03285 0.535136 1.05669 2.23533 0.178636 1.19361 -0.0941737 2.54583 1.9769 2.92726 2.55497 0.0684422 0.0401834 0.239624 1.12345 2.98138 0.193312 0.522564 -0.0413039 0.227532 1.05097 1.48176 2.18716 -0.125859 -0.0674488 0.242402 0.698673 0.584735 0.544351 0.504265 0.968518 0.102904 -0.111071 0.332415 0.583598 0.672196 0.613058 0.276014 0.0120523 0.374699 0.0346593 0.674936 1.10115 -0.146467 -0.0503164 -0.0185634 0.247112 1.04607 0.297203 0.0687844 0.307152 -0.0336638 0.0127481 0.0713865 0.419859 -0.104538 0.138643 0.0839609 0.207797 0.292495 -0.0328808 -0.00143505 0.127873 0.295014 0.447865 0.994208
internal_weight=343378 136814 128758 50518 21266 16396 7247 4891 3075 2780 1582 9149 811 1341 1816 1000 418 2356 459 206564 968 622 1198 905 29252 78240 8338 414 662 7924 8056 102717 3331 970 750 543 4870 1897 1280 584 7234 6871 2231 687 42307 2361 809 6614 5134 4914 1480 23371 423 590 4483 623 103847 99386 53698 2745 500 1544 2245 1069 35933 21499 5693 809 816 1279 39369 582 5881 50953 32957 5570 3125 2022 436
internal_count=343378 136814 128758 50518 21266 16396 7247 4891 3075 2780 1582 9149 811 1341 1816 1000 418 2356 459 206564 968 622 1198 905 29252 78240 8338 414 662 7924 8056 102717 3331 970 750 543 4870 1897 1280 584 7234 6871 2231 687 42307 2361 809 6614 5134 4914 1480 23371 423 590 4483 623 103847 99386 53698 2745 500 1544 2245 1069 35933 21499 5693 809 816 1279 39369 582 5881 50953 32957 5570 3125 2022 436
is_linear=0
shrinkage=0.06


Tree=23
num_leaves=80
num_cat=0
split_feature=96 205 97 97 114 85 97 103 35 80 95 80 35 85 40 194 80 80 181 56 91 190 36 77 86 44 16 109 35 86 96 16 193 84 207 207 82 207 47 194 208 193 147 97 146 169 207 208 208 203 194 7 97 96 97 97 99 194 205 191 111 85 177 97 58 80 63 84 80 85 97 76 207 181 57 196 80 85 80
split_gain=1.12208e+06 356221 1.42197e+06 3.40149e+06 582122 345056 336724 455091 496908 251976 162528 133845 125123 118127 110307 84566.6 84526.6 81307 73094.5 70769.7 90908.4 142553 364539 701277 632942 186021 65906.3 145451 239484 64338.2 76511.3 76276.6 55703.3 175256 48949.9 98560.1 45572.6 44612.7 43373.4 40609.1 40180.7 55404.3 40152.4 38299.7 37656.4 104377 36477.5 35409.5 47786.1 43383.6 31623.8 31460.8 37265 29902.2 29379.6 76721.9 28299.4 27706.7 30032.9 27452 26727.5 26230.6 29983.7 25136.6 24946.2 23044.9 22831.5 67393.4 27985.5 93670.2 22793.1 22556.6 22196.7 22180.1 25345.1 72295.2 21812.1 20989.6 20316
threshold=13.335365295410158 0.37940952181816107 36.21507644653321 48.168771743774421 339.35041809082037 25.210000038146976 63.294715881347663 -138.72499847412107 177.25870513916018 33.457500457763679 28.946006774902347 12.102499961853029 112.01203918457033 37.112499237060554 75.887500762939467 50.500000000000007 9.3074998855590838 13.704999923706056 7.0000000000000009 68.214843750000014 9.2100000381469744 2.1202012300491337 275.59486389160162 26.388023376464847 10.877500057220461 39.082500457763679 105.84000778198244 1654.0000000000002 219.18650054931643 13.000999927520754 15.175619125366213 41.759174346923835 5.0499999523162851 5.2024998664855966 0.9837264120578767 0.90531614422798168 18.475999832153324 0.9996619224548341 139.16249847412112 73.500000000000014 0.063390085473656668 31.550000190734867 0.72534674406051647 1.5322539210319521 23.349999427795414 18.644999504089359 -0.11692013591527937 0.86004966497421276 0.94066718220710765 0.21643137186765674 41.500000000000007 35.010000228881843 42.884325027465827 54.606544494628913 48.168771743774421 42.884325027465827 0.22686960548162463 63.500000000000007 0.37940952181816107 66.099998474121108 126.43125152587892 29.685999870300297 2.7418072223663335 24.971164703369144 9.6259999275207537 40.587499618530281 59.75849914550782 1.0000000180025095e-35 8.8039999008178729 6.7260000705719003 13.594364643096926 27.174648284912113 -0.67166441679000843 31.000000000000004 0.27745829522609716 78.500000000000014 31.209000587463382 18.558499336242679 24.001000404357914
decision_type=8 2 2 2 8 8 2 10 8 2 10 2 8 10 10 8 2 2 2 8 8 8 8 8 10 8 10 8 8 10 10 8 8 10 2 2 8 2 10 10 2 10 10 2 10 10 2 2 2 10 8 10 2 8 2 2 2 8 2 10 10 10 2 2 8 2 10 10 2 10 2 10 2 2 8 10 2 8 2
left_child=16 9 10 4 -4 14 7 8 -5 17 15 -8 -13 18 29 37 32 39 70 20 21 -17 23 24 -23 -25 27 46 -29 30 -6 -32 33 -1 35 64 66 65 56 40 -2 61 -24 -34 -38 -46 -12 53 -49 -50 -28 -33 -53 -15 55 63 -20 58 -18 77 -55 -42 -63 73 -14 -3 -22 -68 69 -69 -11 -52 -61 -45 75 -75 -21 -19 -60
right_child=1 2 3 6 5 -7 11 -9 -10 13 26 12 34 47 -16 19 57 59 38 76 36 22 42 25 -26 -27 50 28 -30 -31 31 51 43 -35 -36 -37 44 -39 -40 -41 41 -43 -44 54 45 -47 -48 48 49 -51 71 52 -54 60 -56 -57 -58 -59 78 72 -62 62 -64 -65 -66 -67 67 68 -70 -71 -72 -73 -74 74 -76 -77 -78 -79 -80
leaf_value=1.7024982669961941 -0.11306252545970893 0.21473487362124874 -0.13280450014154924 4.6587575435638433 4.4605767596276449 0.94081457661343859 -0.22417002044470002 -0.76368142952482065 0.86127217487948804 0.51878203405090539 0.026671070955000327 1.6836039302375438 -0.10208326393894815 0.34517318801465374 2.0489237050364602 -0.037033038668704499 -0.012206694199786108 0.0056867003104458325 0.29793307527157292 -0.12658895696405734 -0.0616667670621927 5.4858018756120099 -0.25123141970801482 -0.51950085586288597 0.86553433994679196 1.495495547095675 0.78907573599456671 3.055369184950695 0.519887150294989 4.3739177917480463 2.1498673819608465 4.0686917840063046 -0.17448367667423081 -0.42330795553639616 -0.51163766808226196 1.4572831132330122 0.10694196934247964 0.93642415768108078 0.90992720850983289 -0.17072067823283513 0.0022038256658614931 0.9464625803434874 0.62988874807439998 -0.16386612658209848 0.15385644544781496 1.716624050442852 0.47433008410828575 1.3967257598231699 1.0600611303944607 -0.042249171801457992 0.31875482445966119 2.5854341852906262 3.500397228081467 0.12407918907086783 -0.48408369056443395 0.96873304547753636 0.0002836698052930825 -0.072199824795315504 0.16305965288624166 0.8701717612793779 0.86759855781897077 0.14262614766502232 0.94464909901364003 -0.4518652363899936 0.60125555911267048 0.7777001908795399 0.92848852000438575 1.4735918968886432 -0.03389200266298014 -0.0075466174686107763 1.3128868062403596 -0.045291910147144329 0.20809384673270959 -0.098322438791229372 -0.08776157104457008 1.2147130268468307 0.34039001825051329 0.084157848300647611 0.76461821084419879
leaf_weight=237 11162 5519 214 203 210 230 3369 250 318 360 821 245 642 2452 200 1927 15067 23003 1498 8536 12042 229 942 428 200 267 252 203 393 299 214 225 52706 337 268 243 10666 352 228 9068 15748 235 231 15873 657 200 3248 378 255 258 961 246 573 217 732 239 4938 41585 1999 203 886 731 217 747 252 274 322 201 3953 643 205 1687 1728 550 49346 207 375 26302 224
leaf_count=237 11162 5519 214 203 210 230 3369 250 318 360 821 245 642 2452 200 1927 15067 23003 1498 8536 12042 229 942 428 200 267 252 203 393 299 214 225 52706 337 268 243 10666 352 228 9068 15748 235 231 15873 657 200 3248 378 255 258 961 246 573 217 732 239 4938 41585 1999 203 886 731 217 747 252 274 322 201 3953 643 205 1687 1728 550 49346 207 375 26302 224
internal_value=-0.00115472 0.11245 0.223325 0.960757 2.85387 3.14472 0.172092 1.33866 2.347 0.0418392 0.114399 -0.00734298 0.435246 0.303805 3.40181 0.0736285 -0.104623 0.00723723 0.154096 0.0430853 0.0837015 0.34354 0.662688 1.43434 3.33885 0.255642 0.372849 0.512463 1.38715 3.5537 3.38377 3.20062 -0.133319 0.455855 0.216518 0.388449 0.045427 0.281445 0.098481 -0.0603297 -0.0246924 0.0335701 -0.0773229 -0.136131 0.137715 0.520139 0.384035 0.547135 0.885417 0.506679 0.148165 3.41374 3.22906 0.462126 -0.106268 -0.102131 0.0695981 -0.0456599 0.0181729 0.0562431 0.721566 0.020665 0.327014 -0.105981 0.0966236 0.241492 -0.0165455 0.0895895 0.0330964 0.346515 0.808719 0.0868967 0.27811 -0.102058 -0.0824742 0.261853 -0.106901 0.0475484 0.223992
internal_weight=343651 163802 63730 8201 2411 2197 5790 771 521 100072 55529 5019 1650 11675 1967 47964 179849 88397 7229 41819 32908 4224 2297 1124 429 695 7565 4665 596 1767 1468 1258 120974 574 1405 1137 28684 6145 6664 37161 28093 16931 1173 120400 11523 857 4069 4446 891 513 2900 1044 819 3555 67694 66962 6436 58875 17290 51236 1103 16696 948 66723 894 5793 17161 5119 4797 844 565 2648 1931 65976 50103 757 8911 49305 2223
internal_count=343651 163802 63730 8201 2411 2197 5790 771 521 100072 55529 5019 1650 11675 1967 47964 179849 88397 7229 41819 32908 4224 2297 1124 429 695 7565 4665 596 1767 1468 1258 120974 574 1405 1137 28684 6145 6664 37161 28093 16931 1173 120400 11523 857 4069 4446 891 513 2900 1044 819 3555 67694 66962 6436 58875 17290 51236 1103 16696 948 66723 894 5793 17161 5119 4797 844 565 2648 1931 65976 50103 757 8911 49305 2223
is_linear=0
shrinkage=0.06


Tree=24
num_leaves=80
num_cat=0
split_feature=96 97 204 97 114 36 94 93 207 97 82 35 96 57 80 96 141 96 193 84 122 82 92 36 55 96 194 96 208 193 204 112 95 208 194 99 86 90 207 16 194 99 194 208 76 207 97 204 194 208 78 89 194 85 33 88 90 98 56 97 23 208 39 104 95 163 163 72 40 37 181 97 114 97 194 204 199 56 85
split_gain=1.01632e+06 343473 1.3618e+06 2.98038e+06 1.178e+06 802455 358312 287801 166663 131027 115170 172740 104607 84868.8 84729.8 56373.6 68676.2 54448.8 47472.8 107196 44222.6 40420.2 39087.9 46446.9 38686 35926.3 35770.1 34898.8 34188.8 43521.7 47837.8 122847 33099.1 32271 31232.2 29729.8 28895.5 47453.9 33076.4 71745.8 141723 161424 28475.1 33185.7 28073.4 62844.8 27873.2 27327.4 26064.5 27836.9 25565.4 24928.1 120946 24521.6 58422.8 127339 70694.7 24415.2 23728.1 23711.3 23199.6 29535.5 23487.5 23060.7 22529.1 22350.9 22213.8 29598.8 21520.3 29559.3 20506.1 20006.4 19510.7 19493.7 27599.2 19194.9 22906.1 30426.2 33983.9
threshold=13.160812854766847 36.21507644653321 10.500000000000002 63.294715881347663 339.35041809082037 382.81842041015631 36.957334518432624 32.941583633422859 -0.94423642754554737 48.168771743774421 14.982500076293947 109.41787719726564 19.517843246459964 0.44560605287551885 7.7274999618530282 46.914346694946296 7.3819017410278329 14.994769096374513 5.0499999523162851 5.2024998664855966 17.242008209228519 4.3025000095367441 5.8010001182556161 255.47584533691409 8.123350143432619 19.369464874267582 20.500000000000004 28.200880050659183 -0.45273527503013605 19.650000572204593 10.500000000000002 -1595.2874755859373 41.348640441894538 -0.11692317575216292 58.500000000000007 0.75970560312271129 49.601499557495124 6.9014999866485605 -0.87395131587982167 129.95306396484378 86.500000000000014 0.31516210734844213 70.500000000000014 -0.048362832516431802 21.113194465637211 -0.32614396512508387 1.5322539210319521 10.500000000000002 77.500000000000014 -0.45273527503013605 inf 10.308000087738039 89.500000000000014 5.2024998664855966 193.03466796875003 8.4024996757507342 7.4010000228881845 9.2109999656677264 63.181373596191413 43.938581466674812 517.12500000000011 -0.45273527503013605 0.21698793023824695 26.976041793823246 24.755772590637211 13.945000171661379 256.36999511718756 0.5874999761581422 4.43400001525879 47.761167526245124 7.0000000000000009 19.950067520141605 -82.030223846435533 18.032930374145511 87.500000000000014 14.000000000000002 185.50000000000003 35.14173889160157 27.604000091552738
decision_type=10 2 2 2 8 8 8 8 2 2 8 8 10 8 2 10 8 10 8 10 10 10 8 8 10 10 10 10 2 8 2 10 10 2 8 2 8 8 2 10 10 2 10 2 10 2 2 2 8 2 8 8 10 10 8 8 10 2 10 2 8 2 10 8 10 10 10 8 10 10 2 2 10 2 10 2 10 10 8
left_child=14 6 3 4 64 7 12 8 -6 17 32 -12 36 -4 18 60 -17 -10 19 -1 33 -19 -13 -24 -14 -23 -22 66 -29 71 31 -31 -5 -15 47 -32 38 -38 39 51 -41 -42 43 -35 -18 -46 -20 -16 49 65 -39 52 -2 54 55 -50 -57 -36 -47 -27 61 -8 63 -63 -3 -40 67 -26 69 -69 -59 -30 -28 -70 -75 76 -51 78 -78
right_child=1 2 13 10 5 -7 15 -9 9 -11 11 22 24 20 34 16 44 21 46 -21 26 25 23 -25 27 59 72 28 29 30 35 -33 -34 42 57 -37 37 50 48 40 41 -43 -44 -45 45 58 -48 -49 53 75 -52 -53 -54 -55 -56 56 -58 70 -60 -61 -62 62 -64 -65 -66 -67 -68 68 73 -71 -72 -73 -74 74 -76 -77 77 -79 -80
leaf_value=1.4796345913238418 -0.028746810033110339 -0.92874525097779703 0.97512772513612322 -0.23102199183169686 2.1152624783703207 -0.046448479937655586 -0.070736804695066172 1.0790876997802235 4.3530797419828531 5.0032386236101658 2.0578077466876379 -0.56998117614148258 -0.20831830287995093 -0.25025920496615889 0.1905983690113317 1.6306009869093763 -0.13927895838849283 2.4712260518624229 -0.17300386329949002 -0.36452296905040743 0.96311402120853806 3.1313945101959928 0.87750481975078576 0.040543664940760261 0.63223736922397755 3.3953782180259968 -0.29403082129431934 0.0020670994900619309 0.1466985358136785 1.6129322081886541 0.1905845507900609 0.37761684878733648 0.36786255056637202 0.67291211420727759 -0.083766530227528543 0.78756508590822871 0.90754541861861937 0.044926907229413338 0.0084714518536953068 0.15179766582674811 0.25773249023246325 2.6155621170608572 -0.17721380287075611 0.013782111403918343 1.2882034462993963 0.54960396784448162 -0.10862583850875217 -0.015209641193363644 1.7175824544050478 -0.049831841989272395 0.71651685858915248 -0.019491646547209553 1.2666181089658652 -0.088318311222969126 -0.12004874661630618 1.0081735228043627 -0.14602006756744812 0.46440770589662672 0.055491453747857696 4.2640293936081868 0.039594470319618651 0.39936010336476391 0.36744354415877506 1.299942646848345 -0.085829198377376251 -0.20512570304661237 0.01376956977383279 1.0331483587368488 0.11579160175727425 0.14804135426181683 0.022531337684155391 -0.31739340172637076 0.47910685157353677 0.0074188237132497108 -0.66336847313074954 -0.0013583459277892391 0.25503831636675411 0.084223465589960272 0.98701818997850854
leaf_weight=207 1242 201 284 3185 330 314 494 217 203 213 209 200 1339 3573 2704 218 208 207 45794 249 250 781 374 657 395 289 245 2198 2901 359 3358 1492 370 290 57948 329 299 2194 3655 1493 216 202 3176 4998 399 3078 51389 16429 219 2830 224 8052 327 22823 1910 250 799 421 395 242 1000 206 3048 205 263 3407 9616 213 33321 373 3634 377 224 1836 250 17495 1790 6632 261
leaf_count=207 1242 201 284 3185 330 314 494 217 203 213 209 200 1339 3573 2704 218 208 207 45794 249 250 781 374 657 395 289 245 2198 2901 359 3358 1492 370 290 57948 329 299 2194 3655 1493 216 202 3176 4998 399 3078 51389 16429 219 2830 224 8052 327 22823 1910 250 799 421 395 242 1000 206 3048 205 263 3407 9616 213 33321 373 3634 377 224 1836 250 17495 1790 6632 261
internal_value=0.000702939 0.107979 0.332877 0.935872 2.34677 2.81125 0.0747024 3.17265 3.37266 3.5859 0.0147631 0.467256 0.049889 -0.048892 -0.0984416 0.435894 0.594901 3.40778 -0.136095 0.474033 -0.0717654 3.27867 0.19576 0.344711 0.110361 3.40409 0.385013 0.117848 0.213781 0.266559 0.369111 0.617947 -0.168605 -0.0990796 -0.0531278 0.244054 0.00364936 0.195767 -0.00344508 0.089866 0.425561 1.40069 -0.0352385 0.05005 0.539176 0.575648 -0.138963 0.0138849 -0.0207823 0.0122284 0.107413 0.0231503 0.241859 -0.0665751 0.0895535 0.405125 0.129748 -0.0738066 0.493438 3.79853 0.297822 0.36312 0.425084 0.850621 -0.452184 -0.0945911 0.0948762 0.116309 0.110629 0.470973 0.0685112 0.0932432 0.0754627 0.104652 -0.0732521 0.038236 0.0983978 0.14671 0.348622
internal_weight=343998 165223 21295 8255 3260 2796 143928 2482 2265 1935 4995 1440 134677 13040 178775 9251 4298 1722 97639 456 12756 1519 1231 1031 58357 1312 719 57018 11014 8816 5538 1851 3555 12037 81136 3687 76320 2717 73603 11532 1911 418 8464 5288 4080 3872 97183 19133 62071 36070 2418 9621 1569 26001 3178 1268 1049 62003 3473 531 4953 3953 3459 411 464 7062 46004 36388 35993 586 4055 3278 469 35407 2086 29008 11513 8683 2051
internal_count=343998 165223 21295 8255 3260 2796 143928 2482 2265 1935 4995 1440 134677 13040 178775 9251 4298 1722 97639 456 12756 1519 1231 1031 58357 1312 719 57018 11014 8816 5538 1851 3555 12037 81136 3687 76320 2717 73603 11532 1911 418 8464 5288 4080 3872 97183 19133 62071 36070 2418 9621 1569 26001 3178 1268 1049 62003 3473 531 4953 3953 3459 411 464 7062 46004 36388 35993 586 4055 3278 469 35407 2086 29008 11513 8683 2051
is_linear=0
shrinkage=0.06


Tree=25
num_leaves=80
num_cat=0
split_feature=94 97 205 94 205 97 97 57 186 166 77 194 97 68 95 46 36 193 50 87 90 198 83 65 208 208 59 203 79 205 207 196 99 123 80 85 207 76 114 63 59 122 37 96 193 90 5 49 193 199 96 97 123 169 43 205 120 96 88 77 44 82 88 48 36 96 90 208 93 80 164 94 50 105 99 75 158 123 72
split_gain=881614 280536 548649 238312 200528 687710 2.19609e+06 835101 674336 413952 153371 124988 121899 120363 106545 103812 79025 178475 73673.5 69327.7 67540.4 62746.4 62253.3 50808.4 43514.3 56006.9 41252.6 45543.4 41079.3 109155 40718.5 55798.4 73613.7 99299.8 43273.7 37805.9 37247.2 118236 36833.3 36268.9 39050.1 63280.4 66284.6 35492.5 47727.8 141000 147627 38154.4 33667.5 89907.5 30458.8 29681.3 28134.2 28008.8 27802.6 27516.7 48197 58029.8 142133 231189 272545 43911.6 36083.1 57221.8 150147 37954.3 103636 27287.6 25795.1 33121 25081.4 23905.9 23835.6 23148.3 27825.6 23854.8 23025.4 23005.1 22206.2
threshold=15.24204206466675 42.884325027465827 0.93301269412040722 44.443561553955085 0.37940952181816107 36.21507644653321 54.202339172363288 3.6916832923889165 0.10585624352097513 79.500000000000014 49.881315231323249 51.500000000000007 88.929145812988295 30.029000282287601 6.9189262390136728 25.675999641418461 107.87080764770509 27.849999427795414 21.501500129699711 18.804999351501468 18.376500129699711 8.6500000953674334 50.918998718261726 26.725999832153324 0.99445194005966198 0.97461712360382091 0.72482705116271984 -0.095842104405164705 0.95756816864013683 0.93301269412040722 0.97112539410591137 31.500000000000004 0.42419478297233587 1.4717429280281069 18.454999923706058 30.912499427795414 -0.87395131587982167 56.999017715454109 -317.51936340332026 4.8524999618530282 0.47471302747726446 -18.148878097534176 105.79731750488283 10.847508430480959 8.9499998092651385 7.7514998912811288 119.26250076293947 105.78750228881837 25.849999427795414 252.50000000000003 16.813183784484867 19.950067520141605 6.0294041633605966 47.43499946594239 10.95099973678589 1.0000000180025095e-35 19.48124980926514 17.880798339843754 12.308000087738039 39.149621963500984 31.836500167846683 19.827500343322757 9.4024996757507342 11.026000022888185 166.3420104980469 14.637004852294924 11.153499603271486 0.063390085473656668 8.6340832710266131 10.302500247955324 12.500000000000002 21.697896003723148 54.457500457763679 17.799068450927738 0.65144547820091259 40.399446487426765 65.500000000000014 6.7406029701232919 0.85350000858306896
decision_type=8 2 2 10 2 2 2 10 10 10 10 8 2 8 10 10 8 10 10 10 8 10 8 10 2 2 10 10 10 2 2 8 2 10 2 10 2 10 10 10 10 10 8 8 8 10 8 8 10 10 10 2 10 8 10 2 10 10 8 8 10 8 10 8 8 8 8 2 10 2 2 10 10 10 2 10 2 10 8
left_child=1 14 -3 4 20 11 7 -7 9 10 13 21 16 15 -1 -9 17 -5 -15 22 67 26 50 70 25 39 38 -28 -14 -30 34 32 -32 -34 36 -22 37 -13 -6 -18 41 42 -41 -16 45 46 -45 -47 49 -40 -8 53 -29 55 -52 73 57 62 59 60 -59 68 63 64 -57 -65 -67 -2 -60 -70 -17 -20 -42 -46 -75 -76 78 -50 -36
right_child=3 2 -4 12 5 6 19 8 -10 -11 -12 30 28 18 43 23 24 -19 71 -21 35 -23 -24 -25 -26 -27 27 52 29 -31 31 -33 33 -35 76 -37 -38 -39 48 40 72 -43 -44 44 51 47 -48 -49 77 -51 54 -53 -54 -55 -56 56 -58 58 61 -61 -62 -63 -64 65 -66 66 -68 -69 69 -71 -72 -73 -74 74 75 -77 -78 -79 -80
leaf_value=-0.14272824039825568 -0.08298732500830551 -0.33255585826656153 2.929308955188191 2.615850093443604 0.15278145816919919 -1.63039951073812 -0.74555268529774554 1.6090319600435767 -0.44081424227199101 0.7840193442825798 1.5301108539968298 0.011764878819150037 -0.078995249998604633 4.7213882815600394 -0.082510190313102014 3.168099304607936 0.082220956287490363 0.10242955208701246 2.9795962293404505 0.70046427638125208 0.070506762834151512 0.082134567467208652 0.82884301262242444 3.9485967266944146 -0.28534012235898748 1.4375853434255568 1.545493342527529 1.0742379996434945 -0.12689118452323306 1.3312013186346614 0.21866536927333471 0.0026086565538849188 1.8323834065823537 0.34221896067947932 0.72657741940304843 0.24178950616543529 -0.095255227010073648 1.2411575341432155 1.8321097263011854 1.9184603688086588 0.38579617152327811 0.53248406998745346 0.63150244489906393 -0.049039041113483839 -0.07826344154482362 -0.26732446781659158 1.7179740368651248 0.56884794116848036 0.67421119533395502 0.45640497402523084 0.48686658103673192 -0.40374806332798968 0.14781862007101465 -0.17281398153518998 -0.23593092196852644 2.0359410188658535 -0.062598873322390017 0.62045320730055531 -0.49663842810248882 -0.3126279420377614 3.5233868427685833 0.85362143050212014 -0.017480655678923453 0.023877322445617709 -0.1660221383717668 1.3115943143915192 0.078496675776057928 0.022150609623052681 0.74597274763536625 -0.11939656368059956 2.3021291334462721 3.9122509944145309 -0.29104951756046366 0.0034955154018049472 0.13336725967105578 0.85772683215341894 -0.22275482316479084 0.17952145035474978 0.10908682509588567
leaf_weight=66703 14511 429 326 203 1476 200 398 201 269 332 206 2589 1891 250 68346 335 680 203 250 340 31193 2305 202 216 244 235 245 204 476 301 1990 2396 270 398 212 5449 11359 315 235 260 670 3570 325 299 28584 1025 394 242 533 625 204 759 279 4447 2942 200 14243 278 404 287 200 200 11351 4167 250 330 949 22926 206 689 214 202 259 6308 443 259 749 927 13523
leaf_count=66703 14511 429 326 203 1476 200 398 201 269 332 206 2589 1891 250 68346 335 680 203 250 340 31193 2305 202 216 244 235 245 204 476 301 1990 2396 270 398 212 5449 11359 315 235 260 670 3570 325 299 28584 1025 394 242 533 625 204 759 279 4447 2942 200 14243 278 404 287 200 200 11351 4167 250 330 949 22926 206 689 214 202 259 6308 443 259 749 927 13523
internal_value=-0.000372319 -0.0758581 1.07789 0.12217 0.0997372 0.19612 0.756378 2.0925 2.39388 2.73958 3.08543 0.102874 0.414596 3.27648 -0.0799806 2.83486 0.552055 1.36248 3.87928 -0.118644 0.0380761 0.33698 -0.193157 3.15442 0.499141 0.531091 0.466778 0.880383 0.0719508 0.43894 0.0555677 0.212609 0.401837 0.94637 0.0279519 0.095984 -0.0462298 0.1455 0.387245 0.49389 0.548925 0.627548 1.20578 -0.0510866 -0.0230169 0.26917 0.956611 -0.107291 0.536283 0.834016 -0.251626 -0.0307019 0.540512 -0.0268596 -0.188922 -0.0174978 0.0213132 0.0825689 0.368098 1.03299 1.83989 0.0283147 0.0450686 0.165471 0.814972 0.111663 0.397429 -0.0186032 -0.0993122 0.0803937 2.83534 3.40412 0.196985 -0.0543021 0.0434 0.401457 0.101 0.360455 0.11867
internal_weight=343105 212318 755 130787 121470 47391 6761 2675 2475 2206 1874 40630 9317 1668 211563 966 6649 406 702 4086 74079 6829 3746 765 6243 5999 4524 728 2668 777 33801 5054 2658 668 28747 36642 14263 2904 3796 5764 5084 4155 585 144860 76514 1960 693 1267 2320 860 3544 74554 483 73795 3146 69348 33754 19511 2264 765 478 1499 17247 5896 450 5446 1279 37437 1299 895 549 452 929 35594 7010 702 14484 1460 13735
internal_count=343105 212318 755 130787 121470 47391 6761 2675 2475 2206 1874 40630 9317 1668 211563 966 6649 406 702 4086 74079 6829 3746 765 6243 5999 4524 728 2668 777 33801 5054 2658 668 28747 36642 14263 2904 3796 5764 5084 4155 585 144860 76514 1960 693 1267 2320 860 3544 74554 483 73795 3146 69348 33754 19511 2264 765 478 1499 17247 5896 450 5446 1279 37437 1299 895 549 452 929 35594 7010 702 14484 1460 13735
is_linear=0
shrinkage=0.06


Tree=26
num_leaves=80
num_cat=0
split_feature=94 96 205 99 209 76 96 36 99 129 77 145 39 201 78 52 71 56 193 79 194 57 96 82 199 77 91 96 36 206 86 207 149 95 89 29 194 42 207 207 175 54 163 42 69 201 208 56 207 196 99 49 15 171 193 87 17 208 123 194 209 201 63 18 49 35 191 94 48 96 205 139 201 96 90 194 90 35 77
split_gain=797233 237518 210960 390360 543694 329706 404988 297444 508422 596218 253113 198549 182451 169513 113976 110479 116540 109019 100703 96637.9 89055.1 83124.3 74174.1 69615.9 84285.4 56677.4 55678.2 79581.7 53711.8 269018 52726.8 48019.4 47045.9 44286.2 59435.4 93097.7 42026.9 40892.8 38651.1 47880.8 119260 93886.5 52267.4 41591.7 34088.2 30414.4 80405.2 37945.1 29602.3 30539.7 41849.4 50127.5 29460.4 64583.2 28985.2 143384 28738.8 28250.1 27808.9 27429.6 27412 29844.6 50214.9 26894.7 31132.2 26602 26311.9 26696.8 25838.9 25081.6 29894.9 42725.7 81612.8 193803 208075 56809.6 129803 41634.4 68664.8
threshold=13.354000091552736 36.506265640258796 0.37940952181816107 0.5849612057209016 2.5000000000000004 52.376279830932624 23.780482292175297 182.22661590576175 0.91204342246055614 157.29167175292972 47.517541885375984 5.5499999523162851 0.54185408353805553 37.500000000000007 -12.381500244140623 16.428999900817875 7.9514999389648446 64.463066101074233 16.550000190734867 0.7281862497329713 50.500000000000007 4.0167546272277841 6.7697556018829355 43.01250076293946 345.50000000000006 15.502862930297853 6.0260000228881845 17.357866287231449 131.08409118652347 -1.0000000180025095e-35 17.656499862670902 0.9996619224548341 0.63499999046325695 19.179116249084476 8.7290000915527362 144.02850341796878 78.500000000000014 19.289000511169437 -0.9550008475780486 -0.87395131587982167 44.264999389648445 65.865268707275405 582.80499267578136 9.427500247955324 11.202499866485597 177.50000000000003 -0.21862536668777463 79.896656036376967 0.96687895059585582 96.500000000000014 0.36586348712444311 17.829999923706058 62.624094009399421 0.32569362223148351 5.0499999523162851 6.5784997940063485 43.646940231323249 0.063390085473656668 -28.062470436096188 72.500000000000014 2.5000000000000004 57.500000000000007 18.452500343322757 34.018499374389656 36.371000289916999 279.26306152343756 21.449253082275394 42.197711944580085 26.833999633789066 10.518916606903078 -0.37940952181816096 7.7565000057220468 177.50000000000003 14.722737789154055 12.002500057220461 95.500000000000014 7.2525000572204599 249.19450378417972 23.251429557800297
decision_type=8 8 2 2 2 8 10 8 2 8 10 10 8 8 10 10 10 10 8 8 8 10 10 8 10 8 10 10 8 2 10 2 2 8 8 8 8 10 2 2 10 10 10 10 10 10 2 10 2 8 2 10 10 2 8 10 10 2 10 10 2 8 10 10 10 8 8 8 8 10 2 8 10 10 10 10 8 8 10
left_child=22 2 30 20 5 6 11 8 9 56 12 -5 13 -11 -13 -15 -17 -8 -10 -18 31 65 -1 28 37 32 -16 -28 29 -3 57 -4 -23 48 35 -35 44 -25 -27 40 -40 -42 43 58 45 46 -30 -48 -22 50 -50 -52 53 -20 55 -24 -6 -2 -41 -59 -39 62 -62 -45 -65 -9 -32 -68 -69 -56 -71 -72 75 -74 -75 -73 -77 78 -78
right_child=1 23 3 4 7 -7 17 21 18 10 -12 14 -14 15 26 16 19 -19 52 -21 33 25 54 24 -26 38 27 -29 36 -31 66 -33 -34 34 -36 -37 -38 60 39 42 41 -43 -44 63 -46 -47 47 -49 49 -51 51 -53 -54 -55 69 -57 -58 59 -60 -61 61 -63 -64 64 -66 -67 67 68 -70 70 71 72 73 74 -76 76 77 -79 -80
leaf_value=-0.13879606504664418 -0.078444389731411768 -0.59505278412812246 0.25614478246468858 0.7641419179772222 -0.10284820692366703 -0.31246620931713154 1.3530795747155493 -1.0474586980686826 1.1624495109308113 4.1091469083387073 0.2168138802667027 3.9076367982771334 0.70872609877292025 3.2960446085359068 2.8895232077048725 3.0145994147833655 0.44148427920944894 -0.19371625923087102 -0.31643759080991496 2.1052172804434037 -0.050531163764160503 1.3181611258619359 1.5629479895366523 0.032692911153932476 1.6732180839691844 -0.69976829884219027 0.96863524860349182 2.5891999718965577 1.7634270590602128 2.3180368784093455 0.011690024902060201 1.0170866090474249 0.29416983497870525 1.5033620248434785 0.088307034915707558 0.16606614961458346 -0.086253037397749713 0.032131737767174692 -0.48754788523417636 1.0904533217214207 0.29397152194126841 2.083179990791757 -0.41420647863135973 -0.079400628311478802 0.12382867912466344 0.16111493070372646 0.13816414146383005 1.0864261214456086 0.086382146452679553 -0.20402794089515439 1.4375305820531739 0.32361629819299315 -0.87292118390811524 0.73985648639230839 -0.085321157186174279 -0.48852985153210832 0.67200630375935178 0.045170961503645697 0.14233834238939508 -0.097600748190652661 1.5615782698461991 0.48083551788615231 0.55437538006875131 0.97383984552425096 0.019040558088990842 -0.3138827818790727 0.099182939254759739 1.02950346577803 0.2560977584243837 -0.086295570431635757 -0.06088826439810828 -0.020717951674281858 0.093197627858715423 2.3516515608221571 0.16933850643228046 1.6809073002957577 -0.044027630884844078 -0.29462424350971428 1.3350624971475127
leaf_weight=60103 19279 232 5456 257 836 386 274 252 205 201 275 204 242 241 337 203 242 406 1277 262 16211 215 215 742 209 251 202 241 200 223 15874 315 644 277 16595 576 1759 403 258 232 222 201 915 2190 2413 635 531 212 1581 659 202 516 229 248 65869 283 216 23041 214 6133 262 4124 559 205 305 605 22656 203 659 22699 19575 14323 2118 323 306 231 352 485 205
leaf_count=60103 19279 232 5456 257 836 386 274 252 205 201 275 204 242 241 337 203 242 406 1277 262 16211 215 215 742 209 251 202 241 200 223 15874 315 644 277 16595 576 1759 403 258 232 222 201 915 2190 2413 635 531 212 1581 659 202 516 229 248 65869 283 216 23041 214 6133 262 4124 559 205 305 605 22656 203 659 22699 19575 14323 2118 323 306 231 352 485 205
internal_value=-0.000301585 0.0996593 0.077866 0.168779 0.447282 1.28701 1.6084 0.27704 0.644278 1.17522 1.88103 2.25289 2.20966 2.52489 2.64055 2.18501 1.80216 0.430623 -0.0925971 1.30882 0.0788033 0.0209716 -0.0838824 0.350482 0.49099 0.101818 2.30458 1.8541 0.207789 0.834634 0.019825 0.297848 0.5517 0.0442737 0.113433 0.601586 0.15805 0.45015 0.0243247 0.0627913 0.527981 1.14707 -0.0153284 0.100778 0.26572 0.482476 0.698476 0.409828 -0.0186794 0.155839 0.259037 0.638565 -0.23986 -0.144288 -0.0578903 0.398506 0.0567345 -0.0220882 0.636864 0.015155 0.508053 0.546824 0.877306 0.0120217 0.403987 -0.530559 0.0713784 0.111664 0.439216 -0.0596904 -0.0318379 0.000763718 0.0665563 0.368052 1.29194 0.0134321 0.397382 0.111499 0.46502
internal_weight=343517 156430 143926 56081 13693 2307 1921 11386 4677 2718 1666 1241 1391 1149 984 948 707 680 1959 504 42388 6709 187087 12504 6299 5852 780 443 6205 455 87845 5771 859 36617 17448 853 5750 6090 4993 4742 681 423 4061 3146 3991 1578 943 743 19169 2958 2299 718 1754 1525 126984 498 1052 48453 446 29174 5348 4945 821 2700 510 857 39392 23518 862 126486 60617 37918 18343 2747 629 15596 1273 1042 557
internal_count=343517 156430 143926 56081 13693 2307 1921 11386 4677 2718 1666 1241 1391 1149 984 948 707 680 1959 504 42388 6709 187087 12504 6299 5852 780 443 6205 455 87845 5771 859 36617 17448 853 5750 6090 4993 4742 681 423 4061 3146 3991 1578 943 743 19169 2958 2299 718 1754 1525 126984 498 1052 48453 446 29174 5348 4945 821 2700 510 857 39392 23518 862 126486 60617 37918 18343 2747 629 15596 1273 1042 557
is_linear=0
shrinkage=0.06


Tree=27
num_leaves=80
num_cat=0
split_feature=94 96 97 97 205 120 57 97 207 36 205 95 97 123 36 205 57 85 97 84 194 52 74 207 122 191 203 141 124 97 71 133 200 94 85 193 54 80 191 84 207 56 148 74 49 160 56 36 114 202 93 194 84 193 57 95 145 40 193 191 194 89 96 2 3 36 88 96 204 149 46 36 194 192 208 76 205 194 57
split_gain=696364 222880 173851 811773 1.88297e+06 562194 346788 166573 132866 172334 143330 84575.3 77028.6 67719.3 91865.7 204183 91144.9 80526.8 67478.2 56320.3 93087.6 51641.5 60255.3 49788.1 86341.8 37591 37219.4 37289.7 34868.6 31969.6 42785.9 57326.7 30457.1 37152.6 30297.9 44975.7 98476.5 30239.6 29670.8 25257.6 29784.3 50635.6 27533.5 25193.1 24842.6 24267.8 24070.8 23524 23345.2 23062.1 22471.3 22125.8 20140.9 45040.4 35306.1 19838.3 27784.5 19340.7 19339.5 41489.6 43542.3 19288.2 18089.1 56032.4 25146.6 29270.9 17468.5 17463.5 17204.8 17038.3 16545.4 21183.9 16079 16036.7 16897.2 17203.2 21645.7 18372.4 28075.4
threshold=13.724246978759767 40.390100479125984 36.21507644653321 48.168771743774421 0.93301269412040722 94.93125152587892 6.0288295745849618 40.950769424438484 0.97112539410591137 156.50531768798831 0.93301269412040722 19.320567131042484 42.884325027465827 -10.276521682739256 158.89533996582034 0.93301269412040722 4.2418375015258798 18.372500419616703 1.5074734687805178 14.71299982070923 95.500000000000014 89.502498626708999 40.066303253173835 0.82414472103118908 -10.257125377655028 12.860840797424318 -0.97988739609718312 5.9231507778167733 0.86565911769866954 75.481174468994155 34.384000778198249 1.1560968160629275 19.94999980926514 30.783332824707035 14.777499675750734 8.9499998092651385 50.030729293823249 9.8515000343322772 33.900127410888679 51.96100044250489 -0.091260667890310274 54.457740783691413 0.35019405186176306 81.156024932861342 128.67499542236331 18.500000000000004 36.234933853149421 inf -230.16585540771482 -0.70088258385658253 3.693366646766663 92.500000000000014 0.40500000119209295 8.6500000953674334 0.1794179901480675 18.315331459045414 7.0499999523162851 inf 17.44999980926514 49.514556884765632 71.500000000000014 5.5824999809265146 17.880798339843754 30.005999565124515 78.012500762939467 274.14323425292974 5.0060000419616708 9.7091674804687518 8.0000000000000018 24.204999923706058 22.451499938964847 210.819938659668 61.500000000000007 0.81557041406631481 -0.42179730534553522 41.13264465332032 -0.68301269412040699 77.500000000000014 27.955738067626957
decision_type=8 8 2 2 2 8 8 2 2 10 2 8 2 8 8 2 10 8 2 8 10 10 8 2 10 8 8 8 8 2 8 8 8 8 8 8 10 2 10 8 2 10 8 8 8 8 10 8 10 10 10 10 10 8 10 10 10 8 10 8 10 8 10 8 10 8 10 10 2 2 10 10 10 8 2 8 2 10 10
left_child=12 2 11 4 -4 -6 -7 -8 19 10 -10 51 18 38 15 16 -15 44 50 29 23 22 46 43 -25 48 -19 -28 -24 30 55 -32 33 57 45 36 -36 -29 -3 -39 42 -42 -41 58 -16 52 -9 -34 -13 -11 -1 -2 53 -20 -55 -5 -57 -27 -21 -60 -61 -53 -37 -64 -65 -66 -48 -54 -47 -69 71 -71 -50 -35 -75 77 -77 78 -76
right_child=1 13 3 8 5 6 7 21 9 49 -12 25 -14 14 17 -17 -18 26 34 20 -22 -23 28 24 -26 32 27 37 -30 -31 31 -33 47 73 35 62 -38 39 -40 40 41 -43 -44 -45 -46 68 66 -49 72 -51 -52 61 67 54 -56 56 -58 -59 59 60 -62 -63 63 64 65 -67 -68 69 -70 70 -72 -73 -74 74 75 76 -78 -79 -80
leaf_value=-0.17924204595193052 0.012247184272494433 -0.39719426041809464 -0.050783713058145843 -0.38801360782180833 -0.53586163350341398 0.049526737633317997 1.1666002908323994 2.1232648401260374 0.52943116507960553 -0.59760479932246002 2.6841247449929897 -0.091957388871506673 0.9585482245902297 1.1377022404618122 -0.26667608556419925 2.104602242453034 -0.55951473058093082 1.2421711310714778 0.89213274934418785 -0.14000291910578186 1.1817840295833286 1.9656168920717068 3.0987797616360453 1.5086633226455644 -0.19896830497643436 0.12283175017317763 1.0626011569593468 -0.33150067825340529 4.1256220922335771 -0.21238829920962327 0.095072506668294282 1.2115540363129882 0.061649290936860696 0.11118964227966052 -0.02210755008922418 -0.016335678568198512 1.6105748930772239 0.28770404234799968 0.45312473270541698 1.2970825472703769 0.55455217065983087 -0.19389205500600232 0.43517765000018671 -0.53151167307211 0.28397818932194363 -0.19295899791452092 3.302578117586823 -0.42093675637861744 0.19661712635240419 0.26349578928263462 -0.10292237422867248 0.28645152223899734 -0.086708641656757679 0.79037144724927511 -0.005004384957841921 -0.15254126481190114 0.44007010114283213 0.68762552780674935 -0.050170108397313833 0.12650040197366733 1.2354044340682768 -0.14586745815102647 0.96446655506553169 -0.26786589436904384 0.88079959545784914 0.0065483890489929104 2.6506475947170185 -0.040327399608956233 -0.077997990315546023 0.065461492938111016 0.037681086371906779 0.83045945348142969 0.0011426951682289804 0.098364310580733652 0.50117003725713916 -0.029215117343653743 0.43099406972610205 0.24783266013252594 1.1564735466080611
leaf_weight=20349 56288 557 3586 676 258 201 237 219 240 206 207 5103 258 203 848 355 257 201 218 1318 283 209 337 214 211 28601 305 205 212 6337 652 221 13131 1298 393 17946 200 3142 200 314 2179 382 234 321 451 7945 246 373 2557 243 43768 400 41690 206 6832 1070 387 219 1012 293 225 5066 280 565 200 439 517 37828 11431 275 1539 247 3715 776 1049 585 990 592 304
leaf_count=20349 56288 557 3586 676 258 201 237 219 240 206 207 5103 258 203 848 355 257 201 218 1318 283 209 337 214 211 28601 305 205 212 6337 652 221 13131 1298 393 17946 200 3142 200 314 2179 382 234 321 451 7945 246 373 2557 243 43768 400 41690 206 6832 1070 387 219 1012 293 225 5066 280 565 200 439 517 37828 11431 275 1539 247 3715 776 1049 585 990 592 304
internal_value=0.000133768 0.096594 0.0773562 0.240587 0.823762 2.11066 2.42426 2.66555 -0.00824057 0.698417 1.53101 0.0501984 -0.0754974 0.37278 0.418252 1.0257 0.190318 0.358206 -0.0768894 -0.0561842 0.136041 2.86893 2.99088 0.0533911 0.662397 0.101381 0.439114 0.415059 3.50208 -0.135957 0.0251871 0.378773 0.124657 0.154621 -0.05176 0.0160389 0.530329 0.384308 -0.172238 0.407832 0.529103 0.442882 0.930506 -0.028467 -0.075423 -0.0643053 2.70182 0.0482894 0.00332651 -0.132025 -0.127147 0.00105479 -0.0510342 0.0447553 0.018385 -0.119639 0.00505865 0.127147 0.0283982 0.173462 0.609619 -0.114184 0.000316432 0.201566 0.0234937 0.281128 2.86489 -0.0595546 -0.125145 -0.0311731 0.136785 0.428339 0.0808533 0.296117 0.351953 0.407814 0.260149 0.527193 0.649153
internal_weight=343627 151018 141185 20138 6022 2436 2178 1977 14116 896 447 121047 192609 9833 9076 815 460 8261 192351 13220 3877 1740 1531 3594 425 59293 6962 6761 549 9343 3006 873 47918 34414 128234 20023 593 6456 757 6251 3109 2561 548 3169 1299 108211 982 13504 11375 449 64117 61754 88835 7256 7038 2133 1457 28820 2848 1530 518 5466 19430 1484 1204 639 763 81579 19376 39889 2061 522 6272 5594 4296 3520 1575 1945 1353
internal_count=343627 151018 141185 20138 6022 2436 2178 1977 14116 896 447 121047 192609 9833 9076 815 460 8261 192351 13220 3877 1740 1531 3594 425 59293 6962 6761 549 9343 3006 873 47918 34414 128234 20023 593 6456 757 6251 3109 2561 548 3169 1299 108211 982 13504 11375 449 64117 61754 88835 7256 7038 2133 1457 28820 2848 1530 518 5466 19430 1484 1204 639 763 81579 19376 39889 2061 522 6272 5594 4296 3520 1575 1945 1353
is_linear=0
shrinkage=0.06


Tree=28
num_leaves=80
num_cat=0
split_feature=96 205 97 97 93 97 209 75 85 80 29 194 85 139 37 60 85 83 30 194 84 39 88 80 86 80 181 198 56 90 144 56 29 84 22 59 36 62 52 84 207 207 193 84 59 208 193 105 65 193 197 207 189 27 47 91 53 90 194 85 56 68 47 83 85 208 197 4 208 208 199 199 96 114 37 82 91 96 80
split_gain=634173 223187 863339 1.91021e+06 413108 218626 600798 231431 189716 171306 128471 95755.6 86737.1 105144 150628 314689 74765.4 71187.3 68375.9 67449.2 64389.5 93525.4 60628.9 59263.3 53730.9 52734.7 48688.4 44240.7 46630.9 55602.1 144763 168671 281697 160881 175617 116928 125465 50643.8 43337 41378.5 41117.9 107084 35107.6 141590 34947.2 34406.4 48311.8 34325.3 33716.1 32784.2 39856 43794.8 32345.7 41203.2 70879.9 32434.6 30865.9 30013.4 29181.7 27207.6 26293.6 25830.1 24353.4 24313.7 23564.3 23305.9 53693.3 32868.8 32658.1 47381.7 22993.3 22689.2 22592.8 35532 211015 20388.7 20089.4 19324.2 23018.1
threshold=13.160812854766847 0.93301269412040722 36.21507644653321 48.168771743774421 36.440832138061531 75.481174468994155 4.5000000000000009 43.067745208740241 24.501000404357914 31.209000587463382 98.970001220703139 55.500000000000007 49.913999557495124 25.445999145507816 48.086233139038093 43.158500671386726 37.112499237060554 18.164000511169437 70.014999389648452 83.500000000000014 16.107999801635746 0.24002577364444735 7.2525000572204599 28.891500473022464 17.350999832153324 9.3074998855590838 7.0000000000000009 17.250000000000004 72.571735382080092 10.236499786376955 -0.88426831364631642 34.352075576782234 144.02850341796878 9.1050000190734881 247.20999908447268 0.44452853500843054 166.3420104980469 78.002498626708999 72.212497711181655 12.610000133514406 0.9837264120578767 0.90162119269371044 5.0499999523162851 5.2024998664855966 0.73844173550605785 0.063390085473656668 32.750000000000007 -16.038388252258297 15.661499977111818 26.150000572204593 983.04998779296886 0.9996619224548341 12.730971336364748 246.02349853515628 65.187500000000014 44.760000228881843 59.185832977294929 1.5825000405311587 70.500000000000014 5.0209999084472665 63.653787612915046 17.871000289916996 139.16249847412112 6.0014998912811288 5.6015000343322763 0.86004966497421276 989.95001220703136 184.0830001831055 0.81304046511650097 0.76002004742622387 261.50000000000006 251.50000000000003 23.205305099487308 367.33544921875006 89.778610229492202 8.6024999618530291 15.711499691009523 18.978005409240726 6.8775000572204599
decision_type=8 2 2 2 8 2 2 10 8 2 8 8 8 8 8 8 8 10 10 10 8 8 10 2 10 2 2 8 8 10 10 10 8 10 8 8 8 10 10 8 2 2 8 10 10 2 10 10 8 10 10 2 8 10 10 8 10 10 10 10 10 10 10 8 8 2 8 8 2 2 10 10 10 8 8 8 10 10 2
left_child=25 9 11 4 8 6 7 -5 17 24 -8 23 27 -14 15 61 26 18 -4 -20 -7 -22 -12 47 45 42 -11 28 29 30 31 35 -33 34 -34 57 -37 48 63 -31 41 76 43 -1 -25 75 58 -3 -35 50 70 -52 -16 55 -55 -54 -50 -13 -47 -41 -24 -15 -28 -21 -44 68 -67 -68 69 -18 -49 -51 -61 -74 -75 -2 -23 -26 -79
right_child=1 2 3 5 -6 20 10 -9 -10 16 22 12 13 14 52 -17 65 -19 19 38 21 40 60 44 77 -27 62 -29 -30 39 -32 32 33 37 -36 36 -38 -39 -40 59 -42 -43 64 -45 -46 46 -48 49 56 71 51 -53 53 54 -56 -57 -58 -59 -60 72 -62 -63 -64 -65 -66 66 67 -69 -70 -71 -72 -73 73 74 -76 -77 -78 78 -80
leaf_value=1.4822291175315008 -0.18985301842648267 0.080047313195425698 3.0726627573937422 1.2745152424698445 -0.30017397658809164 -0.21759703456841467 1.2393351738689458 4.1422366189440849 0.82070458954716308 0.60652144072253045 0.33644364715091823 0.062011892484475493 -0.054592094220975849 -0.079553590748669967 -0.4410115421329861 3.1472161768829765 0.32146979091030486 3.6333268473853528 1.3804619286008124 2.1609356899559495 1.4580290734360857 -0.35878807972371579 -1.2174041203266153 0.48705001599612063 -0.0017624083957006017 -0.030796032892995134 0.048018617891363941 -0.29553956910694879 -0.098735550565716437 -0.13667412316085278 -0.043261298088968753 2.4484096836076334 2.8350118836613709 -0.31385412693134174 0.37508673541925946 1.7198147774000225 -0.22797153212273347 1.0927745640692967 1.7209133623414119 0.57256752801692545 -0.64572841641011425 1.461456760185436 -0.13295688633477212 -0.43203923695259266 1.2492460450700027 0.030247860263486939 0.92127093038180974 1.4257332180667692 0.075842341722304377 -0.23895225570076145 0.10552993292391907 1.0498757836149102 -0.1711788971608473 0.1508925885772705 1.6350267682152408 0.46759106944868528 0.90334848836841097 -0.61831746786901587 -0.10144295039068514 0.0079232831657381261 -0.30547202371860421 0.83282151087929923 0.70151517703811428 2.8995079474112355 -0.079337790565580907 1.4969461208581925 0.72298665112521787 -0.03235808119177818 -0.37398437348243435 1.2518136273049614 0.59339105545633253 0.32484353336265959 0.091698728399932122 2.1755094887316226 -0.041374828251499324 -0.059353435098355604 0.23613352779111818 0.39502761905189154 0.078300541225427261
leaf_weight=238 5861 3568 483 200 226 2945 222 207 248 648 253 364 1661 211 200 226 4628 212 273 255 204 419 259 1247 12780 56891 7604 1473 7205 4558 3871 324 202 471 216 242 233 209 235 370 231 205 53111 332 262 24183 204 235 525 399 734 232 530 249 216 620 234 649 8081 13056 204 236 210 537 66407 209 528 341 227 205 247 718 5899 205 619 16285 397 856 22927
leaf_count=238 5861 3568 483 200 226 2945 222 207 248 648 253 364 1661 211 200 226 4628 212 273 255 204 419 259 1247 12780 56891 7604 1473 7205 4558 3871 324 202 471 216 242 233 209 235 370 231 205 53111 332 262 24183 204 235 525 399 734 232 530 249 216 620 234 649 8081 13056 204 236 210 537 66407 209 528 341 227 205 247 718 5899 205 619 16285 397 856 22927
internal_value=0.000721034 0.084697 0.176167 0.748252 2.14364 0.148398 0.817566 2.73961 2.3899 0.032006 -0.0184435 0.0870038 0.0537038 0.315074 0.561788 1.32779 0.222812 2.58446 2.45778 2.22715 -0.056248 0.270032 -0.40961 0.283381 0.00145049 -0.0783814 0.107153 0.0271988 0.0392559 0.0700897 0.212697 0.482685 0.818587 0.53306 1.56778 -0.00987398 0.765903 0.231614 2.45065 0.0265624 0.0754519 0.23909 -0.100924 0.368448 0.620126 -0.0362361 0.00309566 0.200439 0.0845173 0.36781 0.556121 0.333181 0.27718 0.366338 0.842326 0.173308 0.331816 -0.374036 -0.00273819 0.0634939 -0.817127 0.402932 0.0656688 2.66473 -0.103166 0.382219 0.635544 0.426889 0.328135 0.361183 1.00131 0.123418 0.0539423 0.143296 0.512124 -0.0938975 -0.0694123 0.0577423 0.0897163
internal_weight=343687 166708 60931 8215 2469 5746 1345 407 2243 105777 938 52716 45074 4149 2488 673 14600 1995 1783 1300 4401 1456 716 7642 91177 176979 8462 40925 39452 32247 7540 3669 2181 1857 418 1488 475 1439 1027 24707 1252 1021 120088 570 1509 54614 32468 6133 1230 2565 1448 966 1815 1615 465 1150 759 1013 32264 20149 463 447 7814 792 119518 6138 1078 869 5060 4833 482 1117 19779 6723 824 22146 816 36563 23783
internal_count=343687 166708 60931 8215 2469 5746 1345 407 2243 105777 938 52716 45074 4149 2488 673 14600 1995 1783 1300 4401 1456 716 7642 91177 176979 8462 40925 39452 32247 7540 3669 2181 1857 418 1488 475 1439 1027 24707 1252 1021 120088 570 1509 54614 32468 6133 1230 2565 1448 966 1815 1615 465 1150 759 1013 32264 20149 463 447 7814 792 119518 6138 1078 869 5060 4833 482 1117 19779 6723 824 22146 816 36563 23783
is_linear=0
shrinkage=0.06


Tree=29
num_leaves=80
num_cat=0
split_feature=94 97 205 96 205 97 97 141 39 164 77 97 203 36 77 80 96 56 207 201 198 99 123 198 201 96 196 80 114 202 114 82 28 132 64 113 199 97 45 200 208 88 207 66 40 172 205 120 202 85 57 115 88 16 20 96 78 72 87 90 115 71 51 176 114 96 80 28 80 155 99 205 62 86 203 196 201 196 146
split_gain=569234 214449 371341 158357 141006 491317 1.30467e+06 839964 536847 269638 146532 210850 99933.3 93474.7 355803 83196.5 72635.7 54080 46938.7 63357.6 71860.2 63848.3 46028.4 51354.4 48422.6 55276.4 42121 42533.6 49887.9 47678.7 40249.1 37927.4 53193.4 36378.5 36045.2 35705.5 34893.7 33485 32514.5 29565.5 29383 28706.4 27072.3 71663 44307.6 26771.1 27816.9 41112.1 55820.5 100438 125503 189590 326010 95928.4 62342.5 45808.7 102171 66256.7 38538.6 73721.7 35847.3 41112.4 29770.8 27463.4 26063.2 25851.6 25784.6 24426.6 23870.6 23827.1 23579.3 25878.5 44870.6 23161.7 22033.1 23391.6 36170.9 21086.7 21004.4
threshold=15.24204206466675 42.884325027465827 0.93301269412040722 31.362920761108402 0.93301269412040722 36.21507644653321 63.294715881347663 10.481819629669191 0.77940684556961071 77.500000000000014 47.121683120727546 48.168771743774421 0.99901017546653759 109.17042160034181 18.718308448791507 26.207500457763675 9.7091674804687518 26.653347015380863 0.90162119269371044 82.500000000000014 3.9500000476837163 0.32228387892246252 13.795756816864015 5.3500001430511483 37.500000000000007 21.935880661010746 24.500000000000004 52.175998687744148 161.01001739501956 -0.70088258385658253 -230.16585540771482 14.982500076293947 150.0100021362305 -46.990528106689446 104.86000061035158 233.74914550781253 298.50000000000006 15.493083477020265 151.20000457763675 13.050000190734865 -0.4906590580940246 9.4024996757507342 -0.87395131587982167 59.371000289916999 111.62500000000001 9.4349999427795428 -0.37940952181816096 19.48124980926514 -0.97625884413719166 5.368499994277955 10.410302162170412 1.0646523833274844 8.5515003204345721 117.33075332641603 50.024999618530281 17.880798339843754 27.404000282287601 1.9525000452995303 5.2874999046325692 7.4809999465942392 1.0816870927810671 21.409999847412113 76.312500000000014 2.8750000000000004 -8.5828533172607404 23.04102993011475 18.270000457763675 309.12500000000006 7.5899999141693124 86.224998474121108 1.0164502859115603 0.37940952181816107 87.239002227783217 30.701499938964847 0.7933231294155122 23.500000000000004 67.500000000000014 1.5000000000000002 23.349999427795414
decision_type=10 2 2 8 2 2 2 8 8 2 10 2 10 8 10 2 10 10 2 8 10 2 8 10 10 10 8 2 8 10 10 8 8 8 8 8 10 2 10 10 2 10 2 10 8 10 2 10 10 10 10 8 8 10 8 10 8 10 8 8 8 10 8 2 8 10 2 8 2 2 2 2 10 10 8 8 10 10 10
left_child=1 16 -3 4 30 18 7 41 9 10 11 17 13 14 40 34 68 -9 42 20 -20 -22 23 -23 25 -24 27 -17 -29 35 37 -8 -33 69 38 -30 -21 -2 74 -35 -5 -7 43 44 -6 46 -18 48 -48 50 54 52 -52 63 -50 58 57 -57 59 -51 -56 -62 -59 -54 -41 67 -44 -19 -1 -28 71 -36 -73 -32 -15 76 -76 -49 -68
right_child=3 2 -4 12 5 6 31 8 -10 -11 -12 -13 -14 15 -16 26 45 65 19 36 21 22 24 -25 -26 -27 33 28 29 -31 73 32 -34 39 70 -37 -38 -39 -40 64 -42 -43 66 -45 -46 -47 47 77 49 55 51 -53 53 -55 60 56 -58 62 -60 -61 61 -63 -64 -65 -66 -67 78 -69 -70 -71 -72 72 -74 -75 75 -77 -78 -79 -80
leaf_value=-0.11328156681512462 0.019598493372754412 -0.22006302779761966 2.3732221617941129 -0.10175817616875306 0.064586860538812838 -1.286323995290868 -0.2118524045294482 1.6142036947062317 -0.8421222837062543 0.62230055381749805 1.1057209903172083 4.4149115909438539 1.5161295179874363 -0.14832624065858127 2.4502320927944021 0.28002357475691075 -0.058941918946517957 2.3695195883819733 -0.00092569142601192926 -0.099583194584597745 0.18070994959906345 0.46402283070348554 0.4460487628452563 1.7044267543544993 0.32492344484302643 1.7285482814988573 0.42444139461271013 0.41861177267138228 1.1297966744559151 1.4756465277603683 0.057094205137311067 0.95482355222672555 -0.13608036031502199 0.14751258784840846 0.1588280712300183 0.060302665349509982 0.22522892976410958 -0.096964385952032092 0.66453647716408182 0.12420502550676144 0.65781151839709684 -0.30264223686078695 -0.078691035169454901 1.2309253121301602 0.95505039900115551 -0.13070933017051742 -0.027526095745562289 0.013140925776716795 1.0195702647468901 1.4072985149912718 3.1172580536253998 -0.030256693390485461 0.58863348395204151 1.5209592271273424 -0.34051484367098001 1.0408722304276401 1.4581258481767145 -0.24335412629371481 -0.0064360972530290847 0.068988685678245856 -0.092375947370898298 0.94731644769410395 0.42774801939462909 -0.37473139308493236 -0.67217133305655652 3.2935375254494805 0.036774005362248105 3.1264764250978896 -0.052977413625935485 -0.077158060817882929 -0.20020505163989721 0.16746213447571415 1.2173687661567119 0.23024391178294421 0.050509233994754689 -0.075996036645199841 1.001099108486984 -0.10178478014387217 0.37787436789460482
leaf_weight=80042 28596 453 353 610 4787 225 2864 212 208 284 209 248 225 3424 325 4185 34110 775 1809 3177 1726 210 268 283 1264 221 1584 1983 209 373 25293 262 414 927 702 242 1903 12862 229 232 261 204 9210 210 209 7968 16476 10182 212 204 266 592 203 276 815 247 255 792 11890 535 393 209 339 222 406 209 9086 208 33533 434 282 290 296 3124 378 830 232 13195 699
leaf_count=80042 28596 453 353 610 4787 225 2864 212 208 284 209 248 225 3424 325 4185 34110 775 1809 3177 1726 210 268 283 1264 221 1584 1983 209 373 25293 262 414 927 702 242 1903 12862 229 232 261 204 9210 210 209 7968 16476 10182 212 204 266 592 203 276 815 247 255 792 11890 535 393 209 339 222 406 209 9086 208 33533 434 282 290 296 3124 378 830 232 13195 699
internal_value=0.00119914 -0.0589997 0.917239 0.100248 0.0731187 0.160887 0.647707 1.61975 2.06479 2.34693 2.60965 2.79913 0.261999 0.24661 0.759355 0.210993 -0.0626989 2.51078 0.0730933 0.176716 0.312544 0.455274 0.666097 1.17807 0.521524 1.02801 0.315615 0.401331 0.582026 0.974306 0.0211354 -0.116439 0.287511 0.148279 0.044922 0.557325 0.0221139 -0.0165656 -0.0325731 -0.0688009 0.126344 -0.820351 0.0265838 0.147787 0.102022 -0.0252382 -0.0160435 0.00949261 0.0516787 0.12646 0.430867 0.815505 1.33278 0.652168 0.0624839 0.0583898 0.357326 0.152713 0.0197104 0.43983 -0.0813257 0.269553 -0.0420013 0.0857186 -0.382839 2.66875 -0.00664064 2.5327 -0.0954774 0.31658 0.296173 0.404923 0.698961 0.0761367 -0.0655233 0.13133 0.413092 -0.0517297 0.0611769
internal_weight=343680 213762 806 129918 111259 41384 6322 2782 2353 2145 1861 1652 18659 18434 1196 17238 212956 1404 35062 10861 5781 3972 2246 493 1753 489 10575 6992 2807 824 69875 3540 676 3583 6663 451 5080 41458 5093 1565 871 429 24201 5206 4996 99381 91413 57303 33926 17450 3188 1559 967 701 1629 14262 1633 1378 12629 739 1417 602 1131 425 638 1192 18995 983 113575 2018 1570 1288 586 28417 4864 1440 610 23377 9785
internal_count=343680 213762 806 129918 111259 41384 6322 2782 2353 2145 1861 1652 18659 18434 1196 17238 212956 1404 35062 10861 5781 3972 2246 493 1753 489 10575 6992 2807 824 69875 3540 676 3583 6663 451 5080 41458 5093 1565 871 429 24201 5206 4996 99381 91413 57303 33926 17450 3188 1559 967 701 1629 14262 1633 1378 12629 739 1417 602 1131 425 638 1192 18995 983 113575 2018 1570 1288 586 28417 4864 1440 610 23377 9785
is_linear=0
shrinkage=0.06


Tree=30
num_leaves=80
num_cat=0
split_feature=94 97 204 81 181 79 81 201 191 209 194 190 183 97 97 76 194 71 94 96 97 97 204 109 166 39 207 193 208 97 194 140 193 194 99 141 91 194 56 193 57 193 194 207 76 207 76 194 190 96 207 204 88 88 17 204 123 95 197 99 95 59 99 99 59 77 97 57 207 55 96 201 197 146 194 193 5 97 208
split_gain=491713 237380 469004 141422 166914 130541 119573 98012.9 82197 81597 130904 214780 280350 117566 500197 153229 85776.5 78433.5 77846.1 59717.3 51980.1 87727 368886 382738 110397 106821 50336.8 122389 78735.6 136798 275667 51774.3 48744.7 47012.5 45694.6 44965.1 38030.4 32676.2 32282.3 31533.7 137491 31001.2 28646.6 30857.9 28294.9 28254.7 28248.2 26555 30103.6 50745.3 147148 298100 451861 32974.4 31499.1 28577.3 32096.6 25738.7 25543.8 24783.7 24500 23824 23810.2 23477.3 23407.1 29158.7 22364.6 23940.1 110915 22289.2 22048 20654.1 20571.5 22179.8 20467.4 19698.1 52896.9 19432.3 18939.9
threshold=16.591833114624027 42.884325027465827 10.500000000000002 37.412500381469734 7.0000000000000009 0.67034921050071727 62.957500457763679 107.50000000000001 11.384292125701906 10.500000000000002 86.500000000000014 1.0362189412117007 61.207494735717781 63.294715881347663 36.21507644653321 54.399641036987312 90.500000000000014 23.564999580383304 8.6151371002197283 46.914346694946296 75.481174468994155 36.21507644653321 10.500000000000002 2454.9499511718755 27.500000000000004 0.43051770329475408 0.9260200858116151 16.94999980926514 -0.065537083894014345 42.884325027465827 60.500000000000007 11.043000221252443 10.84999990463257 32.500000000000007 0.74050867557525646 7.3819017410278329 8.058500289916994 71.500000000000014 9.4434633255004901 5.0499999523162851 12.503234863281252 22.250000000000004 73.500000000000014 -0.12546116113662717 51.970226287841804 -0.32614396512508387 29.950344085693363 58.500000000000007 0.018413078971207145 17.880798339843754 0.61237135529518139 10.500000000000002 12.308000087738039 6.4260001182556161 13.057032585144045 10.500000000000002 5.5225324630737314 17.790887832641605 982.04998779296886 0.44365294277668005 16.388657569885257 0.53762775659561168 0.85159438848495495 0.40239635109901434 0.52771341800689708 16.262592315673832 1.5322539210319521 0.27745829522609716 0.78325453400611889 48.07988357543946 25.468791007995609 42.500000000000007 988.25000000000011 25.050000190734867 77.500000000000014 8.6500000953674334 294.14750671386724 14.741779804229738 0.054805127903819091
decision_type=10 2 2 2 2 8 2 8 8 2 10 8 8 2 2 10 10 10 8 8 2 2 2 8 10 8 2 10 2 2 10 10 10 8 2 8 8 10 10 8 10 10 8 2 8 2 10 8 10 10 2 2 10 8 10 2 8 8 10 2 10 10 2 2 10 10 2 8 2 10 10 10 10 10 10 8 8 2 2
left_child=1 18 5 7 6 -3 63 8 -2 10 26 -12 -13 14 15 36 -15 32 39 61 21 44 23 -23 25 34 62 -28 29 31 -31 38 -16 -24 -25 -21 -14 -11 -29 40 -1 59 45 -44 70 -37 -39 55 49 -49 53 52 -52 -51 -55 56 -20 60 71 -40 66 -6 -10 -5 65 -47 -41 68 -68 -22 72 -30 -9 -74 -63 76 -69 -60 -57
right_child=3 2 -4 4 19 -7 -8 20 9 37 11 12 13 16 17 -17 -18 -19 47 35 69 22 33 24 -26 -27 27 28 58 30 -32 -33 -34 -35 -36 42 -38 46 41 57 -42 -43 43 -45 -46 64 -48 48 -50 50 51 -53 -54 54 -56 78 -58 -59 77 -61 -62 74 -64 -65 -66 -67 67 75 -70 -71 -72 -73 73 -75 -76 -77 -78 -79 -80
leaf_value=-0.43710551619716942 -0.017031434283623633 0.91484939210555127 -0.21859341832053403 0.39905530093422453 0.18788976449874864 2.8525394079484134 2.0472712412883909 -0.0057478480611230049 0.12103076567233487 0.17513092684813236 0.017402464298937527 2.4501495644083393 0.80574197111651302 1.0212669494832323 2.3332361195833626 1.7987564747618592 -0.19819441556847922 3.1387219732829501 0.47136161495372303 1.2771351797539408 -0.23749242129994072 -0.5867136244707295 0.80287744131963701 2.0606755472191778 0.79124917227511449 1.0577218118698393 1.3241020286267584 -0.38401255984729354 0.83848267952392319 -0.042260294514042986 2.7696179223060606 1.1918369509881648 1.1635222130188574 -0.063620529993441047 3.280883642300402 0.94934423946681312 -0.07027981283348142 0.10845524941218428 0.33277180912122845 -0.12214822883278786 1.5908286585064955 0.13329187091490993 -0.57830520494121385 0.25445149474522688 -0.070424179611293103 0.45428965277707756 -0.15672017900976704 -0.02733838481588045 -0.078649127021465884 -0.59150775308608561 4.0477976299581284 -0.040702683760079073 0.35292433919734323 0.58324030407498373 -0.032471392562007151 -0.057299701021916942 0.082969659207616578 -0.39601076747158531 0.064288080406443376 1.1761913753610174 0.39850469099046432 0.034904471647171566 -0.14367873478958737 1.0138277847738808 0.99442309170672039 -0.0099351059549780026 -0.084360230790035393 -0.00425539690223725 1.4847759304092778 0.038808020669498462 0.12802971012292844 0.13763379234735754 0.09788129846093839 0.72340114001694289 -0.46294001445703375 -0.078760854425646454 0.98793183871346213 -0.27830453739857725 0.042310492714484053
leaf_weight=297 8616 203 731 594 5649 331 277 23849 8796 4314 2173 324 207 274 261 206 847 209 926 201 3565 337 239 222 296 210 391 303 225 251 250 202 259 3708 238 355 1253 2545 310 51011 201 1386 208 685 9928 1790 3347 46519 39637 331 203 698 287 338 2542 12173 4414 1013 1967 211 364 1912 1420 360 205 669 839 1379 200 1490 8568 460 5481 211 351 49039 224 854 15777
leaf_count=297 8616 203 731 594 5649 331 277 23849 8796 4314 2173 324 207 274 261 206 847 209 926 201 3565 337 239 222 296 210 391 303 225 251 250 202 259 3708 238 355 1253 2545 310 51011 201 1386 208 685 9928 1790 3347 46519 39637 331 203 698 287 338 2542 12173 4414 1013 1967 211 364 1912 1420 360 205 669 839 1379 200 1490 8568 460 5481 211 351 49039 224 854 15777
internal_value=0.000241358 -0.0502404 0.769085 0.102432 0.286598 2.11901 0.951762 0.0780658 0.14812 0.19092 0.253482 0.494126 0.763822 0.607774 0.845059 0.271029 0.100517 2.15473 -0.0547814 0.218432 0.0277998 0.045244 0.278091 1.15302 1.75992 2.18605 0.168471 0.294819 0.231926 0.462405 1.36359 0.27473 1.75398 -0.010962 2.69775 0.403856 0.0543898 0.0496833 0.190403 -0.0929011 0.382946 0.281824 0.358672 0.0600536 0.0197907 0.446952 -0.0421809 -0.022595 -0.0394405 -0.00891763 0.185842 0.756049 1.88878 -0.0252917 0.0399666 0.0232276 0.150396 -0.0951818 0.0403521 0.675948 -0.0922209 0.122001 0.0842263 0.631864 0.379673 0.328039 -0.0939642 -0.0661438 0.218824 -0.156059 0.0432943 0.368726 0.0187144 0.121192 -0.0424835 -0.0719946 0.13492 -0.0394867 -0.00107301
internal_weight=343136 229677 1265 113459 13256 534 1231 100203 41861 33245 23039 6013 3840 3516 2395 1666 1121 729 228412 12025 58342 53287 5250 1303 966 670 17026 6810 6419 2913 501 2412 520 3947 460 4113 1460 10206 2210 104567 498 1907 3912 893 48037 3019 5892 123845 90555 50918 4399 1188 490 3211 2880 33290 5340 104069 3506 521 103056 7912 10216 954 2664 2459 102692 51681 1039 5055 38109 685 29541 5692 2263 50642 1603 2821 27950
internal_count=343136 229677 1265 113459 13256 534 1231 100203 41861 33245 23039 6013 3840 3516 2395 1666 1121 729 228412 12025 58342 53287 5250 1303 966 670 17026 6810 6419 2913 501 2412 520 3947 460 4113 1460 10206 2210 104567 498 1907 3912 893 48037 3019 5892 123845 90555 50918 4399 1188 490 3211 2880 33290 5340 104069 3506 521 103056 7912 10216 954 2664 2459 102692 51681 1039 5055 38109 685 29541 5692 2263 50642 1603 2821 27950
is_linear=0
shrinkage=0.06


Tree=31
num_leaves=80
num_cat=0
split_feature=94 97 194 96 201 191 209 97 97 194 207 194 95 203 96 193 45 43 82 194 76 207 207 193 203 94 97 97 194 97 200 79 199 200 193 99 97 76 56 39 54 82 59 80 169 28 27 207 96 193 88 15 105 40 201 193 97 87 20 82 60 40 66 96 201 193 207 55 197 193 35 92 5 97 203 92 65 197 201
split_gain=447753 229526 352843 132859 97832.3 83035.3 82364.2 132878 347331 387960 131271 166209 80116.1 76234.3 72487.3 52014.9 50285.8 87083.5 52946.8 48098.8 177833 43936 39041.2 84206.1 96984.4 39009 37598.9 46803.5 93377.9 145991 77623.8 72035.4 49821.4 34879.5 32161.3 30978.2 30751.7 28366.5 27442 25789.9 25724.5 26806.2 25405.5 24376.9 24150.1 24069.5 23778.3 23313.7 40483.9 154483 261590 34507.5 31932.2 30403.7 27390.6 24580.7 33485.7 28222 82751.5 189714 25410.5 22811.4 22679.1 35040.2 22536.1 22312.8 22072.5 46064.3 37135.5 33075.8 21711.7 21570.3 39034.8 21005.9 20439.2 19859.2 19314.6 19253.7 25368.6
threshold=16.846211433410648 42.884325027465827 87.500000000000014 43.21882629394532 107.50000000000001 11.384292125701906 9.5000000000000018 36.21507644653321 75.481174468994155 92.500000000000014 0.92922380566596996 69.500000000000014 14.732999801635744 0.62249094247818004 10.118322849273683 17.349999427795414 8.3575000762939471 12.204999923706056 11.611000061035158 86.500000000000014 55.852872848510749 0.96904698014259349 -0.46801505982875818 24.050000190734867 0.46173103153705602 21.166041374206547 88.929145812988295 36.21507644653321 86.500000000000014 48.168771743774421 30.44999980926514 0.6940889060497285 322.50000000000006 18.050000190734867 5.0499999523162851 0.22273667901754382 15.493083477020265 17.48543739318848 78.908622741699233 0.35460376739501959 10.098768234252931 29.128999710083011 0.047827124595642097 27.553999900817875 47.43499946594239 37.052499771118171 180.52500152587893 0.35042373836040502 18.312257766723636 16.849999427795414 12.308000087738039 219.07724761962893 -1.0000000180025095e-35 33.102499008178718 37.500000000000007 18.050000190734867 27.395751953125004 5.9010000228881845 73.021499633789077 6.1659998893737802 3.9550000429153447 8.4600000381469744 15.219000339508058 31.362920761108402 47.500000000000007 16.250000000000004 -0.099819734692573533 54.131189346313484 987.35000610351574 30.849999427795414 244.73762512207034 9.0025000572204608 35.013999938964851 1.5954406261444094 0.77159520983695995 25.927499771118168 19.653499603271488 979.45001220703136 197.50000000000003
decision_type=10 2 10 8 8 8 2 2 2 10 2 10 10 10 10 10 8 8 8 10 10 2 2 10 8 10 2 2 10 2 10 10 10 10 8 2 2 8 8 8 10 8 8 2 8 10 10 2 10 8 8 10 8 8 8 10 2 10 8 8 8 10 8 10 10 10 2 10 10 10 10 10 10 2 8 10 10 8 10
left_child=1 14 76 4 5 -2 7 40 9 10 33 -12 -4 25 73 36 -5 -18 70 62 -21 -10 23 24 -20 -11 27 35 30 39 32 -31 -29 -9 -16 43 -8 -24 45 -30 -7 61 -36 -6 47 74 64 52 51 50 -50 -49 -44 -52 -51 -54 57 58 59 -57 -60 -42 63 -17 -38 -40 -47 77 69 -69 -19 72 -43 -1 -39 -28 -3 78 -68
right_child=3 2 12 16 26 6 15 8 21 13 11 -13 -14 -15 34 19 17 18 22 20 -22 -23 37 -25 -26 -27 75 28 29 31 -32 -33 -34 -35 42 -37 46 38 65 -41 41 71 44 -45 -46 66 -48 48 49 54 53 -53 55 -55 -56 56 -58 -59 60 -61 -62 -63 -64 -65 -66 -67 67 68 -70 -71 -72 -73 -74 -75 -76 -77 -78 -79 -80
leaf_value=-0.10882783668454274 -0.013150204638991921 -0.22125087730119983 2.8145461548656479 -0.32679191408800873 0.047093629106650055 -0.20657222134989101 0.056686444569307916 -0.023858753654849352 -0.14621906468739798 2.2392103522783748 0.40652934917119832 2.4649205130219936 1.2726999876813434 1.369099226460528 0.74345119924687186 0.17555491590763345 1.3630859367446144 -0.67665866947755571 -0.28151655272400272 0.14793541727657267 1.6350654188089351 0.65291197934292133 -0.29722281976862064 1.6749601403276175 1.0555245591279121 3.4059362948288037 -0.17318521185237126 -0.0066960578681947045 1.8912508113477309 -0.55577661124463784 1.1951397221172984 0.84068337422571604 0.74290932319993375 0.86056855364569584 -0.21697238358065696 -0.01069452997416181 0.45909850073080566 -0.19076903019461552 0.34722018757020123 0.98201202982174807 0.6298206323081994 1.3632026781013422 -0.11637858002070739 0.19963488111267458 -0.12940225716265247 0.86601467854822323 -0.35164046691874878 0.0022495282481947345 2.4175310164990145 0.55675446452059107 0.69152860025672802 0.7773430416457211 -0.047289120524183839 -0.21597572511647428 0.0025045060081330772 2.2784753618945537 -0.5924038894396092 0.017818244184166214 0.62062235904034491 0.15096735368746556 -0.0045920061517145247 0.15020972717376194 0.034019998573716306 0.79347875509654042 -0.27459719341648309 1.1325064450989868 1.2653364330507926 0.57437626272372022 -0.74326151103315863 -0.29234477578571028 0.12502851140387822 0.28724058515734413 0.35268370635825819 -0.058929810904190305 0.48829221044092957 0.36633023550947202 0.34985868570785034 0.34109740093178231 0.46668801563290446
leaf_weight=56557 8640 526 235 396 15041 550 4759 767 1543 230 324 250 256 200 200 3244 302 245 381 1282 373 294 265 246 399 205 3944 4426 268 302 221 236 343 202 2222 30397 304 587 255 200 370 208 12004 5033 5960 279 1458 35240 282 347 229 207 25679 314 4136 212 298 18933 257 518 2518 9551 4246 367 297 268 200 328 222 305 240 1891 406 65612 218 261 357 2617 506
leaf_count=56557 8640 526 235 396 15041 550 4759 767 1543 230 324 250 256 200 200 3244 302 245 381 1282 373 294 265 246 399 205 3944 4426 268 302 221 236 343 202 2222 30397 304 587 255 200 370 208 12004 5033 5960 279 1458 35240 282 347 229 207 25679 314 4136 212 298 18933 257 518 2518 9551 4246 367 297 268 200 328 222 305 240 1891 406 65612 218 261 357 2617 506
internal_value=0.00154868 -0.045666 0.727249 0.100795 0.0821629 0.152602 0.19558 0.288057 0.589668 1.102 0.587558 1.30577 2.01487 2.34917 -0.050252 0.0993481 0.332295 0.365526 0.325507 0.19 0.483886 -0.0180377 0.367077 0.709236 0.402907 2.7956 0.0334453 0.0463353 0.204804 0.73185 0.0984248 0.0572201 0.0473621 0.161208 -0.0148147 0.0275054 -0.0271331 0.308944 0.336758 1.50561 0.194695 0.212471 -0.0162083 0.0853472 -0.0120424 0.295449 -0.2208 -0.00512767 0.0299405 0.184459 0.938475 0.00679765 -0.0287826 0.167315 0.04552 -0.00706217 0.0383719 0.0467753 0.203143 0.771091 0.0535134 0.168158 0.128043 0.238559 0.0966696 0.751016 0.349974 0.315315 -0.0773774 0.156959 -0.280507 0.387834 0.696669 -0.0820303 -0.00649652 -0.139619 0.00978529 0.416347 0.694404
internal_weight=343991 233099 1374 110892 102633 41961 33321 16991 4015 2178 1543 574 491 635 231725 16330 8259 7863 7561 9512 1655 1837 7076 1026 780 435 60672 56467 5996 1006 4990 538 4769 969 109556 50471 6818 6050 5785 468 12976 12426 109356 20074 107134 5262 2059 101174 40755 5308 825 35447 60419 543 4483 48415 22736 22438 3505 730 2775 9921 7857 3611 601 523 4457 4178 855 633 485 2505 614 122169 805 4205 883 3323 706
internal_count=343991 233099 1374 110892 102633 41961 33321 16991 4015 2178 1543 574 491 635 231725 16330 8259 7863 7561 9512 1655 1837 7076 1026 780 435 60672 56467 5996 1006 4990 538 4769 969 109556 50471 6818 6050 5785 468 12976 12426 109356 20074 107134 5262 2059 101174 40755 5308 825 35447 60419 543 4483 48415 22736 22438 3505 730 2775 9921 7857 3611 601 523 4457 4178 855 633 485 2505 614 122169 805 4205 883 3323 706
is_linear=0
shrinkage=0.06


Tree=32
num_leaves=39
num_cat=0
split_feature=196 193 198 111 141 198 201 16 170 16 140 132 140 199 209 204 199 199 96 157 203 199 190 209 114 204 15 74 123 193 96 209 199 114 179 204 193 187
split_gain=173878 77570.4 88962.6 56796.7 52868.4 46824.9 50870.1 113254 41758.2 35489.6 52696 34623.2 40284.6 91843.5 44947.8 29637.8 31606.9 28446.9 28228.5 36370.6 31038 47210.5 22439.1 21639.1 21409.2 23569.7 19226.8 18656 18321.5 18875.7 17090.9 23269.1 22187.9 19010.6 17499.5 16788.9 16376.6 48534.7
threshold=5.5000000000000009 16.150000572204593 12.050000190734865 168.16042327880862 -1.1162073016166685 4.8500001430511483 17.500000000000004 163.75058746337893 1.6649999618530276 153.44863891601565 -8.7409791946411115 -37.296939849853509 -25.305065155029293 106.50000000000001 3.5000000000000004 15.000000000000002 269.50000000000006 49.500000000000007 8.7824015617370623 49.149999618530281 0.39873388409614569 284.50000000000006 0.57400068640708934 10.500000000000002 84.891036987304702 7.0000000000000009 108.45082473754884 34.097103118896491 -9.6981015205383283 20.849999427795414 9.192780017852785 5.5000000000000009 234.50000000000003 -54.541316986083977 1.0000000180025095e-35 7.0000000000000009 24.150000572204593 25.108250617980961
decision_type=2 2 2 8 10 2 2 8 2 8 10 10 8 2 2 2 2 2 8 2 2 2 8 2 8 2 10 10 8 2 10 2 2 8 2 2 2 10
left_child=1 18 3 -3 8 11 7 -7 28 22 35 12 13 -5 -14 16 -8 -17 19 -1 21 -21 27 -24 26 -26 -20 -10 29 -2 -30 32 34 -33 -32 -11 37 -31
right_child=4 2 -4 5 -6 6 15 -9 9 10 -12 -13 14 -15 -16 17 -18 -19 24 20 -22 -23 23 -25 25 -27 -28 -29 30 36 31 33 -34 -35 -36 -37 -38 -39
leaf_value=-0.024366752808065561 -0.053395935285226889 -0.011803254522416141 -0.061326354731646722 0.69762233257153683 -0.13397502441747325 0.8175954330276175 0.007632197638663304 -0.040933101824718973 -0.079833636752079246 -0.12047466736046589 0.50986048749863866 0.011679858045733451 0.24162626310545868 0.14287257744356294 0.066911439344893714 0.1799793791956705 0.07842064131974294 -0.016553245167323698 -0.047513190922217445 0.10477740660167738 0.042950692462240959 0.81353103836639007 -0.016406388816051876 0.10171487195965247 -0.091978138904377865 -0.018280623603767816 0.18586776724151627 0.10614633722214241 -0.04410110668629328 0.62957681298833024 -0.01989489798685367 -0.17999706464633516 -0.08097439719471218 -0.086104779383829433 0.19970075039489965 -0.034278456382276154 0.021398085971953144 0.010524298814279905
leaf_weight=1505 2852 16812 9717 351 5743 237 9342 332 563 3031 147 2896 1676 1144 6332 701 14469 12173 669 177 358 162 10534 1609 10393 6257 605 3523 47681 167 6455 2426 8780 9704 344 6181 2283 359
leaf_count=1505 2852 16812 9717 351 5743 237 9342 332 563 3031 147 2896 1676 1144 6332 701 14469 12173 669 177 358 162 10534 1609 10393 6257 605 3523 47681 167 6455 2426 8780 9704 344 6181 2283 359
internal_value=-0.0199587 0.00962202 0.0234606 0.0358562 -0.0453086 0.0519932 0.0351861 0.316668 -0.0405335 -0.00712203 -0.0536468 0.102492 0.130166 0.273122 0.103478 0.0308201 0.0506476 -0.00585173 -0.0427604 0.0586061 0.237764 0.443488 0.0197081 -0.000754713 -0.0552135 -0.064283 0.0633155 0.0805204 -0.0510815 0.000969837 -0.0549901 -0.0737275 -0.049469 -0.104883 -0.00878399 -0.0626395 0.056168 0.207076
internal_weight=208690 96308 76182 66465 112382 49653 37254 569 106639 25588 9359 12399 9503 1495 8008 36685 23811 12874 20126 2202 697 339 16229 12143 17924 16650 1274 4086 81051 5661 75390 27709 15579 12130 6799 9212 2809 526
internal_count=208690 96308 76182 66465 112382 49653 37254 569 106639 25588 9359 12399 9503 1495 8008 36685 23811 12874 20126 2202 697 339 16229 12143 17924 16650 1274 4086 81051 5661 75390 27709 15579 12130 6799 9212 2809 526
is_linear=0
shrinkage=0.03


Tree=33
num_leaves=39
num_cat=0
split_feature=194 201 205 208 205 208 16 54 202 96 54 194 208 114 202 208 208 192 208 208 201 197 36 96 202 75 198 200 198 201 196 96 198 198 201 202 202 205
split_gain=191539 200888 123066 121818 76064.1 68372.3 99325.4 60842.9 63111.9 59898.8 100992 67030.8 59095.1 44367.6 41798.4 36571.4 36091.7 32358.1 31934.8 79100.5 33229.9 38828.3 28797.3 27296.6 25704.3 42440.7 27839.4 25233.4 25542.3 24330.7 23232.3 21745.9 21727.8 24197.1 25318.8 22162.2 21074.8 20099
threshold=66.500000000000014 347.50000000000006 -0.68301269412040699 0.12332734838128091 1.0000000180025095e-35 -0.39827153086662287 181.35034179687503 46.476041793823249 0.50751903653144848 9.2911248207092303 71.336730957031264 89.500000000000014 0.32410992681980139 -303.65090942382807 -0.81408452987670887 -0.32613736391067499 0.96177148818969738 0.83792451024055492 0.91511079668998729 0.92191100120544445 22.500000000000004 984.25000000000011 241.2630310058594 13.691872119903566 0.35019405186176306 16.341167449951175 4.6499998569488534 6.1499998569488534 3.0499999523162846 107.50000000000001 1.0000000180025095e-35 11.4690318107605 11.84999990463257 11.250000000000002 962.50000000000011 0.97625884413719188 -0.44618082046508784 0.25000000000000011
decision_type=2 2 2 2 2 2 8 8 2 8 10 2 2 10 2 2 2 8 2 2 2 2 10 10 2 10 2 2 2 2 2 8 2 2 2 2 2 2
left_child=1 2 -1 22 31 30 7 13 16 10 -2 15 -10 14 -7 -11 -9 -12 20 -20 21 -19 37 -13 -17 26 -26 28 -8 -27 -4 -5 33 35 -35 -6 -33 -3
right_child=9 3 5 4 32 6 27 8 12 11 17 23 -14 -15 -16 24 -18 18 19 -21 -22 -23 -24 -25 25 29 -28 -29 -30 -31 -32 36 -34 34 -36 -37 -38 -39
leaf_value=-0.012117580633867343 -0.038166096071485758 -0.075177314849500479 0.047385242924101727 0.026470245928940518 0.075511942678467503 0.21508942058404207 0.053097094743196939 0.15049435937468641 0.50965006640338695 -0.13682582630503476 0.45070031809527361 -0.10218915130318906 0.10825072953242157 -0.0062207956666874443 0.073217714949361773 -0.058004824805887485 0.57859590227278657 0.079220698516411989 0.90558586829121512 0.091804008958902464 0.017040359867165671 0.65888302448578306 -0.15906291253266877 -0.19965136898058952 0.48354585040251041 0.028332136732734964 0.10028149175572051 -0.046941292666795552 0.49716992721252268 -0.086648115088972591 -0.079263936699843537 -0.072846919500905549 -0.0095256928806032402 0.63984585695821339 0.11285738302552169 0.39535889274663999 0.017243566803488961 -0.014405506847642541
leaf_weight=16239 50239 20618 2951 4949 9613 2989 523 8511 964 4201 255 7172 502 3175 4988 24492 181 273 147 400 2435 168 2976 4045 200 3421 1159 3872 150 3211 2335 8621 2418 145 189 199 3206 6424
leaf_count=16239 50239 20618 2951 4949 9613 2989 523 8511 964 4201 255 7172 502 3175 4988 24492 181 273 147 400 2435 168 2976 4045 200 3421 1159 3872 150 3211 2335 8621 2418 145 189 199 3206 6424
internal_value=-0.0193087 0.00877085 0.0548369 -0.0279994 0.0154714 0.0897515 0.109851 0.137006 0.19012 -0.0487452 -0.0270568 -0.0731575 0.372201 0.0886265 0.126378 -0.0535335 0.15941 0.124689 0.100401 0.310511 0.0604382 0.300055 -0.0704884 -0.137336 -0.0427613 0.00395918 0.156689 -0.017471 0.152079 -0.0273376 -0.00855983 -0.026331 0.0712877 0.0905472 0.341652 0.0819993 -0.0484256 -0.0607406
internal_weight=208556 106738 47380 59358 29340 31141 25855 21310 10158 101818 53917 47901 1466 11152 7977 36684 8692 3678 3423 547 2876 441 30018 11217 32483 7991 1359 4545 673 6632 5286 16776 12564 10146 334 9812 11827 27042
internal_count=208556 106738 47380 59358 29340 31141 25855 21310 10158 101818 53917 47901 1466 11152 7977 36684 8692 3678 3423 547 2876 441 30018 11217 32483 7991 1359 4545 673 6632 5286 16776 12564 10146 334 9812 11827 27042
is_linear=0
shrinkage=0.03


Tree=34
num_leaves=39
num_cat=0
split_feature=194 193 190 207 207 207 202 96 54 194 202 208 208 200 193 196 192 96 196 207 194 36 105 208 202 208 197 96 202 75 57 208 196 36 208 207 207 193
split_gain=179416 154126 64957.1 82784 99338.4 359055 110268 56464.7 96530.2 63837.5 50185.4 35872.8 35686.7 35548.8 42865.4 42389.8 34645.8 29943.9 27744.2 32303.8 31256.9 27740.9 26850 27282.2 28054 37019 29709 25036 24722.1 38740.1 23594.4 22945.8 22543.7 22178.8 19410.5 18878.2 20721.5 20699.9
threshold=66.500000000000014 31.44999980926514 0.57400068640708934 0.9159645438194276 -0.76694339513778675 -0.77786767482757557 0.86159634590148937 9.2911248207092303 59.363542556762702 89.500000000000014 0.83385404944419872 0.34840355813503271 -0.32613736391067499 16.150000572204593 13.650000095367433 5.5000000000000009 1.0472407937049868 6.4414885044097909 1.0000000180025095e-35 0.9787549376487733 29.500000000000004 221.01115417480472 -49.962715148925774 0.15738975256681445 -0.026175950653851029 0.10623887926340105 977.45001220703136 13.691872119903566 0.28400452435016638 16.341167449951175 23.429641723632816 0.26659387350082403 16.500000000000004 176.58806610107425 0.45082531869411474 -0.76694339513778675 -0.47558552026748652 27.349999427795414
decision_type=2 2 8 2 2 2 2 8 10 2 2 2 2 2 2 2 8 10 2 2 2 10 10 2 2 2 2 10 2 10 8 2 2 10 2 2 2 2
left_child=1 2 3 4 5 6 31 8 -2 12 17 32 -9 16 15 -15 -4 -10 19 30 -21 -6 23 24 26 -26 -5 -11 -14 -30 -18 -1 -3 -34 -13 -16 -37 -38
right_child=7 11 13 22 21 -7 -8 9 10 27 -12 34 28 14 35 -17 18 -19 -20 20 -22 -23 -24 -25 25 -27 -28 -29 29 -31 -32 -33 33 -35 -36 36 37 -39
leaf_value=-0.021650900715961981 -0.038203700313627326 -0.027780840482512874 -0.0056611477214380621 0.31138920369105433 0.027509137665246555 1.5999430518542181 0.8860010252920314 -0.13345440236368084 -0.039676153791928313 -0.099530567975152154 0.53461064759513466 0.20730615944682981 -0.05627451674756459 0.097329779389006874 0.049070925548296722 0.67240354380856582 0.044232413210268814 0.13464828394837225 0.024442680089314051 0.051537512507656848 0.38308415997459044 -0.086822373962886071 0.08284846431774176 0.10299358580034797 0.21203830338448115 0.55672749590524073 0.082351545021056294 -0.19248719890739516 0.14565540811071567 -0.025879647361443232 0.14868642183871927 0.14102214648897388 -0.054821916189952281 -0.13394726290991008 -0.10565124789403489 -0.11611287157052813 0.0023549228933319377 -0.06760521550219549
leaf_weight=1635 49358 15604 11424 895 3522 149 151 4245 1256 7198 234 740 24235 523 3167 148 6342 3017 10131 426 641 4173 3249 1899 626 508 1184 4089 1432 6868 2808 1493 10273 4623 235 2223 12463 5480
leaf_count=1635 49358 15604 11424 895 3522 149 151 4245 1256 7198 234 740 24235 523 3167 148 6342 3017 10131 426 641 4173 3249 1899 626 508 1184 4089 1432 6868 2808 1493 10273 4623 235 2223 12463 5480
internal_value=-0.0186946 0.00849026 0.0318037 0.0789597 0.0253462 0.15967 0.0942182 -0.0471603 -0.026068 -0.0707969 0.106835 -0.0472546 -0.0516447 0.0153309 -0.0122235 0.22418 0.0361484 0.0834075 0.0596216 0.0945044 0.250716 -0.0344928 0.150284 0.193143 0.246424 0.366453 0.180952 -0.133207 -0.0409705 0.0037154 0.076288 0.0559933 -0.0529809 -0.0793787 0.131875 -0.0190219 -0.0297157 -0.0190117
internal_weight=208667 106735 75260 19484 11123 3428 3279 101932 53865 48067 4507 31475 36780 55776 24004 671 31772 4273 20348 10217 1067 7695 8361 5112 3213 1134 2079 11287 32535 8300 9150 3128 30500 14896 975 23333 20166 17943
internal_count=208667 106735 75260 19484 11123 3428 3279 101932 53865 48067 4507 31475 36780 55776 24004 671 31772 4273 20348 10217 1067 7695 8361 5112 3213 1134 2079 11287 32535 8300 9150 3128 30500 14896 975 23333 20166 17943
is_linear=0
shrinkage=0.03


Tree=35
num_leaves=39
num_cat=0
split_feature=194 201 205 208 207 207 207 205 199 207 36 208 208 199 193 105 206 207 123 199 194 95 16 77 200 206 200 141 206 36 95 199 207 129 205 208 199 194
split_gain=168811 180404 113977 110039 76291.2 83807.3 115236 71201.4 61749.7 43599.9 38030.2 35877.3 35611.4 56375.4 33270.4 39844.1 34353 38324.3 39681.8 33813.4 32935 43713.9 30599.5 87570.9 69547 60676.8 99621.2 30457.3 29498.4 26996.6 25777.8 42023.8 25030.2 24903.1 24299.7 26790.1 19488.9 22323.2
threshold=66.500000000000014 347.50000000000006 -0.68301269412040699 0.12332734838128091 0.91248813271522533 -0.76694339513778675 -0.77786767482757557 1.0000000180025095e-35 82.500000000000014 -0.30983471870422358 187.06851959228518 0.8930937945842744 0.96177148818969738 318.50000000000006 25.750000000000004 -43.032669067382805 1.0000000180025095e-35 0.98522606492042553 19.954685211181644 74.500000000000014 79.500000000000014 15.871637821197512 181.35034179687503 45.133718490600593 12.550000190734865 0.68301269412040722 10.250000000000002 -9.3789248466491681 0.25000000000000011 244.22681427001956 9.3759303092956561 293.50000000000006 -0.99630266427993763 104.85416793823244 0.68301269412040722 -0.23537842929363248 153.50000000000003 45.500000000000007
decision_type=2 2 2 2 2 2 2 2 2 2 10 2 2 2 2 8 2 2 10 2 2 10 10 8 2 2 2 8 2 10 10 2 2 10 2 2 2 2
left_child=1 2 -1 29 5 6 8 -5 -4 11 -10 22 28 -14 16 19 -6 27 -19 33 34 -22 23 32 25 -25 -27 -18 -7 -3 31 -13 -2 -16 -11 -36 37 -9
right_child=9 3 4 7 14 12 -8 36 10 20 -12 30 13 -15 15 -17 17 18 -20 -21 21 -23 -24 24 -26 26 -28 -29 -30 -31 -32 -33 -34 -35 35 -37 -38 -39
leaf_value=-0.012618118724101462 -0.12259315191612148 -0.0581586340847585 0.66975160514878218 -0.025898708087636363 0.23591627030297341 0.064598061763120773 0.82997108713274492 0.28538822306875045 0.00025084846251997351 -0.058846415503164884 0.18868424701365871 0.63099724113546796 -0.0088304620641065455 0.71040450346529238 0.82644748177764027 0.10038851551803027 0.22663053011979625 0.07503624916365903 0.28423685254806086 0.23436150219267032 -0.070823425039677923 -0.17026663806657558 -0.085377544250085105 0.14616529639319323 0.0067901548197773481 0.21773737120525211 1.1210477910719241 -0.013687064891807621 -0.035434242313629641 -0.15755627250474755 0.033296104743254624 0.064867136024468294 -0.028568177008930981 0.32396309444001531 -0.089148419019653397 0.058291519900979631 0.050425053576279751 0.085291628637604464
leaf_weight=16287 2728 27371 177 16808 1483 3838 218 719 1883 12658 1975 184 244 164 159 2051 545 2236 1285 2429 23174 4803 8619 805 1639 275 183 3676 8594 2702 2360 329 38643 201 1544 3938 10224 1661
leaf_count=16287 2728 27371 177 16808 1483 3838 218 719 1883 12658 1975 184 244 164 159 2051 545 2236 1285 2429 23174 4803 8619 805 1639 275 183 3676 8594 2702 2360 329 38643 201 1544 3938 10224 1661
internal_value=-0.0182663 0.00806319 0.051695 -0.0267373 0.0853129 0.04273 0.158152 0.0145215 0.121853 -0.0459004 0.0967146 -0.0280534 0.00449872 0.280283 0.137063 0.200764 0.103642 0.0783041 0.151385 0.274578 -0.0674811 -0.0878956 -0.0336616 -0.0235936 0.135712 0.303012 0.578683 0.0173422 -0.00455227 -0.0670894 0.0751933 0.267932 -0.0347682 0.54591 -0.0359962 0.0167651 0.0684238 0.145742
internal_weight=208812 106930 47445 59485 31158 17093 4253 29412 4035 101882 3858 55765 12840 408 14065 4840 9225 7742 3521 2789 46117 27977 52892 44273 2902 1263 458 4221 12432 30073 2873 513 41371 360 18140 5482 12604 2380
internal_count=208812 106930 47445 59485 31158 17093 4253 29412 4035 101882 3858 55765 12840 408 14065 4840 9225 7742 3521 2789 46117 27977 52892 44273 2902 1263 458 4221 12432 30073 2873 513 41371 360 18140 5482 12604 2380
is_linear=0
shrinkage=0.03


Tree=36
num_leaves=39
num_cat=0
split_feature=196 200 114 141 202 196 141 201 141 207 199 170 207 201 207 114 104 208 96 197 56 204 207 56 207 204 197 36 36 132 105 207 123 208 168 198 123 76
split_gain=145141 78413.2 95620.4 98078 208094 44093.7 43524.7 37760.1 71934.3 48150.8 43635.4 34834.9 31041.4 46795.1 54588.6 30872.3 55587.2 26258 33896.4 26017.9 29302.1 25980.3 22854.6 21965.4 22208.1 19914.8 23913.3 19184 28663.1 18647.9 17303.1 16557.3 16276.5 26144.4 18307.3 16698.6 17749.6 20517.8
threshold=5.5000000000000009 16.150000572204593 50.306463241577156 -21.816341400146481 0.96359375119209301 1.0000000180025095e-35 -1.1162073016166685 287.50000000000006 -3.6748160123825069 0.89404821395874035 113.50000000000001 1.6649999618530276 0.99168354272842418 267.50000000000006 0.99274429678916942 129.36573791503909 110.55869293212892 0.77652049064636242 13.691872119903566 980.25000000000011 13.373266220092775 7.0000000000000009 -0.99630266427993763 112.8940773010254 -0.39036798477172846 13.000000000000002 976.64999389648449 382.70036315917974 211.55451965332034 -21.911107063293453 -74.514995574951158 -0.95754238963127125 10.185631752014162 0.054805127903819091 1.2933479547500613 11.650000095367433 -9.6981015205383283 60.361232757568366
decision_type=2 2 10 8 2 2 10 2 10 2 2 2 2 2 2 8 10 2 10 2 8 2 2 10 2 2 2 10 8 10 8 2 10 2 2 2 8 10
left_child=1 2 3 4 31 12 11 8 17 -10 -11 32 19 14 -14 16 22 27 23 30 -21 -17 -13 -19 -25 26 -24 28 -3 -4 -5 -1 34 -34 35 36 37 -2
right_child=6 7 29 5 -6 -7 -8 -9 9 10 -12 15 13 -15 -16 21 -18 18 -20 20 -22 -23 25 24 -26 -27 -28 -29 -30 -31 -32 -33 33 -35 -36 -37 -38 -39
leaf_value=0.0051635669569025265 -0.0088515826568450907 -0.020749894355588647 -0.016487747855968959 0.069757734502707475 1.3125596491275588 -0.014637342178253247 -0.12102412916395573 -0.062610771313557995 -0.048195474185121476 0.6144447987190631 0.14877652633464683 -0.15693350387407531 0.64941641529766858 0.010346460336244126 0.18548901910591878 -0.095576446180156593 0.57830811507905466 -0.049315474684438067 -0.16965069390979789 0.48329564120473328 0.071692665976950815 -0.0080800581359789601 0.35000575664685757 -0.037796635453797196 0.326037650523405 -0.014404674956870903 0.056865083147327772 -0.12051087470435388 0.067998368229068032 -0.11838137678932181 -0.022161687126810336 0.23308094403051438 -0.11000181217932585 0.0062547566775808406 -0.096109593215002204 -0.072547844307610576 -0.035468238689200418 0.14243746548187936
leaf_weight=386 3429 9620 14585 2859 160 7837 5762 13661 1168 194 2723 597 273 1114 1393 4395 165 4951 2113 157 18158 10012 262 305 299 4401 5680 1099 4966 1818 5187 1117 7374 2279 5051 10021 51901 1055
leaf_count=386 3429 9620 14585 2859 160 7837 5762 13661 1168 194 2723 597 273 1114 1393 4395 165 4951 2113 157 18158 10012 262 305 299 4401 5680 1099 4966 1818 5187 1117 7374 2279 5051 10021 51901 1055
internal_value=-0.0175638 0.00949622 0.0329071 0.0586691 0.284045 0.0485332 -0.0407134 -0.021858 -0.00156777 0.114574 0.179749 -0.0363732 0.0655219 0.160867 0.261514 -0.00579796 0.031791 -0.0218838 -0.0673806 0.0554669 0.0752213 -0.0347718 0.0235478 -0.0284791 0.142315 0.0339653 0.0697911 0.000358495 0.00946564 -0.027781 0.0105002 0.174548 -0.0459903 -0.0825545 -0.0410508 -0.0368629 -0.0305208 0.026744
internal_weight=208527 96143 55044 38641 1663 36978 112384 41099 27438 4085 2917 106622 29141 2780 1666 25512 11105 23353 7668 26361 18315 14407 10940 5555 604 10343 5942 15685 14586 16403 8046 1503 81110 9653 71457 66406 56385 4484
internal_count=208527 96143 55044 38641 1663 36978 112384 41099 27438 4085 2917 106622 29141 2780 1666 25512 11105 23353 7668 26361 18315 14407 10940 5555 604 10343 5942 15685 14586 16403 8046 1503 81110 9653 71457 66406 56385 4484
is_linear=0
shrinkage=0.03


Tree=37
num_leaves=39
num_cat=0
split_feature=194 204 204 207 199 199 207 96 207 207 207 138 199 207 56 74 189 102 193 194 132 76 105 189 199 194 193 193 194 54 190 199 102 204 96 36 207 191
split_gain=153592 143935 85819.7 83685.6 82734.3 85894.5 64600.4 53544.9 44980 35396.7 34952.5 73207.2 66974.7 34221.7 33386.1 32204 32015.8 31782.3 31490.2 27810.2 26021.8 25471.2 23194.8 22279 40753.8 19676.7 19599.6 19470.3 19418.3 18963.2 18757.7 17957.3 17162 17035.9 17171.7 16235.4 15793.1 15012
threshold=65.500000000000014 11.000000000000002 21.000000000000004 0.91248813271522533 76.500000000000014 72.500000000000014 0.98932364583015453 18.327429771423343 -0.31799228489398951 0.80417552590370189 -0.75579217076301564 35.391666412353523 107.50000000000001 -0.99630266427993763 39.861433029174812 32.339042663574226 57.974115371704109 126.68750000000001 12.650000095367433 88.500000000000014 -20.561147689819332 16.348405838012699 -46.760383605957024 20.20449256896973 303.50000000000006 22.500000000000004 8.9499998092651385 20.349999427795414 17.500000000000004 38.293889999389656 0.022878288291394714 269.50000000000006 144.55416107177737 13.000000000000002 11.291444778442385 172.89971160888675 -0.64578425884246815 16.452840805053714
decision_type=2 2 2 2 2 2 2 10 2 2 2 10 2 2 8 8 8 10 2 2 10 8 8 8 2 2 2 2 2 8 8 2 10 2 8 10 2 8
left_child=1 3 8 9 5 6 -4 10 14 15 11 13 -13 -2 -3 -1 22 33 -17 36 28 -6 -5 24 -20 29 -12 -15 -10 -23 31 -27 -25 -16 -35 -11 -9 -18
right_child=7 2 4 16 21 -7 -8 19 20 35 26 12 -14 27 17 18 37 -19 23 -21 -22 25 -24 32 -26 30 -28 -29 -30 -31 -32 -33 -34 34 -36 -37 -38 -39
leaf_value=-0.020267833271035676 -0.11576346953230932 -0.054775838937664266 0.055220423409921914 0.20648684774183254 0.43005170198665149 0.90596451464374073 0.75703555845682002 -0.028779502070571519 -0.095287970996173019 0.06263527061586216 -0.12924564909005198 0.62845119192426835 0.098323019618157689 0.055059144776576162 0.096465957723757628 0.44301044619022628 -0.027593710696856809 -0.10762109607628487 0.097453299005444347 -0.20809513592309883 0.21003966222683249 0.40556979479979316 0.098327509822497744 0.069480707330707173 0.61404962897721582 0.015444093061897986 -0.043954692611790323 -0.017919346244483589 -0.040037512688513993 0.08522961971130226 -0.0044063190520264549 0.47683224104548094 -0.049336204673097572 0.07137328420991032 -0.0033455235863556658 -0.07792716220433725 -0.11233479043210892 0.087041281329759884
leaf_weight=5078 2819 6243 583 3894 149 195 148 3112 7013 905 2519 281 906 4008 3537 203 1209 1465 571 1962 349 217 3294 7204 181 157 64872 18372 31175 712 4822 147 1290 4174 8219 4045 5888 6872
leaf_count=5078 2819 6243 583 3894 149 195 148 3112 7013 905 2519 281 906 4008 3537 203 1209 1465 571 1962 349 217 3294 7204 181 157 64872 18372 31175 712 4822 147 1290 4174 8219 4045 5888 6872
internal_value=-0.0173702 0.00844541 -0.016538 0.0582777 0.0820435 0.346557 0.19732 -0.0430162 -0.0278429 0.0170548 -0.0356824 -0.00641219 0.223825 -0.0172576 0.00473746 0.0406626 0.110861 0.0260966 0.0734074 -0.105754 -0.0478273 0.0425622 0.156922 0.0652921 0.2218 0.0330262 -0.0471428 -0.0048497 -0.050184 0.16006 0.0100032 0.238559 0.0514357 0.038394 0.02182 -0.0522282 -0.0834433 0.0698907
internal_weight=208790 104051 69305 34746 7130 926 731 104739 62175 19477 93777 26386 1187 25199 23638 14527 15269 17395 9449 10962 38537 6204 7188 9246 752 6055 67391 22380 38188 929 5126 304 8494 15930 12393 4950 9000 8081
internal_count=208790 104051 69305 34746 7130 926 731 104739 62175 19477 93777 26386 1187 25199 23638 14527 15269 17395 9449 10962 38537 6204 7188 9246 752 6055 67391 22380 38188 929 5126 304 8494 15930 12393 4950 9000 8081
is_linear=0
shrinkage=0.03


Tree=38
num_leaves=39
num_cat=0
split_feature=176 114 140 206 187 193 151 193 193 122 189 114 56 209 193 190 76 36 147 180 56 56 44 138 141 36 170 185 193 54 56 187 76 185 159 181 76 123
split_gain=83261.5 66159.4 117018 67428.5 84821 163212 63729 48157.5 37857.3 35954.6 51484.5 28640.1 23161.9 20326.1 26027.2 27796.5 26844.9 21444 25972.2 22466.6 17332.9 21379.4 16902.5 16881.1 13539.3 12589.3 12065.5 10891.3 10598.6 15489.1 10098.2 10084 9649.28 9630.81 9520.42 9402.11 9235.18 15151.9
threshold=2.6250000000000004 95.579113006591811 -26.403032302856442 0.68301269412040722 72.711597442626967 23.650000572204593 62.465000152587898 9.3499999046325701 35.750000000000007 23.966703414916996 8.9891624450683612 -1115.2127685546873 26.043302536010746 4.5000000000000009 17.44999980926514 0.79663205146789562 56.577016830444343 174.44202423095706 -0.5663846731185912 3.3753976821899419 25.064483642578129 34.165428161621101 170.94999694824222 48.245834350585945 -7.94838523864746 339.59889221191412 9.3850002288818377 523.84518432617199 27.349999427795414 84.244934082031264 105.47579193115236 21.942250251770023 47.003606796264656 244.8587341308594 2.0126758217811589 62.000000000000007 45.579393386840827 10.185631752014162
decision_type=2 10 8 2 10 2 2 2 2 10 10 8 10 2 2 8 10 10 2 2 8 10 10 10 10 10 2 10 2 10 10 10 10 8 2 2 10 10
left_child=11 2 3 35 5 -5 7 -4 9 12 -11 -1 -9 14 16 20 25 36 19 22 -16 24 -19 26 -22 -13 -3 -8 29 -17 -20 -29 -25 -21 -23 -2 37 -15
right_child=1 23 6 4 -6 -7 27 8 -10 10 -12 13 -14 17 15 28 -18 18 30 33 21 34 -24 32 -26 -27 -28 31 -30 -31 -32 -33 -34 -35 -36 -37 -38 -39
leaf_value=0.093020765429456101 0.040681121069537467 -0.029413827238989838 -0.15337440246599521 0.22860410296925954 0.13206399831624951 1.4799319330575744 -0.17812388589748654 0.073202142929840203 -0.068948504143844083 0.60905582277649783 0.073718943914179394 -0.04734433817959053 0.010016844601676502 -0.034673778951182593 0.14565790699982115 -0.0091762809176166946 -0.1782247851458619 -0.05143514814264101 -0.10057202213377324 0.36482197635067387 0.035375419306543865 0.11150539748910329 0.22542377225528901 -0.061438558090872425 -0.062768410086442322 0.11025723433175529 0.065745072598490994 -0.10400456092037391 -0.054209591661658167 0.27772696408542458 -0.27797636356506567 0.086696592693045971 -0.15561874281108146 0.056106468476046494 -0.0067381931262778519 0.1678645766131513 0.001731591625422793 -0.08663804987737532
leaf_weight=1577 867 12277 1472 221 391 163 1563 5868 4029 165 8022 6991 47382 51854 1212 8017 1447 5417 9324 172 2484 2547 206 7640 2578 488 1329 1263 6597 173 298 311 1123 193 807 1319 5278 5595
leaf_count=1577 867 12277 1472 221 391 163 1563 5868 4029 165 8022 6991 47382 51854 1212 8017 1447 5417 9324 172 2484 2547 206 7640 2578 488 1329 1263 6597 173 298 311 1123 193 807 1319 5278 5595
internal_value=-0.01654 0.00410751 0.0179332 0.202665 0.443098 0.759791 0.0101274 0.0163208 0.0201364 0.0259785 0.0845088 -0.0339332 0.0169797 -0.0357259 -0.0161077 -8.09413e-05 -0.0599452 -0.0440756 -0.0755398 -0.0264866 0.0395888 0.0243135 -0.0412919 -0.041034 -0.0146077 -0.0370608 -0.0201189 -0.122029 -0.0259105 -0.00311557 -0.106067 -0.0663242 -0.0735082 0.20159 0.083055 0.117422 -0.0362456 -0.0397346
internal_weight=208660 95405 73036 2961 775 384 70075 66938 65466 61437 8187 113255 53250 111678 33341 24415 8926 78337 15610 5988 9628 8416 5623 22369 5062 7479 13606 3137 14787 8190 9622 1574 8763 365 3354 2186 62727 57449
internal_count=208660 95405 73036 2961 775 384 70075 66938 65466 61437 8187 113255 53250 111678 33341 24415 8926 78337 15610 5988 9628 8416 5623 22369 5062 7479 13606 3137 14787 8190 9622 1574 8763 365 3354 2186 62727 57449
is_linear=0
shrinkage=0.03


Tree=39
num_leaves=39
num_cat=0
split_feature=194 201 208 16 208 204 162 189 203 207 201 35 202 207 105 207 201 207 36 97 202 36 198 198 194 76 202 194 76 202 120 56 207 201 95 202 204 102
split_gain=141094 153113 95495.6 64705.4 60943.2 58683.6 39445.4 51348.2 48808.4 38582.9 38389.1 37388.1 60208.6 92593.6 35592.8 52881.8 35060.8 31699 31431.9 26457.6 24109.9 23253 21772.7 28779.8 19943.6 32577.7 17843.1 17483.5 17208.1 16762.2 16339.7 16290.9 16075.4 15988.6 15791.3 15341 15248.5 14297.4
threshold=66.500000000000014 347.50000000000006 0.12332734838128091 195.36802673339847 -0.44505782425403589 13.000000000000002 3.2522979974746709 1.0066683888435366 0.2503704726696015 -0.75579217076301564 47.500000000000007 192.10256195068362 0.83385404944419872 -0.9413962960243224 -46.760383605957024 0.98932364583015453 292.50000000000006 -0.76694339513778675 172.89971160888675 8.3458781242370623 -0.99809679388999928 244.22681427001956 11.750000000000002 11.250000000000002 89.500000000000014 51.077610015869148 0.97625884413719188 47.500000000000007 4.4483904838562021 0.36648726463317877 62.308334350585945 117.24037551879884 -0.99630266427993763 152.50000000000003 10.84046506881714 -0.44618082046508784 13.000000000000002 141.52707672119143
decision_type=2 2 2 10 2 2 2 8 2 2 2 8 2 2 8 2 2 2 10 2 2 10 2 2 2 8 2 2 8 2 10 10 2 2 8 2 2 10
left_child=1 3 21 4 18 22 -6 8 -8 10 11 -2 20 -14 15 -9 30 -16 -1 24 -13 36 23 26 28 -26 27 -4 29 -11 -5 -18 -12 -31 -7 -36 -3 -30
right_child=9 2 5 16 6 34 7 14 -10 19 32 12 13 -15 17 -17 31 -19 -20 -21 -22 -23 -24 -25 25 -27 -28 -29 37 33 -32 -33 -34 -35 35 -37 -38 -39
leaf_value=0.030090831906030267 -0.027661249725667497 -0.029409667568431067 0.10417386779887679 -0.026638542071581096 0.014704838176470942 0.0232635320375543 0.12544252618228408 0.097033867536417587 0.8729388707628859 -0.019314091785023878 -0.10522090291201416 0.41139084884022148 1.0474207992301672 0.12244499138651491 0.12434991578896061 0.26817052934834529 0.063644653660968623 0.039280587769831406 -0.11559364493336387 -0.14134057015347928 0.052029027864056013 -0.14596126687492564 -0.014556171824955343 0.40080184330240048 -0.061260412001679497 -0.1847740305211244 0.36431422613809999 0.022560184299239606 -0.035911081118614054 0.3503116813990349 -0.1354599763311882 0.44386357381808317 -0.020615318176983231 0.047335527174944367 -0.062348056222211026 0.013999175109239294 -0.074273562412162972 -0.08256131928482946
leaf_weight=3187 2512 12731 5516 4440 7318 4797 169 6834 147 1038 2246 180 154 265 5652 2132 234 13032 2291 2919 2524 2684 2591 250 17837 2154 188 4132 42324 272 1724 179 20192 370 8573 3273 14681 6873
leaf_count=3187 2512 12731 5516 4440 7318 4797 169 6834 147 1038 2246 180 154 265 5652 2132 234 13032 2291 2919 2524 2684 2591 250 17837 2154 188 4132 42324 272 1724 179 20192 370 8573 3273 14681 6873
internal_value=-0.0161796 0.00792005 -0.0241493 0.0481709 0.0622595 0.0143838 0.0767132 0.0929392 0.473187 -0.0414374 -0.0115035 0.0585009 0.127806 0.462429 0.0885933 0.137728 -0.0391455 0.0650145 -0.0308371 -0.052826 0.0759525 -0.0616888 0.0630139 0.0829409 -0.0491802 -0.0745689 0.0748615 0.0692208 -0.0392042 0.0552107 -0.0570749 0.228444 -0.0290842 0.175703 -0.0226579 -0.0412536 -0.0534374 -0.0424283
internal_weight=208615 106755 59416 47339 40762 29320 35284 27966 316 101860 28073 5635 3123 419 27650 8966 6577 18684 5478 73787 2704 30096 12677 10086 70868 19991 9836 9648 50877 1680 6164 413 22438 642 16643 11846 27412 49197
internal_count=208615 106755 59416 47339 40762 29320 35284 27966 316 101860 28073 5635 3123 419 27650 8966 6577 18684 5478 73787 2704 30096 12677 10086 70868 19991 9836 9648 50877 1680 6164 413 22438 642 16643 11846 27412 49197
is_linear=0
shrinkage=0.03


Tree=40
num_leaves=39
num_cat=0
split_feature=194 201 205 208 207 207 207 205 199 207 158 208 199 208 199 194 141 16 141 199 193 158 201 200 105 193 207 199 204 209 207 200 198 198 201 199 194 199
split_gain=131193 144240 98301.2 88919 62039.1 69270.5 101596 60239.9 58314.6 35987.6 34998 31801.2 31532.9 30805.9 49348.2 27715.1 28695.4 27295.9 59300 39142.2 36239.5 33031.8 52933.3 25522 24684.7 34403.4 33101 22134.9 21850.5 20022.7 19986.4 19261.5 17476.3 21535 22794.8 17559 18693 17352.9
threshold=66.500000000000014 347.50000000000006 -0.68301269412040699 0.12332734838128091 0.9159645438194276 -0.76694339513778675 -0.77786767482757557 1.0000000180025095e-35 82.500000000000014 -0.30983471870422358 29.500000000000004 0.8930937945842744 320.50000000000006 0.96177148818969738 318.50000000000006 90.500000000000014 -11.304762363433836 181.35034179687503 -21.816341400146481 107.50000000000001 22.550000190734867 18.500000000000004 27.500000000000004 10.650000095367433 -49.962715148925774 25.750000000000004 0.98932364583015453 74.500000000000014 7.0000000000000009 3.5000000000000004 -0.99630266427993763 11.449999809265138 11.84999990463257 11.250000000000002 962.50000000000011 153.50000000000003 47.500000000000007 292.50000000000006
decision_type=2 2 2 2 2 2 2 2 2 2 2 2 2 2 2 2 8 8 8 2 2 2 2 2 8 2 2 2 2 2 2 2 2 2 2 2 2 2
left_child=1 2 -1 -3 5 6 8 -5 -4 11 -10 17 24 31 -15 29 -17 18 19 20 -2 30 23 -23 25 26 -6 -27 -13 37 -20 -7 33 35 -35 36 -9 -11
right_child=9 3 4 7 12 13 -8 32 10 15 -12 28 -14 14 -16 16 -18 -19 21 -21 -22 22 -24 -25 -26 27 -28 -29 -30 -31 -32 -33 -34 34 -36 -37 -38 -39
leaf_value=-0.01303836759656714 0.13271541888072236 -0.059687822478902017 0.64265382575979779 -0.023521105312304582 0.056452582992329803 0.061190822076296211 0.77991140928620106 0.25494740140013583 0.064259112313092809 0.0092375260417328041 0.44836775175426802 0.004471995069249478 0.021065845390017372 -0.0026118205406457321 0.67368411843233744 -0.057894623323288777 -0.14735632104093296 -0.077418249579813372 -0.11052037375219986 0.085352857421296863 0.77919345263309414 0.13191113869435206 0.022707094658682314 0.62348193044528166 0.10330663531737784 0.50412357760383397 0.25163175203059684 0.24198296545599657 0.17305697317179539 -0.066275210073501206 -0.0261444314836272 -0.023465670829189291 -0.0091224265518041418 0.59651890795886853 0.10286075187457451 0.051552904490277385 0.073044548816458749 -0.055384324103247395
leaf_weight=16243 145 30045 178 16778 2075 3247 216 878 3585 8441 227 1681 2187 247 160 7533 5645 8713 2709 799 169 173 2403 211 6040 343 1255 1873 1176 17862 37528 9484 2424 147 197 7750 1208 6715
leaf_count=16243 145 30045 178 16778 2075 3247 216 878 3585 8441 227 1681 2187 247 160 7533 5645 8713 2709 799 169 173 2403 211 6040 343 1255 1873 1176 17862 37528 9484 2424 147 197 7750 1208 6715
internal_value=-0.0155086 0.00772732 0.0467835 -0.0233983 0.0780105 0.0402623 0.146224 0.0137101 0.111918 -0.0398582 0.0871335 -0.0236232 0.125546 0.00633953 0.263262 -0.0594357 -0.096217 -0.0288933 -0.0193141 0.196885 0.480675 -0.024907 0.0749723 0.402029 0.145267 0.190966 0.130012 0.28256 0.0738655 -0.0447556 -0.0318252 -0.00187425 0.0632709 0.0805088 0.313825 0.0723485 0.149609 -0.0193937
internal_weight=208690 106787 47360 59427 31117 17344 4206 29382 3990 101903 3812 55707 13773 13138 407 46196 13178 52850 44137 1113 314 43024 2787 384 11586 5546 3330 2216 2857 33018 40237 12731 12604 10180 344 9836 2086 15156
internal_count=208690 106787 47360 59427 31117 17344 4206 29382 3990 101903 3812 55707 13773 13138 407 46196 13178 52850 44137 1113 314 43024 2787 384 11586 5546 3330 2216 2857 33018 40237 12731 12604 10180 344 9836 2086 15156
is_linear=0
shrinkage=0.03


Tree=41
num_leaves=39
num_cat=0
split_feature=194 204 208 208 96 105 96 204 123 204 141 202 204 194 53 194 190 105 208 208 129 202 123 99 96 177 194 202 208 208 16 172 15 123 190 187 204 202
split_gain=122950 124353 92138.5 62120 47758.6 46516.4 45924.7 32862.6 32314.3 32153.8 50367.7 94501.3 28077.8 25265.8 24970.1 24235.9 23526.2 23281.5 24937.7 108525 22254.4 46685.1 20882.5 20491.9 20017.5 46998.2 33886.8 31367.2 35003.8 26262.9 24684.6 22050.3 21953.7 18391.5 18220 18206.2 17850.5 17424.2
threshold=65.500000000000014 11.000000000000002 0.10623887926340105 -0.39827153086662287 18.327429771423343 -43.032669067382805 11.4690318107605 19.000000000000004 6.4119222164154062 21.000000000000004 -4.0785572528839102 -0.77159520983695973 13.000000000000002 88.500000000000014 204.58191680908206 37.500000000000007 0.19152142107486728 38.890367507934577 0.91511079668998729 0.92843842506408703 83.770832061767592 0.9536806344985963 24.420506477355961 0.24191448092460635 8.7824015617370623 1.4516110420227053 83.500000000000014 0.83385404944419872 0.31595529615879064 -0.013976481743156908 153.44863891601565 3.2999999523162846 46.929868698120124 -11.824525833129881 0.51207366585731517 23.119924545288089 21.000000000000004 -0.28400452435016627
decision_type=2 2 2 2 10 8 8 2 8 2 8 2 2 2 10 2 8 10 2 2 10 2 10 2 8 2 2 2 2 2 10 2 8 10 10 10 2 2
left_child=1 3 7 22 14 34 17 -3 33 12 -11 -12 37 -6 24 -9 -10 18 20 -20 -4 -22 -1 -13 25 -2 29 31 -29 -26 32 -27 -31 35 -5 -7 -16 -8
right_child=4 2 6 5 13 8 9 15 16 10 11 23 -14 -15 36 -17 -18 -19 19 -21 21 -23 -24 -25 26 27 -28 28 -30 30 -32 -33 -34 -35 -36 -37 -38 -39
leaf_value=0.0021488613180997776 -0.030133457805709432 -0.072660114076968957 0.033085890733737987 0.18574466496858133 -0.076116887487016879 0.42348689470892831 0.0080566441723347558 0.059191582122122707 0.33925681471595998 0.0057611667440374738 0.019839895690928814 0.88497720483868414 -0.032497221919431052 -0.19503142349759653 0.052743211564147616 -0.051325274870134184 0.070079629948341784 -0.026205748940190697 0.8655888460014024 0.045572946059015018 0.10848258278222973 0.63007935385686342 -0.12550110164491635 0.43713097553169156 -0.079305110985210217 0.0094614493300621046 -0.078797244553850426 0.033458768520609833 0.59002363373038269 -0.12793176395089886 -0.04285235794359795 0.16363744155064602 0.038685362503797019 -0.022314914790556119 0.095030160864174956 0.017002428145216558 0.37260021021830925 0.12055007210752515
leaf_weight=6088 43366 22704 4871 3630 8977 170 4084 3394 299 1994 532 171 19926 1959 1279 3769 12884 1933 194 578 2937 163 1423 199 6121 3762 18419 199 208 773 9295 1073 8977 5547 4418 238 179 1779
leaf_count=6088 43366 22704 4871 3630 8977 170 4084 3394 299 1994 532 171 19926 1959 1279 3769 12884 1933 194 578 2937 163 1423 199 6121 3762 18419 199 208 773 9295 1073 8977 5547 4418 238 179 1779
internal_value=-0.0151303 0.00797963 -0.0152528 0.0543333 -0.038094 0.0754326 0.0148956 -0.0549846 0.0499849 -0.0048736 0.0899087 0.275927 -0.0155173 -0.0974186 -0.0311664 0.0010402 0.076185 0.0680127 0.0888436 0.251648 0.0730755 0.13591 -0.0220352 0.644127 -0.0331145 -0.0198774 -0.0478771 0.0649691 0.317903 -0.0252465 -0.00787223 0.0436771 0.0254755 -0.00801624 0.135947 0.186378 0.0920148 0.0421905
internal_weight=208512 103925 69228 34697 104587 27186 39361 29867 19138 28685 2896 902 25789 10936 93651 7163 13183 10676 8743 772 7971 3100 7511 370 92193 48608 43585 5242 407 25166 19045 4835 9750 5955 8048 408 1458 5863
internal_count=208512 103925 69228 34697 104587 27186 39361 29867 19138 28685 2896 902 25789 10936 93651 7163 13183 10676 8743 772 7971 3100 7511 370 92193 48608 43585 5242 407 25166 19045 4835 9750 5955 8048 408 1458 5863
is_linear=0
shrinkage=0.03


Tree=42
num_leaves=39
num_cat=0
split_feature=194 201 205 197 208 114 96 54 189 202 200 194 114 54 194 208 96 176 194 202 204 208 199 200 208 114 56 56 202 193 16 114 204 208 194 16 208 205
split_gain=118696 133016 90254.8 79401.5 45377.2 61631.1 45108.8 39276.1 60227.7 39051 37547.5 35556 26205.4 24052.3 23240.9 22541.4 20469.8 43799 32062.9 29630.6 43184.4 25070.3 34876.6 20162.5 33567.8 19003.2 18835.1 18340.5 20385.9 17293.6 20086.7 17276.8 17033.1 16750.9 16379.8 19030.3 16521.6 15950
threshold=65.500000000000014 347.50000000000006 -0.68301269412040699 980.75000000000011 -0.39827153086662287 95.579113006591811 18.327429771423343 46.619625091552741 1.0066683888435366 0.50751903653144848 14.750000000000002 12.500000000000002 -303.65090942382807 193.29673767089847 88.500000000000014 0.94636487960815441 8.7824015617370623 3.2699999809265141 90.500000000000014 0.83385404944419872 5.0000000000000009 0.071972697973251357 212.50000000000003 12.650000095367433 0.56191161274909984 50.306463241577156 36.296661376953132 112.8940773010254 -0.91702514886856068 23.750000000000004 68.159252166748061 84.891036987304702 15.000000000000002 0.24164313822984698 37.500000000000007 61.940216064453132 -0.41399101912975306 -0.93301269412040699
decision_type=2 2 2 2 2 10 10 8 8 2 2 2 10 10 2 2 8 2 2 2 2 2 2 2 2 10 10 10 2 2 8 8 2 2 2 10 2 2
left_child=1 2 37 29 34 7 13 11 -9 -10 15 -6 -13 16 -8 32 17 -2 21 27 -21 26 25 24 -15 -23 -18 -19 -29 -3 -31 -24 33 -5 36 -36 -4 -1
right_child=6 3 4 10 5 -7 14 8 9 -11 -12 12 -14 23 -16 -17 18 19 -20 20 -22 22 31 -25 -26 -27 -28 28 -30 30 -32 -33 -34 -35 35 -37 -38 -39
leaf_value=-0.044007663493258665 -0.029203895939638101 0.15108776457155876 0.14174505945269558 0.010638359344170813 0.48815441139835447 -0.02245724155820392 -0.074708089804440797 0.65520767707515193 0.12023240830988134 0.28550437353681213 -0.03279190581115711 0.092837395286479968 -0.017989123151135239 0.53029397192489303 -0.18892358801430914 -0.033539079497987984 -0.051118810295391441 0.01628188932192691 -0.094833324597722785 0.7211901929317035 0.077782259955667565 0.076836888781399049 0.033680847908414004 0.015846495031908995 0.01134856037583858 -0.031866472788931594 -0.15031990643402238 0.36533113331168682 0.051661081422088521 -0.048156324811902733 -0.11058636800340797 -0.051555075931742973 -0.023835675177953347 0.083602026723962983 0.0058475365518431601 -0.14499385340280749 -0.084425219353513437 0.016464036763845662
leaf_weight=7309 43427 348 1078 3943 182 3485 9000 212 8802 1507 11320 7683 2560 213 1951 3491 7094 4104 9965 146 263 4446 2494 1018 237 2146 2275 307 475 21321 5928 15088 2376 10049 2615 1057 398 8480
leaf_count=7309 43427 348 1078 3943 182 3485 9000 212 8802 1507 11320 7683 2560 213 1951 3491 7094 4104 9965 146 263 4446 2494 1018 237 2146 2275 307 475 21321 5928 15088 2376 10049 2615 1057 398 8480
internal_value=-0.0148785 0.0077957 0.0463863 -0.0219916 0.0773011 0.0943579 -0.0374433 0.113794 0.154686 0.144393 0.0108131 0.0725243 0.0651389 -0.0307097 -0.0950566 0.0356687 -0.0326274 -0.0192717 -0.0475835 0.0621869 0.307471 -0.0335464 -0.0174001 0.0897678 0.25699 0.0414489 -0.0752072 0.0416539 0.174806 -0.0590542 -0.061738 -0.0394644 0.0504295 0.0630406 -0.00364561 -0.0375729 0.0807584 -0.0115293
internal_weight=208793 104144 45368 58776 29579 24431 104649 20946 10521 10309 31179 10425 10243 93698 10951 19859 92230 48722 43508 5295 409 33543 24174 1468 450 6592 9369 4886 782 27597 27249 17582 16368 13992 5148 3672 1476 15789
internal_count=208793 104144 45368 58776 29579 24431 104649 20946 10521 10309 31179 10425 10243 93698 10951 19859 92230 48722 43508 5295 409 33543 24174 1468 450 6592 9369 4886 782 27597 27249 17582 16368 13992 5148 3672 1476 15789
is_linear=0
shrinkage=0.03


Tree=43
num_leaves=39
num_cat=0
split_feature=194 201 208 205 207 207 35 201 194 96 205 193 206 96 206 207 194 207 54 114 194 208 56 193 76 96 56 96 207 208 205 16 194 40 194 208 194 56
split_gain=110461 122085 80932.8 75719.4 74588.6 61924.8 85665.1 62770.7 120206 61245.9 45628.5 36019.4 35914.6 35191 34658.2 32276.4 30167.1 26878.4 35000.5 26189.1 25568.4 23466.4 23280.5 19515.1 18627.5 21284 22729.9 16198.3 16084.8 15273.2 15264.3 15152.8 15036.7 14807.5 14740.7 14621.6 14555.4 18677.3
threshold=75.500000000000014 337.50000000000006 0.12332734838128091 -0.68301269412040699 0.91248813271522533 -0.76694339513778675 192.10256195068362 57.500000000000007 62.500000000000007 13.691872119903566 1.0000000180025095e-35 25.750000000000004 0.25000000000000011 20.445189476013187 -1.0000000180025095e-35 -0.50556187331676472 58.500000000000007 0.98522606492042553 46.164529800415046 -1115.2127685546873 90.500000000000014 -0.20180761069059369 47.687040328979499 6.4500000476837167 4.4483904838562021 8.7824015617370623 112.8940773010254 11.4690318107605 0.9646572768688203 0.78192543983459484 -0.93301269412040699 69.692829132080092 41.500000000000007 148.29999542236331 15.500000000000002 0.9993295967578889 25.500000000000004 27.111677169799808
decision_type=2 2 2 2 2 2 10 2 2 10 2 2 2 8 2 2 2 2 8 10 2 2 10 2 8 8 10 8 2 2 2 8 2 10 2 2 2 8
left_child=1 3 31 30 5 6 -5 8 -8 23 27 12 21 22 29 -16 36 -14 -19 -17 33 -6 34 -2 35 26 -26 -4 -23 -7 -1 -3 -15 -11 -13 -25 -12 -38
right_child=9 2 10 4 11 14 7 -9 -10 20 16 13 17 32 15 19 -18 18 -20 -21 -22 28 -24 24 25 -27 -28 -29 -30 -31 -32 -33 -34 -35 -36 -37 37 -39
leaf_value=-0.044762215211658851 -0.19414496707991455 -0.048599388460958459 0.02046886929905883 -0.01971015532651231 -0.058394418898661996 0.11397745295483232 0.72685938752943413 0.081350214746620728 0.17482962415565131 -0.082891625168619754 -0.042555198770725632 0.49889600988599336 -0.012696125413282871 0.11103900781349851 -0.10847593021373514 0.083118519344205471 -0.03304860909210712 0.028733228358745165 0.21551802103563197 -0.0280549887428082 -0.16954988160032911 0.29897252847671391 0.47332768272848291 0.033368113696773324 -0.022553750163234035 -0.058299334758293055 0.13340916999487859 -0.041927696507137922 0.14151230382215627 0.00885293947828753 0.0067846863637615494 -0.10493116813971608 -0.12082149519373982 0.13947053134935261 0.18973270020433056 0.2871586712309806 0.29156011156453926 0.075208736527930406
leaf_weight=9686 652 33006 5373 3878 436 2516 451 3165 1668 9978 902 148 4335 1787 3545 2404 3109 2520 1407 9225 3628 742 343 1443 36190 18544 861 12354 2740 2460 11090 4941 293 277 2232 238 373 9645
leaf_count=9686 652 33006 5373 3878 436 2516 451 3165 1668 9978 902 148 4335 1787 3545 2404 3109 2520 1407 9225 3628 742 343 1443 36190 18544 861 12354 2740 2460 11090 4941 293 277 2232 238 373 9645
internal_value=-0.0143781 0.0014409 -0.0263622 0.030335 0.0516886 0.0227035 0.0873691 0.165956 0.292324 -0.0445075 0.00897512 0.101716 0.07428 0.17129 -0.00669928 -0.0292301 0.0493983 0.0388049 0.0956566 -0.00507261 -0.101101 0.149087 0.242262 -0.0309443 -0.0290865 -0.0320615 -0.0189294 -0.0230155 0.175067 0.0620069 -0.017247 -0.0559343 0.0783773 -0.0768852 0.20896 0.069302 0.0728716 0.0832644
internal_weight=208585 136774 69703 67071 46295 29312 9162 5284 2119 71811 31756 16983 12180 4803 20150 15174 14029 8262 3927 11629 13883 3918 2723 57928 57276 55595 37051 17727 3482 4976 20776 37947 2080 10255 2380 1681 10920 10018
internal_count=208585 136774 69703 67071 46295 29312 9162 5284 2119 71811 31756 16983 12180 4803 20150 15174 14029 8262 3927 11629 13883 3918 2723 57928 57276 55595 37051 17727 3482 4976 20776 37947 2080 10255 2380 1681 10920 10018
is_linear=0
shrinkage=0.03


Tree=44
num_leaves=39
num_cat=0
split_feature=208 105 36 204 193 205 177 200 114 141 199 197 36 76 208 208 95 123 193 94 204 36 200 208 193 208 204 132 173 132 208 208 35 157 95 147 193 208
split_gain=78957.3 71590.8 48182.5 39338.7 38902.4 52089.3 39101.5 37536.6 52946.4 78752.2 36418.5 33727.9 30045.3 24220.5 21870.6 28030.7 20994.7 20724.2 20461 20030 18933.1 18616.6 18451.8 24271.7 24183.9 17457.2 17005.2 15692.2 15180.4 14891 20232.7 22020.1 14391 13727.5 13726.5 13689.7 12769.2 13163.2
threshold=-0.39827153086662287 -54.39434623718261 174.44202423095706 11.000000000000002 13.250000000000002 -0.68301269412040699 1.2878533601760866 15.949999809265138 50.306463241577156 -21.069853782653805 93.500000000000014 978.35000610351574 135.64292907714847 47.659999847412116 0.30778898298740393 0.10623887926340105 18.898479461669925 11.817466735839846 25.750000000000004 27.290690422058109 7.0000000000000009 311.83638000488287 25.150000572204593 0.96633976697921764 11.750000000000002 0.34033495187759405 7.0000000000000009 -87.316574096679673 176.90000152587893 -50.929798126220696 -0.41399101912975306 -0.44505782425403589 208.76786041259768 31.289999961853031 11.247807025909426 -0.23343648016452787 6.4500000476837167 0.63755506277084362
decision_type=2 8 10 2 2 2 2 2 10 8 2 2 10 10 2 2 10 10 2 10 2 10 2 2 2 2 2 8 2 8 2 2 8 2 10 2 2 2
left_child=2 3 27 11 19 13 17 8 9 -8 12 14 16 -6 15 18 -5 35 -2 20 22 32 36 24 -24 -12 33 -1 -10 -4 31 -31 -9 -13 -15 -7 -3 -38
right_child=1 4 29 10 5 6 7 21 28 -11 25 26 -14 34 -16 -17 -18 -19 -20 -21 -22 -23 23 -25 -26 -27 -28 -29 -30 30 -32 -33 -34 -35 -36 -37 37 -39
leaf_value=0.080139582703129944 0.060589035218562834 -0.22986007237446873 -0.11819863660420647 0.11357822174178185 -0.014451303436241359 -0.0054575012605496643 0.26522349800871475 -0.028608155500855961 -0.017270774322672346 0.056490427725563522 -0.035914160385946615 0.0027014739709772914 0.038038754899407973 0.0052285037593946164 -0.1211423262423777 0.56735183453536675 0.52680320891607557 0.049451933770420634 0.27393007507500788 -0.33020327855823006 -0.0032504043896305567 -0.070117170473962681 0.44174751856483069 -0.15008055311058818 0.033277361971975464 0.090188425962854812 0.12752085956835629 -0.031218415323454752 0.14728465463835083 -0.066025831131239901 -0.25955709504669322 0.10328090431154607 0.0333133082003726 0.16546176316760106 -0.081814127435276787 -0.046729074006649461 -0.33418719553044096 -0.06873462619623634
leaf_weight=1167 639 491 8173 188 19118 16094 1780 5827 9774 18895 5894 3164 637 1931 169 204 269 3920 1103 228 5853 3503 203 312 365 1187 2533 47271 532 3743 391 848 8037 547 10480 13138 171 9970
leaf_count=1167 639 491 8173 188 19118 16094 1780 5827 9774 18895 5894 3164 637 1931 169 204 269 3920 1103 228 5853 3503 203 312 365 1187 2533 47271 532 3743 391 848 8037 547 10480 13138 171 9970
internal_value=-0.0138447 -0.00190803 -0.0423633 0.0569059 -0.00935264 -0.00289348 0.00977361 0.0269806 0.0467719 0.0744613 0.0101133 0.102668 0.171206 -0.0356369 0.20621 0.234639 0.356818 -0.0153206 0.195673 -0.0508505 -0.0471825 -0.00832508 -0.0695186 0.0624981 0.179268 -0.0147752 0.0675958 -0.0285355 -0.00877619 -0.0932786 -0.0523968 -0.0347531 0.00728786 0.0266927 -0.0682713 -0.0240066 -0.0804456 -0.0732111
internal_weight=208749 147156 61593 16534 130622 113029 81500 48348 30981 20675 8175 8359 1094 31529 2115 1946 457 33152 1742 17593 17365 17367 11512 880 568 7081 6244 48438 10306 13155 4982 4591 13864 3711 12411 29232 10632 10141
internal_count=208749 147156 61593 16534 130622 113029 81500 48348 30981 20675 8175 8359 1094 31529 2115 1946 457 33152 1742 17593 17365 17367 11512 880 568 7081 6244 48438 10306 13155 4982 4591 13864 3711 12411 29232 10632 10141
is_linear=0
shrinkage=0.03


Tree=45
num_leaves=39
num_cat=0
split_feature=194 201 197 36 197 197 207 96 193 199 199 204 105 207 140 199 207 132 207 201 197 207 95 199 198 194 204 141 201 132 56 207 193 193 36 194 207 199
split_gain=102228 116021 69129.5 48258.7 49282.2 100221 53470.7 42020 35702.5 58718.6 35058.3 31758.6 28884.5 25186 50092.4 53958.3 27341.2 24470.2 24400.2 23440.4 48631.2 22903.3 20693.8 20427.5 19295.1 18202.9 17984.3 19535.1 16087.9 16021 15903.5 15747.7 15735.2 14959.4 14832.8 14390.7 14180.3 15714.9
threshold=65.500000000000014 347.50000000000006 980.75000000000011 302.70294189453131 983.04998779296886 983.14999389648449 0.89404821395874035 18.327429771423343 16.750000000000004 307.50000000000006 320.50000000000006 13.000000000000002 -43.032669067382805 -0.75579217076301564 -27.052437782287594 107.50000000000001 -0.99630266427993763 -42.824403762817376 0.79383251070976268 27.500000000000004 984.25000000000011 0.98932364583015453 26.689990997314457 167.50000000000003 11.750000000000002 88.500000000000014 5.0000000000000009 -15.284713268280028 292.50000000000006 -86.14369964599608 117.24037551879884 0.9731498956680299 23.750000000000004 6.4500000476837167 244.22681427001956 45.500000000000007 0.99983760714530956 34.500000000000007
decision_type=2 2 2 10 2 2 2 10 2 2 2 2 8 2 8 2 2 10 2 2 2 2 10 2 2 2 2 10 2 8 10 2 2 2 10 2 2 2
left_child=1 3 29 4 6 -6 18 13 9 -7 12 23 21 14 15 -2 -16 28 -1 20 -18 -8 25 35 -11 -9 -10 -28 -5 -3 -30 -13 -31 -15 -34 -4 -35 -38
right_child=7 2 11 17 5 8 10 22 26 24 -12 31 -14 33 16 -17 19 -19 -20 -21 -22 -23 -24 -25 -26 -27 27 -29 30 32 -32 -33 34 36 -36 -37 37 -39
leaf_value=0.011908321950182594 0.59101364652304222 0.083260842778481864 0.18300709556423184 -0.0081324687004778913 0.73612189554012741 0.13522759383605357 0.099336657242813792 -0.081651798294777866 -0.026320651768931082 0.80734056940885068 -0.020794432403902822 -0.0072943148312242098 0.045256780864400985 -0.18094919715779886 -0.10000853936596549 0.084250999848885011 0.05179458657838816 -0.11430131442032837 -0.090814874535647003 -0.009778752919395204 0.57658672632769992 0.217962109816006 0.066846829360260623 0.022187744346997582 0.34797071213209235 -0.18417194794762812 0.053943823672103534 0.15916942401292922 0.039886678611641663 0.14122138768270595 0.40202303658532035 -0.092070808017235925 -0.05382275229233361 -0.037243200012405615 -0.12908304009284594 0.057352282236984346 0.39140474533590586 -0.011139482696396025
leaf_weight=8243 241 736 1313 5109 229 1159 5365 8321 1301 173 3083 13277 6574 649 2806 878 1637 2035 2784 20583 176 2015 708 12081 157 1918 4005 2631 290 350 175 2316 23876 66390 2615 2186 146 217
leaf_count=8243 241 736 1313 5109 229 1159 5365 8321 1301 173 3083 13277 6574 649 2806 878 1637 2035 2784 20583 176 2015 708 12081 157 1918 4005 2631 290 350 175 2316 23876 66390 2615 2186 146 217
internal_value=-0.0134577 0.00759589 -0.0202261 0.0436563 0.0575593 0.116023 0.0374458 -0.0343923 0.100957 0.235756 0.0707605 0.0103817 0.0909887 -0.027896 -0.00300954 0.193397 -0.0117303 -0.0252631 -0.0140263 -0.000669874 0.102743 0.131726 -0.09001 0.0406748 0.588809 -0.100856 0.0756681 0.0956632 0.0072437 -0.0548252 0.176181 -0.0198861 -0.0586117 -0.0376144 -0.061252 0.104505 -0.0362208 0.15077
internal_weight=208748 104078 58750 45328 37719 9655 28064 104670 9426 1489 17037 31173 13954 93723 26321 1119 25202 7609 11027 22396 1813 7380 10947 15580 330 10239 7937 6636 5574 27577 465 15593 26841 67402 26491 3499 66753 363
internal_count=208748 104078 58750 45328 37719 9655 28064 104670 9426 1489 17037 31173 13954 93723 26321 1119 25202 7609 11027 22396 1813 7380 10947 15580 330 10239 7937 6636 5574 27577 465 15593 26841 67402 26491 3499 66753 363
is_linear=0
shrinkage=0.03


Tree=46
num_leaves=39
num_cat=0
split_feature=196 194 205 141 194 193 190 205 207 207 202 140 35 187 204 199 207 207 96 96 105 197 207 207 199 193 96 96 207 190 35 207 204 209 36 193 194 194
split_gain=97961.2 49576.1 64622.7 33659.8 40517.1 48775.1 44214.3 44684 33537.7 50359.3 93937.5 212766 58536.4 36569.6 33194.3 33020.3 58244.9 29046.8 28090.5 25305.4 21981.2 20058.2 20610.7 19971.7 58929.7 20789.2 19684.6 19117 49387.1 17383.2 17380.6 17200.7 16893.2 16561.4 15012.8 14754.8 14724.2 14476.1
threshold=5.5000000000000009 82.500000000000014 -0.68301269412040699 -1.1162073016166685 66.500000000000014 29.94999980926514 0.047645296901464469 0.68301269412040722 0.89404821395874035 -0.76694339513778675 0.96359375119209301 -19.908197402954098 192.10256195068362 14.610688686370851 7.0000000000000009 293.50000000000006 0.95998215675354015 -0.77786767482757557 8.7824015617370623 13.691872119903566 -49.962715148925774 981.14999389648449 0.9731498956680299 0.98802474141120922 186.50000000000003 25.650000572204593 11.546006679534914 8.7824015617370623 -0.38242425024509424 0.40843018889427191 181.2119064331055 -0.64578425884246815 19.000000000000004 2.5000000000000004 339.59889221191412 13.650000095367433 74.500000000000014 88.500000000000014
decision_type=2 2 2 10 2 2 8 2 2 2 2 8 10 8 2 2 2 2 8 10 8 2 2 2 2 2 8 10 2 8 8 2 2 2 10 2 2 2
left_child=1 2 26 4 5 6 -2 29 9 10 12 -12 -4 -10 30 -9 -17 -14 -6 -3 23 -7 -23 25 -25 -15 -1 28 -16 -8 -11 -29 -28 34 -20 -31 -22 -35
right_child=3 19 8 -5 18 21 7 15 13 14 11 -13 17 20 27 16 -18 -19 33 -21 36 22 -24 24 -26 -27 32 31 -30 35 -32 -33 -34 37 -36 -37 -38 -39
leaf_value=0.013928915007293038 0.5475489020600931 -0.018829529662474868 -0.01623088600504698 -0.10266139175990673 -0.026474781640529011 -0.051243058417548677 0.098103893874002729 0.059190266097697085 -0.034451284780236201 0.030654181630138611 1.4185875248750919 0.052805801276975796 0.09649064608736424 0.026092463779311618 0.52171219399033197 0.57835765345989765 0.088229731186058466 0.43327660020055331 -0.040056405516677558 -0.11176430391866427 0.061337063339722442 0.10781362842873882 -0.060410255238006895 0.429603731215639 0.097169145601706725 0.14872846162286035 -0.070966383840246589 0.076433410165084592 0.055418130669717854 0.2543309303206755 -0.065000365143308314 -0.0054059647237367095 -0.0034825995574152726 -0.062640418786661697 0.10726122951804226 -0.0049068029371153558 -0.11143459114539714 -0.11725587583092929
leaf_weight=7108 146 9063 6409 5768 39497 16549 1732 1510 2724 2135 149 330 7287 2422 227 369 534 238 5694 3719 8005 1559 1131 683 1614 2558 9388 2804 2055 200 8580 13155 5181 14408 699 16377 470 6268
leaf_count=7108 146 9063 6409 5768 39497 16549 1732 1510 2724 2135 149 330 7287 2422 227 369 534 238 5694 3719 8005 1559 1131 683 1614 2558 9388 2804 2055 200 8580 13155 5181 14408 699 16377 470 6268
internal_value=-0.0130541 0.00915241 0.0175728 -0.0320736 -0.0282568 -0.00443751 0.0273283 0.0236628 0.0331957 0.0187762 0.0645971 0.477673 0.0503967 0.0670428 -0.00403138 0.145011 0.288519 0.107143 -0.0426083 -0.0458696 0.0845943 -0.0388931 0.0370844 0.122839 0.196018 0.0890852 -0.0269996 0.0205868 0.101804 0.00766981 -0.0459408 0.00897324 -0.046968 -0.0661491 -0.0239487 -0.00177896 0.0517555 -0.0791973
internal_weight=208745 96304 83522 112441 106673 40107 20868 20722 61845 43369 14413 479 13934 18476 28956 2413 903 7525 66566 12782 15752 19239 2690 7277 2297 4980 21677 18241 2282 18309 10715 15959 14569 27069 6393 16577 8475 20676
internal_count=208745 96304 83522 112441 106673 40107 20868 20722 61845 43369 14413 479 13934 18476 28956 2413 903 7525 66566 12782 15752 19239 2690 7277 2297 4980 21677 18241 2282 18309 10715 15959 14569 27069 6393 16577 8475 20676
is_linear=0
shrinkage=0.03


Tree=47
num_leaves=39
num_cat=0
split_feature=194 201 205 197 190 205 207 141 186 161 207 207 193 207 193 201 197 207 94 207 206 194 199 191 207 105 36 194 76 161 56 207 207 209 207 194 54 207
split_gain=90274.4 106384 71586.2 59861.4 36959.5 30433.6 28514.7 38645.3 31619.3 26701.6 42646.5 106478 76107.1 38802.1 35752.9 26175.9 46314.9 24619.9 21440.6 21055.7 20655.9 20524.4 18902.7 18679.6 16737.7 16723 14641.2 14316.6 23350.3 15374.4 28366.6 17661.9 36764.3 14235.2 17267.9 13983.6 13644.5 13538.4
threshold=65.500000000000014 347.50000000000006 -0.68301269412040699 980.75000000000011 0.54850912094116222 1.0000000180025095e-35 -0.75579217076301564 -21.816341400146481 0.59074103832244884 25.515000343322757 -0.76694339513778675 -0.77786767482757557 25.150000572204593 0.9159645438194276 13.650000095367433 27.500000000000004 984.25000000000011 0.89404821395874035 21.407724380493168 -0.58482360839843739 0.25000000000000011 26.500000000000004 167.50000000000003 17.001379966735843 -0.99630266427993763 -49.962715148925774 241.2630310058594 89.500000000000014 51.077610015869148 1130.3900146484377 112.8940773010254 -0.44504626095294947 -0.37447345256805414 3.5000000000000004 0.99995782971382152 45.500000000000007 35.693227767944343 0.98522606492042553
decision_type=2 2 2 2 10 2 2 8 10 2 2 2 2 2 2 2 2 2 8 2 2 2 2 10 2 8 10 2 8 2 10 2 2 2 2 2 10 2
left_child=1 2 -1 26 9 -5 7 8 -2 -4 11 12 -11 14 -12 16 -9 19 27 -6 23 36 35 -19 -17 -15 -3 29 -29 30 33 -32 -33 -8 -35 -7 -22 -24
right_child=6 3 4 5 17 22 18 15 -10 10 13 -13 -14 25 -16 24 -18 20 -20 -21 21 -23 37 -25 -26 -27 -28 28 -30 -31 31 32 -34 34 -36 -37 -38 -39
leaf_value=-0.010013927043670365 0.57379681761807366 -0.044415246039290611 0.031260089860486041 -0.020465758677080517 0.066810253265555286 0.17730149688219948 -0.0043059646797981846 0.03703810022114138 0.10245628638587935 0.1117301476719816 0.28835276890485056 1.0289143948554422 0.7494444258474624 0.18827217031733343 0.0078448492059398824 -0.094250414572985122 0.48033271147026962 -0.010667406764428764 -0.10391230028309333 -0.057018374967365712 0.37234956106387479 -0.0084458037478750674 0.036270277520317112 0.20511337802283133 -0.014580505919219019 0.093516009396302641 -0.11543343292633873 -0.048545184019295001 -0.15481265515406259 -0.11467883031806424 -0.079237272983797374 0.40387964199753729 0.024307958965004439 -0.041843866586787473 0.28509799462126972 0.053652366496497524 0.094042995233087512 -0.045523895710049174
leaf_weight=15838 146 24607 4334 15789 1819 1316 13688 1950 1044 1483 449 146 190 3512 4583 2649 238 482 4743 3855 195 2995 9575 1439 22801 3207 2923 17743 2079 1846 321 386 567 34369 146 2198 848 2249
leaf_count=15838 146 24607 4334 15789 1819 1316 13688 1950 1044 1483 449 146 190 3512 4583 2649 238 482 4743 3855 195 2995 9575 1439 22801 3207 2923 17743 2079 1846 321 386 567 34369 146 2198 848 2249
internal_value=-0.0128409 0.00695224 0.041445 -0.0197301 0.0690377 0.00877146 -0.0325048 -0.0071051 0.160289 0.096088 0.116793 0.251967 0.184158 0.0958682 0.0328748 -0.0143126 0.0852596 0.0274053 -0.0421535 -0.0173206 0.0699922 0.0314674 0.0388684 0.150972 -0.0228731 0.143045 -0.0519557 -0.0380363 -0.059691 -0.0296728 -0.0265011 0.113224 0.178051 -0.0301941 -0.0404608 0.0999597 0.146079 0.0207124
internal_weight=208748 104032 45375 58657 29537 31127 104716 28828 1190 17904 13570 1819 1673 11751 5032 27638 2188 11633 75888 5674 5959 4038 15338 1921 25450 6719 27530 71145 19822 51323 49477 1274 953 48203 34515 3514 1043 11824
internal_count=208748 104032 45375 58657 29537 31127 104716 28828 1190 17904 13570 1819 1673 11751 5032 27638 2188 11633 75888 5674 5959 4038 15338 1921 25450 6719 27530 71145 19822 51323 49477 1274 953 48203 34515 3514 1043 11824
is_linear=0
shrinkage=0.03


Tree=48
num_leaves=39
num_cat=0
split_feature=196 200 114 141 200 196 141 194 208 206 190 191 201 194 199 194 194 207 193 208 201 206 208 207 200 207 208 114 36 95 207 199 207 193 76 208 207 194
split_gain=86792.9 61631.3 64502.7 53768.4 80846.9 31230.3 30707.9 36154.9 41854.7 27670 32420.2 31234.6 25564.4 64832.5 64675.1 25391.8 24981.3 22421.7 40737.3 38108.4 20571.7 20199.8 20052 34807.2 16911 20339.9 22600.5 16774.5 16342.7 15837.4 15537 15178 15112.3 15125.4 14938.3 25858.7 15757.7 13978
threshold=5.5000000000000009 16.150000572204593 50.306463241577156 -21.816341400146481 10.150000095367433 1.0000000180025095e-35 -1.385480463504791 54.500000000000007 0.24164313822984698 0.25000000000000011 0.2451107129454613 19.000507354736332 287.50000000000006 33.500000000000007 169.50000000000003 82.500000000000014 12.500000000000002 0.99168354272842418 29.750000000000004 0.10623887926340105 522.50000000000011 -0.25000000000000006 0.25829915702342993 -0.8940606117248534 5.0499999523162851 0.94425827264785778 0.76002004742622387 -53.760877609252923 294.51072692871099 14.117944717407228 0.99983760714530956 274.50000000000006 -0.99763298034667958 6.4500000476837167 4.4483904838562021 0.9993295967578889 -0.24372956901788709 80.500000000000014
decision_type=2 2 10 8 2 2 10 2 2 2 8 10 2 2 2 2 2 2 2 2 2 2 2 2 2 2 2 8 10 10 2 2 2 2 8 2 2 2
left_child=1 2 3 4 -1 17 7 8 20 24 -11 -12 13 14 -3 21 -16 22 19 -19 -2 37 31 -24 27 26 -26 -10 -23 -17 32 -5 -9 -34 35 -35 -36 -15
right_child=6 12 -4 5 -6 -7 -8 30 9 10 11 -13 -14 15 16 29 -18 18 -20 -21 -22 28 23 -25 25 -27 -28 -29 -30 -31 -32 -33 33 34 36 -37 -38 -39
leaf_value=0.12058571940044814 0.02976217719742185 0.56175261611144511 -0.020583194409710823 -0.0049140025657248686 0.66930605176469116 -0.010021752956939946 -0.097024219731755693 -0.11736559927810557 0.30261068073228564 0.57957704906822782 0.52520685763261832 0.047799831938875735 -0.052797453190983598 0.062681380276997045 0.39732066294608692 -0.049050587320648875 0.058529521248172137 0.140013339224765 0.0040886308673026492 0.45855754877285498 -0.047684573583436342 0.0013299710346993854 0.22334693543100659 0.058481589495525448 0.089595347576479814 -0.090802141521523758 -0.030665558921125553 0.055787931435774991 -0.062823632613352595 -0.17741853301572061 0.1583866413948529 0.062560474916575182 -0.19972488367493804 -0.0069234333515570635 -0.024615449464472097 0.25211097154461481 -0.052147420879916896 0.36186714246598595
leaf_weight=1379 4336 271 16434 7717 293 7916 5878 2052 399 170 148 740 13673 1725 209 2764 3119 1110 1172 486 10714 12956 1269 12557 3668 1224 2281 654 4935 1259 368 4909 498 1829 44831 428 32110 153
leaf_count=1379 4336 271 16434 7717 293 7916 5878 2052 399 170 148 740 13673 1725 209 2764 3119 1110 1172 486 10714 12956 1269 12557 3668 1224 2281 654 4935 1259 368 4909 498 1829 44831 428 32110 153
internal_value=-0.0123564 0.00854081 0.0292323 0.0503276 0.216746 0.0428348 -0.0302729 -0.026587 0.0055303 0.0556245 0.200038 0.127373 -0.0192947 -0.00257082 0.116098 -0.0205219 0.0798069 0.0571541 0.138393 0.237016 -0.0253716 -0.00654094 0.0486531 0.0736137 0.0370503 0.0205694 0.0434842 0.149316 -0.016366 -0.0892238 -0.0361045 0.0213201 -0.0369801 -0.0349103 -0.0338739 0.0421985 -0.0361055 0.0870578
internal_weight=208634 96306 55242 38808 1672 37136 112328 106450 24334 9284 1058 888 41064 27391 3599 23792 3328 29220 2768 1596 15050 19769 26452 13826 8226 7173 5949 1053 17891 4023 82116 12626 81748 79696 79198 2257 76941 1878
internal_count=208634 96306 55242 38808 1672 37136 112328 106450 24334 9284 1058 888 41064 27391 3599 23792 3328 29220 2768 1596 15050 19769 26452 13826 8226 7173 5949 1053 17891 4023 82116 12626 81748 79696 79198 2257 76941 1878
is_linear=0
shrinkage=0.03


Tree=49
num_leaves=39
num_cat=0
split_feature=194 201 205 208 96 114 208 205 54 189 202 194 196 196 96 201 202 207 95 205 194 196 194 56 198 94 202 199 205 96 200 96 209 207 114 194 36 205
split_gain=83844.1 94449.5 68681.8 58356.5 37127.6 33073.9 44474.7 32789.9 29699.3 47844.8 32881.6 29034.9 22527.2 21099.2 28041.2 38336.8 31527 72023.2 19702 19489.3 18614.8 18003.7 17913.2 16242.3 26956.2 14425.6 14025.2 13855.4 13548.4 15193.2 13405.6 12966.1 23973.1 19183.6 16896.9 14597.3 19660.6 12818.9
threshold=65.500000000000014 347.50000000000006 -0.68301269412040699 0.2332836911082268 18.1992301940918 95.579113006591811 -0.39827153086662287 1.0000000180025095e-35 46.476041793823249 1.0066683888435366 0.50751903653144848 12.500000000000002 83.500000000000014 1.5000000000000002 11.546006679534914 47.500000000000007 0.83385404944419872 -0.92274349927902211 26.689990997314457 1.0000000180025095e-35 48.500000000000007 1.0000000180025095e-35 88.500000000000014 112.8940773010254 7.6499998569488534 16.066252708435062 0.608738273382187 107.50000000000001 -0.93301269412040699 12.68344306945801 17.750000000000004 8.6004953384399432 3.5000000000000004 0.99983760714530956 -65.088443756103501 82.500000000000014 339.59889221191412 0.68301269412040722
decision_type=2 2 2 2 10 10 2 2 8 8 2 2 2 2 10 2 2 2 10 2 2 2 2 10 2 10 2 2 2 8 2 8 2 2 8 2 10 2
left_child=1 2 28 19 13 6 21 30 11 -10 -11 -8 -13 14 15 16 23 -18 22 25 27 26 -6 -2 -25 -3 -4 -9 29 -1 -5 -15 35 34 -34 37 -37 -33
right_child=4 3 5 7 18 -7 8 20 9 10 -12 12 -14 31 -16 -17 17 -19 -20 -21 -22 -23 -24 24 -26 -27 -28 -29 -30 -31 -32 32 33 -35 -36 36 -38 -39
leaf_value=0.0098656007182672256 0.042540548222503298 -0.046035139829822255 0.10334865647146751 0.0027964844833232431 -0.074207473085392731 -0.0197577503113931 0.44255744522527352 0.24677024936532466 0.58263772546020332 0.10209918922977065 0.25388977345708236 0.036792257538686438 0.16497905010774702 -0.022864621054518398 -0.034620328912874164 -0.0055088994457280823 0.86775039920448538 0.032101239139554864 0.070949028996908678 -0.018853476289794641 0.0078119191776903152 -0.06600809587840506 -0.17509366804227045 0.32521958553445723 -0.0094034868575488366 -0.10244927151084716 -0.029248195732575647 0.075615737393023547 0.014995333369218983 -0.077635461692737703 -0.064086062098219987 -0.010951408810231076 -0.1297683891441288 0.18212024284774092 -0.058613640315885694 -0.065287818133318493 0.12947168931944608 0.093814763323585862
leaf_weight=3092 2888 12006 1709 11338 8496 3507 177 458 209 8832 1503 8691 1438 40643 12285 9478 153 236 704 14817 4409 2184 1947 531 366 6179 1238 6032 8507 4228 3539 2899 3911 265 12946 4774 517 1649
leaf_count=3092 2888 12006 1709 11338 8496 3507 177 458 209 8832 1503 8691 1438 40643 12285 9478 153 236 704 14817 4409 2184 1947 531 366 6179 1238 6032 8507 4228 3539 2899 3911 265 12946 4774 517 1649
internal_value=-0.0119503 0.00711524 0.0396612 -0.0179761 -0.0309075 0.0667193 0.0783923 0.0158476 0.0978637 0.133262 0.124174 0.0616476 0.0549909 -0.0247402 -0.00173741 0.0278529 0.103608 0.36079 -0.0826614 -0.0443938 0.0553795 -0.000730464 -0.0930169 0.0771756 0.188685 -0.0652039 0.0476462 0.0876945 -0.010752 -0.0406746 -0.0131138 -0.0335654 -0.0496965 -0.0711409 -0.0751224 -0.0123786 -0.046257 0.0270344
internal_weight=208781 104093 45315 58778 104688 29488 25981 25776 20850 10544 10335 10306 10129 93541 25937 13652 4174 389 11147 33002 10899 5131 10443 3785 897 18185 2947 6490 15827 7320 14877 67604 26961 17122 16857 9839 5291 4548
internal_count=208781 104093 45315 58778 104688 29488 25981 25776 20850 10544 10335 10306 10129 93541 25937 13652 4174 389 11147 33002 10899 5131 10443 3785 897 18185 2947 6490 15827 7320 14877 67604 26961 17122 16857 9839 5291 4548
is_linear=0
shrinkage=0.03


Tree=50
num_leaves=39
num_cat=0
split_feature=196 198 114 140 199 206 96 205 204 122 208 208 122 56 96 201 156 56 114 198 199 56 198 208 208 206 206 201 190 196 199 76 201 162 102 208 56 204
split_gain=79747.1 36733 48750.8 47355.3 101644 158739 30050 25413 29573.5 25232.5 22668.3 41975.1 30916.4 26559.3 28407.6 22475.5 53117.3 20804.6 19704.1 19849.7 18194.5 17304.1 17209 16810.8 76826.4 16379.5 15896 15246.3 14221.1 13855.7 12433.8 12431.5 12336.5 12689.4 11599.4 11994.8 11424.5 11298
threshold=5.5000000000000009 12.449999809265138 84.891036987304702 -26.666659355163571 106.50000000000001 0.68301269412040722 19.279663085937504 -0.68301269412040699 7.0000000000000009 20.70745944976807 0.11478523537516595 0.74872833490371715 35.669269561767585 33.487451553344734 8.124272823333742 27.500000000000004 4.9032161235809335 10.554031372070314 -736.34881591796864 11.650000095367433 79.500000000000014 24.075388908386234 6.8500001430511483 0.91511079668998729 0.92843842506408703 -0.25000000000000006 -0.25000000000000006 57.500000000000007 0.7315916419029237 95.500000000000014 72.500000000000014 41.37144851684571 132.50000000000003 5.4537808895111093 138.16874694824222 0.79773375391960155 22.15199184417725 13.000000000000002
decision_type=2 2 10 8 2 2 10 2 2 10 2 2 10 10 10 2 2 8 10 2 2 8 2 2 2 2 2 2 8 2 2 8 2 2 10 2 10 2
left_child=1 2 3 4 5 -1 10 23 9 17 13 12 18 28 -15 16 -10 -9 26 21 -13 -20 -17 30 -25 -4 -12 -11 36 37 -5 -27 33 -3 -33 -36 -2 -8
right_child=6 32 25 7 -6 -7 29 8 15 27 11 20 -14 14 -16 22 -18 -19 19 -21 -22 -23 -24 24 -26 31 -28 -29 -30 -31 -32 34 -34 -35 35 -37 -38 -39
leaf_value=0.015891383976909729 0.073794462648143155 0.27829541192496854 0.0082456445602057237 0.053957039508195012 0.076579811851639951 1.2336698644811532 -0.015657962634676018 0.25458743300555936 0.10001440294816839 0.16189638771711537 0.042550049393348735 0.052982309594506199 0.45920807926092971 -0.036936802226714534 -0.11210303098744609 0.078792976649438448 0.70527269989835228 -0.0091178244385558653 0.22674067864211714 -0.084038888457893771 -0.044745905814816016 0.066832205095771785 0.026335131293190202 0.59972018864648124 -0.021750190093673974 -0.021564711318521518 -0.036833039108172635 0.039500092174271133 -0.034730270377397704 -0.12320460873067071 -0.03598252779370871 -0.052351547105664739 -0.051716765586100048 -0.024931946633976791 -0.036870639661459738 -0.21081894013371691 -0.0083483595455604801 -0.088381307346326404
leaf_weight=201 1678 210 8218 1587 2505 185 3816 273 798 1241 4185 1913 151 13195 6887 10380 156 19581 691 693 16524 5135 12295 220 961 7618 4962 3497 28417 3661 10782 3649 10074 304 549 1019 16587 3875
leaf_count=201 1678 210 8218 1587 2505 185 3816 273 798 1241 4185 1913 151 13195 6887 10380 156 19581 691 693 16524 5135 12295 220 961 7618 4962 3497 28417 3661 10782 3649 10074 304 549 1019 16587 3875
internal_value=-0.0117183 0.0083149 0.0148268 0.0277365 0.146409 0.599558 -0.0288871 0.0221824 0.0323826 0.00935328 -0.0236865 -0.00384625 0.0320083 -0.0338658 -0.0627147 0.0563504 0.198994 -0.00549164 0.0278904 0.0677441 -0.0346057 0.0857987 0.0503489 -0.0141174 0.0940226 -0.0248239 -0.000513079 0.0715591 -0.0214553 -0.0751658 -0.0244428 -0.0459977 -0.0444021 0.0989568 -0.0816753 -0.149916 -0.000801868 -0.0522987
internal_weight=208673 96303 85715 64662 2891 386 112370 61771 48221 24592 101018 34254 15817 66764 20082 23629 954 19854 15666 6519 18437 5826 22675 13550 1181 21053 9147 4738 46682 11352 12369 12835 10588 514 5217 1568 18265 7691
internal_count=208673 96303 85715 64662 2891 386 112370 61771 48221 24592 101018 34254 15817 66764 20082 23629 954 19854 15666 6519 18437 5826 22675 13550 1181 21053 9147 4738 46682 11352 12369 12835 10588 514 5217 1568 18265 7691
is_linear=0
shrinkage=0.03


Tree=51
num_leaves=39
num_cat=0
split_feature=194 201 208 36 197 190 194 201 200 194 105 95 194 198 208 208 208 199 201 122 208 201 199 56 183 120 54 208 132 36 56 95 132 208 132 194 132 97
split_gain=75501.3 86761.7 52241.8 38667.2 40208.3 83119.5 36684.2 50851.7 97458.1 30267.9 26763.1 26379.3 25650.8 23969.4 24679.6 22007.1 21943.4 20509.4 20478.3 19939 19674 19491.8 20009.2 28875.8 44636.4 45311.5 20086.9 31050.9 19386.9 16578.3 15624 15616.9 15171.5 14108.2 22112.2 13485.7 12206 11542.4
threshold=65.500000000000014 347.50000000000006 0.2332836911082268 305.22901916503912 983.04998779296886 0.037032162770628936 60.500000000000007 57.500000000000007 9.8499999046325701 45.500000000000007 -43.032669067382805 16.060958862304691 89.500000000000014 11.550000190734865 0.4584775865077973 0.96177148818969738 -0.37446588277816767 321.50000000000006 292.50000000000006 28.140104293823246 -0.26037105917930597 47.500000000000007 157.50000000000003 43.587734222412116 82.824630737304702 52.435417175292976 193.29673767089847 0.56191161274909984 -30.056583404541012 241.2630310058594 117.24037551879884 10.718489646911623 -30.720323562622067 0.15738975256681445 -33.723289489746087 29.500000000000004 -86.14369964599608 8.3458781242370623
decision_type=2 2 2 10 2 8 2 2 2 2 8 10 2 2 2 2 2 2 2 8 2 2 2 10 8 10 10 2 10 10 10 8 10 2 10 2 8 2
left_child=1 3 29 4 9 -6 33 8 -8 10 16 21 37 14 28 -9 -1 -18 32 -16 31 22 23 -2 25 -25 -24 -28 -4 36 -20 -11 -5 34 -7 -30 -3 -13
right_child=11 2 13 18 5 6 7 15 -10 20 -12 12 -14 -15 19 -17 17 -19 30 -21 -22 -23 26 24 -26 -27 27 -29 35 -31 -32 -33 -34 -35 -36 -37 -38 -39
leaf_value=0.037667986183037391 -0.025009883302531354 0.080926629379668602 0.056383462124221816 -0.020331682730785006 0.81215639261171724 0.35497531949238664 0.074592994533150103 0.078809839583234273 0.7956190559438302 0.0054397250413711021 0.013575738917539725 -0.035875777009256517 -0.14773807947305351 -0.035444087418606218 -0.029896424289319316 0.36873925235170008 0.16946711915710308 0.0052606817488402976 0.033875785160678643 0.041558353472022046 0.023943678409610945 -0.029475272024375804 -0.021807552085242377 0.1690727312866038 0.076311941612733747 0.84854752621758334 0.39879424959058429 -0.015827291858514954 0.099757498385502991 -0.11056492517658924 0.38406735588556673 -0.11023204133737734 -0.1454304575282773 0.041315783329084296 -0.081307618047151808 0.30465059450833559 -0.038722231773249995 -0.11150707604270876
leaf_weight=3064 1880 788 3788 5645 146 317 366 2063 313 2088 5448 11998 2732 6423 6051 266 3907 830 319 8385 10611 71172 11783 226 1996 145 266 418 612 2911 179 2114 1032 6420 156 548 29281 2140
leaf_count=3064 1880 788 3788 5645 146 317 366 2063 313 2088 5448 11998 2732 6423 6051 266 3907 830 319 8385 10611 71172 11783 226 1996 145 266 418 612 2911 179 2114 1032 6420 156 548 29281 2140
internal_value=-0.0112448 0.00685318 -0.0171878 0.0380628 0.0500915 0.101591 0.0911126 0.178528 0.406973 0.031653 0.0645975 -0.0292244 -0.0635854 0.0147825 0.0314254 0.111925 0.10023 0.140696 -0.0258257 0.0116073 0.00218681 -0.0226287 0.00652556 0.0627642 0.132479 0.434651 -0.0126327 0.145417 0.0892451 -0.0422047 0.159753 -0.052754 -0.0396672 0.0529658 0.211085 0.196554 -0.0355866 -0.0473238
internal_weight=208827 104071 58787 45284 38109 10047 9901 3008 679 28062 13249 104756 16870 25807 19384 2329 7801 4737 7175 14436 14813 87886 16714 4247 2367 371 12467 684 4948 32980 498 4202 6677 6893 473 1160 30069 14138
internal_count=208827 104071 58787 45284 38109 10047 9901 3008 679 28062 13249 104756 16870 25807 19384 2329 7801 4737 7175 14436 14813 87886 16714 4247 2367 371 12467 684 4948 32980 498 4202 6677 6893 473 1160 30069 14138
is_linear=0
shrinkage=0.03


Tree=52
num_leaves=39
num_cat=0
split_feature=194 201 15 197 96 197 194 75 200 202 140 190 141 194 158 201 94 185 194 194 120 141 56 193 75 96 56 56 197 197 202 141 188 197 75 96 202 96
split_gain=72710.9 86025.5 52358.6 50941.2 47781.3 43227.6 45961.1 30242.4 25465.5 23517.9 223811 22894.2 21706.6 21130 20677.8 87130 20672 20448 20300.8 19880.2 16871.6 15528.9 33873.6 15253.9 15918.7 19022.3 20203.3 15077.8 19965.8 18132.6 15089.3 13643.3 13546.6 15149.5 13536.4 13086.7 13018.2 12947
threshold=75.500000000000014 337.50000000000006 188.20803070068362 980.54998779296886 13.691872119903566 982.14999389648449 45.500000000000007 91.970603942871108 14.750000000000002 0.95878320932388317 -25.305065155029293 1.0037034749984743 -1.1162073016166685 51.500000000000007 29.500000000000004 32.500000000000007 6.4581434726715097 1176.5999755859377 12.500000000000002 93.500000000000014 62.308334350585945 -3.3224073648452754 47.687040328979499 6.4500000476837167 7.2995197772979745 9.2911248207092303 112.8940773010254 103.6166343688965 987.25000000000011 988.54998779296886 -0.07845610752701758 -15.701006412506102 3.723748087882996 985.85000610351574 46.342966079711921 12.076558113098146 -0.88697704672813404 19.847640037536625
decision_type=2 2 8 2 10 2 2 10 2 2 8 8 10 2 2 2 8 10 2 2 10 10 10 2 8 8 10 8 2 2 2 10 10 2 10 10 2 8
left_child=1 2 5 37 23 6 11 9 13 14 -11 17 21 27 31 -16 -4 18 -1 34 32 -8 -23 -2 -25 26 -26 30 -29 -30 35 -7 33 -18 -6 -5 -28 -3
right_child=4 3 16 8 19 7 12 -9 -10 10 -12 -13 -14 -15 15 -17 20 -19 -20 -21 -22 22 -24 24 25 -27 36 28 29 -31 -32 -33 -34 -35 -36 -37 -38 -39
leaf_value=0.38771454387695814 -0.16937000207003056 -0.038900003337633368 0.29479654729579075 0.064114777057834541 -0.03487964595111314 0.036514764702541336 -0.003112359471202932 0.44716204759431105 -0.030182652648515863 1.2977983267932154 0.030758670523292019 -0.0084752959294042557 -0.10653733434563879 -0.017967794694449344 0.67761058877927827 0.056323381913289873 -0.054822148418362457 -0.027918619750173863 0.095640895392517522 -0.16887518959719044 -0.091717487334602082 -0.14433560961591885 0.43801220327064122 0.049372614879498566 -0.018043121433434194 -0.054841795596190325 0.28119346101197129 0.078464105442086318 0.58847187255179412 0.13387195009927069 0.082101780040055528 0.092617016995987581 0.25960615314560043 0.021731698967641898 -0.099534712175375337 -0.01183574671540477 0.047642332337277521 -0.088261122909837175
leaf_weight=220 636 29020 176 2999 5393 12405 18855 193 12444 146 892 3005 1865 7466 253 1031 4721 1225 8081 2159 3235 155 214 2707 39179 14328 304 1355 146 172 3980 5691 162 4587 6341 6397 732 5726
leaf_count=220 636 29020 176 2999 5393 12405 18855 193 12444 146 892 3005 1865 7466 253 1031 4721 1225 8081 2159 3235 155 214 2707 39179 14328 304 1355 146 172 3980 5691 162 4587 6341 6397 732 5726
internal_value=-0.0107972 0.0020319 0.0262755 -0.0213098 -0.0352506 0.0391896 0.0182181 0.0733976 0.00425819 0.0698644 0.208985 0.0637224 -0.00882032 0.0232936 0.0624129 0.178746 -0.0280951 0.0864974 0.103382 -0.0852127 -0.0325683 0.000659644 0.193396 -0.0232594 -0.0216362 -0.0251604 -0.0145854 0.0437639 0.128672 0.3426 0.0331439 0.0541584 -0.0123625 -0.0170962 -0.069819 0.012406 0.116177 -0.0470345
internal_weight=208596 136817 67112 69705 71779 54231 33620 20611 34959 20418 1038 12531 21089 22515 19380 1284 12881 9526 8301 13893 12705 19224 369 57886 57250 54543 40215 15049 1673 318 13376 18096 9470 9308 11734 9396 1036 34746
internal_count=208596 136817 67112 69705 71779 54231 33620 20611 34959 20418 1038 12531 21089 22515 19380 1284 12881 9526 8301 13893 12705 19224 369 57886 57250 54543 40215 15049 1673 318 13376 18096 9470 9308 11734 9396 1036 34746
is_linear=0
shrinkage=0.03


Tree=53
num_leaves=39
num_cat=0
split_feature=194 201 205 207 208 96 207 202 123 189 206 207 207 204 190 194 206 194 199 194 208 198 198 194 123 194 36 202 207 138 208 56 202 207 207 199 194 191
split_gain=69863.4 79001.4 51846.1 51645.4 48907.7 47196.4 41757.1 133160 56206 71718.4 28260.3 26810.8 26034.7 24830.5 24709.1 21825.9 20899.5 22755.5 40362.6 20787.1 19937 19003.8 38800.4 45498.1 18969.8 16895.4 15362.6 15160.9 13972.9 17521.7 13686.3 45341.2 46245.5 14295.6 23552.8 13896 16197.5 17531.7
threshold=76.500000000000014 337.50000000000006 -0.68301269412040699 0.91248813271522533 0.24164313822984698 13.691872119903566 -0.76694339513778675 0.96359375119209301 11.817466735839846 46.764459609985359 1.0000000180025095e-35 -0.95754238963127125 -0.50556187331676472 15.000000000000002 0.11641597747802736 12.500000000000002 1.0000000180025095e-35 40.500000000000007 74.500000000000014 58.500000000000007 -0.25206183642148966 11.34999990463257 11.050000190734865 40.500000000000007 9.9879698753356951 90.500000000000014 241.2630310058594 -0.28400452435016627 -0.75579217076301564 35.391666412353523 0.8930937945842744 111.26184844970705 -0.85260769724845875 -0.76694339513778675 -0.77786767482757557 101.50000000000001 30.500000000000004 24.282683372497562
decision_type=2 2 2 2 2 10 2 2 10 10 2 2 2 2 10 2 2 2 2 2 2 2 2 2 10 2 10 2 2 10 2 10 2 2 2 2 2 10
left_child=1 2 30 6 26 24 7 8 11 -10 -8 -4 -12 19 -14 -5 -17 18 -18 21 -19 22 27 -24 28 -7 -3 -6 29 -2 33 -32 -33 34 -1 36 37 -35
right_child=5 4 3 15 13 25 10 -9 9 -11 12 -13 14 -15 -16 16 17 20 -20 -21 -22 -23 23 -25 -26 -27 -28 -29 -30 -31 31 32 -34 35 -36 -37 -38 -39
leaf_value=0.0056129613433902516 0.0023597338589276635 -0.03585115343563107 -0.025930790152912265 0.41194340850315231 0.025449952823710084 -0.065377335436092865 0.05548157526204836 0.77074530045128187 0.90902214718533525 0.14642162667547157 -0.094458134201819713 0.079282015432729419 0.071627910785596119 -0.035909256895606298 -0.028267137195722658 0.15263998455547781 0.37460244835294904 -0.13412873325077446 0.087508797207717398 -0.035510755887331692 0.047139385817331028 -0.013266027160679889 0.094720921990172291 0.75594892762387478 -0.070265869203492815 -0.14148087703524168 -0.10533024957907709 0.095426878695798578 -0.027278188529385579 0.21034547597145331 -0.00072096756598654169 0.70549835192761046 0.032537396302722586 0.017040078952227013 0.36635683925512524 -0.060068256163297043 -0.01643515500028515 0.37670106907310552
leaf_weight=5343 14407 39516 3876 180 7653 9373 5175 238 147 453 3739 4981 2949 7689 9121 2939 485 585 4828 3849 8207 4206 239 154 6788 3647 3088 4382 34241 374 2288 178 190 291 168 9423 3008 210
leaf_count=5343 14407 39516 3876 180 7653 9373 5175 238 147 453 3739 4981 2949 7689 9121 2939 485 585 4828 3849 8207 4206 239 154 6788 3647 3088 4382 34241 374 2288 178 190 291 168 9423 3008 210
internal_value=-0.0105215 0.00166138 0.0245032 0.0417615 -0.0206079 -0.0352622 0.0184214 0.069913 0.0522747 0.333271 -0.00536862 0.0332388 -0.0252877 0.0100599 -0.00386023 0.0833343 0.0798637 0.0646994 0.113717 0.027316 0.035078 0.0418538 0.060508 0.353841 -0.0232634 -0.0866946 -0.0408871 0.050929 -0.016755 0.0076225 -0.0146798 0.0489901 0.358056 -0.0238491 0.0166107 -0.0410911 0.00986959 0.167801
internal_weight=208608 139778 69002 47903 70776 68830 30679 9695 9457 600 20984 8857 15809 28172 12070 17224 17044 14105 5313 20483 8792 16634 12428 393 55810 13020 42604 12035 49022 14781 21099 2656 368 18443 5511 12932 3509 501
internal_count=208608 139778 69002 47903 70776 68830 30679 9695 9457 600 20984 8857 15809 28172 12070 17224 17044 14105 5313 20483 8792 16634 12428 393 55810 13020 42604 12035 49022 14781 21099 2656 368 18443 5511 12932 3509 501
is_linear=0
shrinkage=0.03


Tree=54
num_leaves=39
num_cat=0
split_feature=194 205 201 208 96 53 194 16 208 208 208 162 96 206 193 199 74 123 196 208 201 206 206 96 196 199 199 101 193 201 194 123 96 178 194 200 208 194
split_gain=66299.5 77787.6 82176.8 47933.9 30588.7 37896.2 32233.8 29808.5 41858 34289 25038.6 23195.6 21549.9 24081.1 21434.3 19302.6 25688.1 18394.6 18044 17864.8 16894 17220.3 16631.7 16614.9 19822 35155.2 16207.6 15827.4 14643.9 15152 14048.8 13473.1 13291.4 12431.7 11850.4 11735.8 11721.5 16949.5
threshold=65.500000000000014 -0.68301269412040699 297.50000000000006 0.14888729155063632 9.2911248207092303 59.449333190917976 89.500000000000014 183.71279144287112 0.96177148818969738 -0.39827153086662287 -0.32613736391067499 3.2522979974746709 12.076558113098146 0.25000000000000011 20.44999980926514 215.50000000000003 13.721000194549562 4.0011955499649057 12.500000000000002 0.26659387350082403 122.50000000000001 -0.25000000000000006 0.25000000000000011 6.5406458377838144 1.5000000000000002 129.50000000000003 163.50000000000003 173.94999694824222 13.250000000000002 117.50000000000001 37.500000000000007 9.9879698753356951 13.691872119903566 73.80499649047853 60.500000000000007 11.250000000000002 0.76002004742622387 25.500000000000004
decision_type=2 2 2 2 8 10 2 10 2 2 2 2 8 2 2 2 10 8 2 2 2 2 2 10 2 2 2 8 2 2 2 10 10 2 2 2 2 2
left_child=1 12 7 -4 5 31 10 8 9 18 -6 22 19 -14 -9 16 28 -13 30 -1 21 -18 -11 -7 25 -25 34 -16 29 -12 -3 -2 -8 -30 35 -5 37 -28
right_child=4 2 3 26 6 23 32 14 -10 11 15 17 13 -15 27 -17 20 -19 -20 -21 -22 -23 -24 24 -26 -27 36 -29 33 -31 -32 -33 -34 -35 -36 -37 -38 -39
leaf_value=-0.031346424629709629 -0.014349410543768395 0.13231676916132476 -0.031984458312051267 0.12792472231396163 -0.097968854747312484 -0.014616553779025526 -0.064270307940351407 -0.043591598976391477 0.54367327793997988 0.1361881515455344 0.3651604084651825 0.04518047521200471 -0.070040277939322021 0.0036361037045785144 0.056352172318825236 -0.038085613483773678 0.16713783471002736 0.12614663589342379 -0.091483422462802416 0.041349593490490208 -0.061992028185270658 0.00297078000916468 -0.0066956537435382537 0.59349053348935932 -0.005398181429301022 0.118578751263686 -0.044561499005853301 0.43510896346480993 0.025873805708200262 0.015335372793081871 -0.0036700549415139483 -0.064823090260701544 -0.13221098657086186 0.30487208297706964 -0.040074851942523575 0.0021572857797523669 -0.016217777628343474 0.05308179598708742
leaf_weight=7128 44140 997 22257 3062 4459 1644 7162 3124 172 965 339 3214 14984 5443 315 23032 647 11787 1362 5308 3526 5171 3052 149 1113 2396 1944 145 1163 166 2176 5335 4061 164 626 854 6043 9041
leaf_count=7128 44140 997 22257 3062 4459 1644 7162 3124 172 965 339 3214 14984 5443 315 23032 647 11787 1362 5308 3526 5171 3052 149 1113 2396 1944 145 1163 166 2176 5335 4061 164 626 854 6043 9041
internal_value=-0.010245 0.00671953 0.0243543 -0.00109831 -0.0271012 -0.0116235 -0.0440949 0.0652022 0.0773842 0.0739788 -0.0311036 0.0916547 -0.0314532 -0.0504084 -0.015439 -0.0223877 0.00996337 0.1088 -0.000146922 -0.000317883 -0.0101757 0.0212275 0.0276293 0.0646006 0.100203 0.146385 0.0307715 0.17575 0.112681 0.250172 0.039059 -0.0197921 -0.0888545 0.0603566 0.0811231 0.100498 0.0173408 0.0358019
internal_weight=208666 103999 71136 43827 104667 54777 49890 27309 23725 23553 38667 19018 32863 20427 3584 34208 11176 15001 4535 12436 9344 5818 4017 5302 3658 2545 21570 460 1832 505 3173 49475 11223 1327 4542 3916 17028 10985
internal_count=208666 103999 71136 43827 104667 54777 49890 27309 23725 23553 38667 19018 32863 20427 3584 34208 11176 15001 4535 12436 9344 5818 4017 5302 3658 2545 21570 460 1832 505 3173 49475 11223 1327 4542 3916 17028 10985
is_linear=0
shrinkage=0.03


Tree=55
num_leaves=39
num_cat=0
split_feature=196 200 114 141 202 96 208 114 177 199 123 204 122 207 207 207 199 193 199 207 56 95 93 207 114 205 193 207 207 196 122 96 205 96 208 200 16 123
split_gain=62744.4 56632.7 59927.8 42716.1 126638 20841.1 21623.5 39690.1 32301.9 29979.5 28457.5 23539.2 23098.5 20017.8 26637.5 49937 26236.7 18240.9 16794.9 16440.4 15481.6 15028.1 14660 13936.8 13851.7 13367.7 21863.8 13523 12967.2 12769.9 12258.2 11824.3 11798 11579.2 10991.8 16884.1 11727.6 10895.5
threshold=2.5000000000000004 16.150000572204593 50.306463241577156 -21.816341400146481 0.96359375119209301 19.279663085937504 0.11478523537516595 129.36573791503909 2.9223519563674931 267.50000000000006 9.9879698753356951 7.0000000000000009 33.959894180297859 -0.95754238963127125 -0.8940606117248534 -0.90163370966911305 104.50000000000001 10.750000000000002 31.500000000000004 0.9731498956680299 10.554031372070314 35.72210884094239 0.88041669130325328 -0.95754238963127125 -736.34881591796864 1.0000000180025095e-35 20.849999427795414 0.94425827264785778 0.9159645438194276 95.500000000000014 39.325021743774421 7.9403381347656259 0.68301269412040722 15.602993965148928 0.9993295967578889 10.949999809265138 153.44863891601565 0.92330953478813182
decision_type=2 2 10 8 2 10 2 8 2 2 10 2 8 2 2 2 2 2 2 2 8 10 8 2 8 2 2 2 2 2 10 10 2 10 2 2 10 8
left_child=1 2 3 4 23 6 10 8 19 -10 24 -9 -13 -5 15 16 -15 -3 -19 25 -16 29 -22 -1 -2 27 -27 -8 31 -7 -4 -12 -20 37 36 -36 -14 -26
right_child=5 17 30 13 -6 21 7 11 9 -11 28 12 34 14 20 -17 -18 18 32 -21 22 -23 -24 -25 33 26 -28 -29 -30 -31 -32 -33 -34 -35 35 -37 -38 -39
leaf_value=-0.040821840781553674 0.045609649944367517 -0.11505119861492655 -0.032669402956293968 -0.012061616050384222 1.0027710619855781 -0.044847416558582161 0.038869915065745379 -0.066217678196127908 0.066667688722417739 0.65685967499384257 -0.046746033558854129 -0.059820394257137956 0.039315974002085204 0.42984592023122165 0.28490365048714322 0.581189016615272 0.045548108038113731 0.21920771236043787 -0.02642563979854266 -0.049039199688720982 0.31219793665186668 0.21491553811048739 0.043499722903961612 0.1727575016983883 -0.0077021594430252615 0.026026547103812515 0.15011592066285839 -0.081493639246035685 0.068826670229610157 -0.11192261422901975 0.031918140393266826 -0.10959357208248358 0.011561812889104843 -0.090895674473618487 0.017488702874450673 0.39181315413450768 -0.020773472148097508 -0.034727296084410143
leaf_weight=381 2658 1679 12274 4773 161 8468 4318 7913 165 146 5037 4745 6558 188 245 233 1069 276 26055 1821 184 175 26629 988 25958 2776 2368 1043 551 3658 3371 5793 10254 2267 280 177 5274 27811
leaf_count=381 2658 1679 12274 4773 161 8468 4318 7913 165 146 5037 4745 6558 188 245 233 1069 276 26055 1821 184 175 26629 988 25958 2776 2368 1043 551 3658 3371 5793 10254 2267 280 177 5274 27811
internal_value=-0.0099566 0.00916553 0.0300255 0.0519226 0.206919 -0.0241053 -0.0198785 -0.00151995 0.041796 0.343748 -0.029725 -0.0234618 -0.00359991 0.0448056 0.0543133 0.177804 0.103028 -0.0183628 -0.0139254 0.0341771 0.047513 -0.0610982 0.0453437 0.113317 -0.0213065 0.0486024 0.0831504 0.0154526 -0.0731405 -0.0650818 -0.0187528 -0.0803635 -0.0156976 -0.0244806 0.0181078 0.162474 0.0125317 -0.0216804
internal_weight=208720 88760 50496 34851 1530 119960 107659 37584 12637 311 70075 24947 17034 33321 28548 1490 1257 38264 36585 12326 27058 12301 26813 1369 58694 10505 5144 5361 11381 12126 15645 10830 36309 56036 12289 457 11832 53769
internal_count=208720 88760 50496 34851 1530 119960 107659 37584 12637 311 70075 24947 17034 33321 28548 1490 1257 38264 36585 12326 27058 12301 26813 1369 58694 10505 5144 5361 11381 12126 15645 10830 36309 56036 12289 457 11832 53769
is_linear=0
shrinkage=0.03


Tree=56
num_leaves=39
num_cat=0
split_feature=208 208 141 150 96 55 199 208 197 36 199 76 208 208 94 56 197 114 76 204 132 208 129 55 175 204 204 197 94 204 132 208 208 204 56 76 74 94
split_gain=43209.9 40646.1 58601.8 39176.6 38828.6 44660.3 36686.5 99209 172478 35080.8 33242.5 32578.2 26596.6 159978 24416.4 21154.2 20768.4 33248.1 30400.3 26290.6 18609.3 17948.1 15314 14995.4 14932.4 14776 13619.8 13451.5 12945.4 12302 12174.8 18115 16333.8 11635.7 11421.6 12292.7 11153.9 10855.5
threshold=-0.39827153086662287 0.74872833490371715 -21.069853782653805 1.4962686300277712 8.7417922019958514 82.983604431152358 106.50000000000001 0.33222858607769018 982.75000000000011 174.44202423095706 217.50000000000003 13.902046680450441 0.91511079668998729 0.92191100120544445 14.649040222167971 41.28034973144532 983.85000610351574 -672.05844116210926 9.100985527038576 11.000000000000002 -20.561147689819332 0.44312302768230444 128.31250000000003 126.16574096679689 2.8149999380111699 13.000000000000002 19.000000000000004 978.35000610351574 20.494359970092777 7.0000000000000009 -49.908151626586907 -0.41399101912975306 -0.44505782425403589 19.000000000000004 58.385360717773445 64.329555511474624 32.081386566162116 27.290690422058109
decision_type=2 2 8 2 8 10 2 2 2 10 2 8 2 2 8 10 2 8 8 2 10 2 10 10 2 2 2 2 8 2 8 2 2 2 10 10 8 10
left_child=9 2 6 15 5 -3 7 8 -2 22 11 -6 -7 -14 23 20 17 19 21 27 28 -19 -1 29 -18 34 -21 -5 -4 -12 -11 32 -32 -27 35 -17 -26 -16
right_child=1 4 3 16 10 12 -8 -9 -10 30 14 -13 13 -15 37 25 24 18 -20 26 -22 -23 -24 -25 36 33 -28 -29 -30 -31 31 -33 -34 -35 -36 -37 -38 -39
leaf_value=-0.02383500533959973 0.056621479657136133 -0.0023471964615217134 -0.023892515552480748 0.16711379915132157 0.093533996449535015 0.023641887041299974 0.076743670899854191 0.012398105277167872 1.4398538213656582 -0.096380778042661083 -0.066588079846280859 -0.021775723170516237 1.0368413289597767 0.078821560673159693 -0.086472284826085224 0.062930784321775984 0.12905318314008105 0.27935736880420764 -0.019617392904058794 -0.026558540979397326 0.19059716017818426 -0.042017031247089338 0.038767905531169017 0.18341127346251024 -0.046159522818222991 -0.044520913016643834 0.078662827288372067 0.066529616827663743 -0.088553033327040481 -0.01972712814941463 -0.047783889063966918 -0.24276244761343305 0.098204401763603608 0.023262609808225143 -0.0007976942168848825 -0.13308439249570966 0.053230099115152467 -0.25612141046053993
leaf_weight=44570 174 3234 28050 1880 3136 485 3730 444 152 8255 7715 7429 204 679 7754 7161 2182 498 17802 3465 347 228 3818 284 1128 5910 1627 3292 3094 14552 3696 356 848 3710 5904 300 10254 355
leaf_count=44570 174 3234 28050 1880 3136 485 3730 444 152 8255 7715 7429 204 679 7754 7161 2182 498 17802 3465 347 228 3818 284 1128 5910 1627 3292 3094 14552 3696 356 848 3710 5904 300 10254 355
internal_value=-0.0095969 -0.00076924 0.00983366 0.00491552 -0.0242142 0.0584358 0.115663 0.304191 0.701588 -0.0307052 -0.0334406 0.0124516 0.202128 0.300163 -0.0492544 -0.0119104 0.0265562 0.0121376 -0.011857 0.0554512 -0.0278819 0.17843 -0.0188954 -0.0332006 0.0571622 0.00997156 0.00706188 0.103092 -0.0303163 -0.0359634 -0.0741453 -0.0366851 -0.0205394 -0.0183798 0.0303787 0.055049 0.0433801 -0.0938996
internal_weight=208702 147159 101332 96832 45827 4602 4500 770 326 61543 41225 10565 1368 883 30660 54476 42356 28792 18528 10264 31491 726 48388 22551 13564 22985 5092 5172 31144 22267 13155 4900 4544 9620 13365 7461 11382 8109
internal_count=208702 147159 101332 96832 45827 4602 4500 770 326 61543 41225 10565 1368 883 30660 54476 42356 28792 18528 10264 31491 726 48388 22551 13564 22985 5092 5172 31144 22267 13155 4900 4544 9620 13365 7461 11382 8109
is_linear=0
shrinkage=0.03


Tree=57
num_leaves=39
num_cat=0
split_feature=194 205 193 189 97 189 123 207 132 207 75 207 193 205 207 197 114 193 207 207 141 189 205 193 208 207 95 194 208 196 193 205 208 191 197 207 75 194
split_gain=59902.5 71568.3 52238.4 29072.8 23558 20739.9 37252.1 24430.2 27167.7 20248.8 17730.8 17726.4 36880.7 17225 15915.3 15333.3 24296.7 14743.4 13877.4 22997.3 22889.1 20369.1 13837.4 14213.7 13767.1 13151.3 13109.7 11801.3 11559.5 11526.8 11161.9 21418.4 10644.4 9974.57 9741.22 9078.57 9174.56 10097.9
threshold=65.500000000000014 -0.68301269412040699 31.44999980926514 57.974115371704109 5.0222795009613046 1.0066683888435366 8.5695962905883807 0.92922380566596996 -39.767713546752923 0.98932364583015453 1.0000000180025095e-35 -0.76694339513778675 20.050000190734867 0.68301269412040722 -0.65234524011611927 982.64999389648449 88.968948364257827 6.4500000476837167 -0.99630266427993763 -0.75579217076301564 -25.456828117370602 35.689302444458015 0.68301269412040722 31.250000000000004 0.34840355813503271 0.94138324260711681 12.983242988586428 76.500000000000014 0.45082531869411474 1.0000000180025095e-35 19.050000190734867 -1.0000000180025095e-35 0.13185577094554904 16.809231758117679 983.75000000000011 0.99983760714530956 35.299945831298835 77.500000000000014
decision_type=2 2 2 10 2 8 8 2 8 2 10 2 2 2 2 2 8 2 2 2 8 10 2 2 2 2 8 2 2 2 2 2 2 10 2 2 8 2
left_child=1 11 3 5 17 6 -3 15 9 -9 -6 12 -1 -10 32 -7 -17 -2 -19 20 21 -20 23 34 29 -24 -13 -12 -26 -4 31 -22 -5 -27 -16 36 -21 -38
right_child=4 2 24 14 10 7 -8 8 13 -11 27 26 -14 -15 22 16 -18 18 19 35 30 -23 25 -25 28 33 -28 -29 -30 -31 -32 -33 -34 -35 -36 -37 37 -39
leaf_value=0.48372983222436411 -0.16056425730438884 0.01333347778007605 0.012916836155687774 -0.076871839108572065 0.25028188192153661 -0.004558333794728117 0.58349163662459302 0.10648590406443674 0.029037049743043677 0.26738597593157215 -0.036996980043237274 -0.014685160850393751 0.0032444969321167318 0.12749486417696612 -0.03603209400401991 0.16835813373157138 0.037708975636817264 -0.085110524296315188 0.087815759945852098 -0.018551955869114348 0.32299321685868432 0.48833833723504999 -0.0029934663523500517 0.27370620229162634 0.19701197225598799 -0.027229835435756567 -0.058069483985219078 -0.10033887246879347 -0.085706741164542438 -0.036992891663397511 -0.0043898714994606135 0.033231680609675573 0.077107944664942751 0.14047882152680452 0.011201519950713191 0.14326599869075049 -0.020485742475733981 -0.058716777069495359
leaf_weight=147 672 227 6018 442 156 5570 189 1711 4553 1196 4809 10366 6534 2465 7261 1512 8388 2817 443 40939 254 154 1819 160 470 396 15859 5889 180 13523 20698 2388 4705 1645 8565 282 11271 13869
leaf_count=147 672 227 6018 442 156 5570 189 1711 4553 1196 4809 10366 6534 2465 7261 1512 8388 2817 443 40939 254 154 1819 160 470 396 15859 5889 180 13523 20698 2388 4705 1645 8565 282 11271 13869
internal_value=-0.00937104 0.00676467 0.0237157 0.0399387 -0.0253926 0.0622705 0.27238 0.0588285 0.0955644 0.172684 -0.067235 -0.0298073 0.0138172 0.0636195 0.016876 0.03526 0.0576628 -0.0205502 -0.0195397 -0.0174941 0.00771408 0.19114 0.00468444 -0.00762491 -0.0171042 0.055663 -0.0409209 -0.0718653 0.11872 -0.0216223 0.00302225 0.0610903 0.0638847 0.107939 -0.0104693 -0.0265869 -0.0273118 -0.0415767
internal_weight=208542 103901 70995 50804 104641 25811 416 25395 9925 2907 10854 32906 6681 7018 24993 15470 9900 93787 93115 90298 23937 597 19846 15986 20191 3860 26225 10698 650 19541 23340 2642 5147 2041 15826 66361 66079 25140
internal_count=208542 103901 70995 50804 104641 25811 416 25395 9925 2907 10854 32906 6681 7018 24993 15470 9900 93787 93115 90298 23937 597 19846 15986 20191 3860 26225 10698 650 19541 23340 2642 5147 2041 15826 66361 66079 25140
is_linear=0
shrinkage=0.03


Tree=58
num_leaves=39
num_cat=0
split_feature=196 205 193 198 207 207 199 96 105 208 207 208 114 209 208 36 123 202 207 95 190 96 96 204 193 199 197 123 204 198 181 199 193 208 197 184 95 209
split_gain=55610.5 29496.6 42065 39587.5 27168.1 72953.5 266928 26497.3 22874.6 37879.2 19088.3 19074.8 19768.1 55110.6 27461.7 20469.6 18052.6 17674.4 16688.5 17226.8 16571.6 15088.1 14999.6 14011.4 13965.7 13278.7 28513.5 12893 12879.2 12086.9 10711 10686.7 24096.1 10674.1 10207.9 19477.3 9157.03 8813.58
threshold=7.5000000000000009 -0.68301269412040699 16.150000572204593 11.34999990463257 -0.95754238963127125 -0.9413962960243224 134.50000000000003 19.279663085937504 -46.760383605957024 -0.44505782425403589 -0.99763298034667958 -0.90531876683235157 129.36573791503909 10.500000000000002 0.25829915702342993 156.93760681152347 7.9624972343444833 0.30069434642791754 -0.75579217076301564 6.8006987571716317 0.47418974339962011 8.2793688774108904 11.546006679534914 7.0000000000000009 6.4500000476837167 127.50000000000001 985.35000610351574 4.0011955499649057 19.000000000000004 11.650000095367433 104.00000000000001 61.500000000000007 27.94999980926514 1.0000000180025095e-35 988.75000000000011 6.5145204067230233 6.2413086891174325 11.500000000000002
decision_type=2 2 2 2 2 2 2 10 10 2 2 2 8 2 2 10 10 2 2 8 8 10 8 2 2 2 2 10 2 2 2 2 2 2 2 8 10 2
left_child=1 22 17 4 36 6 -6 10 9 -7 33 21 13 14 15 -13 -10 18 20 -20 -3 -12 37 -21 -14 -19 -27 -8 -24 -16 -9 32 -30 -2 -26 -36 -4 -1
right_child=7 2 3 -5 5 8 27 30 16 -11 11 12 24 -15 29 -17 -18 25 19 23 -22 -23 28 -25 34 26 -28 -29 31 -31 -32 -33 -34 -35 35 -37 -38 -39
leaf_value=-0.003269443097138963 -0.043472586708225264 0.37846843971209043 0.038496417965351172 -0.029150929690694979 1.4649451208691593 -0.0038281942617218599 -0.029325615724173925 -0.043830048251439463 -0.01251995465677058 0.083773081810043712 -0.030459800421943874 0.00030855032518210714 -0.18262787968899732 0.49793602039694274 0.062474462758001656 -0.060169430994561762 0.046972380000146086 0.018979424974460705 0.17183185448804797 -0.06469038782522471 0.034401710148505377 -0.097658877272185626 -0.060266642560808263 -0.00099100713374171596 -0.031619037814158514 0.031597975051970865 0.53685315408818457 0.19509857929739474 -0.0090512451285100163 -0.062571634281356356 -0.1043831950391811 -0.01771166045010444 0.40219400483426682 -0.16844131956375127 -0.048108065246983571 0.076453823079232486 -0.041651548425850934 0.080203353266487462
leaf_weight=6961 1332 147 1793 9002 150 5980 389 6541 9422 17278 16077 27992 513 202 7388 6142 8952 1316 334 10594 881 3699 9831 4398 28056 286 155 565 423 768 4396 4982 184 1143 2164 2364 4510 1361
leaf_count=6961 1332 147 1793 9002 150 5980 389 6541 9422 17278 16077 27992 513 202 7388 6142 8952 1316 334 10594 881 3699 9831 4398 28056 286 155 565 423 768 4396 4982 184 1143 2164 2364 4510 1361
internal_value=-0.00904191 0.00711906 0.0162215 0.0286765 0.0392918 0.0478672 0.288566 -0.0238831 0.0414843 0.0612494 -0.0189327 -0.016798 -0.00993521 0.00360467 0.00124336 -0.0105737 0.0164653 -0.0236936 -0.0334076 -0.0412564 0.0836053 -0.0430291 -0.0220767 -0.0460038 -0.0273186 0.0667227 0.209191 0.103588 -0.0395942 0.0506995 -0.0681688 -0.00323151 0.115613 -0.101186 -0.0248733 0.0169237 -0.018852 0.0103819
internal_weight=208671 99894 76152 58041 49039 42736 1104 108777 41632 23258 97840 95365 75589 42492 42290 34134 18374 18111 16354 15326 1028 19776 23742 14992 33097 1757 441 954 15420 8156 10937 5589 607 2475 32584 4528 6303 8322
internal_count=208671 99894 76152 58041 49039 42736 1104 108777 41632 23258 97840 95365 75589 42492 42290 34134 18374 18111 16354 15326 1028 19776 23742 14992 33097 1757 441 954 15420 8156 10937 5589 607 2475 32584 4528 6303 8322
is_linear=0
shrinkage=0.03


Tree=59
num_leaves=39
num_cat=0
split_feature=208 208 141 202 161 96 207 207 36 202 205 123 207 132 122 205 193 184 193 82 187 192 207 16 129 114 157 208 132 132 207 207 96 207 97 208 203 16
split_gain=37441.3 35503.2 53203.1 92287.5 44721.4 36207.9 59730.2 159111 32217.2 31569.3 27693.5 25749.5 24841.6 23674.1 22329.7 21741.5 21850.7 19326.9 22742.4 18684.6 17971.3 15535.1 14618 14550.8 14247 12860 12493.6 11975.7 11529.2 11519.6 18953.2 15862.5 11473.1 13873.7 11152 10810.8 10711.6 10206.9
threshold=-0.39827153086662287 0.74872833490371715 -21.069853782653805 0.96359375119209301 64.520000457763686 8.7417922019958514 -0.37447345256805414 -0.39036798477172846 174.44202423095706 -0.52247866988182057 -0.68301269412040699 2.0729498863220219 -0.99630266427993763 -44.182651519775384 40.768062591552741 -1.0000000180025095e-35 17.44999980926514 0.7560364603996278 17.849999427795414 1.0249999761581423 9.1500000953674334 0.61059942841529857 0.94138324260711681 153.44863891601565 128.79166412353518 -6.6064984798431388 5.7500000000000009 0.78192543983459484 -31.32707595825195 -50.929798126220696 0.90892735123634349 0.89404821395874035 10.78900718688965 -0.95754238963127125 6.0363130569458017 1.0000000180025095e-35 0.86159634590148937 128.31351470947268
decision_type=2 2 8 2 2 8 2 2 10 2 2 10 2 8 8 2 2 10 2 8 10 10 2 10 10 10 2 2 8 8 2 2 10 2 2 2 2 8
left_child=8 2 3 32 12 6 7 -3 24 13 -6 17 35 -7 -11 22 28 18 -12 -15 -13 -5 -14 -21 -1 -18 -22 -25 -17 -10 31 -31 33 -2 36 -4 37 -16
right_child=1 5 4 21 10 9 -8 -9 29 14 11 20 15 19 34 16 25 -19 -20 23 26 -23 -24 27 -26 -27 -28 -29 -30 30 -32 -33 -34 -35 -36 -37 -38 -39
leaf_value=-0.021810827421840595 -0.042591055891324121 0.02270666942429414 -0.040238638018180013 0.84497501496615912 -0.013960214451112198 -0.014731170864918363 0.011789765618928753 1.0253265342032736 -0.092164588050180352 -0.041818132993110574 -0.021825653733915092 -0.026231964605593596 -0.0050471796087554659 0.17258250721161847 0.2370537543888516 0.01933099907751348 0.026614289204031135 -0.05403788576905974 0.052181750992272374 -0.037404282363641184 0.1274659601797461 0.40873582327727226 -0.058138225287579948 -0.017736603314835928 0.040468326575759231 -0.037432350166053653 0.062252347253930397 -0.11053073861572164 -0.12300607357564312 -0.044012187680359541 -0.23275747486265383 0.098238338249941673 0.0075153258373310463 0.14095919628205753 -0.052188291386283961 -0.13304346274858472 0.0054260048067383253 0.063487518279607122
leaf_weight=44829 443 489 2503 145 12026 9908 3868 201 8149 5976 5465 1614 8777 273 329 750 20418 2972 11819 5367 3609 149 9969 1448 3569 3274 9888 9234 1615 3750 399 869 1498 2268 1203 2059 3367 4168
leaf_count=44829 443 489 2503 145 12026 9908 3868 201 8149 5976 5465 1614 8777 273 329 750 20418 2972 11819 5367 3609 149 9969 1448 3569 3274 9888 9234 1615 3750 399 869 1498 2268 1203 2059 3367 4168
internal_value=-0.00889472 -0.00067318 0.00924241 0.110042 0.00455129 -0.0225811 0.0576584 0.314785 -0.0285377 -0.0314424 0.0253668 0.0387394 -0.0154327 -0.051312 0.0032035 -0.00864184 0.00908389 0.01663 0.0287814 -0.0735178 0.0683766 0.623909 -0.0332807 -0.0777041 -0.0172182 0.0177636 0.0796901 -0.0979521 -0.0778674 -0.0701449 -0.0343858 -0.0172495 0.0741473 0.110965 0.032877 -0.0821252 0.04589 0.0761862
internal_weight=208657 147092 101261 4503 96758 45831 4558 690 61565 41273 47393 35367 49365 26230 15043 44803 26057 20256 17284 16322 15111 294 18746 16049 48398 23692 13497 10682 2365 13167 5018 4619 4209 2711 9067 4562 7864 4497
internal_count=208657 147092 101261 4503 96758 45831 4558 690 61565 41273 47393 35367 49365 26230 15043 44803 26057 20256 17284 16322 15111 294 18746 16049 48398 23692 13497 10682 2365 13167 5018 4619 4209 2711 9067 4562 7864 4497
is_linear=0
shrinkage=0.03


Tree=60
num_leaves=39
num_cat=0
split_feature=194 205 208 198 96 74 198 208 141 96 123 96 206 76 194 208 198 111 202 202 208 123 193 194 76 202 59 96 41 141 55 208 194 194 206 194 158 75
split_gain=54295.6 57372.1 57166.6 42459.9 41092 36453.3 34403.2 28343 29204.9 17522.1 16689.9 16536.9 17114 15748 15555.7 17442 15596.9 15280.5 15249.7 23394.4 15137.9 13603 14313 12437 12395.2 13832.5 11835.7 11671.7 10369.4 9995.37 9815.55 9061.13 8748.32 16345.4 8733.48 8543.29 11220.7 8526.1
threshold=75.500000000000014 -0.68301269412040699 -0.39827153086662287 11.34999990463257 13.691872119903566 34.097103118896491 11.250000000000002 0.74872833490371715 -21.816341400146481 8.7417922019958514 23.985226631164554 12.723940849304201 0.25000000000000011 63.818643569946296 48.500000000000007 -0.41399101912975306 9.1500000953674334 521.72082519531261 -0.86159634590148915 -0.76037701964378346 0.13185577094554904 9.9879698753356951 6.4500000476837167 90.500000000000014 4.4483904838562021 1.0000000180025095e-35 0.61691716313362133 9.3428030014038104 148.29999542236331 -13.246156215667723 118.91580200195314 0.45082531869411474 54.500000000000007 53.500000000000007 -0.68301269412040699 49.500000000000007 14.500000000000002 10.465353012084963
decision_type=2 2 2 2 10 8 2 2 8 8 10 8 2 10 2 2 2 8 2 2 2 10 2 2 8 2 10 8 10 10 10 2 2 2 2 2 2 10
left_child=1 11 10 5 21 17 7 8 -7 -9 14 20 -13 23 15 16 -3 -4 -19 -20 -1 22 -2 28 25 -24 34 30 -6 -23 -26 -15 33 -14 -5 36 -36 -34
right_child=4 2 3 26 13 6 -8 9 -10 -11 -12 12 32 31 -16 -17 -18 18 19 -21 -22 29 24 -25 27 -27 -28 -29 -30 -31 -32 -33 37 -35 35 -37 -38 -39
leaf_value=-0.034162547187846733 -0.15362431714597141 0.082803875458849416 -0.014720963484310776 -0.02545043621372323 -0.050893213042603525 0.17517777180463015 0.38442179962224626 0.18357809439862155 0.053833735234586788 -0.036845944936153847 -0.097310499226798325 -0.063912797102392976 0.011306422786259807 -0.2067853708462091 -0.036774177474738122 -0.16357080728953333 -0.015938899139711159 -0.047337982339241039 0.28200495084943528 0.04949277154386475 0.018282054741227485 -0.03284803590435189 -0.010332821580624872 -0.114900953254259 -0.0081625581719975918 0.16321153989904369 -0.074243003418059492 -0.040625575851549585 0.13891726597130388 -0.1094678307026745 0.099934580100296211 -0.071100728785146422 0.17151174147659171 0.32883800783276124 0.057151429763872066 0.0019350520619190016 0.31009551085606496 -0.065435019335491465
leaf_weight=9871 644 2969 12872 7242 8670 1878 281 352 36084 4164 2717 14525 3632 1189 12724 428 2795 1169 441 3332 9943 4720 902 3107 36484 763 2803 11389 267 2269 772 706 146 152 1012 3016 187 2138
leaf_count=9871 644 2969 12872 7242 8670 1878 281 352 36084 4164 2717 14525 3632 1189 12724 428 2795 1169 441 3332 9943 4720 902 3107 36484 763 2803 11389 267 2269 772 706 146 152 1012 3016 187 2138
internal_value=-0.00848779 0.00259977 0.0151703 0.0275873 -0.0296 0.0385517 0.0535734 0.0513846 0.0598367 -0.0196645 -0.0277827 -0.0274106 -0.0462361 -0.0758461 -0.017796 0.0212024 0.0349229 0.00249522 0.0473367 0.0766703 -0.00784494 -0.0184749 -0.0130914 -0.0631975 -0.0112925 0.0691956 -0.0189867 -0.0140474 -0.0452223 -0.0577231 -0.00592259 -0.156236 -0.00392315 0.0240623 -0.00546796 0.0288648 0.0966039 -0.0502879
internal_weight=208755 136873 96466 74833 71882 60573 42759 42478 37962 4516 21633 40407 20593 13939 18916 6192 5764 17814 4942 3773 19814 57943 50954 12044 50310 1665 14260 48645 8937 6989 37256 1895 6068 3784 11457 4215 1199 2284
internal_count=208755 136873 96466 74833 71882 60573 42759 42478 37962 4516 21633 40407 20593 13939 18916 6192 5764 17814 4942 3773 19814 57943 50954 12044 50310 1665 14260 48645 8937 6989 37256 1895 6068 3784 11457 4215 1199 2284
is_linear=0
shrinkage=0.03


Tree=61
num_leaves=39
num_cat=0
split_feature=198 207 102 205 179 114 207 201 200 209 96 132 201 207 207 161 97 156 201 200 99 207 96 96 203 55 36 16 141 207 203 132 96 197 201 75 75 197
split_gain=35864.4 32589.1 43834.9 37405 35766.9 38220.6 68460.4 77758.7 147759 29578.2 27354.6 33157.5 30067 41138.7 40903.6 23225.2 22647.8 23886.2 35144.4 21192.3 15437.5 13182.1 12982.5 12541.4 13551.8 20301.9 11720.4 11403.6 11337.2 10893.3 13568 10192.7 10133.9 10024.7 9277.17 8819.55 8379.25 11686.2
threshold=12.550000190734865 0.89017060399055492 122.90208435058595 -0.68301269412040699 1.0000000180025095e-35 60.008380889892585 -0.95754238963127125 57.500000000000007 10.250000000000002 9.5000000000000018 11.546006679534914 -33.541145324707024 292.50000000000006 0.98802474141120922 0.99274429678916942 38.659999847412116 12.304234981536867 5.6077563762664804 32.500000000000007 23.44999980926514 0.7560621201992036 -0.37447345256805414 17.662994384765629 14.488408565521242 -0.47714059054851526 72.719776153564467 136.97824859619143 100.43324661254884 -10.221179962158201 0.93544191122055065 0.6755644977092744 -80.84594345092772 5.5913140773773202 977.14999389648449 1402.5000000000002 20.509945869445804 88.587516784667983 982.14999389648449
decision_type=2 2 10 2 2 8 2 2 2 2 8 8 2 2 2 2 2 2 2 2 2 2 10 8 2 10 10 10 10 2 2 8 10 2 2 8 10 2
left_child=1 2 4 29 9 6 32 8 -8 -1 -5 12 13 19 -15 31 17 20 -19 -12 -7 -18 -9 36 25 -25 -26 -2 -17 30 -3 -4 -6 -14 -35 -29 -13 -38
right_child=27 3 15 10 5 16 7 22 -10 -11 11 23 33 14 -16 28 21 18 -20 -21 -22 -23 -24 24 26 -27 -28 35 -30 -31 -32 -33 -34 34 -36 -37 37 -39
leaf_value=-0.014662165003507701 -0.054573324925866487 -0.0053447819498272965 0.083475101663227996 0.16066199729685299 0.037394043981604563 0.0029953880793313148 0.17126290398954758 0.10599917750628224 0.92501997304676298 -0.16015107854845984 0.05108962363267789 0.028354059830440568 -0.083865890697544729 0.45060183173789564 0.13650726539795557 -0.055223389847751957 -0.047558430659814736 0.58125622008023436 0.077381420857494096 0.3409392138039799 0.17246437061302058 -0.21349171056896921 -0.045039416490165761 0.025373636742531638 -0.093480883315807561 0.37435587738502912 -0.014126268523936635 -0.072274118651559111 -0.11440091527255879 -0.048980940262002823 0.20115528252385925 -0.022006377052302961 -0.046808786080586848 0.067652940392121524 -0.022350764045063389 0.019028403058704384 0.060218872517911907 0.36874306481626384
leaf_weight=68918 17977 1760 924 1493 2529 37998 975 2597 308 1281 7608 3244 992 486 1607 9324 1903 150 735 234 490 557 638 1884 2155 163 7522 1268 4238 7535 342 7654 2618 2048 2075 3823 343 163
leaf_count=68918 17977 1760 924 1493 2529 37998 975 2597 308 1281 7608 3244 992 486 1607 9324 1903 150 735 234 490 557 638 1884 2155 163 7522 1268 4238 7535 342 7654 2618 2048 2075 3823 343 163
internal_value=-0.00807125 -0.0036841 -0.010451 0.0196829 -0.00338708 0.0156015 0.0693706 0.154591 0.352217 -0.0173171 0.0352798 0.029147 0.0608517 0.0912772 0.209443 -0.0492792 0.00317876 0.00869629 0.16279 0.059739 0.00515299 -0.0851303 0.0762115 -0.00168901 -0.0169637 0.0531644 -0.0317981 -0.0433485 -0.0737159 -0.0321346 0.0282538 -0.0106441 -0.0054353 0.00175548 0.0223563 -0.00371206 0.0460654 0.159611
internal_weight=208559 185491 143837 41654 121697 51498 9665 4518 1283 70199 32017 30524 15050 9935 2093 22140 41833 39373 885 7842 38488 2460 3235 15474 11724 2047 9677 23068 13562 9637 2102 8578 5147 5115 4123 5091 3750 506
internal_count=208559 185491 143837 41654 121697 51498 9665 4518 1283 70199 32017 30524 15050 9935 2093 22140 41833 39373 885 7842 38488 2460 3235 15474 11724 2047 9677 23068 13562 9637 2102 8578 5147 5115 4123 5091 3750 506
is_linear=0
shrinkage=0.03


Tree=62
num_leaves=39
num_cat=0
split_feature=194 201 15 208 96 208 207 207 199 206 206 36 95 138 201 204 194 194 208 194 207 132 132 95 94 193 76 96 199 200 36 199 169 76 132 197 197 96
split_gain=49170.6 60881.3 38381.5 38047.8 37401.5 35762.9 31208.4 29800.7 198618 30439.8 34511.1 19117.9 18554.1 18869.6 30714.2 18131.6 17765.3 16212.7 15506.5 15036.7 13662.1 12747.9 12691.1 12346.1 13329.6 11674.4 13690.7 13970.1 12538.8 11301.7 11221.9 11037.6 10732.2 10335 9806.57 9786.76 11420.3 9112.25
threshold=75.500000000000014 337.50000000000006 188.20803070068362 -0.44505782425403589 13.691872119903566 0.24164313822984698 -0.96235975623130787 -0.9413962960243224 110.50000000000001 -0.25000000000000006 1.0000000180025095e-35 172.89971160888675 8.1416134834289569 28.983333587646488 52.500000000000007 15.000000000000002 48.500000000000007 25.500000000000004 0.44312302768230444 93.500000000000014 0.42179998755455023 -30.056583404541012 -26.380554199218746 35.72210884094239 27.290690422058109 6.4500000476837167 7.9195461273193368 9.2911248207092303 188.50000000000003 11.150000095367433 244.22681427001956 271.50000000000006 16.270000457763675 58.94909858703614 -86.14369964599608 985.85000610351574 986.04998779296886 10.78900718688965
decision_type=2 2 8 2 10 2 2 2 2 2 2 10 8 8 2 2 2 2 2 2 2 10 10 10 8 2 8 8 2 2 10 2 2 10 8 2 2 8
left_child=1 2 3 11 25 30 -5 8 -8 20 -11 -1 -4 14 -14 16 17 -7 21 23 -9 -19 35 24 33 -2 28 32 -27 -10 34 -18 -28 -6 -3 -15 -37 -20
right_child=4 5 12 6 19 15 7 9 29 10 -12 -13 13 22 -16 -17 31 18 37 -21 -22 -23 -24 -25 -26 26 27 -29 -30 -31 -32 -33 -34 -35 -36 36 -38 -39
leaf_value=0.010794679070821831 -0.14620466855267958 0.070962650934130414 0.23611268409143027 -0.023209426258110184 -0.038473283247034036 -0.043008498313295923 1.1799570302249545 0.053751231470731679 0.13337882155067882 -0.036294473121814615 0.049546997020176675 -0.085469159933286354 0.49746467280670958 -0.057661188891839403 0.027941051423721785 -0.03008668540867919 0.0327898001297686 0.085728992143728505 0.10292107328510895 -0.14465272414164185 0.14272566928046584 0.23896262683429181 -0.12194053784610628 0.21077723200326318 -0.21204407290703536 0.13252199351931429 -0.012114291181764611 -0.044419105935118018 -0.0074462523549627497 -0.044244713195841279 -0.092914707430085758 -0.040325853442908455 0.10125196836560707 -0.10526924115193133 -0.032667273987882467 0.2501045067789725 -0.0066019080730509994 0.02204088480926664
leaf_weight=4689 626 840 243 5423 8265 1606 161 2564 851 4961 28034 3074 146 4948 888 7670 3061 2306 1552 2173 3940 620 1468 151 511 1044 39842 14341 1285 519 2771 4729 766 2788 38000 161 4985 6522
leaf_count=4689 626 840 243 5423 8265 1606 161 2564 851 4961 28034 3074 146 4948 888 7670 3061 2306 1552 2173 3940 620 1468 151 511 1044 39842 14341 1285 519 2771 4729 766 2788 38000 161 4985 6522
internal_value=-0.00785386 0.00270213 0.0231081 0.0341532 -0.0279584 -0.016936 0.044427 0.0533666 0.18323 0.0483329 0.0366402 -0.027324 -0.0235325 -0.0285418 0.0942417 0.00923423 0.024021 0.0460308 0.0590306 -0.0721726 0.10765 0.118199 -0.0395225 -0.0587282 -0.0622475 -0.0173538 -0.0159455 -0.0189651 0.0552962 0.0660892 -0.0345874 -0.0115958 -0.0099758 -0.055322 -0.030426 -0.0275361 0.00142989 0.037588
internal_weight=208524 136732 67055 54216 71792 69677 46453 41030 1531 39499 32995 7763 12839 12596 1034 28066 20396 12606 11000 13888 6504 2926 11562 11715 11564 57904 57278 54949 2329 1370 41611 7790 40608 11053 38840 10094 5146 8074
internal_count=208524 136732 67055 54216 71792 69677 46453 41030 1531 39499 32995 7763 12839 12596 1034 28066 20396 12606 11000 13888 6504 2926 11562 11715 11564 57904 57278 54949 2329 1370 41611 7790 40608 11053 38840 10094 5146 8074
is_linear=0
shrinkage=0.03


Tree=63
num_leaves=39
num_cat=0
split_feature=194 198 197 138 96 207 207 207 190 123 198 194 59 207 203 200 95 54 200 207 97 96 207 207 138 202 209 207 190 197 194 207 96 96 207 207 194 181
split_gain=48680.3 40087 31978 29165.1 25813.9 21393.3 32103.1 120539 120867 31827.7 29209.3 67654.5 19509.9 19212.7 18164 18300.4 14252.5 12656.7 17817.2 26533.5 12280 12067.5 11024.5 15556.4 19441.1 43496.9 10848 10458.6 10574.4 12358.2 10145.1 8365.92 8126.29 8080.03 7753.36 7643.58 7421.46 7377.54
threshold=65.500000000000014 11.34999990463257 975.75000000000011 52.768751144409187 18.427560806274418 -0.96235975623130787 -0.76694339513778675 -0.77786767482757557 0.58457067608833324 7.9624972343444833 11.250000000000002 36.500000000000007 0.61691716313362133 -0.75579217076301564 0.1650413200259209 21.44999980926514 26.689990997314457 193.29673767089847 12.650000095367433 -0.82415616512298573 5.1704685688018808 9.6077332496643084 -0.99630266427993763 -0.75579217076301564 35.391666412353523 0.84335932135581981 2.5000000000000004 0.31799963116645819 0.21185483038425448 973.85000610351574 88.500000000000014 0.3744682669639588 9.4925966262817401 7.46480417251587 0.99983760714530956 -0.99763298034667958 87.500000000000014 100.00000000000001
decision_type=2 2 2 10 10 2 2 2 8 10 2 2 10 2 2 2 10 10 2 2 2 10 2 2 10 2 2 2 8 2 2 2 10 10 2 2 2 2
left_child=1 2 14 5 17 35 7 9 -9 -7 13 -12 26 -8 21 27 30 20 19 -19 22 31 33 24 -24 -26 -3 -16 -29 -30 37 -1 -22 -2 -25 -4 -34 -6
right_child=4 12 3 -5 16 6 10 8 -10 -11 11 -13 -14 -15 15 -17 -18 18 -20 -21 32 -23 23 34 25 -27 -28 28 29 -31 -32 -33 36 -35 -36 -37 -38 -39
leaf_value=-0.034810380603011018 -0.0067587446192047766 0.049559987402872555 -0.11931434899852074 -0.055008656577528542 -0.036795676455635133 0.033523112231648611 -0.16265015787109105 1.289774743725741 0.17023497130330414 0.16683515889917203 -0.029871180708482784 0.78359896199642565 -0.079894436297469507 0.02521831017804467 -0.035756162280939585 0.26202856737313845 0.062479734340631685 0.46805584430904351 0.0004019658407815916 0.007344605622333294 0.059069181437157434 -0.084776067241686862 0.0016172224829509281 -0.022064881941782289 0.04638989002882174 0.54612410936382993 -0.022737099072748734 0.18405610079943766 0.09004047295867515 -0.038761086597435643 -0.13893273335941664 0.066568657457668337 -0.050025340870758661 -0.11236709397625551 0.13314970086869177 -0.014940326583172153 -0.12964588822501186 -0.094634636150991339
leaf_weight=4099 1023 2139 757 3830 4679 6933 495 146 214 2100 238 150 5229 47619 2764 264 719 215 1016 236 490 4416 20018 61790 943 188 14737 422 1279 1409 1864 892 4677 1798 291 3808 1360 3447
leaf_count=4099 1023 2139 757 3830 4679 6933 495 146 214 2100 238 150 5229 47619 2764 264 719 215 1016 236 490 4416 20018 61790 943 188 14737 422 1279 1409 1864 892 4677 1798 291 3808 1360 3447
internal_value=-0.00796052 0.00658525 0.0162682 0.0253495 -0.0223933 0.030277 0.0352072 0.0859707 0.624293 0.0645158 0.0253762 0.284625 -0.029262 0.0232855 -0.0224581 0.017688 -0.0665255 -0.0173679 0.0700602 0.22698 -0.0187533 -0.0486531 -0.0157441 -0.0137672 0.00845415 0.129462 -0.0135735 0.0067059 0.044444 0.022525 -0.0758104 -0.0166916 -0.0584256 -0.0740698 -0.0213373 -0.0322486 -0.0679623 -0.0613307
internal_weight=208694 103940 81835 66290 104754 62460 57895 9393 360 9033 48502 388 22105 48114 15545 6138 10709 94045 1467 451 92578 9407 86051 83230 21149 1131 16876 5874 3110 2688 9990 4991 6527 2821 62081 4565 6037 8126
internal_count=208694 103940 81835 66290 104754 62460 57895 9393 360 9033 48502 388 22105 48114 15545 6138 10709 94045 1467 451 92578 9407 86051 83230 21149 1131 16876 5874 3110 2688 9990 4991 6527 2821 62081 4565 6037 8126
is_linear=0
shrinkage=0.03


Tree=64
num_leaves=39
num_cat=0
split_feature=194 201 204 16 189 55 96 201 189 164 76 164 194 96 199 96 198 194 198 207 138 202 201 202 204 199 204 85 56 207 207 209 98 207 194 207 75 207
split_gain=44246.4 53902.7 29334.5 26251 24774.1 36185.9 24284.5 21439.2 21076.2 19053.1 16528.1 15762.6 15121.8 13948.5 13389.6 13105.3 12806.1 15176.7 18334.5 11783.1 21202.3 43329 16288.4 21727.7 13828.1 20748.1 10862.1 18641.9 14488.8 37658 31150.3 12365.2 11743.5 10934.3 10788.9 10774.9 10576.5 10436.1
threshold=65.500000000000014 347.50000000000006 13.000000000000002 195.36802673339847 1.0066683888435366 54.259969711303718 18.427560806274418 292.50000000000006 57.024442672729499 8.5000000000000018 7.9195461273193368 131.50000000000003 51.500000000000007 28.004061698913578 271.50000000000006 12.991073608398439 11.34999990463257 48.500000000000007 11.250000000000002 -0.75579217076301564 35.391666412353523 0.84335932135581981 27.500000000000004 -0.99353402853012074 1.0000000180025095e-35 281.50000000000006 7.0000000000000009 23.062500000000004 111.26184844970705 -0.39036798477172846 -0.35846811532974238 3.5000000000000004 -13.946000099182127 0.99983760714530956 88.500000000000014 -0.99630266427993763 37.221294403076179 0.97508442401885997
decision_type=2 2 2 10 8 10 10 2 10 2 8 2 2 10 2 10 2 2 2 2 10 2 2 2 2 2 2 8 10 2 2 2 2 2 2 2 8 2
left_child=1 3 16 4 5 -1 19 -5 9 -6 -11 -12 -9 34 37 -4 17 18 -3 20 22 -22 23 -2 25 -25 27 33 31 -30 -31 -28 -29 -21 -8 -24 -33 -10
right_child=6 2 15 7 8 -7 13 12 14 10 11 -13 -14 -15 -16 -17 -18 -19 -20 26 21 -23 35 24 -26 -27 28 32 29 30 -32 36 -34 -35 -36 -37 -38 -39
leaf_value=0.028690615974709226 0.40927796330636679 0.040686580210373871 -0.012794668711760692 -0.042918556785114755 0.01248136413031138 0.58442649756594645 -0.055838762406585057 0.37460796937161783 -0.038299684505070555 0.32003464520130143 0.077718587681457327 -0.010912343955574643 0.012667001450399786 0.13440885206205164 0.036099695242354637 -0.050937680327855235 -0.022588401527233098 -0.010449049857539956 0.36504782696635241 -0.028493856658298733 0.043050605264345627 0.52821223492187885 -0.069366387805291058 -0.013312551119329757 0.0080344289127552149 0.46100657943403395 0.014472540512730345 -0.34254228838829426 -0.025585511153080082 0.62030414803248124 0.069741924085504517 -0.016528867311751863 -0.0825378646949224 0.15424448205824892 -0.13550805999428278 -0.0050542247831193658 -0.064774748006768731 0.064825782916232283
leaf_weight=247 163 11493 16235 5611 7109 184 8533 193 5733 236 15334 2047 225 309 7323 16193 7396 7133 159 26499 989 199 2646 167 1468 165 9200 162 778 183 187 20787 4472 298 1864 20584 5091 1044
leaf_count=247 163 11493 16235 5611 7109 184 8533 193 5733 236 15334 2047 225 309 7323 16193 7396 7133 159 26499 989 199 2646 167 1468 165 9200 162 778 183 187 20787 4472 298 1864 20584 5091 1044
internal_value=-0.00764816 0.00622354 -0.012771 0.0308062 0.0397573 0.265951 -0.0214074 -0.0274776 0.0372463 0.0539376 0.0706664 0.0672803 0.179789 -0.0642188 0.00797621 -0.0318415 0.0108498 0.0240151 0.045113 -0.0165334 0.00047286 0.124323 -0.00536745 0.0776146 0.0475785 0.222424 -0.0231646 -0.0360694 -0.0119679 0.092907 0.342057 -0.0154002 -0.0916281 -0.0264616 -0.0701222 -0.0123797 -0.0260204 -0.022413
internal_weight=208639 103895 58609 45286 39257 431 104744 6029 38826 24726 17617 17381 418 10706 14100 32428 26181 18785 11652 94038 26381 1188 25193 1963 1800 332 67657 31431 36226 1148 370 35078 4634 26797 10397 23230 25878 6777
internal_count=208639 103895 58609 45286 39257 431 104744 6029 38826 24726 17617 17381 418 10706 14100 32428 26181 18785 11652 94038 26381 1188 25193 1963 1800 332 67657 31431 36226 1148 370 35078 4634 26797 10397 23230 25878 6777
is_linear=0
shrinkage=0.03


Tree=65
num_leaves=39
num_cat=0
split_feature=196 200 96 123 207 199 207 102 208 207 199 96 209 207 56 207 208 56 207 205 207 96 201 141 199 199 208 187 200 149 199 59 206 15 190 199 197 205
split_gain=43128.5 41246.9 22261.5 21586.9 19089 41413.4 22311.9 19118.9 18922.9 75030.6 161418 24621 15820.4 16232.9 15607.4 14499.7 43705.8 17798.3 15442.8 14310.4 13628.9 13335 12698 29801.5 40696.8 18441.2 22225.7 21792.3 12124.9 12095.9 11913.2 11758.9 11542.5 11355.8 9885.92 8745 21993.8 46038.5
threshold=7.5000000000000009 16.150000572204593 19.279663085937504 2.9009668827056889 0.99168354272842418 198.50000000000003 0.99274429678916942 130.01249694824222 0.274878740310669 -0.9413962960243224 134.50000000000003 10.352485656738283 3.5000000000000004 0.99995782971382152 10.554031372070314 -0.24372956901788709 0.96177148818969738 25.758779525756839 -0.99763298034667958 0.68301269412040722 0.89787620306015026 12.951781272888185 267.50000000000006 -3.6748160123825069 66.500000000000014 270.50000000000006 -0.34234976768493647 44.734985351562507 16.050000190734867 9.6699995994567889 109.50000000000001 0.43183587491512304 -0.25000000000000006 184.3379821777344 0.76392653584480297 269.50000000000006 979.35000610351574 0.25000000000000011
decision_type=2 2 10 8 2 2 2 10 2 2 2 8 2 2 8 2 2 10 2 2 2 10 2 10 2 2 2 10 2 2 2 10 2 8 8 2 2 2
left_child=1 3 12 20 7 6 -6 8 14 10 -10 -11 29 15 -5 16 18 34 -14 -7 -1 -22 23 32 -25 31 27 -27 -20 35 -8 -26 -3 -34 -17 -2 37 -37
right_child=2 22 -4 4 5 19 30 -9 9 11 -12 -13 13 -15 -16 17 -18 -19 28 -21 21 -23 -24 24 25 26 -28 -29 -30 -31 -32 -33 33 -35 -36 36 -38 -39
leaf_value=-0.023721189908109865 0.021351296091906672 0.051951899740963495 -0.061178246673690408 0.26347764997693252 0.53873431738200594 -0.029097547041729968 0.071854007088036118 -0.020677559544206397 1.1723412880977053 0.10811054087617089 0.13954105061526084 0.026207101726696463 -0.088189450620101875 0.20275886044793442 0.0025125079032451499 0.075845278873250724 0.41470912543806715 -0.052225538420682248 -0.0018149313639116765 0.14169691120823288 0.11169257338839945 -0.0025693370961983818 -0.037526871651037338 0.56617423572846193 0.034224210718355137 0.15944416272773032 0.045328893444983115 0.57059756597024658 -0.036260306475726492 0.061613416366891445 0.35157776095810495 -0.15019979000577116 -0.010624548114592678 -0.062444499912778062 -0.015370712618869693 -0.027689441161609155 -0.034212255395754301 0.54414518210202867
leaf_weight=11401 7670 2031 10881 210 235 1173 323 5893 163 4110 828 16829 2461 288 11541 1405 214 22382 34167 708 1493 2392 15275 145 808 565 1772 146 12585 3171 238 506 16009 4993 4476 393 8557 187
leaf_count=11401 7670 2031 10881 210 235 1173 323 5893 163 4110 828 16829 2461 288 11541 1405 214 22382 34167 708 1493 2392 15275 145 808 565 1772 146 12585 3171 238 506 16009 4993 4476 393 8557 187
internal_value=-0.00740833 0.006837 -0.0204691 0.023365 0.0344178 0.111949 0.293334 0.0291731 0.0378953 0.0543557 0.309426 0.0422835 -0.0159471 -0.0220496 0.00717641 -0.022883 -0.0130825 -0.0400222 -0.0149429 0.0351889 -0.00718522 0.0413414 -0.0156712 -0.00329502 0.0729263 0.0540886 0.102184 0.243879 -0.0110872 0.0078719 0.190529 -0.0367947 -0.01634 -0.0229442 0.00642126 -0.0022676 -0.0220944 0.156683
internal_weight=208624 99787 108837 57537 42251 2677 796 39574 33681 21930 991 20939 97956 77978 11751 77690 49427 28263 49213 1881 15286 3885 42250 26975 3942 3797 2483 711 46752 19978 561 1314 23033 21002 5881 16807 9137 580
internal_count=208624 99787 108837 57537 42251 2677 796 39574 33681 21930 991 20939 97956 77978 11751 77690 49427 28263 49213 1881 15286 3885 42250 26975 3942 3797 2483 711 46752 19978 561 1314 23033 21002 5881 16807 9137 580
is_linear=0
shrinkage=0.03


Tree=66
num_leaves=39
num_cat=0
split_feature=196 200 105 141 202 196 96 56 74 163 209 36 122 149 197 122 96 56 199 95 96 138 170 189 199 36 197 56 113 199 141 209 189 196 197 199 205 206
split_gain=39282.9 37372.2 28206.2 26752.8 96099.2 21086.8 19260.4 15385.2 14274.3 22806.1 13032.4 12716.6 12464.1 12113.6 12066.8 10874.4 12911.5 10620.3 25891.1 10035.9 9197.55 12153.9 10642.9 19119.3 12252.8 11279.3 23878.1 9977.12 9524.22 9189.33 29347.4 8746.37 12838 8146.45 8085.54 26132.3 38946.9 10753.8
threshold=7.5000000000000009 16.150000572204593 13.710419178009035 -21.069853782653805 0.96359375119209301 1.0000000180025095e-35 19.739416122436527 10.554031372070314 14.485268115997316 180.11499786376956 3.5000000000000004 339.59889221191412 33.085754394531257 9.115000247955324 989.54998779296886 9.5118126869201678 9.1117849349975604 81.78412246704103 306.50000000000006 35.72210884094239 8.7824015617370623 35.391666412353523 2.4050000905990605 3.6065984964370732 34.500000000000007 254.09864044189456 988.95001220703136 26.043302536010746 -24.441666603088375 54.500000000000007 -4.0785572528839102 4.5000000000000009 36.013441085815437 40.500000000000007 979.35000610351574 298.50000000000006 0.25000000000000011 -0.25000000000000006
decision_type=2 2 10 8 2 2 10 8 8 2 2 10 10 2 2 10 10 10 2 10 8 10 2 8 2 8 2 10 10 2 10 2 8 2 2 2 2 2
left_child=1 2 3 4 -1 7 10 -5 9 -9 11 13 -4 34 -13 16 -3 18 -14 -8 21 -12 24 -24 31 26 -25 -26 -29 30 -17 32 -22 -16 35 -2 -37 -36
right_child=6 15 12 5 -6 -7 19 8 -10 -11 20 14 17 -15 33 29 -18 -19 -20 -21 22 -23 23 25 27 -27 -28 28 -30 -31 -32 -33 -34 -35 37 36 -38 -39
leaf_value=0.08338085016433977 -0.010669842165213914 0.01112051350398338 -0.025498562685245311 0.30010545402923561 0.89228904320427915 -0.0066240823180896604 -0.066378617788186239 0.038400878513012958 0.035365339306575878 0.21539883948481314 -0.014362696450598908 0.032861881051538339 0.055675916451078139 0.05373216892963685 0.4190929288712314 -0.10712386657492949 -0.038380412782879424 0.0068530066375745444 0.48086486560952751 0.17717186863819898 0.31930866845644873 0.16357616244165682 0.27986754339185405 -0.00074242127385316784 -0.019577577835203891 -0.043196123847749429 0.242443208319054 -0.08470373525051364 -0.032639423383181966 0.0012711344284673663 0.44676998142710944 -0.023442010592343483 0.029120735289468288 0.12337708672277702 0.0095029700761500528 0.027206818460643028 0.63847807410555424 -0.041023099667262475
leaf_weight=1494 1389 6209 12475 210 145 9862 8623 1685 25497 1072 47440 612 998 3195 152 180 20076 3948 148 155 200 348 203 3873 5850 5385 401 8950 4890 15745 165 950 437 187 7220 240 154 7983
leaf_count=1494 1389 6209 12475 210 145 9862 8623 1685 25497 1072 47440 612 998 3195 152 180 20076 3948 148 155 200 348 203 3873 5850 5385 401 8950 4890 15745 165 950 437 187 7220 240 154 7983
internal_value=-0.00700052 0.0065826 0.0223292 0.0362564 0.154949 0.0311805 -0.0194694 0.0442788 0.0423772 0.107223 -0.0157314 0.00519267 -0.00935171 0.000140721 0.112398 -0.0147971 -0.0266874 0.0301912 0.110591 -0.0620778 -0.0213337 -0.0130669 -0.0340205 -0.00825885 -0.0459611 -0.0143146 0.0220744 -0.0524244 -0.0663082 0.00462722 0.157786 0.0342283 0.120236 0.255978 -0.00993962 0.0504994 0.266141 -0.0170279
internal_weight=208746 99909 57534 39965 1639 38326 108837 28464 28254 2757 100059 21132 17569 20181 951 42375 26285 5094 1146 8778 78927 47788 31139 9862 21277 9659 4274 19690 13840 16090 345 1587 637 339 16986 1783 394 15203
internal_count=208746 99909 57534 39965 1639 38326 108837 28464 28254 2757 100059 21132 17569 20181 951 42375 26285 5094 1146 8778 78927 47788 31139 9862 21277 9659 4274 19690 13840 16090 345 1587 637 339 16986 1783 394 15203
is_linear=0
shrinkage=0.03


Tree=67
num_leaves=39
num_cat=0
split_feature=176 207 123 202 207 114 202 201 75 95 207 123 114 206 197 102 201 207 207 204 114 204 95 16 202 207 206 207 207 191 85 102 207 180 54 54 207 193
split_gain=22810 34351.1 54942 108700 28405.1 62392.3 69185 28704.4 67744.7 26696.3 28673.6 25891.5 26715.6 25641.1 24963.1 18179.4 17320.9 17419.4 16008.5 15594.3 13667.4 12832.5 12802.7 12655.3 12380.8 15338.4 13469.5 11617.4 12294.6 19236.4 12566 10526.9 15608.3 10462.6 10162.9 11184.5 9481.67 13245.9
threshold=2.6250000000000004 -0.76694339513778675 12.480864048004152 -0.86159634590148915 -0.95754238963127125 5.6622023582458505 0.96359375119209301 32.500000000000007 8.2136101722717303 6.8006987571716317 0.91248813271522533 -11.435218811035154 -704.34448242187489 -0.25000000000000006 984.14999389648449 122.90208435058595 532.50000000000011 0.98932364583015453 -0.39036798477172846 13.000000000000002 -1115.2127685546873 13.000000000000002 6.1673429012298593 32.688987731933601 0.55191597342491161 -0.79902246594429005 0.68301269412040722 -0.44504626095294947 -0.37447345256805414 13.302284240722658 26.125000000000004 144.55416107177737 -0.99763298034667958 2.2532469034194951 136.49600219726565 101.41249084472658 0.99983760714530956 27.349999427795414
decision_type=2 2 10 2 2 8 2 2 8 8 2 8 8 2 2 10 2 2 2 2 8 2 10 8 2 2 2 2 2 10 8 8 2 2 10 10 2 2
left_child=20 2 4 -4 22 6 -6 8 -7 18 13 -12 16 15 -10 19 17 -13 -3 -11 -1 23 -2 -14 25 -9 -26 -15 29 -29 -30 32 -22 36 35 -33 -34 -38
right_child=1 9 3 -5 5 7 -8 24 14 10 11 12 21 27 -16 -17 -18 -19 -20 -21 31 -23 -24 -25 26 -27 -28 28 30 -31 -32 34 33 -35 -36 -37 37 -39
leaf_value=0.07192788209358765 0.030264214771387226 0.052166977091945052 0.10209807176328937 1.0337576958721122 0.15856648333992945 0.64432906620438657 0.80154944564580777 -0.019514446389478503 -0.0015619327787582246 0.042352024697069911 0.2432978588051046 0.0613915300695057 0.15211602193728735 -0.064250178152854304 0.26401510625218044 -0.044772194599908423 -0.0023543304295984189 0.19139307837659131 0.36769059084496075 -0.014419953626222472 -0.092215744083487289 -0.050823979252842058 -0.067594411802544885 0.0017641944148379545 0.048909095388136488 0.09775510878175947 0.28733641479089606 0.23180006013613028 -0.020020014952298232 -0.013922745874783257 -0.085475340190202947 -0.028978936817096613 -0.011293805720839567 0.063400778716924663 0.17935234041782333 -0.16437158594833756 0.1882314393925075 -0.049932758971932147
leaf_weight=1565 1920 316 506 145 1534 211 167 7896 1147 10792 470 4647 550 9370 441 5082 2908 1159 267 7300 2046 4639 3223 6003 1645 1150 245 421 17268 899 3116 38778 67567 1792 208 557 503 361
leaf_count=1565 1920 316 506 145 1534 211 167 7896 1147 10792 470 4647 550 9370 441 5082 2908 1159 267 7300 2046 4639 3223 6003 1645 1150 245 421 17268 899 3116 38778 67567 1792 208 557 503 361
internal_value=-0.00701663 0.00379044 0.0384932 0.309623 0.029478 0.051046 0.221697 0.0282521 0.139299 -0.00554429 -0.00712414 0.0232186 0.0180222 -0.0185211 0.0721918 0.00536222 0.0574095 0.0873429 0.196673 0.0194449 -0.0161137 -0.0126444 -0.0310615 0.0143836 0.0099844 -0.00460607 0.0798178 -0.0363326 -0.0242801 0.0644487 -0.0300259 -0.017346 -0.0105369 -0.00815712 -0.0297902 -0.0308962 -0.010031 0.0887208
internal_weight=208814 95437 20230 651 19579 14436 1701 12735 1799 75207 74624 20376 19906 54248 1588 23174 8714 5806 583 18092 113377 11192 5143 6553 10936 9046 1890 31074 21704 1320 20384 111812 72269 70223 39543 39335 68431 864
internal_count=208814 95437 20230 651 19579 14436 1701 12735 1799 75207 74624 20376 19906 54248 1588 23174 8714 5806 583 18092 113377 11192 5143 6553 10936 9046 1890 31074 21704 1320 20384 111812 72269 70223 39543 39335 68431 864
is_linear=0
shrinkage=0.03


Tree=68
num_leaves=39
num_cat=0
split_feature=194 208 204 204 95 207 207 198 207 202 123 76 207 187 202 199 194 204 45 207 208 15 194 207 114 198 208 199 207 207 198 55 197 123 75 203 166 202
split_gain=40342.7 40529.1 36952.8 43251.7 28405.6 22655.7 22585.2 23284.7 21766.8 51588 50466.9 21351.3 20669.2 16956.6 16953.2 32305.2 14883.5 13579.3 13685.2 12591.5 12590.2 12068.5 13498.4 22641.8 11448.7 12264.8 11455.5 11442.1 48691.8 14880.6 11317.8 10934 9827.98 9631.59 8688.19 8666.18 8281.02 8279.32
threshold=76.500000000000014 -0.39827153086662287 13.000000000000002 19.000000000000004 13.961156845092775 0.94138324260711681 0.54488933086395275 4.1499998569488534 -0.76694339513778675 0.94828754663467418 11.817466735839846 7.9195461273193368 -0.50556187331676472 14.300750255584719 0.7933231294155122 103.50000000000001 49.500000000000007 7.0000000000000009 5.3375000953674325 -0.35846811532974238 0.49626980721950537 66.326389312744155 45.500000000000007 0.90892735123634349 -37.235456466674798 1.1500000357627871 0.62420859932899486 93.500000000000014 0.98667103052139293 0.94138324260711681 11.650000095367433 126.16574096679689 974.54998779296886 9.9879698753356951 48.448381423950202 -0.58068084716796864 6.5000000000000009 -0.38266885280609125
decision_type=2 2 2 2 10 2 2 2 2 2 10 8 2 8 2 2 2 2 10 2 2 8 2 2 10 2 2 2 2 2 2 10 2 10 10 2 2 2
left_child=1 21 6 5 31 -4 7 14 9 10 11 -5 -10 -8 -3 -16 36 18 19 -6 -19 22 23 30 25 -15 -26 28 -14 -29 -1 33 -27 34 -2 -22 -9 -7
right_child=4 2 3 8 17 37 13 16 12 -11 -12 -13 27 24 15 -17 -18 20 -20 -21 35 -23 -24 -25 26 32 -28 29 -30 -31 -32 -33 -34 -35 -36 -37 -38 -39
leaf_value=0.048668573822837416 -0.0094730858499833172 0.040751810266746735 -0.011858769341744759 0.33320282100679388 -0.046527301319328196 -0.083771860386464073 -0.010778216879557521 -0.023438316017378561 -0.069975323807430642 0.61935168042649524 0.55005186319173638 0.031496706362994752 -0.0012033770124498723 -0.099371521200061416 0.083790347815228247 0.50587031668362692 -0.017975470052062816 -0.08321394353184032 -0.071119905254794058 -0.23491820885497178 0.19287214911226441 -0.074361621749708742 -0.03363014060898116 -0.21116259649219191 -0.066201528758232361 -0.077220223946144542 0.063584601996172149 0.051901630660710622 0.32317656422648927 -0.027453545095527322 -0.032691925819265097 0.076394916891047271 0.06934217553394538 -0.051857927095275626 -0.054008496652704921 0.0001338473625411983 0.064307636329744233 -0.017102393710673271
leaf_weight=5243 43836 4570 26388 223 476 6708 3921 1318 2275 159 188 3955 1416 409 698 213 17179 1967 6686 970 229 4275 19214 385 1297 420 1159 4522 590 4015 2178 1123 21006 6704 4332 2524 3645 2235
leaf_count=5243 43836 4570 26388 223 476 6708 3921 1318 2275 159 188 3955 1416 409 698 213 17179 1967 6686 970 229 4275 19214 385 1297 420 1159 4522 590 4015 2178 1123 21006 6704 4332 2524 3645 2235
internal_value=-0.0067049 0.00255223 0.0112268 -0.00679782 -0.0255029 -0.0258441 0.0282311 0.0089486 0.032003 0.0885691 0.0692378 0.047601 0.012034 0.0471109 0.064309 0.182481 -0.00475525 -0.0657255 -0.089219 -0.172904 -0.0252488 -0.0275252 -0.0201148 0.0131522 0.0564553 0.0633627 -0.00495457 0.0297302 0.0942034 0.0145804 0.0247899 -0.0162709 0.0664692 -0.0181674 -0.0134784 0.0161669 0.0410053 -0.0671102
internal_weight=208651 139804 108509 52674 68847 35331 55835 27623 17343 4525 4366 4178 12818 28212 5481 911 22142 12852 8132 1446 4720 31295 27020 7806 24291 21835 2456 10543 2006 8537 7421 55995 21426 54872 48168 2753 4963 8943
internal_count=208651 139804 108509 52674 68847 35331 55835 27623 17343 4525 4366 4178 12818 28212 5481 911 22142 12852 8132 1446 4720 31295 27020 7806 24291 21835 2456 10543 2006 8537 7421 55995 21426 54872 48168 2753 4963 8943
is_linear=0
shrinkage=0.03


Tree=69
num_leaves=39
num_cat=0
split_feature=194 205 201 197 194 199 76 207 207 202 205 36 36 196 202 95 194 196 201 202 196 123 200 185 194 207 207 94 204 76 123 207 199 196 202 201 197 202
split_gain=38171.4 49788.7 48737.9 26322.5 24421.7 26938.8 23992.4 23496.6 78596 68147.9 33096.4 22364.3 22335.6 36289.4 21565.7 18199.8 19121.3 18799.9 21720.5 23205 27811.2 17188.2 17888.9 15679.5 17958.8 15445.8 14659.7 13341.5 13356.7 13211.8 11607.7 11534.3 13171.7 10535 10459.1 17589.2 12098.2 19688.7
threshold=66.500000000000014 -0.68301269412040699 297.50000000000006 979.95001220703136 40.500000000000007 74.500000000000014 55.695796966552741 -0.76694339513778675 -0.77786767482757557 0.77159520983695995 0.68301269412040722 193.07772064208987 244.22681427001956 99.500000000000014 -0.28400452435016627 13.268423557281496 89.500000000000014 1.5000000000000002 47.500000000000007 0.39873388409614569 1.0000000180025095e-35 39.108446121215827 7.3500001430511483 1176.5999755859377 12.500000000000002 0.98667103052139293 0.98667103052139293 16.500913619995121 19.000000000000004 10.384488105773928 10.710926532745363 -0.76694339513778675 285.50000000000006 78.500000000000014 -0.99809679388999928 27.500000000000004 988.35000610351574 -0.9366365075111388
decision_type=2 2 2 2 2 2 10 2 2 2 2 10 8 2 2 10 2 2 2 2 2 8 2 10 2 2 2 8 2 8 10 2 2 2 2 2 2 2
left_child=1 27 4 -4 5 6 26 8 9 11 21 -6 13 -12 -5 17 -17 18 19 34 29 25 -23 24 -7 -9 -3 -1 -29 -21 -19 32 -30 -26 35 -2 -36 -38
right_child=15 2 3 14 7 23 -8 10 -10 -11 12 -13 -14 -15 -16 16 -18 30 -20 20 -22 22 -24 -25 33 -27 -28 28 31 -31 -32 -33 -34 -35 36 -37 37 -39
leaf_value=-0.010603901009575041 0.40783015417988294 0.27953698666440358 -0.029023605627973754 0.0012225457676335969 -0.027915807516483912 0.40902518001057792 0.037882575001549339 -0.053433942296938819 0.71408246982952994 0.70582761307606146 0.088011126721588187 0.12217435819268904 -0.040658713890236987 0.52805631535406894 0.059532720251233684 -0.029251383537503527 -0.096867520888956088 -0.016477106588444802 -0.0078506795064638996 0.36589476728714215 0.55869907353049997 0.20186532746703648 0.014256062580726498 -0.041036865128884152 0.073568982440888192 0.065440877373829739 0.66599090531007143 -0.070912903339831135 -0.020835377618934291 0.050126071887062702 -0.063690119184122748 -0.016752214587850204 0.3787274576058518 0.19342932467373497 0.0070574827023143667 -0.010011961250697929 0.43223262240195415 0.041920703014022197
leaf_weight=22208 176 211 17017 19283 1849 161 209 6734 179 146 4654 1729 1200 175 8109 20337 4619 53463 12721 155 164 549 2742 849 5445 1152 152 8160 148 517 5137 2874 149 751 4023 187 164 400
leaf_count=22208 176 211 17017 19283 1849 161 209 6734 179 146 4654 1729 1200 175 8109 20337 4619 53463 12721 155 164 549 2742 849 5445 1152 152 8160 148 517 5137 2874 149 751 4023 187 164 400
internal_value=-0.0063779 0.00615641 0.0200101 0.000279916 0.0503419 0.0957839 0.293947 0.0335979 0.100053 0.0705373 0.0185231 0.0446124 0.0751746 0.103959 0.0184844 -0.0194983 -0.0417662 -0.0122912 0.0140681 0.0622583 0.208449 -0.0120353 0.0455534 0.0800537 0.0962259 -0.0360684 0.441372 -0.0241193 -0.0506086 0.122964 -0.0206159 0.0016409 0.179623 0.0880973 0.0375679 0.192582 0.0253001 0.155422
internal_weight=208898 106835 73296 44409 28887 7778 572 21109 3903 3724 17206 3578 6029 4829 27392 102063 24956 77107 18507 5786 836 11177 3291 7206 6357 7886 363 33539 11331 672 58600 3171 297 6196 4950 363 4587 564
internal_count=208898 106835 73296 44409 28887 7778 572 21109 3903 3724 17206 3578 6029 4829 27392 102063 24956 77107 18507 5786 836 11177 3291 7206 6357 7886 363 33539 11331 672 58600 3171 297 6196 4950 363 4587 564
is_linear=0
shrinkage=0.03


Tree=70
num_leaves=39
num_cat=0
split_feature=194 204 204 203 202 202 155 183 96 197 96 56 194 202 197 197 197 141 193 200 202 196 204 200 203 197 202 75 202 169 203 203 113 202 96 194 202 196
split_gain=36669.5 42314.5 29195.4 22672.7 46460.4 102064 27955.4 37670.1 20950.9 20731.2 20639.9 20326.2 19484.7 17087.1 19270 25256.6 16793.4 15763.9 19244.1 16436.5 22287.7 43054 15662.5 33136.7 14791 14615 17826.6 17805.9 14385.1 12739.5 12695.4 12189.2 11666.7 14546.9 11377.9 11094.2 15320.7 14598.8
threshold=65.500000000000014 11.000000000000002 21.000000000000004 0.061046212911605842 0.9238443672657014 0.96811076998710643 139.95999908447268 111.83778381347658 8.7824015617370623 980.45001220703136 11.546006679534914 112.8940773010254 89.500000000000014 -0.89490029215812672 984.25000000000011 988.64999389648449 974.54998779296886 -13.246156215667723 12.650000095367433 13.949999809265138 -0.53727915883064259 98.500000000000014 3.0000000000000004 6.1499998569488534 0.18222858756780627 982.04998779296886 -0.25037047266960138 18.398311614990238 -0.28400452435016627 14.784999847412111 0.99687939882278453 -0.30069434642791742 -919.96667480468739 -0.79332312941551197 13.691872119903566 33.500000000000007 -0.21643137186765668 22.500000000000004
decision_type=2 2 2 2 2 2 2 10 8 2 10 10 2 2 2 2 2 8 2 2 2 2 2 2 2 2 2 10 2 2 2 2 10 2 10 2 2 2
left_child=1 16 9 -4 6 -6 35 -8 11 30 29 -2 25 14 -13 -16 24 -18 -19 22 21 -21 23 -20 -1 -10 -27 -28 -12 -11 -3 -22 33 -31 -14 36 -5 -37
right_child=8 2 3 4 5 -7 7 -9 12 10 28 13 34 -15 15 -17 17 18 19 20 31 -23 -24 -25 -26 26 27 -29 -30 32 -32 -33 -34 -35 -36 37 -38 -39
leaf_value=-0.056025400749833108 -0.0080064539404874485 -0.036284745858934868 -0.029209724563727953 0.070879393333681498 0.89468944697357322 -0.0046154023900885702 0.67490965252534607 0.053058847873831971 -0.046571781439638131 0.021603268661787384 -0.027181140146713124 -0.043691086906052383 -0.044683601228709013 0.020085503173236399 0.51069695509341939 0.045068763277703303 -0.0014415143184423689 0.33156812430602906 -0.10793772521781336 0.041270360786827991 0.032214457125519326 0.34953513583678963 0.06263263943523284 0.23647584865236904 0.067423319011453833 -0.024646932972441537 0.10377457673800211 0.0024590828595962158 0.023912390661223061 0.30882996973442522 0.12674230599607827 -0.064630700692639043 0.021331164806758274 0.081885257806319209 -0.10525414897339205 -0.021774811378173727 0.40115854347117996 0.14555721127270729
leaf_weight=3141 47935 26434 2223 727 195 272 149 213 14084 8347 18242 172 8936 892 271 171 6175 220 316 8234 2014 429 8905 1230 1210 19865 2074 6314 6811 428 437 2790 786 626 4059 2633 153 571
leaf_count=3141 47935 26434 2223 727 195 272 149 213 14084 8347 18242 172 8936 892 271 171 6175 220 316 8234 2014 429 8905 1230 1210 19865 2074 6314 6811 428 437 2790 786 626 4059 2633 153 571
internal_value=-0.00626514 0.00636253 -0.00718231 0.0502868 0.0862568 0.370907 0.0563569 0.309026 -0.0187889 -0.013785 0.00134967 -0.00459693 -0.0314699 0.103925 0.225722 0.330561 0.0334206 0.0413316 0.0522738 0.0497047 0.0277964 0.0565363 0.0779353 0.166078 -0.0216945 -0.0216069 -0.00916202 0.0275103 -0.0132906 0.0373548 -0.0336334 -0.0240299 0.108809 0.174043 -0.063603 0.0339599 0.128307 0.00804644
internal_weight=208684 103911 69247 7136 4913 467 4446 362 104773 62111 35240 49441 55332 1506 614 442 34664 30313 24138 23918 13467 8663 10451 1546 4351 42337 28253 8388 25053 10187 26871 4804 1840 1054 12995 4084 880 3204
internal_count=208684 103911 69247 7136 4913 467 4446 362 104773 62111 35240 49441 55332 1506 614 442 34664 30313 24138 23918 13467 8663 10451 1546 4351 42337 28253 8388 25053 10187 26871 4804 1840 1054 12995 4084 880 3204
is_linear=0
shrinkage=0.03


Tree=71
num_leaves=39
num_cat=0
split_feature=194 201 208 16 193 199 76 190 203 203 207 201 206 96 194 206 207 193 208 16 96 207 203 96 56 194 201 161 199 95 207 208 208 96 208 194 132 206
split_gain=34082.9 41513.8 25201.6 20622.9 22208.8 35968.9 23131.6 21312.1 21368.9 57728.8 33972 21074.5 20852.2 20292.6 15251.6 14496.1 11982.1 11785.2 12370.1 20611.4 15442.2 15957.8 44107.3 14578.5 16717.5 13025.1 12912.5 35992 15869 11578.7 10436.6 10102.5 12963.8 16759.7 12507.4 12240.6 10040.1 8938.24
threshold=65.500000000000014 347.50000000000006 0.24164313822984698 195.36802673339847 13.650000095367433 299.50000000000006 7.9195461273193368 0.54850912094116222 0.21643137186765674 0.26722820103168493 0.98932364583015453 292.50000000000006 -0.25000000000000006 18.1992301940918 51.500000000000007 -0.68301269412040699 0.93845596909523021 8.9499998092651385 0.13185577094554904 153.44863891601565 8.7417922019958514 -0.37447345256805414 0.49240480363368994 8.2793688774108904 36.296661376953132 88.500000000000014 27.500000000000004 739.01998901367199 212.50000000000003 28.377726554870609 0.99995782971382152 0.92843842506408703 0.8930937945842744 10.352485656738283 0.83258596062660228 25.500000000000004 -86.14369964599608 -0.25000000000000006
decision_type=2 2 2 10 2 2 8 8 2 2 2 2 2 10 2 2 2 2 2 8 8 2 2 8 10 2 2 2 2 10 2 2 2 8 2 2 8 2
left_child=1 3 36 4 5 -1 -6 8 10 -10 -8 -5 16 17 -13 31 -9 -2 23 25 21 22 -21 -19 30 26 27 -20 -28 37 -25 32 34 -34 35 -4 -3 -15
right_child=13 2 15 11 6 -7 7 12 9 -11 -12 14 -14 29 -16 -17 -18 18 19 20 -22 -23 -24 24 -26 -27 28 -29 -30 -31 -32 -33 33 -35 -36 -37 -38 -39
leaf_value=0.054923608336070823 -0.077479718852239018 0.077755570074589303 -0.038574764777269496 -0.039049009520702907 0.3139376100082743 0.57288696000998329 -0.0033449308584197327 0.035940340252052755 0.46218384252526556 0.075492725863527801 0.15780040398952944 0.3735204125535948 -0.0011180342867863195 -0.01238306498228145 0.011643844267396324 -0.02312606866955768 0.14395789876729745 -0.011911783519156765 0.053163314868278237 0.62194472444846582 -0.029428553201461143 0.012729528724356459 -0.0023249499990288503 -0.031985867874549948 -0.1035713855337391 -0.025556514345650646 0.075832568783828935 0.42203819158042211 0.0044584153225888093 0.081850806416839145 0.21226266173155722 -0.01835291000762385 0.38628401561240816 0.078339275181915038 -0.062899268928332003 0.0505345455625354 -0.030358194775804391 -0.078255869900515307
leaf_weight=366 2525 792 1592 5640 262 180 6845 2620 365 7228 1422 197 18517 2399 224 7541 1428 38898 1499 157 17577 1500 290 9838 3587 3905 3998 283 9384 519 160 3635 204 722 1186 10794 32324 8159
leaf_count=366 2525 792 1592 5640 262 180 6845 2620 365 7228 1422 197 18517 2399 224 7541 1428 38898 1499 157 17577 1500 290 9838 3587 3905 3998 283 9384 519 160 3635 204 722 1186 10794 32324 8159
internal_value=-0.00600407 0.00615218 -0.0104779 0.0277374 0.0356939 0.225688 0.0330124 0.0310968 0.0577466 0.0940818 0.0243736 -0.0237651 0.0123658 -0.0180913 0.180983 0.0118298 0.0740457 -0.0135474 -0.0117749 0.00111828 -0.0205488 0.0596152 0.216945 -0.0212558 -0.0480106 0.0233023 0.0358844 0.111747 0.0257822 -0.0564878 -0.0280769 0.026367 0.0375794 0.146184 0.0301694 0.0390811 -0.0277725 -0.0632882
internal_weight=208762 104084 58790 45294 39233 546 38687 38425 15860 7593 8267 6061 22565 104678 421 25674 4048 93601 91076 38593 19524 1947 447 52483 13585 19069 15164 1782 13382 11077 9998 18133 14498 926 13572 12386 33116 10558
internal_count=208762 104084 58790 45294 39233 546 38687 38425 15860 7593 8267 6061 22565 104678 421 25674 4048 93601 91076 38593 19524 1947 447 52483 13585 19069 15164 1782 13382 11077 9998 18133 14498 926 13572 12386 33116 10558
is_linear=0
shrinkage=0.03


Tree=72
num_leaves=39
num_cat=0
split_feature=198 208 193 205 208 202 132 208 204 76 105 85 76 16 208 76 59 96 198 190 96 208 114 199 199 96 204 123 204 96 132 208 202 161 193 16 76 199
split_gain=26743.3 21911.7 22702.9 35261.8 35620.4 31564.7 35060.2 115136 23949.5 22748.7 20440.2 19607 19484.8 19310.6 15380.6 13708.6 13441.7 13431.8 12684.6 12318.3 12271.8 12090.9 12014.6 16921.3 33479.2 36158.3 11553.5 10862.1 10682 8563.18 8550.83 11849.7 7951.06 7755.32 7492.85 7323.88 7031.62 12418.9
threshold=12.550000190734865 -0.93845868110656727 17.650000572204593 -0.68301269412040699 0.12332734838128091 0.8140845298767091 -43.81776046752929 0.33222858607769018 7.0000000000000009 40.019901275634773 7.503484010696412 36.566499710083015 15.625228881835939 56.574859619140632 -0.4755979031324386 67.507041931152358 0.61691716313362133 12.533317565917971 12.050000190734865 0.62123906612396251 8.2793688774108904 0.59003219008445751 118.31443023681642 287.50000000000006 284.50000000000006 12.464511871337892 19.000000000000004 4.0011955499649057 9.0000000000000018 15.082695007324221 -29.864668846130368 0.63755506277084362 0.26722820103168493 263.75498962402349 7.7500000000000009 153.44863891601565 43.878305435180671 310.50000000000006
decision_type=2 2 2 2 2 2 8 2 2 8 10 8 8 10 2 8 10 8 2 8 10 2 10 2 2 10 2 10 2 10 8 2 2 2 2 10 8 2
left_child=1 20 8 17 9 10 7 -7 11 27 15 18 -8 19 -15 -6 -2 -4 30 -11 -1 -12 23 24 28 -26 -19 -5 -10 34 31 -3 -32 -31 -13 -25 37 -28
right_child=16 2 3 4 5 6 12 -9 22 13 21 29 -14 14 -16 -17 -18 26 -20 -21 -22 -23 -24 35 25 -27 36 -29 -30 33 32 -33 -34 -35 -36 -37 -38 -39
leaf_value=-0.019787640546488239 -0.024738523953737858 0.07013312066059145 0.00042237054997918056 -0.0064127270803549363 0.040012070002523908 0.72103850835969929 0.26428654369898119 -0.029703666114434351 0.12823717643675836 0.094003333821081919 -0.043152178241845203 -0.22499258189524851 0.047762535910955937 -0.069457540125907186 0.014591229659386905 0.13211572909500402 -0.081887030624427773 -0.052847176784649931 0.20587375680636821 0.027150231694741001 -0.07866550711972968 0.021639677718333233 -0.019859020507634124 0.028587924762739771 0.71909465858678367 0.051410635331038804 0.019461234012186766 -0.050728119924883623 0.021760797043419558 -0.19923356818907573 -0.06179511406825116 -0.023714107707440438 0.01144007432758893 0.008407084900684765 -0.049164750763533493 -0.043186698834306023 -0.022536262089149689 0.2647138001882216
leaf_weight=13070 18444 1438 18062 24082 21484 332 432 412 1168 4222 4248 246 2788 2350 11793 1560 4635 12116 208 6014 4213 6650 7812 2561 145 147 1456 6275 3095 1062 7957 7667 1603 191 1925 2557 4003 213
leaf_count=13070 18444 1438 18062 24082 21484 332 432 412 1168 4222 4248 246 2788 2350 11793 1560 4635 12116 208 6014 4213 6650 7812 2561 145 147 1456 6275 3095 1062 7957 7667 1603 191 1925 2557 4003 213
internal_value=-0.0057604 -0.00197245 0.00133141 0.0074628 0.0172391 0.0395928 0.1197 0.305309 -0.0184724 0.00175866 0.0302373 -0.0390851 0.0768125 0.0233403 0.000625627 0.0462472 -0.0362158 -0.0178008 -0.0271025 0.0547249 -0.0341401 -0.00361593 0.00781312 0.0301614 0.0722208 0.38298 -0.0363046 -0.015573 0.0509341 -0.105133 -0.0296989 -0.00889223 -0.0495152 -0.167582 -0.0690892 -0.00727128 -0.000967882 0.0507622
internal_weight=208636 185557 168274 128492 92642 37906 3964 744 39782 54736 33942 22297 3220 24379 14143 23044 23079 35850 18873 10236 17283 10898 17485 9673 4555 292 17788 30357 4263 3424 18665 9105 9560 1253 2171 5118 5672 1669
internal_count=208636 185557 168274 128492 92642 37906 3964 744 39782 54736 33942 22297 3220 24379 14143 23044 23079 35850 18873 10236 17283 10898 17485 9673 4555 292 17788 30357 4263 3424 18665 9105 9560 1253 2171 5118 5672 1669
is_linear=0
shrinkage=0.03


Tree=73
num_leaves=39
num_cat=0
split_feature=194 205 197 190 114 199 114 194 206 200 141 194 206 183 96 197 198 194 200 132 132 199 193 193 203 203 203 206 193 199 200 199 199 193 95 86 200 36
split_gain=32446.7 41139.9 30008.4 29864.1 54316.8 23877.9 20609.4 19335.8 35879.6 59315.8 19300 18943.6 34688.5 22225.3 18620.6 17199.8 15831.3 14859.2 14652.4 14198.5 13830.6 46656.6 13699 23069.4 13685.9 21202.6 18131.1 13599.8 19947.6 13042.8 12877.1 11867 11675.9 11278.8 11203.9 9884.36 9796.47 9413.65
threshold=65.500000000000014 0.68301269412040722 983.04998779296886 0.037032162770628936 167.32316589355472 290.50000000000006 129.36573791503909 60.500000000000007 0.68301269412040722 16.250000000000004 -15.921426296234129 45.500000000000007 0.68301269412040722 140.62705993652347 18.427560806274418 986.45001220703136 8.8499999046325701 17.500000000000004 14.84999990463257 -44.53631401062011 -26.497488021850582 305.50000000000006 26.150000572204593 27.150000572204593 -0.53727915883064259 -0.71322327852249134 0.061046212911605842 1.0000000180025095e-35 29.44999980926514 4.5000000000000009 7.7500000000000009 92.500000000000014 99.500000000000014 8.9499998092651385 26.689990997314457 57.049999237060554 14.650000095367433 158.0835876464844
decision_type=2 2 2 8 10 2 10 2 2 2 8 2 2 10 10 2 2 2 2 10 10 2 2 2 2 2 2 2 2 2 2 2 2 2 10 10 2 10
left_child=1 2 11 4 -4 16 7 18 -9 -10 -7 12 17 24 33 20 27 -1 36 -8 22 -22 -12 -24 25 -14 -26 28 -3 -19 -21 -20 -29 -2 -16 -35 -5 -13
right_child=14 5 3 6 -6 10 19 8 9 -11 15 37 13 -15 34 -17 -18 29 31 30 21 -23 23 -25 26 -27 -28 32 -30 -31 -32 -33 -34 35 -36 -37 -38 -39
leaf_value=-0.051662034018401755 -0.075819927203672158 0.16469707036072195 0.73774688887473361 0.038643705014755211 -0.02827426874733574 -0.042404580157846136 0.0089362981501700991 0.037387496963814902 0.56689501264754838 0.075922018437069527 0.061363877796780264 -0.019542090798570451 0.12392288783585559 -0.0090166624096913624 -0.063107123269921725 0.45212880613336542 -0.034347479208579189 0.2708102675264229 0.21789487461335505 0.0079827536791937312 0.6740757810066651 -0.013801865796713076 0.5162443948530534 0.13413971297442215 -0.053814427018230693 0.51360962072578986 0.12351944427329416 -0.16038664597250735 -0.0037657819778983232 -0.0036452605306070206 -0.10837389899401943 -0.014922292412518832 0.031587618161039846 -0.010963759226250624 0.059423960777226247 -0.2366377182243819 0.26083961372128478 -0.059435707224412535
leaf_weight=7150 2513 1746 146 13328 194 603 6350 2358 349 606 2051 12747 411 2234 9991 153 2573 157 202 1361 165 192 168 926 660 181 2427 318 992 20859 2307 8009 2758 91210 720 175 181 9141
leaf_count=7150 2513 1746 146 13328 194 603 6350 2358 349 606 2051 12747 411 2234 9991 153 2573 157 202 1361 165 192 168 926 660 181 2427 318 992 20859 2307 8009 2758 91210 720 175 181 9141
internal_value=-0.0055979 0.00626794 -0.000751712 0.0208699 0.300674 0.0569838 0.0181557 0.0327082 0.100218 0.25535 0.114841 -0.0144243 -0.000436553 0.0656219 -0.017395 0.140784 0.0276099 -0.0143045 0.0224108 -0.0182081 0.12718 0.304133 0.107093 0.192822 0.110945 0.243074 0.0856053 0.0550293 0.103662 -0.0015948 -0.0652001 -0.00919443 0.0117406 -0.0131201 -0.0548704 -0.0113959 0.041621 -0.0362027
internal_weight=208612 104003 91358 35391 340 12645 35051 25033 3313 955 4258 55967 34079 5913 104609 3655 8387 28166 21720 10018 3502 357 3145 1094 3679 592 3087 5814 2738 21016 3668 8211 3076 93898 10711 91385 13509 21888
internal_count=208612 104003 91358 35391 340 12645 35051 25033 3313 955 4258 55967 34079 5913 104609 3655 8387 28166 21720 10018 3502 357 3145 1094 3679 592 3087 5814 2738 21016 3668 8211 3076 93898 10711 91385 13509 21888
is_linear=0
shrinkage=0.03


Tree=74
num_leaves=39
num_cat=0
split_feature=194 201 96 15 197 208 194 208 186 208 208 156 208 141 208 186 96 95 138 201 203 193 17 199 193 96 204 199 16 201 193 74 199 96 56 203 197 196
split_gain=29351.6 38432.9 27702.6 26639.1 27609.4 52474.4 25685.9 21728.6 18912 16995.4 28180.1 36893 16816.9 28525.1 16582.5 14787 14746.4 14593.9 14494 23176.2 14419.9 16170 13096.9 12535.4 12393.6 13023.7 11135.8 9914.62 9811.35 9664.13 9384.68 11438.8 11029.6 9629.52 11004.1 9091.39 11571 10389.7
threshold=76.500000000000014 337.50000000000006 13.691872119903566 188.20803070068362 982.14999389648449 -0.13398942351341245 45.500000000000007 0.24164313822984698 1.0871096849441531 0.26659387350082403 0.43540433049201971 4.9032161235809335 -0.013976481743156908 -3.8947525024414058 0.011826144531369211 0.098981048911809935 14.01442861557007 8.1416134834289569 28.983333587646488 52.500000000000007 0.0087262028828263612 28.150000572204593 30.710139274597172 321.50000000000006 20.44999980926514 11.387336254119875 7.0000000000000009 184.50000000000003 69.692829132080092 192.50000000000003 6.4500000476837167 4.419457435607911 188.50000000000003 9.3428030014038104 112.8940773010254 -0.53727915883064259 974.54998779296886 12.500000000000002
decision_type=2 2 10 8 2 2 2 2 8 2 2 2 2 10 2 8 8 8 8 2 2 2 10 2 2 10 2 2 8 2 2 8 2 8 10 2 2 2
left_child=1 3 30 4 6 -6 8 28 20 -7 11 -11 22 14 -14 -9 -12 -5 19 -19 21 -1 -8 -22 -17 -26 -4 -27 -3 -20 -2 32 -32 34 -33 36 -10 -37
right_child=2 7 26 17 5 9 12 15 35 10 16 -13 13 -15 -16 24 -18 18 29 -21 23 -23 -24 -25 25 27 -28 -29 -30 -31 31 33 -34 -35 -36 37 -38 -39
leaf_value=0.094556418149851218 -0.1262636120435153 -0.021349395882688176 -0.082066162117622965 0.20676825519621361 0.54521137223701421 0.0014123809440805071 -0.020830520521334571 0.23825686356252235 -0.10719827237657527 0.11310952281058578 0.016254604871720865 0.49277521822672754 0.19340792802655099 0.34981334940851466 0.0038215380893351211 -0.028616649430541031 0.082138689371869258 0.42579811405523155 -0.046734445294569125 0.024456690808479339 0.12654815503993039 -0.0466467360953918 -0.11602238464095632 0.0087766469042946452 0.058033830910236825 0.046450700741148619 -0.024457436190847646 -0.01027473659281679 -0.064649362016127435 0.02420235019741511 0.14282425996776082 -0.0087676852879891611 0.00046378918357738353 -0.035304544948218192 0.093143761130402694 0.010801487047534522 0.19861587902867689 -0.096244997236661647
leaf_weight=1374 645 37174 8288 250 194 5025 10743 247 156 3235 7335 248 435 231 9128 7250 5243 151 9748 909 4079 1557 1480 1016 5201 3630 4751 11747 5393 2101 830 38149 1195 13880 978 2884 389 1138
leaf_count=1374 645 37174 8288 250 194 5025 10743 247 156 3235 7335 248 435 231 9128 7250 5243 151 9748 909 4079 1557 1480 1016 5201 3630 4751 11747 5393 2101 830 38149 1195 13880 978 2884 389 1138
internal_value=-0.00566197 0.00223436 -0.0217142 0.0181506 0.0271923 0.0540827 0.0106586 -0.013323 0.0448315 0.0495638 0.0646289 0.140144 -0.00888715 0.0204031 0.0124456 0.00716417 0.0437177 -0.0202517 -0.0246484 0.0816325 0.0725642 0.0195467 -0.0323568 0.103063 0.00511291 0.0169965 -0.0610754 0.00311625 -0.0268353 -0.0341563 -0.0124962 -0.0111628 0.0588146 -0.0138361 -0.00622032 -0.00390545 0.111079 -0.0194867
internal_weight=208407 139691 68716 69049 55890 21280 34610 70642 12593 21086 16061 3483 22017 9794 9563 28075 12578 13159 12909 1060 8026 2931 12223 5095 27828 20578 13039 15377 42567 11849 55677 55032 2025 53007 39127 4567 545 4022
internal_count=208407 139691 68716 69049 55890 21280 34610 70642 12593 21086 16061 3483 22017 9794 9563 28075 12578 13159 12909 1060 8026 2931 12223 5095 27828 20578 13039 15377 42567 11849 55677 55032 2025 53007 39127 4567 545 4022
is_linear=0
shrinkage=0.03


Tree=75
num_leaves=39
num_cat=0
split_feature=194 198 193 208 105 36 96 208 208 96 172 199 193 194 206 208 193 208 206 194 209 132 193 96 209 86 208 123 96 16 206 96 208 181 123 172 199 181
split_gain=28365.2 26781.4 20202.6 19162.5 19366.3 19043.2 16474.9 15807.9 31156.6 30751.6 22487.8 13478 24137.5 22649.1 17342.7 25003.4 13921.8 20938.1 13078.6 12928.5 12434.4 25061.5 11042.9 10707.7 10670.6 9332.5 9565.64 14992.4 13846.8 12423.6 14246.4 11768.1 10465.3 9218.22 12665.6 10373.2 8756.61 8618.49
threshold=65.500000000000014 12.550000190734865 12.650000095367433 -0.44505782425403589 -43.032669067382805 172.89971160888675 19.279663085937504 0.74872833490371715 0.25829915702342993 11.107494831085207 0.83499997854232799 184.50000000000003 13.949999809265138 36.500000000000007 0.68301269412040722 -0.013976481743156908 20.050000190734867 0.91511079668998729 0.68301269412040722 48.500000000000007 3.5000000000000004 -41.554021835327141 8.9499998092651385 22.766558647155765 11.500000000000002 57.049999237060554 0.13185577094554904 0.92330953478813182 8.7417922019958514 153.44863891601565 -0.25000000000000006 8.0229992866516131 -0.013976481743156908 68.000000000000014 7.9624972343444833 7.2849998474121103 79.500000000000014 100.00000000000001
decision_type=2 2 2 2 10 10 10 2 2 8 2 2 2 2 2 2 2 2 2 2 2 10 2 10 2 10 2 8 8 8 2 10 2 2 10 2 2 2
left_child=1 3 -3 5 11 19 22 8 -6 18 -11 13 -13 14 -5 -16 -14 -18 -10 -1 21 -15 -2 37 -9 26 27 -24 33 30 -30 -29 -33 35 -35 -28 -31 -8
right_child=6 2 -4 4 7 -7 23 24 9 10 -12 12 16 20 15 -17 17 -19 -20 -21 -22 -23 25 -25 -26 -27 28 31 29 36 -32 32 -34 34 -36 -37 -38 -39
leaf_value=0.052070183704794118 -0.072945871498107703 0.24429559357860581 -0.034192382852233041 0.090506233127276875 -0.015445262148982132 -0.061071402476490073 -0.046631345937485254 -0.067300951649629751 0.1071563911194308 0.092337074714911899 -0.0022365835329672878 0.34590117260077402 -0.032241900013126316 0.17275398825653532 0.16962293277210025 0.59343534274968834 0.025387600711288195 0.2464582027442295 0.27530458887859799 -0.02070793066481684 0.0049364888974373113 0.00081837793263016983 -1.5219448587794329e-05 0.0080367718319458714 -0.0036951963669683394 -0.22582115848835832 -0.014333051233132639 -0.019935805947993157 0.063943924901746968 0.049136789172959043 -0.0046172532928252909 -0.045884650423086343 -0.12911927614661037 0.045044973011758777 0.1968551390445249 0.1879843689628232 -0.031020925301877753 -0.11918684780329161
leaf_weight=3656 2682 238 15646 2111 14349 5816 3511 3923 2072 3222 7601 206 3894 1461 605 158 20407 393 521 5504 4608 1597 21552 1705 6011 182 3301 21218 3579 1323 11467 8322 1625 3828 568 245 16824 2539
leaf_count=3656 2682 238 15646 2111 14349 5816 3511 3923 2072 3222 7601 206 3894 1461 605 158 20407 393 521 5504 4608 1597 21552 1705 6011 182 3301 21218 3579 1323 11467 8322 1625 3828 568 245 16824 2539
internal_value=-0.00525409 0.00583703 -0.0300195 0.0123007 0.0186313 -0.0186164 -0.0162951 0.00366367 0.0152837 0.0481497 0.025918 0.034553 0.0225162 0.0629888 0.134812 0.257392 0.0198184 0.0295647 0.140943 0.00833973 0.0360618 0.0829633 -0.0129216 -0.058367 -0.0288136 -0.0112096 -0.0107934 -0.0192537 4.89811e-05 -0.00846497 0.0116914 -0.032558 -0.0594825 0.0356324 0.0646606 -0.00035398 -0.025177 -0.0770809
internal_weight=208470 103999 15884 88115 73139 14976 104471 37699 27765 13416 10823 35440 24900 10540 2874 763 24694 20800 2593 9160 7666 3058 96716 7755 9934 94034 93852 52717 41135 33193 15046 31165 9947 7942 4396 3546 18147 6050
internal_count=208470 103999 15884 88115 73139 14976 104471 37699 27765 13416 10823 35440 24900 10540 2874 763 24694 20800 2593 9160 7666 3058 96716 7755 9934 94034 93852 52717 41135 33193 15046 31165 9947 7942 4396 3546 18147 6050
is_linear=0
shrinkage=0.03


Tree=76
num_leaves=39
num_cat=0
split_feature=198 207 207 123 203 207 96 132 123 207 207 206 189 207 204 123 193 205 96 96 153 180 200 59 173 87 200 84 187 132 85 207 97 76 197 198 193 166
split_gain=23448.5 21035.7 24759.8 57877.3 132154 26628.4 32799.4 25169.3 22779.8 38418.9 39363.2 92582.4 20076.1 23661.6 19097.7 24023.3 18823 25604.6 17192.3 13845.6 13823.4 13292 12304.6 12056 11823.3 10514.6 9484.93 9264.98 9186.53 8534.53 8276.89 7283.15 6484.99 6452.68 8913.06 8429.34 13764.7 6335.76
threshold=12.550000190734865 -0.99630266427993763 -0.76694339513778675 11.415761947631838 0.608738273382187 0.89404821395874035 11.546006679534914 -33.541145324707024 7.9624972343444833 -0.95244166254997242 -0.9413962960243224 0.68301269412040722 56.00316238403321 0.98932364583015453 7.0000000000000009 36.107295989990241 17.44999980926514 0.68301269412040722 9.7745137214660662 19.018588066101078 2.1383330821990971 20.977036476135257 24.550000190734867 0.58398583531379711 1201.4749755859377 2.9375000000000004 6.3500001430511483 0.92500001192092907 23.837735176086429 -87.316574096679673 25.587500572204593 0.9260200858116151 6.7053756713867196 14.881601333618166 987.04998779296886 13.34999990463257 13.949999809265138 88.500000000000014
decision_type=2 2 2 10 2 2 8 8 10 2 2 2 10 2 2 8 2 2 10 10 2 2 2 10 2 8 2 8 8 10 8 2 2 8 2 2 2 2
left_child=1 -1 3 8 -5 14 28 12 20 -10 11 -11 13 -8 18 19 31 -18 -4 29 32 30 -14 33 -22 -17 -21 -27 -7 -16 -20 -9 37 -2 -35 36 -36 -3
right_child=23 2 5 4 -6 6 7 16 9 10 -12 -13 22 -15 15 25 17 -19 21 26 24 -23 -24 -25 -26 27 -28 -29 -30 -31 -32 -33 -34 34 35 -37 -38 -39
leaf_value=-0.067825263898149316 -0.070395347272799322 0.001304811065052037 -0.0090305269311691597 0.099210030941513552 1.0810080479983804 0.24451522976105847 0.039477117087360555 -0.27363536561676532 0.0087471341280748963 0.15879068548244737 0.083683640841058365 1.0003108356500752 0.0040058877748837636 0.1590760285113294 0.09177104340912931 0.21075700322387358 -0.025294678218363318 0.057841059072984341 -0.039549234859526772 0.0082531564260493809 0.041597677897168783 -0.31035832158277776 0.24934836505648894 -0.073611507537747339 0.27049299797700177 0.2157601137574913 -0.097550499423494946 0.014701081295232217 0.095956201513235057 -0.015013059097887645 -0.090692612216026175 -0.081980358441808995 -0.047504277769754459 -0.022986463480925833 0.36596957369162236 0.014027227154790937 0.0011916672523879775 0.03725873047496548
leaf_weight=4231 2175 25180 15597 768 147 522 5766 197 2491 423 1008 163 11350 2007 686 253 13638 4413 15155 1015 559 177 187 5268 319 208 3066 24698 1327 37268 3507 1895 2051 14052 179 1269 194 5348
leaf_count=4231 2175 25180 15597 768 147 522 5766 197 2491 423 1008 163 11350 2007 686 253 13638 4413 15155 1015 559 177 187 5268 319 208 3066 24698 1327 37268 3507 1895 2051 14052 179 1269 194 5348
internal_value=-0.00524923 -0.00169947 -0.000157038 0.0212111 0.256951 -0.00590631 0.0144058 0.00861815 0.0154654 0.0823436 0.197354 0.392878 0.0330912 0.0703579 -0.0141611 -0.00485121 -0.0148428 -0.00497011 -0.0323271 -0.0187288 0.00729974 -0.0516145 0.00798281 -0.0337277 0.124764 0.0183351 -0.0712356 0.0163803 0.137898 -0.013083 -0.0491603 -0.10003 0.00413406 -0.0219694 -0.0152581 0.0508795 0.176252 0.00760336
internal_weight=208757 185620 181389 38457 915 142932 41302 39453 37542 4085 1594 586 19310 7773 101630 67194 20143 18051 34436 42035 33457 18839 11537 23137 878 25159 4081 24906 1849 37954 18662 2092 32579 17869 15694 1642 373 30528
internal_count=208757 185620 181389 38457 915 142932 41302 39453 37542 4085 1594 586 19310 7773 101630 67194 20143 18051 34436 42035 33457 18839 11537 23137 878 25159 4081 24906 1849 37954 18662 2092 32579 17869 15694 1642 373 30528
is_linear=0
shrinkage=0.03


Tree=77
num_leaves=39
num_cat=0
split_feature=196 205 194 198 202 140 197 207 114 202 96 74 56 194 204 196 141 197 198 204 161 202 206 96 202 166 56 197 161 194 197 207 204 197 202 204 207 96
split_gain=26254.8 17785.1 25176.4 20129.2 19909.7 48638.3 163081 21770.9 19185.5 17691.2 16189.6 15740 14458 14151.9 13846.6 33143.9 24574.5 17951.9 14819.4 12962.3 15296.4 11002.3 10836.2 9969.5 9830.55 15571.8 21699.8 17714.9 13977.9 8813.04 8903.47 13542.3 8757.36 8602.04 11473 9337.78 8634.63 9420.14
threshold=7.5000000000000009 -0.68301269412040699 83.500000000000014 6.8500001430511483 0.78257837891578685 -25.305065155029293 983.25000000000011 0.98667103052139293 -666.42208862304676 0.96811076998710643 19.279663085937504 14.485268115997316 10.554031372070314 54.500000000000007 9.0000000000000018 84.500000000000014 -9.3789248466491681 980.45001220703136 7.1499998569488534 19.000000000000004 87.104999542236342 -0.99535831809043873 1.0000000180025095e-35 11.546006679534914 -0.76037701964378346 190.00000000000003 111.26184844970705 987.25000000000011 1238.975036621094 71.500000000000014 984.14999389648449 -0.62588816881179798 19.000000000000004 989.75000000000011 -0.52247866988182057 19.000000000000004 0.99983760714530956 8.2793688774108904
decision_type=2 2 2 2 2 8 2 2 10 2 10 8 10 2 2 2 8 2 2 2 2 2 2 8 2 2 10 2 2 2 2 2 2 2 2 2 2 8
left_child=1 23 3 4 8 6 -6 11 12 -9 13 -7 -3 14 15 -2 -17 -16 -18 -19 -21 -14 -8 -1 25 26 28 -28 -5 30 -12 -32 -25 36 -35 -36 37 -15
right_child=10 2 -4 24 5 7 22 9 -10 -11 29 -13 21 33 17 16 18 19 -20 20 -22 -23 -24 32 -26 -27 27 -29 -30 -31 31 -33 -34 34 35 -37 -38 -39
leaf_value=0.0098382322340050139 -0.00063679441732737414 0.32270083192462579 -0.027460096478893629 0.016308808745962466 1.2143997909709559 0.25243132710636573 0.24007096415798462 0.40485961089656658 0.0099631921121620115 0.01927900577964391 -0.046309603610116684 0.011518317350233866 0.20354918832513927 -0.010658887395432859 -0.026415315448584761 0.59482753118186271 0.31080486139983721 0.021947682635575158 -0.015748333859963104 0.078200081305875371 0.40622625538782597 0.051709361091864345 -0.082789469555127726 -0.047917834320666625 -0.015683174246431713 -0.056400679883895154 0.027247405861335824 0.30796707362400083 0.23641478241746924 -0.098965728952317117 0.19155330585498143 -0.038555576406099822 -0.00086663440145832917 -0.022353191580804597 0.059757758054053374 0.26836777214165147 0.12361022827456862 -0.032289417215646876
leaf_weight=8323 1315 194 11654 20451 148 267 155 276 15848 175 7395 2842 456 41347 9512 152 270 8674 233 547 167 7387 236 9845 12590 2341 379 434 263 2533 375 596 5577 1700 1262 228 378 32257
leaf_count=8323 1315 194 11654 20451 148 267 155 276 15848 175 7395 2842 456 41347 9512 152 270 8674 233 547 167 7387 236 9845 12590 2341 379 434 263 2533 375 596 5577 1700 1262 228 378 32257
internal_value=-0.00506842 0.0060443 0.0131172 0.0204555 0.0395932 0.100677 0.366258 0.0604653 0.0291104 0.255248 -0.0152529 0.0322087 0.0668664 -0.0113969 0.0105206 0.0862089 0.260561 0.00263131 0.15954 0.0320616 0.154928 0.0605378 0.0452004 -0.0166225 0.0057659 0.01708 0.0250708 0.177105 0.0191036 -0.0499391 -0.035095 0.050313 -0.0309029 -0.0173242 0.0309104 0.091681 -0.019404 -0.0201385
internal_weight=208782 99841 76096 64442 27984 4099 539 3560 23885 451 108941 3109 8037 98042 20870 1970 655 18900 503 9388 714 7843 391 23745 36458 23868 21527 813 20714 10899 8366 971 15422 77172 3190 1490 73982 73604
internal_count=208782 99841 76096 64442 27984 4099 539 3560 23885 451 108941 3109 8037 98042 20870 1970 655 18900 503 9388 714 7843 391 23745 36458 23868 21527 813 20714 10899 8366 971 15422 77172 3190 1490 73982 73604
is_linear=0
shrinkage=0.03


Tree=78
num_leaves=39
num_cat=0
split_feature=196 205 193 56 105 202 208 208 208 202 76 205 190 94 104 207 208 208 35 149 208 161 105 207 205 56 95 206 207 76 95 75 206 208 208 56 76 208
split_gain=25234 17448.7 20082.8 16370.2 16256.9 16153.6 62984.5 52823.6 110998 14936.1 14673.4 21668.7 14306.2 13428.6 16280 10691.1 10421.5 10077.8 15225.3 17403.4 16885 12832.7 9785.77 9668.92 12299.1 9665.25 10597.1 9486.88 12962.2 9474.07 9000.2 8982.36 26849.8 10552.5 8525.96 12146.9 7875.84 7815.18
threshold=7.5000000000000009 -0.68301269412040699 16.150000572204593 43.294235229492195 -49.962715148925774 0.46173103153705602 -0.099822327494621263 0.32410992681980139 0.30778898298740393 0.30069434642791754 13.902046680450441 0.25000000000000011 0.7189338505268098 20.305608749389652 132.00208282470706 -0.99763298034667958 0.76002004742622387 -0.30982844531536097 236.63307952880862 7.6749999523162851 0.96177148818969738 26.885000228881839 33.443210601806648 -0.75579217076301564 0.68301269412040722 10.554031372070314 11.643692493438722 1.0000000180025095e-35 0.63920241594314586 40.738109588623054 35.72210884094239 8.2136101722717303 0.68301269412040722 0.54759982228279125 0.8930937945842744 111.26184844970705 13.103073120117189 1.0000000180025095e-35
decision_type=2 2 2 8 8 2 2 2 2 2 8 2 8 8 10 2 2 2 8 2 2 2 10 2 2 10 10 2 2 8 10 8 2 2 2 10 8 2
left_child=1 29 9 4 -4 16 -7 8 -8 23 11 -11 -9 15 30 37 31 21 19 -19 22 -17 -21 24 -3 26 -6 28 36 -1 -15 32 -5 -33 -18 -36 -25 -2
right_child=13 2 3 5 25 6 7 12 -10 10 -12 -13 -14 14 -16 17 34 18 -20 20 -22 -23 -24 27 -26 -27 -28 -29 -30 -31 -32 33 -34 -35 35 -37 -38 -39
leaf_value=0.0091096998397682746 -0.023769643879201788 0.30853772667675761 0.038452740531980396 0.0010201675137340841 -0.022475732080652198 -0.051298513809510927 0.20059536793249175 -0.058043820640101426 1.0176886997814754 0.008146177628342707 0.0277843156308199 0.50267093254807482 0.11455811616452341 -0.055342874178865617 0.24760209999492325 -0.013708931725698781 -0.0539946747338544 0.0023361632560997677 -0.023194202584149951 0.04261372831878954 0.34680440083072428 -0.062207636220096368 0.23144084336986201 -0.10036301460330301 0.021309667173900829 -0.017601077905216034 0.22782286430944315 -0.040740911718441873 0.2232284492934864 -0.030496778319297122 0.17499514214135556 0.019198697421426276 0.3941924840672793 0.067472607256579678 -0.00057601657589931386 0.18886564764843897 0.026289963186360579 -0.13144702231376282
leaf_weight=8446 1318 159 8079 435 301 2061 1068 563 174 161 1410 158 1860 10130 166 44711 2389 24266 15944 4940 181 5516 260 559 859 16384 308 12424 256 15250 155 16011 244 5467 2395 349 2109 1124
leaf_count=8446 1318 159 8079 435 301 2061 1068 563 174 161 1410 158 1860 10130 166 44711 2389 24266 15944 4940 181 5516 260 559 859 16384 308 12424 256 15250 155 16011 244 5467 2395 349 2109 1124
internal_value=-0.00478261 0.00610336 0.0130965 0.0216934 0.00341774 0.0355717 0.0813827 0.155996 0.315075 -0.0145008 0.0693549 0.253092 0.0744527 -0.0147842 -0.0471144 -0.0113455 0.0259596 -0.00976573 0.000446259 0.01316 0.0619706 -0.0190351 0.0520556 -0.0233599 0.0661742 -0.013239 0.104113 -0.0292986 0.0193195 -0.0163798 -0.0518714 0.0348827 0.142311 0.0314864 -0.0125574 0.0235188 -0.000246512 -0.0733317
internal_weight=208590 99879 76183 58088 25072 33016 5726 3665 1242 18095 1729 319 2423 108711 10451 98260 27290 95818 45591 29647 5381 50227 5200 16366 1018 16993 609 15348 2924 23696 10285 22157 679 21478 5133 2744 2668 2442
internal_count=208590 99879 76183 58088 25072 33016 5726 3665 1242 18095 1729 319 2423 108711 10451 98260 27290 95818 45591 29647 5381 50227 5200 16366 1018 16993 609 15348 2924 23696 10285 22157 679 21478 5133 2744 2668 2442
is_linear=0
shrinkage=0.03


Tree=79
num_leaves=39
num_cat=0
split_feature=208 208 123 202 206 132 193 96 55 202 56 208 208 132 122 141 200 200 208 201 209 162 205 203 202 56 200 54 193 197 96 208 201 208 193 205 84 209
split_gain=18411.8 29545.6 30035.4 31474.8 35039.3 70106.6 25207.1 23247.8 26471.9 24877.4 21410.8 21014 130544 17606.3 16517.5 16098.2 15760.4 25356.5 26452.5 13832.4 14064.3 23885.6 20120.9 15703.8 22325.2 19067.7 18551.6 22121.1 16094.6 14092.6 13095.6 15067.6 37907.6 14334.9 37922.2 14631.4 12852.9 12839.8
threshold=0.10623887926340105 0.74872833490371715 6.7138941287994394 0.76037701964378368 0.68301269412040722 -46.766191482543938 24.050000190734867 8.7417922019958514 82.983604431152358 -0.52247866988182057 23.176536560058597 0.91511079668998729 0.92191100120544445 -44.182651519775384 42.361698150634773 -19.795981407165524 12.84999990463257 12.449999809265138 0.55478650331497203 637.50000000000011 4.5000000000000009 3.3280861377716069 -0.93301269412040699 0.026175950653851036 -0.86159634590148915 27.323628425598148 19.250000000000004 72.265548706054702 24.050000190734867 975.45001220703136 16.215006828308109 0.59696555137634288 72.500000000000014 0.15738975256681445 29.550000190734867 0.68301269412040722 0.92500001192092907 2.5000000000000004
decision_type=2 2 10 2 2 10 2 8 10 2 8 2 2 8 8 10 2 2 2 2 2 2 2 2 2 8 2 10 2 2 10 2 2 2 2 2 8 2
left_child=19 2 10 30 -5 -6 -7 8 -3 13 -2 -10 -13 -9 -11 16 17 -12 -19 20 22 -22 -1 26 25 -25 27 -24 -26 -27 31 -4 -33 34 35 -32 -15 -18
right_child=1 7 3 4 5 6 -8 9 11 14 15 12 -14 36 -16 -17 37 18 -20 -21 21 -23 23 24 28 29 -28 -29 -30 -31 33 32 -34 -35 -36 -37 -38 -39
leaf_value=-0.076774849636510351 0.12196452701685802 0.0029118082174347938 0.050505892663447162 0.068733199960207603 0.90451228330768396 0.045669429369276329 0.4826477291978214 -0.0075031453254877211 0.0015969290164773707 -0.0289798666899224 0.0303199837303617 0.91512062330530086 0.047777117202137925 0.16151682515747889 0.035152111568425508 -0.028327571237891383 0.041255556008749902 0.52212465732176383 0.057433937566760788 -0.029806778326049041 -0.0071951030195345168 -0.07179885082871193 0.0016248055693777075 0.21614264633244754 -0.032612623343138941 -0.14708860631725099 -0.098098253624226292 0.26504043221935225 0.055149561280942019 0.089356511202130562 0.55314892915718739 0.62839927202473844 0.10239519862118307 0.0081190738640420836 -0.042627167604714113 0.20426462708292717 -0.061493754853687466 -0.023159906510191682
leaf_weight=1938 1313 3226 4427 1363 150 400 169 9879 483 6051 10582 203 677 236 8976 13105 3681 196 252 33343 43304 5846 4839 1073 3187 256 1660 305 4588 1993 156 145 824 11430 587 353 16056 11441
leaf_count=1938 1313 3226 4427 1363 150 400 169 9879 483 6051 10582 203 677 236 8976 13105 3681 196 252 33343 43304 5846 4839 1073 3187 256 1660 305 4588 1993 156 145 824 11430 587 353 16056 11441
internal_value=-0.00485687 0.00388349 0.0176304 0.0477146 0.158122 0.327571 0.175464 -0.014303 0.049747 -0.0214374 0.00279663 0.160597 0.247866 -0.0391024 0.00932773 -0.00118911 0.0124102 0.0396792 0.260744 -0.0139414 -0.00627347 -0.0148792 0.0150468 0.0249876 0.0469897 0.112087 -0.0108967 0.0172439 0.0191755 0.0624417 0.0348885 0.0739601 0.181112 0.018057 0.121697 0.311201 -0.0582632 -0.00747984
internal_weight=208693 106361 60574 20004 2082 719 569 45787 4589 41198 40570 1363 880 26171 15027 39257 26152 11030 448 102332 68989 49150 19839 17901 11097 3322 6804 5144 7775 2249 17922 5396 969 12526 1096 509 16292 15122
internal_count=208693 106361 60574 20004 2082 719 569 45787 4589 41198 40570 1363 880 26171 15027 39257 26152 11030 448 102332 68989 49150 19839 17901 11097 3322 6804 5144 7775 2249 17922 5396 969 12526 1096 509 16292 15122
is_linear=0
shrinkage=0.03


Tree=80
num_leaves=39
num_cat=0
split_feature=196 200 105 208 96 204 200 165 56 96 209 16 201 204 75 201 202 193 208 168 193 201 141 199 193 197 209 193 36 197 193 208 204 197 122 191 123 17
split_gain=23141.6 27190.2 18059.9 20063.8 36504.2 33745.7 77401.7 17587.8 17825.3 14595.6 14191.4 19021.4 16872.8 13872.1 13147.6 12078.7 11375 13958.6 12160.2 12140.3 11255.3 12967.8 22457.2 24406.4 13269.4 17449.9 10507.9 11140.8 10899.9 10339.2 9649 13786.8 15808.3 27102.9 9645.98 9389.74 9185.97 15366.7
threshold=7.5000000000000009 16.150000572204593 13.710419178009035 0.274878740310669 11.4690318107605 21.000000000000004 10.650000095367433 5.3131937980651864 112.8940773010254 19.279663085937504 5.5000000000000009 35.883872985839851 82.500000000000014 3.0000000000000004 76.786743164062514 887.50000000000011 0.30069434642791754 12.449999809265138 0.76002004742622387 4.9629526138305673 10.750000000000002 242.50000000000003 -3.3224073648452754 74.500000000000014 31.349999427795414 976.95001220703136 3.5000000000000004 6.4500000476837167 339.59889221191412 989.54998779296886 20.150000572204593 0.34033495187759405 9.0000000000000018 979.35000610351574 38.092540740966804 15.631028175354006 9.9879698753356951 84.903888702392592
decision_type=2 2 10 2 8 2 2 2 10 10 2 10 2 2 10 2 2 2 2 2 2 2 10 2 2 2 2 2 10 2 2 2 2 2 10 10 10 10
left_child=1 2 3 10 5 7 -7 8 -5 26 11 12 -1 -9 15 -13 18 -18 19 -6 -3 22 -22 -24 35 -26 28 -28 30 -30 -2 32 33 -32 -4 -25 -29 -38
right_child=9 20 34 4 16 6 -8 13 -10 -11 -12 14 -14 -15 -16 -17 17 -19 -20 -21 21 -23 23 24 25 -27 27 36 29 -31 31 -33 -34 -35 -36 -37 37 -39
leaf_value=0.48414504237545342 -0.016893674058584267 -0.084994877160401563 -0.018489516303589425 0.097518379425580864 0.022784518485833502 0.0125869026132419 0.69528456906566927 0.22657080737284807 0.27372108140956902 -0.04718584258268585 -0.01505073760793289 0.050952393791082115 0.099348624050090262 -0.021821310241412237 -0.093085207972135139 -0.019075853134435116 0.28375940474194006 0.052687067231006794 -0.044467878586846095 0.2696428394309105 -0.0070793625791401174 -0.030104482080780877 0.42938912559039999 -0.060094284218601773 0.060467818610267142 0.45787805969240591 -0.17094209324259765 -0.010156390945510229 0.034713604293116956 0.24259655519672785 0.2455506673942055 0.075045027681714255 -0.032974145583849757 -0.0073777535518356153 0.033859096580268408 0.065778180304904274 -0.042024879768685387 0.23413128585105752
leaf_weight=148 9748 1844 13450 3379 4970 326 276 233 610 10895 9903 8846 334 1538 789 2958 263 2232 2976 186 20930 16096 167 710 255 163 413 65035 606 334 564 3301 4195 1177 4144 2144 12538 184
leaf_count=148 9748 1844 13450 3379 4970 326 276 233 610 10895 9903 8846 334 1538 789 2958 263 2232 2976 186 20930 16096 167 710 255 163 413 65035 606 334 564 3301 4195 1177 4144 2144 12538 184
internal_value=-0.00468488 0.00574709 0.0191674 0.0303167 0.0550367 0.111872 0.325591 0.0895346 0.124464 -0.0142439 0.0120396 0.0325579 0.21751 0.010859 0.0254787 0.0334038 0.0210114 0.0770457 0.00381929 0.0316904 -0.0125111 -0.00920797 0.0045944 0.0756417 0.0575855 0.215447 -0.0105852 -0.0155424 0.0088629 0.10858 0.00392553 0.0258965 -0.00143491 0.0745595 -0.00615956 0.0344642 -0.014717 -0.0380306
internal_weight=208860 99870 57561 39967 16989 6362 602 5760 3989 108990 22978 13075 482 1771 12593 11804 10627 2495 8132 5156 42309 40465 24369 3439 3272 418 98095 78170 19925 940 18985 9237 5936 1741 17594 2854 77757 12722
internal_count=208860 99870 57561 39967 16989 6362 602 5760 3989 108990 22978 13075 482 1771 12593 11804 10627 2495 8132 5156 42309 40465 24369 3439 3272 418 98095 78170 19925 940 18985 9237 5936 1741 17594 2854 77757 12722
is_linear=0
shrinkage=0.03


Tree=81
num_leaves=39
num_cat=0
split_feature=194 205 208 207 208 162 207 96 207 207 96 204 199 199 207 206 208 159 208 199 194 206 207 194 162 206 183 199 207 207 85 207 123 94 205 199 123 204
split_gain=22552.2 34364.1 28765.5 31843.4 89621.1 126893 26790.6 26410.3 29591.3 180700 24917.6 24014.6 29466.7 19896.9 57791.9 19979.9 17330 17319 17257 42466.4 14592.8 26217.1 20465.3 14752.5 14359.7 13463.6 12703.7 11786.1 12611.3 12600.5 11307.6 14028 11257.1 11526.5 11032.1 10132.9 9164.74 8982.67
threshold=76.500000000000014 0.68301269412040722 0.12332734838128091 -0.76694339513778675 0.62420859932899486 6.9823241233825692 0.93237596750259411 11.4690318107605 -0.37447345256805414 -0.39036798477172846 13.691872119903566 21.000000000000004 113.50000000000001 193.50000000000003 0.98932364583015453 0.68301269412040722 0.74872833490371715 3.3842465877532963 0.30778898298740393 298.50000000000006 40.500000000000007 0.68301269412040722 0.99995782971382152 12.500000000000002 3.3280861377716069 -0.68301269412040699 50.078111648559577 236.50000000000003 0.9159645438194276 0.96687895059585582 56.024999618530281 -0.32614396512508387 15.316441059112551 25.725140571594242 0.25000000000000011 197.50000000000003 7.9624972343444833 7.0000000000000009
decision_type=2 2 2 2 2 2 2 10 2 2 10 2 2 2 2 2 2 2 2 2 2 2 2 2 2 2 10 2 2 2 8 2 8 8 2 2 10 2
left_child=1 2 20 4 11 -6 -3 8 9 -5 -2 26 -13 14 25 -16 -10 -14 37 -20 21 35 24 -23 -22 -9 -4 29 -29 -25 -12 -32 -15 -34 -33 -1 -28 -8
right_child=10 6 3 7 5 -7 18 13 16 -11 30 12 17 32 15 -17 -18 -19 19 -21 22 23 -24 27 -26 -27 36 28 -30 -31 31 34 33 -35 -36 -37 -38 -39
leaf_value=0.017375214009910524 -0.0098581843882100239 0.012433907471914005 -0.013031193116255191 0.0002454504382107887 1.1931109759310294 0.11115349762236544 0.041672043960383022 0.046652016990240186 0.098312953659957861 1.0522293363296953 -0.042281534162225562 0.55355621814478195 0.04729067309230188 -0.057151929705128772 0.15192723988501108 0.52308186573687243 -0.00098198760337666192 0.3182238671914297 0.048849914917853621 0.53034830690200052 -0.025244029983741714 0.33236254642741431 0.27167907894945842 0.042577021997325139 -0.075769536069922122 -0.024371285846856352 0.027751070860270666 -0.084640630854707674 0.053931094238128217 0.22688101217941428 0.0010324699982222293 -0.06663642506713495 -0.010185835562080189 -0.12904043862489673 -0.21769713040974206 -0.032049009262631711 0.10376790465317792 0.1114128949418603
leaf_weight=5171 55759 15426 5308 763 146 294 4719 4237 2156 182 10524 148 981 7579 272 251 5941 271 463 256 24125 174 196 748 6407 5547 5379 792 2330 603 699 726 20236 762 1086 13428 1943 2566
leaf_count=5171 55759 15426 5308 763 146 294 4719 4237 2156 182 10524 148 981 7579 272 251 5941 271 463 256 24125 174 196 748 6407 5547 5379 792 2330 603 699 726 20236 762 1086 13428 1943 2566
internal_value=-0.00452599 0.00239369 -0.00428029 0.00959208 0.0485956 0.470185 0.0355415 -0.00218401 0.0439983 0.202859 -0.0185878 0.0353736 0.153261 -0.0129232 0.0228099 0.33006 0.0254575 0.105937 0.0800762 0.220293 -0.0203173 -0.00238269 -0.0338849 0.0613552 -0.0358466 0.00638561 0.022306 0.0508122 0.0187775 0.12484 -0.0559301 -0.113133 -0.0258112 -0.014499 -0.157174 -0.0183078 0.0479234 0.0662371
internal_weight=208594 139800 116370 62396 14470 440 23430 47926 9042 945 68794 14030 1400 38884 10307 523 8097 1252 8004 719 53974 23246 30728 4647 30532 9784 12630 4473 3122 1351 13035 2511 28577 20998 1812 18599 7322 7285
internal_count=208594 139800 116370 62396 14470 440 23430 47926 9042 945 68794 14030 1400 38884 10307 523 8097 1252 8004 719 53974 23246 30728 4647 30532 9784 12630 4473 3122 1351 13035 2511 28577 20998 1812 18599 7322 7285
is_linear=0
shrinkage=0.03


Tree=82
num_leaves=39
num_cat=0
split_feature=196 205 204 201 208 201 208 56 76 96 199 199 193 56 204 156 208 199 201 141 198 204 199 123 209 193 208 141 208 199 205 208 16 75 208 123 209 198
split_gain=20336.3 15168.3 20063.4 16828.3 15839.9 21812.3 24194.1 20689.8 19481.3 13907.7 13643.9 41834.7 15560.2 18630.3 12670.7 16962.4 18206.2 16031 19020.7 11714.7 9801.11 9767.04 9376.84 16776 10426.2 9067.67 10330 24984.4 54736.2 19785 58999.8 15590.3 12002.2 12682.4 13256.3 11779.9 10197.1 16518.2
threshold=7.5000000000000009 -0.68301269412040699 7.0000000000000009 302.50000000000006 0.63755506277084362 47.500000000000007 0.62420859932899486 11.657660007476808 8.8237452507019061 19.739416122436527 76.500000000000014 72.500000000000014 26.050000190734867 46.851789474487312 21.000000000000004 4.7123630046844491 0.56191161274909984 148.50000000000003 122.50000000000001 -15.701006412506102 11.34999990463257 21.000000000000004 153.50000000000003 2.9009668827056889 3.5000000000000004 6.4500000476837167 0.29958851635456091 -15.284713268280028 0.59696555137634288 298.50000000000006 0.25000000000000011 0.34033495187759405 153.44863891601565 6.5132930278778085 0.99681594967842113 5.3788096904754648 11.500000000000002 11.250000000000002
decision_type=2 2 2 2 2 2 2 10 10 10 2 2 2 8 2 2 2 2 2 10 2 2 2 10 2 2 2 10 2 2 2 2 8 10 2 8 2 2
left_child=1 -1 4 10 5 6 7 -3 -9 25 11 12 21 -14 17 -16 -17 18 -12 -19 -5 -4 -7 24 -24 -2 35 32 29 31 -31 -29 36 34 -34 -27 -28 -38
right_child=9 2 3 20 -6 22 -8 8 -10 -11 14 -13 13 -15 15 16 -18 19 -20 -21 -22 -23 23 -25 -26 26 27 28 -30 30 -32 -33 33 -35 -36 -37 37 -39
leaf_value=-0.015519364854986149 -0.13643073801033881 0.38043971437442253 0.16892185944943686 0.022353022407696651 -0.033325163114788239 -0.0448484795762535 0.40647470355575477 0.30065936803575694 0.027101168325966353 -0.049536313667093233 0.41136753713520857 0.50429377962233857 0.025237824848740528 0.46356617947326539 -0.0023667827580629778 0.25039412815912077 -0.042880382275164754 0.025836082451844673 0.086889158701662875 0.10321514701216353 -0.020135623421017577 -0.06582720521325798 -0.092694278181453399 0.038117275388380778 -0.0061656071240213002 -0.0036663567480240632 0.0091345793271971048 -0.11454298036881398 0.63716333066579611 0.0067938850619138633 0.51659618341448987 0.05379583248859806 -0.01809562730686828 -0.033272323804785738 0.15079759608470422 -0.028051961558797175 0.053541834215836484 0.36155516916523112
leaf_weight=23720 509 163 215 16278 11585 4586 173 244 5885 8768 253 234 184 166 6896 516 302 4902 455 2748 6982 618 1739 6679 4487 36559 8912 651 151 623 304 2068 983 12618 728 34799 941 188
leaf_count=23720 509 163 215 16278 11585 4586 173 244 5885 8768 253 234 184 166 6896 516 302 4902 455 2748 6982 618 1739 6679 4487 36559 8912 651 151 623 304 2068 983 12618 728 34799 941 188
internal_value=-0.00433153 0.00543356 0.0119482 0.0263162 -0.00452518 0.00940234 0.0564879 0.0468643 0.0379922 -0.0133075 0.0485496 0.137789 0.06529 0.233139 0.0406816 0.0129548 0.142119 0.0662719 0.202844 0.053632 0.0095991 -0.00523603 -0.00800135 0.00509287 -0.0303343 -0.0101321 -0.00948611 0.00589745 0.0774775 0.0542963 0.173982 0.0134907 -0.00525518 -0.0228792 0.0537656 -0.0155584 0.0198951 0.104835
internal_weight=208812 100010 76290 40749 35541 23956 6465 6292 6129 108802 17489 1417 1183 350 16072 7714 818 8358 708 7650 23260 833 17491 12905 6226 100034 99525 28167 3797 3646 927 2719 24370 14329 1711 71358 10041 1129
internal_count=208812 100010 76290 40749 35541 23956 6465 6292 6129 108802 17489 1417 1183 350 16072 7714 818 8358 708 7650 23260 833 17491 12905 6226 100034 99525 28167 3797 3646 927 2719 24370 14329 1711 71358 10041 1129
is_linear=0
shrinkage=0.03


Tree=83
num_leaves=39
num_cat=0
split_feature=194 204 204 199 94 194 97 197 201 155 201 202 120 114 200 198 141 114 194 200 205 199 74 193 201 194 194 79 201 208 198 36 194 197 197 193 208 208
split_gain=20683.5 33376.8 19326.4 22197 19389.6 19283.8 18570.5 16449.9 15071.1 13673 19270.8 14748 16762.1 45978 84756.6 13505.6 12326.7 11499.7 13170.1 18090.9 10837.3 35007.9 10389.7 9990.97 9648.46 10757.4 9591.1 9549.38 9458.72 8645.25 13602.7 19596.3 8856.82 9171.79 8126.72 7928.79 7988.89 16930.9
threshold=54.500000000000007 13.000000000000002 19.000000000000004 74.500000000000014 14.590217590332033 36.500000000000007 12.304234981536867 979.35000610351574 57.500000000000007 271.63999938964849 32.500000000000007 0.39873388409614569 58.425001144409187 50.306463241577156 7.7500000000000009 11.449999809265138 -1.385480463504791 -1006.2651977539061 48.500000000000007 23.44999980926514 0.68301269412040722 293.50000000000006 13.721000194549562 16.849999427795414 917.50000000000011 25.500000000000004 13.500000000000002 1.7063178420066836 62.500000000000007 0.33222858607769018 3.6499999761581425 191.95872497558597 22.500000000000004 976.35000610351574 987.25000000000011 8.9499998092651385 0.8930937945842744 0.92191100120544445
decision_type=2 2 2 2 8 2 2 2 2 2 2 2 8 8 2 2 10 10 2 2 2 2 8 2 2 2 2 8 2 2 2 10 2 2 2 2 2 2
left_child=1 15 4 5 -3 7 8 -4 9 11 -11 35 -13 14 -14 17 27 24 19 20 28 -22 -15 -17 25 -1 -5 -10 -19 32 31 -31 33 -28 -29 -2 -37 -38
right_child=6 2 3 26 -6 -7 -8 -9 16 10 -12 12 13 22 -16 23 -18 18 -20 -21 21 -23 -24 -25 -26 -27 29 34 -30 30 -32 -33 -34 -35 -36 36 37 -39
leaf_value=-0.018486258593280312 -0.091579616157624583 0.00080500657508794453 0.15755839218814624 0.21461101076277886 -0.046994404179977564 0.033785998173554453 -0.087457415702054134 0.48534456989561103 -0.014642786397809046 0.40973489752506653 0.010377054013875774 -0.0079048140795498888 0.061925689838501288 0.11764508433219592 0.9612446649266958 0.17050995162252022 -0.086753568548917498 0.12523123357379573 -0.017743932312075241 0.36225472959121896 0.016078115235420139 0.2085858155155953 0.0090373360496145971 -0.015541411672504914 0.019223531201756648 0.12046706826401017 -0.037298601957791409 0.034226838229053987 0.018333860842311821 -6.1449470780778104e-05 0.023501572496783023 0.48334323475352092 -0.043745992242831822 0.099044689526567822 0.25413127575199196 -0.010213516186600487 0.16994996728513967 0.009819053532965966
leaf_weight=581 912 16339 464 198 14342 768 2820 196 97496 183 268 2967 260 1289 148 271 2129 796 4208 157 2429 1308 2059 6262 1843 3661 814 611 11620 154 2459 148 3829 977 201 18740 697 4031
leaf_count=581 912 16339 464 198 14342 768 2820 196 97496 183 268 2967 260 1289 148 271 2129 796 4208 157 2429 1308 2059 6262 1843 3661 814 611 11620 154 2459 148 3829 977 201 18740 697 4031
internal_value=-0.00429166 0.00847284 -0.00973095 0.0264722 -0.0215391 0.135986 -0.0112816 0.254907 -0.00965413 0.0084318 0.172428 0.00605375 0.0453926 0.0874942 0.388165 0.0308254 -0.0153361 0.0403166 0.0295751 0.0417835 0.0386685 0.0834588 0.0508523 -0.00782339 0.0765355 0.101435 0.00824312 -0.0137895 0.0251873 0.00336743 0.0468381 0.236845 -0.0179889 0.0370773 0.0886641 -0.0047943 -0.00142165 0.0334259
internal_weight=208635 73824 40688 10007 30681 1428 134811 660 131991 31554 451 31103 6723 3756 408 33136 100437 26603 20518 16310 16153 3737 3348 6533 6085 4242 8579 98308 12416 8381 2761 302 5620 1791 812 24380 23468 4728
internal_count=208635 73824 40688 10007 30681 1428 134811 660 131991 31554 451 31103 6723 3756 408 33136 100437 26603 20518 16310 16153 3737 3348 6533 6085 4242 8579 98308 12416 8381 2761 302 5620 1791 812 24380 23468 4728
is_linear=0
shrinkage=0.03


Tree=84
num_leaves=39
num_cat=0
split_feature=198 97 147 56 123 197 202 132 54 59 132 132 160 175 203 95 200 199 203 201 36 56 123 94 91 181 54 57 76 197 198 201 200 76 74 201 161 161
split_gain=18278.2 14654.4 13919.9 16142.6 20699.2 16967 27229.5 15474.1 13835.4 10786 10200.8 9076.97 8905.48 7621.48 7103.63 7361.88 6941.68 6922.11 8896.57 11554.7 6313.97 13557.1 9030.64 10658 6711.11 6124.8 5793.83 5793.28 5767.78 8537.33 9153.84 12210 5577.84 5181.75 4775.66 4609.03 18662 6093.56
threshold=12.550000190734865 13.645881175994875 1.0000000180025095e-35 25.064483642578129 6.9541068077087411 975.75000000000011 0.35019405186176306 -53.964227676391594 18.39935398101807 0.58398583531379711 -22.573648452758786 -87.316574096679673 1.0000000180025095e-35 130.60999679565433 0.1650413200259209 8.7756133079528826 18.44999980926514 327.50000000000006 0.095842104405164733 602.50000000000011 237.23493957519534 50.727334976196296 8.5695962905883807 19.67346286773682 9.6125001907348651 92.000000000000014 47.873571395874031 32.220001220703132 14.881601333618166 987.04998779296886 13.34999990463257 257.50000000000006 14.650000095367433 84.290401458740249 17.852035522460941 32.500000000000007 797.08999633789074 1012.2050170898439
decision_type=2 2 2 10 8 2 2 8 10 10 10 8 2 2 2 10 2 2 2 2 10 10 8 10 8 2 10 10 8 2 2 2 2 10 8 2 2 2
left_child=1 2 3 10 13 14 8 -8 -7 28 17 -4 -3 -5 15 -6 -16 18 -1 -20 21 22 23 -13 -22 -26 -24 -27 -2 -30 31 -31 -19 34 -14 36 -23 -37
right_child=9 12 11 4 5 6 7 -9 -10 -11 -12 20 33 -15 16 -17 -18 32 19 -21 24 35 26 -25 25 27 -28 -29 29 30 -32 -33 -34 -35 -36 37 -38 -39
leaf_value=0.010683393971671637 -0.063541975876934539 -0.26573348936785796 0.077694103539656209 -0.011618143431569788 -0.0093719564719708728 -0.15260263260254825 -0.025692240096894289 0.077905849636271382 0.011578512500968719 -0.067018330769556683 0.14122358559464404 0.003094716501859422 -0.13538887685597065 -0.093351264947856158 -0.009854725434190267 -0.078472790123501557 0.10564960966454615 0.054112612889627348 0.10836545775435265 -0.003296078018007477 0.01678896461011805 0.021871543627569146 -0.030356166752024502 -0.092929495562660502 -0.020960637798165972 -0.050423159316427935 0.023949868972615106 -0.13581184521186343 -0.019222793980721069 0.32799756124192786 0.014257391982715951 -0.017381948138997648 -0.080291022766141126 -0.19483226728687753 -0.027609305826697527 0.037804165359799163 0.3998328371001269 -0.044109679269966492
leaf_weight=3611 2199 175 1048 37124 2683 467 1511 9188 42580 5242 883 26377 415 1056 2523 2874 575 432 2839 1181 2165 519 21822 1083 5609 3339 1924 910 13970 219 1251 159 779 203 3412 5081 152 974
leaf_count=3611 2199 175 1048 37124 2683 467 1511 9188 42580 5242 883 26377 415 1056 2523 2874 575 432 2839 1181 2165 519 21822 1083 5609 3339 1924 910 13970 219 1251 159 779 203 3412 5081 152 974
internal_value=-0.00399458 -0.000864668 0.000419407 0.00708854 0.00351995 0.0141654 0.0204429 0.0632748 0.00979733 -0.029196 0.0439966 -0.00994135 -0.0562307 -0.0138788 -0.024817 -0.04511 0.0115834 0.0342869 0.0448611 0.0755614 -0.0112542 -0.00714831 -0.012408 -0.000692416 -0.0310383 -0.0415421 -0.025956 -0.068711 -0.0180562 -0.011644 0.0533495 0.182721 -0.0323448 -0.0471325 -0.0392973 0.0328947 0.107495 0.0246275
internal_weight=208554 185514 181309 110306 100581 62401 53746 10699 43047 23040 9725 71003 4205 38180 8655 5557 3098 8842 7631 4020 69955 57932 51206 27460 12023 9858 23746 4249 17798 15599 1629 378 1211 4030 3827 6726 671 6055
internal_count=208554 185514 181309 110306 100581 62401 53746 10699 43047 23040 9725 71003 4205 38180 8655 5557 3098 8842 7631 4020 69955 57932 51206 27460 12023 9858 23746 4249 17798 15599 1629 378 1211 4030 3827 6726 671 6055
is_linear=0
shrinkage=0.03


Tree=85
num_leaves=39
num_cat=0
split_feature=194 205 208 207 207 161 202 202 207 75 197 202 208 196 208 199 194 207 190 36 207 91 193 123 191 193 193 208 202 177 149 193 197 88 202 193 205 207
split_gain=19569 30540.1 24890.7 28780.1 74857.6 105920 27512.7 105507 23935.3 18443.5 16873.7 14715 57489.7 13871.1 13755.7 38675.3 13676.7 19842.5 16735.3 15762.1 13191 13157.3 11786.8 12694.7 11673.9 11584.2 16292.4 13592.9 9472.12 9381.51 9279.08 9242.19 10209.4 9040.55 8892.82 8528.48 8128.81 8092.38
threshold=76.500000000000014 0.68301269412040722 0.12332734838128091 -0.76694339513778675 -0.77786767482757557 1130.3900146484377 0.96359375119209301 0.97233289480209362 0.93237596750259411 37.221294403076179 975.45001220703136 -0.095842104405164705 0.15738975256681445 40.500000000000007 0.30778898298740393 298.50000000000006 40.500000000000007 0.99995782971382152 0.57400068640708934 105.67216873168947 -0.75579217076301564 16.412499427795414 28.849999427795414 -13.763208389282225 23.306394577026371 25.94999980926514 27.050000190734867 -0.25206183642148966 -0.81408452987670887 4.3148295879364023 35.039999008178718 29.94999980926514 978.75000000000011 3.8125000000000004 -0.043617725372314446 6.4500000476837167 -0.68301269412040699 -0.92923668026924122
decision_type=2 2 2 2 2 2 2 2 2 10 2 2 2 2 2 2 2 2 8 10 2 10 2 10 10 2 2 2 2 2 2 2 2 8 2 2 2 2
left_child=1 2 16 4 6 -6 30 -8 29 35 -10 20 36 37 25 -16 18 19 31 -18 24 33 23 -14 -5 27 28 -12 -27 -3 -4 32 -1 -22 -20 -2 -13 -11
right_child=9 8 3 11 5 -7 7 -9 10 13 14 12 22 -15 15 -17 17 -19 34 -21 21 -23 -24 -25 -26 26 -28 -29 -30 -31 -32 -33 -34 -35 -36 -37 -38 -39
leaf_value=0.15593053197610068 -0.11647273787288061 0.020310976900817353 0.020803417309944901 0.01397362314561525 1.091097537256267 0.10799950467560447 0.87197327516633993 -0.00036273772994941067 -0.13690897961643286 0.097512405075641309 -0.15247074448533318 0.18207060877433542 0.040794882918768566 -0.07318388445795429 0.046487709994317471 0.50196813451409905 -0.014790520195882187 0.26371062690367181 -0.026599591323913367 -0.058312240752698738 0.18828365003710182 -0.03867989860967648 0.12574870215358125 -0.023915412449385186 -0.2907849561265774 0.41535176581349448 0.071521946826658703 0.063679421657629895 0.14385651319455253 -0.052451319084196868 0.18556933632088241 0.0210007723732452 -0.027025232549268127 0.00014327009539960358 0.022576996783549776 -0.0056337024767217966 0.4398865954450335 -0.026645228016968624
leaf_weight=1098 633 13693 13113 188 146 304 168 485 323 492 275 171 4953 7606 473 260 17083 203 13887 13336 232 10090 781 6075 284 259 805 5470 209 1805 315 3659 366 24874 4345 48074 309 11895
leaf_count=1098 633 13693 13113 188 146 304 168 485 323 492 275 171 4953 7606 473 260 17083 203 13887 13336 232 10090 781 6075 284 259 805 5470 209 1805 315 3659 366 24874 4345 48074 309 11895
internal_value=-0.0039186 0.00251513 -0.0037877 0.00910217 0.046089 0.426977 0.0339163 0.224075 0.0336563 -0.017033 0.0755391 -0.00210486 0.0262062 -0.0412947 0.0843924 0.208055 -0.01871 -0.0318981 -0.00141841 -0.0338709 -0.0118591 -0.00974635 0.013124 0.00514786 -0.169399 0.0714761 0.153356 0.0533325 0.294113 0.0118365 0.0246687 0.046489 0.110191 0.00188193 -0.0148799 -0.00707421 0.348046 -0.0217137
internal_weight=208737 140037 116465 62488 14531 450 14081 653 23572 68700 8074 47957 12289 19993 7751 733 53977 30622 23355 30419 35668 35196 11809 11028 472 7018 1273 5745 468 15498 13428 5123 1464 25106 18232 48707 480 12387
internal_count=208737 140037 116465 62488 14531 450 14081 653 23572 68700 8074 47957 12289 19993 7751 733 53977 30622 23355 30419 35668 35196 11809 11028 472 7018 1273 5745 468 15498 13428 5123 1464 25106 18232 48707 480 12387
is_linear=0
shrinkage=0.03


Tree=86
num_leaves=39
num_cat=0
split_feature=194 204 204 207 207 200 200 56 199 207 194 95 95 206 201 199 190 193 197 194 56 207 200 193 199 197 56 207 201 54 201 199 56 183 207 207 207 199
split_gain=18361.3 28328.3 24096.8 28398.6 49246.5 79889.3 134771 52203.2 17380.8 34360.9 17025 15611 13582.8 14993.1 27415.2 15619.7 18842.6 12317.6 12044.1 11697.7 10580.6 39844.4 10377.7 18453.9 10307.2 9856.38 9844.01 8734.2 8482.55 11118 8346.88 11403.6 15434 19242.4 28481.8 8607.05 45518.3 8086.54
threshold=65.500000000000014 13.000000000000002 19.000000000000004 -0.76694339513778675 -0.95244166254997242 16.94999980926514 10.750000000000002 64.541973114013686 74.500000000000014 0.98667103052139293 31.500000000000004 12.983242988586428 16.060958862304691 -0.25000000000000006 112.50000000000001 163.50000000000003 0.43312782049179083 14.949999809265138 973.25000000000011 22.500000000000004 111.26184844970705 -0.39036798477172846 15.550000190734865 12.650000095367433 262.50000000000006 976.35000610351574 10.554031372070314 -0.99763298034667958 102.50000000000001 46.619625091552741 47.500000000000007 157.50000000000003 43.587734222412116 82.824630737304702 -0.92274349927902211 -0.82415616512298573 -0.83847111463546742 279.50000000000006
decision_type=2 2 2 2 2 2 2 8 2 2 2 8 10 2 2 2 10 2 2 2 10 2 2 2 2 2 8 2 2 10 2 2 10 8 2 2 2 2
left_child=1 18 11 4 -4 6 24 -8 9 10 -5 20 30 14 15 16 -14 -10 -1 25 -3 -22 26 -24 -6 -19 -20 -28 -11 -30 31 32 -2 34 -34 36 -33 -25
right_child=12 2 3 8 5 -7 7 -9 17 28 -12 -13 13 -15 -16 -17 -18 19 22 -21 21 -23 23 37 -26 -27 27 -29 29 -31 -32 35 33 -35 -36 -37 -38 -39
leaf_value=-0.026856745922009973 -0.01081418111225692 -0.0093328114535658757 -0.016080421224204753 0.23596605710194155 -0.092170441328186151 0.038568022385277866 1.3581025888182128 0.5597767963549185 0.25174200362714733 0.13697820783732886 -0.035207520577842939 -0.041088599233098516 0.56270672386610177 -0.052610317691803431 -0.042006449368609561 0.069231225045264147 0.094134678015554543 -0.023538363575734893 0.18555971540508998 -0.032432783527539831 -0.00034807955738731989 0.41867643033701979 0.26922391281687508 -0.023570729008386138 0.24701638283469932 0.11017977073313018 -0.098278407082734193 0.038222361738536839 0.21553969938824732 0.57917156192414132 -0.012571888663314421 0.0035997770603611043 0.63108008640082813 0.067492609028396988 0.093299315465029717 -0.017024300754738174 0.41451450720657329 0.019141612842254397
leaf_weight=4231 1866 18620 1473 253 173 835 145 150 156 168 1181 19724 146 13116 2493 939 164 922 402 8346 1096 251 242 5854 151 1074 429 25407 147 156 71107 2561 145 1982 228 9583 268 12524
leaf_count=4231 1866 18620 1473 253 173 835 145 150 156 168 1181 19724 146 13116 2493 939 164 922 402 8346 1096 251 242 5854 151 1074 429 25407 147 156 71107 2561 145 1982 228 9583 268 12524
internal_value=-0.00395792 0.00496114 -0.00982017 0.0221254 0.106178 0.230033 0.488305 0.952206 0.00228972 0.0856574 0.0126365 -0.0221586 -0.0128354 -0.0374986 0.0154693 0.13019 0.314829 -0.0128385 0.0215287 -0.0168297 -0.00345905 0.077735 0.0260924 0.00896354 0.0659087 0.0484122 0.038248 0.0359558 0.30797 0.402769 -0.00809667 0.0110351 0.0536312 0.104695 0.302368 -0.00345072 0.0425284 0.00553629
internal_weight=208708 104110 55021 15330 2927 1454 619 295 12403 1905 1434 39691 104598 16858 3742 1249 310 10498 49089 10342 19967 1347 44858 18620 324 1996 26238 25836 471 303 87740 16633 4221 2355 373 12412 2829 18378
internal_count=208708 104110 55021 15330 2927 1454 619 295 12403 1905 1434 39691 104598 16858 3742 1249 310 10498 49089 10342 19967 1347 44858 18620 324 1996 26238 25836 471 303 87740 16633 4221 2355 373 12412 2829 18378
is_linear=0
shrinkage=0.03


Tree=87
num_leaves=39
num_cat=0
split_feature=194 204 97 204 199 207 94 207 197 123 201 200 201 204 197 164 105 201 200 203 203 201 207 200 199 36 199 197 206 201 194 141 94 207 207 194 54 201
split_gain=17858.7 28672.6 17623.3 15678.6 18697.1 26350.1 18253.9 15543.2 26950.7 40636.3 77973.9 179956 24422.6 51071.3 12771.8 12599.7 11773.9 13773.9 15355.6 12786.3 16906.5 11449.9 11437.6 9236.45 8931.5 8902.46 8632.58 14681 8486.38 38344.5 24763.8 13280 10726 8282.46 29621.2 8773.79 8220.62 8165.24
threshold=54.500000000000007 13.000000000000002 12.304234981536867 19.000000000000004 74.500000000000014 0.97508442401885997 14.590217590332033 -0.75579217076301564 982.85000610351574 7.9624972343444833 57.500000000000007 9.8499999046325701 17.500000000000004 21.000000000000004 974.14999389648449 217.00000000000003 -76.103359222412095 917.50000000000011 14.34999990463257 0.56638467311859142 0.63605400919914257 102.50000000000001 -0.99630266427993763 4.6499998569488534 173.50000000000003 240.16337585449222 139.50000000000003 983.25000000000011 -0.25000000000000006 162.50000000000003 87.500000000000014 -14.414264202117918 16.500913619995121 -0.76694339513778675 -0.83847111463546742 13.500000000000002 46.619625091552741 107.50000000000001
decision_type=2 2 2 2 2 2 8 2 2 10 2 2 2 2 2 2 10 2 2 2 2 2 2 2 2 8 2 2 2 2 2 8 8 2 2 2 10 2
left_child=1 16 7 6 5 14 -3 8 22 12 11 -11 13 -10 -5 28 17 18 19 23 -21 -7 -2 -1 -25 -24 27 -14 29 30 31 -9 -30 34 -6 -35 -23 -20
right_child=2 3 -4 4 33 21 -8 15 9 10 -12 -13 26 -15 -16 -17 -18 -19 37 20 -22 36 25 24 -26 -27 -28 -29 32 -31 -32 -33 -34 35 -36 -37 -38 -39
leaf_value=-0.055035714909421551 -0.056887057449677092 0.0022929066030485325 -0.084482801694214571 0.21529207950803761 0.0071329710159164046 0.1214531877367299 -0.04407691092637292 0.042908823797998291 0.015796212146361628 0.086487412989942905 0.055561072268550539 1.3198292467090003 0.33806323878981315 0.6600383608928988 -0.036139589533328922 -0.086596673224707252 0.013109816364974335 0.0078978585572445116 0.093816433587461043 0.41052669064172415 0.13538827627895891 0.25577333717632739 0.0062684842069789318 0.15914928635367834 0.055002884713864199 -0.061125565430763119 -0.0066691999121231641 0.04000105096576842 -0.013794953132112724 -0.015371003403614579 -0.025057020299837463 0.16413194995677668 -0.046050725965354873 0.19367915712537104 0.40856118674047398 -0.0091928299770998329 0.56841133434097657 0.0076214802360567643
leaf_weight=410 3605 16348 2818 247 840 196 14345 1287 341 307 1149 163 170 164 689 2159 18626 4831 1387 251 1009 148 20977 1232 1860 1926 5831 1188 52937 24891 1534 2210 11250 197 206 7341 155 3448
leaf_count=410 3605 16348 2818 247 840 196 14345 1287 341 307 1149 163 170 164 689 2159 18626 4831 1387 251 1009 148 20977 1232 1860 1926 5831 1188 52937 24891 1534 2210 11250 197 206 7341 155 3448
internal_value=-0.00375795 0.00811073 -0.0102476 -0.00874227 0.023843 0.124077 -0.019379 -0.0086639 0.00820671 0.0521084 0.188719 0.514239 0.023362 0.225025 0.0302115 -0.0149414 0.0288683 0.0492118 0.0700086 0.108246 0.190201 0.30014 -0.00721717 0.0787588 0.0965003 0.000601024 0.00919562 0.0773161 -0.0132975 -0.000102931 0.0754361 0.119519 -0.0194484 0.00708661 0.0861939 -0.00389064 0.415718 0.0323481
internal_weight=208673 73766 134907 40712 10019 1435 30693 132089 35821 9313 1619 470 7694 505 936 96268 33054 14428 9597 4762 1260 499 26508 3502 3092 22903 7189 1358 94109 29922 5031 3497 64187 8584 1046 7538 303 4835
internal_count=208673 73766 134907 40712 10019 1435 30693 132089 35821 9313 1619 470 7694 505 936 96268 33054 14428 9597 4762 1260 499 26508 3502 3092 22903 7189 1358 94109 29922 5031 3497 64187 8584 1046 7538 303 4835
is_linear=0
shrinkage=0.03


Tree=88
num_leaves=39
num_cat=0
split_feature=196 200 197 114 105 199 36 96 207 207 105 207 199 199 75 203 200 199 123 76 165 123 16 183 200 197 99 45 193 34 201 141 191 76 199 203 199 79
split_gain=15200.8 15402 15308 25056.1 20136.1 101729 15124.1 14980.9 27255.6 26020.8 14105.4 16373.5 27891.6 15246.7 12738.3 10992.6 10817.3 10226.8 10207.3 10887.5 12730.7 9251.08 11945.2 8869.12 12418.3 55176.5 8859.12 8247.19 7623.25 7618.11 7231.64 14684.4 19873.4 18421.9 19098.2 17840.6 9430.22 7223.85
threshold=35.500000000000007 16.150000572204593 981.14999389648449 72.848953247070327 63.613042831420906 302.50000000000006 217.49259185791018 11.546006679534914 -0.95754238963127125 -0.9413962960243224 -43.032669067382805 0.99168354272842418 198.50000000000003 109.50000000000001 88.587516784667983 0.11319890245795251 7.4500000476837167 163.50000000000003 -8.456570625305174 57.810636520385749 3.0201274156570439 10.850074768066408 100.43324661254884 170.6499938964844 18.650000572204593 979.45001220703136 0.30678492784500128 6.5124998092651376 6.4500000476837167 162.14583587646487 242.50000000000003 -3.3224073648452754 15.631028175354006 75.034210205078139 66.500000000000014 0.23343648016452792 296.50000000000006 1.7063178420066836
decision_type=2 2 2 10 10 2 10 10 2 2 10 2 2 2 8 2 2 2 8 10 2 8 10 10 2 2 2 10 2 10 2 10 10 10 2 2 2 10
left_child=1 2 10 4 7 -6 18 8 29 -10 11 15 13 -13 17 -1 -16 -9 23 20 -20 -17 -23 24 -2 -26 -8 -3 -28 -4 31 37 36 34 -34 -35 -33 -29
right_child=6 27 3 -5 5 -7 26 14 9 -11 -12 12 -14 -15 16 21 -18 -19 19 -21 -22 22 -24 -25 25 -27 28 30 -30 -31 -32 32 33 35 -36 -37 -38 -39
leaf_value=-0.018970465185429036 0.028445519764410898 -0.039588762029199462 0.033221606352735689 -0.0073641033579716908 0.024600663996909682 0.86859156860451747 -0.024699895686912936 0.050377937564172762 0.21770092339987379 0.068631831869005427 -0.029837812618687131 0.14064803924092059 0.018300265738299681 0.45663971897728778 0.35567496925828235 0.087072152103424935 0.06359109192583616 -0.0017223645205877117 -0.0098064775877660885 -0.045970255108859236 0.047322437617076246 -0.0088709607290761577 0.18113002383047533 -0.10880834842708294 0.65576067352109135 -0.020556758848768002 -0.23653736231271827 -0.0066474080165636355 -0.062432908519041944 -0.049531255995565994 -0.019761585442508878 -0.11085032388263076 0.39911549218151765 0.11940072794294049 0.048039593115050711 0.54251532538741265 0.14837567886371356 0.11114370467799499
leaf_weight=9051 4051 7342 2272 17280 689 158 14172 4613 1255 6576 12677 331 1259 235 175 1954 328 12798 45374 6768 3805 3557 325 359 156 357 237 21527 5030 1790 18041 702 149 211 2175 156 154 479
leaf_count=9051 4051 7342 2272 17280 689 158 14172 4613 1255 6576 12677 331 1259 235 175 1954 328 12798 45374 6768 3805 3557 325 359 156 357 237 21527 5030 1790 18041 702 149 211 2175 156 154 479
internal_value=-0.00377374 0.00263494 0.0110726 0.0215246 0.0378095 0.182048 -0.0140088 0.0337107 0.0598132 0.092522 -0.00597467 0.0121269 0.0969373 0.271852 0.0163814 0.00172986 0.165216 0.0120815 -0.00665169 -0.0102959 -0.00538637 0.0338338 0.00703617 0.0347623 0.0460558 0.185114 -0.0370465 -0.0101738 -0.0702676 -0.003245 -0.00521983 0.00504697 0.0616928 0.101743 0.07055 0.299264 -0.0642123 -0.00408341
internal_weight=208568 128259 77323 47934 30654 847 80309 29807 11893 7831 29389 16712 1825 566 17914 14887 503 17411 60870 55947 49179 5836 3882 4923 4564 513 19439 50936 5267 4062 43594 25553 3547 2691 2324 367 856 22006
internal_count=208568 128259 77323 47934 30654 847 80309 29807 11893 7831 29389 16712 1825 566 17914 14887 503 17411 60870 55947 49179 5836 3882 4923 4564 513 19439 50936 5267 4062 43594 25553 3547 2691 2324 367 856 22006
is_linear=0
shrinkage=0.03


Tree=89
num_leaves=39
num_cat=0
split_feature=194 205 208 96 207 207 162 96 207 201 59 132 208 194 197 207 200 193 194 201 197 194 207 201 194 205 36 208 203 194 203 45 207 205 172 197 194 193
split_gain=16527.5 27120.7 21977.4 24287.3 24652.5 72299.9 89779.2 21624.6 20988.5 17526.4 59029.4 16482.6 27437.1 42383.2 14840.6 13438.9 13285.6 17044.1 12961.6 37215.2 28630 11949.8 15802.3 14588.4 22161.4 16779.5 14240 11484.8 24405.2 16961.2 11435.6 11312.7 13978.1 10045.7 9797.06 9749.23 9372.32 9101.86
threshold=76.500000000000014 0.68301269412040722 0.12332734838128091 11.4690318107605 -0.76694339513778675 -0.77786767482757557 6.9823241233825692 13.691872119903566 0.93237596750259411 32.500000000000007 0.36078962683677679 -34.140680313110344 0.15738975256681445 27.500000000000004 975.45001220703136 -0.75579217076301564 5.0499999523162851 28.849999427795414 73.500000000000014 47.500000000000007 984.85000610351574 40.500000000000007 0.99995782971382152 257.50000000000006 12.500000000000002 -0.93301269412040699 105.67216873168947 0.30778898298740393 0.41467745602130895 65.500000000000014 -0.53727915883064259 5.3375000953674325 -0.32614396512508387 0.25000000000000011 2.7250000238418584 984.64999389648449 12.500000000000002 25.94999980926514
decision_type=2 2 2 8 2 2 2 10 2 2 10 10 2 2 2 2 2 2 2 2 2 2 2 2 2 2 10 2 2 2 2 10 2 2 2 2 2 2
left_child=1 2 21 18 5 9 -7 -2 -3 10 -5 12 13 -6 -10 -14 17 -13 34 20 -20 23 26 24 -1 -26 -23 37 -29 -30 -27 32 -9 -34 -4 -11 -25 -16
right_child=7 8 3 4 11 6 -8 31 14 35 -12 16 15 -15 27 -17 -18 -19 19 -21 -22 22 -24 36 25 30 -28 28 29 -31 -32 -33 33 -35 -36 -37 -38 -39
leaf_value=0.34355173922340992 -0.0075399597315132239 0.011372762577102558 0.014461278455726883 -0.048452899887237298 -0.053743067779636083 1.0388503558259217 0.091620325897904836 0.015048262278173614 -0.12845804030899766 -0.015460505047181368 0.69459715885641993 -0.0096062094627640572 -0.16494187275781477 0.37612709079149065 0.051666248887514428 -0.0028554792371165948 -0.060039064327616819 0.26396292262624188 0.70083737700518622 0.0051912247032546849 0.15072914230357073 -0.01355878567995965 0.24280023858560348 -0.063044742480517058 -0.094968839629949911 0.17785129001250663 -0.054896954555601653 0.039069283797965815 0.6175685223402041 0.17968646060586527 0.033208327334405978 -0.036472901981657924 -0.060603574061651448 -0.19966272924564563 0.061816643261435891 0.082173992220593045 -0.0051178831042681845 0.14108199603348992
leaf_weight=208 55641 15414 10601 275 397 146 235 644 321 3523 148 1098 468 430 5661 28232 8273 252 153 613 192 17149 190 3044 846 556 13329 406 153 166 4269 10348 762 1210 6250 1246 14432 1251
leaf_count=208 55641 15414 10601 275 397 146 235 644 321 3523 148 1098 468 430 5661 28232 8273 252 153 613 192 17149 190 3044 846 556 13329 406 153 166 4269 10348 762 1210 6250 1246 14432 1251
internal_value=-0.00360816 0.00230563 -0.00360868 0.0084996 -0.00329856 0.0557361 0.454618 -0.0156699 0.0318 0.0264644 0.211535 -0.0117022 -0.000589595 0.16977 0.0713657 -0.00549863 -0.0457996 0.0414612 0.0381278 0.145467 0.394704 -0.0176241 -0.029937 -0.00145573 0.0394236 0.0282682 -0.0316373 0.0797649 0.193358 0.389718 0.0498764 -0.0505635 -0.1063 -0.14593 0.0320253 0.0100486 -0.0152077 0.0678498
internal_weight=208532 139927 116555 62532 44723 5573 381 68605 23372 5192 423 39150 29527 827 7958 28700 9623 1350 17809 958 345 54023 30668 23355 5879 5671 30478 7637 725 319 4825 12964 2616 1972 16851 4769 17476 6912
internal_count=208532 139927 116555 62532 44723 5573 381 68605 23372 5192 423 39150 29527 827 7958 28700 9623 1350 17809 958 345 54023 30668 23355 5879 5671 30478 7637 725 319 4825 12964 2616 1972 16851 4769 17476 6912
is_linear=0
shrinkage=0.03


Tree=90
num_leaves=39
num_cat=0
split_feature=194 204 207 197 197 199 122 200 204 199 207 95 94 197 105 200 165 207 36 204 198 204 36 141 205 199 207 207 180 194 197 207 199 199 200 200 197 198
split_gain=16029.2 25813.7 14654.3 19141 27350.3 132377 16397.8 30198.2 14496.9 17896.9 22793.2 15615.6 13127.6 12480.7 10579.6 11619.6 10373.7 10189 9509.26 19941.6 10150.2 8584.35 8343.54 7961.09 8481.65 15101.6 7872.9 29557.9 7627.04 7599.43 9286.56 16539.6 7284.1 7192.53 14469.5 11251.8 7184.7 7133.5
threshold=54.500000000000007 13.000000000000002 -0.75579217076301564 982.85000610351574 983.14999389648449 105.50000000000001 24.944270133972172 18.050000190734867 19.000000000000004 74.500000000000014 0.97508442401885997 12.294242858886721 21.569950103759769 974.54998779296886 -76.562820434570298 14.34999990463257 5.3844845294952401 -0.99630266427993763 83.381072998046889 9.0000000000000018 10.84999990463257 21.000000000000004 240.16337585449222 2.3450055122375493 0.68301269412040722 271.50000000000006 -0.76694339513778675 -0.83847111463546742 9.502049922943117 22.500000000000004 976.35000610351574 0.94138324260711681 274.50000000000006 159.50000000000003 12.550000190734865 9.6500000953674334 986.14999389648449 4.4500000476837167
decision_type=2 2 2 2 2 2 10 2 2 2 2 8 8 2 10 2 2 2 8 2 2 2 8 10 2 2 2 2 2 2 2 2 2 2 2 2 2 2
left_child=1 14 3 17 5 -5 -6 -8 11 10 13 -3 16 -10 15 18 -4 -2 19 -1 -20 -12 -19 24 33 -26 27 -11 -14 30 32 -32 -28 34 35 -16 -31 -27
right_child=2 8 12 4 6 -7 7 -9 9 26 21 -13 28 -15 23 -17 -18 22 20 -21 -22 -23 -24 -25 25 37 29 -29 -30 36 31 -33 -34 -35 -36 -37 -38 -39
leaf_value=0.49361539625343576 -0.053643442994218207 0.0082095024186673703 -0.011153621045121026 0.89649517334462314 0.015228089804104884 0.015274533363888371 0.54155373053267275 0.05198311517827784 0.20135162176061269 0.0045123417591254582 0.16098405769597107 -0.035646554636030212 -0.047947574388934822 -0.037783394490931148 0.089103084735633997 0.018449046535114519 -0.077491918831009504 0.0062462449526482101 0.059808641164485248 0.040149719747105767 0.30762497226311819 0.40911802108268053 -0.057514073394131587 -0.034710263812914699 -0.024678160890797482 -0.060377190868608897 -0.12109015783654092 0.40482701877771482 -0.18057037584227559 -0.035480627160097727 0.3621359674780007 0.051931060564280575 0.049486906058634046 0.00097133658918529316 -0.029826233231620963 0.35213929702459462 0.064227925497693072 0.14583184143234865
leaf_weight=146 3597 11998 89535 193 8373 748 153 438 280 838 253 18689 6308 658 1237 6748 2173 21025 6942 217 152 249 2025 2728 958 168 393 207 416 4814 188 873 528 11108 984 166 752 1490
leaf_count=146 3597 11998 89535 193 8373 748 153 438 280 838 253 18689 6308 658 1237 6748 2173 21025 6942 217 152 249 2025 2728 958 168 393 207 416 4814 188 873 528 11108 984 166 752 1490
internal_value=-0.00352323 0.00772242 -0.00966858 0.00655232 0.0421601 0.196021 0.0260082 0.178732 -0.00826458 0.0230406 0.120918 -0.0184997 -0.0156921 0.0336011 0.0274231 0.0469718 -0.0127255 -0.00668349 0.0727826 0.222544 0.0651189 0.284069 0.000644704 0.012683 0.0207079 0.0701466 0.00663827 0.0838124 -0.056153 -0.00404632 0.0463982 0.1069 -0.0233001 0.0111241 0.0583703 0.120227 -0.0220092 0.124937
internal_weight=208748 73764 134984 36552 9905 941 8964 591 40720 10033 1440 30687 98432 938 33044 14205 91708 26647 7457 363 7094 502 23050 18839 16111 2616 8593 1045 6724 7548 1982 1061 921 13495 2387 1403 5566 1658
internal_count=208748 73764 134984 36552 9905 941 8964 591 40720 10033 1440 30687 98432 938 33044 14205 91708 26647 7457 363 7094 502 23050 18839 16111 2616 8593 1045 6724 7548 1982 1061 921 13495 2387 1403 5566 1658
is_linear=0
shrinkage=0.03


Tree=91
num_leaves=39
num_cat=0
split_feature=194 201 96 206 207 16 207 206 203 190 197 76 207 54 201 198 200 198 194 85 207 208 201 105 94 201 204 75 193 199 207 207 122 96 56 198 197 206
split_gain=14973.6 22525 19746.3 18626.8 18185.6 17861.1 21538.5 17742.5 14505.7 29862.9 25645.9 22100.7 20478.3 19616.5 13785.8 13168.1 13028.2 20964.4 17598.3 10575.5 11813.5 10435.4 10753.4 17472.1 10359.8 10171.7 8807.78 8498.14 9961.48 9024.2 8205.77 10149.5 7645.45 7383.67 8269.64 10771.1 7764.54 7224.05
threshold=76.500000000000014 337.50000000000006 13.691872119903566 -0.25000000000000006 -0.039770090952515595 196.47754669189456 -0.44504626095294947 1.0000000180025095e-35 0.23343648016452792 0.037032162770628936 983.04998779296886 7.9195461273193368 0.98932364583015453 46.619625091552741 42.500000000000007 7.0499999523162851 14.34999990463257 11.050000190734865 45.500000000000007 56.024999618530281 -0.32614396512508387 0.19126587361097339 92.500000000000014 4.1706862449646005 18.32727146148682 2797.5000000000005 11.000000000000002 3.4643399715423588 6.4500000476837167 188.50000000000003 0.98522606492042553 -0.95754238963127125 13.480895996093752 9.3428030014038104 112.8940773010254 10.650000095367433 984.35000610351574 -0.25000000000000006
decision_type=2 2 10 2 2 10 2 2 2 8 2 8 2 10 2 2 2 2 2 8 2 2 2 10 8 2 2 10 2 2 2 2 10 8 10 2 2 2
left_child=1 3 27 4 -1 7 -7 -5 12 10 -10 -11 24 -14 15 -8 17 18 25 37 -21 -6 23 -23 -9 30 -22 29 -29 -2 31 -3 -24 34 -30 36 -36 -4
right_child=2 16 19 5 21 6 14 8 9 11 -12 -13 13 -15 -16 -17 -18 -19 -20 20 26 22 32 -25 -26 -27 -28 28 33 -31 -32 -33 -34 -35 35 -37 -38 -39
leaf_value=0.018533929252838272 0.1328402600423694 -0.030743939924528146 0.024359628929856821 -0.027318650391681343 0.05498259492546316 -0.058495105873135243 0.066047451296034496 0.0049293373090961755 0.092986334939373264 0.26655696593768957 0.61548074166050537 0.030197295325520856 -0.00023779116009733903 0.17169672723499071 0.020674081911644656 0.45365310173559115 -0.024478255068743283 0.27650007575490282 -0.017921342467676418 0.00080934422502664687 -0.18591348623772533 0.43646200325820828 0.070264214614653348 0.060722588574272186 -0.049189234471711855 -0.046789603554447196 -0.039544587676097427 -0.16074841256189717 -0.0035221087769660457 -0.0043573207348937913 -0.024404323195607328 0.04709762674622256 0.21935962940388756 -0.026566937193519574 0.22208016998932359 0.31588363556996329 -0.0047844531391705815 -0.04520867744595581
leaf_weight=7022 794 1716 1580 7802 2603 6392 173 12615 199 362 147 21606 1203 1186 1202 145 30198 248 22431 706 1289 258 1193 196 4258 1755 519 387 38492 945 2220 12408 418 14179 171 153 659 8970
leaf_count=7022 794 1716 1580 7802 2603 6392 173 12615 199 362 147 21606 1203 1186 1202 145 30198 248 22431 706 1289 258 1193 196 4258 1755 519 387 38492 945 2220 12408 418 14179 171 153 659 8970
internal_value=-0.00331196 0.00232254 -0.0147666 0.0145308 0.049042 0.00748874 -0.0343578 0.014194 0.0219841 0.0384479 0.314983 0.0340923 0.00291158 0.0851179 0.0671456 0.242795 -0.00954235 0.00151838 -0.000164266 -0.0479662 -0.10326 0.0949346 0.145295 0.274254 -0.0087278 0.0218429 -0.143898 -0.00699105 -0.0090916 0.0582851 0.0292127 0.0376402 0.108951 -0.00799769 -0.00132779 0.0845953 0.0419566 -0.0347899
internal_weight=208800 139956 68844 68980 11690 57290 7912 49378 41576 22314 346 21968 19262 2389 1520 318 70976 40778 40530 13064 2514 4668 2065 454 16873 18099 1808 55780 54041 1739 16344 14124 1611 53654 39475 983 830 10550
internal_count=208800 139956 68844 68980 11690 57290 7912 49378 41576 22314 346 21968 19262 2389 1520 318 70976 40778 40530 13064 2514 4668 2065 454 16873 18099 1808 55780 54041 1739 16344 14124 1611 53654 39475 983 830 10550
is_linear=0
shrinkage=0.03


Tree=92
num_leaves=39
num_cat=0
split_feature=194 205 198 198 208 197 193 189 85 59 207 207 193 76 81 194 205 16 75 86 194 132 207 208 87 198 54 206 36 196 183 206 54 208 93 161 207 207
split_gain=14354.7 25277.8 15781.7 18135.3 56862.1 14306.5 14024.9 13690 11305.7 10896.6 9731.98 44539.4 9477.58 10843.6 8868.31 7494.76 7507.44 6918 6608.33 8053.59 6521.55 6226.04 5881.53 6252.98 7994.2 6463.62 9954.61 13809 6864.77 5000.35 4993.85 4980.95 4889.55 4793.89 4670.78 4451.27 4305.96 4186.36
threshold=65.500000000000014 -0.68301269412040699 11.34999990463257 11.250000000000002 0.32410992681980139 973.25000000000011 12.650000095367433 57.024442672729499 19.812500000000004 0.69046279788017284 -0.95244166254997242 -0.9413962960243224 8.9499998092651385 48.204154968261726 19.087500572204593 46.500000000000007 0.25000000000000011 69.692829132080092 61.136371612548835 57.049999237060554 94.500000000000014 -69.253906249999986 -0.99630266427993763 -0.90531876683235157 3.6375000476837163 8.1500000953674334 193.29673767089847 0.68301269412040722 228.77137756347659 97.500000000000014 125.30913162231447 -1.0000000180025095e-35 121.18993377685548 1.0000000180025095e-35 17.373666763305668 30.625000000000004 -0.82415616512298573 0.31799963116645819
decision_type=2 2 2 2 2 2 2 10 8 10 2 2 2 10 2 2 2 10 8 10 2 10 2 2 8 2 10 2 8 2 10 2 8 2 10 2 2 2
left_child=1 14 3 5 -5 17 -4 10 22 -8 -7 -12 -10 18 31 21 -17 37 19 32 29 -9 33 35 -25 26 28 -28 -26 36 -11 -1 -14 -2 -20 -24 -15 -3
right_child=8 2 6 4 -6 7 9 15 12 30 11 -13 13 20 -16 16 -18 -19 34 -21 -22 -23 23 24 25 -27 27 -29 -30 -31 -32 -33 -34 -35 -36 -37 -38 -39
leaf_value=-0.016406920464777631 -0.0073730706785476701 -0.033287084075300823 0.23233426369971064 -0.10153737523466935 0.60358240584772571 -0.024803807565145573 -0.0049149851539545273 0.070540023552938494 -0.12897579366365075 -0.037443873494245501 0.45720947975295606 0.042883837173359904 -0.016990232198606084 0.11832139855953309 -0.047015855668472238 -0.040359451490450393 0.012161055093781882 -0.13712756751223834 0.030256635268729078 -0.23428523146198657 -0.19615607562278148 0.01577631404801472 -0.01805377444364829 0.045185947032164983 0.010078825880407817 -0.017454462645135959 0.0018701734491741726 0.29928114522192639 -0.014585371607639308 -0.11507801834711096 -0.12670551867813407 0.014513821161623365 0.06725956741497735 -0.091699762567475807 0.24077449523311345 -0.077228208472259044 -0.045401401898314639 0.027374026908352566
leaf_weight=19733 1137 3490 208 226 189 1824 12843 2165 862 1313 236 22042 11286 149 7049 4216 5846 460 258 149 299 13638 12736 3167 28184 20745 335 242 15878 966 989 6150 656 1301 150 1257 4858 1449
leaf_count=19733 1137 3490 208 226 189 1824 12843 2165 862 1313 236 22042 11286 149 7049 4216 5846 460 258 149 299 13638 12736 3167 28184 20745 335 242 15878 966 989 6150 656 1301 150 1257 4858 1449
internal_value=-0.00334295 0.00454601 0.0146062 0.0220195 0.219595 0.0205386 -0.0123281 0.0255514 -0.0111905 -0.0156884 0.0418185 0.0472732 -0.0317089 -0.0272422 -0.0171843 0.010393 -0.00984513 -0.0258542 -0.01109 -0.0150971 -0.0594305 0.023279 -0.00645023 -0.00509386 -0.00136332 -0.00361804 0.00281213 0.126611 0.00119093 -0.0525859 -0.0757936 -0.0090599 -0.0123621 -0.052373 0.107658 -0.0233695 -0.040529 -0.0154903
internal_weight=208681 104066 71134 55781 415 55366 15353 49967 104615 15145 24102 22278 19633 18771 32932 25865 10062 5399 12499 12091 6272 15803 84982 82544 68551 65384 44639 577 44062 5973 2302 25883 11942 2438 408 13993 5007 4939
internal_count=208681 104066 71134 55781 415 55366 15353 49967 104615 15145 24102 22278 19633 18771 32932 25865 10062 5399 12499 12091 6272 15803 84982 82544 68551 65384 44639 577 44062 5973 2302 25883 11942 2438 408 13993 5007 4939
is_linear=0
shrinkage=0.03


Tree=93
num_leaves=39
num_cat=0
split_feature=97 208 194 123 199 208 56 75 207 207 208 190 96 208 194 123 206 203 199 205 193 56 199 205 76 140 203 193 199 183 197 197 96 193 207 96 207 208
split_gain=15641.5 14284 27783.1 17341.7 20552.9 41547.5 19826.1 14958 15201.6 11992.8 37438.8 94545.3 33763.8 26347.4 11783.2 19651.2 14292.5 11850.8 12091.4 12841.3 10980.7 10938.3 10758.6 10608.6 10533.5 10198.7 9992.23 9335.81 9326.72 9176.64 9122.69 9040.1 8761.53 8260.29 8182.12 8088.91 7832.8 7018.06
threshold=12.67463541030884 0.10623887926340105 89.500000000000014 4.0011955499649057 163.50000000000003 0.15738975256681445 23.176536560058597 49.488050460815437 -0.95754238963127125 -0.76694339513778675 0.62420859932899486 0.56921908259391796 9.1117849349975604 0.92191100120544445 36.500000000000007 10.122169494628908 -1.0000000180025095e-35 0.1650413200259209 294.50000000000006 0.93301269412040722 24.050000190734867 26.043302536010746 84.500000000000014 0.25000000000000011 13.103073120117189 12.819600105285646 -0.53727915883064259 31.44999980926514 262.50000000000006 51.914484024047859 975.75000000000011 976.25000000000011 7.9403381347656259 27.750000000000004 0.99466374516487133 13.691872119903566 0.90162119269371044 0.45082531869411474
decision_type=2 2 2 8 2 2 8 10 2 2 2 8 8 2 2 10 2 2 2 2 2 10 2 2 8 8 2 2 2 10 2 2 10 2 2 8 2 2
left_child=1 14 3 6 5 20 -3 8 -7 10 29 -12 13 -11 16 -16 23 26 21 -20 -5 27 -9 36 -14 -2 31 -19 -28 -6 -30 -18 -17 -22 -34 -4 -1 -8
right_child=25 2 35 4 9 7 37 22 -10 12 11 -13 24 -15 15 32 17 18 19 -21 33 -23 -24 -25 -26 -27 28 -29 30 -31 -32 -33 34 -35 -36 -37 -38 -39
leaf_value=0.010592487587925538 -0.0054366109874206606 0.10771023196397396 -0.021018310220604561 0.1306857908251525 -0.0025253983922795464 -0.061990258629578347 0.010659320686097722 -0.059448767396494434 0.077303154733630766 0.30668577833195065 0.92848541927457884 0.046125148910063793 -0.056011842093588442 0.028273617024164047 -0.0074214768178737164 -0.015196658491506183 0.010505920906634469 0.30643273226368994 0.020215474878848273 0.28294031353999671 0.54304040735479353 0.078891072119644773 0.032627747448864652 0.042539140736276085 0.0019942704964950042 -0.077550166398905607 -0.12720530543992359 0.039577322987021248 -0.081306190177970264 0.047464758554955043 0.091045633497618211 0.3086656706313739 -0.064927551180788495 0.26468939563027533 0.159031559250983 -0.075497644643187825 -0.041168452862018159 -0.024933923547157229
leaf_weight=4388 3097 1251 9159 238 6034 774 6986 1779 7924 568 147 426 3089 663 62190 5728 230 466 2590 179 174 1003 3190 3084 32057 4104 682 158 502 7307 615 152 9969 214 149 3350 6572 17412
leaf_count=4388 3097 1251 9159 238 6034 774 6986 1779 7924 568 147 426 3089 663 62190 5728 230 466 2590 179 174 1003 3190 3084 32057 4104 682 158 502 7307 615 152 9969 214 149 3350 6572 17412
internal_value=-0.00309123 -0.00153787 0.00629115 0.0120997 0.0203878 0.052133 -0.00876979 0.0411862 0.0649079 0.0113656 0.0350534 0.272502 0.00230518 0.156738 -0.00969107 -0.0150207 0.0104778 0.0469743 0.0753391 0.0372002 0.291122 0.140247 -0.000337432 -0.00661404 -0.00310392 -0.0465357 -0.0101973 0.238866 -0.0397873 0.0248547 0.0135872 0.129151 -0.0448449 0.389528 -0.0616293 -0.0356083 -0.0204452 -0.0147423
internal_weight=208600 201399 102742 90233 64584 14293 25649 13667 8698 50291 13914 573 36377 1231 98657 78036 20621 6577 4396 2769 626 1627 4969 14044 35146 7201 2181 624 1799 13341 1117 382 15846 388 10118 12509 10960 24398
internal_count=208600 201399 102742 90233 64584 14293 25649 13667 8698 50291 13914 573 36377 1231 98657 78036 20621 6577 4396 2769 626 1627 4969 14044 35146 7201 2181 624 1799 13341 1117 382 15846 388 10118 12509 10960 24398
is_linear=0
shrinkage=0.03


Tree=94
num_leaves=39
num_cat=0
split_feature=194 205 206 95 207 153 140 196 207 85 193 200 206 36 190 36 75 196 98 196 200 36 200 209 203 105 207 205 207 193 203 132 56 197 194 203 200 36
split_gain=13627 22398.7 12774.2 14482.9 12755.5 19302.9 14469.1 34377.3 59887.8 12549.5 12354.6 19735 48651.7 66575.4 11006.4 9253.65 10414.1 17950.3 9158.71 8708.93 10040.9 9385.69 9881.42 8482.44 13218.6 10190 14668.2 10565.6 9918.23 8279.55 8165.19 8537.25 7928.01 7766.43 7719.71 7688.9 7329.06 14340.3
threshold=54.500000000000007 -1.0000000180025095e-35 0.25000000000000011 12.294242858886721 -0.75579217076301564 2.2499048709869389 -31.100366592407223 1.0000000180025095e-35 -0.9413962960243224 25.287499427795414 18.849999427795414 13.750000000000002 0.68301269412040722 315.47085571289068 0.49574247002601629 101.82179641723634 8.5662288665771502 1.0000000180025095e-35 -13.946000099182127 76.500000000000014 21.349999427795414 221.01115417480472 15.150000095367433 3.5000000000000004 0.53727915883064281 6.3971159458160409 0.039769539609551437 0.68301269412040722 0.99983760714530956 8.9499998092651385 0.061046212911605842 -36.63074874877929 63.696128845214851 976.04998779296886 13.500000000000002 0.99535831809043895 14.949999809265138 221.01115417480472
decision_type=2 2 2 8 2 2 8 2 2 8 2 2 2 10 10 8 10 2 2 2 2 10 2 2 2 10 2 2 2 2 2 8 8 2 2 2 2 10
left_child=1 2 3 -1 5 6 7 -2 -9 23 11 12 -8 -14 19 -12 17 -17 -11 35 21 22 -21 24 25 26 -6 -28 -25 -20 33 34 -13 -4 -32 -3 37 -36
right_child=4 14 30 -5 9 -7 10 8 -10 18 15 32 13 -15 -16 16 -18 -19 29 20 -22 -23 -24 28 -26 -27 27 -29 -30 -31 31 -33 -34 -35 36 -37 -38 -39
leaf_value=0.0084798485212216716 0.011372648875878433 0.033562842316337223 -0.085890077652485783 -0.033750790970393532 0.27849460643655083 0.21185579084062728 -0.012970203899595118 0.80166158685709388 0.00038609162279846121 -0.16580421884689833 0.0074939356900820334 0.098917111166996335 0.80122663739417554 0.063814292771954065 0.010701368658273784 0.18805739307375646 -0.035572604662027101 -0.037355004210719224 -0.13030092340225655 0.13567986633428772 -0.027394309118557471 0.026864489840577176 0.34629909624946509 -0.016677399067374338 -0.020646706040609211 -0.006451735073160019 0.00428865167734792 0.075015309884109774 0.140396517334307 -0.029802535852185324 0.27904908318943866 -0.00045223656794672308 -0.022422560430745683 0.018423204109553719 0.080020875915565448 0.22202900494451619 0.031429778320038015 0.38635336303357548
leaf_weight=12010 976 12111 1064 18671 239 407 602 153 186 499 18860 648 203 241 19027 533 10952 788 779 719 393 431 278 59598 9850 5405 3785 3819 364 13944 147 3014 1922 1621 1109 198 2885 157
leaf_count=12010 976 12111 1064 18671 239 407 602 153 186 499 18860 648 203 241 19027 533 10952 788 779 719 393 431 278 59598 9850 5405 3785 3819 364 13944 147 3014 1922 1621 1109 198 2885 157
internal_value=-0.00306426 0.00729466 -0.00762329 -0.0172197 -0.00874021 0.0064116 0.004093 0.101774 0.362037 -0.0143628 0.000396428 0.0528845 0.162741 0.400975 0.0255965 -0.0056999 -0.025975 0.0535953 -0.0394042 0.0456537 0.106887 0.143843 0.194411 -0.0097736 0.00567311 0.0252422 0.047084 0.0398102 -0.0157239 -0.0351201 0.0218282 0.0382577 0.00817213 -0.0229136 0.0654033 0.0365947 0.0578368 0.118013
internal_weight=208588 73835 40678 30681 134753 36471 36064 1315 339 98282 34749 3616 1046 444 33157 31133 12273 1321 15222 14130 1821 1428 997 83060 23098 13248 7843 7604 59962 14723 9997 7312 2570 2685 4298 12309 4151 1266
internal_count=208588 73835 40678 30681 134753 36471 36064 1315 339 98282 34749 3616 1046 444 33157 31133 12273 1321 15222 14130 1821 1428 997 83060 23098 13248 7843 7604 59962 14723 9997 7312 2570 2685 4298 12309 4151 1266
is_linear=0
shrinkage=0.03


Tree=95
num_leaves=39
num_cat=0
split_feature=198 194 141 204 94 183 102 59 194 197 114 200 75 75 85 141 200 75 36 199 197 95 199 193 198 194 200 193 201 35 187 201 200 2 188 36 193 163
split_gain=13557.5 20525.7 17332.9 16144.1 10794.8 10294.5 10023.2 9243.22 8823.59 17544.2 17145.4 15959.3 15056.3 15025.7 9065.55 8497.94 7988.54 7930.27 7511.26 9025.55 9742.1 8287.29 7373.85 7133.17 6635.2 14808.6 12420.6 12688.9 12124.3 11112.4 6909.02 7399.4 6037.27 5988 5984.45 5955.84 5629.81 5553.02
threshold=12.550000190734865 45.500000000000007 -1.385480463504791 9.0000000000000018 21.569950103759769 49.457151412963874 142.48541259765628 0.61691716313362133 83.500000000000014 982.14999389648449 88.968948364257827 8.8499999046325701 38.020969390869148 88.587516784667983 56.024999618530281 -3.1988300085067745 24.550000190734867 70.93970108032228 352.82920837402349 184.50000000000003 979.25000000000011 11.970243930816652 171.50000000000003 6.4500000476837167 9.3499999046325701 40.500000000000007 14.050000190734865 22.44999980926514 187.50000000000003 189.97290039062503 18.613801956176761 92.500000000000014 17.150000572204593 229.37500000000003 2.1681873798370366 153.02845764160159 31.050000190734867 132.86499786376956
decision_type=2 2 10 2 10 8 10 10 2 2 8 2 10 10 8 10 2 10 10 2 2 8 2 2 2 2 2 2 2 10 8 2 2 8 10 10 2 2
left_child=1 3 6 5 16 32 8 -2 9 15 11 -11 23 -12 -14 -3 18 -8 19 20 -5 -21 35 33 26 28 27 -7 34 -29 -28 -32 36 -10 -26 -6 -1 -16
right_child=7 2 -4 4 22 24 17 -9 12 10 13 -13 14 -15 37 -17 -18 -19 -20 21 -22 -23 -24 -25 25 -27 30 29 -30 -31 31 -33 -34 -35 -36 -37 -38 -39
leaf_value=0.23366697183062968 -0.015124256818667229 -0.010448949625812227 -0.070773836159738049 0.0075864472662751353 0.19392327860665751 -0.12266905364672226 -0.032184687777409092 -0.062558764348773305 -0.22076573445954176 -0.0044659779350866707 0.0051690606755956329 0.078727794180440611 -0.033123829033391526 0.18553572035010218 -0.16996316934469671 0.1723925791350385 0.23596045343819727 0.10019130689655517 0.081158910677238821 0.02792821121075403 0.07451956786978961 -0.014682085909667852 -0.042537951160179652 -0.00062925477560581654 0.11152581131202045 0.35918932377072543 -0.12557928412213792 0.19759624512557855 -0.011230310994636951 0.044137400509181683 0.072826505001309716 -0.024877138230038665 0.0021979117669156082 -0.03079298830828097 0.32358537285460254 0.01027907513265148 0.02886063462483756 -0.05539085738443271
leaf_weight=574 18511 42588 3586 4120 177 225 13457 4620 239 3014 32871 6663 7955 421 766 230 150 420 1523 6442 3728 11338 5128 30185 527 173 386 809 825 894 1069 2008 194 398 155 1557 153 757
leaf_count=574 18511 42588 3586 4120 177 225 13457 4620 239 3014 32871 6663 7955 421 766 230 150 420 1523 6442 3728 11338 5128 30185 527 173 386 809 825 894 1069 2008 194 398 155 1557 153 757
internal_value=-0.00294029 -0.000242589 -0.00564741 0.0181624 0.00918284 0.0565467 -0.00397881 -0.0245985 -0.00131545 0.00412394 0.0176669 0.0528162 -0.0128943 0.00744998 -0.0459618 -0.00946676 0.0176373 -0.0281781 0.0164311 0.0125845 0.0393815 0.000756343 -0.024454 -0.00272584 0.0442583 0.0963163 0.0280353 0.0890632 0.0661368 0.117038 -0.00594168 0.00906669 0.150889 -0.102073 0.159726 0.0290259 0.190566 -0.113016
internal_weight=208836 185705 143550 42155 34163 7992 139964 23131 126087 85787 42969 9677 40300 33292 9478 42818 27301 13877 27151 25628 7848 17780 6862 30822 7071 1680 5391 1928 1507 1703 3463 3077 921 637 682 1734 727 1523
internal_count=208836 185705 143550 42155 34163 7992 139964 23131 126087 85787 42969 9677 40300 33292 9478 42818 27301 13877 27151 25628 7848 17780 6862 30822 7071 1680 5391 1928 1507 1703 3463 3077 921 637 682 1734 727 1523
is_linear=0
shrinkage=0.03


Tree=96
num_leaves=39
num_cat=0
split_feature=97 208 194 202 208 197 197 208 96 208 208 194 56 208 208 114 206 194 77 209 96 208 208 198 194 35 204 194 203 208 96 114 204 202 197 200 155 183
split_gain=14067.2 12896.4 25202.3 18203.4 34806.2 16873.3 44322.8 139064 15072.5 16702 25089 13708.9 13172.2 57611 142664 12986.9 12795.8 12164.7 11249 10503 8600.57 8568.86 8461.6 8406.12 11523.9 15605.5 12448.7 10014.2 12238.5 9248.16 8564.86 7941.75 7765.77 8795.55 7737.67 7451.76 7443.59 6514.1
threshold=13.645881175994875 0.10623887926340105 89.500000000000014 0.35019405186176306 0.15738975256681445 982.85000610351574 983.14999389648449 0.39629089832305914 11.4690318107605 0.78192543983459484 0.87709078192710888 25.500000000000004 111.26184844970705 0.91511079668998729 0.92191100120544445 -285.86657714843744 -0.25000000000000006 51.500000000000007 8.100502014160158 9.5000000000000018 13.691872119903566 0.56191161274909984 0.92191100120544445 13.650000095367433 36.500000000000007 165.99305725097659 9.0000000000000018 25.500000000000004 0.1650413200259209 -0.013976481743156908 7.8108115196228036 -55.268968582153313 21.000000000000004 -0.96359375119209278 983.95001220703136 13.150000095367433 102.78499984741212 48.790498733520515
decision_type=2 2 2 2 2 2 2 2 8 2 2 2 10 2 2 8 2 2 10 2 8 2 2 2 2 10 2 2 2 2 8 10 2 2 2 2 2 8
left_child=1 19 3 8 17 -6 7 -7 12 11 -11 -10 15 21 -15 -3 -13 -5 -8 23 -4 -14 -2 24 26 -26 27 28 -1 30 -27 -21 34 -34 -28 -31 -17 -29
right_child=22 2 20 4 5 6 18 -9 9 10 -12 16 13 14 -16 36 -18 -19 -20 31 -22 -23 -24 -25 25 29 32 37 -30 35 -32 -33 33 -35 -36 -37 -38 -39
leaf_value=-0.10105932927119941 -0.039234580853917525 0.11079482021382217 -0.018752927298462445 0.38590342686226098 -0.017266041866443021 0.95687833113403675 0.10723918999350165 -0.043846132695795244 -0.047639219816385303 -0.076125425410849601 -0.00092018062380329574 0.039140108089917122 0.10959906077108074 0.87235251734266894 0.034200969206959628 0.0064028739437841757 -0.00052691257198913687 0.10607790122559166 0.024387480396481975 -0.11107416155378531 -0.074398953111281599 -0.028708619387646368 -0.16610107607351127 -0.033560910536992797 -0.0037521878057792061 0.019709887568441383 -0.0098421982652105826 0.19120130517298625 0.05775902833415781 -0.038695897992510657 -0.058527576061217577 -0.01299066971804212 0.24239155391546582 0.035206423081698364 0.19772610267404472 0.17761165538311813 0.11714047258866656 0.07172047547149131
leaf_weight=662 4411 1226 9139 335 4556 195 1760 348 3552 6222 11141 11820 525 264 594 17404 19220 240 9104 1573 3441 1737 530 10050 58070 1452 11156 488 1283 272 9489 1408 222 1089 164 303 564 2592
leaf_count=662 4411 1226 9139 335 4556 195 1760 348 3552 6222 11141 11820 525 264 594 17404 19220 240 9104 1573 3441 1737 530 10050 58070 1452 11156 488 1283 272 9489 1408 222 1089 164 303 564 2592
internal_value=-0.00282707 -0.00161362 0.00582105 0.0113341 0.0397983 0.0315381 0.0510307 0.31554 0.00499573 -0.00386125 -0.0278699 0.00818956 0.025618 0.0827878 0.292101 0.0163249 0.0145782 0.269111 0.0378098 -0.00927919 -0.0339738 0.00339212 -0.0528434 -0.00757965 -0.00458668 -0.0100789 0.0170591 0.0569972 0.0037032 -0.0419813 -0.0481445 -0.0647472 0.00117037 0.0702922 -0.00683483 0.0752891 0.00987891 0.0906519
internal_weight=208601 203660 103387 90807 16538 15963 11407 543 74269 51955 17363 34592 22314 3120 858 19194 31040 575 10864 100273 12580 2262 4941 97292 87242 69586 17656 5025 1945 11516 10941 2981 12631 1311 11320 575 17968 3080
internal_count=208601 203660 103387 90807 16538 15963 11407 543 74269 51955 17363 34592 22314 3120 858 19194 31040 575 10864 100273 12580 2262 4941 97292 87242 69586 17656 5025 1945 11516 10941 2981 12631 1311 11320 575 17968 3080
is_linear=0
shrinkage=0.03


Tree=97
num_leaves=39
num_cat=0
split_feature=200 196 114 208 202 200 96 96 200 45 96 201 105 189 175 15 74 204 197 200 201 141 191 197 193 122 208 96 83 114 122 141 202 202 36 96 59 96
split_gain=12402.9 22531.1 15227.7 13866.9 38766.6 75547.2 16596.4 15382.2 22146.2 11081.7 11938.1 11778.5 10139 9573.47 9498.86 8987.37 8476.41 8272.1 10744.9 11056.4 10167.9 7921.05 6973.7 7318.5 6727.25 6450.54 6325.49 7039.34 6311.87 6299.39 15474.1 6955.92 6250.25 11091.8 6120.87 6004.87 5826.15 5489.74
threshold=16.150000572204593 2.5000000000000004 50.306463241577156 0.274878740310669 0.96359375119209301 10.250000000000002 11.546006679534914 6.5068423748016366 15.650000095367433 115.31250000000001 12.076558113098146 262.50000000000006 -48.791593551635735 48.013422012329109 126.36499786376955 69.551216125488295 32.339042663574226 3.0000000000000004 977.54998779296886 22.250000000000004 67.500000000000014 -16.22007846832275 39.878065109252937 971.04998779296886 6.4500000476837167 39.325021743774421 -0.90531876683235157 19.739416122436527 9.3125000000000018 129.36573791503909 36.145833969116218 -17.478324890136715 -0.81408452987670887 -0.76037701964378346 377.94830322265631 8.2793688774108904 0.59125551581382763 16.010433197021488
decision_type=2 2 10 2 2 2 8 10 2 8 10 2 10 8 2 10 10 2 2 2 2 8 10 2 2 10 2 10 8 10 10 8 2 2 10 10 10 10
left_child=1 2 3 12 6 13 7 -5 -9 11 -11 14 15 -6 16 22 -2 18 19 -18 -19 -22 23 -1 28 -4 35 29 -3 30 31 -28 37 -34 -29 -26 -13 -8
right_child=9 24 25 4 5 -7 32 8 -10 10 -12 36 -14 -15 -16 -17 17 20 -20 -21 21 -23 -24 -25 26 -27 27 34 -30 -31 -32 -33 33 -35 -36 -37 -38 -39
leaf_value=-0.071813293510102627 -0.011963029115623035 -0.26307758261924341 -0.016112988601221154 -0.03387622864537182 -0.13671249763586574 0.8171792885150494 -0.045285252661693004 0.089125381993653816 0.37510651214995755 -0.0072606539227348769 -0.064201819039170993 -0.013702819544538145 -0.01364172961718855 0.18760277947750209 -0.051039544591414958 -0.042880774412525385 0.035070226027568166 -0.037652098895595482 -0.028844127065135294 0.29437560337281005 -0.0017875689543271644 0.059386139430827573 -0.091146127357055046 0.052104764835913357 -0.013454043812504609 0.03071356150050647 0.032323901132092422 -0.039661228226511865 -0.025212439874788033 -0.026149635647653657 0.30654467145326442 -0.0005440049293954541 0.15861012137096825 0.023525209834558861 0.12884654130036949 -0.057732500171520013 -0.046185612760328412 0.030616125293849286
leaf_weight=451 9666 177 12258 849 147 173 2047 4397 258 6264 7036 23673 7913 185 2426 1304 1190 1477 4537 169 2434 8765 346 8765 13032 3377 6594 5568 232 6895 152 47824 604 5802 201 3496 6290 1476
leaf_count=451 9666 177 12258 849 147 173 2047 4397 258 6264 7036 23673 7913 185 2426 1304 1190 1477 4537 169 2434 8765 346 8765 13032 3377 6594 5568 232 6895 152 47824 604 5802 201 3496 6290 1476
internal_value=-0.00271376 0.00271106 0.0185851 0.0296566 0.0502373 0.308885 0.0417735 0.0835582 0.104976 -0.0125852 -0.0373839 -0.00714494 0.0121895 0.0440044 0.00592611 0.0310008 0.0108202 0.022678 -0.00667895 0.0673185 0.0363329 0.0460906 0.0410763 0.0460405 -0.00678495 -0.0059989 -0.00619229 -0.00210475 -0.128156 0.00086916 0.00428304 0.0034387 0.0186107 0.0362622 -0.0337899 -0.0228199 -0.0205218 -0.0134854
internal_weight=208450 134523 50352 34717 15938 505 15433 5504 4655 73927 13300 60627 18779 332 30664 10866 28238 18572 5896 1359 12676 11199 9562 9216 84171 15635 83762 67234 409 61465 54570 54418 9929 6406 5769 16528 29963 3523
internal_count=208450 134523 50352 34717 15938 505 15433 5504 4655 73927 13300 60627 18779 332 30664 10866 28238 18572 5896 1359 12676 11199 9562 9216 84171 15635 83762 67234 409 61465 54570 54418 9929 6406 5769 16528 29963 3523
is_linear=0
shrinkage=0.03


Tree=98
num_leaves=39
num_cat=0
split_feature=97 208 194 202 208 197 207 192 75 138 194 76 194 142 194 163 190 54 30 185 185 208 194 207 198 191 185 196 132 75 76 198 207 57 25 207 208 16
split_gain=12609.8 11870.1 23074.2 16776 33879.5 16324.7 52759.9 141055 19714.5 13317.2 11935.4 9814.57 10611.1 9600.28 9128.73 15196.8 12063.1 10149.1 9190.31 8959.54 10873.5 8419.83 8094.94 9116.01 7540.4 7498.46 7953.55 7355.19 6753.86 6556.8 6506.52 5698.33 5491.28 5400.33 5338.47 5281.3 8265.85 5192.55
threshold=13.645881175994875 0.10623887926340105 89.500000000000014 0.35019405186176306 0.15738975256681445 982.85000610351574 -0.9413962960243224 0.83792451024055492 16.341167449951175 47.552083969116218 51.500000000000007 66.909248352050795 22.500000000000004 0.34553511440753942 36.500000000000007 9.9099998474121112 0.50667241215705883 72.265548706054702 105.12500000000001 443.24702453613287 1134.3499755859377 0.92191100120544445 33.500000000000007 0.93544191122055065 11.550000190734865 13.101595401763918 1063.549987792969 94.500000000000014 -23.223003387451168 46.725250244140632 84.290401458740249 9.7500000000000018 -0.58482360839843739 33.397277832031257 42.250000000000007 0.35042373836040502 1.0000000180025095e-35 51.563846588134773
decision_type=2 2 2 2 2 2 2 8 10 10 2 10 2 2 2 2 8 8 8 8 8 2 2 2 2 10 10 2 10 10 10 2 2 10 10 2 2 8
left_child=1 14 3 9 10 -6 7 -7 -8 11 -5 12 -3 -14 16 35 22 18 -17 37 25 30 -1 -24 27 -21 -27 -13 -11 31 -2 -4 -30 -20 -31 36 -16 -18
right_child=21 2 29 4 5 6 8 -9 -10 28 -12 24 13 -15 15 17 19 -19 33 20 -22 -23 23 -25 -26 26 -28 -29 32 34 -32 -33 -34 -35 -36 -37 -38 -39
leaf_value=0.036281611218866548 -0.027336476670434342 -0.054427323938639492 -0.012082854249042783 0.38164571028955624 -0.017915427168004986 1.1312695132487949 0.12781962965513874 -0.033944873627557479 0.019195331805200697 -0.016619670070026876 0.10361005164086701 0.067234725684164109 0.12595622936190096 0.0086871433951272968 -0.0052440763977314557 -0.0013784615384923602 -0.0012192032595418974 0.17946515813470429 -0.040892390850425751 -0.03323040821519975 -0.016785819936092478 -0.16235196040761368 0.05359725481071087 0.2951541491058316 -0.052775780481528894 0.046815067556096088 0.20790822207187565 0.22126101709769566 -0.0024358547142625127 -0.16693965852476167 -0.18403273204620052 -0.086757455189560351 -0.11985790884806131 -0.12753664198481177 -0.054394814605721424 0.027637346240550816 -0.088889801683632391 -0.059544447970018975
leaf_weight=4074 4157 2398 8451 332 4557 146 1796 260 9241 7928 239 1622 635 59369 46758 5974 2410 202 19205 1010 5955 535 330 245 377 4463 294 337 522 444 253 1032 1144 670 2604 4280 1088 3195
leaf_count=4074 4157 2398 8451 332 4557 146 1796 260 9241 7928 239 1622 635 59369 46758 5974 2410 202 19205 1010 5955 535 330 245 377 4463 294 337 522 444 253 1032 1144 670 2604 4280 1088 3195
internal_value=-0.00262685 -0.00147712 0.00565099 0.0109119 0.0382073 0.0301036 0.0492265 0.385089 0.0368714 0.00482682 0.265274 0.00971514 0.0074551 0.00992818 -0.00883874 -0.0136408 0.00824407 -0.0323508 -0.0340061 -0.00326908 0.0116482 -0.0499616 0.051154 0.156525 0.0700877 0.0410091 0.0567717 0.0937325 -0.0281584 -0.0325126 -0.0363265 -0.0202095 -0.0830671 -0.0438133 -0.0707897 -0.00429013 -0.00714617 -0.0344663
internal_weight=208532 203587 103434 90903 16571 16000 11443 406 11037 74332 571 64738 62402 60004 100153 78177 21976 26051 25849 17327 11722 4945 4649 575 2336 5767 4757 1959 9594 12531 4410 9483 1666 19875 3048 52126 47846 5605
internal_count=208532 203587 103434 90903 16571 16000 11443 406 11037 74332 571 64738 62402 60004 100153 78177 21976 26051 25849 17327 11722 4945 4649 575 2336 5767 4757 1959 9594 12531 4410 9483 1666 19875 3048 52126 47846 5605
is_linear=0
shrinkage=0.03


Tree=99
num_leaves=39
num_cat=0
split_feature=94 196 200 105 141 74 201 200 120 196 202 56 191 76 184 96 192 209 209 195 54 96 96 98 95 163 185 138 193 171 56 157 163 197 197 200 201 93
split_gain=11887.2 11859.3 17641.4 10517.3 8594.95 8342.66 30934.2 50540.7 9581.78 45597.4 8791.71 8361.54 8207.9 16099.4 14565.4 7917.66 9207.6 7909.62 7500.01 8072.94 7307.45 7024.68 6165.14 6129.48 5824.93 8479.6 5262.24 5119.94 5115.26 5180.08 9420.16 6359.26 11750.3 5604.04 5047.61 6033.29 5408.88 5046.08
threshold=21.569950103759769 2.5000000000000004 16.150000572204593 9.9141330718994158 -12.056619167327879 14.485268115997316 42.500000000000007 12.650000095367433 57.552083969116218 1.0000000180025095e-35 0.39873388409614569 10.554031372070314 19.793914794921879 76.404479980468764 0.94336339831352245 28.004061698913578 0.59026312828063976 11.500000000000002 3.5000000000000004 1.0000000180025095e-35 39.508842468261726 8.7035450935363787 9.1117849349975604 -41.512500762939446 10.78168821334839 180.11499786376956 122.90392303466798 35.391666412353523 6.4500000476837167 0.98767900466918956 100.35817718505861 1.0299999713897707 5.4449999332427987 988.95001220703136 985.54998779296886 7.2500000000000009 97.500000000000014 8.9553833007812518
decision_type=8 2 2 10 10 8 2 2 10 2 2 8 10 10 8 8 10 2 2 2 10 8 8 2 10 2 10 10 2 2 10 2 2 2 2 2 2 8
left_child=1 2 3 5 -5 6 7 10 11 -10 -1 -7 22 -14 -15 16 23 -13 19 -3 -18 27 -4 -2 25 -8 -22 -20 37 30 -30 32 -31 -33 36 -36 -17 -23
right_child=15 18 12 4 -6 8 24 -9 9 -11 -12 17 13 14 -16 34 20 -19 21 -21 26 28 -24 -25 -26 -27 -28 -29 29 31 -32 33 -34 -35 35 -37 -38 -39
leaf_value=0.035183627595703565 -0.16234575788105748 0.014215429049519068 0.011505133860387611 -0.0057403383208406225 0.088895605720483856 0.19676001540159027 -0.0054033777784144111 0.56762800017798676 0.023215941096545161 0.45013546506369917 0.27774464789611447 0.016111895773225183 0.003754511506018101 0.43737396737358597 0.04233523883385322 0.10648999126401944 -0.057796039125195695 0.09327936255816853 -0.0037824538476382225 -0.052016641932821316 0.050646255426241293 -0.25842844365085049 -0.031616216381821542 -0.043968182830081699 -0.040806540485312751 0.17889732026147134 -0.0084029655057631467 0.10152746055274912 -0.024541040203145077 0.024591008326910958 -0.13129589831333191 -0.017254547181098728 0.30296567895966564 0.048167328929487781 0.30027304585982167 0.039126707867399579 -0.082373286293302511 -0.04133353062217645
leaf_weight=604 412 21014 3855 13036 925 244 612 267 1263 274 173 22348 14834 147 196 269 2374 1263 49576 1798 1595 158 13207 8844 1008 355 9151 419 21174 1141 771 13296 155 1293 149 171 277 247
leaf_count=604 412 21014 3855 13036 925 244 612 267 1263 274 173 22348 14834 147 196 269 2374 1263 49576 1798 1595 158 13207 8844 1008 355 9151 419 21174 1141 771 13296 155 1293 149 171 277 247
internal_value=-0.00265504 -0.000122927 0.00912708 0.0218515 0.000529888 0.0323288 0.0794751 0.211556 0.0267233 0.0993251 0.0891933 0.0220454 -0.00759673 0.00845301 0.211646 -0.0228811 -0.0263258 0.0202398 -0.00633817 0.0089951 -0.0101618 -0.0103026 -0.0218733 -0.0492376 0.00965522 0.0622568 0.000361552 -0.00289984 -0.0199823 -0.0188469 -0.0282918 -0.00579877 0.0578865 -0.0114563 0.0661235 0.160729 0.0106743 -0.126032
internal_weight=208895 185653 74611 42372 13961 28411 3019 1044 25392 1537 777 23855 32239 15177 343 23242 22376 23611 111042 22812 13120 88230 17062 9256 1975 967 10746 49995 38235 37830 21945 15885 1296 14589 866 320 546 405
internal_count=208895 185653 74611 42372 13961 28411 3019 1044 25392 1537 777 23855 32239 15177 343 23242 22376 23611 111042 22812 13120 88230 17062 9256 1975 967 10746 49995 38235 37830 21945 15885 1296 14589 866 320 546 405
is_linear=0
shrinkage=0.03


Tree=100
num_leaves=39
num_cat=0
split_feature=97 208 194 114 96 208 207 187 132 16 199 198 208 132 209 36 194 204 194 199 16 207 199 173 16 177 149 96 208 76 181 207 198 199 185 201 45 97
split_gain=11717.7 11020.6 20954.9 15933.7 16124.4 17352.7 180709 18520.6 16113.8 20271.8 14016.2 13092.5 12651.5 10298.2 9423.19 9023.27 9249.39 17142.6 11867.4 9010.52 8911.67 10686.6 11519.9 7796.89 7699.41 7480.68 7295.18 7138.18 7118.93 7236.28 7101.84 7059.86 6926.58 6150.4 5776.45 5752.03 5193.75 4843.66
threshold=13.239012718200685 0.10623887926340105 89.500000000000014 129.36573791503909 11.4690318107605 0.91511079668998729 -0.37447345256805414 74.45536041259767 -34.140680313110344 189.46875000000003 105.50000000000001 6.4500000476837167 0.15738975256681445 -44.53631401062011 9.5000000000000018 237.23493957519534 45.500000000000007 9.0000000000000018 29.500000000000004 271.50000000000006 36.347959518432624 0.99983760714530956 34.500000000000007 1.6250000000000002 38.038412094116218 0.17813742905855182 8.8150000572204608 13.691872119903566 0.92191100120544445 84.290401458740249 80.000000000000014 0.98213580250740062 4.4500000476837167 84.500000000000014 198.40361785888675 3327.5000000000005 1.0000000180025095e-35 4.7438375949859628
decision_type=2 2 2 10 8 2 2 8 10 10 2 2 2 10 2 10 2 2 2 2 8 2 2 2 8 2 2 8 2 10 2 2 2 2 10 2 10 2
left_child=1 14 3 4 5 7 -7 10 9 12 -3 -11 -6 37 15 16 17 18 -1 -20 26 23 -23 -22 -16 -10 -18 -4 29 -2 -17 35 -15 -8 -9 -19 -29 -5
right_child=28 2 27 13 8 6 33 34 25 11 -12 -13 -14 32 24 30 20 31 19 -21 21 22 -24 -25 -26 -27 -28 36 -30 -31 -32 -33 -34 -35 -36 -37 -38 -39
leaf_value=0.013813396369937106 -0.024475170069207366 0.17515566642958663 -0.017010680619283097 -0.0005610911709720681 0.10849222572390341 0.84932728738581542 0.14352817777882496 -0.020315907734183937 0.016255371585008001 0.027639643665733724 0.046257667471030564 -0.047637452761809806 0.023947114466903369 -0.008284586665562043 -0.1080166779780642 -0.0094381213559834639 -0.0036840563582978074 0.017779106615883992 0.045915359226585337 0.15444625960455055 -0.013470240975204337 0.27552615291351923 -0.0078795181462882093 -0.051410740851353449 -0.011995396058548255 -0.041398707861656461 0.14522528679947067 -0.13197712387474916 -0.14151919109649236 -0.17832038467698802 -0.070611740849954516 -0.030109534463149686 -0.063754249275576741 0.0056338623661890295 0.030399819092354764 -0.04857673142744718 -0.0464478555288785 0.073018422874459865
leaf_weight=2703 4770 827 9167 11127 1690 268 342 5777 2782 3149 9266 6122 27742 3674 1527 3411 46154 10823 1326 1432 11102 215 323 8691 1480 7448 298 853 614 292 3421 5615 4517 1956 3109 1319 2547 868
leaf_count=2703 4770 827 9167 11127 1690 268 342 5777 2782 3149 9266 6122 27742 3674 1527 3411 46154 10823 1326 1432 11102 215 323 8691 1480 7448 298 853 614 292 3421 5615 4517 1956 3109 1319 2547 868
internal_value=-0.00253735 -0.00134904 0.00552398 0.0105562 0.0172869 0.0389122 0.112134 0.0290125 0.0077653 0.0166161 0.0568195 -0.0220687 0.0288018 -0.0129436 -0.00845549 -0.00683135 -0.0043082 0.0120026 0.0584857 0.102267 -0.00997886 -0.0265438 0.105379 -0.0301297 -0.0607568 -0.0257199 -0.00272873 -0.0307805 -0.0450515 -0.0333501 -0.0400698 -0.0022929 -0.0388739 0.0261567 -0.00257162 0.0105707 -0.0679061 0.0047634
internal_weight=208747 203071 103231 90664 70478 21545 2566 18979 48933 38703 10093 9271 29432 20186 99840 96833 90001 23218 5461 2758 66783 20331 538 19793 3007 10230 46452 12567 5676 5062 6832 17757 8191 2298 8886 12142 3400 11995
internal_count=208747 203071 103231 90664 70478 21545 2566 18979 48933 38703 10093 9271 29432 20186 99840 96833 90001 23218 5461 2758 66783 20331 538 19793 3007 10230 46452 12567 5676 5062 6832 17757 8191 2298 8886 12142 3400 11995
is_linear=0
shrinkage=0.03


Tree=101
num_leaves=39
num_cat=0
split_feature=194 204 204 199 94 194 190 203 199 85 204 102 197 114 197 199 209 208 208 197 199 95 199 77 204 194 190 197 200 199 59 208 187 194 203 194 208 203
split_gain=11155.8 19709.8 10495 13919.1 13342.1 13224.5 10332.1 10262.1 15087.5 9021.33 8342.22 7675.13 8793.48 17314.4 16838.1 99199.5 7741.61 8174.16 6833 22924.8 15051.5 8189.25 6815.15 9402.63 6675.75 6367.77 6201.27 5789.45 8111.91 6326.95 5775.59 5683.77 5655.52 5355.08 5341.19 5140.12 6486.66 8463.46
threshold=54.500000000000007 13.000000000000002 19.000000000000004 74.500000000000014 15.268455028533937 36.500000000000007 0.26327641308307653 0.96359375119209301 49.500000000000007 19.812500000000004 7.0000000000000009 122.22916793823244 982.85000610351574 84.891036987304702 983.14999389648449 169.50000000000003 10.500000000000002 0.63755506277084362 0.32410992681980139 979.45001220703136 127.50000000000001 10.595131874084474 163.50000000000003 2.1437737941741948 9.0000000000000018 45.500000000000007 0.047645296901464469 984.64999389648449 7.8500001430511483 37.500000000000007 0.27829560637474066 0.74872833490371715 14.610688686370851 14.500000000000002 0.95878320932388317 84.500000000000014 0.24164313822984698 -0.43049471080303187
decision_type=2 2 2 2 8 2 10 2 2 8 2 10 2 8 2 2 2 2 2 2 2 10 2 8 2 2 8 2 2 2 10 2 10 2 2 2 2 2
left_child=1 6 4 5 -3 7 34 8 -4 11 -11 12 -2 14 15 -14 -16 -18 25 -20 -21 31 23 -15 35 32 -5 29 -29 -27 -23 -22 -8 -28 -1 36 -12 -38
right_child=9 2 3 26 -6 -7 18 -9 -10 10 24 -13 13 22 16 -17 17 -19 19 20 21 30 -24 -25 -26 27 33 28 -30 -31 -32 -33 -34 -35 -36 -37 37 -39
leaf_value=0.044145619569721406 -0.0072814786933896617 0.0012359923857261752 0.53003711183919089 0.17891620197070809 -0.038752195911805135 0.020666491925203961 -0.015241344720970612 0.029204460999006528 0.16313859393569019 -0.041675027628483595 -0.018886217894774827 -0.023249748693295061 0.88005490858738789 0.11423079283450473 0.023659124438533508 -0.00088824579150229704 0.19817726407499706 -0.018099267803550048 0.40989018186338549 0.2080107969822915 0.18024630884749182 0.028242016585713035 -0.0050731478568032274 0.014392229166529642 -0.018787618166073123 -0.23338198443841768 0.1385027096958977 -0.071475628436538902 0.20982316057023551 -0.036290524574955532 -0.040119746658751947 0.026086454221089177 0.026565872808087358 -0.0027185008171065738 0.14672081817343011 -0.041903112015957325 0.23378102233652656 0.053766532366356791
leaf_weight=9889 60212 17623 150 181 13085 757 4394 208 308 12099 824 15598 151 1012 3380 483 507 228 147 402 430 2954 21345 5270 11325 154 249 172 199 3043 1784 431 8635 8190 479 697 282 1412
leaf_count=9889 60212 17623 150 181 13085 757 4394 208 308 12099 824 15598 151 1012 3380 483 507 228 147 402 430 2954 21345 5270 11325 154 249 172 199 3043 1784 431 8635 8190 479 697 282 1412
internal_value=-0.00249853 0.00687255 -0.00709678 0.019525 -0.0158034 0.10645 0.0240641 0.203953 0.283311 -0.0076325 -0.0232711 -0.00378175 -0.000502028 0.0121062 0.0650212 0.208936 0.0428478 0.131087 0.0127499 0.0397666 0.0306994 0.0179683 0.00301022 0.0304759 -0.0079568 0.00274216 0.0051751 -0.0327672 0.0794101 -0.0457852 0.00250164 0.103078 0.0124665 0.00144846 0.0488847 0.0301951 0.0501527 0.0837349
internal_weight=208689 73864 40751 10043 30708 1423 33113 666 458 134825 26639 108186 92588 32376 4749 634 4115 735 22745 6148 6001 5599 27627 6282 14540 16597 8620 3568 371 3197 4738 861 13029 8439 10368 3215 2518 1694
internal_count=208689 73864 40751 10043 30708 1423 33113 666 458 134825 26639 108186 92588 32376 4749 634 4115 735 22745 6148 6001 5599 27627 6282 14540 16597 8620 3568 371 3197 4738 861 13029 8439 10368 3215 2518 1694
is_linear=0
shrinkage=0.03


Tree=102
num_leaves=39
num_cat=0
split_feature=198 194 205 141 185 196 205 196 199 194 59 196 199 56 16 102 75 197 56 199 79 158 96 196 99 194 56 197 194 196 75 199 189 205 79 191 96 189
split_gain=11301.9 17575.6 17966.1 12806.5 10859.1 10650.6 16090.8 17619.8 32414.5 10639.1 9038.32 9016.4 13767.4 11021.8 10977.2 8296.46 8239.36 7758.51 8853.58 19194.4 8669.46 7673.3 7177.41 6946.63 8945.75 8669.95 9295.22 7038.07 6226.4 5907.49 5541.45 4925.22 4883.7 4775.07 4802.21 4741.19 4737.77 4537.27
threshold=11.550000190734865 45.500000000000007 -0.68301269412040699 -1.385480463504791 1176.5999755859377 59.500000000000007 0.25000000000000011 78.500000000000014 293.50000000000006 25.500000000000004 0.59125551581382763 1.0000000180025095e-35 164.50000000000003 103.6166343688965 70.892356872558608 142.48541259765628 13.126370429992678 985.75000000000011 111.26184844970705 294.50000000000006 1.4054636955261233 96.000000000000014 12.076558113098146 2.5000000000000004 0.45095375180244451 83.500000000000014 43.294235229492195 989.75000000000011 66.500000000000014 4.5000000000000009 70.93970108032228 302.50000000000006 76.032890319824233 0.25000000000000011 1.4678354859352114 18.601402282714847 9.5109214782714862 166.50000000000003
decision_type=2 2 2 10 10 2 2 2 2 2 10 2 2 10 10 10 8 2 10 2 10 2 8 2 2 2 8 2 2 2 10 2 8 2 10 10 10 10
left_child=1 2 22 15 5 11 9 -8 -9 -7 16 12 14 -14 -4 21 -2 -18 20 -20 28 23 -1 25 27 26 -3 -25 29 -19 -17 37 -12 34 -13 -11 -26 -6
right_child=10 3 4 -5 31 6 7 8 -10 35 32 33 13 -15 -16 30 17 18 19 -21 -22 -23 -24 24 36 -27 -28 -29 -30 -31 -32 -33 -34 -35 -36 -37 -38 -39
leaf_value=0.024544052178630593 -0.059951034768837307 -0.0069597763225127153 0.15584647366447243 -0.061805617790164566 -0.092369480640459287 -0.061590984077953083 -0.084474561808161874 0.12740709189362151 0.53764476667061978 0.045541486357747657 -0.094527640943739319 0.011651878712814633 0.023290834242753126 0.15564041018805994 0.014164435529406903 -0.028619260203881242 -0.012611759181629722 0.0017484463461991048 0.43402090284269357 -0.051620952538747468 0.1582733943232871 0.16544786498383046 -0.027191039621934511 -0.006116099847394159 -0.015719981111425245 -0.01857784424636854 0.025234512782542417 0.039826414015705032 -0.067336820787468707 0.11452861262480324 0.082709035491448701 0.04113835747618512 -0.035346786636216515 -0.03958289239958418 0.17898287008782318 0.14262308931453144 -0.084793264255121223 0.016049056957582859
leaf_weight=3379 2696 11970 1560 3423 1118 637 182 631 239 1306 1665 5278 10683 598 719 13240 17302 1623 148 145 372 250 8446 70206 1672 8686 24781 3135 793 563 415 613 5096 1821 159 693 1920 504
leaf_count=3379 2696 11970 1560 3423 1118 637 182 631 239 1306 1665 5278 10683 598 719 13240 17302 1623 148 145 372 250 8446 70206 1672 8686 24781 3135 793 563 415 613 5096 1821 159 693 1920 504
internal_value=-0.00242757 0.000455769 0.018384 -0.00449363 0.0320003 0.0377737 0.0847626 0.183955 0.24011 0.0451754 -0.0193337 0.0294493 0.0438936 0.0303068 0.111148 -0.00305404 -0.0105864 -0.00423257 0.0355523 0.193691 0.0217246 -0.000583874 -0.0124077 -0.000923091 -0.00641622 0.00837775 0.0147486 -0.00415225 0.00467259 0.0307953 -0.0252357 -0.0313028 -0.0499211 0.00246319 0.0165457 0.0791978 -0.0526413 -0.0586807
internal_weight=208667 178264 38566 139698 26741 24506 3688 1052 870 2636 30403 20818 13560 11281 2279 136275 23642 20946 3644 293 3351 122620 11825 122370 76933 45437 36751 73341 2979 2186 13655 2235 6761 7258 5437 1999 3592 1622
internal_count=208667 178264 38566 139698 26741 24506 3688 1052 870 2636 30403 20818 13560 11281 2279 136275 23642 20946 3644 293 3351 122620 11825 122370 76933 45437 36751 73341 2979 2186 13655 2235 6761 7258 5437 1999 3592 1622
is_linear=0
shrinkage=0.03


Tree=103
num_leaves=39
num_cat=0
split_feature=94 57 132 54 14 96 120 114 96 96 121 56 105 185 189 56 199 76 188 8 114 96 189 201 199 197 197 74 57 161 96 47 209 31 7 185 201 199
split_gain=10582.5 7376.91 7636.75 7328.78 13078 10496.9 11042.3 12687 10044.6 7186.01 8644.9 6885.07 13998.9 8166.14 6380.96 6348.23 6296.92 6203.8 6011 5979.66 5514.49 5422.03 5710.85 4824.67 4670.68 4649.91 4519.5 4237.49 4218.36 4191.85 3996.83 4508.9 4531.71 6794.4 4536.39 3857.46 3816.66 3668.38
threshold=21.569950103759769 57.745483398437507 -19.084706306457516 51.658666610717781 206.41666412353518 6.4414885044097909 22.435417175292972 98.653739929199233 23.158388137817386 28.004061698913578 21.087500572204593 26.712205886840824 -5.5617072582244864 1176.5999755859377 51.006271362304695 94.25571441650392 241.50000000000003 62.73133850097657 3.3467063903808598 61.375000000000007 -859.73526000976551 9.1117849349975604 31.696719169616703 22.500000000000004 133.50000000000003 984.54998779296886 983.64999389648449 49.938636779785163 27.032424926757816 89.56000137329103 15.828504085540773 24.38749980926514 11.500000000000002 215.25000000000003 88.250000000000014 467.86099243164068 2737.5000000000005 300.50000000000006
decision_type=8 8 10 8 8 10 8 10 10 8 10 8 8 10 10 10 2 10 10 10 8 8 10 2 2 2 2 10 10 2 10 8 2 10 8 10 2 2
left_child=1 2 3 11 5 -5 27 -8 21 10 30 12 13 36 18 20 24 -15 25 37 -13 22 -6 -14 -11 26 -12 -7 -23 -22 -2 35 34 -34 -33 -32 -1 -3
right_child=9 19 -4 4 8 6 7 -9 -10 16 14 15 23 17 -16 -17 -18 -19 -20 -21 29 28 -24 -25 -26 -27 -28 -29 -30 -31 31 32 33 -35 -36 -37 -38 -39
leaf_value=0.041740624827460736 -0.0080184610133449286 0.20277290272365181 -0.066312050080685636 -0.027118495260198359 -0.010803114067213297 -0.070771346769590446 0.037738206663401795 -0.003436891984199694 0.089748787923867188 0.074531670236465078 0.036907056143331125 -0.034141021433334036 0.1150143281074221 0.0043319245292384881 -0.022484545457537395 -0.12286052666159245 -0.021469488521437471 -0.12251087881137612 0.21772641557851086 0.020020415490719399 -0.0086969097744926394 -0.012707540046743444 0.23476696647083667 -0.011341694210521331 0.28028850830817237 -0.021679729895544453 0.20438808770757802 0.06888006668952476 -0.04899680380145896 0.0084909309259916556 -0.11768267754732718 -0.0021333524291986877 0.015302551369838709 -0.18945234940669667 -0.049561353417721908 -0.025735714069555458 -0.020546215875419719 0.059227637067149244
leaf_weight=12308 2784 334 1572 4152 194 1451 25516 9150 788 315 1898 6541 276 1172 5398 432 418 493 146 1173 70041 10041 152 18575 145 1368 157 226 4044 15618 1351 2790 227 408 5194 590 954 308
leaf_count=12308 2784 334 1572 4152 194 1451 25516 9150 788 315 1898 6541 276 1172 5398 432 418 493 146 1173 70041 10041 152 18575 145 1368 157 226 4044 15618 1351 2790 227 408 5194 590 954 308
internal_value=-0.00226704 0.000121382 -0.000473269 9.50187e-05 0.0091599 0.0180704 0.023233 0.0268701 -0.0145493 -0.0213743 -0.0246872 -0.00390024 0.00769416 0.0293977 -0.00190679 -0.00812811 0.0628105 -0.033226 0.0292163 0.0603058 -0.00759052 -0.0202446 0.0970797 -0.00949162 0.139395 0.0211751 0.0497035 -0.0519508 -0.0231267 -0.00556309 -0.0399954 -0.0484256 -0.0391227 -0.116257 -0.0329878 -0.0897343 0.03726 0.133909
internal_weight=208700 185511 183696 182124 55714 40495 36343 34666 15219 23189 22311 126410 33778 14927 8967 92632 878 1665 3569 1815 92200 14431 346 18851 460 3423 2055 1677 14085 85659 13344 10560 8619 635 7984 1941 13262 642
internal_count=208700 185511 183696 182124 55714 40495 36343 34666 15219 23189 22311 126410 33778 14927 8967 92632 878 1665 3569 1815 92200 14431 346 18851 460 3423 2055 1677 14085 85659 13344 10560 8619 635 7984 1941 13262 642
is_linear=0
shrinkage=0.03


Tree=104
num_leaves=39
num_cat=0
split_feature=97 194 204 190 204 96 96 75 208 15 123 194 96 208 123 202 95 208 193 36 157 208 182 208 75 193 202 141 208 208 193 197 197 208 205 194 193 209
split_gain=10534.3 9690.08 16471.4 10929.2 8988.52 12465.5 8212.89 11095.3 8721.88 16609.6 13263.3 12179.3 10265.1 10306 9704.9 11774.2 9013.88 11479 7596.42 20961.9 7838.26 7944.37 7461.48 6944.67 6818.28 6997.05 6759.33 6516.86 6314.8 21106.9 13585.5 12070 10958.7 6431.77 6338.84 7713.82 7110.02 6284.23
threshold=13.645881175994875 54.500000000000007 13.000000000000002 0.25941652059555059 19.000000000000004 12.023187160491945 19.070695877075199 1.0000000180025095e-35 0.13185577094554904 184.3379821777344 0.92330953478813182 83.500000000000014 8.3308858871459979 -0.013976481743156908 -1.0000000180025095e-35 0.35019405186176306 6.644658327102662 0.91511079668998729 24.94999980926514 83.381072998046889 31.289999961853031 0.68901559710502636 1.0000000180025095e-35 0.92191100120544445 3.4643399715423588 6.4500000476837167 0.90255093574523937 1.8351800441741946 0.32410992681980139 0.45082531869411474 23.650000572204593 981.14999389648449 985.85000610351574 0.74872833490371715 0.68301269412040722 20.500000000000004 21.250000000000004 3.5000000000000004
decision_type=2 2 2 10 2 8 8 10 2 8 8 2 10 2 8 2 8 2 2 8 2 2 2 2 8 2 2 8 2 2 2 2 2 2 2 2 2 2
left_child=1 2 3 18 5 -4 8 -8 10 11 -3 14 -12 -14 -10 -16 17 -11 19 -1 -21 -22 -9 -2 26 -26 -18 -20 34 30 -30 -32 -31 -34 36 -36 -5 -29
right_child=23 6 4 28 -6 -7 7 22 9 16 12 -13 13 -15 15 -17 24 -19 27 20 21 -23 -24 -25 25 -27 -28 37 29 32 31 -33 33 -35 35 -37 -38 -39
leaf_value=0.40154174454971286 -0.033011303699589087 0.0054768976566214036 0.013045309250495532 -0.15193742339243441 0.019922402142945141 -0.027694239390626488 0.17137837766600678 -0.061518006669216342 -0.0070610067376843545 -0.010683514753340702 -0.011271497772424898 -0.010960783681850916 -0.032289164531901185 -0.10429190301742479 0.025223187613561036 0.080621776069780923 -0.00085698071620944681 0.26686136946513789 0.093031691049376836 0.022867796900949124 0.21011806035299319 0.068504105829676476 -0.013211670220790481 -0.14667341224237337 -0.15897194763328257 -0.02293778555149828 0.15315168041089339 0.12676699996596874 0.35702860950182863 -0.065443448486330644 -0.07920132434873621 0.14337481342752992 0.09843088865777147 0.0066399257276733657 -0.15897582311826525 0.042865324009388667 -0.004975668291176941 0.0050492185001064253
leaf_weight=180 4437 25352 10397 304 9620 19321 242 5021 5868 332 25033 10495 10937 2139 16937 4337 789 225 1210 1640 538 1057 6742 543 347 17603 380 417 211 1371 275 1082 1013 2135 178 3991 11656 4516
leaf_count=180 4437 25352 10397 304 9620 19321 242 5021 5868 332 25033 10495 10937 2139 16937 4337 789 225 1210 1640 538 1057 6742 543 347 17603 380 417 211 1371 275 1082 1013 2135 178 3991 11656 4516
internal_value=-0.00229584 -0.0012429 0.00769384 0.023759 -0.00528227 -0.0134413 -0.00602912 -0.0296943 -0.00367678 0.00480654 -0.0113383 0.0164836 -0.0225246 -0.0440676 0.0270956 0.036517 -0.0175298 0.101433 0.0505834 0.0864539 0.0689207 0.116272 -0.0338311 -0.0454049 -0.0209957 -0.0255676 0.0492062 0.0306422 0.0122183 0.038254 0.133091 0.0982686 0.00534722 0.0361778 0.0023925 0.0342471 -0.0087113 0.0153387
internal_weight=208871 203891 71112 31774 39338 29718 132779 12005 120774 57313 63461 37637 38109 13076 27142 21274 19676 557 9558 3415 3235 1595 11763 4980 19119 17950 1169 6143 22216 6087 1568 1357 4519 3148 16129 4169 11960 4933
internal_count=208871 203891 71112 31774 39338 29718 132779 12005 120774 57313 63461 37637 38109 13076 27142 21274 19676 557 9558 3415 3235 1595 11763 4980 19119 17950 1169 6143 22216 6087 1568 1357 4519 3148 16129 4169 11960 4933
is_linear=0
shrinkage=0.03


Tree=105
num_leaves=39
num_cat=0
split_feature=198 207 207 123 190 206 201 207 149 123 207 207 201 85 201 199 59 195 207 96 132 132 193 201 201 163 74 201 199 201 201 201 206 208 96 113 207 181
split_gain=10526.9 10704.6 11371.1 31685.7 78253.8 13774.2 19116.4 11273.1 10297.9 11007.8 21945.4 23166.9 9431.97 9137.34 8990.58 25744.5 8395.21 8116.2 7712.2 9036.7 7928.93 7869.31 7263.51 6685.49 6508.71 16808.4 6479.52 7448.81 8699.23 8540.33 18215.5 7210.46 14274 6305.56 6211.48 8389.2 6062.25 6022.19
threshold=11.550000190734865 -0.99630266427993763 -0.76694339513778675 11.415761947631838 0.4847520142793656 -0.25000000000000006 327.50000000000006 0.35042373836040502 35.039999008178718 7.9624972343444833 -0.95244166254997242 -0.9413962960243224 42.500000000000007 20.72500038146973 292.50000000000006 296.50000000000006 0.59125551581382763 1.0000000180025095e-35 0.89404821395874035 11.699998378753664 -23.063205718994137 -41.554021835327141 8.9499998092651385 62.500000000000007 22.500000000000004 327.01499938964849 12.095477581024172 287.50000000000006 283.50000000000006 222.50000000000003 237.50000000000003 136.87500000000003 0.25000000000000011 -0.34234976768493647 12.764229774475099 -169.11458587646482 0.79383251070976268 136.00000000000003
decision_type=2 2 2 10 10 2 2 2 2 10 2 2 2 8 2 2 8 2 2 8 10 8 2 2 2 2 10 2 2 2 2 2 2 2 10 8 2 2
left_child=1 -1 3 8 -5 6 7 14 9 24 -11 -12 -10 18 23 -16 26 33 20 37 36 -21 -15 -4 25 -3 -2 28 -28 31 -31 32 -30 -9 -24 -36 -7 -20
right_child=16 2 5 4 -6 13 -8 17 12 10 11 -13 -14 22 15 -17 -18 -19 19 21 -22 -23 34 -25 -26 -27 27 -29 29 30 -32 -33 -34 -35 35 -37 -38 -39
leaf_value=-0.047563368791609432 -0.051123694506482534 -0.0175880131963961 0.073393097084015063 0.83015637292237943 0.070137961985558703 -0.0053078184762563856 -0.0008597169198625125 -0.0020293152982187577 0.34751761046870006 0.00066953901819860509 0.29587607949429739 0.056542543269191857 0.061777939175882063 -0.12815391279180097 0.0038503108986449631 0.43750942958013506 -0.047811956977081294 -0.069458294068085749 0.055177255840114771 0.040472660397372295 -0.083166136184486983 -0.0060921642355404549 0.0039415527359787251 -0.0031665561185729588 0.00082589480381323806 0.16898120781155634 -0.031234512805874765 -0.012671380358459106 0.3119361538606345 0.42427922778764626 0.0668400193235342 -0.016203859819865111 0.022607936040484708 0.097413074273305297 -0.0091809280749190897 -0.057189489740292518 -0.043182492448810714 0.21966471975198021
leaf_weight=4074 3021 1049 1228 145 766 42844 39489 662 149 2437 576 989 344 634 422 174 6852 330 745 4580 1322 11388 4916 6257 29848 742 1246 16786 213 171 514 1117 549 4311 5964 7268 4174 274
leaf_count=4074 3021 1049 1228 145 766 42844 39489 662 149 2437 576 989 344 634 422 174 6852 330 745 4580 1322 11388 4916 6257 29848 742 1246 16786 213 171 514 1117 549 4311 5964 7268 4174 274
internal_value=-0.00228153 0.000506142 0.00163146 0.0163777 0.191115 -0.00235647 0.00964204 0.0406271 0.0119722 0.0100886 0.0569666 0.144631 0.148143 -0.00989903 0.0183232 0.130461 -0.0185764 0.0746147 -0.00459708 0.0127913 -0.0107075 0.00726372 -0.0283401 0.00939396 0.00415901 0.0597067 -0.0100942 -0.00407604 0.0337929 0.0653938 0.156075 0.0323348 0.103486 0.0841754 -0.024853 -0.0355509 -0.00867014 0.0994085
internal_weight=208570 178101 174027 37045 911 136982 52873 13384 36134 35641 4002 1565 493 84109 8081 596 30469 5303 65327 16987 48340 15968 18782 7485 31639 1791 23617 20596 3810 2564 685 1879 762 4973 18148 13232 47018 1019
internal_count=208570 178101 174027 37045 911 136982 52873 13384 36134 35641 4002 1565 493 84109 8081 596 30469 5303 65327 16987 48340 15968 18782 7485 31639 1791 23617 20596 3810 2564 685 1879 762 4973 18148 13232 47018 1019
is_linear=0
shrinkage=0.03


Tree=106
num_leaves=39
num_cat=0
split_feature=198 194 204 196 193 194 207 56 194 198 207 208 203 207 206 204 208 208 94 196 140 196 207 207 59 75 193 56 196 193 193 208 207 203 203 204 203 197
split_gain=9809.58 15706.9 12556.4 16196 25316.1 11907.8 12241.6 23017 10061.7 9184.39 8666 24527.8 65290.8 12233.4 10968 18714.6 13203.8 14557.8 12538.1 8593.9 7972.32 19179.8 49279.1 7799.45 7483.07 7375.59 8483.38 18600.6 10583.9 7326.27 13852.4 11766.8 7259.64 7074.39 9219.07 18858.4 7093.93 8390.64
threshold=11.550000190734865 45.500000000000007 13.000000000000002 78.500000000000014 29.150000572204593 30.500000000000004 0.96234640479087841 43.294235229492195 17.500000000000004 6.1499998569488534 -0.76694339513778675 0.62420859932899486 0.608738273382187 -0.99630266427993763 -0.25000000000000006 11.000000000000002 -0.27694045007228846 0.95178258419036876 17.270740509033207 99.500000000000014 -31.100366592407223 1.0000000180025095e-35 -0.9413962960243224 0.95502296090126049 0.59125551581382763 13.126370429992678 13.650000095367433 112.8940773010254 3.5000000000000004 18.849999427795414 18.750000000000004 0.4584775865077973 0.99995782971382152 -0.85260769724845875 -0.47714059054851526 1.0000000180025095e-35 -0.0087262028828264185 983.04998779296886
decision_type=2 2 2 2 2 2 2 8 2 2 2 2 2 2 2 2 2 2 8 2 8 2 2 2 8 8 2 8 2 2 2 2 2 2 2 2 2 2
left_child=1 2 3 33 5 -5 7 -7 -4 -6 11 13 -13 -3 15 16 -12 19 32 -18 21 -15 -23 -11 25 -2 27 28 -27 30 -22 -31 -16 -1 35 -35 37 -36
right_child=24 10 8 4 9 6 -8 -9 -10 23 14 12 -14 20 18 -17 17 -19 -20 -21 29 22 -24 -25 -26 26 -28 -29 -30 31 -32 -33 -34 34 36 -37 -38 -39
leaf_value=-0.032215629604077735 -0.05649836697865368 -0.045569080921071516 -0.053722768630371141 0.047156925175581454 0.15325830011888522 0.6591772762391771 0.15734108061489419 0.15969178575856249 0.0095512582491173587 -0.14230295698076242 -0.011150605720775463 -0.031205878266295575 0.63580643407785065 0.0088990806190368168 -0.00983762966974773 -0.018045268622195017 0.072363362658966854 -0.013951427993093249 -0.041931446427306722 -0.026998156776100738 0.037291546618613163 0.62940207299366835 -0.0023624901666738671 0.048101175175077018 -0.045481596681866542 -0.0080475143248699942 -0.0086963849737628756 0.38961746654589868 0.24914953809228507 0.012094053047144167 0.32347322474332985 -0.039863817738100542 0.17993472962607168 0.40455542844665926 -0.051331327544837026 0.065740447816774142 0.033588221772832917 0.13826083486809293
leaf_weight=1683 2699 3796 2585 194 374 186 245 150 18093 318 5644 378 203 1109 56268 15959 8306 2917 12974 865 2790 179 293 495 6828 973 19637 146 169 22846 161 4736 182 163 1736 1590 10495 239
leaf_count=1683 2699 3796 2585 194 374 186 245 150 18093 318 5644 378 203 1109 56268 15959 8306 2917 12974 865 2790 179 293 495 6828 973 19637 146 169 22846 161 4736 182 163 1736 1590 10495 239
internal_value=-0.00208442 0.00060524 0.0175578 0.0359774 0.117301 0.250666 0.318617 0.436205 0.0016412 0.0302246 -0.00407544 0.00848909 0.201852 0.00536054 -0.00852187 0.00552315 0.026735 0.0444242 -0.0153378 0.0629916 0.0113806 0.0770684 0.237233 -0.0263745 -0.0178196 -0.00982452 -0.00380428 0.0707806 0.0300154 0.00797929 0.0529061 0.00317254 -0.00922575 0.025946 0.0328283 0.0972468 0.0237724 -0.0283875
internal_weight=208604 178152 38546 17868 1962 775 581 336 20678 1187 139606 36491 581 35910 103115 33691 17732 12088 69424 9171 32114 1581 472 813 30452 23624 20925 1288 1142 30533 2951 27582 56450 15906 14223 1753 12470 1975
internal_count=208604 178152 38546 17868 1962 775 581 336 20678 1187 139606 36491 581 35910 103115 33691 17732 12088 69424 9171 32114 1581 472 813 30452 23624 20925 1288 1142 30533 2951 27582 56450 15906 14223 1753 12470 1975
is_linear=0
shrinkage=0.03


Tree=107
num_leaves=39
num_cat=0
split_feature=97 198 207 207 123 203 56 99 149 201 123 207 144 132 196 198 201 204 201 209 157 207 181 185 162 196 19 155 203 198 16 84 74 77 16 198 87 207
split_gain=9576.26 8909.24 10020.8 10307.9 28529.3 71067.8 11000.7 10722.4 10540.3 21146.5 10689.2 20847.6 9477.06 7080.56 6977.22 8144.07 6362.8 6118.71 5829.7 5750.6 5689.16 5628.18 4749.16 4738.62 4422.66 4141.87 3911.01 3644.62 4249.74 6616.16 3585.97 3602.75 3297.67 2812.6 2728.6 2407.02 2403.53 2136.87
threshold=13.645881175994875 12.949999809265138 -0.99630266427993763 -0.76694339513778675 11.415761947631838 0.608738273382187 26.324309349060062 0.59960031509399425 23.114999771118168 32.500000000000007 7.9624972343444833 -0.95244166254997242 -0.14793726801872251 -21.911107063293453 1.0000000180025095e-35 11.050000190734865 17.500000000000004 7.0000000000000009 22.500000000000004 9.5000000000000018 6.1849999427795419 -0.58482360839843739 72.000000000000014 1176.5999755859377 7.61639428138733 96.500000000000014 0.42893925309181219 38.395000457763679 0.74892720580101024 14.050000190734865 55.477088928222663 43.262498855590827 9.6497764587402362 27.629529953002933 38.038412094116218 7.1499998569488534 15.28749990463257 -0.79902246594429005
decision_type=2 2 2 2 10 2 10 2 2 2 10 2 8 10 2 2 2 2 2 2 2 2 2 10 2 2 8 2 2 2 10 10 8 10 8 2 10 2
left_child=1 2 19 4 8 35 12 13 10 -10 18 -12 22 17 15 -9 -14 -8 -4 -1 -2 -15 36 -18 -11 -24 27 -3 -29 -30 -22 32 -32 -16 -21 -6 -5 -37
right_child=20 26 3 6 5 -7 7 14 9 24 11 -13 16 21 33 -17 23 -19 -20 34 30 -23 25 -25 -26 -27 -28 28 29 -31 31 -33 -34 -35 -36 37 -38 -39
leaf_value=-0.011904595965293207 -0.1785408750220463 -0.019327640868644587 0.058646190927773144 0.03168565622260916 -0.0051399670876107082 0.78821482995297742 -0.014720736374892768 0.075266429957467199 0.41414232708071053 -0.01931753664593298 0.00021512967147113615 0.13995465325467252 0.19379879776190459 0.013546705655234271 -0.048008965189222423 0.30201121833165523 0.0056927594713475959 -0.00023297867325061038 0.00072882758795128253 -0.10707712641159935 -0.15332903238012757 -0.081734339793185312 0.058641381794108938 -0.083488642656841611 0.13536922004548341 0.15264239640857183 -0.035225191979112128 0.0069225832182775188 0.25613003186415667 -0.01500087340972097 -0.14220663181447366 -0.080096592755330931 -0.0085565252060726769 0.041437217307766852 -0.033014898369778778 0.025430305508589025 -0.042428406780840908 0.15421182724781532
leaf_weight=2281 265 8003 1648 2484 274 146 39755 1188 171 421 2426 1591 157 785 530 162 11687 77153 30729 1307 222 1929 3241 562 275 485 8682 2939 163 161 175 995 3284 785 681 186 468 308
leaf_count=2281 265 8003 1648 2484 274 146 39755 1188 171 421 2426 1591 157 785 530 162 11687 77153 30729 1307 222 1929 3241 562 275 485 8682 2939 163 161 175 995 3284 785 681 186 468 308
internal_value=-0.00205176 -0.00105107 0.00101544 0.00209552 0.0159283 0.181516 -0.0016398 -0.00494575 0.0118664 0.115243 0.00940369 0.0555616 0.0195441 -0.00627168 0.05457 0.102478 0.00403338 -0.0051596 0.00367687 -0.0444107 -0.0433193 -0.0541751 0.0483589 0.00160091 0.041802 0.0708776 -0.0200934 -0.00843218 0.0182904 0.121404 -0.0356556 -0.02979 -0.0153187 0.00538628 -0.0817072 0.0661718 0.0199356 0.105725
internal_weight=208704 203763 183815 179546 38175 914 141371 122287 37261 867 36394 4017 19084 119622 2665 1350 12406 116908 32377 4269 4941 2714 6678 12249 696 3726 19948 11266 3263 324 4676 4454 3459 1315 1988 768 2952 494
internal_count=208704 203763 183815 179546 38175 914 141371 122287 37261 867 36394 4017 19084 119622 2665 1350 12406 116908 32377 4269 4941 2714 6678 12249 696 3726 19948 11266 3263 324 4676 4454 3459 1315 1988 768 2952 494
is_linear=0
shrinkage=0.03


Tree=108
num_leaves=39
num_cat=0
split_feature=198 194 141 194 202 196 207 207 193 198 199 208 193 206 114 196 199 208 199 56 199 59 207 207 123 199 123 202 149 206 196 208 94 197 199 123 208 207
split_gain=9272.3 14198.6 11120 10550.5 8819.5 7948.52 14935.1 13655.1 21471.2 22223 7877.65 8440.77 7726.32 7704.31 8387.24 7485.5 11150.9 8866.27 10673.4 8364.04 7383.73 7346.71 6984.24 11191 30010 67734.3 10167.9 27085 9751.84 9704.4 13822.3 11641.2 8792.39 11383.4 6586.34 6173.25 5811.92 5745.4
threshold=11.550000190734865 45.500000000000007 2.2204750776290898 25.500000000000004 -0.30069434642791742 49.500000000000007 0.9787549376487733 0.90892735123634349 27.150000572204593 5.2500000000000009 270.50000000000006 -0.18493013828992841 22.550000190734867 -0.93301269412040699 129.36573791503909 1.0000000180025095e-35 7.5000000000000009 0.17435361444950107 34.500000000000007 98.568817138671889 287.50000000000006 0.69046279788017284 -0.99763298034667958 -0.76694339513778675 11.817466735839846 307.50000000000006 7.9624972343444833 0.96359375119209301 35.039999008178718 -0.25000000000000006 6.5000000000000009 0.94636487960815441 15.755609035491945 977.45001220703136 282.50000000000006 -9.6981015205383283 1.0000000180025095e-35 0.9646572768688203
decision_type=2 2 10 2 2 2 2 2 2 2 2 2 2 2 8 2 2 2 2 10 2 10 2 2 10 2 10 2 2 2 2 2 8 2 2 10 2 2
left_child=1 3 22 4 10 15 7 13 9 -9 -1 20 -13 14 -7 16 -5 18 -18 -19 34 -2 36 24 26 -26 28 -28 -24 30 31 -25 -31 -34 -12 -32 -3 -10
right_child=21 2 -4 5 -6 6 -8 8 37 -11 11 12 -14 -15 -16 -17 17 19 -20 -21 -22 -23 23 29 25 -27 27 -29 -30 32 35 -33 33 -35 -36 -37 -38 -39
leaf_value=-0.062609576981726006 -0.011385632673517292 -0.0083137746646675739 -0.068120527419851848 0.28805044123527535 0.047940788342401994 0.28265466060993882 -0.021383243271397966 0.13247641387696782 0.066415916197344702 0.60735604818147415 0.053569801310563145 0.17443744941572772 -0.043629535949443403 0.013018018658008919 0.038383107819762188 -0.0036210786577208979 0.31140327987599448 -0.0023822851358580545 0.052957851698784524 0.08132221080777878 0.0025894273300140157 -0.054253720737022504 0.0012203349382849038 0.0510232659360874 0.058487129431814888 0.78454310156577722 0.0350359516287162 0.36873924964013299 0.14856995335377254 -0.0073968635095514115 0.012526517146034534 -0.024829792791130539 0.093738811036395087 -0.038906327063687761 0.22770809431545547 -0.019575699374970633 -0.08971325567911409 0.22697615024983411
leaf_weight=2765 26233 1674 2377 152 2095 225 1472 182 983 173 676 153 3300 1728 289 8267 148 7036 5078 1268 2025 4170 28689 8425 571 145 3391 234 410 52607 8984 2323 607 14293 275 13481 1494 252
leaf_count=2765 26233 1674 2377 152 2095 225 1472 182 983 173 676 153 3300 1728 289 8267 148 7036 5078 1268 2025 4170 28689 8425 571 145 3391 234 410 52607 8984 2323 607 14293 275 13481 1494 252
internal_value=-0.0019524 0.000659476 -0.00378779 0.0167797 -0.00760795 0.0268818 0.05984 0.0910406 0.158288 0.363908 -0.0202657 -0.00205422 -0.0339666 0.0433491 0.145315 0.0189174 0.0325357 0.0296649 0.0602776 0.0103992 0.034973 -0.0172653 -0.00267425 -0.00163461 0.0134027 0.205532 0.00919882 0.0565781 0.00329653 -0.00662714 0.00664888 0.0346289 -0.0131589 -0.0335025 0.103927 -0.00673765 -0.0467013 0.0991798
internal_weight=208650 178247 139705 38542 11289 27253 5304 3832 1590 355 9194 6429 3453 2242 514 21949 13682 13530 5226 8304 2976 30403 137328 134160 33440 716 32724 3625 29099 100720 33213 10748 67507 14900 951 22465 3168 1235
internal_count=208650 178247 139705 38542 11289 27253 5304 3832 1590 355 9194 6429 3453 2242 514 21949 13682 13530 5226 8304 2976 30403 137328 134160 33440 716 32724 3625 29099 100720 33213 10748 67507 14900 951 22465 3168 1235
is_linear=0
shrinkage=0.03


Tree=109
num_leaves=39
num_cat=0
split_feature=94 194 205 201 200 196 201 206 207 196 207 149 201 207 173 196 202 207 207 202 205 208 55 207 140 202 207 207 208 207 96 200 201 105 201 200 105 207
split_gain=9758.14 11516.8 11000 13265.2 15163.9 10696.5 9467.78 10688.1 15383 12806.6 12505.7 10437.2 17049.3 9402.55 9015.12 8647.74 8529.72 8020.87 9777.87 9066.94 8747.7 8575.59 8264.21 8001.85 11034.8 7569.18 7553.57 7360.17 13964.2 21219.5 7913.02 7136.57 7076.36 12549.2 6572.58 8693.79 12207.6 6656.78
threshold=21.569950103759769 45.500000000000007 -0.68301269412040699 112.50000000000001 22.250000000000004 78.500000000000014 637.50000000000011 -0.25000000000000006 0.35042373836040502 91.500000000000014 -0.75579217076301564 18.444999694824222 32.500000000000007 0.98213580250740062 620.55001831054699 99.500000000000014 -0.095842104405164705 0.99168354272842418 -0.64578425884246815 -0.0087262028828264497 0.68301269412040722 -0.099822327494621263 78.011730194091811 -0.86546283960342396 -29.846094131469723 -0.99687939882278431 0.99995782971382152 -0.30983471870422358 0.91511079668998729 -0.37447345256805414 14.130488872528078 14.750000000000002 92.500000000000014 6.3971159458160409 1152.5000000000002 14.34999990463257 -76.562820434570298 0.98522606492042553
decision_type=8 2 2 2 2 2 2 2 2 2 2 2 2 2 2 2 2 2 2 2 2 2 10 2 8 2 2 2 2 2 10 2 2 10 2 2 10 2
left_child=1 2 -1 4 5 13 7 8 27 32 11 23 -13 31 26 -7 -15 18 -2 20 -19 -21 -20 24 -9 -25 -12 28 30 -30 -3 -4 33 -10 35 36 -5 -36
right_child=17 6 3 34 -6 15 -8 10 9 -11 14 12 -14 16 -16 -17 -18 19 22 21 -22 -23 -24 25 -26 -27 -28 -29 29 -31 -32 -33 -34 -35 37 -37 -38 -39
leaf_value=-0.007895610268007976 0.0068371317694537444 -0.0024757702031898781 0.063359558374726122 0.11574734258029225 0.36109644074851527 0.34105246599497219 -0.02095346575457244 0.086883130052369265 0.27351095620578231 -0.023623000025591857 -0.010302351378161489 0.33918141368104915 0.029890020414404393 0.051810356114519764 -0.064787946393876972 0.061171806556673487 0.29612852040256893 -0.031182080574630597 -0.03082172577089182 -0.059749892217193103 0.073453345234551493 0.16487806764921437 -0.090078860888932841 0.20162632157904295 -0.006978825561894446 0.031623702423297408 0.14783196691343828 -0.020274138216219095 0.45989761832003506 0.064820370878423392 0.056990166658688925 -0.057611725416386914 0.063707785442487522 0.0010801435387851892 0.011735245847414375 0.0093559854076573652 0.025043738773193269 -0.052953415773405892
leaf_weight=13240 4990 10606 1026 2240 170 216 23713 1207 399 1466 64457 228 541 302 2782 184 224 2788 10971 206 969 594 2625 245 17063 6212 273 7624 149 684 2486 767 4749 246 11086 5899 3307 1644
leaf_count=13240 4990 10606 1026 2240 170 216 23713 1207 399 1466 64457 228 541 302 2782 184 224 2788 10971 206 969 594 2625 245 17063 6212 273 7624 149 684 2486 767 4749 246 11086 5899 3307 1644
internal_value=-0.0019673 0.000325065 0.0145121 0.0254738 0.0862301 0.0690433 -0.0036149 -0.000228639 0.0158764 0.0550024 -0.00514789 0.0127528 0.121595 0.0443301 -0.0119081 0.212313 0.155859 -0.0203351 -0.0290803 0.0153326 -0.00419444 0.107036 -0.0422627 0.00936775 -0.000777812 0.0380745 -0.00963539 0.00342088 0.016394 0.135493 0.00881604 0.0116109 0.0763715 0.169609 0.0182134 0.0347096 0.061672 0.00338105
internal_weight=208578 185435 40305 27065 2889 2719 145130 121417 28409 6860 93008 25496 769 2319 67512 400 526 23143 18586 4557 3757 800 13596 24727 18270 6457 64730 21549 13925 833 13092 1793 5394 645 24176 11446 5547 12730
internal_count=208578 185435 40305 27065 2889 2719 145130 121417 28409 6860 93008 25496 769 2319 67512 400 526 23143 18586 4557 3757 800 13596 24727 18270 6457 64730 21549 13925 833 13092 1793 5394 645 24176 11446 5547 12730
is_linear=0
shrinkage=0.03


Tree=110
num_leaves=39
num_cat=0
split_feature=85 193 98 196 200 93 204 198 202 193 200 75 162 16 205 76 54 96 57 196 197 200 100 199 139 199 199 199 197 75 192 47 30 181 120 96 26 203
split_gain=9472.17 8460.6 8070.77 6431.31 9603.7 10721.7 8779.19 12945.8 10947.9 18002.3 5545.55 5955.42 6382.91 5315.25 5036.37 5179.68 4775.02 5020.48 4727.49 4566.5 4557.2 10265.8 11161.6 4515.91 4500.1 4465.63 38183.2 7440.48 4816.7 4459.16 4268.35 4261.92 4261.48 4120.51 3966.46 4720.56 3771.69 3631.45
threshold=20.72500038146973 9.3499999046325701 -13.946000099182127 2.5000000000000004 12.84999990463257 0.88041669130325328 1.0000000180025095e-35 7.2500000000000009 0.82409480214118969 23.150000572204593 15.949999809265138 23.510111808776859 7.61639428138733 278.76730346679693 -0.68301269412040699 13.902046680450441 22.411291122436527 14.628724098205568 28.008436203002933 97.500000000000014 989.75000000000011 18.349999427795414 35.350000381469734 307.50000000000006 -6.8585000038146964 76.500000000000014 72.500000000000014 84.500000000000014 983.04998779296886 61.858495712280281 0.51407682895660411 79.937500000000014 199.75000000000003 96.000000000000014 66.825000762939467 19.497635841369632 218.62500000000003 0.99535831809043895
decision_type=8 2 2 2 2 8 2 2 2 2 2 10 2 8 2 8 10 10 10 2 2 2 10 2 8 2 2 2 2 10 8 8 8 2 10 10 10 2
left_child=3 -2 24 4 6 -6 7 8 23 -10 11 12 31 34 15 -8 17 -12 20 30 -5 -22 -23 -1 -3 26 28 -27 -16 -29 -13 -4 -20 -34 37 -36 -26 -7
right_child=1 2 10 18 5 13 14 -9 9 -11 16 19 -14 -15 25 -17 -18 -19 32 -21 21 22 -24 -25 36 27 -28 29 -30 -31 -32 -33 33 -35 35 -37 -38 -39
leaf_value=0.0022177898395646686 -0.096909488706585306 0.014935283618907707 -0.001109981616881346 -0.0030156052154429245 0.25206424025378027 0.0020942691648063558 0.094357852154971777 0.35593295524803226 -0.0078464388328537103 0.45929647868563916 -0.029086443578255988 -0.044664117466609678 0.20915325651904651 -0.062429203599570326 -0.039896949721750619 -0.019389587297267415 -0.015001017701610006 -0.10736352523655898 0.0064587642965349664 -0.048364202472665138 0.012822357250414385 0.3172936123399161 -0.0027787718507052486 0.14755994354283344 -0.16347971361200828 -0.17555699260920435 0.52387637812673427 0.017103917075764877 0.069336263454089664 0.066004358671599928 0.0021010828479211836 0.051575123758873527 -0.020226009310977924 -0.078736386591510166 -0.018804304422314563 -0.13627973172422597 -0.059747625050886842 0.095304518119908435
leaf_weight=1127 1086 373 3377 87847 151 37332 394 148 147 150 2225 1988 166 1237 595 4211 13818 1103 2164 2301 2569 223 175 232 544 172 153 14441 933 1899 15086 2339 2571 1872 1910 367 751 380
leaf_count=1127 1086 373 3377 87847 151 37332 394 148 147 150 2225 1988 166 1237 595 4211 13818 1103 2164 2301 2569 223 175 232 544 172 153 14441 933 1899 15086 2339 2571 1872 1910 367 751 380
internal_value=-0.00202605 -0.0141878 -0.0121494 0.00133496 0.00856713 -0.000258441 0.0234105 0.0871183 0.0630917 0.22809 -0.00960309 -0.000664138 0.0257748 -0.0011827 0.0183692 -0.00965719 -0.0227706 -0.0550302 -0.00356307 -0.00869069 -0.00178054 0.0347872 0.176561 0.0270308 -0.0768788 0.0254633 0.0720462 0.0207209 0.0268008 0.0227871 -0.00334399 0.0204489 -0.0280641 -0.0448788 0.000711875 -0.0377393 -0.103324 0.00303352
internal_weight=208557 45157 44071 163400 65979 41377 24602 1804 1656 297 42403 25257 5882 41226 22798 4605 17146 3328 97421 19375 90814 2967 398 1359 1668 18193 1681 16512 1528 16340 17074 5716 6607 4443 39989 2277 1295 37712
internal_count=208557 45157 44071 163400 65979 41377 24602 1804 1656 297 42403 25257 5882 41226 22798 4605 17146 3328 97421 19375 90814 2967 398 1359 1668 18193 1681 16512 1528 16340 17074 5716 6607 4443 39989 2277 1295 37712
is_linear=0
shrinkage=0.03


Tree=111
num_leaves=39
num_cat=0
split_feature=94 194 204 201 206 207 196 207 197 123 196 201 201 105 164 207 194 207 55 201 196 206 75 55 207 204 201 188 207 97 207 79 207 197 197 175 140 196
split_gain=8399.97 10659.8 10290.9 8914.1 10225.5 14960.5 12917.2 11187.8 10969.7 26949.8 49951 12734.8 8712.63 11294.5 8396.75 7551.11 9361.23 9274.32 7531.66 7463.15 11966.2 11962.6 7904.4 7138.85 6937.38 6909.12 10862.2 8600.29 6802.58 6346.23 5999.94 5571.76 5345.7 9104.85 17990 5335.53 5293.1 7036.05
threshold=21.569950103759769 45.500000000000007 13.000000000000002 637.50000000000011 -0.25000000000000006 0.54488933086395275 91.500000000000014 -0.75579217076301564 982.85000610351574 7.9624972343444833 1.0000000180025095e-35 17.500000000000004 97.500000000000014 6.3971159458160409 217.00000000000003 0.99168354272842418 24.500000000000004 -0.64578425884246815 47.682025909423835 112.50000000000001 78.500000000000014 0.93301269412040722 63.832414627075202 78.011730194091811 0.99995782971382152 21.000000000000004 257.50000000000006 3.6175245046615605 0.98213580250740062 14.769901275634767 0.97508442401885997 1.3283656239509585 -0.30983471870422358 985.75000000000011 986.04998779296886 130.60999679565433 -1.6874701380729673 61.500000000000007
decision_type=8 2 2 2 2 2 2 2 2 10 2 2 2 10 2 2 2 2 10 2 2 2 10 10 2 2 2 8 2 2 2 8 2 2 2 2 10 2
left_child=1 2 19 4 5 32 12 8 -6 11 -11 -10 13 -7 24 17 -17 29 -18 20 21 -1 -23 -19 35 -4 27 30 36 31 -27 -2 33 -3 -35 -9 37 -21
right_child=15 3 25 -5 7 6 -8 14 9 10 -12 -13 -14 -15 -16 16 18 23 -20 28 -22 22 -24 -25 -26 26 -28 -29 -30 -31 -32 -33 -34 34 -36 -37 -38 -39
leaf_value=0.0054611288429500821 0.016076385269839216 -0.0010320584863522516 -0.0031650051386938943 -0.020181155563485879 0.00041681626467213981 0.27592845118010711 -0.032013073435263939 -0.0073215827396381746 0.15355779326618102 0.061874675007459932 0.4937528881022939 -0.00026020701004101211 0.064787878628699183 0.0059291769046162825 -0.069765609990443095 -0.018275115689981841 -0.073155755671361622 -0.029385149600242931 0.096679813869873316 0.034647859428794406 0.25520652890934775 0.10162085825629162 0.35878655436085205 -0.084409873249725056 0.14102327483099819 0.027541236669977123 -0.058130291547555751 0.265461475434494 -0.02076053207593305 -0.054098542099671694 0.18971725877695714 0.15526001127993269 -0.013842811222122922 0.24341461189057004 0.032365447194212603 -0.037770192996662844 -0.0082331632861025756 0.11726937720154178
leaf_weight=1276 3584 9307 22084 23655 18892 415 1132 59537 539 986 319 4783 4010 210 2137 2798 279 10970 1490 8656 316 374 151 2631 275 847 533 238 2465 1152 271 279 8640 397 4307 5673 2180 1039
leaf_count=1276 3584 9307 22084 23655 18892 415 1132 59537 539 986 319 4783 4010 210 2137 2798 279 10970 1490 8656 316 374 151 2631 275 847 533 238 2465 1152 271 279 8640 397 4307 5673 2180 1039
internal_value=-0.00166469 0.000461545 0.0140857 -0.00333163 -5.27623e-05 0.0156995 0.058838 -0.00485889 0.0120663 0.0452762 0.167448 0.0153183 0.0810266 0.185211 -0.0112461 -0.0186911 0.0158765 -0.0271714 0.0698935 0.0323532 0.0849333 0.0550561 0.175592 -0.0400293 -0.00933638 0.00154529 0.0566125 0.101715 0.0245908 0.00769986 0.0668538 0.0261292 0.00471627 0.0161609 0.0501777 -0.0099705 0.0340048 0.0435024
internal_weight=208827 185644 40430 145214 121559 28418 5767 93141 25519 6627 1305 5322 4635 625 67622 23183 4567 18616 1769 16457 2117 1801 525 13601 65485 23973 1889 1356 14340 5015 1118 3863 22651 14011 4704 65210 11875 9695
internal_count=208827 185644 40430 145214 121559 28418 5767 93141 25519 6627 1305 5322 4635 625 67622 23183 4567 18616 1769 16457 2117 1801 525 13601 65485 23973 1889 1356 14340 5015 1118 3863 22651 14011 4704 65210 11875 9695
is_linear=0
shrinkage=0.03


Tree=112
num_leaves=39
num_cat=0
split_feature=205 194 190 205 200 207 208 197 76 202 208 197 200 157 76 193 206 96 23 207 202 76 187 52 40 200 206 193 205 194 132 200 194 197 86 166 193 158
split_gain=8310.91 16396.3 19247 11327.5 12537.2 12277.5 43411.3 18417.6 10687.6 10477.1 9205.45 9713.39 8697.22 17868.3 8643.65 8530.73 8181.04 7967.19 6749.18 6162.63 6058.94 6203.57 18723.7 5988.59 6673.26 15114.1 19804.4 5682.97 6032.72 5580.02 6028.88 5241.48 4751.39 4658.54 4462.95 4185.67 6025.87 11739.8
threshold=-0.68301269412040699 62.500000000000007 0.022878288291394714 0.68301269412040722 14.34999990463257 0.94425827264785778 0.274878740310669 975.45001220703136 42.456197738647468 0.9996192753314973 -0.63919836282730091 974.75000000000011 14.150000095367433 44.530000686645515 63.818643569946296 25.94999980926514 -1.0000000180025095e-35 12.023187160491945 94.500000000000014 0.99983760714530956 -0.89490029215812672 73.556808471679702 38.512901306152351 146.87500000000003 175.07500457763675 13.050000190734865 0.68301269412040722 6.4500000476837167 0.68301269412040722 20.500000000000004 -34.819513320922844 13.550000190734865 76.500000000000014 976.45001220703136 18.612500190734867 92.500000000000014 22.750000000000004 17.500000000000004
decision_type=2 2 8 2 2 2 2 2 8 2 2 2 2 2 10 2 2 10 8 2 2 10 8 10 10 2 2 2 2 2 10 2 2 2 10 2 2 2
left_child=8 2 -2 4 9 10 7 -7 35 12 11 -5 16 -14 19 -9 -4 -16 32 23 21 -6 -23 24 27 26 -26 28 -3 -12 -31 -21 -19 -13 -29 -1 37 -37
right_child=1 14 3 5 20 6 -8 15 -10 -11 29 33 13 -15 17 -17 -18 18 -20 31 -22 22 -24 -25 25 -27 -28 34 -30 30 -32 -33 -34 -35 -36 36 -38 -39
leaf_value=-0.0014423229917759871 0.28042758477749791 0.034190134443527614 0.0099783976787275568 0.030441716147268816 0.0062473953636473945 -0.22677574260608169 0.51844915324594087 0.04756848555100604 -0.026237322694275721 0.25212666993699062 -0.1500554535094776 0.31164659500306457 0.03814216317940624 0.42050199051739273 0.029781129283268589 0.14564629172304971 0.057590943772300333 -0.06662658191275396 -0.04643520224443759 -0.0097499259831155399 -0.019799941124749171 -0.078161047288162533 0.34413315774591718 -0.054338324642639727 0.056618151050272243 -0.0070857234688557749 0.43849987990115569 -0.0020482089725345075 -0.15918355960864494 0.0074496085940957127 -0.12882158196587787 0.22648597587426528 -0.21465152779981053 0.090243716829311635 -0.026672910543797404 0.035620033728398705 -0.0025665787141927066 0.36269213106568587
leaf_weight=26172 242 220 24600 1027 7629 197 191 3582 25078 174 251 194 446 146 880 1027 3742 354 2279 151 16124 191 187 2153 364 1132 184 76609 427 3476 319 192 435 153 7251 301 598 147
leaf_count=26172 242 220 24600 1027 7629 197 191 3582 25078 174 251 194 446 146 880 1027 3742 354 2279 151 16124 191 187 2153 364 1132 184 76609 427 3476 319 192 435 153 7251 301 598 147
internal_value=-0.0017542 0.00170513 0.0133956 0.0123804 0.00678245 0.0409899 0.0749094 0.0572812 -0.0121084 0.0200377 0.00971753 0.0768082 0.0186419 0.132446 -0.00635908 0.069423 0.0162647 -0.0497924 -0.0726168 -0.00442551 -0.00920666 0.0121254 0.130754 -0.0049183 -0.00368375 0.0555214 0.184847 -0.00486076 -0.0934304 -0.0130661 -0.00400526 0.122489 -0.148239 0.214031 -0.0041774 0.000909596 0.0597569 0.142947
internal_weight=208825 156529 63898 63656 53239 10417 4997 4806 52296 29108 5420 1374 28934 592 92631 4609 28342 3948 3068 88683 24131 8007 378 88340 86187 1680 548 84507 647 4046 3795 343 789 347 83860 27218 1046 448
internal_count=208825 156529 63898 63656 53239 10417 4997 4806 52296 29108 5420 1374 28934 592 92631 4609 28342 3948 3068 88683 24131 8007 378 88340 86187 1680 548 84507 647 4046 3795 343 789 347 83860 27218 1046 448
is_linear=0
shrinkage=0.03


Tree=113
num_leaves=39
num_cat=0
split_feature=97 208 207 192 197 141 194 56 207 207 207 207 197 199 94 136 35 194 55 123 207 56 199 207 197 194 207 192 207 105 208 197 193 185 114 194 56 197
split_gain=8350.47 7313.64 27700.2 67996.7 55411.6 16399.4 19516.3 13824.4 10601.9 62163.1 23300.8 9727.51 10058.7 8011.41 7251.44 7140.99 6934.07 12348.8 9840.76 8323.67 8319.83 7424.77 7206 12954.1 8549.63 8977.57 6825.51 6581.22 6300.27 6237.81 6037.16 8200.1 5844.26 6693.79 8552.51 7271.15 5831.06 8634.29
threshold=12.67463541030884 0.29958851635456091 -0.9413962960243224 0.83792451024055492 982.85000610351574 -15.921426296234129 92.500000000000014 81.78412246704103 -0.44504626095294947 -0.37447345256805414 -0.50556187331676472 -0.91597726941108693 978.64999389648449 111.50000000000001 13.671422004699709 26.44999980926514 159.36698150634768 37.500000000000007 49.206790924072273 5.2129812240600595 0.9970000982284547 23.176536560058597 164.50000000000003 0.98932364583015453 977.45001220703136 46.500000000000007 0.51572537422180187 0.96175453066825878 0.99995782971382152 -100.70132827758788 0.80798786878585827 984.14999389648449 33.149999618530281 1089.6500244140627 -546.79840087890614 13.500000000000002 10.554031372070314 981.85000610351574
decision_type=2 2 2 8 2 8 2 10 2 2 2 2 2 2 8 8 8 2 10 8 2 10 2 2 2 2 2 10 2 10 2 2 2 10 10 2 8 2
left_child=1 16 3 4 -3 14 7 11 10 -10 -9 13 -13 -7 -4 -2 18 32 19 21 36 -1 23 -20 25 -24 -8 -5 -19 -25 31 -16 33 34 35 -18 37 -21
right_child=15 2 5 27 -6 6 26 8 9 -11 -12 12 -14 -15 30 -17 17 28 22 20 -22 -23 24 29 -26 -27 -28 -29 -30 -31 -32 -33 -34 -35 -36 -37 -38 -39
leaf_value=0.037089720670850861 0.0083716981115378192 0.10627053342284136 -0.0028846292035717746 -0.06393494108432983 0.83218903032918479 0.35118032762558637 -0.035969526625692631 -0.0027802105303206042 0.254338472803189 -0.023239160124460985 -0.18358130146007878 -0.082107248429393029 0.035417555222787965 0.08928439072361484 -0.046629571327986438 -0.054913232042629691 0.24380599758995689 -0.036101488014596422 0.022329164420425398 -0.00016604445237630196 -0.086564180051341838 0.00037659234547060696 0.043670601473517125 0.072041018960516207 -0.0090541360649242144 0.2641169277549138 -0.16268173558612314 0.1100975089322889 0.15301592049663032 0.26260610487062724 -0.064196257675321264 0.021322301368774516 -0.016188429366112544 -0.038499659632378377 -0.016049308771066792 0.052161700211633848 -0.013797662626858938 0.1637629519562934
leaf_weight=5739 2425 183 25966 545 196 147 3230 13309 959 2990 674 673 25085 369 3498 4744 187 17259 1029 959 1375 36418 722 245 3069 216 434 305 160 419 3575 2943 7004 1329 1912 3774 33960 414
leaf_count=5739 2425 183 25966 545 196 147 3230 13309 959 2990 674 673 25085 369 3498 4744 187 17259 1029 959 1375 36418 722 245 3069 216 434 305 160 419 3575 2943 7004 1329 1912 3774 33960 414
internal_value=-0.00169019 -0.000556937 0.00612597 0.147518 0.481692 0.00405359 0.015556 0.0210708 0.000763391 0.0441699 -0.0114952 0.0349305 0.0323468 0.1639 -0.0112491 -0.0335063 -0.00545055 -0.0174348 -0.000968758 -0.00372005 -0.0141646 0.00537451 0.0370979 0.0889911 0.0151722 0.0944369 -0.050979 -0.00148702 -0.0343643 0.192295 -0.0329334 -0.0155812 0.00332361 0.0222993 0.0360575 0.0612099 -0.0113471 0.0492639
internal_weight=208440 201271 85081 1229 379 83852 47870 44206 17932 3949 13983 26274 25758 516 35982 7169 116190 31625 84565 78865 36708 42157 5700 1693 4007 938 3664 850 17419 664 10016 6441 14206 7202 5873 3961 35333 1373
internal_count=208440 201271 85081 1229 379 83852 47870 44206 17932 3949 13983 26274 25758 516 35982 7169 116190 31625 84565 78865 36708 42157 5700 1693 4007 938 3664 850 17419 664 10016 6441 14206 7202 5873 3961 35333 1373
is_linear=0
shrinkage=0.03


Tree=114
num_leaves=39
num_cat=0
split_feature=85 207 98 193 102 207 132 16 97 207 203 202 197 76 132 77 124 209 132 123 77 207 207 207 132 204 201 187 203 201 97 207 72 147 193 38 155 36
split_gain=8333.99 8321.37 7856.7 7804.27 5687.73 8082.39 11092.9 6962.02 6558.05 6315.47 5659.89 9170.03 5972.19 5418.31 6913.67 5971.75 5446.76 5397.24 5200.63 5022.66 11426.9 12172.9 17291.8 4916.62 4645.53 4791.29 11890.4 5109.67 4630.47 5293.64 4580.63 4335.05 4277.26 4103.11 4414.96 3816.8 3391.72 2992.83
threshold=20.72500038146973 -0.99763298034667958 -16.687499999999996 8.9499998092651385 122.22916793823244 0.89404821395874035 -21.585967063903805 24.308213233947757 6.5781702995300302 0.9731498956680299 0.21643137186765674 -0.95368063449859608 980.75000000000011 63.818643569946296 -33.541145324707024 77.443691253662124 0.21085105091333392 9.5000000000000018 -82.97353363037108 4.4932529926300058 39.73761177062989 -0.96235975623130787 -0.9413962960243224 0.9787549376487733 -52.772979736328118 21.000000000000004 17.500000000000004 35.960868835449226 0.0087262028828263612 47.500000000000007 13.645881175994875 0.99995782971382152 3.1124999523162846 0.095842104405164733 15.34999990463257 -102.24999999999999 28.154999732971195 70.181293487548842
decision_type=8 2 2 2 10 2 10 10 2 2 2 2 2 10 10 8 10 2 10 10 10 2 2 2 10 2 2 8 2 2 2 2 10 2 2 10 2 10
left_child=1 17 35 -4 7 8 9 37 18 10 12 -12 -7 14 15 30 -15 -1 -6 24 28 -22 -23 -11 25 27 -27 -9 -21 -30 32 36 -5 -18 -35 -2 -26 -3
right_child=2 4 3 13 5 6 -8 19 -10 23 11 -13 -14 16 -16 -17 33 -19 -20 20 21 22 -24 -25 31 26 -28 -29 29 -31 -32 -33 -34 34 -36 -37 -38 -39
leaf_value=-0.0098651655422414934 -0.024993943848891146 -0.017724853249311515 -0.1012531585484694 0.022297245047250714 0.059894923846413033 -0.034482999983609298 0.12064078346337685 0.021928780903115092 -0.081135214267904862 -0.085298768463748717 0.19935614252662387 0.033960573873017895 0.073451988249653252 -0.1810968918003712 -0.03945370444955118 0.17743209027699361 -0.01036024105828961 -0.087208932106123668 -0.018643788317668636 -0.011149236178305027 -0.078468699381569543 0.15640488991873652 0.036901318589170271 -0.0072392409679487187 -0.00033972032236510787 0.22108206538046787 0.026122574156636061 -0.00010231869188875375 0.074248645249890485 0.010738248585069814 -0.048543517564733407 0.14292752428293432 -0.0041829114276599648 -0.1775595143767249 -0.044759904846802895 -0.1394720183212842 -0.023251086252044799 0.02547411784571877
leaf_weight=1746 443 14174 846 7314 792 1913 783 13729 1470 903 339 2741 608 215 4420 171 4566 1518 18099 8878 688 1248 8593 3709 22004 306 3522 30575 1289 14117 1678 176 22013 247 2565 642 7904 1607
leaf_count=1746 443 14174 846 7314 792 1913 783 13729 1470 903 339 2741 608 215 4420 171 4566 1518 18099 8878 688 1248 8593 3709 22004 306 3522 30575 1289 14117 1678 176 22013 247 2565 642 7904 1607
internal_value=-0.00156698 0.0015841 -0.0129806 -0.0110156 0.00255046 -0.00890761 0.0118179 0.00533978 -0.0201005 0.00347465 0.0248818 0.0521655 -0.00845154 -0.00924792 -0.00434026 0.000637974 -0.0322549 -0.045836 -0.015351 0.00794585 0.017425 0.0435275 0.0520565 -0.022523 0.00372678 0.00950697 0.0417077 0.00672471 0.00610756 0.0160521 -0.000337129 -0.00552105 0.00242109 -0.0279173 -0.0564254 -0.0927322 -0.00639469 -0.0133258
internal_weight=208551 163431 45120 44035 160167 31357 10996 128810 20361 10213 5601 3080 2521 43189 35596 31176 7593 3264 18891 113029 34813 10529 9841 4612 78216 48132 3828 44304 24284 15406 31005 30084 29327 7378 2812 1085 29908 15781
internal_count=208551 163431 45120 44035 160167 31357 10996 128810 20361 10213 5601 3080 2521 43189 35596 31176 7593 3264 18891 113029 34813 10529 9841 4612 78216 48132 3828 44304 24284 15406 31005 30084 29327 7378 2812 1085 29908 15781
is_linear=0
shrinkage=0.03


Tree=115
num_leaves=39
num_cat=0
split_feature=97 200 197 75 36 200 193 175 202 205 102 193 56 34 200 164 205 136 54 95 76 193 56 111 193 76 205 55 36 206 76 76 197 80 192 16 173 77
split_gain=7634.61 7272.83 8290.43 11275.3 9830.73 9726.29 11423 7374.74 7165.12 16052.3 10075.5 10788.4 8584.53 13747.2 17935.6 8846.82 6932.25 6742.72 6569.7 6206.46 8615.54 12834.8 5296.25 5896.66 8393.37 5025.17 6958.74 6181.64 6962.85 6382.97 6173.78 7588.93 5773.61 5657.29 5016.33 4557.3 4853.97 4546.06
threshold=13.239012718200685 16.050000190734867 979.54998779296886 88.587516784667983 169.54856872558597 7.8500001430511483 26.150000572204593 78.849998474121108 0.28400452435016638 -0.68301269412040699 62.468750000000007 22.44999980926514 111.26184844970705 237.81304168701175 14.150000095367433 376.00000000000006 0.68301269412040722 37.850000381469734 11.44837522506714 19.044555664062504 58.339977264404304 24.250000000000004 26.324309349060062 188.17082977294925 25.550000190734867 14.881601333618166 0.68301269412040722 73.997764587402358 339.59889221191412 0.25000000000000011 33.310470581054695 72.632217407226577 985.75000000000011 19.76249980926514 0.75417515635490429 190.96026611328128 21.069999694824222 36.638973236083991
decision_type=2 2 2 8 10 2 2 2 2 2 8 2 10 10 2 2 2 8 10 10 10 2 8 10 2 10 2 10 10 2 10 10 2 2 10 10 2 10
left_child=1 2 4 8 19 6 -5 18 12 -10 -11 -12 15 14 -14 17 -15 -4 -3 22 21 -21 23 -1 -25 27 32 28 -20 -30 -28 -32 33 -27 -2 -9 -37 -34
right_child=34 7 3 5 -6 -7 -8 35 9 10 11 -13 13 16 -16 -17 -18 -19 25 20 -22 -23 -24 24 -26 26 30 -29 29 -31 31 -33 37 -35 -36 36 -38 -39
leaf_value=0.0040923043399772969 -0.053786707576150339 -0.045405546564736006 0.0099636684206866472 0.33377892541647036 -0.028299703662873883 0.037815411454400857 0.037325558854109757 -0.017652863094738413 -0.021721971963137847 -0.04551079840461205 0.025661745955240629 0.081788779783050117 0.063386143477710682 0.046824986978929589 0.45402956451458854 0.17965457015651484 -0.038239573268606053 -0.012686492576762945 -0.032088967032816385 0.31621423612497052 -0.070093705442718937 0.052031474352386628 -0.0069602615048534105 -0.094573002039770662 0.066478377530296465 -0.0054209582419413333 -0.009450636880295708 -0.13281313311766663 -0.0093500347646257257 0.24399974412989067 0.037866272337893463 -0.075808040823908185 -0.0041472991005190706 -0.037571845082515501 0.0084979116795435954 -0.14867899117807737 -0.045874223314065127 0.045509196480074315
leaf_weight=9641 4050 3335 22738 269 12616 920 207 6559 4961 1110 7499 5233 316 3262 159 243 1172 24654 3820 216 305 708 30821 323 2961 27137 4968 490 197 164 9413 560 3505 6018 1633 482 2902 3151
leaf_count=9641 4050 3335 22738 269 12616 920 207 6559 4961 1110 7499 5233 316 3262 159 243 1172 24654 3820 216 305 708 30821 323 2961 27137 4968 490 197 164 9413 560 3505 6018 1633 482 2902 3151
internal_value=-0.00159426 -0.000634335 0.00360628 0.0103386 -0.00489725 0.0947757 0.204863 -0.00823666 0.00868642 0.024579 0.0411733 0.0487307 0.00299923 0.0407725 0.194156 -0.000893469 0.0243405 -0.00181926 -0.00443345 0.00166741 0.0681563 0.113791 -0.00020054 0.0159187 0.0506377 -0.00213396 0.000414181 -0.0320025 -0.0201875 0.105747 0.0178723 0.0314832 -0.00613783 -0.0112567 -0.0358893 -0.0322416 -0.0605177 0.0193604
internal_weight=208718 203035 130334 72743 57591 1396 476 72701 71347 18803 13842 12732 52544 4909 475 47635 4434 47392 62758 44975 1229 924 43746 12925 3284 59423 54752 4671 4181 361 14941 9973 39811 33155 5683 9943 3384 6656
internal_count=208718 203035 130334 72743 57591 1396 476 72701 71347 18803 13842 12732 52544 4909 475 47635 4434 47392 62758 44975 1229 924 43746 12925 3284 59423 54752 4671 4181 361 14941 9973 39811 33155 5683 9943 3384 6656
is_linear=0
shrinkage=0.03


Tree=116
num_leaves=39
num_cat=0
split_feature=85 194 208 208 144 155 208 141 197 194 93 208 208 206 208 208 199 208 132 197 97 74 98 194 194 123 206 194 199 132 199 198 198 97 95 198 122 199
split_gain=7370.26 7068.71 6752.39 18424.5 16153.2 12441.7 11161.9 9206.19 10038.7 10289 8615.15 9103.76 10593.3 32849.7 8576.41 9022.48 10888.5 8900.69 7960.9 7720.79 7126.24 6647.71 6346.74 5998.23 5929.48 9743.41 6182.8 9915.71 5915.11 5760.27 5607.24 5516.31 5443.52 5172.09 5110.07 5055.22 4952.13 4929.45
threshold=20.72500038146973 89.500000000000014 0.25829915702342993 0.44312302768230444 -0.28942896425724024 282.80499267578131 0.49626980721950537 -22.945843696594235 984.14999389648449 89.500000000000014 11.422916889190676 0.29958851635456091 0.33222858607769018 0.68301269412040722 0.19969739764928821 0.12332734838128091 164.50000000000003 0.15738975256681445 -37.710668563842766 984.85000610351574 2.194101214408875 39.849098205566413 -16.687499999999996 45.500000000000007 36.500000000000007 5.3788096904754648 0.25000000000000011 12.500000000000002 125.50000000000001 -47.077014923095696 193.50000000000003 9.8499999046325701 4.6499998569488534 1.8269971609115603 7.6690564155578622 5.3500001430511483 23.36406230926514 263.50000000000006
decision_type=8 2 2 2 8 2 2 8 2 2 8 2 2 2 2 2 2 2 10 2 2 10 2 2 2 10 2 2 2 10 2 2 2 2 10 2 8 2
left_child=2 22 14 4 10 33 18 -8 -9 19 11 -4 13 -13 15 24 17 23 -5 -10 -18 -3 -2 -17 26 -26 -1 -28 -16 34 -30 36 -14 -6 -27 -29 -24 -11
right_child=1 21 3 6 5 -7 7 8 9 37 -12 12 32 -15 28 16 20 -19 -20 -21 -22 -23 31 -25 25 29 27 35 30 -31 -32 -33 -34 -35 -36 -37 -38 -39
leaf_value=0.00074957527569774278 -0.082833786413160873 -0.02576943565119964 0.039140069750245546 -0.022019159845136794 -0.046115075668965326 0.24337141388936379 -0.0094074706153888521 -0.0078801174917750155 0.089635636213782968 0.038969632457020301 0.047108098307428382 0.12649868322843028 0.034307291418972333 0.64160529627632856 -0.11526625134071455 0.36054619875451044 0.05598508674374264 0.043195396537113337 -0.12080462171548391 0.029621899001945336 -0.016720437946321567 -0.10924708580204517 -0.015993514566791205 0.12837028152958752 -0.001077357556701702 -0.014694974303653694 0.25205347266360029 0.098608865545698879 0.10833888693945322 0.066832884241399257 -0.038437822877720199 -0.023858418988676463 0.1709654250963682 0.017618338178072779 -0.046116171683021095 0.016056127696567817 0.010169265136970813 -0.048072899002472226
leaf_weight=11381 1008 3076 797 2654 1482 200 23218 10469 2232 815 3231 403 492 154 868 186 2265 468 1015 14227 2613 1191 10258 217 49307 10176 195 841 253 581 3159 11762 562 5054 8591 3238 17827 2080
leaf_count=11381 1008 3076 797 2654 1482 200 23218 10469 2232 815 3231 403 492 154 868 186 2265 468 1015 14227 2613 1191 10258 217 49307 10176 195 841 253 581 3159 11762 562 5054 8591 3238 17827 2080
internal_value=-0.00159517 -0.0123283 0.00136828 0.00849428 0.0416596 0.0102994 0.00125709 0.00475758 0.0157855 0.0285867 0.0791204 0.122073 0.163102 0.268925 -0.00385013 -0.00187821 0.0344851 0.13219 -0.0493477 0.0377604 0.0170389 -0.0490699 -0.00849087 0.235535 -0.00435779 -0.0081569 0.0123031 0.0430683 -0.0453426 -0.0261986 -0.0275539 -0.00661021 0.107176 0.00316705 -0.0290787 0.033077 0.000613337 -0.0235685
internal_weight=208546 45122 163424 69085 12375 6736 56710 53041 29823 19354 5639 2408 1611 557 94339 90059 5749 871 3669 16459 4878 4267 40855 403 84310 68655 15655 4274 4280 19348 3412 39847 1054 6536 18767 4079 28085 2895
internal_count=208546 45122 163424 69085 12375 6736 56710 53041 29823 19354 5639 2408 1611 557 94339 90059 5749 871 3669 16459 4878 4267 40855 403 84310 68655 15655 4274 4280 19348 3412 39847 1054 6536 18767 4079 28085 2895
is_linear=0
shrinkage=0.03


Tree=117
num_leaves=39
num_cat=0
split_feature=85 193 207 98 208 36 208 132 200 201 105 96 138 201 207 207 104 158 132 96 208 94 76 200 76 175 208 207 208 30 96 185 203 94 51 201 76 64
split_gain=7566.29 7406.59 7292.79 7109.55 6414.69 6262.97 8378.67 22060.4 22618.8 31869.7 7554.37 7353.97 6341.95 6035.49 6032.28 21854.7 5659.7 6386.66 5462.59 5406.51 4962.36 4929.29 4720.18 4506.81 4295.46 7717.61 4996.52 28791.6 4529.83 4459.96 4292.31 4128.28 3954.55 4667.25 3873.12 3793.04 3774.91 3467.45
threshold=21.912499427795414 8.9499998092651385 -0.99763298034667958 -16.687499999999996 -0.93845868110656727 245.88336181640628 0.29958851635456091 -47.73545837402343 10.150000095367433 82.500000000000014 67.167552947998061 8.6004953384399432 28.983333587646488 42.500000000000007 -0.38242425024509424 -0.41398024559020991 -66.74956893920897 16.500000000000004 -28.889478683471676 8.2793688774108904 -1.0000000180025095e-35 4.4468820095062265 47.310714721679695 15.949999809265138 24.146734237670902 155.16500091552737 0.8930937945842744 -0.37447345256805414 0.80290535092353832 577.16650390625011 12.533317565917971 1176.5999755859377 -0.5663846731185912 16.066252708435062 89.437500000000014 57.500000000000007 72.632217407226577 54.51250076293946
decision_type=8 2 2 2 2 8 2 8 2 2 8 8 8 2 2 2 8 2 8 10 2 10 8 2 10 2 2 2 2 8 8 10 2 10 8 2 10 10
left_child=2 -2 20 34 19 6 18 8 -8 -10 -7 14 13 -13 15 -12 31 -18 21 -4 -1 -6 -23 24 25 35 28 -28 -26 -27 -14 -9 -20 -34 -3 -5 37 -25
right_child=1 3 4 23 5 10 7 16 9 -11 11 12 30 -15 -16 -17 17 -19 32 -21 -22 22 -24 36 26 29 27 -29 -30 -31 -32 -33 33 -35 -36 -37 -38 -39
leaf_value=-0.0084067134581588144 -0.10030670692531339 -0.046501426792248175 -0.006464237871090908 0.05339409814743535 0.039493245351001634 -0.033031171898927722 0.06597305942687276 0.085604344645420369 0.67179241685744384 0.093779838217866923 -0.0026331197200463998 0.21650022707391367 0.0059249489673942977 0.033492130975541809 0.016716336316737131 0.4138761750019988 0.0040964299386708316 0.036961352424639937 0.018679419794512118 -0.047618493619244064 -0.082813456450721537 -0.0018744023520881699 0.017085863322001359 -0.028488081089749762 -0.0081772206453003676 0.040171845292926105 0.38749177425416503 -0.034528070453684744 -0.076989834491599393 0.17246532925180588 -0.01679302766017236 -0.056867541450618023 -0.0081597550690198674 -0.04594816929266566 -0.17554683413048758 -0.0079208116010109578 -0.072182288553953644 0.0011655951755291879
leaf_weight=1719 857 558 13468 1186 4018 7508 928 1525 154 194 298 179 14551 1726 673 183 20521 7185 3416 3652 1520 32663 18516 9445 15978 501 190 621 910 423 15414 208 12964 3805 335 3874 1221 5685
leaf_count=1719 857 558 13468 1186 4018 7508 928 1525 154 194 298 179 14551 1726 673 183 20521 7185 3416 3652 1520 32663 18516 9445 15978 501 190 621 910 423 15414 208 12964 3805 335 3874 1221 5685
internal_value=-0.00160471 -0.013022 0.00125214 -0.0111943 0.00213389 0.0041628 0.007995 0.0212024 0.143323 0.349579 -0.00586842 0.000307018 -0.00238687 0.0506894 0.0747037 0.155835 0.0159091 0.0126193 0.00261355 -0.0152432 -0.0433246 0.00749719 0.00498521 -0.00932682 -0.000963157 0.0210096 -0.00839215 0.064345 -0.0118852 0.100736 -0.00576117 0.068504 -0.010741 -0.0167342 -0.0949133 0.00645062 -0.0214408 -0.0173459
internal_weight=208772 41784 166988 40927 163749 146629 106097 30715 1276 348 40532 33024 31870 1905 1154 481 29439 27706 75382 17120 3239 55197 51179 40034 23683 5984 17699 811 16888 924 29965 1733 20185 16769 893 5060 16351 15130
internal_count=208772 41784 166988 40927 163749 146629 106097 30715 1276 348 40532 33024 31870 1905 1154 481 29439 27706 75382 17120 3239 55197 51179 40034 23683 5984 17699 811 16888 924 29965 1733 20185 16769 893 5060 16351 15130
is_linear=0
shrinkage=0.03


Tree=118
num_leaves=39
num_cat=0
split_feature=205 194 190 205 199 205 200 183 200 76 202 201 194 97 201 200 202 75 59 204 199 193 201 200 199 202 173 191 203 193 205 76 203 52 201 204 93 160
split_gain=7083.25 14916.6 16815.5 10660.8 15629.5 13272.7 10964.9 10961.7 18004.7 9981.24 9951.7 9371.53 11028.6 9012.35 7453.66 24177.1 17021.1 6672.88 6502.47 6680.26 10302.9 8360.37 6425.61 11412.5 6100.92 5417.14 6470.09 5820.46 5394.14 5166.95 5755.13 5156.49 4934.22 4823.77 5021.86 6423.59 4452.46 4288.24
threshold=-0.68301269412040699 62.500000000000007 0.022878288291394714 0.68301269412040722 290.50000000000006 0.93301269412040722 14.34999990463257 130.71504211425784 16.050000190734867 42.456197738647468 0.9996192753314973 1167.5000000000002 42.500000000000007 5.9356825351715097 37.500000000000007 12.750000000000002 -0.64942333102226246 1.8221250176429751 0.70345062017440807 7.0000000000000009 98.500000000000014 29.750000000000004 197.50000000000003 24.250000000000004 294.50000000000006 -0.88697704672813404 308.52500915527349 20.308889389038089 0.97625884413719188 6.4500000476837167 0.68301269412040722 63.818643569946296 -0.78257837891578663 146.87500000000003 372.50000000000006 7.0000000000000009 9.2022166252136248 4.5000000000000009
decision_type=2 2 8 2 2 2 2 8 2 8 2 2 2 2 2 2 2 10 8 2 2 2 2 2 2 2 2 8 2 2 2 8 2 10 2 2 8 2
left_child=9 2 -2 6 18 22 10 8 -7 14 11 12 -4 29 15 -1 -17 -15 19 20 -5 -21 24 -24 -6 26 27 -8 -13 30 -3 33 -20 34 35 -31 -32 -34
right_child=1 13 3 4 5 7 25 -9 -10 -11 -12 28 -14 17 -16 16 -18 -19 32 21 -22 -23 23 -25 -26 -27 -28 -29 -30 31 36 -33 37 -35 -36 -37 -38 -39
leaf_value=0.014928372717621386 0.25796708112278555 0.036672500991493148 0.064147145998235899 -0.19969265743003226 0.18399030435265754 0.13393320829032984 -0.015932983573450042 0.10193907516008617 0.57047693812622491 -0.024655271775762759 0.24003079086428364 -0.0080014039299255296 0.014133654580769379 0.14847725857763058 -0.0032826773597053873 0.521032682617667 0.080597252177593018 -0.040415745208152019 0.081330296790423362 0.10528807069331722 0.012956213640090296 -0.0055859339483463905 0.17249271897607341 -0.044890400744063357 -0.00067423520394828754 -0.019079087727531283 -0.082682808514632944 0.037238387423659924 0.10446019566989147 -0.0025591105242015926 -0.28113703693460562 -0.042592295020231805 -0.0059144810845001942 -0.049719130255449238 -0.014031965971117118 0.01818477144352449 -0.078852754349522269 -0.12597928462162797
leaf_weight=2071 251 220 6001 221 182 193 2917 454 152 25065 182 10786 11714 172 24784 155 161 7837 225 1606 2841 989 818 296 1396 15485 621 5079 398 41767 154 2779 479 1791 17665 19806 269 607
leaf_count=2071 251 220 6001 221 182 193 2917 454 152 25065 182 10786 11714 172 24784 155 161 7837 225 1606 2841 989 818 296 1396 15485 621 5079 398 41767 154 2779 479 1791 17665 19806 269 607
internal_value=-0.00143721 0.00175817 0.0129051 0.0119385 0.0396261 0.0914376 0.00649345 0.198809 0.326277 -0.0110017 0.0188945 0.0175017 0.0310759 -0.0059447 0.00159365 0.0522241 0.296644 -0.0363589 0.0136681 0.0276194 -0.00239217 0.063032 0.0595685 0.114732 0.0206249 -0.0084694 0.0105965 0.017841 -0.00399916 -0.00306033 -0.0877772 -0.00241034 -0.0465318 -0.00103224 6.8222e-05 0.00411351 -0.152503 -0.0730234
internal_weight=208589 156353 63893 63642 10459 3491 53183 799 345 52236 29081 28899 17715 92460 27171 2387 316 8009 6968 5657 3062 2595 2692 1114 1578 24102 8617 7996 11184 84451 643 83808 1311 81029 79238 61573 423 1086
internal_count=208589 156353 63893 63642 10459 3491 53183 799 345 52236 29081 28899 17715 92460 27171 2387 316 8009 6968 5657 3062 2595 2692 1114 1578 24102 8617 7996 11184 84451 643 83808 1311 81029 79238 61573 423 1086
is_linear=0
shrinkage=0.03


Tree=119
num_leaves=39
num_cat=0
split_feature=92 207 200 45 207 207 207 204 206 180 202 207 16 75 206 206 202 207 209 207 175 197 207 207 75 207 105 76 207 197 193 23 129 197 200 75 83 37
split_gain=6921.69 6636.54 5864.3 7096.22 7005.9 16486.7 70574.7 45235.5 9810.13 24437.4 39623.1 9570.48 11495.9 6392.6 6042.57 6032.59 7787.13 5999.22 5306.59 4891.11 7293.55 6351.84 5891.89 9518.05 4977.66 4804.3 6089.63 4564.65 4416.42 4173.99 4170.17 6284.52 4148.67 5292.4 4207.8 3981.87 3772.43 4114.84
threshold=16.612500190734867 -0.99630266427993763 16.050000190734867 5.3375000953674325 -0.35041563212871546 -0.39036798477172846 -0.38242425024509424 13.000000000000002 0.68301269412040722 0.95018947124481212 0.96359375119209301 0.31799963116645819 36.347959518432624 37.490997314453132 0.68301269412040722 -0.25000000000000006 -0.30069434642791742 0.99995782971382152 9.5000000000000018 -0.64578425884246815 64.95999908447267 984.35000610351574 -0.76694339513778675 -0.79902246594429005 11.026041030883791 -0.39036798477172846 -49.962715148925774 40.260889053344734 -0.7386675477027892 987.35000610351574 6.4500000476837167 312.25000000000006 73.395832061767592 984.54998779296886 8.2500000000000018 18.141977310180668 23.72500038146973 86.126262664794936
decision_type=10 2 2 10 2 2 2 2 2 2 2 2 10 8 2 2 2 2 2 2 2 2 2 2 10 2 10 8 2 2 2 8 10 2 2 10 10 10
left_child=1 18 4 -4 5 8 7 -7 32 -10 -11 13 14 30 -13 16 -14 -17 -1 21 36 27 23 -23 29 26 -5 -2 -24 -22 31 -6 34 -34 -3 -32 37 -21
right_child=19 2 3 25 11 6 -8 -9 9 10 -12 12 15 -15 -16 17 -18 -19 -20 20 24 22 28 -25 -26 -27 -28 -29 -30 -31 35 -33 33 -35 -36 -37 -38 -39
leaf_value=-0.0054079661018899723 0.0231939567759635 0.013127157385751109 -0.030666264972249821 -0.03287361065257427 -0.23496341509236565 0.13610101273453776 0.020406303641809811 0.8592928081212452 0.0090971705057294877 0.086253964626120116 0.5861045572246617 0.068818853792864398 0.0027648650197756495 -0.037466436237662909 0.24134833332359301 -0.0086260089428527951 0.048878655016006647 0.16912799726109198 -0.070247734870672068 0.0018778973932424736 -0.016570511499714103 0.042512430002815259 -0.10679599736158259 0.26168343525391435 -0.037469718500010796 0.0063218902381640121 0.0016770953239241867 -0.052377328069514333 0.032547840379579293 -0.20748556939954313 0.018035412683297655 -0.0080142317977901101 0.0076874530038895843 0.053916012680537577 -0.013919111622185081 -0.010774458005275538 -0.033984156680715076 -0.031137263067372859
leaf_weight=2551 1299 8160 8557 7974 176 149 1588 163 7461 2603 151 1185 8091 7110 216 13902 5561 173 2048 17519 159 563 230 261 6696 30333 10822 1612 1861 293 5955 292 11408 2770 14162 15703 4771 4215
leaf_count=2551 1299 8160 8557 7974 176 149 1588 163 7461 2603 151 1185 8091 7110 216 13902 5561 173 2048 17519 159 563 230 261 6696 30333 10822 1612 1861 293 5955 292 11408 2770 14162 15703 4771 4215
internal_value=-0.0013755 0.00126278 0.00225554 -0.00545425 0.00641287 0.0148247 0.101452 0.513938 0.0113014 0.0372885 0.113662 -0.000593872 0.0115769 -0.0127197 0.0954204 0.0073404 0.0215489 -0.00644104 -0.0342822 -0.012687 -0.0170806 0.0126916 0.0439947 0.111937 -0.0439743 -0.00106296 -0.0129807 -0.0186544 0.0172201 -0.14033 -0.00476754 -0.0933665 0.00402854 0.0167193 -0.0040321 -0.00285298 -0.00982772 -0.00452492
internal_weight=208743 169264 164665 57686 106979 48615 1900 312 46715 10215 2754 58364 29128 29236 1401 27727 13652 14075 4599 39479 33653 5826 2915 824 7148 49129 18796 2911 2091 452 22126 468 36500 14178 22322 21658 26505 21734
internal_count=208743 169264 164665 57686 106979 48615 1900 312 46715 10215 2754 58364 29128 29236 1401 27727 13652 14075 4599 39479 33653 5826 2915 824 7148 49129 18796 2911 2091 452 22126 468 36500 14178 22322 21658 26505 21734
is_linear=0
shrinkage=0.03


Tree=120
num_leaves=39
num_cat=0
split_feature=205 194 190 205 207 207 129 200 202 97 75 207 94 187 194 204 202 190 202 173 204 194 131 207 202 192 189 207 194 25 96 205 79 34 207 185 45 205
split_gain=6771.32 13461.3 14951 11002.4 10891.9 24258.1 33022.4 9265.6 9351.91 8953.37 8452.47 7466.1 7324.14 7320.48 24854.9 6497.96 8620.89 5836.8 5556.26 5975.57 5521.17 5445.89 5302.66 5065.27 5038.71 4766.33 4121.85 4646.9 9239.87 4064.32 4363.84 3924.86 4696.71 3799.7 3752.35 3562.34 3115.97 3255.62
threshold=-0.68301269412040699 62.500000000000007 0.022878288291394714 0.68301269412040722 0.94138324260711681 0.9524284601211549 103.29166793823244 14.34999990463257 0.9996192753314973 5.0222795009613046 100.26453399658205 0.92273071408271801 14.507158279418947 60.750000000000007 59.500000000000007 7.0000000000000009 0.44618082046508795 0.27272872626781469 -0.88697704672813404 308.52500915527349 19.000000000000004 76.500000000000014 -28.080208778381344 0.92922380566596996 0.26722820103168493 1.2619386315345766 77.033248901367202 -0.76694339513778675 54.500000000000007 327.50000000000006 12.023187160491945 0.68301269412040722 1.4054636955261233 95.45468902587892 -0.81923159956932057 1007.6999816894532 69.754001617431655 1.0000000180025095e-35
decision_type=2 2 8 2 2 2 10 2 2 2 8 2 8 10 2 2 2 10 2 2 2 2 10 2 2 10 8 2 2 8 8 2 10 8 2 10 10 2
left_child=12 2 -2 7 11 6 -6 8 13 29 21 22 -1 17 -15 16 -7 -4 19 25 -14 31 34 -13 -17 -9 27 28 -22 36 -31 -11 -33 -32 -5 -25 -3 -38
right_child=1 9 3 4 5 15 -8 18 -10 10 -12 23 20 14 -16 24 -18 -19 -20 -21 26 -23 -24 35 -26 -27 -28 -29 -30 30 33 32 -34 -35 -36 -37 37 -39
leaf_value=-0.0027334421121792598 0.24568816638960034 -0.0013503906020091222 0.031376386923842078 -0.044518625065675714 0.64516574531427162 0.039921756557152695 0.082012806347699543 0.0080413537738876148 0.23281572764617239 -0.039817634007805552 0.18599652698277744 -0.21024800235415009 -0.038007490642897136 0.037144437321955423 0.44061268728595843 0.071030261619856594 -0.13443462317501842 0.0024814606205393244 -0.01862920466020045 -0.079378239918589957 0.25163312709039948 -0.056735437008177937 -0.13717012789017918 0.026354918317460299 0.19666079181440607 0.070567850155569975 0.030250933980584951 -0.035802496097735552 -0.026206925593428621 -0.00039381277503900704 -0.1446638551969005 0.0017569422010017602 0.1610037825032139 -0.027460202238440593 0.040196820093385446 -0.14122018123414995 0.050976941572770017 0.0071735272078966615
leaf_weight=34466 246 57618 9695 536 151 2442 247 6729 180 2520 158 198 12022 1153 156 1648 285 17924 15505 607 159 5195 178 332 348 1311 2179 3078 334 8430 257 2421 179 7940 3854 174 2081 5737
leaf_count=34466 246 57618 9695 536 151 2442 247 6729 180 2520 158 198 12022 1153 156 1648 285 17924 15505 607 159 5195 178 332 348 1311 2179 3078 334 8430 257 2421 179 7940 3854 174 2081 5737
internal_value=-0.00144797 0.00167487 0.0122651 0.011363 0.0395979 0.070759 0.295682 0.00585329 0.0172513 -0.00563803 -0.0317595 0.00932911 -0.0107998 0.0159099 0.0852308 0.0518044 0.0216992 0.0126244 -0.00788355 0.0113845 -0.0264433 -0.0350951 0.0233446 -0.0816106 0.0929348 0.018237 -0.00226509 -0.0221063 0.063403 -0.00230437 -0.0155491 -0.0131377 0.0127212 -0.0311351 0.0298533 -0.0312705 0.00106106 0.0188332
internal_weight=208673 156435 63899 63653 10393 5121 398 53260 29108 92536 10473 5272 52238 28928 1309 4723 2727 27619 24152 8647 17772 10315 4568 704 1996 8040 5750 3571 493 82063 16627 5120 2600 8197 4390 506 65436 7818
internal_count=208673 156435 63899 63653 10393 5121 398 53260 29108 92536 10473 5272 52238 28928 1309 4723 2727 27619 24152 8647 17772 10315 4568 704 1996 8040 5750 3571 493 82063 16627 5120 2600 8197 4390 506 65436 7818
is_linear=0
shrinkage=0.03


Tree=121
num_leaves=39
num_cat=0
split_feature=194 205 194 196 208 201 200 114 203 141 201 206 207 196 207 208 194 201 201 94 197 207 80 202 75 200 200 201 36 202 201 207 202 196 194 208 200 141
split_gain=6662.1 11595.8 9400.62 10394.4 12042.9 20457.9 12080.5 10210.1 12871.1 9104.81 9098.21 11875.8 13339.7 13789.2 11205.2 29862.2 86778.4 9784.31 12092.5 8906.57 9276.85 11070.5 7758.28 7710.92 7435.1 6654.02 10368.9 11353.4 10165.3 7174.56 9139.23 8726.84 6422.16 7615.55 6388.21 8375.92 7420.9 8092.72
threshold=45.500000000000007 -1.0000000180025095e-35 25.500000000000004 54.500000000000007 0.054805127903819091 112.50000000000001 13.84999990463257 129.36573791503909 -0.061046212911605828 2.2204750776290898 637.50000000000011 -0.25000000000000006 0.54488933086395275 91.500000000000014 -0.76694339513778675 0.62420859932899486 62.500000000000007 92.500000000000014 67.500000000000014 17.563609123229984 977.45001220703136 0.9787549376487733 19.337500572204593 -0.98624804615974415 65.883991241455092 12.650000095367433 10.750000000000002 1177.5000000000002 176.58806610107425 0.52247866988182079 697.50000000000011 0.98667103052139293 -0.62249094247817982 29.500000000000004 10.500000000000002 0.054805127903819091 22.250000000000004 1.0797790884971621
decision_type=2 2 2 2 2 2 2 8 2 10 2 2 2 2 2 2 2 2 2 8 2 2 2 2 10 2 2 2 10 2 2 2 2 2 2 2 2 10
left_child=1 22 23 25 5 6 -5 8 -6 10 11 12 -2 17 15 -13 -17 18 -14 -16 21 -21 -1 -3 -7 26 29 28 -28 31 -31 -4 33 -27 -25 36 -36 -38
right_child=9 2 3 4 7 24 -8 -9 -10 -11 -12 14 13 -15 19 16 -18 -19 -20 20 -22 -23 -24 34 -26 32 27 -29 -30 30 -32 -33 -34 -35 35 -37 37 -39
leaf_value=0.0050413252868999111 0.0060717510320934627 -0.0786829404182805 0.025421233873901803 0.039279115335849359 0.014840717408350138 -0.0567359632318939 0.35282990816122828 0.053538514133560089 0.33839292497978529 -0.059652211790756193 -0.020190929742706334 0.0072837434179700037 0.054703117377384244 -0.035594049054912848 -0.006651898779148486 0.8282181807650304 -0.050545985946227993 0.061578657161071651 0.32121079083477888 -0.017957809763535601 -0.04040232477616728 0.26858342955916359 -0.029252471074707687 -0.1118875481824784 0.10300200620198612 0.019065863602174573 0.28569136985160365 -0.033160728997104677 0.096051669434731146 0.21733710246131144 0.030874237413382535 -0.1110236576250785 -0.034514619161257143 0.23045897999077047 0.021805216372543741 -0.04947730463669929 0.066630180587040122 0.31641931365508075
leaf_weight=22115 24108 1081 3197 193 149 988 259 371 430 2634 24417 25909 303 1211 60132 155 291 4416 310 324 11592 194 8116 370 357 4331 404 336 687 366 669 486 2367 159 3496 1294 405 164
leaf_count=22115 24108 1081 3197 193 149 988 259 371 430 2634 24417 25909 303 1211 60132 155 291 4416 310 324 11592 194 8116 370 357 4331 404 336 687 366 669 486 2367 159 3496 1294 405 164
internal_value=-0.00123158 0.00798048 0.024257 0.0369916 0.0900153 0.0443431 0.218951 0.176406 0.255132 -0.00434901 -0.00339916 -0.000219474 0.0161908 0.0552854 -0.00527055 0.0114736 0.254864 0.0771696 0.189482 -0.0113791 -0.0348517 0.089359 -0.00416539 -0.00519343 -0.0143364 0.025789 0.0484596 0.119318 0.166278 0.0270276 0.0968136 0.00741595 0.00547223 0.0265523 0.00867328 0.0169974 0.0381582 0.13863
internal_weight=208786 52790 22559 15749 2747 1797 452 950 579 155996 153362 128945 30348 6240 98597 26355 446 5029 613 72242 12110 518 30231 6810 1345 13002 6145 1427 1091 4718 1035 3683 6857 4490 5729 5359 4065 569
internal_count=208786 52790 22559 15749 2747 1797 452 950 579 155996 153362 128945 30348 6240 98597 26355 446 5029 613 72242 12110 518 30231 6810 1345 13002 6145 1427 1091 4718 1035 3683 6857 4490 5729 5359 4065 569
is_linear=0
shrinkage=0.03


Tree=122
num_leaves=39
num_cat=0
split_feature=194 204 194 96 207 207 76 202 199 204 207 173 80 56 194 193 200 173 194 129 200 199 200 6 191 202 193 204 85 98 193 56 207 207 198 199 193 207
split_gain=6159.37 10912.9 8361 8202.99 14156.8 12089.2 9425.79 7858.5 7746.58 14519.8 15197.5 11351.6 8541.05 7578.31 6848.72 7104.96 6562.42 6187.03 5802.71 7877.14 6488 6334.72 5999.48 5735.71 5439.89 5426.88 4999.65 6391.37 6805.62 6223.98 5794.1 13278.7 19851.2 5331.52 7745.63 6232.7 5189.42 5029.29
threshold=45.500000000000007 13.000000000000002 25.500000000000004 19.324349403381351 0.99168354272842418 -0.59869033098220814 50.796798706054695 -0.98624804615974415 74.500000000000014 19.000000000000004 0.97508442401885997 264.59500122070318 19.337500572204593 72.757034301757827 76.500000000000014 18.550000190734867 14.84999990463257 532.01498413085949 10.500000000000002 104.85416793823244 22.250000000000004 184.50000000000003 18.250000000000004 61.250000000000007 17.801348686218265 -0.73724925518035878 30.150000572204593 7.0000000000000009 23.587500572204593 -13.946000099182127 15.34999990463257 112.8940773010254 -0.37447345256805414 0.67167991399765026 9.6500000953674334 74.500000000000014 7.7500000000000009 0.99995782971382152
decision_type=2 2 2 10 2 2 10 2 2 2 2 2 2 10 2 2 2 2 2 10 2 2 2 10 8 2 2 2 8 2 2 10 2 2 2 2 2 2
left_child=1 2 7 26 5 13 -7 24 9 -3 11 -11 -10 23 15 -8 -12 -15 -9 22 21 -21 -20 -5 -1 -17 27 28 37 -30 31 33 -33 35 -35 -29 -31 -2
right_child=3 8 -4 4 -6 6 14 18 12 10 16 -13 -14 17 -16 25 -18 -19 19 20 -22 -23 -24 -25 -26 -27 -28 30 29 36 -32 32 -34 34 -36 -37 -38 -39
leaf_value=-0.14358810961060911 -0.0037002946419719537 -0.0058987375511719764 0.035264333238891679 0.070673415832938055 0.25299767209296231 -0.10207870309282455 0.092915842721125602 -0.10543483990628189 0.00098038573436019967 -0.017626802286099669 0.16689036630764489 0.28160539369273901 -0.036887993918322357 0.022201510549475469 -0.090855476325901852 0.063358047084247082 0.436583767995193 0.19831333827021255 -0.047108043560743169 0.17022874555052483 0.19203221869331541 0.018596490034498064 0.039445695236071582 -0.051096988487004974 -0.0087691365872440957 -0.042159512155226217 -0.015692724848752039 0.095092587951261673 -0.19963315642823828 -0.15146961450716262 0.0026539528800547485 0.47249176518760744 0.031426604622268609 0.016316351021065201 0.2851948006191255 0.0084319384844576128 -0.024118304549681731 0.16374398954181482
leaf_weight=560 45843 1856 15819 405 162 2488 505 370 20069 487 159 149 7314 3257 1327 511 166 190 1898 289 289 1746 1162 2479 519 3099 20795 817 198 300 56569 148 242 232 165 8707 7180 162
leaf_count=560 45843 1856 15819 405 162 2488 505 370 20069 487 159 149 7314 3257 1327 511 166 190 1898 289 289 1746 1162 2479 519 3099 20795 817 198 300 56569 148 242 232 165 8707 7180 162
internal_value=-0.00130432 0.0075453 0.0232855 -0.00430674 -0.0258585 -0.0290264 -0.0537063 -0.00444639 -0.00426091 0.0431108 0.137763 0.0524788 -0.00913425 0.00188687 -0.031591 -0.0124792 0.304651 0.0319095 0.00948551 0.0173833 0.0590218 0.0401314 -0.0142401 -0.0339965 -0.0787411 -0.0272231 -0.00210777 0.000235391 -0.00747437 -0.0336209 0.00642384 0.0271064 0.198813 0.0203563 0.128072 0.0158661 -0.0292262 -0.00311062
internal_weight=208633 52852 22652 155781 14423 14261 7930 6833 30200 2817 961 636 27383 6331 5442 4115 325 3447 5754 5384 2324 2035 3060 2884 1079 3610 141358 120563 53683 7678 66880 10311 390 9921 397 9524 7480 46005
internal_count=208633 52852 22652 155781 14423 14261 7930 6833 30200 2817 961 636 27383 6331 5442 4115 325 3447 5754 5384 2324 2035 3060 2884 1079 3610 141358 120563 53683 7678 66880 10311 390 9921 397 9524 7480 46005
is_linear=0
shrinkage=0.03


Tree=123
num_leaves=39
num_cat=0
split_feature=198 194 205 201 185 194 192 196 36 141 198 96 169 202 185 194 201 206 201 75 208 208 202 74 96 123 59 196 138 202 75 197 196 155 194 196 205 197
split_gain=6424.33 9113.1 10766.2 10040.6 13705.4 10330.4 14425.9 10758.5 10830.4 8619.74 6736.88 6030.78 11853.6 9529.7 20622 9004.16 9321.15 12174 19777.6 12352.8 5819.5 8184.88 5772.13 5694.07 5478.26 5072.2 5071.24 5044.65 5020.87 22263.9 4846.04 4707.35 4160.06 4140.73 5802.43 4877.29 8709.59 3948.11
threshold=12.949999809265138 45.500000000000007 -0.68301269412040699 1167.5000000000002 1176.5999755859377 13.500000000000002 1.1878069043159487 61.500000000000007 216.55376434326175 2.2204750776290898 2.9500000476837163 8.7824015617370623 16.270000457763675 -0.88697704672813404 61.011249542236335 92.500000000000014 717.50000000000011 -0.25000000000000006 162.50000000000003 5.4943377971649179 0.34840355813503271 0.52583932876586925 0.98624804615974437 34.763729095458991 12.023187160491945 9.9879698753356951 0.61691716313362133 95.500000000000014 35.391666412353523 0.84335932135581981 76.786743164062514 985.95001220703136 1.0000000180025095e-35 38.395000457763679 75.500000000000014 6.5000000000000009 0.25000000000000011 977.14999389648449
decision_type=2 2 2 2 10 2 10 2 8 10 2 8 2 2 10 2 2 2 2 10 2 2 2 10 8 8 10 2 10 2 8 2 2 2 2 2 2 2
left_child=1 2 24 4 5 6 -4 22 -9 11 32 12 28 14 -14 16 17 18 -13 -19 -12 25 -7 -17 -1 -22 33 -6 -3 -30 -18 -23 -5 -2 35 -35 -37 -11
right_child=26 9 3 10 27 7 -8 8 -10 37 20 15 13 -15 -16 23 30 19 -20 -21 21 31 -24 -25 -26 -27 -28 -29 29 -31 -32 -33 -34 34 -36 36 -38 -39
leaf_value=0.021293870902059683 -0.018418171658488091 0.00087971588919126314 -0.011386353340779899 -0.0055144491736333328 -0.022996299815187644 0.035578236525175305 0.38410616321071972 0.15831371959459029 0.019082999064761307 -0.090202821528532831 -0.017618908593681121 0.069829722684942849 0.42529293585557854 0.028762600547375589 0.061276659786925348 -0.019488505363068554 -0.043994597076016315 0.063360713652044126 0.0010898454734011469 -0.011249061986400768 0.15475174634259437 -0.05783257263413235 -0.099492309041762081 -0.07215742128143994 -0.021458288777753666 0.028300604407628705 -0.046708303191040468 -0.19181333738539008 0.018673477009265145 0.34162993242313455 0.091557076356344733 0.044092692936605907 0.13648553500386792 0.0064703656488623324 -0.091331768793248905 0.039491076684712988 0.25480476927987122 -0.014575243675179247
leaf_weight=3737 12166 52011 148 291 1776 13228 189 1318 813 1450 8185 5181 201 1147 462 5754 6080 2081 13803 49578 596 876 291 2721 9698 548 4145 175 2848 206 247 763 513 2722 408 851 211 1087
leaf_count=3737 12166 52011 148 291 1776 13228 189 1318 813 1450 8185 5181 201 1147 462 5754 6080 2081 13803 49578 596 876 291 2721 9698 548 4145 175 2848 206 247 763 513 2722 408 851 211 1087
internal_value=-0.0011228 0.000616219 0.0127188 0.0227963 0.0369245 0.0460852 0.210421 0.0425463 0.105196 -0.00298847 0.00126796 -0.0020114 0.00555793 0.081099 0.17164 -0.0070498 -0.00381826 -0.000693899 0.01985 -0.00824351 -0.00487658 0.0325993 0.0326707 -0.0363986 -0.00956657 0.0941801 -0.0170687 -0.0381398 0.00307485 0.0404588 -0.0387026 -0.0103833 0.0850901 -0.00955821 0.016155 0.0277448 0.0822722 -0.0577998
internal_weight=208505 188002 43145 29710 17938 15987 337 15650 2131 144857 11772 142320 56875 1810 663 85445 76970 70643 18984 51659 10968 2783 13519 8475 13435 1144 20503 1951 55065 3054 6327 1639 804 16358 4192 3784 1062 2537
internal_count=208505 188002 43145 29710 17938 15987 337 15650 2131 144857 11772 142320 56875 1810 663 85445 76970 70643 18984 51659 10968 2783 13519 8475 13435 1144 20503 1951 55065 3054 6327 1639 804 16358 4192 3784 1062 2537
is_linear=0
shrinkage=0.03


Tree=124
num_leaves=39
num_cat=0
split_feature=97 57 208 189 201 206 207 207 208 197 197 202 59 200 175 207 193 202 75 208 96 89 75 193 208 193 201 99 56 199 202 208 200 14 196 200 207 201
split_gain=6339.56 6438.9 6536.62 5678.7 5506.79 12301.9 12805.2 7080.64 32970 67168.5 8282.28 29325.5 6980.27 6513.51 6440.28 6635.4 5317.23 6555.62 5609.91 5014.89 4936.68 4740.32 4536.78 4302.62 8281.98 8839.83 6581.28 5746.16 4781.01 4271.48 9646.62 4332.12 4160.39 4093.74 3987.34 3800.25 3725.17 3637.78
threshold=12.67463541030884 57.745483398437507 0.91511079668998729 25.323940277099613 302.50000000000006 -0.25000000000000006 0.35042373836040502 -0.76694339513778675 0.62420859932899486 983.95001220703136 982.85000610351574 0.96359375119209301 0.47917078435420996 17.750000000000004 126.36499786376955 0.98932364583015453 8.9499998092651385 0.13052122294902804 7.2995197772979745 -0.35846087336540217 8.7824015617370623 10.612500190734865 35.849271774291999 18.150000572204593 0.34033495187759405 28.849999427795414 2352.5000000000005 0.55308827757835399 100.35817718505861 164.50000000000003 0.55191597342491161 0.19126587361097339 15.050000190734865 80.437500000000014 99.500000000000014 6.6499998569488534 -0.79902246594429005 292.50000000000006
decision_type=2 8 2 10 2 2 2 2 2 2 2 2 10 2 2 2 2 2 8 2 8 10 10 2 2 2 2 2 10 2 2 2 2 10 2 2 2 2
left_child=1 4 21 -2 5 6 37 8 10 -10 20 -12 29 23 16 32 17 -9 -18 -14 -7 -3 -5 28 33 27 -27 -26 35 30 -8 -31 -16 -25 -21 -6 -15 -1
right_child=3 2 -4 22 13 7 12 14 9 -11 11 -13 19 36 15 -17 18 -19 -20 34 -22 -23 -24 24 25 26 -28 -29 -30 31 -32 -33 -34 -35 -36 -37 -38 -39
leaf_value=0.0067656280901939279 -0.057211681724387627 -0.0019755474344813687 0.19216635940373489 -0.12997726755191519 0.036943075008475441 0.013092175866570428 0.34879974715258605 -0.070168527406798603 -0.043212067799796909 0.79207496495868257 0.023608647716001289 0.31050738553897783 -0.09493933109793351 0.0048885671778784419 -0.014427083639565902 0.16747349939731815 0.052647215721851527 0.070531718863079448 -0.0017394610449492636 0.0635706540468335 -0.019579549110547729 0.1156503634855363 0.0047716428768687768 -0.0038879944872888396 0.0076941813375819169 0.094312163927292844 -0.060095578592720397 0.15952214574286636 -0.15045543496587063 0.021195935879670089 0.09835452162058303 0.11915805433028326 -0.059188909211271713 -0.041953916786312814 -0.049194648343789997 -0.038884766315009665 -0.025258098004250936 0.099028253381349879
leaf_weight=10663 3367 1059 272 240 759 9482 192 1857 211 147 5921 339 246 4539 4129 149 1753 355 64925 1984 7419 435 3566 36332 13962 1936 285 228 284 682 496 1005 3414 2734 329 2750 19699 399
leaf_count=10663 3367 1059 272 240 759 9482 192 1857 211 147 5921 339 246 4539 4129 149 1753 355 64925 1984 7419 435 3566 36332 13962 1936 285 228 284 682 496 1005 3414 2734 329 2750 19699 399
internal_value=-0.00111798 -0.000130783 0.0569011 -0.028832 -0.000635375 0.00359071 0.02802 -0.000313057 0.0140846 0.29978 0.00966847 0.0391457 0.0682107 -0.0065107 -0.00473471 -0.0307704 -0.00182766 -0.0475874 -0.000309593 0.0338344 -0.00124965 0.0322732 -0.00372559 -0.00115277 0.000960736 0.0188447 0.0744981 0.0101338 -0.0320653 0.10525 0.168251 0.0795557 -0.0346866 -0.00655202 0.0475307 -0.022483 -0.0196126 0.0100936
internal_weight=208544 201371 1766 7173 199605 116097 15996 100101 23519 358 23161 6260 4934 83508 76582 7692 68890 2212 66678 2559 16901 1494 3806 59270 55477 16411 2221 14190 3793 2375 688 1687 7543 39066 2313 3509 24238 11062
internal_count=208544 201371 1766 7173 199605 116097 15996 100101 23519 358 23161 6260 4934 83508 76582 7692 68890 2212 66678 2559 16901 1494 3806 59270 55477 16411 2221 14190 3793 2375 688 1687 7543 39066 2313 3509 24238 11062
is_linear=0
shrinkage=0.03


Tree=125
num_leaves=39
num_cat=0
split_feature=94 207 199 207 96 105 198 55 207 77 92 198 207 96 187 161 207 132 204 209 206 37 96 181 198 205 191 197 170 207 197 197 199 190 199 75 207 207
split_gain=5942.08 6410.62 7713.56 7430.89 6081.81 5933.36 7209.89 5858.81 5809.28 5083.44 5047.19 5140.17 7286.55 10681.7 6828.39 6137.29 5706.56 6658.18 6364.1 4889.61 4819.35 4765.3 4567.34 6980.18 4406.85 4051.93 4007.82 3862.65 4238.59 3811.59 4716.68 7464.1 3759.95 9603.03 3659.54 10331.4 4677.34 7344.05
threshold=21.569950103759769 0.99168354272842418 281.50000000000006 -0.64578425884246815 22.54313945770264 -37.984806060791009 3.8500000238418584 78.011730194091811 -0.99630266427993763 77.443691253662124 16.412499427795414 12.949999809265138 0.89404821395874035 11.546006679534914 23.837735176086429 65.215000152587905 -0.25205527991056437 -86.14369964599608 21.000000000000004 9.5000000000000018 0.25000000000000011 57.612766265869148 19.070695877075199 82.000000000000014 7.5499999523162851 0.93301269412040722 29.231175422668461 986.54998779296886 2.0049999952316289 0.98522606492042553 977.25000000000011 974.54998779296886 307.50000000000006 0.76392653584480297 271.50000000000006 32.491498947143562 0.90531614422798168 0.95998215675354015
decision_type=8 2 2 2 10 10 2 10 2 8 10 2 2 8 8 2 2 8 2 2 2 10 10 2 2 2 10 2 2 2 2 2 2 8 2 10 2 2
left_child=4 3 5 9 8 6 -3 34 19 26 11 12 16 14 -14 -15 18 -18 -10 -1 -8 -12 -23 -24 -22 -4 27 28 -2 30 31 -9 -28 -34 35 -5 -37 -38
right_child=1 2 25 7 -6 -7 20 29 10 -11 21 -13 13 15 -16 -17 17 -19 -20 -21 24 22 23 -25 -26 -27 32 -29 -30 -31 -32 -33 33 -35 -36 36 37 -39
leaf_value=-0.0054463183340253928 0.0086262717094167524 0.24385807859348277 -0.023963628094374474 0.13277596386658472 0.054907943377786379 -0.023145647264678666 0.015330312719068593 -0.085635921398222653 0.0048558094181459085 0.14662025267332507 0.002747778002830898 -0.013871965229482397 0.19446599838889267 0.0022219148110299257 0.057143110275776073 0.039746237508394774 0.058323537951216517 -0.0077776609025933348 0.037507606376690865 -0.067999918291567291 0.064838066192092092 -0.0095547311207136373 -0.0094836944890051636 -0.076131364152568812 0.27630842643955511 0.12762678831504937 0.014743589713533442 0.03490555379490589 -0.080558406988486847 -0.16892780730099746 -0.079215187497287301 0.19555402730031415 0.30952723433373941 -0.010120563428145941 -0.0061637584592801721 -0.012326644036400224 -0.10458589690555246 -0.019214153681345183
leaf_weight=2514 808 251 2600 293 1837 489 651 188 63488 227 12909 14539 457 11215 1136 6033 1413 46626 5869 2035 217 9804 2779 2880 150 169 1683 768 1180 339 1947 155 145 203 4977 1960 2208 1539
leaf_count=2514 808 251 2600 293 1837 489 651 188 63488 227 12909 14539 457 11215 1136 6033 1413 46626 5869 2035 217 9804 2779 2880 150 169 1683 768 1180 339 1947 155 145 203 4977 1960 2208 1539
internal_value=-0.00119531 -0.0155275 0.0164915 -0.0233122 0.000592756 0.0656382 0.0998506 -0.034817 4.95903e-05 0.00790716 0.000899719 0.00308406 0.00489358 0.022212 0.0965395 0.0153472 0.00211412 -0.00583337 0.00761882 -0.0334299 0.0643415 -0.0107084 -0.021942 -0.0434024 0.151276 -0.0147111 0.00132901 -0.0222354 -0.0443102 -0.075043 -0.061144 0.0414332 0.0333053 0.12307 -0.0251827 -0.0409589 -0.0498788 -0.0695215
internal_weight=208681 23147 4527 18620 185534 1758 1269 13606 183697 5014 179148 150776 136237 18841 1593 17248 117396 48039 69357 4549 1018 28372 15463 5659 367 2769 4787 2756 1988 2629 2290 343 2031 348 10977 6000 5707 3747
internal_count=208681 23147 4527 18620 185534 1758 1269 13606 183697 5014 179148 150776 136237 18841 1593 17248 117396 48039 69357 4549 1018 28372 15463 5659 367 2769 4787 2756 1988 2629 2290 343 2031 348 10977 6000 5707 3747
is_linear=0
shrinkage=0.03


Tree=126
num_leaves=39
num_cat=0
split_feature=97 136 57 208 91 208 208 144 200 208 201 189 204 141 190 210 54 208 200 210 36 181 132 193 208 208 199 55 208 76 95 203 199 75 208 95 96 40
split_gain=6345.58 5932.1 5871.58 6304.34 5296.25 6546.74 15517.1 15705.5 18431.5 18380.5 55578.5 13040.5 8403.63 8646.96 6840.51 5481.19 5158.72 5125.16 8025.87 5769.43 5381.81 4965.17 4829.46 4428.04 4384.17 9440.18 6174.48 4839.94 4138.81 4079.69 4050.85 3989.81 3914.15 3759.51 3680.5 4318.53 3441.87 3260.87
threshold=12.67463541030884 26.44999980926514 57.745483398437507 0.91511079668998729 17.341500282287601 0.29958851635456091 0.43540433049201971 -0.62401321530342091 10.250000000000002 0.42763730883598333 47.500000000000007 15.768055438995363 7.0000000000000009 -13.973363399505613 0.10562093928456308 1.0000000180025095e-35 28.982192993164066 0.78192543983459484 8.5500001907348651 1.0000000180025095e-35 241.2630310058594 76.000000000000014 -87.316574096679673 6.4500000476837167 0.19969739764928821 0.12332734838128091 164.50000000000003 68.392524719238295 0.59003219008445751 69.599407196044936 17.747575759887699 -0.60873827338218678 234.50000000000003 96.583854675292983 0.43540433049201971 12.88543748855591 22.766558647155765 10.825000286102297
decision_type=2 8 8 2 10 2 2 8 2 2 2 10 2 8 8 2 8 2 2 2 10 2 8 2 2 2 2 10 2 10 10 2 2 8 2 10 10 10
left_child=2 -2 4 34 5 22 7 8 -7 11 -11 -9 15 28 -15 16 -8 19 -19 20 37 -22 -1 -17 25 27 -27 -24 -14 32 -20 -26 36 -21 -4 -36 -3 -6
right_child=1 29 3 -5 17 6 12 9 -10 10 -12 -13 13 14 -16 23 -18 18 30 33 21 -23 24 -25 31 26 -28 -29 -30 -31 -32 -33 -34 -35 35 -37 -38 -39
leaf_value=0.056956625238171618 0.0091688971739851931 -0.026656357153292225 0.14473836150999395 0.18744838957725693 -0.046294651110184853 0.078470036030423698 -0.17928369764008881 -0.029447560576363777 0.37009266875329849 0.66568111702407162 0.028445109338477423 0.047034900108314501 -0.041733771492736153 0.22750229963267385 0.022796423782411788 -0.099624915099819161 -0.040405293437171461 0.018470458040604671 -0.036274121686841576 0.015827424711082932 -0.011318298567203395 -0.075369763125909747 -0.0052365117234042854 -0.0066375549504782356 0.034276010648895822 0.1101032642398221 0.02241617539415653 0.076315206590226448 0.0012087244757042544 -0.12591012087400297 -0.094628679121502565 -0.036533381393674937 -0.054520590625061281 0.16588115228615496 -0.0097412496714989801 0.15823290280306351 0.090841854540691921 -0.00089694234584082393
leaf_weight=1182 2443 656 216 271 1577 739 308 3187 265 162 514 5416 2314 148 19907 474 1102 1870 3452 6195 2213 2145 85650 16666 818 888 3883 660 15896 541 1552 5752 3209 154 1123 157 341 14676
leaf_count=1182 2443 656 216 271 1577 739 308 3187 265 162 514 5416 2314 148 19907 474 1102 1870 3452 6195 2213 2145 85650 16666 818 888 3883 660 15896 541 1552 5752 3209 154 1123 157 341 14676
internal_value=-0.00112202 -0.0288157 -0.000134001 0.0543121 -0.000615603 0.00159016 0.00882229 0.0427335 0.155445 0.0305377 0.181163 0.0187018 0.00268466 0.010718 0.0243072 -0.0138865 -0.0707431 -0.0114333 -0.0345567 -0.00553743 -0.0132399 -0.0428445 -0.00331975 -0.00920916 -0.00404937 -0.00234212 0.0387372 -0.00461288 -0.00424811 -0.0483641 -0.0543731 -0.0277171 -0.0383894 0.0194674 0.0301932 0.0108625 0.0135312 -0.00530185
internal_weight=208722 7190 201532 1767 199765 165931 67098 10283 1004 9279 676 8603 56815 38265 20055 18550 1410 33834 6874 26960 20611 4358 98833 17140 97651 91081 4771 86310 18210 4747 5004 6570 4206 6349 1496 1280 997 16253
internal_count=208722 7190 201532 1767 199765 165931 67098 10283 1004 9279 676 8603 56815 38265 20055 18550 1410 33834 6874 26960 20611 4358 98833 17140 97651 91081 4771 86310 18210 4747 5004 6570 4206 6349 1496 1280 997 16253
is_linear=0
shrinkage=0.03


Tree=127
num_leaves=39
num_cat=0
split_feature=205 204 201 201 200 207 199 204 199 141 207 192 200 207 75 203 200 96 201 155 42 208 164 86 96 45 138 207 199 198 96 207 36 198 207 39 75 208
split_gain=5790.44 8685.6 14988.2 9969.85 30124.9 11295.2 8364.8 15048.3 15574.8 43287 10575.5 30758.6 8567.54 7201.17 11942.5 7422.99 11063.2 7190.75 6915.81 34614.8 7098.17 6891.18 6663.56 6431.65 6150.88 6143.76 6258.69 5209.74 4979.03 4790.29 4759.98 6607.17 6208.33 4644.71 4532.94 4167.07 4016.91 4843.26
threshold=-0.68301269412040699 7.0000000000000009 147.50000000000003 127.50000000000001 23.349999427795414 0.98522606492042553 159.50000000000003 9.0000000000000018 119.50000000000001 -5.8363351821899405 -0.9413962960243224 0.91521158814430248 20.349999427795414 0.98522606492042553 88.587516784667983 -0.43049471080303187 6.0499999523162851 9.2911248207092303 27.500000000000004 133.72500610351565 171.94999694824222 -0.082691941410303102 122.00000000000001 18.13749980926514 25.829623222351078 5.3375000953674325 16.472916603088382 0.98667103052139293 325.50000000000006 4.4500000476837167 19.141655921936039 0.92922380566596996 136.97824859619143 8.9499998092651385 -0.99630266427993763 0.41696299612522131 13.126370429992678 0.51113018393516552
decision_type=2 2 2 2 2 2 2 2 2 8 2 8 2 2 10 2 2 8 2 2 8 2 2 10 10 10 10 2 2 2 8 2 8 2 2 10 8 2
left_child=23 13 3 6 5 -5 7 8 29 -10 11 -9 -12 17 15 16 -15 -2 19 20 -8 -18 -20 -1 25 26 35 -17 -29 -3 31 -27 -32 34 -4 -19 -35 -38
right_child=1 2 33 4 -6 -7 18 10 9 -11 12 -13 -14 14 -16 27 21 24 22 -21 -22 -23 -24 -25 -26 30 -28 28 -30 -31 32 -33 -34 36 -36 -37 37 -39
leaf_value=-0.0049886111192067361 0.0033047624407203844 0.12858641950569424 -0.05738322975632535 0.030162555880470874 0.50727057510278561 0.25092408222239199 0.0054952711091975567 0.52283688896920699 0.062196591017666086 0.69917678252307514 -0.003372129520098075 -0.024392951890999472 0.18709970958822475 -0.14427362258932638 0.23053286229128761 -0.14471416368898696 -0.061863605841722388 -0.0584439728007837 0.011258561057088477 0.48654423605787106 0.21658733479842457 0.15150956890913983 -0.060340698778303503 -0.033184247407793438 0.1037410064292669 -0.013919770576213488 0.00097152328089363264 0.017694976249619646 -0.080998963769687141 -0.032768597129109803 -0.14125050653763155 0.029746069567005567 -0.02755182417693915 -0.03913925096173506 0.0098849491847404318 -0.1522769177210026 -0.011118306255330111 0.018442620985539157
leaf_weight=43498 24894 456 923 1437 149 244 1547 145 255 154 2955 255 229 167 244 216 161 2980 8895 160 158 885 1347 8745 373 20729 1529 3932 521 260 459 3671 7407 3200 38828 497 19431 6711
leaf_count=43498 24894 456 923 1437 149 244 1547 145 255 154 2955 255 229 167 244 216 161 2980 8895 160 158 885 1347 8745 373 20729 1529 3932 521 260 459 3671 7407 3200 38828 497 19431 6711
internal_value=-0.00106101 0.00182742 0.00808157 0.03195 0.0984479 0.0622079 0.0247133 0.0586399 0.154361 0.302049 0.0285932 0.173984 0.0103274 -0.00616403 0.0248774 0.0163459 0.0824651 -0.0092047 0.0115175 0.0646519 0.0250582 0.118667 0.00184194 -0.00970832 -0.017477 -0.0186901 -0.0496126 -0.000831872 0.00614757 0.0699936 -0.0138926 -0.00735018 -0.0341866 0.00164025 0.00832299 -0.0718569 -0.00741317 -0.0035296
internal_weight=208647 156404 87739 18646 1830 1681 16816 4709 1125 409 3584 400 3184 68665 6126 5882 1213 62539 12107 1865 1705 1046 10242 52243 37645 37272 5006 4669 4453 716 32266 24400 7866 69093 39751 3477 29342 26142
internal_count=208647 156404 87739 18646 1830 1681 16816 4709 1125 409 3584 400 3184 68665 6126 5882 1213 62539 12107 1865 1705 1046 10242 52243 37645 37272 5006 4669 4453 716 32266 24400 7866 69093 39751 3477 29342 26142
is_linear=0
shrinkage=0.03


Tree=128
num_leaves=39
num_cat=0
split_feature=85 98 194 75 194 102 204 201 202 198 199 201 196 198 194 96 197 198 54 201 199 199 75 204 198 130 96 140 184 114 197 95 199 204 183 201 198 36
split_gain=5710.5 5971.16 5225.17 6167.45 4981.05 7112.74 6824.26 6096.17 5275.17 5964.53 5893.58 6049.58 10698.7 9438.45 5055.2 9446.69 7801.82 6347.13 4640.69 11767.1 4511.87 23531.7 4421.81 4136.09 4029.96 4079.78 3835.05 3762.08 3660.15 3614.21 3427.38 3411.85 4756.81 7398.33 5375.58 5832.51 3224.91 3190.47
threshold=20.72500038146973 -13.946000099182127 89.500000000000014 38.748968124389656 45.500000000000007 122.22916793823244 13.000000000000002 637.50000000000011 0.46173103153705602 4.2500000000000009 269.50000000000006 112.50000000000001 41.500000000000007 9.2500000000000018 71.500000000000014 14.130488872528078 983.04998779296886 3.5499999523162846 193.29673767089847 37.500000000000007 76.500000000000014 68.500000000000014 49.26414871215821 13.000000000000002 9.8499999046325701 -7.7749998569488517 16.922577857971195 1.5748871564865115 0.23717040568590167 -632.67202758789051 985.35000610351574 9.2998847961425799 79.500000000000014 19.000000000000004 144.16123199462893 102.50000000000001 3.1499999761581425 155.84558868408206
decision_type=8 2 2 10 2 10 2 2 2 2 2 2 2 2 2 10 2 2 10 2 2 2 8 2 2 10 8 8 10 10 2 8 2 2 10 2 2 10
left_child=4 27 24 -4 6 7 8 14 10 36 28 12 13 -12 15 20 23 -18 22 -20 21 -6 26 -17 25 -3 -16 -2 -1 37 -22 -8 33 -33 35 -35 -10 -7
right_child=1 2 3 -5 5 29 31 -9 9 -11 11 -13 -14 -15 18 16 17 -19 19 -21 30 -23 -24 -25 -26 -27 -28 -29 -30 -31 -32 32 -34 34 -36 -37 -38 -39
leaf_value=0.059679234110277431 0.018501834473073707 0.0053093016661960339 -0.017041736655843152 -0.097296924991789158 0.0034677106845730789 0.0084803284923226328 0.026321518776493854 -0.013892216845617096 0.09215855481816157 0.040454080771130711 0.010603547572813071 0.022449604601579853 0.31408903190496018 0.24878136940920598 0.0043882004791293136 0.031399284037796411 -0.018609635269599616 0.072188312306348035 0.24228128928738554 -0.02044055263072218 -0.0097226637314096458 0.33922133335847621 -0.021913033715341021 -0.021291745647373624 -0.019771436172542466 -0.03174609244812017 -0.030874434526989347 -0.088882861789295331 -0.027719367431439639 -0.0091407587610373223 0.017407177306199541 -0.0063878935199799649 -0.0099940756053087006 0.060699083833718186 -0.031416635654526938 0.26622984579520209 0.23677074104567672 -0.047110596845071295
leaf_weight=506 376 24750 3007 1208 1286 1139 3776 18463 333 1710 768 8781 172 186 43492 3433 800 5175 247 405 13598 220 8076 2200 11568 2998 2965 1340 2919 13406 6058 1065 16425 234 157 265 238 5043
leaf_count=506 376 24750 3007 1208 1286 1139 3776 18463 333 1710 768 8781 172 186 43492 3433 800 5175 247 405 13598 220 8076 2200 11568 2998 2965 1340 2919 13406 6058 1065 16425 234 157 265 238 5043
internal_value=-0.00103044 -0.0104629 -0.00829907 -0.0400428 0.00157923 -0.00127829 0.011172 0.00177966 0.0263295 0.0684876 0.0191166 0.0308445 0.0963103 0.0570431 0.00506942 0.0144027 0.0361508 0.0600312 -0.000472847 0.079089 0.0024731 0.0525174 -0.00142411 0.0108204 -0.00489587 0.00130567 0.00213764 -0.0653531 -0.0148071 -0.0178916 -0.00136119 0.000376736 -0.0050221 0.0424293 0.121682 0.169852 0.152438 -0.0368682
internal_weight=208788 45247 43531 4215 163541 126006 37535 106418 15613 2281 13332 9907 1126 954 87955 32770 11608 5975 55185 652 21162 1506 54533 5633 39316 27748 46457 1716 3425 19588 19656 21922 18146 1721 656 499 571 6182
internal_count=208788 45247 43531 4215 163541 126006 37535 106418 15613 2281 13332 9907 1126 954 87955 32770 11608 5975 55185 652 21162 1506 54533 5633 39316 27748 46457 1716 3425 19588 19656 21922 18146 1721 656 499 571 6182
is_linear=0
shrinkage=0.03


Tree=129
num_leaves=39
num_cat=0
split_feature=205 76 198 198 199 59 76 197 207 207 123 202 207 206 207 202 197 205 96 207 206 152 123 199 36 209 202 77 207 80 206 207 96 202 96 199 206 203
split_gain=5881.53 8539.49 4889.74 8879.88 25769.5 6136 7599.91 5898.44 5807.55 5719.38 16090.7 30433.1 16768.9 9712.76 10859.8 11127.9 8711.9 7376.09 10617.6 5437.38 5787.77 5251.88 4826.62 4582.05 5165.98 4060.78 3899.32 6975.44 10367.7 3716.44 3556.88 3495.51 3048.23 2934.82 4733.72 4550.24 2929.41 2933.13
threshold=-0.68301269412040699 42.456197738647468 11.34999990463257 11.250000000000002 306.50000000000006 0.69046279788017284 14.881601333618166 985.75000000000011 -0.99054482579231251 -0.76694339513778675 7.9624972343444833 0.8140845298767091 -0.77786767482757557 1.0000000180025095e-35 0.98522606492042553 0.2503704726696015 977.45001220703136 0.68301269412040722 14.01442861557007 0.63920241594314586 -0.68301269412040699 8.5000000000000018 -10.848439693450926 318.50000000000006 330.03294372558599 10.500000000000002 -0.8703225553035735 40.319416046142585 -0.37447345256805414 19.337500572204593 1.0000000180025095e-35 -0.86546283960342396 7.46480417251587 -0.86159634590148915 15.257493972778322 271.50000000000006 0.25000000000000011 -0.061046212911605828
decision_type=2 8 2 2 2 8 8 2 2 2 10 2 2 2 2 2 2 2 8 2 2 2 10 2 10 2 2 10 2 2 2 2 10 2 10 2 2 2
left_child=1 26 3 8 -5 6 25 33 32 10 21 12 -12 17 16 -16 -15 22 -19 23 -21 31 -11 24 -9 -4 27 -1 -29 -3 -7 -10 -2 34 -8 -36 -28 -38
right_child=2 29 5 4 -6 30 7 19 9 13 11 -13 -14 14 15 -17 -18 18 -20 20 -22 -23 -24 -25 -26 -27 36 28 -30 -31 -32 -33 -34 -35 35 -37 37 -39
leaf_value=0.011004871594369605 0.0011320739338973086 -0.015743882533650097 -0.030368024680046179 -0.035034913072146068 0.33354083394071321 -0.029555994252785628 -0.010790845179287774 -0.0071399977243497316 -0.00051436523761661933 0.022273098198971983 0.037961785745247417 0.45652209811909866 0.31903107161472855 0.0043563689945345591 0.0052782093957874816 0.09155993614431418 -0.020521822342271397 0.0080357502350048553 0.067107588954852887 0.046112566707145683 0.22061029457891715 0.14963185809902299 -0.0030247483427334244 0.13051259794569794 0.15508530511972812 -0.11400444062757201 -0.012713552100076563 0.25873098813041001 0.024431337540792658 -0.042716339071355615 -0.10236112160654694 0.025435159080058632 -0.048004148993608012 -0.016324015175172731 -0.088830612545142518 0.060478501383164095 -0.010618554358111931 0.029452789730727243
leaf_weight=6272 1865 18983 2289 435 281 1980 3381 2353 15397 10059 2629 184 206 21069 4608 1900 31772 6312 4837 473 268 236 20871 292 191 677 13522 265 474 6067 869 6707 2908 9313 203 1931 2965 3690
leaf_count=6272 1865 18983 2289 435 281 1980 3381 2353 15397 10059 2629 184 206 21069 4608 1900 31772 6312 4837 473 268 236 20871 292 191 677 13522 265 474 6067 869 6707 2908 9313 203 1931 2965 3690
internal_value=-0.000923748 -0.00963997 0.0019857 0.00425483 0.109618 -0.010407 -0.00489368 0.00228807 0.0036814 0.00490437 0.0176474 0.0826531 0.0583863 0.00171836 -0.00609862 0.0304682 -0.0106023 0.0127436 0.0336642 0.0368663 0.109226 0.00886252 0.00520256 0.0179594 0.00504003 -0.0494588 0.00200287 0.0212766 0.108452 -0.0222765 -0.0517634 0.00735947 -0.0288046 -0.00605334 0.0112903 0.0462747 -0.00469424 0.0115998
internal_weight=208734 52238 156496 132276 716 24220 21371 18405 131560 126787 25359 3019 2835 101428 59349 6508 52841 42079 11149 3577 741 22340 30930 2836 2544 2966 27188 7011 739 25050 2849 22104 4773 14828 5515 2134 20177 6655
internal_count=208734 52238 156496 132276 716 24220 21371 18405 131560 126787 25359 3019 2835 101428 59349 6508 52841 42079 11149 3577 741 22340 30930 2836 2544 2966 27188 7011 739 25050 2849 22104 4773 14828 5515 2134 20177 6655
is_linear=0
shrinkage=0.03


Tree=130
num_leaves=39
num_cat=0
split_feature=94 194 201 194 207 207 208 208 76 132 205 207 207 194 207 205 208 55 201 96 76 194 198 16 40 201 59 194 201 207 141 198 77 188 189 96 208 15
split_gain=6021.37 7601.52 6722.53 6899.05 9595.36 9249.11 8768.75 16166.1 19269 11526 7524.76 9726.83 6592.07 7318.46 6724.81 6233.45 6121.96 5632.17 5294.34 11404.3 6487.36 8588.89 6321.96 5291.93 5103.17 5074.47 5811.32 6885.09 5798.65 5779.15 5431.41 4712.38 4494.83 4830.1 4467.58 4456.08 4328.6 4714.94
threshold=21.407724380493168 45.500000000000007 342.50000000000006 76.500000000000014 0.99995782971382152 0.99168354272842418 0.25829915702342993 0.43540433049201971 7.9195461273193368 -26.164659500122067 0.68301269412040722 0.98049071431159984 0.99168354272842418 12.500000000000002 -0.64578425884246815 -1.0000000180025095e-35 0.10623887926340105 78.011730194091811 47.500000000000007 9.2585487365722674 13.902046680450441 99.500000000000014 12.050000190734865 46.276523590087898 175.07500457763675 112.50000000000001 0.24110384285449984 23.500000000000004 27.500000000000004 0.98213580250740062 2.5655558109283452 7.7500000000000009 77.443691253662124 3.4216496944427495 71.991428375244155 17.444895744323734 -0.16799793392419812 142.19322204589847
decision_type=8 2 2 2 2 2 2 2 8 10 2 2 2 2 2 2 2 10 2 8 8 2 2 8 10 2 8 2 2 2 10 2 8 10 10 8 2 10
left_child=1 15 3 4 6 18 10 8 -8 -9 23 -12 14 -14 32 -1 -15 -16 20 22 21 -5 -20 -3 -21 26 27 -17 -28 30 -27 -31 33 -2 35 -30 -19 -38
right_child=12 2 -4 5 -6 -7 7 9 -10 -11 11 -13 13 16 17 25 -18 36 19 24 -22 -23 -24 -25 -26 29 28 -29 34 31 -32 -33 -34 -35 -36 -37 37 -39
leaf_value=0.0026938694183933796 -0.0047770199102483823 -0.0027355692201308968 -0.012229474186093769 0.0736964269672368 0.21210704286076731 -0.090599507673855245 0.35294833103627055 0.013997782410025594 0.054016719735034066 -0.071872454505136338 -0.0064148679415724236 0.073107158136708136 -0.077072039837276382 0.018515035743661944 -0.024349458549709574 0.13741475604967343 0.13569663332341286 0.019705038685303402 0.0020878627702000277 -0.031849077247487478 0.002438806822089678 -0.10441276779023219 0.16362788479637061 -0.042476770885148424 0.1017070401697195 0.035695818032846806 -0.047653500018986376 -0.071909652123051823 0.20654146019351269 -0.076774344487872404 -0.033668253432758526 0.010404923212260185 0.13655624848376854 0.16548293318048388 -0.02630025993607614 0.082752998054829399 -0.1657139744393373 -0.064409534859676612
leaf_weight=23724 4603 6739 43060 2339 211 1123 201 21562 5622 1505 4171 2072 648 3637 11505 210 451 390 24345 14914 10784 272 220 5458 262 10660 192 433 586 890 1123 1496 230 155 145 473 542 1744
leaf_count=23724 4603 6739 43060 2339 211 1123 201 21562 5622 1505 4171 2072 648 3637 11505 210 451 390 24345 14914 10784 272 220 5458 262 10660 192 433 586 890 1123 1496 230 155 145 473 542 1744
internal_value=-0.000930783 0.00090201 -0.00229259 0.00191058 0.010254 -0.0053998 0.00935407 0.0196705 0.0643359 0.00839516 -0.00680866 0.0199778 -0.0150988 0.0165955 -0.0229294 0.0124909 0.0314432 -0.0334677 -0.00359913 -0.00909688 0.0127119 0.0551415 0.00353467 -0.0205193 -0.0295433 0.0268311 0.071081 -0.00354393 0.105454 0.0204632 0.0290849 -0.0221138 0.00703125 0.000769723 0.12987 0.151253 -0.0726695 -0.0884291
internal_weight=208697 184792 144860 101800 47541 54259 47330 28890 5823 23067 18440 6243 23905 4736 19169 39932 4088 14181 53136 39741 13395 2611 24565 12197 15176 16208 2039 643 1396 14169 11783 2386 4988 4758 1204 1059 2676 2286
internal_count=208697 184792 144860 101800 47541 54259 47330 28890 5823 23067 18440 6243 23905 4736 19169 39932 4088 14181 53136 39741 13395 2611 24565 12197 15176 16208 2039 643 1396 14169 11783 2386 4988 4758 1204 1059 2676 2286
is_linear=0
shrinkage=0.03


Tree=131
num_leaves=39
num_cat=0
split_feature=97 205 194 190 190 201 199 205 132 202 199 193 97 95 94 204 193 203 207 193 200 207 199 190 194 201 155 74 194 54 207 65 199 203 202 200 99 191
split_gain=5285.03 5267.67 10258.4 13037.4 8846 10627.9 7378.33 6244.49 12220.8 5908.56 5858.34 5733.23 5702.59 6269.89 5671.69 5266.75 4976.18 4694.37 10954.4 6752.52 4502.8 7028.88 6774.53 3778.38 3718.37 3644.09 10229.6 5827.91 6800.2 5294.78 4293.97 3831.77 4575.35 3269.78 3072.04 2949.2 4914.45 2839.54
threshold=20.592308044433597 -0.68301269412040699 62.500000000000007 0.022878288291394714 0.57400068640708934 997.50000000000011 352.50000000000006 0.68301269412040722 -24.881605148315426 -0.9366365075111388 79.500000000000014 21.349999427795414 5.0222795009613046 28.964996337890629 14.507158279418947 19.000000000000004 22.44999980926514 0.28400452435016638 -0.76694339513778675 32.850000381469734 5.0499999523162851 0.97112539410591137 26.500000000000004 0.45346960425376898 76.500000000000014 47.500000000000007 271.63999938964849 2.1038151979446416 92.500000000000014 193.29673767089847 0.99983760714530956 5.8835000991821298 293.50000000000006 0.18222858756780627 -0.85260769724845875 12.050000190734865 0.59960031509399425 17.104972839355472
decision_type=2 2 2 8 10 2 2 2 10 2 2 2 2 8 8 2 2 2 2 2 2 2 2 8 2 2 2 8 2 10 2 10 2 2 2 2 2 8
left_child=1 14 3 -3 5 6 10 20 9 -9 -5 -7 25 24 34 -16 -13 -17 -19 23 21 -6 -22 -20 37 26 27 28 -4 -29 31 32 -27 -15 35 -1 -37 -14
right_child=-2 2 12 4 7 11 -8 8 -10 -11 -12 16 13 33 15 17 -18 18 19 -21 22 -23 -24 -25 -26 30 -28 29 -30 -31 -32 -33 -34 -35 -36 36 -38 -39
leaf_value=-0.016058940526199696 -0.049101555027674125 0.23130098564303839 0.28179778278173279 0.08428486165701915 0.046298894323334693 -0.084681243773356285 0.2397210257030247 -0.032987817715610601 0.24873207821914867 0.047774789869593687 0.02734048613433486 0.16086472582160985 -0.04609460953620656 0.20392093753599019 -0.034199901928405371 -0.030401569506001192 -0.0018186885073418417 0.21169154555098593 -0.075481716474781954 0.14508740195491776 -0.11999755044897102 -0.087095318162016697 -0.0071316109379881672 0.012079029291060167 -0.049337497271689595 -0.0078549056300604887 0.26188118625376866 0.0029338399041329102 0.011135068997730048 0.098506344990980862 0.12875637463430586 -0.001385342087922877 -0.04493642654876643 0.020163627863510874 -0.0072183531234478364 0.019008874074517668 0.19093422143919142 0.0049363340681723841
leaf_weight=2354 2037 242 151 1771 2718 757 155 1196 227 2561 19857 173 1440 150 11764 2412 7726 260 565 293 488 409 24893 2063 4745 9994 145 15391 187 540 216 51146 4276 208 25193 6790 153 3081
leaf_count=2354 2037 242 151 1771 2718 757 155 1196 227 2561 19857 173 1440 150 11764 2412 7726 260 565 293 488 409 24893 2063 4745 9994 145 15391 187 540 216 51146 4276 208 25193 6790 153 3081
internal_value=-0.00101553 -0.000541617 0.0022297 0.0115314 0.0106863 0.022307 0.0334816 -0.000200255 0.0349805 0.0220648 0.0320034 -0.00581383 -0.00418043 -0.0260276 -0.00881828 -0.0228053 0.00174446 0.00116148 0.0250944 0.00848448 -0.00511679 0.0288511 -0.00930174 -0.00674592 -0.0307872 -0.00161776 0.0110249 0.0087889 0.132058 0.00617346 -0.00477957 -0.00522053 -0.0189664 0.0971613 -0.00177934 0.0129592 0.0227978 -0.0113177
internal_weight=208727 206690 154843 63173 62931 30439 21783 32492 3984 3757 21628 8656 91670 9624 51847 17357 7899 5593 3181 2921 28508 3127 25381 2628 9266 82046 16414 16269 338 15931 65632 65416 14270 358 34490 9297 6943 4521
internal_count=208727 206690 154843 63173 62931 30439 21783 32492 3984 3757 21628 8656 91670 9624 51847 17357 7899 5593 3181 2921 28508 3127 25381 2628 9266 82046 16414 16269 338 15931 65632 65416 14270 358 34490 9297 6943 4521
is_linear=0
shrinkage=0.03


Tree=132
num_leaves=39
num_cat=0
split_feature=92 207 79 59 207 202 96 208 202 198 208 123 157 97 155 198 208 207 96 94 208 202 198 202 87 207 199 207 208 208 199 76 15 207 208 59 198 15
split_gain=5361.44 5110.61 4915.17 5781.81 5271.3 11995.9 5252.83 7257.02 4951.7 4883.52 6154.7 6253 6668.6 6025.9 6061.78 6978.91 5777.8 51573 5441.89 5014.99 4634.75 4357.2 6489.36 4159.14 4113.29 4112.78 3945.26 5272.54 3849.11 3972.01 4275.65 3894.51 3683.2 3577.07 8468.35 3541.03 3427.03 3275.32
threshold=16.612500190734867 -0.99630266427993763 1.9598737359046938 0.35812073945999151 0.98802474141120922 -0.026175950653851029 18.427560806274418 0.80798786878585827 -0.99535831809043873 12.750000000000002 -0.93845868110656727 2.7780315876007085 27.605000495910648 12.304234981536867 262.64500427246099 8.9499998092651385 0.31595529615879064 -0.9413962960243224 8.2793688774108904 3.0268260240554814 1.0000000180025095e-35 0.94260558485984813 5.8500001430511483 0.74892720580101024 11.012499809265138 0.67167991399765026 270.50000000000006 0.90892735123634349 0.94636487960815441 -0.44505782425403589 231.50000000000003 39.608819961547859 63.216842651367195 -0.76694339513778675 0.59696555137634288 0.69046279788017284 3.2500000000000004 197.52371978759768
decision_type=10 2 8 10 2 2 10 2 2 2 2 10 2 2 2 2 2 2 8 8 2 2 2 2 8 2 2 2 2 2 2 10 10 2 2 8 2 10
left_child=1 20 3 4 6 8 33 26 -6 10 18 13 16 14 19 -16 25 -18 -3 -12 -1 22 -7 37 -5 -13 27 -8 29 -26 31 -31 -14 34 -2 -11 -28 -9
right_child=2 9 -4 24 5 21 7 23 -10 35 11 12 32 -15 15 -17 17 -19 -20 -21 -22 -23 -24 -25 28 -27 36 -29 -30 30 -32 -33 -34 -35 -36 -37 -38 -39
leaf_value=-0.0027555546642250919 0.012129034208048546 -0.00372788715873142 0.13378229701045194 0.0053070842651396942 0.12797272868726378 0.24831263896961719 -0.0033112857562512493 0.027349097657614934 -0.012242163487668666 -0.0075299051898400767 0.050032138374702079 0.0020570203594655963 0.027194192153324373 -0.038843620674194577 0.038911298440816915 0.23935661524551038 0.45393500617066013 0.033968656044681904 -0.044097477770874915 0.0016236365277185823 -0.063288322080177026 0.0092497407834383292 0.013328931019627042 0.070786643139211111 -0.080167931318269034 0.035683220063533576 -0.056469947282561127 -0.066190096867155115 -0.10746118903914088 0.087561058817318849 -0.036362276577626106 -0.0081786818988838286 -0.0055773095996291214 0.0014375490548339531 0.1917597114037734 -0.047325648332747758 0.018205618125578148 -0.11030785810459509
leaf_weight=2543 982 12988 210 3077 253 391 2787 176 2178 15047 1969 7223 4127 3125 882 190 275 6113 3910 88299 2061 167 145 151 1256 5987 640 2108 601 441 7490 2877 12243 7753 311 2323 4073 1339
leaf_count=2543 982 12988 210 3077 253 391 2787 176 2178 15047 1969 7223 4127 3125 882 190 275 6113 3910 88299 2061 167 145 151 1256 5987 640 2108 601 441 7490 2877 12243 7753 311 2323 4073 1339
internal_value=-0.000998458 0.00132126 -0.010965 -0.0117405 -0.00230089 0.0339137 -0.00788638 -0.0215494 0.00235061 0.00219271 0.00396646 0.00617346 0.0168185 0.00212029 0.00352179 0.0744401 0.0286244 0.0520487 -0.013069 0.00267957 -0.0298535 0.143058 0.184746 -0.0793509 -0.0258046 0.017297 -0.0115266 -0.0303898 -0.0333633 -0.0296718 -0.0238035 0.00454631 0.00268462 0.00914171 0.0553362 -0.0128521 0.0080649 -0.0943157
internal_weight=208711 169305 39406 39196 23454 3134 20320 11274 2431 164701 147331 130433 35968 94465 91340 1072 19598 6388 16898 90268 4604 703 536 1666 15742 13210 9608 4895 12665 12064 10808 3318 16370 9046 1293 17370 4713 1515
internal_count=208711 169305 39406 39196 23454 3134 20320 11274 2431 164701 147331 130433 35968 94465 91340 1072 19598 6388 16898 90268 4604 703 536 1666 15742 13210 9608 4895 12665 12064 10808 3318 16370 9046 1293 17370 4713 1515
is_linear=0
shrinkage=0.03


Tree=133
num_leaves=39
num_cat=0
split_feature=85 193 207 208 95 98 205 207 200 205 193 199 76 59 94 208 207 207 208 67 208 95 77 202 208 183 53 56 51 204 32 85 3 203 56 204 123 102
split_gain=5540.01 5492.25 5452.15 4826.28 4984.89 4796.64 4319.06 4561.48 7207.9 5931.22 12502.9 7437.04 5372.81 5149.15 4285.58 4121.59 17214.8 21529.4 5763.99 4227.37 4018.7 3961.64 3875.43 3391.57 3385.41 3205.56 3166.09 2989.7 2717.55 2690.7 2612.8 2605.51 2386.87 2373.06 2184.38 2080.94 1879.01 1823.82
threshold=21.912499427795414 9.3499999046325701 -0.99763298034667958 -0.93845868110656727 4.2298483848571786 -16.687499999999996 -0.68301269412040699 0.91248813271522533 12.949999809265138 0.68301269412040722 22.349999427795414 273.50000000000006 54.440425872802741 0.67717492580413829 13.671422004699709 0.8930937945842744 -0.37447345256805414 -0.39036798477172846 0.86004966497421276 3.2875000238418584 1.0000000180025095e-35 8.0554876327514666 0.76134908199310314 -0.66259482502937306 0.94066718220710765 73.758003234863295 4.2729167938232431 85.906719207763686 89.437500000000014 19.000000000000004 254.25000000000003 30.349999427795414 78.125000000000014 -0.35019405186176294 100.35817718505861 11.000000000000002 11.05655097961426 57.204166412353523
decision_type=8 2 2 2 8 2 2 2 2 2 2 2 10 8 8 2 2 2 2 8 2 8 10 2 2 8 8 10 8 2 8 10 10 2 8 2 8 10
left_child=2 30 20 21 37 28 14 8 12 10 -9 -11 -8 -10 -6 18 17 -17 19 31 36 33 -21 32 -25 -16 -24 -26 -3 -27 -2 -7 -18 -4 -20 -30 -1 -5
right_child=1 5 3 4 6 15 7 9 13 11 -12 -13 -14 -15 25 16 23 -19 34 22 -22 -23 26 24 27 29 -28 -29 35 -31 -32 -33 -34 -35 -36 -37 -38 -39
leaf_value=-0.03231685503533991 -0.13937539995555392 -0.037231367969621343 -0.017589448976794989 0.010827727772910044 0.0020082286140095194 0.080012003355849431 0.0085366093515886719 -0.041798788844953902 -0.0025121651346608309 0.0083175191277831545 0.022042618927967477 0.067136037102513521 0.045202229882937678 -0.041838547968886343 -0.045815540902900881 0.049288782996114805 -0.1101169133392596 0.43669077019772634 -0.060780055493520224 0.11093439162623918 -0.07270237658565927 -0.043401572624177293 -0.091613013925273892 0.12464830416428375 0.02748171395861863 -0.022466041431887514 -0.010518575242754621 -0.077312674985779734 -0.22663007431476806 0.010793432682229985 -0.042048713934997282 -0.012122287467709375 -0.018343202212831061 0.0070920588734807756 -0.17583423514060775 -0.075816062355742522 0.031231593347094494 0.052216275338673158
leaf_weight=997 392 551 7413 1529 22641 763 35375 3594 40797 3665 11910 4098 4004 3234 3177 417 326 187 496 234 1510 3096 439 253 1198 6412 33301 308 154 3324 677 433 1172 6652 212 177 722 2567
leaf_count=997 392 551 7413 1529 22641 763 35375 3594 40797 3665 11910 4098 4004 3234 3177 417 326 187 496 234 1510 3096 439 253 1198 6412 33301 308 154 3324 677 433 1172 6652 212 177 722 2567
internal_value=-0.000836131 -0.0106174 0.00160981 0.00237225 0.00413746 -0.00885094 0.00319779 0.00621585 0.00293942 0.0179615 0.00724343 0.0393672 0.0122647 -0.00540064 -0.00585764 -0.0073151 0.0221365 0.169235 -0.0104845 -0.00877843 -0.0369934 -0.0126791 -0.0107299 -0.00514277 0.0231082 -0.0196493 -0.0115738 0.00604906 -0.0780478 -0.0111108 -0.0777395 0.0466555 -0.0383161 -0.00591638 -0.0952337 -0.145989 -0.00562552 0.0367665
internal_weight=208407 41690 166717 163488 146327 40621 142231 106677 83410 23267 15504 7763 39379 44031 35554 39739 3861 604 35878 35170 3229 17161 33974 3257 1759 12913 33740 1506 882 9736 1069 1196 1498 14065 708 331 1719 4096
internal_count=208407 41690 166717 163488 146327 40621 142231 106677 83410 23267 15504 7763 39379 44031 35554 39739 3861 604 35878 35170 3229 17161 33974 3257 1759 12913 33740 1506 882 9736 1069 1196 1498 14065 708 331 1719 4096
is_linear=0
shrinkage=0.03


Tree=134
num_leaves=39
num_cat=0
split_feature=92 207 198 209 196 93 207 201 75 161 55 114 55 200 201 55 207 99 181 207 199 204 204 75 199 90 204 57 207 207 200 20 207 43 96 87 41 193
split_gain=5085.95 4660.16 4367.44 4206.91 4084.88 9064.69 21766.1 6160.61 48843.2 38384.9 13277.4 4864.52 12133.4 22558.8 45749.8 6391.12 5700.83 5036.43 4633.26 4538.35 10608.8 6115.69 4465.17 4238.39 5382.5 4068.84 3771.31 3336.37 3651.71 4264.28 4206.9 3197.27 3022.21 2742.08 2738.55 2634.07 2472.22 2610.13
threshold=16.612500190734867 -0.99630266427993763 12.949999809265138 9.5000000000000018 1.0000000180025095e-35 0.88041669130325328 -0.39036798477172846 32.500000000000007 8.2136101722717303 522.27999877929699 20.141248703002933 129.36573791503909 65.03531646728517 9.8499999046325701 87.500000000000014 20.903341293334964 0.99995782971382152 0.46963338553905493 56.000000000000007 0.98522606492042553 163.50000000000003 7.0000000000000009 15.000000000000002 19.824440956115726 79.500000000000014 17.862500190734867 7.0000000000000009 32.220001220703132 -0.59869033098220814 -0.50556187331676472 7.7500000000000009 48.250000000000007 -0.55657517910003651 49.287500381469734 18.609923362731937 5.7124998569488534 148.29999542236331 18.050000190734867
decision_type=10 2 2 2 2 8 2 2 8 2 8 8 8 2 2 10 2 2 2 2 2 2 2 10 2 8 2 10 2 2 2 8 2 8 10 8 10 2
left_child=1 3 4 -1 5 6 -3 8 9 -7 -10 12 15 22 -15 18 -17 23 -6 21 -21 -9 -14 24 -13 -2 33 28 -27 30 32 -31 -30 -19 -25 -33 37 -29
right_child=25 2 -4 -5 11 7 -8 19 10 -11 -12 17 13 14 -16 16 -18 26 -20 20 -22 -23 -24 34 -26 27 -28 36 29 31 -32 35 -34 -35 -36 -37 -38 -39
leaf_value=-0.0024719209399267912 0.00088202043396591937 -0.074817238134424979 -0.012493135925957837 -0.060436822720668332 -0.007513151030240554 0.126990765308405 0.43895682227277721 -0.012170205684838797 0.29990460115735479 0.75183834221676149 0.010543337399856903 0.041914988237400481 0.051905848997654831 0.69267526366284771 0.043716245031915749 0.00035844650193256469 0.1419809531971464 -0.1720423731881901 0.06427316936753466 0.15141584299558752 0.011037229421803471 0.011872089886383021 -0.099242702550033868 -0.019860186669414411 -0.0024854488904313692 0.012729695686121053 -0.025567788613481548 -0.1268296129088152 -0.037793259071616049 -0.099372061165323669 -0.084974793201632787 0.094305790236151113 0.12304776991568073 -0.053413508565592578 0.022481936809894527 -0.013772985475294356 0.052827208257390998 -0.043665228946768435
leaf_weight=2513 16483 152 16211 2043 1184 227 145 14896 146 145 6328 2935 605 152 274 54784 257 331 2556 627 2132 26395 248 15554 15096 3693 1563 395 303 389 1547 206 161 373 1508 13664 204 2424
leaf_count=2513 16483 152 16211 2043 1184 227 145 14896 146 145 6328 2935 605 152 274 54784 257 331 2556 627 2132 26395 248 15554 15096 3693 1563 395 303 389 1547 206 161 373 1508 13664 204 2424
internal_value=-0.00079445 0.00146544 0.00229276 -0.0284647 0.00390564 0.0107669 0.17602 0.0098025 0.0362781 0.370561 0.0170694 0.000300152 0.00558738 0.096999 0.275281 0.00359836 0.00101975 -0.00819959 0.0415472 0.0056878 0.0429397 0.00319866 0.00796007 -0.00539998 0.00474184 -0.0104927 -0.051537 -0.0186494 -0.0142017 -0.0203147 -0.0612114 -0.0145468 0.0180163 -0.109191 -0.0161178 -0.0121677 -0.0480205 -0.0553188
internal_weight=208849 169380 164824 4556 148613 51193 297 50896 6846 372 6474 97420 60060 1279 426 58781 55041 37360 3740 44050 2759 41291 853 35093 18031 39469 2267 22986 19963 16270 2011 14259 464 704 17062 13870 3023 2819
internal_count=208849 169380 164824 4556 148613 51193 297 50896 6846 372 6474 97420 60060 1279 426 58781 55041 37360 3740 44050 2759 41291 853 35093 18031 39469 2267 22986 19963 16270 2011 14259 464 704 17062 13870 3023 2819
is_linear=0
shrinkage=0.03


Tree=135
num_leaves=39
num_cat=0
split_feature=85 193 207 208 16 87 98 36 95 207 56 207 105 120 147 95 208 207 207 208 161 199 208 208 37 197 66 32 51 76 193 208 123 207 79 204 76 25
split_gain=5000.34 5123.97 4996.57 4802.98 4911.75 6583.08 4795.69 4424.02 6109.75 6519.82 5634.71 9472.07 5212.82 5039.77 3770.83 4627.97 4428.93 13778.1 20179.6 6121.48 3671.39 3457.81 3416.81 3376.07 3249.8 3219.7 3159.03 3041.61 2852.95 2782.23 2946.92 2724.08 2265.63 2605.08 2175.9 2164.16 2001.34 1960.38
threshold=19.812500000000004 8.9499998092651385 -0.99763298034667958 -0.93845868110656727 21.751620292663578 3.8624999523162846 -13.946000099182127 245.88336181640628 5.8936991691589364 -0.39036798477172846 44.119441986083991 -0.95754238963127125 68.47485733032228 23.156250000000004 0.26722820103168493 35.72210884094239 0.8930937945842744 -0.37447345256805414 -0.39036798477172846 0.78192543983459484 30.625000000000004 157.50000000000003 -1.0000000180025095e-35 0.91511079668998729 60.967807769775398 985.35000610351574 4.7875001430511483 254.25000000000003 149.72499847412112 61.94366645812989 16.550000190734867 0.45082531869411474 -0.095089506357908235 -0.88622298836708058 1.2982957959175112 7.0000000000000009 23.043278694152836 292.00000000000006
decision_type=8 2 2 2 10 8 2 8 8 2 8 2 8 8 2 8 2 2 2 2 2 2 2 2 10 2 8 8 10 10 2 2 8 2 10 2 8 10
left_child=2 27 22 20 -5 23 24 10 9 -9 13 -12 -10 -7 15 16 19 18 -18 26 36 -21 -1 -6 35 -17 -8 -2 29 32 -31 -32 33 -16 -34 -3 -4 -19
right_child=1 6 3 4 5 7 14 8 12 -11 11 -13 -14 -15 28 25 17 37 -20 21 -22 -23 -24 -25 -26 -27 -28 -29 -30 30 31 -33 34 -35 -36 -37 -38 -39
leaf_value=-0.0060258083761797311 -0.15555174063316943 -0.20285446681603111 0.021884712749419437 -0.020537940550923374 0.035176514553529943 0.017216595892459389 0.034456705595981831 0.0059531589833262183 -0.027887798922011996 0.26049635517505731 -0.05695726550005753 0.023965684282839558 0.0001584102368916083 -0.0018250028860917493 0.030180852874431011 0.041035519295176612 0.049883819691878654 -0.010759899915637762 0.42572171237042961 0.021182732138640383 -0.044658105010591254 -0.07362872099084096 -0.067867093421924596 0.15745788454861739 -0.027791828002032306 0.19888283159128642 -0.0047105540777988425 -0.039028211325946409 -0.13551791472688332 -0.13025076712642655 -0.042846433862797191 0.059896103053422294 -0.0080358221089314903 -0.064130844155474875 0.059130335446071464 -0.076624659276027865 -0.010853195117113761 0.064489002503589493
leaf_weight=1706 316 174 1941 6771 4416 16993 2004 207 7480 161 1374 24770 29436 47415 336 457 450 2129 180 434 2685 1711 1521 213 1188 156 24647 557 187 313 2411 257 8656 1223 457 411 12526 365
leaf_count=1706 316 174 1941 6771 4416 16993 2004 207 7480 161 1374 24770 29436 47415 336 457 450 2129 180 434 2685 1711 1521 213 1188 156 24647 557 187 313 2411 257 8656 1223 457 411 12526 365
internal_value=-0.000797203 -0.00917796 0.00177659 0.00253905 0.00438431 0.00565823 -0.00787186 0.00438559 -0.00431183 0.117321 0.00796668 0.0197127 -0.00552437 0.00319881 -0.0060205 -0.000440754 -0.0020088 0.0319185 0.157271 -0.00568951 -0.0124403 -0.0544452 -0.035174 0.0408036 -0.056294 0.0812085 -0.00176538 -0.0812079 -0.0191365 -0.0175423 -0.0431663 -0.0329492 -0.0103848 -0.0438042 -0.00466746 -0.114173 -0.0064608 0.000252915
internal_weight=208634 49019 159615 156388 139236 132465 48146 127836 37284 368 90552 26144 36916 64408 46373 32533 31920 3124 630 28796 17152 2145 3227 4629 1773 613 26651 873 13840 13653 2981 2668 10672 1559 9113 585 14467 2494
internal_count=208634 49019 159615 156388 139236 132465 48146 127836 37284 368 90552 26144 36916 64408 46373 32533 31920 3124 630 28796 17152 2145 3227 4629 1773 613 26651 873 13840 13653 2981 2668 10672 1559 9113 585 14467 2494
is_linear=0
shrinkage=0.03


Tree=136
num_leaves=39
num_cat=0
split_feature=80 40 96 77 192 204 202 202 203 203 76 166 208 204 16 204 202 207 207 96 114 105 16 184 200 96 209 207 200 208 207 129 197 203 207 188 207 207
split_gain=4718.43 8030.74 5818.89 5392.43 5026.92 4102.74 7388.21 17672.9 7883.25 38466.2 7409.07 7920.37 4553.21 4011.06 3848.45 3845.06 5324.19 4781.41 3646.02 16666.1 6907.91 6432.77 6493.43 6134.11 5496.06 5202.59 7886.63 13490.7 5838.69 5789.02 5258.87 3769.95 3487.95 3473.33 3469.33 6473.18 3912.48 3342.14
threshold=19.487500190734867 175.07500457763675 23.158388137817386 77.443691253662124 0.51407682895660411 21.000000000000004 -0.99535831809043873 -0.99901017546653736 0.23343648016452792 0.26722820103168493 7.9195461273193368 10.500000000000002 0.96177148818969738 13.000000000000002 35.578844070434577 7.0000000000000009 0.44618082046508795 0.98932364583015453 0.67167991399765026 11.107494831085207 -656.75030517578114 7.503484010696412 87.18860244750978 0.50281518697738659 18.849999427795414 8.7824015617370623 11.500000000000002 -0.37447345256805414 8.5500001907348651 0.65720760822296154 -0.7386675477027892 66.770835876464858 980.45001220703136 -0.74892720580101002 -0.64578425884246815 3.723748087882996 -0.7386675477027892 0.71503382921218883
decision_type=2 10 10 8 8 2 2 2 2 2 8 2 2 2 8 2 2 2 2 8 8 10 8 10 2 8 2 2 2 2 2 10 2 2 2 10 2 2
left_child=2 3 5 4 -2 18 7 -7 -8 -10 11 -11 -12 14 -6 17 -17 -16 20 24 -1 22 23 -21 37 26 31 -28 29 -27 -30 -22 -4 -24 35 36 -15 -20
right_child=1 -3 32 -5 13 6 8 -9 9 10 12 -13 -14 34 15 16 -18 -19 19 21 25 -23 33 -25 -26 28 27 -29 30 -31 -32 -33 -34 -35 -36 -37 -38 -39
leaf_value=-0.043610561719317049 -0.04774249072781582 0.11618777047827145 0.010037630049997342 0.13286092635033828 0.11107384909702048 -0.0031637214826316013 -0.0088852954671067574 0.37423216380190388 0.39256056418237051 0.029522242912464743 0.0034903491654475509 0.32530017524162719 0.08912870749713922 -0.038699944233579621 -0.025287776842799987 -0.00086640259919646973 0.058963016273041603 0.031983844867228932 0.12741736219969402 -0.015817849747000616 -0.0058951504527459233 -0.040865851248865451 0.18999808225552126 0.011006571943539776 -0.0034680480602162778 -0.024162881442092846 0.17666767737085082 0.0036635562228974137 0.00083608965600609974 0.019842195144642985 -0.022193051142248267 0.0094066223090712043 0.083000256994945038 0.04049416365779783 -0.032747359917406904 0.16479921698021052 0.037367746402155892 0.061201158252683401
leaf_weight=3761 3566 438 1137 226 274 315 7493 173 262 186 5003 145 629 1481 7480 5300 1791 1591 936 12871 28352 3145 148 18996 921 3685 637 1117 13224 9970 27448 29640 1225 2540 8742 213 1033 2569
leaf_count=3761 3566 438 1137 226 274 315 7493 173 262 186 5003 145 629 1481 7480 5300 1791 1591 936 12871 28352 3145 148 18996 921 3685 637 1117 13224 9970 27448 29640 1225 2540 8742 213 1033 2569
internal_value=-0.0008172 -0.0113906 0.00110757 -0.0131536 -0.0142022 0.00047327 0.0159239 0.13063 0.0118433 0.0367942 0.021162 0.159099 0.0130549 -0.00991601 -0.000414869 -0.00230506 0.0142449 -0.0152426 -0.000898895 0.00667614 -0.003607 0.000210685 0.00394926 0.000172243 0.0617477 -0.00228807 0.00382125 0.0664943 -0.00900679 0.00796675 -0.0147054 0.00192566 0.0478785 0.0487266 -0.0235319 0.00601026 -0.00744363 0.0788844
internal_weight=208663 32135 176528 31697 31471 174166 14206 488 13718 6225 5963 331 5632 27905 16436 16162 7091 9071 159960 42126 117834 37700 34555 31867 4426 114073 59746 1754 54327 13655 40672 57992 2362 2688 11469 2727 2514 3505
internal_count=208663 32135 176528 31697 31471 174166 14206 488 13718 6225 5963 331 5632 27905 16436 16162 7091 9071 159960 42126 117834 37700 34555 31867 4426 114073 59746 1754 54327 13655 40672 57992 2362 2688 11469 2727 2514 3505
is_linear=0
shrinkage=0.03


Tree=137
num_leaves=39
num_cat=0
split_feature=94 96 207 207 205 207 55 200 57 181 188 77 15 95 207 200 55 202 164 207 207 95 95 207 202 193 59 207 94 207 193 200 123 207 207 188 157 202
split_gain=4904.73 5060.57 4746.28 5470.06 5562.57 5018.81 4804.1 4448.18 4307.28 6158.46 4116.1 3993.36 3945.15 10083.9 15234.4 8055.57 6552.36 6927.4 6412.6 6462.84 11806.8 22300.9 7675.75 6337.19 8632.59 6287.42 6230.55 5830.73 5549.58 5174.11 5793.14 4760.94 4345.16 3932.52 5646.4 5270.72 3779.77 3371.74
threshold=21.569950103759769 22.54313945770264 0.99168354272842418 0.99274429678916942 0.68301269412040722 -0.64578425884246815 78.011730194091811 7.6499998569488534 57.745483398437507 150.00000000000003 3.4216496944427495 77.443691253662124 184.3379821777344 6.644658327102662 -0.39036798477172846 8.5500001907348651 71.052627563476577 0.93038213253021251 12.500000000000002 -0.95754238963127125 -0.8940606117248534 7.7254891395568857 5.5905079841613778 0.98932364583015453 0.35019405186176306 20.94999980926514 0.65821108222007763 0.99995782971382152 13.865175724029543 0.9837264120578767 21.050000190734867 4.2500000000000009 0.92330953478813182 -0.7386675477027892 -0.76694339513778675 0.28449562191963201 13.189999580383303 -0.97988739609718312
decision_type=8 10 2 2 2 2 10 2 8 2 10 8 8 8 2 2 8 2 2 2 2 10 10 2 2 2 10 2 10 2 2 2 8 2 2 10 2 2
left_child=1 8 5 -4 7 10 -7 -5 12 -10 11 33 18 14 -14 25 17 -17 23 22 21 -21 -20 29 36 -15 -22 -26 -18 32 -31 -27 -1 34 -2 -36 -25 -6
right_child=2 -3 3 4 37 6 -8 -9 9 -11 -12 -13 13 15 -16 16 28 -19 19 20 26 -23 -24 24 27 31 -28 -29 -30 30 -32 -33 -34 -35 35 -37 -38 -39
leaf_value=0.0069407680382182211 -0.0098307275583996954 0.050347187899467689 0.16818259303491642 0.11348702589869343 0.14995714226481402 -0.021327462174614349 -0.066453622632643219 -0.022816115409453191 0.029480383101499155 0.22839077531390689 0.15627511084981011 0.12246933642487372 -0.018496726407817528 -0.0044621273452024176 0.26963103754064033 -0.010889798866478206 -0.022593267876925706 0.091470464331058821 0.029503855423029784 -0.047870858539482572 0.014174353141615838 0.1122438144749925 -0.059790518864148941 -0.037788171374649515 0.0080641678172565789 -0.021557795593291025 -0.012234266053476075 0.18467632875119522 -0.065752157572973438 0.13427757491960299 0.014868403520733766 0.08146762329456346 -0.0067882285311966781 0.025565048755741449 0.021190458987212876 -0.19652791187998878 -0.10577824829886756 0.032425477843253885
leaf_weight=32783 2135 1833 197 232 304 10967 2633 3025 1659 153 157 229 389 5514 287 7037 7574 650 1344 1120 38003 2601 2438 4686 1761 537 10198 186 4151 520 1232 1626 56515 2014 148 309 873 792
leaf_count=32783 2135 1833 197 232 304 10967 2633 3025 1659 153 157 229 389 5514 287 7037 7574 650 1344 1120 38003 2601 2438 4686 1761 537 10198 186 4151 520 1232 1626 56515 2014 148 309 873 792
internal_value=-0.000876315 0.000746916 -0.0138996 0.0135637 0.00656583 -0.0206207 -0.0300641 -0.0131067 0.000252357 0.0462771 0.00510629 0.000197228 -0.000205804 -0.0106162 0.103831 -0.0134722 -0.0237603 -0.00223423 0.00166794 0.00980392 0.0125618 0.0640501 -0.0280581 -0.00293053 -0.0294255 0.012542 0.00858701 0.0249372 -0.0378729 -0.000746323 0.0503102 0.0558897 -0.00174805 -0.00588202 -0.0303167 -0.12602 -0.0484657 0.0650269
internal_weight=208812 185670 23142 4550 4353 18592 13600 3257 183837 1812 4992 4835 182025 27765 676 27089 19412 7687 154260 55704 51922 3721 3782 98556 7506 7677 48201 1947 11725 91050 1752 2163 89298 4606 2592 457 5559 1096
internal_count=208812 185670 23142 4550 4353 18592 13600 3257 183837 1812 4992 4835 182025 27765 676 27089 19412 7687 154260 55704 51922 3721 3782 98556 7506 7677 48201 1947 11725 91050 1752 2163 89298 4606 2592 457 5559 1096
is_linear=0
shrinkage=0.03


Tree=138
num_leaves=39
num_cat=0
split_feature=205 204 201 201 200 202 161 202 204 114 203 197 203 201 197 208 180 201 200 202 140 208 208 201 197 202 202 123 197 200 59 208 208 208 56 201 202 56
split_gain=4490.18 7053.94 12388.3 8818.01 27198.1 8715.92 12726.6 11745.4 17583.8 14928.3 7706.18 7136.43 6695.11 5566.26 8278 4974.36 6923.86 4797.9 11677.5 4283.84 4243.14 4201.91 10051.1 21654.7 4158.54 10329.4 12617 4914.42 13940.4 4318.38 4135.42 4064.22 9601.78 8671.67 7427.81 5967.16 5681.14 5093.85
threshold=-0.68301269412040699 7.0000000000000009 147.50000000000003 127.50000000000001 23.349999427795414 -0.9914070963859557 335.38499450683599 0.35019405186176306 9.0000000000000018 -709.21066284179676 0.2503704726696015 984.54998779296886 0.7933231294155122 12.500000000000002 982.64999389648449 0.48126256465911871 19.103557586669925 97.500000000000014 25.150000572204593 0.13052122294902804 -6.0607500076293936 0.8930937945842744 0.92191100120544445 37.500000000000007 984.25000000000011 -0.76037701964378346 -0.9099266231060027 -11.824525833129881 979.35000610351574 25.550000190734867 0.63294824957847606 0.94636487960815441 0.34033495187759405 0.30778898298740393 98.012893676757827 627.50000000000011 0.9996192753314973 26.324309349060062
decision_type=2 2 2 2 2 2 2 2 2 10 2 2 2 2 2 2 2 2 2 2 10 2 2 2 2 2 2 8 2 2 10 2 2 2 10 2 2 8
left_child=21 11 3 5 12 6 20 -7 9 -9 -10 13 -5 14 -2 -13 17 18 19 -17 -3 -1 23 -23 27 26 -26 28 -15 -29 -31 32 33 35 -33 37 -34 -4
right_child=1 2 31 4 -6 7 -8 8 10 -11 -12 15 -14 24 -16 16 -18 -19 -20 -21 -22 22 -24 -25 25 -27 -28 29 -30 30 -32 34 36 -35 -36 -37 -38 -39
leaf_value=-0.011969058701021738 0.25074700223609586 0.034511442549839566 0.039974765073469344 0.032842591889045251 0.48256314515953402 -0.00058833655106754279 0.35855996560939207 0.28659447648080211 -0.004424454019227822 0.052535682063876765 0.099040426358621494 -0.071841772312182028 0.20203629093262812 0.303248239560165 -0.011661099371009426 -0.016073108891692525 -0.19514143493138761 -0.039802772351672726 0.21828355168449587 0.037433234545989007 0.16929849013838552 0.42246439162943367 -0.0023967141079554418 0.04188588450340465 0.0063222672260824821 -0.025941712822018115 0.28640701390343631 -0.0012563195362410718 0.0010476845827423486 -0.022365975088550608 -0.11686505869857608 -0.013749329235897634 0.020436244919331041 -0.097159471714369075 -0.1552715182767487 -0.01017708711367395 0.20832004772169943 0.0020161760207297805
leaf_weight=45118 197 1002 4474 1458 147 11171 146 490 2326 491 898 1644 246 181 240 9086 194 4799 209 1581 266 157 6015 941 290 686 289 45841 570 2241 512 5840 18152 879 354 28334 146 11016
leaf_count=45118 197 1002 4474 1458 147 11171 146 490 2326 491 898 1644 246 181 240 9086 194 4799 209 1581 266 157 6015 941 290 686 289 45841 570 2241 512 5840 18152 879 354 28334 146 11016
internal_value=-0.000974673 0.00156875 0.00719765 0.0289043 0.0910475 0.0220533 0.0933301 0.0154985 0.0582348 0.169448 0.0243943 -0.00564273 0.0572696 2.6457e-05 0.106635 -0.0221673 -0.0170211 -0.0148165 -0.00379128 -0.00814265 0.0627883 -0.00859049 0.0128398 0.0963073 -0.00089408 0.0528151 0.146126 -0.00227098 0.073885 -0.00344796 -0.0399413 0.00134991 0.00362965 -0.00386336 -0.0218379 -0.00199204 0.0219355 0.0129799
internal_weight=208627 156396 87836 18641 1851 16790 1414 15376 4205 981 3224 68560 1704 51047 437 17513 15869 15675 10876 10667 1268 52231 7113 1098 50610 1265 579 49345 751 48594 2753 69195 63001 44703 6194 43824 18298 15490
internal_count=208627 156396 87836 18641 1851 16790 1414 15376 4205 981 3224 68560 1704 51047 437 17513 15869 15675 10876 10667 1268 52231 7113 1098 50610 1265 579 49345 751 48594 2753 69195 63001 44703 6194 43824 18298 15490
is_linear=0
shrinkage=0.03


Tree=139
num_leaves=39
num_cat=0
split_feature=194 202 207 208 105 198 201 207 193 201 97 206 207 77 201 206 96 201 202 96 194 201 194 207 208 184 35 207 59 193 201 198 36 205 193 209 198 207
split_gain=4751.44 7792.67 9059.64 9236.07 9367.95 8516.04 8272.33 8153.01 7795.31 11034.6 7611.04 6516.74 7163.96 6371.87 5958.45 9322.45 9706.82 10027.9 11721.7 8450.1 8352.08 13859.8 7728.21 7400.31 23916.4 50996.3 7268.19 5895.75 7741.96 5833.49 7280.03 8016.79 5858.29 5702.96 7594.38 5600.4 6510.97 5580.41
threshold=45.500000000000007 -0.30069434642791742 0.9646572768688203 0.24164313822984698 -49.033094406127923 5.7500000000000009 2042.5000000000002 0.93544191122055065 29.650000572204593 102.50000000000001 7.1538541316986093 0.25000000000000011 0.95998215675354015 77.443691253662124 342.50000000000006 -0.25000000000000006 14.01442861557007 112.50000000000001 0.74892720580101024 19.324349403381351 51.500000000000007 277.50000000000006 66.500000000000014 -0.76694339513778675 0.62420859932899486 0.96806263923645031 192.10256195068362 0.89404821395874035 0.70345062017440807 29.250000000000004 292.50000000000006 4.3500001430511483 178.1802673339844 -0.68301269412040699 16.750000000000004 5.5000000000000009 2.5499999523162846 0.99995782971382152
decision_type=2 2 2 2 10 2 2 2 2 2 2 2 2 8 2 2 10 2 2 8 2 2 2 2 2 10 10 2 10 2 2 2 10 2 2 2 2 2
left_child=1 6 7 4 5 8 33 27 9 -4 14 12 -9 -12 15 16 20 18 -18 23 21 -2 -19 24 26 -26 -17 28 -3 32 31 -31 -29 -1 -35 36 -22 -25
right_child=10 2 3 -5 -6 -7 -8 11 -10 -11 13 -13 -14 -15 -16 19 17 22 -20 -21 35 -23 -24 37 25 -27 -28 29 -30 30 -32 -33 -34 34 -36 -37 -38 -39
leaf_value=-0.012374663535201863 0.017954709137509895 0.019322589163767133 0.12357811776339539 0.23166430446466524 -0.018158160905881602 0.025298381952929206 -0.027750234125999324 -0.072875257603933805 0.023915603061260719 0.36180230804413965 -0.030826956083732572 -0.14586105186973405 0.098065780794651655 0.15539806941898124 -0.011039435898984339 -1.985221903686894e-05 0.090448667708551686 0.06616022579724215 0.35731762567634517 -0.031813811594988896 0.21276490388343064 0.36491805368741953 -0.025508078567577835 -0.0048423023062132602 -0.028853336534207609 0.67808399045376089 0.03752961213625701 0.13085873067923859 -0.084073372899048301 0.0667490406556802 0.045769424692331709 0.29658599301357108 -0.049967754684543696 0.21534010150358965 0.014015904010000021 -0.011612739129085239 0.026892147307129893 0.13805583076773628
leaf_weight=9491 321 6531 639 280 1134 1078 7769 597 365 241 10489 475 350 168 42709 14376 1623 1934 163 7567 184 153 1447 57601 232 152 6850 225 724 259 793 289 569 170 20838 7512 2168 247
leaf_count=9491 321 6531 639 280 1134 1078 7769 597 365 241 10489 475 350 168 42709 14376 1623 1934 163 7567 184 153 1447 57601 232 152 6850 225 724 259 793 289 569 170 20838 7512 2168 247
internal_value=-0.000785499 0.0069911 0.0256798 0.065947 0.052524 0.0870284 -0.000114093 0.011762 0.140477 0.188823 -0.00342018 -0.0551815 -0.00969672 -0.0278911 -0.00162461 0.00229714 0.0237284 0.0573039 0.114807 -0.0015212 0.00694703 0.129955 0.026928 0.00136365 0.016343 0.250985 0.012098 0.0218998 0.00900422 0.0657203 0.103878 0.187962 0.00127446 0.00692565 0.0156452 0.0010359 0.0414342 -0.00423213
internal_weight=208713 52817 14549 3737 3457 2323 38268 10812 1245 880 155896 1422 947 10657 145239 102530 15505 5167 1786 87025 10338 474 3381 79458 21610 384 21226 9390 7255 2135 1341 548 794 30499 21008 9864 2352 57848
internal_count=208713 52817 14549 3737 3457 2323 38268 10812 1245 880 155896 1422 947 10657 145239 102530 15505 5167 1786 87025 10338 474 3381 79458 21610 384 21226 9390 7255 2135 1341 548 794 30499 21008 9864 2352 57848
is_linear=0
shrinkage=0.03


Tree=140
num_leaves=39
num_cat=0
split_feature=85 98 207 193 208 95 96 75 147 175 56 114 129 111 183 76 207 65 59 147 96 203 208 207 208 96 181 56 186 33 91 207 56 33 142 84 203 204
split_gain=4726.42 4574.46 4439.01 4363.86 3941.62 4518.11 3885.11 3735.99 5022.63 3819.47 4494.94 6169.52 3990.54 3733.3 4127.35 3619.71 6473.94 3535.11 3468.16 3344.39 4708.48 3570.59 3445.2 11354.6 5756.92 3332.94 3747.14 3332.78 3326.34 3199.78 2838.19 2704.65 2999.47 2791.54 2342.58 2276.13 2248.46 1792.32
threshold=19.812500000000004 -13.946000099182127 -0.99763298034667958 8.9499998092651385 -0.93845868110656727 4.2298483848571786 8.2793688774108904 61.858495712280281 1.0000000180025095e-35 78.849998474121108 38.209127426147468 129.36573791503909 127.66666793823244 284.27291870117193 138.91564941406253 8.1764659881591815 -0.8940606117248534 169.52500152587893 0.32747270166873937 0.26722820103168493 28.004061698913578 0.095842104405164733 0.8930937945842744 -0.37447345256805414 0.78192543983459484 12.835282802581789 32.000000000000007 101.6340675354004 0.32159234583377844 117.20833206176759 10.887499809265138 0.94138324260711681 21.47341346740723 62.687500000000007 0.97924822568893444 14.437500000000002 -0.35019405186176294 7.0000000000000009
decision_type=8 2 2 2 2 8 10 10 2 2 10 10 10 8 10 10 2 10 10 2 8 2 2 2 2 10 2 10 10 10 10 2 10 8 2 10 2 2
left_child=2 30 28 34 6 -6 36 9 13 10 12 -12 -7 -9 -15 16 -11 19 -17 20 22 -22 24 -24 -5 35 29 -28 -1 -27 37 33 -33 -10 -3 -21 -4 -2
right_child=1 3 4 17 5 7 -8 8 31 15 11 -13 -14 14 -16 18 -18 -19 -20 25 21 -23 23 -25 -26 26 27 -29 -30 -31 -32 32 -34 -35 -36 -37 -38 -39
leaf_value=0.0090017475204501336 -0.17702262340658406 -0.026959326550435089 -0.015242295211653536 -0.00046854598981835359 0.035367706071983286 -0.0038434024988586381 -0.038311355126035479 -0.02709458939579542 -0.068972857254145911 0.20627118444573936 0.017293671366414302 -0.004861562694356396 0.048240812426146265 0.049361772055620569 -0.0032283558672928261 -0.004255330472154404 -0.0085858521732754024 -0.072953159415165988 -0.033930728276364355 -0.0060220469912296041 0.19907800893010927 0.03750832661859077 0.14361418839595047 2.0646839248267465e-05 -0.051831074622795431 -0.077070045702748835 -0.035043376200955434 -0.12072213592865715 -0.054968610016760212 0.028709341883813726 -0.027401976906779636 -0.098982520101271204 -0.011820784426535991 0.017492793523838576 -0.12697961810449304 0.059860713630254719 0.0092605069501746871 -0.070930726366274566
leaf_weight=1117 214 443 7044 26375 4082 51277 3674 873 367 188 34302 16878 1359 6341 1704 9959 384 694 5503 5415 172 433 622 2439 2122 316 5562 441 2120 1387 1145 462 1539 3983 402 517 6463 434
leaf_count=1117 214 443 7044 26375 4082 51277 3674 873 367 188 34302 16878 1359 6341 1704 9959 384 694 5503 5415 172 433 622 2439 2122 316 5562 441 2120 1387 1145 462 1539 3983 402 517 6463 434
internal_value=-0.000625479 -0.00876179 0.00187899 -0.0069803 0.00259878 0.00427206 -0.0109582 0.00333264 0.0173085 0.00155209 0.00365681 0.00998737 -0.00249863 0.0318286 0.0382227 -0.0120754 0.062033 -0.00575237 -0.014817 -0.00473409 0.000544754 0.0834452 -0.00104455 0.0291996 -0.00429323 -0.0171834 -0.0301954 -0.0413379 -0.0328941 0.00908091 -0.0557975 -0.00308034 -0.0319456 0.0101977 -0.0745443 -0.000279922 -0.00351786 -0.10597
internal_weight=208752 49133 159619 47340 156382 139201 17181 135119 15269 119850 103816 51180 52636 8918 8045 16034 572 46495 15462 45801 32163 605 31558 3061 28497 13638 7706 6003 3237 1703 1793 6351 2001 4350 845 5932 13507 648
internal_count=208752 49133 159619 47340 156382 139201 17181 135119 15269 119850 103816 51180 52636 8918 8045 16034 572 46495 15462 45801 32163 605 31558 3061 28497 13638 7706 6003 3237 1703 1793 6351 2001 4350 845 5932 13507 648
is_linear=0
shrinkage=0.03


Tree=141
num_leaves=39
num_cat=0
split_feature=81 194 40 201 192 204 194 204 208 208 208 187 85 96 132 39 204 196 201 208 207 35 204 199 207 194 36 96 207 207 163 200 201 207 207 207 199 208
split_gain=4689.63 7087.97 5671.67 5347.72 5103.77 4633.41 6560.65 4569.97 4998.3 9687.43 13149.6 10777.8 4636.6 4784.67 6461.05 4309.4 4195.26 4044.32 6407.96 7666.88 3947.3 5113.92 3891.1 8182.79 6165.37 5831.3 5312.33 4004.21 3986.73 3864.55 3793.73 3740.59 3575.65 3386.54 3374.25 3590.46 4656.56 3840.77
threshold=19.487500190734867 45.500000000000007 165.4164962768555 637.50000000000011 0.51407682895660411 13.000000000000002 77.500000000000014 7.0000000000000009 0.29958851635456091 0.43540433049201971 0.42763730883598333 73.533565521240249 23.062500000000004 14.437950134277346 -66.306274414062486 0.39941993355751043 13.000000000000002 61.500000000000007 112.50000000000001 0.12332734838128091 -0.86546283960342396 248.92570495605472 19.000000000000004 74.500000000000014 0.97508442401885997 22.500000000000004 203.23059844970706 11.643187046051027 -0.95754238963127125 -0.30983471870422358 5.7849998474121103 14.050000190734865 1087.5000000000002 -0.61237984895706166 0.94138324260711681 0.95752912759780895 93.500000000000014 1.0000000180025095e-35
decision_type=2 2 10 2 8 2 2 2 2 2 2 8 8 8 10 10 2 2 2 2 2 8 2 2 2 2 8 8 2 2 2 2 2 2 2 2 2 2
left_child=1 16 4 7 -2 6 -6 12 30 10 11 -10 -3 -14 15 -15 17 -1 31 -20 -11 -22 27 24 26 -25 -24 28 -18 -8 -9 -19 -21 -29 -7 -36 37 -37
right_child=2 3 -4 -5 5 34 29 8 9 20 -12 -13 13 14 -16 -17 22 18 19 32 21 -23 23 25 -26 -27 -28 33 -30 -31 -32 -33 -34 -35 35 36 -38 -39
leaf_value=0.018572161490769928 -0.046760362632510891 -0.0021180274974303111 0.094281190057752012 -0.014990565005640992 0.010241588309604551 -0.010346136006037659 -0.003642504160257928 0.0060290506594227848 0.11369386300011289 -0.045161793004796308 0.28499725806530579 -0.010209844554939207 -0.009007085205219794 -0.072568911763593882 -0.011029235444013078 -0.19176797121252712 -0.019374433592056421 0.087763197777964722 0.0023741556760579156 0.20536070426889705 0.027914078657948656 0.0013979055977479556 -0.0085001430890783627 0.067643057273518215 0.28150881608986145 -0.014762334804656311 0.21512836362512974 0.031154617735093162 0.032065300804328511 -0.073935432825020478 -0.015527443134975309 0.29241367217116498 0.046556905811287574 -0.018231156550624822 -0.10625971338346417 -0.0322907715406568 -0.047452678740418877 0.1141217089481998
leaf_weight=13397 3527 45683 452 23367 13747 7148 1361 19043 1202 1141 231 1332 4708 1110 1351 362 1910 167 1309 302 10761 16712 270 1171 178 2273 148 1425 4675 1458 11964 155 221 10156 696 321 3055 324
leaf_count=13397 3527 45683 452 23367 13747 7148 1361 19043 1202 1141 231 1332 4708 1110 1351 362 1910 167 1309 302 10761 16712 270 1171 178 2273 148 1425 4675 1458 11964 155 221 10156 696 321 3055 324
internal_value=-0.000685033 0.00123073 -0.0112357 -0.00190095 -0.0127433 -0.00847511 0.00169228 0.000744942 0.00625389 0.014695 0.0683175 0.0485638 -0.00571352 -0.0275237 -0.0584041 -0.101884 0.0127571 0.0247068 0.0628613 0.0411673 0.00951336 0.0117841 0.00438858 0.031018 0.133651 0.0132565 0.0706814 -0.00153361 0.017145 -0.0399986 -0.00228848 0.186282 0.138259 -0.0121544 -0.0230657 -0.0437478 -0.0319884 0.0412559
internal_weight=208813 176724 32089 138967 31637 28110 16566 115600 62386 31379 2765 2534 53214 7531 2823 1472 37757 15551 2154 1832 28614 27473 22206 4040 596 3444 418 18166 6585 2819 31007 322 523 11581 11544 4396 3700 645
internal_count=208813 176724 32089 138967 31637 28110 16566 115600 62386 31379 2765 2534 53214 7531 2823 1472 37757 15551 2154 1832 28614 27473 22206 4040 596 3444 418 18166 6585 2819 31007 322 523 11581 11544 4396 3700 645
is_linear=0
shrinkage=0.03


Tree=142
num_leaves=39
num_cat=0
split_feature=85 36 98 208 87 123 203 76 204 76 201 45 65 26 204 76 79 142 76 208 192 201 199 208 208 208 208 208 203 36 23 62 208 70 181 12 29 164
split_gain=4573.66 3973.7 3719.84 3667.42 4287.21 4103.89 3325.68 4770.51 4390.5 6564.15 7924.32 4481.62 3258.56 3196.34 3126.23 3575.89 3082.05 3068.13 3599.2 4315.9 4674.28 5903.47 4106.62 3025.2 2966.62 2859.46 5725.16 5365.66 4669.55 3822.57 3621.38 2707.53 2273.89 2173.95 2983.44 3975.24 2738.68 2523.01
threshold=18.462500572204593 48.853670120239265 -16.687499999999996 -0.94426098465919484 3.6375000476837163 8.2040853500366229 -0.60873827338218678 3.3939517736434941 19.000000000000004 7.9195461273193368 47.500000000000007 260.42500305175787 169.52500152587893 218.62500000000003 13.000000000000002 29.817615509033207 1.4054636955261233 0.84556853771209728 48.204154968261726 0.94066718220710765 1.67441862821579 37.500000000000007 277.50000000000006 0.91511079668998729 0.96633976697921764 0.8930937945842744 0.94066718220710765 0.78192543983459484 0.39873388409614569 361.37260437011724 235.25000000000003 2.7250000238418584 -0.93237864971160878 83.674999237060561 26.000000000000004 24.125000000000004 316.50000000000006 49.500000000000007
decision_type=8 10 2 2 8 10 2 8 2 8 2 10 10 10 2 10 10 2 10 2 8 2 2 2 2 2 2 2 2 8 10 8 2 8 2 10 10 2
left_child=1 -1 13 5 23 -3 7 -6 14 10 -10 -11 17 -2 15 -8 -9 25 19 20 -19 -22 24 -5 -21 27 28 29 -27 31 -31 -4 -16 34 35 -20 -36 -35
right_child=2 3 12 4 6 -7 8 16 9 11 -12 -13 -14 -15 32 -17 -18 18 33 22 21 -23 -24 -25 -26 26 -28 -29 -30 30 -32 -33 -34 37 36 -37 -38 -39
leaf_value=-0.023154919593224597 -0.11582512936579135 0.0040987085682464537 0.075149481181257055 0.026736839463841092 0.18362842325067003 -0.026378968474094391 -0.0064446463211951565 0.011624518875686073 0.23131673095210817 0.0099122152358531064 0.015213108330761045 0.1599668341510824 -0.072392669618413133 -0.022149256979527337 0.077599632366520593 0.0082690743368824416 0.08463733556506578 -0.012882038847716522 0.14773840600351829 -0.089875606763588189 0.09183514390633081 0.010637038128111672 -0.074188255562054439 0.14252977204929251 0.037194321160438276 0.22322663468609161 -0.0012045487510568696 -0.051307225714008843 0.054897962694253712 0.15556955213521417 0.026842711019412109 -0.0016297061761668668 -0.010359851783770925 -0.048102426583137903 -0.011222535621071937 0.0057953540769146239 -0.065427402103708052 -0.010037475211017064
leaf_weight=5502 515 8135 423 4814 150 7778 24576 17797 274 17297 345 181 676 902 267 37623 536 6736 216 215 956 5131 1339 212 716 210 1310 1767 505 262 789 18120 28274 4665 4835 998 1015 2360
leaf_count=5502 515 8135 423 4814 150 7778 24576 17797 274 17297 345 181 676 902 267 37623 536 6736 216 215 956 5131 1339 212 716 210 1310 1767 505 262 789 18120 28274 4665 4835 998 1015 2360
internal_value=-0.000769755 0.00187995 -0.00822335 0.00280901 0.00444512 -0.0107982 0.00337232 0.0151379 0.00137425 0.0148665 0.110874 0.0114663 -0.00694662 -0.056196 -0.00131662 0.0024554 0.0137593 -0.00610499 -0.0125931 -0.00241374 0.00433599 0.0233899 -0.0405423 0.0316214 0.00784847 0.00199111 0.0360619 -0.00123876 0.10434 0.00327645 0.058934 0.000121785 -0.00953696 -0.0234978 -0.0117459 0.0310517 -0.0206275 -0.0353149
internal_weight=208422 153761 54661 148259 132346 15913 127320 18483 108837 18097 619 17478 53244 1417 90740 62199 18333 52568 29182 15093 12823 6087 2270 5026 931 23386 2025 21361 715 19594 1051 18543 28541 14089 7064 1214 5850 7025
internal_count=208422 153761 54661 148259 132346 15913 127320 18483 108837 18097 619 17478 53244 1417 90740 62199 18333 52568 29182 15093 12823 6087 2270 5026 931 23386 2025 21361 715 19594 1051 18543 28541 14089 7064 1214 5850 7025
is_linear=0
shrinkage=0.03


Tree=143
num_leaves=39
num_cat=0
split_feature=92 194 198 56 202 199 198 186 50 96 193 208 208 86 123 194 208 208 59 56 193 198 75 178 208 202 198 114 208 208 34 194 208 99 105 199 202 191
split_gain=4235.93 5381.7 4343.9 4061.48 16772.8 30742.9 10812.3 4003.21 3977.16 3679.05 3532.01 3473.64 5068.57 3964.1 4484.58 4584.39 5864.73 3425.54 4328.95 3424.93 3328.27 3386.39 4488.91 5903.03 7475.15 6807.11 6218.7 5845.82 11091.9 31432.8 6023.28 4806.67 4276.97 4001.8 3279.54 4236.27 7249.41 4368.53
threshold=16.829000473022464 52.500000000000007 12.550000190734865 105.47579193115236 -0.79332312941551197 303.50000000000006 6.8500001430511483 0.076932817697525038 160.15000152587893 9.3428030014038104 16.849999427795414 -0.40613879263401026 -0.39036008715629572 15.28749990463257 9.5707659721374529 25.500000000000004 0.15738975256681445 -0.41399101912975306 0.47471052408218389 36.028720855712898 30.250000000000004 9.8499999046325701 18.141977310180668 31.754999160766605 0.44312302768230444 0.38266885280609136 7.7500000000000009 100.89706039428712 0.26659387350082403 0.32410992681980139 168.35416412353518 99.500000000000014 0.42763730883598333 0.30678492784500128 -49.033094406127923 270.50000000000006 -0.44618082046508784 8.6222963333129901
decision_type=10 2 2 8 2 2 2 8 10 8 2 2 2 8 8 2 2 2 10 10 2 2 10 2 2 2 2 8 2 2 10 2 2 2 8 2 2 10
left_child=1 2 3 7 5 6 -5 -1 11 -4 -11 17 -13 -14 -15 -16 -17 19 -19 -2 21 22 23 31 26 -26 -25 28 30 -30 -24 32 -3 -33 35 36 -9 -37
right_child=8 20 9 4 -6 -7 -8 34 -10 10 -12 12 13 14 15 16 -18 18 -20 -21 -22 -23 27 24 25 -27 -28 -29 29 -31 -32 33 -34 -35 -36 37 -38 -39
leaf_value=0.078885530878889693 0.010446027065584349 -0.0016895129406518359 0.02850019762622668 0.27568957506759573 0.007177557060311813 0.55105055856289165 -0.036371452986536879 -0.042069272893601288 -0.091086019114189759 0.087858425434988591 -0.022073663164789325 0.090995700572086224 0.0078937233844561371 -0.035944564478567018 -0.032094907730643545 0.046780643006107778 -0.0067676991052634337 -0.18781999109800163 -0.011773136072484714 -0.042882718542895555 -0.014253200933342525 -0.011650325630507569 0.0034209775762766475 0.096174732833541027 -0.0075670631840027624 0.20438046680838656 0.33585418587688803 -0.010883366250629597 0.16843433489597068 0.010626495381108641 -0.038915445061114738 -0.013635338402179092 0.030817566026144598 -0.20696591448086979 0.0037790132123953087 0.16824622801097877 0.026239341675669901 0.037623051949294106
leaf_weight=780 1713 7537 1920 147 1917 156 312 1908 532 273 7200 489 11391 6021 4109 2373 8207 269 236 2951 17081 18391 28824 278 786 165 150 29644 1386 6297 3379 240 7050 161 24097 242 5234 4817
leaf_count=780 1713 7537 1920 147 1917 156 312 1908 532 273 7200 489 11391 6021 4109 2373 8207 269 236 2951 17081 18391 28824 278 786 165 150 29644 1386 6297 3379 240 7050 161 24097 242 5234 4817
internal_value=-0.000616186 0.0014102 0.0098014 0.014151 0.050912 0.187233 0.0635724 0.0116406 -0.00963238 -0.00854071 -0.0180575 -0.00848472 -0.0048609 -0.00632114 -0.0141397 -0.00520184 0.00524271 -0.0313324 -0.105551 -0.023296 -0.00197777 3.27837e-05 0.0025342 0.0166695 0.0760662 0.0292074 0.180181 -0.000793161 0.00670605 0.039095 -0.0010213 0.0112045 0.0140214 -0.0912608 0.0101956 0.0228683 0.00799047 0.0438719
internal_weight=208663 170372 49003 39610 2532 615 459 37078 38291 9393 7473 37759 32590 32101 20710 14689 10580 5169 505 4664 121369 104288 85897 16367 1379 951 428 69530 39886 7683 32203 14988 14587 401 36298 12201 7142 5059
internal_count=208663 170372 49003 39610 2532 615 459 37078 38291 9393 7473 37759 32590 32101 20710 14689 10580 5169 505 4664 121369 104288 85897 16367 1379 951 428 69530 39886 7683 32203 14988 14587 401 36298 12201 7142 5059
is_linear=0
shrinkage=0.03


Tree=144
num_leaves=39
num_cat=0
split_feature=80 194 40 201 97 202 199 205 196 16 194 205 191 122 201 199 196 201 204 193 36 76 191 204 198 206 196 194 197 114 202 156 75 202 185 206 193 198
split_gain=4259.99 6575.06 5857.28 5059.62 4652.99 4491.88 5795.37 7952.03 7264.5 4415.86 4484.79 6224.97 5540.28 5096.31 11302.9 4348.42 7874.82 4969.62 4722.32 4675.59 3995.23 4574.05 6000.1 3681.69 3780.99 3451.18 4213.71 3377.58 5508.18 8582.75 12736.9 5400.15 4291.52 3375.13 3370.61 3283.63 5550.77 3544.34
threshold=19.487500190734867 45.500000000000007 175.07500457763675 637.50000000000011 5.1704685688018808 -0.30069434642791742 269.50000000000006 0.68301269412040722 41.500000000000007 34.52476882934571 75.500000000000014 0.68301269412040722 25.602048873901371 38.640956878662116 42.500000000000007 293.50000000000006 84.500000000000014 187.50000000000003 7.0000000000000009 29.750000000000004 148.81535339355472 68.701606750488295 22.901377677917484 1.0000000180025095e-35 4.2500000000000009 -0.25000000000000006 95.500000000000014 83.500000000000014 982.14999389648449 84.891036987304702 0.96359375119209301 5.7838492393493661 37.703701019287116 -0.13052122294902799 112.57166671752931 -0.93301269412040699 24.94999980926514 2.8500000238418584
decision_type=2 2 10 2 2 2 2 2 2 10 2 2 8 10 2 2 2 2 2 2 10 10 10 2 2 2 2 2 2 8 2 2 8 2 10 2 2 2
left_child=1 5 9 4 27 6 34 20 -9 -2 11 12 -11 33 -15 18 17 -17 -13 -20 -8 -22 -23 24 -7 26 -6 28 -3 30 -30 -31 -29 -14 -1 36 -25 -38
right_child=2 3 -4 -5 25 23 7 8 -10 10 -12 15 13 14 -16 16 -18 -19 19 -21 21 22 -24 35 -26 -27 -28 32 29 31 -32 -33 -34 -35 -36 -37 37 -39
leaf_value=0.026618203844983531 0.072916490866130959 -0.0022824657088112246 0.099172883305611303 -0.014706565683468007 0.034345404303537996 0.2193810640341364 -0.01186257389919365 0.050720130209664781 0.24511620716315366 -0.031730040648115472 -0.040711593854001145 -0.023063406360131319 -0.021168963867207676 0.30340245875696387 0.023233944793986657 -0.0083564195999367083 0.24243370981576692 0.11855335385203075 0.065674177658451613 -0.067449590973200677 0.010571768155167234 0.021939757999827555 0.1687382910964636 0.23892780939172145 0.04764756702240152 -0.027292449788369904 -0.060786288645028136 0.00078617902475797054 0.036112928132790885 0.0068361162655520237 0.21589987485322029 0.17548013501113111 -0.023146656878472813 0.018241255119791331 -0.043200459656530812 0.016488485111676898 0.17178388218450286 0.031192541675985008
leaf_weight=786 538 30209 430 23263 1895 178 7282 1670 193 10541 4718 2407 6233 146 1153 784 194 430 1375 287 13587 701 390 145 328 8353 538 33415 5978 26175 377 172 8448 2850 2988 7818 180 1560
leaf_count=786 538 30209 430 23263 1895 178 7282 1670 193 10541 4718 2407 6233 146 1153 784 194 430 1375 287 13587 701 390 145 328 8353 538 33415 5978 26175 377 172 8448 2850 2988 7818 180 1560
internal_value=-0.000747737 0.001079 -0.0108037 -0.00194158 0.000628097 0.0121705 0.00588098 0.0113528 0.0708602 -0.0122976 -0.0137709 -0.0089562 -0.0164095 -0.000854255 0.0547255 0.0195164 0.0649583 0.0365954 0.00379191 0.0426854 0.00630442 0.0153174 0.0744172 0.0291723 0.108063 -0.0181339 0.013309 0.00255957 0.00695346 0.0154853 0.0467789 0.00793714 -0.00404349 -0.00880305 -0.0286594 0.025058 0.0605997 0.0457375
internal_weight=208715 176629 32086 138823 115560 37806 27597 23823 1863 31656 31118 26400 20923 10382 1299 5477 1408 1214 4069 1662 21960 14678 1091 10209 506 10786 2433 104774 62911 32702 6355 26347 41863 9083 3774 9703 1885 1740
internal_count=208715 176629 32086 138823 115560 37806 27597 23823 1863 31656 31118 26400 20923 10382 1299 5477 1408 1214 4069 1662 21960 14678 1091 10209 506 10786 2433 104774 62911 32702 6355 26347 41863 9083 3774 9703 1885 1740
is_linear=0
shrinkage=0.03


Tree=145
num_leaves=39
num_cat=0
split_feature=80 181 194 201 204 75 50 192 205 207 207 192 201 202 207 198 207 199 205 196 36 204 207 204 94 75 194 207 205 204 201 202 194 161 198 207 194 95
split_gain=4048.77 8659.55 6211.12 4717.06 5004.9 4698.5 4420.78 4376.33 4257.2 5589.42 9091.59 22920.8 5671.49 4114.8 6467.49 7522.86 9226.86 5357.53 7337.05 5970.1 4661.17 6925.55 4121.2 4051.17 3977.6 3963.92 3937.47 3672.29 5908.47 3669.9 7089.48 3543.61 3501.37 4520.76 3337.56 3264.64 4109.96 3253.46
threshold=19.487500190734867 4.0000000000000009 45.500000000000007 342.50000000000006 7.0000000000000009 1.0000000180025095e-35 81.21250152587892 0.51407682895660411 -0.68301269412040699 -0.95754238963127125 -0.9413962960243224 0.82875555753707897 17.500000000000004 -0.28400452435016627 0.9646572768688203 4.9500000476837167 0.99552232027053844 269.50000000000006 0.68301269412040722 41.500000000000007 292.51345825195318 13.000000000000002 0.98213580250740062 21.000000000000004 25.725140571594242 6.5132930278778085 89.500000000000014 -0.64578425884246815 0.68301269412040722 21.000000000000004 267.50000000000006 0.93038213253021251 29.500000000000004 4.4650001525878915 11.750000000000002 0.77244481444358837 87.500000000000014 4.6452727317810067
decision_type=2 2 2 2 2 10 8 8 2 2 2 8 2 2 2 2 2 2 2 2 8 2 2 2 10 8 2 2 2 2 2 2 2 2 2 2 2 8
left_child=2 -2 13 4 6 -3 -4 -7 25 -10 11 -11 -12 17 20 16 -16 -1 22 32 -15 -22 29 -17 26 -6 27 31 -29 -19 -31 -9 -20 -34 -27 -8 -37 -5
right_child=1 5 3 37 8 7 35 24 9 10 12 -13 -14 14 15 23 -18 18 19 -21 21 -23 -24 -25 -26 34 -28 28 -30 30 -32 -33 33 -35 -36 36 -38 -39
leaf_value=-0.027126854533561864 0.074488325670340416 0.12814199165651555 0.00094670179617537291 0.0087785240563409972 0.059352198678578202 -0.045613803371378429 -0.013248906216261125 0.01292140453420438 -0.026648378500150598 0.44816305940008017 0.096975650049790571 0.0020443027697071335 0.016252242382189957 0.00886564015781445 0.18463648290136378 0.0048699167500631238 -0.044373889913967436 0.0097712346476478071 0.0015538642586221492 0.22594877406046995 0.24651532958182665 0.028761809718177 -0.021726049040075586 0.17019038871897199 -0.036693237278570608 -0.0052313753806410837 -0.063055169571343189 -0.018898148012486723 0.022765329438500449 0.1500055643144155 -0.057315151251789882 0.10764023818563882 0.2004571640508328 0.049617838531195578 0.082709156323962946 -0.034687181739717937 -0.14963429324616651 -0.013791049594467076
leaf_weight=3790 1046 210 35653 6866 943 3541 12373 4495 2352 157 813 305 21454 7219 760 1090 200 17546 742 194 188 437 3859 152 4284 20246 1012 13030 4005 448 222 386 242 685 396 1523 343 35312
leaf_count=3790 1046 210 35653 6866 943 3541 12373 4495 2352 157 813 305 21454 7219 760 1090 200 17546 742 194 188 437 3859 152 4284 20246 1012 13030 4005 448 222 386 242 685 396 1523 343 35312
internal_value=-0.000590968 -0.0104075 0.0011892 -0.00174726 0.00190878 -0.0132755 -0.00469677 -0.0142412 0.00897098 0.0173769 0.0219327 0.153654 0.0191996 0.0119742 0.028424 0.073855 0.136926 0.0060143 0.0112614 0.0684331 0.0156703 0.0942654 0.00643643 0.0251038 -0.0101588 -0.000796405 -0.00520095 -0.00252941 -0.00910286 0.0124026 0.0813108 0.0204122 0.0501225 0.0889976 -0.00354425 -0.0188275 -0.0558171 -0.010117
internal_weight=208519 32009 176510 138736 96558 30963 49892 30753 46666 25081 22729 462 22267 37774 10046 2202 960 27728 23938 1863 7844 625 22075 1242 27212 21585 22928 21916 17035 18216 670 4881 1669 927 20642 14239 1866 42178
internal_count=208519 32009 176510 138736 96558 30963 49892 30753 46666 25081 22729 462 22267 37774 10046 2202 960 27728 23938 1863 7844 625 22075 1242 27212 21585 22928 21916 17035 18216 670 4881 1669 927 20642 14239 1866 42178
is_linear=0
shrinkage=0.03


Tree=146
num_leaves=39
num_cat=0
split_feature=85 194 96 194 102 201 98 194 96 205 198 176 208 204 114 75 55 204 198 192 201 132 203 170 201 95 123 208 208 163 205 204 201 194 208 208 205 185
split_gain=4338.71 4143.75 4226.8 3883.24 4966.35 4023.58 3772.27 3465.58 6483.61 8076.16 5100.62 4437.7 4375.57 4228.96 4210.05 3575.69 4323.44 6236.5 3288.95 3618.99 3223.04 4092.81 3606.21 3125.15 3104.57 3053.67 2954.23 2830.23 3741.58 2814.66 2781.14 5249.09 4077.41 3403.75 2920.83 7565.05 2725.69 3430.54
threshold=18.462500572204593 95.500000000000014 13.691872119903566 45.500000000000007 122.22916793823244 637.50000000000011 -16.687499999999996 77.500000000000014 14.130488872528078 0.68301269412040722 7.6499998569488534 16.215000152587894 0.26659387350082403 7.0000000000000009 -271.93371582031244 35.614225387573249 126.16574096679689 3.0000000000000004 9.8499999046325701 0.53380480408668529 2692.5000000000005 -82.97353363037108 0.83385404944419872 28.534999847412113 57.500000000000007 8.6989755630493182 -10.232791423797606 0.25829915702342993 0.80798786878585827 15.250000000000002 -0.68301269412040699 7.0000000000000009 157.50000000000003 34.500000000000007 0.8930937945842744 0.92191100120544445 -0.68301269412040699 1176.5999755859377
decision_type=8 2 10 2 10 2 2 2 10 2 2 2 2 2 8 8 10 2 2 8 2 8 2 2 2 10 8 2 2 2 2 2 2 2 2 2 2 10
left_child=3 6 -3 20 5 7 29 8 10 11 12 -10 -5 -11 -12 23 -17 -18 19 26 21 -1 -22 24 -9 -6 -8 -27 -29 -2 34 33 -33 -32 -21 -36 -23 -38
right_child=1 2 -4 4 25 -7 18 15 9 13 14 -13 -14 -15 -16 16 17 -19 -20 30 22 36 -24 -25 -26 27 -28 28 -30 -31 31 32 -34 -35 35 -37 37 -39
leaf_value=0.086435678277332922 -0.12174208733309974 -0.016708279144024979 -0.11618852238023386 -0.0015033732718492164 0.0038144237726727166 -0.010836422711570719 0.04793204366251843 0.023337976706924359 0.0031971166886990629 0.040510297703656092 0.055179771165476919 0.062909912608258955 0.028199576745774085 0.10548747825488931 -0.018085432996732691 -0.020152507583077735 0.20997147107369438 0.0048323798608375795 -0.017272195142147801 -0.017923061597703689 -0.02930975656331497 -0.00083475247475495282 0.09189626963730084 -0.12545257962951917 2.7433502242809834e-05 -0.039891131607754989 -0.035150802701964662 0.033300845162658382 -0.021728634648144948 -0.027847275187844734 0.036344076798780323 0.045023256146302704 0.0093877319939921697 -0.013189165475226576 0.21582236654548875 -0.0017563905401221664 0.023034337985278285 -0.016223923761550157
leaf_weight=685 405 996 626 9062 5303 18152 429 6416 6932 2326 759 1336 8796 1472 10085 10833 178 532 14453 7692 2651 9643 241 167 25898 5329 3770 1384 5658 989 1429 4270 8940 9887 175 807 17696 2259
leaf_count=685 405 996 626 9062 5303 18152 429 6416 6932 2326 759 1336 8796 1472 10085 10833 178 532 14453 7692 2651 9643 241 167 25898 5329 3770 1384 5658 989 1429 4270 8940 9887 175 807 17696 2259
internal_value=-0.000623936 -0.00786645 -0.0551027 0.00195994 -0.000540111 0.00198221 -0.00642751 0.00472639 0.0110289 0.029481 0.0032719 0.012846 0.0131269 0.065694 -0.0129573 -0.00111003 -0.0154521 0.0562643 -0.00511823 -0.000421264 0.0110497 0.0139393 -0.0192089 0.0039868 0.0046558 -0.0152316 -0.0266623 -0.023396 -0.0109133 -0.0551275 0.00289759 0.00806128 0.0209066 -0.00693398 -0.0117029 0.0370191 0.0122615 0.0185901
internal_weight=208661 54868 1622 153793 120618 102944 53246 84792 40768 12066 28702 8268 17858 3798 10844 44024 11543 710 51852 37399 33175 30283 2892 32481 32314 17674 4199 12371 7042 1394 33200 24526 13210 11316 8674 982 29598 19955
internal_count=208661 54868 1622 153793 120618 102944 53246 84792 40768 12066 28702 8268 17858 3798 10844 44024 11543 710 51852 37399 33175 30283 2892 32481 32314 17674 4199 12371 7042 1394 33200 24526 13210 11316 8674 982 29598 19955
is_linear=0
shrinkage=0.03


Tree=147
num_leaves=39
num_cat=0
split_feature=92 205 204 193 199 105 196 172 96 181 173 163 208 208 183 16 96 206 208 200 193 199 85 201 199 200 199 201 202 208 105 193 76 56 76 96 208 190
split_gain=3951.07 4050.04 5421.11 3878.65 3565.29 3422.64 3268.24 3150.17 7909.91 4966.77 6484.78 4798.42 7728.68 70494.4 4306.88 4502.73 4018.44 3826.22 3792.26 3791.72 6584.93 7065.73 3465.15 3452.74 3120.61 7737.25 3789 3134.82 2977.91 6545.08 4308.17 4534.55 3763.55 4509.02 3662 3724.08 3506.64 3489.63
threshold=16.612500190734867 0.68301269412040722 7.0000000000000009 29.650000572204593 84.500000000000014 -19.503295898437496 98.500000000000014 2.4450000524520878 11.107494831085207 22.000000000000004 8.6300001144409197 949.72500610351574 0.92191100120544445 0.91511079668998729 55.637197494506843 186.31250000000003 11.897316455841066 0.68301269412040722 0.54759982228279125 8.1500000953674334 21.849999427795414 304.50000000000006 45.437500000000007 627.50000000000011 285.50000000000006 12.84999990463257 323.50000000000006 62.500000000000007 -0.095842104405164705 -0.44505782425403589 -43.032669067382805 22.349999427795414 9.5860104560852069 79.387096405029311 53.689899444580085 18.692855834960941 0.8277757763862611 0.25941652059555059
decision_type=10 2 2 2 2 8 2 2 10 2 2 2 2 2 8 10 10 2 2 2 2 2 10 2 2 2 2 2 2 2 10 2 10 10 8 10 2 10
left_child=7 28 4 6 -3 24 -4 22 9 -9 -11 12 13 -12 16 -16 -10 -13 -19 20 -17 -22 23 -1 27 -26 -27 -6 32 -30 31 37 33 -2 35 -33 -32 -31
right_child=1 2 3 -5 5 -7 -8 8 14 10 11 17 -14 -15 15 19 -18 18 -20 -21 21 -23 -24 -25 25 26 -28 -29 29 30 36 34 -34 -35 -36 -37 -38 -39
leaf_value=0.0026447093691632667 -0.011246930206715619 -0.07842438001869205 0.063182803991584366 -0.044307052550855805 0.048751905356855869 -0.024150709625680049 -0.03522473831756897 -0.015002822186517717 0.058195924114255469 0.012250764917845543 0.064745183467380896 -0.021016306701962396 0.0060054543932741835 0.67523365623069886 0.01406636557545601 -0.0099861315273329851 -0.044096373652280946 -0.0041609088837136939 0.20809944650541179 -0.020339018393422888 0.021607001042842095 0.2053070273447479 -0.064463579230957274 -0.0083639263045037597 -0.091547764476228713 0.12515673031548749 -0.019363875834200149 -0.03319639339972294 -0.044370651583196516 0.01812120598266485 -0.024678041808843764 0.035294752511422514 -0.018674465185160749 -0.15078438533050006 0.030088548740331362 0.15556679424353817 0.062279632389859528 -0.086304662954204012
leaf_weight=89643 401 592 2539 439 653 2989 345 1821 393 4313 2631 895 969 182 17550 1863 2867 151 152 8351 483 309 767 35914 250 787 206 1178 2410 1220 2955 402 18663 434 1583 547 486 377
leaf_count=89643 401 592 2539 439 653 2989 345 1821 393 4313 2631 895 969 182 17550 1863 2867 151 152 8351 483 309 767 35914 250 787 206 1178 2410 1220 2955 402 18663 434 1583 547 486 377
internal_value=-0.000499538 -0.00904863 0.00747177 0.0387651 -0.00815372 -0.00129222 0.0514105 0.0014934 0.00851411 0.0303019 0.0391796 0.0625016 0.0790755 0.104246 0.000903138 0.00463256 -0.0317646 0.0101787 0.102321 -0.0104104 0.0208187 0.0932799 -0.000892519 -0.00050417 0.0209341 0.0576197 0.0951753 -0.00397039 -0.0146406 -0.0013128 0.0123952 0.0330556 -0.0214624 -0.0837743 0.0580237 0.10462 -0.0123961 -0.00653048
internal_weight=208710 39456 9978 3323 6655 6063 2884 169254 42930 11114 9293 4980 3782 2813 31816 28556 3260 1198 303 11006 2655 792 126324 125557 3074 1243 993 1831 29478 9980 7570 4129 19498 835 2532 949 3441 1597
internal_count=208710 39456 9978 3323 6655 6063 2884 169254 42930 11114 9293 4980 3782 2813 31816 28556 3260 1198 303 11006 2655 792 126324 125557 3074 1243 993 1831 29478 9980 7570 4129 19498 835 2532 949 3441 1597
is_linear=0
shrinkage=0.03


Tree=148
num_leaves=39
num_cat=0
split_feature=94 194 197 201 207 194 199 201 206 96 201 194 201 202 194 200 96 207 208 207 208 207 14 181 207 209 200 196 196 205 203 96 207 203 207 194 181 200
split_gain=4031.93 5005.44 4876.27 4767.19 6692.48 5629.96 14519.6 4459.65 7703.36 7783.51 11418.1 9472.58 16525.7 8877.34 6214.9 5407.18 5079.7 5346.2 8712.02 35504.6 5380.24 16876.8 6636.72 5205.13 4978.24 4929.12 4897.09 4847.51 4385.26 13436.2 14439.1 5628.26 4143.85 6083.46 4878.25 4260.05 4073.27 3937.12
threshold=21.569950103759769 45.500000000000007 990.85000610351574 547.50000000000011 0.98522606492042553 12.500000000000002 282.50000000000006 342.50000000000006 -0.25000000000000006 14.01442861557007 112.50000000000001 51.500000000000007 282.50000000000006 0.74892720580101024 81.500000000000014 17.150000572204593 19.279663085937504 -0.75579217076301564 0.31595529615879064 -0.9413962960243224 0.91511079668998729 -0.37447345256805414 206.41666412353518 100.00000000000001 -0.89015004038810719 5.5000000000000009 3.5499999523162846 59.500000000000007 84.500000000000014 0.25000000000000011 0.1650413200259209 13.925706386566164 0.99168354272842418 0.1650413200259209 -0.64578425884246815 12.500000000000002 12.000000000000002 14.050000190734865
decision_type=8 2 2 2 2 2 2 2 2 10 2 2 2 2 2 2 8 2 2 2 2 2 10 2 2 2 2 2 2 2 2 10 2 2 2 2 2 2
left_child=1 2 3 5 -5 6 -1 8 9 11 13 12 -3 15 27 -11 17 18 24 -20 22 -22 -19 -18 -10 26 -13 -12 37 31 -31 -30 34 -34 -2 -35 -36 -7
right_child=32 7 -4 4 -6 28 -8 -9 16 10 14 25 -14 -15 -16 -17 23 20 19 -21 21 -23 -24 -25 -26 -27 -28 -29 29 30 -32 -33 33 35 36 -37 -38 -39
leaf_value=-0.028048880450699486 0.006704295391041378 0.021005880866453167 0.18100293786998006 0.0083183615483109433 -0.035355593084390527 0.038851726646813273 0.35451824011293226 -0.0097583107837550427 -0.0079351810519447015 0.076152059268661296 0.060625583210000639 0.20477859069132684 0.3913445967216802 0.33822712668313681 -0.07319926174125467 0.26779657073199631 -0.0053602394755968086 -0.0059185649325670412 0.34201956191002453 0.025272801276492698 0.19208834312865908 0.0060758249982911013 -0.048013892200678643 -0.061345930694748682 0.038289098811401884 -0.011300633832143006 0.027097220448262412 -0.036490232548188749 0.11231658429855314 0.06246870297335088 0.41811578906248015 -0.043779923296493085 0.064334712746885403 -0.084712628187925104 0.027872592421298029 0.0062608176194682112 -0.032770915853653965 0.0021679488755795106
leaf_weight=202 5001 361 150 23213 3655 4066 160 43171 12489 1265 2103 149 155 151 529 148 3723 41855 334 6857 455 12464 3666 2497 2520 7617 2212 593 313 243 178 619 1438 566 1083 2552 12525 7472
leaf_count=202 5001 361 150 23213 3655 4066 160 43171 12489 1265 2103 149 155 151 529 148 3723 41855 334 6857 455 12464 3666 2497 2520 7617 2212 593 313 243 178 619 1438 566 1083 2552 12525 7472
internal_value=-0.000553675 0.000919346 0.0102783 0.00963998 0.00237713 0.024364 0.141045 -0.00167431 0.00174241 0.0213834 0.0530756 0.00692036 0.132257 0.119594 0.0208165 0.0962271 -0.00171341 0.000301469 0.0128342 0.0399852 -0.00445944 0.0126272 -0.0093087 -0.0278356 -0.000174114 0.000438584 0.0383114 0.0392642 0.0210873 0.0721838 0.212844 0.00864323 -0.0123547 0.0132887 -0.0186329 -0.0102534 -0.0279445 0.0150954
internal_weight=208750 185585 40271 40121 26868 13253 362 145314 102143 15283 4789 10494 516 1564 3225 1413 86860 80640 22200 7191 58440 12919 45521 6220 15009 9978 2361 2696 12891 1353 421 932 23165 4556 18609 3118 13608 11538
internal_count=208750 185585 40271 40121 26868 13253 362 145314 102143 15283 4789 10494 516 1564 3225 1413 86860 80640 22200 7191 58440 12919 45521 6220 15009 9978 2361 2696 12891 1353 421 932 23165 4556 18609 3118 13608 11538
is_linear=0
shrinkage=0.03


Tree=149
num_leaves=39
num_cat=0
split_feature=94 194 207 203 208 199 202 36 16 202 207 105 206 189 208 207 59 203 197 207 55 201 206 207 59 201 194 100 207 95 201 155 194 201 207 193 194 95
split_gain=3863.76 4991.9 4549.73 6044.1 5989.47 5986.05 4568.81 4322.66 8533.67 4621.78 5912.51 8589.43 5870.96 5188.93 5182.17 4802.85 4417.17 5159.2 4588.6 4225.12 4201.36 4011.84 7052.29 7661 7418.37 5299.9 5206.86 25737.7 4672.19 4960.36 4984.16 9637.82 5461.16 4323.01 3969.1 6012.92 7416.75 4987.62
threshold=21.407724380493168 45.500000000000007 0.99168354272842418 -0.46173103153705591 0.10623887926340105 150.50000000000003 -0.98624804615974415 348.15016174316412 238.90034484863284 -0.095842104405164705 0.9646572768688203 -49.962715148925774 0.68301269412040722 61.00209045410157 0.011826144531369211 0.98522606492042553 0.55760359764099132 -0.96811076998710621 983.75000000000011 -0.64578425884246815 78.011730194091811 342.50000000000006 -0.25000000000000006 0.58481550216674816 0.46869985759258276 167.50000000000003 51.500000000000007 358.10000610351568 0.99995782971382152 8.7756133079528826 37.500000000000007 282.80499267578131 76.500000000000014 92.500000000000014 0.91248813271522533 25.849999427795414 33.500000000000007 10.718489646911623
decision_type=8 2 2 2 2 2 2 10 10 2 2 10 2 10 2 2 10 2 2 2 10 2 2 2 10 2 2 8 2 10 2 2 2 2 2 2 2 8
left_child=1 7 19 5 6 -4 -5 9 -9 15 16 12 14 -14 -12 34 18 -18 -11 -2 -21 22 23 26 33 -26 27 -3 29 -24 31 -31 -32 -25 37 -36 -37 -1
right_child=2 21 3 4 -6 -7 -8 8 -10 10 11 -13 13 -15 -16 -17 17 -19 -20 20 -22 -23 28 24 25 -27 -28 -29 -30 30 32 -33 -34 -35 35 36 -38 -39
leaf_value=0.018136028551490938 0.0052553123904575758 -0.0076619355302687785 0.25194161174493163 0.07623344366985868 0.17920649211961567 0.042536562498207711 -0.018504095060137969 0.2502507904342246 0.033701546012065431 0.014780839653672802 -0.017512625954842941 -0.0047578379469542954 0.26006083895031096 0.054001359727166381 0.14246503870893806 -0.027332278995025133 0.12662473654472631 -0.043355759501303874 0.086414506264314059 -0.018928668237251301 -0.060616223094931379 -0.0094179188074052754 0.0066529100029516118 0.21887246206388125 0.072356085844139398 -0.024249986203318127 0.0041186715577520051 0.42830137709078486 0.1300946106629291 0.0048736447138008265 -0.0042663603693484722 0.20745370225834292 -0.027177278142048591 0.087379418523494373 -0.036166784502299695 0.024196498336559537 0.12097585607939904 -0.01540176909955193
leaf_weight=6918 5002 557 174 529 164 418 3420 183 1559 4899 351 815 362 158 379 4266 178 1653 963 11510 2683 43075 34406 293 1052 994 11208 156 241 12462 23661 215 15496 970 1228 5775 813 9432
leaf_count=6918 5002 557 174 529 164 418 3420 183 1559 4899 351 815 362 158 379 4266 178 1653 963 11510 2683 43075 34406 293 1052 994 11208 156 241 12462 23661 215 15496 970 1228 5775 813 9432
internal_value=-0.000622876 0.000845693 -0.0119731 0.0144648 0.00156469 0.104088 -0.005813 0.0102365 0.0564519 0.00812839 0.0259429 0.0710157 0.12042 0.197453 0.0655445 0.00201434 0.0138441 -0.0268304 0.0265489 -0.0184535 -0.0268092 -0.00174429 0.00150552 0.0203296 0.0607147 0.0254223 0.00911948 0.087728 -0.00180954 -0.00217817 -0.00804 0.00830955 -0.0133331 0.117886 0.0071949 0.0247794 0.0361399 -0.00121125
internal_weight=208618 184718 23900 4705 4113 592 3949 39932 1742 38190 9758 2065 1250 520 730 28432 7693 1831 5862 19195 14193 144786 101711 15230 3309 2046 11921 713 86481 86240 51834 12677 39157 1263 24166 7816 6588 16350
internal_count=208618 184718 23900 4705 4113 592 3949 39932 1742 38190 9758 2065 1250 520 730 28432 7693 1831 5862 19195 14193 144786 101711 15230 3309 2046 11921 713 86481 86240 51834 12677 39157 1263 24166 7816 6588 16350
is_linear=0
shrinkage=0.03


Tree=150
num_leaves=39
num_cat=0
split_feature=80 96 192 85 207 205 74 188 202 188 207 207 96 36 56 114 96 166 208 96 196 59 150 36 74 57 193 207 202 201 96 208 6 202 207 208 189 96
split_gain=3538.13 4849.53 4526.46 3901.1 3810.89 4384.94 4258.48 4623.58 4611.25 4302.41 3951.43 3381.06 3921.93 3125 3767.72 5120.47 4742.6 6614.62 3919.18 4192.18 3895.92 4438.82 4736.54 4294.1 4084.96 3603.93 3590.22 3065.76 6586.07 3004.5 2996.31 2913.61 2832.97 2439.23 5426.75 7136.59 2961.87 2457.91
threshold=19.487500190734867 23.158388137817386 0.51407682895660411 56.024999618530281 -0.64578425884246815 0.25000000000000011 70.340766906738295 3.5049320459365849 0.9536806344985963 0.80729177594184887 -0.7386675477027892 -0.99630266427993763 7.46480417251587 48.853670120239265 25.758779525756839 17.750663757324222 14.362927436828615 3.5000000000000004 -0.70900321006774891 19.928567886352543 35.500000000000007 0.6501978635787965 3.5843951702117924 154.9922790527344 54.911382675170906 27.430812835693363 15.34999990463257 0.99466374516487133 0.36648726463317877 22.500000000000004 19.279663085937504 1.0000000180025095e-35 179.12500000000003 -0.13052122294902799 0.98667103052139293 0.10623887926340105 174.27156829833987 11.291444778442385
decision_type=2 10 8 10 2 2 8 10 2 8 2 2 10 10 10 8 8 2 2 10 2 8 2 10 8 10 2 2 2 2 10 2 8 2 2 2 8 10
left_child=1 11 -2 4 6 33 7 8 10 -10 -4 12 -1 -13 15 18 29 -18 -15 -20 21 22 -16 26 -23 -25 -22 30 -29 -17 -7 -14 -8 37 36 -36 -35 -6
right_child=2 -3 3 -5 5 27 32 -9 9 -11 -12 13 31 14 20 16 17 -19 19 -21 23 24 -24 25 -26 -27 -28 28 -30 -31 -32 -33 -34 34 35 -37 -38 -39
leaf_value=0.01900837649673176 -0.041604317145202997 0.044023100243168786 -0.023056261306657028 -0.10258786160972271 0.054363077449086444 0.01504205795102111 0.21192106474993291 0.1302035414233331 0.22789970564326617 0.02399364920958065 0.028541548822192883 -0.019031396172842798 -0.016130183028235278 -0.092492948221074317 0.005158415511496043 0.13010897786638026 0.095188399099232657 -0.090477119447054832 0.032297456190008449 -0.029840495991113526 -0.10905732842080028 0.0040445621782344027 0.046618332566105834 -0.010507414384840692 -0.036110232337976687 -0.042460561333407809 0.0027137736708952699 0.019770271348296644 0.20403097856110336 0.0026003786759044548 -0.022998864376239235 -0.072892485756642811 0.042621818370460578 -0.034598761287267771 0.0039090645463171411 0.19892703647815679 0.024572364503934414 -0.035538622087662231
leaf_weight=1312 3549 2346 3398 369 284 4076 156 274 153 238 2201 6549 1760 250 72342 169 209 994 12365 1061 261 4665 2568 21065 4460 3741 28550 1286 202 10441 3433 1514 207 2911 512 252 1031 7538
leaf_count=1312 3549 2346 3398 369 284 4076 156 274 153 238 2201 6549 1760 250 72342 169 209 994 12365 1061 261 4665 2568 21065 4460 3741 28550 1286 202 10441 3433 1514 207 2911 512 252 1031 7538
internal_value=-0.000486629 0.00117786 -0.00965364 -0.00567785 -0.00440756 -0.010532 0.0154851 0.00969572 0.00418308 0.103788 -0.00277277 0.000601101 -0.0248168 0.00128804 0.00210373 0.0126986 -0.00176911 -0.0582202 0.0251954 0.0273869 0.000141888 0.00417329 0.00657972 -0.00617661 -0.0155818 -0.0153263 0.00170119 0.00544598 0.0447855 0.00463153 -0.00234963 -0.0423791 0.115383 -0.0220067 -0.00494025 0.0682365 -0.0191229 -0.0322744
internal_weight=208692 176622 32070 28521 28152 21525 6627 6264 5990 391 5599 174276 4586 169690 163141 25489 11813 1203 13676 13426 137652 84035 74910 53617 9125 24806 28811 8997 1488 10610 7509 3274 363 12528 4706 764 3942 7822
internal_count=208692 176622 32070 28521 28152 21525 6627 6264 5990 391 5599 174276 4586 169690 163141 25489 11813 1203 13676 13426 137652 84035 74910 53617 9125 24806 28811 8997 1488 10610 7509 3274 363 12528 4706 764 3942 7822
is_linear=0
shrinkage=0.03


Tree=151
num_leaves=39
num_cat=0
split_feature=92 79 59 203 8 137 197 57 203 77 132 95 172 95 14 122 189 203 85 57 162 98 173 129 50 205 196 155 70 203 141 200 134 132 145 199 199 63
split_gain=3725.79 3640.64 4219.77 3974.26 3925.67 3632.98 3002.28 2899.39 2750.3 2668.28 2659.66 2631.54 3045.72 5754.44 4556.01 4218.08 5634.7 15595.1 4034.71 3261.01 3125.36 3113.64 3051.61 2520.87 2519.17 2928.47 2643.92 3462.77 2511.26 4904.82 2372.21 2362.37 2317.43 2273.16 2269.44 2267.19 2246.71 2242.23
threshold=16.612500190734867 1.9598737359046938 0.38478769361972814 -0.60873827338218678 117.25000000000001 37.549999237060554 990.75000000000011 57.745483398437507 0.04361772537231446 64.626274108886733 -87.316574096679673 3.2191075086593632 2.4450000524520878 10.84046506881714 67.773822784423842 24.944270133972172 19.00316143035889 0.608738273382187 56.024999618530281 31.083530426025394 2.4401630163192753 -13.946000099182127 7.2999999523162851 125.16666793823244 38.487499237060554 0.68301269412040722 35.500000000000007 204.43999481201175 8.7874999046325701 0.46173103153705602 -6.2450428009033194 6.7500000000000009 2.0185869932174687 -27.612858772277828 14.150000095367433 284.50000000000006 134.50000000000003 93.549999237060561
decision_type=10 8 10 2 8 10 2 8 2 10 8 10 2 10 8 10 10 2 10 10 2 2 2 10 10 2 2 2 10 2 10 2 10 8 2 2 2 10
left_child=7 2 5 33 8 23 35 10 30 -10 -1 -12 15 22 32 18 17 -17 21 -16 -18 -13 -14 24 26 -26 -2 -28 29 -9 -5 -24 -15 -4 37 -7 -27 -6
right_child=1 -3 3 4 34 6 -8 28 9 -11 11 12 13 14 19 16 20 -19 -20 -21 -22 -23 31 -25 25 36 27 -29 -30 -31 -32 -33 -34 -35 -36 -37 -38 -39
leaf_value=0.045965674354522271 0.039401709358009754 0.11481586533985691 -0.016223996440029077 -0.012595607985623815 -0.053020405664284613 -0.0045089644819777596 0.0857101899183417 0.21941893363283177 -0.0022364160777017176 -0.05871599231787928 0.022898238573462026 -0.043956687220153202 0.0055897954504907851 0.027601284748647762 -0.0010168914834292298 0.012423495996056836 -0.063952979526876841 0.34756083974460683 -0.1047120075459138 -0.032596689723727229 0.016637581984584548 -0.0029373823007655519 -0.0012496324225967971 -0.023845765416506237 -0.0074680941368250172 -0.049307545211865575 0.018753893442735162 -0.10195204247870336 0.014741890397318371 0.027704541408327812 -0.073593754024640398 0.045574824538198049 -0.077327630347683377 0.049230030664829033 -0.12669073870656503 -0.045568994489477405 0.035617063384771816 0.067052780926017394
leaf_weight=1175 3600 213 909 1031 2922 2048 215 186 6299 855 4660 1691 4332 5646 21327 450 463 173 356 3414 6701 110230 1166 2513 8987 313 785 294 1010 339 1294 5760 196 1006 362 2959 2688 147
leaf_count=1175 3600 213 909 1031 2922 2048 215 186 6299 855 4660 1691 4332 5646 21327 450 463 173 356 3414 6701 110230 1166 2513 8987 313 785 294 1010 339 1294 5760 196 1006 362 2959 2688 147
internal_value=-0.000570158 -0.00887405 -0.00954571 -0.0221695 -0.0281519 -0.00187636 -0.0240607 0.00136459 -0.018199 -0.00898661 0.000989001 0.000671717 3.19827e-05 0.00700213 0.000251981 -0.00239703 0.0189547 0.105492 -0.00387789 -0.0053746 0.011429 -0.00355714 0.0253392 0.00416359 0.00838679 0.00110015 0.0270557 -0.0141356 0.0424078 0.0956297 -0.046545 0.0376918 0.0240807 0.0181606 -0.0556489 -0.0287744 0.0267593 -0.0472688
internal_weight=208715 39440 39227 14825 12910 24402 5222 169275 9479 7154 167740 166565 161905 41841 30583 120064 7787 623 112277 24741 7164 111921 11258 19180 16667 11988 4679 1079 1535 525 2325 6926 5842 1915 3431 5007 3001 3069
internal_count=208715 39440 39227 14825 12910 24402 5222 169275 9479 7154 167740 166565 161905 41841 30583 120064 7787 623 112277 24741 7164 111921 11258 19180 16667 11988 4679 1079 1535 525 2325 6926 5842 1915 3431 5007 3001 3069
is_linear=0
shrinkage=0.03


Tree=152
num_leaves=39
num_cat=0
split_feature=85 193 207 36 56 102 141 180 123 202 202 199 206 198 199 207 93 207 186 76 194 14 77 194 204 207 207 209 194 183 130 172 85 93 123 36 207 57
split_gain=3776.79 4194.2 3772.35 3494.6 4044.54 5686.86 5376.75 4474.98 5624.53 4049.19 3882.87 6451.58 15865.4 3652.29 3897.01 3590.31 3513.48 3190.82 3135.5 2991.6 6273.56 4686.1 4519.5 3934.3 3338.24 3143.4 5239.38 3461.62 3591.4 3452.04 3077.85 3504.16 3220.3 2940.72 2851.26 2690.16 2578.66 2539.6
threshold=19.812500000000004 8.9499998092651385 -0.99763298034667958 48.853670120239265 26.043302536010746 122.22916793823244 -7.94838523864746 0.89273139834404003 -0.2562358677387237 0.35019405186176306 -0.90255093574523915 282.50000000000006 0.68301269412040722 11.650000095367433 283.50000000000006 0.91248813271522533 3.498666644096375 -0.76694339513778675 0.21262507140636447 63.818643569946296 76.500000000000014 89.744564056396499 77.443691253662124 11.500000000000002 13.000000000000002 0.90531614422798168 0.91248813271522533 3.5000000000000004 32.500000000000007 170.6499938964844 -7.7749998569488517 9.6199998855590838 45.437500000000007 10.939549922943117 14.120636463165285 76.488449096679702 -0.58482360839843739 30.1926383972168
decision_type=8 2 2 10 10 10 8 2 10 2 2 2 2 2 2 2 8 2 10 10 2 10 8 2 2 2 2 2 2 10 10 2 10 8 8 10 2 10
left_child=2 -2 18 -4 6 7 13 16 9 -9 11 -8 -13 14 -5 -16 35 -10 -1 22 25 24 23 -3 -22 27 -27 -21 -29 33 31 32 -25 -28 -18 -6 -32 -7
right_child=1 19 3 4 5 37 10 8 17 -11 -12 12 -14 -15 15 -17 34 -19 -20 20 21 -23 -24 30 -26 26 29 28 -30 -31 36 -33 -34 -35 -36 -37 -38 -39
leaf_value=0.022843769573804178 -0.072650612830428951 -0.08761361107676395 -0.020970769701633554 0.035547547820863223 0.0019642104607138925 -0.0085916307718495004 0.0055722235175596491 -0.0046497112377595993 0.042568656748590575 0.027283230117915364 -0.0013982306210079348 0.043839086932420203 0.34873191553974553 -0.010700378435672196 0.050994685106324704 0.15838448136302968 -0.0082368789365866238 0.015780453852483105 -0.046595575896673048 0.084108014205300591 -0.16909389759195531 -0.005637532545853822 0.14601254942903247 0.0047485363201212692 -0.012979340639178414 -0.18355528356903711 -0.11012288082667236 0.063817885417507575 -0.025456618108777463 -0.099206267965737754 0.0026153170828101817 -0.028151448326941254 -0.051904362653485671 -0.0048348509358723942 0.0056221279885449952 0.040101440334882998 -0.048537648093114956 -0.041669532003133697
leaf_weight=766 879 498 5524 3915 3524 22383 2308 17349 5932 4501 13037 956 183 1095 631 504 35496 12299 2480 501 561 390 182 31110 158 187 256 539 1638 457 1450 3590 930 3541 21424 3155 2284 2304
leaf_count=766 879 498 5524 3915 3524 22383 2308 17349 5932 4501 13037 956 183 1095 631 504 35496 12299 2480 501 561 390 182 31110 158 187 256 539 1638 457 1450 3590 930 3541 21424 3155 2284 2304
internal_value=-0.00043553 -0.00770784 0.00180175 0.00246561 0.003323 0.00126152 0.0150171 0.0043427 0.0121937 0.00192832 0.00608858 0.0344047 0.0928282 0.0389678 0.0497376 0.0986827 -0.000605109 0.0244968 -0.0302089 -0.00652525 -0.0230011 -0.0893713 -0.00313988 -0.00382092 -0.134789 -0.0126617 -0.0281419 0.0130094 -0.00335293 -0.0213097 -0.00276081 -4.51444e-05 0.00310409 -0.0119339 -0.00302051 0.0199794 -0.0286737 -0.0116788
internal_weight=208917 49151 159766 156520 150996 128367 22629 103680 40081 21850 16484 3447 1139 6145 5050 1135 63599 18231 3246 48272 8228 1109 40044 39862 719 7119 4441 2678 2177 4254 39364 35630 32040 3797 56920 6679 3734 24687
internal_count=208917 49151 159766 156520 150996 128367 22629 103680 40081 21850 16484 3447 1139 6145 5050 1135 63599 18231 3246 48272 8228 1109 40044 39862 719 7119 4441 2678 2177 4254 39364 35630 32040 3797 56920 6679 3734 24687
is_linear=0
shrinkage=0.03


Tree=153
num_leaves=39
num_cat=0
split_feature=92 79 57 207 208 208 208 200 208 208 208 200 207 208 186 208 45 207 114 201 114 207 55 193 93 207 48 132 208 207 200 208 208 207 86 208 208 208
split_gain=3559.64 3465.3 3289.12 3187.22 3509.32 3155.38 3552.94 3151.84 5620.69 6064.71 14394 30409.9 8222.88 5849.18 5726.76 4715.89 4571.78 4362.17 5429.07 5298.54 6986.97 7057.59 3823.62 2675.9 5546.68 2928.01 2651.7 2745.04 3805.94 2870.14 3154.88 2537.49 2514.62 2827.37 2487.57 2296.86 2804.37 3694.65
threshold=16.612500190734867 1.9598737359046938 34.102230072021491 -0.99630266427993763 1.0000000180025095e-35 0.95178258419036876 -0.44505782425403589 16.050000190734867 -0.89404255151748646 0.94636487960815441 0.8930937945842744 15.550000190734865 -0.37447345256805414 0.86004966497421276 4.382646083831788 -0.88220417499542225 5.3375000953674325 -0.39036798477172846 -168.79865264892575 267.50000000000006 -271.93371582031244 -0.36647418141365046 118.91580200195314 6.4500000476837167 9.2022166252136248 -0.12546116113662717 10.66249990463257 -26.991853713989254 0.80798786878585827 0.9731498956680299 6.2500000000000009 0.19126587361097339 0.86004966497421276 -0.46038399636745447 10.612500190734865 0.8930937945842744 -0.16799793392419812 -0.11692317575216292
decision_type=10 8 10 2 2 2 2 2 2 2 2 2 2 2 8 2 10 2 10 2 10 2 8 2 8 2 10 10 2 2 2 2 2 2 8 2 2 2
left_child=3 2 26 4 -1 6 -4 8 -5 10 13 12 -12 15 -15 -10 34 18 32 20 21 -19 23 24 -11 -25 -2 -28 29 30 -29 -31 -18 -34 -9 36 -8 -38
right_child=1 -3 5 7 -6 -7 35 16 9 22 11 -13 -14 14 -16 -17 17 19 -20 -21 -22 -23 -24 25 -26 -27 27 28 -30 31 -32 -33 33 -35 -36 -37 37 -39
leaf_value=0.00040124234105621555 -0.025780111972258546 0.11464865900910617 -0.10426320854445775 -0.0099256849412863567 -0.052224503352800163 -0.14486452549741413 0.011516566555563604 -0.0059696173499971987 0.074762710836779628 -0.204385043850664 0.12299411354602306 0.44122240448619848 0.022822292957233495 0.00073773731830367316 -0.099428917958479426 0.008973466566891795 -0.02561614950399313 0.22427914332312332 0.0028011702695545366 -0.006004628327760538 -0.0082777974219266602 0.030472358768851054 -0.16040536019926196 -0.024994524199047373 0.0078358501986826902 0.0047430189038203284 0.00089154589398430465 0.095662892095339361 -0.064191135757502724 -0.0088822934465059948 -0.0028267300153226619 -0.093346467159256721 -0.19134922440828997 -0.039258187502382455 -0.038485086123647455 0.065576703314022752 -0.15765864345546665 -0.031546030921831628
leaf_weight=2535 5386 204 487 18585 2073 223 1155 3848 995 189 992 186 2875 1242 876 67768 7800 172 10561 14709 5473 10025 151 4681 268 8200 25433 411 1468 1103 1017 451 178 288 4709 275 241 1578
leaf_count=2535 5386 204 487 18585 2073 223 1155 3848 995 189 992 186 2875 1242 876 67768 7800 172 10561 14709 5473 10025 151 4681 268 8200 25433 411 1468 1103 1017 451 178 288 4709 275 241 1578
internal_value=-0.000555099 -0.00867317 -0.00931453 0.00133481 -0.0232735 -0.0352424 -0.0286986 0.00202301 0.00507147 0.00822362 0.0115571 0.0665426 0.0485197 0.00841297 -0.040691 0.00992545 -0.00362435 -0.000104761 -0.0114512 0.00692705 0.0190657 0.0337417 -0.0102943 -0.00859476 -0.0799332 -0.00606369 -0.00640407 -0.00291178 -0.0246489 -0.00518249 0.0255202 -0.033396 -0.0296607 -0.0973566 -0.0238633 -0.0173717 -0.0250421 -0.0482557
internal_weight=208811 39432 39228 169379 4608 3959 3736 164771 107008 88423 74934 4053 3867 70881 2118 68763 57763 49206 18827 30379 15670 10197 13489 13338 457 12881 35269 29883 4450 2982 1428 1554 8266 466 8557 3249 2974 1819
internal_count=208811 39432 39228 169379 4608 3959 3736 164771 107008 88423 74934 4053 3867 70881 2118 68763 57763 49206 18827 30379 15670 10197 13489 13338 457 12881 35269 29883 4450 2982 1428 1554 8266 466 8557 3249 2974 1819
is_linear=0
shrinkage=0.03


Tree=154
num_leaves=39
num_cat=0
split_feature=205 194 76 201 204 194 207 199 207 207 192 201 15 76 198 201 194 207 85 16 194 35 189 194 201 199 207 56 187 194 202 59 208 208 56 167 207 202
split_gain=3494.56 6970.82 8281.25 7159.34 9503.06 7683.28 7705 9981.32 7325.54 13522.9 26283.8 8227.78 6785.78 6625.18 6435.97 11150.8 10991.8 9243.47 5983.13 5653.57 5602.69 5248.47 5118.83 4679.63 4218 8776.35 18554.5 4289.15 3990.71 3817.89 7265.6 4798.93 5020.89 5444.1 4512.84 3462.43 3174.87 4520.37
threshold=-0.68301269412040699 79.500000000000014 51.950654983520515 297.50000000000006 5.0000000000000009 34.500000000000007 0.99983760714530956 63.500000000000007 -0.95754238963127125 -0.9413962960243224 0.92041596770286571 292.50000000000006 188.20803070068362 40.738109588623054 8.0500001907348651 107.50000000000001 31.500000000000004 0.97508442401885997 45.437500000000007 196.47754669189456 62.500000000000007 172.63194274902347 67.018001556396499 21.500000000000004 37.500000000000007 284.50000000000006 -0.37447345256805414 126.95793533325197 44.215223312377937 57.500000000000007 0.9996192753314973 0.6501978635787965 -0.35846087336540217 -0.25206183642148966 88.903095245361342 119.58500289916994 0.98522606492042553 0.52247866988182079
decision_type=2 2 10 2 2 2 2 2 2 2 8 2 10 8 2 2 2 2 8 8 2 10 8 2 2 2 2 8 10 2 2 10 2 2 10 2 2 2
left_child=13 3 35 4 5 14 7 20 -6 10 -10 12 -11 24 16 28 22 -18 -4 -9 -7 -20 -2 -17 25 -1 -27 -26 -16 30 31 36 -33 -34 -31 -3 -5 -38
right_child=1 2 18 29 8 6 -8 19 9 11 -12 -13 -14 -15 15 23 17 -19 21 -21 -22 -23 -24 -25 27 26 -28 -29 -30 34 -32 32 33 -35 -36 -37 37 -39
leaf_value=0.0034275757872939475 -0.0034786600369335679 -0.0023484149337822092 -0.025504521760201834 0.011936259638338435 -0.025932103635523611 -0.16179643850955192 0.17288719685700329 0.004695071782553753 0.52626988668694719 0.036380811745753222 0.0021379340445368857 0.22507724146516569 -0.0018854028660684375 -0.017615273153507881 0.1476041666399599 -0.10161571211678602 0.30840581931501893 -0.001262545897567466 -0.1623333994189069 -0.040437919137992252 -0.03578143926513655 -0.036791695017618892 -0.14627812345608002 0.063570608798027145 0.0011333688974816511 0.38078622485382019 0.031593653291997793 -0.15570252507467752 0.32782115602181083 -0.0094942691764586945 0.18825558578445117 -0.066989325537774633 0.084724704819617566 -0.016508231254119727 -0.085029119086521915 -0.12359066524648647 -0.024898612657297262 0.10914452307655469
leaf_weight=1463 934 44320 4918 26537 2159 537 216 17039 145 17715 212 191 5455 26871 380 198 173 174 606 2927 777 593 298 700 23104 195 460 158 156 17524 192 1570 538 4294 742 213 3742 241
leaf_count=1463 934 44320 4918 26537 2159 537 216 17039 145 17715 212 191 5455 26871 380 198 173 174 606 2927 777 593 298 700 23104 195 460 158 156 17524 192 1570 538 4294 742 213 3742 241
internal_value=-0.000516248 0.00172762 -0.00742417 0.00611029 0.0142932 0.000905883 -0.00538269 -0.00719229 0.0269727 0.0317886 0.21503 0.0289882 0.0273716 -0.00723338 0.0457712 0.0917802 0.0039866 0.153128 -0.0401545 -0.00192139 -0.0872818 -0.100244 -0.0380206 0.0271476 0.00375841 0.0442895 0.135556 6.80302e-05 0.200061 -0.00133467 0.0041913 0.00323408 -0.0203807 -0.00523663 -0.0125627 -0.00292835 0.00818763 -0.0167877
internal_weight=208667 156416 50650 105766 50386 24509 21496 21280 25877 23718 357 23361 23170 52251 3013 1434 1579 347 6117 19966 1314 1199 1232 898 25380 2118 655 23262 536 55380 37114 36922 6402 4832 18266 44533 30520 3983
internal_count=208667 156416 50650 105766 50386 24509 21496 21280 25877 23718 357 23361 23170 52251 3013 1434 1579 347 6117 19966 1314 1199 1232 898 25380 2118 655 23262 536 55380 37114 36922 6402 4832 18266 44533 30520 3983
is_linear=0
shrinkage=0.03


Tree=155
num_leaves=39
num_cat=0
split_feature=205 194 190 190 97 199 205 199 123 194 59 207 197 202 207 208 94 199 199 207 207 197 104 206 203 207 202 197 194 183 79 36 114 194 183 205 161 207
split_gain=3480.88 7424.22 9709.72 6834.27 5479.12 4770.66 4632.55 10881.1 24427.9 6586.17 4921.44 6341.06 4817.67 6450.76 13046.8 4959.51 4437.97 4413.46 13104 26605.9 6029.55 4786.16 7393.2 3923.7 4250.95 7747.1 9330.19 6880.31 3873.63 3818.5 3112.18 3083.33 3048.18 2794.35 3539.38 3348.78 3079.24 2642.55
threshold=-0.68301269412040699 62.500000000000007 0.022878288291394714 0.54850912094116222 5.0222795009613046 353.50000000000006 0.68301269412040722 298.50000000000006 -2.9410564899444576 48.500000000000007 0.69705206155776989 0.93544191122055065 983.75000000000011 0.78257837891578685 -0.30983471870422358 0.80798786878585827 13.972774028778078 308.50000000000006 304.50000000000006 -0.38242425024509424 0.98932364583015453 984.85000610351574 14.731250286102297 0.25000000000000011 0.28400452435016638 -0.76694339513778675 -0.67556449770927418 974.54998779296886 45.500000000000007 19.128720283508304 0.21923163533210757 151.57994079589847 -656.75030517578114 76.500000000000014 55.626373291015632 0.68301269412040722 429.76499938964849 -0.48314717411994929
decision_type=2 2 8 10 2 2 2 2 10 2 8 2 2 2 2 2 8 2 2 2 2 2 10 2 2 2 2 2 2 10 10 10 10 2 8 2 2 2
left_child=16 2 -2 5 -3 17 12 10 -9 -10 32 -12 28 15 -15 -14 -1 18 20 -20 -4 22 -19 -18 -25 26 -26 -27 29 -5 -6 -30 -8 34 -32 -36 -37 -29
right_child=1 4 3 6 30 -7 7 8 9 -11 11 -13 13 14 -16 -17 23 21 19 -21 -22 -23 -24 24 25 27 -28 37 31 -31 33 -33 -34 -35 35 36 -38 -39
leaf_value=-0.00061967928091383781 0.19617377039408049 -0.0011078159804692579 0.012652129265113646 0.14678383801891945 0.10392701185970081 0.16112963216530254 -0.014662490852915081 0.46833920152743153 0.10558748490410359 -0.059087294215449858 -0.15560522205118049 0.025596708404636896 0.022751506962745454 0.23073693499636674 -0.010452162065987937 -0.020433621075211739 -0.028176749139849886 0.0087669413205948062 0.34976386291874156 0.03621644321222104 0.057945299854841308 -0.036172541300785531 0.22505176887324435 -0.027559577668748298 0.33695388090763895 0.21025189186666909 0.0012277673689022094 -0.074795276168343805 -0.013393173548192991 -0.0069415657712306681 -0.071244940152943789 -0.059445756832836941 0.052731311078205549 -0.04162287237511985 -0.026770836607484808 0.045166481989821192 -0.039722447185028709 0.0099991917757790861
leaf_weight=33288 250 82207 18237 147 168 212 1184 147 709 316 371 327 5744 351 475 4103 12895 4385 331 922 3094 2463 147 2659 149 146 149 378 2710 13507 735 2530 1233 5231 2139 1700 497 2647
leaf_count=33288 250 82207 18237 147 168 212 1184 147 709 316 371 327 5744 351 475 4103 12895 4385 331 922 3094 2463 147 2659 149 146 149 378 2710 13507 735 2530 1233 5231 2139 1700 497 2647
internal_value=-0.000525299 0.00171318 0.00958078 0.0088478 -0.00371104 0.0193275 -0.000374136 0.0287701 0.106689 0.054819 -0.000546569 -0.0707157 -0.00459986 0.0115123 0.0920396 0.0047573 -0.0072253 0.0183111 0.0247604 0.119047 0.0192218 -0.00251103 0.0157829 -0.0187843 0.000979899 0.0228556 0.169097 0.00911173 -0.0137015 -0.00528642 -0.0241506 -0.0356286 0.0197175 -0.0262394 -0.0103704 -5.12121e-05 0.0259629 -0.000596683
internal_weight=208883 156572 63895 63645 92677 29791 33854 4287 1172 1025 3115 698 29567 10673 826 9847 52311 29579 22584 1253 21331 6995 4532 19023 6128 3469 298 3171 18894 13654 10470 5240 2417 10302 5071 4336 2197 3025
internal_count=208883 156572 63895 63645 92677 29791 33854 4287 1172 1025 3115 698 29567 10673 826 9847 52311 29579 22584 1253 21331 6995 4532 19023 6128 3469 298 3171 18894 13654 10470 5240 2417 10302 5071 4336 2197 3025
is_linear=0
shrinkage=0.03


Tree=156
num_leaves=39
num_cat=0
split_feature=151 193 199 201 206 76 201 156 36 204 202 201 113 141 204 193 56 16 193 76 199 206 193 199 77 183 199 105 199 202 193 193 193 201 55 161 199 56
split_gain=3140.7 3246.99 7830.28 3259.78 6640.51 7794.35 18367.9 37423.3 10619 6296.02 5970.69 22502.1 21432.7 6205.43 4595.62 4257.72 4354.54 3778.42 7088.01 4594.13 3842.78 3747.1 5573.43 7934.93 5403.38 3709.35 3469.6 6318.37 3421.2 3282.56 3007.9 2980.39 4573.7 3101.65 2880.38 2845.04 2642.11 2621.38
threshold=62.465000152587898 9.3499999046325701 276.50000000000006 627.50000000000011 -0.25000000000000006 7.9195461273193368 32.500000000000007 4.9032161235809335 335.36445617675787 11.000000000000002 0.35019405186176306 107.50000000000001 -89.376628875732408 -8.1174097061157209 9.0000000000000018 18.150000572204593 103.6166343688965 189.46875000000003 9.8499999046325701 45.176879882812507 272.50000000000006 -0.93301269412040699 21.349999427795414 305.50000000000006 7.6267378330230722 192.81833648681643 299.50000000000006 29.797602653503422 343.50000000000006 -0.96359375119209278 11.750000000000002 21.250000000000004 23.849999427795414 1077.5000000000002 109.30863189697267 93.939998626708999 335.50000000000006 22.671717643737797
decision_type=2 2 2 2 2 8 2 2 10 2 2 2 10 10 2 2 10 10 2 8 2 2 2 2 10 10 2 10 2 2 2 2 2 2 10 2 2 8
left_child=1 2 -1 4 9 6 7 30 -8 10 13 12 -12 37 -13 16 -5 18 -7 29 -20 22 23 24 -17 -15 27 -24 -28 -19 -6 -23 33 -33 -21 -4 -34 -3
right_child=-2 3 35 15 5 17 8 -9 -10 -11 11 14 -14 25 -16 21 -18 19 20 34 -22 31 26 -25 -26 -27 28 -29 -30 -31 -32 32 36 -35 -36 -37 -38 -39
leaf_value=0.05096720592041544 -0.023920087614781999 0.060374742703303348 -0.033588608302329528 -0.035015733436163377 0.1255815191889883 0.16895538943826072 -0.024789499590786798 0.57984015013217283 0.16767092444801249 -0.0063242267403825587 0.37139959710275189 0.0061849473678576104 0.049718991101703934 0.04209503366272152 0.057997320751601834 0.13008633367548808 -0.18768293430005892 0.026594872759083212 -0.0045921550229464612 -0.056082388978648673 0.0080620711967253362 -0.044180479701073132 0.0065826847728294689 0.21202145418274809 -0.059937376961850392 0.19500414283775344 -0.026563102802056204 0.091720942258050761 0.081977707937934186 -0.011733152120395118 -0.026554882176894258 0.011040057628824906 -0.011031857773534196 0.090473230387852155 -0.015373549301028652 -0.10153216088001887 0.032332220578621437 0.0010222793100910668
leaf_weight=849 4975 706 1879 1592 251 225 1645 165 306 9255 353 3732 395 3418 2624 228 188 2597 55086 3022 35528 2033 8726 287 329 149 3737 862 281 8913 219 1342 33588 660 3243 787 1314 13031
leaf_count=849 4975 706 1879 1592 251 225 1645 165 306 9255 353 3732 395 3418 2624 228 188 2597 55086 3022 35528 2033 8726 287 329 149 3737 862 281 8913 219 1342 33588 660 3243 787 1314 13031
internal_value=-0.000369926 0.000205681 -0.0283779 0.000707964 0.00307132 -0.000462684 0.0510112 0.191155 0.00539696 0.0147453 0.0227344 0.0458918 0.201531 0.0132274 0.0275752 -0.00549796 -0.0511413 -0.00168824 0.000786913 -0.0143375 0.000369319 -0.00397613 0.00907049 0.0838771 0.0178463 0.0484829 0.00443004 0.0142371 -0.018972 -0.00308516 0.0546925 -0.0088179 -0.0068698 0.0372273 -0.0350101 -0.0536459 -0.00939926 0.00407271
internal_weight=208520 203545 3515 200030 144863 111200 2586 635 1951 33663 24408 7104 748 17304 6356 55167 1780 108614 90839 17775 90614 53387 14450 844 557 3567 13606 9588 4018 11510 470 38937 36904 2002 6265 2666 34902 13737
internal_count=208520 203545 3515 200030 144863 111200 2586 635 1951 33663 24408 7104 748 17304 6356 55167 1780 108614 90839 17775 90614 53387 14450 844 557 3567 13606 9588 4018 11510 470 38937 36904 2002 6265 2666 34902 13737
is_linear=0
shrinkage=0.03


Tree=157
num_leaves=39
num_cat=0
split_feature=80 181 194 41 105 191 200 201 175 200 191 196 200 77 194 204 97 201 95 80 194 189 185 105 203 201 200 184 191 104 56 203 194 95 201 66 201 184
split_gain=3523.3 7995.58 4600.93 4091.59 3735.93 5696.1 3915.39 5131.29 5067.4 4923.2 3837.96 3917 3716.24 3510.56 3534.7 3604.41 3480.81 3402.91 3311.99 2956.7 2947.58 2862.63 2852.68 2847.53 4116.56 3443.38 3370.68 3132.45 2774.41 5181.87 2702.8 2603.41 2570.45 4144.29 5402.5 2970.28 8390.3 2916.63
threshold=19.487500190734867 4.0000000000000009 45.500000000000007 175.07500457763675 -49.962715148925774 22.503011703491214 14.250000000000002 1077.5000000000002 713.82000732421886 9.8499999046325701 23.110574722290043 1.0000000180025095e-35 7.8500001430511483 77.443691253662124 89.500000000000014 13.000000000000002 5.1704685688018808 637.50000000000011 26.689990997314457 35.850000381469734 71.500000000000014 57.974115371704109 655.35000610351574 29.797602653503422 0.6755644977092744 1042.5000000000002 7.6499998569488534 0.16136000305414203 28.855376243591312 125.22291564941408 58.385360717773445 0.46173103153705602 83.500000000000014 8.8951435089111346 47.500000000000007 0.91249999403953563 42.500000000000007 2.1918339729309086
decision_type=2 2 2 10 10 10 2 2 2 2 10 2 2 8 2 2 2 2 8 2 2 10 10 10 2 2 2 10 8 10 10 2 2 8 2 8 2 8
left_child=2 19 4 13 5 6 7 8 9 -1 11 -7 -10 14 15 20 17 32 -18 -2 21 -3 -12 27 25 26 -25 -6 30 -30 -17 -27 35 -34 -35 36 -4 -36
right_child=1 3 16 -5 23 10 -8 -9 12 -11 22 -13 -14 -15 -16 28 18 -19 -20 -21 -22 -23 -24 24 -26 31 -28 -29 29 -31 -32 -33 33 34 37 -37 -38 -39
leaf_value=-0.0036931224789150613 0.051560748388443656 0.016707125053408968 0.26964742962260069 0.081659270432388992 0.12430734296438403 0.26068060048826253 -0.003739210615353282 0.0021819195888920432 0.064496801784938398 0.075052868846873608 0.027721086478986471 0.048139974224317629 0.2652428083446885 0.10802233837789128 -0.065027075362949174 -0.027201228621223313 -0.019610311165803689 -0.0105447086323178 0.073548525483286484 0.19704682947695551 -0.026838166060427836 -0.011506545337973186 0.082847949494168335 0.11858044961819329 -0.046002136904530221 0.13076623783447247 0.0054451004944299653 -0.0093067484140566814 -0.021448159702856504 0.057773145871314054 -0.072170026762415587 0.021096137627705892 0.0037302729266013206 0.0097685949066855446 -0.015148542114607711 0.0056133849060240326 0.0059836276532698185 -0.047857135409770067
leaf_weight=1254 905 6881 147 411 160 145 8922 3710 166 1661 4358 169 166 212 1196 5145 11531 22141 354 146 3724 6111 1048 266 669 508 2174 12061 4836 878 1570 316 26816 4960 6049 62375 416 4128
leaf_count=1254 905 6881 147 411 160 145 8922 3710 166 1661 4358 169 166 212 1196 5145 11531 22141 354 146 3724 6111 1048 266 669 508 2174 12061 4836 878 1570 316 26816 4960 6049 62375 416 4128
internal_value=-0.000445677 -0.00960272 0.0012137 -0.0123649 0.0105005 0.0186619 0.00941534 0.0262854 0.0538257 0.0411772 0.0443308 0.146294 0.164876 -0.0136297 -0.0144798 -0.0124055 -0.00131013 0.000142403 -0.0168354 0.0717729 -0.00330822 0.00343633 0.0384081 -0.00041194 0.0217907 0.035686 0.0177793 -0.00755732 -0.0246405 -0.00927505 -0.0377153 0.0887095 0.00239831 -0.00335386 -0.0159038 0.00623257 0.0748306 -0.0284159
internal_weight=208685 32015 176670 30964 37753 21599 15879 6957 3247 2915 5720 314 332 30553 30341 29145 138917 127032 11885 1051 16716 12992 5406 16154 3933 3264 2440 12221 12429 5714 6715 824 104891 41953 15137 62938 563 10177
internal_count=208685 32015 176670 30964 37753 21599 15879 6957 3247 2915 5720 314 332 30553 30341 29145 138917 127032 11885 1051 16716 12992 5406 16154 3933 3264 2440 12221 12429 5714 6715 824 104891 41953 15137 62938 563 10177
is_linear=0
shrinkage=0.03


Tree=158
num_leaves=39
num_cat=0
split_feature=80 41 194 97 192 85 202 203 208 193 202 205 208 96 202 96 206 163 200 193 208 169 96 16 194 206 16 162 200 95 185 55 208 194 208 208 202 55
split_gain=3394.28 5120.55 4424.88 3570.81 3490.21 3571.58 3325.69 5196.06 6335.74 10461.4 6912.73 8369.52 4639.82 7861.02 4649.3 4378.47 3394.92 3271.27 3249.1 6445.26 4234.76 3147.81 3358.75 3037.04 3050.63 2960.12 3520.43 2919.68 2878.37 2856.51 2792.87 2712.97 5087.02 2684.99 2556.21 12283.3 38515.2 15824.1
threshold=19.487500190734867 175.07500457763675 45.500000000000007 7.2288143634796151 0.51407682895660411 56.024999618530281 -0.30069434642791742 -0.0087262028828264185 -0.19337245076894757 31.44999980926514 -0.62249094247817982 -1.0000000180025095e-35 0.33222858607769018 11.291444778442385 -0.78257837891578663 22.112794876098636 0.93301269412040722 100.13500213623048 21.250000000000004 24.750000000000004 0.30778898298740393 9.5100002288818377 16.922577857971195 34.52476882934571 95.500000000000014 -0.93301269412040699 128.31351470947268 5.566108465194703 12.949999809265138 3.2191075086593632 112.57166671752931 24.60494422912598 -0.27694045007228846 12.500000000000002 0.29958851635456091 0.33222858607769018 0.96359375119209301 33.133853912353523
decision_type=2 10 2 2 8 10 2 2 2 2 2 2 2 8 2 10 2 2 2 2 2 2 8 10 2 2 10 2 2 8 10 10 2 2 2 2 2 10
left_child=2 4 6 29 -2 23 7 30 9 10 11 -9 18 14 -14 -15 25 21 20 -20 -10 22 -5 -6 31 26 -8 -19 -18 -4 -1 32 -25 -33 -31 36 37 -36
right_child=1 -3 3 17 5 -7 16 8 12 -11 -12 -13 13 15 -16 -17 28 27 19 -21 -22 -23 -24 24 -26 -27 -28 -29 -30 34 -32 33 -34 -35 35 -37 -38 -39
leaf_value=0.022853432208712658 -0.038786459182085835 0.092826838005814163 0.024324487426151519 -0.069312235292829052 0.065032420062365551 -0.099475958807155512 0.040223466071652357 0.35045977423996982 -0.021361400828607279 0.015946045751062198 -0.034376537960715027 0.10966268560774418 0.099196789393589072 -0.0038407825423314511 0.010355816154964394 0.14477119379654566 0.21049229193165561 0.022404050876177559 0.11978595736237954 -0.013338253944037396 -0.15066639604910959 -0.16373418022997271 0.00051928645990824591 -0.098267791730645371 -0.10144183430674128 0.012896486687571167 0.17031744725580389 -0.03566485975629486 0.053917279611268167 -0.0048165491233170543 -0.040845521496686792 -0.048747473749804988 0.004979567482418709 -0.0017074381671011772 0.29764580289731785 0.0013851579198823651 0.49982896418375861 -0.0075239210798498457
leaf_weight=780 3561 435 4120 1439 531 373 1660 151 5965 4965 241 930 1350 7124 873 183 151 1756 437 1304 237 197 1089 798 307 7835 211 1401 352 71822 3010 1144 930 24053 176 55487 180 1166
leaf_count=780 3561 435 4120 1439 531 373 1660 151 5965 4965 241 930 1350 7124 873 183 151 1756 437 1304 237 197 1089 798 307 7835 211 1401 352 71822 3010 1144 930 24053 176 55487 180 1166
internal_value=-0.000432591 -0.0094012 0.0011993 -0.00127726 -0.0108042 -0.00726262 0.0103052 0.00488538 0.0100889 0.0359149 0.110911 0.143302 0.000796298 0.0149098 0.0643082 -0.000118639 0.024931 -0.0241512 -0.016137 0.0200769 -0.0263029 -0.048232 -0.0392305 -0.00602367 -0.00740924 0.0209926 0.0548957 -0.00336543 0.100925 -0.000265273 -0.0277358 -0.00633703 -0.0427007 -0.00384319 -0.00105166 0.00369149 0.0877717 0.0324998
internal_weight=208724 32132 176592 138833 31697 28136 37759 27550 23760 6287 1322 1081 17473 9530 2223 7307 10209 5882 7943 1741 6202 2725 2528 27763 27232 9706 1871 3157 503 132951 3790 26925 1728 25197 128831 57009 1522 1342
internal_count=208724 32132 176592 138833 31697 28136 37759 27550 23760 6287 1322 1081 17473 9530 2223 7307 10209 5882 7943 1741 6202 2725 2528 27763 27232 9706 1871 3157 503 132951 3790 26925 1728 25197 128831 57009 1522 1342
is_linear=0
shrinkage=0.03


Tree=159
num_leaves=39
num_cat=0
split_feature=80 40 192 198 204 203 76 175 141 201 199 160 54 36 193 196 203 76 193 204 198 94 187 99 85 123 79 204 74 204 199 199 57 196 180 149 76 85
split_gain=3122.15 5227.86 3191.11 3073.78 2841.6 7136.38 7088.46 15557.4 4426.42 6161.96 6428.43 5480.89 4541.07 3452.6 3315.49 11414.3 3130.37 4848.57 3266.44 4455.01 3113.48 3095.42 3708.62 2886.69 2802.01 2772.57 2796.79 2692.09 3448.6 2660.51 3087.24 2585.71 2481.61 4949.64 3701.3 3478.16 3095.33 2510.91
threshold=19.487500190734867 175.07500457763675 0.51407682895660411 5.7500000000000009 19.000000000000004 -0.061046212911605828 7.9195461273193368 27.550000190734867 -3.55385410785675 242.50000000000003 290.50000000000006 24.500000000000004 193.29673767089847 339.59889221191412 14.750000000000002 93.500000000000014 -0.60873827338218678 3.2473415136337285 6.4500000476837167 3.0000000000000004 6.5499999523162851 4.1269710063934335 109.25000000000001 0.30678492784500128 56.024999618530281 -9.6981015205383283 1.3890395164489748 13.000000000000002 1.4637546539306643 5.0000000000000009 100.50000000000001 148.50000000000003 27.032424926757816 95.500000000000014 0.12172532454133035 35.039999008178718 13.902046680450441 28.162499427795414
decision_type=2 10 8 2 2 2 8 2 10 2 2 2 10 10 2 2 2 8 2 2 2 8 10 2 10 8 10 2 10 2 2 2 10 2 2 2 8 8
left_child=4 2 -2 -3 16 -6 7 13 12 10 11 -10 14 -7 15 -8 17 -1 19 -18 -16 22 -20 -21 27 -19 -27 28 -4 30 -30 -31 35 34 -34 37 -35 -23
right_child=1 3 24 -5 5 6 8 -9 9 -11 -12 -13 -14 -15 20 -17 18 25 21 23 -22 32 -24 -25 -26 26 -28 -29 29 31 -32 -33 33 36 -36 -37 -38 -39
leaf_value=0.1644444461553001 -0.037193123144470631 0.20647332279197922 0.10967922780587636 0.038428685463324078 -0.0094162967133004458 0.00056426608279729312 0.025563744247322332 0.39091888985145384 0.22508817623595614 -0.011604076945174388 -0.027635064469936989 0.027590499356851456 0.13558031559210634 0.16239610699427146 0.021923318110425916 0.28639201956403942 0.059808035903306363 0.04917088527526408 0.013389694599049411 -0.044116748377597194 -0.0068719191304478268 -0.00087360966755248466 0.1327538362517835 -0.20503063869160634 -0.088549833064771807 0.0038866085666784448 0.065998100616849409 -0.017089311473312978 -0.064739669003497174 0.038081547914209556 -0.0060749473844281341 0.0014816131351494456 -0.081414101137196077 0.028294605780310303 -0.0040782903730872391 0.029186078285469964 -0.085123635249508597 -0.014837611275342019
leaf_weight=180 3545 145 263 302 10794 436 1779 145 443 511 198 177 268 163 6050 165 159 1400 6511 193 7656 87782 243 209 374 22437 672 11370 941 2297 5684 7129 592 260 9412 3172 1296 13352
leaf_count=180 3545 145 263 302 10794 436 1779 145 443 511 198 177 268 163 6050 165 159 1400 6511 193 7656 87782 243 209 374 22437 672 11370 941 2297 5684 7129 592 260 9412 3172 1296 13352
internal_value=-0.00031825 -0.00893277 -0.0103738 0.0929439 0.00124465 0.00986841 0.0214386 0.112103 0.0175274 0.0701257 0.121182 0.168708 0.0131359 0.0446045 0.011039 0.0477034 -0.00043408 0.00931579 -0.00238824 -0.0746124 0.00583864 -0.00205779 0.0176845 -0.12778 -0.00698524 0.00817641 0.00569283 -0.00588329 0.00192669 0.000161051 -0.0144077 0.0104006 -0.00320861 -0.0163968 -0.00865485 -0.00174698 -0.0661717 -0.00271718
internal_weight=208705 32050 31603 447 176655 28785 17991 744 17247 1329 818 620 15918 599 15650 1944 147870 24689 123181 561 13706 122620 6754 402 28058 24509 23109 27684 16314 16051 6625 9426 115866 11560 10004 104306 1556 101134
internal_count=208705 32050 31603 447 176655 28785 17991 744 17247 1329 818 620 15918 599 15650 1944 147870 24689 123181 561 13706 122620 6754 402 28058 24509 23109 27684 16314 16051 6625 9426 115866 11560 10004 104306 1556 101134
is_linear=0
shrinkage=0.03


Tree=160
num_leaves=39
num_cat=0
split_feature=95 208 208 181 35 208 196 199 55 94 208 161 16 59 94 36 208 208 198 197 122 199 189 196 16 199 56 129 74 193 97 203 95 87 176 208 197 197
split_gain=3170.21 8077.22 6973.09 5727.56 12037.7 9447.85 6828.81 11361.8 6533.29 6444.71 4468.47 4211.3 5709.4 5511 8046.57 8734.91 4516.2 4596.29 4454.28 5352.31 4275.61 4712.17 3842.71 3623.62 3578.75 3511.96 3383.93 4635.99 3315.51 3106.33 3096.54 3076.73 6756.81 3218.22 3176.76 5779.83 3728.29 2987.8
threshold=8.7756133079528826 -0.70900321006774891 -0.69676771759986866 60.000000000000007 189.11804962158206 0.99445194005966198 2.5000000000000004 76.500000000000014 54.259969711303718 4.8272233009338388 0.8930937945842744 54.460000991821296 189.46875000000003 0.69046279788017284 24.323740005493168 310.33868408203131 -0.44505782425403589 0.44312302768230444 6.4500000476837167 981.14999389648449 34.584375381469734 94.500000000000014 214.50000000000003 88.500000000000014 20.489163398742679 96.500000000000014 30.820528030395511 71.333332061767592 37.613040924072273 39.649999618530281 4.6300384998321542 -0.63605400919914235 22.898552894592289 17.037499427795414 0.19500000029802325 -0.27694045007228846 979.35000610351574 988.64999389648449
decision_type=10 2 2 2 10 2 2 2 10 10 2 2 10 10 8 10 2 2 2 2 10 2 8 2 8 2 10 10 10 2 2 2 10 8 2 2 2 2
left_child=3 -2 -3 8 24 6 7 -6 -1 -9 -10 31 13 14 15 -13 28 -18 19 -14 21 -20 -21 -16 -5 -7 27 -26 -15 -28 -22 32 -4 -33 36 -36 -35 -11
right_child=1 2 11 4 5 25 -8 9 10 37 -12 12 18 16 23 -17 17 -19 20 22 30 -23 -24 -25 26 -27 29 -29 -30 -31 -32 33 -34 34 35 -37 -38 -39
leaf_value=-0.00065071381058838681 -0.043267002747425891 0.14722846723549124 0.005539027495282991 -0.024590144035889362 0.34826475285844788 0.12350636987203606 0.027208040264750172 0.23365045847098306 -0.059610613340726523 0.08754469452077096 0.040192360470015724 0.015294037281403898 0.14361092030311876 0.061691568383584201 -0.010585064112511403 0.2394750883144651 0.0098534070460456185 -0.032870854183200265 0.062332831610673649 -0.0086715345856814129 -1.5326893043029614e-05 -0.036226321887649612 0.038920956707313339 -0.077064321495923349 0.0034678716535898883 -0.018533174022935549 -0.0036451971215181451 0.037024849364986477 -0.092180368531528264 0.077342291278094707 0.10111141659740748 -0.0059471953227557602 0.20535608453745463 0.052375422227915719 -0.12374099556250719 -0.026451358154846633 -0.015826683829482737 0.01548399589916276
leaf_weight=23379 4364 282 6418 3516 152 170 2291 234 2864 2094 470 41978 239 146 6234 157 6071 3616 458 8381 1542 9333 1867 837 8770 1996 17296 6416 921 437 331 29453 156 920 581 10158 3341 688
leaf_count=23379 4364 282 6418 3516 152 170 2291 234 2864 2094 470 41978 239 146 6234 157 6071 3616 458 8381 1542 9333 1867 837 8770 1996 17296 6416 921 437 331 29453 156 920 581 10158 3341 688
internal_value=-0.000453669 -0.00310453 -0.00179086 0.00470715 0.0113524 0.0456299 0.0666648 0.0951985 -0.00625342 0.0824433 -0.045541 -0.00210652 0.00209956 0.00690776 0.0111596 0.0161294 -0.0125472 -0.00609484 -0.0109156 0.00327204 -0.0236716 -0.0316159 -9.79022e-07 -0.0184544 0.00417889 -0.00738444 0.00725166 0.0176455 -0.071125 -0.00164933 0.0178562 -0.00887481 0.010281 -0.0117077 -0.0230186 -0.031715 -0.00110087 0.069724
internal_weight=208557 137784 133420 70773 44060 7625 5459 3168 26713 3016 3334 133138 82111 59960 49206 42135 10754 9687 22151 10487 11664 9791 10248 7071 36435 2166 32919 15186 1067 17733 1873 51027 6574 44453 15000 10739 4261 2782
internal_count=208557 137784 133420 70773 44060 7625 5459 3168 26713 3016 3334 133138 82111 59960 49206 42135 10754 9687 22151 10487 11664 9791 10248 7071 36435 2166 32919 15186 1067 17733 1873 51027 6574 44453 15000 10739 4261 2782
is_linear=0
shrinkage=0.03


Tree=161
num_leaves=39
num_cat=0
split_feature=85 193 98 36 44 96 80 181 75 96 140 96 95 75 201 199 172 193 193 199 175 172 96 200 172 96 105 203 200 16 193 96 72 47 52 19 95 46
split_gain=3171.82 3623.4 3148.24 2845.08 2725.8 2605.48 2520.58 4700.12 3651.22 3607.41 2483.13 2483.08 2472.86 2674.92 4740.44 9769.58 5290.88 3365.76 3829.38 2998.23 2979.14 3014.94 4911.33 3669.7 2800.07 2979.06 2881.64 2758.28 2516.27 3742.48 4638.95 2811.41 2425.46 3289.62 2880 2420.06 2412.62 2405.47
threshold=19.812500000000004 9.3499999046325701 -13.946000099182127 48.853670120239265 11.462500095367433 15.828504085540773 19.087500572204593 26.000000000000004 1.0000000180025095e-35 12.991073608398439 8.5786986351013201 23.732343673706058 3.5825877189636235 61.858495712280281 17.500000000000004 272.50000000000006 3.4550000429153447 28.750000000000004 14.750000000000002 353.50000000000006 78.849998474121108 2.7250000238418584 9.1117849349975604 10.150000095367433 0.86500000953674328 14.362927436828615 -49.962715148925774 0.13052122294902804 8.2500000000000018 97.635524749755874 21.849999427795414 12.076558113098146 3.1124999523162846 87.075000762939467 75.425003051757827 0.31204134225845342 7.2073912620544442 12.616500377655031
decision_type=8 2 2 10 8 10 2 2 10 8 10 10 8 10 2 2 2 2 2 2 2 2 10 2 2 10 10 2 2 10 2 10 10 10 8 10 10 10
left_child=3 -2 37 -1 5 -4 11 9 -9 -8 -11 32 -5 20 15 -15 19 18 -18 35 21 24 23 -23 25 -14 -26 -19 29 -22 -31 36 33 -6 -34 -16 -30 -3
right_child=1 2 4 12 6 -7 7 8 -10 10 -12 -13 13 14 16 -17 17 27 -20 -21 28 22 -24 -25 26 -27 -28 -29 31 30 -32 -33 34 -35 -36 -37 -38 -39
leaf_value=-0.01954132556834395 -0.06117166711824619 -0.12762023966262043 -0.011360691951300754 0.02240765020115432 0.0077854768701977996 -0.06333175721876623 0.1632983996158405 0.11805265863596674 -0.022837819418444365 0.022876316574553714 -0.1004572680237087 0.038515395829101032 0.00021540658192648873 -0.021344976799129039 -0.023970748489796533 0.29808191709368159 0.10696276274160768 0.029827545525646343 0.0049422036349929038 0.11613874865558649 -0.042145221545580536 0.0090725220480996904 0.0058620730136323034 0.071872509596438386 0.0050117477616351243 0.018080340549950467 -0.016191609487907103 0.10319882655274688 -0.036758687840527174 -0.00082372937959462053 0.083181900484715521 -0.028295504325181749 0.0017449537638522608 0.06759975748210631 -0.025519494623174488 0.0067794849070815016 0.015008555258844505 -0.030305310020133178
leaf_weight=5513 1090 270 2694 5362 5702 1281 157 168 11286 2286 157 1671 59274 191 3407 157 377 875 2721 193 895 1465 18643 1955 8805 9788 16728 975 1090 1664 918 8288 15371 968 4510 7111 3157 1491
leaf_count=5513 1090 270 2694 5362 5702 1281 157 168 11286 2286 157 1671 59274 191 3407 157 377 875 2721 193 895 1465 18643 1955 8805 9788 16728 975 1090 1664 918 8288 15371 968 4510 7111 3157 1491
internal_value=-0.000417529 -0.00708504 -0.00585711 0.00163439 -0.00435811 -0.0281093 -0.00212488 -0.0125054 -0.0207712 0.0239084 0.0149497 0.0030444 0.00239227 0.00167041 0.0132552 0.122767 0.0108213 0.0364781 0.0173576 -0.00103099 0.000272677 0.00193818 0.0119245 0.0449716 -0.000390985 0.00274737 -0.00887966 0.0684967 -0.0118616 0.010719 0.0290435 -0.0181251 0.000811984 0.0164663 -0.00443997 -0.00318113 0.00172226 -0.0452266
internal_weight=208654 49102 48012 159552 46251 3975 42276 14054 11454 2600 2443 28222 154039 148677 16007 348 15659 4948 3098 10711 132670 116658 22063 3420 94595 69062 25533 1850 16012 3477 2582 12535 26551 6670 19881 10518 4247 1761
internal_count=208654 49102 48012 159552 46251 3975 42276 14054 11454 2600 2443 28222 154039 148677 16007 348 15659 4948 3098 10711 132670 116658 22063 3420 94595 69062 25533 1850 16012 3477 2582 12535 26551 6670 19881 10518 4247 1761
is_linear=0
shrinkage=0.03


Tree=162
num_leaves=39
num_cat=0
split_feature=95 56 207 197 207 197 205 206 197 123 129 207 203 141 96 165 205 77 206 203 59 114 150 207 96 197 207 197 207 207 207 54 209 206 16 203 197 207
split_gain=3110.36 4881.29 27664.8 29084.5 4882.63 4768.9 4147.39 4108.14 4937.78 3894.97 4326.66 4148.8 3646.94 10077.8 15518.4 8073.01 4799.86 4681.19 4927.41 4667.66 7753.05 8249.18 5866.14 11043.7 3779.67 3711.99 3609.87 13623.2 5285.57 3690.16 3598 3382.86 4570.05 5575.92 3864.07 3264.67 3220.55 3160.72
threshold=8.7756133079528826 112.8940773010254 -0.39036798477172846 988.64999389648449 0.31799963116645819 972.85000610351574 -0.68301269412040699 0.25000000000000011 973.64999389648449 10.122169494628908 68.541667938232436 -0.42957681417465204 -0.60873827338218678 5.147465944290162 22.766558647155765 4.8865754604339608 0.93301269412040722 3.5330404043197636 0.68301269412040722 1.0000000180025095e-35 0.596052646636963 -459.97215270996088 2.1604439020156865 0.9159645438194276 14.246080398559572 990.95001220703136 0.95998215675354015 983.35000610351574 0.94425827264785778 0.87811094522476207 -0.50556187331676472 54.96502876281739 10.500000000000002 0.25000000000000011 24.982326507568363 0.99535831809043895 982.85000610351574 -0.38242425024509424
decision_type=10 10 2 2 2 2 2 2 2 10 10 2 2 8 10 2 2 8 2 2 10 8 2 2 10 2 2 2 2 2 2 10 2 2 8 2 2 2
left_child=1 4 -3 -4 9 -2 7 -7 -9 10 31 30 13 26 15 16 -15 18 24 20 -19 -22 35 -24 25 -14 28 -28 29 -8 36 34 -33 -34 -1 -21 -12 -13
right_child=5 2 3 -5 -6 6 12 8 -10 -11 11 37 17 14 -16 -17 -18 19 -20 22 21 -23 23 -25 -26 -27 27 -29 -30 -31 -32 32 33 -35 -36 -37 -38 -39
leaf_value=-0.014637527599201007 -0.030539562232996347 -0.0080600407431954801 0.54718814310132746 0.025481261857771824 0.030231216365209264 -0.01875251769706136 -0.015992730102316381 0.15054929501036116 0.0011597830604292542 -0.020198326080363906 0.01187273726601904 -0.056354469145790786 -0.035755624355897873 0.082406472564169317 0.28878353842540477 -0.059881427858467076 -0.053337786110520785 -0.0023651060678142998 0.017545561239419749 -0.0037534091006643194 -0.093033487975415066 -0.005179189034425216 0.0038266765873906715 0.050958424595564294 -0.087058301524187393 0.10929403010175269 0.067417807224499443 -0.088114178075375527 -0.095475257917359391 0.033369678302858564 0.06005553037399055 -0.042167648917887247 -0.026100627762052638 0.13494843250355304 0.0090020735624240355 0.053197793943081398 0.060916272354812333 0.0036647507422381304
leaf_weight=9916 5462 1409 187 198 5607 21716 4915 203 10418 6932 10890 856 1713 2093 251 556 264 12495 1368 41693 2012 1843 16935 6081 1423 175 2121 666 596 1886 2071 3681 499 316 16710 926 1355 10190
leaf_count=9916 5462 1409 187 198 5607 21716 4915 203 10418 6932 10890 856 1713 2093 251 556 264 12495 1368 41693 2012 1843 16935 6081 1423 175 2121 666 596 1886 2071 3681 499 316 16710 926 1355 10190
internal_value=-0.000442859 0.00466705 0.0535215 0.27889 0.00339724 -0.00306869 -0.00193497 -0.0112745 0.00401524 0.00102467 0.00362928 0.0128269 0.00108478 0.015682 0.0624487 0.0429454 0.0672019 -0.00116348 -0.0303492 0.000502188 -0.0138399 -0.0510323 0.00407488 0.0162793 -0.0501379 -0.0223102 0.00115231 0.0302505 -0.00981113 -0.00230385 0.0234851 -0.00386608 -0.0279357 0.0363433 0.000198245 -0.00251599 0.0172998 -0.000986394
internal_weight=208628 70817 1794 385 69023 137811 132349 32337 10621 63416 56484 25362 100012 13348 3164 2913 2357 86664 4679 81985 16350 3855 65635 23016 3311 1888 10184 2787 7397 6801 14316 31122 4496 815 26626 42619 12245 11046
internal_count=208628 70817 1794 385 69023 137811 132349 32337 10621 63416 56484 25362 100012 13348 3164 2913 2357 86664 4679 81985 16350 3855 65635 23016 3311 1888 10184 2787 7397 6801 14316 31122 4496 815 26626 42619 12245 11046
is_linear=0
shrinkage=0.03


Tree=163
num_leaves=39
num_cat=0
split_feature=97 198 194 205 207 199 207 196 75 208 208 190 208 75 141 207 200 199 207 207 164 65 194 200 207 199 194 178 94 207 207 197 92 207 197 123 194 99
split_gain=3238.1 2905.96 3030.06 7328.34 10607.2 12657.2 11854.4 11574.4 10414.5 7401.19 32020.6 84307.5 9509.81 6830.26 6757.34 6628.4 6114.12 4994.49 7976.67 3982.01 3601.2 3365.16 3179.22 3139.76 3221.6 2776.33 2649.39 2255.8 2735 2230.67 2370.09 2169.95 2598.48 2087.92 1989.45 1922.75 2382.32 4023.06
threshold=20.592308044433597 21.19999980926514 83.500000000000014 0.68301269412040722 -0.39036798477172846 289.50000000000006 -0.24372956901788709 84.500000000000014 14.193822860717775 0.31595529615879064 0.32410992681980139 1.1784322261810305 0.30778898298740393 36.082283020019538 -14.486567974090574 0.98932364583015453 15.949999809265138 52.500000000000007 0.97508442401885997 0.78325453400611889 130.50000000000003 3.029000043869019 35.500000000000007 20.150000572204593 -0.27694603800773615 98.500000000000014 95.500000000000014 64.394998550415053 16.500913619995121 0.99168354272842418 0.98667103052139293 981.45001220703136 16.487500190734867 -0.86546283960342396 980.35000610351574 0.92330953478813182 99.500000000000014 0.30678492784500128
decision_type=2 2 2 2 2 2 2 2 8 2 2 8 2 10 8 2 2 2 2 2 2 10 2 2 2 2 2 2 10 2 2 2 8 2 2 10 2 2
left_child=1 2 3 9 20 8 -7 -8 -6 12 11 -11 17 23 19 -10 -16 18 -1 -12 -5 26 -19 35 -25 -26 -15 -22 -29 30 33 -2 -33 -23 -14 36 -4 -38
right_child=31 -3 13 4 5 6 7 -9 15 10 14 -13 34 21 16 -17 -18 22 -20 -21 27 29 -24 24 25 -27 -28 28 -30 -31 -32 32 -34 -35 -36 -37 37 -39
leaf_value=-0.00060832099177902791 0.037481268494893402 -0.049312444058554686 0.0097749932924661043 0.001254825308198887 0.26089301146329263 0.28122823919287565 0.039366199368671348 0.16072677849688644 0.00024877419269935436 0.85189181344990272 -0.002734801457143653 -0.059393488613630724 -0.077482546421802356 -0.051068544134187203 0.025155736220080483 0.055852188724116833 -0.0022398660696036719 0.0013003738054916585 0.085511078302419816 -0.045071457826631987 -0.07134643446429477 -0.062671082530729116 -0.012548335066864686 -0.00076041647494966605 0.069258681486892848 -0.063611581524349425 -0.16542526204311922 -0.029288183677052604 0.10602157173151222 -0.083390713256691146 0.070005562922669504 -0.017186330936648855 -0.090747716036328169 -0.014638933170853734 -0.18587000288610359 -0.0093555540834495254 -0.0020518225808881536 -0.15505019779564583
leaf_weight=3453 293 1071 22439 8636 151 223 4593 836 10659 145 20461 247 357 1429 19159 2356 11877 21917 1345 2216 1122 895 46726 2441 154 1747 209 1108 153 470 277 947 795 9056 266 7658 572 212
leaf_count=3453 293 1071 22439 8636 151 223 4593 836 10659 145 20461 247 357 1429 19159 2356 11877 21917 1345 2216 1122 895 46726 2441 154 1747 209 1108 153 470 277 947 795 9056 266 7658 572 212
internal_value=-0.000395342 -2.4475e-05 0.000232317 0.00223058 0.0156212 0.0293088 0.0668604 0.0580546 0.0131884 -0.00088668 0.00754793 0.2777 -0.00704831 -0.00640653 0.00557629 0.0103143 0.0146719 -0.0060582 0.0235331 -0.00687198 -0.0077542 -0.0256175 -0.00812658 0.000321642 -0.0235651 -0.0528473 -0.0656609 -0.040403 -0.0128698 -0.0194863 -0.0165496 -0.0380532 -0.0507582 -0.0189591 -0.123763 0.00368023 0.00797892 -0.0434257
internal_weight=208671 206636 205565 158006 29837 18818 5652 5429 13166 128169 54105 392 74064 47559 53713 13015 31036 73441 4798 22677 11019 12336 68643 35223 4342 1901 1638 2383 1261 10698 10228 2035 1742 9951 623 30881 23223 784
internal_count=208671 206636 205565 158006 29837 18818 5652 5429 13166 128169 54105 392 74064 47559 53713 13015 31036 73441 4798 22677 11019 12336 68643 35223 4342 1901 1638 2383 1261 10698 10228 2035 1742 9951 623 30881 23223 784
is_linear=0
shrinkage=0.03


Tree=164
num_leaves=39
num_cat=0
split_feature=95 194 205 207 207 200 197 197 203 116 161 207 207 161 201 68 207 190 202 201 207 197 181 15 114 200 202 207 202 54 203 200 194 174 85 197 201 207
split_gain=2914.68 6588.67 8965.56 7900.66 12832.5 43113.4 8432.7 6899.51 14792.5 17419.3 6702.88 9899.17 36564.6 50147.8 11268.6 45262.6 9574.5 14957.7 6594.76 5881.4 5304.76 18927.4 5232.75 9485.29 8760.67 11105.7 23031.2 9401.21 12304.2 6436.73 5147.08 5131.69 4955.82 4573.65 4528.39 4275.01 6510.27 4055.4
threshold=8.7756133079528826 83.500000000000014 0.68301269412040722 0.94425827264785778 0.9524284601211549 18.750000000000004 975.25000000000011 983.64999389648449 -0.46173103153705591 2.6125272512435918 54.460000991821296 -0.76694339513778675 -0.77786767482757557 618.94998168945324 32.500000000000007 3.0125000476837163 -0.7386675477027892 1.5226235389709475 0.95878320932388317 47.500000000000007 -0.72101011872291554 985.85000610351574 60.000000000000007 70.654563903808608 95.579113006591811 10.050000190734865 0.95878320932388317 -0.83847111463546742 -0.88697704672813404 56.368963241577156 0.74892720580101024 12.449999809265138 20.500000000000004 5.1218719482421884 4.1584999561309823 975.85000610351574 102.50000000000001 0.31799963116645819
decision_type=10 2 2 2 2 2 2 2 2 8 2 2 2 2 2 10 2 8 2 2 2 2 2 10 10 2 2 2 2 10 2 2 2 2 10 2 2 2
left_child=22 2 10 7 5 31 -6 30 9 -9 -2 12 14 -14 15 -12 17 -13 -16 -3 21 -18 29 37 25 33 27 -27 -29 -1 32 -5 -4 -25 -21 -8 -37 -24
right_child=1 19 3 4 6 -7 35 8 -10 -11 11 16 13 -15 18 -17 20 -19 -20 34 -22 -23 23 24 -26 26 -28 28 -30 -31 -32 -33 -34 -35 -36 36 -38 -39
leaf_value=-0.00038268277821627524 -0.014606390855257299 0.0037514931672468299 -0.13876044397690529 0.1356266381928814 -0.16521408310704314 0.62036658240885889 0.16761175200797482 0.047006024879492868 0.011393566366500888 0.3531058877018361 0.51818256101258675 -0.22830666874031563 0.75271628528907741 0.079432201548242543 -0.0045682205636185698 0.003592222443692361 -0.059786528483493841 -0.006850661844496583 0.13855319365317278 -0.075392785219189504 -0.0023275213302757711 0.18155432670231028 0.001852858562093387 0.041320992588140926 0.0057137893099931626 0.024482913957541898 0.46958170733573662 0.25523076905865677 0.066384832355100759 -0.045442303884121842 -0.10688934024301473 -0.071810516802858437 -0.0039421986596410242 -0.069917527859671688 -0.023417516953203394 0.00046794576424577104 0.058450293008732127 0.040858076225792427
leaf_weight=23473 35482 7045 253 202 194 147 213 483 6492 256 197 430 146 313 5794 702 578 759 305 1728 47848 592 33848 1110 3397 1156 150 519 773 3248 502 229 8151 475 11886 3290 3706 2582
leaf_count=23473 35482 7045 253 202 194 147 213 483 6492 256 197 430 146 313 5794 702 578 759 305 1728 47848 592 33848 1110 3397 1156 150 519 773 3248 502 229 8151 475 11886 3290 3706 2582
internal_value=-0.00033907 -0.00287823 -0.000126067 0.0161759 0.0405913 0.176731 0.0299617 0.00410048 0.0258706 0.153047 -0.00434708 0.00196571 0.0342186 0.293604 0.017205 0.11636 -0.00282465 -0.0869414 0.00258916 -0.0185 -0.000784254 0.062328 0.0046122 0.0109704 0.0415031 0.0705673 0.108748 0.0866363 0.142246 -0.00585981 -0.0135752 0.0254105 -0.00800106 0.00798407 -0.0300147 0.0352143 0.0311831 0.0046174
internal_weight=208654 137923 117264 24118 7981 578 7403 16137 7231 739 93146 57664 7457 459 6998 899 50207 1189 6099 20659 49018 1170 70731 44010 7580 4183 2598 2448 1292 26721 8906 431 8404 1585 13614 7209 6996 36430
internal_count=208654 137923 117264 24118 7981 578 7403 16137 7231 739 93146 57664 7457 459 6998 899 50207 1189 6099 20659 49018 1170 70731 44010 7580 4183 2598 2448 1292 26721 8906 431 8404 1585 13614 7209 6996 36430
is_linear=0
shrinkage=0.03


Tree=165
num_leaves=39
num_cat=0
split_feature=91 85 207 15 36 181 95 207 207 208 204 76 201 36 56 200 200 204 200 56 201 165 76 196 94 191 99 77 196 157 76 16 123 207 207 204 204 200
split_gain=2884.03 3581.32 3554.8 4311.72 3007.23 3482.2 3365.65 2835.15 2686.95 3232.19 2520.68 6271.64 16704.4 5852.31 4284.54 6123.18 10811.5 3266.88 5350.09 6588.39 6419.17 5231.01 4633.32 4419.3 3129.32 2970.54 2249.7 2041.6 2031.36 1936.92 2082.68 1912.11 1911.49 1789.75 1782.11 1768.85 2858.4 2647.65
threshold=19.537499427795414 56.024999618530281 -0.64578425884246815 113.74511718750001 241.2630310058594 72.000000000000014 14.054055213928224 -0.86546283960342396 -0.99630266427993763 1.0000000180025095e-35 19.000000000000004 7.9195461273193368 32.500000000000007 339.59889221191412 46.851789474487312 6.6499998569488534 11.449999809265138 13.000000000000002 13.949999809265138 10.554031372070314 87.500000000000014 5.0369315147399911 14.881601333618166 1.5000000000000002 14.309449195861818 13.011354446411135 0.7560621201992036 32.784564971923835 22.500000000000004 36.139999389648445 64.329555511474624 38.038412094116218 11.167129039764406 -0.074117381125688539 -0.87812310457229603 3.0000000000000004 11.000000000000002 5.0499999523162851
decision_type=10 10 2 8 10 2 10 2 2 2 2 8 2 10 8 2 2 2 2 8 2 2 10 2 8 10 2 8 2 2 10 8 8 2 2 2 2 2
left_child=1 8 3 -2 29 -6 -7 34 9 32 17 12 -12 33 27 -16 -17 18 19 20 -10 22 -20 -21 26 -23 -19 -13 -9 30 35 -11 -1 -14 -5 -4 -37 -38
right_child=2 -3 4 7 5 6 -8 28 10 31 11 14 13 -15 15 16 -18 24 21 23 -22 25 -24 -25 -26 -27 -28 -29 -30 -31 -32 -33 -34 -35 -36 36 37 -39
leaf_value=-0.019957370494580715 0.14524375185542071 -0.072229273774703229 -0.038335803028746368 0.0017429021440626123 -0.0048666401413083185 0.0080535046545363882 -0.058593678186658192 0.014584962254264438 0.28882393111341731 -0.070702517518535235 0.32984512488270801 0.0051061905878495434 -0.082276482686749905 0.16042095610945739 -0.047153786614035048 0.095882207738677214 0.014389959461640367 -0.0020717131043740361 -0.02967163933958937 0.020583565860500332 0.042228124706667668 -0.054136409598217729 0.0023607931082582005 0.0024896085290185663 -0.018571258589352838 -0.0038976488858117921 0.083647154079271757 -0.017008706588789505 0.12932002802118245 0.010707661241942544 -0.042039643133781661 -0.010048707124804499 0.033276061164606727 0.02314017710162062 -0.095329079009381271 0.022460713517992923 0.078150912403461337 -0.022728558058237463
leaf_weight=1524 218 599 1363 335 3028 835 3720 3286 146 1332 199 12169 273 204 1023 1816 7585 31266 4518 18653 272 2760 40443 34840 13511 1719 278 5435 145 4193 1879 721 1009 309 346 2803 249 3924
leaf_count=1524 218 599 1363 335 3028 835 3720 3286 146 1332 199 12169 273 204 1023 1816 7585 31266 4518 18653 272 2760 40443 34840 13511 1719 278 5435 145 4193 1879 721 1009 309 346 2803 249 3924
internal_value=-0.000333544 0.00100472 -0.00961683 0.0152294 -0.0145084 -0.0298009 -0.0463762 0.00833618 0.00124575 -0.0214263 0.00183179 0.0099192 0.0843224 0.0221571 0.00730437 0.0225472 0.030132 0.000250722 0.00318957 0.00972607 0.128365 -0.00393804 -0.00085805 0.00879898 -0.00649064 -0.0348554 -0.00131623 -0.00172147 0.0194343 -0.00646148 -0.0135069 -0.0494016 0.00124763 -0.0263077 -0.0475771 -0.00707768 -0.000970239 -0.0167089
internal_weight=208928 182604 26324 4330 21994 7583 4555 4112 182005 4586 177419 29013 985 786 28028 10424 9401 148406 103351 53911 418 49440 44961 53493 45055 4479 31544 17604 3431 14411 10218 2053 2533 582 681 8339 6976 4173
internal_count=208928 182604 26324 4330 21994 7583 4555 4112 182005 4586 177419 29013 985 786 28028 10424 9401 148406 103351 53911 418 49440 44961 53493 45055 4479 31544 17604 3431 14411 10218 2053 2533 582 681 8339 6976 4173
is_linear=0
shrinkage=0.03


Tree=166
num_leaves=39
num_cat=0
split_feature=86 194 123 194 208 208 16 188 59 204 79 208 208 208 114 208 199 199 203 59 36 208 178 209 208 77 55 16 114 36 184 204 203 191 185 204 204 22
split_gain=3111.56 3448.81 3290.5 3623.1 3460.33 3752.94 3649.49 3562.01 4056.92 4591.82 3547.61 3092.86 3042.99 2974.41 2893.28 3660.67 4308.94 5604.16 2881.48 2800.41 2805.2 2728.66 2707.72 11162.4 4083.68 4079.53 2680.63 2676.31 2613.77 3529.03 3170.09 2990.68 2942.83 3698.13 4560.27 4075.63 4351.23 3046.5
threshold=18.362500190734867 45.500000000000007 9.5707659721374529 12.500000000000002 0.76002004742622387 0.42763730883598333 80.612106323242202 3.5049320459365849 0.41216571629047399 19.000000000000004 0.4875998198986054 0.66367807984352123 0.94636487960815441 0.30778898298740393 -639.80746459960926 0.25829915702342993 286.50000000000006 305.50000000000006 0.99140709638595592 0.64315062761306774 155.84558868408206 0.97461712360382091 50.310001373291023 11.500000000000002 0.87709078192710888 5.4776010513305673 68.392524719238295 35.883872985839851 -859.73526000976551 206.52457427978518 0.14463905245065692 1.0000000180025095e-35 0.0087262028828263612 21.523339271545414 579.89999389648449 3.0000000000000004 11.000000000000002 184.25000000000003
decision_type=10 2 8 2 2 2 10 10 10 2 10 2 2 2 8 2 2 2 2 10 10 2 2 2 2 10 8 10 8 8 8 2 2 10 10 2 2 8
left_child=1 18 -2 -4 5 6 26 8 11 -10 12 -7 -6 -8 15 19 -17 -18 28 20 -3 -14 -16 25 -25 -24 27 -5 32 30 -30 -31 -1 35 -35 -34 -37 -36
right_child=2 14 3 4 10 7 13 -9 9 -11 -12 -13 21 -15 22 16 17 -19 -20 -21 -22 -23 23 24 -26 -27 -28 -29 29 31 -32 -33 33 34 37 36 -38 -39
leaf_value=0.0040605172318211617 -0.025130716979823584 0.004172747054224552 -0.053012195870874329 0.0988328922418205 0.075802176706257038 -0.02312773196206571 -0.022066719650533927 0.17014065050803262 0.043173885721095845 0.19955812246510352 -0.0409239244318408 0.027760646421644972 -0.13447722333571721 -0.10898342766180759 0.0016323825203497771 -0.0054643836121187018 0.22780050955097042 0.014957404037776616 0.068094097681736951 -0.074607333430879011 -0.031325994300937431 0.038734635253478769 0.083029954069663528 -0.2088559393948472 -0.065598725953343082 -0.010667338441767111 0.13022339837332406 -0.0011454112067235823 0.13312833256874201 0.11773225381041469 -0.0039631920718788786 0.015903387501734121 -0.12608459625405496 0.049360463691320647 0.10367530568192741 0.12143213052344666 0.0072516810307610225 0.2791640038665783
leaf_weight=2719 8195 3271 1254 246 497 1841 1787 147 1188 197 3138 2583 153 442 118092 1083 192 265 740 853 5170 176 443 318 410 7472 146 11770 153 266 19326 10742 157 854 217 391 1296 151
leaf_count=2719 8195 3271 1254 246 497 1841 1787 147 1188 197 3138 2583 153 442 118092 1083 192 265 740 853 5170 176 443 318 410 7472 146 11770 153 266 19326 10742 157 854 217 391 1296 151
internal_value=-0.000251097 0.00136113 -0.0085883 -0.00328551 -0.000720496 0.00427518 -0.00401355 0.0243026 0.0206117 0.0654192 -0.0263631 0.0065839 0.0289534 -0.0393024 -0.000825971 -0.0157062 0.0271334 0.104383 0.0094903 -0.0228047 -0.0175697 -0.0418171 0.000446072 -0.0157628 -0.128178 -0.00542299 0.00245405 0.000901458 0.00829467 0.00478662 -0.00288631 0.0183641 0.026782 0.0469318 0.0874052 0.0201099 0.0337163 0.175689
internal_weight=208341 174581 33760 25565 24311 20347 14391 5956 5809 1385 3964 4424 826 2229 137569 10834 1540 457 37012 9294 8441 329 126735 8643 728 7915 12162 12016 36272 30487 19479 11008 5785 3066 1222 1844 1687 368
internal_count=208341 174581 33760 25565 24311 20347 14391 5956 5809 1385 3964 4424 826 2229 137569 10834 1540 457 37012 9294 8441 329 126735 8643 728 7915 12162 12016 36272 30487 19479 11008 5785 3066 1222 1844 1687 368
is_linear=0
shrinkage=0.03


Tree=167
num_leaves=39
num_cat=0
split_feature=85 193 98 75 199 191 197 206 200 137 205 194 193 59 206 194 194 114 205 175 172 181 205 203 193 194 193 200 206 183 56 199 199 194 36 197 194 26
split_gain=2889.51 3182.77 2954.74 2607.55 4390.68 4506.89 6292.36 8811.22 10012.9 4422.18 3925.33 3304.02 4288.21 2872.47 2715.08 2703.02 2842.5 3761.64 2838.26 2828.61 3022.25 3448.12 2717.34 5618.93 6565.51 6666.53 2862.26 2695.38 3236.87 4183.31 2871.02 2580.42 4543.33 2901.29 2521.74 2307.47 2228.49 2226.22
threshold=20.72500038146973 8.9499998092651385 -13.946000099182127 61.858495712280281 270.50000000000006 16.809231758117679 979.35000610351574 1.0000000180025095e-35 22.250000000000004 30.250000000000004 0.68301269412040722 87.500000000000014 18.849999427795414 0.12250696122646333 -0.25000000000000006 17.500000000000004 45.500000000000007 -644.31381225585926 0.68301269412040722 87.315002441406264 13.234999656677248 58.000000000000007 0.68301269412040722 0.18222858756780627 25.550000190734867 33.500000000000007 21.44999980926514 8.3499999046325701 1.0000000180025095e-35 65.224998474121108 24.7352409362793 273.50000000000006 308.50000000000006 50.500000000000007 48.853670120239265 990.64999389648449 12.500000000000002 144.12500000000003
decision_type=8 2 2 10 2 8 2 2 2 10 2 2 2 8 2 2 2 8 2 2 2 2 2 2 2 2 2 2 2 10 10 2 2 2 10 2 2 10
left_child=3 -2 37 15 13 27 7 -7 10 11 -9 12 -8 -5 -15 -1 22 18 -18 20 34 -22 35 -24 26 -26 -25 -6 -29 -30 -31 33 -33 -20 -19 -17 -4 -3
right_child=1 2 36 4 5 6 9 8 -10 -11 -12 -13 -14 14 -16 16 17 19 31 -21 21 -23 23 24 25 -27 -28 28 29 30 -32 32 -34 -35 -36 -37 -38 -39
leaf_value=-0.026943304710498474 -0.063897039563900179 -0.14278381821655806 -0.045117036943121636 -0.060763231008634407 0.080586347068379485 0.029697185559727831 0.088914321831108506 0.030230143598728981 0.37767409328113261 -0.048537520206736719 0.22421054261178752 -0.072365678194760058 0.021809448720900459 0.02463714407578714 -0.011747971676213212 0.0062553909634289724 -0.032257177600689364 -0.0184706955598395 -0.10059129972364486 -0.015045009994479755 0.1912782066769789 0.017795053757249088 -0.013670130109166878 0.093687976394647085 0.075851511862352686 0.27111072442247869 -0.067320034853046454 0.015674516261279626 -0.0046921111204518929 -0.2363189029171516 -0.071918328509425491 0.14062755870308524 -0.020594971301098133 0.00057273533047687926 0.002719070988678567 0.12350496566203222 -0.0032545128657430634 -0.032757717872068708
leaf_weight=3226 870 186 1177 703 288 696 1279 243 175 621 153 233 2598 3044 4689 24261 5829 5348 286 9730 160 290 864 162 440 245 257 1232 582 146 277 304 326 2364 92142 152 41393 1502
leaf_count=3226 870 186 1177 703 288 696 1279 243 175 621 153 233 2598 3044 4689 24261 5829 5348 286 9730 160 290 864 162 440 245 257 1232 582 146 277 304 326 2364 92142 152 41393 1502
internal_value=-0.000353053 -0.00707258 -0.00595553 0.00150338 0.0126395 0.027826 0.0419804 0.101357 0.188701 0.0260788 0.105182 0.0373531 0.0439472 -0.00270362 0.00257454 0.000213238 0.000825194 -0.00118401 -0.0196954 0.000382076 0.00191471 0.0794815 0.00971919 0.0436306 0.0884747 0.145692 -0.0050671 -0.00579677 -0.0169185 -0.0568736 -0.128667 0.00262848 0.0572016 -0.0103455 0.00155666 0.00698547 -0.00441197 -0.0448824
internal_weight=208473 45128 44258 163345 16959 8523 5998 1267 571 4731 396 4110 3877 8436 7733 146386 143160 116779 9109 107670 97940 450 26381 1968 1104 685 419 2525 2237 1005 423 3280 630 2650 97490 24413 42570 1688
internal_count=208473 45128 44258 163345 16959 8523 5998 1267 571 4731 396 4110 3877 8436 7733 146386 143160 116779 9109 107670 97940 450 26381 1968 1104 685 419 2525 2237 1005 423 3280 630 2650 97490 24413 42570 1688
is_linear=0
shrinkage=0.03


Tree=168
num_leaves=39
num_cat=0
split_feature=86 165 208 140 191 79 208 193 196 23 201 56 56 208 208 208 203 201 201 17 56 208 208 35 140 149 56 173 208 208 208 206 36 183 175 208 206 187
split_gain=2946.91 2850.96 3370.16 3754.84 2621.84 2587.18 2795.06 2529.19 4377.11 2937.62 2466.74 2351.86 5262.32 18070.7 73111.8 3998.89 3309.64 6085.39 3796.29 3248.8 3204.67 5941.43 13733.3 11444.7 7596.21 5806.84 3768.83 3244.83 3871.99 3051.38 2646.13 2406.72 2699.99 2381.32 2606.38 2328.07 2658.44 2224.45
threshold=18.362500190734867 2.8029010295867924 0.76002004742622387 -1.2115869522094724 5.7574462890625009 0.58872127532958995 0.94636487960815441 6.4500000476837167 99.500000000000014 349.50000000000006 57.500000000000007 132.938102722168 115.22908401489259 0.91511079668998729 0.92191100120544445 0.95178258419036876 0.41467745602130895 17.500000000000004 52.500000000000007 36.402194976806648 82.112834930419936 0.29958851635456091 0.43540433049201971 158.82840728759768 -6.8340651988983145 1.2200000286102297 70.29468154907228 13.035000324249269 0.8930937945842744 0.19969739764928821 0.86004966497421276 0.68301269412040722 407.58898925781256 102.71099853515626 1427.445007324219 0.61067742109298717 -0.68301269412040699 27.60073280334473
decision_type=10 2 2 10 8 10 2 2 2 8 2 10 10 2 2 2 2 2 2 10 10 2 2 10 8 2 10 2 2 2 2 2 10 10 2 2 2 10
left_child=7 37 3 4 -3 6 -4 8 10 -10 -1 12 20 19 -15 16 17 -13 -19 -14 21 26 23 -23 -24 27 29 30 -29 -9 -22 35 -33 34 -27 -18 -37 -2
right_child=1 2 5 -5 -6 -7 -8 11 9 -11 -12 15 13 14 -16 -17 31 18 -20 -21 25 22 24 -25 -26 33 -28 28 -30 -31 -32 32 -34 -35 -36 36 -38 -39
leaf_value=0.088896846240367644 -0.0086496789150049755 -0.099644446155720282 0.076203834563675368 -0.011759545996484658 0.015795765331139473 -0.039678259352134891 -0.075942005042491531 -0.00013010732702567267 -0.23298484026700148 -0.051153319420735213 -0.07170345955150334 0.08956514940235813 0.12957386486048347 0.64406825500354647 -0.012462332487977115 -0.1359774470272902 -0.046744383395285069 -0.11251013442013938 -0.024758661139217448 -0.015672009930306895 -0.042192194991585823 -0.0017696594999995967 -0.0056975793805093015 0.072213021350866616 0.021764009499708255 -0.018057163311602197 0.076855645001511597 -0.043363756057394585 0.094802581077794587 -0.020914717596515163 -0.13098149508143442 0.17920730652871444 0.015134625876333567 0.011665562225100005 0.03732401131748158 0.067958536188748489 -0.011842346537315951 -0.037573664721632816
leaf_weight=192 5161 180 375 9608 10825 3128 153 94023 151 170 156 281 150 210 559 248 717 746 1095 1822 583 2871 24880 5462 14262 8342 555 1072 220 6818 627 149 229 5730 842 604 994 4462
leaf_count=192 5161 180 375 9608 10825 3128 153 94023 151 170 156 281 150 210 559 248 717 746 1095 1822 583 2871 24880 5462 14262 8342 555 1072 220 6818 627 149 229 5730 842 604 994 4462
internal_value=-0.000147512 -0.00824343 -0.00276445 0.00194371 0.0139075 -0.0293097 0.0321148 0.00142256 -0.0567962 -0.136693 0.0169025 0.00164629 0.00224978 0.0434789 0.166829 -0.0185009 -0.0124498 -0.0404692 -0.0603174 -0.00462314 0.00157017 0.00299464 0.0117533 0.0467235 0.00430847 -0.0106061 -0.0011063 -0.0528992 -0.0198362 -0.00153539 -0.0882022 0.00962847 0.0798126 -0.00351088 -0.0129797 -0.00183151 0.0183202 -0.0220612
internal_weight=208652 33892 24269 20613 11005 3656 528 174760 669 321 348 174091 169028 2741 769 5063 4815 2122 1841 1972 166287 148871 47475 8333 39142 17416 101396 2502 1292 100841 1210 2693 378 14914 9184 2315 1598 9623
internal_count=208652 33892 24269 20613 11005 3656 528 174760 669 321 348 174091 169028 2741 769 5063 4815 2122 1841 1972 166287 148871 47475 8333 39142 17416 101396 2502 1292 100841 1210 2693 378 14914 9184 2315 1598 9623
is_linear=0
shrinkage=0.03


Tree=169
num_leaves=39
num_cat=0
split_feature=80 40 16 199 191 122 199 208 205 207 208 198 199 193 206 191 74 188 199 208 207 207 120 199 76 193 193 193 75 208 198 76 147 183 205 196 199 94
split_gain=3083.6 4229.64 3445.52 2710.75 2698.06 4351.34 8979.66 4390.15 2630.16 2558.76 3122.7 2444.32 2531.2 5052.1 2838.91 2355.21 2583.86 2824.94 2351.21 6366.21 6374.21 6149 5054.3 23562.5 4746.45 4626.82 6951.9 3554.68 2922.77 5314.71 7856.93 4905.56 4590.97 4967.25 3257.27 2897.1 2866.2 2388.56
threshold=19.487500190734867 165.4164962768555 34.52476882934571 281.50000000000006 29.231175422668461 39.325021743774421 307.50000000000006 0.67007490992546093 0.68301269412040722 -0.99630266427993763 1.0000000180025095e-35 2.1499999761581425 293.50000000000006 19.849999427795414 1.0000000180025095e-35 31.004416465759281 45.748624801635749 0.98741227388381969 76.500000000000014 0.9993295967578889 0.97508442401885997 0.9731498956680299 58.425001144409187 63.500000000000007 34.628814697265632 24.050000190734867 29.94999980926514 9.3499999046325701 64.88114166259767 0.96177148818969738 13.449999809265138 70.082260131835952 0.14780378341674807 140.62705993652347 0.93301269412040722 83.500000000000014 276.50000000000006 3.9344187974929814
decision_type=2 10 10 2 8 10 2 2 2 2 2 2 2 2 2 8 10 10 2 2 2 2 10 2 8 2 2 2 10 2 2 10 2 10 2 2 2 8
left_child=9 2 -2 -3 8 15 7 -7 -4 10 -1 -10 14 -14 -13 16 -6 -18 19 20 21 22 24 -24 -11 -22 35 36 31 32 -31 37 33 -30 -34 -27 -20 -29
right_child=1 3 4 -5 5 6 -8 -9 11 18 -12 12 13 -15 -16 -17 17 -19 27 -21 25 -23 23 -25 -26 26 -28 28 29 30 -32 -33 34 -35 -36 -37 -38 -39
leaf_value=0.0013764586307291331 0.065500310807092954 0.17934767872745563 -0.026237454409823679 0.026154603791154914 -0.032961185843612642 -0.10032716589348645 0.25275650637888086 0.053672225979977846 -0.089101670206817488 0.017689631065969231 -0.048483072075015822 0.026814842815198536 -0.030001668566273749 0.094294044183407588 -0.027687193395472185 -0.009749462900438462 0.19368670340493571 0.035622188479500827 0.042156243689198382 0.15719253607453562 0.0057696455062485833 -0.18686340997388923 0.0094921262472537071 0.42228734198549445 -0.017314671456755359 0.2038147315023128 -0.027121118619358942 0.016606270941531977 0.039281525069880231 0.29839557575213277 0.014797044486733022 -0.090568479993114959 -0.0032802298477935471 -0.02183095096686526 -0.089888167501249852 0.062578265368579009 -0.044499861296273403 -0.00058789357285062862
leaf_weight=2525 532 165 12908 281 237 215 175 740 269 7593 2047 1332 511 694 2428 11134 154 300 399 269 609 150 811 147 6446 464 233 7697 5819 146 221 536 4391 1507 429 182 2470 131490
leaf_count=2525 532 165 12908 281 237 215 175 740 269 7593 2047 1332 511 694 2428 11134 154 300 399 269 609 150 811 147 6446 464 233 7697 5819 146 221 536 4391 1507 429 182 2470 131490
internal_value=-0.000350605 -0.00890765 -0.0102013 0.0828326 -0.0114964 -0.00103929 0.0552043 0.0190012 -0.0189637 0.00120373 -0.0209469 -0.00102532 0.00374668 0.0415843 -0.00837944 -0.00641401 0.0473285 0.0892425 0.0017925 0.012417 0.0100758 0.00425524 0.00616695 0.0728373 0.00161739 0.0693251 0.113357 0.000634592 0.00125806 0.0151484 0.127624 1.41005e-05 0.0117497 0.0267103 -0.0109889 0.164026 -0.0324481 0.000362937
internal_weight=208656 32075 31629 446 31097 12955 1130 955 18142 176581 4572 5234 4965 1205 3760 11825 691 454 172009 16904 16635 15147 14997 958 14039 1488 879 155105 152236 12513 367 139723 12146 7326 4820 646 2869 139187
internal_count=208656 32075 31629 446 31097 12955 1130 955 18142 176581 4572 5234 4965 1205 3760 11825 691 454 172009 16904 16635 15147 14997 958 14039 1488 879 155105 152236 12513 367 139723 12146 7326 4820 646 2869 139187
is_linear=0
shrinkage=0.03


Tree=170
num_leaves=39
num_cat=0
split_feature=194 185 185 203 205 201 194 183 201 196 123 123 96 182 95 194 205 57 197 201 185 207 207 199 207 208 197 204 54 203 203 178 209 75 201 201 196 164
split_gain=2695.72 4993.9 5269.56 8334.53 4960.66 5520.39 9911.38 12736.4 6328.8 5798.2 4414.91 4356.98 3576.73 5309.44 3698.05 3676.01 3547.29 3385.35 3354.4 3212.13 4795.35 4001.18 3176.59 6884.77 4435.89 3267.92 3491.02 3197.98 8901.58 5709.63 44128.8 3696.99 8785.11 5627.48 5069.93 3378.58 5667.99 3733.87
threshold=54.500000000000007 1176.5999755859377 1063.549987792969 0.6755644977092744 -0.68301269412040699 1152.5000000000002 13.500000000000002 110.43420791625978 1142.5000000000002 54.500000000000007 -11.247329711914061 -10.232791423797606 19.279663085937504 1.0000000180025095e-35 21.512357711791996 95.500000000000014 0.68301269412040722 14.226772785186769 986.14999389648449 252.50000000000003 210.02493286132815 -0.87395131587982167 0.99983760714530956 34.500000000000007 0.99865421652793895 0.03762133605778218 981.04998779296886 21.000000000000004 193.29673767089847 0.2503704726696015 0.28400452435016638 50.310001373291023 11.500000000000002 15.881814479827883 77.500000000000014 47.500000000000007 1.5000000000000002 137.50000000000003
decision_type=2 10 10 2 2 2 2 8 2 2 8 10 8 2 10 2 2 10 2 2 8 2 2 2 2 2 2 2 10 2 2 2 2 10 2 2 2 2
left_child=1 2 4 -4 -1 6 7 -6 9 -8 -7 -3 22 14 17 16 -15 -14 -13 20 -18 -22 24 -24 27 -26 -27 31 29 -29 -31 35 33 -33 -34 36 -2 -37
right_child=12 11 3 -5 5 10 8 -9 -10 -11 -12 18 13 15 -16 -17 19 -19 -20 -21 21 -23 23 -25 25 26 -28 28 -30 30 -32 32 34 -35 -36 37 -38 -39
leaf_value=-0.0061373393943467023 0.031967694904921795 -0.10456699868117005 0.029317299220289153 0.22831565538825396 0.34932157255285401 0.10012527178210333 0.010245285626557953 -0.0092860722855062708 0.2032899542238287 0.046869235905869562 -0.0051647729246671143 -0.015826943653394283 -0.024575207945597571 -0.015620780028833599 -0.0043505673216129937 -0.11315712036460045 -0.0018416401881358568 -0.08446542833887076 0.11903981997833901 -0.046210444126221203 -0.059389478329580338 0.10467202580884406 0.24507127796205522 -0.0045402854438668138 -0.082118968759082228 0.10836255095010727 -0.083776971899942085 -0.0066961431356323976 0.20543643510556081 0.50407907829805809 0.01778352733175461 0.101721525268705 -0.0076884854843071631 -0.019220948910519575 -0.18423254617548052 -0.002461811231734543 -0.0042447781963693889 -0.047197748006484755
leaf_weight=20964 6967 496 913 239 185 367 23209 172 164 4674 15311 6997 1475 3816 1634 254 1125 2003 170 432 153 1065 149 299 1025 195 151 6757 215 175 4160 366 217 6416 450 84948 8808 1713
leaf_count=20964 6967 496 913 239 185 367 23209 172 164 4674 15311 6997 1475 3816 1634 254 1125 2003 170 432 153 1065 149 299 1025 195 151 6757 215 175 4160 366 217 6416 450 84948 8808 1713
internal_value=-0.000258906 0.00434865 0.00700271 0.0706044 0.00587628 0.0115896 0.0194769 0.17655 0.0174775 0.0163846 -0.0027 -0.0185788 -0.00278039 -0.0184446 -0.0415773 -0.00116857 0.00314728 -0.0590666 -0.0126277 0.028956 0.0428154 0.0840627 -0.00125777 0.0784804 -0.00154925 -0.055209 0.0245086 -0.000942207 0.0142499 0.0105438 0.037416 -0.00250545 -0.0229112 -0.0126939 -0.126798 -0.00102157 0.0117484 -0.0033461
internal_weight=208829 73861 66198 1152 65046 44082 28404 357 28047 27883 15678 7663 134968 11957 5112 6845 6591 3478 7167 2775 2343 1218 123011 448 122563 1371 346 121192 11307 11092 4335 109885 7449 6782 667 102436 15775 86661
internal_count=208829 73861 66198 1152 65046 44082 28404 357 28047 27883 15678 7663 134968 11957 5112 6845 6591 3478 7167 2775 2343 1218 123011 448 122563 1371 346 121192 11307 11092 4335 109885 7449 6782 667 102436 15775 86661
is_linear=0
shrinkage=0.03


Tree=171
num_leaves=39
num_cat=0
split_feature=97 193 199 208 207 185 141 56 207 197 207 207 77 199 208 208 197 201 199 204 97 199 199 205 208 208 94 207 207 193 194 173 201 204 197 207 207 208
split_gain=2883.62 2647.68 3643.01 3360.85 20107.1 57984.7 10323.4 9680.42 7176.66 7305.67 6885.75 27706.6 7210.41 6249.97 4328.64 7597.81 11612 7958.9 6837.4 7764.36 7507.62 6722.53 4669.74 5290.68 11496.1 6182.27 4266.44 3966.09 9031.33 7721.76 3891.26 8886.18 5514.18 3787.58 3182.05 5214.51 3526.01 3003.33
threshold=20.592308044433597 8.9499998092651385 262.50000000000006 0.31595529615879064 -0.9413962960243224 196.09849548339847 -15.921426296234129 83.277790069580092 -0.91597726941108693 981.14999389648449 -0.30983471870422358 -0.39036798477172846 30.813117980957035 111.50000000000001 0.19969739764928821 0.12332734838128091 979.45001220703136 12.500000000000002 164.50000000000003 21.000000000000004 2.194101214408875 128.50000000000003 165.50000000000003 0.68301269412040722 0.30778898298740393 0.30778898298740393 10.298937797546388 0.96904698014259349 0.95998215675354015 21.650000572204593 36.500000000000007 1.6250000000000002 627.50000000000011 9.0000000000000018 983.64999389648449 -0.59869033098220814 0.89787620306015026 0.7372151017189027
decision_type=2 2 2 2 2 8 8 10 2 2 2 2 10 2 2 2 2 2 2 2 2 2 2 2 2 2 8 2 2 2 2 2 2 2 2 2 2 2
left_child=1 2 -1 14 5 -5 26 8 13 -10 11 -9 -12 -8 15 17 -17 -3 19 -18 -20 27 -23 25 -25 -24 37 28 -16 -30 32 -32 -19 -29 36 -36 -28 -6
right_child=-2 3 -4 4 6 -7 7 10 9 -11 12 -13 -14 -15 21 16 18 30 20 -21 -22 22 23 24 -26 -27 34 33 29 -31 31 -33 -34 -35 35 -37 -38 -39
leaf_value=0.040837855895154387 -0.035610386241007062 0.21404550484728904 -0.045590193308870028 0.58187429008498404 0.046275000851862161 -0.047607129802352294 0.28170657284133477 -0.011141866708953689 -0.01953045100036312 0.027934285541200914 -0.11324997256547847 0.11879018798065753 0.020639091447368873 0.063295572101614433 -0.07361864212467252 0.20991042555452372 0.056344642394034104 0.023326817239181577 0.048571284961762558 0.28142425071027721 -0.021468457560645221 0.075380797538337554 -0.020196116355381044 0.0062314991510688958 0.26457377612165667 -0.14638596961424447 -0.0400182627386476 -0.20800671816154667 -0.060066369582231528 0.23011221020595876 -0.00044804124231220344 -0.023317474840762624 -0.0055422797065110491 -0.054085401749657751 0.031457659088212998 -0.016073862141891666 0.082474019732285575 0.00058829850456664932
leaf_weight=545 2043 152 2255 208 1463 359 172 14702 3316 24346 986 1642 572 375 1555 306 1000 10776 2347 160 3334 566 5314 1759 170 374 5467 296 151 182 58854 20659 13309 280 2417 14778 220 11276
leaf_count=545 2043 152 2255 208 1463 359 172 14702 3316 24346 986 1642 572 375 1555 306 1000 10776 2347 160 3334 566 5314 1759 170 374 5467 296 151 182 58854 20659 13309 280 2417 14778 220 11276
internal_value=-0.000143823 0.000206821 -0.0287674 0.000604816 0.00528613 0.183319 0.00405103 0.0134221 0.0243723 0.0222444 -0.00383268 0.00191179 -0.0640942 0.131978 -0.00256496 -0.000810731 0.0291076 -0.00287171 0.0210199 0.0873925 0.00746713 -0.0208366 -0.00775555 -0.0139333 0.0290002 -0.0284937 -0.00807966 -0.0642785 -0.0432549 0.0985306 -0.00319 -0.00638996 0.00737419 -0.133187 -0.0158265 -0.0093926 -0.0352795 0.00583521
internal_weight=208686 206643 2800 203843 82299 567 81732 46111 28209 27662 17902 16344 1558 547 121544 110897 7147 103750 6841 1160 5681 10647 8183 7617 1929 5688 35621 2464 1888 333 103598 79513 24085 576 22882 17195 5687 12739
internal_count=208686 206643 2800 203843 82299 567 81732 46111 28209 27662 17902 16344 1558 547 121544 110897 7147 103750 6841 1160 5681 10647 8183 7617 1929 5688 35621 2464 1888 333 103598 79513 24085 576 22882 17195 5687 12739
is_linear=0
shrinkage=0.03


Tree=172
num_leaves=39
num_cat=0
split_feature=194 185 185 203 205 105 201 194 193 185 36 189 209 96 201 206 96 196 199 177 76 56 207 172 194 76 194 199 96 96 194 141 200 199 75 207 209 199
split_gain=2817.86 4425.34 5040.73 7689.24 4840.66 5117.36 7934.44 7591.11 6119.38 4746.62 3721.31 4424.21 3634.8 3439.34 6203.25 10124.4 8915.44 10000.9 8560.04 9418.63 4974.95 4843.85 4888.33 4441.02 4094.11 7380.97 18505.5 10606.9 4901.53 3437.65 4620.53 7548.23 3511.39 3417.26 3391.67 3332.51 3216.02 3175.19
threshold=54.500000000000007 1176.5999755859377 1063.549987792969 0.6755644977092744 -0.68301269412040699 -49.033094406127923 917.50000000000011 12.500000000000002 22.150000572204593 229.2994079589844 172.89971160888675 84.01050186157228 11.500000000000002 8.7824015617370623 272.50000000000006 -0.25000000000000006 14.362927436828615 98.500000000000014 163.50000000000003 2.1282253265380864 11.071507930755617 94.25571441650392 -0.55657517910003651 2.5499999523162846 95.500000000000014 7.9195461273193368 65.500000000000014 164.50000000000003 13.540679454803469 12.023187160491945 53.500000000000007 -23.946805953979489 10.449999809265138 14.500000000000002 42.277612686157234 0.9470459818840028 2.5000000000000004 296.50000000000006
decision_type=2 10 10 2 2 10 2 2 2 10 10 10 2 8 2 2 8 2 2 2 8 10 2 2 2 8 2 2 8 8 2 10 2 2 10 2 2 2
left_child=1 2 4 34 29 6 7 -6 -8 -9 -3 35 -10 23 15 16 36 18 19 -18 -20 -16 -23 -2 25 26 -17 -28 -26 32 -31 -32 -1 -7 -4 -12 -15 -25
right_child=13 10 3 -5 5 33 8 9 12 -11 11 -13 -14 14 21 24 17 -19 20 -21 -22 22 -24 37 28 -27 27 -29 -30 30 31 -33 -34 -35 -36 -37 -38 -39
leaf_value=-0.023442668322412184 0.00057017258131258268 0.010891569757281717 0.16141126414190143 0.22017649662823432 0.23437743787695209 -0.1163993863892257 -0.079450898586323593 0.046070513439912517 0.0047458504825584604 0.011069372281529939 -0.12272886192165795 -0.019332336553233874 0.14302626453303599 0.041220104871581231 -0.01889612247372615 0.34533073724112445 0.086690835745268466 -0.047265843322749683 -0.066593842506636386 0.30868482814899056 0.069863204178321162 0.021715264764865655 -0.11813749126303104 0.057298440891827659 -0.014913378724636536 -0.0081541814567032897 0.11177311309828057 -0.021002085636249758 -0.086460293292765722 -0.017457329120112348 -0.029191150987683642 0.25645092083520948 0.024124890691679966 0.00072922386128654228 0.0041254774826143658 0.01931689884557334 -0.013330451102546532 -0.0030615283147387333
leaf_weight=1926 54482 2730 147 240 169 227 792 8772 10167 5788 710 4016 174 1301 15127 171 446 652 268 280 2339 303 873 2203 2841 44887 806 1650 1237 13551 192 147 5082 17980 768 188 3854 1218
leaf_count=1926 54482 2730 147 240 169 227 792 8772 10167 5788 710 4016 174 1301 15127 171 446 652 268 280 2339 303 873 2203 2841 44887 806 1650 1237 13551 192 147 5082 17980 768 188 3854 1218
internal_value=-0.000294932 0.00441977 0.00691813 0.0690406 0.00581368 0.0114528 0.0200304 0.0344771 0.000917376 0.0321566 -0.0171914 -0.0327931 0.00707275 -0.0028723 -0.00702469 -0.00261394 0.0264876 0.0601867 0.0812068 0.172312 0.0558351 -0.0234556 -0.0821038 0.00265209 -0.00776956 -0.0052937 0.0435824 0.0225716 -0.0366163 -0.00607793 -0.0147206 0.0946739 0.0110519 -0.000731142 0.0293962 -0.0929907 0.000436793 0.035808
internal_weight=208704 73766 66122 1155 64967 44069 25862 14729 11133 14560 7644 4914 10341 134938 77035 60732 9140 3985 3333 726 2607 16303 1176 57903 51592 47514 2627 2456 4078 20898 13890 339 7008 18207 915 898 5155 3421
internal_count=208704 73766 66122 1155 64967 44069 25862 14729 11133 14560 7644 4914 10341 134938 77035 60732 9140 3985 3333 726 2607 16303 1176 57903 51592 47514 2627 2456 4078 20898 13890 339 7008 18207 915 898 5155 3421
is_linear=0
shrinkage=0.03


Tree=173
num_leaves=39
num_cat=0
split_feature=85 194 65 207 96 98 186 208 95 96 75 201 199 58 199 204 199 208 183 207 85 207 57 198 75 201 200 199 194 205 207 76 106 96 208 75 193 123
split_gain=2685.54 2868.08 2829.78 2745.08 2704.59 2603.6 2590.5 2271.68 3209.53 2584.57 2284.92 3785.85 8469.26 4057.53 3332.46 7686.92 20983.7 4214.22 3077.4 2518.59 2434.16 3365.98 2365.99 2184.05 2525 5165.85 4577.87 4120.5 3055.49 3748.18 2783.27 2182.93 1859.04 1813.33 4856.43 2391.06 4257.6 1811.07
threshold=19.812500000000004 97.500000000000014 169.52500152587893 -0.99763298034667958 9.5325212478637713 -13.946000099182127 0.24378601461648944 -0.93845868110656727 4.1300797462463388 8.2793688774108904 61.858495712280281 17.500000000000004 272.50000000000006 22.774999618530277 76.500000000000014 21.000000000000004 72.500000000000014 0.9993295967578889 135.50981903076175 -0.77786767482757557 1.9125000238418581 -0.39036798477172846 27.032424926757816 9.8499999046325701 23.510111808776859 47.500000000000007 12.650000095367433 277.50000000000006 75.500000000000014 0.68301269412040722 0.8431384563446046 73.556808471679702 0.75243535637855541 10.652780532836916 0.91511079668998729 42.952081680297859 14.550000190734865 6.4119222164154062
decision_type=8 2 10 2 10 2 10 2 8 8 10 2 2 8 2 2 2 2 10 2 10 2 10 2 10 2 2 2 2 2 2 10 10 10 2 8 2 10
left_child=3 2 5 6 -3 31 -1 9 -9 37 14 12 -12 19 15 17 -17 -10 -15 -13 21 -16 -22 24 25 26 -7 -27 29 -26 -30 32 -2 34 -25 -35 -37 -5
right_child=1 4 -4 7 -6 23 -8 8 10 -11 11 13 -14 18 20 16 -18 -19 -20 -21 22 -23 -24 33 28 27 -28 -29 30 -31 -32 -33 -34 35 -36 36 -38 -39
leaf_value=0.019260342597611734 0.017867220786978045 0.015442972039279388 -0.064463774255096987 0.0083832220839919671 -0.10735109512353221 0.03074918970159287 -0.041681314994815914 0.030687966746100536 0.0057517344713856576 -0.030232252465299807 -0.023041843394200377 -0.040229418121861732 0.2712874631748366 0.073545967844493701 -0.0057550895007559095 0.039190506640289544 0.41013283480476359 0.14989323054900619 -0.043731433817061113 0.0095745234716700708 0.00084465932345338484 0.12980515917967572 -0.013849555011860684 -0.0033164710858349968 -0.0046195841511665068 0.025077489843719557 0.14672894556266275 -0.02971749843472711 -0.011977152031950563 0.026350781773221119 -0.06325246239091975 -0.15128053004633946 -0.052228326996661273 -0.045911503625960894 0.15244190551236689 0.079538024079921582 -0.017181286928350723 -0.01368995707375791
leaf_weight=851 494 244 722 7123 477 933 2393 3789 9817 3723 194 987 161 1372 356 1003 159 186 236 12328 97477 307 10972 2706 16177 3164 456 2026 4700 4494 1195 147 1096 2410 193 435 7018 6308
leaf_count=851 494 244 722 7123 477 933 2393 3789 9817 3723 194 987 161 1372 356 1003 159 186 236 12328 97477 307 10972 2706 16177 3164 456 2026 4700 4494 1195 147 1096 2410 193 435 7018 6308
internal_value=-0.000265149 -0.00640232 -0.00551692 0.00162074 -0.0657951 -0.00462362 -0.0256943 0.00218695 0.00345512 -0.00811458 0.00269391 0.0136223 0.110445 0.0113189 0.00130574 0.0169163 0.0899509 0.00843214 0.0563332 0.00588266 -0.000291624 0.057016 -0.000641981 -0.00325944 0.000800897 0.0174398 0.0688256 0.00368729 -0.00331969 0.00211355 -0.0223715 -0.0406767 -0.03045 -0.0138048 0.00705342 -0.0199357 -0.011536 -0.00198363
internal_weight=208829 49087 48366 159742 721 47644 3244 156498 139344 17154 135555 15278 355 14923 120277 11165 1162 10003 1608 13315 109112 663 108449 45907 33145 6579 1389 5190 26566 20671 5895 1737 1590 12762 2899 9863 7453 13431
internal_count=208829 49087 48366 159742 721 47644 3244 156498 139344 17154 135555 15278 355 14923 120277 11165 1162 10003 1608 13315 109112 663 108449 45907 33145 6579 1389 5190 26566 20671 5895 1737 1590 12762 2899 9863 7453 13431
is_linear=0
shrinkage=0.03


Tree=174
num_leaves=39
num_cat=0
split_feature=198 205 204 208 207 208 208 199 75 208 197 199 197 207 193 94 199 193 207 198 193 199 56 207 207 56 199 207 207 199 85 36 185 191 197 94 183 204
split_gain=2718 2585.59 4847.06 5707.43 13112.8 6589.67 6581.55 6350.31 12660 4853.6 4445.14 6280.91 9081.97 9078.64 9581.93 8590.29 7924.55 14823.6 6809.32 6625.39 6585.54 7030.05 5959.22 5440.63 6762.05 4224.18 4259.27 4165.57 3922.68 3745.97 3719.12 3255.55 3705.74 7223.3 3560.61 3103.9 3834.12 2814.75
threshold=21.19999980926514 -0.68301269412040699 7.0000000000000009 0.31595529615879064 -0.9413962960243224 0.94636487960815441 0.30778898298740393 159.50000000000003 32.808103561401374 0.80798786878585827 984.54998779296886 282.50000000000006 984.25000000000011 0.98932364583015453 20.849999427795414 13.062577247619631 309.50000000000006 16.150000572204593 -0.9413962960243224 3.7500000000000004 28.44999980926514 287.50000000000006 10.554031372070314 0.76140651106834423 0.67167991399765026 98.012893676757827 328.50000000000006 0.61237135529518139 0.99168354272842418 186.50000000000003 33.062500000000007 244.22681427001956 454.54750061035162 21.523339271545414 986.54998779296886 13.972774028778078 73.758003234863295 19.000000000000004
decision_type=2 2 2 2 2 2 2 2 10 2 2 2 2 2 2 8 2 2 2 2 2 2 8 2 2 10 2 2 2 2 8 10 10 10 2 10 8 2
left_child=1 35 10 6 -5 7 31 8 -6 -9 11 13 20 15 28 -3 17 -14 -17 -16 22 -22 -13 24 27 26 -7 29 -15 -12 -25 32 34 -34 -4 -1 -37 -38
right_child=-2 2 3 4 5 25 -8 9 -10 -11 23 12 16 14 19 18 -18 -19 -20 -21 21 -23 -24 30 -26 -27 -28 -29 -30 -31 -32 -33 33 -35 -36 36 37 -39
leaf_value=-0.00039510630050592054 -0.048084725943291905 -0.0013308715961170587 -0.00013070909017885108 0.24659119742184313 0.12633000277277029 -0.0106645553308068 -0.11874509588197284 0.023311627781684354 0.023430169327012008 -0.0080668707462157041 0.0242751809739007 0.12042155179320953 0.056864642130710609 0.1069665136234919 0.21884837339250188 0.16843453718661044 -0.0052593690345029689 0.4166355881190088 -0.038784044641919771 0.062901614268265418 0.24777319915015519 0.04733564897291994 0.0014188810730163502 -0.054413775065839186 0.099728348898330613 -0.09716203278350051 0.060863055627820475 -0.1080529824072034 -0.054295273625897124 -0.0189881312014329 -0.19610261411783714 -0.032653925048970453 -0.00097835652220320309 0.053162995368455784 -0.071212165928736748 -0.040057724042887662 -0.017638976021749853 0.01052479757743115
leaf_weight=33477 1067 23634 37990 220 1450 7452 416 15195 4173 6266 2088 390 255 163 300 145 270 173 9044 1342 181 1212 13084 1186 471 457 833 427 812 13114 194 2451 5810 3587 645 4424 9416 4833
leaf_count=33477 1067 23634 37990 220 1450 7452 416 15195 4173 6266 2088 390 255 163 300 145 270 173 9044 1342 181 1212 13084 1186 471 457 833 427 812 13114 194 2451 5810 3587 645 4424 9416 4833
internal_value=-0.000326486 -8.09961e-05 0.0018584 0.00656025 0.0156939 0.014276 9.19007e-05 0.0215857 0.0499651 0.01415 -0.00411081 0.000363539 0.0162489 -0.00661321 0.0471606 -0.0109007 0.122008 0.202293 -0.035514 0.091395 0.0112835 0.0733813 0.00486348 -0.0171666 -0.0122665 -0.00837071 -0.00347284 -0.0156416 -0.0273344 -0.0130459 -0.0743338 0.00107119 0.00279215 0.0196883 -0.00131742 -0.00586127 -0.015661 -0.00808631
internal_weight=208647 207580 155430 86945 36046 35826 50899 27084 5623 21461 68485 51005 15565 35440 2617 32823 698 428 9189 1642 14867 1393 13474 17480 16100 8742 8285 15629 975 15202 1380 50483 48032 9397 38635 52150 18673 14249
internal_count=208647 207580 155430 86945 36046 35826 50899 27084 5623 21461 68485 51005 15565 35440 2617 32823 698 428 9189 1642 14867 1393 13474 17480 16100 8742 8285 15629 975 15202 1380 50483 48032 9397 38635 52150 18673 14249
is_linear=0
shrinkage=0.03


end of trees

feature_importances:
Column_207=646
Column_208=460
Column_194=442
Column_96=365
Column_193=285
Column_201=284
Column_199=283
Column_197=206
Column_205=201
Column_204=198
Column_97=187
Column_202=183
Column_200=170
Column_94=163
Column_36=159
Column_56=145
Column_198=143
Column_95=140
Column_76=124
Column_196=115
Column_203=114
Column_206=113
Column_85=112
Column_123=101
Column_80=95
Column_114=94
Column_16=79
Column_75=79
Column_209=79
Column_132=77
Column_141=75
Column_99=63
Column_59=60
Column_105=58
Column_190=51
Column_181=48
Column_86=47
Column_77=44
Column_54=41
Column_191=41
Column_35=40
Column_93=40
Column_57=38
Column_55=37
Column_189=35
Column_92=34
Column_79=33
Column_82=33
Column_74=32
Column_90=32
Column_185=32
Column_84=31
Column_87=27
Column_98=27
Column_122=27
Column_183=27
Column_91=25
Column_161=25
Column_140=24
Column_192=24
Column_88=21
Column_15=20
Column_187=20
Column_45=18
Column_102=18
Column_163=18
Column_40=17
Column_129=17
Column_157=16
Column_164=16
Column_173=16
Column_175=16
Column_34=15
Column_81=15
Column_138=15
Column_100=14
Column_149=14
Column_155=14
Column_166=14
Column_83=13
Column_162=13
Column_172=13
Column_188=13
Column_39=12
Column_52=12
Column_120=12
Column_147=12
Column_89=11
Column_104=11
Column_37=10
Column_50=10
Column_65=10
Column_184=10
Column_186=10
Column_47=9
Column_68=9
Column_158=9
Column_180=9
Column_28=8
Column_42=8
Column_72=8
Column_139=8
Column_146=8
Column_160=8
Column_176=8
Column_5=7
Column_14=7
Column_17=7
Column_20=7
Column_23=7
Column_32=7
Column_33=7
Column_113=7
Column_165=7
Column_169=7
Column_177=7
Column_7=6
Column_8=6
Column_10=6
Column_25=6
Column_26=6
Column_29=6
Column_30=6
Column_44=6
Column_46=6
Column_48=6
Column_49=6
Column_60=6
Column_62=6
Column_63=6
Column_66=6
Column_109=6
Column_124=6
Column_142=6
Column_144=6
Column_156=6
Column_170=6
Column_9=5
Column_11=5
Column_12=5
Column_22=5
Column_27=5
Column_31=5
Column_51=5
Column_53=5
Column_70=5
Column_71=5
Column_78=5
Column_111=5
Column_145=5
Column_178=5
Column_18=4
Column_19=4
Column_41=4
Column_43=4
Column_58=4
Column_101=4
Column_103=4
Column_112=4
Column_115=4
Column_136=4
Column_150=4
Column_151=4
Column_4=3
Column_6=3
Column_64=3
Column_67=3
Column_106=3
Column_125=3
Column_171=3
Column_2=2
Column_3=2
Column_38=2
Column_73=2
Column_107=2
Column_118=2
Column_130=2
Column_134=2
Column_137=2
Column_148=2
Column_153=2
Column_159=2
Column_168=2
Column_179=2
Column_182=2
Column_195=2
Column_210=2
Column_0=1
Column_13=1
Column_24=1
Column_61=1
Column_69=1
Column_110=1
Column_116=1
Column_121=1
Column_126=1
Column_131=1
Column_133=1
Column_143=1
Column_152=1
Column_167=1
Column_174=1

parameters:
[boosting: gbdt]
[objective: regression]
[metric: l2]
[tree_learner: serial]
[device_type: cpu]
[data_sample_strategy: bagging]
[data: ]
[valid: ]
[num_iterations: 369]
[learning_rate: 0.03]
[num_leaves: 39]
[num_threads: 8]
[seed: 0]
[deterministic: 0]
[force_col_wise: 0]
[force_row_wise: 0]
[histogram_pool_size: -1]
[max_depth: 8]
[min_data_in_leaf: 145]
[min_sum_hessian_in_leaf: 0.001]
[bagging_fraction: 0.939299]
[pos_bagging_fraction: 1]
[neg_bagging_fraction: 1]
[bagging_freq: 1]
[bagging_seed: 3]
[bagging_by_query: 0]
[feature_fraction: 0.629109]
[feature_fraction_bynode: 1]
[feature_fraction_seed: 2]
[extra_trees: 0]
[extra_seed: 6]
[early_stopping_round: 0]
[early_stopping_min_delta: 0]
[first_metric_only: 0]
[max_delta_step: 0]
[lambda_l1: 0.0129666]
[lambda_l2: 0.00936093]
[linear_lambda: 0]
[min_gain_to_split: 0.235931]
[drop_rate: 0.1]
[max_drop: 50]
[skip_drop: 0.5]
[xgboost_dart_mode: 0]
[uniform_drop: 0]
[drop_seed: 4]
[top_rate: 0.2]
[other_rate: 0.1]
[min_data_per_group: 100]
[max_cat_threshold: 32]
[cat_l2: 10]
[cat_smooth: 10]
[max_cat_to_onehot: 4]
[top_k: 20]
[monotone_constraints: ]
[monotone_constraints_method: basic]
[monotone_penalty: 0]
[feature_contri: ]
[forcedsplits_filename: ]
[refit_decay_rate: 0.9]
[cegb_tradeoff: 1]
[cegb_penalty_split: 0]
[cegb_penalty_feature_lazy: ]
[cegb_penalty_feature_coupled: ]
[path_smooth: 0]
[interaction_constraints: ]
[verbosity: -1]
[saved_feature_importance_type: 0]
[use_quantized_grad: 0]
[num_grad_quant_bins: 4]
[quant_train_renew_leaf: 0]
[stochastic_rounding: 1]
[linear_tree: 0]
[max_bin: 255]
[max_bin_by_feature: ]
[min_data_in_bin: 3]
[bin_construct_sample_cnt: 200000]
[data_random_seed: 1]
[is_enable_sparse: 1]
[enable_bundle: 1]
[use_missing: 1]
[zero_as_missing: 0]
[feature_pre_filter: 0]
[pre_partition: 0]
[two_round: 0]
[header: 0]
[label_column: ]
[weight_column: ]
[group_column: ]
[ignore_column: ]
[categorical_feature: ]
[forcedbins_filename: ]
[precise_float_parser: 0]
[parser_config_file: ]
[objective_seed: 5]
[num_class: 1]
[is_unbalance: 0]
[scale_pos_weight: 1]
[sigmoid: 1]
[boost_from_average: 1]
[reg_sqrt: 0]
[alpha: 0.9]
[fair_c: 1]
[poisson_max_delta_step: 0.7]
[tweedie_variance_power: 1.5]
[lambdarank_truncation_level: 30]
[lambdarank_norm: 1]
[label_gain: ]
[lambdarank_position_bias_regularization: 0]
[eval_at: ]
[multi_error_top_k: 1]
[auc_mu_weights: ]
[num_machines: 1]
[local_listen_port: 12400]
[time_out: 120]
[machine_list_filename: ]
[machines: ]
[gpu_platform_id: -1]
[gpu_device_id: -1]
[gpu_device_id_list: ]
[gpu_use_dp: 0]
[num_gpu: 1]

end of parameters

pandas_categorical:null
