date,frp50,n50,frp100,n100,frp200,n200,frpup100,nup100,frpup200,nup200
2015-01-01,0.0,0.0,14.22,4.0,38.46,10.0,6.84,1.99,14.0,4.5
2015-01-02,0.0,0.0,0.0,0.0,0.0,0.0,0.0,0.0,0.0,0.0
2015-01-03,0.0,0.0,0.0,0.0,0.0,0.0,0.0,0.0,0.0,0.0
2015-01-04,0.0,0.0,0.0,0.0,13.08,4.0,0.0,0.0,12.41,3.7
2015-01-05,6.79,2.0,46.03,17.0,98.4,33.0,10.79,4.7,37.54,11.54
2015-01-06,8.58,3.0,58.76,20.0,74.49,27.0,19.42,6.53,28.05,10.42
2015-01-07,0.0,0.0,0.0,0.0,12.97,5.0,0.0,0.0,5.51,1.88
2015-01-08,0.0,0.0,0.0,0.0,0.0,0.0,0.0,0.0,0.0,0.0
2015-01-09,0.0,0.0,7.5,1.0,19.0,4.0,0.0,0.0,1.99,0.95
2015-01-10,69.31,18.0,285.82,86.0,391.74,117.0,14.76,5.7,56.25,17.88
2015-01-11,2.18,1.0,14.69,5.0,32.75,9.0,11.76,3.56,11.76,3.56
2015-01-12,0.62,1.0,74.06,27.0,189.64,57.0,17.38,7.2,64.66,19.35
2015-01-13,4.0,2.0,40.05,13.0,74.44,27.0,13.62,4.63,17.58,6.82
2015-01-14,0.0,0.0,0.0,0.0,0.0,0.0,0.0,0.0,0.0,0.0
2015-01-15,0.27,1.0,3.07,2.0,41.25,15.0,1.56,1.43,25.26,8.16
2015-01-16,20.45,7.0,83.71,28.0,154.44,57.0,25.81,9.4,56.32,21.17
2015-01-17,0.0,0.0,12.07,3.0,53.47,13.0,7.78,1.9,36.72,8.9
2015-01-18,3.98,2.0,9.33,4.0,24.26,8.0,5.26,1.96,17.35,5.22
2015-01-19,20.32,6.0,33.9,9.0,68.26,18.0,13.32,3.84,35.36,9.68
2015-01-20,0.0,0.0,0.0,0.0,19.76,5.0,0.0,0.0,0.0,0.0
2015-01-21,13.13,4.0,72.65,23.0,142.23,40.0,30.31,10.0,85.19,22.68
2015-01-22,0.0,0.0,0.0,0.0,0.0,0.0,0.0,0.0,0.0,0.0
2015-01-23,0.0,0.0,0.0,0.0,34.04,3.0,0.0,0.0,11.41,0.68
2015-01-24,0.0,0.0,3.21,1.0,3.21,1.0,0.0,0.0,0.0,0.0
2015-01-25,7.08,1.0,18.81,4.0,34.25,9.0,9.81,2.36,16.14,4.78
2015-01-26,0.0,0.0,12.27,3.0,20.25,6.0,10.48,2.38,12.67,3.06
2015-01-27,0.0,0.0,27.51,10.0,71.72,27.0,8.01,2.97,28.91,10.92
2015-01-28,5.09,2.0,41.28,8.0,61.32,13.0,21.37,2.97,25.52,4.12
2015-01-29,1.1,1.0,27.98,8.0,76.98,21.0,10.89,4.23,21.14,7.1
2015-01-30,9.39,1.0,53.61,15.0,159.45,48.0,0.07,0.06,5.54,1.36
2015-01-31,9.08,3.0,153.77,30.0,533.79,65.0,23.61,7.61,69.18,15.11
2015-02-01,34.51,5.0,105.26,27.0,292.79,82.0,45.39,10.71,109.56,28.08
2015-02-02,19.55,4.0,45.04,10.0,96.24,21.0,21.48,4.97,40.69,9.32
2015-02-03,4.1,2.0,22.08,9.0,155.62,24.0,9.21,3.58,31.96,6.22
2015-02-04,0.0,0.0,3.19,1.0,16.06,5.0,3.14,0.98,3.17,1.0
2015-02-05,13.69,3.0,71.13,21.0,188.41,50.0,8.56,3.08,27.04,8.59
2015-02-06,9.81,5.0,123.37,30.0,289.71,84.0,58.96,18.78,165.72,53.12
2015-02-07,33.7,10.0,189.5,51.0,377.08,102.0,125.2,32.48,252.83,64.11
2015-02-08,12.97,2.0,108.09,20.0,220.56,47.0,47.49,7.73,76.36,14.19
2015-02-09,4.66,2.0,31.93,9.0,150.36,41.0,7.01,1.94,37.97,8.91
2015-02-10,0.0,0.0,80.06,10.0,201.74,36.0,26.66,1.69,50.86,6.57
2015-02-11,32.38,3.0,99.88,23.0,258.37,64.0,33.09,9.68,94.47,22.62
2015-02-12,0.56,1.0,105.5,33.0,304.89,85.0,35.15,11.09,88.25,22.81
2015-02-13,7.99,2.0,54.3,14.0,221.22,45.0,9.54,2.58,31.43,6.85
2015-02-14,5.74,1.0,85.02,22.0,219.77,55.0,32.97,10.61,108.74,30.19
2015-02-15,17.2,3.0,77.08,23.0,173.01,54.0,42.74,13.76,91.95,31.7
2015-02-16,0.48,1.0,15.12,5.0,69.64,14.0,5.32,0.97,32.21,5.53
2015-02-17,13.18,3.0,103.52,26.0,329.35,92.0,32.35,7.72,93.29,30.95
2015-02-18,6.67,2.0,49.32,12.0,183.72,47.0,7.72,2.31,32.69,8.53
2015-02-19,0.0,0.0,20.03,7.0,141.0,27.0,6.84,1.59,27.31,6.51
2015-02-20,5.13,2.0,12.0,5.0,59.62,14.0,6.77,1.78,24.88,4.57
2015-02-21,1.92,1.0,17.77,8.0,128.81,27.0,3.68,2.16,27.35,6.29
2015-02-22,41.09,4.0,54.3,8.0,176.48,35.0,14.14,2.73,27.6,6.44
2015-02-23,0.0,0.0,46.62,10.0,156.6,36.0,23.72,5.86,91.84,20.55
2015-02-24,0.0,0.0,0.0,0.0,0.0,0.0,0.0,0.0,0.0,0.0
2015-02-25,0.0,0.0,0.0,0.0,14.74,4.0,0.0,0.0,2.5,0.83
2015-02-26,0.98,1.0,12.03,3.0,50.1,15.0,3.33,0.83,20.53,5.89
2015-02-27,6.39,2.0,43.86,11.0,122.0,37.0,33.39,8.36,91.8,26.92
2015-02-28,8.44,3.0,18.54,6.0,83.88,24.0,7.87,2.33,39.76,13.41
2015-03-01,0.0,0.0,0.0,0.0,0.0,0.0,0.0,0.0,0.0,0.0
2015-03-02,0.0,0.0,0.0,0.0,0.49,1.0,0.0,0.0,0.0,0.0
2015-03-03,0.28,1.0,0.28,1.0,1.36,3.0,0.26,0.93,0.26,0.93
2015-03-04,0.63,1.0,1.56,3.0,15.74,11.0,0.04,0.07,3.15,1.3
2015-03-05,4.28,6.0,22.13,14.0,103.36,50.0,11.94,4.08,72.05,25.91
2015-03-06,0.0,0.0,8.58,3.0,59.85,18.0,0.27,0.09,21.38,5.59
2015-03-07,0.0,0.0,18.67,6.0,77.92,17.0,5.14,1.99,23.1,5.51
2015-03-08,0.0,0.0,0.0,0.0,0.0,0.0,0.0,0.0,0.0,0.0
2015-03-09,1.18,2.0,3.62,4.0,46.19,11.0,0.59,1.14,4.01,2.04
2015-03-10,1.84,4.0,14.17,10.0,130.65,37.0,3.8,2.57,20.01,8.28
2015-03-11,1.13,1.0,34.32,11.0,77.37,26.0,18.25,5.2,27.75,8.08
2015-03-12,0.0,0.0,20.4,6.0,152.41,29.0,14.06,4.01,81.72,13.53
2015-03-13,2.34,1.0,33.97,8.0,65.4,14.0,4.01,0.88,9.19,2.86
2015-03-14,0.0,0.0,0.0,0.0,0.0,0.0,0.0,0.0,0.0,0.0
2015-03-15,0.0,0.0,0.4,1.0,0.64,2.0,0.0,0.0,0.03,0.14
2015-03-16,0.0,0.0,31.39,10.0,123.77,27.0,6.17,1.74,44.26,8.85
2015-03-17,0.0,0.0,18.03,5.0,146.15,25.0,10.8,2.59,33.33,5.51
2015-03-18,7.39,3.0,13.99,6.0,115.42,21.0,0.55,0.81,40.19,3.05
2015-03-19,0.0,0.0,9.65,4.0,57.15,18.0,4.55,1.63,26.1,5.94
2015-03-20,24.11,4.0,30.22,6.0,75.29,15.0,5.45,1.86,7.03,2.55
2015-03-21,2.85,1.0,10.69,4.0,73.52,20.0,5.41,2.11,19.69,7.1
2015-03-22,0.0,0.0,25.81,5.0,132.16,23.0,10.1,1.97,21.85,4.2
2015-03-23,0.0,0.0,3.49,1.0,72.77,8.0,0.0,0.0,33.76,3.41
2015-03-24,0.0,0.0,1.78,1.0,53.9,10.0,0.62,0.35,26.25,4.62
2015-03-25,3.93,1.0,9.07,2.0,46.28,13.0,7.93,1.74,27.55,8.83
2015-03-26,0.0,0.0,10.27,3.0,61.79,15.0,0.15,0.05,13.21,3.47
2015-03-27,0.0,0.0,6.79,2.0,41.6,16.0,4.81,1.4,19.77,8.28
2015-03-28,0.0,0.0,25.36,2.0,61.61,11.0,0.0,0.0,26.25,5.96
2015-03-29,0.0,0.0,0.0,0.0,0.0,0.0,0.0,0.0,0.0,0.0
2015-03-30,0.0,0.0,0.0,0.0,0.17,1.0,0.0,0.0,0.12,0.7
2015-03-31,0.55,1.0,5.16,3.0,9.23,7.0,0.0,0.0,3.14,2.92
2015-04-01,0.0,0.0,13.62,3.0,24.77,6.0,5.24,1.25,15.17,3.72
2015-04-02,0.0,0.0,11.13,2.0,26.59,7.0,0.0,0.0,0.0,0.0
2015-04-03,0.0,0.0,0.0,0.0,0.0,0.0,0.0,0.0,0.0,0.0
2015-04-04,0.0,0.0,0.0,0.0,0.89,1.0,0.0,0.0,0.24,0.27
2015-04-05,0.69,2.0,12.73,7.0,42.4,14.0,2.15,1.98,26.25,7.52
2015-04-06,7.89,4.0,17.07,9.0,32.92,18.0,5.83,3.16,11.23,5.72
2015-04-07,0.0,0.0,8.11,2.0,11.79,6.0,0.0,0.0,1.95,2.07
2015-04-08,3.76,2.0,14.15,4.0,28.24,8.0,5.77,2.15,9.89,2.81
2015-04-09,0.0,0.0,4.27,1.0,33.15,10.0,0.0,0.0,12.79,3.76
2015-04-10,0.24,1.0,0.24,1.0,10.16,6.0,0.22,0.92,0.93,1.89
2015-04-11,9.0,3.0,21.79,7.0,63.84,21.0,0.49,0.21,1.28,0.39
2015-04-12,0.0,0.0,0.0,0.0,0.0,0.0,0.0,0.0,0.0,0.0
2015-04-13,0.0,0.0,0.0,0.0,0.0,0.0,0.0,0.0,0.0,0.0
2015-04-14,0.0,0.0,0.0,0.0,8.7,6.0,0.0,0.0,0.8,0.99
2015-04-15,4.52,1.0,7.19,2.0,22.57,7.0,1.01,0.25,7.44,2.33
2015-04-16,0.63,1.0,0.63,1.0,5.59,5.0,0.16,0.26,2.59,1.84
2015-04-17,0.0,0.0,2.43,2.0,26.47,10.0,0.42,0.37,1.89,0.88
2015-04-18,0.0,0.0,52.66,8.0,62.52,11.0,31.2,3.6,32.12,3.83
2015-04-19,5.31,3.0,22.27,8.0,35.57,13.0,16.14,5.56,16.14,5.56
2015-04-20,0.0,0.0,0.92,1.0,688.12,27.0,0.0,0.0,3.8,1.12
2015-04-21,4.63,1.0,20.83,5.0,98.78,21.0,0.0,0.0,51.44,7.47
2015-04-22,18.78,4.0,138.98,16.0,181.76,28.0,78.4,6.17,91.27,9.11
2015-04-23,19.45,3.0,85.0,12.0,172.41,23.0,19.04,2.73,78.14,8.35
2015-04-24,9.98,3.0,157.3,32.0,315.28,56.0,7.74,2.22,30.86,5.92
2015-04-25,15.14,6.0,65.17,22.0,147.47,36.0,5.46,1.86,8.77,2.68
2015-04-26,2.92,1.0,71.83,21.0,100.12,31.0,5.6,2.28,9.35,4.04
2015-04-27,22.48,8.0,84.41,33.0,162.02,58.0,22.95,6.9,32.52,10.24
2015-04-28,0.0,0.0,103.46,16.0,238.52,44.0,0.52,0.15,7.16,1.93
2015-04-29,6.12,2.0,314.73,51.0,492.4,104.0,9.81,3.34,31.17,10.25
2015-04-30,19.36,8.0,83.57,26.0,164.59,44.0,9.46,3.25,9.46,3.25
2015-05-01,25.6,6.0,421.89,85.0,759.62,180.0,106.59,23.41,227.37,57.83
2015-05-02,85.0,11.0,628.35,85.0,1812.24,244.0,276.43,43.13,1193.17,162.86
2015-05-03,58.45,8.0,783.61,99.0,2073.46,262.0,450.15,63.04,1433.67,176.27
2015-05-04,81.27,16.0,889.58,118.0,3045.39,352.0,608.19,73.16,2183.44,232.52
2015-05-05,49.06,12.0,802.96,164.0,3490.37,712.0,526.4,109.28,2630.47,530.86
2015-05-06,151.33,19.0,495.25,80.0,3425.43,447.0,59.5,8.74,330.27,40.35
2015-05-07,69.46,8.0,419.1,63.0,3447.69,486.0,256.0,38.44,2399.96,325.09
2015-05-08,38.06,6.0,113.22,21.0,999.7,166.0,32.06,7.15,357.6,50.01
2015-05-09,24.65,4.0,258.4,36.0,3001.81,402.0,49.9,6.74,245.94,31.44
2015-05-10,13.22,4.0,79.79,23.0,745.21,186.0,33.43,9.87,260.02,70.01
2015-05-11,23.1,8.0,99.64,25.0,589.79,156.0,19.09,4.92,105.74,26.82
2015-05-12,8.83,3.0,145.76,24.0,739.96,145.0,11.64,3.24,137.58,40.98
2015-05-13,0.0,0.0,0.0,0.0,181.19,42.0,0.0,0.0,29.81,9.44
2015-05-14,7.16,2.0,44.32,9.0,540.64,105.0,8.37,2.17,431.94,82.3
2015-05-15,3.23,1.0,17.59,5.0,154.61,32.0,5.17,0.87,43.99,7.08
2015-05-16,11.42,3.0,39.46,11.0,609.99,160.0,5.9,1.8,21.92,7.32
2015-05-17,23.98,4.0,89.55,16.0,539.47,116.0,43.72,6.27,65.33,11.81
2015-05-18,26.87,5.0,97.56,19.0,460.9,95.0,8.29,1.6,87.8,22.53
2015-05-19,0.0,0.0,0.0,0.0,47.12,8.0,0.0,0.0,0.09,0.03
2015-05-20,0.0,0.0,20.17,3.0,269.28,51.0,0.0,0.0,109.9,20.34
2015-05-21,82.33,7.0,148.17,20.0,639.8,122.0,90.41,7.7,190.91,27.6
2015-05-22,7.85,1.0,26.62,6.0,699.22,125.0,3.49,0.7,101.91,12.81
2015-05-23,7.95,3.0,19.68,5.0,382.92,79.0,0.86,0.9,11.65,4.67
2015-05-24,35.8,4.0,35.8,4.0,238.06,56.0,0.0,0.0,0.0,0.0
2015-05-25,0.0,0.0,3.58,2.0,136.47,29.0,3.53,1.97,21.42,4.11
2015-05-26,30.38,6.0,42.95,8.0,187.54,41.0,0.43,0.27,10.08,3.49
2015-05-27,12.94,1.0,49.18,6.0,147.48,35.0,20.67,1.99,61.03,10.32
2015-05-28,9.03,3.0,10.19,4.0,245.58,45.0,6.98,2.3,45.47,7.28
2015-05-29,35.77,5.0,47.99,7.0,131.1,33.0,6.94,2.01,13.72,4.25
2015-05-30,0.0,0.0,0.0,0.0,185.74,45.0,0.0,0.0,20.42,4.42
2015-05-31,8.59,2.0,29.24,4.0,80.07,29.0,10.21,1.68,38.05,7.81
2015-06-01,0.0,0.0,0.0,0.0,86.37,19.0,0.0,0.0,2.57,0.84
2015-06-02,0.0,0.0,0.0,0.0,168.74,40.0,0.0,0.0,38.48,15.36
2015-06-03,0.0,0.0,0.0,0.0,32.9,5.0,0.0,0.0,1.11,0.32
2015-06-04,0.0,0.0,0.0,0.0,127.28,38.0,0.0,0.0,30.79,8.94
2015-06-05,12.47,3.0,17.98,4.0,190.21,45.0,3.88,0.83,36.91,8.8
2015-06-06,9.71,3.0,18.59,7.0,150.93,52.0,4.27,1.53,6.73,2.49
2015-06-07,8.89,3.0,22.76,5.0,183.71,47.0,0.84,0.25,11.2,2.0
2015-06-08,0.0,0.0,0.0,0.0,294.07,56.0,0.0,0.0,44.42,6.05
2015-06-09,0.0,0.0,0.0,0.0,554.13,75.0,0.0,0.0,4.41,0.39
2015-06-10,0.0,0.0,4.44,1.0,68.74,16.0,0.0,0.0,0.0,0.0
2015-06-11,0.0,0.0,0.0,0.0,82.07,20.0,0.0,0.0,14.06,2.89
2015-06-12,0.0,0.0,13.19,2.0,93.27,25.0,3.41,0.77,4.15,1.06
2015-06-13,0.0,0.0,0.0,0.0,22.67,9.0,0.0,0.0,0.0,0.0
2015-06-14,0.0,0.0,0.0,0.0,8.61,6.0,0.0,0.0,3.54,2.4
2015-06-15,0.0,0.0,0.0,0.0,15.46,5.0,0.0,0.0,0.0,0.0
2015-06-16,0.0,0.0,0.0,0.0,24.97,7.0,0.0,0.0,0.46,0.12
2015-06-17,0.0,0.0,0.0,0.0,17.79,5.0,0.0,0.0,7.12,2.14
2015-06-18,0.0,0.0,0.0,0.0,33.59,6.0,0.0,0.0,0.0,0.0
2015-06-19,0.0,0.0,12.92,1.0,57.14,13.0,0.0,0.0,3.45,1.0
2015-06-20,0.0,0.0,6.87,1.0,8.59,2.0,6.87,1.0,6.87,1.0
2015-06-21,0.0,0.0,0.0,0.0,0.0,0.0,0.0,0.0,0.0,0.0
2015-06-22,0.0,0.0,0.0,0.0,14.41,2.0,0.0,0.0,4.85,0.58
2015-06-23,0.0,0.0,0.0,0.0,4.25,1.0,0.0,0.0,0.0,0.0
2015-06-24,0.0,0.0,0.0,0.0,11.02,2.0,0.0,0.0,10.36,1.88
2015-06-25,0.0,0.0,0.0,0.0,1.55,1.0,0.0,0.0,1.31,0.84
2015-06-26,0.0,0.0,0.0,0.0,4.69,1.0,0.0,0.0,0.0,0.0
2015-06-27,0.0,0.0,0.0,0.0,0.0,0.0,0.0,0.0,0.0,0.0
2015-06-28,0.0,0.0,0.0,0.0,0.0,0.0,0.0,0.0,0.0,0.0
2015-06-29,0.0,0.0,0.0,0.0,0.0,0.0,0.0,0.0,0.0,0.0
2015-06-30,0.0,0.0,0.0,0.0,0.0,0.0,0.0,0.0,0.0,0.0
2015-07-01,0.0,0.0,0.0,0.0,6.33,1.0,0.0,0.0,0.0,0.0
2015-07-02,0.0,0.0,0.0,0.0,3.91,1.0,0.0,0.0,0.0,0.0
2015-07-03,0.0,0.0,0.0,0.0,0.0,0.0,0.0,0.0,0.0,0.0
2015-07-04,0.0,0.0,0.0,0.0,0.0,0.0,0.0,0.0,0.0,0.0
2015-07-05,0.0,0.0,0.0,0.0,0.0,0.0,0.0,0.0,0.0,0.0
2015-07-06,0.0,0.0,0.0,0.0,0.0,0.0,0.0,0.0,0.0,0.0
2015-07-07,0.0,0.0,0.0,0.0,0.0,0.0,0.0,0.0,0.0,0.0
2015-07-08,0.0,0.0,0.0,0.0,0.0,0.0,0.0,0.0,0.0,0.0
2015-07-09,0.0,0.0,0.52,1.0,0.52,1.0,0.49,0.94,0.49,0.94
2015-07-10,0.0,0.0,0.0,0.0,0.0,0.0,0.0,0.0,0.0,0.0
2015-07-11,0.0,0.0,0.0,0.0,0.0,0.0,0.0,0.0,0.0,0.0
2015-07-12,0.0,0.0,0.0,0.0,0.0,0.0,0.0,0.0,0.0,0.0
2015-07-13,0.0,0.0,0.0,0.0,0.0,0.0,0.0,0.0,0.0,0.0
2015-07-14,0.0,0.0,0.0,0.0,6.4,1.0,0.0,0.0,1.77,0.28
2015-07-15,0.0,0.0,0.0,0.0,0.0,0.0,0.0,0.0,0.0,0.0
2015-07-16,0.0,0.0,0.0,0.0,0.0,0.0,0.0,0.0,0.0,0.0
2015-07-17,0.0,0.0,0.0,0.0,0.0,0.0,0.0,0.0,0.0,0.0
2015-07-18,0.0,0.0,0.0,0.0,0.0,0.0,0.0,0.0,0.0,0.0
2015-07-19,0.0,0.0,0.0,0.0,0.0,0.0,0.0,0.0,0.0,0.0
2015-07-20,0.0,0.0,0.0,0.0,0.0,0.0,0.0,0.0,0.0,0.0
2015-07-21,0.0,0.0,0.0,0.0,0.0,0.0,0.0,0.0,0.0,0.0
2015-07-22,0.0,0.0,0.0,0.0,0.0,0.0,0.0,0.0,0.0,0.0
2015-07-23,0.0,0.0,0.0,0.0,0.0,0.0,0.0,0.0,0.0,0.0
2015-07-24,0.0,0.0,0.0,0.0,0.0,0.0,0.0,0.0,0.0,0.0
2015-07-25,0.0,0.0,0.0,0.0,0.0,0.0,0.0,0.0,0.0,0.0
2015-07-26,1.36,1.0,1.36,1.0,3.26,2.0,0.0,0.0,0.0,0.0
2015-07-27,0.0,0.0,1.85,1.0,9.09,4.0,0.0,0.0,1.07,0.95
2015-07-28,0.0,0.0,0.0,0.0,1.41,1.0,0.0,0.0,0.0,0.0
2015-07-29,0.0,0.0,0.0,0.0,0.0,0.0,0.0,0.0,0.0,0.0
2015-07-30,0.0,0.0,0.0,0.0,0.0,0.0,0.0,0.0,0.0,0.0
2015-07-31,0.0,0.0,0.0,0.0,0.0,0.0,0.0,0.0,0.0,0.0
2015-08-01,0.0,0.0,0.0,0.0,0.98,1.0,0.0,0.0,0.0,0.0
2015-08-02,0.0,0.0,0.0,0.0,0.0,0.0,0.0,0.0,0.0,0.0
2015-08-03,0.0,0.0,0.0,0.0,0.0,0.0,0.0,0.0,0.0,0.0
2015-08-04,0.0,0.0,0.0,0.0,0.0,0.0,0.0,0.0,0.0,0.0
2015-08-05,0.0,0.0,0.0,0.0,0.0,0.0,0.0,0.0,0.0,0.0
2015-08-06,1.31,1.0,1.31,1.0,1.31,1.0,0.0,0.0,0.0,0.0
2015-08-07,0.0,0.0,0.0,0.0,0.0,0.0,0.0,0.0,0.0,0.0
2015-08-08,0.0,0.0,0.0,0.0,0.0,0.0,0.0,0.0,0.0,0.0
2015-08-09,0.0,0.0,0.0,0.0,0.0,0.0,0.0,0.0,0.0,0.0
2015-08-10,0.0,0.0,0.0,0.0,0.0,0.0,0.0,0.0,0.0,0.0
2015-08-11,0.0,0.0,0.0,0.0,0.0,0.0,0.0,0.0,0.0,0.0
2015-08-12,0.0,0.0,0.0,0.0,6.11,2.0,0.0,0.0,0.0,0.0
2015-08-13,0.0,0.0,0.0,0.0,0.0,0.0,0.0,0.0,0.0,0.0
2015-08-14,0.0,0.0,0.0,0.0,0.0,0.0,0.0,0.0,0.0,0.0
2015-08-15,0.0,0.0,0.0,0.0,0.0,0.0,0.0,0.0,0.0,0.0
2015-08-16,0.0,0.0,0.0,0.0,0.0,0.0,0.0,0.0,0.0,0.0
2015-08-17,0.0,0.0,0.0,0.0,1.77,1.0,0.0,0.0,0.0,0.0
2015-08-18,2.26,1.0,2.26,1.0,2.26,1.0,0.73,0.32,0.73,0.32
2015-08-19,0.0,0.0,0.0,0.0,0.0,0.0,0.0,0.0,0.0,0.0
2015-08-20,0.0,0.0,0.0,0.0,0.0,0.0,0.0,0.0,0.0,0.0
2015-08-21,0.0,0.0,0.0,0.0,0.0,0.0,0.0,0.0,0.0,0.0
2015-08-22,0.0,0.0,0.0,0.0,0.0,0.0,0.0,0.0,0.0,0.0
2015-08-23,0.0,0.0,0.0,0.0,5.87,1.0,0.0,0.0,0.0,0.0
2015-08-24,0.0,0.0,0.0,0.0,0.0,0.0,0.0,0.0,0.0,0.0
2015-08-25,1.37,1.0,1.37,1.0,1.37,1.0,0.89,0.65,0.89,0.65
2015-08-26,0.0,0.0,0.0,0.0,11.16,2.0,0.0,0.0,2.18,0.39
2015-08-27,3.73,1.0,3.73,1.0,3.73,1.0,2.09,0.56,2.09,0.56
2015-08-28,0.0,0.0,0.0,0.0,0.0,0.0,0.0,0.0,0.0,0.0
2015-08-29,5.09,2.0,5.09,2.0,5.09,2.0,1.29,0.51,1.29,0.51
2015-08-30,0.0,0.0,0.0,0.0,0.0,0.0,0.0,0.0,0.0,0.0
2015-08-31,0.0,0.0,0.0,0.0,10.36,2.0,0.0,0.0,10.16,1.96
2015-09-01,0.0,0.0,0.0,0.0,1.66,1.0,0.0,0.0,0.14,0.09
2015-09-02,2.13,1.0,2.13,1.0,7.35,3.0,0.0,0.0,0.01,0.01
2015-09-03,0.0,0.0,0.0,0.0,0.0,0.0,0.0,0.0,0.0,0.0
2015-09-04,0.0,0.0,0.0,0.0,0.0,0.0,0.0,0.0,0.0,0.0
2015-09-05,2.1,1.0,2.1,1.0,34.07,5.0,1.5,0.72,10.89,1.93
2015-09-06,0.0,0.0,0.0,0.0,0.0,0.0,0.0,0.0,0.0,0.0
2015-09-07,0.0,0.0,0.0,0.0,16.65,7.0,0.0,0.0,4.37,1.87
2015-09-08,4.55,1.0,4.55,1.0,14.86,6.0,2.82,0.62,3.5,0.94
2015-09-09,3.37,1.0,3.37,1.0,16.58,4.0,0.0,0.0,7.07,1.35
2015-09-10,0.0,0.0,0.0,0.0,12.59,4.0,0.0,0.0,9.37,2.44
2015-09-11,0.0,0.0,0.0,0.0,4.93,1.0,0.0,0.0,4.91,1.0
2015-09-12,0.0,0.0,0.0,0.0,64.83,12.0,0.0,0.0,5.3,0.95
2015-09-13,0.0,0.0,0.0,0.0,45.93,13.0,0.0,0.0,2.84,1.45
2015-09-14,0.0,0.0,0.0,0.0,0.0,0.0,0.0,0.0,0.0,0.0
2015-09-15,0.0,0.0,1.44,1.0,9.36,4.0,0.0,0.0,0.0,0.0
2015-09-16,0.0,0.0,0.0,0.0,8.44,3.0,0.0,0.0,0.0,0.0
2015-09-17,0.0,0.0,0.0,0.0,41.72,13.0,0.0,0.0,0.0,0.0
2015-09-18,0.0,0.0,0.0,0.0,10.17,1.0,0.0,0.0,0.0,0.0
2015-09-19,0.38,1.0,0.38,1.0,0.38,1.0,0.0,0.0,0.0,0.0
2015-09-20,0.0,0.0,0.0,0.0,3.79,1.0,0.0,0.0,0.12,0.03
2015-09-21,0.0,0.0,0.0,0.0,3.06,1.0,0.0,0.0,0.0,0.0
2015-09-22,0.0,0.0,0.0,0.0,2.06,1.0,0.0,0.0,1.99,0.97
2015-09-23,1.96,1.0,1.96,1.0,2.52,2.0,0.08,0.04,0.08,0.04
2015-09-24,2.89,2.0,2.89,2.0,2.89,2.0,2.19,1.53,2.19,1.53
2015-09-25,0.65,1.0,0.65,1.0,0.65,1.0,0.26,0.39,0.26,0.39
2015-09-26,0.0,0.0,0.0,0.0,8.37,3.0,0.0,0.0,5.22,1.87
2015-09-27,0.0,0.0,0.0,0.0,0.0,0.0,0.0,0.0,0.0,0.0
2015-09-28,0.0,0.0,0.0,0.0,53.44,8.0,0.0,0.0,50.82,7.2
2015-09-29,1.92,1.0,4.21,2.0,107.16,32.0,3.91,1.87,99.22,29.36
2015-09-30,19.42,4.0,19.42,4.0,82.69,18.0,15.15,3.12,58.62,13.11
2015-10-01,0.0,0.0,0.0,0.0,73.08,23.0,0.0,0.0,66.0,21.05
2015-10-02,0.0,0.0,2.34,1.0,152.13,40.0,0.0,0.0,117.48,29.89
2015-10-03,32.5,5.0,35.91,6.0,228.31,49.0,18.13,2.25,186.58,39.39
2015-10-04,0.0,0.0,5.18,1.0,437.33,97.0,0.0,0.0,25.41,0.43
2015-10-05,6.35,2.0,12.71,4.0,322.06,74.0,0.0,0.0,4.98,1.53
2015-10-06,0.0,0.0,3.87,2.0,230.12,40.0,0.0,0.0,209.18,35.74
2015-10-07,0.0,0.0,3.58,1.0,177.24,38.0,0.28,0.08,144.54,30.19
2015-10-08,0.0,0.0,2.83,1.0,527.39,79.0,0.0,0.0,457.09,63.17
2015-10-09,8.32,2.0,28.93,9.0,770.86,154.0,4.11,1.0,248.08,50.03
2015-10-10,2.49,1.0,22.91,8.0,923.5,206.0,2.83,1.07,142.28,26.87
2015-10-11,1.47,1.0,1.47,1.0,767.54,114.0,0.69,0.47,232.32,37.01
2015-10-12,0.0,0.0,0.0,0.0,353.82,71.0,0.0,0.0,40.38,7.28
2015-10-13,2.49,2.0,2.49,2.0,373.98,53.0,0.2,0.1,3.51,1.32
2015-10-14,10.15,3.0,53.92,13.0,564.93,104.0,1.38,0.33,14.86,5.56
2015-10-15,4.21,1.0,17.71,7.0,395.02,82.0,0.26,0.09,73.75,13.66
2015-10-16,0.0,0.0,0.0,0.0,501.68,97.0,0.0,0.0,24.71,4.73
2015-10-17,8.96,2.0,39.82,9.0,394.16,88.0,13.89,1.31,112.08,22.5
2015-10-18,25.46,2.0,36.49,5.0,587.55,132.0,4.36,1.12,11.51,2.68
2015-10-19,11.41,2.0,36.64,11.0,883.53,173.0,3.25,1.58,576.31,108.53
2015-10-20,8.47,4.0,94.89,28.0,1326.85,293.0,2.11,0.98,995.25,205.83
2015-10-21,1.49,2.0,48.71,12.0,837.64,161.0,6.46,2.98,479.25,88.44
2015-10-22,21.32,5.0,150.14,29.0,857.02,167.0,11.28,2.82,522.72,97.36
2015-10-23,0.0,0.0,150.12,22.0,951.45,167.0,0.0,0.0,532.65,92.45
2015-10-24,22.63,6.0,184.61,39.0,1380.66,249.0,138.27,27.35,167.65,32.2
2015-10-25,76.14,18.0,357.71,78.0,1793.15,321.0,93.36,21.98,196.1,45.06
2015-10-26,16.48,5.0,228.75,46.0,413.2,98.0,0.58,0.26,111.31,30.92
2015-10-27,25.63,7.0,182.38,36.0,975.58,187.0,7.02,2.61,567.75,101.83
2015-10-28,0.0,0.0,0.0,0.0,28.92,9.0,0.0,0.0,21.31,6.91
2015-10-29,3.67,3.0,8.01,5.0,540.55,81.0,2.46,0.91,9.56,4.12
2015-10-30,39.37,14.0,221.17,48.0,1569.18,282.0,20.41,5.25,234.03,45.33
2015-10-31,30.05,10.0,354.49,92.0,2089.56,428.0,138.0,35.24,195.98,50.8
2015-11-01,37.84,8.0,362.1,70.0,1593.49,271.0,11.1,2.8,131.08,26.27
2015-11-02,3.93,2.0,148.55,34.0,995.33,177.0,0.28,0.2,221.23,39.11
2015-11-03,11.0,2.0,249.46,50.0,1381.98,286.0,1.89,0.83,810.98,167.11
2015-11-04,27.21,10.0,404.68,81.0,2239.03,365.0,42.82,12.21,157.34,34.11
2015-11-05,15.61,6.0,395.83,79.0,486.07,96.0,129.23,26.16,138.41,27.71
2015-11-06,6.46,2.0,325.91,52.0,480.06,90.0,116.02,18.67,121.05,21.29
2015-11-07,24.45,4.0,168.69,22.0,229.12,37.0,0.64,1.21,45.31,10.84
2015-11-08,6.42,3.0,167.39,30.0,228.62,45.0,2.06,0.96,36.48,9.73
2015-11-09,0.38,1.0,100.16,16.0,524.07,113.0,0.01,0.02,77.96,24.02
2015-11-10,13.72,6.0,179.9,48.0,800.85,200.0,10.01,3.94,389.93,96.65
2015-11-11,49.61,15.0,448.52,92.0,1407.78,301.0,13.74,6.11,729.43,157.85
2015-11-12,11.39,2.0,140.42,32.0,415.71,91.0,10.12,1.78,208.28,38.79
2015-11-13,0.0,0.0,91.91,18.0,201.27,46.0,0.0,0.0,70.07,15.42
2015-11-14,0.0,0.0,91.6,9.0,184.53,30.0,6.91,1.65,73.05,15.29
2015-11-15,2.84,1.0,124.95,29.0,364.43,87.0,14.61,4.85,177.43,44.26
2015-11-16,9.18,4.0,98.61,29.0,397.06,114.0,7.16,4.05,217.15,60.88
2015-11-17,12.18,4.0,55.36,15.0,296.17,82.0,10.25,2.73,162.66,41.27
2015-11-18,1.21,1.0,30.99,11.0,126.17,37.0,8.01,4.75,83.06,24.14
2015-11-19,4.76,2.0,24.72,8.0,96.38,34.0,7.26,2.28,53.38,17.69
2015-11-20,6.66,2.0,67.75,18.0,187.74,45.0,28.81,4.2,94.36,20.39
2015-11-21,8.84,3.0,51.67,15.0,171.78,59.0,12.53,4.76,72.51,25.92
2015-11-22,13.9,6.0,44.58,18.0,107.5,34.0,16.82,6.86,39.37,12.79
2015-11-23,0.0,0.0,12.91,4.0,27.55,11.0,0.12,0.05,3.46,1.57
2015-11-24,0.0,0.0,28.84,5.0,119.66,21.0,20.05,2.94,72.15,10.61
2015-11-25,0.0,0.0,0.0,0.0,8.39,5.0,0.0,0.0,5.18,2.35
2015-11-26,8.91,3.0,29.76,12.0,59.88,21.0,0.0,0.0,3.13,0.43
2015-11-27,3.31,1.0,23.08,11.0,30.26,13.0,11.56,4.75,14.39,5.52
2015-11-28,5.67,2.0,21.56,7.0,29.03,10.0,3.66,0.84,3.9,0.89
2015-11-29,0.0,0.0,6.62,3.0,12.16,6.0,3.5,1.56,6.79,3.6
2015-11-30,0.0,0.0,12.49,6.0,38.85,16.0,5.64,3.04,16.73,7.88
2015-12-01,5.0,4.0,47.05,13.0,77.12,23.0,38.72,9.07,53.87,14.13
2015-12-02,4.15,3.0,49.09,18.0,126.52,39.0,20.75,6.77,45.04,14.5
2015-12-03,0.37,1.0,35.44,14.0,90.84,32.0,4.75,2.32,10.13,4.09
2015-12-04,12.53,4.0,61.65,13.0,86.32,21.0,36.21,5.95,41.28,7.0
2015-12-05,6.72,2.0,57.62,16.0,99.63,24.0,11.49,3.58,19.62,5.87
2015-12-06,0.31,1.0,59.83,26.0,144.62,48.0,6.8,2.72,19.54,7.56
2015-12-07,13.37,5.0,54.08,18.0,127.67,40.0,1.56,0.44,10.95,2.55
2015-12-08,12.14,3.0,94.82,25.0,138.27,37.0,43.52,10.85,52.72,13.55
2015-12-09,0.5,1.0,0.5,1.0,7.49,5.0,0.0,0.0,0.0,0.0
2015-12-10,28.81,8.0,47.73,12.0,76.65,22.0,17.02,4.82,26.03,8.18
2015-12-11,0.0,0.0,3.61,2.0,42.97,11.0,2.98,1.65,20.55,6.42
2015-12-12,0.61,1.0,7.07,3.0,41.96,14.0,0.46,0.76,12.43,5.33
2015-12-13,22.33,7.0,123.92,43.0,213.77,77.0,15.61,6.72,43.09,15.0
2015-12-14,13.4,3.0,64.88,22.0,140.49,44.0,5.56,2.05,10.88,3.92
2015-12-15,29.01,5.0,71.38,21.0,122.36,40.0,9.61,3.56,10.26,3.94
2015-12-16,33.64,7.0,124.37,34.0,274.61,74.0,26.01,5.38,43.3,10.32
2015-12-17,26.88,5.0,133.83,31.0,285.33,69.0,75.57,18.18,164.53,41.51
2015-12-18,33.38,9.0,167.2,57.0,384.35,124.0,30.46,9.54,76.32,21.76
2015-12-19,0.0,0.0,97.23,30.0,239.51,73.0,31.85,8.52,75.04,21.4
2015-12-20,29.34,8.0,111.86,36.0,203.87,60.0,67.93,22.89,97.79,34.15
2015-12-21,24.82,8.0,117.77,40.0,211.96,70.0,57.9,20.4,107.66,36.53
2015-12-22,15.32,4.0,143.38,42.0,314.91,93.0,85.33,25.08,202.25,59.7
2015-12-23,9.8,4.0,137.15,45.0,331.71,103.0,31.75,11.64,86.38,26.82
2015-12-24,6.35,2.0,105.6,32.0,261.42,83.0,13.23,4.11,51.94,15.34
2015-12-25,17.7,6.0,50.61,15.0,156.9,47.0,15.25,5.88,47.77,13.95
2015-12-26,26.66,9.0,88.11,25.0,174.65,49.0,14.21,2.92,24.87,6.53
2015-12-27,20.59,5.0,76.21,17.0,192.42,43.0,14.69,3.7,45.51,11.79
2015-12-28,7.17,4.0,79.34,17.0,196.99,42.0,7.02,3.58,47.91,11.42
2015-12-29,15.05,6.0,73.72,24.0,262.39,81.0,22.0,6.2,34.35,9.04
2015-12-30,4.47,3.0,4.47,3.0,5.16,4.0,4.42,2.94,4.42,2.94
2015-12-31,11.75,4.0,69.97,24.0,185.34,76.0,36.19,12.24,59.46,23.94
2016-01-01,1.76,1.0,43.16,12.0,107.78,35.0,8.48,2.69,21.55,5.8
2016-01-02,5.02,5.0,107.98,23.0,268.43,71.0,25.36,7.21,65.67,17.71
2016-01-03,9.42,5.0,197.15,68.0,436.07,151.0,21.97,8.9,46.05,17.93
2016-01-04,15.54,4.0,122.82,28.0,208.16,51.0,21.69,5.81,38.59,11.63
2016-01-05,3.7,1.0,69.93,18.0,211.63,44.0,26.71,5.93,91.01,16.59
2016-01-06,0.0,0.0,30.23,5.0,79.18,17.0,16.41,3.28,48.87,11.37
2016-01-07,10.92,2.0,51.44,15.0,108.49,33.0,36.77,9.95,53.55,15.97
2016-01-08,9.64,3.0,87.48,31.0,212.68,76.0,5.67,2.57,28.88,10.91
2016-01-09,14.54,2.0,108.01,17.0,168.6,35.0,43.27,4.76,55.66,7.32
2016-01-10,9.28,2.0,114.04,26.0,223.73,58.0,40.59,9.37,78.58,19.45
2016-01-11,21.5,4.0,102.79,25.0,181.56,44.0,54.26,12.77,87.98,20.25
2016-01-12,12.63,2.0,54.06,14.0,132.3,35.0,14.32,4.43,30.3,9.77
2016-01-13,7.24,3.0,50.83,17.0,203.87,64.0,34.48,11.0,128.2,39.64
2016-01-14,2.52,1.0,7.7,2.0,28.15,6.0,1.23,0.49,1.34,0.58
2016-01-15,0.0,0.0,0.0,0.0,38.55,12.0,0.0,0.0,5.28,1.71
2016-01-16,17.66,3.0,45.79,10.0,50.19,12.0,16.84,2.55,17.77,2.9
2016-01-17,22.44,5.0,110.2,27.0,185.97,55.0,50.12,16.07,110.4,38.46
2016-01-18,13.2,4.0,149.37,34.0,263.97,66.0,92.04,20.65,134.06,33.15
2016-01-19,3.8,1.0,35.67,10.0,52.16,16.0,18.84,4.53,29.73,8.26
2016-01-20,0.0,0.0,0.0,0.0,35.43,7.0,0.0,0.0,5.51,1.09
2016-01-21,1.2,1.0,40.7,10.0,43.39,11.0,29.21,8.16,31.74,9.1
2016-01-22,6.55,3.0,58.06,18.0,113.46,34.0,31.34,8.5,52.42,15.25
2016-01-23,14.07,4.0,116.94,29.0,211.57,53.0,79.35,20.51,120.67,30.63
2016-01-24,1.23,1.0,56.37,20.0,246.22,68.0,20.07,8.44,82.4,21.96
2016-01-25,10.89,1.0,63.58,16.0,113.42,31.0,39.83,11.47,53.22,15.33
2016-01-26,4.08,1.0,44.2,9.0,79.37,19.0,5.68,1.87,24.74,7.57
2016-01-27,0.0,0.0,69.36,16.0,146.8,36.0,59.44,12.49,119.72,27.14
2016-01-28,0.0,0.0,30.06,7.0,154.96,26.0,9.07,2.55,56.06,7.77
2016-01-29,11.28,2.0,111.33,22.0,266.16,59.0,9.18,2.76,84.08,19.66
2016-01-30,7.35,3.0,147.66,42.0,325.2,96.0,68.09,20.19,127.51,38.38
2016-01-31,0.0,0.0,1.72,1.0,8.98,4.0,0.0,0.0,0.18,0.27
2016-02-01,0.0,0.0,37.93,13.0,197.11,43.0,13.27,4.6,100.7,18.2
2016-02-02,5.01,2.0,38.89,11.0,149.5,29.0,1.19,0.45,33.05,3.16
2016-02-03,31.39,9.0,74.05,16.0,223.21,50.0,6.99,3.5,62.23,14.31
2016-02-04,15.69,5.0,113.34,25.0,289.04,77.0,4.28,1.19,23.61,6.27
2016-02-05,18.78,3.0,80.18,17.0,271.04,61.0,26.09,6.01,70.35,13.82
2016-02-06,0.0,0.0,39.78,13.0,216.83,38.0,3.05,0.68,32.78,6.38
2016-02-07,0.0,0.0,22.51,7.0,74.25,16.0,6.54,1.85,11.93,3.27
2016-02-08,21.86,5.0,81.13,17.0,178.28,37.0,16.18,3.95,42.39,7.84
2016-02-09,18.81,6.0,96.7,25.0,213.84,63.0,19.67,6.61,54.16,15.29
2016-02-10,13.28,4.0,122.91,30.0,267.42,77.0,2.2,0.74,7.39,2.94
2016-02-11,5.18,1.0,70.84,11.0,124.58,24.0,24.67,3.86,30.89,7.28
2016-02-12,0.0,0.0,22.73,9.0,658.17,72.0,6.85,3.28,578.53,58.31
2016-02-13,0.0,0.0,12.68,3.0,22.6,6.0,3.64,0.81,6.11,1.62
2016-02-14,6.72,2.0,67.4,14.0,167.12,41.0,12.85,2.99,46.9,12.99
2016-02-15,0.91,2.0,11.66,7.0,65.69,22.0,5.85,3.95,29.14,9.67
2016-02-16,20.64,6.0,66.66,18.0,245.26,62.0,50.67,13.58,150.74,36.66
2016-02-17,16.18,3.0,37.34,8.0,174.59,47.0,14.25,3.12,76.42,20.06
2016-02-18,0.0,0.0,0.0,0.0,22.56,4.0,0.0,0.0,0.0,0.0
2016-02-19,0.0,0.0,0.0,0.0,0.0,0.0,0.0,0.0,0.0,0.0
2016-02-20,0.0,0.0,6.72,4.0,49.31,15.0,1.1,1.14,9.97,3.1
2016-02-21,12.13,3.0,35.0,10.0,111.8,30.0,7.08,2.45,17.06,4.5
2016-02-22,93.99,9.0,109.84,13.0,188.23,35.0,46.88,6.51,61.11,10.46
2016-02-23,13.41,4.0,28.68,9.0,175.3,42.0,6.02,2.1,13.3,4.67
2016-02-24,0.28,1.0,14.27,5.0,155.3,36.0,0.0,0.0,3.73,0.7
2016-02-25,4.9,2.0,17.26,6.0,397.92,66.0,0.72,0.49,58.9,11.62
2016-02-26,0.0,0.0,25.45,4.0,178.02,42.0,0.52,0.08,55.56,16.01
2016-02-27,5.81,2.0,20.28,4.0,163.45,40.0,6.67,1.02,19.91,5.06
2016-02-28,3.33,3.0,14.66,7.0,152.74,47.0,2.69,1.95,30.39,9.1
2016-02-29,0.84,1.0,10.32,2.0,179.47,17.0,0.0,0.0,0.05,0.02
2016-03-01,4.37,2.0,49.83,10.0,111.66,31.0,7.41,1.66,44.92,15.77
2016-03-02,3.95,2.0,18.26,3.0,76.64,20.0,11.03,0.78,49.62,11.02
2016-03-03,0.0,0.0,18.72,5.0,122.4,30.0,2.35,0.68,35.03,9.19
2016-03-04,0.0,0.0,15.08,3.0,68.13,20.0,6.95,1.75,16.05,4.72
2016-03-05,0.0,0.0,21.74,1.0,34.0,7.0,3.28,0.15,7.19,1.86
2016-03-06,0.65,1.0,0.65,1.0,10.32,7.0,0.05,0.08,5.56,3.93
2016-03-07,0.0,0.0,6.61,3.0,84.86,25.0,2.11,0.97,29.24,7.09
2016-03-08,0.0,0.0,32.3,5.0,140.98,23.0,23.67,4.26,50.09,8.83
2016-03-09,0.46,1.0,9.76,2.0,63.92,14.0,5.3,1.52,39.74,9.5
2016-03-10,0.0,0.0,4.85,2.0,18.71,7.0,3.05,1.26,7.8,2.74
2016-03-11,0.0,0.0,3.35,1.0,9.72,4.0,0.0,0.0,0.0,0.0
2016-03-12,0.0,0.0,2.16,1.0,16.46,6.0,2.06,0.95,14.39,4.39
2016-03-13,0.0,0.0,10.49,2.0,14.0,4.0,0.62,0.09,0.62,0.09
2016-03-14,0.0,0.0,0.0,0.0,8.41,2.0,0.0,0.0,2.75,0.65
2016-03-15,0.0,0.0,0.32,1.0,26.94,6.0,0.0,0.0,6.9,1.3
2016-03-16,0.63,1.0,3.43,2.0,13.8,4.0,0.32,0.5,0.32,0.5
2016-03-17,0.0,0.0,1.9,1.0,12.34,3.0,0.84,0.44,3.55,0.93
2016-03-18,1.04,2.0,12.93,5.0,110.07,19.0,0.05,0.05,9.89,1.24
2016-03-19,0.0,0.0,10.18,3.0,141.64,22.0,0.0,0.0,47.89,6.11
2016-03-20,0.0,0.0,0.0,0.0,23.24,7.0,0.0,0.0,19.17,5.67
2016-03-21,0.0,0.0,2.03,1.0,129.25,31.0,0.0,0.0,19.3,4.85
2016-03-22,17.56,2.0,19.12,4.0,80.14,24.0,15.01,2.41,16.08,2.94
2016-03-23,5.42,6.0,12.97,17.0,147.14,106.0,4.16,3.5,13.44,6.78
2016-03-24,3.25,1.0,3.25,1.0,122.23,30.0,0.0,0.0,0.66,0.17
2016-03-25,0.0,0.0,0.0,0.0,19.29,3.0,0.0,0.0,4.87,0.93
2016-03-26,0.0,0.0,0.0,0.0,0.0,0.0,0.0,0.0,0.0,0.0
2016-03-27,3.55,2.0,6.15,3.0,51.27,15.0,0.51,0.49,19.37,6.11
2016-03-28,18.52,5.0,36.51,9.0,130.25,28.0,17.1,3.12,17.5,3.34
2016-03-29,0.0,0.0,1.74,1.0,68.95,22.0,0.0,0.0,0.07,0.02
2016-03-30,0.0,0.0,0.0,0.0,33.18,9.0,0.0,0.0,5.7,0.28
2016-03-31,0.0,0.0,0.0,0.0,140.17,31.0,0.0,0.0,19.84,3.92
2016-04-01,0.0,0.0,4.06,2.0,76.59,29.0,3.15,0.97,7.3,1.74
2016-04-02,7.76,1.0,7.76,1.0,71.96,34.0,0.0,0.0,0.17,0.26
2016-04-03,0.0,0.0,0.0,0.0,32.1,19.0,0.0,0.0,0.0,0.0
2016-04-04,0.68,1.0,0.68,1.0,37.78,16.0,0.44,0.65,3.45,2.32
2016-04-05,4.6,1.0,4.6,1.0,21.79,7.0,0.0,0.0,8.27,2.76
2016-04-06,1.4,2.0,5.45,3.0,41.58,23.0,0.36,0.47,4.25,1.91
2016-04-07,16.84,5.0,22.09,7.0,292.18,90.0,3.15,2.84,23.38,11.16
2016-04-08,2.26,1.0,8.59,3.0,410.97,120.0,0.67,0.21,59.52,18.28
2016-04-09,2.88,1.0,8.37,3.0,299.1,71.0,2.81,0.98,86.44,19.87
2016-04-10,2.43,2.0,2.43,2.0,216.01,73.0,2.17,1.79,36.38,14.93
2016-04-11,3.32,3.0,16.77,7.0,243.67,81.0,11.25,4.55,20.41,9.61
2016-04-12,17.74,8.0,33.35,15.0,294.66,72.0,1.42,2.32,14.76,4.15
2016-04-13,2.42,2.0,56.97,13.0,460.6,81.0,34.93,6.29,138.78,12.68
2016-04-14,79.64,9.0,97.97,12.0,358.42,71.0,31.21,2.4,47.88,7.56
2016-04-15,30.97,5.0,259.8,19.0,413.67,65.0,127.85,7.68,127.94,7.77
2016-04-16,56.7,14.0,110.78,25.0,490.98,91.0,27.68,5.84,38.91,9.12
2016-04-17,4.18,1.0,66.84,12.0,250.25,44.0,20.78,4.22,27.02,6.01
2016-04-18,26.16,3.0,113.87,22.0,447.88,124.0,18.09,4.86,144.92,44.29
2016-04-19,4.44,2.0,142.76,15.0,532.81,120.0,47.21,3.98,47.79,4.33
2016-04-20,18.52,7.0,334.7,46.0,1231.75,163.0,210.14,25.83,561.22,57.69
2016-04-21,136.38,21.0,339.7,62.0,1108.53,242.0,192.01,31.82,352.27,66.49
2016-04-22,106.92,19.0,469.15,70.0,1323.59,175.0,236.33,31.34,700.31,75.28
2016-04-23,49.39,6.0,424.56,49.0,1684.77,281.0,245.96,26.57,806.04,110.57
2016-04-24,107.24,15.0,468.02,59.0,2881.16,472.0,185.08,27.45,1274.5,178.57
2016-04-25,24.94,3.0,463.69,44.0,2700.3,422.0,239.5,23.65,1071.21,145.3
2016-04-26,85.64,14.0,502.13,75.0,4061.05,713.0,222.89,32.87,1946.96,310.13
2016-04-27,32.69,8.0,688.74,145.0,5951.23,952.0,485.87,98.93,2245.29,409.53
2016-04-28,210.23,32.0,934.44,122.0,6576.68,820.0,694.28,90.79,4076.06,496.43
2016-04-29,38.56,8.0,643.55,86.0,5256.48,638.0,452.45,60.24,2319.87,273.37
2016-04-30,19.14,5.0,356.31,35.0,2284.97,245.0,287.81,23.84,1376.05,116.57
2016-05-01,66.18,5.0,824.82,64.0,4244.55,448.0,631.87,44.58,2763.63,254.72
2016-05-02,15.48,2.0,218.52,34.0,2369.43,316.0,133.37,18.23,999.72,126.82
2016-05-03,0.0,0.0,4.47,1.0,43.22,8.0,0.0,0.0,24.27,3.51
2016-05-04,58.88,7.0,160.4,24.0,395.18,63.0,37.51,4.28,132.82,17.87
2016-05-05,0.0,0.0,0.0,0.0,10.6,4.0,0.0,0.0,2.18,1.18
2016-05-06,0.32,1.0,42.92,9.0,866.66,172.0,0.0,0.0,0.0,0.0
2016-05-07,4.9,3.0,43.17,16.0,475.63,122.0,13.73,7.27,16.29,7.74
2016-05-08,21.02,4.0,77.58,12.0,239.83,43.0,16.95,3.35,28.51,5.97
2016-05-09,0.0,0.0,14.53,6.0,214.51,54.0,0.0,0.0,10.63,2.45
2016-05-10,5.98,3.0,43.14,8.0,209.21,62.0,11.83,1.33,18.73,4.09
2016-05-11,5.61,1.0,31.71,8.0,120.72,29.0,1.65,0.37,9.64,1.06
2016-05-12,6.01,2.0,58.05,17.0,189.3,56.0,41.77,10.12,102.46,27.42
2016-05-13,0.0,0.0,30.12,7.0,154.37,33.0,0.2,0.09,54.95,14.21
2016-05-14,2.05,1.0,24.14,6.0,196.68,37.0,1.85,0.33,103.24,17.97
2016-05-15,82.76,9.0,115.97,16.0,430.35,69.0,55.87,6.66,198.28,34.15
2016-05-16,38.3,1.0,38.3,1.0,88.99,10.0,29.19,0.76,44.76,3.12
2016-05-17,0.0,0.0,0.0,0.0,160.13,25.0,0.0,0.0,59.1,8.82
2016-05-18,14.22,2.0,32.96,5.0,188.13,37.0,27.79,4.11,145.21,27.24
2016-05-19,0.0,0.0,0.0,0.0,59.32,14.0,0.0,0.0,15.12,5.28
2016-05-20,3.46,1.0,8.47,2.0,82.91,23.0,6.02,1.41,23.75,4.13
2016-05-21,0.0,0.0,0.0,0.0,19.07,7.0,0.0,0.0,0.22,0.06
2016-05-22,0.0,0.0,5.59,1.0,64.97,14.0,0.0,0.0,22.81,2.66
2016-05-23,11.92,3.0,11.92,3.0,15.74,4.0,4.4,0.76,8.21,1.76
2016-05-24,0.0,0.0,0.0,0.0,1.27,1.0,0.0,0.0,0.83,0.65
2016-05-25,0.72,1.0,0.72,1.0,20.61,4.0,0.01,0.01,0.77,0.13
2016-05-26,0.0,0.0,0.0,0.0,19.17,5.0,0.0,0.0,0.0,0.0
2016-05-27,0.0,0.0,0.0,0.0,23.09,4.0,0.0,0.0,5.5,1.12
2016-05-28,0.0,0.0,0.0,0.0,1.57,2.0,0.0,0.0,0.77,0.98
2016-05-29,1.46,1.0,1.46,1.0,1.46,1.0,0.0,0.0,0.0,0.0
2016-05-30,0.54,1.0,0.54,1.0,3.37,3.0,0.0,0.0,0.24,0.24
2016-05-31,5.2,1.0,5.2,1.0,13.92,4.0,0.0,0.0,0.0,0.0
2016-06-01,0.0,0.0,0.0,0.0,0.0,0.0,0.0,0.0,0.0,0.0
2016-06-02,0.0,0.0,0.0,0.0,0.0,0.0,0.0,0.0,0.0,0.0
2016-06-03,0.0,0.0,0.0,0.0,0.0,0.0,0.0,0.0,0.0,0.0
2016-06-04,0.0,0.0,29.82,3.0,29.82,3.0,3.2,0.25,3.2,0.25
2016-06-05,0.0,0.0,10.12,1.0,43.09,8.0,0.0,0.0,2.24,1.09
2016-06-06,0.0,0.0,0.0,0.0,2.96,2.0,0.0,0.0,1.54,1.18
2016-06-07,0.0,0.0,3.63,2.0,11.41,8.0,2.72,1.37,4.69,3.45
2016-06-08,0.0,0.0,0.0,0.0,8.49,2.0,0.0,0.0,0.0,0.0
2016-06-09,2.39,1.0,2.39,1.0,2.39,1.0,0.0,0.0,0.0,0.0
2016-06-10,0.0,0.0,3.2,1.0,26.71,3.0,0.0,0.0,0.0,0.0
2016-06-11,0.0,0.0,0.0,0.0,9.88,5.0,0.0,0.0,0.0,0.0
2016-06-12,0.0,0.0,97.17,3.0,101.51,4.0,0.0,0.0,0.0,0.0
2016-06-13,0.0,0.0,0.0,0.0,17.55,3.0,0.0,0.0,0.0,0.0
2016-06-14,0.0,0.0,0.0,0.0,1.23,1.0,0.0,0.0,1.07,0.87
2016-06-15,0.0,0.0,0.0,0.0,0.97,1.0,0.0,0.0,0.0,0.0
2016-06-16,0.0,0.0,0.0,0.0,0.0,0.0,0.0,0.0,0.0,0.0
2016-06-17,0.0,0.0,0.0,0.0,0.0,0.0,0.0,0.0,0.0,0.0
2016-06-18,0.0,0.0,3.19,1.0,5.23,2.0,2.77,0.87,4.8,1.86
2016-06-19,0.0,0.0,0.0,0.0,0.0,0.0,0.0,0.0,0.0,0.0
2016-06-20,0.0,0.0,0.0,0.0,0.0,0.0,0.0,0.0,0.0,0.0
2016-06-21,0.0,0.0,0.0,0.0,0.0,0.0,0.0,0.0,0.0,0.0
2016-06-22,0.0,0.0,0.0,0.0,2.76,2.0,0.0,0.0,0.82,0.55
2016-06-23,0.0,0.0,0.0,0.0,1.17,1.0,0.0,0.0,0.0,0.0
2016-06-24,0.0,0.0,0.0,0.0,0.0,0.0,0.0,0.0,0.0,0.0
2016-06-25,0.0,0.0,0.0,0.0,0.0,0.0,0.0,0.0,0.0,0.0
2016-06-26,0.0,0.0,2.25,1.0,2.91,2.0,0.0,0.0,0.0,0.0
2016-06-27,0.0,0.0,0.0,0.0,0.0,0.0,0.0,0.0,0.0,0.0
2016-06-28,0.0,0.0,0.0,0.0,0.38,1.0,0.0,0.0,0.37,0.96
2016-06-29,0.0,0.0,0.0,0.0,6.28,2.0,0.0,0.0,6.14,1.96
2016-06-30,0.0,0.0,0.0,0.0,0.0,0.0,0.0,0.0,0.0,0.0
2016-07-01,0.0,0.0,0.0,0.0,0.0,0.0,0.0,0.0,0.0,0.0
2016-07-02,0.0,0.0,0.0,0.0,0.0,0.0,0.0,0.0,0.0,0.0
2016-07-03,0.0,0.0,0.0,0.0,0.0,0.0,0.0,0.0,0.0,0.0
2016-07-04,0.0,0.0,0.0,0.0,0.0,0.0,0.0,0.0,0.0,0.0
2016-07-05,0.0,0.0,0.0,0.0,0.0,0.0,0.0,0.0,0.0,0.0
2016-07-06,0.0,0.0,0.0,0.0,0.0,0.0,0.0,0.0,0.0,0.0
2016-07-07,0.62,1.0,0.62,1.0,0.62,1.0,0.0,0.0,0.0,0.0
2016-07-08,0.0,0.0,0.0,0.0,0.0,0.0,0.0,0.0,0.0,0.0
2016-07-09,2.73,1.0,2.73,1.0,2.73,1.0,0.0,0.0,0.0,0.0
2016-07-10,0.0,0.0,0.0,0.0,0.0,0.0,0.0,0.0,0.0,0.0
2016-07-11,0.0,0.0,0.0,0.0,0.0,0.0,0.0,0.0,0.0,0.0
2016-07-12,0.0,0.0,0.0,0.0,0.0,0.0,0.0,0.0,0.0,0.0
2016-07-13,0.0,0.0,0.0,0.0,0.0,0.0,0.0,0.0,0.0,0.0
2016-07-14,0.0,0.0,0.0,0.0,0.0,0.0,0.0,0.0,0.0,0.0
2016-07-15,0.0,0.0,0.0,0.0,0.0,0.0,0.0,0.0,0.0,0.0
2016-07-16,0.0,0.0,0.0,0.0,0.0,0.0,0.0,0.0,0.0,0.0
2016-07-17,0.0,0.0,0.0,0.0,0.0,0.0,0.0,0.0,0.0,0.0
2016-07-18,2.19,1.0,2.19,1.0,4.84,2.0,2.14,0.98,2.14,0.98
2016-07-19,0.0,0.0,0.0,0.0,0.0,0.0,0.0,0.0,0.0,0.0
2016-07-20,0.0,0.0,0.0,0.0,0.0,0.0,0.0,0.0,0.0,0.0
2016-07-21,0.0,0.0,0.0,0.0,0.0,0.0,0.0,0.0,0.0,0.0
2016-07-22,0.0,0.0,0.0,0.0,0.0,0.0,0.0,0.0,0.0,0.0
2016-07-23,0.0,0.0,0.0,0.0,0.0,0.0,0.0,0.0,0.0,0.0
2016-07-24,0.0,0.0,0.0,0.0,0.0,0.0,0.0,0.0,0.0,0.0
2016-07-25,0.0,0.0,0.0,0.0,0.0,0.0,0.0,0.0,0.0,0.0
2016-07-26,0.0,0.0,0.0,0.0,0.0,0.0,0.0,0.0,0.0,0.0
2016-07-27,0.0,0.0,0.0,0.0,0.0,0.0,0.0,0.0,0.0,0.0
2016-07-28,0.0,0.0,0.0,0.0,0.0,0.0,0.0,0.0,0.0,0.0
2016-07-29,0.0,0.0,0.0,0.0,0.0,0.0,0.0,0.0,0.0,0.0
2016-07-30,0.0,0.0,0.0,0.0,0.0,0.0,0.0,0.0,0.0,0.0
2016-07-31,0.0,0.0,0.0,0.0,0.0,0.0,0.0,0.0,0.0,0.0
2016-08-01,0.0,0.0,0.0,0.0,0.0,0.0,0.0,0.0,0.0,0.0
2016-08-02,0.0,0.0,0.0,0.0,0.0,0.0,0.0,0.0,0.0,0.0
2016-08-03,0.0,0.0,0.0,0.0,0.86,1.0,0.0,0.0,0.86,1.0
2016-08-04,0.0,0.0,0.0,0.0,5.65,2.0,0.0,0.0,0.2,0.06
2016-08-05,0.0,0.0,0.0,0.0,0.0,0.0,0.0,0.0,0.0,0.0
2016-08-06,0.0,0.0,2.45,1.0,3.46,2.0,0.0,0.0,0.94,0.93
2016-08-07,0.0,0.0,0.0,0.0,0.0,0.0,0.0,0.0,0.0,0.0
2016-08-08,0.0,0.0,0.0,0.0,0.0,0.0,0.0,0.0,0.0,0.0
2016-08-09,0.0,0.0,0.0,0.0,0.0,0.0,0.0,0.0,0.0,0.0
2016-08-10,0.0,0.0,0.0,0.0,0.0,0.0,0.0,0.0,0.0,0.0
2016-08-11,0.0,0.0,0.0,0.0,0.0,0.0,0.0,0.0,0.0,0.0
2016-08-12,0.0,0.0,0.0,0.0,0.0,0.0,0.0,0.0,0.0,0.0
2016-08-13,0.0,0.0,0.0,0.0,0.0,0.0,0.0,0.0,0.0,0.0
2016-08-14,0.0,0.0,0.0,0.0,0.0,0.0,0.0,0.0,0.0,0.0
2016-08-15,0.0,0.0,0.0,0.0,0.0,0.0,0.0,0.0,0.0,0.0
2016-08-16,0.0,0.0,0.0,0.0,0.93,1.0,0.0,0.0,0.22,0.24
2016-08-17,0.0,0.0,0.0,0.0,0.0,0.0,0.0,0.0,0.0,0.0
2016-08-18,0.0,0.0,0.0,0.0,1.47,1.0,0.0,0.0,1.46,1.0
2016-08-19,0.0,0.0,0.0,0.0,2.38,2.0,0.0,0.0,0.88,1.14
2016-08-20,0.0,0.0,0.0,0.0,2.88,1.0,0.0,0.0,0.0,0.0
2016-08-21,0.0,0.0,0.0,0.0,0.0,0.0,0.0,0.0,0.0,0.0
2016-08-22,0.0,0.0,0.0,0.0,0.0,0.0,0.0,0.0,0.0,0.0
2016-08-23,0.0,0.0,0.0,0.0,0.0,0.0,0.0,0.0,0.0,0.0
2016-08-24,0.0,0.0,0.0,0.0,0.0,0.0,0.0,0.0,0.0,0.0
2016-08-25,0.0,0.0,0.0,0.0,0.0,0.0,0.0,0.0,0.0,0.0
2016-08-26,4.38,1.0,4.38,1.0,8.19,2.0,0.0,0.0,0.0,0.0
2016-08-27,0.0,0.0,0.0,0.0,0.0,0.0,0.0,0.0,0.0,0.0
2016-08-28,0.0,0.0,0.0,0.0,0.0,0.0,0.0,0.0,0.0,0.0
2016-08-29,0.0,0.0,0.0,0.0,0.0,0.0,0.0,0.0,0.0,0.0
2016-08-30,0.0,0.0,0.0,0.0,0.0,0.0,0.0,0.0,0.0,0.0
2016-08-31,0.0,0.0,0.0,0.0,0.0,0.0,0.0,0.0,0.0,0.0
2016-09-01,0.0,0.0,0.0,0.0,0.0,0.0,0.0,0.0,0.0,0.0
2016-09-02,0.0,0.0,0.0,0.0,0.0,0.0,0.0,0.0,0.0,0.0
2016-09-03,0.0,0.0,0.0,0.0,5.68,2.0,0.0,0.0,0.7,0.25
2016-09-04,3.63,2.0,3.63,2.0,17.63,6.0,0.0,0.0,0.52,0.15
2016-09-05,9.46,2.0,9.46,2.0,9.46,2.0,2.34,0.49,2.34,0.49
2016-09-06,0.0,0.0,0.0,0.0,18.79,5.0,0.0,0.0,3.43,0.91
2016-09-07,0.0,0.0,0.0,0.0,0.0,0.0,0.0,0.0,0.0,0.0
2016-09-08,1.91,1.0,1.91,1.0,10.56,4.0,1.43,0.75,4.07,1.67
2016-09-09,0.0,0.0,0.0,0.0,0.0,0.0,0.0,0.0,0.0,0.0
2016-09-10,7.68,2.0,8.08,3.0,8.08,3.0,5.31,1.95,5.31,1.95
2016-09-11,1.54,1.0,1.54,1.0,1.54,1.0,0.34,0.22,0.34,0.22
2016-09-12,0.0,0.0,0.53,1.0,3.65,2.0,0.12,0.22,0.5,0.34
2016-09-13,0.0,0.0,0.0,0.0,8.44,2.0,0.0,0.0,5.51,1.22
2016-09-14,7.14,3.0,7.14,3.0,7.14,3.0,0.0,0.0,0.0,0.0
2016-09-15,2.62,1.0,2.62,1.0,12.63,7.0,1.07,0.41,5.52,3.64
2016-09-16,0.0,0.0,0.0,0.0,23.48,4.0,0.0,0.0,19.94,3.33
2016-09-17,0.0,0.0,0.0,0.0,9.33,1.0,0.0,0.0,0.8,0.09
2016-09-18,0.0,0.0,0.0,0.0,23.91,5.0,0.0,0.0,0.0,0.0
2016-09-19,0.0,0.0,1.03,1.0,28.51,5.0,0.0,0.0,0.0,0.0
2016-09-20,0.0,0.0,7.24,2.0,43.54,12.0,0.0,0.0,0.0,0.0
2016-09-21,0.0,0.0,2.95,1.0,2.95,1.0,0.0,0.0,0.0,0.0
2016-09-22,0.0,0.0,0.0,0.0,11.51,3.0,0.0,0.0,0.0,0.0
2016-09-23,0.0,0.0,0.0,0.0,0.0,0.0,0.0,0.0,0.0,0.0
2016-09-24,0.0,0.0,0.0,0.0,27.69,8.0,0.0,0.0,0.1,0.06
2016-09-25,1.38,2.0,1.38,2.0,67.69,21.0,0.16,0.29,3.08,2.29
2016-09-26,3.24,2.0,3.24,2.0,26.68,11.0,0.0,0.0,7.61,3.24
2016-09-27,0.0,0.0,5.97,1.0,24.54,5.0,0.0,0.0,0.0,0.0
2016-09-28,1.47,1.0,1.47,1.0,19.74,6.0,0.0,0.0,0.0,0.0
2016-09-29,0.0,0.0,0.0,0.0,60.33,10.0,0.0,0.0,1.19,0.48
2016-09-30,2.92,2.0,2.92,2.0,99.0,26.0,0.38,0.62,9.37,2.71
2016-10-01,2.33,1.0,4.6,2.0,216.36,52.0,0.0,0.0,11.57,2.75
2016-10-02,0.0,0.0,0.0,0.0,104.91,18.0,0.0,0.0,11.91,3.64
2016-10-03,0.0,0.0,0.0,0.0,77.7,18.0,0.0,0.0,14.37,2.68
2016-10-04,0.0,0.0,0.0,0.0,30.66,7.0,0.0,0.0,10.87,2.44
2016-10-05,0.0,0.0,0.0,0.0,53.4,11.0,0.0,0.0,19.92,4.36
2016-10-06,0.0,0.0,0.0,0.0,384.46,94.0,0.0,0.0,17.91,4.76
2016-10-07,0.0,0.0,0.0,0.0,602.77,121.0,0.0,0.0,467.17,90.08
2016-10-08,4.02,2.0,9.21,3.0,441.03,65.0,3.86,1.92,338.2,48.35
2016-10-09,16.51,1.0,22.57,3.0,544.24,102.0,15.79,1.74,113.56,20.11
2016-10-10,1.61,1.0,4.75,2.0,843.91,161.0,0.0,0.0,517.33,93.31
2016-10-11,8.92,3.0,23.3,6.0,1471.47,290.0,7.43,2.07,986.46,195.83
2016-10-12,7.1,1.0,32.12,8.0,1544.58,299.0,15.64,3.58,646.03,116.25
2016-10-13,6.4,3.0,24.83,8.0,1422.38,268.0,5.97,1.78,581.62,109.04
2016-10-14,7.35,4.0,11.88,6.0,1563.95,273.0,4.94,2.87,1036.58,175.31
2016-10-15,4.54,1.0,15.66,3.0,1337.32,197.0,0.0,0.0,986.67,133.74
2016-10-16,5.39,4.0,149.57,25.0,2073.98,364.0,9.65,3.05,649.81,112.7
2016-10-17,4.97,2.0,128.93,28.0,1634.59,338.0,9.05,1.32,729.48,141.93
2016-10-18,3.21,1.0,73.25,12.0,1296.77,214.0,1.51,0.65,635.72,94.95
2016-10-19,0.0,0.0,46.03,14.0,875.42,175.0,0.0,0.0,218.93,38.39
2016-10-20,7.87,3.0,83.35,21.0,953.08,192.0,1.69,1.04,262.34,52.86
2016-10-21,10.14,4.0,112.56,26.0,1189.85,194.0,12.05,3.77,517.48,70.4
2016-10-22,29.1,9.0,247.37,50.0,1597.86,310.0,4.79,2.04,610.59,118.59
2016-10-23,9.67,3.0,195.79,39.0,1600.46,294.0,12.45,3.51,724.23,118.93
2016-10-24,10.36,2.0,129.24,20.0,896.54,136.0,2.58,0.83,289.67,35.27
2016-10-25,7.06,1.0,145.46,25.0,900.25,153.0,5.32,0.75,490.51,76.47
2016-10-26,11.15,3.0,551.71,37.0,1769.3,235.0,8.22,2.53,1021.38,148.0
2016-10-27,42.31,13.0,728.0,109.0,2560.03,400.0,32.47,12.41,1499.42,240.24
2016-10-28,25.92,8.0,633.73,108.0,1848.7,329.0,5.1,1.37,426.52,68.31
2016-10-29,49.11,13.0,394.09,77.0,1144.8,220.0,68.52,13.63,150.41,34.38
2016-10-30,28.99,14.0,460.6,96.0,1093.98,191.0,2.64,2.13,106.7,22.41
2016-10-31,26.23,7.0,437.01,78.0,1830.75,285.0,26.14,4.9,663.47,98.47
2016-11-01,43.99,10.0,730.55,110.0,1927.55,330.0,14.7,4.67,1020.53,180.2
2016-11-02,25.55,10.0,415.93,100.0,1166.44,278.0,7.7,3.34,563.59,130.14
2016-11-03,40.17,8.0,815.06,116.0,1732.79,301.0,10.35,1.83,623.46,126.55
2016-11-04,19.0,4.0,336.59,81.0,547.58,127.0,1.58,0.54,74.17,18.28
2016-11-05,16.57,6.0,179.13,45.0,584.12,141.0,7.51,1.74,323.98,76.96
2016-11-06,42.18,12.0,426.14,96.0,967.96,201.0,10.74,3.66,431.17,84.68
2016-11-07,44.84,13.0,435.19,104.0,2209.95,458.0,29.56,8.98,1551.54,296.69
2016-11-08,93.99,16.0,510.09,97.0,1242.72,254.0,20.14,6.17,544.02,111.35
2016-11-09,9.05,5.0,195.05,35.0,805.85,138.0,11.61,3.22,483.28,74.24
2016-11-10,9.03,3.0,154.1,27.0,459.62,99.0,1.93,1.0,83.41,20.47
2016-11-11,17.94,6.0,265.85,48.0,840.68,158.0,68.31,12.03,93.21,19.42
2016-11-12,31.9,10.0,226.44,59.0,964.18,210.0,113.77,23.53,143.29,30.19
2016-11-13,50.79,15.0,178.95,50.0,623.66,165.0,34.26,10.95,86.31,25.94
2016-11-14,5.22,2.0,82.71,24.0,249.06,65.0,9.62,4.38,66.16,16.95
2016-11-15,0.0,0.0,20.44,9.0,113.52,34.0,2.28,0.76,62.83,15.92
2016-11-16,19.32,2.0,56.97,15.0,247.14,61.0,0.94,0.32,134.44,30.68
2016-11-17,35.38,4.0,91.26,19.0,283.94,69.0,42.12,7.95,163.21,35.78
2016-11-18,2.9,1.0,80.75,26.0,309.01,95.0,20.43,8.08,133.41,38.81
2016-11-19,3.24,3.0,60.53,17.0,164.52,51.0,3.29,1.88,29.43,9.5
2016-11-20,7.22,2.0,41.71,14.0,222.36,41.0,7.08,2.67,12.91,5.57
2016-11-21,9.51,3.0,75.75,21.0,148.28,46.0,1.62,1.0,20.25,7.84
2016-11-22,3.34,2.0,18.71,11.0,119.06,38.0,7.05,3.55,74.58,20.34
2016-11-23,46.2,11.0,93.43,29.0,220.29,76.0,21.47,8.92,88.47,30.53
2016-11-24,17.27,7.0,87.73,26.0,285.06,76.0,13.58,6.75,60.97,18.22
2016-11-25,35.72,7.0,50.17,11.0,123.73,36.0,10.88,2.67,29.5,9.02
2016-11-26,0.0,0.0,33.0,9.0,80.87,25.0,17.99,3.85,30.67,7.81
2016-11-27,49.24,7.0,66.69,12.0,169.39,35.0,29.53,5.9,101.41,18.56
2016-11-28,2.72,1.0,90.34,19.0,169.31,44.0,42.44,6.68,61.99,13.07
2016-11-29,12.92,6.0,131.25,40.0,338.96,117.0,85.35,25.84,242.09,84.02
2016-11-30,27.35,6.0,122.62,30.0,213.09,58.0,17.82,4.45,36.89,9.33
2016-12-01,17.96,4.0,32.04,9.0,131.68,44.0,20.93,5.86,103.02,32.49
2016-12-02,9.35,4.0,40.65,17.0,109.18,43.0,6.74,2.76,14.05,5.7
2016-12-03,15.54,4.0,116.83,33.0,250.56,76.0,9.8,3.17,28.55,8.53
2016-12-04,72.91,12.0,145.55,37.0,373.96,117.0,33.25,6.83,65.89,17.71
2016-12-05,4.68,2.0,68.37,20.0,226.11,66.0,19.79,6.07,52.12,16.14
2016-12-06,4.36,1.0,21.0,7.0,40.92,13.0,18.46,6.0,29.7,9.37
2016-12-07,2.69,1.0,23.08,8.0,51.44,19.0,8.68,3.38,10.98,4.4
2016-12-08,8.69,4.0,47.98,15.0,108.67,31.0,5.35,1.71,8.11,2.57
2016-12-09,6.83,2.0,98.12,32.0,182.52,61.0,1.38,0.3,12.45,3.24
2016-12-10,0.0,0.0,0.75,1.0,0.75,1.0,0.0,0.0,0.0,0.0
2016-12-11,19.16,5.0,75.62,24.0,155.74,44.0,8.26,7.21,31.8,12.78
2016-12-12,2.4,1.0,58.33,16.0,112.05,35.0,18.79,5.33,31.83,9.91
2016-12-13,0.0,0.0,60.12,13.0,212.76,51.0,38.49,7.38,84.82,18.09
2016-12-14,33.35,7.0,159.71,48.0,338.77,101.0,36.23,11.54,81.29,23.98
2016-12-15,27.36,6.0,96.39,28.0,276.42,88.0,22.99,4.1,51.42,12.43
2016-12-16,21.01,4.0,112.31,31.0,255.23,69.0,40.54,11.07,94.0,23.76
2016-12-17,2.85,1.0,32.73,13.0,143.43,45.0,7.41,2.95,60.41,17.23
2016-12-18,15.25,6.0,123.28,38.0,322.51,100.0,28.01,8.1,80.42,23.54
2016-12-19,26.46,7.0,92.17,22.0,277.88,75.0,14.23,2.45,66.22,13.54
2016-12-20,14.57,5.0,91.87,31.0,217.59,74.0,16.68,4.31,42.04,12.26
2016-12-21,4.52,1.0,72.45,15.0,242.0,56.0,40.37,5.3,82.63,12.51
2016-12-22,6.93,3.0,65.35,16.0,150.49,33.0,17.11,5.27,44.0,11.25
2016-12-23,0.0,0.0,98.48,29.0,282.54,76.0,24.18,4.34,50.08,8.88
2016-12-24,2.71,2.0,126.36,38.0,258.27,77.0,5.43,1.81,34.57,9.07
2016-12-25,19.13,4.0,207.33,50.0,335.7,92.0,10.15,3.76,30.15,10.37
2016-12-26,0.0,0.0,93.03,28.0,176.11,61.0,19.38,5.84,36.57,12.37
2016-12-27,18.89,5.0,72.02,21.0,165.21,45.0,13.8,3.8,40.92,10.38
2016-12-28,7.22,3.0,25.77,9.0,60.95,22.0,0.0,0.0,2.7,0.62
2016-12-29,9.53,2.0,21.38,4.0,37.41,8.0,5.99,1.25,5.99,1.25
2016-12-30,10.64,4.0,177.61,47.0,332.96,95.0,19.19,5.48,56.13,17.62
2016-12-31,4.54,2.0,42.26,16.0,160.3,46.0,0.11,0.05,10.2,3.56
2017-01-01,1.6,1.0,69.32,18.0,205.09,55.0,37.08,7.99,100.93,23.84
2017-01-02,1.38,1.0,96.34,31.0,185.47,57.0,57.0,20.23,120.45,37.95
2017-01-03,0.91,2.0,51.0,18.0,167.48,56.0,8.47,2.17,14.58,3.97
2017-01-04,22.51,5.0,162.41,39.0,364.73,92.0,9.69,2.34,12.68,3.38
2017-01-05,12.3,6.0,133.45,48.0,310.65,103.0,2.3,2.17,2.3,2.17
2017-01-06,3.17,1.0,32.23,9.0,85.89,17.0,0.73,0.23,32.91,2.22
2017-01-07,0.0,0.0,0.0,0.0,0.0,0.0,0.0,0.0,0.0,0.0
2017-01-08,0.0,0.0,3.68,1.0,3.68,1.0,0.0,0.0,0.0,0.0
2017-01-09,13.47,2.0,37.29,10.0,40.24,12.0,9.24,3.02,11.33,4.58
2017-01-10,10.1,5.0,37.66,15.0,157.24,43.0,8.61,3.8,26.43,8.19
2017-01-11,8.17,2.0,43.72,13.0,171.23,47.0,2.63,0.63,23.81,4.71
2017-01-12,3.18,1.0,11.11,4.0,91.76,24.0,1.65,0.69,5.59,2.52
2017-01-13,1.84,1.0,35.14,12.0,156.87,38.0,15.15,5.95,47.32,15.94
2017-01-14,0.0,0.0,34.97,9.0,137.25,34.0,9.11,2.06,33.19,5.85
2017-01-15,2.55,1.0,106.89,28.0,264.14,73.0,3.23,1.18,11.27,3.45
2017-01-16,18.82,9.0,86.32,33.0,172.84,61.0,5.39,2.14,19.16,4.55
2017-01-17,5.56,2.0,10.52,3.0,29.16,8.0,2.76,0.56,2.76,0.56
2017-01-18,0.0,0.0,24.0,6.0,76.42,20.0,6.63,1.69,32.48,8.45
2017-01-19,2.31,2.0,40.76,11.0,170.87,43.0,20.89,3.83,45.3,11.1
2017-01-20,3.62,2.0,25.18,8.0,95.29,19.0,3.38,1.63,12.03,2.13
2017-01-21,3.38,2.0,10.2,5.0,85.03,23.0,5.59,2.29,39.73,9.37
2017-01-22,0.0,0.0,128.91,23.0,256.27,53.0,66.23,11.81,104.4,19.58
2017-01-23,0.0,0.0,3.51,1.0,70.84,17.0,0.35,0.1,19.16,4.47
2017-01-24,26.08,4.0,95.9,26.0,165.34,43.0,58.37,17.44,85.31,23.2
2017-01-25,0.0,0.0,16.96,2.0,16.96,2.0,5.32,1.0,5.32,1.0
2017-01-26,0.0,0.0,9.1,1.0,54.27,10.0,7.23,0.79,31.87,5.76
2017-01-27,0.0,0.0,0.0,0.0,1.08,1.0,0.0,0.0,0.0,0.0
2017-01-28,0.0,0.0,0.0,0.0,0.0,0.0,0.0,0.0,0.0,0.0
2017-01-29,0.0,0.0,0.0,0.0,0.55,1.0,0.0,0.0,0.0,0.0
2017-01-30,0.0,0.0,0.0,0.0,15.74,5.0,0.0,0.0,0.0,0.0
2017-01-31,12.35,4.0,36.12,9.0,97.16,28.0,5.87,1.8,25.88,7.08
2017-02-01,3.06,1.0,17.87,8.0,83.07,33.0,5.97,2.89,12.45,5.93
2017-02-02,7.14,2.0,64.41,15.0,106.7,23.0,13.46,4.7,25.14,6.16
2017-02-03,0.0,0.0,47.12,11.0,146.72,29.0,30.91,6.24,63.27,12.57
2017-02-04,0.0,0.0,0.0,0.0,14.84,4.0,0.0,0.0,1.78,0.42
2017-02-05,1.37,3.0,52.74,9.0,123.83,24.0,0.81,1.1,20.5,5.06
2017-02-06,12.54,3.0,53.18,12.0,178.82,46.0,41.32,6.24,72.88,14.56
2017-02-07,10.9,1.0,41.06,8.0,126.93,28.0,4.33,0.67,21.69,5.24
2017-02-08,40.16,7.0,100.49,23.0,227.33,54.0,38.19,8.5,97.04,24.68
2017-02-09,0.0,0.0,48.77,10.0,220.98,48.0,21.62,3.2,63.96,13.33
2017-02-10,0.0,0.0,27.07,8.0,199.11,47.0,10.7,3.1,58.4,11.6
2017-02-11,21.01,8.0,128.66,36.0,274.31,83.0,57.93,13.51,119.38,31.95
2017-02-12,12.46,5.0,125.19,33.0,376.91,99.0,39.93,11.01,166.52,46.36
2017-02-13,2.31,1.0,41.18,12.0,109.22,33.0,9.05,1.83,29.87,7.77
2017-02-14,10.92,3.0,17.35,5.0,74.59,21.0,1.48,0.54,7.47,3.68
2017-02-15,0.0,0.0,28.34,7.0,88.53,27.0,5.39,1.93,31.43,8.95
2017-02-16,9.84,1.0,40.67,13.0,186.42,49.0,3.09,1.18,30.08,7.27
2017-02-17,4.6,1.0,14.05,5.0,59.49,22.0,1.77,0.82,15.78,5.79
2017-02-18,2.91,1.0,39.5,9.0,133.18,29.0,11.19,2.47,12.97,3.15
2017-02-19,6.35,1.0,29.89,10.0,87.58,31.0,0.67,0.39,16.3,4.99
2017-02-20,1.15,2.0,7.74,4.0,46.85,15.0,0.06,0.1,0.06,0.1
2017-02-21,20.61,5.0,55.1,13.0,92.54,21.0,6.27,1.89,17.26,4.02
2017-02-22,26.04,7.0,75.08,20.0,138.66,45.0,33.5,5.64,41.43,8.51
2017-02-23,64.03,3.0,100.8,9.0,197.43,36.0,11.99,1.76,24.51,5.79
2017-02-24,2.74,2.0,23.36,6.0,72.43,21.0,2.61,1.75,22.04,8.84
2017-02-25,0.0,0.0,13.3,3.0,158.05,26.0,0.0,0.0,49.85,8.92
2017-02-26,28.41,5.0,50.18,12.0,130.69,36.0,19.79,4.74,32.08,9.05
2017-02-27,0.45,1.0,31.56,12.0,166.26,40.0,4.06,2.0,39.92,7.18
2017-02-28,0.0,0.0,35.36,9.0,102.13,21.0,2.26,1.13,3.64,1.51
2017-03-01,0.0,0.0,6.72,2.0,67.67,14.0,6.41,1.9,44.93,8.38
2017-03-02,0.0,0.0,19.44,6.0,83.48,19.0,11.35,2.9,32.68,7.53
2017-03-03,0.57,1.0,0.57,1.0,16.26,4.0,0.53,0.92,2.35,1.17
2017-03-04,18.94,7.0,35.59,12.0,120.59,33.0,7.23,2.7,9.07,3.7
2017-03-05,3.4,2.0,86.65,13.0,326.72,55.0,14.72,4.14,26.92,6.57
2017-03-06,17.54,7.0,39.39,12.0,142.25,37.0,4.33,4.01,8.26,5.37
2017-03-07,0.0,0.0,15.59,5.0,58.05,17.0,11.62,3.77,31.3,10.01
2017-03-08,0.0,0.0,0.0,0.0,0.0,0.0,0.0,0.0,0.0,0.0
2017-03-09,2.12,2.0,9.28,5.0,68.38,21.0,6.57,2.82,39.68,10.63
2017-03-10,3.68,3.0,5.21,4.0,37.01,17.0,0.0,0.0,5.22,2.48
2017-03-11,0.0,0.0,0.0,0.0,6.71,2.0,0.0,0.0,0.36,0.44
2017-03-12,1.42,2.0,7.33,4.0,48.6,17.0,5.3,3.09,11.11,7.11
2017-03-13,0.0,0.0,16.19,5.0,49.47,13.0,3.9,1.46,31.7,7.87
2017-03-14,3.71,2.0,28.06,7.0,75.14,21.0,13.19,3.88,36.05,8.46
2017-03-15,5.48,2.0,19.36,5.0,177.8,42.0,9.79,2.0,33.26,8.46
2017-03-16,4.37,1.0,19.6,5.0,50.19,12.0,3.2,0.7,3.77,1.57
2017-03-17,0.45,1.0,22.97,7.0,104.89,24.0,10.08,2.85,51.29,10.98
2017-03-18,0.0,0.0,9.49,4.0,37.71,12.0,4.91,2.41,11.14,4.25
2017-03-19,5.75,2.0,6.91,3.0,18.4,10.0,5.17,1.1,10.79,3.52
2017-03-20,0.4,1.0,0.4,1.0,57.48,8.0,0.0,0.0,14.39,1.26
2017-03-21,7.85,3.0,20.56,6.0,116.15,34.0,9.87,2.41,30.78,7.13
2017-03-22,0.0,0.0,14.06,3.0,52.05,13.0,5.33,1.3,12.2,3.34
2017-03-23,0.0,0.0,17.98,5.0,52.78,15.0,2.31,1.58,8.78,3.72
2017-03-24,2.24,1.0,2.24,1.0,54.19,14.0,2.14,0.95,9.14,3.19
2017-03-25,1.47,1.0,10.15,4.0,82.69,25.0,2.1,2.02,9.72,3.36
2017-03-26,0.0,0.0,6.51,3.0,153.27,28.0,0.59,0.71,11.31,2.44
2017-03-27,0.0,0.0,31.02,5.0,43.4,9.0,9.01,1.31,9.76,1.49
2017-03-28,0.0,0.0,3.52,1.0,64.79,8.0,0.0,0.0,3.28,1.19
2017-03-29,2.26,2.0,7.54,4.0,17.36,10.0,2.83,2.02,4.1,2.57
2017-03-30,3.54,1.0,3.54,1.0,127.83,41.0,2.38,0.67,3.03,1.28
2017-03-31,0.0,0.0,18.53,4.0,200.53,64.0,0.0,0.0,10.14,3.67
2017-04-01,2.78,1.0,16.11,6.0,153.15,35.0,2.75,2.06,8.4,3.74
2017-04-02,0.0,0.0,8.95,2.0,162.43,42.0,0.04,0.01,4.08,1.2
2017-04-03,12.76,4.0,29.51,8.0,170.64,63.0,7.66,2.16,9.83,2.91
2017-04-04,4.05,1.0,12.19,2.0,19.08,3.0,0.2,0.05,1.15,0.19
2017-04-05,37.53,4.0,43.93,7.0,53.63,11.0,10.46,1.72,10.49,1.73
2017-04-06,28.93,4.0,38.12,7.0,77.63,18.0,32.44,4.46,32.44,4.46
2017-04-07,15.13,3.0,22.3,6.0,46.55,14.0,0.3,0.96,3.23,2.39
2017-04-08,0.0,0.0,7.59,4.0,74.65,25.0,0.67,1.54,7.0,3.79
2017-04-09,8.2,3.0,72.71,17.0,313.83,77.0,7.49,0.87,32.5,9.93
2017-04-10,50.01,6.0,197.71,18.0,411.69,69.0,33.13,7.78,65.12,14.36
2017-04-11,7.13,4.0,18.88,12.0,145.88,42.0,3.88,4.09,18.85,7.7
2017-04-12,4.61,1.0,17.81,7.0,82.17,25.0,5.66,1.85,14.01,5.58
2017-04-13,7.45,2.0,20.08,6.0,105.19,21.0,8.5,2.56,10.34,2.89
2017-04-14,0.0,0.0,37.1,6.0,126.07,27.0,17.3,2.96,20.29,3.57
2017-04-15,108.97,13.0,166.29,24.0,216.47,37.0,39.98,7.61,58.63,11.65
2017-04-16,3.31,2.0,18.28,6.0,79.71,18.0,0.33,0.24,29.48,6.95
2017-04-17,0.0,0.0,69.27,7.0,110.96,19.0,18.48,1.32,20.84,2.24
2017-04-18,43.71,4.0,396.73,25.0,465.56,42.0,264.65,12.01,279.15,18.01
2017-04-19,33.11,7.0,109.19,23.0,427.1,61.0,15.62,3.07,175.0,23.27
2017-04-20,116.85,12.0,260.59,41.0,312.62,52.0,40.18,9.78,75.04,14.86
2017-04-21,87.62,16.0,251.1,48.0,309.39,69.0,109.44,22.01,109.58,22.09
2017-04-22,0.0,0.0,19.99,3.0,54.38,15.0,1.37,0.99,1.73,1.25
2017-04-23,34.59,5.0,167.41,33.0,340.17,59.0,87.37,16.27,192.4,30.25
2017-04-24,59.57,12.0,237.48,66.0,447.69,116.0,175.96,45.37,353.77,84.95
2017-04-25,4.12,6.0,183.59,38.0,820.83,149.0,98.81,18.91,318.84,54.14
2017-04-26,86.21,11.0,783.35,76.0,1329.0,186.0,343.43,34.07,494.74,58.81
2017-04-27,23.35,3.0,134.99,26.0,594.17,95.0,118.29,20.02,497.8,70.27
2017-04-28,0.0,0.0,23.48,12.0,266.98,62.0,12.69,6.34,52.58,14.66
2017-04-29,60.22,14.0,168.16,46.0,709.28,149.0,33.46,9.05,63.36,18.77
2017-04-30,41.9,8.0,342.61,84.0,825.18,198.0,15.8,3.02,66.92,16.55
2017-05-01,74.05,9.0,846.46,100.0,3213.06,355.0,256.63,37.78,1466.91,169.21
2017-05-02,124.32,14.0,1355.51,149.0,3949.48,498.0,34.52,3.87,34.52,3.87
2017-05-03,0.0,0.0,53.95,6.0,350.41,28.0,4.06,0.45,24.61,1.48
2017-05-04,86.45,10.0,419.57,60.0,1817.55,272.0,251.08,35.79,1131.96,159.45
2017-05-05,68.49,9.0,592.9,109.0,2866.43,526.0,416.91,80.45,1906.43,366.41
2017-05-06,175.51,20.0,516.08,72.0,2352.88,326.0,280.96,42.87,1592.52,218.73
2017-05-07,232.69,19.0,539.04,64.0,2479.83,313.0,262.85,38.83,1715.65,216.35
2017-05-08,13.7,3.0,77.74,18.0,548.65,118.0,4.59,0.99,25.21,8.14
2017-05-09,25.0,6.0,167.23,35.0,795.51,144.0,14.35,3.74,138.52,19.35
2017-05-10,5.88,2.0,55.05,20.0,440.18,101.0,10.51,4.04,38.6,9.0
2017-05-11,12.84,4.0,58.87,10.0,492.88,76.0,17.86,3.24,126.19,28.62
2017-05-12,27.48,6.0,116.18,20.0,382.16,80.0,4.44,0.84,77.28,18.68
2017-05-13,26.63,7.0,29.48,9.0,535.08,103.0,14.62,3.34,312.5,56.44
2017-05-14,47.84,7.0,170.89,21.0,930.74,105.0,83.25,9.77,467.04,41.62
2017-05-15,18.36,4.0,63.84,16.0,350.23,79.0,29.63,7.93,104.66,23.32
2017-05-16,5.45,1.0,20.19,5.0,147.34,35.0,8.71,2.53,99.9,23.42
2017-05-17,16.18,3.0,34.7,6.0,170.1,31.0,0.0,0.0,45.29,3.13
2017-05-18,24.19,3.0,35.5,6.0,393.92,70.0,11.74,2.19,27.49,4.68
2017-05-19,0.89,1.0,20.31,3.0,448.67,70.0,13.12,0.89,43.87,4.99
2017-05-20,8.66,1.0,25.91,7.0,502.68,40.0,0.49,0.15,57.87,4.75
2017-05-21,0.0,0.0,16.66,4.0,44.51,13.0,12.59,2.49,24.99,6.13
2017-05-22,0.0,0.0,0.0,0.0,14.82,6.0,0.0,0.0,10.56,2.74
2017-05-23,21.02,3.0,31.35,6.0,328.05,52.0,6.09,0.63,14.29,1.43
2017-05-24,7.98,1.0,11.49,2.0,124.84,22.0,7.98,1.0,25.82,4.78
2017-05-25,0.0,0.0,14.1,3.0,146.68,27.0,0.42,0.09,0.42,0.09
2017-05-26,3.82,1.0,3.82,1.0,86.33,20.0,2.58,0.68,24.47,4.96
2017-05-27,0.0,0.0,9.06,2.0,24.47,6.0,1.04,0.23,1.47,0.31
2017-05-28,1.37,1.0,10.74,4.0,78.09,22.0,0.0,0.0,12.47,2.66
2017-05-29,0.0,0.0,0.0,0.0,1.88,1.0,0.0,0.0,0.0,0.0
2017-05-30,1.75,1.0,9.7,3.0,85.25,18.0,0.0,0.0,11.03,2.06
2017-05-31,0.0,0.0,0.0,0.0,10.21,3.0,0.0,0.0,8.04,2.05
2017-06-01,0.0,0.0,5.54,1.0,5.54,1.0,0.0,0.0,0.0,0.0
2017-06-02,4.09,1.0,17.02,2.0,74.48,15.0,0.0,0.0,13.69,2.77
2017-06-03,0.0,0.0,0.0,0.0,90.58,16.0,0.0,0.0,16.8,3.12
2017-06-04,0.0,0.0,0.0,0.0,62.59,8.0,0.0,0.0,0.26,0.06
2017-06-05,7.4,2.0,24.85,6.0,30.06,8.0,11.56,1.95,11.59,1.96
2017-06-06,13.49,2.0,15.87,3.0,36.11,5.0,9.87,1.46,9.87,1.46
2017-06-07,0.0,0.0,0.0,0.0,1.48,1.0,0.0,0.0,0.48,0.32
2017-06-08,3.84,1.0,3.84,1.0,3.84,1.0,0.87,0.23,0.87,0.23
2017-06-09,1.6,1.0,1.6,1.0,2.04,2.0,1.59,0.99,1.59,0.99
2017-06-10,0.0,0.0,0.0,0.0,20.14,6.0,0.0,0.0,7.35,2.63
2017-06-11,0.0,0.0,0.0,0.0,6.83,5.0,0.0,0.0,0.0,0.0
2017-06-12,0.0,0.0,8.93,2.0,35.37,9.0,0.11,0.02,0.11,0.02
2017-06-13,0.0,0.0,15.01,4.0,38.27,12.0,6.82,1.5,10.4,2.32
2017-06-14,0.0,0.0,0.0,0.0,40.25,12.0,0.0,0.0,0.0,0.0
2017-06-15,0.0,0.0,0.0,0.0,12.34,6.0,0.0,0.0,0.19,0.06
2017-06-16,0.0,0.0,0.0,0.0,9.43,4.0,0.0,0.0,0.0,0.0
2017-06-17,0.0,0.0,3.54,1.0,9.24,3.0,0.0,0.0,0.0,0.0
2017-06-18,0.0,0.0,5.81,1.0,23.53,7.0,0.0,0.0,0.24,0.21
2017-06-19,0.0,0.0,0.0,0.0,1.96,1.0,0.0,0.0,0.0,0.0
2017-06-20,0.0,0.0,0.0,0.0,0.0,0.0,0.0,0.0,0.0,0.0
2017-06-21,0.43,1.0,0.43,1.0,5.49,3.0,0.36,0.83,0.36,0.83
2017-06-22,0.0,0.0,0.0,0.0,0.34,1.0,0.0,0.0,0.0,0.0
2017-06-23,1.18,1.0,1.18,1.0,11.37,2.0,1.03,0.87,7.17,1.47
2017-06-24,6.03,1.0,7.08,2.0,37.53,11.0,3.59,0.76,4.28,1.19
2017-06-25,0.0,0.0,0.0,0.0,26.2,1.0,0.0,0.0,1.81,0.07
2017-06-26,0.0,0.0,0.0,0.0,27.71,5.0,0.0,0.0,22.63,3.96
2017-06-27,0.0,0.0,0.0,0.0,15.97,4.0,0.0,0.0,9.82,3.07
2017-06-28,0.0,0.0,0.0,0.0,0.0,0.0,0.0,0.0,0.0,0.0
2017-06-29,0.0,0.0,0.0,0.0,0.0,0.0,0.0,0.0,0.0,0.0
2017-06-30,0.0,0.0,0.0,0.0,0.0,0.0,0.0,0.0,0.0,0.0
2017-07-01,0.0,0.0,0.0,0.0,0.0,0.0,0.0,0.0,0.0,0.0
2017-07-02,0.0,0.0,0.0,0.0,0.0,0.0,0.0,0.0,0.0,0.0
2017-07-03,0.0,0.0,0.0,0.0,0.0,0.0,0.0,0.0,0.0,0.0
2017-07-04,0.0,0.0,8.21,1.0,8.21,1.0,8.21,1.0,8.21,1.0
2017-07-05,0.0,0.0,0.0,0.0,0.0,0.0,0.0,0.0,0.0,0.0
2017-07-06,0.0,0.0,0.0,0.0,0.0,0.0,0.0,0.0,0.0,0.0
2017-07-07,0.0,0.0,0.0,0.0,0.0,0.0,0.0,0.0,0.0,0.0
2017-07-08,0.0,0.0,0.0,0.0,0.0,0.0,0.0,0.0,0.0,0.0
2017-07-09,0.0,0.0,0.0,0.0,0.0,0.0,0.0,0.0,0.0,0.0
2017-07-10,6.24,2.0,6.24,2.0,10.07,3.0,1.14,0.63,1.14,0.63
2017-07-11,0.0,0.0,0.0,0.0,0.0,0.0,0.0,0.0,0.0,0.0
2017-07-12,2.1,2.0,2.1,2.0,2.1,2.0,0.56,0.53,0.56,0.53
2017-07-13,0.0,0.0,0.0,0.0,4.37,2.0,0.0,0.0,0.0,0.0
2017-07-14,0.0,0.0,0.0,0.0,1.31,1.0,0.0,0.0,0.0,0.0
2017-07-15,0.87,1.0,3.56,3.0,7.58,4.0,0.0,0.0,0.0,0.0
2017-07-16,0.0,0.0,0.0,0.0,0.0,0.0,0.0,0.0,0.0,0.0
2017-07-17,0.0,0.0,0.0,0.0,0.0,0.0,0.0,0.0,0.0,0.0
2017-07-18,0.0,0.0,0.0,0.0,9.8,4.0,0.0,0.0,1.02,0.96
2017-07-19,0.0,0.0,0.0,0.0,3.72,1.0,0.0,0.0,0.0,0.0
2017-07-20,0.0,0.0,0.0,0.0,0.0,0.0,0.0,0.0,0.0,0.0
2017-07-21,0.0,0.0,0.0,0.0,3.93,1.0,0.0,0.0,0.96,0.24
2017-07-22,0.0,0.0,0.0,0.0,0.0,0.0,0.0,0.0,0.0,0.0
2017-07-23,0.0,0.0,0.0,0.0,0.97,1.0,0.0,0.0,0.69,0.71
2017-07-24,0.0,0.0,0.0,0.0,0.0,0.0,0.0,0.0,0.0,0.0
2017-07-25,0.0,0.0,0.0,0.0,0.0,0.0,0.0,0.0,0.0,0.0
2017-07-26,0.0,0.0,0.0,0.0,2.97,1.0,0.0,0.0,0.85,0.28
2017-07-27,0.0,0.0,0.0,0.0,0.0,0.0,0.0,0.0,0.0,0.0
2017-07-28,0.0,0.0,0.0,0.0,0.0,0.0,0.0,0.0,0.0,0.0
2017-07-29,0.0,0.0,0.0,0.0,0.0,0.0,0.0,0.0,0.0,0.0
2017-07-30,0.0,0.0,0.0,0.0,0.0,0.0,0.0,0.0,0.0,0.0
2017-07-31,0.0,0.0,0.0,0.0,0.0,0.0,0.0,0.0,0.0,0.0
2017-08-01,0.0,0.0,0.0,0.0,0.0,0.0,0.0,0.0,0.0,0.0
2017-08-02,0.0,0.0,0.0,0.0,0.0,0.0,0.0,0.0,0.0,0.0
2017-08-03,0.0,0.0,0.0,0.0,0.0,0.0,0.0,0.0,0.0,0.0
2017-08-04,2.13,2.0,3.05,3.0,3.05,3.0,0.17,0.17,0.17,0.17
2017-08-05,0.0,0.0,2.09,1.0,2.09,1.0,0.0,0.0,0.0,0.0
2017-08-06,0.0,0.0,18.6,2.0,18.6,2.0,1.25,0.14,1.25,0.14
2017-08-07,0.0,0.0,0.0,0.0,0.0,0.0,0.0,0.0,0.0,0.0
2017-08-08,0.0,0.0,0.0,0.0,0.0,0.0,0.0,0.0,0.0,0.0
2017-08-09,0.0,0.0,0.0,0.0,0.0,0.0,0.0,0.0,0.0,0.0
2017-08-10,0.0,0.0,0.0,0.0,0.0,0.0,0.0,0.0,0.0,0.0
2017-08-11,0.0,0.0,0.0,0.0,0.0,0.0,0.0,0.0,0.0,0.0
2017-08-12,0.0,0.0,0.0,0.0,1.91,1.0,0.0,0.0,0.07,0.04
2017-08-13,0.0,0.0,0.0,0.0,0.0,0.0,0.0,0.0,0.0,0.0
2017-08-14,0.0,0.0,0.0,0.0,0.48,1.0,0.0,0.0,0.0,0.0
2017-08-15,1.42,1.0,1.42,1.0,1.42,1.0,0.0,0.0,0.0,0.0
2017-08-16,1.37,1.0,1.37,1.0,1.37,1.0,0.0,0.0,0.0,0.0
2017-08-17,0.0,0.0,0.0,0.0,0.0,0.0,0.0,0.0,0.0,0.0
2017-08-18,2.47,1.0,2.47,1.0,2.47,1.0,1.87,0.76,1.87,0.76
2017-08-19,0.0,0.0,0.0,0.0,0.0,0.0,0.0,0.0,0.0,0.0
2017-08-20,0.0,0.0,0.0,0.0,1.85,1.0,0.0,0.0,0.0,0.0
2017-08-21,0.0,0.0,0.0,0.0,0.0,0.0,0.0,0.0,0.0,0.0
2017-08-22,1.2,1.0,1.2,1.0,5.87,2.0,0.0,0.0,0.06,0.01
2017-08-23,0.4,1.0,0.4,1.0,0.4,1.0,0.03,0.07,0.03,0.07
2017-08-24,0.0,0.0,0.0,0.0,0.0,0.0,0.0,0.0,0.0,0.0
2017-08-25,0.0,0.0,0.0,0.0,0.0,0.0,0.0,0.0,0.0,0.0
2017-08-26,0.83,1.0,0.83,1.0,0.83,1.0,0.0,0.0,0.0,0.0
2017-08-27,0.0,0.0,0.0,0.0,0.0,0.0,0.0,0.0,0.0,0.0
2017-08-28,0.0,0.0,0.0,0.0,3.47,1.0,0.0,0.0,1.47,0.42
2017-08-29,0.56,1.0,0.56,1.0,5.49,3.0,0.0,0.0,0.0,0.0
2017-08-30,0.5,1.0,0.5,1.0,0.5,1.0,0.0,0.0,0.0,0.0
2017-08-31,0.0,0.0,0.0,0.0,0.0,0.0,0.0,0.0,0.0,0.0
2017-09-01,0.0,0.0,0.0,0.0,0.0,0.0,0.0,0.0,0.0,0.0
2017-09-02,0.0,0.0,0.0,0.0,0.0,0.0,0.0,0.0,0.0,0.0
2017-09-03,0.0,0.0,0.0,0.0,0.55,1.0,0.0,0.0,0.0,0.0
2017-09-04,0.0,0.0,0.0,0.0,0.0,0.0,0.0,0.0,0.0,0.0
2017-09-05,0.0,0.0,0.0,0.0,0.0,0.0,0.0,0.0,0.0,0.0
2017-09-06,2.88,1.0,2.88,1.0,2.88,1.0,0.0,0.0,0.0,0.0
2017-09-07,1.76,2.0,1.76,2.0,4.11,3.0,0.16,0.18,0.21,0.2
2017-09-08,8.25,2.0,8.25,2.0,8.25,2.0,8.01,1.94,8.01,1.94
2017-09-09,3.56,2.0,10.6,4.0,17.14,6.0,4.24,1.31,5.36,1.65
2017-09-10,0.0,0.0,0.0,0.0,7.2,2.0,0.0,0.0,1.4,0.39
2017-09-11,0.0,0.0,0.0,0.0,29.59,5.0,0.0,0.0,14.52,2.43
2017-09-12,2.4,1.0,2.4,1.0,30.38,6.0,1.2,0.5,8.71,1.83
2017-09-13,0.0,0.0,0.0,0.0,5.18,1.0,0.0,0.0,0.0,0.0
2017-09-14,0.0,0.0,0.0,0.0,6.65,1.0,0.0,0.0,6.36,0.96
2017-09-15,3.74,3.0,3.74,3.0,6.06,4.0,2.49,2.0,4.73,2.96
2017-09-16,0.0,0.0,0.0,0.0,0.0,0.0,0.0,0.0,0.0,0.0
2017-09-17,0.0,0.0,0.0,0.0,1.67,1.0,0.0,0.0,1.29,0.77
2017-09-18,2.72,2.0,17.49,5.0,67.87,16.0,3.26,2.15,51.62,12.52
2017-09-19,0.0,0.0,0.0,0.0,49.02,9.0,0.0,0.0,0.12,0.05
2017-09-20,0.0,0.0,0.0,0.0,104.71,19.0,0.0,0.0,0.0,0.0
2017-09-21,1.0,1.0,1.0,1.0,7.12,3.0,0.0,0.0,0.0,0.0
2017-09-22,0.0,0.0,0.0,0.0,0.0,0.0,0.0,0.0,0.0,0.0
2017-09-23,0.0,0.0,0.0,0.0,0.0,0.0,0.0,0.0,0.0,0.0
2017-09-24,0.0,0.0,0.0,0.0,0.0,0.0,0.0,0.0,0.0,0.0
2017-09-25,0.0,0.0,0.0,0.0,0.0,0.0,0.0,0.0,0.0,0.0
2017-09-26,1.13,1.0,1.13,1.0,9.32,4.0,0.2,0.18,3.12,1.06
2017-09-27,1.38,1.0,12.37,3.0,70.77,8.0,7.29,1.33,8.26,1.4
2017-09-28,1.53,2.0,1.53,2.0,13.03,5.0,0.83,0.97,10.4,3.26
2017-09-29,0.0,0.0,3.98,1.0,15.29,3.0,3.92,0.98,14.27,2.62
2017-09-30,2.05,3.0,2.05,3.0,58.22,18.0,1.5,2.1,36.54,11.98
2017-10-01,0.0,0.0,0.0,0.0,71.87,19.0,0.0,0.0,28.27,7.4
2017-10-02,1.14,1.0,4.27,2.0,140.45,29.0,0.25,0.22,13.71,2.75
2017-10-03,1.1,1.0,2.2,2.0,194.6,45.0,1.09,0.99,144.27,31.11
2017-10-04,3.45,2.0,7.61,4.0,180.44,55.0,2.32,1.94,140.64,42.27
2017-10-05,0.0,0.0,3.4,1.0,326.75,62.0,2.81,0.83,244.47,46.66
2017-10-06,0.0,0.0,2.13,1.0,237.71,53.0,0.0,0.0,224.92,49.42
2017-10-07,2.18,1.0,5.06,2.0,343.44,92.0,4.81,1.9,259.5,70.95
2017-10-08,6.13,2.0,57.48,13.0,907.36,190.0,1.89,0.78,141.9,31.77
2017-10-09,2.56,2.0,38.38,11.0,694.04,176.0,2.1,0.92,125.92,25.3
2017-10-10,7.48,3.0,25.21,10.0,917.06,181.0,6.41,2.25,125.45,26.63
2017-10-11,0.0,0.0,0.0,0.0,351.58,61.0,0.0,0.0,41.61,9.88
2017-10-12,0.0,0.0,10.0,2.0,555.74,114.0,0.0,0.0,479.84,97.82
2017-10-13,6.25,2.0,68.41,11.0,956.06,139.0,0.79,0.47,213.82,32.28
2017-10-14,9.64,4.0,95.83,25.0,1768.91,331.0,5.75,1.55,1061.47,189.32
2017-10-15,7.29,3.0,187.64,30.0,2121.89,430.0,13.93,5.35,904.61,191.89
2017-10-16,4.3,2.0,49.45,13.0,852.24,177.0,5.06,2.51,651.68,131.68
2017-10-17,3.38,2.0,91.47,20.0,1157.62,219.0,0.75,1.08,959.64,177.42
2017-10-18,48.12,5.0,133.96,25.0,1513.87,225.0,12.61,4.44,1148.32,159.01
2017-10-19,11.71,4.0,259.15,52.0,3213.61,487.0,3.56,1.17,617.26,105.67
2017-10-20,35.66,13.0,317.65,63.0,2159.26,463.0,4.92,2.34,1329.04,285.43
2017-10-21,0.0,0.0,171.87,26.0,1338.45,240.0,6.17,1.85,928.09,161.8
2017-10-22,26.83,5.0,163.76,46.0,661.55,160.0,156.14,42.29,156.21,42.3
2017-10-23,4.28,2.0,150.19,28.0,694.58,153.0,0.0,0.0,337.18,76.92
2017-10-24,29.14,6.0,431.65,76.0,1649.6,267.0,8.35,4.1,780.63,133.09
2017-10-25,40.4,7.0,278.09,72.0,1361.34,304.0,9.72,3.69,555.02,121.19
2017-10-26,56.9,12.0,366.89,82.0,1342.14,276.0,234.28,51.42,273.72,62.99
2017-10-27,5.33,1.0,210.12,41.0,636.46,124.0,150.35,29.66,165.75,33.87
2017-10-28,31.98,6.0,419.95,67.0,1241.73,231.0,30.9,5.56,90.4,16.39
2017-10-29,43.57,8.0,488.08,79.0,1481.92,259.0,10.39,1.95,107.6,27.07
2017-10-30,37.92,13.0,446.78,97.0,1557.4,309.0,11.33,4.84,804.19,158.01
2017-10-31,28.23,11.0,659.0,130.0,1511.73,315.0,320.35,64.89,371.17,79.17
2017-11-01,27.99,9.0,617.5,92.0,1352.49,229.0,326.6,50.22,375.0,60.17
2017-11-02,5.26,2.0,304.26,56.0,790.7,134.0,2.41,1.01,19.92,3.71
2017-11-03,1.59,1.0,215.3,41.0,615.63,114.0,0.06,0.02,32.51,11.81
2017-11-04,21.45,7.0,155.66,38.0,2108.71,344.0,11.02,3.26,151.33,35.91
2017-11-05,91.59,31.0,467.37,128.0,1613.3,383.0,32.94,11.69,551.64,128.45
2017-11-06,25.01,5.0,315.52,48.0,401.0,75.0,9.89,2.75,48.03,10.64
2017-11-07,0.0,0.0,103.84,22.0,125.2,29.0,3.61,0.84,6.04,1.42
2017-11-08,14.52,6.0,39.03,16.0,349.69,88.0,2.62,2.37,284.88,66.69
2017-11-09,16.24,7.0,68.81,20.0,735.75,125.0,11.91,5.24,520.43,78.3
2017-11-10,31.52,13.0,181.6,40.0,761.63,193.0,22.2,11.73,438.39,118.73
2017-11-11,29.2,10.0,72.79,22.0,230.48,71.0,16.07,4.14,77.36,21.19
2017-11-12,5.67,1.0,28.64,7.0,93.48,26.0,4.71,1.19,13.44,3.58
2017-11-13,14.97,4.0,30.2,10.0,89.08,30.0,11.12,3.04,41.82,12.15
2017-11-14,6.66,2.0,39.12,11.0,540.47,102.0,7.17,2.29,24.68,7.46
2017-11-15,2.2,3.0,41.68,13.0,191.77,58.0,8.9,2.77,42.03,11.98
2017-11-16,13.57,3.0,63.52,17.0,184.43,59.0,49.74,11.2,132.33,39.48
2017-11-17,1.95,2.0,28.81,11.0,68.94,21.0,11.04,5.01,17.53,6.68
2017-11-18,0.0,0.0,12.2,4.0,77.31,25.0,2.64,1.13,31.57,9.61
2017-11-19,4.17,4.0,53.76,12.0,267.17,57.0,38.52,7.15,186.52,35.11
2017-11-20,3.7,5.0,17.78,10.0,240.42,55.0,5.77,5.36,167.08,31.0
2017-11-21,5.31,3.0,65.79,20.0,298.89,91.0,36.29,7.88,148.4,37.91
2017-11-22,9.28,5.0,50.82,17.0,216.04,61.0,16.27,5.7,79.42,21.34
2017-11-23,3.56,2.0,55.97,13.0,175.74,40.0,29.42,6.19,86.19,18.33
2017-11-24,18.01,6.0,52.31,15.0,207.14,54.0,29.84,7.65,87.62,20.26
2017-11-25,2.47,3.0,67.82,19.0,219.39,61.0,27.88,7.84,87.55,23.77
2017-11-26,13.33,7.0,101.29,34.0,341.76,98.0,43.02,12.11,170.05,45.45
2017-11-27,24.42,5.0,99.04,28.0,241.37,70.0,31.49,8.8,74.99,17.34
2017-11-28,2.56,3.0,46.29,13.0,170.86,45.0,2.65,1.09,9.85,2.43
2017-11-29,18.26,4.0,47.07,13.0,155.61,46.0,11.3,3.85,62.31,21.46
2017-11-30,9.78,2.0,59.56,14.0,240.14,45.0,19.12,4.35,107.69,16.69
2017-12-01,3.23,2.0,38.01,13.0,229.46,58.0,18.95,6.43,147.57,32.33
2017-12-02,13.09,6.0,125.34,42.0,307.91,111.0,62.42,21.62,174.53,61.12
2017-12-03,0.0,0.0,16.43,6.0,82.49,20.0,6.83,2.55,29.37,7.41
2017-12-04,0.0,0.0,2.76,1.0,2.76,1.0,1.91,0.69,1.91,0.69
2017-12-05,0.0,0.0,0.0,0.0,0.0,0.0,0.0,0.0,0.0,0.0
2017-12-06,1.21,1.0,1.77,2.0,118.27,14.0,0.95,0.78,94.67,6.85
2017-12-07,51.01,7.0,120.44,33.0,236.88,73.0,17.7,7.96,46.64,18.44
2017-12-08,2.26,1.0,48.0,10.0,172.94,40.0,6.82,1.97,57.28,9.79
2017-12-09,8.45,4.0,47.48,16.0,129.17,32.0,19.18,7.81,77.68,17.6
2017-12-10,1.71,2.0,56.47,21.0,217.16,60.0,37.73,12.93,138.97,39.02
2017-12-11,3.72,1.0,12.12,3.0,50.29,15.0,3.71,1.0,3.99,1.1
2017-12-12,0.0,0.0,10.48,4.0,21.68,11.0,0.0,0.0,0.05,0.07
2017-12-13,0.0,0.0,2.22,1.0,3.81,2.0,0.0,0.0,0.02,0.01
2017-12-14,0.0,0.0,8.88,3.0,22.99,9.0,3.01,0.73,3.01,0.73
2017-12-15,0.0,0.0,18.8,5.0,29.66,9.0,0.0,0.0,4.08,1.39
2017-12-16,22.69,4.0,66.35,18.0,156.85,44.0,18.5,6.01,34.3,10.77
2017-12-17,27.03,8.0,82.71,26.0,265.0,67.0,18.85,8.75,39.44,15.54
2017-12-18,10.39,4.0,135.99,48.0,300.11,110.0,21.63,8.15,56.4,21.16
2017-12-19,0.0,0.0,15.01,2.0,65.95,13.0,0.0,0.0,14.85,2.66
2017-12-20,5.68,1.0,11.1,4.0,44.45,12.0,5.73,2.53,12.77,4.77
2017-12-21,27.66,10.0,119.47,43.0,247.94,81.0,24.25,11.64,62.56,20.81
2017-12-22,1.92,4.0,37.1,15.0,180.19,53.0,11.57,7.61,41.47,14.56
2017-12-23,8.15,3.0,43.26,14.0,238.74,71.0,10.02,4.66,48.07,16.63
2017-12-24,0.78,1.0,30.43,10.0,152.53,36.0,8.27,3.39,67.83,18.96
2017-12-25,42.41,7.0,71.72,19.0,137.87,37.0,13.55,6.11,34.65,12.64
2017-12-26,3.51,2.0,48.25,15.0,145.21,36.0,10.9,3.42,38.02,8.91
2017-12-27,16.7,5.0,69.59,27.0,145.41,45.0,14.69,8.38,47.9,16.13
2017-12-28,1.48,2.0,104.3,36.0,272.37,90.0,35.13,14.11,100.06,33.95
2017-12-29,5.47,6.0,80.5,30.0,249.99,82.0,46.18,15.62,144.39,41.91
2017-12-30,4.16,1.0,47.94,16.0,125.75,36.0,21.88,7.53,65.69,17.35
2017-12-31,12.56,3.0,39.54,11.0,114.58,31.0,16.14,4.62,41.23,11.38
2018-01-01,5.19,2.0,13.32,4.0,34.59,10.0,2.56,0.99,2.56,0.99
2018-01-02,8.99,3.0,76.27,24.0,107.88,34.0,38.08,12.59,52.31,15.59
2018-01-03,3.89,1.0,61.7,19.0,131.9,39.0,15.66,3.75,44.56,11.83
2018-01-04,4.96,2.0,15.42,5.0,17.87,6.0,2.08,1.2,2.08,1.2
2018-01-05,4.9,1.0,6.36,2.0,72.92,14.0,4.1,0.84,4.1,0.84
2018-01-06,7.3,6.0,49.0,23.0,77.78,35.0,17.88,5.55,21.16,6.57
2018-01-07,22.64,7.0,100.49,26.0,202.14,55.0,8.45,3.62,32.01,9.86
2018-01-08,15.57,8.0,48.91,23.0,128.35,54.0,6.12,4.06,20.29,9.62
2018-01-09,12.0,4.0,68.41,21.0,107.37,31.0,9.17,2.27,31.82,7.36
2018-01-10,3.53,3.0,10.54,6.0,78.73,21.0,0.69,1.18,29.22,7.26
2018-01-11,10.18,3.0,39.38,10.0,65.5,20.0,9.31,3.68,17.62,7.78
2018-01-12,10.97,6.0,33.5,16.0,70.42,27.0,10.8,6.74,19.49,9.56
2018-01-13,26.0,5.0,86.48,28.0,261.82,81.0,14.27,6.38,77.16,24.23
2018-01-14,8.94,4.0,99.93,26.0,243.48,74.0,9.5,3.75,29.76,11.13
2018-01-15,33.9,9.0,88.38,24.0,156.88,39.0,6.78,5.31,15.18,8.65
2018-01-16,18.29,5.0,56.09,21.0,88.01,32.0,13.74,7.83,24.79,11.6
2018-01-17,11.37,4.0,27.84,8.0,147.52,25.0,0.0,0.0,6.11,0.67
2018-01-18,12.63,7.0,86.54,29.0,238.28,72.0,13.35,5.0,40.02,13.54
2018-01-19,6.05,2.0,59.56,22.0,178.04,65.0,9.62,3.92,37.86,13.04
2018-01-20,4.32,5.0,16.12,9.0,121.66,37.0,0.71,1.38,6.34,2.4
2018-01-21,11.07,4.0,98.57,34.0,179.5,59.0,13.74,5.16,28.91,8.9
2018-01-22,8.02,5.0,77.78,30.0,180.05,68.0,0.57,0.39,12.82,4.63
2018-01-23,0.0,0.0,0.0,0.0,0.0,0.0,0.0,0.0,0.0,0.0
2018-01-24,0.0,0.0,2.48,1.0,27.03,11.0,0.0,0.0,0.57,0.26
2018-01-25,2.12,1.0,17.5,4.0,49.67,14.0,0.05,0.0,0.14,0.07
2018-01-26,1.63,1.0,13.13,4.0,20.46,6.0,5.0,1.43,6.81,1.95
2018-01-27,2.62,1.0,53.39,14.0,170.27,40.0,8.45,3.67,21.19,7.1
2018-01-28,4.83,2.0,86.36,23.0,165.09,44.0,9.59,3.86,25.35,8.23
2018-01-29,2.26,3.0,131.77,39.0,301.64,87.0,22.24,9.5,68.96,20.77
2018-01-30,5.92,3.0,45.12,13.0,136.14,44.0,14.02,2.62,20.34,5.97
2018-01-31,0.63,1.0,30.0,6.0,137.73,23.0,0.51,0.81,4.92,1.71
2018-02-01,26.61,7.0,46.0,13.0,145.74,39.0,11.04,3.32,49.23,11.3
2018-02-02,0.85,1.0,131.64,20.0,204.69,37.0,72.87,11.63,95.35,17.92
2018-02-03,11.6,7.0,66.46,24.0,281.71,71.0,36.42,13.06,94.61,31.16
2018-02-04,15.46,5.0,65.68,22.0,220.76,68.0,8.67,2.98,23.54,6.86
2018-02-05,0.0,0.0,0.0,0.0,0.0,0.0,0.0,0.0,0.0,0.0
2018-02-06,0.0,0.0,2.91,1.0,38.33,9.0,2.39,0.82,28.28,5.48
2018-02-07,4.49,2.0,26.4,10.0,144.79,43.0,10.08,2.94,56.21,13.22
2018-02-08,2.73,5.0,9.4,7.0,141.7,38.0,2.86,3.08,38.73,9.81
2018-02-09,20.46,7.0,131.26,35.0,333.05,96.0,39.08,12.21,107.65,26.17
2018-02-10,5.3,2.0,47.78,12.0,119.4,25.0,14.22,4.18,30.35,8.38
2018-02-11,4.86,1.0,12.44,3.0,25.43,4.0,1.2,0.25,3.24,0.4
2018-02-12,0.5,1.0,1.2,2.0,39.24,3.0,0.13,0.27,0.13,0.27
2018-02-13,4.2,3.0,58.07,21.0,72.38,26.0,39.18,14.45,47.74,17.69
2018-02-14,0.93,1.0,14.12,6.0,130.97,40.0,6.53,2.35,13.3,4.93
2018-02-15,2.12,2.0,29.21,13.0,152.5,37.0,6.02,2.73,10.0,4.11
2018-02-16,7.16,1.0,24.24,4.0,62.84,15.0,0.0,0.0,8.83,2.09
2018-02-17,0.0,0.0,6.61,3.0,27.33,8.0,2.04,0.93,6.63,2.96
2018-02-18,14.06,4.0,25.29,7.0,117.86,25.0,18.44,5.45,23.38,6.55
2018-02-19,7.13,6.0,105.84,25.0,200.04,50.0,16.38,7.45,47.84,15.41
2018-02-20,7.4,1.0,45.22,15.0,197.96,51.0,15.15,4.51,67.41,13.44
2018-02-21,45.96,5.0,92.35,19.0,197.63,45.0,38.73,3.83,44.39,5.0
2018-02-22,0.0,0.0,20.71,6.0,68.62,22.0,10.05,3.11,25.45,6.86
2018-02-23,0.94,1.0,0.94,1.0,19.37,7.0,0.0,0.0,3.91,1.6
2018-02-24,20.01,3.0,28.91,7.0,74.93,18.0,19.85,2.93,33.09,6.04
2018-02-25,4.31,4.0,44.49,14.0,171.21,55.0,21.89,6.34,59.78,19.42
2018-02-26,0.93,1.0,16.26,4.0,105.2,26.0,5.85,2.68,22.86,7.85
2018-02-27,2.68,2.0,5.43,3.0,71.08,18.0,4.12,2.05,48.05,10.54
2018-02-28,9.5,4.0,18.06,8.0,25.63,12.0,2.2,2.38,4.61,4.22
2018-03-01,0.73,1.0,9.66,7.0,57.36,29.0,2.11,2.29,25.28,8.11
2018-03-02,3.03,3.0,9.76,7.0,128.67,32.0,4.64,3.75,42.4,11.8
2018-03-03,1.48,1.0,11.6,3.0,50.33,16.0,2.48,1.21,6.49,2.19
2018-03-04,0.0,0.0,18.57,3.0,38.76,7.0,3.45,0.46,16.06,2.42
2018-03-05,1.57,2.0,10.39,4.0,136.43,24.0,3.15,1.86,56.36,8.92
2018-03-06,1.6,3.0,2.19,4.0,94.3,25.0,1.59,2.95,10.62,4.82
2018-03-07,1.76,4.0,10.37,7.0,100.29,32.0,2.98,4.29,19.64,8.99
2018-03-08,2.52,2.0,5.89,4.0,111.81,40.0,1.62,1.94,73.98,26.58
2018-03-09,0.89,2.0,20.42,9.0,78.78,26.0,6.67,2.65,22.4,7.54
2018-03-10,1.05,2.0,43.64,11.0,118.02,25.0,12.29,3.92,43.67,8.07
2018-03-11,0.51,1.0,2.6,2.0,77.8,23.0,0.68,0.68,4.73,2.2
2018-03-12,2.25,4.0,19.45,7.0,117.12,32.0,3.7,3.54,14.28,4.83
2018-03-13,7.94,3.0,29.39,12.0,92.16,37.0,3.18,1.15,5.39,1.81
2018-03-14,7.37,3.0,12.92,4.0,41.05,12.0,3.6,0.93,3.6,0.93
2018-03-15,0.0,0.0,12.84,4.0,32.42,10.0,10.9,3.46,22.42,6.28
2018-03-16,1.8,2.0,1.8,2.0,55.95,17.0,1.79,1.99,7.77,4.27
2018-03-17,12.78,8.0,42.5,16.0,147.37,41.0,20.27,7.99,76.14,18.49
2018-03-18,12.21,4.0,19.55,8.0,95.98,32.0,5.63,2.28,19.16,6.6
2018-03-19,0.0,0.0,26.33,3.0,139.41,28.0,0.0,0.0,18.0,2.95
2018-03-20,8.2,2.0,31.61,8.0,98.8,26.0,0.63,0.95,11.4,4.01
2018-03-21,0.87,1.0,3.37,2.0,57.99,7.0,1.28,1.01,11.34,2.21
2018-03-22,4.38,5.0,13.69,8.0,30.4,14.0,9.46,6.14,17.51,8.97
2018-03-23,11.9,5.0,15.75,7.0,91.74,23.0,5.08,3.81,19.57,6.24
2018-03-24,5.76,4.0,16.75,7.0,140.42,31.0,7.77,3.52,17.95,6.78
2018-03-25,0.0,0.0,12.36,2.0,62.55,14.0,0.08,0.01,6.45,2.96
2018-03-26,4.19,3.0,6.4,4.0,57.45,18.0,0.41,0.91,16.96,4.23
2018-03-27,13.73,3.0,13.73,3.0,78.67,22.0,4.87,1.52,14.83,3.9
2018-03-28,16.48,5.0,46.11,13.0,186.91,50.0,14.78,5.87,24.17,8.62
2018-03-29,9.96,2.0,20.26,6.0,95.48,28.0,8.11,2.4,10.3,3.81
2018-03-30,14.86,2.0,18.19,5.0,187.64,33.0,10.21,3.42,25.1,8.27
2018-03-31,0.0,0.0,10.63,4.0,41.47,10.0,0.28,0.16,5.9,1.11
2018-04-01,0.79,1.0,5.2,2.0,21.7,8.0,1.3,0.29,1.3,0.3
2018-04-02,0.77,1.0,7.81,3.0,34.64,8.0,3.16,0.93,5.37,1.34
2018-04-03,7.74,4.0,21.85,7.0,162.89,26.0,0.73,0.17,7.78,4.04
2018-04-04,0.5,1.0,3.71,2.0,60.53,19.0,2.6,0.96,37.39,11.56
2018-04-05,0.0,0.0,0.0,0.0,22.62,8.0,0.0,0.0,12.94,4.26
2018-04-06,0.0,0.0,0.0,0.0,1.27,2.0,0.0,0.0,0.86,1.42
2018-04-07,10.99,2.0,14.49,4.0,31.41,12.0,0.4,0.72,3.41,1.77
2018-04-08,4.07,5.0,13.63,10.0,61.14,22.0,1.1,0.68,22.44,4.42
2018-04-09,0.0,0.0,0.0,0.0,0.0,0.0,0.0,0.0,0.0,0.0
2018-04-10,0.0,0.0,33.91,12.0,64.59,22.0,19.71,3.99,27.59,6.63
2018-04-11,0.0,0.0,3.95,1.0,28.44,6.0,3.92,0.99,13.66,3.16
2018-04-12,13.27,5.0,25.09,9.0,34.58,14.0,6.92,3.29,8.72,4.53
2018-04-13,7.03,5.0,40.35,13.0,83.33,23.0,8.13,5.99,17.95,7.51
2018-04-14,12.6,3.0,36.55,10.0,126.89,27.0,21.23,5.43,40.08,8.47
2018-04-15,0.0,0.0,95.15,9.0,214.54,24.0,0.53,0.34,0.77,1.12
2018-04-16,8.31,5.0,254.89,20.0,329.79,33.0,6.73,4.2,6.73,4.2
2018-04-17,13.77,4.0,26.73,10.0,41.4,16.0,6.08,3.55,16.28,7.47
2018-04-18,66.24,12.0,515.97,34.0,767.97,69.0,415.8,19.92,454.11,26.85
2018-04-19,45.42,10.0,234.17,35.0,488.23,61.0,75.75,18.76,160.07,29.88
2018-04-20,0.0,0.0,23.69,4.0,100.37,17.0,11.22,1.79,11.22,1.79
2018-04-21,4.26,2.0,79.14,17.0,184.55,38.0,43.7,7.56,103.6,16.68
2018-04-22,0.0,0.0,178.0,29.0,413.06,73.0,128.06,18.06,285.2,39.37
2018-04-23,24.83,3.0,144.8,25.0,502.98,78.0,85.79,14.46,255.26,31.21
2018-04-24,31.81,6.0,309.34,41.0,822.64,105.0,105.96,16.88,345.92,30.53
2018-04-25,52.59,4.0,426.1,34.0,694.69,84.0,219.58,15.33,223.93,16.04
2018-04-26,24.15,5.0,334.9,55.0,646.18,99.0,31.55,6.04,123.77,24.71
2018-04-27,8.24,3.0,140.54,28.0,360.74,70.0,12.46,3.44,27.45,7.45
2018-04-28,10.34,5.0,167.12,31.0,328.15,72.0,8.97,5.17,15.42,7.03
2018-04-29,144.42,22.0,908.81,111.0,1623.01,198.0,36.34,5.57,107.44,21.72
2018-04-30,66.37,9.0,834.95,55.0,1221.62,128.0,52.28,6.74,72.77,15.6
2018-05-01,40.05,11.0,233.0,54.0,724.81,143.0,26.44,5.75,43.39,10.74
2018-05-02,14.7,2.0,56.61,15.0,393.68,69.0,4.72,1.25,31.29,6.62
2018-05-03,6.68,2.0,43.82,12.0,500.81,90.0,0.36,0.14,7.02,2.07
2018-05-04,44.77,12.0,396.8,80.0,1666.57,293.0,38.31,7.75,70.52,17.51
2018-05-05,179.52,31.0,1539.54,212.0,4479.22,647.0,223.5,33.77,1015.24,169.33
2018-05-06,37.82,10.0,224.32,39.0,2005.31,305.0,51.69,9.33,1586.78,228.34
2018-05-07,224.88,25.0,582.73,78.0,2103.76,326.0,244.52,33.84,1133.41,182.88
2018-05-08,40.78,11.0,259.43,36.0,1565.04,320.0,196.89,22.05,1316.18,263.56
2018-05-09,57.73,5.0,173.78,23.0,1075.96,181.0,18.08,4.78,744.87,139.01
2018-05-10,59.31,11.0,608.03,108.0,3701.23,600.0,402.71,71.06,2579.11,403.81
2018-05-11,7.76,1.0,161.61,24.0,1669.97,257.0,39.29,5.66,256.77,35.03
2018-05-12,33.73,12.0,359.48,67.0,1774.29,308.0,56.43,19.37,131.36,31.15
2018-05-13,1.18,1.0,101.69,30.0,911.67,212.0,5.71,2.8,125.16,29.67
2018-05-14,0.0,0.0,19.58,7.0,81.14,20.0,6.64,2.53,14.47,5.36
2018-05-15,3.46,1.0,77.7,16.0,319.88,80.0,9.99,3.02,61.49,16.84
2018-05-16,11.48,2.0,17.0,6.0,202.37,60.0,6.3,3.39,53.82,14.01
2018-05-17,2.75,1.0,65.27,9.0,335.18,65.0,16.41,2.32,152.62,32.48
2018-05-18,2.22,1.0,95.65,22.0,271.94,86.0,31.81,6.57,117.37,36.94
2018-05-19,7.58,2.0,16.42,5.0,452.5,92.0,0.66,0.11,11.12,1.73
2018-05-20,21.04,7.0,69.61,18.0,478.41,112.0,33.04,7.04,201.99,43.29
2018-05-21,34.04,8.0,108.26,23.0,752.8,150.0,41.93,8.79,262.0,48.19
2018-05-22,18.44,3.0,19.05,4.0,355.76,84.0,15.67,2.38,159.5,37.48
2018-05-23,42.11,7.0,56.98,9.0,337.3,69.0,7.85,1.84,102.11,29.26
2018-05-24,4.67,1.0,46.6,8.0,287.83,69.0,3.75,0.91,166.05,37.61
2018-05-25,21.49,3.0,40.49,6.0,349.17,47.0,24.13,3.27,31.89,4.88
2018-05-26,3.57,3.0,67.34,13.0,646.77,121.0,38.08,5.88,64.42,11.1
2018-05-27,33.07,4.0,33.07,4.0,400.71,88.0,0.83,0.45,0.83,0.45
2018-05-28,4.15,1.0,23.69,6.0,237.26,48.0,12.37,3.01,82.58,17.67
2018-05-29,4.95,2.0,31.71,8.0,137.76,22.0,4.37,0.65,8.95,3.08
2018-05-30,1.92,1.0,1.92,1.0,48.1,7.0,0.0,0.0,0.0,0.0
2018-05-31,2.3,2.0,23.32,7.0,153.41,27.0,10.63,1.96,101.1,8.61
2018-06-01,3.88,2.0,8.54,4.0,41.23,14.0,1.01,0.43,9.84,3.32
2018-06-02,2.56,2.0,5.22,4.0,8.84,6.0,1.78,1.31,1.78,1.31
2018-06-03,5.87,3.0,11.1,6.0,55.02,20.0,6.26,3.42,6.73,3.53
2018-06-04,0.0,0.0,0.0,0.0,24.81,7.0,0.0,0.0,0.0,0.0
2018-06-05,3.05,2.0,3.05,2.0,39.37,10.0,0.0,0.0,26.12,4.17
2018-06-06,5.71,3.0,6.12,4.0,7.21,5.0,0.56,0.62,1.59,1.57
2018-06-07,7.19,2.0,7.19,2.0,15.15,4.0,0.0,0.0,0.22,0.06
2018-06-08,0.0,0.0,0.0,0.0,4.73,1.0,0.0,0.0,0.0,0.0
2018-06-09,0.0,0.0,0.0,0.0,0.0,0.0,0.0,0.0,0.0,0.0
2018-06-10,0.0,0.0,15.5,2.0,35.17,6.0,0.0,0.0,4.23,0.91
2018-06-11,2.01,2.0,8.16,3.0,22.52,9.0,1.44,1.44,5.09,3.21
2018-06-12,0.0,0.0,0.0,0.0,8.86,2.0,0.0,0.0,0.0,0.0
2018-06-13,0.0,0.0,0.0,0.0,16.8,3.0,0.0,0.0,0.0,0.0
2018-06-14,0.0,0.0,0.0,0.0,1.74,1.0,0.0,0.0,0.0,0.0
2018-06-15,0.86,1.0,0.86,1.0,6.68,3.0,0.0,0.0,0.0,0.0
2018-06-16,0.0,0.0,1.43,1.0,7.21,3.0,1.37,0.95,1.37,0.95
2018-06-17,0.0,0.0,0.0,0.0,3.85,1.0,0.0,0.0,0.0,0.0
2018-06-18,6.44,1.0,6.44,1.0,9.14,3.0,6.43,1.0,7.55,1.83
2018-06-19,1.01,1.0,2.72,2.0,10.4,4.0,2.0,1.56,4.16,2.31
2018-06-20,0.0,0.0,13.79,3.0,15.92,4.0,0.0,0.0,1.98,0.93
2018-06-21,4.33,2.0,4.33,2.0,12.59,4.0,2.36,1.16,6.47,2.17
2018-06-22,0.0,0.0,0.0,0.0,19.53,7.0,0.0,0.0,10.37,3.36
2018-06-23,0.0,0.0,0.0,0.0,0.0,0.0,0.0,0.0,0.0,0.0
2018-06-24,0.0,0.0,5.87,2.0,41.48,9.0,0.0,0.0,6.89,0.76
2018-06-25,0.0,0.0,2.59,1.0,8.13,3.0,0.0,0.0,0.0,0.0
2018-06-26,0.0,0.0,0.0,0.0,0.0,0.0,0.0,0.0,0.0,0.0
2018-06-27,5.4,2.0,15.52,4.0,20.25,6.0,0.0,0.0,2.35,1.26
2018-06-28,0.0,0.0,0.0,0.0,0.0,0.0,0.0,0.0,0.0,0.0
2018-06-29,0.0,0.0,0.0,0.0,0.0,0.0,0.0,0.0,0.0,0.0
2018-06-30,0.0,0.0,0.0,0.0,3.68,1.0,0.0,0.0,0.21,0.06
2018-07-01,0.0,0.0,0.0,0.0,0.0,0.0,0.0,0.0,0.0,0.0
2018-07-02,0.0,0.0,0.0,0.0,0.0,0.0,0.0,0.0,0.0,0.0
2018-07-03,11.48,2.0,11.48,2.0,11.48,2.0,1.94,0.35,1.94,0.35
2018-07-04,0.0,0.0,0.0,0.0,0.0,0.0,0.0,0.0,0.0,0.0
2018-07-05,0.0,0.0,0.0,0.0,3.89,1.0,0.0,0.0,0.0,0.0
2018-07-06,0.0,0.0,1.03,1.0,1.03,1.0,0.17,0.17,0.17,0.17
2018-07-07,0.0,0.0,2.47,1.0,2.47,1.0,2.1,0.85,2.1,0.85
2018-07-08,1.78,3.0,1.78,3.0,9.46,5.0,1.13,1.91,6.16,3.01
2018-07-09,0.0,0.0,0.0,0.0,0.0,0.0,0.0,0.0,0.0,0.0
2018-07-10,0.0,0.0,10.08,1.0,14.24,2.0,0.0,0.0,3.53,0.85
2018-07-11,0.0,0.0,0.0,0.0,0.0,0.0,0.0,0.0,0.0,0.0
2018-07-12,0.0,0.0,0.0,0.0,0.0,0.0,0.0,0.0,0.0,0.0
2018-07-13,1.54,1.0,1.54,1.0,1.54,1.0,0.0,0.0,0.0,0.0
2018-07-14,4.92,4.0,4.92,4.0,4.92,4.0,0.0,0.0,0.0,0.0
2018-07-15,0.0,0.0,0.0,0.0,0.0,0.0,0.0,0.0,0.0,0.0
2018-07-16,0.0,0.0,0.0,0.0,0.0,0.0,0.0,0.0,0.0,0.0
2018-07-17,2.29,2.0,2.29,2.0,2.29,2.0,0.0,0.0,0.0,0.0
2018-07-18,0.0,0.0,0.0,0.0,0.0,0.0,0.0,0.0,0.0,0.0
2018-07-19,0.0,0.0,0.0,0.0,0.0,0.0,0.0,0.0,0.0,0.0
2018-07-20,0.0,0.0,0.0,0.0,0.0,0.0,0.0,0.0,0.0,0.0
2018-07-21,0.0,0.0,0.0,0.0,0.0,0.0,0.0,0.0,0.0,0.0
2018-07-22,0.0,0.0,0.0,0.0,0.0,0.0,0.0,0.0,0.0,0.0
2018-07-23,2.27,3.0,2.27,3.0,2.27,3.0,0.0,0.0,0.0,0.0
2018-07-24,1.34,2.0,1.34,2.0,1.34,2.0,0.0,0.0,0.0,0.0
2018-07-25,0.0,0.0,0.0,0.0,0.0,0.0,0.0,0.0,0.0,0.0
2018-07-26,0.0,0.0,0.0,0.0,0.0,0.0,0.0,0.0,0.0,0.0
2018-07-27,0.0,0.0,0.0,0.0,0.0,0.0,0.0,0.0,0.0,0.0
2018-07-28,0.0,0.0,0.0,0.0,0.0,0.0,0.0,0.0,0.0,0.0
2018-07-29,0.0,0.0,0.0,0.0,0.0,0.0,0.0,0.0,0.0,0.0
2018-07-30,0.0,0.0,0.0,0.0,0.0,0.0,0.0,0.0,0.0,0.0
2018-07-31,0.0,0.0,0.0,0.0,0.0,0.0,0.0,0.0,0.0,0.0
2018-08-01,1.3,2.0,1.3,2.0,1.3,2.0,0.37,0.62,0.37,0.62
2018-08-02,0.0,0.0,0.0,0.0,0.0,0.0,0.0,0.0,0.0,0.0
2018-08-03,2.75,3.0,2.75,3.0,2.75,3.0,0.05,0.04,0.05,0.04
2018-08-04,0.0,0.0,0.0,0.0,0.0,0.0,0.0,0.0,0.0,0.0
2018-08-05,0.0,0.0,0.0,0.0,0.0,0.0,0.0,0.0,0.0,0.0
2018-08-06,0.0,0.0,0.0,0.0,0.0,0.0,0.0,0.0,0.0,0.0
2018-08-07,0.0,0.0,0.0,0.0,0.0,0.0,0.0,0.0,0.0,0.0
2018-08-08,0.55,1.0,0.55,1.0,0.55,1.0,0.0,0.0,0.0,0.0
2018-08-09,12.17,5.0,12.17,5.0,15.74,7.0,4.21,1.15,5.76,2.07
2018-08-10,0.0,0.0,0.0,0.0,3.48,1.0,0.0,0.0,0.1,0.03
2018-08-11,0.0,0.0,0.0,0.0,0.0,0.0,0.0,0.0,0.0,0.0
2018-08-12,0.0,0.0,0.0,0.0,0.0,0.0,0.0,0.0,0.0,0.0
2018-08-13,0.0,0.0,0.0,0.0,0.0,0.0,0.0,0.0,0.0,0.0
2018-08-14,0.0,0.0,0.0,0.0,2.6,1.0,0.0,0.0,0.0,0.0
2018-08-15,0.0,0.0,0.0,0.0,0.0,0.0,0.0,0.0,0.0,0.0
2018-08-16,0.0,0.0,0.0,0.0,1.99,1.0,0.0,0.0,0.0,0.0
2018-08-17,0.0,0.0,0.0,0.0,0.0,0.0,0.0,0.0,0.0,0.0
2018-08-18,0.0,0.0,0.0,0.0,1.15,1.0,0.0,0.0,1.08,0.94
2018-08-19,0.0,0.0,0.0,0.0,0.0,0.0,0.0,0.0,0.0,0.0
2018-08-20,0.44,1.0,0.44,1.0,0.44,1.0,0.27,0.61,0.27,0.61
2018-08-21,6.29,1.0,6.29,1.0,6.29,1.0,0.0,0.0,0.0,0.0
2018-08-22,0.0,0.0,0.0,0.0,0.0,0.0,0.0,0.0,0.0,0.0
2018-08-23,0.0,0.0,0.0,0.0,0.0,0.0,0.0,0.0,0.0,0.0
2018-08-24,0.0,0.0,0.0,0.0,0.0,0.0,0.0,0.0,0.0,0.0
2018-08-25,0.0,0.0,0.0,0.0,3.17,1.0,0.0,0.0,0.0,0.0
2018-08-26,0.0,0.0,0.0,0.0,0.0,0.0,0.0,0.0,0.0,0.0
2018-08-27,0.0,0.0,0.0,0.0,0.0,0.0,0.0,0.0,0.0,0.0
2018-08-28,0.0,0.0,0.0,0.0,0.0,0.0,0.0,0.0,0.0,0.0
2018-08-29,0.0,0.0,0.0,0.0,0.0,0.0,0.0,0.0,0.0,0.0
2018-08-30,0.0,0.0,0.0,0.0,3.85,1.0,0.0,0.0,0.0,0.0
2018-08-31,0.0,0.0,0.0,0.0,0.0,0.0,0.0,0.0,0.0,0.0
2018-09-01,0.0,0.0,0.0,0.0,0.0,0.0,0.0,0.0,0.0,0.0
2018-09-02,0.0,0.0,0.0,0.0,0.0,0.0,0.0,0.0,0.0,0.0
2018-09-03,0.0,0.0,0.0,0.0,0.0,0.0,0.0,0.0,0.0,0.0
2018-09-04,0.0,0.0,0.0,0.0,0.0,0.0,0.0,0.0,0.0,0.0
2018-09-05,1.44,1.0,1.44,1.0,1.44,1.0,1.02,0.71,1.02,0.71
2018-09-06,0.0,0.0,0.0,0.0,0.0,0.0,0.0,0.0,0.0,0.0
2018-09-07,0.0,0.0,0.0,0.0,0.0,0.0,0.0,0.0,0.0,0.0
2018-09-08,0.0,0.0,0.0,0.0,0.0,0.0,0.0,0.0,0.0,0.0
2018-09-09,0.0,0.0,0.0,0.0,0.0,0.0,0.0,0.0,0.0,0.0
2018-09-10,0.78,1.0,0.78,1.0,3.82,2.0,0.0,0.0,0.0,0.0
2018-09-11,0.0,0.0,0.0,0.0,1.17,1.0,0.0,0.0,0.0,0.0
2018-09-12,0.0,0.0,0.0,0.0,1.08,1.0,0.0,0.0,0.12,0.11
2018-09-13,0.0,0.0,0.82,1.0,0.82,1.0,0.78,0.95,0.78,0.95
2018-09-14,0.59,1.0,0.59,1.0,9.71,3.0,0.36,0.61,0.43,0.63
2018-09-15,2.63,2.0,2.63,2.0,25.42,8.0,1.57,1.11,12.29,3.03
2018-09-16,0.0,0.0,0.0,0.0,11.0,3.0,0.0,0.0,3.9,1.07
2018-09-17,0.0,0.0,0.0,0.0,0.0,0.0,0.0,0.0,0.0,0.0
2018-09-18,0.79,1.0,0.79,1.0,17.77,3.0,0.0,0.0,11.95,1.41
2018-09-19,0.0,0.0,0.0,0.0,27.92,5.0,0.0,0.0,23.69,4.14
2018-09-20,0.0,0.0,3.64,1.0,52.4,9.0,0.43,0.12,10.16,1.87
2018-09-21,0.0,0.0,4.34,1.0,146.07,32.0,0.0,0.0,0.0,0.0
2018-09-22,0.0,0.0,0.0,0.0,0.0,0.0,0.0,0.0,0.0,0.0
2018-09-23,0.0,0.0,0.0,0.0,0.0,0.0,0.0,0.0,0.0,0.0
2018-09-24,0.0,0.0,0.0,0.0,0.35,1.0,0.0,0.0,0.0,0.0
2018-09-25,0.0,0.0,0.0,0.0,0.0,0.0,0.0,0.0,0.0,0.0
2018-09-26,0.0,0.0,1.94,1.0,1.94,1.0,0.85,0.44,0.85,0.44
2018-09-27,1.25,1.0,1.25,1.0,1.25,1.0,1.15,0.92,1.15,0.92
2018-09-28,0.0,0.0,0.0,0.0,0.0,0.0,0.0,0.0,0.0,0.0
2018-09-29,0.0,0.0,3.45,1.0,3.45,1.0,0.0,0.0,0.0,0.0
2018-09-30,0.0,0.0,11.54,1.0,18.86,2.0,0.0,0.0,3.09,0.42
2018-10-01,3.98,4.0,21.63,9.0,43.94,15.0,3.91,4.8,11.57,7.33
2018-10-02,5.13,1.0,8.46,2.0,76.53,24.0,1.58,0.47,26.58,8.58
2018-10-03,0.0,0.0,2.72,1.0,21.2,5.0,0.0,0.0,0.79,0.2
2018-10-04,1.1,2.0,1.1,2.0,49.44,18.0,0.2,0.66,25.06,8.93
2018-10-05,0.0,0.0,4.68,1.0,120.17,23.0,4.68,1.0,109.87,19.66
2018-10-06,3.96,3.0,26.67,8.0,280.86,66.0,4.47,3.49,184.18,44.3
2018-10-07,22.08,11.0,66.48,27.0,704.9,203.0,7.79,6.95,585.51,160.44
2018-10-08,1.4,1.0,15.39,5.0,182.97,48.0,8.55,2.51,25.77,8.11
2018-10-09,0.0,0.0,16.96,5.0,205.49,48.0,2.32,0.69,38.76,8.85
2018-10-10,0.0,0.0,47.57,8.0,188.19,34.0,2.87,0.58,9.78,2.44
2018-10-11,14.65,3.0,55.97,10.0,369.3,87.0,0.02,0.0,2.42,0.73
2018-10-12,3.22,2.0,77.93,21.0,571.38,155.0,7.11,3.61,281.99,78.08
2018-10-13,1.74,2.0,125.34,26.0,780.45,170.0,32.36,4.83,639.45,133.91
2018-10-14,26.81,4.0,159.84,23.0,852.02,145.0,0.73,2.0,385.34,65.67
2018-10-15,0.0,0.0,96.85,13.0,548.5,104.0,0.0,0.0,329.72,64.0
2018-10-16,1.2,2.0,34.95,6.0,609.8,125.0,12.19,1.61,17.45,2.81
2018-10-17,1.07,2.0,303.13,59.0,1431.94,290.0,8.1,1.82,28.5,8.45
2018-10-18,19.37,8.0,203.08,56.0,1395.0,305.0,1.61,0.91,98.84,31.39
2018-10-19,7.24,2.0,250.2,56.0,1207.31,218.0,0.0,0.0,863.23,141.09
2018-10-20,0.0,0.0,124.59,24.0,915.15,159.0,0.0,0.0,590.09,100.24
2018-10-21,21.45,6.0,220.77,33.0,1385.93,207.0,7.6,2.84,1095.23,158.36
2018-10-22,21.13,9.0,451.59,67.0,1098.3,181.0,1.83,2.67,398.69,68.61
2018-10-23,4.64,2.0,352.13,75.0,1145.89,252.0,1.81,1.56,311.65,66.81
2018-10-24,0.0,0.0,268.05,42.0,994.72,168.0,0.0,0.0,124.24,29.73
2018-10-25,2.15,1.0,290.67,66.0,752.61,163.0,0.0,0.0,135.7,29.1
2018-10-26,0.83,2.0,80.12,16.0,582.53,126.0,1.51,2.5,423.74,93.08
2018-10-27,15.93,8.0,417.2,76.0,1315.7,208.0,5.37,3.24,809.39,118.89
2018-10-28,46.99,9.0,852.6,162.0,1875.39,370.0,20.21,4.5,843.2,161.98
2018-10-29,3.42,1.0,386.35,69.0,883.17,174.0,4.16,2.0,323.98,59.83
2018-10-30,0.0,0.0,116.16,26.0,355.89,71.0,1.0,0.93,56.04,16.49
2018-10-31,0.0,0.0,436.15,59.0,958.82,155.0,0.0,0.0,507.07,90.94
2018-11-01,2.92,1.0,247.22,49.0,910.41,158.0,32.81,6.5,54.49,12.98
2018-11-02,35.91,11.0,340.77,75.0,1219.42,240.0,173.5,36.26,184.21,40.0
2018-11-03,21.44,6.0,313.27,63.0,979.95,183.0,13.68,3.07,40.4,13.31
2018-11-04,0.0,0.0,291.49,32.0,513.19,75.0,0.27,0.16,208.36,38.24
2018-11-05,0.0,0.0,24.28,5.0,261.99,55.0,0.0,0.0,189.27,39.52
2018-11-06,11.71,9.0,127.23,37.0,921.05,154.0,3.4,5.66,612.21,92.39
2018-11-07,49.87,12.0,128.82,31.0,1470.71,263.0,5.5,4.77,785.39,138.09
2018-11-08,4.79,3.0,56.95,24.0,945.25,224.0,5.76,3.2,663.45,143.74
2018-11-09,14.49,5.0,68.41,15.0,318.04,73.0,10.97,3.62,225.83,51.18
2018-11-10,4.69,3.0,18.96,7.0,217.1,42.0,2.12,0.8,32.07,5.65
2018-11-11,1.06,2.0,7.56,5.0,420.67,105.0,0.0,0.0,0.91,0.37
2018-11-12,1.29,1.0,31.72,11.0,630.27,102.0,10.19,3.08,58.98,11.5
2018-11-13,12.46,4.0,35.49,13.0,755.97,158.0,9.47,3.66,12.85,5.83
2018-11-14,0.0,0.0,8.88,5.0,729.05,120.0,4.34,3.09,17.9,6.14
2018-11-15,0.0,0.0,8.67,4.0,210.22,44.0,1.28,1.65,158.59,30.63
2018-11-16,12.74,5.0,25.81,7.0,406.47,73.0,1.44,1.12,305.99,53.21
2018-11-17,7.79,3.0,20.09,5.0,407.93,86.0,12.91,3.0,333.22,68.84
2018-11-18,1.17,1.0,36.92,13.0,550.73,123.0,4.92,2.58,7.14,3.63
2018-11-19,0.46,1.0,1.17,2.0,247.96,50.0,0.0,0.0,1.92,1.69
2018-11-20,8.46,3.0,74.11,12.0,228.28,48.0,44.16,3.94,153.7,27.34
2018-11-21,0.0,0.0,0.0,0.0,183.44,30.0,0.0,0.0,106.35,17.36
2018-11-22,0.64,1.0,47.28,15.0,191.29,43.0,5.91,2.97,119.63,22.32
2018-11-23,0.0,0.0,34.36,13.0,292.22,74.0,28.54,10.4,240.03,55.74
2018-11-24,3.44,2.0,106.81,15.0,266.56,67.0,44.61,4.38,127.62,25.43
2018-11-25,0.0,0.0,35.08,11.0,167.19,47.0,12.63,3.38,85.96,24.56
2018-11-26,2.93,1.0,10.84,2.0,52.19,15.0,0.52,0.18,22.61,5.96
2018-11-27,3.37,1.0,39.61,11.0,59.51,15.0,8.06,2.68,17.1,3.9
2018-11-28,19.98,4.0,77.5,19.0,153.28,44.0,48.52,11.27,83.2,22.97
2018-11-29,6.74,4.0,116.02,34.0,213.9,68.0,25.55,7.9,39.96,12.5
2018-11-30,5.76,2.0,35.4,11.0,133.89,40.0,8.47,3.02,39.01,11.17
2018-12-01,0.35,1.0,34.92,11.0,107.34,29.0,10.24,2.85,36.0,6.33
2018-12-02,2.7,1.0,21.54,7.0,64.07,21.0,8.54,2.7,32.37,9.37
2018-12-03,0.0,0.0,24.34,6.0,79.35,23.0,9.12,2.38,36.46,10.4
2018-12-04,0.45,1.0,161.1,44.0,262.95,72.0,32.2,10.2,68.89,18.54
2018-12-05,1.85,3.0,115.95,40.0,241.06,87.0,15.73,6.39,65.86,23.93
2018-12-06,7.95,2.0,35.91,13.0,113.96,44.0,9.15,3.27,52.66,21.0
2018-12-07,0.0,0.0,44.76,15.0,114.9,40.0,23.23,7.84,48.35,16.55
2018-12-08,5.98,2.0,22.51,10.0,111.65,40.0,7.27,3.32,48.59,14.63
2018-12-09,57.48,12.0,154.16,37.0,311.38,75.0,78.19,19.53,141.59,37.84
2018-12-10,6.47,3.0,95.3,32.0,202.06,73.0,29.51,11.32,52.26,20.55
2018-12-11,5.32,2.0,60.45,17.0,146.91,38.0,20.32,6.26,45.15,13.73
2018-12-12,5.19,1.0,6.91,2.0,6.91,2.0,6.23,1.62,6.23,1.62
2018-12-13,1.83,1.0,12.7,6.0,29.17,13.0,3.36,1.95,7.0,2.91
2018-12-14,11.34,4.0,56.97,20.0,135.3,44.0,17.38,6.3,41.46,13.71
2018-12-15,14.23,5.0,120.05,47.0,290.57,109.0,27.49,9.21,90.5,30.93
2018-12-16,16.38,4.0,124.96,44.0,272.72,96.0,33.23,11.1,100.14,32.88
2018-12-17,0.93,1.0,15.63,7.0,68.2,27.0,10.75,5.42,45.29,18.34
2018-12-18,32.51,8.0,47.65,15.0,77.2,29.0,3.89,1.66,14.61,5.66
2018-12-19,30.4,5.0,98.92,22.0,160.46,42.0,15.78,3.52,33.63,7.59
2018-12-20,12.12,8.0,144.3,48.0,326.46,101.0,42.58,14.07,99.23,31.75
2018-12-21,12.78,5.0,111.48,40.0,195.73,74.0,20.55,6.68,35.12,10.2
2018-12-22,7.81,3.0,101.65,33.0,183.45,59.0,11.11,6.34,23.91,9.28
2018-12-23,2.39,1.0,75.23,15.0,131.33,33.0,6.22,1.0,11.01,3.76
2018-12-24,9.44,3.0,50.91,21.0,124.47,48.0,22.42,8.5,51.29,16.97
2018-12-25,3.33,3.0,43.37,11.0,173.56,45.0,3.17,2.37,28.73,8.43
2018-12-26,7.94,3.0,70.41,27.0,217.95,71.0,11.74,4.18,79.44,20.29
2018-12-27,12.95,4.0,104.11,26.0,188.3,57.0,37.41,7.24,53.9,15.52
2018-12-28,0.87,1.0,11.96,5.0,27.03,12.0,2.65,1.22,10.77,5.75
2018-12-29,16.09,3.0,65.63,19.0,101.86,31.0,5.81,2.37,19.71,6.37
2018-12-30,9.93,4.0,91.58,27.0,211.22,59.0,28.63,8.53,84.82,22.95
2018-12-31,8.17,5.0,96.63,32.0,209.7,68.0,18.56,6.46,33.77,12.39
2019-01-01,25.57,9.0,93.96,31.0,184.72,65.0,38.14,11.95,82.11,29.43
2019-01-02,0.0,0.0,31.25,9.0,105.35,33.0,13.4,4.06,54.07,19.25
2019-01-03,0.0,0.0,16.31,4.0,64.63,19.0,0.78,0.33,22.55,5.78
2019-01-04,0.55,1.0,7.15,2.0,7.15,2.0,1.17,0.74,1.17,0.74
2019-01-05,9.02,4.0,35.13,15.0,86.01,30.0,19.62,6.64,47.62,13.79
2019-01-06,0.0,0.0,9.59,4.0,58.43,18.0,8.17,3.46,38.13,11.53
2019-01-07,0.0,0.0,11.63,4.0,60.58,19.0,1.67,1.23,15.13,6.45
2019-01-08,2.68,3.0,6.81,5.0,10.62,8.0,2.16,2.61,2.49,3.22
2019-01-09,4.47,2.0,38.97,13.0,82.97,26.0,1.24,0.57,2.8,1.11
2019-01-10,27.27,8.0,38.86,12.0,92.52,23.0,5.72,5.78,21.5,10.55
2019-01-11,7.2,3.0,115.41,42.0,216.86,74.0,53.24,19.7,88.41,31.5
2019-01-12,15.67,4.0,62.36,15.0,131.9,34.0,8.2,2.04,15.64,4.39
2019-01-13,4.04,2.0,15.05,7.0,63.89,19.0,12.25,5.69,41.33,14.65
2019-01-14,11.32,3.0,47.84,9.0,156.47,33.0,14.77,3.8,26.42,8.74
2019-01-15,0.6,1.0,2.62,3.0,2.62,3.0,0.52,0.92,0.52,0.92
2019-01-16,5.38,2.0,22.27,8.0,37.46,15.0,5.4,2.01,7.41,3.03
2019-01-17,41.8,5.0,112.71,29.0,166.96,52.0,33.48,10.37,54.05,17.79
2019-01-18,0.0,0.0,7.94,2.0,60.56,13.0,0.82,0.2,3.72,0.77
2019-01-19,0.0,0.0,12.11,4.0,29.15,9.0,5.64,1.98,6.0,2.2
2019-01-20,7.46,2.0,40.15,7.0,99.44,23.0,3.6,1.09,9.72,3.26
2019-01-21,0.0,0.0,48.14,2.0,52.89,4.0,0.0,0.0,0.0,0.0
2019-01-22,0.0,0.0,0.0,0.0,0.0,0.0,0.0,0.0,0.0,0.0
2019-01-23,0.0,0.0,0.0,0.0,0.0,0.0,0.0,0.0,0.0,0.0
2019-01-24,0.0,0.0,0.0,0.0,0.0,0.0,0.0,0.0,0.0,0.0
2019-01-25,0.0,0.0,0.0,0.0,8.2,4.0,0.0,0.0,3.7,1.26
2019-01-26,8.31,3.0,20.86,8.0,59.2,20.0,10.52,4.57,20.02,6.66
2019-01-27,0.0,0.0,22.26,6.0,75.26,23.0,6.4,1.93,35.74,10.82
2019-01-28,3.9,1.0,71.22,14.0,133.81,27.0,5.68,1.32,34.52,4.26
2019-01-29,5.48,3.0,10.43,4.0,77.28,26.0,2.32,1.27,27.19,8.91
2019-01-30,2.37,1.0,2.37,1.0,2.37,1.0,0.0,0.0,0.0,0.0
2019-01-31,9.18,3.0,24.06,6.0,42.46,9.0,0.06,0.01,11.26,1.42
2019-02-01,2.57,1.0,43.06,12.0,94.99,29.0,21.21,7.17,48.33,16.29
2019-02-02,5.78,1.0,48.39,14.0,147.97,47.0,5.21,2.14,25.29,6.91
2019-02-03,0.0,0.0,3.24,1.0,15.68,6.0,0.0,0.0,10.65,3.2
2019-02-04,10.79,3.0,28.01,10.0,47.33,18.0,5.51,2.14,13.94,4.8
2019-02-05,0.0,0.0,11.69,2.0,53.12,16.0,7.68,1.36,17.88,5.63
2019-02-06,4.52,2.0,30.21,13.0,154.65,38.0,0.52,0.34,18.62,4.08
2019-02-07,0.0,0.0,0.0,0.0,0.0,0.0,0.0,0.0,0.0,0.0
2019-02-08,0.7,2.0,0.7,2.0,0.7,2.0,0.6,1.73,0.6,1.73
2019-02-09,0.0,0.0,0.0,0.0,4.56,2.0,0.0,0.0,2.94,1.29
2019-02-10,1.97,1.0,21.31,4.0,39.21,7.0,6.72,1.0,17.09,2.86
2019-02-11,0.0,0.0,34.81,9.0,82.52,19.0,11.55,3.42,20.75,5.38
2019-02-12,18.53,1.0,25.2,4.0,112.73,26.0,14.47,1.58,44.11,11.96
2019-02-13,0.0,0.0,10.19,2.0,22.23,6.0,0.0,0.0,0.0,0.0
2019-02-14,0.0,0.0,0.0,0.0,1.64,1.0,0.0,0.0,1.41,0.86
2019-02-15,0.0,0.0,0.0,0.0,0.0,0.0,0.0,0.0,0.0,0.0
2019-02-16,0.0,0.0,0.0,0.0,7.47,2.0,0.0,0.0,4.97,0.71
2019-02-17,4.21,2.0,19.81,7.0,25.87,10.0,9.78,2.97,11.55,3.83
2019-02-18,0.0,0.0,6.26,2.0,57.02,13.0,0.0,0.0,4.95,0.97
2019-02-19,0.0,0.0,3.61,1.0,30.14,7.0,2.93,0.81,8.81,2.14
2019-02-20,0.0,0.0,0.0,0.0,0.0,0.0,0.0,0.0,0.0,0.0
2019-02-21,0.32,1.0,1.24,2.0,12.09,5.0,0.0,0.0,0.33,0.11
2019-02-22,6.15,3.0,31.93,12.0,106.11,37.0,13.6,5.08,40.85,15.27
2019-02-23,12.66,5.0,29.07,11.0,158.42,52.0,11.09,4.67,29.21,12.09
2019-02-24,7.4,5.0,70.51,29.0,214.88,51.0,39.67,15.31,115.7,29.86
2019-02-25,0.0,0.0,59.28,8.0,127.17,30.0,32.3,3.87,42.17,8.64
2019-02-26,0.0,0.0,0.0,0.0,7.32,1.0,0.0,0.0,0.0,0.0
2019-02-27,0.57,1.0,23.06,5.0,40.86,8.0,22.25,4.38,35.56,6.37
2019-02-28,8.19,5.0,27.05,13.0,82.69,35.0,18.9,9.53,57.19,24.12
2019-03-01,12.29,2.0,30.32,7.0,95.05,20.0,13.29,3.7,37.53,9.82
2019-03-02,0.0,0.0,0.0,0.0,0.0,0.0,0.0,0.0,0.0,0.0
2019-03-03,0.0,0.0,0.0,0.0,0.0,0.0,0.0,0.0,0.0,0.0
2019-03-04,1.88,4.0,17.12,9.0,24.92,12.0,6.77,3.67,10.92,5.28
2019-03-05,10.44,2.0,27.48,10.0,80.75,29.0,3.73,2.53,13.26,7.0
2019-03-06,5.59,4.0,40.19,13.0,156.42,37.0,7.43,3.36,25.44,7.77
2019-03-07,2.32,1.0,22.22,6.0,126.54,23.0,13.05,2.49,54.19,7.48
2019-03-08,0.0,0.0,0.0,0.0,61.21,7.0,0.0,0.0,44.28,3.85
2019-03-09,8.1,3.0,19.11,7.0,147.67,20.0,12.76,5.1,38.67,7.53
2019-03-10,1.27,2.0,20.41,9.0,129.84,33.0,8.18,4.37,66.04,19.34
2019-03-11,0.0,0.0,16.29,6.0,37.01,11.0,11.65,2.95,21.55,5.27
2019-03-12,0.0,0.0,12.24,3.0,26.55,7.0,8.12,1.87,19.53,4.97
2019-03-13,0.0,0.0,0.0,0.0,1.34,2.0,0.0,0.0,1.18,1.77
2019-03-14,0.73,2.0,1.26,3.0,10.72,6.0,0.71,1.96,4.56,3.27
2019-03-15,1.87,3.0,11.23,9.0,64.97,27.0,6.27,5.96,23.81,10.45
2019-03-16,14.25,3.0,16.35,4.0,36.41,10.0,2.85,1.84,8.44,3.92
2019-03-17,14.17,3.0,39.08,7.0,89.66,25.0,21.55,3.65,36.29,7.65
2019-03-18,26.15,7.0,32.27,9.0,54.23,16.0,8.94,2.47,12.5,3.86
2019-03-19,7.6,3.0,35.49,9.0,55.21,13.0,20.49,5.71,27.0,7.06
2019-03-20,0.96,2.0,4.44,6.0,45.09,25.0,2.64,2.56,10.19,12.86
2019-03-21,1.41,1.0,38.34,9.0,63.23,15.0,10.6,3.75,24.02,7.02
2019-03-22,3.09,1.0,22.7,7.0,84.38,21.0,6.55,2.65,31.13,6.31
2019-03-23,11.7,4.0,11.7,4.0,42.8,13.0,7.67,2.9,15.75,4.56
2019-03-24,0.0,0.0,0.0,0.0,22.76,8.0,0.0,0.0,7.42,2.08
2019-03-25,0.0,0.0,11.86,3.0,24.46,7.0,6.45,1.6,10.38,3.05
2019-03-26,3.73,4.0,5.18,5.0,32.63,15.0,1.88,1.98,2.28,2.37
2019-03-27,2.94,5.0,11.93,6.0,47.29,17.0,5.23,3.41,16.96,6.44
2019-03-28,0.0,0.0,9.47,2.0,33.77,8.0,0.0,0.0,7.64,0.82
2019-03-29,17.15,3.0,23.32,5.0,36.47,8.0,7.2,2.94,14.48,4.23
2019-03-30,0.0,0.0,1.85,1.0,30.66,7.0,0.0,0.0,7.65,0.73
2019-03-31,1.53,3.0,7.19,5.0,58.01,12.0,5.68,2.72,44.48,6.03
2019-04-01,9.12,4.0,26.47,9.0,64.98,22.0,12.33,2.84,23.46,5.98
2019-04-02,0.0,0.0,0.44,1.0,237.24,25.0,0.0,0.0,102.44,8.05
2019-04-03,1.89,2.0,12.2,5.0,41.9,12.0,0.1,0.1,8.59,3.24
2019-04-04,4.97,2.0,29.46,6.0,32.79,7.0,3.67,0.9,3.67,0.9
2019-04-05,2.23,1.0,4.21,3.0,69.41,13.0,2.45,1.7,56.18,9.41
2019-04-06,5.25,1.0,7.42,2.0,19.87,9.0,0.01,0.0,7.38,4.88
2019-04-07,8.12,2.0,8.12,2.0,58.89,8.0,5.7,1.4,9.93,3.08
2019-04-08,0.0,0.0,4.72,2.0,10.25,5.0,0.0,0.0,0.64,0.82
2019-04-09,0.0,0.0,1.65,1.0,55.1,16.0,1.64,1.0,33.34,10.15
2019-04-10,0.0,0.0,2.41,1.0,86.28,11.0,2.38,0.99,9.26,1.72
2019-04-11,8.18,3.0,16.77,5.0,70.27,16.0,1.78,1.11,15.64,5.39
2019-04-12,0.0,0.0,1.13,3.0,20.49,8.0,0.6,1.4,11.11,3.94
2019-04-13,3.2,3.0,3.49,4.0,28.91,11.0,1.12,2.26,12.13,4.95
2019-04-14,0.0,0.0,5.24,4.0,20.32,15.0,1.92,2.12,8.49,6.68
2019-04-15,1.01,1.0,1.01,1.0,32.56,10.0,0.0,0.0,0.96,0.43
2019-04-16,0.0,0.0,0.0,0.0,0.0,0.0,0.0,0.0,0.0,0.0
2019-04-17,0.0,0.0,2.89,2.0,2.89,2.0,0.0,0.0,0.0,0.0
2019-04-18,0.0,0.0,0.53,1.0,4.36,2.0,0.26,0.49,2.37,1.04
2019-04-19,0.0,0.0,16.26,5.0,25.09,10.0,0.06,0.02,2.14,1.03
2019-04-20,0.0,0.0,24.03,4.0,49.13,9.0,9.63,1.22,10.74,1.38
2019-04-21,35.08,4.0,38.22,5.0,95.24,18.0,30.41,3.58,43.08,7.98
2019-04-22,23.52,6.0,47.57,11.0,196.83,27.0,8.56,2.63,107.8,10.47
2019-04-23,6.72,2.0,18.4,5.0,67.24,21.0,2.13,0.49,26.59,7.78
2019-04-24,0.0,0.0,160.68,13.0,168.95,17.0,5.22,0.64,7.18,1.94
2019-04-25,22.37,4.0,119.51,17.0,138.73,24.0,0.0,0.0,9.72,4.63
2019-04-26,33.48,3.0,107.35,15.0,636.89,71.0,32.25,6.03,340.44,30.29
2019-04-27,138.58,19.0,1188.22,83.0,6687.9,316.0,747.96,43.32,5787.82,232.13
2019-04-28,1.89,2.0,19.7,14.0,2223.86,91.0,7.95,6.87,1829.18,60.45
2019-04-29,63.76,6.0,274.87,27.0,464.18,69.0,139.47,11.58,264.67,43.51
2019-04-30,47.82,9.0,412.64,67.0,1173.95,174.0,68.54,14.58,92.7,17.54
2019-05-01,77.34,18.0,292.36,60.0,526.09,115.0,43.47,7.94,65.17,13.55
2019-05-02,3.84,1.0,204.62,31.0,646.31,89.0,15.97,2.93,159.67,26.31
2019-05-03,27.67,4.0,72.82,13.0,234.76,56.0,33.33,6.05,119.27,28.44
2019-05-04,112.03,14.0,1673.82,125.0,3080.04,279.0,1284.11,87.8,2548.41,219.85
2019-05-05,211.31,43.0,1590.36,250.0,3497.29,464.0,968.63,152.4,2076.75,287.05
2019-05-06,221.59,33.0,2211.27,243.0,5105.09,554.0,1735.47,180.88,4155.47,426.82
2019-05-07,88.9,23.0,1130.61,175.0,3267.96,414.0,666.11,112.07,1676.3,213.23
2019-05-08,262.32,28.0,1435.66,229.0,3615.87,599.0,806.63,146.09,1722.86,291.24
2019-05-09,42.01,9.0,579.66,97.0,4009.82,435.0,328.71,55.98,1985.73,191.92
2019-05-10,96.42,21.0,820.87,147.0,3590.5,570.0,596.05,89.44,2299.57,310.6
2019-05-11,79.24,11.0,705.0,113.0,1940.27,369.0,420.02,73.01,1247.35,216.6
2019-05-12,47.91,11.0,219.87,47.0,1626.94,329.0,160.91,34.9,1114.48,222.58
2019-05-13,109.0,11.0,917.88,111.0,4381.69,515.0,631.55,84.94,3683.78,422.39
2019-05-14,28.13,3.0,129.21,25.0,347.13,75.0,59.23,12.75,211.24,45.46
2019-05-15,9.81,4.0,77.68,20.0,243.08,52.0,0.09,0.04,36.8,7.6
2019-05-16,28.07,8.0,145.72,33.0,549.81,121.0,74.01,15.09,369.16,76.42
2019-05-17,60.11,14.0,340.66,47.0,1067.55,149.0,253.26,27.05,837.98,97.95
2019-05-18,58.94,10.0,117.09,24.0,1265.57,245.0,46.05,12.07,777.86,140.46
2019-05-19,8.43,3.0,125.93,20.0,930.31,168.0,83.33,12.45,490.84,81.32
2019-05-20,135.09,13.0,351.82,55.0,732.26,126.0,177.68,32.06,379.15,71.06
2019-05-21,17.03,6.0,92.78,26.0,830.57,192.0,55.27,13.8,334.79,84.36
2019-05-22,30.42,3.0,81.01,12.0,542.98,111.0,8.09,1.95,29.76,6.92
2019-05-23,30.25,6.0,70.37,17.0,303.01,49.0,26.55,6.61,149.38,22.78
2019-05-24,0.73,1.0,2.26,2.0,115.17,27.0,0.46,0.3,31.86,11.24
2019-05-25,25.63,5.0,93.37,17.0,431.02,96.0,59.73,12.25,289.35,63.05
2019-05-26,13.39,2.0,66.95,11.0,583.18,73.0,40.05,6.14,329.36,42.5
2019-05-27,33.99,6.0,89.15,14.0,524.25,89.0,50.09,8.82,224.21,42.06
2019-05-28,63.88,11.0,111.54,19.0,282.96,53.0,65.44,9.56,109.39,17.01
2019-05-29,20.49,3.0,47.2,8.0,358.42,56.0,11.85,2.3,90.37,15.66
2019-05-30,0.0,0.0,0.0,0.0,120.73,15.0,0.0,0.0,49.14,6.26
2019-05-31,0.0,0.0,12.19,2.0,172.0,22.0,6.43,0.98,42.36,6.3
2019-06-01,7.87,1.0,7.87,1.0,202.48,33.0,7.59,0.96,32.87,6.34
2019-06-02,28.46,3.0,47.84,4.0,92.05,18.0,0.0,0.0,3.03,1.66
2019-06-03,2.39,2.0,99.5,5.0,153.14,22.0,10.1,0.98,11.32,1.78
2019-06-04,8.49,3.0,8.49,3.0,63.65,13.0,0.0,0.0,23.57,3.85
2019-06-05,2.48,1.0,21.75,5.0,35.3,10.0,1.19,0.29,1.47,0.66
2019-06-06,26.25,4.0,42.44,9.0,55.48,14.0,25.61,3.95,32.5,4.95
2019-06-07,0.0,0.0,5.87,1.0,54.03,11.0,0.0,0.0,3.86,0.96
2019-06-08,0.0,0.0,0.0,0.0,67.08,11.0,0.0,0.0,25.1,4.01
2019-06-09,0.0,0.0,6.5,1.0,40.28,11.0,4.16,0.64,14.81,4.49
2019-06-10,5.83,1.0,7.61,2.0,86.28,14.0,0.0,0.0,0.0,0.0
2019-06-11,0.0,0.0,2.49,1.0,31.26,9.0,0.0,0.0,5.2,1.61
2019-06-12,0.0,0.0,0.0,0.0,4.07,1.0,0.0,0.0,1.23,0.3
2019-06-13,2.08,1.0,3.18,2.0,16.25,5.0,1.34,0.87,1.44,0.89
2019-06-14,16.65,3.0,22.21,6.0,61.97,14.0,2.48,1.99,6.26,2.57
2019-06-15,0.0,0.0,0.0,0.0,41.47,7.0,0.0,0.0,0.18,0.02
2019-06-16,0.0,0.0,0.0,0.0,0.0,0.0,0.0,0.0,0.0,0.0
2019-06-17,0.0,0.0,0.0,0.0,0.0,0.0,0.0,0.0,0.0,0.0
2019-06-18,0.57,1.0,0.57,1.0,2.42,2.0,0.0,0.0,0.0,0.0
2019-06-19,0.0,0.0,19.93,3.0,22.14,5.0,2.9,0.24,2.9,0.24
2019-06-20,2.67,2.0,2.67,2.0,21.89,9.0,0.56,0.42,1.0,0.49
2019-06-21,0.0,0.0,0.0,0.0,5.43,3.0,0.0,0.0,0.15,0.13
2019-06-22,2.34,1.0,3.56,2.0,41.59,11.0,2.38,1.28,7.16,3.24
2019-06-23,0.0,0.0,2.0,1.0,30.35,7.0,0.58,0.29,6.43,1.33
2019-06-24,0.0,0.0,1.69,1.0,23.31,5.0,0.79,0.47,1.75,0.57
2019-06-25,0.0,0.0,1.54,1.0,29.19,6.0,0.44,0.28,21.96,4.27
2019-06-26,0.0,0.0,0.0,0.0,12.48,4.0,0.0,0.0,7.24,2.75
2019-06-27,7.66,2.0,7.66,2.0,12.11,4.0,0.0,0.0,0.0,0.0
2019-06-28,0.0,0.0,6.75,2.0,30.87,7.0,0.0,0.0,0.51,0.16
2019-06-29,0.0,0.0,37.1,6.0,50.28,11.0,4.77,1.32,7.35,2.7
2019-06-30,4.84,2.0,15.96,4.0,40.31,8.0,4.3,1.0,4.3,1.0
2019-07-01,0.0,0.0,0.0,0.0,0.0,0.0,0.0,0.0,0.0,0.0
2019-07-02,0.0,0.0,0.0,0.0,1.34,1.0,0.0,0.0,0.0,0.0
2019-07-03,9.62,2.0,9.62,2.0,9.62,2.0,0.0,0.0,0.0,0.0
2019-07-04,0.0,0.0,0.0,0.0,0.0,0.0,0.0,0.0,0.0,0.0
2019-07-05,0.0,0.0,0.0,0.0,0.0,0.0,0.0,0.0,0.0,0.0
2019-07-06,0.0,0.0,0.0,0.0,0.0,0.0,0.0,0.0,0.0,0.0
2019-07-07,0.0,0.0,0.0,0.0,0.0,0.0,0.0,0.0,0.0,0.0
2019-07-08,0.0,0.0,0.0,0.0,0.0,0.0,0.0,0.0,0.0,0.0
2019-07-09,0.0,0.0,0.0,0.0,0.0,0.0,0.0,0.0,0.0,0.0
2019-07-10,0.0,0.0,0.0,0.0,0.0,0.0,0.0,0.0,0.0,0.0
2019-07-11,0.0,0.0,0.0,0.0,4.86,2.0,0.0,0.0,0.0,0.0
2019-07-12,0.0,0.0,0.0,0.0,0.0,0.0,0.0,0.0,0.0,0.0
2019-07-13,0.0,0.0,0.0,0.0,0.0,0.0,0.0,0.0,0.0,0.0
2019-07-14,0.0,0.0,0.0,0.0,0.0,0.0,0.0,0.0,0.0,0.0
2019-07-15,0.0,0.0,0.0,0.0,0.0,0.0,0.0,0.0,0.0,0.0
2019-07-16,0.0,0.0,0.0,0.0,0.0,0.0,0.0,0.0,0.0,0.0
2019-07-17,0.0,0.0,0.0,0.0,0.0,0.0,0.0,0.0,0.0,0.0
2019-07-18,0.0,0.0,0.0,0.0,2.59,1.0,0.0,0.0,0.0,0.0
2019-07-19,0.0,0.0,0.0,0.0,0.0,0.0,0.0,0.0,0.0,0.0
2019-07-20,0.51,1.0,1.73,2.0,2.78,3.0,0.0,0.0,0.0,0.0
2019-07-21,0.0,0.0,0.0,0.0,1.33,1.0,0.0,0.0,0.0,0.0
2019-07-22,0.0,0.0,2.75,1.0,2.75,1.0,0.0,0.0,0.0,0.0
2019-07-23,0.0,0.0,0.0,0.0,6.81,1.0,0.0,0.0,6.55,0.96
2019-07-24,0.0,0.0,0.0,0.0,0.0,0.0,0.0,0.0,0.0,0.0
2019-07-25,0.0,0.0,0.0,0.0,0.0,0.0,0.0,0.0,0.0,0.0
2019-07-26,0.0,0.0,0.0,0.0,0.0,0.0,0.0,0.0,0.0,0.0
2019-07-27,0.0,0.0,0.0,0.0,0.0,0.0,0.0,0.0,0.0,0.0
2019-07-28,0.0,0.0,0.0,0.0,0.0,0.0,0.0,0.0,0.0,0.0
2019-07-29,0.0,0.0,0.0,0.0,0.0,0.0,0.0,0.0,0.0,0.0
2019-07-30,0.0,0.0,0.0,0.0,0.0,0.0,0.0,0.0,0.0,0.0
2019-07-31,0.0,0.0,0.0,0.0,0.0,0.0,0.0,0.0,0.0,0.0
2019-08-01,0.0,0.0,0.0,0.0,0.0,0.0,0.0,0.0,0.0,0.0
2019-08-02,0.0,0.0,0.0,0.0,0.0,0.0,0.0,0.0,0.0,0.0
2019-08-03,0.0,0.0,0.0,0.0,0.0,0.0,0.0,0.0,0.0,0.0
2019-08-04,0.0,0.0,0.0,0.0,2.68,1.0,0.0,0.0,0.0,0.0
2019-08-05,0.0,0.0,0.0,0.0,0.0,0.0,0.0,0.0,0.0,0.0
2019-08-06,0.0,0.0,0.0,0.0,0.0,0.0,0.0,0.0,0.0,0.0
2019-08-07,0.0,0.0,0.0,0.0,0.0,0.0,0.0,0.0,0.0,0.0
2019-08-08,0.0,0.0,0.0,0.0,3.94,1.0,0.0,0.0,0.0,0.0
2019-08-09,2.74,2.0,2.74,2.0,7.26,3.0,0.0,0.0,0.46,0.1
2019-08-10,1.5,1.0,1.5,1.0,1.5,1.0,0.0,0.0,0.0,0.0
2019-08-11,0.0,0.0,0.0,0.0,0.0,0.0,0.0,0.0,0.0,0.0
2019-08-12,0.0,0.0,0.0,0.0,0.0,0.0,0.0,0.0,0.0,0.0
2019-08-13,0.0,0.0,0.0,0.0,0.0,0.0,0.0,0.0,0.0,0.0
2019-08-14,0.0,0.0,0.0,0.0,0.0,0.0,0.0,0.0,0.0,0.0
2019-08-15,0.0,0.0,0.0,0.0,0.0,0.0,0.0,0.0,0.0,0.0
2019-08-16,0.0,0.0,0.0,0.0,0.0,0.0,0.0,0.0,0.0,0.0
2019-08-17,0.0,0.0,0.0,0.0,0.0,0.0,0.0,0.0,0.0,0.0
2019-08-18,0.0,0.0,0.0,0.0,0.0,0.0,0.0,0.0,0.0,0.0
2019-08-19,0.0,0.0,0.0,0.0,0.0,0.0,0.0,0.0,0.0,0.0
2019-08-20,0.0,0.0,0.0,0.0,0.0,0.0,0.0,0.0,0.0,0.0
2019-08-21,0.0,0.0,0.0,0.0,2.18,1.0,0.0,0.0,2.17,0.99
2019-08-22,1.63,2.0,1.63,2.0,1.63,2.0,1.13,0.93,1.13,0.93
2019-08-23,0.0,0.0,0.0,0.0,2.89,2.0,0.0,0.0,0.0,0.0
2019-08-24,0.0,0.0,0.0,0.0,0.0,0.0,0.0,0.0,0.0,0.0
2019-08-25,18.65,6.0,18.65,6.0,18.65,6.0,17.5,5.63,17.5,5.63
2019-08-26,0.0,0.0,0.0,0.0,0.0,0.0,0.0,0.0,0.0,0.0
2019-08-27,0.0,0.0,0.0,0.0,0.0,0.0,0.0,0.0,0.0,0.0
2019-08-28,0.0,0.0,0.0,0.0,0.0,0.0,0.0,0.0,0.0,0.0
2019-08-29,0.0,0.0,0.0,0.0,0.0,0.0,0.0,0.0,0.0,0.0
2019-08-30,0.0,0.0,0.0,0.0,4.74,1.0,0.0,0.0,0.0,0.0
2019-08-31,0.0,0.0,0.0,0.0,0.0,0.0,0.0,0.0,0.0,0.0
2019-09-01,0.0,0.0,0.0,0.0,0.0,0.0,0.0,0.0,0.0,0.0
2019-09-02,0.44,1.0,2.25,2.0,8.57,4.0,0.0,0.0,0.0,0.0
2019-09-03,0.0,0.0,0.0,0.0,7.11,3.0,0.0,0.0,0.34,0.86
2019-09-04,0.0,0.0,0.0,0.0,0.0,0.0,0.0,0.0,0.0,0.0
2019-09-05,0.0,0.0,0.0,0.0,0.0,0.0,0.0,0.0,0.0,0.0
2019-09-06,0.0,0.0,0.0,0.0,0.0,0.0,0.0,0.0,0.0,0.0
2019-09-07,0.0,0.0,0.0,0.0,0.0,0.0,0.0,0.0,0.0,0.0
2019-09-08,2.21,1.0,2.21,1.0,7.38,2.0,2.07,0.93,2.07,0.93
2019-09-09,0.0,0.0,0.0,0.0,0.0,0.0,0.0,0.0,0.0,0.0
2019-09-10,0.0,0.0,0.0,0.0,0.74,1.0,0.0,0.0,0.0,0.0
2019-09-11,0.0,0.0,0.0,0.0,0.0,0.0,0.0,0.0,0.0,0.0
2019-09-12,0.0,0.0,0.0,0.0,0.0,0.0,0.0,0.0,0.0,0.0
2019-09-13,0.0,0.0,11.53,4.0,13.68,5.0,0.83,0.28,0.83,0.28
2019-09-14,0.0,0.0,0.0,0.0,0.0,0.0,0.0,0.0,0.0,0.0
2019-09-15,0.0,0.0,0.0,0.0,1.54,1.0,0.0,0.0,0.0,0.0
2019-09-16,0.0,0.0,0.0,0.0,0.0,0.0,0.0,0.0,0.0,0.0
2019-09-17,0.0,0.0,0.0,0.0,6.57,1.0,0.0,0.0,0.0,0.0
2019-09-18,2.95,2.0,7.73,4.0,19.02,8.0,1.1,0.35,1.1,0.35
2019-09-19,0.0,0.0,1.22,2.0,5.05,6.0,0.0,0.0,2.22,2.3
2019-09-20,0.0,0.0,0.0,0.0,28.95,6.0,0.0,0.0,0.0,0.0
2019-09-21,0.0,0.0,0.0,0.0,20.77,7.0,0.0,0.0,0.0,0.0
2019-09-22,0.0,0.0,0.0,0.0,39.34,6.0,0.0,0.0,0.0,0.0
2019-09-23,2.79,4.0,3.37,5.0,32.61,13.0,0.05,0.12,0.51,0.92
2019-09-24,1.41,2.0,2.88,4.0,111.08,28.0,0.0,0.0,0.0,0.0
2019-09-25,0.0,0.0,0.0,0.0,26.94,9.0,0.0,0.0,0.81,0.78
2019-09-26,0.0,0.0,0.0,0.0,40.21,8.0,0.0,0.0,0.0,0.0
2019-09-27,0.0,0.0,0.0,0.0,41.79,6.0,0.0,0.0,2.04,0.47
2019-09-28,0.0,0.0,0.0,0.0,39.08,8.0,0.0,0.0,0.33,0.07
2019-09-29,1.07,3.0,1.07,3.0,3.24,4.0,0.0,0.0,0.0,0.0
2019-09-30,0.0,0.0,0.0,0.0,19.7,6.0,0.0,0.0,0.47,0.62
2019-10-01,0.0,0.0,0.0,0.0,3.75,2.0,0.0,0.0,0.35,0.44
2019-10-02,0.0,0.0,0.0,0.0,6.99,2.0,0.0,0.0,0.0,0.0
2019-10-03,0.0,0.0,0.0,0.0,46.25,9.0,0.0,0.0,30.38,5.71
2019-10-04,0.26,1.0,0.96,3.0,128.75,34.0,0.64,1.85,105.01,26.75
2019-10-05,3.25,2.0,3.25,2.0,135.64,39.0,1.64,1.05,110.81,30.6
2019-10-06,0.68,1.0,10.26,4.0,109.91,35.0,0.09,0.13,85.66,26.48
2019-10-07,0.42,1.0,0.42,1.0,84.51,19.0,0.42,1.0,64.53,13.7
2019-10-08,0.0,0.0,6.29,2.0,377.05,65.0,0.0,0.0,245.48,39.67
2019-10-09,0.9,2.0,66.45,12.0,415.3,85.0,1.36,0.19,11.44,2.37
2019-10-10,7.47,2.0,29.37,9.0,656.28,170.0,0.0,0.0,359.9,86.88
2019-10-11,5.34,1.0,37.22,10.0,667.62,133.0,10.02,2.67,597.74,114.08
2019-10-12,0.0,0.0,24.66,7.0,387.93,109.0,0.8,1.0,339.46,97.11
2019-10-13,2.94,1.0,59.49,10.0,618.67,150.0,0.0,0.0,480.89,120.83
2019-10-14,7.14,3.0,57.84,15.0,697.3,126.0,0.0,0.0,436.14,77.67
2019-10-15,10.89,4.0,63.06,23.0,1091.66,254.0,4.02,1.37,140.07,36.19
2019-10-16,3.87,2.0,85.2,26.0,755.91,162.0,61.52,18.63,79.4,23.16
2019-10-17,0.0,0.0,32.3,6.0,683.55,110.0,31.67,5.89,33.95,6.41
2019-10-18,23.34,3.0,77.06,13.0,474.36,95.0,4.17,0.9,42.59,7.72
2019-10-19,15.71,3.0,83.87,13.0,788.05,137.0,0.82,0.75,230.13,41.85
2019-10-20,131.38,33.0,634.86,112.0,2384.89,445.0,12.77,2.79,1615.53,300.43
2019-10-21,48.3,15.0,412.13,76.0,2070.08,351.0,15.16,4.64,1089.32,177.28
2019-10-22,0.64,1.0,134.57,32.0,755.75,145.0,1.14,0.64,425.82,76.18
2019-10-23,7.94,2.0,145.28,33.0,803.93,147.0,0.49,0.96,515.56,90.01
2019-10-24,0.0,0.0,247.79,37.0,982.8,139.0,0.0,0.01,115.09,20.17
2019-10-25,35.82,8.0,304.99,58.0,1145.86,218.0,127.67,25.28,167.25,35.05
2019-10-26,48.33,12.0,418.66,100.0,1525.38,349.0,284.23,63.97,286.53,64.91
2019-10-27,31.24,7.0,426.54,73.0,1482.35,241.0,12.32,2.15,831.38,124.35
2019-10-28,18.64,3.0,52.98,9.0,702.05,129.0,3.08,0.5,472.67,86.82
2019-10-29,0.0,0.0,0.0,0.0,0.0,0.0,0.0,0.0,0.0,0.0
2019-10-30,11.46,1.0,96.11,21.0,1154.11,146.0,0.84,0.07,888.28,97.83
2019-10-31,0.45,1.0,1.25,2.0,1.84,3.0,0.0,0.0,0.23,0.39
2019-11-01,21.78,5.0,275.62,48.0,469.09,92.0,2.65,0.98,160.66,35.53
2019-11-02,0.0,0.0,15.66,5.0,24.76,7.0,1.71,1.73,4.06,2.83
2019-11-03,1.15,1.0,14.52,4.0,428.13,85.0,1.07,0.93,331.18,63.99
2019-11-04,20.86,4.0,81.46,16.0,1069.97,203.0,15.46,2.3,794.88,143.2
2019-11-05,35.27,4.0,250.08,45.0,1414.98,259.0,10.07,1.79,765.83,133.74
2019-11-06,6.92,1.0,34.5,10.0,1022.97,195.0,3.43,0.5,3.85,0.55
2019-11-07,0.0,0.0,1.61,1.0,1.61,1.0,0.0,0.0,0.0,0.0
2019-11-08,1.61,3.0,34.09,7.0,170.8,34.0,0.71,1.82,78.43,17.14
2019-11-09,27.73,5.0,170.92,23.0,1557.4,209.0,14.01,2.28,1304.38,162.83
2019-11-10,23.97,4.0,100.4,17.0,1012.8,148.0,0.0,0.0,749.8,98.9
2019-11-11,6.44,3.0,60.51,26.0,416.59,114.0,11.11,6.52,245.96,57.88
2019-11-12,14.52,4.0,90.0,22.0,526.77,112.0,13.78,5.03,388.54,75.7
2019-11-13,1.87,1.0,22.15,6.0,104.62,24.0,9.43,2.02,39.36,7.62
2019-11-14,1.33,2.0,1.33,2.0,3.7,3.0,0.0,0.0,1.96,0.82
2019-11-15,9.36,1.0,33.17,9.0,146.71,37.0,4.34,2.13,88.47,22.18
2019-11-16,3.46,1.0,29.63,11.0,334.94,76.0,14.75,4.5,221.48,46.37
2019-11-17,0.52,1.0,20.35,7.0,415.65,74.0,2.24,0.65,282.74,41.96
2019-11-18,1.05,1.0,16.38,4.0,152.43,33.0,2.08,0.77,82.69,13.95
2019-11-19,2.11,2.0,37.12,8.0,239.26,53.0,9.74,3.13,168.21,37.42
2019-11-20,3.55,3.0,13.57,7.0,137.84,42.0,5.44,1.96,19.83,8.59
2019-11-21,1.3,1.0,14.74,5.0,82.63,26.0,8.74,2.32,38.74,11.69
2019-11-22,7.47,3.0,17.97,6.0,69.5,16.0,1.36,0.69,35.84,4.42
2019-11-23,0.95,2.0,33.59,11.0,65.07,19.0,15.36,4.25,36.07,9.25
2019-11-24,0.0,0.0,8.16,6.0,58.25,21.0,2.84,3.44,37.26,13.42
2019-11-25,4.78,2.0,20.23,7.0,41.34,16.0,14.38,4.46,30.81,11.09
2019-11-26,0.0,0.0,0.0,0.0,35.98,6.0,0.0,0.0,15.68,2.39
2019-11-27,24.81,9.0,36.29,14.0,70.08,26.0,15.81,5.93,40.74,14.72
2019-11-28,0.0,0.0,0.0,0.0,0.0,0.0,0.0,0.0,0.0,0.0
2019-11-29,0.0,0.0,0.0,0.0,5.58,2.0,0.0,0.0,5.57,2.0
2019-11-30,5.52,2.0,17.6,5.0,36.25,12.0,2.31,0.84,5.37,2.16
2019-12-01,2.46,1.0,17.18,7.0,68.25,25.0,0.64,1.24,12.26,4.34
2019-12-02,4.79,2.0,34.52,15.0,125.2,45.0,4.58,2.64,15.15,5.61
2019-12-03,21.5,5.0,45.77,15.0,292.42,73.0,4.19,1.68,76.05,12.1
2019-12-04,0.65,1.0,22.67,4.0,82.02,25.0,11.62,1.91,52.06,14.04
2019-12-05,0.0,0.0,18.14,5.0,28.7,9.0,12.3,3.2,21.06,5.83
2019-12-06,0.59,1.0,43.49,11.0,114.4,30.0,27.22,6.69,73.76,18.46
2019-12-07,7.32,2.0,101.77,29.0,269.78,83.0,63.77,17.46,180.8,53.71
2019-12-08,10.49,4.0,149.43,49.0,379.28,124.0,52.6,17.26,171.63,50.57
2019-12-09,3.01,2.0,64.69,22.0,163.27,50.0,10.73,3.87,47.11,15.29
2019-12-10,25.04,5.0,58.78,15.0,130.1,39.0,10.5,3.04,35.52,9.81
2019-12-11,0.0,0.0,0.0,0.0,3.77,2.0,0.0,0.0,3.19,1.69
2019-12-12,0.0,0.0,0.0,0.0,2.05,1.0,0.0,0.0,2.03,0.99
2019-12-13,0.0,0.0,1.14,1.0,1.14,1.0,0.57,0.5,0.57,0.5
2019-12-14,0.0,0.0,0.0,0.0,0.0,0.0,0.0,0.0,0.0,0.0
2019-12-15,0.0,0.0,2.06,1.0,7.15,3.0,1.5,0.73,2.92,1.75
2019-12-16,0.0,0.0,0.0,0.0,0.0,0.0,0.0,0.0,0.0,0.0
2019-12-17,0.0,0.0,0.0,0.0,4.61,1.0,0.0,0.0,0.23,0.05
2019-12-18,9.86,5.0,52.71,17.0,57.56,19.0,28.45,8.02,28.45,8.02
2019-12-19,0.0,0.0,0.0,0.0,0.0,0.0,0.0,0.0,0.0,0.0
2019-12-20,3.57,1.0,3.57,1.0,21.95,7.0,3.03,0.85,13.88,4.31
2019-12-21,0.0,0.0,0.0,0.0,0.0,0.0,0.0,0.0,0.0,0.0
2019-12-22,0.0,0.0,4.68,1.0,52.42,11.0,0.0,0.0,5.37,0.97
2019-12-23,1.92,1.0,32.95,13.0,58.67,20.0,13.49,5.18,21.87,7.92
2019-12-24,3.98,2.0,153.03,50.0,306.61,97.0,112.83,36.17,194.38,61.2
2019-12-25,0.0,0.0,0.0,0.0,0.0,0.0,0.0,0.0,0.0,0.0
2019-12-26,0.0,0.0,0.0,0.0,3.91,1.0,0.0,0.0,3.85,0.98
2019-12-27,0.0,0.0,10.09,5.0,29.14,11.0,4.78,2.05,9.09,3.4
2019-12-28,2.85,1.0,6.24,2.0,11.88,4.0,1.18,0.38,5.06,1.9
2019-12-29,13.64,5.0,85.2,26.0,169.88,55.0,23.66,7.76,82.39,25.83
2019-12-30,0.0,0.0,0.0,0.0,0.0,0.0,0.0,0.0,0.0,0.0
2019-12-31,13.2,6.0,50.56,18.0,66.5,23.0,22.21,5.97,26.93,7.72
2020-01-01,0.0,0.0,0.0,0.0,0.65,1.0,0.0,0.0,0.05,0.08
2020-01-02,5.9,2.0,22.45,6.0,71.97,17.0,12.95,2.85,22.25,5.06
2020-01-03,17.85,4.0,50.96,20.0,117.18,41.0,32.8,13.9,71.35,26.1
2020-01-04,0.0,0.0,36.01,14.0,94.92,36.0,17.08,6.54,33.74,12.49
2020-01-05,4.57,1.0,89.54,13.0,115.83,21.0,6.63,1.61,11.76,2.68
2020-01-06,0.0,0.0,0.0,0.0,0.0,0.0,0.0,0.0,0.0,0.0
2020-01-07,0.0,0.0,0.0,0.0,128.3,3.0,0.0,0.0,0.0,0.0
2020-01-08,0.0,0.0,0.0,0.0,3.69,2.0,0.0,0.0,0.51,0.82
2020-01-09,0.0,0.0,0.0,0.0,0.0,0.0,0.0,0.0,0.0,0.0
2020-01-10,0.0,0.0,2.12,1.0,5.57,4.0,0.0,0.0,2.23,1.59
2020-01-11,2.28,1.0,28.33,9.0,51.56,19.0,10.2,2.69,25.05,7.53
2020-01-12,18.0,3.0,27.47,8.0,50.46,14.0,2.73,2.25,5.78,3.02
2020-01-13,8.93,3.0,8.93,3.0,8.93,3.0,2.81,0.65,2.81,0.65
2020-01-14,0.0,0.0,19.66,8.0,37.54,15.0,2.31,1.08,4.37,2.02
2020-01-15,0.0,0.0,1.89,1.0,25.27,6.0,0.0,0.0,15.04,3.14
2020-01-16,0.0,0.0,0.0,0.0,0.0,0.0,0.0,0.0,0.0,0.0
2020-01-17,0.0,0.0,0.0,0.0,0.0,0.0,0.0,0.0,0.0,0.0
2020-01-18,0.0,0.0,4.4,1.0,11.61,3.0,2.29,0.52,4.99,1.06
2020-01-19,0.0,0.0,0.0,0.0,5.21,2.0,0.0,0.0,0.0,0.0
2020-01-20,0.0,0.0,12.13,2.0,12.13,2.0,10.15,1.66,10.15,1.66
2020-01-21,0.0,0.0,0.0,0.0,6.57,3.0,0.0,0.0,0.98,1.39
2020-01-22,2.17,1.0,4.23,2.0,37.25,11.0,1.63,0.78,5.34,2.38
2020-01-23,2.91,1.0,28.15,8.0,55.89,16.0,11.15,3.05,29.01,7.88
2020-01-24,17.99,5.0,63.86,14.0,111.39,31.0,7.13,1.81,26.19,6.56
2020-01-25,9.55,3.0,78.12,20.0,124.94,33.0,27.63,7.2,53.26,13.52
2020-01-26,9.43,3.0,60.59,16.0,107.19,31.0,11.88,3.14,31.09,7.51
2020-01-27,7.74,2.0,7.74,2.0,46.95,12.0,4.26,1.16,13.53,4.6
2020-01-28,0.0,0.0,0.0,0.0,1.25,1.0,0.0,0.0,1.14,0.92
2020-01-29,166.48,5.0,169.36,6.0,174.32,10.0,2.03,2.33,2.41,3.12
2020-01-30,10.73,5.0,46.26,15.0,65.69,23.0,9.34,3.92,16.93,6.86
2020-01-31,6.7,3.0,22.44,7.0,36.24,12.0,8.99,3.37,10.15,4.12
2020-02-01,0.0,0.0,12.47,4.0,38.12,12.0,7.22,2.21,16.87,5.56
2020-02-02,23.77,3.0,68.24,16.0,146.21,37.0,21.79,6.86,29.56,9.57
2020-02-03,11.49,3.0,30.69,11.0,139.98,36.0,5.64,2.51,36.21,11.48
2020-02-04,11.92,5.0,60.96,20.0,135.96,47.0,28.41,10.31,66.89,22.66
2020-02-05,0.7,1.0,8.72,4.0,90.95,27.0,1.69,1.32,30.31,8.09
2020-02-06,12.89,3.0,83.53,20.0,131.01,34.0,24.7,6.94,39.63,11.15
2020-02-07,3.68,1.0,31.71,7.0,121.28,32.0,13.87,2.55,46.14,11.4
2020-02-08,4.56,1.0,36.41,8.0,91.12,25.0,6.67,1.91,30.71,8.84
2020-02-09,8.37,5.0,68.18,18.0,252.49,65.0,21.84,6.4,57.16,18.79
2020-02-10,4.68,2.0,34.78,13.0,187.34,55.0,14.67,3.51,69.38,14.43
2020-02-11,2.51,1.0,43.15,15.0,134.05,33.0,17.31,5.71,44.0,12.86
2020-02-12,1.95,1.0,9.64,3.0,140.08,29.0,0.21,0.06,14.7,3.49
2020-02-13,9.85,3.0,128.28,17.0,196.67,28.0,7.08,1.94,18.02,4.11
2020-02-14,0.82,2.0,7.03,5.0,83.38,23.0,6.54,4.39,18.91,8.18
2020-02-15,16.1,5.0,83.88,22.0,217.02,57.0,2.0,1.44,35.55,7.35
2020-02-16,2.97,1.0,40.21,12.0,168.6,44.0,19.77,6.07,60.06,14.54
2020-02-17,6.48,3.0,50.03,15.0,114.28,34.0,13.95,5.34,25.74,10.08
2020-02-18,3.37,2.0,22.72,8.0,92.79,31.0,3.61,2.13,8.35,4.04
2020-02-19,2.98,1.0,5.26,2.0,202.63,16.0,2.91,0.98,4.65,1.03
2020-02-20,4.12,2.0,17.74,8.0,125.12,37.0,6.45,3.41,23.26,8.62
2020-02-21,0.0,0.0,0.0,0.0,0.0,0.0,0.0,0.0,0.0,0.0
2020-02-22,0.0,0.0,8.95,1.0,24.29,5.0,0.78,0.09,0.88,0.59
2020-02-23,0.0,0.0,2.26,1.0,17.73,5.0,1.52,0.67,9.96,2.41
2020-02-24,0.64,1.0,15.58,6.0,48.4,15.0,8.33,3.21,16.64,5.67
2020-02-25,3.3,2.0,24.8,8.0,98.13,26.0,11.1,3.29,55.73,13.3
2020-02-26,5.82,4.0,49.63,21.0,139.63,52.0,5.36,2.05,24.05,10.63
2020-02-27,0.0,0.0,2.8,1.0,27.24,6.0,0.0,0.0,6.71,1.34
2020-02-28,2.3,2.0,2.3,2.0,20.54,10.0,0.81,0.61,1.83,0.99
2020-02-29,0.0,0.0,0.0,0.0,21.18,3.0,0.0,0.0,0.0,0.0
2020-03-01,0.39,1.0,1.14,2.0,12.39,6.0,0.03,0.08,6.47,3.03
2020-03-02,0.9,2.0,6.95,5.0,204.09,38.0,4.84,3.34,109.03,20.46
2020-03-03,0.0,0.0,29.95,7.0,119.92,27.0,11.69,2.62,73.53,14.45
2020-03-04,0.0,0.0,35.96,11.0,81.41,23.0,0.0,0.0,1.18,0.24
2020-03-05,0.0,0.0,0.0,0.0,18.39,4.0,0.0,0.0,7.11,1.11
2020-03-06,0.0,0.0,0.0,0.0,0.0,0.0,0.0,0.0,0.0,0.0
2020-03-07,0.0,0.0,0.0,0.0,0.0,0.0,0.0,0.0,0.0,0.0
2020-03-08,0.45,1.0,1.09,2.0,72.01,8.0,0.99,1.78,5.9,3.2
2020-03-09,0.0,0.0,3.9,1.0,38.38,10.0,0.0,0.0,3.05,0.93
2020-03-10,0.0,0.0,13.69,4.0,85.87,24.0,0.0,0.0,3.3,1.36
2020-03-11,0.0,0.0,3.87,1.0,11.9,3.0,0.0,0.0,0.0,0.0
2020-03-12,8.81,2.0,11.81,4.0,30.88,8.0,2.54,0.75,5.4,1.3
2020-03-13,9.97,3.0,15.12,5.0,21.09,7.0,2.66,1.09,4.42,1.88
2020-03-14,1.88,1.0,4.78,3.0,4.78,3.0,3.22,1.82,3.22,1.82
2020-03-15,19.15,5.0,36.39,11.0,46.77,16.0,5.0,1.57,6.12,2.17
2020-03-16,0.6,1.0,4.85,3.0,10.07,5.0,1.61,1.47,3.52,2.02
2020-03-17,1.27,4.0,13.42,8.0,69.66,24.0,0.39,1.76,8.91,3.55
2020-03-18,0.44,1.0,36.05,8.0,96.34,29.0,16.34,2.6,38.95,9.73
2020-03-19,0.0,0.0,20.58,2.0,52.18,12.0,2.77,0.66,18.75,5.55
2020-03-20,0.0,0.0,0.0,0.0,37.65,9.0,0.0,0.0,20.91,4.23
2020-03-21,0.42,1.0,3.75,2.0,27.5,9.0,3.15,1.26,18.44,4.92
2020-03-22,0.0,0.0,5.62,2.0,14.8,4.0,1.85,0.8,10.46,2.67
2020-03-23,2.79,1.0,10.09,3.0,40.33,12.0,3.88,1.32,24.29,7.71
2020-03-24,3.35,1.0,12.61,3.0,42.13,11.0,3.35,1.0,3.35,1.0
2020-03-25,3.61,1.0,3.61,1.0,17.67,5.0,0.0,0.0,1.6,0.59
2020-03-26,0.0,0.0,0.0,0.0,0.0,0.0,0.0,0.0,0.0,0.0
2020-03-27,0.0,0.0,0.0,0.0,0.0,0.0,0.0,0.0,0.0,0.0
2020-03-28,0.0,0.0,5.41,2.0,13.42,4.0,0.0,0.0,4.79,0.82
2020-03-29,8.12,2.0,31.7,5.0,62.19,15.0,17.54,1.87,32.46,6.48
2020-03-30,2.7,1.0,2.7,1.0,38.31,8.0,0.0,0.0,5.67,1.79
2020-03-31,0.0,0.0,11.95,3.0,23.25,6.0,0.8,0.13,3.54,1.13
2020-04-01,0.0,0.0,5.03,1.0,26.43,7.0,1.01,0.2,12.66,3.59
2020-04-02,0.66,1.0,13.41,4.0,32.9,10.0,0.07,0.02,10.62,3.86
2020-04-03,8.82,3.0,41.98,11.0,85.12,25.0,18.54,2.49,31.09,5.89
2020-04-04,8.96,3.0,8.96,3.0,34.3,14.0,4.82,1.56,13.4,5.23
2020-04-05,0.0,0.0,0.7,1.0,5.9,4.0,0.6,0.86,5.54,3.69
2020-04-06,0.0,0.0,0.0,0.0,11.59,3.0,0.0,0.0,7.46,1.52
2020-04-07,1.79,1.0,4.66,2.0,10.52,4.0,1.3,0.49,3.07,1.3
2020-04-08,13.57,3.0,27.83,6.0,65.86,14.0,13.44,2.96,24.98,4.65
2020-04-09,0.0,0.0,6.22,2.0,26.62,6.0,0.0,0.0,2.91,1.02
2020-04-10,0.0,0.0,9.11,3.0,22.64,8.0,0.17,0.1,12.62,4.46
2020-04-11,3.5,1.0,17.42,3.0,23.6,6.0,0.0,0.0,4.47,2.32
2020-04-12,0.6,1.0,5.05,3.0,10.38,4.0,1.12,1.69,1.12,1.69
2020-04-13,0.0,0.0,15.79,3.0,98.7,8.0,0.0,0.0,0.07,0.01
2020-04-14,0.0,0.0,7.85,2.0,29.47,11.0,0.3,0.29,2.25,1.15
2020-04-15,3.32,1.0,6.58,2.0,16.19,6.0,3.25,1.0,4.64,2.4
2020-04-16,0.0,0.0,1.09,1.0,14.03,5.0,0.0,0.0,3.55,1.13
2020-04-17,16.82,2.0,33.44,4.0,58.95,8.0,0.0,0.0,6.93,1.66
2020-04-18,0.71,1.0,0.71,1.0,132.98,6.0,0.0,0.0,46.75,1.57
2020-04-19,6.12,2.0,6.68,3.0,20.7,7.0,0.55,0.98,3.26,2.59
2020-04-20,8.92,2.0,18.22,5.0,25.34,7.0,5.9,2.1,5.9,2.1
2020-04-21,2.51,1.0,2.51,1.0,32.93,9.0,0.0,0.0,14.17,3.61
2020-04-22,33.26,6.0,55.44,11.0,91.34,21.0,0.02,0.0,8.41,2.17
2020-04-23,0.0,0.0,0.0,0.0,33.13,7.0,0.0,0.0,0.0,0.0
2020-04-24,24.55,8.0,196.67,34.0,325.92,62.0,19.16,4.53,64.35,14.95
2020-04-25,45.13,4.0,66.61,9.0,135.95,18.0,10.59,1.27,13.09,1.76
2020-04-26,6.12,3.0,27.11,6.0,27.11,6.0,14.21,2.35,14.21,2.35
2020-04-27,15.69,3.0,83.58,23.0,105.3,28.0,4.93,1.21,8.85,2.38
2020-04-28,0.0,0.0,39.15,8.0,96.68,22.0,0.06,0.01,13.17,5.72
2020-04-29,46.06,9.0,320.91,52.0,494.2,89.0,96.36,15.09,102.58,17.27
2020-04-30,5.01,1.0,126.98,15.0,205.38,30.0,45.47,5.34,59.88,7.43
2020-05-01,27.11,10.0,158.95,36.0,303.0,67.0,41.09,11.0,43.97,11.97
2020-05-02,11.81,4.0,153.34,34.0,254.06,60.0,43.3,8.07,70.49,17.43
2020-05-03,0.0,0.0,5.07,3.0,59.66,17.0,0.0,0.0,8.47,2.72
2020-05-04,35.0,6.0,146.04,20.0,166.22,25.0,14.9,1.95,19.18,2.97
2020-05-05,36.24,8.0,258.47,43.0,403.71,80.0,26.85,6.56,71.4,19.15
2020-05-06,0.0,0.0,0.0,0.0,22.47,8.0,0.0,0.0,5.54,1.32
2020-05-07,94.1,22.0,848.71,173.0,1245.69,273.0,45.88,12.98,63.15,16.38
2020-05-08,128.07,34.0,1013.14,216.0,1539.86,357.0,84.42,22.43,88.08,23.15
2020-05-09,70.57,12.0,564.6,82.0,1488.24,223.0,41.45,6.02,146.9,20.75
2020-05-10,0.0,0.0,8.69,5.0,8.69,5.0,0.0,0.0,0.0,0.0
2020-05-11,0.0,0.0,4.28,3.0,218.22,48.0,0.0,0.0,0.0,0.0
2020-05-12,29.24,7.0,367.53,67.0,1521.82,312.0,20.62,4.88,32.91,7.67
2020-05-13,0.0,0.0,7.01,1.0,9.1,2.0,6.82,0.97,7.02,1.07
2020-05-14,46.7,8.0,507.13,88.0,2245.08,324.0,430.15,73.38,2019.77,283.5
2020-05-15,68.98,10.0,455.78,72.0,2213.78,338.0,316.29,50.75,1787.73,272.82
2020-05-16,18.65,3.0,166.3,20.0,1240.87,128.0,131.01,14.59,1128.8,108.53
2020-05-17,224.26,18.0,441.54,53.0,1691.03,286.0,215.4,27.64,1126.71,190.63
2020-05-18,23.68,6.0,230.74,43.0,2131.4,370.0,166.17,28.67,1932.53,325.58
2020-05-19,27.13,5.0,203.98,33.0,1894.56,225.0,136.91,21.28,1536.4,175.49
2020-05-20,12.38,3.0,88.81,14.0,965.53,123.0,59.95,10.7,739.5,91.45
2020-05-21,16.87,4.0,47.78,11.0,257.04,41.0,19.89,4.46,130.9,17.58
2020-05-22,0.0,0.0,49.24,6.0,499.35,60.0,0.0,0.0,22.65,3.49
2020-05-23,0.0,0.0,57.14,9.0,352.68,73.0,1.48,0.96,11.4,2.28
2020-05-24,6.95,2.0,42.46,6.0,444.54,86.0,39.01,5.31,339.76,63.53
2020-05-25,16.54,5.0,72.11,14.0,465.85,68.0,34.64,6.68,224.72,29.83
2020-05-26,0.0,0.0,21.58,4.0,172.39,33.0,9.42,2.38,74.4,12.0
2020-05-27,4.37,1.0,4.37,1.0,63.48,13.0,3.99,0.91,31.71,6.0
2020-05-28,0.0,0.0,2.24,1.0,124.25,25.0,0.0,0.0,25.1,4.04
2020-05-29,0.0,0.0,0.0,0.0,4.57,1.0,0.0,0.0,0.0,0.0
2020-05-30,0.0,0.0,0.0,0.0,7.7,2.0,0.0,0.0,0.0,0.0
2020-05-31,0.0,0.0,0.41,1.0,21.58,4.0,0.0,0.0,8.25,0.98
2020-06-01,0.0,0.0,0.0,0.0,0.0,0.0,0.0,0.0,0.0,0.0
2020-06-02,4.84,2.0,4.84,2.0,48.81,9.0,3.62,1.5,4.89,1.94
2020-06-03,0.0,0.0,6.04,2.0,6.04,2.0,0.81,0.27,0.81,0.27
2020-06-04,0.0,0.0,0.0,0.0,0.0,0.0,0.0,0.0,0.0,0.0
2020-06-05,5.46,1.0,21.2,4.0,21.63,5.0,2.66,0.41,2.66,0.41
2020-06-06,0.0,0.0,0.0,0.0,5.58,1.0,0.0,0.0,0.0,0.0
2020-06-07,0.0,0.0,0.0,0.0,0.0,0.0,0.0,0.0,0.0,0.0
2020-06-08,1.36,1.0,1.36,1.0,1.36,1.0,0.0,0.0,0.0,0.0
2020-06-09,0.0,0.0,0.0,0.0,0.0,0.0,0.0,0.0,0.0,0.0
2020-06-10,0.0,0.0,0.0,0.0,14.61,3.0,0.0,0.0,7.65,1.45
2020-06-11,0.74,1.0,0.74,1.0,16.3,5.0,0.0,0.0,8.31,2.1
2020-06-12,0.0,0.0,0.0,0.0,0.0,0.0,0.0,0.0,0.0,0.0
2020-06-13,0.0,0.0,0.0,0.0,5.87,2.0,0.0,0.0,0.0,0.0
2020-06-14,3.33,2.0,3.33,2.0,5.46,3.0,0.0,0.0,2.0,0.94
2020-06-15,0.0,0.0,0.0,0.0,1.62,1.0,0.0,0.0,0.0,0.0
2020-06-16,1.41,1.0,21.37,4.0,78.96,12.0,0.2,0.03,12.38,1.48
2020-06-17,5.83,1.0,5.83,1.0,5.83,1.0,0.0,0.0,0.0,0.0
2020-06-18,1.47,2.0,12.44,5.0,61.77,16.0,0.05,0.06,2.62,0.64
2020-06-19,0.0,0.0,0.0,0.0,0.0,0.0,0.0,0.0,0.0,0.0
2020-06-20,6.82,1.0,6.82,1.0,10.42,2.0,0.0,0.0,0.0,0.0
2020-06-21,0.58,1.0,0.58,1.0,6.8,3.0,0.0,0.0,0.0,0.0
2020-06-22,0.0,0.0,0.0,0.0,7.3,3.0,0.0,0.0,5.64,1.96
2020-06-23,0.0,0.0,0.0,0.0,9.06,1.0,0.0,0.0,0.0,0.0
2020-06-24,0.0,0.0,0.0,0.0,0.0,0.0,0.0,0.0,0.0,0.0
2020-06-25,0.0,0.0,0.0,0.0,0.0,0.0,0.0,0.0,0.0,0.0
2020-06-26,3.98,2.0,3.98,2.0,3.98,2.0,0.63,0.31,0.63,0.31
2020-06-27,0.7,1.0,4.79,2.0,4.79,2.0,2.2,0.63,2.2,0.63
2020-06-28,0.0,0.0,4.57,1.0,4.57,1.0,1.11,0.24,1.11,0.24
2020-06-29,0.0,0.0,0.0,0.0,0.0,0.0,0.0,0.0,0.0,0.0
2020-06-30,0.0,0.0,0.0,0.0,0.0,0.0,0.0,0.0,0.0,0.0
2020-07-01,0.0,0.0,0.0,0.0,2.34,1.0,0.0,0.0,0.0,0.0
2020-07-02,7.15,3.0,11.08,4.0,11.08,4.0,0.53,0.18,0.53,0.18
2020-07-03,0.0,0.0,0.0,0.0,0.0,0.0,0.0,0.0,0.0,0.0
2020-07-04,0.0,0.0,3.06,1.0,3.06,1.0,0.0,0.0,0.0,0.0
2020-07-05,0.0,0.0,0.0,0.0,0.47,1.0,0.0,0.0,0.41,0.86
2020-07-06,0.0,0.0,0.0,0.0,0.0,0.0,0.0,0.0,0.0,0.0
2020-07-07,0.0,0.0,0.0,0.0,3.04,1.0,0.0,0.0,0.0,0.0
2020-07-08,3.54,1.0,3.54,1.0,3.54,1.0,0.0,0.0,0.0,0.0
2020-07-09,0.0,0.0,0.0,0.0,0.0,0.0,0.0,0.0,0.0,0.0
2020-07-10,0.0,0.0,0.0,0.0,0.0,0.0,0.0,0.0,0.0,0.0
2020-07-11,0.0,0.0,0.0,0.0,0.0,0.0,0.0,0.0,0.0,0.0
2020-07-12,0.69,1.0,0.69,1.0,2.63,2.0,0.07,0.11,0.07,0.11
2020-07-13,0.0,0.0,2.96,1.0,8.89,3.0,0.0,0.0,0.0,0.0
2020-07-14,1.51,1.0,8.82,3.0,8.82,3.0,1.51,0.83,1.51,0.83
2020-07-15,4.61,1.0,4.61,1.0,5.65,2.0,0.0,0.0,1.04,1.0
2020-07-16,0.0,0.0,0.0,0.0,5.29,1.0,0.0,0.0,5.03,0.95
2020-07-17,0.0,0.0,0.0,0.0,2.99,1.0,0.0,0.0,2.61,0.87
2020-07-18,0.82,1.0,0.82,1.0,0.82,1.0,0.0,0.0,0.0,0.0
2020-07-19,0.0,0.0,0.0,0.0,0.0,0.0,0.0,0.0,0.0,0.0
2020-07-20,0.0,0.0,0.0,0.0,3.76,1.0,0.0,0.0,0.13,0.03
2020-07-21,0.0,0.0,0.0,0.0,0.0,0.0,0.0,0.0,0.0,0.0
2020-07-22,2.2,2.0,2.2,2.0,2.2,2.0,0.38,0.35,0.38,0.35
2020-07-23,0.0,0.0,0.0,0.0,0.5,1.0,0.0,0.0,0.02,0.03
2020-07-24,1.85,1.0,1.85,1.0,3.46,2.0,0.0,0.0,1.53,0.95
2020-07-25,0.0,0.0,0.0,0.0,0.0,0.0,0.0,0.0,0.0,0.0
2020-07-26,0.0,0.0,0.0,0.0,2.92,1.0,0.0,0.0,1.63,0.56
2020-07-27,0.0,0.0,0.0,0.0,0.0,0.0,0.0,0.0,0.0,0.0
2020-07-28,0.0,0.0,0.0,0.0,0.0,0.0,0.0,0.0,0.0,0.0
2020-07-29,0.0,0.0,0.0,0.0,0.0,0.0,0.0,0.0,0.0,0.0
2020-07-30,0.0,0.0,0.0,0.0,0.0,0.0,0.0,0.0,0.0,0.0
2020-07-31,0.0,0.0,0.0,0.0,0.0,0.0,0.0,0.0,0.0,0.0
2020-08-01,0.0,0.0,0.0,0.0,5.61,3.0,0.0,0.0,1.51,0.81
2020-08-02,0.0,0.0,0.0,0.0,0.0,0.0,0.0,0.0,0.0,0.0
2020-08-03,0.0,0.0,0.0,0.0,0.0,0.0,0.0,0.0,0.0,0.0
2020-08-04,0.0,0.0,0.0,0.0,0.0,0.0,0.0,0.0,0.0,0.0
2020-08-05,0.0,0.0,0.0,0.0,0.0,0.0,0.0,0.0,0.0,0.0
2020-08-06,0.0,0.0,0.0,0.0,0.0,0.0,0.0,0.0,0.0,0.0
2020-08-07,0.0,0.0,0.0,0.0,0.0,0.0,0.0,0.0,0.0,0.0
2020-08-08,0.0,0.0,1.65,1.0,13.83,3.0,1.38,0.84,10.53,2.34
2020-08-09,0.0,0.0,0.0,0.0,0.0,0.0,0.0,0.0,0.0,0.0
2020-08-10,0.0,0.0,0.0,0.0,0.0,0.0,0.0,0.0,0.0,0.0
2020-08-11,0.0,0.0,0.0,0.0,0.0,0.0,0.0,0.0,0.0,0.0
2020-08-12,0.0,0.0,0.0,0.0,0.0,0.0,0.0,0.0,0.0,0.0
2020-08-13,0.0,0.0,0.0,0.0,0.0,0.0,0.0,0.0,0.0,0.0
2020-08-14,1.05,1.0,1.05,1.0,1.05,1.0,0.95,0.9,0.95,0.9
2020-08-15,0.0,0.0,1.8,1.0,1.8,1.0,0.03,0.01,0.03,0.01
2020-08-16,0.0,0.0,0.0,0.0,0.0,0.0,0.0,0.0,0.0,0.0
2020-08-17,0.0,0.0,0.0,0.0,6.69,2.0,0.0,0.0,0.0,0.0
2020-08-18,0.0,0.0,0.0,0.0,0.0,0.0,0.0,0.0,0.0,0.0
2020-08-19,0.0,0.0,0.0,0.0,0.0,0.0,0.0,0.0,0.0,0.0
2020-08-20,0.0,0.0,0.0,0.0,0.0,0.0,0.0,0.0,0.0,0.0
2020-08-21,1.08,2.0,1.08,2.0,4.56,4.0,0.51,1.0,3.91,2.95
2020-08-22,0.0,0.0,0.0,0.0,0.0,0.0,0.0,0.0,0.0,0.0
2020-08-23,0.0,0.0,2.24,1.0,2.24,1.0,0.0,0.0,0.0,0.0
2020-08-24,1.83,1.0,2.4,2.0,5.42,4.0,0.0,0.0,0.0,0.0
2020-08-25,0.0,0.0,0.0,0.0,1.2,2.0,0.0,0.0,0.0,0.0
2020-08-26,0.0,0.0,0.0,0.0,4.21,1.0,0.0,0.0,0.0,0.0
2020-08-27,0.0,0.0,0.0,0.0,0.0,0.0,0.0,0.0,0.0,0.0
2020-08-28,0.0,0.0,0.0,0.0,0.71,1.0,0.0,0.0,0.16,0.23
2020-08-29,3.64,3.0,3.64,3.0,3.64,3.0,0.7,1.0,0.7,1.0
2020-08-30,8.15,1.0,8.15,1.0,10.56,2.0,0.0,0.0,0.0,0.0
2020-08-31,0.0,0.0,0.0,0.0,3.76,1.0,0.0,0.0,0.0,0.0
2020-09-01,0.0,0.0,0.0,0.0,0.0,0.0,0.0,0.0,0.0,0.0
2020-09-02,0.0,0.0,0.0,0.0,0.0,0.0,0.0,0.0,0.0,0.0
2020-09-03,0.0,0.0,0.0,0.0,0.0,0.0,0.0,0.0,0.0,0.0
2020-09-04,3.16,1.0,3.16,1.0,12.32,3.0,0.82,0.26,0.82,0.26
2020-09-05,0.0,0.0,0.0,0.0,0.0,0.0,0.0,0.0,0.0,0.0
2020-09-06,0.7,1.0,0.7,1.0,6.48,2.0,0.55,0.79,4.75,1.52
2020-09-07,0.0,0.0,0.0,0.0,2.66,3.0,0.0,0.0,1.55,0.97
2020-09-08,0.6,1.0,0.9,2.0,0.9,2.0,0.17,0.44,0.17,0.44
2020-09-09,1.84,1.0,1.84,1.0,1.84,1.0,1.74,0.95,1.74,0.95
2020-09-10,4.85,2.0,4.85,2.0,6.93,3.0,0.41,0.34,0.41,0.34
2020-09-11,0.0,0.0,0.0,0.0,3.43,1.0,0.0,0.0,0.0,0.0
2020-09-12,0.0,0.0,1.73,2.0,2.86,3.0,0.07,0.08,0.89,0.8
2020-09-13,0.0,0.0,0.0,0.0,9.88,2.0,0.0,0.0,8.73,1.77
2020-09-14,0.78,1.0,3.28,3.0,5.2,4.0,1.18,1.18,2.86,2.06
2020-09-15,0.0,0.0,2.63,1.0,7.19,2.0,0.0,0.0,3.3,0.72
2020-09-16,4.28,1.0,4.28,1.0,12.96,3.0,4.2,0.98,5.68,1.31
2020-09-17,0.0,0.0,0.0,0.0,55.39,5.0,0.0,0.0,18.95,1.81
2020-09-18,0.0,0.0,0.0,0.0,0.0,0.0,0.0,0.0,0.0,0.0
2020-09-19,0.62,1.0,0.62,1.0,0.62,1.0,0.0,0.0,0.0,0.0
2020-09-20,0.0,0.0,14.28,5.0,54.14,15.0,11.42,4.05,48.86,12.32
2020-09-21,5.29,1.0,5.29,1.0,14.56,5.0,1.29,0.24,6.09,1.65
2020-09-22,4.35,2.0,7.91,3.0,10.3,4.0,0.77,0.3,0.77,0.3
2020-09-23,0.0,0.0,3.38,1.0,3.38,1.0,0.97,0.29,0.97,0.29
2020-09-24,2.53,3.0,2.53,3.0,5.85,5.0,0.0,0.0,1.31,1.07
2020-09-25,3.25,2.0,8.48,4.0,100.76,21.0,0.27,0.46,39.41,7.41
2020-09-26,0.0,0.0,0.0,0.0,39.19,14.0,0.0,0.0,11.69,4.53
2020-09-27,7.08,3.0,10.92,4.0,70.64,20.0,2.11,0.55,31.75,8.92
2020-09-28,0.39,1.0,5.28,2.0,27.29,7.0,1.13,1.01,19.4,5.33
2020-09-29,0.0,0.0,0.0,0.0,87.19,23.0,0.0,0.0,62.39,16.88
2020-09-30,3.96,4.0,33.79,10.0,156.01,45.0,10.68,4.59,92.02,27.03
2020-10-01,2.43,2.0,16.54,7.0,114.6,37.0,0.74,0.82,62.91,19.64
2020-10-02,3.04,1.0,11.16,4.0,215.0,50.0,5.96,1.58,152.88,34.14
2020-10-03,2.74,3.0,2.74,3.0,49.31,14.0,0.4,0.93,31.03,7.71
2020-10-04,1.56,1.0,9.0,3.0,208.24,49.0,7.32,2.54,151.77,35.11
2020-10-05,0.61,1.0,10.8,4.0,147.11,31.0,1.36,1.87,98.35,21.34
2020-10-06,8.71,4.0,21.86,11.0,229.75,70.0,4.03,2.92,160.62,46.77
2020-10-07,5.11,3.0,34.0,13.0,270.97,89.0,17.94,7.11,169.28,55.3
2020-10-08,71.82,9.0,71.82,9.0,246.06,49.0,0.73,0.99,159.18,35.71
2020-10-09,0.0,0.0,0.0,0.0,121.2,29.0,0.0,0.0,110.51,25.27
2020-10-10,0.78,1.0,23.34,9.0,331.41,66.0,4.01,1.69,223.81,39.04
2020-10-11,3.01,2.0,24.35,11.0,650.56,143.0,7.31,1.54,581.41,121.29
2020-10-12,18.31,7.0,26.78,13.0,468.86,129.0,2.71,2.71,163.85,47.6
2020-10-13,0.0,0.0,0.89,1.0,424.65,74.0,0.1,0.11,62.08,11.08
2020-10-14,1.79,2.0,10.59,9.0,194.41,52.0,0.85,0.94,38.38,10.38
2020-10-15,3.22,2.0,16.21,8.0,658.08,163.0,3.68,2.12,462.28,110.31
2020-10-16,20.5,11.0,42.81,19.0,588.33,129.0,15.83,6.28,386.46,79.2
2020-10-17,32.33,10.0,57.64,19.0,954.57,211.0,7.64,3.1,687.04,138.76
2020-10-18,53.14,8.0,145.76,21.0,1245.26,231.0,14.46,4.26,832.5,156.78
2020-10-19,5.48,5.0,40.62,20.0,293.73,73.0,4.56,2.83,124.38,27.37
2020-10-20,0.23,1.0,15.4,11.0,461.44,110.0,2.83,1.3,357.86,75.74
2020-10-21,22.87,9.0,41.1,13.0,614.02,120.0,2.31,0.67,204.41,37.9
2020-10-22,5.99,4.0,30.79,18.0,869.72,196.0,0.23,0.31,254.97,50.41
2020-10-23,20.82,10.0,64.23,20.0,781.61,174.0,15.32,4.51,480.6,98.08
2020-10-24,13.99,9.0,31.77,21.0,441.36,100.0,1.78,2.52,158.73,34.25
2020-10-25,0.0,0.0,45.07,12.0,749.92,137.0,0.0,0.0,454.9,78.8
2020-10-26,3.62,3.0,50.98,22.0,474.64,93.0,5.55,2.67,368.92,58.57
2020-10-27,8.84,5.0,45.57,28.0,786.78,165.0,14.02,6.71,564.89,98.34
2020-10-28,11.74,7.0,142.23,45.0,811.75,212.0,32.29,7.82,517.24,118.39
2020-10-29,15.33,5.0,24.89,11.0,571.34,103.0,4.31,2.2,319.23,52.62
2020-10-30,12.21,5.0,20.61,12.0,917.98,145.0,4.58,2.98,803.47,114.51
2020-10-31,14.16,5.0,56.78,19.0,1067.98,187.0,4.41,5.87,875.27,140.02
2020-11-01,17.77,9.0,92.1,33.0,1221.81,187.0,18.97,7.28,879.95,111.63
2020-11-02,3.36,5.0,56.71,28.0,674.1,184.0,9.43,7.09,400.02,96.69
2020-11-03,11.3,6.0,44.28,24.0,608.14,139.0,16.31,5.79,316.11,56.97
2020-11-04,0.92,2.0,27.88,9.0,442.02,85.0,1.07,1.18,254.44,34.93
2020-11-05,4.46,2.0,11.8,6.0,732.2,128.0,4.88,0.88,566.88,90.45
2020-11-06,113.51,6.0,126.89,15.0,933.74,148.0,11.07,5.39,690.92,104.92
2020-11-07,137.66,8.0,204.66,32.0,1606.51,263.0,25.73,7.46,1150.06,184.6
2020-11-08,72.69,8.0,136.23,32.0,932.63,193.0,71.02,13.9,520.88,100.66
2020-11-09,52.49,12.0,81.55,19.0,287.42,60.0,24.11,7.18,161.89,33.33
2020-11-10,17.11,8.0,47.03,18.0,958.1,144.0,31.5,7.52,70.97,22.12
2020-11-11,18.62,7.0,36.53,14.0,728.54,123.0,21.07,8.09,65.83,25.29
2020-11-12,9.47,8.0,31.72,17.0,648.62,136.0,13.36,6.95,129.94,33.99
2020-11-13,10.73,5.0,79.9,25.0,518.19,124.0,33.45,10.08,362.45,77.03
2020-11-14,30.71,6.0,46.07,10.0,243.25,59.0,15.96,3.1,43.66,13.36
2020-11-15,0.0,0.0,14.34,3.0,200.22,48.0,3.76,0.55,29.65,6.28
2020-11-16,2.46,3.0,3.02,4.0,10.97,8.0,1.23,1.58,4.38,2.96
2020-11-17,6.39,5.0,30.2,11.0,51.63,18.0,14.37,5.23,20.82,8.13
2020-11-18,9.24,6.0,63.7,22.0,139.72,47.0,32.31,10.04,77.05,25.17
2020-11-19,6.48,3.0,52.2,18.0,189.57,51.0,32.78,9.54,95.47,23.15
2020-11-20,0.0,0.0,23.77,7.0,75.07,27.0,12.91,3.54,31.15,10.34
2020-11-21,10.02,2.0,119.41,16.0,249.03,45.0,32.64,7.01,119.25,22.33
2020-11-22,3.09,2.0,30.42,8.0,93.68,26.0,1.79,1.85,35.47,9.68
2020-11-23,6.51,1.0,61.19,18.0,146.07,35.0,36.38,9.35,57.11,14.62
2020-11-24,3.84,2.0,21.36,9.0,59.79,19.0,12.86,5.34,22.83,10.6
2020-11-25,0.0,0.0,5.52,2.0,7.24,3.0,1.75,0.62,1.85,0.68
2020-11-26,2.03,4.0,30.73,13.0,67.06,27.0,14.97,5.99,38.34,15.07
2020-11-27,2.92,3.0,28.73,12.0,72.32,28.0,5.11,4.05,17.29,8.76
2020-11-28,10.6,4.0,58.65,16.0,193.8,48.0,20.05,4.16,64.18,14.86
2020-11-29,33.84,7.0,124.47,34.0,263.69,82.0,16.41,5.66,61.27,18.09
2020-11-30,17.11,5.0,95.51,22.0,207.0,52.0,24.56,5.87,56.26,15.73
2020-12-01,19.15,9.0,69.38,26.0,142.68,45.0,24.33,10.12,51.13,16.56
2020-12-02,0.56,1.0,46.95,15.0,132.21,41.0,6.0,3.43,22.06,7.57
2020-12-03,7.41,3.0,145.56,38.0,266.23,69.0,46.76,11.83,103.01,26.55
2020-12-04,23.3,8.0,109.06,38.0,249.88,88.0,12.23,3.78,27.92,11.05
2020-12-05,13.8,10.0,112.54,42.0,296.3,96.0,26.78,9.21,47.0,17.59
2020-12-06,10.83,1.0,77.3,19.0,198.73,58.0,1.49,1.26,11.49,5.79
2020-12-07,0.0,0.0,49.79,16.0,131.93,38.0,4.99,1.95,16.52,6.64
2020-12-08,35.25,8.0,128.38,27.0,222.36,49.0,70.62,14.59,115.45,26.01
2020-12-09,2.78,4.0,110.9,31.0,249.15,64.0,64.08,17.77,147.25,39.1
2020-12-10,16.76,7.0,146.56,36.0,309.23,84.0,57.71,14.84,118.71,34.47
2020-12-11,0.0,0.0,6.36,2.0,41.85,14.0,0.03,0.02,0.03,0.02
2020-12-12,0.0,0.0,0.0,0.0,4.76,2.0,0.0,0.0,3.55,1.48
2020-12-13,10.5,5.0,24.06,10.0,118.87,25.0,8.78,2.62,8.78,2.62
2020-12-14,11.45,8.0,75.99,23.0,146.36,46.0,47.05,13.14,86.82,25.2
2020-12-15,29.9,11.0,143.65,58.0,376.45,131.0,55.46,22.33,173.79,59.83
2020-12-16,20.07,4.0,68.38,20.0,160.74,43.0,24.02,7.83,73.49,18.56
2020-12-17,15.48,3.0,46.23,12.0,82.91,21.0,5.78,2.45,21.89,6.62
2020-12-18,31.42,8.0,98.56,26.0,153.78,42.0,9.32,3.98,18.99,8.3
2020-12-19,13.5,6.0,98.91,28.0,267.77,59.0,21.49,4.44,42.83,11.07
2020-12-20,27.02,13.0,88.9,38.0,197.52,76.0,14.98,7.0,44.8,16.13
2020-12-21,1.9,2.0,67.87,21.0,172.93,52.0,11.89,3.83,46.93,14.1
2020-12-22,22.26,6.0,80.74,24.0,194.75,54.0,23.42,6.88,49.43,12.95
2020-12-23,2.5,1.0,66.73,20.0,117.38,39.0,30.11,7.62,54.81,16.8
2020-12-24,6.48,2.0,70.03,18.0,149.83,48.0,16.15,5.7,52.03,20.07
2020-12-25,6.47,3.0,85.92,28.0,231.53,71.0,20.74,8.07,88.29,26.87
2020-12-26,46.51,9.0,96.71,27.0,223.64,63.0,6.96,2.2,55.02,12.38
2020-12-27,9.22,2.0,110.53,34.0,232.85,69.0,2.09,0.4,2.41,0.44
2020-12-28,4.71,2.0,41.52,16.0,62.95,26.0,18.13,7.73,29.82,13.05
2020-12-29,2.12,2.0,66.1,16.0,123.5,37.0,25.31,5.93,56.93,15.37
2020-12-30,13.57,2.0,76.23,22.0,129.78,37.0,27.26,9.21,49.58,14.98
2020-12-31,9.32,3.0,37.45,15.0,74.78,29.0,3.29,1.52,9.3,4.91
2021-01-01,0.0,0.0,3.26,2.0,20.17,11.0,1.55,1.29,10.8,7.06
2021-01-02,0.76,1.0,0.76,1.0,18.43,6.0,0.0,0.0,12.51,3.3
2021-01-03,0.0,0.0,0.0,0.0,1.9,1.0,0.0,0.0,0.0,0.0
2021-01-04,0.0,0.0,2.25,1.0,71.83,17.0,1.09,0.49,6.81,2.26
2021-01-05,0.0,0.0,0.0,0.0,0.51,1.0,0.0,0.0,0.18,0.35
2021-01-06,0.0,0.0,0.0,0.0,0.58,1.0,0.0,0.0,0.55,0.95
2021-01-07,0.0,0.0,0.0,0.0,0.0,0.0,0.0,0.0,0.0,0.0
2021-01-08,0.0,0.0,0.0,0.0,0.0,0.0,0.0,0.0,0.0,0.0
2021-01-09,0.0,0.0,8.55,3.0,20.44,6.0,4.33,1.56,10.73,3.32
2021-01-10,3.13,1.0,26.65,10.0,33.27,13.0,2.28,0.66,2.28,0.66
2021-01-11,7.78,3.0,36.12,16.0,71.17,27.0,2.38,1.78,11.88,4.3
2021-01-12,0.0,0.0,33.6,11.0,46.27,13.0,0.92,0.3,2.58,0.47
2021-01-13,16.31,5.0,31.99,9.0,71.19,22.0,16.22,3.11,25.27,5.59
2021-01-14,0.0,0.0,1.38,1.0,20.8,6.0,0.25,0.18,6.48,1.94
2021-01-15,12.46,3.0,63.8,13.0,194.83,40.0,41.97,8.69,144.41,28.01
2021-01-16,0.0,0.0,17.56,7.0,66.74,22.0,3.65,1.11,11.43,4.21
2021-01-17,0.0,0.0,3.19,1.0,12.74,4.0,0.0,0.0,0.0,0.0
2021-01-18,0.0,0.0,1.91,1.0,9.5,3.0,0.73,0.38,5.44,1.69
2021-01-19,5.31,2.0,45.26,11.0,150.78,37.0,15.24,2.05,29.05,6.52
2021-01-20,3.58,1.0,56.92,15.0,192.09,40.0,0.87,0.46,13.81,5.42
2021-01-21,1.96,2.0,56.88,23.0,180.42,60.0,21.7,7.8,49.42,18.02
2021-01-22,0.0,0.0,25.42,8.0,92.49,28.0,0.8,0.16,11.96,3.91
2021-01-23,6.36,3.0,15.6,6.0,103.11,18.0,2.98,1.71,11.13,2.69
2021-01-24,0.0,0.0,0.0,0.0,17.91,6.0,0.0,0.0,7.56,2.09
2021-01-25,0.0,0.0,33.92,7.0,36.78,8.0,6.33,1.34,7.32,1.69
2021-01-26,2.18,1.0,65.53,19.0,119.49,34.0,20.67,4.91,51.08,11.93
2021-01-27,5.54,3.0,88.6,32.0,152.47,53.0,8.91,4.89,30.85,11.18
2021-01-28,0.73,1.0,6.8,4.0,56.73,18.0,3.61,1.97,23.35,8.07
2021-01-29,4.62,1.0,13.93,5.0,35.56,12.0,8.4,3.04,16.04,4.8
2021-01-30,14.51,3.0,57.48,15.0,188.18,40.0,10.43,2.02,43.37,6.38
2021-01-31,0.28,1.0,57.11,17.0,180.05,49.0,7.36,3.22,37.14,10.95
2021-02-01,13.34,5.0,64.91,25.0,268.91,90.0,5.25,2.52,26.95,8.85
2021-02-02,2.02,1.0,52.53,14.0,183.37,51.0,2.97,0.76,17.08,5.96
2021-02-03,10.9,3.0,36.32,10.0,250.35,43.0,10.52,2.66,27.82,5.68
2021-02-04,0.0,0.0,6.45,3.0,10.43,4.0,0.18,0.04,0.18,0.04
2021-02-05,0.0,0.0,18.23,8.0,38.75,15.0,8.0,3.69,9.84,4.79
2021-02-06,4.88,2.0,53.75,19.0,208.8,75.0,16.75,5.58,44.55,17.16
2021-02-07,15.3,2.0,38.56,9.0,360.02,79.0,3.04,1.14,15.39,4.32
2021-02-08,5.98,1.0,20.4,5.0,117.17,30.0,3.41,0.86,6.37,2.49
2021-02-09,37.76,4.0,105.32,18.0,314.81,48.0,17.22,5.88,74.8,14.82
2021-02-10,0.0,0.0,35.75,11.0,212.01,44.0,14.93,4.68,95.15,22.32
2021-02-11,16.61,6.0,91.99,30.0,337.14,89.0,28.19,10.58,97.57,28.36
2021-02-12,19.06,5.0,58.22,16.0,139.25,43.0,10.31,3.04,19.77,6.09
2021-02-13,0.0,0.0,14.18,5.0,59.37,18.0,6.62,2.12,34.4,9.46
2021-02-14,7.79,1.0,41.39,11.0,107.24,23.0,22.17,6.24,66.51,13.16
2021-02-15,0.0,0.0,46.25,15.0,183.67,50.0,0.0,0.0,2.82,0.63
2021-02-16,0.31,1.0,82.08,20.0,369.92,64.0,39.97,11.41,283.95,44.65
2021-02-17,0.66,1.0,53.42,24.0,241.19,87.0,23.53,9.94,113.02,42.65
2021-02-18,31.61,2.0,57.98,11.0,156.56,39.0,29.72,5.7,76.94,20.7
2021-02-19,0.0,0.0,41.33,8.0,126.37,28.0,35.21,5.89,82.16,16.79
2021-02-20,1.79,1.0,47.1,14.0,133.47,40.0,16.04,4.14,26.9,8.14
2021-02-21,11.32,9.0,22.94,15.0,119.25,38.0,4.51,5.21,32.4,10.7
2021-02-22,3.02,2.0,60.58,12.0,216.48,57.0,29.17,3.04,69.74,14.12
2021-02-23,3.41,2.0,68.04,19.0,218.95,62.0,15.97,3.97,43.25,9.98
2021-02-24,5.13,2.0,16.38,6.0,186.03,38.0,1.26,1.13,40.38,7.11
2021-02-25,1.29,1.0,32.56,5.0,157.52,27.0,3.26,1.0,10.05,2.34
2021-02-26,57.1,2.0,93.67,8.0,323.92,37.0,12.53,2.14,21.0,3.92
2021-02-27,5.48,2.0,31.33,8.0,84.92,25.0,6.67,2.22,25.64,7.92
2021-02-28,19.87,7.0,61.14,17.0,434.21,76.0,21.54,6.44,164.47,31.73
2021-03-01,1.37,3.0,30.75,9.0,143.87,40.0,18.77,4.45,27.3,8.24
2021-03-02,0.0,0.0,24.52,4.0,262.86,44.0,19.86,2.87,32.63,5.2
2021-03-03,3.87,2.0,7.53,6.0,67.71,22.0,2.8,1.98,13.32,4.34
2021-03-04,4.95,7.0,32.01,14.0,89.51,33.0,7.27,6.07,32.88,12.99
2021-03-05,7.32,2.0,24.18,13.0,275.6,89.0,11.74,6.78,100.49,22.27
2021-03-06,17.57,8.0,24.55,10.0,140.37,37.0,4.91,1.88,4.95,1.89
2021-03-07,0.0,0.0,11.03,3.0,38.35,8.0,0.14,0.03,5.86,0.9
2021-03-08,0.0,0.0,0.0,0.0,9.39,4.0,0.0,0.0,1.28,0.65
2021-03-09,0.0,0.0,10.81,4.0,56.9,13.0,2.54,0.64,36.24,6.41
2021-03-10,0.0,0.0,8.48,4.0,86.2,33.0,0.53,0.3,23.79,8.89
2021-03-11,0.87,2.0,11.74,5.0,134.64,45.0,4.88,2.08,43.23,12.67
2021-03-12,0.0,0.0,0.0,0.0,12.57,3.0,0.0,0.0,0.66,0.15
2021-03-13,0.76,1.0,0.76,1.0,122.38,44.0,0.74,0.97,28.97,9.67
2021-03-14,3.48,1.0,4.88,3.0,102.71,24.0,3.99,1.69,11.94,3.36
2021-03-15,0.0,0.0,0.0,0.0,84.28,22.0,0.0,0.0,2.65,1.84
2021-03-16,0.0,0.0,5.54,5.0,193.05,38.0,0.36,0.92,12.69,3.62
2021-03-17,0.39,1.0,3.69,3.0,104.06,21.0,0.6,1.86,8.91,3.61
2021-03-18,0.0,0.0,0.0,0.0,29.96,10.0,0.0,0.0,4.21,1.06
2021-03-19,4.3,4.0,4.3,4.0,77.07,26.0,0.24,0.65,3.3,1.77
2021-03-20,4.36,6.0,5.11,7.0,99.49,31.0,1.96,2.5,3.43,3.61
2021-03-21,3.63,1.0,39.15,8.0,168.32,41.0,24.61,3.34,110.48,27.67
2021-03-22,0.0,0.0,10.88,3.0,33.0,9.0,9.28,2.6,18.09,5.25
2021-03-23,4.82,2.0,4.82,2.0,10.84,7.0,4.82,2.0,10.67,6.81
2021-03-24,0.0,0.0,3.6,1.0,110.61,21.0,1.25,0.35,12.34,2.26
2021-03-25,0.69,2.0,1.11,3.0,50.73,25.0,0.79,1.95,1.62,2.98
2021-03-26,4.2,5.0,22.36,9.0,169.17,67.0,6.89,4.19,21.83,9.81
2021-03-27,6.22,2.0,32.53,10.0,208.64,66.0,1.9,0.61,8.14,2.72
2021-03-28,5.39,1.0,16.67,5.0,98.72,41.0,0.2,0.31,4.53,3.14
2021-03-29,7.03,2.0,14.64,5.0,105.88,35.0,0.04,0.01,36.28,16.45
2021-03-30,2.66,3.0,28.2,11.0,313.61,65.0,7.57,2.57,11.51,4.73
2021-03-31,2.9,3.0,65.52,11.0,697.14,138.0,4.22,3.59,35.94,8.52
2021-04-01,59.81,8.0,100.72,17.0,537.03,131.0,34.72,4.13,57.89,8.27
2021-04-02,5.8,4.0,36.47,11.0,351.28,79.0,13.74,4.87,37.14,12.23
2021-04-03,53.43,6.0,57.57,7.0,268.86,76.0,7.48,1.58,64.04,20.05
2021-04-04,0.37,1.0,21.43,6.0,264.59,74.0,15.89,2.07,21.75,3.87
2021-04-05,0.0,0.0,1.2,3.0,50.84,17.0,0.0,0.0,13.3,3.94
2021-04-06,2.36,1.0,13.66,5.0,85.67,19.0,7.5,2.17,10.09,3.96
2021-04-07,6.09,3.0,21.71,7.0,235.77,66.0,14.37,4.76,68.59,19.33
2021-04-08,11.49,3.0,29.63,13.0,193.53,39.0,1.73,2.15,26.01,5.17
2021-04-09,57.58,7.0,170.23,29.0,351.82,54.0,13.7,6.32,69.74,13.26
2021-04-10,19.78,7.0,245.84,24.0,657.67,98.0,137.87,11.26,159.73,16.29
2021-04-11,2.84,3.0,58.54,12.0,381.29,79.0,5.4,3.03,114.82,9.74
2021-04-12,10.6,2.0,42.96,8.0,308.48,75.0,3.41,0.7,36.12,8.85
2021-04-13,20.39,5.0,110.07,19.0,292.46,63.0,25.0,3.0,39.33,7.6
2021-04-14,49.09,6.0,266.74,45.0,358.91,70.0,109.81,14.46,110.57,14.66
2021-04-15,4.55,2.0,114.05,20.0,262.54,62.0,51.07,6.29,72.39,14.34
2021-04-16,82.35,10.0,151.65,17.0,366.14,51.0,0.0,0.0,3.24,1.73
2021-04-17,2.87,2.0,14.43,7.0,70.85,27.0,2.55,1.48,18.28,7.5
2021-04-18,63.75,14.0,354.63,54.0,775.76,98.0,100.09,8.06,160.18,22.66
2021-04-19,39.49,11.0,217.42,42.0,587.13,99.0,26.44,7.09,125.87,25.59
2021-04-20,0.0,0.0,2.76,3.0,12.29,6.0,0.27,0.27,3.55,1.26
2021-04-21,65.14,13.0,271.97,46.0,419.73,83.0,64.93,15.38,82.08,19.83
2021-04-22,51.63,15.0,267.78,59.0,357.87,90.0,38.28,7.62,75.87,18.82
2021-04-23,26.17,5.0,131.7,24.0,176.02,39.0,14.66,1.66,16.28,2.67
2021-04-24,146.52,26.0,829.63,131.0,1587.49,279.0,554.72,74.52,1122.25,178.12
2021-04-25,99.78,18.0,905.2,129.0,1874.38,308.0,598.67,79.92,1275.2,199.61
2021-04-26,219.45,21.0,1316.72,133.0,3422.84,341.0,745.76,80.08,2022.3,197.4
2021-04-27,191.3,24.0,1704.53,200.0,3600.27,452.0,1278.49,148.2,2826.2,342.68
2021-04-28,64.15,8.0,936.07,90.0,2757.19,263.0,740.9,71.94,1968.73,187.47
2021-04-29,220.0,31.0,1162.09,144.0,4049.76,550.0,892.06,109.34,3323.6,439.51
2021-04-30,19.85,5.0,259.45,60.0,1007.24,212.0,12.4,2.51,69.11,13.38
2021-05-01,124.63,18.0,474.71,68.0,2964.28,430.0,94.92,15.2,187.77,36.43
2021-05-02,366.78,40.0,1334.83,186.0,2800.71,453.0,157.34,24.11,204.67,34.53
2021-05-03,24.62,7.0,203.61,37.0,852.35,119.0,153.16,28.98,575.85,78.39
2021-05-04,15.72,6.0,301.16,48.0,894.12,153.0,36.66,7.89,279.34,54.5
2021-05-05,146.33,28.0,530.12,107.0,1336.0,325.0,93.66,18.67,147.16,34.44
2021-05-06,45.62,8.0,168.57,28.0,514.16,96.0,54.14,9.88,146.3,32.73
2021-05-07,10.86,1.0,196.67,22.0,600.72,90.0,36.06,5.69,105.63,19.52
2021-05-08,15.74,3.0,199.76,28.0,999.35,179.0,74.96,8.65,424.5,86.19
2021-05-09,45.77,9.0,236.12,61.0,1029.09,237.0,20.95,5.99,76.04,17.39
2021-05-10,0.0,0.0,56.31,8.0,174.88,26.0,33.8,4.35,61.13,8.16
2021-05-11,5.45,2.0,145.64,29.0,537.85,115.0,16.2,3.02,143.61,22.55
2021-05-12,12.65,2.0,21.73,5.0,114.25,20.0,7.76,1.73,50.1,7.64
2021-05-13,0.68,1.0,26.78,10.0,107.53,30.0,2.55,1.24,72.45,17.84
2021-05-14,8.67,2.0,91.08,12.0,357.21,67.0,12.26,1.35,46.32,8.96
2021-05-15,43.89,10.0,52.91,14.0,102.23,25.0,25.56,5.5,51.85,10.83
2021-05-16,27.18,6.0,90.03,22.0,566.37,130.0,31.72,6.93,318.05,66.33
2021-05-17,0.0,0.0,0.0,0.0,9.14,2.0,0.0,0.0,0.0,0.0
2021-05-18,0.0,0.0,0.0,0.0,0.0,0.0,0.0,0.0,0.0,0.0
2021-05-19,0.0,0.0,0.0,0.0,0.0,0.0,0.0,0.0,0.0,0.0
2021-05-20,0.0,0.0,0.0,0.0,30.42,9.0,0.0,0.0,0.73,0.22
2021-05-21,0.0,0.0,0.0,0.0,0.0,0.0,0.0,0.0,0.0,0.0
2021-05-22,0.0,0.0,0.0,0.0,2.22,2.0,0.0,0.0,0.0,0.0
2021-05-23,5.73,3.0,31.32,6.0,43.63,10.0,7.37,2.23,8.86,3.27
2021-05-24,0.0,0.0,0.0,0.0,22.82,8.0,0.0,0.0,2.6,1.12
2021-05-25,2.97,1.0,9.83,2.0,68.87,12.0,4.98,0.73,15.96,2.61
2021-05-26,10.53,2.0,22.56,8.0,86.12,16.0,9.15,4.03,31.04,8.22
2021-05-27,0.0,0.0,19.03,4.0,68.19,14.0,3.59,1.04,19.58,4.13
2021-05-28,1.57,1.0,12.61,4.0,24.6,8.0,0.33,0.21,1.43,0.71
2021-05-29,5.99,2.0,11.46,4.0,18.45,7.0,0.0,0.0,0.07,0.07
2021-05-30,0.0,0.0,0.0,0.0,0.0,0.0,0.0,0.0,0.0,0.0
2021-05-31,0.0,0.0,1.57,1.0,29.91,6.0,0.0,0.0,21.97,3.44
2021-06-01,0.0,0.0,6.75,1.0,18.71,3.0,5.75,0.85,13.31,2.12
2021-06-02,0.0,0.0,0.0,0.0,4.68,3.0,0.0,0.0,0.5,0.92
2021-06-03,0.0,0.0,6.27,1.0,67.32,9.0,0.18,0.03,8.09,1.57
2021-06-04,0.0,0.0,0.0,0.0,2.39,1.0,0.0,0.0,2.39,1.0
2021-06-05,2.21,2.0,8.49,5.0,15.87,9.0,0.0,0.0,0.35,0.2
2021-06-06,0.0,0.0,0.0,0.0,7.62,2.0,0.0,0.0,0.0,0.0
2021-06-07,0.0,0.0,0.0,0.0,10.2,3.0,0.0,0.0,2.92,0.92
2021-06-08,0.0,0.0,0.0,0.0,8.69,3.0,0.0,0.0,0.58,0.6
2021-06-09,0.0,0.0,0.0,0.0,9.55,3.0,0.0,0.0,8.58,2.23
2021-06-10,0.0,0.0,0.0,0.0,0.0,0.0,0.0,0.0,0.0,0.0
2021-06-11,0.0,0.0,0.0,0.0,0.0,0.0,0.0,0.0,0.0,0.0
2021-06-12,0.0,0.0,0.0,0.0,0.0,0.0,0.0,0.0,0.0,0.0
2021-06-13,0.0,0.0,0.0,0.0,0.0,0.0,0.0,0.0,0.0,0.0
2021-06-14,0.7,1.0,0.7,1.0,6.45,2.0,0.0,0.0,4.66,0.81
2021-06-15,0.0,0.0,0.0,0.0,0.0,0.0,0.0,0.0,0.0,0.0
2021-06-16,0.0,0.0,0.0,0.0,0.0,0.0,0.0,0.0,0.0,0.0
2021-06-17,0.0,0.0,0.0,0.0,2.03,1.0,0.0,0.0,0.0,0.0
2021-06-18,0.0,0.0,0.0,0.0,1.2,1.0,0.0,0.0,0.0,0.0
2021-06-19,0.0,0.0,0.0,0.0,2.06,1.0,0.0,0.0,0.89,0.43
2021-06-20,0.0,0.0,1.55,2.0,5.04,3.0,0.0,0.0,0.0,0.0
2021-06-21,2.32,1.0,5.35,2.0,7.74,3.0,0.01,0.0,0.02,0.01
2021-06-22,2.9,1.0,2.9,1.0,4.29,2.0,0.0,0.0,0.0,0.0
2021-06-23,0.0,0.0,0.0,0.0,0.0,0.0,0.0,0.0,0.0,0.0
2021-06-24,1.82,2.0,2.53,3.0,3.59,4.0,0.0,0.0,0.0,0.0
2021-06-25,0.0,0.0,0.0,0.0,2.18,1.0,0.0,0.0,0.0,0.0
2021-06-26,0.0,0.0,0.0,0.0,2.27,2.0,0.0,0.0,0.0,0.0
2021-06-27,0.0,0.0,0.0,0.0,5.5,2.0,0.0,0.0,0.0,0.0
2021-06-28,0.75,1.0,0.75,1.0,0.75,1.0,0.0,0.0,0.0,0.0
2021-06-29,0.44,1.0,1.02,2.0,5.06,4.0,0.09,0.19,0.25,0.25
2021-06-30,0.0,0.0,0.0,0.0,13.86,5.0,0.0,0.0,1.27,0.3
2021-07-01,0.0,0.0,0.47,1.0,9.07,3.0,0.0,0.0,0.98,0.99
2021-07-02,0.0,0.0,3.57,1.0,19.64,4.0,0.0,0.0,12.13,1.92
2021-07-03,0.0,0.0,0.0,0.0,0.0,0.0,0.0,0.0,0.0,0.0
2021-07-04,0.0,0.0,0.0,0.0,13.36,2.0,0.0,0.0,10.66,1.6
2021-07-05,0.0,0.0,2.44,1.0,7.43,2.0,1.61,0.66,6.38,1.62
2021-07-06,0.0,0.0,0.0,0.0,0.0,0.0,0.0,0.0,0.0,0.0
2021-07-07,0.0,0.0,10.05,3.0,39.98,9.0,3.87,0.85,15.84,3.58
2021-07-08,0.0,0.0,2.46,1.0,2.46,1.0,0.01,0.0,0.01,0.0
2021-07-09,0.95,1.0,0.95,1.0,4.88,2.0,0.0,0.0,3.82,0.97
2021-07-10,0.0,0.0,2.54,1.0,23.89,6.0,0.37,0.14,7.43,2.12
2021-07-11,54.78,19.0,54.78,19.0,62.77,22.0,0.0,0.0,0.46,0.66
2021-07-12,22.35,2.0,22.35,2.0,22.35,2.0,0.0,0.0,0.0,0.0
2021-07-13,0.0,0.0,0.0,0.0,0.0,0.0,0.0,0.0,0.0,0.0
2021-07-14,0.0,0.0,0.0,0.0,0.0,0.0,0.0,0.0,0.0,0.0
2021-07-15,0.0,0.0,0.0,0.0,6.91,1.0,0.0,0.0,0.27,0.04
2021-07-16,2.87,1.0,7.68,2.0,42.03,9.0,0.0,0.0,15.21,2.23
2021-07-17,0.0,0.0,0.0,0.0,0.0,0.0,0.0,0.0,0.0,0.0
2021-07-18,0.0,0.0,0.0,0.0,0.0,0.0,0.0,0.0,0.0,0.0
2021-07-19,0.0,0.0,0.0,0.0,0.0,0.0,0.0,0.0,0.0,0.0
2021-07-20,0.0,0.0,0.0,0.0,0.0,0.0,0.0,0.0,0.0,0.0
2021-07-21,0.0,0.0,0.0,0.0,0.0,0.0,0.0,0.0,0.0,0.0
2021-07-22,0.0,0.0,0.0,0.0,0.0,0.0,0.0,0.0,0.0,0.0
2021-07-23,0.0,0.0,0.0,0.0,3.01,2.0,0.0,0.0,0.0,0.0
2021-07-24,0.0,0.0,0.0,0.0,1.09,1.0,0.0,0.0,0.0,0.0
2021-07-25,0.0,0.0,0.0,0.0,0.0,0.0,0.0,0.0,0.0,0.0
2021-07-26,0.0,0.0,0.0,0.0,0.0,0.0,0.0,0.0,0.0,0.0
2021-07-27,0.0,0.0,0.0,0.0,0.0,0.0,0.0,0.0,0.0,0.0
2021-07-28,0.0,0.0,0.0,0.0,0.0,0.0,0.0,0.0,0.0,0.0
2021-07-29,0.0,0.0,0.0,0.0,0.0,0.0,0.0,0.0,0.0,0.0
2021-07-30,0.0,0.0,0.0,0.0,0.0,0.0,0.0,0.0,0.0,0.0
2021-07-31,0.0,0.0,0.0,0.0,0.0,0.0,0.0,0.0,0.0,0.0
2021-08-01,0.0,0.0,0.0,0.0,0.0,0.0,0.0,0.0,0.0,0.0
2021-08-02,0.0,0.0,0.0,0.0,7.28,2.0,0.0,0.0,6.48,1.78
2021-08-03,0.0,0.0,0.0,0.0,0.0,0.0,0.0,0.0,0.0,0.0
2021-08-04,0.0,0.0,0.0,0.0,0.0,0.0,0.0,0.0,0.0,0.0
2021-08-05,0.0,0.0,0.0,0.0,0.0,0.0,0.0,0.0,0.0,0.0
2021-08-06,0.0,0.0,0.0,0.0,0.0,0.0,0.0,0.0,0.0,0.0
2021-08-07,0.0,0.0,0.0,0.0,0.0,0.0,0.0,0.0,0.0,0.0
2021-08-08,0.0,0.0,0.0,0.0,0.0,0.0,0.0,0.0,0.0,0.0
2021-08-09,0.0,0.0,0.0,0.0,0.0,0.0,0.0,0.0,0.0,0.0
2021-08-10,0.63,1.0,1.24,2.0,1.24,2.0,0.07,0.11,0.07,0.11
2021-08-11,0.52,1.0,1.42,2.0,1.42,2.0,0.35,0.39,0.35,0.39
2021-08-12,0.0,0.0,0.0,0.0,7.96,1.0,0.0,0.0,0.0,0.0
2021-08-13,0.0,0.0,0.0,0.0,0.0,0.0,0.0,0.0,0.0,0.0
2021-08-14,2.44,1.0,2.44,1.0,2.44,1.0,0.0,0.0,0.0,0.0
2021-08-15,0.0,0.0,0.0,0.0,2.41,1.0,0.0,0.0,0.12,0.05
2021-08-16,0.0,0.0,1.01,1.0,1.01,1.0,0.99,0.98,0.99,0.98
2021-08-17,1.16,1.0,3.69,3.0,5.35,4.0,1.05,0.89,1.51,1.17
2021-08-18,0.0,0.0,0.0,0.0,0.0,0.0,0.0,0.0,0.0,0.0
2021-08-19,0.0,0.0,0.0,0.0,0.0,0.0,0.0,0.0,0.0,0.0
2021-08-20,0.0,0.0,0.0,0.0,0.0,0.0,0.0,0.0,0.0,0.0
2021-08-21,0.0,0.0,0.0,0.0,0.0,0.0,0.0,0.0,0.0,0.0
2021-08-22,0.0,0.0,0.0,0.0,0.49,1.0,0.0,0.0,0.0,0.0
2021-08-23,0.0,0.0,0.0,0.0,0.0,0.0,0.0,0.0,0.0,0.0
2021-08-24,0.0,0.0,0.0,0.0,3.27,1.0,0.0,0.0,0.0,0.0
2021-08-25,0.0,0.0,0.0,0.0,0.0,0.0,0.0,0.0,0.0,0.0
2021-08-26,0.0,0.0,0.0,0.0,0.0,0.0,0.0,0.0,0.0,0.0
2021-08-27,0.0,0.0,0.0,0.0,11.68,2.0,0.0,0.0,0.0,0.0
2021-08-28,0.43,1.0,0.43,1.0,0.43,1.0,0.0,0.0,0.0,0.0
2021-08-29,0.0,0.0,0.0,0.0,0.0,0.0,0.0,0.0,0.0,0.0
2021-08-30,0.0,0.0,0.0,0.0,2.38,1.0,0.0,0.0,0.0,0.0
2021-08-31,0.0,0.0,0.0,0.0,0.0,0.0,0.0,0.0,0.0,0.0
2021-09-01,0.0,0.0,0.0,0.0,0.0,0.0,0.0,0.0,0.0,0.0
2021-09-02,0.0,0.0,0.0,0.0,0.0,0.0,0.0,0.0,0.0,0.0
2021-09-03,0.0,0.0,0.0,0.0,0.0,0.0,0.0,0.0,0.0,0.0
2021-09-04,0.0,0.0,0.0,0.0,0.0,0.0,0.0,0.0,0.0,0.0
2021-09-05,0.0,0.0,0.0,0.0,0.0,0.0,0.0,0.0,0.0,0.0
2021-09-06,0.0,0.0,0.0,0.0,0.0,0.0,0.0,0.0,0.0,0.0
2021-09-07,1.64,1.0,1.64,1.0,6.12,3.0,0.99,0.6,0.99,0.6
2021-09-08,4.33,1.0,4.33,1.0,4.33,1.0,0.0,0.0,0.0,0.0
2021-09-09,2.01,2.0,4.18,5.0,5.53,6.0,0.77,0.52,0.77,0.52
2021-09-10,0.0,0.0,0.0,0.0,0.0,0.0,0.0,0.0,0.0,0.0
2021-09-11,0.0,0.0,0.7,1.0,0.7,1.0,0.0,0.0,0.0,0.0
2021-09-12,0.0,0.0,0.0,0.0,0.0,0.0,0.0,0.0,0.0,0.0
2021-09-13,0.0,0.0,0.0,0.0,0.0,0.0,0.0,0.0,0.0,0.0
2021-09-14,0.0,0.0,0.0,0.0,0.0,0.0,0.0,0.0,0.0,0.0
2021-09-15,0.0,0.0,0.0,0.0,0.0,0.0,0.0,0.0,0.0,0.0
2021-09-16,0.0,0.0,0.0,0.0,0.0,0.0,0.0,0.0,0.0,0.0
2021-09-17,0.92,1.0,0.92,1.0,0.92,1.0,0.08,0.09,0.08,0.09
2021-09-18,0.0,0.0,1.28,1.0,4.95,4.0,0.0,0.0,1.59,1.0
2021-09-19,0.56,1.0,0.56,1.0,2.74,2.0,0.0,0.0,0.0,0.0
2021-09-20,0.0,0.0,0.0,0.0,5.26,1.0,0.0,0.0,0.0,0.0
2021-09-21,0.0,0.0,0.0,0.0,0.0,0.0,0.0,0.0,0.0,0.0
2021-09-22,0.0,0.0,0.0,0.0,0.0,0.0,0.0,0.0,0.0,0.0
2021-09-23,0.0,0.0,0.0,0.0,1.31,1.0,0.0,0.0,0.0,0.0
2021-09-24,0.0,0.0,0.69,1.0,1.24,2.0,0.0,0.0,0.52,0.94
2021-09-25,0.0,0.0,0.82,1.0,0.82,1.0,0.0,0.0,0.0,0.0
2021-09-26,0.0,0.0,0.0,0.0,1.82,1.0,0.0,0.0,0.17,0.09
2021-09-27,1.02,1.0,1.89,2.0,5.82,4.0,0.01,0.01,1.72,1.16
2021-09-28,1.28,1.0,1.28,1.0,5.02,2.0,0.0,0.0,0.0,0.0
2021-09-29,1.1,1.0,3.77,3.0,30.75,13.0,0.0,0.0,2.63,1.33
2021-09-30,2.23,1.0,2.23,1.0,10.58,3.0,0.0,0.0,0.0,0.0
2021-10-01,0.0,0.0,0.0,0.0,4.49,2.0,0.0,0.0,0.15,0.06
2021-10-02,0.0,0.0,0.0,0.0,6.74,2.0,0.0,0.0,2.01,0.6
2021-10-03,1.52,1.0,3.12,2.0,36.41,9.0,1.44,0.9,1.52,0.93
2021-10-04,2.88,1.0,5.52,2.0,18.82,6.0,0.4,0.15,2.8,0.88
2021-10-05,1.78,1.0,1.78,1.0,14.03,4.0,0.45,0.25,6.55,1.59
2021-10-06,0.0,0.0,1.38,1.0,25.93,7.0,1.15,0.84,13.58,3.65
2021-10-07,9.59,2.0,9.59,2.0,86.12,19.0,0.0,0.0,39.63,7.68
2021-10-08,4.24,1.0,11.52,3.0,143.53,29.0,0.76,0.2,45.33,8.37
2021-10-09,9.2,3.0,42.6,9.0,333.48,83.0,10.14,1.31,106.36,24.02
2021-10-10,20.23,10.0,29.72,16.0,612.49,171.0,1.75,0.71,17.64,4.48
2021-10-11,33.11,5.0,58.91,11.0,430.35,88.0,8.78,1.24,9.54,1.32
2021-10-12,3.47,2.0,16.24,8.0,343.3,80.0,1.67,0.99,242.53,51.38
2021-10-13,0.93,1.0,40.78,12.0,739.39,140.0,0.03,0.04,533.16,90.53
2021-10-14,20.1,8.0,114.86,27.0,1095.11,229.0,11.81,5.87,636.82,132.56
2021-10-15,11.58,6.0,173.29,46.0,2490.38,585.0,32.29,11.01,2060.69,477.08
2021-10-16,17.41,5.0,97.75,15.0,1597.02,302.0,12.11,1.99,147.19,30.86
2021-10-17,0.0,0.0,0.0,0.0,0.0,0.0,0.0,0.0,0.0,0.0
2021-10-18,0.0,0.0,0.0,0.0,0.0,0.0,0.0,0.0,0.0,0.0
2021-10-19,0.64,1.0,1.15,2.0,354.63,64.0,0.46,0.76,280.74,50.11
2021-10-20,1.9,2.0,2.19,3.0,1093.5,221.0,0.53,0.77,562.24,111.26
2021-10-21,0.0,0.0,8.07,4.0,926.67,199.0,5.54,2.7,312.28,64.47
2021-10-22,3.89,4.0,16.06,5.0,875.89,132.0,1.71,0.7,41.2,6.53
2021-10-23,0.0,0.0,31.57,5.0,1205.97,212.0,30.91,4.86,30.91,4.86
2021-10-24,0.0,0.0,108.01,15.0,323.4,49.0,1.01,0.19,1.01,0.19
2021-10-25,4.08,2.0,76.54,19.0,559.56,114.0,0.1,0.14,470.76,92.01
2021-10-26,11.89,7.0,39.23,18.0,820.33,202.0,1.06,2.84,696.91,160.91
2021-10-27,3.62,2.0,30.89,8.0,608.25,122.0,0.0,0.0,431.19,85.6
2021-10-28,2.82,2.0,29.47,9.0,658.41,135.0,1.77,1.48,513.19,100.36
2021-10-29,7.01,4.0,65.99,21.0,1201.06,181.0,14.89,6.96,1065.96,146.72
2021-10-30,16.18,3.0,140.4,29.0,1362.52,247.0,8.67,3.54,898.72,147.44
2021-10-31,16.03,10.0,226.42,55.0,1874.28,406.0,11.87,4.37,817.38,160.76
2021-11-01,6.56,3.0,139.52,23.0,1515.24,244.0,62.69,8.7,91.51,17.35
2021-11-02,14.34,5.0,66.09,22.0,833.83,169.0,34.72,11.67,35.17,11.8
2021-11-03,0.0,0.0,164.24,33.0,1407.75,259.0,126.3,23.77,126.3,23.77
2021-11-04,24.38,8.0,514.13,81.0,1764.23,273.0,30.94,9.48,1094.72,164.02
2021-11-05,0.48,1.0,91.48,33.0,1746.84,401.0,52.28,19.63,1522.68,328.96
2021-11-06,9.8,2.0,256.82,63.0,1982.73,325.0,42.55,11.67,1364.55,188.16
2021-11-07,6.27,2.0,71.47,15.0,910.92,138.0,31.2,5.55,710.84,94.58
2021-11-08,3.53,1.0,37.95,11.0,1318.5,202.0,19.74,6.13,1086.15,161.21
2021-11-09,9.37,2.0,81.07,18.0,1099.29,180.0,38.01,9.39,975.09,153.45
2021-11-10,18.53,9.0,158.39,46.0,1485.14,314.0,69.98,20.46,1162.99,232.34
2021-11-11,22.61,9.0,89.29,28.0,780.98,191.0,43.11,11.3,567.59,121.94
2021-11-12,13.38,2.0,50.44,14.0,826.2,150.0,30.0,9.12,729.01,123.3
2021-11-13,7.9,1.0,70.77,20.0,889.74,186.0,32.9,9.46,747.7,152.49
2021-11-14,3.69,3.0,42.84,11.0,888.78,138.0,36.07,7.85,778.93,111.36
2021-11-15,58.97,11.0,103.16,23.0,866.89,167.0,36.45,10.27,714.43,133.96
2021-11-16,5.17,4.0,163.76,47.0,1123.92,280.0,110.51,33.46,960.85,231.17
2021-11-17,7.13,2.0,61.87,16.0,449.08,111.0,32.34,8.72,212.51,50.2
2021-11-18,0.0,0.0,27.06,10.0,247.23,65.0,16.56,7.41,213.2,56.06
2021-11-19,0.0,0.0,24.2,10.0,565.67,123.0,18.03,7.59,531.4,113.92
2021-11-20,2.35,3.0,78.8,30.0,663.5,152.0,44.06,16.66,519.79,114.01
2021-11-21,20.61,10.0,133.46,43.0,758.36,196.0,77.96,22.93,616.56,153.72
2021-11-22,13.04,4.0,84.74,21.0,640.36,130.0,62.24,14.5,466.05,90.23
2021-11-23,7.27,5.0,47.8,9.0,191.58,42.0,0.11,0.16,75.24,14.54
2021-11-24,2.24,1.0,50.99,14.0,182.93,51.0,3.53,1.39,9.09,3.0
2021-11-25,0.93,2.0,37.97,11.0,176.48,41.0,6.31,1.47,6.98,1.68
2021-11-26,15.18,7.0,94.57,33.0,295.48,92.0,14.13,3.64,24.56,6.83
2021-11-27,11.48,4.0,152.57,48.0,365.72,123.0,20.38,8.14,53.46,19.65
2021-11-28,9.06,6.0,82.99,32.0,165.68,59.0,42.99,16.49,87.2,31.39
2021-11-29,0.0,0.0,48.44,16.0,172.93,58.0,35.88,12.09,85.2,27.1
2021-11-30,0.0,0.0,13.71,7.0,124.22,38.0,2.77,1.4,68.03,17.66
2021-12-01,0.0,0.0,0.0,0.0,0.0,0.0,0.0,0.0,0.0,0.0
2021-12-02,4.82,4.0,4.82,4.0,7.44,6.0,3.89,2.66,6.39,4.57
2021-12-03,1.55,3.0,1.55,3.0,22.62,14.0,0.69,1.59,11.33,8.24
2021-12-04,17.72,4.0,97.97,19.0,161.68,44.0,64.88,10.54,92.48,23.44
2021-12-05,0.0,0.0,7.56,2.0,33.87,10.0,6.49,1.73,28.13,8.05
2021-12-06,8.36,6.0,36.6,14.0,90.55,29.0,10.86,5.51,44.5,14.03
2021-12-07,3.44,2.0,87.43,24.0,199.24,64.0,36.59,8.53,69.74,19.63
2021-12-08,12.5,5.0,63.32,18.0,237.46,76.0,3.8,1.31,21.6,7.47
2021-12-09,7.63,2.0,48.06,12.0,100.55,27.0,3.66,1.44,19.81,7.07
2021-12-10,32.84,7.0,50.41,14.0,112.61,34.0,6.32,3.4,18.9,7.51
2021-12-11,17.02,8.0,85.96,22.0,120.95,35.0,7.21,3.07,16.57,5.94
2021-12-12,9.57,4.0,141.34,46.0,249.97,82.0,4.04,0.54,5.0,0.85
2021-12-13,13.06,7.0,65.67,28.0,204.37,79.0,46.65,17.99,136.48,53.23
2021-12-14,4.67,1.0,69.4,25.0,201.25,61.0,44.23,17.26,136.47,42.43
2021-12-15,0.0,0.0,48.4,14.0,116.11,42.0,31.85,8.21,81.05,28.35
2021-12-16,7.39,7.0,29.34,16.0,80.31,34.0,19.49,10.56,40.75,18.39
2021-12-17,36.19,9.0,60.13,16.0,152.74,39.0,25.61,7.79,50.27,14.06
2021-12-18,4.47,2.0,88.73,29.0,183.92,68.0,20.89,8.51,49.77,18.59
2021-12-19,0.0,0.0,59.25,15.0,168.15,46.0,10.59,3.02,25.77,7.25
2021-12-20,5.02,2.0,58.7,15.0,101.2,29.0,19.91,5.19,32.25,9.86
2021-12-21,10.93,3.0,45.74,15.0,123.95,40.0,6.97,3.56,34.01,12.25
2021-12-22,34.23,9.0,93.95,30.0,209.86,69.0,32.86,11.02,71.66,23.66
2021-12-23,7.21,4.0,98.82,41.0,220.08,85.0,2.06,1.07,3.23,1.4
2021-12-24,13.0,5.0,145.0,43.0,257.94,80.0,29.96,8.97,53.8,17.49
2021-12-25,11.76,2.0,31.48,8.0,114.37,30.0,27.44,6.44,82.04,21.5
2021-12-26,2.22,2.0,2.22,2.0,5.49,3.0,0.0,0.0,2.66,0.81
2021-12-27,0.0,0.0,16.87,5.0,31.07,10.0,14.18,4.27,24.63,7.98
2021-12-28,0.0,0.0,0.38,1.0,7.72,5.0,0.0,0.0,2.02,1.03
2021-12-29,4.41,3.0,60.78,24.0,141.72,49.0,17.98,5.89,47.79,14.26
2021-12-30,6.45,2.0,10.07,5.0,16.03,6.0,2.9,2.47,2.9,2.47
2021-12-31,1.89,2.0,21.46,9.0,58.14,22.0,7.19,3.89,17.97,6.55
2022-01-01,4.0,2.0,27.51,11.0,78.09,31.0,1.34,1.32,9.4,4.29
2022-01-02,5.12,2.0,54.21,14.0,74.96,24.0,12.14,3.15,19.83,7.38
2022-01-03,8.83,3.0,95.92,26.0,231.92,76.0,10.18,3.14,31.64,11.53
2022-01-04,0.0,0.0,18.87,6.0,57.26,11.0,2.92,0.86,6.02,1.43
2022-01-05,0.0,0.0,0.0,0.0,0.0,0.0,0.0,0.0,0.0,0.0
2022-01-06,0.0,0.0,0.0,0.0,1.54,1.0,0.0,0.0,0.0,0.0
2022-01-07,0.0,0.0,0.0,0.0,5.29,1.0,0.0,0.0,4.67,0.88
2022-01-08,0.0,0.0,0.0,0.0,0.0,0.0,0.0,0.0,0.0,0.0
2022-01-09,0.0,0.0,0.0,0.0,0.0,0.0,0.0,0.0,0.0,0.0
2022-01-10,0.0,0.0,0.0,0.0,1.95,1.0,0.0,0.0,0.0,0.0
2022-01-11,0.0,0.0,0.0,0.0,0.0,0.0,0.0,0.0,0.0,0.0
2022-01-12,0.0,0.0,0.0,0.0,0.81,1.0,0.0,0.0,0.34,0.42
2022-01-13,4.03,2.0,4.03,2.0,13.01,4.0,0.08,0.16,2.2,0.64
2022-01-14,3.32,1.0,3.32,1.0,3.32,1.0,0.0,0.0,0.0,0.0
2022-01-15,0.0,0.0,0.0,0.0,0.0,0.0,0.0,0.0,0.0,0.0
2022-01-16,0.0,0.0,2.15,2.0,2.15,2.0,0.34,0.32,0.34,0.32
2022-01-17,0.0,0.0,0.0,0.0,6.08,3.0,0.0,0.0,0.0,0.0
2022-01-18,4.42,1.0,4.42,1.0,25.21,4.0,0.0,0.0,3.94,0.89
2022-01-19,4.42,1.0,27.18,10.0,29.77,11.0,5.18,1.91,5.44,2.01
2022-01-20,0.0,0.0,0.0,0.0,0.0,0.0,0.0,0.0,0.0,0.0
2022-01-21,0.0,0.0,0.0,0.0,12.69,3.0,0.0,0.0,0.03,0.01
2022-01-22,0.0,0.0,0.0,0.0,0.0,0.0,0.0,0.0,0.0,0.0
2022-01-23,0.0,0.0,0.0,0.0,0.63,1.0,0.0,0.0,0.12,0.2
2022-01-24,0.68,1.0,1.39,2.0,1.39,2.0,0.59,0.86,0.59,0.86
2022-01-25,0.0,0.0,0.0,0.0,0.0,0.0,0.0,0.0,0.0,0.0
2022-01-26,0.0,0.0,0.0,0.0,0.86,1.0,0.0,0.0,0.51,0.59
2022-01-27,0.0,0.0,0.0,0.0,0.0,0.0,0.0,0.0,0.0,0.0
2022-01-28,1.12,1.0,71.42,3.0,97.61,9.0,0.39,0.35,9.28,2.49
2022-01-29,8.95,3.0,50.95,14.0,87.34,26.0,7.94,2.28,22.29,6.27
2022-01-30,6.28,4.0,41.76,18.0,108.19,39.0,15.54,6.35,45.94,14.44
2022-01-31,7.87,3.0,24.48,6.0,38.91,8.0,3.52,1.07,3.52,1.07
2022-02-01,4.65,5.0,15.25,8.0,35.73,12.0,0.03,0.01,7.34,1.42
2022-02-02,5.41,2.0,26.15,9.0,32.0,12.0,3.51,1.29,3.54,1.35
2022-02-03,0.0,0.0,0.0,0.0,0.0,0.0,0.0,0.0,0.0,0.0
2022-02-04,3.33,2.0,5.25,3.0,9.05,4.0,1.71,1.46,4.56,2.21
2022-02-05,0.0,0.0,0.0,0.0,10.56,3.0,0.0,0.0,3.81,1.3
2022-02-06,0.0,0.0,7.95,2.0,10.05,3.0,3.14,0.88,4.32,1.44
2022-02-07,0.85,2.0,8.06,5.0,31.7,14.0,1.1,0.5,1.1,0.5
2022-02-08,31.63,6.0,52.41,13.0,98.31,25.0,16.24,5.01,24.27,7.88
2022-02-09,0.0,0.0,0.78,1.0,4.22,2.0,0.0,0.0,2.33,0.68
2022-02-10,4.68,1.0,9.33,3.0,157.88,22.0,3.84,1.21,14.42,5.31
2022-02-11,0.0,0.0,2.82,1.0,18.05,6.0,0.0,0.0,6.66,2.26
2022-02-12,13.26,4.0,33.28,9.0,118.34,23.0,14.28,3.49,33.41,7.08
2022-02-13,0.0,0.0,51.06,12.0,121.67,32.0,12.7,2.81,22.94,4.71
2022-02-14,7.1,5.0,100.17,27.0,223.46,64.0,1.86,2.46,1.86,2.46
2022-02-15,25.15,6.0,105.41,32.0,240.38,73.0,2.72,2.17,6.73,3.24
2022-02-16,7.93,5.0,58.52,19.0,108.27,34.0,19.19,5.97,26.79,8.19
2022-02-17,7.89,6.0,26.13,15.0,122.82,38.0,9.89,5.34,57.62,15.58
2022-02-18,0.55,1.0,64.8,15.0,181.82,43.0,42.12,7.55,70.54,14.39
2022-02-19,4.07,5.0,23.49,11.0,142.62,28.0,1.33,2.16,32.4,5.25
2022-02-20,10.28,5.0,42.19,15.0,157.08,54.0,17.31,6.46,60.33,20.13
2022-02-21,3.99,2.0,35.7,8.0,145.08,37.0,11.46,2.67,38.85,10.63
2022-02-22,7.12,3.0,48.04,13.0,132.96,28.0,1.08,1.0,14.93,3.4
2022-02-23,0.0,0.0,0.0,0.0,3.23,1.0,0.0,0.0,1.47,0.45
2022-02-24,1.32,2.0,9.29,5.0,25.84,11.0,6.3,3.38,21.48,8.95
2022-02-25,5.08,3.0,48.86,14.0,96.77,30.0,4.6,1.5,19.3,6.6
2022-02-26,3.45,2.0,3.45,2.0,4.53,3.0,1.8,0.84,1.8,0.84
2022-02-27,4.53,3.0,11.17,5.0,34.81,11.0,4.37,2.72,11.82,4.85
2022-02-28,0.69,1.0,13.81,5.0,38.07,12.0,6.41,2.08,8.18,2.69
2022-03-01,0.17,1.0,48.44,10.0,80.78,19.0,14.55,2.99,25.36,7.31
2022-03-02,0.37,1.0,41.27,9.0,162.37,42.0,8.26,1.54,42.88,13.17
2022-03-03,0.53,1.0,29.78,10.0,67.37,25.0,16.78,5.12,36.22,13.24
2022-03-04,8.59,6.0,36.18,16.0,75.38,29.0,1.3,2.13,5.2,3.47
2022-03-05,0.0,0.0,6.42,2.0,77.46,19.0,0.0,0.0,1.06,0.38
2022-03-06,0.0,0.0,0.0,0.0,5.1,1.0,0.0,0.0,0.0,0.0
2022-03-07,0.9,3.0,22.79,7.0,85.01,17.0,6.57,1.7,48.83,9.03
2022-03-08,11.19,2.0,27.0,7.0,86.63,27.0,8.72,3.09,39.26,10.79
2022-03-09,0.0,0.0,20.45,5.0,75.5,17.0,2.27,1.02,20.91,4.45
2022-03-10,1.51,1.0,46.61,13.0,102.66,24.0,34.46,7.61,68.27,15.08
2022-03-11,0.46,1.0,31.68,5.0,66.12,13.0,15.66,2.5,16.54,2.81
2022-03-12,5.17,6.0,13.57,9.0,99.32,19.0,0.5,1.37,3.31,2.29
2022-03-13,1.7,4.0,15.81,10.0,54.38,25.0,9.59,4.65,21.02,8.6
2022-03-14,0.36,1.0,22.69,4.0,48.26,12.0,9.15,1.44,12.47,2.5
2022-03-15,0.59,1.0,1.21,2.0,21.51,9.0,0.35,0.6,0.91,0.77
2022-03-16,6.22,3.0,10.01,4.0,22.02,8.0,0.49,0.56,1.46,1.05
2022-03-17,0.0,0.0,0.0,0.0,51.44,14.0,0.0,0.0,34.37,7.36
2022-03-18,0.0,0.0,17.9,2.0,30.16,6.0,4.6,0.92,4.6,0.92
2022-03-19,0.0,0.0,22.19,6.0,77.78,23.0,0.0,0.0,3.36,0.56
2022-03-20,0.44,1.0,13.55,7.0,54.43,19.0,0.63,1.0,0.63,1.0
2022-03-21,0.66,1.0,7.51,3.0,83.85,15.0,6.73,2.66,60.11,10.45
2022-03-22,0.55,1.0,0.55,1.0,46.58,9.0,0.28,0.5,2.09,0.95
2022-03-23,10.2,4.0,13.79,6.0,110.79,22.0,1.0,1.37,2.62,1.5
2022-03-24,0.39,1.0,16.74,7.0,75.6,28.0,0.29,0.75,11.7,6.16
2022-03-25,0.0,0.0,15.13,3.0,108.01,20.0,5.2,0.87,26.46,5.43
2022-03-26,1.94,2.0,1.94,2.0,113.01,19.0,0.04,0.04,43.67,4.45
2022-03-27,0.0,0.0,2.52,1.0,70.91,16.0,1.32,0.52,1.69,0.67
2022-03-28,0.87,2.0,12.03,5.0,288.37,34.0,0.01,0.02,14.1,1.84
2022-03-29,1.48,1.0,17.97,5.0,136.2,27.0,0.91,0.62,1.09,0.64
2022-03-30,0.0,0.0,12.98,2.0,103.89,19.0,8.32,0.83,39.59,9.94
2022-03-31,0.57,1.0,5.07,3.0,40.81,12.0,0.16,0.29,23.38,7.48
2022-04-01,35.07,6.0,35.07,6.0,48.36,13.0,25.81,3.54,27.86,5.4
2022-04-02,0.6,1.0,0.6,1.0,31.39,10.0,0.6,1.0,4.28,2.02
2022-04-03,4.42,4.0,11.13,8.0,64.46,24.0,1.63,2.33,4.51,4.33
2022-04-04,0.69,1.0,6.37,3.0,85.21,31.0,4.63,1.65,13.89,5.58
2022-04-05,1.95,1.0,12.26,5.0,38.93,12.0,0.23,0.37,6.01,1.61
2022-04-06,4.69,4.0,9.71,5.0,42.6,15.0,0.8,0.81,0.8,0.81
2022-04-07,19.1,4.0,31.09,7.0,71.64,17.0,9.97,2.5,9.97,2.5
2022-04-08,2.67,2.0,9.44,5.0,37.59,13.0,2.34,1.59,5.93,2.21
2022-04-09,13.67,3.0,23.86,7.0,60.11,16.0,7.92,2.94,9.8,3.49
2022-04-10,0.0,0.0,116.24,3.0,173.48,13.0,56.94,1.01,58.85,2.55
2022-04-11,10.07,3.0,10.07,3.0,73.54,9.0,0.8,0.18,7.07,1.12
2022-04-12,0.0,0.0,1.11,2.0,8.09,4.0,0.61,0.95,6.85,2.74
2022-04-13,5.21,2.0,30.92,9.0,157.81,39.0,3.23,1.97,12.62,3.96
2022-04-14,41.74,12.0,92.06,26.0,169.14,49.0,16.25,6.11,22.4,7.8
2022-04-15,2.01,2.0,20.94,10.0,86.79,34.0,8.95,5.27,13.44,7.02
2022-04-16,17.3,4.0,68.21,12.0,309.29,57.0,2.17,0.99,134.7,17.37
2022-04-17,65.45,13.0,218.85,38.0,337.0,63.0,66.4,10.5,66.67,10.52
2022-04-18,32.37,7.0,222.08,34.0,687.85,85.0,71.81,9.74,181.62,22.43
2022-04-19,67.04,14.0,363.47,38.0,628.42,98.0,120.89,11.91,179.77,24.32
2022-04-20,1.82,1.0,149.67,5.0,292.28,48.0,74.95,1.21,77.38,1.97
2022-04-21,0.0,0.0,4.52,1.0,13.9,4.0,0.22,0.05,2.69,0.87
2022-04-22,34.11,11.0,95.91,31.0,266.45,86.0,12.54,4.46,50.02,15.62
2022-04-23,102.37,19.0,378.42,59.0,980.88,167.0,196.53,25.05,412.34,55.0
2022-04-24,90.38,12.0,430.67,60.0,2227.43,284.0,269.22,36.4,1036.93,118.9
2022-04-25,64.76,8.0,196.37,33.0,854.84,146.0,117.89,17.07,342.92,45.71
2022-04-26,17.61,4.0,183.22,35.0,991.2,168.0,142.37,26.91,630.31,94.14
2022-04-27,132.59,20.0,958.0,138.0,4172.69,563.0,679.54,92.62,2863.04,364.25
2022-04-28,114.51,23.0,1185.84,194.0,4990.29,794.0,794.96,124.29,3082.96,467.55
2022-04-29,64.32,13.0,1228.42,158.0,5681.06,685.0,816.19,93.53,3710.46,400.1
2022-04-30,142.38,13.0,1019.64,129.0,5208.96,638.0,142.86,16.57,293.53,35.63
2022-05-01,1.53,1.0,100.71,15.0,500.23,89.0,0.0,0.0,10.47,3.37
2022-05-02,42.92,9.0,268.54,46.0,1014.27,175.0,33.53,6.88,74.77,15.41
2022-05-03,0.0,0.0,10.77,4.0,163.68,42.0,0.0,0.0,11.36,2.61
2022-05-04,0.0,0.0,55.43,8.0,594.92,89.0,0.0,0.0,12.9,3.75
2022-05-05,0.83,1.0,192.61,38.0,711.27,134.0,167.14,32.21,635.51,117.14
2022-05-06,0.0,0.0,0.64,1.0,28.34,11.0,0.3,0.48,2.5,0.83
2022-05-07,18.16,5.0,207.98,45.0,1295.7,249.0,97.52,23.72,768.19,161.08
2022-05-08,92.3,20.0,184.17,43.0,819.71,207.0,79.72,15.87,84.07,16.52
2022-05-09,11.81,2.0,36.58,8.0,141.37,39.0,7.78,1.26,19.54,5.59
2022-05-10,11.99,5.0,46.7,13.0,287.96,70.0,6.2,2.23,28.49,8.94
2022-05-11,26.76,9.0,39.01,12.0,175.27,48.0,11.34,2.27,44.54,10.72
2022-05-12,10.71,1.0,33.72,5.0,347.45,72.0,8.68,1.01,8.68,1.01
2022-05-13,19.18,5.0,61.73,16.0,313.17,67.0,9.38,2.66,32.45,5.65
2022-05-14,25.23,6.0,64.68,15.0,331.52,65.0,31.15,7.33,187.0,36.11
2022-05-15,9.73,2.0,51.01,9.0,129.31,20.0,24.26,4.79,60.55,9.17
2022-05-16,10.78,2.0,20.31,4.0,59.48,14.0,4.48,1.93,16.12,3.94
2022-05-17,0.0,0.0,0.0,0.0,10.21,2.0,0.0,0.0,3.01,0.59
2022-05-18,4.2,1.0,11.32,3.0,32.93,9.0,6.63,1.75,11.4,4.27
2022-05-19,0.0,0.0,3.16,1.0,68.67,19.0,0.0,0.0,14.63,2.09
2022-05-20,0.0,0.0,13.83,2.0,57.93,15.0,10.83,1.53,20.42,4.68
2022-05-21,1.29,2.0,31.17,5.0,98.15,23.0,15.88,1.77,18.49,2.49
2022-05-22,1.98,2.0,1.98,2.0,27.99,9.0,0.0,0.0,13.49,3.77
2022-05-23,0.0,0.0,0.0,0.0,0.0,0.0,0.0,0.0,0.0,0.0
2022-05-24,0.33,1.0,0.33,1.0,0.33,1.0,0.05,0.15,0.05,0.15
2022-05-25,0.87,2.0,3.34,3.0,3.82,4.0,1.42,1.89,1.87,2.82
2022-05-26,0.0,0.0,0.0,0.0,12.76,3.0,0.0,0.0,1.13,0.35
2022-05-27,6.15,2.0,6.15,2.0,18.28,8.0,0.08,0.02,0.85,0.45
2022-05-28,0.0,0.0,0.0,0.0,43.93,7.0,0.0,0.0,26.42,2.5
2022-05-29,0.0,0.0,0.0,0.0,18.43,2.0,0.0,0.0,16.94,1.84
2022-05-30,0.0,0.0,0.0,0.0,14.17,2.0,0.0,0.0,0.0,0.0
2022-05-31,2.32,2.0,2.32,2.0,7.93,5.0,1.86,1.61,4.69,2.23
2022-06-01,2.35,1.0,2.35,1.0,11.23,4.0,0.0,0.0,0.0,0.0
2022-06-02,0.0,0.0,0.0,0.0,8.08,3.0,0.0,0.0,0.0,0.0
2022-06-03,0.0,0.0,0.0,0.0,122.61,6.0,0.0,0.0,32.94,0.7
2022-06-04,0.0,0.0,0.0,0.0,121.28,12.0,0.0,0.0,31.28,2.33
2022-06-05,0.0,0.0,6.43,2.0,87.33,12.0,0.46,0.46,6.16,1.18
2022-06-06,12.0,2.0,16.92,4.0,279.62,20.0,3.13,1.27,5.29,2.29
2022-06-07,0.0,0.0,0.0,0.0,18.43,4.0,0.0,0.0,0.0,0.0
2022-06-08,0.0,0.0,5.44,1.0,78.05,16.0,3.46,0.64,11.86,2.07
2022-06-09,3.5,2.0,4.32,3.0,34.15,12.0,0.28,0.27,9.33,3.11
2022-06-10,0.0,0.0,0.0,0.0,19.36,3.0,0.0,0.0,4.31,0.6
2022-06-11,11.28,2.0,29.92,6.0,85.27,19.0,11.5,1.93,13.8,3.0
2022-06-12,14.82,2.0,14.82,2.0,60.13,9.0,14.82,2.0,14.82,2.0
2022-06-13,0.0,0.0,0.0,0.0,25.76,7.0,0.0,0.0,11.56,2.48
2022-06-14,0.0,0.0,0.0,0.0,0.0,0.0,0.0,0.0,0.0,0.0
2022-06-15,0.0,0.0,5.5,2.0,21.7,5.0,0.12,0.19,0.12,0.19
2022-06-16,0.0,0.0,27.09,5.0,117.87,28.0,0.0,0.0,0.4,0.09
2022-06-17,0.0,0.0,0.0,0.0,13.28,3.0,0.0,0.0,0.0,0.0
2022-06-18,0.0,0.0,0.0,0.0,0.0,0.0,0.0,0.0,0.0,0.0
2022-06-19,1.82,1.0,1.82,1.0,3.12,2.0,0.0,0.0,0.02,0.01
2022-06-20,0.0,0.0,0.0,0.0,0.0,0.0,0.0,0.0,0.0,0.0
2022-06-21,0.0,0.0,0.75,1.0,0.75,1.0,0.0,0.0,0.0,0.0
2022-06-22,1.84,1.0,3.31,3.0,9.65,5.0,0.6,0.94,0.62,0.96
2022-06-23,0.84,1.0,0.84,1.0,32.56,5.0,0.69,0.83,0.69,0.83
2022-06-24,0.51,1.0,12.64,4.0,64.85,12.0,9.94,1.99,18.07,3.93
2022-06-25,0.0,0.0,1.86,1.0,15.98,5.0,0.0,0.0,10.53,3.12
2022-06-26,0.75,1.0,0.75,1.0,3.05,2.0,0.0,0.0,1.93,0.84
2022-06-27,3.0,3.0,3.0,3.0,8.44,6.0,0.57,0.57,5.14,2.66
2022-06-28,0.61,1.0,0.61,1.0,0.61,1.0,0.0,0.0,0.0,0.0
2022-06-29,0.0,0.0,0.0,0.0,1.4,1.0,0.0,0.0,0.0,0.0
2022-06-30,0.0,0.0,0.0,0.0,0.0,0.0,0.0,0.0,0.0,0.0
2022-07-01,0.0,0.0,0.0,0.0,0.0,0.0,0.0,0.0,0.0,0.0
2022-07-02,0.0,0.0,0.0,0.0,0.0,0.0,0.0,0.0,0.0,0.0
2022-07-03,0.0,0.0,0.0,0.0,11.55,3.0,0.0,0.0,0.78,0.26
2022-07-04,0.0,0.0,0.0,0.0,3.86,1.0,0.0,0.0,2.5,0.65
2022-07-05,0.0,0.0,0.0,0.0,17.63,5.0,0.0,0.0,2.02,0.97
2022-07-06,0.0,0.0,0.0,0.0,0.0,0.0,0.0,0.0,0.0,0.0
2022-07-07,0.0,0.0,0.0,0.0,0.0,0.0,0.0,0.0,0.0,0.0
2022-07-08,0.35,1.0,5.08,2.0,10.18,3.0,4.39,0.93,7.92,1.62
2022-07-09,0.0,0.0,0.0,0.0,0.0,0.0,0.0,0.0,0.0,0.0
2022-07-10,0.0,0.0,0.0,0.0,0.0,0.0,0.0,0.0,0.0,0.0
2022-07-11,0.0,0.0,0.0,0.0,123.81,15.0,0.0,0.0,41.33,5.04
2022-07-12,0.57,1.0,0.57,1.0,2.14,3.0,0.0,0.0,0.0,0.0
2022-07-13,0.0,0.0,0.0,0.0,0.0,0.0,0.0,0.0,0.0,0.0
2022-07-14,0.0,0.0,0.0,0.0,12.97,4.0,0.0,0.0,6.07,2.59
2022-07-15,5.89,2.0,5.89,2.0,10.13,4.0,0.0,0.0,3.51,1.65
2022-07-16,0.0,0.0,0.0,0.0,0.0,0.0,0.0,0.0,0.0,0.0
2022-07-17,0.0,0.0,0.0,0.0,3.85,1.0,0.0,0.0,0.0,0.0
2022-07-18,5.44,2.0,5.44,2.0,13.92,4.0,0.0,0.0,2.74,0.65
2022-07-19,1.29,2.0,1.7,3.0,1.7,3.0,0.28,0.36,0.28,0.36
2022-07-20,0.0,0.0,0.0,0.0,0.78,1.0,0.0,0.0,0.0,0.0
2022-07-21,0.0,0.0,0.0,0.0,0.0,0.0,0.0,0.0,0.0,0.0
2022-07-22,0.0,0.0,0.0,0.0,0.0,0.0,0.0,0.0,0.0,0.0
2022-07-23,0.0,0.0,0.0,0.0,0.0,0.0,0.0,0.0,0.0,0.0
2022-07-24,2.42,2.0,2.42,2.0,2.42,2.0,0.0,0.0,0.0,0.0
2022-07-25,3.25,1.0,3.25,1.0,3.82,2.0,0.04,0.01,0.04,0.01
2022-07-26,0.0,0.0,18.82,2.0,18.82,2.0,0.0,0.0,0.0,0.0
2022-07-27,0.0,0.0,0.0,0.0,0.0,0.0,0.0,0.0,0.0,0.0
2022-07-28,0.0,0.0,0.0,0.0,0.0,0.0,0.0,0.0,0.0,0.0
2022-07-29,0.0,0.0,0.0,0.0,0.0,0.0,0.0,0.0,0.0,0.0
2022-07-30,0.0,0.0,0.0,0.0,0.0,0.0,0.0,0.0,0.0,0.0
2022-07-31,0.0,0.0,0.0,0.0,0.0,0.0,0.0,0.0,0.0,0.0
2022-08-01,0.0,0.0,0.0,0.0,0.0,0.0,0.0,0.0,0.0,0.0
2022-08-02,0.0,0.0,0.0,0.0,0.0,0.0,0.0,0.0,0.0,0.0
2022-08-03,0.0,0.0,0.0,0.0,0.0,0.0,0.0,0.0,0.0,0.0
2022-08-04,0.0,0.0,0.0,0.0,0.0,0.0,0.0,0.0,0.0,0.0
2022-08-05,0.0,0.0,0.0,0.0,0.0,0.0,0.0,0.0,0.0,0.0
2022-08-06,0.0,0.0,0.0,0.0,0.0,0.0,0.0,0.0,0.0,0.0
2022-08-07,0.0,0.0,0.0,0.0,0.0,0.0,0.0,0.0,0.0,0.0
2022-08-08,0.0,0.0,0.0,0.0,0.0,0.0,0.0,0.0,0.0,0.0
2022-08-09,0.0,0.0,0.0,0.0,0.0,0.0,0.0,0.0,0.0,0.0
2022-08-10,0.0,0.0,0.0,0.0,0.0,0.0,0.0,0.0,0.0,0.0
2022-08-11,0.52,1.0,0.52,1.0,0.52,1.0,0.11,0.22,0.11,0.22
2022-08-12,2.95,1.0,2.95,1.0,2.95,1.0,0.0,0.0,0.0,0.0
2022-08-13,0.0,0.0,0.0,0.0,2.16,1.0,0.0,0.0,0.0,0.0
2022-08-14,0.0,0.0,0.0,0.0,0.0,0.0,0.0,0.0,0.0,0.0
2022-08-15,0.0,0.0,0.0,0.0,0.0,0.0,0.0,0.0,0.0,0.0
2022-08-16,0.0,0.0,1.43,1.0,1.43,1.0,0.0,0.0,0.0,0.0
2022-08-17,0.0,0.0,0.0,0.0,1.71,1.0,0.0,0.0,0.0,0.0
2022-08-18,0.0,0.0,1.62,1.0,1.62,1.0,0.0,0.0,0.0,0.0
2022-08-19,0.0,0.0,0.0,0.0,0.0,0.0,0.0,0.0,0.0,0.0
2022-08-20,0.0,0.0,0.0,0.0,0.0,0.0,0.0,0.0,0.0,0.0
2022-08-21,0.0,0.0,0.0,0.0,0.0,0.0,0.0,0.0,0.0,0.0
2022-08-22,1.47,2.0,1.47,2.0,2.52,3.0,0.0,0.0,0.0,0.0
2022-08-23,0.0,0.0,0.0,0.0,0.0,0.0,0.0,0.0,0.0,0.0
2022-08-24,0.0,0.0,0.0,0.0,0.0,0.0,0.0,0.0,0.0,0.0
2022-08-25,5.66,2.0,5.66,2.0,5.66,2.0,0.0,0.0,0.0,0.0
2022-08-26,2.9,1.0,2.9,1.0,4.17,2.0,2.51,0.87,2.61,0.95
2022-08-27,0.0,0.0,0.0,0.0,18.01,4.0,0.0,0.0,5.08,1.12
2022-08-28,0.0,0.0,0.0,0.0,0.0,0.0,0.0,0.0,0.0,0.0
2022-08-29,1.88,1.0,3.84,2.0,3.84,2.0,0.85,0.45,0.85,0.45
2022-08-30,1.8,3.0,1.8,3.0,4.47,5.0,1.21,1.59,1.21,1.59
2022-08-31,0.0,0.0,0.0,0.0,0.0,0.0,0.0,0.0,0.0,0.0
2022-09-01,0.0,0.0,0.0,0.0,0.0,0.0,0.0,0.0,0.0,0.0
2022-09-02,0.0,0.0,0.0,0.0,0.0,0.0,0.0,0.0,0.0,0.0
2022-09-03,0.0,0.0,0.0,0.0,1.31,1.0,0.0,0.0,0.19,0.14
2022-09-04,3.82,3.0,3.82,3.0,5.63,4.0,2.18,1.74,2.2,1.75
2022-09-05,3.46,3.0,6.48,4.0,11.77,7.0,2.18,0.93,2.24,0.98
2022-09-06,1.48,1.0,1.48,1.0,1.48,1.0,1.18,0.79,1.18,0.79
2022-09-07,1.84,2.0,1.84,2.0,6.63,4.0,0.45,0.51,5.14,2.48
2022-09-08,0.0,0.0,0.0,0.0,0.0,0.0,0.0,0.0,0.0,0.0
2022-09-09,2.68,2.0,2.68,2.0,2.68,2.0,0.0,0.0,0.0,0.0
2022-09-10,0.6,1.0,0.6,1.0,23.31,8.0,0.0,0.0,0.0,0.0
2022-09-11,0.0,0.0,0.0,0.0,0.0,0.0,0.0,0.0,0.0,0.0
2022-09-12,0.0,0.0,0.0,0.0,9.77,2.0,0.0,0.0,0.0,0.0
2022-09-13,0.0,0.0,0.0,0.0,0.0,0.0,0.0,0.0,0.0,0.0
2022-09-14,0.0,0.0,0.0,0.0,0.0,0.0,0.0,0.0,0.0,0.0
2022-09-15,0.0,0.0,0.0,0.0,0.0,0.0,0.0,0.0,0.0,0.0
2022-09-16,0.83,1.0,0.83,1.0,0.83,1.0,0.0,0.0,0.0,0.0
2022-09-17,0.0,0.0,1.51,1.0,1.51,1.0,0.59,0.39,0.59,0.39
2022-09-18,0.0,0.0,0.0,0.0,3.68,1.0,0.0,0.0,2.81,0.76
2022-09-19,0.0,0.0,0.0,0.0,0.0,0.0,0.0,0.0,0.0,0.0
2022-09-20,0.0,0.0,0.0,0.0,0.0,0.0,0.0,0.0,0.0,0.0
2022-09-21,0.0,0.0,0.81,1.0,0.81,1.0,0.0,0.0,0.0,0.0
2022-09-22,0.0,0.0,0.0,0.0,0.0,0.0,0.0,0.0,0.0,0.0
2022-09-23,0.0,0.0,0.0,0.0,0.0,0.0,0.0,0.0,0.0,0.0
2022-09-24,0.0,0.0,0.0,0.0,0.0,0.0,0.0,0.0,0.0,0.0
2022-09-25,0.0,0.0,0.0,0.0,0.69,1.0,0.0,0.0,0.29,0.42
2022-09-26,0.98,1.0,0.98,1.0,0.98,1.0,0.0,0.0,0.0,0.0
2022-09-27,5.89,3.0,5.89,3.0,13.3,6.0,2.17,0.78,7.42,2.27
2022-09-28,0.44,1.0,0.68,2.0,1.83,3.0,0.22,0.57,1.07,1.31
2022-09-29,0.0,0.0,1.64,1.0,1.64,1.0,0.0,0.0,0.0,0.0
2022-09-30,2.68,4.0,2.68,4.0,7.1,6.0,1.18,2.02,2.93,2.96
2022-10-01,2.19,2.0,4.61,5.0,14.54,8.0,2.79,2.77,6.07,3.29
2022-10-02,5.77,3.0,8.7,4.0,52.79,18.0,1.18,0.72,23.81,7.95
2022-10-03,0.0,0.0,7.15,2.0,32.21,8.0,4.01,0.97,14.54,3.16
2022-10-04,0.0,0.0,1.33,3.0,21.64,11.0,0.66,1.49,12.55,6.29
2022-10-05,0.0,0.0,0.0,0.0,56.93,18.0,0.0,0.0,0.0,0.0
2022-10-06,0.0,0.0,0.0,0.0,85.27,21.0,0.0,0.0,0.0,0.0
2022-10-07,0.0,0.0,0.0,0.0,19.32,7.0,0.0,0.0,0.07,0.03
2022-10-08,0.0,0.0,0.0,0.0,0.0,0.0,0.0,0.0,0.0,0.0
2022-10-09,0.0,0.0,0.0,0.0,0.0,0.0,0.0,0.0,0.0,0.0
2022-10-10,0.0,0.0,0.0,0.0,9.51,2.0,0.0,0.0,0.0,0.0
2022-10-11,0.41,1.0,0.41,1.0,1.93,3.0,0.06,0.14,0.18,0.29
2022-10-12,0.43,1.0,0.43,1.0,8.79,5.0,0.42,0.97,8.34,4.75
2022-10-13,19.32,5.0,23.53,7.0,110.88,26.0,17.52,5.81,90.02,21.45
2022-10-14,0.92,1.0,0.92,1.0,120.57,27.0,0.0,0.0,109.35,23.1
2022-10-15,0.39,1.0,0.39,1.0,130.87,40.0,0.31,0.79,107.48,32.59
2022-10-16,2.06,2.0,2.88,3.0,402.89,77.0,0.82,1.0,335.84,61.58
2022-10-17,2.42,4.0,21.06,9.0,520.9,97.0,2.91,2.46,224.02,41.48
2022-10-18,4.52,3.0,30.36,13.0,690.7,169.0,1.39,0.75,87.61,21.86
2022-10-19,9.44,3.0,16.88,5.0,490.74,110.0,1.75,1.0,11.67,3.98
2022-10-20,4.48,2.0,16.57,4.0,273.27,68.0,15.75,3.68,15.75,3.68
2022-10-21,1.2,2.0,6.11,4.0,300.89,77.0,0.28,0.33,142.49,34.58
2022-10-22,2.47,2.0,30.69,10.0,839.52,152.0,2.66,1.76,724.21,126.12
2022-10-23,35.53,16.0,108.96,37.0,1264.12,282.0,3.18,3.75,1017.3,209.18
2022-10-24,53.11,16.0,133.71,39.0,1449.54,294.0,15.19,5.92,1048.59,188.51
2022-10-25,33.34,6.0,64.52,14.0,508.74,86.0,0.0,0.0,256.62,38.99
2022-10-26,4.36,1.0,25.82,5.0,454.13,83.0,8.58,1.81,367.58,67.25
2022-10-27,18.4,2.0,29.69,6.0,604.94,117.0,0.57,0.22,158.2,28.0
2022-10-28,2.97,2.0,32.48,11.0,682.99,143.0,2.37,0.82,436.98,89.28
2022-10-29,12.6,4.0,34.15,11.0,901.4,161.0,6.29,1.63,802.76,130.92
2022-10-30,2.37,1.0,27.84,8.0,499.21,103.0,3.71,0.77,319.78,60.82
2022-10-31,0.0,0.0,32.92,7.0,435.86,75.0,0.0,0.0,170.97,24.85
2022-11-01,19.72,3.0,34.25,7.0,793.64,112.0,20.5,3.01,20.5,3.01
2022-11-02,7.41,1.0,29.54,6.0,744.34,131.0,2.71,1.76,612.65,102.63
2022-11-03,10.68,4.0,51.98,17.0,798.54,147.0,13.27,5.34,665.87,110.55
2022-11-04,3.59,1.0,34.37,7.0,290.47,63.0,15.22,2.73,28.01,6.93
2022-11-05,0.0,0.0,8.52,4.0,572.58,96.0,4.63,1.41,8.14,2.05
2022-11-06,0.0,0.0,2.49,1.0,100.35,27.0,2.43,0.98,2.43,0.98
2022-11-07,5.54,3.0,38.23,8.0,160.63,30.0,8.03,2.7,53.91,10.86
2022-11-08,5.66,3.0,37.57,13.0,81.33,25.0,0.76,0.55,20.32,4.42
2022-11-09,0.0,0.0,46.64,12.0,279.05,56.0,31.8,7.58,243.09,47.65
2022-11-10,0.0,0.0,11.67,4.0,128.26,28.0,2.03,0.8,91.93,18.34
2022-11-11,1.85,2.0,36.19,8.0,503.94,97.0,1.73,1.87,372.74,67.25
2022-11-12,2.21,3.0,17.44,9.0,540.05,100.0,4.39,1.58,433.3,72.43
2022-11-13,7.79,3.0,63.4,22.0,434.94,127.0,16.24,6.36,155.28,47.48
2022-11-14,0.0,0.0,36.59,13.0,143.16,40.0,1.75,0.62,13.61,4.34
2022-11-15,0.24,1.0,14.06,5.0,101.83,37.0,2.78,1.0,45.12,17.86
2022-11-16,8.3,4.0,29.1,11.0,277.8,56.0,16.21,4.81,230.4,37.41
2022-11-17,0.0,0.0,7.01,3.0,371.0,49.0,0.03,0.01,279.52,28.8
2022-11-18,14.04,7.0,72.01,23.0,434.79,105.0,42.99,12.82,326.67,75.05
2022-11-19,9.51,4.0,66.75,23.0,314.5,91.0,20.12,6.74,216.67,57.82
2022-11-20,1.3,2.0,23.73,9.0,175.41,52.0,8.72,2.98,103.2,29.13
2022-11-21,0.0,0.0,7.21,3.0,70.89,21.0,2.56,1.22,43.3,13.01
2022-11-22,0.43,1.0,33.36,11.0,117.95,40.0,26.4,8.23,89.16,28.97
2022-11-23,7.04,9.0,31.43,14.0,209.29,50.0,3.06,3.7,89.99,19.25
2022-11-24,16.23,9.0,84.25,31.0,269.88,85.0,19.89,8.09,110.27,33.09
2022-11-25,9.06,3.0,52.1,15.0,222.27,63.0,12.76,4.34,92.57,23.65
2022-11-26,5.76,2.0,29.82,8.0,71.64,20.0,13.56,2.51,18.81,4.82
2022-11-27,11.3,3.0,42.53,13.0,144.33,48.0,8.32,4.96,41.3,15.99
2022-11-28,23.81,5.0,49.51,12.0,152.55,34.0,9.02,3.17,62.78,15.1
2022-11-29,16.79,5.0,131.03,36.0,224.69,67.0,24.89,9.31,57.22,20.61
2022-11-30,26.66,10.0,123.74,42.0,330.41,114.0,23.35,9.18,105.91,28.91
2022-12-01,3.97,2.0,53.81,20.0,193.92,58.0,11.38,3.66,34.15,9.17
2022-12-02,5.6,3.0,55.7,12.0,98.87,31.0,20.63,2.52,21.83,3.17
2022-12-03,0.77,1.0,43.71,17.0,113.94,50.0,4.64,2.12,10.65,4.93
2022-12-04,9.93,2.0,102.74,29.0,206.08,62.0,30.45,9.05,57.04,16.95
2022-12-05,2.93,2.0,133.59,52.0,321.85,120.0,35.19,12.98,72.63,23.29
2022-12-06,7.51,1.0,50.81,12.0,127.89,35.0,8.9,2.71,34.95,7.37
2022-12-07,7.32,3.0,43.71,15.0,99.58,32.0,6.03,2.11,19.68,6.03
2022-12-08,1.08,1.0,34.27,16.0,103.16,36.0,8.39,4.59,16.92,8.43
2022-12-09,10.81,7.0,60.12,23.0,134.45,47.0,21.22,9.93,44.02,18.33
2022-12-10,12.75,7.0,163.92,45.0,327.52,102.0,79.2,16.33,132.61,32.96
2022-12-11,14.57,7.0,146.14,48.0,347.25,113.0,36.35,10.97,94.02,26.91
2022-12-12,0.0,0.0,76.77,19.0,267.01,62.0,38.44,11.55,119.87,26.41
2022-12-13,3.63,2.0,23.47,11.0,225.42,50.0,9.13,4.71,98.66,18.29
2022-12-14,16.91,4.0,26.69,9.0,77.5,20.0,11.15,3.11,31.17,6.87
2022-12-15,7.29,10.0,87.51,29.0,264.55,75.0,34.53,10.07,74.08,18.36
2022-12-16,20.87,11.0,111.1,45.0,289.18,106.0,19.24,9.95,53.09,16.92
2022-12-17,5.77,3.0,69.97,26.0,224.84,73.0,7.91,2.94,38.6,11.05
2022-12-18,6.98,3.0,34.27,17.0,137.28,46.0,5.64,3.34,60.72,12.64
2022-12-19,10.92,5.0,55.74,19.0,106.57,41.0,11.51,3.36,24.7,8.14
2022-12-20,57.28,12.0,119.42,31.0,126.86,34.0,18.22,7.2,21.15,8.63
2022-12-21,18.97,4.0,103.88,39.0,233.93,89.0,49.49,18.96,113.95,48.34
2022-12-22,1.89,1.0,41.53,13.0,119.82,39.0,11.18,3.75,36.35,12.82
2022-12-23,3.43,1.0,35.77,11.0,80.47,24.0,26.81,8.72,47.67,16.17
2022-12-24,5.29,2.0,30.85,11.0,89.82,29.0,10.62,3.85,33.92,11.39
2022-12-25,22.85,7.0,50.33,15.0,88.11,23.0,4.22,1.94,12.05,4.41
2022-12-26,4.85,2.0,34.95,13.0,102.22,39.0,7.92,2.76,25.7,10.43
2022-12-27,4.17,2.0,20.38,7.0,53.53,16.0,3.48,1.22,8.21,2.64
2022-12-28,0.0,0.0,18.91,5.0,105.13,16.0,8.12,1.41,55.89,5.92
2022-12-29,0.0,0.0,9.64,4.0,9.64,4.0,2.89,0.96,2.89,0.96
2022-12-30,3.1,1.0,8.76,2.0,37.76,10.0,0.0,0.0,1.08,0.27
2022-12-31,5.11,3.0,33.3,14.0,64.97,27.0,6.78,3.16,16.61,7.47
2023-01-01,4.91,2.0,22.73,5.0,33.81,8.0,5.72,0.87,15.39,3.53
2023-01-02,0.0,0.0,11.36,5.0,15.48,6.0,2.16,1.41,2.25,1.43
2023-01-03,0.0,0.0,0.0,0.0,1.1,1.0,0.0,0.0,0.0,0.0
2023-01-04,0.0,0.0,6.06,4.0,17.27,10.0,1.66,1.22,9.46,5.28
2023-01-05,0.0,0.0,8.66,3.0,8.66,3.0,6.08,2.21,6.08,2.21
2023-01-06,13.64,5.0,31.35,11.0,53.87,18.0,4.43,1.4,7.85,3.38
2023-01-07,3.26,1.0,26.63,7.0,26.63,7.0,8.62,2.11,8.62,2.11
2023-01-08,0.0,0.0,0.0,0.0,0.0,0.0,0.0,0.0,0.0,0.0
2023-01-09,0.0,0.0,0.0,0.0,0.0,0.0,0.0,0.0,0.0,0.0
2023-01-10,0.0,0.0,10.66,4.0,15.09,6.0,9.59,3.65,9.59,3.65
2023-01-11,0.0,0.0,24.06,6.0,47.28,12.0,0.08,0.03,0.08,0.03
2023-01-12,5.17,1.0,27.17,9.0,171.2,41.0,4.94,0.97,12.98,4.36
2023-01-13,0.0,0.0,4.64,1.0,9.77,2.0,0.01,0.0,3.09,0.6
2023-01-14,0.0,0.0,18.62,3.0,18.62,3.0,16.95,2.75,16.95,2.75
2023-01-15,4.95,2.0,38.78,10.0,148.27,22.0,8.3,2.92,16.42,5.41
2023-01-16,14.38,2.0,47.33,16.0,112.66,37.0,14.01,7.02,31.53,13.36
2023-01-17,39.36,10.0,76.1,18.0,144.24,43.0,30.53,5.79,53.43,15.0
2023-01-18,5.58,2.0,57.23,18.0,131.82,38.0,16.52,4.7,40.43,10.28
2023-01-19,0.0,0.0,39.19,15.0,46.34,17.0,26.8,9.63,29.86,10.49
2023-01-20,8.51,4.0,22.16,9.0,44.38,16.0,4.59,2.82,7.08,3.63
2023-01-21,6.8,4.0,35.55,13.0,137.91,42.0,19.55,8.15,75.96,23.27
2023-01-22,13.02,8.0,89.58,36.0,252.76,90.0,66.31,25.08,174.25,59.91
2023-01-23,14.83,4.0,84.51,21.0,187.88,47.0,48.26,13.41,103.85,28.17
2023-01-24,0.0,0.0,6.78,1.0,8.97,3.0,0.0,0.0,0.0,0.0
2023-01-25,0.75,1.0,0.75,1.0,5.48,4.0,0.73,0.97,2.29,2.4
2023-01-26,28.0,4.0,28.0,4.0,34.46,7.0,0.0,0.0,0.6,0.94
2023-01-27,16.85,9.0,50.67,18.0,132.68,44.0,13.01,6.29,30.24,11.97
2023-01-28,0.0,0.0,33.04,11.0,103.45,36.0,2.49,1.09,17.99,5.77
2023-01-29,0.0,0.0,0.0,0.0,0.0,0.0,0.0,0.0,0.0,0.0
2023-01-30,0.0,0.0,0.0,0.0,0.0,0.0,0.0,0.0,0.0,0.0
2023-01-31,0.0,0.0,0.0,0.0,20.58,5.0,0.0,0.0,2.5,0.64
2023-02-01,1.04,2.0,15.78,6.0,69.23,21.0,1.14,1.03,9.69,3.44
2023-02-02,3.33,4.0,45.69,15.0,113.09,42.0,3.98,2.09,13.22,6.35
2023-02-03,1.26,3.0,57.44,13.0,104.4,27.0,3.72,1.66,15.02,5.08
2023-02-04,3.85,2.0,47.05,15.0,114.2,34.0,21.13,5.37,34.35,8.2
2023-02-05,7.93,3.0,62.38,18.0,135.06,47.0,14.42,3.15,16.64,3.68
2023-02-06,1.42,2.0,57.81,17.0,162.27,49.0,0.56,0.14,3.12,0.69
2023-02-07,9.56,6.0,53.53,22.0,202.55,67.0,21.07,5.88,60.84,16.28
2023-02-08,7.65,2.0,16.53,4.0,174.97,28.0,4.72,1.39,29.03,5.52
2023-02-09,0.97,2.0,38.43,13.0,82.67,29.0,1.13,0.39,1.13,0.39
2023-02-10,2.64,1.0,16.93,6.0,61.26,20.0,0.05,0.02,1.26,0.75
2023-02-11,22.95,6.0,57.61,16.0,130.85,36.0,14.28,4.65,44.38,12.66
2023-02-12,18.16,8.0,54.24,21.0,262.24,83.0,16.92,7.61,55.59,18.42
2023-02-13,1.75,1.0,96.01,21.0,589.21,94.0,37.07,9.33,97.91,16.25
2023-02-14,10.77,3.0,33.36,8.0,164.8,30.0,3.73,0.85,15.96,5.47
2023-02-15,3.44,2.0,14.71,5.0,44.03,13.0,4.69,1.06,10.64,3.26
2023-02-16,1.89,1.0,14.11,5.0,94.97,21.0,8.46,3.17,40.03,9.84
2023-02-17,0.5,1.0,19.38,6.0,44.13,13.0,11.69,3.54,31.37,8.62
2023-02-18,14.68,7.0,80.26,26.0,212.98,65.0,8.51,4.32,43.06,11.77
2023-02-19,2.36,3.0,43.8,14.0,96.62,31.0,0.0,0.0,0.06,0.02
2023-02-20,0.0,0.0,21.02,6.0,33.35,10.0,0.72,0.27,1.77,0.77
2023-02-21,2.08,2.0,22.74,7.0,44.76,16.0,8.54,1.46,8.78,1.6
2023-02-22,10.29,7.0,19.55,11.0,101.08,30.0,12.46,5.93,34.55,10.01
2023-02-23,7.7,6.0,61.43,19.0,214.51,61.0,17.83,4.29,109.23,25.76
2023-02-24,28.95,8.0,52.59,15.0,153.03,36.0,4.94,2.32,16.32,4.09
2023-02-25,6.02,3.0,16.14,10.0,77.11,26.0,7.06,4.43,23.22,10.39
2023-02-26,17.84,2.0,20.46,3.0,69.67,18.0,0.62,0.24,13.53,2.85
2023-02-27,4.15,3.0,20.46,9.0,75.87,23.0,3.11,1.72,20.38,6.58
2023-02-28,6.69,2.0,23.1,7.0,159.36,42.0,2.52,0.91,73.46,19.45
2023-03-01,0.57,1.0,16.2,3.0,130.02,32.0,10.33,1.06,68.04,13.0
2023-03-02,5.84,4.0,20.96,8.0,86.2,23.0,8.69,5.11,23.35,9.04
2023-03-03,4.86,2.0,7.86,3.0,101.49,22.0,2.98,0.99,6.45,1.88
2023-03-04,2.46,2.0,2.46,2.0,35.19,10.0,0.0,0.0,3.9,1.34
2023-03-05,2.14,5.0,45.47,12.0,82.67,25.0,3.64,1.59,15.09,5.89
2023-03-06,7.63,4.0,31.7,10.0,188.32,41.0,1.38,0.5,33.63,5.16
2023-03-07,27.69,12.0,32.9,17.0,108.8,39.0,16.4,6.06,23.41,8.98
2023-03-08,0.57,1.0,14.74,5.0,50.89,12.0,2.78,1.51,2.84,1.54
2023-03-09,0.48,1.0,15.85,4.0,32.29,11.0,9.62,1.55,10.46,1.75
2023-03-10,0.3,1.0,21.15,7.0,41.62,14.0,2.36,1.56,8.41,2.95
2023-03-11,8.31,6.0,31.33,12.0,152.95,48.0,12.58,4.49,42.0,12.17
2023-03-12,0.0,0.0,21.46,4.0,62.82,14.0,0.45,0.18,4.13,0.93
2023-03-13,0.36,1.0,0.36,1.0,44.13,9.0,0.28,0.79,34.07,3.73
2023-03-14,0.48,1.0,0.48,1.0,38.67,11.0,0.37,0.76,1.97,1.07
2023-03-15,0.0,0.0,4.48,1.0,104.88,19.0,4.36,0.97,39.64,7.94
2023-03-16,3.27,3.0,11.14,6.0,37.42,23.0,0.0,0.0,0.12,0.02
2023-03-17,0.0,0.0,0.0,0.0,150.88,24.0,0.0,0.0,38.57,5.52
2023-03-18,0.0,0.0,2.89,1.0,2.89,1.0,2.89,1.0,2.89,1.0
2023-03-19,0.0,0.0,0.0,0.0,11.82,2.0,0.0,0.0,0.0,0.0
2023-03-20,0.0,0.0,0.0,0.0,3.32,1.0,0.0,0.0,0.0,0.0
2023-03-21,1.62,5.0,2.98,7.0,2.98,7.0,1.07,3.31,1.07,3.31
2023-03-22,0.56,1.0,4.85,2.0,47.8,12.0,3.4,0.79,14.96,3.5
2023-03-23,11.06,2.0,23.83,5.0,38.94,11.0,0.08,0.15,7.51,3.05
2023-03-24,0.0,0.0,0.0,0.0,17.91,4.0,0.0,0.0,0.0,0.0
2023-03-25,1.27,2.0,1.27,2.0,9.04,5.0,0.45,0.71,4.93,2.3
2023-03-26,3.26,7.0,3.26,7.0,40.34,16.0,1.38,3.6,25.21,9.24
2023-03-27,5.82,2.0,16.09,7.0,88.01,26.0,3.08,2.21,30.32,8.06
2023-03-28,1.39,2.0,6.26,3.0,41.6,13.0,0.86,0.19,8.43,3.28
2023-03-29,0.0,0.0,8.37,3.0,14.61,6.0,6.42,2.09,11.0,4.67
2023-03-30,5.06,1.0,5.06,1.0,12.64,4.0,0.97,0.19,6.39,2.38
2023-03-31,4.01,6.0,4.01,6.0,4.65,7.0,2.23,2.83,2.85,3.8
2023-04-01,0.62,1.0,0.62,1.0,10.35,5.0,0.0,0.0,7.03,2.24
2023-04-02,1.11,2.0,6.73,4.0,25.17,9.0,5.94,2.82,12.29,4.48
2023-04-03,1.86,3.0,1.86,3.0,21.92,9.0,0.33,0.96,16.86,5.6
2023-04-04,0.39,1.0,0.39,1.0,29.78,6.0,0.34,0.88,3.71,1.94
2023-04-05,0.0,0.0,0.0,0.0,32.67,9.0,0.0,0.0,9.05,2.07
2023-04-06,0.41,1.0,8.33,3.0,56.7,15.0,6.2,1.57,18.25,4.8
2023-04-07,14.17,2.0,18.09,4.0,48.61,15.0,16.12,2.56,17.84,3.18
2023-04-08,12.64,4.0,33.82,10.0,74.49,18.0,4.37,2.13,15.87,4.05
2023-04-09,1.13,2.0,35.59,12.0,50.56,20.0,6.43,2.71,7.5,3.09
2023-04-10,0.0,0.0,4.66,1.0,124.48,13.0,0.0,0.0,8.95,2.04
2023-04-11,13.86,3.0,15.02,5.0,20.83,10.0,0.56,1.11,0.68,1.26
2023-04-12,46.49,1.0,49.77,2.0,63.41,9.0,0.0,0.0,0.32,0.52
2023-04-13,4.39,1.0,81.9,6.0,125.52,13.0,0.0,0.0,26.13,2.01
2023-04-14,0.97,1.0,25.57,12.0,145.11,26.0,0.63,1.15,48.16,4.96
2023-04-15,21.92,7.0,69.76,18.0,153.85,40.0,4.7,1.17,16.1,3.53
2023-04-16,7.38,2.0,56.3,12.0,86.45,22.0,17.25,2.54,17.26,2.54
2023-04-17,7.92,2.0,69.79,12.0,140.39,33.0,7.56,0.96,13.7,2.0
2023-04-18,25.27,7.0,28.43,8.0,166.27,33.0,3.63,0.95,6.04,2.36
2023-04-19,63.55,9.0,121.28,22.0,130.53,25.0,6.42,1.71,6.84,1.84
2023-04-20,28.43,5.0,55.84,12.0,79.28,18.0,11.3,3.5,25.45,6.47
2023-04-21,20.65,5.0,86.06,18.0,172.13,38.0,0.0,0.0,46.09,12.78
2023-04-22,42.45,7.0,130.72,23.0,345.51,75.0,15.39,4.57,100.2,34.11
2023-04-23,4.72,3.0,13.92,7.0,44.8,22.0,0.0,0.0,11.16,6.04
2023-04-24,62.35,15.0,165.09,46.0,332.63,83.0,59.52,15.43,62.95,17.11
2023-04-25,36.47,14.0,147.98,45.0,295.66,86.0,40.66,15.37,90.78,28.72
2023-04-26,5.32,1.0,58.6,12.0,84.21,23.0,28.41,6.24,28.43,6.26
2023-04-27,86.67,18.0,455.35,84.0,926.5,183.0,22.45,4.7,75.59,26.39
2023-04-28,2.02,2.0,5.98,5.0,62.02,24.0,0.22,0.39,1.0,0.75
2023-04-29,0.0,0.0,0.0,0.0,2.95,1.0,0.0,0.0,0.0,0.0
2023-04-30,10.65,4.0,10.65,4.0,10.65,4.0,0.0,0.0,0.0,0.0
2023-05-01,0.0,0.0,0.0,0.0,0.0,0.0,0.0,0.0,0.0,0.0
2023-05-02,0.0,0.0,0.71,1.0,23.86,6.0,0.0,0.0,0.0,0.0
2023-05-03,10.14,5.0,68.64,18.0,95.42,27.0,2.69,1.27,2.84,1.32
2023-05-04,5.12,3.0,26.76,9.0,560.48,135.0,0.65,0.23,1.4,1.24
2023-05-05,3.51,3.0,89.12,17.0,1709.24,267.0,38.74,5.86,752.2,119.73
2023-05-06,19.26,6.0,109.28,28.0,907.86,192.0,41.23,10.48,556.99,118.4
2023-05-07,27.86,9.0,357.14,82.0,1883.34,362.0,24.31,5.73,24.33,5.73
2023-05-08,13.41,4.0,425.53,75.0,2192.01,355.0,24.29,4.15,27.43,5.96
2023-05-09,0.0,0.0,177.95,20.0,820.38,113.0,158.42,17.72,744.82,98.81
2023-05-10,26.0,6.0,389.29,64.0,1504.33,241.0,264.26,40.67,1081.19,163.49
2023-05-11,35.72,11.0,294.73,69.0,1495.35,304.0,81.85,16.73,393.67,69.83
2023-05-12,64.89,8.0,392.96,51.0,1186.13,172.0,22.57,3.83,22.57,3.83
2023-05-13,8.83,5.0,275.19,40.0,1094.03,211.0,13.97,2.45,34.43,7.37
2023-05-14,16.62,5.0,74.29,17.0,495.24,131.0,41.04,7.51,225.45,50.01
2023-05-15,0.0,0.0,124.58,18.0,550.78,94.0,99.06,14.27,301.59,46.75
2023-05-16,0.0,0.0,17.87,6.0,67.63,32.0,7.58,2.34,16.9,6.87
2023-05-17,8.14,2.0,12.84,4.0,109.36,28.0,0.42,0.18,1.89,0.62
2023-05-18,17.59,4.0,17.59,4.0,54.14,15.0,8.72,1.39,24.83,7.03
2023-05-19,12.95,4.0,34.03,11.0,180.75,49.0,11.22,3.83,50.54,14.84
2023-05-20,0.0,0.0,1.81,1.0,83.16,13.0,1.0,0.55,29.59,5.53
2023-05-21,0.0,0.0,0.0,0.0,87.35,16.0,0.0,0.0,28.77,4.37
2023-05-22,0.0,0.0,24.07,4.0,35.91,8.0,0.0,0.0,5.6,1.87
2023-05-23,2.42,1.0,29.51,5.0,72.18,11.0,14.56,2.08,41.97,4.62
2023-05-24,0.0,0.0,0.0,0.0,13.05,2.0,0.0,0.0,0.4,0.07
2023-05-25,0.0,0.0,3.55,1.0,3.55,1.0,1.31,0.37,1.31,0.37
2023-05-26,1.85,3.0,3.46,4.0,4.89,5.0,0.58,0.66,0.58,0.66
2023-05-27,0.0,0.0,0.0,0.0,0.0,0.0,0.0,0.0,0.0,0.0
2023-05-28,0.0,0.0,11.79,2.0,24.87,4.0,0.0,0.0,0.0,0.0
2023-05-29,1.41,3.0,2.49,4.0,25.62,8.0,0.26,0.76,17.26,3.73
2023-05-30,0.0,0.0,0.41,1.0,59.27,8.0,0.39,0.95,0.39,0.95
2023-05-31,0.0,0.0,5.08,1.0,8.63,2.0,3.6,0.71,3.6,0.71
2023-06-01,2.01,1.0,2.01,1.0,10.44,2.0,1.88,0.93,1.88,0.93
2023-06-02,0.0,0.0,11.84,2.0,44.27,4.0,0.31,0.06,32.27,2.03
2023-06-03,0.0,0.0,1.43,1.0,28.08,9.0,1.37,0.96,16.05,5.08
2023-06-04,1.39,3.0,1.39,3.0,3.5,5.0,0.28,0.7,1.36,1.73
2023-06-05,0.0,0.0,0.0,0.0,20.49,3.0,0.0,0.0,0.0,0.0
2023-06-06,0.0,0.0,14.98,3.0,58.76,17.0,1.19,0.61,9.97,3.28
2023-06-07,0.0,0.0,2.96,2.0,28.09,12.0,0.0,0.0,3.95,1.36
2023-06-08,11.52,4.0,27.77,7.0,73.71,23.0,7.68,2.2,11.02,3.76
2023-06-09,0.0,0.0,18.73,3.0,97.66,22.0,0.0,0.0,4.79,1.78
2023-06-10,0.0,0.0,10.42,1.0,46.98,8.0,7.06,0.68,8.5,0.87
2023-06-11,2.04,1.0,8.96,3.0,67.55,16.0,0.0,0.0,9.96,2.78
2023-06-12,0.0,0.0,29.69,6.0,61.27,19.0,2.58,1.27,8.63,3.59
2023-06-13,0.0,0.0,38.62,2.0,117.91,14.0,13.71,0.71,19.15,1.69
2023-06-14,4.4,4.0,6.46,6.0,83.81,30.0,3.48,3.98,6.8,4.55
2023-06-15,0.95,1.0,0.95,1.0,79.46,17.0,0.42,0.44,3.88,1.04
2023-06-16,0.0,0.0,4.97,1.0,18.76,4.0,0.0,0.0,0.02,0.0
2023-06-17,0.0,0.0,0.0,0.0,8.02,2.0,0.0,0.0,0.0,0.0
2023-06-18,0.0,0.0,0.0,0.0,7.88,2.0,0.0,0.0,0.13,0.03
2023-06-19,0.0,0.0,0.0,0.0,9.69,3.0,0.0,0.0,6.08,1.85
2023-06-20,2.96,1.0,2.96,1.0,39.92,14.0,2.5,0.84,11.95,4.22
2023-06-21,0.0,0.0,0.0,0.0,6.3,2.0,0.0,0.0,0.0,0.0
2023-06-22,0.0,0.0,0.0,0.0,22.05,4.0,0.0,0.0,0.0,0.0
2023-06-23,0.0,0.0,0.0,0.0,0.0,0.0,0.0,0.0,0.0,0.0
2023-06-24,0.0,0.0,0.0,0.0,0.0,0.0,0.0,0.0,0.0,0.0
2023-06-25,0.0,0.0,0.0,0.0,0.0,0.0,0.0,0.0,0.0,0.0
2023-06-26,0.0,0.0,0.0,0.0,1.17,1.0,0.0,0.0,0.0,0.0
2023-06-27,0.0,0.0,4.06,1.0,4.06,1.0,0.0,0.0,0.0,0.0
2023-06-28,0.0,0.0,0.0,0.0,5.06,1.0,0.0,0.0,3.42,0.68
2023-06-29,0.0,0.0,0.0,0.0,1.76,1.0,0.0,0.0,0.0,0.0
2023-06-30,0.0,0.0,0.0,0.0,0.0,0.0,0.0,0.0,0.0,0.0
2023-07-01,0.0,0.0,0.0,0.0,0.0,0.0,0.0,0.0,0.0,0.0
2023-07-02,0.0,0.0,0.0,0.0,4.2,1.0,0.0,0.0,3.91,0.93
2023-07-03,0.0,0.0,0.0,0.0,0.0,0.0,0.0,0.0,0.0,0.0
2023-07-04,0.0,0.0,0.0,0.0,10.43,1.0,0.0,0.0,0.0,0.0
2023-07-05,0.0,0.0,1.4,1.0,1.4,1.0,0.0,0.0,0.0,0.0
2023-07-06,0.0,0.0,0.0,0.0,7.06,2.0,0.0,0.0,0.0,0.0
2023-07-07,0.0,0.0,0.0,0.0,0.0,0.0,0.0,0.0,0.0,0.0
2023-07-08,0.0,0.0,0.0,0.0,0.0,0.0,0.0,0.0,0.0,0.0
2023-07-09,0.0,0.0,0.0,0.0,0.0,0.0,0.0,0.0,0.0,0.0
2023-07-10,0.0,0.0,0.0,0.0,0.0,0.0,0.0,0.0,0.0,0.0
2023-07-11,0.0,0.0,0.0,0.0,0.0,0.0,0.0,0.0,0.0,0.0
2023-07-12,0.0,0.0,0.0,0.0,0.0,0.0,0.0,0.0,0.0,0.0
2023-07-13,0.84,1.0,0.84,1.0,4.77,2.0,0.0,0.0,0.0,0.0
2023-07-14,0.0,0.0,0.0,0.0,0.0,0.0,0.0,0.0,0.0,0.0
2023-07-15,0.0,0.0,0.0,0.0,0.0,0.0,0.0,0.0,0.0,0.0
2023-07-16,0.0,0.0,0.0,0.0,0.0,0.0,0.0,0.0,0.0,0.0
2023-07-17,4.68,2.0,6.55,3.0,6.55,3.0,0.0,0.0,0.0,0.0
2023-07-18,0.0,0.0,0.0,0.0,0.0,0.0,0.0,0.0,0.0,0.0
2023-07-19,0.0,0.0,0.0,0.0,0.0,0.0,0.0,0.0,0.0,0.0
2023-07-20,0.0,0.0,1.07,1.0,1.07,1.0,0.0,0.0,0.0,0.0
2023-07-21,5.46,2.0,5.46,2.0,5.46,2.0,0.95,0.37,0.95,0.37
2023-07-22,2.08,1.0,3.64,2.0,3.64,2.0,0.0,0.0,0.0,0.0
2023-07-23,3.45,1.0,3.45,1.0,3.45,1.0,0.0,0.0,0.0,0.0
2023-07-24,0.0,0.0,0.0,0.0,3.57,1.0,0.0,0.0,3.57,1.0
2023-07-25,0.0,0.0,0.0,0.0,0.0,0.0,0.0,0.0,0.0,0.0
2023-07-26,0.0,0.0,0.0,0.0,0.0,0.0,0.0,0.0,0.0,0.0
2023-07-27,0.0,0.0,0.0,0.0,0.0,0.0,0.0,0.0,0.0,0.0
2023-07-28,0.0,0.0,0.0,0.0,0.0,0.0,0.0,0.0,0.0,0.0
2023-07-29,0.49,1.0,0.49,1.0,1.43,3.0,0.0,0.0,0.0,0.0
2023-07-30,0.0,0.0,0.0,0.0,0.0,0.0,0.0,0.0,0.0,0.0
2023-07-31,0.0,0.0,0.0,0.0,0.0,0.0,0.0,0.0,0.0,0.0
2023-08-01,0.0,0.0,0.79,1.0,5.87,3.0,0.58,0.74,0.58,0.74
2023-08-02,0.0,0.0,0.0,0.0,0.0,0.0,0.0,0.0,0.0,0.0
2023-08-03,0.0,0.0,0.0,0.0,0.0,0.0,0.0,0.0,0.0,0.0
2023-08-04,0.0,0.0,0.0,0.0,0.59,1.0,0.0,0.0,0.57,0.97
2023-08-05,0.0,0.0,0.0,0.0,0.0,0.0,0.0,0.0,0.0,0.0
2023-08-06,0.0,0.0,0.0,0.0,0.0,0.0,0.0,0.0,0.0,0.0
2023-08-07,0.0,0.0,0.0,0.0,0.0,0.0,0.0,0.0,0.0,0.0
2023-08-08,0.0,0.0,0.0,0.0,0.0,0.0,0.0,0.0,0.0,0.0
2023-08-09,0.0,0.0,0.0,0.0,0.95,1.0,0.0,0.0,0.0,0.0
2023-08-10,0.0,0.0,0.0,0.0,5.62,1.0,0.0,0.0,2.46,0.44
2023-08-11,0.0,0.0,1.95,1.0,1.95,1.0,1.82,0.93,1.82,0.93
2023-08-12,2.64,2.0,3.14,3.0,6.13,4.0,1.33,1.39,1.45,1.43
2023-08-13,0.0,0.0,0.0,0.0,0.0,0.0,0.0,0.0,0.0,0.0
2023-08-14,0.0,0.0,0.0,0.0,0.0,0.0,0.0,0.0,0.0,0.0
2023-08-15,0.0,0.0,0.0,0.0,0.0,0.0,0.0,0.0,0.0,0.0
2023-08-16,5.34,2.0,5.34,2.0,9.68,3.0,0.0,0.0,1.43,0.33
2023-08-17,3.8,1.0,3.8,1.0,3.8,1.0,0.02,0.01,0.02,0.01
2023-08-18,6.96,3.0,15.63,6.0,15.63,6.0,1.8,1.36,1.8,1.36
2023-08-19,0.0,0.0,0.0,0.0,0.0,0.0,0.0,0.0,0.0,0.0
2023-08-20,10.87,3.0,10.87,3.0,10.87,3.0,0.0,0.0,0.0,0.0
2023-08-21,0.0,0.0,0.0,0.0,0.0,0.0,0.0,0.0,0.0,0.0
2023-08-22,0.0,0.0,0.0,0.0,0.0,0.0,0.0,0.0,0.0,0.0
2023-08-23,0.0,0.0,0.0,0.0,0.0,0.0,0.0,0.0,0.0,0.0
2023-08-24,0.0,0.0,0.0,0.0,0.0,0.0,0.0,0.0,0.0,0.0
2023-08-25,0.0,0.0,0.0,0.0,0.0,0.0,0.0,0.0,0.0,0.0
2023-08-26,0.0,0.0,0.0,0.0,0.0,0.0,0.0,0.0,0.0,0.0
2023-08-27,0.0,0.0,0.0,0.0,0.0,0.0,0.0,0.0,0.0,0.0
2023-08-28,0.0,0.0,0.0,0.0,0.0,0.0,0.0,0.0,0.0,0.0
2023-08-29,1.82,1.0,3.95,2.0,7.14,5.0,1.74,0.82,1.76,0.84
2023-08-30,6.92,2.0,6.92,2.0,28.92,6.0,4.84,1.16,9.82,2.42
2023-08-31,0.0,0.0,0.0,0.0,0.0,0.0,0.0,0.0,0.0,0.0
2023-09-01,0.0,0.0,1.19,1.0,1.19,1.0,0.59,0.5,0.59,0.5
2023-09-02,1.9,2.0,3.63,4.0,7.04,6.0,2.52,2.04,5.35,3.03
2023-09-03,4.02,2.0,4.02,2.0,12.22,5.0,0.37,0.47,2.76,1.37
2023-09-04,0.0,0.0,0.0,0.0,0.0,0.0,0.0,0.0,0.0,0.0
2023-09-05,0.0,0.0,0.0,0.0,14.8,4.0,0.0,0.0,0.49,0.15
2023-09-06,0.0,0.0,0.0,0.0,2.51,1.0,0.0,0.0,0.0,0.0
2023-09-07,0.0,0.0,11.26,2.0,17.67,4.0,0.0,0.0,0.0,0.0
2023-09-08,0.0,0.0,0.0,0.0,70.22,19.0,0.0,0.0,0.28,0.07
2023-09-09,0.0,0.0,0.0,0.0,12.78,2.0,0.0,0.0,0.0,0.0
2023-09-10,0.0,0.0,0.0,0.0,2.54,1.0,0.0,0.0,0.33,0.13
2023-09-11,0.0,0.0,0.0,0.0,0.95,1.0,0.0,0.0,0.92,0.97
2023-09-12,0.0,0.0,0.0,0.0,4.23,1.0,0.0,0.0,0.0,0.0
2023-09-13,0.0,0.0,2.87,1.0,14.25,4.0,0.0,0.0,0.0,0.0
2023-09-14,0.0,0.0,0.61,1.0,2.83,2.0,0.0,0.0,0.0,0.0
2023-09-15,0.55,1.0,1.92,2.0,12.17,3.0,0.09,0.16,0.09,0.16
2023-09-16,0.0,0.0,0.0,0.0,0.0,0.0,0.0,0.0,0.0,0.0
2023-09-17,0.0,0.0,0.0,0.0,4.01,1.0,0.0,0.0,0.0,0.0
2023-09-18,0.0,0.0,0.0,0.0,0.0,0.0,0.0,0.0,0.0,0.0
2023-09-19,2.14,1.0,11.88,4.0,16.28,5.0,2.48,1.14,2.48,1.14
2023-09-20,0.0,0.0,0.0,0.0,9.29,2.0,0.0,0.0,6.38,1.38
2023-09-21,0.0,0.0,2.18,1.0,4.74,2.0,0.0,0.0,0.1,0.04
2023-09-22,0.0,0.0,0.0,0.0,9.89,3.0,0.0,0.0,0.0,0.0
2023-09-23,0.0,0.0,0.0,0.0,19.15,4.0,0.0,0.0,0.0,0.0
2023-09-24,1.01,2.0,1.01,2.0,1.01,2.0,0.0,0.0,0.0,0.0
2023-09-25,0.95,1.0,2.94,3.0,5.56,4.0,1.59,1.64,4.16,2.62
2023-09-26,0.0,0.0,0.0,0.0,7.69,3.0,0.0,0.0,1.58,0.53
2023-09-27,0.0,0.0,12.93,7.0,40.4,15.0,8.38,4.72,30.7,11.18
2023-09-28,0.7,1.0,9.22,4.0,57.36,14.0,1.71,1.89,42.84,10.28
2023-09-29,1.24,2.0,43.67,16.0,98.22,34.0,17.66,7.31,56.56,19.58
2023-09-30,22.05,7.0,85.07,26.0,177.72,55.0,17.91,6.37,80.33,25.59
2023-10-01,24.65,4.0,63.87,13.0,110.64,24.0,28.03,5.8,70.76,15.98
2023-10-02,0.0,0.0,39.74,7.0,103.77,26.0,6.86,1.77,59.61,16.22
2023-10-03,0.0,0.0,61.13,12.0,134.72,23.0,5.83,1.63,54.39,7.92
2023-10-04,37.03,3.0,109.78,17.0,219.6,46.0,14.14,3.97,100.36,25.83
2023-10-05,6.59,2.0,30.84,13.0,131.61,50.0,11.13,6.13,76.66,28.09
2023-10-06,16.03,4.0,53.44,11.0,109.19,26.0,7.41,1.85,41.69,10.68
2023-10-07,0.64,1.0,18.83,10.0,56.83,21.0,3.73,1.93,34.6,10.12
2023-10-08,3.42,2.0,36.81,13.0,140.13,45.0,4.98,2.1,79.78,23.81
2023-10-09,12.53,5.0,30.55,14.0,117.04,35.0,2.49,1.72,32.1,9.44
2023-10-10,17.6,5.0,56.4,18.0,261.94,74.0,6.07,4.19,157.09,44.72
2023-10-11,22.89,8.0,101.51,30.0,353.72,88.0,26.89,9.87,177.23,38.9
2023-10-12,7.14,2.0,54.96,14.0,199.06,46.0,10.25,2.18,110.33,23.9
2023-10-13,0.0,0.0,53.88,12.0,100.33,25.0,9.0,2.16,52.36,14.06
2023-10-14,10.68,4.0,99.42,20.0,301.65,69.0,5.59,3.85,187.23,47.32
2023-10-15,54.41,10.0,149.58,36.0,545.21,138.0,28.77,8.91,306.21,77.23
2023-10-16,0.86,1.0,55.42,18.0,66.39,21.0,7.8,2.35,8.75,2.61
2023-10-17,0.0,0.0,1.17,2.0,1.17,2.0,0.76,1.44,0.76,1.44
2023-10-18,3.06,2.0,5.08,3.0,20.44,11.0,0.0,0.0,14.31,5.96
2023-10-19,0.0,0.0,3.29,1.0,104.75,23.0,0.0,0.0,89.87,18.38
2023-10-20,13.93,5.0,64.05,20.0,334.78,76.0,10.16,5.93,246.54,52.18
2023-10-21,13.34,6.0,57.37,22.0,378.91,111.0,8.73,3.21,258.54,69.72
2023-10-22,23.27,3.0,43.3,7.0,186.39,39.0,2.15,0.51,98.28,20.34
2023-10-23,0.0,0.0,5.22,3.0,113.43,31.0,0.34,1.0,78.05,23.21
2023-10-24,6.26,3.0,46.63,12.0,315.76,78.0,7.68,3.11,224.77,55.04
2023-10-25,41.92,10.0,82.39,22.0,360.35,84.0,23.87,4.56,271.04,57.33
2023-10-26,10.45,5.0,175.99,29.0,574.75,143.0,70.78,11.23,325.67,76.78
2023-10-27,15.09,6.0,39.18,12.0,383.62,82.0,2.61,0.69,250.66,49.86
2023-10-28,0.0,0.0,4.38,2.0,60.18,18.0,0.41,0.94,25.13,7.16
2023-10-29,9.3,3.0,9.3,3.0,327.92,59.0,0.0,0.0,6.9,3.18
2023-10-30,0.48,1.0,2.89,2.0,220.76,51.0,0.0,0.0,12.27,4.23
2023-10-31,20.26,4.0,52.79,12.0,470.09,89.0,9.46,3.28,14.06,7.07
2023-11-01,4.63,2.0,26.12,10.0,299.28,88.0,8.72,2.9,142.54,42.17
2023-11-02,0.0,0.0,1.18,2.0,2.93,4.0,0.71,1.0,2.33,2.87
2023-11-03,0.0,0.0,0.0,0.0,51.03,12.0,0.0,0.0,39.09,7.54
2023-11-04,0.0,0.0,3.93,3.0,180.81,37.0,3.9,2.98,133.53,25.45
2023-11-05,0.44,1.0,18.67,8.0,836.02,132.0,7.83,4.84,774.13,117.56
2023-11-06,4.32,5.0,38.08,15.0,342.19,96.0,12.32,6.21,64.22,20.72
2023-11-07,11.39,5.0,31.95,12.0,280.37,60.0,2.52,1.63,212.94,38.85
2023-11-08,13.15,6.0,23.82,9.0,232.55,37.0,16.32,6.63,212.37,31.12
2023-11-09,0.0,0.0,18.49,3.0,131.51,32.0,0.0,0.0,73.85,18.81
2023-11-10,0.51,1.0,3.57,2.0,4.96,3.0,0.24,0.08,0.53,0.29
2023-11-11,0.56,1.0,12.46,5.0,79.03,29.0,0.48,0.14,41.48,13.58
2023-11-12,10.43,3.0,26.54,10.0,655.56,115.0,6.92,3.16,504.63,77.96
2023-11-13,0.0,0.0,30.23,3.0,121.65,23.0,2.18,0.37,61.43,12.68
2023-11-14,1.44,2.0,7.03,5.0,139.14,25.0,2.12,1.61,130.36,20.97
2023-11-15,17.98,3.0,27.99,7.0,218.83,43.0,8.99,3.9,183.66,35.44
2023-11-16,20.42,5.0,41.73,12.0,190.77,49.0,23.34,5.72,99.26,24.64
2023-11-17,4.62,3.0,29.23,10.0,170.27,50.0,17.08,6.33,70.15,21.28
2023-11-18,3.87,2.0,38.76,15.0,88.34,34.0,0.0,0.0,0.0,0.0
2023-11-19,5.58,2.0,21.32,7.0,138.66,41.0,7.41,3.02,86.93,24.46
2023-11-20,5.76,3.0,53.55,20.0,132.3,43.0,18.07,7.08,71.13,22.3
2023-11-21,5.64,5.0,32.26,16.0,184.61,53.0,15.28,7.33,123.2,33.73
2023-11-22,8.53,5.0,49.25,19.0,235.1,78.0,12.29,3.55,126.08,35.35
2023-11-23,9.66,3.0,62.71,16.0,200.96,48.0,5.8,1.87,16.99,5.38
2023-11-24,6.81,3.0,41.85,19.0,110.73,42.0,25.29,12.59,71.39,26.14
2023-11-25,0.0,0.0,13.08,5.0,28.43,10.0,0.72,0.39,10.56,3.28
2023-11-26,0.0,0.0,0.0,0.0,24.12,7.0,0.0,0.0,0.39,0.11
2023-11-27,17.37,4.0,32.37,8.0,40.22,12.0,16.35,3.15,18.54,4.13
2023-11-28,0.52,1.0,1.06,2.0,1.06,2.0,0.52,0.99,0.52,0.99
2023-11-29,7.77,3.0,12.43,4.0,74.19,21.0,2.28,0.49,40.78,9.98
2023-11-30,0.0,0.0,5.57,2.0,8.98,3.0,4.65,1.71,7.89,2.66
2023-12-01,2.98,2.0,10.89,3.0,74.51,17.0,6.36,2.11,40.3,8.82
2023-12-02,5.47,3.0,117.87,36.0,220.65,69.0,89.02,25.91,156.66,46.3
2023-12-03,11.56,3.0,77.04,26.0,213.71,80.0,26.44,9.33,89.64,36.07
2023-12-04,7.0,6.0,47.45,18.0,83.15,28.0,28.25,8.62,57.51,16.29
2023-12-05,6.34,3.0,29.58,11.0,101.97,35.0,12.05,3.67,47.52,12.96
2023-12-06,0.39,1.0,64.43,21.0,202.15,63.0,15.85,4.51,55.83,14.4
2023-12-07,22.64,9.0,83.71,24.0,201.0,58.0,14.73,5.07,45.22,12.52
2023-12-08,6.78,2.0,96.39,30.0,211.63,79.0,24.34,7.03,60.52,21.47
2023-12-09,14.38,4.0,71.04,22.0,155.96,47.0,16.29,5.41,33.86,10.53
2023-12-10,10.6,9.0,55.98,24.0,83.2,35.0,12.28,5.46,21.29,9.06
2023-12-11,0.0,0.0,45.41,17.0,113.06,32.0,12.77,6.4,62.02,15.92
2023-12-12,35.93,11.0,122.54,38.0,198.03,63.0,19.74,6.21,37.22,11.25
2023-12-13,25.54,12.0,169.89,62.0,336.85,113.0,80.06,26.11,150.65,48.44
2023-12-14,18.0,11.0,31.0,16.0,97.28,35.0,7.0,3.33,20.39,5.9
2023-12-15,0.5,1.0,31.84,10.0,126.2,30.0,7.8,2.2,29.86,7.33
2023-12-16,24.51,7.0,104.51,31.0,124.79,40.0,25.83,7.16,32.16,10.31
2023-12-17,6.25,4.0,48.54,15.0,84.87,27.0,14.22,5.11,23.91,8.47
2023-12-18,30.12,13.0,97.75,34.0,256.51,64.0,44.24,12.25,71.3,18.93
2023-12-19,43.63,6.0,125.8,33.0,282.85,88.0,21.75,5.51,62.39,18.17
2023-12-20,4.5,1.0,46.6,13.0,133.47,41.0,8.72,1.51,40.59,11.99
2023-12-21,0.0,0.0,38.55,14.0,88.51,32.0,10.96,4.17,34.93,11.81
2023-12-22,5.68,3.0,61.16,24.0,98.45,39.0,19.69,9.07,49.71,21.54
2023-12-23,3.75,1.0,80.03,25.0,184.1,56.0,20.42,6.7,48.08,17.72
2023-12-24,38.15,13.0,145.89,51.0,260.76,100.0,56.04,20.56,129.66,51.92
2023-12-25,3.41,4.0,60.36,25.0,85.16,33.0,11.84,5.47,18.29,7.42
2023-12-26,0.0,0.0,3.69,1.0,5.62,2.0,0.47,0.13,2.4,1.13
2023-12-27,0.0,0.0,5.2,2.0,59.2,19.0,1.93,0.84,15.76,4.97
2023-12-28,0.0,0.0,6.9,3.0,16.45,5.0,2.19,0.94,8.01,1.93
2023-12-29,0.0,0.0,0.0,0.0,15.91,6.0,0.0,0.0,4.69,2.27
2023-12-30,0.0,0.0,0.0,0.0,0.0,0.0,0.0,0.0,0.0,0.0
2023-12-31,0.0,0.0,0.0,0.0,0.0,0.0,0.0,0.0,0.0,0.0
2024-01-01,0.0,0.0,7.86,3.0,11.46,4.0,1.48,0.54,1.48,0.54
2024-01-02,0.0,0.0,31.37,8.0,50.51,12.0,14.08,4.33,29.96,7.27
2024-01-03,0.93,1.0,1.54,2.0,8.2,5.0,0.89,1.22,4.25,2.45
2024-01-04,0.0,0.0,0.0,0.0,12.02,4.0,0.0,0.0,3.06,1.09
2024-01-05,0.0,0.0,0.0,0.0,1.9,2.0,0.0,0.0,0.0,0.0
2024-01-06,0.0,0.0,0.0,0.0,2.0,1.0,0.0,0.0,0.2,0.1
2024-01-07,19.37,4.0,19.37,4.0,23.71,6.0,2.67,0.44,2.76,0.47
2024-01-08,1.42,1.0,26.84,7.0,26.84,7.0,25.91,6.62,25.91,6.62
2024-01-09,0.45,1.0,2.41,2.0,17.14,5.0,0.0,0.0,0.24,0.07
2024-01-10,0.0,0.0,3.48,1.0,21.23,5.0,0.0,0.0,5.24,1.36
2024-01-11,3.64,3.0,22.77,8.0,25.91,10.0,6.69,2.21,8.34,3.38
2024-01-12,6.15,2.0,10.62,3.0,17.69,6.0,6.68,1.85,10.47,3.47
2024-01-13,0.0,0.0,7.64,3.0,7.64,3.0,1.44,0.36,1.44,0.36
2024-01-14,1.02,1.0,4.86,3.0,28.25,14.0,2.55,1.29,14.77,7.64
2024-01-15,9.63,3.0,32.89,13.0,39.73,15.0,6.68,3.23,10.62,4.35
2024-01-16,0.0,0.0,0.0,0.0,0.0,0.0,0.0,0.0,0.0,0.0
2024-01-17,2.98,1.0,6.12,2.0,30.95,7.0,2.15,0.72,2.15,0.72
2024-01-18,3.68,1.0,3.68,1.0,3.68,1.0,1.8,0.49,1.8,0.49
2024-01-19,0.0,0.0,0.0,0.0,0.0,0.0,0.0,0.0,0.0,0.0
2024-01-20,12.74,5.0,78.95,26.0,125.66,42.0,19.98,7.49,28.74,10.31
2024-01-21,0.0,0.0,0.0,0.0,0.0,0.0,0.0,0.0,0.0,0.0
2024-01-22,0.0,0.0,10.2,5.0,29.21,11.0,0.0,0.0,0.0,0.0
2024-01-23,0.0,0.0,0.0,0.0,5.97,1.0,0.0,0.0,0.16,0.03
2024-01-24,0.0,0.0,35.7,10.0,70.47,22.0,18.04,5.27,31.45,9.75
2024-01-25,0.0,0.0,39.0,15.0,64.61,23.0,0.85,0.36,8.37,2.63
2024-01-26,0.0,0.0,43.36,11.0,79.58,21.0,22.81,5.88,37.68,9.8
2024-01-27,15.56,7.0,24.56,11.0,59.01,19.0,2.26,1.18,6.08,2.83
2024-01-28,0.0,0.0,0.0,0.0,0.0,0.0,0.0,0.0,0.0,0.0
2024-01-29,3.32,2.0,73.88,17.0,160.95,37.0,1.18,0.62,12.12,4.1
2024-01-30,0.0,0.0,15.41,3.0,81.03,25.0,9.09,1.92,50.29,14.52
2024-01-31,0.0,0.0,0.0,0.0,0.0,0.0,0.0,0.0,0.0,0.0
2024-02-01,1.35,2.0,1.35,2.0,1.35,2.0,0.0,0.0,0.0,0.0
2024-02-02,0.0,0.0,0.0,0.0,10.24,2.0,0.0,0.0,0.0,0.0
2024-02-03,0.0,0.0,1.95,1.0,19.56,4.0,1.5,0.77,7.43,1.86
2024-02-04,0.0,0.0,0.0,0.0,0.0,0.0,0.0,0.0,0.0,0.0
2024-02-05,0.0,0.0,2.84,1.0,2.84,1.0,1.26,0.44,1.26,0.44
2024-02-06,8.6,2.0,18.36,5.0,28.65,10.0,1.51,0.93,4.99,2.65
2024-02-07,0.0,0.0,33.2,12.0,102.4,31.0,2.12,1.25,7.72,5.16
2024-02-08,1.6,2.0,40.31,10.0,118.05,28.0,1.35,1.18,17.42,3.85
2024-02-09,5.46,4.0,73.45,22.0,207.57,62.0,30.94,6.53,86.18,21.4
2024-02-10,20.43,6.0,86.84,31.0,339.18,93.0,36.69,13.85,113.2,38.88
2024-02-11,5.96,3.0,43.83,17.0,285.34,54.0,24.02,7.66,128.73,24.52
2024-02-12,1.71,2.0,2.35,3.0,8.85,5.0,0.07,0.11,0.07,0.11
2024-02-13,0.81,1.0,29.79,6.0,31.62,8.0,14.52,3.56,15.97,5.1
2024-02-14,2.73,4.0,8.91,7.0,107.09,32.0,2.36,2.18,33.36,9.32
2024-02-15,4.01,4.0,73.5,29.0,191.39,66.0,20.62,13.29,54.78,23.89
2024-02-16,0.79,1.0,29.46,14.0,205.85,59.0,13.31,5.98,34.24,13.4
2024-02-17,9.31,2.0,30.96,8.0,126.21,31.0,10.14,2.52,31.09,8.66
2024-02-18,0.0,0.0,0.0,0.0,35.63,9.0,0.0,0.0,5.38,1.0
2024-02-19,0.0,0.0,0.0,0.0,3.5,2.0,0.0,0.0,0.45,0.24
2024-02-20,0.71,2.0,16.15,6.0,47.16,12.0,1.25,0.62,5.01,1.78
2024-02-21,20.33,4.0,35.26,11.0,154.23,43.0,6.9,3.3,39.82,12.26
2024-02-22,5.62,3.0,36.07,15.0,220.35,62.0,12.81,5.15,73.68,21.08
2024-02-23,15.96,2.0,41.64,11.0,125.04,34.0,16.96,5.0,41.11,12.9
2024-02-24,17.21,5.0,43.75,11.0,117.91,34.0,10.64,4.68,48.73,17.31
2024-02-25,3.21,1.0,5.52,2.0,92.53,19.0,0.0,0.0,63.29,12.65
2024-02-26,0.0,0.0,7.66,1.0,17.15,3.0,7.31,0.95,8.13,1.13
2024-02-27,10.83,4.0,15.12,5.0,31.13,9.0,0.9,0.22,8.99,1.81
2024-02-28,0.87,1.0,17.1,7.0,157.73,32.0,1.57,0.89,51.47,12.25
2024-02-29,6.21,2.0,37.94,7.0,117.06,21.0,8.29,2.01,23.75,4.55
2024-03-01,0.0,0.0,2.31,1.0,5.99,2.0,0.0,0.0,1.56,0.42
2024-03-02,0.0,0.0,0.0,0.0,3.47,1.0,0.0,0.0,0.0,0.0
2024-03-03,1.72,1.0,6.56,3.0,28.96,6.0,4.3,2.01,8.8,2.67
2024-03-04,4.92,4.0,42.03,8.0,69.66,15.0,29.19,3.19,36.29,5.64
2024-03-05,0.0,0.0,14.33,6.0,16.53,7.0,3.98,2.78,4.24,2.91
2024-03-06,5.5,3.0,17.12,6.0,47.61,16.0,7.15,2.09,25.61,7.21
2024-03-07,13.64,7.0,42.01,16.0,88.33,31.0,2.84,2.54,24.26,7.21
2024-03-08,1.64,1.0,27.57,7.0,103.79,29.0,4.32,1.84,21.11,8.04
2024-03-09,3.89,5.0,38.66,9.0,64.66,19.0,29.22,4.36,39.04,8.01
2024-03-10,0.0,0.0,2.85,1.0,13.42,4.0,0.0,0.0,0.69,0.15
2024-03-11,0.62,1.0,3.77,3.0,43.35,16.0,3.52,2.64,16.57,7.67
2024-03-12,1.67,3.0,12.92,8.0,34.46,16.0,8.49,4.45,17.25,8.48
2024-03-13,6.49,4.0,17.41,9.0,39.35,20.0,5.55,2.82,10.86,5.55
2024-03-14,5.42,3.0,17.33,7.0,35.05,14.0,4.81,1.41,13.73,4.68
2024-03-15,1.57,2.0,3.37,3.0,17.64,7.0,1.49,1.44,3.37,2.05
2024-03-16,17.96,7.0,23.33,8.0,36.15,12.0,4.44,2.49,10.8,3.98
2024-03-17,7.82,4.0,12.08,6.0,47.57,17.0,2.15,0.49,35.83,10.09
2024-03-18,47.15,11.0,59.93,14.0,93.45,24.0,30.86,3.29,40.95,5.97
2024-03-19,7.82,7.0,21.13,12.0,62.83,26.0,11.61,5.36,34.17,12.36
2024-03-20,1.22,2.0,1.22,2.0,27.95,8.0,0.95,1.57,22.73,6.48
2024-03-21,5.93,1.0,14.91,3.0,60.04,13.0,0.0,0.0,0.52,0.21
2024-03-22,0.0,0.0,4.11,1.0,21.62,6.0,4.06,0.99,4.62,1.31
2024-03-23,2.68,5.0,18.94,10.0,83.2,26.0,1.35,1.96,16.01,4.86
2024-03-24,0.95,1.0,4.67,7.0,20.63,27.0,0.9,1.1,1.24,1.72
2024-03-25,17.66,10.0,57.65,12.0,90.77,22.0,12.97,3.42,23.01,6.73
2024-03-26,14.15,3.0,14.15,3.0,32.76,7.0,0.16,0.02,13.3,2.19
2024-03-27,1.56,1.0,1.56,1.0,9.53,3.0,0.0,0.0,3.55,0.61
2024-03-28,0.43,1.0,2.76,4.0,2.96,5.0,0.99,1.97,1.15,2.78
2024-03-29,11.45,3.0,24.58,6.0,30.17,10.0,5.19,1.62,6.42,2.08
2024-03-30,0.0,0.0,7.97,4.0,35.26,15.0,2.82,1.63,16.87,7.16
2024-03-31,1.61,2.0,1.61,2.0,158.94,13.0,0.06,0.08,8.96,0.85
2024-04-01,0.0,0.0,6.23,2.0,6.23,2.0,1.38,0.66,1.38,0.66
2024-04-02,1.26,2.0,23.51,6.0,48.77,13.0,0.8,1.03,1.11,1.11
2024-04-03,3.7,4.0,11.23,9.0,17.2,11.0,3.86,3.31,6.83,4.14
2024-04-04,0.0,0.0,16.82,3.0,81.66,19.0,8.57,1.64,49.9,12.62
2024-04-05,5.17,4.0,5.17,4.0,24.91,7.0,4.18,2.97,4.56,3.03
2024-04-06,4.62,2.0,11.65,3.0,138.41,25.0,7.03,1.01,61.41,4.93
2024-04-07,8.76,4.0,8.76,4.0,80.92,20.0,1.89,1.09,19.86,5.08
2024-04-08,6.43,4.0,6.43,4.0,41.08,17.0,0.52,0.74,1.06,1.08
2024-04-09,0.89,1.0,3.72,3.0,40.5,21.0,2.72,1.96,4.9,4.67
2024-04-10,3.04,1.0,15.22,3.0,64.86,17.0,0.75,0.25,18.29,5.22
2024-04-11,3.96,1.0,219.69,9.0,241.76,21.0,3.8,0.96,19.58,9.79
2024-04-12,0.39,1.0,5.14,4.0,40.41,14.0,3.75,2.84,8.84,4.22
2024-04-13,0.0,0.0,3.4,1.0,17.9,6.0,0.0,0.0,0.0,0.0
2024-04-14,0.0,0.0,0.0,0.0,13.7,4.0,0.0,0.0,12.18,3.57
2024-04-15,0.0,0.0,0.0,0.0,0.0,0.0,0.0,0.0,0.0,0.0
2024-04-16,19.94,5.0,29.01,11.0,105.85,27.0,0.33,0.05,16.63,2.58
2024-04-17,5.74,4.0,16.22,8.0,34.48,19.0,4.43,1.95,4.81,2.62
2024-04-18,6.73,5.0,73.79,19.0,273.45,53.0,1.68,2.61,10.84,3.93
2024-04-19,37.17,9.0,114.48,19.0,401.34,51.0,23.02,3.54,26.03,4.52
2024-04-20,4.66,4.0,63.54,9.0,208.06,28.0,33.05,3.13,33.06,3.14
2024-04-21,88.37,5.0,181.03,11.0,228.72,26.0,59.01,4.18,65.31,6.34
2024-04-22,49.08,9.0,169.13,36.0,269.51,59.0,21.81,4.04,38.15,5.7
2024-04-23,3.03,3.0,168.57,21.0,303.13,39.0,47.96,6.48,71.98,9.62
2024-04-24,61.97,9.0,400.67,42.0,521.84,64.0,122.77,11.36,141.63,13.95
2024-04-25,20.51,4.0,72.08,10.0,448.54,52.0,37.12,5.08,224.4,13.75
2024-04-26,112.73,15.0,515.55,63.0,780.28,104.0,130.12,13.07,143.2,14.59
2024-04-27,11.25,7.0,68.33,25.0,183.8,63.0,25.99,8.89,35.78,11.97
2024-04-28,10.72,4.0,735.86,77.0,820.62,99.0,274.4,23.87,294.92,30.7
2024-04-29,39.89,14.0,287.73,48.0,633.73,96.0,150.17,26.08,340.6,40.23
2024-04-30,24.53,4.0,148.96,41.0,369.11,89.0,100.72,30.1,139.06,38.0
2024-05-01,114.36,14.0,617.87,71.0,1073.85,137.0,388.0,40.71,711.64,82.17
2024-05-02,64.24,17.0,686.22,139.0,1799.41,350.0,523.42,104.1,1317.94,252.86
2024-05-03,13.21,3.0,358.51,40.0,579.37,78.0,311.75,31.17,459.79,56.85
2024-05-04,290.68,30.0,1604.71,134.0,4961.61,482.0,1258.25,97.9,3474.33,300.46
2024-05-05,225.33,37.0,2272.63,302.0,5939.95,845.0,1792.52,230.73,4755.06,648.97
2024-05-06,80.37,9.0,764.37,80.0,2839.84,285.0,542.95,59.37,2338.65,229.83
2024-05-07,85.46,16.0,1214.09,164.0,4546.53,596.0,31.05,7.77,89.0,19.79
2024-05-08,15.47,4.0,302.39,72.0,1291.91,294.0,7.4,2.25,25.53,7.47
2024-05-09,47.15,8.0,557.74,98.0,1572.96,301.0,25.91,4.32,68.72,14.71
2024-05-10,97.49,17.0,580.15,115.0,2167.68,445.0,58.42,9.32,131.3,24.84
2024-05-11,28.93,7.0,50.05,10.0,322.59,54.0,20.05,4.12,193.19,30.19
2024-05-12,31.34,9.0,256.41,50.0,1354.79,318.0,45.92,11.45,490.46,130.68
2024-05-13,29.6,9.0,317.27,61.0,1466.08,302.0,275.29,50.62,1275.7,258.73
2024-05-14,5.5,2.0,138.59,22.0,1619.4,214.0,117.77,16.75,1255.03,152.63
2024-05-15,12.47,5.0,234.3,42.0,1096.74,164.0,187.92,33.34,759.33,119.11
2024-05-16,12.11,3.0,37.73,9.0,477.84,85.0,19.16,5.12,186.63,39.75
2024-05-17,0.0,0.0,112.85,12.0,701.86,75.0,58.67,5.21,418.01,40.7
2024-05-18,35.22,10.0,161.26,38.0,733.15,186.0,107.93,24.22,460.71,116.88
2024-05-19,66.55,7.0,110.53,14.0,341.83,59.0,56.49,7.58,145.98,26.87
2024-05-20,50.74,7.0,96.49,13.0,279.74,46.0,58.84,6.71,127.16,16.55
2024-05-21,18.03,5.0,67.92,13.0,201.47,43.0,25.93,4.0,51.35,10.18
2024-05-22,0.0,0.0,42.11,4.0,131.84,20.0,0.0,0.0,1.6,1.3
2024-05-23,9.25,3.0,12.63,5.0,79.45,24.0,3.1,1.87,11.03,4.42
2024-05-24,8.67,2.0,35.57,8.0,123.62,27.0,10.86,2.93,22.44,7.03
2024-05-25,0.0,0.0,19.04,3.0,74.13,12.0,14.81,2.33,41.91,6.87
2024-05-26,2.97,3.0,57.36,9.0,173.82,30.0,29.28,4.09,81.63,14.66
2024-05-27,1.16,1.0,3.98,3.0,68.84,11.0,2.23,1.58,45.76,6.44
2024-05-28,29.37,4.0,42.45,7.0,152.91,25.0,10.02,3.0,68.4,11.63
2024-05-29,7.98,1.0,7.98,1.0,93.89,12.0,1.21,0.15,34.57,3.07
2024-05-30,0.0,0.0,0.0,0.0,0.0,0.0,0.0,0.0,0.0,0.0
2024-05-31,0.0,0.0,0.0,0.0,0.0,0.0,0.0,0.0,0.0,0.0
2024-06-01,0.0,0.0,0.0,0.0,0.0,0.0,0.0,0.0,0.0,0.0
2024-06-02,0.0,0.0,0.0,0.0,0.0,0.0,0.0,0.0,0.0,0.0
2024-06-03,0.0,0.0,0.0,0.0,0.0,0.0,0.0,0.0,0.0,0.0
2024-06-04,2.74,1.0,20.14,2.0,42.11,8.0,0.69,0.25,8.73,2.7
2024-06-05,6.05,2.0,16.87,6.0,114.04,13.0,5.99,2.29,80.67,5.89
2024-06-06,5.0,2.0,7.28,4.0,61.31,18.0,6.53,3.46,32.54,10.01
2024-06-07,0.0,0.0,0.0,0.0,10.11,2.0,0.0,0.0,6.84,1.37
2024-06-08,4.71,1.0,13.87,3.0,39.82,12.0,10.32,2.33,11.68,2.69
2024-06-09,10.19,2.0,38.42,5.0,89.66,17.0,14.66,2.14,33.93,6.65
2024-06-10,12.41,2.0,60.34,8.0,250.8,32.0,40.94,4.82,116.58,12.11
2024-06-11,15.39,3.0,24.64,7.0,233.27,37.0,3.41,2.67,55.87,8.92
2024-06-12,2.14,1.0,6.58,4.0,19.11,8.0,1.12,1.76,1.12,1.76
2024-06-13,39.3,7.0,57.12,10.0,213.24,39.0,19.47,2.87,37.76,6.59
2024-06-14,1.99,2.0,48.97,10.0,133.15,32.0,19.34,4.39,22.5,5.33
2024-06-15,13.81,2.0,26.21,4.0,250.09,38.0,4.03,1.35,37.09,4.81
2024-06-16,88.52,8.0,105.15,15.0,553.5,87.0,55.33,5.58,84.5,11.32
2024-06-17,0.0,0.0,0.0,0.0,137.03,29.0,0.0,0.0,0.71,0.1
2024-06-18,0.0,0.0,4.93,1.0,57.87,14.0,4.91,1.0,7.52,1.57
2024-06-19,0.0,0.0,0.0,0.0,51.34,11.0,0.0,0.0,0.56,0.21
2024-06-20,0.0,0.0,3.86,1.0,12.82,2.0,0.0,0.0,1.89,0.21
2024-06-21,1.98,1.0,5.47,2.0,14.8,5.0,3.49,1.0,5.52,1.81
2024-06-22,0.0,0.0,10.78,2.0,39.85,9.0,9.78,1.81,19.18,3.78
2024-06-23,0.0,0.0,0.0,0.0,9.17,2.0,0.0,0.0,0.0,0.0
2024-06-24,0.0,0.0,0.0,0.0,12.96,2.0,0.0,0.0,0.0,0.0
2024-06-25,0.0,0.0,0.0,0.0,0.0,0.0,0.0,0.0,0.0,0.0
2024-06-26,0.0,0.0,0.0,0.0,0.0,0.0,0.0,0.0,0.0,0.0
2024-06-27,0.0,0.0,0.0,0.0,3.17,1.0,0.0,0.0,0.0,0.0
2024-06-28,0.0,0.0,0.0,0.0,0.0,0.0,0.0,0.0,0.0,0.0
2024-06-29,0.0,0.0,13.84,2.0,87.81,14.0,0.0,0.0,0.0,0.0
2024-06-30,0.0,0.0,0.0,0.0,3.26,1.0,0.0,0.0,3.04,0.93
2024-07-01,0.0,0.0,0.0,0.0,0.0,0.0,0.0,0.0,0.0,0.0
2024-07-02,4.04,2.0,4.04,2.0,4.04,2.0,0.55,0.29,0.55,0.29
2024-07-03,0.0,0.0,0.0,0.0,0.0,0.0,0.0,0.0,0.0,0.0
2024-07-04,0.0,0.0,0.0,0.0,0.0,0.0,0.0,0.0,0.0,0.0
2024-07-05,0.0,0.0,0.0,0.0,0.0,0.0,0.0,0.0,0.0,0.0
2024-07-06,0.0,0.0,0.0,0.0,0.0,0.0,0.0,0.0,0.0,0.0
2024-07-07,0.0,0.0,0.0,0.0,0.0,0.0,0.0,0.0,0.0,0.0
2024-07-08,0.0,0.0,3.9,3.0,3.9,3.0,0.0,0.0,0.0,0.0
2024-07-09,0.0,0.0,0.4,1.0,0.4,1.0,0.0,0.0,0.0,0.0
2024-07-10,0.0,0.0,0.0,0.0,0.0,0.0,0.0,0.0,0.0,0.0
2024-07-11,0.0,0.0,0.0,0.0,0.0,0.0,0.0,0.0,0.0,0.0
2024-07-12,0.0,0.0,0.0,0.0,0.0,0.0,0.0,0.0,0.0,0.0
2024-07-13,0.0,0.0,0.0,0.0,0.0,0.0,0.0,0.0,0.0,0.0
2024-07-14,0.0,0.0,0.0,0.0,0.0,0.0,0.0,0.0,0.0,0.0
2024-07-15,0.0,0.0,0.0,0.0,0.0,0.0,0.0,0.0,0.0,0.0
2024-07-16,0.0,0.0,0.0,0.0,0.0,0.0,0.0,0.0,0.0,0.0
2024-07-17,4.02,1.0,4.02,1.0,4.97,2.0,0.0,0.0,0.0,0.0
2024-07-18,1.58,1.0,1.58,1.0,10.72,2.0,0.0,0.0,0.0,0.0
2024-07-19,0.0,0.0,0.0,0.0,0.0,0.0,0.0,0.0,0.0,0.0
2024-07-20,0.0,0.0,1.28,1.0,1.28,1.0,0.0,0.0,0.0,0.0
2024-07-21,20.1,5.0,45.42,11.0,91.32,25.0,17.57,4.85,24.74,6.95
2024-07-22,0.0,0.0,0.0,0.0,0.0,0.0,0.0,0.0,0.0,0.0
2024-07-23,0.0,0.0,7.45,3.0,9.81,4.0,0.81,0.99,0.81,0.99
2024-07-24,0.0,0.0,0.0,0.0,0.0,0.0,0.0,0.0,0.0,0.0
2024-07-25,0.0,0.0,0.0,0.0,0.0,0.0,0.0,0.0,0.0,0.0
2024-07-26,0.0,0.0,0.0,0.0,0.0,0.0,0.0,0.0,0.0,0.0
2024-07-27,0.0,0.0,0.0,0.0,0.0,0.0,0.0,0.0,0.0,0.0
2024-07-28,0.0,0.0,0.0,0.0,0.0,0.0,0.0,0.0,0.0,0.0
2024-07-29,5.15,3.0,8.02,4.0,8.02,4.0,1.78,0.56,1.78,0.56
2024-07-30,0.0,0.0,0.0,0.0,1.7,1.0,0.0,0.0,0.23,0.14
2024-07-31,0.0,0.0,0.0,0.0,0.0,0.0,0.0,0.0,0.0,0.0
2024-08-01,0.0,0.0,0.0,0.0,0.0,0.0,0.0,0.0,0.0,0.0
2024-08-02,0.0,0.0,0.0,0.0,0.0,0.0,0.0,0.0,0.0,0.0
2024-08-03,0.0,0.0,0.0,0.0,0.0,0.0,0.0,0.0,0.0,0.0
2024-08-04,0.0,0.0,2.75,1.0,4.92,2.0,0.0,0.0,2.11,0.97
2024-08-05,0.0,0.0,3.68,1.0,3.68,1.0,0.0,0.0,0.0,0.0
2024-08-06,0.0,0.0,0.0,0.0,0.0,0.0,0.0,0.0,0.0,0.0
2024-08-07,0.0,0.0,0.0,0.0,0.0,0.0,0.0,0.0,0.0,0.0
2024-08-08,0.0,0.0,0.0,0.0,0.0,0.0,0.0,0.0,0.0,0.0
2024-08-09,3.66,2.0,3.66,2.0,11.66,5.0,0.15,0.12,0.15,0.12
2024-08-10,0.0,0.0,0.0,0.0,0.0,0.0,0.0,0.0,0.0,0.0
2024-08-11,0.0,0.0,0.0,0.0,0.5,1.0,0.0,0.0,0.44,0.88
2024-08-12,0.0,0.0,0.0,0.0,0.0,0.0,0.0,0.0,0.0,0.0
2024-08-13,0.0,0.0,0.0,0.0,0.0,0.0,0.0,0.0,0.0,0.0
2024-08-14,0.0,0.0,0.0,0.0,0.0,0.0,0.0,0.0,0.0,0.0
2024-08-15,0.0,0.0,0.0,0.0,2.64,1.0,0.0,0.0,1.12,0.43
2024-08-16,0.0,0.0,0.0,0.0,0.0,0.0,0.0,0.0,0.0,0.0
2024-08-17,0.0,0.0,0.0,0.0,0.0,0.0,0.0,0.0,0.0,0.0
2024-08-18,0.0,0.0,0.0,0.0,2.65,1.0,0.0,0.0,0.11,0.04
2024-08-19,0.0,0.0,0.0,0.0,0.0,0.0,0.0,0.0,0.0,0.0
2024-08-20,1.36,1.0,1.36,1.0,1.36,1.0,0.0,0.0,0.0,0.0
2024-08-21,0.0,0.0,0.0,0.0,0.0,0.0,0.0,0.0,0.0,0.0
2024-08-22,0.0,0.0,0.0,0.0,0.0,0.0,0.0,0.0,0.0,0.0
2024-08-23,0.0,0.0,0.0,0.0,0.0,0.0,0.0,0.0,0.0,0.0
2024-08-24,0.0,0.0,0.0,0.0,3.88,1.0,0.0,0.0,1.43,0.37
2024-08-25,1.98,2.0,4.33,6.0,34.68,14.0,0.26,0.56,0.28,0.57
2024-08-26,0.0,0.0,0.0,0.0,7.45,1.0,0.0,0.0,0.0,0.0
2024-08-27,0.0,0.0,0.0,0.0,0.0,0.0,0.0,0.0,0.0,0.0
2024-08-28,0.0,0.0,0.0,0.0,0.0,0.0,0.0,0.0,0.0,0.0
2024-08-29,0.0,0.0,0.0,0.0,0.0,0.0,0.0,0.0,0.0,0.0
2024-08-30,0.0,0.0,1.55,2.0,1.55,2.0,0.0,0.0,0.0,0.0
2024-08-31,0.0,0.0,0.0,0.0,2.73,1.0,0.0,0.0,1.1,0.4
2024-09-01,2.08,1.0,2.08,1.0,27.1,6.0,0.81,0.39,17.13,3.79
2024-09-02,0.0,0.0,0.0,0.0,0.0,0.0,0.0,0.0,0.0,0.0
2024-09-03,0.0,0.0,0.0,0.0,0.0,0.0,0.0,0.0,0.0,0.0
2024-09-04,0.0,0.0,0.0,0.0,1.02,1.0,0.0,0.0,0.46,0.45
2024-09-05,4.21,1.0,5.59,2.0,5.59,2.0,4.38,1.15,4.38,1.15
2024-09-06,0.0,0.0,0.0,0.0,0.0,0.0,0.0,0.0,0.0,0.0
2024-09-07,0.0,0.0,0.0,0.0,0.0,0.0,0.0,0.0,0.0,0.0
2024-09-08,0.0,0.0,0.0,0.0,0.0,0.0,0.0,0.0,0.0,0.0
2024-09-09,2.59,1.0,2.59,1.0,4.07,2.0,0.0,0.0,0.0,0.0
2024-09-10,0.0,0.0,5.19,2.0,5.19,2.0,2.28,0.67,2.28,0.67
2024-09-11,0.0,0.0,0.0,0.0,0.0,0.0,0.0,0.0,0.0,0.0
2024-09-12,0.0,0.0,0.0,0.0,0.0,0.0,0.0,0.0,0.0,0.0
2024-09-13,0.0,0.0,0.0,0.0,0.0,0.0,0.0,0.0,0.0,0.0
2024-09-14,0.0,0.0,0.0,0.0,0.0,0.0,0.0,0.0,0.0,0.0
2024-09-15,0.0,0.0,0.0,0.0,0.0,0.0,0.0,0.0,0.0,0.0
2024-09-16,1.01,1.0,2.56,2.0,2.56,2.0,1.46,0.94,1.46,0.94
2024-09-17,0.0,0.0,0.0,0.0,0.0,0.0,0.0,0.0,0.0,0.0
2024-09-18,0.0,0.0,0.0,0.0,0.0,0.0,0.0,0.0,0.0,0.0
2024-09-19,1.34,1.0,1.34,1.0,1.34,1.0,0.0,0.0,0.0,0.0
2024-09-20,4.66,2.0,4.66,2.0,10.03,5.0,0.81,0.34,0.93,0.49
2024-09-21,0.0,0.0,0.0,0.0,34.74,10.0,0.0,0.0,0.0,0.0
2024-09-22,0.71,1.0,1.38,2.0,83.76,17.0,0.65,0.97,68.02,13.11
2024-09-23,0.0,0.0,0.0,0.0,38.54,12.0,0.0,0.0,17.29,5.29
2024-09-24,0.0,0.0,0.0,0.0,12.96,3.0,0.0,0.0,0.0,0.0
2024-09-25,0.29,1.0,0.29,1.0,70.01,18.0,0.0,0.0,0.0,0.0
2024-09-26,0.0,0.0,0.0,0.0,0.0,0.0,0.0,0.0,0.0,0.0
2024-09-27,0.0,0.0,1.96,2.0,1.96,2.0,0.0,0.0,0.0,0.0
2024-09-28,0.0,0.0,0.65,1.0,0.65,1.0,0.0,0.0,0.0,0.0
2024-09-29,0.0,0.0,0.42,1.0,0.42,1.0,0.0,0.0,0.0,0.0
2024-09-30,6.9,2.0,17.55,4.0,21.04,6.0,6.6,1.83,7.94,2.62
2024-10-01,1.71,2.0,3.76,3.0,24.34,9.0,0.8,0.67,11.5,3.48
2024-10-02,46.32,8.0,79.73,19.0,126.37,35.0,9.37,3.31,20.51,6.34
2024-10-03,4.7,1.0,13.68,4.0,32.7,12.0,3.4,0.87,8.81,2.41
2024-10-04,0.0,0.0,2.83,1.0,24.53,8.0,0.0,0.0,3.42,1.18
2024-10-05,2.61,1.0,12.88,3.0,83.89,16.0,0.48,0.63,21.27,4.98
2024-10-06,21.14,6.0,84.95,23.0,185.25,50.0,5.33,2.17,82.04,21.34
2024-10-07,7.07,4.0,70.41,28.0,124.79,50.0,10.61,5.12,49.03,19.75
2024-10-08,53.13,9.0,102.24,24.0,182.33,47.0,4.35,1.82,57.29,18.15
2024-10-09,5.76,2.0,14.36,4.0,56.59,16.0,0.0,0.0,29.51,8.04
2024-10-10,7.01,3.0,139.24,32.0,279.42,62.0,36.34,8.98,151.85,32.6
2024-10-11,25.88,10.0,103.08,33.0,205.11,61.0,25.95,7.69,70.63,18.45
2024-10-12,45.23,14.0,181.19,53.0,514.95,141.0,17.22,5.35,62.63,16.4
2024-10-13,11.2,3.0,34.65,10.0,228.51,55.0,14.3,3.73,124.78,25.86
2024-10-14,0.66,1.0,1.84,2.0,43.91,14.0,1.18,1.0,8.55,3.63
2024-10-15,6.21,4.0,45.19,16.0,90.17,28.0,8.95,3.82,36.05,9.98
2024-10-16,9.25,2.0,30.78,8.0,49.78,13.0,2.33,0.73,15.98,4.69
2024-10-17,6.62,4.0,52.87,22.0,276.22,68.0,4.16,1.7,24.97,6.91
2024-10-18,33.95,10.0,69.34,22.0,228.37,66.0,36.4,9.1,48.05,14.12
2024-10-19,1.65,3.0,38.31,15.0,128.34,41.0,3.43,1.82,18.08,6.76
2024-10-20,0.0,0.0,13.12,5.0,86.88,24.0,0.0,0.0,3.72,1.18
2024-10-21,6.15,4.0,57.46,16.0,75.67,24.0,6.76,1.94,11.37,3.95
2024-10-22,6.21,2.0,44.63,13.0,196.47,39.0,1.89,1.55,106.66,17.68
2024-10-23,13.45,5.0,99.21,29.0,238.42,74.0,20.35,5.96,93.31,26.32
2024-10-24,21.56,4.0,74.06,12.0,126.67,32.0,1.66,0.39,31.57,11.23
2024-10-25,4.68,3.0,29.58,11.0,65.33,23.0,17.99,3.48,39.0,10.78
2024-10-26,13.5,5.0,45.29,14.0,68.18,25.0,6.38,2.29,18.72,8.33
2024-10-27,1.54,2.0,37.27,11.0,86.05,25.0,17.76,6.59,18.08,6.75
2024-10-28,3.97,1.0,47.75,16.0,141.76,43.0,37.03,11.95,48.16,16.61
2024-10-29,7.39,3.0,53.05,16.0,128.3,38.0,40.91,12.38,56.42,18.04
2024-10-30,7.54,4.0,59.03,14.0,234.85,28.0,2.09,0.37,150.52,9.84
2024-10-31,4.77,3.0,45.76,17.0,237.58,55.0,10.47,3.01,165.05,31.87
2024-11-01,13.55,4.0,98.23,23.0,417.43,76.0,2.25,1.65,227.06,29.98
2024-11-02,71.51,9.0,111.87,25.0,325.72,82.0,29.65,5.78,111.17,24.6
2024-11-03,0.0,0.0,0.0,0.0,0.0,0.0,0.0,0.0,0.0,0.0
2024-11-04,0.0,0.0,0.0,0.0,0.0,0.0,0.0,0.0,0.0,0.0
2024-11-05,0.0,0.0,0.0,0.0,0.0,0.0,0.0,0.0,0.0,0.0
2024-11-06,0.0,0.0,0.0,0.0,1.32,2.0,0.0,0.0,0.0,0.0
2024-11-07,0.4,1.0,3.63,3.0,119.17,29.0,0.0,0.0,8.42,3.54
2024-11-08,0.61,1.0,41.46,14.0,231.4,65.0,17.05,4.95,34.99,12.49
2024-11-09,4.86,3.0,29.29,9.0,165.87,43.0,6.32,2.19,31.59,8.72
2024-11-10,1.07,2.0,2.75,4.0,57.5,18.0,0.15,0.14,3.23,1.18
2024-11-11,0.0,0.0,1.43,1.0,107.22,31.0,0.0,0.0,1.08,0.42
2024-11-12,22.98,11.0,41.3,17.0,218.83,50.0,4.84,2.08,96.28,17.43
2024-11-13,3.87,4.0,32.53,18.0,99.35,45.0,6.6,4.96,7.26,5.64
2024-11-14,2.75,3.0,33.21,15.0,82.71,34.0,12.27,3.93,15.74,4.86
2024-11-15,8.36,6.0,19.86,9.0,81.31,24.0,10.38,5.04,34.59,8.23
2024-11-16,0.0,0.0,4.05,1.0,185.86,35.0,0.63,0.15,112.33,21.12
2024-11-17,5.7,1.0,15.0,4.0,47.87,16.0,1.02,0.39,10.06,3.41
2024-11-18,36.82,9.0,49.36,14.0,131.24,38.0,18.21,4.44,36.95,11.5
2024-11-19,3.21,2.0,58.98,18.0,286.89,84.0,11.47,4.35,115.43,26.56
2024-11-20,2.9,1.0,31.74,11.0,177.95,51.0,12.31,3.92,82.27,21.58
2024-11-21,0.47,1.0,16.6,8.0,203.15,46.0,6.05,2.34,105.81,15.83
2024-11-22,3.98,3.0,8.66,6.0,131.4,35.0,0.04,0.03,71.91,12.17
2024-11-23,1.32,2.0,102.41,26.0,366.98,98.0,3.13,1.7,6.72,2.64
2024-11-24,11.78,6.0,71.56,29.0,420.85,142.0,11.65,4.95,152.33,49.1
2024-11-25,0.54,1.0,12.69,5.0,116.4,34.0,0.91,0.85,34.93,10.15
2024-11-26,0.99,2.0,25.15,10.0,71.65,26.0,1.03,0.8,9.42,5.23
2024-11-27,3.57,3.0,39.53,13.0,107.45,36.0,12.37,5.0,57.19,19.09
2024-11-28,6.62,6.0,62.55,24.0,187.56,62.0,26.89,8.66,99.43,30.07
2024-11-29,9.08,4.0,79.94,31.0,241.49,87.0,59.62,22.44,183.18,64.58
2024-11-30,35.7,9.0,102.2,28.0,255.67,80.0,23.49,6.33,74.07,21.42
2024-12-01,7.9,5.0,34.93,12.0,142.32,42.0,4.29,1.78,35.84,9.11
2024-12-02,8.84,5.0,34.57,16.0,64.87,26.0,12.98,6.04,20.71,7.82
2024-12-03,16.59,5.0,37.28,12.0,118.63,34.0,19.17,5.3,41.56,12.01
2024-12-04,6.41,6.0,10.79,8.0,126.44,49.0,4.78,3.51,37.66,15.76
2024-12-05,12.59,6.0,44.82,17.0,258.03,70.0,1.22,1.44,40.7,9.45
2024-12-06,7.63,7.0,29.04,18.0,134.97,47.0,8.63,6.99,33.82,12.28
2024-12-07,4.55,2.0,48.97,17.0,173.35,60.0,12.88,4.85,26.43,12.3
2024-12-08,16.21,8.0,50.49,22.0,186.51,60.0,17.06,7.17,49.68,16.94
2024-12-09,1.89,4.0,49.26,19.0,129.68,45.0,31.67,11.97,57.57,20.11
2024-12-10,14.03,7.0,78.1,30.0,226.26,82.0,20.71,4.12,47.55,13.71
2024-12-11,36.14,11.0,74.7,23.0,291.6,84.0,10.55,3.82,58.11,14.16
2024-12-12,4.3,4.0,14.17,8.0,105.11,29.0,2.21,1.23,10.77,5.68
2024-12-13,8.67,2.0,82.78,17.0,126.63,33.0,16.37,4.59,22.03,7.23
2024-12-14,8.95,5.0,84.36,17.0,225.86,58.0,48.22,4.17,71.04,9.93
2024-12-15,28.4,9.0,187.9,66.0,392.6,142.0,53.87,19.27,108.48,39.12
2024-12-16,33.19,8.0,160.78,49.0,395.54,129.0,69.7,21.02,194.88,60.23
2024-12-17,2.99,3.0,117.91,32.0,210.86,56.0,29.52,9.1,69.38,16.99
2024-12-18,5.72,2.0,50.52,19.0,126.7,43.0,6.07,2.13,24.46,7.22
2024-12-19,3.83,1.0,7.83,2.0,95.02,26.0,4.16,1.06,40.78,12.26
2024-12-20,15.41,10.0,110.55,41.0,274.35,93.0,68.46,23.87,164.14,54.01
2024-12-21,7.99,5.0,113.5,45.0,346.09,124.0,45.22,15.19,145.65,43.2
2024-12-22,14.1,7.0,118.58,43.0,286.94,92.0,19.3,6.54,26.36,8.85
2024-12-23,0.0,0.0,9.51,4.0,11.3,5.0,8.8,3.73,10.09,4.45
2024-12-24,0.0,0.0,6.55,3.0,22.55,9.0,3.58,1.12,14.39,5.32
2024-12-25,17.09,8.0,76.83,27.0,281.25,85.0,16.91,7.16,99.78,29.06
2024-12-26,38.06,12.0,121.64,48.0,381.08,141.0,68.37,28.49,197.13,78.81
2024-12-27,0.0,0.0,0.0,0.0,7.42,2.0,0.0,0.0,3.68,1.03
2024-12-28,0.0,0.0,0.0,0.0,0.0,0.0,0.0,0.0,0.0,0.0
2024-12-29,0.0,0.0,0.0,0.0,0.0,0.0,0.0,0.0,0.0,0.0
2024-12-30,0.0,0.0,0.0,0.0,0.0,0.0,0.0,0.0,0.0,0.0
2024-12-31,0.0,0.0,0.0,0.0,4.21,2.0,0.0,0.0,1.49,0.63
2025-01-01,10.21,1.0,10.21,1.0,10.21,1.0,0.0,0.0,0.0,0.0
2025-01-02,0.0,0.0,0.0,0.0,0.0,0.0,0.0,0.0,0.0,0.0
2025-01-03,0.0,0.0,0.0,0.0,0.52,1.0,0.0,0.0,0.0,0.0
2025-01-04,0.0,0.0,6.9,2.0,15.32,5.0,0.0,0.0,0.0,0.0
2025-01-05,7.52,3.0,61.83,16.0,190.72,51.0,9.58,3.25,28.43,8.55
2025-01-06,0.0,0.0,24.31,7.0,66.38,20.0,3.13,0.7,12.75,3.57
2025-01-07,2.56,4.0,2.56,4.0,3.72,5.0,0.15,0.23,1.31,1.23
2025-01-08,14.21,5.0,38.22,14.0,92.46,32.0,4.66,2.11,25.51,7.9
2025-01-09,2.74,1.0,8.29,4.0,33.99,15.0,3.77,1.5,12.65,5.1
2025-01-10,2.26,1.0,10.11,4.0,52.95,16.0,3.99,1.67,12.27,4.71
2025-01-11,0.77,1.0,6.3,3.0,73.78,27.0,1.31,0.47,28.29,10.5
2025-01-12,2.25,2.0,2.25,2.0,2.25,2.0,0.0,0.0,0.0,0.0
2025-01-13,8.86,2.0,8.86,2.0,15.41,6.0,0.0,0.0,2.43,1.72
2025-01-14,0.97,1.0,0.97,1.0,15.85,6.0,0.0,0.0,8.89,3.2
2025-01-15,0.0,0.0,0.0,0.0,2.63,1.0,0.0,0.0,0.2,0.08
2025-01-16,0.52,1.0,1.34,2.0,3.98,4.0,0.61,0.74,1.55,1.95
2025-01-17,0.0,0.0,4.18,2.0,42.28,15.0,0.8,0.33,5.03,1.39
2025-01-18,3.08,3.0,7.27,4.0,7.27,4.0,0.0,0.0,0.0,0.0
2025-01-19,13.93,6.0,31.41,12.0,107.26,32.0,9.09,3.94,26.46,9.08
2025-01-20,15.22,5.0,29.87,11.0,90.35,30.0,3.9,2.7,17.64,6.95
2025-01-21,3.59,3.0,77.67,27.0,261.64,57.0,40.47,11.64,78.84,19.09
2025-01-22,32.19,10.0,97.91,39.0,236.86,87.0,10.84,5.81,28.69,10.53
2025-01-23,0.0,0.0,22.55,10.0,94.51,34.0,7.69,3.82,27.69,11.12
2025-01-24,25.26,7.0,54.4,16.0,137.49,37.0,8.73,2.25,36.43,5.44
2025-01-25,0.0,0.0,198.97,29.0,290.27,58.0,4.19,1.1,19.54,6.08
2025-01-26,39.26,8.0,113.23,22.0,185.13,46.0,12.3,3.26,15.92,4.27
2025-01-27,10.55,6.0,62.17,24.0,210.79,71.0,4.88,2.36,39.25,9.92
2025-01-28,1.78,1.0,52.57,15.0,149.7,44.0,7.13,1.31,23.16,5.73
2025-01-29,34.31,4.0,42.85,6.0,112.5,24.0,2.99,0.29,21.04,3.29
2025-01-30,1.53,2.0,55.48,15.0,185.86,48.0,8.23,1.43,20.88,5.34
2025-01-31,9.75,5.0,50.67,20.0,128.24,47.0,3.73,1.13,6.6,2.1
2025-02-01,11.66,9.0,98.83,34.0,291.31,93.0,55.46,14.92,147.92,41.57
2025-02-02,30.91,10.0,85.19,28.0,257.3,84.0,20.61,6.05,58.41,20.02
2025-02-03,2.48,1.0,35.47,11.0,220.36,42.0,14.64,5.17,113.25,21.68
2025-02-04,0.37,1.0,0.71,2.0,2.29,3.0,0.25,0.75,1.36,1.45
2025-02-05,12.58,4.0,123.17,16.0,214.25,33.0,56.14,5.11,78.87,10.5
2025-02-06,5.9,3.0,26.23,9.0,148.81,36.0,1.3,1.89,20.25,7.2
2025-02-07,42.55,5.0,89.05,19.0,250.61,50.0,18.86,3.53,32.64,5.67
2025-02-08,11.43,4.0,36.85,14.0,261.66,45.0,2.93,1.52,15.11,4.3
2025-02-09,8.63,4.0,66.62,21.0,142.36,49.0,45.64,11.07,57.8,14.29
2025-02-10,11.11,6.0,51.58,17.0,241.17,44.0,5.96,2.01,17.19,3.53
2025-02-11,21.03,7.0,60.25,18.0,177.34,48.0,20.35,6.8,32.52,10.01
2025-02-12,19.03,9.0,64.57,20.0,309.87,73.0,25.61,5.21,65.13,14.92
2025-02-13,13.31,5.0,24.06,8.0,128.19,38.0,3.15,1.48,34.93,9.97
2025-02-14,24.17,11.0,30.76,14.0,170.05,32.0,4.34,5.13,19.05,7.94
2025-02-15,2.27,3.0,7.58,5.0,78.9,24.0,2.59,1.03,32.11,10.74
2025-02-16,5.84,4.0,44.32,10.0,64.88,17.0,17.87,3.09,22.15,5.49
2025-02-17,4.05,1.0,27.16,10.0,103.5,32.0,1.64,1.32,1.86,1.45
2025-02-18,18.65,7.0,73.35,23.0,257.46,65.0,16.9,4.87,39.73,8.57
2025-02-19,0.95,1.0,0.95,1.0,36.25,8.0,0.0,0.0,1.41,0.36
2025-02-20,4.1,3.0,9.92,6.0,15.58,7.0,1.32,0.46,1.32,0.46
2025-02-21,0.92,1.0,46.71,9.0,107.02,18.0,0.9,1.03,30.53,3.52
2025-02-22,2.93,3.0,20.81,8.0,36.9,11.0,15.27,3.73,16.36,3.91
2025-02-23,9.42,7.0,45.68,20.0,230.26,64.0,10.86,4.47,34.45,11.46
2025-02-24,5.63,8.0,34.53,19.0,101.52,38.0,10.12,5.19,19.98,7.79
2025-02-25,8.09,2.0,31.71,10.0,59.64,22.0,1.41,0.37,1.41,0.37
2025-02-26,0.0,0.0,3.99,1.0,60.92,15.0,0.0,0.0,0.0,0.0
2025-02-27,0.0,0.0,0.0,0.0,0.0,0.0,0.0,0.0,0.0,0.0
2025-02-28,0.71,1.0,2.24,2.0,244.17,24.0,0.65,0.8,0.65,0.8
2025-03-01,0.0,0.0,0.0,0.0,15.58,5.0,0.0,0.0,13.97,3.72
2025-03-02,1.55,2.0,10.13,7.0,16.22,10.0,7.0,5.33,11.33,6.84
2025-03-03,0.57,1.0,22.25,4.0,49.21,14.0,0.35,0.61,0.88,0.96
2025-03-04,0.85,2.0,34.49,12.0,115.71,27.0,5.42,4.61,20.15,8.11
2025-03-05,24.02,10.0,51.88,18.0,286.36,39.0,33.92,10.09,66.58,15.56
2025-03-06,48.28,9.0,82.98,17.0,306.56,52.0,5.06,5.7,33.46,9.72
2025-03-07,3.95,4.0,20.76,8.0,57.94,20.0,13.69,3.6,20.32,6.41
2025-03-08,0.5,1.0,9.54,3.0,79.2,16.0,0.11,0.23,3.92,1.86
2025-03-09,18.11,4.0,18.11,4.0,35.77,8.0,2.68,0.74,8.09,1.74
2025-03-10,7.63,4.0,31.23,12.0,90.3,27.0,4.61,1.04,6.69,1.45
2025-03-11,2.32,3.0,6.06,7.0,18.46,14.0,1.66,2.0,1.71,2.03
2025-03-12,2.96,1.0,22.89,6.0,44.8,14.0,3.15,2.97,5.78,4.2
2025-03-13,0.53,1.0,5.47,4.0,374.58,28.0,1.78,1.47,64.39,5.26
2025-03-14,0.0,0.0,9.85,3.0,15.28,4.0,0.0,0.0,0.0,0.0
2025-03-15,3.54,4.0,3.93,5.0,4.68,7.0,1.04,1.31,1.58,2.63
2025-03-16,14.5,10.0,39.36,16.0,162.95,38.0,17.06,6.52,67.56,14.57
2025-03-17,3.76,2.0,6.85,3.0,52.09,15.0,0.0,0.0,4.53,1.31
2025-03-18,4.57,3.0,4.57,3.0,40.04,13.0,0.19,0.17,2.95,1.45
2025-03-19,39.3,6.0,44.98,9.0,86.87,21.0,39.55,5.83,52.46,9.73
2025-03-20,8.87,9.0,20.86,18.0,135.52,44.0,3.47,5.62,20.99,10.7
2025-03-21,7.6,5.0,40.66,9.0,130.11,36.0,23.99,3.87,30.4,6.42
2025-03-22,4.04,3.0,7.12,4.0,78.5,27.0,1.48,1.11,6.39,2.23
2025-03-23,1.91,3.0,23.63,6.0,112.25,24.0,0.57,0.94,0.57,0.94
2025-03-24,1.57,2.0,1.57,2.0,64.2,20.0,0.28,0.4,0.28,0.4
2025-03-25,0.82,1.0,4.31,4.0,70.81,18.0,0.0,0.0,0.48,0.17
2025-03-26,0.0,0.0,15.06,3.0,114.62,26.0,0.01,0.0,1.61,0.38
2025-03-27,1.29,1.0,15.97,5.0,138.87,37.0,3.54,1.43,5.48,2.21
2025-03-28,48.46,5.0,49.32,6.0,126.82,28.0,28.5,3.75,32.56,6.65
2025-03-29,2.72,3.0,4.27,6.0,49.23,20.0,2.25,3.34,2.33,3.37
2025-03-30,5.41,2.0,13.4,5.0,117.45,30.0,3.34,1.86,5.07,2.71
2025-03-31,0.89,1.0,2.28,2.0,36.46,15.0,0.58,0.65,1.39,1.68
2025-04-01,45.54,6.0,48.18,8.0,144.55,32.0,31.11,2.65,36.89,3.91
2025-04-02,9.25,2.0,38.96,7.0,129.26,21.0,9.2,2.76,11.63,3.76
2025-04-03,0.0,0.0,1.47,1.0,91.52,22.0,0.0,0.0,0.01,0.01
2025-04-04,0.0,0.0,28.82,9.0,247.5,53.0,3.19,1.79,4.86,2.11
2025-04-05,7.13,6.0,24.94,10.0,131.75,40.0,11.45,2.48,15.88,4.03
2025-04-06,4.23,2.0,11.86,8.0,92.0,30.0,2.61,1.71,4.75,2.43
2025-04-07,11.09,4.0,21.96,8.0,160.23,46.0,11.73,3.82,96.91,28.04
2025-04-08,12.3,2.0,26.16,6.0,56.11,13.0,5.38,0.86,5.79,1.0
2025-04-09,0.0,0.0,16.39,4.0,40.83,12.0,3.19,0.94,8.96,3.74
2025-04-10,0.0,0.0,11.92,2.0,12.46,3.0,1.81,0.3,1.86,0.39
2025-04-11,3.05,3.0,5.89,6.0,62.48,20.0,0.98,1.09,10.12,4.89
2025-04-12,0.61,1.0,7.26,4.0,30.71,13.0,1.62,0.98,19.76,7.79
2025-04-13,12.2,6.0,41.69,16.0,103.46,29.0,13.49,3.31,28.66,6.89
2025-04-14,10.92,5.0,53.23,12.0,426.4,45.0,22.44,4.09,25.62,5.2
2025-04-15,16.87,6.0,43.43,12.0,215.79,29.0,2.47,1.1,9.01,4.13
2025-04-16,11.27,6.0,219.35,30.0,488.96,77.0,127.59,18.52,138.82,21.59
2025-04-17,57.8,14.0,116.53,27.0,178.44,40.0,30.66,6.34,44.47,8.64
2025-04-18,16.57,4.0,117.07,25.0,134.01,31.0,6.73,3.26,11.2,4.97
2025-04-19,19.17,10.0,282.43,50.0,384.48,70.0,48.66,15.16,51.6,16.64
2025-04-20,45.96,11.0,215.87,45.0,256.25,57.0,30.54,8.09,33.38,8.64
2025-04-21,128.35,21.0,587.93,70.0,682.69,87.0,305.88,28.49,335.1,35.32
2025-04-22,190.8,25.0,548.23,70.0,906.13,116.0,119.92,20.45,236.1,31.08
2025-04-23,134.36,19.0,630.25,54.0,2357.04,126.0,379.06,27.37,1125.96,49.91
2025-04-24,112.68,15.0,1116.11,101.0,1559.83,186.0,587.17,55.38,773.39,89.37
2025-04-25,280.77,27.0,1667.98,153.0,3084.44,308.0,1003.36,84.01,2142.63,186.91
2025-04-26,85.71,9.0,781.37,72.0,1365.29,143.0,384.73,32.01,419.39,36.14
2025-04-27,199.57,29.0,1291.91,218.0,2460.23,401.0,274.83,37.03,296.66,40.36
2025-04-28,46.45,11.0,600.52,85.0,1068.17,176.0,58.25,6.61,112.13,24.82
2025-04-29,63.82,23.0,598.81,122.0,1222.2,227.0,45.16,11.79,90.09,22.81
2025-04-30,101.87,29.0,519.82,128.0,1084.46,248.0,49.51,14.07,82.13,23.95
2025-05-01,35.4,9.0,594.25,71.0,1494.29,202.0,19.63,4.54,118.47,25.49
2025-05-02,0.46,1.0,0.46,1.0,0.46,1.0,0.46,0.99,0.46,0.99
2025-05-03,0.0,0.0,28.97,10.0,232.32,48.0,0.0,0.0,7.68,1.62
2025-05-04,0.0,0.0,275.81,44.0,820.54,158.0,0.1,0.02,7.33,2.05
2025-05-05,0.0,0.0,26.9,7.0,42.14,13.0,2.56,0.69,2.59,0.79
2025-05-06,17.26,4.0,157.55,35.0,492.02,96.0,12.62,3.25,127.01,17.91
2025-05-07,17.79,7.0,199.17,36.0,986.49,138.0,2.51,2.2,67.45,14.34
2025-05-08,32.53,11.0,455.18,112.0,1123.02,253.0,4.92,1.86,225.66,45.22
2025-05-09,3.37,2.0,235.19,32.0,562.62,89.0,8.28,1.62,82.39,13.51
2025-05-10,20.97,5.0,113.68,20.0,351.75,67.0,8.96,1.41,116.89,24.06
2025-05-11,54.02,8.0,497.57,106.0,2052.73,408.0,387.92,82.37,1586.36,322.04
2025-05-12,31.15,9.0,224.15,49.0,1976.21,304.0,85.38,15.32,479.78,87.17
2025-05-13,36.76,6.0,280.54,42.0,1650.73,242.0,117.08,15.28,613.16,88.01
2025-05-14,2.91,2.0,45.32,8.0,499.17,74.0,36.09,6.07,258.1,33.16
2025-05-15,2.01,1.0,141.33,32.0,1093.83,195.0,71.08,14.49,458.35,77.04
2025-05-16,5.95,3.0,103.14,34.0,697.48,180.0,7.9,2.14,35.7,9.02
2025-05-17,2.19,2.0,46.08,10.0,749.44,112.0,4.01,1.46,92.86,10.41
2025-05-18,19.95,6.0,264.56,31.0,1260.66,134.0,25.27,7.84,175.53,24.14
2025-05-19,9.37,5.0,14.39,6.0,212.59,50.0,0.26,0.16,76.07,16.86
2025-05-20,10.12,2.0,61.42,10.0,298.03,47.0,0.07,0.02,1.51,0.34
2025-05-21,0.0,0.0,18.99,7.0,162.08,44.0,1.84,0.62,20.63,4.38
2025-05-22,2.26,1.0,3.19,2.0,58.16,19.0,0.0,0.0,0.0,0.0
2025-05-23,0.0,0.0,23.29,7.0,213.04,46.0,0.0,0.0,7.1,1.7
2025-05-24,2.11,1.0,30.05,10.0,121.48,34.0,1.45,0.69,18.96,6.73
2025-05-25,0.0,0.0,8.36,3.0,8.36,3.0,0.0,0.0,0.0,0.0
2025-05-26,0.0,0.0,0.0,0.0,3.19,2.0,0.0,0.0,1.61,1.02
2025-05-27,1.08,1.0,3.13,2.0,15.4,5.0,0.5,0.46,0.54,0.47
2025-05-28,0.0,0.0,3.39,1.0,15.28,4.0,0.0,0.0,0.0,0.0
2025-05-29,0.0,0.0,30.1,8.0,65.23,16.0,0.0,0.0,0.0,0.0
2025-05-30,0.0,0.0,0.98,1.0,0.98,1.0,0.75,0.77,0.75,0.77
2025-05-31,2.25,1.0,8.71,3.0,31.01,8.0,0.0,0.0,0.03,0.01
2025-06-01,0.0,0.0,0.0,0.0,25.47,9.0,0.0,0.0,0.0,0.0
2025-06-02,0.0,0.0,0.0,0.0,43.84,8.0,0.0,0.0,1.44,0.21
2025-06-03,0.0,0.0,0.0,0.0,49.19,7.0,0.0,0.0,0.02,0.0
2025-06-04,0.0,0.0,0.0,0.0,11.02,3.0,0.0,0.0,5.43,1.47
2025-06-05,0.0,0.0,4.13,1.0,10.52,2.0,1.17,0.28,1.17,0.28
2025-06-06,0.0,0.0,5.71,2.0,24.98,8.0,0.0,0.0,0.0,0.0
2025-06-07,0.0,0.0,0.81,1.0,8.0,5.0,0.0,0.0,3.12,0.88
2025-06-08,0.0,0.0,6.34,1.0,39.69,5.0,2.98,0.47,4.95,0.68
2025-06-09,4.57,1.0,8.53,4.0,52.11,11.0,2.76,1.82,6.35,2.51
2025-06-10,1.0,1.0,1.0,1.0,64.47,7.0,0.0,0.0,4.09,1.79
2025-06-11,30.73,3.0,43.99,6.0,77.87,14.0,0.05,0.03,2.28,0.63
2025-06-12,0.0,0.0,0.0,0.0,39.39,7.0,0.0,0.0,12.55,2.03
2025-06-13,0.0,0.0,0.0,0.0,45.06,7.0,0.0,0.0,4.27,1.01
2025-06-14,0.0,0.0,8.56,2.0,118.18,18.0,1.51,0.42,39.9,6.27
2025-06-15,0.0,0.0,0.0,0.0,0.0,0.0,0.0,0.0,0.0,0.0
2025-06-16,0.0,0.0,3.04,1.0,14.3,4.0,0.0,0.0,0.52,0.14
2025-06-17,0.0,0.0,0.0,0.0,0.0,0.0,0.0,0.0,0.0,0.0
2025-06-18,0.0,0.0,0.0,0.0,0.0,0.0,0.0,0.0,0.0,0.0
2025-06-19,0.0,0.0,0.88,1.0,9.58,3.0,0.0,0.0,0.0,0.0
2025-06-20,1.54,1.0,3.65,2.0,3.65,2.0,0.0,0.0,0.0,0.0
2025-06-21,0.0,0.0,7.55,3.0,10.89,4.0,0.0,0.0,0.0,0.0
2025-06-22,0.0,0.0,0.0,0.0,0.42,1.0,0.0,0.0,0.01,0.03
2025-06-23,0.0,0.0,0.0,0.0,2.85,1.0,0.0,0.0,0.0,0.0
2025-06-24,0.0,0.0,0.0,0.0,5.94,1.0,0.0,0.0,2.38,0.4
2025-06-25,0.0,0.0,0.0,0.0,0.0,0.0,0.0,0.0,0.0,0.0
2025-06-26,0.38,1.0,0.38,1.0,4.32,2.0,0.0,0.0,0.0,0.0
2025-06-27,0.0,0.0,8.36,1.0,16.83,3.0,8.16,0.98,13.13,1.75
2025-06-28,0.0,0.0,0.0,0.0,5.83,1.0,0.0,0.0,2.08,0.36
2025-06-29,0.0,0.0,0.0,0.0,0.0,0.0,0.0,0.0,0.0,0.0
2025-06-30,0.0,0.0,1.22,1.0,1.22,1.0,0.0,0.0,0.0,0.0
2025-07-01,0.0,0.0,1.71,1.0,3.69,2.0,0.0,0.0,0.01,0.01
2025-07-02,0.81,1.0,0.81,1.0,5.12,2.0,0.0,0.0,0.0,0.0
2025-07-03,5.28,1.0,5.28,1.0,5.28,1.0,0.0,0.0,0.0,0.0
2025-07-04,0.0,0.0,0.0,0.0,0.0,0.0,0.0,0.0,0.0,0.0
2025-07-05,0.0,0.0,0.0,0.0,0.0,0.0,0.0,0.0,0.0,0.0
2025-07-06,0.0,0.0,0.0,0.0,0.0,0.0,0.0,0.0,0.0,0.0
2025-07-07,0.0,0.0,0.0,0.0,0.0,0.0,0.0,0.0,0.0,0.0
2025-07-08,0.0,0.0,0.0,0.0,0.0,0.0,0.0,0.0,0.0,0.0
2025-07-09,0.0,0.0,0.0,0.0,0.0,0.0,0.0,0.0,0.0,0.0
2025-07-10,0.0,0.0,0.0,0.0,0.0,0.0,0.0,0.0,0.0,0.0
2025-07-11,0.0,0.0,0.0,0.0,0.0,0.0,0.0,0.0,0.0,0.0
2025-07-12,0.0,0.0,0.0,0.0,0.0,0.0,0.0,0.0,0.0,0.0
2025-07-13,0.0,0.0,0.0,0.0,5.25,1.0,0.0,0.0,2.56,0.49
2025-07-14,0.0,0.0,0.0,0.0,0.0,0.0,0.0,0.0,0.0,0.0
2025-07-15,0.0,0.0,0.0,0.0,0.0,0.0,0.0,0.0,0.0,0.0
2025-07-16,0.0,0.0,5.43,1.0,5.43,1.0,0.0,0.0,0.0,0.0
2025-07-17,0.0,0.0,0.0,0.0,0.0,0.0,0.0,0.0,0.0,0.0
2025-07-18,0.0,0.0,0.0,0.0,0.0,0.0,0.0,0.0,0.0,0.0
2025-07-19,0.39,1.0,0.39,1.0,0.39,1.0,0.0,0.0,0.0,0.0
2025-07-20,0.0,0.0,0.0,0.0,0.0,0.0,0.0,0.0,0.0,0.0
2025-07-21,0.0,0.0,0.0,0.0,0.0,0.0,0.0,0.0,0.0,0.0
2025-07-22,0.0,0.0,0.0,0.0,2.31,1.0,0.0,0.0,0.0,0.0
2025-07-23,0.0,0.0,0.0,0.0,0.0,0.0,0.0,0.0,0.0,0.0
2025-07-24,0.0,0.0,0.0,0.0,0.0,0.0,0.0,0.0,0.0,0.0
2025-07-25,0.0,0.0,0.0,0.0,0.0,0.0,0.0,0.0,0.0,0.0
2025-07-26,0.0,0.0,0.95,1.0,0.95,1.0,0.0,0.0,0.0,0.0
2025-07-27,0.0,0.0,3.39,1.0,3.39,1.0,0.0,0.0,0.0,0.0
2025-07-28,0.0,0.0,2.35,1.0,2.35,1.0,0.0,0.0,0.0,0.0
2025-07-29,0.0,0.0,0.0,0.0,0.0,0.0,0.0,0.0,0.0,0.0
2025-07-30,0.0,0.0,0.0,0.0,0.0,0.0,0.0,0.0,0.0,0.0
2025-07-31,0.0,0.0,0.0,0.0,0.0,0.0,0.0,0.0,0.0,0.0
2025-08-01,1.98,1.0,1.98,1.0,1.98,1.0,1.72,0.87,1.72,0.87
2025-08-02,0.0,0.0,0.0,0.0,0.0,0.0,0.0,0.0,0.0,0.0
2025-08-03,0.0,0.0,0.0,0.0,0.0,0.0,0.0,0.0,0.0,0.0
2025-08-04,0.0,0.0,0.0,0.0,0.0,0.0,0.0,0.0,0.0,0.0
2025-08-05,0.0,0.0,0.0,0.0,0.0,0.0,0.0,0.0,0.0,0.0
2025-08-06,0.51,1.0,2.78,2.0,2.78,2.0,0.97,0.87,0.97,0.87
2025-08-07,2.04,1.0,2.99,2.0,2.99,2.0,1.4,1.12,1.4,1.12
2025-08-08,0.0,0.0,0.0,0.0,0.0,0.0,0.0,0.0,0.0,0.0
2025-08-09,0.0,0.0,0.0,0.0,4.36,1.0,0.0,0.0,0.0,0.0
2025-08-10,0.0,0.0,0.0,0.0,0.0,0.0,0.0,0.0,0.0,0.0
2025-08-11,0.0,0.0,0.0,0.0,0.0,0.0,0.0,0.0,0.0,0.0
2025-08-12,0.0,0.0,0.0,0.0,0.0,0.0,0.0,0.0,0.0,0.0
2025-08-13,0.0,0.0,0.0,0.0,0.0,0.0,0.0,0.0,0.0,0.0
2025-08-14,0.0,0.0,0.0,0.0,0.0,0.0,0.0,0.0,0.0,0.0
2025-08-15,0.0,0.0,0.0,0.0,0.0,0.0,0.0,0.0,0.0,0.0
2025-08-16,0.0,0.0,0.0,0.0,0.0,0.0,0.0,0.0,0.0,0.0
2025-08-17,0.61,1.0,0.61,1.0,0.61,1.0,0.0,0.0,0.0,0.0
2025-08-18,5.46,1.0,5.46,1.0,5.46,1.0,0.0,0.0,0.0,0.0
2025-08-19,0.0,0.0,0.0,0.0,0.0,0.0,0.0,0.0,0.0,0.0
2025-08-20,0.0,0.0,0.65,1.0,3.25,2.0,0.0,0.0,0.0,0.0
2025-08-21,0.0,0.0,1.42,1.0,1.42,1.0,0.0,0.0,0.0,0.0
2025-08-22,0.0,0.0,0.0,0.0,0.0,0.0,0.0,0.0,0.0,0.0
2025-08-23,0.0,0.0,0.0,0.0,0.0,0.0,0.0,0.0,0.0,0.0
2025-08-24,0.0,0.0,0.0,0.0,0.0,0.0,0.0,0.0,0.0,0.0
2025-08-25,0.0,0.0,0.0,0.0,0.0,0.0,0.0,0.0,0.0,0.0
2025-08-26,0.0,0.0,0.0,0.0,0.0,0.0,0.0,0.0,0.0,0.0
2025-08-27,0.0,0.0,0.0,0.0,0.0,0.0,0.0,0.0,0.0,0.0
2025-08-28,1.15,1.0,1.15,1.0,1.15,1.0,0.0,0.0,0.0,0.0
2025-08-29,0.0,0.0,6.71,3.0,6.71,3.0,0.0,0.0,0.0,0.0
2025-08-30,1.21,2.0,1.21,2.0,3.14,3.0,0.0,0.0,0.0,0.0
2025-08-31,0.0,0.0,0.0,0.0,2.34,1.0,0.0,0.0,0.0,0.0
2025-09-01,0.0,0.0,0.0,0.0,0.0,0.0,0.0,0.0,0.0,0.0
2025-09-02,0.0,0.0,0.0,0.0,0.0,0.0,0.0,0.0,0.0,0.0
2025-09-03,0.0,0.0,0.0,0.0,0.0,0.0,0.0,0.0,0.0,0.0
2025-09-04,1.37,2.0,1.37,2.0,1.37,2.0,0.54,0.99,0.54,0.99
2025-09-05,0.0,0.0,0.0,0.0,0.0,0.0,0.0,0.0,0.0,0.0
2025-09-06,0.0,0.0,0.0,0.0,0.0,0.0,0.0,0.0,0.0,0.0
2025-09-07,1.88,2.0,2.58,3.0,2.58,3.0,0.0,0.0,0.0,0.0
2025-09-08,6.41,1.0,10.26,4.0,14.66,5.0,0.8,0.35,0.8,0.35
2025-09-09,0.0,0.0,0.0,0.0,0.0,0.0,0.0,0.0,0.0,0.0
2025-09-10,0.0,0.0,0.0,0.0,1.28,1.0,0.0,0.0,0.51,0.4
2025-09-11,0.0,0.0,1.52,1.0,1.52,1.0,1.49,0.98,1.49,0.98
2025-09-12,6.13,3.0,6.13,3.0,9.37,4.0,3.09,1.17,3.27,1.22
2025-09-13,0.0,0.0,3.3,2.0,3.3,2.0,0.44,0.25,0.44,0.25
2025-09-14,2.45,2.0,10.83,4.0,10.83,4.0,9.0,2.71,9.0,2.71
2025-09-15,0.0,0.0,1.26,1.0,15.55,3.0,0.2,0.16,10.21,1.56
2025-09-16,0.0,0.0,0.0,0.0,10.43,2.0,0.0,0.0,0.0,0.0
2025-09-17,0.0,0.0,6.92,1.0,12.4,2.0,0.0,0.0,0.0,0.0
2025-09-18,0.97,2.0,1.25,3.0,4.51,4.0,0.0,0.0,0.0,0.0
2025-09-19,0.0,0.0,0.29,1.0,2.62,2.0,0.21,0.72,0.21,0.72
2025-09-20,0.0,0.0,0.0,0.0,0.0,0.0,0.0,0.0,0.0,0.0
2025-09-21,6.76,2.0,14.88,3.0,18.59,4.0,10.5,2.08,13.72,2.94
2025-09-22,0.0,0.0,6.04,4.0,6.04,4.0,1.92,0.92,1.92,0.92
2025-09-23,7.67,2.0,15.3,4.0,23.67,7.0,3.32,0.66,8.69,2.49
2025-09-24,3.17,2.0,17.28,7.0,24.96,11.0,4.13,1.64,7.28,2.64
2025-09-25,5.07,1.0,6.86,2.0,15.22,5.0,5.36,1.62,12.23,4.15
2025-09-26,7.32,2.0,38.5,9.0,48.25,11.0,4.42,1.07,6.73,1.5
2025-09-27,0.0,0.0,0.0,0.0,5.07,2.0,0.0,0.0,0.0,0.0
2025-09-28,4.71,1.0,43.33,10.0,58.67,12.0,9.51,2.55,9.51,2.55
2025-09-29,0.0,0.0,41.85,13.0,59.91,19.0,32.19,9.6,38.37,12.0
2025-09-30,0.0,0.0,0.0,0.0,0.0,0.0,0.0,0.0,0.0,0.0
2025-10-01,0.0,0.0,3.38,3.0,6.62,4.0,2.32,2.45,2.39,2.47
2025-10-02,7.55,3.0,7.55,3.0,17.93,5.0,7.53,2.99,7.53,2.99
2025-10-03,0.0,0.0,0.0,0.0,5.27,1.0,0.0,0.0,0.0,0.0
2025-10-04,10.29,5.0,39.74,14.0,54.09,18.0,2.04,2.05,6.5,3.64
2025-10-05,6.23,3.0,79.32,24.0,142.6,46.0,9.78,2.28,22.0,6.55
2025-10-06,0.0,0.0,0.0,0.0,0.0,0.0,0.0,0.0,0.0,0.0
2025-10-07,0.0,0.0,0.0,0.0,36.01,7.0,0.0,0.0,0.0,0.0
2025-10-08,5.37,7.0,6.0,8.0,6.0,8.0,3.5,4.4,3.5,4.4
2025-10-09,1.61,3.0,3.36,6.0,7.64,8.0,2.29,3.56,6.5,5.53
2025-10-10,0.28,1.0,6.9,4.0,25.69,10.0,1.15,0.92,4.07,2.07
2025-10-11,0.0,0.0,11.87,6.0,26.82,10.0,4.81,3.52,4.81,3.52
2025-10-12,0.63,1.0,29.22,8.0,52.06,14.0,6.26,4.71,17.73,8.27
2025-10-13,1.89,2.0,22.31,8.0,35.24,14.0,1.21,1.72,9.04,5.58
2025-10-14,1.07,3.0,8.82,8.0,50.69,19.0,3.73,3.16,19.77,8.35
2025-10-15,2.68,3.0,34.2,16.0,94.23,33.0,2.77,1.81,8.07,5.06
2025-10-16,4.47,1.0,56.97,13.0,334.12,70.0,0.91,0.86,7.94,4.37
2025-10-17,17.46,4.0,20.51,5.0,53.12,10.0,0.02,0.01,20.99,1.85
2025-10-18,0.0,0.0,4.35,3.0,25.73,7.0,0.85,1.39,12.52,3.57
2025-10-19,0.65,1.0,19.22,6.0,88.01,25.0,13.59,3.37,17.89,4.19
2025-10-20,11.57,5.0,102.06,24.0,308.97,77.0,2.17,0.59,48.09,9.1
2025-10-21,4.69,1.0,52.49,15.0,175.43,50.0,33.95,9.89,46.09,14.54
2025-10-22,16.99,3.0,58.46,13.0,137.33,35.0,4.09,1.98,6.19,3.54
2025-10-23,0.0,0.0,15.65,4.0,41.16,12.0,1.14,0.99,7.23,2.03
2025-10-24,0.0,0.0,12.0,3.0,28.2,7.0,0.96,0.33,1.91,0.44
2025-10-25,1.66,2.0,18.45,6.0,75.59,26.0,0.47,0.61,23.43,6.78
2025-10-26,7.96,5.0,34.36,17.0,242.38,82.0,11.24,5.01,81.27,28.67
2025-10-27,0.0,0.0,0.0,0.0,45.6,9.0,0.0,0.0,0.0,0.0
2025-10-28,0.0,0.0,0.0,0.0,0.0,0.0,0.0,0.0,0.0,0.0
2025-10-29,0.0,0.0,0.0,0.0,52.89,9.0,0.0,0.0,16.3,3.04
2025-10-30,0.0,0.0,0.91,1.0,52.39,8.0,0.0,0.0,0.0,0.0
2025-10-31,1.26,1.0,4.1,3.0,55.56,17.0,0.42,0.46,7.12,3.16
2025-11-01,2.81,4.0,18.6,9.0,142.86,36.0,0.25,0.26,48.32,10.86
2025-11-02,0.86,2.0,11.64,4.0,74.78,22.0,0.0,0.0,22.66,5.57
2025-11-03,0.0,0.0,79.12,14.0,136.45,26.0,3.46,1.45,25.01,5.89
2025-11-04,2.59,1.0,12.38,4.0,87.64,15.0,0.0,0.0,0.0,0.0
2025-11-05,16.74,10.0,62.71,23.0,191.55,61.0,16.15,8.87,53.93,20.46
2025-11-06,8.87,3.0,40.88,13.0,257.07,77.0,17.39,4.02,84.01,26.07
2025-11-07,8.18,3.0,35.69,11.0,138.85,41.0,19.49,5.59,72.66,19.47
2025-11-08,3.8,3.0,21.09,8.0,212.08,46.0,3.57,3.5,151.57,29.13
2025-11-09,1.75,4.0,18.24,10.0,362.79,77.0,9.16,3.33,247.87,44.39
2025-11-10,7.69,5.0,27.35,10.0,257.56,72.0,7.93,4.15,152.61,40.76
2025-11-11,9.9,3.0,49.48,18.0,331.04,100.0,18.08,7.07,175.26,49.78
2025-11-12,2.12,2.0,2.12,2.0,5.71,5.0,0.21,0.17,0.21,0.17
2025-11-13,9.65,6.0,30.42,10.0,120.32,29.0,1.71,1.07,58.57,12.55
2025-11-14,5.72,2.0,44.02,11.0,149.03,40.0,27.21,6.51,88.87,22.36
2025-11-15,3.97,4.0,57.11,23.0,283.36,63.0,16.17,6.92,142.18,31.37
2025-11-16,3.76,5.0,80.92,29.0,263.61,77.0,37.08,12.2,148.14,39.59
2025-11-17,13.44,8.0,85.99,32.0,160.11,56.0,44.16,15.03,59.26,20.77
2025-11-18,1.38,3.0,36.65,13.0,87.21,34.0,9.41,3.97,26.27,10.43
2025-11-19,0.0,0.0,15.65,4.0,49.97,13.0,8.68,2.45,31.68,8.02
2025-11-20,18.07,5.0,26.92,8.0,65.74,24.0,1.29,0.89,4.95,2.83
2025-11-21,10.09,2.0,65.52,22.0,126.36,40.0,1.22,0.45,2.09,0.79
2025-11-22,5.09,6.0,61.32,25.0,188.8,73.0,15.47,6.61,48.5,18.35
2025-11-23,4.28,4.0,56.01,23.0,124.92,46.0,12.85,6.71,17.99,9.34
2025-11-24,3.73,4.0,26.72,10.0,109.06,30.0,1.29,2.56,53.59,11.5
2025-11-25,13.84,10.0,29.31,18.0,76.64,36.0,2.08,2.77,14.76,6.81
2025-11-26,0.83,2.0,55.94,20.0,196.63,58.0,38.64,13.18,102.08,28.64
2025-11-27,16.02,10.0,90.56,41.0,238.15,93.0,36.05,17.41,117.5,45.43
2025-11-28,7.05,2.0,8.52,3.0,52.71,16.0,0.04,0.06,3.48,1.08
2025-11-29,10.9,3.0,35.53,10.0,59.25,17.0,9.99,3.82,11.63,4.59
2025-11-30,4.58,2.0,16.85,8.0,511.31,31.0,11.66,5.83,331.85,16.91
2025-12-01,25.96,8.0,69.0,19.0,135.47,42.0,27.05,7.41,71.07,22.74
2025-12-02,11.87,6.0,108.6,43.0,210.69,85.0,10.18,6.62,20.4,11.08
2025-12-03,25.25,11.0,71.16,30.0,216.53,78.0,11.39,5.42,28.92,10.16
2025-12-04,0.81,2.0,29.71,11.0,57.89,19.0,4.84,1.87,5.41,2.12
2025-12-05,11.73,5.0,54.89,18.0,83.44,31.0,2.65,1.06,9.33,4.62
2025-12-06,15.24,7.0,67.55,20.0,101.85,32.0,12.94,4.55,15.07,5.35
2025-12-07,11.97,7.0,99.44,34.0,207.5,63.0,6.76,4.03,15.74,6.69
2025-12-08,10.81,6.0,35.98,17.0,143.31,64.0,2.11,2.36,16.84,10.6
2025-12-09,4.11,5.0,33.55,17.0,94.73,36.0,6.19,2.92,28.88,7.98
2025-12-10,17.29,8.0,62.77,28.0,99.16,39.0,7.74,5.31,18.7,7.31
2025-12-11,3.4,6.0,39.68,23.0,99.72,45.0,1.69,1.91,14.69,5.98
2025-12-12,10.95,6.0,77.29,22.0,123.86,40.0,35.48,8.52,50.37,15.82
2025-12-13,19.16,10.0,60.19,24.0,147.86,56.0,20.42,8.94,73.05,30.5
2025-12-14,0.0,0.0,35.43,11.0,61.1,19.0,0.0,0.0,0.0,0.0
2025-12-15,9.76,5.0,40.29,19.0,42.24,20.0,2.73,3.66,3.44,4.02
2025-12-16,13.1,8.0,37.07,15.0,86.87,30.0,1.11,0.78,18.29,6.24
2025-12-17,15.38,6.0,43.13,17.0,66.46,24.0,3.63,1.3,13.97,4.27
2025-12-18,0.0,0.0,12.39,4.0,50.65,19.0,2.63,0.86,8.83,3.45
2025-12-19,0.41,1.0,0.41,1.0,16.15,4.0,0.01,0.02,13.8,2.66
2025-12-20,0.0,0.0,3.77,1.0,9.16,4.0,0.0,0.0,1.75,1.0
2025-12-21,0.0,0.0,0.0,0.0,0.0,0.0,0.0,0.0,0.0,0.0
2025-12-22,1.85,3.0,13.82,6.0,30.26,11.0,1.79,1.02,3.49,1.72
2025-12-23,15.95,10.0,78.5,34.0,144.13,50.0,10.9,6.87,31.13,11.17
2025-12-24,4.27,4.0,49.38,23.0,159.19,50.0,4.97,3.17,29.1,7.25
2025-12-25,3.02,1.0,19.57,6.0,29.45,10.0,5.17,1.69,5.7,1.84
2025-12-26,6.44,3.0,8.68,4.0,30.54,12.0,3.69,1.46,14.45,6.31
2025-12-27,1.39,3.0,43.66,15.0,67.99,25.0,6.3,2.74,10.59,4.78
2025-12-28,0.0,0.0,33.67,9.0,82.05,23.0,7.72,2.46,33.47,10.11
2025-12-29,0.0,0.0,10.71,4.0,51.29,19.0,0.39,0.12,11.76,3.72
2025-12-30,2.13,2.0,22.23,7.0,35.67,11.0,2.22,1.05,2.22,1.05
2025-12-31,0.0,0.0,3.53,1.0,6.51,2.0,0.0,0.0,2.93,0.98
2026-01-01,0.0,0.0,0.0,0.0,0.0,0.0,0.0,0.0,0.0,0.0
2026-01-02,0.65,1.0,0.65,1.0,0.65,1.0,0.01,0.02,0.01,0.02
2026-01-03,1.43,2.0,5.87,3.0,10.92,5.0,0.0,0.0,0.87,0.4
2026-01-04,4.76,4.0,15.87,8.0,28.98,12.0,1.31,0.59,1.42,0.64
2026-01-05,11.95,2.0,20.05,4.0,55.4,9.0,0.97,0.28,3.84,0.85
2026-01-06,0.0,0.0,2.71,1.0,2.71,1.0,0.0,0.0,0.0,0.0
2026-01-07,0.0,0.0,2.67,1.0,12.51,5.0,0.28,0.1,4.38,1.52
2026-01-08,0.28,1.0,80.78,16.0,109.25,25.0,49.54,9.26,66.91,14.34
2026-01-09,5.66,2.0,25.78,11.0,44.63,17.0,18.38,7.03,35.04,12.2
2026-01-10,19.19,7.0,56.49,19.0,98.82,30.0,5.69,2.38,9.07,3.87
2026-01-11,2.74,2.0,8.93,5.0,28.61,11.0,0.94,0.47,0.94,0.47
2026-01-12,9.07,5.0,36.37,12.0,87.55,27.0,19.76,4.29,40.22,11.42
2026-01-13,1.27,2.0,26.78,10.0,101.8,28.0,6.88,2.83,17.5,5.81
2026-01-14,8.55,4.0,46.91,18.0,62.34,25.0,9.21,2.86,12.59,4.67
2026-01-15,3.03,1.0,9.46,3.0,14.46,5.0,1.81,0.56,2.7,0.92
2026-01-16,3.51,1.0,3.51,1.0,12.7,4.0,0.0,0.0,0.0,0.0
2026-01-17,1.18,1.0,3.03,2.0,17.28,5.0,0.0,0.0,0.4,0.08
2026-01-18,1.83,3.0,37.72,14.0,79.94,25.0,6.74,2.49,22.01,5.79
2026-01-19,33.1,8.0,88.29,25.0,198.78,64.0,50.78,14.36,109.55,35.97
2026-01-20,8.58,6.0,42.75,17.0,153.0,54.0,8.17,3.27,23.33,6.57
2026-01-21,2.19,4.0,38.76,16.0,117.47,38.0,9.14,3.74,31.93,12.98
2026-01-22,2.25,1.0,36.21,10.0,164.52,40.0,4.72,1.64,12.5,3.79
2026-01-23,0.0,0.0,0.0,0.0,0.0,0.0,0.0,0.0,0.0,0.0
2026-01-24,0.0,0.0,0.0,0.0,0.0,0.0,0.0,0.0,0.0,0.0
2026-01-25,1.43,2.0,10.45,6.0,60.71,18.0,0.73,0.4,13.42,1.15
2026-01-26,0.0,0.0,45.38,14.0,92.31,22.0,13.9,5.86,52.98,11.77
2026-01-27,0.0,0.0,0.0,0.0,0.0,0.0,0.0,0.0,0.0,0.0
2026-01-28,2.17,2.0,2.17,2.0,9.7,4.0,0.0,0.0,0.98,0.14
2026-01-29,4.09,6.0,7.32,7.0,10.2,9.0,3.51,2.3,3.87,2.57
2026-01-30,6.16,5.0,43.35,15.0,59.9,20.0,17.18,4.89,28.81,7.75
2026-01-31,0.0,0.0,0.0,0.0,12.58,3.0,0.0,0.0,0.0,0.0
2026-02-01,0.63,1.0,3.2,2.0,3.2,2.0,0.46,0.73,0.46,0.73
2026-02-02,0.0,0.0,0.0,0.0,14.33,3.0,0.0,0.0,2.66,0.74
2026-02-03,0.94,1.0,6.62,3.0,38.84,8.0,6.42,2.92,16.87,3.65
2026-02-04,25.43,11.0,71.96,26.0,120.75,39.0,17.34,9.63,48.76,17.27
2026-02-05,20.96,10.0,62.17,26.0,223.96,66.0,14.5,6.33,60.66,16.31
2026-02-06,4.58,1.0,17.68,7.0,121.83,26.0,3.02,1.8,8.25,3.07
2026-02-07,0.0,0.0,12.58,4.0,97.92,24.0,3.31,1.0,51.66,9.46
2026-02-08,6.58,2.0,48.65,11.0,221.9,42.0,5.37,1.32,26.12,6.35
2026-02-09,16.89,8.0,53.12,25.0,115.24,43.0,23.14,8.7,42.78,13.41
2026-02-10,52.63,13.0,111.16,28.0,144.33,39.0,43.26,8.92,46.55,10.96
2026-02-11,11.05,7.0,43.99,18.0,156.14,33.0,10.38,5.03,40.94,10.99
2026-02-12,0.0,0.0,10.09,4.0,66.53,16.0,3.28,1.12,7.77,2.67
2026-02-13,6.17,3.0,29.24,12.0,154.88,25.0,4.28,1.36,32.7,3.52
2026-02-14,1.12,3.0,26.4,11.0,337.03,47.0,3.44,2.64,166.73,13.22
2026-02-15,9.61,7.0,55.71,21.0,261.52,76.0,26.03,6.56,157.89,34.42
2026-02-16,12.09,6.0,43.33,14.0,142.94,43.0,7.65,2.41,16.3,4.85
2026-02-17,6.32,2.0,31.65,7.0,118.81,27.0,15.65,3.08,25.45,5.49
2026-02-18,0.0,0.0,0.0,0.0,0.0,0.0,0.0,0.0,0.0,0.0
2026-02-19,5.1,7.0,28.27,15.0,52.29,22.0,6.42,2.9,16.42,5.88
2026-02-20,0.31,1.0,31.51,11.0,121.91,29.0,1.41,1.4,17.76,4.94
2026-02-21,8.84,4.0,28.46,11.0,188.17,54.0,4.47,1.59,19.85,5.0
2026-02-22,8.49,4.0,45.14,15.0,134.64,33.0,5.51,3.0,23.51,7.2
2026-02-23,7.47,2.0,41.12,11.0,200.56,29.0,3.89,1.96,43.84,5.75
2026-02-24,2.3,3.0,31.16,11.0,269.54,31.0,14.04,5.28,111.81,11.88
2026-02-25,22.97,5.0,46.73,14.0,209.02,34.0,20.6,6.22,106.89,15.44
2026-02-26,33.13,8.0,50.75,14.0,101.63,27.0,4.0,4.64,29.65,10.21
2026-02-27,0.0,0.0,81.32,4.0,93.53,8.0,2.71,0.71,3.06,0.76
2026-02-28,1.01,3.0,31.41,7.0,153.41,22.0,25.96,3.32,55.79,5.99
2026-03-01,7.36,4.0,32.07,11.0,165.03,31.0,4.3,1.33,14.1,3.28
2026-03-02,24.73,19.0,50.49,36.0,275.56,191.0,6.27,7.54,26.18,29.12
2026-03-03,3.51,3.0,32.09,13.0,531.65,96.0,12.19,2.29,127.32,26.02
2026-03-04,2.14,1.0,6.37,2.0,87.64,9.0,2.61,0.69,22.62,3.4
2026-03-05,11.86,6.0,13.89,7.0,13.89,7.0,0.71,0.36,0.71,0.36
2026-03-06,10.98,3.0,17.78,5.0,40.45,12.0,5.09,1.04,13.68,3.86
2026-03-07,8.6,3.0,10.54,5.0,26.95,9.0,0.08,0.02,0.08,0.02
2026-03-08,9.22,6.0,30.69,10.0,43.68,16.0,4.51,2.18,5.07,3.16
2026-03-09,0.0,0.0,6.58,2.0,66.93,15.0,0.07,0.02,1.1,0.65
2026-03-10,0.0,0.0,0.0,0.0,0.0,0.0,0.0,0.0,0.0,0.0
2026-03-11,0.0,0.0,0.0,0.0,0.0,0.0,0.0,0.0,0.0,0.0
2026-03-12,0.0,0.0,0.0,0.0,0.0,0.0,0.0,0.0,0.0,0.0
2026-03-13,2.03,4.0,2.46,5.0,2.46,5.0,0.88,1.72,0.88,1.72
2026-03-14,0.0,0.0,4.01,3.0,63.92,14.0,1.72,2.03,21.16,5.05
2026-03-15,3.44,3.0,4.31,4.0,8.83,8.0,0.0,0.0,0.36,0.2
2026-03-16,0.22,1.0,5.87,3.0,26.48,8.0,5.08,1.02,6.48,1.64
2026-03-17,0.67,1.0,2.58,3.0,7.29,5.0,0.15,0.34,4.78,2.14
2026-03-18,5.59,1.0,10.36,2.0,39.93,8.0,5.52,0.99,22.43,3.63
2026-03-19,0.0,0.0,0.0,0.0,0.0,0.0,0.0,0.0,0.0,0.0
2026-03-20,0.0,0.0,0.0,0.0,0.0,0.0,0.0,0.0,0.0,0.0
2026-03-21,0.0,0.0,1.38,2.0,3.43,4.0,1.35,1.97,3.19,3.76
2026-03-22,0.0,0.0,0.0,0.0,13.61,4.0,0.0,0.0,1.14,0.92
2026-03-23,1.06,3.0,1.06,3.0,16.81,11.0,0.19,0.78,0.19,0.78
2026-03-24,0.0,0.0,38.43,8.0,69.34,19.0,24.26,3.15,27.86,4.6
2026-03-25,3.57,2.0,11.51,4.0,45.92,15.0,0.1,0.06,0.93,0.3
2026-03-26,0.0,0.0,8.36,3.0,16.2,5.0,1.04,1.94,1.04,1.94
2026-03-27,0.0,0.0,5.33,2.0,5.33,2.0,4.3,1.73,4.3,1.73
2026-03-28,1.83,2.0,5.9,4.0,15.1,6.0,0.33,0.63,0.33,0.63
2026-03-29,0.95,2.0,1.48,3.0,48.39,11.0,0.13,0.28,12.32,2.0
2026-03-30,1.75,1.0,5.53,4.0,6.8,5.0,2.75,2.19,3.1,2.47
2026-03-31,6.59,2.0,6.99,3.0,11.9,6.0,0.4,1.0,2.14,2.32
2026-04-01,0.94,2.0,1.76,3.0,8.58,5.0,0.32,0.7,0.32,0.7
2026-04-02,0.0,0.0,3.93,2.0,22.15,8.0,1.33,0.51,1.48,0.68
2026-04-03,0.0,0.0,0.0,0.0,0.0,0.0,0.0,0.0,0.0,0.0
2026-04-04,3.66,2.0,3.66,2.0,3.66,2.0,0.17,0.35,0.17,0.35
2026-04-05,6.91,5.0,16.16,7.0,59.05,14.0,7.1,1.59,14.12,3.09
2026-04-06,2.53,1.0,2.53,1.0,3.16,2.0,0.0,0.0,0.0,0.0
2026-04-07,0.0,0.0,0.0,0.0,0.0,0.0,0.0,0.0,0.0,0.0
2026-04-08,0.73,1.0,1.63,3.0,1.63,3.0,0.0,0.0,0.0,0.0
2026-04-09,9.46,8.0,11.26,11.0,36.59,21.0,1.5,3.05,18.22,10.02
2026-04-10,9.53,4.0,16.99,8.0,57.14,17.0,1.83,2.53,4.74,4.15
2026-04-11,0.0,0.0,16.41,5.0,26.57,9.0,0.68,1.63,0.83,1.95
2026-04-12,25.1,7.0,39.84,12.0,64.57,20.0,13.31,3.53,33.67,10.05
2026-04-13,10.94,3.0,38.24,9.0,79.8,18.0,7.85,2.36,11.63,4.05
2026-04-14,74.96,9.0,95.0,17.0,131.51,25.0,62.66,5.61,77.07,7.56
2026-04-15,20.46,4.0,47.13,10.0,77.33,18.0,3.27,2.27,5.25,3.09
2026-04-16,149.92,9.0,258.04,17.0,297.37,23.0,67.87,4.39,85.59,5.34
2026-04-17,27.15,6.0,84.68,14.0,91.77,17.0,68.56,10.79,70.32,11.21
2026-04-18,118.32,26.0,192.94,50.0,255.86,70.0,13.57,4.73,26.1,9.2
2026-04-19,70.27,16.0,151.05,27.0,267.99,46.0,23.6,5.86,90.66,12.23
2026-04-20,75.29,22.0,160.99,39.0,418.59,79.0,28.08,5.61,91.5,13.85
2026-04-21,50.65,5.0,421.51,30.0,777.0,79.0,220.91,12.45,333.75,30.48
2026-04-22,87.76,14.0,603.82,86.0,1078.83,132.0,229.02,36.57,284.43,46.13
2026-04-23,157.01,31.0,683.32,119.0,1381.44,230.0,331.75,52.91,428.33,72.39
2026-04-24,195.24,27.0,628.41,71.0,1448.08,164.0,276.49,21.91,691.57,62.31
2026-04-25,224.29,35.0,1353.98,186.0,3007.47,403.0,801.1,94.8,1956.84,223.72
2026-04-26,85.96,15.0,716.27,83.0,1911.12,204.0,391.59,43.07,1209.23,113.93
2026-04-27,383.85,53.0,2293.58,248.0,5612.39,558.0,1478.53,133.52,3928.23,342.95
2026-04-28,0.0,0.0,0.0,0.0,0.0,0.0,0.0,0.0,0.0,0.0
2026-04-29,0.0,0.0,0.0,0.0,0.0,0.0,0.0,0.0,0.0,0.0
2026-04-30,0.0,0.0,0.0,0.0,0.0,0.0,0.0,0.0,0.0,0.0
2026-05-01,0.0,0.0,0.0,0.0,0.0,0.0,0.0,0.0,0.0,0.0
2026-05-02,0.0,0.0,0.0,0.0,0.0,0.0,0.0,0.0,0.0,0.0
2026-05-03,0.0,0.0,0.0,0.0,0.0,0.0,0.0,0.0,0.0,0.0
2026-05-04,0.0,0.0,0.0,0.0,0.0,0.0,0.0,0.0,0.0,0.0
2026-05-05,0.0,0.0,0.0,0.0,0.0,0.0,0.0,0.0,0.0,0.0
2026-05-06,0.0,0.0,0.0,0.0,0.0,0.0,0.0,0.0,0.0,0.0
2026-05-07,0.0,0.0,0.0,0.0,0.0,0.0,0.0,0.0,0.0,0.0
2026-05-08,0.0,0.0,0.0,0.0,0.0,0.0,0.0,0.0,0.0,0.0
2026-05-09,0.0,0.0,0.0,0.0,0.0,0.0,0.0,0.0,0.0,0.0
2026-05-10,0.0,0.0,0.0,0.0,0.0,0.0,0.0,0.0,0.0,0.0
2026-05-11,0.0,0.0,0.0,0.0,0.0,0.0,0.0,0.0,0.0,0.0
2026-05-12,0.0,0.0,0.0,0.0,0.0,0.0,0.0,0.0,0.0,0.0
2026-05-13,0.0,0.0,0.0,0.0,0.0,0.0,0.0,0.0,0.0,0.0
2026-05-14,0.0,0.0,0.0,0.0,0.0,0.0,0.0,0.0,0.0,0.0
2026-05-15,0.0,0.0,0.0,0.0,0.0,0.0,0.0,0.0,0.0,0.0
2026-05-16,0.0,0.0,0.0,0.0,0.0,0.0,0.0,0.0,0.0,0.0
2026-05-17,0.0,0.0,0.0,0.0,0.0,0.0,0.0,0.0,0.0,0.0
2026-05-18,0.0,0.0,0.0,0.0,0.0,0.0,0.0,0.0,0.0,0.0
2026-05-19,0.0,0.0,0.0,0.0,0.0,0.0,0.0,0.0,0.0,0.0
2026-05-20,0.0,0.0,0.0,0.0,0.0,0.0,0.0,0.0,0.0,0.0
2026-05-21,0.0,0.0,0.0,0.0,0.0,0.0,0.0,0.0,0.0,0.0
2026-05-22,0.0,0.0,0.0,0.0,0.0,0.0,0.0,0.0,0.0,0.0
2026-05-23,0.0,0.0,0.0,0.0,0.0,0.0,0.0,0.0,0.0,0.0
2026-05-24,0.0,0.0,0.0,0.0,0.0,0.0,0.0,0.0,0.0,0.0
2026-05-25,0.0,0.0,0.0,0.0,0.0,0.0,0.0,0.0,0.0,0.0
2026-05-26,0.0,0.0,0.0,0.0,0.0,0.0,0.0,0.0,0.0,0.0
2026-05-27,0.0,0.0,0.0,0.0,0.0,0.0,0.0,0.0,0.0,0.0
2026-05-28,0.0,0.0,0.0,0.0,0.0,0.0,0.0,0.0,0.0,0.0
2026-05-29,0.0,0.0,0.0,0.0,0.0,0.0,0.0,0.0,0.0,0.0
2026-05-30,0.0,0.0,0.0,0.0,0.0,0.0,0.0,0.0,0.0,0.0
2026-05-31,0.0,0.0,0.0,0.0,0.0,0.0,0.0,0.0,0.0,0.0
2026-06-01,0.0,0.0,0.0,0.0,0.0,0.0,0.0,0.0,0.0,0.0
2026-06-02,0.0,0.0,0.0,0.0,0.0,0.0,0.0,0.0,0.0,0.0
2026-06-03,14.95,7.0,18.59,10.0,34.02,18.0,0.44,0.45,0.73,0.62
2026-06-04,0.0,0.0,1.9,1.0,18.79,3.0,0.36,0.19,9.05,0.93
2026-06-05,0.0,0.0,1.26,2.0,21.38,6.0,0.0,0.0,0.0,0.0
2026-06-06,3.09,2.0,24.74,5.0,58.94,11.0,6.55,1.37,15.79,2.34
2026-06-07,7.98,4.0,9.05,5.0,14.08,8.0,0.16,0.21,0.17,0.22
2026-06-08,0.0,0.0,0.0,0.0,23.49,3.0,0.0,0.0,8.62,1.02
2026-06-09,24.07,2.0,51.2,7.0,112.17,21.0,41.49,4.92,68.83,10.12
2026-06-10,4.03,1.0,4.03,1.0,11.89,3.0,0.0,0.0,0.08,0.03
2026-06-11,0.0,0.0,4.76,2.0,9.91,3.0,0.0,0.0,0.0,0.0
2026-06-12,0.0,0.0,0.0,0.0,2.99,1.0,0.0,0.0,0.0,0.0
2026-06-13,0.0,0.0,1.16,1.0,1.16,1.0,0.11,0.09,0.11,0.09
2026-06-14,0.0,0.0,0.0,0.0,41.67,9.0,0.0,0.0,16.33,3.07
2026-06-15,0.9,1.0,0.9,1.0,12.67,9.0,0.0,0.0,0.0,0.0
2026-06-16,1.12,2.0,1.12,2.0,19.79,8.0,0.09,0.15,1.57,0.68
2026-06-17,1.82,3.0,10.23,5.0,70.02,20.0,6.46,1.49,19.27,5.25
2026-06-18,0.0,0.0,0.91,1.0,25.42,6.0,0.76,0.84,9.33,2.02
2026-06-19,7.49,4.0,8.83,5.0,31.31,11.0,0.29,0.35,3.49,1.2
2026-06-20,0.0,0.0,0.0,0.0,23.12,7.0,0.0,0.0,8.3,2.18
2026-06-21,4.45,3.0,6.65,4.0,47.43,13.0,3.57,1.89,22.2,3.89
2026-06-22,3.68,4.0,4.71,5.0,46.47,14.0,1.33,1.35,1.93,1.74
2026-06-23,0.0,0.0,0.0,0.0,128.76,27.0,0.0,0.0,0.52,0.78
2026-06-24,6.25,1.0,6.25,1.0,25.63,5.0,1.66,0.27,1.66,0.27
2026-06-25,0.0,0.0,12.11,2.0,76.92,18.0,0.0,0.0,0.0,0.0
2026-06-26,24.04,4.0,24.04,4.0,29.84,6.0,5.57,0.92,5.72,0.98
2026-06-27,23.99,4.0,28.37,6.0,109.24,20.0,13.08,2.13,13.32,2.19
2026-06-28,2.9,2.0,8.86,3.0,96.22,27.0,0.43,0.79,0.43,0.79
2026-06-29,0.0,0.0,5.27,1.0,15.32,4.0,4.12,0.78,4.67,0.95
2026-06-30,0.0,0.0,0.0,0.0,0.0,0.0,0.0,0.0,0.0,0.0
