date,frp50,n50,frp100,n100,frp200,n200,frpup100,nup100,frpup200,nup200
2015-01-01,3.85,1.0,14.22,4.0,62.4,14.0,0.0,0.0,0.0,0.0
2015-01-02,0.0,0.0,0.0,0.0,0.0,0.0,0.0,0.0,0.0,0.0
2015-01-03,0.0,0.0,0.0,0.0,0.0,0.0,0.0,0.0,0.0,0.0
2015-01-04,0.0,0.0,5.14,2.0,13.08,4.0,0.0,0.0,0.0,0.0
2015-01-05,5.28,2.0,61.0,21.0,98.4,33.0,0.0,0.0,0.0,0.0
2015-01-06,15.44,5.0,67.52,24.0,74.49,27.0,0.0,0.0,0.0,0.0
2015-01-07,0.0,0.0,0.0,0.0,12.97,5.0,0.0,0.0,0.0,0.0
2015-01-08,0.0,0.0,0.0,0.0,0.0,0.0,0.0,0.0,0.0,0.0
2015-01-09,0.0,0.0,7.5,1.0,13.19,3.0,0.0,0.0,0.0,0.0
2015-01-10,69.68,22.0,352.68,106.0,391.74,117.0,0.0,0.0,0.0,0.0
2015-01-11,9.53,3.0,14.69,5.0,32.75,9.0,0.0,0.0,0.0,0.0
2015-01-12,7.0,3.0,89.28,30.0,189.64,57.0,0.0,0.0,0.0,0.0
2015-01-13,4.6,2.0,40.05,13.0,74.44,27.0,0.0,0.0,0.0,0.0
2015-01-14,0.0,0.0,0.0,0.0,0.0,0.0,0.0,0.0,0.0,0.0
2015-01-15,0.27,1.0,14.41,7.0,41.25,15.0,0.0,0.0,0.0,0.0
2015-01-16,33.02,13.0,106.55,36.0,154.44,57.0,0.0,0.0,0.0,0.0
2015-01-17,2.58,1.0,32.33,8.0,53.47,13.0,0.0,0.0,0.0,0.0
2015-01-18,1.99,1.0,16.33,6.0,24.26,8.0,0.0,0.0,0.0,0.0
2015-01-19,12.83,4.0,62.01,17.0,62.01,17.0,0.0,0.0,0.0,0.0
2015-01-20,0.0,0.0,0.0,0.0,23.64,6.0,0.0,0.0,0.0,0.0
2015-01-21,21.13,6.0,72.75,23.0,142.23,40.0,0.0,0.0,0.0,0.0
2015-01-22,0.0,0.0,0.0,0.0,0.0,0.0,0.0,0.0,0.0,0.0
2015-01-23,0.0,0.0,0.0,0.0,34.04,3.0,0.0,0.0,0.0,0.0
2015-01-24,0.0,0.0,3.21,1.0,5.14,2.0,0.0,0.0,0.0,0.0
2015-01-25,11.93,2.0,25.64,7.0,34.25,9.0,0.0,0.0,0.0,0.0
2015-01-26,0.0,0.0,18.68,5.0,20.25,6.0,0.0,0.0,0.0,0.0
2015-01-27,0.0,0.0,38.46,15.0,73.91,28.0,0.0,0.0,0.0,0.0
2015-01-28,25.87,6.0,45.83,9.0,61.32,13.0,0.0,0.0,0.0,0.0
2015-01-29,9.39,2.0,37.44,11.0,81.11,22.0,0.0,0.0,0.0,0.0
2015-01-30,8.6,3.0,75.0,21.0,163.01,49.0,0.0,0.0,0.0,0.0
2015-01-31,17.51,5.0,171.17,35.0,545.03,68.0,0.0,0.0,0.0,0.0
2015-02-01,5.51,3.0,122.4,33.0,290.53,81.0,0.0,0.0,0.0,0.0
2015-02-02,19.55,4.0,37.57,9.0,93.79,20.0,0.0,0.0,0.0,0.0
2015-02-03,14.43,6.0,28.04,11.0,149.95,23.0,0.0,0.0,0.0,0.0
2015-02-04,0.0,0.0,3.19,1.0,16.06,5.0,0.0,0.0,0.0,0.0
2015-02-05,19.78,6.0,106.49,31.0,191.16,52.0,0.0,0.0,0.0,0.0
2015-02-06,22.76,10.0,158.5,44.0,290.67,84.0,0.0,0.0,0.0,0.0
2015-02-07,53.73,13.0,218.55,62.0,395.89,104.0,0.0,0.0,0.0,0.0
2015-02-08,16.33,3.0,120.69,23.0,207.82,44.0,0.0,0.0,0.0,0.0
2015-02-09,2.77,1.0,64.07,18.0,150.36,41.0,0.0,0.0,0.0,0.0
2015-02-10,0.0,0.0,88.82,11.0,213.62,39.0,0.0,0.0,0.0,0.0
2015-02-11,54.02,11.0,131.38,33.0,256.21,63.0,0.0,0.0,0.0,0.0
2015-02-12,4.09,3.0,146.6,43.0,316.43,86.0,0.0,0.0,0.0,0.0
2015-02-13,9.34,3.0,127.6,22.0,228.46,48.0,0.0,0.0,0.0,0.0
2015-02-14,33.81,9.0,126.41,31.0,226.91,57.0,0.0,0.0,0.0,0.0
2015-02-15,30.0,6.0,78.5,29.0,180.07,55.0,0.0,0.0,0.0,0.0
2015-02-16,1.27,2.0,31.48,7.0,72.64,15.0,0.0,0.0,0.0,0.0
2015-02-17,37.85,7.0,165.71,42.0,327.06,91.0,0.0,0.0,0.0,0.0
2015-02-18,9.1,3.0,83.04,19.0,181.4,46.0,0.0,0.0,0.0,0.0
2015-02-19,6.04,3.0,25.44,9.0,141.0,27.0,0.0,0.0,0.0,0.0
2015-02-20,5.13,2.0,15.25,6.0,59.62,14.0,0.0,0.0,0.0,0.0
2015-02-21,2.3,2.0,23.57,10.0,128.81,27.0,0.0,0.0,0.0,0.0
2015-02-22,42.69,5.0,59.14,10.0,193.08,37.0,0.0,0.0,0.0,0.0
2015-02-23,9.39,4.0,86.0,17.0,159.67,37.0,0.0,0.0,0.0,0.0
2015-02-24,0.0,0.0,0.0,0.0,0.0,0.0,0.0,0.0,0.0,0.0
2015-02-25,0.0,0.0,0.0,0.0,14.74,4.0,0.0,0.0,0.0,0.0
2015-02-26,0.98,1.0,28.92,9.0,47.7,15.0,0.0,0.0,0.0,0.0
2015-02-27,13.65,4.0,72.49,21.0,122.0,37.0,0.0,0.0,0.0,0.0
2015-02-28,3.68,1.0,18.54,6.0,75.01,21.0,0.0,0.0,0.0,0.0
2015-03-01,0.0,0.0,0.0,0.0,0.0,0.0,0.0,0.0,0.0,0.0
2015-03-02,0.0,0.0,0.0,0.0,0.49,1.0,0.0,0.0,0.0,0.0
2015-03-03,0.28,1.0,0.28,1.0,1.36,3.0,0.0,0.0,0.0,0.0
2015-03-04,0.63,1.0,3.92,4.0,15.74,11.0,0.0,0.0,0.0,0.0
2015-03-05,4.28,6.0,26.57,12.0,105.42,51.0,0.0,0.0,0.0,0.0
2015-03-06,0.0,0.0,2.95,1.0,59.85,18.0,0.0,0.0,0.0,0.0
2015-03-07,13.77,4.0,33.53,8.0,77.92,17.0,0.0,0.0,0.0,0.0
2015-03-08,0.0,0.0,0.0,0.0,0.0,0.0,0.0,0.0,0.0,0.0
2015-03-09,1.18,2.0,1.71,3.0,43.15,10.0,0.0,0.0,0.0,0.0
2015-03-10,1.84,4.0,18.16,11.0,130.65,37.0,0.0,0.0,0.0,0.0
2015-03-11,10.44,4.0,39.39,13.0,80.31,27.0,0.0,0.0,0.0,0.0
2015-03-12,0.0,0.0,51.08,12.0,152.39,29.0,0.0,0.0,0.0,0.0
2015-03-13,4.38,2.0,40.6,10.0,54.83,13.0,0.0,0.0,0.0,0.0
2015-03-14,0.0,0.0,0.0,0.0,0.0,0.0,0.0,0.0,0.0,0.0
2015-03-15,0.0,0.0,0.4,1.0,0.64,2.0,0.0,0.0,0.0,0.0
2015-03-16,9.31,4.0,34.52,11.0,123.77,27.0,0.0,0.0,0.0,0.0
2015-03-17,5.25,2.0,42.36,7.0,146.15,25.0,0.0,0.0,0.0,0.0
2015-03-18,4.8,3.0,75.86,8.0,115.42,21.0,0.0,0.0,0.0,0.0
2015-03-19,5.83,2.0,9.65,4.0,57.15,18.0,0.0,0.0,0.0,0.0
2015-03-20,24.11,4.0,30.22,6.0,77.81,15.0,0.0,0.0,0.0,0.0
2015-03-21,2.85,1.0,20.78,7.0,75.91,21.0,0.0,0.0,0.0,0.0
2015-03-22,12.77,2.0,30.15,6.0,139.59,25.0,0.0,0.0,0.0,0.0
2015-03-23,0.0,0.0,5.31,2.0,72.77,8.0,0.0,0.0,0.0,0.0
2015-03-24,0.0,0.0,1.78,1.0,53.9,10.0,0.0,0.0,0.0,0.0
2015-03-25,9.07,2.0,11.47,3.0,46.28,13.0,0.0,0.0,0.0,0.0
2015-03-26,0.0,0.0,10.27,3.0,61.79,15.0,0.0,0.0,0.0,0.0
2015-03-27,3.28,1.0,10.96,4.0,46.14,18.0,0.0,0.0,0.0,0.0
2015-03-28,0.0,0.0,37.32,5.0,59.86,10.0,0.0,0.0,0.0,0.0
2015-03-29,0.0,0.0,0.0,0.0,0.0,0.0,0.0,0.0,0.0,0.0
2015-03-30,0.0,0.0,0.0,0.0,0.17,1.0,0.0,0.0,0.0,0.0
2015-03-31,0.55,1.0,6.01,4.0,7.58,6.0,0.0,0.0,0.0,0.0
2015-04-01,0.0,0.0,13.62,3.0,20.19,4.0,0.0,0.0,0.0,0.0
2015-04-02,11.13,2.0,13.86,3.0,28.61,8.0,0.0,0.0,0.0,0.0
2015-04-03,0.0,0.0,0.0,0.0,0.0,0.0,0.0,0.0,0.0,0.0
2015-04-04,0.0,0.0,0.0,0.0,0.89,1.0,0.0,0.0,0.0,0.0
2015-04-05,0.69,2.0,20.48,10.0,42.4,14.0,0.0,0.0,0.0,0.0
2015-04-06,6.05,3.0,17.78,10.0,32.92,18.0,0.0,0.0,0.0,0.0
2015-04-07,0.0,0.0,0.92,1.0,11.79,6.0,0.0,0.0,0.0,0.0
2015-04-08,3.76,2.0,14.15,4.0,28.24,8.0,0.0,0.0,0.0,0.0
2015-04-09,0.0,0.0,9.51,3.0,33.15,10.0,0.0,0.0,0.0,0.0
2015-04-10,0.24,1.0,0.24,1.0,10.16,6.0,0.0,0.0,0.0,0.0
2015-04-11,12.45,3.0,22.51,7.0,63.84,21.0,0.0,0.0,0.0,0.0
2015-04-12,0.0,0.0,0.0,0.0,0.0,0.0,0.0,0.0,0.0,0.0
2015-04-13,0.0,0.0,0.0,0.0,0.0,0.0,0.0,0.0,0.0,0.0
2015-04-14,0.0,0.0,0.0,0.0,8.7,6.0,0.0,0.0,0.0,0.0
2015-04-15,0.0,0.0,7.19,2.0,22.57,7.0,0.0,0.0,0.0,0.0
2015-04-16,0.63,1.0,0.63,1.0,5.59,5.0,0.0,0.0,0.0,0.0
2015-04-17,1.08,1.0,2.43,2.0,27.63,11.0,0.0,0.0,0.0,0.0
2015-04-18,2.89,1.0,42.94,5.0,65.53,12.0,0.0,0.0,0.0,0.0
2015-04-19,2.13,1.0,15.86,7.0,35.57,13.0,0.0,0.0,0.0,0.0
2015-04-20,0.92,1.0,0.92,1.0,834.86,31.0,0.0,0.0,0.0,0.0
2015-04-21,0.0,0.0,23.19,7.0,93.4,20.0,0.0,0.0,0.0,0.0
2015-04-22,43.57,4.0,128.47,14.0,182.14,29.0,0.0,0.0,0.0,0.0
2015-04-23,0.0,0.0,127.31,16.0,176.54,25.0,0.0,0.0,0.0,0.0
2015-04-24,13.44,5.0,160.31,34.0,315.28,56.0,0.0,0.0,0.0,0.0
2015-04-25,11.64,5.0,62.12,21.0,147.47,36.0,0.0,0.0,0.0,0.0
2015-04-26,20.21,6.0,63.52,18.0,100.12,31.0,0.0,0.0,0.0,0.0
2015-04-27,23.19,7.0,89.67,34.0,168.8,60.0,0.0,0.0,0.0,0.0
2015-04-28,0.0,0.0,133.1,24.0,251.3,45.0,0.0,0.0,0.0,0.0
2015-04-29,8.8,2.0,343.81,58.0,528.68,114.0,0.0,0.0,0.0,0.0
2015-04-30,24.92,11.0,137.65,37.0,185.82,51.0,0.0,0.0,0.0,0.0
2015-05-01,133.5,26.0,518.04,113.0,801.51,190.0,0.0,0.0,0.0,0.0
2015-05-02,120.3,20.0,826.15,126.0,2046.01,268.0,0.0,0.0,0.0,0.0
2015-05-03,145.44,25.0,1022.2,140.0,2327.45,289.0,0.0,0.0,0.0,0.0
2015-05-04,249.16,39.0,1334.51,176.0,3542.73,395.0,0.0,0.0,0.0,0.0
2015-05-05,194.08,39.0,1293.99,272.0,4456.47,869.0,0.0,0.0,0.0,0.0
2015-05-06,206.82,31.0,1106.05,154.0,3876.99,514.0,0.0,0.0,0.0,0.0
2015-05-07,223.98,27.0,1151.7,165.0,4314.62,579.0,0.0,0.0,0.0,0.0
2015-05-08,78.85,11.0,368.06,55.0,1156.77,184.0,0.0,0.0,0.0,0.0
2015-05-09,89.27,13.0,728.21,97.0,3925.71,529.0,0.0,0.0,0.0,0.0
2015-05-10,27.27,8.0,86.43,28.0,1172.84,310.0,0.0,0.0,0.0,0.0
2015-05-11,19.83,7.0,222.64,61.0,754.02,193.0,0.0,0.0,0.0,0.0
2015-05-12,37.8,6.0,232.53,42.0,1130.46,201.0,0.0,0.0,0.0,0.0
2015-05-13,0.0,0.0,0.0,0.0,560.44,93.0,0.0,0.0,0.0,0.0
2015-05-14,7.16,2.0,56.24,12.0,839.08,156.0,0.0,0.0,0.0,0.0
2015-05-15,5.92,1.0,42.53,7.0,157.76,32.0,0.0,0.0,0.0,0.0
2015-05-16,2.51,1.0,50.17,13.0,847.93,226.0,0.0,0.0,0.0,0.0
2015-05-17,19.88,3.0,111.02,20.0,808.51,166.0,0.0,0.0,0.0,0.0
2015-05-18,15.3,2.0,105.34,23.0,683.2,145.0,0.0,0.0,0.0,0.0
2015-05-19,0.0,0.0,0.0,0.0,63.4,16.0,0.0,0.0,0.0,0.0
2015-05-20,0.0,0.0,23.79,5.0,423.27,93.0,0.0,0.0,0.0,0.0
2015-05-21,76.17,5.0,139.27,22.0,900.22,203.0,0.0,0.0,0.0,0.0
2015-05-22,11.16,2.0,38.29,8.0,936.66,180.0,0.0,0.0,0.0,0.0
2015-05-23,7.95,3.0,66.22,8.0,622.53,116.0,0.0,0.0,0.0,0.0
2015-05-24,35.8,4.0,42.9,5.0,482.02,122.0,0.0,0.0,0.0,0.0
2015-05-25,0.0,0.0,12.27,4.0,216.3,48.0,0.0,0.0,0.0,0.0
2015-05-26,30.38,6.0,40.38,9.0,232.21,55.0,0.0,0.0,0.0,0.0
2015-05-27,33.76,3.0,46.85,6.0,177.68,45.0,0.0,0.0,0.0,0.0
2015-05-28,10.19,4.0,48.87,8.0,350.39,86.0,0.0,0.0,0.0,0.0
2015-05-29,25.97,3.0,44.4,7.0,197.86,69.0,0.0,0.0,0.0,0.0
2015-05-30,0.0,0.0,2.96,2.0,347.07,85.0,0.0,0.0,0.0,0.0
2015-05-31,8.59,2.0,36.46,5.0,109.55,48.0,0.0,0.0,0.0,0.0
2015-06-01,0.0,0.0,0.0,0.0,169.73,46.0,0.0,0.0,0.0,0.0
2015-06-02,0.0,0.0,0.0,0.0,191.0,48.0,0.0,0.0,0.0,0.0
2015-06-03,0.0,0.0,0.0,0.0,32.9,5.0,0.0,0.0,0.0,0.0
2015-06-04,0.0,0.0,1.98,1.0,226.64,76.0,0.0,0.0,0.0,0.0
2015-06-05,6.21,2.0,30.11,8.0,244.43,55.0,0.0,0.0,0.0,0.0
2015-06-06,12.68,4.0,18.59,7.0,207.64,65.0,0.0,0.0,0.0,0.0
2015-06-07,8.89,3.0,28.5,7.0,286.82,77.0,0.0,0.0,0.0,0.0
2015-06-08,0.0,0.0,0.0,0.0,480.22,107.0,0.0,0.0,0.0,0.0
2015-06-09,0.0,0.0,5.21,1.0,1126.56,179.0,0.0,0.0,0.0,0.0
2015-06-10,0.0,0.0,31.45,6.0,119.38,27.0,0.0,0.0,0.0,0.0
2015-06-11,0.0,0.0,3.65,1.0,371.07,51.0,0.0,0.0,0.0,0.0
2015-06-12,4.41,1.0,13.19,2.0,121.97,34.0,0.0,0.0,0.0,0.0
2015-06-13,0.0,0.0,0.0,0.0,38.21,14.0,0.0,0.0,0.0,0.0
2015-06-14,0.0,0.0,0.0,0.0,15.78,13.0,0.0,0.0,0.0,0.0
2015-06-15,0.0,0.0,8.89,1.0,16.59,6.0,0.0,0.0,0.0,0.0
2015-06-16,0.0,0.0,0.0,0.0,34.08,13.0,0.0,0.0,0.0,0.0
2015-06-17,0.0,0.0,0.0,0.0,17.79,5.0,0.0,0.0,0.0,0.0
2015-06-18,0.0,0.0,0.0,0.0,37.01,7.0,0.0,0.0,0.0,0.0
2015-06-19,0.0,0.0,32.55,5.0,63.21,15.0,0.0,0.0,0.0,0.0
2015-06-20,0.0,0.0,1.72,1.0,8.59,2.0,0.0,0.0,0.0,0.0
2015-06-21,0.0,0.0,0.0,0.0,0.0,0.0,0.0,0.0,0.0,0.0
2015-06-22,0.0,0.0,0.0,0.0,0.0,0.0,0.0,0.0,0.0,0.0
2015-06-23,0.0,0.0,4.25,1.0,4.25,1.0,0.0,0.0,0.0,0.0
2015-06-24,0.0,0.0,0.0,0.0,11.02,2.0,0.0,0.0,0.0,0.0
2015-06-25,0.0,0.0,1.55,1.0,1.55,1.0,0.0,0.0,0.0,0.0
2015-06-26,0.0,0.0,0.0,0.0,8.52,2.0,0.0,0.0,0.0,0.0
2015-06-27,0.0,0.0,0.0,0.0,0.0,0.0,0.0,0.0,0.0,0.0
2015-06-28,0.0,0.0,0.0,0.0,0.0,0.0,0.0,0.0,0.0,0.0
2015-06-29,0.0,0.0,0.0,0.0,0.0,0.0,0.0,0.0,0.0,0.0
2015-06-30,0.0,0.0,0.0,0.0,0.0,0.0,0.0,0.0,0.0,0.0
2015-07-01,0.0,0.0,0.0,0.0,6.33,1.0,0.0,0.0,0.0,0.0
2015-07-02,0.0,0.0,0.0,0.0,3.91,1.0,0.0,0.0,0.0,0.0
2015-07-03,0.0,0.0,0.0,0.0,0.0,0.0,0.0,0.0,0.0,0.0
2015-07-04,0.0,0.0,0.0,0.0,0.0,0.0,0.0,0.0,0.0,0.0
2015-07-05,0.0,0.0,0.0,0.0,0.0,0.0,0.0,0.0,0.0,0.0
2015-07-06,0.0,0.0,0.0,0.0,0.0,0.0,0.0,0.0,0.0,0.0
2015-07-07,0.0,0.0,0.0,0.0,0.0,0.0,0.0,0.0,0.0,0.0
2015-07-08,0.0,0.0,0.0,0.0,0.0,0.0,0.0,0.0,0.0,0.0
2015-07-09,0.0,0.0,0.52,1.0,0.52,1.0,0.0,0.0,0.0,0.0
2015-07-10,0.0,0.0,0.0,0.0,0.0,0.0,0.0,0.0,0.0,0.0
2015-07-11,0.0,0.0,0.0,0.0,0.0,0.0,0.0,0.0,0.0,0.0
2015-07-12,0.0,0.0,0.0,0.0,0.0,0.0,0.0,0.0,0.0,0.0
2015-07-13,0.0,0.0,0.0,0.0,0.0,0.0,0.0,0.0,0.0,0.0
2015-07-14,0.0,0.0,6.4,1.0,6.4,1.0,0.0,0.0,0.0,0.0
2015-07-15,0.0,0.0,0.0,0.0,0.0,0.0,0.0,0.0,0.0,0.0
2015-07-16,0.0,0.0,0.0,0.0,0.0,0.0,0.0,0.0,0.0,0.0
2015-07-17,0.0,0.0,0.0,0.0,0.0,0.0,0.0,0.0,0.0,0.0
2015-07-18,0.0,0.0,0.0,0.0,0.0,0.0,0.0,0.0,0.0,0.0
2015-07-19,0.0,0.0,0.0,0.0,0.0,0.0,0.0,0.0,0.0,0.0
2015-07-20,0.0,0.0,0.0,0.0,0.0,0.0,0.0,0.0,0.0,0.0
2015-07-21,0.0,0.0,0.0,0.0,0.0,0.0,0.0,0.0,0.0,0.0
2015-07-22,0.0,0.0,0.0,0.0,0.0,0.0,0.0,0.0,0.0,0.0
2015-07-23,0.0,0.0,0.0,0.0,0.0,0.0,0.0,0.0,0.0,0.0
2015-07-24,0.0,0.0,0.0,0.0,0.0,0.0,0.0,0.0,0.0,0.0
2015-07-25,0.0,0.0,0.0,0.0,0.0,0.0,0.0,0.0,0.0,0.0
2015-07-26,1.36,1.0,1.36,1.0,3.26,2.0,0.0,0.0,0.0,0.0
2015-07-27,1.85,1.0,1.85,1.0,9.09,4.0,0.0,0.0,0.0,0.0
2015-07-28,0.0,0.0,0.0,0.0,1.41,1.0,0.0,0.0,0.0,0.0
2015-07-29,0.0,0.0,0.0,0.0,0.0,0.0,0.0,0.0,0.0,0.0
2015-07-30,0.0,0.0,0.0,0.0,0.0,0.0,0.0,0.0,0.0,0.0
2015-07-31,0.0,0.0,0.0,0.0,0.0,0.0,0.0,0.0,0.0,0.0
2015-08-01,0.0,0.0,0.0,0.0,0.98,1.0,0.0,0.0,0.0,0.0
2015-08-02,0.0,0.0,0.0,0.0,0.0,0.0,0.0,0.0,0.0,0.0
2015-08-03,0.0,0.0,0.0,0.0,0.0,0.0,0.0,0.0,0.0,0.0
2015-08-04,0.0,0.0,0.0,0.0,0.0,0.0,0.0,0.0,0.0,0.0
2015-08-05,0.0,0.0,0.0,0.0,0.0,0.0,0.0,0.0,0.0,0.0
2015-08-06,1.31,1.0,1.31,1.0,1.31,1.0,0.0,0.0,0.0,0.0
2015-08-07,0.0,0.0,0.0,0.0,0.0,0.0,0.0,0.0,0.0,0.0
2015-08-08,0.0,0.0,0.0,0.0,0.0,0.0,0.0,0.0,0.0,0.0
2015-08-09,0.0,0.0,0.0,0.0,0.0,0.0,0.0,0.0,0.0,0.0
2015-08-10,0.0,0.0,0.0,0.0,0.0,0.0,0.0,0.0,0.0,0.0
2015-08-11,0.0,0.0,0.0,0.0,0.0,0.0,0.0,0.0,0.0,0.0
2015-08-12,0.0,0.0,0.0,0.0,6.11,2.0,0.0,0.0,0.0,0.0
2015-08-13,0.0,0.0,0.0,0.0,0.0,0.0,0.0,0.0,0.0,0.0
2015-08-14,0.0,0.0,0.0,0.0,0.0,0.0,0.0,0.0,0.0,0.0
2015-08-15,0.0,0.0,0.0,0.0,0.0,0.0,0.0,0.0,0.0,0.0
2015-08-16,0.0,0.0,0.0,0.0,0.0,0.0,0.0,0.0,0.0,0.0
2015-08-17,0.0,0.0,0.0,0.0,1.77,1.0,0.0,0.0,0.0,0.0
2015-08-18,2.26,1.0,2.26,1.0,2.26,1.0,0.0,0.0,0.0,0.0
2015-08-19,0.0,0.0,0.0,0.0,0.0,0.0,0.0,0.0,0.0,0.0
2015-08-20,0.0,0.0,0.0,0.0,0.0,0.0,0.0,0.0,0.0,0.0
2015-08-21,0.0,0.0,0.0,0.0,0.0,0.0,0.0,0.0,0.0,0.0
2015-08-22,0.0,0.0,0.0,0.0,0.0,0.0,0.0,0.0,0.0,0.0
2015-08-23,0.0,0.0,0.0,0.0,5.87,1.0,0.0,0.0,0.0,0.0
2015-08-24,0.0,0.0,0.0,0.0,0.0,0.0,0.0,0.0,0.0,0.0
2015-08-25,1.37,1.0,1.37,1.0,1.37,1.0,0.0,0.0,0.0,0.0
2015-08-26,0.0,0.0,0.0,0.0,11.16,2.0,0.0,0.0,0.0,0.0
2015-08-27,3.73,1.0,3.73,1.0,3.73,1.0,0.0,0.0,0.0,0.0
2015-08-28,0.0,0.0,0.0,0.0,0.0,0.0,0.0,0.0,0.0,0.0
2015-08-29,5.09,2.0,5.09,2.0,5.09,2.0,0.0,0.0,0.0,0.0
2015-08-30,0.0,0.0,0.0,0.0,0.0,0.0,0.0,0.0,0.0,0.0
2015-08-31,0.0,0.0,0.0,0.0,10.36,2.0,0.0,0.0,0.0,0.0
2015-09-01,0.0,0.0,0.0,0.0,1.66,1.0,0.0,0.0,0.0,0.0
2015-09-02,2.13,1.0,2.13,1.0,7.35,3.0,0.0,0.0,0.0,0.0
2015-09-03,0.0,0.0,0.0,0.0,0.0,0.0,0.0,0.0,0.0,0.0
2015-09-04,0.0,0.0,0.0,0.0,0.0,0.0,0.0,0.0,0.0,0.0
2015-09-05,2.1,1.0,2.1,1.0,34.07,5.0,0.0,0.0,0.0,0.0
2015-09-06,0.0,0.0,0.0,0.0,0.0,0.0,0.0,0.0,0.0,0.0
2015-09-07,0.0,0.0,8.97,4.0,16.65,7.0,0.0,0.0,0.0,0.0
2015-09-08,4.55,1.0,4.55,1.0,6.65,2.0,0.0,0.0,0.0,0.0
2015-09-09,3.37,1.0,11.92,3.0,16.58,4.0,0.0,0.0,0.0,0.0
2015-09-10,0.0,0.0,0.0,0.0,12.59,4.0,0.0,0.0,0.0,0.0
2015-09-11,0.0,0.0,0.0,0.0,4.93,1.0,0.0,0.0,0.0,0.0
2015-09-12,0.0,0.0,5.09,2.0,71.31,13.0,0.0,0.0,0.0,0.0
2015-09-13,0.0,0.0,0.0,0.0,45.93,13.0,0.0,0.0,0.0,0.0
2015-09-14,0.0,0.0,0.0,0.0,0.0,0.0,0.0,0.0,0.0,0.0
2015-09-15,0.0,0.0,1.44,1.0,9.36,4.0,0.0,0.0,0.0,0.0
2015-09-16,0.0,0.0,0.0,0.0,8.44,3.0,0.0,0.0,0.0,0.0
2015-09-17,0.0,0.0,6.91,3.0,52.22,16.0,0.0,0.0,0.0,0.0
2015-09-18,0.0,0.0,0.0,0.0,10.17,1.0,0.0,0.0,0.0,0.0
2015-09-19,0.38,1.0,0.38,1.0,0.38,1.0,0.0,0.0,0.0,0.0
2015-09-20,0.0,0.0,0.0,0.0,3.79,1.0,0.0,0.0,0.0,0.0
2015-09-21,0.0,0.0,3.06,1.0,3.06,1.0,0.0,0.0,0.0,0.0
2015-09-22,0.0,0.0,0.0,0.0,2.06,1.0,0.0,0.0,0.0,0.0
2015-09-23,1.96,1.0,1.96,1.0,2.52,2.0,0.0,0.0,0.0,0.0
2015-09-24,2.89,2.0,2.89,2.0,2.89,2.0,0.0,0.0,0.0,0.0
2015-09-25,0.65,1.0,0.65,1.0,0.65,1.0,0.0,0.0,0.0,0.0
2015-09-26,0.0,0.0,0.0,0.0,8.37,3.0,0.0,0.0,0.0,0.0
2015-09-27,0.0,0.0,0.0,0.0,33.39,4.0,0.0,0.0,0.0,0.0
2015-09-28,0.0,0.0,3.46,2.0,56.67,10.0,0.0,0.0,0.0,0.0
2015-09-29,1.92,1.0,5.08,3.0,141.11,42.0,0.0,0.0,0.0,0.0
2015-09-30,19.42,4.0,19.42,4.0,116.25,24.0,0.0,0.0,0.0,0.0
2015-10-01,0.0,0.0,0.0,0.0,100.48,29.0,0.0,0.0,0.0,0.0
2015-10-02,0.0,0.0,12.21,3.0,208.84,60.0,0.0,0.0,0.0,0.0
2015-10-03,32.2,4.0,37.65,7.0,337.77,66.0,0.0,0.0,0.0,0.0
2015-10-04,0.0,0.0,14.28,4.0,533.95,132.0,0.0,0.0,0.0,0.0
2015-10-05,6.36,2.0,43.39,7.0,394.3,91.0,0.0,0.0,0.0,0.0
2015-10-06,0.0,0.0,14.79,4.0,299.89,50.0,0.0,0.0,0.0,0.0
2015-10-07,0.0,0.0,3.58,1.0,199.12,42.0,0.0,0.0,0.0,0.0
2015-10-08,0.0,0.0,12.25,4.0,664.1,106.0,0.0,0.0,0.0,0.0
2015-10-09,15.94,4.0,54.83,12.0,988.77,194.0,0.0,0.0,0.0,0.0
2015-10-10,4.37,2.0,47.11,16.0,1034.83,233.0,0.0,0.0,0.0,0.0
2015-10-11,1.47,1.0,27.01,7.0,920.24,138.0,0.0,0.0,0.0,0.0
2015-10-12,0.0,0.0,3.47,1.0,475.78,94.0,0.0,0.0,0.0,0.0
2015-10-13,2.49,2.0,7.32,3.0,505.64,72.0,0.0,0.0,0.0,0.0
2015-10-14,3.25,2.0,23.07,7.0,678.97,124.0,0.0,0.0,0.0,0.0
2015-10-15,0.0,0.0,20.66,7.0,743.86,142.0,0.0,0.0,0.0,0.0
2015-10-16,0.0,0.0,11.58,2.0,700.91,141.0,0.0,0.0,0.0,0.0
2015-10-17,0.0,0.0,22.61,7.0,630.03,141.0,0.0,0.0,0.0,0.0
2015-10-18,28.94,3.0,42.26,5.0,993.8,218.0,0.0,0.0,0.0,0.0
2015-10-19,3.91,2.0,31.65,10.0,1386.71,260.0,0.0,0.0,0.0,0.0
2015-10-20,1.88,1.0,87.06,26.0,2086.07,421.0,0.0,0.0,0.0,0.0
2015-10-21,6.5,3.0,39.75,10.0,1299.27,235.0,0.0,0.0,0.0,0.0
2015-10-22,21.14,5.0,87.14,19.0,1755.59,287.0,0.0,0.0,0.0,0.0
2015-10-23,0.0,0.0,48.67,10.0,2057.68,339.0,0.0,0.0,0.0,0.0
2015-10-24,3.88,2.0,130.36,31.0,2652.73,440.0,0.0,0.0,0.0,0.0
2015-10-25,18.96,6.0,350.75,74.0,3298.63,538.0,0.0,0.0,0.0,0.0
2015-10-26,0.0,0.0,154.78,33.0,472.26,112.0,0.0,0.0,0.0,0.0
2015-10-27,2.71,2.0,136.29,33.0,1659.83,293.0,0.0,0.0,0.0,0.0
2015-10-28,0.0,0.0,3.48,2.0,127.88,31.0,0.0,0.0,0.0,0.0
2015-10-29,3.23,3.0,21.02,11.0,1949.02,254.0,0.0,0.0,0.0,0.0
2015-10-30,22.38,8.0,225.99,47.0,5043.74,736.0,0.0,0.0,0.0,0.0
2015-10-31,10.61,4.0,252.74,69.0,6001.61,996.0,0.0,0.0,0.0,0.0
2015-11-01,12.95,3.0,232.22,42.0,4101.05,666.0,0.0,0.0,0.0,0.0
2015-11-02,1.44,1.0,87.89,20.0,2470.67,416.0,0.0,0.0,0.0,0.0
2015-11-03,2.67,1.0,114.02,25.0,5413.2,1020.0,0.0,0.0,0.0,0.0
2015-11-04,3.17,3.0,139.16,38.0,8133.68,1038.0,0.0,0.0,0.0,0.0
2015-11-05,0.0,0.0,137.43,33.0,704.07,150.0,0.0,0.0,0.0,0.0
2015-11-06,0.0,0.0,74.42,17.0,1590.7,268.0,0.0,0.0,0.0,0.0
2015-11-07,0.93,2.0,56.8,9.0,250.93,42.0,0.0,0.0,0.0,0.0
2015-11-08,2.71,2.0,90.41,18.0,625.28,120.0,0.0,0.0,0.0,0.0
2015-11-09,0.63,2.0,40.95,10.0,2178.5,407.0,0.0,0.0,0.0,0.0
2015-11-10,9.8,4.0,110.85,32.0,3595.84,686.0,0.0,0.0,0.0,0.0
2015-11-11,14.32,5.0,292.61,69.0,3422.05,586.0,0.0,0.0,0.0,0.0
2015-11-12,11.39,2.0,82.26,16.0,1366.24,234.0,0.0,0.0,0.0,0.0
2015-11-13,0.0,0.0,49.78,9.0,963.72,151.0,0.0,0.0,0.0,0.0
2015-11-14,0.0,0.0,31.23,6.0,859.56,117.0,0.0,0.0,0.0,0.0
2015-11-15,5.92,2.0,61.08,18.0,927.2,184.0,0.0,0.0,0.0,0.0
2015-11-16,0.0,0.0,98.68,35.0,975.3,220.0,0.0,0.0,0.0,0.0
2015-11-17,1.99,1.0,39.06,15.0,552.74,119.0,0.0,0.0,0.0,0.0
2015-11-18,2.81,2.0,12.18,7.0,258.53,69.0,0.0,0.0,0.0,0.0
2015-11-19,3.76,2.0,32.97,11.0,436.56,94.0,0.0,0.0,0.0,0.0
2015-11-20,8.14,3.0,64.09,16.0,412.74,76.0,0.0,0.0,0.0,0.0
2015-11-21,2.22,2.0,72.74,21.0,310.73,89.0,0.0,0.0,0.0,0.0
2015-11-22,13.39,5.0,54.14,21.0,180.05,47.0,0.0,0.0,0.0,0.0
2015-11-23,0.0,0.0,12.55,5.0,48.99,15.0,0.0,0.0,0.0,0.0
2015-11-24,2.29,1.0,86.4,13.0,193.93,32.0,0.0,0.0,0.0,0.0
2015-11-25,0.0,0.0,1.68,1.0,39.56,8.0,0.0,0.0,0.0,0.0
2015-11-26,15.92,7.0,37.92,15.0,52.63,20.0,0.0,0.0,0.0,0.0
2015-11-27,6.35,3.0,23.08,11.0,30.26,13.0,0.0,0.0,0.0,0.0
2015-11-28,7.87,4.0,22.21,8.0,33.04,11.0,0.0,0.0,0.0,0.0
2015-11-29,0.0,0.0,9.62,4.0,12.16,6.0,0.0,0.0,0.0,0.0
2015-11-30,1.59,2.0,21.13,9.0,38.85,16.0,0.0,0.0,0.0,0.0
2015-12-01,9.29,5.0,52.02,14.0,77.12,23.0,0.0,0.0,0.0,0.0
2015-12-02,14.76,6.0,57.08,22.0,131.93,42.0,0.0,0.0,0.0,0.0
2015-12-03,20.58,8.0,44.82,17.0,85.87,31.0,0.0,0.0,0.0,0.0
2015-12-04,17.31,6.0,68.37,14.0,95.97,24.0,0.0,0.0,0.0,0.0
2015-12-05,20.35,6.0,65.93,18.0,99.63,24.0,0.0,0.0,0.0,0.0
2015-12-06,6.48,5.0,84.56,32.0,144.62,48.0,0.0,0.0,0.0,0.0
2015-12-07,27.24,9.0,87.24,29.0,118.52,38.0,0.0,0.0,0.0,0.0
2015-12-08,61.75,15.0,101.77,27.0,130.59,35.0,0.0,0.0,0.0,0.0
2015-12-09,0.5,1.0,1.68,2.0,7.49,5.0,0.0,0.0,0.0,0.0
2015-12-10,22.1,6.0,59.27,16.0,78.7,23.0,0.0,0.0,0.0,0.0
2015-12-11,0.0,0.0,18.01,6.0,42.97,11.0,0.0,0.0,0.0,0.0
2015-12-12,0.61,1.0,17.65,7.0,41.96,14.0,0.0,0.0,0.0,0.0
2015-12-13,39.42,16.0,167.36,59.0,218.03,78.0,0.0,0.0,0.0,0.0
2015-12-14,29.33,9.0,79.11,27.0,159.82,45.0,0.0,0.0,0.0,0.0
2015-12-15,26.87,4.0,78.56,25.0,128.96,41.0,0.0,0.0,0.0,0.0
2015-12-16,35.94,12.0,190.91,50.0,277.97,75.0,0.0,0.0,0.0,0.0
2015-12-17,66.67,15.0,182.8,44.0,295.21,71.0,0.0,0.0,0.0,0.0
2015-12-18,54.16,19.0,235.97,79.0,373.08,127.0,0.0,0.0,0.0,0.0
2015-12-19,22.41,7.0,120.0,37.0,269.11,77.0,0.0,0.0,0.0,0.0
2015-12-20,57.26,19.0,136.4,42.0,214.17,62.0,0.0,0.0,0.0,0.0
2015-12-21,47.71,17.0,156.52,51.0,209.83,69.0,0.0,0.0,0.0,0.0
2015-12-22,57.84,16.0,177.15,51.0,318.82,94.0,0.0,0.0,0.0,0.0
2015-12-23,55.59,16.0,169.79,56.0,319.07,99.0,0.0,0.0,0.0,0.0
2015-12-24,20.43,8.0,141.61,44.0,262.93,82.0,0.0,0.0,0.0,0.0
2015-12-25,3.97,3.0,65.64,20.0,158.51,47.0,0.0,0.0,0.0,0.0
2015-12-26,29.47,7.0,94.17,27.0,170.74,49.0,0.0,0.0,0.0,0.0
2015-12-27,29.28,7.0,116.39,27.0,218.55,50.0,0.0,0.0,0.0,0.0
2015-12-28,2.8,2.0,67.81,17.0,202.12,42.0,0.0,0.0,0.0,0.0
2015-12-29,16.74,7.0,112.29,39.0,258.49,80.0,0.0,0.0,0.0,0.0
2015-12-30,4.47,3.0,4.47,3.0,5.16,4.0,0.0,0.0,0.0,0.0
2015-12-31,24.13,9.0,82.03,30.0,198.83,79.0,0.0,0.0,0.0,0.0
2016-01-01,3.3,2.0,47.08,13.0,102.84,34.0,0.0,0.0,0.0,0.0
2016-01-02,8.45,6.0,130.83,28.0,273.71,72.0,0.0,0.0,0.0,0.0
2016-01-03,73.14,27.0,248.79,87.0,451.7,156.0,0.0,0.0,0.0,0.0
2016-01-04,35.92,9.0,133.78,30.0,210.22,50.0,0.0,0.0,0.0,0.0
2016-01-05,14.79,5.0,94.17,26.0,211.63,44.0,0.0,0.0,0.0,0.0
2016-01-06,16.05,2.0,38.15,7.0,80.28,17.0,0.0,0.0,0.0,0.0
2016-01-07,21.53,6.0,56.57,17.0,108.49,33.0,0.0,0.0,0.0,0.0
2016-01-08,33.63,14.0,113.56,42.0,220.18,77.0,0.0,0.0,0.0,0.0
2016-01-09,4.6,1.0,116.47,20.0,161.23,34.0,0.0,0.0,0.0,0.0
2016-01-10,32.82,6.0,117.07,29.0,226.58,59.0,0.0,0.0,0.0,0.0
2016-01-11,24.76,6.0,123.78,31.0,194.24,45.0,0.0,0.0,0.0,0.0
2016-01-12,15.95,4.0,63.53,15.0,128.82,33.0,0.0,0.0,0.0,0.0
2016-01-13,17.57,7.0,100.81,32.0,209.39,66.0,0.0,0.0,0.0,0.0
2016-01-14,2.52,1.0,7.7,2.0,28.15,6.0,0.0,0.0,0.0,0.0
2016-01-15,0.0,0.0,5.07,2.0,36.96,12.0,0.0,0.0,0.0,0.0
2016-01-16,11.49,4.0,47.49,11.0,56.36,14.0,0.0,0.0,0.0,0.0
2016-01-17,30.48,10.0,117.95,32.0,183.32,54.0,0.0,0.0,0.0,0.0
2016-01-18,65.93,13.0,161.52,37.0,241.17,62.0,0.0,0.0,0.0,0.0
2016-01-19,21.63,4.0,42.36,13.0,57.22,18.0,0.0,0.0,0.0,0.0
2016-01-20,0.0,0.0,5.07,1.0,44.08,10.0,0.0,0.0,0.0,0.0
2016-01-21,5.15,3.0,43.39,11.0,43.39,11.0,0.0,0.0,0.0,0.0
2016-01-22,4.65,2.0,67.43,20.0,116.74,35.0,0.0,0.0,0.0,0.0
2016-01-23,24.74,9.0,119.82,29.0,217.81,55.0,0.0,0.0,0.0,0.0
2016-01-24,10.47,5.0,54.08,21.0,246.82,67.0,0.0,0.0,0.0,0.0
2016-01-25,29.82,9.0,67.01,17.0,119.71,32.0,0.0,0.0,0.0,0.0
2016-01-26,11.63,3.0,42.48,8.0,69.7,17.0,0.0,0.0,0.0,0.0
2016-01-27,40.42,9.0,73.98,18.0,150.74,37.0,0.0,0.0,0.0,0.0
2016-01-28,11.69,2.0,57.58,12.0,181.21,31.0,0.0,0.0,0.0,0.0
2016-01-29,33.04,5.0,171.88,36.0,263.2,58.0,0.0,0.0,0.0,0.0
2016-01-30,29.63,9.0,166.86,51.0,339.83,97.0,0.0,0.0,0.0,0.0
2016-01-31,0.0,0.0,0.0,0.0,5.79,3.0,0.0,0.0,0.0,0.0
2016-02-01,7.32,2.0,95.63,19.0,209.34,49.0,0.0,0.0,0.0,0.0
2016-02-02,6.77,3.0,63.97,11.0,156.98,30.0,0.0,0.0,0.0,0.0
2016-02-03,33.18,10.0,143.47,28.0,272.95,56.0,0.0,0.0,0.0,0.0
2016-02-04,17.17,5.0,125.91,33.0,305.3,81.0,0.0,0.0,0.0,0.0
2016-02-05,33.1,5.0,137.93,28.0,261.09,59.0,0.0,0.0,0.0,0.0
2016-02-06,7.22,3.0,60.98,19.0,238.31,43.0,0.0,0.0,0.0,0.0
2016-02-07,3.36,1.0,22.51,7.0,68.63,15.0,0.0,0.0,0.0,0.0
2016-02-08,8.56,3.0,84.48,17.0,172.1,36.0,0.0,0.0,0.0,0.0
2016-02-09,43.29,11.0,128.77,33.0,219.57,65.0,0.0,0.0,0.0,0.0
2016-02-10,43.37,9.0,137.5,35.0,291.36,79.0,0.0,0.0,0.0,0.0
2016-02-11,28.29,5.0,81.96,14.0,124.58,24.0,0.0,0.0,0.0,0.0
2016-02-12,0.0,0.0,35.0,11.0,664.25,73.0,0.0,0.0,0.0,0.0
2016-02-13,0.0,0.0,12.68,3.0,22.6,6.0,0.0,0.0,0.0,0.0
2016-02-14,10.28,4.0,82.02,21.0,229.25,53.0,0.0,0.0,0.0,0.0
2016-02-15,0.91,2.0,10.54,6.0,103.7,27.0,0.0,0.0,0.0,0.0
2016-02-16,40.37,11.0,115.81,26.0,254.34,64.0,0.0,0.0,0.0,0.0
2016-02-17,16.18,3.0,45.47,11.0,173.04,46.0,0.0,0.0,0.0,0.0
2016-02-18,0.0,0.0,0.0,0.0,10.58,2.0,0.0,0.0,0.0,0.0
2016-02-19,0.0,0.0,0.0,0.0,0.0,0.0,0.0,0.0,0.0,0.0
2016-02-20,4.12,2.0,6.72,4.0,59.87,18.0,0.0,0.0,0.0,0.0
2016-02-21,8.55,3.0,48.38,14.0,107.82,29.0,0.0,0.0,0.0,0.0
2016-02-22,93.99,9.0,126.74,19.0,211.49,31.0,0.0,0.0,0.0,0.0
2016-02-23,13.41,4.0,44.28,14.0,145.4,37.0,0.0,0.0,0.0,0.0
2016-02-24,11.57,3.0,28.4,8.0,161.8,39.0,0.0,0.0,0.0,0.0
2016-02-25,10.3,3.0,24.89,9.0,418.48,70.0,0.0,0.0,0.0,0.0
2016-02-26,15.92,3.0,29.86,5.0,188.88,48.0,0.0,0.0,0.0,0.0
2016-02-27,5.81,2.0,36.84,7.0,170.63,44.0,0.0,0.0,0.0,0.0
2016-02-28,11.94,5.0,21.21,8.0,169.14,51.0,0.0,0.0,0.0,0.0
2016-02-29,0.84,1.0,14.47,3.0,189.33,18.0,0.0,0.0,0.0,0.0
2016-03-01,16.96,6.0,62.87,14.0,134.26,35.0,0.0,0.0,0.0,0.0
2016-03-02,0.42,1.0,31.92,8.0,86.37,26.0,0.0,0.0,0.0,0.0
2016-03-03,0.0,0.0,34.57,8.0,167.6,35.0,0.0,0.0,0.0,0.0
2016-03-04,0.0,0.0,7.88,2.0,87.08,27.0,0.0,0.0,0.0,0.0
2016-03-05,0.0,0.0,21.74,1.0,34.0,7.0,0.0,0.0,0.0,0.0
2016-03-06,0.65,1.0,0.65,1.0,11.04,8.0,0.0,0.0,0.0,0.0
2016-03-07,0.0,0.0,34.16,9.0,88.84,26.0,0.0,0.0,0.0,0.0
2016-03-08,7.66,1.0,44.14,7.0,163.21,28.0,0.0,0.0,0.0,0.0
2016-03-09,0.46,1.0,18.22,4.0,68.13,15.0,0.0,0.0,0.0,0.0
2016-03-10,0.0,0.0,8.08,3.0,20.71,8.0,0.0,0.0,0.0,0.0
2016-03-11,0.0,0.0,9.01,3.0,12.8,6.0,0.0,0.0,0.0,0.0
2016-03-12,0.0,0.0,2.16,1.0,9.93,5.0,0.0,0.0,0.0,0.0
2016-03-13,3.82,1.0,10.49,2.0,14.0,4.0,0.0,0.0,0.0,0.0
2016-03-14,0.0,0.0,0.0,0.0,8.41,2.0,0.0,0.0,0.0,0.0
2016-03-15,0.0,0.0,0.0,0.0,26.94,6.0,0.0,0.0,0.0,0.0
2016-03-16,0.63,1.0,3.43,2.0,18.37,5.0,0.0,0.0,0.0,0.0
2016-03-17,0.0,0.0,1.9,1.0,12.34,3.0,0.0,0.0,0.0,0.0
2016-03-18,3.55,3.0,15.54,6.0,110.07,19.0,0.0,0.0,0.0,0.0
2016-03-19,0.0,0.0,38.38,6.0,157.06,26.0,0.0,0.0,0.0,0.0
2016-03-20,0.0,0.0,4.82,2.0,23.24,7.0,0.0,0.0,0.0,0.0
2016-03-21,0.0,0.0,0.0,0.0,135.4,35.0,0.0,0.0,0.0,0.0
2016-03-22,13.99,1.0,19.12,4.0,143.18,36.0,0.0,0.0,0.0,0.0
2016-03-23,5.87,6.0,9.66,10.0,169.25,114.0,0.0,0.0,0.0,0.0
2016-03-24,3.25,1.0,3.25,1.0,172.93,39.0,0.0,0.0,0.0,0.0
2016-03-25,0.0,0.0,0.0,0.0,21.11,5.0,0.0,0.0,0.0,0.0
2016-03-26,0.0,0.0,0.0,0.0,2.34,2.0,0.0,0.0,0.0,0.0
2016-03-27,6.15,3.0,22.25,6.0,83.77,22.0,0.0,0.0,0.0,0.0
2016-03-28,18.52,5.0,33.22,8.0,155.62,37.0,0.0,0.0,0.0,0.0
2016-03-29,0.0,0.0,0.0,0.0,107.47,31.0,0.0,0.0,0.0,0.0
2016-03-30,0.0,0.0,0.0,0.0,43.77,12.0,0.0,0.0,0.0,0.0
2016-03-31,0.0,0.0,0.0,0.0,137.48,35.0,0.0,0.0,0.0,0.0
2016-04-01,3.25,1.0,4.06,2.0,75.99,29.0,0.0,0.0,0.0,0.0
2016-04-02,7.76,1.0,9.47,2.0,95.42,46.0,0.0,0.0,0.0,0.0
2016-04-03,0.0,0.0,0.42,1.0,44.18,22.0,0.0,0.0,0.0,0.0
2016-04-04,0.68,1.0,3.37,2.0,44.09,19.0,0.0,0.0,0.0,0.0
2016-04-05,0.0,0.0,4.6,1.0,21.79,7.0,0.0,0.0,0.0,0.0
2016-04-06,1.4,2.0,2.54,3.0,45.26,26.0,0.0,0.0,0.0,0.0
2016-04-07,16.84,5.0,30.41,9.0,429.04,112.0,0.0,0.0,0.0,0.0
2016-04-08,2.26,1.0,7.8,2.0,415.86,124.0,0.0,0.0,0.0,0.0
2016-04-09,2.88,1.0,5.92,2.0,385.99,86.0,0.0,0.0,0.0,0.0
2016-04-10,2.43,2.0,4.29,3.0,270.64,102.0,0.0,0.0,0.0,0.0
2016-04-11,1.56,2.0,24.46,10.0,353.74,107.0,0.0,0.0,0.0,0.0
2016-04-12,7.7,4.0,50.82,15.0,629.68,127.0,0.0,0.0,0.0,0.0
2016-04-13,7.95,2.0,65.36,14.0,740.11,183.0,0.0,0.0,0.0,0.0
2016-04-14,79.64,9.0,100.44,12.0,933.56,257.0,0.0,0.0,0.0,0.0
2016-04-15,1.41,2.0,219.0,15.0,625.25,150.0,0.0,0.0,0.0,0.0
2016-04-16,0.0,0.0,112.95,24.0,1011.05,163.0,0.0,0.0,0.0,0.0
2016-04-17,3.41,1.0,52.74,11.0,493.45,81.0,0.0,0.0,0.0,0.0
2016-04-18,3.1,3.0,170.12,30.0,645.63,190.0,0.0,0.0,0.0,0.0
2016-04-19,1.11,1.0,142.76,15.0,595.17,134.0,0.0,0.0,0.0,0.0
2016-04-20,214.97,20.0,688.67,70.0,1339.83,195.0,0.0,0.0,0.0,0.0
2016-04-21,126.02,21.0,380.69,73.0,1349.56,303.0,0.0,0.0,0.0,0.0
2016-04-22,131.96,16.0,530.43,81.0,1799.74,224.0,0.0,0.0,0.0,0.0
2016-04-23,91.84,12.0,582.26,73.0,1970.39,387.0,0.0,0.0,0.0,0.0
2016-04-24,107.72,15.0,871.09,90.0,3749.8,675.0,0.0,0.0,0.0,0.0
2016-04-25,117.26,10.0,610.43,66.0,3313.78,597.0,0.0,0.0,0.0,0.0
2016-04-26,133.63,19.0,986.02,144.0,5297.41,1032.0,0.0,0.0,0.0,0.0
2016-04-27,248.15,51.0,1067.69,224.0,8873.2,1469.0,0.0,0.0,0.0,0.0
2016-04-28,362.02,64.0,2067.32,265.0,8895.12,1287.0,0.0,0.0,0.0,0.0
2016-04-29,209.24,34.0,1312.46,169.0,7871.98,1062.0,0.0,0.0,0.0,0.0
2016-04-30,53.85,10.0,755.06,71.0,3289.29,393.0,0.0,0.0,0.0,0.0
2016-05-01,322.22,24.0,1202.69,105.0,5787.82,648.0,0.0,0.0,0.0,0.0
2016-05-02,59.61,10.0,724.56,100.0,3773.57,505.0,0.0,0.0,0.0,0.0
2016-05-03,4.47,1.0,4.47,1.0,94.08,30.0,0.0,0.0,0.0,0.0
2016-05-04,79.16,11.0,185.31,28.0,515.7,96.0,0.0,0.0,0.0,0.0
2016-05-05,0.0,0.0,2.02,1.0,36.33,14.0,0.0,0.0,0.0,0.0
2016-05-06,11.6,4.0,115.96,30.0,1106.02,226.0,0.0,0.0,0.0,0.0
2016-05-07,14.03,3.0,104.63,29.0,708.48,174.0,0.0,0.0,0.0,0.0
2016-05-08,16.11,3.0,99.47,18.0,371.36,68.0,0.0,0.0,0.0,0.0
2016-05-09,9.47,2.0,69.0,18.0,361.49,81.0,0.0,0.0,0.0,0.0
2016-05-10,4.55,2.0,75.52,18.0,350.8,94.0,0.0,0.0,0.0,0.0
2016-05-11,0.0,0.0,30.97,8.0,181.55,45.0,0.0,0.0,0.0,0.0
2016-05-12,20.29,5.0,87.6,23.0,273.87,88.0,0.0,0.0,0.0,0.0
2016-05-13,7.18,1.0,52.82,10.0,197.89,47.0,0.0,0.0,0.0,0.0
2016-05-14,7.17,1.0,52.64,11.0,324.04,63.0,0.0,0.0,0.0,0.0
2016-05-15,55.24,6.0,189.46,25.0,668.99,111.0,0.0,0.0,0.0,0.0
2016-05-16,38.3,1.0,40.78,2.0,287.68,48.0,0.0,0.0,0.0,0.0
2016-05-17,0.0,0.0,6.15,1.0,304.24,46.0,0.0,0.0,0.0,0.0
2016-05-18,14.22,2.0,53.58,9.0,223.96,43.0,0.0,0.0,0.0,0.0
2016-05-19,0.0,0.0,7.0,1.0,152.57,24.0,0.0,0.0,0.0,0.0
2016-05-20,0.0,0.0,24.09,6.0,82.38,27.0,0.0,0.0,0.0,0.0
2016-05-21,0.0,0.0,4.45,1.0,66.09,25.0,0.0,0.0,0.0,0.0
2016-05-22,0.0,0.0,26.96,7.0,104.51,23.0,0.0,0.0,0.0,0.0
2016-05-23,11.92,3.0,11.92,3.0,49.34,6.0,0.0,0.0,0.0,0.0
2016-05-24,0.0,0.0,0.0,0.0,1.27,1.0,0.0,0.0,0.0,0.0
2016-05-25,0.72,1.0,0.72,1.0,22.34,6.0,0.0,0.0,0.0,0.0
2016-05-26,0.0,0.0,0.0,0.0,15.81,5.0,0.0,0.0,0.0,0.0
2016-05-27,0.0,0.0,16.44,2.0,49.52,8.0,0.0,0.0,0.0,0.0
2016-05-28,0.0,0.0,0.65,1.0,5.21,4.0,0.0,0.0,0.0,0.0
2016-05-29,0.0,0.0,1.46,1.0,1.46,1.0,0.0,0.0,0.0,0.0
2016-05-30,0.54,1.0,0.54,1.0,3.37,3.0,0.0,0.0,0.0,0.0
2016-05-31,0.0,0.0,5.2,1.0,20.09,5.0,0.0,0.0,0.0,0.0
2016-06-01,0.0,0.0,0.0,0.0,0.0,0.0,0.0,0.0,0.0,0.0
2016-06-02,0.0,0.0,0.0,0.0,0.0,0.0,0.0,0.0,0.0,0.0
2016-06-03,0.0,0.0,0.0,0.0,0.0,0.0,0.0,0.0,0.0,0.0
2016-06-04,0.0,0.0,0.0,0.0,31.96,4.0,0.0,0.0,0.0,0.0
2016-06-05,0.0,0.0,10.12,1.0,65.82,12.0,0.0,0.0,0.0,0.0
2016-06-06,0.0,0.0,0.0,0.0,2.96,2.0,0.0,0.0,0.0,0.0
2016-06-07,0.0,0.0,9.65,5.0,11.41,8.0,0.0,0.0,0.0,0.0
2016-06-08,0.0,0.0,8.49,2.0,8.49,2.0,0.0,0.0,0.0,0.0
2016-06-09,2.39,1.0,2.39,1.0,2.39,1.0,0.0,0.0,0.0,0.0
2016-06-10,0.0,0.0,2.56,1.0,29.58,4.0,0.0,0.0,0.0,0.0
2016-06-11,0.0,0.0,0.0,0.0,9.88,5.0,0.0,0.0,0.0,0.0
2016-06-12,0.0,0.0,97.17,3.0,101.51,4.0,0.0,0.0,0.0,0.0
2016-06-13,0.0,0.0,0.0,0.0,2.49,2.0,0.0,0.0,0.0,0.0
2016-06-14,0.0,0.0,0.0,0.0,1.23,1.0,0.0,0.0,0.0,0.0
2016-06-15,0.0,0.0,0.0,0.0,0.0,0.0,0.0,0.0,0.0,0.0
2016-06-16,0.0,0.0,0.0,0.0,0.0,0.0,0.0,0.0,0.0,0.0
2016-06-17,0.0,0.0,0.0,0.0,0.0,0.0,0.0,0.0,0.0,0.0
2016-06-18,0.0,0.0,3.19,1.0,5.23,2.0,0.0,0.0,0.0,0.0
2016-06-19,0.0,0.0,0.0,0.0,0.0,0.0,0.0,0.0,0.0,0.0
2016-06-20,0.0,0.0,0.0,0.0,0.0,0.0,0.0,0.0,0.0,0.0
2016-06-21,0.0,0.0,0.0,0.0,3.56,1.0,0.0,0.0,0.0,0.0
2016-06-22,0.0,0.0,0.0,0.0,2.76,2.0,0.0,0.0,0.0,0.0
2016-06-23,0.0,0.0,0.0,0.0,1.17,1.0,0.0,0.0,0.0,0.0
2016-06-24,0.0,0.0,0.0,0.0,0.0,0.0,0.0,0.0,0.0,0.0
2016-06-25,0.0,0.0,0.0,0.0,11.67,2.0,0.0,0.0,0.0,0.0
2016-06-26,0.0,0.0,2.25,1.0,2.91,2.0,0.0,0.0,0.0,0.0
2016-06-27,0.0,0.0,0.0,0.0,0.0,0.0,0.0,0.0,0.0,0.0
2016-06-28,0.0,0.0,0.0,0.0,0.38,1.0,0.0,0.0,0.0,0.0
2016-06-29,0.0,0.0,0.0,0.0,0.0,0.0,0.0,0.0,0.0,0.0
2016-06-30,0.0,0.0,0.0,0.0,0.0,0.0,0.0,0.0,0.0,0.0
2016-07-01,0.0,0.0,0.0,0.0,0.0,0.0,0.0,0.0,0.0,0.0
2016-07-02,0.0,0.0,0.0,0.0,0.0,0.0,0.0,0.0,0.0,0.0
2016-07-03,0.0,0.0,0.0,0.0,0.0,0.0,0.0,0.0,0.0,0.0
2016-07-04,0.0,0.0,0.0,0.0,0.0,0.0,0.0,0.0,0.0,0.0
2016-07-05,0.0,0.0,0.0,0.0,0.0,0.0,0.0,0.0,0.0,0.0
2016-07-06,0.0,0.0,0.0,0.0,0.0,0.0,0.0,0.0,0.0,0.0
2016-07-07,0.62,1.0,0.62,1.0,0.62,1.0,0.0,0.0,0.0,0.0
2016-07-08,0.0,0.0,0.0,0.0,0.0,0.0,0.0,0.0,0.0,0.0
2016-07-09,2.73,1.0,2.73,1.0,2.73,1.0,0.0,0.0,0.0,0.0
2016-07-10,0.0,0.0,0.0,0.0,0.0,0.0,0.0,0.0,0.0,0.0
2016-07-11,0.0,0.0,0.0,0.0,0.0,0.0,0.0,0.0,0.0,0.0
2016-07-12,0.0,0.0,0.0,0.0,0.0,0.0,0.0,0.0,0.0,0.0
2016-07-13,0.0,0.0,0.0,0.0,0.0,0.0,0.0,0.0,0.0,0.0
2016-07-14,0.0,0.0,0.0,0.0,0.0,0.0,0.0,0.0,0.0,0.0
2016-07-15,0.0,0.0,0.0,0.0,0.0,0.0,0.0,0.0,0.0,0.0
2016-07-16,0.0,0.0,0.0,0.0,0.0,0.0,0.0,0.0,0.0,0.0
2016-07-17,0.0,0.0,0.0,0.0,0.0,0.0,0.0,0.0,0.0,0.0
2016-07-18,2.19,1.0,2.19,1.0,4.84,2.0,0.0,0.0,0.0,0.0
2016-07-19,0.0,0.0,0.0,0.0,0.0,0.0,0.0,0.0,0.0,0.0
2016-07-20,0.0,0.0,0.0,0.0,0.0,0.0,0.0,0.0,0.0,0.0
2016-07-21,0.0,0.0,0.0,0.0,0.0,0.0,0.0,0.0,0.0,0.0
2016-07-22,0.0,0.0,0.0,0.0,0.0,0.0,0.0,0.0,0.0,0.0
2016-07-23,0.0,0.0,0.0,0.0,0.0,0.0,0.0,0.0,0.0,0.0
2016-07-24,0.0,0.0,0.0,0.0,0.0,0.0,0.0,0.0,0.0,0.0
2016-07-25,0.0,0.0,0.0,0.0,0.0,0.0,0.0,0.0,0.0,0.0
2016-07-26,0.0,0.0,0.0,0.0,0.0,0.0,0.0,0.0,0.0,0.0
2016-07-27,0.0,0.0,0.0,0.0,0.0,0.0,0.0,0.0,0.0,0.0
2016-07-28,0.0,0.0,0.0,0.0,0.0,0.0,0.0,0.0,0.0,0.0
2016-07-29,0.0,0.0,0.0,0.0,0.0,0.0,0.0,0.0,0.0,0.0
2016-07-30,0.0,0.0,0.0,0.0,0.0,0.0,0.0,0.0,0.0,0.0
2016-07-31,0.0,0.0,0.0,0.0,0.0,0.0,0.0,0.0,0.0,0.0
2016-08-01,0.0,0.0,0.0,0.0,0.0,0.0,0.0,0.0,0.0,0.0
2016-08-02,0.0,0.0,0.0,0.0,0.0,0.0,0.0,0.0,0.0,0.0
2016-08-03,0.0,0.0,0.0,0.0,0.86,1.0,0.0,0.0,0.0,0.0
2016-08-04,0.0,0.0,2.09,1.0,5.65,2.0,0.0,0.0,0.0,0.0
2016-08-05,0.0,0.0,0.0,0.0,0.0,0.0,0.0,0.0,0.0,0.0
2016-08-06,0.0,0.0,2.45,1.0,3.46,2.0,0.0,0.0,0.0,0.0
2016-08-07,0.0,0.0,0.0,0.0,0.0,0.0,0.0,0.0,0.0,0.0
2016-08-08,0.0,0.0,0.0,0.0,0.0,0.0,0.0,0.0,0.0,0.0
2016-08-09,0.0,0.0,0.0,0.0,0.0,0.0,0.0,0.0,0.0,0.0
2016-08-10,0.0,0.0,0.0,0.0,0.0,0.0,0.0,0.0,0.0,0.0
2016-08-11,0.0,0.0,0.0,0.0,0.0,0.0,0.0,0.0,0.0,0.0
2016-08-12,0.0,0.0,0.0,0.0,0.0,0.0,0.0,0.0,0.0,0.0
2016-08-13,0.0,0.0,0.0,0.0,0.0,0.0,0.0,0.0,0.0,0.0
2016-08-14,0.0,0.0,0.0,0.0,0.0,0.0,0.0,0.0,0.0,0.0
2016-08-15,0.0,0.0,0.0,0.0,0.0,0.0,0.0,0.0,0.0,0.0
2016-08-16,0.0,0.0,0.93,1.0,0.93,1.0,0.0,0.0,0.0,0.0
2016-08-17,0.0,0.0,0.0,0.0,0.0,0.0,0.0,0.0,0.0,0.0
2016-08-18,0.0,0.0,1.47,1.0,1.47,1.0,0.0,0.0,0.0,0.0
2016-08-19,0.0,0.0,0.0,0.0,2.38,2.0,0.0,0.0,0.0,0.0
2016-08-20,0.0,0.0,2.88,1.0,2.88,1.0,0.0,0.0,0.0,0.0
2016-08-21,0.0,0.0,0.0,0.0,0.0,0.0,0.0,0.0,0.0,0.0
2016-08-22,0.0,0.0,0.0,0.0,0.0,0.0,0.0,0.0,0.0,0.0
2016-08-23,0.0,0.0,0.0,0.0,0.0,0.0,0.0,0.0,0.0,0.0
2016-08-24,0.0,0.0,0.0,0.0,0.0,0.0,0.0,0.0,0.0,0.0
2016-08-25,0.0,0.0,0.0,0.0,0.0,0.0,0.0,0.0,0.0,0.0
2016-08-26,4.38,1.0,4.38,1.0,8.19,2.0,0.0,0.0,0.0,0.0
2016-08-27,0.0,0.0,0.0,0.0,0.0,0.0,0.0,0.0,0.0,0.0
2016-08-28,0.0,0.0,0.0,0.0,0.0,0.0,0.0,0.0,0.0,0.0
2016-08-29,0.0,0.0,0.0,0.0,0.0,0.0,0.0,0.0,0.0,0.0
2016-08-30,0.0,0.0,0.0,0.0,0.0,0.0,0.0,0.0,0.0,0.0
2016-08-31,0.0,0.0,0.0,0.0,0.0,0.0,0.0,0.0,0.0,0.0
2016-09-01,0.0,0.0,0.0,0.0,0.0,0.0,0.0,0.0,0.0,0.0
2016-09-02,0.0,0.0,0.0,0.0,0.0,0.0,0.0,0.0,0.0,0.0
2016-09-03,0.0,0.0,0.0,0.0,5.68,2.0,0.0,0.0,0.0,0.0
2016-09-04,3.63,2.0,3.63,2.0,17.63,6.0,0.0,0.0,0.0,0.0
2016-09-05,9.46,2.0,9.46,2.0,9.46,2.0,0.0,0.0,0.0,0.0
2016-09-06,0.0,0.0,18.79,5.0,18.79,5.0,0.0,0.0,0.0,0.0
2016-09-07,0.0,0.0,0.0,0.0,0.0,0.0,0.0,0.0,0.0,0.0
2016-09-08,1.91,1.0,10.56,4.0,10.56,4.0,0.0,0.0,0.0,0.0
2016-09-09,0.0,0.0,0.0,0.0,0.0,0.0,0.0,0.0,0.0,0.0
2016-09-10,7.68,2.0,8.08,3.0,8.08,3.0,0.0,0.0,0.0,0.0
2016-09-11,1.54,1.0,1.54,1.0,4.91,2.0,0.0,0.0,0.0,0.0
2016-09-12,0.53,1.0,0.53,1.0,3.65,2.0,0.0,0.0,0.0,0.0
2016-09-13,0.0,0.0,2.21,1.0,8.44,2.0,0.0,0.0,0.0,0.0
2016-09-14,7.14,3.0,7.14,3.0,7.14,3.0,0.0,0.0,0.0,0.0
2016-09-15,2.62,1.0,6.3,3.0,22.84,9.0,0.0,0.0,0.0,0.0
2016-09-16,0.0,0.0,0.0,0.0,23.48,4.0,0.0,0.0,0.0,0.0
2016-09-17,0.0,0.0,0.0,0.0,9.33,1.0,0.0,0.0,0.0,0.0
2016-09-18,0.0,0.0,0.0,0.0,26.11,6.0,0.0,0.0,0.0,0.0
2016-09-19,0.0,0.0,0.0,0.0,38.68,7.0,0.0,0.0,0.0,0.0
2016-09-20,0.0,0.0,7.24,2.0,52.08,15.0,0.0,0.0,0.0,0.0
2016-09-21,0.0,0.0,2.95,1.0,8.0,2.0,0.0,0.0,0.0,0.0
2016-09-22,0.0,0.0,0.0,0.0,11.51,3.0,0.0,0.0,0.0,0.0
2016-09-23,0.0,0.0,0.0,0.0,0.0,0.0,0.0,0.0,0.0,0.0
2016-09-24,0.0,0.0,4.06,1.0,34.85,10.0,0.0,0.0,0.0,0.0
2016-09-25,1.38,2.0,1.38,2.0,103.11,29.0,0.0,0.0,0.0,0.0
2016-09-26,3.24,2.0,5.97,3.0,29.34,11.0,0.0,0.0,0.0,0.0
2016-09-27,5.97,1.0,13.91,4.0,24.54,5.0,0.0,0.0,0.0,0.0
2016-09-28,1.47,1.0,4.9,3.0,19.74,6.0,0.0,0.0,0.0,0.0
2016-09-29,0.0,0.0,0.0,0.0,60.33,10.0,0.0,0.0,0.0,0.0
2016-09-30,2.92,2.0,2.92,2.0,103.15,27.0,0.0,0.0,0.0,0.0
2016-10-01,2.33,1.0,9.44,4.0,240.68,59.0,0.0,0.0,0.0,0.0
2016-10-02,0.0,0.0,0.0,0.0,118.09,21.0,0.0,0.0,0.0,0.0
2016-10-03,0.0,0.0,3.94,2.0,84.01,21.0,0.0,0.0,0.0,0.0
2016-10-04,0.0,0.0,0.0,0.0,30.66,7.0,0.0,0.0,0.0,0.0
2016-10-05,0.0,0.0,0.0,0.0,88.8,16.0,0.0,0.0,0.0,0.0
2016-10-06,0.0,0.0,14.44,5.0,496.85,121.0,0.0,0.0,0.0,0.0
2016-10-07,0.0,0.0,13.54,4.0,682.29,141.0,0.0,0.0,0.0,0.0
2016-10-08,4.02,2.0,42.56,8.0,469.98,72.0,0.0,0.0,0.0,0.0
2016-10-09,16.51,1.0,22.57,3.0,656.07,130.0,0.0,0.0,0.0,0.0
2016-10-10,0.0,0.0,53.76,9.0,1047.12,204.0,0.0,0.0,0.0,0.0
2016-10-11,8.92,3.0,48.08,14.0,1848.5,361.0,0.0,0.0,0.0,0.0
2016-10-12,5.95,2.0,52.16,14.0,1797.22,352.0,0.0,0.0,0.0,0.0
2016-10-13,13.94,5.0,91.18,22.0,1844.86,328.0,0.0,0.0,0.0,0.0
2016-10-14,5.08,3.0,16.61,8.0,2013.66,361.0,0.0,0.0,0.0,0.0
2016-10-15,0.0,0.0,33.18,8.0,2003.93,287.0,0.0,0.0,0.0,0.0
2016-10-16,24.01,7.0,196.22,37.0,2938.91,493.0,0.0,0.0,0.0,0.0
2016-10-17,10.92,2.0,138.2,33.0,2284.38,482.0,0.0,0.0,0.0,0.0
2016-10-18,5.43,2.0,93.19,18.0,1993.18,334.0,0.0,0.0,0.0,0.0
2016-10-19,0.0,0.0,44.41,14.0,1430.61,288.0,0.0,0.0,0.0,0.0
2016-10-20,3.2,1.0,99.79,23.0,1432.46,289.0,0.0,0.0,0.0,0.0
2016-10-21,22.33,8.0,97.49,23.0,2326.78,348.0,0.0,0.0,0.0,0.0
2016-10-22,5.93,2.0,177.41,44.0,2895.46,555.0,0.0,0.0,0.0,0.0
2016-10-23,7.16,2.0,172.92,38.0,3135.25,504.0,0.0,0.0,0.0,0.0
2016-10-24,0.0,0.0,97.53,13.0,2080.98,257.0,0.0,0.0,0.0,0.0
2016-10-25,7.06,1.0,76.15,12.0,2085.57,348.0,0.0,0.0,0.0,0.0
2016-10-26,3.95,2.0,501.76,29.0,4272.73,570.0,0.0,0.0,0.0,0.0
2016-10-27,17.86,9.0,508.33,79.0,5492.12,776.0,0.0,0.0,0.0,0.0
2016-10-28,10.89,3.0,271.88,66.0,4865.03,743.0,0.0,0.0,0.0,0.0
2016-10-29,5.74,2.0,172.99,37.0,3778.59,540.0,0.0,0.0,0.0,0.0
2016-10-30,7.32,7.0,173.85,43.0,2507.36,381.0,0.0,0.0,0.0,0.0
2016-10-31,37.67,8.0,270.97,51.0,8206.4,993.0,0.0,0.0,0.0,0.0
2016-11-01,5.87,1.0,339.76,56.0,6333.8,946.0,0.0,0.0,0.0,0.0
2016-11-02,13.23,5.0,134.51,43.0,3751.04,707.0,0.0,0.0,0.0,0.0
2016-11-03,29.26,6.0,407.48,59.0,5374.15,825.0,0.0,0.0,0.0,0.0
2016-11-04,17.1,3.0,66.32,19.0,2406.47,427.0,0.0,0.0,0.0,0.0
2016-11-05,6.7,3.0,75.47,22.0,2252.61,469.0,0.0,0.0,0.0,0.0
2016-11-06,0.78,2.0,153.42,34.0,3344.34,563.0,0.0,0.0,0.0,0.0
2016-11-07,21.33,5.0,168.03,55.0,7072.02,1122.0,0.0,0.0,0.0,0.0
2016-11-08,15.99,5.0,262.01,50.0,3486.12,520.0,0.0,0.0,0.0,0.0
2016-11-09,1.78,3.0,71.64,19.0,2609.25,330.0,0.0,0.0,0.0,0.0
2016-11-10,9.03,3.0,38.86,10.0,1816.13,328.0,0.0,0.0,0.0,0.0
2016-11-11,10.63,4.0,110.79,21.0,2806.01,417.0,0.0,0.0,0.0,0.0
2016-11-12,17.39,7.0,110.45,39.0,2294.52,404.0,0.0,0.0,0.0,0.0
2016-11-13,26.36,8.0,135.23,45.0,1551.33,280.0,0.0,0.0,0.0,0.0
2016-11-14,8.2,3.0,38.1,16.0,613.31,117.0,0.0,0.0,0.0,0.0
2016-11-15,2.78,1.0,21.19,9.0,307.45,68.0,0.0,0.0,0.0,0.0
2016-11-16,0.0,0.0,61.95,16.0,783.93,128.0,0.0,0.0,0.0,0.0
2016-11-17,32.13,3.0,80.91,20.0,660.25,125.0,0.0,0.0,0.0,0.0
2016-11-18,3.8,1.0,112.09,39.0,559.91,130.0,0.0,0.0,0.0,0.0
2016-11-19,9.16,5.0,59.5,19.0,211.47,61.0,0.0,0.0,0.0,0.0
2016-11-20,13.4,5.0,51.4,16.0,282.14,52.0,0.0,0.0,0.0,0.0
2016-11-21,16.46,6.0,63.48,21.0,211.25,61.0,0.0,0.0,0.0,0.0
2016-11-22,7.18,5.0,49.9,19.0,223.3,50.0,0.0,0.0,0.0,0.0
2016-11-23,50.45,14.0,126.71,41.0,262.07,85.0,0.0,0.0,0.0,0.0
2016-11-24,15.46,4.0,105.8,31.0,343.1,80.0,0.0,0.0,0.0,0.0
2016-11-25,31.0,6.0,67.34,14.0,201.98,40.0,0.0,0.0,0.0,0.0
2016-11-26,8.79,2.0,37.43,12.0,83.74,25.0,0.0,0.0,0.0,0.0
2016-11-27,48.52,7.0,82.14,15.0,173.12,36.0,0.0,0.0,0.0,0.0
2016-11-28,28.68,4.0,105.95,24.0,175.07,46.0,0.0,0.0,0.0,0.0
2016-11-29,45.49,14.0,188.05,60.0,353.83,122.0,0.0,0.0,0.0,0.0
2016-11-30,45.08,11.0,129.1,33.0,236.56,64.0,0.0,0.0,0.0,0.0
2016-12-01,14.62,4.0,75.65,21.0,147.32,47.0,0.0,0.0,0.0,0.0
2016-12-02,30.77,13.0,51.8,22.0,124.83,47.0,0.0,0.0,0.0,0.0
2016-12-03,52.31,13.0,155.47,46.0,261.64,78.0,0.0,0.0,0.0,0.0
2016-12-04,42.83,9.0,176.74,48.0,380.02,120.0,0.0,0.0,0.0,0.0
2016-12-05,8.2,3.0,100.06,30.0,234.4,68.0,0.0,0.0,0.0,0.0
2016-12-06,18.46,6.0,24.88,9.0,56.46,16.0,0.0,0.0,0.0,0.0
2016-12-07,6.76,3.0,34.31,12.0,54.48,20.0,0.0,0.0,0.0,0.0
2016-12-08,37.05,11.0,61.66,19.0,121.91,34.0,0.0,0.0,0.0,0.0
2016-12-09,29.74,11.0,118.6,39.0,195.07,66.0,0.0,0.0,0.0,0.0
2016-12-10,0.75,1.0,0.75,1.0,0.75,1.0,0.0,0.0,0.0,0.0
2016-12-11,14.57,10.0,95.95,29.0,162.69,45.0,0.0,0.0,0.0,0.0
2016-12-12,3.98,2.0,80.47,23.0,109.14,34.0,0.0,0.0,0.0,0.0
2016-12-13,37.77,7.0,109.96,25.0,225.07,54.0,0.0,0.0,0.0,0.0
2016-12-14,41.05,13.0,196.68,60.0,351.35,105.0,0.0,0.0,0.0,0.0
2016-12-15,26.91,9.0,123.27,37.0,279.07,89.0,0.0,0.0,0.0,0.0
2016-12-16,54.15,11.0,180.37,47.0,257.5,68.0,0.0,0.0,0.0,0.0
2016-12-17,13.35,6.0,65.22,23.0,160.53,51.0,0.0,0.0,0.0,0.0
2016-12-18,50.53,12.0,190.03,57.0,323.02,100.0,0.0,0.0,0.0,0.0
2016-12-19,22.28,6.0,123.34,31.0,276.47,74.0,0.0,0.0,0.0,0.0
2016-12-20,36.77,10.0,118.09,42.0,221.33,76.0,0.0,0.0,0.0,0.0
2016-12-21,2.41,1.0,87.05,19.0,247.43,59.0,0.0,0.0,0.0,0.0
2016-12-22,18.67,6.0,84.78,21.0,143.02,32.0,0.0,0.0,0.0,0.0
2016-12-23,33.02,11.0,159.38,49.0,270.96,76.0,0.0,0.0,0.0,0.0
2016-12-24,36.87,12.0,136.85,42.0,256.6,78.0,0.0,0.0,0.0,0.0
2016-12-25,45.95,12.0,248.08,66.0,335.7,92.0,0.0,0.0,0.0,0.0
2016-12-26,32.42,8.0,100.67,31.0,176.11,61.0,0.0,0.0,0.0,0.0
2016-12-27,20.99,7.0,88.88,25.0,165.21,45.0,0.0,0.0,0.0,0.0
2016-12-28,13.91,5.0,30.42,11.0,75.36,25.0,0.0,0.0,0.0,0.0
2016-12-29,0.0,0.0,27.86,6.0,37.41,8.0,0.0,0.0,0.0,0.0
2016-12-30,41.12,13.0,182.5,51.0,321.09,93.0,0.0,0.0,0.0,0.0
2016-12-31,17.11,7.0,84.8,26.0,157.03,45.0,0.0,0.0,0.0,0.0
2017-01-01,21.77,6.0,92.31,26.0,226.77,60.0,0.0,0.0,0.0,0.0
2017-01-02,16.96,7.0,134.02,41.0,194.01,59.0,0.0,0.0,0.0,0.0
2017-01-03,4.67,4.0,66.46,23.0,165.61,55.0,0.0,0.0,0.0,0.0
2017-01-04,34.11,8.0,166.25,40.0,364.73,92.0,0.0,0.0,0.0,0.0
2017-01-05,50.48,17.0,204.69,70.0,300.78,103.0,0.0,0.0,0.0,0.0
2017-01-06,8.37,3.0,32.23,9.0,88.75,18.0,0.0,0.0,0.0,0.0
2017-01-07,0.0,0.0,0.0,0.0,0.0,0.0,0.0,0.0,0.0,0.0
2017-01-08,0.0,0.0,3.68,1.0,3.68,1.0,0.0,0.0,0.0,0.0
2017-01-09,5.61,2.0,34.75,9.0,40.24,12.0,0.0,0.0,0.0,0.0
2017-01-10,14.6,7.0,51.69,18.0,149.21,42.0,0.0,0.0,0.0,0.0
2017-01-11,17.7,5.0,62.41,15.0,175.14,48.0,0.0,0.0,0.0,0.0
2017-01-12,0.0,0.0,15.54,6.0,91.76,24.0,0.0,0.0,0.0,0.0
2017-01-13,6.21,3.0,48.14,17.0,105.27,34.0,0.0,0.0,0.0,0.0
2017-01-14,7.6,2.0,73.64,15.0,133.27,32.0,0.0,0.0,0.0,0.0
2017-01-15,34.98,8.0,140.7,38.0,263.24,74.0,0.0,0.0,0.0,0.0
2017-01-16,45.75,20.0,124.3,41.0,171.24,60.0,0.0,0.0,0.0,0.0
2017-01-17,5.56,2.0,10.52,3.0,29.16,8.0,0.0,0.0,0.0,0.0
2017-01-18,5.33,2.0,48.03,13.0,76.42,20.0,0.0,0.0,0.0,0.0
2017-01-19,5.05,3.0,46.77,13.0,143.45,40.0,0.0,0.0,0.0,0.0
2017-01-20,8.76,3.0,21.17,7.0,86.44,18.0,0.0,0.0,0.0,0.0
2017-01-21,6.18,3.0,35.13,12.0,85.03,23.0,0.0,0.0,0.0,0.0
2017-01-22,68.6,11.0,136.87,25.0,245.74,51.0,0.0,0.0,0.0,0.0
2017-01-23,0.0,0.0,23.49,6.0,70.84,17.0,0.0,0.0,0.0,0.0
2017-01-24,61.18,14.0,95.89,26.0,153.55,41.0,0.0,0.0,0.0,0.0
2017-01-25,11.64,1.0,16.96,2.0,16.96,2.0,0.0,0.0,0.0,0.0
2017-01-26,0.0,0.0,9.1,1.0,32.88,9.0,0.0,0.0,0.0,0.0
2017-01-27,0.0,0.0,0.0,0.0,1.08,1.0,0.0,0.0,0.0,0.0
2017-01-28,0.0,0.0,0.0,0.0,0.0,0.0,0.0,0.0,0.0,0.0
2017-01-29,0.0,0.0,0.0,0.0,0.55,1.0,0.0,0.0,0.0,0.0
2017-01-30,0.0,0.0,0.0,0.0,15.74,5.0,0.0,0.0,0.0,0.0
2017-01-31,14.05,4.0,39.02,11.0,97.16,28.0,0.0,0.0,0.0,0.0
2017-02-01,8.48,3.0,30.06,13.0,80.33,31.0,0.0,0.0,0.0,0.0
2017-02-02,15.42,4.0,96.13,20.0,106.7,23.0,0.0,0.0,0.0,0.0
2017-02-03,5.8,1.0,52.19,13.0,138.82,27.0,0.0,0.0,0.0,0.0
2017-02-04,0.0,0.0,0.0,0.0,14.84,4.0,0.0,0.0,0.0,0.0
2017-02-05,5.55,5.0,87.71,16.0,123.83,24.0,0.0,0.0,0.0,0.0
2017-02-06,14.86,5.0,71.55,18.0,178.82,46.0,0.0,0.0,0.0,0.0
2017-02-07,27.3,3.0,55.78,12.0,126.93,28.0,0.0,0.0,0.0,0.0
2017-02-08,42.22,7.0,137.43,33.0,221.57,53.0,0.0,0.0,0.0,0.0
2017-02-09,18.05,3.0,70.65,17.0,210.25,46.0,0.0,0.0,0.0,0.0
2017-02-10,0.0,0.0,39.26,12.0,213.44,50.0,0.0,0.0,0.0,0.0
2017-02-11,57.24,17.0,166.62,46.0,297.21,90.0,0.0,0.0,0.0,0.0
2017-02-12,35.05,8.0,169.35,44.0,373.02,99.0,0.0,0.0,0.0,0.0
2017-02-13,7.68,3.0,50.74,13.0,117.3,34.0,0.0,0.0,0.0,0.0
2017-02-14,5.46,2.0,32.03,11.0,82.86,24.0,0.0,0.0,0.0,0.0
2017-02-15,4.14,1.0,41.59,10.0,88.53,27.0,0.0,0.0,0.0,0.0
2017-02-16,12.44,5.0,64.6,19.0,194.91,51.0,0.0,0.0,0.0,0.0
2017-02-17,5.99,2.0,20.94,8.0,83.22,30.0,0.0,0.0,0.0,0.0
2017-02-18,2.91,1.0,40.9,10.0,129.98,28.0,0.0,0.0,0.0,0.0
2017-02-19,13.39,5.0,35.82,12.0,82.44,30.0,0.0,0.0,0.0,0.0
2017-02-20,1.15,2.0,7.74,4.0,46.85,15.0,0.0,0.0,0.0,0.0
2017-02-21,18.95,5.0,61.91,15.0,92.54,21.0,0.0,0.0,0.0,0.0
2017-02-22,34.12,7.0,77.67,22.0,150.34,48.0,0.0,0.0,0.0,0.0
2017-02-23,93.03,7.0,114.06,13.0,195.45,35.0,0.0,0.0,0.0,0.0
2017-02-24,2.74,2.0,27.16,8.0,65.27,20.0,0.0,0.0,0.0,0.0
2017-02-25,0.0,0.0,33.09,8.0,153.67,25.0,0.0,0.0,0.0,0.0
2017-02-26,36.3,7.0,56.95,15.0,148.84,38.0,0.0,0.0,0.0,0.0
2017-02-27,4.61,3.0,40.04,14.0,154.99,40.0,0.0,0.0,0.0,0.0
2017-02-28,0.0,0.0,59.79,10.0,104.33,22.0,0.0,0.0,0.0,0.0
2017-03-01,0.0,0.0,10.96,3.0,69.71,15.0,0.0,0.0,0.0,0.0
2017-03-02,2.53,1.0,24.64,8.0,83.48,19.0,0.0,0.0,0.0,0.0
2017-03-03,0.57,1.0,0.57,1.0,17.6,5.0,0.0,0.0,0.0,0.0
2017-03-04,18.94,7.0,37.36,13.0,132.0,35.0,0.0,0.0,0.0,0.0
2017-03-05,3.4,2.0,116.8,20.0,330.02,56.0,0.0,0.0,0.0,0.0
2017-03-06,7.73,6.0,55.99,14.0,160.0,41.0,0.0,0.0,0.0,0.0
2017-03-07,0.0,0.0,18.01,6.0,63.89,18.0,0.0,0.0,0.0,0.0
2017-03-08,0.0,0.0,0.0,0.0,0.0,0.0,0.0,0.0,0.0,0.0
2017-03-09,2.12,2.0,10.16,7.0,72.83,22.0,0.0,0.0,0.0,0.0
2017-03-10,5.21,4.0,5.21,4.0,40.13,18.0,0.0,0.0,0.0,0.0
2017-03-11,0.0,0.0,6.11,1.0,6.71,2.0,0.0,0.0,0.0,0.0
2017-03-12,7.33,4.0,11.24,7.0,44.65,16.0,0.0,0.0,0.0,0.0
2017-03-13,3.21,1.0,39.57,9.0,49.47,13.0,0.0,0.0,0.0,0.0
2017-03-14,20.78,5.0,46.87,10.0,78.09,22.0,0.0,0.0,0.0,0.0
2017-03-15,12.26,4.0,30.58,9.0,183.15,45.0,0.0,0.0,0.0,0.0
2017-03-16,8.93,2.0,19.6,5.0,27.95,11.0,0.0,0.0,0.0,0.0
2017-03-17,6.7,3.0,53.72,10.0,104.89,24.0,0.0,0.0,0.0,0.0
2017-03-18,3.3,2.0,9.49,4.0,48.06,14.0,0.0,0.0,0.0,0.0
2017-03-19,6.91,3.0,6.91,3.0,18.4,10.0,0.0,0.0,0.0,0.0
2017-03-20,0.0,0.0,0.4,1.0,52.26,8.0,0.0,0.0,0.0,0.0
2017-03-21,11.3,4.0,26.32,8.0,122.62,36.0,0.0,0.0,0.0,0.0
2017-03-22,3.71,1.0,17.86,5.0,57.45,14.0,0.0,0.0,0.0,0.0
2017-03-23,0.0,0.0,23.76,6.0,48.52,14.0,0.0,0.0,0.0,0.0
2017-03-24,2.24,1.0,6.78,2.0,54.19,14.0,0.0,0.0,0.0,0.0
2017-03-25,1.72,2.0,16.61,6.0,86.99,28.0,0.0,0.0,0.0,0.0
2017-03-26,0.0,0.0,21.44,4.0,153.27,28.0,0.0,0.0,0.0,0.0
2017-03-27,17.46,1.0,28.17,4.0,43.4,9.0,0.0,0.0,0.0,0.0
2017-03-28,0.0,0.0,23.38,4.0,64.79,8.0,0.0,0.0,0.0,0.0
2017-03-29,4.25,3.0,6.63,4.0,27.33,13.0,0.0,0.0,0.0,0.0
2017-03-30,3.54,1.0,3.54,1.0,156.35,48.0,0.0,0.0,0.0,0.0
2017-03-31,0.0,0.0,33.59,8.0,240.89,86.0,0.0,0.0,0.0,0.0
2017-04-01,2.78,1.0,15.69,5.0,227.44,63.0,0.0,0.0,0.0,0.0
2017-04-02,0.0,0.0,11.95,3.0,287.34,84.0,0.0,0.0,0.0,0.0
2017-04-03,12.76,4.0,35.61,9.0,361.08,112.0,0.0,0.0,0.0,0.0
2017-04-04,4.05,1.0,12.19,2.0,29.22,6.0,0.0,0.0,0.0,0.0
2017-04-05,0.0,0.0,48.49,9.0,53.63,11.0,0.0,0.0,0.0,0.0
2017-04-06,3.71,2.0,38.12,7.0,77.63,18.0,0.0,0.0,0.0,0.0
2017-04-07,1.73,2.0,18.81,6.0,48.88,17.0,0.0,0.0,0.0,0.0
2017-04-08,0.0,0.0,7.59,4.0,77.06,26.0,0.0,0.0,0.0,0.0
2017-04-09,4.64,2.0,72.89,21.0,307.15,76.0,0.0,0.0,0.0,0.0
2017-04-10,40.82,5.0,222.17,22.0,524.62,76.0,0.0,0.0,0.0,0.0
2017-04-11,7.42,4.0,24.46,14.0,165.08,50.0,0.0,0.0,0.0,0.0
2017-04-12,8.02,4.0,24.63,9.0,109.39,35.0,0.0,0.0,0.0,0.0
2017-04-13,8.02,3.0,21.85,6.0,106.87,23.0,0.0,0.0,0.0,0.0
2017-04-14,0.0,0.0,78.05,15.0,210.77,29.0,0.0,0.0,0.0,0.0
2017-04-15,39.75,6.0,183.91,26.0,234.02,42.0,0.0,0.0,0.0,0.0
2017-04-16,3.31,2.0,13.99,6.0,89.5,20.0,0.0,0.0,0.0,0.0
2017-04-17,3.88,1.0,56.99,6.0,114.19,22.0,0.0,0.0,0.0,0.0
2017-04-18,302.35,10.0,397.67,30.0,710.54,55.0,0.0,0.0,0.0,0.0
2017-04-19,4.11,1.0,112.22,27.0,527.3,70.0,0.0,0.0,0.0,0.0
2017-04-20,42.61,6.0,216.17,35.0,314.6,53.0,0.0,0.0,0.0,0.0
2017-04-21,21.74,4.0,238.33,42.0,330.07,73.0,0.0,0.0,0.0,0.0
2017-04-22,0.0,0.0,25.47,6.0,54.76,16.0,0.0,0.0,0.0,0.0
2017-04-23,39.8,6.0,180.1,38.0,353.44,64.0,0.0,0.0,0.0,0.0
2017-04-24,75.64,15.0,335.18,93.0,478.35,124.0,0.0,0.0,0.0,0.0
2017-04-25,67.5,16.0,270.27,51.0,963.69,185.0,0.0,0.0,0.0,0.0
2017-04-26,112.99,17.0,826.21,87.0,1570.25,256.0,0.0,0.0,0.0,0.0
2017-04-27,53.29,10.0,309.86,43.0,660.49,123.0,0.0,0.0,0.0,0.0
2017-04-28,2.24,2.0,26.45,14.0,483.9,112.0,0.0,0.0,0.0,0.0
2017-04-29,6.23,5.0,296.58,64.0,801.77,172.0,0.0,0.0,0.0,0.0
2017-04-30,136.64,32.0,494.38,109.0,883.98,216.0,0.0,0.0,0.0,0.0
2017-05-01,215.59,32.0,1284.79,158.0,3401.86,379.0,0.0,0.0,0.0,0.0
2017-05-02,595.55,60.0,2452.53,278.0,4223.16,542.0,0.0,0.0,0.0,0.0
2017-05-03,6.12,1.0,73.98,9.0,351.84,29.0,0.0,0.0,0.0,0.0
2017-05-04,205.96,23.0,941.49,124.0,2222.83,372.0,0.0,0.0,0.0,0.0
2017-05-05,255.48,46.0,958.27,183.0,3764.35,729.0,0.0,0.0,0.0,0.0
2017-05-06,322.86,35.0,1218.41,149.0,2934.18,445.0,0.0,0.0,0.0,0.0
2017-05-07,352.45,30.0,1151.24,124.0,3328.16,444.0,0.0,0.0,0.0,0.0
2017-05-08,24.85,4.0,157.97,32.0,740.75,148.0,0.0,0.0,0.0,0.0
2017-05-09,46.27,10.0,325.8,58.0,969.94,194.0,0.0,0.0,0.0,0.0
2017-05-10,16.14,7.0,165.55,41.0,514.06,120.0,0.0,0.0,0.0,0.0
2017-05-11,41.81,7.0,96.94,22.0,614.21,101.0,0.0,0.0,0.0,0.0
2017-05-12,31.87,5.0,218.93,41.0,510.19,99.0,0.0,0.0,0.0,0.0
2017-05-13,17.56,3.0,121.86,28.0,703.79,129.0,0.0,0.0,0.0,0.0
2017-05-14,81.73,11.0,299.44,30.0,1297.23,156.0,0.0,0.0,0.0,0.0
2017-05-15,9.97,2.0,67.47,17.0,410.27,94.0,0.0,0.0,0.0,0.0
2017-05-16,7.38,2.0,34.31,10.0,302.87,68.0,0.0,0.0,0.0,0.0
2017-05-17,29.88,5.0,62.67,12.0,265.58,48.0,0.0,0.0,0.0,0.0
2017-05-18,25.34,4.0,63.13,9.0,512.72,93.0,0.0,0.0,0.0,0.0
2017-05-19,3.1,2.0,66.34,10.0,564.14,84.0,0.0,0.0,0.0,0.0
2017-05-20,0.0,0.0,27.94,7.0,584.27,55.0,0.0,0.0,0.0,0.0
2017-05-21,0.0,0.0,16.66,4.0,41.43,12.0,0.0,0.0,0.0,0.0
2017-05-22,0.0,0.0,0.0,0.0,30.86,9.0,0.0,0.0,0.0,0.0
2017-05-23,12.28,2.0,59.53,10.0,438.47,69.0,0.0,0.0,0.0,0.0
2017-05-24,7.98,1.0,11.49,2.0,138.62,26.0,0.0,0.0,0.0,0.0
2017-05-25,0.0,0.0,9.2,2.0,168.22,34.0,0.0,0.0,0.0,0.0
2017-05-26,0.0,0.0,20.05,5.0,99.89,24.0,0.0,0.0,0.0,0.0
2017-05-27,0.0,0.0,14.39,3.0,28.44,7.0,0.0,0.0,0.0,0.0
2017-05-28,2.36,2.0,14.44,5.0,93.65,26.0,0.0,0.0,0.0,0.0
2017-05-29,0.0,0.0,0.0,0.0,20.42,2.0,0.0,0.0,0.0,0.0
2017-05-30,1.75,1.0,22.05,6.0,106.1,21.0,0.0,0.0,0.0,0.0
2017-05-31,0.0,0.0,0.0,0.0,11.71,4.0,0.0,0.0,0.0,0.0
2017-06-01,0.0,0.0,5.54,1.0,7.71,2.0,0.0,0.0,0.0,0.0
2017-06-02,0.0,0.0,30.64,5.0,114.24,20.0,0.0,0.0,0.0,0.0
2017-06-03,0.0,0.0,7.04,1.0,118.73,24.0,0.0,0.0,0.0,0.0
2017-06-04,0.0,0.0,0.0,0.0,110.86,17.0,0.0,0.0,0.0,0.0
2017-06-05,7.4,2.0,24.85,6.0,46.28,11.0,0.0,0.0,0.0,0.0
2017-06-06,13.49,2.0,15.87,3.0,36.11,5.0,0.0,0.0,0.0,0.0
2017-06-07,0.0,0.0,0.0,0.0,1.48,1.0,0.0,0.0,0.0,0.0
2017-06-08,3.84,1.0,3.84,1.0,3.84,1.0,0.0,0.0,0.0,0.0
2017-06-09,1.6,1.0,1.6,1.0,2.04,2.0,0.0,0.0,0.0,0.0
2017-06-10,0.0,0.0,7.16,2.0,14.52,5.0,0.0,0.0,0.0,0.0
2017-06-11,0.0,0.0,0.0,0.0,15.67,7.0,0.0,0.0,0.0,0.0
2017-06-12,0.0,0.0,6.76,1.0,42.43,10.0,0.0,0.0,0.0,0.0
2017-06-13,0.0,0.0,15.16,4.0,35.39,12.0,0.0,0.0,0.0,0.0
2017-06-14,0.0,0.0,0.0,0.0,46.69,15.0,0.0,0.0,0.0,0.0
2017-06-15,0.0,0.0,0.0,0.0,12.34,6.0,0.0,0.0,0.0,0.0
2017-06-16,0.0,0.0,0.0,0.0,9.43,4.0,0.0,0.0,0.0,0.0
2017-06-17,0.0,0.0,3.54,1.0,16.81,5.0,0.0,0.0,0.0,0.0
2017-06-18,0.0,0.0,6.67,2.0,29.72,9.0,0.0,0.0,0.0,0.0
2017-06-19,0.0,0.0,0.0,0.0,1.96,1.0,0.0,0.0,0.0,0.0
2017-06-20,0.0,0.0,0.0,0.0,0.0,0.0,0.0,0.0,0.0,0.0
2017-06-21,0.43,1.0,0.43,1.0,4.63,2.0,0.0,0.0,0.0,0.0
2017-06-22,0.0,0.0,0.0,0.0,0.34,1.0,0.0,0.0,0.0,0.0
2017-06-23,1.18,1.0,1.18,1.0,30.67,6.0,0.0,0.0,0.0,0.0
2017-06-24,6.03,1.0,7.08,2.0,41.27,12.0,0.0,0.0,0.0,0.0
2017-06-25,0.0,0.0,0.0,0.0,29.84,2.0,0.0,0.0,0.0,0.0
2017-06-26,0.0,0.0,0.0,0.0,27.71,5.0,0.0,0.0,0.0,0.0
2017-06-27,0.0,0.0,0.0,0.0,24.97,5.0,0.0,0.0,0.0,0.0
2017-06-28,0.0,0.0,0.0,0.0,0.0,0.0,0.0,0.0,0.0,0.0
2017-06-29,0.0,0.0,0.0,0.0,0.0,0.0,0.0,0.0,0.0,0.0
2017-06-30,0.0,0.0,0.0,0.0,0.0,0.0,0.0,0.0,0.0,0.0
2017-07-01,0.0,0.0,0.0,0.0,0.0,0.0,0.0,0.0,0.0,0.0
2017-07-02,0.0,0.0,0.0,0.0,0.0,0.0,0.0,0.0,0.0,0.0
2017-07-03,0.0,0.0,0.0,0.0,0.0,0.0,0.0,0.0,0.0,0.0
2017-07-04,0.0,0.0,8.21,1.0,8.21,1.0,0.0,0.0,0.0,0.0
2017-07-05,0.0,0.0,0.0,0.0,0.0,0.0,0.0,0.0,0.0,0.0
2017-07-06,0.0,0.0,0.0,0.0,0.0,0.0,0.0,0.0,0.0,0.0
2017-07-07,0.0,0.0,0.0,0.0,0.0,0.0,0.0,0.0,0.0,0.0
2017-07-08,0.0,0.0,0.0,0.0,0.0,0.0,0.0,0.0,0.0,0.0
2017-07-09,0.0,0.0,0.0,0.0,0.0,0.0,0.0,0.0,0.0,0.0
2017-07-10,6.24,2.0,6.24,2.0,10.07,3.0,0.0,0.0,0.0,0.0
2017-07-11,0.0,0.0,0.0,0.0,0.0,0.0,0.0,0.0,0.0,0.0
2017-07-12,2.1,2.0,2.1,2.0,2.1,2.0,0.0,0.0,0.0,0.0
2017-07-13,0.0,0.0,0.0,0.0,4.37,2.0,0.0,0.0,0.0,0.0
2017-07-14,0.0,0.0,0.0,0.0,1.31,1.0,0.0,0.0,0.0,0.0
2017-07-15,1.87,2.0,7.58,4.0,7.58,4.0,0.0,0.0,0.0,0.0
2017-07-16,0.0,0.0,0.0,0.0,0.0,0.0,0.0,0.0,0.0,0.0
2017-07-17,0.0,0.0,0.0,0.0,0.0,0.0,0.0,0.0,0.0,0.0
2017-07-18,0.0,0.0,7.68,2.0,9.8,4.0,0.0,0.0,0.0,0.0
2017-07-19,0.0,0.0,3.72,1.0,3.72,1.0,0.0,0.0,0.0,0.0
2017-07-20,0.0,0.0,0.0,0.0,0.0,0.0,0.0,0.0,0.0,0.0
2017-07-21,0.0,0.0,0.0,0.0,3.93,1.0,0.0,0.0,0.0,0.0
2017-07-22,0.0,0.0,0.0,0.0,0.0,0.0,0.0,0.0,0.0,0.0
2017-07-23,0.0,0.0,0.0,0.0,0.97,1.0,0.0,0.0,0.0,0.0
2017-07-24,0.0,0.0,0.0,0.0,0.0,0.0,0.0,0.0,0.0,0.0
2017-07-25,0.0,0.0,0.0,0.0,0.0,0.0,0.0,0.0,0.0,0.0
2017-07-26,0.0,0.0,0.0,0.0,2.97,1.0,0.0,0.0,0.0,0.0
2017-07-27,0.0,0.0,0.0,0.0,0.0,0.0,0.0,0.0,0.0,0.0
2017-07-28,0.0,0.0,0.0,0.0,0.0,0.0,0.0,0.0,0.0,0.0
2017-07-29,0.0,0.0,0.0,0.0,0.0,0.0,0.0,0.0,0.0,0.0
2017-07-30,0.0,0.0,0.0,0.0,0.0,0.0,0.0,0.0,0.0,0.0
2017-07-31,0.0,0.0,0.0,0.0,0.0,0.0,0.0,0.0,0.0,0.0
2017-08-01,0.0,0.0,0.0,0.0,0.0,0.0,0.0,0.0,0.0,0.0
2017-08-02,0.0,0.0,0.0,0.0,0.0,0.0,0.0,0.0,0.0,0.0
2017-08-03,0.0,0.0,0.0,0.0,0.0,0.0,0.0,0.0,0.0,0.0
2017-08-04,3.05,3.0,3.05,3.0,3.05,3.0,0.0,0.0,0.0,0.0
2017-08-05,2.09,1.0,2.09,1.0,2.09,1.0,0.0,0.0,0.0,0.0
2017-08-06,0.0,0.0,18.6,2.0,18.6,2.0,0.0,0.0,0.0,0.0
2017-08-07,0.0,0.0,0.0,0.0,0.0,0.0,0.0,0.0,0.0,0.0
2017-08-08,0.0,0.0,0.0,0.0,0.0,0.0,0.0,0.0,0.0,0.0
2017-08-09,0.0,0.0,0.0,0.0,0.0,0.0,0.0,0.0,0.0,0.0
2017-08-10,0.0,0.0,0.0,0.0,0.0,0.0,0.0,0.0,0.0,0.0
2017-08-11,0.0,0.0,0.0,0.0,0.0,0.0,0.0,0.0,0.0,0.0
2017-08-12,0.0,0.0,1.91,1.0,1.91,1.0,0.0,0.0,0.0,0.0
2017-08-13,0.0,0.0,0.0,0.0,0.0,0.0,0.0,0.0,0.0,0.0
2017-08-14,0.0,0.0,0.0,0.0,0.48,1.0,0.0,0.0,0.0,0.0
2017-08-15,1.42,1.0,1.42,1.0,1.42,1.0,0.0,0.0,0.0,0.0
2017-08-16,1.37,1.0,1.37,1.0,1.37,1.0,0.0,0.0,0.0,0.0
2017-08-17,0.0,0.0,0.0,0.0,0.0,0.0,0.0,0.0,0.0,0.0
2017-08-18,2.47,1.0,2.47,1.0,2.47,1.0,0.0,0.0,0.0,0.0
2017-08-19,0.0,0.0,0.0,0.0,0.0,0.0,0.0,0.0,0.0,0.0
2017-08-20,0.0,0.0,0.0,0.0,1.85,1.0,0.0,0.0,0.0,0.0
2017-08-21,0.0,0.0,0.0,0.0,0.0,0.0,0.0,0.0,0.0,0.0
2017-08-22,1.2,1.0,1.2,1.0,5.87,2.0,0.0,0.0,0.0,0.0
2017-08-23,0.4,1.0,0.4,1.0,0.4,1.0,0.0,0.0,0.0,0.0
2017-08-24,0.0,0.0,0.0,0.0,0.0,0.0,0.0,0.0,0.0,0.0
2017-08-25,0.0,0.0,0.0,0.0,0.0,0.0,0.0,0.0,0.0,0.0
2017-08-26,0.83,1.0,0.83,1.0,0.83,1.0,0.0,0.0,0.0,0.0
2017-08-27,0.0,0.0,0.0,0.0,0.0,0.0,0.0,0.0,0.0,0.0
2017-08-28,0.0,0.0,0.0,0.0,3.47,1.0,0.0,0.0,0.0,0.0
2017-08-29,0.56,1.0,2.33,2.0,5.49,3.0,0.0,0.0,0.0,0.0
2017-08-30,0.5,1.0,0.5,1.0,0.5,1.0,0.0,0.0,0.0,0.0
2017-08-31,0.0,0.0,0.0,0.0,0.0,0.0,0.0,0.0,0.0,0.0
2017-09-01,0.0,0.0,0.0,0.0,0.0,0.0,0.0,0.0,0.0,0.0
2017-09-02,0.0,0.0,0.0,0.0,0.0,0.0,0.0,0.0,0.0,0.0
2017-09-03,0.0,0.0,0.0,0.0,0.55,1.0,0.0,0.0,0.0,0.0
2017-09-04,0.0,0.0,0.0,0.0,0.0,0.0,0.0,0.0,0.0,0.0
2017-09-05,0.0,0.0,0.0,0.0,0.0,0.0,0.0,0.0,0.0,0.0
2017-09-06,2.88,1.0,2.88,1.0,2.88,1.0,0.0,0.0,0.0,0.0
2017-09-07,1.76,2.0,1.76,2.0,4.11,3.0,0.0,0.0,0.0,0.0
2017-09-08,8.25,2.0,8.25,2.0,8.25,2.0,0.0,0.0,0.0,0.0
2017-09-09,3.56,2.0,10.6,4.0,17.14,6.0,0.0,0.0,0.0,0.0
2017-09-10,0.0,0.0,0.0,0.0,0.0,0.0,0.0,0.0,0.0,0.0
2017-09-11,0.0,0.0,0.0,0.0,29.59,5.0,0.0,0.0,0.0,0.0
2017-09-12,2.4,1.0,4.8,2.0,33.8,7.0,0.0,0.0,0.0,0.0
2017-09-13,0.0,0.0,0.0,0.0,6.38,3.0,0.0,0.0,0.0,0.0
2017-09-14,0.0,0.0,0.0,0.0,6.65,1.0,0.0,0.0,0.0,0.0
2017-09-15,3.74,3.0,6.06,4.0,6.06,4.0,0.0,0.0,0.0,0.0
2017-09-16,0.0,0.0,0.0,0.0,0.0,0.0,0.0,0.0,0.0,0.0
2017-09-17,0.0,0.0,0.0,0.0,1.67,1.0,0.0,0.0,0.0,0.0
2017-09-18,2.72,2.0,9.87,5.0,70.07,17.0,0.0,0.0,0.0,0.0
2017-09-19,0.0,0.0,3.23,1.0,67.26,13.0,0.0,0.0,0.0,0.0
2017-09-20,0.0,0.0,44.28,6.0,121.12,22.0,0.0,0.0,0.0,0.0
2017-09-21,1.0,1.0,1.0,1.0,7.12,3.0,0.0,0.0,0.0,0.0
2017-09-22,0.0,0.0,0.0,0.0,0.0,0.0,0.0,0.0,0.0,0.0
2017-09-23,0.0,0.0,0.0,0.0,0.0,0.0,0.0,0.0,0.0,0.0
2017-09-24,0.0,0.0,0.0,0.0,0.0,0.0,0.0,0.0,0.0,0.0
2017-09-25,0.0,0.0,0.0,0.0,0.0,0.0,0.0,0.0,0.0,0.0
2017-09-26,1.13,1.0,1.13,1.0,9.32,4.0,0.0,0.0,0.0,0.0
2017-09-27,1.38,1.0,12.37,3.0,70.77,8.0,0.0,0.0,0.0,0.0
2017-09-28,1.53,2.0,7.92,3.0,22.92,7.0,0.0,0.0,0.0,0.0
2017-09-29,0.0,0.0,3.98,1.0,24.27,6.0,0.0,0.0,0.0,0.0
2017-09-30,2.05,3.0,15.51,7.0,68.15,22.0,0.0,0.0,0.0,0.0
2017-10-01,0.0,0.0,0.0,0.0,71.87,19.0,0.0,0.0,0.0,0.0
2017-10-02,1.14,1.0,20.1,5.0,166.49,33.0,0.0,0.0,0.0,0.0
2017-10-03,1.1,1.0,23.28,7.0,236.29,52.0,0.0,0.0,0.0,0.0
2017-10-04,2.44,2.0,23.97,9.0,233.72,64.0,0.0,0.0,0.0,0.0
2017-10-05,0.0,0.0,10.88,3.0,411.52,79.0,0.0,0.0,0.0,0.0
2017-10-06,0.0,0.0,13.09,4.0,299.86,64.0,0.0,0.0,0.0,0.0
2017-10-07,2.18,1.0,17.11,8.0,418.12,113.0,0.0,0.0,0.0,0.0
2017-10-08,4.35,3.0,135.35,35.0,1083.51,222.0,0.0,0.0,0.0,0.0
2017-10-09,2.56,2.0,78.77,23.0,812.94,204.0,0.0,0.0,0.0,0.0
2017-10-10,1.3,1.0,84.49,23.0,1037.24,210.0,0.0,0.0,0.0,0.0
2017-10-11,0.0,0.0,16.25,3.0,512.71,83.0,0.0,0.0,0.0,0.0
2017-10-12,0.0,0.0,5.31,1.0,757.88,149.0,0.0,0.0,0.0,0.0
2017-10-13,6.25,2.0,65.92,10.0,1193.58,184.0,0.0,0.0,0.0,0.0
2017-10-14,4.14,3.0,110.87,29.0,2246.45,427.0,0.0,0.0,0.0,0.0
2017-10-15,15.16,6.0,243.89,46.0,2683.59,534.0,0.0,0.0,0.0,0.0
2017-10-16,3.92,2.0,33.34,10.0,1097.93,230.0,0.0,0.0,0.0,0.0
2017-10-17,0.49,1.0,108.01,24.0,1579.63,302.0,0.0,0.0,0.0,0.0
2017-10-18,11.0,4.0,114.24,21.0,2318.99,326.0,0.0,0.0,0.0,0.0
2017-10-19,7.09,4.0,261.63,54.0,4248.18,648.0,0.0,0.0,0.0,0.0
2017-10-20,7.69,4.0,254.69,60.0,3292.68,710.0,0.0,0.0,0.0,0.0
2017-10-21,3.75,1.0,145.02,22.0,2030.08,355.0,0.0,0.0,0.0,0.0
2017-10-22,2.43,2.0,136.68,37.0,1165.74,247.0,0.0,0.0,0.0,0.0
2017-10-23,0.0,0.0,85.93,17.0,1559.57,303.0,0.0,0.0,0.0,0.0
2017-10-24,5.38,2.0,235.85,47.0,2833.93,434.0,0.0,0.0,0.0,0.0
2017-10-25,8.74,3.0,206.59,53.0,2650.81,503.0,0.0,0.0,0.0,0.0
2017-10-26,1.8,2.0,218.09,49.0,3032.38,493.0,0.0,0.0,0.0,0.0
2017-10-27,0.0,0.0,92.64,18.0,1983.03,280.0,0.0,0.0,0.0,0.0
2017-10-28,37.94,6.0,171.11,33.0,3851.81,600.0,0.0,0.0,0.0,0.0
2017-10-29,0.0,0.0,309.08,51.0,4402.1,661.0,0.0,0.0,0.0,0.0
2017-10-30,16.35,5.0,187.57,48.0,4948.79,794.0,0.0,0.0,0.0,0.0
2017-10-31,2.44,1.0,242.5,58.0,4805.13,830.0,0.0,0.0,0.0,0.0
2017-11-01,0.0,0.0,256.7,43.0,3846.57,593.0,0.0,0.0,0.0,0.0
2017-11-02,2.39,1.0,101.67,21.0,2169.7,363.0,0.0,0.0,0.0,0.0
2017-11-03,0.0,0.0,88.77,20.0,2604.3,401.0,0.0,0.0,0.0,0.0
2017-11-04,7.27,6.0,109.13,27.0,7478.85,1111.0,0.0,0.0,0.0,0.0
2017-11-05,27.68,10.0,271.81,80.0,3621.6,734.0,0.0,0.0,0.0,0.0
2017-11-06,22.93,2.0,112.57,21.0,434.78,82.0,0.0,0.0,0.0,0.0
2017-11-07,0.0,0.0,16.8,3.0,315.19,64.0,0.0,0.0,0.0,0.0
2017-11-08,1.56,2.0,50.34,15.0,1445.81,338.0,0.0,0.0,0.0,0.0
2017-11-09,8.68,5.0,61.37,17.0,1782.71,290.0,0.0,0.0,0.0,0.0
2017-11-10,11.9,7.0,178.73,57.0,2807.3,566.0,0.0,0.0,0.0,0.0
2017-11-11,13.42,5.0,102.89,30.0,229.99,71.0,0.0,0.0,0.0,0.0
2017-11-12,7.21,2.0,34.25,9.0,93.48,26.0,0.0,0.0,0.0,0.0
2017-11-13,13.71,4.0,31.98,10.0,92.78,31.0,0.0,0.0,0.0,0.0
2017-11-14,0.0,0.0,55.56,16.0,1412.31,246.0,0.0,0.0,0.0,0.0
2017-11-15,4.51,4.0,59.47,19.0,196.8,60.0,0.0,0.0,0.0,0.0
2017-11-16,19.41,5.0,77.35,23.0,189.68,59.0,0.0,0.0,0.0,0.0
2017-11-17,10.68,4.0,34.96,12.0,71.79,22.0,0.0,0.0,0.0,0.0
2017-11-18,0.0,0.0,16.48,6.0,141.52,42.0,0.0,0.0,0.0,0.0
2017-11-19,28.14,6.0,67.4,18.0,997.13,145.0,0.0,0.0,0.0,0.0
2017-11-20,3.7,5.0,49.73,16.0,783.48,148.0,0.0,0.0,0.0,0.0
2017-11-21,12.98,5.0,102.49,33.0,950.7,174.0,0.0,0.0,0.0,0.0
2017-11-22,12.11,6.0,85.55,26.0,537.07,96.0,0.0,0.0,0.0,0.0
2017-11-23,10.6,4.0,112.05,25.0,512.4,88.0,0.0,0.0,0.0,0.0
2017-11-24,28.34,9.0,61.0,18.0,535.77,99.0,0.0,0.0,0.0,0.0
2017-11-25,12.13,5.0,113.88,32.0,483.86,86.0,0.0,0.0,0.0,0.0
2017-11-26,23.03,8.0,149.64,49.0,480.19,121.0,0.0,0.0,0.0,0.0
2017-11-27,67.11,18.0,153.04,38.0,277.67,79.0,0.0,0.0,0.0,0.0
2017-11-28,2.56,3.0,86.15,22.0,200.88,53.0,0.0,0.0,0.0,0.0
2017-11-29,19.95,4.0,69.8,18.0,233.93,56.0,0.0,0.0,0.0,0.0
2017-11-30,13.47,3.0,84.4,19.0,281.87,53.0,0.0,0.0,0.0,0.0
2017-12-01,12.02,5.0,120.27,26.0,237.6,62.0,0.0,0.0,0.0,0.0
2017-12-02,26.91,11.0,187.82,61.0,316.72,113.0,0.0,0.0,0.0,0.0
2017-12-03,12.24,5.0,30.36,9.0,65.56,19.0,0.0,0.0,0.0,0.0
2017-12-04,0.0,0.0,2.76,1.0,2.76,1.0,0.0,0.0,0.0,0.0
2017-12-05,0.0,0.0,0.0,0.0,0.0,0.0,0.0,0.0,0.0,0.0
2017-12-06,1.21,1.0,1.77,2.0,118.27,14.0,0.0,0.0,0.0,0.0
2017-12-07,68.37,14.0,139.67,41.0,256.71,77.0,0.0,0.0,0.0,0.0
2017-12-08,2.26,1.0,109.73,19.0,196.29,45.0,0.0,0.0,0.0,0.0
2017-12-09,20.45,8.0,65.91,18.0,132.42,33.0,0.0,0.0,0.0,0.0
2017-12-10,11.85,7.0,83.66,30.0,218.33,61.0,0.0,0.0,0.0,0.0
2017-12-11,0.0,0.0,8.63,2.0,45.77,14.0,0.0,0.0,0.0,0.0
2017-12-12,0.0,0.0,2.5,2.0,21.68,11.0,0.0,0.0,0.0,0.0
2017-12-13,0.0,0.0,2.22,1.0,3.81,2.0,0.0,0.0,0.0,0.0
2017-12-14,0.0,0.0,8.88,3.0,19.4,7.0,0.0,0.0,0.0,0.0
2017-12-15,0.0,0.0,3.3,1.0,29.66,9.0,0.0,0.0,0.0,0.0
2017-12-16,17.25,3.0,80.12,23.0,155.83,43.0,0.0,0.0,0.0,0.0
2017-12-17,55.52,15.0,114.47,36.0,290.89,73.0,0.0,0.0,0.0,0.0
2017-12-18,40.73,16.0,169.14,61.0,305.86,114.0,0.0,0.0,0.0,0.0
2017-12-19,0.0,0.0,25.02,3.0,68.61,14.0,0.0,0.0,0.0,0.0
2017-12-20,8.08,2.0,13.22,5.0,46.29,13.0,0.0,0.0,0.0,0.0
2017-12-21,43.05,18.0,163.24,51.0,247.94,81.0,0.0,0.0,0.0,0.0
2017-12-22,12.37,7.0,65.0,20.0,170.72,51.0,0.0,0.0,0.0,0.0
2017-12-23,18.45,6.0,58.67,21.0,237.32,71.0,0.0,0.0,0.0,0.0
2017-12-24,0.78,1.0,44.23,13.0,168.32,40.0,0.0,0.0,0.0,0.0
2017-12-25,52.06,10.0,82.58,23.0,146.53,40.0,0.0,0.0,0.0,0.0
2017-12-26,24.99,7.0,67.8,18.0,145.21,36.0,0.0,0.0,0.0,0.0
2017-12-27,7.18,5.0,90.17,32.0,134.54,45.0,0.0,0.0,0.0,0.0
2017-12-28,22.47,9.0,160.21,54.0,274.21,92.0,0.0,0.0,0.0,0.0
2017-12-29,18.82,11.0,134.0,45.0,247.46,81.0,0.0,0.0,0.0,0.0
2017-12-30,17.82,6.0,62.55,19.0,125.75,36.0,0.0,0.0,0.0,0.0
2017-12-31,8.94,2.0,58.9,17.0,124.83,34.0,0.0,0.0,0.0,0.0
2018-01-01,5.19,2.0,13.32,4.0,34.59,10.0,0.0,0.0,0.0,0.0
2018-01-02,28.96,11.0,88.68,26.0,113.21,35.0,0.0,0.0,0.0,0.0
2018-01-03,37.54,12.0,78.45,24.0,133.85,40.0,0.0,0.0,0.0,0.0
2018-01-04,15.42,5.0,15.42,5.0,17.87,6.0,0.0,0.0,0.0,0.0
2018-01-05,0.0,0.0,17.56,7.0,72.92,14.0,0.0,0.0,0.0,0.0
2018-01-06,18.54,11.0,54.83,26.0,77.78,35.0,0.0,0.0,0.0,0.0
2018-01-07,33.63,7.0,98.93,26.0,208.74,57.0,0.0,0.0,0.0,0.0
2018-01-08,14.86,8.0,73.81,32.0,133.02,56.0,0.0,0.0,0.0,0.0
2018-01-09,34.08,12.0,76.18,23.0,111.58,32.0,0.0,0.0,0.0,0.0
2018-01-10,5.1,5.0,49.89,13.0,82.27,22.0,0.0,0.0,0.0,0.0
2018-01-11,15.25,5.0,49.17,15.0,69.75,21.0,0.0,0.0,0.0,0.0
2018-01-12,16.71,9.0,43.88,19.0,70.42,27.0,0.0,0.0,0.0,0.0
2018-01-13,39.23,12.0,146.19,49.0,274.34,84.0,0.0,0.0,0.0,0.0
2018-01-14,29.27,10.0,148.17,43.0,231.64,70.0,0.0,0.0,0.0,0.0
2018-01-15,46.35,15.0,92.2,26.0,156.88,39.0,0.0,0.0,0.0,0.0
2018-01-16,22.23,7.0,72.24,27.0,88.01,32.0,0.0,0.0,0.0,0.0
2018-01-17,25.53,7.0,76.9,13.0,156.94,27.0,0.0,0.0,0.0,0.0
2018-01-18,27.79,12.0,126.52,42.0,246.73,77.0,0.0,0.0,0.0,0.0
2018-01-19,20.25,6.0,77.18,30.0,184.17,67.0,0.0,0.0,0.0,0.0
2018-01-20,4.09,5.0,49.34,16.0,123.89,38.0,0.0,0.0,0.0,0.0
2018-01-21,38.28,11.0,137.78,44.0,183.78,61.0,0.0,0.0,0.0,0.0
2018-01-22,39.15,15.0,121.35,44.0,202.61,71.0,0.0,0.0,0.0,0.0
2018-01-23,0.0,0.0,0.0,0.0,0.0,0.0,0.0,0.0,0.0,0.0
2018-01-24,2.48,1.0,2.48,1.0,25.74,10.0,0.0,0.0,0.0,0.0
2018-01-25,10.18,1.0,17.5,4.0,50.09,14.0,0.0,0.0,0.0,0.0
2018-01-26,0.0,0.0,20.46,6.0,20.46,6.0,0.0,0.0,0.0,0.0
2018-01-27,9.46,3.0,65.77,17.0,167.2,39.0,0.0,0.0,0.0,0.0
2018-01-28,6.82,3.0,96.39,29.0,165.09,44.0,0.0,0.0,0.0,0.0
2018-01-29,15.43,9.0,149.89,43.0,293.76,86.0,0.0,0.0,0.0,0.0
2018-01-30,14.14,5.0,49.86,16.0,138.73,44.0,0.0,0.0,0.0,0.0
2018-01-31,0.63,1.0,20.9,5.0,137.71,22.0,0.0,0.0,0.0,0.0
2018-02-01,23.79,6.0,72.84,20.0,145.74,39.0,0.0,0.0,0.0,0.0
2018-02-02,31.83,7.0,152.76,25.0,202.15,35.0,0.0,0.0,0.0,0.0
2018-02-03,27.93,11.0,97.87,34.0,268.81,69.0,0.0,0.0,0.0,0.0
2018-02-04,13.62,4.0,58.37,19.0,239.73,74.0,0.0,0.0,0.0,0.0
2018-02-05,0.0,0.0,0.0,0.0,0.0,0.0,0.0,0.0,0.0,0.0
2018-02-06,0.0,0.0,10.65,5.0,38.33,9.0,0.0,0.0,0.0,0.0
2018-02-07,14.05,5.0,52.54,19.0,161.36,47.0,0.0,0.0,0.0,0.0
2018-02-08,5.15,6.0,16.54,10.0,158.13,42.0,0.0,0.0,0.0,0.0
2018-02-09,33.32,12.0,169.6,44.0,338.58,97.0,0.0,0.0,0.0,0.0
2018-02-10,14.71,5.0,39.99,11.0,135.87,29.0,0.0,0.0,0.0,0.0
2018-02-11,11.7,2.0,25.43,4.0,33.97,6.0,0.0,0.0,0.0,0.0
2018-02-12,0.5,1.0,1.2,2.0,39.24,3.0,0.0,0.0,0.0,0.0
2018-02-13,17.3,8.0,64.76,24.0,72.38,26.0,0.0,0.0,0.0,0.0
2018-02-14,0.93,1.0,33.77,11.0,137.25,42.0,0.0,0.0,0.0,0.0
2018-02-15,2.85,3.0,29.21,13.0,158.73,38.0,0.0,0.0,0.0,0.0
2018-02-16,0.0,0.0,36.56,7.0,66.12,16.0,0.0,0.0,0.0,0.0
2018-02-17,1.9,1.0,9.52,4.0,23.67,7.0,0.0,0.0,0.0,0.0
2018-02-18,20.25,5.0,25.29,7.0,128.1,27.0,0.0,0.0,0.0,0.0
2018-02-19,19.03,11.0,127.27,31.0,206.35,53.0,0.0,0.0,0.0,0.0
2018-02-20,12.22,4.0,65.22,18.0,201.33,52.0,0.0,0.0,0.0,0.0
2018-02-21,52.48,7.0,122.26,24.0,197.9,46.0,0.0,0.0,0.0,0.0
2018-02-22,0.0,0.0,28.71,8.0,71.3,23.0,0.0,0.0,0.0,0.0
2018-02-23,0.94,1.0,3.87,3.0,12.57,6.0,0.0,0.0,0.0,0.0
2018-02-24,11.66,3.0,42.87,10.0,74.93,18.0,0.0,0.0,0.0,0.0
2018-02-25,4.75,5.0,62.88,21.0,189.01,58.0,0.0,0.0,0.0,0.0
2018-02-26,3.86,2.0,20.68,7.0,97.31,25.0,0.0,0.0,0.0,0.0
2018-02-27,2.68,2.0,39.77,9.0,75.18,18.0,0.0,0.0,0.0,0.0
2018-02-28,10.37,5.0,20.54,10.0,32.52,14.0,0.0,0.0,0.0,0.0
2018-03-01,0.73,1.0,12.44,8.0,66.29,31.0,0.0,0.0,0.0,0.0
2018-03-02,5.41,4.0,24.09,10.0,150.73,40.0,0.0,0.0,0.0,0.0
2018-03-03,5.96,2.0,11.6,3.0,50.33,16.0,0.0,0.0,0.0,0.0
2018-03-04,4.24,1.0,18.57,3.0,38.76,7.0,0.0,0.0,0.0,0.0
2018-03-05,6.75,3.0,44.62,10.0,136.43,24.0,0.0,0.0,0.0,0.0
2018-03-06,1.6,3.0,2.19,4.0,99.04,27.0,0.0,0.0,0.0,0.0
2018-03-07,6.13,6.0,10.37,7.0,100.11,34.0,0.0,0.0,0.0,0.0
2018-03-08,2.9,3.0,22.08,9.0,168.14,52.0,0.0,0.0,0.0,0.0
2018-03-09,4.1,3.0,21.6,9.0,97.03,32.0,0.0,0.0,0.0,0.0
2018-03-10,13.25,5.0,74.19,14.0,118.9,26.0,0.0,0.0,0.0,0.0
2018-03-11,2.6,2.0,10.21,5.0,97.56,32.0,0.0,0.0,0.0,0.0
2018-03-12,19.45,7.0,38.75,9.0,189.19,38.0,0.0,0.0,0.0,0.0
2018-03-13,9.52,4.0,31.91,14.0,144.97,54.0,0.0,0.0,0.0,0.0
2018-03-14,9.06,3.0,24.34,6.0,55.73,18.0,0.0,0.0,0.0,0.0
2018-03-15,9.48,3.0,16.91,5.0,43.63,18.0,0.0,0.0,0.0,0.0
2018-03-16,1.8,2.0,3.52,3.0,105.89,25.0,0.0,0.0,0.0,0.0
2018-03-17,21.3,9.0,58.68,21.0,180.84,48.0,0.0,0.0,0.0,0.0
2018-03-18,4.88,3.0,24.8,11.0,173.05,50.0,0.0,0.0,0.0,0.0
2018-03-19,0.0,0.0,2.4,1.0,166.29,36.0,0.0,0.0,0.0,0.0
2018-03-20,4.39,2.0,21.04,6.0,133.91,32.0,0.0,0.0,0.0,0.0
2018-03-21,0.87,1.0,7.68,3.0,57.99,7.0,0.0,0.0,0.0,0.0
2018-03-22,7.42,7.0,16.39,9.0,30.4,14.0,0.0,0.0,0.0,0.0
2018-03-23,12.38,6.0,15.75,7.0,112.33,29.0,0.0,0.0,0.0,0.0
2018-03-24,9.29,4.0,18.37,8.0,202.88,54.0,0.0,0.0,0.0,0.0
2018-03-25,0.0,0.0,14.72,4.0,117.4,30.0,0.0,0.0,0.0,0.0
2018-03-26,3.72,2.0,4.19,3.0,151.53,35.0,0.0,0.0,0.0,0.0
2018-03-27,13.73,3.0,15.79,5.0,82.38,26.0,0.0,0.0,0.0,0.0
2018-03-28,19.53,6.0,48.05,14.0,384.0,83.0,0.0,0.0,0.0,0.0
2018-03-29,14.79,4.0,20.26,6.0,233.9,81.0,0.0,0.0,0.0,0.0
2018-03-30,17.64,4.0,18.19,5.0,281.91,58.0,0.0,0.0,0.0,0.0
2018-03-31,5.87,1.0,10.63,4.0,71.87,17.0,0.0,0.0,0.0,0.0
2018-04-01,0.79,1.0,13.17,4.0,40.82,13.0,0.0,0.0,0.0,0.0
2018-04-02,0.77,1.0,7.81,3.0,46.58,11.0,0.0,0.0,0.0,0.0
2018-04-03,7.18,4.0,74.87,11.0,174.36,37.0,0.0,0.0,0.0,0.0
2018-04-04,0.5,1.0,7.32,4.0,106.31,31.0,0.0,0.0,0.0,0.0
2018-04-05,0.0,0.0,2.16,1.0,36.09,14.0,0.0,0.0,0.0,0.0
2018-04-06,0.0,0.0,0.72,1.0,43.98,10.0,0.0,0.0,0.0,0.0
2018-04-07,10.99,2.0,16.31,5.0,36.72,16.0,0.0,0.0,0.0,0.0
2018-04-08,10.36,7.0,14.16,11.0,65.28,28.0,0.0,0.0,0.0,0.0
2018-04-09,0.0,0.0,0.0,0.0,0.0,0.0,0.0,0.0,0.0,0.0
2018-04-10,0.0,0.0,16.72,10.0,83.49,26.0,0.0,0.0,0.0,0.0
2018-04-11,0.0,0.0,14.93,3.0,28.44,6.0,0.0,0.0,0.0,0.0
2018-04-12,7.2,5.0,25.09,9.0,34.58,14.0,0.0,0.0,0.0,0.0
2018-04-13,3.81,5.0,31.89,11.0,84.04,25.0,0.0,0.0,0.0,0.0
2018-04-14,16.11,3.0,58.53,14.0,138.95,34.0,0.0,0.0,0.0,0.0
2018-04-15,1.57,1.0,9.77,3.0,256.7,38.0,0.0,0.0,0.0,0.0
2018-04-16,0.85,1.0,279.07,23.0,331.49,36.0,0.0,0.0,0.0,0.0
2018-04-17,1.18,2.0,22.77,8.0,120.48,44.0,0.0,0.0,0.0,0.0
2018-04-18,181.25,15.0,517.24,35.0,1212.2,134.0,0.0,0.0,0.0,0.0
2018-04-19,57.5,13.0,111.8,31.0,723.41,161.0,0.0,0.0,0.0,0.0
2018-04-20,0.0,0.0,15.09,2.0,394.12,41.0,0.0,0.0,0.0,0.0
2018-04-21,37.32,6.0,76.64,16.0,312.23,58.0,0.0,0.0,0.0,0.0
2018-04-22,31.86,7.0,311.85,43.0,470.24,94.0,0.0,0.0,0.0,0.0
2018-04-23,42.66,6.0,149.49,26.0,741.36,119.0,0.0,0.0,0.0,0.0
2018-04-24,123.44,16.0,496.65,50.0,1004.55,173.0,0.0,0.0,0.0,0.0
2018-04-25,70.5,5.0,436.52,38.0,1034.07,195.0,0.0,0.0,0.0,0.0
2018-04-26,60.73,12.0,432.25,67.0,845.1,142.0,0.0,0.0,0.0,0.0
2018-04-27,34.98,7.0,263.44,41.0,445.19,102.0,0.0,0.0,0.0,0.0
2018-04-28,76.81,11.0,207.38,34.0,379.02,87.0,0.0,0.0,0.0,0.0
2018-04-29,239.22,44.0,1114.42,145.0,1811.91,233.0,0.0,0.0,0.0,0.0
2018-04-30,139.26,12.0,956.7,73.0,1478.3,188.0,0.0,0.0,0.0,0.0
2018-05-01,66.54,16.0,344.61,76.0,969.96,208.0,0.0,0.0,0.0,0.0
2018-05-02,23.21,6.0,158.37,31.0,386.06,69.0,0.0,0.0,0.0,0.0
2018-05-03,11.72,4.0,390.47,62.0,583.24,104.0,0.0,0.0,0.0,0.0
2018-05-04,75.94,19.0,844.78,148.0,1949.98,354.0,0.0,0.0,0.0,0.0
2018-05-05,345.92,56.0,2235.9,324.0,5458.36,793.0,0.0,0.0,0.0,0.0
2018-05-06,42.24,10.0,402.34,69.0,2928.13,461.0,0.0,0.0,0.0,0.0
2018-05-07,322.4,34.0,1023.65,142.0,2879.54,463.0,0.0,0.0,0.0,0.0
2018-05-08,189.02,19.0,402.83,69.0,1937.41,405.0,0.0,0.0,0.0,0.0
2018-05-09,0.0,0.0,224.08,43.0,1616.15,272.0,0.0,0.0,0.0,0.0
2018-05-10,192.26,38.0,1312.84,229.0,4696.39,747.0,0.0,0.0,0.0,0.0
2018-05-11,13.91,4.0,413.5,65.0,2273.82,342.0,0.0,0.0,0.0,0.0
2018-05-12,41.02,13.0,609.94,114.0,2173.85,398.0,0.0,0.0,0.0,0.0
2018-05-13,48.04,12.0,297.02,69.0,1107.0,267.0,0.0,0.0,0.0,0.0
2018-05-14,0.0,0.0,27.53,9.0,91.79,30.0,0.0,0.0,0.0,0.0
2018-05-15,2.71,1.0,98.4,20.0,463.94,117.0,0.0,0.0,0.0,0.0
2018-05-16,6.33,3.0,16.44,5.0,240.85,73.0,0.0,0.0,0.0,0.0
2018-05-17,32.95,4.0,98.07,17.0,541.89,93.0,0.0,0.0,0.0,0.0
2018-05-18,2.87,2.0,115.18,31.0,300.55,100.0,0.0,0.0,0.0,0.0
2018-05-19,10.61,4.0,56.19,15.0,570.96,124.0,0.0,0.0,0.0,0.0
2018-05-20,13.41,4.0,113.36,28.0,1049.56,255.0,0.0,0.0,0.0,0.0
2018-05-21,47.15,9.0,121.79,25.0,1642.33,371.0,0.0,0.0,0.0,0.0
2018-05-22,16.49,3.0,22.75,5.0,1007.76,246.0,0.0,0.0,0.0,0.0
2018-05-23,24.85,5.0,90.93,14.0,403.53,87.0,0.0,0.0,0.0,0.0
2018-05-24,11.14,4.0,64.67,17.0,430.69,115.0,0.0,0.0,0.0,0.0
2018-05-25,21.49,3.0,47.17,7.0,681.08,134.0,0.0,0.0,0.0,0.0
2018-05-26,26.96,9.0,70.37,13.0,1427.66,256.0,0.0,0.0,0.0,0.0
2018-05-27,33.07,4.0,33.07,4.0,939.27,232.0,0.0,0.0,0.0,0.0
2018-05-28,9.51,3.0,23.69,6.0,682.72,150.0,0.0,0.0,0.0,0.0
2018-05-29,18.05,6.0,93.43,13.0,361.16,67.0,0.0,0.0,0.0,0.0
2018-05-30,1.92,1.0,1.92,1.0,108.52,32.0,0.0,0.0,0.0,0.0
2018-05-31,2.3,2.0,27.2,9.0,251.12,48.0,0.0,0.0,0.0,0.0
2018-06-01,3.88,2.0,8.54,4.0,47.87,15.0,0.0,0.0,0.0,0.0
2018-06-02,4.16,3.0,5.22,4.0,13.37,7.0,0.0,0.0,0.0,0.0
2018-06-03,0.0,0.0,12.73,6.0,55.74,21.0,0.0,0.0,0.0,0.0
2018-06-04,0.0,0.0,0.0,0.0,24.81,7.0,0.0,0.0,0.0,0.0
2018-06-05,3.05,2.0,3.05,2.0,32.42,10.0,0.0,0.0,0.0,0.0
2018-06-06,6.12,4.0,6.12,4.0,11.24,6.0,0.0,0.0,0.0,0.0
2018-06-07,7.19,2.0,7.19,2.0,18.53,5.0,0.0,0.0,0.0,0.0
2018-06-08,0.0,0.0,0.0,0.0,11.02,3.0,0.0,0.0,0.0,0.0
2018-06-09,0.0,0.0,0.0,0.0,0.0,0.0,0.0,0.0,0.0,0.0
2018-06-10,0.0,0.0,20.16,3.0,33.14,5.0,0.0,0.0,0.0,0.0
2018-06-11,2.01,2.0,8.16,3.0,23.06,10.0,0.0,0.0,0.0,0.0
2018-06-12,0.0,0.0,0.0,0.0,15.95,3.0,0.0,0.0,0.0,0.0
2018-06-13,0.0,0.0,2.25,1.0,16.8,3.0,0.0,0.0,0.0,0.0
2018-06-14,0.0,0.0,0.0,0.0,1.74,1.0,0.0,0.0,0.0,0.0
2018-06-15,0.0,0.0,0.86,1.0,0.86,1.0,0.0,0.0,0.0,0.0
2018-06-16,0.0,0.0,1.43,1.0,7.21,3.0,0.0,0.0,0.0,0.0
2018-06-17,0.0,0.0,0.0,0.0,3.85,1.0,0.0,0.0,0.0,0.0
2018-06-18,6.44,1.0,7.79,2.0,9.14,3.0,0.0,0.0,0.0,0.0
2018-06-19,2.72,2.0,5.58,3.0,10.4,4.0,0.0,0.0,0.0,0.0
2018-06-20,0.0,0.0,13.79,3.0,15.92,4.0,0.0,0.0,0.0,0.0
2018-06-21,4.33,2.0,4.33,2.0,12.59,4.0,0.0,0.0,0.0,0.0
2018-06-22,0.0,0.0,0.0,0.0,19.53,7.0,0.0,0.0,0.0,0.0
2018-06-23,0.0,0.0,0.0,0.0,0.0,0.0,0.0,0.0,0.0,0.0
2018-06-24,0.0,0.0,5.87,2.0,41.48,9.0,0.0,0.0,0.0,0.0
2018-06-25,0.0,0.0,0.0,0.0,4.3,2.0,0.0,0.0,0.0,0.0
2018-06-26,0.0,0.0,0.0,0.0,0.0,0.0,0.0,0.0,0.0,0.0
2018-06-27,5.4,2.0,15.52,4.0,20.25,6.0,0.0,0.0,0.0,0.0
2018-06-28,0.0,0.0,0.0,0.0,0.0,0.0,0.0,0.0,0.0,0.0
2018-06-29,0.0,0.0,0.0,0.0,0.0,0.0,0.0,0.0,0.0,0.0
2018-06-30,0.0,0.0,0.0,0.0,3.68,1.0,0.0,0.0,0.0,0.0
2018-07-01,0.0,0.0,0.0,0.0,0.0,0.0,0.0,0.0,0.0,0.0
2018-07-02,0.0,0.0,0.0,0.0,0.0,0.0,0.0,0.0,0.0,0.0
2018-07-03,11.48,2.0,11.48,2.0,11.48,2.0,0.0,0.0,0.0,0.0
2018-07-04,0.0,0.0,0.0,0.0,0.0,0.0,0.0,0.0,0.0,0.0
2018-07-05,0.0,0.0,0.0,0.0,3.89,1.0,0.0,0.0,0.0,0.0
2018-07-06,1.03,1.0,1.03,1.0,1.03,1.0,0.0,0.0,0.0,0.0
2018-07-07,2.47,1.0,2.47,1.0,2.47,1.0,0.0,0.0,0.0,0.0
2018-07-08,1.78,3.0,1.78,3.0,13.84,6.0,0.0,0.0,0.0,0.0
2018-07-09,0.0,0.0,0.0,0.0,0.0,0.0,0.0,0.0,0.0,0.0
2018-07-10,10.08,1.0,10.08,1.0,15.34,3.0,0.0,0.0,0.0,0.0
2018-07-11,0.0,0.0,0.0,0.0,0.0,0.0,0.0,0.0,0.0,0.0
2018-07-12,0.0,0.0,0.0,0.0,0.0,0.0,0.0,0.0,0.0,0.0
2018-07-13,1.54,1.0,1.54,1.0,1.54,1.0,0.0,0.0,0.0,0.0
2018-07-14,4.92,4.0,4.92,4.0,4.92,4.0,0.0,0.0,0.0,0.0
2018-07-15,0.0,0.0,0.0,0.0,0.0,0.0,0.0,0.0,0.0,0.0
2018-07-16,0.0,0.0,0.0,0.0,0.0,0.0,0.0,0.0,0.0,0.0
2018-07-17,2.29,2.0,2.29,2.0,2.29,2.0,0.0,0.0,0.0,0.0
2018-07-18,0.0,0.0,0.0,0.0,0.0,0.0,0.0,0.0,0.0,0.0
2018-07-19,0.0,0.0,0.0,0.0,0.0,0.0,0.0,0.0,0.0,0.0
2018-07-20,0.0,0.0,0.0,0.0,0.0,0.0,0.0,0.0,0.0,0.0
2018-07-21,0.0,0.0,0.0,0.0,0.0,0.0,0.0,0.0,0.0,0.0
2018-07-22,0.0,0.0,0.0,0.0,0.0,0.0,0.0,0.0,0.0,0.0
2018-07-23,2.27,3.0,2.27,3.0,2.27,3.0,0.0,0.0,0.0,0.0
2018-07-24,1.34,2.0,1.34,2.0,1.34,2.0,0.0,0.0,0.0,0.0
2018-07-25,0.0,0.0,0.0,0.0,0.0,0.0,0.0,0.0,0.0,0.0
2018-07-26,0.0,0.0,0.0,0.0,0.0,0.0,0.0,0.0,0.0,0.0
2018-07-27,0.0,0.0,0.0,0.0,0.0,0.0,0.0,0.0,0.0,0.0
2018-07-28,0.0,0.0,0.0,0.0,0.0,0.0,0.0,0.0,0.0,0.0
2018-07-29,0.0,0.0,0.0,0.0,0.0,0.0,0.0,0.0,0.0,0.0
2018-07-30,0.0,0.0,0.0,0.0,0.0,0.0,0.0,0.0,0.0,0.0
2018-07-31,0.0,0.0,0.0,0.0,0.0,0.0,0.0,0.0,0.0,0.0
2018-08-01,1.3,2.0,1.3,2.0,1.3,2.0,0.0,0.0,0.0,0.0
2018-08-02,0.0,0.0,0.0,0.0,0.0,0.0,0.0,0.0,0.0,0.0
2018-08-03,2.75,3.0,2.75,3.0,2.75,3.0,0.0,0.0,0.0,0.0
2018-08-04,0.0,0.0,0.0,0.0,0.0,0.0,0.0,0.0,0.0,0.0
2018-08-05,0.0,0.0,0.0,0.0,0.0,0.0,0.0,0.0,0.0,0.0
2018-08-06,0.0,0.0,0.0,0.0,0.0,0.0,0.0,0.0,0.0,0.0
2018-08-07,0.0,0.0,0.0,0.0,0.0,0.0,0.0,0.0,0.0,0.0
2018-08-08,0.55,1.0,0.55,1.0,0.55,1.0,0.0,0.0,0.0,0.0
2018-08-09,8.31,4.0,14.06,6.0,15.74,7.0,0.0,0.0,0.0,0.0
2018-08-10,0.0,0.0,3.48,1.0,3.48,1.0,0.0,0.0,0.0,0.0
2018-08-11,0.0,0.0,0.0,0.0,0.0,0.0,0.0,0.0,0.0,0.0
2018-08-12,0.0,0.0,0.0,0.0,0.0,0.0,0.0,0.0,0.0,0.0
2018-08-13,0.0,0.0,0.0,0.0,0.0,0.0,0.0,0.0,0.0,0.0
2018-08-14,0.0,0.0,0.0,0.0,3.27,2.0,0.0,0.0,0.0,0.0
2018-08-15,0.0,0.0,0.0,0.0,0.0,0.0,0.0,0.0,0.0,0.0
2018-08-16,0.0,0.0,1.99,1.0,1.99,1.0,0.0,0.0,0.0,0.0
2018-08-17,0.0,0.0,0.0,0.0,0.0,0.0,0.0,0.0,0.0,0.0
2018-08-18,0.0,0.0,0.0,0.0,1.15,1.0,0.0,0.0,0.0,0.0
2018-08-19,0.0,0.0,0.0,0.0,0.0,0.0,0.0,0.0,0.0,0.0
2018-08-20,0.44,1.0,0.44,1.0,0.44,1.0,0.0,0.0,0.0,0.0
2018-08-21,6.29,1.0,6.29,1.0,6.29,1.0,0.0,0.0,0.0,0.0
2018-08-22,0.0,0.0,0.0,0.0,0.0,0.0,0.0,0.0,0.0,0.0
2018-08-23,0.0,0.0,0.0,0.0,0.0,0.0,0.0,0.0,0.0,0.0
2018-08-24,0.0,0.0,0.0,0.0,0.0,0.0,0.0,0.0,0.0,0.0
2018-08-25,0.0,0.0,3.17,1.0,3.17,1.0,0.0,0.0,0.0,0.0
2018-08-26,0.0,0.0,0.0,0.0,0.0,0.0,0.0,0.0,0.0,0.0
2018-08-27,0.0,0.0,0.0,0.0,0.0,0.0,0.0,0.0,0.0,0.0
2018-08-28,0.0,0.0,0.0,0.0,0.0,0.0,0.0,0.0,0.0,0.0
2018-08-29,0.0,0.0,0.0,0.0,0.0,0.0,0.0,0.0,0.0,0.0
2018-08-30,0.0,0.0,0.0,0.0,3.85,1.0,0.0,0.0,0.0,0.0
2018-08-31,0.0,0.0,0.0,0.0,0.0,0.0,0.0,0.0,0.0,0.0
2018-09-01,0.0,0.0,0.0,0.0,0.0,0.0,0.0,0.0,0.0,0.0
2018-09-02,0.0,0.0,0.0,0.0,0.0,0.0,0.0,0.0,0.0,0.0
2018-09-03,0.0,0.0,0.0,0.0,0.0,0.0,0.0,0.0,0.0,0.0
2018-09-04,0.0,0.0,0.0,0.0,0.0,0.0,0.0,0.0,0.0,0.0
2018-09-05,1.44,1.0,1.44,1.0,1.44,1.0,0.0,0.0,0.0,0.0
2018-09-06,0.0,0.0,0.0,0.0,0.0,0.0,0.0,0.0,0.0,0.0
2018-09-07,0.0,0.0,0.0,0.0,0.0,0.0,0.0,0.0,0.0,0.0
2018-09-08,0.0,0.0,0.0,0.0,0.0,0.0,0.0,0.0,0.0,0.0
2018-09-09,0.0,0.0,0.0,0.0,0.0,0.0,0.0,0.0,0.0,0.0
2018-09-10,0.78,1.0,0.78,1.0,3.82,2.0,0.0,0.0,0.0,0.0
2018-09-11,0.0,0.0,0.0,0.0,1.17,1.0,0.0,0.0,0.0,0.0
2018-09-12,0.0,0.0,1.08,1.0,1.08,1.0,0.0,0.0,0.0,0.0
2018-09-13,0.0,0.0,0.82,1.0,0.82,1.0,0.0,0.0,0.0,0.0
2018-09-14,0.59,1.0,0.59,1.0,9.71,3.0,0.0,0.0,0.0,0.0
2018-09-15,2.63,2.0,2.63,2.0,25.42,8.0,0.0,0.0,0.0,0.0
2018-09-16,0.0,0.0,0.0,0.0,11.0,3.0,0.0,0.0,0.0,0.0
2018-09-17,0.0,0.0,0.0,0.0,0.0,0.0,0.0,0.0,0.0,0.0
2018-09-18,0.79,1.0,0.79,1.0,22.31,4.0,0.0,0.0,0.0,0.0
2018-09-19,0.0,0.0,12.45,2.0,27.92,5.0,0.0,0.0,0.0,0.0
2018-09-20,3.64,1.0,14.79,4.0,75.83,14.0,0.0,0.0,0.0,0.0
2018-09-21,0.0,0.0,17.85,6.0,180.53,42.0,0.0,0.0,0.0,0.0
2018-09-22,0.0,0.0,0.0,0.0,0.0,0.0,0.0,0.0,0.0,0.0
2018-09-23,0.0,0.0,0.0,0.0,0.0,0.0,0.0,0.0,0.0,0.0
2018-09-24,0.0,0.0,0.35,1.0,0.35,1.0,0.0,0.0,0.0,0.0
2018-09-25,0.0,0.0,0.0,0.0,0.0,0.0,0.0,0.0,0.0,0.0
2018-09-26,0.0,0.0,1.94,1.0,1.94,1.0,0.0,0.0,0.0,0.0
2018-09-27,1.25,1.0,1.25,1.0,1.25,1.0,0.0,0.0,0.0,0.0
2018-09-28,0.0,0.0,0.0,0.0,0.0,0.0,0.0,0.0,0.0,0.0
2018-09-29,0.0,0.0,3.45,1.0,3.45,1.0,0.0,0.0,0.0,0.0
2018-09-30,0.0,0.0,11.54,1.0,33.35,6.0,0.0,0.0,0.0,0.0
2018-10-01,4.92,6.0,4.92,6.0,50.78,18.0,0.0,0.0,0.0,0.0
2018-10-02,3.33,1.0,20.5,6.0,89.45,28.0,0.0,0.0,0.0,0.0
2018-10-03,0.0,0.0,8.31,1.0,29.95,8.0,0.0,0.0,0.0,0.0
2018-10-04,1.1,2.0,14.37,8.0,54.45,19.0,0.0,0.0,0.0,0.0
2018-10-05,0.0,0.0,4.68,1.0,153.37,27.0,0.0,0.0,0.0,0.0
2018-10-06,1.87,3.0,14.48,9.0,312.22,73.0,0.0,0.0,0.0,0.0
2018-10-07,9.24,7.0,88.77,38.0,782.4,230.0,0.0,0.0,0.0,0.0
2018-10-08,1.4,1.0,9.16,4.0,195.62,51.0,0.0,0.0,0.0,0.0
2018-10-09,0.0,0.0,10.54,4.0,216.86,51.0,0.0,0.0,0.0,0.0
2018-10-10,0.0,0.0,34.89,5.0,204.02,40.0,0.0,0.0,0.0,0.0
2018-10-11,14.65,3.0,65.43,15.0,386.17,91.0,0.0,0.0,0.0,0.0
2018-10-12,7.83,4.0,72.23,24.0,658.66,178.0,0.0,0.0,0.0,0.0
2018-10-13,1.74,2.0,105.77,23.0,925.99,194.0,0.0,0.0,0.0,0.0
2018-10-14,0.73,2.0,156.37,24.0,934.89,157.0,0.0,0.0,0.0,0.0
2018-10-15,0.0,0.0,73.33,11.0,685.49,132.0,0.0,0.0,0.0,0.0
2018-10-16,1.2,2.0,34.95,6.0,803.84,165.0,0.0,0.0,0.0,0.0
2018-10-17,4.28,3.0,219.57,42.0,1719.81,354.0,0.0,0.0,0.0,0.0
2018-10-18,4.18,3.0,139.62,37.0,1751.61,380.0,0.0,0.0,0.0,0.0
2018-10-19,2.54,1.0,142.84,34.0,1557.34,275.0,0.0,0.0,0.0,0.0
2018-10-20,0.0,0.0,24.01,8.0,1271.67,236.0,0.0,0.0,0.0,0.0
2018-10-21,1.55,2.0,147.83,24.0,2082.76,308.0,0.0,0.0,0.0,0.0
2018-10-22,4.91,4.0,181.41,30.0,1395.05,248.0,0.0,0.0,0.0,0.0
2018-10-23,7.97,4.0,145.34,39.0,1886.38,392.0,0.0,0.0,0.0,0.0
2018-10-24,0.0,0.0,84.46,14.0,1901.49,311.0,0.0,0.0,0.0,0.0
2018-10-25,0.0,0.0,136.05,31.0,1584.76,299.0,0.0,0.0,0.0,0.0
2018-10-26,1.99,3.0,19.45,7.0,2145.87,378.0,0.0,0.0,0.0,0.0
2018-10-27,6.15,4.0,100.07,28.0,3167.61,475.0,0.0,0.0,0.0,0.0
2018-10-28,4.27,2.0,234.35,53.0,4301.07,793.0,0.0,0.0,0.0,0.0
2018-10-29,4.17,2.0,50.55,12.0,2399.08,398.0,0.0,0.0,0.0,0.0
2018-10-30,0.0,0.0,17.67,6.0,1184.41,198.0,0.0,0.0,0.0,0.0
2018-10-31,0.0,0.0,57.73,11.0,3184.78,539.0,0.0,0.0,0.0,0.0
2018-11-01,0.0,0.0,43.86,7.0,3425.67,507.0,0.0,0.0,0.0,0.0
2018-11-02,2.71,5.0,95.32,24.0,4231.6,701.0,0.0,0.0,0.0,0.0
2018-11-03,6.2,4.0,115.85,27.0,2298.11,388.0,0.0,0.0,0.0,0.0
2018-11-04,1.75,1.0,17.0,7.0,1112.56,189.0,0.0,0.0,0.0,0.0
2018-11-05,0.0,0.0,2.41,1.0,1939.68,328.0,0.0,0.0,0.0,0.0
2018-11-06,7.56,10.0,48.15,24.0,3440.53,447.0,0.0,0.0,0.0,0.0
2018-11-07,21.77,8.0,126.24,36.0,4451.9,692.0,0.0,0.0,0.0,0.0
2018-11-08,7.27,4.0,39.03,17.0,3536.87,669.0,0.0,0.0,0.0,0.0
2018-11-09,15.25,5.0,50.45,14.0,1440.02,269.0,0.0,0.0,0.0,0.0
2018-11-10,4.69,3.0,10.7,5.0,1031.05,200.0,0.0,0.0,0.0,0.0
2018-11-11,1.06,2.0,9.78,6.0,1117.16,250.0,0.0,0.0,0.0,0.0
2018-11-12,11.77,4.0,37.75,12.0,1415.55,218.0,0.0,0.0,0.0,0.0
2018-11-13,15.51,5.0,53.89,21.0,1842.33,360.0,0.0,0.0,0.0,0.0
2018-11-14,3.08,2.0,35.58,11.0,1788.44,264.0,0.0,0.0,0.0,0.0
2018-11-15,1.46,2.0,10.08,5.0,544.55,111.0,0.0,0.0,0.0,0.0
2018-11-16,6.24,2.0,33.38,8.0,970.51,147.0,0.0,0.0,0.0,0.0
2018-11-17,15.56,4.0,49.44,10.0,837.64,152.0,0.0,0.0,0.0,0.0
2018-11-18,9.32,4.0,110.74,29.0,1084.54,223.0,0.0,0.0,0.0,0.0
2018-11-19,0.46,1.0,5.93,3.0,491.9,103.0,0.0,0.0,0.0,0.0
2018-11-20,8.56,1.0,97.44,20.0,355.7,67.0,0.0,0.0,0.0,0.0
2018-11-21,0.0,0.0,1.92,1.0,369.07,67.0,0.0,0.0,0.0,0.0
2018-11-22,0.64,1.0,69.12,19.0,548.6,81.0,0.0,0.0,0.0,0.0
2018-11-23,1.4,3.0,52.62,22.0,578.66,105.0,0.0,0.0,0.0,0.0
2018-11-24,5.63,3.0,133.15,23.0,379.73,84.0,0.0,0.0,0.0,0.0
2018-11-25,7.3,2.0,61.86,21.0,291.0,60.0,0.0,0.0,0.0,0.0
2018-11-26,2.93,1.0,21.7,5.0,106.52,25.0,0.0,0.0,0.0,0.0
2018-11-27,13.55,4.0,40.17,11.0,44.76,13.0,0.0,0.0,0.0,0.0
2018-11-28,31.66,9.0,92.56,24.0,237.25,55.0,0.0,0.0,0.0,0.0
2018-11-29,49.63,11.0,147.13,45.0,228.99,72.0,0.0,0.0,0.0,0.0
2018-11-30,14.17,4.0,70.07,18.0,190.86,51.0,0.0,0.0,0.0,0.0
2018-12-01,5.23,2.0,53.65,16.0,112.07,30.0,0.0,0.0,0.0,0.0
2018-12-02,6.53,2.0,39.57,11.0,64.07,21.0,0.0,0.0,0.0,0.0
2018-12-03,0.0,0.0,49.98,13.0,89.27,27.0,0.0,0.0,0.0,0.0
2018-12-04,21.89,10.0,182.4,48.0,262.95,72.0,0.0,0.0,0.0,0.0
2018-12-05,17.63,7.0,140.57,49.0,254.19,93.0,0.0,0.0,0.0,0.0
2018-12-06,15.68,5.0,68.2,25.0,123.5,48.0,0.0,0.0,0.0,0.0
2018-12-07,22.77,8.0,56.45,21.0,115.44,40.0,0.0,0.0,0.0,0.0
2018-12-08,17.01,7.0,48.89,19.0,120.87,44.0,0.0,0.0,0.0,0.0
2018-12-09,28.86,9.0,189.31,47.0,316.41,75.0,0.0,0.0,0.0,0.0
2018-12-10,34.67,12.0,127.85,43.0,217.17,78.0,0.0,0.0,0.0,0.0
2018-12-11,15.72,5.0,87.86,23.0,146.4,38.0,0.0,0.0,0.0,0.0
2018-12-12,6.91,2.0,6.91,2.0,6.91,2.0,0.0,0.0,0.0,0.0
2018-12-13,2.68,2.0,16.59,7.0,29.17,13.0,0.0,0.0,0.0,0.0
2018-12-14,20.72,8.0,68.81,25.0,135.82,44.0,0.0,0.0,0.0,0.0
2018-12-15,23.22,11.0,170.05,66.0,290.57,109.0,0.0,0.0,0.0,0.0
2018-12-16,41.88,11.0,161.33,57.0,299.9,98.0,0.0,0.0,0.0,0.0
2018-12-17,0.93,1.0,38.77,16.0,74.05,29.0,0.0,0.0,0.0,0.0
2018-12-18,34.3,9.0,49.84,15.0,83.87,31.0,0.0,0.0,0.0,0.0
2018-12-19,45.27,11.0,109.7,26.0,181.71,43.0,0.0,0.0,0.0,0.0
2018-12-20,59.15,22.0,196.9,65.0,335.17,104.0,0.0,0.0,0.0,0.0
2018-12-21,37.5,14.0,135.84,47.0,217.1,78.0,0.0,0.0,0.0,0.0
2018-12-22,28.35,11.0,141.12,45.0,190.04,62.0,0.0,0.0,0.0,0.0
2018-12-23,24.79,7.0,80.08,18.0,144.46,35.0,0.0,0.0,0.0,0.0
2018-12-24,24.69,9.0,68.17,25.0,141.56,53.0,0.0,0.0,0.0,0.0
2018-12-25,8.76,4.0,52.03,14.0,197.96,48.0,0.0,0.0,0.0,0.0
2018-12-26,31.07,12.0,111.22,40.0,224.19,75.0,0.0,0.0,0.0,0.0
2018-12-27,32.5,10.0,124.25,33.0,182.49,55.0,0.0,0.0,0.0,0.0
2018-12-28,3.46,2.0,15.24,7.0,27.03,12.0,0.0,0.0,0.0,0.0
2018-12-29,17.04,5.0,88.13,27.0,106.5,33.0,0.0,0.0,0.0,0.0
2018-12-30,29.01,9.0,112.16,35.0,211.22,59.0,0.0,0.0,0.0,0.0
2018-12-31,23.99,12.0,121.94,42.0,196.81,68.0,0.0,0.0,0.0,0.0
2019-01-01,27.67,8.0,88.25,31.0,181.35,64.0,0.0,0.0,0.0,0.0
2019-01-02,8.79,2.0,40.51,11.0,99.72,31.0,0.0,0.0,0.0,0.0
2019-01-03,0.0,0.0,30.26,8.0,62.46,18.0,0.0,0.0,0.0,0.0
2019-01-04,7.15,2.0,7.15,2.0,7.15,2.0,0.0,0.0,0.0,0.0
2019-01-05,12.78,6.0,37.12,16.0,79.87,28.0,0.0,0.0,0.0,0.0
2019-01-06,2.62,1.0,22.84,9.0,58.43,18.0,0.0,0.0,0.0,0.0
2019-01-07,5.11,1.0,21.22,9.0,39.38,15.0,0.0,0.0,0.0,0.0
2019-01-08,3.17,4.0,7.27,6.0,10.62,8.0,0.0,0.0,0.0,0.0
2019-01-09,13.72,5.0,40.54,14.0,89.36,27.0,0.0,0.0,0.0,0.0
2019-01-10,6.19,7.0,44.52,14.0,92.52,23.0,0.0,0.0,0.0,0.0
2019-01-11,34.23,15.0,133.5,45.0,212.61,74.0,0.0,0.0,0.0,0.0
2019-01-12,37.18,8.0,82.77,21.0,130.28,34.0,0.0,0.0,0.0,0.0
2019-01-13,10.7,6.0,34.38,13.0,63.89,19.0,0.0,0.0,0.0,0.0
2019-01-14,11.32,3.0,36.68,10.0,148.14,31.0,0.0,0.0,0.0,0.0
2019-01-15,0.6,1.0,1.09,2.0,2.62,3.0,0.0,0.0,0.0,0.0
2019-01-16,8.83,2.0,29.06,11.0,37.46,15.0,0.0,0.0,0.0,0.0
2019-01-17,46.22,14.0,128.67,36.0,168.4,52.0,0.0,0.0,0.0,0.0
2019-01-18,0.0,0.0,7.94,2.0,58.26,12.0,0.0,0.0,0.0,0.0
2019-01-19,3.91,1.0,18.19,5.0,29.15,9.0,0.0,0.0,0.0,0.0
2019-01-20,13.73,2.0,46.07,9.0,91.32,19.0,0.0,0.0,0.0,0.0
2019-01-21,0.0,0.0,50.7,3.0,52.89,4.0,0.0,0.0,0.0,0.0
2019-01-22,0.0,0.0,0.0,0.0,0.0,0.0,0.0,0.0,0.0,0.0
2019-01-23,0.0,0.0,0.0,0.0,0.0,0.0,0.0,0.0,0.0,0.0
2019-01-24,0.0,0.0,0.0,0.0,0.0,0.0,0.0,0.0,0.0,0.0
2019-01-25,0.0,0.0,1.73,1.0,8.2,4.0,0.0,0.0,0.0,0.0
2019-01-26,9.63,4.0,28.31,9.0,61.84,21.0,0.0,0.0,0.0,0.0
2019-01-27,0.0,0.0,26.69,9.0,75.26,23.0,0.0,0.0,0.0,0.0
2019-01-28,18.42,4.0,100.21,17.0,140.73,28.0,0.0,0.0,0.0,0.0
2019-01-29,5.48,3.0,36.6,11.0,85.44,27.0,0.0,0.0,0.0,0.0
2019-01-30,0.0,0.0,2.37,1.0,2.37,1.0,0.0,0.0,0.0,0.0
2019-01-31,19.58,5.0,26.53,7.0,42.46,9.0,0.0,0.0,0.0,0.0
2019-02-01,2.57,1.0,43.06,12.0,94.99,29.0,0.0,0.0,0.0,0.0
2019-02-02,9.35,2.0,67.82,19.0,153.02,47.0,0.0,0.0,0.0,0.0
2019-02-03,0.0,0.0,4.36,2.0,15.68,6.0,0.0,0.0,0.0,0.0
2019-02-04,15.58,5.0,38.84,13.0,55.96,20.0,0.0,0.0,0.0,0.0
2019-02-05,0.0,0.0,22.02,5.0,61.19,18.0,0.0,0.0,0.0,0.0
2019-02-06,13.82,6.0,57.18,19.0,151.36,37.0,0.0,0.0,0.0,0.0
2019-02-07,0.0,0.0,0.0,0.0,0.0,0.0,0.0,0.0,0.0,0.0
2019-02-08,0.7,2.0,0.7,2.0,0.7,2.0,0.0,0.0,0.0,0.0
2019-02-09,0.0,0.0,4.56,2.0,16.6,4.0,0.0,0.0,0.0,0.0
2019-02-10,1.97,1.0,21.31,4.0,39.21,7.0,0.0,0.0,0.0,0.0
2019-02-11,8.31,3.0,44.25,11.0,79.24,18.0,0.0,0.0,0.0,0.0
2019-02-12,21.94,2.0,41.27,10.0,112.73,26.0,0.0,0.0,0.0,0.0
2019-02-13,0.0,0.0,13.07,3.0,22.23,6.0,0.0,0.0,0.0,0.0
2019-02-14,0.0,0.0,0.0,0.0,1.64,1.0,0.0,0.0,0.0,0.0
2019-02-15,0.0,0.0,0.0,0.0,0.0,0.0,0.0,0.0,0.0,0.0
2019-02-16,0.0,0.0,0.0,0.0,7.47,2.0,0.0,0.0,0.0,0.0
2019-02-17,4.21,2.0,21.93,8.0,25.87,10.0,0.0,0.0,0.0,0.0
2019-02-18,0.0,0.0,10.19,4.0,30.36,10.0,0.0,0.0,0.0,0.0
2019-02-19,0.0,0.0,15.68,4.0,30.14,7.0,0.0,0.0,0.0,0.0
2019-02-20,0.0,0.0,0.0,0.0,0.0,0.0,0.0,0.0,0.0,0.0
2019-02-21,1.24,2.0,5.64,3.0,12.09,5.0,0.0,0.0,0.0,0.0
2019-02-22,5.89,3.0,49.68,18.0,103.52,36.0,0.0,0.0,0.0,0.0
2019-02-23,15.79,6.0,39.0,16.0,167.83,55.0,0.0,0.0,0.0,0.0
2019-02-24,19.27,12.0,95.05,37.0,232.29,55.0,0.0,0.0,0.0,0.0
2019-02-25,18.9,3.0,67.57,11.0,134.09,33.0,0.0,0.0,0.0,0.0
2019-02-26,0.0,0.0,0.0,0.0,7.32,1.0,0.0,0.0,0.0,0.0
2019-02-27,0.57,1.0,31.89,6.0,40.86,8.0,0.0,0.0,0.0,0.0
2019-02-28,17.36,9.0,51.45,22.0,82.69,35.0,0.0,0.0,0.0,0.0
2019-03-01,18.2,4.0,50.28,12.0,92.95,20.0,0.0,0.0,0.0,0.0
2019-03-02,0.0,0.0,0.0,0.0,0.0,0.0,0.0,0.0,0.0,0.0
2019-03-03,0.0,0.0,0.0,0.0,2.53,3.0,0.0,0.0,0.0,0.0
2019-03-04,4.58,5.0,24.92,12.0,25.37,13.0,0.0,0.0,0.0,0.0
2019-03-05,2.82,2.0,39.5,14.0,83.1,30.0,0.0,0.0,0.0,0.0
2019-03-06,7.27,4.0,51.43,16.0,156.42,37.0,0.0,0.0,0.0,0.0
2019-03-07,18.88,5.0,53.32,9.0,123.14,22.0,0.0,0.0,0.0,0.0
2019-03-08,0.0,0.0,49.15,3.0,61.21,7.0,0.0,0.0,0.0,0.0
2019-03-09,11.7,5.0,21.55,8.0,147.67,20.0,0.0,0.0,0.0,0.0
2019-03-10,6.57,5.0,76.33,19.0,129.84,33.0,0.0,0.0,0.0,0.0
2019-03-11,2.65,2.0,16.29,6.0,31.71,10.0,0.0,0.0,0.0,0.0
2019-03-12,0.0,0.0,20.72,5.0,26.55,7.0,0.0,0.0,0.0,0.0
2019-03-13,0.0,0.0,0.55,1.0,1.34,2.0,0.0,0.0,0.0,0.0
2019-03-14,0.73,2.0,1.26,3.0,10.72,6.0,0.0,0.0,0.0,0.0
2019-03-15,3.07,5.0,15.22,10.0,73.53,29.0,0.0,0.0,0.0,0.0
2019-03-16,1.04,1.0,16.35,4.0,36.41,10.0,0.0,0.0,0.0,0.0
2019-03-17,8.19,2.0,54.81,11.0,94.74,26.0,0.0,0.0,0.0,0.0
2019-03-18,32.27,9.0,33.42,10.0,67.23,19.0,0.0,0.0,0.0,0.0
2019-03-19,19.7,5.0,34.42,9.0,55.21,13.0,0.0,0.0,0.0,0.0
2019-03-20,0.96,2.0,8.31,6.0,51.4,31.0,0.0,0.0,0.0,0.0
2019-03-21,5.82,2.0,42.93,11.0,55.68,14.0,0.0,0.0,0.0,0.0
2019-03-22,5.56,2.0,56.72,13.0,92.33,23.0,0.0,0.0,0.0,0.0
2019-03-23,11.7,4.0,11.7,4.0,42.8,13.0,0.0,0.0,0.0,0.0
2019-03-24,0.0,0.0,0.0,0.0,24.07,8.0,0.0,0.0,0.0,0.0
2019-03-25,0.0,0.0,16.31,4.0,24.46,7.0,0.0,0.0,0.0,0.0
2019-03-26,3.52,4.0,8.98,6.0,32.63,15.0,0.0,0.0,0.0,0.0
2019-03-27,2.94,5.0,19.75,8.0,47.29,17.0,0.0,0.0,0.0,0.0
2019-03-28,0.0,0.0,9.47,2.0,35.71,9.0,0.0,0.0,0.0,0.0
2019-03-29,2.64,2.0,23.32,5.0,38.6,9.0,0.0,0.0,0.0,0.0
2019-03-30,1.85,1.0,3.25,2.0,30.66,7.0,0.0,0.0,0.0,0.0
2019-03-31,1.53,3.0,54.86,9.0,64.1,18.0,0.0,0.0,0.0,0.0
2019-04-01,15.48,5.0,25.42,8.0,64.98,22.0,0.0,0.0,0.0,0.0
2019-04-02,0.0,0.0,11.43,4.0,241.29,26.0,0.0,0.0,0.0,0.0
2019-04-03,1.89,2.0,16.74,7.0,43.7,13.0,0.0,0.0,0.0,0.0
2019-04-04,4.49,2.0,29.46,6.0,37.89,9.0,0.0,0.0,0.0,0.0
2019-04-05,2.5,2.0,4.21,3.0,69.41,13.0,0.0,0.0,0.0,0.0
2019-04-06,5.25,1.0,10.26,3.0,35.95,10.0,0.0,0.0,0.0,0.0
2019-04-07,0.0,0.0,8.12,2.0,15.14,5.0,0.0,0.0,0.0,0.0
2019-04-08,3.41,1.0,9.46,4.0,10.25,5.0,0.0,0.0,0.0,0.0
2019-04-09,0.0,0.0,16.13,4.0,55.1,16.0,0.0,0.0,0.0,0.0
2019-04-10,0.0,0.0,2.41,1.0,85.61,10.0,0.0,0.0,0.0,0.0
2019-04-11,1.58,2.0,29.26,10.0,71.81,17.0,0.0,0.0,0.0,0.0
2019-04-12,1.13,3.0,3.8,4.0,20.49,8.0,0.0,0.0,0.0,0.0
2019-04-13,1.06,2.0,10.95,6.0,39.82,13.0,0.0,0.0,0.0,0.0
2019-04-14,0.0,0.0,10.67,7.0,21.82,16.0,0.0,0.0,0.0,0.0
2019-04-15,1.01,1.0,1.01,1.0,33.91,11.0,0.0,0.0,0.0,0.0
2019-04-16,0.0,0.0,0.0,0.0,0.0,0.0,0.0,0.0,0.0,0.0
2019-04-17,0.0,0.0,2.89,2.0,2.89,2.0,0.0,0.0,0.0,0.0
2019-04-18,0.53,1.0,0.53,1.0,4.36,2.0,0.0,0.0,0.0,0.0
2019-04-19,0.0,0.0,19.67,7.0,25.09,10.0,0.0,0.0,0.0,0.0
2019-04-20,4.49,1.0,18.77,3.0,61.53,11.0,0.0,0.0,0.0,0.0
2019-04-21,35.08,4.0,35.08,4.0,104.24,21.0,0.0,0.0,0.0,0.0
2019-04-22,21.57,5.0,60.91,14.0,196.83,27.0,0.0,0.0,0.0,0.0
2019-04-23,0.0,0.0,27.4,7.0,70.72,22.0,0.0,0.0,0.0,0.0
2019-04-24,59.61,4.0,154.4,12.0,173.52,18.0,0.0,0.0,0.0,0.0
2019-04-25,16.66,3.0,79.28,14.0,138.73,24.0,0.0,0.0,0.0,0.0
2019-04-26,36.21,4.0,380.11,32.0,692.57,79.0,0.0,0.0,0.0,0.0
2019-04-27,183.79,24.0,1953.74,136.0,6983.58,335.0,0.0,0.0,0.0,0.0
2019-04-28,0.9,1.0,174.93,18.0,2386.61,108.0,0.0,0.0,0.0,0.0
2019-04-29,74.3,8.0,297.32,39.0,506.11,79.0,0.0,0.0,0.0,0.0
2019-04-30,38.36,11.0,572.21,78.0,1421.58,197.0,0.0,0.0,0.0,0.0
2019-05-01,67.7,13.0,353.62,70.0,546.27,123.0,0.0,0.0,0.0,0.0
2019-05-02,0.0,0.0,332.04,41.0,664.51,97.0,0.0,0.0,0.0,0.0
2019-05-03,25.84,4.0,132.48,23.0,257.55,66.0,0.0,0.0,0.0,0.0
2019-05-04,251.4,16.0,2632.56,207.0,3313.22,315.0,0.0,0.0,0.0,0.0
2019-05-05,304.74,56.0,1804.42,296.0,4866.2,595.0,0.0,0.0,0.0,0.0
2019-05-06,738.32,77.0,3783.43,387.0,6320.1,727.0,0.0,0.0,0.0,0.0
2019-05-07,110.22,31.0,1671.87,256.0,5079.42,566.0,0.0,0.0,0.0,0.0
2019-05-08,444.39,82.0,2100.54,341.0,4936.28,792.0,0.0,0.0,0.0,0.0
2019-05-09,117.41,23.0,1283.89,166.0,4816.05,576.0,0.0,0.0,0.0,0.0
2019-05-10,197.38,36.0,1332.39,220.0,4652.3,723.0,0.0,0.0,0.0,0.0
2019-05-11,209.59,31.0,863.56,133.0,2469.7,494.0,0.0,0.0,0.0,0.0
2019-05-12,64.3,17.0,596.79,111.0,2507.45,514.0,0.0,0.0,0.0,0.0
2019-05-13,280.89,35.0,1571.56,209.0,6272.09,717.0,0.0,0.0,0.0,0.0
2019-05-14,40.83,7.0,143.09,28.0,569.07,111.0,0.0,0.0,0.0,0.0
2019-05-15,0.0,0.0,79.55,18.0,289.14,63.0,0.0,0.0,0.0,0.0
2019-05-16,56.71,10.0,160.57,38.0,996.73,199.0,0.0,0.0,0.0,0.0
2019-05-17,64.08,11.0,589.96,74.0,1394.33,204.0,0.0,0.0,0.0,0.0
2019-05-18,43.65,11.0,276.91,53.0,1956.62,360.0,0.0,0.0,0.0,0.0
2019-05-19,62.55,9.0,273.5,47.0,1296.99,242.0,0.0,0.0,0.0,0.0
2019-05-20,83.5,6.0,516.36,83.0,840.48,153.0,0.0,0.0,0.0,0.0
2019-05-21,22.7,8.0,212.39,64.0,1013.79,241.0,0.0,0.0,0.0,0.0
2019-05-22,20.01,3.0,163.46,23.0,784.28,164.0,0.0,0.0,0.0,0.0
2019-05-23,39.68,10.0,120.35,26.0,381.72,64.0,0.0,0.0,0.0,0.0
2019-05-24,0.73,1.0,2.26,2.0,113.0,29.0,0.0,0.0,0.0,0.0
2019-05-25,48.97,10.0,133.67,28.0,594.09,125.0,0.0,0.0,0.0,0.0
2019-05-26,30.0,4.0,179.87,20.0,763.25,106.0,0.0,0.0,0.0,0.0
2019-05-27,60.65,10.0,152.87,28.0,841.23,158.0,0.0,0.0,0.0,0.0
2019-05-28,61.88,12.0,135.23,23.0,560.47,101.0,0.0,0.0,0.0,0.0
2019-05-29,10.69,2.0,104.99,18.0,555.46,118.0,0.0,0.0,0.0,0.0
2019-05-30,0.0,0.0,2.64,1.0,251.09,50.0,0.0,0.0,0.0,0.0
2019-05-31,0.0,0.0,6.55,1.0,245.31,36.0,0.0,0.0,0.0,0.0
2019-06-01,7.87,1.0,30.25,6.0,238.94,48.0,0.0,0.0,0.0,0.0
2019-06-02,2.67,1.0,51.19,5.0,113.55,21.0,0.0,0.0,0.0,0.0
2019-06-03,0.46,1.0,112.74,8.0,185.19,30.0,0.0,0.0,0.0,0.0
2019-06-04,8.49,3.0,8.49,3.0,72.66,16.0,0.0,0.0,0.0,0.0
2019-06-05,9.86,2.0,27.23,6.0,79.08,20.0,0.0,0.0,0.0,0.0
2019-06-06,34.41,6.0,44.51,11.0,55.48,14.0,0.0,0.0,0.0,0.0
2019-06-07,0.0,0.0,5.87,1.0,50.0,10.0,0.0,0.0,0.0,0.0
2019-06-08,0.0,0.0,20.23,3.0,94.96,24.0,0.0,0.0,0.0,0.0
2019-06-09,6.5,1.0,6.5,1.0,86.28,30.0,0.0,0.0,0.0,0.0
2019-06-10,5.83,1.0,7.61,2.0,161.45,26.0,0.0,0.0,0.0,0.0
2019-06-11,0.0,0.0,2.49,1.0,47.34,12.0,0.0,0.0,0.0,0.0
2019-06-12,0.0,0.0,0.0,0.0,12.76,5.0,0.0,0.0,0.0,0.0
2019-06-13,2.08,1.0,7.74,3.0,32.23,11.0,0.0,0.0,0.0,0.0
2019-06-14,18.13,5.0,25.91,7.0,135.32,37.0,0.0,0.0,0.0,0.0
2019-06-15,0.0,0.0,0.0,0.0,157.32,35.0,0.0,0.0,0.0,0.0
2019-06-16,0.0,0.0,0.0,0.0,3.37,3.0,0.0,0.0,0.0,0.0
2019-06-17,0.0,0.0,0.0,0.0,15.01,3.0,0.0,0.0,0.0,0.0
2019-06-18,0.57,1.0,0.57,1.0,2.42,2.0,0.0,0.0,0.0,0.0
2019-06-19,7.9,2.0,19.93,3.0,22.14,5.0,0.0,0.0,0.0,0.0
2019-06-20,1.35,1.0,2.67,2.0,12.87,7.0,0.0,0.0,0.0,0.0
2019-06-21,0.0,0.0,0.0,0.0,5.43,3.0,0.0,0.0,0.0,0.0
2019-06-22,3.56,2.0,3.56,2.0,38.72,12.0,0.0,0.0,0.0,0.0
2019-06-23,0.0,0.0,0.0,0.0,30.35,7.0,0.0,0.0,0.0,0.0
2019-06-24,0.0,0.0,11.1,3.0,23.31,5.0,0.0,0.0,0.0,0.0
2019-06-25,0.0,0.0,5.74,2.0,29.19,6.0,0.0,0.0,0.0,0.0
2019-06-26,0.0,0.0,6.78,2.0,15.92,5.0,0.0,0.0,0.0,0.0
2019-06-27,7.66,2.0,7.66,2.0,12.11,4.0,0.0,0.0,0.0,0.0
2019-06-28,0.0,0.0,6.75,2.0,30.87,7.0,0.0,0.0,0.0,0.0
2019-06-29,0.0,0.0,17.94,4.0,50.28,11.0,0.0,0.0,0.0,0.0
2019-06-30,4.84,2.0,15.96,4.0,31.02,7.0,0.0,0.0,0.0,0.0
2019-07-01,0.0,0.0,0.0,0.0,0.0,0.0,0.0,0.0,0.0,0.0
2019-07-02,0.0,0.0,0.0,0.0,4.87,3.0,0.0,0.0,0.0,0.0
2019-07-03,9.62,2.0,9.62,2.0,15.28,4.0,0.0,0.0,0.0,0.0
2019-07-04,0.0,0.0,0.0,0.0,0.0,0.0,0.0,0.0,0.0,0.0
2019-07-05,0.0,0.0,0.0,0.0,0.0,0.0,0.0,0.0,0.0,0.0
2019-07-06,0.0,0.0,0.0,0.0,0.0,0.0,0.0,0.0,0.0,0.0
2019-07-07,0.0,0.0,0.0,0.0,0.0,0.0,0.0,0.0,0.0,0.0
2019-07-08,0.0,0.0,0.0,0.0,0.0,0.0,0.0,0.0,0.0,0.0
2019-07-09,0.0,0.0,0.0,0.0,0.0,0.0,0.0,0.0,0.0,0.0
2019-07-10,0.0,0.0,0.0,0.0,0.0,0.0,0.0,0.0,0.0,0.0
2019-07-11,0.0,0.0,0.0,0.0,4.86,2.0,0.0,0.0,0.0,0.0
2019-07-12,0.0,0.0,0.0,0.0,0.0,0.0,0.0,0.0,0.0,0.0
2019-07-13,0.0,0.0,0.0,0.0,0.0,0.0,0.0,0.0,0.0,0.0
2019-07-14,0.0,0.0,0.0,0.0,0.0,0.0,0.0,0.0,0.0,0.0
2019-07-15,0.0,0.0,0.0,0.0,0.0,0.0,0.0,0.0,0.0,0.0
2019-07-16,0.0,0.0,0.0,0.0,0.0,0.0,0.0,0.0,0.0,0.0
2019-07-17,0.0,0.0,0.0,0.0,0.0,0.0,0.0,0.0,0.0,0.0
2019-07-18,0.0,0.0,0.0,0.0,2.59,1.0,0.0,0.0,0.0,0.0
2019-07-19,0.0,0.0,0.0,0.0,0.0,0.0,0.0,0.0,0.0,0.0
2019-07-20,1.73,2.0,2.78,3.0,2.78,3.0,0.0,0.0,0.0,0.0
2019-07-21,0.0,0.0,0.0,0.0,8.57,2.0,0.0,0.0,0.0,0.0
2019-07-22,0.0,0.0,2.75,1.0,2.75,1.0,0.0,0.0,0.0,0.0
2019-07-23,0.0,0.0,0.0,0.0,6.81,1.0,0.0,0.0,0.0,0.0
2019-07-24,0.0,0.0,0.0,0.0,0.0,0.0,0.0,0.0,0.0,0.0
2019-07-25,0.0,0.0,0.0,0.0,0.0,0.0,0.0,0.0,0.0,0.0
2019-07-26,0.0,0.0,0.0,0.0,0.0,0.0,0.0,0.0,0.0,0.0
2019-07-27,0.0,0.0,0.0,0.0,0.0,0.0,0.0,0.0,0.0,0.0
2019-07-28,0.0,0.0,0.0,0.0,0.0,0.0,0.0,0.0,0.0,0.0
2019-07-29,0.0,0.0,0.0,0.0,0.0,0.0,0.0,0.0,0.0,0.0
2019-07-30,0.0,0.0,0.0,0.0,0.0,0.0,0.0,0.0,0.0,0.0
2019-07-31,0.0,0.0,0.0,0.0,0.0,0.0,0.0,0.0,0.0,0.0
2019-08-01,0.0,0.0,0.0,0.0,0.0,0.0,0.0,0.0,0.0,0.0
2019-08-02,0.0,0.0,0.0,0.0,0.0,0.0,0.0,0.0,0.0,0.0
2019-08-03,0.0,0.0,0.0,0.0,0.0,0.0,0.0,0.0,0.0,0.0
2019-08-04,0.0,0.0,2.68,1.0,2.68,1.0,0.0,0.0,0.0,0.0
2019-08-05,0.0,0.0,0.0,0.0,0.0,0.0,0.0,0.0,0.0,0.0
2019-08-06,0.0,0.0,0.0,0.0,0.0,0.0,0.0,0.0,0.0,0.0
2019-08-07,0.0,0.0,0.0,0.0,0.0,0.0,0.0,0.0,0.0,0.0
2019-08-08,0.0,0.0,0.0,0.0,3.94,1.0,0.0,0.0,0.0,0.0
2019-08-09,2.74,2.0,2.74,2.0,7.26,3.0,0.0,0.0,0.0,0.0
2019-08-10,1.5,1.0,1.5,1.0,1.5,1.0,0.0,0.0,0.0,0.0
2019-08-11,0.0,0.0,0.0,0.0,0.0,0.0,0.0,0.0,0.0,0.0
2019-08-12,0.0,0.0,0.0,0.0,0.0,0.0,0.0,0.0,0.0,0.0
2019-08-13,0.0,0.0,0.0,0.0,0.0,0.0,0.0,0.0,0.0,0.0
2019-08-14,0.0,0.0,0.0,0.0,0.0,0.0,0.0,0.0,0.0,0.0
2019-08-15,0.0,0.0,0.0,0.0,0.0,0.0,0.0,0.0,0.0,0.0
2019-08-16,0.0,0.0,0.0,0.0,0.0,0.0,0.0,0.0,0.0,0.0
2019-08-17,0.0,0.0,0.0,0.0,0.0,0.0,0.0,0.0,0.0,0.0
2019-08-18,0.0,0.0,0.0,0.0,0.0,0.0,0.0,0.0,0.0,0.0
2019-08-19,0.0,0.0,0.0,0.0,0.0,0.0,0.0,0.0,0.0,0.0
2019-08-20,0.0,0.0,0.0,0.0,0.0,0.0,0.0,0.0,0.0,0.0
2019-08-21,0.0,0.0,0.0,0.0,2.18,1.0,0.0,0.0,0.0,0.0
2019-08-22,1.63,2.0,1.63,2.0,1.63,2.0,0.0,0.0,0.0,0.0
2019-08-23,0.0,0.0,0.0,0.0,5.75,3.0,0.0,0.0,0.0,0.0
2019-08-24,0.0,0.0,0.0,0.0,0.0,0.0,0.0,0.0,0.0,0.0
2019-08-25,18.65,6.0,18.65,6.0,18.65,6.0,0.0,0.0,0.0,0.0
2019-08-26,0.0,0.0,0.0,0.0,0.0,0.0,0.0,0.0,0.0,0.0
2019-08-27,0.0,0.0,0.0,0.0,0.0,0.0,0.0,0.0,0.0,0.0
2019-08-28,0.0,0.0,0.0,0.0,0.0,0.0,0.0,0.0,0.0,0.0
2019-08-29,0.0,0.0,0.0,0.0,0.0,0.0,0.0,0.0,0.0,0.0
2019-08-30,0.0,0.0,0.0,0.0,4.74,1.0,0.0,0.0,0.0,0.0
2019-08-31,0.0,0.0,0.0,0.0,0.0,0.0,0.0,0.0,0.0,0.0
2019-09-01,0.0,0.0,0.0,0.0,0.0,0.0,0.0,0.0,0.0,0.0
2019-09-02,2.25,2.0,2.25,2.0,8.57,4.0,0.0,0.0,0.0,0.0
2019-09-03,0.0,0.0,0.0,0.0,6.71,2.0,0.0,0.0,0.0,0.0
2019-09-04,0.0,0.0,0.0,0.0,0.0,0.0,0.0,0.0,0.0,0.0
2019-09-05,0.0,0.0,0.0,0.0,0.0,0.0,0.0,0.0,0.0,0.0
2019-09-06,0.0,0.0,0.0,0.0,0.0,0.0,0.0,0.0,0.0,0.0
2019-09-07,0.0,0.0,0.0,0.0,0.0,0.0,0.0,0.0,0.0,0.0
2019-09-08,2.21,1.0,2.21,1.0,7.38,2.0,0.0,0.0,0.0,0.0
2019-09-09,0.0,0.0,0.0,0.0,0.0,0.0,0.0,0.0,0.0,0.0
2019-09-10,0.0,0.0,0.74,1.0,0.74,1.0,0.0,0.0,0.0,0.0
2019-09-11,0.0,0.0,0.0,0.0,0.0,0.0,0.0,0.0,0.0,0.0
2019-09-12,0.0,0.0,0.0,0.0,0.0,0.0,0.0,0.0,0.0,0.0
2019-09-13,5.63,2.0,5.63,2.0,13.68,5.0,0.0,0.0,0.0,0.0
2019-09-14,0.0,0.0,0.0,0.0,0.0,0.0,0.0,0.0,0.0,0.0
2019-09-15,0.0,0.0,0.0,0.0,24.07,3.0,0.0,0.0,0.0,0.0
2019-09-16,0.0,0.0,0.0,0.0,0.0,0.0,0.0,0.0,0.0,0.0
2019-09-17,0.0,0.0,0.0,0.0,10.68,2.0,0.0,0.0,0.0,0.0
2019-09-18,4.59,3.0,6.62,4.0,32.04,11.0,0.0,0.0,0.0,0.0
2019-09-19,0.0,0.0,1.22,2.0,5.05,6.0,0.0,0.0,0.0,0.0
2019-09-20,0.0,0.0,0.0,0.0,28.95,6.0,0.0,0.0,0.0,0.0
2019-09-21,0.0,0.0,0.0,0.0,23.53,8.0,0.0,0.0,0.0,0.0
2019-09-22,0.0,0.0,13.75,1.0,60.41,10.0,0.0,0.0,0.0,0.0
2019-09-23,2.79,4.0,7.68,6.0,45.9,14.0,0.0,0.0,0.0,0.0
2019-09-24,2.88,4.0,2.88,4.0,145.82,39.0,0.0,0.0,0.0,0.0
2019-09-25,0.0,0.0,10.35,2.0,39.87,12.0,0.0,0.0,0.0,0.0
2019-09-26,0.0,0.0,32.51,5.0,46.21,10.0,0.0,0.0,0.0,0.0
2019-09-27,0.0,0.0,31.02,3.0,59.0,11.0,0.0,0.0,0.0,0.0
2019-09-28,0.0,0.0,0.0,0.0,58.16,12.0,0.0,0.0,0.0,0.0
2019-09-29,1.07,3.0,1.07,3.0,16.02,6.0,0.0,0.0,0.0,0.0
2019-09-30,0.0,0.0,0.0,0.0,24.94,7.0,0.0,0.0,0.0,0.0
2019-10-01,0.0,0.0,0.0,0.0,3.75,2.0,0.0,0.0,0.0,0.0
2019-10-02,0.0,0.0,0.0,0.0,10.2,3.0,0.0,0.0,0.0,0.0
2019-10-03,0.0,0.0,0.0,0.0,53.7,10.0,0.0,0.0,0.0,0.0
2019-10-04,0.96,3.0,13.12,6.0,138.52,37.0,0.0,0.0,0.0,0.0
2019-10-05,3.25,2.0,28.11,8.0,147.97,43.0,0.0,0.0,0.0,0.0
2019-10-06,0.68,1.0,11.71,4.0,109.91,35.0,0.0,0.0,0.0,0.0
2019-10-07,0.42,1.0,1.24,2.0,106.34,24.0,0.0,0.0,0.0,0.0
2019-10-08,0.0,0.0,27.25,6.0,460.75,79.0,0.0,0.0,0.0,0.0
2019-10-09,0.9,2.0,81.74,16.0,454.52,93.0,0.0,0.0,0.0,0.0
2019-10-10,2.81,1.0,70.85,21.0,798.43,203.0,0.0,0.0,0.0,0.0
2019-10-11,6.03,2.0,42.26,11.0,817.23,157.0,0.0,0.0,0.0,0.0
2019-10-12,0.8,1.0,23.82,6.0,455.65,126.0,0.0,0.0,0.0,0.0
2019-10-13,0.0,0.0,63.83,12.0,686.0,167.0,0.0,0.0,0.0,0.0
2019-10-14,0.0,0.0,32.95,9.0,809.28,149.0,0.0,0.0,0.0,0.0
2019-10-15,7.28,3.0,53.17,20.0,1261.99,302.0,0.0,0.0,0.0,0.0
2019-10-16,0.0,0.0,72.08,22.0,946.13,201.0,0.0,0.0,0.0,0.0
2019-10-17,0.0,0.0,19.65,4.0,881.38,149.0,0.0,0.0,0.0,0.0
2019-10-18,0.0,0.0,77.06,13.0,625.14,125.0,0.0,0.0,0.0,0.0
2019-10-19,6.97,2.0,90.57,15.0,1255.96,220.0,0.0,0.0,0.0,0.0
2019-10-20,55.92,13.0,499.51,92.0,3002.6,561.0,0.0,0.0,0.0,0.0
2019-10-21,17.56,7.0,431.09,67.0,2704.74,481.0,0.0,0.0,0.0,0.0
2019-10-22,2.44,2.0,62.69,20.0,1194.37,231.0,0.0,0.0,0.0,0.0
2019-10-23,0.51,1.0,77.15,18.0,1424.48,259.0,0.0,0.0,0.0,0.0
2019-10-24,0.6,1.0,146.34,21.0,2058.91,282.0,0.0,0.0,0.0,0.0
2019-10-25,2.21,1.0,220.53,39.0,2438.34,394.0,0.0,0.0,0.0,0.0
2019-10-26,4.15,3.0,273.84,64.0,3482.66,682.0,0.0,0.0,0.0,0.0
2019-10-27,18.76,3.0,310.52,51.0,3594.92,548.0,0.0,0.0,0.0,0.0
2019-10-28,18.64,3.0,64.12,9.0,2762.91,443.0,0.0,0.0,0.0,0.0
2019-10-29,0.0,0.0,0.0,0.0,213.8,48.0,0.0,0.0,0.0,0.0
2019-10-30,11.46,1.0,52.92,13.0,4770.57,595.0,0.0,0.0,0.0,0.0
2019-10-31,0.45,1.0,1.04,2.0,1.84,3.0,0.0,0.0,0.0,0.0
2019-11-01,0.0,0.0,94.7,21.0,1003.15,178.0,0.0,0.0,0.0,0.0
2019-11-02,1.98,2.0,13.0,5.0,24.76,7.0,0.0,0.0,0.0,0.0
2019-11-03,1.15,1.0,1.15,1.0,1710.16,306.0,0.0,0.0,0.0,0.0
2019-11-04,11.37,3.0,58.29,13.0,5015.43,725.0,0.0,0.0,0.0,0.0
2019-11-05,29.8,3.0,87.01,19.0,5077.17,792.0,0.0,0.0,0.0,0.0
2019-11-06,2.27,1.0,58.36,19.0,4816.32,667.0,0.0,0.0,0.0,0.0
2019-11-07,1.61,1.0,1.61,1.0,2.21,2.0,0.0,0.0,0.0,0.0
2019-11-08,1.61,3.0,7.92,5.0,211.44,43.0,0.0,0.0,0.0,0.0
2019-11-09,20.82,4.0,116.17,16.0,2922.45,373.0,0.0,0.0,0.0,0.0
2019-11-10,0.76,1.0,85.52,13.0,2601.23,338.0,0.0,0.0,0.0,0.0
2019-11-11,8.88,5.0,38.02,21.0,990.36,205.0,0.0,0.0,0.0,0.0
2019-11-12,14.52,4.0,78.93,21.0,1172.86,218.0,0.0,0.0,0.0,0.0
2019-11-13,8.63,2.0,15.25,4.0,129.87,27.0,0.0,0.0,0.0,0.0
2019-11-14,1.33,2.0,1.33,2.0,3.7,3.0,0.0,0.0,0.0,0.0
2019-11-15,13.18,3.0,74.91,17.0,257.19,54.0,0.0,0.0,0.0,0.0
2019-11-16,14.12,4.0,56.34,16.0,438.42,91.0,0.0,0.0,0.0,0.0
2019-11-17,11.78,4.0,42.43,11.0,707.15,116.0,0.0,0.0,0.0,0.0
2019-11-18,1.05,1.0,35.58,8.0,418.43,68.0,0.0,0.0,0.0,0.0
2019-11-19,16.31,6.0,31.76,9.0,378.15,74.0,0.0,0.0,0.0,0.0
2019-11-20,5.31,1.0,32.76,11.0,284.62,72.0,0.0,0.0,0.0,0.0
2019-11-21,1.3,1.0,35.74,11.0,162.64,40.0,0.0,0.0,0.0,0.0
2019-11-22,3.69,1.0,25.38,8.0,62.35,13.0,0.0,0.0,0.0,0.0
2019-11-23,0.95,2.0,52.59,16.0,80.65,22.0,0.0,0.0,0.0,0.0
2019-11-24,2.55,3.0,16.98,9.0,71.66,25.0,0.0,0.0,0.0,0.0
2019-11-25,10.88,3.0,27.34,10.0,88.28,26.0,0.0,0.0,0.0,0.0
2019-11-26,0.0,0.0,4.92,1.0,35.98,6.0,0.0,0.0,0.0,0.0
2019-11-27,25.24,8.0,35.41,13.0,70.08,26.0,0.0,0.0,0.0,0.0
2019-11-28,0.0,0.0,0.0,0.0,0.0,0.0,0.0,0.0,0.0,0.0
2019-11-29,0.0,0.0,0.0,0.0,5.58,2.0,0.0,0.0,0.0,0.0
2019-11-30,5.52,2.0,17.6,5.0,47.47,15.0,0.0,0.0,0.0,0.0
2019-12-01,0.0,0.0,18.84,7.0,70.49,26.0,0.0,0.0,0.0,0.0
2019-12-02,8.21,4.0,33.86,15.0,151.62,53.0,0.0,0.0,0.0,0.0
2019-12-03,21.41,5.0,143.05,29.0,303.19,76.0,0.0,0.0,0.0,0.0
2019-12-04,0.0,0.0,48.14,12.0,84.44,26.0,0.0,0.0,0.0,0.0
2019-12-05,2.6,1.0,28.08,8.0,35.45,11.0,0.0,0.0,0.0,0.0
2019-12-06,0.59,1.0,62.88,16.0,157.27,37.0,0.0,0.0,0.0,0.0
2019-12-07,28.14,9.0,155.18,44.0,310.78,87.0,0.0,0.0,0.0,0.0
2019-12-08,47.06,15.0,243.14,69.0,387.72,127.0,0.0,0.0,0.0,0.0
2019-12-09,6.63,3.0,81.61,28.0,168.01,51.0,0.0,0.0,0.0,0.0
2019-12-10,39.19,9.0,78.42,20.0,152.76,42.0,0.0,0.0,0.0,0.0
2019-12-11,0.0,0.0,0.0,0.0,8.59,3.0,0.0,0.0,0.0,0.0
2019-12-12,0.0,0.0,0.0,0.0,2.05,1.0,0.0,0.0,0.0,0.0
2019-12-13,0.0,0.0,0.0,0.0,1.14,1.0,0.0,0.0,0.0,0.0
2019-12-14,0.0,0.0,0.0,0.0,0.0,0.0,0.0,0.0,0.0,0.0
2019-12-15,0.0,0.0,2.83,2.0,7.15,3.0,0.0,0.0,0.0,0.0
2019-12-16,0.0,0.0,0.0,0.0,0.0,0.0,0.0,0.0,0.0,0.0
2019-12-17,0.0,0.0,0.0,0.0,4.61,1.0,0.0,0.0,0.0,0.0
2019-12-18,16.35,7.0,52.71,17.0,57.56,19.0,0.0,0.0,0.0,0.0
2019-12-19,0.0,0.0,0.0,0.0,0.0,0.0,0.0,0.0,0.0,0.0
2019-12-20,3.57,1.0,10.91,3.0,25.53,8.0,0.0,0.0,0.0,0.0
2019-12-21,0.0,0.0,0.0,0.0,0.0,0.0,0.0,0.0,0.0,0.0
2019-12-22,0.0,0.0,7.67,2.0,52.42,11.0,0.0,0.0,0.0,0.0
2019-12-23,13.79,6.0,32.95,13.0,65.78,23.0,0.0,0.0,0.0,0.0
2019-12-24,67.37,19.0,192.1,60.0,309.01,100.0,0.0,0.0,0.0,0.0
2019-12-25,0.0,0.0,0.0,0.0,0.0,0.0,0.0,0.0,0.0,0.0
2019-12-26,0.0,0.0,0.0,0.0,3.91,1.0,0.0,0.0,0.0,0.0
2019-12-27,1.87,1.0,16.79,7.0,30.85,12.0,0.0,0.0,0.0,0.0
2019-12-28,0.0,0.0,10.08,3.0,14.29,5.0,0.0,0.0,0.0,0.0
2019-12-29,26.5,10.0,113.6,37.0,171.85,56.0,0.0,0.0,0.0,0.0
2019-12-30,0.0,0.0,0.0,0.0,0.0,0.0,0.0,0.0,0.0,0.0
2019-12-31,19.69,10.0,50.56,18.0,66.5,23.0,0.0,0.0,0.0,0.0
2020-01-01,0.0,0.0,0.65,1.0,0.65,1.0,0.0,0.0,0.0,0.0
2020-01-02,9.2,3.0,43.53,10.0,64.26,16.0,0.0,0.0,0.0,0.0
2020-01-03,13.91,6.0,73.01,26.0,140.98,44.0,0.0,0.0,0.0,0.0
2020-01-04,7.9,4.0,47.47,18.0,102.4,38.0,0.0,0.0,0.0,0.0
2020-01-05,8.77,2.0,92.62,14.0,115.83,21.0,0.0,0.0,0.0,0.0
2020-01-06,0.0,0.0,0.0,0.0,0.0,0.0,0.0,0.0,0.0,0.0
2020-01-07,0.0,0.0,0.0,0.0,128.3,3.0,0.0,0.0,0.0,0.0
2020-01-08,0.0,0.0,0.62,1.0,3.69,2.0,0.0,0.0,0.0,0.0
2020-01-09,0.0,0.0,0.0,0.0,0.0,0.0,0.0,0.0,0.0,0.0
2020-01-10,0.0,0.0,4.92,3.0,5.57,4.0,0.0,0.0,0.0,0.0
2020-01-11,5.73,2.0,37.85,12.0,51.56,19.0,0.0,0.0,0.0,0.0
2020-01-12,18.0,3.0,37.76,11.0,50.46,14.0,0.0,0.0,0.0,0.0
2020-01-13,8.93,3.0,8.93,3.0,8.93,3.0,0.0,0.0,0.0,0.0
2020-01-14,0.0,0.0,18.11,7.0,37.54,15.0,0.0,0.0,0.0,0.0
2020-01-15,0.0,0.0,22.88,5.0,25.27,6.0,0.0,0.0,0.0,0.0
2020-01-16,0.0,0.0,0.0,0.0,0.0,0.0,0.0,0.0,0.0,0.0
2020-01-17,0.0,0.0,0.0,0.0,0.0,0.0,0.0,0.0,0.0,0.0
2020-01-18,0.0,0.0,9.44,2.0,11.61,3.0,0.0,0.0,0.0,0.0
2020-01-19,0.0,0.0,0.0,0.0,6.73,3.0,0.0,0.0,0.0,0.0
2020-01-20,0.0,0.0,12.13,2.0,12.13,2.0,0.0,0.0,0.0,0.0
2020-01-21,0.0,0.0,0.0,0.0,5.16,1.0,0.0,0.0,0.0,0.0
2020-01-22,4.23,2.0,7.15,4.0,37.25,11.0,0.0,0.0,0.0,0.0
2020-01-23,9.69,2.0,39.0,11.0,55.89,16.0,0.0,0.0,0.0,0.0
2020-01-24,23.68,6.0,72.39,19.0,111.39,31.0,0.0,0.0,0.0,0.0
2020-01-25,23.48,9.0,102.31,26.0,124.94,33.0,0.0,0.0,0.0,0.0
2020-01-26,3.01,1.0,43.41,15.0,107.19,31.0,0.0,0.0,0.0,0.0
2020-01-27,0.0,0.0,7.74,2.0,44.06,11.0,0.0,0.0,0.0,0.0
2020-01-28,0.0,0.0,0.0,0.0,1.25,1.0,0.0,0.0,0.0,0.0
2020-01-29,1.06,2.0,169.36,6.0,174.32,10.0,0.0,0.0,0.0,0.0
2020-01-30,14.47,6.0,42.92,14.0,75.47,25.0,0.0,0.0,0.0,0.0
2020-01-31,6.7,3.0,29.12,8.0,33.61,11.0,0.0,0.0,0.0,0.0
2020-02-01,0.0,0.0,21.74,7.0,35.01,11.0,0.0,0.0,0.0,0.0
2020-02-02,25.88,7.0,72.01,17.0,139.44,35.0,0.0,0.0,0.0,0.0
2020-02-03,6.23,2.0,41.08,15.0,139.98,36.0,0.0,0.0,0.0,0.0
2020-02-04,32.03,8.0,69.08,23.0,136.71,47.0,0.0,0.0,0.0,0.0
2020-02-05,0.7,1.0,9.69,4.0,102.07,30.0,0.0,0.0,0.0,0.0
2020-02-06,32.73,7.0,103.3,25.0,137.88,36.0,0.0,0.0,0.0,0.0
2020-02-07,14.27,3.0,58.53,13.0,113.68,30.0,0.0,0.0,0.0,0.0
2020-02-08,4.56,1.0,45.75,13.0,96.92,27.0,0.0,0.0,0.0,0.0
2020-02-09,14.99,7.0,89.17,27.0,239.7,63.0,0.0,0.0,0.0,0.0
2020-02-10,10.7,4.0,52.18,19.0,185.82,55.0,0.0,0.0,0.0,0.0
2020-02-11,10.34,3.0,49.24,17.0,134.05,33.0,0.0,0.0,0.0,0.0
2020-02-12,5.75,2.0,10.34,4.0,145.96,30.0,0.0,0.0,0.0,0.0
2020-02-13,9.85,3.0,59.21,11.0,201.32,30.0,0.0,0.0,0.0,0.0
2020-02-14,1.43,3.0,12.68,7.0,92.02,24.0,0.0,0.0,0.0,0.0
2020-02-15,22.82,8.0,84.65,22.0,217.43,57.0,0.0,0.0,0.0,0.0
2020-02-16,12.35,2.0,68.81,20.0,174.41,44.0,0.0,0.0,0.0,0.0
2020-02-17,22.99,7.0,52.7,17.0,117.76,35.0,0.0,0.0,0.0,0.0
2020-02-18,6.63,4.0,31.58,11.0,94.63,31.0,0.0,0.0,0.0,0.0
2020-02-19,2.28,1.0,12.98,4.0,202.63,16.0,0.0,0.0,0.0,0.0
2020-02-20,2.14,1.0,31.57,12.0,125.12,37.0,0.0,0.0,0.0,0.0
2020-02-21,0.0,0.0,0.0,0.0,0.0,0.0,0.0,0.0,0.0,0.0
2020-02-22,0.0,0.0,14.62,2.0,24.29,5.0,0.0,0.0,0.0,0.0
2020-02-23,0.0,0.0,6.83,2.0,17.73,5.0,0.0,0.0,0.0,0.0
2020-02-24,6.15,2.0,30.37,9.0,69.84,16.0,0.0,0.0,0.0,0.0
2020-02-25,5.81,3.0,29.28,10.0,98.13,26.0,0.0,0.0,0.0,0.0
2020-02-26,28.39,12.0,75.08,29.0,138.06,50.0,0.0,0.0,0.0,0.0
2020-02-27,0.0,0.0,2.8,1.0,27.24,6.0,0.0,0.0,0.0,0.0
2020-02-28,0.0,0.0,9.55,5.0,20.54,10.0,0.0,0.0,0.0,0.0
2020-02-29,0.0,0.0,3.91,2.0,21.18,3.0,0.0,0.0,0.0,0.0
2020-03-01,1.14,2.0,1.14,2.0,15.34,7.0,0.0,0.0,0.0,0.0
2020-03-02,6.95,5.0,12.42,7.0,223.11,46.0,0.0,0.0,0.0,0.0
2020-03-03,6.35,1.0,32.05,8.0,116.84,27.0,0.0,0.0,0.0,0.0
2020-03-04,4.67,2.0,61.52,17.0,81.41,23.0,0.0,0.0,0.0,0.0
2020-03-05,0.0,0.0,0.0,0.0,18.39,4.0,0.0,0.0,0.0,0.0
2020-03-06,0.0,0.0,0.0,0.0,0.0,0.0,0.0,0.0,0.0,0.0
2020-03-07,0.0,0.0,0.0,0.0,0.0,0.0,0.0,0.0,0.0,0.0
2020-03-08,1.09,2.0,1.09,2.0,72.01,8.0,0.0,0.0,0.0,0.0
2020-03-09,0.0,0.0,6.86,2.0,43.48,12.0,0.0,0.0,0.0,0.0
2020-03-10,1.96,1.0,50.52,13.0,85.87,24.0,0.0,0.0,0.0,0.0
2020-03-11,3.87,1.0,11.9,3.0,11.9,3.0,0.0,0.0,0.0,0.0
2020-03-12,5.39,1.0,11.81,4.0,30.88,8.0,0.0,0.0,0.0,0.0
2020-03-13,1.87,1.0,17.34,6.0,21.09,7.0,0.0,0.0,0.0,0.0
2020-03-14,4.78,3.0,4.78,3.0,4.78,3.0,0.0,0.0,0.0,0.0
2020-03-15,19.15,5.0,38.35,12.0,46.77,16.0,0.0,0.0,0.0,0.0
2020-03-16,4.85,3.0,8.3,4.0,8.3,4.0,0.0,0.0,0.0,0.0
2020-03-17,1.27,4.0,25.26,10.0,71.42,25.0,0.0,0.0,0.0,0.0
2020-03-18,2.58,3.0,54.2,13.0,96.34,29.0,0.0,0.0,0.0,0.0
2020-03-19,0.0,0.0,29.9,4.0,54.45,13.0,0.0,0.0,0.0,0.0
2020-03-20,0.0,0.0,5.25,2.0,47.64,11.0,0.0,0.0,0.0,0.0
2020-03-21,0.42,1.0,10.59,5.0,27.5,9.0,0.0,0.0,0.0,0.0
2020-03-22,2.33,1.0,5.62,2.0,15.07,5.0,0.0,0.0,0.0,0.0
2020-03-23,6.12,2.0,19.52,7.0,40.33,12.0,0.0,0.0,0.0,0.0
2020-03-24,0.0,0.0,15.51,4.0,42.13,11.0,0.0,0.0,0.0,0.0
2020-03-25,0.0,0.0,3.61,1.0,17.67,5.0,0.0,0.0,0.0,0.0
2020-03-26,0.0,0.0,0.0,0.0,0.0,0.0,0.0,0.0,0.0,0.0
2020-03-27,0.0,0.0,0.0,0.0,0.0,0.0,0.0,0.0,0.0,0.0
2020-03-28,0.0,0.0,5.41,2.0,13.42,4.0,0.0,0.0,0.0,0.0
2020-03-29,3.05,2.0,43.11,9.0,62.19,15.0,0.0,0.0,0.0,0.0
2020-03-30,0.0,0.0,9.4,3.0,45.51,10.0,0.0,0.0,0.0,0.0
2020-03-31,0.0,0.0,14.7,4.0,23.25,6.0,0.0,0.0,0.0,0.0
2020-04-01,0.0,0.0,7.33,2.0,26.43,7.0,0.0,0.0,0.0,0.0
2020-04-02,0.0,0.0,18.99,6.0,32.9,10.0,0.0,0.0,0.0,0.0
2020-04-03,8.82,3.0,43.97,10.0,92.12,26.0,0.0,0.0,0.0,0.0
2020-04-04,8.96,3.0,12.8,4.0,34.71,13.0,0.0,0.0,0.0,0.0
2020-04-05,0.7,1.0,5.9,4.0,5.9,4.0,0.0,0.0,0.0,0.0
2020-04-06,0.0,0.0,4.94,1.0,11.59,3.0,0.0,0.0,0.0,0.0
2020-04-07,1.79,1.0,4.66,2.0,10.52,4.0,0.0,0.0,0.0,0.0
2020-04-08,14.92,4.0,28.86,7.0,68.9,15.0,0.0,0.0,0.0,0.0
2020-04-09,0.0,0.0,6.53,2.0,26.62,6.0,0.0,0.0,0.0,0.0
2020-04-10,0.0,0.0,9.11,3.0,22.64,8.0,0.0,0.0,0.0,0.0
2020-04-11,0.0,0.0,18.42,4.0,23.6,6.0,0.0,0.0,0.0,0.0
2020-04-12,0.6,1.0,5.05,3.0,10.92,5.0,0.0,0.0,0.0,0.0
2020-04-13,0.0,0.0,18.71,4.0,101.31,9.0,0.0,0.0,0.0,0.0
2020-04-14,0.0,0.0,10.02,4.0,34.32,13.0,0.0,0.0,0.0,0.0
2020-04-15,3.32,1.0,9.39,3.0,16.19,6.0,0.0,0.0,0.0,0.0
2020-04-16,0.0,0.0,0.0,0.0,14.03,5.0,0.0,0.0,0.0,0.0
2020-04-17,0.0,0.0,17.83,3.0,60.14,9.0,0.0,0.0,0.0,0.0
2020-04-18,0.0,0.0,0.71,1.0,132.98,6.0,0.0,0.0,0.0,0.0
2020-04-19,6.12,2.0,11.91,6.0,20.7,7.0,0.0,0.0,0.0,0.0
2020-04-20,8.92,2.0,18.22,5.0,25.34,7.0,0.0,0.0,0.0,0.0
2020-04-21,0.0,0.0,3.16,2.0,36.87,10.0,0.0,0.0,0.0,0.0
2020-04-22,0.0,0.0,59.08,12.0,90.14,18.0,0.0,0.0,0.0,0.0
2020-04-23,0.0,0.0,0.0,0.0,24.72,6.0,0.0,0.0,0.0,0.0
2020-04-24,23.39,6.0,227.02,34.0,327.63,64.0,0.0,0.0,0.0,0.0
2020-04-25,16.56,2.0,57.71,8.0,135.95,18.0,0.0,0.0,0.0,0.0
2020-04-26,6.12,3.0,6.12,3.0,27.11,6.0,0.0,0.0,0.0,0.0
2020-04-27,22.11,5.0,43.74,14.0,98.57,26.0,0.0,0.0,0.0,0.0
2020-04-28,0.0,0.0,46.52,10.0,102.71,23.0,0.0,0.0,0.0,0.0
2020-04-29,49.12,9.0,302.15,50.0,494.92,94.0,0.0,0.0,0.0,0.0
2020-04-30,3.47,2.0,56.79,10.0,205.38,30.0,0.0,0.0,0.0,0.0
2020-05-01,31.81,11.0,172.31,42.0,366.48,77.0,0.0,0.0,0.0,0.0
2020-05-02,16.55,5.0,128.14,29.0,248.21,56.0,0.0,0.0,0.0,0.0
2020-05-03,0.94,1.0,19.33,7.0,89.39,26.0,0.0,0.0,0.0,0.0
2020-05-04,66.07,8.0,139.81,20.0,166.22,25.0,0.0,0.0,0.0,0.0
2020-05-05,32.46,8.0,187.87,37.0,373.02,77.0,0.0,0.0,0.0,0.0
2020-05-06,0.0,0.0,0.0,0.0,55.13,19.0,0.0,0.0,0.0,0.0
2020-05-07,246.62,47.0,974.4,199.0,1424.31,329.0,0.0,0.0,0.0,0.0
2020-05-08,435.24,88.0,1215.85,263.0,1858.15,460.0,0.0,0.0,0.0,0.0
2020-05-09,148.48,26.0,951.91,138.0,1835.46,283.0,0.0,0.0,0.0,0.0
2020-05-10,2.7,2.0,8.69,5.0,8.69,5.0,0.0,0.0,0.0,0.0
2020-05-11,0.0,0.0,29.91,7.0,361.53,77.0,0.0,0.0,0.0,0.0
2020-05-12,67.96,16.0,700.26,127.0,1686.72,355.0,0.0,0.0,0.0,0.0
2020-05-13,7.01,1.0,7.01,1.0,19.62,5.0,0.0,0.0,0.0,0.0
2020-05-14,200.8,36.0,1018.02,159.0,2413.41,347.0,0.0,0.0,0.0,0.0
2020-05-15,128.52,19.0,938.05,144.0,2371.1,358.0,0.0,0.0,0.0,0.0
2020-05-16,72.04,9.0,405.57,44.0,1519.48,173.0,0.0,0.0,0.0,0.0
2020-05-17,232.74,21.0,568.38,77.0,2339.78,388.0,0.0,0.0,0.0,0.0
2020-05-18,42.97,11.0,961.65,154.0,2510.07,451.0,0.0,0.0,0.0,0.0
2020-05-19,35.29,6.0,623.79,71.0,2382.89,292.0,0.0,0.0,0.0,0.0
2020-05-20,36.45,7.0,321.83,35.0,1120.33,143.0,0.0,0.0,0.0,0.0
2020-05-21,36.42,8.0,89.16,16.0,368.14,49.0,0.0,0.0,0.0,0.0
2020-05-22,18.24,2.0,162.3,19.0,594.68,70.0,0.0,0.0,0.0,0.0
2020-05-23,9.24,2.0,90.79,14.0,443.35,95.0,0.0,0.0,0.0,0.0
2020-05-24,6.95,2.0,131.95,22.0,536.87,108.0,0.0,0.0,0.0,0.0
2020-05-25,16.54,5.0,202.52,30.0,636.65,97.0,0.0,0.0,0.0,0.0
2020-05-26,9.02,1.0,47.14,7.0,213.06,49.0,0.0,0.0,0.0,0.0
2020-05-27,4.37,1.0,13.09,2.0,98.93,18.0,0.0,0.0,0.0,0.0
2020-05-28,2.24,1.0,6.52,2.0,142.92,29.0,0.0,0.0,0.0,0.0
2020-05-29,0.0,0.0,0.0,0.0,4.57,1.0,0.0,0.0,0.0,0.0
2020-05-30,0.0,0.0,0.0,0.0,18.73,4.0,0.0,0.0,0.0,0.0
2020-05-31,0.0,0.0,0.41,1.0,21.58,4.0,0.0,0.0,0.0,0.0
2020-06-01,0.0,0.0,0.0,0.0,6.04,2.0,0.0,0.0,0.0,0.0
2020-06-02,4.84,2.0,4.84,2.0,45.95,8.0,0.0,0.0,0.0,0.0
2020-06-03,0.0,0.0,6.04,2.0,6.04,2.0,0.0,0.0,0.0,0.0
2020-06-04,0.0,0.0,0.0,0.0,1.97,2.0,0.0,0.0,0.0,0.0
2020-06-05,0.0,0.0,21.63,5.0,25.1,6.0,0.0,0.0,0.0,0.0
2020-06-06,0.0,0.0,0.0,0.0,5.58,1.0,0.0,0.0,0.0,0.0
2020-06-07,0.0,0.0,0.0,0.0,0.0,0.0,0.0,0.0,0.0,0.0
2020-06-08,0.0,0.0,1.36,1.0,5.77,2.0,0.0,0.0,0.0,0.0
2020-06-09,0.0,0.0,0.0,0.0,0.0,0.0,0.0,0.0,0.0,0.0
2020-06-10,0.0,0.0,10.21,2.0,10.21,2.0,0.0,0.0,0.0,0.0
2020-06-11,0.74,1.0,4.85,2.0,16.94,5.0,0.0,0.0,0.0,0.0
2020-06-12,0.0,0.0,0.0,0.0,0.0,0.0,0.0,0.0,0.0,0.0
2020-06-13,0.0,0.0,0.0,0.0,9.2,3.0,0.0,0.0,0.0,0.0
2020-06-14,3.33,2.0,3.33,2.0,13.54,7.0,0.0,0.0,0.0,0.0
2020-06-15,0.0,0.0,0.0,0.0,1.62,1.0,0.0,0.0,0.0,0.0
2020-06-16,1.41,1.0,35.58,5.0,82.2,13.0,0.0,0.0,0.0,0.0
2020-06-17,5.83,1.0,5.83,1.0,8.41,2.0,0.0,0.0,0.0,0.0
2020-06-18,3.38,3.0,19.09,6.0,63.4,19.0,0.0,0.0,0.0,0.0
2020-06-19,0.0,0.0,0.0,0.0,0.0,0.0,0.0,0.0,0.0,0.0
2020-06-20,6.82,1.0,6.82,1.0,10.42,2.0,0.0,0.0,0.0,0.0
2020-06-21,0.58,1.0,0.58,1.0,6.8,3.0,0.0,0.0,0.0,0.0
2020-06-22,0.0,0.0,0.0,0.0,7.3,3.0,0.0,0.0,0.0,0.0
2020-06-23,0.0,0.0,0.0,0.0,10.61,2.0,0.0,0.0,0.0,0.0
2020-06-24,0.0,0.0,0.0,0.0,0.0,0.0,0.0,0.0,0.0,0.0
2020-06-25,0.0,0.0,0.0,0.0,0.0,0.0,0.0,0.0,0.0,0.0
2020-06-26,3.98,2.0,3.98,2.0,3.98,2.0,0.0,0.0,0.0,0.0
2020-06-27,0.7,1.0,4.79,2.0,7.68,3.0,0.0,0.0,0.0,0.0
2020-06-28,0.0,0.0,4.57,1.0,4.57,1.0,0.0,0.0,0.0,0.0
2020-06-29,0.0,0.0,0.0,0.0,0.0,0.0,0.0,0.0,0.0,0.0
2020-06-30,0.0,0.0,0.0,0.0,0.0,0.0,0.0,0.0,0.0,0.0
2020-07-01,0.0,0.0,0.0,0.0,2.34,1.0,0.0,0.0,0.0,0.0
2020-07-02,7.15,3.0,11.08,4.0,13.86,5.0,0.0,0.0,0.0,0.0
2020-07-03,0.0,0.0,0.0,0.0,0.0,0.0,0.0,0.0,0.0,0.0
2020-07-04,0.0,0.0,3.06,1.0,3.06,1.0,0.0,0.0,0.0,0.0
2020-07-05,0.0,0.0,0.0,0.0,0.47,1.0,0.0,0.0,0.0,0.0
2020-07-06,0.0,0.0,0.0,0.0,0.0,0.0,0.0,0.0,0.0,0.0
2020-07-07,0.0,0.0,0.0,0.0,3.04,1.0,0.0,0.0,0.0,0.0
2020-07-08,3.54,1.0,3.54,1.0,3.54,1.0,0.0,0.0,0.0,0.0
2020-07-09,0.0,0.0,0.0,0.0,0.0,0.0,0.0,0.0,0.0,0.0
2020-07-10,0.0,0.0,0.0,0.0,0.0,0.0,0.0,0.0,0.0,0.0
2020-07-11,0.0,0.0,0.0,0.0,0.0,0.0,0.0,0.0,0.0,0.0
2020-07-12,0.69,1.0,0.69,1.0,2.63,2.0,0.0,0.0,0.0,0.0
2020-07-13,0.0,0.0,2.96,1.0,8.89,3.0,0.0,0.0,0.0,0.0
2020-07-14,1.51,1.0,5.24,2.0,8.82,3.0,0.0,0.0,0.0,0.0
2020-07-15,4.61,1.0,4.61,1.0,5.65,2.0,0.0,0.0,0.0,0.0
2020-07-16,0.0,0.0,0.0,0.0,0.0,0.0,0.0,0.0,0.0,0.0
2020-07-17,0.0,0.0,0.0,0.0,2.99,1.0,0.0,0.0,0.0,0.0
2020-07-18,0.82,1.0,0.82,1.0,0.82,1.0,0.0,0.0,0.0,0.0
2020-07-19,0.0,0.0,0.0,0.0,0.0,0.0,0.0,0.0,0.0,0.0
2020-07-20,0.0,0.0,0.0,0.0,3.76,1.0,0.0,0.0,0.0,0.0
2020-07-21,0.0,0.0,0.0,0.0,0.0,0.0,0.0,0.0,0.0,0.0
2020-07-22,2.2,2.0,2.2,2.0,2.2,2.0,0.0,0.0,0.0,0.0
2020-07-23,0.0,0.0,0.0,0.0,4.37,2.0,0.0,0.0,0.0,0.0
2020-07-24,1.85,1.0,1.85,1.0,3.46,2.0,0.0,0.0,0.0,0.0
2020-07-25,0.0,0.0,0.0,0.0,3.2,1.0,0.0,0.0,0.0,0.0
2020-07-26,0.0,0.0,0.0,0.0,2.92,1.0,0.0,0.0,0.0,0.0
2020-07-27,0.0,0.0,0.0,0.0,0.0,0.0,0.0,0.0,0.0,0.0
2020-07-28,0.0,0.0,0.0,0.0,0.0,0.0,0.0,0.0,0.0,0.0
2020-07-29,0.0,0.0,0.0,0.0,0.0,0.0,0.0,0.0,0.0,0.0
2020-07-30,0.0,0.0,0.0,0.0,0.0,0.0,0.0,0.0,0.0,0.0
2020-07-31,0.0,0.0,0.0,0.0,0.0,0.0,0.0,0.0,0.0,0.0
2020-08-01,0.0,0.0,0.0,0.0,5.61,3.0,0.0,0.0,0.0,0.0
2020-08-02,0.0,0.0,0.0,0.0,0.0,0.0,0.0,0.0,0.0,0.0
2020-08-03,0.0,0.0,0.0,0.0,0.0,0.0,0.0,0.0,0.0,0.0
2020-08-04,0.0,0.0,0.0,0.0,0.0,0.0,0.0,0.0,0.0,0.0
2020-08-05,0.0,0.0,0.0,0.0,0.0,0.0,0.0,0.0,0.0,0.0
2020-08-06,0.0,0.0,0.0,0.0,0.0,0.0,0.0,0.0,0.0,0.0
2020-08-07,0.0,0.0,0.0,0.0,0.0,0.0,0.0,0.0,0.0,0.0
2020-08-08,0.0,0.0,1.65,1.0,13.83,3.0,0.0,0.0,0.0,0.0
2020-08-09,0.0,0.0,0.0,0.0,0.0,0.0,0.0,0.0,0.0,0.0
2020-08-10,0.0,0.0,0.0,0.0,0.0,0.0,0.0,0.0,0.0,0.0
2020-08-11,0.0,0.0,0.0,0.0,0.0,0.0,0.0,0.0,0.0,0.0
2020-08-12,0.0,0.0,0.0,0.0,0.0,0.0,0.0,0.0,0.0,0.0
2020-08-13,0.0,0.0,0.0,0.0,0.0,0.0,0.0,0.0,0.0,0.0
2020-08-14,1.05,1.0,1.05,1.0,1.05,1.0,0.0,0.0,0.0,0.0
2020-08-15,1.8,1.0,1.8,1.0,1.8,1.0,0.0,0.0,0.0,0.0
2020-08-16,0.0,0.0,0.0,0.0,0.0,0.0,0.0,0.0,0.0,0.0
2020-08-17,0.0,0.0,0.0,0.0,6.69,2.0,0.0,0.0,0.0,0.0
2020-08-18,0.0,0.0,0.0,0.0,0.0,0.0,0.0,0.0,0.0,0.0
2020-08-19,0.0,0.0,0.0,0.0,0.0,0.0,0.0,0.0,0.0,0.0
2020-08-20,0.0,0.0,0.0,0.0,0.0,0.0,0.0,0.0,0.0,0.0
2020-08-21,1.08,2.0,1.08,2.0,4.56,4.0,0.0,0.0,0.0,0.0
2020-08-22,0.0,0.0,0.0,0.0,1.12,1.0,0.0,0.0,0.0,0.0
2020-08-23,0.0,0.0,2.24,1.0,2.24,1.0,0.0,0.0,0.0,0.0
2020-08-24,1.83,1.0,2.4,2.0,5.42,4.0,0.0,0.0,0.0,0.0
2020-08-25,0.0,0.0,0.0,0.0,1.2,2.0,0.0,0.0,0.0,0.0
2020-08-26,0.0,0.0,0.0,0.0,4.21,1.0,0.0,0.0,0.0,0.0
2020-08-27,0.0,0.0,0.0,0.0,0.0,0.0,0.0,0.0,0.0,0.0
2020-08-28,0.0,0.0,0.71,1.0,0.71,1.0,0.0,0.0,0.0,0.0
2020-08-29,1.62,2.0,3.64,3.0,3.64,3.0,0.0,0.0,0.0,0.0
2020-08-30,8.15,1.0,8.15,1.0,10.56,2.0,0.0,0.0,0.0,0.0
2020-08-31,0.0,0.0,0.0,0.0,3.76,1.0,0.0,0.0,0.0,0.0
2020-09-01,0.0,0.0,0.0,0.0,0.0,0.0,0.0,0.0,0.0,0.0
2020-09-02,0.0,0.0,0.0,0.0,0.0,0.0,0.0,0.0,0.0,0.0
2020-09-03,0.0,0.0,0.0,0.0,0.0,0.0,0.0,0.0,0.0,0.0
2020-09-04,3.16,1.0,3.16,1.0,12.32,3.0,0.0,0.0,0.0,0.0
2020-09-05,0.0,0.0,0.0,0.0,0.0,0.0,0.0,0.0,0.0,0.0
2020-09-06,0.7,1.0,0.7,1.0,6.95,3.0,0.0,0.0,0.0,0.0
2020-09-07,0.0,0.0,1.05,2.0,2.66,3.0,0.0,0.0,0.0,0.0
2020-09-08,0.6,1.0,0.9,2.0,0.9,2.0,0.0,0.0,0.0,0.0
2020-09-09,1.84,1.0,1.84,1.0,1.84,1.0,0.0,0.0,0.0,0.0
2020-09-10,4.85,2.0,4.85,2.0,6.93,3.0,0.0,0.0,0.0,0.0
2020-09-11,0.0,0.0,0.0,0.0,3.43,1.0,0.0,0.0,0.0,0.0
2020-09-12,1.73,2.0,1.73,2.0,6.94,4.0,0.0,0.0,0.0,0.0
2020-09-13,0.0,0.0,0.0,0.0,9.88,2.0,0.0,0.0,0.0,0.0
2020-09-14,3.28,3.0,3.28,3.0,5.2,4.0,0.0,0.0,0.0,0.0
2020-09-15,0.0,0.0,0.0,0.0,7.19,2.0,0.0,0.0,0.0,0.0
2020-09-16,4.28,1.0,4.28,1.0,12.96,3.0,0.0,0.0,0.0,0.0
2020-09-17,0.0,0.0,6.73,2.0,62.58,6.0,0.0,0.0,0.0,0.0
2020-09-18,0.0,0.0,0.0,0.0,0.0,0.0,0.0,0.0,0.0,0.0
2020-09-19,0.62,1.0,0.62,1.0,7.73,2.0,0.0,0.0,0.0,0.0
2020-09-20,11.01,3.0,24.6,7.0,57.05,16.0,0.0,0.0,0.0,0.0
2020-09-21,5.29,1.0,7.98,2.0,14.56,5.0,0.0,0.0,0.0,0.0
2020-09-22,4.35,2.0,7.91,3.0,16.74,5.0,0.0,0.0,0.0,0.0
2020-09-23,0.0,0.0,3.38,1.0,3.38,1.0,0.0,0.0,0.0,0.0
2020-09-24,2.53,3.0,2.53,3.0,12.42,6.0,0.0,0.0,0.0,0.0
2020-09-25,0.6,1.0,12.15,5.0,133.97,28.0,0.0,0.0,0.0,0.0
2020-09-26,0.0,0.0,10.36,3.0,39.19,14.0,0.0,0.0,0.0,0.0
2020-09-27,7.08,3.0,22.56,8.0,74.62,22.0,0.0,0.0,0.0,0.0
2020-09-28,0.39,1.0,5.28,2.0,34.58,10.0,0.0,0.0,0.0,0.0
2020-09-29,0.0,0.0,0.0,0.0,103.44,29.0,0.0,0.0,0.0,0.0
2020-09-30,7.13,4.0,42.88,12.0,214.01,57.0,0.0,0.0,0.0,0.0
2020-10-01,0.89,1.0,18.35,7.0,183.54,54.0,0.0,0.0,0.0,0.0
2020-10-02,7.66,2.0,21.64,8.0,273.11,64.0,0.0,0.0,0.0,0.0
2020-10-03,2.74,3.0,2.74,3.0,94.92,18.0,0.0,0.0,0.0,0.0
2020-10-04,9.0,3.0,13.49,4.0,291.54,68.0,0.0,0.0,0.0,0.0
2020-10-05,1.44,2.0,17.61,6.0,221.26,44.0,0.0,0.0,0.0,0.0
2020-10-06,4.12,3.0,33.4,14.0,297.3,89.0,0.0,0.0,0.0,0.0
2020-10-07,10.12,7.0,42.52,15.0,382.57,115.0,0.0,0.0,0.0,0.0
2020-10-08,1.54,2.0,76.53,11.0,338.93,71.0,0.0,0.0,0.0,0.0
2020-10-09,0.0,0.0,2.36,1.0,208.4,50.0,0.0,0.0,0.0,0.0
2020-10-10,0.78,1.0,22.7,8.0,630.87,107.0,0.0,0.0,0.0,0.0
2020-10-11,2.18,1.0,85.82,19.0,999.23,199.0,0.0,0.0,0.0,0.0
2020-10-12,4.42,5.0,38.16,16.0,645.32,177.0,0.0,0.0,0.0,0.0
2020-10-13,0.0,0.0,13.9,1.0,549.76,102.0,0.0,0.0,0.0,0.0
2020-10-14,1.79,2.0,12.65,6.0,387.63,102.0,0.0,0.0,0.0,0.0
2020-10-15,3.22,2.0,51.12,12.0,866.41,217.0,0.0,0.0,0.0,0.0
2020-10-16,14.44,8.0,65.11,22.0,945.79,192.0,0.0,0.0,0.0,0.0
2020-10-17,6.63,4.0,70.08,23.0,1490.44,328.0,0.0,0.0,0.0,0.0
2020-10-18,14.74,4.0,190.4,28.0,1726.88,320.0,0.0,0.0,0.0,0.0
2020-10-19,4.97,4.0,38.39,15.0,638.81,119.0,0.0,0.0,0.0,0.0
2020-10-20,0.94,1.0,32.28,9.0,940.91,202.0,0.0,0.0,0.0,0.0
2020-10-21,12.02,6.0,86.67,20.0,1041.56,197.0,0.0,0.0,0.0,0.0
2020-10-22,1.97,4.0,62.61,20.0,1591.81,325.0,0.0,0.0,0.0,0.0
2020-10-23,10.54,6.0,94.77,25.0,1383.06,296.0,0.0,0.0,0.0,0.0
2020-10-24,4.45,6.0,28.76,16.0,995.74,197.0,0.0,0.0,0.0,0.0
2020-10-25,0.0,0.0,53.67,9.0,2345.59,364.0,0.0,0.0,0.0,0.0
2020-10-26,4.96,2.0,45.03,14.0,1771.66,249.0,0.0,0.0,0.0,0.0
2020-10-27,10.95,6.0,105.63,30.0,2259.93,381.0,0.0,0.0,0.0,0.0
2020-10-28,1.37,2.0,102.81,35.0,2759.22,535.0,0.0,0.0,0.0,0.0
2020-10-29,5.32,4.0,27.34,12.0,2053.96,315.0,0.0,0.0,0.0,0.0
2020-10-30,7.0,3.0,45.3,17.0,3150.21,495.0,0.0,0.0,0.0,0.0
2020-10-31,5.5,5.0,54.8,21.0,4037.32,632.0,0.0,0.0,0.0,0.0
2020-11-01,3.16,4.0,124.06,41.0,4674.67,522.0,0.0,0.0,0.0,0.0
2020-11-02,6.39,7.0,81.13,35.0,3602.29,597.0,0.0,0.0,0.0,0.0
2020-11-03,13.29,8.0,84.98,29.0,3529.84,474.0,0.0,0.0,0.0,0.0
2020-11-04,4.8,4.0,27.39,9.0,2850.54,353.0,0.0,0.0,0.0,0.0
2020-11-05,0.0,0.0,26.65,8.0,4213.59,623.0,0.0,0.0,0.0,0.0
2020-11-06,113.51,6.0,160.62,20.0,4232.9,564.0,0.0,0.0,0.0,0.0
2020-11-07,149.13,10.0,339.52,54.0,4858.24,718.0,0.0,0.0,0.0,0.0
2020-11-08,84.96,12.0,224.27,55.0,3031.72,508.0,0.0,0.0,0.0,0.0
2020-11-09,44.37,11.0,82.92,19.0,1361.72,212.0,0.0,0.0,0.0,0.0
2020-11-10,21.31,8.0,50.68,17.0,3193.9,493.0,0.0,0.0,0.0,0.0
2020-11-11,13.64,5.0,46.62,15.0,2313.94,320.0,0.0,0.0,0.0,0.0
2020-11-12,7.89,8.0,80.79,33.0,1825.36,319.0,0.0,0.0,0.0,0.0
2020-11-13,24.77,9.0,142.7,40.0,1489.47,290.0,0.0,0.0,0.0,0.0
2020-11-14,28.91,6.0,63.39,17.0,379.05,95.0,0.0,0.0,0.0,0.0
2020-11-15,0.0,0.0,50.12,13.0,225.88,56.0,0.0,0.0,0.0,0.0
2020-11-16,2.46,3.0,4.9,5.0,10.97,8.0,0.0,0.0,0.0,0.0
2020-11-17,2.66,4.0,34.14,13.0,73.41,23.0,0.0,0.0,0.0,0.0
2020-11-18,5.53,5.0,102.82,36.0,334.31,87.0,0.0,0.0,0.0,0.0
2020-11-19,20.37,8.0,73.56,25.0,382.88,76.0,0.0,0.0,0.0,0.0
2020-11-20,0.0,0.0,34.38,12.0,347.14,53.0,0.0,0.0,0.0,0.0
2020-11-21,24.79,4.0,86.58,17.0,493.09,71.0,0.0,0.0,0.0,0.0
2020-11-22,18.62,5.0,62.15,14.0,154.8,32.0,0.0,0.0,0.0,0.0
2020-11-23,4.3,1.0,96.36,27.0,199.94,47.0,0.0,0.0,0.0,0.0
2020-11-24,2.35,1.0,24.12,10.0,59.79,19.0,0.0,0.0,0.0,0.0
2020-11-25,0.0,0.0,5.52,2.0,5.52,2.0,0.0,0.0,0.0,0.0
2020-11-26,1.43,3.0,44.99,17.0,67.06,27.0,0.0,0.0,0.0,0.0
2020-11-27,6.68,5.0,33.04,14.0,106.36,36.0,0.0,0.0,0.0,0.0
2020-11-28,16.88,6.0,63.71,18.0,246.7,61.0,0.0,0.0,0.0,0.0
2020-11-29,49.37,11.0,154.38,44.0,276.16,85.0,0.0,0.0,0.0,0.0
2020-11-30,28.16,8.0,124.09,28.0,190.25,49.0,0.0,0.0,0.0,0.0
2020-12-01,5.24,6.0,81.77,31.0,145.25,46.0,0.0,0.0,0.0,0.0
2020-12-02,10.44,5.0,53.79,19.0,139.51,43.0,0.0,0.0,0.0,0.0
2020-12-03,19.35,6.0,152.49,42.0,283.74,74.0,0.0,0.0,0.0,0.0
2020-12-04,25.76,8.0,144.09,51.0,243.96,86.0,0.0,0.0,0.0,0.0
2020-12-05,46.54,18.0,203.43,63.0,328.84,106.0,0.0,0.0,0.0,0.0
2020-12-06,22.68,4.0,103.88,26.0,189.68,57.0,0.0,0.0,0.0,0.0
2020-12-07,15.24,5.0,51.19,17.0,120.94,37.0,0.0,0.0,0.0,0.0
2020-12-08,42.12,12.0,179.57,35.0,236.36,54.0,0.0,0.0,0.0,0.0
2020-12-09,17.84,9.0,186.48,46.0,271.65,70.0,0.0,0.0,0.0,0.0
2020-12-10,55.31,14.0,176.71,44.0,298.22,88.0,0.0,0.0,0.0,0.0
2020-12-11,0.0,0.0,16.31,5.0,50.47,18.0,0.0,0.0,0.0,0.0
2020-12-12,0.0,0.0,2.41,1.0,4.76,2.0,0.0,0.0,0.0,0.0
2020-12-13,16.98,7.0,24.06,10.0,67.71,19.0,0.0,0.0,0.0,0.0
2020-12-14,50.88,16.0,113.92,35.0,160.65,48.0,0.0,0.0,0.0,0.0
2020-12-15,59.48,23.0,198.23,77.0,388.92,136.0,0.0,0.0,0.0,0.0
2020-12-16,55.85,15.0,95.96,27.0,159.8,43.0,0.0,0.0,0.0,0.0
2020-12-17,19.61,4.0,53.12,14.0,96.12,28.0,0.0,0.0,0.0,0.0
2020-12-18,34.21,8.0,76.05,23.0,172.73,49.0,0.0,0.0,0.0,0.0
2020-12-19,23.24,7.0,126.04,36.0,274.12,60.0,0.0,0.0,0.0,0.0
2020-12-20,46.07,19.0,130.2,50.0,210.93,79.0,0.0,0.0,0.0,0.0
2020-12-21,18.47,7.0,119.12,35.0,190.58,58.0,0.0,0.0,0.0,0.0
2020-12-22,37.05,10.0,98.09,28.0,198.82,55.0,0.0,0.0,0.0,0.0
2020-12-23,16.98,6.0,83.49,26.0,146.72,49.0,0.0,0.0,0.0,0.0
2020-12-24,4.74,2.0,84.84,24.0,149.36,48.0,0.0,0.0,0.0,0.0
2020-12-25,19.18,7.0,122.7,37.0,250.79,79.0,0.0,0.0,0.0,0.0
2020-12-26,8.3,4.0,130.08,38.0,242.71,71.0,0.0,0.0,0.0,0.0
2020-12-27,23.44,7.0,155.3,48.0,242.03,71.0,0.0,0.0,0.0,0.0
2020-12-28,13.98,5.0,52.21,21.0,62.95,26.0,0.0,0.0,0.0,0.0
2020-12-29,29.91,7.0,84.46,22.0,126.47,38.0,0.0,0.0,0.0,0.0
2020-12-30,45.15,11.0,78.95,23.0,130.59,38.0,0.0,0.0,0.0,0.0
2020-12-31,8.4,4.0,44.08,19.0,83.41,32.0,0.0,0.0,0.0,0.0
2021-01-01,0.0,0.0,8.0,4.0,23.66,13.0,0.0,0.0,0.0,0.0
2021-01-02,0.76,1.0,0.76,1.0,12.45,5.0,0.0,0.0,0.0,0.0
2021-01-03,0.0,0.0,0.0,0.0,1.9,1.0,0.0,0.0,0.0,0.0
2021-01-04,0.0,0.0,4.36,2.0,76.98,19.0,0.0,0.0,0.0,0.0
2021-01-05,0.0,0.0,0.0,0.0,0.51,1.0,0.0,0.0,0.0,0.0
2021-01-06,0.0,0.0,0.0,0.0,0.58,1.0,0.0,0.0,0.0,0.0
2021-01-07,0.0,0.0,0.0,0.0,0.0,0.0,0.0,0.0,0.0,0.0
2021-01-08,0.0,0.0,0.0,0.0,0.0,0.0,0.0,0.0,0.0,0.0
2021-01-09,5.66,2.0,8.55,3.0,29.96,9.0,0.0,0.0,0.0,0.0
2021-01-10,4.69,1.0,20.14,7.0,31.86,11.0,0.0,0.0,0.0,0.0
2021-01-11,17.28,7.0,36.31,14.0,78.37,31.0,0.0,0.0,0.0,0.0
2021-01-12,5.44,2.0,43.62,12.0,43.62,12.0,0.0,0.0,0.0,0.0
2021-01-13,29.42,8.0,31.99,9.0,69.44,21.0,0.0,0.0,0.0,0.0
2021-01-14,0.0,0.0,1.38,1.0,27.52,7.0,0.0,0.0,0.0,0.0
2021-01-15,22.57,5.0,76.69,17.0,204.96,42.0,0.0,0.0,0.0,0.0
2021-01-16,0.0,0.0,23.99,10.0,65.36,22.0,0.0,0.0,0.0,0.0
2021-01-17,0.0,0.0,5.79,2.0,25.43,7.0,0.0,0.0,0.0,0.0
2021-01-18,1.91,1.0,1.91,1.0,9.5,3.0,0.0,0.0,0.0,0.0
2021-01-19,8.61,2.0,57.62,15.0,152.44,38.0,0.0,0.0,0.0,0.0
2021-01-20,9.12,3.0,85.8,25.0,161.6,37.0,0.0,0.0,0.0,0.0
2021-01-21,19.56,10.0,108.44,39.0,178.17,61.0,0.0,0.0,0.0,0.0
2021-01-22,7.14,3.0,51.63,13.0,92.49,28.0,0.0,0.0,0.0,0.0
2021-01-23,10.22,4.0,18.05,7.0,117.82,21.0,0.0,0.0,0.0,0.0
2021-01-24,0.0,0.0,9.61,3.0,44.62,10.0,0.0,0.0,0.0,0.0
2021-01-25,0.0,0.0,36.78,8.0,38.52,9.0,0.0,0.0,0.0,0.0
2021-01-26,16.63,6.0,74.85,21.0,129.72,37.0,0.0,0.0,0.0,0.0
2021-01-27,8.23,5.0,101.03,37.0,162.56,54.0,0.0,0.0,0.0,0.0
2021-01-28,6.18,3.0,16.46,7.0,56.73,18.0,0.0,0.0,0.0,0.0
2021-01-29,0.0,0.0,20.51,7.0,46.86,16.0,0.0,0.0,0.0,0.0
2021-01-30,8.23,2.0,68.36,16.0,193.62,42.0,0.0,0.0,0.0,0.0
2021-01-31,11.61,4.0,77.56,21.0,183.75,53.0,0.0,0.0,0.0,0.0
2021-02-01,31.96,12.0,92.0,35.0,277.08,94.0,0.0,0.0,0.0,0.0
2021-02-02,27.08,6.0,93.58,23.0,197.95,55.0,0.0,0.0,0.0,0.0
2021-02-03,6.02,3.0,116.52,20.0,257.34,44.0,0.0,0.0,0.0,0.0
2021-02-04,0.0,0.0,6.45,3.0,10.43,4.0,0.0,0.0,0.0,0.0
2021-02-05,8.91,4.0,18.23,8.0,38.75,15.0,0.0,0.0,0.0,0.0
2021-02-06,7.48,4.0,80.89,30.0,211.71,77.0,0.0,0.0,0.0,0.0
2021-02-07,11.05,1.0,56.09,12.0,373.38,85.0,0.0,0.0,0.0,0.0
2021-02-08,9.58,3.0,26.11,7.0,95.78,27.0,0.0,0.0,0.0,0.0
2021-02-09,40.0,5.0,149.23,23.0,340.39,50.0,0.0,0.0,0.0,0.0
2021-02-10,16.15,4.0,50.02,15.0,229.59,49.0,0.0,0.0,0.0,0.0
2021-02-11,20.31,8.0,164.23,46.0,369.25,95.0,0.0,0.0,0.0,0.0
2021-02-12,24.11,8.0,59.82,17.0,181.23,47.0,0.0,0.0,0.0,0.0
2021-02-13,0.0,0.0,24.3,9.0,64.24,20.0,0.0,0.0,0.0,0.0
2021-02-14,23.2,5.0,59.78,14.0,109.69,25.0,0.0,0.0,0.0,0.0
2021-02-15,0.0,0.0,49.18,16.0,185.59,51.0,0.0,0.0,0.0,0.0
2021-02-16,6.61,2.0,116.72,27.0,388.37,70.0,0.0,0.0,0.0,0.0
2021-02-17,12.53,5.0,73.85,31.0,262.09,95.0,0.0,0.0,0.0,0.0
2021-02-18,28.19,2.0,72.2,16.0,179.54,44.0,0.0,0.0,0.0,0.0
2021-02-19,33.79,5.0,82.71,17.0,128.7,29.0,0.0,0.0,0.0,0.0
2021-02-20,13.6,3.0,63.52,20.0,167.22,46.0,0.0,0.0,0.0,0.0
2021-02-21,15.91,12.0,43.08,18.0,126.11,40.0,0.0,0.0,0.0,0.0
2021-02-22,14.95,5.0,81.57,21.0,223.61,61.0,0.0,0.0,0.0,0.0
2021-02-23,31.46,6.0,89.45,26.0,231.47,63.0,0.0,0.0,0.0,0.0
2021-02-24,0.38,1.0,45.38,10.0,198.21,40.0,0.0,0.0,0.0,0.0
2021-02-25,6.07,2.0,36.87,6.0,193.92,40.0,0.0,0.0,0.0,0.0
2021-02-26,57.1,2.0,93.67,8.0,417.23,48.0,0.0,0.0,0.0,0.0
2021-02-27,5.48,2.0,51.5,14.0,84.92,25.0,0.0,0.0,0.0,0.0
2021-02-28,24.23,8.0,130.05,26.0,477.52,94.0,0.0,0.0,0.0,0.0
2021-03-01,4.87,5.0,27.49,9.0,164.57,58.0,0.0,0.0,0.0,0.0
2021-03-02,0.0,0.0,30.27,6.0,328.05,61.0,0.0,0.0,0.0,0.0
2021-03-03,4.29,3.0,7.53,6.0,112.9,37.0,0.0,0.0,0.0,0.0
2021-03-04,9.29,8.0,36.54,15.0,223.06,77.0,0.0,0.0,0.0,0.0
2021-03-05,10.95,5.0,22.86,11.0,383.17,124.0,0.0,0.0,0.0,0.0
2021-03-06,17.57,8.0,21.08,9.0,219.6,58.0,0.0,0.0,0.0,0.0
2021-03-07,0.0,0.0,14.85,4.0,42.22,9.0,0.0,0.0,0.0,0.0
2021-03-08,0.0,0.0,3.34,1.0,10.53,5.0,0.0,0.0,0.0,0.0
2021-03-09,6.83,3.0,9.9,4.0,93.99,25.0,0.0,0.0,0.0,0.0
2021-03-10,0.0,0.0,8.77,4.0,111.16,42.0,0.0,0.0,0.0,0.0
2021-03-11,0.87,2.0,15.69,7.0,320.21,96.0,0.0,0.0,0.0,0.0
2021-03-12,0.0,0.0,0.0,0.0,12.57,3.0,0.0,0.0,0.0,0.0
2021-03-13,0.76,1.0,0.76,1.0,155.42,60.0,0.0,0.0,0.0,0.0
2021-03-14,3.48,1.0,8.13,4.0,175.75,43.0,0.0,0.0,0.0,0.0
2021-03-15,0.0,0.0,0.56,1.0,183.96,53.0,0.0,0.0,0.0,0.0
2021-03-16,0.37,1.0,40.87,10.0,213.06,61.0,0.0,0.0,0.0,0.0
2021-03-17,0.64,2.0,6.28,4.0,159.35,39.0,0.0,0.0,0.0,0.0
2021-03-18,0.0,0.0,0.0,0.0,37.73,13.0,0.0,0.0,0.0,0.0
2021-03-19,4.3,4.0,7.11,5.0,307.9,91.0,0.0,0.0,0.0,0.0
2021-03-20,5.11,7.0,38.57,11.0,258.92,85.0,0.0,0.0,0.0,0.0
2021-03-21,12.68,4.0,44.56,10.0,341.13,97.0,0.0,0.0,0.0,0.0
2021-03-22,0.0,0.0,8.09,2.0,43.05,12.0,0.0,0.0,0.0,0.0
2021-03-23,4.82,2.0,4.82,2.0,104.87,29.0,0.0,0.0,0.0,0.0
2021-03-24,3.6,1.0,3.6,1.0,337.64,61.0,0.0,0.0,0.0,0.0
2021-03-25,1.11,3.0,1.11,3.0,94.03,52.0,0.0,0.0,0.0,0.0
2021-03-26,4.2,5.0,24.89,10.0,293.2,124.0,0.0,0.0,0.0,0.0
2021-03-27,6.18,2.0,37.34,13.0,313.86,103.0,0.0,0.0,0.0,0.0
2021-03-28,5.39,1.0,16.02,4.0,141.98,56.0,0.0,0.0,0.0,0.0
2021-03-29,3.55,1.0,22.14,7.0,142.87,56.0,0.0,0.0,0.0,0.0
2021-03-30,2.66,3.0,19.17,7.0,605.17,123.0,0.0,0.0,0.0,0.0
2021-03-31,2.4,3.0,96.6,16.0,1270.58,318.0,0.0,0.0,0.0,0.0
2021-04-01,62.6,9.0,108.31,18.0,1231.33,337.0,0.0,0.0,0.0,0.0
2021-04-02,18.13,8.0,22.44,11.0,1083.64,313.0,0.0,0.0,0.0,0.0
2021-04-03,57.57,7.0,66.67,10.0,1199.26,379.0,0.0,0.0,0.0,0.0
2021-04-04,0.37,1.0,21.94,6.0,964.59,299.0,0.0,0.0,0.0,0.0
2021-04-05,0.62,2.0,1.2,3.0,263.99,99.0,0.0,0.0,0.0,0.0
2021-04-06,4.51,2.0,13.66,5.0,87.11,21.0,0.0,0.0,0.0,0.0
2021-04-07,13.4,5.0,23.86,9.0,280.21,87.0,0.0,0.0,0.0,0.0
2021-04-08,1.13,2.0,20.18,7.0,284.62,70.0,0.0,0.0,0.0,0.0
2021-04-09,12.18,6.0,159.52,25.0,513.69,105.0,0.0,0.0,0.0,0.0
2021-04-10,19.12,7.0,232.15,26.0,1026.31,220.0,0.0,0.0,0.0,0.0
2021-04-11,2.84,3.0,18.93,6.0,1188.82,275.0,0.0,0.0,0.0,0.0
2021-04-12,10.6,2.0,68.74,11.0,669.3,165.0,0.0,0.0,0.0,0.0
2021-04-13,3.87,2.0,93.4,18.0,395.58,103.0,0.0,0.0,0.0,0.0
2021-04-14,94.42,8.0,208.86,32.0,774.0,123.0,0.0,0.0,0.0,0.0
2021-04-15,50.63,4.0,99.56,20.0,434.11,114.0,0.0,0.0,0.0,0.0
2021-04-16,0.0,0.0,139.73,16.0,676.96,90.0,0.0,0.0,0.0,0.0
2021-04-17,4.99,3.0,30.58,13.0,118.55,48.0,0.0,0.0,0.0,0.0
2021-04-18,37.44,7.0,333.06,50.0,919.1,145.0,0.0,0.0,0.0,0.0
2021-04-19,21.39,6.0,337.68,49.0,860.1,160.0,0.0,0.0,0.0,0.0
2021-04-20,0.0,0.0,0.76,1.0,12.29,6.0,0.0,0.0,0.0,0.0
2021-04-21,55.5,9.0,241.49,41.0,424.1,84.0,0.0,0.0,0.0,0.0
2021-04-22,29.53,11.0,272.71,60.0,354.95,89.0,0.0,0.0,0.0,0.0
2021-04-23,0.0,0.0,132.18,24.0,180.04,40.0,0.0,0.0,0.0,0.0
2021-04-24,211.04,39.0,974.61,160.0,1650.25,297.0,0.0,0.0,0.0,0.0
2021-04-25,175.55,25.0,1093.19,161.0,2105.17,354.0,0.0,0.0,0.0,0.0
2021-04-26,292.68,32.0,1600.28,182.0,4204.69,392.0,0.0,0.0,0.0,0.0
2021-04-27,401.34,58.0,2303.12,286.0,4109.32,506.0,0.0,0.0,0.0,0.0
2021-04-28,192.89,19.0,1595.9,140.0,4209.61,403.0,0.0,0.0,0.0,0.0
2021-04-29,465.64,61.0,1942.72,263.0,4849.99,648.0,0.0,0.0,0.0,0.0
2021-04-30,155.52,30.0,415.15,95.0,1425.81,302.0,0.0,0.0,0.0,0.0
2021-05-01,83.12,15.0,950.56,144.0,3764.97,567.0,0.0,0.0,0.0,0.0
2021-05-02,786.61,94.0,1969.78,267.0,3366.13,571.0,0.0,0.0,0.0,0.0
2021-05-03,67.09,18.0,401.54,52.0,1007.88,143.0,0.0,0.0,0.0,0.0
2021-05-04,92.13,19.0,463.96,72.0,1001.72,170.0,0.0,0.0,0.0,0.0
2021-05-05,159.58,32.0,827.77,172.0,1834.14,445.0,0.0,0.0,0.0,0.0
2021-05-06,79.93,11.0,247.86,42.0,549.15,105.0,0.0,0.0,0.0,0.0
2021-05-07,0.0,0.0,172.76,20.0,747.8,124.0,0.0,0.0,0.0,0.0
2021-05-08,53.27,9.0,260.5,41.0,1335.41,231.0,0.0,0.0,0.0,0.0
2021-05-09,60.78,14.0,358.87,91.0,1366.55,314.0,0.0,0.0,0.0,0.0
2021-05-10,0.0,0.0,30.34,5.0,197.81,31.0,0.0,0.0,0.0,0.0
2021-05-11,12.35,6.0,171.85,35.0,551.24,132.0,0.0,0.0,0.0,0.0
2021-05-12,16.0,3.0,49.22,8.0,99.92,22.0,0.0,0.0,0.0,0.0
2021-05-13,0.68,1.0,22.38,8.0,113.37,31.0,0.0,0.0,0.0,0.0
2021-05-14,2.17,1.0,127.89,21.0,510.15,95.0,0.0,0.0,0.0,0.0
2021-05-15,26.15,6.0,52.91,14.0,122.4,32.0,0.0,0.0,0.0,0.0
2021-05-16,41.25,11.0,130.15,29.0,705.24,163.0,0.0,0.0,0.0,0.0
2021-05-17,0.0,0.0,0.0,0.0,127.27,23.0,0.0,0.0,0.0,0.0
2021-05-18,0.0,0.0,0.0,0.0,0.0,0.0,0.0,0.0,0.0,0.0
2021-05-19,0.0,0.0,0.0,0.0,0.0,0.0,0.0,0.0,0.0,0.0
2021-05-20,0.0,0.0,0.0,0.0,44.5,14.0,0.0,0.0,0.0,0.0
2021-05-21,0.0,0.0,0.0,0.0,0.0,0.0,0.0,0.0,0.0,0.0
2021-05-22,0.0,0.0,0.0,0.0,6.35,3.0,0.0,0.0,0.0,0.0
2021-05-23,5.73,3.0,31.32,6.0,55.99,11.0,0.0,0.0,0.0,0.0
2021-05-24,0.0,0.0,0.0,0.0,26.96,9.0,0.0,0.0,0.0,0.0
2021-05-25,9.83,2.0,18.92,4.0,87.66,15.0,0.0,0.0,0.0,0.0
2021-05-26,14.68,4.0,31.73,10.0,96.65,20.0,0.0,0.0,0.0,0.0
2021-05-27,12.2,2.0,19.03,4.0,119.19,21.0,0.0,0.0,0.0,0.0
2021-05-28,12.61,4.0,12.61,4.0,35.48,10.0,0.0,0.0,0.0,0.0
2021-05-29,9.8,3.0,11.46,4.0,24.94,10.0,0.0,0.0,0.0,0.0
2021-05-30,0.0,0.0,0.0,0.0,0.0,0.0,0.0,0.0,0.0,0.0
2021-05-31,1.57,1.0,1.57,1.0,4.14,2.0,0.0,0.0,0.0,0.0
2021-06-01,0.0,0.0,6.75,1.0,6.75,1.0,0.0,0.0,0.0,0.0
2021-06-02,0.0,0.0,0.0,0.0,1.19,2.0,0.0,0.0,0.0,0.0
2021-06-03,0.0,0.0,6.27,1.0,48.49,7.0,0.0,0.0,0.0,0.0
2021-06-04,0.0,0.0,0.0,0.0,2.39,1.0,0.0,0.0,0.0,0.0
2021-06-05,2.21,2.0,8.49,5.0,15.87,9.0,0.0,0.0,0.0,0.0
2021-06-06,0.0,0.0,0.0,0.0,7.62,2.0,0.0,0.0,0.0,0.0
2021-06-07,0.0,0.0,3.18,1.0,4.69,2.0,0.0,0.0,0.0,0.0
2021-06-08,0.0,0.0,0.97,1.0,8.69,3.0,0.0,0.0,0.0,0.0
2021-06-09,0.0,0.0,8.38,2.0,8.38,2.0,0.0,0.0,0.0,0.0
2021-06-10,0.0,0.0,0.0,0.0,0.0,0.0,0.0,0.0,0.0,0.0
2021-06-11,0.0,0.0,0.0,0.0,0.0,0.0,0.0,0.0,0.0,0.0
2021-06-12,0.0,0.0,0.0,0.0,0.0,0.0,0.0,0.0,0.0,0.0
2021-06-13,0.0,0.0,0.0,0.0,0.0,0.0,0.0,0.0,0.0,0.0
2021-06-14,0.7,1.0,0.7,1.0,6.45,2.0,0.0,0.0,0.0,0.0
2021-06-15,0.0,0.0,0.0,0.0,0.0,0.0,0.0,0.0,0.0,0.0
2021-06-16,0.0,0.0,0.0,0.0,0.0,0.0,0.0,0.0,0.0,0.0
2021-06-17,0.0,0.0,0.0,0.0,2.03,1.0,0.0,0.0,0.0,0.0
2021-06-18,0.0,0.0,0.0,0.0,1.2,1.0,0.0,0.0,0.0,0.0
2021-06-19,0.0,0.0,0.0,0.0,5.68,2.0,0.0,0.0,0.0,0.0
2021-06-20,0.46,1.0,1.55,2.0,5.04,3.0,0.0,0.0,0.0,0.0
2021-06-21,2.32,1.0,7.74,3.0,8.56,4.0,0.0,0.0,0.0,0.0
2021-06-22,0.0,0.0,2.9,1.0,4.29,2.0,0.0,0.0,0.0,0.0
2021-06-23,0.0,0.0,0.0,0.0,1.93,1.0,0.0,0.0,0.0,0.0
2021-06-24,1.82,2.0,2.53,3.0,3.59,4.0,0.0,0.0,0.0,0.0
2021-06-25,0.0,0.0,0.0,0.0,2.18,1.0,0.0,0.0,0.0,0.0
2021-06-26,0.0,0.0,0.0,0.0,2.27,2.0,0.0,0.0,0.0,0.0
2021-06-27,0.0,0.0,2.37,1.0,5.5,2.0,0.0,0.0,0.0,0.0
2021-06-28,0.0,0.0,0.75,1.0,0.75,1.0,0.0,0.0,0.0,0.0
2021-06-29,0.44,1.0,1.02,2.0,5.06,4.0,0.0,0.0,0.0,0.0
2021-06-30,0.0,0.0,2.51,1.0,13.86,5.0,0.0,0.0,0.0,0.0
2021-07-01,0.0,0.0,8.08,2.0,9.07,3.0,0.0,0.0,0.0,0.0
2021-07-02,0.0,0.0,0.0,0.0,19.64,4.0,0.0,0.0,0.0,0.0
2021-07-03,0.0,0.0,0.0,0.0,0.0,0.0,0.0,0.0,0.0,0.0
2021-07-04,0.0,0.0,0.0,0.0,13.36,2.0,0.0,0.0,0.0,0.0
2021-07-05,2.44,1.0,2.44,1.0,7.43,2.0,0.0,0.0,0.0,0.0
2021-07-06,0.0,0.0,0.0,0.0,0.0,0.0,0.0,0.0,0.0,0.0
2021-07-07,0.0,0.0,7.68,2.0,39.98,9.0,0.0,0.0,0.0,0.0
2021-07-08,0.0,0.0,0.0,0.0,2.46,1.0,0.0,0.0,0.0,0.0
2021-07-09,0.95,1.0,0.95,1.0,4.88,2.0,0.0,0.0,0.0,0.0
2021-07-10,0.0,0.0,0.0,0.0,30.13,7.0,0.0,0.0,0.0,0.0
2021-07-11,54.78,19.0,54.78,19.0,62.77,22.0,0.0,0.0,0.0,0.0
2021-07-12,22.35,2.0,22.35,2.0,22.35,2.0,0.0,0.0,0.0,0.0
2021-07-13,0.0,0.0,0.0,0.0,0.0,0.0,0.0,0.0,0.0,0.0
2021-07-14,0.0,0.0,0.0,0.0,0.0,0.0,0.0,0.0,0.0,0.0
2021-07-15,0.0,0.0,0.0,0.0,6.91,1.0,0.0,0.0,0.0,0.0
2021-07-16,2.87,1.0,8.36,3.0,42.03,9.0,0.0,0.0,0.0,0.0
2021-07-17,0.0,0.0,0.0,0.0,0.0,0.0,0.0,0.0,0.0,0.0
2021-07-18,0.0,0.0,0.0,0.0,0.0,0.0,0.0,0.0,0.0,0.0
2021-07-19,0.0,0.0,0.0,0.0,0.0,0.0,0.0,0.0,0.0,0.0
2021-07-20,0.0,0.0,0.0,0.0,0.0,0.0,0.0,0.0,0.0,0.0
2021-07-21,0.0,0.0,0.0,0.0,4.17,1.0,0.0,0.0,0.0,0.0
2021-07-22,0.0,0.0,0.0,0.0,0.0,0.0,0.0,0.0,0.0,0.0
2021-07-23,0.0,0.0,3.01,2.0,3.01,2.0,0.0,0.0,0.0,0.0
2021-07-24,0.0,0.0,0.0,0.0,1.09,1.0,0.0,0.0,0.0,0.0
2021-07-25,0.0,0.0,0.0,0.0,0.0,0.0,0.0,0.0,0.0,0.0
2021-07-26,0.0,0.0,0.0,0.0,0.0,0.0,0.0,0.0,0.0,0.0
2021-07-27,0.0,0.0,0.0,0.0,0.0,0.0,0.0,0.0,0.0,0.0
2021-07-28,0.0,0.0,0.0,0.0,0.0,0.0,0.0,0.0,0.0,0.0
2021-07-29,0.0,0.0,0.0,0.0,0.0,0.0,0.0,0.0,0.0,0.0
2021-07-30,0.0,0.0,0.0,0.0,0.0,0.0,0.0,0.0,0.0,0.0
2021-07-31,0.0,0.0,0.0,0.0,0.0,0.0,0.0,0.0,0.0,0.0
2021-08-01,0.0,0.0,0.0,0.0,0.0,0.0,0.0,0.0,0.0,0.0
2021-08-02,0.0,0.0,0.0,0.0,7.28,2.0,0.0,0.0,0.0,0.0
2021-08-03,0.0,0.0,0.0,0.0,0.0,0.0,0.0,0.0,0.0,0.0
2021-08-04,0.0,0.0,0.0,0.0,0.0,0.0,0.0,0.0,0.0,0.0
2021-08-05,0.0,0.0,0.0,0.0,0.0,0.0,0.0,0.0,0.0,0.0
2021-08-06,0.0,0.0,0.0,0.0,0.0,0.0,0.0,0.0,0.0,0.0
2021-08-07,0.0,0.0,0.0,0.0,0.0,0.0,0.0,0.0,0.0,0.0
2021-08-08,0.0,0.0,0.0,0.0,0.0,0.0,0.0,0.0,0.0,0.0
2021-08-09,0.0,0.0,0.0,0.0,0.0,0.0,0.0,0.0,0.0,0.0
2021-08-10,1.24,2.0,1.24,2.0,1.24,2.0,0.0,0.0,0.0,0.0
2021-08-11,1.42,2.0,1.42,2.0,1.42,2.0,0.0,0.0,0.0,0.0
2021-08-12,0.0,0.0,0.0,0.0,7.96,1.0,0.0,0.0,0.0,0.0
2021-08-13,0.0,0.0,0.0,0.0,0.0,0.0,0.0,0.0,0.0,0.0
2021-08-14,2.44,1.0,2.44,1.0,2.44,1.0,0.0,0.0,0.0,0.0
2021-08-15,0.0,0.0,2.41,1.0,2.41,1.0,0.0,0.0,0.0,0.0
2021-08-16,0.0,0.0,1.01,1.0,1.01,1.0,0.0,0.0,0.0,0.0
2021-08-17,2.58,2.0,5.35,4.0,5.35,4.0,0.0,0.0,0.0,0.0
2021-08-18,0.0,0.0,0.0,0.0,0.0,0.0,0.0,0.0,0.0,0.0
2021-08-19,0.0,0.0,0.0,0.0,0.0,0.0,0.0,0.0,0.0,0.0
2021-08-20,0.0,0.0,0.0,0.0,0.0,0.0,0.0,0.0,0.0,0.0
2021-08-21,0.0,0.0,0.0,0.0,0.0,0.0,0.0,0.0,0.0,0.0
2021-08-22,0.0,0.0,0.0,0.0,0.49,1.0,0.0,0.0,0.0,0.0
2021-08-23,0.0,0.0,0.0,0.0,0.0,0.0,0.0,0.0,0.0,0.0
2021-08-24,0.0,0.0,0.0,0.0,3.27,1.0,0.0,0.0,0.0,0.0
2021-08-25,0.0,0.0,0.0,0.0,0.0,0.0,0.0,0.0,0.0,0.0
2021-08-26,0.0,0.0,0.0,0.0,0.0,0.0,0.0,0.0,0.0,0.0
2021-08-27,0.0,0.0,0.0,0.0,11.68,2.0,0.0,0.0,0.0,0.0
2021-08-28,0.43,1.0,0.43,1.0,0.43,1.0,0.0,0.0,0.0,0.0
2021-08-29,0.0,0.0,0.0,0.0,0.0,0.0,0.0,0.0,0.0,0.0
2021-08-30,0.0,0.0,0.0,0.0,2.38,1.0,0.0,0.0,0.0,0.0
2021-08-31,0.0,0.0,0.0,0.0,0.0,0.0,0.0,0.0,0.0,0.0
2021-09-01,0.0,0.0,0.0,0.0,0.0,0.0,0.0,0.0,0.0,0.0
2021-09-02,0.0,0.0,0.0,0.0,0.0,0.0,0.0,0.0,0.0,0.0
2021-09-03,0.0,0.0,0.0,0.0,0.0,0.0,0.0,0.0,0.0,0.0
2021-09-04,0.0,0.0,0.0,0.0,0.0,0.0,0.0,0.0,0.0,0.0
2021-09-05,0.0,0.0,0.0,0.0,0.0,0.0,0.0,0.0,0.0,0.0
2021-09-06,0.0,0.0,0.0,0.0,0.0,0.0,0.0,0.0,0.0,0.0
2021-09-07,1.64,1.0,6.12,3.0,9.82,4.0,0.0,0.0,0.0,0.0
2021-09-08,4.33,1.0,4.33,1.0,4.33,1.0,0.0,0.0,0.0,0.0
2021-09-09,3.39,4.0,4.18,5.0,5.53,6.0,0.0,0.0,0.0,0.0
2021-09-10,0.0,0.0,0.0,0.0,0.0,0.0,0.0,0.0,0.0,0.0
2021-09-11,0.0,0.0,0.7,1.0,0.7,1.0,0.0,0.0,0.0,0.0
2021-09-12,0.0,0.0,0.0,0.0,0.0,0.0,0.0,0.0,0.0,0.0
2021-09-13,0.0,0.0,0.0,0.0,0.0,0.0,0.0,0.0,0.0,0.0
2021-09-14,0.0,0.0,0.0,0.0,0.0,0.0,0.0,0.0,0.0,0.0
2021-09-15,0.0,0.0,0.0,0.0,0.0,0.0,0.0,0.0,0.0,0.0
2021-09-16,0.0,0.0,0.0,0.0,0.0,0.0,0.0,0.0,0.0,0.0
2021-09-17,0.92,1.0,0.92,1.0,4.27,3.0,0.0,0.0,0.0,0.0
2021-09-18,0.0,0.0,1.28,1.0,6.76,5.0,0.0,0.0,0.0,0.0
2021-09-19,0.56,1.0,0.56,1.0,7.18,3.0,0.0,0.0,0.0,0.0
2021-09-20,0.0,0.0,0.0,0.0,8.57,2.0,0.0,0.0,0.0,0.0
2021-09-21,0.0,0.0,0.0,0.0,0.0,0.0,0.0,0.0,0.0,0.0
2021-09-22,0.0,0.0,0.0,0.0,0.0,0.0,0.0,0.0,0.0,0.0
2021-09-23,0.0,0.0,0.0,0.0,1.31,1.0,0.0,0.0,0.0,0.0
2021-09-24,0.69,1.0,0.69,1.0,1.24,2.0,0.0,0.0,0.0,0.0
2021-09-25,0.82,1.0,0.82,1.0,0.82,1.0,0.0,0.0,0.0,0.0
2021-09-26,0.0,0.0,0.0,0.0,1.82,1.0,0.0,0.0,0.0,0.0
2021-09-27,1.02,1.0,1.89,2.0,18.32,7.0,0.0,0.0,0.0,0.0
2021-09-28,1.28,1.0,1.28,1.0,8.61,3.0,0.0,0.0,0.0,0.0
2021-09-29,2.44,2.0,4.59,4.0,41.04,16.0,0.0,0.0,0.0,0.0
2021-09-30,2.23,1.0,2.23,1.0,62.33,9.0,0.0,0.0,0.0,0.0
2021-10-01,0.0,0.0,1.13,1.0,4.49,2.0,0.0,0.0,0.0,0.0
2021-10-02,0.0,0.0,0.0,0.0,9.74,3.0,0.0,0.0,0.0,0.0
2021-10-03,1.52,1.0,12.75,4.0,43.19,11.0,0.0,0.0,0.0,0.0
2021-10-04,5.52,2.0,8.85,3.0,18.82,6.0,0.0,0.0,0.0,0.0
2021-10-05,1.78,1.0,1.78,1.0,34.03,9.0,0.0,0.0,0.0,0.0
2021-10-06,1.38,1.0,5.98,2.0,31.32,9.0,0.0,0.0,0.0,0.0
2021-10-07,0.0,0.0,47.83,7.0,104.32,22.0,0.0,0.0,0.0,0.0
2021-10-08,4.24,1.0,11.52,3.0,173.24,34.0,0.0,0.0,0.0,0.0
2021-10-09,2.27,1.0,68.43,19.0,430.94,104.0,0.0,0.0,0.0,0.0
2021-10-10,11.59,7.0,97.91,34.0,711.33,200.0,0.0,0.0,0.0,0.0
2021-10-11,0.0,0.0,80.51,17.0,444.15,92.0,0.0,0.0,0.0,0.0
2021-10-12,1.68,1.0,54.29,13.0,442.23,100.0,0.0,0.0,0.0,0.0
2021-10-13,0.93,1.0,130.0,18.0,858.94,161.0,0.0,0.0,0.0,0.0
2021-10-14,16.7,9.0,185.43,42.0,1287.43,260.0,0.0,0.0,0.0,0.0
2021-10-15,18.98,6.0,231.06,69.0,2996.11,697.0,0.0,0.0,0.0,0.0
2021-10-16,0.0,0.0,122.05,28.0,2015.1,381.0,0.0,0.0,0.0,0.0
2021-10-17,0.0,0.0,0.0,0.0,0.0,0.0,0.0,0.0,0.0,0.0
2021-10-18,0.0,0.0,0.0,0.0,10.79,1.0,0.0,0.0,0.0,0.0
2021-10-19,0.64,1.0,1.15,2.0,551.44,92.0,0.0,0.0,0.0,0.0
2021-10-20,1.9,2.0,22.11,11.0,1390.43,277.0,0.0,0.0,0.0,0.0
2021-10-21,3.83,2.0,65.6,21.0,1283.97,266.0,0.0,0.0,0.0,0.0
2021-10-22,3.89,4.0,51.46,10.0,1169.08,169.0,0.0,0.0,0.0,0.0
2021-10-23,0.0,0.0,68.76,13.0,1815.3,324.0,0.0,0.0,0.0,0.0
2021-10-24,0.0,0.0,106.66,15.0,330.54,51.0,0.0,0.0,0.0,0.0
2021-10-25,0.69,1.0,43.55,12.0,708.74,150.0,0.0,0.0,0.0,0.0
2021-10-26,1.28,3.0,58.76,28.0,1261.08,301.0,0.0,0.0,0.0,0.0
2021-10-27,0.45,1.0,45.7,13.0,947.29,193.0,0.0,0.0,0.0,0.0
2021-10-28,4.35,3.0,30.48,12.0,1787.45,306.0,0.0,0.0,0.0,0.0
2021-10-29,8.95,5.0,51.52,17.0,2123.34,300.0,0.0,0.0,0.0,0.0
2021-10-30,8.65,3.0,192.38,41.0,2519.43,398.0,0.0,0.0,0.0,0.0
2021-10-31,8.68,6.0,204.35,55.0,3332.31,677.0,0.0,0.0,0.0,0.0
2021-11-01,27.33,7.0,182.0,30.0,2659.87,427.0,0.0,0.0,0.0,0.0
2021-11-02,14.07,3.0,96.37,32.0,1933.07,355.0,0.0,0.0,0.0,0.0
2021-11-03,6.76,2.0,149.65,31.0,3454.97,582.0,0.0,0.0,0.0,0.0
2021-11-04,14.25,5.0,364.08,55.0,4031.81,565.0,0.0,0.0,0.0,0.0
2021-11-05,35.79,10.0,217.9,69.0,5742.28,937.0,0.0,0.0,0.0,0.0
2021-11-06,27.83,7.0,322.74,80.0,4858.5,687.0,0.0,0.0,0.0,0.0
2021-11-07,25.0,3.0,107.01,22.0,3783.37,446.0,0.0,0.0,0.0,0.0
2021-11-08,8.03,2.0,70.34,19.0,4576.22,627.0,0.0,0.0,0.0,0.0
2021-11-09,9.82,2.0,143.11,28.0,4977.34,622.0,0.0,0.0,0.0,0.0
2021-11-10,11.81,6.0,246.07,74.0,5352.86,880.0,0.0,0.0,0.0,0.0
2021-11-11,26.66,7.0,185.51,50.0,3948.01,669.0,0.0,0.0,0.0,0.0
2021-11-12,10.95,2.0,113.47,32.0,4902.77,650.0,0.0,0.0,0.0,0.0
2021-11-13,7.74,2.0,179.76,45.0,4907.07,708.0,0.0,0.0,0.0,0.0
2021-11-14,2.03,3.0,146.79,31.0,3627.01,428.0,0.0,0.0,0.0,0.0
2021-11-15,23.06,6.0,267.04,64.0,3150.0,454.0,0.0,0.0,0.0,0.0
2021-11-16,43.98,12.0,429.49,117.0,2413.54,476.0,0.0,0.0,0.0,0.0
2021-11-17,10.51,3.0,169.05,38.0,984.87,187.0,0.0,0.0,0.0,0.0
2021-11-18,3.42,2.0,76.65,29.0,748.35,132.0,0.0,0.0,0.0,0.0
2021-11-19,3.12,2.0,110.86,35.0,845.14,193.0,0.0,0.0,0.0,0.0
2021-11-20,10.59,5.0,268.08,79.0,924.4,189.0,0.0,0.0,0.0,0.0
2021-11-21,35.01,13.0,276.24,84.0,1044.07,229.0,0.0,0.0,0.0,0.0
2021-11-22,13.04,4.0,287.52,60.0,803.07,147.0,0.0,0.0,0.0,0.0
2021-11-23,7.27,5.0,86.9,19.0,215.43,49.0,0.0,0.0,0.0,0.0
2021-11-24,6.37,2.0,86.9,25.0,217.38,58.0,0.0,0.0,0.0,0.0
2021-11-25,4.76,3.0,67.47,18.0,199.34,48.0,0.0,0.0,0.0,0.0
2021-11-26,12.49,10.0,166.89,56.0,304.63,95.0,0.0,0.0,0.0,0.0
2021-11-27,16.17,7.0,190.64,62.0,376.88,127.0,0.0,0.0,0.0,0.0
2021-11-28,29.11,15.0,114.6,40.0,171.32,61.0,0.0,0.0,0.0,0.0
2021-11-29,21.89,9.0,103.27,31.0,172.93,58.0,0.0,0.0,0.0,0.0
2021-11-30,1.47,1.0,60.46,18.0,128.44,40.0,0.0,0.0,0.0,0.0
2021-12-01,0.0,0.0,0.0,0.0,0.0,0.0,0.0,0.0,0.0,0.0
2021-12-02,4.82,4.0,4.82,4.0,7.44,6.0,0.0,0.0,0.0,0.0
2021-12-03,1.55,3.0,4.67,4.0,22.62,14.0,0.0,0.0,0.0,0.0
2021-12-04,30.15,7.0,97.97,19.0,163.06,44.0,0.0,0.0,0.0,0.0
2021-12-05,0.0,0.0,7.56,2.0,33.87,10.0,0.0,0.0,0.0,0.0
2021-12-06,15.07,9.0,44.4,18.0,94.58,30.0,0.0,0.0,0.0,0.0
2021-12-07,11.67,4.0,102.52,30.0,205.01,66.0,0.0,0.0,0.0,0.0
2021-12-08,9.52,4.0,94.93,30.0,234.63,76.0,0.0,0.0,0.0,0.0
2021-12-09,1.84,1.0,81.53,21.0,104.71,28.0,0.0,0.0,0.0,0.0
2021-12-10,22.29,8.0,61.65,18.0,117.79,36.0,0.0,0.0,0.0,0.0
2021-12-11,56.32,13.0,94.57,25.0,137.78,38.0,0.0,0.0,0.0,0.0
2021-12-12,56.5,21.0,191.16,62.0,267.46,85.0,0.0,0.0,0.0,0.0
2021-12-13,31.99,13.0,103.29,39.0,212.12,82.0,0.0,0.0,0.0,0.0
2021-12-14,25.15,10.0,94.55,35.0,204.08,62.0,0.0,0.0,0.0,0.0
2021-12-15,0.0,0.0,72.73,23.0,123.75,44.0,0.0,0.0,0.0,0.0
2021-12-16,17.71,11.0,29.34,16.0,89.01,37.0,0.0,0.0,0.0,0.0
2021-12-17,23.15,6.0,88.88,23.0,159.73,41.0,0.0,0.0,0.0,0.0
2021-12-18,27.53,12.0,114.54,38.0,204.44,73.0,0.0,0.0,0.0,0.0
2021-12-19,7.78,2.0,77.26,19.0,154.23,41.0,0.0,0.0,0.0,0.0
2021-12-20,5.65,3.0,65.84,18.0,101.2,29.0,0.0,0.0,0.0,0.0
2021-12-21,13.68,4.0,46.9,16.0,123.95,40.0,0.0,0.0,0.0,0.0
2021-12-22,45.4,12.0,117.81,39.0,229.29,73.0,0.0,0.0,0.0,0.0
2021-12-23,35.74,15.0,131.9,55.0,220.08,85.0,0.0,0.0,0.0,0.0
2021-12-24,27.26,12.0,169.48,51.0,256.47,79.0,0.0,0.0,0.0,0.0
2021-12-25,13.39,3.0,43.08,12.0,121.92,32.0,0.0,0.0,0.0,0.0
2021-12-26,2.22,2.0,2.22,2.0,5.49,3.0,0.0,0.0,0.0,0.0
2021-12-27,16.87,5.0,22.3,7.0,34.17,11.0,0.0,0.0,0.0,0.0
2021-12-28,0.0,0.0,7.72,5.0,7.72,5.0,0.0,0.0,0.0,0.0
2021-12-29,15.39,7.0,66.98,27.0,149.89,50.0,0.0,0.0,0.0,0.0
2021-12-30,7.5,4.0,10.07,5.0,16.03,6.0,0.0,0.0,0.0,0.0
2021-12-31,18.27,8.0,42.43,16.0,58.14,22.0,0.0,0.0,0.0,0.0
2022-01-01,5.31,3.0,46.05,18.0,71.06,29.0,0.0,0.0,0.0,0.0
2022-01-02,26.1,6.0,58.78,18.0,77.73,25.0,0.0,0.0,0.0,0.0
2022-01-03,23.59,6.0,117.13,35.0,239.04,79.0,0.0,0.0,0.0,0.0
2022-01-04,3.36,1.0,18.87,6.0,57.26,11.0,0.0,0.0,0.0,0.0
2022-01-05,0.0,0.0,0.0,0.0,0.0,0.0,0.0,0.0,0.0,0.0
2022-01-06,0.0,0.0,1.54,1.0,1.54,1.0,0.0,0.0,0.0,0.0
2022-01-07,0.0,0.0,0.0,0.0,5.29,1.0,0.0,0.0,0.0,0.0
2022-01-08,0.0,0.0,0.0,0.0,0.0,0.0,0.0,0.0,0.0,0.0
2022-01-09,0.0,0.0,0.0,0.0,0.0,0.0,0.0,0.0,0.0,0.0
2022-01-10,0.0,0.0,0.0,0.0,0.0,0.0,0.0,0.0,0.0,0.0
2022-01-11,0.0,0.0,0.0,0.0,0.0,0.0,0.0,0.0,0.0,0.0
2022-01-12,0.0,0.0,0.81,1.0,0.81,1.0,0.0,0.0,0.0,0.0
2022-01-13,0.48,1.0,4.03,2.0,13.01,4.0,0.0,0.0,0.0,0.0
2022-01-14,3.32,1.0,3.32,1.0,3.32,1.0,0.0,0.0,0.0,0.0
2022-01-15,0.0,0.0,0.0,0.0,0.0,0.0,0.0,0.0,0.0,0.0
2022-01-16,0.0,0.0,2.15,2.0,2.15,2.0,0.0,0.0,0.0,0.0
2022-01-17,0.0,0.0,0.0,0.0,4.24,2.0,0.0,0.0,0.0,0.0
2022-01-18,0.0,0.0,12.34,3.0,12.34,3.0,0.0,0.0,0.0,0.0
2022-01-19,8.55,3.0,29.77,11.0,29.77,11.0,0.0,0.0,0.0,0.0
2022-01-20,0.0,0.0,0.0,0.0,0.0,0.0,0.0,0.0,0.0,0.0
2022-01-21,0.0,0.0,0.0,0.0,12.69,3.0,0.0,0.0,0.0,0.0
2022-01-22,0.0,0.0,0.0,0.0,0.0,0.0,0.0,0.0,0.0,0.0
2022-01-23,0.0,0.0,0.63,1.0,0.63,1.0,0.0,0.0,0.0,0.0
2022-01-24,0.68,1.0,1.39,2.0,1.39,2.0,0.0,0.0,0.0,0.0
2022-01-25,0.0,0.0,0.0,0.0,0.0,0.0,0.0,0.0,0.0,0.0
2022-01-26,0.0,0.0,0.86,1.0,0.86,1.0,0.0,0.0,0.0,0.0
2022-01-27,0.0,0.0,0.0,0.0,0.0,0.0,0.0,0.0,0.0,0.0
2022-01-28,1.12,1.0,71.42,3.0,97.61,9.0,0.0,0.0,0.0,0.0
2022-01-29,8.55,4.0,62.84,19.0,87.34,26.0,0.0,0.0,0.0,0.0
2022-01-30,14.17,8.0,58.93,25.0,114.89,40.0,0.0,0.0,0.0,0.0
2022-01-31,1.31,1.0,34.0,7.0,39.9,10.0,0.0,0.0,0.0,0.0
2022-02-01,9.32,6.0,20.49,9.0,35.73,12.0,0.0,0.0,0.0,0.0
2022-02-02,1.04,1.0,27.45,10.0,32.0,12.0,0.0,0.0,0.0,0.0
2022-02-03,0.0,0.0,0.0,0.0,0.0,0.0,0.0,0.0,0.0,0.0
2022-02-04,0.82,1.0,5.25,3.0,9.05,4.0,0.0,0.0,0.0,0.0
2022-02-05,0.0,0.0,0.0,0.0,10.56,3.0,0.0,0.0,0.0,0.0
2022-02-06,0.0,0.0,7.95,2.0,7.95,2.0,0.0,0.0,0.0,0.0
2022-02-07,0.85,2.0,16.29,9.0,31.7,14.0,0.0,0.0,0.0,0.0
2022-02-08,30.61,7.0,57.97,14.0,98.31,25.0,0.0,0.0,0.0,0.0
2022-02-09,0.0,0.0,0.78,1.0,4.22,2.0,0.0,0.0,0.0,0.0
2022-02-10,0.0,0.0,17.17,7.0,157.88,22.0,0.0,0.0,0.0,0.0
2022-02-11,0.0,0.0,11.8,3.0,23.86,7.0,0.0,0.0,0.0,0.0
2022-02-12,11.28,3.0,53.24,13.0,127.15,25.0,0.0,0.0,0.0,0.0
2022-02-13,18.63,4.0,69.43,17.0,124.07,33.0,0.0,0.0,0.0,0.0
2022-02-14,36.41,15.0,148.29,41.0,289.84,70.0,0.0,0.0,0.0,0.0
2022-02-15,34.64,11.0,128.86,41.0,255.39,77.0,0.0,0.0,0.0,0.0
2022-02-16,26.65,8.0,71.51,23.0,103.62,34.0,0.0,0.0,0.0,0.0
2022-02-17,9.93,7.0,54.64,22.0,122.82,38.0,0.0,0.0,0.0,0.0
2022-02-18,32.23,6.0,93.77,21.0,186.09,46.0,0.0,0.0,0.0,0.0
2022-02-19,6.71,7.0,93.51,16.0,164.62,32.0,0.0,0.0,0.0,0.0
2022-02-20,12.02,6.0,54.0,19.0,162.49,56.0,0.0,0.0,0.0,0.0
2022-02-21,6.45,3.0,50.86,12.0,177.27,40.0,0.0,0.0,0.0,0.0
2022-02-22,12.76,6.0,50.46,14.0,134.97,29.0,0.0,0.0,0.0,0.0
2022-02-23,0.0,0.0,0.0,0.0,6.6,2.0,0.0,0.0,0.0,0.0
2022-02-24,3.62,3.0,16.92,8.0,25.84,11.0,0.0,0.0,0.0,0.0
2022-02-25,11.3,6.0,57.4,18.0,107.15,32.0,0.0,0.0,0.0,0.0
2022-02-26,3.45,2.0,4.53,3.0,4.53,3.0,0.0,0.0,0.0,0.0
2022-02-27,4.53,3.0,13.28,6.0,34.81,11.0,0.0,0.0,0.0,0.0
2022-02-28,0.69,1.0,13.81,5.0,49.54,16.0,0.0,0.0,0.0,0.0
2022-03-01,0.17,1.0,50.74,11.0,86.03,20.0,0.0,0.0,0.0,0.0
2022-03-02,2.8,2.0,76.67,16.0,175.7,47.0,0.0,0.0,0.0,0.0
2022-03-03,7.16,3.0,41.89,13.0,67.37,25.0,0.0,0.0,0.0,0.0
2022-03-04,0.94,3.0,32.78,16.0,82.5,32.0,0.0,0.0,0.0,0.0
2022-03-05,0.0,0.0,6.42,2.0,77.46,19.0,0.0,0.0,0.0,0.0
2022-03-06,0.0,0.0,5.1,1.0,5.1,1.0,0.0,0.0,0.0,0.0
2022-03-07,0.9,3.0,26.7,8.0,88.94,18.0,0.0,0.0,0.0,0.0
2022-03-08,13.57,3.0,32.23,9.0,111.1,33.0,0.0,0.0,0.0,0.0
2022-03-09,4.18,2.0,20.45,5.0,83.46,18.0,0.0,0.0,0.0,0.0
2022-03-10,16.85,8.0,69.05,17.0,106.55,25.0,0.0,0.0,0.0,0.0
2022-03-11,0.46,1.0,39.01,7.0,75.6,14.0,0.0,0.0,0.0,0.0
2022-03-12,5.17,6.0,13.57,9.0,99.32,19.0,0.0,0.0,0.0,0.0
2022-03-13,2.2,5.0,21.5,12.0,52.13,25.0,0.0,0.0,0.0,0.0
2022-03-14,2.97,2.0,22.69,4.0,59.58,14.0,0.0,0.0,0.0,0.0
2022-03-15,1.21,2.0,4.75,3.0,21.51,9.0,0.0,0.0,0.0,0.0
2022-03-16,6.22,3.0,10.01,4.0,22.02,8.0,0.0,0.0,0.0,0.0
2022-03-17,0.0,0.0,2.85,1.0,52.36,15.0,0.0,0.0,0.0,0.0
2022-03-18,12.88,1.0,17.9,2.0,30.16,6.0,0.0,0.0,0.0,0.0
2022-03-19,0.0,0.0,28.15,9.0,82.05,24.0,0.0,0.0,0.0,0.0
2022-03-20,0.44,1.0,32.55,14.0,63.27,22.0,0.0,0.0,0.0,0.0
2022-03-21,3.94,2.0,57.53,10.0,104.38,17.0,0.0,0.0,0.0,0.0
2022-03-22,0.55,1.0,4.67,2.0,48.49,10.0,0.0,0.0,0.0,0.0
2022-03-23,10.2,4.0,53.06,9.0,116.34,23.0,0.0,0.0,0.0,0.0
2022-03-24,0.39,1.0,30.11,13.0,79.5,29.0,0.0,0.0,0.0,0.0
2022-03-25,5.6,1.0,26.07,5.0,127.84,24.0,0.0,0.0,0.0,0.0
2022-03-26,1.94,2.0,17.37,5.0,115.66,20.0,0.0,0.0,0.0,0.0
2022-03-27,0.0,0.0,10.04,3.0,68.58,15.0,0.0,0.0,0.0,0.0
2022-03-28,0.87,2.0,17.7,6.0,288.99,35.0,0.0,0.0,0.0,0.0
2022-03-29,1.48,1.0,17.77,5.0,138.35,28.0,0.0,0.0,0.0,0.0
2022-03-30,0.0,0.0,14.02,2.0,107.14,21.0,0.0,0.0,0.0,0.0
2022-03-31,0.57,1.0,5.07,3.0,40.81,12.0,0.0,0.0,0.0,0.0
2022-04-01,29.23,4.0,35.72,7.0,48.36,13.0,0.0,0.0,0.0,0.0
2022-04-02,0.6,1.0,0.6,1.0,24.89,10.0,0.0,0.0,0.0,0.0
2022-04-03,5.05,5.0,13.01,10.0,72.79,31.0,0.0,0.0,0.0,0.0
2022-04-04,0.69,1.0,18.93,6.0,120.52,43.0,0.0,0.0,0.0,0.0
2022-04-05,1.95,1.0,12.26,5.0,42.47,15.0,0.0,0.0,0.0,0.0
2022-04-06,4.69,4.0,11.73,6.0,45.56,20.0,0.0,0.0,0.0,0.0
2022-04-07,19.1,4.0,26.87,6.0,76.83,20.0,0.0,0.0,0.0,0.0
2022-04-08,2.67,2.0,9.44,5.0,64.25,26.0,0.0,0.0,0.0,0.0
2022-04-09,13.95,4.0,23.86,7.0,117.43,41.0,0.0,0.0,0.0,0.0
2022-04-10,112.89,2.0,118.72,5.0,203.65,20.0,0.0,0.0,0.0,0.0
2022-04-11,4.43,1.0,10.07,3.0,80.7,10.0,0.0,0.0,0.0,0.0
2022-04-12,0.0,0.0,1.11,2.0,3.54,3.0,0.0,0.0,0.0,0.0
2022-04-13,0.67,1.0,33.81,10.0,237.68,42.0,0.0,0.0,0.0,0.0
2022-04-14,21.53,6.0,69.24,21.0,178.54,62.0,0.0,0.0,0.0,0.0
2022-04-15,3.86,4.0,42.86,15.0,129.83,65.0,0.0,0.0,0.0,0.0
2022-04-16,5.49,1.0,80.57,16.0,432.48,128.0,0.0,0.0,0.0,0.0
2022-04-17,7.25,3.0,194.1,34.0,406.69,92.0,0.0,0.0,0.0,0.0
2022-04-18,29.26,6.0,253.97,38.0,849.51,138.0,0.0,0.0,0.0,0.0
2022-04-19,245.91,19.0,400.88,46.0,856.89,192.0,0.0,0.0,0.0,0.0
2022-04-20,141.0,3.0,149.67,5.0,366.72,84.0,0.0,0.0,0.0,0.0
2022-04-21,0.0,0.0,4.52,1.0,18.19,8.0,0.0,0.0,0.0,0.0
2022-04-22,17.33,5.0,92.07,34.0,335.24,109.0,0.0,0.0,0.0,0.0
2022-04-23,129.13,21.0,446.54,68.0,1349.71,250.0,0.0,0.0,0.0,0.0
2022-04-24,105.53,20.0,641.16,85.0,4069.37,506.0,0.0,0.0,0.0,0.0
2022-04-25,20.48,6.0,409.3,69.0,1132.59,197.0,0.0,0.0,0.0,0.0
2022-04-26,25.97,6.0,230.95,48.0,1531.82,250.0,0.0,0.0,0.0,0.0
2022-04-27,461.63,63.0,1831.91,237.0,5381.08,729.0,0.0,0.0,0.0,0.0
2022-04-28,326.56,67.0,2073.81,333.0,5536.64,883.0,0.0,0.0,0.0,0.0
2022-04-29,289.73,49.0,2227.17,269.0,7448.54,862.0,0.0,0.0,0.0,0.0
2022-04-30,476.7,56.0,2371.79,305.0,6589.89,786.0,0.0,0.0,0.0,0.0
2022-05-01,27.18,6.0,243.02,38.0,1101.82,168.0,0.0,0.0,0.0,0.0
2022-05-02,88.42,19.0,511.8,84.0,1388.26,258.0,0.0,0.0,0.0,0.0
2022-05-03,2.89,1.0,14.02,6.0,335.52,88.0,0.0,0.0,0.0,0.0
2022-05-04,0.0,0.0,132.62,20.0,791.17,124.0,0.0,0.0,0.0,0.0
2022-05-05,0.0,0.0,376.7,68.0,1061.02,193.0,0.0,0.0,0.0,0.0
2022-05-06,0.64,1.0,0.64,1.0,71.19,17.0,0.0,0.0,0.0,0.0
2022-05-07,37.83,10.0,459.56,89.0,1756.43,336.0,0.0,0.0,0.0,0.0
2022-05-08,87.37,18.0,324.39,83.0,1310.06,327.0,0.0,0.0,0.0,0.0
2022-05-09,1.24,1.0,56.14,13.0,214.78,60.0,0.0,0.0,0.0,0.0
2022-05-10,12.61,5.0,137.9,28.0,394.31,96.0,0.0,0.0,0.0,0.0
2022-05-11,23.83,7.0,39.01,12.0,185.18,52.0,0.0,0.0,0.0,0.0
2022-05-12,15.42,2.0,158.19,26.0,522.32,103.0,0.0,0.0,0.0,0.0
2022-05-13,2.48,1.0,116.22,23.0,441.21,97.0,0.0,0.0,0.0,0.0
2022-05-14,29.98,8.0,152.07,29.0,478.69,95.0,0.0,0.0,0.0,0.0
2022-05-15,13.81,3.0,74.27,13.0,227.59,27.0,0.0,0.0,0.0,0.0
2022-05-16,13.72,3.0,27.65,5.0,69.99,17.0,0.0,0.0,0.0,0.0
2022-05-17,0.0,0.0,0.0,0.0,53.38,12.0,0.0,0.0,0.0,0.0
2022-05-18,0.0,0.0,14.27,4.0,97.6,22.0,0.0,0.0,0.0,0.0
2022-05-19,0.0,0.0,3.16,1.0,105.1,26.0,0.0,0.0,0.0,0.0
2022-05-20,0.0,0.0,18.51,3.0,82.46,19.0,0.0,0.0,0.0,0.0
2022-05-21,14.28,3.0,31.17,5.0,125.94,29.0,0.0,0.0,0.0,0.0
2022-05-22,1.98,2.0,1.98,2.0,27.99,9.0,0.0,0.0,0.0,0.0
2022-05-23,0.0,0.0,0.0,0.0,0.0,0.0,0.0,0.0,0.0,0.0
2022-05-24,0.33,1.0,0.33,1.0,0.33,1.0,0.0,0.0,0.0,0.0
2022-05-25,0.87,2.0,3.82,4.0,3.82,4.0,0.0,0.0,0.0,0.0
2022-05-26,0.0,0.0,0.0,0.0,37.33,8.0,0.0,0.0,0.0,0.0
2022-05-27,6.15,2.0,6.15,2.0,14.23,7.0,0.0,0.0,0.0,0.0
2022-05-28,0.0,0.0,0.0,0.0,38.81,6.0,0.0,0.0,0.0,0.0
2022-05-29,0.0,0.0,0.0,0.0,18.43,2.0,0.0,0.0,0.0,0.0
2022-05-30,0.0,0.0,0.0,0.0,14.17,2.0,0.0,0.0,0.0,0.0
2022-05-31,2.32,2.0,2.32,2.0,16.51,7.0,0.0,0.0,0.0,0.0
2022-06-01,2.35,1.0,5.08,2.0,16.99,5.0,0.0,0.0,0.0,0.0
2022-06-02,0.0,0.0,0.0,0.0,16.81,7.0,0.0,0.0,0.0,0.0
2022-06-03,0.0,0.0,5.49,1.0,178.91,22.0,0.0,0.0,0.0,0.0
2022-06-04,0.0,0.0,17.4,3.0,160.5,22.0,0.0,0.0,0.0,0.0
2022-06-05,5.45,1.0,55.83,5.0,263.35,31.0,0.0,0.0,0.0,0.0
2022-06-06,13.72,3.0,27.76,6.0,359.11,35.0,0.0,0.0,0.0,0.0
2022-06-07,0.0,0.0,0.0,0.0,49.61,12.0,0.0,0.0,0.0,0.0
2022-06-08,5.44,1.0,29.18,4.0,70.5,16.0,0.0,0.0,0.0,0.0
2022-06-09,4.32,3.0,4.32,3.0,59.42,16.0,0.0,0.0,0.0,0.0
2022-06-10,0.0,0.0,0.0,0.0,51.3,12.0,0.0,0.0,0.0,0.0
2022-06-11,16.43,3.0,29.92,6.0,124.47,31.0,0.0,0.0,0.0,0.0
2022-06-12,14.82,2.0,19.3,3.0,119.92,34.0,0.0,0.0,0.0,0.0
2022-06-13,0.0,0.0,7.34,2.0,42.35,11.0,0.0,0.0,0.0,0.0
2022-06-14,0.0,0.0,0.0,0.0,3.91,1.0,0.0,0.0,0.0,0.0
2022-06-15,0.0,0.0,5.5,2.0,27.06,7.0,0.0,0.0,0.0,0.0
2022-06-16,0.0,0.0,38.8,5.0,103.21,25.0,0.0,0.0,0.0,0.0
2022-06-17,0.0,0.0,0.0,0.0,13.28,3.0,0.0,0.0,0.0,0.0
2022-06-18,0.0,0.0,0.0,0.0,0.0,0.0,0.0,0.0,0.0,0.0
2022-06-19,0.0,0.0,3.12,2.0,3.12,2.0,0.0,0.0,0.0,0.0
2022-06-20,0.0,0.0,0.0,0.0,0.0,0.0,0.0,0.0,0.0,0.0
2022-06-21,0.75,1.0,0.75,1.0,0.75,1.0,0.0,0.0,0.0,0.0
2022-06-22,2.48,2.0,2.48,2.0,9.65,5.0,0.0,0.0,0.0,0.0
2022-06-23,0.84,1.0,0.84,1.0,32.56,5.0,0.0,0.0,0.0,0.0
2022-06-24,0.51,1.0,12.64,4.0,64.85,12.0,0.0,0.0,0.0,0.0
2022-06-25,1.86,1.0,1.86,1.0,15.98,5.0,0.0,0.0,0.0,0.0
2022-06-26,0.75,1.0,0.75,1.0,3.05,2.0,0.0,0.0,0.0,0.0
2022-06-27,3.0,3.0,3.0,3.0,10.81,7.0,0.0,0.0,0.0,0.0
2022-06-28,0.0,0.0,0.61,1.0,0.61,1.0,0.0,0.0,0.0,0.0
2022-06-29,0.0,0.0,0.0,0.0,1.4,1.0,0.0,0.0,0.0,0.0
2022-06-30,0.0,0.0,0.0,0.0,0.0,0.0,0.0,0.0,0.0,0.0
2022-07-01,0.0,0.0,0.0,0.0,0.0,0.0,0.0,0.0,0.0,0.0
2022-07-02,0.0,0.0,0.0,0.0,0.0,0.0,0.0,0.0,0.0,0.0
2022-07-03,0.0,0.0,0.0,0.0,11.55,3.0,0.0,0.0,0.0,0.0
2022-07-04,0.0,0.0,0.0,0.0,3.86,1.0,0.0,0.0,0.0,0.0
2022-07-05,0.0,0.0,15.56,4.0,17.63,5.0,0.0,0.0,0.0,0.0
2022-07-06,0.0,0.0,0.0,0.0,0.0,0.0,0.0,0.0,0.0,0.0
2022-07-07,0.0,0.0,0.0,0.0,0.0,0.0,0.0,0.0,0.0,0.0
2022-07-08,0.35,1.0,0.35,1.0,10.18,3.0,0.0,0.0,0.0,0.0
2022-07-09,0.0,0.0,0.0,0.0,0.0,0.0,0.0,0.0,0.0,0.0
2022-07-10,0.0,0.0,0.0,0.0,0.0,0.0,0.0,0.0,0.0,0.0
2022-07-11,0.0,0.0,123.81,15.0,123.81,15.0,0.0,0.0,0.0,0.0
2022-07-12,0.57,1.0,2.14,3.0,2.14,3.0,0.0,0.0,0.0,0.0
2022-07-13,0.0,0.0,0.0,0.0,0.0,0.0,0.0,0.0,0.0,0.0
2022-07-14,0.0,0.0,4.81,1.0,12.97,4.0,0.0,0.0,0.0,0.0
2022-07-15,5.89,2.0,5.89,2.0,10.13,4.0,0.0,0.0,0.0,0.0
2022-07-16,0.0,0.0,0.0,0.0,0.0,0.0,0.0,0.0,0.0,0.0
2022-07-17,0.0,0.0,3.85,1.0,3.85,1.0,0.0,0.0,0.0,0.0
2022-07-18,5.44,2.0,9.71,3.0,13.92,4.0,0.0,0.0,0.0,0.0
2022-07-19,0.92,2.0,1.7,3.0,1.7,3.0,0.0,0.0,0.0,0.0
2022-07-20,0.0,0.0,0.0,0.0,0.78,1.0,0.0,0.0,0.0,0.0
2022-07-21,0.0,0.0,0.0,0.0,0.0,0.0,0.0,0.0,0.0,0.0
2022-07-22,0.0,0.0,0.0,0.0,0.0,0.0,0.0,0.0,0.0,0.0
2022-07-23,0.0,0.0,0.0,0.0,0.0,0.0,0.0,0.0,0.0,0.0
2022-07-24,2.42,2.0,2.42,2.0,2.42,2.0,0.0,0.0,0.0,0.0
2022-07-25,3.25,1.0,3.25,1.0,3.82,2.0,0.0,0.0,0.0,0.0
2022-07-26,0.0,0.0,18.82,2.0,18.82,2.0,0.0,0.0,0.0,0.0
2022-07-27,0.0,0.0,0.0,0.0,0.0,0.0,0.0,0.0,0.0,0.0
2022-07-28,0.0,0.0,0.0,0.0,0.0,0.0,0.0,0.0,0.0,0.0
2022-07-29,0.0,0.0,0.0,0.0,0.0,0.0,0.0,0.0,0.0,0.0
2022-07-30,0.0,0.0,0.0,0.0,0.0,0.0,0.0,0.0,0.0,0.0
2022-07-31,0.0,0.0,0.0,0.0,0.0,0.0,0.0,0.0,0.0,0.0
2022-08-01,0.0,0.0,0.0,0.0,0.0,0.0,0.0,0.0,0.0,0.0
2022-08-02,0.0,0.0,0.0,0.0,0.0,0.0,0.0,0.0,0.0,0.0
2022-08-03,0.0,0.0,0.0,0.0,0.0,0.0,0.0,0.0,0.0,0.0
2022-08-04,0.0,0.0,0.0,0.0,0.0,0.0,0.0,0.0,0.0,0.0
2022-08-05,0.0,0.0,0.0,0.0,0.0,0.0,0.0,0.0,0.0,0.0
2022-08-06,0.0,0.0,0.0,0.0,0.0,0.0,0.0,0.0,0.0,0.0
2022-08-07,0.0,0.0,0.0,0.0,0.0,0.0,0.0,0.0,0.0,0.0
2022-08-08,0.0,0.0,0.0,0.0,0.0,0.0,0.0,0.0,0.0,0.0
2022-08-09,0.0,0.0,0.0,0.0,0.0,0.0,0.0,0.0,0.0,0.0
2022-08-10,0.0,0.0,0.0,0.0,0.0,0.0,0.0,0.0,0.0,0.0
2022-08-11,0.52,1.0,0.52,1.0,0.52,1.0,0.0,0.0,0.0,0.0
2022-08-12,2.95,1.0,2.95,1.0,2.95,1.0,0.0,0.0,0.0,0.0
2022-08-13,0.0,0.0,0.0,0.0,2.16,1.0,0.0,0.0,0.0,0.0
2022-08-14,0.0,0.0,0.0,0.0,0.0,0.0,0.0,0.0,0.0,0.0
2022-08-15,0.0,0.0,0.0,0.0,0.0,0.0,0.0,0.0,0.0,0.0
2022-08-16,1.43,1.0,1.43,1.0,1.43,1.0,0.0,0.0,0.0,0.0
2022-08-17,0.0,0.0,1.71,1.0,1.71,1.0,0.0,0.0,0.0,0.0
2022-08-18,0.0,0.0,1.62,1.0,1.62,1.0,0.0,0.0,0.0,0.0
2022-08-19,0.0,0.0,0.0,0.0,0.0,0.0,0.0,0.0,0.0,0.0
2022-08-20,0.0,0.0,0.0,0.0,0.0,0.0,0.0,0.0,0.0,0.0
2022-08-21,0.0,0.0,0.0,0.0,0.0,0.0,0.0,0.0,0.0,0.0
2022-08-22,1.47,2.0,1.47,2.0,2.52,3.0,0.0,0.0,0.0,0.0
2022-08-23,0.0,0.0,0.0,0.0,0.0,0.0,0.0,0.0,0.0,0.0
2022-08-24,0.0,0.0,0.0,0.0,0.0,0.0,0.0,0.0,0.0,0.0
2022-08-25,5.66,2.0,5.66,2.0,5.66,2.0,0.0,0.0,0.0,0.0
2022-08-26,2.9,1.0,2.9,1.0,4.17,2.0,0.0,0.0,0.0,0.0
2022-08-27,0.0,0.0,4.05,1.0,18.01,4.0,0.0,0.0,0.0,0.0
2022-08-28,0.0,0.0,0.0,0.0,0.0,0.0,0.0,0.0,0.0,0.0
2022-08-29,1.88,1.0,1.88,1.0,3.84,2.0,0.0,0.0,0.0,0.0
2022-08-30,1.8,3.0,1.8,3.0,4.47,5.0,0.0,0.0,0.0,0.0
2022-08-31,0.0,0.0,0.0,0.0,0.0,0.0,0.0,0.0,0.0,0.0
2022-09-01,0.0,0.0,0.0,0.0,0.0,0.0,0.0,0.0,0.0,0.0
2022-09-02,0.0,0.0,0.0,0.0,0.0,0.0,0.0,0.0,0.0,0.0
2022-09-03,0.0,0.0,1.31,1.0,1.31,1.0,0.0,0.0,0.0,0.0
2022-09-04,3.82,3.0,5.63,4.0,5.63,4.0,0.0,0.0,0.0,0.0
2022-09-05,3.46,3.0,3.46,3.0,11.77,7.0,0.0,0.0,0.0,0.0
2022-09-06,1.48,1.0,1.48,1.0,1.48,1.0,0.0,0.0,0.0,0.0
2022-09-07,1.84,2.0,2.94,3.0,6.63,4.0,0.0,0.0,0.0,0.0
2022-09-08,0.0,0.0,0.0,0.0,0.0,0.0,0.0,0.0,0.0,0.0
2022-09-09,2.68,2.0,2.68,2.0,2.68,2.0,0.0,0.0,0.0,0.0
2022-09-10,0.6,1.0,2.76,2.0,23.31,8.0,0.0,0.0,0.0,0.0
2022-09-11,0.0,0.0,0.0,0.0,0.0,0.0,0.0,0.0,0.0,0.0
2022-09-12,0.0,0.0,0.0,0.0,9.77,2.0,0.0,0.0,0.0,0.0
2022-09-13,0.0,0.0,0.0,0.0,0.0,0.0,0.0,0.0,0.0,0.0
2022-09-14,0.0,0.0,0.0,0.0,0.0,0.0,0.0,0.0,0.0,0.0
2022-09-15,0.0,0.0,0.0,0.0,0.0,0.0,0.0,0.0,0.0,0.0
2022-09-16,0.83,1.0,0.83,1.0,0.83,1.0,0.0,0.0,0.0,0.0
2022-09-17,1.51,1.0,1.51,1.0,1.51,1.0,0.0,0.0,0.0,0.0
2022-09-18,0.0,0.0,0.0,0.0,3.68,1.0,0.0,0.0,3.52,0.96
2022-09-19,0.0,0.0,0.0,0.0,0.0,0.0,0.0,0.0,0.0,0.0
2022-09-20,0.0,0.0,0.0,0.0,0.0,0.0,0.0,0.0,0.0,0.0
2022-09-21,0.0,0.0,0.81,1.0,5.79,2.0,0.0,0.0,0.18,0.04
2022-09-22,0.0,0.0,0.0,0.0,0.0,0.0,0.0,0.0,0.0,0.0
2022-09-23,0.0,0.0,0.0,0.0,0.0,0.0,0.0,0.0,0.0,0.0
2022-09-24,0.0,0.0,0.0,0.0,0.0,0.0,0.0,0.0,0.0,0.0
2022-09-25,0.0,0.0,0.69,1.0,0.69,1.0,0.0,0.0,0.0,0.0
2022-09-26,0.98,1.0,0.98,1.0,0.98,1.0,0.0,0.0,0.0,0.0
2022-09-27,2.8,1.0,11.74,4.0,13.3,6.0,4.23,0.72,4.47,1.04
2022-09-28,0.44,1.0,1.59,2.0,1.83,3.0,0.82,0.71,0.83,0.76
2022-09-29,0.0,0.0,1.64,1.0,1.64,1.0,0.0,0.0,0.0,0.0
2022-09-30,2.68,4.0,4.54,5.0,7.1,6.0,2.39,2.29,2.39,2.29
2022-10-01,2.91,3.0,2.91,3.0,14.54,8.0,2.18,2.46,5.89,3.06
2022-10-02,2.53,2.0,14.48,6.0,76.48,26.0,4.46,1.74,39.63,13.16
2022-10-03,0.0,0.0,15.93,4.0,40.51,10.0,8.22,1.93,17.32,4.05
2022-10-04,1.33,3.0,3.44,4.0,33.48,15.0,1.52,1.21,18.07,7.22
2022-10-05,0.0,0.0,21.17,6.0,78.19,26.0,0.0,0.0,0.07,0.03
2022-10-06,0.0,0.0,5.26,2.0,159.38,35.0,0.0,0.0,0.0,0.0
2022-10-07,0.0,0.0,0.0,0.0,29.65,11.0,0.0,0.0,0.0,0.0
2022-10-08,0.0,0.0,0.0,0.0,0.0,0.0,0.0,0.0,0.0,0.0
2022-10-09,0.0,0.0,0.0,0.0,3.59,1.0,0.0,0.0,0.24,0.07
2022-10-10,0.0,0.0,0.0,0.0,9.51,2.0,0.0,0.0,0.0,0.0
2022-10-11,0.41,1.0,1.93,3.0,1.93,3.0,0.94,1.23,0.94,1.23
2022-10-12,0.43,1.0,0.43,1.0,8.79,5.0,0.22,0.51,7.97,4.21
2022-10-13,19.78,6.0,26.03,8.0,160.2,37.0,13.03,4.69,124.94,28.73
2022-10-14,0.92,1.0,5.6,3.0,156.26,38.0,3.44,1.47,126.98,28.74
2022-10-15,0.39,1.0,5.07,5.0,163.64,52.0,3.65,3.68,115.37,35.2
2022-10-16,2.88,3.0,14.51,6.0,548.79,106.0,4.99,2.0,337.29,59.88
2022-10-17,6.64,6.0,24.84,10.0,677.76,117.0,2.17,2.16,180.89,31.82
2022-10-18,9.34,5.0,44.69,18.0,842.33,210.0,2.05,1.09,67.05,18.14
2022-10-19,13.44,3.0,36.15,10.0,632.09,139.0,9.54,3.11,9.56,3.12
2022-10-20,0.0,0.0,33.15,11.0,408.49,102.0,13.16,3.05,13.16,3.05
2022-10-21,1.2,2.0,6.11,4.0,558.08,136.0,0.04,0.04,143.12,32.92
2022-10-22,1.23,1.0,51.54,17.0,1167.53,222.0,21.8,7.78,1001.7,183.28
2022-10-23,5.14,5.0,136.31,44.0,1880.41,422.0,28.63,10.23,1543.95,322.86
2022-10-24,16.3,6.0,154.64,47.0,2398.33,447.0,42.99,13.73,1843.78,311.18
2022-10-25,5.86,1.0,64.33,14.0,1265.07,186.0,2.85,0.34,693.35,94.36
2022-10-26,0.0,0.0,51.46,10.0,1302.9,236.0,21.88,4.25,900.87,162.98
2022-10-27,2.65,1.0,50.49,11.0,1763.16,288.0,2.32,0.95,628.06,97.99
2022-10-28,2.89,1.0,27.68,9.0,2256.35,406.0,2.61,0.9,2041.49,361.38
2022-10-29,15.98,4.0,46.97,16.0,2657.35,482.0,9.56,3.76,1396.04,234.27
2022-10-30,2.37,1.0,33.56,10.0,2177.17,344.0,7.08,2.08,1506.89,222.94
2022-10-31,0.0,0.0,32.92,7.0,1659.25,270.0,3.06,0.73,49.21,7.66
2022-11-01,8.48,2.0,83.79,13.0,2825.32,351.0,17.11,2.4,20.56,3.4
2022-11-02,8.09,2.0,47.51,10.0,3881.83,511.0,19.41,5.3,3581.98,458.32
2022-11-03,21.09,7.0,69.65,23.0,3190.62,476.0,29.19,10.48,2737.82,386.72
2022-11-04,3.59,1.0,36.08,9.0,1195.32,208.0,9.02,1.51,28.55,7.58
2022-11-05,0.64,1.0,8.13,4.0,3296.41,493.0,3.38,0.95,12.78,2.82
2022-11-06,0.0,0.0,8.69,3.0,650.32,134.0,1.9,0.76,1.9,0.76
2022-11-07,1.34,2.0,49.87,13.0,1099.55,152.0,9.31,4.23,650.77,88.55
2022-11-08,0.8,1.0,22.87,8.0,107.26,33.0,0.0,0.0,40.93,10.05
2022-11-09,9.78,2.0,69.27,18.0,833.58,133.0,58.04,13.34,684.89,108.65
2022-11-10,0.0,0.0,56.17,16.0,534.92,82.0,40.27,11.19,470.94,68.63
2022-11-11,1.85,2.0,73.97,17.0,1700.41,275.0,26.09,7.45,1332.56,208.2
2022-11-12,2.21,3.0,64.8,19.0,1334.75,205.0,49.82,10.31,1177.47,170.36
2022-11-13,21.31,8.0,174.49,57.0,787.19,193.0,71.62,22.19,262.45,67.19
2022-11-14,6.55,2.0,62.13,20.0,143.16,40.0,8.35,3.62,34.76,12.46
2022-11-15,3.58,2.0,45.95,19.0,140.73,45.0,30.76,12.88,83.65,27.18
2022-11-16,11.69,5.0,118.91,30.0,435.69,70.0,94.96,20.15,370.49,48.57
2022-11-17,2.22,1.0,52.49,14.0,391.55,53.0,33.97,6.52,315.67,34.48
2022-11-18,14.04,7.0,147.2,43.0,538.4,115.0,101.56,29.23,417.73,84.98
2022-11-19,9.41,5.0,160.46,49.0,387.94,102.0,85.43,24.7,266.49,62.73
2022-11-20,4.38,3.0,57.04,21.0,216.71,59.0,27.23,9.77,132.98,33.31
2022-11-21,0.0,0.0,45.23,14.0,87.33,25.0,25.03,8.26,58.67,16.01
2022-11-22,18.16,6.0,49.56,16.0,209.61,48.0,39.98,12.16,179.74,36.78
2022-11-23,18.42,10.0,167.79,36.0,219.39,53.0,79.21,16.67,101.19,23.27
2022-11-24,17.57,8.0,149.85,47.0,311.4,89.0,58.6,16.6,137.91,34.68
2022-11-25,7.35,2.0,118.84,31.0,229.21,65.0,63.49,16.34,83.67,21.36
2022-11-26,5.76,2.0,35.73,10.0,71.24,20.0,10.24,2.22,14.77,3.95
2022-11-27,4.53,2.0,76.74,27.0,147.8,49.0,29.27,11.79,37.98,14.43
2022-11-28,15.07,5.0,63.44,15.0,160.23,36.0,14.48,4.73,53.12,12.51
2022-11-29,39.51,10.0,148.17,41.0,223.18,67.0,19.38,8.78,41.29,16.08
2022-11-30,30.26,11.0,188.34,62.0,338.37,117.0,55.5,16.97,93.36,24.98
2022-12-01,8.28,3.0,81.36,28.0,187.91,57.0,14.77,4.36,27.81,7.48
2022-12-02,14.92,8.0,55.7,12.0,95.27,29.0,40.29,5.83,43.05,7.24
2022-12-03,0.77,1.0,64.04,27.0,125.47,51.0,2.62,1.66,2.66,1.67
2022-12-04,17.99,6.0,128.38,39.0,215.42,66.0,34.45,11.25,47.63,14.38
2022-12-05,28.58,12.0,174.36,65.0,330.21,123.0,31.18,11.14,52.11,15.51
2022-12-06,23.25,5.0,70.65,18.0,216.09,45.0,12.83,3.9,112.34,14.8
2022-12-07,12.29,5.0,60.94,20.0,141.72,42.0,17.71,4.72,38.1,9.81
2022-12-08,13.65,6.0,53.12,23.0,109.91,39.0,7.54,4.47,12.62,6.4
2022-12-09,16.41,10.0,65.14,28.0,152.48,49.0,20.12,9.78,50.65,15.38
2022-12-10,18.36,10.0,202.47,56.0,342.84,107.0,83.77,16.99,112.07,26.35
2022-12-11,45.62,16.0,180.94,60.0,350.9,115.0,29.4,9.04,64.33,18.04
2022-12-12,27.48,3.0,169.78,36.0,277.74,65.0,77.26,17.86,98.91,22.6
2022-12-13,3.63,2.0,130.57,25.0,237.94,54.0,64.94,9.53,95.24,17.11
2022-12-14,19.39,5.0,48.32,14.0,77.5,20.0,11.33,3.39,23.41,5.38
2022-12-15,25.65,13.0,174.76,46.0,267.85,75.0,61.3,14.82,67.89,17.09
2022-12-16,35.85,16.0,187.88,64.0,301.87,111.0,39.34,14.72,47.69,17.14
2022-12-17,20.84,7.0,141.04,46.0,230.8,74.0,22.29,6.03,27.79,7.49
2022-12-18,5.76,3.0,100.24,28.0,141.43,47.0,49.15,9.29,55.33,11.22
2022-12-19,1.82,2.0,63.38,20.0,115.27,45.0,16.24,4.37,22.19,7.38
2022-12-20,70.14,18.0,123.51,33.0,126.86,34.0,10.8,5.72,10.8,5.72
2022-12-21,44.35,14.0,150.61,59.0,229.16,88.0,47.33,20.76,73.61,33.06
2022-12-22,0.0,0.0,55.14,18.0,114.08,38.0,16.45,5.85,30.0,10.38
2022-12-23,16.16,6.0,51.25,17.0,85.1,25.0,33.07,12.44,38.78,13.91
2022-12-24,3.33,1.0,49.33,17.0,93.01,30.0,18.37,6.49,28.95,9.89
2022-12-25,26.77,8.0,59.55,18.0,88.11,23.0,9.8,3.7,10.27,3.78
2022-12-26,8.78,4.0,60.28,24.0,108.27,42.0,6.3,2.66,12.61,5.46
2022-12-27,9.53,2.0,27.19,9.0,45.35,15.0,2.99,1.04,6.07,2.03
2022-12-28,2.19,1.0,18.91,5.0,105.13,16.0,8.76,1.62,52.46,5.88
2022-12-29,0.0,0.0,9.64,4.0,9.64,4.0,2.83,0.96,2.83,0.96
2022-12-30,0.0,0.0,13.96,4.0,37.76,10.0,0.08,0.01,3.4,0.86
2022-12-31,8.59,4.0,47.5,20.0,73.85,29.0,8.92,4.65,12.41,6.11
2023-01-01,15.64,3.0,33.81,8.0,33.81,8.0,11.66,2.91,11.66,2.91
2023-01-02,0.65,1.0,11.36,5.0,15.48,6.0,0.46,0.71,0.46,0.71
2023-01-03,0.0,0.0,0.0,0.0,5.63,2.0,0.0,0.0,1.93,0.43
2023-01-04,2.1,1.0,12.98,8.0,17.65,11.0,4.61,2.39,6.32,4.05
2023-01-05,4.64,2.0,8.66,3.0,8.66,3.0,5.78,2.16,5.78,2.16
2023-01-06,19.61,7.0,33.54,12.0,53.87,18.0,0.25,0.09,3.19,1.88
2023-01-07,12.78,3.0,26.63,7.0,33.52,8.0,4.22,0.97,4.22,0.97
2023-01-08,0.0,0.0,0.0,0.0,0.0,0.0,0.0,0.0,0.0,0.0
2023-01-09,0.0,0.0,0.0,0.0,0.0,0.0,0.0,0.0,0.0,0.0
2023-01-10,2.43,1.0,10.66,4.0,11.59,5.0,9.5,3.64,9.5,3.64
2023-01-11,15.8,3.0,40.15,11.0,47.28,12.0,6.98,1.49,6.98,1.49
2023-01-12,15.96,5.0,43.03,15.0,178.61,43.0,4.94,1.24,17.99,6.35
2023-01-13,0.0,0.0,4.64,1.0,9.77,2.0,0.0,0.0,1.37,0.27
2023-01-14,0.0,0.0,18.62,3.0,18.62,3.0,13.7,2.26,13.7,2.26
2023-01-15,6.67,3.0,47.66,13.0,153.41,23.0,14.62,5.35,16.33,5.7
2023-01-16,19.91,5.0,68.63,25.0,109.39,37.0,17.66,8.33,25.7,11.14
2023-01-17,37.15,8.0,89.85,25.0,152.88,46.0,27.45,7.28,45.22,13.43
2023-01-18,13.54,5.0,77.65,23.0,147.93,40.0,24.53,5.81,34.59,8.31
2023-01-19,31.21,11.0,39.19,15.0,51.3,18.0,18.09,6.25,24.9,7.8
2023-01-20,8.51,4.0,20.76,8.0,44.38,16.0,0.92,0.69,1.7,0.93
2023-01-21,13.04,6.0,73.33,24.0,137.91,42.0,31.78,11.11,53.19,16.16
2023-01-22,27.08,12.0,117.54,48.0,257.66,92.0,55.53,22.27,131.17,44.46
2023-01-23,46.17,13.0,102.62,27.0,191.79,49.0,65.29,19.11,120.16,32.69
2023-01-24,0.0,0.0,8.97,3.0,8.97,3.0,0.0,0.0,0.0,0.0
2023-01-25,0.75,1.0,1.38,2.0,5.48,4.0,0.99,1.41,2.22,2.07
2023-01-26,28.0,4.0,28.0,4.0,34.46,7.0,0.0,0.0,0.58,0.91
2023-01-27,16.58,10.0,69.8,24.0,133.18,44.0,10.77,6.22,20.46,9.47
2023-01-28,4.4,2.0,37.71,14.0,117.4,40.0,1.77,0.98,13.2,3.74
2023-01-29,0.0,0.0,0.0,0.0,0.0,0.0,0.0,0.0,0.0,0.0
2023-01-30,0.0,0.0,0.0,0.0,0.0,0.0,0.0,0.0,0.0,0.0
2023-01-31,0.0,0.0,3.55,1.0,20.58,5.0,0.58,0.16,1.01,0.27
2023-02-01,1.04,2.0,34.31,11.0,77.28,21.0,7.94,3.22,9.71,3.42
2023-02-02,6.41,5.0,53.86,21.0,115.13,43.0,3.07,2.37,8.2,4.52
2023-02-03,10.14,5.0,71.8,17.0,107.57,28.0,9.04,3.54,11.67,4.17
2023-02-04,9.01,4.0,78.32,21.0,112.86,34.0,25.64,5.57,32.4,7.68
2023-02-05,13.99,5.0,79.21,26.0,130.49,45.0,12.07,3.25,12.07,3.25
2023-02-06,24.54,8.0,86.25,26.0,165.44,50.0,18.68,5.1,34.41,10.87
2023-02-07,11.34,7.0,79.19,32.0,207.06,68.0,23.69,6.32,52.73,13.35
2023-02-08,16.53,4.0,30.71,8.0,182.83,30.0,11.78,3.49,31.46,6.47
2023-02-09,19.2,8.0,46.48,16.0,153.2,33.0,0.0,0.0,1.81,0.62
2023-02-10,2.64,1.0,40.06,12.0,65.07,21.0,1.92,0.71,2.96,1.31
2023-02-11,21.37,8.0,70.18,21.0,126.32,36.0,12.57,4.58,37.32,11.4
2023-02-12,19.21,10.0,78.42,29.0,277.07,87.0,19.42,9.43,50.16,17.58
2023-02-13,40.85,11.0,173.24,30.0,596.7,98.0,78.6,14.12,98.01,16.26
2023-02-14,12.08,3.0,30.69,8.0,195.26,33.0,2.3,0.86,18.09,4.93
2023-02-15,3.44,2.0,20.71,7.0,51.68,17.0,5.94,1.63,8.97,2.97
2023-02-16,10.24,3.0,29.98,9.0,94.97,21.0,17.73,5.4,33.29,8.53
2023-02-17,4.02,3.0,20.54,7.0,44.13,13.0,3.58,2.37,11.06,4.26
2023-02-18,32.34,12.0,102.55,33.0,222.56,68.0,20.82,8.1,42.87,12.32
2023-02-19,12.07,5.0,47.52,15.0,96.62,31.0,14.12,4.91,21.21,7.28
2023-02-20,3.45,1.0,21.02,6.0,33.35,10.0,2.41,0.91,5.22,2.25
2023-02-21,0.26,1.0,23.77,8.0,47.27,17.0,11.33,1.84,11.87,2.1
2023-02-22,10.91,8.0,27.85,13.0,101.08,30.0,12.41,4.85,20.14,6.06
2023-02-23,18.07,8.0,80.69,25.0,245.39,71.0,26.86,6.02,117.76,28.19
2023-02-24,25.14,8.0,60.91,17.0,241.01,50.0,4.1,1.99,28.79,5.42
2023-02-25,3.42,4.0,30.41,15.0,88.76,29.0,13.35,5.99,17.89,7.93
2023-02-26,17.84,2.0,20.46,3.0,82.59,20.0,1.76,0.67,28.82,7.28
2023-02-27,1.01,2.0,46.5,13.0,75.87,23.0,7.43,2.52,16.36,5.76
2023-02-28,0.0,0.0,33.41,11.0,166.56,46.0,6.35,2.67,73.87,20.51
2023-03-01,0.57,1.0,49.61,7.0,134.42,34.0,33.4,3.72,71.56,15.13
2023-03-02,5.84,4.0,24.14,9.0,91.16,26.0,7.46,3.87,16.06,6.54
2023-03-03,0.51,1.0,16.49,5.0,146.44,35.0,4.07,1.2,5.03,1.51
2023-03-04,2.46,2.0,2.46,2.0,58.61,16.0,0.0,0.0,3.08,1.98
2023-03-05,5.54,6.0,45.36,12.0,143.38,46.0,4.08,2.03,17.64,6.76
2023-03-06,9.59,5.0,49.11,13.0,227.1,49.0,10.04,1.13,25.37,3.76
2023-03-07,27.69,12.0,34.81,15.0,116.71,43.0,18.21,3.95,24.1,6.43
2023-03-08,4.22,2.0,14.74,5.0,54.63,13.0,1.75,1.29,3.49,1.76
2023-03-09,0.48,1.0,22.67,6.0,52.6,16.0,12.77,2.12,12.94,2.15
2023-03-10,2.25,2.0,38.34,11.0,75.84,22.0,7.17,2.86,12.34,3.75
2023-03-11,8.0,6.0,49.46,17.0,182.23,56.0,16.26,4.93,44.81,12.22
2023-03-12,0.0,0.0,21.46,4.0,76.07,18.0,0.97,0.39,8.57,2.03
2023-03-13,0.36,1.0,0.36,1.0,48.5,10.0,0.1,0.29,30.83,2.69
2023-03-14,0.48,1.0,0.48,1.0,49.23,12.0,0.46,0.96,3.02,1.74
2023-03-15,4.48,1.0,40.86,6.0,108.84,20.0,22.62,3.54,40.99,8.39
2023-03-16,3.27,3.0,17.31,7.0,48.75,30.0,1.12,0.47,1.12,0.47
2023-03-17,0.0,0.0,51.45,4.0,169.39,29.0,30.09,1.42,90.16,12.93
2023-03-18,0.0,0.0,2.89,1.0,2.89,1.0,2.5,0.87,2.5,0.87
2023-03-19,0.0,0.0,0.0,0.0,11.82,2.0,0.0,0.0,0.38,0.06
2023-03-20,0.0,0.0,0.0,0.0,3.32,1.0,0.0,0.0,0.0,0.0
2023-03-21,1.62,5.0,2.98,7.0,2.98,7.0,0.14,0.43,0.14,0.43
2023-03-22,0.56,1.0,4.85,2.0,47.8,12.0,2.92,0.68,11.44,2.56
2023-03-23,23.28,4.0,28.8,7.0,48.32,13.0,3.51,1.42,6.17,2.41
2023-03-24,0.0,0.0,17.91,4.0,19.2,6.0,0.0,0.0,0.0,0.0
2023-03-25,1.27,2.0,6.16,4.0,9.04,5.0,0.32,0.37,1.49,0.77
2023-03-26,3.26,7.0,16.52,11.0,34.96,15.0,13.13,6.66,23.03,8.24
2023-03-27,2.88,2.0,50.84,15.0,106.75,31.0,13.67,3.61,25.56,6.4
2023-03-28,1.39,2.0,15.56,7.0,46.52,14.0,5.06,2.5,5.93,2.72
2023-03-29,1.53,1.0,10.47,5.0,18.55,7.0,0.82,0.54,1.43,0.69
2023-03-30,5.06,1.0,9.32,3.0,22.4,6.0,3.2,1.5,10.48,3.22
2023-03-31,4.01,6.0,4.65,7.0,4.65,7.0,0.21,0.64,0.21,0.64
2023-04-01,0.0,0.0,10.0,4.0,13.06,7.0,0.22,0.07,0.34,0.16
2023-04-02,1.11,2.0,14.48,6.0,25.85,10.0,11.07,4.02,11.88,4.58
2023-04-03,1.86,3.0,7.44,4.0,21.92,9.0,3.93,0.7,15.06,3.97
2023-04-04,0.39,1.0,0.39,1.0,10.92,4.0,0.18,0.45,1.08,0.79
2023-04-05,0.0,0.0,12.93,3.0,32.67,9.0,7.07,1.63,7.13,1.65
2023-04-06,8.33,3.0,15.42,5.0,76.3,17.0,9.23,2.58,32.04,5.9
2023-04-07,16.87,3.0,20.49,5.0,55.51,18.0,9.24,2.24,10.22,3.11
2023-04-08,4.7,3.0,21.71,7.0,75.08,19.0,5.44,2.57,13.32,4.4
2023-04-09,1.13,2.0,31.56,11.0,56.82,22.0,6.02,2.46,6.02,2.46
2023-04-10,0.0,0.0,4.66,1.0,127.57,15.0,0.0,0.0,8.62,2.05
2023-04-11,3.54,2.0,15.02,5.0,27.52,13.0,0.45,0.95,0.48,0.98
2023-04-12,0.0,0.0,49.77,2.0,81.53,14.0,0.0,0.0,0.23,0.38
2023-04-13,0.0,0.0,4.39,1.0,128.29,16.0,0.0,0.0,24.74,1.9
2023-04-14,0.46,1.0,85.27,10.0,152.56,29.0,29.84,3.02,35.86,4.4
2023-04-15,21.08,5.0,75.74,19.0,186.93,48.0,10.11,2.49,12.45,2.8
2023-04-16,4.84,1.0,52.14,11.0,102.2,26.0,12.22,2.0,19.05,2.68
2023-04-17,7.74,2.0,62.5,12.0,212.25,62.0,8.05,1.04,13.35,1.81
2023-04-18,7.41,2.0,28.43,8.0,227.81,56.0,0.86,0.23,2.22,1.13
2023-04-19,15.29,4.0,108.66,19.0,130.53,25.0,0.35,0.49,0.35,0.49
2023-04-20,2.48,1.0,69.03,16.0,79.28,18.0,14.16,4.04,21.9,5.59
2023-04-21,3.15,1.0,89.24,18.0,172.13,38.0,6.99,1.27,41.62,11.91
2023-04-22,22.47,5.0,109.98,25.0,371.49,79.0,23.17,7.17,72.46,23.59
2023-04-23,3.98,2.0,13.38,7.0,47.05,23.0,0.99,0.62,10.54,5.47
2023-04-24,34.91,12.0,179.11,47.0,376.75,91.0,34.41,8.48,62.99,16.66
2023-04-25,15.23,7.0,138.02,42.0,331.67,105.0,25.31,11.01,112.39,35.59
2023-04-26,0.0,0.0,60.75,12.0,88.46,26.0,16.28,2.36,25.2,6.54
2023-04-27,55.46,14.0,443.73,90.0,991.51,197.0,17.32,3.47,83.66,33.08
2023-04-28,2.02,2.0,8.01,6.0,71.57,29.0,0.56,0.98,14.39,6.47
2023-04-29,0.0,0.0,0.0,0.0,2.95,1.0,0.0,0.0,0.0,0.0
2023-04-30,0.0,0.0,10.65,4.0,68.75,15.0,0.0,0.0,1.7,0.26
2023-05-01,0.0,0.0,0.0,0.0,0.0,0.0,0.0,0.0,0.0,0.0
2023-05-02,0.0,0.0,0.71,1.0,86.12,13.0,0.0,0.0,0.0,0.0
2023-05-03,2.64,3.0,68.72,19.0,104.85,30.0,2.05,1.32,4.33,1.78
2023-05-04,5.12,3.0,83.72,23.0,1212.57,263.0,7.58,3.13,9.26,3.86
2023-05-05,1.13,2.0,326.76,49.0,3083.52,528.0,252.34,35.25,2628.36,454.99
2023-05-06,9.5,3.0,281.18,57.0,1479.3,300.0,91.94,19.51,684.51,138.43
2023-05-07,69.45,20.0,752.55,159.0,3020.88,496.0,38.92,9.55,56.7,13.54
2023-05-08,39.3,10.0,910.9,171.0,2803.74,433.0,16.48,3.03,35.46,7.39
2023-05-09,9.85,1.0,500.33,61.0,1069.79,147.0,391.63,47.05,906.6,118.7
2023-05-10,109.09,19.0,696.41,106.0,2122.56,324.0,529.5,76.95,1544.12,218.1
2023-05-11,80.37,23.0,751.0,144.0,2015.05,396.0,565.35,104.53,1378.97,251.85
2023-05-12,54.31,7.0,668.28,83.0,1674.88,233.0,14.33,2.35,26.83,4.34
2023-05-13,26.28,10.0,504.13,72.0,1601.93,289.0,12.64,3.37,63.1,16.89
2023-05-14,49.49,10.0,125.54,29.0,692.25,162.0,72.97,15.8,351.82,65.6
2023-05-15,57.6,5.0,185.82,27.0,782.96,148.0,114.7,19.15,398.19,65.17
2023-05-16,6.47,2.0,24.3,8.0,239.39,81.0,14.53,4.07,40.93,14.98
2023-05-17,8.14,2.0,38.47,11.0,163.85,40.0,5.74,1.81,16.77,4.37
2023-05-18,17.59,4.0,24.28,6.0,56.34,16.0,6.1,1.83,17.17,6.17
2023-05-19,17.32,5.0,41.54,15.0,215.54,60.0,17.02,6.66,72.59,21.62
2023-05-20,0.0,0.0,9.07,2.0,126.8,24.0,7.64,1.24,40.62,7.28
2023-05-21,0.0,0.0,28.92,5.0,162.17,33.0,5.84,0.89,28.44,4.39
2023-05-22,0.0,0.0,24.07,4.0,93.75,23.0,0.0,0.0,22.09,4.95
2023-05-23,11.53,2.0,50.51,7.0,76.72,12.0,36.43,4.4,39.86,4.64
2023-05-24,0.0,0.0,0.0,0.0,7.48,1.0,0.0,0.0,4.0,0.53
2023-05-25,3.55,1.0,3.55,1.0,3.55,1.0,0.0,0.0,0.0,0.0
2023-05-26,1.85,3.0,3.46,4.0,13.59,7.0,2.58,2.64,2.58,2.64
2023-05-27,0.0,0.0,0.0,0.0,0.0,0.0,0.0,0.0,0.0,0.0
2023-05-28,0.0,0.0,11.79,2.0,47.91,8.0,0.0,0.0,0.18,0.09
2023-05-29,1.41,3.0,16.23,6.0,25.62,8.0,10.87,1.94,16.91,3.22
2023-05-30,0.0,0.0,0.41,1.0,59.27,8.0,0.0,0.0,0.0,0.0
2023-05-31,0.0,0.0,5.08,1.0,8.63,2.0,1.04,0.21,1.04,0.21
2023-06-01,2.01,1.0,2.01,1.0,10.44,2.0,1.19,0.59,1.19,0.59
2023-06-02,0.0,0.0,11.84,2.0,55.16,5.0,0.0,0.0,43.01,2.98
2023-06-03,1.43,1.0,1.43,1.0,82.24,19.0,0.68,0.48,37.0,8.96
2023-06-04,0.89,2.0,2.46,4.0,16.18,9.0,0.87,1.29,2.5,2.38
2023-06-05,0.0,0.0,0.0,0.0,87.32,19.0,0.0,0.0,2.73,0.48
2023-06-06,1.95,1.0,19.77,4.0,98.53,40.0,1.1,0.56,11.17,4.03
2023-06-07,0.0,0.0,2.96,2.0,38.64,16.0,0.0,0.0,5.33,1.82
2023-06-08,13.82,5.0,26.71,8.0,133.21,43.0,3.52,1.86,13.11,4.35
2023-06-09,0.0,0.0,20.7,4.0,186.17,46.0,0.71,0.36,7.51,2.71
2023-06-10,10.42,1.0,17.98,2.0,79.96,20.0,12.85,1.32,12.85,1.32
2023-06-11,2.04,1.0,10.87,4.0,133.03,34.0,0.53,0.28,17.07,4.31
2023-06-12,3.61,1.0,29.69,6.0,61.67,19.0,2.46,0.9,8.28,3.14
2023-06-13,38.62,2.0,38.62,2.0,227.02,47.0,20.82,1.08,32.43,3.65
2023-06-14,6.46,6.0,18.35,9.0,195.99,67.0,4.02,4.29,15.01,6.36
2023-06-15,0.95,1.0,0.95,1.0,163.77,47.0,0.86,0.91,9.51,2.67
2023-06-16,0.0,0.0,0.0,0.0,49.39,12.0,0.0,0.0,0.29,0.1
2023-06-17,0.0,0.0,0.0,0.0,8.02,2.0,0.0,0.0,0.0,0.0
2023-06-18,0.0,0.0,0.0,0.0,7.88,2.0,0.0,0.0,2.41,0.61
2023-06-19,0.0,0.0,0.0,0.0,34.42,9.0,0.0,0.0,19.04,5.32
2023-06-20,2.96,1.0,9.05,3.0,39.92,14.0,1.28,0.43,1.28,0.43
2023-06-21,0.0,0.0,0.0,0.0,6.3,2.0,0.0,0.0,3.12,0.99
2023-06-22,0.0,0.0,0.0,0.0,22.05,4.0,0.0,0.0,0.0,0.0
2023-06-23,0.0,0.0,0.0,0.0,0.0,0.0,0.0,0.0,0.0,0.0
2023-06-24,0.0,0.0,0.0,0.0,0.0,0.0,0.0,0.0,0.0,0.0
2023-06-25,0.0,0.0,0.0,0.0,0.0,0.0,0.0,0.0,0.0,0.0
2023-06-26,0.0,0.0,0.0,0.0,1.17,1.0,0.0,0.0,0.0,0.0
2023-06-27,0.0,0.0,4.06,1.0,4.06,1.0,0.0,0.0,0.0,0.0
2023-06-28,0.0,0.0,0.0,0.0,5.06,1.0,0.0,0.0,3.12,0.62
2023-06-29,0.0,0.0,0.0,0.0,1.76,1.0,0.0,0.0,0.0,0.0
2023-06-30,0.0,0.0,0.0,0.0,4.7,1.0,0.0,0.0,0.0,0.0
2023-07-01,0.0,0.0,0.0,0.0,0.0,0.0,0.0,0.0,0.0,0.0
2023-07-02,0.0,0.0,0.0,0.0,13.79,3.0,0.0,0.0,3.68,0.88
2023-07-03,0.0,0.0,0.0,0.0,0.0,0.0,0.0,0.0,0.0,0.0
2023-07-04,0.0,0.0,0.0,0.0,10.43,1.0,0.0,0.0,0.0,0.0
2023-07-05,1.4,1.0,1.4,1.0,1.4,1.0,0.0,0.0,0.0,0.0
2023-07-06,0.0,0.0,0.0,0.0,7.06,2.0,0.0,0.0,0.08,0.02
2023-07-07,0.0,0.0,0.0,0.0,0.0,0.0,0.0,0.0,0.0,0.0
2023-07-08,0.0,0.0,0.0,0.0,0.0,0.0,0.0,0.0,0.0,0.0
2023-07-09,0.0,0.0,0.0,0.0,0.0,0.0,0.0,0.0,0.0,0.0
2023-07-10,0.0,0.0,0.0,0.0,0.0,0.0,0.0,0.0,0.0,0.0
2023-07-11,0.0,0.0,0.0,0.0,0.0,0.0,0.0,0.0,0.0,0.0
2023-07-12,0.0,0.0,0.0,0.0,0.0,0.0,0.0,0.0,0.0,0.0
2023-07-13,0.84,1.0,0.84,1.0,4.77,2.0,0.61,0.73,0.61,0.73
2023-07-14,0.0,0.0,0.0,0.0,0.0,0.0,0.0,0.0,0.0,0.0
2023-07-15,0.0,0.0,0.0,0.0,0.0,0.0,0.0,0.0,0.0,0.0
2023-07-16,0.0,0.0,0.0,0.0,3.51,1.0,0.0,0.0,0.0,0.0
2023-07-17,6.55,3.0,6.55,3.0,6.55,3.0,0.11,0.06,0.11,0.06
2023-07-18,0.0,0.0,0.0,0.0,0.0,0.0,0.0,0.0,0.0,0.0
2023-07-19,0.0,0.0,0.0,0.0,0.0,0.0,0.0,0.0,0.0,0.0
2023-07-20,1.07,1.0,1.07,1.0,1.07,1.0,0.0,0.0,0.0,0.0
2023-07-21,5.46,2.0,5.46,2.0,5.46,2.0,2.83,1.09,2.83,1.09
2023-07-22,3.64,2.0,3.64,2.0,3.64,2.0,0.0,0.0,0.0,0.0
2023-07-23,3.45,1.0,3.45,1.0,3.45,1.0,0.0,0.0,0.0,0.0
2023-07-24,0.0,0.0,0.0,0.0,0.0,0.0,0.0,0.0,0.0,0.0
2023-07-25,0.0,0.0,0.0,0.0,0.0,0.0,0.0,0.0,0.0,0.0
2023-07-26,0.0,0.0,0.0,0.0,0.0,0.0,0.0,0.0,0.0,0.0
2023-07-27,0.0,0.0,0.0,0.0,0.0,0.0,0.0,0.0,0.0,0.0
2023-07-28,0.0,0.0,0.0,0.0,0.0,0.0,0.0,0.0,0.0,0.0
2023-07-29,0.49,1.0,0.49,1.0,1.43,3.0,0.0,0.01,0.0,0.01
2023-07-30,0.0,0.0,0.0,0.0,0.0,0.0,0.0,0.0,0.0,0.0
2023-07-31,0.0,0.0,0.0,0.0,0.0,0.0,0.0,0.0,0.0,0.0
2023-08-01,0.79,1.0,0.79,1.0,7.87,4.0,0.79,1.0,2.12,1.66
2023-08-02,0.0,0.0,0.0,0.0,0.0,0.0,0.0,0.0,0.0,0.0
2023-08-03,0.0,0.0,0.0,0.0,0.0,0.0,0.0,0.0,0.0,0.0
2023-08-04,0.0,0.0,0.0,0.0,0.59,1.0,0.0,0.0,0.14,0.24
2023-08-05,0.0,0.0,0.0,0.0,0.0,0.0,0.0,0.0,0.0,0.0
2023-08-06,0.0,0.0,0.0,0.0,0.0,0.0,0.0,0.0,0.0,0.0
2023-08-07,0.0,0.0,0.0,0.0,0.0,0.0,0.0,0.0,0.0,0.0
2023-08-08,0.0,0.0,0.0,0.0,0.0,0.0,0.0,0.0,0.0,0.0
2023-08-09,0.0,0.0,0.0,0.0,11.92,3.0,0.0,0.0,1.78,0.32
2023-08-10,0.0,0.0,0.0,0.0,5.62,1.0,0.0,0.0,2.49,0.44
2023-08-11,0.0,0.0,1.95,1.0,1.95,1.0,1.94,1.0,1.94,1.0
2023-08-12,3.14,3.0,6.13,4.0,6.13,4.0,2.66,1.94,2.66,1.94
2023-08-13,0.0,0.0,0.0,0.0,0.0,0.0,0.0,0.0,0.0,0.0
2023-08-14,0.0,0.0,0.0,0.0,0.0,0.0,0.0,0.0,0.0,0.0
2023-08-15,0.0,0.0,0.0,0.0,0.0,0.0,0.0,0.0,0.0,0.0
2023-08-16,5.34,2.0,9.68,3.0,9.68,3.0,1.39,0.32,1.39,0.32
2023-08-17,3.8,1.0,3.8,1.0,3.8,1.0,0.0,0.0,0.0,0.0
2023-08-18,9.32,4.0,15.63,6.0,15.63,6.0,0.2,0.3,0.2,0.3
2023-08-19,0.0,0.0,0.0,0.0,0.0,0.0,0.0,0.0,0.0,0.0
2023-08-20,10.87,3.0,10.87,3.0,10.87,3.0,0.0,0.0,0.0,0.0
2023-08-21,0.0,0.0,0.0,0.0,0.0,0.0,0.0,0.0,0.0,0.0
2023-08-22,0.0,0.0,0.0,0.0,0.0,0.0,0.0,0.0,0.0,0.0
2023-08-23,0.0,0.0,0.0,0.0,0.0,0.0,0.0,0.0,0.0,0.0
2023-08-24,0.0,0.0,0.0,0.0,0.0,0.0,0.0,0.0,0.0,0.0
2023-08-25,0.0,0.0,0.0,0.0,0.0,0.0,0.0,0.0,0.0,0.0
2023-08-26,0.0,0.0,0.0,0.0,0.0,0.0,0.0,0.0,0.0,0.0
2023-08-27,0.0,0.0,0.0,0.0,0.0,0.0,0.0,0.0,0.0,0.0
2023-08-28,0.0,0.0,0.0,0.0,0.0,0.0,0.0,0.0,0.0,0.0
2023-08-29,3.95,2.0,3.95,2.0,7.14,5.0,2.13,1.0,2.13,1.0
2023-08-30,6.92,2.0,13.65,4.0,28.92,6.0,10.54,2.91,13.63,3.54
2023-08-31,0.0,0.0,0.0,0.0,0.0,0.0,0.0,0.0,0.0,0.0
2023-09-01,1.19,1.0,1.19,1.0,1.19,1.0,0.85,0.72,0.85,0.72
2023-09-02,3.37,3.0,3.63,4.0,10.27,7.0,3.11,2.63,7.9,4.22
2023-09-03,4.02,2.0,4.02,2.0,12.22,5.0,0.48,0.62,2.25,1.29
2023-09-04,0.0,0.0,0.0,0.0,0.0,0.0,0.0,0.0,0.0,0.0
2023-09-05,0.0,0.0,11.18,3.0,14.8,4.0,0.39,0.13,1.01,0.31
2023-09-06,0.0,0.0,0.0,0.0,2.51,1.0,0.0,0.0,0.0,0.0
2023-09-07,0.0,0.0,11.26,2.0,17.67,4.0,0.0,0.0,0.18,0.04
2023-09-08,0.0,0.0,22.38,7.0,70.22,19.0,0.0,0.0,0.0,0.0
2023-09-09,0.0,0.0,0.0,0.0,12.78,2.0,0.0,0.0,0.0,0.0
2023-09-10,0.0,0.0,0.0,0.0,2.54,1.0,0.0,0.0,0.13,0.05
2023-09-11,0.0,0.0,0.0,0.0,0.95,1.0,0.0,0.0,0.92,0.97
2023-09-12,0.0,0.0,4.23,1.0,4.23,1.0,0.0,0.0,0.0,0.0
2023-09-13,2.87,1.0,2.87,1.0,17.31,5.0,0.0,0.0,0.0,0.0
2023-09-14,0.61,1.0,0.61,1.0,2.83,2.0,0.0,0.0,0.0,0.0
2023-09-15,0.55,1.0,1.92,2.0,12.17,3.0,0.01,0.02,0.01,0.02
2023-09-16,0.0,0.0,0.0,0.0,0.0,0.0,0.0,0.0,0.0,0.0
2023-09-17,0.0,0.0,4.01,1.0,4.01,1.0,0.0,0.0,0.0,0.0
2023-09-18,0.0,0.0,0.0,0.0,0.0,0.0,0.0,0.0,0.0,0.0
2023-09-19,9.49,3.0,13.89,4.0,16.28,5.0,1.37,0.64,1.74,0.79
2023-09-20,0.0,0.0,9.29,2.0,9.29,2.0,9.04,1.95,9.04,1.95
2023-09-21,0.0,0.0,2.18,1.0,4.74,2.0,0.0,0.0,0.13,0.05
2023-09-22,0.0,0.0,1.41,1.0,9.89,3.0,0.03,0.02,0.74,0.2
2023-09-23,0.0,0.0,13.99,3.0,19.15,4.0,0.0,0.0,0.0,0.0
2023-09-24,0.65,1.0,1.01,2.0,1.01,2.0,0.0,0.0,0.0,0.0
2023-09-25,2.94,3.0,2.94,3.0,5.56,4.0,0.46,0.48,2.86,1.4
2023-09-26,0.0,0.0,0.0,0.0,6.23,3.0,0.0,0.0,1.71,1.31
2023-09-27,6.04,4.0,12.93,7.0,47.25,17.0,4.63,2.73,30.16,10.12
2023-09-28,1.83,2.0,11.92,5.0,61.81,15.0,3.5,2.02,43.46,9.8
2023-09-29,19.8,9.0,51.13,19.0,116.51,40.0,26.54,10.26,69.83,23.93
2023-09-30,18.41,7.0,85.46,26.0,222.05,68.0,32.39,10.15,114.36,35.0
2023-10-01,47.77,8.0,65.78,14.0,149.81,31.0,24.48,5.67,101.05,21.22
2023-10-02,1.81,1.0,42.57,8.0,182.05,47.0,7.14,1.9,120.83,32.43
2023-10-03,2.11,1.0,61.13,12.0,234.2,38.0,3.64,1.09,116.78,16.38
2023-10-04,6.8,2.0,101.53,16.0,289.55,63.0,23.81,6.11,137.02,35.08
2023-10-05,11.96,6.0,41.59,17.0,193.24,67.0,21.01,9.89,123.87,40.65
2023-10-06,5.67,1.0,53.44,11.0,173.88,39.0,3.24,1.16,97.74,23.01
2023-10-07,4.61,3.0,15.69,9.0,73.83,28.0,4.45,2.25,45.54,14.43
2023-10-08,7.57,4.0,32.73,12.0,187.29,62.0,8.27,3.65,103.7,32.51
2023-10-09,6.17,4.0,37.17,15.0,233.58,53.0,4.13,2.41,38.55,9.98
2023-10-10,10.92,6.0,36.14,14.0,284.08,79.0,6.97,4.69,175.16,48.65
2023-10-11,27.49,10.0,87.27,30.0,406.4,101.0,34.28,13.09,219.15,50.44
2023-10-12,16.44,4.0,21.79,6.0,235.21,54.0,7.26,1.56,131.02,28.35
2023-10-13,0.0,0.0,33.64,9.0,181.98,43.0,3.71,0.81,113.97,26.92
2023-10-14,5.8,4.0,111.06,22.0,454.48,99.0,14.59,4.4,316.96,70.79
2023-10-15,24.77,8.0,156.73,37.0,847.86,200.0,47.38,12.09,473.98,109.83
2023-10-16,2.35,2.0,32.04,10.0,66.39,21.0,4.97,1.31,11.23,3.35
2023-10-17,0.79,1.0,1.17,2.0,1.17,2.0,0.35,0.89,0.35,0.89
2023-10-18,0.68,1.0,5.08,3.0,37.1,17.0,0.0,0.0,29.3,11.04
2023-10-19,0.0,0.0,3.29,1.0,160.74,34.0,0.0,0.0,136.52,27.38
2023-10-20,5.35,5.0,49.23,16.0,504.64,107.0,12.42,5.65,401.73,79.0
2023-10-21,9.76,5.0,40.94,16.0,523.79,155.0,10.48,3.27,365.51,102.27
2023-10-22,4.21,1.0,42.75,7.0,209.42,46.0,11.7,2.39,103.88,23.17
2023-10-23,0.34,1.0,7.22,3.0,201.38,54.0,5.39,2.3,155.26,43.01
2023-10-24,6.46,3.0,76.64,18.0,647.37,155.0,31.83,7.91,508.29,118.84
2023-10-25,28.33,8.0,79.23,22.0,749.3,138.0,41.4,9.69,636.28,105.92
2023-10-26,10.81,5.0,158.2,27.0,1245.84,252.0,41.92,13.1,832.77,162.25
2023-10-27,11.86,5.0,51.49,16.0,908.8,172.0,13.72,4.24,736.11,131.99
2023-10-28,0.44,1.0,0.44,1.0,152.1,31.0,0.37,0.83,103.21,15.93
2023-10-29,9.3,3.0,12.28,4.0,933.02,169.0,0.06,0.02,8.57,3.67
2023-10-30,0.48,1.0,13.4,6.0,1104.56,178.0,0.02,0.01,11.33,3.96
2023-10-31,11.61,4.0,59.41,14.0,1470.28,270.0,3.61,1.33,9.63,5.54
2023-11-01,1.78,1.0,29.58,11.0,1607.06,299.0,7.13,2.23,729.77,139.68
2023-11-02,0.71,1.0,1.75,2.0,2.93,4.0,1.41,1.57,2.11,2.54
2023-11-03,0.0,0.0,0.0,0.0,677.29,107.0,0.0,0.0,601.47,91.53
2023-11-04,3.93,3.0,3.93,3.0,1526.12,187.0,2.9,2.22,1446.76,170.73
2023-11-05,2.87,3.0,52.91,18.0,3280.22,499.0,38.21,13.09,3142.39,471.4
2023-11-06,15.77,10.0,65.32,21.0,1549.76,309.0,14.12,4.75,406.24,77.49
2023-11-07,1.85,3.0,35.23,14.0,1529.13,245.0,12.85,5.98,1440.59,220.06
2023-11-08,13.15,6.0,25.18,10.0,1033.66,182.0,14.51,4.89,990.41,169.36
2023-11-09,0.0,0.0,4.04,1.0,670.24,144.0,0.0,0.0,575.31,123.88
2023-11-10,0.0,0.0,4.96,3.0,5.33,4.0,0.2,0.13,0.2,0.13
2023-11-11,0.0,0.0,13.79,6.0,164.5,48.0,0.85,0.64,122.74,31.41
2023-11-12,10.43,3.0,114.93,28.0,1674.0,246.0,65.3,15.22,1399.79,191.12
2023-11-13,0.0,0.0,42.48,6.0,710.71,104.0,7.83,1.81,614.44,89.1
2023-11-14,1.44,2.0,18.24,7.0,584.23,81.0,11.58,2.39,546.03,72.38
2023-11-15,18.46,4.0,30.85,8.0,935.24,143.0,9.77,4.17,871.7,131.43
2023-11-16,22.67,6.0,69.22,21.0,673.17,124.0,20.29,5.18,156.59,28.72
2023-11-17,8.43,5.0,52.83,17.0,489.26,100.0,23.83,7.33,120.26,27.87
2023-11-18,4.37,5.0,59.34,22.0,152.75,51.0,2.42,1.47,3.09,1.74
2023-11-19,5.58,2.0,73.52,24.0,277.12,63.0,0.24,0.08,1.25,0.39
2023-11-20,18.87,8.0,71.09,27.0,218.2,57.0,21.45,8.59,142.59,31.9
2023-11-21,7.81,7.0,72.26,24.0,400.9,90.0,50.89,14.83,312.87,65.68
2023-11-22,13.74,7.0,98.95,34.0,347.8,99.0,51.36,14.69,235.72,55.48
2023-11-23,13.12,4.0,68.4,19.0,270.36,66.0,11.27,3.68,37.24,12.27
2023-11-24,20.0,10.0,53.74,24.0,140.71,47.0,24.59,12.18,85.52,25.59
2023-11-25,0.0,0.0,16.56,6.0,41.13,14.0,0.6,0.17,17.69,5.45
2023-11-26,0.0,0.0,4.93,1.0,27.84,8.0,0.0,0.0,1.52,0.45
2023-11-27,5.71,3.0,37.99,11.0,40.22,12.0,22.84,4.68,24.66,5.5
2023-11-28,1.06,2.0,1.06,2.0,9.38,6.0,0.37,0.72,2.25,1.62
2023-11-29,12.43,4.0,16.39,6.0,91.28,25.0,3.11,0.85,33.58,8.45
2023-11-30,3.47,1.0,5.57,2.0,23.68,5.0,2.7,1.1,7.38,2.24
2023-12-01,2.98,2.0,20.49,6.0,105.91,23.0,4.42,1.57,51.88,11.05
2023-12-02,79.03,24.0,167.66,52.0,263.59,78.0,84.43,24.38,144.11,37.65
2023-12-03,18.96,6.0,110.02,37.0,220.67,85.0,46.43,16.42,90.39,37.91
2023-12-04,21.47,10.0,63.68,23.0,83.15,28.0,28.29,8.65,41.25,11.36
2023-12-05,10.54,4.0,62.92,21.0,101.97,35.0,26.12,6.91,36.59,9.23
2023-12-06,17.67,7.0,108.05,36.0,200.01,64.0,35.82,10.62,62.82,16.7
2023-12-07,37.31,13.0,119.91,35.0,205.49,59.0,15.01,5.36,33.19,9.3
2023-12-08,34.12,10.0,138.14,48.0,219.13,81.0,46.07,15.11,59.08,19.94
2023-12-09,11.11,5.0,83.21,26.0,157.72,46.0,19.6,6.68,28.27,8.81
2023-12-10,23.83,13.0,61.87,26.0,86.73,36.0,16.59,6.93,20.38,8.24
2023-12-11,10.3,5.0,52.69,19.0,119.94,34.0,14.05,6.94,43.88,14.65
2023-12-12,68.68,22.0,143.58,46.0,187.55,60.0,63.33,17.99,77.72,23.47
2023-12-13,63.11,23.0,216.3,74.0,327.36,110.0,81.1,25.32,118.94,38.07
2023-12-14,4.82,5.0,42.97,18.0,97.28,35.0,13.53,3.36,18.38,4.49
2023-12-15,12.44,4.0,50.01,14.0,134.53,32.0,15.21,3.74,31.28,7.65
2023-12-16,52.28,15.0,114.29,35.0,127.38,41.0,21.73,6.46,24.48,7.59
2023-12-17,13.2,6.0,52.98,17.0,84.87,27.0,7.9,3.87,15.33,6.01
2023-12-18,32.5,15.0,111.22,39.0,256.51,64.0,42.16,11.85,59.95,16.54
2023-12-19,34.03,11.0,155.52,43.0,285.06,89.0,34.02,9.08,52.74,15.02
2023-12-20,14.42,5.0,78.11,25.0,139.71,43.0,25.45,7.56,40.75,11.79
2023-12-21,10.51,4.0,61.28,21.0,90.03,33.0,20.22,7.21,27.58,9.99
2023-12-22,14.66,7.0,78.08,31.0,98.45,39.0,22.31,9.85,33.56,14.63
2023-12-23,15.34,7.0,131.18,42.0,188.07,59.0,27.36,9.09,48.37,18.15
2023-12-24,28.97,15.0,185.96,70.0,271.41,103.0,42.38,16.04,69.36,26.35
2023-12-25,26.97,13.0,69.07,28.0,85.16,33.0,16.53,7.0,17.73,7.21
2023-12-26,0.0,0.0,5.62,2.0,5.62,2.0,1.93,1.0,1.93,1.0
2023-12-27,3.28,1.0,10.66,5.0,61.34,20.0,1.88,1.03,10.94,3.52
2023-12-28,0.0,0.0,6.9,3.0,16.45,5.0,0.87,0.37,5.57,1.12
2023-12-29,0.0,0.0,0.0,0.0,21.28,8.0,0.0,0.0,7.64,3.22
2023-12-30,0.0,0.0,0.0,0.0,0.0,0.0,0.0,0.0,0.0,0.0
2023-12-31,0.0,0.0,0.0,0.0,0.35,1.0,0.0,0.0,0.12,0.34
2024-01-01,2.74,1.0,7.86,3.0,7.86,3.0,0.46,0.17,0.46,0.17
2024-01-02,12.81,4.0,47.59,11.0,50.51,12.0,25.85,6.18,25.87,6.19
2024-01-03,1.54,2.0,1.54,2.0,8.2,5.0,0.36,0.54,2.88,1.41
2024-01-04,0.0,0.0,0.0,0.0,15.67,5.0,0.0,0.0,1.96,0.54
2024-01-05,0.0,0.0,0.0,0.0,4.28,3.0,0.0,0.0,1.45,0.61
2024-01-06,0.0,0.0,0.0,0.0,2.0,1.0,0.0,0.0,0.0,0.0
2024-01-07,19.37,4.0,19.37,4.0,22.22,5.0,0.0,0.0,0.74,0.26
2024-01-08,9.81,4.0,26.84,7.0,29.01,8.0,24.81,5.97,26.55,6.77
2024-01-09,0.45,1.0,2.41,2.0,17.14,5.0,0.0,0.0,0.16,0.04
2024-01-10,0.0,0.0,3.48,1.0,29.99,7.0,0.0,0.0,5.02,1.32
2024-01-11,0.91,1.0,25.91,10.0,25.91,10.0,5.21,2.19,5.21,2.19
2024-01-12,3.24,1.0,15.34,5.0,17.69,6.0,4.54,1.26,6.43,2.07
2024-01-13,4.54,1.0,7.64,3.0,7.64,3.0,0.0,0.0,0.0,0.0
2024-01-14,1.02,1.0,17.18,10.0,30.13,15.0,8.53,4.81,11.17,5.8
2024-01-15,21.09,8.0,39.73,15.0,39.73,15.0,8.72,3.46,8.72,3.46
2024-01-16,0.0,0.0,0.0,0.0,0.0,0.0,0.0,0.0,0.0,0.0
2024-01-17,0.0,0.0,13.57,4.0,30.95,7.0,1.93,0.65,1.93,0.65
2024-01-18,3.68,1.0,3.68,1.0,3.68,1.0,1.28,0.35,1.28,0.35
2024-01-19,0.0,0.0,0.0,0.0,0.0,0.0,0.0,0.0,0.0,0.0
2024-01-20,37.51,16.0,90.35,31.0,125.66,42.0,20.96,7.83,25.54,9.02
2024-01-21,0.0,0.0,0.0,0.0,0.0,0.0,0.0,0.0,0.0,0.0
2024-01-22,4.56,2.0,24.3,8.0,29.21,11.0,0.0,0.0,0.0,0.0
2024-01-23,0.0,0.0,0.0,0.0,5.97,1.0,0.0,0.0,0.0,0.0
2024-01-24,9.66,2.0,56.41,17.0,70.47,22.0,22.22,6.99,22.31,7.04
2024-01-25,8.59,4.0,53.55,20.0,65.96,24.0,8.24,2.79,11.74,4.13
2024-01-26,16.98,3.0,54.76,15.0,87.21,23.0,22.51,6.51,29.59,7.73
2024-01-27,11.16,4.0,26.99,12.0,59.01,19.0,1.47,0.82,3.13,1.51
2024-01-28,0.0,0.0,0.0,0.0,0.0,0.0,0.0,0.0,0.0,0.0
2024-01-29,5.27,3.0,90.05,23.0,177.05,42.0,14.13,4.86,79.45,17.62
2024-01-30,0.0,0.0,31.06,9.0,81.69,25.0,13.0,4.38,37.75,10.61
2024-01-31,0.0,0.0,0.0,0.0,0.0,0.0,0.0,0.0,0.0,0.0
2024-02-01,1.35,2.0,1.35,2.0,1.35,2.0,1.04,1.54,1.04,1.54
2024-02-02,0.0,0.0,0.0,0.0,0.0,0.0,0.0,0.0,0.0,0.0
2024-02-03,1.95,1.0,12.8,3.0,19.56,4.0,6.67,1.73,6.67,1.73
2024-02-04,0.0,0.0,0.0,0.0,0.0,0.0,0.0,0.0,0.0,0.0
2024-02-05,0.0,0.0,2.84,1.0,2.84,1.0,0.6,0.21,0.6,0.21
2024-02-06,1.62,1.0,22.43,7.0,31.12,11.0,1.89,1.11,5.53,2.75
2024-02-07,1.75,1.0,42.16,19.0,102.4,31.0,4.24,3.57,6.45,4.54
2024-02-08,12.18,5.0,30.89,9.0,118.05,28.0,1.01,1.07,16.0,3.32
2024-02-09,28.93,9.0,95.98,29.0,235.42,67.0,43.22,9.93,82.56,19.4
2024-02-10,36.77,13.0,114.26,40.0,349.14,93.0,41.61,14.59,90.48,31.03
2024-02-11,7.52,4.0,110.23,30.0,352.53,60.0,66.97,13.98,106.86,19.0
2024-02-12,1.71,2.0,2.35,3.0,8.85,5.0,0.0,0.0,0.0,0.0
2024-02-13,0.81,1.0,29.79,6.0,31.62,8.0,9.78,1.95,11.01,3.21
2024-02-14,2.73,4.0,15.69,9.0,113.4,33.0,9.31,4.3,30.07,8.96
2024-02-15,16.98,12.0,98.13,36.0,209.53,71.0,24.68,12.92,46.07,19.8
2024-02-16,7.91,4.0,40.82,18.0,226.68,65.0,16.48,6.45,39.08,14.64
2024-02-17,0.38,1.0,45.06,12.0,129.78,32.0,20.5,5.38,30.04,8.2
2024-02-18,0.0,0.0,7.45,2.0,30.23,8.0,0.0,0.0,0.88,0.27
2024-02-19,0.0,0.0,0.0,0.0,14.76,4.0,0.0,0.0,1.01,0.53
2024-02-20,0.71,2.0,36.75,9.0,55.25,14.0,2.6,0.83,10.99,3.07
2024-02-21,4.88,2.0,49.2,17.0,156.61,44.0,15.71,6.4,39.48,11.55
2024-02-22,5.1,4.0,69.97,25.0,227.06,66.0,38.1,12.06,90.71,26.89
2024-02-23,4.9,2.0,51.25,13.0,125.04,34.0,23.19,6.49,36.3,11.39
2024-02-24,6.7,4.0,70.63,17.0,138.77,38.0,19.49,5.92,51.86,14.11
2024-02-25,0.0,0.0,3.21,1.0,111.59,24.0,0.0,0.0,65.61,15.11
2024-02-26,0.0,0.0,7.66,1.0,17.15,3.0,6.64,0.87,9.46,1.47
2024-02-27,2.77,2.0,10.83,4.0,25.34,7.0,0.0,0.0,7.71,1.51
2024-02-28,0.87,1.0,25.69,9.0,171.97,34.0,10.93,3.45,51.22,11.71
2024-02-29,2.78,1.0,47.65,9.0,126.46,24.0,8.28,2.01,17.42,4.94
2024-03-01,0.0,0.0,2.31,1.0,5.99,2.0,0.0,0.0,3.06,0.83
2024-03-02,0.0,0.0,0.0,0.0,3.47,1.0,0.0,0.0,0.0,0.0
2024-03-03,3.68,2.0,12.43,4.0,28.96,6.0,3.51,1.2,3.91,1.23
2024-03-04,2.43,3.0,52.12,11.0,59.54,13.0,29.63,3.98,29.63,3.98
2024-03-05,1.92,2.0,14.33,6.0,16.53,7.0,3.06,2.24,3.16,2.29
2024-03-06,5.5,3.0,25.44,9.0,47.61,16.0,12.21,4.22,22.6,6.65
2024-03-07,11.74,7.0,37.68,14.0,89.32,32.0,6.44,3.09,21.52,6.29
2024-03-08,0.0,0.0,35.04,10.0,106.06,32.0,5.17,2.91,20.2,9.26
2024-03-09,3.89,5.0,41.88,11.0,71.05,20.0,27.58,5.33,36.94,8.38
2024-03-10,0.0,0.0,2.85,1.0,13.42,4.0,0.0,0.0,0.0,0.0
2024-03-11,0.62,1.0,5.68,4.0,47.09,18.0,3.03,1.87,36.84,12.7
2024-03-12,6.21,6.0,12.92,8.0,60.8,20.0,5.57,2.95,36.08,10.08
2024-03-13,3.02,3.0,21.95,11.0,39.12,20.0,8.78,4.5,9.96,5.45
2024-03-14,0.0,0.0,22.95,9.0,53.56,18.0,7.4,2.19,23.11,6.59
2024-03-15,1.57,2.0,4.32,4.0,17.64,7.0,1.22,1.37,2.5,1.8
2024-03-16,17.96,7.0,23.33,8.0,47.03,12.0,1.4,2.07,16.83,4.24
2024-03-17,5.63,3.0,25.54,11.0,47.57,17.0,10.71,4.14,31.17,8.79
2024-03-18,44.61,9.0,66.42,16.0,124.06,29.0,5.34,1.82,15.69,4.07
2024-03-19,13.77,9.0,23.73,13.0,73.49,29.0,9.03,3.56,32.48,9.93
2024-03-20,1.22,2.0,10.89,4.0,34.47,10.0,10.54,3.82,22.71,6.92
2024-03-21,5.93,1.0,37.18,8.0,60.04,13.0,0.0,0.0,1.39,0.56
2024-03-22,0.0,0.0,12.02,3.0,66.96,8.0,2.7,0.7,4.61,1.73
2024-03-23,3.08,6.0,27.86,12.0,114.03,31.0,2.45,1.91,37.71,8.41
2024-03-24,0.95,1.0,2.74,4.0,21.95,29.0,0.21,0.38,0.21,0.38
2024-03-25,17.66,10.0,67.46,16.0,90.77,22.0,10.48,3.62,15.32,4.38
2024-03-26,14.15,3.0,26.96,5.0,32.76,7.0,12.75,1.99,13.23,2.13
2024-03-27,0.0,0.0,7.37,2.0,9.53,3.0,5.74,0.99,5.74,0.99
2024-03-28,1.39,3.0,2.76,4.0,14.69,8.0,0.53,1.12,10.04,4.16
2024-03-29,8.81,2.0,25.23,7.0,44.02,12.0,9.32,2.74,16.06,4.38
2024-03-30,3.92,3.0,10.71,5.0,37.21,16.0,3.37,1.14,19.25,7.82
2024-03-31,1.61,2.0,2.18,3.0,158.94,13.0,0.18,0.32,0.79,0.39
2024-04-01,0.0,0.0,6.23,2.0,6.23,2.0,1.38,0.66,1.38,0.66
2024-04-02,4.25,3.0,29.06,7.0,53.38,15.0,0.55,0.71,4.34,2.48
2024-04-03,4.33,5.0,8.6,8.0,14.8,10.0,0.07,0.17,3.58,1.15
2024-04-04,3.36,1.0,41.29,9.0,87.98,22.0,16.97,4.47,33.02,9.38
2024-04-05,5.17,4.0,10.41,5.0,42.91,20.0,2.41,1.77,4.34,2.52
2024-04-06,4.62,2.0,20.5,6.0,158.66,33.0,6.71,1.22,67.1,5.2
2024-04-07,7.26,3.0,8.76,4.0,146.0,30.0,0.39,0.46,17.95,4.55
2024-04-08,6.43,4.0,6.43,4.0,74.07,34.0,0.24,0.35,1.36,1.01
2024-04-09,3.49,2.0,3.72,3.0,59.11,32.0,1.65,1.01,15.23,9.49
2024-04-10,3.04,1.0,17.24,4.0,158.0,41.0,2.72,0.9,100.72,26.19
2024-04-11,6.63,2.0,219.69,9.0,268.57,32.0,0.0,0.0,39.84,18.95
2024-04-12,0.39,1.0,8.11,4.0,119.11,32.0,3.76,1.66,75.06,18.31
2024-04-13,0.0,0.0,15.88,4.0,19.87,8.0,6.71,1.94,9.56,4.79
2024-04-14,0.0,0.0,4.15,1.0,14.66,5.0,2.19,0.53,9.55,3.13
2024-04-15,0.0,0.0,0.0,0.0,0.0,0.0,0.0,0.0,0.0,0.0
2024-04-16,2.78,1.0,30.41,9.0,106.71,29.0,0.0,0.0,19.22,3.09
2024-04-17,5.74,4.0,12.57,8.0,156.16,24.0,2.6,1.53,2.69,1.57
2024-04-18,5.77,4.0,26.8,11.0,313.63,70.0,7.11,2.82,7.81,3.21
2024-04-19,29.7,7.0,61.37,14.0,583.23,99.0,2.13,0.46,5.46,1.48
2024-04-20,55.69,4.0,63.54,9.0,333.85,51.0,30.35,2.82,30.66,2.91
2024-04-21,71.34,4.0,181.03,11.0,399.01,63.0,1.58,0.74,25.67,4.51
2024-04-22,12.23,2.0,99.82,21.0,499.79,114.0,4.69,0.85,27.12,4.14
2024-04-23,36.01,7.0,154.78,24.0,391.49,74.0,21.1,3.97,66.95,12.45
2024-04-24,55.14,8.0,306.93,34.0,678.94,95.0,100.75,10.41,105.04,11.55
2024-04-25,20.51,4.0,169.08,16.0,673.92,131.0,80.21,5.95,169.19,10.57
2024-04-26,57.0,10.0,404.7,51.0,1165.88,160.0,151.33,15.61,183.12,19.42
2024-04-27,14.84,6.0,66.07,22.0,234.72,85.0,29.73,8.96,31.48,10.49
2024-04-28,52.24,10.0,701.84,73.0,933.6,124.0,101.75,17.27,159.54,23.04
2024-04-29,75.29,19.0,439.48,58.0,707.18,123.0,228.31,24.35,282.0,38.43
2024-04-30,53.51,10.0,175.13,47.0,495.04,137.0,96.27,27.15,116.02,32.06
2024-05-01,110.31,17.0,787.46,83.0,1374.47,204.0,420.99,38.79,669.21,78.62
2024-05-02,200.43,40.0,1042.22,195.0,2333.56,458.0,664.08,121.15,1508.95,273.18
2024-05-03,39.86,7.0,381.06,41.0,751.74,106.0,273.04,25.16,444.17,55.57
2024-05-04,500.11,54.0,1761.88,154.0,5993.1,674.0,1062.48,86.97,3688.76,327.49
2024-05-05,865.82,110.0,3335.18,467.0,6765.64,1024.0,2393.88,333.47,4647.46,635.61
2024-05-06,282.51,32.0,1504.63,169.0,3564.8,400.0,1087.71,126.69,2522.66,248.35
2024-05-07,452.76,73.0,2077.14,275.0,6263.41,748.0,19.92,5.4,121.51,27.98
2024-05-08,105.77,27.0,614.67,150.0,1758.96,381.0,10.75,3.23,33.11,9.64
2024-05-09,203.71,36.0,909.99,165.0,1895.34,361.0,29.79,6.53,72.46,16.54
2024-05-10,180.39,37.0,1049.73,202.0,2623.18,534.0,51.46,10.4,135.01,28.31
2024-05-11,28.93,7.0,76.21,15.0,561.51,77.0,21.7,3.27,409.56,47.25
2024-05-12,57.6,14.0,421.92,95.0,2134.12,471.0,26.89,9.63,499.58,121.04
2024-05-13,99.59,20.0,671.46,133.0,2237.03,447.0,350.24,73.01,1583.11,325.72
2024-05-14,24.9,5.0,409.49,55.0,2971.24,356.0,310.24,39.79,2357.65,259.95
2024-05-15,104.27,16.0,425.53,72.0,1572.57,238.0,349.96,54.83,1257.51,172.91
2024-05-16,8.52,3.0,73.79,18.0,709.71,133.0,42.35,10.21,417.5,73.87
2024-05-17,5.38,1.0,209.76,22.0,1151.98,136.0,129.23,13.15,794.25,83.74
2024-05-18,65.24,17.0,337.7,86.0,906.23,244.0,257.63,64.12,595.65,153.46
2024-05-19,80.99,10.0,136.75,21.0,533.93,105.0,44.58,9.16,223.15,48.86
2024-05-20,62.7,9.0,128.53,19.0,461.22,70.0,62.19,8.61,254.44,31.79
2024-05-21,10.09,5.0,89.56,16.0,333.67,73.0,41.6,5.78,75.17,15.6
2024-05-22,0.0,0.0,60.71,8.0,239.64,37.0,0.83,0.35,2.46,1.8
2024-05-23,8.54,2.0,17.81,6.0,136.54,39.0,6.35,2.35,18.37,6.94
2024-05-24,11.99,3.0,41.29,8.0,177.3,36.0,5.72,1.32,14.36,3.66
2024-05-25,19.04,3.0,32.63,5.0,192.62,40.0,24.52,3.23,96.64,16.32
2024-05-26,2.97,3.0,73.93,11.0,259.05,50.0,40.09,7.13,130.5,25.75
2024-05-27,3.98,3.0,27.68,4.0,161.02,36.0,23.48,1.51,101.81,21.47
2024-05-28,9.3,4.0,56.54,12.0,217.02,37.0,22.98,6.83,107.8,16.37
2024-05-29,7.98,1.0,16.99,3.0,177.82,28.0,1.8,0.23,39.93,3.37
2024-05-30,0.0,0.0,0.0,0.0,0.0,0.0,0.0,0.0,0.0,0.0
2024-05-31,0.0,0.0,0.0,0.0,0.0,0.0,0.0,0.0,0.0,0.0
2024-06-01,0.0,0.0,0.0,0.0,0.0,0.0,0.0,0.0,0.0,0.0
2024-06-02,0.0,0.0,0.0,0.0,0.0,0.0,0.0,0.0,0.0,0.0
2024-06-03,0.0,0.0,0.0,0.0,0.0,0.0,0.0,0.0,0.0,0.0
2024-06-04,2.74,1.0,2.74,1.0,56.63,14.0,0.0,0.0,5.74,2.05
2024-06-05,6.05,2.0,27.45,7.0,166.93,22.0,7.43,2.34,80.53,6.73
2024-06-06,7.28,4.0,7.28,4.0,70.83,22.0,5.43,2.18,29.85,8.27
2024-06-07,0.0,0.0,0.0,0.0,48.4,12.0,0.0,0.0,15.49,2.84
2024-06-08,4.71,1.0,16.39,4.0,35.62,13.0,6.88,1.85,7.44,2.2
2024-06-09,10.19,2.0,38.42,5.0,271.47,43.0,6.45,0.86,80.25,11.16
2024-06-10,14.51,4.0,82.69,11.0,433.47,66.0,43.44,5.21,142.71,13.69
2024-06-11,21.41,6.0,43.12,8.0,690.87,100.0,21.87,3.92,70.24,9.88
2024-06-12,3.38,3.0,6.58,4.0,218.22,50.0,1.15,1.86,11.94,3.84
2024-06-13,50.28,8.0,57.12,10.0,513.98,77.0,27.12,4.56,42.44,7.73
2024-06-14,35.36,7.0,51.17,11.0,433.04,87.0,23.84,5.78,31.48,7.73
2024-06-15,14.68,3.0,30.04,5.0,401.41,66.0,5.8,1.37,53.26,6.89
2024-06-16,27.64,8.0,102.18,15.0,776.76,123.0,20.89,4.64,69.18,12.13
2024-06-17,0.0,0.0,3.78,1.0,379.76,81.0,0.0,0.0,2.02,0.43
2024-06-18,0.0,0.0,10.4,2.0,182.92,44.0,4.13,0.84,8.74,2.11
2024-06-19,0.0,0.0,0.0,0.0,46.64,11.0,0.0,0.0,2.56,0.71
2024-06-20,3.86,1.0,3.86,1.0,12.82,2.0,0.0,0.0,0.0,0.0
2024-06-21,5.47,2.0,5.47,2.0,14.8,5.0,0.64,0.18,3.15,1.18
2024-06-22,0.0,0.0,10.78,2.0,39.85,9.0,3.16,0.58,12.97,2.9
2024-06-23,0.0,0.0,0.0,0.0,19.73,4.0,0.0,0.0,0.0,0.0
2024-06-24,0.0,0.0,5.55,1.0,12.96,2.0,0.0,0.0,0.0,0.0
2024-06-25,0.0,0.0,0.0,0.0,2.61,1.0,0.0,0.0,0.0,0.0
2024-06-26,0.0,0.0,0.0,0.0,0.0,0.0,0.0,0.0,0.0,0.0
2024-06-27,0.0,0.0,0.0,0.0,3.17,1.0,0.0,0.0,0.0,0.0
2024-06-28,0.0,0.0,0.0,0.0,0.0,0.0,0.0,0.0,0.0,0.0
2024-06-29,0.0,0.0,13.84,2.0,91.6,15.0,0.0,0.0,0.0,0.0
2024-06-30,0.0,0.0,0.0,0.0,3.26,1.0,0.0,0.0,2.5,0.77
2024-07-01,0.0,0.0,0.0,0.0,0.0,0.0,0.0,0.0,0.0,0.0
2024-07-02,2.16,1.0,4.04,2.0,4.04,2.0,1.14,0.59,1.14,0.59
2024-07-03,0.0,0.0,0.0,0.0,0.0,0.0,0.0,0.0,0.0,0.0
2024-07-04,0.0,0.0,0.0,0.0,0.0,0.0,0.0,0.0,0.0,0.0
2024-07-05,0.0,0.0,0.0,0.0,0.0,0.0,0.0,0.0,0.0,0.0
2024-07-06,0.0,0.0,0.0,0.0,0.0,0.0,0.0,0.0,0.0,0.0
2024-07-07,0.0,0.0,0.0,0.0,0.0,0.0,0.0,0.0,0.0,0.0
2024-07-08,2.74,2.0,3.9,3.0,3.9,3.0,0.0,0.0,0.0,0.0
2024-07-09,0.4,1.0,0.4,1.0,0.4,1.0,0.0,0.0,0.0,0.0
2024-07-10,0.0,0.0,0.0,0.0,0.0,0.0,0.0,0.0,0.0,0.0
2024-07-11,0.0,0.0,0.0,0.0,0.0,0.0,0.0,0.0,0.0,0.0
2024-07-12,0.0,0.0,0.0,0.0,0.0,0.0,0.0,0.0,0.0,0.0
2024-07-13,0.0,0.0,0.0,0.0,0.0,0.0,0.0,0.0,0.0,0.0
2024-07-14,0.0,0.0,0.0,0.0,0.0,0.0,0.0,0.0,0.0,0.0
2024-07-15,0.0,0.0,0.0,0.0,0.0,0.0,0.0,0.0,0.0,0.0
2024-07-16,0.0,0.0,0.0,0.0,0.0,0.0,0.0,0.0,0.0,0.0
2024-07-17,4.02,1.0,4.02,1.0,4.97,2.0,0.0,0.0,0.0,0.0
2024-07-18,1.58,1.0,10.72,2.0,10.72,2.0,0.0,0.0,0.0,0.0
2024-07-19,0.0,0.0,0.0,0.0,0.0,0.0,0.0,0.0,0.0,0.0
2024-07-20,1.28,1.0,1.28,1.0,1.28,1.0,0.0,0.0,0.0,0.0
2024-07-21,20.1,5.0,23.65,6.0,91.32,25.0,15.21,3.93,29.81,8.35
2024-07-22,0.0,0.0,0.0,0.0,0.0,0.0,0.0,0.0,0.0,0.0
2024-07-23,0.0,0.0,9.81,4.0,9.81,4.0,3.11,1.69,3.11,1.69
2024-07-24,0.0,0.0,0.0,0.0,0.0,0.0,0.0,0.0,0.0,0.0
2024-07-25,0.0,0.0,0.0,0.0,0.0,0.0,0.0,0.0,0.0,0.0
2024-07-26,0.0,0.0,0.0,0.0,0.0,0.0,0.0,0.0,0.0,0.0
2024-07-27,0.0,0.0,0.0,0.0,0.0,0.0,0.0,0.0,0.0,0.0
2024-07-28,0.0,0.0,0.0,0.0,0.0,0.0,0.0,0.0,0.0,0.0
2024-07-29,8.02,4.0,8.02,4.0,8.02,4.0,3.16,1.0,3.16,1.0
2024-07-30,0.0,0.0,0.0,0.0,1.7,1.0,0.0,0.0,0.66,0.39
2024-07-31,0.0,0.0,0.0,0.0,0.0,0.0,0.0,0.0,0.0,0.0
2024-08-01,0.0,0.0,0.0,0.0,0.0,0.0,0.0,0.0,0.0,0.0
2024-08-02,0.0,0.0,0.0,0.0,0.0,0.0,0.0,0.0,0.0,0.0
2024-08-03,0.0,0.0,0.0,0.0,0.0,0.0,0.0,0.0,0.0,0.0
2024-08-04,2.75,1.0,2.75,1.0,4.92,2.0,0.0,0.0,2.17,1.0
2024-08-05,3.68,1.0,3.68,1.0,3.68,1.0,0.0,0.0,0.0,0.0
2024-08-06,0.0,0.0,0.0,0.0,0.0,0.0,0.0,0.0,0.0,0.0
2024-08-07,0.0,0.0,0.0,0.0,0.0,0.0,0.0,0.0,0.0,0.0
2024-08-08,0.0,0.0,0.0,0.0,0.0,0.0,0.0,0.0,0.0,0.0
2024-08-09,3.66,2.0,3.66,2.0,11.66,5.0,1.29,0.98,1.29,0.98
2024-08-10,0.0,0.0,0.0,0.0,0.0,0.0,0.0,0.0,0.0,0.0
2024-08-11,0.0,0.0,0.0,0.0,0.5,1.0,0.0,0.0,0.49,0.99
2024-08-12,0.0,0.0,0.0,0.0,0.0,0.0,0.0,0.0,0.0,0.0
2024-08-13,0.0,0.0,0.0,0.0,0.0,0.0,0.0,0.0,0.0,0.0
2024-08-14,0.0,0.0,0.0,0.0,0.0,0.0,0.0,0.0,0.0,0.0
2024-08-15,0.0,0.0,0.0,0.0,2.64,1.0,0.0,0.0,1.65,0.63
2024-08-16,0.0,0.0,0.0,0.0,0.0,0.0,0.0,0.0,0.0,0.0
2024-08-17,0.0,0.0,0.0,0.0,0.0,0.0,0.0,0.0,0.0,0.0
2024-08-18,0.0,0.0,0.0,0.0,2.65,1.0,0.0,0.0,0.01,0.0
2024-08-19,0.0,0.0,0.0,0.0,0.0,0.0,0.0,0.0,0.0,0.0
2024-08-20,1.36,1.0,1.36,1.0,1.36,1.0,0.84,0.62,0.84,0.62
2024-08-21,0.0,0.0,0.0,0.0,0.0,0.0,0.0,0.0,0.0,0.0
2024-08-22,0.0,0.0,0.0,0.0,0.0,0.0,0.0,0.0,0.0,0.0
2024-08-23,0.0,0.0,0.0,0.0,0.0,0.0,0.0,0.0,0.0,0.0
2024-08-24,0.0,0.0,0.0,0.0,3.88,1.0,0.0,0.0,0.44,0.11
2024-08-25,3.86,5.0,4.33,6.0,34.68,14.0,0.15,0.32,0.41,0.38
2024-08-26,0.0,0.0,7.45,1.0,7.45,1.0,0.0,0.0,0.0,0.0
2024-08-27,0.0,0.0,0.0,0.0,0.0,0.0,0.0,0.0,0.0,0.0
2024-08-28,0.0,0.0,0.0,0.0,0.0,0.0,0.0,0.0,0.0,0.0
2024-08-29,0.0,0.0,0.0,0.0,0.0,0.0,0.0,0.0,0.0,0.0
2024-08-30,0.0,0.0,1.55,2.0,1.55,2.0,0.0,0.0,0.0,0.0
2024-08-31,0.0,0.0,0.0,0.0,4.12,2.0,0.0,0.0,1.31,0.69
2024-09-01,2.08,1.0,9.74,2.0,27.1,6.0,4.94,0.66,17.0,3.59
2024-09-02,0.0,0.0,0.0,0.0,0.0,0.0,0.0,0.0,0.0,0.0
2024-09-03,0.0,0.0,0.0,0.0,0.0,0.0,0.0,0.0,0.0,0.0
2024-09-04,0.0,0.0,1.02,1.0,1.02,1.0,0.41,0.41,0.41,0.41
2024-09-05,5.59,2.0,5.59,2.0,5.59,2.0,0.63,0.45,0.63,0.45
2024-09-06,0.0,0.0,0.0,0.0,0.0,0.0,0.0,0.0,0.0,0.0
2024-09-07,0.0,0.0,0.0,0.0,0.0,0.0,0.0,0.0,0.0,0.0
2024-09-08,0.0,0.0,0.0,0.0,0.0,0.0,0.0,0.0,0.0,0.0
2024-09-09,2.59,1.0,2.59,1.0,4.07,2.0,0.0,0.0,0.0,0.0
2024-09-10,3.4,1.0,3.4,1.0,5.19,2.0,3.38,0.99,3.38,0.99
2024-09-11,0.0,0.0,0.0,0.0,0.0,0.0,0.0,0.0,0.0,0.0
2024-09-12,0.0,0.0,0.0,0.0,0.0,0.0,0.0,0.0,0.0,0.0
2024-09-13,0.0,0.0,0.0,0.0,0.0,0.0,0.0,0.0,0.0,0.0
2024-09-14,0.0,0.0,0.0,0.0,0.0,0.0,0.0,0.0,0.0,0.0
2024-09-15,0.0,0.0,0.0,0.0,0.0,0.0,0.0,0.0,0.0,0.0
2024-09-16,2.56,2.0,2.56,2.0,2.56,2.0,1.54,0.99,1.54,0.99
2024-09-17,0.0,0.0,0.0,0.0,0.0,0.0,0.0,0.0,0.0,0.0
2024-09-18,0.0,0.0,0.0,0.0,0.0,0.0,0.0,0.0,0.0,0.0
2024-09-19,1.34,1.0,1.34,1.0,1.34,1.0,0.0,0.0,0.0,0.0
2024-09-20,4.66,2.0,4.66,2.0,10.03,5.0,2.76,1.17,2.94,1.39
2024-09-21,0.0,0.0,0.0,0.0,38.83,11.0,0.0,0.0,0.0,0.0
2024-09-22,1.38,2.0,33.28,7.0,94.12,20.0,23.7,4.43,67.7,13.72
2024-09-23,0.0,0.0,0.0,0.0,41.68,13.0,0.0,0.0,12.17,3.68
2024-09-24,0.0,0.0,0.0,0.0,44.16,12.0,0.0,0.0,0.0,0.0
2024-09-25,0.29,1.0,4.99,3.0,85.08,24.0,0.07,0.24,0.07,0.24
2024-09-26,0.0,0.0,0.0,0.0,0.0,0.0,0.0,0.0,0.0,0.0
2024-09-27,1.96,2.0,1.96,2.0,1.96,2.0,0.0,0.0,0.0,0.0
2024-09-28,0.65,1.0,0.65,1.0,0.65,1.0,0.0,0.0,0.0,0.0
2024-09-29,0.0,0.0,0.42,1.0,0.42,1.0,0.0,0.01,0.0,0.01
2024-09-30,17.55,4.0,18.97,5.0,25.19,7.0,8.05,2.41,11.95,3.51
2024-10-01,3.76,3.0,4.37,4.0,24.34,9.0,1.86,1.55,17.04,5.39
2024-10-02,31.58,10.0,82.55,20.0,143.58,37.0,10.88,3.71,26.38,7.11
2024-10-03,4.7,1.0,25.48,7.0,35.04,13.0,7.69,2.0,8.82,2.54
2024-10-04,0.0,0.0,0.0,0.0,32.04,10.0,0.0,0.0,2.66,0.86
2024-10-05,3.37,2.0,19.86,4.0,100.01,19.0,2.03,1.11,15.41,4.25
2024-10-06,4.3,2.0,74.34,21.0,208.96,57.0,8.14,2.64,93.69,24.81
2024-10-07,12.04,7.0,66.01,26.0,154.68,58.0,13.09,5.18,71.3,25.03
2024-10-08,3.95,2.0,105.25,25.0,226.77,57.0,6.25,2.03,93.17,25.9
2024-10-09,0.0,0.0,16.52,5.0,107.73,22.0,2.02,0.93,71.38,11.64
2024-10-10,30.26,7.0,121.98,30.0,309.92,69.0,39.12,10.02,174.98,37.72
2024-10-11,18.94,9.0,96.42,31.0,234.1,69.0,23.69,8.14,78.33,20.65
2024-10-12,15.82,7.0,178.3,54.0,679.57,175.0,17.87,6.74,190.8,44.78
2024-10-13,11.07,4.0,58.88,13.0,336.42,79.0,33.59,5.68,223.24,47.51
2024-10-14,1.84,2.0,1.84,2.0,98.26,22.0,0.94,0.8,57.42,10.31
2024-10-15,3.01,2.0,40.59,14.0,215.76,45.0,6.6,2.79,122.03,20.11
2024-10-16,0.0,0.0,30.78,8.0,78.73,19.0,1.74,0.53,43.97,10.34
2024-10-17,15.56,8.0,39.35,17.0,475.25,103.0,1.55,0.65,19.64,5.42
2024-10-18,13.6,6.0,56.67,19.0,282.6,86.0,17.47,5.0,54.71,17.88
2024-10-19,5.03,4.0,19.94,11.0,160.59,52.0,3.66,1.58,11.35,4.52
2024-10-20,0.46,1.0,8.45,4.0,151.17,36.0,0.21,0.06,0.65,0.21
2024-10-21,7.05,5.0,37.3,11.0,85.28,27.0,4.96,1.4,8.73,3.16
2024-10-22,3.72,3.0,25.37,11.0,238.42,51.0,9.52,2.38,105.39,18.7
2024-10-23,7.23,3.0,61.37,20.0,285.78,87.0,10.6,3.48,121.09,35.58
2024-10-24,0.0,0.0,43.36,9.0,228.09,51.0,0.0,0.0,108.64,25.11
2024-10-25,17.56,3.0,26.85,9.0,203.7,49.0,16.33,2.75,156.38,32.69
2024-10-26,1.76,1.0,37.1,11.0,106.82,36.0,1.88,0.7,30.21,10.76
2024-10-27,0.0,0.0,16.96,7.0,174.6,43.0,10.69,3.94,12.63,4.4
2024-10-28,0.9,1.0,22.35,8.0,251.47,69.0,14.6,4.96,45.8,16.21
2024-10-29,4.15,1.0,27.4,8.0,175.92,45.0,17.88,5.12,52.96,16.31
2024-10-30,0.0,0.0,19.34,7.0,300.5,36.0,0.26,0.08,228.52,18.67
2024-10-31,0.0,0.0,48.8,18.0,422.55,88.0,17.39,5.81,312.69,57.44
2024-11-01,3.83,2.0,64.92,16.0,861.68,142.0,9.36,3.15,550.17,78.35
2024-11-02,71.19,10.0,101.11,21.0,549.24,132.0,15.42,4.2,212.72,48.64
2024-11-03,0.0,0.0,0.0,0.0,0.0,0.0,0.0,0.0,0.0,0.0
2024-11-04,0.0,0.0,0.0,0.0,0.0,0.0,0.0,0.0,0.0,0.0
2024-11-05,0.0,0.0,0.0,0.0,0.0,0.0,0.0,0.0,0.0,0.0
2024-11-06,0.0,0.0,0.0,0.0,6.7,3.0,0.0,0.0,4.27,0.79
2024-11-07,0.4,1.0,7.82,5.0,475.84,76.0,2.05,1.34,6.65,2.99
2024-11-08,8.15,3.0,41.9,13.0,556.18,130.0,7.59,3.01,24.94,10.67
2024-11-09,3.18,3.0,43.57,12.0,411.37,82.0,10.86,2.9,17.23,5.75
2024-11-10,1.7,3.0,11.84,5.0,192.37,42.0,0.24,0.16,3.17,1.24
2024-11-11,0.0,0.0,4.32,1.0,364.46,88.0,0.0,0.0,0.46,0.18
2024-11-12,15.7,7.0,42.11,16.0,250.83,57.0,10.26,2.86,150.11,25.95
2024-11-13,5.37,6.0,26.75,14.0,89.03,41.0,5.44,3.97,17.34,8.51
2024-11-14,4.22,4.0,40.41,17.0,78.89,34.0,10.86,3.91,21.43,7.5
2024-11-15,8.36,6.0,23.69,9.0,255.23,46.0,4.95,1.59,199.44,27.78
2024-11-16,0.0,0.0,36.69,7.0,293.9,58.0,18.83,4.13,207.33,41.01
2024-11-17,7.97,2.0,23.08,7.0,86.41,25.0,6.77,2.32,48.15,12.13
2024-11-18,36.44,9.0,53.92,16.0,215.32,59.0,12.71,4.08,109.26,30.54
2024-11-19,7.42,4.0,85.03,27.0,324.09,96.0,21.7,7.2,159.16,39.01
2024-11-20,8.68,2.0,44.46,15.0,198.37,56.0,17.39,5.65,99.53,26.37
2024-11-21,9.3,4.0,33.91,13.0,207.31,47.0,17.65,4.55,110.07,15.83
2024-11-22,3.98,3.0,33.21,14.0,134.88,36.0,12.15,3.15,68.37,12.06
2024-11-23,7.51,4.0,161.89,44.0,370.91,99.0,30.22,8.69,63.39,17.28
2024-11-24,24.03,10.0,162.9,54.0,450.98,151.0,51.56,17.28,190.61,60.18
2024-11-25,4.87,3.0,46.56,12.0,124.67,38.0,15.93,4.91,41.03,12.26
2024-11-26,3.15,4.0,39.37,17.0,115.93,36.0,4.78,2.53,16.91,6.28
2024-11-27,5.28,4.0,52.35,18.0,109.2,37.0,16.69,6.67,46.48,16.02
2024-11-28,7.71,5.0,91.48,32.0,200.13,64.0,36.1,10.43,80.82,22.9
2024-11-29,41.58,16.0,115.12,45.0,242.23,87.0,59.99,23.46,138.32,47.89
2024-11-30,45.67,11.0,134.48,39.0,257.98,81.0,19.39,7.11,52.95,15.74
2024-12-01,13.71,7.0,51.02,16.0,146.99,44.0,10.48,3.12,30.52,7.7
2024-12-02,13.69,7.0,45.94,19.0,64.87,26.0,12.22,4.01,12.69,4.15
2024-12-03,37.28,12.0,46.5,16.0,115.9,33.0,15.83,6.04,29.46,9.44
2024-12-04,6.41,6.0,26.94,15.0,122.42,48.0,10.53,5.06,36.93,15.19
2024-12-05,12.59,6.0,102.55,28.0,263.7,70.0,17.08,3.15,39.06,8.69
2024-12-06,22.5,15.0,55.58,27.0,131.69,46.0,17.76,9.0,29.47,11.31
2024-12-07,11.11,3.0,67.79,24.0,188.62,64.0,29.11,11.82,83.93,35.69
2024-12-08,9.36,6.0,69.7,27.0,172.48,57.0,24.17,11.07,45.21,18.64
2024-12-09,12.4,8.0,73.62,26.0,123.61,44.0,57.02,17.3,74.11,22.15
2024-12-10,16.84,9.0,79.6,33.0,231.78,81.0,16.15,4.19,44.93,11.39
2024-12-11,22.75,8.0,156.8,44.0,296.63,85.0,22.71,5.96,50.06,11.69
2024-12-12,3.43,3.0,29.11,13.0,117.39,32.0,3.63,2.41,16.57,6.76
2024-12-13,46.34,12.0,58.26,17.0,135.33,36.0,14.26,4.16,21.57,7.24
2024-12-14,25.81,11.0,104.29,23.0,234.39,60.0,43.77,5.21,55.08,7.82
2024-12-15,60.27,22.0,222.2,81.0,390.53,141.0,35.57,12.61,61.78,22.16
2024-12-16,48.33,16.0,234.11,72.0,396.94,130.0,91.92,26.46,144.84,44.0
2024-12-17,37.52,11.0,144.84,38.0,220.84,59.0,26.04,7.27,52.84,12.89
2024-12-18,23.77,9.0,65.07,25.0,133.28,45.0,12.03,4.25,27.62,8.06
2024-12-19,7.83,2.0,31.96,6.0,93.18,25.0,8.41,2.12,45.6,12.7
2024-12-20,50.03,18.0,134.66,50.0,276.83,93.0,50.99,18.67,101.79,33.38
2024-12-21,38.65,17.0,161.72,54.0,359.41,129.0,64.03,15.93,120.13,34.46
2024-12-22,38.28,15.0,162.4,56.0,302.65,95.0,60.18,20.93,125.09,36.59
2024-12-23,0.0,0.0,9.51,4.0,9.51,4.0,9.46,3.98,9.46,3.98
2024-12-24,0.88,1.0,16.69,6.0,22.55,9.0,8.5,2.5,11.97,4.33
2024-12-25,21.1,12.0,130.66,43.0,282.04,85.0,28.4,10.54,70.74,20.92
2024-12-26,38.74,15.0,216.45,82.0,371.6,138.0,119.22,45.29,194.38,71.19
2024-12-27,0.0,0.0,0.0,0.0,0.0,0.0,0.0,0.0,0.0,0.0
2024-12-28,0.0,0.0,0.0,0.0,0.0,0.0,0.0,0.0,0.0,0.0
2024-12-29,0.0,0.0,0.0,0.0,0.0,0.0,0.0,0.0,0.0,0.0
2024-12-30,0.0,0.0,0.0,0.0,0.0,0.0,0.0,0.0,0.0,0.0
2024-12-31,0.0,0.0,2.37,1.0,4.21,2.0,1.26,0.53,1.26,0.53
2025-01-01,0.0,0.0,10.21,1.0,10.21,1.0,0.0,0.0,0.0,0.0
2025-01-02,0.0,0.0,0.0,0.0,0.0,0.0,0.0,0.0,0.0,0.0
2025-01-03,0.0,0.0,0.0,0.0,0.52,1.0,0.0,0.0,0.0,0.0
2025-01-04,0.0,0.0,13.32,4.0,15.32,5.0,0.0,0.0,0.0,0.0
2025-01-05,30.88,6.0,107.0,28.0,207.95,53.0,22.65,6.68,43.97,12.49
2025-01-06,5.51,2.0,36.14,11.0,66.38,20.0,2.71,0.68,10.58,3.06
2025-01-07,2.56,4.0,2.56,4.0,7.8,6.0,0.0,0.0,1.9,1.18
2025-01-08,18.59,8.0,67.06,22.0,90.25,31.0,14.86,4.99,25.6,7.94
2025-01-09,1.79,1.0,15.82,8.0,33.99,15.0,5.13,2.5,15.07,6.15
2025-01-10,3.13,1.0,7.44,3.0,51.33,15.0,0.65,0.26,18.92,6.26
2025-01-11,0.77,1.0,19.64,8.0,73.78,27.0,4.6,1.48,29.22,10.83
2025-01-12,2.25,2.0,2.25,2.0,2.25,2.0,0.0,0.0,0.0,0.0
2025-01-13,8.86,2.0,10.86,3.0,15.41,6.0,0.82,0.41,2.0,1.45
2025-01-14,0.97,1.0,2.87,2.0,18.22,7.0,0.8,0.42,7.98,3.15
2025-01-15,0.0,0.0,0.0,0.0,2.63,1.0,0.0,0.0,0.16,0.06
2025-01-16,1.34,2.0,1.77,3.0,3.98,4.0,0.78,1.39,0.92,1.46
2025-01-17,0.0,0.0,6.8,3.0,45.66,16.0,0.3,0.12,2.57,0.68
2025-01-18,3.08,3.0,7.27,4.0,7.27,4.0,0.0,0.0,0.0,0.0
2025-01-19,12.62,5.0,41.76,16.0,116.37,34.0,10.97,3.81,20.2,6.12
2025-01-20,10.44,5.0,40.39,15.0,90.35,30.0,12.47,5.18,15.56,6.29
2025-01-21,10.53,5.0,142.49,43.0,261.64,57.0,70.31,16.28,70.35,16.3
2025-01-22,42.62,16.0,130.62,51.0,242.37,90.0,20.07,8.27,29.72,10.5
2025-01-23,2.59,2.0,44.06,17.0,94.51,34.0,13.02,5.88,19.78,8.49
2025-01-24,8.05,3.0,67.74,18.0,142.22,39.0,3.35,1.14,30.57,4.15
2025-01-25,2.0,1.0,149.18,27.0,304.45,59.0,3.41,1.82,24.2,6.07
2025-01-26,23.37,9.0,123.53,25.0,211.16,50.0,11.26,2.95,17.65,4.64
2025-01-27,23.37,10.0,88.41,35.0,223.54,73.0,3.12,2.05,34.04,9.11
2025-01-28,11.42,3.0,69.07,21.0,158.71,47.0,7.55,1.93,22.74,6.31
2025-01-29,42.85,6.0,69.1,15.0,106.37,23.0,23.65,2.72,43.33,6.27
2025-01-30,5.04,3.0,68.88,21.0,191.53,50.0,4.28,1.19,35.11,8.99
2025-01-31,26.53,11.0,62.08,25.0,136.66,50.0,11.31,3.73,21.03,6.91
2025-02-01,29.48,15.0,147.49,48.0,307.52,98.0,80.13,25.04,186.09,57.46
2025-02-02,22.34,9.0,108.51,37.0,256.03,83.0,24.47,7.58,40.73,13.76
2025-02-03,10.44,4.0,55.01,13.0,211.22,42.0,29.98,5.45,105.2,19.55
2025-02-04,0.37,1.0,0.71,2.0,2.29,3.0,0.01,0.02,1.41,0.91
2025-02-05,3.57,4.0,129.02,18.0,212.26,32.0,61.07,5.67,76.91,9.28
2025-02-06,3.72,4.0,39.55,12.0,155.6,39.0,6.63,3.96,14.97,6.67
2025-02-07,44.11,6.0,100.37,23.0,242.09,49.0,15.4,2.8,28.92,5.55
2025-02-08,5.02,3.0,52.78,20.0,265.36,46.0,5.67,2.81,11.95,3.64
2025-02-09,17.64,7.0,74.16,24.0,145.34,49.0,36.84,9.1,52.71,12.76
2025-02-10,3.92,5.0,56.89,19.0,246.15,46.0,16.4,4.51,29.73,8.04
2025-02-11,25.73,10.0,69.42,21.0,183.44,50.0,23.92,7.07,36.88,10.48
2025-02-12,39.46,10.0,67.73,22.0,312.86,74.0,19.68,4.29,50.45,12.59
2025-02-13,6.8,4.0,42.84,14.0,124.04,37.0,18.01,5.8,35.62,10.56
2025-02-14,30.16,13.0,36.17,16.0,170.05,32.0,4.72,5.03,20.75,7.68
2025-02-15,2.27,3.0,38.28,11.0,78.9,24.0,11.05,2.89,36.37,11.94
2025-02-16,5.84,4.0,44.24,11.0,64.88,17.0,11.74,2.67,14.95,3.67
2025-02-17,7.53,4.0,46.88,15.0,108.26,34.0,13.85,6.06,34.13,15.51
2025-02-18,12.09,7.0,87.74,27.0,262.4,67.0,23.1,5.97,36.51,7.59
2025-02-19,0.95,1.0,14.28,4.0,36.25,8.0,1.45,0.39,1.45,0.39
2025-02-20,9.92,6.0,9.92,6.0,15.58,7.0,2.49,0.87,2.49,0.87
2025-02-21,1.64,2.0,85.53,12.0,112.34,20.0,36.73,3.57,42.18,5.6
2025-02-22,3.3,4.0,20.81,8.0,36.9,11.0,12.6,3.35,12.77,3.38
2025-02-23,15.84,6.0,50.01,23.0,235.88,67.0,10.1,3.74,33.99,11.1
2025-02-24,6.92,10.0,37.5,20.0,101.52,38.0,10.02,3.73,16.72,5.5
2025-02-25,8.09,2.0,31.71,10.0,59.64,22.0,4.28,1.4,8.47,3.07
2025-02-26,0.0,0.0,18.12,6.0,72.04,17.0,13.44,4.24,32.6,9.93
2025-02-27,0.0,0.0,0.0,0.0,0.0,0.0,0.0,0.0,0.0,0.0
2025-02-28,2.24,2.0,2.24,2.0,244.17,24.0,1.13,1.25,1.13,1.25
2025-03-01,0.0,0.0,0.0,0.0,15.58,5.0,0.0,0.0,10.33,2.75
2025-03-02,5.92,5.0,10.13,7.0,16.22,10.0,5.92,4.68,9.76,6.02
2025-03-03,0.57,1.0,22.25,4.0,54.11,16.0,0.81,0.97,1.03,1.12
2025-03-04,1.96,4.0,32.31,13.0,109.0,25.0,4.59,4.43,16.55,7.36
2025-03-05,30.92,14.0,60.53,21.0,286.36,39.0,37.07,10.5,55.8,14.04
2025-03-06,50.78,12.0,84.82,18.0,313.56,54.0,8.38,7.12,34.97,10.27
2025-03-07,15.4,7.0,28.85,9.0,61.17,22.0,18.78,5.4,24.55,8.28
2025-03-08,0.5,1.0,0.5,1.0,77.86,16.0,0.0,0.0,6.92,2.77
2025-03-09,14.93,3.0,18.11,4.0,41.09,9.0,12.48,2.66,20.79,4.23
2025-03-10,6.18,5.0,45.53,17.0,83.54,25.0,8.75,2.78,23.98,5.89
2025-03-11,5.02,6.0,10.22,9.0,23.5,16.0,5.44,3.44,14.85,8.02
2025-03-12,15.79,4.0,22.89,6.0,68.96,18.0,2.64,2.55,9.37,4.29
2025-03-13,0.53,1.0,7.85,5.0,375.08,28.0,3.7,2.04,113.95,7.47
2025-03-14,0.0,0.0,9.85,3.0,19.63,5.0,8.13,2.08,15.16,3.56
2025-03-15,3.93,5.0,4.68,7.0,4.68,7.0,1.29,2.72,1.29,2.72
2025-03-16,18.85,11.0,47.53,19.0,167.58,39.0,14.1,5.66,51.28,10.46
2025-03-17,1.15,1.0,6.85,3.0,58.51,17.0,0.0,0.0,8.15,2.27
2025-03-18,2.22,2.0,8.28,4.0,40.04,13.0,2.94,0.79,3.47,1.38
2025-03-19,39.3,6.0,46.64,10.0,89.46,22.0,37.59,5.52,47.97,8.55
2025-03-20,11.99,13.0,37.02,21.0,135.52,44.0,5.09,4.61,18.62,8.53
2025-03-21,36.47,7.0,53.88,13.0,149.71,39.0,28.38,4.48,39.83,7.87
2025-03-22,4.04,3.0,23.41,9.0,89.71,30.0,3.94,2.07,11.24,3.87
2025-03-23,1.91,3.0,75.02,12.0,133.94,27.0,0.39,0.64,0.43,0.69
2025-03-24,1.57,2.0,19.84,6.0,64.2,20.0,1.05,1.27,1.89,1.97
2025-03-25,1.7,2.0,8.85,5.0,70.81,18.0,1.27,1.11,29.19,6.73
2025-03-26,5.17,1.0,19.29,5.0,120.88,27.0,1.33,0.27,5.74,1.41
2025-03-27,1.29,1.0,31.73,9.0,142.54,39.0,1.85,1.01,4.83,2.18
2025-03-28,48.46,5.0,57.05,10.0,126.82,28.0,1.82,1.88,4.32,3.26
2025-03-29,3.47,5.0,4.27,6.0,49.9,21.0,1.39,2.58,1.53,2.79
2025-03-30,5.41,2.0,19.46,7.0,139.18,32.0,3.85,2.0,5.45,2.35
2025-03-31,0.89,1.0,2.28,2.0,80.84,23.0,0.81,0.91,2.12,1.98
2025-04-01,48.18,8.0,59.48,10.0,185.91,44.0,2.78,1.1,10.07,2.76
2025-04-02,27.67,3.0,39.57,8.0,173.92,33.0,6.73,2.76,22.22,5.83
2025-04-03,1.47,1.0,1.47,1.0,119.93,36.0,0.56,0.38,11.25,3.67
2025-04-04,0.0,0.0,39.6,11.0,285.93,63.0,5.98,2.47,7.43,2.73
2025-04-05,7.13,6.0,21.85,8.0,185.67,55.0,4.55,1.17,8.08,4.15
2025-04-06,7.28,4.0,8.71,6.0,107.45,38.0,1.0,1.47,2.22,1.65
2025-04-07,11.79,5.0,31.55,10.0,218.61,68.0,16.63,4.72,123.52,39.51
2025-04-08,14.81,3.0,26.42,7.0,61.04,14.0,5.05,1.16,7.75,1.76
2025-04-09,6.48,1.0,12.98,3.0,40.83,12.0,0.0,0.0,10.65,4.0
2025-04-10,0.0,0.0,0.0,0.0,12.77,4.0,0.0,0.0,8.07,1.35
2025-04-11,2.39,4.0,5.89,6.0,57.16,19.0,1.33,1.87,9.6,5.5
2025-04-12,0.89,2.0,10.85,6.0,32.67,15.0,2.81,1.39,14.79,5.76
2025-04-13,10.41,5.0,40.26,14.0,107.55,31.0,12.14,3.76,27.05,7.64
2025-04-14,1.96,2.0,32.79,9.0,451.99,47.0,7.68,1.65,27.84,6.63
2025-04-15,0.4,1.0,63.89,16.0,219.95,31.0,3.86,1.57,12.19,5.0
2025-04-16,1.33,3.0,89.16,20.0,491.33,79.0,33.1,6.17,103.83,17.53
2025-04-17,31.55,10.0,95.61,26.0,178.44,40.0,32.84,7.07,55.11,10.93
2025-04-18,6.05,2.0,108.43,24.0,137.04,32.0,12.15,5.18,18.14,7.28
2025-04-19,1.19,1.0,245.71,43.0,377.29,69.0,15.3,7.49,37.42,12.23
2025-04-20,10.61,3.0,183.03,37.0,257.71,58.0,8.6,2.22,16.39,3.95
2025-04-21,65.26,11.0,572.97,66.0,942.33,99.0,336.63,30.65,366.63,35.52
2025-04-22,100.27,19.0,449.45,61.0,948.46,135.0,174.95,21.76,220.51,27.16
2025-04-23,314.38,21.0,723.06,56.0,2490.09,163.0,382.06,21.32,1062.36,42.77
2025-04-24,337.3,22.0,1148.26,119.0,1720.55,228.0,593.91,63.76,749.69,87.78
2025-04-25,693.32,39.0,1950.12,197.0,3229.77,357.0,250.41,34.9,1087.58,119.08
2025-04-26,121.86,13.0,938.8,87.0,1601.92,198.0,629.13,53.98,634.07,55.94
2025-04-27,274.97,45.0,1630.47,264.0,2770.93,502.0,243.54,33.68,393.66,54.84
2025-04-28,131.58,21.0,624.47,102.0,1254.17,212.0,23.9,4.9,154.07,39.73
2025-04-29,189.92,40.0,805.34,168.0,1504.79,266.0,57.19,14.21,121.44,29.08
2025-04-30,233.28,55.0,683.26,164.0,1143.83,258.0,46.75,14.41,87.15,26.2
2025-05-01,296.02,24.0,686.24,92.0,1672.99,221.0,27.35,7.44,135.15,29.67
2025-05-02,0.46,1.0,0.46,1.0,0.46,1.0,0.29,0.62,0.29,0.62
2025-05-03,16.25,6.0,81.98,16.0,251.82,54.0,0.0,0.0,7.34,1.56
2025-05-04,54.64,12.0,563.13,105.0,1274.45,263.0,0.0,0.0,3.54,0.97
2025-05-05,0.85,1.0,26.9,7.0,69.93,22.0,2.03,0.54,2.06,0.68
2025-05-06,42.7,10.0,194.31,42.0,653.16,130.0,10.46,2.19,132.73,18.68
2025-05-07,63.58,15.0,261.66,44.0,1941.72,252.0,5.1,2.2,65.37,13.28
2025-05-08,201.97,53.0,525.42,131.0,1624.58,333.0,23.27,6.7,221.98,45.76
2025-05-09,114.93,14.0,234.78,34.0,703.85,116.0,6.45,2.28,136.76,20.33
2025-05-10,40.09,9.0,97.0,16.0,713.04,123.0,2.45,0.78,154.79,32.23
2025-05-11,94.01,16.0,684.13,145.0,2796.44,556.0,476.58,103.03,2202.04,442.11
2025-05-12,57.93,17.0,1005.59,105.0,2335.56,369.0,243.35,42.38,738.77,128.4
2025-05-13,65.99,11.0,603.24,87.0,2145.26,339.0,353.64,49.17,1109.69,168.15
2025-05-14,3.82,3.0,77.1,14.0,903.69,133.0,67.57,11.44,672.08,92.57
2025-05-15,13.71,6.0,311.05,63.0,1561.37,262.0,192.29,39.58,871.75,142.9
2025-05-16,23.82,9.0,255.6,76.0,931.07,229.0,5.47,2.75,13.31,5.63
2025-05-17,18.64,5.0,205.12,28.0,905.35,144.0,147.03,19.67,652.96,86.17
2025-05-18,35.35,9.0,499.56,65.0,1604.31,190.0,20.59,7.36,48.9,14.61
2025-05-19,8.56,4.0,24.83,7.0,257.24,59.0,1.44,0.91,108.41,23.55
2025-05-20,10.12,2.0,139.31,20.0,544.06,78.0,1.8,0.6,9.11,2.21
2025-05-21,0.0,0.0,29.71,13.0,175.84,55.0,0.0,0.0,16.17,4.82
2025-05-22,3.19,2.0,11.04,6.0,74.8,24.0,0.0,0.0,0.0,0.0
2025-05-23,6.33,2.0,92.18,24.0,277.79,64.0,0.0,0.0,6.94,1.8
2025-05-24,7.37,3.0,35.47,12.0,230.44,58.0,1.01,0.48,19.53,6.25
2025-05-25,1.21,1.0,8.36,3.0,8.36,3.0,0.0,0.0,0.0,0.0
2025-05-26,0.0,0.0,1.62,1.0,4.42,3.0,0.17,0.1,1.66,1.05
2025-05-27,1.08,1.0,3.13,2.0,53.3,8.0,0.9,0.83,0.9,0.83
2025-05-28,0.0,0.0,12.74,3.0,31.94,9.0,0.0,0.0,2.65,0.86
2025-05-29,26.13,7.0,32.01,9.0,87.94,19.0,0.0,0.0,0.05,0.01
2025-05-30,0.98,1.0,0.98,1.0,0.98,1.0,0.0,0.0,0.0,0.0
2025-05-31,0.0,0.0,10.64,4.0,45.4,10.0,1.29,0.58,1.29,0.58
2025-06-01,0.0,0.0,0.0,0.0,30.85,13.0,0.0,0.0,1.48,0.79
2025-06-02,0.0,0.0,20.09,2.0,62.1,12.0,0.11,0.01,0.12,0.02
2025-06-03,0.0,0.0,27.38,3.0,58.76,9.0,1.4,0.09,5.05,1.78
2025-06-04,0.0,0.0,6.19,1.0,15.01,3.0,4.49,0.73,4.49,0.73
2025-06-05,0.0,0.0,4.13,1.0,22.1,5.0,0.0,0.0,0.0,0.0
2025-06-06,5.71,2.0,8.73,3.0,26.16,9.0,0.04,0.01,10.12,1.79
2025-06-07,0.81,1.0,0.81,1.0,28.98,9.0,0.0,0.0,2.66,0.73
2025-06-08,0.0,0.0,0.0,0.0,28.22,4.0,0.0,0.0,11.71,1.45
2025-06-09,3.96,3.0,8.53,4.0,62.24,14.0,3.61,2.74,15.08,5.02
2025-06-10,1.0,1.0,1.0,1.0,75.73,10.0,0.0,0.0,6.86,2.07
2025-06-11,2.85,2.0,43.99,6.0,89.43,17.0,0.0,0.0,2.46,0.58
2025-06-12,0.0,0.0,0.0,0.0,39.39,7.0,0.0,0.0,8.9,1.56
2025-06-13,0.0,0.0,13.31,3.0,53.91,10.0,0.0,0.0,4.04,0.91
2025-06-14,5.0,1.0,5.0,1.0,105.22,17.0,0.0,0.0,16.31,3.87
2025-06-15,0.0,0.0,0.0,0.0,0.0,0.0,0.0,0.0,0.0,0.0
2025-06-16,3.04,1.0,3.04,1.0,9.88,4.0,0.0,0.0,0.01,0.01
2025-06-17,0.0,0.0,0.0,0.0,0.0,0.0,0.0,0.0,0.0,0.0
2025-06-18,0.0,0.0,0.0,0.0,0.0,0.0,0.0,0.0,0.0,0.0
2025-06-19,0.0,0.0,5.31,2.0,12.72,4.0,0.0,0.0,0.0,0.0
2025-06-20,3.65,2.0,3.65,2.0,3.65,2.0,0.17,0.11,0.17,0.11
2025-06-21,7.55,3.0,10.89,4.0,10.89,4.0,0.0,0.0,0.0,0.0
2025-06-22,0.0,0.0,0.0,0.0,0.42,1.0,0.0,0.0,0.05,0.12
2025-06-23,0.0,0.0,0.0,0.0,2.85,1.0,0.0,0.0,0.0,0.0
2025-06-24,0.0,0.0,0.0,0.0,5.94,1.0,0.0,0.0,2.1,0.35
2025-06-25,0.0,0.0,0.0,0.0,0.0,0.0,0.0,0.0,0.0,0.0
2025-06-26,0.38,1.0,0.38,1.0,4.32,2.0,0.0,0.0,0.0,0.0
2025-06-27,0.0,0.0,2.03,1.0,10.39,2.0,0.0,0.0,8.22,0.98
2025-06-28,0.0,0.0,0.0,0.0,5.83,1.0,0.0,0.0,4.67,0.8
2025-06-29,0.0,0.0,0.0,0.0,0.0,0.0,0.0,0.0,0.0,0.0
2025-06-30,0.0,0.0,1.22,1.0,1.22,1.0,0.0,0.0,0.0,0.0
2025-07-01,1.71,1.0,1.71,1.0,3.69,2.0,0.0,0.0,0.04,0.02
2025-07-02,0.81,1.0,0.81,1.0,5.12,2.0,0.07,0.08,0.07,0.08
2025-07-03,0.0,0.0,5.28,1.0,5.28,1.0,0.0,0.0,0.0,0.0
2025-07-04,0.0,0.0,0.0,0.0,0.0,0.0,0.0,0.0,0.0,0.0
2025-07-05,0.0,0.0,0.0,0.0,0.0,0.0,0.0,0.0,0.0,0.0
2025-07-06,0.0,0.0,0.0,0.0,0.0,0.0,0.0,0.0,0.0,0.0
2025-07-07,0.0,0.0,0.0,0.0,0.0,0.0,0.0,0.0,0.0,0.0
2025-07-08,0.0,0.0,0.0,0.0,0.0,0.0,0.0,0.0,0.0,0.0
2025-07-09,0.0,0.0,0.0,0.0,0.0,0.0,0.0,0.0,0.0,0.0
2025-07-10,0.0,0.0,0.0,0.0,0.0,0.0,0.0,0.0,0.0,0.0
2025-07-11,0.0,0.0,0.0,0.0,0.0,0.0,0.0,0.0,0.0,0.0
2025-07-12,0.0,0.0,0.0,0.0,0.0,0.0,0.0,0.0,0.0,0.0
2025-07-13,0.0,0.0,5.25,1.0,5.25,1.0,1.83,0.35,1.83,0.35
2025-07-14,0.0,0.0,0.0,0.0,0.0,0.0,0.0,0.0,0.0,0.0
2025-07-15,0.0,0.0,0.0,0.0,0.0,0.0,0.0,0.0,0.0,0.0
2025-07-16,0.0,0.0,5.43,1.0,5.43,1.0,0.05,0.01,0.05,0.01
2025-07-17,0.0,0.0,0.0,0.0,0.0,0.0,0.0,0.0,0.0,0.0
2025-07-18,0.0,0.0,0.0,0.0,0.0,0.0,0.0,0.0,0.0,0.0
2025-07-19,0.39,1.0,0.39,1.0,0.39,1.0,0.02,0.04,0.02,0.04
2025-07-20,0.0,0.0,0.0,0.0,0.0,0.0,0.0,0.0,0.0,0.0
2025-07-21,0.0,0.0,0.0,0.0,0.0,0.0,0.0,0.0,0.0,0.0
2025-07-22,0.0,0.0,0.0,0.0,2.31,1.0,0.0,0.0,1.14,0.49
2025-07-23,0.0,0.0,0.0,0.0,0.0,0.0,0.0,0.0,0.0,0.0
2025-07-24,0.0,0.0,0.0,0.0,0.0,0.0,0.0,0.0,0.0,0.0
2025-07-25,0.0,0.0,0.0,0.0,0.0,0.0,0.0,0.0,0.0,0.0
2025-07-26,0.95,1.0,0.95,1.0,0.95,1.0,0.0,0.0,0.0,0.0
2025-07-27,0.0,0.0,3.39,1.0,3.39,1.0,0.0,0.0,0.0,0.0
2025-07-28,2.35,1.0,2.35,1.0,2.35,1.0,0.0,0.0,0.0,0.0
2025-07-29,0.0,0.0,0.0,0.0,0.0,0.0,0.0,0.0,0.0,0.0
2025-07-30,0.0,0.0,0.0,0.0,0.0,0.0,0.0,0.0,0.0,0.0
2025-07-31,0.0,0.0,0.0,0.0,0.0,0.0,0.0,0.0,0.0,0.0
2025-08-01,0.0,0.0,1.98,1.0,1.98,1.0,1.97,0.99,1.97,0.99
2025-08-02,0.0,0.0,0.0,0.0,0.0,0.0,0.0,0.0,0.0,0.0
2025-08-03,0.0,0.0,0.0,0.0,0.0,0.0,0.0,0.0,0.0,0.0
2025-08-04,0.0,0.0,0.0,0.0,0.0,0.0,0.0,0.0,0.0,0.0
2025-08-05,0.0,0.0,0.0,0.0,0.0,0.0,0.0,0.0,0.0,0.0
2025-08-06,2.78,2.0,2.78,2.0,2.78,2.0,1.36,0.73,1.36,0.73
2025-08-07,2.99,2.0,2.99,2.0,2.99,2.0,0.94,0.99,0.94,0.99
2025-08-08,0.0,0.0,0.0,0.0,0.0,0.0,0.0,0.0,0.0,0.0
2025-08-09,0.0,0.0,0.0,0.0,4.36,1.0,0.0,0.0,0.0,0.0
2025-08-10,0.0,0.0,0.0,0.0,0.0,0.0,0.0,0.0,0.0,0.0
2025-08-11,0.0,0.0,0.0,0.0,0.0,0.0,0.0,0.0,0.0,0.0
2025-08-12,0.0,0.0,0.0,0.0,0.0,0.0,0.0,0.0,0.0,0.0
2025-08-13,0.0,0.0,0.0,0.0,0.0,0.0,0.0,0.0,0.0,0.0
2025-08-14,0.0,0.0,0.0,0.0,0.0,0.0,0.0,0.0,0.0,0.0
2025-08-15,0.0,0.0,0.0,0.0,0.0,0.0,0.0,0.0,0.0,0.0
2025-08-16,0.0,0.0,0.0,0.0,0.0,0.0,0.0,0.0,0.0,0.0
2025-08-17,0.61,1.0,0.61,1.0,0.61,1.0,0.0,0.0,0.0,0.0
2025-08-18,5.46,1.0,5.46,1.0,5.46,1.0,0.07,0.01,0.07,0.01
2025-08-19,0.0,0.0,0.0,0.0,0.0,0.0,0.0,0.0,0.0,0.0
2025-08-20,0.65,1.0,0.65,1.0,3.25,2.0,0.0,0.0,0.0,0.0
2025-08-21,0.0,0.0,1.42,1.0,1.42,1.0,0.0,0.0,0.0,0.0
2025-08-22,0.0,0.0,0.0,0.0,0.0,0.0,0.0,0.0,0.0,0.0
2025-08-23,0.0,0.0,0.0,0.0,0.0,0.0,0.0,0.0,0.0,0.0
2025-08-24,0.0,0.0,0.0,0.0,0.0,0.0,0.0,0.0,0.0,0.0
2025-08-25,0.0,0.0,0.0,0.0,0.0,0.0,0.0,0.0,0.0,0.0
2025-08-26,0.0,0.0,0.0,0.0,0.0,0.0,0.0,0.0,0.0,0.0
2025-08-27,0.0,0.0,0.0,0.0,0.0,0.0,0.0,0.0,0.0,0.0
2025-08-28,1.15,1.0,1.15,1.0,1.15,1.0,0.32,0.27,0.32,0.27
2025-08-29,6.71,3.0,6.71,3.0,6.71,3.0,0.0,0.0,0.0,0.0
2025-08-30,1.21,2.0,3.14,3.0,3.14,3.0,0.03,0.07,0.03,0.07
2025-08-31,0.0,0.0,2.34,1.0,2.34,1.0,0.0,0.0,0.0,0.0
2025-09-01,0.0,0.0,0.0,0.0,0.0,0.0,0.0,0.0,0.0,0.0
2025-09-02,0.0,0.0,0.0,0.0,0.0,0.0,0.0,0.0,0.0,0.0
2025-09-03,0.0,0.0,0.0,0.0,0.0,0.0,0.0,0.0,0.0,0.0
2025-09-04,1.37,2.0,1.37,2.0,1.37,2.0,0.07,0.13,0.07,0.13
2025-09-05,0.0,0.0,0.0,0.0,0.0,0.0,0.0,0.0,0.0,0.0
2025-09-06,0.0,0.0,0.0,0.0,0.0,0.0,0.0,0.0,0.0,0.0
2025-09-07,2.58,3.0,2.58,3.0,2.58,3.0,0.07,0.08,0.07,0.08
2025-09-08,7.95,3.0,10.26,4.0,14.66,5.0,6.56,1.09,6.56,1.09
2025-09-09,0.0,0.0,0.0,0.0,0.0,0.0,0.0,0.0,0.0,0.0
2025-09-10,0.0,0.0,1.28,1.0,1.28,1.0,0.55,0.43,0.55,0.43
2025-09-11,1.52,1.0,1.52,1.0,1.52,1.0,1.3,0.86,1.3,0.86
2025-09-12,3.09,2.0,6.13,3.0,9.37,4.0,0.73,0.24,1.16,0.37
2025-09-13,1.78,1.0,3.3,2.0,3.3,2.0,2.33,1.36,2.33,1.36
2025-09-14,0.64,1.0,10.83,4.0,10.83,4.0,1.15,0.88,1.15,0.88
2025-09-15,1.26,1.0,1.26,1.0,36.13,6.0,1.2,0.95,25.04,4.37
2025-09-16,0.0,0.0,0.0,0.0,12.87,3.0,0.0,0.0,1.26,0.37
2025-09-17,0.0,0.0,0.0,0.0,12.4,2.0,0.0,0.0,0.0,0.0
2025-09-18,1.25,3.0,1.25,3.0,10.33,6.0,0.0,0.0,0.0,0.0
2025-09-19,0.29,1.0,0.29,1.0,2.62,2.0,0.25,0.87,0.25,0.87
2025-09-20,0.0,0.0,0.0,0.0,0.0,0.0,0.0,0.0,0.0,0.0
2025-09-21,0.0,0.0,14.88,3.0,22.45,5.0,1.76,0.29,6.77,1.63
2025-09-22,2.08,1.0,6.04,4.0,6.04,4.0,1.69,0.81,1.69,0.81
2025-09-23,0.83,1.0,15.3,4.0,27.52,8.0,1.02,0.18,9.13,2.75
2025-09-24,3.17,2.0,11.35,6.0,28.75,13.0,0.63,0.23,5.37,2.24
2025-09-25,6.86,2.0,10.64,3.0,15.22,5.0,5.6,1.96,9.98,3.88
2025-09-26,0.0,0.0,25.31,6.0,48.25,11.0,0.46,0.13,1.61,0.34
2025-09-27,0.0,0.0,0.0,0.0,5.07,2.0,0.0,0.0,1.44,0.57
2025-09-28,0.0,0.0,21.21,5.0,64.27,13.0,5.99,1.5,11.65,2.95
2025-09-29,0.0,0.0,27.55,8.0,63.66,20.0,12.01,3.19,24.5,7.2
2025-09-30,0.0,0.0,0.0,0.0,5.74,2.0,0.0,0.0,5.13,1.73
2025-10-01,1.32,2.0,3.38,3.0,6.62,4.0,0.0,0.0,0.0,0.0
2025-10-02,7.55,3.0,7.55,3.0,17.93,5.0,3.43,1.37,3.43,1.37
2025-10-03,0.0,0.0,0.0,0.0,5.27,1.0,0.0,0.0,0.0,0.0
2025-10-04,7.66,5.0,13.9,8.0,60.65,20.0,1.56,1.62,8.97,4.17
2025-10-05,5.86,2.0,50.21,16.0,158.27,52.0,3.23,0.8,22.1,7.39
2025-10-06,0.0,0.0,0.0,0.0,0.0,0.0,0.0,0.0,0.0,0.0
2025-10-07,0.0,0.0,36.01,7.0,36.01,7.0,0.0,0.0,0.0,0.0
2025-10-08,6.0,8.0,6.0,8.0,6.0,8.0,3.45,3.95,3.45,3.95
2025-10-09,2.91,5.0,3.36,6.0,7.64,8.0,1.93,2.97,6.19,4.96
2025-10-10,0.28,1.0,4.63,3.0,23.39,10.0,0.92,0.94,4.69,2.89
2025-10-11,1.72,2.0,11.87,6.0,26.82,10.0,3.43,3.23,3.43,3.23
2025-10-12,2.49,3.0,8.54,6.0,57.98,16.0,5.86,4.22,22.94,9.65
2025-10-13,1.89,2.0,24.83,9.0,33.71,13.0,3.71,2.48,9.22,5.41
2025-10-14,1.07,3.0,9.25,9.0,50.69,19.0,0.81,2.11,19.97,7.19
2025-10-15,5.44,5.0,23.7,12.0,93.42,32.0,4.71,3.26,16.05,9.15
2025-10-16,4.36,2.0,28.66,9.0,320.15,64.0,1.8,1.28,34.7,8.06
2025-10-17,3.04,2.0,20.51,5.0,63.36,13.0,0.0,0.0,24.4,2.84
2025-10-18,0.0,0.0,3.13,1.0,29.05,8.0,0.0,0.0,15.38,2.77
2025-10-19,0.65,1.0,14.99,5.0,125.58,30.0,0.0,0.0,40.69,9.4
2025-10-20,1.49,2.0,60.94,16.0,367.35,90.0,1.07,0.99,44.57,9.14
2025-10-21,4.69,1.0,11.69,3.0,205.5,58.0,4.61,0.98,35.37,9.7
2025-10-22,2.42,1.0,28.06,8.0,140.33,36.0,5.25,3.27,14.32,5.94
2025-10-23,1.15,1.0,1.15,1.0,57.44,14.0,0.78,0.68,23.4,3.73
2025-10-24,0.0,0.0,7.62,2.0,42.48,10.0,0.0,0.0,7.24,0.84
2025-10-25,0.76,1.0,24.99,8.0,88.68,29.0,4.98,1.5,20.46,5.85
2025-10-26,4.4,4.0,24.86,12.0,308.09,87.0,7.28,2.78,82.53,29.46
2025-10-27,0.0,0.0,0.0,0.0,87.95,17.0,0.0,0.0,0.0,0.0
2025-10-28,0.0,0.0,0.0,0.0,17.88,2.0,0.0,0.0,0.0,0.0
2025-10-29,0.0,0.0,0.0,0.0,171.9,33.0,0.0,0.0,87.72,19.19
2025-10-30,0.91,1.0,0.91,1.0,132.28,18.0,0.0,0.0,0.0,0.0
2025-10-31,4.1,3.0,18.89,5.0,235.8,57.0,3.01,1.85,148.35,34.6
2025-11-01,5.46,4.0,15.06,8.0,254.5,52.0,0.0,0.0,123.63,20.99
2025-11-02,0.57,1.0,7.33,3.0,127.34,33.0,0.0,0.0,48.03,10.91
2025-11-03,0.0,0.0,46.03,8.0,210.99,41.0,4.75,1.99,88.07,19.01
2025-11-04,3.21,2.0,21.35,7.0,135.4,23.0,0.0,0.0,0.0,0.0
2025-11-05,16.08,12.0,64.23,25.0,196.37,63.0,22.24,11.69,62.21,22.88
2025-11-06,2.24,1.0,51.53,16.0,272.6,80.0,35.64,9.01,117.42,36.02
2025-11-07,12.77,5.0,84.04,24.0,192.56,52.0,58.84,15.78,125.05,33.04
2025-11-08,7.53,6.0,21.44,8.0,363.19,70.0,8.49,4.78,289.92,51.96
2025-11-09,3.01,5.0,83.49,22.0,488.57,92.0,66.86,13.24,392.7,64.25
2025-11-10,15.15,6.0,76.2,21.0,364.63,81.0,47.18,13.16,282.03,56.85
2025-11-11,13.71,4.0,119.65,36.0,403.79,113.0,72.3,21.84,264.97,69.12
2025-11-12,2.12,2.0,2.12,2.0,5.71,5.0,0.0,0.0,0.0,0.0
2025-11-13,13.31,7.0,40.77,13.0,120.78,31.0,7.52,2.64,70.33,16.1
2025-11-14,0.54,1.0,57.58,16.0,140.22,39.0,39.81,10.59,93.73,23.99
2025-11-15,9.75,6.0,94.33,32.0,293.4,67.0,49.81,15.97,142.3,33.98
2025-11-16,29.59,12.0,111.2,44.0,265.23,78.0,62.79,24.46,151.36,40.42
2025-11-17,22.02,12.0,91.85,34.0,154.61,54.0,35.41,10.89,49.31,16.35
2025-11-18,1.38,3.0,36.65,13.0,90.02,35.0,9.26,2.85,37.41,13.82
2025-11-19,0.0,0.0,21.37,6.0,52.35,13.0,5.16,1.85,23.88,6.1
2025-11-20,3.44,2.0,50.51,16.0,67.19,25.0,22.27,6.13,24.58,7.37
2025-11-21,8.97,5.0,110.37,34.0,127.04,41.0,28.79,6.8,33.98,8.67
2025-11-22,15.33,12.0,104.15,40.0,177.71,69.0,36.7,12.91,55.38,19.9
2025-11-23,12.25,10.0,72.2,30.0,120.84,45.0,16.02,10.03,21.66,12.01
2025-11-24,3.91,5.0,26.01,12.0,115.16,32.0,3.87,3.61,62.18,13.7
2025-11-25,18.13,13.0,36.1,20.0,73.08,35.0,6.56,3.96,14.27,6.8
2025-11-26,33.72,11.0,96.15,29.0,196.63,58.0,57.44,15.49,76.48,21.06
2025-11-27,24.14,16.0,105.87,47.0,246.5,96.0,41.67,17.67,102.22,39.18
2025-11-28,0.66,1.0,15.49,5.0,49.91,15.0,1.89,0.54,4.09,1.21
2025-11-29,17.8,6.0,37.61,11.0,51.72,15.0,10.91,4.22,11.63,4.55
2025-11-30,6.19,4.0,24.18,12.0,516.54,33.0,14.8,7.35,330.2,16.55
2025-12-01,15.94,9.0,81.33,24.0,135.47,42.0,29.47,9.28,54.51,17.5
2025-12-02,20.03,11.0,138.3,54.0,207.4,84.0,62.94,21.97,89.37,34.24
2025-12-03,21.03,10.0,85.46,33.0,215.69,77.0,11.87,5.08,24.9,8.88
2025-12-04,12.58,7.0,29.01,11.0,57.89,19.0,5.22,1.6,5.29,1.69
2025-12-05,26.25,10.0,70.55,26.0,87.65,31.0,5.54,2.96,7.41,3.6
2025-12-06,21.88,10.0,62.48,20.0,93.26,30.0,11.18,4.23,13.67,5.22
2025-12-07,21.06,9.0,118.68,39.0,207.5,63.0,5.23,2.67,9.89,4.32
2025-12-08,1.62,3.0,65.72,32.0,140.96,63.0,2.25,2.93,10.79,7.58
2025-12-09,10.09,8.0,35.62,18.0,97.46,37.0,6.32,2.48,27.84,6.82
2025-12-10,15.61,9.0,66.43,29.0,99.16,39.0,5.54,4.25,13.22,5.59
2025-12-11,12.42,11.0,58.25,29.0,101.21,46.0,6.85,2.84,12.08,4.91
2025-12-12,10.6,7.0,88.59,29.0,126.5,41.0,40.38,12.24,50.25,15.37
2025-12-13,14.12,6.0,75.51,28.0,133.53,53.0,17.62,7.84,68.0,29.56
2025-12-14,12.42,3.0,44.65,13.0,61.1,19.0,32.12,9.67,33.21,10.1
2025-12-15,8.4,9.0,42.24,20.0,43.12,21.0,3.13,4.34,3.13,4.34
2025-12-16,13.1,8.0,65.82,22.0,94.98,32.0,13.8,4.39,19.26,6.82
2025-12-17,11.27,5.0,58.9,22.0,70.84,25.0,8.15,2.47,12.67,3.69
2025-12-18,3.52,1.0,19.34,7.0,51.54,20.0,1.81,0.7,5.18,2.11
2025-12-19,0.41,1.0,0.41,1.0,16.15,4.0,0.0,0.0,13.35,2.57
2025-12-20,0.0,0.0,3.77,1.0,9.16,4.0,0.0,0.0,1.57,0.9
2025-12-21,0.0,0.0,0.0,0.0,0.75,1.0,0.0,0.0,0.15,0.2
2025-12-22,6.5,4.0,16.83,7.0,30.26,11.0,7.3,2.64,12.34,3.94
2025-12-23,27.76,16.0,98.59,40.0,150.89,51.0,19.7,8.16,34.35,11.51
2025-12-24,13.69,7.0,66.28,30.0,163.36,52.0,6.26,2.6,18.75,4.5
2025-12-25,11.06,3.0,19.57,6.0,26.41,9.0,5.2,1.77,5.25,1.79
2025-12-26,3.75,2.0,10.76,5.0,30.54,12.0,4.62,2.06,10.75,4.77
2025-12-27,32.2,9.0,51.85,18.0,67.99,25.0,4.9,2.15,6.11,3.24
2025-12-28,14.7,3.0,34.3,10.0,80.27,22.0,14.97,5.04,28.68,9.32
2025-12-29,0.0,0.0,18.32,8.0,45.5,19.0,0.72,0.26,7.22,2.6
2025-12-30,2.13,2.0,26.1,9.0,39.48,12.0,0.24,0.06,0.24,0.06
2025-12-31,0.0,0.0,3.53,1.0,6.51,2.0,0.26,0.07,3.23,1.07
2026-01-01,0.0,0.0,0.0,0.0,0.0,0.0,0.0,0.0,0.0,0.0
2026-01-02,0.65,1.0,0.65,1.0,0.65,1.0,0.0,0.0,0.0,0.0
2026-01-03,1.43,2.0,5.87,3.0,8.94,5.0,0.0,0.0,0.43,0.22
2026-01-04,6.67,4.0,15.87,8.0,32.8,13.0,0.0,0.0,0.38,0.1
2026-01-05,0.51,1.0,29.36,6.0,55.4,9.0,2.26,0.38,2.65,0.53
2026-01-06,0.0,0.0,2.71,1.0,2.71,1.0,0.0,0.0,0.0,0.0
2026-01-07,2.67,1.0,5.69,2.0,13.46,5.0,2.52,0.83,3.46,1.19
2026-01-08,27.33,10.0,100.91,22.0,109.25,25.0,41.35,7.85,45.07,8.79
2026-01-09,4.93,3.0,36.04,14.0,44.63,17.0,15.78,5.45,17.18,5.92
2026-01-10,20.07,8.0,58.72,20.0,89.14,28.0,3.04,1.48,4.28,2.27
2026-01-11,2.74,2.0,8.93,5.0,28.61,11.0,0.03,0.02,0.03,0.02
2026-01-12,13.92,4.0,54.6,18.0,89.5,28.0,29.83,8.23,34.21,10.46
2026-01-13,1.27,2.0,40.28,12.0,100.03,27.0,13.45,4.94,13.79,5.14
2026-01-14,17.82,8.0,49.37,19.0,66.11,26.0,7.53,2.17,10.2,3.62
2026-01-15,6.29,2.0,14.46,5.0,16.66,6.0,1.13,0.38,1.13,0.38
2026-01-16,0.0,0.0,3.51,1.0,4.27,2.0,0.0,0.0,0.04,0.06
2026-01-17,1.18,1.0,3.03,2.0,17.28,5.0,2.25,1.48,7.08,2.46
2026-01-18,12.39,5.0,39.96,15.0,89.85,27.0,10.93,3.5,36.2,9.27
2026-01-19,33.65,8.0,94.92,28.0,194.36,63.0,39.61,13.65,75.56,27.26
2026-01-20,18.59,10.0,61.93,22.0,180.53,62.0,24.7,7.07,34.68,10.23
2026-01-21,6.08,6.0,43.8,18.0,117.47,38.0,9.52,3.55,30.7,12.46
2026-01-22,4.33,2.0,53.0,14.0,149.2,36.0,17.24,3.19,29.44,6.66
2026-01-23,0.0,0.0,0.0,0.0,0.0,0.0,0.0,0.0,0.0,0.0
2026-01-24,0.0,0.0,0.0,0.0,0.0,0.0,0.0,0.0,0.0,0.0
2026-01-25,3.45,3.0,10.45,6.0,54.85,16.0,0.52,0.26,12.78,0.98
2026-01-26,2.95,1.0,44.49,13.0,89.41,21.0,12.42,3.38,29.3,6.09
2026-01-27,0.0,0.0,0.0,0.0,0.0,0.0,0.0,0.0,0.0,0.0
2026-01-28,2.17,2.0,2.17,2.0,9.7,4.0,0.0,0.0,0.31,0.04
2026-01-29,4.09,6.0,7.88,8.0,10.2,9.0,3.02,2.37,3.13,2.41
2026-01-30,10.12,8.0,49.95,16.0,61.81,21.0,21.29,5.66,23.55,6.36
2026-01-31,0.0,0.0,6.43,1.0,12.58,3.0,0.0,0.0,0.0,0.0
2026-02-01,0.63,1.0,3.2,2.0,3.2,2.0,0.45,0.71,0.45,0.71
2026-02-02,0.0,0.0,0.0,0.0,14.33,3.0,0.0,0.0,1.55,0.47
2026-02-03,0.94,1.0,6.62,3.0,30.07,7.0,5.67,2.66,14.27,3.27
2026-02-04,37.6,15.0,77.17,29.0,120.75,39.0,12.82,9.81,40.13,15.15
2026-02-05,21.98,8.0,120.44,39.0,247.84,70.0,50.27,12.52,59.53,15.54
2026-02-06,4.92,2.0,75.12,15.0,129.79,31.0,8.9,2.91,9.27,3.15
2026-02-07,0.0,0.0,23.93,7.0,117.23,28.0,10.22,2.77,54.1,9.72
2026-02-08,16.3,4.0,66.11,16.0,164.89,36.0,14.75,3.84,20.3,5.38
2026-02-09,19.86,11.0,57.7,28.0,115.24,43.0,29.52,11.79,55.25,18.28
2026-02-10,29.77,8.0,135.01,34.0,149.03,40.0,44.19,11.8,49.69,14.69
2026-02-11,31.79,14.0,71.82,23.0,174.66,39.0,31.22,7.47,41.07,10.24
2026-02-12,3.65,1.0,14.58,5.0,41.58,14.0,8.22,2.83,8.31,2.86
2026-02-13,9.27,4.0,37.3,14.0,154.88,25.0,7.98,2.42,40.67,4.01
2026-02-14,1.69,4.0,43.36,15.0,337.03,47.0,4.86,3.67,121.19,11.95
2026-02-15,7.23,7.0,64.06,25.0,282.59,79.0,30.95,10.17,148.88,34.27
2026-02-16,10.82,7.0,65.54,21.0,155.28,47.0,21.32,5.44,42.16,12.65
2026-02-17,8.97,3.0,35.51,8.0,128.12,32.0,17.17,3.24,39.13,8.3
2026-02-18,0.0,0.0,0.0,0.0,0.0,0.0,0.0,0.0,0.0,0.0
2026-02-19,9.17,9.0,27.76,15.0,55.71,23.0,6.06,2.7,18.15,5.84
2026-02-20,3.35,3.0,38.84,11.0,123.8,30.0,9.95,2.0,21.31,5.67
2026-02-21,14.05,6.0,36.02,14.0,194.6,55.0,7.02,2.75,25.09,6.24
2026-02-22,10.53,7.0,41.72,14.0,134.64,33.0,16.26,6.43,22.28,9.03
2026-02-23,2.69,3.0,96.75,16.0,203.83,30.0,58.19,6.76,129.27,12.3
2026-02-24,7.26,7.0,48.47,13.0,284.56,33.0,19.09,5.41,135.37,11.71
2026-02-25,19.77,6.0,46.75,14.0,208.95,34.0,18.59,6.95,59.09,12.13
2026-02-26,35.87,11.0,62.88,17.0,106.13,29.0,9.79,6.9,28.8,11.09
2026-02-27,2.42,1.0,87.28,5.0,106.8,12.0,8.89,2.04,14.53,4.04
2026-02-28,5.1,5.0,47.47,13.0,152.73,25.0,17.6,6.3,20.47,7.22
2026-03-01,17.14,7.0,32.07,11.0,171.49,34.0,3.58,1.26,13.5,3.31
2026-03-02,24.75,19.0,71.39,35.0,275.68,190.0,9.28,7.43,18.17,19.67
2026-03-03,3.51,3.0,33.08,11.0,540.1,95.0,9.59,1.54,119.3,24.16
2026-03-04,2.14,1.0,6.37,2.0,95.91,12.0,2.46,0.58,21.74,3.18
2026-03-05,11.86,6.0,13.89,7.0,18.12,8.0,0.6,0.3,0.6,0.3
2026-03-06,10.98,3.0,20.26,7.0,40.45,12.0,5.13,1.95,10.55,2.95
2026-03-07,6.48,3.0,12.36,6.0,26.95,9.0,4.91,1.98,10.55,3.02
2026-03-08,15.38,6.0,33.61,11.0,52.73,20.0,10.67,3.73,13.71,5.17
2026-03-09,0.0,0.0,6.58,2.0,66.93,15.0,0.12,0.03,2.04,1.17
2026-03-10,0.0,0.0,0.0,0.0,0.0,0.0,0.0,0.0,0.0,0.0
2026-03-11,0.0,0.0,0.0,0.0,0.0,0.0,0.0,0.0,0.0,0.0
2026-03-12,0.0,0.0,0.0,0.0,0.0,0.0,0.0,0.0,0.0,0.0
2026-03-13,2.46,5.0,2.46,5.0,2.85,6.0,0.95,1.8,0.95,1.8
2026-03-14,4.01,3.0,4.01,3.0,63.92,14.0,1.29,0.99,8.74,3.2
2026-03-15,4.31,4.0,5.39,6.0,8.83,8.0,0.0,0.0,0.2,0.11
2026-03-16,0.57,2.0,0.57,2.0,26.48,8.0,0.07,0.34,6.32,1.8
2026-03-17,1.06,2.0,7.29,5.0,7.29,5.0,4.51,1.52,4.51,1.52
2026-03-18,5.59,1.0,10.36,2.0,39.93,8.0,0.84,0.15,13.68,2.31
2026-03-19,0.0,0.0,0.0,0.0,0.0,0.0,0.0,0.0,0.0,0.0
2026-03-20,0.0,0.0,0.0,0.0,0.0,0.0,0.0,0.0,0.0,0.0
2026-03-21,1.38,2.0,3.43,4.0,6.51,6.0,2.81,3.23,5.61,5.04
2026-03-22,0.0,0.0,4.26,2.0,15.84,5.0,0.54,0.6,0.83,0.73
2026-03-23,1.06,3.0,8.94,8.0,16.81,11.0,0.27,1.01,0.27,1.01
2026-03-24,0.64,1.0,56.85,15.0,72.39,20.0,19.39,2.56,24.04,4.23
2026-03-25,3.57,2.0,15.33,5.0,46.92,15.0,0.64,0.17,2.05,0.73
2026-03-26,0.6,1.0,11.07,4.0,16.2,5.0,0.91,1.69,0.91,1.69
2026-03-27,1.46,1.0,5.33,2.0,5.33,2.0,3.3,1.32,3.3,1.32
2026-03-28,2.62,3.0,5.9,4.0,16.78,7.0,3.07,2.24,5.54,2.77
2026-03-29,1.48,3.0,2.22,4.0,48.39,11.0,0.94,1.99,21.68,4.51
2026-03-30,2.83,2.0,6.8,5.0,9.11,6.0,3.27,2.46,3.27,2.46
2026-03-31,0.4,1.0,6.99,3.0,11.9,6.0,0.04,0.11,2.65,2.08
2026-04-01,0.94,2.0,1.76,3.0,8.58,5.0,0.02,0.06,0.02,0.06
2026-04-02,1.31,1.0,9.37,4.0,30.38,11.0,2.55,0.97,6.91,3.12
2026-04-03,0.0,0.0,0.0,0.0,0.0,0.0,0.0,0.0,0.0,0.0
2026-04-04,3.66,2.0,3.66,2.0,9.75,3.0,0.28,0.59,0.77,0.67
2026-04-05,3.35,4.0,23.19,9.0,59.05,14.0,7.28,1.68,7.45,1.7
2026-04-06,2.53,1.0,2.53,1.0,3.16,2.0,0.0,0.0,0.0,0.0
2026-04-07,0.0,0.0,0.0,0.0,0.0,0.0,0.0,0.0,0.0,0.0
2026-04-08,1.63,3.0,1.63,3.0,1.63,3.0,0.0,0.0,0.0,0.0
2026-04-09,6.42,9.0,18.65,15.0,36.59,21.0,5.21,3.47,8.75,5.04
2026-04-10,0.95,2.0,36.64,12.0,57.64,18.0,4.03,4.16,4.83,4.64
2026-04-11,0.0,0.0,0.83,2.0,26.57,9.0,0.31,0.75,0.43,1.01
2026-04-12,16.09,5.0,32.1,10.0,64.57,20.0,3.78,1.59,20.53,6.51
2026-04-13,0.57,1.0,29.3,9.0,79.8,18.0,5.68,2.4,8.49,3.29
2026-04-14,65.82,9.0,80.67,14.0,142.83,32.0,8.51,4.45,28.45,8.83
2026-04-15,7.62,3.0,32.62,10.0,82.0,19.0,5.75,3.0,7.88,3.52
2026-04-16,128.35,4.0,249.71,15.0,320.95,29.0,11.9,2.0,32.91,7.29
2026-04-17,0.53,1.0,55.06,10.0,94.48,19.0,3.77,0.97,8.53,4.38
2026-04-18,25.33,8.0,187.07,47.0,312.97,81.0,22.77,6.24,33.56,10.26
2026-04-19,30.76,10.0,121.83,25.0,279.38,59.0,13.51,5.56,86.21,12.48
2026-04-20,31.03,13.0,182.87,42.0,463.85,94.0,48.58,9.16,94.42,13.56
2026-04-21,58.82,5.0,506.59,42.0,825.74,88.0,277.46,20.84,358.68,34.05
2026-04-22,179.86,17.0,448.5,73.0,899.77,127.0,222.54,31.29,275.53,40.39
2026-04-23,121.4,25.0,726.37,128.0,1418.52,240.0,347.32,58.26,409.68,72.17
2026-04-24,73.48,13.0,817.16,95.0,1526.61,196.0,312.76,32.33,733.98,77.95
2026-04-25,303.98,40.0,2003.53,240.0,3299.01,477.0,1250.43,132.47,1955.13,233.96
2026-04-26,124.52,18.0,1021.28,113.0,2315.17,291.0,626.54,67.89,1263.65,123.33
2026-04-27,423.82,55.0,3522.51,355.0,6094.97,610.0,2547.92,227.87,4135.9,359.33
2026-04-28,0.0,0.0,0.0,0.0,0.0,0.0,0.0,0.0,0.0,0.0
2026-04-29,0.0,0.0,0.0,0.0,0.0,0.0,0.0,0.0,0.0,0.0
2026-04-30,0.0,0.0,0.0,0.0,0.0,0.0,0.0,0.0,0.0,0.0
2026-05-01,0.0,0.0,0.0,0.0,0.0,0.0,0.0,0.0,0.0,0.0
2026-05-02,0.0,0.0,0.0,0.0,0.0,0.0,0.0,0.0,0.0,0.0
2026-05-03,0.0,0.0,0.0,0.0,0.0,0.0,0.0,0.0,0.0,0.0
2026-05-04,0.0,0.0,0.0,0.0,0.0,0.0,0.0,0.0,0.0,0.0
2026-05-05,0.0,0.0,0.0,0.0,0.0,0.0,0.0,0.0,0.0,0.0
2026-05-06,0.0,0.0,0.0,0.0,0.0,0.0,0.0,0.0,0.0,0.0
2026-05-07,0.0,0.0,0.0,0.0,0.0,0.0,0.0,0.0,0.0,0.0
2026-05-08,0.0,0.0,0.0,0.0,0.0,0.0,0.0,0.0,0.0,0.0
2026-05-09,0.0,0.0,0.0,0.0,0.0,0.0,0.0,0.0,0.0,0.0
2026-05-10,0.0,0.0,0.0,0.0,0.0,0.0,0.0,0.0,0.0,0.0
2026-05-11,0.0,0.0,0.0,0.0,0.0,0.0,0.0,0.0,0.0,0.0
2026-05-12,0.0,0.0,0.0,0.0,0.0,0.0,0.0,0.0,0.0,0.0
2026-05-13,0.0,0.0,0.0,0.0,0.0,0.0,0.0,0.0,0.0,0.0
2026-05-14,0.0,0.0,0.0,0.0,0.0,0.0,0.0,0.0,0.0,0.0
2026-05-15,0.0,0.0,0.0,0.0,0.0,0.0,0.0,0.0,0.0,0.0
2026-05-16,0.0,0.0,0.0,0.0,0.0,0.0,0.0,0.0,0.0,0.0
2026-05-17,0.0,0.0,0.0,0.0,0.0,0.0,0.0,0.0,0.0,0.0
2026-05-18,0.0,0.0,0.0,0.0,0.0,0.0,0.0,0.0,0.0,0.0
2026-05-19,0.0,0.0,0.0,0.0,0.0,0.0,0.0,0.0,0.0,0.0
2026-05-20,0.0,0.0,0.0,0.0,0.0,0.0,0.0,0.0,0.0,0.0
2026-05-21,0.0,0.0,0.0,0.0,0.0,0.0,0.0,0.0,0.0,0.0
2026-05-22,0.0,0.0,0.0,0.0,0.0,0.0,0.0,0.0,0.0,0.0
2026-05-23,0.0,0.0,0.0,0.0,0.0,0.0,0.0,0.0,0.0,0.0
2026-05-24,0.0,0.0,0.0,0.0,0.0,0.0,0.0,0.0,0.0,0.0
2026-05-25,0.0,0.0,0.0,0.0,0.0,0.0,0.0,0.0,0.0,0.0
2026-05-26,0.0,0.0,0.0,0.0,0.0,0.0,0.0,0.0,0.0,0.0
2026-05-27,0.0,0.0,0.0,0.0,0.0,0.0,0.0,0.0,0.0,0.0
2026-05-28,0.0,0.0,0.0,0.0,0.0,0.0,0.0,0.0,0.0,0.0
2026-05-29,0.0,0.0,0.0,0.0,0.0,0.0,0.0,0.0,0.0,0.0
2026-05-30,0.0,0.0,0.0,0.0,0.0,0.0,0.0,0.0,0.0,0.0
2026-05-31,0.0,0.0,0.0,0.0,0.0,0.0,0.0,0.0,0.0,0.0
2026-06-01,0.0,0.0,0.0,0.0,0.0,0.0,0.0,0.0,0.0,0.0
2026-06-02,0.0,0.0,0.0,0.0,0.0,0.0,0.0,0.0,0.0,0.0
2026-06-03,15.69,8.0,30.29,16.0,34.02,18.0,3.39,3.06,4.17,3.49
2026-06-04,0.0,0.0,0.0,0.0,38.26,6.0,0.0,0.0,6.03,1.7
2026-06-05,1.26,2.0,1.26,2.0,22.49,7.0,0.0,0.0,2.74,0.72
2026-06-06,17.38,3.0,29.38,6.0,65.19,12.0,18.68,3.28,28.38,4.28
2026-06-07,9.05,5.0,9.05,5.0,15.62,9.0,0.41,0.39,0.53,0.44
2026-06-08,0.0,0.0,0.0,0.0,64.81,5.0,0.0,0.0,34.0,2.63
2026-06-09,40.34,4.0,67.78,11.0,125.07,24.0,43.22,5.45,72.54,10.84
2026-06-10,4.03,1.0,4.03,1.0,11.89,3.0,0.45,0.11,4.01,0.8
2026-06-11,4.76,2.0,4.76,2.0,9.91,3.0,0.0,0.0,0.0,0.0
2026-06-12,0.0,0.0,2.99,1.0,2.99,1.0,0.0,0.0,0.0,0.0
2026-06-13,0.0,0.0,1.16,1.0,1.16,1.0,0.0,0.0,0.0,0.0
2026-06-14,0.0,0.0,33.52,6.0,41.67,9.0,10.6,1.72,14.18,2.72
2026-06-15,0.9,1.0,0.9,1.0,12.67,9.0,0.0,0.0,0.0,0.0
2026-06-16,1.12,2.0,1.12,2.0,11.03,6.0,0.0,0.0,0.11,0.04
2026-06-17,1.82,3.0,39.3,11.0,93.57,23.0,9.76,3.82,42.97,9.87
2026-06-18,0.0,0.0,0.91,1.0,25.42,6.0,0.86,0.95,8.96,2.3
2026-06-19,7.49,4.0,7.49,4.0,39.66,14.0,0.66,0.81,10.58,3.8
2026-06-20,0.0,0.0,3.84,1.0,24.89,8.0,0.36,0.09,8.31,2.17
2026-06-21,6.65,4.0,6.65,4.0,46.27,12.0,2.16,0.98,23.3,3.27
2026-06-22,3.68,4.0,6.25,6.0,10.76,7.0,2.67,2.34,2.67,2.34
2026-06-23,0.0,0.0,0.0,0.0,125.31,27.0,0.0,0.0,5.24,1.45
2026-06-24,6.25,1.0,12.37,2.0,25.63,5.0,6.08,0.97,6.08,0.97
2026-06-25,0.0,0.0,3.64,2.0,76.92,18.0,0.0,0.0,34.56,8.12
2026-06-26,24.04,4.0,24.04,4.0,35.66,7.0,23.17,3.85,24.78,4.41
2026-06-27,16.46,3.0,31.68,7.0,116.57,22.0,9.51,1.99,15.27,3.13
2026-06-28,2.9,2.0,29.41,9.0,94.41,25.0,26.67,7.1,48.58,12.37
2026-06-29,0.0,0.0,5.27,1.0,15.32,4.0,0.09,0.02,1.59,0.43
2026-06-30,0.0,0.0,0.0,0.0,0.0,0.0,0.0,0.0,0.0,0.0
