date,frp50,n50,frp100,n100,frp200,n200,frpup100,nup100,frpup200,nup200
2015-01-01,0.0,0.0,14.22,4.0,41.36,11.0,8.52,2.47,16.17,5.15
2015-01-02,0.0,0.0,0.0,0.0,0.0,0.0,0.0,0.0,0.0,0.0
2015-01-03,0.0,0.0,0.0,0.0,0.0,0.0,0.0,0.0,0.0,0.0
2015-01-04,0.0,0.0,4.32,1.0,13.08,4.0,4.11,0.95,12.28,3.62
2015-01-05,5.28,2.0,56.78,20.0,98.4,33.0,19.5,7.44,35.44,10.64
2015-01-06,10.93,4.0,49.96,17.0,74.49,27.0,13.16,4.45,19.94,7.52
2015-01-07,0.0,0.0,0.0,0.0,11.08,4.0,0.0,0.0,4.85,1.66
2015-01-08,0.0,0.0,0.0,0.0,0.0,0.0,0.0,0.0,0.0,0.0
2015-01-09,0.0,0.0,7.5,1.0,19.0,4.0,0.0,0.0,1.98,0.94
2015-01-10,49.51,13.0,314.11,94.0,391.74,117.0,22.33,7.21,41.09,13.19
2015-01-11,9.53,3.0,14.69,5.0,32.75,9.0,10.05,2.88,10.05,2.88
2015-01-12,0.62,1.0,74.06,27.0,180.2,55.0,26.89,11.14,74.83,23.75
2015-01-13,0.0,0.0,40.05,13.0,74.44,27.0,15.88,5.36,21.38,8.16
2015-01-14,0.0,0.0,0.0,0.0,0.0,0.0,0.0,0.0,0.0,0.0
2015-01-15,0.27,1.0,5.26,3.0,41.25,15.0,3.2,2.15,22.66,7.17
2015-01-16,13.51,5.0,85.58,29.0,152.51,56.0,20.05,7.67,44.38,16.6
2015-01-17,0.0,0.0,32.33,8.0,53.47,13.0,19.98,5.03,33.36,8.11
2015-01-18,1.99,1.0,16.33,6.0,24.26,8.0,11.2,3.6,16.8,5.01
2015-01-19,12.83,4.0,58.18,15.0,62.01,17.0,27.07,6.65,30.13,8.21
2015-01-20,0.0,0.0,0.0,0.0,19.76,5.0,0.0,0.0,0.0,0.0
2015-01-21,0.0,0.0,72.29,23.0,142.23,40.0,36.88,11.64,95.28,25.47
2015-01-22,0.0,0.0,0.0,0.0,0.0,0.0,0.0,0.0,0.0,0.0
2015-01-23,0.0,0.0,0.0,0.0,34.04,3.0,0.0,0.0,7.79,0.46
2015-01-24,0.0,0.0,3.21,1.0,3.21,1.0,0.0,0.0,0.0,0.0
2015-01-25,0.0,0.0,20.36,5.0,34.25,9.0,7.78,2.42,11.7,3.66
2015-01-26,0.0,0.0,18.68,5.0,20.25,6.0,12.23,2.96,12.23,2.96
2015-01-27,0.0,0.0,23.65,9.0,71.72,27.0,8.07,2.88,23.15,8.64
2015-01-28,13.58,2.0,41.28,8.0,61.32,13.0,17.34,2.16,20.6,3.07
2015-01-29,1.1,1.0,29.57,8.0,81.11,22.0,13.95,4.72,19.97,6.58
2015-01-30,9.39,1.0,46.87,13.0,159.45,48.0,0.0,0.0,3.5,0.77
2015-01-31,11.12,3.0,160.24,33.0,536.67,66.0,24.54,8.63,55.28,13.77
2015-02-01,0.0,0.0,105.9,27.0,280.48,78.0,52.03,11.3,114.05,28.14
2015-02-02,19.55,4.0,37.57,9.0,86.51,18.0,20.39,5.33,39.82,8.39
2015-02-03,6.38,2.0,28.04,11.0,149.95,23.0,9.87,3.62,18.52,4.1
2015-02-04,0.0,0.0,3.19,1.0,16.06,5.0,3.1,0.97,3.1,0.97
2015-02-05,5.89,2.0,80.85,23.0,190.94,51.0,12.65,3.17,20.62,6.35
2015-02-06,7.66,4.0,129.69,32.0,288.71,83.0,57.38,19.32,157.42,49.86
2015-02-07,13.15,5.0,196.02,53.0,373.21,101.0,135.74,35.51,263.4,67.05
2015-02-08,4.0,1.0,113.02,21.0,211.79,44.0,47.02,7.85,65.7,11.92
2015-02-09,0.0,0.0,35.5,10.0,147.33,40.0,5.29,1.55,30.0,7.03
2015-02-10,0.0,0.0,80.93,9.0,194.52,33.0,27.4,2.51,39.09,5.35
2015-02-11,32.5,3.0,117.66,27.0,253.91,62.0,37.51,10.58,77.05,18.33
2015-02-12,1.79,2.0,104.29,36.0,283.73,79.0,33.28,10.61,77.2,18.56
2015-02-13,4.5,1.0,55.93,15.0,184.16,41.0,7.08,2.1,20.7,4.89
2015-02-14,0.0,0.0,112.5,27.0,209.58,55.0,54.56,12.7,100.05,27.37
2015-02-15,13.52,3.0,73.81,22.0,180.07,55.0,44.31,14.39,106.83,35.63
2015-02-16,1.27,2.0,22.73,5.0,69.64,14.0,0.47,0.11,32.91,5.75
2015-02-17,18.37,3.0,117.1,29.0,322.03,89.0,29.31,7.46,102.83,32.5
2015-02-18,3.15,1.0,49.32,12.0,176.95,45.0,10.94,3.24,36.41,9.31
2015-02-19,0.0,0.0,23.02,8.0,134.47,26.0,8.62,2.1,29.62,7.19
2015-02-20,0.57,1.0,18.16,7.0,43.14,12.0,7.26,1.95,8.95,2.72
2015-02-21,2.3,2.0,17.77,8.0,128.81,27.0,1.91,1.38,22.47,4.93
2015-02-22,42.69,5.0,58.34,10.0,174.66,34.0,6.82,2.89,16.99,5.05
2015-02-23,0.0,0.0,55.7,12.0,159.67,37.0,25.87,5.99,90.12,20.03
2015-02-24,0.0,0.0,0.0,0.0,0.0,0.0,0.0,0.0,0.0,0.0
2015-02-25,0.0,0.0,0.0,0.0,14.74,4.0,0.0,0.0,2.41,0.8
2015-02-26,0.98,1.0,20.8,6.0,50.1,15.0,10.5,3.28,18.75,5.29
2015-02-27,6.39,2.0,61.41,18.0,122.0,37.0,39.02,11.16,85.34,24.99
2015-02-28,6.05,2.0,18.54,6.0,71.49,20.0,6.53,1.93,32.34,11.06
2015-03-01,0.0,0.0,0.0,0.0,0.0,0.0,0.0,0.0,0.0,0.0
2015-03-02,0.0,0.0,0.0,0.0,0.49,1.0,0.0,0.0,0.0,0.0
2015-03-03,0.28,1.0,0.28,1.0,1.36,3.0,0.27,0.95,0.27,0.95
2015-03-04,0.63,1.0,3.92,4.0,15.74,11.0,2.35,1.0,2.88,1.16
2015-03-05,4.28,6.0,26.57,12.0,101.04,49.0,10.46,4.69,69.12,25.61
2015-03-06,0.0,0.0,2.95,1.0,53.16,16.0,0.04,0.01,18.21,4.76
2015-03-07,1.61,1.0,30.66,7.0,77.92,17.0,3.64,1.45,28.46,6.63
2015-03-08,0.0,0.0,0.0,0.0,0.0,0.0,0.0,0.0,0.0,0.0
2015-03-09,1.71,3.0,1.71,3.0,43.15,10.0,0.47,0.99,3.67,1.83
2015-03-10,1.84,4.0,15.9,10.0,76.87,33.0,8.9,3.64,17.6,6.63
2015-03-11,1.13,1.0,37.47,12.0,75.21,25.0,17.74,5.06,23.14,6.61
2015-03-12,0.0,0.0,22.94,7.0,155.9,30.0,12.69,3.74,74.78,12.45
2015-03-13,2.34,1.0,38.0,9.0,74.0,15.0,9.39,2.11,15.23,4.29
2015-03-14,0.0,0.0,0.0,0.0,0.0,0.0,0.0,0.0,0.0,0.0
2015-03-15,0.0,0.0,0.4,1.0,0.64,2.0,0.0,0.0,0.05,0.19
2015-03-16,4.85,2.0,27.54,9.0,123.77,27.0,1.54,0.61,51.48,10.1
2015-03-17,0.0,0.0,18.03,5.0,127.82,21.0,9.65,2.29,29.55,4.81
2015-03-18,0.62,1.0,13.99,6.0,115.42,21.0,0.0,0.0,35.15,2.06
2015-03-19,0.0,0.0,9.65,4.0,57.15,18.0,3.16,1.08,23.3,5.15
2015-03-20,24.11,4.0,30.22,6.0,74.92,14.0,5.28,1.78,11.05,2.99
2015-03-21,0.0,0.0,10.69,4.0,71.31,19.0,4.03,1.6,17.3,6.09
2015-03-22,0.0,0.0,25.81,5.0,126.07,22.0,6.36,1.26,15.6,3.04
2015-03-23,0.0,0.0,3.49,1.0,72.77,8.0,0.0,0.0,28.85,2.92
2015-03-24,0.0,0.0,10.44,3.0,53.9,10.0,0.56,0.22,21.28,3.64
2015-03-25,3.93,1.0,9.07,2.0,49.61,14.0,5.81,1.17,27.36,8.63
2015-03-26,0.0,0.0,10.27,3.0,61.79,15.0,0.01,0.0,9.88,2.68
2015-03-27,0.0,0.0,6.79,2.0,41.6,16.0,4.11,1.18,17.45,7.43
2015-03-28,0.0,0.0,29.53,3.0,59.86,10.0,0.0,0.0,26.83,5.63
2015-03-29,0.0,0.0,0.0,0.0,0.0,0.0,0.0,0.0,0.0,0.0
2015-03-30,0.0,0.0,0.0,0.0,0.17,1.0,0.0,0.0,0.13,0.77
2015-03-31,0.55,1.0,6.01,4.0,7.58,6.0,0.0,0.0,1.56,1.98
2015-04-01,0.0,0.0,13.62,3.0,20.19,4.0,7.3,1.7,13.86,2.7
2015-04-02,0.0,0.0,11.13,2.0,26.59,7.0,0.12,0.03,0.16,0.05
2015-04-03,0.0,0.0,0.0,0.0,0.0,0.0,0.0,0.0,0.0,0.0
2015-04-04,0.0,0.0,0.0,0.0,0.89,1.0,0.0,0.0,0.31,0.35
2015-04-05,0.69,2.0,13.78,9.0,42.4,14.0,2.54,3.33,24.72,6.93
2015-04-06,6.05,3.0,17.78,10.0,32.92,18.0,5.37,3.6,9.44,4.97
2015-04-07,0.0,0.0,0.92,1.0,11.79,6.0,0.52,0.56,1.82,1.93
2015-04-08,3.76,2.0,14.15,4.0,28.24,8.0,4.38,1.89,7.21,2.35
2015-04-09,0.0,0.0,3.83,1.0,33.15,10.0,2.89,0.76,11.97,3.49
2015-04-10,0.24,1.0,0.24,1.0,10.16,6.0,0.23,0.94,0.76,1.85
2015-04-11,6.26,2.0,21.79,7.0,63.84,21.0,0.1,0.04,0.8,0.2
2015-04-12,0.0,0.0,0.0,0.0,0.0,0.0,0.0,0.0,0.0,0.0
2015-04-13,0.0,0.0,0.0,0.0,0.0,0.0,0.0,0.0,0.0,0.0
2015-04-14,0.0,0.0,0.0,0.0,8.7,6.0,0.0,0.0,1.06,1.15
2015-04-15,0.0,0.0,7.19,2.0,13.35,5.0,2.11,0.55,2.68,1.41
2015-04-16,0.63,1.0,0.63,1.0,5.59,5.0,0.27,0.43,2.34,1.78
2015-04-17,2.43,2.0,2.43,2.0,26.47,10.0,0.08,0.07,1.17,0.45
2015-04-18,0.0,0.0,49.9,7.0,65.53,12.0,30.31,3.51,33.63,4.57
2015-04-19,2.13,1.0,22.27,8.0,35.57,13.0,14.39,4.88,14.39,4.88
2015-04-20,0.92,1.0,0.92,1.0,834.86,31.0,0.0,0.0,4.24,1.25
2015-04-21,4.63,1.0,20.83,5.0,93.4,20.0,0.0,0.0,49.72,7.1
2015-04-22,39.78,3.0,133.92,15.0,180.56,27.0,69.23,5.14,79.95,7.77
2015-04-23,10.54,2.0,96.22,15.0,171.01,22.0,24.03,4.96,67.4,7.22
2015-04-24,26.38,6.0,179.1,36.0,315.28,56.0,10.75,3.07,38.66,7.53
2015-04-25,9.08,4.0,65.2,23.0,147.47,36.0,7.5,2.65,14.55,4.59
2015-04-26,28.09,8.0,74.3,23.0,98.38,30.0,6.62,2.77,9.52,4.03
2015-04-27,52.07,16.0,89.7,35.0,166.37,59.0,24.61,7.54,36.84,12.06
2015-04-28,0.0,0.0,132.0,22.0,232.55,43.0,1.2,0.33,3.9,1.56
2015-04-29,8.07,2.0,337.12,56.0,496.56,107.0,7.39,2.88,26.12,9.18
2015-04-30,23.25,11.0,119.72,32.0,167.23,45.0,10.5,3.78,11.87,4.26
2015-05-01,94.92,20.0,480.79,102.0,779.98,182.0,135.98,31.21,266.87,65.51
2015-05-02,86.51,13.0,780.86,112.0,1861.57,247.0,374.42,62.47,1246.49,169.68
2015-05-03,126.11,20.0,933.15,120.0,2150.95,269.0,530.89,74.43,1436.79,175.73
2015-05-04,141.06,22.0,1050.86,139.0,3285.39,369.0,718.32,85.79,2277.0,231.64
2015-05-05,168.57,34.0,1065.83,224.0,4297.87,826.0,723.54,154.84,3278.97,616.15
2015-05-06,199.71,29.0,870.56,119.0,3702.54,487.0,111.53,14.02,348.78,44.16
2015-05-07,207.38,25.0,999.12,132.0,4008.73,538.0,650.19,84.12,2718.63,349.49
2015-05-08,54.78,10.0,239.62,33.0,1089.52,168.0,52.57,9.29,385.54,48.59
2015-05-09,56.78,8.0,444.24,60.0,3581.2,473.0,72.7,9.88,295.33,37.21
2015-05-10,27.81,7.0,84.03,25.0,984.69,250.0,31.31,9.2,367.49,96.37
2015-05-11,23.1,8.0,150.6,44.0,687.15,178.0,34.24,9.9,125.94,30.56
2015-05-12,37.8,6.0,214.09,32.0,1074.95,191.0,20.17,4.57,206.51,56.0
2015-05-13,0.0,0.0,0.0,0.0,419.37,78.0,0.0,0.0,47.35,12.94
2015-05-14,7.16,2.0,45.35,9.0,746.33,135.0,12.84,2.92,601.34,106.36
2015-05-15,9.15,2.0,46.56,8.0,141.48,27.0,30.36,3.49,49.1,7.82
2015-05-16,11.42,3.0,41.1,11.0,770.61,203.0,7.03,2.14,31.95,10.1
2015-05-17,19.88,3.0,111.08,19.0,627.21,122.0,46.95,6.84,57.12,8.48
2015-05-18,22.29,3.0,109.77,22.0,543.91,110.0,8.63,2.13,117.01,28.95
2015-05-19,0.0,0.0,0.0,0.0,44.97,7.0,0.0,0.0,3.14,0.49
2015-05-20,0.0,0.0,33.23,5.0,307.69,58.0,8.43,1.29,139.85,25.62
2015-05-21,82.33,7.0,148.91,21.0,669.36,131.0,82.62,7.98,180.46,29.09
2015-05-22,11.16,2.0,22.77,5.0,710.17,130.0,0.29,0.09,88.51,11.28
2015-05-23,7.95,3.0,11.67,5.0,391.12,83.0,1.18,1.04,11.52,4.9
2015-05-24,35.8,4.0,35.8,4.0,268.27,66.0,0.0,0.0,0.0,0.0
2015-05-25,0.0,0.0,5.12,3.0,166.26,37.0,4.25,2.44,22.9,4.6
2015-05-26,30.38,6.0,31.99,7.0,126.37,38.0,0.26,0.16,9.97,3.39
2015-05-27,33.76,3.0,46.85,6.0,160.67,38.0,23.23,2.83,59.44,9.67
2015-05-28,9.03,3.0,10.19,4.0,256.97,47.0,4.67,1.53,43.7,6.98
2015-05-29,28.75,4.0,41.52,6.0,133.46,35.0,5.49,1.53,22.53,6.45
2015-05-30,0.0,0.0,2.13,1.0,181.21,44.0,2.13,1.0,17.97,3.96
2015-05-31,8.59,2.0,29.24,4.0,73.55,23.0,7.1,1.3,33.59,6.32
2015-06-01,0.0,0.0,0.0,0.0,84.96,16.0,0.0,0.0,2.78,0.93
2015-06-02,0.0,0.0,0.0,0.0,139.82,24.0,0.0,0.0,23.51,6.07
2015-06-03,0.0,0.0,0.0,0.0,29.36,4.0,0.0,0.0,0.16,0.05
2015-06-04,0.0,0.0,0.0,0.0,150.53,40.0,0.0,0.0,35.03,8.26
2015-06-05,6.21,2.0,22.6,5.0,196.39,46.0,7.19,1.55,31.77,7.52
2015-06-06,9.71,3.0,16.98,6.0,193.6,59.0,1.61,0.65,7.27,2.0
2015-06-07,8.89,3.0,11.4,4.0,193.52,49.0,0.0,0.0,7.19,1.08
2015-06-08,0.0,0.0,0.0,0.0,293.46,56.0,0.0,0.0,32.57,4.48
2015-06-09,0.0,0.0,0.0,0.0,628.04,81.0,0.0,0.0,2.37,0.26
2015-06-10,0.0,0.0,4.44,1.0,50.73,12.0,0.0,0.0,0.0,0.0
2015-06-11,0.0,0.0,0.0,0.0,74.97,18.0,0.0,0.0,13.92,2.85
2015-06-12,4.41,1.0,4.41,1.0,90.22,25.0,3.43,0.78,3.81,0.92
2015-06-13,0.0,0.0,0.0,0.0,9.87,5.0,0.0,0.0,0.0,0.0
2015-06-14,0.0,0.0,0.0,0.0,10.85,7.0,0.0,0.0,4.13,2.75
2015-06-15,0.0,0.0,0.0,0.0,15.46,5.0,0.0,0.0,0.0,0.0
2015-06-16,0.0,0.0,0.0,0.0,24.97,7.0,0.0,0.0,0.19,0.05
2015-06-17,0.0,0.0,0.0,0.0,17.79,5.0,0.0,0.0,7.08,2.14
2015-06-18,0.0,0.0,0.0,0.0,29.49,4.0,0.0,0.0,0.0,0.0
2015-06-19,0.0,0.0,16.42,2.0,49.12,11.0,0.18,0.01,2.12,0.63
2015-06-20,0.0,0.0,0.0,0.0,8.59,2.0,0.0,0.0,6.84,1.0
2015-06-21,0.0,0.0,0.0,0.0,0.0,0.0,0.0,0.0,0.0,0.0
2015-06-22,0.0,0.0,0.0,0.0,0.0,0.0,0.0,0.0,0.0,0.0
2015-06-23,0.0,0.0,0.0,0.0,4.25,1.0,0.0,0.0,0.0,0.0
2015-06-24,0.0,0.0,0.0,0.0,11.02,2.0,0.0,0.0,10.22,1.85
2015-06-25,0.0,0.0,0.0,0.0,1.55,1.0,0.0,0.0,1.21,0.78
2015-06-26,0.0,0.0,0.0,0.0,4.69,1.0,0.0,0.0,0.0,0.0
2015-06-27,0.0,0.0,0.0,0.0,0.0,0.0,0.0,0.0,0.0,0.0
2015-06-28,0.0,0.0,0.0,0.0,0.0,0.0,0.0,0.0,0.0,0.0
2015-06-29,0.0,0.0,0.0,0.0,0.0,0.0,0.0,0.0,0.0,0.0
2015-06-30,0.0,0.0,0.0,0.0,0.0,0.0,0.0,0.0,0.0,0.0
2015-07-01,0.0,0.0,0.0,0.0,6.33,1.0,0.0,0.0,0.0,0.0
2015-07-02,0.0,0.0,0.0,0.0,3.91,1.0,0.0,0.0,0.0,0.0
2015-07-03,0.0,0.0,0.0,0.0,0.0,0.0,0.0,0.0,0.0,0.0
2015-07-04,0.0,0.0,0.0,0.0,0.0,0.0,0.0,0.0,0.0,0.0
2015-07-05,0.0,0.0,0.0,0.0,0.0,0.0,0.0,0.0,0.0,0.0
2015-07-06,0.0,0.0,0.0,0.0,0.0,0.0,0.0,0.0,0.0,0.0
2015-07-07,0.0,0.0,0.0,0.0,0.0,0.0,0.0,0.0,0.0,0.0
2015-07-08,0.0,0.0,0.0,0.0,0.0,0.0,0.0,0.0,0.0,0.0
2015-07-09,0.0,0.0,0.52,1.0,0.52,1.0,0.39,0.76,0.39,0.76
2015-07-10,0.0,0.0,0.0,0.0,0.0,0.0,0.0,0.0,0.0,0.0
2015-07-11,0.0,0.0,0.0,0.0,0.0,0.0,0.0,0.0,0.0,0.0
2015-07-12,0.0,0.0,0.0,0.0,0.0,0.0,0.0,0.0,0.0,0.0
2015-07-13,0.0,0.0,0.0,0.0,0.0,0.0,0.0,0.0,0.0,0.0
2015-07-14,0.0,0.0,0.0,0.0,6.4,1.0,0.0,0.0,1.35,0.21
2015-07-15,0.0,0.0,0.0,0.0,0.0,0.0,0.0,0.0,0.0,0.0
2015-07-16,0.0,0.0,0.0,0.0,0.0,0.0,0.0,0.0,0.0,0.0
2015-07-17,0.0,0.0,0.0,0.0,0.0,0.0,0.0,0.0,0.0,0.0
2015-07-18,0.0,0.0,0.0,0.0,0.0,0.0,0.0,0.0,0.0,0.0
2015-07-19,0.0,0.0,0.0,0.0,0.0,0.0,0.0,0.0,0.0,0.0
2015-07-20,0.0,0.0,0.0,0.0,0.0,0.0,0.0,0.0,0.0,0.0
2015-07-21,0.0,0.0,0.0,0.0,0.0,0.0,0.0,0.0,0.0,0.0
2015-07-22,0.0,0.0,0.0,0.0,0.0,0.0,0.0,0.0,0.0,0.0
2015-07-23,0.0,0.0,0.0,0.0,0.0,0.0,0.0,0.0,0.0,0.0
2015-07-24,0.0,0.0,0.0,0.0,0.0,0.0,0.0,0.0,0.0,0.0
2015-07-25,0.0,0.0,0.0,0.0,0.0,0.0,0.0,0.0,0.0,0.0
2015-07-26,1.36,1.0,1.36,1.0,3.26,2.0,0.0,0.0,0.0,0.0
2015-07-27,1.85,1.0,1.85,1.0,9.09,4.0,0.0,0.0,1.16,1.0
2015-07-28,0.0,0.0,0.0,0.0,1.41,1.0,0.0,0.0,0.0,0.0
2015-07-29,0.0,0.0,0.0,0.0,0.0,0.0,0.0,0.0,0.0,0.0
2015-07-30,0.0,0.0,0.0,0.0,0.0,0.0,0.0,0.0,0.0,0.0
2015-07-31,0.0,0.0,0.0,0.0,0.0,0.0,0.0,0.0,0.0,0.0
2015-08-01,0.0,0.0,0.0,0.0,0.98,1.0,0.0,0.0,0.0,0.0
2015-08-02,0.0,0.0,0.0,0.0,0.0,0.0,0.0,0.0,0.0,0.0
2015-08-03,0.0,0.0,0.0,0.0,0.0,0.0,0.0,0.0,0.0,0.0
2015-08-04,0.0,0.0,0.0,0.0,0.0,0.0,0.0,0.0,0.0,0.0
2015-08-05,0.0,0.0,0.0,0.0,0.0,0.0,0.0,0.0,0.0,0.0
2015-08-06,1.31,1.0,1.31,1.0,1.31,1.0,0.0,0.0,0.0,0.0
2015-08-07,0.0,0.0,0.0,0.0,0.0,0.0,0.0,0.0,0.0,0.0
2015-08-08,0.0,0.0,0.0,0.0,0.0,0.0,0.0,0.0,0.0,0.0
2015-08-09,0.0,0.0,0.0,0.0,0.0,0.0,0.0,0.0,0.0,0.0
2015-08-10,0.0,0.0,0.0,0.0,0.0,0.0,0.0,0.0,0.0,0.0
2015-08-11,0.0,0.0,0.0,0.0,0.0,0.0,0.0,0.0,0.0,0.0
2015-08-12,0.0,0.0,0.0,0.0,6.11,2.0,0.0,0.0,0.05,0.02
2015-08-13,0.0,0.0,0.0,0.0,0.0,0.0,0.0,0.0,0.0,0.0
2015-08-14,0.0,0.0,0.0,0.0,0.0,0.0,0.0,0.0,0.0,0.0
2015-08-15,0.0,0.0,0.0,0.0,0.0,0.0,0.0,0.0,0.0,0.0
2015-08-16,0.0,0.0,0.0,0.0,0.0,0.0,0.0,0.0,0.0,0.0
2015-08-17,0.0,0.0,0.0,0.0,1.77,1.0,0.0,0.0,0.0,0.0
2015-08-18,2.26,1.0,2.26,1.0,2.26,1.0,0.08,0.04,0.08,0.04
2015-08-19,0.0,0.0,0.0,0.0,0.0,0.0,0.0,0.0,0.0,0.0
2015-08-20,0.0,0.0,0.0,0.0,0.0,0.0,0.0,0.0,0.0,0.0
2015-08-21,0.0,0.0,0.0,0.0,0.0,0.0,0.0,0.0,0.0,0.0
2015-08-22,0.0,0.0,0.0,0.0,0.0,0.0,0.0,0.0,0.0,0.0
2015-08-23,0.0,0.0,0.0,0.0,5.87,1.0,0.0,0.0,0.0,0.0
2015-08-24,0.0,0.0,0.0,0.0,0.0,0.0,0.0,0.0,0.0,0.0
2015-08-25,1.37,1.0,1.37,1.0,1.37,1.0,0.75,0.55,0.75,0.55
2015-08-26,0.0,0.0,0.0,0.0,11.16,2.0,0.0,0.0,1.55,0.28
2015-08-27,3.73,1.0,3.73,1.0,3.73,1.0,2.47,0.66,2.47,0.66
2015-08-28,0.0,0.0,0.0,0.0,0.0,0.0,0.0,0.0,0.0,0.0
2015-08-29,5.09,2.0,5.09,2.0,5.09,2.0,0.0,0.0,0.0,0.0
2015-08-30,0.0,0.0,0.0,0.0,0.0,0.0,0.0,0.0,0.0,0.0
2015-08-31,0.0,0.0,0.0,0.0,10.36,2.0,0.0,0.0,10.21,1.97
2015-09-01,0.0,0.0,0.0,0.0,1.66,1.0,0.0,0.0,0.05,0.03
2015-09-02,2.13,1.0,2.13,1.0,7.35,3.0,0.0,0.0,0.0,0.0
2015-09-03,0.0,0.0,0.0,0.0,0.0,0.0,0.0,0.0,0.0,0.0
2015-09-04,0.0,0.0,0.0,0.0,0.0,0.0,0.0,0.0,0.0,0.0
2015-09-05,2.1,1.0,2.1,1.0,34.07,5.0,1.16,0.55,8.52,1.52
2015-09-06,0.0,0.0,0.0,0.0,0.0,0.0,0.0,0.0,0.0,0.0
2015-09-07,0.0,0.0,2.13,1.0,16.65,7.0,0.86,0.41,3.33,1.41
2015-09-08,4.55,1.0,4.55,1.0,6.65,2.0,1.41,0.31,1.92,0.56
2015-09-09,3.37,1.0,3.37,1.0,16.58,4.0,0.0,0.0,6.32,1.2
2015-09-10,0.0,0.0,0.0,0.0,12.59,4.0,0.0,0.0,8.65,2.17
2015-09-11,0.0,0.0,0.0,0.0,4.93,1.0,0.0,0.0,4.83,0.98
2015-09-12,0.0,0.0,3.17,1.0,64.83,12.0,0.0,0.0,5.26,0.94
2015-09-13,0.0,0.0,0.0,0.0,45.93,13.0,0.0,0.0,3.25,1.56
2015-09-14,0.0,0.0,0.0,0.0,0.0,0.0,0.0,0.0,0.0,0.0
2015-09-15,1.44,1.0,1.44,1.0,9.36,4.0,0.0,0.0,0.0,0.0
2015-09-16,0.0,0.0,0.0,0.0,8.44,3.0,0.0,0.0,0.0,0.0
2015-09-17,0.0,0.0,0.0,0.0,52.22,16.0,0.0,0.0,0.0,0.0
2015-09-18,0.0,0.0,0.0,0.0,10.17,1.0,0.0,0.0,0.0,0.0
2015-09-19,0.38,1.0,0.38,1.0,0.38,1.0,0.0,0.0,0.0,0.0
2015-09-20,0.0,0.0,0.0,0.0,3.79,1.0,0.0,0.0,0.32,0.08
2015-09-21,0.0,0.0,0.0,0.0,3.06,1.0,0.0,0.0,0.0,0.0
2015-09-22,0.0,0.0,0.0,0.0,2.06,1.0,0.0,0.0,2.04,0.99
2015-09-23,1.96,1.0,1.96,1.0,2.52,2.0,0.0,0.0,0.0,0.0
2015-09-24,2.89,2.0,2.89,2.0,2.89,2.0,1.35,1.05,1.35,1.05
2015-09-25,0.65,1.0,0.65,1.0,0.65,1.0,0.0,0.0,0.0,0.0
2015-09-26,0.0,0.0,0.0,0.0,8.37,3.0,0.0,0.0,4.97,1.79
2015-09-27,0.0,0.0,0.0,0.0,33.39,4.0,0.0,0.0,30.27,3.67
2015-09-28,0.0,0.0,0.71,1.0,56.67,10.0,0.44,0.62,53.14,8.87
2015-09-29,1.92,1.0,4.21,2.0,119.43,36.0,3.83,1.83,108.39,32.39
2015-09-30,19.42,4.0,19.42,4.0,110.51,22.0,12.89,2.66,81.33,16.21
2015-10-01,0.0,0.0,0.0,0.0,88.93,27.0,0.0,0.0,78.95,24.23
2015-10-02,0.0,0.0,2.34,1.0,179.88,50.0,0.0,0.0,136.5,37.39
2015-10-03,32.5,5.0,35.91,6.0,305.43,58.0,0.44,0.05,235.27,43.89
2015-10-04,0.0,0.0,5.18,1.0,496.72,124.0,0.0,0.0,0.0,0.0
2015-10-05,6.36,2.0,12.71,4.0,337.73,79.0,0.0,0.0,5.07,1.57
2015-10-06,0.0,0.0,3.87,2.0,299.89,50.0,0.0,0.0,273.98,44.59
2015-10-07,0.0,0.0,3.58,1.0,181.75,39.0,0.05,0.01,153.44,31.19
2015-10-08,0.0,0.0,2.83,1.0,593.55,90.0,0.0,0.0,511.49,75.78
2015-10-09,9.69,3.0,20.84,6.0,836.08,170.0,1.03,0.22,269.83,54.12
2015-10-10,4.37,2.0,22.91,8.0,956.09,217.0,1.26,0.46,128.35,23.89
2015-10-11,1.47,1.0,1.47,1.0,863.77,127.0,0.3,0.2,288.54,43.77
2015-10-12,0.0,0.0,0.0,0.0,426.57,87.0,0.0,0.0,18.42,4.75
2015-10-13,2.49,2.0,2.49,2.0,478.51,69.0,0.89,0.45,3.0,1.06
2015-10-14,0.28,1.0,48.53,12.0,663.81,120.0,3.84,0.94,13.97,4.69
2015-10-15,0.0,0.0,17.71,7.0,635.38,122.0,1.14,0.39,30.69,8.67
2015-10-16,0.0,0.0,3.69,1.0,650.49,130.0,0.0,0.0,17.39,2.81
2015-10-17,0.0,0.0,39.82,9.0,589.73,130.0,10.2,0.96,168.02,34.97
2015-10-18,28.94,3.0,36.49,5.0,842.01,190.0,5.4,1.4,6.65,1.62
2015-10-19,13.8,3.0,39.76,12.0,1237.95,228.0,6.19,2.5,853.22,150.71
2015-10-20,4.43,2.0,92.25,27.0,1839.74,363.0,4.23,1.98,1467.35,272.01
2015-10-21,6.5,3.0,48.71,12.0,983.77,185.0,5.87,2.57,698.68,130.45
2015-10-22,16.69,4.0,131.65,27.0,1392.73,233.0,13.64,3.51,1057.59,166.61
2015-10-23,0.0,0.0,147.0,21.0,1496.1,251.0,0.0,0.0,1022.39,167.27
2015-10-24,20.37,6.0,184.61,39.0,2086.93,347.0,154.52,30.99,181.33,35.04
2015-10-25,61.35,13.0,346.8,74.0,2381.22,410.0,135.83,29.82,204.67,45.81
2015-10-26,12.47,4.0,231.56,48.0,421.24,98.0,1.64,0.54,83.44,23.26
2015-10-27,7.8,3.0,180.88,36.0,1367.11,239.0,8.1,3.31,987.6,165.02
2015-10-28,0.0,0.0,0.0,0.0,27.09,10.0,0.0,0.0,24.01,8.78
2015-10-29,0.93,2.0,8.01,5.0,1466.88,190.0,2.69,1.03,13.86,5.55
2015-10-30,30.06,11.0,244.1,51.0,3597.32,538.0,31.95,7.15,462.48,79.45
2015-10-31,17.46,7.0,341.96,90.0,4170.78,725.0,173.3,44.37,229.54,58.66
2015-11-01,15.75,3.0,345.07,65.0,2926.78,467.0,13.31,3.2,91.71,18.47
2015-11-02,1.44,1.0,139.76,31.0,2024.97,341.0,0.49,0.34,333.44,55.98
2015-11-03,0.0,0.0,212.2,42.0,3258.51,622.0,3.45,1.39,2220.15,425.38
2015-11-04,25.82,9.0,366.71,71.0,5177.74,662.0,62.72,15.69,107.34,25.98
2015-11-05,6.95,3.0,294.72,63.0,526.32,109.0,133.52,28.77,185.6,37.13
2015-11-06,0.0,0.0,282.65,46.0,711.58,132.0,134.39,22.0,161.31,28.08
2015-11-07,0.93,2.0,164.48,21.0,225.23,35.0,3.47,2.65,36.9,8.82
2015-11-08,6.42,3.0,163.98,29.0,454.06,80.0,1.7,0.79,24.33,6.64
2015-11-09,0.63,2.0,95.65,15.0,1192.28,220.0,0.02,0.07,65.95,19.07
2015-11-10,11.34,5.0,162.78,43.0,1919.35,386.0,10.95,3.55,1204.06,233.09
2015-11-11,22.7,8.0,406.53,85.0,2251.27,410.0,34.07,11.51,1554.81,266.06
2015-11-12,11.39,2.0,146.12,34.0,830.04,153.0,19.54,5.1,602.94,98.29
2015-11-13,0.0,0.0,87.39,16.0,559.93,97.0,7.74,1.89,409.59,62.62
2015-11-14,0.0,0.0,30.6,5.0,380.24,57.0,6.41,1.53,273.55,43.23
2015-11-15,2.84,1.0,96.66,23.0,655.78,133.0,14.16,5.04,453.31,88.52
2015-11-16,4.32,1.0,101.96,31.0,715.59,162.0,20.22,9.34,528.46,111.38
2015-11-17,13.95,3.0,61.7,20.0,444.86,97.0,14.72,6.85,300.21,54.64
2015-11-18,1.21,1.0,16.41,9.0,185.75,51.0,9.67,5.44,139.89,37.3
2015-11-19,1.11,1.0,24.72,8.0,328.1,74.0,5.89,1.89,230.26,48.93
2015-11-20,3.8,1.0,61.59,16.0,246.32,57.0,30.94,4.51,130.12,27.78
2015-11-21,5.95,2.0,59.35,17.0,264.21,75.0,15.5,6.37,155.4,39.28
2015-11-22,11.55,5.0,54.14,21.0,128.74,39.0,22.73,8.78,72.26,18.39
2015-11-23,0.0,0.0,8.15,3.0,44.07,13.0,0.0,0.0,18.14,3.56
2015-11-24,2.29,1.0,28.84,5.0,140.8,26.0,18.12,2.47,87.21,14.42
2015-11-25,0.0,0.0,1.68,1.0,15.58,7.0,1.53,0.91,11.81,4.17
2015-11-26,11.98,5.0,32.11,13.0,52.63,20.0,0.22,0.09,0.22,0.09
2015-11-27,3.31,1.0,23.08,11.0,30.26,13.0,9.01,3.85,11.17,4.44
2015-11-28,6.02,3.0,21.56,7.0,33.04,11.0,6.95,1.65,7.43,1.75
2015-11-29,0.0,0.0,9.62,4.0,12.16,6.0,5.88,2.45,8.21,4.26
2015-11-30,0.48,1.0,17.85,8.0,38.85,16.0,9.27,4.57,13.83,6.93
2015-12-01,5.0,4.0,52.02,14.0,77.12,23.0,37.5,7.91,45.8,11.38
2015-12-02,4.15,3.0,51.4,19.0,124.07,39.0,15.57,5.27,38.27,12.69
2015-12-03,2.26,2.0,37.96,15.0,85.87,31.0,3.2,1.7,5.92,2.58
2015-12-04,14.57,5.0,61.65,13.0,87.84,21.0,31.37,4.52,36.95,5.96
2015-12-05,2.98,1.0,62.54,17.0,75.34,21.0,9.75,2.64,12.21,3.72
2015-12-06,2.08,3.0,56.45,25.0,144.62,48.0,9.27,3.58,26.36,9.66
2015-12-07,14.0,5.0,73.14,24.0,124.8,39.0,4.11,1.19,12.23,2.74
2015-12-08,15.27,4.0,94.82,25.0,136.74,36.0,28.31,7.42,36.3,9.76
2015-12-09,0.5,1.0,0.5,1.0,7.49,5.0,0.0,0.0,0.0,0.0
2015-12-10,17.13,4.0,50.6,13.0,76.65,22.0,26.88,7.34,36.94,11.03
2015-12-11,0.0,0.0,15.19,5.0,36.83,10.0,6.59,2.81,19.14,6.05
2015-12-12,0.61,1.0,15.42,6.0,41.96,14.0,7.93,3.19,11.42,4.74
2015-12-13,17.03,6.0,142.53,49.0,218.03,78.0,19.09,6.41,35.09,11.47
2015-12-14,17.49,5.0,62.52,21.0,140.99,43.0,3.58,1.3,8.16,2.75
2015-12-15,26.87,4.0,71.38,21.0,128.96,41.0,7.25,2.7,9.27,3.13
2015-12-16,10.27,4.0,171.06,41.0,274.22,74.0,29.06,6.37,43.28,10.81
2015-12-17,15.42,4.0,175.1,39.0,289.08,69.0,97.33,23.45,176.18,44.19
2015-12-18,35.93,9.0,178.54,60.0,365.39,123.0,27.09,9.8,62.09,17.76
2015-12-19,5.14,2.0,100.43,31.0,236.88,71.0,38.2,10.71,65.68,17.82
2015-12-20,20.73,6.0,113.12,37.0,203.87,60.0,52.2,18.39,76.99,27.79
2015-12-21,9.9,4.0,119.93,41.0,209.83,69.0,45.68,16.31,90.69,30.7
2015-12-22,17.24,5.0,146.88,43.0,310.42,92.0,100.93,30.21,214.44,64.14
2015-12-23,10.33,4.0,145.08,48.0,321.69,100.0,25.89,10.1,65.16,20.32
2015-12-24,6.02,2.0,115.72,36.0,245.54,77.0,27.68,7.34,45.76,12.86
2015-12-25,3.97,3.0,63.33,19.0,155.05,46.0,28.58,9.51,43.57,12.53
2015-12-26,25.35,8.0,84.15,24.0,168.45,48.0,15.13,3.92,20.62,5.52
2015-12-27,26.42,6.0,93.71,22.0,197.17,44.0,19.07,5.06,35.6,9.44
2015-12-28,4.51,3.0,57.99,16.0,178.65,38.0,27.75,5.91,42.15,10.0
2015-12-29,11.69,4.0,75.83,25.0,257.81,79.0,20.59,5.94,30.1,7.73
2015-12-30,4.47,3.0,4.47,3.0,5.16,4.0,4.11,2.81,4.11,2.81
2015-12-31,5.01,2.0,71.6,25.0,185.22,76.0,28.72,9.82,50.49,20.22
2016-01-01,1.76,1.0,39.64,11.0,102.84,34.0,6.51,1.95,19.01,4.78
2016-01-02,1.3,4.0,99.49,20.0,263.47,68.0,14.82,5.36,49.33,14.26
2016-01-03,13.45,6.0,204.01,71.0,440.99,152.0,14.43,6.18,32.74,12.7
2016-01-04,14.57,3.0,122.82,28.0,214.97,51.0,27.23,7.08,44.65,12.33
2016-01-05,2.99,1.0,78.39,21.0,211.63,44.0,29.4,6.69,102.72,18.67
2016-01-06,0.0,0.0,22.52,4.0,71.84,15.0,8.48,1.8,47.15,10.38
2016-01-07,11.24,2.0,51.44,15.0,108.49,33.0,30.0,8.35,44.1,13.52
2016-01-08,12.42,4.0,88.93,32.0,207.09,74.0,4.19,1.76,20.02,7.31
2016-01-09,4.6,1.0,108.01,17.0,159.0,33.0,42.21,4.43,53.99,6.82
2016-01-10,12.63,3.0,98.7,25.0,226.58,59.0,30.09,7.59,59.34,15.0
2016-01-11,10.2,3.0,103.94,25.0,181.56,44.0,60.85,13.94,100.45,23.74
2016-01-12,6.32,2.0,55.26,14.0,119.51,32.0,12.77,2.77,28.49,9.2
2016-01-13,3.66,2.0,56.64,19.0,206.67,65.0,33.53,11.02,114.83,35.62
2016-01-14,2.52,1.0,7.7,2.0,28.15,6.0,0.39,0.16,0.45,0.21
2016-01-15,0.0,0.0,0.0,0.0,31.64,11.0,0.0,0.0,4.0,1.3
2016-01-16,17.66,3.0,45.79,10.0,50.19,12.0,15.48,2.23,16.13,2.47
2016-01-17,14.19,4.0,110.2,27.0,182.48,54.0,55.26,17.15,110.75,38.36
2016-01-18,12.32,3.0,152.79,34.0,238.87,61.0,78.21,17.69,110.58,28.29
2016-01-19,3.8,1.0,42.36,13.0,52.16,16.0,16.61,5.03,21.93,6.21
2016-01-20,0.0,0.0,0.0,0.0,26.99,6.0,0.0,0.0,5.17,1.02
2016-01-21,3.17,2.0,43.39,11.0,43.39,11.0,29.32,8.4,29.32,8.4
2016-01-22,4.65,2.0,54.62,17.0,113.46,34.0,26.29,7.09,42.1,12.0
2016-01-23,18.67,6.0,111.05,27.0,214.42,54.0,71.0,17.94,109.02,27.77
2016-01-24,3.79,2.0,46.47,18.0,228.67,62.0,14.05,6.15,65.89,17.15
2016-01-25,17.01,3.0,67.01,17.0,115.85,31.0,34.52,9.59,44.98,12.47
2016-01-26,4.08,1.0,42.48,8.0,63.46,15.0,6.85,1.55,17.24,5.73
2016-01-27,2.95,1.0,63.92,14.0,150.74,37.0,57.2,12.08,117.77,27.13
2016-01-28,0.0,0.0,39.43,9.0,176.7,30.0,13.04,3.66,57.97,8.53
2016-01-29,16.85,2.0,122.85,23.0,266.16,59.0,15.73,3.3,100.01,23.06
2016-01-30,12.32,5.0,148.43,44.0,334.78,95.0,62.39,19.32,125.12,34.31
2016-01-31,0.0,0.0,0.0,0.0,8.98,4.0,0.0,0.0,0.12,0.19
2016-02-01,2.22,1.0,39.02,11.0,192.87,42.0,21.43,5.33,91.99,15.9
2016-02-02,5.01,2.0,48.46,9.0,147.68,28.0,28.83,2.07,31.57,2.7
2016-02-03,31.39,9.0,117.86,23.0,223.21,50.0,37.38,7.98,55.64,12.51
2016-02-04,6.04,1.0,66.9,20.0,271.53,73.0,3.56,1.32,18.52,4.88
2016-02-05,15.71,2.0,90.13,19.0,261.09,59.0,27.07,5.62,55.75,10.76
2016-02-06,5.64,2.0,43.63,15.0,230.65,40.0,1.57,0.57,41.67,6.85
2016-02-07,0.0,0.0,24.17,8.0,68.63,15.0,7.18,2.0,11.61,3.29
2016-02-08,11.11,5.0,77.53,16.0,172.1,36.0,8.06,1.96,31.13,5.36
2016-02-09,30.33,7.0,97.71,25.0,211.64,62.0,20.43,5.6,41.6,11.24
2016-02-10,16.03,5.0,124.56,30.0,259.94,75.0,2.03,0.65,8.63,3.64
2016-02-11,5.18,1.0,54.08,9.0,124.58,24.0,12.07,2.48,36.36,8.46
2016-02-12,0.0,0.0,21.35,8.0,638.83,67.0,6.31,3.12,547.56,53.81
2016-02-13,0.0,0.0,8.01,2.0,20.4,5.0,1.17,0.27,3.93,0.94
2016-02-14,0.0,0.0,63.09,15.0,163.93,40.0,15.34,4.95,41.35,11.59
2016-02-15,0.91,2.0,10.54,6.0,66.7,23.0,4.35,3.38,25.77,9.17
2016-02-16,20.64,6.0,89.82,22.0,242.71,61.0,69.55,15.72,134.68,32.31
2016-02-17,16.18,3.0,45.47,11.0,147.74,40.0,21.49,6.23,63.58,16.67
2016-02-18,0.0,0.0,0.0,0.0,2.9,1.0,0.0,0.0,0.0,0.0
2016-02-19,0.0,0.0,0.0,0.0,0.0,0.0,0.0,0.0,0.0,0.0
2016-02-20,0.0,0.0,12.74,5.0,53.99,16.0,2.7,1.28,7.76,2.48
2016-02-21,3.05,1.0,38.28,11.0,111.8,30.0,4.93,1.85,11.7,3.11
2016-02-22,93.99,9.0,115.19,15.0,181.46,31.0,27.17,5.39,37.48,8.02
2016-02-23,13.41,4.0,33.19,11.0,130.92,33.0,10.83,4.15,12.39,4.43
2016-02-24,0.28,1.0,14.27,5.0,149.88,35.0,0.07,0.15,0.32,0.22
2016-02-25,7.59,2.0,19.32,7.0,392.49,64.0,1.06,0.71,66.43,12.09
2016-02-26,2.96,1.0,25.45,4.0,164.18,40.0,1.9,0.29,53.97,17.03
2016-02-27,5.81,2.0,20.28,4.0,158.83,39.0,10.42,1.63,23.71,5.49
2016-02-28,3.33,3.0,14.35,6.0,155.84,48.0,2.72,1.05,34.23,10.29
2016-02-29,0.84,1.0,14.47,3.0,179.47,17.0,0.0,0.0,0.63,0.1
2016-03-01,16.96,6.0,54.26,11.0,107.56,29.0,11.8,2.74,46.37,16.08
2016-03-02,0.42,1.0,24.18,5.0,76.64,20.0,13.13,0.98,54.34,11.88
2016-03-03,0.0,0.0,26.76,6.0,116.82,27.0,9.4,1.83,29.63,7.75
2016-03-04,0.0,0.0,15.08,3.0,66.48,19.0,6.63,1.67,13.14,3.86
2016-03-05,0.0,0.0,21.74,1.0,34.0,7.0,4.82,0.22,8.63,1.95
2016-03-06,0.65,1.0,0.65,1.0,10.32,7.0,0.3,0.47,6.48,4.67
2016-03-07,0.0,0.0,23.38,6.0,88.84,26.0,15.76,3.04,28.64,6.72
2016-03-08,7.66,1.0,32.3,5.0,137.37,22.0,21.88,4.1,45.94,8.27
2016-03-09,0.46,1.0,16.77,3.0,72.39,16.0,11.15,2.39,38.51,9.26
2016-03-10,0.0,0.0,4.85,2.0,18.71,7.0,2.6,1.07,6.73,2.36
2016-03-11,0.0,0.0,9.01,3.0,12.28,5.0,0.0,0.0,0.0,0.0
2016-03-12,0.0,0.0,2.16,1.0,9.93,5.0,2.14,0.99,8.14,3.51
2016-03-13,3.82,1.0,10.49,2.0,14.0,4.0,1.41,0.21,1.41,0.21
2016-03-14,0.0,0.0,0.0,0.0,8.41,2.0,0.0,0.0,2.44,0.58
2016-03-15,0.0,0.0,0.0,0.0,26.94,6.0,0.0,0.0,5.88,1.1
2016-03-16,0.63,1.0,3.43,2.0,13.8,4.0,0.06,0.1,0.06,0.1
2016-03-17,0.0,0.0,0.0,0.0,12.34,3.0,0.0,0.0,4.43,1.16
2016-03-18,1.04,2.0,15.54,6.0,102.9,18.0,0.68,0.65,12.93,1.96
2016-03-19,0.0,0.0,11.96,3.0,141.64,22.0,0.0,0.0,56.16,7.25
2016-03-20,0.0,0.0,3.5,1.0,23.24,7.0,1.92,0.55,18.03,5.47
2016-03-21,0.0,0.0,0.0,0.0,129.25,31.0,0.0,0.0,13.52,3.81
2016-03-22,17.56,2.0,19.12,4.0,84.33,25.0,13.2,1.93,14.75,2.49
2016-03-23,4.94,5.0,7.85,10.0,142.68,101.0,0.62,0.78,6.89,2.89
2016-03-24,3.25,1.0,3.25,1.0,122.23,30.0,0.0,0.0,0.9,0.24
2016-03-25,0.0,0.0,0.0,0.0,19.29,3.0,0.0,0.0,6.52,1.19
2016-03-26,0.0,0.0,0.0,0.0,1.41,1.0,0.0,0.0,0.07,0.05
2016-03-27,3.55,2.0,22.25,6.0,32.59,13.0,13.88,2.71,20.16,6.13
2016-03-28,18.52,5.0,32.65,8.0,130.25,28.0,10.21,1.98,10.28,2.08
2016-03-29,0.0,0.0,0.0,0.0,35.44,13.0,0.0,0.0,0.0,0.0
2016-03-30,0.0,0.0,0.0,0.0,33.18,9.0,0.0,0.0,4.97,0.25
2016-03-31,0.0,0.0,0.0,0.0,144.27,32.0,0.0,0.0,14.51,2.88
2016-04-01,3.25,1.0,4.06,2.0,76.59,29.0,3.13,0.96,5.5,1.41
2016-04-02,7.76,1.0,7.76,1.0,71.96,34.0,0.0,0.0,0.07,0.16
2016-04-03,0.0,0.0,0.0,0.0,30.05,17.0,0.0,0.0,0.0,0.0
2016-04-04,0.68,1.0,3.37,2.0,37.78,16.0,2.5,1.39,3.26,2.24
2016-04-05,0.0,0.0,4.6,1.0,21.79,7.0,0.0,0.0,7.99,2.66
2016-04-06,1.4,2.0,2.54,3.0,41.58,23.0,0.85,0.75,4.0,1.49
2016-04-07,16.84,5.0,22.38,8.0,264.6,84.0,3.38,3.72,16.17,9.11
2016-04-08,2.26,1.0,7.8,2.0,371.54,107.0,0.03,0.01,37.28,11.41
2016-04-09,2.88,1.0,8.37,3.0,293.22,65.0,2.86,0.99,82.45,15.27
2016-04-10,2.43,2.0,2.43,2.0,202.44,69.0,1.16,0.96,24.48,10.65
2016-04-11,3.32,3.0,21.96,10.0,180.76,60.0,10.73,4.39,15.69,7.59
2016-04-12,13.5,6.0,27.27,13.0,206.76,55.0,0.96,1.83,12.43,3.46
2016-04-13,16.12,3.0,48.18,11.0,454.47,79.0,31.56,5.54,134.08,12.12
2016-04-14,79.64,9.0,97.97,12.0,321.2,70.0,18.79,1.15,38.78,7.02
2016-04-15,194.93,12.0,259.8,19.0,400.59,57.0,86.74,4.71,86.74,4.71
2016-04-16,52.72,12.0,112.74,26.0,576.6,92.0,28.46,6.66,87.31,10.91
2016-04-17,20.14,4.0,69.9,13.0,250.25,44.0,18.44,3.95,23.8,5.47
2016-04-18,15.75,7.0,117.02,24.0,455.01,132.0,19.07,6.47,122.71,42.38
2016-04-19,6.45,3.0,142.76,15.0,514.0,109.0,56.02,4.61,56.47,4.89
2016-04-20,32.41,10.0,543.64,62.0,1159.18,154.0,370.74,35.75,525.98,54.09
2016-04-21,124.08,18.0,369.37,70.0,1124.57,241.0,171.88,32.23,330.24,61.33
2016-04-22,159.96,27.0,497.25,74.0,1258.41,172.0,254.99,35.15,694.1,73.61
2016-04-23,81.9,12.0,536.32,66.0,1684.43,282.0,331.66,40.05,743.05,102.36
2016-04-24,108.4,15.0,598.15,73.0,2921.72,471.0,279.67,37.24,1172.83,159.97
2016-04-25,63.12,8.0,590.2,60.0,2852.46,425.0,309.44,32.85,1117.93,138.49
2016-04-26,177.29,23.0,651.09,98.0,4307.28,751.0,326.52,49.66,2004.16,318.04
2016-04-27,171.7,33.0,895.1,185.0,6640.7,1075.0,604.41,121.53,2734.79,480.05
2016-04-28,290.28,49.0,1406.38,187.0,7097.16,902.0,1057.71,143.62,4266.05,522.96
2016-04-29,127.49,25.0,1082.68,138.0,5777.92,703.0,755.17,95.01,2553.73,286.48
2016-04-30,69.03,11.0,572.49,55.0,2678.85,284.0,441.54,39.95,1578.1,131.78
2016-05-01,128.96,9.0,974.22,81.0,4982.6,509.0,714.77,55.13,3160.81,280.85
2016-05-02,28.33,4.0,556.18,78.0,3189.54,415.0,292.02,37.19,1275.49,157.21
2016-05-03,0.0,0.0,4.47,1.0,10.08,4.0,0.0,0.0,2.24,0.95
2016-05-04,66.14,9.0,156.99,22.0,309.41,56.0,25.19,2.51,69.63,9.89
2016-05-05,0.0,0.0,0.0,0.0,31.63,10.0,0.0,0.0,2.69,1.45
2016-05-06,5.62,2.0,54.43,14.0,998.06,201.0,0.0,0.0,0.0,0.0
2016-05-07,4.9,3.0,87.16,26.0,527.97,137.0,15.48,8.02,16.34,8.22
2016-05-08,21.02,4.0,82.46,13.0,280.2,48.0,26.05,5.02,42.16,7.58
2016-05-09,9.47,2.0,32.85,9.0,263.53,63.0,0.0,0.0,3.18,1.78
2016-05-10,4.55,2.0,62.64,13.0,315.51,83.0,16.13,1.64,25.58,5.21
2016-05-11,0.0,0.0,31.71,8.0,144.67,39.0,2.71,0.58,2.71,0.58
2016-05-12,20.63,5.0,72.42,19.0,232.2,70.0,49.4,10.86,118.45,32.97
2016-05-13,7.18,1.0,45.47,7.0,154.52,34.0,0.39,0.16,52.9,14.59
2016-05-14,9.22,2.0,39.72,8.0,176.86,33.0,6.98,1.14,82.19,14.84
2016-05-15,70.36,7.0,118.31,16.0,514.38,82.0,54.53,7.24,231.4,40.04
2016-05-16,38.3,1.0,40.78,2.0,153.7,19.0,14.53,0.39,70.01,8.28
2016-05-17,0.0,0.0,6.15,1.0,199.9,29.0,4.9,0.8,70.81,10.19
2016-05-18,14.22,2.0,38.09,6.0,183.45,35.0,29.96,4.39,140.21,26.2
2016-05-19,0.0,0.0,0.0,0.0,46.63,10.0,0.0,0.0,3.94,1.68
2016-05-20,3.46,1.0,12.72,3.0,70.44,22.0,2.72,0.79,9.28,2.64
2016-05-21,0.0,0.0,0.0,0.0,30.87,9.0,0.0,0.0,0.62,0.16
2016-05-22,0.0,0.0,5.59,1.0,68.25,15.0,0.0,0.0,24.28,3.08
2016-05-23,11.92,3.0,11.92,3.0,15.74,4.0,5.37,0.92,9.19,1.92
2016-05-24,0.0,0.0,0.0,0.0,1.27,1.0,0.0,0.0,0.93,0.73
2016-05-25,0.72,1.0,0.72,1.0,20.61,4.0,0.0,0.01,0.84,0.13
2016-05-26,0.0,0.0,0.0,0.0,13.77,4.0,0.0,0.0,0.0,0.0
2016-05-27,0.0,0.0,0.0,0.0,23.09,4.0,0.0,0.0,4.48,1.0
2016-05-28,0.0,0.0,0.65,1.0,1.57,2.0,0.29,0.45,0.72,0.91
2016-05-29,1.46,1.0,1.46,1.0,1.46,1.0,0.0,0.0,0.0,0.0
2016-05-30,0.54,1.0,0.54,1.0,3.37,3.0,0.03,0.06,0.34,0.37
2016-05-31,0.0,0.0,5.2,1.0,14.23,4.0,0.0,0.0,0.0,0.0
2016-06-01,0.0,0.0,0.0,0.0,0.0,0.0,0.0,0.0,0.0,0.0
2016-06-02,0.0,0.0,0.0,0.0,0.0,0.0,0.0,0.0,0.0,0.0
2016-06-03,0.0,0.0,0.0,0.0,0.0,0.0,0.0,0.0,0.0,0.0
2016-06-04,0.0,0.0,29.82,3.0,29.82,3.0,5.29,0.45,5.29,0.45
2016-06-05,0.0,0.0,10.12,1.0,47.74,9.0,0.0,0.0,2.77,1.2
2016-06-06,0.0,0.0,0.0,0.0,2.96,2.0,0.0,0.0,1.73,1.3
2016-06-07,0.0,0.0,1.34,1.0,11.41,8.0,0.71,0.53,5.32,3.8
2016-06-08,0.0,0.0,0.0,0.0,8.49,2.0,0.0,0.0,0.0,0.0
2016-06-09,2.39,1.0,2.39,1.0,2.39,1.0,0.0,0.0,0.0,0.0
2016-06-10,0.0,0.0,0.0,0.0,26.71,3.0,0.0,0.0,0.0,0.0
2016-06-11,0.0,0.0,0.0,0.0,2.59,2.0,0.0,0.0,0.0,0.0
2016-06-12,0.0,0.0,97.17,3.0,101.51,4.0,0.0,0.0,0.0,0.0
2016-06-13,0.0,0.0,0.0,0.0,1.74,1.0,0.0,0.0,0.44,0.25
2016-06-14,0.0,0.0,0.0,0.0,1.23,1.0,0.0,0.0,0.97,0.79
2016-06-15,0.0,0.0,0.0,0.0,0.97,1.0,0.0,0.0,0.01,0.01
2016-06-16,0.0,0.0,0.0,0.0,0.0,0.0,0.0,0.0,0.0,0.0
2016-06-17,0.0,0.0,0.0,0.0,0.0,0.0,0.0,0.0,0.0,0.0
2016-06-18,0.0,0.0,3.19,1.0,5.23,2.0,2.97,0.93,5.0,1.93
2016-06-19,0.0,0.0,0.0,0.0,0.0,0.0,0.0,0.0,0.0,0.0
2016-06-20,0.0,0.0,0.0,0.0,0.0,0.0,0.0,0.0,0.0,0.0
2016-06-21,0.0,0.0,0.0,0.0,3.56,1.0,0.0,0.0,0.0,0.0
2016-06-22,0.0,0.0,0.0,0.0,2.76,2.0,0.0,0.0,1.0,0.68
2016-06-23,0.0,0.0,0.0,0.0,1.17,1.0,0.0,0.0,0.0,0.0
2016-06-24,0.0,0.0,0.0,0.0,0.0,0.0,0.0,0.0,0.0,0.0
2016-06-25,0.0,0.0,0.0,0.0,11.67,2.0,0.0,0.0,0.0,0.0
2016-06-26,0.0,0.0,2.25,1.0,2.91,2.0,0.0,0.0,0.0,0.0
2016-06-27,0.0,0.0,0.0,0.0,0.0,0.0,0.0,0.0,0.0,0.0
2016-06-28,0.0,0.0,0.0,0.0,0.38,1.0,0.0,0.0,0.37,0.98
2016-06-29,0.0,0.0,0.0,0.0,0.0,0.0,0.0,0.0,0.0,0.0
2016-06-30,0.0,0.0,0.0,0.0,0.0,0.0,0.0,0.0,0.0,0.0
2016-07-01,0.0,0.0,0.0,0.0,0.0,0.0,0.0,0.0,0.0,0.0
2016-07-02,0.0,0.0,0.0,0.0,0.0,0.0,0.0,0.0,0.0,0.0
2016-07-03,0.0,0.0,0.0,0.0,0.0,0.0,0.0,0.0,0.0,0.0
2016-07-04,0.0,0.0,0.0,0.0,0.0,0.0,0.0,0.0,0.0,0.0
2016-07-05,0.0,0.0,0.0,0.0,0.0,0.0,0.0,0.0,0.0,0.0
2016-07-06,0.0,0.0,0.0,0.0,0.0,0.0,0.0,0.0,0.0,0.0
2016-07-07,0.62,1.0,0.62,1.0,0.62,1.0,0.0,0.0,0.0,0.0
2016-07-08,0.0,0.0,0.0,0.0,0.0,0.0,0.0,0.0,0.0,0.0
2016-07-09,2.73,1.0,2.73,1.0,2.73,1.0,1.83,0.67,1.83,0.67
2016-07-10,0.0,0.0,0.0,0.0,0.0,0.0,0.0,0.0,0.0,0.0
2016-07-11,0.0,0.0,0.0,0.0,0.0,0.0,0.0,0.0,0.0,0.0
2016-07-12,0.0,0.0,0.0,0.0,0.0,0.0,0.0,0.0,0.0,0.0
2016-07-13,0.0,0.0,0.0,0.0,0.0,0.0,0.0,0.0,0.0,0.0
2016-07-14,0.0,0.0,0.0,0.0,0.0,0.0,0.0,0.0,0.0,0.0
2016-07-15,0.0,0.0,0.0,0.0,0.0,0.0,0.0,0.0,0.0,0.0
2016-07-16,0.0,0.0,0.0,0.0,0.0,0.0,0.0,0.0,0.0,0.0
2016-07-17,0.0,0.0,0.0,0.0,0.0,0.0,0.0,0.0,0.0,0.0
2016-07-18,2.19,1.0,2.19,1.0,4.84,2.0,0.9,0.41,0.9,0.41
2016-07-19,0.0,0.0,0.0,0.0,0.0,0.0,0.0,0.0,0.0,0.0
2016-07-20,0.0,0.0,0.0,0.0,0.0,0.0,0.0,0.0,0.0,0.0
2016-07-21,0.0,0.0,0.0,0.0,0.0,0.0,0.0,0.0,0.0,0.0
2016-07-22,0.0,0.0,0.0,0.0,0.0,0.0,0.0,0.0,0.0,0.0
2016-07-23,0.0,0.0,0.0,0.0,0.0,0.0,0.0,0.0,0.0,0.0
2016-07-24,0.0,0.0,0.0,0.0,0.0,0.0,0.0,0.0,0.0,0.0
2016-07-25,0.0,0.0,0.0,0.0,0.0,0.0,0.0,0.0,0.0,0.0
2016-07-26,0.0,0.0,0.0,0.0,0.0,0.0,0.0,0.0,0.0,0.0
2016-07-27,0.0,0.0,0.0,0.0,0.0,0.0,0.0,0.0,0.0,0.0
2016-07-28,0.0,0.0,0.0,0.0,0.0,0.0,0.0,0.0,0.0,0.0
2016-07-29,0.0,0.0,0.0,0.0,0.0,0.0,0.0,0.0,0.0,0.0
2016-07-30,0.0,0.0,0.0,0.0,0.0,0.0,0.0,0.0,0.0,0.0
2016-07-31,0.0,0.0,0.0,0.0,0.0,0.0,0.0,0.0,0.0,0.0
2016-08-01,0.0,0.0,0.0,0.0,0.0,0.0,0.0,0.0,0.0,0.0
2016-08-02,0.0,0.0,0.0,0.0,0.0,0.0,0.0,0.0,0.0,0.0
2016-08-03,0.0,0.0,0.0,0.0,0.86,1.0,0.0,0.0,0.86,1.0
2016-08-04,0.0,0.0,0.0,0.0,5.65,2.0,0.0,0.0,0.39,0.11
2016-08-05,0.0,0.0,0.0,0.0,0.0,0.0,0.0,0.0,0.0,0.0
2016-08-06,2.45,1.0,2.45,1.0,3.46,2.0,0.0,0.0,0.9,0.89
2016-08-07,0.0,0.0,0.0,0.0,0.0,0.0,0.0,0.0,0.0,0.0
2016-08-08,0.0,0.0,0.0,0.0,0.0,0.0,0.0,0.0,0.0,0.0
2016-08-09,0.0,0.0,0.0,0.0,0.0,0.0,0.0,0.0,0.0,0.0
2016-08-10,0.0,0.0,0.0,0.0,0.0,0.0,0.0,0.0,0.0,0.0
2016-08-11,0.0,0.0,0.0,0.0,0.0,0.0,0.0,0.0,0.0,0.0
2016-08-12,0.0,0.0,0.0,0.0,0.0,0.0,0.0,0.0,0.0,0.0
2016-08-13,0.0,0.0,0.0,0.0,0.0,0.0,0.0,0.0,0.0,0.0
2016-08-14,0.0,0.0,0.0,0.0,0.0,0.0,0.0,0.0,0.0,0.0
2016-08-15,0.0,0.0,0.0,0.0,0.0,0.0,0.0,0.0,0.0,0.0
2016-08-16,0.0,0.0,0.0,0.0,0.93,1.0,0.0,0.0,0.16,0.17
2016-08-17,0.0,0.0,0.0,0.0,0.0,0.0,0.0,0.0,0.0,0.0
2016-08-18,0.0,0.0,0.0,0.0,1.47,1.0,0.0,0.0,1.47,1.0
2016-08-19,0.0,0.0,0.0,0.0,2.38,2.0,0.0,0.0,1.02,1.21
2016-08-20,0.0,0.0,0.0,0.0,2.88,1.0,0.0,0.0,0.0,0.0
2016-08-21,0.0,0.0,0.0,0.0,0.0,0.0,0.0,0.0,0.0,0.0
2016-08-22,0.0,0.0,0.0,0.0,0.0,0.0,0.0,0.0,0.0,0.0
2016-08-23,0.0,0.0,0.0,0.0,0.0,0.0,0.0,0.0,0.0,0.0
2016-08-24,0.0,0.0,0.0,0.0,0.0,0.0,0.0,0.0,0.0,0.0
2016-08-25,0.0,0.0,0.0,0.0,0.0,0.0,0.0,0.0,0.0,0.0
2016-08-26,4.38,1.0,4.38,1.0,8.19,2.0,0.0,0.0,0.0,0.0
2016-08-27,0.0,0.0,0.0,0.0,0.0,0.0,0.0,0.0,0.0,0.0
2016-08-28,0.0,0.0,0.0,0.0,0.0,0.0,0.0,0.0,0.0,0.0
2016-08-29,0.0,0.0,0.0,0.0,0.0,0.0,0.0,0.0,0.0,0.0
2016-08-30,0.0,0.0,0.0,0.0,0.0,0.0,0.0,0.0,0.0,0.0
2016-08-31,0.0,0.0,0.0,0.0,0.0,0.0,0.0,0.0,0.0,0.0
2016-09-01,0.0,0.0,0.0,0.0,0.0,0.0,0.0,0.0,0.0,0.0
2016-09-02,0.0,0.0,0.0,0.0,0.0,0.0,0.0,0.0,0.0,0.0
2016-09-03,0.0,0.0,0.0,0.0,5.68,2.0,0.0,0.0,0.44,0.16
2016-09-04,3.63,2.0,3.63,2.0,17.63,6.0,0.0,0.0,0.19,0.05
2016-09-05,9.46,2.0,9.46,2.0,9.46,2.0,0.31,0.07,0.31,0.07
2016-09-06,0.0,0.0,0.0,0.0,18.79,5.0,0.0,0.0,2.38,0.63
2016-09-07,0.0,0.0,0.0,0.0,0.0,0.0,0.0,0.0,0.0,0.0
2016-09-08,1.91,1.0,1.91,1.0,10.56,4.0,1.33,0.69,3.38,1.41
2016-09-09,0.0,0.0,0.0,0.0,0.0,0.0,0.0,0.0,0.0,0.0
2016-09-10,7.68,2.0,8.08,3.0,8.08,3.0,5.29,1.67,5.29,1.67
2016-09-11,1.54,1.0,1.54,1.0,1.54,1.0,0.02,0.01,0.02,0.01
2016-09-12,0.0,0.0,0.53,1.0,3.65,2.0,0.06,0.12,0.31,0.2
2016-09-13,0.0,0.0,0.0,0.0,8.44,2.0,0.0,0.0,6.11,1.37
2016-09-14,7.14,3.0,7.14,3.0,7.14,3.0,0.0,0.0,0.0,0.0
2016-09-15,2.62,1.0,2.62,1.0,12.63,7.0,0.14,0.05,4.98,3.52
2016-09-16,0.0,0.0,0.0,0.0,23.48,4.0,0.0,0.0,20.83,3.48
2016-09-17,0.0,0.0,0.0,0.0,9.33,1.0,0.0,0.0,1.18,0.13
2016-09-18,0.0,0.0,0.0,0.0,23.91,5.0,0.0,0.0,0.0,0.0
2016-09-19,0.0,0.0,1.03,1.0,38.68,7.0,0.01,0.01,0.01,0.01
2016-09-20,0.0,0.0,7.24,2.0,48.54,14.0,0.0,0.0,0.0,0.0
2016-09-21,0.0,0.0,2.95,1.0,2.95,1.0,0.0,0.0,0.0,0.0
2016-09-22,0.0,0.0,0.0,0.0,11.51,3.0,0.0,0.0,0.0,0.0
2016-09-23,0.0,0.0,0.0,0.0,0.0,0.0,0.0,0.0,0.0,0.0
2016-09-24,0.0,0.0,0.0,0.0,30.17,9.0,0.0,0.0,0.2,0.11
2016-09-25,1.38,2.0,1.38,2.0,96.83,27.0,0.51,0.89,0.51,0.89
2016-09-26,3.24,2.0,3.24,2.0,25.59,9.0,0.0,0.0,4.27,1.19
2016-09-27,0.0,0.0,5.97,1.0,24.54,5.0,0.0,0.0,0.0,0.0
2016-09-28,1.47,1.0,1.47,1.0,19.74,6.0,0.0,0.0,0.0,0.0
2016-09-29,0.0,0.0,0.0,0.0,57.86,9.0,0.0,0.0,0.0,0.0
2016-09-30,2.92,2.0,2.92,2.0,99.0,26.0,0.51,0.83,10.9,3.27
2016-10-01,2.33,1.0,4.6,2.0,214.18,52.0,0.0,0.0,9.46,2.21
2016-10-02,0.0,0.0,0.0,0.0,113.14,19.0,0.0,0.0,9.07,2.26
2016-10-03,0.0,0.0,0.0,0.0,73.35,18.0,0.0,0.0,9.63,1.88
2016-10-04,0.0,0.0,0.0,0.0,21.48,5.0,0.0,0.0,3.29,0.8
2016-10-05,0.0,0.0,0.0,0.0,78.68,15.0,0.0,0.0,31.52,6.43
2016-10-06,0.0,0.0,0.0,0.0,453.21,109.0,0.0,0.0,7.31,2.24
2016-10-07,0.0,0.0,0.0,0.0,626.48,127.0,0.0,0.0,475.78,94.04
2016-10-08,4.02,2.0,9.21,3.0,466.65,71.0,3.52,1.75,339.05,50.46
2016-10-09,16.51,1.0,22.57,3.0,593.97,116.0,16.3,1.78,110.41,20.69
2016-10-10,1.61,1.0,4.75,2.0,971.26,188.0,0.0,0.0,576.0,106.77
2016-10-11,8.92,3.0,27.39,8.0,1725.18,337.0,6.32,2.45,1150.46,222.33
2016-10-12,10.45,2.0,32.12,8.0,1698.91,325.0,14.64,3.27,680.41,122.53
2016-10-13,10.64,4.0,34.3,11.0,1711.9,300.0,7.21,2.0,717.66,118.09
2016-10-14,7.35,4.0,11.88,6.0,1872.42,332.0,3.52,2.19,1195.96,205.25
2016-10-15,4.54,1.0,15.66,3.0,1867.06,263.0,0.0,0.0,1383.07,182.2
2016-10-16,5.39,4.0,177.5,32.0,2581.61,432.0,11.58,3.2,863.09,137.37
2016-10-17,1.1,1.0,126.3,27.0,1954.25,402.0,5.34,0.7,904.44,180.46
2016-10-18,5.43,2.0,75.72,13.0,1747.45,283.0,3.26,1.36,896.02,137.78
2016-10-19,0.0,0.0,42.37,13.0,1124.16,227.0,0.0,0.0,296.08,52.76
2016-10-20,7.87,3.0,86.36,22.0,1163.58,238.0,1.29,0.6,313.82,64.69
2016-10-21,17.26,6.0,112.56,26.0,1948.75,281.0,7.67,2.58,993.2,115.62
2016-10-22,25.62,8.0,226.42,44.0,1963.92,391.0,3.16,2.02,948.58,183.09
2016-10-23,10.42,3.0,205.1,41.0,2204.66,372.0,19.73,5.27,1230.58,183.02
2016-10-24,0.0,0.0,129.24,20.0,1691.16,191.0,2.61,0.84,778.1,69.74
2016-10-25,7.06,1.0,126.56,23.0,1326.74,227.0,2.91,0.56,865.9,141.07
2016-10-26,3.24,2.0,546.03,36.0,2826.95,377.0,5.58,2.86,2096.99,304.02
2016-10-27,40.99,13.0,685.16,105.0,3666.29,553.0,40.01,14.43,2693.3,399.9
2016-10-28,9.12,3.0,573.14,98.0,3038.94,513.0,13.06,4.65,953.99,153.04
2016-10-29,5.74,2.0,334.46,64.0,2439.36,365.0,94.14,18.84,157.55,34.98
2016-10-30,14.42,9.0,395.47,86.0,2058.15,314.0,7.21,5.26,65.15,20.14
2016-10-31,23.23,7.0,426.05,76.0,4803.23,598.0,30.35,5.67,2017.08,239.86
2016-11-01,31.8,7.0,660.22,106.0,4145.3,630.0,24.45,8.08,3238.46,481.31
2016-11-02,18.33,7.0,284.88,78.0,2303.82,460.0,16.25,7.46,1651.52,305.59
2016-11-03,34.14,6.0,714.25,98.0,3212.19,523.0,17.69,4.45,1921.4,325.21
2016-11-04,20.19,4.0,242.1,63.0,1210.45,226.0,0.81,0.29,673.62,108.47
2016-11-05,26.21,8.0,158.84,41.0,1473.63,319.0,5.69,1.26,1129.88,237.14
2016-11-06,32.16,9.0,363.28,79.0,2019.72,357.0,6.71,2.31,1489.66,241.42
2016-11-07,27.22,7.0,350.35,94.0,4487.45,760.0,53.19,19.71,3728.89,585.17
2016-11-08,78.32,12.0,465.49,87.0,2561.2,396.0,56.4,14.11,1707.53,240.11
2016-11-09,3.82,2.0,176.98,34.0,1738.64,230.0,33.43,5.87,1316.57,160.39
2016-11-10,9.03,3.0,167.26,29.0,1251.02,237.0,3.29,1.24,251.55,50.89
2016-11-11,12.9,5.0,246.86,45.0,1847.57,311.0,64.82,13.14,118.53,23.85
2016-11-12,13.6,5.0,206.18,56.0,1729.85,318.0,106.22,23.39,165.85,35.57
2016-11-13,35.56,9.0,208.19,61.0,1213.56,233.0,46.55,14.3,91.77,28.37
2016-11-14,0.0,0.0,70.97,21.0,445.4,97.0,11.54,4.67,121.9,25.24
2016-11-15,0.0,0.0,21.48,9.0,159.83,40.0,3.13,1.04,100.63,20.64
2016-11-16,0.0,0.0,54.29,14.0,588.06,96.0,6.67,2.0,479.21,67.08
2016-11-17,34.71,4.0,79.25,19.0,497.74,99.0,50.08,10.89,368.14,64.86
2016-11-18,2.9,1.0,91.88,31.0,451.91,109.0,28.74,11.55,262.88,51.55
2016-11-19,5.77,4.0,66.41,20.0,195.28,57.0,4.69,2.43,42.26,12.21
2016-11-20,7.22,2.0,43.73,15.0,259.75,48.0,10.94,3.75,17.8,7.09
2016-11-21,8.18,3.0,56.55,18.0,160.29,51.0,2.79,1.34,31.05,11.64
2016-11-22,5.84,3.0,32.02,15.0,223.3,50.0,15.82,5.36,167.18,29.96
2016-11-23,44.24,11.0,118.94,37.0,246.58,81.0,42.45,15.29,103.38,31.12
2016-11-24,3.91,2.0,98.92,29.0,321.52,77.0,20.57,8.13,110.91,20.41
2016-11-25,35.72,7.0,46.86,11.0,116.96,35.0,5.68,1.62,21.44,7.34
2016-11-26,2.98,1.0,34.54,10.0,86.79,26.0,17.25,4.24,32.99,7.72
2016-11-27,48.52,7.0,63.77,12.0,169.39,35.0,19.52,4.55,85.12,16.0
2016-11-28,3.19,2.0,93.96,20.0,171.67,45.0,47.74,8.64,59.26,12.77
2016-11-29,18.45,6.0,145.91,46.0,353.83,122.0,100.91,31.6,257.31,88.81
2016-11-30,30.76,8.0,118.71,30.0,217.95,59.0,25.66,6.24,51.62,12.71
2016-12-01,10.28,2.0,39.4,11.0,138.28,46.0,26.2,7.01,106.21,33.03
2016-12-02,13.85,6.0,45.99,19.0,90.47,40.0,3.06,1.3,9.64,3.96
2016-12-03,24.72,7.0,133.07,38.0,255.08,76.0,6.98,2.53,23.92,7.18
2016-12-04,50.47,11.0,146.1,40.0,371.16,117.0,30.52,7.21,51.9,14.35
2016-12-05,0.69,1.0,91.63,26.0,223.41,65.0,27.29,7.69,44.62,13.94
2016-12-06,8.82,3.0,22.74,8.0,40.92,13.0,17.0,5.66,27.63,8.65
2016-12-07,2.69,1.0,27.56,10.0,51.44,19.0,6.45,2.5,6.93,2.72
2016-12-08,21.19,6.0,47.98,15.0,110.98,32.0,10.95,3.83,15.13,5.08
2016-12-09,16.33,5.0,107.84,36.0,182.7,61.0,2.0,0.44,14.13,3.66
2016-12-10,0.75,1.0,0.75,1.0,0.75,1.0,0.0,0.0,0.0,0.0
2016-12-11,6.27,7.0,87.99,27.0,158.7,43.0,9.19,6.52,27.78,10.67
2016-12-12,0.0,0.0,61.58,17.0,109.14,34.0,17.11,4.88,25.12,7.76
2016-12-13,0.0,0.0,84.64,19.0,215.26,51.0,49.75,10.38,74.0,15.79
2016-12-14,16.24,4.0,169.91,51.0,344.69,103.0,31.46,9.92,64.38,19.31
2016-12-15,15.11,5.0,103.57,30.0,272.7,86.0,21.25,3.73,41.18,9.31
2016-12-16,22.86,3.0,150.48,39.0,240.03,64.0,40.58,10.85,72.18,18.64
2016-12-17,1.76,1.0,39.85,15.0,149.2,47.0,6.72,2.43,52.53,14.98
2016-12-18,10.79,4.0,157.69,47.0,320.99,99.0,40.86,11.18,63.82,17.96
2016-12-19,16.93,4.0,119.33,29.0,263.31,71.0,33.23,7.25,61.53,12.26
2016-12-20,20.13,6.0,101.54,33.0,210.15,72.0,22.4,6.12,37.3,10.7
2016-12-21,4.52,1.0,72.45,15.0,238.72,56.0,39.3,4.96,77.75,11.52
2016-12-22,4.86,2.0,75.69,18.0,136.77,30.0,21.34,5.57,37.11,9.36
2016-12-23,6.75,2.0,117.98,35.0,259.39,73.0,22.91,3.83,36.35,7.27
2016-12-24,2.71,2.0,128.3,38.0,244.08,75.0,7.2,2.18,28.98,8.57
2016-12-25,4.77,1.0,201.59,51.0,327.75,90.0,5.01,2.03,18.6,6.26
2016-12-26,2.36,1.0,93.03,28.0,176.11,61.0,13.11,3.94,27.49,9.48
2016-12-27,12.05,3.0,84.22,23.0,165.21,45.0,17.87,4.04,32.86,8.1
2016-12-28,4.35,2.0,28.29,10.0,75.36,25.0,0.0,0.0,2.81,0.65
2016-12-29,4.07,1.0,24.62,5.0,37.41,8.0,7.36,1.54,7.36,1.54
2016-12-30,12.54,5.0,173.99,46.0,321.09,93.0,17.04,4.96,59.77,19.71
2016-12-31,5.13,3.0,54.12,19.0,157.03,45.0,0.92,0.37,9.28,3.49
2017-01-01,1.6,1.0,71.33,19.0,221.67,58.0,33.2,6.96,94.49,21.5
2017-01-02,7.04,4.0,118.98,35.0,187.12,58.0,60.87,18.98,101.48,32.59
2017-01-03,0.91,2.0,59.44,21.0,163.98,54.0,11.15,2.93,12.75,3.36
2017-01-04,19.4,4.0,165.17,39.0,338.81,87.0,11.23,2.95,15.26,4.34
2017-01-05,12.3,6.0,151.13,54.0,278.44,99.0,2.33,2.35,2.33,2.35
2017-01-06,2.42,1.0,32.23,9.0,85.89,17.0,1.91,0.61,34.25,2.61
2017-01-07,0.0,0.0,0.0,0.0,0.0,0.0,0.0,0.0,0.0,0.0
2017-01-08,0.0,0.0,3.68,1.0,3.68,1.0,0.0,0.0,0.0,0.0
2017-01-09,0.0,0.0,34.75,9.0,40.24,12.0,5.71,1.8,7.95,3.45
2017-01-10,10.1,5.0,37.04,15.0,149.21,42.0,6.98,2.78,24.21,7.12
2017-01-11,0.0,0.0,50.01,11.0,171.23,47.0,2.83,0.3,12.82,2.47
2017-01-12,0.0,0.0,11.11,4.0,84.49,21.0,0.64,0.29,3.1,1.59
2017-01-13,1.84,1.0,39.77,14.0,152.88,36.0,12.89,5.0,40.45,12.95
2017-01-14,0.0,0.0,34.97,9.0,131.28,31.0,3.42,0.7,20.48,3.28
2017-01-15,7.38,2.0,129.78,34.0,263.24,74.0,4.37,1.55,13.78,4.43
2017-01-16,10.82,6.0,112.91,38.0,171.24,60.0,9.48,1.5,10.76,1.91
2017-01-17,5.56,2.0,10.52,3.0,29.16,8.0,1.0,0.2,1.0,0.2
2017-01-18,0.0,0.0,32.27,9.0,76.42,20.0,8.58,2.78,23.04,6.05
2017-01-19,2.31,2.0,39.08,11.0,138.57,38.0,19.79,3.11,40.77,8.14
2017-01-20,3.62,2.0,25.18,8.0,69.94,15.0,1.08,1.02,6.97,1.36
2017-01-21,3.38,2.0,26.18,9.0,85.03,23.0,4.81,1.93,29.5,6.21
2017-01-22,0.0,0.0,142.49,26.0,242.5,50.0,49.99,9.73,72.75,14.07
2017-01-23,0.0,0.0,15.61,4.0,62.29,15.0,2.87,0.97,16.61,3.87
2017-01-24,34.07,5.0,92.61,25.0,153.55,41.0,49.13,15.15,74.01,20.41
2017-01-25,11.64,1.0,16.96,2.0,16.96,2.0,5.29,0.99,5.29,0.99
2017-01-26,0.0,0.0,9.1,1.0,32.88,9.0,8.6,0.94,24.63,6.71
2017-01-27,0.0,0.0,0.0,0.0,1.08,1.0,0.0,0.0,0.0,0.0
2017-01-28,0.0,0.0,0.0,0.0,0.0,0.0,0.0,0.0,0.0,0.0
2017-01-29,0.0,0.0,0.0,0.0,0.55,1.0,0.0,0.0,0.0,0.0
2017-01-30,0.0,0.0,0.0,0.0,15.74,5.0,0.0,0.0,0.0,0.0
2017-01-31,4.91,2.0,36.12,9.0,97.16,28.0,4.59,1.49,22.16,6.02
2017-02-01,8.48,3.0,15.97,7.0,82.08,32.0,4.54,2.35,9.22,4.61
2017-02-02,7.14,2.0,63.45,15.0,106.7,23.0,9.32,3.18,15.61,3.71
2017-02-03,0.0,0.0,47.12,11.0,138.82,27.0,24.27,5.12,44.0,9.4
2017-02-04,0.0,0.0,0.0,0.0,5.44,2.0,0.0,0.0,0.49,0.18
2017-02-05,1.37,3.0,87.71,16.0,105.09,22.0,1.1,1.45,2.66,3.54
2017-02-06,12.54,3.0,78.3,18.0,178.82,46.0,48.97,8.46,65.84,12.65
2017-02-07,0.0,0.0,49.54,10.0,102.64,25.0,13.22,3.26,16.41,4.1
2017-02-08,27.01,2.0,125.77,29.0,227.33,54.0,42.76,9.8,77.14,20.83
2017-02-09,0.0,0.0,60.01,14.0,184.85,42.0,25.94,5.54,51.27,10.65
2017-02-10,0.0,0.0,22.49,8.0,191.48,45.0,12.87,4.22,47.52,9.67
2017-02-11,17.41,7.0,142.16,39.0,274.31,83.0,53.71,11.43,88.04,22.47
2017-02-12,7.07,2.0,116.36,34.0,321.15,90.0,40.13,12.0,150.79,42.79
2017-02-13,2.31,1.0,50.74,13.0,107.55,32.0,16.66,3.61,25.64,6.33
2017-02-14,5.46,2.0,18.81,6.0,57.91,19.0,3.26,1.15,5.01,2.59
2017-02-15,4.14,1.0,36.68,9.0,83.67,25.0,6.02,2.12,27.92,8.07
2017-02-16,2.6,1.0,57.89,16.0,181.47,48.0,17.25,3.07,24.71,5.43
2017-02-17,4.6,1.0,17.45,6.0,65.99,23.0,3.53,1.21,13.97,4.35
2017-02-18,2.91,1.0,25.92,7.0,129.98,28.0,10.02,2.26,10.78,2.56
2017-02-19,7.99,2.0,34.93,11.0,79.51,29.0,5.04,1.05,14.73,4.24
2017-02-20,1.15,2.0,7.74,4.0,46.85,15.0,0.0,0.0,0.0,0.0
2017-02-21,20.61,5.0,58.87,14.0,90.31,20.0,5.77,2.08,9.61,2.86
2017-02-22,36.43,8.0,70.71,18.0,130.91,43.0,25.54,4.23,34.42,7.5
2017-02-23,64.03,3.0,111.25,12.0,187.7,33.0,10.26,2.01,15.49,3.86
2017-02-24,2.74,2.0,7.17,5.0,57.79,19.0,5.05,2.82,20.52,7.98
2017-02-25,0.0,0.0,3.03,2.0,153.67,25.0,2.57,1.34,41.9,7.69
2017-02-26,28.41,5.0,46.05,11.0,127.53,35.0,6.52,2.51,16.71,6.1
2017-02-27,0.45,1.0,40.04,14.0,154.83,39.0,7.09,2.37,37.68,6.41
2017-02-28,0.0,0.0,33.04,8.0,102.13,21.0,3.93,1.49,4.59,1.67
2017-03-01,0.0,0.0,10.96,3.0,67.67,14.0,9.66,2.59,44.08,7.85
2017-03-02,0.0,0.0,24.64,8.0,83.48,19.0,12.69,3.72,33.03,7.26
2017-03-03,0.57,1.0,0.57,1.0,16.26,4.0,0.56,0.98,1.09,1.05
2017-03-04,16.69,6.0,35.59,12.0,120.59,33.0,5.61,1.9,6.28,2.47
2017-03-05,3.4,2.0,89.83,13.0,329.28,56.0,14.29,3.36,18.27,4.74
2017-03-06,17.54,7.0,36.9,11.0,127.12,35.0,1.88,2.45,6.58,3.68
2017-03-07,0.0,0.0,15.59,5.0,58.05,17.0,13.73,4.43,34.56,11.04
2017-03-08,0.0,0.0,0.0,0.0,0.0,0.0,0.0,0.0,0.0,0.0
2017-03-09,2.12,2.0,10.16,7.0,68.38,21.0,2.04,1.93,38.56,10.44
2017-03-10,3.68,3.0,5.21,4.0,40.13,18.0,0.66,0.7,6.32,3.41
2017-03-11,0.0,0.0,6.11,1.0,6.71,2.0,0.0,0.0,0.57,0.94
2017-03-12,1.42,2.0,9.16,5.0,44.65,16.0,5.52,2.87,8.78,5.69
2017-03-13,0.0,0.0,17.23,6.0,50.98,14.0,3.8,2.08,30.95,7.69
2017-03-14,6.57,3.0,28.06,7.0,75.14,21.0,9.39,3.23,31.17,7.54
2017-03-15,9.42,3.0,20.34,6.0,183.15,45.0,7.86,1.54,30.56,8.63
2017-03-16,4.37,1.0,19.6,5.0,50.19,12.0,2.64,0.58,3.21,1.45
2017-03-17,0.45,1.0,26.55,8.0,104.89,24.0,11.43,2.81,44.11,9.22
2017-03-18,3.3,2.0,9.49,4.0,41.21,13.0,4.47,2.28,12.92,4.76
2017-03-19,6.91,3.0,6.91,3.0,18.4,10.0,5.12,0.99,9.95,3.09
2017-03-20,0.0,0.0,0.4,1.0,52.26,8.0,0.0,0.0,13.66,1.34
2017-03-21,7.85,3.0,20.56,6.0,116.15,34.0,9.06,1.96,27.24,5.97
2017-03-22,3.71,1.0,17.86,5.0,52.05,13.0,6.79,2.37,9.3,2.74
2017-03-23,0.0,0.0,17.98,5.0,52.78,15.0,1.79,1.36,6.23,3.05
2017-03-24,2.24,1.0,2.24,1.0,38.11,12.0,1.78,0.8,6.95,2.36
2017-03-25,1.72,2.0,10.15,4.0,82.58,26.0,1.14,1.4,6.35,2.9
2017-03-26,0.0,0.0,6.51,3.0,153.27,28.0,0.37,0.43,8.29,1.89
2017-03-27,0.0,0.0,28.17,4.0,43.4,9.0,5.45,1.1,5.71,1.16
2017-03-28,0.0,0.0,3.52,1.0,64.79,8.0,0.0,0.0,0.85,0.95
2017-03-29,4.25,3.0,4.25,3.0,17.36,10.0,1.6,1.12,2.55,1.52
2017-03-30,3.54,1.0,3.54,1.0,126.95,41.0,1.46,0.41,2.02,0.9
2017-03-31,0.0,0.0,23.55,6.0,194.96,59.0,4.5,2.48,8.81,3.37
2017-04-01,2.78,1.0,15.69,5.0,138.59,32.0,1.43,1.41,5.58,2.76
2017-04-02,0.0,0.0,11.95,3.0,162.43,42.0,2.94,0.98,3.02,0.99
2017-04-03,12.76,4.0,29.51,8.0,167.73,63.0,4.95,1.16,6.65,1.79
2017-04-04,4.05,1.0,12.19,2.0,19.08,3.0,0.68,0.17,2.16,0.38
2017-04-05,21.03,1.0,48.49,9.0,53.63,11.0,22.54,3.37,22.6,3.39
2017-04-06,30.89,5.0,38.12,7.0,77.63,18.0,29.98,4.33,29.98,4.33
2017-04-07,1.73,2.0,22.3,6.0,46.55,14.0,0.23,0.93,2.73,2.15
2017-04-08,0.0,0.0,7.59,4.0,74.65,25.0,0.62,1.38,6.79,3.55
2017-04-09,8.2,3.0,29.58,13.0,300.68,72.0,10.03,4.52,29.39,9.28
2017-04-10,53.41,7.0,197.71,18.0,405.22,68.0,32.35,7.61,60.52,14.5
2017-04-11,3.09,4.0,22.14,13.0,146.49,43.0,3.19,3.47,16.17,7.27
2017-04-12,13.29,2.0,17.81,7.0,96.06,28.0,3.11,0.7,20.82,6.23
2017-04-13,8.02,3.0,25.51,7.0,105.19,21.0,8.7,2.31,8.7,2.31
2017-04-14,2.97,1.0,83.61,14.0,194.61,25.0,15.59,1.82,19.78,3.51
2017-04-15,69.07,9.0,183.91,26.0,217.24,38.0,50.02,8.43,51.87,11.1
2017-04-16,3.31,2.0,18.28,6.0,79.71,18.0,3.66,2.34,34.07,9.0
2017-04-17,0.0,0.0,61.3,6.0,107.05,17.0,18.81,1.39,19.21,1.46
2017-04-18,20.02,5.0,401.88,28.0,694.8,51.0,150.99,8.04,301.62,17.92
2017-04-19,22.48,4.0,118.89,27.0,518.55,66.0,26.61,6.81,198.88,23.25
2017-04-20,93.33,14.0,260.59,41.0,311.87,52.0,34.22,9.24,58.46,13.01
2017-04-21,42.99,8.0,266.3,47.0,316.89,70.0,62.33,11.74,67.22,14.29
2017-04-22,0.0,0.0,19.99,3.0,52.41,14.0,1.39,1.0,1.45,1.04
2017-04-23,74.08,10.0,172.18,36.0,333.13,55.0,74.31,16.09,165.69,26.19
2017-04-24,61.43,12.0,306.7,83.0,452.19,118.0,225.85,55.75,334.57,79.31
2017-04-25,36.47,11.0,204.57,41.0,752.64,138.0,101.6,18.73,286.19,48.81
2017-04-26,149.64,19.0,781.3,80.0,1425.07,209.0,297.17,30.91,476.59,63.61
2017-04-27,39.39,8.0,179.95,33.0,581.3,93.0,147.52,24.67,474.5,67.78
2017-04-28,0.0,0.0,26.45,14.0,436.61,93.0,11.61,5.79,53.19,14.12
2017-04-29,84.08,22.0,262.75,56.0,774.43,163.0,57.12,15.99,69.75,20.83
2017-04-30,126.55,28.0,446.19,103.0,832.21,201.0,19.78,4.06,60.91,14.08
2017-05-01,173.26,24.0,1208.01,146.0,3257.69,359.0,349.89,49.7,1298.09,152.81
2017-05-02,577.36,52.0,2087.3,219.0,4154.88,525.0,49.0,4.42,52.91,5.05
2017-05-03,0.0,0.0,53.95,6.0,350.41,28.0,8.42,0.93,48.99,2.99
2017-05-04,160.78,19.0,775.25,98.0,1913.45,305.0,472.66,59.58,1188.46,177.36
2017-05-05,230.24,39.0,793.26,149.0,3308.77,613.0,561.57,110.15,2285.54,441.02
2017-05-06,264.86,30.0,963.83,113.0,2495.06,357.0,584.26,70.51,1626.28,232.06
2017-05-07,327.4,27.0,938.95,103.0,2837.87,358.0,604.01,70.84,1872.72,234.97
2017-05-08,13.7,3.0,100.86,23.0,628.45,123.0,5.61,0.94,5.81,1.04
2017-05-09,45.75,11.0,218.5,42.0,790.28,159.0,15.99,4.24,96.78,16.49
2017-05-10,10.79,4.0,76.76,24.0,482.38,113.0,11.81,4.52,39.05,9.06
2017-05-11,27.09,5.0,67.24,12.0,567.1,87.0,19.19,3.81,127.3,28.22
2017-05-12,26.65,4.0,141.3,27.0,409.38,84.0,6.86,1.43,59.89,14.35
2017-05-13,17.56,3.0,35.62,13.0,533.37,103.0,12.17,5.68,266.9,51.32
2017-05-14,59.19,8.0,209.96,25.0,1068.87,124.0,104.68,11.57,504.0,47.85
2017-05-15,24.07,6.0,54.11,15.0,346.1,82.0,27.3,7.02,97.26,21.51
2017-05-16,5.45,1.0,31.75,9.0,204.45,48.0,16.95,5.51,149.02,34.5
2017-05-17,16.18,3.0,42.77,8.0,190.96,37.0,0.17,0.03,33.7,2.34
2017-05-18,24.19,3.0,47.52,7.0,423.53,74.0,17.74,3.0,31.44,5.11
2017-05-19,0.89,1.0,32.57,4.0,537.87,78.0,24.94,1.73,74.8,8.64
2017-05-20,0.0,0.0,28.23,7.0,550.8,49.0,5.43,1.71,50.15,5.84
2017-05-21,0.0,0.0,16.66,4.0,39.27,11.0,10.73,2.13,22.97,5.66
2017-05-22,0.0,0.0,0.0,0.0,26.66,8.0,0.0,0.0,18.2,3.88
2017-05-23,21.02,3.0,44.12,7.0,291.34,48.0,9.23,0.88,10.5,1.13
2017-05-24,7.98,1.0,11.49,2.0,131.08,24.0,7.98,1.0,20.12,3.67
2017-05-25,0.0,0.0,9.2,2.0,154.6,30.0,0.0,0.0,0.27,0.05
2017-05-26,0.0,0.0,11.39,3.0,94.95,22.0,3.34,0.87,29.49,5.8
2017-05-27,0.0,0.0,9.06,2.0,24.47,6.0,1.94,0.43,2.75,0.58
2017-05-28,1.37,1.0,14.44,5.0,66.07,20.0,0.0,0.0,0.56,0.44
2017-05-29,0.0,0.0,0.0,0.0,1.88,1.0,0.0,0.0,0.0,0.0
2017-05-30,1.75,1.0,22.05,6.0,92.27,19.0,0.0,0.0,11.23,2.13
2017-05-31,0.0,0.0,0.0,0.0,10.21,3.0,0.0,0.0,9.15,1.7
2017-06-01,0.0,0.0,5.54,1.0,5.54,1.0,0.0,0.0,0.0,0.0
2017-06-02,0.0,0.0,16.61,3.0,78.29,16.0,10.87,1.74,12.85,2.59
2017-06-03,0.0,0.0,0.0,0.0,94.94,18.0,0.0,0.0,12.11,2.71
2017-06-04,0.0,0.0,0.0,0.0,65.88,9.0,0.0,0.0,0.69,0.2
2017-06-05,7.4,2.0,24.85,6.0,30.06,8.0,8.59,1.38,8.59,1.38
2017-06-06,13.49,2.0,15.87,3.0,36.11,5.0,6.52,1.44,6.52,1.44
2017-06-07,0.0,0.0,0.0,0.0,1.48,1.0,0.0,0.0,0.57,0.39
2017-06-08,3.84,1.0,3.84,1.0,3.84,1.0,3.84,1.0,3.84,1.0
2017-06-09,1.6,1.0,1.6,1.0,2.04,2.0,1.55,0.97,1.55,0.97
2017-06-10,0.0,0.0,7.16,2.0,20.14,6.0,0.08,0.02,0.95,0.45
2017-06-11,0.0,0.0,0.0,0.0,1.39,2.0,0.0,0.0,0.0,0.0
2017-06-12,0.0,0.0,8.93,2.0,20.05,6.0,0.0,0.0,0.0,0.0
2017-06-13,0.0,0.0,15.16,4.0,35.39,12.0,4.24,1.22,4.93,1.3
2017-06-14,0.0,0.0,0.0,0.0,28.64,10.0,0.0,0.0,0.0,0.0
2017-06-15,0.0,0.0,0.0,0.0,12.34,6.0,0.0,0.0,0.0,0.0
2017-06-16,0.0,0.0,0.0,0.0,9.43,4.0,0.0,0.0,0.0,0.0
2017-06-17,0.0,0.0,0.0,0.0,9.24,3.0,0.0,0.0,0.0,0.0
2017-06-18,0.0,0.0,6.67,2.0,23.53,7.0,0.05,0.06,0.05,0.06
2017-06-19,0.0,0.0,0.0,0.0,1.96,1.0,0.0,0.0,0.0,0.0
2017-06-20,0.0,0.0,0.0,0.0,0.0,0.0,0.0,0.0,0.0,0.0
2017-06-21,0.43,1.0,0.43,1.0,4.63,2.0,0.3,0.69,0.3,0.69
2017-06-22,0.0,0.0,0.0,0.0,0.34,1.0,0.0,0.0,0.0,0.0
2017-06-23,1.18,1.0,1.18,1.0,11.37,2.0,0.54,0.46,3.16,0.72
2017-06-24,6.03,1.0,7.08,2.0,37.53,11.0,5.17,1.41,5.58,1.67
2017-06-25,0.0,0.0,0.0,0.0,26.2,1.0,0.0,0.0,1.98,0.08
2017-06-26,0.0,0.0,0.0,0.0,27.71,5.0,0.0,0.0,23.42,4.13
2017-06-27,0.0,0.0,0.0,0.0,11.32,3.0,0.0,0.0,2.32,2.0
2017-06-28,0.0,0.0,0.0,0.0,0.0,0.0,0.0,0.0,0.0,0.0
2017-06-29,0.0,0.0,0.0,0.0,0.0,0.0,0.0,0.0,0.0,0.0
2017-06-30,0.0,0.0,0.0,0.0,0.0,0.0,0.0,0.0,0.0,0.0
2017-07-01,0.0,0.0,0.0,0.0,0.0,0.0,0.0,0.0,0.0,0.0
2017-07-02,0.0,0.0,0.0,0.0,0.0,0.0,0.0,0.0,0.0,0.0
2017-07-03,0.0,0.0,0.0,0.0,0.0,0.0,0.0,0.0,0.0,0.0
2017-07-04,0.0,0.0,8.21,1.0,8.21,1.0,8.06,0.98,8.06,0.98
2017-07-05,0.0,0.0,0.0,0.0,0.0,0.0,0.0,0.0,0.0,0.0
2017-07-06,0.0,0.0,0.0,0.0,0.0,0.0,0.0,0.0,0.0,0.0
2017-07-07,0.0,0.0,0.0,0.0,0.0,0.0,0.0,0.0,0.0,0.0
2017-07-08,0.0,0.0,0.0,0.0,0.0,0.0,0.0,0.0,0.0,0.0
2017-07-09,0.0,0.0,0.0,0.0,0.0,0.0,0.0,0.0,0.0,0.0
2017-07-10,6.24,2.0,6.24,2.0,10.07,3.0,0.0,0.0,0.0,0.0
2017-07-11,0.0,0.0,0.0,0.0,0.0,0.0,0.0,0.0,0.0,0.0
2017-07-12,2.1,2.0,2.1,2.0,2.1,2.0,1.13,1.07,1.13,1.07
2017-07-13,0.0,0.0,0.0,0.0,4.37,2.0,0.0,0.0,0.0,0.0
2017-07-14,0.0,0.0,0.0,0.0,1.31,1.0,0.0,0.0,0.0,0.0
2017-07-15,1.87,2.0,3.56,3.0,7.58,4.0,0.0,0.0,0.0,0.0
2017-07-16,0.0,0.0,0.0,0.0,0.0,0.0,0.0,0.0,0.0,0.0
2017-07-17,0.0,0.0,0.0,0.0,0.0,0.0,0.0,0.0,0.0,0.0
2017-07-18,0.0,0.0,0.0,0.0,9.8,4.0,0.0,0.0,0.47,0.44
2017-07-19,0.0,0.0,0.0,0.0,3.72,1.0,0.0,0.0,0.02,0.01
2017-07-20,0.0,0.0,0.0,0.0,0.0,0.0,0.0,0.0,0.0,0.0
2017-07-21,0.0,0.0,0.0,0.0,3.93,1.0,0.0,0.0,1.08,0.27
2017-07-22,0.0,0.0,0.0,0.0,0.0,0.0,0.0,0.0,0.0,0.0
2017-07-23,0.0,0.0,0.0,0.0,0.97,1.0,0.0,0.0,0.72,0.75
2017-07-24,0.0,0.0,0.0,0.0,0.0,0.0,0.0,0.0,0.0,0.0
2017-07-25,0.0,0.0,0.0,0.0,0.0,0.0,0.0,0.0,0.0,0.0
2017-07-26,0.0,0.0,0.0,0.0,2.97,1.0,0.0,0.0,1.01,0.34
2017-07-27,0.0,0.0,0.0,0.0,0.0,0.0,0.0,0.0,0.0,0.0
2017-07-28,0.0,0.0,0.0,0.0,0.0,0.0,0.0,0.0,0.0,0.0
2017-07-29,0.0,0.0,0.0,0.0,0.0,0.0,0.0,0.0,0.0,0.0
2017-07-30,0.0,0.0,0.0,0.0,0.0,0.0,0.0,0.0,0.0,0.0
2017-07-31,0.0,0.0,0.0,0.0,0.0,0.0,0.0,0.0,0.0,0.0
2017-08-01,0.0,0.0,0.0,0.0,0.0,0.0,0.0,0.0,0.0,0.0
2017-08-02,0.0,0.0,0.0,0.0,0.0,0.0,0.0,0.0,0.0,0.0
2017-08-03,0.0,0.0,0.0,0.0,0.0,0.0,0.0,0.0,0.0,0.0
2017-08-04,3.05,3.0,3.05,3.0,3.05,3.0,0.09,0.09,0.09,0.09
2017-08-05,2.09,1.0,2.09,1.0,2.09,1.0,0.0,0.0,0.0,0.0
2017-08-06,0.0,0.0,18.6,2.0,18.6,2.0,10.49,1.13,10.49,1.13
2017-08-07,0.0,0.0,0.0,0.0,0.0,0.0,0.0,0.0,0.0,0.0
2017-08-08,0.0,0.0,0.0,0.0,0.0,0.0,0.0,0.0,0.0,0.0
2017-08-09,0.0,0.0,0.0,0.0,0.0,0.0,0.0,0.0,0.0,0.0
2017-08-10,0.0,0.0,0.0,0.0,0.0,0.0,0.0,0.0,0.0,0.0
2017-08-11,0.0,0.0,0.0,0.0,0.0,0.0,0.0,0.0,0.0,0.0
2017-08-12,0.0,0.0,0.0,0.0,1.91,1.0,0.0,0.0,0.03,0.01
2017-08-13,0.0,0.0,0.0,0.0,0.0,0.0,0.0,0.0,0.0,0.0
2017-08-14,0.0,0.0,0.0,0.0,0.48,1.0,0.0,0.0,0.0,0.0
2017-08-15,1.42,1.0,1.42,1.0,1.42,1.0,0.0,0.0,0.0,0.0
2017-08-16,1.37,1.0,1.37,1.0,1.37,1.0,0.0,0.0,0.0,0.0
2017-08-17,0.0,0.0,0.0,0.0,0.0,0.0,0.0,0.0,0.0,0.0
2017-08-18,2.47,1.0,2.47,1.0,2.47,1.0,2.28,0.92,2.28,0.92
2017-08-19,0.0,0.0,0.0,0.0,0.0,0.0,0.0,0.0,0.0,0.0
2017-08-20,0.0,0.0,0.0,0.0,1.85,1.0,0.0,0.0,0.0,0.0
2017-08-21,0.0,0.0,0.0,0.0,0.0,0.0,0.0,0.0,0.0,0.0
2017-08-22,1.2,1.0,1.2,1.0,5.87,2.0,0.0,0.0,0.13,0.03
2017-08-23,0.4,1.0,0.4,1.0,0.4,1.0,0.23,0.57,0.23,0.57
2017-08-24,0.0,0.0,0.0,0.0,0.0,0.0,0.0,0.0,0.0,0.0
2017-08-25,0.0,0.0,0.0,0.0,0.0,0.0,0.0,0.0,0.0,0.0
2017-08-26,0.83,1.0,0.83,1.0,0.83,1.0,0.0,0.0,0.0,0.0
2017-08-27,0.0,0.0,0.0,0.0,0.0,0.0,0.0,0.0,0.0,0.0
2017-08-28,0.0,0.0,0.0,0.0,3.47,1.0,0.0,0.0,1.54,0.44
2017-08-29,0.56,1.0,0.56,1.0,5.49,3.0,0.0,0.0,0.0,0.0
2017-08-30,0.5,1.0,0.5,1.0,0.5,1.0,0.0,0.0,0.0,0.0
2017-08-31,0.0,0.0,0.0,0.0,0.0,0.0,0.0,0.0,0.0,0.0
2017-09-01,0.0,0.0,0.0,0.0,0.0,0.0,0.0,0.0,0.0,0.0
2017-09-02,0.0,0.0,0.0,0.0,0.0,0.0,0.0,0.0,0.0,0.0
2017-09-03,0.0,0.0,0.0,0.0,0.55,1.0,0.0,0.0,0.0,0.0
2017-09-04,0.0,0.0,0.0,0.0,0.0,0.0,0.0,0.0,0.0,0.0
2017-09-05,0.0,0.0,0.0,0.0,0.0,0.0,0.0,0.0,0.0,0.0
2017-09-06,2.88,1.0,2.88,1.0,2.88,1.0,0.0,0.0,0.0,0.0
2017-09-07,1.76,2.0,1.76,2.0,4.11,3.0,0.0,0.0,0.04,0.02
2017-09-08,8.25,2.0,8.25,2.0,8.25,2.0,4.95,1.2,4.95,1.2
2017-09-09,3.56,2.0,10.6,4.0,17.14,6.0,3.11,0.88,3.43,0.98
2017-09-10,0.0,0.0,0.0,0.0,0.0,0.0,0.0,0.0,0.0,0.0
2017-09-11,0.0,0.0,0.0,0.0,29.59,5.0,0.0,0.0,13.75,2.31
2017-09-12,2.4,1.0,2.4,1.0,30.38,6.0,0.37,0.16,4.41,0.87
2017-09-13,0.0,0.0,0.0,0.0,6.38,3.0,0.0,0.0,0.79,1.31
2017-09-14,0.0,0.0,0.0,0.0,6.65,1.0,0.0,0.0,5.75,0.86
2017-09-15,3.74,3.0,3.74,3.0,6.06,4.0,2.47,1.98,4.57,2.89
2017-09-16,0.0,0.0,0.0,0.0,0.0,0.0,0.0,0.0,0.0,0.0
2017-09-17,0.0,0.0,0.0,0.0,1.67,1.0,0.0,0.0,1.32,0.79
2017-09-18,2.72,2.0,17.49,5.0,70.07,17.0,2.53,1.75,53.22,13.1
2017-09-19,0.0,0.0,0.0,0.0,67.26,13.0,0.0,0.0,0.08,0.03
2017-09-20,0.0,0.0,0.0,0.0,121.12,22.0,0.0,0.0,4.55,0.89
2017-09-21,1.0,1.0,1.0,1.0,7.12,3.0,0.0,0.0,0.0,0.0
2017-09-22,0.0,0.0,0.0,0.0,0.0,0.0,0.0,0.0,0.0,0.0
2017-09-23,0.0,0.0,0.0,0.0,0.0,0.0,0.0,0.0,0.0,0.0
2017-09-24,0.0,0.0,0.0,0.0,0.0,0.0,0.0,0.0,0.0,0.0
2017-09-25,0.0,0.0,0.0,0.0,0.0,0.0,0.0,0.0,0.0,0.0
2017-09-26,1.13,1.0,1.13,1.0,9.32,4.0,0.0,0.0,1.7,0.51
2017-09-27,1.38,1.0,12.37,3.0,70.77,8.0,2.01,0.37,2.01,0.37
2017-09-28,1.53,2.0,7.92,3.0,22.92,7.0,0.0,0.0,0.07,0.02
2017-09-29,0.0,0.0,3.98,1.0,21.33,5.0,3.93,0.99,19.97,4.51
2017-09-30,2.05,3.0,2.05,3.0,58.22,18.0,1.03,1.33,33.48,10.66
2017-10-01,0.0,0.0,0.0,0.0,71.87,19.0,0.0,0.0,22.03,5.68
2017-10-02,1.14,1.0,8.35,3.0,154.1,30.0,0.4,0.22,16.64,3.05
2017-10-03,1.1,1.0,2.2,2.0,236.29,52.0,1.09,0.99,204.85,42.55
2017-10-04,0.49,1.0,9.59,5.0,223.23,60.0,4.1,2.69,163.17,44.68
2017-10-05,0.0,0.0,7.33,2.0,377.53,71.0,7.08,1.93,310.22,58.18
2017-10-06,0.0,0.0,0.0,0.0,258.74,58.0,0.0,0.0,235.33,52.01
2017-10-07,2.18,1.0,5.06,2.0,375.58,102.0,3.7,1.44,209.19,58.31
2017-10-08,1.09,1.0,59.84,15.0,975.02,203.0,2.73,1.18,133.55,30.93
2017-10-09,2.56,2.0,43.67,13.0,774.47,194.0,6.45,2.12,95.74,17.77
2017-10-10,4.73,2.0,32.84,11.0,983.65,195.0,8.46,2.95,115.32,23.43
2017-10-11,0.0,0.0,0.0,0.0,471.54,75.0,0.0,0.0,29.77,7.96
2017-10-12,0.0,0.0,10.0,2.0,637.91,126.0,0.0,0.0,569.51,112.77
2017-10-13,6.25,2.0,72.36,12.0,1025.72,154.0,0.02,0.02,37.83,7.33
2017-10-14,4.14,3.0,102.12,26.0,2085.37,390.0,7.5,1.48,1148.18,199.11
2017-10-15,8.14,4.0,189.81,31.0,2447.32,468.0,21.23,7.77,1781.09,346.23
2017-10-16,4.3,2.0,49.45,13.0,1001.64,208.0,4.05,2.09,866.64,176.43
2017-10-17,3.38,2.0,91.47,20.0,1419.05,273.0,0.49,0.98,1166.85,219.17
2017-10-18,23.88,5.0,133.96,25.0,1929.47,273.0,11.97,4.14,1543.57,211.4
2017-10-19,9.41,5.0,262.25,53.0,3797.59,566.0,2.93,1.01,332.15,61.55
2017-10-20,5.58,3.0,316.06,64.0,2691.2,580.0,17.36,5.66,1804.99,400.79
2017-10-21,0.0,0.0,160.6,24.0,1717.43,301.0,5.2,1.58,1215.32,209.75
2017-10-22,27.01,6.0,162.08,45.0,876.53,202.0,137.26,36.76,144.18,38.94
2017-10-23,4.28,2.0,120.89,24.0,1115.52,209.0,0.3,0.96,842.37,154.48
2017-10-24,15.81,3.0,471.4,78.0,2042.04,321.0,7.12,3.61,1189.59,181.95
2017-10-25,21.52,4.0,243.4,62.0,1900.43,381.0,10.35,3.99,837.47,156.75
2017-10-26,21.91,6.0,336.26,74.0,2120.11,361.0,264.38,56.22,319.8,71.41
2017-10-27,0.0,0.0,146.77,30.0,1253.34,183.0,126.06,23.74,189.56,37.76
2017-10-28,29.62,5.0,262.94,48.0,2244.19,386.0,38.64,7.15,76.12,16.16
2017-10-29,32.87,6.0,432.56,71.0,2760.26,435.0,27.01,4.71,75.7,17.45
2017-10-30,26.32,7.0,404.38,86.0,2984.09,505.0,12.27,5.49,2006.42,327.46
2017-10-31,16.33,5.0,464.1,104.0,2824.57,505.0,318.21,71.59,476.68,98.27
2017-11-01,8.28,3.0,576.49,85.0,2265.7,362.0,402.01,60.36,472.57,72.43
2017-11-02,5.26,2.0,251.93,48.0,1630.11,264.0,10.99,2.72,12.63,3.31
2017-11-03,0.0,0.0,210.71,39.0,1631.19,259.0,0.39,0.12,28.75,10.27
2017-11-04,15.15,7.0,174.14,43.0,4588.91,680.0,25.55,6.39,81.42,19.34
2017-11-05,58.8,20.0,444.05,117.0,2733.87,573.0,223.41,60.28,326.49,89.24
2017-11-06,9.17,3.0,287.57,44.0,410.66,72.0,24.79,5.97,62.29,12.86
2017-11-07,0.0,0.0,86.64,16.0,219.21,46.0,5.31,1.24,92.03,17.04
2017-11-08,1.56,2.0,52.47,17.0,790.68,185.0,16.48,4.44,710.54,160.72
2017-11-09,16.24,7.0,72.55,21.0,1414.07,229.0,14.93,6.61,1043.09,161.11
2017-11-10,17.6,9.0,224.89,50.0,1822.51,379.0,61.95,20.96,1095.92,234.8
2017-11-11,10.24,4.0,102.59,30.0,210.68,64.0,29.46,7.41,71.79,19.17
2017-11-12,0.0,0.0,28.64,7.0,93.48,26.0,2.08,0.46,7.03,1.82
2017-11-13,0.0,0.0,30.2,10.0,82.51,28.0,13.22,3.83,36.26,10.57
2017-11-14,6.66,2.0,45.43,13.0,1107.36,188.0,8.53,2.75,21.69,5.64
2017-11-15,2.2,3.0,58.72,18.0,177.38,55.0,11.06,3.88,30.34,10.07
2017-11-16,13.57,3.0,67.43,19.0,187.34,59.0,48.18,12.14,131.91,39.0
2017-11-17,10.68,4.0,30.26,11.0,50.25,18.0,12.24,5.08,17.29,6.52
2017-11-18,0.0,0.0,12.2,4.0,101.63,31.0,1.14,0.64,50.93,13.88
2017-11-19,28.14,6.0,55.23,13.0,566.31,95.0,38.54,7.65,486.49,73.68
2017-11-20,3.7,5.0,43.86,14.0,535.04,103.0,23.89,6.47,433.89,74.15
2017-11-21,2.01,2.0,68.99,22.0,748.19,146.0,35.55,8.19,526.36,81.06
2017-11-22,9.28,5.0,73.01,24.0,380.4,81.0,26.27,8.09,219.56,36.37
2017-11-23,0.43,1.0,63.71,16.0,357.51,67.0,30.61,7.17,237.35,39.47
2017-11-24,18.01,6.0,59.02,17.0,430.81,81.0,28.61,7.5,276.96,41.39
2017-11-25,0.65,2.0,102.34,27.0,309.93,72.0,53.95,12.82,164.07,30.9
2017-11-26,10.1,6.0,112.24,38.0,383.09,106.0,42.7,12.49,192.85,49.06
2017-11-27,23.07,9.0,138.21,33.0,255.54,74.0,42.73,9.13,66.28,15.6
2017-11-28,2.56,3.0,57.91,15.0,186.53,47.0,1.88,0.61,8.64,1.89
2017-11-29,16.53,3.0,50.82,14.0,162.7,47.0,5.47,2.49,43.02,15.15
2017-11-30,0.0,0.0,64.58,15.0,262.6,49.0,16.19,3.21,114.18,17.28
2017-12-01,3.68,2.0,104.97,21.0,235.22,61.0,70.1,11.05,135.24,29.7
2017-12-02,15.86,7.0,145.6,48.0,312.61,111.0,82.95,26.6,146.58,54.36
2017-12-03,0.0,0.0,30.36,9.0,65.56,19.0,15.77,3.88,24.0,5.71
2017-12-04,0.0,0.0,2.76,1.0,2.76,1.0,2.04,0.74,2.04,0.74
2017-12-05,0.0,0.0,0.0,0.0,0.0,0.0,0.0,0.0,0.0,0.0
2017-12-06,1.21,1.0,1.77,2.0,118.27,14.0,0.71,0.58,92.69,6.45
2017-12-07,54.41,9.0,120.44,33.0,229.19,72.0,12.17,5.38,36.57,14.55
2017-12-08,2.26,1.0,93.91,15.0,163.59,37.0,25.26,3.38,39.53,6.68
2017-12-09,8.45,4.0,47.48,16.0,132.42,33.0,8.56,4.36,55.65,12.21
2017-12-10,6.28,4.0,70.62,26.0,173.68,55.0,43.53,15.68,117.75,36.57
2017-12-11,0.0,0.0,8.63,2.0,45.77,14.0,3.72,1.0,5.23,1.53
2017-12-12,0.0,0.0,10.48,4.0,21.68,11.0,0.0,0.0,0.0,0.0
2017-12-13,0.0,0.0,2.22,1.0,2.22,1.0,0.0,0.0,0.0,0.0
2017-12-14,0.0,0.0,8.88,3.0,19.4,7.0,3.02,0.73,3.02,0.73
2017-12-15,0.0,0.0,16.1,4.0,29.66,9.0,0.0,0.0,3.17,1.09
2017-12-16,0.0,0.0,70.17,20.0,154.13,42.0,16.97,6.02,25.27,8.15
2017-12-17,29.91,9.0,101.38,31.0,240.09,67.0,13.22,6.2,26.59,10.32
2017-12-18,13.31,5.0,134.7,49.0,299.67,111.0,11.8,4.26,34.76,12.57
2017-12-19,0.0,0.0,15.01,2.0,60.69,12.0,0.0,0.0,8.78,1.58
2017-12-20,5.68,1.0,11.1,4.0,44.45,12.0,2.21,1.59,4.63,2.48
2017-12-21,23.78,9.0,146.6,46.0,245.85,80.0,20.22,7.04,30.6,10.87
2017-12-22,1.92,4.0,59.82,17.0,168.44,50.0,23.7,7.71,31.78,11.37
2017-12-23,4.73,3.0,43.26,14.0,230.47,68.0,9.13,4.17,37.14,12.93
2017-12-24,0.78,1.0,34.13,10.0,123.69,36.0,19.61,5.51,67.72,19.7
2017-12-25,41.48,7.0,76.58,21.0,146.53,40.0,11.13,5.19,22.04,8.97
2017-12-26,21.89,6.0,62.68,17.0,132.31,34.0,18.52,4.06,28.54,6.66
2017-12-27,2.88,3.0,81.69,29.0,147.99,46.0,12.6,4.96,23.66,7.68
2017-12-28,1.48,2.0,107.09,38.0,269.57,90.0,31.33,12.5,74.15,26.35
2017-12-29,3.31,5.0,91.69,32.0,247.46,81.0,40.03,11.35,99.44,27.12
2017-12-30,0.78,1.0,52.88,17.0,121.84,35.0,20.29,6.17,37.41,9.83
2017-12-31,14.95,4.0,43.26,12.0,117.41,32.0,9.47,2.84,19.19,5.55
2018-01-01,5.19,2.0,13.32,4.0,34.59,10.0,2.55,0.99,2.55,0.99
2018-01-02,10.85,4.0,84.99,25.0,105.2,33.0,33.36,9.27,34.27,9.65
2018-01-03,3.89,1.0,73.95,23.0,133.85,40.0,16.38,3.74,28.85,7.48
2018-01-04,11.89,4.0,15.42,5.0,17.87,6.0,1.32,0.31,1.55,0.41
2018-01-05,0.0,0.0,11.62,4.0,72.92,14.0,4.45,0.91,4.45,0.91
2018-01-06,6.95,6.0,50.69,24.0,77.78,35.0,14.9,3.85,16.83,4.29
2018-01-07,17.18,5.0,114.63,30.0,199.59,54.0,16.27,5.52,24.52,7.71
2018-01-08,0.94,2.0,54.79,25.0,129.86,55.0,4.65,2.58,11.75,5.6
2018-01-09,7.77,3.0,76.18,23.0,107.37,31.0,11.11,2.66,24.2,5.16
2018-01-10,4.12,4.0,49.89,13.0,78.73,21.0,11.86,2.12,19.25,4.69
2018-01-11,11.46,4.0,45.76,13.0,65.5,20.0,13.07,5.59,14.86,6.6
2018-01-12,10.97,6.0,33.5,16.0,67.99,26.0,7.4,4.91,10.92,6.1
2018-01-13,23.46,6.0,113.18,35.0,254.81,81.0,23.34,7.35,54.62,15.94
2018-01-14,17.96,6.0,114.19,31.0,217.22,67.0,7.73,3.65,13.48,5.88
2018-01-15,32.64,11.0,87.55,25.0,151.78,38.0,4.09,4.65,9.31,6.25
2018-01-16,15.1,4.0,65.48,24.0,88.01,32.0,7.64,4.79,11.53,6.22
2018-01-17,11.37,4.0,76.9,13.0,152.8,26.0,0.0,0.0,5.21,0.57
2018-01-18,7.6,5.0,105.03,35.0,238.28,72.0,31.28,9.79,38.24,12.97
2018-01-19,12.2,3.0,67.28,26.0,178.81,65.0,5.29,2.67,26.87,8.57
2018-01-20,4.32,5.0,46.23,15.0,117.33,36.0,0.54,0.81,1.42,0.94
2018-01-21,14.22,4.0,109.41,37.0,179.08,59.0,8.22,2.82,8.22,2.82
2018-01-22,8.02,5.0,93.54,34.0,179.75,64.0,0.67,0.5,4.63,2.39
2018-01-23,0.0,0.0,0.0,0.0,0.0,0.0,0.0,0.0,0.0,0.0
2018-01-24,0.0,0.0,2.48,1.0,25.74,10.0,0.0,0.0,0.23,0.11
2018-01-25,0.0,0.0,13.81,3.0,50.09,14.0,0.0,0.0,0.52,0.15
2018-01-26,0.0,0.0,13.13,4.0,20.46,6.0,3.65,1.12,4.46,1.36
2018-01-27,2.62,1.0,58.56,14.0,167.2,39.0,8.05,3.09,14.34,5.09
2018-01-28,0.68,1.0,87.03,25.0,157.61,43.0,11.2,3.51,14.6,4.66
2018-01-29,3.83,4.0,115.62,36.0,288.83,84.0,13.97,6.03,46.53,13.67
2018-01-30,14.14,5.0,41.53,11.0,133.84,43.0,14.52,2.74,17.02,4.37
2018-01-31,0.63,1.0,0.63,1.0,140.15,23.0,0.36,0.58,3.68,1.26
2018-02-01,23.79,6.0,56.74,16.0,140.88,37.0,5.26,2.21,32.72,7.5
2018-02-02,0.85,1.0,108.87,20.0,202.15,35.0,79.54,12.63,85.69,15.37
2018-02-03,9.05,6.0,73.74,26.0,240.66,66.0,31.58,12.44,70.13,24.26
2018-02-04,7.53,2.0,38.35,14.0,219.03,67.0,4.5,1.48,13.5,3.56
2018-02-05,0.0,0.0,0.0,0.0,0.0,0.0,0.0,0.0,0.0,0.0
2018-02-06,0.0,0.0,2.91,1.0,38.33,9.0,2.43,0.83,24.68,4.45
2018-02-07,8.57,4.0,35.44,12.0,148.2,44.0,7.84,1.92,44.83,10.0
2018-02-08,2.73,5.0,12.85,8.0,138.22,37.0,5.8,2.9,25.78,5.95
2018-02-09,24.77,8.0,109.62,36.0,325.03,89.0,36.89,10.96,82.37,18.96
2018-02-10,9.14,3.0,47.78,12.0,124.48,26.0,11.89,3.55,35.85,8.73
2018-02-11,11.7,2.0,12.44,3.0,29.88,5.0,4.85,1.0,7.56,1.21
2018-02-12,0.5,1.0,1.2,2.0,39.24,3.0,0.37,0.74,0.37,0.74
2018-02-13,5.97,3.0,59.32,22.0,72.38,26.0,32.12,12.27,37.72,14.02
2018-02-14,0.93,1.0,17.02,7.0,106.8,37.0,8.63,2.93,9.89,3.48
2018-02-15,2.39,2.0,21.36,9.0,80.26,26.0,5.48,2.54,8.64,3.64
2018-02-16,0.0,0.0,28.4,5.0,62.84,15.0,3.96,0.95,5.84,1.37
2018-02-17,0.0,0.0,9.52,4.0,23.67,7.0,3.87,1.44,5.54,2.44
2018-02-18,20.25,5.0,25.29,7.0,115.31,23.0,13.6,4.36,18.14,5.25
2018-02-19,8.88,7.0,66.51,25.0,201.56,52.0,13.45,6.43,28.84,10.72
2018-02-20,8.83,2.0,57.86,15.0,193.52,49.0,27.2,5.86,75.78,15.39
2018-02-21,48.28,6.0,112.54,22.0,195.93,45.0,29.63,2.92,34.15,4.44
2018-02-22,0.0,0.0,25.91,7.0,65.93,21.0,13.56,3.64,23.98,6.69
2018-02-23,0.94,1.0,3.87,3.0,8.48,5.0,0.0,0.0,3.48,1.51
2018-02-24,11.66,3.0,28.91,7.0,74.93,18.0,22.1,3.33,34.41,6.19
2018-02-25,4.75,5.0,51.64,17.0,169.91,54.0,22.99,7.68,48.67,16.1
2018-02-26,0.93,1.0,16.26,4.0,88.76,24.0,5.13,2.39,17.32,6.6
2018-02-27,2.68,2.0,23.22,6.0,68.47,17.0,19.37,3.36,43.25,8.47
2018-02-28,10.37,5.0,16.47,8.0,25.63,12.0,3.07,2.81,3.83,3.59
2018-03-01,0.73,1.0,9.02,6.0,59.62,29.0,1.26,1.58,24.18,7.38
2018-03-02,3.03,3.0,24.09,10.0,130.26,33.0,17.11,5.6,38.72,10.54
2018-03-03,1.48,1.0,11.6,3.0,45.3,15.0,1.7,1.0,5.66,1.96
2018-03-04,0.0,0.0,18.57,3.0,38.76,7.0,1.44,0.18,11.07,1.68
2018-03-05,1.57,2.0,14.13,5.0,131.83,23.0,4.19,1.49,37.7,5.58
2018-03-06,1.6,3.0,2.19,4.0,98.49,26.0,1.44,2.62,7.52,3.99
2018-03-07,1.76,4.0,10.37,7.0,98.09,31.0,1.45,3.02,12.66,6.22
2018-03-08,2.52,2.0,11.73,5.0,118.09,41.0,2.17,2.39,76.92,27.35
2018-03-09,0.89,2.0,21.6,9.0,83.75,28.0,9.97,3.66,21.72,7.56
2018-03-10,1.05,2.0,41.09,10.0,117.23,24.0,8.34,2.94,35.27,6.45
2018-03-11,2.6,2.0,5.32,3.0,49.03,19.0,0.34,0.19,1.7,0.71
2018-03-12,19.45,7.0,19.45,7.0,111.12,31.0,1.94,2.57,11.51,3.73
2018-03-13,7.94,3.0,24.09,11.0,79.41,34.0,1.72,0.69,2.36,0.87
2018-03-14,12.92,4.0,12.92,4.0,42.04,12.0,2.54,0.66,2.54,0.66
2018-03-15,0.59,1.0,25.13,7.0,27.57,9.0,21.31,5.98,21.31,5.98
2018-03-16,1.8,2.0,3.52,3.0,55.95,17.0,2.6,2.44,4.53,3.12
2018-03-17,21.3,9.0,47.97,17.0,163.32,44.0,22.81,6.73,75.07,16.21
2018-03-18,12.21,4.0,19.55,8.0,123.36,39.0,3.13,1.45,34.21,10.65
2018-03-19,0.0,0.0,2.4,1.0,139.41,28.0,0.0,0.0,16.86,2.79
2018-03-20,0.66,1.0,21.04,6.0,78.74,23.0,0.64,0.97,15.0,4.98
2018-03-21,0.87,1.0,3.37,2.0,17.64,5.0,1.13,1.0,4.64,1.76
2018-03-22,4.99,6.0,13.69,8.0,22.64,12.0,7.1,5.6,14.41,8.18
2018-03-23,8.76,5.0,15.75,7.0,94.39,24.0,4.36,3.37,18.03,5.83
2018-03-24,9.29,4.0,15.25,6.0,92.55,30.0,4.97,2.49,10.41,5.11
2018-03-25,0.0,0.0,12.36,2.0,74.92,17.0,0.0,0.0,5.91,2.57
2018-03-26,3.72,2.0,6.4,4.0,57.45,18.0,0.32,0.71,14.78,3.66
2018-03-27,13.73,3.0,13.73,3.0,78.67,22.0,0.18,0.58,8.86,2.72
2018-03-28,19.53,6.0,46.11,13.0,193.06,51.0,9.31,4.5,17.86,7.01
2018-03-29,11.34,3.0,18.32,5.0,94.1,28.0,1.76,1.49,3.34,2.61
2018-03-30,17.64,4.0,17.64,4.0,183.89,32.0,3.57,2.69,10.98,5.93
2018-03-31,5.87,1.0,10.63,4.0,48.14,11.0,0.87,0.51,7.47,1.6
2018-04-01,0.79,1.0,8.75,3.0,21.7,8.0,2.03,0.46,2.13,0.51
2018-04-02,0.77,1.0,7.39,2.0,29.44,7.0,3.09,0.47,4.52,1.18
2018-04-03,5.01,3.0,21.85,7.0,162.89,26.0,2.06,0.57,9.05,4.56
2018-04-04,0.5,1.0,7.32,4.0,60.53,19.0,3.72,1.67,38.97,12.53
2018-04-05,0.0,0.0,0.0,0.0,24.98,8.0,0.0,0.0,14.99,4.32
2018-04-06,0.0,0.0,0.0,0.0,1.27,2.0,0.0,0.0,0.54,0.97
2018-04-07,0.69,1.0,14.19,3.0,31.41,12.0,1.5,0.15,4.89,1.99
2018-04-08,4.54,5.0,14.16,11.0,61.14,22.0,2.28,1.34,24.32,5.25
2018-04-09,0.0,0.0,0.0,0.0,0.0,0.0,0.0,0.0,0.0,0.0
2018-04-10,0.0,0.0,33.91,12.0,77.67,25.0,20.55,4.23,29.22,7.15
2018-04-11,0.0,0.0,0.0,0.0,28.44,6.0,0.0,0.0,13.07,3.02
2018-04-12,5.85,4.0,25.09,9.0,34.58,14.0,4.85,2.31,6.43,3.4
2018-04-13,7.57,6.0,40.35,13.0,83.33,23.0,6.92,5.29,15.96,6.67
2018-04-14,21.03,4.0,53.5,12.0,128.95,28.0,30.5,5.85,38.3,8.42
2018-04-15,0.0,0.0,8.16,2.0,213.65,23.0,0.69,0.44,0.84,0.92
2018-04-16,12.5,6.0,255.49,21.0,328.55,32.0,6.98,4.25,6.98,4.25
2018-04-17,1.18,2.0,24.78,9.0,44.86,17.0,7.1,4.06,19.44,8.39
2018-04-18,189.4,17.0,517.24,35.0,1000.19,73.0,399.94,18.62,601.47,28.12
2018-04-19,75.44,17.0,234.17,35.0,487.88,61.0,74.16,18.09,156.7,29.52
2018-04-20,15.09,2.0,15.09,2.0,96.83,15.0,12.68,1.69,14.28,2.06
2018-04-21,53.76,11.0,79.14,17.0,200.78,38.0,38.41,6.13,116.9,16.98
2018-04-22,15.9,4.0,178.0,29.0,408.71,69.0,119.37,16.82,266.99,36.38
2018-04-23,35.23,6.0,143.27,25.0,627.27,83.0,76.7,13.9,273.43,29.64
2018-04-24,117.87,14.0,308.3,43.0,821.64,102.0,72.82,12.32,213.64,20.67
2018-04-25,69.73,4.0,433.35,35.0,694.67,83.0,203.24,14.32,203.24,14.32
2018-04-26,33.68,7.0,350.65,55.0,636.44,102.0,95.09,16.98,226.02,42.62
2018-04-27,4.17,2.0,262.58,41.0,385.47,78.0,14.71,3.92,33.35,9.14
2018-04-28,29.55,10.0,197.58,32.0,357.39,78.0,8.98,4.38,17.41,7.98
2018-04-29,246.31,40.0,1093.18,137.0,1641.53,203.0,133.94,15.09,155.13,20.99
2018-04-30,87.78,11.0,899.66,67.0,1273.23,135.0,67.08,8.76,86.41,16.83
2018-05-01,78.84,18.0,326.36,71.0,814.9,174.0,35.37,7.5,50.36,10.82
2018-05-02,23.31,4.0,148.7,28.0,381.15,68.0,6.64,1.82,23.18,5.69
2018-05-03,11.72,4.0,358.91,53.0,583.24,104.0,3.38,1.1,10.44,3.16
2018-05-04,66.74,17.0,725.19,126.0,1772.65,320.0,50.4,10.82,61.14,15.84
2018-05-05,350.41,59.0,1953.47,270.0,4831.17,708.0,462.64,69.13,1390.62,231.48
2018-05-06,57.43,13.0,278.35,48.0,2391.9,373.0,69.64,12.99,1824.32,271.21
2018-05-07,210.76,24.0,901.23,119.0,2566.14,404.0,497.42,68.22,1701.24,272.21
2018-05-08,196.95,22.0,300.94,45.0,1791.76,370.0,215.75,26.86,1472.31,301.95
2018-05-09,0.0,0.0,200.54,30.0,1226.41,209.0,35.62,9.94,855.06,159.59
2018-05-10,122.89,23.0,1079.69,186.0,4162.17,668.0,825.45,140.9,3167.07,494.52
2018-05-11,0.0,0.0,314.01,47.0,1859.93,288.0,182.42,26.36,857.37,121.84
2018-05-12,48.67,13.0,436.21,82.0,1869.81,336.0,54.42,18.74,91.23,27.71
2018-05-13,39.74,9.0,180.82,45.0,967.59,231.0,3.62,2.27,94.84,26.49
2018-05-14,0.0,0.0,23.82,8.0,84.94,25.0,8.13,3.13,16.15,6.07
2018-05-15,6.17,2.0,79.66,16.0,342.3,84.0,10.12,2.34,41.43,11.3
2018-05-16,3.96,2.0,17.0,6.0,185.64,55.0,4.67,2.83,52.58,12.95
2018-05-17,10.18,2.0,91.83,15.0,437.42,73.0,28.03,4.09,253.35,41.57
2018-05-18,5.43,3.0,101.94,26.0,274.41,85.0,21.09,4.72,95.13,29.05
2018-05-19,7.48,3.0,34.62,9.0,497.29,101.0,6.77,0.85,18.7,2.96
2018-05-20,15.11,5.0,71.42,18.0,543.64,120.0,36.83,8.29,224.78,43.06
2018-05-21,47.15,9.0,108.26,23.0,737.47,147.0,35.9,7.59,221.58,39.93
2018-05-22,18.44,3.0,19.05,4.0,384.21,89.0,0.02,0.03,105.13,18.36
2018-05-23,16.98,3.0,87.83,13.0,331.44,67.0,16.64,3.05,103.73,28.07
2018-05-24,4.67,1.0,50.44,12.0,287.45,69.0,30.18,6.21,219.81,49.34
2018-05-25,26.73,4.0,40.49,6.0,357.05,50.0,14.74,2.01,21.89,3.51
2018-05-26,4.07,4.0,66.91,12.0,646.86,124.0,35.61,5.07,69.33,11.83
2018-05-27,33.07,4.0,33.07,4.0,440.78,100.0,0.0,0.0,0.0,0.0
2018-05-28,4.15,1.0,23.69,6.0,247.52,52.0,11.51,2.83,59.04,12.53
2018-05-29,4.95,2.0,31.71,8.0,161.72,34.0,9.91,2.65,15.36,5.29
2018-05-30,1.92,1.0,1.92,1.0,78.28,15.0,0.36,0.19,0.36,0.19
2018-05-31,2.3,2.0,23.32,7.0,135.42,28.0,11.55,2.12,78.25,5.95
2018-06-01,3.88,2.0,8.54,4.0,35.07,12.0,1.77,0.76,7.2,2.49
2018-06-02,5.22,4.0,5.22,4.0,13.37,7.0,2.17,1.65,2.17,1.65
2018-06-03,2.16,1.0,11.1,6.0,55.02,20.0,6.2,3.43,6.94,3.6
2018-06-04,0.0,0.0,0.0,0.0,24.81,7.0,0.0,0.0,0.0,0.0
2018-06-05,3.05,2.0,3.05,2.0,42.14,11.0,0.0,0.0,26.66,4.28
2018-06-06,6.12,4.0,6.12,4.0,7.21,5.0,0.78,0.87,1.76,1.77
2018-06-07,7.19,2.0,7.19,2.0,15.15,4.0,0.0,0.0,0.39,0.1
2018-06-08,0.0,0.0,0.0,0.0,4.73,1.0,0.0,0.0,0.0,0.0
2018-06-09,0.0,0.0,0.0,0.0,0.0,0.0,0.0,0.0,0.0,0.0
2018-06-10,0.0,0.0,20.16,3.0,33.14,5.0,2.58,0.55,2.58,0.55
2018-06-11,2.01,2.0,8.16,3.0,23.06,10.0,0.98,0.99,4.2,2.91
2018-06-12,0.0,0.0,0.0,0.0,0.0,0.0,0.0,0.0,0.0,0.0
2018-06-13,0.0,0.0,0.0,0.0,16.8,3.0,0.0,0.0,0.0,0.0
2018-06-14,0.0,0.0,0.0,0.0,1.74,1.0,0.0,0.0,0.0,0.0
2018-06-15,0.86,1.0,0.86,1.0,0.86,1.0,0.0,0.0,0.0,0.0
2018-06-16,0.0,0.0,1.43,1.0,7.21,3.0,0.85,0.59,0.85,0.59
2018-06-17,0.0,0.0,0.0,0.0,3.85,1.0,0.0,0.0,0.01,0.0
2018-06-18,6.44,1.0,7.79,2.0,9.14,3.0,7.29,1.68,7.29,1.68
2018-06-19,2.72,2.0,2.72,2.0,10.4,4.0,1.65,1.34,3.83,2.1
2018-06-20,0.0,0.0,13.79,3.0,15.92,4.0,0.0,0.0,0.91,0.43
2018-06-21,4.33,2.0,4.33,2.0,8.39,3.0,1.92,1.0,5.83,1.96
2018-06-22,0.0,0.0,0.0,0.0,19.53,7.0,0.0,0.0,9.6,2.95
2018-06-23,0.0,0.0,0.0,0.0,0.0,0.0,0.0,0.0,0.0,0.0
2018-06-24,0.0,0.0,5.87,2.0,39.19,8.0,0.0,0.0,4.4,0.47
2018-06-25,0.0,0.0,0.0,0.0,8.13,3.0,0.0,0.0,0.0,0.0
2018-06-26,0.0,0.0,0.0,0.0,0.0,0.0,0.0,0.0,0.0,0.0
2018-06-27,5.4,2.0,15.52,4.0,20.25,6.0,0.45,0.17,3.21,1.57
2018-06-28,0.0,0.0,0.0,0.0,0.0,0.0,0.0,0.0,0.0,0.0
2018-06-29,0.0,0.0,0.0,0.0,0.0,0.0,0.0,0.0,0.0,0.0
2018-06-30,0.0,0.0,0.0,0.0,3.68,1.0,0.0,0.0,0.41,0.11
2018-07-01,0.0,0.0,0.0,0.0,0.0,0.0,0.0,0.0,0.0,0.0
2018-07-02,0.0,0.0,0.0,0.0,0.0,0.0,0.0,0.0,0.0,0.0
2018-07-03,11.48,2.0,11.48,2.0,11.48,2.0,0.02,0.0,0.02,0.0
2018-07-04,0.0,0.0,0.0,0.0,0.0,0.0,0.0,0.0,0.0,0.0
2018-07-05,0.0,0.0,0.0,0.0,3.89,1.0,0.0,0.0,0.0,0.0
2018-07-06,0.0,0.0,1.03,1.0,1.03,1.0,0.02,0.02,0.02,0.02
2018-07-07,2.47,1.0,2.47,1.0,2.47,1.0,1.59,0.64,1.59,0.64
2018-07-08,1.78,3.0,1.78,3.0,13.84,6.0,1.69,2.84,8.99,4.44
2018-07-09,0.0,0.0,0.0,0.0,0.0,0.0,0.0,0.0,0.0,0.0
2018-07-10,10.08,1.0,10.08,1.0,15.34,3.0,0.0,0.0,3.72,0.89
2018-07-11,0.0,0.0,0.0,0.0,0.0,0.0,0.0,0.0,0.0,0.0
2018-07-12,0.0,0.0,0.0,0.0,0.0,0.0,0.0,0.0,0.0,0.0
2018-07-13,1.54,1.0,1.54,1.0,1.54,1.0,0.0,0.0,0.0,0.0
2018-07-14,4.92,4.0,4.92,4.0,4.92,4.0,0.0,0.0,0.0,0.0
2018-07-15,0.0,0.0,0.0,0.0,0.0,0.0,0.0,0.0,0.0,0.0
2018-07-16,0.0,0.0,0.0,0.0,0.0,0.0,0.0,0.0,0.0,0.0
2018-07-17,2.29,2.0,2.29,2.0,2.29,2.0,0.07,0.16,0.07,0.16
2018-07-18,0.0,0.0,0.0,0.0,0.0,0.0,0.0,0.0,0.0,0.0
2018-07-19,0.0,0.0,0.0,0.0,0.0,0.0,0.0,0.0,0.0,0.0
2018-07-20,0.0,0.0,0.0,0.0,0.0,0.0,0.0,0.0,0.0,0.0
2018-07-21,0.0,0.0,0.0,0.0,0.0,0.0,0.0,0.0,0.0,0.0
2018-07-22,0.0,0.0,0.0,0.0,0.0,0.0,0.0,0.0,0.0,0.0
2018-07-23,2.27,3.0,2.27,3.0,2.27,3.0,1.02,0.74,1.02,0.74
2018-07-24,1.34,2.0,1.34,2.0,1.34,2.0,0.0,0.0,0.0,0.0
2018-07-25,0.0,0.0,0.0,0.0,0.0,0.0,0.0,0.0,0.0,0.0
2018-07-26,0.0,0.0,0.0,0.0,0.0,0.0,0.0,0.0,0.0,0.0
2018-07-27,0.0,0.0,0.0,0.0,0.0,0.0,0.0,0.0,0.0,0.0
2018-07-28,0.0,0.0,0.0,0.0,0.0,0.0,0.0,0.0,0.0,0.0
2018-07-29,0.0,0.0,0.0,0.0,0.0,0.0,0.0,0.0,0.0,0.0
2018-07-30,0.0,0.0,0.0,0.0,0.0,0.0,0.0,0.0,0.0,0.0
2018-07-31,0.0,0.0,0.0,0.0,0.0,0.0,0.0,0.0,0.0,0.0
2018-08-01,1.3,2.0,1.3,2.0,1.3,2.0,0.55,0.91,0.55,0.91
2018-08-02,0.0,0.0,0.0,0.0,0.0,0.0,0.0,0.0,0.0,0.0
2018-08-03,2.75,3.0,2.75,3.0,2.75,3.0,0.0,0.0,0.0,0.0
2018-08-04,0.0,0.0,0.0,0.0,0.0,0.0,0.0,0.0,0.0,0.0
2018-08-05,0.0,0.0,0.0,0.0,0.0,0.0,0.0,0.0,0.0,0.0
2018-08-06,0.0,0.0,0.0,0.0,0.0,0.0,0.0,0.0,0.0,0.0
2018-08-07,0.0,0.0,0.0,0.0,0.0,0.0,0.0,0.0,0.0,0.0
2018-08-08,0.55,1.0,0.55,1.0,0.55,1.0,0.0,0.0,0.0,0.0
2018-08-09,12.17,5.0,12.17,5.0,15.74,7.0,6.71,1.83,8.2,2.71
2018-08-10,0.0,0.0,0.0,0.0,3.48,1.0,0.0,0.0,0.02,0.0
2018-08-11,0.0,0.0,0.0,0.0,0.0,0.0,0.0,0.0,0.0,0.0
2018-08-12,0.0,0.0,0.0,0.0,0.0,0.0,0.0,0.0,0.0,0.0
2018-08-13,0.0,0.0,0.0,0.0,0.0,0.0,0.0,0.0,0.0,0.0
2018-08-14,0.0,0.0,0.0,0.0,3.27,2.0,0.0,0.0,0.0,0.0
2018-08-15,0.0,0.0,0.0,0.0,0.0,0.0,0.0,0.0,0.0,0.0
2018-08-16,0.0,0.0,0.0,0.0,1.99,1.0,0.0,0.0,0.0,0.0
2018-08-17,0.0,0.0,0.0,0.0,0.0,0.0,0.0,0.0,0.0,0.0
2018-08-18,0.0,0.0,0.0,0.0,1.15,1.0,0.0,0.0,0.76,0.66
2018-08-19,0.0,0.0,0.0,0.0,0.0,0.0,0.0,0.0,0.0,0.0
2018-08-20,0.44,1.0,0.44,1.0,0.44,1.0,0.39,0.88,0.39,0.88
2018-08-21,6.29,1.0,6.29,1.0,6.29,1.0,0.0,0.0,0.0,0.0
2018-08-22,0.0,0.0,0.0,0.0,0.0,0.0,0.0,0.0,0.0,0.0
2018-08-23,0.0,0.0,0.0,0.0,0.0,0.0,0.0,0.0,0.0,0.0
2018-08-24,0.0,0.0,0.0,0.0,0.0,0.0,0.0,0.0,0.0,0.0
2018-08-25,0.0,0.0,0.0,0.0,3.17,1.0,0.0,0.0,0.0,0.0
2018-08-26,0.0,0.0,0.0,0.0,0.0,0.0,0.0,0.0,0.0,0.0
2018-08-27,0.0,0.0,0.0,0.0,0.0,0.0,0.0,0.0,0.0,0.0
2018-08-28,0.0,0.0,0.0,0.0,0.0,0.0,0.0,0.0,0.0,0.0
2018-08-29,0.0,0.0,0.0,0.0,0.0,0.0,0.0,0.0,0.0,0.0
2018-08-30,0.0,0.0,0.0,0.0,3.85,1.0,0.0,0.0,0.0,0.0
2018-08-31,0.0,0.0,0.0,0.0,0.0,0.0,0.0,0.0,0.0,0.0
2018-09-01,0.0,0.0,0.0,0.0,0.0,0.0,0.0,0.0,0.0,0.0
2018-09-02,0.0,0.0,0.0,0.0,0.0,0.0,0.0,0.0,0.0,0.0
2018-09-03,0.0,0.0,0.0,0.0,0.0,0.0,0.0,0.0,0.0,0.0
2018-09-04,0.0,0.0,0.0,0.0,0.0,0.0,0.0,0.0,0.0,0.0
2018-09-05,1.44,1.0,1.44,1.0,1.44,1.0,0.82,0.57,0.82,0.57
2018-09-06,0.0,0.0,0.0,0.0,0.0,0.0,0.0,0.0,0.0,0.0
2018-09-07,0.0,0.0,0.0,0.0,0.0,0.0,0.0,0.0,0.0,0.0
2018-09-08,0.0,0.0,0.0,0.0,0.0,0.0,0.0,0.0,0.0,0.0
2018-09-09,0.0,0.0,0.0,0.0,0.0,0.0,0.0,0.0,0.0,0.0
2018-09-10,0.78,1.0,0.78,1.0,3.82,2.0,0.0,0.0,0.0,0.0
2018-09-11,0.0,0.0,0.0,0.0,1.17,1.0,0.0,0.0,0.0,0.0
2018-09-12,0.0,0.0,0.0,0.0,1.08,1.0,0.0,0.0,0.06,0.05
2018-09-13,0.0,0.0,0.82,1.0,0.82,1.0,0.61,0.75,0.61,0.75
2018-09-14,0.59,1.0,0.59,1.0,9.71,3.0,0.36,0.61,0.36,0.61
2018-09-15,2.63,2.0,2.63,2.0,25.42,8.0,1.22,0.8,10.59,2.46
2018-09-16,0.0,0.0,0.0,0.0,11.0,3.0,0.0,0.0,2.41,0.66
2018-09-17,0.0,0.0,0.0,0.0,0.0,0.0,0.0,0.0,0.0,0.0
2018-09-18,0.79,1.0,0.79,1.0,17.77,3.0,0.0,0.0,10.22,1.2
2018-09-19,0.0,0.0,0.0,0.0,27.92,5.0,0.0,0.0,21.32,3.7
2018-09-20,3.64,1.0,3.64,1.0,60.67,11.0,1.05,0.29,16.81,3.3
2018-09-21,0.0,0.0,4.34,1.0,158.8,35.0,0.0,0.0,0.0,0.0
2018-09-22,0.0,0.0,0.0,0.0,0.0,0.0,0.0,0.0,0.0,0.0
2018-09-23,0.0,0.0,0.0,0.0,0.0,0.0,0.0,0.0,0.0,0.0
2018-09-24,0.0,0.0,0.0,0.0,0.35,1.0,0.0,0.0,0.0,0.0
2018-09-25,0.0,0.0,0.0,0.0,0.0,0.0,0.0,0.0,0.0,0.0
2018-09-26,0.0,0.0,1.94,1.0,1.94,1.0,0.48,0.25,0.48,0.25
2018-09-27,1.25,1.0,1.25,1.0,1.25,1.0,1.19,0.95,1.19,0.95
2018-09-28,0.0,0.0,0.0,0.0,0.0,0.0,0.0,0.0,0.0,0.0
2018-09-29,0.0,0.0,3.45,1.0,3.45,1.0,0.0,0.0,0.0,0.0
2018-09-30,0.0,0.0,11.54,1.0,18.86,2.0,0.0,0.0,2.3,0.31
2018-10-01,4.92,6.0,21.63,9.0,46.71,16.0,2.96,3.7,10.09,6.12
2018-10-02,8.46,2.0,8.46,2.0,74.99,24.0,0.52,0.16,17.27,5.38
2018-10-03,0.0,0.0,2.72,1.0,24.62,6.0,0.0,0.0,0.43,0.13
2018-10-04,1.1,2.0,1.1,2.0,49.44,18.0,0.15,0.49,27.36,9.55
2018-10-05,0.0,0.0,4.68,1.0,127.71,23.0,4.55,0.97,118.82,20.93
2018-10-06,1.87,3.0,30.33,9.0,303.71,71.0,5.16,3.31,168.04,40.55
2018-10-07,4.16,4.0,70.93,28.0,744.19,215.0,10.26,6.21,590.85,165.64
2018-10-08,1.4,1.0,15.39,5.0,182.65,47.0,12.3,3.98,25.86,8.18
2018-10-09,0.0,0.0,16.96,5.0,186.93,45.0,10.69,3.14,16.81,4.67
2018-10-10,0.0,0.0,47.57,8.0,187.76,35.0,11.7,2.07,11.7,2.07
2018-10-11,14.65,3.0,57.42,11.0,386.17,91.0,0.83,0.12,2.03,0.48
2018-10-12,4.98,3.0,80.03,21.0,654.07,176.0,8.09,3.94,242.91,67.59
2018-10-13,1.74,2.0,125.34,26.0,898.87,187.0,30.2,4.53,704.7,138.39
2018-10-14,26.81,4.0,165.26,24.0,910.86,153.0,2.88,1.98,364.17,58.9
2018-10-15,0.0,0.0,80.33,11.0,652.37,124.0,0.0,0.0,288.73,55.58
2018-10-16,12.19,3.0,34.95,6.0,764.02,156.0,16.68,2.2,22.11,3.44
2018-10-17,1.07,2.0,294.14,56.0,1650.86,334.0,122.17,21.66,147.14,29.24
2018-10-18,15.04,7.0,202.63,55.0,1609.3,346.0,2.67,1.35,53.12,19.12
2018-10-19,7.24,2.0,231.18,49.0,1467.58,259.0,0.0,0.0,1131.58,184.18
2018-10-20,0.7,1.0,101.3,20.0,1202.86,217.0,0.0,0.0,707.41,127.11
2018-10-21,21.45,6.0,214.69,32.0,1833.31,274.0,7.64,2.4,1521.59,221.04
2018-10-22,4.91,4.0,418.06,64.0,1283.04,222.0,0.97,1.59,412.58,78.14
2018-10-23,10.68,5.0,276.37,61.0,1559.5,308.0,3.84,2.07,613.29,111.01
2018-10-24,3.79,1.0,230.26,35.0,1376.99,238.0,13.33,2.14,80.56,18.37
2018-10-25,0.0,0.0,237.75,55.0,1284.39,231.0,0.21,0.1,50.49,8.89
2018-10-26,1.99,3.0,63.58,14.0,1441.07,259.0,1.63,2.68,1147.41,207.83
2018-10-27,11.67,6.0,261.86,58.0,2300.99,328.0,5.65,3.22,1719.72,229.45
2018-10-28,4.27,2.0,620.67,125.0,2859.94,535.0,16.64,3.84,1845.55,332.73
2018-10-29,4.17,2.0,311.06,51.0,1610.81,264.0,4.05,1.96,974.27,141.83
2018-10-30,0.0,0.0,89.12,20.0,758.13,131.0,10.75,2.98,25.71,8.11
2018-10-31,0.0,0.0,316.39,42.0,1859.03,307.0,187.37,25.59,256.29,35.96
2018-11-01,2.92,1.0,192.77,39.0,2328.25,338.0,113.63,22.92,148.71,30.05
2018-11-02,1.98,4.0,315.2,66.0,2606.95,429.0,209.8,40.65,238.33,50.73
2018-11-03,12.8,6.0,297.86,58.0,1644.97,275.0,39.56,7.97,55.11,13.63
2018-11-04,0.0,0.0,108.95,26.0,869.15,140.0,0.0,0.0,556.6,101.91
2018-11-05,0.0,0.0,21.89,4.0,954.95,162.0,0.0,0.0,726.54,117.3
2018-11-06,4.61,8.0,131.97,38.0,2079.57,287.0,7.05,4.75,1392.01,177.86
2018-11-07,46.95,11.0,124.74,36.0,2950.66,485.0,16.78,7.22,1067.66,173.83
2018-11-08,4.79,3.0,62.03,25.0,2191.79,418.0,8.11,3.67,1894.34,341.25
2018-11-09,14.49,5.0,81.15,18.0,743.42,149.0,16.15,4.43,592.17,114.7
2018-11-10,4.69,3.0,17.49,6.0,625.02,124.0,2.21,0.83,19.13,3.77
2018-11-11,1.06,2.0,7.56,5.0,664.07,151.0,0.0,0.0,0.29,0.13
2018-11-12,1.29,1.0,40.5,12.0,1061.26,158.0,7.19,2.07,14.86,4.14
2018-11-13,12.32,4.0,42.08,15.0,1455.62,278.0,10.28,3.59,14.25,5.79
2018-11-14,0.0,0.0,25.54,7.0,1150.21,171.0,3.73,2.69,13.71,4.64
2018-11-15,1.46,2.0,37.12,11.0,409.01,80.0,1.22,1.67,345.7,64.76
2018-11-16,7.05,3.0,25.81,7.0,602.78,104.0,0.62,0.97,425.42,73.1
2018-11-17,15.56,4.0,49.44,10.0,567.04,120.0,37.3,6.51,421.95,86.77
2018-11-18,2.96,1.0,89.41,22.0,747.04,167.0,1.59,1.11,8.08,3.96
2018-11-19,0.46,1.0,1.17,2.0,394.88,77.0,0.0,0.0,1.75,1.62
2018-11-20,0.0,0.0,88.2,15.0,301.44,56.0,50.42,4.9,210.76,30.96
2018-11-21,0.0,0.0,0.0,0.0,290.89,50.0,0.0,0.0,160.85,29.0
2018-11-22,0.64,1.0,61.55,17.0,453.0,68.0,18.3,4.07,370.54,44.74
2018-11-23,3.16,3.0,40.29,17.0,450.83,86.0,31.51,12.72,386.59,66.89
2018-11-24,3.44,2.0,124.25,19.0,356.83,76.0,44.43,6.41,192.1,35.18
2018-11-25,4.37,1.0,60.14,20.0,199.94,54.0,29.12,10.54,98.36,27.71
2018-11-26,2.93,1.0,21.7,5.0,91.01,21.0,10.3,2.8,63.47,13.99
2018-11-27,0.0,0.0,40.17,11.0,44.76,13.0,7.69,2.22,8.78,2.9
2018-11-28,17.49,5.0,83.53,21.0,172.94,47.0,15.32,3.38,16.61,4.35
2018-11-29,6.94,4.0,119.27,35.0,219.82,69.0,18.46,6.44,26.23,8.8
2018-11-30,3.92,1.0,45.17,13.0,156.15,45.0,10.84,3.44,35.6,8.77
2018-12-01,5.23,2.0,40.61,12.0,112.07,30.0,14.36,3.49,31.35,5.42
2018-12-02,0.0,0.0,21.54,7.0,64.07,21.0,7.22,2.31,30.28,8.82
2018-12-03,0.0,0.0,31.54,8.0,79.35,23.0,13.01,3.68,24.84,7.48
2018-12-04,0.45,1.0,159.24,43.0,262.95,72.0,25.61,7.85,60.06,15.61
2018-12-05,5.8,4.0,106.89,37.0,243.98,89.0,10.87,4.33,53.56,19.52
2018-12-06,4.17,1.0,45.57,16.0,117.25,45.0,19.39,6.49,64.18,24.83
2018-12-07,17.02,6.0,47.12,16.0,115.44,40.0,20.95,7.32,37.3,13.0
2018-12-08,5.84,2.0,36.43,13.0,117.31,42.0,12.36,3.17,44.68,12.63
2018-12-09,21.27,7.0,160.79,39.0,316.41,75.0,75.88,19.43,147.38,34.98
2018-12-10,0.4,1.0,97.33,33.0,208.38,75.0,22.37,8.25,35.33,13.76
2018-12-11,2.7,1.0,52.7,15.0,146.4,38.0,11.61,3.97,42.91,12.57
2018-12-12,5.19,1.0,6.91,2.0,6.91,2.0,6.11,1.53,6.11,1.53
2018-12-13,2.68,2.0,12.7,6.0,29.17,13.0,2.26,1.48,5.94,2.42
2018-12-14,10.37,4.0,64.29,22.0,135.3,44.0,17.27,5.48,29.94,8.95
2018-12-15,8.59,3.0,138.66,52.0,289.9,108.0,32.31,8.45,62.44,20.02
2018-12-16,8.99,2.0,131.09,48.0,276.25,96.0,23.45,9.67,73.59,23.18
2018-12-17,0.93,1.0,27.81,10.0,72.67,28.0,16.69,6.44,36.74,14.9
2018-12-18,29.55,7.0,47.22,14.0,83.87,31.0,0.71,0.31,10.47,3.63
2018-12-19,25.55,4.0,107.08,24.0,181.71,43.0,15.96,3.28,37.11,6.46
2018-12-20,18.52,10.0,165.31,54.0,326.08,102.0,32.18,10.19,59.67,19.21
2018-12-21,13.09,5.0,128.0,44.0,204.81,73.0,24.55,6.48,26.69,7.03
2018-12-22,8.24,3.0,119.77,37.0,185.45,60.0,11.09,5.91,20.41,8.55
2018-12-23,10.6,3.0,77.1,16.0,131.33,33.0,4.84,0.78,7.86,2.51
2018-12-24,24.69,9.0,62.03,22.0,131.07,49.0,18.32,3.98,36.96,10.17
2018-12-25,8.76,4.0,34.33,10.0,193.83,47.0,0.77,1.07,20.03,5.77
2018-12-26,9.05,4.0,89.1,30.0,210.53,71.0,7.96,1.57,35.33,6.51
2018-12-27,14.01,4.0,109.95,29.0,181.08,54.0,35.94,7.43,48.1,13.75
2018-12-28,0.87,1.0,15.24,7.0,27.03,12.0,5.04,2.66,8.98,5.01
2018-12-29,7.66,1.0,81.98,24.0,101.86,31.0,7.48,2.54,12.41,3.82
2018-12-30,20.41,6.0,98.61,29.0,207.4,58.0,26.38,7.74,73.03,19.28
2018-12-31,10.05,6.0,101.36,34.0,187.16,65.0,13.76,5.69,16.81,6.84
2019-01-01,13.11,4.0,90.75,30.0,181.35,64.0,28.72,9.13,66.79,23.8
2019-01-02,0.0,0.0,33.08,9.0,97.6,30.0,5.15,1.52,26.41,10.51
2019-01-03,0.0,0.0,22.26,6.0,62.46,18.0,4.15,1.38,16.6,4.14
2019-01-04,7.15,2.0,7.15,2.0,7.15,2.0,3.82,1.49,3.82,1.49
2019-01-05,2.33,2.0,39.19,17.0,75.38,27.0,16.68,5.99,37.77,11.12
2019-01-06,0.0,0.0,11.89,5.0,58.43,18.0,9.88,4.26,37.63,11.34
2019-01-07,0.0,0.0,13.34,5.0,39.38,15.0,2.38,1.75,9.41,4.17
2019-01-08,1.39,3.0,6.81,5.0,10.62,8.0,1.22,1.74,1.41,2.16
2019-01-09,13.23,4.0,38.97,13.0,82.97,26.0,0.06,0.04,0.49,0.19
2019-01-10,6.19,7.0,43.64,13.0,92.52,23.0,9.96,6.57,17.96,9.43
2019-01-11,19.92,9.0,116.93,41.0,219.44,75.0,34.94,12.59,47.37,16.95
2019-01-12,18.08,3.0,62.36,15.0,125.34,32.0,8.0,1.94,12.7,3.68
2019-01-13,6.89,4.0,21.47,9.0,63.89,19.0,15.85,6.36,37.41,13.08
2019-01-14,11.32,3.0,51.1,11.0,148.14,31.0,13.43,4.67,20.73,7.28
2019-01-15,1.09,2.0,2.62,3.0,2.62,3.0,0.31,0.53,0.31,0.53
2019-01-16,0.0,0.0,27.13,9.0,37.46,15.0,5.39,2.01,7.46,3.07
2019-01-17,18.37,6.0,118.18,31.0,165.66,51.0,23.89,7.17,38.05,12.14
2019-01-18,0.0,0.0,7.94,2.0,56.43,11.0,0.04,0.01,0.72,0.16
2019-01-19,3.91,1.0,12.11,4.0,29.15,9.0,5.13,1.84,5.27,1.94
2019-01-20,4.26,1.0,44.39,8.0,84.36,17.0,4.26,1.24,9.94,2.53
2019-01-21,0.0,0.0,48.14,2.0,52.89,4.0,0.0,0.0,0.0,0.0
2019-01-22,0.0,0.0,0.0,0.0,0.0,0.0,0.0,0.0,0.0,0.0
2019-01-23,0.0,0.0,0.0,0.0,0.0,0.0,0.0,0.0,0.0,0.0
2019-01-24,0.0,0.0,0.0,0.0,0.0,0.0,0.0,0.0,0.0,0.0
2019-01-25,0.0,0.0,0.0,0.0,8.2,4.0,0.0,0.0,2.62,0.85
2019-01-26,9.63,4.0,23.61,7.0,59.2,20.0,11.35,4.12,13.79,5.04
2019-01-27,0.0,0.0,20.81,7.0,75.26,23.0,9.96,4.94,34.47,10.48
2019-01-28,0.0,0.0,75.16,14.0,131.91,26.0,28.58,2.48,32.4,3.32
2019-01-29,5.48,3.0,33.39,10.0,77.28,26.0,15.61,4.28,21.25,6.62
2019-01-30,0.0,0.0,2.37,1.0,2.37,1.0,0.0,0.0,0.0,0.0
2019-01-31,9.18,3.0,26.53,7.0,42.46,9.0,0.37,0.09,11.61,1.5
2019-02-01,2.57,1.0,28.01,10.0,92.45,28.0,15.06,4.94,41.04,13.65
2019-02-02,2.81,1.0,58.66,16.0,140.0,44.0,10.0,2.3,17.72,4.53
2019-02-03,0.0,0.0,3.17,1.0,15.68,6.0,2.74,0.86,9.61,2.87
2019-02-04,8.81,2.0,32.69,11.0,55.96,20.0,5.65,1.41,8.63,2.58
2019-02-05,0.0,0.0,20.15,4.0,50.09,15.0,8.76,1.54,19.13,5.91
2019-02-06,3.01,1.0,39.49,15.0,151.62,38.0,1.76,0.88,18.51,4.38
2019-02-07,0.0,0.0,0.0,0.0,0.0,0.0,0.0,0.0,0.0,0.0
2019-02-08,0.7,2.0,0.7,2.0,0.7,2.0,0.55,1.58,0.55,1.58
2019-02-09,0.0,0.0,0.0,0.0,4.56,2.0,0.0,0.0,2.09,0.92
2019-02-10,1.97,1.0,21.31,4.0,39.21,7.0,6.49,0.96,16.17,2.7
2019-02-11,5.06,2.0,29.65,8.0,72.95,16.0,8.37,2.4,17.26,4.31
2019-02-12,18.53,1.0,31.57,6.0,112.73,26.0,10.54,3.04,53.7,15.14
2019-02-13,0.0,0.0,13.07,3.0,22.23,6.0,0.0,0.0,0.02,0.01
2019-02-14,0.0,0.0,0.0,0.0,1.64,1.0,0.0,0.0,1.42,0.87
2019-02-15,0.0,0.0,0.0,0.0,0.0,0.0,0.0,0.0,0.0,0.0
2019-02-16,0.0,0.0,0.0,0.0,7.47,2.0,0.0,0.0,4.06,0.58
2019-02-17,4.21,2.0,19.81,7.0,25.87,10.0,8.84,2.64,10.09,3.25
2019-02-18,0.0,0.0,6.26,2.0,51.43,12.0,0.0,0.0,0.6,0.23
2019-02-19,0.0,0.0,15.68,4.0,30.14,7.0,6.93,1.76,13.95,3.24
2019-02-20,0.0,0.0,0.0,0.0,0.0,0.0,0.0,0.0,0.0,0.0
2019-02-21,1.24,2.0,1.24,2.0,12.09,5.0,0.0,0.0,0.0,0.0
2019-02-22,3.44,2.0,38.15,14.0,103.52,36.0,16.58,6.06,34.82,13.27
2019-02-23,12.66,5.0,29.07,11.0,154.96,50.0,8.43,3.59,22.72,9.39
2019-02-24,8.74,7.0,79.57,30.0,232.29,55.0,43.87,13.93,124.12,30.36
2019-02-25,16.03,2.0,65.32,10.0,127.17,30.0,33.98,4.24,42.88,8.6
2019-02-26,0.0,0.0,0.0,0.0,7.32,1.0,0.0,0.0,0.0,0.0
2019-02-27,0.57,1.0,23.06,5.0,40.86,8.0,21.7,4.22,34.02,6.03
2019-02-28,8.19,5.0,41.92,19.0,82.69,35.0,29.56,12.66,51.93,20.83
2019-03-01,18.2,4.0,37.71,9.0,89.67,19.0,15.91,4.47,29.57,8.02
2019-03-02,0.0,0.0,0.0,0.0,0.0,0.0,0.0,0.0,0.0,0.0
2019-03-03,0.0,0.0,0.0,0.0,0.0,0.0,0.0,0.0,0.0,0.0
2019-03-04,4.58,5.0,22.1,11.0,25.37,13.0,6.23,3.33,7.42,4.45
2019-03-05,0.72,1.0,30.12,11.0,69.29,27.0,5.13,2.66,8.34,4.75
2019-03-06,5.59,4.0,45.21,14.0,148.65,35.0,8.79,2.89,19.37,5.9
2019-03-07,2.32,1.0,26.59,7.0,120.54,21.0,14.97,2.62,48.7,6.11
2019-03-08,0.0,0.0,49.15,3.0,61.21,7.0,43.09,2.63,47.06,3.85
2019-03-09,11.7,5.0,19.11,7.0,147.67,20.0,9.6,4.17,28.35,6.16
2019-03-10,6.57,5.0,54.93,15.0,110.51,31.0,26.04,7.91,60.04,18.29
2019-03-11,0.73,1.0,13.1,5.0,27.28,9.0,8.76,2.04,12.15,3.35
2019-03-12,0.0,0.0,12.24,3.0,26.55,7.0,7.55,1.72,18.75,4.76
2019-03-13,0.0,0.0,0.0,0.0,1.34,2.0,0.0,0.0,1.2,1.8
2019-03-14,1.26,3.0,1.26,3.0,10.72,6.0,0.73,2.0,3.67,3.06
2019-03-15,7.33,6.0,11.23,9.0,73.53,29.0,4.89,4.91,24.72,10.36
2019-03-16,1.04,1.0,16.35,4.0,36.41,10.0,2.56,1.64,6.89,3.53
2019-03-17,14.35,3.0,39.08,7.0,92.91,25.0,18.23,3.0,30.79,6.42
2019-03-18,26.15,7.0,32.27,9.0,53.1,15.0,4.34,1.46,6.02,2.23
2019-03-19,7.6,3.0,35.49,9.0,55.21,13.0,13.8,3.78,22.19,5.29
2019-03-20,0.96,2.0,8.31,6.0,45.09,25.0,2.3,1.84,10.53,13.41
2019-03-21,0.0,0.0,40.21,10.0,55.68,14.0,11.91,4.58,23.2,6.78
2019-03-22,3.09,1.0,41.57,10.0,76.33,20.0,26.32,5.17,31.06,6.31
2019-03-23,11.7,4.0,11.7,4.0,37.04,12.0,3.09,1.76,10.3,3.14
2019-03-24,0.0,0.0,0.0,0.0,19.87,6.0,0.0,0.0,9.25,2.61
2019-03-25,2.25,1.0,11.86,3.0,23.72,6.0,5.69,1.38,9.21,2.72
2019-03-26,3.73,4.0,5.18,5.0,29.4,14.0,0.98,1.06,1.18,1.26
2019-03-27,2.94,5.0,17.53,7.0,47.29,17.0,8.17,4.04,13.26,5.65
2019-03-28,0.0,0.0,9.47,2.0,35.71,9.0,0.0,0.0,8.09,1.23
2019-03-29,18.47,4.0,23.32,5.0,36.47,8.0,5.86,2.53,15.21,4.18
2019-03-30,0.0,0.0,3.25,2.0,30.66,7.0,0.0,0.0,12.87,1.19
2019-03-31,1.53,3.0,36.6,7.0,64.1,18.0,24.76,3.63,39.47,6.51
2019-04-01,11.1,4.0,25.42,8.0,64.98,22.0,11.53,2.58,22.0,5.39
2019-04-02,0.0,0.0,0.0,0.0,237.24,25.0,0.0,0.0,67.85,8.35
2019-04-03,1.89,2.0,16.74,7.0,41.9,12.0,3.96,1.74,7.54,2.83
2019-04-04,1.87,1.0,29.46,6.0,32.79,7.0,4.27,1.72,4.27,1.72
2019-04-05,2.5,2.0,4.21,3.0,69.41,13.0,1.32,0.83,37.79,6.85
2019-04-06,5.25,1.0,10.26,3.0,19.87,9.0,1.03,0.29,8.12,5.08
2019-04-07,0.0,0.0,8.12,2.0,56.35,7.0,7.09,1.75,9.7,2.79
2019-04-08,1.31,1.0,8.74,3.0,10.25,5.0,0.0,0.0,0.6,0.77
2019-04-09,0.0,0.0,1.65,1.0,55.1,16.0,1.58,0.96,33.75,10.16
2019-04-10,0.0,0.0,2.41,1.0,86.28,11.0,2.32,0.96,3.24,1.06
2019-04-11,8.18,3.0,18.19,7.0,49.13,15.0,1.64,1.7,12.14,4.12
2019-04-12,0.66,2.0,1.13,3.0,20.49,8.0,0.51,1.17,8.03,2.96
2019-04-13,3.2,3.0,7.93,5.0,28.91,11.0,5.45,3.15,10.55,4.45
2019-04-14,0.0,0.0,5.24,4.0,20.32,15.0,1.42,1.9,7.36,5.96
2019-04-15,1.01,1.0,1.01,1.0,32.56,10.0,0.0,0.0,0.25,0.15
2019-04-16,0.0,0.0,0.0,0.0,0.0,0.0,0.0,0.0,0.0,0.0
2019-04-17,0.0,0.0,2.89,2.0,2.89,2.0,0.0,0.0,0.0,0.0
2019-04-18,0.0,0.0,0.53,1.0,4.36,2.0,0.17,0.32,2.15,0.84
2019-04-19,0.0,0.0,9.96,4.0,25.09,10.0,1.09,0.54,1.09,0.54
2019-04-20,0.0,0.0,24.03,4.0,49.13,9.0,8.26,0.98,8.74,1.05
2019-04-21,35.08,4.0,35.08,4.0,95.24,18.0,22.7,2.63,34.12,6.75
2019-04-22,24.26,6.0,65.96,16.0,169.5,25.0,15.8,4.0,99.05,7.88
2019-04-23,16.61,4.0,18.4,5.0,58.87,18.0,5.46,2.09,14.08,4.75
2019-04-24,133.45,9.0,160.68,13.0,168.06,16.0,7.59,0.94,9.28,1.73
2019-04-25,50.75,6.0,82.85,15.0,132.23,22.0,0.28,0.09,3.47,2.67
2019-04-26,76.49,8.0,166.73,19.0,568.58,62.0,73.29,9.55,307.56,28.59
2019-04-27,108.07,17.0,1391.71,104.0,6661.4,314.0,858.91,59.75,5510.36,218.54
2019-04-28,1.89,2.0,171.53,18.0,2348.68,95.0,148.76,9.88,1823.27,60.44
2019-04-29,68.26,6.0,295.24,36.0,459.96,69.0,144.77,17.61,249.35,41.95
2019-04-30,72.11,16.0,419.4,69.0,1270.53,182.0,64.52,13.83,96.94,18.63
2019-05-01,108.5,22.0,330.04,67.0,535.39,115.0,41.95,8.43,69.53,14.47
2019-05-02,5.82,5.0,300.04,36.0,648.9,92.0,37.07,3.87,167.06,24.6
2019-05-03,27.67,4.0,73.71,14.0,247.55,61.0,28.36,6.13,121.46,30.4
2019-05-04,234.45,25.0,2479.27,188.0,3214.37,297.0,1939.0,138.5,2548.97,224.51
2019-05-05,286.53,59.0,1768.56,284.0,4282.87,536.0,989.61,160.11,2433.48,310.06
2019-05-06,288.56,41.0,3339.18,347.0,5773.18,635.0,2418.19,244.46,4395.49,462.78
2019-05-07,108.17,32.0,1611.47,239.0,4178.37,468.0,891.32,141.68,2255.3,239.66
2019-05-08,313.77,57.0,1680.69,278.0,4068.17,658.0,777.11,148.37,1558.92,263.59
2019-05-09,118.51,21.0,1059.94,137.0,4372.4,478.0,578.33,68.92,1764.86,173.03
2019-05-10,208.24,40.0,1172.31,200.0,4128.06,645.0,779.55,115.54,2531.55,336.29
2019-05-11,133.04,22.0,742.87,124.0,2244.29,424.0,420.95,78.33,1405.38,245.77
2019-05-12,59.5,17.0,476.63,94.0,1998.92,407.0,378.48,74.47,1314.1,264.86
2019-05-13,316.78,33.0,1187.52,155.0,5351.44,593.0,848.14,116.67,4109.27,445.8
2019-05-14,52.16,9.0,124.93,25.0,502.74,99.0,60.65,13.61,352.72,65.19
2019-05-15,42.2,9.0,89.98,21.0,257.71,56.0,1.49,0.5,20.79,5.33
2019-05-16,56.71,12.0,160.57,38.0,722.72,151.0,80.72,18.24,511.51,101.82
2019-05-17,67.29,12.0,528.0,61.0,1303.96,179.0,407.9,37.88,938.81,109.71
2019-05-18,36.96,9.0,175.6,35.0,1511.68,284.0,73.37,16.68,846.0,150.87
2019-05-19,53.48,8.0,189.94,29.0,986.45,178.0,103.7,16.68,443.61,73.37
2019-05-20,121.43,11.0,444.26,74.0,733.74,128.0,207.4,42.76,332.7,65.59
2019-05-21,10.53,4.0,173.47,48.0,875.21,202.0,99.81,25.75,332.84,83.5
2019-05-22,0.0,0.0,128.71,18.0,603.96,121.0,9.61,2.4,39.18,8.55
2019-05-23,34.42,7.0,112.44,24.0,317.24,56.0,70.01,14.54,195.21,34.04
2019-05-24,0.73,1.0,2.26,2.0,108.54,26.0,0.33,0.21,36.71,12.42
2019-05-25,25.63,5.0,100.71,20.0,466.62,97.0,60.35,13.78,324.78,65.5
2019-05-26,30.0,4.0,91.05,13.0,623.86,78.0,57.98,8.03,344.61,44.49
2019-05-27,38.83,7.0,137.03,24.0,580.22,101.0,84.0,15.47,248.68,45.72
2019-05-28,77.79,15.0,120.61,20.0,290.06,57.0,61.09,8.19,109.36,18.23
2019-05-29,15.95,3.0,64.13,12.0,327.85,56.0,20.26,4.26,80.89,14.13
2019-05-30,0.0,0.0,2.64,1.0,114.19,15.0,2.53,0.96,39.21,5.19
2019-05-31,0.0,0.0,6.55,1.0,196.17,27.0,6.55,1.0,51.11,9.11
2019-06-01,7.87,1.0,23.65,5.0,212.1,36.0,7.87,1.0,35.26,6.66
2019-06-02,28.46,3.0,47.84,4.0,106.33,19.0,0.0,0.0,3.67,1.93
2019-06-03,0.46,1.0,99.5,5.0,153.66,23.0,25.0,1.84,27.16,3.16
2019-06-04,8.49,3.0,8.49,3.0,55.61,11.0,0.0,0.0,23.15,3.1
2019-06-05,0.0,0.0,16.54,4.0,35.3,10.0,0.8,0.32,2.82,1.15
2019-06-06,31.4,5.0,44.51,11.0,55.48,14.0,10.74,1.71,17.63,2.7
2019-06-07,0.0,0.0,5.87,1.0,54.03,11.0,0.0,0.0,4.01,0.99
2019-06-08,0.0,0.0,15.75,2.0,67.84,12.0,9.87,1.25,22.59,4.47
2019-06-09,0.0,0.0,6.5,1.0,46.63,12.0,0.94,0.14,8.04,2.5
2019-06-10,5.83,1.0,7.61,2.0,86.28,14.0,0.0,0.0,0.0,0.0
2019-06-11,0.0,0.0,2.49,1.0,30.2,9.0,0.0,0.0,3.23,1.12
2019-06-12,0.0,0.0,0.0,0.0,4.07,1.0,0.0,0.0,1.85,0.45
2019-06-13,2.08,1.0,7.74,3.0,14.16,4.0,0.57,0.51,0.57,0.51
2019-06-14,18.13,5.0,22.21,6.0,59.39,12.0,1.27,1.72,3.34,2.05
2019-06-15,0.0,0.0,0.0,0.0,31.65,4.0,0.0,0.0,0.67,0.14
2019-06-16,0.0,0.0,0.0,0.0,1.76,1.0,0.0,0.0,0.73,0.41
2019-06-17,0.0,0.0,0.0,0.0,0.0,0.0,0.0,0.0,0.0,0.0
2019-06-18,0.57,1.0,0.57,1.0,0.57,1.0,0.0,0.0,0.0,0.0
2019-06-19,7.9,2.0,19.93,3.0,22.14,5.0,6.26,0.52,6.26,0.52
2019-06-20,2.67,2.0,2.67,2.0,7.29,5.0,1.29,0.98,1.29,0.98
2019-06-21,0.0,0.0,0.0,0.0,5.43,3.0,0.0,0.0,0.64,0.54
2019-06-22,2.34,1.0,3.56,2.0,46.68,12.0,3.48,1.94,12.67,4.89
2019-06-23,0.0,0.0,0.0,0.0,30.35,7.0,0.0,0.0,7.9,1.63
2019-06-24,0.0,0.0,9.41,2.0,23.31,5.0,0.0,0.0,3.75,0.74
2019-06-25,0.0,0.0,1.54,1.0,29.19,6.0,0.26,0.17,19.96,3.91
2019-06-26,0.0,0.0,6.78,2.0,12.48,4.0,5.69,1.68,6.38,2.46
2019-06-27,7.66,2.0,7.66,2.0,12.11,4.0,0.0,0.0,0.0,0.0
2019-06-28,0.0,0.0,6.75,2.0,30.87,7.0,0.0,0.0,0.22,0.07
2019-06-29,0.0,0.0,9.47,3.0,48.24,10.0,5.62,2.09,6.13,2.34
2019-06-30,4.84,2.0,15.96,4.0,31.02,7.0,4.22,0.98,4.22,0.98
2019-07-01,0.0,0.0,0.0,0.0,0.0,0.0,0.0,0.0,0.0,0.0
2019-07-02,0.0,0.0,0.0,0.0,3.69,2.0,0.0,0.0,0.0,0.0
2019-07-03,9.62,2.0,9.62,2.0,15.28,4.0,0.0,0.0,0.0,0.0
2019-07-04,0.0,0.0,0.0,0.0,0.0,0.0,0.0,0.0,0.0,0.0
2019-07-05,0.0,0.0,0.0,0.0,0.0,0.0,0.0,0.0,0.0,0.0
2019-07-06,0.0,0.0,0.0,0.0,0.0,0.0,0.0,0.0,0.0,0.0
2019-07-07,0.0,0.0,0.0,0.0,0.0,0.0,0.0,0.0,0.0,0.0
2019-07-08,0.0,0.0,0.0,0.0,0.0,0.0,0.0,0.0,0.0,0.0
2019-07-09,0.0,0.0,0.0,0.0,0.0,0.0,0.0,0.0,0.0,0.0
2019-07-10,0.0,0.0,0.0,0.0,0.0,0.0,0.0,0.0,0.0,0.0
2019-07-11,0.0,0.0,0.0,0.0,4.86,2.0,0.0,0.0,0.0,0.0
2019-07-12,0.0,0.0,0.0,0.0,0.0,0.0,0.0,0.0,0.0,0.0
2019-07-13,0.0,0.0,0.0,0.0,0.0,0.0,0.0,0.0,0.0,0.0
2019-07-14,0.0,0.0,0.0,0.0,0.0,0.0,0.0,0.0,0.0,0.0
2019-07-15,0.0,0.0,0.0,0.0,0.0,0.0,0.0,0.0,0.0,0.0
2019-07-16,0.0,0.0,0.0,0.0,0.0,0.0,0.0,0.0,0.0,0.0
2019-07-17,0.0,0.0,0.0,0.0,0.0,0.0,0.0,0.0,0.0,0.0
2019-07-18,0.0,0.0,0.0,0.0,2.59,1.0,0.0,0.0,0.0,0.0
2019-07-19,0.0,0.0,0.0,0.0,0.0,0.0,0.0,0.0,0.0,0.0
2019-07-20,1.73,2.0,2.78,3.0,2.78,3.0,0.17,0.33,0.17,0.33
2019-07-21,0.0,0.0,0.0,0.0,8.57,2.0,0.0,0.0,0.0,0.0
2019-07-22,0.0,0.0,2.75,1.0,2.75,1.0,0.0,0.0,0.0,0.0
2019-07-23,0.0,0.0,0.0,0.0,6.81,1.0,0.0,0.0,6.41,0.94
2019-07-24,0.0,0.0,0.0,0.0,0.0,0.0,0.0,0.0,0.0,0.0
2019-07-25,0.0,0.0,0.0,0.0,0.0,0.0,0.0,0.0,0.0,0.0
2019-07-26,0.0,0.0,0.0,0.0,0.0,0.0,0.0,0.0,0.0,0.0
2019-07-27,0.0,0.0,0.0,0.0,0.0,0.0,0.0,0.0,0.0,0.0
2019-07-28,0.0,0.0,0.0,0.0,0.0,0.0,0.0,0.0,0.0,0.0
2019-07-29,0.0,0.0,0.0,0.0,0.0,0.0,0.0,0.0,0.0,0.0
2019-07-30,0.0,0.0,0.0,0.0,0.0,0.0,0.0,0.0,0.0,0.0
2019-07-31,0.0,0.0,0.0,0.0,0.0,0.0,0.0,0.0,0.0,0.0
2019-08-01,0.0,0.0,0.0,0.0,0.0,0.0,0.0,0.0,0.0,0.0
2019-08-02,0.0,0.0,0.0,0.0,0.0,0.0,0.0,0.0,0.0,0.0
2019-08-03,0.0,0.0,0.0,0.0,0.0,0.0,0.0,0.0,0.0,0.0
2019-08-04,0.0,0.0,0.0,0.0,2.68,1.0,0.0,0.0,0.0,0.0
2019-08-05,0.0,0.0,0.0,0.0,0.0,0.0,0.0,0.0,0.0,0.0
2019-08-06,0.0,0.0,0.0,0.0,0.0,0.0,0.0,0.0,0.0,0.0
2019-08-07,0.0,0.0,0.0,0.0,0.0,0.0,0.0,0.0,0.0,0.0
2019-08-08,0.0,0.0,0.0,0.0,3.94,1.0,0.0,0.0,0.0,0.0
2019-08-09,2.74,2.0,2.74,2.0,7.26,3.0,0.13,0.1,0.76,0.24
2019-08-10,1.5,1.0,1.5,1.0,1.5,1.0,0.0,0.0,0.0,0.0
2019-08-11,0.0,0.0,0.0,0.0,0.0,0.0,0.0,0.0,0.0,0.0
2019-08-12,0.0,0.0,0.0,0.0,0.0,0.0,0.0,0.0,0.0,0.0
2019-08-13,0.0,0.0,0.0,0.0,0.0,0.0,0.0,0.0,0.0,0.0
2019-08-14,0.0,0.0,0.0,0.0,0.0,0.0,0.0,0.0,0.0,0.0
2019-08-15,0.0,0.0,0.0,0.0,0.0,0.0,0.0,0.0,0.0,0.0
2019-08-16,0.0,0.0,0.0,0.0,0.0,0.0,0.0,0.0,0.0,0.0
2019-08-17,0.0,0.0,0.0,0.0,0.0,0.0,0.0,0.0,0.0,0.0
2019-08-18,0.0,0.0,0.0,0.0,0.0,0.0,0.0,0.0,0.0,0.0
2019-08-19,0.0,0.0,0.0,0.0,0.0,0.0,0.0,0.0,0.0,0.0
2019-08-20,0.0,0.0,0.0,0.0,0.0,0.0,0.0,0.0,0.0,0.0
2019-08-21,0.0,0.0,0.0,0.0,2.18,1.0,0.0,0.0,2.17,0.99
2019-08-22,1.63,2.0,1.63,2.0,1.63,2.0,1.01,0.83,1.01,0.83
2019-08-23,0.0,0.0,0.0,0.0,2.89,2.0,0.0,0.0,0.0,0.0
2019-08-24,0.0,0.0,0.0,0.0,0.0,0.0,0.0,0.0,0.0,0.0
2019-08-25,18.65,6.0,18.65,6.0,18.65,6.0,16.0,5.14,16.0,5.14
2019-08-26,0.0,0.0,0.0,0.0,0.0,0.0,0.0,0.0,0.0,0.0
2019-08-27,0.0,0.0,0.0,0.0,0.0,0.0,0.0,0.0,0.0,0.0
2019-08-28,0.0,0.0,0.0,0.0,0.0,0.0,0.0,0.0,0.0,0.0
2019-08-29,0.0,0.0,0.0,0.0,0.0,0.0,0.0,0.0,0.0,0.0
2019-08-30,0.0,0.0,0.0,0.0,4.74,1.0,0.0,0.0,0.0,0.0
2019-08-31,0.0,0.0,0.0,0.0,0.0,0.0,0.0,0.0,0.0,0.0
2019-09-01,0.0,0.0,0.0,0.0,0.0,0.0,0.0,0.0,0.0,0.0
2019-09-02,2.25,2.0,2.25,2.0,8.57,4.0,0.0,0.0,0.0,0.0
2019-09-03,0.0,0.0,0.0,0.0,6.71,2.0,0.0,0.0,1.81,0.47
2019-09-04,0.0,0.0,0.0,0.0,0.0,0.0,0.0,0.0,0.0,0.0
2019-09-05,0.0,0.0,0.0,0.0,0.0,0.0,0.0,0.0,0.0,0.0
2019-09-06,0.0,0.0,0.0,0.0,0.0,0.0,0.0,0.0,0.0,0.0
2019-09-07,0.0,0.0,0.0,0.0,0.0,0.0,0.0,0.0,0.0,0.0
2019-09-08,2.21,1.0,2.21,1.0,7.38,2.0,2.21,1.0,2.21,1.0
2019-09-09,0.0,0.0,0.0,0.0,0.0,0.0,0.0,0.0,0.0,0.0
2019-09-10,0.0,0.0,0.0,0.0,0.74,1.0,0.0,0.0,0.0,0.0
2019-09-11,0.0,0.0,0.0,0.0,0.0,0.0,0.0,0.0,0.0,0.0
2019-09-12,0.0,0.0,0.0,0.0,0.0,0.0,0.0,0.0,0.0,0.0
2019-09-13,5.63,2.0,11.53,4.0,13.68,5.0,1.9,0.64,1.9,0.64
2019-09-14,0.0,0.0,0.0,0.0,0.0,0.0,0.0,0.0,0.0,0.0
2019-09-15,0.0,0.0,0.0,0.0,1.54,1.0,0.0,0.0,0.0,0.0
2019-09-16,0.0,0.0,0.0,0.0,0.0,0.0,0.0,0.0,0.0,0.0
2019-09-17,0.0,0.0,0.0,0.0,10.68,2.0,0.0,0.0,0.0,0.0
2019-09-18,4.59,3.0,7.73,4.0,28.86,10.0,1.58,0.52,1.58,0.52
2019-09-19,0.0,0.0,1.22,2.0,5.05,6.0,0.0,0.0,2.2,2.29
2019-09-20,0.0,0.0,0.0,0.0,28.95,6.0,0.0,0.0,0.0,0.0
2019-09-21,0.0,0.0,0.0,0.0,23.53,8.0,0.0,0.0,0.0,0.0
2019-09-22,0.0,0.0,0.0,0.0,44.31,7.0,0.0,0.0,0.0,0.0
2019-09-23,2.79,4.0,3.37,5.0,32.61,13.0,0.27,0.61,0.74,1.44
2019-09-24,2.02,3.0,2.88,4.0,128.47,34.0,0.0,0.0,0.0,0.0
2019-09-25,0.0,0.0,10.35,2.0,32.36,10.0,0.0,0.0,0.83,0.8
2019-09-26,0.0,0.0,0.0,0.0,40.21,8.0,0.0,0.0,0.0,0.0
2019-09-27,0.0,0.0,0.0,0.0,53.5,10.0,0.0,0.0,2.15,0.49
2019-09-28,0.0,0.0,0.0,0.0,52.0,11.0,0.0,0.0,0.3,0.06
2019-09-29,1.07,3.0,1.07,3.0,5.33,5.0,0.24,0.63,0.24,0.63
2019-09-30,0.0,0.0,0.0,0.0,24.94,7.0,0.0,0.0,0.61,0.8
2019-10-01,0.0,0.0,0.0,0.0,3.75,2.0,0.0,0.0,0.36,0.44
2019-10-02,0.0,0.0,0.0,0.0,6.99,2.0,0.0,0.0,0.0,0.0
2019-10-03,0.0,0.0,0.0,0.0,53.7,10.0,0.0,0.0,4.93,0.86
2019-10-04,0.96,3.0,0.96,3.0,131.17,35.0,0.56,1.66,97.65,25.26
2019-10-05,3.25,2.0,3.25,2.0,143.37,41.0,1.5,0.97,111.41,30.54
2019-10-06,0.68,1.0,10.26,4.0,109.91,35.0,0.0,0.0,86.85,26.77
2019-10-07,0.42,1.0,0.42,1.0,95.62,21.0,0.39,0.93,65.13,13.6
2019-10-08,0.0,0.0,6.29,2.0,432.05,74.0,0.0,0.0,149.23,24.25
2019-10-09,0.9,2.0,66.45,12.0,445.02,91.0,53.2,7.63,54.11,7.82
2019-10-10,2.81,1.0,29.37,9.0,733.84,189.0,0.0,0.0,57.27,12.15
2019-10-11,0.0,0.0,29.49,8.0,745.45,144.0,8.9,2.31,678.79,125.91
2019-10-12,0.8,1.0,24.66,7.0,408.31,117.0,0.76,0.95,331.36,96.81
2019-10-13,0.0,0.0,63.83,12.0,663.32,161.0,2.98,1.37,504.08,126.55
2019-10-14,2.85,1.0,51.8,14.0,791.34,144.0,0.0,0.0,412.76,76.52
2019-10-15,10.89,4.0,58.88,22.0,1178.5,275.0,11.22,4.28,80.22,20.85
2019-10-16,0.0,0.0,82.22,25.0,858.54,179.0,65.72,19.61,76.18,22.7
2019-10-17,0.0,0.0,32.3,6.0,813.3,131.0,31.99,5.94,36.73,6.91
2019-10-18,0.0,0.0,77.06,13.0,559.69,111.0,13.27,2.49,39.93,7.51
2019-10-19,16.71,4.0,83.87,13.0,1091.91,191.0,0.43,0.27,32.59,6.65
2019-10-20,113.98,27.0,605.05,109.0,2849.85,525.0,5.63,1.6,1925.18,348.25
2019-10-21,29.16,10.0,406.79,73.0,2377.12,409.0,19.03,5.45,1245.97,211.16
2019-10-22,0.64,1.0,136.75,33.0,1027.48,194.0,1.79,0.89,555.81,97.29
2019-10-23,0.0,0.0,139.89,30.0,1153.44,205.0,0.41,0.81,813.65,139.66
2019-10-24,0.6,1.0,235.68,34.0,1428.34,199.0,1.73,0.41,43.93,9.41
2019-10-25,26.75,5.0,311.45,56.0,1879.32,308.0,173.03,32.28,196.68,39.29
2019-10-26,23.26,6.0,403.26,95.0,2377.93,498.0,109.15,24.07,113.52,25.54
2019-10-27,38.54,7.0,377.37,68.0,2455.19,377.0,9.75,3.17,1669.02,240.53
2019-10-28,18.64,3.0,52.98,9.0,1666.63,264.0,0.0,0.0,1325.42,201.73
2019-10-29,0.0,0.0,0.0,0.0,22.03,5.0,0.0,0.0,16.36,3.71
2019-10-30,11.46,1.0,89.73,20.0,2788.71,340.0,0.0,0.0,1997.05,223.17
2019-10-31,0.45,1.0,0.45,1.0,1.84,3.0,0.0,0.0,0.09,0.16
2019-11-01,0.0,0.0,258.77,43.0,699.65,121.0,2.58,0.95,342.72,60.3
2019-11-02,3.9,3.0,17.0,6.0,24.76,7.0,2.99,2.73,3.15,2.75
2019-11-03,1.15,1.0,5.99,2.0,1190.03,205.0,0.81,0.71,859.85,146.56
2019-11-04,17.1,3.0,73.83,15.0,2861.47,430.0,11.89,1.83,2340.13,339.14
2019-11-05,34.26,4.0,190.8,35.0,2959.77,473.0,7.11,1.55,1775.7,268.6
2019-11-06,0.0,0.0,41.3,12.0,2643.22,385.0,3.9,0.58,4.74,0.69
2019-11-07,1.61,1.0,1.61,1.0,2.21,2.0,0.0,0.0,0.0,0.0
2019-11-08,1.61,3.0,34.09,7.0,163.63,34.0,0.58,1.59,79.81,17.68
2019-11-09,5.85,2.0,154.42,21.0,2030.25,256.0,10.38,1.81,1768.13,212.25
2019-11-10,7.22,3.0,96.2,16.0,1893.28,257.0,3.08,0.84,1597.27,208.45
2019-11-11,4.92,3.0,60.5,26.0,587.85,132.0,12.25,6.89,472.89,91.04
2019-11-12,16.18,5.0,90.0,22.0,795.35,158.0,10.96,4.29,669.32,126.58
2019-11-13,1.87,1.0,22.15,6.0,109.65,23.0,7.23,1.52,52.72,8.61
2019-11-14,1.33,2.0,1.33,2.0,3.7,3.0,0.0,0.0,2.28,0.96
2019-11-15,9.98,2.0,43.43,11.0,197.71,46.0,12.22,3.43,140.84,31.04
2019-11-16,10.91,2.0,35.02,14.0,353.77,74.0,15.18,6.01,251.9,46.94
2019-11-17,0.52,1.0,43.19,11.0,564.31,96.0,21.45,3.71,393.99,61.08
2019-11-18,1.05,1.0,22.93,5.0,336.41,52.0,4.23,0.99,168.67,27.0
2019-11-19,14.04,5.0,37.12,8.0,298.15,63.0,4.85,1.36,176.2,36.4
2019-11-20,0.0,0.0,17.71,8.0,242.9,59.0,5.99,2.03,26.44,9.88
2019-11-21,1.3,1.0,18.1,5.0,127.78,33.0,10.48,2.8,40.23,10.68
2019-11-22,3.69,1.0,22.82,7.0,58.29,12.0,5.18,1.34,34.82,4.1
2019-11-23,0.95,2.0,36.18,12.0,65.07,19.0,10.98,3.12,27.96,7.05
2019-11-24,0.0,0.0,8.16,6.0,70.76,24.0,2.59,3.13,47.31,15.44
2019-11-25,11.14,4.0,20.23,7.0,65.95,22.0,12.99,4.13,35.78,12.1
2019-11-26,0.0,0.0,0.0,0.0,23.45,4.0,0.0,0.0,11.0,1.6
2019-11-27,22.63,7.0,36.29,14.0,70.08,26.0,27.8,9.39,59.37,20.57
2019-11-28,0.0,0.0,0.0,0.0,0.0,0.0,0.0,0.0,0.0,0.0
2019-11-29,0.0,0.0,0.0,0.0,5.58,2.0,0.0,0.0,5.54,1.99
2019-11-30,5.52,2.0,17.6,5.0,36.25,12.0,0.22,0.08,1.62,0.67
2019-12-01,0.0,0.0,19.27,8.0,68.25,25.0,0.84,1.38,8.09,2.76
2019-12-02,4.79,2.0,28.23,13.0,131.97,47.0,6.43,2.68,10.45,3.62
2019-12-03,19.19,4.0,77.43,22.0,292.42,73.0,14.86,3.34,52.64,8.1
2019-12-04,0.65,1.0,27.35,6.0,84.44,26.0,15.41,3.44,55.21,15.09
2019-12-05,0.0,0.0,21.42,6.0,35.45,11.0,13.88,3.56,24.24,6.86
2019-12-06,0.59,1.0,60.57,15.0,122.13,31.0,29.77,6.92,78.74,18.89
2019-12-07,3.53,3.0,131.78,36.0,310.78,87.0,76.94,19.77,180.11,49.14
2019-12-08,10.39,5.0,191.58,55.0,379.61,124.0,67.32,16.11,132.65,38.99
2019-12-09,6.63,3.0,60.86,21.0,160.51,49.0,15.73,4.07,32.12,9.96
2019-12-10,25.04,5.0,63.02,15.0,152.76,42.0,12.68,3.0,50.15,10.46
2019-12-11,0.0,0.0,0.0,0.0,8.59,3.0,0.0,0.0,3.23,1.72
2019-12-12,0.0,0.0,0.0,0.0,2.05,1.0,0.0,0.0,2.02,0.99
2019-12-13,0.0,0.0,1.14,1.0,1.14,1.0,0.66,0.58,0.66,0.58
2019-12-14,0.0,0.0,0.0,0.0,0.0,0.0,0.0,0.0,0.0,0.0
2019-12-15,0.0,0.0,2.83,2.0,7.15,3.0,1.5,1.14,1.7,1.18
2019-12-16,0.0,0.0,0.0,0.0,0.0,0.0,0.0,0.0,0.0,0.0
2019-12-17,0.0,0.0,0.0,0.0,4.61,1.0,0.0,0.0,0.01,0.0
2019-12-18,10.85,5.0,52.71,17.0,57.56,19.0,22.67,5.65,22.67,5.65
2019-12-19,0.0,0.0,0.0,0.0,0.0,0.0,0.0,0.0,0.0,0.0
2019-12-20,3.57,1.0,3.57,1.0,21.95,7.0,1.55,0.43,9.04,2.85
2019-12-21,0.0,0.0,0.0,0.0,0.0,0.0,0.0,0.0,0.0,0.0
2019-12-22,0.0,0.0,4.68,1.0,50.75,10.0,0.0,0.0,1.86,0.31
2019-12-23,0.0,0.0,32.95,13.0,60.63,21.0,7.5,2.82,14.97,5.57
2019-12-24,11.03,3.0,166.26,52.0,281.66,95.0,117.03,35.12,176.25,55.82
2019-12-25,0.0,0.0,0.0,0.0,0.0,0.0,0.0,0.0,0.0,0.0
2019-12-26,0.0,0.0,0.0,0.0,3.91,1.0,0.0,0.0,3.91,1.0
2019-12-27,0.0,0.0,10.09,5.0,29.14,11.0,4.42,1.81,6.81,2.55
2019-12-28,0.0,0.0,10.08,3.0,11.88,4.0,2.46,0.68,4.15,1.62
2019-12-29,13.64,5.0,88.41,27.0,168.57,54.0,33.11,11.38,94.06,30.3
2019-12-30,0.0,0.0,0.0,0.0,0.0,0.0,0.0,0.0,0.0,0.0
2019-12-31,15.84,6.0,50.56,18.0,66.5,23.0,21.65,5.49,25.88,7.08
2020-01-01,0.0,0.0,0.65,1.0,0.65,1.0,0.01,0.01,0.01,0.01
2020-01-02,5.9,2.0,43.53,10.0,62.57,15.0,14.15,3.3,18.86,4.44
2020-01-03,8.23,3.0,56.15,23.0,117.18,41.0,35.44,15.32,70.21,25.98
2020-01-04,3.51,2.0,47.47,18.0,99.52,37.0,24.19,8.96,32.43,11.77
2020-01-05,4.57,1.0,40.19,11.0,115.83,21.0,4.25,1.07,8.58,1.89
2020-01-06,0.0,0.0,0.0,0.0,0.0,0.0,0.0,0.0,0.0,0.0
2020-01-07,0.0,0.0,0.0,0.0,128.3,3.0,0.0,0.0,0.0,0.0
2020-01-08,0.0,0.0,0.62,1.0,3.69,2.0,0.57,0.92,0.57,0.92
2020-01-09,0.0,0.0,0.0,0.0,0.0,0.0,0.0,0.0,0.0,0.0
2020-01-10,0.0,0.0,2.12,1.0,5.57,4.0,0.0,0.0,1.91,1.36
2020-01-11,0.0,0.0,40.27,13.0,51.56,19.0,23.6,7.05,23.6,7.05
2020-01-12,18.0,3.0,37.76,11.0,50.46,14.0,2.37,2.31,2.94,2.4
2020-01-13,4.45,2.0,8.93,3.0,8.93,3.0,4.52,1.46,4.52,1.46
2020-01-14,0.0,0.0,15.35,6.0,37.54,15.0,0.97,0.6,2.61,1.34
2020-01-15,0.0,0.0,18.96,4.0,25.27,6.0,13.84,2.57,15.38,3.18
2020-01-16,0.0,0.0,0.0,0.0,0.0,0.0,0.0,0.0,0.0,0.0
2020-01-17,0.0,0.0,0.0,0.0,0.0,0.0,0.0,0.0,0.0,0.0
2020-01-18,0.0,0.0,9.44,2.0,11.61,3.0,5.19,1.1,5.19,1.1
2020-01-19,0.0,0.0,0.0,0.0,5.21,2.0,0.0,0.0,0.0,0.0
2020-01-20,0.0,0.0,12.13,2.0,12.13,2.0,9.88,1.61,9.88,1.61
2020-01-21,0.0,0.0,0.0,0.0,5.16,1.0,0.0,0.0,0.0,0.0
2020-01-22,4.23,2.0,4.23,2.0,37.25,11.0,0.42,0.2,2.11,1.09
2020-01-23,9.69,2.0,31.06,9.0,55.89,16.0,13.25,3.87,27.0,7.33
2020-01-24,17.99,5.0,67.71,17.0,111.39,31.0,10.43,3.91,21.21,4.98
2020-01-25,7.75,4.0,68.72,18.0,124.94,33.0,22.5,5.75,47.56,11.9
2020-01-26,3.01,1.0,51.69,13.0,107.19,31.0,9.52,2.33,26.26,5.59
2020-01-27,0.0,0.0,7.74,2.0,46.95,12.0,3.9,1.05,13.38,4.56
2020-01-28,0.0,0.0,0.0,0.0,1.25,1.0,0.0,0.0,1.19,0.95
2020-01-29,3.94,3.0,169.36,6.0,174.32,10.0,1.61,1.94,1.94,2.63
2020-01-30,9.87,5.0,32.61,11.0,72.62,24.0,8.32,3.63,18.68,6.6
2020-01-31,6.7,3.0,17.18,6.0,36.24,12.0,6.1,2.37,6.93,3.09
2020-02-01,0.0,0.0,21.74,7.0,35.01,11.0,14.22,4.5,15.96,5.29
2020-02-02,12.2,3.0,68.24,16.0,118.27,32.0,14.65,4.99,19.91,6.99
2020-02-03,3.72,1.0,35.64,13.0,120.52,32.0,9.43,3.88,26.92,8.63
2020-02-04,11.08,1.0,60.96,20.0,127.72,45.0,31.6,11.43,60.49,21.36
2020-02-05,0.7,1.0,7.07,3.0,80.62,24.0,0.97,0.98,26.51,6.72
2020-02-06,11.93,4.0,86.95,20.0,124.63,32.0,28.96,7.34,38.38,10.71
2020-02-07,7.06,1.0,58.53,13.0,103.16,27.0,26.74,5.42,33.57,8.13
2020-02-08,0.0,0.0,29.05,9.0,90.29,24.0,12.23,4.4,28.52,8.3
2020-02-09,4.15,4.0,74.49,22.0,186.3,53.0,15.26,6.8,41.07,14.77
2020-02-10,0.75,1.0,38.45,15.0,183.76,54.0,14.24,3.45,57.75,11.23
2020-02-11,2.51,1.0,49.24,17.0,131.63,32.0,14.08,4.62,36.15,10.25
2020-02-12,0.0,0.0,5.75,2.0,145.96,30.0,0.0,0.0,12.79,2.9
2020-02-13,9.85,3.0,43.57,8.0,194.22,28.0,6.47,1.85,16.08,3.81
2020-02-14,1.43,3.0,10.03,6.0,71.55,21.0,7.77,4.31,17.0,7.21
2020-02-15,16.86,6.0,77.95,20.0,217.43,57.0,0.76,0.95,29.75,6.79
2020-02-16,0.0,0.0,44.77,13.0,168.28,42.0,18.06,5.58,42.5,10.37
2020-02-17,21.45,6.0,50.03,15.0,114.28,34.0,8.21,3.36,16.25,6.54
2020-02-18,4.44,3.0,24.68,9.0,85.96,30.0,5.12,2.6,5.91,2.91
2020-02-19,0.0,0.0,12.98,4.0,202.63,16.0,2.92,0.98,6.35,1.08
2020-02-20,0.0,0.0,27.86,10.0,125.12,37.0,8.09,4.11,26.73,9.85
2020-02-21,0.0,0.0,0.0,0.0,0.0,0.0,0.0,0.0,0.0,0.0
2020-02-22,0.0,0.0,8.95,1.0,24.29,5.0,0.93,0.1,1.03,0.59
2020-02-23,0.0,0.0,6.83,2.0,17.73,5.0,4.61,1.32,9.66,2.32
2020-02-24,0.64,1.0,17.38,7.0,69.84,16.0,8.55,3.75,35.26,7.47
2020-02-25,5.81,3.0,24.8,8.0,98.13,26.0,8.42,1.65,45.94,9.86
2020-02-26,13.55,7.0,56.87,24.0,138.06,50.0,2.42,0.84,3.01,0.93
2020-02-27,0.0,0.0,2.8,1.0,17.2,4.0,0.0,0.0,0.0,0.0
2020-02-28,0.0,0.0,5.05,3.0,20.54,10.0,1.34,1.06,2.69,1.56
2020-02-29,0.0,0.0,0.0,0.0,21.18,3.0,0.0,0.0,0.0,0.0
2020-03-01,1.14,2.0,1.14,2.0,10.29,5.0,0.03,0.08,3.24,2.11
2020-03-02,1.51,3.0,6.95,5.0,197.61,35.0,4.81,3.18,79.89,18.85
2020-03-03,0.0,0.0,29.95,7.0,112.49,25.0,10.34,2.25,75.53,14.88
2020-03-04,2.91,1.0,53.88,15.0,81.41,23.0,0.0,0.0,2.7,0.55
2020-03-05,0.0,0.0,0.0,0.0,18.39,4.0,0.0,0.0,7.57,1.18
2020-03-06,0.0,0.0,0.0,0.0,0.0,0.0,0.0,0.0,0.0,0.0
2020-03-07,0.0,0.0,0.0,0.0,0.0,0.0,0.0,0.0,0.0,0.0
2020-03-08,1.09,2.0,1.09,2.0,72.01,8.0,0.88,1.54,5.53,2.89
2020-03-09,0.0,0.0,0.0,0.0,43.16,11.0,0.0,0.0,3.28,1.15
2020-03-10,0.0,0.0,39.09,8.0,85.87,24.0,0.0,0.0,3.13,1.29
2020-03-11,0.0,0.0,3.87,1.0,11.9,3.0,0.0,0.0,0.04,0.01
2020-03-12,9.22,3.0,11.81,4.0,30.88,8.0,3.26,0.96,6.49,1.59
2020-03-13,1.87,1.0,17.34,6.0,21.09,7.0,4.02,1.59,4.02,1.59
2020-03-14,4.78,3.0,4.78,3.0,4.78,3.0,2.13,1.34,2.13,1.34
2020-03-15,19.15,5.0,36.39,11.0,46.77,16.0,3.91,1.18,4.8,1.65
2020-03-16,0.6,1.0,8.3,4.0,8.3,4.0,2.01,1.27,2.01,1.27
2020-03-17,1.27,4.0,10.36,7.0,71.42,25.0,0.27,1.2,7.68,3.29
2020-03-18,0.99,2.0,40.26,9.0,96.34,29.0,18.24,3.06,34.53,8.46
2020-03-19,0.0,0.0,29.9,4.0,52.18,12.0,9.89,2.19,18.61,5.42
2020-03-20,0.0,0.0,2.01,1.0,31.45,8.0,0.0,0.0,11.4,2.47
2020-03-21,0.42,1.0,7.41,4.0,18.45,7.0,3.15,1.39,10.8,3.31
2020-03-22,0.0,0.0,5.62,2.0,15.07,5.0,1.98,0.85,11.27,3.41
2020-03-23,2.79,1.0,6.12,2.0,40.33,12.0,3.14,1.09,23.07,7.34
2020-03-24,3.35,1.0,12.61,3.0,42.13,11.0,3.24,0.97,3.36,1.0
2020-03-25,0.0,0.0,3.61,1.0,17.67,5.0,0.0,0.0,2.28,0.85
2020-03-26,0.0,0.0,0.0,0.0,0.0,0.0,0.0,0.0,0.0,0.0
2020-03-27,0.0,0.0,0.0,0.0,0.0,0.0,0.0,0.0,0.0,0.0
2020-03-28,0.0,0.0,5.41,2.0,13.42,4.0,0.0,0.0,4.08,0.7
2020-03-29,8.12,2.0,33.75,6.0,62.19,15.0,17.93,2.17,29.02,5.41
2020-03-30,2.7,1.0,5.18,2.0,38.31,8.0,1.64,0.66,4.22,1.35
2020-03-31,0.0,0.0,11.95,3.0,23.25,6.0,0.55,0.09,3.28,1.08
2020-04-01,0.0,0.0,5.03,1.0,26.43,7.0,0.23,0.05,9.64,2.75
2020-04-02,0.66,1.0,15.64,5.0,32.9,10.0,5.11,1.83,9.37,3.51
2020-04-03,8.82,3.0,37.81,8.0,85.12,25.0,16.58,2.32,27.03,5.06
2020-04-04,8.96,3.0,8.96,3.0,34.71,13.0,0.54,0.17,9.07,4.23
2020-04-05,0.7,1.0,3.15,2.0,5.9,4.0,2.91,1.78,5.26,3.5
2020-04-06,0.0,0.0,0.0,0.0,11.59,3.0,0.0,0.0,6.93,1.42
2020-04-07,1.79,1.0,4.66,2.0,10.52,4.0,0.66,0.23,1.81,0.89
2020-04-08,13.57,3.0,28.86,7.0,65.86,14.0,9.76,2.58,17.7,3.29
2020-04-09,0.0,0.0,2.64,1.0,26.62,6.0,0.0,0.0,1.74,0.62
2020-04-10,0.0,0.0,9.11,3.0,22.64,8.0,0.06,0.03,12.43,4.34
2020-04-11,3.5,1.0,18.42,4.0,23.6,6.0,1.0,1.0,3.48,1.96
2020-04-12,0.6,1.0,1.34,2.0,10.92,5.0,1.11,1.67,1.23,1.9
2020-04-13,0.0,0.0,15.79,3.0,98.7,8.0,0.0,0.0,0.0,0.0
2020-04-14,0.0,0.0,6.84,1.0,29.47,11.0,0.03,0.0,4.01,2.09
2020-04-15,3.32,1.0,14.34,4.0,16.19,6.0,3.55,1.02,4.55,2.09
2020-04-16,0.0,0.0,1.09,1.0,14.03,5.0,0.0,0.0,1.98,0.63
2020-04-17,0.0,0.0,16.82,2.0,58.95,8.0,0.0,0.0,7.28,1.71
2020-04-18,0.71,1.0,0.71,1.0,12.51,4.0,0.0,0.0,4.54,0.97
2020-04-19,6.12,2.0,11.91,6.0,20.7,7.0,2.78,2.31,2.78,2.31
2020-04-20,8.92,2.0,18.22,5.0,25.34,7.0,4.57,1.14,8.08,2.14
2020-04-21,2.51,1.0,2.51,1.0,23.34,7.0,0.0,0.0,5.57,2.17
2020-04-22,3.32,1.0,68.23,14.0,82.48,16.0,2.5,0.69,5.52,1.45
2020-04-23,0.0,0.0,0.0,0.0,24.72,6.0,0.0,0.0,0.0,0.0
2020-04-24,69.85,10.0,197.45,35.0,325.92,62.0,37.91,8.56,77.89,17.83
2020-04-25,47.63,5.0,57.71,8.0,131.64,17.0,26.69,2.46,33.56,3.23
2020-04-26,6.12,3.0,20.59,5.0,27.11,6.0,15.37,3.7,20.21,4.44
2020-04-27,15.69,3.0,78.21,21.0,98.57,26.0,10.5,2.3,12.38,2.99
2020-04-28,19.75,3.0,52.4,11.0,102.71,23.0,18.85,3.17,22.42,4.48
2020-04-29,100.38,17.0,312.45,50.0,511.1,93.0,99.5,14.37,116.9,19.49
2020-04-30,11.55,3.0,93.71,12.0,203.4,29.0,52.6,6.16,82.77,9.39
2020-05-01,75.71,13.0,166.41,37.0,341.29,73.0,43.62,11.6,47.8,13.24
2020-05-02,17.57,6.0,152.94,33.0,237.3,54.0,55.32,10.42,61.63,13.11
2020-05-03,0.94,1.0,5.07,3.0,80.59,24.0,0.0,0.0,3.52,1.4
2020-05-04,66.07,8.0,156.87,23.0,166.22,25.0,11.78,1.75,12.34,1.85
2020-05-05,32.66,8.0,262.9,44.0,368.58,75.0,22.71,5.87,63.81,17.32
2020-05-06,0.0,0.0,0.0,0.0,39.51,13.0,0.0,0.0,5.67,1.36
2020-05-07,280.66,53.0,943.77,196.0,1353.65,304.0,51.71,14.47,61.12,16.15
2020-05-08,427.65,85.0,1190.11,258.0,1697.17,400.0,121.05,31.02,125.95,31.98
2020-05-09,139.77,24.0,864.71,116.0,1668.43,254.0,49.21,7.58,140.99,20.34
2020-05-10,0.0,0.0,8.69,5.0,8.69,5.0,0.0,0.0,0.0,0.0
2020-05-11,0.0,0.0,7.73,5.0,300.74,64.0,0.0,0.0,0.0,0.0
2020-05-12,46.94,12.0,643.72,117.0,1628.51,339.0,29.24,6.32,34.07,7.74
2020-05-13,7.01,1.0,7.01,1.0,11.96,3.0,7.01,1.0,8.02,1.36
2020-05-14,115.52,21.0,924.96,143.0,2393.35,342.0,716.35,115.25,1831.37,268.37
2020-05-15,113.98,17.0,695.62,107.0,2306.9,343.0,517.33,78.9,1892.86,280.86
2020-05-16,54.87,8.0,374.53,39.0,1394.25,151.0,310.57,29.94,1257.27,130.68
2020-05-17,240.62,22.0,471.39,58.0,2067.01,340.0,176.24,28.8,1445.92,241.8
2020-05-18,39.18,10.0,524.83,94.0,2266.94,396.0,457.25,79.44,2029.56,345.06
2020-05-19,36.24,6.0,412.99,48.0,2080.78,243.0,327.18,36.23,1827.16,209.22
2020-05-20,32.46,6.0,169.74,22.0,1030.13,128.0,111.99,15.92,728.82,90.98
2020-05-21,35.86,7.0,83.44,15.0,276.53,38.0,26.74,4.31,128.42,14.28
2020-05-22,9.04,1.0,76.02,10.0,541.18,65.0,0.0,0.0,13.66,2.15
2020-05-23,0.0,0.0,66.89,10.0,388.06,78.0,1.48,0.71,11.83,1.61
2020-05-24,6.95,2.0,46.39,7.0,489.75,95.0,35.62,4.73,326.22,61.05
2020-05-25,16.54,5.0,170.74,24.0,492.16,69.0,96.56,10.94,218.59,27.53
2020-05-26,0.0,0.0,28.68,5.0,149.01,28.0,11.09,2.42,56.32,9.01
2020-05-27,4.37,1.0,4.37,1.0,65.19,13.0,2.28,0.52,36.74,6.76
2020-05-28,2.24,1.0,2.24,1.0,132.31,26.0,0.0,0.0,23.61,3.22
2020-05-29,0.0,0.0,0.0,0.0,4.57,1.0,0.0,0.0,0.0,0.0
2020-05-30,0.0,0.0,0.0,0.0,11.69,3.0,0.0,0.0,0.0,0.0
2020-05-31,0.41,1.0,0.41,1.0,21.58,4.0,0.0,0.0,8.85,1.11
2020-06-01,0.0,0.0,0.0,0.0,0.0,0.0,0.0,0.0,0.0,0.0
2020-06-02,4.84,2.0,4.84,2.0,48.81,9.0,0.0,0.0,0.91,0.32
2020-06-03,0.0,0.0,6.04,2.0,6.04,2.0,0.55,0.18,0.55,0.18
2020-06-04,0.0,0.0,0.0,0.0,1.97,2.0,0.0,0.0,0.0,0.0
2020-06-05,5.95,2.0,21.2,4.0,25.1,6.0,5.66,0.91,5.66,0.91
2020-06-06,0.0,0.0,0.0,0.0,5.58,1.0,0.0,0.0,0.0,0.0
2020-06-07,0.0,0.0,0.0,0.0,0.0,0.0,0.0,0.0,0.0,0.0
2020-06-08,1.36,1.0,1.36,1.0,5.77,2.0,0.01,0.01,0.01,0.01
2020-06-09,0.0,0.0,0.0,0.0,0.0,0.0,0.0,0.0,0.0,0.0
2020-06-10,0.0,0.0,5.99,1.0,10.21,2.0,4.97,0.83,7.25,1.37
2020-06-11,0.74,1.0,0.74,1.0,11.76,4.0,0.0,0.0,6.04,1.62
2020-06-12,0.0,0.0,0.0,0.0,0.0,0.0,0.0,0.0,0.0,0.0
2020-06-13,0.0,0.0,0.0,0.0,5.87,2.0,0.0,0.0,0.0,0.0
2020-06-14,3.33,2.0,3.33,2.0,5.46,3.0,0.0,0.0,2.08,0.98
2020-06-15,0.0,0.0,0.0,0.0,1.62,1.0,0.0,0.0,0.0,0.0
2020-06-16,1.41,1.0,35.58,5.0,82.2,13.0,2.12,0.32,4.84,1.05
2020-06-17,5.83,1.0,5.83,1.0,5.83,1.0,0.0,0.0,0.0,0.0
2020-06-18,3.38,3.0,19.09,6.0,60.3,16.0,0.2,0.28,0.2,0.28
2020-06-19,0.0,0.0,0.0,0.0,0.0,0.0,0.0,0.0,0.0,0.0
2020-06-20,6.82,1.0,6.82,1.0,10.42,2.0,0.0,0.0,0.0,0.0
2020-06-21,0.58,1.0,0.58,1.0,6.8,3.0,0.2,0.35,0.2,0.35
2020-06-22,0.0,0.0,0.0,0.0,7.3,3.0,0.0,0.0,5.59,1.97
2020-06-23,0.0,0.0,0.0,0.0,9.06,1.0,0.0,0.0,0.0,0.0
2020-06-24,0.0,0.0,0.0,0.0,0.0,0.0,0.0,0.0,0.0,0.0
2020-06-25,0.0,0.0,0.0,0.0,0.0,0.0,0.0,0.0,0.0,0.0
2020-06-26,3.98,2.0,3.98,2.0,3.98,2.0,0.14,0.07,0.14,0.07
2020-06-27,0.7,1.0,4.79,2.0,4.79,2.0,1.23,0.31,1.23,0.31
2020-06-28,0.0,0.0,4.57,1.0,4.57,1.0,1.62,0.35,1.62,0.35
2020-06-29,0.0,0.0,0.0,0.0,0.0,0.0,0.0,0.0,0.0,0.0
2020-06-30,0.0,0.0,0.0,0.0,0.0,0.0,0.0,0.0,0.0,0.0
2020-07-01,0.0,0.0,0.0,0.0,2.34,1.0,0.0,0.0,0.0,0.0
2020-07-02,7.15,3.0,11.08,4.0,13.86,5.0,5.36,1.83,5.36,1.83
2020-07-03,0.0,0.0,0.0,0.0,0.0,0.0,0.0,0.0,0.0,0.0
2020-07-04,0.0,0.0,3.06,1.0,3.06,1.0,0.0,0.0,0.0,0.0
2020-07-05,0.0,0.0,0.0,0.0,0.47,1.0,0.0,0.0,0.38,0.8
2020-07-06,0.0,0.0,0.0,0.0,0.0,0.0,0.0,0.0,0.0,0.0
2020-07-07,0.0,0.0,0.0,0.0,3.04,1.0,0.0,0.0,0.0,0.0
2020-07-08,3.54,1.0,3.54,1.0,3.54,1.0,0.0,0.0,0.0,0.0
2020-07-09,0.0,0.0,0.0,0.0,0.0,0.0,0.0,0.0,0.0,0.0
2020-07-10,0.0,0.0,0.0,0.0,0.0,0.0,0.0,0.0,0.0,0.0
2020-07-11,0.0,0.0,0.0,0.0,0.0,0.0,0.0,0.0,0.0,0.0
2020-07-12,0.69,1.0,0.69,1.0,2.63,2.0,0.0,0.0,0.0,0.0
2020-07-13,0.0,0.0,2.96,1.0,8.89,3.0,0.0,0.0,0.0,0.0
2020-07-14,1.51,1.0,5.24,2.0,8.82,3.0,0.72,0.48,0.72,0.48
2020-07-15,4.61,1.0,4.61,1.0,5.65,2.0,0.0,0.0,1.04,1.0
2020-07-16,0.0,0.0,0.0,0.0,0.0,0.0,0.0,0.0,0.0,0.0
2020-07-17,0.0,0.0,0.0,0.0,2.99,1.0,0.0,0.0,2.66,0.89
2020-07-18,0.82,1.0,0.82,1.0,0.82,1.0,0.37,0.45,0.37,0.45
2020-07-19,0.0,0.0,0.0,0.0,0.0,0.0,0.0,0.0,0.0,0.0
2020-07-20,0.0,0.0,0.0,0.0,3.76,1.0,0.0,0.0,0.04,0.01
2020-07-21,0.0,0.0,0.0,0.0,0.0,0.0,0.0,0.0,0.0,0.0
2020-07-22,2.2,2.0,2.2,2.0,2.2,2.0,0.04,0.04,0.04,0.04
2020-07-23,0.0,0.0,0.0,0.0,4.37,2.0,0.0,0.0,1.61,0.43
2020-07-24,1.85,1.0,1.85,1.0,3.46,2.0,0.09,0.05,1.65,1.02
2020-07-25,0.0,0.0,0.0,0.0,0.0,0.0,0.0,0.0,0.0,0.0
2020-07-26,0.0,0.0,0.0,0.0,2.92,1.0,0.0,0.0,0.87,0.3
2020-07-27,0.0,0.0,0.0,0.0,0.0,0.0,0.0,0.0,0.0,0.0
2020-07-28,0.0,0.0,0.0,0.0,0.0,0.0,0.0,0.0,0.0,0.0
2020-07-29,0.0,0.0,0.0,0.0,0.0,0.0,0.0,0.0,0.0,0.0
2020-07-30,0.0,0.0,0.0,0.0,0.0,0.0,0.0,0.0,0.0,0.0
2020-07-31,0.0,0.0,0.0,0.0,0.0,0.0,0.0,0.0,0.0,0.0
2020-08-01,0.0,0.0,0.0,0.0,5.61,3.0,0.0,0.0,1.42,0.76
2020-08-02,0.0,0.0,0.0,0.0,0.0,0.0,0.0,0.0,0.0,0.0
2020-08-03,0.0,0.0,0.0,0.0,0.0,0.0,0.0,0.0,0.0,0.0
2020-08-04,0.0,0.0,0.0,0.0,0.0,0.0,0.0,0.0,0.0,0.0
2020-08-05,0.0,0.0,0.0,0.0,0.0,0.0,0.0,0.0,0.0,0.0
2020-08-06,0.0,0.0,0.0,0.0,0.0,0.0,0.0,0.0,0.0,0.0
2020-08-07,0.0,0.0,0.0,0.0,0.0,0.0,0.0,0.0,0.0,0.0
2020-08-08,0.0,0.0,1.65,1.0,13.83,3.0,0.13,0.08,0.32,0.11
2020-08-09,0.0,0.0,0.0,0.0,0.0,0.0,0.0,0.0,0.0,0.0
2020-08-10,0.0,0.0,0.0,0.0,0.0,0.0,0.0,0.0,0.0,0.0
2020-08-11,0.0,0.0,0.0,0.0,0.0,0.0,0.0,0.0,0.0,0.0
2020-08-12,0.0,0.0,0.0,0.0,0.0,0.0,0.0,0.0,0.0,0.0
2020-08-13,0.0,0.0,0.0,0.0,0.0,0.0,0.0,0.0,0.0,0.0
2020-08-14,1.05,1.0,1.05,1.0,1.05,1.0,1.04,0.99,1.04,0.99
2020-08-15,0.0,0.0,1.8,1.0,1.8,1.0,0.25,0.14,0.25,0.14
2020-08-16,0.0,0.0,0.0,0.0,0.0,0.0,0.0,0.0,0.0,0.0
2020-08-17,0.0,0.0,0.0,0.0,6.69,2.0,0.0,0.0,0.0,0.0
2020-08-18,0.0,0.0,0.0,0.0,0.0,0.0,0.0,0.0,0.0,0.0
2020-08-19,0.0,0.0,0.0,0.0,0.0,0.0,0.0,0.0,0.0,0.0
2020-08-20,0.0,0.0,0.0,0.0,0.0,0.0,0.0,0.0,0.0,0.0
2020-08-21,1.08,2.0,1.08,2.0,4.56,4.0,0.5,0.98,3.9,2.94
2020-08-22,0.0,0.0,0.0,0.0,0.0,0.0,0.0,0.0,0.0,0.0
2020-08-23,0.0,0.0,2.24,1.0,2.24,1.0,0.0,0.0,0.0,0.0
2020-08-24,2.4,2.0,2.4,2.0,5.42,4.0,0.0,0.0,0.0,0.0
2020-08-25,0.0,0.0,0.0,0.0,1.2,2.0,0.0,0.0,0.0,0.0
2020-08-26,0.0,0.0,0.0,0.0,4.21,1.0,0.0,0.0,0.0,0.0
2020-08-27,0.0,0.0,0.0,0.0,0.0,0.0,0.0,0.0,0.0,0.0
2020-08-28,0.0,0.0,0.0,0.0,0.71,1.0,0.0,0.0,0.02,0.03
2020-08-29,3.64,3.0,3.64,3.0,3.64,3.0,0.78,1.08,0.78,1.08
2020-08-30,8.15,1.0,8.15,1.0,10.56,2.0,0.0,0.0,0.0,0.0
2020-08-31,0.0,0.0,0.0,0.0,3.76,1.0,0.0,0.0,0.0,0.0
2020-09-01,0.0,0.0,0.0,0.0,0.0,0.0,0.0,0.0,0.0,0.0
2020-09-02,0.0,0.0,0.0,0.0,0.0,0.0,0.0,0.0,0.0,0.0
2020-09-03,0.0,0.0,0.0,0.0,0.0,0.0,0.0,0.0,0.0,0.0
2020-09-04,3.16,1.0,3.16,1.0,12.32,3.0,3.11,0.98,3.11,0.98
2020-09-05,0.0,0.0,0.0,0.0,0.0,0.0,0.0,0.0,0.0,0.0
2020-09-06,0.7,1.0,0.7,1.0,6.48,2.0,0.39,0.56,4.39,1.25
2020-09-07,0.0,0.0,0.0,0.0,2.66,3.0,0.0,0.0,1.54,0.96
2020-09-08,0.6,1.0,0.9,2.0,0.9,2.0,0.03,0.09,0.03,0.09
2020-09-09,1.84,1.0,1.84,1.0,1.84,1.0,1.29,0.7,1.29,0.7
2020-09-10,4.85,2.0,4.85,2.0,6.93,3.0,0.08,0.06,0.08,0.06
2020-09-11,0.0,0.0,0.0,0.0,0.0,0.0,0.0,0.0,0.0,0.0
2020-09-12,1.73,2.0,1.73,2.0,2.86,3.0,0.0,0.0,0.93,0.83
2020-09-13,0.0,0.0,0.0,0.0,9.88,2.0,0.0,0.0,7.05,1.43
2020-09-14,3.28,3.0,3.28,3.0,5.2,4.0,0.0,0.0,0.0,0.0
2020-09-15,0.0,0.0,2.63,1.0,7.19,2.0,0.0,0.0,3.64,0.8
2020-09-16,4.28,1.0,4.28,1.0,12.96,3.0,4.28,1.0,5.21,1.2
2020-09-17,0.0,0.0,1.18,1.0,62.58,6.0,0.38,0.32,14.27,1.44
2020-09-18,0.0,0.0,0.0,0.0,0.0,0.0,0.0,0.0,0.0,0.0
2020-09-19,0.62,1.0,0.62,1.0,0.62,1.0,0.0,0.0,0.0,0.0
2020-09-20,11.01,3.0,14.28,5.0,57.05,16.0,11.34,3.88,51.49,13.16
2020-09-21,5.29,1.0,7.98,2.0,14.56,5.0,4.37,1.21,7.93,2.1
2020-09-22,4.35,2.0,7.91,3.0,10.3,4.0,1.85,0.74,1.85,0.74
2020-09-23,0.0,0.0,3.38,1.0,3.38,1.0,1.11,0.33,1.11,0.33
2020-09-24,2.53,3.0,2.53,3.0,12.42,6.0,0.53,0.47,2.1,1.68
2020-09-25,0.6,1.0,8.48,4.0,127.14,26.0,0.11,0.19,42.74,8.23
2020-09-26,0.0,0.0,0.0,0.0,39.19,14.0,0.0,0.0,7.64,3.13
2020-09-27,4.73,2.0,15.78,5.0,72.91,21.0,4.05,0.94,22.27,6.75
2020-09-28,5.28,2.0,5.28,2.0,27.29,7.0,0.41,0.57,16.58,4.48
2020-09-29,0.0,0.0,0.0,0.0,95.63,25.0,0.0,0.0,61.15,16.3
2020-09-30,3.32,3.0,39.65,11.0,195.66,53.0,12.72,3.93,108.15,27.56
2020-10-01,0.89,1.0,14.4,6.0,141.94,45.0,0.4,0.44,62.39,19.55
2020-10-02,3.31,1.0,11.16,4.0,254.58,60.0,4.19,1.12,161.32,36.69
2020-10-03,2.74,3.0,2.74,3.0,85.64,18.0,0.29,0.68,62.84,10.09
2020-10-04,9.0,3.0,9.0,3.0,249.32,60.0,4.42,1.66,148.69,35.32
2020-10-05,1.44,2.0,4.63,3.0,173.42,35.0,4.08,2.43,106.35,22.03
2020-10-06,3.08,3.0,22.01,11.0,273.59,82.0,4.12,3.35,149.94,44.31
2020-10-07,8.66,6.0,30.17,10.0,340.48,105.0,15.77,5.79,197.44,58.2
2020-10-08,12.6,4.0,71.82,9.0,295.01,58.0,0.54,0.73,182.14,38.33
2020-10-09,0.0,0.0,0.0,0.0,176.95,42.0,0.0,0.0,158.53,35.91
2020-10-10,0.78,1.0,22.7,8.0,455.2,85.0,2.94,1.07,223.0,36.5
2020-10-11,2.18,1.0,18.55,7.0,819.66,176.0,6.27,1.39,717.29,150.75
2020-10-12,8.76,5.0,27.79,13.0,539.72,151.0,1.87,2.33,89.9,30.96
2020-10-13,0.0,0.0,0.89,1.0,451.32,85.0,0.32,0.36,12.06,3.69
2020-10-14,1.79,2.0,10.59,9.0,305.38,80.0,1.82,1.91,13.25,5.02
2020-10-15,3.22,2.0,48.59,11.0,785.67,197.0,30.77,4.93,552.86,134.11
2020-10-16,17.31,10.0,43.34,18.0,787.87,155.0,16.81,6.65,559.8,104.3
2020-10-17,24.11,6.0,63.07,21.0,1308.67,278.0,13.61,5.77,1079.23,214.99
2020-10-18,53.14,8.0,143.73,19.0,1489.0,271.0,14.75,3.97,884.37,163.16
2020-10-19,5.44,5.0,32.62,14.0,542.08,98.0,3.82,2.32,300.07,46.2
2020-10-20,0.94,1.0,29.78,12.0,726.7,157.0,17.55,4.15,651.12,128.86
2020-10-21,18.09,7.0,54.38,16.0,806.51,159.0,2.5,0.7,180.24,35.02
2020-10-22,1.97,4.0,38.32,21.0,1211.76,258.0,0.85,0.6,207.09,39.63
2020-10-23,15.56,6.0,58.93,20.0,968.8,211.0,15.58,5.64,712.22,146.31
2020-10-24,11.88,8.0,30.81,19.0,611.86,135.0,1.09,1.71,284.09,53.44
2020-10-25,0.0,0.0,45.55,11.0,1319.0,225.0,0.8,0.33,309.5,57.06
2020-10-26,1.39,2.0,47.22,18.0,1048.38,166.0,3.63,2.12,926.89,131.49
2020-10-27,10.95,6.0,59.96,28.0,1349.46,250.0,29.65,10.16,961.93,161.19
2020-10-28,2.43,3.0,136.06,36.0,1626.74,323.0,43.07,10.48,1359.52,245.94
2020-10-29,5.32,4.0,24.89,11.0,1017.6,169.0,3.08,1.62,560.58,88.63
2020-10-30,1.46,2.0,44.06,17.0,1704.87,278.0,26.04,7.17,1401.94,215.96
2020-10-31,5.5,5.0,64.15,22.0,2449.56,380.0,10.21,7.68,1992.52,294.24
2020-11-01,34.02,9.0,99.28,37.0,2811.07,322.0,28.63,8.0,1776.61,177.3
2020-11-02,6.39,7.0,82.36,35.0,1749.22,331.0,36.17,14.14,1192.18,203.59
2020-11-03,9.64,7.0,76.25,29.0,1774.37,271.0,32.15,7.85,595.15,80.68
2020-11-04,0.92,2.0,27.88,9.0,1414.22,183.0,0.35,0.38,824.48,95.17
2020-11-05,3.97,1.0,15.88,7.0,1900.66,304.0,6.81,1.39,1252.32,191.51
2020-11-06,113.51,6.0,138.15,17.0,2530.02,317.0,20.04,6.23,1750.6,214.4
2020-11-07,134.66,7.0,270.8,43.0,2754.42,428.0,75.84,16.42,1747.7,266.17
2020-11-08,74.63,9.0,157.94,37.0,1924.24,330.0,39.35,14.74,1695.06,278.08
2020-11-09,52.49,12.0,92.87,20.0,708.75,112.0,21.36,5.58,535.22,79.02
2020-11-10,16.71,7.0,54.18,20.0,1942.88,297.0,34.64,8.97,72.41,23.25
2020-11-11,13.64,5.0,41.7,14.0,1428.79,205.0,19.36,8.28,53.04,20.6
2020-11-12,7.89,8.0,69.96,29.0,1058.7,199.0,19.19,7.6,130.02,32.63
2020-11-13,14.14,6.0,97.8,30.0,899.67,178.0,36.33,10.47,570.92,100.48
2020-11-14,26.29,5.0,52.76,14.0,300.02,72.0,21.91,6.12,52.61,15.55
2020-11-15,0.0,0.0,22.39,5.0,198.78,48.0,4.31,0.63,22.42,4.65
2020-11-16,2.46,3.0,4.9,5.0,10.97,8.0,0.94,1.0,4.12,2.35
2020-11-17,2.66,4.0,32.45,12.0,67.06,21.0,13.37,4.77,28.47,8.98
2020-11-18,2.89,4.0,81.82,28.0,273.84,68.0,42.99,12.84,174.43,38.83
2020-11-19,17.09,7.0,61.11,22.0,355.15,69.0,36.37,11.75,234.16,37.21
2020-11-20,0.0,0.0,25.85,9.0,100.46,29.0,12.47,4.58,56.64,13.92
2020-11-21,24.79,4.0,79.68,15.0,362.33,61.0,32.88,6.87,205.03,35.05
2020-11-22,0.48,1.0,52.64,12.0,116.17,29.0,22.24,5.24,53.18,11.31
2020-11-23,0.0,0.0,76.52,23.0,184.77,44.0,33.24,8.39,52.32,13.83
2020-11-24,2.35,1.0,18.83,8.0,59.79,19.0,11.01,4.63,22.22,10.24
2020-11-25,0.0,0.0,5.52,2.0,5.52,2.0,2.59,0.92,2.59,0.92
2020-11-26,2.03,4.0,33.62,14.0,67.06,27.0,11.77,5.12,31.72,13.13
2020-11-27,3.64,4.0,31.69,13.0,98.86,33.0,4.17,3.07,38.48,11.14
2020-11-28,8.75,4.0,58.65,16.0,194.53,50.0,17.08,2.85,67.17,15.78
2020-11-29,8.85,5.0,142.19,40.0,243.64,75.0,21.41,7.12,42.96,12.63
2020-11-30,11.4,4.0,107.03,25.0,190.25,49.0,15.8,5.0,27.56,9.57
2020-12-01,8.62,7.0,70.5,27.0,142.68,45.0,15.7,5.6,33.24,9.55
2020-12-02,3.27,3.0,43.06,15.0,134.49,41.0,5.43,2.88,17.14,5.56
2020-12-03,21.68,4.0,159.94,43.0,268.43,70.0,41.38,9.72,62.87,15.72
2020-12-04,20.71,7.0,125.11,43.0,240.69,85.0,13.81,4.47,22.95,9.56
2020-12-05,9.56,9.0,141.92,51.0,308.77,99.0,28.81,11.64,47.43,19.32
2020-12-06,0.0,0.0,85.78,21.0,179.91,55.0,0.98,0.95,5.78,3.97
2020-12-07,1.83,1.0,46.67,15.0,119.17,36.0,2.32,0.93,9.96,4.34
2020-12-08,10.05,4.0,161.71,31.0,217.19,49.0,65.54,12.23,89.66,21.13
2020-12-09,4.16,4.0,122.23,35.0,253.15,66.0,52.11,16.42,116.81,32.92
2020-12-10,13.77,6.0,153.43,38.0,286.05,82.0,54.38,13.95,109.34,31.82
2020-12-11,0.0,0.0,9.55,3.0,47.0,16.0,0.13,0.09,0.13,0.09
2020-12-12,0.0,0.0,0.0,0.0,4.76,2.0,0.0,0.0,3.65,1.53
2020-12-13,6.87,4.0,22.73,9.0,67.71,19.0,4.23,1.04,4.23,1.04
2020-12-14,11.45,8.0,100.14,30.0,151.92,47.0,51.59,14.03,70.83,19.6
2020-12-15,19.47,7.0,158.0,60.0,367.61,130.0,48.74,17.83,124.97,43.61
2020-12-16,14.37,4.0,81.2,23.0,153.94,41.0,21.58,6.59,52.5,13.25
2020-12-17,1.79,1.0,55.15,14.0,86.11,23.0,11.5,3.29,18.25,5.71
2020-12-18,28.23,7.0,72.73,22.0,153.78,42.0,5.52,2.79,11.67,5.73
2020-12-19,8.49,4.0,107.67,31.0,267.77,59.0,24.01,5.09,32.56,7.58
2020-12-20,29.41,14.0,109.47,43.0,192.55,74.0,15.76,5.38,28.31,10.15
2020-12-21,4.94,3.0,87.39,25.0,167.86,52.0,18.73,4.43,28.24,8.39
2020-12-22,12.85,4.0,82.31,24.0,194.75,54.0,8.93,2.73,18.37,5.12
2020-12-23,2.5,1.0,71.43,22.0,128.59,42.0,22.86,5.93,43.06,12.74
2020-12-24,0.22,1.0,84.84,24.0,147.0,47.0,23.42,8.92,45.81,17.88
2020-12-25,4.17,2.0,108.7,34.0,231.53,71.0,42.15,12.6,70.42,20.7
2020-12-26,4.85,2.0,104.89,29.0,225.54,63.0,8.84,2.45,47.58,10.29
2020-12-27,10.95,3.0,134.53,43.0,225.7,67.0,4.84,1.09,10.43,1.78
2020-12-28,1.24,1.0,43.58,17.0,62.95,26.0,17.52,7.63,25.26,11.19
2020-12-29,2.12,2.0,67.75,17.0,126.47,38.0,17.42,3.91,43.29,10.32
2020-12-30,17.34,4.0,78.59,23.0,127.04,36.0,13.37,5.42,33.69,10.16
2020-12-31,5.88,2.0,38.92,16.0,73.36,29.0,0.92,0.57,3.8,2.17
2021-01-01,0.0,0.0,8.0,4.0,19.76,10.0,1.48,1.25,9.35,5.64
2021-01-02,0.76,1.0,0.76,1.0,10.87,4.0,0.31,0.41,8.84,2.64
2021-01-03,0.0,0.0,0.0,0.0,1.9,1.0,0.0,0.0,0.0,0.0
2021-01-04,0.0,0.0,4.36,2.0,71.83,17.0,0.89,0.39,3.3,1.15
2021-01-05,0.0,0.0,0.0,0.0,0.51,1.0,0.0,0.0,0.24,0.46
2021-01-06,0.0,0.0,0.0,0.0,0.58,1.0,0.0,0.0,0.55,0.95
2021-01-07,0.0,0.0,0.0,0.0,0.0,0.0,0.0,0.0,0.0,0.0
2021-01-08,0.0,0.0,0.0,0.0,0.0,0.0,0.0,0.0,0.0,0.0
2021-01-09,0.0,0.0,8.55,3.0,23.23,7.0,2.62,0.96,8.51,2.7
2021-01-10,3.13,1.0,16.4,6.0,31.86,11.0,0.81,0.22,0.81,0.22
2021-01-11,7.78,3.0,28.84,12.0,76.1,29.0,1.32,0.96,9.09,3.17
2021-01-12,0.0,0.0,33.6,11.0,43.62,12.0,0.0,0.0,0.3,0.03
2021-01-13,14.06,4.0,31.99,9.0,69.44,21.0,7.65,1.56,12.61,2.89
2021-01-14,0.0,0.0,1.38,1.0,20.8,6.0,1.34,0.97,20.0,5.71
2021-01-15,12.46,3.0,68.28,14.0,196.68,41.0,39.85,8.42,136.69,27.03
2021-01-16,0.0,0.0,17.56,7.0,65.36,22.0,2.95,0.72,7.3,2.68
2021-01-17,0.0,0.0,5.79,2.0,22.16,6.0,0.0,0.0,0.0,0.0
2021-01-18,0.0,0.0,1.91,1.0,9.5,3.0,0.83,0.43,5.19,1.66
2021-01-19,0.0,0.0,50.11,13.0,144.33,35.0,12.73,1.42,19.52,3.96
2021-01-20,0.0,0.0,62.51,18.0,149.9,36.0,5.63,2.15,7.57,3.41
2021-01-21,8.48,6.0,81.58,30.0,175.88,60.0,24.3,7.8,36.47,12.78
2021-01-22,3.43,2.0,30.05,9.0,92.49,28.0,1.32,0.27,12.2,3.91
2021-01-23,6.6,3.0,15.6,6.0,101.23,17.0,2.71,1.61,4.24,1.69
2021-01-24,0.0,0.0,7.52,2.0,17.91,6.0,7.02,1.87,7.1,1.89
2021-01-25,0.0,0.0,33.92,7.0,36.78,8.0,0.47,0.22,0.66,0.29
2021-01-26,5.16,2.0,78.47,21.0,118.22,34.0,22.93,4.16,36.06,7.78
2021-01-27,5.3,3.0,92.0,33.0,150.71,52.0,7.78,4.27,21.71,7.55
2021-01-28,0.73,1.0,16.46,7.0,56.73,18.0,9.34,2.48,19.64,5.38
2021-01-29,0.0,0.0,17.41,6.0,40.27,14.0,9.57,3.35,12.34,3.9
2021-01-30,0.0,0.0,62.91,15.0,141.78,33.0,25.24,3.87,40.97,5.98
2021-01-31,8.86,3.0,58.22,18.0,188.36,52.0,4.27,1.71,30.97,9.27
2021-02-01,6.2,3.0,74.58,30.0,257.53,87.0,7.77,3.6,28.42,9.26
2021-02-02,15.58,4.0,66.46,18.0,186.84,52.0,11.66,3.41,43.83,13.63
2021-02-03,1.66,1.0,104.23,17.0,245.19,42.0,11.78,3.1,27.52,5.81
2021-02-04,0.99,1.0,6.45,3.0,10.43,4.0,0.1,0.02,0.1,0.02
2021-02-05,5.3,3.0,15.54,7.0,38.75,15.0,5.02,2.61,6.03,3.51
2021-02-06,8.53,4.0,56.72,20.0,201.56,73.0,15.74,5.78,28.98,11.41
2021-02-07,11.05,1.0,40.8,9.0,324.72,71.0,3.59,1.26,5.82,1.88
2021-02-08,5.98,1.0,23.72,6.0,93.08,26.0,1.44,0.35,3.51,1.7
2021-02-09,33.91,3.0,149.23,23.0,310.89,46.0,58.2,9.76,66.12,12.42
2021-02-10,0.0,0.0,35.82,11.0,208.41,42.0,11.69,3.89,79.68,18.82
2021-02-11,9.97,4.0,115.94,33.0,348.65,88.0,31.17,8.56,73.59,19.74
2021-02-12,15.54,4.0,59.82,17.0,122.21,41.0,10.3,3.4,21.07,6.67
2021-02-13,0.0,0.0,14.18,5.0,59.37,18.0,6.44,2.04,30.96,8.24
2021-02-14,7.79,1.0,59.78,14.0,107.24,23.0,33.34,8.93,53.01,13.87
2021-02-15,0.0,0.0,49.18,16.0,154.12,46.0,1.03,0.35,4.91,1.16
2021-02-16,0.31,1.0,84.88,21.0,367.86,63.0,33.16,9.45,236.64,36.21
2021-02-17,0.66,1.0,66.34,28.0,229.46,87.0,30.92,11.34,97.3,37.83
2021-02-18,25.26,1.0,62.76,12.0,168.3,40.0,20.09,5.11,64.62,17.44
2021-02-19,4.84,2.0,50.72,10.0,128.7,29.0,32.85,4.92,59.46,11.48
2021-02-20,1.79,1.0,58.41,18.0,158.83,45.0,17.02,5.5,28.04,7.88
2021-02-21,11.87,10.0,28.4,17.0,119.25,38.0,5.95,3.97,24.62,6.8
2021-02-22,5.61,3.0,66.73,15.0,195.77,54.0,31.77,4.81,61.53,12.01
2021-02-23,9.65,3.0,69.85,19.0,223.5,63.0,15.96,3.56,39.17,8.52
2021-02-24,0.38,1.0,45.38,10.0,177.38,37.0,21.76,3.82,37.44,6.31
2021-02-25,1.29,1.0,16.54,4.0,157.52,27.0,4.83,1.22,5.14,1.26
2021-02-26,57.1,2.0,93.67,8.0,300.72,33.0,7.69,1.54,14.39,3.05
2021-02-27,1.9,1.0,31.33,8.0,84.92,25.0,5.21,1.94,23.13,7.28
2021-02-28,17.75,6.0,72.41,19.0,415.21,70.0,23.1,6.4,131.24,26.24
2021-03-01,4.87,5.0,26.57,8.0,141.57,39.0,16.8,3.89,21.65,6.28
2021-03-02,0.0,0.0,20.89,3.0,265.03,45.0,19.24,2.79,28.04,4.56
2021-03-03,4.29,3.0,7.53,6.0,59.27,20.0,2.74,1.92,11.56,3.88
2021-03-04,4.95,7.0,30.91,14.0,93.75,33.0,9.15,5.77,49.95,17.3
2021-03-05,9.15,4.0,22.86,11.0,226.94,70.0,10.42,6.28,98.84,21.49
2021-03-06,17.57,8.0,21.08,9.0,127.35,35.0,1.35,0.4,2.4,0.73
2021-03-07,0.0,0.0,11.03,3.0,38.35,8.0,0.61,0.12,6.84,1.07
2021-03-08,0.0,0.0,3.34,1.0,9.39,4.0,0.0,0.0,1.33,0.67
2021-03-09,1.04,1.0,10.81,4.0,63.42,15.0,2.56,0.79,44.19,8.25
2021-03-10,0.0,0.0,4.63,2.0,70.91,28.0,0.06,0.03,15.1,5.35
2021-03-11,0.87,2.0,8.91,4.0,139.29,42.0,4.34,1.99,57.08,16.16
2021-03-12,0.0,0.0,0.0,0.0,12.57,3.0,0.0,0.0,0.25,0.05
2021-03-13,0.76,1.0,0.76,1.0,119.24,41.0,0.76,1.0,13.26,4.74
2021-03-14,3.48,1.0,4.88,3.0,80.52,18.0,3.74,1.52,8.67,2.61
2021-03-15,0.0,0.0,0.0,0.0,81.6,22.0,0.0,0.0,2.28,1.74
2021-03-16,0.37,1.0,3.17,4.0,193.05,38.0,0.23,0.61,8.8,2.7
2021-03-17,0.64,2.0,3.69,3.0,108.28,23.0,0.53,1.68,10.18,4.54
2021-03-18,0.0,0.0,0.0,0.0,20.5,7.0,0.0,0.0,2.62,0.67
2021-03-19,4.3,4.0,7.11,5.0,76.02,25.0,2.84,1.12,2.87,1.13
2021-03-20,4.36,6.0,5.11,7.0,99.67,32.0,0.84,0.94,1.92,1.86
2021-03-21,15.39,5.0,21.47,6.0,171.38,41.0,7.61,1.65,84.64,21.18
2021-03-22,0.0,0.0,8.09,2.0,33.0,9.0,6.97,1.7,19.68,5.57
2021-03-23,4.82,2.0,4.82,2.0,10.84,7.0,3.93,1.63,6.35,3.85
2021-03-24,3.6,1.0,3.6,1.0,109.11,21.0,0.37,0.1,13.53,2.21
2021-03-25,1.11,3.0,1.11,3.0,31.52,14.0,0.54,1.21,1.27,2.21
2021-03-26,4.2,5.0,29.4,11.0,117.54,39.0,10.9,4.61,18.86,8.14
2021-03-27,3.06,1.0,22.11,9.0,149.69,48.0,1.58,1.03,3.37,1.43
2021-03-28,5.39,1.0,16.02,4.0,90.73,39.0,0.0,0.0,5.05,3.72
2021-03-29,7.03,2.0,14.64,5.0,101.43,33.0,0.24,0.07,37.99,17.06
2021-03-30,2.66,3.0,24.12,9.0,298.45,61.0,7.05,2.07,10.44,4.17
2021-03-31,0.97,2.0,74.67,12.0,650.76,133.0,8.36,4.06,19.3,6.03
2021-04-01,51.36,6.0,103.2,17.0,489.63,122.0,23.8,3.0,37.1,5.54
2021-04-02,12.8,6.0,19.51,10.0,335.98,85.0,8.62,3.27,25.35,9.24
2021-04-03,53.43,6.0,57.57,7.0,293.49,88.0,4.62,1.08,65.45,22.3
2021-04-04,0.37,1.0,19.09,4.0,260.32,71.0,15.26,1.93,23.03,3.95
2021-04-05,0.58,1.0,1.2,3.0,40.22,16.0,0.0,0.0,9.72,3.3
2021-04-06,2.36,1.0,8.72,4.0,85.17,18.0,4.61,1.98,11.94,4.33
2021-04-07,6.09,3.0,18.35,8.0,232.9,66.0,12.9,5.07,51.24,14.04
2021-04-08,12.62,5.0,24.09,10.0,180.82,34.0,1.12,1.77,19.77,3.99
2021-04-09,58.97,10.0,170.23,29.0,303.17,48.0,11.68,5.68,57.55,12.47
2021-04-10,31.61,8.0,222.75,24.0,580.28,74.0,100.91,8.06,109.22,10.93
2021-04-11,2.84,3.0,28.04,8.0,333.67,58.0,3.94,2.04,89.98,6.81
2021-04-12,10.6,2.0,41.14,8.0,246.38,58.0,1.14,0.94,13.51,4.19
2021-04-13,43.61,7.0,99.19,18.0,269.19,60.0,17.54,1.89,29.84,6.22
2021-04-14,158.47,20.0,247.05,40.0,378.86,74.0,87.48,11.73,90.66,12.28
2021-04-15,58.96,7.0,107.38,20.0,267.62,63.0,41.46,5.36,61.4,12.08
2021-04-16,9.16,2.0,120.03,17.0,401.27,52.0,1.73,0.67,2.51,1.04
2021-04-17,6.27,4.0,20.55,9.0,70.59,27.0,2.77,1.73,15.35,6.45
2021-04-18,62.95,14.0,337.65,50.0,754.79,97.0,53.43,4.07,113.91,18.22
2021-04-19,45.92,12.0,176.08,39.0,564.65,94.0,19.87,5.17,108.27,22.08
2021-04-20,0.0,0.0,0.76,1.0,12.29,6.0,0.0,0.0,3.83,1.35
2021-04-21,62.78,12.0,268.83,45.0,419.73,83.0,56.78,13.0,70.82,16.86
2021-04-22,58.07,17.0,267.78,59.0,347.43,87.0,50.11,11.2,81.66,20.67
2021-04-23,19.52,4.0,142.26,25.0,180.04,40.0,17.6,2.1,19.48,3.16
2021-04-24,185.31,35.0,920.65,155.0,1604.4,284.0,628.2,93.33,1110.54,179.3
2021-04-25,198.06,30.0,975.64,141.0,1946.15,324.0,698.33,94.02,1353.88,207.04
2021-04-26,279.91,31.0,1416.71,152.0,4014.94,369.0,809.18,87.84,2223.58,195.67
2021-04-27,431.23,60.0,1938.02,236.0,3855.08,473.0,1398.86,168.06,2846.92,332.87
2021-04-28,161.17,19.0,1499.52,128.0,3575.1,332.0,1176.44,99.58,2524.94,226.76
2021-04-29,422.6,55.0,1558.06,215.0,4585.42,610.0,1156.48,153.64,3202.92,398.12
2021-04-30,131.47,25.0,387.66,88.0,1201.29,254.0,13.54,2.77,50.35,8.55
2021-05-01,106.19,19.0,721.45,103.0,3350.6,486.0,152.4,22.09,208.96,32.23
2021-05-02,546.0,68.0,1862.27,241.0,2945.37,483.0,190.3,25.97,216.8,32.34
2021-05-03,49.78,14.0,385.11,48.0,931.33,129.0,292.04,37.74,623.58,85.28
2021-05-04,63.76,13.0,347.37,54.0,874.52,141.0,39.28,8.25,209.26,37.26
2021-05-05,177.45,34.0,735.65,148.0,1563.43,382.0,108.37,21.65,156.61,36.19
2021-05-06,53.37,7.0,219.29,38.0,484.8,89.0,60.43,10.74,112.96,23.87
2021-05-07,0.0,0.0,183.29,22.0,662.2,102.0,30.06,4.41,128.27,20.66
2021-05-08,30.53,6.0,219.53,33.0,999.89,177.0,91.72,11.32,337.41,71.04
2021-05-09,42.9,10.0,306.98,78.0,1129.5,267.0,33.71,6.99,42.51,10.35
2021-05-10,0.0,0.0,30.34,5.0,194.26,30.0,15.53,2.32,68.05,9.1
2021-05-11,19.25,2.0,159.71,32.0,536.85,125.0,30.56,4.62,118.72,19.13
2021-05-12,16.0,3.0,21.73,5.0,77.22,16.0,14.65,2.81,20.06,4.31
2021-05-13,0.68,1.0,26.78,10.0,76.6,22.0,4.04,1.75,45.46,10.89
2021-05-14,2.17,1.0,107.78,16.0,400.13,76.0,16.08,2.44,43.55,9.66
2021-05-15,29.64,7.0,52.91,14.0,102.23,25.0,24.76,5.73,45.64,9.92
2021-05-16,33.55,8.0,94.94,24.0,566.71,135.0,25.71,5.63,272.33,56.63
2021-05-17,0.0,0.0,0.0,0.0,54.18,10.0,0.0,0.0,0.0,0.0
2021-05-18,0.0,0.0,0.0,0.0,0.0,0.0,0.0,0.0,0.0,0.0
2021-05-19,0.0,0.0,0.0,0.0,0.0,0.0,0.0,0.0,0.0,0.0
2021-05-20,0.0,0.0,0.0,0.0,40.88,13.0,0.0,0.0,0.9,0.32
2021-05-21,0.0,0.0,0.0,0.0,0.0,0.0,0.0,0.0,0.0,0.0
2021-05-22,0.0,0.0,0.0,0.0,6.35,3.0,0.0,0.0,0.0,0.0
2021-05-23,5.73,3.0,31.32,6.0,43.63,10.0,6.34,1.6,7.15,2.42
2021-05-24,0.0,0.0,0.0,0.0,23.52,7.0,0.0,0.0,2.99,1.13
2021-05-25,9.83,2.0,14.23,3.0,65.42,13.0,7.11,1.35,20.02,3.65
2021-05-26,10.53,2.0,31.73,10.0,94.64,19.0,17.96,5.84,39.68,10.53
2021-05-27,2.06,1.0,19.03,4.0,114.15,19.0,4.41,1.22,21.13,4.46
2021-05-28,1.57,1.0,12.61,4.0,26.84,8.0,1.32,0.84,1.32,0.84
2021-05-29,5.99,2.0,11.46,4.0,20.87,8.0,0.23,0.05,0.35,0.17
2021-05-30,0.0,0.0,0.0,0.0,0.0,0.0,0.0,0.0,0.0,0.0
2021-05-31,0.0,0.0,1.57,1.0,4.14,2.0,0.0,0.0,0.02,0.01
2021-06-01,0.0,0.0,6.75,1.0,6.75,1.0,1.83,0.27,1.83,0.27
2021-06-02,0.0,0.0,0.0,0.0,1.19,2.0,0.0,0.0,0.22,0.41
2021-06-03,0.0,0.0,6.27,1.0,48.49,7.0,0.36,0.06,9.92,1.77
2021-06-04,0.0,0.0,0.0,0.0,2.39,1.0,0.0,0.0,2.39,1.0
2021-06-05,2.21,2.0,8.49,5.0,15.87,9.0,0.0,0.0,0.66,0.36
2021-06-06,0.0,0.0,0.0,0.0,7.62,2.0,0.0,0.0,0.0,0.0
2021-06-07,0.0,0.0,0.0,0.0,10.2,3.0,0.0,0.0,2.55,0.8
2021-06-08,0.0,0.0,0.0,0.0,8.69,3.0,0.0,0.0,0.51,0.53
2021-06-09,0.0,0.0,8.38,2.0,9.55,3.0,8.37,2.0,8.77,2.34
2021-06-10,0.0,0.0,0.0,0.0,0.0,0.0,0.0,0.0,0.0,0.0
2021-06-11,0.0,0.0,0.0,0.0,0.0,0.0,0.0,0.0,0.0,0.0
2021-06-12,0.0,0.0,0.0,0.0,0.0,0.0,0.0,0.0,0.0,0.0
2021-06-13,0.0,0.0,0.0,0.0,0.0,0.0,0.0,0.0,0.0,0.0
2021-06-14,0.7,1.0,0.7,1.0,6.45,2.0,0.0,0.0,4.85,0.84
2021-06-15,0.0,0.0,0.0,0.0,0.0,0.0,0.0,0.0,0.0,0.0
2021-06-16,0.0,0.0,0.0,0.0,0.0,0.0,0.0,0.0,0.0,0.0
2021-06-17,0.0,0.0,0.0,0.0,2.03,1.0,0.0,0.0,0.0,0.0
2021-06-18,0.0,0.0,0.0,0.0,1.2,1.0,0.0,0.0,0.0,0.0
2021-06-19,0.0,0.0,0.0,0.0,2.06,1.0,0.0,0.0,0.83,0.41
2021-06-20,0.46,1.0,1.55,2.0,5.04,3.0,0.0,0.0,0.0,0.0
2021-06-21,2.32,1.0,7.74,3.0,7.74,3.0,0.05,0.02,0.05,0.02
2021-06-22,0.0,0.0,2.9,1.0,4.29,2.0,0.0,0.0,0.0,0.0
2021-06-23,0.0,0.0,0.0,0.0,0.0,0.0,0.0,0.0,0.0,0.0
2021-06-24,1.82,2.0,2.53,3.0,3.59,4.0,0.0,0.0,0.0,0.0
2021-06-25,0.0,0.0,0.0,0.0,0.0,0.0,0.0,0.0,0.0,0.0
2021-06-26,0.0,0.0,0.0,0.0,2.27,2.0,0.0,0.0,0.0,0.0
2021-06-27,0.0,0.0,0.0,0.0,5.5,2.0,0.0,0.0,0.0,0.0
2021-06-28,0.75,1.0,0.75,1.0,0.75,1.0,0.0,0.0,0.0,0.0
2021-06-29,0.44,1.0,1.02,2.0,5.06,4.0,0.0,0.0,0.06,0.02
2021-06-30,0.0,0.0,0.0,0.0,13.86,5.0,0.0,0.0,0.87,0.2
2021-07-01,0.0,0.0,1.46,2.0,9.07,3.0,0.99,1.0,0.99,1.0
2021-07-02,0.0,0.0,0.0,0.0,19.64,4.0,0.0,0.0,12.09,1.92
2021-07-03,0.0,0.0,0.0,0.0,0.0,0.0,0.0,0.0,0.0,0.0
2021-07-04,0.0,0.0,0.0,0.0,13.36,2.0,0.0,0.0,7.73,1.16
2021-07-05,2.44,1.0,2.44,1.0,7.43,2.0,0.64,0.26,5.62,1.26
2021-07-06,0.0,0.0,0.0,0.0,0.0,0.0,0.0,0.0,0.0,0.0
2021-07-07,0.0,0.0,10.05,3.0,39.98,9.0,3.43,0.75,10.77,2.56
2021-07-08,0.0,0.0,0.0,0.0,2.46,1.0,0.0,0.0,0.0,0.0
2021-07-09,0.95,1.0,0.95,1.0,4.88,2.0,0.54,0.57,4.34,1.54
2021-07-10,0.0,0.0,2.54,1.0,30.13,7.0,0.79,0.31,7.9,2.3
2021-07-11,54.78,19.0,54.78,19.0,62.08,21.0,0.0,0.0,0.0,0.0
2021-07-12,22.35,2.0,22.35,2.0,22.35,2.0,0.0,0.0,0.0,0.0
2021-07-13,0.0,0.0,0.0,0.0,0.0,0.0,0.0,0.0,0.0,0.0
2021-07-14,0.0,0.0,0.0,0.0,0.0,0.0,0.0,0.0,0.0,0.0
2021-07-15,0.0,0.0,0.0,0.0,6.91,1.0,0.0,0.0,0.48,0.07
2021-07-16,2.87,1.0,7.68,2.0,42.03,9.0,0.33,0.07,19.1,2.96
2021-07-17,0.0,0.0,0.0,0.0,0.0,0.0,0.0,0.0,0.0,0.0
2021-07-18,0.0,0.0,0.0,0.0,0.0,0.0,0.0,0.0,0.0,0.0
2021-07-19,0.0,0.0,0.0,0.0,0.0,0.0,0.0,0.0,0.0,0.0
2021-07-20,0.0,0.0,0.0,0.0,0.0,0.0,0.0,0.0,0.0,0.0
2021-07-21,0.0,0.0,0.0,0.0,0.0,0.0,0.0,0.0,0.0,0.0
2021-07-22,0.0,0.0,0.0,0.0,0.0,0.0,0.0,0.0,0.0,0.0
2021-07-23,0.0,0.0,0.0,0.0,3.01,2.0,0.0,0.0,0.0,0.0
2021-07-24,0.0,0.0,0.0,0.0,1.09,1.0,0.0,0.0,0.0,0.0
2021-07-25,0.0,0.0,0.0,0.0,0.0,0.0,0.0,0.0,0.0,0.0
2021-07-26,0.0,0.0,0.0,0.0,0.0,0.0,0.0,0.0,0.0,0.0
2021-07-27,0.0,0.0,0.0,0.0,0.0,0.0,0.0,0.0,0.0,0.0
2021-07-28,0.0,0.0,0.0,0.0,0.0,0.0,0.0,0.0,0.0,0.0
2021-07-29,0.0,0.0,0.0,0.0,0.0,0.0,0.0,0.0,0.0,0.0
2021-07-30,0.0,0.0,0.0,0.0,0.0,0.0,0.0,0.0,0.0,0.0
2021-07-31,0.0,0.0,0.0,0.0,0.0,0.0,0.0,0.0,0.0,0.0
2021-08-01,0.0,0.0,0.0,0.0,0.0,0.0,0.0,0.0,0.0,0.0
2021-08-02,0.0,0.0,0.0,0.0,7.28,2.0,0.0,0.0,6.61,1.82
2021-08-03,0.0,0.0,0.0,0.0,0.0,0.0,0.0,0.0,0.0,0.0
2021-08-04,0.0,0.0,0.0,0.0,0.0,0.0,0.0,0.0,0.0,0.0
2021-08-05,0.0,0.0,0.0,0.0,0.0,0.0,0.0,0.0,0.0,0.0
2021-08-06,0.0,0.0,0.0,0.0,0.0,0.0,0.0,0.0,0.0,0.0
2021-08-07,0.0,0.0,0.0,0.0,0.0,0.0,0.0,0.0,0.0,0.0
2021-08-08,0.0,0.0,0.0,0.0,0.0,0.0,0.0,0.0,0.0,0.0
2021-08-09,0.0,0.0,0.0,0.0,0.0,0.0,0.0,0.0,0.0,0.0
2021-08-10,0.63,1.0,1.24,2.0,1.24,2.0,0.0,0.0,0.0,0.0
2021-08-11,1.42,2.0,1.42,2.0,1.42,2.0,0.33,0.37,0.33,0.37
2021-08-12,0.0,0.0,0.0,0.0,7.96,1.0,0.0,0.0,0.0,0.0
2021-08-13,0.0,0.0,0.0,0.0,0.0,0.0,0.0,0.0,0.0,0.0
2021-08-14,2.44,1.0,2.44,1.0,2.44,1.0,0.0,0.0,0.0,0.0
2021-08-15,0.0,0.0,0.0,0.0,2.41,1.0,0.0,0.0,0.05,0.02
2021-08-16,0.0,0.0,1.01,1.0,1.01,1.0,0.93,0.92,0.93,0.92
2021-08-17,1.16,1.0,5.35,4.0,5.35,4.0,0.5,0.4,0.5,0.4
2021-08-18,0.0,0.0,0.0,0.0,0.0,0.0,0.0,0.0,0.0,0.0
2021-08-19,0.0,0.0,0.0,0.0,0.0,0.0,0.0,0.0,0.0,0.0
2021-08-20,0.0,0.0,0.0,0.0,0.0,0.0,0.0,0.0,0.0,0.0
2021-08-21,0.0,0.0,0.0,0.0,0.0,0.0,0.0,0.0,0.0,0.0
2021-08-22,0.0,0.0,0.0,0.0,0.49,1.0,0.0,0.0,0.0,0.0
2021-08-23,0.0,0.0,0.0,0.0,0.0,0.0,0.0,0.0,0.0,0.0
2021-08-24,0.0,0.0,0.0,0.0,3.27,1.0,0.0,0.0,0.0,0.0
2021-08-25,0.0,0.0,0.0,0.0,0.0,0.0,0.0,0.0,0.0,0.0
2021-08-26,0.0,0.0,0.0,0.0,0.0,0.0,0.0,0.0,0.0,0.0
2021-08-27,0.0,0.0,0.0,0.0,11.68,2.0,0.0,0.0,0.0,0.0
2021-08-28,0.43,1.0,0.43,1.0,0.43,1.0,0.0,0.0,0.0,0.0
2021-08-29,0.0,0.0,0.0,0.0,0.0,0.0,0.0,0.0,0.0,0.0
2021-08-30,0.0,0.0,0.0,0.0,2.38,1.0,0.0,0.0,0.0,0.0
2021-08-31,0.0,0.0,0.0,0.0,0.0,0.0,0.0,0.0,0.0,0.0
2021-09-01,0.0,0.0,0.0,0.0,0.0,0.0,0.0,0.0,0.0,0.0
2021-09-02,0.0,0.0,0.0,0.0,0.0,0.0,0.0,0.0,0.0,0.0
2021-09-03,0.0,0.0,0.0,0.0,0.0,0.0,0.0,0.0,0.0,0.0
2021-09-04,0.0,0.0,0.0,0.0,0.0,0.0,0.0,0.0,0.0,0.0
2021-09-05,0.0,0.0,0.0,0.0,0.0,0.0,0.0,0.0,0.0,0.0
2021-09-06,0.0,0.0,0.0,0.0,0.0,0.0,0.0,0.0,0.0,0.0
2021-09-07,1.64,1.0,6.12,3.0,6.12,3.0,1.59,0.97,1.59,0.97
2021-09-08,4.33,1.0,4.33,1.0,4.33,1.0,0.0,0.0,0.0,0.0
2021-09-09,3.39,4.0,4.18,5.0,5.53,6.0,1.24,0.84,1.24,0.84
2021-09-10,0.0,0.0,0.0,0.0,0.0,0.0,0.0,0.0,0.0,0.0
2021-09-11,0.0,0.0,0.7,1.0,0.7,1.0,0.0,0.0,0.0,0.0
2021-09-12,0.0,0.0,0.0,0.0,0.0,0.0,0.0,0.0,0.0,0.0
2021-09-13,0.0,0.0,0.0,0.0,0.0,0.0,0.0,0.0,0.0,0.0
2021-09-14,0.0,0.0,0.0,0.0,0.0,0.0,0.0,0.0,0.0,0.0
2021-09-15,0.0,0.0,0.0,0.0,0.0,0.0,0.0,0.0,0.0,0.0
2021-09-16,0.0,0.0,0.0,0.0,0.0,0.0,0.0,0.0,0.0,0.0
2021-09-17,0.92,1.0,0.92,1.0,0.92,1.0,0.24,0.26,0.24,0.26
2021-09-18,0.0,0.0,1.28,1.0,4.95,4.0,0.0,0.0,1.63,1.05
2021-09-19,0.56,1.0,0.56,1.0,2.74,2.0,0.0,0.0,0.0,0.0
2021-09-20,0.0,0.0,0.0,0.0,5.26,1.0,0.0,0.0,0.0,0.0
2021-09-21,0.0,0.0,0.0,0.0,0.0,0.0,0.0,0.0,0.0,0.0
2021-09-22,0.0,0.0,0.0,0.0,0.0,0.0,0.0,0.0,0.0,0.0
2021-09-23,0.0,0.0,0.0,0.0,1.31,1.0,0.0,0.0,0.06,0.04
2021-09-24,0.69,1.0,0.69,1.0,1.24,2.0,0.0,0.0,0.54,0.97
2021-09-25,0.82,1.0,0.82,1.0,0.82,1.0,0.0,0.0,0.0,0.0
2021-09-26,0.0,0.0,0.0,0.0,1.82,1.0,0.0,0.0,0.16,0.09
2021-09-27,1.02,1.0,1.89,2.0,5.82,4.0,0.06,0.05,1.65,1.17
2021-09-28,1.28,1.0,1.28,1.0,8.61,3.0,0.0,0.0,0.0,0.0
2021-09-29,2.44,2.0,3.77,3.0,28.77,12.0,0.0,0.0,1.43,0.73
2021-09-30,2.23,1.0,2.23,1.0,42.03,6.0,0.0,0.0,0.0,0.0
2021-10-01,0.0,0.0,0.0,0.0,4.49,2.0,0.0,0.0,0.0,0.0
2021-10-02,0.0,0.0,0.0,0.0,9.74,3.0,0.0,0.0,2.49,0.79
2021-10-03,3.12,2.0,3.12,2.0,40.33,10.0,0.95,0.59,2.38,0.96
2021-10-04,5.52,2.0,8.85,3.0,18.82,6.0,0.23,0.07,0.23,0.07
2021-10-05,1.78,1.0,1.78,1.0,14.03,4.0,0.34,0.19,5.36,1.38
2021-10-06,1.38,1.0,1.38,1.0,19.01,5.0,0.78,0.56,10.39,2.75
2021-10-07,0.0,0.0,9.59,2.0,83.16,16.0,0.0,0.0,35.16,7.11
2021-10-08,4.24,1.0,11.52,3.0,158.53,30.0,0.47,0.12,46.33,8.21
2021-10-09,5.87,2.0,36.58,8.0,384.88,91.0,9.68,1.08,113.52,21.43
2021-10-10,20.23,10.0,32.17,16.0,673.39,187.0,0.63,0.23,2.59,0.72
2021-10-11,15.38,1.0,47.17,10.0,433.4,89.0,8.33,1.4,11.3,1.83
2021-10-12,1.68,1.0,16.24,8.0,414.65,93.0,1.68,1.0,262.0,52.96
2021-10-13,0.93,1.0,39.26,11.0,791.78,149.0,0.0,0.0,485.57,81.42
2021-10-14,3.77,5.0,130.79,29.0,1196.3,239.0,17.52,5.42,644.91,120.28
2021-10-15,4.8,3.0,187.08,50.0,2789.49,644.0,45.49,14.35,2192.23,492.27
2021-10-16,5.85,2.0,61.16,15.0,1850.96,344.0,15.45,2.92,57.44,13.66
2021-10-17,0.0,0.0,0.0,0.0,0.0,0.0,0.0,0.0,0.0,0.0
2021-10-18,0.0,0.0,0.0,0.0,10.79,1.0,0.0,0.0,3.83,0.35
2021-10-19,0.64,1.0,1.15,2.0,502.91,83.0,0.19,0.31,344.02,55.36
2021-10-20,1.9,2.0,2.19,3.0,1320.99,261.0,0.15,0.29,507.02,98.09
2021-10-21,3.83,2.0,20.43,8.0,1148.14,247.0,8.14,3.22,273.19,56.66
2021-10-22,3.89,4.0,20.85,6.0,1139.68,163.0,0.92,0.51,75.54,9.2
2021-10-23,0.0,0.0,31.57,5.0,1698.5,297.0,30.39,4.77,30.39,4.77
2021-10-24,0.0,0.0,92.82,12.0,330.54,51.0,13.08,1.74,15.21,2.2
2021-10-25,0.69,1.0,73.75,18.0,702.56,148.0,0.0,0.0,603.02,123.03
2021-10-26,7.02,6.0,50.03,21.0,1120.6,272.0,8.67,4.69,883.14,198.45
2021-10-27,3.62,2.0,33.39,9.0,867.28,177.0,1.85,0.74,576.74,114.43
2021-10-28,4.99,3.0,29.47,9.0,1449.75,249.0,0.81,0.7,1099.24,172.46
2021-10-29,7.01,4.0,59.91,19.0,1831.26,250.0,10.85,5.11,1614.27,199.93
2021-10-30,16.18,3.0,147.41,31.0,2098.48,333.0,10.9,4.15,1303.84,187.74
2021-10-31,3.69,5.0,219.04,55.0,2686.19,554.0,1.11,0.41,367.57,65.42
2021-11-01,8.89,4.0,166.88,30.0,2075.09,333.0,81.65,11.52,89.44,14.5
2021-11-02,5.64,2.0,70.04,25.0,1488.44,273.0,36.85,12.34,37.23,12.44
2021-11-03,0.0,0.0,166.76,34.0,2633.83,449.0,127.89,24.11,127.89,24.11
2021-11-04,11.14,4.0,446.58,74.0,3184.36,434.0,43.36,13.44,2532.64,330.7
2021-11-05,10.19,1.0,134.16,44.0,3680.62,669.0,53.22,18.32,2779.42,466.29
2021-11-06,14.29,3.0,263.75,70.0,3156.02,473.0,52.75,15.16,2042.61,268.99
2021-11-07,28.42,4.0,76.18,16.0,2295.74,268.0,21.72,4.18,1666.71,179.11
2021-11-08,11.56,3.0,44.59,13.0,2796.53,379.0,18.58,5.79,1954.02,262.93
2021-11-09,9.82,2.0,109.18,22.0,2791.53,382.0,50.7,10.13,2244.04,301.63
2021-11-10,12.54,7.0,195.06,60.0,2861.89,524.0,70.64,22.02,1783.92,308.98
2021-11-11,14.57,7.0,104.14,34.0,1994.76,360.0,42.56,13.21,1635.5,269.89
2021-11-12,10.95,2.0,73.13,21.0,2268.03,325.0,38.51,11.65,1891.75,258.82
2021-11-13,0.0,0.0,132.82,34.0,2115.77,332.0,58.68,15.06,1668.41,252.15
2021-11-14,2.97,4.0,99.52,21.0,1975.36,235.0,61.75,10.95,1415.5,156.92
2021-11-15,27.97,9.0,184.24,44.0,1616.4,254.0,86.32,22.0,1246.14,186.59
2021-11-16,21.47,7.0,315.19,89.0,1716.94,356.0,213.38,61.39,1338.29,264.75
2021-11-17,10.51,3.0,142.75,32.0,559.0,127.0,119.2,26.38,451.94,99.37
2021-11-18,3.42,2.0,59.91,22.0,376.49,84.0,43.37,17.94,315.08,70.95
2021-11-19,0.0,0.0,73.9,25.0,661.42,149.0,59.39,20.06,592.79,131.16
2021-11-20,2.35,3.0,178.48,59.0,744.44,166.0,121.46,37.34,574.5,121.05
2021-11-21,26.95,11.0,246.82,78.0,980.12,213.0,166.17,49.18,807.17,161.65
2021-11-22,13.04,4.0,250.32,51.0,661.47,132.0,154.39,32.25,429.3,81.14
2021-11-23,7.27,5.0,82.52,18.0,208.64,46.0,17.17,3.94,79.76,15.4
2021-11-24,3.76,1.0,62.62,18.0,207.38,55.0,2.59,1.09,3.65,1.39
2021-11-25,4.76,3.0,53.71,15.0,176.77,42.0,6.6,1.81,7.37,2.06
2021-11-26,7.87,8.0,160.28,53.0,297.76,93.0,17.96,3.94,22.67,5.55
2021-11-27,11.48,4.0,177.47,56.0,363.75,123.0,22.82,9.39,49.76,19.79
2021-11-28,12.23,9.0,100.09,34.0,166.44,59.0,50.43,18.38,87.91,31.37
2021-11-29,14.21,7.0,72.32,24.0,172.93,58.0,50.87,16.73,67.26,21.5
2021-11-30,0.0,0.0,30.18,10.0,124.22,38.0,15.96,3.44,49.71,12.42
2021-12-01,0.0,0.0,0.0,0.0,0.0,0.0,0.0,0.0,0.0,0.0
2021-12-02,4.82,4.0,4.82,4.0,7.44,6.0,2.75,1.58,5.37,3.58
2021-12-03,1.55,3.0,4.67,4.0,21.67,12.0,2.12,1.22,10.31,7.21
2021-12-04,17.72,4.0,97.97,19.0,164.9,45.0,56.37,8.41,76.69,18.57
2021-12-05,0.0,0.0,7.56,2.0,33.87,10.0,0.54,0.17,1.13,0.34
2021-12-06,9.92,7.0,39.56,16.0,90.55,29.0,9.59,5.26,38.69,11.9
2021-12-07,1.5,1.0,97.5,27.0,196.69,64.0,36.35,9.04,57.07,16.03
2021-12-08,7.18,3.0,76.94,23.0,234.63,76.0,4.19,1.27,9.84,3.45
2021-12-09,0.0,0.0,51.39,15.0,104.71,28.0,11.08,5.0,13.34,5.57
2021-12-10,25.67,6.0,50.41,14.0,112.61,34.0,4.32,2.1,9.61,3.94
2021-12-11,11.5,6.0,88.41,23.0,133.5,36.0,5.31,1.91,11.23,3.58
2021-12-12,20.48,9.0,147.52,49.0,246.9,81.0,1.04,0.09,1.27,0.16
2021-12-13,10.69,6.0,70.15,30.0,206.29,80.0,11.15,5.44,22.82,9.95
2021-12-14,4.1,3.0,78.67,29.0,179.79,58.0,38.43,15.55,103.9,33.44
2021-12-15,0.0,0.0,49.36,15.0,118.76,43.0,31.33,9.23,76.63,26.96
2021-12-16,5.61,6.0,29.34,16.0,82.13,34.0,13.62,7.9,37.07,15.66
2021-12-17,10.1,3.0,68.87,19.0,156.46,40.0,29.32,9.27,43.71,12.41
2021-12-18,10.91,5.0,101.7,32.0,190.87,71.0,22.77,8.11,39.5,14.56
2021-12-19,0.0,0.0,64.61,16.0,155.29,41.0,8.88,2.47,18.09,5.31
2021-12-20,5.65,3.0,62.41,17.0,101.2,29.0,20.94,5.9,27.47,8.02
2021-12-21,6.09,2.0,43.64,14.0,123.95,40.0,5.72,2.72,25.52,9.04
2021-12-22,24.7,7.0,103.87,33.0,226.99,72.0,36.51,12.91,99.44,30.85
2021-12-23,15.46,6.0,102.86,43.0,214.52,84.0,4.63,2.14,6.77,2.96
2021-12-24,5.24,3.0,147.11,44.0,249.58,77.0,21.76,6.33,35.65,10.41
2021-12-25,11.76,2.0,35.71,9.0,118.32,31.0,24.26,5.56,58.3,14.74
2021-12-26,2.22,2.0,2.22,2.0,5.49,3.0,0.0,0.0,2.98,0.91
2021-12-27,0.0,0.0,19.56,6.0,31.07,10.0,15.1,4.74,24.21,7.94
2021-12-28,0.0,0.0,5.67,4.0,7.72,5.0,1.26,0.63,1.51,0.75
2021-12-29,2.92,2.0,62.6,25.0,145.57,49.0,14.74,4.76,42.88,11.93
2021-12-30,3.0,2.0,10.07,5.0,16.03,6.0,1.1,1.86,1.1,1.86
2021-12-31,8.74,4.0,33.75,12.0,58.14,22.0,8.64,3.27,11.26,4.16
2022-01-01,4.0,2.0,34.96,13.0,71.06,29.0,0.49,0.42,2.8,1.38
2022-01-02,1.69,1.0,56.28,15.0,74.96,24.0,13.71,3.95,17.26,6.17
2022-01-03,7.32,2.0,102.59,30.0,239.04,79.0,11.64,4.31,18.79,7.33
2022-01-04,0.0,0.0,18.87,6.0,57.26,11.0,0.83,0.25,0.83,0.25
2022-01-05,0.0,0.0,0.0,0.0,0.0,0.0,0.0,0.0,0.0,0.0
2022-01-06,0.0,0.0,0.0,0.0,1.54,1.0,0.0,0.0,0.0,0.0
2022-01-07,0.0,0.0,0.0,0.0,5.29,1.0,0.0,0.0,4.8,0.91
2022-01-08,0.0,0.0,0.0,0.0,0.0,0.0,0.0,0.0,0.0,0.0
2022-01-09,0.0,0.0,0.0,0.0,0.0,0.0,0.0,0.0,0.0,0.0
2022-01-10,0.0,0.0,0.0,0.0,0.0,0.0,0.0,0.0,0.0,0.0
2022-01-11,0.0,0.0,0.0,0.0,0.0,0.0,0.0,0.0,0.0,0.0
2022-01-12,0.0,0.0,0.0,0.0,0.81,1.0,0.0,0.0,0.2,0.25
2022-01-13,0.48,1.0,4.03,2.0,13.01,4.0,0.22,0.46,7.46,2.07
2022-01-14,3.32,1.0,3.32,1.0,3.32,1.0,0.0,0.0,0.0,0.0
2022-01-15,0.0,0.0,0.0,0.0,0.0,0.0,0.0,0.0,0.0,0.0
2022-01-16,2.15,2.0,2.15,2.0,2.15,2.0,0.0,0.0,0.0,0.0
2022-01-17,0.0,0.0,0.0,0.0,6.08,3.0,0.0,0.0,0.0,0.0
2022-01-18,0.0,0.0,7.75,2.0,25.21,4.0,1.06,0.32,2.7,0.52
2022-01-19,0.0,0.0,27.18,10.0,29.77,11.0,4.53,1.69,4.8,1.79
2022-01-20,0.0,0.0,0.0,0.0,0.0,0.0,0.0,0.0,0.0,0.0
2022-01-21,0.0,0.0,0.0,0.0,12.69,3.0,0.0,0.0,0.47,0.12
2022-01-22,0.0,0.0,0.0,0.0,0.0,0.0,0.0,0.0,0.0,0.0
2022-01-23,0.0,0.0,0.0,0.0,0.63,1.0,0.0,0.0,0.03,0.05
2022-01-24,0.68,1.0,1.39,2.0,1.39,2.0,0.32,0.47,0.32,0.47
2022-01-25,0.0,0.0,0.0,0.0,0.0,0.0,0.0,0.0,0.0,0.0
2022-01-26,0.0,0.0,0.0,0.0,0.86,1.0,0.0,0.0,0.3,0.35
2022-01-27,0.0,0.0,0.0,0.0,0.0,0.0,0.0,0.0,0.0,0.0
2022-01-28,1.12,1.0,71.42,3.0,97.61,9.0,0.09,0.08,8.14,2.07
2022-01-29,0.74,2.0,55.9,16.0,87.34,26.0,9.77,3.07,18.38,4.9
2022-01-30,7.64,5.0,49.88,22.0,108.19,39.0,19.54,7.45,38.94,11.56
2022-01-31,1.31,1.0,34.0,7.0,38.91,8.0,5.76,1.76,5.76,1.76
2022-02-01,4.65,5.0,20.49,9.0,30.69,11.0,3.51,0.67,5.6,1.13
2022-02-02,0.0,0.0,26.15,9.0,32.0,12.0,2.93,1.08,3.03,1.28
2022-02-03,0.0,0.0,0.0,0.0,0.0,0.0,0.0,0.0,0.0,0.0
2022-02-04,0.82,1.0,5.25,3.0,9.05,4.0,1.33,1.26,3.79,1.9
2022-02-05,0.0,0.0,0.0,0.0,10.56,3.0,0.0,0.0,2.57,0.96
2022-02-06,0.0,0.0,7.95,2.0,10.05,3.0,3.1,0.87,4.25,1.42
2022-02-07,0.85,2.0,13.2,8.0,31.7,14.0,1.22,0.56,1.22,0.56
2022-02-08,26.54,5.0,48.95,12.0,98.31,25.0,17.37,4.93,27.0,8.3
2022-02-09,0.0,0.0,0.78,1.0,4.22,2.0,0.0,0.0,0.61,0.18
2022-02-10,4.68,1.0,14.95,5.0,67.0,17.0,5.15,1.84,11.03,4.07
2022-02-11,0.0,0.0,7.35,2.0,18.05,6.0,4.41,0.97,6.12,2.13
2022-02-12,9.94,3.0,36.04,10.0,118.34,23.0,13.03,3.36,29.74,6.18
2022-02-13,2.88,1.0,67.52,16.0,121.67,32.0,13.26,2.94,22.26,4.62
2022-02-14,8.99,6.0,104.79,29.0,225.71,65.0,2.12,2.79,2.13,2.8
2022-02-15,15.11,6.0,106.99,32.0,252.33,76.0,6.21,3.29,17.64,6.09
2022-02-16,3.13,3.0,58.52,19.0,103.62,34.0,19.04,5.87,30.67,9.68
2022-02-17,5.72,5.0,31.47,17.0,122.82,38.0,11.01,5.41,54.55,14.22
2022-02-18,32.23,6.0,70.46,16.0,186.09,46.0,42.32,7.48,62.54,12.62
2022-02-19,4.59,6.0,45.6,14.0,137.65,29.0,14.43,3.07,27.64,4.67
2022-02-20,6.07,4.0,49.05,16.0,160.57,55.0,17.31,5.69,56.39,18.23
2022-02-21,3.99,2.0,38.79,9.0,149.25,37.0,0.83,0.28,11.73,3.02
2022-02-22,7.12,3.0,50.46,14.0,127.55,27.0,1.08,1.0,9.88,2.3
2022-02-23,0.0,0.0,0.0,0.0,3.23,1.0,0.0,0.0,1.21,0.37
2022-02-24,1.32,2.0,9.29,5.0,25.84,11.0,5.09,3.12,21.0,8.93
2022-02-25,5.08,3.0,47.91,14.0,96.77,30.0,4.02,1.52,19.62,6.84
2022-02-26,3.45,2.0,4.53,3.0,4.53,3.0,1.67,0.78,1.67,0.78
2022-02-27,4.53,3.0,11.17,5.0,34.81,11.0,4.03,2.7,10.65,4.64
2022-02-28,0.69,1.0,13.81,5.0,38.07,12.0,4.4,1.56,5.41,1.9
2022-03-01,0.17,1.0,36.81,8.0,86.03,20.0,11.48,3.46,20.23,6.68
2022-03-02,0.37,1.0,51.19,11.0,164.23,43.0,11.45,2.28,32.91,10.54
2022-03-03,0.53,1.0,29.3,9.0,64.72,24.0,14.88,4.32,33.8,12.59
2022-03-04,0.94,3.0,27.15,14.0,75.38,29.0,1.45,1.33,2.27,1.67
2022-03-05,0.0,0.0,6.42,2.0,55.24,17.0,0.0,0.0,0.55,0.21
2022-03-06,0.0,0.0,5.1,1.0,5.1,1.0,0.0,0.0,0.0,0.0
2022-03-07,0.9,3.0,22.79,7.0,85.01,17.0,16.98,2.61,40.66,6.5
2022-03-08,11.19,2.0,27.0,7.0,89.64,28.0,4.33,1.9,35.83,9.59
2022-03-09,0.0,0.0,20.45,5.0,72.57,16.0,0.75,0.41,14.43,2.93
2022-03-10,0.0,0.0,48.86,14.0,102.66,24.0,32.61,6.75,61.04,12.36
2022-03-11,0.46,1.0,31.68,5.0,68.89,12.0,14.73,2.01,16.18,2.34
2022-03-12,1.97,5.0,11.83,8.0,99.32,19.0,0.21,0.55,2.09,1.18
2022-03-13,2.2,5.0,15.81,10.0,52.13,25.0,9.44,4.32,20.36,8.13
2022-03-14,0.36,1.0,22.69,4.0,46.21,11.0,9.08,1.0,11.02,1.62
2022-03-15,0.59,1.0,1.21,2.0,16.87,7.0,0.16,0.27,0.23,0.29
2022-03-16,6.22,3.0,10.01,4.0,22.02,8.0,0.18,0.22,0.77,0.58
2022-03-17,0.0,0.0,0.0,0.0,51.44,14.0,0.0,0.0,31.33,6.57
2022-03-18,0.0,0.0,17.9,2.0,30.16,6.0,4.55,0.91,4.55,0.91
2022-03-19,0.0,0.0,20.04,6.0,76.5,23.0,0.0,0.0,1.47,0.26
2022-03-20,0.44,1.0,11.23,6.0,60.48,21.0,0.62,0.98,0.62,0.98
2022-03-21,0.66,1.0,7.51,3.0,83.85,15.0,5.57,2.04,51.96,8.69
2022-03-22,0.55,1.0,4.67,2.0,46.58,9.0,1.16,0.43,1.16,0.43
2022-03-23,10.2,4.0,13.79,6.0,90.18,19.0,0.78,1.1,0.92,1.11
2022-03-24,0.39,1.0,15.93,7.0,77.0,28.0,1.97,1.13,10.62,4.86
2022-03-25,0.0,0.0,15.13,3.0,97.6,20.0,2.92,0.52,17.51,3.84
2022-03-26,1.94,2.0,15.47,4.0,115.66,20.0,9.63,1.42,41.93,4.1
2022-03-27,0.0,0.0,2.52,1.0,68.58,15.0,0.87,0.34,1.07,0.43
2022-03-28,0.87,2.0,12.03,5.0,287.74,33.0,0.0,0.0,5.43,1.13
2022-03-29,1.48,1.0,17.97,5.0,131.21,26.0,0.45,0.3,0.45,0.3
2022-03-30,0.0,0.0,10.04,1.0,102.11,18.0,1.67,0.17,26.34,6.73
2022-03-31,0.57,1.0,5.07,3.0,37.69,11.0,0.35,0.62,20.88,7.04
2022-04-01,29.23,4.0,35.72,7.0,48.36,13.0,18.35,2.85,20.21,4.36
2022-04-02,0.6,1.0,0.6,1.0,21.69,8.0,0.24,0.39,3.66,1.37
2022-04-03,5.05,5.0,11.13,8.0,67.52,24.0,0.69,1.07,3.36,2.64
2022-04-04,0.69,1.0,6.37,3.0,74.01,29.0,4.12,1.12,12.47,4.2
2022-04-05,1.95,1.0,12.26,5.0,38.93,12.0,0.06,0.1,4.23,1.01
2022-04-06,4.69,4.0,9.71,5.0,38.15,13.0,0.76,0.77,0.76,0.77
2022-04-07,19.1,4.0,23.86,6.0,72.65,18.0,2.0,0.89,2.11,1.01
2022-04-08,2.67,2.0,9.44,5.0,47.13,13.0,1.6,0.97,16.17,2.48
2022-04-09,21.77,6.0,23.86,7.0,60.11,16.0,7.84,2.9,9.1,3.29
2022-04-10,112.89,2.0,118.72,5.0,186.47,14.0,22.89,1.59,30.84,2.2
2022-04-11,4.43,1.0,10.07,3.0,73.54,9.0,0.0,0.0,7.5,1.12
2022-04-12,0.66,1.0,1.11,2.0,10.52,5.0,0.5,0.76,7.77,2.89
2022-04-13,2.19,3.0,30.92,9.0,230.27,38.0,1.52,2.0,29.5,5.05
2022-04-14,30.31,7.0,90.44,25.0,162.41,45.0,14.73,4.69,18.02,5.51
2022-04-15,3.86,4.0,26.63,12.0,79.85,30.0,15.27,8.06,24.86,11.53
2022-04-16,8.39,2.0,68.21,12.0,290.6,53.0,5.8,1.29,134.55,28.83
2022-04-17,52.1,8.0,217.29,38.0,331.81,57.0,115.09,19.55,117.86,20.5
2022-04-18,99.37,15.0,208.59,33.0,593.42,79.0,49.64,8.24,156.39,18.9
2022-04-19,265.68,22.0,385.23,40.0,575.85,90.0,61.59,7.72,101.62,18.06
2022-04-20,137.89,2.0,143.63,4.0,292.28,48.0,30.71,0.4,31.19,0.53
2022-04-21,0.0,0.0,4.52,1.0,11.66,4.0,0.39,0.09,4.39,1.96
2022-04-22,25.92,8.0,97.29,32.0,284.23,92.0,12.67,4.74,58.23,18.84
2022-04-23,150.75,26.0,410.89,64.0,1093.32,188.0,192.0,24.27,403.83,52.99
2022-04-24,122.6,17.0,534.26,71.0,3217.02,355.0,305.78,38.73,1821.89,172.62
2022-04-25,50.22,6.0,299.55,48.0,845.64,151.0,165.47,21.6,282.2,38.72
2022-04-26,52.41,9.0,200.47,39.0,1177.58,187.0,149.01,29.28,776.43,108.87
2022-04-27,332.14,45.0,1634.66,209.0,4668.74,627.0,1146.99,133.76,2877.89,362.19
2022-04-28,286.14,55.0,1806.27,280.0,5206.67,827.0,1181.64,169.85,2691.54,405.02
2022-04-29,278.58,42.0,2007.47,234.0,6532.25,772.0,1260.48,125.6,3526.14,364.07
2022-04-30,395.81,42.0,1955.29,245.0,6220.04,715.0,374.71,50.81,809.11,93.76
2022-05-01,22.92,5.0,212.39,30.0,753.86,112.0,0.0,0.0,7.56,2.22
2022-05-02,101.33,19.0,453.25,72.0,1115.97,202.0,38.78,7.58,61.7,12.93
2022-05-03,0.0,0.0,10.77,4.0,247.58,61.0,0.0,0.0,0.9,0.13
2022-05-04,0.0,0.0,115.94,17.0,723.02,108.0,0.0,0.0,0.15,0.06
2022-05-05,0.83,1.0,306.47,58.0,925.19,169.0,203.4,39.06,646.95,117.27
2022-05-06,0.64,1.0,0.64,1.0,44.04,10.0,0.31,0.49,14.48,1.36
2022-05-07,22.55,6.0,373.11,71.0,1524.83,282.0,131.63,29.18,676.99,144.99
2022-05-08,99.36,22.0,274.37,69.0,1050.59,261.0,91.87,18.44,97.27,19.27
2022-05-09,1.24,1.0,37.88,7.0,179.9,49.0,7.53,0.71,20.84,5.4
2022-05-10,15.33,6.0,106.59,20.0,320.89,78.0,8.03,2.84,14.85,5.53
2022-05-11,28.01,10.0,39.01,12.0,173.22,48.0,17.97,4.31,42.0,10.3
2022-05-12,15.42,2.0,87.22,12.0,461.97,91.0,15.18,1.63,15.19,1.63
2022-05-13,19.18,5.0,98.5,20.0,376.8,82.0,9.46,2.7,32.07,5.72
2022-05-14,34.9,8.0,101.86,23.0,427.07,85.0,30.88,7.34,169.15,32.89
2022-05-15,3.57,1.0,74.27,13.0,169.33,22.0,16.49,3.5,45.51,5.65
2022-05-16,13.72,3.0,13.72,3.0,49.12,12.0,4.25,1.79,15.24,3.66
2022-05-17,0.0,0.0,0.0,0.0,20.79,5.0,0.0,0.0,2.18,0.43
2022-05-18,0.0,0.0,11.32,3.0,41.97,12.0,6.41,1.63,11.41,3.92
2022-05-19,0.0,0.0,3.16,1.0,110.46,26.0,0.0,0.0,14.56,2.1
2022-05-20,0.0,0.0,18.51,3.0,73.99,18.0,9.74,1.37,18.98,4.16
2022-05-21,1.29,2.0,31.17,5.0,112.67,24.0,12.23,1.06,12.75,1.21
2022-05-22,1.98,2.0,1.98,2.0,27.99,9.0,0.0,0.0,14.38,4.01
2022-05-23,0.0,0.0,0.0,0.0,0.0,0.0,0.0,0.0,0.0,0.0
2022-05-24,0.33,1.0,0.33,1.0,0.33,1.0,0.1,0.29,0.1,0.29
2022-05-25,0.87,2.0,3.34,3.0,3.82,4.0,1.41,1.32,1.77,2.06
2022-05-26,0.0,0.0,0.0,0.0,37.33,8.0,0.0,0.0,5.05,0.79
2022-05-27,6.15,2.0,6.15,2.0,14.23,7.0,0.03,0.01,0.94,0.51
2022-05-28,0.0,0.0,0.0,0.0,43.93,7.0,0.0,0.0,21.3,1.88
2022-05-29,0.0,0.0,0.0,0.0,18.43,2.0,0.0,0.0,13.61,1.48
2022-05-30,0.0,0.0,0.0,0.0,14.17,2.0,0.0,0.0,0.84,0.12
2022-05-31,2.32,2.0,2.32,2.0,10.85,6.0,0.67,0.58,2.17,0.93
2022-06-01,2.35,1.0,2.35,1.0,11.23,4.0,0.0,0.0,0.0,0.0
2022-06-02,0.0,0.0,0.0,0.0,8.08,3.0,0.0,0.0,0.0,0.0
2022-06-03,0.0,0.0,5.49,1.0,139.3,11.0,0.99,0.18,14.51,0.31
2022-06-04,0.0,0.0,12.84,2.0,121.28,12.0,7.89,0.82,26.88,1.94
2022-06-05,5.45,1.0,6.43,2.0,108.26,13.0,0.21,0.21,9.23,1.13
2022-06-06,13.72,3.0,20.26,5.0,300.86,22.0,2.65,1.07,5.64,2.03
2022-06-07,0.0,0.0,0.0,0.0,18.43,4.0,0.0,0.0,0.0,0.0
2022-06-08,5.44,1.0,29.18,4.0,56.78,12.0,8.02,1.42,8.14,1.46
2022-06-09,4.32,3.0,4.32,3.0,29.29,11.0,0.15,0.19,9.07,2.95
2022-06-10,0.0,0.0,0.0,0.0,26.84,5.0,0.0,0.0,6.56,1.35
2022-06-11,16.43,3.0,29.92,6.0,106.99,22.0,9.17,1.25,10.94,2.13
2022-06-12,14.82,2.0,14.82,2.0,28.64,7.0,13.71,1.85,13.71,1.85
2022-06-13,0.0,0.0,4.45,1.0,36.95,9.0,3.28,0.74,10.99,2.33
2022-06-14,0.0,0.0,0.0,0.0,0.0,0.0,0.0,0.0,0.0,0.0
2022-06-15,0.0,0.0,5.5,2.0,27.06,7.0,0.08,0.12,0.08,0.13
2022-06-16,0.0,0.0,14.4,1.0,100.74,24.0,0.0,0.0,1.29,0.3
2022-06-17,0.0,0.0,0.0,0.0,13.28,3.0,0.0,0.0,0.08,0.01
2022-06-18,0.0,0.0,0.0,0.0,0.0,0.0,0.0,0.0,0.0,0.0
2022-06-19,0.0,0.0,1.82,1.0,3.12,2.0,0.0,0.0,0.0,0.0
2022-06-20,0.0,0.0,0.0,0.0,0.0,0.0,0.0,0.0,0.0,0.0
2022-06-21,0.75,1.0,0.75,1.0,0.75,1.0,0.0,0.0,0.0,0.0
2022-06-22,2.48,2.0,3.31,3.0,9.65,5.0,0.64,1.0,0.64,1.0
2022-06-23,0.84,1.0,0.84,1.0,1.55,2.0,0.44,0.53,0.44,0.53
2022-06-24,0.51,1.0,12.64,4.0,64.85,12.0,9.97,1.99,18.01,3.92
2022-06-25,1.86,1.0,1.86,1.0,15.98,5.0,0.0,0.0,8.81,2.67
2022-06-26,0.75,1.0,0.75,1.0,3.05,2.0,0.0,0.0,2.06,0.89
2022-06-27,3.0,3.0,3.0,3.0,10.81,7.0,0.81,0.81,5.51,3.02
2022-06-28,0.61,1.0,0.61,1.0,0.61,1.0,0.0,0.0,0.0,0.0
2022-06-29,0.0,0.0,0.0,0.0,1.4,1.0,0.0,0.0,0.0,0.0
2022-06-30,0.0,0.0,0.0,0.0,0.0,0.0,0.0,0.0,0.0,0.0
2022-07-01,0.0,0.0,0.0,0.0,0.0,0.0,0.0,0.0,0.0,0.0
2022-07-02,0.0,0.0,0.0,0.0,0.0,0.0,0.0,0.0,0.0,0.0
2022-07-03,0.0,0.0,0.0,0.0,11.55,3.0,0.0,0.0,0.84,0.28
2022-07-04,0.0,0.0,0.0,0.0,3.86,1.0,0.0,0.0,2.53,0.65
2022-07-05,0.0,0.0,0.0,0.0,17.63,5.0,0.0,0.0,2.02,0.97
2022-07-06,0.0,0.0,0.0,0.0,0.0,0.0,0.0,0.0,0.0,0.0
2022-07-07,0.0,0.0,0.0,0.0,0.0,0.0,0.0,0.0,0.0,0.0
2022-07-08,0.35,1.0,0.35,1.0,10.18,3.0,0.05,0.15,8.43,1.86
2022-07-09,0.0,0.0,0.0,0.0,0.0,0.0,0.0,0.0,0.0,0.0
2022-07-10,0.0,0.0,0.0,0.0,0.0,0.0,0.0,0.0,0.0,0.0
2022-07-11,0.0,0.0,0.0,0.0,123.81,15.0,0.0,0.0,37.61,4.59
2022-07-12,0.57,1.0,0.57,1.0,2.14,3.0,0.02,0.04,0.02,0.04
2022-07-13,0.0,0.0,0.0,0.0,0.0,0.0,0.0,0.0,0.0,0.0
2022-07-14,0.0,0.0,0.0,0.0,12.97,4.0,0.0,0.0,6.25,2.62
2022-07-15,5.89,2.0,5.89,2.0,10.13,4.0,0.09,0.09,3.74,1.81
2022-07-16,0.0,0.0,0.0,0.0,0.0,0.0,0.0,0.0,0.0,0.0
2022-07-17,0.0,0.0,0.0,0.0,3.85,1.0,0.0,0.0,0.0,0.0
2022-07-18,5.44,2.0,5.44,2.0,13.92,4.0,0.0,0.0,2.81,0.66
2022-07-19,0.92,2.0,1.7,3.0,1.7,3.0,0.73,0.94,0.73,0.94
2022-07-20,0.0,0.0,0.0,0.0,0.78,1.0,0.0,0.0,0.0,0.0
2022-07-21,0.0,0.0,0.0,0.0,0.0,0.0,0.0,0.0,0.0,0.0
2022-07-22,0.0,0.0,0.0,0.0,0.0,0.0,0.0,0.0,0.0,0.0
2022-07-23,0.0,0.0,0.0,0.0,0.0,0.0,0.0,0.0,0.0,0.0
2022-07-24,2.42,2.0,2.42,2.0,2.42,2.0,0.56,0.28,0.56,0.28
2022-07-25,3.25,1.0,3.25,1.0,3.82,2.0,1.12,0.35,1.12,0.35
2022-07-26,0.0,0.0,18.82,2.0,18.82,2.0,0.0,0.0,0.0,0.0
2022-07-27,0.0,0.0,0.0,0.0,0.0,0.0,0.0,0.0,0.0,0.0
2022-07-28,0.0,0.0,0.0,0.0,0.0,0.0,0.0,0.0,0.0,0.0
2022-07-29,0.0,0.0,0.0,0.0,0.0,0.0,0.0,0.0,0.0,0.0
2022-07-30,0.0,0.0,0.0,0.0,0.0,0.0,0.0,0.0,0.0,0.0
2022-07-31,0.0,0.0,0.0,0.0,0.0,0.0,0.0,0.0,0.0,0.0
2022-08-01,0.0,0.0,0.0,0.0,0.0,0.0,0.0,0.0,0.0,0.0
2022-08-02,0.0,0.0,0.0,0.0,0.0,0.0,0.0,0.0,0.0,0.0
2022-08-03,0.0,0.0,0.0,0.0,0.0,0.0,0.0,0.0,0.0,0.0
2022-08-04,0.0,0.0,0.0,0.0,0.0,0.0,0.0,0.0,0.0,0.0
2022-08-05,0.0,0.0,0.0,0.0,0.0,0.0,0.0,0.0,0.0,0.0
2022-08-06,0.0,0.0,0.0,0.0,0.0,0.0,0.0,0.0,0.0,0.0
2022-08-07,0.0,0.0,0.0,0.0,0.0,0.0,0.0,0.0,0.0,0.0
2022-08-08,0.0,0.0,0.0,0.0,0.0,0.0,0.0,0.0,0.0,0.0
2022-08-09,0.0,0.0,0.0,0.0,0.0,0.0,0.0,0.0,0.0,0.0
2022-08-10,0.0,0.0,0.0,0.0,0.0,0.0,0.0,0.0,0.0,0.0
2022-08-11,0.52,1.0,0.52,1.0,0.52,1.0,0.31,0.6,0.31,0.6
2022-08-12,2.95,1.0,2.95,1.0,2.95,1.0,0.43,0.15,0.43,0.15
2022-08-13,0.0,0.0,0.0,0.0,2.16,1.0,0.0,0.0,0.0,0.0
2022-08-14,0.0,0.0,0.0,0.0,0.0,0.0,0.0,0.0,0.0,0.0
2022-08-15,0.0,0.0,0.0,0.0,0.0,0.0,0.0,0.0,0.0,0.0
2022-08-16,1.43,1.0,1.43,1.0,1.43,1.0,0.0,0.0,0.0,0.0
2022-08-17,0.0,0.0,0.0,0.0,1.71,1.0,0.0,0.0,0.0,0.0
2022-08-18,0.0,0.0,1.62,1.0,1.62,1.0,0.0,0.0,0.0,0.0
2022-08-19,0.0,0.0,0.0,0.0,0.0,0.0,0.0,0.0,0.0,0.0
2022-08-20,0.0,0.0,0.0,0.0,0.0,0.0,0.0,0.0,0.0,0.0
2022-08-21,0.0,0.0,0.0,0.0,0.0,0.0,0.0,0.0,0.0,0.0
2022-08-22,1.47,2.0,1.47,2.0,2.52,3.0,0.0,0.0,0.0,0.0
2022-08-23,0.0,0.0,0.0,0.0,0.0,0.0,0.0,0.0,0.0,0.0
2022-08-24,0.0,0.0,0.0,0.0,0.0,0.0,0.0,0.0,0.0,0.0
2022-08-25,5.66,2.0,5.66,2.0,5.66,2.0,0.0,0.0,0.0,0.0
2022-08-26,2.9,1.0,2.9,1.0,4.17,2.0,2.23,0.77,2.26,0.79
2022-08-27,0.0,0.0,4.05,1.0,18.01,4.0,0.87,0.21,3.45,0.76
2022-08-28,0.0,0.0,0.0,0.0,0.0,0.0,0.0,0.0,0.0,0.0
2022-08-29,1.88,1.0,3.84,2.0,3.84,2.0,2.76,1.45,2.76,1.45
2022-08-30,1.8,3.0,1.8,3.0,4.47,5.0,0.34,0.4,0.34,0.4
2022-08-31,0.0,0.0,0.0,0.0,0.0,0.0,0.0,0.0,0.0,0.0
2022-09-01,0.0,0.0,0.0,0.0,0.0,0.0,0.0,0.0,0.0,0.0
2022-09-02,0.0,0.0,0.0,0.0,0.0,0.0,0.0,0.0,0.0,0.0
2022-09-03,0.0,0.0,1.31,1.0,1.31,1.0,0.09,0.07,0.09,0.07
2022-09-04,3.82,3.0,3.82,3.0,5.63,4.0,1.56,1.14,1.56,1.14
2022-09-05,3.46,3.0,6.48,4.0,11.77,7.0,0.03,0.02,0.04,0.02
2022-09-06,1.48,1.0,1.48,1.0,1.48,1.0,0.64,0.43,0.64,0.43
2022-09-07,1.84,2.0,1.84,2.0,6.63,4.0,0.02,0.03,4.69,1.95
2022-09-08,0.0,0.0,0.0,0.0,0.0,0.0,0.0,0.0,0.0,0.0
2022-09-09,2.68,2.0,2.68,2.0,2.68,2.0,0.08,0.09,0.08,0.09
2022-09-10,0.6,1.0,0.6,1.0,23.31,8.0,0.1,0.17,0.1,0.17
2022-09-11,0.0,0.0,0.0,0.0,0.0,0.0,0.0,0.0,0.0,0.0
2022-09-12,0.0,0.0,0.0,0.0,9.77,2.0,0.0,0.0,0.0,0.0
2022-09-13,0.0,0.0,0.0,0.0,0.0,0.0,0.0,0.0,0.0,0.0
2022-09-14,0.0,0.0,0.0,0.0,0.0,0.0,0.0,0.0,0.0,0.0
2022-09-15,0.0,0.0,0.0,0.0,0.0,0.0,0.0,0.0,0.0,0.0
2022-09-16,0.83,1.0,0.83,1.0,0.83,1.0,0.0,0.0,0.0,0.0
2022-09-17,1.51,1.0,1.51,1.0,1.51,1.0,0.0,0.0,0.0,0.0
2022-09-18,0.0,0.0,0.0,0.0,3.68,1.0,0.0,0.0,1.85,0.5
2022-09-19,0.0,0.0,0.0,0.0,0.0,0.0,0.0,0.0,0.0,0.0
2022-09-20,0.0,0.0,0.0,0.0,0.0,0.0,0.0,0.0,0.0,0.0
2022-09-21,0.0,0.0,0.81,1.0,0.81,1.0,0.0,0.0,0.0,0.0
2022-09-22,0.0,0.0,0.0,0.0,0.0,0.0,0.0,0.0,0.0,0.0
2022-09-23,0.0,0.0,0.0,0.0,0.0,0.0,0.0,0.0,0.0,0.0
2022-09-24,0.0,0.0,0.0,0.0,0.0,0.0,0.0,0.0,0.0,0.0
2022-09-25,0.0,0.0,0.69,1.0,0.69,1.0,0.06,0.09,0.06,0.09
2022-09-26,0.98,1.0,0.98,1.0,0.98,1.0,0.0,0.0,0.0,0.0
2022-09-27,5.89,3.0,5.89,3.0,13.3,6.0,0.82,0.29,4.89,1.3
2022-09-28,0.44,1.0,0.68,2.0,1.83,3.0,0.03,0.13,0.68,0.69
2022-09-29,0.0,0.0,1.64,1.0,1.64,1.0,0.0,0.0,0.0,0.0
2022-09-30,2.68,4.0,2.68,4.0,7.1,6.0,0.8,1.64,2.23,2.41
2022-10-01,2.19,2.0,4.61,5.0,14.54,8.0,2.49,2.37,5.92,2.92
2022-10-02,2.53,2.0,14.48,6.0,60.3,20.0,2.89,1.08,24.11,7.33
2022-10-03,0.0,0.0,15.93,4.0,32.21,8.0,7.31,1.72,11.33,2.5
2022-10-04,1.33,3.0,1.33,3.0,29.86,14.0,1.0,2.26,20.92,10.01
2022-10-05,0.0,0.0,0.0,0.0,76.41,25.0,0.0,0.0,0.05,0.02
2022-10-06,0.0,0.0,3.32,1.0,116.55,26.0,0.0,0.0,0.0,0.0
2022-10-07,0.0,0.0,0.0,0.0,26.08,9.0,0.0,0.0,0.07,0.03
2022-10-08,0.0,0.0,0.0,0.0,0.0,0.0,0.0,0.0,0.0,0.0
2022-10-09,0.0,0.0,0.0,0.0,0.0,0.0,0.0,0.0,0.0,0.0
2022-10-10,0.0,0.0,0.0,0.0,9.51,2.0,0.0,0.0,0.0,0.0
2022-10-11,0.41,1.0,0.41,1.0,1.93,3.0,0.06,0.15,0.47,0.69
2022-10-12,0.43,1.0,0.43,1.0,8.79,5.0,0.43,1.0,8.04,4.59
2022-10-13,19.78,6.0,23.53,7.0,143.49,33.0,15.16,5.25,105.38,24.59
2022-10-14,0.92,1.0,0.92,1.0,141.14,33.0,0.0,0.0,107.88,23.58
2022-10-15,0.39,1.0,0.39,1.0,158.83,51.0,0.11,0.29,84.91,25.34
2022-10-16,2.88,3.0,2.88,3.0,510.29,99.0,0.78,0.95,321.34,58.24
2022-10-17,2.82,5.0,21.06,9.0,641.84,111.0,1.13,1.0,179.93,30.71
2022-10-18,5.98,4.0,30.36,13.0,802.95,197.0,0.44,0.26,14.64,4.33
2022-10-19,13.44,3.0,19.76,6.0,592.89,129.0,1.64,0.93,12.3,3.46
2022-10-20,0.0,0.0,16.57,4.0,384.36,93.0,15.57,3.82,15.57,3.82
2022-10-21,1.2,2.0,6.11,4.0,490.62,120.0,0.03,0.04,63.25,15.0
2022-10-22,0.0,0.0,34.72,12.0,1075.9,197.0,5.16,2.91,850.52,148.05
2022-10-23,18.67,10.0,118.29,40.0,1597.4,362.0,8.53,4.94,1082.97,225.91
2022-10-24,32.73,9.0,138.61,40.0,2016.25,381.0,15.66,5.31,1366.97,233.68
2022-10-25,28.92,5.0,64.52,14.0,939.92,141.0,0.0,0.0,442.81,59.97
2022-10-26,0.0,0.0,46.05,8.0,955.44,176.0,14.93,2.59,634.82,118.22
2022-10-27,10.87,1.0,29.69,6.0,1196.29,195.0,0.06,0.02,142.55,22.09
2022-10-28,4.52,2.0,29.42,10.0,1503.8,277.0,2.65,0.92,1422.95,254.13
2022-10-29,18.76,5.0,34.41,11.0,1663.99,296.0,5.23,1.88,1265.55,209.83
2022-10-30,2.37,1.0,25.96,7.0,1336.51,217.0,1.85,0.38,728.2,108.41
2022-10-31,0.0,0.0,32.92,7.0,928.55,150.0,0.1,0.03,53.31,7.24
2022-11-01,19.72,3.0,34.25,7.0,1728.21,214.0,18.9,2.84,20.07,3.26
2022-11-02,8.09,2.0,35.6,8.0,2255.19,298.0,7.66,3.33,1864.64,236.07
2022-11-03,16.76,7.0,60.23,20.0,2060.63,304.0,17.48,6.8,1738.5,242.73
2022-11-04,3.59,1.0,34.37,7.0,645.97,127.0,23.38,4.47,25.98,5.73
2022-11-05,0.64,1.0,8.13,4.0,1928.52,270.0,3.4,0.95,5.83,1.77
2022-11-06,0.0,0.0,8.69,3.0,354.1,76.0,2.31,0.93,2.31,0.93
2022-11-07,1.34,2.0,48.75,11.0,529.28,82.0,12.93,4.91,309.88,48.09
2022-11-08,3.99,2.0,37.57,13.0,81.02,25.0,1.28,0.83,17.43,4.94
2022-11-09,1.89,1.0,50.28,13.0,467.01,84.0,28.44,6.98,279.34,51.29
2022-11-10,5.04,2.0,18.78,5.0,292.05,52.0,8.04,1.53,259.87,42.35
2022-11-11,1.85,2.0,50.17,11.0,1022.99,167.0,9.11,3.33,741.84,117.68
2022-11-12,2.21,3.0,54.55,15.0,795.59,134.0,38.93,6.99,587.45,94.58
2022-11-13,9.73,4.0,125.35,41.0,567.03,150.0,33.9,10.7,131.47,35.39
2022-11-14,1.91,1.0,54.36,17.0,135.61,38.0,1.66,0.54,11.72,4.42
2022-11-15,0.24,1.0,21.25,7.0,110.16,37.0,9.66,2.91,58.43,20.35
2022-11-16,10.3,4.0,53.96,16.0,291.89,57.0,35.72,7.94,235.82,36.72
2022-11-17,2.22,1.0,34.91,7.0,369.56,49.0,21.79,2.97,271.1,27.64
2022-11-18,14.04,7.0,118.2,35.0,461.53,107.0,81.85,22.91,354.54,78.06
2022-11-19,3.94,3.0,114.27,37.0,379.19,99.0,57.93,17.28,267.2,61.96
2022-11-20,1.3,2.0,33.06,12.0,192.47,53.0,11.3,3.45,99.94,24.72
2022-11-21,0.0,0.0,14.32,5.0,86.91,24.0,8.87,2.82,52.02,13.57
2022-11-22,10.16,4.0,42.33,13.0,201.33,47.0,30.87,8.49,152.19,30.52
2022-11-23,20.91,11.0,136.91,27.0,204.14,48.0,55.82,9.35,69.67,13.84
2022-11-24,8.82,6.0,122.81,38.0,272.39,86.0,44.87,11.84,88.64,26.78
2022-11-25,7.35,2.0,93.12,25.0,220.85,62.0,45.27,12.35,75.4,19.75
2022-11-26,5.76,2.0,31.32,8.0,71.24,20.0,12.15,2.01,16.74,4.12
2022-11-27,1.07,1.0,49.39,17.0,144.33,48.0,14.12,5.88,23.46,9.01
2022-11-28,10.09,4.0,44.42,10.0,160.23,36.0,6.03,2.02,48.06,10.85
2022-11-29,2.91,3.0,143.29,40.0,223.76,68.0,16.21,7.15,39.51,14.74
2022-11-30,9.85,5.0,142.61,49.0,338.37,117.0,29.4,9.23,74.63,18.52
2022-12-01,0.28,1.0,51.71,19.0,187.91,57.0,9.83,3.06,23.3,6.17
2022-12-02,8.92,5.0,55.7,12.0,95.27,29.0,23.22,2.8,24.04,3.29
2022-12-03,0.77,1.0,40.3,16.0,129.68,53.0,1.74,1.02,2.34,1.33
2022-12-04,10.29,4.0,111.76,32.0,215.42,66.0,29.93,9.53,42.48,12.87
2022-12-05,2.93,2.0,146.09,56.0,321.85,120.0,21.06,6.89,39.68,10.26
2022-12-06,11.04,2.0,53.84,13.0,212.8,43.0,8.83,2.89,98.48,12.56
2022-12-07,7.32,3.0,57.56,18.0,121.3,37.0,13.69,3.59,31.76,8.15
2022-12-08,1.08,1.0,43.69,19.0,109.15,38.0,7.55,4.29,12.92,6.49
2022-12-09,7.05,7.0,58.27,25.0,152.48,49.0,16.46,6.59,44.93,12.22
2022-12-10,12.75,7.0,177.34,48.0,329.93,104.0,83.8,15.03,112.04,25.19
2022-12-11,18.79,7.0,149.37,49.0,344.18,112.0,21.7,6.33,58.39,15.95
2022-12-12,0.0,0.0,75.59,19.0,267.01,62.0,30.18,11.05,88.16,20.71
2022-12-13,3.63,2.0,23.47,11.0,230.33,51.0,6.61,3.56,84.21,16.26
2022-12-14,16.91,4.0,26.69,9.0,77.5,20.0,6.78,2.11,23.86,5.22
2022-12-15,7.29,10.0,104.39,31.0,267.85,75.0,38.51,7.92,55.44,12.13
2022-12-16,19.78,11.0,124.45,49.0,294.22,109.0,20.75,8.36,34.11,11.48
2022-12-17,3.42,2.0,83.05,29.0,223.45,73.0,5.84,2.09,19.44,5.74
2022-12-18,4.48,2.0,34.27,17.0,137.44,46.0,3.62,2.13,45.14,9.14
2022-12-19,4.85,2.0,53.22,17.0,108.13,42.0,11.86,3.01,20.24,5.73
2022-12-20,42.19,9.0,119.42,31.0,126.86,34.0,6.34,4.21,8.29,5.16
2022-12-21,23.59,5.0,114.77,44.0,220.31,86.0,37.73,15.95,86.14,38.0
2022-12-22,0.0,0.0,43.26,14.0,114.08,38.0,7.62,2.83,30.93,10.7
2022-12-23,0.0,0.0,37.77,12.0,80.47,24.0,26.33,9.17,43.05,15.05
2022-12-24,3.33,1.0,28.16,10.0,80.79,27.0,8.25,3.13,26.26,9.03
2022-12-25,19.98,6.0,56.57,17.0,71.34,21.0,7.02,2.67,8.98,3.23
2022-12-26,4.85,2.0,39.36,15.0,109.25,42.0,4.61,1.9,13.44,5.74
2022-12-27,0.0,0.0,20.38,7.0,45.35,15.0,2.23,0.82,5.61,1.9
2022-12-28,2.19,1.0,18.91,5.0,107.41,17.0,5.96,0.99,47.0,5.92
2022-12-29,0.0,0.0,9.64,4.0,9.64,4.0,1.07,0.35,1.07,0.35
2022-12-30,3.1,1.0,10.29,3.0,37.76,10.0,0.11,0.03,0.32,0.1
2022-12-31,2.85,2.0,36.89,16.0,64.97,27.0,5.35,2.38,10.44,4.68
2023-01-01,4.91,2.0,31.88,7.0,33.81,8.0,7.1,1.6,8.28,2.21
2023-01-02,0.0,0.0,7.65,4.0,15.48,6.0,0.65,1.0,0.65,1.0
2023-01-03,0.0,0.0,0.0,0.0,1.1,1.0,0.0,0.0,0.0,0.0
2023-01-04,0.0,0.0,6.06,4.0,17.65,11.0,0.54,0.4,6.83,4.41
2023-01-05,0.0,0.0,8.66,3.0,8.66,3.0,3.93,1.48,3.93,1.48
2023-01-06,19.61,7.0,31.35,11.0,53.87,18.0,0.57,0.2,3.64,2.12
2023-01-07,0.0,0.0,26.63,7.0,26.63,7.0,3.59,0.84,3.59,0.84
2023-01-08,0.0,0.0,0.0,0.0,0.0,0.0,0.0,0.0,0.0,0.0
2023-01-09,0.0,0.0,0.0,0.0,0.0,0.0,0.0,0.0,0.0,0.0
2023-01-10,0.0,0.0,10.66,4.0,11.59,5.0,8.26,3.19,8.26,3.19
2023-01-11,0.0,0.0,40.15,11.0,47.28,12.0,0.55,0.14,0.55,0.14
2023-01-12,11.31,3.0,34.27,11.0,172.83,42.0,5.2,1.06,13.62,4.63
2023-01-13,0.0,0.0,4.64,1.0,9.77,2.0,0.12,0.03,2.14,0.42
2023-01-14,0.0,0.0,18.62,3.0,18.62,3.0,16.79,2.74,16.79,2.74
2023-01-15,0.43,1.0,31.17,10.0,148.27,22.0,11.27,3.79,12.97,4.15
2023-01-16,0.96,2.0,53.2,18.0,98.32,35.0,13.42,6.64,25.26,11.06
2023-01-17,40.12,10.0,78.74,19.0,147.26,44.0,15.88,2.92,35.83,10.67
2023-01-18,5.58,2.0,74.19,22.0,128.18,37.0,20.74,5.18,29.15,7.05
2023-01-19,4.58,2.0,39.19,15.0,46.34,17.0,20.92,7.36,23.99,8.22
2023-01-20,8.51,4.0,20.76,8.0,34.97,14.0,3.11,2.45,4.97,3.07
2023-01-21,9.39,5.0,68.23,20.0,137.91,42.0,31.37,9.41,49.8,15.73
2023-01-22,9.12,6.0,82.4,36.0,251.78,89.0,53.1,21.37,164.43,55.88
2023-01-23,7.74,3.0,76.93,19.0,179.72,45.0,49.87,13.54,131.39,34.18
2023-01-24,0.0,0.0,6.78,1.0,8.97,3.0,0.0,0.0,0.0,0.0
2023-01-25,0.75,1.0,3.23,3.0,5.48,4.0,2.29,2.3,2.29,2.3
2023-01-26,28.0,4.0,28.0,4.0,30.7,6.0,0.0,0.0,0.62,0.97
2023-01-27,10.78,7.0,52.82,19.0,132.68,44.0,7.69,3.91,20.38,8.09
2023-01-28,0.0,0.0,33.96,12.0,110.19,37.0,0.63,0.35,9.89,2.54
2023-01-29,0.0,0.0,0.0,0.0,0.0,0.0,0.0,0.0,0.0,0.0
2023-01-30,0.0,0.0,0.0,0.0,0.0,0.0,0.0,0.0,0.0,0.0
2023-01-31,0.0,0.0,0.0,0.0,20.58,5.0,0.0,0.0,1.08,0.28
2023-02-01,1.04,2.0,13.2,6.0,69.23,21.0,5.0,1.85,6.43,2.16
2023-02-02,3.33,4.0,46.34,16.0,105.47,40.0,2.29,1.28,7.98,4.0
2023-02-03,10.14,5.0,61.01,15.0,104.4,27.0,3.3,2.18,8.94,3.37
2023-02-04,2.13,1.0,59.93,16.0,110.78,33.0,20.85,4.7,27.68,6.79
2023-02-05,0.39,1.0,67.91,19.0,130.49,45.0,4.64,0.93,4.64,0.93
2023-02-06,2.34,4.0,57.81,17.0,159.46,48.0,0.43,0.11,1.97,0.42
2023-02-07,8.29,5.0,72.64,27.0,201.99,66.0,19.74,5.34,50.34,13.06
2023-02-08,7.65,2.0,27.92,7.0,173.0,28.0,6.17,1.71,20.62,4.03
2023-02-09,5.05,3.0,47.54,16.0,82.67,29.0,1.68,0.58,1.68,0.58
2023-02-10,2.64,1.0,17.84,6.0,61.26,20.0,0.03,0.06,1.6,0.99
2023-02-11,8.63,5.0,62.44,18.0,125.13,35.0,13.55,4.91,38.21,10.86
2023-02-12,10.18,7.0,48.18,21.0,221.64,75.0,18.68,7.81,47.28,15.5
2023-02-13,28.79,9.0,77.05,19.0,465.09,80.0,43.94,10.32,88.33,14.51
2023-02-14,0.0,0.0,28.97,7.0,188.57,31.0,1.24,0.26,18.54,4.93
2023-02-15,3.44,2.0,20.71,7.0,44.03,13.0,7.05,1.86,8.81,2.67
2023-02-16,1.89,1.0,20.89,7.0,92.65,20.0,8.17,3.01,21.49,5.89
2023-02-17,0.5,1.0,19.38,6.0,44.13,13.0,9.53,2.88,28.0,7.7
2023-02-18,8.6,6.0,85.95,26.0,211.24,64.0,9.49,3.19,33.81,8.57
2023-02-19,7.15,4.0,46.18,14.0,94.27,30.0,4.05,0.91,6.43,1.64
2023-02-20,0.0,0.0,21.02,6.0,33.35,10.0,0.8,0.3,1.98,0.83
2023-02-21,0.26,1.0,22.74,7.0,38.11,14.0,7.27,1.31,7.31,1.34
2023-02-22,10.91,8.0,38.02,14.0,96.27,28.0,19.96,6.31,26.1,7.49
2023-02-23,7.7,6.0,58.66,19.0,210.25,59.0,18.05,4.19,105.54,24.64
2023-02-24,21.94,7.0,52.59,15.0,159.05,37.0,3.9,1.94,12.67,3.31
2023-02-25,5.12,4.0,20.7,11.0,77.11,26.0,11.25,5.18,23.3,10.2
2023-02-26,17.84,2.0,27.26,4.0,63.31,16.0,6.21,1.16,16.82,4.02
2023-02-27,1.01,2.0,20.46,9.0,75.87,23.0,2.81,1.53,19.23,6.32
2023-02-28,0.0,0.0,25.2,8.0,168.04,44.0,4.04,1.63,78.38,20.81
2023-03-01,0.57,1.0,16.2,3.0,119.04,29.0,9.11,0.87,69.59,13.82
2023-03-02,5.84,4.0,20.96,8.0,79.88,21.0,6.96,4.25,16.69,7.11
2023-03-03,0.51,1.0,16.49,5.0,100.28,21.0,3.88,1.2,4.5,1.41
2023-03-04,2.46,2.0,2.46,2.0,33.32,9.0,0.0,0.0,2.66,0.98
2023-03-05,2.14,5.0,15.04,9.0,82.67,25.0,3.53,1.34,13.31,5.18
2023-03-06,7.63,4.0,33.3,11.0,182.75,39.0,0.73,0.42,22.94,3.28
2023-03-07,27.69,12.0,30.23,14.0,110.76,40.0,1.6,0.72,5.0,2.14
2023-03-08,0.57,1.0,14.74,5.0,35.32,10.0,1.99,1.02,3.5,1.42
2023-03-09,0.48,1.0,17.0,4.0,32.29,11.0,4.85,0.78,4.85,0.78
2023-03-10,0.3,1.0,21.15,7.0,46.18,15.0,1.31,0.72,6.14,1.89
2023-03-11,9.02,7.0,34.85,13.0,159.02,49.0,12.35,4.06,39.43,10.88
2023-03-12,0.0,0.0,2.51,1.0,48.3,11.0,0.1,0.04,2.39,0.48
2023-03-13,0.36,1.0,0.36,1.0,44.13,9.0,0.3,0.83,28.97,3.1
2023-03-14,0.48,1.0,0.48,1.0,39.84,10.0,0.26,0.54,1.3,0.91
2023-03-15,0.0,0.0,10.24,2.0,88.3,17.0,9.27,1.82,67.52,13.2
2023-03-16,1.26,2.0,17.31,7.0,39.96,23.0,0.0,0.0,0.0,0.0
2023-03-17,0.0,0.0,10.09,2.0,149.83,24.0,0.0,0.0,20.73,2.62
2023-03-18,0.0,0.0,2.89,1.0,2.89,1.0,2.89,1.0,2.89,1.0
2023-03-19,0.0,0.0,0.0,0.0,11.82,2.0,0.0,0.0,0.0,0.0
2023-03-20,0.0,0.0,0.0,0.0,3.32,1.0,0.0,0.0,0.0,0.0
2023-03-21,2.29,6.0,2.98,7.0,2.98,7.0,0.83,2.55,0.83,2.55
2023-03-22,0.56,1.0,4.85,2.0,47.8,12.0,2.79,0.65,12.5,2.87
2023-03-23,0.55,1.0,23.83,5.0,38.94,11.0,0.03,0.05,4.65,1.87
2023-03-24,0.0,0.0,17.32,3.0,17.91,4.0,0.0,0.0,0.0,0.0
2023-03-25,1.27,2.0,5.01,3.0,9.04,5.0,1.14,0.93,2.86,1.55
2023-03-26,3.26,7.0,6.27,8.0,35.13,15.0,3.7,3.49,23.57,7.94
2023-03-27,2.88,2.0,29.95,9.0,92.76,27.0,11.44,3.03,24.38,6.29
2023-03-28,1.39,2.0,9.95,4.0,41.6,13.0,2.24,0.57,8.54,3.34
2023-03-29,0.0,0.0,8.37,3.0,14.61,6.0,0.0,0.0,0.0,0.0
2023-03-30,5.06,1.0,5.06,1.0,12.64,4.0,0.1,0.02,5.63,2.24
2023-03-31,4.01,6.0,4.01,6.0,4.65,7.0,1.88,1.95,2.52,2.95
2023-04-01,0.0,0.0,0.62,1.0,11.86,6.0,0.0,0.0,0.02,0.07
2023-04-02,1.11,2.0,6.73,4.0,25.17,9.0,5.74,2.47,11.2,3.9
2023-04-03,1.86,3.0,1.86,3.0,21.92,9.0,0.37,0.86,15.45,5.56
2023-04-04,0.39,1.0,0.39,1.0,10.92,4.0,0.35,0.9,2.8,1.68
2023-04-05,0.0,0.0,9.85,2.0,32.67,9.0,5.31,1.08,7.36,1.7
2023-04-06,0.41,1.0,8.33,3.0,76.3,17.0,5.22,1.32,30.72,5.65
2023-04-07,16.87,3.0,18.09,4.0,49.42,16.0,15.45,2.1,16.61,3.01
2023-04-08,12.64,4.0,37.97,11.0,75.08,19.0,6.03,2.07,14.69,4.06
2023-04-09,1.13,2.0,26.36,9.0,50.56,20.0,6.1,2.48,6.26,2.53
2023-04-10,0.0,0.0,4.66,1.0,124.48,13.0,0.0,0.0,8.51,1.94
2023-04-11,14.34,4.0,15.02,5.0,20.83,10.0,0.47,0.97,0.5,1.01
2023-04-12,46.49,1.0,49.77,2.0,63.41,9.0,0.0,0.0,0.21,0.34
2023-04-13,4.39,1.0,81.9,6.0,125.52,13.0,0.0,0.0,26.11,2.0
2023-04-14,1.43,2.0,25.57,12.0,147.16,28.0,0.45,0.92,33.89,4.23
2023-04-15,18.95,5.0,78.65,19.0,152.48,39.0,4.6,0.58,6.04,0.98
2023-04-16,19.55,3.0,56.3,12.0,83.54,21.0,17.13,2.52,17.13,2.52
2023-04-17,11.71,3.0,60.43,11.0,137.91,33.0,7.85,0.96,14.36,2.04
2023-04-18,11.25,3.0,28.43,8.0,173.61,34.0,2.17,0.57,4.46,1.84
2023-04-19,34.03,5.0,121.28,22.0,130.53,25.0,3.9,1.48,4.09,1.54
2023-04-20,25.18,6.0,65.34,14.0,79.28,18.0,13.96,3.94,22.04,5.57
2023-04-21,20.47,5.0,91.65,19.0,148.82,34.0,0.79,0.14,25.35,9.18
2023-04-22,22.79,7.0,112.98,24.0,326.04,73.0,27.52,7.32,82.3,25.64
2023-04-23,3.98,2.0,15.5,8.0,47.05,23.0,1.2,0.76,13.86,7.03
2023-04-24,67.49,18.0,180.28,48.0,343.55,84.0,64.56,16.09,73.16,20.0
2023-04-25,22.64,11.0,136.37,43.0,298.77,87.0,48.55,18.69,92.55,30.38
2023-04-26,8.79,2.0,66.54,14.0,84.21,23.0,25.92,4.83,28.03,6.08
2023-04-27,113.78,22.0,500.28,93.0,958.45,181.0,145.69,28.57,166.81,34.32
2023-04-28,2.02,2.0,5.98,5.0,61.21,23.0,0.07,0.12,0.1,0.15
2023-04-29,0.0,0.0,0.0,0.0,2.95,1.0,0.0,0.0,0.0,0.0
2023-04-30,5.7,2.0,10.65,4.0,57.65,13.0,0.0,0.0,7.22,1.28
2023-05-01,0.0,0.0,0.0,0.0,0.0,0.0,0.0,0.0,0.0,0.0
2023-05-02,0.71,1.0,0.71,1.0,49.6,8.0,0.0,0.0,0.0,0.0
2023-05-03,5.57,4.0,74.15,20.0,102.24,28.0,3.32,1.63,3.48,1.68
2023-05-04,5.12,3.0,44.63,13.0,917.52,204.0,4.08,1.66,6.39,2.98
2023-05-05,0.0,0.0,163.98,27.0,2651.8,426.0,59.51,8.43,1122.49,188.52
2023-05-06,19.26,6.0,175.72,40.0,1252.07,251.0,58.44,13.11,633.8,127.11
2023-05-07,80.72,22.0,616.68,131.0,2702.82,446.0,29.23,7.23,29.23,7.23
2023-05-08,31.81,8.0,725.98,132.0,2490.39,388.0,35.19,5.69,37.06,6.39
2023-05-09,9.85,1.0,440.74,52.0,950.16,128.0,401.32,46.83,859.08,111.75
2023-05-10,55.47,14.0,602.39,90.0,1897.14,287.0,424.87,61.12,1250.25,175.54
2023-05-11,46.7,13.0,622.83,121.0,1667.13,337.0,161.79,28.31,323.0,55.97
2023-05-12,55.01,7.0,597.75,71.0,1379.82,189.0,19.33,3.27,19.33,3.27
2023-05-13,16.64,7.0,428.11,59.0,1246.29,236.0,12.22,2.06,19.14,4.78
2023-05-14,40.79,7.0,105.5,23.0,539.5,130.0,57.61,9.31,200.66,38.91
2023-05-15,53.19,4.0,159.96,23.0,590.95,99.0,118.04,17.68,311.0,50.02
2023-05-16,6.42,2.0,21.94,7.0,84.56,37.0,9.82,2.67,23.13,8.69
2023-05-17,8.14,2.0,20.38,6.0,140.15,34.0,0.53,0.17,4.0,0.86
2023-05-18,15.63,3.0,24.28,6.0,39.25,12.0,6.56,1.96,17.82,6.37
2023-05-19,12.95,4.0,29.71,10.0,185.2,52.0,7.78,2.71,45.11,13.47
2023-05-20,0.0,0.0,9.07,2.0,94.28,15.0,7.07,1.27,28.81,5.26
2023-05-21,0.0,0.0,4.73,1.0,119.95,20.0,2.58,0.55,33.36,4.69
2023-05-22,0.0,0.0,24.07,4.0,47.11,10.0,0.0,0.0,8.6,2.18
2023-05-23,2.42,1.0,50.51,7.0,75.42,11.0,32.6,3.8,38.75,4.23
2023-05-24,0.0,0.0,0.0,0.0,7.48,1.0,0.0,0.0,0.0,0.0
2023-05-25,0.0,0.0,3.55,1.0,3.55,1.0,0.22,0.06,0.22,0.06
2023-05-26,1.85,3.0,3.46,4.0,4.89,5.0,0.95,1.5,0.95,1.5
2023-05-27,0.0,0.0,0.0,0.0,0.0,0.0,0.0,0.0,0.0,0.0
2023-05-28,11.79,2.0,11.79,2.0,41.15,6.0,0.0,0.0,0.0,0.0
2023-05-29,2.49,4.0,2.49,4.0,25.62,8.0,0.46,1.1,11.79,3.09
2023-05-30,0.0,0.0,0.41,1.0,47.97,5.0,0.07,0.16,0.07,0.16
2023-05-31,0.0,0.0,5.08,1.0,8.63,2.0,2.45,0.48,2.45,0.48
2023-06-01,2.01,1.0,2.01,1.0,2.01,1.0,1.86,0.92,1.86,0.92
2023-06-02,0.0,0.0,0.0,0.0,55.16,5.0,0.0,0.0,42.69,2.97
2023-06-03,1.43,1.0,1.43,1.0,52.17,14.0,1.4,0.98,35.65,8.74
2023-06-04,1.39,3.0,1.39,3.0,5.48,6.0,0.08,0.23,1.72,1.42
2023-06-05,0.0,0.0,0.0,0.0,5.74,1.0,0.0,0.0,1.52,0.26
2023-06-06,0.0,0.0,1.95,1.0,56.77,16.0,0.51,0.26,8.23,3.07
2023-06-07,0.0,0.0,2.96,2.0,19.44,8.0,0.0,0.0,2.97,1.02
2023-06-08,11.52,4.0,13.82,5.0,73.57,20.0,6.03,1.7,12.54,3.66
2023-06-09,0.0,0.0,18.73,3.0,85.32,19.0,0.0,0.0,2.59,1.09
2023-06-10,10.42,1.0,10.42,1.0,30.04,6.0,6.31,0.61,7.0,0.7
2023-06-11,2.04,1.0,2.04,1.0,72.57,17.0,0.0,0.0,9.99,2.62
2023-06-12,1.24,1.0,13.78,4.0,54.44,16.0,1.72,0.92,7.25,3.1
2023-06-13,38.62,2.0,38.62,2.0,117.91,14.0,7.26,0.38,11.28,1.1
2023-06-14,6.46,6.0,6.46,6.0,83.95,31.0,3.34,3.86,12.39,5.49
2023-06-15,0.95,1.0,0.95,1.0,33.39,10.0,0.16,0.17,2.1,0.5
2023-06-16,0.0,0.0,0.0,0.0,21.45,5.0,0.0,0.0,0.15,0.08
2023-06-17,0.0,0.0,0.0,0.0,8.02,2.0,0.0,0.0,0.0,0.0
2023-06-18,0.0,0.0,0.0,0.0,7.88,2.0,0.0,0.0,1.45,0.37
2023-06-19,0.0,0.0,0.0,0.0,19.41,5.0,0.0,0.0,6.54,1.95
2023-06-20,2.96,1.0,2.96,1.0,39.92,14.0,2.96,1.0,4.29,1.5
2023-06-21,0.0,0.0,0.0,0.0,6.3,2.0,0.0,0.0,0.01,0.0
2023-06-22,0.0,0.0,0.0,0.0,22.05,4.0,0.0,0.0,0.0,0.0
2023-06-23,0.0,0.0,0.0,0.0,0.0,0.0,0.0,0.0,0.0,0.0
2023-06-24,0.0,0.0,0.0,0.0,0.0,0.0,0.0,0.0,0.0,0.0
2023-06-25,0.0,0.0,0.0,0.0,0.0,0.0,0.0,0.0,0.0,0.0
2023-06-26,0.0,0.0,0.0,0.0,1.17,1.0,0.0,0.0,0.0,0.0
2023-06-27,0.0,0.0,4.06,1.0,4.06,1.0,0.0,0.0,0.0,0.0
2023-06-28,0.0,0.0,0.0,0.0,5.06,1.0,0.0,0.0,4.61,0.91
2023-06-29,0.0,0.0,0.0,0.0,1.76,1.0,0.0,0.0,0.0,0.0
2023-06-30,0.0,0.0,0.0,0.0,4.7,1.0,0.0,0.0,0.0,0.0
2023-07-01,0.0,0.0,0.0,0.0,0.0,0.0,0.0,0.0,0.0,0.0
2023-07-02,0.0,0.0,0.0,0.0,13.79,3.0,0.0,0.0,4.08,0.97
2023-07-03,0.0,0.0,0.0,0.0,0.0,0.0,0.0,0.0,0.0,0.0
2023-07-04,0.0,0.0,0.0,0.0,10.43,1.0,0.0,0.0,0.0,0.0
2023-07-05,1.4,1.0,1.4,1.0,1.4,1.0,0.0,0.0,0.0,0.0
2023-07-06,0.0,0.0,0.0,0.0,7.06,2.0,0.0,0.0,0.0,0.0
2023-07-07,0.0,0.0,0.0,0.0,0.0,0.0,0.0,0.0,0.0,0.0
2023-07-08,0.0,0.0,0.0,0.0,0.0,0.0,0.0,0.0,0.0,0.0
2023-07-09,0.0,0.0,0.0,0.0,0.0,0.0,0.0,0.0,0.0,0.0
2023-07-10,0.0,0.0,0.0,0.0,0.0,0.0,0.0,0.0,0.0,0.0
2023-07-11,0.0,0.0,0.0,0.0,0.0,0.0,0.0,0.0,0.0,0.0
2023-07-12,0.0,0.0,0.0,0.0,0.0,0.0,0.0,0.0,0.0,0.0
2023-07-13,0.84,1.0,0.84,1.0,4.77,2.0,0.03,0.04,0.03,0.04
2023-07-14,0.0,0.0,0.0,0.0,0.0,0.0,0.0,0.0,0.0,0.0
2023-07-15,0.0,0.0,0.0,0.0,0.0,0.0,0.0,0.0,0.0,0.0
2023-07-16,0.0,0.0,0.0,0.0,3.51,1.0,0.0,0.0,0.0,0.0
2023-07-17,6.55,3.0,6.55,3.0,6.55,3.0,0.22,0.12,0.22,0.12
2023-07-18,0.0,0.0,0.0,0.0,0.0,0.0,0.0,0.0,0.0,0.0
2023-07-19,0.0,0.0,0.0,0.0,0.0,0.0,0.0,0.0,0.0,0.0
2023-07-20,1.07,1.0,1.07,1.0,1.07,1.0,0.0,0.0,0.0,0.0
2023-07-21,5.46,2.0,5.46,2.0,5.46,2.0,2.37,0.88,2.37,0.88
2023-07-22,3.64,2.0,3.64,2.0,3.64,2.0,0.0,0.0,0.0,0.0
2023-07-23,3.45,1.0,3.45,1.0,3.45,1.0,0.27,0.08,0.27,0.08
2023-07-24,0.0,0.0,0.0,0.0,0.0,0.0,0.0,0.0,0.0,0.0
2023-07-25,0.0,0.0,0.0,0.0,0.0,0.0,0.0,0.0,0.0,0.0
2023-07-26,0.0,0.0,0.0,0.0,0.0,0.0,0.0,0.0,0.0,0.0
2023-07-27,0.0,0.0,0.0,0.0,0.0,0.0,0.0,0.0,0.0,0.0
2023-07-28,0.0,0.0,0.0,0.0,0.0,0.0,0.0,0.0,0.0,0.0
2023-07-29,0.49,1.0,0.49,1.0,1.43,3.0,0.0,0.0,0.0,0.0
2023-07-30,0.0,0.0,0.0,0.0,0.0,0.0,0.0,0.0,0.0,0.0
2023-07-31,0.0,0.0,0.0,0.0,0.0,0.0,0.0,0.0,0.0,0.0
2023-08-01,0.79,1.0,0.79,1.0,4.51,3.0,0.51,0.64,1.72,1.25
2023-08-02,0.0,0.0,0.0,0.0,0.0,0.0,0.0,0.0,0.0,0.0
2023-08-03,0.0,0.0,0.0,0.0,0.0,0.0,0.0,0.0,0.0,0.0
2023-08-04,0.0,0.0,0.0,0.0,0.59,1.0,0.0,0.0,0.54,0.92
2023-08-05,0.0,0.0,0.0,0.0,0.0,0.0,0.0,0.0,0.0,0.0
2023-08-06,0.0,0.0,0.0,0.0,0.0,0.0,0.0,0.0,0.0,0.0
2023-08-07,0.0,0.0,0.0,0.0,0.0,0.0,0.0,0.0,0.0,0.0
2023-08-08,0.0,0.0,0.0,0.0,0.0,0.0,0.0,0.0,0.0,0.0
2023-08-09,0.0,0.0,0.0,0.0,11.92,3.0,0.0,0.0,1.1,0.2
2023-08-10,0.0,0.0,0.0,0.0,5.62,1.0,0.0,0.0,1.41,0.25
2023-08-11,0.0,0.0,1.95,1.0,1.95,1.0,1.79,0.92,1.79,0.92
2023-08-12,3.14,3.0,6.13,4.0,6.13,4.0,0.85,0.66,0.85,0.66
2023-08-13,0.0,0.0,0.0,0.0,0.0,0.0,0.0,0.0,0.0,0.0
2023-08-14,0.0,0.0,0.0,0.0,0.0,0.0,0.0,0.0,0.0,0.0
2023-08-15,0.0,0.0,0.0,0.0,0.0,0.0,0.0,0.0,0.0,0.0
2023-08-16,5.34,2.0,5.34,2.0,9.68,3.0,0.0,0.0,0.84,0.19
2023-08-17,3.8,1.0,3.8,1.0,3.8,1.0,0.0,0.0,0.0,0.0
2023-08-18,9.32,4.0,15.63,6.0,15.63,6.0,2.44,1.32,2.44,1.32
2023-08-19,0.0,0.0,0.0,0.0,0.0,0.0,0.0,0.0,0.0,0.0
2023-08-20,10.87,3.0,10.87,3.0,10.87,3.0,0.0,0.0,0.0,0.0
2023-08-21,0.0,0.0,0.0,0.0,0.0,0.0,0.0,0.0,0.0,0.0
2023-08-22,0.0,0.0,0.0,0.0,0.0,0.0,0.0,0.0,0.0,0.0
2023-08-23,0.0,0.0,0.0,0.0,0.0,0.0,0.0,0.0,0.0,0.0
2023-08-24,0.0,0.0,0.0,0.0,0.0,0.0,0.0,0.0,0.0,0.0
2023-08-25,0.0,0.0,0.0,0.0,0.0,0.0,0.0,0.0,0.0,0.0
2023-08-26,0.0,0.0,0.0,0.0,0.0,0.0,0.0,0.0,0.0,0.0
2023-08-27,0.0,0.0,0.0,0.0,0.0,0.0,0.0,0.0,0.0,0.0
2023-08-28,0.0,0.0,0.0,0.0,0.0,0.0,0.0,0.0,0.0,0.0
2023-08-29,3.95,2.0,3.95,2.0,6.15,4.0,1.5,0.7,1.51,0.71
2023-08-30,6.92,2.0,13.65,4.0,28.92,6.0,5.02,1.14,6.66,1.48
2023-08-31,0.0,0.0,0.0,0.0,0.0,0.0,0.0,0.0,0.0,0.0
2023-09-01,1.19,1.0,1.19,1.0,1.19,1.0,0.25,0.21,0.25,0.21
2023-09-02,3.37,3.0,3.63,4.0,10.27,7.0,1.88,1.4,5.95,2.77
2023-09-03,4.02,2.0,4.02,2.0,12.22,5.0,0.12,0.16,1.27,0.59
2023-09-04,0.0,0.0,0.0,0.0,0.0,0.0,0.0,0.0,0.0,0.0
2023-09-05,0.0,0.0,0.0,0.0,14.8,4.0,0.0,0.0,0.6,0.18
2023-09-06,0.0,0.0,0.0,0.0,2.51,1.0,0.0,0.0,0.0,0.0
2023-09-07,0.0,0.0,11.26,2.0,17.67,4.0,0.0,0.0,0.0,0.0
2023-09-08,0.0,0.0,4.2,1.0,70.22,19.0,0.0,0.0,0.0,0.0
2023-09-09,0.0,0.0,0.0,0.0,12.78,2.0,0.0,0.0,0.0,0.0
2023-09-10,0.0,0.0,0.0,0.0,2.54,1.0,0.0,0.0,0.31,0.12
2023-09-11,0.0,0.0,0.0,0.0,0.0,0.0,0.0,0.0,0.0,0.0
2023-09-12,0.0,0.0,0.0,0.0,4.23,1.0,0.0,0.0,0.0,0.0
2023-09-13,2.87,1.0,2.87,1.0,17.31,5.0,0.0,0.0,0.0,0.0
2023-09-14,0.61,1.0,0.61,1.0,2.83,2.0,0.0,0.0,0.0,0.0
2023-09-15,0.55,1.0,1.92,2.0,12.17,3.0,0.1,0.18,0.1,0.18
2023-09-16,0.0,0.0,0.0,0.0,0.0,0.0,0.0,0.0,0.0,0.0
2023-09-17,0.0,0.0,0.0,0.0,4.01,1.0,0.0,0.0,0.0,0.0
2023-09-18,0.0,0.0,0.0,0.0,0.0,0.0,0.0,0.0,0.0,0.0
2023-09-19,4.71,2.0,11.88,4.0,16.28,5.0,3.08,1.39,3.08,1.39
2023-09-20,0.0,0.0,0.0,0.0,9.29,2.0,0.0,0.0,6.89,1.49
2023-09-21,0.0,0.0,2.18,1.0,4.74,2.0,0.41,0.19,1.95,0.79
2023-09-22,0.0,0.0,0.0,0.0,9.89,3.0,0.0,0.0,1.98,0.57
2023-09-23,0.0,0.0,0.0,0.0,19.15,4.0,0.0,0.0,0.0,0.0
2023-09-24,1.01,2.0,1.01,2.0,1.01,2.0,0.0,0.0,0.0,0.0
2023-09-25,2.94,3.0,2.94,3.0,5.56,4.0,1.3,1.35,3.74,2.28
2023-09-26,0.0,0.0,0.0,0.0,5.9,2.0,0.0,0.0,1.63,0.46
2023-09-27,6.04,4.0,12.93,7.0,40.4,15.0,8.05,4.64,28.2,10.48
2023-09-28,1.83,2.0,9.22,4.0,61.81,15.0,1.77,1.94,42.44,10.25
2023-09-29,11.39,6.0,47.0,17.0,100.47,35.0,18.55,7.27,54.69,18.93
2023-09-30,11.96,6.0,89.13,27.0,191.33,60.0,22.01,7.7,87.8,28.59
2023-10-01,25.04,5.0,63.87,13.0,126.82,27.0,22.24,4.92,80.01,17.81
2023-10-02,1.81,1.0,39.74,7.0,146.82,37.0,7.08,1.83,92.99,24.69
2023-10-03,2.11,1.0,61.13,12.0,163.49,28.0,5.74,1.6,62.9,9.97
2023-10-04,8.35,2.0,97.53,15.0,272.06,59.0,18.85,4.68,120.34,31.17
2023-10-05,9.43,5.0,31.17,13.0,167.59,60.0,10.12,5.69,94.37,31.81
2023-10-06,5.67,1.0,53.44,11.0,131.41,33.0,6.91,1.73,55.04,14.63
2023-10-07,2.52,2.0,20.84,11.0,61.02,23.0,3.48,1.79,32.22,9.55
2023-10-08,5.33,3.0,38.08,14.0,177.57,58.0,2.91,1.36,71.09,21.23
2023-10-09,4.27,3.0,36.03,15.0,184.55,46.0,1.43,0.84,22.53,5.71
2023-10-10,8.04,5.0,48.93,17.0,278.2,77.0,4.78,3.34,164.1,44.88
2023-10-11,31.39,10.0,85.93,28.0,375.39,94.0,26.26,9.09,189.0,42.0
2023-10-12,9.83,3.0,43.97,12.0,215.09,50.0,5.54,1.21,115.61,25.01
2023-10-13,2.49,2.0,42.34,10.0,137.58,33.0,9.3,2.07,85.97,21.13
2023-10-14,12.44,6.0,96.5,19.0,414.38,90.0,5.2,3.53,287.03,65.1
2023-10-15,43.17,8.0,146.03,36.0,721.15,174.0,42.29,12.23,425.43,101.94
2023-10-16,2.35,2.0,53.43,17.0,66.39,21.0,19.43,5.69,24.02,7.12
2023-10-17,0.79,1.0,1.17,2.0,1.17,2.0,0.69,1.35,0.69,1.35
2023-10-18,0.68,1.0,5.08,3.0,25.58,13.0,0.0,0.0,17.31,7.0
2023-10-19,0.0,0.0,3.29,1.0,145.78,30.0,0.0,0.0,125.76,24.5
2023-10-20,13.93,5.0,56.5,18.0,447.74,94.0,11.45,5.14,339.18,64.95
2023-10-21,12.66,6.0,55.0,21.0,442.1,131.0,10.41,3.9,329.33,91.37
2023-10-22,0.0,0.0,40.74,6.0,192.71,41.0,0.66,0.16,118.08,25.44
2023-10-23,0.34,1.0,0.34,1.0,117.3,38.0,0.32,0.95,94.64,29.99
2023-10-24,2.57,2.0,71.98,16.0,483.51,115.0,22.45,5.14,341.9,78.84
2023-10-25,39.65,11.0,81.27,23.0,472.34,106.0,18.19,5.18,325.33,68.04
2023-10-26,102.68,6.0,179.05,31.0,889.32,181.0,70.78,13.2,506.73,96.49
2023-10-27,11.86,5.0,46.8,14.0,621.02,122.0,7.27,1.95,415.34,74.77
2023-10-28,0.44,1.0,4.38,2.0,108.19,20.0,0.2,0.46,42.3,6.99
2023-10-29,9.3,3.0,9.3,3.0,578.51,99.0,0.01,0.01,1.89,0.66
2023-10-30,0.48,1.0,8.81,4.0,542.84,97.0,0.01,0.01,5.91,1.9
2023-10-31,20.26,4.0,52.79,12.0,943.79,159.0,15.99,4.42,19.83,6.19
2023-11-01,6.41,3.0,29.58,11.0,876.14,170.0,3.96,1.27,124.42,30.14
2023-11-02,0.71,1.0,1.18,2.0,2.93,4.0,0.68,0.96,2.07,2.6
2023-11-03,0.0,0.0,0.0,0.0,131.97,27.0,0.0,0.0,101.72,18.37
2023-11-04,3.93,3.0,3.93,3.0,757.28,92.0,3.73,2.85,671.89,76.57
2023-11-05,0.79,2.0,50.3,16.0,1672.31,268.0,36.66,12.1,1618.36,255.2
2023-11-06,4.33,6.0,60.69,20.0,745.49,165.0,12.51,6.63,79.11,22.54
2023-11-07,11.39,5.0,38.98,14.0,652.11,117.0,8.6,3.28,598.02,97.95
2023-11-08,13.15,6.0,23.82,9.0,539.03,89.0,10.78,3.27,504.1,78.08
2023-11-09,0.0,0.0,18.49,3.0,356.37,73.0,0.0,0.0,252.82,51.61
2023-11-10,0.51,1.0,3.57,2.0,5.33,4.0,0.59,0.19,0.75,0.31
2023-11-11,0.0,0.0,12.46,5.0,82.46,30.0,0.06,0.02,40.93,13.13
2023-11-12,10.43,3.0,39.48,14.0,969.99,157.0,16.69,5.89,692.3,99.61
2023-11-13,0.0,0.0,38.11,5.0,385.4,57.0,8.5,1.92,319.29,46.92
2023-11-14,1.44,2.0,15.97,6.0,278.48,45.0,9.59,2.23,235.63,35.66
2023-11-15,18.46,4.0,30.85,8.0,600.62,104.0,10.13,4.22,487.23,83.62
2023-11-16,14.12,5.0,55.9,16.0,530.57,99.0,26.22,6.26,141.38,27.01
2023-11-17,11.96,6.0,42.17,14.0,315.64,78.0,14.24,5.7,46.84,16.02
2023-11-18,4.37,5.0,49.0,18.0,125.91,42.0,0.54,0.26,0.88,0.39
2023-11-19,5.58,2.0,54.95,17.0,241.55,56.0,1.11,0.35,4.62,1.49
2023-11-20,8.18,4.0,53.55,20.0,208.09,54.0,8.5,2.87,115.02,24.03
2023-11-21,7.81,7.0,57.57,20.0,380.21,85.0,36.78,10.28,254.09,52.64
2023-11-22,8.53,5.0,76.52,28.0,337.42,96.0,35.9,11.36,207.11,48.5
2023-11-23,9.66,3.0,61.76,16.0,272.34,66.0,1.98,0.97,10.18,3.31
2023-11-24,8.96,6.0,47.51,21.0,128.89,45.0,17.53,9.79,72.75,23.14
2023-11-25,0.0,0.0,13.08,5.0,41.13,14.0,0.0,0.0,7.16,2.39
2023-11-26,0.0,0.0,0.0,0.0,27.84,8.0,0.0,0.0,0.4,0.12
2023-11-27,5.71,3.0,34.74,9.0,40.22,12.0,17.11,3.31,19.34,4.31
2023-11-28,1.06,2.0,1.06,2.0,1.06,2.0,0.5,0.96,0.5,0.96
2023-11-29,7.77,3.0,12.43,4.0,88.89,24.0,1.66,0.61,20.37,6.19
2023-11-30,0.0,0.0,5.57,2.0,23.68,5.0,4.07,1.53,9.57,2.79
2023-12-01,2.98,2.0,18.52,5.0,93.15,20.0,5.27,2.17,55.49,12.37
2023-12-02,12.92,7.0,130.25,41.0,261.35,77.0,67.89,21.4,155.05,42.18
2023-12-03,9.85,2.0,89.52,29.0,219.17,84.0,30.97,10.1,83.01,33.46
2023-12-04,5.75,6.0,52.76,20.0,83.15,28.0,22.32,6.89,42.98,11.76
2023-12-05,13.44,6.0,29.58,11.0,101.97,35.0,10.15,2.95,35.0,8.64
2023-12-06,0.39,1.0,82.81,27.0,200.01,64.0,12.09,3.0,39.96,9.11
2023-12-07,14.76,8.0,98.19,28.0,205.49,59.0,8.14,3.16,26.16,7.13
2023-12-08,9.95,4.0,114.68,38.0,212.3,80.0,28.06,9.9,45.24,15.98
2023-12-09,7.3,3.0,83.21,26.0,152.92,46.0,20.23,6.23,27.1,8.12
2023-12-10,10.43,9.0,60.44,25.0,86.73,36.0,12.22,4.95,15.99,6.41
2023-12-11,2.8,1.0,52.69,19.0,117.77,33.0,11.11,4.21,64.02,13.04
2023-12-12,36.87,12.0,127.58,40.0,185.69,59.0,36.47,11.06,45.77,13.58
2023-12-13,28.29,13.0,193.9,69.0,335.82,112.0,69.97,23.19,114.22,37.26
2023-12-14,9.51,8.0,42.97,18.0,97.28,35.0,12.49,3.43,15.76,4.2
2023-12-15,0.5,1.0,47.08,13.0,134.53,32.0,8.99,2.19,19.7,4.82
2023-12-16,17.12,5.0,109.73,33.0,124.79,40.0,18.18,5.39,22.15,7.18
2023-12-17,9.88,5.0,48.54,15.0,84.87,27.0,11.61,3.96,19.05,6.7
2023-12-18,28.2,13.0,105.85,36.0,253.39,63.0,36.43,10.63,49.76,14.26
2023-12-19,16.0,4.0,147.7,40.0,275.26,86.0,31.62,7.9,47.79,13.0
2023-12-20,0.0,0.0,67.44,20.0,136.71,42.0,17.7,4.75,24.93,7.18
2023-12-21,5.66,2.0,59.02,19.0,88.51,32.0,16.18,4.84,25.89,8.43
2023-12-22,5.68,3.0,64.47,26.0,98.45,39.0,17.15,7.21,33.9,13.71
2023-12-23,4.91,3.0,98.29,30.0,183.12,55.0,12.93,5.12,25.48,11.06
2023-12-24,32.36,12.0,154.87,56.0,267.98,101.0,31.13,11.01,62.14,23.11
2023-12-25,10.39,8.0,66.31,27.0,85.16,33.0,10.13,4.58,10.48,4.64
2023-12-26,0.0,0.0,3.69,1.0,5.62,2.0,0.0,0.0,1.83,0.95
2023-12-27,0.0,0.0,5.2,2.0,59.2,19.0,0.5,0.26,6.24,1.87
2023-12-28,0.0,0.0,6.9,3.0,16.45,5.0,0.78,0.33,4.5,0.92
2023-12-29,0.0,0.0,0.0,0.0,12.48,5.0,0.0,0.0,2.67,1.37
2023-12-30,0.0,0.0,0.0,0.0,0.0,0.0,0.0,0.0,0.0,0.0
2023-12-31,0.0,0.0,0.0,0.0,0.0,0.0,0.0,0.0,0.0,0.0
2024-01-01,0.0,0.0,7.86,3.0,7.86,3.0,0.6,0.22,0.6,0.22
2024-01-02,0.0,0.0,43.02,10.0,50.51,12.0,17.85,4.06,20.88,4.72
2024-01-03,1.54,2.0,1.54,2.0,6.68,4.0,0.96,1.33,3.82,2.34
2024-01-04,0.0,0.0,0.0,0.0,12.02,4.0,0.0,0.0,0.25,0.09
2024-01-05,0.0,0.0,0.0,0.0,1.9,2.0,0.0,0.0,0.0,0.0
2024-01-06,0.0,0.0,0.0,0.0,2.0,1.0,0.0,0.0,0.08,0.04
2024-01-07,19.37,4.0,19.37,4.0,22.22,5.0,0.0,0.0,0.08,0.03
2024-01-08,3.73,2.0,26.84,7.0,26.84,7.0,25.08,6.24,25.08,6.24
2024-01-09,0.45,1.0,2.41,2.0,17.14,5.0,0.0,0.0,0.15,0.04
2024-01-10,0.0,0.0,3.48,1.0,21.23,5.0,0.0,0.0,4.8,1.3
2024-01-11,3.64,3.0,22.77,8.0,25.91,10.0,3.55,1.11,4.6,1.92
2024-01-12,6.15,2.0,12.97,4.0,17.69,6.0,6.36,2.03,7.25,2.41
2024-01-13,0.0,0.0,7.64,3.0,7.64,3.0,0.74,0.19,0.74,0.19
2024-01-14,1.02,1.0,11.44,7.0,28.25,14.0,6.15,3.73,10.89,5.74
2024-01-15,9.63,3.0,35.22,14.0,39.73,15.0,5.66,2.69,8.1,3.23
2024-01-16,0.0,0.0,0.0,0.0,0.0,0.0,0.0,0.0,0.0,0.0
2024-01-17,0.0,0.0,13.57,4.0,30.95,7.0,2.45,0.82,2.45,0.82
2024-01-18,3.68,1.0,3.68,1.0,3.68,1.0,0.0,0.0,0.0,0.0
2024-01-19,0.0,0.0,0.0,0.0,0.0,0.0,0.0,0.0,0.0,0.0
2024-01-20,13.18,5.0,84.77,28.0,121.13,40.0,16.63,6.14,20.76,7.38
2024-01-21,0.0,0.0,0.0,0.0,0.0,0.0,0.0,0.0,0.0,0.0
2024-01-22,0.0,0.0,10.2,5.0,29.21,11.0,0.0,0.0,0.0,0.0
2024-01-23,0.0,0.0,0.0,0.0,5.97,1.0,0.0,0.0,0.0,0.0
2024-01-24,0.0,0.0,50.13,15.0,70.47,22.0,17.24,5.41,20.65,6.55
2024-01-25,0.0,0.0,46.94,17.0,65.96,24.0,6.09,1.63,10.63,3.6
2024-01-26,0.0,0.0,48.1,13.0,77.03,20.0,17.06,5.04,24.11,6.42
2024-01-27,7.27,3.0,25.22,11.0,59.01,19.0,0.51,0.28,2.82,1.27
2024-01-28,0.0,0.0,0.0,0.0,0.0,0.0,0.0,0.0,0.0,0.0
2024-01-29,1.91,1.0,84.96,21.0,161.65,38.0,1.62,0.91,20.73,5.75
2024-01-30,0.0,0.0,17.56,4.0,78.28,24.0,8.61,2.24,46.66,13.43
2024-01-31,0.0,0.0,0.0,0.0,0.0,0.0,0.0,0.0,0.0,0.0
2024-02-01,1.35,2.0,1.35,2.0,1.35,2.0,0.1,0.14,0.1,0.14
2024-02-02,0.0,0.0,0.0,0.0,0.0,0.0,0.0,0.0,0.0,0.0
2024-02-03,0.0,0.0,1.95,1.0,12.8,3.0,1.53,0.78,8.44,2.06
2024-02-04,0.0,0.0,0.0,0.0,0.0,0.0,0.0,0.0,0.0,0.0
2024-02-05,0.0,0.0,2.84,1.0,2.84,1.0,0.78,0.27,0.78,0.27
2024-02-06,0.0,0.0,21.33,6.0,28.65,10.0,1.69,0.95,4.19,2.17
2024-02-07,0.0,0.0,35.12,14.0,64.54,25.0,2.54,1.92,5.92,4.0
2024-02-08,2.41,3.0,40.31,10.0,114.88,27.0,0.8,0.98,15.93,3.36
2024-02-09,7.71,4.0,68.79,21.0,191.27,58.0,31.29,6.65,77.18,18.86
2024-02-10,8.16,5.0,124.71,34.0,286.3,84.0,29.0,11.51,82.05,29.26
2024-02-11,5.96,3.0,52.9,19.0,248.71,49.0,22.65,6.8,107.19,19.25
2024-02-12,2.35,3.0,2.35,3.0,8.85,5.0,0.03,0.04,0.03,0.04
2024-02-13,0.81,1.0,29.79,6.0,31.62,8.0,19.91,4.2,20.98,5.3
2024-02-14,2.73,4.0,8.55,7.0,95.3,29.0,3.16,2.12,30.32,7.41
2024-02-15,10.56,9.0,52.93,28.0,183.73,63.0,18.59,10.83,40.05,17.62
2024-02-16,2.91,3.0,36.23,16.0,166.21,51.0,15.4,6.3,26.86,10.53
2024-02-17,0.38,1.0,38.42,10.0,126.21,31.0,16.08,4.01,27.49,7.75
2024-02-18,0.0,0.0,0.0,0.0,30.23,8.0,0.0,0.0,0.09,0.03
2024-02-19,0.0,0.0,0.0,0.0,3.5,2.0,0.0,0.0,0.56,0.29
2024-02-20,0.71,2.0,12.93,5.0,50.16,13.0,0.3,0.38,7.66,2.67
2024-02-21,1.74,1.0,40.07,13.0,131.32,39.0,9.44,4.36,34.78,10.52
2024-02-22,6.12,4.0,45.13,15.0,220.67,63.0,22.8,6.65,72.77,20.98
2024-02-23,2.03,1.0,50.52,12.0,120.45,33.0,22.72,5.95,33.78,10.8
2024-02-24,1.29,2.0,58.83,12.0,116.61,33.0,28.35,6.68,53.87,16.64
2024-02-25,0.0,0.0,5.52,2.0,71.69,18.0,0.0,0.0,48.94,12.14
2024-02-26,0.0,0.0,7.66,1.0,17.15,3.0,7.64,1.0,10.24,1.55
2024-02-27,10.83,4.0,10.83,4.0,36.41,10.0,0.05,0.01,8.89,1.74
2024-02-28,0.87,1.0,17.25,7.0,171.97,34.0,4.61,1.48,53.81,12.18
2024-02-29,6.21,2.0,30.56,7.0,117.82,21.0,8.86,2.02,20.0,4.33
2024-03-01,0.0,0.0,2.31,1.0,2.31,1.0,0.0,0.0,0.0,0.0
2024-03-02,0.0,0.0,0.0,0.0,3.47,1.0,0.0,0.0,0.0,0.0
2024-03-03,1.72,1.0,12.43,4.0,28.96,6.0,4.94,1.52,5.53,1.57
2024-03-04,2.43,3.0,48.61,9.0,69.66,15.0,31.5,3.14,34.33,4.88
2024-03-05,1.92,2.0,14.33,6.0,16.53,7.0,3.88,2.7,4.08,2.79
2024-03-06,5.95,4.0,21.38,7.0,47.61,16.0,10.64,2.48,24.59,6.43
2024-03-07,14.33,8.0,28.82,13.0,88.33,31.0,2.09,2.08,20.6,6.11
2024-03-08,0.0,0.0,24.85,6.0,102.33,29.0,4.23,1.8,18.84,7.54
2024-03-09,3.89,5.0,38.66,9.0,69.76,20.0,26.55,3.3,35.72,6.6
2024-03-10,0.0,0.0,2.85,1.0,13.42,4.0,0.0,0.0,0.23,0.05
2024-03-11,0.62,1.0,3.77,3.0,36.48,15.0,2.88,2.07,24.15,9.8
2024-03-12,6.21,6.0,12.92,8.0,60.8,20.0,7.79,4.12,39.67,11.09
2024-03-13,8.72,5.0,20.78,10.0,36.98,19.0,8.34,3.44,10.4,5.15
2024-03-14,5.42,3.0,19.36,8.0,35.05,14.0,6.65,2.25,12.47,4.26
2024-03-15,1.57,2.0,3.37,3.0,17.64,7.0,0.71,0.66,2.01,1.05
2024-03-16,17.96,7.0,23.33,8.0,49.76,13.0,2.68,1.54,16.18,3.53
2024-03-17,5.63,3.0,25.54,11.0,47.57,17.0,12.76,4.82,33.53,9.49
2024-03-18,45.68,10.0,55.77,14.0,114.5,27.0,3.36,1.04,6.7,2.02
2024-03-19,7.82,7.0,21.13,12.0,70.04,27.0,6.26,2.91,28.89,8.71
2024-03-20,1.22,2.0,1.22,2.0,27.95,8.0,1.15,1.87,21.2,6.38
2024-03-21,5.93,1.0,27.51,6.0,60.04,13.0,0.0,0.0,0.67,0.27
2024-03-22,0.0,0.0,4.11,1.0,66.96,8.0,3.83,0.93,5.1,1.65
2024-03-23,3.08,6.0,23.89,11.0,103.79,30.0,3.67,2.39,35.3,8.53
2024-03-24,0.95,1.0,2.18,3.0,20.63,27.0,0.16,0.26,0.31,0.54
2024-03-25,51.23,11.0,57.65,12.0,90.77,22.0,4.76,0.86,12.49,3.42
2024-03-26,14.15,3.0,26.96,5.0,32.76,7.0,11.55,1.8,12.56,2.1
2024-03-27,0.0,0.0,7.37,2.0,9.53,3.0,4.58,0.79,4.58,0.79
2024-03-28,2.76,4.0,2.76,4.0,2.96,5.0,0.94,1.95,1.1,2.75
2024-03-29,8.81,2.0,25.23,7.0,30.17,10.0,7.41,2.34,8.65,2.8
2024-03-30,3.92,3.0,7.97,4.0,37.21,16.0,2.19,1.04,20.44,8.58
2024-03-31,1.61,2.0,1.61,2.0,155.08,12.0,0.0,0.0,6.89,0.47
2024-04-01,0.0,0.0,2.09,1.0,6.23,2.0,1.04,0.5,1.04,0.5
2024-04-02,1.26,2.0,23.51,6.0,48.77,13.0,0.53,0.9,0.58,0.91
2024-04-03,4.33,5.0,8.6,8.0,14.8,10.0,2.29,2.4,5.41,3.27
2024-04-04,0.0,0.0,3.36,1.0,77.75,18.0,2.87,0.85,39.03,10.2
2024-04-05,5.17,4.0,5.17,4.0,27.74,8.0,3.85,2.73,5.61,3.33
2024-04-06,0.29,1.0,11.65,3.0,135.23,24.0,7.02,1.0,56.2,4.31
2024-04-07,8.76,4.0,8.76,4.0,80.92,20.0,0.42,0.34,16.03,3.69
2024-04-08,6.43,4.0,6.43,4.0,42.08,18.0,0.27,0.4,0.83,0.76
2024-04-09,3.49,2.0,3.72,3.0,41.25,20.0,2.76,1.95,5.83,5.04
2024-04-10,3.04,1.0,17.24,4.0,66.53,17.0,2.62,0.86,33.08,8.76
2024-04-11,3.96,1.0,219.69,9.0,258.33,27.0,1.88,0.48,28.87,12.99
2024-04-12,0.39,1.0,5.14,4.0,52.19,16.0,4.49,3.4,5.69,3.87
2024-04-13,0.0,0.0,3.4,1.0,17.9,6.0,0.1,0.03,0.49,0.36
2024-04-14,0.0,0.0,0.0,0.0,13.7,4.0,0.0,0.0,11.9,3.5
2024-04-15,0.0,0.0,0.0,0.0,0.0,0.0,0.0,0.0,0.0,0.0
2024-04-16,12.6,3.0,28.21,10.0,105.85,27.0,0.0,0.0,14.83,2.29
2024-04-17,5.74,4.0,16.22,8.0,27.34,17.0,2.69,1.14,3.01,1.72
2024-04-18,7.32,6.0,82.78,19.0,273.45,53.0,5.01,2.38,5.6,2.63
2024-04-19,37.75,8.0,107.68,17.0,216.46,45.0,13.06,1.91,15.99,2.87
2024-04-20,58.72,6.0,60.35,8.0,92.69,24.0,20.05,2.61,20.05,2.61
2024-04-21,88.37,5.0,90.5,6.0,245.58,27.0,31.45,2.62,55.73,6.46
2024-04-22,18.62,4.0,166.14,35.0,273.11,62.0,14.23,2.64,29.48,4.29
2024-04-23,26.48,6.0,142.83,22.0,313.93,40.0,42.63,7.26,58.21,8.31
2024-04-24,142.08,12.0,367.61,40.0,521.68,63.0,107.08,11.01,125.09,13.4
2024-04-25,22.47,5.0,72.08,10.0,388.59,52.0,24.82,3.64,192.7,10.64
2024-04-26,126.26,16.0,463.78,56.0,785.14,105.0,122.13,12.78,131.33,13.94
2024-04-27,10.94,5.0,77.64,26.0,161.01,58.0,31.61,9.39,33.79,11.21
2024-04-28,42.59,8.0,727.17,75.0,838.82,95.0,201.36,19.06,256.58,26.46
2024-04-29,86.08,21.0,432.31,55.0,646.95,97.0,286.62,29.79,329.58,41.38
2024-04-30,62.23,9.0,167.89,44.0,376.54,89.0,106.54,29.72,129.56,35.46
2024-05-01,111.7,15.0,616.48,72.0,1137.16,144.0,379.14,40.22,736.21,84.97
2024-05-02,148.07,36.0,909.18,178.0,2119.71,387.0,659.95,126.42,1517.99,273.41
2024-05-03,17.81,4.0,383.71,42.0,611.86,83.0,329.9,31.81,471.87,58.25
2024-05-04,502.47,58.0,1714.7,150.0,5213.27,502.0,1254.5,103.89,3570.53,310.49
2024-05-05,651.34,84.0,2915.5,398.0,6096.41,862.0,2284.32,303.97,4582.86,618.47
2024-05-06,230.31,29.0,1342.79,155.0,3157.85,317.0,1067.94,128.26,2559.94,251.92
2024-05-07,377.71,57.0,1761.4,226.0,5760.29,691.0,30.65,7.8,67.05,19.99
2024-05-08,100.02,25.0,508.89,124.0,1515.86,335.0,9.48,2.82,17.63,5.84
2024-05-09,189.61,31.0,800.15,142.0,1770.17,333.0,29.8,5.42,62.25,13.44
2024-05-10,150.98,31.0,928.73,172.0,2414.07,498.0,66.88,10.07,128.62,24.23
2024-05-11,28.93,7.0,76.21,15.0,481.78,66.0,15.39,3.24,240.45,29.85
2024-05-12,43.18,10.0,328.1,66.0,1751.84,402.0,20.5,6.49,283.01,74.71
2024-05-13,26.76,9.0,526.76,101.0,1799.15,361.0,432.05,80.95,1569.78,310.98
2024-05-14,0.0,0.0,294.48,41.0,2255.08,274.0,230.67,30.42,1732.21,193.94
2024-05-15,39.82,8.0,362.77,60.0,1293.6,188.0,281.11,46.54,962.21,138.16
2024-05-16,7.39,2.0,60.66,13.0,506.65,90.0,37.19,8.49,271.25,50.69
2024-05-17,0.0,0.0,121.61,12.0,888.73,96.0,65.44,5.63,538.33,52.79
2024-05-18,63.53,16.0,242.59,59.0,783.13,202.0,177.11,42.64,513.97,131.16
2024-05-19,66.55,7.0,134.94,19.0,396.41,73.0,38.86,6.63,133.41,27.35
2024-05-20,69.17,10.0,101.36,15.0,345.7,54.0,48.79,6.27,126.06,15.15
2024-05-21,19.33,7.0,51.04,11.0,246.77,51.0,18.92,3.03,57.24,11.65
2024-05-22,0.0,0.0,85.49,6.0,188.21,27.0,0.0,0.0,2.4,1.76
2024-05-23,9.25,3.0,17.81,6.0,94.12,26.0,6.43,2.6,15.42,5.5
2024-05-24,0.0,0.0,46.57,10.0,164.43,31.0,11.45,3.14,15.86,4.43
2024-05-25,5.4,1.0,19.04,3.0,110.21,17.0,9.41,1.47,52.59,8.51
2024-05-26,2.97,3.0,77.89,12.0,202.1,42.0,48.62,5.42,96.05,18.68
2024-05-27,3.98,3.0,3.98,3.0,115.79,23.0,2.69,1.91,62.19,11.64
2024-05-28,9.3,4.0,42.45,7.0,152.91,25.0,6.74,2.09,53.68,9.3
2024-05-29,7.98,1.0,16.99,3.0,119.91,16.0,0.0,0.0,36.04,2.92
2024-05-30,0.0,0.0,0.0,0.0,0.0,0.0,0.0,0.0,0.0,0.0
2024-05-31,0.0,0.0,0.0,0.0,0.0,0.0,0.0,0.0,0.0,0.0
2024-06-01,0.0,0.0,0.0,0.0,0.0,0.0,0.0,0.0,0.0,0.0
2024-06-02,0.0,0.0,0.0,0.0,0.0,0.0,0.0,0.0,0.0,0.0
2024-06-03,0.0,0.0,0.0,0.0,0.0,0.0,0.0,0.0,0.0,0.0
2024-06-04,2.74,1.0,20.14,2.0,42.11,8.0,0.0,0.0,4.97,1.56
2024-06-05,6.05,2.0,23.3,7.0,116.33,14.0,6.64,1.84,73.55,4.52
2024-06-06,7.28,4.0,7.28,4.0,61.31,18.0,5.29,2.83,27.75,8.52
2024-06-07,0.0,0.0,0.0,0.0,17.75,3.0,0.0,0.0,12.71,2.1
2024-06-08,4.71,1.0,13.87,3.0,29.99,9.0,8.84,1.97,9.67,2.17
2024-06-09,10.19,2.0,25.12,4.0,148.6,21.0,11.8,1.58,54.99,7.27
2024-06-10,15.96,3.0,60.34,8.0,250.8,32.0,38.87,4.44,110.27,11.02
2024-06-11,13.98,4.0,43.12,8.0,236.8,33.0,20.95,3.2,55.15,8.41
2024-06-12,3.38,3.0,6.58,4.0,28.73,9.0,0.95,1.5,0.96,1.5
2024-06-13,39.3,7.0,57.12,10.0,204.21,38.0,14.95,1.85,27.28,4.38
2024-06-14,48.97,10.0,48.97,10.0,140.29,33.0,10.52,2.52,13.64,3.44
2024-06-15,14.68,3.0,14.68,3.0,233.9,35.0,0.82,0.85,25.14,3.44
2024-06-16,89.98,10.0,90.79,11.0,661.62,103.0,38.16,4.42,60.87,9.26
2024-06-17,0.0,0.0,0.0,0.0,176.9,37.0,0.0,0.0,0.06,0.01
2024-06-18,0.0,0.0,4.93,1.0,75.77,19.0,4.82,0.98,7.82,1.86
2024-06-19,0.0,0.0,0.0,0.0,42.95,10.0,0.0,0.0,1.58,0.42
2024-06-20,3.86,1.0,3.86,1.0,12.82,2.0,0.0,0.0,0.0,0.0
2024-06-21,5.47,2.0,5.47,2.0,14.8,5.0,3.34,0.96,5.62,1.86
2024-06-22,0.0,0.0,10.78,2.0,39.85,9.0,6.96,1.29,17.41,3.67
2024-06-23,0.0,0.0,0.0,0.0,9.17,2.0,0.0,0.0,0.0,0.0
2024-06-24,0.0,0.0,0.0,0.0,12.96,2.0,0.0,0.0,0.0,0.0
2024-06-25,0.0,0.0,0.0,0.0,0.0,0.0,0.0,0.0,0.0,0.0
2024-06-26,0.0,0.0,0.0,0.0,0.0,0.0,0.0,0.0,0.0,0.0
2024-06-27,0.0,0.0,0.0,0.0,3.17,1.0,0.0,0.0,0.0,0.0
2024-06-28,0.0,0.0,0.0,0.0,0.0,0.0,0.0,0.0,0.0,0.0
2024-06-29,0.0,0.0,13.84,2.0,87.81,14.0,0.0,0.0,0.0,0.0
2024-06-30,0.0,0.0,0.0,0.0,3.26,1.0,0.0,0.0,2.67,0.82
2024-07-01,0.0,0.0,0.0,0.0,0.0,0.0,0.0,0.0,0.0,0.0
2024-07-02,4.04,2.0,4.04,2.0,4.04,2.0,1.33,0.71,1.33,0.71
2024-07-03,0.0,0.0,0.0,0.0,0.0,0.0,0.0,0.0,0.0,0.0
2024-07-04,0.0,0.0,0.0,0.0,0.0,0.0,0.0,0.0,0.0,0.0
2024-07-05,0.0,0.0,0.0,0.0,0.0,0.0,0.0,0.0,0.0,0.0
2024-07-06,0.0,0.0,0.0,0.0,0.0,0.0,0.0,0.0,0.0,0.0
2024-07-07,0.0,0.0,0.0,0.0,0.0,0.0,0.0,0.0,0.0,0.0
2024-07-08,2.74,2.0,3.9,3.0,3.9,3.0,0.04,0.03,0.04,0.03
2024-07-09,0.4,1.0,0.4,1.0,0.4,1.0,0.0,0.0,0.0,0.0
2024-07-10,0.0,0.0,0.0,0.0,0.0,0.0,0.0,0.0,0.0,0.0
2024-07-11,0.0,0.0,0.0,0.0,0.0,0.0,0.0,0.0,0.0,0.0
2024-07-12,0.0,0.0,0.0,0.0,0.0,0.0,0.0,0.0,0.0,0.0
2024-07-13,0.0,0.0,0.0,0.0,0.0,0.0,0.0,0.0,0.0,0.0
2024-07-14,0.0,0.0,0.0,0.0,0.0,0.0,0.0,0.0,0.0,0.0
2024-07-15,0.0,0.0,0.0,0.0,0.0,0.0,0.0,0.0,0.0,0.0
2024-07-16,0.0,0.0,0.0,0.0,0.0,0.0,0.0,0.0,0.0,0.0
2024-07-17,4.02,1.0,4.02,1.0,4.97,2.0,0.0,0.0,0.0,0.0
2024-07-18,1.58,1.0,1.58,1.0,10.72,2.0,0.0,0.0,0.0,0.0
2024-07-19,0.0,0.0,0.0,0.0,0.0,0.0,0.0,0.0,0.0,0.0
2024-07-20,1.28,1.0,1.28,1.0,1.28,1.0,0.0,0.0,0.0,0.0
2024-07-21,20.1,5.0,41.66,10.0,91.32,25.0,19.88,5.31,31.91,8.77
2024-07-22,0.0,0.0,0.0,0.0,0.0,0.0,0.0,0.0,0.0,0.0
2024-07-23,0.0,0.0,7.45,3.0,9.81,4.0,1.29,1.13,1.29,1.13
2024-07-24,0.0,0.0,0.0,0.0,0.0,0.0,0.0,0.0,0.0,0.0
2024-07-25,0.0,0.0,0.0,0.0,0.0,0.0,0.0,0.0,0.0,0.0
2024-07-26,0.0,0.0,0.0,0.0,0.0,0.0,0.0,0.0,0.0,0.0
2024-07-27,0.0,0.0,0.0,0.0,0.0,0.0,0.0,0.0,0.0,0.0
2024-07-28,0.0,0.0,0.0,0.0,0.0,0.0,0.0,0.0,0.0,0.0
2024-07-29,8.02,4.0,8.02,4.0,8.02,4.0,2.6,0.82,2.6,0.82
2024-07-30,0.0,0.0,0.0,0.0,1.7,1.0,0.0,0.0,0.38,0.22
2024-07-31,0.0,0.0,0.0,0.0,0.0,0.0,0.0,0.0,0.0,0.0
2024-08-01,0.0,0.0,0.0,0.0,0.0,0.0,0.0,0.0,0.0,0.0
2024-08-02,0.0,0.0,0.0,0.0,0.0,0.0,0.0,0.0,0.0,0.0
2024-08-03,0.0,0.0,0.0,0.0,0.0,0.0,0.0,0.0,0.0,0.0
2024-08-04,2.75,1.0,2.75,1.0,4.92,2.0,0.0,0.0,2.14,0.99
2024-08-05,3.68,1.0,3.68,1.0,3.68,1.0,0.0,0.0,0.0,0.0
2024-08-06,0.0,0.0,0.0,0.0,0.0,0.0,0.0,0.0,0.0,0.0
2024-08-07,0.0,0.0,0.0,0.0,0.0,0.0,0.0,0.0,0.0,0.0
2024-08-08,0.0,0.0,0.0,0.0,0.0,0.0,0.0,0.0,0.0,0.0
2024-08-09,3.66,2.0,3.66,2.0,11.66,5.0,0.83,0.63,0.83,0.63
2024-08-10,0.0,0.0,0.0,0.0,0.0,0.0,0.0,0.0,0.0,0.0
2024-08-11,0.0,0.0,0.0,0.0,0.5,1.0,0.0,0.0,0.44,0.88
2024-08-12,0.0,0.0,0.0,0.0,0.0,0.0,0.0,0.0,0.0,0.0
2024-08-13,0.0,0.0,0.0,0.0,0.0,0.0,0.0,0.0,0.0,0.0
2024-08-14,0.0,0.0,0.0,0.0,0.0,0.0,0.0,0.0,0.0,0.0
2024-08-15,0.0,0.0,0.0,0.0,2.64,1.0,0.0,0.0,1.67,0.63
2024-08-16,0.0,0.0,0.0,0.0,0.0,0.0,0.0,0.0,0.0,0.0
2024-08-17,0.0,0.0,0.0,0.0,0.0,0.0,0.0,0.0,0.0,0.0
2024-08-18,0.0,0.0,0.0,0.0,2.65,1.0,0.0,0.0,0.07,0.03
2024-08-19,0.0,0.0,0.0,0.0,0.0,0.0,0.0,0.0,0.0,0.0
2024-08-20,1.36,1.0,1.36,1.0,1.36,1.0,0.36,0.27,0.36,0.27
2024-08-21,0.0,0.0,0.0,0.0,0.0,0.0,0.0,0.0,0.0,0.0
2024-08-22,0.0,0.0,0.0,0.0,0.0,0.0,0.0,0.0,0.0,0.0
2024-08-23,0.0,0.0,0.0,0.0,0.0,0.0,0.0,0.0,0.0,0.0
2024-08-24,0.0,0.0,0.0,0.0,3.88,1.0,0.0,0.0,1.55,0.4
2024-08-25,3.86,5.0,4.33,6.0,34.68,14.0,0.31,0.61,0.53,0.66
2024-08-26,0.0,0.0,0.0,0.0,7.45,1.0,0.0,0.0,0.0,0.0
2024-08-27,0.0,0.0,0.0,0.0,0.0,0.0,0.0,0.0,0.0,0.0
2024-08-28,0.0,0.0,0.0,0.0,0.0,0.0,0.0,0.0,0.0,0.0
2024-08-29,0.0,0.0,0.0,0.0,0.0,0.0,0.0,0.0,0.0,0.0
2024-08-30,0.0,0.0,1.55,2.0,1.55,2.0,0.0,0.0,0.0,0.0
2024-08-31,0.0,0.0,0.0,0.0,2.73,1.0,0.0,0.0,0.64,0.23
2024-09-01,2.08,1.0,9.74,2.0,27.1,6.0,6.98,1.35,19.89,4.45
2024-09-02,0.0,0.0,0.0,0.0,0.0,0.0,0.0,0.0,0.0,0.0
2024-09-03,0.0,0.0,0.0,0.0,0.0,0.0,0.0,0.0,0.0,0.0
2024-09-04,0.0,0.0,1.02,1.0,1.02,1.0,0.2,0.2,0.2,0.2
2024-09-05,5.59,2.0,5.59,2.0,5.59,2.0,1.38,1.0,1.38,1.0
2024-09-06,0.0,0.0,0.0,0.0,0.0,0.0,0.0,0.0,0.0,0.0
2024-09-07,0.0,0.0,0.0,0.0,0.0,0.0,0.0,0.0,0.0,0.0
2024-09-08,0.0,0.0,0.0,0.0,0.0,0.0,0.0,0.0,0.0,0.0
2024-09-09,2.59,1.0,2.59,1.0,4.07,2.0,0.0,0.0,0.0,0.0
2024-09-10,3.4,1.0,5.19,2.0,5.19,2.0,2.21,0.65,2.21,0.65
2024-09-11,0.0,0.0,0.0,0.0,0.0,0.0,0.0,0.0,0.0,0.0
2024-09-12,0.0,0.0,0.0,0.0,0.0,0.0,0.0,0.0,0.0,0.0
2024-09-13,0.0,0.0,0.0,0.0,0.0,0.0,0.0,0.0,0.0,0.0
2024-09-14,0.0,0.0,0.0,0.0,0.0,0.0,0.0,0.0,0.0,0.0
2024-09-15,0.0,0.0,0.0,0.0,0.0,0.0,0.0,0.0,0.0,0.0
2024-09-16,2.56,2.0,2.56,2.0,2.56,2.0,1.29,0.83,1.29,0.83
2024-09-17,0.0,0.0,0.0,0.0,0.0,0.0,0.0,0.0,0.0,0.0
2024-09-18,0.0,0.0,0.0,0.0,0.0,0.0,0.0,0.0,0.0,0.0
2024-09-19,1.34,1.0,1.34,1.0,1.34,1.0,0.25,0.19,0.25,0.19
2024-09-20,4.66,2.0,4.66,2.0,10.03,5.0,2.33,0.97,2.4,1.06
2024-09-21,0.0,0.0,0.0,0.0,38.83,11.0,0.0,0.0,0.0,0.0
2024-09-22,1.38,2.0,1.38,2.0,83.76,17.0,0.67,1.0,54.51,10.66
2024-09-23,0.0,0.0,0.0,0.0,41.68,13.0,0.0,0.0,9.79,2.94
2024-09-24,0.0,0.0,0.0,0.0,16.06,4.0,0.0,0.0,4.65,1.11
2024-09-25,0.29,1.0,3.07,2.0,74.89,20.0,0.13,0.45,0.13,0.45
2024-09-26,0.0,0.0,0.0,0.0,0.0,0.0,0.0,0.0,0.0,0.0
2024-09-27,1.96,2.0,1.96,2.0,1.96,2.0,0.0,0.0,0.0,0.0
2024-09-28,0.65,1.0,0.65,1.0,0.65,1.0,0.0,0.0,0.0,0.0
2024-09-29,0.0,0.0,0.42,1.0,0.42,1.0,0.0,0.0,0.0,0.0
2024-09-30,6.9,2.0,18.97,5.0,25.19,7.0,4.47,1.46,7.63,2.33
2024-10-01,1.71,2.0,4.37,4.0,24.34,9.0,0.22,0.18,9.06,2.42
2024-10-02,33.31,7.0,76.86,18.0,129.19,35.0,4.94,1.8,12.45,3.68
2024-10-03,4.7,1.0,18.33,5.0,35.04,13.0,3.89,0.98,6.19,1.71
2024-10-04,0.0,0.0,0.0,0.0,32.04,10.0,0.0,0.0,3.59,1.13
2024-10-05,3.37,2.0,19.86,4.0,97.95,18.0,0.82,0.45,10.7,2.84
2024-10-06,7.12,4.0,84.95,23.0,198.38,54.0,4.01,1.66,82.68,21.96
2024-10-07,12.59,7.0,67.52,27.0,132.21,52.0,9.8,4.79,54.61,21.06
2024-10-08,3.95,2.0,105.25,25.0,213.4,55.0,5.39,1.92,78.39,23.61
2024-10-09,2.9,1.0,14.36,4.0,61.47,17.0,0.0,0.0,26.78,7.18
2024-10-10,27.16,6.0,120.3,29.0,289.43,65.0,25.2,6.26,137.0,29.91
2024-10-11,10.59,6.0,100.08,32.0,221.89,64.0,18.72,4.85,61.81,14.59
2024-10-12,44.82,14.0,183.13,54.0,624.96,162.0,14.18,4.28,45.87,11.23
2024-10-13,11.31,3.0,34.65,10.0,270.17,66.0,10.84,2.91,138.98,31.2
2024-10-14,1.84,2.0,1.84,2.0,51.04,16.0,1.01,0.85,11.42,4.44
2024-10-15,6.28,4.0,38.25,13.0,206.34,42.0,8.59,3.6,88.83,15.35
2024-10-16,9.25,2.0,30.78,8.0,69.64,16.0,3.49,1.13,34.92,7.66
2024-10-17,20.55,11.0,45.51,20.0,445.74,95.0,3.52,2.6,27.34,8.36
2024-10-18,17.31,7.0,61.79,20.0,257.16,75.0,30.23,7.5,50.9,14.99
2024-10-19,9.72,6.0,38.31,15.0,147.6,47.0,14.52,5.85,26.93,11.45
2024-10-20,0.46,1.0,8.45,4.0,119.06,27.0,1.3,0.37,1.56,0.43
2024-10-21,11.17,6.0,56.43,15.0,81.52,26.0,6.89,1.95,10.85,3.86
2024-10-22,6.15,4.0,27.96,10.0,238.42,51.0,0.8,0.73,89.87,16.57
2024-10-23,18.95,6.0,74.25,24.0,253.17,81.0,16.79,4.82,102.88,30.11
2024-10-24,21.56,4.0,54.75,11.0,199.34,43.0,0.37,0.09,84.58,18.73
2024-10-25,22.28,6.0,29.58,11.0,194.74,46.0,15.77,3.1,128.04,26.33
2024-10-26,1.76,1.0,38.72,12.0,104.75,35.0,6.05,2.03,44.25,15.41
2024-10-27,0.0,0.0,37.27,11.0,154.27,38.0,23.49,7.99,24.14,8.3
2024-10-28,0.9,1.0,36.55,14.0,191.08,54.0,26.97,10.34,50.5,17.47
2024-10-29,7.47,2.0,29.38,9.0,141.03,39.0,18.33,5.76,54.65,17.42
2024-10-30,0.0,0.0,48.01,13.0,291.29,34.0,1.95,0.49,184.74,14.18
2024-10-31,0.0,0.0,50.41,19.0,323.85,68.0,14.93,4.7,215.12,38.03
2024-11-01,14.87,5.0,95.67,23.0,600.48,104.0,6.74,2.55,332.71,47.32
2024-11-02,70.66,9.0,105.61,22.0,433.78,104.0,18.97,2.25,54.29,12.01
2024-11-03,0.0,0.0,0.0,0.0,0.0,0.0,0.0,0.0,0.0,0.0
2024-11-04,0.0,0.0,0.0,0.0,0.0,0.0,0.0,0.0,0.0,0.0
2024-11-05,0.0,0.0,0.0,0.0,0.0,0.0,0.0,0.0,0.0,0.0
2024-11-06,0.0,0.0,0.0,0.0,0.74,1.0,0.0,0.0,0.01,0.01
2024-11-07,1.66,2.0,4.5,4.0,342.91,57.0,0.01,0.02,8.69,3.69
2024-11-08,3.41,1.0,38.76,13.0,285.26,74.0,14.65,4.24,25.73,9.9
2024-11-09,3.18,3.0,43.57,12.0,291.19,59.0,8.4,3.58,24.3,8.67
2024-11-10,1.7,3.0,2.75,4.0,128.84,32.0,0.54,0.55,4.14,1.95
2024-11-11,0.0,0.0,4.32,1.0,179.68,48.0,0.0,0.0,0.55,0.27
2024-11-12,14.79,7.0,41.85,17.0,217.79,50.0,4.38,1.8,83.64,15.68
2024-11-13,4.64,6.0,32.53,18.0,79.3,39.0,4.74,3.27,10.63,5.66
2024-11-14,2.75,3.0,30.17,13.0,64.52,26.0,11.39,3.85,17.37,5.58
2024-11-15,8.36,6.0,19.86,9.0,223.85,42.0,2.41,1.01,152.6,20.86
2024-11-16,0.0,0.0,19.98,5.0,256.33,49.0,13.7,3.2,169.43,32.38
2024-11-17,5.7,1.0,23.08,7.0,64.18,18.0,4.94,1.68,24.03,5.27
2024-11-18,34.92,9.0,49.36,14.0,152.42,46.0,6.13,2.29,41.66,15.17
2024-11-19,3.21,2.0,56.21,17.0,301.83,90.0,6.28,2.69,105.42,25.63
2024-11-20,8.68,2.0,31.91,11.0,184.13,53.0,11.45,3.97,77.89,20.59
2024-11-21,0.47,1.0,19.09,9.0,207.31,47.0,6.02,2.31,95.78,13.47
2024-11-22,3.98,3.0,14.1,7.0,128.74,35.0,3.32,0.77,67.47,10.84
2024-11-23,1.84,3.0,132.61,35.0,367.53,98.0,6.26,1.86,15.81,4.53
2024-11-24,11.78,6.0,108.85,38.0,426.68,143.0,33.26,11.58,165.98,52.15
2024-11-25,1.54,2.0,24.05,8.0,123.43,36.0,1.91,1.73,35.18,10.01
2024-11-26,0.99,2.0,30.86,13.0,104.97,34.0,0.68,0.52,11.61,5.03
2024-11-27,5.28,4.0,52.35,18.0,109.2,37.0,22.32,8.62,56.39,18.83
2024-11-28,3.98,4.0,69.61,26.0,186.47,62.0,16.37,4.98,62.1,17.89
2024-11-29,9.5,5.0,82.28,32.0,237.59,86.0,34.24,15.4,110.79,40.91
2024-11-30,30.31,9.0,106.74,29.0,253.77,79.0,7.77,2.25,44.0,12.14
2024-12-01,11.89,7.0,27.57,10.0,144.44,43.0,1.33,1.08,25.43,6.66
2024-12-02,8.84,5.0,40.01,17.0,64.87,26.0,15.8,6.18,16.28,6.34
2024-12-03,21.73,7.0,41.63,13.0,119.52,34.0,11.37,3.72,27.29,8.76
2024-12-04,6.41,6.0,17.23,10.0,117.11,47.0,6.71,3.63,33.68,14.0
2024-12-05,12.59,6.0,52.69,19.0,262.67,69.0,2.16,1.09,32.79,7.24
2024-12-06,9.02,10.0,41.83,22.0,130.09,45.0,13.76,7.34,28.37,10.44
2024-12-07,11.11,3.0,61.19,20.0,182.89,62.0,2.53,1.44,2.61,1.46
2024-12-08,5.31,4.0,49.16,21.0,175.88,58.0,18.71,8.07,41.64,16.65
2024-12-09,3.48,6.0,60.97,23.0,118.82,43.0,41.78,14.45,61.43,20.31
2024-12-10,11.9,6.0,66.99,27.0,222.42,80.0,18.16,3.51,37.47,10.01
2024-12-11,26.35,8.0,80.22,24.0,289.38,83.0,7.86,2.64,41.54,9.29
2024-12-12,3.43,3.0,15.99,9.0,115.47,31.0,2.88,1.61,14.12,5.8
2024-12-13,26.57,7.0,82.78,17.0,132.09,35.0,11.17,3.22,18.9,6.58
2024-12-14,15.95,7.0,88.34,18.0,227.31,59.0,46.84,3.07,61.44,6.59
2024-12-15,13.91,6.0,185.9,64.0,385.46,138.0,20.6,7.71,39.39,14.98
2024-12-16,22.15,7.0,169.56,53.0,382.46,124.0,36.99,12.32,89.28,27.15
2024-12-17,6.71,4.0,127.53,34.0,215.61,57.0,13.45,4.02,31.99,7.45
2024-12-18,5.72,2.0,57.69,21.0,128.95,44.0,7.99,2.51,19.13,5.44
2024-12-19,3.83,1.0,7.83,2.0,93.18,25.0,4.2,1.07,31.62,9.64
2024-12-20,15.52,8.0,121.32,44.0,274.97,92.0,60.89,21.31,139.61,45.51
2024-12-21,20.53,9.0,125.96,48.0,343.7,124.0,48.62,15.27,129.61,38.36
2024-12-22,9.13,6.0,128.82,46.0,288.15,93.0,19.08,7.15,23.43,8.65
2024-12-23,0.0,0.0,9.51,4.0,9.51,4.0,8.76,3.71,8.76,3.71
2024-12-24,0.88,1.0,10.15,4.0,22.55,9.0,4.14,1.27,14.03,5.2
2024-12-25,11.6,8.0,100.25,34.0,282.04,85.0,21.59,8.54,63.41,19.03
2024-12-26,27.94,8.0,161.94,61.0,365.25,136.0,72.95,30.45,176.11,71.58
2024-12-27,0.0,0.0,0.0,0.0,0.0,0.0,0.0,0.0,0.0,0.0
2024-12-28,0.0,0.0,0.0,0.0,0.0,0.0,0.0,0.0,0.0,0.0
2024-12-29,0.0,0.0,0.0,0.0,0.0,0.0,0.0,0.0,0.0,0.0
2024-12-30,0.0,0.0,0.0,0.0,0.0,0.0,0.0,0.0,0.0,0.0
2024-12-31,0.0,0.0,2.37,1.0,4.21,2.0,1.23,0.52,1.23,0.52
2025-01-01,0.0,0.0,10.21,1.0,10.21,1.0,0.0,0.0,0.0,0.0
2025-01-02,0.0,0.0,0.0,0.0,0.0,0.0,0.0,0.0,0.0,0.0
2025-01-03,0.0,0.0,0.0,0.0,0.52,1.0,0.0,0.0,0.0,0.0
2025-01-04,0.0,0.0,13.32,4.0,21.61,6.0,0.0,0.0,0.0,0.0
2025-01-05,6.85,2.0,64.5,17.0,187.25,50.0,11.94,3.93,25.99,7.94
2025-01-06,0.0,0.0,24.31,7.0,66.38,20.0,1.05,0.25,7.44,2.15
2025-01-07,2.56,4.0,2.56,4.0,3.72,5.0,0.0,0.0,1.16,1.0
2025-01-08,3.31,3.0,59.46,20.0,92.46,32.0,10.4,3.56,20.43,6.26
2025-01-09,0.0,0.0,8.29,4.0,33.99,15.0,4.33,1.73,9.7,3.96
2025-01-10,0.0,0.0,5.39,2.0,51.33,15.0,0.75,0.32,14.83,5.06
2025-01-11,0.77,1.0,6.3,3.0,73.78,27.0,0.59,0.27,19.68,7.41
2025-01-12,2.25,2.0,2.25,2.0,2.25,2.0,0.0,0.0,0.0,0.0
2025-01-13,8.86,2.0,10.86,3.0,15.41,6.0,0.68,0.34,1.9,1.41
2025-01-14,0.97,1.0,0.97,1.0,18.22,7.0,0.0,0.0,8.46,3.28
2025-01-15,0.0,0.0,0.0,0.0,2.63,1.0,0.0,0.0,0.17,0.06
2025-01-16,1.34,2.0,1.34,2.0,3.98,4.0,0.69,0.84,1.47,1.95
2025-01-17,0.0,0.0,4.18,2.0,42.28,15.0,0.36,0.15,2.97,0.79
2025-01-18,3.08,3.0,7.27,4.0,7.27,4.0,0.0,0.0,0.0,0.0
2025-01-19,5.66,3.0,36.33,14.0,116.37,34.0,9.7,4.03,27.86,8.58
2025-01-20,5.84,3.0,39.99,14.0,90.35,30.0,12.23,4.47,15.75,6.03
2025-01-21,3.59,3.0,110.38,36.0,261.64,57.0,52.82,13.83,69.26,16.02
2025-01-22,20.07,7.0,117.97,45.0,236.86,87.0,25.73,10.33,38.65,14.15
2025-01-23,2.59,2.0,23.84,11.0,94.51,34.0,5.84,3.27,20.24,8.57
2025-01-24,5.39,2.0,54.4,16.0,137.49,37.0,3.45,1.14,30.52,4.01
2025-01-25,2.48,2.0,165.73,26.0,300.84,57.0,4.17,1.63,22.44,5.61
2025-01-26,12.63,5.0,110.83,21.0,183.84,45.0,11.04,2.82,16.11,4.2
2025-01-27,7.59,5.0,71.45,27.0,218.68,71.0,3.45,1.21,34.89,8.16
2025-01-28,7.69,2.0,60.81,18.0,151.65,45.0,7.72,1.72,19.76,5.2
2025-01-29,2.96,1.0,57.98,11.0,112.5,24.0,7.89,0.82,25.82,3.8
2025-01-30,1.53,2.0,58.09,17.0,187.92,49.0,4.24,1.72,21.49,6.13
2025-01-31,15.82,6.0,54.7,22.0,132.9,48.0,8.11,3.68,10.53,4.52
2025-02-01,11.8,9.0,100.28,35.0,291.39,93.0,57.41,15.98,154.66,43.88
2025-02-02,10.29,5.0,93.61,31.0,253.46,82.0,24.35,7.21,42.86,14.21
2025-02-03,2.48,1.0,33.83,11.0,188.67,39.0,12.98,4.63,101.76,19.4
2025-02-04,0.37,1.0,0.71,2.0,2.29,3.0,0.25,0.73,1.49,1.51
2025-02-05,1.64,3.0,112.09,17.0,212.26,32.0,50.96,5.25,66.31,8.71
2025-02-06,1.52,3.0,27.53,9.0,143.01,36.0,3.79,2.53,16.08,6.34
2025-02-07,46.42,6.0,83.06,18.0,223.96,46.0,16.24,2.67,30.76,5.55
2025-02-08,7.91,4.0,37.89,15.0,261.66,45.0,4.77,2.18,12.22,3.3
2025-02-09,8.63,4.0,69.8,22.0,142.36,49.0,42.93,10.03,50.86,11.97
2025-02-10,2.34,4.0,44.1,15.0,241.17,44.0,7.96,2.13,12.3,3.76
2025-02-11,12.05,6.0,60.25,18.0,175.09,47.0,20.08,6.38,35.12,10.41
2025-02-12,10.62,7.0,76.18,20.0,283.48,69.0,15.38,3.27,47.65,11.95
2025-02-13,19.71,6.0,32.0,9.0,118.28,34.0,11.63,3.29,31.33,8.72
2025-02-14,25.34,13.0,32.33,15.0,170.05,32.0,4.68,5.14,17.55,7.22
2025-02-15,2.27,3.0,32.5,9.0,78.9,24.0,4.41,1.24,29.53,10.05
2025-02-16,5.84,4.0,40.18,10.0,64.88,17.0,15.86,3.1,28.86,6.59
2025-02-17,4.56,2.0,33.89,12.0,103.5,32.0,4.45,3.01,11.59,6.62
2025-02-18,19.11,8.0,82.74,25.0,258.39,66.0,24.86,6.3,39.47,8.23
2025-02-19,0.95,1.0,0.95,1.0,36.25,8.0,0.0,0.0,0.38,0.11
2025-02-20,5.99,5.0,9.92,6.0,15.58,7.0,3.12,1.18,3.12,1.18
2025-02-21,1.64,2.0,61.22,10.0,102.2,16.0,31.09,3.35,31.44,3.45
2025-02-22,3.3,4.0,20.81,8.0,36.9,11.0,14.32,3.45,14.79,3.52
2025-02-23,2.35,3.0,40.51,18.0,232.37,65.0,9.77,3.75,33.07,10.88
2025-02-24,6.92,10.0,30.98,18.0,101.52,38.0,8.98,3.88,15.38,5.66
2025-02-25,8.09,2.0,27.93,9.0,59.64,22.0,0.06,0.03,0.06,0.03
2025-02-26,0.0,0.0,6.41,2.0,60.92,15.0,0.0,0.0,0.14,0.06
2025-02-27,0.0,0.0,0.0,0.0,0.0,0.0,0.0,0.0,0.0,0.0
2025-02-28,0.71,1.0,2.24,2.0,244.17,24.0,0.86,1.03,0.86,1.03
2025-03-01,0.0,0.0,0.0,0.0,15.58,5.0,0.0,0.0,11.27,3.0
2025-03-02,2.61,4.0,10.13,7.0,16.22,10.0,5.91,4.65,9.65,5.95
2025-03-03,0.57,1.0,22.25,4.0,54.11,16.0,0.6,1.0,0.71,1.07
2025-03-04,1.96,4.0,16.62,9.0,115.71,27.0,4.52,4.05,16.96,6.98
2025-03-05,30.92,14.0,47.67,18.0,286.36,39.0,33.85,9.43,52.23,13.19
2025-03-06,50.78,12.0,84.82,18.0,306.56,52.0,7.74,5.07,30.75,7.47
2025-03-07,15.4,7.0,20.76,8.0,57.94,20.0,13.7,3.45,19.11,5.89
2025-03-08,0.5,1.0,0.5,1.0,75.71,15.0,0.0,0.0,3.47,1.48
2025-03-09,18.11,4.0,18.11,4.0,35.77,8.0,9.7,2.24,15.02,3.22
2025-03-10,6.18,5.0,31.23,12.0,90.3,27.0,7.6,2.46,9.73,2.91
2025-03-11,3.98,5.0,6.06,7.0,20.91,15.0,0.57,0.68,0.57,0.68
2025-03-12,4.79,3.0,22.89,6.0,52.2,15.0,3.05,2.97,9.59,4.69
2025-03-13,0.53,1.0,7.85,5.0,374.04,27.0,5.78,2.97,251.64,15.05
2025-03-14,0.0,0.0,9.85,3.0,15.28,4.0,1.83,0.95,1.83,0.95
2025-03-15,3.93,5.0,4.23,6.0,4.68,7.0,1.61,2.15,2.04,3.1
2025-03-16,11.38,9.0,41.78,17.0,162.71,37.0,16.64,5.98,54.58,11.06
2025-03-17,3.76,2.0,6.85,3.0,52.09,15.0,0.0,0.0,4.04,1.17
2025-03-18,4.57,3.0,8.28,4.0,32.67,11.0,1.74,0.47,2.18,1.01
2025-03-19,39.3,6.0,44.98,9.0,86.87,21.0,37.18,5.55,49.16,9.14
2025-03-20,11.05,13.0,20.86,18.0,135.52,44.0,2.41,4.06,17.92,8.71
2025-03-21,26.47,6.0,39.02,8.0,115.37,35.0,14.2,2.06,19.95,4.22
2025-03-22,4.04,3.0,11.09,5.0,78.58,27.0,1.41,0.89,6.34,2.02
2025-03-23,1.91,3.0,29.39,7.0,112.25,24.0,0.66,0.96,0.66,0.96
2025-03-24,1.57,2.0,1.57,2.0,64.2,20.0,0.77,1.08,0.78,1.09
2025-03-25,1.7,2.0,8.85,5.0,65.13,16.0,0.0,0.0,0.14,0.05
2025-03-26,5.17,1.0,16.59,4.0,87.74,24.0,0.87,0.29,0.97,0.3
2025-03-27,1.29,1.0,18.38,6.0,132.64,34.0,2.59,1.23,4.76,2.1
2025-03-28,48.46,5.0,49.32,6.0,106.68,25.0,5.28,1.29,8.49,3.76
2025-03-29,3.47,5.0,4.27,6.0,49.23,20.0,1.05,1.78,1.05,1.79
2025-03-30,5.41,2.0,13.4,5.0,113.4,29.0,2.73,1.61,3.59,2.06
2025-03-31,0.89,1.0,2.28,2.0,36.41,15.0,0.34,0.38,0.97,1.38
2025-04-01,48.18,8.0,48.18,8.0,138.32,31.0,15.96,1.52,21.25,2.67
2025-04-02,9.25,2.0,39.57,8.0,129.26,21.0,6.01,2.4,6.01,2.4
2025-04-03,0.0,0.0,1.47,1.0,92.26,23.0,0.0,0.0,0.03,0.01
2025-04-04,0.0,0.0,28.82,9.0,174.41,43.0,2.83,1.65,4.47,1.95
2025-04-05,16.93,6.0,22.27,9.0,131.93,41.0,7.83,1.17,11.43,3.24
2025-04-06,5.89,4.0,11.86,8.0,94.82,32.0,0.64,0.83,2.31,1.37
2025-04-07,4.86,4.0,21.96,8.0,161.18,46.0,11.42,3.48,60.3,17.85
2025-04-08,14.3,3.0,26.16,6.0,56.11,13.0,11.76,1.93,12.39,2.13
2025-04-09,0.0,0.0,12.98,3.0,40.83,12.0,0.0,0.0,10.5,4.06
2025-04-10,0.0,0.0,11.92,2.0,12.77,4.0,7.08,1.19,7.08,1.19
2025-04-11,4.79,5.0,5.89,6.0,62.48,20.0,1.18,1.6,10.64,5.46
2025-04-12,0.89,2.0,5.76,3.0,30.71,13.0,1.49,0.31,16.04,6.09
2025-04-13,10.41,5.0,51.37,18.0,103.46,29.0,15.19,4.58,31.82,8.5
2025-04-14,8.47,4.0,53.23,12.0,451.99,47.0,27.56,5.73,32.12,7.24
2025-04-15,16.87,6.0,43.43,12.0,215.79,29.0,9.54,3.49,16.03,6.89
2025-04-16,6.41,4.0,213.28,30.0,487.68,78.0,135.76,16.96,158.79,24.0
2025-04-17,53.84,15.0,110.47,27.0,178.44,40.0,43.19,9.61,60.61,12.62
2025-04-18,27.0,5.0,117.07,25.0,134.01,31.0,20.33,5.75,22.47,6.61
2025-04-19,73.7,16.0,278.74,48.0,392.52,71.0,53.13,16.35,59.34,19.55
2025-04-20,86.15,17.0,211.25,44.0,256.25,57.0,42.28,11.05,47.7,12.16
2025-04-21,125.48,23.0,569.09,68.0,942.33,99.0,270.37,26.0,312.26,31.83
2025-04-22,123.94,23.0,596.91,73.0,906.13,116.0,152.42,21.08,210.76,26.82
2025-04-23,162.85,26.0,722.29,56.0,2368.45,129.0,368.92,23.04,983.5,42.69
2025-04-24,452.39,39.0,1165.39,116.0,1561.41,186.0,559.53,62.08,659.67,76.86
2025-04-25,727.87,44.0,1912.81,189.0,3081.17,307.0,913.34,91.86,1831.99,161.06
2025-04-26,145.23,13.0,934.86,88.0,1402.34,151.0,435.23,36.52,436.54,37.5
2025-04-27,276.44,49.0,1627.48,265.0,2558.25,414.0,488.43,79.07,557.9,88.57
2025-04-28,126.6,21.0,694.13,98.0,1156.83,178.0,79.98,8.12,145.93,29.65
2025-04-29,163.72,39.0,770.49,158.0,1293.22,240.0,55.24,15.45,98.48,25.93
2025-04-30,158.88,41.0,661.58,157.0,1121.52,253.0,60.16,17.56,97.57,28.72
2025-05-01,287.56,24.0,675.12,89.0,1589.6,208.0,26.49,6.44,114.29,24.61
2025-05-02,0.46,1.0,0.46,1.0,0.46,1.0,0.46,1.0,0.46,1.0
2025-05-03,16.25,6.0,78.79,15.0,227.39,47.0,0.0,0.0,26.26,4.9
2025-05-04,44.51,10.0,462.57,89.0,1120.43,221.0,0.13,0.03,6.85,1.92
2025-05-05,0.85,1.0,26.9,7.0,67.34,20.0,2.82,0.76,2.88,0.97
2025-05-06,24.9,6.0,178.85,42.0,605.64,120.0,16.03,3.68,134.08,19.11
2025-05-07,48.72,13.0,258.14,43.0,1545.35,200.0,6.17,2.68,49.93,12.41
2025-05-08,116.72,36.0,490.18,121.0,1373.62,286.0,10.63,3.24,191.49,38.98
2025-05-09,68.37,11.0,235.19,32.0,568.95,93.0,12.21,2.33,55.05,11.24
2025-05-10,40.09,9.0,104.79,17.0,621.89,103.0,2.28,0.6,93.93,20.54
2025-05-11,104.09,18.0,621.71,133.0,2375.32,490.0,469.55,101.45,1873.41,392.1
2025-05-12,39.21,11.0,378.12,70.0,2003.73,312.0,113.65,18.73,447.04,82.34
2025-05-13,67.55,12.0,451.22,66.0,1796.67,283.0,173.37,22.57,650.3,94.66
2025-05-14,3.82,3.0,58.0,10.0,613.55,95.0,39.24,6.32,289.63,38.61
2025-05-15,11.28,5.0,208.53,44.0,1280.93,216.0,105.89,20.19,547.6,88.57
2025-05-16,8.08,4.0,176.86,55.0,755.34,192.0,14.85,4.35,32.75,8.28
2025-05-17,18.64,5.0,86.88,17.0,832.36,123.0,5.37,1.78,85.69,9.55
2025-05-18,28.66,8.0,370.39,46.0,1439.9,157.0,94.09,15.85,642.97,68.32
2025-05-19,8.56,4.0,14.39,6.0,174.6,44.0,0.81,0.69,41.08,10.76
2025-05-20,20.48,3.0,139.31,20.0,362.6,60.0,0.2,0.07,1.31,0.22
2025-05-21,0.0,0.0,24.1,10.0,159.5,47.0,0.0,0.0,9.99,2.95
2025-05-22,3.19,2.0,7.54,4.0,66.54,22.0,0.0,0.0,0.0,0.0
2025-05-23,12.39,3.0,36.9,11.0,247.09,56.0,0.0,0.0,7.19,1.74
2025-05-24,2.17,1.0,33.19,11.0,153.6,42.0,1.58,0.75,15.15,5.4
2025-05-25,1.21,1.0,8.36,3.0,8.36,3.0,0.0,0.0,0.0,0.0
2025-05-26,0.0,0.0,0.0,0.0,3.19,2.0,0.0,0.0,1.84,1.17
2025-05-27,1.08,1.0,3.13,2.0,49.14,7.0,0.78,0.72,0.81,0.73
2025-05-28,0.0,0.0,3.39,1.0,19.94,5.0,0.0,0.0,0.0,0.0
2025-05-29,21.15,5.0,30.1,8.0,77.81,17.0,0.0,0.0,0.0,0.0
2025-05-30,0.0,0.0,0.98,1.0,0.98,1.0,0.0,0.0,0.0,0.0
2025-05-31,2.25,1.0,8.71,3.0,38.18,9.0,0.35,0.15,0.35,0.15
2025-06-01,0.0,0.0,0.0,0.0,26.82,10.0,0.0,0.0,0.0,0.0
2025-06-02,0.0,0.0,20.09,2.0,46.5,9.0,0.0,0.0,0.05,0.03
2025-06-03,0.0,0.0,9.12,2.0,51.32,7.0,0.0,0.0,0.0,0.0
2025-06-04,0.0,0.0,0.0,0.0,15.01,3.0,0.0,0.0,3.06,0.49
2025-06-05,0.0,0.0,4.13,1.0,10.52,2.0,2.65,0.64,2.65,0.64
2025-06-06,5.71,2.0,5.71,2.0,24.98,8.0,0.0,0.0,0.0,0.0
2025-06-07,0.81,1.0,0.81,1.0,14.51,6.0,0.0,0.0,3.16,0.89
2025-06-08,0.0,0.0,0.0,0.0,20.88,3.0,0.0,0.0,0.52,0.08
2025-06-09,8.53,4.0,8.53,4.0,51.19,11.0,1.66,1.28,5.32,1.94
2025-06-10,1.0,1.0,1.0,1.0,64.47,7.0,0.0,0.0,4.06,1.78
2025-06-11,33.58,5.0,43.99,6.0,84.55,16.0,7.59,2.36,19.51,5.72
2025-06-12,0.0,0.0,0.0,0.0,39.39,7.0,0.0,0.0,13.89,2.21
2025-06-13,0.0,0.0,0.0,0.0,47.57,8.0,0.0,0.0,6.7,1.25
2025-06-14,5.0,1.0,5.0,1.0,111.76,17.0,0.0,0.0,31.7,4.78
2025-06-15,0.0,0.0,0.0,0.0,0.0,0.0,0.0,0.0,0.0,0.0
2025-06-16,3.04,1.0,3.04,1.0,6.79,2.0,0.0,0.0,0.04,0.01
2025-06-17,0.0,0.0,0.0,0.0,0.0,0.0,0.0,0.0,0.0,0.0
2025-06-18,0.0,0.0,0.0,0.0,0.0,0.0,0.0,0.0,0.0,0.0
2025-06-19,0.0,0.0,0.88,1.0,9.58,3.0,0.0,0.0,0.0,0.0
2025-06-20,3.65,2.0,3.65,2.0,3.65,2.0,0.3,0.19,0.3,0.19
2025-06-21,7.55,3.0,7.55,3.0,10.89,4.0,0.0,0.0,0.0,0.0
2025-06-22,0.0,0.0,0.0,0.0,0.42,1.0,0.0,0.0,0.05,0.11
2025-06-23,0.0,0.0,0.0,0.0,2.85,1.0,0.0,0.0,0.0,0.0
2025-06-24,0.0,0.0,0.0,0.0,5.94,1.0,0.0,0.0,2.84,0.48
2025-06-25,0.0,0.0,0.0,0.0,0.0,0.0,0.0,0.0,0.0,0.0
2025-06-26,0.38,1.0,0.38,1.0,4.32,2.0,0.0,0.0,0.0,0.0
2025-06-27,0.0,0.0,0.0,0.0,10.39,2.0,0.0,0.0,8.27,0.99
2025-06-28,0.0,0.0,0.0,0.0,0.0,0.0,0.0,0.0,0.0,0.0
2025-06-29,0.0,0.0,0.0,0.0,0.0,0.0,0.0,0.0,0.0,0.0
2025-06-30,0.0,0.0,1.22,1.0,1.22,1.0,0.0,0.0,0.0,0.0
2025-07-01,1.71,1.0,1.71,1.0,3.69,2.0,0.0,0.0,0.02,0.01
2025-07-02,0.81,1.0,0.81,1.0,5.12,2.0,0.21,0.25,0.21,0.25
2025-07-03,5.28,1.0,5.28,1.0,5.28,1.0,0.0,0.0,0.0,0.0
2025-07-04,0.0,0.0,0.0,0.0,0.0,0.0,0.0,0.0,0.0,0.0
2025-07-05,0.0,0.0,0.0,0.0,0.0,0.0,0.0,0.0,0.0,0.0
2025-07-06,0.0,0.0,0.0,0.0,0.0,0.0,0.0,0.0,0.0,0.0
2025-07-07,0.0,0.0,0.0,0.0,0.0,0.0,0.0,0.0,0.0,0.0
2025-07-08,0.0,0.0,0.0,0.0,0.0,0.0,0.0,0.0,0.0,0.0
2025-07-09,0.0,0.0,0.0,0.0,0.0,0.0,0.0,0.0,0.0,0.0
2025-07-10,0.0,0.0,0.0,0.0,0.0,0.0,0.0,0.0,0.0,0.0
2025-07-11,0.0,0.0,0.0,0.0,0.0,0.0,0.0,0.0,0.0,0.0
2025-07-12,0.0,0.0,0.0,0.0,0.0,0.0,0.0,0.0,0.0,0.0
2025-07-13,0.0,0.0,0.0,0.0,5.25,1.0,0.0,0.0,2.35,0.45
2025-07-14,0.0,0.0,0.0,0.0,0.0,0.0,0.0,0.0,0.0,0.0
2025-07-15,0.0,0.0,0.0,0.0,0.0,0.0,0.0,0.0,0.0,0.0
2025-07-16,0.0,0.0,5.43,1.0,5.43,1.0,0.04,0.01,0.04,0.01
2025-07-17,0.0,0.0,0.0,0.0,0.0,0.0,0.0,0.0,0.0,0.0
2025-07-18,0.0,0.0,0.0,0.0,0.0,0.0,0.0,0.0,0.0,0.0
2025-07-19,0.39,1.0,0.39,1.0,0.39,1.0,0.0,0.0,0.0,0.0
2025-07-20,0.0,0.0,0.0,0.0,0.0,0.0,0.0,0.0,0.0,0.0
2025-07-21,0.0,0.0,0.0,0.0,0.0,0.0,0.0,0.0,0.0,0.0
2025-07-22,0.0,0.0,0.0,0.0,2.31,1.0,0.0,0.0,0.0,0.0
2025-07-23,0.0,0.0,0.0,0.0,0.0,0.0,0.0,0.0,0.0,0.0
2025-07-24,0.0,0.0,0.0,0.0,0.0,0.0,0.0,0.0,0.0,0.0
2025-07-25,0.0,0.0,0.0,0.0,0.0,0.0,0.0,0.0,0.0,0.0
2025-07-26,0.95,1.0,0.95,1.0,0.95,1.0,0.0,0.0,0.0,0.0
2025-07-27,0.0,0.0,3.39,1.0,3.39,1.0,0.0,0.0,0.0,0.0
2025-07-28,2.35,1.0,2.35,1.0,2.35,1.0,0.0,0.0,0.0,0.0
2025-07-29,0.0,0.0,0.0,0.0,0.0,0.0,0.0,0.0,0.0,0.0
2025-07-30,0.0,0.0,0.0,0.0,0.0,0.0,0.0,0.0,0.0,0.0
2025-07-31,0.0,0.0,0.0,0.0,0.0,0.0,0.0,0.0,0.0,0.0
2025-08-01,1.98,1.0,1.98,1.0,1.98,1.0,1.93,0.97,1.93,0.97
2025-08-02,0.0,0.0,0.0,0.0,0.0,0.0,0.0,0.0,0.0,0.0
2025-08-03,0.0,0.0,0.0,0.0,0.0,0.0,0.0,0.0,0.0,0.0
2025-08-04,0.0,0.0,0.0,0.0,0.0,0.0,0.0,0.0,0.0,0.0
2025-08-05,0.0,0.0,0.0,0.0,0.0,0.0,0.0,0.0,0.0,0.0
2025-08-06,2.78,2.0,2.78,2.0,2.78,2.0,0.5,0.23,0.5,0.23
2025-08-07,2.99,2.0,2.99,2.0,2.99,2.0,0.78,0.82,0.78,0.82
2025-08-08,0.0,0.0,0.0,0.0,0.0,0.0,0.0,0.0,0.0,0.0
2025-08-09,0.0,0.0,0.0,0.0,4.36,1.0,0.0,0.0,0.0,0.0
2025-08-10,0.0,0.0,0.0,0.0,0.0,0.0,0.0,0.0,0.0,0.0
2025-08-11,0.0,0.0,0.0,0.0,0.0,0.0,0.0,0.0,0.0,0.0
2025-08-12,0.0,0.0,0.0,0.0,0.0,0.0,0.0,0.0,0.0,0.0
2025-08-13,0.0,0.0,0.0,0.0,0.0,0.0,0.0,0.0,0.0,0.0
2025-08-14,0.0,0.0,0.0,0.0,0.0,0.0,0.0,0.0,0.0,0.0
2025-08-15,0.0,0.0,0.0,0.0,0.0,0.0,0.0,0.0,0.0,0.0
2025-08-16,0.0,0.0,0.0,0.0,0.0,0.0,0.0,0.0,0.0,0.0
2025-08-17,0.61,1.0,0.61,1.0,0.61,1.0,0.0,0.0,0.0,0.0
2025-08-18,5.46,1.0,5.46,1.0,5.46,1.0,0.82,0.15,0.82,0.15
2025-08-19,0.0,0.0,0.0,0.0,0.0,0.0,0.0,0.0,0.0,0.0
2025-08-20,0.65,1.0,0.65,1.0,3.25,2.0,0.0,0.0,0.0,0.0
2025-08-21,0.0,0.0,1.42,1.0,1.42,1.0,0.0,0.0,0.0,0.0
2025-08-22,0.0,0.0,0.0,0.0,0.0,0.0,0.0,0.0,0.0,0.0
2025-08-23,0.0,0.0,0.0,0.0,0.0,0.0,0.0,0.0,0.0,0.0
2025-08-24,0.0,0.0,0.0,0.0,0.0,0.0,0.0,0.0,0.0,0.0
2025-08-25,0.0,0.0,0.0,0.0,0.0,0.0,0.0,0.0,0.0,0.0
2025-08-26,0.0,0.0,0.0,0.0,0.0,0.0,0.0,0.0,0.0,0.0
2025-08-27,0.0,0.0,0.0,0.0,0.0,0.0,0.0,0.0,0.0,0.0
2025-08-28,1.15,1.0,1.15,1.0,1.15,1.0,0.44,0.38,0.44,0.38
2025-08-29,6.71,3.0,6.71,3.0,6.71,3.0,0.0,0.0,0.0,0.0
2025-08-30,1.21,2.0,1.21,2.0,3.14,3.0,0.08,0.16,0.08,0.16
2025-08-31,0.0,0.0,0.0,0.0,2.34,1.0,0.0,0.0,0.0,0.0
2025-09-01,0.0,0.0,0.0,0.0,0.0,0.0,0.0,0.0,0.0,0.0
2025-09-02,0.0,0.0,0.0,0.0,0.0,0.0,0.0,0.0,0.0,0.0
2025-09-03,0.0,0.0,0.0,0.0,0.0,0.0,0.0,0.0,0.0,0.0
2025-09-04,1.37,2.0,1.37,2.0,1.37,2.0,0.45,0.81,0.45,0.81
2025-09-05,0.0,0.0,0.0,0.0,0.0,0.0,0.0,0.0,0.0,0.0
2025-09-06,0.0,0.0,0.0,0.0,0.0,0.0,0.0,0.0,0.0,0.0
2025-09-07,2.58,3.0,2.58,3.0,2.58,3.0,0.28,0.34,0.28,0.34
2025-09-08,7.95,3.0,10.26,4.0,14.66,5.0,1.51,0.59,1.51,0.59
2025-09-09,0.0,0.0,0.0,0.0,0.0,0.0,0.0,0.0,0.0,0.0
2025-09-10,0.0,0.0,0.0,0.0,1.28,1.0,0.0,0.0,0.38,0.3
2025-09-11,1.52,1.0,1.52,1.0,1.52,1.0,1.51,1.0,1.51,1.0
2025-09-12,6.13,3.0,6.13,3.0,9.37,4.0,1.72,0.56,1.82,0.6
2025-09-13,1.78,1.0,3.3,2.0,3.3,2.0,0.23,0.13,0.23,0.13
2025-09-14,2.45,2.0,10.83,4.0,10.83,4.0,6.28,1.97,6.28,1.97
2025-09-15,1.26,1.0,11.74,2.0,20.97,4.0,9.03,1.05,12.24,1.89
2025-09-16,0.0,0.0,0.0,0.0,10.43,2.0,0.0,0.0,0.0,0.0
2025-09-17,0.0,0.0,6.92,1.0,12.4,2.0,0.0,0.0,0.0,0.0
2025-09-18,1.25,3.0,1.25,3.0,10.33,6.0,0.0,0.0,0.0,0.0
2025-09-19,0.29,1.0,0.29,1.0,2.62,2.0,0.25,0.87,0.25,0.87
2025-09-20,0.0,0.0,0.0,0.0,0.0,0.0,0.0,0.0,0.0,0.0
2025-09-21,6.76,2.0,14.88,3.0,18.59,4.0,6.18,1.14,9.42,2.01
2025-09-22,2.08,1.0,6.04,4.0,6.04,4.0,1.95,0.94,1.95,0.94
2025-09-23,0.83,1.0,15.3,4.0,23.67,7.0,2.09,0.36,7.35,2.16
2025-09-24,5.04,2.0,11.35,6.0,27.37,12.0,2.64,1.03,6.3,2.25
2025-09-25,6.86,2.0,6.86,2.0,15.22,5.0,3.83,1.27,10.42,3.72
2025-09-26,7.32,2.0,26.94,7.0,48.25,11.0,2.4,0.6,4.58,1.0
2025-09-27,0.0,0.0,0.0,0.0,5.07,2.0,0.0,0.0,0.0,0.0
2025-09-28,0.0,0.0,40.23,10.0,64.27,13.0,13.64,3.65,15.6,3.9
2025-09-29,0.0,0.0,32.95,10.0,63.66,20.0,25.05,7.04,40.89,12.81
2025-09-30,0.0,0.0,0.0,0.0,5.74,2.0,0.0,0.0,0.0,0.0
2025-10-01,1.32,2.0,3.38,3.0,6.62,4.0,0.0,0.0,0.29,0.09
2025-10-02,7.55,3.0,7.55,3.0,17.93,5.0,7.27,2.89,7.27,2.89
2025-10-03,0.0,0.0,5.27,1.0,5.27,1.0,0.0,0.0,0.0,0.0
2025-10-04,9.76,6.0,22.01,10.0,54.09,18.0,1.87,1.95,6.31,3.53
2025-10-05,2.22,1.0,58.83,19.0,147.3,48.0,5.01,1.15,18.83,6.24
2025-10-06,0.0,0.0,0.0,0.0,0.0,0.0,0.0,0.0,0.0,0.0
2025-10-07,0.0,0.0,0.0,0.0,36.01,7.0,0.0,0.0,0.0,0.0
2025-10-08,6.0,8.0,6.0,8.0,6.0,8.0,2.79,3.55,2.79,3.55
2025-10-09,2.91,5.0,3.36,6.0,7.64,8.0,1.93,2.98,6.1,4.92
2025-10-10,0.28,1.0,9.06,5.0,23.39,10.0,2.78,1.48,4.95,2.62
2025-10-11,1.72,2.0,11.87,6.0,26.82,10.0,3.68,2.97,3.68,2.97
2025-10-12,2.49,3.0,29.22,8.0,54.83,15.0,5.97,4.39,19.73,8.77
2025-10-13,1.89,2.0,22.31,8.0,33.71,13.0,0.57,1.1,5.33,3.5
2025-10-14,4.08,5.0,8.82,8.0,50.69,19.0,3.02,2.33,4.98,3.29
2025-10-15,3.8,4.0,27.97,14.0,85.77,30.0,2.19,1.0,3.13,1.55
2025-10-16,0.0,0.0,43.68,11.0,320.2,64.0,1.17,1.08,10.95,5.13
2025-10-17,3.04,2.0,20.51,5.0,54.99,11.0,0.0,0.0,19.49,2.54
2025-10-18,0.0,0.0,4.35,3.0,25.73,7.0,0.78,1.27,10.74,3.2
2025-10-19,0.65,1.0,19.22,6.0,97.89,24.0,9.65,2.26,12.66,2.83
2025-10-20,8.93,5.0,76.28,19.0,345.14,82.0,26.21,5.93,80.57,16.89
2025-10-21,4.69,1.0,28.22,8.0,182.08,50.0,15.85,4.89,67.14,20.81
2025-10-22,2.42,1.0,32.73,8.0,116.37,31.0,3.9,1.87,9.3,4.02
2025-10-23,1.15,1.0,1.15,1.0,54.55,13.0,1.06,0.92,19.7,3.42
2025-10-24,0.0,0.0,12.0,3.0,28.2,7.0,0.08,0.03,2.3,0.29
2025-10-25,0.76,1.0,18.45,6.0,75.59,26.0,16.51,5.25,32.41,12.21
2025-10-26,8.63,6.0,24.48,12.0,255.44,76.0,18.17,7.87,69.16,29.56
2025-10-27,0.0,0.0,0.0,0.0,57.38,13.0,0.0,0.0,0.0,0.0
2025-10-28,0.0,0.0,0.0,0.0,17.88,2.0,0.0,0.0,0.0,0.0
2025-10-29,0.0,0.0,0.0,0.0,112.09,22.0,0.0,0.0,60.7,12.72
2025-10-30,0.91,1.0,0.91,1.0,107.24,15.0,0.0,0.0,0.0,0.0
2025-10-31,0.57,1.0,4.1,3.0,160.32,35.0,0.45,0.53,40.79,9.27
2025-11-01,2.19,3.0,15.06,8.0,199.99,45.0,0.0,0.0,86.52,16.87
2025-11-02,0.57,1.0,11.64,4.0,89.67,26.0,0.0,0.0,27.58,6.89
2025-11-03,0.0,0.0,79.12,14.0,176.57,33.0,3.12,1.3,38.79,8.53
2025-11-04,8.59,3.0,21.35,7.0,120.93,21.0,0.0,0.0,0.0,0.0
2025-11-05,18.78,13.0,62.46,24.0,159.02,53.0,20.41,9.54,58.71,20.53
2025-11-06,2.24,1.0,51.32,18.0,211.86,68.0,29.65,8.07,97.76,29.48
2025-11-07,9.09,4.0,57.83,15.0,126.49,39.0,33.81,8.4,72.39,19.61
2025-11-08,4.43,5.0,21.44,8.0,319.04,60.0,6.69,3.73,225.85,38.63
2025-11-09,1.75,4.0,51.04,16.0,405.44,78.0,34.1,8.34,282.72,47.98
2025-11-10,15.15,6.0,38.9,13.0,274.01,75.0,16.08,5.5,171.73,43.33
2025-11-11,8.19,2.0,73.76,28.0,356.0,100.0,36.54,14.6,203.86,54.38
2025-11-12,2.12,2.0,2.12,2.0,5.71,5.0,0.0,0.0,0.0,0.0
2025-11-13,9.65,6.0,39.4,13.0,108.37,26.0,5.66,2.01,52.95,10.6
2025-11-14,0.54,1.0,54.91,15.0,138.67,38.0,32.31,8.95,82.05,20.88
2025-11-15,3.27,4.0,87.87,31.0,284.15,64.0,36.32,11.47,130.34,28.07
2025-11-16,11.55,7.0,92.41,35.0,263.78,77.0,42.68,15.1,130.44,33.59
2025-11-17,16.84,10.0,85.99,32.0,157.15,55.0,23.49,8.55,36.73,12.92
2025-11-18,1.38,3.0,36.65,13.0,86.3,34.0,4.94,2.71,28.06,9.3
2025-11-19,0.0,0.0,21.37,6.0,52.35,13.0,0.0,0.0,0.0,0.0
2025-11-20,11.65,4.0,36.79,11.0,65.71,24.0,2.39,0.94,2.92,1.72
2025-11-21,3.52,3.0,87.85,28.0,126.36,40.0,1.91,0.7,2.93,1.1
2025-11-22,9.72,10.0,73.88,30.0,182.55,70.0,21.96,8.25,43.86,15.98
2025-11-23,2.34,4.0,65.44,27.0,116.36,44.0,11.51,6.12,12.89,7.11
2025-11-24,3.91,5.0,20.14,10.0,115.16,32.0,0.7,1.4,42.7,8.77
2025-11-25,14.5,11.0,36.1,20.0,73.08,35.0,4.77,2.06,10.53,4.21
2025-11-26,4.19,6.0,66.77,23.0,196.63,58.0,39.51,13.93,65.34,20.21
2025-11-27,18.39,12.0,90.6,41.0,243.0,94.0,36.24,17.64,117.01,46.74
2025-11-28,7.05,2.0,8.52,3.0,48.15,14.0,0.0,0.0,1.52,0.46
2025-11-29,10.9,3.0,37.61,11.0,51.72,15.0,7.46,2.64,7.75,2.78
2025-11-30,6.19,4.0,18.5,9.0,511.31,31.0,12.79,6.32,307.09,15.68
2025-12-01,16.9,9.0,74.09,22.0,135.47,42.0,12.34,5.59,48.22,17.26
2025-12-02,18.7,11.0,119.63,46.0,207.4,84.0,7.97,5.26,12.48,7.34
2025-12-03,22.6,10.0,69.35,29.0,213.55,76.0,5.57,2.86,15.13,5.57
2025-12-04,1.9,3.0,32.81,12.0,54.85,18.0,2.93,1.3,2.93,1.32
2025-12-05,11.5,5.0,54.94,19.0,82.23,30.0,0.7,0.22,4.83,2.68
2025-12-06,19.93,9.0,60.21,19.0,93.26,30.0,9.06,3.29,12.36,4.64
2025-12-07,10.47,6.0,97.62,34.0,198.78,62.0,3.94,2.55,10.15,4.54
2025-12-08,2.98,4.0,37.66,17.0,132.91,60.0,0.93,1.25,11.07,7.38
2025-12-09,6.75,6.0,31.82,16.0,94.73,36.0,4.91,1.9,25.67,6.12
2025-12-10,9.7,7.0,59.39,26.0,99.16,39.0,6.12,4.26,15.75,5.97
2025-12-11,3.4,6.0,41.32,24.0,97.53,44.0,0.25,0.22,10.28,3.15
2025-12-12,5.23,5.0,80.7,24.0,121.27,39.0,24.95,7.12,33.34,11.12
2025-12-13,8.29,5.0,65.53,25.0,137.67,53.0,23.51,10.93,47.96,21.33
2025-12-14,0.0,0.0,39.42,12.0,61.1,19.0,0.0,0.0,0.0,0.0
2025-12-15,11.62,8.0,40.29,19.0,42.24,20.0,1.55,2.64,2.08,2.91
2025-12-16,13.1,8.0,37.96,15.0,86.87,30.0,2.76,1.04,15.57,5.2
2025-12-17,7.93,4.0,55.72,21.0,66.46,24.0,5.36,1.61,10.33,3.01
2025-12-18,0.0,0.0,15.25,5.0,50.65,19.0,0.7,0.25,2.69,1.11
2025-12-19,0.41,1.0,0.41,1.0,16.15,4.0,0.0,0.0,13.48,2.59
2025-12-20,0.0,0.0,3.77,1.0,9.16,4.0,0.0,0.0,1.66,0.95
2025-12-21,0.0,0.0,0.0,0.0,0.0,0.0,0.0,0.0,0.0,0.0
2025-12-22,1.85,3.0,19.12,8.0,30.26,11.0,9.16,2.61,12.21,3.65
2025-12-23,13.66,11.0,83.88,36.0,144.13,50.0,10.19,5.54,27.03,8.94
2025-12-24,4.27,4.0,59.61,27.0,159.19,50.0,4.81,2.31,20.72,4.58
2025-12-25,0.0,0.0,19.57,6.0,26.41,9.0,2.64,0.87,3.59,1.15
2025-12-26,3.75,2.0,8.68,4.0,30.54,12.0,2.4,1.04,13.09,5.84
2025-12-27,5.18,4.0,48.17,16.0,65.91,24.0,4.03,1.88,6.67,3.29
2025-12-28,11.41,2.0,31.64,9.0,82.05,23.0,3.27,1.45,28.66,8.46
2025-12-29,0.0,0.0,13.76,6.0,51.29,19.0,0.05,0.01,10.62,3.35
2025-12-30,2.13,2.0,22.23,7.0,35.67,11.0,0.11,0.03,0.19,0.05
2025-12-31,0.0,0.0,3.53,1.0,6.51,2.0,0.02,0.01,2.94,0.98
2026-01-01,0.0,0.0,0.0,0.0,0.0,0.0,0.0,0.0,0.0,0.0
2026-01-02,0.65,1.0,0.65,1.0,0.65,1.0,0.0,0.0,0.0,0.0
2026-01-03,1.43,2.0,5.87,3.0,10.92,5.0,0.0,0.0,0.56,0.26
2026-01-04,4.36,3.0,15.87,8.0,32.8,13.0,0.2,0.08,0.5,0.16
2026-01-05,0.51,1.0,20.05,4.0,55.4,9.0,0.34,0.09,2.02,0.41
2026-01-06,0.0,0.0,2.71,1.0,2.71,1.0,0.0,0.0,0.0,0.0
2026-01-07,0.0,0.0,5.69,2.0,12.51,5.0,2.92,0.97,3.79,1.29
2026-01-08,8.03,3.0,80.78,16.0,109.25,25.0,41.64,6.2,56.85,10.61
2026-01-09,4.93,3.0,29.06,12.0,44.63,17.0,20.84,7.57,32.96,11.34
2026-01-10,0.8,2.0,48.41,17.0,88.74,27.0,2.53,1.29,4.04,1.95
2026-01-11,2.74,2.0,8.93,5.0,28.61,11.0,0.07,0.03,0.07,0.03
2026-01-12,13.92,4.0,41.25,13.0,87.12,27.0,22.91,4.79,39.0,11.04
2026-01-13,1.27,2.0,26.78,9.0,101.8,28.0,5.23,2.34,10.64,3.77
2026-01-14,8.55,4.0,46.91,18.0,62.34,25.0,7.68,2.22,10.86,3.95
2026-01-15,3.03,1.0,12.07,4.0,14.46,5.0,0.79,0.26,0.82,0.28
2026-01-16,0.0,0.0,3.51,1.0,6.07,2.0,0.0,0.0,0.0,0.0
2026-01-17,1.18,1.0,3.03,2.0,17.28,5.0,0.27,0.23,1.4,0.46
2026-01-18,8.29,4.0,37.33,14.0,89.85,27.0,4.85,2.45,18.19,5.95
2026-01-19,26.76,6.0,90.68,26.0,188.5,61.0,54.99,15.95,112.07,36.67
2026-01-20,8.58,6.0,50.03,18.0,155.24,55.0,17.66,4.58,23.08,6.28
2026-01-21,2.67,5.0,38.76,16.0,117.47,38.0,6.8,2.97,28.06,11.79
2026-01-22,0.0,0.0,36.21,10.0,158.34,38.0,7.9,2.15,16.26,4.35
2026-01-23,0.0,0.0,0.0,0.0,0.0,0.0,0.0,0.0,0.0,0.0
2026-01-24,0.0,0.0,0.0,0.0,0.0,0.0,0.0,0.0,0.0,0.0
2026-01-25,3.45,3.0,10.45,6.0,52.32,15.0,0.25,0.12,12.74,0.84
2026-01-26,2.95,1.0,38.32,11.0,89.41,21.0,11.1,4.28,53.1,11.65
2026-01-27,0.0,0.0,0.0,0.0,0.0,0.0,0.0,0.0,0.0,0.0
2026-01-28,2.17,2.0,2.17,2.0,9.7,4.0,0.0,0.0,0.35,0.05
2026-01-29,4.09,6.0,7.32,7.0,10.2,9.0,3.2,1.75,3.35,1.86
2026-01-30,5.21,6.0,37.24,13.0,59.9,20.0,10.24,3.18,21.47,5.59
2026-01-31,0.0,0.0,6.43,1.0,12.58,3.0,0.0,0.0,0.0,0.0
2026-02-01,0.63,1.0,3.2,2.0,3.2,2.0,0.63,1.0,0.63,1.0
2026-02-02,0.0,0.0,0.0,0.0,14.33,3.0,0.0,0.0,1.68,0.57
2026-02-03,0.94,1.0,6.62,3.0,38.84,8.0,6.41,2.78,17.84,3.59
2026-02-04,34.26,14.0,67.49,26.0,120.75,39.0,14.48,9.53,44.04,15.2
2026-02-05,15.27,7.0,74.16,30.0,223.96,66.0,19.6,7.61,55.54,14.38
2026-02-06,4.92,2.0,17.68,7.0,118.49,25.0,1.75,1.39,6.17,2.51
2026-02-07,0.0,0.0,20.53,6.0,94.29,23.0,7.63,2.05,48.0,8.65
2026-02-08,6.58,2.0,55.84,13.0,164.89,36.0,5.37,1.38,21.22,5.25
2026-02-09,12.56,8.0,50.57,24.0,115.24,43.0,22.18,9.57,38.83,13.85
2026-02-10,22.05,7.0,111.16,28.0,149.03,40.0,48.17,10.53,51.31,12.48
2026-02-11,11.63,8.0,43.99,18.0,151.74,32.0,5.05,2.95,30.26,7.33
2026-02-12,0.0,0.0,14.58,5.0,39.06,13.0,7.04,2.42,7.04,2.42
2026-02-13,3.9,2.0,32.47,13.0,154.88,25.0,7.04,2.14,34.02,3.43
2026-02-14,2.02,5.0,26.01,12.0,337.03,47.0,3.36,2.04,147.52,11.39
2026-02-15,4.91,6.0,64.55,21.0,274.66,77.0,32.1,7.82,163.95,34.36
2026-02-16,8.82,6.0,51.08,17.0,155.28,47.0,5.45,3.82,12.61,5.88
2026-02-17,6.32,2.0,27.77,7.0,116.42,28.0,14.87,3.43,19.71,4.58
2026-02-18,0.0,0.0,0.0,0.0,0.0,0.0,0.0,0.0,0.0,0.0
2026-02-19,5.1,7.0,19.57,12.0,52.29,22.0,4.78,2.27,15.33,5.29
2026-02-20,0.31,1.0,36.49,10.0,121.91,29.0,5.68,1.51,15.2,4.27
2026-02-21,8.84,4.0,30.89,12.0,182.9,52.0,5.53,1.79,18.59,4.31
2026-02-22,8.62,6.0,41.72,14.0,105.69,30.0,5.43,3.01,20.29,6.13
2026-02-23,2.69,3.0,96.75,16.0,200.56,29.0,51.9,7.16,97.94,10.31
2026-02-24,4.86,5.0,48.47,13.0,267.53,30.0,22.06,6.39,129.0,12.02
2026-02-25,24.09,6.0,49.28,15.0,194.81,31.0,17.57,6.38,89.0,13.96
2026-02-26,33.25,10.0,52.58,15.0,101.63,27.0,4.18,4.33,26.66,8.98
2026-02-27,2.42,1.0,81.32,4.0,93.53,8.0,3.05,0.8,3.32,0.84
2026-02-28,1.01,3.0,31.41,7.0,157.42,24.0,23.22,3.26,38.41,5.33
2026-03-01,11.1,5.0,28.81,10.0,143.68,28.0,2.68,0.75,12.52,2.7
2026-03-02,24.2,18.0,49.54,34.0,259.38,187.0,5.42,5.09,18.94,19.78
2026-03-03,3.51,3.0,35.77,11.0,418.62,88.0,11.88,1.99,123.78,25.05
2026-03-04,2.14,1.0,6.37,2.0,80.94,8.0,1.7,0.4,20.92,2.94
2026-03-05,11.86,6.0,13.89,7.0,13.89,7.0,0.29,0.14,0.29,0.14
2026-03-06,10.98,3.0,24.79,8.0,40.45,12.0,8.13,2.75,10.53,3.22
2026-03-07,4.67,2.0,10.54,5.0,26.95,9.0,0.63,0.17,0.63,0.17
2026-03-08,9.22,6.0,30.69,10.0,46.48,17.0,4.56,1.41,5.25,2.3
2026-03-09,0.0,0.0,6.58,2.0,66.93,15.0,0.0,0.0,0.68,0.43
2026-03-10,0.0,0.0,0.0,0.0,0.0,0.0,0.0,0.0,0.0,0.0
2026-03-11,0.0,0.0,0.0,0.0,0.0,0.0,0.0,0.0,0.0,0.0
2026-03-12,0.0,0.0,0.0,0.0,0.0,0.0,0.0,0.0,0.0,0.0
2026-03-13,2.46,5.0,2.46,5.0,2.46,5.0,0.75,1.51,0.75,1.51
2026-03-14,1.57,2.0,4.01,3.0,63.92,14.0,1.29,1.68,24.72,4.72
2026-03-15,4.31,4.0,4.72,5.0,8.83,8.0,0.0,0.0,0.29,0.17
2026-03-16,0.57,2.0,0.57,2.0,26.48,8.0,0.05,0.23,6.52,1.77
2026-03-17,1.06,2.0,6.96,4.0,7.29,5.0,4.33,1.34,4.5,1.87
2026-03-18,5.59,1.0,10.36,2.0,26.51,7.0,4.79,0.86,11.52,2.77
2026-03-19,0.0,0.0,0.0,0.0,0.0,0.0,0.0,0.0,0.0,0.0
2026-03-20,0.0,0.0,0.0,0.0,0.0,0.0,0.0,0.0,0.0,0.0
2026-03-21,1.38,2.0,1.38,2.0,3.43,4.0,1.37,1.99,3.03,3.6
2026-03-22,0.0,0.0,0.0,0.0,13.61,4.0,0.0,0.0,0.83,0.81
2026-03-23,1.06,3.0,1.06,3.0,16.81,11.0,0.2,0.82,0.2,0.82
2026-03-24,0.64,1.0,44.41,10.0,69.34,19.0,23.67,2.97,26.7,4.17
2026-03-25,3.57,2.0,11.51,4.0,37.09,12.0,0.0,0.0,0.53,0.15
2026-03-26,0.6,1.0,8.36,3.0,16.2,5.0,1.05,1.97,1.05,1.97
2026-03-27,1.46,1.0,5.33,2.0,5.33,2.0,3.83,1.6,3.83,1.6
2026-03-28,2.62,3.0,5.9,4.0,15.1,6.0,0.0,0.0,0.0,0.0
2026-03-29,1.48,3.0,1.48,3.0,20.5,9.0,0.32,0.69,3.26,1.69
2026-03-30,2.83,2.0,6.8,5.0,6.8,5.0,2.66,2.08,2.66,2.08
2026-03-31,0.4,1.0,6.99,3.0,11.9,6.0,0.25,0.62,2.89,2.62
2026-04-01,1.76,3.0,1.76,3.0,8.58,5.0,0.31,0.63,0.31,0.63
2026-04-02,1.31,1.0,3.93,2.0,21.65,7.0,1.54,0.59,2.02,0.74
2026-04-03,0.0,0.0,0.0,0.0,0.0,0.0,0.0,0.0,0.0,0.0
2026-04-04,3.66,2.0,3.66,2.0,9.75,3.0,0.16,0.35,1.63,0.59
2026-04-05,7.32,5.0,23.19,9.0,54.76,13.0,9.32,2.18,11.56,2.42
2026-04-06,2.53,1.0,2.53,1.0,3.16,2.0,0.0,0.0,0.0,0.0
2026-04-07,0.0,0.0,0.0,0.0,0.0,0.0,0.0,0.0,0.0,0.0
2026-04-08,1.63,3.0,1.63,3.0,1.63,3.0,0.01,0.02,0.01,0.02
2026-04-09,10.7,10.0,13.69,12.0,36.59,21.0,3.86,3.61,10.52,6.9
2026-04-10,4.75,3.0,17.46,9.0,57.14,17.0,2.14,3.24,4.21,3.93
2026-04-11,0.0,0.0,0.83,2.0,35.34,11.0,0.63,1.51,0.8,1.79
2026-04-12,25.1,7.0,32.3,10.0,64.57,20.0,9.07,2.86,28.06,8.45
2026-04-13,16.89,4.0,38.24,9.0,79.8,18.0,5.65,1.58,9.33,3.18
2026-04-14,75.63,10.0,95.0,17.0,131.51,25.0,52.43,5.08,66.81,7.06
2026-04-15,15.98,4.0,48.79,11.0,76.79,17.0,3.42,2.45,4.44,2.71
2026-04-16,213.65,10.0,268.03,16.0,297.37,23.0,42.98,2.46,48.57,3.77
2026-04-17,0.53,1.0,84.68,14.0,91.77,17.0,72.62,11.65,74.07,12.0
2026-04-18,72.94,14.0,186.94,49.0,256.14,70.0,20.07,6.04,21.36,7.55
2026-04-19,60.57,14.0,151.05,27.0,267.49,45.0,16.6,4.37,79.43,10.18
2026-04-20,40.46,16.0,183.19,42.0,398.01,74.0,44.58,7.53,79.66,11.57
2026-04-21,74.99,8.0,473.17,38.0,803.99,81.0,244.79,17.15,324.61,29.88
2026-04-22,240.67,36.0,585.16,83.0,871.34,121.0,179.84,30.42,228.96,38.49
2026-04-23,201.13,40.0,757.26,130.0,1376.78,228.0,347.36,56.57,407.07,69.89
2026-04-24,138.23,28.0,757.34,83.0,1461.85,168.0,369.28,29.1,724.69,64.84
2026-04-25,355.33,47.0,1741.85,214.0,3072.01,417.0,1100.72,110.29,1861.29,210.58
2026-04-26,179.26,16.0,1006.27,114.0,2047.99,214.0,648.29,69.02,1228.7,117.39
2026-04-27,441.26,55.0,3379.34,342.0,5679.58,562.0,2417.47,212.06,3875.67,335.85
2026-04-28,0.0,0.0,0.0,0.0,0.0,0.0,0.0,0.0,0.0,0.0
2026-04-29,0.0,0.0,0.0,0.0,0.0,0.0,0.0,0.0,0.0,0.0
2026-04-30,0.0,0.0,0.0,0.0,0.0,0.0,0.0,0.0,0.0,0.0
2026-05-01,0.0,0.0,0.0,0.0,0.0,0.0,0.0,0.0,0.0,0.0
2026-05-02,0.0,0.0,0.0,0.0,0.0,0.0,0.0,0.0,0.0,0.0
2026-05-03,0.0,0.0,0.0,0.0,0.0,0.0,0.0,0.0,0.0,0.0
2026-05-04,0.0,0.0,0.0,0.0,0.0,0.0,0.0,0.0,0.0,0.0
2026-05-05,0.0,0.0,0.0,0.0,0.0,0.0,0.0,0.0,0.0,0.0
2026-05-06,0.0,0.0,0.0,0.0,0.0,0.0,0.0,0.0,0.0,0.0
2026-05-07,0.0,0.0,0.0,0.0,0.0,0.0,0.0,0.0,0.0,0.0
2026-05-08,0.0,0.0,0.0,0.0,0.0,0.0,0.0,0.0,0.0,0.0
2026-05-09,0.0,0.0,0.0,0.0,0.0,0.0,0.0,0.0,0.0,0.0
2026-05-10,0.0,0.0,0.0,0.0,0.0,0.0,0.0,0.0,0.0,0.0
2026-05-11,0.0,0.0,0.0,0.0,0.0,0.0,0.0,0.0,0.0,0.0
2026-05-12,0.0,0.0,0.0,0.0,0.0,0.0,0.0,0.0,0.0,0.0
2026-05-13,0.0,0.0,0.0,0.0,0.0,0.0,0.0,0.0,0.0,0.0
2026-05-14,0.0,0.0,0.0,0.0,0.0,0.0,0.0,0.0,0.0,0.0
2026-05-15,0.0,0.0,0.0,0.0,0.0,0.0,0.0,0.0,0.0,0.0
2026-05-16,0.0,0.0,0.0,0.0,0.0,0.0,0.0,0.0,0.0,0.0
2026-05-17,0.0,0.0,0.0,0.0,0.0,0.0,0.0,0.0,0.0,0.0
2026-05-18,0.0,0.0,0.0,0.0,0.0,0.0,0.0,0.0,0.0,0.0
2026-05-19,0.0,0.0,0.0,0.0,0.0,0.0,0.0,0.0,0.0,0.0
2026-05-20,0.0,0.0,0.0,0.0,0.0,0.0,0.0,0.0,0.0,0.0
2026-05-21,0.0,0.0,0.0,0.0,0.0,0.0,0.0,0.0,0.0,0.0
2026-05-22,0.0,0.0,0.0,0.0,0.0,0.0,0.0,0.0,0.0,0.0
2026-05-23,0.0,0.0,0.0,0.0,0.0,0.0,0.0,0.0,0.0,0.0
2026-05-24,0.0,0.0,0.0,0.0,0.0,0.0,0.0,0.0,0.0,0.0
2026-05-25,0.0,0.0,0.0,0.0,0.0,0.0,0.0,0.0,0.0,0.0
2026-05-26,0.0,0.0,0.0,0.0,0.0,0.0,0.0,0.0,0.0,0.0
2026-05-27,0.0,0.0,0.0,0.0,0.0,0.0,0.0,0.0,0.0,0.0
2026-05-28,0.0,0.0,0.0,0.0,0.0,0.0,0.0,0.0,0.0,0.0
2026-05-29,0.0,0.0,0.0,0.0,0.0,0.0,0.0,0.0,0.0,0.0
2026-05-30,0.0,0.0,0.0,0.0,0.0,0.0,0.0,0.0,0.0,0.0
2026-05-31,0.0,0.0,0.0,0.0,0.0,0.0,0.0,0.0,0.0,0.0
2026-06-01,0.0,0.0,0.0,0.0,0.0,0.0,0.0,0.0,0.0,0.0
2026-06-02,0.0,0.0,0.0,0.0,0.0,0.0,0.0,0.0,0.0,0.0
2026-06-03,15.69,8.0,18.59,10.0,34.02,18.0,1.52,1.47,1.8,1.64
2026-06-04,0.0,0.0,0.0,0.0,26.97,4.0,0.0,0.0,11.76,1.0
2026-06-05,1.26,2.0,1.26,2.0,22.49,7.0,0.0,0.0,0.05,0.05
2026-06-06,18.47,4.0,24.74,5.0,65.19,12.0,13.57,2.22,23.17,3.21
2026-06-07,9.05,5.0,9.05,5.0,12.62,7.0,0.03,0.02,0.03,0.03
2026-06-08,0.0,0.0,0.0,0.0,23.49,3.0,0.0,0.0,11.43,1.35
2026-06-09,47.4,5.0,66.25,10.0,112.17,21.0,42.42,4.84,67.75,9.53
2026-06-10,4.03,1.0,4.03,1.0,11.89,3.0,0.0,0.0,1.2,0.45
2026-06-11,4.76,2.0,4.76,2.0,9.91,3.0,0.0,0.0,0.0,0.0
2026-06-12,0.0,0.0,0.0,0.0,2.99,1.0,0.0,0.0,0.03,0.01
2026-06-13,0.0,0.0,1.16,1.0,1.16,1.0,0.85,0.73,0.85,0.73
2026-06-14,0.0,0.0,11.15,2.0,41.67,9.0,2.38,0.43,8.74,1.82
2026-06-15,0.9,1.0,0.9,1.0,12.67,9.0,0.0,0.0,0.0,0.0
2026-06-16,1.12,2.0,1.12,2.0,11.03,6.0,0.0,0.0,0.48,0.17
2026-06-17,8.96,4.0,10.23,5.0,70.02,20.0,4.59,0.86,15.62,4.06
2026-06-18,0.0,0.0,0.91,1.0,25.42,6.0,0.79,0.87,9.48,2.06
2026-06-19,7.49,4.0,7.49,4.0,31.31,11.0,0.14,0.17,2.95,0.9
2026-06-20,0.0,0.0,0.0,0.0,24.89,8.0,0.0,0.0,7.45,1.95
2026-06-21,6.65,4.0,6.65,4.0,44.23,12.0,1.9,0.87,21.28,2.94
2026-06-22,3.68,4.0,4.71,5.0,10.76,7.0,1.2,1.2,1.75,1.55
2026-06-23,0.0,0.0,0.0,0.0,110.86,22.0,0.0,0.0,0.48,0.63
2026-06-24,6.25,1.0,6.25,1.0,25.63,5.0,1.76,0.28,1.76,0.28
2026-06-25,0.0,0.0,0.0,0.0,71.44,17.0,0.0,0.0,0.0,0.0
2026-06-26,24.04,4.0,24.04,4.0,29.84,6.0,3.3,0.55,3.45,0.6
2026-06-27,21.81,4.0,28.37,6.0,113.75,21.0,6.8,0.87,7.02,0.92
2026-06-28,2.9,2.0,8.86,3.0,81.72,23.0,0.0,0.0,0.4,0.09
2026-06-29,0.0,0.0,5.27,1.0,15.32,4.0,1.94,0.37,2.01,0.39
2026-06-30,0.0,0.0,0.0,0.0,0.0,0.0,0.0,0.0,0.0,0.0
