date,frp50,n50,frp100,n100,frp200,n200,frpup100,nup100,frpup200,nup200
2015-01-01,10.92,3.0,14.22,4.0,62.4,14.0,7.73,2.24,14.98,4.78
2015-01-02,0.0,0.0,0.0,0.0,0.0,0.0,0.0,0.0,0.0,0.0
2015-01-03,0.0,0.0,0.0,0.0,0.0,0.0,0.0,0.0,0.0,0.0
2015-01-04,0.0,0.0,0.0,0.0,13.08,4.0,0.0,0.0,11.55,3.54
2015-01-05,12.14,4.0,49.87,18.0,105.24,35.0,14.5,6.13,39.88,12.17
2015-01-06,30.7,10.0,72.41,26.0,74.49,27.0,23.28,8.62,24.85,9.38
2015-01-07,0.0,0.0,0.0,0.0,12.97,5.0,0.0,0.0,5.02,1.73
2015-01-08,0.0,0.0,0.0,0.0,0.0,0.0,0.0,0.0,0.0,0.0
2015-01-09,0.0,0.0,7.5,1.0,13.19,3.0,0.0,0.0,1.94,0.92
2015-01-10,128.25,41.0,358.29,106.0,391.74,117.0,56.83,16.86,76.52,23.78
2015-01-11,14.69,5.0,14.69,5.0,16.29,7.0,9.52,2.7,9.52,2.7
2015-01-12,16.0,7.0,105.72,35.0,189.64,57.0,32.53,12.48,78.23,23.38
2015-01-13,4.4,2.0,53.59,16.0,74.44,27.0,17.35,5.46,22.69,8.53
2015-01-14,0.0,0.0,0.0,0.0,0.0,0.0,0.0,0.0,0.0,0.0
2015-01-15,0.27,1.0,11.35,5.0,41.25,15.0,5.21,2.69,21.82,7.03
2015-01-16,37.68,13.0,104.44,37.0,154.44,57.0,33.36,12.74,59.85,22.49
2015-01-17,2.58,1.0,23.17,6.0,53.47,13.0,13.35,3.57,35.91,8.65
2015-01-18,1.99,1.0,7.82,3.0,24.26,8.0,3.42,0.89,15.66,4.65
2015-01-19,20.32,6.0,54.4,15.0,62.01,17.0,24.62,6.84,28.1,7.78
2015-01-20,0.0,0.0,0.0,0.0,23.64,6.0,0.0,0.0,0.0,0.0
2015-01-21,35.96,10.0,74.07,23.0,154.9,43.0,35.01,10.99,97.73,25.55
2015-01-22,0.0,0.0,0.0,0.0,0.0,0.0,0.0,0.0,0.0,0.0
2015-01-23,0.0,0.0,0.0,0.0,34.04,3.0,0.0,0.0,2.05,0.12
2015-01-24,0.0,0.0,3.21,1.0,5.14,2.0,0.0,0.0,0.01,0.01
2015-01-25,11.93,2.0,30.18,8.0,34.25,9.0,9.74,3.11,11.19,3.46
2015-01-26,0.0,0.0,12.27,3.0,20.25,6.0,9.46,2.03,10.85,2.47
2015-01-27,3.49,1.0,34.08,13.0,77.1,29.0,12.34,4.75,30.28,11.41
2015-01-28,22.17,5.0,45.83,9.0,61.32,13.0,27.61,4.31,30.46,5.17
2015-01-29,13.4,3.0,30.07,9.0,81.11,22.0,10.83,4.09,22.37,7.12
2015-01-30,11.43,5.0,75.0,21.0,163.01,49.0,2.17,0.65,6.72,1.63
2015-01-31,54.25,9.0,436.26,40.0,545.03,68.0,22.85,7.26,55.84,14.5
2015-02-01,22.51,5.0,134.04,36.0,379.22,89.0,52.85,12.0,178.41,34.72
2015-02-02,29.84,7.0,45.04,10.0,97.98,22.0,24.8,5.75,45.58,11.03
2015-02-03,17.97,8.0,141.39,17.0,155.62,24.0,122.86,10.8,128.56,14.51
2015-02-04,0.0,0.0,3.19,1.0,16.06,5.0,2.8,0.88,2.8,0.88
2015-02-05,49.29,13.0,116.52,34.0,189.22,51.0,14.34,5.83,27.81,9.09
2015-02-06,37.56,12.0,157.8,44.0,297.49,86.0,65.96,21.53,113.56,33.3
2015-02-07,78.0,20.0,233.54,68.0,399.76,105.0,109.79,34.07,199.87,51.35
2015-02-08,20.02,4.0,127.01,25.0,239.77,51.0,47.95,8.14,59.11,10.54
2015-02-09,12.43,5.0,86.67,23.0,150.36,41.0,9.01,2.21,30.35,7.13
2015-02-10,4.44,1.0,106.53,15.0,213.37,40.0,39.95,3.44,51.13,6.13
2015-02-11,52.26,11.0,115.99,28.0,279.97,71.0,35.15,10.64,82.23,19.83
2015-02-12,19.62,7.0,150.31,46.0,346.83,95.0,50.06,15.88,90.52,23.18
2015-02-13,31.37,8.0,128.69,23.0,233.72,47.0,8.91,2.31,13.79,3.66
2015-02-14,44.16,11.0,104.54,28.0,236.14,59.0,32.58,10.19,94.31,24.86
2015-02-15,31.47,7.0,98.55,33.0,193.65,59.0,20.86,4.79,31.05,8.7
2015-02-16,1.27,2.0,23.87,7.0,64.49,13.0,4.25,0.78,31.48,5.52
2015-02-17,24.83,4.0,172.39,44.0,330.75,93.0,38.27,9.71,94.56,31.93
2015-02-18,15.59,5.0,88.09,21.0,197.51,51.0,10.75,3.22,44.54,11.9
2015-02-19,9.25,4.0,42.0,10.0,144.67,28.0,9.41,2.14,36.24,8.68
2015-02-20,8.0,3.0,9.09,4.0,42.24,11.0,5.21,1.51,21.22,3.82
2015-02-21,2.3,2.0,23.57,10.0,133.89,28.0,4.52,2.62,27.75,6.64
2015-02-22,45.26,5.0,69.03,12.0,195.72,38.0,21.16,2.95,40.62,7.03
2015-02-23,7.59,3.0,75.88,16.0,149.04,36.0,40.86,8.48,85.96,19.07
2015-02-24,0.0,0.0,0.0,0.0,0.0,0.0,0.0,0.0,0.0,0.0
2015-02-25,0.0,0.0,0.0,0.0,14.74,4.0,0.0,0.0,1.46,0.49
2015-02-26,0.98,1.0,22.91,7.0,47.7,15.0,10.8,3.44,22.97,7.36
2015-02-27,11.21,3.0,66.45,19.0,125.39,38.0,43.88,12.24,81.69,23.66
2015-02-28,6.99,2.0,18.54,6.0,76.78,22.0,3.62,1.07,26.08,9.43
2015-03-01,0.0,0.0,0.0,0.0,0.0,0.0,0.0,0.0,0.0,0.0
2015-03-02,0.0,0.0,0.0,0.0,0.49,1.0,0.0,0.0,0.0,0.0
2015-03-03,0.28,1.0,0.28,1.0,1.36,3.0,0.06,0.21,0.06,0.21
2015-03-04,0.63,1.0,3.92,4.0,15.74,11.0,2.4,1.08,2.61,1.15
2015-03-05,14.58,8.0,47.49,16.0,126.88,60.0,9.88,3.15,25.92,9.46
2015-03-06,0.0,0.0,8.58,3.0,69.94,20.0,0.0,0.0,20.64,5.17
2015-03-07,5.01,2.0,48.79,9.0,80.98,18.0,4.73,1.61,6.43,2.33
2015-03-08,0.0,0.0,0.0,0.0,0.0,0.0,0.0,0.0,0.0,0.0
2015-03-09,1.18,2.0,3.62,4.0,59.96,14.0,0.2,0.42,3.81,1.37
2015-03-10,1.84,4.0,16.26,11.0,135.36,38.0,4.45,3.69,17.88,8.37
2015-03-11,12.16,4.0,36.26,12.0,85.53,29.0,16.81,4.78,26.02,7.67
2015-03-12,0.0,0.0,56.22,12.0,159.95,31.0,15.64,4.26,65.11,11.02
2015-03-13,22.35,4.0,40.6,10.0,54.83,13.0,11.43,3.15,16.38,3.73
2015-03-14,0.0,0.0,0.0,0.0,0.0,0.0,0.0,0.0,0.0,0.0
2015-03-15,0.0,0.0,0.4,1.0,0.64,2.0,0.0,0.0,0.07,0.28
2015-03-16,4.46,2.0,34.52,11.0,140.0,33.0,7.35,2.18,66.3,15.33
2015-03-17,1.7,1.0,33.32,10.0,146.15,25.0,11.35,2.74,35.75,5.72
2015-03-18,4.8,3.0,75.86,8.0,115.42,21.0,50.36,1.77,51.28,2.83
2015-03-19,5.83,2.0,9.65,4.0,57.15,18.0,4.79,1.58,23.52,5.44
2015-03-20,24.11,4.0,30.22,6.0,87.02,18.0,5.01,1.69,11.68,3.29
2015-03-21,2.85,1.0,12.6,5.0,89.99,23.0,5.96,2.53,18.49,6.64
2015-03-22,12.77,2.0,35.6,6.0,145.37,26.0,14.6,2.78,25.25,4.84
2015-03-23,0.0,0.0,5.31,2.0,72.77,8.0,1.2,0.66,25.82,2.8
2015-03-24,1.78,1.0,10.32,3.0,58.34,11.0,1.93,0.45,10.1,1.81
2015-03-25,9.07,2.0,15.73,4.0,46.28,13.0,11.76,2.99,24.87,7.69
2015-03-26,1.79,1.0,10.27,3.0,71.6,17.0,0.0,0.0,6.0,1.74
2015-03-27,3.28,1.0,11.38,4.0,46.14,18.0,5.38,1.84,17.13,7.27
2015-03-28,0.0,0.0,33.15,4.0,61.61,11.0,7.09,1.75,26.92,4.84
2015-03-29,0.0,0.0,0.0,0.0,0.0,0.0,0.0,0.0,0.0,0.0
2015-03-30,0.0,0.0,0.0,0.0,0.17,1.0,0.0,0.0,0.15,0.89
2015-03-31,0.0,0.0,6.01,4.0,9.23,7.0,0.0,0.0,2.65,2.59
2015-04-01,0.0,0.0,13.62,3.0,24.77,6.0,13.28,2.94,21.51,5.48
2015-04-02,4.09,1.0,13.86,3.0,26.59,7.0,0.87,0.25,0.92,0.27
2015-04-03,0.0,0.0,0.0,0.0,0.0,0.0,0.0,0.0,0.0,0.0
2015-04-04,0.0,0.0,0.0,0.0,0.89,1.0,0.0,0.0,0.4,0.45
2015-04-05,0.69,2.0,20.48,10.0,42.4,14.0,8.14,3.42,23.42,5.88
2015-04-06,9.77,5.0,17.78,10.0,32.92,18.0,5.49,3.52,9.57,4.9
2015-04-07,0.0,0.0,0.92,1.0,11.79,6.0,0.36,0.39,1.07,1.12
2015-04-08,3.76,2.0,14.15,4.0,28.24,8.0,2.56,0.71,6.19,1.3
2015-04-09,0.0,0.0,12.77,4.0,33.15,10.0,3.64,0.95,12.23,3.66
2015-04-10,0.24,1.0,0.24,1.0,10.16,6.0,0.09,0.39,0.55,1.3
2015-04-11,12.45,3.0,30.21,9.0,67.14,22.0,3.38,1.0,17.03,4.75
2015-04-12,0.0,0.0,0.0,0.0,0.0,0.0,0.0,0.0,0.0,0.0
2015-04-13,0.0,0.0,0.0,0.0,0.0,0.0,0.0,0.0,0.0,0.0
2015-04-14,0.0,0.0,0.0,0.0,8.7,6.0,0.0,0.0,0.56,0.86
2015-04-15,0.0,0.0,7.19,2.0,22.57,7.0,0.3,0.07,7.57,2.43
2015-04-16,0.63,1.0,0.63,1.0,5.59,5.0,0.01,0.01,0.72,0.47
2015-04-17,1.08,1.0,2.43,2.0,26.47,10.0,0.65,0.6,2.4,1.21
2015-04-18,0.0,0.0,42.94,5.0,62.52,11.0,21.6,2.6,22.45,2.82
2015-04-19,2.13,1.0,15.86,7.0,35.57,13.0,10.3,4.73,16.24,5.65
2015-04-20,0.0,0.0,0.92,1.0,834.86,31.0,0.0,0.0,4.3,1.26
2015-04-21,0.0,0.0,26.0,8.0,98.78,21.0,0.79,1.15,39.7,6.32
2015-04-22,3.79,1.0,133.75,15.0,189.0,32.0,33.9,2.7,48.67,5.74
2015-04-23,0.0,0.0,133.41,17.0,185.68,26.0,56.26,6.15,67.23,7.36
2015-04-24,0.0,0.0,136.47,29.0,330.66,59.0,6.31,1.89,39.33,7.36
2015-04-25,11.64,5.0,66.71,23.0,166.69,40.0,4.4,1.56,21.51,5.21
2015-04-26,17.35,5.0,62.88,18.0,100.12,31.0,1.5,1.22,5.86,2.78
2015-04-27,22.12,6.0,105.85,38.0,173.08,61.0,8.65,2.89,26.12,8.39
2015-04-28,0.0,0.0,123.51,20.0,244.01,45.0,0.05,0.02,12.81,3.03
2015-04-29,0.0,0.0,324.6,53.0,525.2,114.0,1.47,0.61,41.47,13.0
2015-04-30,12.31,6.0,96.93,30.0,191.39,49.0,4.96,1.89,27.03,6.01
2015-05-01,67.5,12.0,427.49,91.0,793.47,187.0,89.6,22.68,219.73,55.89
2015-05-02,70.52,10.0,656.02,99.0,1834.14,254.0,302.12,54.28,1157.03,158.41
2015-05-03,67.71,8.0,893.56,117.0,2110.6,271.0,561.24,85.57,1650.02,209.17
2015-05-04,84.63,15.0,961.13,132.0,3240.23,368.0,736.05,98.73,2726.33,292.19
2015-05-05,41.57,10.0,951.43,199.0,4263.34,816.0,665.83,143.94,3542.56,668.58
2015-05-06,178.1,24.0,708.02,110.0,3682.19,487.0,115.76,15.85,211.41,27.12
2015-05-07,150.84,15.0,854.8,118.0,4017.31,550.0,692.65,90.71,3396.59,439.65
2015-05-08,81.22,12.0,277.81,41.0,1147.79,189.0,162.61,23.65,679.43,92.73
2015-05-09,24.65,4.0,371.14,52.0,3414.18,461.0,24.1,2.43,38.82,5.31
2015-05-10,22.35,6.0,96.55,28.0,991.36,252.0,45.49,17.42,753.69,204.17
2015-05-11,12.76,4.0,123.12,34.0,669.81,177.0,7.88,1.81,24.32,6.05
2015-05-12,13.27,4.0,196.61,37.0,992.22,187.0,15.57,5.18,41.62,13.32
2015-05-13,0.0,0.0,0.0,0.0,288.5,65.0,0.0,0.0,177.1,40.52
2015-05-14,7.16,2.0,22.14,5.0,740.88,139.0,2.03,0.57,636.55,117.75
2015-05-15,3.23,1.0,45.32,6.0,157.39,33.0,3.95,0.67,40.16,6.89
2015-05-16,6.31,2.0,29.23,7.0,796.83,212.0,6.64,2.01,27.45,9.51
2015-05-17,19.88,3.0,93.21,17.0,715.08,148.0,39.0,6.07,57.06,11.12
2015-05-18,15.3,2.0,106.5,22.0,620.94,139.0,10.67,3.61,161.69,47.68
2015-05-19,0.0,0.0,0.0,0.0,85.03,24.0,0.0,0.0,3.45,1.43
2015-05-20,0.0,0.0,37.83,6.0,430.95,98.0,11.51,1.76,163.99,30.84
2015-05-21,82.33,7.0,150.37,22.0,1007.13,224.0,45.28,5.01,211.35,41.65
2015-05-22,11.16,2.0,30.73,7.0,947.41,200.0,8.36,1.8,153.07,22.55
2015-05-23,9.1,4.0,76.8,9.0,634.36,125.0,1.45,1.16,10.37,4.69
2015-05-24,35.8,4.0,42.9,5.0,631.12,181.0,2.31,0.29,3.13,0.51
2015-05-25,0.0,0.0,14.25,3.0,242.83,57.0,1.51,0.87,15.71,3.26
2015-05-26,30.38,6.0,51.34,10.0,251.32,60.0,1.76,1.0,41.85,14.54
2015-05-27,12.94,1.0,52.63,7.0,203.94,53.0,21.47,2.73,58.73,11.1
2015-05-28,10.19,4.0,42.53,7.0,608.33,138.0,26.5,3.46,70.75,14.78
2015-05-29,24.68,2.0,50.87,8.0,531.06,164.0,5.94,1.24,54.24,19.87
2015-05-30,0.0,0.0,7.11,2.0,584.92,152.0,0.0,0.0,40.6,7.49
2015-05-31,8.59,2.0,36.46,5.0,128.64,57.0,7.89,1.11,49.43,19.99
2015-06-01,0.0,0.0,0.0,0.0,199.32,67.0,0.0,0.0,7.49,2.45
2015-06-02,0.0,0.0,0.0,0.0,251.01,76.0,0.0,0.0,148.01,61.79
2015-06-03,0.0,0.0,0.0,0.0,141.86,24.0,0.0,0.0,14.29,2.77
2015-06-04,0.0,0.0,0.0,0.0,271.93,106.0,0.0,0.0,108.61,36.83
2015-06-05,6.21,2.0,36.96,7.0,386.78,89.0,5.6,1.17,41.48,9.75
2015-06-06,12.68,4.0,20.5,8.0,433.76,107.0,9.69,3.34,20.27,5.92
2015-06-07,11.4,4.0,28.5,7.0,390.83,110.0,0.0,0.0,36.72,9.47
2015-06-08,0.0,0.0,0.86,1.0,693.71,166.0,0.07,0.08,105.66,22.48
2015-06-09,0.0,0.0,5.21,1.0,1394.33,240.0,0.0,0.0,15.2,2.0
2015-06-10,0.0,0.0,39.55,8.0,233.75,49.0,0.0,0.0,0.43,0.11
2015-06-11,0.0,0.0,0.0,0.0,422.51,77.0,0.0,0.0,22.85,4.05
2015-06-12,0.0,0.0,19.47,3.0,174.56,51.0,4.4,1.0,6.08,1.64
2015-06-13,0.0,0.0,0.0,0.0,44.33,19.0,0.0,0.0,0.0,0.0
2015-06-14,0.0,0.0,0.0,0.0,21.48,17.0,0.0,0.0,10.16,8.2
2015-06-15,0.0,0.0,8.89,1.0,32.7,11.0,0.0,0.0,0.0,0.0
2015-06-16,0.0,0.0,5.18,2.0,56.74,24.0,0.0,0.0,2.39,0.86
2015-06-17,0.0,0.0,3.68,1.0,63.4,10.0,0.22,0.06,12.21,2.45
2015-06-18,0.0,0.0,3.6,1.0,48.49,9.0,0.0,0.0,0.0,0.0
2015-06-19,0.0,0.0,29.05,4.0,69.83,16.0,1.24,0.26,9.82,2.45
2015-06-20,0.0,0.0,6.87,1.0,8.59,2.0,6.11,0.89,6.11,0.89
2015-06-21,0.0,0.0,0.0,0.0,0.0,0.0,0.0,0.0,0.0,0.0
2015-06-22,0.0,0.0,0.0,0.0,12.04,2.0,0.0,0.0,3.69,1.06
2015-06-23,0.0,0.0,0.0,0.0,4.25,1.0,0.0,0.0,0.0,0.0
2015-06-24,0.0,0.0,0.0,0.0,11.02,2.0,0.0,0.0,9.1,1.65
2015-06-25,0.0,0.0,0.0,0.0,1.55,1.0,0.0,0.0,1.55,1.0
2015-06-26,0.0,0.0,0.0,0.0,8.52,2.0,0.0,0.0,0.51,0.13
2015-06-27,0.0,0.0,0.0,0.0,0.0,0.0,0.0,0.0,0.0,0.0
2015-06-28,0.0,0.0,0.0,0.0,0.0,0.0,0.0,0.0,0.0,0.0
2015-06-29,0.0,0.0,0.0,0.0,0.0,0.0,0.0,0.0,0.0,0.0
2015-06-30,0.0,0.0,0.0,0.0,0.0,0.0,0.0,0.0,0.0,0.0
2015-07-01,0.0,0.0,0.0,0.0,6.33,1.0,0.0,0.0,0.0,0.0
2015-07-02,0.0,0.0,0.0,0.0,3.91,1.0,0.0,0.0,0.0,0.0
2015-07-03,0.0,0.0,0.0,0.0,0.0,0.0,0.0,0.0,0.0,0.0
2015-07-04,0.0,0.0,0.0,0.0,0.0,0.0,0.0,0.0,0.0,0.0
2015-07-05,0.0,0.0,0.0,0.0,0.0,0.0,0.0,0.0,0.0,0.0
2015-07-06,0.0,0.0,0.0,0.0,0.0,0.0,0.0,0.0,0.0,0.0
2015-07-07,0.0,0.0,0.0,0.0,0.0,0.0,0.0,0.0,0.0,0.0
2015-07-08,0.0,0.0,0.0,0.0,0.0,0.0,0.0,0.0,0.0,0.0
2015-07-09,0.0,0.0,0.52,1.0,0.52,1.0,0.19,0.37,0.19,0.37
2015-07-10,0.0,0.0,0.0,0.0,0.0,0.0,0.0,0.0,0.0,0.0
2015-07-11,0.0,0.0,0.0,0.0,0.0,0.0,0.0,0.0,0.0,0.0
2015-07-12,0.0,0.0,0.0,0.0,0.0,0.0,0.0,0.0,0.0,0.0
2015-07-13,0.0,0.0,0.0,0.0,0.0,0.0,0.0,0.0,0.0,0.0
2015-07-14,0.0,0.0,0.0,0.0,6.4,1.0,0.0,0.0,2.92,0.46
2015-07-15,0.0,0.0,0.0,0.0,0.0,0.0,0.0,0.0,0.0,0.0
2015-07-16,0.0,0.0,0.0,0.0,0.0,0.0,0.0,0.0,0.0,0.0
2015-07-17,0.0,0.0,0.0,0.0,0.0,0.0,0.0,0.0,0.0,0.0
2015-07-18,0.0,0.0,0.0,0.0,0.0,0.0,0.0,0.0,0.0,0.0
2015-07-19,0.0,0.0,0.0,0.0,0.0,0.0,0.0,0.0,0.0,0.0
2015-07-20,0.0,0.0,0.0,0.0,0.0,0.0,0.0,0.0,0.0,0.0
2015-07-21,0.0,0.0,0.0,0.0,0.0,0.0,0.0,0.0,0.0,0.0
2015-07-22,0.0,0.0,0.0,0.0,0.0,0.0,0.0,0.0,0.0,0.0
2015-07-23,0.0,0.0,0.0,0.0,0.0,0.0,0.0,0.0,0.0,0.0
2015-07-24,0.0,0.0,0.0,0.0,0.0,0.0,0.0,0.0,0.0,0.0
2015-07-25,0.0,0.0,0.0,0.0,0.0,0.0,0.0,0.0,0.0,0.0
2015-07-26,0.0,0.0,1.36,1.0,3.26,2.0,0.0,0.0,0.0,0.0
2015-07-27,0.0,0.0,1.85,1.0,15.15,5.0,0.0,0.0,1.99,1.03
2015-07-28,0.0,0.0,0.0,0.0,1.41,1.0,0.0,0.0,0.0,0.0
2015-07-29,0.0,0.0,0.0,0.0,0.0,0.0,0.0,0.0,0.0,0.0
2015-07-30,0.0,0.0,0.0,0.0,0.0,0.0,0.0,0.0,0.0,0.0
2015-07-31,0.0,0.0,0.0,0.0,0.0,0.0,0.0,0.0,0.0,0.0
2015-08-01,0.0,0.0,0.0,0.0,0.98,1.0,0.0,0.0,0.0,0.0
2015-08-02,0.0,0.0,0.0,0.0,0.0,0.0,0.0,0.0,0.0,0.0
2015-08-03,0.0,0.0,0.0,0.0,0.0,0.0,0.0,0.0,0.0,0.0
2015-08-04,0.0,0.0,0.0,0.0,0.0,0.0,0.0,0.0,0.0,0.0
2015-08-05,0.0,0.0,0.0,0.0,0.0,0.0,0.0,0.0,0.0,0.0
2015-08-06,1.31,1.0,1.31,1.0,1.31,1.0,0.71,0.54,0.71,0.54
2015-08-07,0.0,0.0,0.0,0.0,0.0,0.0,0.0,0.0,0.0,0.0
2015-08-08,0.0,0.0,0.0,0.0,0.0,0.0,0.0,0.0,0.0,0.0
2015-08-09,0.0,0.0,0.0,0.0,0.0,0.0,0.0,0.0,0.0,0.0
2015-08-10,0.0,0.0,0.0,0.0,0.0,0.0,0.0,0.0,0.0,0.0
2015-08-11,0.0,0.0,0.0,0.0,0.0,0.0,0.0,0.0,0.0,0.0
2015-08-12,0.0,0.0,0.0,0.0,6.11,2.0,0.0,0.0,0.0,0.0
2015-08-13,0.0,0.0,0.0,0.0,0.0,0.0,0.0,0.0,0.0,0.0
2015-08-14,0.0,0.0,0.0,0.0,0.0,0.0,0.0,0.0,0.0,0.0
2015-08-15,0.0,0.0,0.0,0.0,0.0,0.0,0.0,0.0,0.0,0.0
2015-08-16,0.0,0.0,0.0,0.0,0.0,0.0,0.0,0.0,0.0,0.0
2015-08-17,0.0,0.0,0.0,0.0,1.77,1.0,0.0,0.0,0.0,0.0
2015-08-18,2.26,1.0,2.26,1.0,2.26,1.0,2.24,0.99,2.24,0.99
2015-08-19,0.0,0.0,0.0,0.0,0.0,0.0,0.0,0.0,0.0,0.0
2015-08-20,0.0,0.0,0.0,0.0,0.0,0.0,0.0,0.0,0.0,0.0
2015-08-21,0.0,0.0,0.0,0.0,0.0,0.0,0.0,0.0,0.0,0.0
2015-08-22,0.0,0.0,0.0,0.0,0.0,0.0,0.0,0.0,0.0,0.0
2015-08-23,0.0,0.0,0.0,0.0,5.87,1.0,0.0,0.0,0.0,0.0
2015-08-24,0.0,0.0,0.0,0.0,0.0,0.0,0.0,0.0,0.0,0.0
2015-08-25,1.37,1.0,1.37,1.0,1.37,1.0,1.37,1.0,1.37,1.0
2015-08-26,0.0,0.0,0.0,0.0,11.16,2.0,0.0,0.0,2.39,0.43
2015-08-27,3.73,1.0,3.73,1.0,3.73,1.0,0.0,0.0,0.0,0.0
2015-08-28,0.0,0.0,0.0,0.0,0.0,0.0,0.0,0.0,0.0,0.0
2015-08-29,5.09,2.0,5.09,2.0,5.09,2.0,2.56,1.01,2.56,1.01
2015-08-30,0.0,0.0,0.0,0.0,0.0,0.0,0.0,0.0,0.0,0.0
2015-08-31,0.0,0.0,0.0,0.0,10.36,2.0,0.0,0.0,10.34,2.0
2015-09-01,0.0,0.0,0.0,0.0,1.66,1.0,0.0,0.0,0.21,0.13
2015-09-02,2.13,1.0,2.13,1.0,7.35,3.0,2.11,0.99,2.15,1.01
2015-09-03,0.0,0.0,0.0,0.0,0.0,0.0,0.0,0.0,0.0,0.0
2015-09-04,0.0,0.0,0.0,0.0,0.0,0.0,0.0,0.0,0.0,0.0
2015-09-05,2.1,1.0,2.1,1.0,34.07,5.0,2.04,0.97,13.57,2.47
2015-09-06,0.0,0.0,0.0,0.0,0.0,0.0,0.0,0.0,0.0,0.0
2015-09-07,0.0,0.0,2.13,1.0,16.65,7.0,1.56,0.73,6.54,2.81
2015-09-08,4.55,1.0,4.55,1.0,14.86,6.0,4.47,0.98,5.2,1.33
2015-09-09,3.37,1.0,6.2,2.0,16.58,4.0,0.0,0.0,8.08,1.54
2015-09-10,0.0,0.0,0.0,0.0,12.59,4.0,0.0,0.0,9.22,2.31
2015-09-11,0.0,0.0,0.0,0.0,4.93,1.0,0.0,0.0,4.92,1.0
2015-09-12,0.0,0.0,5.09,2.0,64.83,12.0,0.0,0.0,5.38,0.96
2015-09-13,0.0,0.0,0.0,0.0,45.93,13.0,0.0,0.0,2.7,1.39
2015-09-14,0.0,0.0,0.0,0.0,0.0,0.0,0.0,0.0,0.0,0.0
2015-09-15,0.0,0.0,1.44,1.0,9.36,4.0,0.0,0.0,0.0,0.0
2015-09-16,0.0,0.0,0.0,0.0,8.44,3.0,0.0,0.0,0.0,0.0
2015-09-17,0.0,0.0,3.39,1.0,49.5,15.0,0.0,0.0,0.0,0.0
2015-09-18,0.0,0.0,0.0,0.0,10.17,1.0,0.0,0.0,0.0,0.0
2015-09-19,0.38,1.0,0.38,1.0,0.38,1.0,0.0,0.0,0.0,0.0
2015-09-20,0.0,0.0,0.0,0.0,3.79,1.0,0.0,0.0,0.12,0.03
2015-09-21,0.0,0.0,0.0,0.0,3.06,1.0,0.0,0.0,0.0,0.0
2015-09-22,0.0,0.0,0.0,0.0,2.06,1.0,0.0,0.0,1.59,0.77
2015-09-23,1.96,1.0,1.96,1.0,2.52,2.0,1.09,0.56,1.09,0.56
2015-09-24,0.93,1.0,2.89,2.0,6.0,3.0,1.75,1.38,1.75,1.38
2015-09-25,0.65,1.0,0.65,1.0,0.65,1.0,0.07,0.11,0.07,0.11
2015-09-26,0.0,0.0,0.0,0.0,8.37,3.0,0.0,0.0,5.07,1.82
2015-09-27,0.0,0.0,0.0,0.0,29.24,3.0,0.0,0.0,26.47,2.72
2015-09-28,0.0,0.0,2.75,1.0,54.94,9.0,2.57,0.93,51.91,8.02
2015-09-29,1.92,1.0,4.21,2.0,117.84,35.0,2.95,1.41,109.02,31.81
2015-09-30,19.42,4.0,19.42,4.0,110.51,22.0,3.64,0.75,73.75,14.73
2015-10-01,0.0,0.0,0.0,0.0,88.93,27.0,0.0,0.0,83.58,25.56
2015-10-02,0.0,0.0,0.0,0.0,185.9,52.0,0.0,0.0,146.07,39.94
2015-10-03,32.2,4.0,37.65,7.0,295.77,57.0,2.5,1.04,233.52,45.01
2015-10-04,0.0,0.0,12.38,3.0,492.53,126.0,0.0,0.0,1.15,0.28
2015-10-05,6.36,2.0,12.71,4.0,421.47,90.0,5.29,1.67,10.91,3.68
2015-10-06,0.0,0.0,3.87,2.0,299.89,50.0,0.0,0.0,244.91,40.51
2015-10-07,0.0,0.0,3.58,1.0,212.43,41.0,0.0,0.0,142.26,29.74
2015-10-08,0.0,0.0,0.0,0.0,595.35,95.0,0.0,0.0,524.43,76.96
2015-10-09,13.35,4.0,21.79,6.0,932.53,181.0,13.38,3.41,440.09,86.42
2015-10-10,6.44,2.0,39.08,13.0,1027.48,237.0,4.38,1.72,73.07,13.65
2015-10-11,1.47,1.0,90.48,6.0,839.79,130.0,19.68,4.28,628.07,101.3
2015-10-12,0.0,0.0,0.0,0.0,454.19,90.0,0.0,0.0,40.41,6.42
2015-10-13,1.96,1.0,9.72,4.0,444.68,66.0,1.22,0.59,4.06,1.67
2015-10-14,2.97,1.0,26.72,8.0,637.84,116.0,0.07,0.02,20.07,7.43
2015-10-15,0.0,0.0,20.66,7.0,572.38,124.0,1.08,0.25,98.83,20.42
2015-10-16,0.0,0.0,11.08,2.0,682.3,131.0,1.22,0.21,48.22,6.55
2015-10-17,0.0,0.0,22.61,7.0,600.0,132.0,0.06,0.01,481.28,104.06
2015-10-18,25.46,2.0,45.29,6.0,868.12,197.0,4.09,1.07,14.24,3.44
2015-10-19,1.52,1.0,33.65,10.0,1273.11,236.0,6.85,3.06,569.68,101.17
2015-10-20,1.88,1.0,82.11,23.0,1907.05,396.0,2.13,0.93,1502.01,293.07
2015-10-21,6.5,3.0,47.54,12.0,1231.35,233.0,5.21,1.9,778.17,135.93
2015-10-22,21.14,5.0,86.64,19.0,1401.13,236.0,14.31,3.84,918.45,148.23
2015-10-23,0.0,0.0,113.04,16.0,1632.16,275.0,0.0,0.0,1080.48,175.22
2015-10-24,3.88,2.0,131.31,30.0,2309.87,395.0,67.88,14.79,100.78,20.78
2015-10-25,12.76,5.0,363.59,73.0,2560.54,439.0,46.4,9.83,314.98,56.45
2015-10-26,4.51,1.0,193.46,40.0,601.12,130.0,6.78,2.04,184.12,39.58
2015-10-27,8.55,3.0,148.95,35.0,1444.6,265.0,16.64,5.1,864.08,152.77
2015-10-28,0.0,0.0,0.0,0.0,55.78,16.0,0.0,0.0,42.53,12.23
2015-10-29,5.97,4.0,18.67,10.0,1156.23,154.0,5.39,2.43,5.86,2.59
2015-10-30,30.14,11.0,215.54,45.0,3040.28,476.0,29.46,5.3,1150.22,181.67
2015-10-31,10.65,4.0,229.68,63.0,3613.19,671.0,89.81,23.11,204.63,52.8
2015-11-01,12.95,3.0,269.35,51.0,2655.87,453.0,18.43,3.83,290.07,57.17
2015-11-02,1.44,1.0,96.29,23.0,1651.7,284.0,9.16,3.17,614.56,101.34
2015-11-03,4.59,2.0,124.66,24.0,2754.81,556.0,2.46,0.95,2299.12,459.0
2015-11-04,10.33,5.0,176.25,50.0,4239.7,579.0,7.19,2.69,195.83,33.28
2015-11-05,0.0,0.0,155.66,39.0,556.75,117.0,24.34,5.99,62.73,12.5
2015-11-06,0.0,0.0,87.08,20.0,779.85,143.0,33.32,7.49,139.06,24.78
2015-11-07,0.93,2.0,64.23,12.0,249.49,42.0,0.06,0.13,54.58,12.91
2015-11-08,2.71,2.0,109.26,22.0,362.64,72.0,0.11,0.05,43.36,13.0
2015-11-09,0.63,2.0,53.14,10.0,787.15,155.0,7.32,1.87,125.0,28.53
2015-11-10,9.8,4.0,89.5,24.0,1441.87,319.0,9.8,2.82,986.91,207.59
2015-11-11,36.46,8.0,213.42,55.0,1893.01,370.0,16.38,7.24,1186.91,217.2
2015-11-12,2.22,1.0,76.51,18.0,684.05,136.0,5.72,1.75,456.63,79.24
2015-11-13,0.0,0.0,47.5,8.0,300.36,66.0,0.0,0.0,161.22,34.47
2015-11-14,3.25,1.0,31.23,6.0,253.01,46.0,7.98,2.12,129.69,27.07
2015-11-15,6.1,2.0,63.43,16.0,520.38,116.0,12.86,4.47,326.13,70.7
2015-11-16,19.73,1.0,82.07,27.0,521.28,138.0,14.08,6.32,323.56,79.7
2015-11-17,7.43,2.0,38.81,11.0,436.55,96.0,9.29,3.19,271.04,52.71
2015-11-18,0.0,0.0,12.18,7.0,157.64,48.0,9.8,5.28,111.6,33.9
2015-11-19,5.32,2.0,30.22,10.0,164.28,50.0,6.94,2.23,110.48,30.48
2015-11-20,8.14,3.0,57.93,15.0,215.31,53.0,27.18,3.51,107.35,24.61
2015-11-21,5.81,3.0,55.77,17.0,194.15,65.0,12.23,4.45,87.25,28.68
2015-11-22,17.4,7.0,50.24,20.0,136.21,41.0,20.42,7.64,55.0,14.77
2015-11-23,2.4,1.0,15.0,6.0,35.63,13.0,1.63,0.77,7.29,1.76
2015-11-24,2.29,1.0,31.79,6.0,132.51,26.0,19.08,3.36,80.41,13.5
2015-11-25,0.0,0.0,0.0,0.0,12.11,6.0,0.0,0.0,9.01,3.43
2015-11-26,14.61,6.0,37.92,15.0,59.88,21.0,4.06,1.47,10.39,2.34
2015-11-27,12.32,5.0,26.06,12.0,30.26,13.0,12.37,4.64,16.39,5.6
2015-11-28,7.87,4.0,21.56,7.0,29.03,10.0,7.08,1.68,7.42,1.74
2015-11-29,1.87,1.0,9.62,4.0,16.64,7.0,4.97,2.07,9.46,4.42
2015-11-30,4.73,3.0,22.57,10.0,38.85,16.0,7.96,4.13,9.12,5.05
2015-12-01,9.29,5.0,52.02,14.0,82.55,24.0,36.06,7.49,39.73,9.45
2015-12-02,7.85,3.0,60.21,23.0,136.01,45.0,22.25,8.11,39.34,12.8
2015-12-03,24.67,11.0,44.82,17.0,90.84,32.0,10.25,4.4,13.73,5.52
2015-12-04,27.02,8.0,68.37,14.0,95.97,24.0,44.39,7.77,52.79,10.05
2015-12-05,37.68,10.0,68.39,19.0,99.63,24.0,9.75,2.79,13.66,4.19
2015-12-06,10.6,5.0,92.48,35.0,144.62,48.0,7.86,3.16,15.56,6.32
2015-12-07,33.4,11.0,94.83,32.0,127.67,40.0,4.15,1.17,11.48,2.79
2015-12-08,64.16,16.0,108.27,29.0,145.9,39.0,62.73,15.31,68.82,17.27
2015-12-09,0.5,1.0,0.5,1.0,7.49,5.0,0.0,0.0,0.0,0.0
2015-12-10,28.81,8.0,65.66,18.0,78.7,23.0,36.02,10.07,40.3,12.0
2015-12-11,0.0,0.0,13.0,4.0,42.97,11.0,4.37,1.9,17.73,5.77
2015-12-12,0.61,1.0,17.09,6.0,41.96,14.0,2.86,2.13,13.78,6.11
2015-12-13,46.69,18.0,163.48,60.0,226.49,80.0,21.67,9.22,41.64,14.45
2015-12-14,32.79,11.0,96.44,29.0,170.81,48.0,11.86,4.04,18.68,6.23
2015-12-15,40.38,9.0,78.56,25.0,144.46,43.0,12.33,4.43,14.58,4.77
2015-12-16,35.57,13.0,177.68,48.0,287.36,78.0,23.04,4.67,30.89,6.97
2015-12-17,53.79,14.0,187.73,44.0,296.57,72.0,91.79,22.06,148.6,37.91
2015-12-18,73.29,26.0,226.15,77.0,405.15,134.0,48.19,15.05,95.83,28.17
2015-12-19,39.47,12.0,138.57,44.0,293.16,84.0,43.63,12.74,69.33,18.95
2015-12-20,50.25,16.0,133.89,41.0,231.84,66.0,72.54,25.36,97.16,34.53
2015-12-21,60.76,21.0,161.75,52.0,218.96,70.0,50.57,17.55,79.66,27.34
2015-12-22,43.02,14.0,207.39,57.0,318.82,94.0,20.4,4.95,47.1,11.08
2015-12-23,67.94,19.0,189.05,62.0,338.59,105.0,47.18,17.12,92.44,29.24
2015-12-24,32.01,13.0,149.21,47.0,276.94,88.0,35.97,10.76,61.52,18.95
2015-12-25,14.35,6.0,57.93,17.0,166.11,50.0,20.37,6.24,50.17,14.18
2015-12-26,35.77,9.0,95.85,27.0,184.67,54.0,27.32,6.49,37.33,9.83
2015-12-27,41.95,9.0,110.81,25.0,237.82,53.0,41.67,9.1,69.02,16.72
2015-12-28,8.24,4.0,121.96,24.0,231.93,49.0,35.9,8.05,60.14,13.87
2015-12-29,33.9,12.0,100.15,36.0,277.87,85.0,24.27,6.76,38.82,10.19
2015-12-30,4.47,3.0,4.47,3.0,5.16,4.0,3.63,2.16,3.63,2.16
2015-12-31,15.34,6.0,94.04,36.0,215.86,83.0,38.81,13.71,59.46,21.92
2016-01-01,3.3,2.0,49.08,15.0,131.93,41.0,7.41,2.2,20.72,5.12
2016-01-02,33.96,10.0,143.67,31.0,304.28,82.0,37.29,8.91,76.86,19.11
2016-01-03,82.12,33.0,249.58,90.0,457.13,159.0,47.01,18.06,70.51,26.38
2016-01-04,63.82,15.0,134.45,31.0,213.15,52.0,29.64,7.66,44.5,12.9
2016-01-05,12.68,4.0,106.89,28.0,211.63,44.0,27.47,6.48,88.04,15.68
2016-01-06,16.05,2.0,34.02,6.0,88.45,19.0,14.02,2.79,56.66,13.01
2016-01-07,26.33,7.0,60.17,18.0,108.49,33.0,39.21,10.99,50.47,14.99
2016-01-08,50.99,18.0,110.17,42.0,211.33,76.0,16.67,7.31,33.48,12.94
2016-01-09,26.08,3.0,110.07,18.0,178.71,38.0,44.96,5.47,59.76,8.4
2016-01-10,48.82,10.0,136.53,33.0,228.4,60.0,41.88,10.14,57.49,14.03
2016-01-11,24.76,6.0,118.85,29.0,196.73,46.0,60.49,16.19,95.17,23.42
2016-01-12,25.56,6.0,65.06,16.0,141.95,38.0,24.86,5.74,48.24,13.85
2016-01-13,14.36,6.0,94.17,31.0,216.24,69.0,67.81,20.8,140.52,42.33
2016-01-14,2.52,1.0,7.7,2.0,34.96,7.0,2.15,0.85,2.16,0.86
2016-01-15,0.0,0.0,11.64,3.0,63.33,18.0,0.6,0.23,4.77,1.54
2016-01-16,11.49,4.0,32.19,9.0,56.93,15.0,4.38,1.37,17.45,3.24
2016-01-17,30.48,10.0,139.79,37.0,193.16,58.0,64.49,20.54,79.29,27.32
2016-01-18,72.95,16.0,178.62,43.0,261.25,68.0,83.07,19.6,108.98,28.37
2016-01-19,21.63,4.0,37.42,11.0,57.22,18.0,10.63,2.67,22.65,6.56
2016-01-20,0.0,0.0,0.0,0.0,47.52,11.0,0.0,0.0,6.17,1.38
2016-01-21,12.37,2.0,40.7,10.0,43.39,11.0,28.01,8.18,30.36,9.05
2016-01-22,17.56,6.0,77.63,23.0,126.93,37.0,25.11,6.48,32.79,9.07
2016-01-23,39.77,11.0,142.93,34.0,221.83,56.0,67.34,16.33,80.5,20.57
2016-01-24,23.77,9.0,75.09,25.0,246.69,68.0,16.09,6.56,54.01,14.12
2016-01-25,37.6,11.0,67.01,17.0,146.38,41.0,39.08,11.66,46.51,13.68
2016-01-26,15.84,4.0,44.2,9.0,89.64,21.0,4.68,1.65,23.26,6.59
2016-01-27,35.04,7.0,99.52,21.0,150.74,37.0,67.56,13.61,95.71,22.74
2016-01-28,11.69,2.0,67.28,13.0,184.09,32.0,13.7,3.45,58.76,9.02
2016-01-29,36.14,5.0,180.65,38.0,267.44,59.0,113.73,24.29,139.64,31.17
2016-01-30,21.75,7.0,169.26,51.0,359.3,103.0,66.32,20.48,119.68,32.98
2016-01-31,0.0,0.0,0.0,0.0,8.98,4.0,0.0,0.0,0.1,0.15
2016-02-01,2.77,1.0,41.25,15.0,208.6,50.0,12.37,4.14,92.63,15.9
2016-02-02,8.13,4.0,60.6,14.0,177.75,34.0,4.12,1.34,38.47,4.54
2016-02-03,41.01,12.0,109.74,22.0,308.3,64.0,23.11,6.62,71.91,16.57
2016-02-04,18.34,6.0,144.1,37.0,330.88,91.0,11.78,3.54,33.39,9.13
2016-02-05,41.26,7.0,142.05,28.0,286.59,68.0,33.54,6.85,54.2,10.33
2016-02-06,4.4,2.0,67.06,17.0,289.49,53.0,8.64,1.45,65.83,13.15
2016-02-07,3.36,1.0,22.51,7.0,74.25,16.0,4.71,1.24,8.29,2.23
2016-02-08,32.19,6.0,92.76,19.0,181.23,38.0,15.9,3.81,42.47,7.67
2016-02-09,40.41,10.0,118.77,33.0,223.16,66.0,25.28,8.34,55.94,14.76
2016-02-10,42.33,9.0,148.31,39.0,295.86,82.0,3.52,1.08,13.49,7.24
2016-02-11,28.29,5.0,84.73,15.0,133.66,28.0,25.6,4.09,35.04,8.82
2016-02-12,2.09,1.0,35.0,11.0,636.62,72.0,12.69,4.0,327.6,37.54
2016-02-13,0.0,0.0,12.68,3.0,27.84,8.0,1.44,0.32,3.19,0.96
2016-02-14,27.61,6.0,104.2,24.0,217.96,50.0,16.52,5.52,55.72,14.64
2016-02-15,0.91,2.0,11.66,7.0,106.1,28.0,3.57,2.47,43.84,9.23
2016-02-16,40.37,11.0,119.96,29.0,278.41,69.0,68.71,15.43,115.4,26.88
2016-02-17,8.14,1.0,57.63,14.0,216.71,52.0,22.38,6.45,48.49,12.81
2016-02-18,0.0,0.0,0.0,0.0,10.58,2.0,0.0,0.0,5.9,0.77
2016-02-19,0.0,0.0,0.0,0.0,0.0,0.0,0.0,0.0,0.0,0.0
2016-02-20,1.63,1.0,6.72,4.0,59.87,18.0,1.02,1.14,9.54,2.86
2016-02-21,17.63,5.0,47.32,14.0,108.12,29.0,13.07,4.12,22.77,5.9
2016-02-22,93.99,9.0,124.13,18.0,215.4,33.0,77.81,10.29,89.25,13.32
2016-02-23,7.7,2.0,43.08,13.0,204.94,45.0,7.88,2.36,15.3,4.94
2016-02-24,2.42,2.0,31.38,9.0,158.1,38.0,0.19,0.64,0.59,0.75
2016-02-25,4.9,2.0,168.35,18.0,441.28,76.0,1.43,0.96,64.38,13.98
2016-02-26,6.38,1.0,50.52,9.0,271.45,61.0,30.47,5.72,171.76,43.11
2016-02-27,5.81,2.0,75.35,12.0,312.17,55.0,0.35,0.54,0.35,0.54
2016-02-28,11.94,5.0,21.21,8.0,171.78,51.0,2.41,1.0,23.97,6.74
2016-02-29,0.84,1.0,14.47,3.0,957.16,32.0,0.0,0.0,0.0,0.0
2016-03-01,14.38,5.0,56.4,12.0,150.98,40.0,43.74,8.19,56.32,12.21
2016-03-02,14.73,2.0,43.6,8.0,120.1,37.0,22.45,3.86,36.41,10.16
2016-03-03,0.0,0.0,26.53,7.0,163.7,36.0,5.59,1.53,28.84,7.54
2016-03-04,0.0,0.0,7.88,2.0,121.53,31.0,5.5,1.38,11.85,3.61
2016-03-05,0.0,0.0,21.74,1.0,99.08,12.0,1.65,0.08,67.17,6.43
2016-03-06,0.65,1.0,0.65,1.0,11.04,8.0,0.0,0.0,5.46,4.36
2016-03-07,0.0,0.0,30.37,8.0,109.91,28.0,16.92,3.46,30.41,7.26
2016-03-08,0.0,0.0,32.32,5.0,175.74,31.0,15.41,2.1,48.97,8.54
2016-03-09,0.46,1.0,9.76,2.0,68.13,15.0,6.32,1.33,40.75,9.45
2016-03-10,0.0,0.0,4.85,2.0,20.71,8.0,2.86,1.18,6.9,2.55
2016-03-11,0.0,0.0,3.35,1.0,12.8,6.0,0.0,0.0,0.04,0.07
2016-03-12,0.0,0.0,2.16,1.0,23.0,8.0,2.01,0.93,19.39,5.89
2016-03-13,0.0,0.0,10.49,2.0,18.88,5.0,2.54,0.38,6.18,1.13
2016-03-14,0.0,0.0,0.0,0.0,8.41,2.0,0.0,0.0,0.12,0.03
2016-03-15,0.0,0.0,12.47,2.0,26.94,6.0,0.05,0.01,5.5,1.02
2016-03-16,0.63,1.0,3.43,2.0,18.37,5.0,0.62,0.99,0.62,0.99
2016-03-17,0.0,0.0,1.9,1.0,12.34,3.0,1.66,0.88,7.37,1.92
2016-03-18,3.55,3.0,61.05,7.0,112.07,20.0,3.42,0.14,12.77,2.18
2016-03-19,0.0,0.0,11.96,3.0,197.75,32.0,0.0,0.0,130.33,18.84
2016-03-20,0.0,0.0,9.32,3.0,23.24,7.0,4.87,1.6,16.38,4.92
2016-03-21,0.0,0.0,18.24,3.0,135.82,36.0,0.28,0.04,11.85,3.63
2016-03-22,13.99,1.0,22.18,5.0,163.11,41.0,13.34,2.03,15.6,2.98
2016-03-23,6.35,7.0,9.88,14.0,187.31,127.0,1.69,2.17,10.5,5.95
2016-03-24,3.25,1.0,9.4,2.0,198.06,46.0,0.25,0.08,2.77,0.82
2016-03-25,0.0,0.0,0.0,0.0,21.11,5.0,0.0,0.0,8.15,1.93
2016-03-26,0.0,0.0,0.0,0.0,2.34,2.0,0.0,0.0,0.03,0.02
2016-03-27,5.3,2.0,18.31,5.0,87.64,25.0,11.62,2.03,21.97,6.48
2016-03-28,18.52,5.0,37.08,9.0,176.23,46.0,10.08,2.85,10.38,3.01
2016-03-29,0.0,0.0,1.74,1.0,152.95,41.0,0.0,0.0,0.06,0.02
2016-03-30,0.0,0.0,0.0,0.0,43.77,12.0,0.0,0.0,15.16,0.93
2016-03-31,0.0,0.0,3.28,1.0,156.64,39.0,0.0,0.0,4.43,1.09
2016-04-01,0.0,0.0,15.96,3.0,77.61,30.0,2.24,0.69,5.1,1.29
2016-04-02,7.76,1.0,11.46,3.0,102.12,48.0,0.0,0.0,2.12,0.63
2016-04-03,0.0,0.0,0.42,1.0,150.84,36.0,0.0,0.0,0.0,0.0
2016-04-04,0.68,1.0,0.68,1.0,44.09,19.0,0.68,1.0,4.59,3.08
2016-04-05,0.0,0.0,4.6,1.0,21.79,7.0,0.0,0.0,7.68,2.56
2016-04-06,1.4,2.0,5.45,3.0,48.6,29.0,0.1,0.13,5.38,2.1
2016-04-07,16.84,5.0,30.77,10.0,499.98,124.0,2.6,2.56,36.77,11.52
2016-04-08,2.26,1.0,9.95,3.0,452.95,134.0,0.2,0.09,18.85,6.12
2016-04-09,2.88,1.0,9.77,3.0,469.37,98.0,2.26,0.75,82.58,15.44
2016-04-10,2.43,2.0,4.29,3.0,296.5,115.0,3.76,2.58,13.09,6.51
2016-04-11,1.56,2.0,24.46,10.0,529.74,139.0,9.21,5.01,16.33,8.8
2016-04-12,7.74,4.0,54.41,16.0,768.78,159.0,15.63,3.74,25.25,7.36
2016-04-13,7.95,2.0,59.56,14.0,982.99,259.0,32.13,6.61,171.45,21.25
2016-04-14,16.19,1.0,122.0,15.0,1078.58,315.0,18.06,1.13,140.16,39.29
2016-04-15,10.37,3.0,248.69,17.0,915.66,230.0,75.18,5.86,90.02,10.95
2016-04-16,14.95,3.0,114.74,25.0,1319.38,210.0,26.01,5.66,126.0,14.62
2016-04-17,0.0,0.0,53.12,11.0,687.6,111.0,19.55,4.28,28.87,6.84
2016-04-18,14.12,4.0,169.82,29.0,685.71,201.0,46.61,4.87,472.63,144.78
2016-04-19,4.44,2.0,142.76,15.0,606.61,141.0,88.66,8.52,93.2,9.31
2016-04-20,11.95,7.0,368.37,56.0,1403.86,207.0,280.61,37.77,651.18,68.44
2016-04-21,126.38,19.0,346.25,64.0,1576.27,371.0,185.21,32.19,401.82,72.69
2016-04-22,43.8,8.0,494.44,75.0,1923.81,263.0,161.46,21.59,796.2,86.5
2016-04-23,8.84,2.0,493.15,61.0,2016.1,480.0,256.31,27.66,710.51,113.46
2016-04-24,90.45,11.0,556.46,71.0,4173.54,842.0,221.49,30.55,1224.23,198.37
2016-04-25,21.06,2.0,406.11,45.0,3620.64,718.0,151.76,16.84,1046.24,161.04
2016-04-26,89.87,13.0,550.2,87.0,5959.11,1244.0,230.99,39.33,2041.12,339.89
2016-04-27,107.7,30.0,816.84,171.0,9552.78,1609.0,637.15,131.75,2912.48,520.97
2016-04-28,183.53,34.0,1234.79,169.0,9508.76,1489.0,870.5,120.69,4524.82,606.57
2016-04-29,78.59,15.0,971.76,125.0,8351.52,1267.0,826.51,101.92,3518.38,407.11
2016-04-30,30.72,6.0,498.06,48.0,3270.03,448.0,402.51,34.74,1698.42,143.17
2016-05-01,120.69,8.0,1010.22,82.0,5253.36,661.0,819.22,60.65,3166.22,297.96
2016-05-02,33.89,6.0,428.04,61.0,3514.41,499.0,2.26,1.0,3.83,1.38
2016-05-03,0.0,0.0,4.47,1.0,101.09,29.0,0.0,0.0,52.68,10.43
2016-05-04,79.95,12.0,166.85,25.0,582.98,98.0,36.58,4.44,204.68,28.86
2016-05-05,0.0,0.0,3.68,2.0,36.33,14.0,2.43,1.31,3.64,2.3
2016-05-06,0.32,1.0,102.5,26.0,1036.21,207.0,0.0,0.0,0.0,0.0
2016-05-07,3.4,2.0,88.97,26.0,608.56,150.0,7.36,4.54,21.57,7.79
2016-05-08,16.11,3.0,118.53,19.0,289.9,59.0,17.59,2.63,35.71,7.83
2016-05-09,3.73,1.0,37.09,10.0,274.86,66.0,0.86,0.11,21.19,4.97
2016-05-10,4.55,2.0,76.74,18.0,320.14,85.0,21.62,2.73,27.27,4.82
2016-05-11,0.0,0.0,27.43,7.0,142.16,36.0,0.27,0.05,8.42,0.94
2016-05-12,6.01,2.0,57.24,18.0,263.43,82.0,33.36,9.14,125.78,36.27
2016-05-13,0.0,0.0,67.67,13.0,195.86,44.0,21.95,5.93,78.26,20.34
2016-05-14,7.17,1.0,96.09,17.0,298.05,61.0,51.7,8.18,150.07,32.19
2016-05-15,54.13,6.0,211.69,27.0,678.42,112.0,62.4,8.11,280.35,49.32
2016-05-16,38.3,1.0,40.78,2.0,280.09,52.0,30.38,0.84,79.61,7.23
2016-05-17,0.0,0.0,19.55,2.0,368.55,69.0,5.77,0.94,77.22,11.59
2016-05-18,14.22,2.0,44.35,7.0,291.64,57.0,6.3,1.01,103.01,21.62
2016-05-19,0.0,0.0,18.08,3.0,167.96,29.0,1.23,0.19,21.05,7.01
2016-05-20,0.0,0.0,24.09,6.0,124.18,34.0,6.49,1.36,38.04,6.1
2016-05-21,0.0,0.0,4.45,1.0,66.09,25.0,0.51,0.11,10.22,4.6
2016-05-22,0.0,0.0,20.48,5.0,108.35,24.0,0.61,0.17,37.62,5.94
2016-05-23,5.81,1.0,11.92,3.0,51.66,7.0,4.4,0.76,21.16,2.6
2016-05-24,0.0,0.0,0.0,0.0,1.27,1.0,0.0,0.0,1.13,0.89
2016-05-25,0.72,1.0,0.72,1.0,22.34,6.0,0.46,0.64,4.46,1.26
2016-05-26,0.0,0.0,0.0,0.0,33.57,9.0,0.0,0.0,15.81,3.45
2016-05-27,0.0,0.0,16.44,2.0,56.28,9.0,6.66,0.57,16.46,2.9
2016-05-28,0.0,0.0,0.0,0.0,5.86,3.0,0.0,0.0,1.13,1.46
2016-05-29,0.0,0.0,1.46,1.0,1.46,1.0,0.0,0.0,0.0,0.0
2016-05-30,0.54,1.0,0.54,1.0,3.37,3.0,0.0,0.0,0.22,0.22
2016-05-31,0.0,0.0,8.46,2.0,17.19,5.0,0.1,0.02,0.1,0.02
2016-06-01,0.0,0.0,0.0,0.0,5.26,1.0,0.0,0.0,0.0,0.0
2016-06-02,0.0,0.0,0.0,0.0,7.73,2.0,0.0,0.0,0.0,0.0
2016-06-03,0.0,0.0,0.0,0.0,0.0,0.0,0.0,0.0,0.0,0.0
2016-06-04,0.0,0.0,13.9,1.0,31.96,4.0,2.94,0.21,3.9,0.33
2016-06-05,0.0,0.0,14.66,2.0,92.8,15.0,0.69,0.15,10.08,2.32
2016-06-06,0.0,0.0,0.0,0.0,2.96,2.0,0.0,0.0,1.33,1.13
2016-06-07,0.0,0.0,9.65,5.0,11.41,8.0,3.56,1.55,4.92,3.52
2016-06-08,0.0,0.0,0.0,0.0,8.49,2.0,0.0,0.0,0.0,0.0
2016-06-09,0.0,0.0,2.39,1.0,2.39,1.0,0.0,0.0,0.0,0.0
2016-06-10,0.0,0.0,5.76,2.0,32.64,5.0,3.14,0.98,25.01,2.41
2016-06-11,0.0,0.0,0.0,0.0,13.9,7.0,0.0,0.0,0.02,0.02
2016-06-12,0.0,0.0,97.17,3.0,101.51,4.0,0.0,0.0,0.0,0.0
2016-06-13,0.0,0.0,0.0,0.0,24.98,6.0,0.0,0.0,0.56,0.32
2016-06-14,0.0,0.0,0.0,0.0,1.23,1.0,0.0,0.0,0.48,0.39
2016-06-15,0.0,0.0,0.0,0.0,0.0,0.0,0.0,0.0,0.0,0.0
2016-06-16,0.0,0.0,0.0,0.0,0.0,0.0,0.0,0.0,0.0,0.0
2016-06-17,0.0,0.0,0.0,0.0,0.0,0.0,0.0,0.0,0.0,0.0
2016-06-18,0.0,0.0,3.19,1.0,5.23,2.0,3.18,1.0,5.18,1.98
2016-06-19,0.0,0.0,0.0,0.0,0.0,0.0,0.0,0.0,0.0,0.0
2016-06-20,0.0,0.0,0.0,0.0,0.0,0.0,0.0,0.0,0.0,0.0
2016-06-21,0.0,0.0,0.0,0.0,0.0,0.0,0.0,0.0,0.0,0.0
2016-06-22,0.0,0.0,0.0,0.0,2.76,2.0,0.0,0.0,1.74,1.22
2016-06-23,0.0,0.0,0.0,0.0,1.17,1.0,0.0,0.0,0.98,0.84
2016-06-24,0.0,0.0,0.0,0.0,0.0,0.0,0.0,0.0,0.0,0.0
2016-06-25,0.0,0.0,0.0,0.0,0.0,0.0,0.0,0.0,0.0,0.0
2016-06-26,0.0,0.0,2.25,1.0,2.91,2.0,0.0,0.0,0.0,0.0
2016-06-27,0.0,0.0,0.0,0.0,0.0,0.0,0.0,0.0,0.0,0.0
2016-06-28,0.0,0.0,0.0,0.0,0.38,1.0,0.0,0.0,0.38,1.0
2016-06-29,0.0,0.0,0.0,0.0,6.28,2.0,0.0,0.0,5.38,1.71
2016-06-30,0.0,0.0,0.0,0.0,0.0,0.0,0.0,0.0,0.0,0.0
2016-07-01,0.0,0.0,0.0,0.0,0.0,0.0,0.0,0.0,0.0,0.0
2016-07-02,0.0,0.0,0.0,0.0,0.0,0.0,0.0,0.0,0.0,0.0
2016-07-03,0.0,0.0,0.0,0.0,0.0,0.0,0.0,0.0,0.0,0.0
2016-07-04,0.0,0.0,0.0,0.0,0.0,0.0,0.0,0.0,0.0,0.0
2016-07-05,0.0,0.0,0.0,0.0,0.0,0.0,0.0,0.0,0.0,0.0
2016-07-06,0.0,0.0,0.0,0.0,0.0,0.0,0.0,0.0,0.0,0.0
2016-07-07,0.62,1.0,0.62,1.0,0.62,1.0,0.62,1.0,0.62,1.0
2016-07-08,0.0,0.0,0.0,0.0,0.0,0.0,0.0,0.0,0.0,0.0
2016-07-09,2.73,1.0,2.73,1.0,2.73,1.0,0.0,0.0,0.0,0.0
2016-07-10,0.0,0.0,0.0,0.0,0.0,0.0,0.0,0.0,0.0,0.0
2016-07-11,0.0,0.0,0.0,0.0,0.0,0.0,0.0,0.0,0.0,0.0
2016-07-12,0.0,0.0,0.0,0.0,0.0,0.0,0.0,0.0,0.0,0.0
2016-07-13,0.0,0.0,0.0,0.0,0.0,0.0,0.0,0.0,0.0,0.0
2016-07-14,0.0,0.0,0.0,0.0,0.0,0.0,0.0,0.0,0.0,0.0
2016-07-15,0.0,0.0,0.0,0.0,0.0,0.0,0.0,0.0,0.0,0.0
2016-07-16,0.0,0.0,0.0,0.0,0.0,0.0,0.0,0.0,0.0,0.0
2016-07-17,0.0,0.0,0.0,0.0,0.0,0.0,0.0,0.0,0.0,0.0
2016-07-18,2.19,1.0,2.19,1.0,4.84,2.0,1.08,0.5,1.08,0.5
2016-07-19,0.0,0.0,0.0,0.0,0.0,0.0,0.0,0.0,0.0,0.0
2016-07-20,0.0,0.0,0.0,0.0,0.0,0.0,0.0,0.0,0.0,0.0
2016-07-21,0.0,0.0,0.0,0.0,0.0,0.0,0.0,0.0,0.0,0.0
2016-07-22,0.0,0.0,0.0,0.0,0.0,0.0,0.0,0.0,0.0,0.0
2016-07-23,0.0,0.0,0.0,0.0,0.0,0.0,0.0,0.0,0.0,0.0
2016-07-24,0.0,0.0,0.0,0.0,0.0,0.0,0.0,0.0,0.0,0.0
2016-07-25,0.0,0.0,0.0,0.0,0.0,0.0,0.0,0.0,0.0,0.0
2016-07-26,0.0,0.0,0.0,0.0,0.0,0.0,0.0,0.0,0.0,0.0
2016-07-27,0.0,0.0,0.0,0.0,0.0,0.0,0.0,0.0,0.0,0.0
2016-07-28,0.0,0.0,0.0,0.0,0.0,0.0,0.0,0.0,0.0,0.0
2016-07-29,0.0,0.0,0.0,0.0,0.0,0.0,0.0,0.0,0.0,0.0
2016-07-30,0.0,0.0,0.0,0.0,0.0,0.0,0.0,0.0,0.0,0.0
2016-07-31,0.0,0.0,0.0,0.0,0.0,0.0,0.0,0.0,0.0,0.0
2016-08-01,0.0,0.0,0.0,0.0,0.0,0.0,0.0,0.0,0.0,0.0
2016-08-02,0.0,0.0,0.0,0.0,0.0,0.0,0.0,0.0,0.0,0.0
2016-08-03,0.0,0.0,0.0,0.0,0.86,1.0,0.0,0.0,0.86,1.0
2016-08-04,0.0,0.0,0.0,0.0,5.65,2.0,0.0,0.0,0.12,0.03
2016-08-05,0.0,0.0,0.0,0.0,0.0,0.0,0.0,0.0,0.0,0.0
2016-08-06,0.0,0.0,2.45,1.0,3.46,2.0,0.0,0.0,0.72,0.72
2016-08-07,0.0,0.0,0.0,0.0,0.0,0.0,0.0,0.0,0.0,0.0
2016-08-08,0.0,0.0,0.0,0.0,0.0,0.0,0.0,0.0,0.0,0.0
2016-08-09,0.0,0.0,0.0,0.0,0.0,0.0,0.0,0.0,0.0,0.0
2016-08-10,0.0,0.0,0.0,0.0,0.0,0.0,0.0,0.0,0.0,0.0
2016-08-11,0.0,0.0,0.0,0.0,0.0,0.0,0.0,0.0,0.0,0.0
2016-08-12,0.0,0.0,0.0,0.0,0.0,0.0,0.0,0.0,0.0,0.0
2016-08-13,0.0,0.0,0.0,0.0,0.0,0.0,0.0,0.0,0.0,0.0
2016-08-14,0.0,0.0,0.0,0.0,0.0,0.0,0.0,0.0,0.0,0.0
2016-08-15,0.0,0.0,0.0,0.0,0.0,0.0,0.0,0.0,0.0,0.0
2016-08-16,0.0,0.0,0.0,0.0,0.93,1.0,0.0,0.0,0.34,0.36
2016-08-17,0.0,0.0,0.0,0.0,0.0,0.0,0.0,0.0,0.0,0.0
2016-08-18,0.0,0.0,0.0,0.0,1.47,1.0,0.0,0.0,1.4,0.95
2016-08-19,0.0,0.0,0.0,0.0,2.38,2.0,0.0,0.0,0.57,0.99
2016-08-20,0.0,0.0,0.0,0.0,2.88,1.0,0.0,0.0,0.0,0.0
2016-08-21,0.0,0.0,0.0,0.0,0.0,0.0,0.0,0.0,0.0,0.0
2016-08-22,0.0,0.0,0.0,0.0,0.0,0.0,0.0,0.0,0.0,0.0
2016-08-23,0.0,0.0,0.0,0.0,0.0,0.0,0.0,0.0,0.0,0.0
2016-08-24,0.0,0.0,0.0,0.0,0.0,0.0,0.0,0.0,0.0,0.0
2016-08-25,0.0,0.0,0.0,0.0,5.92,1.0,0.0,0.0,0.36,0.06
2016-08-26,4.38,1.0,4.38,1.0,8.19,2.0,2.81,0.64,2.81,0.64
2016-08-27,0.0,0.0,0.0,0.0,0.0,0.0,0.0,0.0,0.0,0.0
2016-08-28,0.0,0.0,0.0,0.0,0.0,0.0,0.0,0.0,0.0,0.0
2016-08-29,0.0,0.0,0.0,0.0,0.0,0.0,0.0,0.0,0.0,0.0
2016-08-30,0.0,0.0,0.0,0.0,0.0,0.0,0.0,0.0,0.0,0.0
2016-08-31,0.0,0.0,0.0,0.0,0.0,0.0,0.0,0.0,0.0,0.0
2016-09-01,0.0,0.0,0.0,0.0,0.0,0.0,0.0,0.0,0.0,0.0
2016-09-02,0.0,0.0,0.0,0.0,0.0,0.0,0.0,0.0,0.0,0.0
2016-09-03,0.0,0.0,0.0,0.0,5.68,2.0,0.0,0.0,1.24,0.44
2016-09-04,3.63,2.0,3.63,2.0,17.63,6.0,2.84,0.95,4.22,1.34
2016-09-05,9.46,2.0,9.46,2.0,9.46,2.0,9.39,1.98,9.39,1.98
2016-09-06,0.0,0.0,0.0,0.0,18.79,5.0,0.0,0.0,6.52,1.73
2016-09-07,0.0,0.0,0.0,0.0,0.0,0.0,0.0,0.0,0.0,0.0
2016-09-08,1.91,1.0,1.91,1.0,10.56,4.0,1.81,0.95,5.97,2.39
2016-09-09,0.0,0.0,0.0,0.0,0.0,0.0,0.0,0.0,0.0,0.0
2016-09-10,7.68,2.0,8.08,3.0,8.08,3.0,7.88,2.5,7.88,2.5
2016-09-11,1.54,1.0,1.54,1.0,4.91,2.0,1.53,0.99,1.58,1.01
2016-09-12,0.0,0.0,0.53,1.0,3.65,2.0,0.16,0.31,0.35,0.37
2016-09-13,0.0,0.0,0.0,0.0,8.44,2.0,0.0,0.0,0.0,0.0
2016-09-14,7.14,3.0,7.14,3.0,7.14,3.0,0.0,0.0,0.0,0.0
2016-09-15,2.62,1.0,5.44,2.0,12.63,7.0,0.42,0.15,1.84,1.53
2016-09-16,0.0,0.0,0.0,0.0,23.48,4.0,0.0,0.0,22.83,3.9
2016-09-17,0.0,0.0,0.0,0.0,9.33,1.0,0.0,0.0,0.0,0.0
2016-09-18,0.0,0.0,0.0,0.0,23.91,5.0,0.0,0.0,0.0,0.0
2016-09-19,0.0,0.0,0.0,0.0,38.68,7.0,0.0,0.0,0.14,0.14
2016-09-20,0.0,0.0,7.24,2.0,48.54,14.0,0.0,0.0,0.0,0.0
2016-09-21,0.0,0.0,2.95,1.0,2.95,1.0,0.0,0.0,0.0,0.0
2016-09-22,0.0,0.0,0.0,0.0,11.51,3.0,0.0,0.0,0.0,0.0
2016-09-23,0.0,0.0,0.0,0.0,0.0,0.0,0.0,0.0,0.0,0.0
2016-09-24,0.0,0.0,0.0,0.0,34.85,10.0,0.0,0.0,0.21,0.12
2016-09-25,1.38,2.0,1.38,2.0,101.16,30.0,0.24,0.44,3.16,2.43
2016-09-26,1.28,1.0,3.24,2.0,33.39,13.0,0.0,0.0,9.04,3.7
2016-09-27,0.0,0.0,5.97,1.0,24.54,5.0,0.0,0.0,0.0,0.0
2016-09-28,1.47,1.0,1.47,1.0,19.74,6.0,0.0,0.0,0.0,0.0
2016-09-29,0.0,0.0,0.0,0.0,66.76,12.0,0.0,0.0,4.77,1.59
2016-09-30,2.92,2.0,2.92,2.0,108.49,28.0,0.6,0.97,4.06,1.74
2016-10-01,2.33,1.0,7.68,3.0,249.14,61.0,0.0,0.0,25.18,6.35
2016-10-02,0.0,0.0,0.0,0.0,125.92,23.0,0.0,0.0,23.0,6.49
2016-10-03,0.0,0.0,1.76,1.0,81.09,20.0,0.0,0.0,8.18,1.53
2016-10-04,0.0,0.0,0.0,0.0,30.66,7.0,0.0,0.0,9.0,1.96
2016-10-05,0.0,0.0,0.0,0.0,73.03,14.0,0.0,0.0,4.3,0.97
2016-10-06,0.0,0.0,1.52,1.0,471.21,115.0,0.0,0.0,24.76,6.49
2016-10-07,0.0,0.0,7.94,2.0,687.89,142.0,7.09,1.79,559.08,111.43
2016-10-08,4.02,2.0,9.21,3.0,471.83,72.0,2.85,1.42,412.66,60.5
2016-10-09,0.0,0.0,19.2,2.0,647.39,128.0,14.36,0.87,365.33,69.33
2016-10-10,0.0,0.0,24.29,5.0,1037.87,203.0,12.2,1.95,715.41,131.64
2016-10-11,2.28,2.0,35.78,11.0,1883.63,363.0,10.47,4.0,1270.78,247.49
2016-10-12,3.35,1.0,41.96,12.0,1801.45,355.0,18.5,4.77,859.83,157.76
2016-10-13,13.94,5.0,44.15,13.0,1802.43,322.0,13.91,5.12,856.43,153.58
2016-10-14,5.08,3.0,12.08,6.0,1897.06,341.0,5.91,3.36,879.86,152.73
2016-10-15,0.0,0.0,43.95,10.0,1851.65,266.0,0.0,0.0,1445.3,193.96
2016-10-16,21.77,6.0,188.87,36.0,2689.71,467.0,40.58,10.71,1195.51,202.13
2016-10-17,1.1,1.0,172.73,37.0,2212.8,459.0,18.3,3.16,1067.55,209.72
2016-10-18,5.43,2.0,90.72,17.0,1830.59,309.0,5.7,1.82,808.39,126.39
2016-10-19,0.0,0.0,47.61,15.0,1256.52,256.0,0.48,0.21,268.6,48.74
2016-10-20,6.83,2.0,91.2,22.0,1283.07,257.0,3.35,1.53,410.34,82.31
2016-10-21,22.54,8.0,92.71,25.0,1953.85,309.0,19.97,6.83,944.5,134.69
2016-10-22,5.93,2.0,218.94,44.0,2389.59,471.0,12.13,4.84,1230.35,241.16
2016-10-23,7.16,2.0,153.67,32.0,2519.9,436.0,17.73,5.24,1279.52,197.44
2016-10-24,0.0,0.0,126.16,17.0,1797.62,224.0,3.09,1.0,963.72,87.53
2016-10-25,0.0,0.0,108.55,19.0,1363.48,229.0,3.62,0.83,837.6,131.52
2016-10-26,3.95,2.0,480.59,27.0,2966.49,407.0,14.29,4.64,2105.06,294.73
2016-10-27,17.86,9.0,557.14,84.0,3921.01,577.0,53.89,17.89,2663.53,384.31
2016-10-28,10.89,3.0,361.94,71.0,3122.36,535.0,11.41,4.17,1158.1,180.95
2016-10-29,8.29,3.0,224.86,49.0,2296.97,371.0,18.73,4.2,254.0,53.41
2016-10-30,7.32,7.0,245.02,59.0,1443.57,237.0,0.07,0.03,126.25,25.91
2016-10-31,31.76,6.0,303.4,59.0,4143.05,524.0,23.61,4.86,2278.16,265.44
2016-11-01,3.68,1.0,379.56,61.0,3550.68,550.0,23.81,7.56,2470.96,371.64
2016-11-02,16.14,6.0,169.51,49.0,2119.2,442.0,17.12,7.26,1444.65,279.07
2016-11-03,29.26,6.0,427.96,61.0,2920.44,479.0,20.21,4.17,1563.72,262.06
2016-11-04,21.8,4.0,75.53,23.0,1056.96,213.0,2.78,0.97,514.37,89.21
2016-11-05,6.7,3.0,73.37,21.0,1075.82,240.0,6.3,1.61,740.92,159.79
2016-11-06,7.72,4.0,174.84,39.0,1556.54,299.0,14.07,5.97,972.46,172.81
2016-11-07,28.44,7.0,147.09,44.0,3459.15,640.0,42.74,13.36,2683.56,455.66
2016-11-08,21.38,6.0,222.43,40.0,1979.66,355.0,28.61,8.23,1243.84,208.42
2016-11-09,4.61,4.0,54.71,18.0,1409.74,192.0,9.46,3.32,1069.76,124.66
2016-11-10,9.03,3.0,19.09,6.0,861.18,167.0,0.62,0.32,57.15,13.45
2016-11-11,10.63,4.0,62.63,15.0,1183.52,215.0,2.56,1.23,60.0,13.82
2016-11-12,14.42,5.0,98.63,35.0,1138.33,242.0,19.39,6.19,105.92,23.38
2016-11-13,31.06,10.0,125.64,42.0,863.22,191.0,22.98,8.73,89.34,26.55
2016-11-14,10.76,4.0,31.05,14.0,344.03,80.0,9.95,4.3,97.8,20.15
2016-11-15,5.47,2.0,18.18,8.0,130.22,38.0,1.03,0.35,66.28,16.55
2016-11-16,2.42,1.0,49.55,12.0,249.5,62.0,5.04,1.42,131.61,30.22
2016-11-17,34.54,3.0,63.02,15.0,286.22,70.0,38.04,7.64,168.87,37.4
2016-11-18,14.46,4.0,87.87,31.0,344.0,103.0,24.73,9.91,171.44,47.32
2016-11-19,24.97,8.0,53.64,16.0,171.97,54.0,3.48,2.35,24.37,8.58
2016-11-20,25.18,7.0,49.63,15.0,235.77,45.0,8.28,2.76,19.26,7.54
2016-11-21,22.79,8.0,57.24,18.0,162.85,51.0,4.07,1.25,27.1,10.64
2016-11-22,7.58,4.0,29.8,15.0,143.66,46.0,11.21,5.99,88.42,24.31
2016-11-23,56.11,14.0,104.3,34.0,251.61,84.0,33.38,12.71,109.44,35.87
2016-11-24,58.42,12.0,99.85,30.0,284.99,77.0,17.02,8.24,63.66,19.6
2016-11-25,26.82,5.0,67.34,14.0,128.13,37.0,19.21,4.05,33.03,9.42
2016-11-26,8.79,2.0,34.66,10.0,77.82,24.0,21.38,4.43,34.61,8.61
2016-11-27,46.59,6.0,72.38,13.0,185.1,40.0,46.07,8.04,117.69,20.91
2016-11-28,10.15,3.0,112.1,26.0,186.59,49.0,57.64,10.6,71.81,15.44
2016-11-29,43.8,17.0,186.37,60.0,364.34,126.0,41.59,15.14,129.24,46.88
2016-11-30,53.74,12.0,124.51,32.0,232.47,64.0,24.48,6.18,57.3,14.71
2016-12-01,21.94,6.0,75.65,21.0,151.05,48.0,51.54,13.27,78.63,23.33
2016-12-02,29.79,13.0,47.05,20.0,128.32,48.0,8.8,3.58,20.89,7.48
2016-12-03,66.58,18.0,147.66,43.0,259.53,78.0,15.48,4.36,37.28,10.97
2016-12-04,41.94,8.0,183.36,51.0,388.5,123.0,45.32,9.64,83.97,22.58
2016-12-05,16.57,5.0,89.19,27.0,241.18,70.0,29.46,8.73,70.62,20.93
2016-12-06,18.46,6.0,23.14,8.0,56.12,17.0,16.2,5.64,34.16,10.3
2016-12-07,14.44,5.0,34.31,12.0,61.02,21.0,12.27,4.84,14.77,5.73
2016-12-08,37.05,11.0,61.66,19.0,115.22,33.0,16.01,4.23,22.98,6.08
2016-12-09,42.85,15.0,103.1,37.0,190.99,64.0,5.17,2.35,26.95,6.36
2016-12-10,0.0,0.0,0.75,1.0,0.75,1.0,0.0,0.0,0.0,0.0
2016-12-11,29.8,10.0,95.95,29.0,171.26,48.0,5.21,5.46,9.99,6.78
2016-12-12,7.21,3.0,82.57,24.0,112.05,35.0,30.74,8.94,33.76,10.61
2016-12-13,2.11,1.0,108.98,25.0,231.38,57.0,59.2,11.96,86.58,18.27
2016-12-14,52.63,15.0,195.38,59.0,351.35,105.0,51.88,15.11,84.84,24.71
2016-12-15,51.94,14.0,132.98,41.0,285.3,91.0,38.56,8.6,69.5,17.37
2016-12-16,70.97,15.0,178.82,46.0,269.6,72.0,80.66,18.57,112.11,26.56
2016-12-17,18.85,8.0,62.45,22.0,174.67,54.0,19.34,6.52,67.62,20.18
2016-12-18,69.09,19.0,202.0,60.0,347.53,106.0,56.89,17.33,95.62,27.77
2016-12-19,33.11,9.0,134.27,34.0,285.41,77.0,26.52,6.34,70.13,14.82
2016-12-20,34.83,11.0,116.74,42.0,210.81,73.0,33.94,9.83,47.99,14.47
2016-12-21,11.54,3.0,61.77,16.0,274.06,65.0,23.08,3.86,90.53,14.31
2016-12-22,18.67,6.0,78.65,20.0,156.66,35.0,32.3,9.59,56.89,14.5
2016-12-23,32.19,10.0,142.87,45.0,295.74,81.0,22.29,4.63,71.04,14.68
2016-12-24,56.42,17.0,139.55,43.0,294.0,83.0,16.46,5.2,72.04,16.67
2016-12-25,104.15,18.0,251.78,66.0,337.27,93.0,144.14,43.06,170.72,52.7
2016-12-26,47.35,11.0,104.24,33.0,178.7,62.0,28.75,8.88,45.63,15.16
2016-12-27,29.34,9.0,83.96,24.0,167.3,46.0,26.73,6.97,49.58,12.88
2016-12-28,16.78,6.0,32.85,13.0,75.36,25.0,0.07,0.03,2.92,0.86
2016-12-29,0.0,0.0,24.62,5.0,41.49,9.0,2.34,0.49,4.93,1.12
2016-12-30,59.56,18.0,194.47,53.0,336.34,96.0,27.77,7.53,73.93,22.7
2016-12-31,5.78,2.0,61.2,23.0,163.97,47.0,1.6,0.99,15.7,5.43
2017-01-01,47.89,12.0,96.23,28.0,229.2,61.0,51.84,12.24,108.68,25.89
2017-01-02,38.83,12.0,124.7,38.0,218.62,62.0,78.46,24.52,122.22,37.51
2017-01-03,10.53,5.0,60.02,21.0,174.47,57.0,18.56,6.84,47.0,16.19
2017-01-04,44.12,12.0,180.06,46.0,403.18,99.0,18.76,4.84,23.89,6.38
2017-01-05,55.44,21.0,203.48,70.0,333.71,108.0,7.02,2.56,9.28,3.43
2017-01-06,11.58,4.0,32.23,9.0,90.54,19.0,3.33,1.06,33.82,3.75
2017-01-07,0.0,0.0,0.0,0.0,0.0,0.0,0.0,0.0,0.0,0.0
2017-01-08,0.0,0.0,3.68,1.0,3.68,1.0,0.0,0.0,0.0,0.0
2017-01-09,5.61,2.0,37.29,10.0,40.24,12.0,9.38,3.08,10.93,4.32
2017-01-10,15.13,7.0,53.38,18.0,157.24,43.0,16.32,6.36,28.21,9.43
2017-01-11,17.7,5.0,57.21,14.0,175.14,48.0,15.64,2.7,42.43,8.55
2017-01-12,3.76,1.0,14.36,5.0,91.76,24.0,2.7,1.08,5.96,2.76
2017-01-13,7.52,3.0,48.14,17.0,112.46,36.0,20.7,7.86,48.74,15.53
2017-01-14,18.64,5.0,53.29,13.0,152.47,39.0,20.03,4.26,39.35,6.81
2017-01-15,48.84,13.0,152.69,42.0,288.55,77.0,13.68,4.19,57.17,16.09
2017-01-16,56.67,24.0,126.74,44.0,176.76,62.0,28.44,7.9,30.68,8.59
2017-01-17,5.56,2.0,10.52,3.0,29.16,8.0,4.85,0.97,4.85,0.97
2017-01-18,5.33,2.0,45.76,13.0,76.42,20.0,16.39,4.47,28.38,7.37
2017-01-19,6.82,4.0,59.87,16.0,183.57,46.0,19.19,4.26,46.36,11.17
2017-01-20,11.06,4.0,21.17,7.0,98.2,20.0,4.54,1.72,13.94,2.32
2017-01-21,3.38,2.0,35.15,13.0,85.7,24.0,15.63,5.92,44.87,11.37
2017-01-22,58.83,11.0,155.79,30.0,268.98,56.0,77.08,14.67,101.93,19.04
2017-01-23,0.0,0.0,23.49,6.0,93.22,21.0,8.16,2.12,22.16,5.22
2017-01-24,64.83,15.0,99.18,27.0,175.79,45.0,45.16,14.13,60.31,16.87
2017-01-25,11.64,1.0,16.96,2.0,16.96,2.0,4.48,0.84,4.48,0.84
2017-01-26,0.0,0.0,13.04,2.0,59.67,11.0,9.93,1.51,52.91,9.47
2017-01-27,0.0,0.0,0.0,0.0,4.44,3.0,0.0,0.0,0.0,0.0
2017-01-28,0.0,0.0,0.0,0.0,0.0,0.0,0.0,0.0,0.0,0.0
2017-01-29,0.0,0.0,0.0,0.0,0.55,1.0,0.0,0.0,0.0,0.0
2017-01-30,0.0,0.0,3.53,1.0,15.74,5.0,0.06,0.02,0.06,0.02
2017-01-31,17.75,4.0,44.91,12.0,97.16,28.0,5.46,1.94,23.27,6.57
2017-02-01,10.83,4.0,32.45,14.0,85.01,34.0,8.74,3.9,15.79,7.25
2017-02-02,15.42,4.0,96.13,20.0,106.7,23.0,23.58,5.89,23.58,5.89
2017-02-03,5.8,1.0,54.15,14.0,148.84,30.0,35.87,7.48,62.78,12.25
2017-02-04,0.0,0.0,0.0,0.0,18.72,6.0,0.0,0.0,7.35,2.42
2017-02-05,5.55,5.0,29.6,9.0,135.05,26.0,0.69,1.27,29.47,6.91
2017-02-06,17.66,6.0,67.84,17.0,182.9,47.0,41.21,6.76,66.05,13.26
2017-02-07,29.02,4.0,52.4,11.0,126.93,28.0,12.92,2.53,27.94,6.43
2017-02-08,34.9,5.0,137.43,33.0,227.33,54.0,83.03,18.99,121.64,29.27
2017-02-09,25.65,5.0,62.46,15.0,246.16,53.0,30.74,5.25,70.55,14.31
2017-02-10,0.0,0.0,54.95,14.0,233.23,55.0,19.07,5.09,69.75,13.66
2017-02-11,43.75,15.0,137.54,41.0,304.71,93.0,60.42,14.77,117.81,31.48
2017-02-12,30.83,7.0,167.9,46.0,403.42,105.0,67.01,18.43,160.77,45.47
2017-02-13,7.68,3.0,62.04,16.0,123.29,36.0,16.02,3.6,33.74,8.27
2017-02-14,8.23,3.0,30.96,10.0,82.86,24.0,7.0,2.66,11.81,5.67
2017-02-15,0.0,0.0,36.68,9.0,94.12,29.0,8.12,2.52,38.07,10.1
2017-02-16,15.62,6.0,48.04,16.0,194.91,51.0,5.73,2.11,37.64,9.44
2017-02-17,6.59,2.0,23.88,8.0,86.29,31.0,4.76,2.16,33.5,11.82
2017-02-18,2.91,1.0,39.12,9.0,133.18,29.0,10.76,1.79,14.53,3.46
2017-02-19,17.97,6.0,36.24,12.0,103.95,33.0,4.71,2.26,20.25,7.3
2017-02-20,5.29,3.0,7.74,4.0,50.36,16.0,0.37,0.09,24.01,6.09
2017-02-21,16.63,4.0,58.14,14.0,92.54,21.0,12.73,2.76,27.17,5.07
2017-02-22,25.76,6.0,88.32,26.0,167.58,53.0,34.52,7.32,54.73,14.93
2017-02-23,93.03,7.0,125.89,15.0,238.34,42.0,24.8,4.8,33.19,7.51
2017-02-24,2.74,2.0,27.16,8.0,65.27,20.0,5.53,3.46,23.07,9.47
2017-02-25,0.0,0.0,13.92,4.0,153.67,25.0,0.47,0.76,59.47,10.23
2017-02-26,36.3,7.0,52.83,13.0,152.24,39.0,24.06,5.41,34.85,9.38
2017-02-27,2.33,2.0,40.04,14.0,173.52,43.0,13.48,4.49,52.44,10.42
2017-02-28,0.0,0.0,62.11,11.0,109.69,24.0,36.2,4.3,48.54,6.3
2017-03-01,0.0,0.0,10.96,3.0,73.11,16.0,10.53,2.86,44.21,8.64
2017-03-02,3.29,2.0,13.97,5.0,83.48,19.0,8.35,2.56,44.48,8.99
2017-03-03,0.57,1.0,0.57,1.0,17.6,5.0,0.2,0.35,1.44,0.75
2017-03-04,21.4,8.0,40.09,14.0,145.06,37.0,7.65,3.31,11.03,4.94
2017-03-05,3.4,2.0,119.48,21.0,338.24,60.0,22.11,6.18,32.89,8.35
2017-03-06,20.11,8.0,58.48,15.0,167.45,42.0,8.65,4.92,22.04,8.26
2017-03-07,0.0,0.0,18.01,6.0,63.89,18.0,3.13,1.26,10.29,3.48
2017-03-08,0.0,0.0,0.0,0.0,0.0,0.0,0.0,0.0,0.0,0.0
2017-03-09,2.12,2.0,10.13,5.0,72.83,22.0,4.05,0.85,35.06,8.14
2017-03-10,3.68,3.0,5.21,4.0,45.42,19.0,0.0,0.0,14.94,5.84
2017-03-11,0.0,0.0,6.11,1.0,6.71,2.0,0.0,0.0,0.29,0.48
2017-03-12,1.42,2.0,10.17,6.0,51.97,19.0,7.8,4.32,10.96,6.62
2017-03-13,3.21,1.0,17.23,6.0,49.47,13.0,5.08,2.58,32.73,8.02
2017-03-14,18.37,4.0,28.06,7.0,78.09,22.0,15.16,3.91,41.23,9.38
2017-03-15,12.26,4.0,73.44,15.0,183.15,45.0,13.08,2.84,40.2,11.27
2017-03-16,8.93,2.0,19.6,5.0,50.19,12.0,4.53,0.99,5.18,1.98
2017-03-17,6.7,3.0,36.39,9.0,115.92,27.0,24.49,5.96,55.14,11.81
2017-03-18,3.3,2.0,9.49,4.0,37.86,13.0,4.67,1.96,15.65,5.23
2017-03-19,1.74,2.0,6.91,3.0,30.62,12.0,5.53,2.51,12.54,5.51
2017-03-20,0.4,1.0,5.83,2.0,28.8,8.0,0.0,0.0,6.57,1.23
2017-03-21,11.3,4.0,28.13,9.0,139.37,39.0,11.3,3.15,27.99,6.73
2017-03-22,0.0,0.0,23.0,6.0,86.17,18.0,7.7,2.24,16.0,4.13
2017-03-23,0.0,0.0,17.98,5.0,64.63,17.0,2.32,1.59,7.41,3.44
2017-03-24,2.24,1.0,14.91,4.0,57.57,15.0,2.25,0.95,8.31,2.83
2017-03-25,0.0,0.0,14.83,5.0,96.35,32.0,2.01,1.72,12.46,4.41
2017-03-26,0.0,0.0,6.51,3.0,171.27,34.0,0.36,0.42,12.87,2.34
2017-03-27,17.46,1.0,28.02,4.0,43.4,9.0,11.64,0.67,14.94,1.66
2017-03-28,0.0,0.0,23.38,4.0,64.79,8.0,0.51,0.09,3.39,1.21
2017-03-29,4.25,3.0,9.57,6.0,27.33,13.0,3.75,2.69,7.6,3.96
2017-03-30,3.54,1.0,8.88,2.0,180.33,51.0,3.53,1.0,5.39,2.04
2017-03-31,6.36,1.0,38.0,10.0,251.79,90.0,7.23,1.62,15.69,5.23
2017-04-01,11.87,2.0,19.76,7.0,241.17,70.0,3.03,2.35,16.1,7.13
2017-04-02,3.86,1.0,8.95,2.0,319.83,92.0,0.0,0.0,17.3,6.17
2017-04-03,15.05,4.0,45.24,11.0,408.14,126.0,2.94,0.62,24.95,6.43
2017-04-04,4.05,1.0,12.19,2.0,33.16,9.0,0.0,0.0,12.29,4.65
2017-04-05,5.53,2.0,43.93,7.0,53.63,11.0,5.03,1.69,5.19,1.76
2017-04-06,3.71,2.0,38.12,7.0,79.18,19.0,1.03,0.39,12.14,3.89
2017-04-07,1.73,2.0,18.81,6.0,48.88,17.0,2.1,1.17,10.84,7.21
2017-04-08,0.0,0.0,13.62,5.0,112.67,29.0,0.54,1.51,7.84,4.23
2017-04-09,8.41,4.0,88.68,22.0,487.5,86.0,9.86,3.04,34.83,10.64
2017-04-10,35.42,2.0,209.07,19.0,534.01,78.0,24.82,5.85,125.5,14.83
2017-04-11,6.58,3.0,24.46,14.0,182.52,53.0,4.27,4.14,24.04,9.63
2017-04-12,8.02,4.0,17.81,7.0,127.78,41.0,3.42,2.58,26.57,9.41
2017-04-13,8.02,3.0,21.85,6.0,125.36,27.0,12.77,3.87,13.34,3.94
2017-04-14,0.0,0.0,58.02,10.0,212.8,30.0,11.72,1.42,13.18,2.4
2017-04-15,1.16,1.0,181.93,24.0,262.0,44.0,59.1,8.82,63.56,13.09
2017-04-16,3.31,2.0,18.28,6.0,104.7,25.0,0.1,0.02,48.52,11.96
2017-04-17,3.88,1.0,56.99,6.0,121.47,25.0,23.22,1.43,36.6,4.45
2017-04-18,18.31,3.0,387.26,25.0,712.08,54.0,0.0,0.0,51.68,9.94
2017-04-19,4.11,1.0,98.06,24.0,432.22,64.0,33.22,8.06,315.29,35.87
2017-04-20,28.52,4.0,216.17,35.0,314.6,53.0,12.88,2.22,17.91,4.64
2017-04-21,3.1,1.0,238.34,43.0,317.28,71.0,74.07,13.96,84.14,17.99
2017-04-22,0.0,0.0,41.01,9.0,60.49,18.0,0.66,0.07,6.8,1.77
2017-04-23,32.91,4.0,166.96,33.0,376.14,70.0,70.75,14.26,198.86,30.54
2017-04-24,41.95,7.0,261.27,74.0,481.04,126.0,183.01,49.32,351.2,84.95
2017-04-25,31.63,10.0,230.16,48.0,1035.21,208.0,112.92,22.71,417.79,69.33
2017-04-26,38.36,8.0,816.11,83.0,1575.03,276.0,585.52,56.07,937.17,118.03
2017-04-27,25.64,4.0,199.24,36.0,693.45,156.0,91.89,14.16,366.26,73.41
2017-04-28,0.0,0.0,26.45,14.0,543.86,128.0,18.6,9.55,155.84,36.04
2017-04-29,10.91,6.0,217.08,54.0,818.47,176.0,21.75,4.97,101.55,33.13
2017-04-30,90.26,17.0,413.22,94.0,860.42,208.0,7.92,2.08,73.03,18.09
2017-05-01,75.1,11.0,962.61,115.0,3398.39,379.0,502.97,66.43,2259.27,250.46
2017-05-02,221.62,20.0,1755.88,200.0,4282.61,561.0,1131.36,139.14,3294.6,431.38
2017-05-03,6.12,1.0,44.78,5.0,361.01,37.0,0.0,0.0,0.07,0.21
2017-05-04,83.1,12.0,734.03,94.0,2022.3,324.0,534.03,66.88,1448.27,222.38
2017-05-05,187.62,28.0,764.58,139.0,3518.88,665.0,614.61,116.21,2593.14,484.08
2017-05-06,217.24,23.0,921.94,107.0,2632.04,409.0,674.88,75.96,1986.59,285.53
2017-05-07,285.32,20.0,794.99,89.0,3142.07,445.0,433.27,48.75,2145.05,284.27
2017-05-08,15.21,3.0,105.74,24.0,782.32,154.0,6.24,1.83,98.28,22.17
2017-05-09,25.46,7.0,192.71,39.0,1029.55,190.0,9.54,2.92,176.05,22.93
2017-05-10,14.51,6.0,145.14,35.0,476.82,114.0,11.24,4.17,52.89,12.06
2017-05-11,15.62,4.0,92.87,21.0,567.1,95.0,39.61,11.34,137.41,33.24
2017-05-12,8.03,2.0,179.34,32.0,403.38,88.0,33.19,5.87,55.97,14.72
2017-05-13,20.37,5.0,88.52,19.0,628.56,130.0,47.4,9.64,377.69,74.12
2017-05-14,55.02,8.0,197.67,26.0,1115.49,146.0,91.24,10.85,691.88,71.43
2017-05-15,9.97,2.0,63.84,16.0,454.96,111.0,18.05,6.56,188.13,44.13
2017-05-16,5.45,1.0,31.28,9.0,289.65,65.0,15.72,5.52,186.36,39.57
2017-05-17,28.9,4.0,42.77,8.0,271.71,52.0,13.93,2.57,14.07,2.58
2017-05-18,25.34,4.0,36.22,7.0,494.52,92.0,12.04,1.95,75.05,12.11
2017-05-19,0.89,1.0,35.89,6.0,576.43,87.0,0.0,0.0,7.42,1.96
2017-05-20,0.0,0.0,22.77,5.0,578.41,55.0,1.18,0.32,63.09,6.3
2017-05-21,0.0,0.0,16.66,4.0,52.86,17.0,14.07,2.79,23.01,5.66
2017-05-22,0.0,0.0,0.0,0.0,33.28,10.0,0.0,0.0,21.67,4.67
2017-05-23,15.59,3.0,31.35,6.0,472.6,73.0,1.22,0.92,188.92,34.89
2017-05-24,7.98,1.0,11.49,2.0,167.52,31.0,1.24,0.15,38.97,8.3
2017-05-25,2.23,1.0,46.42,7.0,169.73,32.0,7.99,1.8,10.39,3.11
2017-05-26,0.0,0.0,17.4,4.0,97.11,22.0,2.06,0.37,18.64,3.89
2017-05-27,0.0,0.0,14.39,3.0,107.13,15.0,2.99,0.63,56.9,6.64
2017-05-28,1.37,1.0,8.94,4.0,87.49,24.0,0.01,0.0,13.24,2.82
2017-05-29,0.0,0.0,0.0,0.0,20.42,2.0,0.0,0.0,0.0,0.0
2017-05-30,0.0,0.0,9.7,3.0,88.05,19.0,0.0,0.0,12.73,2.78
2017-05-31,0.0,0.0,0.0,0.0,10.21,3.0,0.0,0.0,8.97,1.44
2017-06-01,0.0,0.0,5.54,1.0,7.71,2.0,0.0,0.0,1.2,0.55
2017-06-02,0.0,0.0,18.12,3.0,108.97,19.0,0.02,0.02,24.82,4.75
2017-06-03,0.0,0.0,0.0,0.0,142.81,27.0,0.0,0.0,23.63,4.91
2017-06-04,0.0,0.0,0.0,0.0,137.99,26.0,0.0,0.0,1.92,0.5
2017-06-05,7.4,2.0,24.85,6.0,41.52,13.0,14.06,3.18,14.15,3.21
2017-06-06,13.49,2.0,13.49,2.0,36.11,5.0,0.0,0.0,0.36,0.04
2017-06-07,0.0,0.0,0.0,0.0,1.48,1.0,0.0,0.0,0.61,0.41
2017-06-08,3.84,1.0,3.84,1.0,3.84,1.0,3.57,0.93,3.57,0.93
2017-06-09,0.0,0.0,1.6,1.0,2.04,2.0,1.57,0.98,1.57,0.98
2017-06-10,0.0,0.0,7.16,2.0,27.63,8.0,5.25,1.47,9.31,3.24
2017-06-11,0.0,0.0,0.0,0.0,41.15,10.0,0.0,0.0,0.0,0.0
2017-06-12,6.76,1.0,8.93,2.0,54.04,12.0,0.09,0.01,5.38,0.76
2017-06-13,0.0,0.0,16.13,5.0,52.1,18.0,11.28,2.98,18.24,4.0
2017-06-14,0.0,0.0,1.17,1.0,69.01,20.0,0.0,0.0,0.0,0.0
2017-06-15,0.0,0.0,0.0,0.0,12.34,6.0,0.0,0.0,2.63,0.76
2017-06-16,0.0,0.0,0.0,0.0,9.43,4.0,0.0,0.0,0.0,0.0
2017-06-17,0.0,0.0,3.54,1.0,16.81,5.0,0.0,0.0,0.0,0.0
2017-06-18,0.0,0.0,6.67,2.0,27.15,8.0,0.3,0.35,0.64,0.45
2017-06-19,0.0,0.0,0.0,0.0,1.96,1.0,0.0,0.0,0.0,0.0
2017-06-20,0.0,0.0,0.0,0.0,0.0,0.0,0.0,0.0,0.0,0.0
2017-06-21,0.43,1.0,0.43,1.0,5.49,3.0,0.4,0.93,0.4,0.93
2017-06-22,0.0,0.0,0.0,0.0,0.34,1.0,0.0,0.0,0.0,0.0
2017-06-23,1.18,1.0,1.18,1.0,27.38,5.0,1.17,0.99,10.4,2.31
2017-06-24,6.03,1.0,12.13,3.0,47.0,14.0,6.43,1.89,6.43,1.89
2017-06-25,0.0,0.0,0.0,0.0,29.84,2.0,0.0,0.0,0.63,0.02
2017-06-26,0.0,0.0,0.0,0.0,34.33,6.0,0.0,0.0,24.38,3.93
2017-06-27,0.0,0.0,0.0,0.0,24.97,5.0,0.0,0.0,14.28,3.61
2017-06-28,0.0,0.0,0.0,0.0,0.0,0.0,0.0,0.0,0.0,0.0
2017-06-29,0.0,0.0,0.0,0.0,0.0,0.0,0.0,0.0,0.0,0.0
2017-06-30,0.0,0.0,0.0,0.0,3.64,1.0,0.0,0.0,0.76,0.21
2017-07-01,0.0,0.0,0.0,0.0,0.0,0.0,0.0,0.0,0.0,0.0
2017-07-02,0.0,0.0,0.0,0.0,0.0,0.0,0.0,0.0,0.0,0.0
2017-07-03,0.0,0.0,0.0,0.0,0.0,0.0,0.0,0.0,0.0,0.0
2017-07-04,0.0,0.0,8.21,1.0,8.21,1.0,7.98,0.97,7.98,0.97
2017-07-05,0.0,0.0,0.0,0.0,0.0,0.0,0.0,0.0,0.0,0.0
2017-07-06,0.0,0.0,0.0,0.0,0.0,0.0,0.0,0.0,0.0,0.0
2017-07-07,0.0,0.0,0.0,0.0,0.0,0.0,0.0,0.0,0.0,0.0
2017-07-08,0.0,0.0,0.0,0.0,0.0,0.0,0.0,0.0,0.0,0.0
2017-07-09,0.0,0.0,0.0,0.0,0.0,0.0,0.0,0.0,0.0,0.0
2017-07-10,6.24,2.0,6.24,2.0,10.07,3.0,5.81,1.76,5.81,1.76
2017-07-11,0.0,0.0,0.0,0.0,0.0,0.0,0.0,0.0,0.0,0.0
2017-07-12,2.1,2.0,2.1,2.0,2.1,2.0,2.1,2.0,2.1,2.0
2017-07-13,0.0,0.0,0.0,0.0,4.37,2.0,0.0,0.0,0.0,0.0
2017-07-14,0.0,0.0,0.0,0.0,1.31,1.0,0.0,0.0,0.0,0.0
2017-07-15,1.87,2.0,3.56,3.0,7.58,4.0,0.0,0.0,0.0,0.0
2017-07-16,0.0,0.0,0.0,0.0,0.0,0.0,0.0,0.0,0.0,0.0
2017-07-17,0.0,0.0,0.0,0.0,0.0,0.0,0.0,0.0,0.0,0.0
2017-07-18,0.0,0.0,0.0,0.0,9.8,4.0,0.0,0.0,1.58,1.49
2017-07-19,0.0,0.0,0.0,0.0,3.72,1.0,0.0,0.0,0.0,0.0
2017-07-20,0.0,0.0,0.0,0.0,0.0,0.0,0.0,0.0,0.0,0.0
2017-07-21,0.0,0.0,0.0,0.0,3.93,1.0,0.0,0.0,0.58,0.15
2017-07-22,0.0,0.0,0.0,0.0,0.0,0.0,0.0,0.0,0.0,0.0
2017-07-23,0.0,0.0,0.0,0.0,0.97,1.0,0.0,0.0,0.74,0.76
2017-07-24,0.0,0.0,0.0,0.0,0.0,0.0,0.0,0.0,0.0,0.0
2017-07-25,0.0,0.0,0.0,0.0,0.0,0.0,0.0,0.0,0.0,0.0
2017-07-26,0.0,0.0,0.0,0.0,2.97,1.0,0.0,0.0,1.26,0.42
2017-07-27,0.0,0.0,0.0,0.0,0.0,0.0,0.0,0.0,0.0,0.0
2017-07-28,0.0,0.0,0.0,0.0,0.0,0.0,0.0,0.0,0.0,0.0
2017-07-29,0.0,0.0,0.0,0.0,0.0,0.0,0.0,0.0,0.0,0.0
2017-07-30,0.0,0.0,0.0,0.0,0.0,0.0,0.0,0.0,0.0,0.0
2017-07-31,0.0,0.0,0.0,0.0,0.0,0.0,0.0,0.0,0.0,0.0
2017-08-01,0.0,0.0,0.0,0.0,0.0,0.0,0.0,0.0,0.0,0.0
2017-08-02,0.0,0.0,0.0,0.0,0.0,0.0,0.0,0.0,0.0,0.0
2017-08-03,0.0,0.0,0.0,0.0,0.0,0.0,0.0,0.0,0.0,0.0
2017-08-04,2.13,2.0,3.05,3.0,3.05,3.0,1.54,1.5,1.54,1.5
2017-08-05,2.09,1.0,2.09,1.0,2.09,1.0,0.06,0.03,0.06,0.03
2017-08-06,0.0,0.0,18.6,2.0,18.6,2.0,0.0,0.0,0.0,0.0
2017-08-07,0.0,0.0,0.0,0.0,0.0,0.0,0.0,0.0,0.0,0.0
2017-08-08,0.0,0.0,0.0,0.0,0.0,0.0,0.0,0.0,0.0,0.0
2017-08-09,0.0,0.0,0.0,0.0,0.0,0.0,0.0,0.0,0.0,0.0
2017-08-10,0.0,0.0,0.0,0.0,0.0,0.0,0.0,0.0,0.0,0.0
2017-08-11,0.0,0.0,0.0,0.0,0.0,0.0,0.0,0.0,0.0,0.0
2017-08-12,0.0,0.0,0.0,0.0,1.91,1.0,0.0,0.0,0.32,0.17
2017-08-13,0.0,0.0,0.0,0.0,0.0,0.0,0.0,0.0,0.0,0.0
2017-08-14,0.0,0.0,0.0,0.0,0.48,1.0,0.0,0.0,0.0,0.0
2017-08-15,1.42,1.0,1.42,1.0,1.42,1.0,0.33,0.24,0.33,0.24
2017-08-16,1.37,1.0,1.37,1.0,1.37,1.0,0.0,0.0,0.0,0.0
2017-08-17,0.0,0.0,0.0,0.0,0.0,0.0,0.0,0.0,0.0,0.0
2017-08-18,2.47,1.0,2.47,1.0,2.47,1.0,0.0,0.0,0.0,0.0
2017-08-19,0.0,0.0,0.0,0.0,0.0,0.0,0.0,0.0,0.0,0.0
2017-08-20,0.0,0.0,0.0,0.0,1.85,1.0,0.0,0.0,0.0,0.0
2017-08-21,0.0,0.0,0.0,0.0,0.0,0.0,0.0,0.0,0.0,0.0
2017-08-22,1.2,1.0,1.2,1.0,5.87,2.0,0.0,0.0,0.1,0.02
2017-08-23,0.4,1.0,0.4,1.0,0.4,1.0,0.07,0.18,0.07,0.18
2017-08-24,0.0,0.0,0.0,0.0,0.0,0.0,0.0,0.0,0.0,0.0
2017-08-25,0.0,0.0,0.0,0.0,0.0,0.0,0.0,0.0,0.0,0.0
2017-08-26,0.83,1.0,0.83,1.0,0.83,1.0,0.0,0.0,0.0,0.0
2017-08-27,0.0,0.0,0.0,0.0,0.0,0.0,0.0,0.0,0.0,0.0
2017-08-28,0.0,0.0,0.0,0.0,3.47,1.0,0.0,0.0,1.25,0.36
2017-08-29,0.0,0.0,0.56,1.0,5.49,3.0,0.0,0.0,0.0,0.0
2017-08-30,0.0,0.0,0.5,1.0,0.5,1.0,0.0,0.0,0.0,0.0
2017-08-31,0.0,0.0,0.0,0.0,0.0,0.0,0.0,0.0,0.0,0.0
2017-09-01,0.0,0.0,0.0,0.0,0.0,0.0,0.0,0.0,0.0,0.0
2017-09-02,0.0,0.0,0.0,0.0,0.0,0.0,0.0,0.0,0.0,0.0
2017-09-03,0.0,0.0,0.0,0.0,0.55,1.0,0.0,0.0,0.0,0.0
2017-09-04,0.0,0.0,0.0,0.0,0.0,0.0,0.0,0.0,0.0,0.0
2017-09-05,0.0,0.0,0.0,0.0,5.64,3.0,0.0,0.0,0.0,0.0
2017-09-06,2.88,1.0,2.88,1.0,2.88,1.0,0.77,0.27,0.77,0.27
2017-09-07,1.76,2.0,1.76,2.0,4.11,3.0,0.89,1.0,1.05,1.06
2017-09-08,8.25,2.0,8.25,2.0,8.25,2.0,4.79,1.15,4.79,1.15
2017-09-09,3.56,2.0,10.6,4.0,17.14,6.0,6.77,2.89,8.07,3.29
2017-09-10,0.0,0.0,0.0,0.0,7.2,2.0,0.0,0.0,1.07,0.3
2017-09-11,0.0,0.0,0.0,0.0,29.59,5.0,0.0,0.0,22.55,3.76
2017-09-12,2.4,1.0,4.8,2.0,33.8,7.0,3.39,1.41,13.8,2.99
2017-09-13,0.0,0.0,0.0,0.0,6.38,3.0,0.0,0.0,1.03,1.63
2017-09-14,0.0,0.0,0.0,0.0,6.65,1.0,0.0,0.0,6.02,0.9
2017-09-15,3.74,3.0,3.74,3.0,6.06,4.0,0.95,0.76,3.11,1.69
2017-09-16,0.0,0.0,0.0,0.0,0.0,0.0,0.0,0.0,0.0,0.0
2017-09-17,0.0,0.0,0.0,0.0,1.67,1.0,0.0,0.0,1.24,0.74
2017-09-18,5.19,3.0,6.32,4.0,70.07,17.0,1.27,0.9,50.81,11.94
2017-09-19,0.0,0.0,0.0,0.0,46.13,9.0,0.0,0.0,0.0,0.0
2017-09-20,0.0,0.0,44.28,6.0,121.12,22.0,0.0,0.0,0.45,0.08
2017-09-21,1.0,1.0,1.0,1.0,7.12,3.0,0.0,0.0,0.0,0.0
2017-09-22,0.0,0.0,0.0,0.0,0.0,0.0,0.0,0.0,0.0,0.0
2017-09-23,0.0,0.0,0.0,0.0,0.0,0.0,0.0,0.0,0.0,0.0
2017-09-24,0.0,0.0,0.0,0.0,0.0,0.0,0.0,0.0,0.0,0.0
2017-09-25,0.0,0.0,0.0,0.0,0.0,0.0,0.0,0.0,0.0,0.0
2017-09-26,1.13,1.0,1.13,1.0,9.32,4.0,1.13,1.0,4.23,1.93
2017-09-27,1.38,1.0,12.37,3.0,70.77,8.0,10.49,2.61,53.24,6.25
2017-09-28,1.53,2.0,1.53,2.0,22.92,7.0,1.45,1.86,13.35,4.76
2017-09-29,0.0,0.0,3.98,1.0,17.97,4.0,3.26,0.82,16.43,3.49
2017-09-30,2.05,3.0,2.05,3.0,62.48,20.0,2.03,2.96,43.06,15.17
2017-10-01,0.0,0.0,0.0,0.0,71.87,19.0,0.0,0.0,33.08,8.8
2017-10-02,1.14,1.0,8.35,3.0,157.69,31.0,4.73,1.68,122.87,22.89
2017-10-03,1.1,1.0,20.27,6.0,246.94,54.0,11.91,3.37,161.2,33.01
2017-10-04,2.44,2.0,12.59,6.0,223.58,61.0,6.59,3.26,179.17,48.57
2017-10-05,0.0,0.0,7.33,2.0,384.28,71.0,5.67,1.53,296.37,54.04
2017-10-06,0.0,0.0,3.54,1.0,297.24,63.0,3.47,0.98,271.78,56.79
2017-10-07,2.18,1.0,8.15,3.0,384.57,104.0,6.86,2.57,245.35,67.77
2017-10-08,1.09,1.0,97.96,25.0,1038.84,217.0,34.93,10.02,485.0,106.91
2017-10-09,2.56,2.0,36.42,13.0,799.35,201.0,1.88,0.74,134.44,26.45
2017-10-10,1.3,1.0,65.76,18.0,1016.29,204.0,4.29,1.34,144.35,30.66
2017-10-11,0.0,0.0,8.39,2.0,534.45,82.0,1.23,0.28,91.4,16.24
2017-10-12,0.0,0.0,5.31,1.0,683.46,138.0,0.0,0.0,574.29,112.96
2017-10-13,6.25,2.0,54.89,8.0,1121.42,176.0,2.8,1.4,366.23,58.76
2017-10-14,4.14,3.0,74.56,24.0,2145.8,405.0,18.29,5.18,1792.9,331.51
2017-10-15,7.84,4.0,227.97,39.0,2731.98,540.0,72.05,18.05,2144.11,410.76
2017-10-16,0.83,1.0,36.04,10.0,1042.5,223.0,3.46,1.43,831.01,172.69
2017-10-17,0.49,1.0,93.42,21.0,1480.41,284.0,2.0,1.47,1218.26,230.26
2017-10-18,11.0,4.0,126.0,22.0,2133.56,306.0,5.17,1.66,1455.1,201.43
2017-10-19,7.09,4.0,235.2,48.0,3825.49,582.0,10.54,2.78,1709.2,254.1
2017-10-20,6.27,3.0,296.69,60.0,2897.69,649.0,26.97,8.46,1908.44,430.29
2017-10-21,0.0,0.0,156.35,24.0,1815.45,323.0,9.84,2.8,1396.78,237.66
2017-10-22,1.4,1.0,151.57,40.0,951.65,216.0,2.99,1.29,100.49,22.73
2017-10-23,0.0,0.0,111.35,22.0,1161.33,235.0,3.71,1.56,666.6,133.79
2017-10-24,5.38,2.0,312.56,53.0,2322.81,376.0,13.14,4.48,1369.47,226.6
2017-10-25,5.98,2.0,220.65,56.0,1958.82,414.0,15.23,5.76,776.75,154.61
2017-10-26,3.59,3.0,246.14,55.0,2139.22,405.0,48.29,11.03,207.53,54.89
2017-10-27,0.0,0.0,111.59,23.0,1261.63,197.0,11.27,2.24,136.12,36.26
2017-10-28,26.62,4.0,223.96,38.0,2267.98,380.0,26.67,4.72,124.54,25.5
2017-10-29,0.0,0.0,322.6,53.0,2354.44,407.0,0.0,0.0,196.71,55.75
2017-10-30,18.67,5.0,225.84,56.0,2748.21,489.0,11.84,4.49,1634.58,278.25
2017-10-31,3.16,2.0,263.29,64.0,2484.92,505.0,32.94,9.56,210.91,55.13
2017-11-01,0.0,0.0,315.32,51.0,2123.62,355.0,46.9,8.74,180.1,34.88
2017-11-02,2.39,1.0,115.44,25.0,1309.33,219.0,0.45,0.19,35.76,6.52
2017-11-03,0.0,0.0,104.72,22.0,1242.21,205.0,7.13,2.09,47.79,17.0
2017-11-04,14.76,6.0,97.11,24.0,3987.94,592.0,7.42,1.74,197.12,43.91
2017-11-05,26.0,10.0,248.5,78.0,2397.18,522.0,40.14,13.03,1046.71,216.77
2017-11-06,22.93,2.0,129.98,22.0,480.53,92.0,3.33,0.92,62.3,12.99
2017-11-07,0.0,0.0,12.6,2.0,171.21,37.0,2.04,0.47,40.71,7.28
2017-11-08,20.31,8.0,27.9,11.0,671.86,155.0,2.1,1.53,546.7,120.82
2017-11-09,14.02,6.0,53.89,15.0,1072.55,185.0,8.88,2.82,626.97,98.43
2017-11-10,10.15,6.0,148.57,47.0,1216.79,282.0,55.99,18.03,751.29,175.44
2017-11-11,17.32,6.0,85.02,26.0,294.07,78.0,17.43,4.95,71.6,19.53
2017-11-12,14.41,4.0,34.25,9.0,104.43,31.0,8.46,2.44,13.28,3.48
2017-11-13,17.23,5.0,45.54,15.0,105.98,33.0,26.69,7.89,67.28,18.2
2017-11-14,7.8,2.0,72.33,16.0,681.24,128.0,10.66,2.56,32.73,10.11
2017-11-15,4.51,4.0,61.15,19.0,200.41,61.0,10.68,2.71,51.18,14.11
2017-11-16,24.16,6.0,75.53,21.0,206.6,65.0,44.53,12.48,117.49,34.46
2017-11-17,5.76,3.0,36.72,13.0,74.78,23.0,12.59,4.81,15.01,5.66
2017-11-18,0.0,0.0,20.25,7.0,89.45,28.0,2.21,1.11,32.39,10.66
2017-11-19,4.17,4.0,63.4,17.0,309.67,65.0,44.31,10.13,208.46,39.33
2017-11-20,7.11,6.0,25.87,12.0,271.39,63.0,5.87,4.71,217.65,42.33
2017-11-21,15.06,7.0,86.72,31.0,341.81,101.0,39.64,10.5,197.57,48.71
2017-11-22,18.68,8.0,78.93,24.0,236.39,66.0,39.63,10.96,106.87,27.51
2017-11-23,7.24,2.0,85.55,19.0,186.55,43.0,37.67,8.36,101.06,22.66
2017-11-24,23.35,8.0,59.79,17.0,211.58,56.0,33.8,9.57,101.55,24.52
2017-11-25,17.67,7.0,90.06,27.0,231.34,63.0,40.95,11.74,92.98,25.7
2017-11-26,31.41,10.0,131.9,44.0,382.11,108.0,55.3,15.25,178.46,46.47
2017-11-27,48.17,15.0,137.0,35.0,246.72,73.0,57.22,13.63,92.36,21.77
2017-11-28,6.4,4.0,87.66,23.0,181.33,48.0,9.09,4.05,19.36,5.88
2017-11-29,19.95,4.0,56.7,16.0,159.22,47.0,8.85,2.95,59.01,19.76
2017-11-30,21.31,5.0,74.62,19.0,253.01,48.0,27.26,7.21,114.51,18.59
2017-12-01,8.64,4.0,120.55,25.0,231.18,60.0,83.64,12.51,145.53,32.47
2017-12-02,43.26,15.0,184.63,64.0,323.68,117.0,111.97,39.35,191.84,68.26
2017-12-03,12.24,5.0,20.54,7.0,98.6,22.0,16.34,5.58,36.31,9.76
2017-12-04,0.0,0.0,2.76,1.0,2.76,1.0,1.08,0.39,1.08,0.39
2017-12-05,0.0,0.0,0.0,0.0,0.0,0.0,0.0,0.0,0.0,0.0
2017-12-06,1.77,2.0,1.77,2.0,118.27,14.0,1.14,0.94,95.82,7.12
2017-12-07,71.95,14.0,133.54,39.0,273.11,80.0,22.4,10.22,66.82,22.92
2017-12-08,3.86,2.0,104.64,19.0,198.45,46.0,49.32,7.16,73.24,13.01
2017-12-09,26.35,9.0,49.8,17.0,145.99,36.0,24.31,8.51,89.25,20.01
2017-12-10,15.43,7.0,90.75,31.0,228.46,65.0,55.88,17.13,112.91,33.28
2017-12-11,0.0,0.0,14.1,4.0,62.86,17.0,3.99,1.08,4.79,1.37
2017-12-12,0.0,0.0,10.48,4.0,26.01,12.0,0.0,0.0,1.79,1.15
2017-12-13,0.0,0.0,2.22,1.0,10.69,5.0,0.0,0.0,0.0,0.0
2017-12-14,0.0,0.0,8.88,3.0,22.99,9.0,2.13,0.52,2.13,0.52
2017-12-15,3.3,1.0,18.8,5.0,29.66,9.0,0.0,0.0,4.07,1.39
2017-12-16,23.69,4.0,83.12,23.0,172.24,49.0,20.97,6.84,38.68,11.91
2017-12-17,51.47,14.0,117.87,36.0,320.84,74.0,33.74,14.07,57.34,21.68
2017-12-18,43.72,18.0,172.08,62.0,312.23,116.0,35.69,13.91,69.36,26.82
2017-12-19,0.0,0.0,25.02,3.0,68.61,14.0,7.02,0.7,19.14,3.41
2017-12-20,8.08,2.0,13.22,5.0,89.3,15.0,7.64,3.05,17.27,6.31
2017-12-21,48.55,21.0,169.15,52.0,251.38,82.0,57.46,15.86,74.6,22.85
2017-12-22,11.88,6.0,70.64,20.0,193.55,58.0,34.01,9.7,50.84,16.68
2017-12-23,21.89,6.0,87.52,24.0,230.09,70.0,13.45,6.05,57.75,19.85
2017-12-24,4.65,2.0,49.35,14.0,196.01,48.0,19.86,4.58,89.32,22.48
2017-12-25,50.75,9.0,81.77,23.0,146.53,40.0,21.6,9.15,50.76,17.51
2017-12-26,30.38,10.0,76.09,20.0,145.21,36.0,34.7,7.09,53.97,12.18
2017-12-27,7.74,5.0,84.87,31.0,139.48,46.0,33.32,13.63,67.35,22.16
2017-12-28,19.64,7.0,163.71,53.0,277.36,93.0,74.77,24.78,120.49,39.93
2017-12-29,17.99,11.0,123.22,44.0,266.88,86.0,71.7,21.33,148.11,41.7
2017-12-30,8.57,3.0,49.53,17.0,134.13,39.0,23.52,7.82,64.94,16.88
2017-12-31,12.76,3.0,47.53,14.0,124.83,34.0,17.52,5.47,33.24,9.34
2018-01-01,5.19,2.0,14.25,4.0,48.81,15.0,0.33,0.13,1.61,0.62
2018-01-02,22.66,8.0,88.68,26.0,128.11,38.0,47.54,14.26,53.29,16.14
2018-01-03,32.1,11.0,73.04,23.0,129.4,40.0,31.3,9.06,59.71,16.7
2018-01-04,15.42,5.0,15.42,5.0,25.87,9.0,8.65,2.5,12.72,4.03
2018-01-05,0.0,0.0,16.63,6.0,72.92,14.0,4.21,1.85,9.87,3.65
2018-01-06,17.2,12.0,54.83,26.0,82.87,36.0,20.35,7.37,23.54,8.05
2018-01-07,36.83,8.0,112.03,29.0,209.96,60.0,11.74,4.44,37.74,12.03
2018-01-08,18.17,9.0,74.6,34.0,158.6,65.0,21.3,10.95,34.78,16.77
2018-01-09,44.1,15.0,76.18,23.0,157.82,46.0,24.26,6.48,42.96,10.69
2018-01-10,5.1,5.0,49.89,13.0,89.54,24.0,27.43,6.11,41.52,10.54
2018-01-11,15.25,5.0,42.79,12.0,65.5,20.0,13.17,5.3,21.32,9.29
2018-01-12,13.0,7.0,43.88,19.0,80.18,32.0,17.65,8.28,29.41,11.87
2018-01-13,56.83,15.0,127.05,45.0,308.26,92.0,31.87,14.36,91.47,29.05
2018-01-14,31.73,11.0,140.33,40.0,253.34,77.0,30.54,10.27,53.98,18.78
2018-01-15,40.37,11.0,93.24,27.0,159.28,41.0,16.35,10.19,24.96,12.6
2018-01-16,24.63,8.0,69.01,25.0,89.49,32.0,23.22,9.25,37.11,13.55
2018-01-17,23.35,6.0,30.74,9.0,159.08,30.0,0.0,0.0,16.07,4.59
2018-01-18,28.25,12.0,115.43,38.0,262.9,78.0,35.35,11.87,67.73,22.58
2018-01-19,25.26,7.0,78.6,30.0,206.75,80.0,18.26,7.54,49.32,17.54
2018-01-20,10.33,7.0,57.18,19.0,193.33,52.0,10.23,3.8,14.3,4.57
2018-01-21,35.52,10.0,121.45,41.0,188.15,63.0,13.59,4.98,20.73,6.78
2018-01-22,39.94,15.0,115.36,43.0,211.39,74.0,2.77,1.75,27.7,10.12
2018-01-23,0.0,0.0,0.0,0.0,10.81,2.0,0.0,0.0,4.87,0.9
2018-01-24,2.48,1.0,13.22,4.0,31.45,13.0,0.0,0.0,0.51,0.24
2018-01-25,13.81,3.0,17.5,4.0,53.66,15.0,0.03,0.0,1.36,0.43
2018-01-26,0.0,0.0,20.46,6.0,20.46,6.0,5.77,1.66,5.77,1.66
2018-01-27,9.46,3.0,90.61,21.0,170.27,40.0,18.0,6.1,26.91,8.55
2018-01-28,15.51,5.0,107.97,31.0,169.42,45.0,20.98,7.06,27.09,8.98
2018-01-29,30.02,10.0,173.01,48.0,306.57,89.0,36.95,13.4,79.49,24.36
2018-01-30,14.14,5.0,52.53,16.0,149.14,49.0,17.13,4.46,22.53,7.44
2018-01-31,0.63,1.0,36.23,7.0,148.29,27.0,3.6,1.43,7.75,2.37
2018-02-01,26.38,7.0,67.22,18.0,184.37,43.0,35.25,8.58,70.3,15.72
2018-02-02,10.34,4.0,148.65,24.0,224.13,41.0,83.73,15.27,89.56,17.6
2018-02-03,21.74,10.0,101.97,35.0,282.12,72.0,45.31,15.68,80.42,26.04
2018-02-04,16.66,5.0,131.82,35.0,273.02,80.0,12.65,4.5,27.09,8.18
2018-02-05,0.0,0.0,0.0,0.0,3.33,1.0,0.0,0.0,0.0,0.0
2018-02-06,0.0,0.0,3.87,2.0,38.33,9.0,1.86,0.93,28.15,5.34
2018-02-07,17.97,6.0,43.99,16.0,179.03,52.0,24.43,7.41,75.55,18.75
2018-02-08,5.15,6.0,28.81,12.0,174.29,46.0,7.72,4.02,35.61,9.23
2018-02-09,38.61,14.0,149.6,43.0,363.87,102.0,44.03,14.22,120.6,28.91
2018-02-10,14.44,5.0,50.25,13.0,186.77,35.0,15.73,4.77,36.41,9.81
2018-02-11,11.7,2.0,25.43,4.0,33.97,6.0,2.17,0.17,2.17,0.17
2018-02-12,0.5,1.0,1.2,2.0,1.2,2.0,0.04,0.08,0.04,0.08
2018-02-13,18.02,7.0,64.76,24.0,72.38,26.0,39.09,14.35,41.28,14.83
2018-02-14,4.26,2.0,35.95,12.0,172.75,47.0,6.95,2.78,12.34,4.95
2018-02-15,9.36,4.0,29.21,13.0,180.04,44.0,6.47,2.62,11.07,4.22
2018-02-16,7.16,1.0,32.4,6.0,68.88,17.0,2.94,0.54,10.09,2.4
2018-02-17,1.9,1.0,6.61,3.0,15.74,7.0,2.9,1.34,7.11,3.19
2018-02-18,20.25,5.0,35.98,9.0,157.43,32.0,16.2,4.34,25.48,6.16
2018-02-19,17.28,10.0,126.19,32.0,240.57,60.0,23.74,9.39,50.4,16.62
2018-02-20,12.28,4.0,78.98,21.0,241.47,63.0,38.56,8.31,105.9,21.99
2018-02-21,61.1,10.0,124.52,26.0,250.32,55.0,48.99,8.05,68.97,13.97
2018-02-22,0.0,0.0,23.51,7.0,71.3,23.0,14.01,3.74,28.94,8.5
2018-02-23,0.94,1.0,3.23,2.0,12.57,6.0,0.0,0.0,3.36,0.94
2018-02-24,20.01,3.0,38.5,9.0,69.39,17.0,17.86,3.1,28.4,5.68
2018-02-25,6.73,6.0,87.63,28.0,217.51,62.0,37.44,9.89,58.6,17.34
2018-02-26,0.93,1.0,23.03,6.0,116.61,28.0,6.46,2.72,25.73,8.33
2018-02-27,2.68,2.0,6.89,4.0,75.66,19.0,5.24,3.03,45.75,10.82
2018-02-28,13.24,5.0,18.06,8.0,32.52,14.0,2.46,2.57,4.46,4.25
2018-03-01,0.73,1.0,12.13,8.0,66.29,31.0,2.52,2.24,29.42,9.22
2018-03-02,5.96,5.0,15.92,9.0,179.6,45.0,3.2,2.06,46.93,11.32
2018-03-03,5.96,2.0,11.6,3.0,58.48,18.0,2.8,1.0,6.84,1.99
2018-03-04,4.24,1.0,18.57,3.0,40.97,8.0,4.18,0.53,18.65,2.77
2018-03-05,6.75,3.0,40.74,9.0,136.43,24.0,22.57,4.21,55.61,8.42
2018-03-06,1.6,3.0,2.19,4.0,102.81,29.0,1.03,1.99,10.9,4.18
2018-03-07,6.13,6.0,38.18,11.0,114.43,37.0,2.85,3.88,17.43,8.12
2018-03-08,2.9,3.0,53.99,16.0,174.34,56.0,24.17,7.49,76.23,23.22
2018-03-09,7.15,4.0,20.42,9.0,97.03,32.0,8.21,2.8,29.8,9.59
2018-03-10,13.25,5.0,43.64,11.0,108.86,31.0,11.58,3.26,41.85,7.44
2018-03-11,2.6,2.0,11.45,6.0,166.26,47.0,4.49,2.64,6.59,3.41
2018-03-12,19.45,7.0,48.56,12.0,236.32,49.0,21.14,6.15,22.72,7.08
2018-03-13,9.25,4.0,30.62,13.0,205.32,68.0,8.06,2.81,11.52,3.86
2018-03-14,9.06,3.0,19.19,5.0,109.77,27.0,2.92,0.76,3.04,0.8
2018-03-15,0.0,0.0,12.84,4.0,47.82,22.0,11.55,3.44,17.67,4.99
2018-03-16,1.8,2.0,3.52,3.0,157.89,36.0,2.36,1.88,16.2,5.23
2018-03-17,12.78,8.0,42.98,17.0,241.14,59.0,17.16,6.63,73.73,17.4
2018-03-18,4.88,3.0,31.78,12.0,246.37,65.0,6.69,3.18,47.37,14.91
2018-03-19,0.0,0.0,27.16,4.0,182.15,42.0,0.0,0.0,21.32,3.78
2018-03-20,13.4,4.0,33.79,9.0,164.35,45.0,0.39,0.55,22.75,6.43
2018-03-21,0.87,1.0,3.37,2.0,57.99,7.0,0.0,0.0,18.33,1.35
2018-03-22,6.81,6.0,13.69,8.0,31.79,16.0,7.06,2.69,14.55,5.38
2018-03-23,11.9,5.0,41.61,12.0,127.22,33.0,4.86,3.52,24.64,6.98
2018-03-24,11.49,5.0,24.44,10.0,234.17,61.0,9.19,3.76,17.07,7.29
2018-03-25,7.58,1.0,12.36,2.0,136.02,37.0,0.0,0.0,9.54,3.84
2018-03-26,3.72,2.0,8.88,5.0,165.09,38.0,0.39,0.86,35.96,7.09
2018-03-27,13.73,3.0,15.79,5.0,94.79,30.0,0.28,0.61,14.07,4.26
2018-03-28,12.71,6.0,53.12,15.0,407.72,93.0,8.15,5.35,40.27,10.93
2018-03-29,13.41,3.0,23.96,7.0,346.58,107.0,2.0,1.75,8.06,5.8
2018-03-30,17.64,4.0,18.19,5.0,308.83,63.0,1.08,0.79,107.15,25.96
2018-03-31,0.0,0.0,17.62,5.0,76.23,20.0,0.89,0.19,10.12,2.81
2018-04-01,0.79,1.0,9.62,3.0,54.01,20.0,3.25,0.74,8.52,2.26
2018-04-02,0.77,1.0,16.3,4.0,80.32,17.0,6.58,1.86,15.32,3.55
2018-04-03,7.18,4.0,24.88,8.0,201.47,47.0,5.14,1.35,27.6,10.46
2018-04-04,0.5,1.0,16.12,4.0,126.45,38.0,8.39,1.54,91.68,27.88
2018-04-05,0.0,0.0,5.49,2.0,37.19,15.0,2.49,0.78,15.17,7.41
2018-04-06,0.0,0.0,0.0,0.0,53.61,12.0,0.0,0.0,30.18,6.23
2018-04-07,10.99,2.0,18.95,5.0,37.15,17.0,2.6,1.3,9.75,5.74
2018-04-08,10.36,7.0,13.63,10.0,72.07,30.0,2.2,1.14,30.29,7.09
2018-04-09,0.0,0.0,0.0,0.0,0.0,0.0,0.0,0.0,0.0,0.0
2018-04-10,7.77,2.0,16.72,10.0,83.49,26.0,4.31,1.59,23.77,6.15
2018-04-11,0.0,0.0,3.95,1.0,28.44,6.0,3.11,0.79,8.94,2.08
2018-04-12,8.8,6.0,19.02,8.0,34.58,14.0,3.62,2.0,6.35,3.43
2018-04-13,3.27,4.0,43.56,12.0,90.57,27.0,8.78,4.59,17.91,6.64
2018-04-14,7.68,2.0,58.53,14.0,144.38,36.0,31.73,6.84,37.62,8.4
2018-04-15,0.0,0.0,94.27,9.0,325.73,51.0,5.38,1.51,30.75,9.91
2018-04-16,0.85,1.0,255.49,21.0,333.55,39.0,0.41,0.33,1.63,1.89
2018-04-17,1.18,2.0,22.54,8.0,186.52,60.0,4.72,2.07,55.18,20.01
2018-04-18,135.31,11.0,508.93,34.0,1326.13,159.0,362.22,19.09,605.78,33.44
2018-04-19,53.72,12.0,239.76,36.0,1032.77,213.0,32.63,8.7,350.82,83.08
2018-04-20,0.0,0.0,24.37,4.0,145.22,31.0,9.12,1.22,15.97,2.8
2018-04-21,3.79,1.0,76.64,16.0,250.41,60.0,33.27,5.43,112.17,17.65
2018-04-22,3.65,1.0,185.43,30.0,520.58,121.0,113.71,15.12,289.04,39.96
2018-04-23,24.83,3.0,185.07,29.0,876.84,164.0,98.72,15.48,347.01,36.11
2018-04-24,84.71,10.0,429.3,45.0,1263.76,236.0,217.72,23.11,427.34,38.08
2018-04-25,46.94,3.0,452.26,37.0,1254.19,271.0,307.64,21.47,317.36,23.07
2018-04-26,5.28,2.0,408.36,64.0,900.46,154.0,18.55,3.77,235.37,46.73
2018-04-27,4.17,2.0,139.65,27.0,424.9,93.0,14.15,3.27,45.76,13.04
2018-04-28,3.38,3.0,178.38,32.0,368.28,89.0,4.58,2.61,26.7,10.84
2018-04-29,96.84,16.0,881.38,124.0,1690.97,223.0,20.28,3.55,70.1,21.55
2018-04-30,18.08,2.0,888.98,64.0,1392.67,191.0,22.94,3.57,70.74,23.69
2018-05-01,32.5,8.0,255.96,60.0,945.03,209.0,20.14,3.76,81.03,20.7
2018-05-02,0.0,0.0,79.44,21.0,435.11,74.0,1.06,0.27,67.48,11.28
2018-05-03,13.51,5.0,258.68,31.0,545.29,99.0,0.34,0.19,24.56,3.42
2018-05-04,41.94,10.0,404.74,91.0,1797.17,324.0,4.28,1.49,78.42,16.42
2018-05-05,99.1,21.0,1727.29,268.0,4904.27,733.0,760.27,117.83,2636.98,410.52
2018-05-06,37.82,10.0,278.1,49.0,2332.41,362.0,63.88,10.31,1528.55,221.81
2018-05-07,192.29,21.0,686.17,95.0,2628.78,411.0,182.73,27.27,1120.7,180.79
2018-05-08,53.18,8.0,350.07,53.0,1827.05,375.0,134.88,23.0,1464.92,304.35
2018-05-09,0.0,0.0,168.97,29.0,1337.98,227.0,53.09,12.55,892.37,163.99
2018-05-10,76.91,15.0,909.06,162.0,4442.92,705.0,722.78,129.11,3683.56,566.17
2018-05-11,0.0,0.0,255.27,38.0,2080.57,318.0,206.89,29.94,1282.85,179.64
2018-05-12,15.8,8.0,441.35,85.0,2135.14,383.0,29.28,10.1,199.06,36.23
2018-05-13,41.73,10.0,190.38,47.0,1255.01,268.0,5.71,2.88,181.02,35.77
2018-05-14,0.0,0.0,19.58,7.0,114.71,35.0,8.77,2.37,31.29,9.7
2018-05-15,3.46,1.0,96.06,19.0,469.31,116.0,1.9,0.45,135.68,35.2
2018-05-16,2.95,1.0,17.0,6.0,299.7,93.0,4.09,2.28,68.5,18.11
2018-05-17,11.82,3.0,66.79,12.0,653.79,123.0,17.72,3.74,358.36,69.36
2018-05-18,2.22,1.0,96.89,22.0,392.11,118.0,24.96,5.53,165.13,52.59
2018-05-19,10.61,4.0,55.73,15.0,666.56,137.0,11.15,3.56,193.4,34.9
2018-05-20,18.65,6.0,106.39,28.0,1382.29,328.0,41.68,11.35,413.55,96.83
2018-05-21,37.62,9.0,107.46,22.0,2339.72,526.0,33.67,7.45,547.23,124.52
2018-05-22,16.49,3.0,22.75,5.0,2316.85,456.0,0.42,0.19,484.96,101.41
2018-05-23,24.85,5.0,82.08,12.0,843.91,164.0,12.58,2.81,436.56,91.56
2018-05-24,7.26,2.0,58.59,12.0,714.4,189.0,7.41,2.66,550.68,145.91
2018-05-25,1.65,1.0,47.17,7.0,928.27,184.0,16.93,2.96,61.65,13.03
2018-05-26,26.46,8.0,70.37,13.0,1800.99,345.0,44.81,7.27,315.35,44.61
2018-05-27,33.07,4.0,33.07,4.0,1354.19,312.0,1.69,0.12,53.03,7.25
2018-05-28,0.6,1.0,23.69,6.0,828.05,178.0,13.55,3.23,254.49,59.04
2018-05-29,13.72,5.0,35.62,10.0,384.99,76.0,2.31,0.42,58.95,11.2
2018-05-30,1.92,1.0,1.92,1.0,108.52,32.0,0.0,0.0,4.35,2.27
2018-05-31,2.3,2.0,27.2,9.0,277.21,50.0,15.83,2.88,116.12,12.03
2018-06-01,3.88,2.0,16.43,6.0,58.44,18.0,4.3,1.53,21.2,6.82
2018-06-02,4.16,3.0,5.22,4.0,13.37,7.0,0.04,0.04,0.04,0.04
2018-06-03,5.87,3.0,11.1,6.0,55.02,20.0,3.33,1.84,3.78,1.94
2018-06-04,0.0,0.0,0.0,0.0,24.81,7.0,0.0,0.0,0.0,0.0
2018-06-05,3.05,2.0,10.69,3.0,47.03,12.0,7.07,0.92,27.82,4.66
2018-06-06,6.12,4.0,6.12,4.0,11.24,6.0,0.67,0.75,1.97,1.8
2018-06-07,0.92,1.0,7.19,2.0,33.19,7.0,0.0,0.0,10.09,1.39
2018-06-08,0.0,0.0,0.0,0.0,6.82,2.0,0.0,0.0,0.0,0.0
2018-06-09,0.0,0.0,0.0,0.0,0.0,0.0,0.0,0.0,0.0,0.0
2018-06-10,0.0,0.0,20.16,3.0,33.14,5.0,3.36,0.62,3.36,0.62
2018-06-11,2.01,2.0,8.16,3.0,28.66,11.0,1.95,1.94,6.89,4.85
2018-06-12,0.0,0.0,0.0,0.0,18.49,5.0,0.0,0.0,0.0,0.0
2018-06-13,0.0,0.0,2.25,1.0,21.8,5.0,0.0,0.0,0.0,0.0
2018-06-14,0.0,0.0,0.0,0.0,1.74,1.0,0.0,0.0,0.02,0.01
2018-06-15,0.86,1.0,0.86,1.0,0.86,1.0,0.0,0.0,0.0,0.0
2018-06-16,0.0,0.0,1.43,1.0,7.21,3.0,0.62,0.43,0.62,0.43
2018-06-17,0.0,0.0,0.0,0.0,3.85,1.0,0.0,0.0,0.0,0.0
2018-06-18,6.44,1.0,7.79,2.0,9.14,3.0,4.03,1.4,4.03,1.4
2018-06-19,2.72,2.0,2.72,2.0,17.92,6.0,2.33,1.62,5.14,2.6
2018-06-20,0.0,0.0,13.79,3.0,23.25,5.0,0.0,0.0,9.44,1.99
2018-06-21,4.33,2.0,4.33,2.0,15.92,5.0,0.58,0.3,4.62,1.3
2018-06-22,0.0,0.0,3.14,1.0,30.62,11.0,1.31,0.42,14.27,5.61
2018-06-23,0.0,0.0,0.0,0.0,0.0,0.0,0.0,0.0,0.0,0.0
2018-06-24,0.0,0.0,5.87,2.0,52.86,11.0,0.0,0.0,11.26,1.27
2018-06-25,0.0,0.0,2.59,1.0,8.13,3.0,0.0,0.0,0.0,0.0
2018-06-26,0.0,0.0,0.0,0.0,0.0,0.0,0.0,0.0,0.0,0.0
2018-06-27,5.4,2.0,15.52,4.0,23.92,7.0,0.0,0.0,6.2,2.36
2018-06-28,0.0,0.0,0.0,0.0,0.0,0.0,0.0,0.0,0.0,0.0
2018-06-29,0.0,0.0,0.0,0.0,0.0,0.0,0.0,0.0,0.0,0.0
2018-06-30,0.0,0.0,0.0,0.0,3.68,1.0,0.0,0.0,1.97,0.53
2018-07-01,0.0,0.0,0.0,0.0,0.0,0.0,0.0,0.0,0.0,0.0
2018-07-02,0.0,0.0,0.0,0.0,0.0,0.0,0.0,0.0,0.0,0.0
2018-07-03,11.48,2.0,11.48,2.0,11.48,2.0,0.0,0.0,0.0,0.0
2018-07-04,0.0,0.0,0.0,0.0,0.0,0.0,0.0,0.0,0.0,0.0
2018-07-05,0.0,0.0,0.0,0.0,3.89,1.0,0.0,0.0,0.0,0.0
2018-07-06,1.03,1.0,1.03,1.0,1.03,1.0,0.25,0.24,0.25,0.24
2018-07-07,2.47,1.0,2.47,1.0,2.47,1.0,2.47,1.0,2.47,1.0
2018-07-08,1.78,3.0,1.78,3.0,13.84,6.0,0.16,0.26,7.15,1.76
2018-07-09,0.0,0.0,0.0,0.0,0.0,0.0,0.0,0.0,0.0,0.0
2018-07-10,10.08,1.0,10.08,1.0,15.34,3.0,0.0,0.0,2.95,0.71
2018-07-11,0.0,0.0,0.0,0.0,0.0,0.0,0.0,0.0,0.0,0.0
2018-07-12,0.0,0.0,0.0,0.0,0.0,0.0,0.0,0.0,0.0,0.0
2018-07-13,1.54,1.0,1.54,1.0,1.54,1.0,0.0,0.0,0.0,0.0
2018-07-14,4.92,4.0,4.92,4.0,4.92,4.0,0.0,0.0,0.0,0.0
2018-07-15,0.0,0.0,0.0,0.0,0.0,0.0,0.0,0.0,0.0,0.0
2018-07-16,0.0,0.0,0.0,0.0,0.0,0.0,0.0,0.0,0.0,0.0
2018-07-17,2.29,2.0,2.29,2.0,2.29,2.0,0.0,0.0,0.0,0.0
2018-07-18,0.0,0.0,0.0,0.0,0.0,0.0,0.0,0.0,0.0,0.0
2018-07-19,0.0,0.0,0.0,0.0,0.0,0.0,0.0,0.0,0.0,0.0
2018-07-20,0.0,0.0,0.0,0.0,0.0,0.0,0.0,0.0,0.0,0.0
2018-07-21,0.0,0.0,0.0,0.0,0.0,0.0,0.0,0.0,0.0,0.0
2018-07-22,0.0,0.0,0.0,0.0,0.0,0.0,0.0,0.0,0.0,0.0
2018-07-23,2.27,3.0,2.27,3.0,2.27,3.0,0.0,0.0,0.0,0.0
2018-07-24,1.34,2.0,1.34,2.0,1.34,2.0,0.0,0.0,0.0,0.0
2018-07-25,0.0,0.0,0.0,0.0,0.0,0.0,0.0,0.0,0.0,0.0
2018-07-26,0.0,0.0,0.0,0.0,0.0,0.0,0.0,0.0,0.0,0.0
2018-07-27,0.0,0.0,0.0,0.0,0.0,0.0,0.0,0.0,0.0,0.0
2018-07-28,0.0,0.0,0.0,0.0,0.0,0.0,0.0,0.0,0.0,0.0
2018-07-29,0.0,0.0,0.0,0.0,0.0,0.0,0.0,0.0,0.0,0.0
2018-07-30,0.0,0.0,0.0,0.0,0.0,0.0,0.0,0.0,0.0,0.0
2018-07-31,0.0,0.0,0.0,0.0,0.0,0.0,0.0,0.0,0.0,0.0
2018-08-01,1.3,2.0,1.3,2.0,1.3,2.0,0.77,1.24,0.77,1.24
2018-08-02,0.0,0.0,0.0,0.0,0.0,0.0,0.0,0.0,0.0,0.0
2018-08-03,2.75,3.0,2.75,3.0,2.75,3.0,1.57,1.67,1.57,1.67
2018-08-04,0.0,0.0,0.0,0.0,0.0,0.0,0.0,0.0,0.0,0.0
2018-08-05,0.0,0.0,0.0,0.0,0.0,0.0,0.0,0.0,0.0,0.0
2018-08-06,0.0,0.0,0.0,0.0,0.0,0.0,0.0,0.0,0.0,0.0
2018-08-07,0.0,0.0,0.0,0.0,0.0,0.0,0.0,0.0,0.0,0.0
2018-08-08,0.55,1.0,0.55,1.0,0.55,1.0,0.0,0.0,0.0,0.0
2018-08-09,8.31,4.0,12.17,5.0,15.74,7.0,0.69,0.19,2.36,1.19
2018-08-10,0.0,0.0,0.0,0.0,3.48,1.0,0.0,0.0,0.0,0.0
2018-08-11,0.0,0.0,0.0,0.0,0.0,0.0,0.0,0.0,0.0,0.0
2018-08-12,0.0,0.0,0.0,0.0,0.0,0.0,0.0,0.0,0.0,0.0
2018-08-13,0.0,0.0,0.0,0.0,0.0,0.0,0.0,0.0,0.0,0.0
2018-08-14,0.0,0.0,0.0,0.0,3.27,2.0,0.0,0.0,0.0,0.0
2018-08-15,0.0,0.0,0.0,0.0,0.0,0.0,0.0,0.0,0.0,0.0
2018-08-16,0.0,0.0,0.0,0.0,1.99,1.0,0.0,0.0,0.0,0.0
2018-08-17,0.0,0.0,0.0,0.0,0.0,0.0,0.0,0.0,0.0,0.0
2018-08-18,0.0,0.0,0.0,0.0,1.15,1.0,0.0,0.0,0.99,0.86
2018-08-19,0.0,0.0,0.0,0.0,0.0,0.0,0.0,0.0,0.0,0.0
2018-08-20,0.44,1.0,0.44,1.0,0.44,1.0,0.02,0.04,0.02,0.04
2018-08-21,6.29,1.0,6.29,1.0,6.29,1.0,0.0,0.0,0.0,0.0
2018-08-22,0.0,0.0,0.0,0.0,0.0,0.0,0.0,0.0,0.0,0.0
2018-08-23,0.0,0.0,0.0,0.0,0.0,0.0,0.0,0.0,0.0,0.0
2018-08-24,0.0,0.0,0.0,0.0,0.0,0.0,0.0,0.0,0.0,0.0
2018-08-25,0.0,0.0,0.0,0.0,3.17,1.0,0.0,0.0,0.06,0.02
2018-08-26,0.0,0.0,0.0,0.0,0.0,0.0,0.0,0.0,0.0,0.0
2018-08-27,0.0,0.0,0.0,0.0,0.0,0.0,0.0,0.0,0.0,0.0
2018-08-28,0.0,0.0,0.0,0.0,0.0,0.0,0.0,0.0,0.0,0.0
2018-08-29,0.0,0.0,0.0,0.0,0.0,0.0,0.0,0.0,0.0,0.0
2018-08-30,0.0,0.0,0.0,0.0,3.85,1.0,0.0,0.0,0.0,0.0
2018-08-31,0.0,0.0,0.0,0.0,0.0,0.0,0.0,0.0,0.0,0.0
2018-09-01,0.0,0.0,0.0,0.0,0.0,0.0,0.0,0.0,0.0,0.0
2018-09-02,0.0,0.0,0.0,0.0,0.0,0.0,0.0,0.0,0.0,0.0
2018-09-03,0.0,0.0,0.0,0.0,0.0,0.0,0.0,0.0,0.0,0.0
2018-09-04,0.0,0.0,0.0,0.0,0.0,0.0,0.0,0.0,0.0,0.0
2018-09-05,1.44,1.0,1.44,1.0,1.44,1.0,1.44,1.0,1.44,1.0
2018-09-06,0.0,0.0,0.0,0.0,0.0,0.0,0.0,0.0,0.0,0.0
2018-09-07,0.0,0.0,0.0,0.0,0.0,0.0,0.0,0.0,0.0,0.0
2018-09-08,0.0,0.0,0.0,0.0,0.0,0.0,0.0,0.0,0.0,0.0
2018-09-09,0.0,0.0,0.0,0.0,0.0,0.0,0.0,0.0,0.0,0.0
2018-09-10,0.78,1.0,0.78,1.0,3.82,2.0,0.76,0.98,0.76,0.98
2018-09-11,0.0,0.0,0.0,0.0,1.17,1.0,0.0,0.0,0.0,0.0
2018-09-12,0.0,0.0,0.0,0.0,1.08,1.0,0.0,0.0,0.28,0.26
2018-09-13,0.0,0.0,0.82,1.0,0.82,1.0,0.68,0.83,0.68,0.83
2018-09-14,0.59,1.0,0.59,1.0,9.71,3.0,0.58,0.99,1.29,1.15
2018-09-15,2.63,2.0,2.63,2.0,25.42,8.0,2.52,1.93,17.41,4.66
2018-09-16,0.0,0.0,0.0,0.0,11.0,3.0,0.0,0.0,4.01,1.09
2018-09-17,0.0,0.0,0.0,0.0,0.0,0.0,0.0,0.0,0.0,0.0
2018-09-18,0.79,1.0,0.79,1.0,22.31,4.0,0.0,0.0,16.4,2.2
2018-09-19,0.0,0.0,0.0,0.0,27.92,5.0,0.0,0.0,22.46,3.89
2018-09-20,3.64,1.0,11.32,3.0,60.67,11.0,1.62,0.42,11.99,2.24
2018-09-21,0.0,0.0,8.21,3.0,163.83,37.0,0.0,0.0,0.0,0.0
2018-09-22,0.0,0.0,0.0,0.0,0.0,0.0,0.0,0.0,0.0,0.0
2018-09-23,0.0,0.0,0.0,0.0,0.0,0.0,0.0,0.0,0.0,0.0
2018-09-24,0.0,0.0,0.0,0.0,0.35,1.0,0.0,0.0,0.0,0.0
2018-09-25,0.0,0.0,0.0,0.0,0.0,0.0,0.0,0.0,0.0,0.0
2018-09-26,0.0,0.0,1.94,1.0,1.94,1.0,0.51,0.26,0.51,0.26
2018-09-27,1.25,1.0,1.25,1.0,1.25,1.0,0.86,0.69,0.86,0.69
2018-09-28,0.0,0.0,0.0,0.0,0.0,0.0,0.0,0.0,0.0,0.0
2018-09-29,0.0,0.0,3.45,1.0,3.45,1.0,0.0,0.0,0.0,0.0
2018-09-30,0.0,0.0,11.54,1.0,29.18,5.0,0.0,0.0,9.24,2.15
2018-10-01,4.32,5.0,17.76,8.0,50.78,18.0,4.42,5.43,15.18,9.25
2018-10-02,3.33,1.0,8.46,2.0,82.99,26.0,2.89,0.87,35.82,11.29
2018-10-03,0.0,0.0,0.0,0.0,27.84,7.0,0.0,0.0,8.38,2.03
2018-10-04,1.1,2.0,1.1,2.0,49.44,18.0,0.29,0.96,31.62,11.42
2018-10-05,0.0,0.0,4.68,1.0,122.51,24.0,3.9,0.83,105.97,18.85
2018-10-06,1.87,3.0,13.02,7.0,308.71,72.0,4.99,3.63,211.36,50.58
2018-10-07,9.24,7.0,72.28,30.0,783.69,227.0,17.58,9.02,631.29,175.97
2018-10-08,1.4,1.0,15.39,5.0,206.75,52.0,0.42,0.13,45.02,11.06
2018-10-09,0.0,0.0,12.4,4.0,223.76,52.0,1.45,0.45,42.61,9.14
2018-10-10,0.0,0.0,40.16,6.0,198.3,38.0,0.01,0.0,7.61,2.05
2018-10-11,14.65,3.0,59.24,11.0,378.48,89.0,0.0,0.0,0.17,0.04
2018-10-12,4.98,3.0,62.95,20.0,638.6,172.0,9.13,3.88,296.99,80.74
2018-10-13,1.74,2.0,110.89,23.0,862.22,186.0,35.37,5.04,699.09,143.46
2018-10-14,0.73,2.0,143.9,21.0,894.48,157.0,7.99,2.07,583.51,101.77
2018-10-15,0.0,0.0,81.91,12.0,652.91,126.0,10.53,1.86,434.61,84.43
2018-10-16,0.77,1.0,34.95,6.0,726.78,147.0,1.19,0.16,5.68,1.37
2018-10-17,1.07,2.0,270.32,50.0,1666.66,337.0,3.62,0.64,70.06,14.19
2018-10-18,4.18,3.0,153.2,42.0,1733.33,377.0,1.55,1.0,133.23,39.97
2018-10-19,2.54,1.0,193.99,44.0,1541.48,278.0,2.56,1.08,1109.17,185.49
2018-10-20,0.0,0.0,76.19,15.0,1189.39,215.0,0.0,0.0,819.12,146.95
2018-10-21,1.55,2.0,154.34,24.0,1905.57,287.0,6.1,1.81,1542.63,221.46
2018-10-22,4.91,4.0,205.49,36.0,1347.73,237.0,2.7,3.72,547.51,100.77
2018-10-23,8.07,3.0,153.46,43.0,1660.05,357.0,11.41,5.5,1068.41,222.49
2018-10-24,0.0,0.0,101.79,17.0,1504.05,271.0,0.0,0.0,276.56,56.65
2018-10-25,0.0,0.0,148.15,34.0,1254.61,246.0,0.0,0.0,254.84,51.33
2018-10-26,0.83,2.0,22.07,7.0,1358.89,259.0,0.51,0.95,1067.33,201.18
2018-10-27,6.15,4.0,106.78,32.0,2371.56,356.0,1.86,1.1,1706.16,241.06
2018-10-28,4.27,2.0,275.76,60.0,3098.0,575.0,17.79,4.27,1941.6,340.7
2018-10-29,3.42,1.0,68.38,17.0,1454.99,274.0,2.23,1.18,827.94,140.75
2018-10-30,0.0,0.0,22.32,7.0,716.79,133.0,0.75,0.7,70.09,21.0
2018-10-31,0.0,0.0,73.83,13.0,1766.38,287.0,0.0,0.0,1222.87,202.68
2018-11-01,0.0,0.0,65.67,13.0,1584.83,258.0,0.69,0.15,70.05,16.69
2018-11-02,1.98,4.0,109.11,27.0,2164.19,384.0,19.86,5.17,105.12,24.94
2018-11-03,5.28,2.0,118.83,28.0,1413.92,256.0,0.15,0.04,33.9,10.66
2018-11-04,1.75,1.0,19.57,9.0,788.9,127.0,0.02,0.01,447.98,83.39
2018-11-05,0.0,0.0,0.0,0.0,635.82,132.0,0.0,0.0,517.63,102.51
2018-11-06,8.68,10.0,109.56,33.0,1613.64,236.0,13.64,8.54,1294.8,174.06
2018-11-07,25.42,9.0,90.64,28.0,2434.67,409.0,13.4,9.03,1505.17,249.57
2018-11-08,6.85,3.0,37.71,18.0,1841.35,377.0,10.16,4.71,1212.26,230.55
2018-11-09,15.25,5.0,41.5,12.0,594.32,133.0,15.81,5.04,477.61,104.39
2018-11-10,4.69,3.0,4.69,3.0,511.14,102.0,2.5,0.94,279.45,54.85
2018-11-11,1.06,2.0,9.78,6.0,475.35,118.0,5.25,2.05,257.47,60.36
2018-11-12,6.8,3.0,31.72,11.0,943.43,144.0,5.12,1.58,17.9,4.66
2018-11-13,15.51,5.0,33.65,13.0,1189.71,236.0,5.67,2.24,7.49,3.33
2018-11-14,3.08,2.0,8.88,5.0,1045.52,156.0,4.06,2.95,22.86,7.78
2018-11-15,0.0,0.0,10.08,5.0,310.12,63.0,1.63,1.76,252.83,46.37
2018-11-16,6.24,2.0,25.81,7.0,523.11,90.0,0.82,0.82,439.5,73.33
2018-11-17,7.79,3.0,20.09,5.0,447.16,99.0,13.86,3.65,397.91,86.11
2018-11-18,11.05,4.0,46.83,16.0,598.82,139.0,3.59,1.46,8.9,3.83
2018-11-19,0.0,0.0,1.17,2.0,290.07,62.0,0.0,0.0,3.61,2.55
2018-11-20,18.9,5.0,84.6,16.0,275.53,54.0,39.71,5.33,189.8,33.1
2018-11-21,0.0,0.0,1.92,1.0,233.8,39.0,0.33,0.17,160.93,26.33
2018-11-22,2.03,2.0,54.85,17.0,234.79,45.0,9.28,3.11,160.22,22.98
2018-11-23,1.04,2.0,37.73,14.0,334.54,82.0,31.46,11.61,271.04,61.46
2018-11-24,5.63,3.0,113.83,18.0,275.68,68.0,68.98,6.6,157.23,30.68
2018-11-25,7.3,2.0,42.32,12.0,172.0,49.0,21.77,5.3,89.16,24.61
2018-11-26,10.84,2.0,15.06,3.0,52.19,15.0,0.91,0.24,17.06,4.43
2018-11-27,15.46,4.0,39.61,11.0,59.51,15.0,12.59,4.29,23.94,5.83
2018-11-28,29.32,7.0,85.98,22.0,157.64,45.0,36.02,8.77,57.36,16.1
2018-11-29,56.77,12.0,147.13,45.0,220.31,70.0,34.12,9.41,52.24,15.14
2018-11-30,15.42,5.0,56.68,15.0,158.01,48.0,11.02,3.65,57.12,16.36
2018-12-01,4.19,2.0,42.16,14.0,123.11,33.0,12.43,3.63,50.3,9.45
2018-12-02,6.48,2.0,24.0,8.0,64.07,21.0,9.48,3.22,24.18,8.25
2018-12-03,0.0,0.0,44.57,11.0,82.59,25.0,19.5,4.65,40.53,11.99
2018-12-04,33.47,13.0,165.95,46.0,262.95,72.0,52.31,16.27,103.99,27.93
2018-12-05,19.33,11.0,133.13,48.0,256.63,94.0,28.1,10.4,87.59,31.36
2018-12-06,23.91,9.0,64.07,22.0,123.5,48.0,32.51,10.29,69.01,27.08
2018-12-07,9.0,4.0,61.66,23.0,116.92,41.0,25.3,9.57,50.76,17.79
2018-12-08,19.72,8.0,37.53,17.0,120.87,44.0,17.79,7.95,54.9,19.38
2018-12-09,49.59,12.0,180.79,45.0,313.88,76.0,81.5,19.76,138.32,30.56
2018-12-10,39.52,12.0,133.23,45.0,221.65,80.0,39.4,14.75,67.69,26.47
2018-12-11,10.45,4.0,76.82,21.0,166.48,43.0,18.8,5.84,58.13,16.64
2018-12-12,5.19,1.0,6.91,2.0,6.91,2.0,5.47,1.32,5.47,1.32
2018-12-13,4.61,2.0,17.53,8.0,29.17,13.0,1.68,0.84,4.37,1.53
2018-12-14,33.94,12.0,60.83,22.0,140.67,45.0,22.6,8.84,46.01,15.6
2018-12-15,33.18,14.0,172.14,66.0,290.52,109.0,50.3,17.13,87.45,31.15
2018-12-16,52.5,16.0,151.29,54.0,332.13,102.0,43.35,15.61,113.63,33.31
2018-12-17,0.93,1.0,24.44,10.0,72.67,28.0,17.69,7.53,48.84,19.15
2018-12-18,42.18,12.0,47.22,14.0,85.69,32.0,7.94,3.39,23.29,9.01
2018-12-19,46.05,11.0,103.25,24.0,171.47,46.0,22.89,5.95,43.32,10.24
2018-12-20,81.44,29.0,191.94,63.0,344.41,106.0,64.16,22.08,115.86,37.45
2018-12-21,50.33,19.0,134.93,49.0,230.05,83.0,30.21,9.91,49.32,14.56
2018-12-22,26.35,11.0,131.4,42.0,193.6,63.0,47.13,17.45,64.59,23.14
2018-12-23,24.79,7.0,78.82,17.0,144.46,35.0,8.1,1.95,16.67,6.48
2018-12-24,26.91,11.0,58.64,25.0,146.14,54.0,33.62,12.98,68.6,22.88
2018-12-25,16.61,5.0,48.52,13.0,193.83,47.0,5.92,2.16,40.31,9.0
2018-12-26,31.81,13.0,109.04,40.0,230.17,75.0,51.58,17.92,126.39,38.81
2018-12-27,30.15,9.0,121.34,32.0,191.1,58.0,55.28,13.47,79.22,23.66
2018-12-28,3.46,2.0,10.66,5.0,31.88,13.0,3.36,1.9,11.13,5.71
2018-12-29,36.04,9.0,82.39,25.0,106.5,33.0,18.45,6.79,33.45,11.29
2018-12-30,32.25,10.0,114.05,34.0,207.81,58.0,46.15,13.15,90.59,24.73
2018-12-31,32.66,12.0,120.39,41.0,221.16,72.0,34.09,11.85,49.41,17.16
2019-01-01,29.73,9.0,92.1,33.0,191.86,67.0,31.9,10.09,58.5,20.1
2019-01-02,8.79,2.0,43.11,12.0,113.52,36.0,20.88,5.82,62.95,20.76
2019-01-03,0.0,0.0,30.26,8.0,64.63,19.0,8.43,2.62,25.04,6.45
2019-01-04,0.55,1.0,7.15,2.0,7.15,2.0,4.14,1.3,4.14,1.3
2019-01-05,10.24,5.0,41.11,17.0,86.01,30.0,19.84,6.62,48.95,14.0
2019-01-06,5.39,2.0,19.13,8.0,64.0,19.0,13.28,5.5,31.24,9.34
2019-01-07,5.11,1.0,19.51,8.0,60.58,19.0,4.41,2.6,17.03,7.17
2019-01-08,2.68,3.0,6.81,5.0,15.04,9.0,3.1,3.31,3.55,4.13
2019-01-09,18.36,7.0,53.1,18.0,89.36,27.0,4.38,1.89,6.0,2.33
2019-01-10,5.96,6.0,40.77,13.0,95.38,24.0,1.52,1.27,16.86,5.97
2019-01-11,51.95,21.0,131.3,45.0,232.5,77.0,34.04,11.91,60.76,18.08
2019-01-12,34.54,7.0,74.54,18.0,134.37,35.0,16.63,4.38,38.41,9.25
2019-01-13,8.97,5.0,29.04,11.0,66.01,20.0,24.52,9.14,40.91,14.39
2019-01-14,11.32,3.0,110.15,21.0,156.47,33.0,17.86,4.55,29.91,9.48
2019-01-15,0.0,0.0,1.09,2.0,2.62,3.0,0.17,0.3,0.17,0.3
2019-01-16,8.83,2.0,22.27,8.0,37.46,15.0,2.96,1.12,4.79,2.02
2019-01-17,50.88,15.0,128.67,36.0,169.7,53.0,46.75,15.93,58.7,19.79
2019-01-18,2.93,1.0,7.94,2.0,74.37,15.0,1.48,0.37,5.72,1.21
2019-01-19,3.91,1.0,15.62,4.0,29.15,9.0,6.48,1.86,10.27,3.51
2019-01-20,13.73,2.0,41.83,8.0,99.44,23.0,5.63,1.47,22.84,6.57
2019-01-21,0.0,0.0,48.14,2.0,52.89,4.0,0.0,0.0,0.0,0.0
2019-01-22,0.0,0.0,0.0,0.0,0.0,0.0,0.0,0.0,0.0,0.0
2019-01-23,0.0,0.0,0.0,0.0,0.0,0.0,0.0,0.0,0.0,0.0
2019-01-24,0.0,0.0,0.0,0.0,0.0,0.0,0.0,0.0,0.0,0.0
2019-01-25,0.0,0.0,1.73,1.0,8.2,4.0,1.49,0.86,5.24,1.85
2019-01-26,8.31,3.0,35.63,11.0,59.2,20.0,19.54,5.55,22.93,6.84
2019-01-27,0.0,0.0,22.26,6.0,75.26,23.0,5.3,1.6,33.0,9.96
2019-01-28,24.61,5.0,73.55,15.0,143.0,29.0,9.04,2.22,38.27,5.26
2019-01-29,10.43,4.0,33.12,10.0,96.69,29.0,18.38,6.17,35.47,11.46
2019-01-30,0.0,0.0,2.37,1.0,2.37,1.0,0.0,0.0,0.0,0.0
2019-01-31,24.06,6.0,26.53,7.0,42.46,9.0,0.33,0.07,15.18,1.94
2019-02-01,5.28,2.0,43.06,12.0,97.35,30.0,15.46,5.44,38.62,13.14
2019-02-02,17.33,4.0,65.0,20.0,158.77,50.0,10.15,3.73,31.93,8.63
2019-02-03,0.0,0.0,3.24,1.0,15.68,6.0,0.0,0.0,11.0,3.29
2019-02-04,13.87,4.0,34.16,12.0,55.96,20.0,11.37,4.39,21.37,7.22
2019-02-05,0.0,0.0,13.56,3.0,61.19,18.0,11.18,1.91,27.87,8.73
2019-02-06,13.87,6.0,50.76,18.0,153.42,38.0,0.62,0.32,23.74,5.01
2019-02-07,0.0,0.0,0.0,0.0,0.0,0.0,0.0,0.0,0.0,0.0
2019-02-08,0.0,0.0,0.7,2.0,0.7,2.0,0.15,0.43,0.15,0.43
2019-02-09,0.0,0.0,0.0,0.0,20.7,5.0,0.0,0.0,3.76,1.65
2019-02-10,1.97,1.0,21.31,4.0,39.21,7.0,6.55,0.97,17.56,2.95
2019-02-11,8.31,3.0,34.81,9.0,91.6,20.0,14.74,4.45,24.13,6.43
2019-02-12,21.94,2.0,45.15,11.0,135.19,30.0,14.18,5.25,22.31,8.03
2019-02-13,0.0,0.0,13.07,3.0,22.23,6.0,0.0,0.0,0.01,0.01
2019-02-14,0.0,0.0,0.0,0.0,1.64,1.0,0.0,0.0,1.6,0.97
2019-02-15,0.0,0.0,0.0,0.0,0.0,0.0,0.0,0.0,0.0,0.0
2019-02-16,0.0,0.0,0.0,0.0,7.47,2.0,0.0,0.0,5.03,0.72
2019-02-17,4.21,2.0,21.93,8.0,25.87,10.0,11.64,3.75,12.22,4.04
2019-02-18,0.0,0.0,10.19,4.0,38.54,13.0,0.0,0.0,8.79,2.99
2019-02-19,0.0,0.0,3.61,1.0,30.14,7.0,3.09,0.86,3.09,0.86
2019-02-20,0.0,0.0,0.0,0.0,0.0,0.0,0.0,0.0,0.0,0.0
2019-02-21,0.32,1.0,1.24,2.0,12.09,5.0,0.0,0.0,0.3,0.1
2019-02-22,8.07,3.0,51.86,18.0,108.98,38.0,17.26,5.19,38.65,14.0
2019-02-23,15.79,6.0,57.38,20.0,175.86,58.0,15.98,6.83,32.67,12.97
2019-02-24,12.88,9.0,186.16,41.0,228.79,54.0,71.16,16.86,110.02,28.64
2019-02-25,2.87,1.0,68.99,11.0,136.65,34.0,34.39,4.1,44.35,8.81
2019-02-26,0.0,0.0,0.0,0.0,7.32,1.0,0.0,0.0,0.0,0.0
2019-02-27,0.57,1.0,23.06,5.0,40.86,8.0,19.25,3.42,31.66,5.16
2019-02-28,16.24,8.0,38.15,17.0,84.24,36.0,21.9,8.81,50.3,19.92
2019-03-01,14.46,3.0,55.59,10.0,107.05,24.0,15.22,3.96,35.93,9.65
2019-03-02,0.0,0.0,0.0,0.0,0.0,0.0,0.0,0.0,0.0,0.0
2019-03-03,0.0,0.0,0.0,0.0,0.0,0.0,0.0,0.0,0.0,0.0
2019-03-04,4.58,5.0,24.92,12.0,25.37,13.0,14.69,6.68,15.11,7.62
2019-03-05,8.73,4.0,40.24,14.0,88.53,31.0,9.56,4.65,19.15,9.51
2019-03-06,10.74,5.0,50.37,16.0,159.47,38.0,13.06,4.58,29.61,8.39
2019-03-07,9.48,4.0,28.59,8.0,96.35,20.0,12.34,2.16,44.5,5.57
2019-03-08,0.0,0.0,49.15,3.0,64.73,8.0,31.44,1.92,35.17,3.07
2019-03-09,8.1,3.0,120.28,11.0,156.28,23.0,19.37,3.81,28.38,5.43
2019-03-10,1.27,2.0,47.25,15.0,140.97,34.0,25.61,7.1,55.41,16.03
2019-03-11,7.93,2.0,16.29,6.0,31.16,12.0,9.9,2.41,23.14,6.7
2019-03-12,0.0,0.0,12.24,3.0,26.55,7.0,6.03,1.33,16.68,4.15
2019-03-13,0.0,0.0,0.55,1.0,1.34,2.0,0.54,0.97,1.28,1.91
2019-03-14,0.73,2.0,9.65,5.0,10.72,6.0,3.18,1.67,3.58,2.04
2019-03-15,2.2,4.0,22.56,12.0,79.79,32.0,5.18,4.45,27.28,10.61
2019-03-16,1.04,1.0,16.35,4.0,38.11,11.0,2.3,1.19,8.47,3.26
2019-03-17,8.01,2.0,47.13,9.0,95.31,27.0,19.98,3.74,40.4,9.18
2019-03-18,26.15,7.0,32.27,9.0,68.36,20.0,8.14,2.36,17.63,5.69
2019-03-19,19.7,5.0,34.42,9.0,55.21,13.0,19.08,4.36,19.8,4.65
2019-03-20,0.96,2.0,7.77,5.0,37.09,30.0,1.18,0.81,12.29,12.35
2019-03-21,2.98,1.0,35.54,10.0,63.23,15.0,11.5,4.33,20.98,5.97
2019-03-22,3.09,1.0,52.17,12.0,93.96,24.0,27.26,5.3,34.12,6.94
2019-03-23,7.99,2.0,11.7,4.0,45.67,14.0,1.81,1.67,10.35,3.4
2019-03-24,0.0,0.0,0.0,0.0,26.17,9.0,0.0,0.0,8.93,2.58
2019-03-25,0.0,0.0,16.31,4.0,19.5,7.0,7.47,1.73,7.64,2.2
2019-03-26,3.52,4.0,8.98,6.0,32.63,15.0,2.55,2.58,3.09,3.11
2019-03-27,2.52,4.0,19.75,8.0,47.29,17.0,13.01,3.88,20.44,6.21
2019-03-28,0.0,0.0,9.47,2.0,59.05,12.0,0.01,0.0,11.75,1.85
2019-03-29,15.83,2.0,18.47,4.0,38.6,9.0,1.41,1.07,14.58,3.63
2019-03-30,1.85,1.0,3.25,2.0,30.66,7.0,1.29,0.8,2.23,1.07
2019-03-31,0.96,2.0,36.6,7.0,66.42,20.0,32.05,3.87,51.8,8.09
2019-04-01,9.12,4.0,26.47,9.0,77.03,26.0,10.64,2.54,21.76,5.7
2019-04-02,0.0,0.0,0.44,1.0,74.18,21.0,0.0,0.0,39.94,10.91
2019-04-03,1.89,2.0,16.74,7.0,49.22,15.0,4.42,1.95,9.04,3.8
2019-04-04,7.59,3.0,25.39,5.0,37.89,9.0,4.36,0.83,12.14,3.61
2019-04-05,2.5,2.0,4.21,3.0,69.41,13.0,1.45,0.85,49.42,8.27
2019-04-06,5.25,1.0,10.26,3.0,39.07,12.0,0.01,0.0,25.62,7.48
2019-04-07,8.12,2.0,8.12,2.0,17.68,6.0,6.86,1.69,13.34,4.26
2019-04-08,3.41,1.0,9.46,4.0,24.32,6.0,0.16,0.23,14.61,2.15
2019-04-09,0.0,0.0,1.65,1.0,55.1,16.0,0.38,0.23,24.59,6.34
2019-04-10,0.0,0.0,2.41,1.0,86.28,11.0,1.91,0.79,3.34,0.94
2019-04-11,1.58,2.0,34.44,12.0,71.81,17.0,4.24,2.49,10.12,3.93
2019-04-12,0.47,1.0,3.8,4.0,22.03,9.0,1.79,1.52,8.44,3.02
2019-04-13,1.06,2.0,13.23,6.0,62.95,17.0,5.89,2.13,14.56,4.13
2019-04-14,3.58,1.0,8.11,6.0,25.49,18.0,1.43,2.04,7.21,5.84
2019-04-15,1.01,1.0,11.08,3.0,34.24,12.0,0.08,0.02,1.08,0.67
2019-04-16,0.0,0.0,0.0,0.0,0.0,0.0,0.0,0.0,0.0,0.0
2019-04-17,0.0,0.0,2.89,2.0,2.89,2.0,0.0,0.0,0.0,0.0
2019-04-18,0.53,1.0,0.53,1.0,4.36,2.0,0.46,0.87,3.33,1.62
2019-04-19,0.0,0.0,19.67,7.0,25.09,10.0,2.63,1.28,2.64,1.28
2019-04-20,0.0,0.0,18.77,3.0,49.13,9.0,7.56,1.32,12.81,2.1
2019-04-21,4.69,2.0,35.08,4.0,109.35,22.0,11.5,1.32,27.47,6.83
2019-04-22,23.52,6.0,60.91,14.0,197.41,28.0,14.82,3.66,97.46,7.27
2019-04-23,0.0,0.0,18.4,5.0,81.18,25.0,0.0,0.0,23.76,9.09
2019-04-24,59.61,4.0,160.68,13.0,173.52,18.0,8.42,0.93,15.81,3.81
2019-04-25,0.0,0.0,79.28,14.0,174.6,28.0,0.0,0.0,38.49,7.48
2019-04-26,13.39,2.0,380.11,32.0,876.5,95.0,261.64,19.48,342.85,29.94
2019-04-27,72.1,9.0,1528.79,107.0,6741.72,338.0,796.59,57.33,5747.74,229.68
2019-04-28,0.9,1.0,187.72,20.0,2415.15,117.0,158.86,10.24,2205.19,73.25
2019-04-29,52.13,6.0,274.75,27.0,551.61,91.0,44.58,5.74,179.29,34.85
2019-04-30,2.03,1.0,551.28,75.0,1296.95,194.0,44.05,9.4,71.54,14.36
2019-05-01,55.51,13.0,304.39,63.0,586.19,140.0,8.21,2.07,69.97,26.0
2019-05-02,0.0,0.0,307.69,37.0,704.69,104.0,22.82,3.41,154.26,33.69
2019-05-03,25.84,4.0,111.57,19.0,388.48,75.0,60.18,8.6,125.02,31.61
2019-05-04,154.12,8.0,1744.02,136.0,3238.19,312.0,1129.47,79.77,2285.19,203.43
2019-05-05,168.61,37.0,1585.18,253.0,4341.96,554.0,1090.73,165.51,3036.75,374.57
2019-05-06,199.73,25.0,2833.91,293.0,5987.33,682.0,2310.22,224.1,4892.87,501.65
2019-05-07,72.46,18.0,1330.76,215.0,4546.68,570.0,1009.25,148.3,3123.57,324.39
2019-05-08,204.41,28.0,1823.95,286.0,4642.0,833.0,1336.72,214.79,3001.59,444.95
2019-05-09,77.74,14.0,959.59,137.0,4866.53,611.0,610.1,87.45,2649.4,261.15
2019-05-10,68.73,14.0,1054.4,183.0,4429.17,723.0,777.08,125.39,3052.51,418.2
2019-05-11,101.36,12.0,811.29,121.0,2455.59,506.0,478.55,71.62,1494.33,261.71
2019-05-12,38.29,8.0,299.9,61.0,2313.16,500.0,220.39,43.64,1598.07,317.49
2019-05-13,99.8,11.0,1121.49,144.0,5626.92,638.0,705.59,102.55,4406.49,487.17
2019-05-14,40.77,7.0,141.44,29.0,472.93,104.0,37.91,10.11,223.85,47.53
2019-05-15,0.0,0.0,72.72,17.0,297.79,67.0,0.0,0.0,128.33,23.65
2019-05-16,30.12,7.0,158.63,37.0,812.2,163.0,71.13,16.29,619.98,119.28
2019-05-17,65.89,12.0,400.73,53.0,1344.34,195.0,311.93,32.11,1055.88,127.74
2019-05-18,38.59,10.0,191.52,37.0,1704.98,313.0,121.4,26.46,1247.03,215.37
2019-05-19,41.79,4.0,257.07,37.0,1164.77,233.0,153.06,22.52,622.68,105.41
2019-05-20,111.19,10.0,379.49,60.0,879.42,164.0,250.8,40.56,487.59,85.83
2019-05-21,8.82,4.0,142.71,39.0,1025.46,265.0,90.47,23.29,461.01,114.88
2019-05-22,0.0,0.0,115.52,14.0,888.78,184.0,34.72,4.64,145.67,29.66
2019-05-23,14.94,4.0,100.51,23.0,372.76,64.0,61.84,15.14,222.54,40.93
2019-05-24,0.73,1.0,2.26,2.0,147.21,33.0,0.18,0.12,36.13,12.44
2019-05-25,38.85,6.0,109.34,23.0,1008.92,140.0,67.65,14.01,352.54,70.61
2019-05-26,30.0,4.0,153.63,17.0,752.39,112.0,68.51,9.34,390.43,49.45
2019-05-27,50.97,8.0,121.03,21.0,1046.7,188.0,76.04,13.17,272.85,52.56
2019-05-28,65.26,10.0,132.75,22.0,1025.66,145.0,62.83,8.9,125.41,20.26
2019-05-29,4.39,1.0,90.68,15.0,910.21,231.0,22.68,3.5,123.12,20.63
2019-05-30,0.0,0.0,0.0,0.0,1090.14,211.0,0.0,0.0,56.42,8.23
2019-05-31,0.0,0.0,7.11,1.0,494.68,101.0,1.24,0.17,127.01,26.53
2019-06-01,7.87,1.0,30.25,6.0,358.64,92.0,3.7,0.48,32.43,6.66
2019-06-02,2.67,1.0,51.19,5.0,267.81,43.0,0.3,0.09,41.1,8.25
2019-06-03,0.46,1.0,108.66,7.0,226.75,35.0,37.8,2.76,44.77,5.44
2019-06-04,8.49,3.0,8.49,3.0,79.81,21.0,0.0,0.0,24.6,3.62
2019-06-05,9.21,2.0,27.23,6.0,80.4,21.0,0.27,0.11,0.28,0.11
2019-06-06,26.25,4.0,44.51,11.0,79.39,16.0,0.0,0.0,24.28,2.42
2019-06-07,0.0,0.0,20.58,3.0,57.51,12.0,8.92,1.21,11.5,1.9
2019-06-08,0.0,0.0,15.75,2.0,90.98,23.0,15.46,1.96,44.86,7.12
2019-06-09,6.5,1.0,6.5,1.0,130.64,37.0,4.55,0.7,35.84,11.39
2019-06-10,7.61,2.0,7.61,2.0,181.08,32.0,0.02,0.01,24.14,4.09
2019-06-11,0.0,0.0,2.49,1.0,88.54,23.0,1.12,0.45,65.12,16.19
2019-06-12,0.0,0.0,0.0,0.0,11.99,4.0,0.0,0.0,2.99,0.73
2019-06-13,2.08,1.0,7.74,3.0,36.05,14.0,3.96,1.94,3.96,1.94
2019-06-14,16.65,3.0,25.91,7.0,162.21,45.0,6.65,2.48,14.32,3.77
2019-06-15,0.0,0.0,0.0,0.0,216.35,49.0,0.0,0.0,4.61,0.84
2019-06-16,0.0,0.0,0.0,0.0,1.61,2.0,0.0,0.0,0.02,0.02
2019-06-17,0.0,0.0,0.0,0.0,32.38,7.0,0.0,0.0,0.79,0.08
2019-06-18,0.57,1.0,0.57,1.0,6.02,3.0,0.0,0.0,0.0,0.0
2019-06-19,7.9,2.0,19.93,3.0,22.83,6.0,9.36,0.78,9.36,0.78
2019-06-20,1.35,1.0,4.9,3.0,34.55,13.0,1.32,1.0,1.32,1.0
2019-06-21,0.0,0.0,0.0,0.0,10.39,4.0,0.0,0.0,1.89,1.41
2019-06-22,3.56,2.0,3.56,2.0,50.62,14.0,2.55,1.41,12.96,5.04
2019-06-23,0.0,0.0,7.53,1.0,30.35,7.0,1.01,0.13,5.11,1.0
2019-06-24,0.0,0.0,1.69,1.0,23.31,5.0,1.16,0.68,1.37,0.71
2019-06-25,0.0,0.0,24.49,4.0,29.19,6.0,16.16,2.11,20.21,3.74
2019-06-26,0.0,0.0,6.78,2.0,12.48,4.0,6.74,1.99,8.08,3.09
2019-06-27,7.66,2.0,7.66,2.0,12.11,4.0,0.0,0.0,0.0,0.0
2019-06-28,0.0,0.0,6.75,2.0,33.89,8.0,0.0,0.0,0.86,0.27
2019-06-29,0.0,0.0,17.94,4.0,60.18,15.0,7.18,1.88,10.04,3.36
2019-06-30,4.84,2.0,15.96,4.0,40.31,8.0,4.8,0.86,7.09,1.41
2019-07-01,0.0,0.0,0.0,0.0,2.89,1.0,0.0,0.0,1.05,0.36
2019-07-02,0.0,0.0,0.0,0.0,4.87,3.0,0.0,0.0,0.0,0.0
2019-07-03,0.0,0.0,9.62,2.0,15.28,4.0,0.0,0.0,0.0,0.0
2019-07-04,0.0,0.0,0.0,0.0,0.0,0.0,0.0,0.0,0.0,0.0
2019-07-05,0.0,0.0,0.0,0.0,0.0,0.0,0.0,0.0,0.0,0.0
2019-07-06,0.0,0.0,0.0,0.0,0.0,0.0,0.0,0.0,0.0,0.0
2019-07-07,0.0,0.0,0.0,0.0,0.0,0.0,0.0,0.0,0.0,0.0
2019-07-08,0.0,0.0,0.0,0.0,0.0,0.0,0.0,0.0,0.0,0.0
2019-07-09,0.0,0.0,0.0,0.0,0.0,0.0,0.0,0.0,0.0,0.0
2019-07-10,0.0,0.0,0.0,0.0,0.0,0.0,0.0,0.0,0.0,0.0
2019-07-11,0.0,0.0,0.0,0.0,4.86,2.0,0.0,0.0,0.0,0.0
2019-07-12,0.0,0.0,0.0,0.0,0.0,0.0,0.0,0.0,0.0,0.0
2019-07-13,0.0,0.0,0.0,0.0,0.0,0.0,0.0,0.0,0.0,0.0
2019-07-14,0.0,0.0,0.0,0.0,0.0,0.0,0.0,0.0,0.0,0.0
2019-07-15,0.0,0.0,0.0,0.0,0.0,0.0,0.0,0.0,0.0,0.0
2019-07-16,0.0,0.0,0.0,0.0,0.0,0.0,0.0,0.0,0.0,0.0
2019-07-17,0.0,0.0,0.0,0.0,0.0,0.0,0.0,0.0,0.0,0.0
2019-07-18,0.0,0.0,0.0,0.0,2.59,1.0,0.0,0.0,0.0,0.0
2019-07-19,0.0,0.0,0.0,0.0,0.0,0.0,0.0,0.0,0.0,0.0
2019-07-20,0.51,1.0,2.78,3.0,4.45,4.0,0.0,0.0,1.66,0.99
2019-07-21,0.0,0.0,0.0,0.0,1.33,1.0,0.0,0.0,0.0,0.0
2019-07-22,0.0,0.0,2.75,1.0,2.75,1.0,0.0,0.0,0.0,0.0
2019-07-23,0.0,0.0,0.0,0.0,6.81,1.0,0.0,0.0,6.63,0.97
2019-07-24,0.0,0.0,0.0,0.0,0.0,0.0,0.0,0.0,0.0,0.0
2019-07-25,0.0,0.0,0.0,0.0,0.0,0.0,0.0,0.0,0.0,0.0
2019-07-26,0.0,0.0,0.0,0.0,0.0,0.0,0.0,0.0,0.0,0.0
2019-07-27,0.0,0.0,0.0,0.0,0.0,0.0,0.0,0.0,0.0,0.0
2019-07-28,0.0,0.0,0.0,0.0,0.0,0.0,0.0,0.0,0.0,0.0
2019-07-29,0.0,0.0,0.0,0.0,0.0,0.0,0.0,0.0,0.0,0.0
2019-07-30,0.0,0.0,0.0,0.0,0.0,0.0,0.0,0.0,0.0,0.0
2019-07-31,0.0,0.0,0.0,0.0,0.0,0.0,0.0,0.0,0.0,0.0
2019-08-01,0.0,0.0,0.0,0.0,0.0,0.0,0.0,0.0,0.0,0.0
2019-08-02,0.0,0.0,0.0,0.0,0.0,0.0,0.0,0.0,0.0,0.0
2019-08-03,0.0,0.0,0.0,0.0,0.0,0.0,0.0,0.0,0.0,0.0
2019-08-04,0.0,0.0,0.0,0.0,2.68,1.0,0.0,0.0,0.0,0.0
2019-08-05,0.0,0.0,0.0,0.0,0.0,0.0,0.0,0.0,0.0,0.0
2019-08-06,0.0,0.0,0.0,0.0,0.0,0.0,0.0,0.0,0.0,0.0
2019-08-07,0.0,0.0,0.0,0.0,0.0,0.0,0.0,0.0,0.0,0.0
2019-08-08,0.0,0.0,0.0,0.0,3.94,1.0,0.0,0.0,0.0,0.0
2019-08-09,2.74,2.0,2.74,2.0,7.26,3.0,0.0,0.0,0.33,0.07
2019-08-10,1.5,1.0,1.5,1.0,1.5,1.0,0.0,0.0,0.0,0.0
2019-08-11,0.0,0.0,0.0,0.0,0.0,0.0,0.0,0.0,0.0,0.0
2019-08-12,0.0,0.0,0.0,0.0,0.0,0.0,0.0,0.0,0.0,0.0
2019-08-13,0.0,0.0,0.0,0.0,0.0,0.0,0.0,0.0,0.0,0.0
2019-08-14,0.0,0.0,0.0,0.0,0.0,0.0,0.0,0.0,0.0,0.0
2019-08-15,0.0,0.0,0.0,0.0,0.0,0.0,0.0,0.0,0.0,0.0
2019-08-16,0.0,0.0,0.0,0.0,0.0,0.0,0.0,0.0,0.0,0.0
2019-08-17,0.0,0.0,0.0,0.0,0.0,0.0,0.0,0.0,0.0,0.0
2019-08-18,0.0,0.0,0.0,0.0,0.0,0.0,0.0,0.0,0.0,0.0
2019-08-19,0.0,0.0,0.0,0.0,0.0,0.0,0.0,0.0,0.0,0.0
2019-08-20,0.0,0.0,0.0,0.0,0.0,0.0,0.0,0.0,0.0,0.0
2019-08-21,0.0,0.0,0.0,0.0,2.18,1.0,0.0,0.0,1.14,0.52
2019-08-22,1.63,2.0,1.63,2.0,1.63,2.0,0.0,0.0,0.0,0.0
2019-08-23,0.0,0.0,0.0,0.0,2.89,2.0,0.0,0.0,0.0,0.0
2019-08-24,0.0,0.0,0.0,0.0,0.0,0.0,0.0,0.0,0.0,0.0
2019-08-25,18.65,6.0,18.65,6.0,18.65,6.0,0.22,0.07,0.22,0.07
2019-08-26,0.0,0.0,0.0,0.0,0.0,0.0,0.0,0.0,0.0,0.0
2019-08-27,0.0,0.0,0.0,0.0,0.0,0.0,0.0,0.0,0.0,0.0
2019-08-28,0.0,0.0,0.0,0.0,0.0,0.0,0.0,0.0,0.0,0.0
2019-08-29,0.0,0.0,0.0,0.0,0.0,0.0,0.0,0.0,0.0,0.0
2019-08-30,0.0,0.0,0.0,0.0,4.74,1.0,0.0,0.0,0.0,0.0
2019-08-31,0.0,0.0,0.0,0.0,0.0,0.0,0.0,0.0,0.0,0.0
2019-09-01,0.0,0.0,0.0,0.0,0.0,0.0,0.0,0.0,0.0,0.0
2019-09-02,2.25,2.0,2.25,2.0,8.57,4.0,1.42,1.4,1.67,1.44
2019-09-03,0.0,0.0,0.0,0.0,7.11,3.0,0.0,0.0,0.32,0.81
2019-09-04,0.0,0.0,0.0,0.0,0.0,0.0,0.0,0.0,0.0,0.0
2019-09-05,0.0,0.0,0.0,0.0,0.0,0.0,0.0,0.0,0.0,0.0
2019-09-06,0.0,0.0,0.0,0.0,0.0,0.0,0.0,0.0,0.0,0.0
2019-09-07,0.0,0.0,0.0,0.0,0.0,0.0,0.0,0.0,0.0,0.0
2019-09-08,2.21,1.0,2.21,1.0,7.38,2.0,0.26,0.12,0.26,0.12
2019-09-09,0.0,0.0,0.0,0.0,0.0,0.0,0.0,0.0,0.0,0.0
2019-09-10,0.0,0.0,0.0,0.0,0.74,1.0,0.0,0.0,0.0,0.0
2019-09-11,0.0,0.0,0.0,0.0,0.0,0.0,0.0,0.0,0.0,0.0
2019-09-12,0.0,0.0,0.0,0.0,0.0,0.0,0.0,0.0,0.0,0.0
2019-09-13,0.0,0.0,11.53,4.0,13.68,5.0,0.91,0.31,0.91,0.31
2019-09-14,0.0,0.0,0.0,0.0,0.0,0.0,0.0,0.0,0.0,0.0
2019-09-15,0.0,0.0,0.0,0.0,1.54,1.0,0.0,0.0,0.0,0.0
2019-09-16,0.0,0.0,0.0,0.0,0.0,0.0,0.0,0.0,0.0,0.0
2019-09-17,0.0,0.0,0.0,0.0,10.68,2.0,0.0,0.0,0.0,0.0
2019-09-18,4.59,3.0,7.73,4.0,28.86,10.0,0.53,0.17,0.53,0.17
2019-09-19,0.0,0.0,1.22,2.0,5.05,6.0,0.0,0.0,2.59,2.7
2019-09-20,0.0,0.0,0.0,0.0,28.95,6.0,0.0,0.0,0.0,0.0
2019-09-21,0.0,0.0,0.0,0.0,23.53,8.0,0.0,0.0,0.0,0.0
2019-09-22,0.0,0.0,0.0,0.0,44.31,7.0,0.0,0.0,0.0,0.0
2019-09-23,2.79,4.0,3.37,5.0,32.61,13.0,0.08,0.18,0.62,1.13
2019-09-24,2.88,4.0,2.88,4.0,138.42,37.0,0.0,0.0,0.0,0.0
2019-09-25,0.0,0.0,10.35,2.0,32.36,10.0,0.0,0.0,0.91,0.88
2019-09-26,0.0,0.0,0.0,0.0,40.21,8.0,0.0,0.0,0.0,0.0
2019-09-27,0.0,0.0,0.0,0.0,59.0,11.0,0.0,0.0,1.5,0.34
2019-09-28,0.0,0.0,0.0,0.0,52.0,11.0,0.0,0.0,0.0,0.0
2019-09-29,1.07,3.0,1.07,3.0,3.24,4.0,0.0,0.0,0.0,0.0
2019-09-30,0.0,0.0,0.0,0.0,24.94,7.0,0.0,0.0,0.69,0.91
2019-10-01,0.0,0.0,0.0,0.0,3.75,2.0,0.0,0.0,0.18,0.22
2019-10-02,0.0,0.0,0.0,0.0,28.78,8.0,0.0,0.0,20.77,5.72
2019-10-03,0.0,0.0,0.0,0.0,53.7,10.0,0.0,0.0,44.62,8.33
2019-10-04,0.67,2.0,0.96,3.0,134.46,37.0,0.58,1.61,122.14,31.21
2019-10-05,3.25,2.0,11.21,4.0,147.97,43.0,4.33,1.35,129.89,35.75
2019-10-06,0.68,1.0,15.48,5.0,125.63,38.0,4.96,0.95,89.63,27.69
2019-10-07,0.42,1.0,0.42,1.0,95.62,21.0,0.27,0.64,76.03,15.5
2019-10-08,0.0,0.0,10.63,4.0,450.76,80.0,0.02,0.01,387.74,63.7
2019-10-09,0.9,2.0,66.45,12.0,459.04,93.0,10.91,2.0,25.32,4.5
2019-10-10,2.81,1.0,47.31,15.0,822.53,202.0,5.44,1.81,639.09,158.94
2019-10-11,0.0,0.0,41.83,11.0,802.27,156.0,16.08,4.01,693.3,128.94
2019-10-12,0.8,1.0,26.86,7.0,466.25,128.0,13.72,2.43,362.13,102.74
2019-10-13,0.0,0.0,63.83,12.0,687.15,164.0,3.96,1.82,536.47,134.07
2019-10-14,0.0,0.0,29.5,9.0,825.14,150.0,0.0,0.0,441.37,81.96
2019-10-15,7.28,3.0,53.67,21.0,1256.37,302.0,5.69,1.68,245.51,59.19
2019-10-16,0.0,0.0,75.91,23.0,965.51,207.0,31.05,9.79,93.17,26.02
2019-10-17,0.0,0.0,19.65,4.0,902.56,150.0,13.55,2.91,55.59,11.26
2019-10-18,0.0,0.0,77.06,13.0,613.93,121.0,0.24,0.06,68.91,13.81
2019-10-19,5.97,1.0,87.46,14.0,1137.38,200.0,2.4,1.36,530.01,95.91
2019-10-20,53.37,12.0,558.41,102.0,2861.58,539.0,18.78,4.74,2027.64,379.44
2019-10-21,15.05,6.0,402.25,73.0,2581.98,450.0,23.0,7.5,1541.07,259.5
2019-10-22,2.44,2.0,95.18,23.0,1130.63,219.0,3.56,1.79,664.97,125.22
2019-10-23,0.51,1.0,113.46,25.0,1197.43,220.0,1.35,1.54,611.1,113.51
2019-10-24,0.6,1.0,218.87,29.0,1533.59,224.0,0.0,0.0,124.81,25.5
2019-10-25,4.59,1.0,252.34,46.0,1893.2,323.0,54.36,10.49,112.89,25.47
2019-10-26,2.1,2.0,367.04,86.0,2569.27,545.0,13.84,6.08,1405.73,274.99
2019-10-27,18.76,3.0,314.06,56.0,2468.25,374.0,27.15,5.48,1774.18,247.19
2019-10-28,18.64,3.0,61.76,8.0,1421.67,255.0,9.91,2.26,1175.3,207.9
2019-10-29,0.0,0.0,0.0,0.0,37.44,10.0,0.0,0.0,36.62,9.75
2019-10-30,15.16,2.0,45.47,12.0,2364.43,322.0,2.58,0.23,1976.33,249.77
2019-10-31,0.45,1.0,1.04,2.0,1.84,3.0,0.15,0.26,0.15,0.26
2019-11-01,0.0,0.0,136.18,27.0,779.83,139.0,2.55,0.94,440.2,78.5
2019-11-02,0.0,0.0,19.89,6.0,47.78,15.0,2.39,1.84,2.39,1.84
2019-11-03,1.15,1.0,1.15,1.0,1186.33,205.0,0.83,0.72,1010.93,171.66
2019-11-04,6.25,2.0,77.79,16.0,2450.11,394.0,17.95,2.6,2026.44,308.6
2019-11-05,33.78,3.0,92.37,20.0,2522.91,417.0,6.3,1.88,1827.39,284.96
2019-11-06,2.27,1.0,53.24,15.0,2156.15,346.0,7.38,1.2,8.22,1.31
2019-11-07,0.0,0.0,1.61,1.0,1.61,1.0,0.0,0.0,0.0,0.0
2019-11-08,1.61,3.0,6.7,4.0,235.83,46.0,0.06,0.17,96.28,20.05
2019-11-09,12.03,3.0,125.09,18.0,1951.6,259.0,14.73,2.39,1635.38,198.28
2019-11-10,0.76,1.0,87.44,11.0,1745.72,248.0,29.42,3.8,1385.98,180.39
2019-11-11,6.17,3.0,37.78,21.0,608.54,147.0,11.66,6.42,399.41,79.0
2019-11-12,29.17,7.0,65.53,18.0,786.39,169.0,20.24,6.64,598.31,118.57
2019-11-13,15.25,4.0,17.1,5.0,146.43,31.0,8.96,1.85,54.44,8.85
2019-11-14,1.33,2.0,1.33,2.0,7.4,4.0,0.0,0.0,1.79,0.76
2019-11-15,12.56,2.0,43.64,12.0,204.42,46.0,5.89,2.43,134.26,27.57
2019-11-16,11.27,3.0,34.54,14.0,436.36,89.0,23.4,8.19,282.87,52.61
2019-11-17,11.78,4.0,21.51,7.0,497.47,90.0,8.39,2.02,371.23,55.83
2019-11-18,1.05,1.0,17.6,5.0,312.24,46.0,7.9,1.81,192.74,24.29
2019-11-19,25.6,7.0,27.49,8.0,265.99,58.0,15.72,5.38,207.78,46.38
2019-11-20,5.99,2.0,15.67,6.0,228.18,52.0,7.44,1.98,38.55,10.87
2019-11-21,1.3,1.0,29.96,8.0,90.33,28.0,13.89,3.14,27.15,8.44
2019-11-22,5.52,2.0,17.97,6.0,71.21,16.0,1.5,0.52,32.98,4.35
2019-11-23,0.95,2.0,38.84,13.0,65.07,19.0,17.19,4.93,36.14,9.25
2019-11-24,0.0,0.0,12.87,8.0,58.25,21.0,2.91,3.26,36.56,12.7
2019-11-25,15.28,4.0,23.96,9.0,64.67,21.0,11.14,4.45,32.28,10.95
2019-11-26,0.0,0.0,4.92,1.0,35.98,6.0,4.61,0.94,7.76,1.34
2019-11-27,28.0,10.0,45.84,16.0,70.08,26.0,24.31,7.3,41.04,13.82
2019-11-28,0.0,0.0,0.0,0.0,0.0,0.0,0.0,0.0,0.0,0.0
2019-11-29,0.0,0.0,0.0,0.0,5.58,2.0,0.0,0.0,5.56,1.99
2019-11-30,9.19,3.0,17.6,5.0,47.47,15.0,4.94,1.79,12.35,4.16
2019-12-01,6.16,2.0,23.02,9.0,70.49,26.0,1.46,1.33,13.28,4.65
2019-12-02,14.66,6.0,41.14,17.0,163.73,54.0,5.13,2.12,24.04,7.76
2019-12-03,26.28,7.0,91.89,26.0,303.19,76.0,20.05,5.05,104.58,17.04
2019-12-04,0.0,0.0,45.19,11.0,82.02,25.0,29.5,7.3,49.8,13.49
2019-12-05,4.32,2.0,28.08,8.0,35.45,11.0,17.73,5.06,21.75,6.47
2019-12-06,0.59,1.0,60.57,15.0,121.97,31.0,44.69,10.32,80.57,19.05
2019-12-07,35.1,11.0,142.89,42.0,281.07,87.0,90.05,25.2,171.7,50.99
2019-12-08,71.94,23.0,230.57,65.0,395.68,129.0,107.02,24.26,165.99,48.07
2019-12-09,15.34,6.0,82.23,27.0,163.27,50.0,17.36,5.08,42.48,13.93
2019-12-10,39.19,9.0,78.43,21.0,152.76,42.0,22.47,7.17,58.43,13.85
2019-12-11,0.0,0.0,0.0,0.0,15.39,5.0,0.0,0.0,9.7,3.52
2019-12-12,0.0,0.0,0.0,0.0,2.05,1.0,0.0,0.0,1.95,0.95
2019-12-13,0.0,0.0,0.0,0.0,1.14,1.0,0.0,0.0,0.0,0.0
2019-12-14,0.0,0.0,0.0,0.0,0.0,0.0,0.0,0.0,0.0,0.0
2019-12-15,0.0,0.0,2.83,2.0,7.15,3.0,2.46,1.77,2.97,1.89
2019-12-16,0.0,0.0,0.0,0.0,0.0,0.0,0.0,0.0,0.0,0.0
2019-12-17,0.0,0.0,0.0,0.0,4.61,1.0,0.0,0.0,0.24,0.05
2019-12-18,17.14,7.0,52.71,17.0,57.56,19.0,21.48,6.9,21.48,6.9
2019-12-19,0.0,0.0,0.0,0.0,0.0,0.0,0.0,0.0,0.0,0.0
2019-12-20,3.57,1.0,10.91,3.0,21.95,7.0,8.58,2.39,15.51,4.82
2019-12-21,0.0,0.0,0.0,0.0,5.15,1.0,0.0,0.0,0.0,0.0
2019-12-22,0.0,0.0,7.67,2.0,53.57,12.0,0.48,0.16,4.92,0.87
2019-12-23,13.79,6.0,32.95,13.0,65.78,23.0,15.71,6.13,28.79,10.94
2019-12-24,67.82,22.0,203.82,64.0,315.37,101.0,117.5,35.07,155.52,48.59
2019-12-25,0.0,0.0,0.0,0.0,0.0,0.0,0.0,0.0,0.0,0.0
2019-12-26,0.0,0.0,0.0,0.0,3.91,1.0,0.0,0.0,3.23,0.83
2019-12-27,1.87,1.0,14.58,6.0,32.16,12.0,0.56,0.31,7.47,2.78
2019-12-28,6.24,2.0,6.24,2.0,14.29,5.0,0.44,0.14,4.22,1.83
2019-12-29,39.91,13.0,103.36,33.0,173.16,57.0,43.46,15.46,92.93,30.77
2019-12-30,0.0,0.0,0.0,0.0,0.0,0.0,0.0,0.0,0.0,0.0
2019-12-31,19.69,10.0,50.56,18.0,70.41,24.0,18.77,5.07,26.54,7.56
2020-01-01,0.0,0.0,0.65,1.0,0.65,1.0,0.0,0.0,0.0,0.0
2020-01-02,20.57,5.0,32.4,8.0,97.85,19.0,10.92,1.94,45.7,6.08
2020-01-03,28.25,9.0,70.32,25.0,121.52,42.0,29.3,11.6,43.78,17.29
2020-01-04,5.22,2.0,45.22,18.0,102.4,38.0,22.14,8.19,48.23,16.96
2020-01-05,8.77,2.0,92.62,14.0,118.67,22.0,8.56,2.05,12.92,2.87
2020-01-06,0.0,0.0,0.0,0.0,0.0,0.0,0.0,0.0,0.0,0.0
2020-01-07,0.0,0.0,0.0,0.0,128.3,3.0,0.0,0.0,0.0,0.0
2020-01-08,0.0,0.0,0.62,1.0,3.69,2.0,0.43,0.69,0.43,0.69
2020-01-09,0.0,0.0,0.0,0.0,0.0,0.0,0.0,0.0,0.0,0.0
2020-01-10,0.0,0.0,2.12,1.0,5.57,4.0,0.0,0.0,2.56,1.83
2020-01-11,5.73,2.0,33.62,11.0,51.56,19.0,10.21,3.29,19.0,6.12
2020-01-12,24.06,5.0,37.76,11.0,50.46,14.0,10.09,3.89,14.19,4.57
2020-01-13,8.93,3.0,8.93,3.0,8.93,3.0,7.69,1.79,7.69,1.79
2020-01-14,0.0,0.0,18.11,7.0,37.54,15.0,1.25,0.81,3.02,1.62
2020-01-15,0.0,0.0,15.34,4.0,27.37,7.0,8.48,1.79,11.29,2.38
2020-01-16,0.0,0.0,0.0,0.0,0.0,0.0,0.0,0.0,0.0,0.0
2020-01-17,0.0,0.0,0.0,0.0,0.0,0.0,0.0,0.0,0.0,0.0
2020-01-18,0.0,0.0,0.0,0.0,11.61,3.0,0.0,0.0,1.94,0.41
2020-01-19,0.0,0.0,0.0,0.0,6.73,3.0,0.0,0.0,0.69,0.45
2020-01-20,0.0,0.0,12.13,2.0,12.13,2.0,11.95,1.97,11.95,1.97
2020-01-21,0.0,0.0,0.0,0.0,6.57,3.0,0.0,0.0,0.91,1.28
2020-01-22,4.23,2.0,6.04,3.0,37.25,11.0,3.34,1.6,6.77,3.15
2020-01-23,9.69,2.0,23.45,7.0,55.89,16.0,5.11,1.74,29.9,8.05
2020-01-24,20.04,5.0,79.54,21.0,111.39,31.0,16.0,5.52,29.3,7.77
2020-01-25,27.68,10.0,84.38,22.0,124.94,33.0,37.42,9.55,56.98,13.96
2020-01-26,8.9,3.0,44.07,15.0,107.19,31.0,9.99,3.17,28.27,7.22
2020-01-27,2.65,1.0,7.74,2.0,46.95,12.0,0.0,0.0,1.11,0.5
2020-01-28,0.0,0.0,0.0,0.0,1.25,1.0,0.0,0.0,0.9,0.72
2020-01-29,1.06,2.0,169.36,6.0,174.32,10.0,0.1,0.17,0.58,1.16
2020-01-30,7.38,3.0,54.02,18.0,72.62,24.0,9.12,3.56,21.62,7.09
2020-01-31,9.26,4.0,29.12,8.0,36.24,12.0,8.25,2.55,8.77,3.01
2020-02-01,0.0,0.0,10.31,3.0,42.29,13.0,5.13,1.34,14.13,4.6
2020-02-02,48.13,9.0,81.54,21.0,146.21,37.0,31.32,9.15,38.78,11.76
2020-02-03,6.23,2.0,36.13,13.0,139.98,36.0,8.63,3.8,45.93,13.87
2020-02-04,25.96,9.0,65.88,22.0,144.32,49.0,26.79,9.85,61.86,20.35
2020-02-05,0.7,1.0,24.61,7.0,106.79,31.0,2.78,1.47,34.68,8.8
2020-02-06,47.68,8.0,107.14,26.0,166.04,40.0,49.89,11.33,58.1,14.5
2020-02-07,14.27,3.0,65.51,15.0,124.43,33.0,35.9,7.42,43.13,10.53
2020-02-08,4.56,1.0,46.82,11.0,100.83,30.0,9.9,2.78,31.71,9.0
2020-02-09,11.89,6.0,90.87,25.0,290.1,70.0,24.86,7.72,52.58,17.25
2020-02-10,6.25,3.0,55.37,20.0,221.13,61.0,22.99,7.15,73.8,15.96
2020-02-11,11.34,3.0,49.24,17.0,134.05,33.0,23.49,7.81,47.97,14.23
2020-02-12,5.75,2.0,8.89,3.0,157.74,32.0,0.48,0.13,19.07,4.45
2020-02-13,9.85,3.0,140.81,18.0,205.21,31.0,6.0,1.63,18.1,4.17
2020-02-14,0.82,2.0,14.83,8.0,93.97,25.0,9.49,5.63,19.42,8.73
2020-02-15,26.12,8.0,115.86,31.0,224.6,60.0,4.68,2.39,45.67,9.97
2020-02-16,9.52,3.0,59.12,17.0,178.04,46.0,26.29,7.56,84.32,18.97
2020-02-17,30.03,8.0,49.14,16.0,132.12,37.0,20.29,7.45,31.67,11.86
2020-02-18,10.28,3.0,34.24,11.0,100.8,33.0,10.84,4.33,15.06,6.54
2020-02-19,2.98,1.0,182.19,8.0,206.59,17.0,8.7,0.87,8.7,0.88
2020-02-20,2.14,1.0,44.52,14.0,126.36,38.0,11.88,4.95,32.44,12.0
2020-02-21,0.0,0.0,0.0,0.0,0.0,0.0,0.0,0.0,0.0,0.0
2020-02-22,0.0,0.0,8.95,1.0,24.29,5.0,0.52,0.06,0.64,0.64
2020-02-23,0.0,0.0,2.26,1.0,17.73,5.0,0.68,0.3,7.94,1.78
2020-02-24,6.15,2.0,23.19,6.0,72.49,18.0,4.13,1.65,37.4,7.43
2020-02-25,8.06,4.0,29.28,10.0,98.13,26.0,11.68,4.22,60.12,14.9
2020-02-26,28.03,12.0,72.77,28.0,139.63,52.0,13.86,3.48,27.66,11.44
2020-02-27,0.0,0.0,2.8,1.0,27.24,6.0,0.0,0.0,8.86,1.77
2020-02-28,0.0,0.0,9.55,5.0,20.54,10.0,0.72,0.3,2.16,0.86
2020-02-29,0.0,0.0,3.91,2.0,3.91,2.0,0.0,0.0,0.0,0.0
2020-03-01,0.39,1.0,1.14,2.0,28.93,10.0,0.0,0.0,16.67,4.96
2020-03-02,3.56,3.0,9.81,6.0,214.71,43.0,6.6,3.09,88.02,18.94
2020-03-03,18.05,3.0,32.05,8.0,123.74,29.0,10.07,2.2,68.0,13.27
2020-03-04,1.76,1.0,42.99,13.0,81.41,23.0,1.65,0.25,4.0,0.82
2020-03-05,0.0,0.0,0.0,0.0,18.39,4.0,0.0,0.0,11.37,1.78
2020-03-06,0.0,0.0,0.0,0.0,0.0,0.0,0.0,0.0,0.0,0.0
2020-03-07,0.0,0.0,0.0,0.0,0.0,0.0,0.0,0.0,0.0,0.0
2020-03-08,0.45,1.0,1.09,2.0,72.01,8.0,0.86,1.6,6.81,3.33
2020-03-09,0.0,0.0,26.24,5.0,46.18,13.0,2.08,0.7,5.27,1.81
2020-03-10,1.96,1.0,48.09,12.0,88.32,25.0,1.64,0.44,10.62,3.98
2020-03-11,3.87,1.0,11.9,3.0,11.9,3.0,0.07,0.02,0.07,0.02
2020-03-12,8.81,2.0,23.46,6.0,36.93,9.0,5.23,1.0,9.62,1.88
2020-03-13,7.45,3.0,21.09,7.0,22.14,8.0,5.58,1.89,6.6,2.85
2020-03-14,4.31,2.0,4.78,3.0,4.78,3.0,1.49,0.69,1.49,0.69
2020-03-15,19.15,5.0,38.35,12.0,46.77,16.0,2.42,0.82,2.42,0.83
2020-03-16,4.85,3.0,8.3,4.0,10.07,5.0,3.59,1.89,3.59,1.89
2020-03-17,4.66,5.0,31.14,12.0,71.42,25.0,0.62,1.76,8.81,3.97
2020-03-18,6.66,4.0,49.99,12.0,108.19,31.0,25.68,4.05,42.97,10.25
2020-03-19,0.0,0.0,29.9,4.0,54.45,13.0,12.65,2.8,21.06,5.94
2020-03-20,0.0,0.0,2.01,1.0,56.31,13.0,0.0,0.0,30.86,6.48
2020-03-21,0.42,1.0,4.7,3.0,27.5,9.0,2.88,0.87,17.97,4.4
2020-03-22,2.33,1.0,5.62,2.0,14.8,4.0,2.12,0.91,10.92,2.83
2020-03-23,2.79,1.0,17.51,6.0,51.06,14.0,7.47,3.27,21.61,6.87
2020-03-24,0.0,0.0,12.61,3.0,42.13,11.0,1.0,0.3,4.19,1.11
2020-03-25,0.0,0.0,3.61,1.0,25.14,6.0,0.0,0.0,1.01,0.36
2020-03-26,0.0,0.0,0.0,0.0,2.45,1.0,0.0,0.0,0.0,0.0
2020-03-27,0.0,0.0,0.0,0.0,0.0,0.0,0.0,0.0,0.0,0.0
2020-03-28,0.0,0.0,5.41,2.0,13.42,4.0,0.0,0.0,4.89,0.84
2020-03-29,8.12,2.0,40.16,8.0,67.75,16.0,15.66,2.83,27.2,6.05
2020-03-30,0.0,0.0,9.4,3.0,71.59,14.0,3.63,1.22,6.07,1.92
2020-03-31,5.89,2.0,11.95,3.0,36.89,8.0,0.02,0.0,2.7,0.98
2020-04-01,5.03,1.0,7.33,2.0,26.43,7.0,1.81,0.7,11.43,3.33
2020-04-02,6.65,1.0,18.99,6.0,32.9,10.0,5.57,2.0,10.37,3.8
2020-04-03,8.82,3.0,48.38,15.0,98.0,28.0,12.18,1.34,29.56,5.24
2020-04-04,8.96,3.0,15.73,5.0,36.26,15.0,3.24,1.03,9.59,3.84
2020-04-05,0.7,1.0,3.15,2.0,5.9,4.0,2.46,1.31,4.61,2.88
2020-04-06,0.0,0.0,0.0,0.0,11.82,4.0,0.0,0.0,6.57,1.49
2020-04-07,1.79,1.0,4.66,2.0,10.52,4.0,1.17,0.41,2.64,0.97
2020-04-08,14.92,4.0,34.88,9.0,78.38,17.0,14.13,2.95,26.22,4.8
2020-04-09,0.0,0.0,12.75,4.0,33.02,8.0,1.35,0.41,1.99,0.7
2020-04-10,0.0,0.0,9.11,3.0,22.64,8.0,0.02,0.01,12.51,4.36
2020-04-11,0.0,0.0,18.42,4.0,59.38,8.0,0.98,0.98,4.06,1.81
2020-04-12,0.0,0.0,4.31,2.0,10.92,5.0,0.24,0.39,0.85,1.32
2020-04-13,0.0,0.0,18.71,4.0,98.7,8.0,0.0,0.0,0.07,0.02
2020-04-14,0.0,0.0,10.02,4.0,33.06,12.0,1.63,1.59,8.6,4.05
2020-04-15,3.32,1.0,9.39,3.0,16.19,6.0,0.0,0.0,0.17,0.19
2020-04-16,0.0,0.0,3.24,2.0,14.03,5.0,0.91,0.42,3.52,1.12
2020-04-17,0.0,0.0,17.83,3.0,67.83,10.0,0.9,0.89,9.6,2.47
2020-04-18,0.0,0.0,0.71,1.0,134.49,7.0,0.0,0.0,37.74,1.27
2020-04-19,6.12,2.0,8.82,4.0,28.03,9.0,1.59,1.44,2.32,1.91
2020-04-20,8.92,2.0,18.22,5.0,25.34,7.0,4.04,1.0,11.04,2.96
2020-04-21,0.0,0.0,2.51,1.0,36.87,10.0,0.0,0.0,16.75,4.03
2020-04-22,0.0,0.0,53.41,11.0,94.77,22.0,3.92,0.98,9.54,2.5
2020-04-23,0.0,0.0,0.0,0.0,33.13,7.0,0.0,0.0,0.0,0.0
2020-04-24,18.33,6.0,235.6,37.0,327.86,63.0,30.07,4.77,61.24,14.26
2020-04-25,16.56,2.0,57.75,7.0,135.95,18.0,8.84,1.0,15.18,2.09
2020-04-26,6.12,3.0,6.12,3.0,27.11,6.0,0.01,0.01,5.74,0.83
2020-04-27,17.89,4.0,37.93,11.0,98.57,26.0,0.06,0.03,0.66,0.17
2020-04-28,0.0,0.0,29.65,7.0,104.19,24.0,0.69,0.76,3.14,3.07
2020-04-29,48.56,9.0,299.32,49.0,474.52,88.0,28.58,4.23,40.37,8.01
2020-04-30,0.0,0.0,60.46,11.0,210.94,31.0,6.13,1.44,43.43,6.15
2020-05-01,22.26,7.0,157.69,35.0,308.93,70.0,16.91,4.16,21.34,6.69
2020-05-02,13.9,5.0,157.11,31.0,256.2,58.0,26.4,4.32,58.8,12.75
2020-05-03,0.94,1.0,15.94,6.0,83.17,25.0,2.89,1.1,9.26,3.53
2020-05-04,19.71,3.0,146.67,21.0,169.23,26.0,0.3,0.08,1.88,0.59
2020-05-05,32.79,8.0,191.86,38.0,424.39,84.0,11.89,3.58,46.52,13.53
2020-05-06,0.0,0.0,0.0,0.0,52.01,15.0,0.0,0.0,19.98,4.43
2020-05-07,57.03,14.0,843.42,171.0,1337.35,298.0,9.56,2.44,24.74,5.39
2020-05-08,118.68,32.0,1078.35,232.0,1665.14,394.0,71.16,17.19,84.78,20.32
2020-05-09,77.72,13.0,661.5,104.0,1596.3,244.0,14.92,3.82,117.88,18.95
2020-05-10,0.0,0.0,8.69,5.0,8.69,5.0,0.0,0.0,0.0,0.0
2020-05-11,0.0,0.0,4.28,3.0,279.49,61.0,0.0,0.0,0.0,0.0
2020-05-12,39.63,10.0,412.26,77.0,1587.64,328.0,9.51,2.13,19.87,4.63
2020-05-13,7.01,1.0,7.01,1.0,9.1,2.0,3.27,0.47,3.28,0.47
2020-05-14,100.16,16.0,597.34,106.0,2418.55,350.0,267.34,50.71,1065.58,163.67
2020-05-15,79.44,11.0,605.5,96.0,2341.23,354.0,399.5,63.62,1782.3,267.28
2020-05-16,33.06,5.0,173.57,24.0,1457.42,165.0,114.58,15.63,1197.63,120.59
2020-05-17,221.04,19.0,505.34,67.0,2175.61,364.0,244.16,38.53,1643.58,285.41
2020-05-18,22.51,5.0,705.58,111.0,2334.62,414.0,597.59,89.54,2060.57,353.68
2020-05-19,30.43,5.0,332.08,48.0,2240.3,282.0,231.13,32.18,1860.23,219.33
2020-05-20,32.16,6.0,151.34,21.0,1096.54,142.0,108.18,16.57,830.47,102.11
2020-05-21,36.42,8.0,89.16,16.0,339.58,51.0,61.07,10.03,207.85,25.33
2020-05-22,9.2,1.0,85.57,11.0,602.6,75.0,4.15,0.75,71.66,12.41
2020-05-23,3.75,1.0,69.58,10.0,448.61,93.0,0.08,0.02,34.22,8.85
2020-05-24,6.95,2.0,89.01,12.0,547.31,107.0,76.85,9.86,438.8,83.89
2020-05-25,17.64,6.0,191.85,30.0,566.79,90.0,132.02,15.89,299.86,39.06
2020-05-26,0.0,0.0,28.68,5.0,276.76,61.0,19.68,3.96,109.13,19.39
2020-05-27,4.37,1.0,4.37,1.0,92.19,18.0,1.52,0.35,37.84,7.17
2020-05-28,2.24,1.0,2.24,1.0,145.22,30.0,0.0,0.0,41.11,7.63
2020-05-29,0.0,0.0,0.0,0.0,18.99,4.0,0.0,0.0,12.39,2.59
2020-05-30,0.0,0.0,0.0,0.0,11.69,3.0,0.0,0.0,0.0,0.0
2020-05-31,0.0,0.0,0.41,1.0,21.58,4.0,0.0,0.0,5.52,0.61
2020-06-01,0.0,0.0,0.0,0.0,0.0,0.0,0.0,0.0,0.0,0.0
2020-06-02,4.84,2.0,4.84,2.0,45.95,8.0,0.0,0.0,0.0,0.0
2020-06-03,0.0,0.0,6.04,2.0,6.04,2.0,0.11,0.04,0.11,0.04
2020-06-04,0.0,0.0,0.0,0.0,1.32,1.0,0.0,0.0,0.0,0.0
2020-06-05,0.0,0.0,21.2,4.0,21.63,5.0,8.53,1.16,8.53,1.16
2020-06-06,0.0,0.0,0.0,0.0,5.58,1.0,0.0,0.0,0.0,0.0
2020-06-07,0.0,0.0,0.0,0.0,0.0,0.0,0.0,0.0,0.0,0.0
2020-06-08,1.36,1.0,1.36,1.0,1.36,1.0,0.0,0.0,0.0,0.0
2020-06-09,0.0,0.0,0.0,0.0,0.0,0.0,0.0,0.0,0.0,0.0
2020-06-10,0.0,0.0,10.21,2.0,14.61,3.0,9.48,1.83,9.48,1.83
2020-06-11,0.74,1.0,4.85,2.0,25.76,7.0,3.19,0.78,11.79,2.87
2020-06-12,0.0,0.0,0.0,0.0,7.87,1.0,0.0,0.0,0.95,0.12
2020-06-13,0.0,0.0,0.0,0.0,13.53,4.0,0.0,0.0,1.62,0.37
2020-06-14,3.33,2.0,3.33,2.0,13.54,7.0,0.0,0.0,2.08,0.98
2020-06-15,0.0,0.0,0.0,0.0,1.62,1.0,0.0,0.0,0.0,0.0
2020-06-16,1.41,1.0,21.37,4.0,82.49,13.0,1.79,0.27,15.6,1.95
2020-06-17,5.83,1.0,5.83,1.0,5.83,1.0,0.0,0.0,0.0,0.0
2020-06-18,3.38,3.0,12.44,5.0,68.13,18.0,0.17,0.23,10.35,1.77
2020-06-19,0.0,0.0,0.0,0.0,0.0,0.0,0.0,0.0,0.0,0.0
2020-06-20,6.82,1.0,6.82,1.0,10.42,2.0,0.0,0.0,0.05,0.01
2020-06-21,0.58,1.0,0.58,1.0,6.8,3.0,0.0,0.0,0.0,0.0
2020-06-22,0.0,0.0,0.0,0.0,14.18,5.0,0.0,0.0,12.08,3.89
2020-06-23,0.0,0.0,0.0,0.0,9.06,1.0,0.0,0.0,0.0,0.0
2020-06-24,0.0,0.0,0.0,0.0,0.0,0.0,0.0,0.0,0.0,0.0
2020-06-25,0.0,0.0,0.0,0.0,0.0,0.0,0.0,0.0,0.0,0.0
2020-06-26,3.98,2.0,3.98,2.0,3.98,2.0,3.87,1.94,3.87,1.94
2020-06-27,0.7,1.0,0.7,1.0,4.79,2.0,0.52,0.74,2.91,1.32
2020-06-28,0.0,0.0,4.57,1.0,9.94,2.0,1.86,0.41,1.86,0.41
2020-06-29,0.0,0.0,0.0,0.0,0.0,0.0,0.0,0.0,0.0,0.0
2020-06-30,0.0,0.0,0.0,0.0,0.0,0.0,0.0,0.0,0.0,0.0
2020-07-01,0.0,0.0,0.0,0.0,2.34,1.0,0.0,0.0,0.0,0.0
2020-07-02,7.15,3.0,11.08,4.0,13.86,5.0,0.09,0.03,0.09,0.03
2020-07-03,0.0,0.0,0.0,0.0,0.0,0.0,0.0,0.0,0.0,0.0
2020-07-04,0.0,0.0,3.06,1.0,3.06,1.0,0.0,0.0,0.0,0.0
2020-07-05,0.0,0.0,0.0,0.0,0.47,1.0,0.0,0.0,0.29,0.63
2020-07-06,0.0,0.0,0.0,0.0,0.0,0.0,0.0,0.0,0.0,0.0
2020-07-07,0.0,0.0,0.0,0.0,3.04,1.0,0.0,0.0,0.0,0.0
2020-07-08,3.54,1.0,3.54,1.0,3.54,1.0,0.0,0.0,0.0,0.0
2020-07-09,0.0,0.0,0.0,0.0,0.0,0.0,0.0,0.0,0.0,0.0
2020-07-10,0.0,0.0,0.0,0.0,0.0,0.0,0.0,0.0,0.0,0.0
2020-07-11,0.0,0.0,0.0,0.0,0.0,0.0,0.0,0.0,0.0,0.0
2020-07-12,0.69,1.0,0.69,1.0,2.63,2.0,0.06,0.09,0.06,0.09
2020-07-13,0.0,0.0,2.96,1.0,8.89,3.0,0.0,0.0,0.0,0.0
2020-07-14,1.51,1.0,8.82,3.0,8.82,3.0,2.59,0.72,2.59,0.72
2020-07-15,4.61,1.0,4.61,1.0,5.65,2.0,0.0,0.0,1.01,0.97
2020-07-16,0.0,0.0,0.0,0.0,5.29,1.0,0.0,0.0,5.29,1.0
2020-07-17,0.0,0.0,0.0,0.0,2.99,1.0,0.0,0.0,2.95,0.99
2020-07-18,0.82,1.0,0.82,1.0,0.82,1.0,0.0,0.0,0.0,0.0
2020-07-19,0.0,0.0,0.0,0.0,0.0,0.0,0.0,0.0,0.0,0.0
2020-07-20,0.0,0.0,0.0,0.0,3.76,1.0,0.0,0.0,0.38,0.1
2020-07-21,0.0,0.0,0.0,0.0,0.0,0.0,0.0,0.0,0.0,0.0
2020-07-22,2.2,2.0,2.2,2.0,2.2,2.0,2.12,1.93,2.12,1.93
2020-07-23,0.0,0.0,0.0,0.0,0.5,1.0,0.0,0.0,0.0,0.0
2020-07-24,1.85,1.0,1.85,1.0,3.46,2.0,0.0,0.0,1.59,0.99
2020-07-25,0.0,0.0,0.0,0.0,0.0,0.0,0.0,0.0,0.0,0.0
2020-07-26,0.0,0.0,0.0,0.0,2.92,1.0,0.0,0.0,1.06,0.36
2020-07-27,0.0,0.0,0.0,0.0,0.0,0.0,0.0,0.0,0.0,0.0
2020-07-28,0.0,0.0,0.0,0.0,0.0,0.0,0.0,0.0,0.0,0.0
2020-07-29,0.0,0.0,0.0,0.0,0.0,0.0,0.0,0.0,0.0,0.0
2020-07-30,0.0,0.0,0.0,0.0,0.0,0.0,0.0,0.0,0.0,0.0
2020-07-31,0.0,0.0,0.0,0.0,0.0,0.0,0.0,0.0,0.0,0.0
2020-08-01,0.0,0.0,0.0,0.0,5.61,3.0,0.0,0.0,3.29,1.76
2020-08-02,0.0,0.0,0.0,0.0,0.0,0.0,0.0,0.0,0.0,0.0
2020-08-03,0.0,0.0,0.0,0.0,0.0,0.0,0.0,0.0,0.0,0.0
2020-08-04,0.0,0.0,0.0,0.0,0.0,0.0,0.0,0.0,0.0,0.0
2020-08-05,0.0,0.0,0.0,0.0,0.0,0.0,0.0,0.0,0.0,0.0
2020-08-06,0.0,0.0,0.0,0.0,0.0,0.0,0.0,0.0,0.0,0.0
2020-08-07,0.0,0.0,0.0,0.0,0.0,0.0,0.0,0.0,0.0,0.0
2020-08-08,0.0,0.0,1.65,1.0,13.83,3.0,1.2,0.73,6.54,1.61
2020-08-09,0.0,0.0,0.0,0.0,0.0,0.0,0.0,0.0,0.0,0.0
2020-08-10,0.0,0.0,0.0,0.0,0.0,0.0,0.0,0.0,0.0,0.0
2020-08-11,0.0,0.0,0.0,0.0,0.0,0.0,0.0,0.0,0.0,0.0
2020-08-12,0.0,0.0,0.0,0.0,0.0,0.0,0.0,0.0,0.0,0.0
2020-08-13,0.0,0.0,0.0,0.0,0.0,0.0,0.0,0.0,0.0,0.0
2020-08-14,1.05,1.0,1.05,1.0,1.05,1.0,0.67,0.64,0.67,0.64
2020-08-15,1.8,1.0,1.8,1.0,1.8,1.0,0.18,0.1,0.18,0.1
2020-08-16,0.0,0.0,0.0,0.0,0.0,0.0,0.0,0.0,0.0,0.0
2020-08-17,0.0,0.0,0.0,0.0,6.69,2.0,0.0,0.0,0.0,0.0
2020-08-18,0.0,0.0,0.0,0.0,0.0,0.0,0.0,0.0,0.0,0.0
2020-08-19,0.0,0.0,0.0,0.0,0.0,0.0,0.0,0.0,0.0,0.0
2020-08-20,0.0,0.0,0.0,0.0,0.0,0.0,0.0,0.0,0.0,0.0
2020-08-21,1.08,2.0,1.08,2.0,4.56,4.0,0.23,0.45,3.69,2.44
2020-08-22,0.0,0.0,0.0,0.0,0.0,0.0,0.0,0.0,0.0,0.0
2020-08-23,0.0,0.0,2.24,1.0,2.24,1.0,0.0,0.0,0.0,0.0
2020-08-24,1.83,1.0,2.4,2.0,5.42,4.0,0.0,0.0,0.0,0.0
2020-08-25,0.0,0.0,0.0,0.0,1.2,2.0,0.0,0.0,0.15,0.24
2020-08-26,0.0,0.0,0.0,0.0,4.21,1.0,0.0,0.0,0.0,0.0
2020-08-27,0.0,0.0,0.0,0.0,0.0,0.0,0.0,0.0,0.0,0.0
2020-08-28,0.0,0.0,0.0,0.0,0.71,1.0,0.0,0.0,0.0,0.0
2020-08-29,1.62,2.0,3.64,3.0,3.64,3.0,0.25,0.36,0.25,0.36
2020-08-30,8.15,1.0,8.15,1.0,10.56,2.0,0.0,0.0,0.0,0.0
2020-08-31,0.0,0.0,0.0,0.0,3.76,1.0,0.0,0.0,0.0,0.0
2020-09-01,0.0,0.0,0.0,0.0,0.0,0.0,0.0,0.0,0.0,0.0
2020-09-02,0.0,0.0,0.0,0.0,0.0,0.0,0.0,0.0,0.0,0.0
2020-09-03,0.0,0.0,0.0,0.0,0.0,0.0,0.0,0.0,0.0,0.0
2020-09-04,3.16,1.0,3.16,1.0,12.32,3.0,0.63,0.2,0.63,0.2
2020-09-05,0.0,0.0,0.0,0.0,0.0,0.0,0.0,0.0,0.0,0.0
2020-09-06,0.7,1.0,0.7,1.0,6.48,2.0,0.4,0.57,6.17,1.56
2020-09-07,0.0,0.0,1.05,2.0,2.66,3.0,0.0,0.0,1.56,0.97
2020-09-08,0.6,1.0,0.9,2.0,0.9,2.0,0.62,1.08,0.62,1.08
2020-09-09,1.84,1.0,1.84,1.0,1.84,1.0,1.54,0.84,1.54,0.84
2020-09-10,4.85,2.0,4.85,2.0,6.93,3.0,1.17,0.96,1.17,0.96
2020-09-11,0.0,0.0,0.0,0.0,3.43,1.0,0.0,0.0,0.0,0.0
2020-09-12,0.0,0.0,1.73,2.0,2.86,3.0,0.0,0.0,1.05,0.93
2020-09-13,0.0,0.0,0.0,0.0,9.88,2.0,0.0,0.0,2.0,0.4
2020-09-14,0.78,1.0,3.28,3.0,5.2,4.0,0.0,0.0,0.37,0.19
2020-09-15,0.0,0.0,2.63,1.0,7.19,2.0,0.0,0.0,3.83,0.84
2020-09-16,0.0,0.0,4.28,1.0,12.96,3.0,3.72,0.87,5.88,1.34
2020-09-17,0.0,0.0,6.73,2.0,62.58,6.0,3.46,1.15,27.96,2.9
2020-09-18,0.0,0.0,0.0,0.0,0.0,0.0,0.0,0.0,0.0,0.0
2020-09-19,0.62,1.0,0.62,1.0,7.73,2.0,0.0,0.0,5.18,0.73
2020-09-20,13.77,4.0,14.28,5.0,57.05,16.0,8.21,3.2,48.76,12.55
2020-09-21,5.29,1.0,7.98,2.0,16.02,6.0,1.98,0.72,5.75,1.72
2020-09-22,4.35,2.0,4.35,2.0,10.3,4.0,0.97,0.38,0.97,0.38
2020-09-23,3.38,1.0,3.38,1.0,3.38,1.0,1.07,0.32,1.07,0.32
2020-09-24,2.53,3.0,2.53,3.0,12.42,6.0,1.31,1.91,3.86,2.29
2020-09-25,3.17,2.0,8.48,4.0,131.12,27.0,0.6,1.0,71.24,14.19
2020-09-26,0.0,0.0,2.36,1.0,37.72,13.0,0.61,0.26,15.6,5.55
2020-09-27,7.08,3.0,21.77,7.0,74.62,22.0,7.2,1.85,40.09,11.74
2020-09-28,0.39,1.0,5.28,2.0,34.58,10.0,0.59,0.93,24.35,7.23
2020-09-29,0.0,0.0,0.0,0.0,101.84,28.0,0.0,0.0,70.93,19.68
2020-09-30,14.84,5.0,39.65,11.0,188.66,53.0,15.11,4.89,112.46,32.12
2020-10-01,11.6,3.0,16.77,6.0,168.7,49.0,2.89,1.58,103.4,28.69
2020-10-02,7.66,2.0,19.61,7.0,247.83,58.0,14.34,4.39,192.61,43.35
2020-10-03,2.74,3.0,2.74,3.0,87.68,17.0,0.35,0.82,67.71,11.04
2020-10-04,9.0,3.0,16.81,5.0,277.49,65.0,12.04,3.59,194.03,45.04
2020-10-05,0.61,1.0,17.61,6.0,190.0,40.0,7.23,3.43,132.01,27.21
2020-10-06,1.86,2.0,20.21,11.0,311.58,89.0,5.8,3.76,220.47,61.2
2020-10-07,12.57,5.0,36.28,13.0,370.03,116.0,12.06,5.6,259.08,79.26
2020-10-08,1.95,3.0,77.79,11.0,305.2,61.0,1.51,1.25,192.58,41.6
2020-10-09,0.0,0.0,2.36,1.0,195.94,45.0,0.01,0.0,179.86,39.39
2020-10-10,0.78,1.0,22.7,8.0,524.52,96.0,4.37,1.92,305.96,49.22
2020-10-11,2.18,1.0,53.06,14.0,975.92,200.0,35.25,6.03,829.51,163.5
2020-10-12,5.11,6.0,37.85,16.0,598.96,166.0,4.43,1.45,90.17,24.68
2020-10-13,0.0,0.0,14.79,2.0,560.39,103.0,0.04,0.04,88.66,16.89
2020-10-14,1.79,2.0,14.71,10.0,420.4,98.0,0.77,0.33,88.95,16.13
2020-10-15,3.22,2.0,48.59,11.0,860.55,209.0,26.55,3.26,605.27,143.63
2020-10-16,14.99,9.0,50.07,21.0,839.57,170.0,11.65,4.83,674.61,126.11
2020-10-17,3.28,3.0,60.41,19.0,1401.06,304.0,17.35,6.7,1181.93,234.11
2020-10-18,8.01,2.0,165.97,24.0,1691.05,314.0,33.19,8.03,1113.12,201.96
2020-10-19,8.66,6.0,38.39,15.0,607.49,114.0,7.88,3.36,356.52,54.73
2020-10-20,0.94,1.0,24.54,10.0,773.86,172.0,16.72,3.92,695.93,141.55
2020-10-21,4.55,4.0,76.41,17.0,857.03,173.0,19.19,1.8,396.49,69.71
2020-10-22,1.35,2.0,28.24,17.0,1420.62,290.0,0.73,0.36,614.67,123.89
2020-10-23,10.54,6.0,68.35,21.0,1193.59,265.0,17.16,4.98,830.93,168.94
2020-10-24,6.01,7.0,30.81,19.0,878.18,175.0,2.55,3.24,517.44,100.87
2020-10-25,0.0,0.0,46.01,12.0,1735.24,289.0,0.98,0.39,925.05,152.31
2020-10-26,4.96,2.0,24.28,14.0,1241.64,205.0,5.42,2.4,936.75,134.82
2020-10-27,11.27,6.0,77.19,28.0,1523.88,283.0,34.76,10.03,1117.11,181.56
2020-10-28,5.0,4.0,118.73,38.0,1897.91,390.0,42.51,11.42,1570.08,275.64
2020-10-29,4.93,3.0,27.34,12.0,1264.16,221.0,6.7,2.88,893.8,142.23
2020-10-30,5.54,1.0,24.7,13.0,1751.44,297.0,8.72,4.4,1548.17,246.2
2020-10-31,13.59,4.0,45.62,18.0,2360.48,381.0,4.54,5.65,2035.39,307.39
2020-11-01,7.19,5.0,104.3,37.0,2359.03,293.0,20.08,10.61,1825.35,194.91
2020-11-02,3.36,5.0,57.15,27.0,1621.47,326.0,18.58,11.03,1080.48,199.88
2020-11-03,10.74,7.0,50.73,22.0,1661.8,271.0,23.72,6.53,1155.77,151.1
2020-11-04,3.28,3.0,27.88,9.0,1056.65,166.0,1.69,1.87,746.15,91.32
2020-11-05,0.83,1.0,11.8,6.0,1488.16,242.0,5.56,1.0,1279.73,194.23
2020-11-06,113.51,6.0,131.94,16.0,1816.43,254.0,14.63,6.28,1493.57,197.65
2020-11-07,152.43,11.0,238.76,38.0,2348.49,388.0,47.78,12.78,1861.87,290.79
2020-11-08,84.41,11.0,157.73,36.0,1625.59,314.0,31.97,10.2,1138.51,201.63
2020-11-09,44.1,10.0,75.11,17.0,663.1,109.0,18.89,4.3,430.42,62.49
2020-11-10,37.48,10.0,53.33,20.0,1549.47,238.0,35.35,9.01,71.82,23.33
2020-11-11,17.37,7.0,35.58,13.0,1154.04,183.0,13.17,5.51,61.73,23.45
2020-11-12,9.82,9.0,45.96,21.0,925.07,185.0,23.29,7.1,586.78,99.23
2020-11-13,24.77,9.0,77.92,28.0,798.71,183.0,38.47,12.18,529.39,103.5
2020-11-14,33.33,7.0,58.75,15.0,317.12,85.0,19.89,5.86,113.81,28.02
2020-11-15,4.14,1.0,17.82,4.0,235.41,54.0,5.98,0.87,47.06,8.72
2020-11-16,2.46,3.0,3.02,4.0,10.97,8.0,0.0,0.0,2.83,1.1
2020-11-17,8.14,5.0,34.14,13.0,71.33,21.0,15.87,5.97,24.58,8.3
2020-11-18,11.35,7.0,87.13,29.0,234.7,63.0,46.02,12.91,130.73,31.54
2020-11-19,19.79,7.0,67.94,24.0,331.93,69.0,39.77,11.31,201.71,30.99
2020-11-20,5.22,2.0,34.05,11.0,85.0,30.0,15.57,4.95,31.45,10.58
2020-11-21,36.1,6.0,122.65,17.0,296.15,55.0,41.64,8.38,169.45,30.38
2020-11-22,29.39,7.0,39.93,10.0,115.7,29.0,1.95,1.79,53.54,11.77
2020-11-23,22.63,4.0,95.48,26.0,154.19,37.0,53.38,12.89,66.07,14.94
2020-11-24,5.65,3.0,23.64,9.0,63.55,21.0,16.93,6.88,30.29,14.11
2020-11-25,0.0,0.0,5.52,2.0,5.52,2.0,0.09,0.03,0.09,0.03
2020-11-26,16.81,7.0,40.34,15.0,69.45,28.0,11.97,4.47,31.02,12.24
2020-11-27,9.13,5.0,33.04,14.0,100.46,41.0,6.56,4.7,22.12,9.62
2020-11-28,15.76,6.0,54.28,18.0,233.03,60.0,12.13,5.07,81.62,19.18
2020-11-29,58.16,15.0,145.91,42.0,302.01,95.0,29.73,10.52,67.69,19.75
2020-11-30,26.51,7.0,132.03,30.0,225.14,58.0,51.33,10.0,72.19,18.2
2020-12-01,5.24,6.0,88.71,33.0,146.92,48.0,32.12,14.54,56.45,19.37
2020-12-02,22.1,7.0,61.62,22.0,144.68,44.0,12.85,5.89,32.62,10.77
2020-12-03,35.9,11.0,168.65,45.0,283.74,74.0,44.36,11.84,86.3,23.31
2020-12-04,43.5,16.0,150.94,54.0,255.08,92.0,36.49,13.52,59.06,23.96
2020-12-05,50.81,20.0,199.17,63.0,326.44,110.0,28.23,10.09,55.28,22.62
2020-12-06,38.89,7.0,96.5,25.0,221.14,65.0,28.32,9.04,53.09,16.09
2020-12-07,10.17,3.0,52.1,17.0,131.93,38.0,9.75,3.85,23.68,9.3
2020-12-08,74.06,17.0,146.2,31.0,255.94,58.0,62.88,12.81,95.21,21.02
2020-12-09,34.42,13.0,178.84,44.0,298.15,73.0,71.67,20.17,130.62,35.16
2020-12-10,58.84,16.0,175.85,44.0,360.1,98.0,67.66,17.29,117.04,33.16
2020-12-11,0.0,0.0,1.51,1.0,47.9,17.0,0.26,0.17,0.26,0.17
2020-12-12,0.0,0.0,2.41,1.0,4.76,2.0,1.61,0.67,1.65,0.68
2020-12-13,19.1,8.0,24.06,10.0,110.47,25.0,11.88,3.72,11.88,3.72
2020-12-14,39.8,14.0,108.04,35.0,163.96,49.0,62.78,17.65,87.48,24.05
2020-12-15,53.72,21.0,210.26,80.0,395.66,139.0,89.59,32.04,167.99,57.82
2020-12-16,56.4,15.0,88.64,25.0,164.34,44.0,32.97,9.91,73.74,18.52
2020-12-17,17.58,3.0,53.12,14.0,94.8,28.0,10.17,4.07,29.39,9.76
2020-12-18,43.24,11.0,117.69,31.0,171.21,49.0,18.16,6.76,32.22,12.97
2020-12-19,24.34,9.0,131.97,36.0,284.78,65.0,31.98,8.5,55.95,15.34
2020-12-20,42.2,19.0,127.57,50.0,223.09,81.0,49.21,17.53,70.57,25.15
2020-12-21,29.95,10.0,100.98,31.0,189.4,58.0,34.1,9.4,62.31,19.08
2020-12-22,44.37,12.0,107.22,31.0,222.92,61.0,33.49,10.34,57.06,14.86
2020-12-23,28.9,11.0,78.98,25.0,152.25,50.0,40.51,11.77,73.85,21.69
2020-12-24,28.43,6.0,75.22,20.0,178.04,58.0,19.28,6.54,54.15,19.81
2020-12-25,36.44,12.0,107.39,34.0,262.0,83.0,40.62,14.91,88.09,27.2
2020-12-26,27.94,9.0,124.72,38.0,258.15,75.0,20.34,6.2,64.84,16.02
2020-12-27,40.87,13.0,124.87,38.0,258.0,74.0,25.32,6.92,53.01,10.87
2020-12-28,12.45,5.0,44.09,17.0,62.95,26.0,18.29,7.68,25.66,11.25
2020-12-29,35.45,9.0,77.11,22.0,144.45,42.0,27.79,8.18,54.49,15.2
2020-12-30,45.6,11.0,78.95,23.0,132.84,39.0,32.77,10.52,52.11,15.45
2020-12-31,15.63,7.0,46.5,18.0,88.69,35.0,6.71,3.08,14.58,7.31
2021-01-01,0.0,0.0,8.0,4.0,42.02,19.0,1.66,1.32,30.74,13.91
2021-01-02,0.76,1.0,0.76,1.0,24.38,8.0,0.0,0.0,19.05,5.53
2021-01-03,0.0,0.0,0.0,0.0,1.9,1.0,0.0,0.0,0.0,0.0
2021-01-04,0.0,0.0,4.36,2.0,57.82,16.0,1.19,0.53,7.79,2.59
2021-01-05,0.0,0.0,0.0,0.0,0.51,1.0,0.0,0.0,0.05,0.09
2021-01-06,0.0,0.0,0.0,0.0,0.58,1.0,0.0,0.0,0.52,0.89
2021-01-07,0.0,0.0,0.0,0.0,0.0,0.0,0.0,0.0,0.0,0.0
2021-01-08,0.0,0.0,0.0,0.0,1.25,1.0,0.0,0.0,0.03,0.03
2021-01-09,3.07,1.0,8.55,3.0,35.81,11.0,4.72,1.7,14.64,4.52
2021-01-10,4.69,1.0,26.65,10.0,33.27,13.0,3.59,0.99,3.59,0.99
2021-01-11,17.08,7.0,41.63,17.0,83.53,33.0,5.73,2.53,17.55,6.31
2021-01-12,14.61,4.0,43.62,12.0,49.35,14.0,6.17,1.28,6.17,1.28
2021-01-13,16.31,5.0,31.99,9.0,79.8,23.0,21.26,3.97,33.76,7.39
2021-01-14,0.0,0.0,1.38,1.0,27.52,7.0,0.0,0.0,6.04,1.02
2021-01-15,41.24,8.0,81.09,18.0,208.24,43.0,36.16,8.97,117.99,22.59
2021-01-16,4.29,2.0,25.92,11.0,72.21,25.0,7.13,3.17,11.3,4.76
2021-01-17,0.0,0.0,5.79,2.0,34.79,10.0,0.0,0.0,2.69,0.85
2021-01-18,1.91,1.0,1.91,1.0,10.19,4.0,0.18,0.1,5.02,2.18
2021-01-19,19.53,6.0,85.4,22.0,168.58,41.0,19.77,3.34,30.54,7.45
2021-01-20,14.04,5.0,88.64,26.0,179.45,39.0,9.14,3.37,15.12,5.94
2021-01-21,20.97,10.0,106.57,38.0,189.39,64.0,43.73,14.44,72.21,25.61
2021-01-22,3.71,1.0,47.0,12.0,98.33,30.0,5.19,0.96,27.82,8.96
2021-01-23,6.6,3.0,21.73,8.0,135.2,24.0,4.43,1.99,27.88,4.2
2021-01-24,0.0,0.0,2.09,1.0,51.26,12.0,0.01,0.01,5.86,1.6
2021-01-25,15.71,2.0,36.78,8.0,36.78,8.0,5.59,1.46,5.59,1.46
2021-01-26,24.18,8.0,60.97,18.0,128.92,37.0,19.4,4.96,59.0,14.5
2021-01-27,22.25,8.0,102.4,37.0,173.53,61.0,18.15,8.65,36.16,13.37
2021-01-28,6.18,3.0,9.47,6.0,76.38,22.0,5.96,3.18,20.37,6.7
2021-01-29,0.0,0.0,20.51,7.0,104.18,24.0,10.72,3.57,17.69,5.03
2021-01-30,23.18,5.0,49.16,14.0,199.75,44.0,0.23,0.09,42.12,6.24
2021-01-31,18.79,5.0,84.96,23.0,226.07,63.0,40.23,10.74,90.32,25.52
2021-02-01,29.05,11.0,104.51,39.0,319.12,106.0,34.58,11.81,79.58,25.35
2021-02-02,15.89,4.0,74.56,17.0,204.45,58.0,32.77,6.69,87.39,23.85
2021-02-03,10.34,4.0,103.47,17.0,266.1,47.0,7.22,1.98,45.22,9.68
2021-02-04,0.0,0.0,1.73,2.0,10.43,4.0,0.0,0.0,0.0,0.0
2021-02-05,8.01,3.0,21.18,9.0,38.75,15.0,8.66,3.53,9.88,4.29
2021-02-06,12.06,6.0,84.55,31.0,214.4,78.0,24.13,8.99,44.71,17.84
2021-02-07,18.82,3.0,78.54,20.0,412.06,92.0,14.68,3.45,23.85,6.18
2021-02-08,9.58,3.0,27.06,8.0,122.82,31.0,7.58,1.98,11.78,3.96
2021-02-09,43.85,6.0,146.67,22.0,347.12,53.0,47.97,8.92,64.0,13.25
2021-02-10,27.05,7.0,75.11,18.0,324.89,61.0,49.25,12.08,174.16,33.78
2021-02-11,25.35,9.0,168.38,45.0,412.93,110.0,51.4,14.75,106.41,28.82
2021-02-12,39.36,10.0,58.22,16.0,197.49,51.0,12.97,3.86,30.11,9.82
2021-02-13,0.0,0.0,24.3,9.0,65.37,19.0,11.61,3.33,21.04,4.98
2021-02-14,24.95,6.0,55.34,14.0,150.51,27.0,28.15,6.98,59.2,11.79
2021-02-15,19.31,5.0,50.7,17.0,196.52,56.0,15.31,4.8,45.8,15.95
2021-02-16,19.27,4.0,117.81,28.0,393.74,73.0,59.62,14.31,250.03,40.69
2021-02-17,10.12,6.0,77.68,31.0,314.94,112.0,36.36,12.7,125.71,47.12
2021-02-18,36.54,5.0,71.09,15.0,206.8,49.0,30.19,7.41,77.74,19.98
2021-02-19,8.84,3.0,68.65,14.0,134.36,32.0,50.73,9.78,85.68,18.43
2021-02-20,13.6,3.0,63.76,20.0,174.59,48.0,17.94,4.9,36.09,9.69
2021-02-21,13.72,9.0,30.1,18.0,129.89,44.0,11.27,6.81,40.52,11.74
2021-02-22,9.02,4.0,83.72,21.0,243.98,67.0,41.12,6.46,82.55,18.07
2021-02-23,33.57,10.0,97.55,29.0,239.71,69.0,34.44,9.02,75.0,16.85
2021-02-24,0.38,1.0,70.16,10.0,237.38,55.0,10.3,2.38,46.72,8.59
2021-02-25,1.29,1.0,41.35,8.0,319.89,63.0,5.94,1.84,12.42,3.13
2021-02-26,60.47,3.0,248.15,21.0,642.86,86.0,30.62,3.74,41.53,5.87
2021-02-27,17.44,4.0,56.22,15.0,84.92,25.0,22.23,5.66,28.05,8.16
2021-02-28,23.85,8.0,230.58,29.0,574.09,115.0,90.73,10.54,220.3,43.96
2021-03-01,5.41,4.0,34.38,10.0,203.86,73.0,19.05,4.02,31.91,12.83
2021-03-02,0.0,0.0,114.93,12.0,491.02,80.0,21.13,3.18,32.79,6.69
2021-03-03,4.29,3.0,7.53,6.0,162.63,54.0,2.26,1.59,20.05,7.52
2021-03-04,8.53,6.0,36.54,15.0,367.26,104.0,7.6,3.31,117.98,33.99
2021-03-05,9.12,3.0,25.81,12.0,515.54,170.0,9.82,5.5,92.15,20.53
2021-03-06,21.08,9.0,45.45,13.0,277.7,78.0,12.47,5.83,21.37,8.9
2021-03-07,5.15,1.0,11.03,3.0,51.53,14.0,1.89,0.37,18.32,4.74
2021-03-08,0.0,0.0,0.0,0.0,10.53,5.0,0.0,0.0,2.12,1.38
2021-03-09,0.0,0.0,10.81,4.0,196.76,40.0,1.25,0.31,111.49,19.63
2021-03-10,0.0,0.0,10.97,5.0,168.37,73.0,1.15,0.47,21.75,9.74
2021-03-11,0.87,2.0,23.82,9.0,493.02,130.0,11.11,3.78,329.02,84.9
2021-03-12,0.0,0.0,0.0,0.0,12.57,3.0,0.0,0.0,0.97,0.22
2021-03-13,0.76,1.0,2.58,2.0,208.24,74.0,0.78,0.86,10.96,3.86
2021-03-14,3.48,1.0,8.13,4.0,286.34,86.0,5.43,1.96,11.68,3.29
2021-03-15,0.0,0.0,35.35,5.0,253.49,86.0,0.0,0.0,2.84,1.87
2021-03-16,0.37,1.0,40.87,10.0,333.21,106.0,1.87,1.54,10.42,3.79
2021-03-17,3.44,2.0,10.93,5.0,336.14,90.0,1.02,1.44,26.31,8.86
2021-03-18,0.0,0.0,0.0,0.0,157.54,34.0,0.0,0.0,12.28,2.73
2021-03-19,4.3,4.0,4.3,4.0,600.58,147.0,0.76,1.77,3.7,2.83
2021-03-20,5.11,7.0,38.57,11.0,471.69,133.0,3.58,3.95,5.67,5.13
2021-03-21,12.09,3.0,47.27,11.0,449.22,142.0,23.85,4.96,334.13,107.03
2021-03-22,0.0,0.0,10.88,3.0,68.71,19.0,7.97,2.07,50.47,13.86
2021-03-23,4.82,2.0,4.82,2.0,159.96,38.0,0.0,0.0,66.46,18.97
2021-03-24,3.6,1.0,46.47,6.0,571.29,111.0,8.69,1.43,69.58,12.14
2021-03-25,0.69,2.0,1.11,3.0,266.61,88.0,1.05,2.84,2.27,4.13
2021-03-26,5.56,6.0,34.91,12.0,462.56,185.0,13.61,6.24,31.73,14.42
2021-03-27,6.18,2.0,38.99,13.0,406.33,125.0,8.35,3.03,26.14,7.79
2021-03-28,13.48,3.0,20.8,5.0,170.68,66.0,17.77,3.9,108.43,38.79
2021-03-29,3.55,1.0,10.89,4.0,213.9,96.0,0.0,0.0,116.06,64.21
2021-03-30,2.66,3.0,28.2,11.0,1105.39,215.0,7.88,4.35,14.8,7.41
2021-03-31,0.97,2.0,147.37,22.0,1873.02,478.0,7.37,4.18,71.95,17.11
2021-04-01,69.57,11.0,138.25,23.0,1876.88,468.0,50.61,6.22,86.26,15.95
2021-04-02,12.8,6.0,38.2,11.0,1807.88,415.0,11.94,3.64,188.77,57.35
2021-04-03,53.43,6.0,66.67,10.0,1803.35,507.0,7.73,2.14,385.2,118.18
2021-04-04,0.37,1.0,54.97,11.0,1656.95,410.0,11.75,1.59,163.95,47.37
2021-04-05,0.0,0.0,1.2,3.0,352.98,164.0,0.0,0.0,156.71,67.21
2021-04-06,4.51,2.0,22.88,7.0,94.25,24.0,10.1,2.4,21.91,9.47
2021-04-07,4.93,2.0,22.68,8.0,390.21,122.0,9.21,2.7,79.67,26.83
2021-04-08,0.88,1.0,27.0,9.0,489.02,115.0,1.84,1.75,54.84,14.13
2021-04-09,20.41,7.0,216.28,28.0,782.35,165.0,23.84,4.91,148.93,36.02
2021-04-10,18.36,6.0,267.11,31.0,1285.76,287.0,159.76,12.4,211.81,25.14
2021-04-11,2.84,3.0,21.87,7.0,1724.58,408.0,1.78,1.91,234.85,36.39
2021-04-12,14.92,3.0,85.11,14.0,1128.84,270.0,9.63,2.36,149.32,32.95
2021-04-13,3.87,2.0,95.64,19.0,642.34,182.0,16.78,3.56,37.03,10.79
2021-04-14,57.57,5.0,209.5,33.0,1324.21,242.0,99.97,11.05,114.46,13.67
2021-04-15,0.0,0.0,105.45,21.0,619.58,178.0,62.52,7.56,98.63,20.69
2021-04-16,0.0,0.0,137.13,15.0,950.23,119.0,5.3,0.15,592.51,77.68
2021-04-17,5.82,4.0,29.93,12.0,211.1,86.0,7.31,3.59,30.72,11.3
2021-04-18,31.69,5.0,297.57,47.0,959.04,157.0,32.57,2.98,125.36,28.47
2021-04-19,22.93,6.0,340.24,50.0,1011.93,190.0,18.15,4.59,135.92,28.07
2021-04-20,0.0,0.0,2.76,3.0,12.29,6.0,0.0,0.0,1.21,0.34
2021-04-21,36.28,5.0,245.83,41.0,424.1,84.0,78.25,17.93,91.15,22.25
2021-04-22,32.22,10.0,275.92,60.0,374.66,94.0,20.0,6.0,72.16,21.9
2021-04-23,13.77,2.0,124.93,22.0,183.1,44.0,10.19,0.98,17.88,6.28
2021-04-24,159.18,25.0,857.79,135.0,1655.65,293.0,421.29,63.88,916.08,152.17
2021-04-25,60.21,14.0,907.8,148.0,2072.62,347.0,397.39,69.92,1092.67,185.71
2021-04-26,171.85,16.0,1402.92,153.0,4140.43,402.0,600.24,81.14,2794.76,244.78
2021-04-27,126.32,22.0,2052.89,245.0,4101.46,513.0,1134.95,141.68,2707.52,331.33
2021-04-28,24.96,3.0,1103.33,108.0,3913.08,387.0,852.79,79.75,2978.56,267.93
2021-04-29,210.5,31.0,1285.33,173.0,4737.1,642.0,418.9,70.5,2505.74,349.62
2021-04-30,43.27,10.0,298.93,68.0,1315.32,279.0,4.16,0.98,86.08,18.78
2021-05-01,45.69,9.0,789.93,115.0,3396.31,524.0,42.15,7.0,214.22,48.79
2021-05-02,380.17,48.0,1510.42,216.0,3284.06,572.0,93.79,17.86,209.49,43.47
2021-05-03,26.55,6.0,272.63,38.0,1020.06,150.0,0.07,0.01,102.24,24.65
2021-05-04,74.68,14.0,361.14,59.0,1018.36,173.0,23.22,6.94,286.09,57.16
2021-05-05,153.65,30.0,603.1,126.0,1540.95,376.0,15.32,6.19,110.7,28.79
2021-05-06,58.31,10.0,191.82,33.0,594.33,114.0,48.35,8.71,193.26,42.23
2021-05-07,0.0,0.0,139.54,18.0,710.58,119.0,34.05,6.56,118.0,22.8
2021-05-08,31.32,7.0,249.07,41.0,1290.83,225.0,78.75,11.22,500.0,94.8
2021-05-09,33.77,10.0,340.33,86.0,1208.71,284.0,24.86,7.41,80.72,18.36
2021-05-10,0.0,0.0,56.31,8.0,193.2,29.0,24.76,3.39,55.64,8.0
2021-05-11,7.06,3.0,176.74,35.0,599.7,134.0,12.74,2.91,158.04,26.06
2021-05-12,12.65,2.0,52.47,9.0,129.28,28.0,3.81,0.77,52.41,12.19
2021-05-13,0.68,1.0,23.25,8.0,115.57,32.0,0.57,0.77,80.02,19.64
2021-05-14,2.17,1.0,103.41,16.0,427.43,81.0,19.13,3.48,59.62,11.48
2021-05-15,26.15,6.0,58.95,16.0,120.39,31.0,10.22,2.56,33.98,7.51
2021-05-16,25.97,6.0,114.52,27.0,772.03,170.0,19.6,4.17,369.26,72.37
2021-05-17,0.0,0.0,0.0,0.0,92.8,15.0,0.0,0.0,0.01,0.0
2021-05-18,0.0,0.0,0.0,0.0,0.0,0.0,0.0,0.0,0.0,0.0
2021-05-19,0.0,0.0,0.0,0.0,0.0,0.0,0.0,0.0,0.0,0.0
2021-05-20,0.0,0.0,0.0,0.0,40.88,13.0,0.0,0.0,0.03,0.01
2021-05-21,0.0,0.0,0.0,0.0,0.0,0.0,0.0,0.0,0.0,0.0
2021-05-22,0.0,0.0,0.0,0.0,6.35,3.0,0.0,0.0,0.0,0.0
2021-05-23,5.73,3.0,31.32,6.0,43.63,10.0,8.42,2.81,10.64,4.15
2021-05-24,0.0,0.0,0.0,0.0,27.97,10.0,0.0,0.0,4.17,1.52
2021-05-25,9.83,2.0,14.52,3.0,86.7,15.0,6.99,1.04,30.22,4.4
2021-05-26,10.53,2.0,22.56,8.0,112.46,23.0,8.91,3.75,29.62,8.19
2021-05-27,12.2,2.0,19.03,4.0,116.39,20.0,6.5,1.9,15.33,3.13
2021-05-28,12.61,4.0,12.61,4.0,29.02,9.0,0.33,0.21,2.01,0.98
2021-05-29,9.8,3.0,11.46,4.0,24.94,10.0,1.45,0.32,1.68,0.55
2021-05-30,0.0,0.0,0.0,0.0,0.0,0.0,0.0,0.0,0.0,0.0
2021-05-31,1.57,1.0,1.57,1.0,24.79,5.0,0.0,0.0,20.69,3.07
2021-06-01,0.0,0.0,6.75,1.0,18.71,3.0,6.22,0.92,13.09,2.07
2021-06-02,0.0,0.0,0.0,0.0,4.68,3.0,0.0,0.0,0.71,1.26
2021-06-03,0.0,0.0,6.27,1.0,58.45,8.0,0.0,0.0,9.14,1.66
2021-06-04,0.0,0.0,0.0,0.0,2.39,1.0,0.0,0.0,2.26,0.95
2021-06-05,2.21,2.0,8.49,5.0,15.87,9.0,2.0,1.93,3.94,2.95
2021-06-06,0.0,0.0,7.62,2.0,7.62,2.0,0.0,0.0,0.0,0.0
2021-06-07,0.0,0.0,0.0,0.0,10.2,3.0,0.0,0.0,2.88,0.91
2021-06-08,0.0,0.0,0.0,0.0,18.22,5.0,0.0,0.0,0.81,0.84
2021-06-09,0.0,0.0,0.0,0.0,13.43,3.0,0.0,0.0,1.91,0.38
2021-06-10,0.0,0.0,0.0,0.0,0.0,0.0,0.0,0.0,0.0,0.0
2021-06-11,0.0,0.0,0.0,0.0,0.0,0.0,0.0,0.0,0.0,0.0
2021-06-12,0.0,0.0,0.0,0.0,0.0,0.0,0.0,0.0,0.0,0.0
2021-06-13,0.0,0.0,0.0,0.0,0.0,0.0,0.0,0.0,0.0,0.0
2021-06-14,0.7,1.0,0.7,1.0,14.51,4.0,0.0,0.0,9.53,2.06
2021-06-15,0.0,0.0,0.0,0.0,0.0,0.0,0.0,0.0,0.0,0.0
2021-06-16,0.0,0.0,0.0,0.0,0.0,0.0,0.0,0.0,0.0,0.0
2021-06-17,0.0,0.0,0.0,0.0,2.03,1.0,0.0,0.0,0.0,0.0
2021-06-18,0.0,0.0,0.0,0.0,1.2,1.0,0.0,0.0,0.0,0.0
2021-06-19,0.0,0.0,0.0,0.0,5.68,2.0,0.0,0.0,0.24,0.07
2021-06-20,0.0,0.0,1.55,2.0,5.04,3.0,0.0,0.0,0.0,0.0
2021-06-21,2.32,1.0,5.35,2.0,7.74,3.0,0.0,0.0,0.0,0.0
2021-06-22,0.0,0.0,2.9,1.0,4.29,2.0,0.01,0.0,0.04,0.03
2021-06-23,0.0,0.0,0.0,0.0,1.93,1.0,0.0,0.0,0.0,0.0
2021-06-24,1.82,2.0,2.53,3.0,3.59,4.0,0.0,0.0,0.0,0.0
2021-06-25,0.0,0.0,0.0,0.0,2.18,1.0,0.0,0.0,0.04,0.02
2021-06-26,0.0,0.0,0.0,0.0,2.27,2.0,0.0,0.0,0.0,0.0
2021-06-27,0.0,0.0,0.0,0.0,5.5,2.0,0.0,0.0,0.0,0.0
2021-06-28,0.0,0.0,0.75,1.0,0.75,1.0,0.0,0.0,0.0,0.0
2021-06-29,1.02,2.0,1.02,2.0,5.06,4.0,0.06,0.14,0.45,0.27
2021-06-30,0.0,0.0,2.51,1.0,13.86,5.0,0.0,0.0,2.93,0.76
2021-07-01,0.0,0.0,0.47,1.0,9.07,3.0,0.0,0.0,1.25,1.03
2021-07-02,0.0,0.0,3.57,1.0,23.46,5.0,0.0,0.0,11.37,1.8
2021-07-03,0.0,0.0,0.0,0.0,0.0,0.0,0.0,0.0,0.0,0.0
2021-07-04,0.0,0.0,0.0,0.0,13.36,2.0,0.0,0.0,0.0,0.0
2021-07-05,2.44,1.0,2.44,1.0,7.43,2.0,2.24,0.92,4.71,1.41
2021-07-06,0.0,0.0,0.0,0.0,0.0,0.0,0.0,0.0,0.0,0.0
2021-07-07,0.0,0.0,10.05,3.0,39.98,9.0,4.53,1.0,20.03,4.46
2021-07-08,0.0,0.0,2.46,1.0,2.46,1.0,0.0,0.0,0.0,0.0
2021-07-09,0.95,1.0,0.95,1.0,4.88,2.0,0.0,0.0,3.93,1.0
2021-07-10,0.0,0.0,0.0,0.0,23.89,6.0,0.0,0.0,7.16,2.05
2021-07-11,54.78,19.0,54.78,19.0,62.77,22.0,0.0,0.0,0.51,0.74
2021-07-12,22.35,2.0,22.35,2.0,22.35,2.0,0.0,0.0,0.0,0.0
2021-07-13,0.0,0.0,0.0,0.0,0.0,0.0,0.0,0.0,0.0,0.0
2021-07-14,0.0,0.0,0.0,0.0,0.0,0.0,0.0,0.0,0.0,0.0
2021-07-15,0.0,0.0,0.0,0.0,6.91,1.0,0.0,0.0,0.0,0.0
2021-07-16,0.0,0.0,8.36,3.0,42.03,9.0,0.04,0.06,12.19,1.7
2021-07-17,0.0,0.0,0.0,0.0,0.0,0.0,0.0,0.0,0.0,0.0
2021-07-18,0.0,0.0,0.0,0.0,0.0,0.0,0.0,0.0,0.0,0.0
2021-07-19,0.0,0.0,0.0,0.0,0.0,0.0,0.0,0.0,0.0,0.0
2021-07-20,0.0,0.0,0.0,0.0,0.0,0.0,0.0,0.0,0.0,0.0
2021-07-21,0.0,0.0,0.0,0.0,0.0,0.0,0.0,0.0,0.0,0.0
2021-07-22,0.0,0.0,0.0,0.0,0.0,0.0,0.0,0.0,0.0,0.0
2021-07-23,0.0,0.0,0.0,0.0,3.01,2.0,0.0,0.0,0.0,0.0
2021-07-24,0.0,0.0,0.0,0.0,1.09,1.0,0.0,0.0,0.0,0.0
2021-07-25,0.0,0.0,0.0,0.0,0.0,0.0,0.0,0.0,0.0,0.0
2021-07-26,0.0,0.0,0.0,0.0,0.0,0.0,0.0,0.0,0.0,0.0
2021-07-27,0.0,0.0,0.0,0.0,0.0,0.0,0.0,0.0,0.0,0.0
2021-07-28,0.0,0.0,0.0,0.0,0.0,0.0,0.0,0.0,0.0,0.0
2021-07-29,0.0,0.0,0.0,0.0,0.0,0.0,0.0,0.0,0.0,0.0
2021-07-30,0.0,0.0,0.0,0.0,0.0,0.0,0.0,0.0,0.0,0.0
2021-07-31,0.0,0.0,0.0,0.0,0.0,0.0,0.0,0.0,0.0,0.0
2021-08-01,0.0,0.0,0.0,0.0,0.0,0.0,0.0,0.0,0.0,0.0
2021-08-02,0.0,0.0,0.0,0.0,7.28,2.0,0.0,0.0,6.93,1.9
2021-08-03,0.0,0.0,0.0,0.0,0.0,0.0,0.0,0.0,0.0,0.0
2021-08-04,0.0,0.0,0.0,0.0,0.0,0.0,0.0,0.0,0.0,0.0
2021-08-05,0.0,0.0,0.0,0.0,0.0,0.0,0.0,0.0,0.0,0.0
2021-08-06,0.0,0.0,0.0,0.0,0.0,0.0,0.0,0.0,0.0,0.0
2021-08-07,0.0,0.0,0.0,0.0,0.0,0.0,0.0,0.0,0.0,0.0
2021-08-08,0.0,0.0,0.0,0.0,0.0,0.0,0.0,0.0,0.0,0.0
2021-08-09,0.0,0.0,0.0,0.0,0.0,0.0,0.0,0.0,0.0,0.0
2021-08-10,1.24,2.0,1.24,2.0,1.24,2.0,0.49,0.78,0.49,0.78
2021-08-11,0.52,1.0,1.42,2.0,1.42,2.0,0.81,0.9,0.81,0.9
2021-08-12,0.0,0.0,0.0,0.0,7.96,1.0,0.0,0.0,0.0,0.0
2021-08-13,0.0,0.0,0.0,0.0,0.0,0.0,0.0,0.0,0.0,0.0
2021-08-14,2.44,1.0,2.44,1.0,2.44,1.0,1.37,0.56,1.37,0.56
2021-08-15,0.0,0.0,0.0,0.0,2.41,1.0,0.0,0.0,0.36,0.15
2021-08-16,0.0,0.0,1.01,1.0,1.01,1.0,0.85,0.84,0.85,0.84
2021-08-17,2.58,2.0,5.35,4.0,5.35,4.0,3.59,2.47,3.59,2.47
2021-08-18,0.0,0.0,0.0,0.0,0.0,0.0,0.0,0.0,0.0,0.0
2021-08-19,0.0,0.0,0.0,0.0,0.0,0.0,0.0,0.0,0.0,0.0
2021-08-20,0.0,0.0,0.0,0.0,0.0,0.0,0.0,0.0,0.0,0.0
2021-08-21,0.0,0.0,0.0,0.0,0.0,0.0,0.0,0.0,0.0,0.0
2021-08-22,0.0,0.0,0.0,0.0,0.49,1.0,0.0,0.0,0.0,0.0
2021-08-23,0.0,0.0,0.0,0.0,4.27,1.0,0.0,0.0,0.0,0.0
2021-08-24,0.0,0.0,0.0,0.0,3.27,1.0,0.0,0.0,0.0,0.0
2021-08-25,0.0,0.0,0.0,0.0,0.0,0.0,0.0,0.0,0.0,0.0
2021-08-26,0.0,0.0,0.0,0.0,0.0,0.0,0.0,0.0,0.0,0.0
2021-08-27,0.0,0.0,0.0,0.0,11.68,2.0,0.0,0.0,0.0,0.0
2021-08-28,0.43,1.0,0.43,1.0,0.43,1.0,0.0,0.0,0.0,0.0
2021-08-29,0.0,0.0,0.0,0.0,0.0,0.0,0.0,0.0,0.0,0.0
2021-08-30,0.0,0.0,0.0,0.0,2.38,1.0,0.0,0.0,0.0,0.0
2021-08-31,0.0,0.0,0.0,0.0,0.0,0.0,0.0,0.0,0.0,0.0
2021-09-01,0.0,0.0,0.0,0.0,0.0,0.0,0.0,0.0,0.0,0.0
2021-09-02,0.0,0.0,0.0,0.0,0.0,0.0,0.0,0.0,0.0,0.0
2021-09-03,0.0,0.0,0.0,0.0,0.0,0.0,0.0,0.0,0.0,0.0
2021-09-04,0.0,0.0,0.0,0.0,0.0,0.0,0.0,0.0,0.0,0.0
2021-09-05,0.0,0.0,0.0,0.0,0.0,0.0,0.0,0.0,0.0,0.0
2021-09-06,0.0,0.0,0.0,0.0,0.0,0.0,0.0,0.0,0.0,0.0
2021-09-07,1.64,1.0,6.12,3.0,6.12,3.0,0.0,0.0,0.0,0.0
2021-09-08,4.33,1.0,4.33,1.0,4.33,1.0,0.0,0.0,0.0,0.0
2021-09-09,2.01,2.0,4.18,5.0,5.53,6.0,1.42,0.96,1.42,0.96
2021-09-10,0.0,0.0,0.0,0.0,0.0,0.0,0.0,0.0,0.0,0.0
2021-09-11,0.0,0.0,0.7,1.0,0.7,1.0,0.0,0.0,0.0,0.0
2021-09-12,0.0,0.0,0.0,0.0,0.0,0.0,0.0,0.0,0.0,0.0
2021-09-13,0.0,0.0,0.0,0.0,0.0,0.0,0.0,0.0,0.0,0.0
2021-09-14,0.0,0.0,0.0,0.0,0.0,0.0,0.0,0.0,0.0,0.0
2021-09-15,0.0,0.0,0.0,0.0,0.0,0.0,0.0,0.0,0.0,0.0
2021-09-16,0.0,0.0,0.0,0.0,0.0,0.0,0.0,0.0,0.0,0.0
2021-09-17,0.92,1.0,0.92,1.0,0.92,1.0,0.0,0.0,0.0,0.0
2021-09-18,0.0,0.0,1.28,1.0,4.95,4.0,0.0,0.0,1.59,1.0
2021-09-19,0.56,1.0,0.56,1.0,2.74,2.0,0.0,0.0,0.0,0.0
2021-09-20,0.0,0.0,0.0,0.0,5.26,1.0,0.0,0.0,0.0,0.0
2021-09-21,0.0,0.0,0.0,0.0,0.0,0.0,0.0,0.0,0.0,0.0
2021-09-22,0.0,0.0,0.0,0.0,0.0,0.0,0.0,0.0,0.0,0.0
2021-09-23,0.0,0.0,0.0,0.0,1.31,1.0,0.0,0.0,0.0,0.0
2021-09-24,0.0,0.0,0.69,1.0,2.79,3.0,0.0,0.0,2.0,1.91
2021-09-25,0.0,0.0,0.82,1.0,0.82,1.0,0.0,0.0,0.0,0.0
2021-09-26,0.0,0.0,0.0,0.0,1.82,1.0,0.0,0.0,0.07,0.04
2021-09-27,1.02,1.0,1.89,2.0,5.82,4.0,0.0,0.0,1.4,1.01
2021-09-28,1.28,1.0,1.28,1.0,8.61,3.0,0.0,0.0,0.0,0.0
2021-09-29,1.1,1.0,4.59,4.0,39.34,16.0,0.0,0.0,5.09,2.45
2021-09-30,2.23,1.0,2.23,1.0,45.1,7.0,0.0,0.0,3.0,0.98
2021-10-01,0.0,0.0,0.0,0.0,4.49,2.0,0.0,0.0,1.05,0.49
2021-10-02,0.0,0.0,0.0,0.0,9.74,3.0,0.0,0.0,4.4,1.38
2021-10-03,1.52,1.0,3.12,2.0,40.33,10.0,1.99,1.28,6.17,2.34
2021-10-04,5.52,2.0,8.85,3.0,23.54,7.0,4.2,1.4,6.2,2.01
2021-10-05,1.78,1.0,1.78,1.0,16.62,5.0,0.0,0.0,5.6,1.24
2021-10-06,1.38,1.0,5.98,2.0,35.41,9.0,4.06,1.57,12.35,3.42
2021-10-07,0.0,0.0,9.59,2.0,115.14,26.0,0.0,0.0,51.25,10.45
2021-10-08,4.24,1.0,11.52,3.0,165.5,33.0,2.38,0.62,89.08,15.95
2021-10-09,2.27,1.0,48.86,12.0,374.97,95.0,18.4,3.41,225.32,54.2
2021-10-10,11.59,7.0,37.91,19.0,706.72,200.0,11.38,6.27,143.78,39.37
2021-10-11,0.0,0.0,55.99,13.0,464.89,95.0,15.78,2.65,24.75,3.82
2021-10-12,1.68,1.0,35.1,9.0,430.09,97.0,16.35,2.01,335.27,69.66
2021-10-13,0.93,1.0,40.76,12.0,877.69,166.0,1.34,0.89,649.45,110.72
2021-10-14,7.11,6.0,146.12,32.0,1235.83,258.0,38.64,11.55,750.44,159.33
2021-10-15,2.98,2.0,195.94,57.0,2953.02,693.0,80.79,25.75,2342.05,543.49
2021-10-16,0.0,0.0,65.82,16.0,1986.48,374.0,16.58,2.86,147.81,31.78
2021-10-17,0.0,0.0,0.0,0.0,0.0,0.0,0.0,0.0,0.0,0.0
2021-10-18,0.0,0.0,0.0,0.0,0.0,0.0,0.0,0.0,0.0,0.0
2021-10-19,0.64,1.0,1.15,2.0,461.53,79.0,0.69,1.1,396.03,67.3
2021-10-20,1.9,2.0,6.13,5.0,1315.97,260.0,2.95,2.13,868.46,168.97
2021-10-21,0.0,0.0,35.31,13.0,1181.25,250.0,19.01,6.89,499.23,102.96
2021-10-22,3.89,4.0,23.17,7.0,991.13,150.0,6.29,3.49,131.04,21.94
2021-10-23,0.0,0.0,48.44,8.0,1706.03,300.0,25.32,4.06,25.32,4.06
2021-10-24,0.0,0.0,99.43,13.0,337.15,51.0,0.26,0.05,8.55,1.04
2021-10-25,0.69,1.0,65.72,16.0,708.74,150.0,0.0,0.0,611.07,125.42
2021-10-26,1.15,2.0,42.97,19.0,1193.56,290.0,10.56,5.52,979.02,224.0
2021-10-27,0.45,1.0,33.39,9.0,881.08,178.0,2.39,0.96,664.86,134.02
2021-10-28,4.35,3.0,25.14,10.0,1361.28,243.0,4.6,2.83,1140.23,192.22
2021-10-29,7.01,4.0,51.3,17.0,1779.06,270.0,16.14,7.41,1571.35,217.71
2021-10-30,1.47,1.0,148.95,33.0,2171.97,357.0,25.65,8.64,1473.4,222.29
2021-10-31,2.15,4.0,189.34,48.0,2809.49,591.0,30.13,11.6,1679.33,324.54
2021-11-01,5.44,2.0,100.8,17.0,2249.78,378.0,19.72,2.62,104.72,26.05
2021-11-02,7.82,2.0,74.39,27.0,1563.94,291.0,24.29,8.67,30.08,10.11
2021-11-03,0.0,0.0,116.0,25.0,2492.54,435.0,105.1,20.97,153.2,28.95
2021-11-04,5.83,2.0,343.39,50.0,2891.37,423.0,33.55,10.85,1563.38,205.71
2021-11-05,26.62,6.0,127.11,42.0,3432.23,648.0,96.96,31.38,2930.2,526.19
2021-11-06,21.54,5.0,217.43,56.0,3140.27,493.0,74.08,20.45,2447.15,328.66
2021-11-07,28.14,4.0,74.59,16.0,1978.68,262.0,48.74,8.48,1658.54,197.62
2021-11-08,0.0,0.0,35.95,11.0,2701.48,358.0,29.96,9.19,2381.16,308.71
2021-11-09,9.82,2.0,84.17,18.0,2484.48,336.0,66.87,13.55,2355.45,306.2
2021-11-10,10.72,6.0,202.07,61.0,2503.68,487.0,124.18,36.96,2180.78,408.8
2021-11-11,26.75,8.0,93.64,30.0,1586.37,329.0,64.75,17.67,1352.45,251.71
2021-11-12,10.95,2.0,61.52,18.0,1914.25,290.0,47.37,14.43,1733.46,248.2
2021-11-13,6.07,2.0,130.36,32.0,1550.27,276.0,98.97,23.86,1393.46,241.37
2021-11-14,1.87,2.0,98.83,22.0,1551.0,197.0,80.85,16.44,1265.52,146.83
2021-11-15,16.73,5.0,157.68,38.0,1249.99,230.0,82.24,22.96,1076.26,192.68
2021-11-16,29.94,7.0,236.82,72.0,1435.47,323.0,176.11,55.52,1251.68,272.83
2021-11-17,10.51,3.0,110.51,26.0,537.71,125.0,25.95,6.48,102.41,24.18
2021-11-18,0.0,0.0,41.52,17.0,316.72,82.0,28.38,13.44,263.67,69.24
2021-11-19,7.33,3.0,50.2,16.0,602.28,135.0,42.17,13.29,560.6,124.27
2021-11-20,15.65,5.0,165.71,51.0,704.83,159.0,106.06,34.01,595.69,130.5
2021-11-21,22.54,10.0,169.65,54.0,775.2,203.0,116.3,36.84,645.86,163.66
2021-11-22,15.17,5.0,168.8,34.0,643.86,132.0,137.73,27.44,525.69,101.95
2021-11-23,7.27,5.0,72.59,16.0,197.05,44.0,21.16,7.45,107.76,23.23
2021-11-24,8.96,3.0,68.53,19.0,190.44,53.0,7.98,2.59,18.92,5.97
2021-11-25,9.07,3.0,53.78,15.0,177.99,42.0,7.0,2.03,8.75,2.59
2021-11-26,12.78,9.0,123.13,41.0,303.01,94.0,12.99,5.12,27.07,9.65
2021-11-27,33.7,11.0,177.78,58.0,379.58,127.0,42.22,14.6,86.04,30.56
2021-11-28,39.21,18.0,106.93,39.0,182.28,64.0,57.99,19.14,91.46,32.26
2021-11-29,11.56,4.0,87.16,27.0,172.93,58.0,53.53,17.85,90.65,28.67
2021-11-30,0.0,0.0,44.49,15.0,128.44,40.0,29.6,7.92,82.08,22.23
2021-12-01,0.0,0.0,0.0,0.0,0.0,0.0,0.0,0.0,0.0,0.0
2021-12-02,4.82,4.0,4.82,4.0,7.44,6.0,3.96,2.93,6.55,4.92
2021-12-03,1.55,3.0,4.67,4.0,22.62,14.0,3.56,2.85,11.56,8.7
2021-12-04,27.78,6.0,77.03,17.0,168.49,46.0,53.21,10.93,104.56,27.47
2021-12-05,0.0,0.0,14.15,3.0,33.87,10.0,11.69,2.42,25.81,7.32
2021-12-06,14.96,8.0,51.81,18.0,94.58,30.0,22.1,7.61,46.91,13.67
2021-12-07,13.84,5.0,95.15,29.0,205.01,66.0,41.91,11.15,76.88,21.75
2021-12-08,13.98,5.0,99.68,32.0,245.36,80.0,17.52,5.86,32.52,11.53
2021-12-09,4.26,2.0,73.12,17.0,104.71,28.0,10.67,2.73,21.68,7.17
2021-12-10,22.29,8.0,55.38,16.0,117.79,36.0,9.14,5.01,24.46,10.02
2021-12-11,65.72,16.0,94.29,25.0,145.92,40.0,11.9,4.97,23.16,7.98
2021-12-12,59.42,20.0,189.06,61.0,255.87,84.0,27.49,8.01,32.78,9.9
2021-12-13,26.09,11.0,89.91,37.0,214.05,83.0,11.14,5.05,26.77,11.67
2021-12-14,24.66,11.0,103.36,38.0,212.01,65.0,51.21,19.7,115.16,35.41
2021-12-15,10.11,3.0,67.99,22.0,123.75,44.0,40.05,12.32,82.09,28.46
2021-12-16,15.86,11.0,29.34,16.0,89.01,37.0,18.01,8.5,46.97,19.05
2021-12-17,33.56,8.0,91.91,23.0,162.86,42.0,27.96,9.02,53.27,15.16
2021-12-18,32.35,12.0,120.0,40.0,207.38,74.0,36.78,13.54,64.33,22.97
2021-12-19,15.6,5.0,77.26,19.0,171.74,48.0,17.17,4.3,32.86,9.44
2021-12-20,5.65,3.0,65.84,18.0,101.2,29.0,24.86,8.5,34.6,11.52
2021-12-21,13.68,4.0,58.12,20.0,123.95,40.0,17.47,6.98,39.91,14.2
2021-12-22,46.06,12.0,122.82,41.0,232.8,74.0,52.68,18.22,98.9,30.49
2021-12-23,33.77,14.0,137.78,56.0,224.42,86.0,37.22,14.19,62.97,23.87
2021-12-24,47.24,17.0,177.9,53.0,261.1,81.0,52.94,16.14,78.22,26.04
2021-12-25,14.72,3.0,43.08,12.0,136.75,37.0,20.34,6.3,79.07,22.37
2021-12-26,2.22,2.0,2.22,2.0,5.49,3.0,0.0,0.0,2.21,0.68
2021-12-27,8.68,3.0,22.3,7.0,34.17,11.0,14.24,4.68,21.99,7.29
2021-12-28,0.0,0.0,4.14,3.0,7.72,5.0,1.01,0.5,1.26,0.63
2021-12-29,30.28,15.0,72.08,29.0,152.01,51.0,19.94,6.34,55.46,15.18
2021-12-30,9.02,3.0,10.07,5.0,16.03,6.0,1.49,1.62,1.49,1.62
2021-12-31,13.23,6.0,44.22,17.0,58.14,22.0,19.03,6.89,23.9,8.48
2022-01-01,6.86,4.0,49.38,20.0,78.09,31.0,9.46,4.55,12.52,5.67
2022-01-02,32.58,8.0,54.21,14.0,77.73,25.0,10.07,2.61,19.78,7.72
2022-01-03,19.05,6.0,112.51,34.0,249.58,83.0,23.71,7.39,46.96,16.35
2022-01-04,6.63,2.0,37.15,8.0,59.85,12.0,6.32,1.32,7.34,1.73
2022-01-05,0.0,0.0,0.0,0.0,0.0,0.0,0.0,0.0,0.0,0.0
2022-01-06,0.0,0.0,0.0,0.0,1.54,1.0,0.0,0.0,0.0,0.0
2022-01-07,0.0,0.0,0.0,0.0,5.29,1.0,0.0,0.0,5.21,0.98
2022-01-08,0.0,0.0,0.0,0.0,0.0,0.0,0.0,0.0,0.0,0.0
2022-01-09,0.0,0.0,0.0,0.0,0.0,0.0,0.0,0.0,0.0,0.0
2022-01-10,0.0,0.0,0.0,0.0,1.95,1.0,0.0,0.0,0.0,0.0
2022-01-11,0.0,0.0,0.0,0.0,0.0,0.0,0.0,0.0,0.0,0.0
2022-01-12,0.0,0.0,0.0,0.0,0.81,1.0,0.0,0.0,0.46,0.57
2022-01-13,0.48,1.0,4.03,2.0,13.01,4.0,0.32,0.67,9.26,2.66
2022-01-14,3.32,1.0,3.32,1.0,3.32,1.0,0.0,0.0,0.0,0.0
2022-01-15,0.0,0.0,0.0,0.0,0.0,0.0,0.0,0.0,0.0,0.0
2022-01-16,0.0,0.0,2.15,2.0,2.15,2.0,0.02,0.02,0.02,0.02
2022-01-17,0.0,0.0,0.0,0.0,6.08,3.0,0.0,0.0,0.0,0.0
2022-01-18,4.42,1.0,12.34,3.0,12.34,3.0,4.85,1.27,4.85,1.27
2022-01-19,12.07,4.0,29.77,11.0,29.77,11.0,4.21,1.54,4.21,1.54
2022-01-20,0.0,0.0,0.0,0.0,0.0,0.0,0.0,0.0,0.0,0.0
2022-01-21,0.0,0.0,0.0,0.0,12.69,3.0,0.0,0.0,2.12,0.54
2022-01-22,0.0,0.0,0.0,0.0,0.0,0.0,0.0,0.0,0.0,0.0
2022-01-23,0.0,0.0,0.0,0.0,0.63,1.0,0.0,0.0,0.29,0.46
2022-01-24,0.68,1.0,1.39,2.0,1.39,2.0,0.62,0.92,0.62,0.92
2022-01-25,0.0,0.0,0.0,0.0,0.0,0.0,0.0,0.0,0.0,0.0
2022-01-26,0.0,0.0,0.0,0.0,0.86,1.0,0.0,0.0,0.6,0.69
2022-01-27,0.0,0.0,0.0,0.0,0.0,0.0,0.0,0.0,0.0,0.0
2022-01-28,1.12,1.0,80.37,4.0,97.61,9.0,1.08,0.96,11.08,3.31
2022-01-29,5.89,3.0,62.51,18.0,87.34,26.0,13.36,4.3,24.79,7.48
2022-01-30,16.48,9.0,56.0,24.0,114.89,40.0,22.72,9.51,55.08,17.52
2022-01-31,1.31,1.0,29.34,6.0,41.54,9.0,1.73,0.53,3.52,1.21
2022-02-01,9.32,6.0,20.49,9.0,35.73,12.0,5.22,1.0,8.52,1.59
2022-02-02,9.73,4.0,27.45,10.0,32.0,12.0,15.64,5.44,15.64,5.44
2022-02-03,0.0,0.0,0.0,0.0,0.0,0.0,0.0,0.0,0.0,0.0
2022-02-04,0.82,1.0,3.33,2.0,9.05,4.0,0.44,0.54,2.98,1.3
2022-02-05,0.0,0.0,0.0,0.0,10.56,3.0,0.0,0.0,3.29,1.14
2022-02-06,0.0,0.0,7.95,2.0,7.95,2.0,2.25,0.51,2.25,0.51
2022-02-07,0.85,2.0,12.45,7.0,31.7,14.0,2.1,0.95,2.1,0.95
2022-02-08,33.52,7.0,56.32,14.0,98.31,25.0,10.25,3.38,15.77,5.58
2022-02-09,0.0,0.0,0.78,1.0,4.22,2.0,0.0,0.0,0.94,0.27
2022-02-10,0.0,0.0,12.25,4.0,157.88,22.0,5.01,1.8,15.62,6.1
2022-02-11,0.0,0.0,2.82,1.0,23.41,6.0,0.0,0.0,7.35,1.64
2022-02-12,9.24,3.0,53.24,13.0,114.1,23.0,19.01,4.64,33.54,7.62
2022-02-13,12.87,4.0,64.94,16.0,118.36,32.0,8.32,2.18,14.43,3.67
2022-02-14,36.41,15.0,136.48,38.0,287.51,69.0,7.37,4.06,13.64,6.59
2022-02-15,31.16,10.0,130.78,43.0,252.36,78.0,33.96,12.18,69.66,21.57
2022-02-16,29.65,9.0,71.51,23.0,111.67,36.0,30.01,9.16,47.26,14.85
2022-02-17,17.75,11.0,43.6,19.0,122.82,38.0,13.11,6.33,51.4,14.06
2022-02-18,0.55,1.0,76.77,18.0,186.09,46.0,43.99,7.9,72.87,16.88
2022-02-19,6.71,7.0,99.64,17.0,173.16,36.0,27.37,4.15,40.02,6.74
2022-02-20,10.25,5.0,53.66,19.0,160.83,56.0,18.65,6.93,62.04,20.77
2022-02-21,9.65,4.0,40.98,10.0,156.04,39.0,10.69,3.18,30.63,8.24
2022-02-22,11.0,5.0,65.03,15.0,140.69,30.0,1.07,0.72,21.49,3.98
2022-02-23,0.0,0.0,0.0,0.0,6.6,2.0,0.0,0.0,0.8,0.25
2022-02-24,3.62,3.0,9.29,5.0,25.84,11.0,2.81,1.41,16.92,6.49
2022-02-25,8.52,4.0,59.32,19.0,104.25,32.0,5.54,1.98,19.34,6.54
2022-02-26,3.45,2.0,4.53,3.0,4.53,3.0,0.0,0.0,0.0,0.0
2022-02-27,4.53,3.0,20.79,7.0,34.81,11.0,2.69,1.33,8.21,3.05
2022-02-28,0.69,1.0,16.38,6.0,48.96,16.0,7.65,2.37,9.67,3.14
2022-03-01,8.18,3.0,48.44,10.0,89.51,21.0,17.16,2.93,30.64,7.69
2022-03-02,5.26,3.0,66.75,14.0,179.1,48.0,5.18,1.53,34.91,11.46
2022-03-03,10.62,4.0,39.77,13.0,77.21,28.0,20.82,6.54,32.18,12.3
2022-03-04,11.65,7.0,44.05,18.0,87.36,33.0,2.75,2.26,5.26,3.37
2022-03-05,0.0,0.0,10.0,4.0,81.12,20.0,0.0,0.0,1.27,0.47
2022-03-06,0.0,0.0,5.1,1.0,5.1,1.0,0.14,0.03,0.14,0.03
2022-03-07,0.9,3.0,38.97,9.0,88.94,18.0,8.26,1.41,42.05,7.21
2022-03-08,13.57,3.0,32.01,9.0,101.19,33.0,9.55,3.44,40.85,12.25
2022-03-09,2.77,1.0,20.45,5.0,87.4,19.0,2.59,1.26,21.05,4.59
2022-03-10,6.43,2.0,50.46,14.0,102.66,24.0,38.13,9.73,71.17,16.9
2022-03-11,0.46,1.0,39.01,7.0,76.19,15.0,17.64,3.37,21.13,4.05
2022-03-12,5.17,6.0,13.57,9.0,99.32,19.0,0.85,2.41,3.89,3.4
2022-03-13,4.16,5.0,22.77,13.0,70.17,28.0,7.94,4.37,20.93,9.25
2022-03-14,2.97,2.0,23.97,5.0,75.95,20.0,7.31,1.65,16.72,3.76
2022-03-15,1.21,2.0,4.75,3.0,25.68,10.0,0.72,1.04,1.09,1.16
2022-03-16,10.01,4.0,10.01,4.0,25.1,9.0,0.92,1.02,1.96,1.5
2022-03-17,0.0,0.0,15.85,2.0,52.36,15.0,8.51,1.08,29.79,7.73
2022-03-18,12.88,1.0,21.31,3.0,33.08,7.0,3.98,0.79,6.47,1.65
2022-03-19,0.0,0.0,32.76,10.0,95.48,29.0,1.78,0.53,2.25,0.68
2022-03-20,4.83,3.0,14.9,7.0,70.2,24.0,0.59,0.41,3.34,1.2
2022-03-21,0.66,1.0,7.51,3.0,119.92,19.0,6.89,2.78,63.21,10.86
2022-03-22,0.55,1.0,37.76,7.0,57.41,12.0,2.75,1.51,2.75,1.51
2022-03-23,12.91,5.0,20.53,8.0,120.5,24.0,1.81,2.41,6.26,2.75
2022-03-24,0.39,1.0,21.33,9.0,117.02,36.0,2.55,2.0,13.54,6.77
2022-03-25,0.0,0.0,15.13,3.0,152.09,34.0,6.32,1.08,28.81,5.91
2022-03-26,1.94,2.0,25.95,6.0,117.67,21.0,13.03,1.95,46.58,5.31
2022-03-27,0.0,0.0,43.73,7.0,79.27,18.0,2.0,0.79,2.45,0.98
2022-03-28,6.15,3.0,12.03,5.0,302.59,39.0,0.0,0.0,12.93,2.0
2022-03-29,8.89,3.0,17.77,5.0,164.5,35.0,1.48,1.0,3.03,1.61
2022-03-30,10.04,1.0,17.34,3.0,53.75,15.0,6.21,1.65,24.86,7.33
2022-03-31,0.57,1.0,16.88,6.0,40.81,12.0,11.73,2.97,22.46,6.84
2022-04-01,2.07,2.0,35.72,7.0,50.93,16.0,13.75,3.12,15.49,4.71
2022-04-02,0.6,1.0,0.6,1.0,56.85,19.0,0.0,0.0,5.07,2.54
2022-04-03,5.05,5.0,11.13,8.0,76.06,37.0,3.36,4.18,6.44,7.69
2022-04-04,0.69,1.0,23.7,7.0,151.82,67.0,4.69,2.18,14.29,6.51
2022-04-05,3.88,2.0,16.67,6.0,91.14,30.0,0.1,0.15,6.77,1.59
2022-04-06,4.69,4.0,11.73,6.0,88.2,43.0,0.89,0.9,0.89,0.9
2022-04-07,19.1,4.0,34.47,8.0,89.4,25.0,18.6,3.87,18.87,4.39
2022-04-08,2.67,2.0,17.83,6.0,82.16,41.0,2.7,2.07,5.64,2.58
2022-04-09,13.67,3.0,23.86,7.0,174.1,57.0,7.26,2.7,9.65,3.43
2022-04-10,112.89,2.0,118.72,5.0,223.43,22.0,104.95,3.65,115.25,4.45
2022-04-11,4.43,1.0,10.07,3.0,80.7,10.0,4.3,0.97,10.99,1.97
2022-04-12,0.0,0.0,1.11,2.0,3.54,3.0,0.54,0.81,0.82,0.93
2022-04-13,0.67,1.0,49.35,12.0,251.62,47.0,7.62,3.26,28.61,6.33
2022-04-14,19.18,5.0,76.97,23.0,217.09,80.0,5.5,3.67,20.24,7.12
2022-04-15,2.01,2.0,42.86,15.0,195.06,101.0,16.3,4.19,91.23,51.76
2022-04-16,5.49,1.0,127.18,18.0,535.72,174.0,36.25,4.12,225.06,72.29
2022-04-17,1.2,1.0,205.64,36.0,588.39,132.0,59.09,10.69,114.83,14.5
2022-04-18,29.26,6.0,247.39,35.0,1058.96,209.0,42.07,5.32,185.02,25.04
2022-04-19,238.75,19.0,406.8,44.0,1136.35,272.0,232.58,19.9,281.09,32.11
2022-04-20,141.0,3.0,149.67,5.0,616.32,163.0,120.56,1.8,121.39,2.02
2022-04-21,0.0,0.0,4.52,1.0,57.32,27.0,0.0,0.0,7.12,3.44
2022-04-22,6.23,2.0,99.17,33.0,508.43,157.0,17.02,6.37,86.55,27.21
2022-04-23,76.86,15.0,429.39,66.0,1584.43,313.0,197.6,26.5,466.83,70.28
2022-04-24,65.15,11.0,496.71,68.0,3993.73,568.0,325.83,45.55,1926.7,189.6
2022-04-25,14.48,5.0,276.32,53.0,1440.16,261.0,153.03,28.32,412.69,61.05
2022-04-26,7.95,2.0,215.34,43.0,1663.61,325.0,96.18,18.66,777.57,109.01
2022-04-27,232.84,36.0,1350.59,187.0,4692.23,684.0,1044.12,143.31,3657.15,473.33
2022-04-28,180.08,37.0,1418.1,235.0,5418.02,887.0,1107.49,178.77,3767.05,580.4
2022-04-29,110.74,23.0,1429.83,187.0,6528.44,852.0,1090.47,138.97,4951.94,556.82
2022-04-30,130.67,18.0,1668.18,213.0,6527.04,823.0,950.89,119.31,2598.59,303.1
2022-05-01,1.53,1.0,111.35,17.0,1003.34,186.0,0.1,0.02,69.86,20.09
2022-05-02,38.56,11.0,335.98,60.0,1158.0,213.0,9.31,1.92,123.19,27.92
2022-05-03,0.0,0.0,10.77,4.0,285.21,72.0,0.0,0.0,28.76,7.55
2022-05-04,0.0,0.0,72.94,13.0,789.43,125.0,0.1,0.04,107.05,24.08
2022-05-05,0.0,0.0,212.22,44.0,886.94,180.0,164.03,33.55,695.23,127.13
2022-05-06,0.0,0.0,0.64,1.0,128.92,32.0,0.11,0.17,0.11,0.17
2022-05-07,7.81,3.0,312.89,65.0,1564.12,299.0,17.3,6.15,125.75,35.73
2022-05-08,81.58,18.0,261.46,66.0,1034.04,257.0,23.58,5.2,43.38,9.01
2022-05-09,1.24,1.0,51.78,11.0,205.56,55.0,6.88,1.76,38.42,10.29
2022-05-10,12.61,5.0,96.31,21.0,366.77,88.0,1.89,0.43,61.36,14.27
2022-05-11,22.58,6.0,40.54,13.0,219.22,61.0,2.57,0.62,76.52,19.07
2022-05-12,15.42,2.0,76.13,13.0,440.32,89.0,3.21,0.61,4.26,0.79
2022-05-13,2.48,1.0,78.87,19.0,407.61,90.0,11.28,2.73,22.3,5.48
2022-05-14,24.16,5.0,98.63,22.0,426.2,82.0,77.79,16.83,327.12,64.33
2022-05-15,0.0,0.0,74.27,13.0,244.74,29.0,51.45,9.14,122.39,14.37
2022-05-16,10.78,2.0,27.65,5.0,91.83,22.0,4.73,0.67,34.83,8.43
2022-05-17,0.0,0.0,0.0,0.0,20.79,5.0,0.0,0.0,4.45,0.87
2022-05-18,0.0,0.0,11.32,3.0,58.54,15.0,6.4,1.79,26.74,7.14
2022-05-19,0.0,0.0,3.16,1.0,121.91,32.0,0.0,0.0,2.97,1.05
2022-05-20,0.0,0.0,18.51,3.0,76.89,18.0,0.0,0.0,5.97,1.36
2022-05-21,1.29,2.0,19.63,4.0,133.81,31.0,14.77,2.42,47.29,8.04
2022-05-22,1.98,2.0,1.98,2.0,71.19,17.0,0.0,0.0,20.44,4.78
2022-05-23,0.0,0.0,0.0,0.0,0.0,0.0,0.0,0.0,0.0,0.0
2022-05-24,0.33,1.0,0.33,1.0,0.33,1.0,0.0,0.0,0.0,0.0
2022-05-25,0.87,2.0,3.82,4.0,3.82,4.0,0.91,1.87,0.91,1.87
2022-05-26,0.0,0.0,0.0,0.0,20.16,4.0,0.0,0.0,5.16,0.81
2022-05-27,6.15,2.0,6.15,2.0,18.28,8.0,0.72,0.18,5.79,2.91
2022-05-28,0.0,0.0,0.0,0.0,43.93,7.0,0.0,0.0,24.12,2.55
2022-05-29,0.0,0.0,0.0,0.0,18.43,2.0,0.0,0.0,0.81,0.09
2022-05-30,0.0,0.0,0.0,0.0,14.83,3.0,0.0,0.0,0.0,0.0
2022-05-31,2.32,2.0,2.32,2.0,15.98,9.0,0.0,0.0,8.79,5.7
2022-06-01,2.35,1.0,7.79,3.0,70.18,10.0,0.0,0.0,0.0,0.0
2022-06-02,0.0,0.0,0.0,0.0,37.76,13.0,0.0,0.0,0.6,0.16
2022-06-03,0.0,0.0,5.49,1.0,221.43,32.0,4.19,0.76,66.14,2.49
2022-06-04,0.0,0.0,7.35,2.0,231.99,42.0,5.36,1.51,23.68,4.27
2022-06-05,5.45,1.0,55.83,5.0,163.04,29.0,6.19,0.91,18.53,2.35
2022-06-06,12.0,2.0,27.76,6.0,367.65,36.0,10.65,3.09,19.75,4.44
2022-06-07,0.0,0.0,5.83,1.0,90.76,29.0,0.0,0.0,0.18,0.08
2022-06-08,0.0,0.0,24.38,3.0,119.66,30.0,11.9,1.67,17.52,3.02
2022-06-09,3.5,2.0,4.32,3.0,45.02,17.0,3.48,2.45,14.11,5.69
2022-06-10,0.0,0.0,0.0,0.0,48.72,11.0,0.0,0.0,4.33,0.72
2022-06-11,16.43,3.0,35.83,8.0,127.95,31.0,16.48,3.09,20.97,4.69
2022-06-12,14.82,2.0,19.3,3.0,192.25,41.0,7.81,1.05,10.3,2.16
2022-06-13,0.0,0.0,2.89,1.0,80.98,19.0,0.0,0.0,14.14,3.05
2022-06-14,0.0,0.0,0.0,0.0,44.43,17.0,0.0,0.0,0.0,0.0
2022-06-15,0.0,0.0,13.8,4.0,65.93,11.0,0.36,0.56,0.6,0.65
2022-06-16,0.0,0.0,41.49,6.0,120.01,30.0,4.31,0.3,10.19,1.67
2022-06-17,0.0,0.0,0.0,0.0,13.28,3.0,0.0,0.0,0.0,0.0
2022-06-18,0.0,0.0,0.0,0.0,0.0,0.0,0.0,0.0,0.0,0.0
2022-06-19,1.82,1.0,1.82,1.0,3.12,2.0,0.0,0.0,0.2,0.15
2022-06-20,0.0,0.0,0.0,0.0,0.0,0.0,0.0,0.0,0.0,0.0
2022-06-21,0.0,0.0,0.75,1.0,0.75,1.0,0.0,0.0,0.0,0.0
2022-06-22,2.48,2.0,3.31,3.0,17.32,6.0,0.41,0.65,0.41,0.65
2022-06-23,0.84,1.0,0.84,1.0,42.02,8.0,0.77,0.92,0.77,0.92
2022-06-24,0.51,1.0,12.64,4.0,71.91,15.0,7.49,1.5,15.35,3.3
2022-06-25,0.0,0.0,1.86,1.0,15.98,5.0,0.0,0.0,6.02,1.94
2022-06-26,0.75,1.0,0.75,1.0,3.05,2.0,0.0,0.0,1.64,0.71
2022-06-27,3.0,3.0,3.0,3.0,10.81,7.0,0.92,0.92,5.37,2.91
2022-06-28,0.0,0.0,0.61,1.0,0.61,1.0,0.0,0.0,0.0,0.0
2022-06-29,0.0,0.0,0.0,0.0,1.4,1.0,0.0,0.0,0.0,0.0
2022-06-30,0.0,0.0,0.0,0.0,0.0,0.0,0.0,0.0,0.0,0.0
2022-07-01,0.0,0.0,0.0,0.0,0.0,0.0,0.0,0.0,0.0,0.0
2022-07-02,0.0,0.0,0.0,0.0,0.0,0.0,0.0,0.0,0.0,0.0
2022-07-03,0.0,0.0,0.0,0.0,11.55,3.0,0.0,0.0,0.79,0.26
2022-07-04,0.0,0.0,0.0,0.0,3.86,1.0,0.0,0.0,2.74,0.71
2022-07-05,0.0,0.0,0.0,0.0,17.63,5.0,0.0,0.0,1.85,0.89
2022-07-06,0.0,0.0,0.0,0.0,0.0,0.0,0.0,0.0,0.0,0.0
2022-07-07,0.0,0.0,0.0,0.0,0.0,0.0,0.0,0.0,0.0,0.0
2022-07-08,0.35,1.0,5.08,2.0,10.18,3.0,3.69,0.78,6.72,1.37
2022-07-09,0.0,0.0,0.0,0.0,0.0,0.0,0.0,0.0,0.0,0.0
2022-07-10,0.0,0.0,0.0,0.0,0.0,0.0,0.0,0.0,0.0,0.0
2022-07-11,0.0,0.0,0.0,0.0,123.81,15.0,0.0,0.0,41.03,5.01
2022-07-12,0.57,1.0,0.57,1.0,2.14,3.0,0.0,0.0,0.0,0.0
2022-07-13,0.0,0.0,0.0,0.0,0.0,0.0,0.0,0.0,0.0,0.0
2022-07-14,0.0,0.0,0.0,0.0,12.97,4.0,0.0,0.0,5.3,2.45
2022-07-15,5.89,2.0,5.89,2.0,10.13,4.0,0.0,0.0,3.88,1.83
2022-07-16,0.0,0.0,0.0,0.0,0.0,0.0,0.0,0.0,0.0,0.0
2022-07-17,0.0,0.0,0.0,0.0,3.85,1.0,0.0,0.0,0.0,0.0
2022-07-18,5.44,2.0,5.44,2.0,13.92,4.0,0.0,0.0,3.2,0.76
2022-07-19,0.92,2.0,1.7,3.0,1.7,3.0,0.42,0.54,0.42,0.54
2022-07-20,0.0,0.0,0.0,0.0,0.78,1.0,0.0,0.0,0.0,0.0
2022-07-21,0.0,0.0,0.0,0.0,0.0,0.0,0.0,0.0,0.0,0.0
2022-07-22,0.0,0.0,0.0,0.0,0.0,0.0,0.0,0.0,0.0,0.0
2022-07-23,0.0,0.0,0.0,0.0,0.0,0.0,0.0,0.0,0.0,0.0
2022-07-24,2.42,2.0,2.42,2.0,2.42,2.0,0.0,0.0,0.0,0.0
2022-07-25,3.25,1.0,3.25,1.0,3.82,2.0,0.0,0.0,0.0,0.0
2022-07-26,0.0,0.0,18.82,2.0,18.82,2.0,0.0,0.0,0.0,0.0
2022-07-27,0.0,0.0,0.0,0.0,0.0,0.0,0.0,0.0,0.0,0.0
2022-07-28,0.0,0.0,0.0,0.0,0.0,0.0,0.0,0.0,0.0,0.0
2022-07-29,0.0,0.0,0.0,0.0,0.0,0.0,0.0,0.0,0.0,0.0
2022-07-30,0.0,0.0,0.0,0.0,0.0,0.0,0.0,0.0,0.0,0.0
2022-07-31,0.0,0.0,0.0,0.0,0.0,0.0,0.0,0.0,0.0,0.0
2022-08-01,0.0,0.0,0.0,0.0,0.0,0.0,0.0,0.0,0.0,0.0
2022-08-02,0.0,0.0,0.0,0.0,0.0,0.0,0.0,0.0,0.0,0.0
2022-08-03,0.0,0.0,0.0,0.0,0.0,0.0,0.0,0.0,0.0,0.0
2022-08-04,0.0,0.0,0.0,0.0,0.0,0.0,0.0,0.0,0.0,0.0
2022-08-05,0.0,0.0,0.0,0.0,0.0,0.0,0.0,0.0,0.0,0.0
2022-08-06,0.0,0.0,0.0,0.0,0.0,0.0,0.0,0.0,0.0,0.0
2022-08-07,0.0,0.0,0.0,0.0,0.0,0.0,0.0,0.0,0.0,0.0
2022-08-08,0.0,0.0,0.0,0.0,0.0,0.0,0.0,0.0,0.0,0.0
2022-08-09,0.0,0.0,0.0,0.0,0.0,0.0,0.0,0.0,0.0,0.0
2022-08-10,0.0,0.0,0.0,0.0,0.0,0.0,0.0,0.0,0.0,0.0
2022-08-11,0.52,1.0,0.52,1.0,0.52,1.0,0.0,0.0,0.0,0.0
2022-08-12,2.95,1.0,2.95,1.0,2.95,1.0,0.0,0.0,0.0,0.0
2022-08-13,0.0,0.0,0.0,0.0,2.16,1.0,0.0,0.0,0.0,0.0
2022-08-14,0.0,0.0,0.0,0.0,0.0,0.0,0.0,0.0,0.0,0.0
2022-08-15,0.0,0.0,0.0,0.0,0.0,0.0,0.0,0.0,0.0,0.0
2022-08-16,1.43,1.0,1.43,1.0,1.43,1.0,0.0,0.0,0.0,0.0
2022-08-17,0.0,0.0,0.0,0.0,1.71,1.0,0.0,0.0,0.0,0.0
2022-08-18,0.0,0.0,1.62,1.0,1.62,1.0,0.03,0.02,0.03,0.02
2022-08-19,0.0,0.0,0.0,0.0,0.0,0.0,0.0,0.0,0.0,0.0
2022-08-20,0.0,0.0,0.0,0.0,0.0,0.0,0.0,0.0,0.0,0.0
2022-08-21,0.0,0.0,0.0,0.0,0.0,0.0,0.0,0.0,0.0,0.0
2022-08-22,1.47,2.0,1.47,2.0,2.52,3.0,0.0,0.0,0.0,0.0
2022-08-23,0.0,0.0,0.0,0.0,0.0,0.0,0.0,0.0,0.0,0.0
2022-08-24,0.0,0.0,0.0,0.0,0.0,0.0,0.0,0.0,0.0,0.0
2022-08-25,5.66,2.0,5.66,2.0,5.66,2.0,3.1,1.09,3.1,1.09
2022-08-26,2.9,1.0,2.9,1.0,4.17,2.0,2.19,0.75,2.41,0.93
2022-08-27,0.0,0.0,4.05,1.0,25.04,5.0,2.29,0.57,7.84,1.75
2022-08-28,0.0,0.0,0.0,0.0,4.91,1.0,0.0,0.0,0.0,0.0
2022-08-29,1.88,1.0,1.88,1.0,3.84,2.0,0.0,0.0,0.25,0.13
2022-08-30,1.8,3.0,1.8,3.0,4.47,5.0,1.2,2.0,1.2,2.0
2022-08-31,0.0,0.0,0.0,0.0,0.0,0.0,0.0,0.0,0.0,0.0
2022-09-01,0.0,0.0,0.0,0.0,0.0,0.0,0.0,0.0,0.0,0.0
2022-09-02,0.0,0.0,0.0,0.0,0.0,0.0,0.0,0.0,0.0,0.0
2022-09-03,0.0,0.0,1.31,1.0,1.31,1.0,0.67,0.51,0.67,0.51
2022-09-04,3.82,3.0,3.82,3.0,5.63,4.0,3.04,2.28,3.36,2.46
2022-09-05,3.46,3.0,6.48,4.0,11.77,7.0,1.11,1.82,2.39,2.28
2022-09-06,1.48,1.0,1.48,1.0,1.48,1.0,1.19,0.8,1.19,0.8
2022-09-07,1.84,2.0,2.94,3.0,6.63,4.0,1.07,0.98,4.68,1.95
2022-09-08,0.0,0.0,0.0,0.0,0.0,0.0,0.0,0.0,0.0,0.0
2022-09-09,2.68,2.0,2.68,2.0,2.68,2.0,0.0,0.0,0.0,0.0
2022-09-10,0.6,1.0,0.6,1.0,23.31,8.0,0.0,0.0,0.0,0.0
2022-09-11,0.0,0.0,0.0,0.0,0.0,0.0,0.0,0.0,0.0,0.0
2022-09-12,0.0,0.0,0.0,0.0,9.77,2.0,0.0,0.0,0.0,0.0
2022-09-13,0.0,0.0,0.0,0.0,0.0,0.0,0.0,0.0,0.0,0.0
2022-09-14,0.0,0.0,0.0,0.0,0.0,0.0,0.0,0.0,0.0,0.0
2022-09-15,0.0,0.0,0.0,0.0,0.0,0.0,0.0,0.0,0.0,0.0
2022-09-16,0.83,1.0,0.83,1.0,0.83,1.0,0.0,0.0,0.0,0.0
2022-09-17,1.51,1.0,1.51,1.0,1.51,1.0,0.0,0.0,0.0,0.0
2022-09-18,0.0,0.0,0.0,0.0,3.68,1.0,0.0,0.0,2.2,0.6
2022-09-19,0.0,0.0,0.0,0.0,0.0,0.0,0.0,0.0,0.0,0.0
2022-09-20,0.0,0.0,0.0,0.0,0.0,0.0,0.0,0.0,0.0,0.0
2022-09-21,0.0,0.0,0.81,1.0,0.81,1.0,0.0,0.0,0.0,0.0
2022-09-22,0.0,0.0,0.0,0.0,0.0,0.0,0.0,0.0,0.0,0.0
2022-09-23,0.0,0.0,0.0,0.0,0.0,0.0,0.0,0.0,0.0,0.0
2022-09-24,0.0,0.0,0.0,0.0,0.0,0.0,0.0,0.0,0.0,0.0
2022-09-25,0.0,0.0,0.69,1.0,0.69,1.0,0.13,0.19,0.13,0.19
2022-09-26,0.98,1.0,0.98,1.0,0.98,1.0,0.0,0.0,0.0,0.0
2022-09-27,2.8,1.0,5.89,3.0,13.3,6.0,0.42,0.15,6.14,1.69
2022-09-28,0.44,1.0,0.44,1.0,1.83,3.0,0.39,0.88,1.45,1.85
2022-09-29,0.0,0.0,1.64,1.0,1.64,1.0,0.0,0.0,0.0,0.0
2022-09-30,2.68,4.0,2.68,4.0,7.1,6.0,0.72,1.23,2.52,2.2
2022-10-01,2.19,2.0,2.91,3.0,14.54,8.0,2.29,2.55,6.58,3.28
2022-10-02,2.53,2.0,17.89,7.0,63.0,21.0,6.09,2.41,34.07,11.19
2022-10-03,0.0,0.0,15.93,4.0,52.78,11.0,10.66,2.48,19.66,4.21
2022-10-04,1.33,3.0,1.33,3.0,37.17,16.0,0.01,0.01,15.05,5.38
2022-10-05,0.0,0.0,1.28,1.0,76.41,25.0,0.0,0.0,0.08,0.03
2022-10-06,0.0,0.0,0.0,0.0,120.38,27.0,0.0,0.0,0.0,0.0
2022-10-07,0.0,0.0,0.0,0.0,26.08,9.0,0.0,0.0,0.0,0.0
2022-10-08,0.0,0.0,0.0,0.0,0.0,0.0,0.0,0.0,0.0,0.0
2022-10-09,0.0,0.0,0.0,0.0,0.0,0.0,0.0,0.0,0.0,0.0
2022-10-10,0.0,0.0,0.0,0.0,9.51,2.0,0.0,0.0,0.0,0.0
2022-10-11,0.41,1.0,0.41,1.0,1.93,3.0,0.0,0.0,0.0,0.0
2022-10-12,0.43,1.0,0.43,1.0,8.79,5.0,0.24,0.55,8.06,4.3
2022-10-13,19.32,5.0,23.53,7.0,143.49,33.0,16.25,4.97,123.03,27.95
2022-10-14,0.92,1.0,0.92,1.0,155.65,37.0,0.0,0.0,138.19,31.5
2022-10-15,0.39,1.0,0.39,1.0,155.74,50.0,0.38,0.98,129.86,40.67
2022-10-16,2.06,2.0,6.05,4.0,501.09,99.0,2.8,1.52,376.02,69.48
2022-10-17,2.42,4.0,24.84,10.0,653.16,116.0,6.61,4.7,351.2,61.61
2022-10-18,4.15,3.0,32.57,14.0,833.94,207.0,3.27,1.62,67.22,18.29
2022-10-19,15.12,4.0,26.82,8.0,595.24,135.0,1.91,0.81,17.76,5.38
2022-10-20,0.0,0.0,19.36,6.0,372.22,94.0,2.54,0.49,2.86,0.57
2022-10-21,1.2,2.0,6.11,4.0,502.83,126.0,0.29,0.34,166.38,39.81
2022-10-22,0.0,0.0,32.49,12.0,1109.54,208.0,8.28,4.58,992.49,180.92
2022-10-23,5.14,5.0,131.6,43.0,1685.31,391.0,25.23,9.11,1417.59,309.98
2022-10-24,21.51,7.0,159.63,47.0,2204.25,421.0,43.75,14.19,1775.19,303.31
2022-10-25,5.86,1.0,60.22,14.0,1045.68,158.0,0.0,0.0,641.86,86.58
2022-10-26,0.0,0.0,51.46,10.0,1090.07,202.0,33.61,6.59,981.18,179.55
2022-10-27,0.0,0.0,49.06,10.0,1257.39,213.0,7.6,2.12,708.18,110.85
2022-10-28,2.89,1.0,29.42,10.0,1566.12,285.0,0.92,0.32,930.94,169.33
2022-10-29,13.67,3.0,37.05,12.0,1673.05,316.0,10.48,2.7,1477.18,257.67
2022-10-30,6.2,2.0,27.84,8.0,1435.25,243.0,5.74,1.22,1145.55,181.23
2022-10-31,0.0,0.0,32.92,7.0,924.92,156.0,0.0,0.0,462.2,70.19
2022-11-01,8.48,2.0,38.26,7.0,1623.38,210.0,14.55,2.17,17.85,3.1
2022-11-02,7.41,1.0,32.03,7.0,1908.06,292.0,5.58,2.71,1725.28,253.07
2022-11-03,13.68,5.0,52.14,17.0,1752.44,278.0,18.23,6.77,1562.49,226.69
2022-11-04,3.59,1.0,34.37,7.0,672.47,134.0,1.2,0.18,47.0,15.75
2022-11-05,0.0,0.0,5.78,3.0,1526.29,223.0,2.41,0.67,23.3,6.37
2022-11-06,0.0,0.0,2.49,1.0,290.98,65.0,1.46,0.59,1.46,0.59
2022-11-07,0.63,1.0,46.05,10.0,457.12,71.0,5.17,1.09,131.49,19.77
2022-11-08,0.8,1.0,22.87,8.0,102.1,31.0,0.03,0.01,35.87,8.35
2022-11-09,5.41,2.0,41.78,12.0,407.11,74.0,34.57,8.47,364.21,63.99
2022-11-10,0.0,0.0,11.67,4.0,264.74,48.0,0.2,0.08,209.4,34.77
2022-11-11,1.85,2.0,55.57,13.0,870.65,158.0,15.79,5.01,704.39,120.13
2022-11-12,2.21,3.0,24.05,10.0,722.01,127.0,11.12,2.37,616.06,99.86
2022-11-13,7.79,3.0,82.49,29.0,600.04,159.0,42.56,15.0,243.45,69.82
2022-11-14,2.95,1.0,41.91,15.0,116.15,38.0,10.19,4.21,34.87,12.81
2022-11-15,5.94,3.0,21.98,8.0,122.41,43.0,8.38,2.69,58.4,22.81
2022-11-16,12.09,6.0,37.92,14.0,302.73,60.0,22.96,7.03,252.16,40.81
2022-11-17,2.22,1.0,13.74,5.0,376.3,50.0,4.06,0.93,306.35,33.19
2022-11-18,14.04,7.0,106.9,31.0,469.04,108.0,71.66,19.62,353.94,77.62
2022-11-19,17.25,8.0,95.03,32.0,349.19,99.0,38.68,12.72,220.62,59.49
2022-11-20,8.51,4.0,35.9,13.0,200.22,56.0,15.02,5.05,122.5,31.58
2022-11-21,3.63,1.0,16.91,5.0,77.83,22.0,6.36,2.5,54.32,15.57
2022-11-22,0.69,2.0,32.71,11.0,138.76,43.0,26.98,8.81,93.43,31.4
2022-11-23,23.93,11.0,121.68,26.0,212.28,51.0,56.97,13.51,116.5,27.19
2022-11-24,12.37,8.0,103.65,38.0,278.78,87.0,25.22,10.17,128.72,38.5
2022-11-25,10.02,3.0,76.62,20.0,229.21,65.0,28.94,7.36,101.51,25.08
2022-11-26,5.76,2.0,29.53,8.0,75.92,22.0,10.41,2.58,21.46,6.28
2022-11-27,14.47,4.0,76.99,23.0,149.0,49.0,22.36,9.41,50.59,19.35
2022-11-28,25.52,5.0,70.71,15.0,161.32,38.0,8.32,2.58,57.93,13.69
2022-11-29,36.99,10.0,144.13,39.0,232.81,70.0,29.8,11.29,56.12,20.41
2022-11-30,46.01,15.0,167.67,58.0,338.37,117.0,40.78,15.89,122.81,34.56
2022-12-01,15.36,5.0,79.26,28.0,201.09,59.0,14.46,4.68,38.71,10.57
2022-12-02,11.66,5.0,55.7,12.0,98.87,31.0,42.96,6.47,48.46,8.89
2022-12-03,15.24,6.0,65.88,28.0,137.61,55.0,6.29,2.72,9.63,4.16
2022-12-04,35.18,7.0,130.3,38.0,224.18,69.0,39.73,11.59,61.26,18.31
2022-12-05,34.65,13.0,186.2,68.0,327.73,122.0,51.84,19.0,80.92,26.98
2022-12-06,24.19,6.0,68.24,17.0,218.59,46.0,13.33,3.47,124.17,17.34
2022-12-07,16.21,5.0,56.95,18.0,156.02,45.0,23.2,6.22,53.29,14.99
2022-12-08,15.77,7.0,54.37,23.0,124.4,42.0,13.98,6.74,22.92,10.86
2022-12-09,14.19,9.0,73.05,29.0,140.87,49.0,28.16,13.49,47.74,20.57
2022-12-10,18.28,9.0,197.01,56.0,342.12,108.0,82.47,18.46,134.19,35.59
2022-12-11,53.48,20.0,181.95,61.0,356.36,117.0,47.34,14.34,98.99,28.41
2022-12-12,21.24,2.0,106.77,28.0,284.16,68.0,48.21,13.84,135.31,28.77
2022-12-13,4.72,2.0,30.15,13.0,251.05,56.0,8.15,4.3,112.82,19.95
2022-12-14,8.92,3.0,34.71,11.0,79.46,21.0,8.25,2.8,30.11,6.96
2022-12-15,7.29,10.0,126.98,37.0,283.35,78.0,56.92,15.26,97.76,25.09
2022-12-16,37.67,16.0,141.5,58.0,334.89,114.0,32.79,14.83,66.62,21.98
2022-12-17,18.5,8.0,98.62,36.0,230.98,74.0,13.84,4.63,52.07,14.43
2022-12-18,9.09,5.0,45.36,23.0,149.34,49.0,8.05,4.57,67.58,14.32
2022-12-19,11.42,7.0,55.74,19.0,117.36,46.0,8.76,2.65,26.6,9.36
2022-12-20,70.68,18.0,119.42,31.0,126.86,34.0,29.91,9.65,33.45,11.38
2022-12-21,59.76,20.0,143.4,56.0,238.68,91.0,71.36,29.61,110.77,47.82
2022-12-22,4.11,1.0,48.83,16.0,127.57,42.0,15.55,5.34,40.15,13.77
2022-12-23,14.62,4.0,48.82,16.0,85.1,25.0,33.79,11.97,42.61,14.54
2022-12-24,8.54,3.0,43.61,15.0,89.82,29.0,12.95,4.49,34.12,11.47
2022-12-25,33.5,10.0,53.57,16.0,91.08,24.0,8.26,3.4,13.42,5.13
2022-12-26,8.78,4.0,61.29,24.0,112.58,43.0,14.52,5.68,26.19,10.93
2022-12-27,11.28,3.0,22.65,8.0,58.64,18.0,5.06,1.72,11.6,3.65
2022-12-28,7.02,3.0,18.91,5.0,105.13,16.0,10.68,1.92,63.07,6.7
2022-12-29,3.01,1.0,9.64,4.0,9.64,4.0,1.4,0.53,1.4,0.53
2022-12-30,0.0,0.0,8.76,2.0,37.76,10.0,0.1,0.02,5.45,1.35
2022-12-31,10.08,5.0,47.46,20.0,78.06,30.0,13.84,6.31,21.71,9.75
2023-01-01,15.64,3.0,28.97,6.0,33.81,8.0,16.44,2.64,21.15,4.57
2023-01-02,2.06,1.0,11.36,5.0,20.75,8.0,0.48,0.67,0.48,0.67
2023-01-03,0.0,0.0,0.0,0.0,1.1,1.0,0.0,0.0,0.0,0.0
2023-01-04,2.1,1.0,8.61,6.0,17.27,10.0,2.75,2.09,9.2,5.1
2023-01-05,0.0,0.0,8.66,3.0,10.48,4.0,7.37,2.66,7.37,2.66
2023-01-06,21.62,8.0,33.54,12.0,53.87,18.0,8.08,2.56,11.17,4.36
2023-01-07,10.92,3.0,26.63,7.0,33.52,8.0,12.33,3.03,12.33,3.03
2023-01-08,0.0,0.0,0.0,0.0,0.0,0.0,0.0,0.0,0.0,0.0
2023-01-09,0.0,0.0,0.0,0.0,8.02,2.0,0.0,0.0,0.0,0.0
2023-01-10,0.0,0.0,10.66,4.0,27.26,9.0,10.37,3.89,10.37,3.89
2023-01-11,15.8,3.0,40.15,11.0,47.28,12.0,5.08,1.13,5.08,1.13
2023-01-12,12.71,4.0,33.49,11.0,195.47,48.0,1.46,0.54,29.41,10.3
2023-01-13,0.0,0.0,4.64,1.0,9.77,2.0,0.0,0.0,4.63,0.9
2023-01-14,0.0,0.0,15.44,2.0,18.62,3.0,10.68,1.38,13.18,2.17
2023-01-15,4.95,2.0,133.81,18.0,153.41,23.0,18.19,6.3,21.77,7.09
2023-01-16,25.69,6.0,61.12,22.0,130.53,40.0,16.88,7.88,33.55,14.13
2023-01-17,40.71,8.0,79.01,21.0,156.61,48.0,27.05,6.38,60.57,18.32
2023-01-18,24.89,9.0,79.9,25.0,147.93,40.0,30.11,7.74,47.55,12.28
2023-01-19,31.21,11.0,39.19,15.0,51.3,18.0,23.16,8.11,29.83,9.6
2023-01-20,2.27,3.0,22.16,9.0,47.38,17.0,2.42,0.93,3.94,1.41
2023-01-21,13.04,6.0,63.81,21.0,153.92,47.0,36.79,11.77,70.91,20.71
2023-01-22,36.28,17.0,124.92,49.0,264.78,94.0,77.12,27.7,148.92,48.97
2023-01-23,23.56,7.0,121.12,30.0,213.53,53.0,66.21,19.12,115.26,30.65
2023-01-24,0.0,0.0,8.15,2.0,8.97,3.0,0.0,0.0,0.0,0.0
2023-01-25,0.75,1.0,1.38,2.0,5.48,4.0,1.03,1.53,1.75,1.92
2023-01-26,28.0,4.0,28.0,4.0,34.46,7.0,0.0,0.0,0.55,0.87
2023-01-27,18.09,10.0,76.49,26.0,137.56,45.0,19.77,8.59,33.73,13.25
2023-01-28,13.27,5.0,39.38,15.0,126.87,45.0,5.02,2.59,24.97,8.07
2023-01-29,0.0,0.0,0.0,0.0,0.0,0.0,0.0,0.0,0.0,0.0
2023-01-30,0.0,0.0,0.0,0.0,0.0,0.0,0.0,0.0,0.0,0.0
2023-01-31,0.0,0.0,9.08,2.0,25.81,6.0,1.33,0.37,2.84,0.73
2023-02-01,1.04,2.0,29.44,10.0,77.95,22.0,10.61,4.15,16.17,5.01
2023-02-02,5.27,5.0,54.47,20.0,133.04,48.0,6.03,2.98,15.87,7.43
2023-02-03,11.89,6.0,81.92,19.0,119.17,34.0,11.79,3.78,23.63,7.14
2023-02-04,13.4,6.0,78.28,21.0,214.52,41.0,32.71,6.85,41.33,9.49
2023-02-05,6.29,4.0,97.94,30.0,192.11,55.0,29.87,6.79,30.75,7.43
2023-02-06,32.01,9.0,76.35,24.0,193.49,56.0,13.81,4.15,41.69,12.67
2023-02-07,23.11,12.0,81.52,34.0,209.58,69.0,29.11,8.57,63.41,16.94
2023-02-08,16.53,4.0,40.82,10.0,189.39,32.0,18.17,5.02,48.29,9.32
2023-02-09,11.39,5.0,48.56,17.0,153.2,33.0,0.0,0.0,1.03,0.35
2023-02-10,2.64,1.0,36.84,11.0,68.16,22.0,0.77,0.31,1.61,0.75
2023-02-11,26.11,8.0,64.99,20.0,225.03,42.0,21.94,7.06,53.84,16.24
2023-02-12,21.41,9.0,85.73,32.0,304.31,95.0,17.24,8.41,59.0,19.58
2023-02-13,6.04,4.0,240.7,44.0,624.25,107.0,40.83,10.72,110.2,18.15
2023-02-14,19.24,5.0,30.76,8.0,195.26,33.0,6.46,1.47,29.13,7.01
2023-02-15,6.13,3.0,12.77,5.0,63.64,19.0,2.85,0.87,12.33,4.15
2023-02-16,8.35,2.0,32.56,10.0,105.52,25.0,23.18,7.04,53.95,12.52
2023-02-17,4.02,3.0,13.31,6.0,44.13,13.0,3.95,1.95,19.16,6.07
2023-02-18,45.63,16.0,107.31,34.0,241.24,77.0,29.14,9.62,67.12,19.05
2023-02-19,26.67,9.0,47.9,15.0,107.63,34.0,22.94,7.15,57.39,17.57
2023-02-20,5.99,2.0,12.43,4.0,33.35,10.0,2.53,0.95,5.62,2.43
2023-02-21,4.07,2.0,23.77,8.0,50.63,18.0,12.23,1.97,12.96,2.33
2023-02-22,10.29,7.0,19.92,12.0,107.65,32.0,7.83,3.76,23.85,6.62
2023-02-23,18.31,8.0,72.97,24.0,248.83,73.0,20.33,5.2,113.21,27.35
2023-02-24,31.97,9.0,87.53,19.0,244.9,52.0,6.61,1.96,47.49,8.44
2023-02-25,4.32,3.0,21.33,11.0,95.92,30.0,9.59,5.21,24.88,11.31
2023-02-26,17.84,2.0,20.46,3.0,80.18,21.0,5.14,1.28,31.65,8.21
2023-02-27,1.01,2.0,46.5,13.0,78.67,25.0,15.17,4.23,25.77,8.51
2023-02-28,6.69,2.0,33.34,11.0,170.97,49.0,7.25,2.99,76.15,21.76
2023-03-01,11.79,2.0,59.13,10.0,183.99,41.0,44.61,6.44,89.17,18.77
2023-03-02,5.84,4.0,34.31,11.0,107.26,31.0,9.91,4.92,20.7,7.85
2023-03-03,4.86,2.0,16.49,5.0,160.91,41.0,6.26,1.7,8.45,2.3
2023-03-04,2.46,2.0,2.46,2.0,96.38,25.0,0.0,0.0,3.99,1.4
2023-03-05,2.14,5.0,48.28,13.0,199.12,56.0,4.71,2.35,21.07,7.78
2023-03-06,16.57,6.0,44.85,13.0,269.09,59.0,2.57,0.97,37.76,6.13
2023-03-07,27.97,13.0,46.39,21.0,123.75,47.0,25.96,11.66,33.14,14.76
2023-03-08,4.22,2.0,17.43,5.0,54.63,13.0,2.14,1.42,6.06,2.68
2023-03-09,0.48,1.0,22.67,6.0,49.48,16.0,14.95,2.63,14.95,2.63
2023-03-10,0.3,1.0,26.04,8.0,89.78,27.0,2.34,1.81,19.44,5.36
2023-03-11,3.63,4.0,51.83,18.0,212.85,65.0,24.22,7.33,58.47,16.36
2023-03-12,0.0,0.0,21.46,4.0,100.71,23.0,1.27,0.51,8.56,2.07
2023-03-13,0.0,0.0,0.36,1.0,56.21,11.0,0.07,0.2,36.71,3.51
2023-03-14,0.48,1.0,21.78,5.0,54.92,16.0,0.39,0.82,6.83,2.57
2023-03-15,4.48,1.0,32.44,5.0,114.82,21.0,15.76,2.67,47.58,9.58
2023-03-16,6.85,4.0,11.14,6.0,53.65,33.0,9.06,4.66,18.9,12.83
2023-03-17,0.0,0.0,55.49,3.0,181.4,34.0,25.71,1.33,75.25,13.4
2023-03-18,0.0,0.0,2.89,1.0,2.89,1.0,2.74,0.95,2.74,0.95
2023-03-19,0.0,0.0,0.0,0.0,11.82,2.0,0.0,0.0,0.48,0.08
2023-03-20,0.0,0.0,0.0,0.0,3.32,1.0,0.0,0.0,0.0,0.0
2023-03-21,1.62,5.0,2.98,7.0,2.98,7.0,0.02,0.05,0.02,0.05
2023-03-22,0.56,1.0,19.73,5.0,47.8,12.0,4.04,0.94,15.29,3.61
2023-03-23,23.28,4.0,23.83,5.0,48.32,13.0,0.01,0.02,10.28,3.86
2023-03-24,0.0,0.0,17.32,3.0,17.91,4.0,0.0,0.0,0.0,0.0
2023-03-25,1.27,2.0,5.01,3.0,9.04,5.0,0.05,0.05,1.19,0.44
2023-03-26,3.26,7.0,6.27,8.0,40.34,16.0,3.86,3.34,25.37,8.14
2023-03-27,3.58,1.0,39.17,14.0,108.62,32.0,8.06,3.08,35.97,9.1
2023-03-28,6.26,3.0,14.48,6.0,54.01,15.0,4.46,1.32,10.17,3.88
2023-03-29,1.53,1.0,8.37,3.0,22.19,8.0,1.7,1.02,7.11,3.17
2023-03-30,0.0,0.0,9.32,3.0,22.4,6.0,3.35,1.57,9.51,3.05
2023-03-31,4.01,6.0,4.01,6.0,4.65,7.0,0.12,0.33,0.12,0.33
2023-04-01,0.0,0.0,0.62,1.0,11.86,6.0,0.0,0.0,0.05,0.02
2023-04-02,1.11,2.0,1.11,2.0,25.17,9.0,0.32,0.71,13.38,4.54
2023-04-03,1.86,3.0,8.12,4.0,21.92,9.0,4.9,0.78,14.95,4.02
2023-04-04,0.39,1.0,6.47,3.0,29.78,6.0,1.81,1.05,2.57,1.22
2023-04-05,0.0,0.0,9.85,2.0,41.95,11.0,7.83,1.59,10.85,2.48
2023-04-06,0.41,1.0,12.5,4.0,68.75,17.0,8.08,2.04,29.46,6.46
2023-04-07,18.09,4.0,21.93,6.0,63.16,20.0,11.12,2.56,13.29,3.95
2023-04-08,4.7,3.0,21.71,7.0,88.75,23.0,6.87,3.52,18.43,6.09
2023-04-09,1.13,2.0,31.56,11.0,97.66,25.0,3.97,1.61,4.79,1.84
2023-04-10,0.0,0.0,4.66,1.0,132.13,16.0,0.0,0.0,8.97,2.26
2023-04-11,3.06,1.0,15.02,5.0,28.2,14.0,0.52,1.02,0.62,1.16
2023-04-12,3.28,1.0,49.77,2.0,96.62,18.0,0.0,0.0,0.39,0.63
2023-04-13,4.39,1.0,4.39,1.0,136.4,18.0,0.0,0.0,24.16,1.88
2023-04-14,0.0,0.0,17.44,8.0,157.92,30.0,0.57,1.08,56.58,6.17
2023-04-15,10.93,3.0,65.49,18.0,193.9,50.0,12.36,3.19,23.9,5.37
2023-04-16,4.47,1.0,57.61,13.0,146.41,27.0,9.08,1.75,11.64,2.48
2023-04-17,12.73,3.0,65.09,12.0,304.67,91.0,10.54,1.59,18.25,3.06
2023-04-18,7.41,2.0,28.43,8.0,254.25,67.0,1.81,0.47,5.17,2.36
2023-04-19,16.34,4.0,113.36,20.0,136.19,26.0,1.01,0.56,1.47,0.64
2023-04-20,0.0,0.0,67.59,15.0,79.28,18.0,26.72,5.97,29.43,6.54
2023-04-21,0.0,0.0,103.32,21.0,175.56,39.0,5.02,0.94,48.54,13.13
2023-04-22,13.82,5.0,117.26,27.0,410.49,86.0,20.28,7.22,68.21,24.31
2023-04-23,3.98,2.0,13.38,7.0,46.22,23.0,1.2,0.76,6.29,3.95
2023-04-24,25.33,7.0,180.13,48.0,345.71,86.0,10.72,3.39,36.64,8.95
2023-04-25,29.03,13.0,129.12,41.0,326.9,107.0,15.85,7.28,92.37,31.52
2023-04-26,0.0,0.0,60.79,14.0,102.88,31.0,28.46,5.85,28.46,5.85
2023-04-27,65.59,13.0,420.0,86.0,960.97,198.0,11.4,2.16,96.84,38.44
2023-04-28,2.02,2.0,9.52,7.0,77.45,31.0,3.36,2.29,58.57,21.16
2023-04-29,0.0,0.0,2.95,1.0,2.95,1.0,0.0,0.0,0.0,0.0
2023-04-30,1.56,1.0,10.65,4.0,41.57,9.0,0.0,0.0,6.98,0.9
2023-05-01,0.0,0.0,0.0,0.0,0.0,0.0,0.0,0.0,0.0,0.0
2023-05-02,0.0,0.0,0.71,1.0,23.86,6.0,0.0,0.0,0.0,0.0
2023-05-03,1.12,2.0,69.35,18.0,95.42,27.0,2.77,1.22,2.84,1.24
2023-05-04,5.12,3.0,57.13,16.0,777.37,179.0,7.54,3.03,9.65,3.55
2023-05-05,1.13,2.0,161.41,27.0,2346.73,362.0,144.4,21.75,2231.78,339.72
2023-05-06,17.63,5.0,210.43,45.0,1218.6,250.0,115.47,24.28,775.47,160.4
2023-05-07,17.89,6.0,490.8,104.0,2520.53,435.0,17.99,6.23,35.69,10.22
2023-05-08,3.16,2.0,516.92,98.0,2490.96,398.0,13.02,2.79,23.13,6.67
2023-05-09,0.0,0.0,353.64,42.0,961.55,134.0,249.02,28.98,750.77,100.46
2023-05-10,41.18,10.0,499.01,77.0,1940.02,297.0,385.02,55.99,1564.3,224.75
2023-05-11,31.52,10.0,451.24,93.0,1791.37,368.0,178.39,35.96,577.3,105.74
2023-05-12,5.41,3.0,481.86,63.0,1526.98,220.0,21.05,3.02,23.79,4.06
2023-05-13,8.83,5.0,298.86,44.0,1445.41,266.0,13.5,3.11,90.0,17.57
2023-05-14,23.41,7.0,113.25,25.0,674.2,162.0,67.01,16.13,405.55,82.05
2023-05-15,13.23,3.0,132.68,18.0,701.95,139.0,80.97,12.44,359.53,59.5
2023-05-16,1.85,1.0,17.87,6.0,258.43,84.0,11.89,3.46,40.33,15.76
2023-05-17,8.14,2.0,35.07,10.0,152.1,36.0,19.3,5.54,35.48,9.24
2023-05-18,17.59,4.0,20.83,5.0,56.34,16.0,2.8,0.87,16.78,6.1
2023-05-19,16.73,5.0,42.56,14.0,213.5,60.0,12.96,5.12,77.99,23.59
2023-05-20,0.0,0.0,0.0,0.0,156.31,30.0,0.0,0.0,43.23,7.95
2023-05-21,0.0,0.0,27.22,4.0,201.87,43.0,8.67,1.05,31.33,4.41
2023-05-22,0.0,0.0,24.07,4.0,112.91,30.0,0.0,0.0,17.85,4.79
2023-05-23,11.53,2.0,25.96,5.0,95.48,18.0,14.98,2.37,42.75,5.15
2023-05-24,0.0,0.0,0.0,0.0,13.05,2.0,0.0,0.0,0.0,0.0
2023-05-25,0.0,0.0,3.55,1.0,3.55,1.0,0.0,0.0,0.0,0.0
2023-05-26,1.85,3.0,3.46,4.0,17.1,8.0,1.94,2.05,5.16,2.97
2023-05-27,0.0,0.0,0.0,0.0,0.0,0.0,0.0,0.0,0.0,0.0
2023-05-28,0.0,0.0,11.79,2.0,43.21,7.0,0.0,0.0,0.05,0.02
2023-05-29,1.41,3.0,16.23,6.0,25.62,8.0,10.12,1.59,16.02,2.84
2023-05-30,0.0,0.0,0.41,1.0,59.27,8.0,0.03,0.08,0.03,0.08
2023-05-31,0.0,0.0,5.08,1.0,8.63,2.0,2.1,0.41,2.1,0.41
2023-06-01,2.01,1.0,2.01,1.0,10.44,2.0,1.01,0.5,1.01,0.5
2023-06-02,0.0,0.0,11.84,2.0,55.16,5.0,0.23,0.04,42.85,2.99
2023-06-03,0.0,0.0,1.43,1.0,65.01,16.0,0.62,0.43,24.42,7.28
2023-06-04,0.89,2.0,1.39,3.0,16.18,9.0,0.39,1.08,3.06,3.06
2023-06-05,0.0,0.0,0.0,0.0,89.64,21.0,0.0,0.0,5.8,1.03
2023-06-06,1.95,1.0,19.77,4.0,109.03,42.0,2.91,1.2,15.8,4.74
2023-06-07,0.0,0.0,2.96,2.0,58.2,22.0,0.0,0.0,8.28,2.83
2023-06-08,11.52,4.0,29.28,8.0,166.07,58.0,5.73,2.38,15.78,5.63
2023-06-09,0.0,0.0,18.73,3.0,251.08,78.0,0.0,0.0,12.55,4.04
2023-06-10,0.0,0.0,10.42,1.0,231.55,64.0,10.36,0.99,14.28,1.51
2023-06-11,2.04,1.0,12.6,4.0,129.06,33.0,0.81,0.4,21.88,5.75
2023-06-12,3.61,1.0,29.69,6.0,67.07,21.0,3.77,1.36,10.63,3.86
2023-06-13,38.62,2.0,42.26,4.0,247.22,55.0,35.51,1.84,51.17,4.8
2023-06-14,3.78,3.0,18.35,9.0,318.8,109.0,4.19,4.43,15.27,7.16
2023-06-15,0.95,1.0,0.95,1.0,288.2,84.0,0.95,1.0,10.75,3.01
2023-06-16,0.0,0.0,4.97,1.0,188.13,37.0,0.0,0.0,1.78,0.53
2023-06-17,0.0,0.0,0.0,0.0,33.23,7.0,0.0,0.0,0.0,0.0
2023-06-18,0.0,0.0,0.0,0.0,13.61,4.0,0.0,0.0,5.39,1.61
2023-06-19,0.0,0.0,0.0,0.0,26.03,7.0,0.0,0.0,11.89,3.21
2023-06-20,2.96,1.0,2.96,1.0,39.92,14.0,1.94,0.66,1.98,0.67
2023-06-21,0.0,0.0,0.0,0.0,6.3,2.0,0.0,0.0,4.35,1.38
2023-06-22,0.0,0.0,0.0,0.0,28.01,6.0,0.0,0.0,3.34,1.13
2023-06-23,0.0,0.0,0.0,0.0,0.0,0.0,0.0,0.0,0.0,0.0
2023-06-24,0.0,0.0,0.0,0.0,0.0,0.0,0.0,0.0,0.0,0.0
2023-06-25,0.0,0.0,0.0,0.0,0.0,0.0,0.0,0.0,0.0,0.0
2023-06-26,0.0,0.0,0.0,0.0,1.17,1.0,0.0,0.0,0.0,0.0
2023-06-27,0.0,0.0,4.06,1.0,4.06,1.0,0.0,0.0,0.0,0.0
2023-06-28,0.0,0.0,0.0,0.0,5.06,1.0,0.0,0.0,2.78,0.55
2023-06-29,0.0,0.0,0.0,0.0,1.76,1.0,0.0,0.0,0.0,0.0
2023-06-30,0.0,0.0,0.0,0.0,0.0,0.0,0.0,0.0,0.0,0.0
2023-07-01,0.0,0.0,0.0,0.0,0.0,0.0,0.0,0.0,0.0,0.0
2023-07-02,0.0,0.0,0.0,0.0,13.79,3.0,0.0,0.0,3.17,0.76
2023-07-03,0.0,0.0,0.0,0.0,0.0,0.0,0.0,0.0,0.0,0.0
2023-07-04,0.0,0.0,0.0,0.0,10.43,1.0,0.0,0.0,0.0,0.0
2023-07-05,0.0,0.0,1.4,1.0,1.4,1.0,0.0,0.0,0.0,0.0
2023-07-06,0.0,0.0,0.0,0.0,7.06,2.0,0.0,0.0,0.0,0.0
2023-07-07,0.0,0.0,0.0,0.0,0.0,0.0,0.0,0.0,0.0,0.0
2023-07-08,0.0,0.0,0.0,0.0,0.0,0.0,0.0,0.0,0.0,0.0
2023-07-09,0.0,0.0,0.0,0.0,0.0,0.0,0.0,0.0,0.0,0.0
2023-07-10,0.0,0.0,0.0,0.0,0.0,0.0,0.0,0.0,0.0,0.0
2023-07-11,0.0,0.0,0.0,0.0,0.0,0.0,0.0,0.0,0.0,0.0
2023-07-12,0.0,0.0,0.0,0.0,0.0,0.0,0.0,0.0,0.0,0.0
2023-07-13,0.84,1.0,0.84,1.0,4.77,2.0,0.0,0.0,0.0,0.0
2023-07-14,0.0,0.0,0.0,0.0,0.0,0.0,0.0,0.0,0.0,0.0
2023-07-15,0.0,0.0,0.0,0.0,0.0,0.0,0.0,0.0,0.0,0.0
2023-07-16,0.0,0.0,0.0,0.0,0.0,0.0,0.0,0.0,0.0,0.0
2023-07-17,4.68,2.0,6.55,3.0,6.55,3.0,0.0,0.0,0.0,0.0
2023-07-18,0.0,0.0,0.0,0.0,0.0,0.0,0.0,0.0,0.0,0.0
2023-07-19,0.0,0.0,0.0,0.0,0.0,0.0,0.0,0.0,0.0,0.0
2023-07-20,0.0,0.0,1.07,1.0,1.07,1.0,0.0,0.0,0.0,0.0
2023-07-21,5.46,2.0,5.46,2.0,5.46,2.0,2.55,1.0,2.55,1.0
2023-07-22,2.08,1.0,3.64,2.0,3.64,2.0,0.0,0.0,0.0,0.0
2023-07-23,3.45,1.0,3.45,1.0,3.45,1.0,0.0,0.0,0.0,0.0
2023-07-24,0.0,0.0,0.0,0.0,3.57,1.0,0.0,0.0,3.52,0.99
2023-07-25,0.0,0.0,0.0,0.0,0.0,0.0,0.0,0.0,0.0,0.0
2023-07-26,0.0,0.0,0.0,0.0,0.0,0.0,0.0,0.0,0.0,0.0
2023-07-27,0.0,0.0,0.0,0.0,0.0,0.0,0.0,0.0,0.0,0.0
2023-07-28,0.0,0.0,0.0,0.0,0.0,0.0,0.0,0.0,0.0,0.0
2023-07-29,0.49,1.0,0.49,1.0,1.43,3.0,0.1,0.21,0.1,0.21
2023-07-30,0.0,0.0,0.0,0.0,0.0,0.0,0.0,0.0,0.0,0.0
2023-07-31,0.0,0.0,0.0,0.0,0.0,0.0,0.0,0.0,0.0,0.0
2023-08-01,0.0,0.0,0.79,1.0,7.87,4.0,0.79,1.0,2.35,1.78
2023-08-02,0.0,0.0,0.0,0.0,0.0,0.0,0.0,0.0,0.0,0.0
2023-08-03,0.0,0.0,0.0,0.0,0.0,0.0,0.0,0.0,0.0,0.0
2023-08-04,0.0,0.0,0.0,0.0,0.59,1.0,0.0,0.0,0.1,0.18
2023-08-05,0.0,0.0,0.0,0.0,0.0,0.0,0.0,0.0,0.0,0.0
2023-08-06,0.0,0.0,0.0,0.0,0.0,0.0,0.0,0.0,0.0,0.0
2023-08-07,0.0,0.0,0.0,0.0,0.0,0.0,0.0,0.0,0.0,0.0
2023-08-08,0.0,0.0,0.0,0.0,0.0,0.0,0.0,0.0,0.0,0.0
2023-08-09,0.0,0.0,0.0,0.0,11.92,3.0,0.0,0.0,2.79,0.51
2023-08-10,0.0,0.0,0.0,0.0,5.62,1.0,0.0,0.0,2.92,0.52
2023-08-11,0.0,0.0,1.95,1.0,1.95,1.0,1.95,1.0,1.95,1.0
2023-08-12,2.64,2.0,6.13,4.0,6.13,4.0,3.46,2.48,3.46,2.48
2023-08-13,0.0,0.0,0.0,0.0,0.0,0.0,0.0,0.0,0.0,0.0
2023-08-14,0.0,0.0,0.0,0.0,0.0,0.0,0.0,0.0,0.0,0.0
2023-08-15,0.0,0.0,0.0,0.0,0.0,0.0,0.0,0.0,0.0,0.0
2023-08-16,5.34,2.0,5.34,2.0,9.68,3.0,0.0,0.0,2.56,0.59
2023-08-17,3.8,1.0,3.8,1.0,3.8,1.0,2.99,0.79,2.99,0.79
2023-08-18,0.65,1.0,15.63,6.0,15.63,6.0,0.51,0.79,0.51,0.79
2023-08-19,0.0,0.0,0.0,0.0,0.0,0.0,0.0,0.0,0.0,0.0
2023-08-20,10.87,3.0,10.87,3.0,10.87,3.0,0.0,0.0,0.0,0.0
2023-08-21,0.0,0.0,0.0,0.0,0.0,0.0,0.0,0.0,0.0,0.0
2023-08-22,0.0,0.0,0.0,0.0,0.0,0.0,0.0,0.0,0.0,0.0
2023-08-23,0.0,0.0,0.0,0.0,0.0,0.0,0.0,0.0,0.0,0.0
2023-08-24,0.0,0.0,0.0,0.0,0.0,0.0,0.0,0.0,0.0,0.0
2023-08-25,0.0,0.0,0.0,0.0,0.0,0.0,0.0,0.0,0.0,0.0
2023-08-26,0.0,0.0,0.0,0.0,0.0,0.0,0.0,0.0,0.0,0.0
2023-08-27,0.0,0.0,0.0,0.0,0.0,0.0,0.0,0.0,0.0,0.0
2023-08-28,0.0,0.0,0.0,0.0,0.0,0.0,0.0,0.0,0.0,0.0
2023-08-29,1.82,1.0,3.95,2.0,7.14,5.0,3.6,1.81,3.6,1.81
2023-08-30,6.92,2.0,13.65,4.0,28.92,6.0,11.69,3.46,15.23,4.18
2023-08-31,0.0,0.0,0.0,0.0,0.0,0.0,0.0,0.0,0.0,0.0
2023-09-01,1.19,1.0,1.19,1.0,1.19,1.0,1.18,0.99,1.18,0.99
2023-09-02,1.9,2.0,3.63,4.0,10.27,7.0,3.15,2.85,8.27,4.55
2023-09-03,4.02,2.0,4.02,2.0,12.22,5.0,0.76,0.99,4.67,2.43
2023-09-04,0.0,0.0,0.0,0.0,0.0,0.0,0.0,0.0,0.0,0.0
2023-09-05,0.0,0.0,0.0,0.0,14.8,4.0,0.0,0.0,0.12,0.03
2023-09-06,0.0,0.0,0.0,0.0,2.51,1.0,0.0,0.0,0.0,0.0
2023-09-07,0.0,0.0,0.0,0.0,17.67,4.0,0.0,0.0,0.0,0.0
2023-09-08,0.0,0.0,22.38,7.0,70.22,19.0,0.0,0.0,0.0,0.0
2023-09-09,0.0,0.0,0.0,0.0,12.78,2.0,0.0,0.0,0.0,0.0
2023-09-10,0.0,0.0,0.0,0.0,2.54,1.0,0.0,0.0,0.02,0.01
2023-09-11,0.0,0.0,0.0,0.0,0.95,1.0,0.0,0.0,0.91,0.96
2023-09-12,0.0,0.0,0.0,0.0,4.23,1.0,0.0,0.0,0.0,0.0
2023-09-13,0.0,0.0,2.87,1.0,17.31,5.0,0.0,0.0,0.0,0.0
2023-09-14,0.0,0.0,0.61,1.0,0.61,1.0,0.0,0.0,0.0,0.0
2023-09-15,0.55,1.0,0.55,1.0,12.17,3.0,0.0,0.0,0.0,0.0
2023-09-16,0.0,0.0,0.0,0.0,0.0,0.0,0.0,0.0,0.0,0.0
2023-09-17,0.0,0.0,0.0,0.0,4.01,1.0,0.0,0.0,0.0,0.0
2023-09-18,0.0,0.0,0.0,0.0,0.0,0.0,0.0,0.0,0.0,0.0
2023-09-19,2.14,1.0,9.49,3.0,16.28,5.0,0.89,0.41,1.24,0.56
2023-09-20,0.0,0.0,3.96,1.0,9.29,2.0,3.43,0.87,7.89,1.7
2023-09-21,0.0,0.0,2.18,1.0,4.74,2.0,0.0,0.0,0.0,0.0
2023-09-22,0.0,0.0,0.0,0.0,9.89,3.0,0.0,0.0,0.0,0.0
2023-09-23,0.0,0.0,0.0,0.0,19.15,4.0,0.0,0.0,0.0,0.0
2023-09-24,0.65,1.0,1.01,2.0,1.01,2.0,0.0,0.0,0.0,0.0
2023-09-25,0.95,1.0,2.94,3.0,5.56,4.0,0.0,0.0,1.49,0.57
2023-09-26,0.0,0.0,0.0,0.0,7.69,3.0,0.0,0.0,1.32,0.33
2023-09-27,0.0,0.0,6.82,5.0,40.4,15.0,3.98,2.64,27.86,9.61
2023-09-28,0.7,1.0,9.22,4.0,61.81,15.0,1.02,1.13,45.18,10.2
2023-09-29,11.39,6.0,48.89,18.0,102.61,36.0,26.38,10.05,62.56,22.08
2023-09-30,9.04,4.0,93.6,30.0,209.58,63.0,23.14,7.98,94.34,29.36
2023-10-01,24.65,4.0,63.87,13.0,138.6,29.0,21.21,4.12,89.38,18.85
2023-10-02,0.0,0.0,42.57,8.0,141.89,37.0,7.23,1.99,90.79,25.15
2023-10-03,0.0,0.0,55.21,11.0,166.18,29.0,1.54,0.73,75.3,11.4
2023-10-04,25.25,3.0,103.42,17.0,279.93,61.0,21.74,5.85,134.57,35.31
2023-10-05,6.59,2.0,39.98,17.0,178.3,63.0,19.62,9.68,120.65,40.63
2023-10-06,5.67,1.0,53.44,11.0,144.89,36.0,4.63,1.4,74.1,20.06
2023-10-07,3.09,2.0,20.84,11.0,70.97,27.0,6.18,3.12,48.02,15.71
2023-10-08,5.33,3.0,30.08,11.0,173.84,57.0,10.21,4.7,121.3,38.6
2023-10-09,1.79,1.0,39.64,16.0,199.73,49.0,11.3,5.02,94.33,22.94
2023-10-10,5.35,3.0,50.82,18.0,290.57,79.0,8.32,5.32,165.77,46.62
2023-10-11,14.75,5.0,108.69,32.0,397.12,100.0,30.7,10.96,197.82,45.49
2023-10-12,7.14,2.0,27.89,8.0,245.41,57.0,15.26,3.0,132.95,29.17
2023-10-13,0.0,0.0,33.64,9.0,155.47,37.0,2.31,0.51,66.7,17.15
2023-10-14,3.76,3.0,101.64,20.0,408.94,89.0,7.68,3.0,261.51,59.63
2023-10-15,7.04,3.0,144.17,33.0,722.83,177.0,25.5,5.85,295.12,71.55
2023-10-16,0.86,1.0,33.69,10.0,66.39,21.0,0.19,0.04,0.61,0.2
2023-10-17,0.0,0.0,1.17,2.0,1.17,2.0,0.28,0.69,0.28,0.69
2023-10-18,2.7,2.0,5.08,3.0,25.58,13.0,0.0,0.0,18.94,7.72
2023-10-19,0.0,0.0,3.29,1.0,140.17,31.0,0.0,0.0,109.42,22.21
2023-10-20,3.35,3.0,49.23,16.0,495.02,107.0,13.85,6.87,350.29,70.69
2023-10-21,9.77,4.0,41.84,17.0,542.0,154.0,10.23,3.09,306.81,85.16
2023-10-22,4.21,1.0,33.38,5.0,252.62,54.0,1.23,0.29,75.98,17.12
2023-10-23,0.0,0.0,7.22,3.0,168.56,47.0,6.24,2.51,115.76,35.07
2023-10-24,4.09,3.0,67.38,15.0,595.13,143.0,23.15,4.83,383.12,95.78
2023-10-25,24.46,6.0,67.7,19.0,537.0,119.0,28.41,6.13,403.88,85.94
2023-10-26,1.49,2.0,152.67,24.0,973.17,212.0,48.28,11.18,600.73,126.24
2023-10-27,15.09,6.0,46.8,14.0,692.25,141.0,10.59,2.68,487.51,91.94
2023-10-28,0.0,0.0,0.44,1.0,128.88,30.0,0.37,0.85,76.82,13.5
2023-10-29,9.3,3.0,9.3,3.0,574.68,103.0,0.0,0.0,55.6,12.98
2023-10-30,0.48,1.0,2.89,2.0,403.37,89.0,0.0,0.0,20.18,8.28
2023-10-31,8.34,3.0,52.79,12.0,784.33,146.0,0.74,0.65,20.37,8.53
2023-11-01,1.78,1.0,26.12,10.0,885.82,175.0,4.04,1.19,346.65,72.73
2023-11-02,0.0,0.0,1.18,2.0,2.93,4.0,0.37,0.52,2.05,2.42
2023-11-03,0.0,0.0,0.0,0.0,167.64,32.0,0.0,0.0,137.24,24.22
2023-11-04,0.0,0.0,3.93,3.0,491.22,75.0,2.23,1.7,432.47,62.34
2023-11-05,2.52,2.0,24.87,10.0,1557.05,255.0,11.36,5.3,1434.2,226.44
2023-11-06,15.76,9.0,26.98,13.0,571.06,147.0,9.1,3.87,125.78,32.31
2023-11-07,5.03,4.0,24.8,10.0,578.9,101.0,2.1,1.61,509.55,76.0
2023-11-08,13.15,6.0,23.82,9.0,487.04,77.0,13.37,3.95,460.42,67.7
2023-11-09,0.0,0.0,4.04,1.0,275.41,57.0,0.0,0.0,235.11,48.14
2023-11-10,0.0,0.0,3.57,2.0,4.96,3.0,0.0,0.0,0.14,0.1
2023-11-11,0.0,0.0,13.79,6.0,85.42,31.0,1.13,0.82,44.57,14.54
2023-11-12,10.43,3.0,57.23,16.0,917.25,151.0,22.87,6.39,769.4,112.58
2023-11-13,6.8,1.0,34.6,4.0,294.88,47.0,4.55,0.97,202.74,30.84
2023-11-14,1.44,2.0,7.03,5.0,216.76,36.0,0.84,0.7,206.78,30.94
2023-11-15,17.98,3.0,27.99,7.0,415.76,81.0,7.59,3.19,374.85,72.04
2023-11-16,23.37,6.0,49.62,14.0,444.87,86.0,17.32,3.57,52.59,10.51
2023-11-17,11.96,6.0,37.05,12.0,253.85,73.0,22.13,6.82,83.99,25.31
2023-11-18,3.87,2.0,44.78,17.0,134.45,45.0,0.32,0.19,0.32,0.19
2023-11-19,5.58,2.0,27.17,10.0,195.85,51.0,15.54,5.64,51.65,15.89
2023-11-20,33.6,12.0,60.6,23.0,165.91,48.0,23.38,9.25,107.96,28.58
2023-11-21,5.64,5.0,29.71,14.0,311.7,73.0,17.13,8.6,247.31,53.86
2023-11-22,14.23,7.0,67.13,26.0,266.07,91.0,18.64,5.88,164.63,48.39
2023-11-23,2.34,1.0,69.82,19.0,272.56,69.0,19.71,5.74,64.19,20.61
2023-11-24,14.63,5.0,49.69,21.0,126.58,46.0,32.8,13.55,84.19,27.62
2023-11-25,0.0,0.0,16.56,6.0,35.92,12.0,2.69,0.95,17.84,5.27
2023-11-26,0.0,0.0,4.93,1.0,27.84,8.0,0.0,0.0,1.18,0.35
2023-11-27,32.37,8.0,37.99,11.0,40.22,12.0,18.19,3.29,19.87,4.04
2023-11-28,0.52,1.0,1.06,2.0,9.38,6.0,0.51,0.98,2.31,1.85
2023-11-29,12.43,4.0,15.0,5.0,91.28,25.0,2.53,0.75,35.9,8.59
2023-11-30,3.47,1.0,5.57,2.0,8.98,3.0,4.2,1.6,7.59,2.59
2023-12-01,2.98,2.0,10.89,3.0,81.14,19.0,5.01,1.27,40.66,9.04
2023-12-02,53.25,17.0,152.37,46.0,250.88,73.0,115.86,31.91,174.26,45.78
2023-12-03,25.91,8.0,103.76,36.0,222.54,84.0,47.17,15.55,96.98,40.03
2023-12-04,27.11,12.0,56.62,21.0,83.15,28.0,33.88,10.23,54.36,14.99
2023-12-05,10.17,3.0,53.39,19.0,101.97,35.0,21.12,6.4,44.81,11.74
2023-12-06,20.76,9.0,98.9,34.0,227.38,71.0,46.19,14.25,82.42,23.44
2023-12-07,43.73,14.0,117.06,34.0,202.88,60.0,36.53,11.05,60.42,16.76
2023-12-08,29.91,9.0,128.6,45.0,240.17,85.0,49.34,16.74,80.88,28.33
2023-12-09,18.15,6.0,74.02,23.0,173.63,51.0,19.58,6.82,40.6,12.65
2023-12-10,23.59,12.0,56.53,23.0,90.09,37.0,18.05,7.37,28.27,11.96
2023-12-11,6.44,3.0,47.81,18.0,115.23,33.0,13.88,7.06,56.86,16.22
2023-12-12,57.38,18.0,140.41,45.0,198.6,64.0,41.04,12.57,56.88,19.27
2023-12-13,59.68,22.0,207.08,71.0,343.24,116.0,116.12,34.12,165.98,51.29
2023-12-14,1.56,3.0,46.46,19.0,97.28,35.0,16.65,4.35,23.44,5.97
2023-12-15,15.71,5.0,50.01,14.0,141.86,34.0,23.63,5.82,42.23,10.35
2023-12-16,66.37,20.0,115.29,35.0,137.56,45.0,35.52,10.6,39.05,12.58
2023-12-17,13.2,6.0,53.77,17.0,84.87,27.0,9.72,4.24,21.18,7.87
2023-12-18,30.08,13.0,111.22,39.0,268.06,67.0,61.82,15.62,88.04,21.96
2023-12-19,37.28,13.0,152.27,43.0,294.67,92.0,39.42,12.18,75.02,23.38
2023-12-20,17.52,7.0,66.29,20.0,139.71,43.0,23.79,6.55,65.49,19.8
2023-12-21,18.22,5.0,50.59,18.0,90.2,33.0,22.13,7.09,37.95,13.06
2023-12-22,22.2,10.0,74.0,30.0,98.45,39.0,28.39,13.98,47.01,21.22
2023-12-23,16.02,5.0,121.94,38.0,192.65,59.0,20.51,7.01,39.88,15.34
2023-12-24,37.33,16.0,183.07,68.0,283.02,109.0,62.67,23.57,100.15,38.02
2023-12-25,22.73,10.0,70.96,29.0,91.61,35.0,26.2,9.85,28.55,10.27
2023-12-26,3.69,1.0,3.69,1.0,14.24,4.0,0.24,0.06,2.2,1.06
2023-12-27,3.28,1.0,13.0,6.0,64.84,21.0,4.8,2.38,20.16,6.67
2023-12-28,0.0,0.0,6.9,3.0,16.45,5.0,2.11,0.9,8.29,1.91
2023-12-29,0.0,0.0,0.0,0.0,21.28,8.0,0.0,0.0,9.86,4.23
2023-12-30,0.0,0.0,0.0,0.0,0.0,0.0,0.0,0.0,0.0,0.0
2023-12-31,0.0,0.0,0.0,0.0,0.35,1.0,0.0,0.0,0.28,0.79
2024-01-01,2.74,1.0,7.86,3.0,11.46,4.0,1.54,0.56,1.54,0.56
2024-01-02,9.97,3.0,47.59,11.0,56.0,13.0,30.01,7.55,30.77,7.7
2024-01-03,0.61,1.0,1.54,2.0,14.25,6.0,0.27,0.4,3.72,1.52
2024-01-04,0.0,0.0,0.0,0.0,19.99,7.0,0.0,0.0,0.38,0.15
2024-01-05,0.0,0.0,0.0,0.0,6.13,5.0,0.0,0.0,2.04,0.89
2024-01-06,0.0,0.0,0.0,0.0,2.0,1.0,0.0,0.0,0.0,0.0
2024-01-07,19.37,4.0,19.37,4.0,40.09,9.0,3.41,0.71,4.44,1.07
2024-01-08,9.81,4.0,26.84,7.0,33.58,11.0,26.29,6.82,29.62,8.68
2024-01-09,0.45,1.0,2.41,2.0,48.35,12.0,0.0,0.0,0.11,0.03
2024-01-10,0.0,0.0,3.48,1.0,27.86,12.0,0.0,0.0,0.0,0.0
2024-01-11,0.91,1.0,24.98,9.0,41.88,20.0,9.35,3.4,10.13,4.25
2024-01-12,0.0,0.0,15.34,5.0,42.75,12.0,7.87,2.4,9.47,3.08
2024-01-13,4.54,1.0,7.64,3.0,14.84,10.0,0.89,0.2,1.24,0.58
2024-01-14,1.02,1.0,15.99,9.0,58.91,22.0,10.0,5.35,16.23,7.87
2024-01-15,19.53,7.0,39.73,15.0,66.21,22.0,15.62,6.47,20.55,7.78
2024-01-16,0.0,0.0,0.0,0.0,20.05,5.0,0.0,0.0,9.14,1.67
2024-01-17,0.0,0.0,6.12,2.0,30.95,7.0,1.05,0.35,1.05,0.35
2024-01-18,3.68,1.0,3.68,1.0,3.68,1.0,3.62,0.98,3.62,0.98
2024-01-19,0.0,0.0,0.0,0.0,14.72,2.0,0.0,0.0,0.0,0.0
2024-01-20,36.11,15.0,92.24,32.0,125.66,42.0,26.04,9.8,28.91,10.68
2024-01-21,0.0,0.0,0.0,0.0,9.45,1.0,0.0,0.0,0.0,0.0
2024-01-22,4.56,2.0,15.01,6.0,29.21,11.0,0.0,0.0,0.39,0.08
2024-01-23,0.0,0.0,0.0,0.0,12.65,5.0,0.0,0.0,0.02,0.01
2024-01-24,14.29,3.0,48.27,14.0,99.51,38.0,27.65,8.11,37.05,12.25
2024-01-25,12.57,5.0,49.12,19.0,81.96,33.0,11.24,4.76,19.13,7.18
2024-01-26,5.62,1.0,51.89,14.0,89.24,24.0,36.02,9.6,48.03,12.21
2024-01-27,11.16,4.0,29.28,13.0,76.73,24.0,9.72,4.57,12.22,5.67
2024-01-28,0.0,0.0,0.0,0.0,0.0,0.0,0.0,0.0,0.0,0.0
2024-01-29,3.63,2.0,92.82,24.0,195.45,46.0,11.29,4.27,96.7,20.62
2024-01-30,0.0,0.0,23.5,7.0,107.31,28.0,13.37,4.8,53.08,14.26
2024-01-31,0.0,0.0,0.0,0.0,0.0,0.0,0.0,0.0,0.0,0.0
2024-02-01,1.35,2.0,1.35,2.0,1.35,2.0,0.0,0.0,0.0,0.0
2024-02-02,0.0,0.0,0.0,0.0,10.24,2.0,0.0,0.0,0.0,0.0
2024-02-03,1.95,1.0,1.95,1.0,19.56,4.0,1.95,1.0,10.19,2.52
2024-02-04,0.0,0.0,0.0,0.0,0.0,0.0,0.0,0.0,0.0,0.0
2024-02-05,0.0,0.0,2.84,1.0,5.16,2.0,1.43,0.5,1.43,0.5
2024-02-06,0.0,0.0,25.4,8.0,31.12,11.0,2.6,1.44,6.52,3.27
2024-02-07,19.63,6.0,40.16,17.0,106.2,32.0,4.26,3.19,8.16,5.76
2024-02-08,11.37,4.0,67.32,14.0,122.58,29.0,2.56,1.6,18.32,4.02
2024-02-09,30.8,10.0,90.07,28.0,248.16,71.0,47.29,10.95,99.03,23.85
2024-02-10,43.79,16.0,122.56,42.0,374.56,99.0,51.67,17.98,99.71,34.81
2024-02-11,7.52,4.0,51.93,19.0,367.22,63.0,22.48,7.45,124.08,23.41
2024-02-12,1.71,2.0,2.35,3.0,8.85,5.0,0.0,0.0,0.03,0.01
2024-02-13,0.81,1.0,8.88,3.0,31.62,8.0,6.05,1.72,16.77,4.25
2024-02-14,2.73,4.0,13.46,9.0,163.17,39.0,5.23,3.52,32.51,9.66
2024-02-15,14.67,8.0,101.94,38.0,238.23,76.0,33.0,15.48,59.67,24.19
2024-02-16,3.78,2.0,37.88,17.0,257.08,74.0,16.88,6.83,42.39,16.16
2024-02-17,1.75,2.0,49.0,11.0,136.26,33.0,12.78,3.15,36.51,9.34
2024-02-18,0.0,0.0,0.0,0.0,35.41,10.0,0.0,0.0,2.77,1.03
2024-02-19,0.0,0.0,0.0,0.0,3.5,2.0,0.0,0.0,1.06,0.56
2024-02-20,0.71,2.0,23.57,8.0,55.25,14.0,1.8,0.53,8.9,2.32
2024-02-21,6.42,3.0,43.31,15.0,160.38,46.0,13.07,5.85,47.77,14.51
2024-02-22,1.07,3.0,61.43,22.0,242.32,70.0,34.23,10.69,99.72,29.62
2024-02-23,7.04,3.0,65.17,15.0,132.59,36.0,25.93,6.35,39.88,12.47
2024-02-24,9.22,5.0,48.56,13.0,171.21,47.0,9.69,4.07,60.43,17.44
2024-02-25,0.0,0.0,3.21,1.0,133.28,31.0,0.0,0.0,72.42,17.84
2024-02-26,0.0,0.0,7.66,1.0,19.32,4.0,5.89,0.77,9.47,1.53
2024-02-27,2.77,2.0,15.12,5.0,26.09,8.0,0.05,0.01,6.88,1.35
2024-02-28,0.87,1.0,19.63,7.0,181.67,37.0,6.16,2.16,54.63,12.75
2024-02-29,2.78,1.0,51.61,10.0,130.89,27.0,11.07,2.55,20.02,4.89
2024-03-01,0.0,0.0,0.0,0.0,8.72,3.0,0.0,0.0,6.0,1.89
2024-03-02,0.0,0.0,0.0,0.0,3.47,1.0,0.0,0.0,0.0,0.0
2024-03-03,1.72,1.0,6.56,3.0,28.96,6.0,0.01,0.01,0.01,0.01
2024-03-04,10.5,4.0,44.73,9.0,59.54,13.0,22.94,2.87,25.61,4.09
2024-03-05,6.99,2.0,11.74,5.0,16.53,7.0,1.58,1.64,3.36,2.35
2024-03-06,5.5,3.0,17.12,6.0,47.61,16.0,4.47,1.58,22.86,6.98
2024-03-07,11.05,6.0,29.99,12.0,94.54,34.0,2.9,2.33,25.61,7.19
2024-03-08,1.64,1.0,43.84,12.0,113.65,35.0,4.71,2.27,25.72,11.32
2024-03-09,3.89,5.0,29.33,9.0,71.05,20.0,20.96,4.19,39.97,8.93
2024-03-10,0.0,0.0,2.85,1.0,19.61,5.0,0.0,0.0,0.0,0.0
2024-03-11,1.48,2.0,5.68,4.0,54.79,19.0,3.31,2.12,35.46,12.1
2024-03-12,5.22,4.0,19.28,10.0,60.8,20.0,6.03,2.92,36.74,10.59
2024-03-13,5.27,4.0,19.56,10.0,45.85,23.0,5.23,2.74,10.06,5.48
2024-03-14,0.0,0.0,20.92,8.0,88.09,22.0,7.03,1.96,23.73,6.83
2024-03-15,1.57,2.0,4.32,4.0,21.49,8.0,2.74,2.63,4.62,3.22
2024-03-16,17.96,7.0,23.33,8.0,49.76,13.0,1.86,2.08,19.93,4.52
2024-03-17,5.63,3.0,12.08,6.0,47.57,17.0,4.43,0.99,35.58,9.87
2024-03-18,46.08,10.0,65.78,16.0,129.91,31.0,4.05,2.99,22.81,7.21
2024-03-19,7.82,7.0,23.84,13.0,87.95,33.0,9.05,3.58,37.95,12.05
2024-03-20,1.22,2.0,1.22,2.0,51.87,14.0,0.88,1.46,21.86,6.2
2024-03-21,0.0,0.0,22.36,5.0,60.04,13.0,0.0,0.0,0.93,0.38
2024-03-22,0.0,0.0,12.02,3.0,67.77,9.0,1.21,0.31,3.45,1.9
2024-03-23,3.09,6.0,21.76,12.0,127.54,34.0,1.24,1.45,41.52,8.86
2024-03-24,1.59,2.0,3.98,6.0,27.92,36.0,0.45,0.79,1.03,1.27
2024-03-25,17.66,10.0,61.52,13.0,90.77,22.0,5.64,1.09,16.84,4.84
2024-03-26,14.15,3.0,16.51,4.0,32.76,7.0,0.91,0.14,13.27,2.11
2024-03-27,0.0,0.0,7.37,2.0,9.53,3.0,5.8,1.0,5.8,1.0
2024-03-28,0.43,1.0,2.76,4.0,20.24,11.0,0.48,1.0,1.93,1.99
2024-03-29,11.45,3.0,25.23,7.0,61.07,18.0,8.55,2.54,23.13,7.3
2024-03-30,4.05,1.0,16.53,7.0,55.47,19.0,8.87,2.94,30.3,10.19
2024-03-31,1.61,2.0,2.18,3.0,38.89,9.0,0.32,0.56,1.87,0.74
2024-04-01,0.0,0.0,6.23,2.0,6.23,2.0,1.85,0.88,1.85,0.88
2024-04-02,20.14,5.0,29.06,7.0,71.19,17.0,2.16,1.07,7.54,2.23
2024-04-03,4.27,5.0,8.6,8.0,17.91,11.0,0.2,0.39,3.32,1.27
2024-04-04,3.36,1.0,47.29,11.0,117.39,30.0,23.68,6.28,47.58,12.82
2024-04-05,5.17,4.0,10.41,5.0,54.86,28.0,2.48,1.79,5.37,3.01
2024-04-06,4.62,2.0,32.26,9.0,270.55,68.0,7.32,1.53,74.38,6.69
2024-04-07,7.26,3.0,8.76,4.0,316.72,62.0,3.34,1.53,22.93,6.14
2024-04-08,6.43,4.0,10.13,5.0,215.12,90.0,0.48,0.63,4.11,2.09
2024-04-09,0.89,1.0,3.72,3.0,245.24,121.0,1.76,1.18,22.93,12.6
2024-04-10,3.04,1.0,31.01,6.0,280.52,71.0,11.21,2.11,142.98,36.11
2024-04-11,3.96,1.0,219.69,9.0,305.91,53.0,0.0,0.0,74.7,38.38
2024-04-12,0.39,1.0,8.9,5.0,218.04,53.0,3.4,0.96,185.13,41.77
2024-04-13,0.0,0.0,15.88,4.0,27.36,13.0,0.53,0.15,2.98,2.21
2024-04-14,0.0,0.0,4.15,1.0,17.29,8.0,3.09,0.74,12.67,4.89
2024-04-15,0.0,0.0,0.0,0.0,0.0,0.0,0.0,0.0,0.0,0.0
2024-04-16,2.78,1.0,33.81,11.0,132.0,34.0,0.0,0.0,22.01,3.66
2024-04-17,1.73,2.0,15.79,9.0,223.8,38.0,4.1,2.26,4.31,2.35
2024-04-18,5.18,3.0,83.17,19.0,369.12,87.0,10.35,3.51,14.08,4.51
2024-04-19,13.32,6.0,69.37,16.0,771.5,133.0,2.87,0.59,15.97,3.66
2024-04-20,56.35,4.0,63.54,9.0,383.5,66.0,52.48,3.61,53.08,3.79
2024-04-21,71.34,4.0,181.03,11.0,415.93,81.0,5.29,0.84,19.23,5.33
2024-04-22,12.23,2.0,98.42,22.0,611.01,146.0,1.25,0.24,33.45,6.01
2024-04-23,1.97,2.0,144.4,22.0,540.56,124.0,15.62,3.14,162.41,31.39
2024-04-24,39.01,5.0,295.32,35.0,913.43,134.0,98.68,10.6,117.75,12.45
2024-04-25,20.51,4.0,174.26,16.0,967.81,201.0,90.71,5.34,187.33,11.13
2024-04-26,40.62,8.0,400.73,51.0,1436.8,190.0,163.79,16.81,202.22,21.16
2024-04-27,6.12,3.0,68.61,23.0,328.17,128.0,30.99,8.98,33.82,11.33
2024-04-28,7.22,2.0,725.43,76.0,1039.15,180.0,71.82,11.25,128.92,25.2
2024-04-29,33.6,11.0,241.16,44.0,744.51,146.0,95.26,19.56,313.42,39.27
2024-04-30,29.3,5.0,135.99,31.0,903.29,243.0,74.91,18.47,134.67,36.05
2024-05-01,78.17,11.0,718.09,75.0,1717.68,327.0,407.06,35.81,631.31,75.67
2024-05-02,109.66,16.0,798.48,159.0,2654.45,580.0,474.2,94.95,1487.73,272.13
2024-05-03,16.65,4.0,342.62,36.0,892.81,127.0,252.52,23.36,452.71,57.48
2024-05-04,138.12,19.0,1588.74,133.0,6443.88,814.0,943.69,68.61,4069.26,368.38
2024-05-05,289.07,47.0,2905.61,389.0,7582.04,1191.0,2060.08,270.89,4848.0,667.42
2024-05-06,102.68,14.0,891.29,89.0,3972.2,520.0,571.31,58.78,2450.42,245.25
2024-05-07,109.23,25.0,1464.41,198.0,5743.33,736.0,16.06,4.56,145.43,36.42
2024-05-08,34.19,9.0,363.91,87.0,1505.28,332.0,8.15,2.53,52.28,15.15
2024-05-09,34.84,6.0,637.06,118.0,1793.22,342.0,19.78,4.8,107.31,22.18
2024-05-10,121.27,24.0,749.93,150.0,2420.67,500.0,23.77,6.46,137.3,29.84
2024-05-11,28.93,7.0,53.59,11.0,483.23,67.0,1.8,0.77,214.38,25.58
2024-05-12,29.41,8.0,305.13,64.0,1977.12,431.0,29.36,5.01,181.85,42.29
2024-05-13,26.27,8.0,395.85,78.0,2046.82,423.0,196.43,40.3,1384.25,293.2
2024-05-14,15.03,3.0,217.71,38.0,2761.57,345.0,150.1,25.58,2080.91,241.99
2024-05-15,49.98,8.0,330.05,55.0,1627.64,257.0,262.23,40.36,1173.39,162.67
2024-05-16,3.1,1.0,67.97,17.0,720.21,146.0,34.4,8.28,383.98,83.37
2024-05-17,0.0,0.0,137.66,15.0,1071.95,142.0,71.22,7.51,686.62,73.05
2024-05-18,37.5,10.0,216.53,55.0,915.83,235.0,174.76,42.87,599.55,154.83
2024-05-19,66.55,7.0,130.65,20.0,493.93,96.0,49.89,10.74,201.13,44.35
2024-05-20,34.58,6.0,106.89,15.0,376.98,62.0,20.01,3.54,195.62,32.94
2024-05-21,17.16,4.0,63.26,13.0,353.64,74.0,29.48,4.04,102.09,15.38
2024-05-22,0.0,0.0,10.86,3.0,197.04,31.0,0.24,0.1,7.38,1.93
2024-05-23,8.54,2.0,22.3,8.0,124.37,37.0,3.95,1.77,24.92,9.42
2024-05-24,11.99,3.0,45.41,10.0,211.36,42.0,4.14,1.19,27.55,6.97
2024-05-25,5.4,1.0,20.93,4.0,177.18,39.0,19.13,3.14,90.92,16.18
2024-05-26,4.72,4.0,73.93,11.0,253.96,48.0,41.08,7.3,93.82,21.35
2024-05-27,2.72,2.0,27.68,4.0,219.54,42.0,23.85,1.3,116.15,22.34
2024-05-28,8.36,3.0,45.3,8.0,223.18,41.0,12.94,3.6,117.97,17.68
2024-05-29,7.98,1.0,16.99,3.0,217.97,33.0,4.09,0.52,43.73,3.46
2024-05-30,0.0,0.0,0.0,0.0,0.0,0.0,0.0,0.0,0.0,0.0
2024-05-31,0.0,0.0,0.0,0.0,0.0,0.0,0.0,0.0,0.0,0.0
2024-06-01,0.0,0.0,0.0,0.0,0.0,0.0,0.0,0.0,0.0,0.0
2024-06-02,0.0,0.0,0.0,0.0,0.0,0.0,0.0,0.0,0.0,0.0
2024-06-03,0.0,0.0,0.0,0.0,0.0,0.0,0.0,0.0,0.0,0.0
2024-06-04,2.74,1.0,2.74,1.0,98.18,17.0,0.06,0.02,7.99,2.55
2024-06-05,6.05,2.0,24.55,6.0,165.06,21.0,18.62,4.68,87.57,9.13
2024-06-06,5.0,2.0,7.28,4.0,91.27,27.0,6.13,3.16,34.92,10.25
2024-06-07,0.0,0.0,0.0,0.0,57.53,14.0,0.0,0.0,15.29,2.57
2024-06-08,4.71,1.0,16.39,4.0,55.09,19.0,7.82,2.2,8.77,2.77
2024-06-09,10.19,2.0,38.42,5.0,327.35,52.0,8.05,1.08,73.89,10.73
2024-06-10,2.45,1.0,82.69,11.0,419.06,74.0,45.79,5.67,149.43,15.77
2024-06-11,19.59,4.0,30.15,8.0,880.25,125.0,4.49,3.37,74.35,11.76
2024-06-12,2.14,1.0,6.58,4.0,306.31,61.0,1.32,1.86,13.0,4.04
2024-06-13,36.35,7.0,57.12,10.0,563.68,90.0,28.69,4.92,52.93,9.93
2024-06-14,34.7,6.0,51.17,11.0,546.97,102.0,35.49,7.49,39.7,8.78
2024-06-15,13.81,2.0,37.26,5.0,396.12,74.0,14.41,2.89,73.75,10.19
2024-06-16,22.83,5.0,107.73,17.0,916.21,138.0,33.89,5.34,77.94,13.25
2024-06-17,0.0,0.0,3.78,1.0,431.3,91.0,0.0,0.0,7.35,1.58
2024-06-18,0.0,0.0,10.4,2.0,261.0,57.0,4.4,0.89,8.47,1.82
2024-06-19,0.0,0.0,4.53,1.0,84.17,17.0,0.0,0.0,0.87,0.31
2024-06-20,3.86,1.0,3.86,1.0,17.91,3.0,0.0,0.0,4.46,0.88
2024-06-21,1.98,1.0,5.47,2.0,14.8,5.0,1.98,0.57,4.34,1.5
2024-06-22,0.0,0.0,13.94,3.0,40.78,10.0,10.55,2.35,16.0,4.01
2024-06-23,0.0,0.0,0.0,0.0,9.17,2.0,0.0,0.0,0.0,0.0
2024-06-24,0.0,0.0,0.0,0.0,12.96,2.0,0.0,0.0,0.0,0.0
2024-06-25,0.0,0.0,0.0,0.0,2.61,1.0,0.0,0.0,0.0,0.0
2024-06-26,0.0,0.0,0.0,0.0,0.0,0.0,0.0,0.0,0.0,0.0
2024-06-27,0.0,0.0,0.0,0.0,3.17,1.0,0.0,0.0,0.0,0.0
2024-06-28,0.0,0.0,0.0,0.0,0.0,0.0,0.0,0.0,0.0,0.0
2024-06-29,0.0,0.0,13.84,2.0,87.81,14.0,0.0,0.0,0.0,0.0
2024-06-30,0.0,0.0,0.0,0.0,3.26,1.0,0.0,0.0,0.87,0.27
2024-07-01,0.0,0.0,0.0,0.0,0.0,0.0,0.0,0.0,0.0,0.0
2024-07-02,2.16,1.0,4.04,2.0,4.04,2.0,0.55,0.29,0.55,0.29
2024-07-03,0.0,0.0,0.0,0.0,0.0,0.0,0.0,0.0,0.0,0.0
2024-07-04,0.0,0.0,0.0,0.0,0.0,0.0,0.0,0.0,0.0,0.0
2024-07-05,0.0,0.0,0.0,0.0,0.0,0.0,0.0,0.0,0.0,0.0
2024-07-06,0.0,0.0,0.0,0.0,0.0,0.0,0.0,0.0,0.0,0.0
2024-07-07,0.0,0.0,0.0,0.0,0.0,0.0,0.0,0.0,0.0,0.0
2024-07-08,0.0,0.0,3.9,3.0,3.9,3.0,0.0,0.0,0.0,0.0
2024-07-09,0.0,0.0,0.4,1.0,0.4,1.0,0.0,0.0,0.0,0.0
2024-07-10,0.0,0.0,0.0,0.0,0.0,0.0,0.0,0.0,0.0,0.0
2024-07-11,0.0,0.0,0.0,0.0,0.0,0.0,0.0,0.0,0.0,0.0
2024-07-12,0.0,0.0,0.0,0.0,0.0,0.0,0.0,0.0,0.0,0.0
2024-07-13,0.0,0.0,0.0,0.0,0.0,0.0,0.0,0.0,0.0,0.0
2024-07-14,0.0,0.0,0.0,0.0,0.0,0.0,0.0,0.0,0.0,0.0
2024-07-15,0.0,0.0,0.0,0.0,0.0,0.0,0.0,0.0,0.0,0.0
2024-07-16,0.0,0.0,0.0,0.0,0.0,0.0,0.0,0.0,0.0,0.0
2024-07-17,4.02,1.0,4.02,1.0,4.97,2.0,0.0,0.0,0.0,0.0
2024-07-18,1.58,1.0,10.72,2.0,10.72,2.0,0.0,0.0,0.0,0.0
2024-07-19,0.0,0.0,0.0,0.0,0.0,0.0,0.0,0.0,0.0,0.0
2024-07-20,0.0,0.0,1.28,1.0,1.28,1.0,0.0,0.0,0.0,0.0
2024-07-21,20.1,5.0,26.32,7.0,91.32,25.0,12.93,3.58,22.19,6.21
2024-07-22,0.0,0.0,0.0,0.0,0.0,0.0,0.0,0.0,0.0,0.0
2024-07-23,0.0,0.0,7.45,3.0,9.81,4.0,1.71,1.25,1.71,1.25
2024-07-24,0.0,0.0,0.0,0.0,0.0,0.0,0.0,0.0,0.0,0.0
2024-07-25,0.0,0.0,0.0,0.0,0.0,0.0,0.0,0.0,0.0,0.0
2024-07-26,0.0,0.0,0.0,0.0,0.0,0.0,0.0,0.0,0.0,0.0
2024-07-27,0.0,0.0,0.0,0.0,0.0,0.0,0.0,0.0,0.0,0.0
2024-07-28,0.0,0.0,0.0,0.0,0.0,0.0,0.0,0.0,0.0,0.0
2024-07-29,5.15,3.0,8.02,4.0,8.02,4.0,2.91,0.92,2.91,0.92
2024-07-30,0.0,0.0,0.0,0.0,1.7,1.0,0.0,0.0,0.68,0.4
2024-07-31,0.0,0.0,0.0,0.0,0.0,0.0,0.0,0.0,0.0,0.0
2024-08-01,0.0,0.0,0.0,0.0,0.0,0.0,0.0,0.0,0.0,0.0
2024-08-02,0.0,0.0,0.0,0.0,0.0,0.0,0.0,0.0,0.0,0.0
2024-08-03,0.0,0.0,0.0,0.0,0.0,0.0,0.0,0.0,0.0,0.0
2024-08-04,0.0,0.0,2.75,1.0,4.92,2.0,0.0,0.0,2.17,1.0
2024-08-05,0.0,0.0,3.68,1.0,3.68,1.0,0.0,0.0,0.0,0.0
2024-08-06,0.0,0.0,0.0,0.0,0.0,0.0,0.0,0.0,0.0,0.0
2024-08-07,0.0,0.0,0.0,0.0,0.0,0.0,0.0,0.0,0.0,0.0
2024-08-08,0.0,0.0,0.0,0.0,0.0,0.0,0.0,0.0,0.0,0.0
2024-08-09,3.66,2.0,3.66,2.0,11.66,5.0,0.31,0.23,0.31,0.23
2024-08-10,0.0,0.0,0.0,0.0,0.0,0.0,0.0,0.0,0.0,0.0
2024-08-11,0.0,0.0,0.0,0.0,0.5,1.0,0.0,0.0,0.47,0.95
2024-08-12,0.0,0.0,0.0,0.0,0.0,0.0,0.0,0.0,0.0,0.0
2024-08-13,0.0,0.0,0.0,0.0,0.0,0.0,0.0,0.0,0.0,0.0
2024-08-14,0.0,0.0,0.0,0.0,0.0,0.0,0.0,0.0,0.0,0.0
2024-08-15,0.0,0.0,0.0,0.0,2.64,1.0,0.0,0.0,1.41,0.53
2024-08-16,0.0,0.0,0.0,0.0,0.0,0.0,0.0,0.0,0.0,0.0
2024-08-17,0.0,0.0,0.0,0.0,0.0,0.0,0.0,0.0,0.0,0.0
2024-08-18,0.0,0.0,0.0,0.0,2.65,1.0,0.0,0.0,0.07,0.03
2024-08-19,0.0,0.0,0.0,0.0,0.0,0.0,0.0,0.0,0.0,0.0
2024-08-20,1.36,1.0,1.36,1.0,1.36,1.0,0.0,0.0,0.0,0.0
2024-08-21,0.0,0.0,0.0,0.0,0.0,0.0,0.0,0.0,0.0,0.0
2024-08-22,0.0,0.0,0.0,0.0,0.0,0.0,0.0,0.0,0.0,0.0
2024-08-23,0.0,0.0,0.0,0.0,0.0,0.0,0.0,0.0,0.0,0.0
2024-08-24,0.0,0.0,0.0,0.0,3.88,1.0,0.0,0.0,0.07,0.02
2024-08-25,1.98,2.0,4.33,6.0,34.68,14.0,0.09,0.18,0.09,0.18
2024-08-26,0.0,0.0,0.0,0.0,7.45,1.0,0.0,0.0,0.0,0.0
2024-08-27,0.0,0.0,0.0,0.0,0.0,0.0,0.0,0.0,0.0,0.0
2024-08-28,0.0,0.0,0.0,0.0,0.0,0.0,0.0,0.0,0.0,0.0
2024-08-29,0.0,0.0,0.0,0.0,0.0,0.0,0.0,0.0,0.0,0.0
2024-08-30,0.0,0.0,1.55,2.0,1.55,2.0,0.0,0.0,0.0,0.0
2024-08-31,0.0,0.0,0.0,0.0,2.73,1.0,0.0,0.0,1.19,0.44
2024-09-01,2.08,1.0,9.74,2.0,27.1,6.0,2.43,0.32,10.46,2.31
2024-09-02,0.0,0.0,0.0,0.0,0.0,0.0,0.0,0.0,0.0,0.0
2024-09-03,0.0,0.0,0.0,0.0,0.0,0.0,0.0,0.0,0.0,0.0
2024-09-04,0.0,0.0,1.02,1.0,1.02,1.0,0.69,0.68,0.69,0.68
2024-09-05,4.21,1.0,5.59,2.0,5.59,2.0,1.07,0.52,1.07,0.52
2024-09-06,0.0,0.0,0.0,0.0,0.0,0.0,0.0,0.0,0.0,0.0
2024-09-07,0.0,0.0,0.0,0.0,0.0,0.0,0.0,0.0,0.0,0.0
2024-09-08,0.0,0.0,0.0,0.0,0.0,0.0,0.0,0.0,0.0,0.0
2024-09-09,2.59,1.0,2.59,1.0,4.07,2.0,0.0,0.0,0.0,0.0
2024-09-10,3.4,1.0,5.19,2.0,5.19,2.0,0.0,0.0,0.0,0.0
2024-09-11,0.0,0.0,0.0,0.0,0.0,0.0,0.0,0.0,0.0,0.0
2024-09-12,0.0,0.0,0.0,0.0,0.0,0.0,0.0,0.0,0.0,0.0
2024-09-13,0.0,0.0,0.0,0.0,0.0,0.0,0.0,0.0,0.0,0.0
2024-09-14,0.0,0.0,0.0,0.0,0.0,0.0,0.0,0.0,0.0,0.0
2024-09-15,0.0,0.0,0.0,0.0,0.0,0.0,0.0,0.0,0.0,0.0
2024-09-16,1.01,1.0,2.56,2.0,2.56,2.0,1.46,0.94,1.46,0.94
2024-09-17,0.0,0.0,0.0,0.0,0.0,0.0,0.0,0.0,0.0,0.0
2024-09-18,0.0,0.0,0.0,0.0,0.0,0.0,0.0,0.0,0.0,0.0
2024-09-19,1.34,1.0,1.34,1.0,1.34,1.0,0.0,0.0,0.0,0.0
2024-09-20,4.66,2.0,4.66,2.0,10.03,5.0,2.08,0.9,2.14,0.97
2024-09-21,0.0,0.0,0.0,0.0,38.83,11.0,0.0,0.0,0.02,0.0
2024-09-22,0.71,1.0,22.49,5.0,83.76,17.0,18.9,3.35,69.12,13.04
2024-09-23,0.0,0.0,0.0,0.0,41.68,13.0,0.0,0.0,18.33,5.66
2024-09-24,0.0,0.0,0.0,0.0,16.06,4.0,0.0,0.0,0.22,0.04
2024-09-25,0.29,1.0,3.07,2.0,75.35,20.0,0.0,0.0,0.0,0.0
2024-09-26,0.0,0.0,0.0,0.0,0.0,0.0,0.0,0.0,0.0,0.0
2024-09-27,0.0,0.0,1.96,2.0,1.96,2.0,0.0,0.0,0.0,0.0
2024-09-28,0.0,0.0,0.65,1.0,0.65,1.0,0.0,0.0,0.0,0.0
2024-09-29,0.0,0.0,0.42,1.0,0.42,1.0,0.0,0.0,0.0,0.0
2024-09-30,6.9,2.0,18.97,5.0,25.19,7.0,11.29,3.26,15.88,4.6
2024-10-01,1.71,2.0,4.37,4.0,24.34,9.0,2.45,2.03,17.3,5.78
2024-10-02,38.45,7.0,81.23,20.0,144.84,38.0,19.58,6.61,44.86,12.62
2024-10-03,4.7,1.0,17.42,6.0,43.92,15.0,2.85,0.61,12.59,3.67
2024-10-04,0.0,0.0,0.0,0.0,32.04,10.0,0.0,0.0,6.33,1.98
2024-10-05,2.61,1.0,19.86,4.0,100.01,19.0,2.54,1.12,14.48,3.92
2024-10-06,6.67,3.0,72.5,20.0,202.0,55.0,5.59,2.04,97.87,25.77
2024-10-07,11.51,6.0,61.79,25.0,134.75,53.0,9.37,4.35,56.91,21.69
2024-10-08,26.1,5.0,106.13,25.0,217.05,55.0,6.65,2.24,86.44,23.61
2024-10-09,0.0,0.0,14.36,4.0,81.64,21.0,0.0,0.0,37.31,10.23
2024-10-10,21.86,5.0,117.51,28.0,295.16,66.0,42.87,10.53,176.6,38.7
2024-10-11,14.17,7.0,98.73,32.0,229.35,67.0,33.28,11.7,98.88,26.47
2024-10-12,23.15,9.0,201.28,60.0,681.45,171.0,35.03,12.48,272.87,64.76
2024-10-13,4.13,2.0,46.14,14.0,311.9,75.0,13.05,4.21,171.15,38.11
2024-10-14,0.66,1.0,1.84,2.0,56.35,17.0,1.01,0.85,16.78,5.57
2024-10-15,3.01,2.0,42.09,15.0,198.15,41.0,6.67,2.87,123.9,19.85
2024-10-16,6.79,1.0,25.56,6.0,49.78,13.0,0.02,0.01,13.31,3.85
2024-10-17,1.94,2.0,40.95,18.0,443.87,95.0,1.27,0.54,14.27,3.85
2024-10-18,17.31,7.0,56.67,19.0,274.7,81.0,4.82,2.1,46.92,16.02
2024-10-19,1.65,3.0,28.0,13.0,165.45,51.0,5.54,2.3,26.56,7.05
2024-10-20,0.0,0.0,8.45,4.0,134.46,30.0,0.0,0.0,10.4,1.36
2024-10-21,6.15,4.0,43.87,15.0,96.34,30.0,6.26,2.39,15.97,5.18
2024-10-22,2.43,1.0,21.31,10.0,258.51,54.0,5.57,1.51,98.0,17.36
2024-10-23,8.82,3.0,62.3,20.0,286.08,89.0,13.12,4.1,115.25,33.17
2024-10-24,4.31,1.0,43.36,9.0,219.78,53.0,0.51,0.12,73.44,20.61
2024-10-25,3.94,3.0,26.85,9.0,230.79,48.0,15.78,2.77,147.65,29.35
2024-10-26,1.76,1.0,29.69,10.0,104.93,35.0,3.32,1.45,31.73,11.57
2024-10-27,0.0,0.0,19.1,8.0,149.05,37.0,11.84,4.78,15.99,5.58
2024-10-28,0.9,1.0,33.64,12.0,209.51,59.0,17.89,6.5,46.56,16.33
2024-10-29,7.47,2.0,24.74,7.0,190.41,46.0,15.54,4.39,63.01,17.18
2024-10-30,0.0,0.0,19.34,7.0,295.05,35.0,0.86,0.27,211.55,15.5
2024-10-31,0.0,0.0,44.4,17.0,345.82,75.0,14.5,4.41,266.55,48.5
2024-11-01,11.37,3.0,71.68,19.0,598.82,104.0,8.34,3.29,377.68,50.43
2024-11-02,30.12,5.0,109.14,23.0,457.28,107.0,10.63,3.41,167.42,37.92
2024-11-03,0.0,0.0,0.0,0.0,0.0,0.0,0.0,0.0,0.0,0.0
2024-11-04,0.0,0.0,0.0,0.0,0.0,0.0,0.0,0.0,0.0,0.0
2024-11-05,0.0,0.0,0.0,0.0,0.0,0.0,0.0,0.0,0.0,0.0
2024-11-06,0.0,0.0,0.0,0.0,1.32,2.0,0.0,0.0,0.0,0.0
2024-11-07,0.4,1.0,7.82,5.0,299.24,53.0,0.04,0.04,15.43,5.04
2024-11-08,5.35,3.0,35.19,12.0,261.66,74.0,11.66,3.41,33.44,12.96
2024-11-09,2.01,2.0,31.87,10.0,269.98,58.0,7.22,1.9,24.86,7.28
2024-11-10,0.66,1.0,11.84,5.0,100.27,27.0,0.1,0.09,6.99,2.12
2024-11-11,0.0,0.0,4.32,1.0,128.3,36.0,0.0,0.0,1.87,0.66
2024-11-12,14.23,6.0,39.41,16.0,240.94,53.0,7.59,2.55,158.78,26.47
2024-11-13,4.6,4.0,32.53,18.0,111.0,48.0,12.1,5.72,23.7,10.0
2024-11-14,7.12,5.0,40.41,17.0,90.8,38.0,15.61,5.81,26.63,9.58
2024-11-15,8.36,6.0,24.22,10.0,164.27,35.0,9.95,2.3,119.43,16.65
2024-11-16,4.05,1.0,17.51,3.0,229.12,45.0,2.58,0.89,181.5,34.56
2024-11-17,5.7,1.0,27.61,8.0,69.62,21.0,9.97,3.57,33.01,8.05
2024-11-18,45.46,11.0,51.91,15.0,145.48,44.0,21.55,5.86,60.2,20.52
2024-11-19,6.97,4.0,82.54,27.0,298.59,89.0,26.81,8.99,158.43,37.42
2024-11-20,15.03,5.0,39.86,14.0,187.68,54.0,19.23,5.85,103.2,29.01
2024-11-21,2.98,3.0,28.49,12.0,215.44,49.0,11.57,4.89,125.02,22.33
2024-11-22,3.98,3.0,25.47,12.0,134.88,36.0,8.09,2.57,67.89,14.27
2024-11-23,26.52,6.0,111.15,30.0,369.93,98.0,23.08,7.44,76.13,20.62
2024-11-24,28.9,13.0,122.05,41.0,464.6,154.0,31.34,10.21,207.8,67.2
2024-11-25,3.87,2.0,34.46,9.0,123.58,39.0,9.05,2.34,45.33,13.57
2024-11-26,3.15,4.0,40.41,17.0,122.11,37.0,7.89,5.63,30.92,12.2
2024-11-27,8.06,5.0,45.07,15.0,109.2,37.0,13.51,5.57,50.28,17.28
2024-11-28,6.62,6.0,86.96,31.0,185.65,61.0,37.16,11.57,83.06,24.96
2024-11-29,42.44,16.0,121.06,46.0,238.47,86.0,82.71,30.21,159.92,55.37
2024-11-30,58.46,15.0,134.66,38.0,267.63,85.0,33.04,9.29,76.75,22.37
2024-12-01,12.94,6.0,54.13,17.0,149.62,45.0,17.81,4.7,47.82,11.99
2024-12-02,10.65,5.0,42.53,19.0,74.58,28.0,10.95,4.8,17.2,6.06
2024-12-03,27.33,8.0,48.96,15.0,121.58,37.0,31.36,7.74,47.6,13.1
2024-12-04,6.41,6.0,34.56,18.0,132.1,50.0,13.89,6.49,41.29,16.87
2024-12-05,21.29,9.0,78.31,27.0,266.75,71.0,14.85,5.31,64.25,13.52
2024-12-06,22.25,12.0,55.58,27.0,129.13,46.0,26.24,12.24,40.13,14.74
2024-12-07,11.24,3.0,73.35,26.0,182.08,63.0,26.22,11.6,74.13,32.5
2024-12-08,17.41,10.0,84.42,31.0,186.51,60.0,24.72,11.19,57.81,20.59
2024-12-09,10.81,6.0,78.27,28.0,135.43,48.0,61.24,17.03,82.39,23.43
2024-12-10,23.04,12.0,71.35,34.0,221.53,81.0,13.05,6.53,46.79,15.58
2024-12-11,21.99,7.0,154.74,45.0,300.74,88.0,31.41,10.04,79.66,20.11
2024-12-12,3.43,3.0,25.01,10.0,119.7,33.0,3.53,1.68,24.5,9.17
2024-12-13,36.31,9.0,55.93,16.0,136.88,37.0,24.66,6.43,34.66,10.57
2024-12-14,24.33,11.0,100.08,22.0,233.35,60.0,45.06,6.33,71.02,13.0
2024-12-15,73.41,27.0,226.84,83.0,395.07,143.0,88.46,32.34,142.67,50.89
2024-12-16,58.6,19.0,233.39,74.0,412.82,136.0,97.86,30.29,165.21,49.95
2024-12-17,47.23,13.0,141.9,39.0,220.84,59.0,44.49,12.95,85.21,21.36
2024-12-18,24.08,9.0,58.49,22.0,145.39,49.0,22.73,7.74,50.91,16.19
2024-12-19,7.83,2.0,35.63,6.0,95.02,26.0,15.96,2.77,40.71,12.16
2024-12-20,58.91,21.0,140.99,52.0,291.86,97.0,68.39,23.36,118.87,37.45
2024-12-21,39.79,19.0,170.8,59.0,355.46,129.0,82.08,21.99,142.74,42.47
2024-12-22,44.99,17.0,150.45,54.0,309.18,98.0,48.88,17.11,122.96,35.84
2024-12-23,5.6,2.0,9.51,4.0,11.3,5.0,9.37,3.95,10.6,4.64
2024-12-24,0.0,0.0,16.69,6.0,22.55,9.0,8.12,2.36,11.67,4.21
2024-12-25,31.32,12.0,129.12,42.0,291.95,87.0,37.05,12.68,99.75,28.9
2024-12-26,50.01,19.0,213.89,83.0,381.81,140.0,114.08,46.72,190.01,74.92
2024-12-27,0.0,0.0,0.0,0.0,7.42,2.0,0.0,0.0,3.82,1.07
2024-12-28,0.0,0.0,0.0,0.0,0.0,0.0,0.0,0.0,0.0,0.0
2024-12-29,0.0,0.0,0.0,0.0,0.0,0.0,0.0,0.0,0.0,0.0
2024-12-30,0.0,0.0,0.0,0.0,7.29,1.0,0.0,0.0,0.0,0.0
2024-12-31,0.0,0.0,2.37,1.0,4.21,2.0,2.07,0.87,2.07,0.87
2025-01-01,0.0,0.0,10.21,1.0,10.21,1.0,0.0,0.0,0.0,0.0
2025-01-02,0.0,0.0,0.0,0.0,0.67,1.0,0.0,0.0,0.0,0.0
2025-01-03,0.0,0.0,0.0,0.0,0.52,1.0,0.0,0.0,0.0,0.0
2025-01-04,0.0,0.0,3.08,1.0,15.32,5.0,0.0,0.0,0.0,0.0
2025-01-05,35.47,8.0,104.36,28.0,202.14,54.0,17.2,6.24,46.71,13.77
2025-01-06,20.24,6.0,41.96,13.0,66.38,20.0,3.7,0.9,9.16,2.56
2025-01-07,2.56,4.0,2.56,4.0,7.8,6.0,0.01,0.02,2.5,1.33
2025-01-08,20.9,8.0,62.1,21.0,92.46,32.0,21.93,7.01,37.33,11.33
2025-01-09,2.74,1.0,12.15,6.0,33.99,15.0,2.15,1.01,15.09,6.1
2025-01-10,3.13,1.0,20.14,7.0,52.95,16.0,7.89,3.12,20.89,7.33
2025-01-11,0.77,1.0,21.32,9.0,73.78,27.0,2.77,1.0,22.06,8.36
2025-01-12,2.25,2.0,2.25,2.0,2.25,2.0,0.0,0.0,0.0,0.0
2025-01-13,8.86,2.0,10.86,3.0,15.41,6.0,1.35,0.67,2.66,1.82
2025-01-14,0.97,1.0,2.87,2.0,15.85,6.0,1.36,0.72,9.31,3.37
2025-01-15,0.0,0.0,0.0,0.0,2.63,1.0,0.0,0.0,0.04,0.01
2025-01-16,1.34,2.0,1.77,3.0,3.98,4.0,0.48,1.06,0.49,1.06
2025-01-17,0.0,0.0,6.8,3.0,55.17,19.0,1.06,0.43,5.65,1.58
2025-01-18,3.08,3.0,7.27,4.0,7.27,4.0,0.0,0.0,0.0,0.0
2025-01-19,12.62,5.0,71.02,20.0,116.81,35.0,16.35,6.02,29.4,9.66
2025-01-20,9.86,4.0,45.44,15.0,90.35,30.0,6.27,4.17,17.92,7.38
2025-01-21,3.59,3.0,196.12,43.0,261.64,57.0,54.67,16.35,87.22,22.04
2025-01-22,48.79,19.0,140.81,56.0,239.31,89.0,50.04,19.65,64.35,23.42
2025-01-23,5.83,3.0,37.94,14.0,94.51,34.0,16.45,5.86,31.57,12.2
2025-01-24,15.87,7.0,73.76,21.0,142.22,39.0,6.39,1.91,34.34,5.48
2025-01-25,2.0,1.0,149.34,26.0,311.8,62.0,3.14,1.63,33.12,8.37
2025-01-26,25.88,10.0,123.75,27.0,213.84,51.0,9.0,3.56,24.85,6.72
2025-01-27,23.63,10.0,91.84,37.0,226.52,72.0,11.76,5.65,47.3,13.46
2025-01-28,11.42,3.0,70.22,21.0,153.61,45.0,43.49,11.86,87.39,23.75
2025-01-29,42.85,6.0,65.98,12.0,106.37,23.0,15.79,1.78,33.09,4.81
2025-01-30,7.34,3.0,74.39,22.0,202.58,53.0,13.78,2.16,41.49,10.48
2025-01-31,23.3,10.0,63.12,25.0,139.46,50.0,8.08,2.58,15.17,4.56
2025-02-01,54.94,18.0,140.09,46.0,318.72,102.0,66.79,20.93,175.06,54.17
2025-02-02,28.24,11.0,110.39,39.0,299.63,100.0,27.95,9.39,58.71,20.19
2025-02-03,10.44,4.0,59.64,14.0,233.34,45.0,33.87,7.05,100.28,19.65
2025-02-04,0.37,1.0,0.71,2.0,2.29,3.0,0.0,0.0,1.39,0.88
2025-02-05,12.45,5.0,159.69,23.0,214.25,33.0,70.5,7.76,89.59,11.79
2025-02-06,8.1,4.0,35.97,11.0,159.41,40.0,2.15,2.41,17.13,6.86
2025-02-07,44.91,6.0,139.27,27.0,254.14,52.0,19.52,4.39,33.97,6.46
2025-02-08,5.02,3.0,51.58,19.0,276.96,48.0,3.81,2.41,15.85,5.26
2025-02-09,5.15,3.0,81.36,28.0,144.67,49.0,40.67,11.71,61.83,17.06
2025-02-10,3.92,5.0,81.44,20.0,171.34,40.0,18.76,5.78,33.98,9.78
2025-02-11,28.3,11.0,75.46,22.0,193.37,55.0,24.86,7.82,45.13,13.33
2025-02-12,17.08,9.0,72.63,24.0,322.96,77.0,27.85,5.46,61.96,14.45
2025-02-13,6.8,4.0,39.23,13.0,131.89,40.0,11.79,4.73,40.24,12.26
2025-02-14,29.59,12.0,101.89,21.0,170.05,32.0,5.96,5.83,24.03,8.97
2025-02-15,1.36,2.0,15.76,8.0,85.34,25.0,5.41,2.13,35.89,11.69
2025-02-16,5.84,4.0,41.35,10.0,64.88,17.0,10.88,2.45,13.3,3.57
2025-02-17,7.02,3.0,45.22,14.0,105.16,33.0,12.87,5.94,26.39,12.89
2025-02-18,20.49,9.0,78.41,26.0,309.89,70.0,16.6,5.59,53.63,12.22
2025-02-19,0.95,1.0,7.73,2.0,41.94,9.0,3.98,0.59,10.06,2.29
2025-02-20,8.03,4.0,9.92,6.0,18.35,8.0,0.16,0.04,2.92,1.04
2025-02-21,0.92,1.0,85.53,12.0,103.66,17.0,40.3,3.99,40.3,3.99
2025-02-22,2.93,3.0,20.81,8.0,35.92,11.0,13.25,3.35,13.54,3.4
2025-02-23,17.92,6.0,51.99,24.0,251.19,69.0,14.58,5.26,50.28,16.08
2025-02-24,6.87,9.0,39.41,21.0,101.52,38.0,12.35,6.86,22.42,9.33
2025-02-25,10.1,3.0,34.36,11.0,59.64,22.0,9.49,2.59,10.37,2.97
2025-02-26,0.0,0.0,18.12,6.0,72.04,17.0,3.72,1.04,12.49,4.01
2025-02-27,0.0,0.0,0.0,0.0,0.0,0.0,0.0,0.0,0.0,0.0
2025-02-28,2.24,2.0,2.24,2.0,244.17,24.0,0.68,0.94,0.68,0.94
2025-03-01,0.0,0.0,0.0,0.0,15.58,5.0,0.0,0.0,9.17,2.43
2025-03-02,4.86,3.0,7.46,6.0,18.64,11.0,5.1,3.92,11.56,6.22
2025-03-03,2.7,2.0,22.25,4.0,60.99,16.0,0.39,0.66,0.39,0.66
2025-03-04,9.51,5.0,38.93,14.0,64.88,22.0,7.8,5.18,20.4,9.1
2025-03-05,24.55,11.0,61.96,22.0,286.36,39.0,32.68,10.49,66.3,15.76
2025-03-06,53.25,9.0,94.37,22.0,320.54,57.0,6.32,7.43,38.7,12.28
2025-03-07,3.95,4.0,28.85,9.0,53.14,19.0,17.9,5.55,24.06,8.68
2025-03-08,0.5,1.0,53.66,5.0,79.5,16.0,0.0,0.0,9.3,3.75
2025-03-09,14.93,3.0,18.11,4.0,44.43,10.0,8.29,1.74,16.97,3.52
2025-03-10,9.81,4.0,54.87,18.0,100.71,26.0,9.2,2.85,25.64,4.89
2025-03-11,2.32,3.0,10.22,9.0,28.08,19.0,5.59,3.66,14.86,8.06
2025-03-12,13.96,2.0,27.05,7.0,73.27,19.0,2.7,2.41,12.45,5.12
2025-03-13,4.68,3.0,114.35,11.0,376.17,30.0,25.63,4.02,167.21,10.45
2025-03-14,0.0,0.0,15.28,4.0,19.63,5.0,10.62,2.33,14.49,3.22
2025-03-15,3.54,4.0,4.68,7.0,4.68,7.0,0.45,1.03,0.45,1.03
2025-03-16,23.1,12.0,69.13,18.0,172.46,41.0,15.75,5.5,61.68,12.27
2025-03-17,1.15,1.0,6.85,3.0,54.55,16.0,0.0,0.0,6.34,1.87
2025-03-18,4.57,3.0,8.28,4.0,55.98,13.0,3.4,0.92,4.42,1.67
2025-03-19,43.5,8.0,48.45,11.0,93.08,23.0,30.12,4.81,43.26,8.65
2025-03-20,11.3,12.0,41.7,22.0,147.54,46.0,5.36,6.98,21.69,11.98
2025-03-21,36.47,7.0,53.88,13.0,195.51,53.0,35.62,6.0,49.89,10.2
2025-03-22,4.04,3.0,36.71,14.0,144.67,36.0,6.11,3.31,12.5,4.83
2025-03-23,1.91,3.0,73.36,11.0,149.7,30.0,6.21,1.0,22.51,4.5
2025-03-24,1.57,2.0,10.22,5.0,65.34,21.0,0.01,0.0,8.99,4.17
2025-03-25,0.82,1.0,4.31,4.0,76.23,23.0,0.53,0.38,34.33,10.89
2025-03-26,0.0,0.0,34.2,8.0,158.96,35.0,10.28,3.18,55.25,14.51
2025-03-27,1.29,1.0,50.3,12.0,159.74,43.0,1.76,1.05,8.71,3.43
2025-03-28,9.12,1.0,60.38,10.0,133.91,32.0,5.32,1.08,10.38,4.49
2025-03-29,3.47,5.0,40.07,16.0,49.23,20.0,2.66,4.22,2.75,4.26
2025-03-30,5.41,2.0,53.76,12.0,164.26,36.0,5.1,2.39,10.36,3.6
2025-03-31,0.89,1.0,2.28,2.0,86.05,27.0,0.87,0.98,3.07,2.24
2025-04-01,12.68,6.0,66.12,12.0,194.72,50.0,11.07,1.66,19.77,3.71
2025-04-02,25.78,2.0,39.57,8.0,180.48,36.0,8.01,3.17,16.6,4.96
2025-04-03,1.47,1.0,9.11,2.0,123.51,37.0,4.29,1.26,74.06,22.54
2025-04-04,0.0,0.0,42.6,12.0,341.7,68.0,11.09,3.82,15.34,4.67
2025-04-05,6.64,5.0,30.24,10.0,243.99,66.0,6.87,2.01,10.52,3.54
2025-04-06,6.54,3.0,11.32,7.0,124.92,43.0,1.17,1.75,3.85,2.91
2025-04-07,18.02,5.0,35.42,12.0,240.42,72.0,18.2,6.11,188.24,57.15
2025-04-08,16.62,4.0,26.42,7.0,63.33,16.0,0.81,0.35,3.58,1.95
2025-04-09,6.48,1.0,15.87,4.0,40.83,12.0,0.37,0.13,9.02,3.34
2025-04-10,0.0,0.0,0.0,0.0,12.46,3.0,0.0,0.0,2.31,0.39
2025-04-11,0.65,2.0,15.28,9.0,61.35,20.0,3.12,1.64,10.75,5.04
2025-04-12,0.61,1.0,14.7,7.0,32.67,15.0,4.65,1.93,15.39,6.22
2025-04-13,10.1,4.0,47.18,16.0,105.3,30.0,8.1,2.81,32.91,7.94
2025-04-14,1.96,2.0,32.57,9.0,451.99,47.0,7.45,1.51,16.79,4.1
2025-04-15,1.7,2.0,43.03,14.0,224.0,31.0,6.35,2.28,14.12,4.27
2025-04-16,0.69,2.0,89.44,21.0,491.33,79.0,11.1,2.73,40.94,8.77
2025-04-17,34.55,10.0,98.32,27.0,178.44,40.0,12.19,2.38,26.21,4.76
2025-04-18,6.05,2.0,108.43,24.0,143.04,34.0,7.6,4.02,15.04,6.81
2025-04-19,1.19,1.0,245.71,43.0,377.29,69.0,4.27,2.21,13.87,4.28
2025-04-20,3.33,1.0,169.51,37.0,256.25,57.0,1.33,0.35,6.52,1.43
2025-04-21,60.45,9.0,523.7,62.0,942.33,99.0,196.64,15.42,513.56,37.02
2025-04-22,57.62,12.0,501.46,66.0,995.27,150.0,130.82,20.09,266.27,32.67
2025-04-23,91.79,11.0,736.75,56.0,2503.52,167.0,415.63,23.68,1341.81,53.23
2025-04-24,264.49,16.0,1087.01,93.0,1788.87,249.0,547.83,37.95,809.33,86.57
2025-04-25,23.78,6.0,1683.65,156.0,3411.6,401.0,243.02,32.88,1245.74,138.53
2025-04-26,57.72,6.0,827.39,75.0,1947.86,294.0,629.23,55.85,819.2,78.73
2025-04-27,163.04,24.0,1309.62,222.0,2923.24,575.0,153.86,24.8,296.43,54.34
2025-04-28,13.19,8.0,683.39,97.0,1395.0,263.0,31.86,3.93,199.16,69.29
2025-04-29,95.76,20.0,693.09,138.0,1354.09,254.0,39.84,10.18,105.15,25.27
2025-04-30,95.94,28.0,557.69,134.0,1129.26,257.0,15.94,6.05,60.02,18.21
2025-05-01,49.96,11.0,511.65,63.0,1619.61,216.0,16.45,3.98,131.85,27.87
2025-05-02,0.46,1.0,0.46,1.0,0.46,1.0,0.14,0.31,0.14,0.31
2025-05-03,9.56,3.0,75.9,14.0,272.67,60.0,0.0,0.0,6.75,1.52
2025-05-04,0.0,0.0,377.09,66.0,945.58,185.0,0.0,0.0,10.61,1.64
2025-05-05,0.0,0.0,19.45,5.0,61.55,20.0,1.39,0.37,2.29,1.27
2025-05-06,6.06,1.0,189.26,40.0,547.65,108.0,4.7,1.16,109.47,14.49
2025-05-07,18.95,6.0,224.25,39.0,1427.86,193.0,3.1,1.17,92.92,15.86
2025-05-08,94.96,27.0,504.83,127.0,1584.1,324.0,20.32,5.7,251.4,50.33
2025-05-09,26.46,6.0,244.72,35.0,653.62,108.0,6.29,1.95,150.25,23.05
2025-05-10,33.03,7.0,106.16,17.0,677.99,118.0,12.01,1.98,161.59,36.06
2025-05-11,88.24,15.0,578.13,120.0,2471.67,516.0,352.8,73.83,1741.52,367.36
2025-05-12,40.86,14.0,885.08,81.0,2245.8,367.0,225.37,38.64,804.75,149.95
2025-05-13,49.27,7.0,464.51,64.0,1993.26,308.0,312.15,43.52,1277.44,195.9
2025-05-14,2.2,1.0,58.0,10.0,745.9,117.0,54.38,9.2,527.02,76.36
2025-05-15,7.73,3.0,236.2,48.0,1428.11,237.0,162.95,34.81,961.69,161.49
2025-05-16,11.13,6.0,174.09,52.0,762.5,198.0,4.9,2.45,12.88,5.39
2025-05-17,16.45,3.0,75.38,15.0,905.23,146.0,2.41,0.83,47.23,13.73
2025-05-18,28.13,7.0,364.4,45.0,1461.14,161.0,17.75,6.03,43.19,12.48
2025-05-19,7.55,3.0,14.39,6.0,252.43,62.0,0.73,0.46,119.63,27.48
2025-05-20,0.0,0.0,121.23,15.0,386.03,64.0,1.12,0.37,7.88,1.84
2025-05-21,0.0,0.0,25.34,10.0,179.12,49.0,0.0,0.0,32.81,6.39
2025-05-22,0.0,0.0,7.54,4.0,64.72,21.0,0.0,0.0,0.0,0.0
2025-05-23,0.0,0.0,53.48,16.0,251.9,57.0,0.0,0.0,6.62,1.75
2025-05-24,7.37,3.0,33.19,11.0,184.42,50.0,0.48,0.23,26.91,8.21
2025-05-25,0.0,0.0,1.21,1.0,8.36,3.0,0.0,0.0,0.0,0.0
2025-05-26,0.0,0.0,1.62,1.0,3.19,2.0,0.1,0.06,1.64,1.04
2025-05-27,1.08,1.0,3.13,2.0,56.33,9.0,0.51,0.47,4.47,1.65
2025-05-28,0.0,0.0,3.39,1.0,29.15,8.0,0.0,0.0,2.95,0.96
2025-05-29,21.15,5.0,30.1,8.0,83.82,18.0,0.0,0.0,0.07,0.01
2025-05-30,0.0,0.0,0.98,1.0,0.98,1.0,0.0,0.0,0.0,0.0
2025-05-31,2.25,1.0,10.64,4.0,50.02,11.0,0.61,0.32,12.08,2.25
2025-06-01,0.0,0.0,0.0,0.0,33.94,13.0,0.0,0.0,1.03,0.55
2025-06-02,0.0,0.0,20.09,2.0,47.24,10.0,0.0,0.0,1.33,0.89
2025-06-03,0.0,0.0,27.38,3.0,52.48,9.0,1.07,0.07,3.77,1.81
2025-06-04,0.0,0.0,6.19,1.0,17.31,4.0,5.48,0.88,6.96,1.52
2025-06-05,0.0,0.0,4.13,1.0,22.1,5.0,0.0,0.0,0.0,0.0
2025-06-06,0.0,0.0,5.71,2.0,26.16,9.0,0.0,0.0,6.08,0.97
2025-06-07,0.0,0.0,0.81,1.0,26.32,8.0,0.0,0.0,2.27,0.64
2025-06-08,0.0,0.0,0.0,0.0,20.88,3.0,0.0,0.0,2.44,0.38
2025-06-09,0.0,0.0,8.53,4.0,69.83,15.0,3.31,2.48,29.77,7.84
2025-06-10,1.0,1.0,1.0,1.0,83.11,12.0,0.0,0.0,74.22,8.24
2025-06-11,0.0,0.0,43.99,6.0,107.37,17.0,0.0,0.0,18.98,1.16
2025-06-12,0.0,0.0,0.0,0.0,39.39,7.0,0.0,0.0,6.72,1.26
2025-06-13,0.0,0.0,0.0,0.0,51.17,9.0,0.0,0.0,2.43,0.69
2025-06-14,5.0,1.0,8.56,2.0,125.9,21.0,3.56,1.0,30.83,6.93
2025-06-15,0.0,0.0,0.0,0.0,0.0,0.0,0.0,0.0,0.0,0.0
2025-06-16,0.0,0.0,3.04,1.0,9.88,4.0,0.0,0.0,0.0,0.0
2025-06-17,0.0,0.0,0.0,0.0,0.0,0.0,0.0,0.0,0.0,0.0
2025-06-18,0.0,0.0,0.0,0.0,0.0,0.0,0.0,0.0,0.0,0.0
2025-06-19,0.0,0.0,5.31,2.0,9.58,3.0,0.0,0.0,0.0,0.0
2025-06-20,1.54,1.0,3.65,2.0,3.65,2.0,0.0,0.0,0.0,0.0
2025-06-21,0.0,0.0,7.55,3.0,10.89,4.0,0.0,0.0,0.0,0.0
2025-06-22,0.0,0.0,0.42,1.0,0.42,1.0,0.03,0.07,0.03,0.07
2025-06-23,0.0,0.0,0.0,0.0,2.85,1.0,0.0,0.0,0.0,0.0
2025-06-24,0.0,0.0,0.0,0.0,5.94,1.0,0.0,0.0,0.83,0.14
2025-06-25,0.0,0.0,0.0,0.0,0.0,0.0,0.0,0.0,0.0,0.0
2025-06-26,0.38,1.0,0.38,1.0,4.32,2.0,0.0,0.0,0.0,0.0
2025-06-27,0.0,0.0,8.36,1.0,10.39,2.0,7.78,0.93,7.78,0.93
2025-06-28,0.0,0.0,0.0,0.0,5.83,1.0,0.0,0.0,4.14,0.71
2025-06-29,0.0,0.0,0.0,0.0,0.0,0.0,0.0,0.0,0.0,0.0
2025-06-30,0.0,0.0,0.0,0.0,1.22,1.0,0.0,0.0,0.0,0.0
2025-07-01,0.0,0.0,1.71,1.0,3.69,2.0,0.0,0.0,0.0,0.0
2025-07-02,0.81,1.0,0.81,1.0,5.12,2.0,0.0,0.0,0.0,0.0
2025-07-03,0.0,0.0,5.28,1.0,5.28,1.0,0.0,0.0,0.0,0.0
2025-07-04,0.0,0.0,0.0,0.0,0.0,0.0,0.0,0.0,0.0,0.0
2025-07-05,0.0,0.0,0.0,0.0,0.0,0.0,0.0,0.0,0.0,0.0
2025-07-06,0.0,0.0,0.0,0.0,0.0,0.0,0.0,0.0,0.0,0.0
2025-07-07,0.0,0.0,0.0,0.0,0.0,0.0,0.0,0.0,0.0,0.0
2025-07-08,0.0,0.0,0.0,0.0,0.0,0.0,0.0,0.0,0.0,0.0
2025-07-09,0.0,0.0,0.0,0.0,0.0,0.0,0.0,0.0,0.0,0.0
2025-07-10,0.0,0.0,0.0,0.0,0.0,0.0,0.0,0.0,0.0,0.0
2025-07-11,0.0,0.0,0.0,0.0,0.0,0.0,0.0,0.0,0.0,0.0
2025-07-12,0.0,0.0,0.0,0.0,0.0,0.0,0.0,0.0,0.0,0.0
2025-07-13,0.0,0.0,5.25,1.0,5.25,1.0,1.55,0.3,1.55,0.3
2025-07-14,0.0,0.0,0.0,0.0,0.0,0.0,0.0,0.0,0.0,0.0
2025-07-15,0.0,0.0,0.0,0.0,0.0,0.0,0.0,0.0,0.0,0.0
2025-07-16,0.0,0.0,5.43,1.0,5.43,1.0,0.0,0.0,0.0,0.0
2025-07-17,0.0,0.0,0.0,0.0,0.0,0.0,0.0,0.0,0.0,0.0
2025-07-18,0.0,0.0,0.0,0.0,0.0,0.0,0.0,0.0,0.0,0.0
2025-07-19,0.39,1.0,0.39,1.0,0.39,1.0,0.0,0.0,0.0,0.0
2025-07-20,0.0,0.0,0.0,0.0,0.0,0.0,0.0,0.0,0.0,0.0
2025-07-21,0.0,0.0,0.0,0.0,0.0,0.0,0.0,0.0,0.0,0.0
2025-07-22,0.0,0.0,0.0,0.0,2.31,1.0,0.0,0.0,0.0,0.0
2025-07-23,0.0,0.0,0.0,0.0,0.0,0.0,0.0,0.0,0.0,0.0
2025-07-24,0.0,0.0,0.0,0.0,0.0,0.0,0.0,0.0,0.0,0.0
2025-07-25,0.0,0.0,0.0,0.0,0.0,0.0,0.0,0.0,0.0,0.0
2025-07-26,0.0,0.0,0.95,1.0,0.95,1.0,0.0,0.0,0.0,0.0
2025-07-27,0.0,0.0,3.39,1.0,3.39,1.0,0.0,0.0,0.0,0.0
2025-07-28,0.0,0.0,2.35,1.0,2.35,1.0,0.0,0.0,0.0,0.0
2025-07-29,0.0,0.0,0.0,0.0,0.0,0.0,0.0,0.0,0.0,0.0
2025-07-30,0.0,0.0,0.0,0.0,0.0,0.0,0.0,0.0,0.0,0.0
2025-07-31,0.0,0.0,0.0,0.0,0.0,0.0,0.0,0.0,0.0,0.0
2025-08-01,0.0,0.0,1.98,1.0,1.98,1.0,1.42,0.71,1.42,0.71
2025-08-02,0.0,0.0,0.0,0.0,0.0,0.0,0.0,0.0,0.0,0.0
2025-08-03,0.0,0.0,0.0,0.0,0.0,0.0,0.0,0.0,0.0,0.0
2025-08-04,0.0,0.0,0.0,0.0,0.0,0.0,0.0,0.0,0.0,0.0
2025-08-05,0.0,0.0,0.0,0.0,0.0,0.0,0.0,0.0,0.0,0.0
2025-08-06,0.51,1.0,2.78,2.0,2.78,2.0,1.83,1.24,1.83,1.24
2025-08-07,2.04,1.0,2.99,2.0,2.99,2.0,1.23,1.13,1.23,1.13
2025-08-08,0.0,0.0,0.0,0.0,0.0,0.0,0.0,0.0,0.0,0.0
2025-08-09,0.0,0.0,0.0,0.0,4.36,1.0,0.0,0.0,0.0,0.0
2025-08-10,0.0,0.0,0.0,0.0,0.0,0.0,0.0,0.0,0.0,0.0
2025-08-11,0.0,0.0,0.0,0.0,0.0,0.0,0.0,0.0,0.0,0.0
2025-08-12,0.0,0.0,0.0,0.0,0.0,0.0,0.0,0.0,0.0,0.0
2025-08-13,0.0,0.0,0.0,0.0,0.0,0.0,0.0,0.0,0.0,0.0
2025-08-14,0.0,0.0,0.0,0.0,0.0,0.0,0.0,0.0,0.0,0.0
2025-08-15,0.0,0.0,0.0,0.0,0.0,0.0,0.0,0.0,0.0,0.0
2025-08-16,0.0,0.0,0.0,0.0,0.0,0.0,0.0,0.0,0.0,0.0
2025-08-17,0.61,1.0,0.61,1.0,0.61,1.0,0.0,0.0,0.0,0.0
2025-08-18,5.46,1.0,5.46,1.0,5.46,1.0,0.0,0.0,0.0,0.0
2025-08-19,0.0,0.0,0.0,0.0,0.0,0.0,0.0,0.0,0.0,0.0
2025-08-20,0.0,0.0,0.65,1.0,3.25,2.0,0.0,0.0,0.0,0.0
2025-08-21,0.0,0.0,1.42,1.0,1.42,1.0,0.0,0.0,0.0,0.0
2025-08-22,0.0,0.0,0.0,0.0,0.0,0.0,0.0,0.0,0.0,0.0
2025-08-23,0.0,0.0,0.0,0.0,0.0,0.0,0.0,0.0,0.0,0.0
2025-08-24,0.0,0.0,0.0,0.0,0.0,0.0,0.0,0.0,0.0,0.0
2025-08-25,0.0,0.0,0.0,0.0,0.0,0.0,0.0,0.0,0.0,0.0
2025-08-26,0.0,0.0,0.0,0.0,0.0,0.0,0.0,0.0,0.0,0.0
2025-08-27,0.0,0.0,0.0,0.0,0.0,0.0,0.0,0.0,0.0,0.0
2025-08-28,1.15,1.0,1.15,1.0,1.15,1.0,0.0,0.0,0.0,0.0
2025-08-29,0.0,0.0,6.71,3.0,6.71,3.0,0.0,0.0,0.0,0.0
2025-08-30,1.21,2.0,1.21,2.0,3.14,3.0,0.0,0.0,0.0,0.0
2025-08-31,0.0,0.0,0.0,0.0,2.34,1.0,0.0,0.0,0.0,0.0
2025-09-01,0.0,0.0,0.0,0.0,0.0,0.0,0.0,0.0,0.0,0.0
2025-09-02,0.0,0.0,0.0,0.0,0.0,0.0,0.0,0.0,0.0,0.0
2025-09-03,0.0,0.0,0.0,0.0,0.0,0.0,0.0,0.0,0.0,0.0
2025-09-04,1.37,2.0,1.37,2.0,1.37,2.0,0.0,0.0,0.0,0.0
2025-09-05,0.0,0.0,0.0,0.0,0.0,0.0,0.0,0.0,0.0,0.0
2025-09-06,0.0,0.0,0.0,0.0,0.0,0.0,0.0,0.0,0.0,0.0
2025-09-07,1.88,2.0,2.58,3.0,2.58,3.0,0.0,0.0,0.0,0.0
2025-09-08,7.63,2.0,10.26,4.0,14.66,5.0,5.23,0.83,5.23,0.83
2025-09-09,0.0,0.0,0.0,0.0,0.0,0.0,0.0,0.0,0.0,0.0
2025-09-10,0.0,0.0,0.0,0.0,1.28,1.0,0.0,0.0,0.81,0.63
2025-09-11,0.0,0.0,1.52,1.0,1.52,1.0,1.32,0.87,1.32,0.87
2025-09-12,3.09,2.0,6.13,3.0,9.37,4.0,2.92,1.39,3.7,1.63
2025-09-13,0.0,0.0,3.3,2.0,3.3,2.0,2.6,1.54,2.6,1.54
2025-09-14,0.64,1.0,2.45,2.0,10.83,4.0,1.64,1.43,5.08,2.25
2025-09-15,0.0,0.0,1.26,1.0,20.97,4.0,0.42,0.33,6.92,1.48
2025-09-16,0.0,0.0,0.0,0.0,10.43,2.0,0.0,0.0,0.0,0.0
2025-09-17,0.0,0.0,0.0,0.0,12.4,2.0,0.0,0.0,0.0,0.0
2025-09-18,0.97,2.0,1.25,3.0,6.67,5.0,0.0,0.0,0.0,0.0
2025-09-19,0.0,0.0,0.29,1.0,2.62,2.0,0.23,0.81,0.23,0.81
2025-09-20,0.0,0.0,0.0,0.0,0.0,0.0,0.0,0.0,0.0,0.0
2025-09-21,0.0,0.0,14.88,3.0,18.59,4.0,3.37,0.63,7.08,1.63
2025-09-22,0.0,0.0,6.04,4.0,6.04,4.0,1.64,0.79,1.64,0.79
2025-09-23,0.83,1.0,15.3,4.0,23.67,7.0,1.43,0.25,7.28,2.25
2025-09-24,1.37,1.0,11.35,6.0,27.37,12.0,1.1,0.43,5.11,1.83
2025-09-25,0.0,0.0,6.86,2.0,15.22,5.0,2.71,1.11,10.89,4.05
2025-09-26,0.0,0.0,25.31,6.0,48.25,11.0,1.41,0.35,2.98,0.65
2025-09-27,0.0,0.0,0.0,0.0,5.07,2.0,0.0,0.0,0.18,0.07
2025-09-28,0.0,0.0,30.74,8.0,64.27,13.0,5.08,1.51,6.2,1.68
2025-09-29,0.0,0.0,27.13,8.0,59.91,19.0,13.5,3.78,25.87,7.78
2025-09-30,0.0,0.0,0.0,0.0,5.74,2.0,0.0,0.0,0.0,0.0
2025-10-01,1.32,2.0,3.38,3.0,6.62,4.0,0.21,0.1,0.21,0.1
2025-10-02,7.55,3.0,7.55,3.0,17.93,5.0,0.99,0.4,0.99,0.4
2025-10-03,0.0,0.0,0.0,0.0,15.73,3.0,0.0,0.0,10.24,1.96
2025-10-04,6.79,3.0,21.93,10.0,57.8,19.0,3.94,2.29,10.69,4.59
2025-10-05,4.68,2.0,64.11,20.0,155.24,51.0,4.86,1.27,26.3,9.0
2025-10-06,0.0,0.0,0.0,0.0,0.0,0.0,0.0,0.0,0.0,0.0
2025-10-07,0.0,0.0,0.0,0.0,36.01,7.0,0.0,0.0,0.0,0.0
2025-10-08,5.37,7.0,6.0,8.0,6.0,8.0,3.81,4.56,3.81,4.56
2025-10-09,1.6,3.0,3.36,6.0,7.64,8.0,2.14,3.31,6.42,5.31
2025-10-10,0.28,1.0,6.9,4.0,25.69,10.0,1.94,1.67,4.79,2.74
2025-10-11,0.0,0.0,11.87,6.0,31.75,12.0,4.44,3.56,4.44,3.56
2025-10-12,0.63,1.0,8.54,6.0,54.83,15.0,5.81,4.21,20.14,8.82
2025-10-13,1.89,2.0,22.31,8.0,35.24,14.0,1.33,1.75,9.25,5.65
2025-10-14,1.07,3.0,8.82,8.0,58.24,20.0,0.99,1.52,21.93,7.9
2025-10-15,6.38,4.0,29.9,14.0,103.44,36.0,5.06,3.53,13.83,8.67
2025-10-16,2.32,1.0,36.96,10.0,340.41,71.0,2.46,1.62,49.23,10.16
2025-10-17,3.04,2.0,20.51,5.0,96.34,15.0,0.0,0.0,22.78,1.99
2025-10-18,0.0,0.0,3.13,1.0,28.07,8.0,0.0,0.0,13.73,2.16
2025-10-19,0.65,1.0,25.94,7.0,133.02,33.0,0.0,0.0,51.35,12.48
2025-10-20,1.49,2.0,63.18,17.0,347.38,86.0,0.0,0.0,42.78,8.6
2025-10-21,4.69,1.0,14.26,4.0,208.73,57.0,1.07,0.38,19.31,5.69
2025-10-22,0.0,0.0,30.03,7.0,175.5,40.0,3.04,1.52,12.62,5.67
2025-10-23,0.0,0.0,2.32,2.0,65.99,15.0,0.85,0.74,23.81,3.88
2025-10-24,0.0,0.0,12.0,3.0,49.22,12.0,0.0,0.0,8.2,0.95
2025-10-25,0.76,1.0,24.99,8.0,115.24,34.0,4.77,1.48,23.08,5.69
2025-10-26,5.66,4.0,30.79,15.0,322.57,95.0,7.18,3.3,102.22,34.89
2025-10-27,0.0,0.0,0.0,0.0,57.38,13.0,0.0,0.0,0.0,0.0
2025-10-28,0.0,0.0,0.0,0.0,17.88,2.0,0.0,0.0,0.0,0.0
2025-10-29,0.0,0.0,0.0,0.0,149.38,28.0,0.0,0.0,85.49,18.27
2025-10-30,0.0,0.0,0.91,1.0,69.47,11.0,0.0,0.0,0.0,0.0
2025-10-31,1.26,1.0,18.89,5.0,140.5,33.0,4.24,2.12,80.43,18.35
2025-11-01,5.46,4.0,15.06,8.0,207.36,48.0,0.38,0.17,95.67,18.07
2025-11-02,0.57,1.0,7.33,3.0,97.89,28.0,0.0,0.0,34.08,8.34
2025-11-03,0.0,0.0,46.03,8.0,173.86,32.0,4.72,1.97,64.86,13.22
2025-11-04,2.59,1.0,19.03,6.0,98.23,17.0,0.0,0.0,0.0,0.0
2025-11-05,12.58,10.0,56.48,22.0,230.17,70.0,14.82,8.35,55.74,21.24
2025-11-06,2.24,1.0,36.84,10.0,297.69,91.0,16.36,3.47,111.79,34.62
2025-11-07,11.86,4.0,35.66,10.0,155.92,45.0,25.83,6.92,97.51,27.24
2025-11-08,3.8,3.0,19.69,8.0,308.25,58.0,4.77,3.98,255.07,43.21
2025-11-09,1.75,4.0,39.72,15.0,462.33,87.0,27.68,7.6,338.63,58.93
2025-11-10,15.15,6.0,36.03,12.0,277.31,78.0,17.65,6.8,176.22,47.9
2025-11-11,13.41,5.0,70.77,23.0,374.97,109.0,32.21,11.13,227.06,60.84
2025-11-12,2.12,2.0,2.12,2.0,6.42,6.0,0.01,0.01,0.01,0.01
2025-11-13,13.31,7.0,42.09,12.0,122.99,31.0,10.23,3.2,69.8,15.49
2025-11-14,0.0,0.0,54.12,15.0,147.52,40.0,40.76,10.46,98.83,24.38
2025-11-15,3.27,4.0,56.53,21.0,287.23,65.0,20.68,7.98,140.84,33.98
2025-11-16,27.85,13.0,94.6,35.0,269.94,80.0,49.73,18.81,161.72,44.75
2025-11-17,22.39,11.0,88.37,33.0,163.97,57.0,41.87,13.75,58.22,20.69
2025-11-18,1.38,3.0,38.48,14.0,88.64,35.0,14.7,4.95,34.23,13.85
2025-11-19,2.4,1.0,21.37,6.0,49.97,13.0,4.59,1.69,24.49,6.47
2025-11-20,11.65,4.0,37.91,11.0,65.74,24.0,19.51,5.17,21.8,6.38
2025-11-21,28.53,8.0,91.52,28.0,133.03,42.0,18.97,4.1,23.34,5.49
2025-11-22,19.05,11.0,101.61,39.0,189.87,75.0,40.31,13.8,67.56,24.32
2025-11-23,16.37,8.0,57.27,28.0,128.19,47.0,23.45,12.26,33.55,16.02
2025-11-24,9.09,5.0,38.4,15.0,113.76,31.0,7.49,4.85,65.04,14.24
2025-11-25,19.23,13.0,40.8,24.0,89.51,40.0,5.72,4.57,20.13,9.12
2025-11-26,14.98,5.0,96.93,30.0,197.11,59.0,56.73,15.94,89.71,23.94
2025-11-27,35.89,18.0,110.58,50.0,260.7,102.0,38.92,17.43,107.32,40.74
2025-11-28,7.05,2.0,15.49,5.0,54.11,17.0,2.91,0.83,5.51,1.62
2025-11-29,23.91,6.0,37.61,11.0,61.87,18.0,14.11,5.62,15.13,6.1
2025-11-30,4.58,2.0,19.77,9.0,518.82,35.0,11.9,5.49,391.42,18.6
2025-12-01,36.7,12.0,82.47,24.0,146.25,44.0,33.38,9.6,62.06,18.89
2025-12-02,22.14,9.0,140.53,55.0,210.69,85.0,57.28,21.23,74.4,29.28
2025-12-03,27.53,13.0,99.53,38.0,220.9,80.0,22.91,8.97,42.54,14.61
2025-12-04,11.49,6.0,32.81,12.0,59.99,20.0,10.69,2.65,11.37,3.09
2025-12-05,40.33,13.0,75.3,26.0,107.6,34.0,12.65,4.67,18.4,7.44
2025-12-06,17.19,8.0,60.54,18.0,101.85,32.0,17.26,5.58,21.52,7.12
2025-12-07,39.91,15.0,114.56,38.0,208.52,66.0,11.31,4.46,19.29,7.16
2025-12-08,4.43,4.0,66.75,31.0,155.37,72.0,6.04,4.62,19.02,12.21
2025-12-09,11.55,9.0,35.62,18.0,123.84,43.0,9.98,4.73,33.62,10.13
2025-12-10,14.5,7.0,70.19,30.0,102.58,42.0,9.69,6.26,16.72,7.68
2025-12-11,24.58,14.0,55.05,29.0,110.83,49.0,15.5,7.0,28.6,11.84
2025-12-12,18.73,9.0,81.56,25.0,135.63,45.0,44.69,11.36,59.02,17.43
2025-12-13,20.28,9.0,73.45,28.0,144.12,57.0,13.3,5.7,64.86,28.04
2025-12-14,9.38,2.0,44.65,13.0,78.06,24.0,24.69,8.01,31.1,10.59
2025-12-15,3.29,5.0,42.24,20.0,54.83,28.0,8.74,7.14,8.74,7.14
2025-12-16,24.92,11.0,46.97,18.0,107.89,37.0,7.54,3.13,28.04,9.33
2025-12-17,20.89,8.0,55.72,21.0,81.9,28.0,15.93,5.04,25.32,7.67
2025-12-18,3.52,1.0,21.04,8.0,64.56,26.0,8.4,3.02,18.69,7.36
2025-12-19,0.41,1.0,0.41,1.0,30.6,13.0,0.0,0.0,12.22,2.37
2025-12-20,0.0,0.0,3.77,1.0,14.43,7.0,0.0,0.0,3.31,1.78
2025-12-21,0.0,0.0,0.0,0.0,1.47,2.0,0.0,0.0,0.28,0.38
2025-12-22,1.85,3.0,16.83,7.0,41.86,16.0,9.64,3.07,15.69,4.97
2025-12-23,33.62,16.0,92.19,40.0,157.3,56.0,21.69,11.67,45.43,16.17
2025-12-24,20.13,8.0,60.86,29.0,173.58,57.0,7.8,3.47,27.14,7.3
2025-12-25,13.45,4.0,23.01,8.0,33.54,11.0,11.85,3.45,11.85,3.45
2025-12-26,3.75,2.0,8.68,4.0,30.54,12.0,3.57,1.31,9.12,3.83
2025-12-27,36.0,11.0,53.63,19.0,71.5,26.0,18.27,5.83,19.15,6.77
2025-12-28,14.7,3.0,34.3,10.0,83.24,24.0,28.99,8.36,40.67,12.07
2025-12-29,0.0,0.0,23.73,10.0,56.97,26.0,4.36,1.81,6.96,3.37
2025-12-30,2.13,2.0,26.1,9.0,97.86,22.0,7.0,1.95,7.47,2.14
2025-12-31,0.0,0.0,3.53,1.0,7.44,3.0,0.0,0.0,3.07,1.13
2026-01-01,0.0,0.0,0.0,0.0,0.0,0.0,0.0,0.0,0.0,0.0
2026-01-02,0.65,1.0,0.65,1.0,11.98,3.0,0.0,0.0,0.0,0.0
2026-01-03,1.43,2.0,5.87,3.0,17.49,8.0,0.0,0.0,1.55,0.88
2026-01-04,9.25,5.0,18.4,9.0,42.14,16.0,2.33,0.99,3.34,1.25
2026-01-05,0.51,1.0,29.36,6.0,74.51,12.0,6.05,1.2,6.94,1.53
2026-01-06,0.0,0.0,2.71,1.0,7.04,2.0,0.0,0.0,0.0,0.0
2026-01-07,2.67,1.0,2.67,1.0,23.23,9.0,0.23,0.09,4.15,1.54
2026-01-08,26.49,10.0,93.93,20.0,125.94,28.0,51.44,10.43,60.07,12.51
2026-01-09,7.28,3.0,36.04,14.0,52.8,20.0,21.51,7.65,23.65,8.4
2026-01-10,20.07,8.0,61.35,21.0,98.82,30.0,7.83,3.2,10.3,4.27
2026-01-11,7.07,4.0,8.93,5.0,29.96,12.0,1.85,0.91,1.85,0.91
2026-01-12,22.85,8.0,35.57,14.0,102.63,33.0,16.68,5.79,37.49,12.47
2026-01-13,1.27,2.0,45.13,15.0,100.03,27.0,19.29,6.12,19.93,6.42
2026-01-14,21.26,10.0,48.14,19.0,72.78,31.0,9.05,3.03,13.44,5.06
2026-01-15,3.03,1.0,14.46,5.0,19.09,7.0,5.35,1.81,5.47,1.86
2026-01-16,0.0,0.0,3.51,1.0,10.9,4.0,0.0,0.0,0.12,0.16
2026-01-17,1.18,1.0,3.03,2.0,27.55,8.0,1.52,1.12,11.87,3.84
2026-01-18,9.73,5.0,43.37,17.0,105.76,33.0,9.97,3.9,39.94,10.82
2026-01-19,37.06,10.0,96.26,28.0,215.93,68.0,38.48,12.84,79.32,28.03
2026-01-20,12.51,8.0,61.19,22.0,191.44,68.0,31.0,8.48,53.41,15.65
2026-01-21,14.83,7.0,43.8,18.0,112.94,39.0,18.38,6.38,42.45,16.22
2026-01-22,25.79,6.0,48.9,13.0,162.03,42.0,11.6,2.38,23.76,5.88
2026-01-23,0.0,0.0,0.0,0.0,0.0,0.0,0.0,0.0,0.0,0.0
2026-01-24,0.0,0.0,0.0,0.0,0.0,0.0,0.0,0.0,0.0,0.0
2026-01-25,3.45,3.0,11.08,7.0,65.92,20.0,1.59,0.82,12.73,1.48
2026-01-26,10.51,4.0,49.46,15.0,92.31,22.0,4.03,0.59,4.03,0.59
2026-01-27,0.0,0.0,0.0,0.0,0.0,0.0,0.0,0.0,0.0,0.0
2026-01-28,2.17,2.0,2.17,2.0,9.7,4.0,0.0,0.0,1.03,0.14
2026-01-29,4.09,6.0,7.88,8.0,10.2,9.0,3.17,2.86,3.35,2.93
2026-01-30,8.45,6.0,43.35,15.0,61.81,21.0,20.06,4.87,29.36,7.53
2026-01-31,0.0,0.0,0.0,0.0,25.69,7.0,0.0,0.0,3.58,1.07
2026-02-01,0.63,1.0,0.63,1.0,3.2,2.0,0.17,0.27,0.17,0.27
2026-02-02,0.0,0.0,0.0,0.0,14.33,3.0,0.0,0.0,2.58,0.69
2026-02-03,0.94,1.0,6.62,3.0,29.05,6.0,5.22,2.38,14.73,3.08
2026-02-04,35.66,15.0,77.65,28.0,133.78,42.0,17.89,9.82,47.2,17.14
2026-02-05,41.59,17.0,74.96,30.0,248.46,71.0,14.41,5.82,69.01,18.34
2026-02-06,4.58,1.0,63.82,13.0,135.87,33.0,4.9,1.92,12.34,3.77
2026-02-07,0.0,0.0,27.55,8.0,117.23,28.0,12.62,3.4,58.84,10.86
2026-02-08,16.3,4.0,55.1,13.0,178.37,41.0,8.92,2.18,28.35,7.28
2026-02-09,35.49,17.0,57.65,27.0,115.24,43.0,22.74,9.05,49.19,15.35
2026-02-10,38.02,12.0,129.2,32.0,149.03,40.0,37.76,8.94,41.79,11.28
2026-02-11,24.64,12.0,49.65,20.0,181.68,39.0,18.68,7.41,48.73,13.05
2026-02-12,3.65,1.0,15.91,6.0,88.73,20.0,10.61,3.62,11.19,3.88
2026-02-13,13.72,7.0,86.1,17.0,158.44,26.0,7.94,2.64,54.83,6.13
2026-02-14,1.12,3.0,51.15,16.0,369.11,50.0,7.1,4.24,123.35,14.23
2026-02-15,8.14,7.0,61.13,24.0,267.15,77.0,26.36,9.46,117.7,31.07
2026-02-16,9.54,6.0,52.61,19.0,161.07,49.0,17.52,4.34,35.09,10.17
2026-02-17,6.32,2.0,38.78,9.0,126.97,31.0,16.27,3.25,29.48,6.36
2026-02-18,0.0,0.0,0.0,0.0,0.0,0.0,0.0,0.0,0.0,0.0
2026-02-19,12.56,10.0,30.78,16.0,76.56,25.0,10.13,3.99,25.08,7.54
2026-02-20,3.35,3.0,46.52,15.0,127.6,32.0,13.03,3.16,25.34,7.17
2026-02-21,14.05,6.0,39.08,15.0,196.91,56.0,12.49,5.2,38.22,10.42
2026-02-22,12.2,6.0,48.83,16.0,144.76,37.0,21.77,6.48,28.42,9.84
2026-02-23,10.07,3.0,41.12,11.0,200.56,29.0,6.59,2.68,131.24,12.28
2026-02-24,2.3,3.0,48.47,13.0,296.43,39.0,22.82,5.95,151.41,13.0
2026-02-25,18.65,5.0,41.97,12.0,231.05,39.0,17.72,6.18,47.02,12.0
2026-02-26,33.13,8.0,52.58,15.0,109.65,32.0,6.16,6.44,31.51,12.38
2026-02-27,2.42,1.0,83.78,5.0,100.37,10.0,5.0,1.47,13.5,4.03
2026-02-28,5.1,5.0,37.99,9.0,169.98,29.0,16.57,4.71,28.01,9.07
2026-03-01,11.62,6.0,92.28,14.0,185.77,37.0,5.83,2.11,17.73,4.7
2026-03-02,30.89,22.0,105.66,37.0,331.56,208.0,9.89,12.32,25.38,28.51
2026-03-03,6.09,5.0,51.36,17.0,636.11,115.0,7.4,2.02,121.95,25.58
2026-03-04,2.14,1.0,6.37,2.0,123.28,20.0,4.14,1.1,24.55,4.01
2026-03-05,11.86,6.0,13.89,7.0,26.59,12.0,3.21,1.69,3.21,1.69
2026-03-06,13.25,4.0,22.06,7.0,77.29,17.0,2.21,0.94,31.11,5.11
2026-03-07,4.93,2.0,10.54,5.0,52.32,12.0,4.65,1.92,16.69,3.82
2026-03-08,8.01,5.0,33.61,11.0,54.09,20.0,11.39,3.55,18.56,6.22
2026-03-09,3.86,1.0,17.56,5.0,84.24,19.0,1.99,0.52,7.89,2.72
2026-03-10,0.0,0.0,0.0,0.0,0.0,0.0,0.0,0.0,0.0,0.0
2026-03-11,0.0,0.0,0.0,0.0,0.0,0.0,0.0,0.0,0.0,0.0
2026-03-12,0.0,0.0,0.0,0.0,0.0,0.0,0.0,0.0,0.0,0.0
2026-03-13,1.48,3.0,2.46,5.0,3.48,7.0,0.97,1.81,0.97,1.81
2026-03-14,2.44,1.0,4.01,3.0,73.55,18.0,2.48,1.41,11.22,4.12
2026-03-15,2.54,1.0,4.72,5.0,8.83,8.0,0.0,0.0,0.22,0.13
2026-03-16,0.57,2.0,5.87,3.0,8.13,4.0,5.11,0.96,5.89,1.31
2026-03-17,0.67,1.0,7.29,5.0,7.29,5.0,4.62,1.71,4.62,1.71
2026-03-18,5.59,1.0,10.36,2.0,42.62,8.0,2.43,0.43,19.6,3.4
2026-03-19,0.0,0.0,0.0,0.0,0.0,0.0,0.0,0.0,0.0,0.0
2026-03-20,0.0,0.0,0.0,0.0,0.0,0.0,0.0,0.0,0.0,0.0
2026-03-21,0.0,0.0,1.38,2.0,3.43,4.0,0.96,1.39,2.94,3.32
2026-03-22,0.0,0.0,3.36,1.0,15.84,5.0,0.02,0.0,1.41,1.13
2026-03-23,0.82,2.0,7.66,7.0,16.81,11.0,0.4,1.39,0.4,1.39
2026-03-24,6.82,1.0,54.5,14.0,72.83,20.0,19.34,2.65,22.74,4.0
2026-03-25,3.57,2.0,15.33,5.0,45.92,15.0,3.08,1.2,3.99,1.57
2026-03-26,0.0,0.0,16.2,5.0,28.74,8.0,0.87,1.62,0.87,1.62
2026-03-27,0.0,0.0,1.46,1.0,18.87,3.0,1.1,0.75,3.48,1.37
2026-03-28,2.62,3.0,5.9,4.0,16.78,7.0,3.79,2.05,9.01,3.22
2026-03-29,0.95,2.0,1.48,3.0,48.94,12.0,0.94,1.98,18.03,4.14
2026-03-30,3.67,2.0,6.02,4.0,14.5,8.0,3.4,2.5,3.55,2.7
2026-03-31,0.0,0.0,6.99,3.0,11.9,6.0,0.24,0.6,2.64,2.43
2026-04-01,0.94,2.0,1.76,3.0,3.92,4.0,0.04,0.15,1.28,0.73
2026-04-02,0.0,0.0,5.6,3.0,45.65,14.0,0.12,0.05,6.21,1.19
2026-04-03,0.0,0.0,0.0,0.0,4.2,1.0,0.0,0.0,0.0,0.0
2026-04-04,3.66,2.0,3.66,2.0,9.75,3.0,0.45,0.96,1.74,1.17
2026-04-05,1.82,2.0,50.37,12.0,62.46,15.0,10.5,2.4,10.5,2.4
2026-04-06,2.53,1.0,2.53,1.0,3.16,2.0,0.0,0.0,0.0,0.0
2026-04-07,0.0,0.0,0.0,0.0,0.0,0.0,0.0,0.0,0.0,0.0
2026-04-08,0.73,1.0,1.63,3.0,1.63,3.0,0.0,0.0,0.0,0.0
2026-04-09,3.18,5.0,24.55,16.0,36.59,21.0,5.83,4.29,9.22,5.84
2026-04-10,0.95,2.0,42.49,13.0,59.65,19.0,5.02,4.6,6.29,5.31
2026-04-11,0.0,0.0,0.83,2.0,32.85,11.0,0.28,0.66,0.49,1.12
2026-04-12,15.04,4.0,32.1,10.0,64.57,20.0,5.26,2.1,21.63,6.91
2026-04-13,0.57,1.0,38.55,9.0,81.82,19.0,7.46,3.21,11.09,4.98
2026-04-14,63.57,7.0,100.16,19.0,144.31,35.0,19.74,4.99,32.45,6.99
2026-04-15,7.03,2.0,52.65,12.0,97.15,26.0,6.88,3.3,12.31,4.75
2026-04-16,147.4,5.0,254.05,16.0,336.11,33.0,31.4,2.17,36.16,3.01
2026-04-17,0.0,0.0,86.72,15.0,97.0,22.0,5.2,1.66,10.17,6.71
2026-04-18,22.99,6.0,182.56,46.0,333.73,89.0,20.43,6.5,45.42,14.07
2026-04-19,37.69,10.0,111.48,24.0,434.77,75.0,14.03,6.12,98.74,15.01
2026-04-20,28.72,12.0,161.58,41.0,485.67,112.0,34.31,9.23,101.08,15.94
2026-04-21,16.24,2.0,468.55,36.0,838.9,106.0,244.42,15.42,344.23,33.07
2026-04-22,120.4,11.0,456.68,69.0,1180.25,146.0,246.43,32.68,338.83,46.34
2026-04-23,64.32,16.0,676.87,120.0,1461.53,252.0,291.5,53.68,475.54,88.94
2026-04-24,53.77,9.0,731.81,86.0,1544.02,203.0,197.2,20.8,748.53,82.32
2026-04-25,208.56,35.0,1531.04,207.0,3307.06,483.0,925.03,115.93,2014.29,247.79
2026-04-26,57.43,6.0,769.94,87.0,2295.05,313.0,405.03,44.59,1282.86,121.14
2026-04-27,163.82,23.0,2207.54,249.0,5854.43,605.0,1400.36,142.24,4050.34,371.32
2026-04-28,0.0,0.0,0.0,0.0,0.0,0.0,0.0,0.0,0.0,0.0
2026-04-29,0.0,0.0,0.0,0.0,0.0,0.0,0.0,0.0,0.0,0.0
2026-04-30,0.0,0.0,0.0,0.0,0.0,0.0,0.0,0.0,0.0,0.0
2026-05-01,0.0,0.0,0.0,0.0,0.0,0.0,0.0,0.0,0.0,0.0
2026-05-02,0.0,0.0,0.0,0.0,0.0,0.0,0.0,0.0,0.0,0.0
2026-05-03,0.0,0.0,0.0,0.0,0.0,0.0,0.0,0.0,0.0,0.0
2026-05-04,0.0,0.0,0.0,0.0,0.0,0.0,0.0,0.0,0.0,0.0
2026-05-05,0.0,0.0,0.0,0.0,0.0,0.0,0.0,0.0,0.0,0.0
2026-05-06,0.0,0.0,0.0,0.0,0.0,0.0,0.0,0.0,0.0,0.0
2026-05-07,0.0,0.0,0.0,0.0,0.0,0.0,0.0,0.0,0.0,0.0
2026-05-08,0.0,0.0,0.0,0.0,0.0,0.0,0.0,0.0,0.0,0.0
2026-05-09,0.0,0.0,0.0,0.0,0.0,0.0,0.0,0.0,0.0,0.0
2026-05-10,0.0,0.0,0.0,0.0,0.0,0.0,0.0,0.0,0.0,0.0
2026-05-11,0.0,0.0,0.0,0.0,0.0,0.0,0.0,0.0,0.0,0.0
2026-05-12,0.0,0.0,0.0,0.0,0.0,0.0,0.0,0.0,0.0,0.0
2026-05-13,0.0,0.0,0.0,0.0,0.0,0.0,0.0,0.0,0.0,0.0
2026-05-14,0.0,0.0,0.0,0.0,0.0,0.0,0.0,0.0,0.0,0.0
2026-05-15,0.0,0.0,0.0,0.0,0.0,0.0,0.0,0.0,0.0,0.0
2026-05-16,0.0,0.0,0.0,0.0,0.0,0.0,0.0,0.0,0.0,0.0
2026-05-17,0.0,0.0,0.0,0.0,0.0,0.0,0.0,0.0,0.0,0.0
2026-05-18,0.0,0.0,0.0,0.0,0.0,0.0,0.0,0.0,0.0,0.0
2026-05-19,0.0,0.0,0.0,0.0,0.0,0.0,0.0,0.0,0.0,0.0
2026-05-20,0.0,0.0,0.0,0.0,0.0,0.0,0.0,0.0,0.0,0.0
2026-05-21,0.0,0.0,0.0,0.0,0.0,0.0,0.0,0.0,0.0,0.0
2026-05-22,0.0,0.0,0.0,0.0,0.0,0.0,0.0,0.0,0.0,0.0
2026-05-23,0.0,0.0,0.0,0.0,0.0,0.0,0.0,0.0,0.0,0.0
2026-05-24,0.0,0.0,0.0,0.0,0.0,0.0,0.0,0.0,0.0,0.0
2026-05-25,0.0,0.0,0.0,0.0,0.0,0.0,0.0,0.0,0.0,0.0
2026-05-26,0.0,0.0,0.0,0.0,0.0,0.0,0.0,0.0,0.0,0.0
2026-05-27,0.0,0.0,0.0,0.0,0.0,0.0,0.0,0.0,0.0,0.0
2026-05-28,0.0,0.0,0.0,0.0,0.0,0.0,0.0,0.0,0.0,0.0
2026-05-29,0.0,0.0,0.0,0.0,0.0,0.0,0.0,0.0,0.0,0.0
2026-05-30,0.0,0.0,0.0,0.0,0.0,0.0,0.0,0.0,0.0,0.0
2026-05-31,0.0,0.0,0.0,0.0,0.0,0.0,0.0,0.0,0.0,0.0
2026-06-01,0.0,0.0,0.0,0.0,0.0,0.0,0.0,0.0,0.0,0.0
2026-06-02,0.0,0.0,0.0,0.0,0.0,0.0,0.0,0.0,0.0,0.0
2026-06-03,4.5,4.0,25.99,14.0,34.02,18.0,2.09,2.0,2.83,2.41
2026-06-04,0.0,0.0,0.0,0.0,28.8,5.0,0.0,0.0,5.73,1.32
2026-06-05,0.0,0.0,1.26,2.0,22.49,7.0,0.0,0.0,9.59,2.12
2026-06-06,2.0,1.0,24.74,5.0,65.19,12.0,19.94,3.82,29.98,4.9
2026-06-07,9.05,5.0,9.05,5.0,17.61,10.0,1.0,0.94,1.92,1.37
2026-06-08,0.0,0.0,0.0,0.0,30.81,6.0,0.0,0.0,14.86,1.72
2026-06-09,0.0,0.0,66.25,10.0,114.81,23.0,49.06,6.84,84.08,13.93
2026-06-10,4.03,1.0,4.03,1.0,79.29,8.0,0.0,0.0,19.92,1.51
2026-06-11,4.76,2.0,4.76,2.0,9.91,3.0,0.0,0.0,0.0,0.0
2026-06-12,0.0,0.0,2.99,1.0,2.99,1.0,0.0,0.0,0.0,0.0
2026-06-13,0.0,0.0,1.16,1.0,1.16,1.0,0.03,0.02,0.03,0.02
2026-06-14,0.0,0.0,13.28,3.0,49.04,10.0,10.13,1.92,28.51,5.06
2026-06-15,0.9,1.0,0.9,1.0,19.09,10.0,0.0,0.0,0.0,0.0
2026-06-16,1.12,2.0,1.12,2.0,19.79,8.0,0.49,0.78,1.51,1.15
2026-06-17,1.82,3.0,26.83,7.0,87.49,23.0,1.51,0.83,34.89,8.96
2026-06-18,0.0,0.0,0.91,1.0,25.42,6.0,0.79,0.87,8.49,2.37
2026-06-19,7.49,4.0,7.49,4.0,31.31,11.0,0.82,1.0,9.07,3.21
2026-06-20,0.0,0.0,0.0,0.0,35.01,11.0,0.0,0.0,11.23,3.01
2026-06-21,4.45,3.0,6.65,4.0,49.65,14.0,2.28,1.07,24.94,3.59
2026-06-22,3.68,4.0,4.71,5.0,19.99,12.0,1.47,1.59,2.91,2.52
2026-06-23,0.0,0.0,0.0,0.0,145.92,32.0,0.0,0.0,4.88,1.2
2026-06-24,6.25,1.0,12.37,2.0,25.63,5.0,5.98,0.96,6.01,0.96
2026-06-25,0.0,0.0,7.32,1.0,76.92,18.0,0.0,0.0,12.66,3.34
2026-06-26,24.04,4.0,24.04,4.0,35.66,7.0,20.92,3.48,25.16,4.95
2026-06-27,5.49,1.0,31.7,7.0,116.57,22.0,16.21,2.81,17.21,3.04
2026-06-28,2.9,2.0,11.11,4.0,106.64,28.0,2.85,1.24,50.43,12.88
2026-06-29,0.0,0.0,5.27,1.0,15.32,4.0,2.77,0.53,6.01,1.48
2026-06-30,0.0,0.0,0.0,0.0,0.0,0.0,0.0,0.0,0.0,0.0
