date,frp50,n50,frp100,n100,frp200,n200,frpup100,nup100,frpup200,nup200
2015-01-01,7.59,2.0,14.22,4.0,41.36,11.0,8.81,2.55,16.83,5.36
2015-01-02,0.0,0.0,0.0,0.0,0.0,0.0,0.0,0.0,0.0,0.0
2015-01-03,0.0,0.0,0.0,0.0,0.0,0.0,0.0,0.0,0.0,0.0
2015-01-04,0.0,0.0,4.32,1.0,13.08,4.0,3.76,0.87,11.54,3.52
2015-01-05,3.39,1.0,49.87,18.0,101.79,34.0,13.92,5.9,38.41,11.63
2015-01-06,23.82,7.0,70.27,25.0,74.49,27.0,20.03,7.33,22.92,8.7
2015-01-07,0.0,0.0,0.0,0.0,12.97,5.0,0.0,0.0,5.2,1.78
2015-01-08,0.0,0.0,0.0,0.0,0.0,0.0,0.0,0.0,0.0,0.0
2015-01-09,0.0,0.0,7.5,1.0,13.19,3.0,0.0,0.0,1.94,0.93
2015-01-10,80.61,25.0,348.48,103.0,391.74,117.0,38.28,11.55,58.15,18.32
2015-01-11,9.53,3.0,14.69,5.0,32.75,9.0,10.17,2.86,10.17,2.86
2015-01-12,4.09,2.0,94.87,32.0,189.64,57.0,46.24,18.13,111.98,33.99
2015-01-13,2.43,1.0,53.59,16.0,74.44,27.0,17.97,5.78,22.98,8.66
2015-01-14,0.0,0.0,0.0,0.0,0.0,0.0,0.0,0.0,0.0,0.0
2015-01-15,0.27,1.0,8.76,4.0,41.25,15.0,4.62,2.49,22.94,7.37
2015-01-16,23.69,9.0,99.4,34.0,154.44,57.0,25.77,9.8,51.07,19.17
2015-01-17,0.0,0.0,23.17,6.0,53.47,13.0,12.06,3.28,34.28,8.28
2015-01-18,1.99,1.0,9.33,4.0,24.26,8.0,4.61,1.67,15.35,4.57
2015-01-19,12.83,4.0,58.86,16.0,62.01,17.0,25.39,6.92,26.67,7.32
2015-01-20,0.0,0.0,0.0,0.0,23.64,6.0,0.0,0.0,0.0,0.0
2015-01-21,27.64,8.0,72.29,23.0,142.23,40.0,35.29,10.96,91.08,24.18
2015-01-22,0.0,0.0,0.0,0.0,0.0,0.0,0.0,0.0,0.0,0.0
2015-01-23,0.0,0.0,0.0,0.0,34.04,3.0,0.0,0.0,5.46,0.32
2015-01-24,0.0,0.0,3.21,1.0,3.21,1.0,0.0,0.0,0.0,0.0
2015-01-25,7.08,1.0,23.5,6.0,34.25,9.0,9.48,2.94,12.26,3.82
2015-01-26,0.0,0.0,18.68,5.0,20.25,6.0,11.0,2.51,11.0,2.51
2015-01-27,0.0,0.0,34.89,13.0,71.72,27.0,12.18,4.5,26.63,9.92
2015-01-28,22.17,5.0,41.28,8.0,61.32,13.0,21.19,3.05,24.97,4.1
2015-01-29,9.39,2.0,30.07,9.0,81.11,22.0,9.74,3.78,20.49,6.55
2015-01-30,10.25,4.0,69.8,19.0,163.01,49.0,1.25,0.35,5.11,1.17
2015-01-31,40.38,6.0,174.36,35.0,545.03,68.0,23.17,7.63,54.29,13.96
2015-02-01,18.73,3.0,115.8,31.0,299.51,85.0,52.84,11.65,127.13,33.01
2015-02-02,19.55,4.0,45.04,10.0,97.98,22.0,27.21,6.27,48.32,11.62
2015-02-03,16.35,7.0,28.04,11.0,155.62,24.0,19.96,7.53,109.82,13.06
2015-02-04,0.0,0.0,3.19,1.0,16.06,5.0,2.89,0.91,2.89,0.91
2015-02-05,19.89,6.0,104.12,30.0,189.22,51.0,10.3,4.32,23.75,7.57
2015-02-06,17.4,8.0,153.42,42.0,290.67,84.0,63.43,22.43,127.07,39.47
2015-02-07,68.78,16.0,222.33,64.0,399.76,105.0,133.71,37.48,246.7,60.3
2015-02-08,16.33,3.0,127.01,25.0,229.85,48.0,46.64,7.92,59.49,10.65
2015-02-09,7.62,3.0,54.04,16.0,150.36,41.0,5.24,1.55,28.74,6.76
2015-02-10,0.0,0.0,92.78,12.0,215.53,40.0,33.52,2.96,44.88,5.76
2015-02-11,52.26,11.0,126.06,31.0,275.96,69.0,36.69,11.17,72.43,17.39
2015-02-12,8.47,4.0,132.98,41.0,324.58,89.0,44.76,13.82,82.56,20.79
2015-02-13,12.92,4.0,127.6,22.0,235.31,49.0,9.5,2.29,15.83,4.55
2015-02-14,39.1,10.0,98.03,26.0,231.59,58.0,27.43,8.39,88.24,22.68
2015-02-15,30.58,6.0,92.51,30.0,183.65,57.0,24.27,7.05,43.29,16.48
2015-02-16,1.27,2.0,23.87,7.0,69.64,14.0,4.88,0.9,32.27,5.64
2015-02-17,24.83,4.0,172.26,43.0,329.35,92.0,39.87,9.5,107.39,34.73
2015-02-18,9.1,3.0,84.9,20.0,183.72,47.0,9.84,2.95,32.41,8.56
2015-02-19,9.25,4.0,23.02,8.0,144.67,28.0,8.7,2.12,36.52,8.71
2015-02-20,5.13,2.0,12.0,5.0,59.62,14.0,6.38,1.77,23.25,4.26
2015-02-21,2.3,2.0,23.57,10.0,133.89,28.0,2.94,1.95,24.74,5.71
2015-02-22,41.09,4.0,63.73,10.0,187.54,38.0,11.25,2.15,24.96,5.73
2015-02-23,7.59,3.0,74.32,15.0,159.67,37.0,39.45,7.73,84.83,18.98
2015-02-24,0.0,0.0,0.0,0.0,0.0,0.0,0.0,0.0,0.0,0.0
2015-02-25,0.0,0.0,0.0,0.0,14.74,4.0,0.0,0.0,1.76,0.59
2015-02-26,0.98,1.0,20.8,6.0,47.7,15.0,10.36,3.2,22.41,7.15
2015-02-27,11.21,3.0,72.49,21.0,122.0,37.0,45.66,12.87,81.76,23.78
2015-02-28,3.68,1.0,18.54,6.0,76.78,22.0,4.06,1.2,27.11,9.79
2015-03-01,0.0,0.0,0.0,0.0,0.0,0.0,0.0,0.0,0.0,0.0
2015-03-02,0.0,0.0,0.0,0.0,0.49,1.0,0.0,0.0,0.0,0.0
2015-03-03,0.28,1.0,0.28,1.0,1.36,3.0,0.12,0.43,0.12,0.43
2015-03-04,0.63,1.0,3.92,4.0,15.74,11.0,2.36,1.01,2.67,1.1
2015-03-05,4.28,6.0,20.9,11.0,121.73,58.0,3.86,2.16,50.03,17.53
2015-03-06,0.0,0.0,8.58,3.0,59.85,18.0,0.04,0.01,21.1,5.38
2015-03-07,5.01,2.0,34.02,8.0,77.92,17.0,4.78,1.89,12.39,3.47
2015-03-08,0.0,0.0,0.0,0.0,0.0,0.0,0.0,0.0,0.0,0.0
2015-03-09,1.18,2.0,3.62,4.0,46.19,11.0,0.28,0.58,3.72,1.48
2015-03-10,1.84,4.0,12.83,9.0,130.65,37.0,4.17,3.25,17.7,7.95
2015-03-11,7.83,3.0,36.26,12.0,80.31,27.0,15.88,4.52,25.87,7.67
2015-03-12,0.0,0.0,40.31,10.0,155.9,30.0,15.62,4.24,67.35,11.27
2015-03-13,2.34,1.0,40.6,10.0,54.83,13.0,30.67,7.22,38.26,8.91
2015-03-14,0.0,0.0,0.0,0.0,0.0,0.0,0.0,0.0,0.0,0.0
2015-03-15,0.0,0.0,0.4,1.0,0.64,2.0,0.0,0.0,0.06,0.25
2015-03-16,9.31,4.0,34.52,11.0,125.81,28.0,7.62,2.28,54.28,11.0
2015-03-17,1.7,1.0,18.03,5.0,146.15,25.0,10.58,2.54,33.42,5.34
2015-03-18,2.74,2.0,75.86,8.0,115.42,21.0,45.88,1.49,46.73,2.52
2015-03-19,5.83,2.0,9.65,4.0,57.15,18.0,4.11,1.33,23.27,5.26
2015-03-20,24.11,4.0,30.22,6.0,80.56,16.0,4.98,1.69,11.92,3.35
2015-03-21,2.85,1.0,12.6,5.0,75.91,21.0,5.79,2.46,18.74,6.77
2015-03-22,12.77,2.0,25.81,5.0,139.59,25.0,11.37,2.18,21.35,4.12
2015-03-23,0.0,0.0,5.31,2.0,72.77,8.0,1.15,0.63,27.49,2.9
2015-03-24,0.0,0.0,1.78,1.0,53.9,10.0,0.02,0.01,12.62,2.19
2015-03-25,9.07,2.0,15.73,4.0,46.28,13.0,11.39,2.9,27.19,8.01
2015-03-26,0.0,0.0,10.27,3.0,61.79,15.0,0.0,0.0,9.73,2.67
2015-03-27,3.28,1.0,11.38,4.0,41.6,16.0,5.51,1.89,15.48,6.63
2015-03-28,0.0,0.0,37.32,5.0,61.61,11.0,7.55,1.92,28.04,5.4
2015-03-29,0.0,0.0,0.0,0.0,0.0,0.0,0.0,0.0,0.0,0.0
2015-03-30,0.0,0.0,0.0,0.0,0.17,1.0,0.0,0.0,0.14,0.84
2015-03-31,0.55,1.0,6.01,4.0,9.23,7.0,0.0,0.0,2.98,2.85
2015-04-01,0.0,0.0,13.62,3.0,24.77,6.0,9.79,2.25,20.04,4.99
2015-04-02,4.09,1.0,13.86,3.0,26.59,7.0,0.73,0.21,0.75,0.22
2015-04-03,0.0,0.0,0.0,0.0,0.0,0.0,0.0,0.0,0.0,0.0
2015-04-04,0.0,0.0,0.0,0.0,0.89,1.0,0.0,0.0,0.27,0.3
2015-04-05,0.69,2.0,20.48,10.0,42.4,14.0,8.49,3.37,24.37,6.12
2015-04-06,8.81,4.0,17.78,10.0,32.92,18.0,6.06,3.81,10.24,5.21
2015-04-07,0.0,0.0,0.92,1.0,11.79,6.0,0.32,0.34,1.49,1.57
2015-04-08,3.76,2.0,14.15,4.0,28.24,8.0,2.55,0.79,5.99,1.35
2015-04-09,0.0,0.0,9.51,3.0,33.15,10.0,3.49,0.91,12.08,3.61
2015-04-10,0.24,1.0,0.24,1.0,10.16,6.0,0.1,0.43,0.63,1.37
2015-04-11,12.45,3.0,24.24,8.0,63.84,21.0,2.92,0.97,13.54,3.7
2015-04-12,0.0,0.0,0.0,0.0,0.0,0.0,0.0,0.0,0.0,0.0
2015-04-13,0.0,0.0,0.0,0.0,0.0,0.0,0.0,0.0,0.0,0.0
2015-04-14,0.0,0.0,0.0,0.0,8.7,6.0,0.0,0.0,0.63,0.89
2015-04-15,0.0,0.0,7.19,2.0,22.57,7.0,0.96,0.24,7.7,2.44
2015-04-16,0.63,1.0,0.63,1.0,5.59,5.0,0.02,0.03,1.3,0.87
2015-04-17,1.08,1.0,2.43,2.0,26.47,10.0,0.36,0.34,2.08,0.93
2015-04-18,0.0,0.0,42.94,5.0,62.52,11.0,22.09,2.69,23.02,2.92
2015-04-19,2.13,1.0,22.27,8.0,35.57,13.0,16.54,5.73,16.54,5.73
2015-04-20,0.92,1.0,0.92,1.0,834.86,31.0,0.0,0.0,4.09,1.2
2015-04-21,0.0,0.0,23.19,7.0,98.78,21.0,0.38,1.0,43.17,6.59
2015-04-22,15.29,3.0,138.98,16.0,183.48,30.0,35.58,2.7,49.97,5.74
2015-04-23,0.0,0.0,127.31,16.0,185.68,26.0,51.84,5.59,65.87,7.23
2015-04-24,3.18,1.0,162.46,34.0,320.21,57.0,4.2,1.2,36.59,6.79
2015-04-25,11.64,5.0,66.71,23.0,162.79,39.0,5.74,2.04,18.78,4.74
2015-04-26,17.35,5.0,66.16,20.0,100.12,31.0,3.27,1.92,7.53,3.44
2015-04-27,23.47,7.0,95.52,35.0,173.08,61.0,15.37,4.72,32.31,10.17
2015-04-28,0.0,0.0,129.04,21.0,238.52,44.0,0.38,0.11,7.74,2.1
2015-04-29,0.0,0.0,324.6,53.0,520.65,112.0,2.3,0.94,39.64,11.82
2015-04-30,23.25,11.0,132.72,35.0,179.12,49.0,6.83,2.68,12.56,4.32
2015-05-01,84.87,16.0,480.9,102.0,790.25,186.0,116.33,28.09,253.48,63.65
2015-05-02,72.26,11.0,739.37,111.0,1890.4,258.0,307.74,55.96,1121.91,153.91
2015-05-03,88.8,12.0,940.18,123.0,2167.52,276.0,591.2,85.77,1587.91,196.57
2015-05-04,97.92,21.0,1063.38,140.0,3268.55,371.0,837.36,106.85,2688.92,285.64
2015-05-05,77.62,18.0,1047.37,222.0,4290.33,824.0,743.76,162.47,3500.55,661.74
2015-05-06,199.71,29.0,859.22,123.0,3709.82,489.0,97.29,13.27,250.05,31.94
2015-05-07,183.74,21.0,1009.7,135.0,4062.61,552.0,782.23,99.05,3172.08,408.4
2015-05-08,81.22,12.0,257.59,38.0,1142.69,183.0,108.93,17.32,499.33,65.18
2015-05-09,35.07,6.0,472.16,60.0,3428.99,464.0,22.58,2.15,26.76,3.36
2015-05-10,23.96,7.0,96.55,28.0,1039.86,265.0,46.45,16.46,663.18,179.84
2015-05-11,23.1,8.0,141.94,38.0,679.58,178.0,50.29,11.3,53.59,12.11
2015-05-12,13.27,4.0,204.62,36.0,1063.95,194.0,14.26,5.44,127.59,36.87
2015-05-13,0.0,0.0,0.0,0.0,394.23,77.0,0.0,0.0,203.13,42.78
2015-05-14,7.16,2.0,36.47,7.0,794.78,146.0,3.01,0.84,690.53,125.12
2015-05-15,3.23,1.0,65.7,7.0,161.68,33.0,22.57,1.63,49.66,8.14
2015-05-16,11.42,3.0,35.77,9.0,785.7,208.0,4.87,1.64,20.49,7.05
2015-05-17,19.88,3.0,93.21,17.0,712.15,147.0,40.5,6.15,62.54,12.21
2015-05-18,15.3,2.0,117.06,25.0,592.89,129.0,14.87,4.71,185.97,49.57
2015-05-19,0.0,0.0,0.0,0.0,72.25,19.0,0.0,0.0,3.96,1.63
2015-05-20,0.0,0.0,37.83,6.0,372.12,79.0,10.73,1.64,170.05,31.62
2015-05-21,82.33,7.0,153.82,23.0,882.06,200.0,51.19,6.61,186.71,36.12
2015-05-22,11.16,2.0,30.73,7.0,900.04,178.0,11.07,1.88,144.54,20.82
2015-05-23,7.95,3.0,76.8,9.0,594.81,114.0,1.34,1.08,10.95,4.66
2015-05-24,35.8,4.0,35.8,4.0,442.35,113.0,4.49,0.57,4.6,0.6
2015-05-25,0.0,0.0,12.27,4.0,191.71,44.0,3.9,2.22,17.65,3.58
2015-05-26,30.38,6.0,51.34,10.0,226.65,53.0,0.69,0.43,15.9,5.54
2015-05-27,12.94,1.0,46.85,6.0,184.33,44.0,23.22,2.89,59.27,10.02
2015-05-28,9.03,3.0,42.53,7.0,334.43,82.0,25.34,3.36,63.1,11.93
2015-05-29,28.75,4.0,50.87,8.0,207.36,73.0,5.58,1.22,35.31,11.84
2015-05-30,0.0,0.0,0.83,1.0,360.68,86.0,0.0,0.0,35.02,6.46
2015-05-31,8.59,2.0,36.46,5.0,108.87,48.0,10.65,1.53,42.38,13.74
2015-06-01,0.0,0.0,0.0,0.0,163.38,44.0,0.0,0.0,5.13,1.81
2015-06-02,0.0,0.0,0.0,0.0,219.66,61.0,0.0,0.0,117.44,47.42
2015-06-03,0.0,0.0,0.0,0.0,97.34,17.0,0.0,0.0,8.48,1.64
2015-06-04,0.0,0.0,0.0,0.0,264.01,98.0,0.0,0.0,57.84,18.63
2015-06-05,6.21,2.0,22.6,5.0,318.28,74.0,5.09,1.1,38.03,8.5
2015-06-06,12.68,4.0,18.59,7.0,247.66,78.0,10.65,3.54,21.06,6.06
2015-06-07,11.4,4.0,28.5,7.0,291.98,83.0,0.0,0.0,15.75,4.26
2015-06-08,0.0,0.0,0.0,0.0,504.91,112.0,0.0,0.0,83.48,15.97
2015-06-09,0.0,0.0,5.21,1.0,1117.04,184.0,0.0,0.0,5.86,0.64
2015-06-10,0.0,0.0,31.45,6.0,126.09,28.0,0.0,0.0,0.21,0.06
2015-06-11,0.0,0.0,0.0,0.0,363.63,50.0,0.0,0.0,17.24,3.39
2015-06-12,0.0,0.0,13.19,2.0,125.02,35.0,4.26,0.97,5.14,1.31
2015-06-13,0.0,0.0,0.0,0.0,40.16,15.0,0.0,0.0,0.0,0.0
2015-06-14,0.0,0.0,0.0,0.0,15.78,13.0,0.0,0.0,7.07,5.98
2015-06-15,0.0,0.0,8.89,1.0,25.54,10.0,0.0,0.0,0.0,0.0
2015-06-16,0.0,0.0,2.02,1.0,42.34,15.0,0.0,0.0,0.63,0.22
2015-06-17,0.0,0.0,0.0,0.0,58.96,9.0,0.0,0.0,0.02,0.0
2015-06-18,0.0,0.0,0.0,0.0,48.49,9.0,0.0,0.0,0.0,0.0
2015-06-19,0.0,0.0,29.05,4.0,67.02,15.0,0.8,0.17,7.45,1.87
2015-06-20,0.0,0.0,6.87,1.0,8.59,2.0,6.56,0.95,6.56,0.95
2015-06-21,0.0,0.0,0.0,0.0,0.0,0.0,0.0,0.0,0.0,0.0
2015-06-22,0.0,0.0,0.0,0.0,10.86,1.0,0.0,0.0,4.34,0.4
2015-06-23,0.0,0.0,0.0,0.0,4.25,1.0,0.0,0.0,0.0,0.0
2015-06-24,0.0,0.0,0.0,0.0,11.02,2.0,0.0,0.0,9.04,1.64
2015-06-25,0.0,0.0,0.0,0.0,1.55,1.0,0.0,0.0,1.53,0.99
2015-06-26,0.0,0.0,0.0,0.0,8.52,2.0,0.0,0.0,0.42,0.11
2015-06-27,0.0,0.0,0.0,0.0,0.0,0.0,0.0,0.0,0.0,0.0
2015-06-28,0.0,0.0,0.0,0.0,0.0,0.0,0.0,0.0,0.0,0.0
2015-06-29,0.0,0.0,0.0,0.0,0.0,0.0,0.0,0.0,0.0,0.0
2015-06-30,0.0,0.0,0.0,0.0,0.0,0.0,0.0,0.0,0.0,0.0
2015-07-01,0.0,0.0,0.0,0.0,6.33,1.0,0.0,0.0,0.0,0.0
2015-07-02,0.0,0.0,0.0,0.0,3.91,1.0,0.0,0.0,0.0,0.0
2015-07-03,0.0,0.0,0.0,0.0,0.0,0.0,0.0,0.0,0.0,0.0
2015-07-04,0.0,0.0,0.0,0.0,0.0,0.0,0.0,0.0,0.0,0.0
2015-07-05,0.0,0.0,0.0,0.0,0.0,0.0,0.0,0.0,0.0,0.0
2015-07-06,0.0,0.0,0.0,0.0,0.0,0.0,0.0,0.0,0.0,0.0
2015-07-07,0.0,0.0,0.0,0.0,0.0,0.0,0.0,0.0,0.0,0.0
2015-07-08,0.0,0.0,0.0,0.0,0.0,0.0,0.0,0.0,0.0,0.0
2015-07-09,0.0,0.0,0.52,1.0,0.52,1.0,0.49,0.95,0.49,0.95
2015-07-10,0.0,0.0,0.0,0.0,0.0,0.0,0.0,0.0,0.0,0.0
2015-07-11,0.0,0.0,0.0,0.0,0.0,0.0,0.0,0.0,0.0,0.0
2015-07-12,0.0,0.0,0.0,0.0,0.0,0.0,0.0,0.0,0.0,0.0
2015-07-13,0.0,0.0,0.0,0.0,0.0,0.0,0.0,0.0,0.0,0.0
2015-07-14,0.0,0.0,0.0,0.0,6.4,1.0,0.0,0.0,2.22,0.35
2015-07-15,0.0,0.0,0.0,0.0,0.0,0.0,0.0,0.0,0.0,0.0
2015-07-16,0.0,0.0,0.0,0.0,0.0,0.0,0.0,0.0,0.0,0.0
2015-07-17,0.0,0.0,0.0,0.0,0.0,0.0,0.0,0.0,0.0,0.0
2015-07-18,0.0,0.0,0.0,0.0,0.0,0.0,0.0,0.0,0.0,0.0
2015-07-19,0.0,0.0,0.0,0.0,0.0,0.0,0.0,0.0,0.0,0.0
2015-07-20,0.0,0.0,0.0,0.0,0.0,0.0,0.0,0.0,0.0,0.0
2015-07-21,0.0,0.0,0.0,0.0,0.0,0.0,0.0,0.0,0.0,0.0
2015-07-22,0.0,0.0,0.0,0.0,0.0,0.0,0.0,0.0,0.0,0.0
2015-07-23,0.0,0.0,0.0,0.0,0.0,0.0,0.0,0.0,0.0,0.0
2015-07-24,0.0,0.0,0.0,0.0,0.0,0.0,0.0,0.0,0.0,0.0
2015-07-25,0.0,0.0,0.0,0.0,0.0,0.0,0.0,0.0,0.0,0.0
2015-07-26,1.36,1.0,1.36,1.0,3.26,2.0,0.0,0.0,0.0,0.0
2015-07-27,1.85,1.0,1.85,1.0,9.09,4.0,0.0,0.0,1.18,0.93
2015-07-28,0.0,0.0,0.0,0.0,1.41,1.0,0.0,0.0,0.0,0.0
2015-07-29,0.0,0.0,0.0,0.0,0.0,0.0,0.0,0.0,0.0,0.0
2015-07-30,0.0,0.0,0.0,0.0,0.0,0.0,0.0,0.0,0.0,0.0
2015-07-31,0.0,0.0,0.0,0.0,0.0,0.0,0.0,0.0,0.0,0.0
2015-08-01,0.0,0.0,0.0,0.0,0.98,1.0,0.0,0.0,0.0,0.0
2015-08-02,0.0,0.0,0.0,0.0,0.0,0.0,0.0,0.0,0.0,0.0
2015-08-03,0.0,0.0,0.0,0.0,0.0,0.0,0.0,0.0,0.0,0.0
2015-08-04,0.0,0.0,0.0,0.0,0.0,0.0,0.0,0.0,0.0,0.0
2015-08-05,0.0,0.0,0.0,0.0,0.0,0.0,0.0,0.0,0.0,0.0
2015-08-06,1.31,1.0,1.31,1.0,1.31,1.0,0.59,0.45,0.59,0.45
2015-08-07,0.0,0.0,0.0,0.0,0.0,0.0,0.0,0.0,0.0,0.0
2015-08-08,0.0,0.0,0.0,0.0,0.0,0.0,0.0,0.0,0.0,0.0
2015-08-09,0.0,0.0,0.0,0.0,0.0,0.0,0.0,0.0,0.0,0.0
2015-08-10,0.0,0.0,0.0,0.0,0.0,0.0,0.0,0.0,0.0,0.0
2015-08-11,0.0,0.0,0.0,0.0,0.0,0.0,0.0,0.0,0.0,0.0
2015-08-12,0.0,0.0,0.0,0.0,6.11,2.0,0.0,0.0,0.02,0.0
2015-08-13,0.0,0.0,0.0,0.0,0.0,0.0,0.0,0.0,0.0,0.0
2015-08-14,0.0,0.0,0.0,0.0,0.0,0.0,0.0,0.0,0.0,0.0
2015-08-15,0.0,0.0,0.0,0.0,0.0,0.0,0.0,0.0,0.0,0.0
2015-08-16,0.0,0.0,0.0,0.0,0.0,0.0,0.0,0.0,0.0,0.0
2015-08-17,0.0,0.0,0.0,0.0,1.77,1.0,0.0,0.0,0.0,0.0
2015-08-18,2.26,1.0,2.26,1.0,2.26,1.0,2.18,0.96,2.18,0.96
2015-08-19,0.0,0.0,0.0,0.0,0.0,0.0,0.0,0.0,0.0,0.0
2015-08-20,0.0,0.0,0.0,0.0,0.0,0.0,0.0,0.0,0.0,0.0
2015-08-21,0.0,0.0,0.0,0.0,0.0,0.0,0.0,0.0,0.0,0.0
2015-08-22,0.0,0.0,0.0,0.0,0.0,0.0,0.0,0.0,0.0,0.0
2015-08-23,0.0,0.0,0.0,0.0,5.87,1.0,0.0,0.0,0.0,0.0
2015-08-24,0.0,0.0,0.0,0.0,0.0,0.0,0.0,0.0,0.0,0.0
2015-08-25,1.37,1.0,1.37,1.0,1.37,1.0,1.35,0.98,1.35,0.98
2015-08-26,0.0,0.0,0.0,0.0,11.16,2.0,0.0,0.0,1.72,0.31
2015-08-27,3.73,1.0,3.73,1.0,3.73,1.0,3.53,0.95,3.53,0.95
2015-08-28,0.0,0.0,0.0,0.0,0.0,0.0,0.0,0.0,0.0,0.0
2015-08-29,5.09,2.0,5.09,2.0,5.09,2.0,4.78,1.88,4.78,1.88
2015-08-30,0.0,0.0,0.0,0.0,0.0,0.0,0.0,0.0,0.0,0.0
2015-08-31,0.0,0.0,0.0,0.0,10.36,2.0,0.0,0.0,10.32,1.99
2015-09-01,0.0,0.0,0.0,0.0,1.66,1.0,0.0,0.0,0.15,0.09
2015-09-02,2.13,1.0,2.13,1.0,7.35,3.0,0.0,0.0,0.01,0.0
2015-09-03,0.0,0.0,0.0,0.0,0.0,0.0,0.0,0.0,0.0,0.0
2015-09-04,0.0,0.0,0.0,0.0,0.0,0.0,0.0,0.0,0.0,0.0
2015-09-05,2.1,1.0,2.1,1.0,34.07,5.0,2.1,1.0,11.6,2.24
2015-09-06,0.0,0.0,0.0,0.0,0.0,0.0,0.0,0.0,0.0,0.0
2015-09-07,0.0,0.0,2.13,1.0,16.65,7.0,1.32,0.62,5.33,2.28
2015-09-08,4.55,1.0,4.55,1.0,14.86,6.0,4.49,0.99,5.12,1.29
2015-09-09,3.37,1.0,6.2,2.0,16.58,4.0,0.0,0.0,7.46,1.42
2015-09-10,0.0,0.0,0.0,0.0,12.59,4.0,0.0,0.0,8.24,2.0
2015-09-11,0.0,0.0,0.0,0.0,4.93,1.0,0.0,0.0,4.91,1.0
2015-09-12,0.0,0.0,5.09,2.0,64.83,12.0,0.0,0.0,5.29,0.95
2015-09-13,0.0,0.0,0.0,0.0,45.93,13.0,0.0,0.0,3.49,1.25
2015-09-14,0.0,0.0,0.0,0.0,0.0,0.0,0.0,0.0,0.0,0.0
2015-09-15,0.0,0.0,1.44,1.0,9.36,4.0,0.0,0.0,0.0,0.0
2015-09-16,0.0,0.0,0.0,0.0,8.44,3.0,0.0,0.0,0.0,0.0
2015-09-17,0.0,0.0,3.39,1.0,49.5,15.0,0.0,0.0,0.0,0.0
2015-09-18,0.0,0.0,0.0,0.0,10.17,1.0,0.0,0.0,0.0,0.0
2015-09-19,0.38,1.0,0.38,1.0,0.38,1.0,0.0,0.0,0.0,0.0
2015-09-20,0.0,0.0,0.0,0.0,3.79,1.0,0.0,0.0,0.34,0.09
2015-09-21,0.0,0.0,0.0,0.0,3.06,1.0,0.0,0.0,0.0,0.0
2015-09-22,0.0,0.0,0.0,0.0,2.06,1.0,0.0,0.0,1.84,0.89
2015-09-23,1.96,1.0,1.96,1.0,2.52,2.0,0.0,0.0,0.0,0.0
2015-09-24,0.93,1.0,2.89,2.0,2.89,2.0,1.77,1.42,1.77,1.42
2015-09-25,0.65,1.0,0.65,1.0,0.65,1.0,0.0,0.0,0.0,0.0
2015-09-26,0.0,0.0,0.0,0.0,8.37,3.0,0.0,0.0,5.37,1.93
2015-09-27,0.0,0.0,0.0,0.0,33.39,4.0,0.0,0.0,30.62,3.71
2015-09-28,0.0,0.0,2.75,1.0,54.94,9.0,2.45,0.89,51.6,7.96
2015-09-29,1.92,1.0,4.21,2.0,120.39,36.0,3.33,1.6,110.48,32.57
2015-09-30,19.42,4.0,19.42,4.0,110.51,22.0,4.14,0.85,73.58,14.67
2015-10-01,0.0,0.0,0.0,0.0,88.93,27.0,0.0,0.0,82.14,25.16
2015-10-02,0.0,0.0,0.0,0.0,187.61,53.0,0.0,0.0,140.06,38.92
2015-10-03,32.2,4.0,37.65,7.0,312.51,60.0,2.0,0.93,243.96,46.3
2015-10-04,0.0,0.0,12.38,3.0,521.45,129.0,0.0,0.0,0.29,0.02
2015-10-05,6.36,2.0,12.71,4.0,363.94,84.0,0.0,0.0,10.58,3.06
2015-10-06,0.0,0.0,9.95,3.0,299.89,50.0,6.05,1.0,269.83,44.3
2015-10-07,0.0,0.0,3.58,1.0,180.33,39.0,0.0,0.0,145.07,30.48
2015-10-08,0.0,0.0,2.83,1.0,604.94,98.0,0.0,0.0,517.42,77.67
2015-10-09,13.35,4.0,19.6,5.0,891.38,178.0,10.77,2.68,309.76,61.87
2015-10-10,6.44,2.0,35.24,12.0,1018.51,231.0,2.95,1.15,81.26,15.12
2015-10-11,1.47,1.0,6.64,2.0,842.55,130.0,1.41,0.78,117.51,20.27
2015-10-12,0.0,0.0,0.0,0.0,455.11,90.0,0.0,0.0,26.31,4.05
2015-10-13,2.49,2.0,9.72,4.0,469.57,69.0,1.25,0.6,4.38,1.72
2015-10-14,0.28,1.0,46.66,11.0,656.97,119.0,1.8,0.42,18.54,6.49
2015-10-15,0.0,0.0,20.66,7.0,629.38,132.0,1.5,0.39,90.7,18.3
2015-10-16,0.0,0.0,11.08,2.0,681.42,138.0,2.73,0.48,41.5,7.91
2015-10-17,0.0,0.0,22.61,7.0,615.84,136.0,0.16,0.03,507.78,110.65
2015-10-18,25.46,2.0,45.29,6.0,882.52,201.0,3.64,0.91,16.21,3.8
2015-10-19,1.52,1.0,36.92,11.0,1283.3,237.0,7.06,3.08,723.17,128.14
2015-10-20,1.88,1.0,100.67,29.0,1939.14,396.0,4.08,1.86,1553.74,297.57
2015-10-21,6.5,3.0,47.54,12.0,1215.73,227.0,6.01,2.43,781.09,137.47
2015-10-22,24.99,6.0,121.35,25.0,1536.82,248.0,17.84,4.81,1057.53,163.04
2015-10-23,0.0,0.0,155.89,23.0,1684.4,284.0,0.0,0.0,1145.61,186.93
2015-10-24,3.88,2.0,150.75,33.0,2403.22,405.0,110.13,23.16,142.26,29.13
2015-10-25,26.22,7.0,395.37,79.0,2643.02,450.0,75.85,16.3,258.89,53.37
2015-10-26,4.51,1.0,225.53,46.0,514.89,120.0,4.13,1.24,141.24,36.36
2015-10-27,4.61,2.0,178.23,39.0,1438.42,262.0,15.95,5.04,948.45,162.25
2015-10-28,0.0,0.0,0.0,0.0,55.78,16.0,0.0,0.0,42.47,12.2
2015-10-29,3.23,3.0,18.67,10.0,1447.14,192.0,6.07,2.68,6.54,2.85
2015-10-30,32.51,12.0,230.1,48.0,3538.5,533.0,30.51,6.14,1142.57,178.81
2015-10-31,17.88,7.0,282.28,77.0,4261.23,748.0,93.8,24.66,194.55,50.31
2015-11-01,25.6,5.0,318.37,58.0,2992.51,499.0,16.43,3.14,158.16,35.53
2015-11-02,1.44,1.0,116.66,28.0,1927.95,325.0,11.13,3.5,465.41,76.22
2015-11-03,2.67,1.0,162.98,32.0,3219.79,636.0,2.8,1.1,2474.41,485.03
2015-11-04,13.65,6.0,240.94,63.0,4921.46,651.0,13.9,4.95,155.6,31.34
2015-11-05,0.0,0.0,235.61,48.0,556.52,118.0,81.7,16.79,145.98,28.91
2015-11-06,0.0,0.0,200.94,31.0,803.41,148.0,136.88,21.22,235.22,40.17
2015-11-07,0.93,2.0,78.95,14.0,242.54,40.0,0.23,0.43,44.97,10.03
2015-11-08,2.71,2.0,146.96,27.0,430.03,78.0,0.59,0.27,32.46,8.24
2015-11-09,0.63,2.0,57.43,10.0,933.35,186.0,0.0,0.0,120.17,29.01
2015-11-10,15.73,6.0,94.99,26.0,1833.41,370.0,8.81,2.6,1168.82,225.6
2015-11-11,36.46,8.0,300.47,71.0,2162.68,401.0,34.81,13.02,1440.06,247.24
2015-11-12,0.0,0.0,115.22,27.0,785.06,148.0,16.59,4.7,562.32,92.61
2015-11-13,0.0,0.0,55.7,10.0,344.15,76.0,0.0,0.0,197.99,42.39
2015-11-14,0.0,0.0,30.6,5.0,286.17,49.0,7.45,1.78,168.61,32.47
2015-11-15,2.84,1.0,81.41,20.0,551.01,122.0,13.52,4.96,362.81,78.83
2015-11-16,4.32,1.0,86.47,29.0,568.17,147.0,21.68,8.77,366.68,87.96
2015-11-17,7.43,2.0,45.33,14.0,419.41,96.0,12.95,4.85,276.74,52.75
2015-11-18,1.21,1.0,13.65,8.0,157.64,48.0,10.06,5.49,112.67,34.35
2015-11-19,1.11,1.0,30.22,10.0,247.06,61.0,6.62,2.15,168.03,38.44
2015-11-20,8.14,3.0,52.59,14.0,212.69,53.0,26.53,3.37,108.79,25.23
2015-11-21,1.99,2.0,67.43,20.0,225.7,70.0,22.44,7.14,119.84,34.43
2015-11-22,13.9,6.0,54.14,21.0,118.47,38.0,22.26,8.11,61.64,16.49
2015-11-23,2.4,1.0,15.0,6.0,33.35,12.0,2.0,0.93,7.51,1.92
2015-11-24,2.29,1.0,31.79,6.0,129.67,24.0,18.6,3.05,77.81,12.92
2015-11-25,0.0,0.0,1.68,1.0,12.11,6.0,1.63,0.97,8.67,3.3
2015-11-26,14.61,6.0,37.92,15.0,52.63,20.0,3.27,1.19,3.27,1.19
2015-11-27,5.69,2.0,23.08,11.0,30.26,13.0,8.68,3.28,12.57,4.34
2015-11-28,6.02,3.0,21.56,7.0,33.04,11.0,10.09,2.41,11.02,2.59
2015-11-29,0.0,0.0,9.62,4.0,16.64,7.0,4.94,2.07,9.99,4.48
2015-11-30,0.48,1.0,21.13,9.0,38.85,16.0,8.22,4.15,9.91,5.41
2015-12-01,9.29,5.0,52.02,14.0,82.55,24.0,35.26,7.04,40.66,9.51
2015-12-02,7.85,3.0,55.79,21.0,132.66,41.0,17.77,6.36,35.05,11.36
2015-12-03,15.46,7.0,44.82,17.0,85.87,31.0,6.49,3.12,9.41,4.03
2015-12-04,19.69,6.0,61.65,13.0,95.97,24.0,39.82,6.79,47.86,8.81
2015-12-05,22.91,6.0,62.54,17.0,99.63,24.0,10.72,3.08,13.74,4.28
2015-12-06,2.08,3.0,85.99,32.0,144.62,48.0,10.55,3.78,22.67,8.63
2015-12-07,35.48,11.0,90.7,30.0,124.8,39.0,5.98,1.74,11.89,2.67
2015-12-08,56.82,13.0,105.68,28.0,139.81,37.0,64.52,15.78,70.71,17.77
2015-12-09,0.5,1.0,0.5,1.0,7.49,5.0,0.0,0.0,0.0,0.0
2015-12-10,28.81,8.0,59.27,16.0,78.7,23.0,31.58,8.73,41.57,12.45
2015-12-11,0.0,0.0,13.0,4.0,42.97,11.0,3.73,1.71,16.61,5.46
2015-12-12,0.61,1.0,13.46,6.0,41.96,14.0,4.76,2.96,12.84,5.67
2015-12-13,35.41,14.0,148.76,53.0,218.03,78.0,17.22,7.21,37.61,12.58
2015-12-14,23.6,7.0,96.44,29.0,166.13,46.0,7.69,2.65,13.08,4.36
2015-12-15,30.29,6.0,78.56,25.0,144.46,43.0,9.45,3.41,11.22,3.67
2015-12-16,33.32,11.0,166.88,44.0,280.12,76.0,24.86,5.11,33.5,7.69
2015-12-17,51.22,13.0,181.89,42.0,295.21,71.0,91.06,21.56,154.3,39.4
2015-12-18,64.91,22.0,215.44,74.0,376.72,129.0,41.84,12.08,85.45,23.45
2015-12-19,12.35,4.0,132.49,41.0,278.0,80.0,43.91,12.66,68.3,18.4
2015-12-20,46.54,14.0,133.89,41.0,229.1,65.0,61.45,21.7,85.96,30.8
2015-12-21,50.64,18.0,141.88,47.0,209.83,69.0,50.61,17.46,81.34,27.77
2015-12-22,34.28,11.0,193.27,54.0,318.82,94.0,117.88,33.1,189.96,57.85
2015-12-23,62.7,17.0,168.82,56.0,327.37,103.0,39.7,15.07,81.65,25.72
2015-12-24,15.49,6.0,140.01,43.0,261.49,83.0,28.2,7.52,52.74,15.56
2015-12-25,14.35,6.0,57.43,19.0,163.74,49.0,21.12,8.2,47.75,13.59
2015-12-26,40.43,12.0,97.65,28.0,170.48,49.0,22.3,5.93,28.51,7.63
2015-12-27,30.77,7.0,114.22,26.0,216.76,50.0,32.76,7.42,56.22,13.98
2015-12-28,2.8,2.0,119.53,23.0,223.77,47.0,32.92,7.31,54.41,12.63
2015-12-29,31.27,11.0,99.67,35.0,267.13,83.0,24.44,6.87,35.12,9.0
2015-12-30,4.47,3.0,4.47,3.0,5.16,4.0,4.1,2.44,4.1,2.44
2015-12-31,17.66,7.0,82.03,30.0,200.57,80.0,33.52,11.79,53.9,19.89
2016-01-01,3.3,2.0,45.05,13.0,107.78,35.0,6.76,1.95,18.9,4.64
2016-01-02,5.26,5.0,125.6,26.0,275.78,73.0,24.16,6.71,61.26,16.32
2016-01-03,66.18,26.0,242.69,87.0,453.69,157.0,30.45,11.94,50.39,19.07
2016-01-04,35.92,9.0,129.5,29.0,213.15,52.0,30.23,7.67,50.34,14.42
2016-01-05,12.68,4.0,106.89,28.0,211.63,44.0,36.06,9.06,114.66,19.24
2016-01-06,16.05,2.0,34.02,6.0,83.94,18.0,17.29,3.28,56.5,12.74
2016-01-07,26.33,7.0,56.57,17.0,108.49,33.0,37.16,10.85,46.99,14.39
2016-01-08,42.19,15.0,105.43,40.0,207.09,74.0,10.36,4.57,24.72,9.33
2016-01-09,14.54,2.0,110.07,18.0,173.91,37.0,44.09,5.04,57.89,7.77
2016-01-10,37.73,7.0,122.49,30.0,226.58,59.0,33.82,8.36,49.97,12.43
2016-01-11,24.76,6.0,116.5,29.0,196.73,46.0,58.87,15.73,103.98,24.42
2016-01-12,20.7,5.0,65.06,16.0,136.0,35.0,23.02,5.4,42.85,11.82
2016-01-13,11.3,5.0,91.9,30.0,215.72,68.0,70.92,22.83,139.94,42.74
2016-01-14,2.52,1.0,7.7,2.0,34.96,7.0,1.12,0.45,1.13,0.45
2016-01-15,0.0,0.0,11.64,3.0,43.87,13.0,0.4,0.16,4.17,1.35
2016-01-16,11.49,4.0,47.49,11.0,56.36,14.0,16.18,2.69,16.85,2.94
2016-01-17,30.48,10.0,116.49,31.0,189.22,56.0,56.44,18.58,86.74,29.63
2016-01-18,57.29,13.0,167.18,39.0,258.62,67.0,81.02,19.23,108.47,28.55
2016-01-19,21.63,4.0,37.42,11.0,57.22,18.0,10.65,2.81,23.07,6.82
2016-01-20,0.0,0.0,0.0,0.0,44.08,10.0,0.0,0.0,6.44,1.46
2016-01-21,3.17,2.0,40.7,10.0,43.39,11.0,27.26,7.87,29.59,8.73
2016-01-22,10.17,4.0,74.21,22.0,116.74,35.0,26.06,6.69,35.8,10.0
2016-01-23,22.94,8.0,132.87,31.0,217.81,55.0,68.04,16.41,85.55,21.92
2016-01-24,10.12,5.0,66.86,24.0,251.96,69.0,14.15,5.77,52.58,13.45
2016-01-25,27.98,8.0,67.01,17.0,126.95,36.0,35.49,10.34,44.06,12.67
2016-01-26,11.63,3.0,44.2,9.0,89.64,21.0,10.84,2.86,43.76,12.04
2016-01-27,35.04,7.0,70.58,17.0,150.74,37.0,57.2,12.53,108.64,24.99
2016-01-28,0.0,0.0,70.71,14.0,181.21,31.0,14.46,3.87,57.78,8.75
2016-01-29,29.24,4.0,171.44,36.0,263.2,58.0,58.85,13.12,114.55,26.45
2016-01-30,19.6,7.0,160.63,48.0,347.11,100.0,68.49,21.28,141.49,38.7
2016-01-31,0.0,0.0,0.0,0.0,8.98,4.0,0.0,0.0,0.09,0.14
2016-02-01,0.0,0.0,39.82,14.0,201.73,47.0,11.14,3.74,90.53,15.39
2016-02-02,8.13,4.0,38.89,11.0,158.72,31.0,1.62,0.56,35.86,3.7
2016-02-03,33.18,10.0,134.11,26.0,269.81,57.0,46.52,10.5,65.53,15.1
2016-02-04,17.17,5.0,137.57,34.0,297.72,80.0,7.52,2.31,25.62,6.8
2016-02-05,41.26,7.0,142.05,28.0,267.91,61.0,30.88,6.29,51.85,9.85
2016-02-06,5.17,2.0,59.18,16.0,261.74,49.0,8.3,1.4,46.47,10.26
2016-02-07,3.36,1.0,22.51,7.0,74.25,16.0,4.49,1.19,8.42,2.19
2016-02-08,3.53,2.0,88.08,18.0,178.28,37.0,11.38,2.85,36.12,6.45
2016-02-09,41.3,11.0,125.42,33.0,213.84,63.0,26.62,7.13,48.9,12.99
2016-02-10,43.37,9.0,146.55,38.0,294.88,80.0,2.26,0.73,12.58,5.29
2016-02-11,28.29,5.0,81.96,14.0,124.58,24.0,28.91,4.71,34.92,8.18
2016-02-12,0.0,0.0,35.0,11.0,666.54,74.0,14.48,4.44,413.15,45.22
2016-02-13,0.0,0.0,12.68,3.0,27.84,8.0,1.62,0.36,3.8,1.14
2016-02-14,7.01,3.0,95.17,22.0,217.96,50.0,11.93,4.44,51.53,13.55
2016-02-15,0.91,2.0,11.66,7.0,79.56,26.0,3.39,2.51,26.75,8.77
2016-02-16,38.08,10.0,116.54,27.0,258.35,65.0,70.0,16.13,120.27,28.16
2016-02-17,8.14,1.0,45.47,11.0,186.64,47.0,20.32,6.06,53.93,14.27
2016-02-18,0.0,0.0,0.0,0.0,10.58,2.0,0.0,0.0,6.0,0.78
2016-02-19,0.0,0.0,0.0,0.0,0.0,0.0,0.0,0.0,0.0,0.0
2016-02-20,1.63,1.0,6.72,4.0,59.87,18.0,0.81,1.01,8.57,2.6
2016-02-21,10.82,4.0,39.84,13.0,111.8,30.0,8.62,2.85,17.39,4.47
2016-02-22,93.99,9.0,124.13,18.0,215.4,33.0,75.38,9.49,86.21,12.33
2016-02-23,7.7,2.0,34.96,10.0,158.84,39.0,7.44,2.21,13.66,4.71
2016-02-24,0.28,1.0,20.57,7.0,156.2,36.0,0.15,0.32,0.18,0.33
2016-02-25,4.9,2.0,26.41,9.0,426.65,73.0,1.31,0.87,62.11,12.98
2016-02-26,9.34,2.0,32.78,6.0,254.02,54.0,12.16,2.65,164.85,37.9
2016-02-27,5.81,2.0,32.76,6.0,172.23,45.0,0.91,0.18,1.68,0.39
2016-02-28,11.94,5.0,14.35,6.0,163.46,49.0,2.37,0.98,29.47,8.39
2016-02-29,0.84,1.0,14.47,3.0,194.92,20.0,0.0,0.0,2.7,0.76
2016-03-01,14.38,5.0,56.87,12.0,143.92,38.0,39.68,7.63,58.66,14.2
2016-03-02,0.42,1.0,40.72,9.0,104.25,32.0,26.46,4.4,56.86,15.16
2016-03-03,0.0,0.0,26.53,7.0,162.23,34.0,5.68,1.53,31.05,8.35
2016-03-04,0.0,0.0,7.88,2.0,87.08,27.0,5.55,1.39,12.11,3.73
2016-03-05,0.0,0.0,21.74,1.0,50.5,9.0,2.12,0.1,21.81,3.7
2016-03-06,0.65,1.0,0.65,1.0,11.04,8.0,0.0,0.0,5.79,4.53
2016-03-07,0.0,0.0,34.16,9.0,92.36,27.0,17.28,3.43,27.12,6.2
2016-03-08,7.66,1.0,36.77,6.0,169.52,30.0,21.65,4.0,46.19,8.23
2016-03-09,0.46,1.0,9.76,2.0,68.13,15.0,5.38,1.27,39.62,9.25
2016-03-10,0.0,0.0,4.85,2.0,20.71,8.0,2.61,1.07,6.87,2.54
2016-03-11,0.0,0.0,8.2,2.0,12.8,6.0,0.0,0.0,0.05,0.09
2016-03-12,0.0,0.0,2.16,1.0,16.46,6.0,2.02,0.94,13.39,4.08
2016-03-13,0.0,0.0,10.49,2.0,18.88,5.0,2.22,0.33,5.57,1.03
2016-03-14,0.0,0.0,0.0,0.0,8.41,2.0,0.0,0.0,1.72,0.41
2016-03-15,0.0,0.0,7.48,1.0,26.94,6.0,0.0,0.0,5.5,1.02
2016-03-16,0.63,1.0,3.43,2.0,18.37,5.0,0.47,0.75,0.47,0.75
2016-03-17,0.0,0.0,1.9,1.0,12.34,3.0,1.43,0.75,6.05,1.6
2016-03-18,3.55,3.0,15.54,6.0,112.07,20.0,0.09,0.08,11.74,2.06
2016-03-19,0.0,0.0,11.96,3.0,158.79,26.0,0.0,0.0,66.23,9.23
2016-03-20,0.0,0.0,3.5,1.0,23.24,7.0,1.44,0.41,16.82,5.07
2016-03-21,0.0,0.0,0.0,0.0,135.82,36.0,0.0,0.0,12.9,3.83
2016-03-22,13.99,1.0,19.12,4.0,143.18,36.0,14.43,2.08,16.25,2.86
2016-03-23,5.42,6.0,9.88,14.0,170.72,116.0,1.23,1.4,9.08,4.54
2016-03-24,3.25,1.0,3.25,1.0,175.89,40.0,0.09,0.03,0.84,0.23
2016-03-25,0.0,0.0,0.0,0.0,21.11,5.0,0.0,0.0,12.24,2.86
2016-03-26,0.0,0.0,0.0,0.0,2.34,2.0,0.0,0.0,0.05,0.04
2016-03-27,6.15,3.0,22.25,6.0,83.77,22.0,14.93,2.9,21.15,6.27
2016-03-28,18.52,5.0,37.08,9.0,162.08,40.0,9.8,1.9,10.04,2.03
2016-03-29,0.0,0.0,1.74,1.0,111.92,33.0,0.0,0.0,0.08,0.02
2016-03-30,0.0,0.0,0.0,0.0,43.77,12.0,0.0,0.0,15.16,0.92
2016-03-31,0.0,0.0,3.28,1.0,146.79,36.0,0.0,0.0,6.47,1.45
2016-04-01,3.25,1.0,10.4,3.0,75.99,29.0,2.34,0.72,5.52,1.39
2016-04-02,7.76,1.0,11.46,3.0,94.48,46.0,0.0,0.0,2.02,0.63
2016-04-03,0.0,0.0,0.42,1.0,57.56,25.0,0.0,0.0,0.0,0.0
2016-04-04,0.68,1.0,0.68,1.0,44.09,19.0,0.66,0.98,4.15,2.88
2016-04-05,0.0,0.0,4.6,1.0,21.79,7.0,0.0,0.0,7.46,2.49
2016-04-06,1.4,2.0,6.59,4.0,45.26,26.0,1.13,0.99,5.39,2.0
2016-04-07,16.84,5.0,30.41,9.0,467.01,118.0,2.76,2.51,48.08,14.12
2016-04-08,2.26,1.0,7.8,2.0,441.18,132.0,0.0,0.0,35.39,11.49
2016-04-09,2.88,1.0,12.22,4.0,404.6,90.0,2.89,0.96,89.87,16.9
2016-04-10,2.43,2.0,4.29,3.0,274.13,108.0,4.21,2.95,19.64,9.65
2016-04-11,1.56,2.0,24.46,10.0,402.65,119.0,9.41,4.97,15.14,8.34
2016-04-12,12.49,6.0,50.82,15.0,692.16,145.0,13.38,3.15,21.69,6.34
2016-04-13,7.95,2.0,57.5,13.0,782.09,192.0,31.01,6.05,160.58,17.76
2016-04-14,79.64,9.0,122.0,15.0,840.96,232.0,19.21,1.18,82.07,20.31
2016-04-15,10.37,3.0,248.69,17.0,617.55,147.0,74.36,6.16,75.28,6.91
2016-04-16,14.95,3.0,112.95,24.0,863.51,141.0,26.75,5.79,96.14,11.34
2016-04-17,0.0,0.0,49.68,10.0,503.83,84.0,17.53,3.89,26.17,6.39
2016-04-18,14.12,4.0,169.82,29.0,637.18,184.0,40.24,6.83,338.3,108.43
2016-04-19,4.44,2.0,142.76,15.0,587.16,131.0,46.64,4.46,47.75,5.14
2016-04-20,11.95,7.0,493.35,61.0,1389.0,201.0,386.92,39.76,628.23,65.22
2016-04-21,126.38,19.0,365.96,69.0,1461.25,334.0,200.22,36.1,396.0,71.0
2016-04-22,95.72,16.0,494.44,75.0,1883.79,250.0,200.2,26.36,789.39,83.47
2016-04-23,33.42,4.0,543.68,67.0,1913.49,406.0,286.43,33.91,714.87,107.84
2016-04-24,98.21,14.0,813.02,85.0,3819.15,701.0,436.84,41.87,1245.53,194.95
2016-04-25,40.7,4.0,539.09,51.0,3306.75,605.0,199.93,19.77,1082.45,170.12
2016-04-26,103.6,15.0,601.39,99.0,5168.53,1056.0,277.89,49.78,1972.64,326.22
2016-04-27,145.13,37.0,910.14,188.0,8598.73,1412.0,673.0,135.46,2827.48,500.95
2016-04-28,283.32,49.0,1514.88,198.0,8656.2,1249.0,1140.82,150.31,4467.1,583.97
2016-04-29,107.44,21.0,1118.3,143.0,7814.79,1063.0,924.01,114.8,3200.24,359.56
2016-04-30,30.72,6.0,594.01,58.0,3118.1,385.0,473.52,42.41,1628.9,137.24
2016-05-01,128.96,9.0,1059.4,89.0,5336.8,608.0,843.87,65.56,3334.9,305.77
2016-05-02,33.89,6.0,543.47,77.0,3538.08,484.0,166.9,21.59,564.62,68.71
2016-05-03,0.0,0.0,4.47,1.0,83.12,25.0,0.0,0.0,39.62,7.72
2016-05-04,79.95,12.0,179.13,26.0,518.31,87.0,38.5,4.71,179.98,23.62
2016-05-05,0.0,0.0,2.02,1.0,36.33,14.0,1.19,0.59,2.9,1.82
2016-05-06,0.32,1.0,103.37,26.0,1047.56,212.0,0.0,0.0,0.13,0.04
2016-05-07,4.9,3.0,87.86,26.0,602.21,149.0,8.91,5.47,18.3,8.39
2016-05-08,16.11,3.0,111.93,17.0,284.02,58.0,22.62,3.26,35.7,7.9
2016-05-09,3.73,1.0,46.81,12.0,281.46,66.0,0.73,0.1,16.36,3.72
2016-05-10,4.55,2.0,71.13,16.0,318.4,84.0,19.15,2.25,25.99,4.83
2016-05-11,0.0,0.0,31.71,8.0,142.16,36.0,1.65,0.37,9.53,1.04
2016-05-12,6.01,2.0,75.44,20.0,258.4,81.0,49.99,11.31,138.57,41.6
2016-05-13,7.18,1.0,62.51,12.0,183.6,41.0,16.95,4.98,61.25,15.8
2016-05-14,7.17,1.0,78.66,15.0,294.34,58.0,44.82,7.7,161.58,32.47
2016-05-15,51.23,5.0,211.08,26.0,645.69,103.0,79.95,9.68,287.52,49.56
2016-05-16,38.3,1.0,40.78,2.0,244.16,42.0,36.88,0.99,92.39,8.99
2016-05-17,0.0,0.0,19.55,2.0,319.7,50.0,5.46,0.89,72.62,10.88
2016-05-18,14.22,2.0,44.35,7.0,219.15,44.0,25.92,4.23,131.88,24.65
2016-05-19,0.0,0.0,12.85,2.0,152.57,24.0,1.24,0.19,6.78,2.35
2016-05-20,0.0,0.0,24.09,6.0,114.97,29.0,7.0,1.52,36.16,5.56
2016-05-21,0.0,0.0,4.45,1.0,66.09,25.0,0.52,0.12,9.37,4.2
2016-05-22,0.0,0.0,18.45,4.0,104.51,23.0,0.78,0.22,36.42,5.56
2016-05-23,5.81,1.0,11.92,3.0,51.66,7.0,5.78,1.0,17.7,2.53
2016-05-24,0.0,0.0,0.0,0.0,1.27,1.0,0.0,0.0,1.01,0.8
2016-05-25,0.72,1.0,0.72,1.0,22.34,6.0,0.29,0.41,2.54,0.76
2016-05-26,0.0,0.0,0.0,0.0,30.52,8.0,0.0,0.0,0.0,0.0
2016-05-27,0.0,0.0,16.44,2.0,49.52,8.0,3.87,0.33,10.79,2.07
2016-05-28,0.0,0.0,0.0,0.0,1.57,2.0,0.0,0.0,0.74,0.95
2016-05-29,0.0,0.0,1.46,1.0,1.46,1.0,0.0,0.0,0.0,0.0
2016-05-30,0.54,1.0,0.54,1.0,3.37,3.0,0.0,0.0,0.26,0.26
2016-05-31,0.0,0.0,8.46,2.0,17.19,5.0,0.0,0.0,0.0,0.0
2016-06-01,0.0,0.0,0.0,0.0,0.0,0.0,0.0,0.0,0.0,0.0
2016-06-02,0.0,0.0,0.0,0.0,0.0,0.0,0.0,0.0,0.0,0.0
2016-06-03,0.0,0.0,0.0,0.0,0.0,0.0,0.0,0.0,0.0,0.0
2016-06-04,0.0,0.0,29.82,3.0,31.96,4.0,3.87,0.33,3.87,0.33
2016-06-05,0.0,0.0,10.12,1.0,65.82,12.0,0.0,0.0,2.76,1.19
2016-06-06,0.0,0.0,0.0,0.0,2.96,2.0,0.0,0.0,1.5,1.19
2016-06-07,0.0,0.0,9.65,5.0,11.41,8.0,3.71,1.68,5.02,3.6
2016-06-08,0.0,0.0,0.0,0.0,8.49,2.0,0.0,0.0,0.0,0.0
2016-06-09,2.39,1.0,2.39,1.0,2.39,1.0,0.0,0.0,0.0,0.0
2016-06-10,0.0,0.0,5.76,2.0,32.64,5.0,1.51,0.47,13.54,1.08
2016-06-11,0.0,0.0,0.0,0.0,9.88,5.0,0.0,0.0,0.0,0.0
2016-06-12,0.0,0.0,97.17,3.0,101.51,4.0,0.0,0.0,0.0,0.0
2016-06-13,0.0,0.0,0.0,0.0,20.04,5.0,0.0,0.0,0.43,0.25
2016-06-14,0.0,0.0,0.0,0.0,1.23,1.0,0.0,0.0,0.72,0.59
2016-06-15,0.0,0.0,0.0,0.0,0.0,0.0,0.0,0.0,0.0,0.0
2016-06-16,0.0,0.0,0.0,0.0,0.0,0.0,0.0,0.0,0.0,0.0
2016-06-17,0.0,0.0,0.0,0.0,0.0,0.0,0.0,0.0,0.0,0.0
2016-06-18,0.0,0.0,3.19,1.0,5.23,2.0,3.17,1.0,5.21,1.99
2016-06-19,0.0,0.0,0.0,0.0,0.0,0.0,0.0,0.0,0.0,0.0
2016-06-20,0.0,0.0,0.0,0.0,0.0,0.0,0.0,0.0,0.0,0.0
2016-06-21,0.0,0.0,0.0,0.0,0.0,0.0,0.0,0.0,0.0,0.0
2016-06-22,0.0,0.0,0.0,0.0,2.76,2.0,0.0,0.0,1.68,1.17
2016-06-23,0.0,0.0,0.0,0.0,1.17,1.0,0.0,0.0,0.55,0.47
2016-06-24,0.0,0.0,0.0,0.0,0.0,0.0,0.0,0.0,0.0,0.0
2016-06-25,0.0,0.0,0.0,0.0,11.67,2.0,0.0,0.0,0.0,0.0
2016-06-26,0.0,0.0,2.25,1.0,2.91,2.0,0.0,0.0,0.0,0.0
2016-06-27,0.0,0.0,0.0,0.0,0.0,0.0,0.0,0.0,0.0,0.0
2016-06-28,0.0,0.0,0.0,0.0,0.38,1.0,0.0,0.0,0.38,1.0
2016-06-29,0.0,0.0,0.0,0.0,6.28,2.0,0.0,0.0,5.6,1.78
2016-06-30,0.0,0.0,0.0,0.0,0.0,0.0,0.0,0.0,0.0,0.0
2016-07-01,0.0,0.0,0.0,0.0,0.0,0.0,0.0,0.0,0.0,0.0
2016-07-02,0.0,0.0,0.0,0.0,0.0,0.0,0.0,0.0,0.0,0.0
2016-07-03,0.0,0.0,0.0,0.0,0.0,0.0,0.0,0.0,0.0,0.0
2016-07-04,0.0,0.0,0.0,0.0,0.0,0.0,0.0,0.0,0.0,0.0
2016-07-05,0.0,0.0,0.0,0.0,0.0,0.0,0.0,0.0,0.0,0.0
2016-07-06,0.0,0.0,0.0,0.0,0.0,0.0,0.0,0.0,0.0,0.0
2016-07-07,0.62,1.0,0.62,1.0,0.62,1.0,0.18,0.3,0.18,0.3
2016-07-08,0.0,0.0,0.0,0.0,0.0,0.0,0.0,0.0,0.0,0.0
2016-07-09,2.73,1.0,2.73,1.0,2.73,1.0,0.08,0.03,0.08,0.03
2016-07-10,0.0,0.0,0.0,0.0,0.0,0.0,0.0,0.0,0.0,0.0
2016-07-11,0.0,0.0,0.0,0.0,0.0,0.0,0.0,0.0,0.0,0.0
2016-07-12,0.0,0.0,0.0,0.0,0.0,0.0,0.0,0.0,0.0,0.0
2016-07-13,0.0,0.0,0.0,0.0,0.0,0.0,0.0,0.0,0.0,0.0
2016-07-14,0.0,0.0,0.0,0.0,0.0,0.0,0.0,0.0,0.0,0.0
2016-07-15,0.0,0.0,0.0,0.0,0.0,0.0,0.0,0.0,0.0,0.0
2016-07-16,0.0,0.0,0.0,0.0,0.0,0.0,0.0,0.0,0.0,0.0
2016-07-17,0.0,0.0,0.0,0.0,0.0,0.0,0.0,0.0,0.0,0.0
2016-07-18,2.19,1.0,2.19,1.0,4.84,2.0,1.07,0.49,1.07,0.49
2016-07-19,0.0,0.0,0.0,0.0,0.0,0.0,0.0,0.0,0.0,0.0
2016-07-20,0.0,0.0,0.0,0.0,0.0,0.0,0.0,0.0,0.0,0.0
2016-07-21,0.0,0.0,0.0,0.0,0.0,0.0,0.0,0.0,0.0,0.0
2016-07-22,0.0,0.0,0.0,0.0,0.0,0.0,0.0,0.0,0.0,0.0
2016-07-23,0.0,0.0,0.0,0.0,0.0,0.0,0.0,0.0,0.0,0.0
2016-07-24,0.0,0.0,0.0,0.0,0.0,0.0,0.0,0.0,0.0,0.0
2016-07-25,0.0,0.0,0.0,0.0,0.0,0.0,0.0,0.0,0.0,0.0
2016-07-26,0.0,0.0,0.0,0.0,0.0,0.0,0.0,0.0,0.0,0.0
2016-07-27,0.0,0.0,0.0,0.0,0.0,0.0,0.0,0.0,0.0,0.0
2016-07-28,0.0,0.0,0.0,0.0,0.0,0.0,0.0,0.0,0.0,0.0
2016-07-29,0.0,0.0,0.0,0.0,0.0,0.0,0.0,0.0,0.0,0.0
2016-07-30,0.0,0.0,0.0,0.0,0.0,0.0,0.0,0.0,0.0,0.0
2016-07-31,0.0,0.0,0.0,0.0,0.0,0.0,0.0,0.0,0.0,0.0
2016-08-01,0.0,0.0,0.0,0.0,0.0,0.0,0.0,0.0,0.0,0.0
2016-08-02,0.0,0.0,0.0,0.0,0.0,0.0,0.0,0.0,0.0,0.0
2016-08-03,0.0,0.0,0.0,0.0,0.86,1.0,0.0,0.0,0.86,1.0
2016-08-04,0.0,0.0,0.0,0.0,5.65,2.0,0.0,0.0,0.16,0.05
2016-08-05,0.0,0.0,0.0,0.0,0.0,0.0,0.0,0.0,0.0,0.0
2016-08-06,0.0,0.0,2.45,1.0,3.46,2.0,0.0,0.0,0.82,0.81
2016-08-07,0.0,0.0,0.0,0.0,0.0,0.0,0.0,0.0,0.0,0.0
2016-08-08,0.0,0.0,0.0,0.0,0.0,0.0,0.0,0.0,0.0,0.0
2016-08-09,0.0,0.0,0.0,0.0,0.0,0.0,0.0,0.0,0.0,0.0
2016-08-10,0.0,0.0,0.0,0.0,0.0,0.0,0.0,0.0,0.0,0.0
2016-08-11,0.0,0.0,0.0,0.0,0.0,0.0,0.0,0.0,0.0,0.0
2016-08-12,0.0,0.0,0.0,0.0,0.0,0.0,0.0,0.0,0.0,0.0
2016-08-13,0.0,0.0,0.0,0.0,0.0,0.0,0.0,0.0,0.0,0.0
2016-08-14,0.0,0.0,0.0,0.0,0.0,0.0,0.0,0.0,0.0,0.0
2016-08-15,0.0,0.0,0.0,0.0,0.0,0.0,0.0,0.0,0.0,0.0
2016-08-16,0.0,0.0,0.0,0.0,0.93,1.0,0.0,0.0,0.27,0.29
2016-08-17,0.0,0.0,0.0,0.0,0.0,0.0,0.0,0.0,0.0,0.0
2016-08-18,0.0,0.0,0.0,0.0,1.47,1.0,0.0,0.0,1.44,0.98
2016-08-19,0.0,0.0,0.0,0.0,2.38,2.0,0.0,0.0,0.57,0.99
2016-08-20,0.0,0.0,0.0,0.0,2.88,1.0,0.0,0.0,0.0,0.0
2016-08-21,0.0,0.0,0.0,0.0,0.0,0.0,0.0,0.0,0.0,0.0
2016-08-22,0.0,0.0,0.0,0.0,0.0,0.0,0.0,0.0,0.0,0.0
2016-08-23,0.0,0.0,0.0,0.0,0.0,0.0,0.0,0.0,0.0,0.0
2016-08-24,0.0,0.0,0.0,0.0,0.0,0.0,0.0,0.0,0.0,0.0
2016-08-25,0.0,0.0,0.0,0.0,0.0,0.0,0.0,0.0,0.0,0.0
2016-08-26,4.38,1.0,4.38,1.0,8.19,2.0,0.77,0.18,0.77,0.18
2016-08-27,0.0,0.0,0.0,0.0,0.0,0.0,0.0,0.0,0.0,0.0
2016-08-28,0.0,0.0,0.0,0.0,0.0,0.0,0.0,0.0,0.0,0.0
2016-08-29,0.0,0.0,0.0,0.0,0.0,0.0,0.0,0.0,0.0,0.0
2016-08-30,0.0,0.0,0.0,0.0,0.0,0.0,0.0,0.0,0.0,0.0
2016-08-31,0.0,0.0,0.0,0.0,0.0,0.0,0.0,0.0,0.0,0.0
2016-09-01,0.0,0.0,0.0,0.0,0.0,0.0,0.0,0.0,0.0,0.0
2016-09-02,0.0,0.0,0.0,0.0,0.0,0.0,0.0,0.0,0.0,0.0
2016-09-03,0.0,0.0,0.0,0.0,5.68,2.0,0.0,0.0,0.86,0.3
2016-09-04,3.63,2.0,3.63,2.0,17.63,6.0,0.02,0.01,0.7,0.2
2016-09-05,9.46,2.0,9.46,2.0,9.46,2.0,8.2,1.73,8.2,1.73
2016-09-06,0.0,0.0,0.0,0.0,18.79,5.0,0.0,0.0,4.36,1.16
2016-09-07,0.0,0.0,0.0,0.0,0.0,0.0,0.0,0.0,0.0,0.0
2016-09-08,1.91,1.0,1.91,1.0,10.56,4.0,1.9,1.0,4.94,2.05
2016-09-09,0.0,0.0,0.0,0.0,0.0,0.0,0.0,0.0,0.0,0.0
2016-09-10,7.68,2.0,8.08,3.0,8.08,3.0,7.73,2.44,7.73,2.44
2016-09-11,1.54,1.0,1.54,1.0,4.91,2.0,1.3,0.84,1.3,0.85
2016-09-12,0.0,0.0,0.53,1.0,3.65,2.0,0.12,0.22,0.29,0.28
2016-09-13,0.0,0.0,0.0,0.0,8.44,2.0,0.0,0.0,0.0,0.0
2016-09-14,7.14,3.0,7.14,3.0,7.14,3.0,0.0,0.0,0.0,0.0
2016-09-15,2.62,1.0,5.44,2.0,12.63,7.0,2.47,0.88,5.3,3.73
2016-09-16,0.0,0.0,0.0,0.0,23.48,4.0,0.0,0.0,23.08,3.93
2016-09-17,0.0,0.0,0.0,0.0,9.33,1.0,0.0,0.0,0.02,0.0
2016-09-18,0.0,0.0,0.0,0.0,26.11,6.0,0.0,0.0,0.0,0.0
2016-09-19,0.0,0.0,0.0,0.0,38.68,7.0,0.0,0.0,0.05,0.05
2016-09-20,0.0,0.0,7.24,2.0,48.54,14.0,0.0,0.0,0.0,0.0
2016-09-21,0.0,0.0,2.95,1.0,2.95,1.0,0.0,0.0,0.0,0.0
2016-09-22,0.0,0.0,0.0,0.0,11.51,3.0,0.0,0.0,0.0,0.0
2016-09-23,0.0,0.0,0.0,0.0,0.0,0.0,0.0,0.0,0.0,0.0
2016-09-24,0.0,0.0,0.0,0.0,34.85,10.0,0.0,0.0,0.15,0.09
2016-09-25,1.38,2.0,1.38,2.0,101.16,30.0,0.55,1.0,3.46,2.99
2016-09-26,1.28,1.0,3.24,2.0,33.39,13.0,0.0,0.0,10.41,4.22
2016-09-27,0.0,0.0,5.97,1.0,24.54,5.0,0.0,0.0,0.0,0.0
2016-09-28,1.47,1.0,1.47,1.0,19.74,6.0,0.0,0.0,0.0,0.0
2016-09-29,0.0,0.0,0.0,0.0,60.33,10.0,0.0,0.0,1.4,0.56
2016-09-30,2.92,2.0,2.92,2.0,103.15,27.0,0.61,0.98,8.55,2.84
2016-10-01,2.33,1.0,7.68,3.0,249.14,61.0,0.0,0.0,23.23,5.86
2016-10-02,0.0,0.0,0.0,0.0,125.92,23.0,0.0,0.0,23.31,6.55
2016-10-03,0.0,0.0,1.76,1.0,81.09,20.0,0.0,0.0,10.93,2.04
2016-10-04,0.0,0.0,0.0,0.0,30.66,7.0,0.0,0.0,9.17,2.0
2016-10-05,0.0,0.0,0.0,0.0,73.03,14.0,0.0,0.0,12.28,2.62
2016-10-06,0.0,0.0,1.52,1.0,472.73,115.0,0.0,0.0,25.86,6.92
2016-10-07,0.0,0.0,7.94,2.0,685.67,142.0,6.33,1.6,537.44,106.66
2016-10-08,4.02,2.0,9.21,3.0,466.65,71.0,3.75,1.87,374.51,55.53
2016-10-09,16.51,1.0,22.57,3.0,647.39,128.0,19.78,1.99,159.55,29.69
2016-10-10,0.0,0.0,14.06,4.0,1025.23,201.0,5.15,1.08,632.9,117.29
2016-10-11,8.92,3.0,35.78,11.0,1849.68,359.0,9.2,3.58,1252.3,243.93
2016-10-12,3.35,1.0,36.74,10.0,1787.26,351.0,16.16,3.87,777.53,142.05
2016-10-13,13.94,5.0,44.15,13.0,1826.57,322.0,10.82,3.6,804.96,138.6
2016-10-14,5.08,3.0,14.43,7.0,1908.79,342.0,5.31,3.09,1160.69,201.03
2016-10-15,4.54,1.0,34.26,8.0,1921.25,273.0,0.0,0.0,1484.37,197.41
2016-10-16,20.93,6.0,187.41,35.0,2703.62,465.0,23.46,6.4,876.61,146.32
2016-10-17,1.1,1.0,179.5,38.0,2185.06,455.0,14.4,2.31,1006.02,197.85
2016-10-18,5.43,2.0,87.03,16.0,1845.47,312.0,3.71,1.21,918.44,143.46
2016-10-19,0.0,0.0,48.42,15.0,1236.25,253.0,0.1,0.04,194.48,34.79
2016-10-20,3.2,1.0,93.73,24.0,1298.78,259.0,2.68,1.3,320.23,64.85
2016-10-21,19.72,7.0,92.71,25.0,2153.38,312.0,15.83,5.56,1090.32,129.26
2016-10-22,13.25,5.0,228.08,48.0,2399.76,469.0,12.25,5.5,1193.62,231.92
2016-10-23,7.16,2.0,195.51,42.0,2455.8,425.0,24.81,6.79,1252.07,194.05
2016-10-24,0.0,0.0,126.16,17.0,1886.82,227.0,3.06,0.99,1011.2,93.01
2016-10-25,7.06,1.0,126.56,23.0,1421.14,243.0,3.33,0.68,853.12,136.56
2016-10-26,3.95,2.0,514.62,32.0,3148.28,436.0,13.61,4.56,2293.91,326.71
2016-10-27,17.86,9.0,592.09,92.0,4151.92,609.0,51.64,16.64,2933.83,422.68
2016-10-28,17.15,5.0,468.7,81.0,3538.55,577.0,15.59,5.4,1313.65,197.87
2016-10-29,5.74,2.0,257.42,57.0,2698.11,407.0,38.62,8.3,202.05,44.16
2016-10-30,7.32,7.0,256.33,62.0,1725.43,274.0,1.86,1.6,125.33,25.92
2016-10-31,35.98,7.0,356.49,63.0,4881.64,609.0,16.91,3.23,2028.56,242.53
2016-11-01,0.0,0.0,498.47,77.0,4180.63,638.0,25.45,8.24,3181.06,471.17
2016-11-02,23.34,8.0,213.65,61.0,2339.85,476.0,17.94,7.6,1608.27,303.34
2016-11-03,29.26,6.0,557.01,80.0,3353.3,534.0,20.92,4.42,1930.86,313.44
2016-11-04,17.1,3.0,136.52,38.0,1201.52,238.0,2.2,0.78,658.43,114.89
2016-11-05,14.78,5.0,87.54,26.0,1274.08,285.0,5.62,1.33,914.5,199.32
2016-11-06,12.0,5.0,229.39,52.0,1920.61,347.0,16.58,6.7,1339.08,221.85
2016-11-07,30.81,8.0,210.51,62.0,3739.01,691.0,59.61,20.05,2961.27,509.99
2016-11-08,35.81,9.0,325.24,57.0,2367.26,387.0,55.08,13.33,1586.39,235.61
2016-11-09,1.78,3.0,104.02,25.0,1490.68,207.0,27.45,5.02,1163.25,143.86
2016-11-10,9.03,3.0,31.19,8.0,1123.08,210.0,4.51,1.4,80.89,15.23
2016-11-11,10.63,4.0,182.99,32.0,1466.63,258.0,19.85,4.68,83.21,18.17
2016-11-12,18.58,7.0,132.41,42.0,1408.17,284.0,43.44,10.93,125.17,27.22
2016-11-13,28.34,9.0,142.32,47.0,965.97,204.0,24.62,8.9,82.54,25.19
2016-11-14,6.19,2.0,44.52,18.0,389.29,88.0,10.07,4.08,111.43,22.74
2016-11-15,2.78,1.0,18.18,8.0,132.04,38.0,0.67,0.22,75.41,17.92
2016-11-16,0.0,0.0,51.94,12.0,491.76,86.0,4.0,1.08,373.8,54.52
2016-11-17,34.54,3.0,71.93,17.0,366.91,81.0,48.37,10.14,243.88,47.12
2016-11-18,10.2,2.0,97.85,34.0,377.13,105.0,32.28,12.49,203.27,50.4
2016-11-19,9.16,5.0,54.85,17.0,167.67,53.0,3.57,2.32,17.17,5.96
2016-11-20,13.4,5.0,40.45,14.0,243.89,47.0,8.97,3.01,20.85,8.12
2016-11-21,14.51,5.0,58.86,19.0,155.67,49.0,3.45,1.54,25.61,9.99
2016-11-22,5.84,3.0,35.61,16.0,143.04,42.0,14.99,5.81,97.57,24.37
2016-11-23,47.78,13.0,103.5,34.0,253.0,82.0,23.52,10.57,107.48,33.27
2016-11-24,21.26,6.0,102.43,30.0,288.41,76.0,18.54,7.95,59.89,17.92
2016-11-25,26.82,5.0,67.34,14.0,123.73,36.0,12.06,2.79,24.59,7.69
2016-11-26,8.79,2.0,36.2,11.0,83.74,25.0,20.96,5.04,37.45,8.83
2016-11-27,46.59,6.0,72.38,13.0,173.12,36.0,48.69,8.3,118.43,20.73
2016-11-28,10.62,4.0,104.9,24.0,175.01,46.0,56.26,10.12,66.35,13.68
2016-11-29,30.76,12.0,183.16,58.0,359.06,124.0,89.11,29.61,199.48,70.84
2016-11-30,45.08,11.0,121.35,31.0,223.69,61.0,24.92,6.2,52.36,13.12
2016-12-01,14.62,4.0,62.32,18.0,147.32,47.0,46.67,13.12,102.68,30.94
2016-12-02,26.55,11.0,47.05,20.0,128.32,48.0,4.29,1.83,16.05,5.59
2016-12-03,45.45,13.0,141.19,41.0,259.53,78.0,9.25,3.2,25.77,7.86
2016-12-04,55.17,13.0,157.87,43.0,388.5,123.0,43.82,8.39,75.27,18.61
2016-12-05,6.96,3.0,98.47,29.0,233.95,68.0,36.32,10.54,59.56,18.19
2016-12-06,18.46,6.0,23.14,8.0,51.85,16.0,19.61,6.69,38.16,11.52
2016-12-07,2.69,1.0,34.31,12.0,61.02,21.0,6.52,2.5,7.94,2.97
2016-12-08,37.05,11.0,59.43,18.0,121.91,34.0,10.28,3.75,17.03,5.74
2016-12-09,30.83,11.0,115.68,38.0,195.07,66.0,7.01,1.51,21.36,5.5
2016-12-10,0.75,1.0,0.75,1.0,0.75,1.0,0.0,0.0,0.0,0.0
2016-12-11,21.48,11.0,95.95,29.0,166.41,46.0,5.45,5.44,12.07,7.17
2016-12-12,3.98,2.0,80.02,23.0,109.14,34.0,26.46,7.59,30.17,9.49
2016-12-13,0.0,0.0,104.38,24.0,225.07,54.0,56.44,11.52,82.02,17.36
2016-12-14,33.13,9.0,192.92,58.0,348.69,104.0,43.78,13.22,73.35,21.6
2016-12-15,42.83,10.0,129.19,39.0,278.95,89.0,33.76,7.1,57.13,13.62
2016-12-16,64.08,12.0,178.82,46.0,258.17,69.0,60.21,14.55,86.32,20.99
2016-12-17,13.35,6.0,62.45,22.0,168.49,53.0,15.59,5.28,62.11,18.46
2016-12-18,54.87,13.0,174.97,55.0,326.95,102.0,45.89,14.13,81.15,23.33
2016-12-19,28.58,8.0,131.41,32.0,285.41,77.0,36.28,8.25,66.75,13.75
2016-12-20,26.34,8.0,116.74,42.0,213.91,73.0,28.63,8.2,41.37,12.17
2016-12-21,11.54,3.0,73.72,16.0,256.62,60.0,39.57,5.14,82.33,12.48
2016-12-22,18.67,6.0,84.78,21.0,152.31,34.0,35.89,10.39,58.35,14.98
2016-12-23,32.19,10.0,146.7,45.0,287.85,78.0,26.77,4.92,63.39,11.49
2016-12-24,31.67,10.0,140.49,43.0,272.29,80.0,14.49,4.82,59.18,15.19
2016-12-25,82.61,12.0,242.98,63.0,335.7,92.0,55.08,17.06,75.02,24.79
2016-12-26,32.54,8.0,104.24,33.0,178.7,62.0,20.42,6.33,34.73,11.76
2016-12-27,23.53,7.0,83.96,24.0,165.21,45.0,20.47,5.22,41.79,10.66
2016-12-28,13.91,5.0,30.42,11.0,75.36,25.0,0.0,0.0,2.37,0.67
2016-12-29,0.0,0.0,24.62,5.0,41.49,9.0,3.95,0.82,6.44,1.43
2016-12-30,39.19,12.0,195.83,54.0,332.96,95.0,28.05,7.71,70.14,21.6
2016-12-31,5.13,3.0,58.03,21.0,163.97,47.0,0.45,0.21,14.95,5.18
2017-01-01,29.05,7.0,85.35,24.0,229.2,61.0,44.77,9.97,108.3,25.62
2017-01-02,21.8,7.0,121.89,37.0,194.01,59.0,78.07,24.54,122.99,38.34
2017-01-03,3.19,3.0,63.25,22.0,174.47,57.0,24.07,9.05,63.46,22.81
2017-01-04,32.16,8.0,178.55,45.0,384.34,95.0,22.94,5.54,30.54,7.87
2017-01-05,45.83,16.0,189.82,66.0,333.71,108.0,9.84,2.75,21.66,5.86
2017-01-06,8.37,3.0,32.23,9.0,90.54,19.0,3.27,1.05,35.14,3.81
2017-01-07,0.0,0.0,0.0,0.0,0.0,0.0,0.0,0.0,0.0,0.0
2017-01-08,0.0,0.0,3.68,1.0,3.68,1.0,0.0,0.0,0.0,0.0
2017-01-09,5.61,2.0,37.29,10.0,40.24,12.0,7.89,2.53,9.65,3.9
2017-01-10,15.13,7.0,42.68,17.0,145.87,41.0,10.67,4.88,25.36,8.18
2017-01-11,17.7,5.0,53.11,12.0,175.14,48.0,10.78,1.62,33.5,6.6
2017-01-12,0.0,0.0,14.36,5.0,91.76,24.0,2.16,0.87,5.5,2.57
2017-01-13,4.46,2.0,48.14,17.0,110.44,35.0,19.61,7.44,47.95,15.14
2017-01-14,5.17,2.0,53.29,13.0,138.65,35.0,14.4,2.99,31.23,5.2
2017-01-15,23.72,7.0,141.99,38.0,283.44,76.0,11.88,3.62,44.94,13.07
2017-01-16,43.39,19.0,122.28,41.0,176.76,62.0,23.68,5.72,25.9,6.42
2017-01-17,5.56,2.0,10.52,3.0,29.16,8.0,3.48,0.7,3.48,0.7
2017-01-18,5.33,2.0,44.43,12.0,76.42,20.0,15.05,4.1,26.84,6.97
2017-01-19,6.82,4.0,48.88,14.0,143.45,40.0,19.33,4.27,44.77,10.64
2017-01-20,3.62,2.0,25.18,8.0,86.44,18.0,2.76,1.39,11.12,1.91
2017-01-21,3.38,2.0,30.89,11.0,85.03,23.0,11.98,4.63,39.19,9.5
2017-01-22,38.5,7.0,142.49,26.0,245.74,51.0,65.98,12.44,91.35,17.28
2017-01-23,0.0,0.0,23.49,6.0,70.84,17.0,6.96,1.86,20.68,4.86
2017-01-24,54.99,12.0,95.89,26.0,167.81,44.0,45.04,13.77,60.55,16.62
2017-01-25,11.64,1.0,16.96,2.0,16.96,2.0,4.93,0.93,4.93,0.93
2017-01-26,0.0,0.0,9.1,1.0,32.88,9.0,7.82,0.86,28.41,7.89
2017-01-27,0.0,0.0,0.0,0.0,1.08,1.0,0.0,0.0,0.0,0.0
2017-01-28,0.0,0.0,0.0,0.0,0.0,0.0,0.0,0.0,0.0,0.0
2017-01-29,0.0,0.0,0.0,0.0,0.55,1.0,0.0,0.0,0.0,0.0
2017-01-30,0.0,0.0,3.53,1.0,15.74,5.0,0.0,0.0,0.0,0.0
2017-01-31,18.66,4.0,44.91,12.0,97.16,28.0,5.23,1.8,22.28,6.15
2017-02-01,10.83,4.0,32.45,14.0,82.08,32.0,7.22,3.35,13.41,6.32
2017-02-02,15.42,4.0,93.79,19.0,106.7,23.0,21.45,5.32,22.28,5.67
2017-02-03,5.8,1.0,52.19,13.0,146.72,29.0,33.39,6.81,58.02,11.58
2017-02-04,0.0,0.0,0.0,0.0,18.72,6.0,0.0,0.0,5.93,1.96
2017-02-05,5.55,5.0,79.62,14.0,135.05,26.0,0.98,1.6,31.14,7.46
2017-02-06,14.86,5.0,62.5,15.0,178.82,46.0,41.1,6.44,65.51,12.81
2017-02-07,27.3,3.0,53.72,11.0,126.93,28.0,14.53,2.67,23.3,5.52
2017-02-08,36.42,5.0,137.43,33.0,227.33,54.0,70.79,16.28,106.17,26.44
2017-02-09,25.65,5.0,68.53,16.0,227.77,50.0,32.16,5.87,64.02,12.95
2017-02-10,0.0,0.0,46.24,13.0,233.23,55.0,19.2,5.54,65.36,12.82
2017-02-11,33.25,12.0,143.56,41.0,302.75,92.0,61.28,14.08,117.82,31.67
2017-02-12,25.83,5.0,163.4,43.0,381.12,101.0,61.84,16.68,155.87,44.53
2017-02-13,7.68,3.0,59.0,15.0,120.24,35.0,14.78,3.19,33.15,8.06
2017-02-14,5.46,2.0,33.88,11.0,82.86,24.0,7.04,2.59,9.16,4.59
2017-02-15,4.14,1.0,36.68,9.0,88.53,27.0,7.63,2.4,36.52,9.82
2017-02-16,12.44,5.0,45.75,15.0,194.91,51.0,2.99,1.05,32.87,7.83
2017-02-17,4.6,1.0,23.88,8.0,83.14,30.0,2.47,1.41,27.6,9.83
2017-02-18,2.91,1.0,40.9,10.0,129.98,28.0,11.69,2.48,13.59,3.21
2017-02-19,11.08,4.0,31.41,11.0,82.44,30.0,2.32,1.24,17.96,6.09
2017-02-20,1.15,2.0,7.74,4.0,46.85,15.0,0.63,0.15,21.65,5.41
2017-02-21,18.95,5.0,58.14,14.0,92.54,21.0,6.65,1.68,17.72,3.74
2017-02-22,34.12,7.0,81.67,23.0,156.77,49.0,38.25,6.46,56.03,13.27
2017-02-23,81.53,6.0,114.06,13.0,205.12,38.0,19.64,3.92,27.47,6.44
2017-02-24,2.74,2.0,27.16,8.0,65.27,20.0,5.6,3.54,22.67,9.35
2017-02-25,0.0,0.0,13.92,4.0,153.67,25.0,0.38,0.62,53.25,9.39
2017-02-26,36.3,7.0,52.83,13.0,148.84,38.0,28.35,5.8,38.61,9.59
2017-02-27,0.45,1.0,40.04,14.0,154.99,40.0,11.36,3.78,47.96,9.17
2017-02-28,0.0,0.0,62.11,11.0,106.7,23.0,34.44,4.05,48.08,6.39
2017-03-01,0.0,0.0,10.96,3.0,73.11,16.0,10.67,2.91,41.29,8.55
2017-03-02,3.29,2.0,19.44,6.0,83.48,19.0,7.9,2.29,40.8,8.36
2017-03-03,0.57,1.0,0.57,1.0,17.6,5.0,0.26,0.45,1.49,0.84
2017-03-04,18.94,7.0,37.36,13.0,122.69,34.0,7.24,3.0,10.06,4.56
2017-03-05,3.4,2.0,112.52,20.0,336.09,59.0,18.09,5.36,28.04,7.43
2017-03-06,20.11,8.0,51.1,13.0,163.87,42.0,3.76,3.82,17.01,7.3
2017-03-07,0.0,0.0,18.01,6.0,63.89,18.0,7.68,2.72,22.9,7.09
2017-03-08,0.0,0.0,0.0,0.0,0.0,0.0,0.0,0.0,0.0,0.0
2017-03-09,2.12,2.0,14.93,8.0,72.83,22.0,4.67,1.27,36.66,8.8
2017-03-10,3.68,3.0,5.21,4.0,40.13,18.0,0.0,0.0,9.91,4.66
2017-03-11,0.0,0.0,6.11,1.0,6.71,2.0,0.0,0.0,0.35,0.58
2017-03-12,1.42,2.0,9.16,5.0,50.69,18.0,7.09,4.21,10.6,7.17
2017-03-13,3.21,1.0,27.77,7.0,49.47,13.0,15.26,3.46,32.93,8.05
2017-03-14,18.37,4.0,28.06,7.0,78.09,22.0,11.98,3.51,37.28,8.81
2017-03-15,9.42,3.0,35.62,10.0,183.15,45.0,11.93,2.53,37.8,10.59
2017-03-16,8.93,2.0,19.6,5.0,50.19,12.0,4.24,0.93,4.88,1.91
2017-03-17,6.7,3.0,31.44,8.0,110.44,26.0,22.49,5.5,52.04,11.22
2017-03-18,3.3,2.0,9.49,4.0,48.06,14.0,4.74,2.13,15.42,5.32
2017-03-19,1.74,2.0,6.91,3.0,18.4,10.0,4.91,1.7,11.87,4.68
2017-03-20,0.4,1.0,5.83,2.0,60.3,9.0,0.0,0.0,12.03,1.39
2017-03-21,7.85,3.0,26.32,8.0,127.02,37.0,10.86,2.96,28.02,6.62
2017-03-22,3.71,1.0,15.55,4.0,57.45,14.0,6.68,2.0,14.39,3.81
2017-03-23,0.0,0.0,17.98,5.0,52.78,15.0,2.26,1.56,7.61,3.49
2017-03-24,2.24,1.0,8.25,2.0,54.19,14.0,2.18,0.97,8.28,2.84
2017-03-25,1.72,2.0,14.83,5.0,89.96,29.0,1.71,1.67,10.3,3.93
2017-03-26,0.0,0.0,6.51,3.0,156.24,29.0,0.32,0.37,11.38,2.15
2017-03-27,17.46,1.0,31.02,5.0,43.4,9.0,10.36,1.25,11.1,1.42
2017-03-28,0.0,0.0,23.38,4.0,64.79,8.0,0.2,0.04,2.24,1.11
2017-03-29,4.25,3.0,7.54,4.0,21.73,11.0,3.64,2.67,6.54,3.6
2017-03-30,3.54,1.0,3.54,1.0,153.08,47.0,3.39,0.96,4.81,1.81
2017-03-31,0.0,0.0,27.46,6.0,237.26,81.0,6.67,1.49,14.12,4.69
2017-04-01,2.78,1.0,15.69,5.0,202.21,52.0,4.36,2.77,12.33,5.47
2017-04-02,3.86,1.0,11.95,3.0,272.17,73.0,2.55,0.85,8.18,2.64
2017-04-03,12.76,4.0,35.61,9.0,354.01,109.0,3.05,0.67,20.93,4.69
2017-04-04,4.05,1.0,12.19,2.0,29.22,6.0,0.0,0.0,10.06,2.97
2017-04-05,5.53,2.0,43.93,7.0,53.63,11.0,8.07,1.96,8.22,2.03
2017-04-06,3.71,2.0,38.12,7.0,77.63,18.0,2.78,0.92,10.79,3.02
2017-04-07,1.73,2.0,18.81,6.0,46.55,14.0,1.11,0.74,5.78,2.96
2017-04-08,0.0,0.0,7.59,4.0,77.06,26.0,0.54,1.46,7.77,4.16
2017-04-09,4.64,2.0,72.94,19.0,314.5,78.0,9.52,2.98,34.21,10.57
2017-04-10,35.42,2.0,211.73,21.0,524.37,75.0,29.14,8.15,121.51,14.73
2017-04-11,6.58,3.0,24.46,14.0,160.45,50.0,3.87,3.96,20.57,8.86
2017-04-12,8.02,4.0,17.81,7.0,106.49,32.0,2.51,1.89,25.31,8.12
2017-04-13,8.02,3.0,25.51,7.0,106.87,23.0,12.77,4.03,14.47,4.27
2017-04-14,0.0,0.0,74.66,12.0,210.77,29.0,7.2,0.92,12.94,2.77
2017-04-15,49.13,7.0,183.91,26.0,258.18,43.0,60.58,9.59,63.47,12.21
2017-04-16,3.31,2.0,18.28,6.0,96.72,21.0,0.29,0.06,42.93,8.78
2017-04-17,3.88,1.0,56.99,6.0,115.92,23.0,31.37,2.05,47.41,6.58
2017-04-18,18.31,3.0,387.26,25.0,716.79,56.0,21.57,2.83,91.67,12.82
2017-04-19,4.11,1.0,94.91,23.0,523.85,69.0,30.5,7.2,398.67,39.79
2017-04-20,47.17,6.0,217.21,36.0,314.6,53.0,22.31,3.58,27.62,6.13
2017-04-21,3.1,1.0,253.69,44.0,329.78,73.0,109.01,20.01,120.58,24.52
2017-04-22,0.0,0.0,35.83,8.0,60.49,18.0,4.63,0.51,14.44,3.78
2017-04-23,37.51,5.0,172.18,36.0,368.27,68.0,73.96,16.21,197.51,30.18
2017-04-24,41.95,7.0,289.9,80.0,478.35,124.0,211.77,54.52,350.77,83.95
2017-04-25,24.02,9.0,223.32,48.0,991.49,192.0,126.02,25.96,439.7,70.15
2017-04-26,43.76,8.0,831.96,85.0,1547.19,255.0,554.6,54.02,893.21,114.52
2017-04-27,30.81,5.0,224.74,37.0,672.75,138.0,83.7,12.08,303.18,69.7
2017-04-28,0.0,0.0,26.45,14.0,521.72,117.0,19.51,10.08,248.27,55.14
2017-04-29,11.64,7.0,300.9,64.0,803.61,172.0,15.78,3.88,66.84,22.47
2017-04-30,98.64,18.0,435.8,99.0,849.03,208.0,9.47,2.4,62.3,18.08
2017-05-01,128.45,18.0,1094.11,134.0,3340.28,373.0,516.89,71.2,2023.26,227.88
2017-05-02,352.18,32.0,1989.12,231.0,4212.93,543.0,847.21,114.43,2397.82,339.32
2017-05-03,6.12,1.0,53.95,6.0,351.84,29.0,1.15,0.13,1.23,0.14
2017-05-04,88.46,13.0,789.31,101.0,1994.11,321.0,590.57,74.08,1468.85,228.06
2017-05-05,195.88,30.0,828.69,152.0,3525.45,666.0,650.23,124.44,2589.55,488.75
2017-05-06,237.77,26.0,1020.07,116.0,2664.33,411.0,768.38,84.78,2023.44,292.1
2017-05-07,298.4,22.0,820.33,95.0,3180.45,423.0,480.26,57.6,2265.14,288.68
2017-05-08,15.21,3.0,100.08,23.0,670.03,139.0,7.37,2.22,74.49,19.82
2017-05-09,33.17,8.0,212.6,40.0,949.41,185.0,12.19,3.63,164.12,23.59
2017-05-10,14.51,6.0,146.79,36.0,502.86,120.0,13.81,4.82,55.2,12.73
2017-05-11,15.62,4.0,92.87,21.0,571.53,92.0,44.19,11.71,90.01,24.11
2017-05-12,31.86,5.0,188.64,35.0,407.57,87.0,39.16,7.0,60.57,15.2
2017-05-13,20.37,5.0,112.2,24.0,634.63,127.0,70.12,14.5,368.3,71.08
2017-05-14,55.02,8.0,195.77,25.0,1094.06,135.0,94.45,11.07,662.87,67.64
2017-05-15,9.97,2.0,63.84,16.0,398.68,92.0,24.42,7.42,149.64,34.45
2017-05-16,5.45,1.0,31.28,9.0,260.7,59.0,16.48,5.73,193.08,42.17
2017-05-17,28.9,4.0,42.77,8.0,229.5,46.0,10.45,1.83,23.32,2.72
2017-05-18,25.34,4.0,35.5,6.0,455.92,88.0,19.86,3.07,55.28,10.91
2017-05-19,3.1,2.0,35.89,6.0,555.07,83.0,0.71,0.2,44.89,9.79
2017-05-20,0.0,0.0,22.77,5.0,565.28,52.0,0.87,0.26,76.42,6.98
2017-05-21,0.0,0.0,16.66,4.0,48.8,15.0,14.76,2.92,24.03,5.88
2017-05-22,0.0,0.0,0.0,0.0,26.66,8.0,0.0,0.0,21.35,4.6
2017-05-23,25.26,4.0,44.12,7.0,395.76,64.0,5.45,1.26,180.04,33.12
2017-05-24,7.98,1.0,11.49,2.0,143.19,27.0,4.31,0.54,25.31,5.32
2017-05-25,0.0,0.0,46.42,7.0,156.19,31.0,9.18,1.93,12.91,3.45
2017-05-26,0.0,0.0,17.4,4.0,91.05,21.0,2.38,0.49,17.8,3.82
2017-05-27,0.0,0.0,14.39,3.0,24.47,6.0,3.23,0.68,3.23,0.68
2017-05-28,1.37,1.0,17.32,6.0,87.49,24.0,0.05,0.02,13.48,2.89
2017-05-29,0.0,0.0,0.0,0.0,1.88,1.0,0.0,0.0,0.0,0.0
2017-05-30,1.75,1.0,14.83,4.0,85.25,18.0,0.0,0.0,10.33,1.97
2017-05-31,0.0,0.0,0.0,0.0,10.21,3.0,0.0,0.0,9.0,1.61
2017-06-01,0.0,0.0,5.54,1.0,7.71,2.0,0.0,0.0,1.19,0.55
2017-06-02,0.0,0.0,18.12,3.0,108.97,19.0,0.0,0.0,22.61,4.38
2017-06-03,0.0,0.0,0.0,0.0,124.33,25.0,0.0,0.0,22.64,4.74
2017-06-04,0.0,0.0,0.0,0.0,111.7,17.0,0.0,0.0,1.32,0.37
2017-06-05,7.4,2.0,24.85,6.0,35.88,10.0,12.47,2.68,12.48,2.68
2017-06-06,13.49,2.0,15.87,3.0,36.11,5.0,0.0,0.0,0.0,0.0
2017-06-07,0.0,0.0,0.0,0.0,1.48,1.0,0.0,0.0,0.68,0.46
2017-06-08,3.84,1.0,3.84,1.0,3.84,1.0,2.84,0.74,2.84,0.74
2017-06-09,1.6,1.0,1.6,1.0,2.04,2.0,1.6,1.0,1.6,1.0
2017-06-10,0.0,0.0,7.16,2.0,25.96,7.0,4.67,1.31,8.66,3.05
2017-06-11,0.0,0.0,0.0,0.0,15.67,7.0,0.0,0.0,0.0,0.0
2017-06-12,0.0,0.0,8.93,2.0,42.43,10.0,0.02,0.0,5.33,0.76
2017-06-13,0.0,0.0,16.13,5.0,44.58,15.0,8.99,2.43,13.02,2.98
2017-06-14,0.0,0.0,0.0,0.0,55.84,17.0,0.0,0.0,0.0,0.0
2017-06-15,0.0,0.0,0.0,0.0,12.34,6.0,0.0,0.0,1.28,0.38
2017-06-16,0.0,0.0,0.0,0.0,9.43,4.0,0.0,0.0,0.0,0.0
2017-06-17,0.0,0.0,3.54,1.0,16.81,5.0,0.0,0.0,0.0,0.0
2017-06-18,0.0,0.0,6.67,2.0,23.53,7.0,0.24,0.28,0.3,0.3
2017-06-19,0.0,0.0,0.0,0.0,1.96,1.0,0.0,0.0,0.0,0.0
2017-06-20,0.0,0.0,0.0,0.0,0.0,0.0,0.0,0.0,0.0,0.0
2017-06-21,0.43,1.0,0.43,1.0,5.49,3.0,0.43,1.0,0.43,1.0
2017-06-22,0.0,0.0,0.0,0.0,0.34,1.0,0.0,0.0,0.0,0.0
2017-06-23,1.18,1.0,1.18,1.0,16.67,3.0,1.17,1.0,7.07,1.71
2017-06-24,6.03,1.0,12.13,3.0,43.26,13.0,4.63,0.92,18.74,5.41
2017-06-25,0.0,0.0,0.0,0.0,29.84,2.0,0.0,0.0,3.32,0.13
2017-06-26,0.0,0.0,0.0,0.0,27.71,5.0,0.0,0.0,19.96,3.37
2017-06-27,0.0,0.0,0.0,0.0,24.97,5.0,0.0,0.0,13.82,3.61
2017-06-28,0.0,0.0,0.0,0.0,0.0,0.0,0.0,0.0,0.0,0.0
2017-06-29,0.0,0.0,0.0,0.0,0.0,0.0,0.0,0.0,0.0,0.0
2017-06-30,0.0,0.0,0.0,0.0,0.0,0.0,0.0,0.0,0.0,0.0
2017-07-01,0.0,0.0,0.0,0.0,0.0,0.0,0.0,0.0,0.0,0.0
2017-07-02,0.0,0.0,0.0,0.0,0.0,0.0,0.0,0.0,0.0,0.0
2017-07-03,0.0,0.0,0.0,0.0,0.0,0.0,0.0,0.0,0.0,0.0
2017-07-04,0.0,0.0,8.21,1.0,8.21,1.0,7.6,0.93,7.6,0.93
2017-07-05,0.0,0.0,0.0,0.0,0.0,0.0,0.0,0.0,0.0,0.0
2017-07-06,0.0,0.0,0.0,0.0,0.0,0.0,0.0,0.0,0.0,0.0
2017-07-07,0.0,0.0,0.0,0.0,0.0,0.0,0.0,0.0,0.0,0.0
2017-07-08,0.0,0.0,0.0,0.0,0.0,0.0,0.0,0.0,0.0,0.0
2017-07-09,0.0,0.0,0.0,0.0,0.0,0.0,0.0,0.0,0.0,0.0
2017-07-10,6.24,2.0,6.24,2.0,10.07,3.0,4.63,1.63,4.63,1.63
2017-07-11,0.0,0.0,0.0,0.0,0.0,0.0,0.0,0.0,0.0,0.0
2017-07-12,2.1,2.0,2.1,2.0,2.1,2.0,1.93,1.83,1.93,1.83
2017-07-13,0.0,0.0,0.0,0.0,4.37,2.0,0.0,0.0,0.0,0.0
2017-07-14,0.0,0.0,0.0,0.0,1.31,1.0,0.0,0.0,0.0,0.0
2017-07-15,1.87,2.0,3.56,3.0,7.58,4.0,0.0,0.0,0.0,0.0
2017-07-16,0.0,0.0,0.0,0.0,0.0,0.0,0.0,0.0,0.0,0.0
2017-07-17,0.0,0.0,0.0,0.0,0.0,0.0,0.0,0.0,0.0,0.0
2017-07-18,0.0,0.0,0.0,0.0,9.8,4.0,0.0,0.0,1.49,1.41
2017-07-19,0.0,0.0,0.0,0.0,3.72,1.0,0.0,0.0,0.0,0.0
2017-07-20,0.0,0.0,0.0,0.0,0.0,0.0,0.0,0.0,0.0,0.0
2017-07-21,0.0,0.0,0.0,0.0,3.93,1.0,0.0,0.0,0.74,0.19
2017-07-22,0.0,0.0,0.0,0.0,0.0,0.0,0.0,0.0,0.0,0.0
2017-07-23,0.0,0.0,0.0,0.0,0.97,1.0,0.0,0.0,0.7,0.73
2017-07-24,0.0,0.0,0.0,0.0,0.0,0.0,0.0,0.0,0.0,0.0
2017-07-25,0.0,0.0,0.0,0.0,0.0,0.0,0.0,0.0,0.0,0.0
2017-07-26,0.0,0.0,0.0,0.0,2.97,1.0,0.0,0.0,1.34,0.45
2017-07-27,0.0,0.0,0.0,0.0,0.0,0.0,0.0,0.0,0.0,0.0
2017-07-28,0.0,0.0,0.0,0.0,0.0,0.0,0.0,0.0,0.0,0.0
2017-07-29,0.0,0.0,0.0,0.0,0.0,0.0,0.0,0.0,0.0,0.0
2017-07-30,0.0,0.0,0.0,0.0,0.0,0.0,0.0,0.0,0.0,0.0
2017-07-31,0.0,0.0,0.0,0.0,0.0,0.0,0.0,0.0,0.0,0.0
2017-08-01,0.0,0.0,0.0,0.0,0.0,0.0,0.0,0.0,0.0,0.0
2017-08-02,0.0,0.0,0.0,0.0,0.0,0.0,0.0,0.0,0.0,0.0
2017-08-03,0.0,0.0,0.0,0.0,0.0,0.0,0.0,0.0,0.0,0.0
2017-08-04,3.05,3.0,3.05,3.0,3.05,3.0,0.89,0.87,0.89,0.87
2017-08-05,2.09,1.0,2.09,1.0,2.09,1.0,0.0,0.0,0.0,0.0
2017-08-06,0.0,0.0,18.6,2.0,18.6,2.0,0.0,0.0,0.0,0.0
2017-08-07,0.0,0.0,0.0,0.0,0.0,0.0,0.0,0.0,0.0,0.0
2017-08-08,0.0,0.0,0.0,0.0,0.0,0.0,0.0,0.0,0.0,0.0
2017-08-09,0.0,0.0,0.0,0.0,0.0,0.0,0.0,0.0,0.0,0.0
2017-08-10,0.0,0.0,0.0,0.0,0.0,0.0,0.0,0.0,0.0,0.0
2017-08-11,0.0,0.0,0.0,0.0,0.0,0.0,0.0,0.0,0.0,0.0
2017-08-12,0.0,0.0,0.0,0.0,1.91,1.0,0.0,0.0,0.19,0.1
2017-08-13,0.0,0.0,0.0,0.0,0.0,0.0,0.0,0.0,0.0,0.0
2017-08-14,0.0,0.0,0.0,0.0,0.48,1.0,0.0,0.0,0.0,0.0
2017-08-15,1.42,1.0,1.42,1.0,1.42,1.0,0.03,0.02,0.03,0.02
2017-08-16,1.37,1.0,1.37,1.0,1.37,1.0,0.0,0.0,0.0,0.0
2017-08-17,0.0,0.0,0.0,0.0,0.0,0.0,0.0,0.0,0.0,0.0
2017-08-18,2.47,1.0,2.47,1.0,2.47,1.0,0.0,0.0,0.0,0.0
2017-08-19,0.0,0.0,0.0,0.0,0.0,0.0,0.0,0.0,0.0,0.0
2017-08-20,0.0,0.0,0.0,0.0,1.85,1.0,0.0,0.0,0.0,0.0
2017-08-21,0.0,0.0,0.0,0.0,0.0,0.0,0.0,0.0,0.0,0.0
2017-08-22,1.2,1.0,1.2,1.0,5.87,2.0,0.0,0.0,0.21,0.05
2017-08-23,0.4,1.0,0.4,1.0,0.4,1.0,0.4,1.0,0.4,1.0
2017-08-24,0.0,0.0,0.0,0.0,0.0,0.0,0.0,0.0,0.0,0.0
2017-08-25,0.0,0.0,0.0,0.0,0.0,0.0,0.0,0.0,0.0,0.0
2017-08-26,0.83,1.0,0.83,1.0,0.83,1.0,0.0,0.0,0.0,0.0
2017-08-27,0.0,0.0,0.0,0.0,0.0,0.0,0.0,0.0,0.0,0.0
2017-08-28,0.0,0.0,0.0,0.0,3.47,1.0,0.0,0.0,1.43,0.41
2017-08-29,0.56,1.0,0.56,1.0,5.49,3.0,0.0,0.0,0.0,0.0
2017-08-30,0.5,1.0,0.5,1.0,0.5,1.0,0.0,0.0,0.0,0.0
2017-08-31,0.0,0.0,0.0,0.0,0.0,0.0,0.0,0.0,0.0,0.0
2017-09-01,0.0,0.0,0.0,0.0,0.0,0.0,0.0,0.0,0.0,0.0
2017-09-02,0.0,0.0,0.0,0.0,0.0,0.0,0.0,0.0,0.0,0.0
2017-09-03,0.0,0.0,0.0,0.0,0.55,1.0,0.0,0.0,0.0,0.0
2017-09-04,0.0,0.0,0.0,0.0,0.0,0.0,0.0,0.0,0.0,0.0
2017-09-05,0.0,0.0,0.0,0.0,0.0,0.0,0.0,0.0,0.0,0.0
2017-09-06,2.88,1.0,2.88,1.0,2.88,1.0,0.0,0.0,0.0,0.0
2017-09-07,1.76,2.0,1.76,2.0,4.11,3.0,0.52,0.59,0.59,0.62
2017-09-08,8.25,2.0,8.25,2.0,8.25,2.0,6.81,1.65,6.81,1.65
2017-09-09,3.56,2.0,10.6,4.0,17.14,6.0,4.57,1.67,5.36,1.91
2017-09-10,0.0,0.0,0.0,0.0,7.2,2.0,0.0,0.0,4.63,1.29
2017-09-11,0.0,0.0,0.0,0.0,29.59,5.0,0.0,0.0,20.45,3.42
2017-09-12,2.4,1.0,2.4,1.0,33.8,7.0,2.35,0.98,11.91,2.66
2017-09-13,0.0,0.0,0.0,0.0,6.38,3.0,0.0,0.0,1.24,1.78
2017-09-14,0.0,0.0,0.0,0.0,6.65,1.0,0.0,0.0,6.04,0.91
2017-09-15,3.74,3.0,3.74,3.0,6.06,4.0,0.96,0.77,3.12,1.7
2017-09-16,0.0,0.0,0.0,0.0,0.0,0.0,0.0,0.0,0.0,0.0
2017-09-17,0.0,0.0,0.0,0.0,1.67,1.0,0.0,0.0,1.26,0.75
2017-09-18,2.72,2.0,17.49,5.0,70.07,17.0,2.12,1.51,51.24,12.42
2017-09-19,0.0,0.0,0.0,0.0,58.66,11.0,0.0,0.0,0.08,0.03
2017-09-20,0.0,0.0,44.28,6.0,121.12,22.0,0.09,0.01,2.05,0.44
2017-09-21,1.0,1.0,1.0,1.0,7.12,3.0,0.0,0.0,0.0,0.0
2017-09-22,0.0,0.0,0.0,0.0,0.0,0.0,0.0,0.0,0.0,0.0
2017-09-23,0.0,0.0,0.0,0.0,0.0,0.0,0.0,0.0,0.0,0.0
2017-09-24,0.0,0.0,0.0,0.0,0.0,0.0,0.0,0.0,0.0,0.0
2017-09-25,0.0,0.0,0.0,0.0,0.0,0.0,0.0,0.0,0.0,0.0
2017-09-26,1.13,1.0,1.13,1.0,9.32,4.0,0.69,0.61,3.85,1.56
2017-09-27,1.38,1.0,12.37,3.0,70.77,8.0,9.56,2.4,55.21,6.28
2017-09-28,1.53,2.0,7.92,3.0,22.92,7.0,7.31,2.63,20.08,6.23
2017-09-29,0.0,0.0,3.98,1.0,21.33,5.0,3.29,0.83,19.88,4.52
2017-09-30,2.05,3.0,2.05,3.0,58.22,18.0,1.95,2.8,38.07,13.17
2017-10-01,0.0,0.0,0.0,0.0,71.87,19.0,0.0,0.0,30.64,8.15
2017-10-02,1.14,1.0,8.35,3.0,157.69,31.0,4.83,1.73,128.27,23.97
2017-10-03,1.1,1.0,17.42,5.0,240.46,53.0,11.55,3.02,179.79,36.91
2017-10-04,2.44,2.0,12.59,6.0,225.58,61.0,6.95,3.75,175.56,47.86
2017-10-05,0.0,0.0,7.33,2.0,387.1,72.0,6.19,1.68,302.15,55.5
2017-10-06,0.0,0.0,3.54,1.0,296.77,63.0,3.47,0.98,278.66,58.1
2017-10-07,2.18,1.0,8.15,3.0,384.57,104.0,7.29,2.71,292.45,80.37
2017-10-08,1.09,1.0,97.12,24.0,1037.58,216.0,12.06,3.35,188.99,42.99
2017-10-09,2.56,2.0,50.97,16.0,806.41,202.0,2.07,0.82,124.04,24.25
2017-10-10,1.3,1.0,57.47,17.0,1005.11,201.0,4.42,1.44,142.85,29.78
2017-10-11,0.0,0.0,0.0,0.0,509.18,80.0,0.0,0.0,65.36,13.0
2017-10-12,0.0,0.0,10.0,2.0,685.15,138.0,0.0,0.0,564.7,111.36
2017-10-13,6.25,2.0,68.82,11.0,1109.59,173.0,1.62,0.97,239.31,39.8
2017-10-14,4.14,3.0,92.33,28.0,2174.13,406.0,13.86,4.44,1722.75,319.17
2017-10-15,7.84,4.0,242.68,41.0,2633.25,519.0,64.52,15.18,1831.98,357.23
2017-10-16,0.83,1.0,44.15,12.0,1071.72,226.0,3.81,1.61,764.96,158.99
2017-10-17,0.49,1.0,91.47,20.0,1488.29,285.0,0.34,0.69,1241.41,235.34
2017-10-18,11.0,4.0,133.96,25.0,2153.72,309.0,7.05,2.32,1459.15,203.0
2017-10-19,7.09,4.0,241.24,49.0,3909.11,595.0,6.12,1.67,1162.7,181.25
2017-10-20,7.69,4.0,331.32,68.0,2971.12,657.0,27.36,8.64,1919.39,428.05
2017-10-21,0.0,0.0,164.41,25.0,1828.38,326.0,10.01,2.85,1451.73,250.22
2017-10-22,1.4,1.0,160.65,42.0,1012.41,224.0,4.14,1.7,99.07,22.35
2017-10-23,0.0,0.0,116.55,24.0,1310.67,244.0,3.82,1.65,762.59,140.95
2017-10-24,5.38,2.0,386.71,67.0,2357.88,372.0,12.98,4.54,1465.39,233.85
2017-10-25,5.98,2.0,241.38,61.0,2075.29,426.0,16.98,6.46,1149.03,217.85
2017-10-26,3.59,3.0,270.47,61.0,2347.46,413.0,57.79,13.31,204.41,52.42
2017-10-27,0.0,0.0,128.83,26.0,1365.36,202.0,40.21,7.59,133.6,32.18
2017-10-28,26.62,4.0,264.54,44.0,2423.99,410.0,28.35,5.0,110.55,22.48
2017-10-29,12.23,1.0,415.34,67.0,2780.37,454.0,0.49,0.11,140.6,42.54
2017-10-30,26.77,7.0,255.82,66.0,3131.48,533.0,13.09,4.84,1726.26,284.99
2017-10-31,11.1,4.0,372.81,86.0,2916.91,544.0,50.55,13.59,205.56,52.76
2017-11-01,7.82,2.0,434.86,66.0,2405.45,396.0,112.45,18.49,224.74,41.15
2017-11-02,5.26,2.0,165.46,33.0,1581.77,256.0,1.3,0.54,28.36,5.24
2017-11-03,0.0,0.0,111.51,24.0,1439.4,236.0,8.2,2.31,40.14,14.12
2017-11-04,10.3,5.0,144.36,35.0,4557.73,679.0,10.07,2.87,160.36,38.8
2017-11-05,30.15,10.0,350.34,94.0,2608.78,559.0,29.71,10.36,351.01,86.19
2017-11-06,29.22,4.0,159.65,29.0,450.08,84.0,7.62,1.78,59.13,12.02
2017-11-07,0.0,0.0,25.87,6.0,198.63,42.0,3.2,0.75,61.42,11.11
2017-11-08,17.44,7.0,46.6,14.0,778.43,181.0,10.6,3.04,609.02,137.47
2017-11-09,14.02,6.0,56.87,16.0,1258.21,210.0,11.78,3.93,703.37,108.91
2017-11-10,17.13,9.0,172.21,54.0,1469.97,324.0,65.85,20.66,833.56,187.13
2017-11-11,19.86,7.0,92.68,28.0,278.69,76.0,22.52,6.3,68.93,19.12
2017-11-12,7.92,2.0,34.25,9.0,96.45,28.0,8.04,2.33,13.2,3.45
2017-11-13,17.23,5.0,31.98,10.0,97.55,31.0,17.92,4.74,58.38,16.21
2017-11-14,3.3,1.0,43.66,13.0,805.03,147.0,8.18,2.44,29.99,9.33
2017-11-15,4.51,4.0,61.15,19.0,196.8,60.0,11.22,3.59,45.91,13.31
2017-11-16,18.63,5.0,76.53,23.0,196.81,62.0,47.97,13.3,120.5,35.43
2017-11-17,5.76,3.0,36.72,13.0,71.79,22.0,12.66,4.95,15.08,5.8
2017-11-18,0.0,0.0,13.71,5.0,84.64,28.0,1.81,0.96,35.51,11.39
2017-11-19,28.14,6.0,63.4,17.0,372.9,75.0,45.15,10.21,266.42,48.38
2017-11-20,3.7,5.0,46.93,15.0,374.77,77.0,24.91,7.5,312.91,54.87
2017-11-21,9.02,5.0,90.39,28.0,446.61,116.0,46.41,10.64,295.55,62.74
2017-11-22,12.11,6.0,87.31,26.0,262.74,71.0,41.69,11.47,125.35,30.59
2017-11-23,4.63,2.0,101.24,23.0,247.41,52.0,51.52,11.92,165.42,32.03
2017-11-24,23.35,8.0,61.0,18.0,249.97,63.0,41.99,11.46,135.49,29.64
2017-11-25,14.9,6.0,98.06,28.0,284.38,67.0,48.74,13.44,140.99,27.9
2017-11-26,19.67,8.0,138.39,46.0,377.26,107.0,57.16,16.03,182.99,47.51
2017-11-27,40.96,13.0,152.27,38.0,246.79,72.0,59.18,13.18,85.58,20.31
2017-11-28,2.56,3.0,86.15,22.0,181.33,48.0,4.49,2.23,10.07,3.25
2017-11-29,19.95,4.0,56.7,16.0,163.06,48.0,10.65,3.59,62.76,21.04
2017-11-30,9.78,2.0,63.14,15.0,254.61,48.0,20.22,4.72,115.21,18.6
2017-12-01,3.23,2.0,112.42,24.0,224.63,59.0,78.78,12.22,145.49,32.72
2017-12-02,43.26,15.0,170.86,56.0,320.96,115.0,118.59,38.77,203.58,73.96
2017-12-03,5.48,3.0,30.36,9.0,82.49,20.0,23.03,6.75,35.56,9.39
2017-12-04,0.0,0.0,2.76,1.0,2.76,1.0,1.13,0.41,1.13,0.41
2017-12-05,0.0,0.0,0.0,0.0,0.0,0.0,0.0,0.0,0.0,0.0
2017-12-06,1.77,2.0,1.77,2.0,118.27,14.0,1.21,1.0,95.61,7.06
2017-12-07,70.02,13.0,134.46,39.0,254.52,76.0,18.49,8.59,60.22,20.58
2017-12-08,2.26,1.0,104.64,19.0,198.45,46.0,42.84,5.97,64.29,11.2
2017-12-09,20.45,8.0,47.48,16.0,134.49,34.0,20.8,7.75,85.6,19.16
2017-12-10,9.66,6.0,74.03,27.0,218.33,61.0,42.05,13.95,121.69,34.8
2017-12-11,0.0,0.0,12.12,3.0,62.86,17.0,4.0,1.08,4.9,1.41
2017-12-12,0.0,0.0,10.48,4.0,26.01,12.0,0.0,0.0,0.37,0.29
2017-12-13,0.0,0.0,2.22,1.0,7.42,4.0,0.0,0.0,0.0,0.0
2017-12-14,0.0,0.0,8.88,3.0,22.99,9.0,2.18,0.53,2.18,0.53
2017-12-15,3.3,1.0,18.8,5.0,29.66,9.0,0.0,0.0,3.73,1.28
2017-12-16,23.69,4.0,79.18,22.0,172.24,49.0,19.41,6.18,34.02,10.56
2017-12-17,43.69,13.0,111.54,34.0,286.47,72.0,24.63,10.74,45.23,17.44
2017-12-18,31.33,12.0,160.26,58.0,309.78,115.0,25.94,10.06,55.86,21.24
2017-12-19,0.0,0.0,25.02,3.0,68.61,14.0,5.69,0.57,16.12,2.87
2017-12-20,8.08,2.0,13.22,5.0,44.45,12.0,4.85,2.47,9.74,3.99
2017-12-21,43.05,18.0,162.26,50.0,247.94,81.0,44.64,12.87,59.57,18.94
2017-12-22,11.88,6.0,70.64,20.0,185.72,55.0,31.57,9.27,45.91,15.37
2017-12-23,16.64,5.0,85.23,23.0,241.81,72.0,12.27,5.56,55.85,19.05
2017-12-24,0.78,1.0,51.81,15.0,176.21,43.0,21.08,4.97,82.05,20.6
2017-12-25,52.06,10.0,81.77,23.0,146.53,40.0,16.84,7.8,42.35,15.31
2017-12-26,23.3,6.0,76.09,20.0,145.21,36.0,29.64,6.22,47.39,10.89
2017-12-27,3.68,3.0,84.87,31.0,134.54,45.0,27.94,11.84,58.68,19.42
2017-12-28,7.84,5.0,157.28,51.0,277.36,93.0,68.49,22.93,115.81,38.9
2017-12-29,17.99,11.0,122.55,43.0,253.12,83.0,69.14,21.34,142.59,40.89
2017-12-30,7.24,2.0,56.13,18.0,130.46,37.0,25.06,7.85,62.82,16.25
2017-12-31,8.94,2.0,47.53,14.0,124.83,34.0,14.65,4.69,30.17,8.52
2018-01-01,5.19,2.0,13.32,4.0,34.59,10.0,1.51,0.58,1.51,0.58
2018-01-02,19.24,7.0,88.68,26.0,115.89,36.0,45.73,13.55,52.84,15.87
2018-01-03,32.1,11.0,73.04,23.0,135.18,41.0,26.05,7.3,53.74,14.67
2018-01-04,15.42,5.0,15.42,5.0,24.35,8.0,9.58,2.85,12.7,3.82
2018-01-05,0.0,0.0,16.63,6.0,72.92,14.0,2.04,0.87,4.13,1.52
2018-01-06,13.1,10.0,54.83,26.0,77.78,35.0,18.16,6.17,21.2,6.82
2018-01-07,36.83,8.0,113.86,30.0,207.26,57.0,16.86,6.25,33.94,10.69
2018-01-08,15.31,8.0,66.68,29.0,133.02,56.0,15.27,7.88,26.36,12.85
2018-01-09,35.17,11.0,76.18,23.0,113.78,34.0,19.56,4.9,36.68,8.58
2018-01-10,5.1,5.0,49.89,13.0,82.27,22.0,21.65,4.6,33.07,8.32
2018-01-11,15.25,5.0,42.34,12.0,65.5,20.0,13.02,5.72,20.16,8.88
2018-01-12,10.97,6.0,43.88,19.0,70.42,27.0,14.52,7.63,23.24,10.34
2018-01-13,44.04,12.0,120.81,43.0,293.54,88.0,29.56,13.73,83.65,26.31
2018-01-14,29.27,10.0,130.08,39.0,243.48,74.0,17.08,7.85,38.99,14.66
2018-01-15,40.37,11.0,93.24,27.0,156.88,39.0,11.43,8.23,19.03,10.42
2018-01-16,22.23,7.0,65.48,24.0,88.01,32.0,18.16,7.28,34.66,12.93
2018-01-17,23.35,6.0,30.74,9.0,154.36,27.0,0.0,0.0,9.32,1.58
2018-01-18,23.42,10.0,117.5,38.0,259.16,77.0,42.76,13.62,66.97,22.26
2018-01-19,20.25,6.0,75.46,29.0,185.69,68.0,14.11,6.33,42.07,14.76
2018-01-20,6.7,6.0,49.34,16.0,127.71,39.0,6.16,3.02,9.28,3.58
2018-01-21,34.75,10.0,128.87,42.0,183.78,61.0,48.5,15.28,73.97,24.88
2018-01-22,26.67,11.0,115.36,43.0,209.77,73.0,2.44,1.55,24.79,9.04
2018-01-23,0.0,0.0,0.0,0.0,0.0,0.0,0.0,0.0,0.0,0.0
2018-01-24,2.48,1.0,2.48,1.0,30.16,12.0,0.0,0.0,0.43,0.2
2018-01-25,13.81,3.0,17.5,4.0,52.85,15.0,0.0,0.0,1.13,0.35
2018-01-26,0.0,0.0,20.46,6.0,20.46,6.0,5.36,1.55,5.36,1.55
2018-01-27,5.28,2.0,68.01,18.0,170.27,40.0,14.39,4.95,22.58,7.31
2018-01-28,10.97,4.0,105.88,30.0,165.09,44.0,17.79,5.96,24.02,7.97
2018-01-29,6.64,5.0,158.65,46.0,306.57,89.0,29.83,11.54,68.19,20.89
2018-01-30,14.14,5.0,45.6,13.0,141.34,45.0,15.4,3.9,20.24,6.6
2018-01-31,0.63,1.0,36.23,7.0,148.01,26.0,2.92,1.37,6.36,2.14
2018-02-01,23.79,6.0,67.52,18.0,145.74,39.0,25.8,6.64,58.03,13.07
2018-02-02,10.34,4.0,148.65,24.0,202.15,35.0,83.0,15.1,88.96,17.44
2018-02-03,18.55,9.0,92.06,32.0,268.81,69.0,43.08,15.19,78.89,25.97
2018-02-04,16.66,5.0,69.84,23.0,258.72,76.0,7.94,2.86,22.69,6.8
2018-02-05,0.0,0.0,0.0,0.0,0.0,0.0,0.0,0.0,0.0,0.0
2018-02-06,0.0,0.0,2.91,1.0,38.33,9.0,1.96,0.67,27.37,5.1
2018-02-07,17.97,6.0,39.33,14.0,161.36,47.0,19.22,5.51,68.07,16.39
2018-02-08,5.15,6.0,22.69,10.0,173.38,45.0,9.15,4.83,36.11,9.32
2018-02-09,35.26,13.0,151.86,43.0,339.95,98.0,47.26,15.35,116.79,28.1
2018-02-10,14.44,5.0,50.25,13.0,130.79,28.0,12.0,3.82,32.24,8.85
2018-02-11,11.7,2.0,25.43,4.0,33.97,6.0,4.0,0.4,4.0,0.4
2018-02-12,0.5,1.0,1.2,2.0,39.24,3.0,0.48,0.96,0.48,0.96
2018-02-13,13.46,6.0,64.76,24.0,72.38,26.0,40.33,15.08,42.85,15.63
2018-02-14,0.93,1.0,33.77,11.0,168.42,46.0,8.66,2.92,10.66,3.85
2018-02-15,2.12,2.0,29.21,13.0,170.43,40.0,6.36,2.64,10.57,4.09
2018-02-16,7.16,1.0,25.26,5.0,68.88,17.0,0.08,0.08,8.47,1.99
2018-02-17,0.0,0.0,9.52,4.0,23.67,7.0,4.93,1.96,6.48,2.88
2018-02-18,20.25,5.0,35.98,9.0,135.49,28.0,16.55,4.55,26.09,6.41
2018-02-19,14.81,9.0,126.43,31.0,225.33,57.0,24.42,9.22,48.94,16.06
2018-02-20,12.22,4.0,78.98,21.0,229.18,58.0,39.26,8.35,107.01,22.08
2018-02-21,52.48,7.0,123.99,25.0,227.18,50.0,61.16,9.63,78.53,16.05
2018-02-22,0.0,0.0,28.71,8.0,71.3,23.0,17.04,4.32,32.4,10.36
2018-02-23,0.94,1.0,3.87,3.0,12.57,6.0,0.0,0.0,5.12,1.56
2018-02-24,20.54,4.0,28.91,7.0,69.39,17.0,18.57,2.91,31.62,5.97
2018-02-25,6.73,6.0,61.16,20.0,215.63,61.0,30.89,8.19,57.28,17.22
2018-02-26,0.93,1.0,23.03,6.0,113.75,27.0,6.34,2.74,23.09,7.89
2018-02-27,2.68,2.0,9.35,5.0,75.66,19.0,7.77,4.06,45.7,10.72
2018-02-28,10.37,5.0,18.06,8.0,32.52,14.0,2.44,2.7,4.5,4.41
2018-03-01,0.73,1.0,12.13,8.0,66.29,31.0,2.39,2.18,29.33,9.16
2018-03-02,5.41,4.0,20.1,9.0,153.5,40.0,11.06,3.87,42.79,10.91
2018-03-03,5.96,2.0,11.6,3.0,50.33,16.0,2.15,1.01,6.26,2.01
2018-03-04,4.24,1.0,18.57,3.0,38.76,7.0,3.16,0.4,16.47,2.46
2018-03-05,6.75,3.0,40.74,9.0,136.43,24.0,21.23,3.88,54.17,8.06
2018-03-06,1.6,3.0,2.19,4.0,100.43,28.0,1.13,2.2,10.34,4.26
2018-03-07,6.13,6.0,11.84,8.0,107.48,35.0,2.47,3.75,17.26,8.04
2018-03-08,2.9,3.0,24.86,10.0,168.14,52.0,12.18,5.56,84.67,25.6
2018-03-09,7.15,4.0,24.2,10.0,89.94,31.0,9.92,3.31,27.57,9.48
2018-03-10,13.25,5.0,43.64,11.0,90.01,23.0,10.11,3.01,39.32,7.05
2018-03-11,2.6,2.0,10.21,5.0,140.95,36.0,3.13,1.89,4.73,2.45
2018-03-12,19.45,7.0,38.75,9.0,192.17,39.0,17.27,5.56,18.85,6.48
2018-03-13,7.94,3.0,30.62,13.0,147.38,56.0,4.16,1.45,5.34,1.81
2018-03-14,9.06,3.0,19.19,5.0,102.49,23.0,3.52,0.91,3.55,0.93
2018-03-15,0.59,1.0,12.84,4.0,43.63,18.0,11.72,3.49,16.95,4.78
2018-03-16,1.8,2.0,3.52,3.0,105.89,25.0,2.51,2.14,7.53,3.54
2018-03-17,8.14,8.0,42.5,16.0,180.84,48.0,16.97,6.47,73.37,17.27
2018-03-18,4.88,3.0,23.83,10.0,200.23,54.0,5.08,2.45,41.35,13.07
2018-03-19,0.0,0.0,26.33,3.0,171.81,38.0,0.0,0.0,22.38,3.93
2018-03-20,11.93,3.0,31.61,8.0,143.41,39.0,0.46,0.68,23.5,6.6
2018-03-21,0.87,1.0,3.37,2.0,57.99,7.0,0.09,0.1,10.82,0.99
2018-03-22,4.99,6.0,13.69,8.0,31.79,16.0,7.45,3.68,15.05,6.4
2018-03-23,12.38,6.0,26.28,9.0,113.38,30.0,4.92,3.74,24.53,7.17
2018-03-24,11.49,5.0,18.37,8.0,214.3,56.0,9.52,4.12,16.96,7.5
2018-03-25,0.0,0.0,12.36,2.0,118.26,31.0,0.0,0.0,9.02,3.66
2018-03-26,3.72,2.0,6.4,4.0,151.53,35.0,0.43,0.96,34.44,6.94
2018-03-27,13.73,3.0,15.79,5.0,89.51,29.0,0.36,0.77,14.11,5.78
2018-03-28,19.53,6.0,48.05,14.0,391.37,85.0,6.94,5.13,63.14,13.95
2018-03-29,14.79,4.0,23.96,7.0,244.37,82.0,2.12,1.9,5.21,4.05
2018-03-30,17.64,4.0,18.19,5.0,279.63,57.0,2.7,1.99,50.37,14.34
2018-03-31,0.0,0.0,10.63,4.0,76.23,20.0,0.32,0.18,11.14,3.1
2018-04-01,0.79,1.0,9.62,3.0,40.82,13.0,3.43,0.78,8.81,1.95
2018-04-02,0.77,1.0,7.81,3.0,46.58,11.0,6.56,1.88,14.18,3.27
2018-04-03,7.18,4.0,21.85,7.0,170.12,34.0,5.64,1.46,23.1,8.31
2018-04-04,0.5,1.0,16.12,4.0,105.61,30.0,9.25,1.79,77.59,22.02
2018-04-05,0.0,0.0,2.16,1.0,39.92,16.0,0.84,0.39,21.44,9.64
2018-04-06,0.0,0.0,0.0,0.0,48.96,11.0,0.0,0.0,15.91,3.27
2018-04-07,10.99,2.0,18.95,5.0,36.72,16.0,3.0,1.27,8.78,4.17
2018-04-08,10.36,7.0,13.63,10.0,66.34,29.0,3.07,1.47,31.36,7.98
2018-04-09,0.0,0.0,0.0,0.0,0.0,0.0,0.0,0.0,0.0,0.0
2018-04-10,6.14,1.0,16.72,10.0,83.49,26.0,4.38,1.64,23.33,6.03
2018-04-11,0.0,0.0,3.95,1.0,28.44,6.0,3.42,0.87,10.57,2.45
2018-04-12,7.2,5.0,25.09,9.0,34.58,14.0,4.06,1.9,5.7,3.03
2018-04-13,3.81,5.0,43.56,12.0,84.04,25.0,8.68,5.17,16.99,6.9
2018-04-14,16.11,3.0,56.11,13.0,137.24,33.0,31.63,6.55,41.12,9.69
2018-04-15,0.0,0.0,20.03,5.0,291.0,37.0,1.49,0.88,20.66,5.87
2018-04-16,0.85,1.0,255.49,21.0,332.3,37.0,0.49,0.39,2.2,1.99
2018-04-17,1.18,2.0,24.78,9.0,180.01,54.0,5.24,2.33,63.12,20.15
2018-04-18,184.63,16.0,508.93,34.0,1284.03,149.0,380.42,19.33,606.16,31.64
2018-04-19,53.72,12.0,239.76,36.0,850.43,175.0,49.61,12.53,259.57,60.93
2018-04-20,0.0,0.0,15.09,2.0,130.12,28.0,10.05,1.34,15.57,2.63
2018-04-21,4.26,2.0,76.64,16.0,232.18,53.0,32.5,4.98,110.68,17.17
2018-04-22,5.81,2.0,188.11,32.0,497.88,106.0,119.63,17.51,291.74,40.13
2018-04-23,24.83,3.0,159.07,26.0,768.2,130.0,103.53,15.52,352.4,36.27
2018-04-24,95.31,12.0,460.52,46.0,1054.4,188.0,179.88,20.96,365.33,32.71
2018-04-25,75.72,6.0,439.98,38.0,1074.82,209.0,287.01,20.6,287.1,20.64
2018-04-26,7.96,3.0,415.61,65.0,892.61,150.0,23.28,4.39,295.68,57.16
2018-04-27,4.17,2.0,256.32,39.0,433.88,96.0,14.52,3.4,48.3,13.94
2018-04-28,10.34,5.0,205.28,34.0,379.77,90.0,6.5,3.67,25.89,11.02
2018-04-29,165.19,26.0,1045.8,135.0,1687.33,223.0,49.95,7.06,98.22,22.6
2018-04-30,69.96,8.0,916.05,69.0,1389.36,183.0,38.85,5.4,75.95,21.08
2018-05-01,62.12,13.0,325.47,70.0,891.21,197.0,24.16,4.75,63.11,15.95
2018-05-02,9.15,1.0,126.56,25.0,396.42,70.0,2.78,0.74,32.99,7.4
2018-05-03,11.72,4.0,317.49,46.0,525.82,98.0,0.6,0.28,8.47,2.59
2018-05-04,47.62,12.0,603.44,113.0,1838.54,332.0,17.98,4.38,84.35,17.58
2018-05-05,240.99,39.0,1990.56,288.0,4958.0,734.0,1108.03,167.03,3317.2,498.37
2018-05-06,37.82,10.0,307.56,53.0,2351.04,370.0,78.17,13.04,1645.66,243.09
2018-05-07,192.29,21.0,818.93,107.0,2658.92,417.0,272.28,38.02,1254.44,203.31
2018-05-08,85.38,15.0,326.77,52.0,1845.38,382.0,171.04,27.01,1575.93,327.61
2018-05-09,0.0,0.0,172.64,30.0,1358.36,227.0,56.12,13.41,898.33,162.09
2018-05-10,110.54,20.0,1035.2,181.0,4357.06,702.0,855.18,149.76,3659.36,573.32
2018-05-11,0.0,0.0,305.76,44.0,2113.33,316.0,263.25,36.95,1440.88,203.03
2018-05-12,36.89,13.0,468.69,90.0,2135.43,380.0,35.91,12.76,208.67,38.48
2018-05-13,39.74,9.0,236.2,55.0,1104.09,252.0,7.04,3.39,160.65,33.85
2018-05-14,0.0,0.0,23.82,8.0,104.0,32.0,8.85,2.59,27.33,8.72
2018-05-15,3.46,1.0,94.57,18.0,419.33,104.0,2.78,0.47,97.54,26.78
2018-05-16,3.96,2.0,17.0,6.0,261.64,80.0,4.61,2.66,56.11,14.01
2018-05-17,11.82,3.0,89.37,16.0,514.06,89.0,21.38,4.62,273.96,47.7
2018-05-18,2.22,1.0,99.65,23.0,307.81,103.0,24.03,5.41,123.9,45.29
2018-05-19,10.61,4.0,55.73,15.0,548.51,118.0,6.53,2.05,132.76,23.2
2018-05-20,15.55,5.0,126.17,29.0,898.0,219.0,49.87,11.46,303.49,67.68
2018-05-21,47.15,9.0,110.77,23.0,1477.82,325.0,33.17,7.15,344.23,73.11
2018-05-22,16.49,3.0,22.75,5.0,924.26,228.0,0.52,0.21,304.56,67.98
2018-05-23,24.85,5.0,91.43,13.0,435.97,92.0,12.9,2.86,167.26,45.27
2018-05-24,7.26,2.0,58.59,12.0,416.51,120.0,9.72,3.24,282.17,84.2
2018-05-25,21.49,3.0,47.17,7.0,666.22,125.0,14.34,2.65,51.54,10.34
2018-05-26,26.96,9.0,70.37,13.0,1379.75,254.0,43.42,7.07,174.18,24.64
2018-05-27,33.07,4.0,33.07,4.0,974.38,239.0,27.39,1.87,30.24,2.2
2018-05-28,4.75,2.0,23.69,6.0,647.71,146.0,13.88,3.45,252.73,60.66
2018-05-29,13.72,5.0,35.62,10.0,359.95,65.0,4.53,1.08,64.26,11.94
2018-05-30,1.92,1.0,1.92,1.0,106.85,31.0,1.85,0.96,6.1,3.18
2018-05-31,2.3,2.0,27.2,9.0,212.38,41.0,16.12,2.94,90.86,8.31
2018-06-01,3.88,2.0,16.43,6.0,43.74,15.0,4.51,1.59,15.92,5.0
2018-06-02,5.22,4.0,5.22,4.0,13.37,7.0,0.21,0.18,0.21,0.18
2018-06-03,5.87,3.0,11.1,6.0,55.02,20.0,3.84,2.09,4.77,2.31
2018-06-04,0.0,0.0,0.0,0.0,24.81,7.0,0.0,0.0,0.02,0.0
2018-06-05,3.05,2.0,3.05,2.0,42.14,11.0,0.0,0.0,24.58,3.95
2018-06-06,6.12,4.0,6.12,4.0,11.24,6.0,0.9,1.0,2.01,1.98
2018-06-07,7.19,2.0,7.19,2.0,18.53,5.0,0.0,0.0,0.34,0.09
2018-06-08,0.0,0.0,0.0,0.0,6.82,2.0,0.0,0.0,0.0,0.0
2018-06-09,0.0,0.0,0.0,0.0,0.0,0.0,0.0,0.0,0.0,0.0
2018-06-10,0.0,0.0,20.16,3.0,33.14,5.0,4.24,0.8,4.24,0.8
2018-06-11,2.01,2.0,8.16,3.0,28.66,11.0,2.0,1.99,6.52,4.66
2018-06-12,0.0,0.0,0.0,0.0,16.47,4.0,0.0,0.0,0.0,0.0
2018-06-13,0.0,0.0,2.25,1.0,16.8,3.0,0.0,0.0,0.0,0.0
2018-06-14,0.0,0.0,0.0,0.0,1.74,1.0,0.0,0.0,0.01,0.0
2018-06-15,0.86,1.0,0.86,1.0,0.86,1.0,0.0,0.0,0.0,0.0
2018-06-16,0.0,0.0,1.43,1.0,7.21,3.0,0.98,0.68,0.98,0.68
2018-06-17,0.0,0.0,0.0,0.0,3.85,1.0,0.0,0.0,0.0,0.0
2018-06-18,6.44,1.0,7.79,2.0,9.14,3.0,4.83,1.48,4.83,1.48
2018-06-19,2.72,2.0,2.72,2.0,14.56,5.0,2.4,1.7,5.21,2.68
2018-06-20,0.0,0.0,13.79,3.0,15.92,4.0,0.0,0.0,2.09,0.98
2018-06-21,4.33,2.0,4.33,2.0,15.92,5.0,0.59,0.24,5.79,1.58
2018-06-22,0.0,0.0,0.0,0.0,28.91,10.0,0.0,0.0,17.45,6.2
2018-06-23,0.0,0.0,0.0,0.0,0.0,0.0,0.0,0.0,0.0,0.0
2018-06-24,0.0,0.0,5.87,2.0,45.05,10.0,0.0,0.0,12.79,1.44
2018-06-25,0.0,0.0,2.59,1.0,8.13,3.0,0.0,0.0,0.0,0.0
2018-06-26,0.0,0.0,0.0,0.0,0.0,0.0,0.0,0.0,0.0,0.0
2018-06-27,5.4,2.0,15.52,4.0,20.25,6.0,0.0,0.0,2.78,1.43
2018-06-28,0.0,0.0,0.0,0.0,0.0,0.0,0.0,0.0,0.0,0.0
2018-06-29,0.0,0.0,0.0,0.0,0.0,0.0,0.0,0.0,0.0,0.0
2018-06-30,0.0,0.0,0.0,0.0,3.68,1.0,0.0,0.0,1.19,0.32
2018-07-01,0.0,0.0,0.0,0.0,0.0,0.0,0.0,0.0,0.0,0.0
2018-07-02,0.0,0.0,0.0,0.0,0.0,0.0,0.0,0.0,0.0,0.0
2018-07-03,11.48,2.0,11.48,2.0,11.48,2.0,8.99,1.58,8.99,1.58
2018-07-04,0.0,0.0,0.0,0.0,0.0,0.0,0.0,0.0,0.0,0.0
2018-07-05,0.0,0.0,0.0,0.0,3.89,1.0,0.0,0.0,0.0,0.0
2018-07-06,1.03,1.0,1.03,1.0,1.03,1.0,0.05,0.05,0.05,0.05
2018-07-07,2.47,1.0,2.47,1.0,2.47,1.0,2.36,0.96,2.36,0.96
2018-07-08,1.78,3.0,1.78,3.0,13.84,6.0,0.41,0.68,7.37,2.19
2018-07-09,0.0,0.0,0.0,0.0,0.0,0.0,0.0,0.0,0.0,0.0
2018-07-10,10.08,1.0,10.08,1.0,15.34,3.0,0.0,0.0,3.32,0.8
2018-07-11,0.0,0.0,0.0,0.0,0.0,0.0,0.0,0.0,0.0,0.0
2018-07-12,0.0,0.0,0.0,0.0,0.0,0.0,0.0,0.0,0.0,0.0
2018-07-13,1.54,1.0,1.54,1.0,1.54,1.0,0.0,0.0,0.0,0.0
2018-07-14,4.92,4.0,4.92,4.0,4.92,4.0,0.0,0.0,0.0,0.0
2018-07-15,0.0,0.0,0.0,0.0,0.0,0.0,0.0,0.0,0.0,0.0
2018-07-16,0.0,0.0,0.0,0.0,0.0,0.0,0.0,0.0,0.0,0.0
2018-07-17,2.29,2.0,2.29,2.0,2.29,2.0,0.0,0.0,0.0,0.0
2018-07-18,0.0,0.0,0.0,0.0,0.0,0.0,0.0,0.0,0.0,0.0
2018-07-19,0.0,0.0,0.0,0.0,0.0,0.0,0.0,0.0,0.0,0.0
2018-07-20,0.0,0.0,0.0,0.0,0.0,0.0,0.0,0.0,0.0,0.0
2018-07-21,0.0,0.0,0.0,0.0,0.0,0.0,0.0,0.0,0.0,0.0
2018-07-22,0.0,0.0,0.0,0.0,0.0,0.0,0.0,0.0,0.0,0.0
2018-07-23,2.27,3.0,2.27,3.0,2.27,3.0,0.0,0.0,0.0,0.0
2018-07-24,1.34,2.0,1.34,2.0,1.34,2.0,0.0,0.0,0.0,0.0
2018-07-25,0.0,0.0,0.0,0.0,0.0,0.0,0.0,0.0,0.0,0.0
2018-07-26,0.0,0.0,0.0,0.0,0.0,0.0,0.0,0.0,0.0,0.0
2018-07-27,0.0,0.0,0.0,0.0,0.0,0.0,0.0,0.0,0.0,0.0
2018-07-28,0.0,0.0,0.0,0.0,0.0,0.0,0.0,0.0,0.0,0.0
2018-07-29,0.0,0.0,0.0,0.0,0.0,0.0,0.0,0.0,0.0,0.0
2018-07-30,0.0,0.0,0.0,0.0,0.0,0.0,0.0,0.0,0.0,0.0
2018-07-31,0.0,0.0,0.0,0.0,0.0,0.0,0.0,0.0,0.0,0.0
2018-08-01,1.3,2.0,1.3,2.0,1.3,2.0,0.6,1.0,0.6,1.0
2018-08-02,0.0,0.0,0.0,0.0,0.0,0.0,0.0,0.0,0.0,0.0
2018-08-03,2.75,3.0,2.75,3.0,2.75,3.0,0.86,0.89,0.86,0.89
2018-08-04,0.0,0.0,0.0,0.0,0.0,0.0,0.0,0.0,0.0,0.0
2018-08-05,0.0,0.0,0.0,0.0,0.0,0.0,0.0,0.0,0.0,0.0
2018-08-06,0.0,0.0,0.0,0.0,0.0,0.0,0.0,0.0,0.0,0.0
2018-08-07,0.0,0.0,0.0,0.0,0.0,0.0,0.0,0.0,0.0,0.0
2018-08-08,0.55,1.0,0.55,1.0,0.55,1.0,0.0,0.0,0.0,0.0
2018-08-09,8.31,4.0,12.17,5.0,15.74,7.0,4.6,1.25,6.25,2.24
2018-08-10,0.0,0.0,0.0,0.0,3.48,1.0,0.0,0.0,0.11,0.03
2018-08-11,0.0,0.0,0.0,0.0,0.0,0.0,0.0,0.0,0.0,0.0
2018-08-12,0.0,0.0,0.0,0.0,0.0,0.0,0.0,0.0,0.0,0.0
2018-08-13,0.0,0.0,0.0,0.0,0.0,0.0,0.0,0.0,0.0,0.0
2018-08-14,0.0,0.0,0.0,0.0,3.27,2.0,0.0,0.0,0.0,0.0
2018-08-15,0.0,0.0,0.0,0.0,0.0,0.0,0.0,0.0,0.0,0.0
2018-08-16,0.0,0.0,0.0,0.0,1.99,1.0,0.0,0.0,0.0,0.0
2018-08-17,0.0,0.0,0.0,0.0,0.0,0.0,0.0,0.0,0.0,0.0
2018-08-18,0.0,0.0,0.0,0.0,1.15,1.0,0.0,0.0,1.05,0.91
2018-08-19,0.0,0.0,0.0,0.0,0.0,0.0,0.0,0.0,0.0,0.0
2018-08-20,0.44,1.0,0.44,1.0,0.44,1.0,0.41,0.92,0.41,0.92
2018-08-21,6.29,1.0,6.29,1.0,6.29,1.0,0.0,0.0,0.0,0.0
2018-08-22,0.0,0.0,0.0,0.0,0.0,0.0,0.0,0.0,0.0,0.0
2018-08-23,0.0,0.0,0.0,0.0,0.0,0.0,0.0,0.0,0.0,0.0
2018-08-24,0.0,0.0,0.0,0.0,0.0,0.0,0.0,0.0,0.0,0.0
2018-08-25,0.0,0.0,0.0,0.0,3.17,1.0,0.0,0.0,0.01,0.0
2018-08-26,0.0,0.0,0.0,0.0,0.0,0.0,0.0,0.0,0.0,0.0
2018-08-27,0.0,0.0,0.0,0.0,0.0,0.0,0.0,0.0,0.0,0.0
2018-08-28,0.0,0.0,0.0,0.0,0.0,0.0,0.0,0.0,0.0,0.0
2018-08-29,0.0,0.0,0.0,0.0,0.0,0.0,0.0,0.0,0.0,0.0
2018-08-30,0.0,0.0,0.0,0.0,3.85,1.0,0.0,0.0,0.0,0.0
2018-08-31,0.0,0.0,0.0,0.0,0.0,0.0,0.0,0.0,0.0,0.0
2018-09-01,0.0,0.0,0.0,0.0,0.0,0.0,0.0,0.0,0.0,0.0
2018-09-02,0.0,0.0,0.0,0.0,0.0,0.0,0.0,0.0,0.0,0.0
2018-09-03,0.0,0.0,0.0,0.0,0.0,0.0,0.0,0.0,0.0,0.0
2018-09-04,0.0,0.0,0.0,0.0,0.0,0.0,0.0,0.0,0.0,0.0
2018-09-05,1.44,1.0,1.44,1.0,1.44,1.0,1.4,0.97,1.4,0.97
2018-09-06,0.0,0.0,0.0,0.0,0.0,0.0,0.0,0.0,0.0,0.0
2018-09-07,0.0,0.0,0.0,0.0,0.0,0.0,0.0,0.0,0.0,0.0
2018-09-08,0.0,0.0,0.0,0.0,0.0,0.0,0.0,0.0,0.0,0.0
2018-09-09,0.0,0.0,0.0,0.0,0.0,0.0,0.0,0.0,0.0,0.0
2018-09-10,0.78,1.0,0.78,1.0,3.82,2.0,0.05,0.07,0.05,0.07
2018-09-11,0.0,0.0,0.0,0.0,1.17,1.0,0.0,0.0,0.0,0.0
2018-09-12,0.0,0.0,0.0,0.0,1.08,1.0,0.0,0.0,0.19,0.18
2018-09-13,0.0,0.0,0.82,1.0,0.82,1.0,0.65,0.79,0.65,0.79
2018-09-14,0.59,1.0,0.59,1.0,9.71,3.0,0.59,1.0,0.87,1.06
2018-09-15,2.63,2.0,2.63,2.0,25.42,8.0,2.53,1.91,16.28,4.41
2018-09-16,0.0,0.0,0.0,0.0,11.0,3.0,0.0,0.0,2.69,0.74
2018-09-17,0.0,0.0,0.0,0.0,0.0,0.0,0.0,0.0,0.0,0.0
2018-09-18,0.79,1.0,0.79,1.0,22.31,4.0,0.0,0.0,15.53,2.08
2018-09-19,0.0,0.0,0.0,0.0,27.92,5.0,0.0,0.0,23.51,4.09
2018-09-20,3.64,1.0,11.32,3.0,60.67,11.0,2.04,0.53,13.22,2.5
2018-09-21,0.0,0.0,8.21,3.0,166.56,38.0,0.0,0.0,0.0,0.0
2018-09-22,0.0,0.0,0.0,0.0,0.0,0.0,0.0,0.0,0.0,0.0
2018-09-23,0.0,0.0,0.0,0.0,0.0,0.0,0.0,0.0,0.0,0.0
2018-09-24,0.0,0.0,0.0,0.0,0.35,1.0,0.0,0.0,0.0,0.0
2018-09-25,0.0,0.0,0.0,0.0,0.0,0.0,0.0,0.0,0.0,0.0
2018-09-26,0.0,0.0,1.94,1.0,1.94,1.0,0.46,0.24,0.46,0.24
2018-09-27,1.25,1.0,1.25,1.0,1.25,1.0,0.67,0.53,0.67,0.53
2018-09-28,0.0,0.0,0.0,0.0,0.0,0.0,0.0,0.0,0.0,0.0
2018-09-29,0.0,0.0,3.45,1.0,3.45,1.0,0.0,0.0,0.0,0.0
2018-09-30,0.0,0.0,11.54,1.0,29.18,5.0,0.0,0.0,8.57,2.01
2018-10-01,4.92,6.0,21.63,9.0,48.54,17.0,4.42,5.43,13.96,8.75
2018-10-02,3.33,1.0,8.46,2.0,82.99,26.0,2.32,0.7,33.52,10.55
2018-10-03,0.0,0.0,2.72,1.0,27.84,7.0,0.0,0.0,6.26,1.55
2018-10-04,1.1,2.0,1.1,2.0,49.44,18.0,0.3,1.0,31.21,11.31
2018-10-05,0.0,0.0,4.68,1.0,120.17,23.0,3.99,0.85,103.83,18.46
2018-10-06,1.87,3.0,13.02,7.0,303.71,71.0,5.01,3.75,215.5,51.58
2018-10-07,9.24,7.0,73.99,30.0,766.06,225.0,14.63,8.06,640.84,177.99
2018-10-08,1.4,1.0,15.39,5.0,195.62,51.0,0.89,0.28,37.15,10.75
2018-10-09,0.0,0.0,16.96,5.0,216.86,51.0,4.57,1.34,34.27,7.99
2018-10-10,0.0,0.0,47.57,8.0,198.3,38.0,2.5,0.5,9.49,2.38
2018-10-11,14.65,3.0,65.1,12.0,382.24,90.0,0.0,0.0,0.48,0.13
2018-10-12,4.98,3.0,85.24,23.0,654.07,176.0,9.26,3.96,263.81,72.18
2018-10-13,1.74,2.0,125.34,26.0,901.07,187.0,31.42,4.17,755.7,150.59
2018-10-14,0.73,2.0,162.83,24.0,920.43,156.0,7.31,1.86,584.7,97.22
2018-10-15,0.0,0.0,81.91,12.0,655.25,126.0,10.48,1.85,419.43,81.38
2018-10-16,1.2,2.0,34.95,6.0,766.69,155.0,4.99,0.66,10.04,1.94
2018-10-17,1.07,2.0,294.38,55.0,1672.67,342.0,20.88,3.78,47.97,11.51
2018-10-18,6.4,4.0,171.85,46.0,1716.25,372.0,1.55,1.0,95.5,32.38
2018-10-19,7.24,2.0,214.82,48.0,1512.29,272.0,2.91,1.19,1131.5,187.72
2018-10-20,0.0,0.0,92.94,18.0,1182.45,215.0,0.0,0.0,779.04,140.15
2018-10-21,1.55,2.0,159.28,25.0,1931.33,291.0,6.63,2.53,1552.53,224.15
2018-10-22,4.91,4.0,317.37,51.0,1345.87,237.0,2.56,3.54,568.72,106.14
2018-10-23,8.32,3.0,155.48,44.0,1646.55,353.0,10.63,5.34,1071.73,223.07
2018-10-24,0.0,0.0,133.46,23.0,1488.31,263.0,0.0,0.0,154.03,36.08
2018-10-25,0.0,0.0,158.15,37.0,1359.44,254.0,0.0,0.0,168.83,34.93
2018-10-26,1.99,3.0,41.91,11.0,1495.15,278.0,0.71,1.35,1140.04,212.06
2018-10-27,11.67,6.0,139.75,39.0,2409.13,359.0,1.89,1.1,1683.65,241.76
2018-10-28,4.27,2.0,402.61,85.0,3193.94,594.0,18.06,4.35,2041.01,363.43
2018-10-29,4.17,2.0,122.98,26.0,1651.6,291.0,2.58,1.34,1070.06,168.17
2018-10-30,0.0,0.0,27.86,8.0,779.05,140.0,0.94,0.88,60.42,18.92
2018-10-31,0.0,0.0,230.24,25.0,1872.74,312.0,0.0,0.0,627.98,116.26
2018-11-01,2.92,1.0,112.49,24.0,1964.57,307.0,12.94,2.74,74.47,16.57
2018-11-02,1.98,4.0,167.04,36.0,2609.06,439.0,57.4,11.65,140.95,32.6
2018-11-03,6.2,4.0,137.58,35.0,1620.94,281.0,3.25,0.83,28.37,10.46
2018-11-04,1.75,1.0,42.88,15.0,881.98,144.0,0.0,0.0,557.91,102.32
2018-11-05,0.0,0.0,0.0,0.0,929.32,166.0,0.0,0.0,805.73,136.89
2018-11-06,7.56,10.0,111.16,34.0,1890.3,268.0,12.36,8.14,1513.82,199.62
2018-11-07,44.73,11.0,115.46,32.0,2660.21,447.0,25.32,9.86,1579.48,262.9
2018-11-08,7.27,4.0,41.6,19.0,2265.51,431.0,9.74,4.42,861.51,160.26
2018-11-09,23.33,7.0,64.9,17.0,712.66,150.0,18.01,5.62,601.37,123.61
2018-11-10,4.69,3.0,18.71,6.0,590.49,119.0,4.35,1.34,130.24,26.63
2018-11-11,1.06,2.0,9.78,6.0,567.56,134.0,6.04,2.4,82.48,19.83
2018-11-12,6.8,3.0,42.43,13.0,1025.9,156.0,5.96,1.82,19.68,5.17
2018-11-13,15.51,5.0,42.01,15.0,1403.86,265.0,7.6,2.71,10.17,4.16
2018-11-14,1.35,1.0,25.54,7.0,1098.75,163.0,4.5,3.2,21.07,7.28
2018-11-15,0.0,0.0,8.67,4.0,369.55,72.0,0.98,1.34,314.01,57.38
2018-11-16,6.24,2.0,25.81,7.0,582.87,101.0,0.53,0.82,477.64,80.86
2018-11-17,7.79,3.0,49.44,10.0,485.07,106.0,43.95,8.87,430.23,92.58
2018-11-18,9.32,4.0,91.09,23.0,646.12,148.0,3.94,1.66,9.66,4.2
2018-11-19,0.46,1.0,1.17,2.0,342.16,69.0,0.0,0.0,3.48,2.51
2018-11-20,17.02,4.0,91.57,17.0,275.53,54.0,43.24,5.74,187.47,32.7
2018-11-21,0.0,0.0,1.92,1.0,247.57,42.0,0.17,0.09,161.85,27.38
2018-11-22,0.64,1.0,69.12,19.0,350.07,53.0,21.88,5.32,218.94,27.0
2018-11-23,1.04,2.0,37.73,14.0,341.7,82.0,31.15,11.36,286.09,63.44
2018-11-24,5.63,3.0,110.84,17.0,289.97,72.0,60.0,5.98,168.76,34.75
2018-11-25,7.3,2.0,55.58,19.0,184.43,53.0,30.09,10.12,98.91,27.81
2018-11-26,2.93,1.0,20.78,5.0,52.19,15.0,3.29,1.09,18.32,4.74
2018-11-27,11.88,3.0,39.61,11.0,59.51,15.0,12.61,4.31,24.6,5.94
2018-11-28,18.38,6.0,89.27,23.0,157.64,45.0,45.06,10.74,70.71,19.3
2018-11-29,47.22,10.0,147.13,45.0,220.31,70.0,26.95,8.23,42.59,13.15
2018-11-30,7.82,3.0,65.17,16.0,158.01,48.0,17.35,4.67,50.35,14.44
2018-12-01,4.19,2.0,38.27,12.0,112.07,30.0,10.9,3.12,45.46,8.24
2018-12-02,3.82,1.0,24.0,8.0,64.07,21.0,9.45,3.24,24.03,8.34
2018-12-03,0.0,0.0,44.28,11.0,82.59,25.0,20.97,5.24,40.37,11.99
2018-12-04,25.09,11.0,175.48,47.0,262.95,72.0,51.71,15.07,95.18,25.21
2018-12-05,12.28,7.0,130.28,46.0,253.9,93.0,24.47,8.83,82.76,29.65
2018-12-06,15.68,5.0,61.93,21.0,123.5,48.0,31.59,9.83,70.29,27.56
2018-12-07,9.0,4.0,54.09,20.0,115.44,40.0,23.32,8.95,49.24,17.3
2018-12-08,19.72,8.0,45.68,17.0,120.87,44.0,18.08,6.84,51.24,18.03
2018-12-09,31.83,9.0,181.03,44.0,321.88,77.0,83.98,20.3,137.46,31.46
2018-12-10,32.17,11.0,130.49,44.0,221.65,80.0,40.72,15.13,68.44,26.57
2018-12-11,10.45,4.0,73.66,20.0,153.26,40.0,19.78,6.16,47.01,14.2
2018-12-12,5.19,1.0,6.91,2.0,6.91,2.0,5.46,1.46,5.46,1.46
2018-12-13,2.68,2.0,17.53,8.0,29.17,13.0,1.59,0.87,4.53,1.63
2018-12-14,31.52,11.0,63.29,23.0,140.67,45.0,18.08,6.99,37.76,12.17
2018-12-15,24.64,10.0,160.45,62.0,294.53,110.0,43.49,14.03,82.24,28.48
2018-12-16,37.47,11.0,143.42,52.0,304.04,100.0,35.28,13.46,106.26,30.97
2018-12-17,0.93,1.0,26.4,13.0,72.67,28.0,19.35,10.43,47.13,18.64
2018-12-18,39.82,11.0,47.22,14.0,85.69,32.0,4.91,2.13,19.19,7.29
2018-12-19,39.95,9.0,103.25,24.0,188.3,47.0,16.82,4.19,52.83,10.01
2018-12-20,58.63,22.0,187.41,61.0,335.17,104.0,54.7,18.55,101.44,33.19
2018-12-21,39.76,15.0,131.08,47.0,221.9,80.0,25.11,8.16,42.88,12.41
2018-12-22,23.18,9.0,131.25,42.0,190.04,62.0,25.63,12.11,40.86,15.66
2018-12-23,24.79,7.0,78.82,17.0,144.46,35.0,8.04,1.58,14.05,5.05
2018-12-24,26.02,10.0,66.31,24.0,141.56,53.0,31.75,9.88,59.51,19.63
2018-12-25,8.76,4.0,48.52,13.0,193.83,47.0,3.71,1.64,35.5,8.07
2018-12-26,24.97,9.0,107.8,39.0,221.46,74.0,41.4,13.65,110.35,32.68
2018-12-27,27.31,8.0,121.34,32.0,187.07,57.0,59.33,15.78,93.12,28.42
2018-12-28,3.46,2.0,13.38,6.0,27.03,12.0,3.52,1.94,10.55,5.56
2018-12-29,17.04,5.0,82.39,25.0,106.5,33.0,11.29,4.37,24.81,8.28
2018-12-30,25.34,8.0,110.42,33.0,211.22,59.0,36.99,10.53,81.59,21.96
2018-12-31,22.21,11.0,120.39,41.0,217.32,71.0,25.1,9.14,34.95,12.94
2019-01-01,29.73,9.0,89.75,32.0,188.43,66.0,24.51,7.68,54.0,18.75
2019-01-02,8.79,2.0,40.51,11.0,111.57,35.0,19.11,5.32,62.42,21.22
2019-01-03,0.0,0.0,30.26,8.0,64.63,19.0,7.41,2.31,22.93,5.85
2019-01-04,0.55,1.0,7.15,2.0,7.15,2.0,4.94,1.61,4.94,1.61
2019-01-05,8.45,4.0,41.11,17.0,86.01,30.0,21.01,7.04,49.84,14.38
2019-01-06,5.39,2.0,19.13,8.0,60.92,19.0,15.8,6.62,35.29,10.66
2019-01-07,5.11,1.0,21.22,9.0,47.83,16.0,4.68,2.94,14.5,6.21
2019-01-08,3.17,4.0,6.81,5.0,10.62,8.0,2.59,3.27,2.92,3.95
2019-01-09,16.37,6.0,46.27,16.0,89.36,27.0,1.36,0.78,2.45,1.07
2019-01-10,6.19,7.0,38.86,12.0,95.38,24.0,2.71,2.33,16.65,6.63
2019-01-11,40.06,17.0,130.87,45.0,226.22,76.0,38.72,13.79,64.42,20.17
2019-01-12,30.82,6.0,74.54,18.0,130.28,34.0,18.17,4.55,33.81,8.15
2019-01-13,8.97,5.0,27.19,10.0,63.89,19.0,22.66,8.2,40.93,14.44
2019-01-14,11.32,3.0,34.46,9.0,156.47,33.0,18.52,5.47,29.01,9.31
2019-01-15,0.0,0.0,1.09,2.0,2.62,3.0,0.16,0.29,0.16,0.29
2019-01-16,8.83,2.0,22.27,8.0,37.46,15.0,4.23,1.59,6.25,2.6
2019-01-17,41.41,12.0,126.45,35.0,169.7,53.0,39.21,13.07,53.1,17.8
2019-01-18,0.0,0.0,7.94,2.0,64.97,14.0,0.89,0.22,4.57,0.94
2019-01-19,3.91,1.0,18.19,5.0,29.15,9.0,7.36,2.43,8.42,3.0
2019-01-20,13.73,2.0,46.07,9.0,96.88,22.0,5.3,1.44,17.64,5.05
2019-01-21,0.0,0.0,48.14,2.0,52.89,4.0,0.0,0.0,0.0,0.0
2019-01-22,0.0,0.0,0.0,0.0,0.0,0.0,0.0,0.0,0.0,0.0
2019-01-23,0.0,0.0,0.0,0.0,0.0,0.0,0.0,0.0,0.0,0.0
2019-01-24,0.0,0.0,0.0,0.0,0.0,0.0,0.0,0.0,0.0,0.0
2019-01-25,0.0,0.0,0.0,0.0,8.2,4.0,0.0,0.0,4.37,1.49
2019-01-26,9.63,4.0,28.31,9.0,59.2,20.0,16.44,5.0,19.69,6.24
2019-01-27,0.0,0.0,25.75,9.0,75.26,23.0,8.77,4.44,33.09,10.0
2019-01-28,24.61,5.0,71.22,14.0,140.73,28.0,5.98,1.38,35.87,4.65
2019-01-29,5.48,3.0,33.39,10.0,91.13,28.0,21.15,6.55,32.07,10.09
2019-01-30,0.0,0.0,2.37,1.0,2.37,1.0,0.0,0.0,0.0,0.0
2019-01-31,19.58,5.0,26.53,7.0,42.46,9.0,0.49,0.11,14.63,1.88
2019-02-01,2.57,1.0,43.06,12.0,94.99,29.0,16.92,5.83,41.05,13.86
2019-02-02,9.35,2.0,64.05,18.0,153.02,47.0,13.47,3.6,28.32,7.48
2019-02-03,0.0,0.0,0.0,0.0,15.68,6.0,0.0,0.0,10.81,3.16
2019-02-04,12.47,4.0,38.84,13.0,55.96,20.0,10.9,3.67,16.73,5.58
2019-02-05,0.0,0.0,20.15,4.0,53.12,16.0,11.06,1.9,26.75,8.33
2019-02-06,11.71,5.0,50.76,18.0,153.42,38.0,0.78,0.44,22.53,4.88
2019-02-07,0.0,0.0,0.0,0.0,0.0,0.0,0.0,0.0,0.0,0.0
2019-02-08,0.7,2.0,0.7,2.0,0.7,2.0,0.24,0.68,0.24,0.68
2019-02-09,0.0,0.0,0.0,0.0,16.6,4.0,0.0,0.0,3.36,1.47
2019-02-10,1.97,1.0,21.31,4.0,39.21,7.0,6.69,0.99,17.57,2.94
2019-02-11,8.31,3.0,34.81,9.0,88.32,19.0,13.25,3.96,22.65,5.95
2019-02-12,18.53,1.0,35.94,9.0,112.73,26.0,13.68,5.17,24.58,8.78
2019-02-13,0.0,0.0,13.07,3.0,22.23,6.0,0.0,0.0,0.12,0.06
2019-02-14,0.0,0.0,0.0,0.0,1.64,1.0,0.0,0.0,1.64,1.0
2019-02-15,0.0,0.0,0.0,0.0,0.0,0.0,0.0,0.0,0.0,0.0
2019-02-16,0.0,0.0,0.0,0.0,7.47,2.0,0.0,0.0,4.4,0.63
2019-02-17,4.21,2.0,19.81,7.0,25.87,10.0,10.02,3.05,11.47,3.75
2019-02-18,0.0,0.0,7.74,3.0,37.22,12.0,0.0,0.0,7.58,2.22
2019-02-19,0.0,0.0,15.68,4.0,30.14,7.0,3.45,0.96,3.47,0.96
2019-02-20,0.0,0.0,0.0,0.0,0.0,0.0,0.0,0.0,0.0,0.0
2019-02-21,0.32,1.0,1.24,2.0,12.09,5.0,0.0,0.0,0.15,0.05
2019-02-22,8.6,4.0,46.75,17.0,106.11,37.0,17.44,6.04,35.35,13.05
2019-02-23,12.66,5.0,40.95,16.0,170.95,56.0,13.08,5.61,28.26,11.24
2019-02-24,12.88,9.0,92.57,36.0,228.79,54.0,46.62,15.74,116.54,29.33
2019-02-25,10.72,2.0,65.32,10.0,134.09,33.0,38.17,4.66,47.58,9.37
2019-02-26,0.0,0.0,0.0,0.0,7.32,1.0,0.0,0.0,0.0,0.0
2019-02-27,0.57,1.0,23.06,5.0,40.86,8.0,21.01,3.73,33.51,5.48
2019-02-28,17.36,9.0,38.15,17.0,82.69,35.0,21.65,8.89,50.5,20.2
2019-03-01,18.2,4.0,42.05,10.0,98.33,21.0,17.3,4.81,29.17,8.1
2019-03-02,0.0,0.0,0.0,0.0,0.0,0.0,0.0,0.0,0.0,0.0
2019-03-03,0.0,0.0,0.0,0.0,0.0,0.0,0.0,0.0,0.0,0.0
2019-03-04,4.58,5.0,24.92,12.0,25.37,13.0,11.3,5.69,11.7,6.58
2019-03-05,2.82,2.0,36.03,13.0,83.1,30.0,8.89,4.59,16.36,8.4
2019-03-06,7.27,4.0,51.43,16.0,156.42,37.0,15.14,5.36,28.17,8.32
2019-03-07,9.48,4.0,29.85,8.0,132.21,25.0,15.81,2.95,52.51,6.68
2019-03-08,0.0,0.0,49.15,3.0,61.21,7.0,34.31,2.09,38.19,3.29
2019-03-09,11.7,5.0,122.87,12.0,151.46,21.0,17.02,4.03,25.47,5.46
2019-03-10,2.87,3.0,55.47,16.0,140.97,34.0,27.75,7.61,55.8,16.36
2019-03-11,2.65,2.0,16.29,6.0,38.99,12.0,11.27,2.77,23.0,6.07
2019-03-12,0.0,0.0,12.24,3.0,26.55,7.0,6.39,1.42,17.34,4.35
2019-03-13,0.0,0.0,0.55,1.0,1.34,2.0,0.49,0.9,1.18,1.76
2019-03-14,0.73,2.0,1.26,3.0,10.72,6.0,0.49,1.35,3.72,2.39
2019-03-15,3.07,5.0,15.22,10.0,74.03,30.0,4.6,4.73,26.82,10.88
2019-03-16,1.04,1.0,16.35,4.0,38.11,11.0,2.26,1.17,8.06,3.21
2019-03-17,11.46,3.0,44.27,8.0,90.16,26.0,18.65,3.4,38.91,8.87
2019-03-18,26.15,7.0,32.27,9.0,68.36,20.0,9.23,2.58,17.44,5.5
2019-03-19,19.7,5.0,34.42,9.0,55.21,13.0,19.55,4.76,20.35,5.08
2019-03-20,0.96,2.0,8.31,6.0,51.4,31.0,1.61,1.19,12.8,13.22
2019-03-21,0.0,0.0,42.93,11.0,63.23,15.0,12.1,4.62,22.19,6.38
2019-03-22,3.09,1.0,52.17,12.0,93.96,24.0,27.0,5.21,33.34,6.73
2019-03-23,11.7,4.0,11.7,4.0,45.67,14.0,1.98,1.83,10.25,3.49
2019-03-24,0.0,0.0,0.0,0.0,24.07,8.0,0.0,0.0,8.9,2.57
2019-03-25,0.0,0.0,16.31,4.0,26.55,8.0,7.54,1.75,7.71,2.24
2019-03-26,3.52,4.0,8.98,6.0,32.63,15.0,2.36,2.5,2.84,2.97
2019-03-27,2.94,5.0,17.53,7.0,47.29,17.0,11.38,3.71,18.39,5.97
2019-03-28,0.0,0.0,9.47,2.0,35.71,9.0,0.06,0.01,13.09,2.14
2019-03-29,18.47,4.0,23.32,5.0,38.6,9.0,5.27,2.08,14.37,3.8
2019-03-30,1.85,1.0,3.25,2.0,30.66,7.0,0.23,0.15,3.1,0.45
2019-03-31,1.53,3.0,36.6,7.0,64.1,18.0,30.57,3.95,49.29,7.85
2019-04-01,14.64,5.0,26.47,9.0,75.44,24.0,11.06,2.61,22.1,5.7
2019-04-02,0.0,0.0,0.44,1.0,237.24,25.0,0.0,0.0,44.31,11.94
2019-04-03,1.89,2.0,16.74,7.0,43.7,13.0,4.37,1.92,8.96,3.76
2019-04-04,7.59,3.0,29.46,6.0,35.59,8.0,2.86,1.07,4.9,1.75
2019-04-05,2.5,2.0,4.21,3.0,69.41,13.0,1.57,0.94,50.49,8.42
2019-04-06,5.25,1.0,10.26,3.0,38.65,11.0,0.16,0.06,25.68,6.7
2019-04-07,8.12,2.0,8.12,2.0,17.68,6.0,7.74,1.91,14.25,4.49
2019-04-08,3.41,1.0,9.46,4.0,24.32,6.0,0.26,0.36,14.97,2.33
2019-04-09,0.0,0.0,1.65,1.0,55.1,16.0,1.01,0.61,28.24,8.03
2019-04-10,0.0,0.0,2.41,1.0,86.28,11.0,2.14,0.89,4.47,1.14
2019-04-11,1.58,2.0,34.07,11.0,71.81,17.0,4.72,2.4,10.85,4.15
2019-04-12,0.47,1.0,3.8,4.0,22.03,9.0,1.86,1.54,9.31,3.25
2019-04-13,1.06,2.0,10.95,6.0,59.41,16.0,5.54,2.47,14.86,4.42
2019-04-14,3.58,1.0,8.11,6.0,20.32,15.0,1.45,2.04,6.79,5.58
2019-04-15,1.01,1.0,1.01,1.0,32.56,10.0,0.0,0.0,0.74,0.39
2019-04-16,0.0,0.0,0.0,0.0,0.0,0.0,0.0,0.0,0.0,0.0
2019-04-17,0.0,0.0,2.89,2.0,2.89,2.0,0.0,0.0,0.0,0.0
2019-04-18,0.53,1.0,0.53,1.0,4.36,2.0,0.38,0.72,3.17,1.45
2019-04-19,0.0,0.0,19.67,7.0,25.09,10.0,2.3,1.12,2.3,1.12
2019-04-20,0.0,0.0,24.03,4.0,49.13,9.0,5.91,1.14,12.78,2.18
2019-04-21,35.08,4.0,35.08,4.0,109.0,21.0,12.84,1.51,26.96,6.41
2019-04-22,23.52,6.0,60.91,14.0,196.83,27.0,13.17,3.32,96.88,7.23
2019-04-23,0.0,0.0,18.4,5.0,74.86,23.0,0.0,0.0,23.43,9.12
2019-04-24,59.61,4.0,160.68,13.0,173.52,18.0,7.36,0.82,14.06,3.4
2019-04-25,10.86,2.0,79.28,14.0,143.96,25.0,0.0,0.0,12.97,5.16
2019-04-26,13.39,2.0,380.11,32.0,727.1,84.0,257.17,19.38,337.49,29.84
2019-04-27,80.49,11.0,1740.5,121.0,6718.93,330.0,1043.93,72.66,5710.94,228.46
2019-04-28,0.9,1.0,171.53,18.0,2382.72,109.0,159.38,10.12,2115.95,69.71
2019-04-29,52.13,6.0,283.07,29.0,494.7,78.0,47.87,6.33,170.67,32.1
2019-04-30,4.77,3.0,548.58,74.0,1287.42,192.0,53.47,11.26,83.52,16.59
2019-05-01,58.75,14.0,342.93,69.0,581.39,138.0,15.02,3.42,72.14,25.54
2019-05-02,0.0,0.0,307.69,37.0,700.37,104.0,28.76,3.65,168.62,30.83
2019-05-03,25.84,4.0,112.46,20.0,273.63,70.0,62.78,9.55,128.01,32.82
2019-05-04,155.84,10.0,1924.97,156.0,3229.39,305.0,1257.96,97.17,2322.06,206.87
2019-05-05,200.31,45.0,1683.16,276.0,4381.72,552.0,1116.29,177.23,3026.01,375.61
2019-05-06,236.22,31.0,3030.16,316.0,6003.76,681.0,2459.83,242.91,4918.02,508.88
2019-05-07,84.0,23.0,1617.89,246.0,4372.48,526.0,1209.08,170.65,3034.59,314.49
2019-05-08,286.95,47.0,1931.11,308.0,4449.24,769.0,1323.77,224.73,2709.23,420.84
2019-05-09,122.55,22.0,1229.67,152.0,4695.99,551.0,840.22,97.68,2549.92,250.53
2019-05-10,124.09,28.0,1159.84,196.0,4249.53,680.0,831.68,128.53,2956.59,402.6
2019-05-11,108.38,14.0,824.81,126.0,2361.06,473.0,499.93,77.16,1508.3,267.3
2019-05-12,44.49,10.0,452.24,88.0,2206.71,469.0,372.11,69.89,1599.45,318.72
2019-05-13,213.5,24.0,1148.67,148.0,5543.45,631.0,591.2,90.21,4121.73,460.76
2019-05-14,46.06,8.0,128.5,26.0,495.14,104.0,50.85,12.34,268.06,53.88
2019-05-15,5.15,2.0,74.89,18.0,292.19,65.0,0.0,0.0,66.23,14.29
2019-05-16,45.2,9.0,160.57,38.0,808.11,164.0,78.25,18.08,622.96,122.37
2019-05-17,69.1,13.0,527.24,63.0,1355.28,197.0,433.27,40.77,1066.09,128.58
2019-05-18,38.59,10.0,231.37,44.0,1708.55,309.0,142.04,30.01,1141.97,196.21
2019-05-19,41.79,4.0,232.24,38.0,1121.36,221.0,155.01,23.4,606.42,103.48
2019-05-20,121.43,11.0,415.38,67.0,779.84,141.0,257.29,45.19,455.71,83.22
2019-05-21,12.74,5.0,164.58,46.0,955.87,225.0,119.85,30.67,453.16,112.52
2019-05-22,0.0,0.0,126.04,17.0,839.47,165.0,22.35,4.31,70.27,14.64
2019-05-23,14.94,4.0,120.35,26.0,367.87,63.0,78.54,17.04,210.48,38.06
2019-05-24,0.73,1.0,2.26,2.0,124.77,30.0,0.18,0.12,38.46,13.14
2019-05-25,40.49,8.0,109.34,23.0,990.15,132.0,66.47,13.87,345.65,69.34
2019-05-26,30.0,4.0,166.69,18.0,727.42,101.0,77.14,10.58,381.73,48.47
2019-05-27,38.83,7.0,143.68,26.0,859.2,157.0,96.46,18.01,264.13,50.89
2019-05-28,68.41,11.0,132.75,22.0,578.58,106.0,65.02,9.02,122.65,19.65
2019-05-29,15.95,3.0,93.2,15.0,596.2,132.0,24.55,4.25,121.92,20.42
2019-05-30,0.0,0.0,0.0,0.0,390.57,77.0,0.0,0.0,57.8,9.16
2019-05-31,0.0,0.0,6.55,1.0,274.9,45.0,4.22,0.65,66.16,11.44
2019-06-01,7.87,1.0,30.25,6.0,260.1,49.0,6.44,0.83,36.79,7.0
2019-06-02,2.67,1.0,51.19,5.0,142.82,24.0,0.32,0.1,11.01,2.85
2019-06-03,0.46,1.0,108.66,7.0,180.12,28.0,40.71,2.79,43.32,4.35
2019-06-04,8.49,3.0,8.49,3.0,79.29,20.0,0.0,0.0,25.59,3.88
2019-06-05,9.21,2.0,27.23,6.0,70.56,17.0,1.15,0.34,1.23,0.47
2019-06-06,31.4,5.0,44.51,11.0,55.48,14.0,0.01,0.01,6.64,0.96
2019-06-07,0.0,0.0,20.58,3.0,54.03,11.0,7.25,0.99,9.04,1.44
2019-06-08,0.0,0.0,15.75,2.0,89.47,23.0,15.58,1.98,48.49,8.58
2019-06-09,0.0,0.0,6.5,1.0,86.28,30.0,4.24,0.65,35.51,12.43
2019-06-10,5.83,1.0,7.61,2.0,123.93,23.0,0.0,0.0,2.93,0.71
2019-06-11,0.0,0.0,2.49,1.0,39.41,11.0,0.0,0.0,12.34,3.13
2019-06-12,0.0,0.0,0.0,0.0,11.99,4.0,0.0,0.0,2.22,0.55
2019-06-13,2.08,1.0,7.74,3.0,34.32,12.0,3.11,1.63,3.11,1.63
2019-06-14,18.13,5.0,25.91,7.0,138.07,38.0,8.81,2.83,15.81,4.01
2019-06-15,0.0,0.0,0.0,0.0,160.76,36.0,0.0,0.0,3.28,0.61
2019-06-16,0.0,0.0,0.0,0.0,3.37,3.0,0.0,0.0,1.02,0.59
2019-06-17,0.0,0.0,0.0,0.0,8.56,3.0,0.0,0.0,0.0,0.0
2019-06-18,0.57,1.0,0.57,1.0,2.42,2.0,0.0,0.0,0.0,0.0
2019-06-19,7.9,2.0,19.93,3.0,22.14,5.0,8.0,0.66,8.0,0.66
2019-06-20,1.35,1.0,2.67,2.0,14.94,8.0,1.16,0.88,1.16,0.88
2019-06-21,0.0,0.0,0.0,0.0,5.43,3.0,0.0,0.0,2.19,1.42
2019-06-22,3.56,2.0,3.56,2.0,48.74,13.0,3.15,1.72,11.93,4.58
2019-06-23,0.0,0.0,0.0,0.0,30.35,7.0,0.0,0.0,6.43,1.31
2019-06-24,0.0,0.0,1.69,1.0,23.31,5.0,1.09,0.65,1.77,0.72
2019-06-25,0.0,0.0,5.74,2.0,29.19,6.0,3.83,1.06,23.89,4.2
2019-06-26,0.0,0.0,6.78,2.0,12.48,4.0,6.77,2.0,8.3,3.13
2019-06-27,7.66,2.0,7.66,2.0,12.11,4.0,0.0,0.0,0.0,0.0
2019-06-28,0.0,0.0,6.75,2.0,30.87,7.0,0.0,0.0,0.61,0.19
2019-06-29,0.0,0.0,17.94,4.0,50.28,11.0,6.71,1.79,9.48,3.24
2019-06-30,4.84,2.0,15.96,4.0,40.31,8.0,0.54,0.12,0.54,0.12
2019-07-01,0.0,0.0,0.0,0.0,0.0,0.0,0.0,0.0,0.0,0.0
2019-07-02,0.0,0.0,0.0,0.0,3.69,2.0,0.0,0.0,0.0,0.0
2019-07-03,0.0,0.0,9.62,2.0,15.28,4.0,0.0,0.0,0.0,0.0
2019-07-04,0.0,0.0,0.0,0.0,0.0,0.0,0.0,0.0,0.0,0.0
2019-07-05,0.0,0.0,0.0,0.0,0.0,0.0,0.0,0.0,0.0,0.0
2019-07-06,0.0,0.0,0.0,0.0,0.0,0.0,0.0,0.0,0.0,0.0
2019-07-07,0.0,0.0,0.0,0.0,0.0,0.0,0.0,0.0,0.0,0.0
2019-07-08,0.0,0.0,0.0,0.0,0.0,0.0,0.0,0.0,0.0,0.0
2019-07-09,0.0,0.0,0.0,0.0,0.0,0.0,0.0,0.0,0.0,0.0
2019-07-10,0.0,0.0,0.0,0.0,0.0,0.0,0.0,0.0,0.0,0.0
2019-07-11,0.0,0.0,0.0,0.0,4.86,2.0,0.0,0.0,0.0,0.0
2019-07-12,0.0,0.0,0.0,0.0,0.0,0.0,0.0,0.0,0.0,0.0
2019-07-13,0.0,0.0,0.0,0.0,0.0,0.0,0.0,0.0,0.0,0.0
2019-07-14,0.0,0.0,0.0,0.0,0.0,0.0,0.0,0.0,0.0,0.0
2019-07-15,0.0,0.0,0.0,0.0,0.0,0.0,0.0,0.0,0.0,0.0
2019-07-16,0.0,0.0,0.0,0.0,0.0,0.0,0.0,0.0,0.0,0.0
2019-07-17,0.0,0.0,0.0,0.0,0.0,0.0,0.0,0.0,0.0,0.0
2019-07-18,0.0,0.0,0.0,0.0,2.59,1.0,0.0,0.0,0.0,0.0
2019-07-19,0.0,0.0,0.0,0.0,0.0,0.0,0.0,0.0,0.0,0.0
2019-07-20,1.73,2.0,2.78,3.0,2.78,3.0,0.0,0.0,0.0,0.0
2019-07-21,0.0,0.0,0.0,0.0,1.33,1.0,0.0,0.0,0.0,0.0
2019-07-22,0.0,0.0,2.75,1.0,2.75,1.0,0.0,0.0,0.0,0.0
2019-07-23,0.0,0.0,0.0,0.0,6.81,1.0,0.0,0.0,6.81,1.0
2019-07-24,0.0,0.0,0.0,0.0,0.0,0.0,0.0,0.0,0.0,0.0
2019-07-25,0.0,0.0,0.0,0.0,0.0,0.0,0.0,0.0,0.0,0.0
2019-07-26,0.0,0.0,0.0,0.0,0.0,0.0,0.0,0.0,0.0,0.0
2019-07-27,0.0,0.0,0.0,0.0,0.0,0.0,0.0,0.0,0.0,0.0
2019-07-28,0.0,0.0,0.0,0.0,0.0,0.0,0.0,0.0,0.0,0.0
2019-07-29,0.0,0.0,0.0,0.0,0.0,0.0,0.0,0.0,0.0,0.0
2019-07-30,0.0,0.0,0.0,0.0,0.0,0.0,0.0,0.0,0.0,0.0
2019-07-31,0.0,0.0,0.0,0.0,0.0,0.0,0.0,0.0,0.0,0.0
2019-08-01,0.0,0.0,0.0,0.0,0.0,0.0,0.0,0.0,0.0,0.0
2019-08-02,0.0,0.0,0.0,0.0,0.0,0.0,0.0,0.0,0.0,0.0
2019-08-03,0.0,0.0,0.0,0.0,0.0,0.0,0.0,0.0,0.0,0.0
2019-08-04,0.0,0.0,0.0,0.0,2.68,1.0,0.0,0.0,0.0,0.0
2019-08-05,0.0,0.0,0.0,0.0,0.0,0.0,0.0,0.0,0.0,0.0
2019-08-06,0.0,0.0,0.0,0.0,0.0,0.0,0.0,0.0,0.0,0.0
2019-08-07,0.0,0.0,0.0,0.0,0.0,0.0,0.0,0.0,0.0,0.0
2019-08-08,0.0,0.0,0.0,0.0,3.94,1.0,0.0,0.0,0.0,0.0
2019-08-09,2.74,2.0,2.74,2.0,7.26,3.0,0.0,0.0,0.47,0.1
2019-08-10,1.5,1.0,1.5,1.0,1.5,1.0,0.0,0.0,0.0,0.0
2019-08-11,0.0,0.0,0.0,0.0,0.0,0.0,0.0,0.0,0.0,0.0
2019-08-12,0.0,0.0,0.0,0.0,0.0,0.0,0.0,0.0,0.0,0.0
2019-08-13,0.0,0.0,0.0,0.0,0.0,0.0,0.0,0.0,0.0,0.0
2019-08-14,0.0,0.0,0.0,0.0,0.0,0.0,0.0,0.0,0.0,0.0
2019-08-15,0.0,0.0,0.0,0.0,0.0,0.0,0.0,0.0,0.0,0.0
2019-08-16,0.0,0.0,0.0,0.0,0.0,0.0,0.0,0.0,0.0,0.0
2019-08-17,0.0,0.0,0.0,0.0,0.0,0.0,0.0,0.0,0.0,0.0
2019-08-18,0.0,0.0,0.0,0.0,0.0,0.0,0.0,0.0,0.0,0.0
2019-08-19,0.0,0.0,0.0,0.0,0.0,0.0,0.0,0.0,0.0,0.0
2019-08-20,0.0,0.0,0.0,0.0,0.0,0.0,0.0,0.0,0.0,0.0
2019-08-21,0.0,0.0,0.0,0.0,2.18,1.0,0.0,0.0,1.2,0.55
2019-08-22,1.63,2.0,1.63,2.0,1.63,2.0,0.0,0.0,0.0,0.0
2019-08-23,0.0,0.0,0.0,0.0,2.89,2.0,0.0,0.0,0.0,0.0
2019-08-24,0.0,0.0,0.0,0.0,0.0,0.0,0.0,0.0,0.0,0.0
2019-08-25,18.65,6.0,18.65,6.0,18.65,6.0,3.3,1.06,3.3,1.06
2019-08-26,0.0,0.0,0.0,0.0,0.0,0.0,0.0,0.0,0.0,0.0
2019-08-27,0.0,0.0,0.0,0.0,0.0,0.0,0.0,0.0,0.0,0.0
2019-08-28,0.0,0.0,0.0,0.0,0.0,0.0,0.0,0.0,0.0,0.0
2019-08-29,0.0,0.0,0.0,0.0,0.0,0.0,0.0,0.0,0.0,0.0
2019-08-30,0.0,0.0,0.0,0.0,4.74,1.0,0.0,0.0,0.0,0.0
2019-08-31,0.0,0.0,0.0,0.0,0.0,0.0,0.0,0.0,0.0,0.0
2019-09-01,0.0,0.0,0.0,0.0,0.0,0.0,0.0,0.0,0.0,0.0
2019-09-02,2.25,2.0,2.25,2.0,8.57,4.0,0.1,0.15,0.1,0.15
2019-09-03,0.0,0.0,0.0,0.0,7.11,3.0,0.0,0.0,1.09,1.16
2019-09-04,0.0,0.0,0.0,0.0,0.0,0.0,0.0,0.0,0.0,0.0
2019-09-05,0.0,0.0,0.0,0.0,0.0,0.0,0.0,0.0,0.0,0.0
2019-09-06,0.0,0.0,0.0,0.0,0.0,0.0,0.0,0.0,0.0,0.0
2019-09-07,0.0,0.0,0.0,0.0,0.0,0.0,0.0,0.0,0.0,0.0
2019-09-08,2.21,1.0,2.21,1.0,7.38,2.0,1.17,0.53,1.17,0.53
2019-09-09,0.0,0.0,0.0,0.0,0.0,0.0,0.0,0.0,0.0,0.0
2019-09-10,0.0,0.0,0.0,0.0,0.74,1.0,0.0,0.0,0.0,0.0
2019-09-11,0.0,0.0,0.0,0.0,0.0,0.0,0.0,0.0,0.0,0.0
2019-09-12,0.0,0.0,0.0,0.0,0.0,0.0,0.0,0.0,0.0,0.0
2019-09-13,5.63,2.0,11.53,4.0,13.68,5.0,1.1,0.37,1.1,0.37
2019-09-14,0.0,0.0,0.0,0.0,0.0,0.0,0.0,0.0,0.0,0.0
2019-09-15,0.0,0.0,0.0,0.0,1.54,1.0,0.0,0.0,0.0,0.0
2019-09-16,0.0,0.0,0.0,0.0,0.0,0.0,0.0,0.0,0.0,0.0
2019-09-17,0.0,0.0,0.0,0.0,10.68,2.0,0.0,0.0,0.0,0.0
2019-09-18,4.59,3.0,7.73,4.0,28.86,10.0,0.88,0.28,0.88,0.28
2019-09-19,0.0,0.0,1.22,2.0,5.05,6.0,0.0,0.0,2.6,2.71
2019-09-20,0.0,0.0,0.0,0.0,28.95,6.0,0.0,0.0,0.0,0.0
2019-09-21,0.0,0.0,0.0,0.0,23.53,8.0,0.0,0.0,0.0,0.0
2019-09-22,0.0,0.0,0.0,0.0,44.31,7.0,0.0,0.0,0.0,0.0
2019-09-23,2.79,4.0,3.37,5.0,32.61,13.0,0.44,1.0,0.95,1.9
2019-09-24,2.88,4.0,2.88,4.0,138.42,37.0,0.0,0.0,0.0,0.0
2019-09-25,0.0,0.0,10.35,2.0,32.36,10.0,0.0,0.0,0.9,0.87
2019-09-26,0.0,0.0,0.0,0.0,40.21,8.0,0.0,0.0,0.0,0.0
2019-09-27,0.0,0.0,0.0,0.0,59.0,11.0,0.0,0.0,1.76,0.4
2019-09-28,0.0,0.0,0.0,0.0,52.0,11.0,0.0,0.0,0.0,0.0
2019-09-29,1.07,3.0,1.07,3.0,5.33,5.0,0.0,0.0,0.0,0.0
2019-09-30,0.0,0.0,0.0,0.0,24.94,7.0,0.0,0.0,0.7,0.93
2019-10-01,0.0,0.0,0.0,0.0,3.75,2.0,0.0,0.0,0.29,0.36
2019-10-02,0.0,0.0,0.0,0.0,28.78,8.0,0.0,0.0,20.03,5.52
2019-10-03,0.0,0.0,0.0,0.0,53.7,10.0,0.0,0.0,35.59,6.62
2019-10-04,0.96,3.0,5.41,4.0,134.16,36.0,4.49,2.62,117.0,30.16
2019-10-05,3.25,2.0,11.21,4.0,147.97,43.0,4.29,1.41,125.98,34.69
2019-10-06,0.68,1.0,15.48,5.0,109.91,35.0,4.92,0.94,90.14,27.86
2019-10-07,0.42,1.0,0.42,1.0,99.74,22.0,0.33,0.79,75.82,15.77
2019-10-08,0.0,0.0,10.63,4.0,448.53,79.0,0.0,0.0,356.09,58.35
2019-10-09,0.9,2.0,66.45,12.0,454.52,93.0,53.06,7.9,54.87,8.27
2019-10-10,2.81,1.0,44.66,14.0,784.77,199.0,10.31,3.39,485.8,129.18
2019-10-11,0.0,0.0,41.83,11.0,796.03,154.0,16.26,4.04,673.68,124.88
2019-10-12,0.8,1.0,23.28,7.0,465.49,127.0,3.75,1.49,340.84,96.99
2019-10-13,0.0,0.0,63.83,12.0,683.97,164.0,3.52,1.62,530.44,131.79
2019-10-14,0.0,0.0,37.93,10.0,815.04,149.0,0.0,0.0,458.5,85.51
2019-10-15,7.28,3.0,56.63,22.0,1281.18,304.0,6.15,1.74,200.98,49.67
2019-10-16,0.0,0.0,80.8,24.0,958.76,205.0,38.87,11.84,90.28,25.66
2019-10-17,0.0,0.0,32.3,6.0,870.61,144.0,27.76,5.25,45.33,9.37
2019-10-18,0.0,0.0,77.06,13.0,609.57,118.0,0.45,0.11,58.72,9.93
2019-10-19,6.97,2.0,87.46,14.0,1172.27,205.0,1.9,1.25,501.55,89.68
2019-10-20,83.14,18.0,608.94,109.0,2858.47,538.0,16.32,3.83,2012.22,375.85
2019-10-21,22.45,9.0,400.52,73.0,2525.2,442.0,22.85,7.42,1466.73,249.15
2019-10-22,2.44,2.0,119.81,29.0,1127.26,216.0,3.07,1.54,661.92,121.18
2019-10-23,0.51,1.0,128.82,29.0,1246.22,228.0,1.3,1.54,684.03,125.76
2019-10-24,0.6,1.0,229.56,33.0,1641.34,233.0,0.0,0.0,113.44,21.14
2019-10-25,28.14,5.0,304.67,53.0,1940.11,333.0,87.24,15.91,128.83,27.94
2019-10-26,15.93,3.0,392.19,92.0,2634.51,558.0,14.97,6.13,1866.59,378.02
2019-10-27,18.76,3.0,362.21,63.0,2734.95,411.0,25.05,5.17,2043.79,286.71
2019-10-28,18.64,3.0,64.76,9.0,1779.99,297.0,2.44,0.95,1495.29,242.59
2019-10-29,0.0,0.0,0.0,0.0,42.95,12.0,0.0,0.0,41.5,11.55
2019-10-30,11.46,1.0,60.58,16.0,2852.46,363.0,0.17,0.02,2408.58,283.72
2019-10-31,0.45,1.0,1.04,2.0,1.84,3.0,0.14,0.24,0.14,0.24
2019-11-01,0.0,0.0,147.08,31.0,824.16,144.0,2.51,0.93,472.33,81.88
2019-11-02,1.98,2.0,19.89,6.0,34.33,11.0,2.5,2.05,2.5,2.05
2019-11-03,1.15,1.0,1.15,1.0,1360.88,235.0,0.97,0.85,1123.81,191.39
2019-11-04,17.1,3.0,77.79,16.0,2839.72,442.0,16.01,2.37,2338.23,349.08
2019-11-05,34.26,4.0,96.19,21.0,2884.72,476.0,5.65,1.54,1997.02,313.78
2019-11-06,2.27,1.0,49.03,15.0,2760.76,397.0,7.32,1.23,7.91,1.35
2019-11-07,1.61,1.0,1.61,1.0,1.61,1.0,0.0,0.0,0.0,0.0
2019-11-08,1.61,3.0,6.7,4.0,207.37,42.0,0.53,1.27,104.68,22.58
2019-11-09,12.03,3.0,127.17,18.0,2010.56,268.0,11.73,1.71,1724.93,212.94
2019-11-10,7.22,3.0,93.57,14.0,1943.44,273.0,27.05,3.55,1628.04,212.2
2019-11-11,6.17,3.0,57.28,25.0,630.65,151.0,11.72,6.64,428.89,85.13
2019-11-12,24.1,6.0,71.56,19.0,900.43,186.0,19.97,6.45,713.12,136.65
2019-11-13,1.87,1.0,17.1,5.0,143.14,30.0,8.17,1.69,52.19,8.48
2019-11-14,1.33,2.0,1.33,2.0,7.4,4.0,0.0,0.0,1.91,0.81
2019-11-15,9.98,2.0,49.54,13.0,214.11,49.0,10.58,3.15,143.17,30.27
2019-11-16,11.27,3.0,37.9,15.0,417.91,86.0,24.01,8.38,276.31,51.15
2019-11-17,6.94,3.0,39.66,10.0,506.69,91.0,23.87,4.34,364.31,55.4
2019-11-18,1.05,1.0,36.25,8.0,326.88,48.0,14.16,3.11,203.54,26.18
2019-11-19,16.31,6.0,27.49,8.0,282.48,60.0,14.17,4.86,227.87,48.81
2019-11-20,5.31,1.0,24.22,9.0,235.95,55.0,8.29,2.22,38.82,11.39
2019-11-21,1.3,1.0,30.54,8.0,106.3,29.0,16.06,3.64,32.57,9.14
2019-11-22,5.52,2.0,22.82,7.0,71.21,16.0,5.29,1.24,32.81,4.1
2019-11-23,0.95,2.0,38.84,13.0,65.07,19.0,14.06,4.03,32.17,8.16
2019-11-24,0.0,0.0,12.87,8.0,58.25,21.0,2.9,3.31,36.5,12.77
2019-11-25,15.28,4.0,21.59,8.0,68.87,22.0,10.62,3.99,35.43,11.8
2019-11-26,0.0,0.0,4.92,1.0,35.98,6.0,4.62,0.94,9.88,1.61
2019-11-27,28.0,10.0,35.41,13.0,70.08,26.0,23.94,7.48,52.93,17.87
2019-11-28,0.0,0.0,0.0,0.0,0.0,0.0,0.0,0.0,0.0,0.0
2019-11-29,0.0,0.0,0.0,0.0,5.58,2.0,0.0,0.0,5.5,1.97
2019-11-30,9.19,3.0,17.6,5.0,47.47,15.0,2.88,1.04,9.74,3.22
2019-12-01,3.7,1.0,18.84,7.0,70.49,26.0,1.28,1.26,12.68,4.37
2019-12-02,12.21,5.0,41.96,17.0,156.44,51.0,7.32,2.79,18.52,5.73
2019-12-03,21.41,5.0,89.23,25.0,303.19,76.0,26.4,6.38,90.6,14.64
2019-12-04,0.65,1.0,41.79,10.0,82.02,25.0,25.95,6.2,49.2,13.27
2019-12-05,2.6,1.0,28.08,8.0,35.45,11.0,18.85,5.05,23.32,6.54
2019-12-06,0.59,1.0,60.57,15.0,128.81,33.0,39.91,9.34,81.5,19.62
2019-12-07,9.65,5.0,139.36,40.0,283.37,86.0,89.41,23.97,178.81,52.33
2019-12-08,51.92,17.0,225.63,65.0,393.87,129.0,94.62,22.44,152.9,44.34
2019-12-09,9.3,4.0,79.35,27.0,163.27,50.0,17.28,5.36,40.91,13.33
2019-12-10,39.19,9.0,80.5,21.0,152.76,42.0,20.52,6.27,53.22,12.24
2019-12-11,0.0,0.0,0.0,0.0,15.39,5.0,0.0,0.0,9.94,3.59
2019-12-12,0.0,0.0,0.0,0.0,2.05,1.0,0.0,0.0,2.02,0.98
2019-12-13,0.0,0.0,0.0,0.0,1.14,1.0,0.0,0.0,0.0,0.0
2019-12-14,0.0,0.0,0.0,0.0,0.0,0.0,0.0,0.0,0.0,0.0
2019-12-15,0.0,0.0,2.83,2.0,7.15,3.0,2.2,1.61,2.61,1.7
2019-12-16,0.0,0.0,0.0,0.0,0.0,0.0,0.0,0.0,0.0,0.0
2019-12-17,0.0,0.0,0.0,0.0,4.61,1.0,0.0,0.0,0.11,0.02
2019-12-18,14.22,6.0,52.71,17.0,57.56,19.0,24.19,7.91,24.19,7.91
2019-12-19,0.0,0.0,0.0,0.0,0.0,0.0,0.0,0.0,0.0,0.0
2019-12-20,3.57,1.0,6.38,2.0,21.95,7.0,5.41,1.66,13.76,4.26
2019-12-21,0.0,0.0,0.0,0.0,5.15,1.0,0.0,0.0,0.0,0.0
2019-12-22,0.0,0.0,7.67,2.0,52.42,11.0,0.3,0.1,3.59,0.62
2019-12-23,10.75,5.0,32.95,13.0,60.63,21.0,13.26,5.1,23.43,8.75
2019-12-24,47.63,15.0,190.18,59.0,315.37,101.0,121.55,36.08,164.81,51.81
2019-12-25,0.0,0.0,0.0,0.0,0.0,0.0,0.0,0.0,0.0,0.0
2019-12-26,0.0,0.0,0.0,0.0,3.91,1.0,0.0,0.0,3.44,0.88
2019-12-27,1.87,1.0,19.54,8.0,29.14,11.0,3.75,1.59,7.46,2.74
2019-12-28,2.85,1.0,6.24,2.0,14.29,5.0,0.47,0.15,4.84,2.06
2019-12-29,32.52,10.0,105.46,34.0,173.16,57.0,39.74,14.03,87.33,28.32
2019-12-30,0.0,0.0,0.0,0.0,0.0,0.0,0.0,0.0,0.0,0.0
2019-12-31,17.86,9.0,50.56,18.0,70.41,24.0,21.5,5.88,29.33,8.4
2020-01-01,0.0,0.0,0.65,1.0,0.65,1.0,0.0,0.0,0.0,0.0
2020-01-02,17.26,4.0,32.4,8.0,93.15,18.0,12.92,2.59,46.5,6.46
2020-01-03,13.91,6.0,66.9,24.0,121.52,42.0,35.43,13.76,59.96,22.18
2020-01-04,5.22,2.0,45.46,17.0,102.4,38.0,25.19,8.85,47.93,16.82
2020-01-05,8.77,2.0,92.62,14.0,118.67,22.0,8.44,1.99,12.76,2.8
2020-01-06,0.0,0.0,0.0,0.0,0.0,0.0,0.0,0.0,0.0,0.0
2020-01-07,0.0,0.0,0.0,0.0,128.3,3.0,0.0,0.0,0.0,0.0
2020-01-08,0.0,0.0,0.62,1.0,3.69,2.0,0.44,0.72,0.44,0.72
2020-01-09,0.0,0.0,0.0,0.0,0.0,0.0,0.0,0.0,0.0,0.0
2020-01-10,0.0,0.0,2.12,1.0,5.57,4.0,0.0,0.0,2.38,1.7
2020-01-11,5.73,2.0,35.29,11.0,51.56,19.0,15.53,4.55,19.65,6.22
2020-01-12,18.0,3.0,37.76,11.0,50.46,14.0,6.23,3.08,8.5,3.46
2020-01-13,8.93,3.0,8.93,3.0,8.93,3.0,7.45,1.73,7.45,1.73
2020-01-14,0.0,0.0,18.11,7.0,37.54,15.0,0.79,0.56,2.24,1.22
2020-01-15,0.0,0.0,22.88,5.0,27.37,7.0,12.19,2.34,13.21,2.76
2020-01-16,0.0,0.0,0.0,0.0,0.0,0.0,0.0,0.0,0.0,0.0
2020-01-17,0.0,0.0,0.0,0.0,0.0,0.0,0.0,0.0,0.0,0.0
2020-01-18,0.0,0.0,9.44,2.0,11.61,3.0,2.28,0.48,2.28,0.48
2020-01-19,0.0,0.0,0.0,0.0,5.21,2.0,0.0,0.0,0.0,0.0
2020-01-20,0.0,0.0,12.13,2.0,12.13,2.0,11.56,1.9,11.56,1.9
2020-01-21,0.0,0.0,0.0,0.0,6.57,3.0,0.0,0.0,1.1,1.56
2020-01-22,4.23,2.0,6.04,3.0,37.25,11.0,1.75,0.85,4.37,2.11
2020-01-23,9.69,2.0,32.42,9.0,55.89,16.0,11.42,3.18,27.83,7.59
2020-01-24,23.68,6.0,77.69,20.0,111.39,31.0,12.52,4.5,25.88,6.67
2020-01-25,27.68,10.0,84.38,22.0,124.94,33.0,31.14,8.14,51.77,12.84
2020-01-26,3.01,1.0,40.51,14.0,107.19,31.0,9.03,2.7,26.75,6.46
2020-01-27,2.65,1.0,7.74,2.0,46.95,12.0,0.3,0.1,3.94,1.54
2020-01-28,0.0,0.0,0.0,0.0,1.25,1.0,0.0,0.0,0.98,0.78
2020-01-29,1.06,2.0,169.36,6.0,174.32,10.0,0.52,0.9,0.99,1.88
2020-01-30,8.3,4.0,53.21,17.0,72.62,24.0,10.35,4.09,20.74,6.94
2020-01-31,9.26,4.0,29.12,8.0,36.24,12.0,7.57,2.6,8.16,3.11
2020-02-01,0.0,0.0,12.47,4.0,35.01,11.0,6.09,1.84,14.29,4.68
2020-02-02,42.21,8.0,77.63,19.0,146.21,37.0,23.83,7.27,30.0,9.53
2020-02-03,6.23,2.0,32.99,12.0,139.98,36.0,5.25,2.4,37.51,11.71
2020-02-04,23.47,8.0,63.14,21.0,139.28,48.0,29.04,10.67,64.4,21.75
2020-02-05,0.7,1.0,21.43,6.0,98.97,29.0,2.26,1.44,32.35,8.28
2020-02-06,25.85,7.0,92.47,22.0,137.88,36.0,31.98,7.93,44.45,11.99
2020-02-07,14.27,3.0,65.51,15.0,121.28,32.0,34.04,6.99,41.11,10.02
2020-02-08,4.56,1.0,46.82,11.0,94.55,26.0,9.67,2.71,31.52,8.94
2020-02-09,11.89,6.0,80.97,23.0,254.3,66.0,22.02,7.31,51.26,17.3
2020-02-10,6.25,3.0,50.47,18.0,201.51,58.0,20.93,6.26,70.57,14.89
2020-02-11,8.25,2.0,49.24,17.0,134.05,33.0,20.14,6.67,44.19,12.93
2020-02-12,5.75,2.0,8.89,3.0,145.96,30.0,0.06,0.02,16.13,3.73
2020-02-13,9.85,3.0,140.81,18.0,205.21,31.0,6.8,1.8,17.87,4.08
2020-02-14,1.43,3.0,12.68,7.0,92.02,24.0,9.32,5.71,18.89,8.75
2020-02-15,26.88,9.0,92.95,24.0,224.6,60.0,2.12,1.46,38.68,8.4
2020-02-16,6.75,2.0,65.94,19.0,176.27,45.0,27.97,8.01,69.4,15.79
2020-02-17,22.99,7.0,49.14,16.0,132.12,37.0,14.79,5.93,25.4,10.04
2020-02-18,13.54,5.0,31.58,11.0,94.96,32.0,10.2,4.75,11.52,5.39
2020-02-19,2.98,1.0,12.98,4.0,202.63,16.0,2.69,0.9,7.9,1.05
2020-02-20,2.14,1.0,42.23,13.0,125.12,37.0,12.17,4.99,32.06,11.36
2020-02-21,0.0,0.0,0.0,0.0,0.0,0.0,0.0,0.0,0.0,0.0
2020-02-22,0.0,0.0,8.95,1.0,24.29,5.0,0.43,0.05,0.54,0.54
2020-02-23,0.0,0.0,2.26,1.0,17.73,5.0,0.79,0.35,8.2,1.87
2020-02-24,6.15,2.0,30.37,9.0,72.49,18.0,7.23,3.16,36.34,7.25
2020-02-25,5.81,3.0,29.28,10.0,98.13,26.0,9.7,3.41,53.06,12.8
2020-02-26,23.14,10.0,67.12,26.0,139.63,52.0,21.63,5.77,38.75,14.51
2020-02-27,0.0,0.0,2.8,1.0,27.24,6.0,0.0,0.0,8.5,1.69
2020-02-28,0.0,0.0,9.55,5.0,20.54,10.0,1.0,0.52,2.32,1.03
2020-02-29,0.0,0.0,3.91,2.0,21.18,3.0,0.0,0.0,0.0,0.0
2020-03-01,1.14,2.0,1.14,2.0,15.34,7.0,0.0,0.0,8.59,3.58
2020-03-02,6.95,5.0,9.81,6.0,213.19,42.0,6.54,3.24,83.27,18.75
2020-03-03,6.35,1.0,32.05,8.0,123.74,29.0,10.24,2.25,69.71,13.75
2020-03-04,2.91,1.0,46.29,14.0,81.41,23.0,1.84,0.28,4.38,0.9
2020-03-05,0.0,0.0,0.0,0.0,18.39,4.0,0.0,0.0,9.91,1.55
2020-03-06,0.0,0.0,0.0,0.0,0.0,0.0,0.0,0.0,0.0,0.0
2020-03-07,0.0,0.0,0.0,0.0,0.0,0.0,0.0,0.0,0.0,0.0
2020-03-08,1.09,2.0,1.09,2.0,72.01,8.0,0.97,1.81,6.7,3.48
2020-03-09,0.0,0.0,26.24,5.0,46.18,13.0,1.8,0.61,4.47,1.54
2020-03-10,1.96,1.0,48.09,12.0,85.87,24.0,0.33,0.08,5.35,2.14
2020-03-11,3.87,1.0,11.9,3.0,11.9,3.0,0.05,0.01,0.05,0.01
2020-03-12,8.81,2.0,11.81,4.0,36.93,9.0,1.54,0.47,9.81,2.0
2020-03-13,3.97,2.0,17.34,6.0,21.09,7.0,2.04,0.97,4.25,1.56
2020-03-14,4.78,3.0,4.78,3.0,4.78,3.0,2.5,1.08,2.5,1.08
2020-03-15,19.15,5.0,38.35,12.0,46.77,16.0,3.02,0.98,3.03,0.98
2020-03-16,4.85,3.0,8.3,4.0,10.07,5.0,2.82,1.71,2.82,1.71
2020-03-17,1.27,4.0,28.32,11.0,71.42,25.0,0.43,1.94,8.59,4.17
2020-03-18,2.58,3.0,49.99,12.0,98.62,30.0,23.11,3.46,39.67,9.36
2020-03-19,0.0,0.0,29.9,4.0,54.45,13.0,11.09,2.45,20.32,5.9
2020-03-20,0.0,0.0,5.25,2.0,52.71,12.0,0.0,0.0,28.88,5.8
2020-03-21,0.42,1.0,7.41,4.0,27.5,9.0,2.78,0.85,17.84,4.4
2020-03-22,2.33,1.0,5.62,2.0,14.8,4.0,1.91,0.82,10.66,2.73
2020-03-23,2.79,1.0,15.93,5.0,40.33,12.0,6.51,2.46,22.12,7.04
2020-03-24,0.0,0.0,12.61,3.0,42.13,11.0,1.19,0.36,4.37,1.16
2020-03-25,0.0,0.0,3.61,1.0,25.14,6.0,0.0,0.0,1.12,0.41
2020-03-26,0.0,0.0,0.0,0.0,0.0,0.0,0.0,0.0,0.0,0.0
2020-03-27,0.0,0.0,0.0,0.0,0.0,0.0,0.0,0.0,0.0,0.0
2020-03-28,0.0,0.0,5.41,2.0,13.42,4.0,0.0,0.0,4.6,0.79
2020-03-29,8.12,2.0,36.24,7.0,67.75,16.0,15.79,2.67,27.13,5.84
2020-03-30,0.0,0.0,9.4,3.0,45.51,10.0,3.15,1.08,5.24,1.67
2020-03-31,0.0,0.0,11.95,3.0,23.25,6.0,0.06,0.01,2.78,1.0
2020-04-01,0.0,0.0,5.03,1.0,26.43,7.0,0.29,0.06,10.99,3.18
2020-04-02,6.65,1.0,18.99,6.0,32.9,10.0,5.53,1.98,9.94,3.7
2020-04-03,8.82,3.0,47.32,13.0,92.12,26.0,19.0,2.61,28.93,5.2
2020-04-04,8.96,3.0,12.8,4.0,35.58,15.0,2.87,0.87,11.79,4.96
2020-04-05,0.7,1.0,3.15,2.0,5.9,4.0,2.69,1.52,4.99,3.19
2020-04-06,0.0,0.0,0.0,0.0,11.59,3.0,0.0,0.0,6.79,1.38
2020-04-07,1.79,1.0,4.66,2.0,10.52,4.0,0.83,0.29,2.01,0.86
2020-04-08,14.92,4.0,28.86,7.0,78.38,17.0,13.43,3.14,26.73,4.96
2020-04-09,0.0,0.0,12.75,4.0,26.62,6.0,1.68,0.51,2.51,0.88
2020-04-10,0.0,0.0,9.11,3.0,22.64,8.0,0.03,0.02,12.57,4.39
2020-04-11,0.0,0.0,18.42,4.0,23.6,6.0,0.95,0.95,3.71,2.03
2020-04-12,0.6,1.0,5.05,3.0,10.92,5.0,0.65,0.96,0.85,1.33
2020-04-13,0.0,0.0,18.71,4.0,98.7,8.0,0.0,0.0,0.03,0.01
2020-04-14,0.0,0.0,10.02,4.0,33.06,12.0,2.17,1.8,10.7,4.9
2020-04-15,3.32,1.0,9.39,3.0,16.19,6.0,0.0,0.0,0.18,0.2
2020-04-16,0.0,0.0,3.24,2.0,14.03,5.0,0.77,0.36,3.05,0.97
2020-04-17,0.0,0.0,17.83,3.0,61.42,9.0,0.94,0.93,6.82,2.09
2020-04-18,0.0,0.0,0.71,1.0,132.98,6.0,0.0,0.0,45.1,1.49
2020-04-19,6.12,2.0,11.91,6.0,20.7,7.0,2.29,1.94,2.29,1.94
2020-04-20,8.92,2.0,18.22,5.0,25.34,7.0,4.03,1.0,10.87,2.91
2020-04-21,2.51,1.0,2.51,1.0,36.87,10.0,0.0,0.0,18.64,4.4
2020-04-22,0.0,0.0,59.47,12.0,90.14,18.0,3.92,0.98,7.92,2.02
2020-04-23,0.0,0.0,0.0,0.0,24.72,6.0,0.0,0.0,0.0,0.0
2020-04-24,18.33,6.0,248.48,38.0,325.92,62.0,40.09,5.45,80.51,17.57
2020-04-25,16.56,2.0,61.36,8.0,135.95,18.0,8.98,1.03,18.87,2.64
2020-04-26,6.12,3.0,6.12,3.0,27.11,6.0,0.43,0.21,8.63,1.39
2020-04-27,22.11,5.0,61.83,18.0,98.57,26.0,1.13,0.3,2.89,0.71
2020-04-28,0.0,0.0,35.53,8.0,102.71,23.0,1.34,1.47,8.79,4.72
2020-04-29,48.56,9.0,297.57,48.0,479.35,89.0,43.96,6.54,59.97,11.15
2020-04-30,0.65,1.0,56.79,10.0,205.38,30.0,12.45,2.21,48.6,6.38
2020-05-01,22.26,7.0,166.41,37.0,341.29,73.0,16.63,4.35,20.3,5.59
2020-05-02,17.57,6.0,167.66,34.0,246.72,58.0,30.69,5.16,53.4,13.02
2020-05-03,0.94,1.0,15.94,6.0,82.05,24.0,3.15,1.2,8.89,2.88
2020-05-04,27.47,5.0,146.67,21.0,166.22,25.0,2.41,0.35,2.6,0.39
2020-05-05,32.66,8.0,193.47,39.0,383.51,79.0,24.41,6.32,58.01,15.32
2020-05-06,0.0,0.0,0.0,0.0,39.51,13.0,0.0,0.0,6.21,1.5
2020-05-07,77.6,18.0,883.44,179.0,1360.18,305.0,13.53,3.53,22.47,4.96
2020-05-08,148.4,41.0,1134.02,248.0,1674.87,400.0,114.93,28.95,121.31,30.27
2020-05-09,94.54,16.0,769.81,111.0,1654.09,253.0,21.49,4.65,116.12,18.58
2020-05-10,0.0,0.0,8.69,5.0,8.69,5.0,0.0,0.0,0.0,0.0
2020-05-11,0.0,0.0,4.28,3.0,298.61,64.0,0.0,0.0,0.0,0.0
2020-05-12,52.06,13.0,507.04,97.0,1590.21,330.0,14.25,3.08,20.16,4.71
2020-05-13,7.01,1.0,7.01,1.0,9.1,2.0,5.69,0.81,5.73,0.83
2020-05-14,114.11,20.0,807.43,129.0,2437.61,351.0,268.5,49.18,821.43,131.22
2020-05-15,89.63,13.0,690.76,107.0,2366.69,357.0,477.41,73.8,1825.23,273.25
2020-05-16,33.06,5.0,311.31,34.0,1450.57,165.0,237.98,24.7,1232.44,126.76
2020-05-17,230.35,20.0,510.3,68.0,2215.66,368.0,242.38,38.71,1675.14,286.08
2020-05-18,31.13,8.0,761.06,124.0,2335.15,411.0,645.02,101.25,2070.85,353.3
2020-05-19,30.43,5.0,467.59,56.0,2262.37,282.0,363.51,40.87,1907.83,222.67
2020-05-20,32.16,6.0,168.7,22.0,1074.42,138.0,121.41,17.28,808.66,99.84
2020-05-21,36.42,8.0,89.16,16.0,333.18,49.0,55.13,9.07,197.24,23.76
2020-05-22,9.2,1.0,81.53,11.0,554.64,67.0,3.68,0.67,24.59,3.83
2020-05-23,3.75,1.0,69.58,10.0,417.01,88.0,0.19,0.05,19.92,6.06
2020-05-24,6.95,2.0,89.01,12.0,521.91,104.0,77.74,10.05,452.12,87.38
2020-05-25,16.54,5.0,187.64,29.0,565.74,90.0,122.43,14.23,283.76,37.36
2020-05-26,0.0,0.0,28.68,5.0,256.12,57.0,19.47,3.95,111.24,20.08
2020-05-27,4.37,1.0,4.37,1.0,97.36,17.0,1.92,0.44,34.96,6.55
2020-05-28,2.24,1.0,2.24,1.0,149.58,30.0,0.0,0.0,36.42,6.22
2020-05-29,0.0,0.0,0.0,0.0,11.64,3.0,0.0,0.0,6.03,1.7
2020-05-30,0.0,0.0,0.0,0.0,11.69,3.0,0.0,0.0,0.0,0.0
2020-05-31,0.0,0.0,0.41,1.0,21.58,4.0,0.0,0.0,5.54,0.61
2020-06-01,0.0,0.0,0.0,0.0,0.0,0.0,0.0,0.0,0.0,0.0
2020-06-02,4.84,2.0,4.84,2.0,45.95,8.0,0.0,0.0,0.0,0.0
2020-06-03,0.0,0.0,6.04,2.0,6.04,2.0,0.43,0.14,0.43,0.14
2020-06-04,0.0,0.0,0.0,0.0,1.32,1.0,0.0,0.0,0.0,0.0
2020-06-05,0.0,0.0,21.2,4.0,21.63,5.0,7.42,1.04,7.42,1.04
2020-06-06,0.0,0.0,0.0,0.0,5.58,1.0,0.0,0.0,0.0,0.0
2020-06-07,0.0,0.0,0.0,0.0,0.0,0.0,0.0,0.0,0.0,0.0
2020-06-08,1.36,1.0,1.36,1.0,1.36,1.0,0.0,0.0,0.0,0.0
2020-06-09,0.0,0.0,0.0,0.0,0.0,0.0,0.0,0.0,0.0,0.0
2020-06-10,0.0,0.0,10.21,2.0,14.61,3.0,9.66,1.87,9.66,1.87
2020-06-11,0.74,1.0,4.85,2.0,11.76,4.0,3.95,0.96,5.88,1.52
2020-06-12,0.0,0.0,0.0,0.0,0.0,0.0,0.0,0.0,0.0,0.0
2020-06-13,0.0,0.0,0.0,0.0,5.87,2.0,0.0,0.0,0.0,0.0
2020-06-14,3.33,2.0,3.33,2.0,10.15,5.0,0.0,0.0,2.11,0.99
2020-06-15,0.0,0.0,0.0,0.0,1.62,1.0,0.0,0.0,0.0,0.0
2020-06-16,1.41,1.0,35.58,5.0,82.49,13.0,1.56,0.24,14.71,1.82
2020-06-17,5.83,1.0,5.83,1.0,8.41,2.0,0.0,0.0,0.0,0.0
2020-06-18,3.38,3.0,12.44,5.0,68.13,18.0,0.44,0.6,11.08,2.21
2020-06-19,0.0,0.0,0.0,0.0,0.0,0.0,0.0,0.0,0.0,0.0
2020-06-20,6.82,1.0,6.82,1.0,10.42,2.0,0.99,0.14,1.95,0.41
2020-06-21,0.58,1.0,0.58,1.0,6.8,3.0,0.0,0.0,0.0,0.0
2020-06-22,0.0,0.0,0.0,0.0,7.3,3.0,0.0,0.0,5.08,1.86
2020-06-23,0.0,0.0,0.0,0.0,9.06,1.0,0.0,0.0,0.0,0.0
2020-06-24,0.0,0.0,0.0,0.0,0.0,0.0,0.0,0.0,0.0,0.0
2020-06-25,0.0,0.0,0.0,0.0,0.0,0.0,0.0,0.0,0.0,0.0
2020-06-26,3.98,2.0,3.98,2.0,3.98,2.0,3.25,1.63,3.25,1.63
2020-06-27,0.7,1.0,4.79,2.0,4.79,2.0,2.38,1.02,2.38,1.02
2020-06-28,0.0,0.0,4.57,1.0,4.57,1.0,2.27,0.5,2.27,0.5
2020-06-29,0.0,0.0,0.0,0.0,0.0,0.0,0.0,0.0,0.0,0.0
2020-06-30,0.0,0.0,0.0,0.0,0.0,0.0,0.0,0.0,0.0,0.0
2020-07-01,0.0,0.0,0.0,0.0,2.34,1.0,0.0,0.0,0.0,0.0
2020-07-02,7.15,3.0,11.08,4.0,13.86,5.0,0.0,0.0,0.0,0.0
2020-07-03,0.0,0.0,0.0,0.0,0.0,0.0,0.0,0.0,0.0,0.0
2020-07-04,0.0,0.0,3.06,1.0,3.06,1.0,0.0,0.0,0.0,0.0
2020-07-05,0.0,0.0,0.0,0.0,0.47,1.0,0.0,0.0,0.34,0.72
2020-07-06,0.0,0.0,0.0,0.0,0.0,0.0,0.0,0.0,0.0,0.0
2020-07-07,0.0,0.0,0.0,0.0,3.04,1.0,0.0,0.0,0.0,0.0
2020-07-08,3.54,1.0,3.54,1.0,3.54,1.0,0.0,0.0,0.0,0.0
2020-07-09,0.0,0.0,0.0,0.0,0.0,0.0,0.0,0.0,0.0,0.0
2020-07-10,0.0,0.0,0.0,0.0,0.0,0.0,0.0,0.0,0.0,0.0
2020-07-11,0.0,0.0,0.0,0.0,0.0,0.0,0.0,0.0,0.0,0.0
2020-07-12,0.69,1.0,0.69,1.0,2.63,2.0,0.0,0.0,0.0,0.0
2020-07-13,0.0,0.0,2.96,1.0,8.89,3.0,0.0,0.0,0.0,0.0
2020-07-14,1.51,1.0,5.24,2.0,8.82,3.0,0.0,0.0,1.87,0.52
2020-07-15,4.61,1.0,4.61,1.0,5.65,2.0,0.0,0.0,1.03,0.99
2020-07-16,0.0,0.0,0.0,0.0,5.29,1.0,0.0,0.0,5.24,0.99
2020-07-17,0.0,0.0,0.0,0.0,2.99,1.0,0.0,0.0,2.82,0.94
2020-07-18,0.82,1.0,0.82,1.0,0.82,1.0,0.0,0.0,0.0,0.0
2020-07-19,0.0,0.0,0.0,0.0,0.0,0.0,0.0,0.0,0.0,0.0
2020-07-20,0.0,0.0,0.0,0.0,3.76,1.0,0.0,0.0,0.28,0.08
2020-07-21,0.0,0.0,0.0,0.0,0.0,0.0,0.0,0.0,0.0,0.0
2020-07-22,2.2,2.0,2.2,2.0,2.2,2.0,1.76,1.6,1.76,1.6
2020-07-23,0.0,0.0,0.0,0.0,0.5,1.0,0.0,0.0,0.0,0.0
2020-07-24,1.85,1.0,1.85,1.0,3.46,2.0,0.0,0.0,1.58,0.98
2020-07-25,0.0,0.0,0.0,0.0,0.0,0.0,0.0,0.0,0.0,0.0
2020-07-26,0.0,0.0,0.0,0.0,2.92,1.0,0.0,0.0,1.41,0.48
2020-07-27,0.0,0.0,0.0,0.0,0.0,0.0,0.0,0.0,0.0,0.0
2020-07-28,0.0,0.0,0.0,0.0,0.0,0.0,0.0,0.0,0.0,0.0
2020-07-29,0.0,0.0,0.0,0.0,0.0,0.0,0.0,0.0,0.0,0.0
2020-07-30,0.0,0.0,0.0,0.0,0.0,0.0,0.0,0.0,0.0,0.0
2020-07-31,0.0,0.0,0.0,0.0,0.0,0.0,0.0,0.0,0.0,0.0
2020-08-01,0.0,0.0,0.0,0.0,5.61,3.0,0.0,0.0,3.41,1.82
2020-08-02,0.0,0.0,0.0,0.0,0.0,0.0,0.0,0.0,0.0,0.0
2020-08-03,0.0,0.0,0.0,0.0,0.0,0.0,0.0,0.0,0.0,0.0
2020-08-04,0.0,0.0,0.0,0.0,0.0,0.0,0.0,0.0,0.0,0.0
2020-08-05,0.0,0.0,0.0,0.0,0.0,0.0,0.0,0.0,0.0,0.0
2020-08-06,0.0,0.0,0.0,0.0,0.0,0.0,0.0,0.0,0.0,0.0
2020-08-07,0.0,0.0,0.0,0.0,0.0,0.0,0.0,0.0,0.0,0.0
2020-08-08,0.0,0.0,1.65,1.0,13.83,3.0,0.0,0.0,0.0,0.0
2020-08-09,0.0,0.0,0.0,0.0,0.0,0.0,0.0,0.0,0.0,0.0
2020-08-10,0.0,0.0,0.0,0.0,0.0,0.0,0.0,0.0,0.0,0.0
2020-08-11,0.0,0.0,0.0,0.0,0.0,0.0,0.0,0.0,0.0,0.0
2020-08-12,0.0,0.0,0.0,0.0,0.0,0.0,0.0,0.0,0.0,0.0
2020-08-13,0.0,0.0,0.0,0.0,0.0,0.0,0.0,0.0,0.0,0.0
2020-08-14,1.05,1.0,1.05,1.0,1.05,1.0,0.92,0.88,0.92,0.88
2020-08-15,1.8,1.0,1.8,1.0,1.8,1.0,0.35,0.19,0.35,0.19
2020-08-16,0.0,0.0,0.0,0.0,0.0,0.0,0.0,0.0,0.0,0.0
2020-08-17,0.0,0.0,0.0,0.0,6.69,2.0,0.0,0.0,0.0,0.0
2020-08-18,0.0,0.0,0.0,0.0,0.0,0.0,0.0,0.0,0.0,0.0
2020-08-19,0.0,0.0,0.0,0.0,0.0,0.0,0.0,0.0,0.0,0.0
2020-08-20,0.0,0.0,0.0,0.0,0.0,0.0,0.0,0.0,0.0,0.0
2020-08-21,1.08,2.0,1.08,2.0,4.56,4.0,0.36,0.71,3.82,2.7
2020-08-22,0.0,0.0,0.0,0.0,0.0,0.0,0.0,0.0,0.0,0.0
2020-08-23,0.0,0.0,2.24,1.0,2.24,1.0,0.0,0.0,0.0,0.0
2020-08-24,1.83,1.0,2.4,2.0,5.42,4.0,0.0,0.0,0.0,0.0
2020-08-25,0.0,0.0,0.0,0.0,1.2,2.0,0.0,0.0,0.1,0.16
2020-08-26,0.0,0.0,0.0,0.0,4.21,1.0,0.0,0.0,0.0,0.0
2020-08-27,0.0,0.0,0.0,0.0,0.0,0.0,0.0,0.0,0.0,0.0
2020-08-28,0.0,0.0,0.0,0.0,0.71,1.0,0.0,0.0,0.0,0.0
2020-08-29,1.62,2.0,3.64,3.0,3.64,3.0,0.45,0.64,0.45,0.64
2020-08-30,8.15,1.0,8.15,1.0,10.56,2.0,0.0,0.0,0.0,0.0
2020-08-31,0.0,0.0,0.0,0.0,3.76,1.0,0.0,0.0,0.0,0.0
2020-09-01,0.0,0.0,0.0,0.0,0.0,0.0,0.0,0.0,0.0,0.0
2020-09-02,0.0,0.0,0.0,0.0,0.0,0.0,0.0,0.0,0.0,0.0
2020-09-03,0.0,0.0,0.0,0.0,0.0,0.0,0.0,0.0,0.0,0.0
2020-09-04,3.16,1.0,3.16,1.0,12.32,3.0,1.16,0.37,1.16,0.37
2020-09-05,0.0,0.0,0.0,0.0,0.0,0.0,0.0,0.0,0.0,0.0
2020-09-06,0.7,1.0,0.7,1.0,6.48,2.0,0.66,0.94,5.91,1.85
2020-09-07,0.0,0.0,1.05,2.0,2.66,3.0,0.0,0.0,1.6,0.99
2020-09-08,0.6,1.0,0.9,2.0,0.9,2.0,0.34,0.6,0.34,0.6
2020-09-09,1.84,1.0,1.84,1.0,1.84,1.0,1.74,0.94,1.74,0.94
2020-09-10,4.85,2.0,4.85,2.0,6.93,3.0,0.96,0.79,0.96,0.79
2020-09-11,0.0,0.0,0.0,0.0,3.43,1.0,0.0,0.0,0.0,0.0
2020-09-12,1.73,2.0,1.73,2.0,2.86,3.0,0.0,0.0,1.01,0.9
2020-09-13,0.0,0.0,0.0,0.0,9.88,2.0,0.0,0.0,4.19,0.85
2020-09-14,3.28,3.0,3.28,3.0,5.2,4.0,0.0,0.0,0.44,0.23
2020-09-15,0.0,0.0,2.63,1.0,7.19,2.0,0.0,0.0,4.49,0.99
2020-09-16,4.28,1.0,4.28,1.0,12.96,3.0,3.71,0.87,5.79,1.32
2020-09-17,0.0,0.0,1.18,1.0,62.58,6.0,0.67,0.57,24.2,2.5
2020-09-18,0.0,0.0,0.0,0.0,0.0,0.0,0.0,0.0,0.0,0.0
2020-09-19,0.62,1.0,0.62,1.0,7.73,2.0,0.0,0.0,6.02,0.85
2020-09-20,11.01,3.0,14.28,5.0,57.05,16.0,9.24,3.49,49.42,12.71
2020-09-21,5.29,1.0,7.98,2.0,14.56,5.0,1.8,0.66,5.12,1.48
2020-09-22,4.35,2.0,7.91,3.0,10.3,4.0,2.53,1.0,2.53,1.0
2020-09-23,0.0,0.0,3.38,1.0,3.38,1.0,1.27,0.38,1.27,0.38
2020-09-24,2.53,3.0,2.53,3.0,12.42,6.0,0.09,0.12,2.78,1.72
2020-09-25,0.6,1.0,8.48,4.0,131.12,27.0,0.58,0.97,75.04,14.88
2020-09-26,0.0,0.0,2.36,1.0,39.19,14.0,0.44,0.19,14.35,5.4
2020-09-27,7.08,3.0,21.77,7.0,72.91,21.0,6.72,1.73,39.52,11.33
2020-09-28,0.39,1.0,5.28,2.0,33.79,9.0,0.46,0.99,23.72,6.73
2020-09-29,0.0,0.0,0.0,0.0,101.05,27.0,0.0,0.0,69.73,18.98
2020-09-30,7.13,4.0,39.65,11.0,212.29,55.0,14.9,4.99,131.3,33.46
2020-10-01,0.89,1.0,17.52,7.0,167.56,48.0,2.82,1.61,103.93,28.48
2020-10-02,7.66,2.0,19.61,7.0,258.09,61.0,14.07,4.32,205.77,46.91
2020-10-03,2.74,3.0,2.74,3.0,87.68,17.0,0.4,0.94,67.74,11.17
2020-10-04,9.0,3.0,16.81,5.0,268.76,64.0,11.6,3.5,197.82,46.33
2020-10-05,1.44,2.0,17.61,6.0,202.28,39.0,7.15,3.55,144.62,27.73
2020-10-06,1.86,2.0,17.71,10.0,301.37,88.0,4.12,3.45,210.73,59.82
2020-10-07,8.66,6.0,36.28,13.0,360.72,113.0,12.91,6.16,256.51,78.69
2020-10-08,1.54,2.0,73.89,10.0,304.1,60.0,1.63,1.37,205.35,43.77
2020-10-09,0.0,0.0,2.36,1.0,195.94,45.0,0.14,0.06,181.73,39.98
2020-10-10,0.78,1.0,22.7,8.0,521.16,94.0,4.36,1.94,333.47,53.7
2020-10-11,2.18,1.0,50.34,13.0,937.85,192.0,32.37,5.04,825.44,160.17
2020-10-12,5.11,6.0,28.84,14.0,589.22,162.0,0.53,0.79,101.85,29.4
2020-10-13,0.0,0.0,14.79,2.0,567.87,104.0,0.06,0.07,76.09,14.19
2020-10-14,1.79,2.0,15.41,11.0,341.55,89.0,1.09,0.49,50.11,12.55
2020-10-15,3.22,2.0,48.59,11.0,830.68,206.0,24.23,3.11,525.97,125.67
2020-10-16,17.31,10.0,50.07,21.0,853.56,172.0,11.77,4.55,521.7,100.4
2020-10-17,4.53,3.0,57.11,18.0,1415.6,305.0,11.6,4.64,1181.97,235.31
2020-10-18,34.48,6.0,161.55,23.0,1649.26,304.0,29.5,7.23,1156.82,211.54
2020-10-19,8.66,6.0,38.39,15.0,595.19,112.0,7.59,3.33,355.94,54.86
2020-10-20,0.94,1.0,24.54,10.0,780.32,174.0,15.23,3.68,692.51,140.86
2020-10-21,18.09,7.0,76.41,17.0,877.88,171.0,18.17,1.7,358.26,63.36
2020-10-22,1.97,4.0,34.37,19.0,1366.11,281.0,0.09,0.03,305.7,60.51
2020-10-23,10.54,6.0,67.7,22.0,1195.54,260.0,19.67,5.13,791.21,160.32
2020-10-24,11.88,8.0,30.81,19.0,843.21,175.0,2.91,3.73,507.88,95.82
2020-10-25,0.0,0.0,45.55,11.0,1799.4,299.0,0.82,0.33,772.48,130.16
2020-10-26,4.96,2.0,47.22,18.0,1162.59,190.0,5.1,2.34,1005.81,142.44
2020-10-27,11.27,6.0,71.86,29.0,1627.31,294.0,30.88,9.88,1259.2,202.41
2020-10-28,2.24,3.0,123.29,39.0,1911.96,392.0,40.07,11.65,1526.9,276.96
2020-10-29,5.32,4.0,24.89,11.0,1229.33,210.0,2.55,1.29,880.89,139.63
2020-10-30,5.54,1.0,26.99,14.0,1945.89,331.0,10.98,5.45,1746.76,281.95
2020-10-31,5.5,5.0,49.86,19.0,2571.4,413.0,9.0,7.13,2254.66,341.23
2020-11-01,9.43,5.0,120.87,40.0,2854.43,329.0,29.92,11.61,2193.8,221.55
2020-11-02,3.36,5.0,85.75,35.0,1838.25,350.0,38.34,16.51,1283.8,224.79
2020-11-03,13.29,8.0,68.83,25.0,1938.77,300.0,35.99,7.33,1218.31,162.28
2020-11-04,4.8,4.0,27.88,9.0,1323.79,187.0,1.38,1.66,964.96,113.11
2020-11-05,0.0,0.0,15.88,7.0,1996.99,307.0,9.58,1.99,1865.34,275.76
2020-11-06,113.51,6.0,143.2,18.0,2300.75,305.0,25.28,8.17,1963.0,251.09
2020-11-07,140.83,9.0,271.9,43.0,2720.86,427.0,82.18,17.43,2158.03,328.11
2020-11-08,73.93,9.0,157.0,36.0,1906.18,343.0,32.02,10.38,1207.91,205.25
2020-11-09,52.49,12.0,75.11,17.0,771.97,124.0,19.16,4.45,515.39,75.62
2020-11-10,21.31,8.0,51.81,20.0,1758.4,275.0,35.43,8.89,75.37,23.71
2020-11-11,17.37,7.0,41.7,14.0,1394.69,204.0,16.51,6.57,65.67,24.56
2020-11-12,9.82,9.0,66.53,28.0,1071.4,203.0,16.93,5.94,142.23,33.07
2020-11-13,24.77,9.0,92.55,31.0,911.92,189.0,39.7,13.08,725.82,128.93
2020-11-14,33.33,7.0,57.13,16.0,314.22,82.0,10.35,4.18,58.31,20.22
2020-11-15,0.0,0.0,24.07,6.0,220.5,54.0,5.21,0.76,31.78,6.67
2020-11-16,2.46,3.0,4.9,5.0,10.97,8.0,0.01,0.01,2.61,1.1
2020-11-17,2.66,4.0,34.14,13.0,63.87,20.0,15.59,6.05,24.18,8.35
2020-11-18,5.53,5.0,96.38,33.0,240.91,61.0,50.97,15.2,148.11,33.09
2020-11-19,20.37,8.0,73.56,25.0,338.83,69.0,43.96,12.46,208.54,33.05
2020-11-20,2.74,1.0,29.16,9.0,104.84,32.0,12.55,3.83,55.54,13.81
2020-11-21,31.0,5.0,120.85,16.0,324.7,59.0,36.42,7.75,199.4,36.61
2020-11-22,18.62,5.0,57.45,12.0,109.32,28.0,18.49,3.78,48.95,11.17
2020-11-23,10.81,2.0,97.2,27.0,157.56,38.0,51.82,11.89,56.77,13.36
2020-11-24,5.65,3.0,24.12,10.0,59.79,19.0,16.89,6.91,26.62,12.17
2020-11-25,0.0,0.0,5.52,2.0,5.52,2.0,0.35,0.12,0.35,0.12
2020-11-26,2.03,4.0,40.34,15.0,67.06,27.0,12.19,4.73,31.18,12.55
2020-11-27,3.64,4.0,33.04,14.0,85.57,34.0,5.84,4.62,24.02,10.42
2020-11-28,15.76,6.0,66.07,19.0,225.24,54.0,22.75,5.93,77.53,18.83
2020-11-29,51.68,12.0,145.2,42.0,276.71,85.0,26.92,10.11,62.12,18.36
2020-11-30,13.85,5.0,127.78,29.0,207.69,53.0,41.84,8.69,60.64,15.9
2020-12-01,5.24,6.0,88.71,33.0,142.68,45.0,27.62,12.19,50.61,16.8
2020-12-02,14.73,6.0,50.72,18.0,139.51,43.0,10.19,5.06,28.79,9.65
2020-12-03,13.47,6.0,161.03,43.0,283.74,74.0,43.13,12.31,98.87,26.64
2020-12-04,25.76,8.0,140.7,49.0,248.29,87.0,30.55,10.43,52.42,20.03
2020-12-05,45.22,18.0,199.16,62.0,327.16,106.0,30.66,10.96,53.57,21.15
2020-12-06,28.19,5.0,92.35,23.0,221.14,65.0,25.36,8.02,52.73,16.01
2020-12-07,6.9,3.0,52.1,17.0,131.93,38.0,7.32,2.96,20.12,8.06
2020-12-08,71.53,16.0,144.68,31.0,240.14,55.0,60.64,12.54,92.05,21.4
2020-12-09,11.5,7.0,165.15,43.0,271.05,69.0,75.15,20.78,133.07,35.94
2020-12-10,46.34,13.0,168.93,43.0,324.98,91.0,62.54,16.38,116.83,33.58
2020-12-11,0.0,0.0,13.2,4.0,47.9,17.0,0.18,0.12,0.18,0.12
2020-12-12,0.0,0.0,2.41,1.0,4.76,2.0,2.09,0.87,2.31,0.96
2020-12-13,16.98,7.0,24.06,10.0,110.47,25.0,8.22,2.24,8.22,2.24
2020-12-14,34.17,13.0,104.95,33.0,163.96,49.0,57.78,16.58,81.54,22.59
2020-12-15,44.91,17.0,194.03,74.0,391.78,137.0,77.76,27.47,158.28,54.3
2020-12-16,44.36,10.0,88.64,25.0,157.48,42.0,26.73,8.26,66.53,16.7
2020-12-17,17.58,3.0,53.12,14.0,92.15,26.0,7.24,2.98,24.61,7.9
2020-12-18,39.17,10.0,83.4,25.0,170.12,48.0,14.14,5.56,26.82,11.2
2020-12-19,12.41,5.0,113.33,33.0,267.77,59.0,28.08,7.72,46.76,12.85
2020-12-20,39.68,18.0,122.91,48.0,214.04,80.0,33.13,11.89,51.11,18.41
2020-12-21,20.86,8.0,99.59,31.0,180.16,55.0,30.57,8.7,54.84,16.98
2020-12-22,37.05,10.0,94.91,27.0,202.52,56.0,24.72,7.74,46.93,12.19
2020-12-23,16.98,6.0,74.43,23.0,140.27,47.0,34.3,9.23,66.52,19.68
2020-12-24,11.0,3.0,76.83,21.0,176.49,57.0,19.85,7.3,52.04,19.5
2020-12-25,21.99,7.0,94.27,32.0,254.99,80.0,34.31,13.25,82.78,25.38
2020-12-26,10.43,5.0,121.99,36.0,247.46,73.0,16.38,4.82,58.55,14.04
2020-12-27,26.69,8.0,132.38,39.0,254.48,73.0,30.05,8.45,61.69,13.12
2020-12-28,12.45,5.0,48.72,19.0,62.95,26.0,19.77,8.46,24.89,11.01
2020-12-29,34.42,8.0,75.7,21.0,142.86,41.0,24.98,7.33,52.0,14.56
2020-12-30,26.98,6.0,78.95,23.0,130.59,38.0,24.98,8.59,44.04,13.47
2020-12-31,11.84,5.0,44.76,17.0,83.41,32.0,4.58,2.48,11.87,6.39
2021-01-01,0.0,0.0,8.0,4.0,29.96,14.0,1.88,1.43,21.2,10.2
2021-01-02,0.76,1.0,0.76,1.0,22.01,7.0,0.0,0.0,17.78,4.97
2021-01-03,0.0,0.0,0.0,0.0,1.9,1.0,0.0,0.0,0.0,0.0
2021-01-04,0.0,0.0,4.36,2.0,57.82,16.0,1.16,0.52,6.25,2.11
2021-01-05,0.0,0.0,0.0,0.0,0.51,1.0,0.0,0.0,0.08,0.15
2021-01-06,0.0,0.0,0.0,0.0,0.58,1.0,0.0,0.0,0.53,0.92
2021-01-07,0.0,0.0,0.0,0.0,0.0,0.0,0.0,0.0,0.0,0.0
2021-01-08,0.0,0.0,0.0,0.0,0.0,0.0,0.0,0.0,0.0,0.0
2021-01-09,5.66,2.0,8.55,3.0,30.99,9.0,3.77,1.38,12.56,3.89
2021-01-10,4.69,1.0,26.65,10.0,33.27,13.0,2.28,0.62,2.28,0.62
2021-01-11,15.22,6.0,41.63,17.0,83.53,33.0,4.83,2.32,15.53,5.7
2021-01-12,5.97,2.0,33.6,11.0,46.27,13.0,0.85,0.3,2.64,0.48
2021-01-13,16.31,5.0,31.99,9.0,79.8,23.0,20.17,3.76,30.51,6.58
2021-01-14,0.0,0.0,1.38,1.0,27.52,7.0,0.07,0.05,12.23,2.61
2021-01-15,27.09,6.0,76.69,17.0,204.96,42.0,43.95,10.52,139.7,27.17
2021-01-16,0.0,0.0,21.43,9.0,65.36,22.0,3.5,1.51,9.97,4.09
2021-01-17,0.0,0.0,5.79,2.0,25.43,7.0,0.0,0.0,0.0,0.0
2021-01-18,1.91,1.0,1.91,1.0,9.5,3.0,0.56,0.29,5.0,1.53
2021-01-19,13.92,4.0,59.86,16.0,152.44,38.0,16.62,2.42,27.17,6.41
2021-01-20,11.91,4.0,79.75,23.0,179.45,39.0,5.38,2.13,11.13,4.67
2021-01-21,14.13,7.0,101.39,37.0,185.67,61.0,36.47,13.14,59.51,21.71
2021-01-22,7.14,3.0,47.0,12.0,96.13,29.0,4.2,0.78,21.84,6.79
2021-01-23,6.6,3.0,18.05,7.0,117.82,21.0,4.06,2.14,18.76,3.7
2021-01-24,0.0,0.0,9.61,3.0,44.62,10.0,5.83,1.55,6.12,1.65
2021-01-25,0.0,0.0,36.78,8.0,36.78,8.0,3.52,1.01,3.52,1.01
2021-01-26,16.0,5.0,71.71,20.0,125.97,36.0,25.09,5.6,52.85,12.6
2021-01-27,9.77,6.0,101.78,37.0,156.49,55.0,14.98,7.45,31.79,11.54
2021-01-28,6.18,3.0,16.46,7.0,56.73,18.0,10.41,3.58,19.69,6.33
2021-01-29,0.0,0.0,17.41,6.0,46.86,16.0,10.0,3.34,16.61,4.78
2021-01-30,20.25,4.0,57.48,15.0,194.92,42.0,9.54,1.83,42.64,6.15
2021-01-31,8.86,3.0,82.83,22.0,198.44,56.0,32.77,9.78,76.77,22.34
2021-02-01,26.8,10.0,101.93,38.0,297.57,101.0,38.87,13.44,88.86,29.11
2021-02-02,22.87,5.0,74.56,17.0,199.58,56.0,33.39,6.84,86.93,23.23
2021-02-03,9.2,3.0,103.47,17.0,257.34,44.0,9.7,2.76,40.08,8.26
2021-02-04,0.0,0.0,6.45,3.0,10.43,4.0,0.0,0.0,0.0,0.0
2021-02-05,8.91,4.0,18.23,8.0,38.75,15.0,7.16,3.09,8.54,3.95
2021-02-06,10.03,5.0,80.99,30.0,210.84,76.0,22.61,8.92,38.4,15.23
2021-02-07,14.82,2.0,68.4,16.0,382.27,87.0,9.77,2.54,16.06,4.43
2021-02-08,9.58,3.0,27.06,8.0,117.17,30.0,5.5,1.42,9.09,3.21
2021-02-09,41.88,5.0,147.49,23.0,347.12,53.0,55.12,9.54,68.58,13.35
2021-02-10,16.15,4.0,52.79,16.0,286.21,55.0,37.14,11.16,201.87,37.51
2021-02-11,17.07,7.0,159.42,41.0,386.08,99.0,44.5,12.19,100.58,27.03
2021-02-12,24.68,7.0,58.22,16.0,181.23,47.0,9.05,2.62,26.91,8.86
2021-02-13,0.0,0.0,24.3,9.0,65.37,19.0,12.61,4.37,28.8,7.48
2021-02-14,23.2,5.0,53.94,13.0,109.69,25.0,27.17,6.76,57.89,12.04
2021-02-15,3.51,1.0,46.25,15.0,188.87,52.0,21.89,7.15,84.33,24.34
2021-02-16,6.61,2.0,112.87,26.0,391.76,71.0,61.96,14.86,273.68,43.62
2021-02-17,5.3,3.0,73.67,31.0,276.49,99.0,33.16,12.07,128.79,47.82
2021-02-18,28.56,2.0,62.76,12.0,197.39,47.0,23.94,5.49,87.13,22.74
2021-02-19,8.84,3.0,68.65,14.0,128.7,29.0,49.47,9.11,84.06,17.69
2021-02-20,13.6,3.0,59.64,18.0,158.83,45.0,15.87,4.3,35.32,9.46
2021-02-21,14.27,10.0,30.1,18.0,126.11,40.0,9.2,5.99,36.42,10.5
2021-02-22,9.02,4.0,81.97,20.0,227.05,62.0,36.63,5.14,76.47,16.23
2021-02-23,25.18,7.0,93.66,28.0,235.18,66.0,28.73,7.66,66.62,14.91
2021-02-24,0.38,1.0,26.56,7.0,225.67,45.0,7.55,2.12,44.13,8.15
2021-02-25,1.29,1.0,32.56,5.0,201.18,43.0,4.38,1.47,10.75,2.75
2021-02-26,57.1,2.0,107.92,10.0,450.96,57.0,20.18,3.12,30.19,5.09
2021-02-27,11.3,3.0,43.87,12.0,84.92,25.0,14.0,3.9,24.54,7.32
2021-02-28,19.18,6.0,124.24,25.0,526.12,102.0,41.92,8.6,195.14,38.95
2021-03-01,1.37,3.0,26.57,8.0,154.91,49.0,18.54,4.12,24.39,6.99
2021-03-02,0.0,0.0,48.3,8.0,320.16,57.0,20.99,3.13,29.27,4.75
2021-03-03,4.29,3.0,7.53,6.0,126.45,40.0,2.45,1.75,13.32,4.36
2021-03-04,9.29,8.0,36.54,15.0,329.33,96.0,10.5,3.02,207.25,61.83
2021-03-05,9.15,4.0,22.86,11.0,420.29,144.0,8.65,5.37,91.53,20.41
2021-03-06,17.57,8.0,40.12,11.0,243.18,65.0,11.75,5.0,18.7,7.46
2021-03-07,0.0,0.0,11.03,3.0,48.03,11.0,1.48,0.29,13.41,2.45
2021-03-08,0.0,0.0,0.0,0.0,10.53,5.0,0.0,0.0,2.31,1.47
2021-03-09,0.0,0.0,10.81,4.0,93.99,25.0,1.57,0.4,49.86,10.84
2021-03-10,0.0,0.0,10.97,5.0,119.46,45.0,1.29,0.53,23.7,8.61
2021-03-11,0.87,2.0,18.0,7.0,310.07,94.0,9.22,3.35,184.21,53.28
2021-03-12,0.0,0.0,0.0,0.0,12.57,3.0,0.0,0.0,1.36,0.31
2021-03-13,0.76,1.0,0.76,1.0,174.68,63.0,0.53,0.7,20.64,6.78
2021-03-14,3.48,1.0,8.13,4.0,196.68,54.0,5.54,1.97,10.9,3.06
2021-03-15,0.0,0.0,11.23,3.0,196.52,61.0,0.0,0.0,2.6,1.81
2021-03-16,0.37,1.0,40.87,10.0,262.11,82.0,1.72,1.46,9.7,3.51
2021-03-17,0.39,1.0,6.28,4.0,189.63,53.0,0.75,1.5,23.16,7.99
2021-03-18,0.0,0.0,0.0,0.0,54.61,16.0,0.0,0.0,6.89,1.81
2021-03-19,4.3,4.0,4.3,4.0,294.26,95.0,0.4,1.04,3.34,2.1
2021-03-20,5.11,7.0,38.57,11.0,268.19,93.0,3.27,3.45,5.11,4.56
2021-03-21,12.09,3.0,45.1,10.0,387.59,110.0,26.64,4.66,323.77,93.42
2021-03-22,0.0,0.0,10.88,3.0,44.29,13.0,8.25,2.16,29.15,8.71
2021-03-23,4.82,2.0,4.82,2.0,125.6,33.0,1.07,0.44,95.72,26.72
2021-03-24,3.6,1.0,3.6,1.0,358.86,73.0,1.7,0.47,54.21,9.69
2021-03-25,1.11,3.0,1.11,3.0,112.71,65.0,1.02,2.65,2.09,3.86
2021-03-26,5.56,6.0,34.91,12.0,323.62,140.0,14.06,6.68,29.03,13.53
2021-03-27,6.18,2.0,35.7,12.0,353.66,110.0,6.62,2.74,23.57,6.89
2021-03-28,13.48,3.0,20.8,5.0,143.87,57.0,17.91,3.93,97.67,35.84
2021-03-29,3.55,1.0,14.64,5.0,146.01,61.0,0.0,0.0,63.61,36.49
2021-03-30,2.66,3.0,28.2,11.0,639.98,141.0,7.86,3.97,11.77,6.26
2021-03-31,2.4,3.0,92.72,15.0,1468.06,352.0,6.11,3.92,53.21,13.37
2021-04-01,62.6,9.0,108.31,18.0,1312.28,358.0,50.95,5.83,76.03,12.53
2021-04-02,12.8,6.0,22.44,11.0,1169.67,314.0,15.76,5.78,143.2,46.82
2021-04-03,53.43,6.0,66.67,10.0,1266.73,396.0,8.31,2.3,371.13,126.47
2021-04-04,0.37,1.0,54.97,11.0,1123.41,311.0,12.93,1.67,100.05,30.83
2021-04-05,0.0,0.0,1.2,3.0,265.18,101.0,0.0,0.0,102.37,34.04
2021-04-06,4.51,2.0,13.66,5.0,87.11,21.0,9.33,2.5,18.21,7.77
2021-04-07,6.09,3.0,21.71,7.0,351.02,104.0,10.26,3.06,64.87,20.53
2021-04-08,1.13,2.0,27.0,9.0,401.19,91.0,1.65,1.83,43.18,11.0
2021-04-09,64.04,10.0,169.64,28.0,630.53,127.0,10.45,5.1,125.48,30.72
2021-04-10,18.36,6.0,253.74,28.0,1094.64,233.0,144.87,11.91,179.01,19.58
2021-04-11,2.84,3.0,32.13,9.0,1346.75,298.0,2.44,2.54,189.21,25.39
2021-04-12,10.6,2.0,71.15,12.0,698.96,174.0,7.7,2.04,153.77,34.4
2021-04-13,12.11,4.0,95.64,19.0,459.06,117.0,15.85,3.23,34.03,9.77
2021-04-14,66.28,7.0,230.01,38.0,862.55,139.0,94.17,10.71,102.49,12.27
2021-04-15,50.63,4.0,99.56,20.0,405.09,115.0,57.86,6.83,83.75,16.41
2021-04-16,0.0,0.0,139.73,16.0,671.69,90.0,2.81,0.49,341.43,49.93
2021-04-17,4.99,3.0,29.93,12.0,125.06,52.0,7.17,3.51,31.39,11.68
2021-04-18,42.41,8.0,336.62,50.0,924.98,148.0,42.44,3.21,122.36,26.54
2021-04-19,36.86,9.0,324.6,46.0,874.51,165.0,18.41,4.81,121.88,24.64
2021-04-20,0.0,0.0,2.76,3.0,12.29,6.0,0.01,0.01,1.8,0.53
2021-04-21,52.8,9.0,250.32,43.0,424.1,84.0,76.19,17.25,89.43,21.62
2021-04-22,32.22,10.0,272.71,60.0,364.06,92.0,21.49,6.23,70.42,22.6
2021-04-23,13.77,2.0,124.93,22.0,180.04,40.0,10.56,1.02,12.23,2.06
2021-04-24,169.17,28.0,884.47,141.0,1617.4,288.0,473.03,70.87,971.79,162.52
2021-04-25,58.44,14.0,1033.6,152.0,2023.94,337.0,481.26,76.38,1141.37,192.07
2021-04-26,184.62,19.0,1439.27,155.0,4118.68,391.0,694.35,88.4,2750.25,242.3
2021-04-27,253.38,40.0,2130.8,259.0,4074.47,503.0,1156.5,149.31,2666.06,326.96
2021-04-28,63.62,9.0,1487.71,132.0,3873.51,373.0,1243.18,104.38,3028.31,274.08
2021-04-29,245.36,40.0,1467.23,208.0,4677.96,629.0,791.73,125.64,3314.94,443.0
2021-04-30,46.68,11.0,359.24,83.0,1310.22,276.0,6.77,1.53,80.29,16.62
2021-05-01,73.09,14.0,811.08,118.0,3443.55,527.0,64.72,10.52,207.29,48.1
2021-05-02,501.84,62.0,1810.64,247.0,3235.96,563.0,129.65,21.37,225.92,45.18
2021-05-03,38.56,11.0,342.68,47.0,990.81,141.0,52.36,4.35,288.07,40.92
2021-05-04,85.41,16.0,377.19,62.0,999.97,172.0,23.8,7.65,281.6,57.93
2021-05-05,174.76,34.0,645.91,138.0,1548.44,379.0,31.73,9.3,124.23,31.22
2021-05-06,58.31,10.0,216.75,38.0,553.91,107.0,49.95,9.28,158.41,37.24
2021-05-07,0.0,0.0,143.94,19.0,712.95,119.0,36.92,6.92,120.78,23.14
2021-05-08,31.32,7.0,249.07,41.0,1171.48,214.0,84.12,11.94,416.28,88.27
2021-05-09,47.49,12.0,365.33,92.0,1217.55,285.0,30.17,6.66,57.04,12.24
2021-05-10,0.0,0.0,36.08,6.0,189.3,28.0,16.03,2.67,61.92,8.29
2021-05-11,7.06,3.0,176.74,35.0,586.16,135.0,18.79,3.61,146.44,23.94
2021-05-12,12.65,2.0,52.47,9.0,103.26,23.0,11.48,2.09,34.79,8.31
2021-05-13,0.68,1.0,26.19,9.0,115.57,32.0,1.34,1.0,80.65,19.86
2021-05-14,2.17,1.0,114.15,18.0,427.43,81.0,19.56,3.6,63.26,12.28
2021-05-15,26.15,6.0,52.91,14.0,111.5,27.0,15.08,3.66,39.96,8.72
2021-05-16,29.72,7.0,118.64,27.0,673.23,153.0,18.49,3.59,327.13,64.76
2021-05-17,0.0,0.0,0.0,0.0,92.8,15.0,0.0,0.0,0.0,0.0
2021-05-18,0.0,0.0,0.0,0.0,0.0,0.0,0.0,0.0,0.0,0.0
2021-05-19,0.0,0.0,0.0,0.0,0.0,0.0,0.0,0.0,0.0,0.0
2021-05-20,0.0,0.0,0.0,0.0,40.88,13.0,0.0,0.0,0.03,0.01
2021-05-21,0.0,0.0,0.0,0.0,0.0,0.0,0.0,0.0,0.0,0.0
2021-05-22,0.0,0.0,0.0,0.0,6.35,3.0,0.0,0.0,0.0,0.0
2021-05-23,5.73,3.0,31.32,6.0,43.63,10.0,8.21,2.6,10.26,3.9
2021-05-24,0.0,0.0,0.0,0.0,27.97,10.0,0.0,0.0,3.7,1.37
2021-05-25,9.83,2.0,14.52,3.0,84.75,14.0,6.72,0.99,28.03,4.09
2021-05-26,10.53,2.0,22.56,8.0,100.63,21.0,10.19,4.98,45.56,12.66
2021-05-27,12.2,2.0,19.03,4.0,116.39,20.0,5.71,1.67,16.4,3.36
2021-05-28,12.61,4.0,12.61,4.0,29.02,9.0,0.83,0.53,2.42,1.26
2021-05-29,9.8,3.0,11.46,4.0,24.94,10.0,0.98,0.21,1.18,0.42
2021-05-30,0.0,0.0,0.0,0.0,0.0,0.0,0.0,0.0,0.0,0.0
2021-05-31,1.57,1.0,1.57,1.0,14.65,4.0,0.0,0.0,10.29,2.0
2021-06-01,0.0,0.0,6.75,1.0,6.75,1.0,6.29,0.93,6.29,0.93
2021-06-02,0.0,0.0,0.0,0.0,1.19,2.0,0.0,0.0,0.69,1.25
2021-06-03,0.0,0.0,6.27,1.0,48.49,7.0,0.5,0.08,16.05,2.38
2021-06-04,0.0,0.0,0.0,0.0,2.39,1.0,0.0,0.0,2.34,0.98
2021-06-05,2.21,2.0,8.49,5.0,15.87,9.0,2.25,2.11,5.04,3.59
2021-06-06,0.0,0.0,7.62,2.0,7.62,2.0,0.0,0.0,0.0,0.0
2021-06-07,0.0,0.0,0.0,0.0,10.2,3.0,0.0,0.0,3.11,0.98
2021-06-08,0.0,0.0,0.0,0.0,8.69,3.0,0.0,0.0,0.74,0.76
2021-06-09,0.0,0.0,0.0,0.0,8.38,2.0,0.0,0.0,0.0,0.0
2021-06-10,0.0,0.0,0.0,0.0,0.0,0.0,0.0,0.0,0.0,0.0
2021-06-11,0.0,0.0,0.0,0.0,0.0,0.0,0.0,0.0,0.0,0.0
2021-06-12,0.0,0.0,0.0,0.0,0.0,0.0,0.0,0.0,0.0,0.0
2021-06-13,0.0,0.0,0.0,0.0,0.0,0.0,0.0,0.0,0.0,0.0
2021-06-14,0.7,1.0,0.7,1.0,6.45,2.0,0.0,0.0,4.2,0.73
2021-06-15,0.0,0.0,0.0,0.0,0.0,0.0,0.0,0.0,0.0,0.0
2021-06-16,0.0,0.0,0.0,0.0,0.0,0.0,0.0,0.0,0.0,0.0
2021-06-17,0.0,0.0,0.0,0.0,2.03,1.0,0.0,0.0,0.0,0.0
2021-06-18,0.0,0.0,0.0,0.0,1.2,1.0,0.0,0.0,0.0,0.0
2021-06-19,0.0,0.0,0.0,0.0,5.68,2.0,0.0,0.0,0.71,0.22
2021-06-20,0.46,1.0,1.55,2.0,5.04,3.0,0.0,0.0,0.0,0.0
2021-06-21,2.32,1.0,5.35,2.0,7.74,3.0,0.0,0.0,0.0,0.0
2021-06-22,0.0,0.0,2.9,1.0,4.29,2.0,0.0,0.0,0.0,0.0
2021-06-23,0.0,0.0,0.0,0.0,1.93,1.0,0.0,0.0,0.0,0.0
2021-06-24,1.82,2.0,2.53,3.0,3.59,4.0,0.0,0.0,0.0,0.0
2021-06-25,0.0,0.0,0.0,0.0,2.18,1.0,0.0,0.0,0.04,0.02
2021-06-26,0.0,0.0,0.0,0.0,2.27,2.0,0.0,0.0,0.0,0.0
2021-06-27,0.0,0.0,0.0,0.0,5.5,2.0,0.0,0.0,0.0,0.0
2021-06-28,0.0,0.0,0.75,1.0,0.75,1.0,0.0,0.0,0.0,0.0
2021-06-29,0.44,1.0,1.02,2.0,5.06,4.0,0.02,0.04,0.25,0.12
2021-06-30,0.0,0.0,2.51,1.0,13.86,5.0,0.0,0.0,2.03,0.5
2021-07-01,0.0,0.0,0.47,1.0,9.07,3.0,0.0,0.0,1.03,1.0
2021-07-02,0.0,0.0,3.57,1.0,19.64,4.0,0.0,0.0,11.58,1.84
2021-07-03,0.0,0.0,0.0,0.0,0.0,0.0,0.0,0.0,0.0,0.0
2021-07-04,0.0,0.0,0.0,0.0,13.36,2.0,0.0,0.0,0.0,0.0
2021-07-05,2.44,1.0,2.44,1.0,7.43,2.0,2.42,0.99,5.58,1.63
2021-07-06,0.0,0.0,0.0,0.0,0.0,0.0,0.0,0.0,0.0,0.0
2021-07-07,0.0,0.0,10.05,3.0,39.98,9.0,4.48,0.98,18.93,4.24
2021-07-08,0.0,0.0,2.46,1.0,2.46,1.0,0.0,0.0,0.0,0.0
2021-07-09,0.95,1.0,0.95,1.0,4.88,2.0,0.0,0.0,3.93,1.0
2021-07-10,0.0,0.0,0.0,0.0,30.13,7.0,0.0,0.0,7.24,2.08
2021-07-11,54.78,19.0,54.78,19.0,62.77,22.0,0.0,0.0,0.5,0.72
2021-07-12,22.35,2.0,22.35,2.0,22.35,2.0,0.0,0.0,0.0,0.0
2021-07-13,0.0,0.0,0.0,0.0,0.0,0.0,0.0,0.0,0.0,0.0
2021-07-14,0.0,0.0,0.0,0.0,0.0,0.0,0.0,0.0,0.0,0.0
2021-07-15,0.0,0.0,0.0,0.0,6.91,1.0,0.0,0.0,0.05,0.01
2021-07-16,0.0,0.0,8.36,3.0,42.03,9.0,0.09,0.14,13.16,1.92
2021-07-17,0.0,0.0,0.0,0.0,0.0,0.0,0.0,0.0,0.0,0.0
2021-07-18,0.0,0.0,0.0,0.0,0.0,0.0,0.0,0.0,0.0,0.0
2021-07-19,0.0,0.0,0.0,0.0,0.0,0.0,0.0,0.0,0.0,0.0
2021-07-20,0.0,0.0,0.0,0.0,0.0,0.0,0.0,0.0,0.0,0.0
2021-07-21,0.0,0.0,0.0,0.0,0.0,0.0,0.0,0.0,0.0,0.0
2021-07-22,0.0,0.0,0.0,0.0,0.0,0.0,0.0,0.0,0.0,0.0
2021-07-23,0.0,0.0,0.0,0.0,3.01,2.0,0.0,0.0,0.0,0.0
2021-07-24,0.0,0.0,0.0,0.0,1.09,1.0,0.0,0.0,0.0,0.0
2021-07-25,0.0,0.0,0.0,0.0,0.0,0.0,0.0,0.0,0.0,0.0
2021-07-26,0.0,0.0,0.0,0.0,0.0,0.0,0.0,0.0,0.0,0.0
2021-07-27,0.0,0.0,0.0,0.0,0.0,0.0,0.0,0.0,0.0,0.0
2021-07-28,0.0,0.0,0.0,0.0,0.0,0.0,0.0,0.0,0.0,0.0
2021-07-29,0.0,0.0,0.0,0.0,0.0,0.0,0.0,0.0,0.0,0.0
2021-07-30,0.0,0.0,0.0,0.0,0.0,0.0,0.0,0.0,0.0,0.0
2021-07-31,0.0,0.0,0.0,0.0,0.0,0.0,0.0,0.0,0.0,0.0
2021-08-01,0.0,0.0,0.0,0.0,0.0,0.0,0.0,0.0,0.0,0.0
2021-08-02,0.0,0.0,0.0,0.0,7.28,2.0,0.0,0.0,7.28,2.0
2021-08-03,0.0,0.0,0.0,0.0,0.0,0.0,0.0,0.0,0.0,0.0
2021-08-04,0.0,0.0,0.0,0.0,0.0,0.0,0.0,0.0,0.0,0.0
2021-08-05,0.0,0.0,0.0,0.0,0.0,0.0,0.0,0.0,0.0,0.0
2021-08-06,0.0,0.0,0.0,0.0,0.0,0.0,0.0,0.0,0.0,0.0
2021-08-07,0.0,0.0,0.0,0.0,0.0,0.0,0.0,0.0,0.0,0.0
2021-08-08,0.0,0.0,0.0,0.0,0.0,0.0,0.0,0.0,0.0,0.0
2021-08-09,0.0,0.0,0.0,0.0,0.0,0.0,0.0,0.0,0.0,0.0
2021-08-10,1.24,2.0,1.24,2.0,1.24,2.0,0.33,0.52,0.33,0.52
2021-08-11,1.42,2.0,1.42,2.0,1.42,2.0,0.72,0.8,0.72,0.8
2021-08-12,0.0,0.0,0.0,0.0,7.96,1.0,0.0,0.0,0.0,0.0
2021-08-13,0.0,0.0,0.0,0.0,0.0,0.0,0.0,0.0,0.0,0.0
2021-08-14,2.44,1.0,2.44,1.0,2.44,1.0,0.02,0.01,0.02,0.01
2021-08-15,0.0,0.0,0.0,0.0,2.41,1.0,0.0,0.0,0.28,0.12
2021-08-16,0.0,0.0,1.01,1.0,1.01,1.0,0.94,0.93,0.94,0.93
2021-08-17,2.58,2.0,5.35,4.0,5.35,4.0,3.66,2.52,3.66,2.52
2021-08-18,0.0,0.0,0.0,0.0,0.0,0.0,0.0,0.0,0.0,0.0
2021-08-19,0.0,0.0,0.0,0.0,0.0,0.0,0.0,0.0,0.0,0.0
2021-08-20,0.0,0.0,0.0,0.0,0.0,0.0,0.0,0.0,0.0,0.0
2021-08-21,0.0,0.0,0.0,0.0,0.0,0.0,0.0,0.0,0.0,0.0
2021-08-22,0.0,0.0,0.0,0.0,0.49,1.0,0.0,0.0,0.0,0.0
2021-08-23,0.0,0.0,0.0,0.0,0.0,0.0,0.0,0.0,0.0,0.0
2021-08-24,0.0,0.0,0.0,0.0,3.27,1.0,0.0,0.0,0.0,0.0
2021-08-25,0.0,0.0,0.0,0.0,0.0,0.0,0.0,0.0,0.0,0.0
2021-08-26,0.0,0.0,0.0,0.0,0.0,0.0,0.0,0.0,0.0,0.0
2021-08-27,0.0,0.0,0.0,0.0,11.68,2.0,0.0,0.0,0.0,0.0
2021-08-28,0.43,1.0,0.43,1.0,0.43,1.0,0.0,0.0,0.0,0.0
2021-08-29,0.0,0.0,0.0,0.0,0.0,0.0,0.0,0.0,0.0,0.0
2021-08-30,0.0,0.0,0.0,0.0,2.38,1.0,0.0,0.0,0.0,0.0
2021-08-31,0.0,0.0,0.0,0.0,0.0,0.0,0.0,0.0,0.0,0.0
2021-09-01,0.0,0.0,0.0,0.0,0.0,0.0,0.0,0.0,0.0,0.0
2021-09-02,0.0,0.0,0.0,0.0,0.0,0.0,0.0,0.0,0.0,0.0
2021-09-03,0.0,0.0,0.0,0.0,0.0,0.0,0.0,0.0,0.0,0.0
2021-09-04,0.0,0.0,0.0,0.0,0.0,0.0,0.0,0.0,0.0,0.0
2021-09-05,0.0,0.0,0.0,0.0,0.0,0.0,0.0,0.0,0.0,0.0
2021-09-06,0.0,0.0,0.0,0.0,0.0,0.0,0.0,0.0,0.0,0.0
2021-09-07,1.64,1.0,6.12,3.0,6.12,3.0,1.3,0.79,1.3,0.79
2021-09-08,4.33,1.0,4.33,1.0,4.33,1.0,0.0,0.0,0.0,0.0
2021-09-09,3.39,4.0,4.18,5.0,5.53,6.0,1.46,0.99,1.46,0.99
2021-09-10,0.0,0.0,0.0,0.0,0.0,0.0,0.0,0.0,0.0,0.0
2021-09-11,0.0,0.0,0.7,1.0,0.7,1.0,0.0,0.0,0.0,0.0
2021-09-12,0.0,0.0,0.0,0.0,0.0,0.0,0.0,0.0,0.0,0.0
2021-09-13,0.0,0.0,0.0,0.0,0.0,0.0,0.0,0.0,0.0,0.0
2021-09-14,0.0,0.0,0.0,0.0,0.0,0.0,0.0,0.0,0.0,0.0
2021-09-15,0.0,0.0,0.0,0.0,0.0,0.0,0.0,0.0,0.0,0.0
2021-09-16,0.0,0.0,0.0,0.0,0.0,0.0,0.0,0.0,0.0,0.0
2021-09-17,0.92,1.0,0.92,1.0,0.92,1.0,0.0,0.0,0.0,0.0
2021-09-18,0.0,0.0,1.28,1.0,4.95,4.0,0.0,0.0,1.59,1.01
2021-09-19,0.56,1.0,0.56,1.0,2.74,2.0,0.0,0.0,0.0,0.0
2021-09-20,0.0,0.0,0.0,0.0,5.26,1.0,0.0,0.0,0.0,0.0
2021-09-21,0.0,0.0,0.0,0.0,0.0,0.0,0.0,0.0,0.0,0.0
2021-09-22,0.0,0.0,0.0,0.0,0.0,0.0,0.0,0.0,0.0,0.0
2021-09-23,0.0,0.0,0.0,0.0,1.31,1.0,0.0,0.0,0.0,0.0
2021-09-24,0.69,1.0,0.69,1.0,1.24,2.0,0.0,0.0,0.53,0.96
2021-09-25,0.0,0.0,0.82,1.0,0.82,1.0,0.0,0.0,0.0,0.0
2021-09-26,0.0,0.0,0.0,0.0,1.82,1.0,0.0,0.0,0.08,0.04
2021-09-27,1.02,1.0,1.89,2.0,5.82,4.0,0.0,0.0,1.54,1.06
2021-09-28,1.28,1.0,1.28,1.0,8.61,3.0,0.0,0.0,0.0,0.0
2021-09-29,2.44,2.0,4.59,4.0,39.34,16.0,0.01,0.01,4.98,2.4
2021-09-30,2.23,1.0,2.23,1.0,45.1,7.0,0.0,0.0,2.78,0.91
2021-10-01,0.0,0.0,0.0,0.0,4.49,2.0,0.0,0.0,0.88,0.4
2021-10-02,0.0,0.0,0.0,0.0,9.74,3.0,0.0,0.0,4.27,1.34
2021-10-03,1.52,1.0,3.12,2.0,40.33,10.0,1.47,0.94,4.63,1.76
2021-10-04,5.52,2.0,8.85,3.0,18.82,6.0,2.29,0.74,2.81,0.9
2021-10-05,1.78,1.0,1.78,1.0,14.03,4.0,0.0,0.0,4.45,0.99
2021-10-06,1.38,1.0,5.98,2.0,30.99,8.0,3.88,1.48,12.69,3.45
2021-10-07,0.0,0.0,9.59,2.0,100.06,23.0,0.0,0.0,53.07,10.92
2021-10-08,4.24,1.0,11.52,3.0,166.63,33.0,1.64,0.43,75.54,13.63
2021-10-09,2.27,1.0,48.86,12.0,416.87,98.0,17.72,3.12,258.61,55.69
2021-10-10,11.59,7.0,36.0,18.0,707.82,199.0,6.06,2.45,9.85,3.46
2021-10-11,0.0,0.0,55.99,13.0,444.95,92.0,26.37,4.76,34.35,5.94
2021-10-12,1.68,1.0,37.54,10.0,429.02,97.0,17.86,2.08,364.54,76.52
2021-10-13,0.93,1.0,40.76,12.0,849.2,161.0,1.24,0.82,627.83,106.22
2021-10-14,7.11,6.0,149.53,35.0,1259.18,255.0,35.19,11.98,809.74,159.76
2021-10-15,2.98,2.0,219.64,60.0,2924.33,678.0,79.42,25.15,2435.93,562.58
2021-10-16,0.0,0.0,68.64,17.0,1947.32,367.0,16.73,2.9,127.7,28.75
2021-10-17,0.0,0.0,0.0,0.0,0.0,0.0,0.0,0.0,0.0,0.0
2021-10-18,0.0,0.0,0.0,0.0,0.0,0.0,0.0,0.0,0.0,0.0
2021-10-19,0.64,1.0,1.15,2.0,471.6,81.0,0.6,0.95,386.82,65.88
2021-10-20,1.9,2.0,6.13,5.0,1317.23,261.0,2.41,1.75,804.78,156.86
2021-10-21,3.03,1.0,32.75,12.0,1195.96,252.0,15.5,5.73,420.84,85.73
2021-10-22,3.89,4.0,23.17,7.0,1141.44,163.0,4.62,2.24,107.99,14.36
2021-10-23,0.0,0.0,48.44,8.0,1734.67,306.0,29.74,4.74,29.74,4.74
2021-10-24,0.0,0.0,105.85,15.0,328.68,50.0,0.49,0.09,0.57,0.11
2021-10-25,0.69,1.0,68.99,17.0,708.74,150.0,0.0,0.0,611.65,125.72
2021-10-26,3.75,3.0,49.94,21.0,1192.33,286.0,10.45,5.51,1012.23,228.65
2021-10-27,0.45,1.0,33.39,9.0,891.84,181.0,2.32,0.93,675.62,135.38
2021-10-28,6.8,4.0,34.94,11.0,1432.22,256.0,4.4,2.77,1243.94,211.88
2021-10-29,7.01,4.0,52.78,18.0,1958.66,281.0,16.31,7.52,1746.83,230.42
2021-10-30,1.47,1.0,156.69,35.0,2200.26,359.0,23.29,7.95,1519.45,225.76
2021-10-31,2.15,4.0,215.03,55.0,2970.29,624.0,18.76,7.36,1328.15,252.47
2021-11-01,22.56,6.0,143.13,25.0,2387.86,389.0,45.2,6.72,99.74,22.69
2021-11-02,10.08,3.0,74.39,27.0,1657.87,303.0,27.12,9.57,33.22,10.94
2021-11-03,0.0,0.0,125.65,27.0,2611.35,459.0,112.14,21.96,153.17,28.94
2021-11-04,11.14,4.0,394.99,61.0,3112.72,448.0,31.81,10.34,1842.19,240.22
2021-11-05,24.05,5.0,140.19,46.0,3747.57,693.0,106.27,34.82,3417.37,602.84
2021-11-06,21.54,5.0,261.41,67.0,3276.8,509.0,85.27,24.06,2531.25,342.24
2021-11-07,28.14,4.0,76.18,16.0,2334.59,284.0,45.57,8.03,2071.67,229.66
2021-11-08,0.0,0.0,39.09,12.0,2841.94,387.0,31.14,9.58,2477.37,331.02
2021-11-09,9.82,2.0,104.11,21.0,2694.26,376.0,74.1,14.43,2554.24,345.78
2021-11-10,10.72,6.0,213.57,64.0,2811.33,523.0,135.52,40.5,2515.91,449.58
2021-11-11,26.55,8.0,110.38,35.0,1981.64,369.0,75.81,20.98,1766.96,298.95
2021-11-12,10.95,2.0,69.9,21.0,2285.17,340.0,49.58,16.12,2122.69,302.73
2021-11-13,0.0,0.0,132.87,33.0,2037.36,329.0,92.77,22.88,1808.86,284.02
2021-11-14,2.03,3.0,98.83,22.0,1837.2,228.0,84.74,17.14,1665.42,194.19
2021-11-15,19.32,6.0,191.01,45.0,1591.99,260.0,111.53,29.35,1403.32,221.53
2021-11-16,32.83,9.0,318.57,90.0,1629.14,347.0,248.45,71.42,1452.26,295.99
2021-11-17,10.51,3.0,133.2,30.0,616.63,131.0,62.55,14.19,288.85,56.46
2021-11-18,3.42,2.0,61.13,23.0,360.04,87.0,45.86,18.14,281.5,68.42
2021-11-19,0.98,1.0,53.3,18.0,634.4,141.0,44.35,14.65,583.16,128.25
2021-11-20,6.76,4.0,196.57,59.0,728.93,163.0,136.58,42.59,617.1,134.1
2021-11-21,15.95,8.0,217.13,66.0,803.84,206.0,158.85,47.41,673.31,166.55
2021-11-22,15.17,5.0,227.25,47.0,649.64,132.0,180.25,37.07,506.82,97.72
2021-11-23,7.27,5.0,82.52,18.0,197.05,44.0,28.14,8.01,100.7,20.97
2021-11-24,2.61,1.0,68.53,19.0,192.81,54.0,6.8,2.33,15.47,4.93
2021-11-25,9.07,3.0,53.21,15.0,177.99,42.0,6.66,1.7,7.44,1.95
2021-11-26,9.62,8.0,140.15,47.0,303.01,94.0,14.71,6.32,29.83,11.23
2021-11-27,30.51,10.0,166.24,54.0,379.58,127.0,31.04,11.68,80.31,29.03
2021-11-28,25.86,14.0,99.87,37.0,179.14,63.0,59.07,19.89,97.23,33.97
2021-11-29,3.88,2.0,87.08,27.0,172.93,58.0,51.01,17.1,85.74,27.11
2021-11-30,0.0,0.0,44.49,15.0,128.44,40.0,26.59,6.91,75.22,19.91
2021-12-01,0.0,0.0,0.0,0.0,0.0,0.0,0.0,0.0,0.0,0.0
2021-12-02,4.82,4.0,4.82,4.0,7.44,6.0,4.05,2.89,6.65,4.87
2021-12-03,1.55,3.0,4.67,4.0,22.62,14.0,3.71,2.86,11.23,8.36
2021-12-04,27.78,6.0,97.97,19.0,164.9,45.0,63.94,11.0,95.91,25.46
2021-12-05,0.0,0.0,7.56,2.0,33.87,10.0,5.4,1.49,25.41,7.16
2021-12-06,13.32,8.0,51.81,18.0,94.58,30.0,19.99,7.46,44.84,13.5
2021-12-07,11.21,4.0,102.52,30.0,205.01,66.0,46.08,11.85,70.76,20.0
2021-12-08,9.52,4.0,90.71,28.0,241.68,78.0,13.63,4.44,27.47,9.73
2021-12-09,4.26,2.0,78.55,20.0,104.71,28.0,13.16,4.83,19.27,6.68
2021-12-10,19.97,7.0,55.38,16.0,112.61,34.0,7.91,4.45,19.91,8.32
2021-12-11,58.85,14.0,90.15,24.0,144.63,39.0,8.6,3.69,18.92,6.48
2021-12-12,50.19,18.0,191.16,62.0,255.87,84.0,17.82,4.33,20.19,5.05
2021-12-13,26.09,11.0,90.95,37.0,214.05,83.0,31.72,12.69,69.45,28.98
2021-12-14,16.24,8.0,93.44,34.0,206.47,63.0,56.09,21.41,128.09,40.41
2021-12-15,2.77,1.0,61.25,21.0,123.75,44.0,38.7,13.2,81.3,28.17
2021-12-16,14.44,10.0,29.34,16.0,89.01,37.0,15.72,8.11,43.12,18.05
2021-12-17,33.56,8.0,87.21,22.0,162.86,42.0,31.26,9.56,52.73,14.89
2021-12-18,20.15,9.0,112.97,37.0,201.43,72.0,30.31,10.87,56.07,19.71
2021-12-19,7.78,2.0,77.26,19.0,166.95,46.0,14.6,3.68,29.09,8.46
2021-12-20,5.65,3.0,65.84,18.0,101.2,29.0,22.87,7.39,31.74,10.16
2021-12-21,13.68,4.0,51.13,17.0,123.95,40.0,14.91,6.09,38.18,13.67
2021-12-22,41.97,11.0,113.08,38.0,232.8,74.0,49.04,17.77,105.13,32.58
2021-12-23,27.23,11.0,131.4,53.0,226.16,87.0,27.32,10.97,47.34,18.52
2021-12-24,36.25,13.0,161.4,48.0,259.63,80.0,39.68,12.29,66.81,21.46
2021-12-25,11.76,2.0,40.38,11.0,133.79,36.0,20.65,6.36,80.8,22.85
2021-12-26,2.22,2.0,2.22,2.0,5.49,3.0,0.0,0.0,2.5,0.77
2021-12-27,8.68,3.0,22.3,7.0,34.17,11.0,17.27,5.5,24.47,7.91
2021-12-28,0.0,0.0,4.14,3.0,7.72,5.0,1.57,0.8,2.08,1.05
2021-12-29,20.71,10.0,65.22,26.0,152.01,51.0,18.28,5.7,54.15,14.63
2021-12-30,9.4,4.0,10.07,5.0,16.03,6.0,1.12,1.62,1.12,1.62
2021-12-31,13.23,6.0,42.43,16.0,58.14,22.0,15.12,5.65,19.4,7.04
2022-01-01,5.31,3.0,46.05,18.0,74.83,30.0,6.56,3.36,9.26,4.41
2022-01-02,26.1,6.0,56.28,15.0,77.73,25.0,12.21,3.55,19.01,7.28
2022-01-03,17.54,5.0,113.67,34.0,247.24,82.0,21.53,7.4,38.01,13.58
2022-01-04,3.36,1.0,18.87,6.0,57.26,11.0,2.87,0.85,3.29,0.96
2022-01-05,0.0,0.0,0.0,0.0,0.0,0.0,0.0,0.0,0.0,0.0
2022-01-06,0.0,0.0,0.0,0.0,1.54,1.0,0.0,0.0,0.0,0.0
2022-01-07,0.0,0.0,0.0,0.0,5.29,1.0,0.0,0.0,5.17,0.98
2022-01-08,0.0,0.0,0.0,0.0,0.0,0.0,0.0,0.0,0.0,0.0
2022-01-09,0.0,0.0,0.0,0.0,0.0,0.0,0.0,0.0,0.0,0.0
2022-01-10,0.0,0.0,0.0,0.0,1.95,1.0,0.0,0.0,0.0,0.0
2022-01-11,0.0,0.0,0.0,0.0,0.0,0.0,0.0,0.0,0.0,0.0
2022-01-12,0.0,0.0,0.0,0.0,0.81,1.0,0.0,0.0,0.43,0.54
2022-01-13,0.48,1.0,4.03,2.0,13.01,4.0,0.33,0.69,9.2,2.67
2022-01-14,3.32,1.0,3.32,1.0,3.32,1.0,0.0,0.0,0.0,0.0
2022-01-15,0.0,0.0,0.0,0.0,0.0,0.0,0.0,0.0,0.0,0.0
2022-01-16,0.0,0.0,2.15,2.0,2.15,2.0,0.0,0.0,0.0,0.0
2022-01-17,0.0,0.0,0.0,0.0,6.08,3.0,0.0,0.0,0.0,0.0
2022-01-18,4.42,1.0,12.34,3.0,12.34,3.0,4.21,1.11,4.21,1.11
2022-01-19,8.55,3.0,29.77,11.0,29.77,11.0,3.18,1.17,3.18,1.17
2022-01-20,0.0,0.0,0.0,0.0,0.0,0.0,0.0,0.0,0.0,0.0
2022-01-21,0.0,0.0,0.0,0.0,12.69,3.0,0.0,0.0,0.52,0.14
2022-01-22,0.0,0.0,0.0,0.0,0.0,0.0,0.0,0.0,0.0,0.0
2022-01-23,0.0,0.0,0.0,0.0,0.63,1.0,0.0,0.0,0.22,0.36
2022-01-24,0.68,1.0,1.39,2.0,1.39,2.0,0.69,1.01,0.69,1.01
2022-01-25,0.0,0.0,0.0,0.0,0.0,0.0,0.0,0.0,0.0,0.0
2022-01-26,0.0,0.0,0.0,0.0,0.86,1.0,0.0,0.0,0.51,0.59
2022-01-27,0.0,0.0,0.0,0.0,0.0,0.0,0.0,0.0,0.0,0.0
2022-01-28,1.12,1.0,71.42,3.0,97.61,9.0,0.85,0.75,10.32,3.02
2022-01-29,0.74,2.0,62.3,18.0,87.34,26.0,13.32,4.22,22.15,6.34
2022-01-30,14.17,8.0,52.99,23.0,114.89,40.0,25.25,10.58,51.16,16.23
2022-01-31,1.31,1.0,34.0,7.0,41.54,9.0,3.43,1.05,4.93,1.62
2022-02-01,9.32,6.0,20.49,9.0,35.73,12.0,5.0,0.95,7.93,1.48
2022-02-02,5.35,2.0,27.45,10.0,32.0,12.0,10.31,3.67,10.34,3.73
2022-02-03,0.0,0.0,0.0,0.0,0.0,0.0,0.0,0.0,0.0,0.0
2022-02-04,0.82,1.0,5.25,3.0,9.05,4.0,0.99,0.91,3.31,1.52
2022-02-05,0.0,0.0,0.0,0.0,10.56,3.0,0.0,0.0,4.08,1.37
2022-02-06,0.0,0.0,7.95,2.0,7.95,2.0,3.24,0.9,3.24,0.9
2022-02-07,0.85,2.0,12.45,7.0,31.7,14.0,2.2,1.0,2.2,1.0
2022-02-08,28.43,6.0,56.32,14.0,98.31,25.0,13.79,4.38,19.52,6.66
2022-02-09,0.0,0.0,0.78,1.0,4.22,2.0,0.0,0.0,1.01,0.29
2022-02-10,0.0,0.0,12.25,4.0,157.88,22.0,4.12,1.49,14.37,5.58
2022-02-11,0.0,0.0,2.82,1.0,23.86,7.0,0.0,0.0,7.16,2.29
2022-02-12,5.92,2.0,53.24,13.0,127.15,25.0,17.39,4.25,35.69,7.6
2022-02-13,12.87,4.0,64.94,16.0,124.07,33.0,10.04,2.32,22.29,4.64
2022-02-14,36.41,15.0,127.98,36.0,287.51,69.0,5.58,3.58,9.91,5.31
2022-02-15,27.54,10.0,126.1,40.0,247.22,75.0,27.77,10.18,60.83,18.99
2022-02-16,29.65,9.0,67.32,22.0,106.76,35.0,25.51,8.0,44.46,14.13
2022-02-17,14.53,9.0,43.6,19.0,122.82,38.0,12.48,6.12,54.52,14.6
2022-02-18,32.23,6.0,76.77,18.0,186.09,46.0,46.35,8.17,73.6,16.32
2022-02-19,6.71,7.0,93.51,16.0,168.95,34.0,29.46,4.86,37.6,6.47
2022-02-20,12.02,6.0,53.66,19.0,160.57,55.0,17.62,6.47,60.06,19.98
2022-02-21,6.45,3.0,40.98,10.0,156.04,39.0,4.92,1.69,20.9,5.68
2022-02-22,11.0,5.0,48.04,13.0,140.69,30.0,0.92,0.85,20.54,4.01
2022-02-23,0.0,0.0,0.0,0.0,6.6,2.0,0.0,0.0,0.88,0.27
2022-02-24,3.62,3.0,9.29,5.0,25.84,11.0,3.86,2.3,19.57,8.01
2022-02-25,9.93,5.0,54.76,17.0,101.44,31.0,8.37,3.01,22.43,7.72
2022-02-26,3.45,2.0,4.53,3.0,4.53,3.0,0.31,0.14,0.31,0.14
2022-02-27,4.53,3.0,20.79,7.0,34.81,11.0,3.05,1.69,8.76,3.45
2022-02-28,0.69,1.0,13.81,5.0,40.25,13.0,5.98,1.88,8.23,2.76
2022-03-01,0.17,1.0,48.44,10.0,89.51,21.0,14.82,2.78,28.41,7.54
2022-03-02,2.8,2.0,76.67,16.0,179.1,48.0,13.63,3.19,36.37,12.05
2022-03-03,7.16,3.0,39.77,13.0,67.37,25.0,22.46,7.01,33.94,12.94
2022-03-04,8.59,6.0,44.05,18.0,87.36,33.0,2.35,2.25,4.73,3.27
2022-03-05,0.0,0.0,10.0,4.0,81.12,20.0,0.0,0.0,0.97,0.36
2022-03-06,0.0,0.0,5.1,1.0,5.1,1.0,0.19,0.04,0.19,0.04
2022-03-07,0.9,3.0,35.06,8.0,88.94,18.0,11.38,1.01,47.22,8.57
2022-03-08,13.57,3.0,28.68,8.0,101.19,33.0,6.59,2.82,38.37,11.79
2022-03-09,0.0,0.0,20.45,5.0,83.46,18.0,1.89,0.95,19.76,4.19
2022-03-10,1.51,1.0,50.46,14.0,102.66,24.0,36.55,8.93,69.2,16.0
2022-03-11,0.46,1.0,39.01,7.0,75.6,14.0,17.68,3.38,20.93,4.02
2022-03-12,5.17,6.0,13.57,9.0,99.32,19.0,0.75,2.05,3.67,3.0
2022-03-13,1.7,4.0,21.5,12.0,70.17,28.0,7.77,4.26,20.73,9.24
2022-03-14,2.97,2.0,23.97,5.0,68.22,17.0,6.33,1.44,16.96,3.84
2022-03-15,1.21,2.0,4.75,3.0,25.68,10.0,0.67,0.98,1.01,1.1
2022-03-16,6.22,3.0,10.01,4.0,22.02,8.0,0.78,0.93,1.57,1.33
2022-03-17,0.0,0.0,0.0,0.0,52.36,15.0,0.0,0.0,35.32,8.36
2022-03-18,0.0,0.0,17.9,2.0,30.16,6.0,4.48,0.89,4.49,0.9
2022-03-19,0.0,0.0,30.04,9.0,87.0,26.0,2.43,0.72,4.26,1.39
2022-03-20,0.44,1.0,14.9,7.0,63.27,22.0,0.48,0.33,2.18,0.91
2022-03-21,0.66,1.0,7.51,3.0,119.92,19.0,6.89,2.82,63.73,10.97
2022-03-22,0.55,1.0,4.67,2.0,48.49,10.0,2.27,1.21,2.27,1.21
2022-03-23,10.2,4.0,17.69,7.0,114.93,22.0,1.48,2.07,10.73,2.78
2022-03-24,0.39,1.0,21.33,9.0,83.57,30.0,2.29,1.66,11.06,5.46
2022-03-25,0.0,0.0,15.13,3.0,145.64,30.0,5.22,0.91,25.51,5.33
2022-03-26,1.94,2.0,15.47,4.0,115.66,20.0,12.33,1.82,45.5,4.93
2022-03-27,0.0,0.0,10.04,3.0,79.27,18.0,1.69,0.67,1.95,0.78
2022-03-28,6.15,3.0,12.03,5.0,288.99,35.0,0.0,0.0,7.66,1.73
2022-03-29,1.48,1.0,17.77,5.0,151.87,31.0,1.41,0.95,2.65,1.52
2022-03-30,10.04,1.0,14.02,2.0,107.14,21.0,10.26,1.43,38.99,11.13
2022-03-31,0.57,1.0,14.61,5.0,40.81,12.0,9.52,2.0,22.52,6.87
2022-04-01,29.23,4.0,35.72,7.0,48.36,13.0,12.95,3.04,14.68,4.61
2022-04-02,0.6,1.0,0.6,1.0,26.89,12.0,0.01,0.01,1.69,1.33
2022-04-03,5.05,5.0,11.13,8.0,72.79,31.0,2.82,3.87,5.82,7.34
2022-04-04,0.69,1.0,22.11,6.0,123.82,46.0,4.34,1.85,13.88,6.12
2022-04-05,1.95,1.0,12.26,5.0,47.47,16.0,0.05,0.08,6.27,1.43
2022-04-06,4.69,4.0,11.73,6.0,50.01,22.0,0.93,0.94,0.93,0.94
2022-04-07,19.1,4.0,34.1,7.0,83.79,22.0,18.9,3.8,19.17,4.25
2022-04-08,2.67,2.0,9.44,5.0,54.7,28.0,2.61,1.97,4.9,2.37
2022-04-09,21.77,6.0,23.86,7.0,122.82,43.0,6.92,2.58,10.15,3.57
2022-04-10,112.89,2.0,118.72,5.0,203.65,20.0,84.24,3.19,94.26,3.96
2022-04-11,4.43,1.0,10.07,3.0,80.7,10.0,2.06,0.47,9.29,1.55
2022-04-12,0.0,0.0,1.11,2.0,3.54,3.0,0.67,1.03,1.53,1.38
2022-04-13,0.67,1.0,33.81,10.0,247.06,44.0,4.04,2.5,25.62,5.41
2022-04-14,21.53,6.0,89.83,26.0,197.5,68.0,15.68,5.63,20.76,6.99
2022-04-15,3.86,4.0,42.86,15.0,147.15,77.0,16.11,4.71,69.16,36.73
2022-04-16,5.49,1.0,68.21,12.0,483.74,147.0,1.41,0.6,223.52,71.99
2022-04-17,1.2,1.0,217.29,38.0,454.85,100.0,60.01,10.7,111.22,13.87
2022-04-18,29.26,6.0,264.95,37.0,865.56,145.0,45.33,5.85,170.32,20.09
2022-04-19,244.4,20.0,405.56,44.0,858.66,193.0,166.5,16.53,207.64,26.61
2022-04-20,141.0,3.0,149.67,5.0,395.62,94.0,92.06,1.66,92.76,1.85
2022-04-21,0.0,0.0,4.52,1.0,18.86,9.0,0.0,0.0,3.21,1.82
2022-04-22,6.23,2.0,100.72,34.0,352.8,118.0,16.33,6.0,65.78,21.16
2022-04-23,127.77,22.0,434.62,67.0,1356.88,257.0,194.42,26.45,469.55,69.35
2022-04-24,75.45,13.0,574.68,74.0,3909.3,494.0,384.87,49.08,2041.3,192.82
2022-04-25,15.43,5.0,343.14,59.0,1173.9,209.0,208.2,31.24,385.27,56.86
2022-04-26,7.95,2.0,221.42,45.0,1342.17,228.0,108.17,21.72,786.29,106.49
2022-04-27,287.4,42.0,1605.91,213.0,4747.33,658.0,1262.56,163.47,3618.7,464.13
2022-04-28,207.3,43.0,1843.97,292.0,5323.92,850.0,1472.55,222.51,3597.39,549.96
2022-04-29,153.83,31.0,1997.45,235.0,6683.38,820.0,1588.13,174.64,4843.4,530.09
2022-04-30,237.16,28.0,1953.12,246.0,6350.15,758.0,991.24,123.96,2279.81,263.69
2022-05-01,1.53,1.0,187.04,25.0,866.96,149.0,0.07,0.02,32.75,8.89
2022-05-02,54.99,14.0,404.44,72.0,1187.84,215.0,19.8,4.11,95.41,20.94
2022-05-03,0.0,0.0,10.77,4.0,281.2,70.0,0.0,0.0,20.25,4.63
2022-05-04,0.0,0.0,85.98,14.0,773.92,119.0,0.3,0.12,52.99,11.85
2022-05-05,0.0,0.0,287.55,55.0,907.87,172.0,197.88,37.96,686.54,123.66
2022-05-06,0.0,0.0,0.64,1.0,87.95,25.0,0.4,0.63,10.47,1.24
2022-05-07,17.04,5.0,346.96,72.0,1617.18,302.0,19.24,6.65,131.66,36.25
2022-05-08,84.04,19.0,278.58,71.0,1071.17,268.0,65.4,13.27,80.54,16.03
2022-05-09,1.24,1.0,51.78,11.0,184.56,51.0,8.02,1.78,21.05,6.73
2022-05-10,12.61,5.0,96.31,21.0,354.39,88.0,2.45,0.7,40.44,12.01
2022-05-11,23.83,7.0,39.01,12.0,172.52,50.0,9.33,2.1,49.79,12.77
2022-05-12,15.42,2.0,77.78,12.0,475.0,93.0,11.73,1.27,12.02,1.37
2022-05-13,13.4,3.0,86.89,20.0,398.13,89.0,16.17,3.87,34.14,7.39
2022-05-14,25.23,6.0,98.63,22.0,391.54,78.0,81.43,17.95,320.65,63.49
2022-05-15,3.57,1.0,74.27,13.0,212.88,24.0,39.64,7.32,95.36,11.42
2022-05-16,13.72,3.0,27.65,5.0,57.31,15.0,8.99,1.82,20.2,4.69
2022-05-17,0.0,0.0,0.0,0.0,25.8,6.0,0.0,0.0,3.49,0.68
2022-05-18,0.0,0.0,11.32,3.0,44.51,13.0,6.49,1.76,11.01,4.27
2022-05-19,0.0,0.0,3.16,1.0,96.13,24.0,0.0,0.0,1.44,0.46
2022-05-20,0.0,0.0,18.51,3.0,73.99,18.0,0.0,0.0,7.04,1.71
2022-05-21,1.29,2.0,19.63,4.0,126.93,29.0,6.5,1.13,21.64,3.03
2022-05-22,1.98,2.0,1.98,2.0,27.99,9.0,0.0,0.0,10.61,3.18
2022-05-23,0.0,0.0,0.0,0.0,0.0,0.0,0.0,0.0,0.0,0.0
2022-05-24,0.33,1.0,0.33,1.0,0.33,1.0,0.0,0.0,0.0,0.0
2022-05-25,0.87,2.0,3.82,4.0,3.82,4.0,1.4,1.98,1.4,1.98
2022-05-26,0.0,0.0,0.0,0.0,20.16,4.0,0.0,0.0,4.51,0.71
2022-05-27,6.15,2.0,6.15,2.0,14.23,7.0,0.66,0.16,4.44,2.26
2022-05-28,0.0,0.0,0.0,0.0,43.93,7.0,0.0,0.0,26.95,2.61
2022-05-29,0.0,0.0,0.0,0.0,18.43,2.0,0.0,0.0,0.12,0.01
2022-05-30,0.0,0.0,0.0,0.0,14.17,2.0,0.0,0.0,0.0,0.0
2022-05-31,2.32,2.0,2.32,2.0,11.54,7.0,0.84,0.72,8.69,4.04
2022-06-01,2.35,1.0,7.79,3.0,11.23,4.0,0.0,0.0,0.0,0.0
2022-06-02,0.0,0.0,0.0,0.0,16.81,7.0,0.0,0.0,0.35,0.09
2022-06-03,0.0,0.0,5.49,1.0,167.33,20.0,3.26,0.59,49.71,1.66
2022-06-04,0.0,0.0,17.4,3.0,192.74,31.0,13.25,1.99,16.98,2.74
2022-06-05,5.45,1.0,55.83,5.0,150.95,25.0,4.54,0.7,15.57,1.97
2022-06-06,13.72,3.0,27.76,6.0,343.77,32.0,5.72,2.24,14.88,3.59
2022-06-07,0.0,0.0,5.83,1.0,50.68,12.0,0.0,0.0,0.0,0.0
2022-06-08,5.44,1.0,29.18,4.0,71.82,17.0,13.58,2.25,14.21,2.48
2022-06-09,4.32,3.0,4.32,3.0,31.99,13.0,2.72,1.98,13.07,5.11
2022-06-10,0.0,0.0,0.0,0.0,32.56,7.0,0.0,0.0,3.5,0.56
2022-06-11,16.43,3.0,29.92,6.0,120.48,28.0,15.09,2.7,17.76,3.78
2022-06-12,14.82,2.0,19.3,3.0,111.83,31.0,8.58,1.16,9.08,1.36
2022-06-13,0.0,0.0,7.34,2.0,37.45,10.0,3.94,0.89,13.31,2.85
2022-06-14,0.0,0.0,0.0,0.0,15.88,3.0,0.0,0.0,0.0,0.0
2022-06-15,0.0,0.0,5.5,2.0,27.06,7.0,0.23,0.35,0.27,0.37
2022-06-16,0.0,0.0,41.49,6.0,120.01,30.0,1.53,0.11,5.87,1.11
2022-06-17,0.0,0.0,0.0,0.0,13.28,3.0,0.0,0.0,0.0,0.0
2022-06-18,0.0,0.0,0.0,0.0,0.0,0.0,0.0,0.0,0.0,0.0
2022-06-19,1.82,1.0,1.82,1.0,3.12,2.0,0.0,0.0,0.09,0.07
2022-06-20,0.0,0.0,0.0,0.0,0.0,0.0,0.0,0.0,0.0,0.0
2022-06-21,0.75,1.0,0.75,1.0,0.75,1.0,0.0,0.0,0.0,0.0
2022-06-22,2.48,2.0,3.31,3.0,9.65,5.0,0.51,0.79,0.51,0.79
2022-06-23,0.84,1.0,0.84,1.0,32.56,5.0,0.84,1.0,0.84,1.0
2022-06-24,0.51,1.0,12.64,4.0,66.94,13.0,7.5,1.5,15.55,3.29
2022-06-25,1.86,1.0,1.86,1.0,15.98,5.0,0.0,0.0,12.61,3.62
2022-06-26,0.75,1.0,0.75,1.0,3.05,2.0,0.0,0.0,1.75,0.76
2022-06-27,3.0,3.0,3.0,3.0,10.81,7.0,0.99,0.99,5.56,3.07
2022-06-28,0.0,0.0,0.61,1.0,0.61,1.0,0.0,0.0,0.0,0.0
2022-06-29,0.0,0.0,0.0,0.0,1.4,1.0,0.0,0.0,0.0,0.0
2022-06-30,0.0,0.0,0.0,0.0,0.0,0.0,0.0,0.0,0.0,0.0
2022-07-01,0.0,0.0,0.0,0.0,0.0,0.0,0.0,0.0,0.0,0.0
2022-07-02,0.0,0.0,0.0,0.0,0.0,0.0,0.0,0.0,0.0,0.0
2022-07-03,0.0,0.0,0.0,0.0,11.55,3.0,0.0,0.0,0.77,0.25
2022-07-04,0.0,0.0,0.0,0.0,3.86,1.0,0.0,0.0,3.2,0.83
2022-07-05,0.0,0.0,0.0,0.0,17.63,5.0,0.0,0.0,1.91,0.92
2022-07-06,0.0,0.0,0.0,0.0,0.0,0.0,0.0,0.0,0.0,0.0
2022-07-07,0.0,0.0,0.0,0.0,0.0,0.0,0.0,0.0,0.0,0.0
2022-07-08,0.35,1.0,5.08,2.0,10.18,3.0,4.01,0.85,7.35,1.5
2022-07-09,0.0,0.0,0.0,0.0,0.0,0.0,0.0,0.0,0.0,0.0
2022-07-10,0.0,0.0,0.0,0.0,0.0,0.0,0.0,0.0,0.0,0.0
2022-07-11,0.0,0.0,0.0,0.0,123.81,15.0,0.0,0.0,45.02,5.5
2022-07-12,0.57,1.0,0.57,1.0,2.14,3.0,0.0,0.0,0.0,0.0
2022-07-13,0.0,0.0,0.0,0.0,0.0,0.0,0.0,0.0,0.0,0.0
2022-07-14,0.0,0.0,0.0,0.0,12.97,4.0,0.0,0.0,5.93,2.54
2022-07-15,5.89,2.0,5.89,2.0,10.13,4.0,0.0,0.0,3.87,1.82
2022-07-16,0.0,0.0,0.0,0.0,0.0,0.0,0.0,0.0,0.0,0.0
2022-07-17,0.0,0.0,0.0,0.0,3.85,1.0,0.0,0.0,0.0,0.0
2022-07-18,5.44,2.0,5.44,2.0,13.92,4.0,0.0,0.0,2.97,0.71
2022-07-19,0.92,2.0,1.7,3.0,1.7,3.0,0.44,0.57,0.44,0.57
2022-07-20,0.0,0.0,0.0,0.0,0.78,1.0,0.0,0.0,0.0,0.0
2022-07-21,0.0,0.0,0.0,0.0,0.0,0.0,0.0,0.0,0.0,0.0
2022-07-22,0.0,0.0,0.0,0.0,0.0,0.0,0.0,0.0,0.0,0.0
2022-07-23,0.0,0.0,0.0,0.0,0.0,0.0,0.0,0.0,0.0,0.0
2022-07-24,2.42,2.0,2.42,2.0,2.42,2.0,0.0,0.0,0.0,0.0
2022-07-25,3.25,1.0,3.25,1.0,3.82,2.0,0.08,0.03,0.08,0.03
2022-07-26,0.0,0.0,18.82,2.0,18.82,2.0,0.0,0.0,0.0,0.0
2022-07-27,0.0,0.0,0.0,0.0,0.0,0.0,0.0,0.0,0.0,0.0
2022-07-28,0.0,0.0,0.0,0.0,0.0,0.0,0.0,0.0,0.0,0.0
2022-07-29,0.0,0.0,0.0,0.0,0.0,0.0,0.0,0.0,0.0,0.0
2022-07-30,0.0,0.0,0.0,0.0,0.0,0.0,0.0,0.0,0.0,0.0
2022-07-31,0.0,0.0,0.0,0.0,0.0,0.0,0.0,0.0,0.0,0.0
2022-08-01,0.0,0.0,0.0,0.0,0.0,0.0,0.0,0.0,0.0,0.0
2022-08-02,0.0,0.0,0.0,0.0,0.0,0.0,0.0,0.0,0.0,0.0
2022-08-03,0.0,0.0,0.0,0.0,0.0,0.0,0.0,0.0,0.0,0.0
2022-08-04,0.0,0.0,0.0,0.0,0.0,0.0,0.0,0.0,0.0,0.0
2022-08-05,0.0,0.0,0.0,0.0,0.0,0.0,0.0,0.0,0.0,0.0
2022-08-06,0.0,0.0,0.0,0.0,0.0,0.0,0.0,0.0,0.0,0.0
2022-08-07,0.0,0.0,0.0,0.0,0.0,0.0,0.0,0.0,0.0,0.0
2022-08-08,0.0,0.0,0.0,0.0,0.0,0.0,0.0,0.0,0.0,0.0
2022-08-09,0.0,0.0,0.0,0.0,0.0,0.0,0.0,0.0,0.0,0.0
2022-08-10,0.0,0.0,0.0,0.0,0.0,0.0,0.0,0.0,0.0,0.0
2022-08-11,0.52,1.0,0.52,1.0,0.52,1.0,0.02,0.04,0.02,0.04
2022-08-12,2.95,1.0,2.95,1.0,2.95,1.0,0.0,0.0,0.0,0.0
2022-08-13,0.0,0.0,0.0,0.0,2.16,1.0,0.0,0.0,0.0,0.0
2022-08-14,0.0,0.0,0.0,0.0,0.0,0.0,0.0,0.0,0.0,0.0
2022-08-15,0.0,0.0,0.0,0.0,0.0,0.0,0.0,0.0,0.0,0.0
2022-08-16,1.43,1.0,1.43,1.0,1.43,1.0,0.0,0.0,0.0,0.0
2022-08-17,0.0,0.0,0.0,0.0,1.71,1.0,0.0,0.0,0.0,0.0
2022-08-18,0.0,0.0,1.62,1.0,1.62,1.0,0.0,0.0,0.0,0.0
2022-08-19,0.0,0.0,0.0,0.0,0.0,0.0,0.0,0.0,0.0,0.0
2022-08-20,0.0,0.0,0.0,0.0,0.0,0.0,0.0,0.0,0.0,0.0
2022-08-21,0.0,0.0,0.0,0.0,0.0,0.0,0.0,0.0,0.0,0.0
2022-08-22,1.47,2.0,1.47,2.0,2.52,3.0,0.0,0.0,0.0,0.0
2022-08-23,0.0,0.0,0.0,0.0,0.0,0.0,0.0,0.0,0.0,0.0
2022-08-24,0.0,0.0,0.0,0.0,0.0,0.0,0.0,0.0,0.0,0.0
2022-08-25,5.66,2.0,5.66,2.0,5.66,2.0,0.7,0.24,0.7,0.24
2022-08-26,2.9,1.0,2.9,1.0,4.17,2.0,2.52,0.87,2.68,0.99
2022-08-27,0.0,0.0,4.05,1.0,18.01,4.0,1.73,0.43,6.01,1.34
2022-08-28,0.0,0.0,0.0,0.0,0.0,0.0,0.0,0.0,0.0,0.0
2022-08-29,1.88,1.0,1.88,1.0,3.84,2.0,0.0,0.0,0.0,0.0
2022-08-30,1.8,3.0,1.8,3.0,4.47,5.0,0.91,1.51,0.91,1.51
2022-08-31,0.0,0.0,0.0,0.0,0.0,0.0,0.0,0.0,0.0,0.0
2022-09-01,0.0,0.0,0.0,0.0,0.0,0.0,0.0,0.0,0.0,0.0
2022-09-02,0.0,0.0,0.0,0.0,0.0,0.0,0.0,0.0,0.0,0.0
2022-09-03,0.0,0.0,1.31,1.0,1.31,1.0,0.43,0.33,0.43,0.33
2022-09-04,3.82,3.0,3.82,3.0,5.63,4.0,2.96,2.21,3.08,2.28
2022-09-05,3.46,3.0,6.48,4.0,11.77,7.0,1.02,1.02,1.25,1.1
2022-09-06,1.48,1.0,1.48,1.0,1.48,1.0,1.45,0.98,1.45,0.98
2022-09-07,1.84,2.0,2.94,3.0,6.63,4.0,1.08,0.99,4.58,1.93
2022-09-08,0.0,0.0,0.0,0.0,0.0,0.0,0.0,0.0,0.0,0.0
2022-09-09,2.68,2.0,2.68,2.0,2.68,2.0,0.0,0.0,0.0,0.0
2022-09-10,0.6,1.0,0.6,1.0,23.31,8.0,0.0,0.0,0.0,0.0
2022-09-11,0.0,0.0,0.0,0.0,0.0,0.0,0.0,0.0,0.0,0.0
2022-09-12,0.0,0.0,0.0,0.0,9.77,2.0,0.0,0.0,0.01,0.0
2022-09-13,0.0,0.0,0.0,0.0,0.0,0.0,0.0,0.0,0.0,0.0
2022-09-14,0.0,0.0,0.0,0.0,0.0,0.0,0.0,0.0,0.0,0.0
2022-09-15,0.0,0.0,0.0,0.0,0.0,0.0,0.0,0.0,0.0,0.0
2022-09-16,0.83,1.0,0.83,1.0,0.83,1.0,0.0,0.0,0.0,0.0
2022-09-17,1.51,1.0,1.51,1.0,1.51,1.0,0.0,0.0,0.0,0.0
2022-09-18,0.0,0.0,0.0,0.0,3.68,1.0,0.0,0.0,1.8,0.49
2022-09-19,0.0,0.0,0.0,0.0,0.0,0.0,0.0,0.0,0.0,0.0
2022-09-20,0.0,0.0,0.0,0.0,0.0,0.0,0.0,0.0,0.0,0.0
2022-09-21,0.0,0.0,0.81,1.0,0.81,1.0,0.0,0.0,0.0,0.0
2022-09-22,0.0,0.0,0.0,0.0,0.0,0.0,0.0,0.0,0.0,0.0
2022-09-23,0.0,0.0,0.0,0.0,0.0,0.0,0.0,0.0,0.0,0.0
2022-09-24,0.0,0.0,0.0,0.0,0.0,0.0,0.0,0.0,0.0,0.0
2022-09-25,0.0,0.0,0.69,1.0,0.69,1.0,0.34,0.49,0.34,0.49
2022-09-26,0.98,1.0,0.98,1.0,0.98,1.0,0.0,0.0,0.0,0.0
2022-09-27,2.8,1.0,5.89,3.0,13.3,6.0,0.38,0.14,5.55,1.46
2022-09-28,0.44,1.0,0.44,1.0,1.83,3.0,0.38,0.86,1.37,1.76
2022-09-29,0.0,0.0,1.64,1.0,1.64,1.0,0.0,0.0,0.0,0.0
2022-09-30,2.68,4.0,2.68,4.0,7.1,6.0,0.9,1.46,2.69,2.43
2022-10-01,2.19,2.0,2.91,3.0,14.54,8.0,2.34,2.62,6.93,3.35
2022-10-02,2.53,2.0,14.48,6.0,63.0,21.0,6.1,2.51,33.59,11.1
2022-10-03,0.0,0.0,15.93,4.0,37.3,9.0,9.71,2.27,17.81,3.83
2022-10-04,1.33,3.0,1.33,3.0,33.55,15.0,0.18,0.41,15.95,6.35
2022-10-05,0.0,0.0,1.28,1.0,76.41,25.0,0.0,0.0,0.15,0.06
2022-10-06,0.0,0.0,3.32,1.0,122.88,27.0,0.0,0.0,0.0,0.0
2022-10-07,0.0,0.0,0.0,0.0,27.86,10.0,0.0,0.0,0.0,0.0
2022-10-08,0.0,0.0,0.0,0.0,0.0,0.0,0.0,0.0,0.0,0.0
2022-10-09,0.0,0.0,0.0,0.0,0.0,0.0,0.0,0.0,0.0,0.0
2022-10-10,0.0,0.0,0.0,0.0,9.51,2.0,0.0,0.0,0.0,0.0
2022-10-11,0.41,1.0,0.41,1.0,1.93,3.0,0.33,0.79,1.8,2.73
2022-10-12,0.43,1.0,0.43,1.0,8.79,5.0,0.27,0.62,8.07,4.36
2022-10-13,19.78,6.0,23.53,7.0,143.49,33.0,14.28,4.79,118.95,27.3
2022-10-14,0.92,1.0,0.92,1.0,155.65,37.0,0.0,0.0,131.25,29.61
2022-10-15,0.39,1.0,0.39,1.0,158.83,51.0,0.37,0.96,121.44,37.77
2022-10-16,2.88,3.0,6.05,4.0,505.34,100.0,2.6,1.5,364.67,67.42
2022-10-17,2.82,5.0,24.84,10.0,676.05,118.0,4.51,3.51,296.13,51.1
2022-10-18,4.15,3.0,34.87,15.0,827.67,208.0,1.64,0.86,45.56,12.75
2022-10-19,15.12,4.0,26.82,8.0,593.77,134.0,7.84,2.59,10.83,3.38
2022-10-20,0.0,0.0,19.36,6.0,372.22,94.0,8.64,1.9,8.64,1.9
2022-10-21,1.2,2.0,6.11,4.0,520.09,130.0,0.04,0.05,265.61,63.13
2022-10-22,0.0,0.0,32.49,12.0,1111.86,209.0,8.01,4.44,981.38,178.84
2022-10-23,5.14,5.0,129.54,42.0,1694.49,394.0,22.13,8.22,1412.05,308.55
2022-10-24,21.51,7.0,165.8,48.0,2204.69,417.0,40.93,13.38,1712.24,289.93
2022-10-25,5.86,1.0,67.14,15.0,1062.24,160.0,0.0,0.0,618.22,84.68
2022-10-26,0.0,0.0,51.46,10.0,1116.35,206.0,32.49,6.37,1007.38,184.93
2022-10-27,10.87,1.0,36.16,8.0,1357.47,220.0,6.78,2.29,1062.3,159.74
2022-10-28,2.89,1.0,29.42,10.0,1693.69,306.0,1.83,0.63,1233.47,221.16
2022-10-29,16.45,4.0,40.41,13.0,1798.71,329.0,12.11,3.45,1558.55,266.03
2022-10-30,2.37,1.0,27.84,8.0,1514.99,253.0,4.79,0.99,1179.47,185.0
2022-10-31,0.0,0.0,32.92,7.0,1029.62,166.0,0.0,0.0,340.07,47.69
2022-11-01,19.72,3.0,34.25,7.0,1861.68,234.0,17.33,3.01,18.0,3.23
2022-11-02,8.09,2.0,32.03,7.0,2430.04,330.0,5.53,2.75,2229.91,290.4
2022-11-03,16.76,7.0,58.38,19.0,2043.54,311.0,20.03,7.37,1886.6,267.91
2022-11-04,3.59,1.0,34.37,7.0,733.14,140.0,3.48,0.51,34.62,10.19
2022-11-05,0.64,1.0,8.13,4.0,1931.9,274.0,3.23,0.91,18.58,5.07
2022-11-06,0.0,0.0,5.59,2.0,341.85,74.0,1.82,0.73,1.82,0.73
2022-11-07,1.34,2.0,48.75,11.0,542.34,85.0,8.4,2.64,267.18,40.9
2022-11-08,0.8,1.0,27.03,9.0,102.1,31.0,0.0,0.0,30.51,6.89
2022-11-09,1.89,1.0,41.78,12.0,451.76,81.0,32.47,7.94,377.27,66.58
2022-11-10,0.0,0.0,11.67,4.0,309.19,54.0,0.36,0.14,265.01,43.4
2022-11-11,1.85,2.0,60.64,13.0,1019.05,177.0,20.0,5.61,804.73,132.64
2022-11-12,2.21,3.0,54.55,15.0,794.18,136.0,41.0,7.29,674.18,107.48
2022-11-13,7.79,3.0,106.59,36.0,606.89,159.0,46.53,15.5,209.8,59.5
2022-11-14,0.0,0.0,53.02,17.0,143.16,40.0,5.07,2.36,30.15,10.64
2022-11-15,3.58,2.0,21.98,8.0,120.82,42.0,8.36,2.67,65.59,24.41
2022-11-16,12.0,6.0,66.42,17.0,302.89,61.0,49.92,9.82,255.72,42.24
2022-11-17,2.22,1.0,32.98,7.0,357.24,47.0,22.3,2.69,296.16,31.3
2022-11-18,14.04,7.0,117.71,35.0,475.36,110.0,88.37,24.55,362.48,80.27
2022-11-19,12.56,6.0,110.59,35.0,377.76,100.0,45.95,13.79,260.65,61.48
2022-11-20,1.3,2.0,35.9,13.0,198.57,55.0,13.9,4.8,119.06,30.6
2022-11-21,3.63,1.0,21.04,6.0,77.83,22.0,10.01,3.31,51.81,14.6
2022-11-22,10.16,4.0,33.36,11.0,118.28,41.0,28.73,9.3,93.71,31.35
2022-11-23,18.42,10.0,137.62,30.0,212.28,51.0,61.85,15.2,104.75,24.38
2022-11-24,13.45,7.0,111.71,39.0,278.78,87.0,37.22,12.73,118.11,35.74
2022-11-25,7.35,2.0,79.91,22.0,229.21,65.0,34.16,10.24,93.08,23.63
2022-11-26,5.76,2.0,34.61,9.0,74.18,21.0,12.6,2.59,18.83,5.25
2022-11-27,5.06,2.0,47.75,17.0,144.33,48.0,13.83,6.99,43.33,16.85
2022-11-28,15.07,5.0,58.78,14.0,160.23,36.0,9.99,3.05,62.44,15.0
2022-11-29,32.67,9.0,140.94,38.0,228.09,69.0,22.59,9.27,49.64,18.96
2022-11-30,37.41,12.0,168.85,56.0,338.37,117.0,46.98,15.57,112.08,31.2
2022-12-01,11.97,4.0,79.26,28.0,187.91,57.0,13.32,4.28,35.59,9.64
2022-12-02,13.41,7.0,55.7,12.0,98.87,31.0,41.8,6.07,46.88,8.34
2022-12-03,0.77,1.0,62.44,26.0,132.39,54.0,5.26,2.37,8.29,3.66
2022-12-04,24.01,4.0,127.42,37.0,221.52,68.0,37.05,10.92,57.67,17.29
2022-12-05,14.82,6.0,164.03,62.0,327.73,122.0,47.46,17.65,78.41,26.06
2022-12-06,18.61,4.0,67.62,17.0,214.05,44.0,12.21,3.59,117.33,15.78
2022-12-07,9.71,4.0,58.44,19.0,141.72,42.0,20.29,5.59,47.11,12.83
2022-12-08,13.65,6.0,52.18,22.0,109.91,39.0,11.42,5.75,19.42,9.41
2022-12-09,9.55,7.0,71.0,28.0,152.48,49.0,25.32,12.26,58.94,19.61
2022-12-10,17.11,9.0,197.39,54.0,337.46,106.0,86.0,17.67,124.28,31.44
2022-12-11,50.28,17.0,169.61,56.0,353.38,116.0,35.34,10.61,85.05,24.32
2022-12-12,21.24,2.0,105.14,27.0,279.11,66.0,41.04,13.0,117.33,25.92
2022-12-13,3.63,2.0,30.15,13.0,237.39,54.0,6.95,3.69,101.44,17.95
2022-12-14,16.91,4.0,34.71,11.0,79.46,21.0,7.04,2.47,27.79,6.37
2022-12-15,7.29,10.0,128.53,36.0,280.11,77.0,56.5,15.2,85.45,22.13
2022-12-16,35.61,16.0,132.07,53.0,322.21,111.0,27.5,12.83,55.76,18.87
2022-12-17,12.67,5.0,93.75,34.0,230.98,74.0,10.48,3.54,43.41,11.88
2022-12-18,9.09,5.0,38.51,19.0,139.68,47.0,7.1,4.02,63.92,13.36
2022-12-19,12.0,6.0,59.79,20.0,115.27,45.0,13.26,3.91,25.37,8.82
2022-12-20,68.01,17.0,119.42,31.0,126.86,34.0,17.69,6.83,20.79,8.34
2022-12-21,49.95,15.0,143.4,56.0,238.68,91.0,58.98,24.91,96.0,41.93
2022-12-22,0.0,0.0,43.26,14.0,126.67,41.0,10.59,3.78,36.11,12.39
2022-12-23,14.62,4.0,48.82,16.0,85.1,25.0,34.16,12.32,42.85,14.89
2022-12-24,3.33,1.0,40.39,14.0,89.82,29.0,11.42,4.04,31.56,10.69
2022-12-25,33.5,10.0,53.57,16.0,97.05,25.0,6.61,2.77,12.05,4.51
2022-12-26,8.78,4.0,54.68,21.0,108.27,42.0,9.33,3.45,21.21,8.96
2022-12-27,9.53,2.0,22.65,8.0,55.0,16.0,3.54,1.28,8.74,2.84
2022-12-28,4.33,2.0,18.91,5.0,105.13,16.0,9.45,1.71,57.45,6.22
2022-12-29,0.0,0.0,9.64,4.0,9.64,4.0,2.01,0.8,2.01,0.8
2022-12-30,0.0,0.0,8.76,2.0,37.76,10.0,0.0,0.0,0.13,0.03
2022-12-31,10.08,5.0,44.81,19.0,78.06,30.0,10.34,4.97,17.95,8.31
2023-01-01,15.64,3.0,31.88,7.0,33.81,8.0,13.98,2.66,15.65,3.53
2023-01-02,0.0,0.0,11.36,5.0,20.75,8.0,0.58,0.73,0.58,0.73
2023-01-03,0.0,0.0,0.0,0.0,1.1,1.0,0.0,0.0,0.0,0.0
2023-01-04,2.1,1.0,7.16,5.0,17.27,10.0,1.33,1.05,7.83,4.23
2023-01-05,0.0,0.0,8.66,3.0,8.66,3.0,6.66,2.44,6.66,2.44
2023-01-06,19.61,7.0,33.54,12.0,53.87,18.0,2.74,0.95,5.79,2.8
2023-01-07,10.92,3.0,26.63,7.0,33.52,8.0,8.4,2.02,8.4,2.02
2023-01-08,0.0,0.0,0.0,0.0,0.0,0.0,0.0,0.0,0.0,0.0
2023-01-09,0.0,0.0,0.0,0.0,8.02,2.0,0.0,0.0,0.0,0.0
2023-01-10,0.0,0.0,10.66,4.0,26.35,8.0,10.18,3.85,10.18,3.85
2023-01-11,15.8,3.0,40.15,11.0,47.28,12.0,1.19,0.3,1.19,0.3
2023-01-12,14.56,4.0,33.49,11.0,193.87,47.0,3.69,0.81,21.35,6.74
2023-01-13,0.0,0.0,4.64,1.0,9.77,2.0,0.0,0.0,3.86,0.75
2023-01-14,0.0,0.0,18.62,3.0,18.62,3.0,14.45,2.37,14.45,2.37
2023-01-15,4.95,2.0,47.66,13.0,153.41,23.0,16.65,5.96,19.5,6.58
2023-01-16,17.02,3.0,64.25,23.0,109.39,37.0,17.32,7.98,30.58,13.05
2023-01-17,41.19,9.0,86.35,23.0,154.72,47.0,31.46,7.73,55.07,16.55
2023-01-18,13.54,5.0,72.94,22.0,147.93,40.0,25.41,6.39,41.31,10.35
2023-01-19,23.38,9.0,39.19,15.0,51.3,18.0,22.3,7.79,29.38,9.4
2023-01-20,8.51,4.0,22.16,9.0,44.38,16.0,2.05,1.26,3.23,1.63
2023-01-21,13.04,6.0,69.47,22.0,142.33,44.0,37.3,12.1,73.14,21.6
2023-01-22,34.1,16.0,128.38,49.0,259.3,92.0,75.78,27.13,154.71,51.72
2023-01-23,23.56,7.0,97.47,25.0,196.38,50.0,58.34,16.76,107.86,29.48
2023-01-24,0.0,0.0,8.15,2.0,8.97,3.0,0.0,0.0,0.0,0.0
2023-01-25,0.75,1.0,1.38,2.0,5.48,4.0,1.12,1.62,2.15,2.18
2023-01-26,28.0,4.0,28.0,4.0,34.46,7.0,0.0,0.0,0.58,0.9
2023-01-27,10.78,7.0,64.11,22.0,137.56,45.0,15.86,7.83,28.81,12.18
2023-01-28,2.73,1.0,36.0,13.0,120.77,41.0,3.29,1.74,21.34,6.65
2023-01-29,0.0,0.0,0.0,0.0,0.0,0.0,0.0,0.0,0.0,0.0
2023-01-30,0.0,0.0,0.0,0.0,0.0,0.0,0.0,0.0,0.0,0.0
2023-01-31,0.0,0.0,0.0,0.0,20.58,5.0,0.0,0.0,2.08,0.54
2023-02-01,1.04,2.0,29.44,10.0,77.95,22.0,8.77,3.64,13.19,4.32
2023-02-02,1.44,3.0,54.47,20.0,121.13,45.0,4.26,2.46,12.32,6.19
2023-02-03,10.14,5.0,79.95,18.0,107.57,28.0,7.51,2.77,17.44,5.63
2023-02-04,11.14,5.0,63.83,17.0,114.2,34.0,28.62,6.07,36.6,8.51
2023-02-05,6.29,4.0,79.21,26.0,135.06,47.0,22.56,5.27,22.8,5.44
2023-02-06,24.11,7.0,72.51,23.0,183.3,53.0,15.22,4.27,37.43,11.18
2023-02-07,12.28,7.0,77.73,32.0,209.58,69.0,26.76,7.63,59.48,15.61
2023-02-08,16.53,4.0,30.71,8.0,185.76,31.0,14.7,4.19,38.86,7.74
2023-02-09,11.39,5.0,46.48,16.0,153.2,33.0,0.0,0.0,1.19,0.41
2023-02-10,2.64,1.0,36.84,11.0,65.07,21.0,0.45,0.19,1.4,0.76
2023-02-11,26.11,8.0,70.18,21.0,193.37,40.0,19.76,6.48,48.61,14.74
2023-02-12,21.44,9.0,76.52,29.0,291.53,90.0,17.39,8.48,55.25,19.05
2023-02-13,16.03,6.0,158.53,33.0,598.01,98.0,44.26,11.41,104.64,17.37
2023-02-14,12.08,3.0,28.97,7.0,195.26,33.0,3.95,0.87,24.55,6.09
2023-02-15,3.44,2.0,17.57,6.0,49.18,16.0,4.34,1.07,9.92,3.22
2023-02-16,1.89,1.0,24.77,8.0,98.37,23.0,16.45,5.39,41.83,10.2
2023-02-17,4.02,3.0,19.38,6.0,44.13,13.0,3.84,2.11,12.66,5.0
2023-02-18,30.1,11.0,104.67,33.0,232.48,73.0,20.43,7.45,52.28,15.11
2023-02-19,13.33,6.0,47.52,15.0,96.62,31.0,14.0,4.44,23.55,7.53
2023-02-20,3.45,1.0,21.02,6.0,33.35,10.0,2.36,0.89,5.3,2.29
2023-02-21,0.26,1.0,22.74,7.0,47.27,17.0,10.63,1.74,10.96,1.91
2023-02-22,10.91,8.0,19.55,11.0,101.08,30.0,7.84,3.8,24.37,6.9
2023-02-23,13.73,7.0,70.69,23.0,241.4,69.0,18.88,4.67,111.58,26.71
2023-02-24,25.14,8.0,89.11,20.0,241.01,50.0,5.02,2.26,33.64,6.28
2023-02-25,4.32,3.0,16.14,10.0,95.92,30.0,6.99,4.58,25.77,11.43
2023-02-26,17.84,2.0,20.46,3.0,79.79,20.0,2.24,0.85,25.73,6.83
2023-02-27,1.01,2.0,33.86,11.0,75.87,23.0,6.2,2.74,23.02,7.79
2023-02-28,6.69,2.0,33.34,11.0,168.17,48.0,7.16,2.96,76.39,21.87
2023-03-01,0.57,1.0,49.61,7.0,176.4,39.0,36.18,4.02,83.0,17.22
2023-03-02,5.84,4.0,24.14,9.0,99.93,28.0,9.76,5.12,19.17,7.77
2023-03-03,4.86,2.0,16.49,5.0,151.11,37.0,5.03,1.44,6.18,1.8
2023-03-04,2.46,2.0,2.46,2.0,90.53,20.0,0.0,0.0,3.67,1.3
2023-03-05,2.14,5.0,48.28,13.0,157.27,49.0,4.64,2.28,19.41,7.35
2023-03-06,9.59,5.0,42.22,12.0,227.1,49.0,1.52,0.61,35.4,5.61
2023-03-07,27.69,12.0,46.39,21.0,122.36,45.0,25.87,10.32,33.47,13.63
2023-03-08,0.57,1.0,19.85,6.0,54.63,13.0,2.64,1.69,5.35,2.46
2023-03-09,0.48,1.0,22.67,6.0,41.63,14.0,13.73,2.34,13.73,2.34
2023-03-10,0.3,1.0,26.04,8.0,76.38,23.0,1.74,1.66,17.89,5.02
2023-03-11,8.0,6.0,46.89,16.0,196.97,60.0,21.88,6.65,55.85,15.64
2023-03-12,0.0,0.0,21.46,4.0,79.35,19.0,1.46,0.58,10.68,2.64
2023-03-13,0.36,1.0,0.36,1.0,56.21,11.0,0.13,0.37,34.35,3.23
2023-03-14,0.48,1.0,0.48,1.0,50.03,14.0,0.47,0.97,4.91,2.21
2023-03-15,4.48,1.0,32.44,5.0,108.84,20.0,18.35,3.03,55.26,11.02
2023-03-16,6.85,4.0,11.14,6.0,53.05,32.0,0.65,0.23,0.65,0.23
2023-03-17,0.0,0.0,55.49,3.0,172.54,30.0,29.68,1.55,74.96,11.25
2023-03-18,0.0,0.0,2.89,1.0,2.89,1.0,2.77,0.96,2.77,0.96
2023-03-19,0.0,0.0,0.0,0.0,11.82,2.0,0.0,0.0,0.79,0.13
2023-03-20,0.0,0.0,0.0,0.0,3.32,1.0,0.0,0.0,0.0,0.0
2023-03-21,1.62,5.0,2.98,7.0,2.98,7.0,0.22,0.65,0.22,0.65
2023-03-22,0.56,1.0,4.85,2.0,47.8,12.0,3.37,0.79,12.82,2.94
2023-03-23,23.28,4.0,23.83,5.0,48.32,13.0,0.0,0.01,9.2,3.47
2023-03-24,0.0,0.0,17.32,3.0,17.91,4.0,0.0,0.0,0.0,0.0
2023-03-25,1.27,2.0,5.01,3.0,9.04,5.0,0.24,0.33,1.2,0.67
2023-03-26,3.26,7.0,6.27,8.0,40.34,16.0,4.01,3.89,24.57,8.5
2023-03-27,5.82,2.0,26.95,10.0,97.64,29.0,4.1,2.2,28.7,7.35
2023-03-28,1.39,2.0,12.21,5.0,46.52,14.0,3.2,0.97,8.09,3.31
2023-03-29,1.53,1.0,8.37,3.0,18.55,7.0,2.46,1.1,7.65,3.58
2023-03-30,5.06,1.0,9.32,3.0,22.4,6.0,3.22,1.51,9.65,3.05
2023-03-31,4.01,6.0,4.01,6.0,4.65,7.0,0.12,0.36,0.27,0.6
2023-04-01,0.0,0.0,0.62,1.0,11.86,6.0,0.0,0.0,0.0,0.0
2023-04-02,1.11,2.0,6.73,4.0,25.17,9.0,5.15,2.61,12.84,4.62
2023-04-03,1.86,3.0,1.86,3.0,21.92,9.0,0.0,0.0,15.36,4.17
2023-04-04,0.39,1.0,0.39,1.0,29.78,6.0,0.23,0.58,1.92,1.16
2023-04-05,0.0,0.0,9.85,2.0,35.86,10.0,6.55,1.33,8.82,2.02
2023-04-06,0.41,1.0,12.5,4.0,76.3,17.0,7.32,1.85,35.11,6.53
2023-04-07,16.87,3.0,20.49,5.0,61.38,19.0,12.96,2.62,14.18,3.6
2023-04-08,4.7,3.0,37.97,11.0,75.08,19.0,6.57,3.14,15.73,5.23
2023-04-09,1.13,2.0,31.56,11.0,86.31,24.0,5.05,2.07,5.32,2.15
2023-04-10,0.0,0.0,4.66,1.0,127.57,15.0,0.0,0.0,8.91,2.22
2023-04-11,3.06,1.0,15.02,5.0,27.52,13.0,0.5,1.01,0.56,1.1
2023-04-12,0.0,0.0,49.77,2.0,81.53,14.0,0.0,0.0,0.28,0.46
2023-04-13,4.39,1.0,77.96,5.0,128.29,16.0,0.0,0.0,24.96,1.92
2023-04-14,0.46,1.0,25.57,12.0,152.56,29.0,0.56,1.1,48.31,5.53
2023-04-15,26.03,6.0,83.77,20.0,189.9,49.0,15.94,2.98,20.64,4.56
2023-04-16,4.47,1.0,56.3,12.0,153.5,25.0,10.65,1.77,21.94,3.15
2023-04-17,12.73,3.0,60.43,11.0,247.73,70.0,10.17,1.51,18.99,3.26
2023-04-18,7.41,2.0,28.43,8.0,237.37,59.0,1.2,0.31,5.74,2.66
2023-04-19,16.34,4.0,116.23,21.0,136.19,26.0,1.01,0.66,1.38,0.73
2023-04-20,0.0,0.0,67.59,15.0,79.28,18.0,16.29,4.56,25.07,6.33
2023-04-21,0.0,0.0,103.32,21.0,172.13,38.0,6.28,1.15,43.31,12.18
2023-04-22,14.13,4.0,113.9,26.0,384.81,81.0,19.11,6.68,79.99,27.85
2023-04-23,3.98,2.0,13.38,7.0,47.05,23.0,0.92,0.59,12.16,6.13
2023-04-24,34.5,10.0,201.41,53.0,360.92,88.0,37.29,9.83,49.38,13.18
2023-04-25,21.57,10.0,130.17,41.0,326.75,104.0,22.57,9.64,102.86,33.18
2023-04-26,0.0,0.0,60.79,14.0,100.42,29.0,20.37,5.39,20.94,5.88
2023-04-27,65.59,13.0,487.81,95.0,995.89,199.0,10.49,1.98,83.07,34.48
2023-04-28,2.02,2.0,8.01,6.0,71.57,29.0,1.21,1.1,42.15,15.7
2023-04-29,0.0,0.0,2.95,1.0,2.95,1.0,0.01,0.0,0.01,0.0
2023-04-30,1.56,1.0,10.65,4.0,51.82,11.0,0.0,0.0,6.29,0.82
2023-05-01,0.0,0.0,0.0,0.0,0.0,0.0,0.0,0.0,0.0,0.0
2023-05-02,0.0,0.0,0.71,1.0,23.86,6.0,0.0,0.0,0.0,0.0
2023-05-03,2.64,3.0,74.15,20.0,102.24,28.0,3.57,1.48,3.68,1.5
2023-05-04,5.12,3.0,57.13,16.0,898.75,202.0,7.89,3.28,10.31,3.9
2023-05-05,1.13,2.0,207.73,32.0,2509.44,388.0,172.87,24.07,2181.39,335.52
2023-05-06,17.63,5.0,210.43,45.0,1230.74,254.0,107.9,22.73,779.66,162.34
2023-05-07,36.96,11.0,586.98,123.0,2609.27,450.0,30.26,8.4,42.92,11.24
2023-05-08,3.66,3.0,627.38,120.0,2526.14,399.0,15.69,2.77,29.6,7.15
2023-05-09,0.0,0.0,428.85,51.0,981.4,135.0,349.0,40.83,841.71,109.65
2023-05-10,46.67,11.0,578.62,90.0,1989.74,304.0,454.01,67.32,1562.71,223.58
2023-05-11,40.61,13.0,570.91,113.0,1825.8,372.0,460.58,86.84,1417.86,271.95
2023-05-12,30.49,5.0,536.06,69.0,1525.33,218.0,21.6,3.1,24.17,4.07
2023-05-13,8.83,5.0,374.69,54.0,1429.79,266.0,15.78,3.5,60.27,14.8
2023-05-14,45.3,8.0,108.72,24.0,607.85,155.0,48.6,13.28,401.95,99.09
2023-05-15,9.1,2.0,157.37,23.0,687.61,134.0,91.06,15.46,380.9,65.15
2023-05-16,6.47,2.0,21.94,7.0,228.49,77.0,14.18,3.92,37.38,13.98
2023-05-17,8.14,2.0,35.07,10.0,150.72,37.0,15.82,4.47,28.64,7.78
2023-05-18,17.59,4.0,24.28,6.0,56.34,16.0,5.89,1.76,17.15,6.2
2023-05-19,16.73,5.0,33.0,11.0,211.83,58.0,11.68,4.2,75.72,22.6
2023-05-20,0.0,0.0,1.81,1.0,115.08,19.0,0.57,0.31,45.02,8.1
2023-05-21,0.0,0.0,25.04,3.0,143.53,28.0,6.99,0.86,26.86,3.75
2023-05-22,0.0,0.0,24.07,4.0,77.41,19.0,0.0,0.0,12.71,3.26
2023-05-23,11.53,2.0,34.89,6.0,76.72,12.0,20.51,2.92,42.46,4.99
2023-05-24,0.0,0.0,0.0,0.0,13.05,2.0,0.0,0.0,0.02,0.0
2023-05-25,0.0,0.0,3.55,1.0,3.55,1.0,0.0,0.0,0.0,0.0
2023-05-26,1.85,3.0,3.46,4.0,13.59,7.0,2.38,2.34,2.38,2.34
2023-05-27,0.0,0.0,0.0,0.0,0.0,0.0,0.0,0.0,0.0,0.0
2023-05-28,0.0,0.0,11.79,2.0,43.21,7.0,0.0,0.0,2.48,0.62
2023-05-29,1.41,3.0,7.64,5.0,25.62,8.0,4.84,1.19,15.13,2.91
2023-05-30,0.0,0.0,0.41,1.0,59.27,8.0,0.0,0.0,0.48,0.17
2023-05-31,0.0,0.0,5.08,1.0,8.63,2.0,1.95,0.38,1.95,0.38
2023-06-01,2.01,1.0,2.01,1.0,10.44,2.0,1.35,0.67,1.35,0.67
2023-06-02,0.0,0.0,11.84,2.0,55.16,5.0,0.09,0.02,43.4,3.02
2023-06-03,1.43,1.0,1.43,1.0,82.24,19.0,0.75,0.52,38.76,9.73
2023-06-04,0.89,2.0,1.39,3.0,16.18,9.0,0.33,0.92,2.81,2.76
2023-06-05,0.0,0.0,0.0,0.0,87.32,19.0,0.0,0.0,5.84,1.04
2023-06-06,1.95,1.0,14.98,3.0,101.09,40.0,1.75,0.9,16.62,5.13
2023-06-07,0.0,0.0,2.96,2.0,51.58,19.0,0.0,0.0,6.88,2.35
2023-06-08,11.52,4.0,29.28,8.0,139.84,47.0,5.28,1.77,14.41,4.71
2023-06-09,0.0,0.0,18.73,3.0,213.48,58.0,0.0,0.0,11.63,3.8
2023-06-10,10.42,1.0,10.42,1.0,122.75,31.0,10.41,1.0,13.63,1.43
2023-06-11,2.04,1.0,8.96,3.0,129.06,33.0,0.0,0.0,18.08,4.61
2023-06-12,3.61,1.0,29.69,6.0,67.07,21.0,3.2,1.2,9.69,3.62
2023-06-13,38.62,2.0,38.62,2.0,221.55,47.0,27.07,1.4,36.97,3.22
2023-06-14,6.46,6.0,18.35,9.0,248.04,81.0,4.29,4.68,16.85,7.14
2023-06-15,0.95,1.0,0.95,1.0,198.9,55.0,0.91,0.96,9.93,2.81
2023-06-16,0.0,0.0,4.97,1.0,87.27,19.0,0.0,0.0,1.27,0.39
2023-06-17,0.0,0.0,0.0,0.0,8.02,2.0,0.0,0.0,0.0,0.0
2023-06-18,0.0,0.0,0.0,0.0,7.88,2.0,0.0,0.0,1.15,0.29
2023-06-19,0.0,0.0,0.0,0.0,21.62,6.0,0.0,0.0,5.37,1.84
2023-06-20,2.96,1.0,2.96,1.0,39.92,14.0,2.5,0.84,2.91,1.0
2023-06-21,0.0,0.0,0.0,0.0,6.3,2.0,0.0,0.0,5.8,1.84
2023-06-22,0.0,0.0,0.0,0.0,22.05,4.0,0.0,0.0,0.0,0.0
2023-06-23,0.0,0.0,0.0,0.0,0.0,0.0,0.0,0.0,0.0,0.0
2023-06-24,0.0,0.0,0.0,0.0,0.0,0.0,0.0,0.0,0.0,0.0
2023-06-25,0.0,0.0,0.0,0.0,0.0,0.0,0.0,0.0,0.0,0.0
2023-06-26,0.0,0.0,0.0,0.0,1.17,1.0,0.0,0.0,0.0,0.0
2023-06-27,0.0,0.0,4.06,1.0,4.06,1.0,0.0,0.0,0.0,0.0
2023-06-28,0.0,0.0,0.0,0.0,5.06,1.0,0.0,0.0,3.19,0.63
2023-06-29,0.0,0.0,0.0,0.0,1.76,1.0,0.0,0.0,0.0,0.0
2023-06-30,0.0,0.0,0.0,0.0,4.7,1.0,0.0,0.0,0.0,0.0
2023-07-01,0.0,0.0,0.0,0.0,0.0,0.0,0.0,0.0,0.0,0.0
2023-07-02,0.0,0.0,0.0,0.0,13.79,3.0,0.0,0.0,3.67,0.87
2023-07-03,0.0,0.0,0.0,0.0,0.0,0.0,0.0,0.0,0.0,0.0
2023-07-04,0.0,0.0,0.0,0.0,10.43,1.0,0.0,0.0,0.0,0.0
2023-07-05,0.0,0.0,1.4,1.0,1.4,1.0,0.0,0.0,0.0,0.0
2023-07-06,0.0,0.0,0.0,0.0,7.06,2.0,0.0,0.0,0.0,0.0
2023-07-07,0.0,0.0,0.0,0.0,0.0,0.0,0.0,0.0,0.0,0.0
2023-07-08,0.0,0.0,0.0,0.0,0.0,0.0,0.0,0.0,0.0,0.0
2023-07-09,0.0,0.0,0.0,0.0,0.0,0.0,0.0,0.0,0.0,0.0
2023-07-10,0.0,0.0,0.0,0.0,0.0,0.0,0.0,0.0,0.0,0.0
2023-07-11,0.0,0.0,0.0,0.0,0.0,0.0,0.0,0.0,0.0,0.0
2023-07-12,0.0,0.0,0.0,0.0,0.0,0.0,0.0,0.0,0.0,0.0
2023-07-13,0.84,1.0,0.84,1.0,4.77,2.0,0.0,0.0,0.0,0.0
2023-07-14,0.0,0.0,0.0,0.0,0.0,0.0,0.0,0.0,0.0,0.0
2023-07-15,0.0,0.0,0.0,0.0,0.0,0.0,0.0,0.0,0.0,0.0
2023-07-16,0.0,0.0,0.0,0.0,0.0,0.0,0.0,0.0,0.0,0.0
2023-07-17,6.55,3.0,6.55,3.0,6.55,3.0,0.0,0.0,0.0,0.0
2023-07-18,0.0,0.0,0.0,0.0,0.0,0.0,0.0,0.0,0.0,0.0
2023-07-19,0.0,0.0,0.0,0.0,0.0,0.0,0.0,0.0,0.0,0.0
2023-07-20,0.0,0.0,1.07,1.0,1.07,1.0,0.0,0.0,0.0,0.0
2023-07-21,5.46,2.0,5.46,2.0,5.46,2.0,2.37,0.92,2.37,0.92
2023-07-22,3.64,2.0,3.64,2.0,3.64,2.0,0.0,0.0,0.0,0.0
2023-07-23,3.45,1.0,3.45,1.0,3.45,1.0,0.0,0.0,0.0,0.0
2023-07-24,0.0,0.0,0.0,0.0,3.57,1.0,0.0,0.0,3.42,0.96
2023-07-25,0.0,0.0,0.0,0.0,0.0,0.0,0.0,0.0,0.0,0.0
2023-07-26,0.0,0.0,0.0,0.0,0.0,0.0,0.0,0.0,0.0,0.0
2023-07-27,0.0,0.0,0.0,0.0,0.0,0.0,0.0,0.0,0.0,0.0
2023-07-28,0.0,0.0,0.0,0.0,0.0,0.0,0.0,0.0,0.0,0.0
2023-07-29,0.49,1.0,0.49,1.0,1.43,3.0,0.02,0.04,0.02,0.04
2023-07-30,0.0,0.0,0.0,0.0,0.0,0.0,0.0,0.0,0.0,0.0
2023-07-31,0.0,0.0,0.0,0.0,0.0,0.0,0.0,0.0,0.0,0.0
2023-08-01,0.79,1.0,0.79,1.0,7.87,4.0,0.78,0.98,2.23,1.71
2023-08-02,0.0,0.0,0.0,0.0,0.0,0.0,0.0,0.0,0.0,0.0
2023-08-03,0.0,0.0,0.0,0.0,0.0,0.0,0.0,0.0,0.0,0.0
2023-08-04,0.0,0.0,0.0,0.0,0.59,1.0,0.0,0.0,0.14,0.24
2023-08-05,0.0,0.0,0.0,0.0,0.0,0.0,0.0,0.0,0.0,0.0
2023-08-06,0.0,0.0,0.0,0.0,0.0,0.0,0.0,0.0,0.0,0.0
2023-08-07,0.0,0.0,0.0,0.0,0.0,0.0,0.0,0.0,0.0,0.0
2023-08-08,0.0,0.0,0.0,0.0,0.0,0.0,0.0,0.0,0.0,0.0
2023-08-09,0.0,0.0,0.0,0.0,11.92,3.0,0.0,0.0,2.18,0.4
2023-08-10,0.0,0.0,0.0,0.0,5.62,1.0,0.0,0.0,2.47,0.44
2023-08-11,0.0,0.0,1.95,1.0,1.95,1.0,1.9,0.97,1.9,0.97
2023-08-12,3.14,3.0,6.13,4.0,6.13,4.0,2.71,2.03,2.71,2.03
2023-08-13,0.0,0.0,0.0,0.0,0.0,0.0,0.0,0.0,0.0,0.0
2023-08-14,0.0,0.0,0.0,0.0,0.0,0.0,0.0,0.0,0.0,0.0
2023-08-15,0.0,0.0,0.0,0.0,0.0,0.0,0.0,0.0,0.0,0.0
2023-08-16,5.34,2.0,5.34,2.0,9.68,3.0,0.0,0.0,1.93,0.45
2023-08-17,3.8,1.0,3.8,1.0,3.8,1.0,1.22,0.32,1.22,0.32
2023-08-18,3.01,2.0,15.63,6.0,15.63,6.0,0.52,0.8,0.52,0.8
2023-08-19,0.0,0.0,0.0,0.0,0.0,0.0,0.0,0.0,0.0,0.0
2023-08-20,10.87,3.0,10.87,3.0,10.87,3.0,0.0,0.0,0.0,0.0
2023-08-21,0.0,0.0,0.0,0.0,0.0,0.0,0.0,0.0,0.0,0.0
2023-08-22,0.0,0.0,0.0,0.0,0.0,0.0,0.0,0.0,0.0,0.0
2023-08-23,0.0,0.0,0.0,0.0,0.0,0.0,0.0,0.0,0.0,0.0
2023-08-24,0.0,0.0,0.0,0.0,0.0,0.0,0.0,0.0,0.0,0.0
2023-08-25,0.0,0.0,0.0,0.0,0.0,0.0,0.0,0.0,0.0,0.0
2023-08-26,0.0,0.0,0.0,0.0,0.0,0.0,0.0,0.0,0.0,0.0
2023-08-27,0.0,0.0,0.0,0.0,0.0,0.0,0.0,0.0,0.0,0.0
2023-08-28,0.0,0.0,0.0,0.0,0.0,0.0,0.0,0.0,0.0,0.0
2023-08-29,1.82,1.0,3.95,2.0,7.14,5.0,3.06,1.51,3.06,1.51
2023-08-30,6.92,2.0,13.65,4.0,28.92,6.0,11.8,3.43,15.56,4.19
2023-08-31,0.0,0.0,0.0,0.0,0.0,0.0,0.0,0.0,0.0,0.0
2023-09-01,1.19,1.0,1.19,1.0,1.19,1.0,1.04,0.87,1.04,0.87
2023-09-02,3.37,3.0,3.63,4.0,10.27,7.0,3.25,2.83,8.21,4.48
2023-09-03,4.02,2.0,4.02,2.0,12.22,5.0,0.65,0.84,3.62,1.94
2023-09-04,0.0,0.0,0.0,0.0,0.0,0.0,0.0,0.0,0.0,0.0
2023-09-05,0.0,0.0,0.0,0.0,14.8,4.0,0.0,0.0,0.48,0.15
2023-09-06,0.0,0.0,0.0,0.0,2.51,1.0,0.0,0.0,0.0,0.0
2023-09-07,0.0,0.0,0.0,0.0,17.67,4.0,0.0,0.0,0.0,0.0
2023-09-08,0.0,0.0,16.26,5.0,70.22,19.0,0.0,0.0,0.0,0.0
2023-09-09,0.0,0.0,0.0,0.0,12.78,2.0,0.0,0.0,0.0,0.0
2023-09-10,0.0,0.0,0.0,0.0,2.54,1.0,0.0,0.0,0.1,0.04
2023-09-11,0.0,0.0,0.0,0.0,0.95,1.0,0.0,0.0,0.92,0.97
2023-09-12,0.0,0.0,0.0,0.0,4.23,1.0,0.0,0.0,0.0,0.0
2023-09-13,0.0,0.0,2.87,1.0,17.31,5.0,0.0,0.0,0.0,0.0
2023-09-14,0.0,0.0,0.61,1.0,2.83,2.0,0.0,0.0,0.0,0.0
2023-09-15,0.55,1.0,0.55,1.0,12.17,3.0,0.0,0.0,0.0,0.0
2023-09-16,0.0,0.0,0.0,0.0,0.0,0.0,0.0,0.0,0.0,0.0
2023-09-17,0.0,0.0,0.0,0.0,4.01,1.0,0.0,0.0,0.0,0.0
2023-09-18,0.0,0.0,0.0,0.0,0.0,0.0,0.0,0.0,0.0,0.0
2023-09-19,2.14,1.0,9.49,3.0,16.28,5.0,1.29,0.6,1.65,0.75
2023-09-20,0.0,0.0,3.96,1.0,9.29,2.0,0.74,0.19,1.53,0.34
2023-09-21,0.0,0.0,2.18,1.0,4.74,2.0,0.0,0.0,0.0,0.0
2023-09-22,0.0,0.0,0.0,0.0,9.89,3.0,0.0,0.0,0.0,0.0
2023-09-23,0.0,0.0,0.0,0.0,19.15,4.0,0.0,0.0,0.0,0.0
2023-09-24,0.65,1.0,1.01,2.0,1.01,2.0,0.0,0.0,0.0,0.0
2023-09-25,2.16,2.0,2.94,3.0,5.56,4.0,0.21,0.22,2.3,1.02
2023-09-26,0.0,0.0,0.0,0.0,7.69,3.0,0.0,0.0,1.52,0.37
2023-09-27,6.04,4.0,12.93,7.0,40.4,15.0,5.93,3.41,27.84,9.75
2023-09-28,1.83,2.0,9.22,4.0,61.81,15.0,1.12,1.26,45.58,10.41
2023-09-29,11.39,6.0,51.82,19.0,102.61,36.0,26.5,10.18,63.56,22.48
2023-09-30,10.13,5.0,95.55,30.0,214.46,64.0,24.1,8.35,99.69,30.61
2023-10-01,24.65,4.0,63.87,13.0,138.6,29.0,22.38,4.53,90.58,19.29
2023-10-02,1.81,1.0,39.74,7.0,152.87,39.0,4.97,1.17,98.74,26.6
2023-10-03,2.11,1.0,61.13,12.0,161.37,28.0,4.14,1.22,68.64,10.13
2023-10-04,4.87,1.0,97.53,15.0,276.91,60.0,21.32,5.66,139.73,35.72
2023-10-05,9.43,5.0,39.98,17.0,181.31,64.0,19.69,9.77,123.19,41.53
2023-10-06,5.67,1.0,53.44,11.0,139.91,35.0,3.7,1.18,74.08,20.58
2023-10-07,3.09,2.0,20.84,11.0,70.97,27.0,5.79,2.92,48.71,15.97
2023-10-08,5.33,3.0,35.74,13.0,177.57,58.0,8.64,3.98,114.84,35.96
2023-10-09,4.27,3.0,38.82,16.0,200.6,49.0,5.45,2.89,46.57,11.9
2023-10-10,8.04,5.0,50.82,18.0,276.35,77.0,7.98,5.25,172.65,47.4
2023-10-11,17.65,6.0,85.93,28.0,385.31,96.0,31.97,11.33,199.19,45.66
2023-10-12,11.79,3.0,37.65,10.0,231.72,54.0,11.35,2.32,128.69,28.47
2023-10-13,0.0,0.0,33.64,9.0,155.47,37.0,3.21,0.7,72.06,18.42
2023-10-14,5.8,4.0,101.64,20.0,406.64,89.0,7.85,3.14,254.53,58.13
2023-10-15,35.94,6.0,154.34,37.0,739.3,180.0,32.6,7.95,331.99,79.77
2023-10-16,2.35,2.0,33.69,10.0,66.39,21.0,1.27,0.32,2.7,0.82
2023-10-17,0.79,1.0,1.17,2.0,1.17,2.0,0.45,1.02,0.45,1.02
2023-10-18,0.68,1.0,5.08,3.0,25.58,13.0,0.0,0.0,18.93,7.71
2023-10-19,0.0,0.0,3.29,1.0,133.28,29.0,0.0,0.0,113.41,23.14
2023-10-20,3.35,3.0,49.23,16.0,489.9,105.0,13.84,6.92,378.72,76.41
2023-10-21,12.66,6.0,46.16,19.0,485.03,143.0,9.53,3.12,323.36,89.54
2023-10-22,11.04,2.0,33.38,5.0,229.06,50.0,0.94,0.22,89.61,19.88
2023-10-23,0.34,1.0,2.46,2.0,159.56,45.0,2.2,1.71,115.82,35.16
2023-10-24,2.57,2.0,67.38,15.0,566.62,136.0,22.83,4.78,416.18,100.41
2023-10-25,29.79,8.0,73.53,20.0,532.53,118.0,29.81,6.34,438.43,90.22
2023-10-26,8.61,4.0,161.98,28.0,950.07,206.0,50.56,13.08,597.22,127.35
2023-10-27,11.86,5.0,46.8,14.0,683.25,135.0,10.28,2.61,532.03,98.68
2023-10-28,0.44,1.0,4.38,2.0,135.97,28.0,0.41,0.94,91.45,13.99
2023-10-29,9.3,3.0,9.3,3.0,584.02,105.0,0.0,0.0,14.72,4.47
2023-10-30,0.48,1.0,6.23,3.0,492.33,97.0,0.0,0.0,7.55,4.03
2023-10-31,3.39,2.0,52.79,12.0,855.02,153.0,2.51,1.3,7.69,5.33
2023-11-01,1.78,1.0,29.58,11.0,966.43,191.0,5.48,1.68,365.32,76.37
2023-11-02,0.71,1.0,1.18,2.0,2.93,4.0,0.42,0.58,2.09,2.47
2023-11-03,0.0,0.0,0.0,0.0,188.14,36.0,0.0,0.0,164.96,29.09
2023-11-04,3.93,3.0,3.93,3.0,730.31,98.0,2.81,2.14,668.67,84.23
2023-11-05,2.87,3.0,30.53,11.0,1690.67,276.0,15.07,6.07,1565.18,250.16
2023-11-06,14.88,10.0,31.45,14.0,742.35,171.0,9.86,4.39,170.64,39.62
2023-11-07,1.85,3.0,28.69,11.0,690.42,124.0,5.62,2.56,621.49,99.64
2023-11-08,13.15,6.0,23.82,9.0,559.01,89.0,14.15,4.23,531.56,79.48
2023-11-09,0.0,0.0,4.04,1.0,338.09,70.0,0.0,0.0,296.1,61.37
2023-11-10,0.0,0.0,3.57,2.0,4.96,3.0,0.0,0.0,0.27,0.19
2023-11-11,0.0,0.0,13.79,6.0,82.46,30.0,0.98,0.73,43.83,14.24
2023-11-12,10.43,3.0,51.29,15.0,995.65,163.0,19.61,6.1,829.09,120.82
2023-11-13,0.0,0.0,37.89,5.0,415.77,60.0,6.08,1.43,330.09,46.32
2023-11-14,1.44,2.0,15.97,6.0,254.21,42.0,9.78,1.75,242.15,36.63
2023-11-15,17.98,3.0,27.99,7.0,553.07,102.0,6.98,3.28,510.29,92.94
2023-11-16,20.42,5.0,55.97,16.0,528.83,100.0,21.25,4.35,70.79,13.71
2023-11-17,11.96,6.0,46.82,15.0,315.83,80.0,24.47,7.55,134.35,33.62
2023-11-18,5.46,5.0,41.85,16.0,136.14,45.0,2.5,1.59,4.23,2.22
2023-11-19,5.58,2.0,56.14,16.0,233.28,55.0,27.03,7.92,139.54,30.19
2023-11-20,18.87,8.0,60.6,23.0,197.17,54.0,20.55,8.23,135.02,33.26
2023-11-21,7.81,7.0,36.04,16.0,337.04,80.0,20.46,9.21,260.66,57.67
2023-11-22,10.23,6.0,73.76,28.0,291.84,95.0,26.28,8.38,184.19,51.85
2023-11-23,9.66,3.0,70.75,19.0,257.77,65.0,17.9,5.1,50.42,16.89
2023-11-24,14.63,5.0,51.27,22.0,120.2,44.0,32.63,13.84,79.79,26.77
2023-11-25,0.0,0.0,16.56,6.0,38.79,13.0,2.66,0.95,20.16,6.09
2023-11-26,0.0,0.0,0.0,0.0,27.84,8.0,0.0,0.0,1.02,0.3
2023-11-27,17.46,4.0,37.99,11.0,40.22,12.0,20.81,3.9,22.68,4.74
2023-11-28,0.52,1.0,1.06,2.0,9.38,6.0,0.46,0.89,3.28,2.24
2023-11-29,7.77,3.0,15.0,5.0,91.28,25.0,1.88,0.54,31.2,7.82
2023-11-30,3.47,1.0,5.57,2.0,23.68,5.0,3.84,1.48,8.66,2.65
2023-12-01,2.98,2.0,10.89,3.0,93.71,22.0,3.13,0.88,47.39,10.86
2023-12-02,36.91,14.0,143.27,45.0,259.91,76.0,89.46,26.16,167.3,44.22
2023-12-03,19.04,6.0,109.52,36.0,226.05,85.0,45.41,14.87,92.02,37.99
2023-12-04,16.81,10.0,56.62,21.0,83.15,28.0,29.68,9.01,50.18,13.79
2023-12-05,10.17,3.0,42.96,16.0,101.97,35.0,15.96,4.93,42.57,11.14
2023-12-06,13.95,5.0,84.33,29.0,215.09,68.0,40.52,12.19,80.34,23.19
2023-12-07,33.54,11.0,108.94,32.0,201.0,58.0,23.88,7.83,47.28,13.39
2023-12-08,13.63,6.0,129.67,45.0,224.0,82.0,46.15,15.87,71.98,24.93
2023-12-09,12.99,5.0,76.45,24.0,163.85,48.0,17.97,6.41,35.44,11.02
2023-12-10,20.79,11.0,57.96,24.0,90.09,37.0,17.52,7.91,25.04,10.96
2023-12-11,9.24,4.0,52.69,19.0,113.06,32.0,16.48,7.97,46.27,14.89
2023-12-12,57.15,18.0,140.41,45.0,198.03,63.0,41.57,12.33,60.72,18.36
2023-12-13,43.71,20.0,209.18,71.0,337.87,114.0,105.24,31.25,152.79,47.87
2023-12-14,2.07,4.0,46.46,19.0,97.28,35.0,15.56,4.09,21.3,5.44
2023-12-15,12.44,4.0,47.08,13.0,141.86,34.0,20.01,4.84,39.51,9.67
2023-12-16,55.86,16.0,109.73,33.0,135.45,43.0,25.1,7.13,30.11,9.39
2023-12-17,13.2,6.0,51.28,16.0,84.87,27.0,8.66,3.93,19.66,7.45
2023-12-18,30.08,13.0,111.22,39.0,256.51,64.0,53.39,13.98,76.59,19.72
2023-12-19,24.95,9.0,150.44,43.0,288.26,90.0,34.21,10.62,64.96,19.42
2023-12-20,11.06,4.0,62.37,19.0,139.71,43.0,17.15,4.34,52.95,15.74
2023-12-21,11.88,4.0,51.38,18.0,88.51,32.0,17.86,5.95,34.3,11.86
2023-12-22,11.52,5.0,74.0,30.0,98.45,39.0,24.61,11.76,41.32,18.15
2023-12-23,3.23,2.0,121.94,38.0,192.65,59.0,21.5,7.5,40.52,15.66
2023-12-24,50.09,17.0,178.96,67.0,275.43,104.0,56.47,22.19,93.96,36.23
2023-12-25,17.35,10.0,70.96,29.0,85.16,33.0,21.64,8.59,23.54,8.94
2023-12-26,0.0,0.0,3.69,1.0,10.67,3.0,0.11,0.03,2.02,1.02
2023-12-27,3.28,1.0,10.66,5.0,61.34,20.0,3.75,1.92,17.67,5.79
2023-12-28,0.0,0.0,6.9,3.0,16.45,5.0,1.69,0.72,7.39,1.65
2023-12-29,0.0,0.0,0.0,0.0,21.28,8.0,0.0,0.0,8.91,3.81
2023-12-30,0.0,0.0,0.0,0.0,0.0,0.0,0.0,0.0,0.0,0.0
2023-12-31,0.0,0.0,0.0,0.0,0.35,1.0,0.0,0.0,0.27,0.76
2024-01-01,2.74,1.0,7.86,3.0,11.46,4.0,0.95,0.35,0.95,0.35
2024-01-02,9.97,3.0,47.59,11.0,56.0,13.0,28.0,6.83,28.47,6.92
2024-01-03,1.54,2.0,1.54,2.0,8.2,5.0,0.48,0.69,3.25,1.66
2024-01-04,0.0,0.0,0.0,0.0,12.02,4.0,0.0,0.0,0.16,0.05
2024-01-05,0.0,0.0,0.0,0.0,4.28,3.0,0.0,0.0,1.58,0.67
2024-01-06,0.0,0.0,0.0,0.0,2.0,1.0,0.0,0.0,0.0,0.0
2024-01-07,19.37,4.0,19.37,4.0,23.71,6.0,0.06,0.09,1.14,0.46
2024-01-08,9.81,4.0,26.84,7.0,29.86,9.0,25.44,6.36,27.08,7.29
2024-01-09,0.45,1.0,2.41,2.0,32.5,7.0,0.0,0.0,0.19,0.05
2024-01-10,0.0,0.0,3.48,1.0,29.99,7.0,0.0,0.0,4.75,1.26
2024-01-11,0.91,1.0,24.98,9.0,25.91,10.0,6.99,2.46,7.69,3.22
2024-01-12,0.0,0.0,15.34,5.0,17.69,6.0,6.8,2.03,8.57,2.78
2024-01-13,4.54,1.0,7.64,3.0,7.64,3.0,0.32,0.07,0.32,0.07
2024-01-14,1.02,1.0,17.18,10.0,30.13,15.0,10.01,5.62,13.25,6.85
2024-01-15,19.53,7.0,35.22,14.0,39.73,15.0,9.77,4.64,13.18,5.4
2024-01-16,0.0,0.0,0.0,0.0,0.0,0.0,0.0,0.0,0.0,0.0
2024-01-17,0.0,0.0,6.12,2.0,30.95,7.0,1.55,0.52,1.55,0.52
2024-01-18,3.68,1.0,3.68,1.0,3.68,1.0,1.38,0.37,1.38,0.37
2024-01-19,0.0,0.0,0.0,0.0,0.0,0.0,0.0,0.0,0.0,0.0
2024-01-20,30.1,13.0,90.35,31.0,125.66,42.0,18.9,7.09,21.27,7.82
2024-01-21,0.0,0.0,0.0,0.0,0.0,0.0,0.0,0.0,0.0,0.0
2024-01-22,4.56,2.0,15.01,6.0,29.21,11.0,0.0,0.0,0.0,0.0
2024-01-23,0.0,0.0,0.0,0.0,5.97,1.0,0.0,0.0,0.0,0.0
2024-01-24,6.05,1.0,44.31,13.0,73.46,23.0,21.62,6.49,29.8,9.25
2024-01-25,8.59,4.0,49.12,19.0,69.7,26.0,8.26,3.56,16.2,5.98
2024-01-26,5.62,1.0,51.89,14.0,87.21,23.0,28.54,7.75,39.42,10.13
2024-01-27,7.27,3.0,29.28,13.0,70.34,21.0,7.14,3.26,9.37,4.23
2024-01-28,0.0,0.0,0.0,0.0,0.0,0.0,0.0,0.0,0.0,0.0
2024-01-29,3.63,2.0,94.05,24.0,180.12,42.0,6.07,2.52,72.9,15.48
2024-01-30,0.0,0.0,23.5,7.0,84.44,26.0,10.77,3.98,44.31,12.65
2024-01-31,0.0,0.0,0.0,0.0,0.0,0.0,0.0,0.0,0.0,0.0
2024-02-01,1.35,2.0,1.35,2.0,1.35,2.0,0.0,0.0,0.0,0.0
2024-02-02,0.0,0.0,0.0,0.0,0.0,0.0,0.0,0.0,0.0,0.0
2024-02-03,1.95,1.0,1.95,1.0,19.56,4.0,1.65,0.84,6.94,1.82
2024-02-04,0.0,0.0,0.0,0.0,0.0,0.0,0.0,0.0,0.0,0.0
2024-02-05,0.0,0.0,2.84,1.0,2.84,1.0,1.14,0.4,1.14,0.4
2024-02-06,0.0,0.0,22.43,7.0,31.12,11.0,2.39,1.34,6.29,3.15
2024-02-07,1.75,1.0,36.56,15.0,102.4,31.0,3.33,2.57,7.17,5.07
2024-02-08,7.86,3.0,44.87,12.0,118.05,28.0,1.61,1.35,17.14,3.71
2024-02-09,19.62,8.0,88.57,27.0,242.12,69.0,41.96,9.46,93.47,22.27
2024-02-10,36.77,13.0,108.2,39.0,356.27,95.0,41.15,15.49,92.02,32.44
2024-02-11,7.52,4.0,57.14,20.0,365.46,62.0,22.45,6.79,118.38,21.86
2024-02-12,1.71,2.0,2.35,3.0,8.85,5.0,0.0,0.0,0.0,0.0
2024-02-13,0.81,1.0,29.79,6.0,31.62,8.0,13.57,2.79,14.79,4.05
2024-02-14,2.73,4.0,13.46,9.0,127.27,36.0,5.07,3.55,31.85,9.67
2024-02-15,8.48,7.0,99.0,37.0,229.96,74.0,30.16,14.92,55.34,23.11
2024-02-16,1.57,1.0,37.88,17.0,225.3,65.0,16.21,6.56,39.76,14.72
2024-02-17,0.38,1.0,34.34,9.0,132.69,32.0,12.0,3.07,33.27,8.78
2024-02-18,0.0,0.0,0.0,0.0,30.23,8.0,0.0,0.0,0.66,0.2
2024-02-19,0.0,0.0,0.0,0.0,3.5,2.0,0.0,0.0,0.92,0.48
2024-02-20,0.71,2.0,16.32,6.0,55.25,14.0,1.65,0.53,10.09,2.73
2024-02-21,4.88,2.0,42.05,14.0,159.24,45.0,11.69,5.06,46.72,14.14
2024-02-22,1.07,3.0,61.43,22.0,235.17,67.0,34.43,10.92,106.22,30.99
2024-02-23,4.9,2.0,51.74,13.0,125.04,34.0,24.1,6.08,40.08,12.52
2024-02-24,9.22,5.0,64.43,15.0,171.21,47.0,16.46,5.73,59.21,17.09
2024-02-25,0.0,0.0,3.21,1.0,122.31,27.0,0.0,0.0,78.46,18.0
2024-02-26,0.0,0.0,7.66,1.0,17.15,3.0,6.51,0.85,9.95,1.58
2024-02-27,2.77,2.0,10.83,4.0,26.09,8.0,0.02,0.0,7.4,1.45
2024-02-28,0.87,1.0,19.63,7.0,178.49,36.0,5.81,2.01,53.51,12.34
2024-02-29,2.78,1.0,47.65,9.0,122.99,23.0,10.37,2.44,17.72,4.66
2024-03-01,0.0,0.0,2.31,1.0,5.99,2.0,0.0,0.0,1.61,0.44
2024-03-02,0.0,0.0,0.0,0.0,3.47,1.0,0.0,0.0,0.0,0.0
2024-03-03,1.72,1.0,6.56,3.0,28.96,6.0,1.66,0.84,1.66,0.84
2024-03-04,2.43,3.0,44.73,9.0,59.54,13.0,27.27,3.67,30.75,5.06
2024-03-05,1.92,2.0,14.33,6.0,16.53,7.0,3.4,2.46,3.59,2.55
2024-03-06,5.5,3.0,17.12,6.0,47.61,16.0,5.25,1.78,23.84,7.1
2024-03-07,11.74,7.0,33.06,13.0,89.32,32.0,2.75,2.44,24.22,7.04
2024-03-08,0.0,0.0,36.52,10.0,108.87,32.0,4.6,2.22,23.03,9.71
2024-03-09,3.89,5.0,40.72,10.0,71.05,20.0,28.71,4.9,39.36,8.85
2024-03-10,0.0,0.0,2.85,1.0,19.61,5.0,0.0,0.0,0.0,0.0
2024-03-11,0.62,1.0,5.68,4.0,44.35,17.0,3.62,2.28,33.39,11.75
2024-03-12,6.21,6.0,12.92,8.0,60.8,20.0,6.09,3.19,37.76,10.86
2024-03-13,6.61,4.0,22.93,11.0,44.03,22.0,7.38,3.46,10.07,5.68
2024-03-14,0.0,0.0,20.92,8.0,55.03,17.0,7.01,1.95,12.59,4.1
2024-03-15,1.57,2.0,4.32,4.0,17.64,7.0,2.24,2.24,3.88,2.78
2024-03-16,17.96,7.0,23.33,8.0,49.76,13.0,1.79,2.2,19.32,4.58
2024-03-17,5.63,3.0,13.32,7.0,47.57,17.0,4.98,1.55,32.98,9.17
2024-03-18,44.61,9.0,64.24,15.0,129.91,31.0,7.65,3.66,24.57,7.31
2024-03-19,7.82,7.0,21.13,12.0,77.25,30.0,7.8,3.15,36.34,11.63
2024-03-20,1.22,2.0,1.22,2.0,47.15,12.0,0.97,1.61,25.24,6.87
2024-03-21,5.93,1.0,22.36,5.0,60.04,13.0,0.0,0.0,1.08,0.44
2024-03-22,0.0,0.0,7.66,2.0,66.96,8.0,1.8,0.46,3.79,1.52
2024-03-23,3.49,7.0,22.91,11.0,123.76,33.0,1.26,1.71,40.81,8.99
2024-03-24,0.95,1.0,3.42,5.0,21.95,29.0,0.09,0.16,0.34,0.6
2024-03-25,17.66,10.0,61.52,13.0,90.77,22.0,6.08,1.19,16.84,4.78
2024-03-26,14.15,3.0,29.32,6.0,32.76,7.0,11.96,1.87,12.11,1.91
2024-03-27,0.0,0.0,7.37,2.0,9.53,3.0,5.8,1.0,5.81,1.0
2024-03-28,0.92,2.0,2.76,4.0,2.96,5.0,0.54,1.13,0.66,1.72
2024-03-29,11.45,3.0,25.23,7.0,48.92,14.0,8.43,2.56,16.31,5.25
2024-03-30,3.16,2.0,13.04,6.0,47.88,17.0,5.59,2.01,25.36,8.92
2024-03-31,1.61,2.0,2.18,3.0,178.3,15.0,0.26,0.46,1.57,0.62
2024-04-01,0.0,0.0,6.23,2.0,6.23,2.0,1.62,0.77,1.62,0.77
2024-04-02,20.14,5.0,29.06,7.0,67.09,16.0,1.22,1.03,1.99,1.16
2024-04-03,4.9,6.0,8.6,8.0,14.8,10.0,0.23,0.49,3.7,1.47
2024-04-04,0.0,0.0,41.29,9.0,87.98,22.0,23.55,5.79,47.36,12.92
2024-04-05,5.17,4.0,10.41,5.0,42.91,20.0,3.1,2.23,5.74,3.34
2024-04-06,4.62,2.0,20.5,6.0,202.33,40.0,7.16,1.38,71.53,5.87
2024-04-07,7.26,3.0,8.76,4.0,151.04,34.0,6.29,1.86,25.45,6.44
2024-04-08,6.43,4.0,6.43,4.0,131.65,61.0,0.46,0.68,5.37,2.49
2024-04-09,3.49,2.0,3.72,3.0,173.34,84.0,1.32,0.81,39.78,20.9
2024-04-10,3.04,1.0,17.24,4.0,232.45,54.0,3.02,0.99,159.3,36.24
2024-04-11,3.96,1.0,219.69,9.0,289.93,39.0,0.0,0.0,59.73,25.24
2024-04-12,0.39,1.0,8.9,5.0,121.99,31.0,3.24,1.33,82.19,19.52
2024-04-13,0.0,0.0,10.36,3.0,19.87,8.0,1.73,0.5,3.0,1.77
2024-04-14,0.0,0.0,4.15,1.0,14.66,5.0,2.55,0.61,10.2,3.32
2024-04-15,0.0,0.0,0.0,0.0,0.0,0.0,0.0,0.0,0.0,0.0
2024-04-16,2.78,1.0,33.81,11.0,130.94,33.0,0.0,0.0,21.2,3.52
2024-04-17,1.73,2.0,16.78,9.0,212.06,33.0,3.63,2.03,3.8,2.1
2024-04-18,7.32,6.0,80.57,19.0,313.63,70.0,8.69,3.23,11.0,3.96
2024-04-19,15.19,6.0,61.37,14.0,659.64,108.0,4.46,0.8,10.05,2.33
2024-04-20,56.82,5.0,63.54,9.0,336.7,53.0,44.55,3.42,45.1,3.56
2024-04-21,71.34,4.0,181.03,11.0,381.73,63.0,8.46,1.15,14.81,3.37
2024-04-22,12.23,2.0,112.34,25.0,510.53,119.0,5.85,1.06,32.9,5.87
2024-04-23,2.35,3.0,154.78,24.0,420.07,91.0,22.46,4.29,93.99,16.08
2024-04-24,44.21,6.0,322.95,38.0,797.58,114.0,99.44,10.62,116.29,12.23
2024-04-25,20.51,4.0,174.26,16.0,693.48,136.0,87.94,5.25,185.31,10.89
2024-04-26,57.51,10.0,410.38,51.0,1207.57,163.0,154.97,15.57,182.31,18.93
2024-04-27,10.94,5.0,68.61,23.0,238.22,90.0,32.31,9.66,34.35,11.41
2024-04-28,30.3,6.0,727.98,76.0,938.11,132.0,89.01,12.09,147.45,23.55
2024-04-29,54.22,15.0,383.35,52.0,694.7,120.0,209.74,24.05,295.96,38.38
2024-04-30,29.81,6.0,162.84,40.0,533.79,150.0,99.34,25.43,132.46,35.94
2024-05-01,93.92,12.0,769.41,80.0,1419.84,210.0,426.18,37.46,679.29,76.14
2024-05-02,123.98,22.0,940.29,179.0,2289.71,442.0,632.8,118.71,1556.69,278.41
2024-05-03,21.25,5.0,383.71,42.0,768.59,112.0,295.14,28.27,448.61,56.66
2024-05-04,334.31,36.0,1715.24,148.0,5992.46,667.0,1183.06,94.26,3823.82,336.03
2024-05-05,435.16,60.0,3020.95,418.0,6910.09,1050.0,2182.38,298.48,4845.75,663.37
2024-05-06,195.89,22.0,1178.12,131.0,3702.48,444.0,830.01,96.67,2531.4,251.17
2024-05-07,234.1,40.0,1644.05,219.0,5790.35,712.0,19.46,5.39,146.07,33.42
2024-05-08,68.82,19.0,408.54,99.0,1528.57,339.0,10.38,3.11,47.53,13.94
2024-05-09,118.42,21.0,700.02,129.0,1766.0,339.0,25.88,5.75,79.31,19.42
2024-05-10,134.24,27.0,870.01,164.0,2418.71,501.0,32.09,6.62,123.12,26.79
2024-05-11,28.93,7.0,56.11,11.0,503.84,70.0,6.42,1.11,263.68,30.78
2024-05-12,39.91,10.0,352.25,71.0,1970.9,432.0,39.18,8.65,414.03,98.79
2024-05-13,26.27,8.0,441.3,86.0,1936.93,401.0,220.72,45.1,1267.72,274.53
2024-05-14,17.05,4.0,277.11,45.0,2677.53,328.0,206.83,32.13,2156.99,245.07
2024-05-15,61.24,10.0,341.26,56.0,1456.92,221.0,261.82,39.09,1123.31,155.63
2024-05-16,3.1,1.0,67.97,17.0,620.86,123.0,38.58,9.14,381.75,77.31
2024-05-17,0.0,0.0,168.7,18.0,1030.66,123.0,92.81,9.76,718.49,77.07
2024-05-18,46.15,13.0,223.52,58.0,871.39,223.0,180.05,45.24,590.67,152.06
2024-05-19,66.55,7.0,136.75,21.0,451.46,86.0,49.52,10.04,179.83,38.74
2024-05-20,62.7,9.0,109.36,16.0,390.09,61.0,44.84,6.62,231.32,31.9
2024-05-21,18.46,6.0,80.01,15.0,284.8,62.0,32.84,4.56,59.84,12.09
2024-05-22,0.0,0.0,46.98,6.0,208.02,30.0,0.69,0.29,9.28,2.39
2024-05-23,8.54,2.0,22.3,8.0,123.64,34.0,6.88,2.57,18.64,6.8
2024-05-24,11.99,3.0,45.41,10.0,180.12,37.0,6.31,1.77,14.53,3.8
2024-05-25,5.4,1.0,20.93,4.0,173.6,39.0,19.38,3.25,109.36,20.41
2024-05-26,2.97,3.0,73.93,11.0,216.21,45.0,42.35,7.72,94.74,22.18
2024-05-27,3.98,3.0,3.98,3.0,153.74,32.0,0.66,0.46,109.48,20.71
2024-05-28,9.3,4.0,45.3,8.0,217.42,37.0,12.99,3.57,126.84,18.62
2024-05-29,7.98,1.0,16.99,3.0,148.84,24.0,7.61,1.11,44.04,5.78
2024-05-30,0.0,0.0,0.0,0.0,0.0,0.0,0.0,0.0,0.0,0.0
2024-05-31,0.0,0.0,0.0,0.0,0.0,0.0,0.0,0.0,0.0,0.0
2024-06-01,0.0,0.0,0.0,0.0,0.0,0.0,0.0,0.0,0.0,0.0
2024-06-02,0.0,0.0,0.0,0.0,0.0,0.0,0.0,0.0,0.0,0.0
2024-06-03,0.0,0.0,0.0,0.0,0.0,0.0,0.0,0.0,0.0,0.0
2024-06-04,2.74,1.0,2.74,1.0,42.11,8.0,0.0,0.0,4.47,1.4
2024-06-05,6.05,2.0,24.55,6.0,134.59,16.0,9.87,2.82,81.89,6.54
2024-06-06,7.28,4.0,7.28,4.0,79.37,25.0,6.49,3.23,32.94,9.78
2024-06-07,0.0,0.0,0.0,0.0,45.99,12.0,0.0,0.0,14.3,2.39
2024-06-08,4.71,1.0,13.87,3.0,41.91,15.0,8.07,2.07,9.29,2.7
2024-06-09,10.19,2.0,38.42,5.0,247.32,39.0,8.07,1.08,66.94,8.92
2024-06-10,15.96,3.0,82.69,11.0,387.95,67.0,45.0,5.5,144.18,14.96
2024-06-11,20.38,5.0,30.15,8.0,656.38,98.0,3.84,3.14,74.44,11.49
2024-06-12,3.38,3.0,6.58,4.0,195.62,48.0,1.27,1.93,9.87,3.6
2024-06-13,50.28,8.0,57.12,10.0,517.59,78.0,27.61,4.56,46.77,8.52
2024-06-14,35.36,7.0,51.17,11.0,422.14,84.0,29.16,6.54,33.04,7.72
2024-06-15,14.68,3.0,16.66,4.0,330.36,57.0,10.0,2.3,56.0,7.48
2024-06-16,26.97,7.0,107.73,17.0,705.85,115.0,33.46,5.28,68.5,11.88
2024-06-17,0.0,0.0,3.78,1.0,354.99,74.0,0.0,0.0,2.12,0.39
2024-06-18,0.0,0.0,10.4,2.0,176.62,43.0,4.49,0.91,9.33,2.24
2024-06-19,0.0,0.0,4.53,1.0,59.17,13.0,0.0,0.0,2.83,0.78
2024-06-20,3.86,1.0,3.86,1.0,17.91,3.0,0.0,0.0,4.44,0.87
2024-06-21,5.47,2.0,5.47,2.0,14.8,5.0,1.78,0.51,4.26,1.5
2024-06-22,0.0,0.0,10.78,2.0,40.78,10.0,8.42,1.56,17.82,4.32
2024-06-23,0.0,0.0,0.0,0.0,9.17,2.0,0.0,0.0,0.0,0.0
2024-06-24,0.0,0.0,0.0,0.0,12.96,2.0,0.0,0.0,0.0,0.0
2024-06-25,0.0,0.0,0.0,0.0,2.61,1.0,0.0,0.0,0.0,0.0
2024-06-26,0.0,0.0,0.0,0.0,0.0,0.0,0.0,0.0,0.0,0.0
2024-06-27,0.0,0.0,0.0,0.0,3.17,1.0,0.0,0.0,0.0,0.0
2024-06-28,0.0,0.0,0.0,0.0,0.0,0.0,0.0,0.0,0.0,0.0
2024-06-29,0.0,0.0,13.84,2.0,87.81,14.0,0.0,0.0,0.0,0.0
2024-06-30,0.0,0.0,0.0,0.0,3.26,1.0,0.0,0.0,2.57,0.79
2024-07-01,0.0,0.0,0.0,0.0,0.0,0.0,0.0,0.0,0.0,0.0
2024-07-02,2.16,1.0,4.04,2.0,4.04,2.0,0.51,0.27,0.51,0.27
2024-07-03,0.0,0.0,0.0,0.0,0.0,0.0,0.0,0.0,0.0,0.0
2024-07-04,0.0,0.0,0.0,0.0,0.0,0.0,0.0,0.0,0.0,0.0
2024-07-05,0.0,0.0,0.0,0.0,0.0,0.0,0.0,0.0,0.0,0.0
2024-07-06,0.0,0.0,0.0,0.0,0.0,0.0,0.0,0.0,0.0,0.0
2024-07-07,0.0,0.0,0.0,0.0,0.0,0.0,0.0,0.0,0.0,0.0
2024-07-08,2.74,2.0,3.9,3.0,3.9,3.0,0.0,0.0,0.0,0.0
2024-07-09,0.4,1.0,0.4,1.0,0.4,1.0,0.0,0.0,0.0,0.0
2024-07-10,0.0,0.0,0.0,0.0,0.0,0.0,0.0,0.0,0.0,0.0
2024-07-11,0.0,0.0,0.0,0.0,0.0,0.0,0.0,0.0,0.0,0.0
2024-07-12,0.0,0.0,0.0,0.0,0.0,0.0,0.0,0.0,0.0,0.0
2024-07-13,0.0,0.0,0.0,0.0,0.0,0.0,0.0,0.0,0.0,0.0
2024-07-14,0.0,0.0,0.0,0.0,0.0,0.0,0.0,0.0,0.0,0.0
2024-07-15,0.0,0.0,0.0,0.0,0.0,0.0,0.0,0.0,0.0,0.0
2024-07-16,0.0,0.0,0.0,0.0,0.0,0.0,0.0,0.0,0.0,0.0
2024-07-17,4.02,1.0,4.02,1.0,4.97,2.0,0.0,0.0,0.0,0.0
2024-07-18,1.58,1.0,10.72,2.0,10.72,2.0,0.0,0.0,0.0,0.0
2024-07-19,0.0,0.0,0.0,0.0,0.0,0.0,0.0,0.0,0.0,0.0
2024-07-20,0.0,0.0,1.28,1.0,1.28,1.0,0.0,0.0,0.0,0.0
2024-07-21,20.1,5.0,26.32,7.0,91.32,25.0,17.0,4.66,27.79,7.75
2024-07-22,0.0,0.0,0.0,0.0,0.0,0.0,0.0,0.0,0.0,0.0
2024-07-23,0.0,0.0,7.45,3.0,9.81,4.0,2.13,1.4,2.13,1.4
2024-07-24,0.0,0.0,0.0,0.0,0.0,0.0,0.0,0.0,0.0,0.0
2024-07-25,0.0,0.0,0.0,0.0,0.0,0.0,0.0,0.0,0.0,0.0
2024-07-26,0.0,0.0,0.0,0.0,0.0,0.0,0.0,0.0,0.0,0.0
2024-07-27,0.0,0.0,0.0,0.0,0.0,0.0,0.0,0.0,0.0,0.0
2024-07-28,0.0,0.0,0.0,0.0,0.0,0.0,0.0,0.0,0.0,0.0
2024-07-29,8.02,4.0,8.02,4.0,8.02,4.0,3.17,1.0,3.17,1.0
2024-07-30,0.0,0.0,0.0,0.0,1.7,1.0,0.0,0.0,0.67,0.39
2024-07-31,0.0,0.0,0.0,0.0,0.0,0.0,0.0,0.0,0.0,0.0
2024-08-01,0.0,0.0,0.0,0.0,0.0,0.0,0.0,0.0,0.0,0.0
2024-08-02,0.0,0.0,0.0,0.0,0.0,0.0,0.0,0.0,0.0,0.0
2024-08-03,0.0,0.0,0.0,0.0,0.0,0.0,0.0,0.0,0.0,0.0
2024-08-04,2.75,1.0,2.75,1.0,4.92,2.0,0.0,0.0,2.16,0.99
2024-08-05,3.68,1.0,3.68,1.0,3.68,1.0,0.0,0.0,0.0,0.0
2024-08-06,0.0,0.0,0.0,0.0,0.0,0.0,0.0,0.0,0.0,0.0
2024-08-07,0.0,0.0,0.0,0.0,0.0,0.0,0.0,0.0,0.0,0.0
2024-08-08,0.0,0.0,0.0,0.0,0.0,0.0,0.0,0.0,0.0,0.0
2024-08-09,3.66,2.0,3.66,2.0,11.66,5.0,1.32,1.0,1.32,1.0
2024-08-10,0.0,0.0,0.0,0.0,0.0,0.0,0.0,0.0,0.0,0.0
2024-08-11,0.0,0.0,0.0,0.0,0.5,1.0,0.0,0.0,0.48,0.96
2024-08-12,0.0,0.0,0.0,0.0,0.0,0.0,0.0,0.0,0.0,0.0
2024-08-13,0.0,0.0,0.0,0.0,0.0,0.0,0.0,0.0,0.0,0.0
2024-08-14,0.0,0.0,0.0,0.0,0.0,0.0,0.0,0.0,0.0,0.0
2024-08-15,0.0,0.0,0.0,0.0,2.64,1.0,0.0,0.0,1.4,0.53
2024-08-16,0.0,0.0,0.0,0.0,0.0,0.0,0.0,0.0,0.0,0.0
2024-08-17,0.0,0.0,0.0,0.0,0.0,0.0,0.0,0.0,0.0,0.0
2024-08-18,0.0,0.0,0.0,0.0,2.65,1.0,0.0,0.0,0.06,0.02
2024-08-19,0.0,0.0,0.0,0.0,0.0,0.0,0.0,0.0,0.0,0.0
2024-08-20,1.36,1.0,1.36,1.0,1.36,1.0,0.0,0.0,0.0,0.0
2024-08-21,0.0,0.0,0.0,0.0,0.0,0.0,0.0,0.0,0.0,0.0
2024-08-22,0.0,0.0,0.0,0.0,0.0,0.0,0.0,0.0,0.0,0.0
2024-08-23,0.0,0.0,0.0,0.0,0.0,0.0,0.0,0.0,0.0,0.0
2024-08-24,0.0,0.0,0.0,0.0,3.88,1.0,0.0,0.0,0.44,0.11
2024-08-25,3.06,4.0,4.33,6.0,34.68,14.0,0.15,0.32,0.15,0.32
2024-08-26,0.0,0.0,0.0,0.0,7.45,1.0,0.0,0.0,0.0,0.0
2024-08-27,0.0,0.0,0.0,0.0,0.0,0.0,0.0,0.0,0.0,0.0
2024-08-28,0.0,0.0,0.0,0.0,0.0,0.0,0.0,0.0,0.0,0.0
2024-08-29,0.0,0.0,0.0,0.0,0.0,0.0,0.0,0.0,0.0,0.0
2024-08-30,0.0,0.0,1.55,2.0,1.55,2.0,0.0,0.0,0.0,0.0
2024-08-31,0.0,0.0,0.0,0.0,2.73,1.0,0.0,0.0,1.0,0.37
2024-09-01,2.08,1.0,9.74,2.0,27.1,6.0,3.72,0.5,13.72,2.95
2024-09-02,0.0,0.0,0.0,0.0,0.0,0.0,0.0,0.0,0.0,0.0
2024-09-03,0.0,0.0,0.0,0.0,0.0,0.0,0.0,0.0,0.0,0.0
2024-09-04,0.0,0.0,1.02,1.0,1.02,1.0,0.65,0.64,0.65,0.64
2024-09-05,5.59,2.0,5.59,2.0,5.59,2.0,2.33,0.6,2.33,0.6
2024-09-06,0.0,0.0,0.0,0.0,0.0,0.0,0.0,0.0,0.0,0.0
2024-09-07,0.0,0.0,0.0,0.0,0.0,0.0,0.0,0.0,0.0,0.0
2024-09-08,0.0,0.0,0.0,0.0,0.0,0.0,0.0,0.0,0.0,0.0
2024-09-09,2.59,1.0,2.59,1.0,4.07,2.0,0.0,0.0,0.0,0.0
2024-09-10,3.4,1.0,5.19,2.0,5.19,2.0,0.54,0.16,0.54,0.16
2024-09-11,0.0,0.0,0.0,0.0,0.0,0.0,0.0,0.0,0.0,0.0
2024-09-12,0.0,0.0,0.0,0.0,0.0,0.0,0.0,0.0,0.0,0.0
2024-09-13,0.0,0.0,0.0,0.0,0.0,0.0,0.0,0.0,0.0,0.0
2024-09-14,0.0,0.0,0.0,0.0,0.0,0.0,0.0,0.0,0.0,0.0
2024-09-15,0.0,0.0,0.0,0.0,0.0,0.0,0.0,0.0,0.0,0.0
2024-09-16,1.01,1.0,2.56,2.0,2.56,2.0,1.52,0.98,1.52,0.98
2024-09-17,0.0,0.0,0.0,0.0,0.0,0.0,0.0,0.0,0.0,0.0
2024-09-18,0.0,0.0,0.0,0.0,0.0,0.0,0.0,0.0,0.0,0.0
2024-09-19,1.34,1.0,1.34,1.0,1.34,1.0,0.0,0.0,0.0,0.0
2024-09-20,4.66,2.0,4.66,2.0,10.03,5.0,1.65,0.69,1.76,0.82
2024-09-21,0.0,0.0,0.0,0.0,38.83,11.0,0.0,0.0,0.14,0.03
2024-09-22,0.71,1.0,22.49,5.0,83.76,17.0,16.51,3.13,60.77,11.64
2024-09-23,0.0,0.0,0.0,0.0,41.68,13.0,0.0,0.0,15.22,4.66
2024-09-24,0.0,0.0,0.0,0.0,16.06,4.0,0.0,0.0,1.71,0.39
2024-09-25,0.29,1.0,3.07,2.0,77.94,21.0,0.0,0.01,0.0,0.01
2024-09-26,0.0,0.0,0.0,0.0,0.0,0.0,0.0,0.0,0.0,0.0
2024-09-27,0.0,0.0,1.96,2.0,1.96,2.0,0.0,0.0,0.0,0.0
2024-09-28,0.65,1.0,0.65,1.0,0.65,1.0,0.0,0.0,0.0,0.0
2024-09-29,0.0,0.0,0.42,1.0,0.42,1.0,0.0,0.0,0.0,0.0
2024-09-30,6.9,2.0,18.97,5.0,25.19,7.0,9.71,2.94,13.96,4.16
2024-10-01,1.71,2.0,4.37,4.0,24.34,9.0,1.93,1.59,16.46,5.26
2024-10-02,41.19,8.0,78.38,19.0,144.84,38.0,14.35,4.89,35.44,9.82
2024-10-03,4.7,1.0,19.57,6.0,35.04,13.0,4.81,1.11,12.68,3.77
2024-10-04,0.0,0.0,0.0,0.0,32.04,10.0,0.0,0.0,6.33,1.98
2024-10-05,3.37,2.0,19.86,4.0,100.01,19.0,2.74,1.18,20.0,4.99
2024-10-06,6.67,3.0,84.95,23.0,202.0,55.0,5.42,2.0,96.63,25.45
2024-10-07,15.41,8.0,61.79,25.0,134.75,53.0,9.12,4.25,54.73,20.9
2024-10-08,26.1,5.0,105.25,25.0,220.92,56.0,7.17,2.58,91.68,25.52
2024-10-09,0.0,0.0,14.36,4.0,67.45,19.0,0.0,0.0,36.12,9.91
2024-10-10,21.86,5.0,117.51,28.0,295.16,66.0,40.77,9.96,172.64,37.65
2024-10-11,18.22,8.0,102.26,33.0,228.98,67.0,29.6,10.24,91.2,24.25
2024-10-12,24.24,10.0,191.34,57.0,636.71,163.0,24.97,9.16,207.42,48.89
2024-10-13,6.91,3.0,39.66,12.0,279.36,69.0,13.97,4.53,168.81,37.16
2024-10-14,1.84,2.0,1.84,2.0,51.04,16.0,0.93,0.79,14.41,5.0
2024-10-15,3.01,2.0,44.73,16.0,198.15,41.0,7.37,3.13,124.07,19.75
2024-10-16,6.79,1.0,27.21,7.0,49.78,13.0,0.88,0.4,16.64,4.95
2024-10-17,10.36,5.0,40.95,18.0,446.51,96.0,1.07,0.57,21.52,5.8
2024-10-18,17.31,7.0,56.67,19.0,262.91,78.0,17.38,4.72,56.11,18.62
2024-10-19,1.65,3.0,33.68,14.0,148.8,48.0,5.94,2.78,12.58,5.43
2024-10-20,0.0,0.0,8.45,4.0,124.4,29.0,0.05,0.01,0.45,0.15
2024-10-21,7.05,5.0,43.87,15.0,84.79,27.0,7.52,2.77,12.01,4.14
2024-10-22,5.65,3.0,35.08,12.0,238.42,51.0,6.05,1.68,108.09,19.47
2024-10-23,8.82,3.0,63.76,21.0,274.91,84.0,12.92,4.09,113.65,32.7
2024-10-24,0.0,0.0,47.38,10.0,220.21,48.0,0.12,0.03,105.45,23.51
2024-10-25,20.91,5.0,26.85,9.0,219.53,49.0,16.11,2.78,159.62,32.87
2024-10-26,1.76,1.0,38.72,12.0,108.89,36.0,3.33,1.36,33.67,11.99
2024-10-27,0.0,0.0,34.17,10.0,149.05,37.0,15.0,5.31,15.82,5.61
2024-10-28,0.9,1.0,33.64,12.0,212.26,59.0,19.46,7.05,48.93,16.97
2024-10-29,7.47,2.0,24.74,7.0,153.82,42.0,16.59,4.71,55.24,16.61
2024-10-30,0.0,0.0,22.99,8.0,286.94,33.0,0.78,0.24,212.71,15.58
2024-10-31,0.0,0.0,46.73,18.0,347.35,74.0,16.26,5.21,269.19,48.76
2024-11-01,13.55,4.0,67.44,18.0,606.2,105.0,11.41,3.99,395.14,55.76
2024-11-02,68.83,8.0,109.14,23.0,456.22,108.0,12.77,3.75,150.77,33.27
2024-11-03,0.0,0.0,0.0,0.0,0.0,0.0,0.0,0.0,0.0,0.0
2024-11-04,0.0,0.0,0.0,0.0,0.0,0.0,0.0,0.0,0.0,0.0
2024-11-05,0.0,0.0,0.0,0.0,0.0,0.0,0.0,0.0,0.0,0.0
2024-11-06,0.0,0.0,0.0,0.0,1.32,2.0,0.0,0.0,0.0,0.0
2024-11-07,0.4,1.0,7.82,5.0,351.29,59.0,0.54,0.37,9.87,4.09
2024-11-08,5.35,3.0,36.26,12.0,294.09,78.0,11.92,4.07,26.19,11.28
2024-11-09,3.18,3.0,31.19,10.0,300.32,62.0,8.02,2.15,24.97,7.35
2024-11-10,1.7,3.0,11.84,5.0,114.63,29.0,0.42,0.4,4.07,1.85
2024-11-11,0.0,0.0,4.32,1.0,179.87,47.0,0.0,0.0,0.91,0.34
2024-11-12,15.7,7.0,40.8,16.0,237.47,53.0,7.14,2.39,156.1,26.04
2024-11-13,5.37,6.0,32.53,18.0,99.47,45.0,9.44,5.13,21.52,9.79
2024-11-14,4.22,4.0,40.41,17.0,77.33,33.0,15.54,6.04,25.81,9.33
2024-11-15,8.36,6.0,24.22,10.0,222.8,42.0,7.39,1.93,172.7,23.41
2024-11-16,0.0,0.0,21.85,4.0,238.82,48.0,6.6,1.8,191.66,37.54
2024-11-17,5.7,1.0,23.08,7.0,66.14,19.0,8.8,3.11,31.63,7.5
2024-11-18,39.47,10.0,51.91,15.0,160.45,48.0,16.93,4.63,68.72,22.77
2024-11-19,3.21,2.0,76.65,25.0,297.39,88.0,24.16,8.11,157.01,37.44
2024-11-20,11.24,3.0,39.86,14.0,186.2,54.0,17.95,5.53,102.95,29.34
2024-11-21,1.61,2.0,28.49,12.0,215.44,49.0,9.99,4.14,123.79,21.17
2024-11-22,3.98,3.0,22.9,11.0,134.88,36.0,7.58,2.35,67.66,14.04
2024-11-23,1.32,2.0,129.76,35.0,366.55,97.0,20.11,6.12,51.16,13.99
2024-11-24,26.76,12.0,119.87,42.0,453.6,152.0,33.77,12.31,207.73,65.36
2024-11-25,4.87,3.0,34.77,10.0,121.0,38.0,7.19,2.98,41.9,12.86
2024-11-26,1.88,3.0,40.41,17.0,115.93,36.0,5.32,3.84,25.79,9.81
2024-11-27,5.28,4.0,50.43,16.0,109.2,37.0,15.83,5.91,45.83,16.04
2024-11-28,6.62,6.0,83.04,30.0,187.56,62.0,40.52,12.54,91.94,27.84
2024-11-29,40.35,16.0,108.77,43.0,238.47,86.0,66.22,25.87,145.73,51.19
2024-11-30,66.87,16.0,126.22,35.0,262.27,83.0,25.52,7.4,69.7,20.77
2024-12-01,19.17,8.0,52.35,16.0,146.99,44.0,18.39,4.81,46.78,11.95
2024-12-02,10.98,6.0,47.97,20.0,64.87,26.0,15.52,5.34,16.82,5.75
2024-12-03,24.46,8.0,44.86,14.0,120.02,35.0,26.85,6.87,43.99,12.43
2024-12-04,6.41,6.0,29.03,16.0,124.66,49.0,13.05,6.26,40.22,16.55
2024-12-05,12.59,6.0,76.75,26.0,263.7,70.0,7.81,3.41,51.98,11.3
2024-12-06,19.01,12.0,55.58,27.0,136.88,48.0,23.72,11.41,39.85,14.57
2024-12-07,11.11,3.0,70.15,24.0,179.22,62.0,26.11,10.54,70.33,31.28
2024-12-08,10.65,7.0,71.13,28.0,186.51,60.0,23.64,10.51,59.65,21.17
2024-12-09,7.99,6.0,73.62,26.0,123.61,44.0,58.89,18.16,74.93,22.64
2024-12-10,21.21,11.0,79.73,33.0,224.59,81.0,19.14,5.23,45.45,14.08
2024-12-11,24.19,8.0,137.42,40.0,295.17,85.0,31.6,9.06,70.11,17.22
2024-12-12,3.43,3.0,25.49,11.0,119.7,33.0,4.56,2.38,23.31,8.65
2024-12-13,46.34,12.0,55.93,16.0,132.09,35.0,18.64,4.99,27.31,8.68
2024-12-14,22.65,10.0,100.37,22.0,233.35,60.0,45.63,6.48,64.68,11.1
2024-12-15,47.64,18.0,216.22,79.0,394.42,143.0,73.74,26.59,129.25,45.95
2024-12-16,47.55,15.0,212.13,67.0,407.53,133.0,95.24,29.76,183.24,55.87
2024-12-17,37.52,11.0,135.5,36.0,218.21,58.0,48.15,13.75,95.25,23.63
2024-12-18,14.1,6.0,58.49,22.0,128.95,44.0,13.63,4.6,36.48,11.25
2024-12-19,7.83,2.0,20.11,4.0,95.02,26.0,6.72,1.72,43.86,12.87
2024-12-20,43.25,16.0,138.1,51.0,283.96,95.0,67.2,23.36,126.62,40.47
2024-12-21,34.29,15.0,162.56,56.0,353.56,128.0,82.38,21.88,147.46,44.26
2024-12-22,38.28,15.0,137.38,51.0,305.12,96.0,41.98,14.99,88.86,26.37
2024-12-23,0.0,0.0,9.51,4.0,11.3,5.0,9.42,3.96,10.54,4.58
2024-12-24,0.88,1.0,10.15,4.0,22.55,9.0,3.23,0.87,12.34,4.45
2024-12-25,38.0,14.0,117.29,39.0,284.36,86.0,34.44,12.38,97.15,28.13
2024-12-26,40.15,14.0,205.52,77.0,381.08,141.0,115.94,43.24,202.59,74.19
2024-12-27,0.0,0.0,0.0,0.0,7.42,2.0,0.0,0.0,3.48,0.97
2024-12-28,0.0,0.0,0.0,0.0,0.0,0.0,0.0,0.0,0.0,0.0
2024-12-29,0.0,0.0,0.0,0.0,0.0,0.0,0.0,0.0,0.0,0.0
2024-12-30,0.0,0.0,0.0,0.0,0.0,0.0,0.0,0.0,0.0,0.0
2024-12-31,0.0,0.0,2.37,1.0,4.21,2.0,1.73,0.73,1.73,0.73
2025-01-01,0.0,0.0,10.21,1.0,10.21,1.0,0.0,0.0,0.0,0.0
2025-01-02,0.0,0.0,0.0,0.0,0.0,0.0,0.0,0.0,0.0,0.0
2025-01-03,0.0,0.0,0.0,0.0,0.52,1.0,0.0,0.0,0.0,0.0
2025-01-04,0.0,0.0,6.9,2.0,15.32,5.0,0.0,0.0,0.0,0.0
2025-01-05,33.43,7.0,98.1,26.0,192.54,52.0,16.05,5.47,37.53,11.49
2025-01-06,7.4,3.0,36.14,11.0,66.38,20.0,2.89,0.71,8.71,2.48
2025-01-07,2.56,4.0,2.56,4.0,3.72,5.0,0.0,0.0,1.15,1.0
2025-01-08,15.58,7.0,62.1,21.0,92.46,32.0,18.07,5.93,32.09,9.8
2025-01-09,2.74,1.0,12.15,6.0,33.99,15.0,2.6,1.06,11.24,4.46
2025-01-10,3.13,1.0,18.28,6.0,52.95,16.0,5.98,2.21,18.57,6.69
2025-01-11,0.77,1.0,19.64,8.0,73.78,27.0,2.97,0.92,24.62,9.23
2025-01-12,2.25,2.0,2.25,2.0,2.25,2.0,0.0,0.0,0.0,0.0
2025-01-13,8.86,2.0,10.86,3.0,15.41,6.0,1.14,0.57,2.42,1.69
2025-01-14,0.97,1.0,2.87,2.0,18.22,7.0,1.05,0.55,9.42,3.61
2025-01-15,0.0,0.0,0.0,0.0,2.63,1.0,0.0,0.0,0.12,0.04
2025-01-16,1.34,2.0,1.77,3.0,3.98,4.0,0.73,1.35,0.94,1.45
2025-01-17,0.0,0.0,6.8,3.0,45.66,16.0,0.74,0.3,4.49,1.23
2025-01-18,3.08,3.0,7.27,4.0,7.27,4.0,0.0,0.0,0.0,0.0
2025-01-19,12.62,5.0,68.75,19.0,116.37,34.0,13.6,5.09,25.76,8.52
2025-01-20,10.44,5.0,43.46,16.0,90.35,30.0,13.3,5.7,17.1,7.0
2025-01-21,3.59,3.0,119.05,39.0,261.64,57.0,59.53,16.51,80.61,19.68
2025-01-22,43.53,16.0,135.96,53.0,237.03,88.0,43.53,17.39,58.04,21.21
2025-01-23,2.59,2.0,40.41,15.0,94.51,34.0,15.58,5.91,28.12,11.19
2025-01-24,15.87,7.0,72.08,20.0,142.22,39.0,4.99,1.53,32.68,4.89
2025-01-25,2.0,1.0,153.43,28.0,312.09,62.0,4.74,2.55,29.05,7.3
2025-01-26,25.88,10.0,126.87,26.0,210.69,50.0,12.61,3.48,20.41,5.41
2025-01-27,18.1,8.0,84.28,33.0,221.26,72.0,6.77,3.66,40.68,11.26
2025-01-28,11.42,3.0,64.31,19.0,153.61,45.0,32.26,8.53,72.98,19.73
2025-01-29,35.81,5.0,63.0,11.0,106.37,23.0,13.39,1.34,32.18,4.67
2025-01-30,7.34,3.0,67.39,20.0,194.08,51.0,11.86,1.85,33.15,8.46
2025-01-31,21.87,9.0,62.08,25.0,135.58,49.0,6.82,2.04,9.86,3.09
2025-02-01,54.94,18.0,146.8,46.0,313.16,100.0,74.46,21.56,178.96,54.15
2025-02-02,26.07,10.0,98.83,34.0,270.55,89.0,27.37,8.89,55.59,19.29
2025-02-03,10.44,4.0,59.86,14.0,224.13,43.0,32.65,6.28,110.78,21.0
2025-02-04,0.37,1.0,0.71,2.0,2.29,3.0,0.01,0.03,1.55,1.0
2025-02-05,8.99,4.0,159.69,23.0,214.25,33.0,68.28,7.3,86.84,11.26
2025-02-06,8.1,4.0,34.37,10.0,156.0,39.0,2.06,2.37,17.87,6.98
2025-02-07,42.55,5.0,105.55,23.0,249.7,50.0,17.91,3.69,32.1,5.87
2025-02-08,5.02,3.0,46.11,17.0,265.36,46.0,3.08,1.87,14.35,4.61
2025-02-09,10.42,5.0,75.69,25.0,139.79,48.0,38.34,10.78,60.6,16.57
2025-02-10,3.92,5.0,79.81,19.0,246.15,46.0,18.61,5.53,38.27,10.59
2025-02-11,23.17,9.0,66.28,20.0,184.89,52.0,23.61,7.94,43.47,13.33
2025-02-12,40.14,11.0,67.73,22.0,316.2,75.0,24.85,5.12,58.72,14.27
2025-02-13,6.8,4.0,33.87,12.0,126.4,38.0,10.59,4.18,38.04,11.45
2025-02-14,30.16,13.0,32.33,15.0,170.05,32.0,5.37,5.73,23.23,8.84
2025-02-15,2.27,3.0,38.28,11.0,78.9,24.0,11.77,3.08,36.79,12.04
2025-02-16,5.84,4.0,41.35,10.0,64.88,17.0,10.43,2.14,13.2,3.47
2025-02-17,7.02,3.0,46.88,15.0,105.16,33.0,20.43,8.17,42.34,18.39
2025-02-18,7.4,5.0,79.96,25.0,262.4,67.0,17.91,5.5,45.88,10.04
2025-02-19,0.95,1.0,7.73,2.0,36.25,8.0,1.52,0.22,4.08,1.0
2025-02-20,9.92,6.0,9.92,6.0,15.58,7.0,1.27,0.43,1.27,0.43
2025-02-21,1.64,2.0,85.53,12.0,107.02,18.0,39.06,3.91,39.22,3.96
2025-02-22,3.3,4.0,20.81,8.0,33.23,10.0,13.55,3.49,13.77,3.53
2025-02-23,15.84,6.0,51.99,24.0,233.59,66.0,13.31,4.99,47.83,15.39
2025-02-24,7.92,10.0,39.41,21.0,101.52,38.0,12.49,6.67,26.28,9.91
2025-02-25,8.09,2.0,34.36,11.0,59.64,22.0,11.38,3.17,15.67,4.87
2025-02-26,0.0,0.0,18.12,6.0,72.04,17.0,8.45,2.55,23.07,7.09
2025-02-27,0.0,0.0,0.0,0.0,0.0,0.0,0.0,0.0,0.0,0.0
2025-02-28,2.24,2.0,2.24,2.0,244.17,24.0,0.93,1.14,0.93,1.14
2025-03-01,0.0,0.0,0.0,0.0,15.58,5.0,0.0,0.0,7.08,1.88
2025-03-02,5.92,5.0,10.13,7.0,16.22,10.0,6.76,5.04,11.15,6.57
2025-03-03,2.7,2.0,22.25,4.0,54.11,16.0,0.51,0.89,1.29,1.4
2025-03-04,1.96,4.0,36.92,13.0,109.0,25.0,6.12,4.98,18.61,8.66
2025-03-05,26.57,13.0,60.53,21.0,286.36,39.0,38.06,10.96,61.95,14.95
2025-03-06,56.92,12.0,88.66,19.0,313.56,54.0,9.42,8.11,37.67,11.8
2025-03-07,15.4,7.0,28.85,9.0,60.68,21.0,18.92,5.68,25.34,8.78
2025-03-08,0.5,1.0,50.79,4.0,81.35,17.0,1.35,0.03,13.73,5.24
2025-03-09,18.11,4.0,18.11,4.0,41.09,9.0,8.29,1.79,15.3,3.1
2025-03-10,4.88,3.0,45.23,16.0,100.71,26.0,6.36,1.97,25.44,4.73
2025-03-11,2.32,3.0,6.06,7.0,21.94,16.0,1.42,1.39,13.17,7.54
2025-03-12,14.2,3.0,22.89,6.0,73.27,19.0,2.74,2.56,12.35,5.2
2025-03-13,0.53,1.0,111.27,10.0,375.62,29.0,15.93,3.03,127.91,8.42
2025-03-14,0.0,0.0,9.85,3.0,19.63,5.0,8.06,2.06,13.99,3.33
2025-03-15,3.93,5.0,4.68,7.0,4.68,7.0,0.87,1.88,0.87,1.88
2025-03-16,18.85,11.0,82.44,21.0,167.58,39.0,21.3,6.93,63.18,12.85
2025-03-17,1.15,1.0,6.85,3.0,54.55,16.0,0.0,0.0,6.81,2.01
2025-03-18,4.57,3.0,8.28,4.0,56.69,14.0,3.43,0.92,4.96,1.92
2025-03-19,39.3,6.0,46.64,10.0,93.08,23.0,32.66,5.08,49.45,9.95
2025-03-20,11.3,12.0,34.56,20.0,135.52,44.0,5.72,6.45,27.1,12.58
2025-03-21,36.47,7.0,53.88,13.0,149.98,40.0,35.02,5.92,51.69,10.69
2025-03-22,4.04,3.0,31.8,12.0,93.46,32.0,9.43,4.29,20.77,7.32
2025-03-23,1.91,3.0,73.36,11.0,149.7,30.0,5.05,1.05,7.96,1.74
2025-03-24,1.57,2.0,7.6,4.0,64.2,20.0,0.85,1.01,1.2,1.38
2025-03-25,1.7,2.0,8.85,5.0,70.81,18.0,0.16,0.11,17.78,3.42
2025-03-26,0.0,0.0,25.62,6.0,121.58,28.0,0.7,0.17,3.92,0.98
2025-03-27,1.29,1.0,47.46,11.0,142.54,39.0,1.36,0.96,7.07,2.94
2025-03-28,48.46,5.0,55.58,8.0,132.44,30.0,4.34,1.02,8.78,4.14
2025-03-29,3.47,5.0,26.39,10.0,49.23,20.0,2.81,4.31,2.87,4.33
2025-03-30,5.41,2.0,37.87,10.0,130.56,31.0,4.38,2.18,8.09,3.09
2025-03-31,0.89,1.0,2.28,2.0,84.3,25.0,0.89,1.0,3.43,2.32
2025-04-01,48.18,8.0,59.48,10.0,187.84,47.0,8.71,1.45,17.24,3.45
2025-04-02,25.78,2.0,39.57,8.0,176.33,35.0,8.8,3.1,32.3,7.53
2025-04-03,1.47,1.0,9.11,2.0,119.93,36.0,0.33,0.22,5.13,1.93
2025-04-04,0.0,0.0,39.6,11.0,336.14,67.0,9.0,3.28,12.26,3.9
2025-04-05,6.64,5.0,21.85,8.0,186.11,56.0,5.77,1.68,9.11,4.04
2025-04-06,7.28,4.0,8.71,6.0,102.39,36.0,1.11,1.75,2.33,2.33
2025-04-07,18.02,5.0,35.42,12.0,226.61,71.0,19.53,6.42,166.01,53.42
2025-04-08,12.3,2.0,26.42,7.0,61.04,14.0,2.31,0.48,4.26,0.86
2025-04-09,6.48,1.0,12.98,3.0,40.83,12.0,0.0,0.0,10.93,3.67
2025-04-10,0.0,0.0,0.0,0.0,12.77,4.0,0.0,0.0,3.06,0.51
2025-04-11,1.69,3.0,9.36,7.0,57.16,19.0,2.98,2.37,10.58,5.8
2025-04-12,0.61,1.0,10.85,6.0,32.67,15.0,2.27,1.4,16.73,6.78
2025-04-13,10.1,4.0,49.89,17.0,105.3,30.0,9.18,2.99,31.99,7.8
2025-04-14,1.96,2.0,53.23,12.0,451.99,47.0,6.7,1.27,23.5,5.82
2025-04-15,1.7,2.0,44.92,13.0,218.01,30.0,2.57,1.01,9.74,3.9
2025-04-16,1.33,3.0,96.71,22.0,491.33,79.0,24.95,5.47,69.84,13.09
2025-04-17,36.04,11.0,100.84,27.0,178.44,40.0,23.26,4.85,40.66,7.63
2025-04-18,6.05,2.0,111.86,25.0,139.34,33.0,8.96,4.16,14.18,6.19
2025-04-19,6.85,3.0,248.76,44.0,377.29,69.0,10.07,4.91,25.39,8.1
2025-04-20,10.61,3.0,198.23,43.0,256.25,57.0,2.88,0.76,9.75,2.2
2025-04-21,65.26,11.0,539.08,64.0,942.33,99.0,370.07,30.03,545.67,45.54
2025-04-22,86.93,17.0,576.74,71.0,958.74,139.0,139.61,21.61,249.43,31.03
2025-04-23,113.01,14.0,723.52,56.0,2479.14,153.0,406.49,22.96,1263.78,49.92
2025-04-24,283.07,19.0,1173.21,108.0,1693.61,227.0,655.44,57.04,816.47,90.65
2025-04-25,451.83,20.0,1880.04,184.0,3212.52,365.0,241.4,33.63,1028.02,119.79
2025-04-26,64.68,7.0,938.8,87.0,1756.74,239.0,561.5,47.94,564.35,49.58
2025-04-27,172.07,26.0,1431.29,244.0,2816.82,533.0,177.14,27.88,309.47,55.28
2025-04-28,33.89,12.0,661.14,98.0,1306.3,233.0,38.83,4.92,159.25,48.04
2025-04-29,116.75,27.0,745.38,153.0,1355.44,253.0,48.64,11.76,125.49,29.15
2025-04-30,133.73,37.0,641.79,152.0,1118.2,255.0,27.24,8.95,67.6,21.11
2025-05-01,59.98,14.0,655.82,84.0,1617.45,215.0,22.67,5.33,134.01,27.96
2025-05-02,0.46,1.0,0.46,1.0,0.46,1.0,0.31,0.67,0.31,0.67
2025-05-03,15.22,5.0,78.79,15.0,250.19,54.0,0.0,0.0,1.18,0.28
2025-05-04,26.0,5.0,416.4,75.0,1041.03,207.0,0.0,0.0,3.05,0.84
2025-05-05,0.0,0.0,26.9,7.0,69.7,22.0,1.68,0.45,2.61,1.39
2025-05-06,6.39,2.0,184.28,39.0,578.55,117.0,4.89,1.24,111.46,15.0
2025-05-07,24.25,8.0,247.95,43.0,1465.39,198.0,3.67,1.62,71.01,13.68
2025-05-08,104.68,31.0,516.94,128.0,1565.72,319.0,22.29,6.54,242.59,50.22
2025-05-09,61.88,8.0,244.72,35.0,655.12,107.0,8.23,2.46,131.53,19.84
2025-05-10,40.09,9.0,106.16,17.0,704.01,122.0,9.08,1.51,200.02,44.14
2025-05-11,94.01,16.0,607.86,129.0,2444.51,505.0,391.98,83.52,1796.29,378.44
2025-05-12,40.86,14.0,909.77,85.0,2189.2,354.0,257.73,43.03,854.72,159.06
2025-05-13,49.27,7.0,501.71,70.0,1994.76,309.0,307.29,42.33,1141.19,171.87
2025-05-14,2.91,2.0,58.0,10.0,709.03,113.0,53.07,8.98,554.52,81.21
2025-05-15,3.24,2.0,239.96,49.0,1420.22,234.0,159.33,34.07,912.98,152.24
2025-05-16,11.13,6.0,179.37,55.0,784.43,201.0,4.6,2.31,11.56,4.97
2025-05-17,18.64,5.0,75.38,15.0,901.33,142.0,2.64,0.91,40.7,11.47
2025-05-18,28.13,7.0,381.63,47.0,1463.32,161.0,20.75,7.06,47.2,13.78
2025-05-19,8.56,4.0,14.39,6.0,239.96,59.0,1.01,0.64,114.32,25.96
2025-05-20,10.12,2.0,130.36,18.0,385.78,64.0,1.35,0.45,8.99,2.12
2025-05-21,0.0,0.0,26.86,11.0,184.7,51.0,0.0,0.0,31.83,6.32
2025-05-22,2.26,1.0,7.54,4.0,64.72,21.0,0.0,0.0,0.0,0.0
2025-05-23,0.0,0.0,60.76,17.0,255.83,58.0,0.0,0.0,6.88,1.76
2025-05-24,7.37,3.0,33.19,11.0,182.68,49.0,0.84,0.4,25.17,7.39
2025-05-25,1.21,1.0,8.36,3.0,8.36,3.0,0.0,0.0,0.0,0.0
2025-05-26,0.0,0.0,0.0,0.0,3.19,2.0,0.0,0.0,1.7,1.08
2025-05-27,1.08,1.0,3.13,2.0,52.31,8.0,0.69,0.64,3.67,1.58
2025-05-28,0.0,0.0,3.39,1.0,23.01,6.0,0.0,0.0,2.95,0.96
2025-05-29,21.15,5.0,30.1,8.0,83.82,18.0,0.0,0.0,0.0,0.0
2025-05-30,0.0,0.0,0.98,1.0,0.98,1.0,0.0,0.0,0.0,0.0
2025-05-31,2.25,1.0,10.64,4.0,44.56,10.0,0.98,0.44,4.84,1.04
2025-06-01,0.0,0.0,0.0,0.0,28.68,12.0,0.0,0.0,0.87,0.47
2025-06-02,0.0,0.0,20.09,2.0,47.24,10.0,0.11,0.01,0.13,0.03
2025-06-03,0.0,0.0,27.38,3.0,52.48,9.0,0.0,0.0,1.15,1.57
2025-06-04,0.0,0.0,6.19,1.0,17.31,4.0,5.26,0.85,7.0,1.6
2025-06-05,0.0,0.0,4.13,1.0,22.1,5.0,0.0,0.0,0.0,0.0
2025-06-06,3.62,1.0,5.71,2.0,26.16,9.0,0.0,0.0,6.55,1.06
2025-06-07,0.81,1.0,0.81,1.0,27.53,8.0,0.0,0.0,2.67,0.75
2025-06-08,0.0,0.0,0.0,0.0,20.88,3.0,0.0,0.0,0.99,0.16
2025-06-09,8.53,4.0,8.53,4.0,69.83,15.0,3.89,2.94,23.1,6.78
2025-06-10,1.0,1.0,1.0,1.0,75.73,10.0,0.0,0.0,32.59,3.57
2025-06-11,2.85,2.0,43.99,6.0,84.55,16.0,0.0,0.0,1.0,0.27
2025-06-12,0.0,0.0,0.0,0.0,39.39,7.0,0.0,0.0,7.05,1.31
2025-06-13,0.0,0.0,0.0,0.0,51.17,9.0,0.0,0.0,3.03,0.79
2025-06-14,5.0,1.0,8.56,2.0,113.07,18.0,3.55,1.0,19.62,4.29
2025-06-15,0.0,0.0,0.0,0.0,0.0,0.0,0.0,0.0,0.0,0.0
2025-06-16,3.04,1.0,3.04,1.0,9.88,4.0,0.0,0.0,0.25,0.16
2025-06-17,0.0,0.0,0.0,0.0,0.0,0.0,0.0,0.0,0.0,0.0
2025-06-18,0.0,0.0,0.0,0.0,0.0,0.0,0.0,0.0,0.0,0.0
2025-06-19,0.0,0.0,5.31,2.0,12.72,4.0,0.0,0.0,0.0,0.0
2025-06-20,3.65,2.0,3.65,2.0,3.65,2.0,0.0,0.0,0.0,0.0
2025-06-21,2.73,1.0,7.55,3.0,10.89,4.0,0.0,0.0,0.0,0.0
2025-06-22,0.0,0.0,0.0,0.0,0.42,1.0,0.0,0.0,0.04,0.1
2025-06-23,0.0,0.0,0.0,0.0,2.85,1.0,0.0,0.0,0.0,0.0
2025-06-24,0.0,0.0,0.0,0.0,5.94,1.0,0.0,0.0,1.06,0.18
2025-06-25,0.0,0.0,0.0,0.0,0.0,0.0,0.0,0.0,0.0,0.0
2025-06-26,0.38,1.0,0.38,1.0,4.32,2.0,0.0,0.0,0.0,0.0
2025-06-27,0.0,0.0,8.36,1.0,10.39,2.0,7.92,0.95,7.92,0.95
2025-06-28,0.0,0.0,0.0,0.0,5.83,1.0,0.0,0.0,4.8,0.82
2025-06-29,0.0,0.0,0.0,0.0,0.0,0.0,0.0,0.0,0.0,0.0
2025-06-30,0.0,0.0,1.22,1.0,1.22,1.0,0.0,0.0,0.0,0.0
2025-07-01,1.71,1.0,1.71,1.0,3.69,2.0,0.0,0.0,0.08,0.04
2025-07-02,0.81,1.0,0.81,1.0,5.12,2.0,0.0,0.0,0.0,0.0
2025-07-03,0.0,0.0,5.28,1.0,5.28,1.0,0.0,0.0,0.0,0.0
2025-07-04,0.0,0.0,0.0,0.0,0.0,0.0,0.0,0.0,0.0,0.0
2025-07-05,0.0,0.0,0.0,0.0,0.0,0.0,0.0,0.0,0.0,0.0
2025-07-06,0.0,0.0,0.0,0.0,0.0,0.0,0.0,0.0,0.0,0.0
2025-07-07,0.0,0.0,0.0,0.0,0.0,0.0,0.0,0.0,0.0,0.0
2025-07-08,0.0,0.0,0.0,0.0,0.0,0.0,0.0,0.0,0.0,0.0
2025-07-09,0.0,0.0,0.0,0.0,0.0,0.0,0.0,0.0,0.0,0.0
2025-07-10,0.0,0.0,0.0,0.0,0.0,0.0,0.0,0.0,0.0,0.0
2025-07-11,0.0,0.0,0.0,0.0,0.0,0.0,0.0,0.0,0.0,0.0
2025-07-12,0.0,0.0,0.0,0.0,0.0,0.0,0.0,0.0,0.0,0.0
2025-07-13,0.0,0.0,0.0,0.0,5.25,1.0,0.0,0.0,2.19,0.42
2025-07-14,0.0,0.0,0.0,0.0,0.0,0.0,0.0,0.0,0.0,0.0
2025-07-15,0.0,0.0,0.0,0.0,0.0,0.0,0.0,0.0,0.0,0.0
2025-07-16,0.0,0.0,5.43,1.0,5.43,1.0,0.0,0.0,0.0,0.0
2025-07-17,0.0,0.0,0.0,0.0,0.0,0.0,0.0,0.0,0.0,0.0
2025-07-18,0.0,0.0,0.0,0.0,0.0,0.0,0.0,0.0,0.0,0.0
2025-07-19,0.39,1.0,0.39,1.0,0.39,1.0,0.0,0.0,0.0,0.0
2025-07-20,0.0,0.0,0.0,0.0,0.0,0.0,0.0,0.0,0.0,0.0
2025-07-21,0.0,0.0,0.0,0.0,0.0,0.0,0.0,0.0,0.0,0.0
2025-07-22,0.0,0.0,0.0,0.0,2.31,1.0,0.0,0.0,1.02,0.44
2025-07-23,0.0,0.0,0.0,0.0,0.0,0.0,0.0,0.0,0.0,0.0
2025-07-24,0.0,0.0,0.0,0.0,0.0,0.0,0.0,0.0,0.0,0.0
2025-07-25,0.0,0.0,0.0,0.0,0.0,0.0,0.0,0.0,0.0,0.0
2025-07-26,0.95,1.0,0.95,1.0,0.95,1.0,0.0,0.0,0.0,0.0
2025-07-27,0.0,0.0,3.39,1.0,3.39,1.0,0.0,0.0,0.0,0.0
2025-07-28,2.35,1.0,2.35,1.0,2.35,1.0,0.0,0.0,0.0,0.0
2025-07-29,0.0,0.0,0.0,0.0,0.0,0.0,0.0,0.0,0.0,0.0
2025-07-30,0.0,0.0,0.0,0.0,0.0,0.0,0.0,0.0,0.0,0.0
2025-07-31,0.0,0.0,0.0,0.0,0.0,0.0,0.0,0.0,0.0,0.0
2025-08-01,0.0,0.0,1.98,1.0,1.98,1.0,1.73,0.87,1.73,0.87
2025-08-02,0.0,0.0,0.0,0.0,0.0,0.0,0.0,0.0,0.0,0.0
2025-08-03,0.0,0.0,0.0,0.0,0.0,0.0,0.0,0.0,0.0,0.0
2025-08-04,0.0,0.0,0.0,0.0,0.0,0.0,0.0,0.0,0.0,0.0
2025-08-05,0.0,0.0,0.0,0.0,0.0,0.0,0.0,0.0,0.0,0.0
2025-08-06,2.78,2.0,2.78,2.0,2.78,2.0,1.64,0.95,1.64,0.95
2025-08-07,2.99,2.0,2.99,2.0,2.99,2.0,1.08,1.06,1.08,1.06
2025-08-08,0.0,0.0,0.0,0.0,0.0,0.0,0.0,0.0,0.0,0.0
2025-08-09,0.0,0.0,0.0,0.0,4.36,1.0,0.0,0.0,0.0,0.0
2025-08-10,0.0,0.0,0.0,0.0,0.0,0.0,0.0,0.0,0.0,0.0
2025-08-11,0.0,0.0,0.0,0.0,0.0,0.0,0.0,0.0,0.0,0.0
2025-08-12,0.0,0.0,0.0,0.0,0.0,0.0,0.0,0.0,0.0,0.0
2025-08-13,0.0,0.0,0.0,0.0,0.0,0.0,0.0,0.0,0.0,0.0
2025-08-14,0.0,0.0,0.0,0.0,0.0,0.0,0.0,0.0,0.0,0.0
2025-08-15,0.0,0.0,0.0,0.0,0.0,0.0,0.0,0.0,0.0,0.0
2025-08-16,0.0,0.0,0.0,0.0,0.0,0.0,0.0,0.0,0.0,0.0
2025-08-17,0.61,1.0,0.61,1.0,0.61,1.0,0.0,0.0,0.0,0.0
2025-08-18,5.46,1.0,5.46,1.0,5.46,1.0,0.0,0.0,0.0,0.0
2025-08-19,0.0,0.0,0.0,0.0,0.0,0.0,0.0,0.0,0.0,0.0
2025-08-20,0.0,0.0,0.65,1.0,3.25,2.0,0.0,0.0,0.0,0.0
2025-08-21,0.0,0.0,1.42,1.0,1.42,1.0,0.0,0.0,0.0,0.0
2025-08-22,0.0,0.0,0.0,0.0,0.0,0.0,0.0,0.0,0.0,0.0
2025-08-23,0.0,0.0,0.0,0.0,0.0,0.0,0.0,0.0,0.0,0.0
2025-08-24,0.0,0.0,0.0,0.0,0.0,0.0,0.0,0.0,0.0,0.0
2025-08-25,0.0,0.0,0.0,0.0,0.0,0.0,0.0,0.0,0.0,0.0
2025-08-26,0.0,0.0,0.0,0.0,0.0,0.0,0.0,0.0,0.0,0.0
2025-08-27,0.0,0.0,0.0,0.0,0.0,0.0,0.0,0.0,0.0,0.0
2025-08-28,1.15,1.0,1.15,1.0,1.15,1.0,0.0,0.0,0.0,0.0
2025-08-29,0.0,0.0,6.71,3.0,6.71,3.0,0.0,0.0,0.0,0.0
2025-08-30,1.21,2.0,1.21,2.0,3.14,3.0,0.0,0.0,0.0,0.0
2025-08-31,0.0,0.0,0.0,0.0,2.34,1.0,0.0,0.0,0.0,0.0
2025-09-01,0.0,0.0,0.0,0.0,0.0,0.0,0.0,0.0,0.0,0.0
2025-09-02,0.0,0.0,0.0,0.0,0.0,0.0,0.0,0.0,0.0,0.0
2025-09-03,0.0,0.0,0.0,0.0,0.0,0.0,0.0,0.0,0.0,0.0
2025-09-04,1.37,2.0,1.37,2.0,1.37,2.0,0.11,0.2,0.11,0.2
2025-09-05,0.0,0.0,0.0,0.0,0.0,0.0,0.0,0.0,0.0,0.0
2025-09-06,0.0,0.0,0.0,0.0,0.0,0.0,0.0,0.0,0.0,0.0
2025-09-07,2.58,3.0,2.58,3.0,2.58,3.0,0.0,0.0,0.0,0.0
2025-09-08,7.95,3.0,10.26,4.0,14.66,5.0,6.48,1.03,6.48,1.03
2025-09-09,0.0,0.0,0.0,0.0,0.0,0.0,0.0,0.0,0.0,0.0
2025-09-10,0.0,0.0,0.0,0.0,1.28,1.0,0.0,0.0,0.66,0.52
2025-09-11,0.0,0.0,1.52,1.0,1.52,1.0,1.43,0.94,1.43,0.94
2025-09-12,3.09,2.0,6.13,3.0,9.37,4.0,1.88,0.73,2.33,0.87
2025-09-13,1.78,1.0,3.3,2.0,3.3,2.0,1.96,1.14,1.96,1.14
2025-09-14,0.64,1.0,10.83,4.0,10.83,4.0,1.22,1.16,1.22,1.16
2025-09-15,0.0,0.0,1.26,1.0,20.97,4.0,1.26,1.0,16.67,3.28
2025-09-16,0.0,0.0,0.0,0.0,10.43,2.0,0.0,0.0,0.0,0.0
2025-09-17,0.0,0.0,6.92,1.0,12.4,2.0,0.0,0.0,0.0,0.0
2025-09-18,1.25,3.0,1.25,3.0,10.33,6.0,0.0,0.0,0.0,0.0
2025-09-19,0.29,1.0,0.29,1.0,2.62,2.0,0.21,0.73,0.22,0.74
2025-09-20,0.0,0.0,0.0,0.0,0.0,0.0,0.0,0.0,0.0,0.0
2025-09-21,0.0,0.0,14.88,3.0,18.59,4.0,3.05,0.55,6.75,1.55
2025-09-22,2.08,1.0,6.04,4.0,6.04,4.0,1.77,0.85,1.77,0.85
2025-09-23,0.83,1.0,15.3,4.0,23.67,7.0,1.19,0.21,7.02,2.2
2025-09-24,1.37,1.0,11.35,6.0,27.37,12.0,0.95,0.37,4.92,1.76
2025-09-25,1.79,1.0,6.86,2.0,15.22,5.0,2.4,1.07,10.6,4.02
2025-09-26,0.0,0.0,25.31,6.0,48.25,11.0,0.6,0.16,1.67,0.36
2025-09-27,0.0,0.0,0.0,0.0,5.07,2.0,0.0,0.0,0.27,0.1
2025-09-28,0.0,0.0,30.74,8.0,64.27,13.0,6.79,1.96,8.34,2.2
2025-09-29,0.0,0.0,27.13,8.0,59.91,19.0,13.61,3.8,25.61,7.61
2025-09-30,0.0,0.0,0.0,0.0,5.74,2.0,0.0,0.0,0.0,0.0
2025-10-01,1.32,2.0,3.38,3.0,6.62,4.0,0.0,0.0,0.57,0.17
2025-10-02,7.55,3.0,7.55,3.0,17.93,5.0,2.65,1.06,2.65,1.06
2025-10-03,0.0,0.0,0.0,0.0,5.27,1.0,0.0,0.0,0.0,0.0
2025-10-04,7.84,4.0,18.88,9.0,57.8,19.0,1.96,1.8,8.79,4.12
2025-10-05,4.68,2.0,68.68,22.0,149.06,49.0,3.68,0.97,22.11,7.76
2025-10-06,0.0,0.0,0.0,0.0,0.0,0.0,0.0,0.0,0.0,0.0
2025-10-07,0.0,0.0,0.0,0.0,36.01,7.0,0.0,0.0,0.0,0.0
2025-10-08,5.37,7.0,6.0,8.0,6.0,8.0,3.73,4.43,3.73,4.43
2025-10-09,2.2,4.0,3.36,6.0,7.64,8.0,2.17,3.35,6.45,5.35
2025-10-10,0.28,1.0,6.9,4.0,25.69,10.0,1.61,1.43,4.37,2.48
2025-10-11,0.96,1.0,11.87,6.0,26.82,10.0,3.69,3.31,3.69,3.31
2025-10-12,1.33,2.0,8.54,6.0,54.83,15.0,5.91,4.32,20.26,8.93
2025-10-13,1.89,2.0,22.31,8.0,35.24,14.0,1.09,1.31,8.58,4.96
2025-10-14,1.07,3.0,8.82,8.0,48.86,18.0,0.32,0.94,17.51,6.29
2025-10-15,3.8,4.0,29.9,14.0,94.77,33.0,4.17,2.86,12.45,7.55
2025-10-16,2.32,1.0,36.96,10.0,327.57,67.0,2.38,1.52,74.24,12.68
2025-10-17,3.04,2.0,20.51,5.0,63.36,13.0,0.0,0.0,22.36,2.47
2025-10-18,0.0,0.0,3.13,1.0,25.73,7.0,0.0,0.0,9.01,1.31
2025-10-19,0.65,1.0,19.22,6.0,126.32,31.0,0.0,0.0,37.78,8.44
2025-10-20,1.49,2.0,69.8,18.0,349.67,84.0,0.16,0.05,41.64,7.51
2025-10-21,4.69,1.0,15.46,5.0,194.01,53.0,4.6,1.66,53.32,15.96
2025-10-22,0.0,0.0,30.03,7.0,146.14,36.0,2.74,1.38,12.82,5.76
2025-10-23,1.15,1.0,1.15,1.0,57.44,14.0,0.8,0.69,24.31,4.0
2025-10-24,0.0,0.0,12.0,3.0,42.48,10.0,0.0,0.0,3.24,0.47
2025-10-25,0.76,1.0,21.89,7.0,86.0,28.0,3.44,1.0,21.73,6.08
2025-10-26,6.33,5.0,29.07,14.0,298.47,87.0,9.01,3.83,88.74,31.2
2025-10-27,0.0,0.0,0.0,0.0,65.3,14.0,0.0,0.0,0.0,0.0
2025-10-28,0.0,0.0,0.0,0.0,17.88,2.0,0.0,0.0,0.0,0.0
2025-10-29,0.0,0.0,0.0,0.0,149.38,28.0,0.0,0.0,76.32,16.45
2025-10-30,0.0,0.0,0.91,1.0,97.43,13.0,0.0,0.0,0.0,0.0
2025-10-31,1.83,2.0,18.89,5.0,145.55,35.0,3.62,1.98,83.59,19.55
2025-11-01,2.19,3.0,15.06,8.0,217.06,48.0,0.12,0.04,106.06,19.42
2025-11-02,0.57,1.0,11.64,4.0,90.36,26.0,0.0,0.0,30.78,7.37
2025-11-03,0.0,0.0,46.03,8.0,173.86,32.0,4.65,1.95,50.57,10.6
2025-11-04,2.59,1.0,21.35,7.0,125.18,20.0,0.0,0.0,0.0,0.0
2025-11-05,13.21,11.0,56.48,22.0,204.12,64.0,15.85,9.29,63.88,23.54
2025-11-06,2.24,1.0,42.56,12.0,287.33,87.0,21.16,5.02,109.87,33.77
2025-11-07,12.77,5.0,57.83,15.0,155.92,45.0,45.72,11.46,96.25,26.92
2025-11-08,3.8,3.0,21.44,8.0,308.25,58.0,8.8,4.85,255.84,43.26
2025-11-09,1.75,4.0,45.03,16.0,438.79,88.0,32.09,8.27,354.2,61.43
2025-11-10,15.15,6.0,36.03,12.0,282.24,79.0,15.0,6.45,181.62,49.19
2025-11-11,10.69,4.0,74.1,25.0,378.39,109.0,36.54,13.35,237.28,62.2
2025-11-12,2.12,2.0,2.12,2.0,5.71,5.0,0.0,0.0,0.0,0.0
2025-11-13,13.31,7.0,44.0,13.0,115.19,30.0,9.2,3.08,66.65,14.36
2025-11-14,0.0,0.0,57.58,16.0,141.74,39.0,43.36,11.33,97.7,24.2
2025-11-15,3.27,4.0,78.54,27.0,287.23,65.0,41.36,13.51,137.3,33.39
2025-11-16,15.8,9.0,89.05,33.0,265.23,78.0,46.46,17.75,162.38,44.8
2025-11-17,15.55,9.0,91.85,34.0,161.31,56.0,41.99,13.9,56.11,20.3
2025-11-18,1.38,3.0,36.65,13.0,81.26,33.0,15.37,4.9,35.1,14.45
2025-11-19,2.4,1.0,21.37,6.0,54.03,14.0,4.39,1.65,23.55,6.41
2025-11-20,11.65,4.0,40.29,12.0,65.74,24.0,20.95,5.69,21.62,6.08
2025-11-21,23.59,7.0,91.52,28.0,130.33,41.0,15.44,3.37,18.58,4.37
2025-11-22,12.59,11.0,86.29,36.0,191.01,74.0,31.24,11.7,64.55,22.8
2025-11-23,9.03,7.0,57.27,28.0,120.84,45.0,21.86,11.91,31.99,15.65
2025-11-24,9.27,6.0,26.01,12.0,109.06,30.0,7.8,5.13,65.67,14.67
2025-11-25,14.5,11.0,37.81,21.0,76.64,36.0,8.52,5.08,18.76,8.67
2025-11-26,15.52,6.0,84.5,28.0,196.63,58.0,54.45,15.16,97.16,25.2
2025-11-27,27.89,14.0,105.16,47.0,241.52,95.0,37.32,16.89,104.66,39.89
2025-11-28,7.05,2.0,15.49,5.0,52.71,16.0,3.5,1.01,7.04,2.05
2025-11-29,23.91,6.0,37.61,11.0,59.25,17.0,13.35,5.32,14.39,5.81
2025-11-30,4.58,2.0,21.42,10.0,516.54,33.0,13.56,6.54,373.53,18.21
2025-12-01,29.74,10.0,80.19,23.0,141.53,43.0,32.11,9.34,60.82,19.03
2025-12-02,21.82,11.0,134.35,52.0,210.69,85.0,68.65,23.66,103.98,39.98
2025-12-03,28.41,12.0,94.09,36.0,220.9,80.0,21.15,8.3,41.51,14.19
2025-12-04,12.58,7.0,32.81,12.0,59.99,20.0,8.07,2.22,8.42,2.47
2025-12-05,23.06,9.0,75.3,26.0,88.86,32.0,9.56,3.55,15.15,6.27
2025-12-06,21.88,10.0,60.54,18.0,104.4,33.0,12.23,4.25,18.67,6.62
2025-12-07,30.36,11.0,115.15,38.0,207.5,63.0,8.6,3.66,15.4,5.9
2025-12-08,4.43,4.0,64.51,30.0,146.01,65.0,3.85,3.31,16.3,10.74
2025-12-09,10.09,8.0,35.62,18.0,94.73,36.0,8.3,3.79,31.11,8.77
2025-12-10,14.5,7.0,66.07,29.0,99.16,39.0,8.08,5.59,14.8,6.91
2025-12-11,13.71,11.0,53.99,28.0,101.21,46.0,10.93,5.21,23.01,9.68
2025-12-12,16.41,8.0,84.98,26.0,133.11,43.0,44.87,11.58,59.53,17.75
2025-12-13,12.0,6.0,71.25,27.0,140.51,55.0,16.06,6.39,66.76,28.0
2025-12-14,9.38,2.0,44.65,13.0,64.54,21.0,30.36,8.52,33.18,9.94
2025-12-15,4.67,7.0,42.24,20.0,43.12,21.0,5.11,5.42,5.11,5.42
2025-12-16,13.1,8.0,68.06,23.0,86.87,30.0,19.59,5.83,24.04,8.14
2025-12-17,11.27,5.0,58.9,22.0,73.42,26.0,13.7,4.33,19.73,5.94
2025-12-18,0.0,0.0,17.46,6.0,51.54,20.0,5.07,1.7,12.66,4.96
2025-12-19,0.41,1.0,0.41,1.0,16.15,4.0,0.0,0.0,12.76,2.47
2025-12-20,0.0,0.0,3.77,1.0,9.16,4.0,0.0,0.0,1.72,0.98
2025-12-21,0.0,0.0,0.0,0.0,0.75,1.0,0.0,0.0,0.02,0.03
2025-12-22,1.85,3.0,16.83,7.0,38.98,13.0,9.62,3.14,15.58,4.99
2025-12-23,30.66,16.0,90.13,39.0,153.2,52.0,17.87,9.92,41.24,14.36
2025-12-24,12.67,6.0,58.34,27.0,161.53,52.0,4.32,2.22,22.23,5.65
2025-12-25,11.01,3.0,22.27,7.0,29.45,10.0,10.13,3.08,10.13,3.08
2025-12-26,3.75,2.0,8.68,4.0,30.54,12.0,4.67,1.7,11.07,4.6
2025-12-27,32.2,9.0,51.85,18.0,67.99,25.0,13.06,4.47,13.97,5.46
2025-12-28,14.7,3.0,34.3,10.0,81.84,23.0,25.42,7.55,37.33,11.33
2025-12-29,0.0,0.0,22.07,9.0,45.5,19.0,1.7,0.66,8.54,3.16
2025-12-30,2.13,2.0,21.28,8.0,78.38,14.0,3.12,0.94,4.08,1.14
2025-12-31,0.0,0.0,3.53,1.0,6.51,2.0,0.02,0.0,2.99,1.0
2026-01-01,0.0,0.0,0.0,0.0,0.0,0.0,0.0,0.0,0.0,0.0
2026-01-02,0.65,1.0,0.65,1.0,0.65,1.0,0.0,0.0,0.0,0.0
2026-01-03,1.43,2.0,5.87,3.0,13.1,6.0,0.0,0.0,0.74,0.4
2026-01-04,6.67,4.0,15.87,8.0,35.32,14.0,1.92,0.81,2.63,1.01
2026-01-05,0.51,1.0,29.36,6.0,55.4,9.0,3.73,0.7,4.31,0.91
2026-01-06,0.0,0.0,2.71,1.0,2.71,1.0,0.0,0.0,0.0,0.0
2026-01-07,2.67,1.0,5.69,2.0,13.46,5.0,2.55,0.85,3.77,1.3
2026-01-08,22.63,9.0,93.93,20.0,122.1,27.0,48.38,9.24,57.23,11.36
2026-01-09,4.19,2.0,36.04,14.0,46.71,18.0,21.5,7.54,23.96,8.41
2026-01-10,20.07,8.0,58.72,20.0,98.82,30.0,6.58,2.75,9.14,3.86
2026-01-11,4.99,3.0,8.93,5.0,28.61,11.0,0.95,0.47,0.95,0.47
2026-01-12,21.29,7.0,37.38,13.0,89.5,28.0,17.18,4.52,36.4,11.16
2026-01-13,1.27,2.0,29.21,11.0,100.03,27.0,9.85,4.11,18.75,6.22
2026-01-14,15.22,7.0,49.37,19.0,66.11,26.0,9.54,3.04,12.01,4.37
2026-01-15,3.03,1.0,14.46,5.0,16.66,6.0,3.72,1.26,3.8,1.29
2026-01-16,0.0,0.0,3.51,1.0,10.9,4.0,0.0,0.0,0.19,0.26
2026-01-17,1.18,1.0,3.03,2.0,17.28,5.0,2.02,1.44,6.91,2.44
2026-01-18,1.83,3.0,42.07,16.0,91.16,28.0,10.78,3.72,35.53,9.37
2026-01-19,35.78,9.0,96.26,28.0,205.3,66.0,40.25,13.05,77.11,27.45
2026-01-20,12.51,8.0,58.49,21.0,187.98,65.0,28.89,8.22,50.43,14.74
2026-01-21,2.19,4.0,43.8,18.0,117.47,38.0,15.79,5.61,39.46,15.33
2026-01-22,4.33,2.0,48.9,13.0,155.38,38.0,11.48,2.41,24.09,6.08
2026-01-23,0.0,0.0,0.0,0.0,0.0,0.0,0.0,0.0,0.0,0.0
2026-01-24,0.0,0.0,0.0,0.0,0.0,0.0,0.0,0.0,0.0,0.0
2026-01-25,3.45,3.0,10.45,6.0,60.71,18.0,1.1,0.54,12.42,1.21
2026-01-26,5.15,2.0,49.46,15.0,92.31,22.0,9.39,1.96,10.39,2.09
2026-01-27,0.0,0.0,0.0,0.0,0.0,0.0,0.0,0.0,0.0,0.0
2026-01-28,2.17,2.0,2.17,2.0,9.7,4.0,0.0,0.0,0.75,0.1
2026-01-29,4.09,6.0,7.88,8.0,10.2,9.0,3.29,2.72,3.47,2.8
2026-01-30,7.27,7.0,43.35,15.0,61.81,21.0,18.92,4.64,27.55,7.21
2026-01-31,0.0,0.0,0.0,0.0,12.58,3.0,0.0,0.0,0.0,0.0
2026-02-01,0.63,1.0,3.2,2.0,3.2,2.0,0.41,0.65,0.41,0.65
2026-02-02,0.0,0.0,0.0,0.0,14.33,3.0,0.0,0.0,2.35,0.62
2026-02-03,0.94,1.0,6.62,3.0,36.12,8.0,5.56,2.59,14.78,3.28
2026-02-04,34.25,14.0,79.35,29.0,120.75,39.0,15.66,10.1,43.64,16.6
2026-02-05,27.67,11.0,78.0,31.0,242.28,68.0,19.51,7.75,64.63,17.08
2026-02-06,4.92,2.0,63.82,13.0,135.87,33.0,4.53,1.89,10.92,3.55
2026-02-07,0.0,0.0,23.93,7.0,117.23,28.0,11.51,3.11,56.99,10.43
2026-02-08,16.3,4.0,50.39,12.0,164.89,36.0,6.94,1.76,24.42,6.47
2026-02-09,28.28,14.0,57.65,27.0,115.24,43.0,26.65,10.33,49.87,15.82
2026-02-10,12.97,6.0,129.2,32.0,149.03,40.0,41.99,9.86,46.28,12.31
2026-02-11,17.48,10.0,46.22,19.0,168.29,38.0,12.66,5.91,44.65,12.07
2026-02-12,0.0,0.0,15.91,6.0,69.05,17.0,9.77,3.35,10.24,3.56
2026-02-13,5.46,3.0,34.07,13.0,154.88,25.0,7.94,2.6,60.88,6.6
2026-02-14,1.12,3.0,43.36,15.0,337.03,47.0,6.79,4.74,113.68,13.38
2026-02-15,9.17,8.0,56.04,22.0,281.63,79.0,25.66,8.47,137.78,33.37
2026-02-16,14.09,7.0,62.23,19.0,161.07,49.0,15.45,3.62,35.03,10.13
2026-02-17,6.32,2.0,35.51,8.0,126.97,31.0,16.01,3.08,29.7,6.39
2026-02-18,0.0,0.0,0.0,0.0,0.0,0.0,0.0,0.0,0.0,0.0
2026-02-19,12.56,10.0,30.78,16.0,76.56,25.0,11.03,4.39,28.98,8.36
2026-02-20,0.75,2.0,45.98,14.0,123.8,30.0,11.99,2.73,24.22,6.75
2026-02-21,14.05,6.0,33.95,13.0,196.91,56.0,8.8,3.69,33.0,8.68
2026-02-22,8.81,5.0,47.48,16.0,136.35,34.0,22.04,7.42,27.39,10.11
2026-02-23,7.47,2.0,96.75,16.0,200.56,29.0,53.12,6.03,130.98,12.14
2026-02-24,2.3,3.0,48.47,13.0,284.56,33.0,21.43,4.94,172.29,12.69
2026-02-25,18.65,5.0,46.73,14.0,208.95,34.0,16.97,5.95,49.18,12.34
2026-02-26,33.7,9.0,52.58,15.0,110.51,31.0,6.06,6.47,31.1,12.25
2026-02-27,2.42,1.0,81.32,4.0,100.37,10.0,3.93,1.38,11.83,3.45
2026-02-28,5.1,5.0,37.99,9.0,155.89,26.0,12.57,4.32,26.91,9.39
2026-03-01,11.62,6.0,32.07,11.0,176.12,34.0,4.99,1.75,15.53,3.95
2026-03-02,25.21,20.0,101.2,34.0,303.68,196.0,9.12,11.53,23.04,24.86
2026-03-03,3.97,4.0,41.9,14.0,553.05,100.0,11.33,2.04,120.16,24.6
2026-03-04,2.14,1.0,6.37,2.0,109.44,15.0,3.3,0.79,23.46,3.64
2026-03-05,11.86,6.0,13.89,7.0,25.75,11.0,1.13,0.56,1.13,0.56
2026-03-06,10.98,3.0,22.06,7.0,44.39,13.0,4.03,1.48,11.18,2.95
2026-03-07,4.93,2.0,10.54,5.0,30.48,10.0,4.84,1.96,13.9,3.8
2026-03-08,8.01,5.0,33.61,11.0,50.36,19.0,11.53,3.93,15.74,5.71
2026-03-09,0.0,0.0,6.58,2.0,66.93,15.0,1.12,0.29,4.82,1.96
2026-03-10,0.0,0.0,0.0,0.0,0.0,0.0,0.0,0.0,0.0,0.0
2026-03-11,0.0,0.0,0.0,0.0,0.0,0.0,0.0,0.0,0.0,0.0
2026-03-12,0.0,0.0,0.0,0.0,0.0,0.0,0.0,0.0,0.0,0.0
2026-03-13,2.03,4.0,2.46,5.0,2.85,6.0,1.0,1.86,1.0,1.86
2026-03-14,2.44,1.0,4.01,3.0,66.89,15.0,2.34,1.23,11.41,4.13
2026-03-15,4.31,4.0,4.72,5.0,8.83,8.0,0.0,0.0,0.29,0.16
2026-03-16,0.57,2.0,5.87,3.0,26.48,8.0,5.22,0.99,6.09,1.37
2026-03-17,0.67,1.0,7.29,5.0,7.29,5.0,4.58,1.76,4.58,1.76
2026-03-18,5.59,1.0,10.36,2.0,44.96,9.0,2.84,0.51,20.36,3.51
2026-03-19,0.0,0.0,0.0,0.0,0.0,0.0,0.0,0.0,0.0,0.0
2026-03-20,0.0,0.0,0.0,0.0,0.0,0.0,0.0,0.0,0.0,0.0
2026-03-21,0.57,1.0,1.38,2.0,3.43,4.0,1.05,1.52,2.99,3.42
2026-03-22,0.0,0.0,3.36,1.0,15.84,5.0,0.0,0.0,1.17,0.97
2026-03-23,1.06,3.0,7.66,7.0,16.81,11.0,0.27,1.04,0.27,1.04
2026-03-24,0.64,1.0,51.83,13.0,72.83,20.0,18.61,2.5,22.17,3.92
2026-03-25,3.57,2.0,15.33,5.0,45.92,15.0,1.89,0.53,2.61,0.83
2026-03-26,0.0,0.0,16.2,5.0,19.4,6.0,0.93,1.73,0.93,1.73
2026-03-27,1.46,1.0,5.33,2.0,5.33,2.0,3.14,1.28,3.14,1.28
2026-03-28,2.62,3.0,5.9,4.0,16.78,7.0,4.17,2.15,11.73,3.95
2026-03-29,1.48,3.0,1.48,3.0,48.39,11.0,0.75,1.61,15.8,3.59
2026-03-30,1.75,1.0,6.8,5.0,9.11,6.0,3.6,2.71,3.6,2.71
2026-03-31,0.0,0.0,6.99,3.0,11.9,6.0,0.19,0.47,2.77,2.44
2026-04-01,0.94,2.0,1.76,3.0,8.58,5.0,0.13,0.47,0.13,0.47
2026-04-02,0.0,0.0,5.6,3.0,30.38,11.0,0.1,0.04,6.42,1.23
2026-04-03,0.0,0.0,0.0,0.0,4.2,1.0,0.0,0.0,0.0,0.0
2026-04-04,3.66,2.0,3.66,2.0,9.75,3.0,0.37,0.79,1.42,0.96
2026-04-05,3.35,4.0,23.19,9.0,59.05,14.0,9.05,2.11,9.33,2.13
2026-04-06,2.53,1.0,2.53,1.0,3.16,2.0,0.0,0.0,0.0,0.0
2026-04-07,0.0,0.0,0.0,0.0,0.0,0.0,0.0,0.0,0.0,0.0
2026-04-08,0.73,1.0,1.63,3.0,1.63,3.0,0.0,0.0,0.0,0.0
2026-04-09,5.18,7.0,24.55,16.0,36.59,21.0,6.21,4.67,10.4,6.46
2026-04-10,0.95,2.0,35.71,11.0,57.64,18.0,4.57,4.43,5.73,5.09
2026-04-11,0.0,0.0,0.83,2.0,32.09,10.0,0.35,0.83,0.52,1.21
2026-04-12,16.09,5.0,32.1,10.0,64.57,20.0,6.99,2.53,23.42,7.36
2026-04-13,0.57,1.0,28.32,8.0,79.8,18.0,6.71,2.74,10.32,4.47
2026-04-14,64.24,8.0,93.02,17.0,135.33,29.0,17.35,5.01,30.62,7.13
2026-04-15,7.03,2.0,52.65,12.0,84.52,20.0,6.94,3.38,11.04,4.38
2026-04-16,147.4,5.0,254.05,16.0,333.32,31.0,52.82,2.75,82.46,9.22
2026-04-17,0.53,1.0,84.68,14.0,96.16,21.0,16.2,2.87,19.66,6.35
2026-04-18,58.66,10.0,182.56,46.0,316.06,82.0,21.7,6.6,42.97,13.14
2026-04-19,39.67,10.0,144.1,27.0,322.46,62.0,15.42,6.02,93.05,13.59
2026-04-20,29.96,13.0,165.85,42.0,456.87,97.0,31.57,8.71,95.99,15.09
2026-04-21,16.24,2.0,489.46,39.0,803.67,94.0,264.69,17.77,336.78,31.39
2026-04-22,128.32,13.0,417.48,70.0,923.01,131.0,233.93,32.31,315.64,43.74
2026-04-23,70.78,19.0,725.82,126.0,1428.77,243.0,353.96,59.78,460.23,83.59
2026-04-24,60.11,10.0,756.68,86.0,1534.61,192.0,255.97,24.33,760.46,80.34
2026-04-25,316.54,44.0,1696.18,219.0,3267.83,474.0,1045.22,120.5,2015.12,247.7
2026-04-26,58.13,7.0,837.88,102.0,2219.69,281.0,497.09,59.29,1273.94,122.18
2026-04-27,264.78,34.0,2833.43,316.0,5778.88,588.0,1969.35,198.13,4060.52,367.26
2026-04-28,0.0,0.0,0.0,0.0,0.0,0.0,0.0,0.0,0.0,0.0
2026-04-29,0.0,0.0,0.0,0.0,0.0,0.0,0.0,0.0,0.0,0.0
2026-04-30,0.0,0.0,0.0,0.0,0.0,0.0,0.0,0.0,0.0,0.0
2026-05-01,0.0,0.0,0.0,0.0,0.0,0.0,0.0,0.0,0.0,0.0
2026-05-02,0.0,0.0,0.0,0.0,0.0,0.0,0.0,0.0,0.0,0.0
2026-05-03,0.0,0.0,0.0,0.0,0.0,0.0,0.0,0.0,0.0,0.0
2026-05-04,0.0,0.0,0.0,0.0,0.0,0.0,0.0,0.0,0.0,0.0
2026-05-05,0.0,0.0,0.0,0.0,0.0,0.0,0.0,0.0,0.0,0.0
2026-05-06,0.0,0.0,0.0,0.0,0.0,0.0,0.0,0.0,0.0,0.0
2026-05-07,0.0,0.0,0.0,0.0,0.0,0.0,0.0,0.0,0.0,0.0
2026-05-08,0.0,0.0,0.0,0.0,0.0,0.0,0.0,0.0,0.0,0.0
2026-05-09,0.0,0.0,0.0,0.0,0.0,0.0,0.0,0.0,0.0,0.0
2026-05-10,0.0,0.0,0.0,0.0,0.0,0.0,0.0,0.0,0.0,0.0
2026-05-11,0.0,0.0,0.0,0.0,0.0,0.0,0.0,0.0,0.0,0.0
2026-05-12,0.0,0.0,0.0,0.0,0.0,0.0,0.0,0.0,0.0,0.0
2026-05-13,0.0,0.0,0.0,0.0,0.0,0.0,0.0,0.0,0.0,0.0
2026-05-14,0.0,0.0,0.0,0.0,0.0,0.0,0.0,0.0,0.0,0.0
2026-05-15,0.0,0.0,0.0,0.0,0.0,0.0,0.0,0.0,0.0,0.0
2026-05-16,0.0,0.0,0.0,0.0,0.0,0.0,0.0,0.0,0.0,0.0
2026-05-17,0.0,0.0,0.0,0.0,0.0,0.0,0.0,0.0,0.0,0.0
2026-05-18,0.0,0.0,0.0,0.0,0.0,0.0,0.0,0.0,0.0,0.0
2026-05-19,0.0,0.0,0.0,0.0,0.0,0.0,0.0,0.0,0.0,0.0
2026-05-20,0.0,0.0,0.0,0.0,0.0,0.0,0.0,0.0,0.0,0.0
2026-05-21,0.0,0.0,0.0,0.0,0.0,0.0,0.0,0.0,0.0,0.0
2026-05-22,0.0,0.0,0.0,0.0,0.0,0.0,0.0,0.0,0.0,0.0
2026-05-23,0.0,0.0,0.0,0.0,0.0,0.0,0.0,0.0,0.0,0.0
2026-05-24,0.0,0.0,0.0,0.0,0.0,0.0,0.0,0.0,0.0,0.0
2026-05-25,0.0,0.0,0.0,0.0,0.0,0.0,0.0,0.0,0.0,0.0
2026-05-26,0.0,0.0,0.0,0.0,0.0,0.0,0.0,0.0,0.0,0.0
2026-05-27,0.0,0.0,0.0,0.0,0.0,0.0,0.0,0.0,0.0,0.0
2026-05-28,0.0,0.0,0.0,0.0,0.0,0.0,0.0,0.0,0.0,0.0
2026-05-29,0.0,0.0,0.0,0.0,0.0,0.0,0.0,0.0,0.0,0.0
2026-05-30,0.0,0.0,0.0,0.0,0.0,0.0,0.0,0.0,0.0,0.0
2026-05-31,0.0,0.0,0.0,0.0,0.0,0.0,0.0,0.0,0.0,0.0
2026-06-01,0.0,0.0,0.0,0.0,0.0,0.0,0.0,0.0,0.0,0.0
2026-06-02,0.0,0.0,0.0,0.0,0.0,0.0,0.0,0.0,0.0,0.0
2026-06-03,14.95,7.0,30.29,16.0,34.02,18.0,2.44,2.31,3.17,2.7
2026-06-04,0.0,0.0,0.0,0.0,28.8,5.0,0.0,0.0,6.05,1.49
2026-06-05,1.26,2.0,1.26,2.0,22.49,7.0,0.0,0.0,4.78,1.14
2026-06-06,2.99,2.0,24.74,5.0,65.19,12.0,20.73,3.78,30.56,4.84
2026-06-07,9.05,5.0,9.05,5.0,15.62,9.0,0.8,0.75,1.44,1.05
2026-06-08,0.0,0.0,0.0,0.0,23.49,3.0,0.0,0.0,13.95,1.62
2026-06-09,40.34,4.0,66.25,10.0,114.4,22.0,48.68,6.33,80.51,12.48
2026-06-10,4.03,1.0,4.03,1.0,78.18,7.0,0.0,0.0,10.87,0.85
2026-06-11,4.76,2.0,4.76,2.0,9.91,3.0,0.0,0.0,0.0,0.0
2026-06-12,0.0,0.0,0.0,0.0,2.99,1.0,0.0,0.0,0.0,0.0
2026-06-13,0.0,0.0,1.16,1.0,1.16,1.0,0.0,0.0,0.0,0.0
2026-06-14,0.0,0.0,11.15,2.0,41.67,9.0,9.63,1.73,28.28,5.02
2026-06-15,0.9,1.0,0.9,1.0,19.09,10.0,0.0,0.0,0.0,0.0
2026-06-16,1.12,2.0,1.12,2.0,19.79,8.0,0.12,0.19,0.79,0.43
2026-06-17,1.82,3.0,26.83,7.0,87.49,23.0,1.13,1.02,34.15,8.99
2026-06-18,0.0,0.0,0.91,1.0,25.42,6.0,0.78,0.86,7.99,2.35
2026-06-19,7.49,4.0,7.49,4.0,31.31,11.0,0.8,0.97,8.89,3.15
2026-06-20,0.0,0.0,0.0,0.0,32.1,10.0,0.0,0.0,10.27,2.73
2026-06-21,4.45,3.0,6.65,4.0,47.43,13.0,2.2,1.0,24.22,3.43
2026-06-22,3.68,4.0,4.71,5.0,18.45,11.0,1.5,1.62,2.92,2.54
2026-06-23,0.0,0.0,0.0,0.0,124.73,26.0,0.0,0.0,4.35,1.03
2026-06-24,6.25,1.0,6.25,1.0,25.63,5.0,3.19,0.51,3.19,0.51
2026-06-25,0.0,0.0,7.32,1.0,76.92,18.0,0.08,0.01,4.61,1.25
2026-06-26,24.04,4.0,24.04,4.0,35.66,7.0,23.0,3.82,24.89,4.48
2026-06-27,21.81,4.0,28.37,6.0,116.57,22.0,14.33,2.37,14.81,2.48
2026-06-28,2.9,2.0,8.86,3.0,99.55,27.0,1.12,0.48,44.94,11.64
2026-06-29,0.0,0.0,5.27,1.0,15.32,4.0,4.91,0.93,6.55,1.42
2026-06-30,0.0,0.0,0.0,0.0,0.0,0.0,0.0,0.0,0.0,0.0
