date,frp50,n50,frp100,n100,frp200,n200,frpup100,nup100,frpup200,nup200
2015-01-01,0.0,0.0,14.22,4.0,41.36,11.0,8.8,2.55,16.55,5.26
2015-01-02,0.0,0.0,0.0,0.0,0.0,0.0,0.0,0.0,0.0,0.0
2015-01-03,0.0,0.0,0.0,0.0,0.0,0.0,0.0,0.0,0.0,0.0
2015-01-04,0.0,0.0,4.32,1.0,13.08,4.0,4.05,0.94,12.13,3.58
2015-01-05,5.28,2.0,56.78,20.0,98.4,33.0,19.56,7.44,35.59,10.66
2015-01-06,7.64,3.0,57.12,20.0,74.49,27.0,12.9,4.5,18.94,7.18
2015-01-07,0.0,0.0,0.0,0.0,11.08,4.0,0.0,0.0,4.82,1.65
2015-01-08,0.0,0.0,0.0,0.0,0.0,0.0,0.0,0.0,0.0,0.0
2015-01-09,0.0,0.0,7.5,1.0,19.0,4.0,0.0,0.0,1.96,0.93
2015-01-10,49.51,13.0,333.47,99.0,391.74,117.0,24.49,7.69,40.75,13.1
2015-01-11,9.53,3.0,14.69,5.0,32.75,9.0,9.72,2.76,9.72,2.76
2015-01-12,0.62,1.0,74.06,27.0,189.64,57.0,28.69,11.88,84.96,26.3
2015-01-13,0.0,0.0,40.05,13.0,74.44,27.0,16.55,5.57,22.44,8.53
2015-01-14,0.0,0.0,0.0,0.0,0.0,0.0,0.0,0.0,0.0,0.0
2015-01-15,0.27,1.0,5.26,3.0,41.25,15.0,3.14,2.15,22.55,7.15
2015-01-16,15.37,6.0,89.77,31.0,152.51,56.0,19.68,7.59,43.25,16.19
2015-01-17,0.0,0.0,32.33,8.0,53.47,13.0,19.84,4.99,33.29,8.09
2015-01-18,1.99,1.0,16.33,6.0,24.26,8.0,10.99,3.53,16.36,4.88
2015-01-19,12.83,4.0,58.18,15.0,62.01,17.0,25.49,6.22,28.5,7.76
2015-01-20,0.0,0.0,0.0,0.0,19.76,5.0,0.0,0.0,0.0,0.0
2015-01-21,0.0,0.0,72.29,23.0,142.23,40.0,38.54,12.08,96.78,25.87
2015-01-22,0.0,0.0,0.0,0.0,0.0,0.0,0.0,0.0,0.0,0.0
2015-01-23,0.0,0.0,0.0,0.0,34.04,3.0,0.0,0.0,7.29,0.43
2015-01-24,0.0,0.0,3.21,1.0,3.21,1.0,0.0,0.0,0.0,0.0
2015-01-25,7.08,1.0,20.36,5.0,34.25,9.0,7.55,2.37,11.36,3.58
2015-01-26,0.0,0.0,18.68,5.0,20.25,6.0,11.85,2.83,11.85,2.83
2015-01-27,0.0,0.0,25.6,10.0,71.72,27.0,8.48,3.1,22.82,8.5
2015-01-28,13.58,2.0,41.28,8.0,61.32,13.0,17.05,2.12,20.23,3.01
2015-01-29,1.1,1.0,32.95,9.0,81.11,22.0,13.69,4.62,19.63,6.45
2015-01-30,9.39,1.0,58.08,15.0,159.45,48.0,0.06,0.01,3.43,0.75
2015-01-31,11.12,3.0,160.24,33.0,536.67,66.0,24.02,8.46,53.5,13.5
2015-02-01,1.61,1.0,105.9,27.0,280.48,78.0,53.21,11.48,116.02,28.59
2015-02-02,19.55,4.0,37.57,9.0,86.51,18.0,21.77,5.62,41.12,8.68
2015-02-03,6.38,2.0,28.04,11.0,149.95,23.0,9.51,3.49,16.92,3.9
2015-02-04,0.0,0.0,3.19,1.0,16.06,5.0,3.04,0.95,3.04,0.95
2015-02-05,5.89,2.0,81.55,24.0,190.94,51.0,14.33,3.96,20.26,6.21
2015-02-06,9.95,5.0,133.33,34.0,288.71,83.0,57.97,20.62,153.12,48.73
2015-02-07,18.8,7.0,197.91,54.0,382.82,103.0,136.04,36.08,265.14,67.26
2015-02-08,12.97,2.0,113.02,21.0,211.79,44.0,45.63,7.59,63.95,11.59
2015-02-09,0.0,0.0,35.5,10.0,147.33,40.0,5.0,1.48,29.29,6.87
2015-02-10,0.0,0.0,80.93,9.0,194.52,33.0,27.01,2.48,38.43,5.26
2015-02-11,34.81,4.0,117.66,27.0,253.91,62.0,36.54,10.29,75.82,17.93
2015-02-12,1.79,2.0,104.29,36.0,286.11,80.0,32.32,10.38,75.74,18.23
2015-02-13,4.5,1.0,106.42,19.0,184.16,41.0,11.19,2.39,20.04,4.77
2015-02-14,1.58,1.0,112.5,27.0,215.67,56.0,52.8,12.27,98.01,26.83
2015-02-15,27.56,4.0,75.96,23.0,180.07,55.0,44.41,14.46,106.94,35.67
2015-02-16,1.27,2.0,22.73,5.0,69.64,14.0,0.59,0.14,33.08,5.8
2015-02-17,18.37,3.0,133.57,33.0,322.03,89.0,30.88,7.89,105.3,33.14
2015-02-18,6.67,2.0,55.46,14.0,176.95,45.0,11.74,3.47,38.12,9.76
2015-02-19,0.0,0.0,25.44,9.0,134.47,26.0,9.03,2.22,30.76,7.44
2015-02-20,0.57,1.0,18.16,7.0,43.14,12.0,7.22,1.95,8.87,2.7
2015-02-21,2.3,2.0,17.77,8.0,128.81,27.0,1.76,1.34,22.24,4.87
2015-02-22,42.69,5.0,58.34,10.0,174.66,34.0,5.9,2.7,15.85,4.81
2015-02-23,0.0,0.0,55.7,12.0,159.67,37.0,24.36,5.69,87.91,19.59
2015-02-24,0.0,0.0,0.0,0.0,0.0,0.0,0.0,0.0,0.0,0.0
2015-02-25,0.0,0.0,0.0,0.0,14.74,4.0,0.0,0.0,2.36,0.79
2015-02-26,0.98,1.0,20.8,6.0,53.71,17.0,10.34,3.23,21.26,6.74
2015-02-27,11.21,3.0,68.89,20.0,122.0,37.0,43.34,12.34,83.79,24.53
2015-02-28,6.05,2.0,18.54,6.0,75.01,21.0,6.15,1.82,34.35,11.65
2015-03-01,0.0,0.0,0.0,0.0,0.0,0.0,0.0,0.0,0.0,0.0
2015-03-02,0.0,0.0,0.0,0.0,0.49,1.0,0.0,0.0,0.0,0.0
2015-03-03,0.28,1.0,0.28,1.0,1.36,3.0,0.25,0.9,0.25,0.9
2015-03-04,0.63,1.0,3.92,4.0,15.74,11.0,2.36,1.0,2.86,1.16
2015-03-05,4.28,6.0,26.57,12.0,101.04,49.0,10.04,4.57,68.27,25.25
2015-03-06,0.0,0.0,2.95,1.0,53.16,16.0,0.02,0.01,17.87,4.66
2015-03-07,1.61,1.0,30.66,7.0,77.92,17.0,3.83,1.51,29.46,6.82
2015-03-08,0.0,0.0,0.0,0.0,0.0,0.0,0.0,0.0,0.0,0.0
2015-03-09,1.71,3.0,1.71,3.0,43.15,10.0,0.46,0.97,3.65,1.81
2015-03-10,1.84,4.0,15.9,10.0,76.87,33.0,8.6,3.45,17.25,6.42
2015-03-11,5.94,2.0,37.47,12.0,75.21,25.0,17.32,4.97,22.67,6.5
2015-03-12,0.0,0.0,38.89,8.0,155.9,30.0,16.92,3.94,73.81,12.26
2015-03-13,2.34,1.0,38.0,9.0,74.0,15.0,10.15,2.28,16.1,4.49
2015-03-14,0.0,0.0,0.0,0.0,0.0,0.0,0.0,0.0,0.0,0.0
2015-03-15,0.0,0.0,0.4,1.0,0.64,2.0,0.0,0.0,0.05,0.21
2015-03-16,6.66,3.0,30.67,10.0,123.77,27.0,1.74,0.69,52.82,10.33
2015-03-17,0.0,0.0,18.03,5.0,130.79,22.0,9.61,2.28,29.57,4.79
2015-03-18,0.62,1.0,75.86,8.0,115.42,21.0,35.04,1.13,35.77,2.09
2015-03-19,4.17,1.0,9.65,4.0,57.15,18.0,3.08,1.04,23.18,5.11
2015-03-20,24.11,4.0,30.22,6.0,74.92,14.0,5.12,1.74,10.88,2.94
2015-03-21,2.85,1.0,12.6,5.0,71.31,19.0,5.08,2.16,16.97,5.97
2015-03-22,12.77,2.0,25.81,5.0,126.07,22.0,6.2,1.23,15.33,3.0
2015-03-23,0.0,0.0,5.31,2.0,72.77,8.0,1.02,0.56,28.53,2.89
2015-03-24,0.0,0.0,10.44,3.0,53.9,10.0,0.4,0.17,20.43,3.47
2015-03-25,3.93,1.0,9.07,2.0,49.61,14.0,5.44,1.08,27.02,8.52
2015-03-26,0.0,0.0,10.27,3.0,61.79,15.0,0.0,0.0,9.5,2.59
2015-03-27,0.0,0.0,6.79,2.0,41.6,16.0,3.99,1.15,16.89,7.25
2015-03-28,0.0,0.0,29.53,3.0,59.86,10.0,0.0,0.0,26.98,5.62
2015-03-29,0.0,0.0,0.0,0.0,0.0,0.0,0.0,0.0,0.0,0.0
2015-03-30,0.0,0.0,0.0,0.0,0.17,1.0,0.0,0.0,0.13,0.79
2015-03-31,0.55,1.0,6.01,4.0,7.58,6.0,0.0,0.0,1.56,1.99
2015-04-01,0.0,0.0,13.62,3.0,20.19,4.0,7.78,1.8,14.33,2.8
2015-04-02,0.0,0.0,11.13,2.0,26.59,7.0,0.21,0.05,0.27,0.07
2015-04-03,0.0,0.0,0.0,0.0,0.0,0.0,0.0,0.0,0.0,0.0
2015-04-04,0.0,0.0,0.0,0.0,0.89,1.0,0.0,0.0,0.33,0.37
2015-04-05,0.69,2.0,13.78,9.0,42.4,14.0,2.44,3.15,24.38,6.7
2015-04-06,6.05,3.0,17.78,10.0,32.92,18.0,5.28,3.55,9.27,4.9
2015-04-07,0.0,0.0,0.92,1.0,11.79,6.0,0.51,0.55,1.76,1.87
2015-04-08,3.76,2.0,14.15,4.0,28.24,8.0,3.82,1.66,6.47,2.09
2015-04-09,0.0,0.0,3.83,1.0,33.15,10.0,2.92,0.76,11.82,3.45
2015-04-10,0.24,1.0,0.24,1.0,10.16,6.0,0.21,0.89,0.72,1.79
2015-04-11,6.26,2.0,21.79,7.0,63.84,21.0,0.14,0.05,0.9,0.23
2015-04-12,0.0,0.0,0.0,0.0,0.0,0.0,0.0,0.0,0.0,0.0
2015-04-13,0.0,0.0,0.0,0.0,0.0,0.0,0.0,0.0,0.0,0.0
2015-04-14,0.0,0.0,0.0,0.0,8.7,6.0,0.0,0.0,1.11,1.18
2015-04-15,0.0,0.0,7.19,2.0,13.35,5.0,2.04,0.53,2.63,1.41
2015-04-16,0.63,1.0,0.63,1.0,5.59,5.0,0.25,0.39,2.23,1.68
2015-04-17,2.43,2.0,2.43,2.0,26.47,10.0,0.06,0.05,1.13,0.43
2015-04-18,0.0,0.0,49.9,7.0,65.53,12.0,29.28,3.42,32.52,4.46
2015-04-19,2.13,1.0,22.27,8.0,35.57,13.0,14.46,4.91,14.46,4.91
2015-04-20,0.92,1.0,0.92,1.0,834.86,31.0,0.0,0.0,4.36,1.28
2015-04-21,4.63,1.0,20.83,5.0,93.4,20.0,0.0,0.0,48.93,7.0
2015-04-22,39.78,3.0,128.69,14.0,180.56,27.0,63.02,4.57,73.54,7.17
2015-04-23,10.54,2.0,96.22,15.0,171.01,22.0,22.18,4.76,64.85,6.94
2015-04-24,29.27,7.0,181.64,37.0,315.28,56.0,10.45,2.98,39.05,7.57
2015-04-25,9.08,4.0,65.2,23.0,147.47,36.0,8.79,3.13,16.17,5.15
2015-04-26,28.09,8.0,74.3,23.0,98.38,30.0,6.41,2.68,9.38,3.99
2015-04-27,50.26,15.0,88.11,34.0,166.37,59.0,23.48,6.97,36.95,12.08
2015-04-28,0.0,0.0,134.14,23.0,232.55,43.0,1.17,0.32,3.98,1.59
2015-04-29,8.07,2.0,341.08,57.0,509.62,109.0,7.13,2.77,31.0,9.84
2015-04-30,23.25,11.0,138.75,37.0,185.82,51.0,11.77,4.32,11.77,4.32
2015-05-01,119.63,25.0,498.5,106.0,783.16,183.0,138.63,31.86,259.29,63.84
2015-05-02,92.73,14.0,803.71,117.0,1900.56,252.0,380.45,64.96,1255.02,170.53
2015-05-03,139.63,22.0,948.98,123.0,2251.34,276.0,537.6,76.12,1525.1,182.68
2015-05-04,146.95,24.0,1135.22,147.0,3363.29,374.0,770.6,90.32,2357.47,237.45
2015-05-05,162.86,32.0,1114.29,236.0,4315.66,830.0,757.91,164.0,3313.64,623.48
2015-05-06,205.21,30.0,928.11,130.0,3768.15,494.0,123.7,15.64,392.97,49.27
2015-05-07,224.06,28.0,1024.21,138.0,4123.7,548.0,674.68,88.46,2838.88,359.78
2015-05-08,75.88,12.0,260.45,35.0,1094.27,170.0,65.46,10.62,393.89,49.9
2015-05-09,56.78,8.0,494.04,64.0,3680.48,484.0,81.2,11.02,337.14,41.34
2015-05-10,45.89,11.0,85.84,26.0,1029.02,266.0,32.43,9.74,395.75,105.47
2015-05-11,23.1,8.0,157.18,45.0,713.7,184.0,40.05,11.07,140.28,33.52
2015-05-12,37.8,6.0,211.86,33.0,1097.03,196.0,19.9,5.4,210.16,56.93
2015-05-13,0.0,0.0,0.0,0.0,456.19,82.0,0.0,0.0,46.5,12.74
2015-05-14,7.16,2.0,42.61,8.0,784.07,144.0,12.65,2.89,634.72,113.92
2015-05-15,9.15,2.0,46.56,8.0,145.24,28.0,29.41,3.37,48.77,7.89
2015-05-16,11.42,3.0,47.75,13.0,799.34,210.0,6.56,2.03,31.43,9.96
2015-05-17,19.88,3.0,111.08,19.0,649.74,127.0,46.53,6.81,57.01,8.49
2015-05-18,22.29,3.0,114.88,23.0,543.91,110.0,8.63,2.2,115.53,28.78
2015-05-19,0.0,0.0,0.0,0.0,53.41,11.0,0.0,0.0,3.58,0.8
2015-05-20,0.0,0.0,33.23,5.0,323.7,63.0,8.55,1.31,150.48,28.28
2015-05-21,75.15,5.0,148.91,21.0,725.08,146.0,58.53,6.68,159.17,28.5
2015-05-22,11.16,2.0,22.77,5.0,769.65,140.0,0.24,0.07,104.84,13.66
2015-05-23,7.95,3.0,11.67,5.0,429.77,87.0,1.03,0.87,11.52,4.77
2015-05-24,35.8,4.0,35.8,4.0,272.46,68.0,0.0,0.0,0.0,0.0
2015-05-25,0.0,0.0,5.12,3.0,176.99,40.0,4.28,2.46,23.29,4.67
2015-05-26,30.38,6.0,31.99,7.0,217.13,49.0,0.26,0.16,12.38,4.03
2015-05-27,33.76,3.0,46.85,6.0,173.22,41.0,23.47,2.86,62.75,10.65
2015-05-28,9.03,3.0,10.19,4.0,256.97,47.0,4.74,1.57,43.37,6.95
2015-05-29,28.75,4.0,41.52,6.0,134.96,37.0,5.15,1.36,22.14,6.31
2015-05-30,0.0,0.0,2.96,2.0,225.14,54.0,2.13,1.0,19.78,4.33
2015-05-31,8.59,2.0,36.46,5.0,76.01,26.0,13.06,2.09,32.95,7.03
2015-06-01,0.0,0.0,0.0,0.0,93.71,20.0,0.0,0.0,2.88,0.97
2015-06-02,0.0,0.0,0.0,0.0,154.08,29.0,0.0,0.0,29.16,8.47
2015-06-03,0.0,0.0,0.0,0.0,32.9,5.0,0.0,0.0,0.69,0.2
2015-06-04,0.0,0.0,0.0,0.0,170.38,51.0,0.0,0.0,42.07,12.26
2015-06-05,6.21,2.0,22.6,5.0,200.98,47.0,5.68,1.22,31.02,7.39
2015-06-06,12.68,4.0,16.98,6.0,193.6,59.0,1.61,0.65,7.12,1.97
2015-06-07,8.89,3.0,11.4,4.0,203.19,53.0,0.0,0.0,7.45,1.34
2015-06-08,0.0,0.0,0.0,0.0,330.92,67.0,0.0,0.0,38.12,6.35
2015-06-09,0.0,0.0,0.0,0.0,709.15,102.0,0.0,0.0,2.39,0.27
2015-06-10,0.0,0.0,4.44,1.0,77.04,18.0,0.0,0.0,0.0,0.0
2015-06-11,0.0,0.0,0.0,0.0,91.0,22.0,0.0,0.0,14.11,2.89
2015-06-12,4.41,1.0,4.41,1.0,90.22,25.0,3.62,0.82,4.0,0.97
2015-06-13,0.0,0.0,0.0,0.0,23.19,10.0,0.0,0.0,0.0,0.0
2015-06-14,0.0,0.0,0.0,0.0,10.85,7.0,0.0,0.0,4.22,2.8
2015-06-15,0.0,0.0,0.0,0.0,15.46,5.0,0.0,0.0,0.0,0.0
2015-06-16,0.0,0.0,0.0,0.0,14.8,5.0,0.0,0.0,0.17,0.04
2015-06-17,0.0,0.0,0.0,0.0,17.79,5.0,0.0,0.0,6.98,2.12
2015-06-18,0.0,0.0,0.0,0.0,31.62,5.0,0.0,0.0,0.0,0.0
2015-06-19,0.0,0.0,20.03,3.0,53.46,12.0,0.27,0.02,2.44,0.69
2015-06-20,0.0,0.0,0.0,0.0,8.59,2.0,0.0,0.0,6.81,0.99
2015-06-21,0.0,0.0,0.0,0.0,0.0,0.0,0.0,0.0,0.0,0.0
2015-06-22,0.0,0.0,0.0,0.0,0.0,0.0,0.0,0.0,0.0,0.0
2015-06-23,0.0,0.0,0.0,0.0,4.25,1.0,0.0,0.0,0.0,0.0
2015-06-24,0.0,0.0,0.0,0.0,11.02,2.0,0.0,0.0,10.11,1.83
2015-06-25,0.0,0.0,0.0,0.0,1.55,1.0,0.0,0.0,1.22,0.79
2015-06-26,0.0,0.0,0.0,0.0,4.69,1.0,0.0,0.0,0.0,0.0
2015-06-27,0.0,0.0,0.0,0.0,0.0,0.0,0.0,0.0,0.0,0.0
2015-06-28,0.0,0.0,0.0,0.0,0.0,0.0,0.0,0.0,0.0,0.0
2015-06-29,0.0,0.0,0.0,0.0,0.0,0.0,0.0,0.0,0.0,0.0
2015-06-30,0.0,0.0,0.0,0.0,0.0,0.0,0.0,0.0,0.0,0.0
2015-07-01,0.0,0.0,0.0,0.0,6.33,1.0,0.0,0.0,0.0,0.0
2015-07-02,0.0,0.0,0.0,0.0,3.91,1.0,0.0,0.0,0.0,0.0
2015-07-03,0.0,0.0,0.0,0.0,0.0,0.0,0.0,0.0,0.0,0.0
2015-07-04,0.0,0.0,0.0,0.0,0.0,0.0,0.0,0.0,0.0,0.0
2015-07-05,0.0,0.0,0.0,0.0,0.0,0.0,0.0,0.0,0.0,0.0
2015-07-06,0.0,0.0,0.0,0.0,0.0,0.0,0.0,0.0,0.0,0.0
2015-07-07,0.0,0.0,0.0,0.0,0.0,0.0,0.0,0.0,0.0,0.0
2015-07-08,0.0,0.0,0.0,0.0,0.0,0.0,0.0,0.0,0.0,0.0
2015-07-09,0.0,0.0,0.52,1.0,0.52,1.0,0.37,0.72,0.37,0.72
2015-07-10,0.0,0.0,0.0,0.0,0.0,0.0,0.0,0.0,0.0,0.0
2015-07-11,0.0,0.0,0.0,0.0,0.0,0.0,0.0,0.0,0.0,0.0
2015-07-12,0.0,0.0,0.0,0.0,0.0,0.0,0.0,0.0,0.0,0.0
2015-07-13,0.0,0.0,0.0,0.0,0.0,0.0,0.0,0.0,0.0,0.0
2015-07-14,0.0,0.0,0.0,0.0,6.4,1.0,0.0,0.0,1.38,0.22
2015-07-15,0.0,0.0,0.0,0.0,0.0,0.0,0.0,0.0,0.0,0.0
2015-07-16,0.0,0.0,0.0,0.0,0.0,0.0,0.0,0.0,0.0,0.0
2015-07-17,0.0,0.0,0.0,0.0,0.0,0.0,0.0,0.0,0.0,0.0
2015-07-18,0.0,0.0,0.0,0.0,0.0,0.0,0.0,0.0,0.0,0.0
2015-07-19,0.0,0.0,0.0,0.0,0.0,0.0,0.0,0.0,0.0,0.0
2015-07-20,0.0,0.0,0.0,0.0,0.0,0.0,0.0,0.0,0.0,0.0
2015-07-21,0.0,0.0,0.0,0.0,0.0,0.0,0.0,0.0,0.0,0.0
2015-07-22,0.0,0.0,0.0,0.0,0.0,0.0,0.0,0.0,0.0,0.0
2015-07-23,0.0,0.0,0.0,0.0,0.0,0.0,0.0,0.0,0.0,0.0
2015-07-24,0.0,0.0,0.0,0.0,0.0,0.0,0.0,0.0,0.0,0.0
2015-07-25,0.0,0.0,0.0,0.0,0.0,0.0,0.0,0.0,0.0,0.0
2015-07-26,1.36,1.0,1.36,1.0,3.26,2.0,0.0,0.0,0.0,0.0
2015-07-27,1.85,1.0,1.85,1.0,9.09,4.0,0.0,0.0,1.17,1.01
2015-07-28,0.0,0.0,0.0,0.0,1.41,1.0,0.0,0.0,0.0,0.0
2015-07-29,0.0,0.0,0.0,0.0,0.0,0.0,0.0,0.0,0.0,0.0
2015-07-30,0.0,0.0,0.0,0.0,0.0,0.0,0.0,0.0,0.0,0.0
2015-07-31,0.0,0.0,0.0,0.0,0.0,0.0,0.0,0.0,0.0,0.0
2015-08-01,0.0,0.0,0.0,0.0,0.98,1.0,0.0,0.0,0.0,0.0
2015-08-02,0.0,0.0,0.0,0.0,0.0,0.0,0.0,0.0,0.0,0.0
2015-08-03,0.0,0.0,0.0,0.0,0.0,0.0,0.0,0.0,0.0,0.0
2015-08-04,0.0,0.0,0.0,0.0,0.0,0.0,0.0,0.0,0.0,0.0
2015-08-05,0.0,0.0,0.0,0.0,0.0,0.0,0.0,0.0,0.0,0.0
2015-08-06,1.31,1.0,1.31,1.0,1.31,1.0,0.0,0.0,0.0,0.0
2015-08-07,0.0,0.0,0.0,0.0,0.0,0.0,0.0,0.0,0.0,0.0
2015-08-08,0.0,0.0,0.0,0.0,0.0,0.0,0.0,0.0,0.0,0.0
2015-08-09,0.0,0.0,0.0,0.0,0.0,0.0,0.0,0.0,0.0,0.0
2015-08-10,0.0,0.0,0.0,0.0,0.0,0.0,0.0,0.0,0.0,0.0
2015-08-11,0.0,0.0,0.0,0.0,0.0,0.0,0.0,0.0,0.0,0.0
2015-08-12,0.0,0.0,0.0,0.0,6.11,2.0,0.0,0.0,0.07,0.02
2015-08-13,0.0,0.0,0.0,0.0,0.0,0.0,0.0,0.0,0.0,0.0
2015-08-14,0.0,0.0,0.0,0.0,0.0,0.0,0.0,0.0,0.0,0.0
2015-08-15,0.0,0.0,0.0,0.0,0.0,0.0,0.0,0.0,0.0,0.0
2015-08-16,0.0,0.0,0.0,0.0,0.0,0.0,0.0,0.0,0.0,0.0
2015-08-17,0.0,0.0,0.0,0.0,1.77,1.0,0.0,0.0,0.0,0.0
2015-08-18,2.26,1.0,2.26,1.0,2.26,1.0,0.09,0.04,0.09,0.04
2015-08-19,0.0,0.0,0.0,0.0,0.0,0.0,0.0,0.0,0.0,0.0
2015-08-20,0.0,0.0,0.0,0.0,0.0,0.0,0.0,0.0,0.0,0.0
2015-08-21,0.0,0.0,0.0,0.0,0.0,0.0,0.0,0.0,0.0,0.0
2015-08-22,0.0,0.0,0.0,0.0,0.0,0.0,0.0,0.0,0.0,0.0
2015-08-23,0.0,0.0,0.0,0.0,5.87,1.0,0.0,0.0,0.0,0.0
2015-08-24,0.0,0.0,0.0,0.0,0.0,0.0,0.0,0.0,0.0,0.0
2015-08-25,1.37,1.0,1.37,1.0,1.37,1.0,0.85,0.62,0.85,0.62
2015-08-26,0.0,0.0,0.0,0.0,11.16,2.0,0.0,0.0,1.56,0.28
2015-08-27,3.73,1.0,3.73,1.0,3.73,1.0,2.14,0.57,2.14,0.57
2015-08-28,0.0,0.0,0.0,0.0,0.0,0.0,0.0,0.0,0.0,0.0
2015-08-29,5.09,2.0,5.09,2.0,5.09,2.0,0.0,0.0,0.0,0.0
2015-08-30,0.0,0.0,0.0,0.0,0.0,0.0,0.0,0.0,0.0,0.0
2015-08-31,0.0,0.0,0.0,0.0,10.36,2.0,0.0,0.0,10.25,1.98
2015-09-01,0.0,0.0,0.0,0.0,1.66,1.0,0.0,0.0,0.04,0.02
2015-09-02,2.13,1.0,2.13,1.0,7.35,3.0,0.0,0.0,0.0,0.0
2015-09-03,0.0,0.0,0.0,0.0,0.0,0.0,0.0,0.0,0.0,0.0
2015-09-04,0.0,0.0,0.0,0.0,0.0,0.0,0.0,0.0,0.0,0.0
2015-09-05,2.1,1.0,2.1,1.0,34.07,5.0,1.3,0.62,8.7,1.59
2015-09-06,0.0,0.0,0.0,0.0,0.0,0.0,0.0,0.0,0.0,0.0
2015-09-07,0.0,0.0,2.13,1.0,16.65,7.0,0.88,0.41,3.35,1.42
2015-09-08,4.55,1.0,4.55,1.0,6.65,2.0,1.44,0.32,1.95,0.56
2015-09-09,3.37,1.0,3.37,1.0,16.58,4.0,0.0,0.0,6.36,1.21
2015-09-10,0.0,0.0,0.0,0.0,12.59,4.0,0.0,0.0,8.64,2.16
2015-09-11,0.0,0.0,0.0,0.0,4.93,1.0,0.0,0.0,4.82,0.98
2015-09-12,0.0,0.0,3.17,1.0,64.83,12.0,0.0,0.0,5.22,0.94
2015-09-13,0.0,0.0,0.0,0.0,45.93,13.0,0.0,0.0,3.18,1.52
2015-09-14,0.0,0.0,0.0,0.0,0.0,0.0,0.0,0.0,0.0,0.0
2015-09-15,0.0,0.0,1.44,1.0,9.36,4.0,0.0,0.0,0.0,0.0
2015-09-16,0.0,0.0,0.0,0.0,8.44,3.0,0.0,0.0,0.0,0.0
2015-09-17,0.0,0.0,0.0,0.0,52.22,16.0,0.0,0.0,0.0,0.0
2015-09-18,0.0,0.0,0.0,0.0,10.17,1.0,0.0,0.0,0.0,0.0
2015-09-19,0.38,1.0,0.38,1.0,0.38,1.0,0.0,0.0,0.0,0.0
2015-09-20,0.0,0.0,0.0,0.0,3.79,1.0,0.0,0.0,0.35,0.09
2015-09-21,0.0,0.0,0.0,0.0,3.06,1.0,0.0,0.0,0.0,0.0
2015-09-22,0.0,0.0,0.0,0.0,2.06,1.0,0.0,0.0,2.03,0.99
2015-09-23,1.96,1.0,1.96,1.0,2.52,2.0,0.0,0.0,0.0,0.0
2015-09-24,2.89,2.0,2.89,2.0,2.89,2.0,1.27,1.06,1.27,1.06
2015-09-25,0.65,1.0,0.65,1.0,0.65,1.0,0.0,0.0,0.0,0.0
2015-09-26,0.0,0.0,0.0,0.0,8.37,3.0,0.0,0.0,5.04,1.81
2015-09-27,0.0,0.0,0.0,0.0,33.39,4.0,0.0,0.0,30.42,3.69
2015-09-28,0.0,0.0,0.71,1.0,56.67,10.0,0.42,0.59,53.04,8.82
2015-09-29,1.92,1.0,4.21,2.0,124.66,38.0,3.79,1.81,113.24,34.25
2015-09-30,19.42,4.0,19.42,4.0,116.25,24.0,9.48,1.95,83.52,17.49
2015-10-01,0.0,0.0,0.0,0.0,88.93,27.0,0.0,0.0,79.02,24.25
2015-10-02,0.0,0.0,2.34,1.0,181.74,51.0,0.0,0.0,138.19,38.19
2015-10-03,32.2,4.0,37.65,7.0,319.58,61.0,1.39,0.8,248.76,46.82
2015-10-04,0.0,0.0,5.18,1.0,503.91,125.0,0.0,0.0,0.0,0.0
2015-10-05,6.36,2.0,12.71,4.0,337.73,79.0,0.0,0.0,5.25,1.62
2015-10-06,0.0,0.0,3.87,2.0,299.89,50.0,0.0,0.0,273.84,44.57
2015-10-07,0.0,0.0,3.58,1.0,181.75,39.0,0.02,0.01,152.88,31.08
2015-10-08,0.0,0.0,2.83,1.0,600.63,93.0,0.0,0.0,517.04,77.52
2015-10-09,9.69,3.0,20.84,6.0,877.41,177.0,1.04,0.22,290.77,57.59
2015-10-10,4.37,2.0,25.95,9.0,987.01,222.0,1.52,0.55,137.07,25.32
2015-10-11,1.47,1.0,1.47,1.0,867.87,128.0,0.31,0.21,291.95,44.29
2015-10-12,0.0,0.0,0.0,0.0,435.79,89.0,0.0,0.0,18.66,4.81
2015-10-13,2.49,2.0,2.49,2.0,478.51,69.0,1.05,0.54,3.18,1.15
2015-10-14,0.28,1.0,46.66,11.0,671.52,121.0,3.6,0.86,13.89,4.69
2015-10-15,0.0,0.0,17.71,7.0,660.65,128.0,1.11,0.38,31.03,8.73
2015-10-16,0.0,0.0,3.69,1.0,658.63,132.0,0.0,0.0,18.31,2.96
2015-10-17,0.0,0.0,38.91,8.0,593.14,132.0,9.45,0.89,170.35,35.74
2015-10-18,28.94,3.0,36.49,5.0,869.68,197.0,5.34,1.39,6.73,1.62
2015-10-19,13.8,3.0,39.76,12.0,1278.57,237.0,6.24,2.51,887.76,158.16
2015-10-20,4.43,2.0,92.25,27.0,1893.56,378.0,4.2,1.96,1511.26,283.87
2015-10-21,6.5,3.0,45.28,11.0,1064.08,193.0,5.91,2.58,766.74,136.53
2015-10-22,24.99,6.0,120.82,25.0,1420.12,237.0,13.74,3.53,1082.26,170.1
2015-10-23,0.0,0.0,147.0,21.0,1633.4,275.0,0.0,0.0,1121.53,185.18
2015-10-24,16.18,5.0,177.76,38.0,2363.71,381.0,147.3,29.91,183.15,35.46
2015-10-25,40.95,10.0,346.8,74.0,2664.01,438.0,133.32,29.38,204.64,45.8
2015-10-26,12.47,4.0,225.05,45.0,422.39,99.0,1.13,0.31,83.58,23.83
2015-10-27,7.8,3.0,174.24,35.0,1393.97,245.0,7.94,3.18,1001.84,168.23
2015-10-28,0.0,0.0,0.0,0.0,36.11,12.0,0.0,0.0,33.01,10.77
2015-10-29,0.93,2.0,8.01,5.0,1655.42,215.0,2.61,1.0,14.17,5.69
2015-10-30,30.06,11.0,244.1,51.0,3974.88,593.0,31.1,6.96,508.68,86.43
2015-10-31,15.1,6.0,317.61,86.0,4770.24,819.0,157.21,41.46,231.63,59.2
2015-11-01,15.75,3.0,338.28,63.0,3302.39,540.0,13.14,3.12,96.55,19.63
2015-11-02,1.44,1.0,139.76,31.0,2209.53,370.0,0.43,0.3,338.64,56.46
2015-11-03,0.0,0.0,209.22,41.0,3745.26,710.0,3.28,1.32,2571.48,488.89
2015-11-04,16.27,6.0,363.7,70.0,6005.45,756.0,59.82,14.98,108.56,26.37
2015-11-05,2.48,1.0,281.99,59.0,548.13,116.0,124.94,26.39,181.96,36.39
2015-11-06,0.0,0.0,248.04,39.0,890.52,164.0,113.88,18.09,158.62,27.63
2015-11-07,0.93,2.0,141.47,20.0,228.88,36.0,2.97,2.5,36.8,8.74
2015-11-08,2.71,2.0,149.16,28.0,506.6,93.0,1.56,0.72,24.2,6.57
2015-11-09,0.63,2.0,66.39,11.0,1384.22,257.0,0.01,0.03,71.99,19.81
2015-11-10,15.73,6.0,140.92,37.0,2280.21,438.0,12.13,3.93,1416.05,264.19
2015-11-11,22.7,8.0,385.88,83.0,2585.21,454.0,36.29,12.23,1864.55,307.12
2015-11-12,11.39,2.0,143.92,33.0,870.33,161.0,18.49,4.92,642.68,105.94
2015-11-13,0.0,0.0,80.77,14.0,573.78,100.0,7.6,1.86,422.72,65.39
2015-11-14,0.0,0.0,30.6,5.0,452.75,65.0,6.51,1.55,345.66,50.67
2015-11-15,2.84,1.0,94.26,22.0,700.21,141.0,13.51,4.81,481.06,93.34
2015-11-16,4.32,1.0,102.3,31.0,750.8,168.0,22.7,10.17,560.8,117.62
2015-11-17,13.95,3.0,50.68,17.0,457.38,100.0,16.52,7.71,312.8,57.52
2015-11-18,2.81,2.0,13.65,8.0,192.52,53.0,9.7,5.44,145.93,39.1
2015-11-19,1.11,1.0,24.72,8.0,353.91,78.0,5.63,1.81,243.93,50.87
2015-11-20,3.8,1.0,59.16,16.0,347.55,65.0,32.76,5.22,189.12,32.39
2015-11-21,0.3,1.0,73.21,20.0,273.38,79.0,28.17,9.08,163.74,42.94
2015-11-22,11.04,4.0,54.14,21.0,131.89,40.0,22.14,8.53,74.18,18.96
2015-11-23,0.0,0.0,8.15,3.0,46.19,14.0,0.0,0.0,19.35,4.2
2015-11-24,2.29,1.0,28.84,5.0,146.38,28.0,17.19,2.36,91.73,16.21
2015-11-25,0.0,0.0,1.68,1.0,39.56,8.0,1.55,0.92,35.81,5.19
2015-11-26,11.98,5.0,35.96,14.0,52.63,20.0,0.34,0.15,0.34,0.15
2015-11-27,3.31,1.0,23.08,11.0,30.26,13.0,8.46,3.62,10.47,4.17
2015-11-28,6.02,3.0,21.56,7.0,33.04,11.0,7.63,1.83,8.16,1.93
2015-11-29,0.0,0.0,9.62,4.0,12.16,6.0,5.96,2.49,8.31,4.31
2015-11-30,0.48,1.0,17.85,8.0,38.85,16.0,8.98,4.47,13.31,6.74
2015-12-01,9.29,5.0,52.02,14.0,77.12,23.0,36.77,7.65,44.8,11.03
2015-12-02,4.15,3.0,51.4,19.0,124.07,39.0,14.82,5.02,37.15,12.3
2015-12-03,7.27,4.0,40.52,16.0,85.87,31.0,3.13,1.71,5.72,2.56
2015-12-04,14.57,5.0,61.65,13.0,93.62,23.0,31.85,4.58,38.83,6.36
2015-12-05,2.98,1.0,62.54,17.0,75.34,21.0,9.15,2.47,11.47,3.5
2015-12-06,2.08,3.0,69.07,27.0,144.62,48.0,10.63,4.01,27.81,10.11
2015-12-07,14.0,5.0,73.14,24.0,118.52,38.0,4.89,1.43,7.76,2.18
2015-12-08,19.08,5.0,98.67,26.0,136.74,36.0,29.95,7.93,34.72,9.43
2015-12-09,0.5,1.0,0.5,1.0,7.49,5.0,0.0,0.0,0.0,0.0
2015-12-10,17.13,4.0,53.42,14.0,76.65,22.0,28.52,7.78,38.79,11.53
2015-12-11,0.0,0.0,15.19,5.0,36.83,10.0,6.74,2.88,19.35,6.12
2015-12-12,0.61,1.0,15.42,6.0,41.96,14.0,8.0,3.25,11.5,4.79
2015-12-13,17.03,6.0,144.91,50.0,218.03,78.0,18.79,6.28,34.72,11.31
2015-12-14,12.75,4.0,65.15,22.0,140.99,43.0,3.48,1.27,7.99,2.7
2015-12-15,26.87,4.0,71.38,21.0,128.96,41.0,7.06,2.59,9.05,3.0
2015-12-16,10.27,4.0,171.06,41.0,277.97,75.0,30.06,6.67,44.62,11.24
2015-12-17,15.42,4.0,175.1,39.0,295.21,71.0,96.11,23.26,179.12,45.34
2015-12-18,42.57,12.0,187.98,64.0,365.39,123.0,27.42,9.85,62.55,17.76
2015-12-19,5.14,2.0,109.86,34.0,240.19,72.0,39.79,11.38,66.51,18.06
2015-12-20,21.95,7.0,115.62,38.0,208.45,61.0,51.27,18.18,78.06,27.84
2015-12-21,17.12,6.0,119.93,41.0,209.83,69.0,43.67,15.59,87.88,29.71
2015-12-22,25.45,8.0,151.13,44.0,314.94,94.0,104.93,31.27,216.49,65.33
2015-12-23,10.33,4.0,147.24,49.0,321.69,100.0,25.12,9.89,63.68,19.86
2015-12-24,6.98,3.0,133.72,40.0,245.54,77.0,30.44,8.34,45.48,12.74
2015-12-25,3.97,3.0,63.33,19.0,155.05,46.0,28.83,9.61,43.61,12.59
2015-12-26,34.13,10.0,86.12,25.0,168.45,48.0,15.6,4.12,20.72,5.53
2015-12-27,26.42,6.0,103.23,24.0,207.13,46.0,20.29,5.36,38.21,9.99
2015-12-28,4.51,3.0,56.37,15.0,178.65,38.0,27.9,5.95,42.13,10.02
2015-12-29,11.69,4.0,86.99,29.0,256.01,79.0,21.63,6.17,31.08,7.99
2015-12-30,4.47,3.0,4.47,3.0,5.16,4.0,4.16,2.79,4.16,2.79
2015-12-31,5.01,2.0,73.15,26.0,195.27,78.0,28.5,9.87,56.38,21.12
2016-01-01,1.76,1.0,36.85,10.0,102.84,34.0,6.27,1.83,18.62,4.61
2016-01-02,1.3,4.0,99.49,20.0,263.47,68.0,13.96,5.24,48.2,14.04
2016-01-03,14.96,7.0,205.7,72.0,439.81,152.0,14.05,6.08,32.08,12.49
2016-01-04,14.57,3.0,122.82,28.0,214.97,51.0,28.63,7.41,46.59,12.81
2016-01-05,2.99,1.0,78.95,21.0,211.63,44.0,27.39,5.82,104.29,18.93
2016-01-06,0.0,0.0,22.52,4.0,71.84,15.0,8.97,1.86,47.82,10.48
2016-01-07,15.89,4.0,54.0,16.0,108.49,33.0,30.72,8.83,42.28,13.06
2016-01-08,12.42,4.0,94.86,35.0,203.82,73.0,4.52,1.98,19.68,7.16
2016-01-09,4.6,1.0,108.01,17.0,159.0,33.0,42.43,4.41,54.44,6.85
2016-01-10,17.09,4.0,117.07,29.0,226.58,59.0,35.05,8.81,56.92,14.41
2016-01-11,10.2,3.0,108.16,27.0,181.56,44.0,65.0,15.93,101.05,24.03
2016-01-12,6.32,2.0,55.26,14.0,124.36,33.0,13.82,3.0,30.32,9.62
2016-01-13,6.25,3.0,64.68,22.0,206.67,65.0,37.01,12.61,112.25,34.8
2016-01-14,2.52,1.0,7.7,2.0,28.15,6.0,0.31,0.12,0.37,0.17
2016-01-15,0.0,0.0,2.75,1.0,31.64,11.0,0.21,0.08,3.93,1.27
2016-01-16,9.8,3.0,45.79,10.0,50.19,12.0,15.22,2.21,15.83,2.43
2016-01-17,24.6,7.0,111.75,28.0,182.48,54.0,56.63,17.92,110.01,37.98
2016-01-18,12.32,3.0,154.46,35.0,238.87,61.0,76.08,17.82,106.59,27.4
2016-01-19,3.8,1.0,42.36,13.0,52.16,16.0,15.47,4.72,20.75,5.88
2016-01-20,0.0,0.0,0.0,0.0,26.99,6.0,0.0,0.0,5.16,1.02
2016-01-21,3.17,2.0,43.39,11.0,43.39,11.0,28.96,8.3,28.96,8.3
2016-01-22,4.65,2.0,54.62,17.0,113.46,34.0,25.56,6.83,40.81,11.59
2016-01-23,20.66,7.0,113.93,28.0,214.42,54.0,69.54,17.69,105.14,26.85
2016-01-24,3.79,2.0,46.47,18.0,233.49,63.0,12.83,5.5,65.19,16.55
2016-01-25,19.31,4.0,67.01,17.0,119.94,32.0,32.97,9.16,44.2,12.21
2016-01-26,4.08,1.0,42.48,8.0,63.46,15.0,7.4,1.67,17.85,5.89
2016-01-27,8.14,2.0,63.92,14.0,150.74,37.0,56.22,11.86,115.87,26.7
2016-01-28,0.0,0.0,39.43,9.0,176.7,30.0,12.66,3.56,57.56,8.42
2016-01-29,16.85,2.0,140.14,28.0,266.16,59.0,19.93,4.44,101.97,23.44
2016-01-30,12.32,5.0,153.0,45.0,338.09,96.0,60.04,18.52,122.23,33.35
2016-01-31,0.0,0.0,0.0,0.0,5.79,3.0,0.0,0.0,0.12,0.18
2016-02-01,2.22,1.0,48.81,13.0,199.01,44.0,28.2,6.11,91.18,15.64
2016-02-02,5.01,2.0,55.25,10.0,147.68,28.0,28.83,2.06,31.6,2.7
2016-02-03,31.39,9.0,125.02,24.0,223.21,50.0,37.8,8.06,56.07,12.59
2016-02-04,6.04,1.0,53.35,19.0,271.53,73.0,2.86,1.19,18.17,4.78
2016-02-05,15.71,2.0,92.54,20.0,261.09,59.0,29.02,6.5,54.79,10.51
2016-02-06,5.64,2.0,43.63,15.0,231.87,41.0,1.7,0.62,43.66,7.13
2016-02-07,0.0,0.0,24.17,8.0,68.63,15.0,7.01,1.92,11.35,3.18
2016-02-08,11.11,5.0,77.53,16.0,172.1,36.0,7.23,1.75,30.15,5.12
2016-02-09,32.67,7.0,112.71,28.0,211.64,62.0,24.89,6.33,40.87,10.94
2016-02-10,16.03,5.0,124.56,30.0,259.94,75.0,2.13,0.68,9.08,3.84
2016-02-11,5.18,1.0,54.08,9.0,124.58,24.0,12.6,2.57,37.56,8.72
2016-02-12,0.0,0.0,21.35,8.0,638.83,67.0,6.31,3.1,543.24,53.44
2016-02-13,0.0,0.0,8.01,2.0,20.4,5.0,0.94,0.22,3.47,0.83
2016-02-14,1.98,1.0,69.1,17.0,169.19,42.0,15.94,5.28,40.07,11.32
2016-02-15,0.91,2.0,10.54,6.0,66.7,23.0,4.16,3.22,25.35,8.98
2016-02-16,20.64,6.0,93.78,24.0,242.71,61.0,69.66,16.36,131.84,31.61
2016-02-17,16.18,3.0,45.47,11.0,147.74,40.0,20.81,6.09,61.77,16.23
2016-02-18,0.0,0.0,0.0,0.0,2.9,1.0,0.0,0.0,0.0,0.0
2016-02-19,0.0,0.0,0.0,0.0,0.0,0.0,0.0,0.0,0.0,0.0
2016-02-20,0.0,0.0,6.72,4.0,59.87,18.0,0.75,0.97,7.58,2.48
2016-02-21,8.55,3.0,38.28,11.0,111.8,30.0,4.78,1.8,11.52,3.04
2016-02-22,93.99,9.0,115.19,15.0,181.46,31.0,26.48,5.33,36.6,7.91
2016-02-23,13.41,4.0,39.96,12.0,130.92,33.0,12.22,4.35,12.35,4.42
2016-02-24,0.28,1.0,14.27,5.0,156.2,36.0,0.1,0.22,0.4,0.3
2016-02-25,7.59,2.0,23.24,8.0,400.52,66.0,1.19,0.78,69.89,12.8
2016-02-26,2.96,1.0,25.45,4.0,164.18,40.0,2.1,0.31,55.44,17.42
2016-02-27,5.81,2.0,20.28,4.0,163.94,40.0,11.29,1.77,27.11,6.17
2016-02-28,11.94,5.0,14.35,6.0,155.84,48.0,2.84,1.07,35.07,10.54
2016-02-29,0.84,1.0,14.47,3.0,179.47,17.0,0.0,0.0,0.9,0.12
2016-03-01,16.96,6.0,56.87,12.0,111.42,30.0,13.51,3.47,49.48,16.91
2016-03-02,0.42,1.0,26.26,6.0,76.64,20.0,15.14,1.84,54.8,11.92
2016-03-03,0.0,0.0,34.57,8.0,123.0,29.0,13.91,3.0,34.27,9.33
2016-03-04,0.0,0.0,15.08,3.0,66.48,19.0,6.34,1.6,12.59,3.71
2016-03-05,0.0,0.0,21.74,1.0,34.0,7.0,4.6,0.21,8.36,1.93
2016-03-06,0.65,1.0,0.65,1.0,10.32,7.0,0.35,0.54,6.61,4.79
2016-03-07,0.0,0.0,23.38,6.0,88.84,26.0,15.5,2.94,27.98,6.51
2016-03-08,7.66,1.0,32.3,5.0,137.37,22.0,21.54,4.05,45.75,8.23
2016-03-09,0.46,1.0,16.77,3.0,63.92,14.0,11.09,2.34,38.32,9.2
2016-03-10,0.0,0.0,4.85,2.0,18.71,7.0,2.36,0.97,6.42,2.23
2016-03-11,0.0,0.0,9.01,3.0,12.28,5.0,0.0,0.0,0.0,0.0
2016-03-12,0.0,0.0,2.16,1.0,9.93,5.0,2.15,1.0,8.15,3.51
2016-03-13,3.82,1.0,10.49,2.0,14.0,4.0,1.61,0.24,1.62,0.25
2016-03-14,0.0,0.0,0.0,0.0,8.41,2.0,0.0,0.0,2.31,0.55
2016-03-15,0.0,0.0,0.0,0.0,26.94,6.0,0.0,0.0,5.8,1.08
2016-03-16,0.63,1.0,3.43,2.0,13.8,4.0,0.04,0.06,0.04,0.06
2016-03-17,0.0,0.0,0.0,0.0,12.34,3.0,0.0,0.0,4.68,1.23
2016-03-18,1.04,2.0,15.54,6.0,110.07,19.0,0.71,0.62,17.49,2.52
2016-03-19,0.0,0.0,11.96,3.0,141.64,22.0,0.0,0.0,57.43,7.42
2016-03-20,0.0,0.0,3.5,1.0,23.24,7.0,1.88,0.54,17.7,5.38
2016-03-21,0.0,0.0,0.0,0.0,129.25,31.0,0.0,0.0,12.86,3.7
2016-03-22,17.56,2.0,19.12,4.0,84.33,25.0,13.97,1.95,15.48,2.49
2016-03-23,4.94,5.0,6.74,8.0,143.49,102.0,0.47,0.61,6.51,2.68
2016-03-24,3.25,1.0,3.25,1.0,122.23,30.0,0.14,0.04,1.12,0.3
2016-03-25,0.0,0.0,0.0,0.0,19.29,3.0,0.0,0.0,6.81,1.24
2016-03-26,0.0,0.0,0.0,0.0,1.41,1.0,0.0,0.0,0.06,0.04
2016-03-27,3.55,2.0,22.25,6.0,32.59,13.0,13.93,2.67,20.23,6.09
2016-03-28,18.52,5.0,32.65,8.0,137.07,30.0,10.13,1.96,10.48,2.14
2016-03-29,0.0,0.0,0.0,0.0,40.46,14.0,0.0,0.0,0.0,0.0
2016-03-30,0.0,0.0,0.0,0.0,41.55,10.0,0.0,0.0,5.12,0.25
2016-03-31,0.0,0.0,0.0,0.0,134.96,31.0,0.0,0.0,13.68,2.71
2016-04-01,3.25,1.0,4.06,2.0,76.59,29.0,3.01,0.93,5.18,1.34
2016-04-02,7.76,1.0,7.76,1.0,82.5,37.0,0.0,0.0,1.89,0.52
2016-04-03,0.0,0.0,0.0,0.0,30.91,18.0,0.0,0.0,0.0,0.0
2016-04-04,0.68,1.0,3.37,2.0,37.78,16.0,2.62,1.49,3.39,2.35
2016-04-05,0.0,0.0,4.6,1.0,21.79,7.0,0.0,0.0,7.7,2.57
2016-04-06,1.4,2.0,2.54,3.0,42.51,24.0,0.89,0.78,4.1,1.53
2016-04-07,16.84,5.0,22.38,8.0,280.47,88.0,3.28,3.63,15.46,8.86
2016-04-08,2.26,1.0,7.8,2.0,410.97,120.0,0.01,0.0,36.77,11.32
2016-04-09,2.88,1.0,8.37,3.0,318.02,71.0,2.86,0.99,83.17,15.55
2016-04-10,2.43,2.0,2.43,2.0,225.66,76.0,0.99,0.81,25.27,10.44
2016-04-11,1.56,2.0,23.09,11.0,240.07,84.0,10.61,4.78,14.59,7.23
2016-04-12,13.5,6.0,27.27,13.0,262.36,66.0,0.97,1.86,12.59,3.51
2016-04-13,16.12,3.0,48.18,11.0,469.31,87.0,30.59,5.38,137.93,12.92
2016-04-14,79.64,9.0,97.97,12.0,430.09,86.0,18.2,1.11,39.33,7.35
2016-04-15,194.93,12.0,259.8,19.0,441.4,71.0,73.2,4.02,73.28,4.1
2016-04-16,32.34,7.0,117.22,27.0,576.6,92.0,28.91,6.8,87.5,10.87
2016-04-17,5.74,2.0,69.9,13.0,267.87,48.0,17.65,3.84,23.12,5.38
2016-04-18,14.63,5.0,121.86,25.0,465.74,134.0,22.43,7.3,123.57,42.12
2016-04-19,6.45,3.0,142.76,15.0,545.12,122.0,59.37,4.89,59.83,5.17
2016-04-20,31.51,9.0,554.83,67.0,1258.94,170.0,382.2,38.77,530.6,54.43
2016-04-21,130.04,21.0,368.24,69.0,1181.62,254.0,166.61,31.41,351.26,63.15
2016-04-22,147.98,24.0,497.25,74.0,1265.77,175.0,248.74,34.18,687.11,73.29
2016-04-23,81.12,11.0,536.32,66.0,1714.62,294.0,320.34,38.57,741.14,103.33
2016-04-24,116.91,17.0,794.26,81.0,2973.89,492.0,464.29,44.08,1168.8,164.95
2016-04-25,63.12,8.0,609.64,62.0,2951.28,455.0,300.8,32.16,1125.07,144.34
2016-04-26,200.15,25.0,701.92,108.0,4393.58,771.0,356.96,56.76,2019.28,321.45
2016-04-27,204.67,41.0,915.58,189.0,7294.94,1156.0,624.11,125.42,2903.78,504.57
2016-04-28,303.68,52.0,1540.71,202.0,7309.12,941.0,1182.9,157.54,4312.68,532.84
2016-04-29,142.26,28.0,1130.44,146.0,6205.38,752.0,786.07,100.49,2620.96,292.36
2016-04-30,73.64,12.0,649.98,63.0,2725.88,291.0,495.64,44.89,1616.17,135.26
2016-05-01,128.96,9.0,993.38,84.0,5061.2,524.0,737.41,57.38,3242.3,291.42
2016-05-02,56.51,9.0,565.37,80.0,3251.15,425.0,306.84,39.52,1333.73,164.87
2016-05-03,0.0,0.0,4.47,1.0,12.46,6.0,0.0,0.0,2.31,0.99
2016-05-04,66.14,9.0,159.18,23.0,335.38,61.0,25.78,2.91,70.94,10.29
2016-05-05,0.0,0.0,0.0,0.0,31.63,10.0,0.0,0.0,2.77,1.49
2016-05-06,5.62,2.0,71.6,17.0,1036.9,211.0,0.0,0.0,0.0,0.0
2016-05-07,4.9,3.0,87.16,26.0,548.15,141.0,15.5,8.01,16.5,8.25
2016-05-08,16.11,3.0,82.46,13.0,310.57,55.0,25.54,4.88,42.81,7.57
2016-05-09,9.47,2.0,38.93,10.0,263.53,63.0,0.0,0.0,3.37,1.85
2016-05-10,4.55,2.0,62.64,13.0,322.64,85.0,16.7,1.63,26.58,5.34
2016-05-11,4.22,1.0,31.71,8.0,148.06,40.0,2.59,0.55,2.6,0.56
2016-05-12,20.63,5.0,72.42,19.0,246.42,77.0,48.71,10.73,127.37,37.09
2016-05-13,7.18,1.0,45.47,7.0,172.12,38.0,0.33,0.14,60.29,15.91
2016-05-14,9.22,2.0,39.72,8.0,180.36,34.0,6.78,1.11,82.57,14.99
2016-05-15,60.39,6.0,118.31,16.0,531.48,84.0,53.87,7.19,245.45,41.7
2016-05-16,38.3,1.0,40.78,2.0,166.05,23.0,13.87,0.37,70.07,8.41
2016-05-17,0.0,0.0,6.15,1.0,217.92,33.0,4.96,0.81,70.69,10.24
2016-05-18,14.22,2.0,43.52,7.0,186.37,37.0,34.39,5.24,140.28,27.19
2016-05-19,0.0,0.0,0.0,0.0,46.63,10.0,0.0,0.0,4.26,1.77
2016-05-20,0.0,0.0,12.72,3.0,70.44,22.0,2.62,0.76,9.52,2.7
2016-05-21,0.0,0.0,0.0,0.0,39.32,13.0,0.0,0.0,0.71,0.18
2016-05-22,0.0,0.0,5.59,1.0,68.25,15.0,0.0,0.0,24.43,3.15
2016-05-23,11.92,3.0,11.92,3.0,15.74,4.0,5.57,0.96,9.38,1.95
2016-05-24,0.0,0.0,0.0,0.0,1.27,1.0,0.0,0.0,0.95,0.75
2016-05-25,0.72,1.0,0.72,1.0,20.61,4.0,0.02,0.03,0.97,0.18
2016-05-26,0.0,0.0,0.0,0.0,13.77,4.0,0.0,0.0,0.0,0.0
2016-05-27,0.0,0.0,0.0,0.0,23.09,4.0,0.0,0.0,4.53,1.01
2016-05-28,0.0,0.0,0.65,1.0,1.57,2.0,0.3,0.47,0.74,0.94
2016-05-29,1.46,1.0,1.46,1.0,1.46,1.0,0.0,0.0,0.0,0.0
2016-05-30,0.54,1.0,0.54,1.0,3.37,3.0,0.06,0.1,0.35,0.4
2016-05-31,0.0,0.0,5.2,1.0,14.23,4.0,0.0,0.0,0.0,0.0
2016-06-01,0.0,0.0,0.0,0.0,0.0,0.0,0.0,0.0,0.0,0.0
2016-06-02,0.0,0.0,0.0,0.0,0.0,0.0,0.0,0.0,0.0,0.0
2016-06-03,0.0,0.0,0.0,0.0,0.0,0.0,0.0,0.0,0.0,0.0
2016-06-04,0.0,0.0,29.82,3.0,29.82,3.0,5.07,0.43,5.07,0.43
2016-06-05,0.0,0.0,10.12,1.0,47.74,9.0,0.0,0.0,2.87,1.22
2016-06-06,0.0,0.0,0.0,0.0,2.96,2.0,0.0,0.0,1.72,1.3
2016-06-07,0.0,0.0,4.8,3.0,11.41,8.0,0.67,0.5,5.4,3.83
2016-06-08,0.0,0.0,0.0,0.0,8.49,2.0,0.0,0.0,0.0,0.0
2016-06-09,2.39,1.0,2.39,1.0,2.39,1.0,0.0,0.0,0.0,0.0
2016-06-10,0.0,0.0,0.0,0.0,26.71,3.0,0.0,0.0,0.0,0.0
2016-06-11,0.0,0.0,0.0,0.0,2.59,2.0,0.0,0.0,0.0,0.0
2016-06-12,0.0,0.0,97.17,3.0,101.51,4.0,0.0,0.0,0.0,0.0
2016-06-13,0.0,0.0,0.0,0.0,1.74,1.0,0.0,0.0,0.45,0.26
2016-06-14,0.0,0.0,0.0,0.0,1.23,1.0,0.0,0.0,0.95,0.77
2016-06-15,0.0,0.0,0.0,0.0,0.97,1.0,0.0,0.0,0.02,0.02
2016-06-16,0.0,0.0,0.0,0.0,0.0,0.0,0.0,0.0,0.0,0.0
2016-06-17,0.0,0.0,0.0,0.0,0.0,0.0,0.0,0.0,0.0,0.0
2016-06-18,0.0,0.0,3.19,1.0,5.23,2.0,3.03,0.95,5.06,1.95
2016-06-19,0.0,0.0,0.0,0.0,0.0,0.0,0.0,0.0,0.0,0.0
2016-06-20,0.0,0.0,0.0,0.0,0.0,0.0,0.0,0.0,0.0,0.0
2016-06-21,0.0,0.0,0.0,0.0,3.56,1.0,0.0,0.0,0.0,0.0
2016-06-22,0.0,0.0,0.0,0.0,2.76,2.0,0.0,0.0,1.05,0.72
2016-06-23,0.0,0.0,0.0,0.0,1.17,1.0,0.0,0.0,0.0,0.0
2016-06-24,0.0,0.0,0.0,0.0,0.0,0.0,0.0,0.0,0.0,0.0
2016-06-25,0.0,0.0,0.0,0.0,11.67,2.0,0.0,0.0,0.0,0.0
2016-06-26,0.0,0.0,2.25,1.0,2.91,2.0,0.0,0.0,0.0,0.0
2016-06-27,0.0,0.0,0.0,0.0,0.0,0.0,0.0,0.0,0.0,0.0
2016-06-28,0.0,0.0,0.0,0.0,0.38,1.0,0.0,0.0,0.38,0.99
2016-06-29,0.0,0.0,0.0,0.0,0.0,0.0,0.0,0.0,0.0,0.0
2016-06-30,0.0,0.0,0.0,0.0,0.0,0.0,0.0,0.0,0.0,0.0
2016-07-01,0.0,0.0,0.0,0.0,0.0,0.0,0.0,0.0,0.0,0.0
2016-07-02,0.0,0.0,0.0,0.0,0.0,0.0,0.0,0.0,0.0,0.0
2016-07-03,0.0,0.0,0.0,0.0,0.0,0.0,0.0,0.0,0.0,0.0
2016-07-04,0.0,0.0,0.0,0.0,0.0,0.0,0.0,0.0,0.0,0.0
2016-07-05,0.0,0.0,0.0,0.0,0.0,0.0,0.0,0.0,0.0,0.0
2016-07-06,0.0,0.0,0.0,0.0,0.0,0.0,0.0,0.0,0.0,0.0
2016-07-07,0.62,1.0,0.62,1.0,0.62,1.0,0.01,0.02,0.01,0.02
2016-07-08,0.0,0.0,0.0,0.0,0.0,0.0,0.0,0.0,0.0,0.0
2016-07-09,2.73,1.0,2.73,1.0,2.73,1.0,1.65,0.61,1.65,0.61
2016-07-10,0.0,0.0,0.0,0.0,0.0,0.0,0.0,0.0,0.0,0.0
2016-07-11,0.0,0.0,0.0,0.0,0.0,0.0,0.0,0.0,0.0,0.0
2016-07-12,0.0,0.0,0.0,0.0,0.0,0.0,0.0,0.0,0.0,0.0
2016-07-13,0.0,0.0,0.0,0.0,0.0,0.0,0.0,0.0,0.0,0.0
2016-07-14,0.0,0.0,0.0,0.0,0.0,0.0,0.0,0.0,0.0,0.0
2016-07-15,0.0,0.0,0.0,0.0,0.0,0.0,0.0,0.0,0.0,0.0
2016-07-16,0.0,0.0,0.0,0.0,0.0,0.0,0.0,0.0,0.0,0.0
2016-07-17,0.0,0.0,0.0,0.0,0.0,0.0,0.0,0.0,0.0,0.0
2016-07-18,2.19,1.0,2.19,1.0,4.84,2.0,0.61,0.28,0.61,0.28
2016-07-19,0.0,0.0,0.0,0.0,0.0,0.0,0.0,0.0,0.0,0.0
2016-07-20,0.0,0.0,0.0,0.0,0.0,0.0,0.0,0.0,0.0,0.0
2016-07-21,0.0,0.0,0.0,0.0,0.0,0.0,0.0,0.0,0.0,0.0
2016-07-22,0.0,0.0,0.0,0.0,0.0,0.0,0.0,0.0,0.0,0.0
2016-07-23,0.0,0.0,0.0,0.0,0.0,0.0,0.0,0.0,0.0,0.0
2016-07-24,0.0,0.0,0.0,0.0,0.0,0.0,0.0,0.0,0.0,0.0
2016-07-25,0.0,0.0,0.0,0.0,0.0,0.0,0.0,0.0,0.0,0.0
2016-07-26,0.0,0.0,0.0,0.0,0.0,0.0,0.0,0.0,0.0,0.0
2016-07-27,0.0,0.0,0.0,0.0,0.0,0.0,0.0,0.0,0.0,0.0
2016-07-28,0.0,0.0,0.0,0.0,0.0,0.0,0.0,0.0,0.0,0.0
2016-07-29,0.0,0.0,0.0,0.0,0.0,0.0,0.0,0.0,0.0,0.0
2016-07-30,0.0,0.0,0.0,0.0,0.0,0.0,0.0,0.0,0.0,0.0
2016-07-31,0.0,0.0,0.0,0.0,0.0,0.0,0.0,0.0,0.0,0.0
2016-08-01,0.0,0.0,0.0,0.0,0.0,0.0,0.0,0.0,0.0,0.0
2016-08-02,0.0,0.0,0.0,0.0,0.0,0.0,0.0,0.0,0.0,0.0
2016-08-03,0.0,0.0,0.0,0.0,0.86,1.0,0.0,0.0,0.86,1.0
2016-08-04,0.0,0.0,0.0,0.0,5.65,2.0,0.0,0.0,0.43,0.12
2016-08-05,0.0,0.0,0.0,0.0,0.0,0.0,0.0,0.0,0.0,0.0
2016-08-06,0.0,0.0,2.45,1.0,3.46,2.0,0.0,0.0,0.89,0.88
2016-08-07,0.0,0.0,0.0,0.0,0.0,0.0,0.0,0.0,0.0,0.0
2016-08-08,0.0,0.0,0.0,0.0,0.0,0.0,0.0,0.0,0.0,0.0
2016-08-09,0.0,0.0,0.0,0.0,0.0,0.0,0.0,0.0,0.0,0.0
2016-08-10,0.0,0.0,0.0,0.0,0.0,0.0,0.0,0.0,0.0,0.0
2016-08-11,0.0,0.0,0.0,0.0,0.0,0.0,0.0,0.0,0.0,0.0
2016-08-12,0.0,0.0,0.0,0.0,0.0,0.0,0.0,0.0,0.0,0.0
2016-08-13,0.0,0.0,0.0,0.0,0.0,0.0,0.0,0.0,0.0,0.0
2016-08-14,0.0,0.0,0.0,0.0,0.0,0.0,0.0,0.0,0.0,0.0
2016-08-15,0.0,0.0,0.0,0.0,0.0,0.0,0.0,0.0,0.0,0.0
2016-08-16,0.0,0.0,0.0,0.0,0.93,1.0,0.0,0.0,0.17,0.18
2016-08-17,0.0,0.0,0.0,0.0,0.0,0.0,0.0,0.0,0.0,0.0
2016-08-18,0.0,0.0,0.0,0.0,1.47,1.0,0.0,0.0,1.47,1.0
2016-08-19,0.0,0.0,0.0,0.0,2.38,2.0,0.0,0.0,1.03,1.2
2016-08-20,0.0,0.0,0.0,0.0,2.88,1.0,0.0,0.0,0.0,0.0
2016-08-21,0.0,0.0,0.0,0.0,0.0,0.0,0.0,0.0,0.0,0.0
2016-08-22,0.0,0.0,0.0,0.0,0.0,0.0,0.0,0.0,0.0,0.0
2016-08-23,0.0,0.0,0.0,0.0,0.0,0.0,0.0,0.0,0.0,0.0
2016-08-24,0.0,0.0,0.0,0.0,0.0,0.0,0.0,0.0,0.0,0.0
2016-08-25,0.0,0.0,0.0,0.0,0.0,0.0,0.0,0.0,0.0,0.0
2016-08-26,4.38,1.0,4.38,1.0,8.19,2.0,0.0,0.0,0.0,0.0
2016-08-27,0.0,0.0,0.0,0.0,0.0,0.0,0.0,0.0,0.0,0.0
2016-08-28,0.0,0.0,0.0,0.0,0.0,0.0,0.0,0.0,0.0,0.0
2016-08-29,0.0,0.0,0.0,0.0,0.0,0.0,0.0,0.0,0.0,0.0
2016-08-30,0.0,0.0,0.0,0.0,0.0,0.0,0.0,0.0,0.0,0.0
2016-08-31,0.0,0.0,0.0,0.0,0.0,0.0,0.0,0.0,0.0,0.0
2016-09-01,0.0,0.0,0.0,0.0,0.0,0.0,0.0,0.0,0.0,0.0
2016-09-02,0.0,0.0,0.0,0.0,0.0,0.0,0.0,0.0,0.0,0.0
2016-09-03,0.0,0.0,0.0,0.0,5.68,2.0,0.0,0.0,0.44,0.16
2016-09-04,3.63,2.0,3.63,2.0,17.63,6.0,0.0,0.0,0.19,0.05
2016-09-05,9.46,2.0,9.46,2.0,9.46,2.0,0.34,0.07,0.34,0.07
2016-09-06,0.0,0.0,0.0,0.0,18.79,5.0,0.0,0.0,2.47,0.66
2016-09-07,0.0,0.0,0.0,0.0,0.0,0.0,0.0,0.0,0.0,0.0
2016-09-08,1.91,1.0,1.91,1.0,10.56,4.0,1.53,0.8,3.63,1.53
2016-09-09,0.0,0.0,0.0,0.0,0.0,0.0,0.0,0.0,0.0,0.0
2016-09-10,7.68,2.0,8.08,3.0,8.08,3.0,6.03,1.83,6.03,1.83
2016-09-11,1.54,1.0,1.54,1.0,1.54,1.0,0.02,0.02,0.02,0.02
2016-09-12,0.0,0.0,0.53,1.0,3.65,2.0,0.07,0.13,0.32,0.21
2016-09-13,0.0,0.0,0.0,0.0,8.44,2.0,0.0,0.0,6.1,1.36
2016-09-14,7.14,3.0,7.14,3.0,7.14,3.0,0.0,0.0,0.0,0.0
2016-09-15,2.62,1.0,2.62,1.0,12.63,7.0,0.04,0.01,4.88,3.48
2016-09-16,0.0,0.0,0.0,0.0,23.48,4.0,0.0,0.0,20.78,3.47
2016-09-17,0.0,0.0,0.0,0.0,9.33,1.0,0.0,0.0,1.17,0.13
2016-09-18,0.0,0.0,0.0,0.0,23.91,5.0,0.0,0.0,0.0,0.0
2016-09-19,0.0,0.0,1.03,1.0,38.68,7.0,0.02,0.02,0.02,0.02
2016-09-20,0.0,0.0,7.24,2.0,48.54,14.0,0.0,0.0,0.0,0.0
2016-09-21,0.0,0.0,2.95,1.0,2.95,1.0,0.0,0.0,0.0,0.0
2016-09-22,0.0,0.0,0.0,0.0,11.51,3.0,0.0,0.0,0.0,0.0
2016-09-23,0.0,0.0,0.0,0.0,0.0,0.0,0.0,0.0,0.0,0.0
2016-09-24,0.0,0.0,0.0,0.0,30.17,9.0,0.0,0.0,0.19,0.11
2016-09-25,1.38,2.0,1.38,2.0,101.28,28.0,0.59,1.02,0.59,1.02
2016-09-26,3.24,2.0,3.24,2.0,25.59,9.0,0.0,0.0,4.4,1.23
2016-09-27,0.0,0.0,5.97,1.0,24.54,5.0,0.0,0.0,0.0,0.0
2016-09-28,1.47,1.0,1.47,1.0,19.74,6.0,0.01,0.01,0.01,0.01
2016-09-29,0.0,0.0,0.0,0.0,57.86,9.0,0.0,0.0,0.0,0.0
2016-09-30,2.92,2.0,2.92,2.0,99.0,26.0,0.55,0.88,11.31,3.42
2016-10-01,2.33,1.0,4.6,2.0,227.99,56.0,0.0,0.0,13.89,3.33
2016-10-02,0.0,0.0,0.0,0.0,113.14,19.0,0.0,0.0,9.27,2.3
2016-10-03,0.0,0.0,0.0,0.0,75.26,19.0,0.0,0.0,9.71,1.89
2016-10-04,0.0,0.0,0.0,0.0,21.48,5.0,0.0,0.0,3.23,0.79
2016-10-05,0.0,0.0,0.0,0.0,78.68,15.0,0.0,0.0,31.11,6.35
2016-10-06,0.0,0.0,0.0,0.0,463.49,112.0,0.0,0.0,11.09,3.05
2016-10-07,0.0,0.0,4.76,1.0,632.63,129.0,3.08,0.65,482.48,95.92
2016-10-08,4.02,2.0,29.32,5.0,466.65,71.0,21.83,3.62,340.63,50.72
2016-10-09,16.51,1.0,22.57,3.0,623.14,123.0,17.46,1.85,116.89,22.02
2016-10-10,1.61,1.0,10.12,3.0,994.67,193.0,2.71,0.51,594.14,110.71
2016-10-11,8.92,3.0,29.2,9.0,1740.97,341.0,6.27,2.85,1166.03,226.02
2016-10-12,10.45,2.0,32.12,8.0,1721.05,331.0,14.54,3.26,699.28,126.63
2016-10-13,10.64,4.0,34.3,11.0,1759.09,309.0,7.37,2.04,737.3,122.37
2016-10-14,7.35,4.0,11.88,6.0,1912.33,340.0,3.58,2.25,1236.2,213.19
2016-10-15,4.54,1.0,15.66,3.0,1894.23,268.0,0.0,0.0,1408.18,186.56
2016-10-16,20.93,6.0,185.06,34.0,2619.73,441.0,12.54,3.43,882.63,141.17
2016-10-17,1.1,1.0,137.09,29.0,2029.25,418.0,9.27,1.41,958.58,191.57
2016-10-18,5.43,2.0,75.72,13.0,1823.2,298.0,3.25,1.36,951.22,147.97
2016-10-19,0.0,0.0,42.37,13.0,1227.25,250.0,0.0,0.0,336.52,60.78
2016-10-20,3.2,1.0,86.36,22.0,1273.6,256.0,1.26,0.56,343.98,69.91
2016-10-21,17.26,6.0,104.65,25.0,2026.06,296.0,8.95,2.99,1035.26,123.64
2016-10-22,15.64,6.0,230.7,45.0,2142.39,429.0,4.36,2.29,1036.77,204.88
2016-10-23,10.42,3.0,193.71,40.0,2587.49,410.0,21.0,6.11,1446.19,205.6
2016-10-24,0.0,0.0,116.85,16.0,1845.93,213.0,2.7,0.87,852.52,79.11
2016-10-25,7.06,1.0,126.56,23.0,1534.95,249.0,2.13,0.45,1033.34,158.63
2016-10-26,3.24,2.0,542.71,35.0,3328.37,439.0,5.45,2.83,2580.0,362.97
2016-10-27,40.99,13.0,678.57,103.0,4291.99,615.0,39.52,14.17,3259.79,454.25
2016-10-28,9.12,3.0,561.76,94.0,3665.73,574.0,13.55,4.82,1197.82,177.86
2016-10-29,5.74,2.0,310.93,61.0,2901.75,415.0,84.3,17.36,155.37,34.51
2016-10-30,11.55,8.0,360.05,78.0,2192.28,332.0,5.81,4.56,64.2,19.56
2016-10-31,20.56,6.0,412.13,73.0,5570.64,691.0,29.0,5.37,2365.98,282.46
2016-11-01,28.06,5.0,644.26,103.0,4623.86,704.0,26.06,8.99,3697.77,552.62
2016-11-02,16.88,6.0,279.73,77.0,2657.21,514.0,15.94,7.31,1982.37,355.79
2016-11-03,11.93,3.0,628.31,89.0,3780.34,599.0,16.33,4.18,2400.71,388.55
2016-11-04,20.19,4.0,229.99,58.0,1416.91,262.0,0.81,0.29,843.11,137.81
2016-11-05,26.21,8.0,146.74,37.0,1618.74,356.0,4.37,0.93,1265.62,271.63
2016-11-06,31.61,8.0,305.05,69.0,2341.89,400.0,9.68,3.1,1804.98,283.17
2016-11-07,27.22,7.0,329.78,89.0,5004.33,846.0,60.71,21.47,4236.1,667.94
2016-11-08,33.39,8.0,439.52,80.0,2763.58,423.0,58.66,14.8,1899.74,266.4
2016-11-09,5.01,4.0,111.45,26.0,2021.01,265.0,33.23,5.8,1582.24,192.88
2016-11-10,9.03,3.0,169.95,30.0,1397.48,259.0,3.76,1.44,281.18,54.48
2016-11-11,12.9,5.0,219.44,40.0,2176.15,341.0,52.1,10.89,116.83,23.71
2016-11-12,13.6,5.0,203.16,56.0,1888.82,340.0,100.35,21.87,166.58,35.85
2016-11-13,35.56,9.0,207.36,61.0,1332.39,249.0,45.47,14.02,92.0,28.41
2016-11-14,0.0,0.0,58.83,20.0,531.76,104.0,11.07,4.46,136.76,26.34
2016-11-15,2.78,1.0,21.48,9.0,181.51,45.0,2.81,0.93,116.94,24.43
2016-11-16,0.0,0.0,52.1,13.0,695.61,112.0,6.52,1.95,585.6,82.84
2016-11-17,34.71,4.0,68.15,17.0,568.33,109.0,50.87,10.91,436.72,73.92
2016-11-18,2.9,1.0,100.24,34.0,518.64,120.0,36.04,14.18,326.28,62.05
2016-11-19,5.77,4.0,58.83,19.0,197.58,58.0,5.32,2.84,44.49,13.07
2016-11-20,8.4,3.0,40.45,14.0,259.75,48.0,10.02,3.42,18.79,7.39
2016-11-21,8.18,3.0,56.55,18.0,188.46,56.0,2.83,1.34,48.03,14.58
2016-11-22,5.84,3.0,32.02,15.0,223.3,50.0,16.01,5.4,168.47,30.15
2016-11-23,44.24,11.0,120.82,38.0,246.58,81.0,42.24,15.28,103.15,31.09
2016-11-24,3.91,2.0,98.92,29.0,331.7,78.0,20.38,8.08,110.18,20.26
2016-11-25,26.82,5.0,52.74,12.0,116.96,35.0,5.41,1.55,20.99,7.17
2016-11-26,2.98,1.0,34.54,10.0,86.79,26.0,17.5,4.28,33.21,7.75
2016-11-27,48.52,7.0,63.77,12.0,169.39,35.0,19.22,4.5,84.68,15.93
2016-11-28,3.19,2.0,93.96,20.0,171.67,45.0,48.0,8.58,59.31,12.64
2016-11-29,26.19,9.0,155.64,51.0,353.83,122.0,108.09,35.58,255.06,88.01
2016-11-30,30.76,8.0,121.35,31.0,217.95,59.0,28.76,6.93,55.28,13.53
2016-12-01,10.28,2.0,42.51,12.0,138.28,46.0,28.48,7.73,105.03,32.58
2016-12-02,18.69,7.0,45.99,19.0,107.26,44.0,2.8,1.2,16.8,5.62
2016-12-03,24.72,7.0,133.07,38.0,255.08,76.0,6.61,2.46,23.72,7.17
2016-12-04,50.47,11.0,152.38,42.0,371.16,117.0,32.05,7.28,53.38,14.38
2016-12-05,0.69,1.0,93.56,27.0,219.33,64.0,27.51,7.74,44.64,13.96
2016-12-06,13.13,4.0,24.88,9.0,51.82,16.0,18.67,6.49,38.06,11.48
2016-12-07,2.69,1.0,27.56,10.0,51.44,19.0,6.19,2.38,6.62,2.58
2016-12-08,23.35,7.0,56.23,17.0,110.98,32.0,12.24,4.3,16.57,5.6
2016-12-09,16.33,5.0,107.84,36.0,182.7,61.0,2.51,0.55,14.9,3.85
2016-12-10,0.75,1.0,0.75,1.0,0.75,1.0,0.0,0.0,0.0,0.0
2016-12-11,6.27,7.0,87.99,27.0,158.7,43.0,9.17,6.63,27.61,10.75
2016-12-12,2.22,1.0,66.14,18.0,109.14,34.0,19.45,5.39,24.46,7.58
2016-12-13,0.0,0.0,91.5,21.0,223.82,53.0,49.79,10.41,78.17,16.75
2016-12-14,16.24,4.0,172.93,53.0,348.69,104.0,31.43,10.08,64.71,19.34
2016-12-15,15.11,5.0,111.37,33.0,275.55,87.0,22.49,4.02,42.1,9.51
2016-12-16,25.8,4.0,165.06,42.0,240.03,64.0,43.22,11.23,69.97,18.09
2016-12-17,1.76,1.0,52.02,17.0,154.0,49.0,9.27,2.8,54.02,15.69
2016-12-18,10.79,4.0,160.72,48.0,320.99,99.0,40.49,11.02,63.31,17.73
2016-12-19,16.93,4.0,119.33,29.0,263.31,71.0,33.51,7.34,61.4,12.25
2016-12-20,20.13,6.0,105.4,36.0,214.19,73.0,22.74,6.26,37.49,10.75
2016-12-21,4.52,1.0,72.45,15.0,238.72,56.0,39.19,4.94,77.62,11.5
2016-12-22,4.86,2.0,80.17,20.0,143.02,32.0,24.11,6.88,37.67,9.82
2016-12-23,6.75,2.0,132.66,40.0,259.39,73.0,23.39,3.91,37.36,7.48
2016-12-24,2.71,2.0,130.08,39.0,244.08,75.0,8.41,2.54,31.21,9.23
2016-12-25,4.77,1.0,209.01,53.0,335.7,92.0,4.62,1.86,18.02,6.04
2016-12-26,3.96,2.0,94.83,29.0,176.11,61.0,12.97,3.91,27.2,9.39
2016-12-27,12.05,3.0,84.22,23.0,165.21,45.0,17.65,3.98,32.23,7.91
2016-12-28,4.35,2.0,28.29,10.0,75.36,25.0,0.0,0.0,2.91,0.67
2016-12-29,0.0,0.0,24.62,5.0,37.41,8.0,7.12,1.49,7.12,1.49
2016-12-30,17.01,6.0,175.23,47.0,321.09,93.0,19.16,5.49,63.02,20.63
2016-12-31,5.13,3.0,54.12,19.0,157.03,45.0,1.21,0.48,9.92,3.74
2017-01-01,1.6,1.0,75.4,20.0,223.58,59.0,36.03,7.61,98.14,22.45
2017-01-02,9.11,4.0,123.26,37.0,187.12,58.0,63.7,20.25,101.61,32.61
2017-01-03,0.91,2.0,59.44,21.0,165.61,55.0,17.62,4.99,21.48,6.11
2017-01-04,23.11,5.0,168.29,40.0,340.79,88.0,12.37,3.25,16.7,4.73
2017-01-05,22.36,8.0,165.33,58.0,280.18,100.0,2.44,2.39,2.44,2.39
2017-01-06,2.42,1.0,32.23,9.0,85.89,17.0,2.23,0.71,34.54,2.71
2017-01-07,0.0,0.0,0.0,0.0,0.0,0.0,0.0,0.0,0.0,0.0
2017-01-08,0.0,0.0,3.68,1.0,3.68,1.0,0.0,0.0,0.0,0.0
2017-01-09,0.0,0.0,34.75,9.0,40.24,12.0,5.1,1.58,7.37,3.26
2017-01-10,10.1,5.0,34.0,14.0,149.21,42.0,6.37,2.57,23.26,6.84
2017-01-11,0.0,0.0,50.01,11.0,171.23,47.0,2.63,0.27,12.28,2.36
2017-01-12,0.0,0.0,11.11,4.0,84.49,21.0,0.52,0.25,2.8,1.48
2017-01-13,1.84,1.0,44.41,16.0,152.88,36.0,13.01,5.05,37.39,12.02
2017-01-14,0.0,0.0,38.67,10.0,131.28,31.0,1.97,0.38,15.98,2.46
2017-01-15,7.38,2.0,130.88,34.0,263.24,74.0,3.07,1.21,16.71,5.32
2017-01-16,12.73,7.0,112.91,38.0,171.24,60.0,8.37,1.2,9.4,1.52
2017-01-17,5.56,2.0,10.52,3.0,29.16,8.0,0.87,0.18,0.87,0.18
2017-01-18,0.0,0.0,42.81,11.0,76.42,20.0,12.85,3.51,20.83,5.5
2017-01-19,2.31,2.0,39.08,11.0,140.09,39.0,19.45,2.87,38.37,7.3
2017-01-20,3.62,2.0,25.18,8.0,69.94,15.0,0.81,0.97,5.55,1.24
2017-01-21,3.38,2.0,28.13,10.0,85.03,23.0,3.82,1.59,26.7,5.34
2017-01-22,0.0,0.0,135.32,24.0,242.5,50.0,44.52,8.81,66.12,12.91
2017-01-23,0.0,0.0,21.06,5.0,62.29,15.0,4.19,1.21,16.39,3.82
2017-01-24,34.07,5.0,92.61,25.0,153.55,41.0,46.27,14.24,69.72,19.15
2017-01-25,11.64,1.0,16.96,2.0,16.96,2.0,5.25,0.99,5.25,0.99
2017-01-26,0.0,0.0,9.1,1.0,32.88,9.0,8.69,0.96,24.95,6.79
2017-01-27,0.0,0.0,0.0,0.0,1.08,1.0,0.0,0.0,0.0,0.0
2017-01-28,0.0,0.0,0.0,0.0,0.0,0.0,0.0,0.0,0.0,0.0
2017-01-29,0.0,0.0,0.0,0.0,0.55,1.0,0.0,0.0,0.0,0.0
2017-01-30,0.0,0.0,0.0,0.0,15.74,5.0,0.0,0.0,0.0,0.0
2017-01-31,4.91,2.0,36.12,9.0,97.16,28.0,4.48,1.44,21.3,5.71
2017-02-01,8.48,3.0,15.97,7.0,82.08,32.0,4.19,2.22,8.12,4.14
2017-02-02,7.14,2.0,63.45,15.0,106.7,23.0,8.5,2.85,13.83,3.3
2017-02-03,5.8,1.0,50.72,12.0,138.82,27.0,27.93,5.91,48.93,10.18
2017-02-04,0.0,0.0,0.0,0.0,14.84,4.0,0.0,0.0,3.11,0.76
2017-02-05,1.37,3.0,87.71,16.0,105.09,22.0,1.03,1.45,2.59,3.56
2017-02-06,12.54,3.0,69.76,17.0,178.82,46.0,47.97,8.25,64.73,12.33
2017-02-07,0.0,0.0,53.41,11.0,105.69,26.0,14.25,3.55,15.92,4.0
2017-02-08,27.01,2.0,137.43,33.0,221.57,53.0,43.9,10.67,73.99,20.19
2017-02-09,14.22,2.0,60.01,14.0,184.85,42.0,24.77,5.32,48.42,10.03
2017-02-10,0.0,0.0,23.87,9.0,205.42,48.0,12.89,4.37,44.67,9.15
2017-02-11,19.48,8.0,150.22,41.0,277.46,84.0,59.88,12.43,92.5,23.64
2017-02-12,7.07,2.0,120.09,35.0,321.15,90.0,40.86,12.27,147.84,42.08
2017-02-13,2.31,1.0,50.74,13.0,109.22,33.0,16.41,3.55,25.23,6.21
2017-02-14,5.46,2.0,18.81,6.0,57.91,19.0,3.18,1.12,4.88,2.53
2017-02-15,4.14,1.0,36.68,9.0,83.67,25.0,5.97,2.1,27.23,7.89
2017-02-16,2.6,1.0,59.52,17.0,185.87,49.0,18.1,3.79,22.42,4.83
2017-02-17,4.6,1.0,17.45,6.0,72.4,26.0,3.44,1.16,15.47,5.18
2017-02-18,2.91,1.0,25.92,7.0,129.98,28.0,9.81,2.22,10.38,2.45
2017-02-19,7.99,2.0,34.93,11.0,79.51,29.0,4.62,0.92,13.55,3.85
2017-02-20,1.15,2.0,7.74,4.0,46.85,15.0,0.0,0.0,0.0,0.0
2017-02-21,10.03,3.0,58.87,14.0,92.54,21.0,4.77,1.92,7.81,2.65
2017-02-22,34.12,7.0,66.71,17.0,133.83,44.0,24.96,4.13,34.13,7.49
2017-02-23,64.03,3.0,114.06,13.0,187.7,33.0,10.69,2.25,14.81,3.71
2017-02-24,2.74,2.0,7.17,5.0,57.79,19.0,5.07,2.83,20.39,7.93
2017-02-25,0.0,0.0,3.03,2.0,153.67,25.0,2.55,1.31,40.26,7.47
2017-02-26,36.3,7.0,50.18,12.0,127.53,35.0,5.62,2.43,15.59,5.94
2017-02-27,0.45,1.0,40.04,14.0,154.83,39.0,6.12,2.06,34.76,5.8
2017-02-28,0.0,0.0,57.02,9.0,102.13,21.0,33.96,3.44,47.9,6.16
2017-03-01,0.0,0.0,10.96,3.0,69.71,15.0,8.98,2.39,45.8,8.56
2017-03-02,0.0,0.0,24.64,8.0,83.48,19.0,11.97,3.51,32.12,7.02
2017-03-03,0.57,1.0,0.57,1.0,17.6,5.0,0.54,0.94,1.15,1.18
2017-03-04,16.69,6.0,35.59,12.0,120.59,33.0,5.53,1.88,6.03,2.39
2017-03-05,3.4,2.0,89.83,13.0,329.28,56.0,14.12,3.3,17.47,4.62
2017-03-06,7.73,6.0,36.9,11.0,127.12,35.0,2.03,2.64,7.86,4.04
2017-03-07,0.0,0.0,18.01,6.0,58.05,17.0,15.34,5.07,34.82,11.12
2017-03-08,0.0,0.0,0.0,0.0,0.0,0.0,0.0,0.0,0.0,0.0
2017-03-09,2.12,2.0,10.16,7.0,68.38,21.0,1.98,1.87,37.1,10.08
2017-03-10,3.68,3.0,5.21,4.0,40.13,18.0,0.87,0.93,5.95,3.36
2017-03-11,0.0,0.0,6.11,1.0,6.71,2.0,0.0,0.0,0.59,0.99
2017-03-12,1.42,2.0,9.16,5.0,44.65,16.0,4.92,2.47,8.16,5.13
2017-03-13,0.0,0.0,27.77,7.0,50.98,14.0,12.23,2.58,27.94,6.93
2017-03-14,6.57,3.0,28.06,7.0,75.14,21.0,8.49,3.08,29.76,7.26
2017-03-15,9.42,3.0,24.99,7.0,183.15,45.0,11.17,2.23,28.43,8.01
2017-03-16,8.93,2.0,19.6,5.0,50.19,12.0,2.57,0.56,3.15,1.44
2017-03-17,0.45,1.0,48.83,10.0,104.89,24.0,31.0,4.47,42.45,8.87
2017-03-18,3.3,2.0,9.49,4.0,41.21,13.0,4.54,2.31,13.29,4.88
2017-03-19,6.91,3.0,6.91,3.0,18.4,10.0,5.16,1.0,9.75,3.0
2017-03-20,0.0,0.0,0.4,1.0,52.26,8.0,0.0,0.0,13.62,1.33
2017-03-21,7.85,3.0,20.56,6.0,116.15,34.0,9.08,1.96,27.43,5.99
2017-03-22,3.71,1.0,17.86,5.0,52.05,13.0,6.38,2.25,8.21,2.51
2017-03-23,0.0,0.0,17.98,5.0,52.78,15.0,1.32,1.13,4.19,2.4
2017-03-24,2.24,1.0,2.24,1.0,38.11,12.0,1.76,0.79,6.6,2.21
2017-03-25,1.72,2.0,10.15,4.0,82.58,26.0,1.0,1.33,5.44,2.65
2017-03-26,0.0,0.0,6.51,3.0,153.27,28.0,0.36,0.42,7.62,1.8
2017-03-27,0.0,0.0,28.17,4.0,43.4,9.0,4.92,1.07,5.11,1.11
2017-03-28,0.0,0.0,3.52,1.0,64.79,8.0,0.0,0.0,0.65,0.91
2017-03-29,4.25,3.0,4.25,3.0,17.36,10.0,1.49,1.03,2.38,1.41
2017-03-30,3.54,1.0,3.54,1.0,126.95,41.0,1.35,0.38,1.8,0.78
2017-03-31,0.0,0.0,27.58,7.0,210.25,68.0,6.39,2.94,8.61,3.33
2017-04-01,2.78,1.0,15.69,5.0,157.26,36.0,1.34,1.32,5.61,2.67
2017-04-02,0.0,0.0,11.95,3.0,167.01,44.0,2.94,0.98,2.94,0.98
2017-04-03,12.76,4.0,29.51,8.0,244.79,77.0,4.36,0.96,6.06,1.6
2017-04-04,4.05,1.0,12.19,2.0,24.44,5.0,0.32,0.08,6.88,2.19
2017-04-05,0.0,0.0,48.49,9.0,53.63,11.0,22.01,3.39,22.09,3.42
2017-04-06,30.89,5.0,38.12,7.0,77.63,18.0,32.13,4.56,32.13,4.56
2017-04-07,1.73,2.0,22.3,6.0,46.55,14.0,0.22,0.87,2.78,2.13
2017-04-08,0.0,0.0,7.59,4.0,74.65,25.0,0.61,1.36,6.74,3.52
2017-04-09,8.2,3.0,72.04,20.0,301.35,73.0,10.21,4.57,30.0,9.79
2017-04-10,53.41,7.0,200.37,20.0,414.32,71.0,34.04,9.03,59.52,14.34
2017-04-11,2.54,3.0,22.14,13.0,146.49,43.0,3.14,3.43,16.03,7.21
2017-04-12,16.7,5.0,17.81,7.0,96.06,28.0,2.25,0.55,20.5,6.18
2017-04-13,8.02,3.0,25.51,7.0,105.19,21.0,8.38,2.23,8.38,2.23
2017-04-14,2.97,1.0,83.61,14.0,194.61,25.0,16.23,1.9,20.14,3.57
2017-04-15,69.07,9.0,183.91,26.0,217.24,38.0,51.22,8.56,53.09,11.24
2017-04-16,3.31,2.0,18.9,7.0,79.71,18.0,2.85,1.72,32.47,8.63
2017-04-17,0.0,0.0,69.27,7.0,107.05,17.0,23.76,1.67,25.36,2.0
2017-04-18,19.26,4.0,397.67,30.0,700.61,53.0,172.89,10.61,326.26,18.88
2017-04-19,22.48,4.0,118.89,27.0,518.55,66.0,25.84,6.61,187.5,22.18
2017-04-20,52.68,12.0,260.59,41.0,314.6,53.0,37.88,10.4,50.32,12.5
2017-04-21,50.06,8.0,266.3,47.0,328.62,72.0,73.12,13.71,78.38,16.38
2017-04-22,0.0,0.0,19.99,3.0,52.41,14.0,1.37,0.98,1.37,0.98
2017-04-23,74.08,10.0,177.18,37.0,334.64,56.0,77.86,17.06,173.64,27.17
2017-04-24,61.43,12.0,306.7,83.0,452.19,118.0,224.87,55.19,333.71,78.73
2017-04-25,40.6,12.0,211.02,43.0,765.15,144.0,95.79,17.61,237.04,41.84
2017-04-26,149.64,19.0,809.07,83.0,1428.92,212.0,315.32,32.86,504.63,67.53
2017-04-27,39.39,8.0,211.1,35.0,588.92,101.0,185.38,26.68,503.01,73.22
2017-04-28,2.24,2.0,26.45,14.0,444.82,95.0,12.91,6.4,64.62,16.78
2017-04-29,77.49,20.0,285.82,62.0,777.28,164.0,57.53,16.59,70.81,21.67
2017-04-30,137.27,33.0,471.57,107.0,848.24,204.0,19.83,4.15,60.09,13.96
2017-05-01,173.38,24.0,1218.71,149.0,3291.17,363.0,290.05,42.74,1070.47,128.38
2017-05-02,543.05,51.0,2197.7,230.0,4172.42,528.0,996.83,86.66,1339.33,132.15
2017-05-03,6.12,1.0,67.75,8.0,350.41,28.0,6.34,0.71,31.76,1.98
2017-05-04,153.61,18.0,804.63,102.0,1966.04,319.0,525.23,66.28,1321.7,201.68
2017-05-05,249.46,45.0,814.74,154.0,3516.63,651.0,578.83,114.04,2447.42,470.96
2017-05-06,302.73,34.0,1013.91,119.0,2531.7,367.0,604.71,73.4,1595.95,229.18
2017-05-07,343.31,30.0,1019.45,110.0,3008.07,381.0,646.45,74.3,1927.06,241.24
2017-05-08,13.7,3.0,100.86,23.0,642.37,127.0,6.57,1.99,42.86,13.49
2017-05-09,52.9,11.0,218.5,42.0,809.01,166.0,15.71,4.15,92.47,15.31
2017-05-10,12.47,5.0,79.09,24.0,486.74,114.0,10.95,3.59,41.38,9.57
2017-05-11,36.04,6.0,67.24,12.0,572.25,90.0,18.67,3.69,121.18,28.1
2017-05-12,26.65,4.0,150.46,29.0,428.78,88.0,6.57,1.37,61.5,14.8
2017-05-13,17.56,3.0,38.45,14.0,567.98,110.0,14.0,6.35,288.04,54.58
2017-05-14,66.37,9.0,209.96,25.0,1107.14,130.0,97.83,10.78,459.53,43.81
2017-05-15,31.15,6.0,57.74,16.0,357.61,85.0,28.23,7.2,88.5,19.48
2017-05-16,5.45,1.0,31.75,9.0,275.53,59.0,16.81,5.45,209.99,43.76
2017-05-17,28.9,4.0,42.77,8.0,191.32,38.0,2.13,0.37,23.11,1.81
2017-05-18,24.19,3.0,47.52,7.0,438.34,79.0,20.9,3.41,38.81,6.39
2017-05-19,3.1,2.0,35.17,5.0,550.67,80.0,20.84,1.42,43.68,4.61
2017-05-20,0.0,0.0,28.23,7.0,558.03,50.0,5.55,1.77,55.7,6.27
2017-05-21,0.0,0.0,16.66,4.0,39.27,11.0,10.7,2.12,22.92,5.64
2017-05-22,0.0,0.0,0.0,0.0,26.66,8.0,0.0,0.0,16.72,3.55
2017-05-23,21.02,3.0,44.12,7.0,307.36,52.0,11.16,1.06,14.51,1.65
2017-05-24,7.98,1.0,11.49,2.0,131.08,24.0,7.88,0.99,15.65,2.74
2017-05-25,0.0,0.0,9.2,2.0,162.94,32.0,0.15,0.07,1.27,0.32
2017-05-26,0.0,0.0,11.39,3.0,89.35,21.0,3.01,0.79,22.13,4.54
2017-05-27,0.0,0.0,9.06,2.0,24.47,6.0,2.62,0.58,3.77,0.79
2017-05-28,1.37,1.0,14.44,5.0,66.07,20.0,0.01,0.01,0.64,0.49
2017-05-29,0.0,0.0,0.0,0.0,1.88,1.0,0.0,0.0,0.0,0.0
2017-05-30,1.75,1.0,22.05,6.0,92.27,19.0,0.0,0.0,11.18,2.1
2017-05-31,0.0,0.0,0.0,0.0,11.71,4.0,0.0,0.0,9.11,1.55
2017-06-01,0.0,0.0,5.54,1.0,5.54,1.0,0.0,0.0,0.0,0.0
2017-06-02,0.0,0.0,16.61,3.0,82.89,17.0,10.56,1.69,12.06,2.41
2017-06-03,0.0,0.0,0.0,0.0,94.94,18.0,0.0,0.0,10.05,2.3
2017-06-04,0.0,0.0,0.0,0.0,65.88,9.0,0.0,0.0,0.52,0.16
2017-06-05,7.4,2.0,24.85,6.0,30.06,8.0,8.37,1.36,8.37,1.36
2017-06-06,13.49,2.0,15.87,3.0,36.11,5.0,6.77,1.51,6.77,1.51
2017-06-07,0.0,0.0,0.0,0.0,1.48,1.0,0.0,0.0,0.57,0.39
2017-06-08,3.84,1.0,3.84,1.0,3.84,1.0,3.81,0.99,3.81,0.99
2017-06-09,1.6,1.0,1.6,1.0,2.04,2.0,1.53,0.96,1.53,0.96
2017-06-10,0.0,0.0,7.16,2.0,14.52,5.0,0.03,0.01,0.81,0.39
2017-06-11,0.0,0.0,0.0,0.0,6.83,5.0,0.0,0.0,0.0,0.0
2017-06-12,0.0,0.0,8.93,2.0,27.11,7.0,0.0,0.0,3.4,0.48
2017-06-13,0.0,0.0,15.16,4.0,35.39,12.0,3.91,1.13,4.31,1.17
2017-06-14,0.0,0.0,0.0,0.0,28.64,10.0,0.0,0.0,0.0,0.0
2017-06-15,0.0,0.0,0.0,0.0,12.34,6.0,0.0,0.0,0.0,0.0
2017-06-16,0.0,0.0,0.0,0.0,9.43,4.0,0.0,0.0,0.0,0.0
2017-06-17,0.0,0.0,0.0,0.0,9.24,3.0,0.0,0.0,0.0,0.0
2017-06-18,0.0,0.0,6.67,2.0,23.53,7.0,0.05,0.06,0.05,0.06
2017-06-19,0.0,0.0,0.0,0.0,1.96,1.0,0.0,0.0,0.0,0.0
2017-06-20,0.0,0.0,0.0,0.0,0.0,0.0,0.0,0.0,0.0,0.0
2017-06-21,0.43,1.0,0.43,1.0,4.63,2.0,0.29,0.67,0.29,0.67
2017-06-22,0.0,0.0,0.0,0.0,0.34,1.0,0.0,0.0,0.0,0.0
2017-06-23,1.18,1.0,1.18,1.0,11.37,2.0,0.48,0.41,2.25,0.58
2017-06-24,6.03,1.0,7.08,2.0,37.53,11.0,5.76,1.5,6.29,1.83
2017-06-25,0.0,0.0,0.0,0.0,29.84,2.0,0.0,0.0,2.38,0.09
2017-06-26,0.0,0.0,0.0,0.0,27.71,5.0,0.0,0.0,23.26,4.09
2017-06-27,0.0,0.0,0.0,0.0,11.32,3.0,0.0,0.0,2.31,1.99
2017-06-28,0.0,0.0,0.0,0.0,0.0,0.0,0.0,0.0,0.0,0.0
2017-06-29,0.0,0.0,0.0,0.0,0.0,0.0,0.0,0.0,0.0,0.0
2017-06-30,0.0,0.0,0.0,0.0,0.0,0.0,0.0,0.0,0.0,0.0
2017-07-01,0.0,0.0,0.0,0.0,0.0,0.0,0.0,0.0,0.0,0.0
2017-07-02,0.0,0.0,0.0,0.0,0.0,0.0,0.0,0.0,0.0,0.0
2017-07-03,0.0,0.0,0.0,0.0,0.0,0.0,0.0,0.0,0.0,0.0
2017-07-04,0.0,0.0,8.21,1.0,8.21,1.0,8.06,0.98,8.06,0.98
2017-07-05,0.0,0.0,0.0,0.0,0.0,0.0,0.0,0.0,0.0,0.0
2017-07-06,0.0,0.0,0.0,0.0,0.0,0.0,0.0,0.0,0.0,0.0
2017-07-07,0.0,0.0,0.0,0.0,0.0,0.0,0.0,0.0,0.0,0.0
2017-07-08,0.0,0.0,0.0,0.0,0.0,0.0,0.0,0.0,0.0,0.0
2017-07-09,0.0,0.0,0.0,0.0,0.0,0.0,0.0,0.0,0.0,0.0
2017-07-10,6.24,2.0,6.24,2.0,10.07,3.0,0.0,0.0,0.0,0.0
2017-07-11,0.0,0.0,0.0,0.0,0.0,0.0,0.0,0.0,0.0,0.0
2017-07-12,2.1,2.0,2.1,2.0,2.1,2.0,1.3,1.24,1.3,1.24
2017-07-13,0.0,0.0,0.0,0.0,4.37,2.0,0.0,0.0,0.0,0.0
2017-07-14,0.0,0.0,0.0,0.0,1.31,1.0,0.0,0.0,0.0,0.0
2017-07-15,1.87,2.0,3.56,3.0,7.58,4.0,0.0,0.0,0.0,0.0
2017-07-16,0.0,0.0,0.0,0.0,0.0,0.0,0.0,0.0,0.0,0.0
2017-07-17,0.0,0.0,0.0,0.0,0.0,0.0,0.0,0.0,0.0,0.0
2017-07-18,0.0,0.0,0.0,0.0,9.8,4.0,0.0,0.0,0.43,0.41
2017-07-19,0.0,0.0,0.0,0.0,3.72,1.0,0.0,0.0,0.01,0.0
2017-07-20,0.0,0.0,0.0,0.0,0.0,0.0,0.0,0.0,0.0,0.0
2017-07-21,0.0,0.0,0.0,0.0,3.93,1.0,0.0,0.0,1.04,0.26
2017-07-22,0.0,0.0,0.0,0.0,0.0,0.0,0.0,0.0,0.0,0.0
2017-07-23,0.0,0.0,0.0,0.0,0.97,1.0,0.0,0.0,0.7,0.72
2017-07-24,0.0,0.0,0.0,0.0,0.0,0.0,0.0,0.0,0.0,0.0
2017-07-25,0.0,0.0,0.0,0.0,0.0,0.0,0.0,0.0,0.0,0.0
2017-07-26,0.0,0.0,0.0,0.0,2.97,1.0,0.0,0.0,1.12,0.38
2017-07-27,0.0,0.0,0.0,0.0,0.0,0.0,0.0,0.0,0.0,0.0
2017-07-28,0.0,0.0,0.0,0.0,0.0,0.0,0.0,0.0,0.0,0.0
2017-07-29,0.0,0.0,0.0,0.0,0.0,0.0,0.0,0.0,0.0,0.0
2017-07-30,0.0,0.0,0.0,0.0,0.0,0.0,0.0,0.0,0.0,0.0
2017-07-31,0.0,0.0,0.0,0.0,0.0,0.0,0.0,0.0,0.0,0.0
2017-08-01,0.0,0.0,0.0,0.0,0.0,0.0,0.0,0.0,0.0,0.0
2017-08-02,0.0,0.0,0.0,0.0,0.0,0.0,0.0,0.0,0.0,0.0
2017-08-03,0.0,0.0,0.0,0.0,0.0,0.0,0.0,0.0,0.0,0.0
2017-08-04,3.05,3.0,3.05,3.0,3.05,3.0,0.06,0.06,0.06,0.06
2017-08-05,2.09,1.0,2.09,1.0,2.09,1.0,0.0,0.0,0.0,0.0
2017-08-06,0.0,0.0,18.6,2.0,18.6,2.0,3.9,0.42,3.9,0.42
2017-08-07,0.0,0.0,0.0,0.0,0.0,0.0,0.0,0.0,0.0,0.0
2017-08-08,0.0,0.0,0.0,0.0,0.0,0.0,0.0,0.0,0.0,0.0
2017-08-09,0.0,0.0,0.0,0.0,0.0,0.0,0.0,0.0,0.0,0.0
2017-08-10,0.0,0.0,0.0,0.0,0.0,0.0,0.0,0.0,0.0,0.0
2017-08-11,0.0,0.0,0.0,0.0,0.0,0.0,0.0,0.0,0.0,0.0
2017-08-12,0.0,0.0,0.0,0.0,1.91,1.0,0.0,0.0,0.02,0.01
2017-08-13,0.0,0.0,0.0,0.0,0.0,0.0,0.0,0.0,0.0,0.0
2017-08-14,0.0,0.0,0.0,0.0,0.48,1.0,0.0,0.0,0.0,0.0
2017-08-15,1.42,1.0,1.42,1.0,1.42,1.0,0.0,0.0,0.0,0.0
2017-08-16,1.37,1.0,1.37,1.0,1.37,1.0,0.0,0.0,0.0,0.0
2017-08-17,0.0,0.0,0.0,0.0,0.0,0.0,0.0,0.0,0.0,0.0
2017-08-18,2.47,1.0,2.47,1.0,2.47,1.0,1.93,0.78,1.93,0.78
2017-08-19,0.0,0.0,0.0,0.0,0.0,0.0,0.0,0.0,0.0,0.0
2017-08-20,0.0,0.0,0.0,0.0,1.85,1.0,0.0,0.0,0.0,0.0
2017-08-21,0.0,0.0,0.0,0.0,0.0,0.0,0.0,0.0,0.0,0.0
2017-08-22,1.2,1.0,1.2,1.0,5.87,2.0,0.0,0.0,0.15,0.03
2017-08-23,0.4,1.0,0.4,1.0,0.4,1.0,0.23,0.58,0.23,0.58
2017-08-24,0.0,0.0,0.0,0.0,0.0,0.0,0.0,0.0,0.0,0.0
2017-08-25,0.0,0.0,0.0,0.0,0.0,0.0,0.0,0.0,0.0,0.0
2017-08-26,0.83,1.0,0.83,1.0,0.83,1.0,0.0,0.0,0.0,0.0
2017-08-27,0.0,0.0,0.0,0.0,0.0,0.0,0.0,0.0,0.0,0.0
2017-08-28,0.0,0.0,0.0,0.0,3.47,1.0,0.0,0.0,1.51,0.43
2017-08-29,0.56,1.0,0.56,1.0,5.49,3.0,0.0,0.0,0.0,0.0
2017-08-30,0.5,1.0,0.5,1.0,0.5,1.0,0.0,0.0,0.0,0.0
2017-08-31,0.0,0.0,0.0,0.0,0.0,0.0,0.0,0.0,0.0,0.0
2017-09-01,0.0,0.0,0.0,0.0,0.0,0.0,0.0,0.0,0.0,0.0
2017-09-02,0.0,0.0,0.0,0.0,0.0,0.0,0.0,0.0,0.0,0.0
2017-09-03,0.0,0.0,0.0,0.0,0.55,1.0,0.0,0.0,0.0,0.0
2017-09-04,0.0,0.0,0.0,0.0,0.0,0.0,0.0,0.0,0.0,0.0
2017-09-05,0.0,0.0,0.0,0.0,0.0,0.0,0.0,0.0,0.0,0.0
2017-09-06,2.88,1.0,2.88,1.0,2.88,1.0,0.0,0.0,0.0,0.0
2017-09-07,1.76,2.0,1.76,2.0,4.11,3.0,0.0,0.0,0.15,0.06
2017-09-08,8.25,2.0,8.25,2.0,8.25,2.0,4.55,1.1,4.55,1.1
2017-09-09,3.56,2.0,10.6,4.0,17.14,6.0,3.22,0.91,3.39,0.97
2017-09-10,0.0,0.0,0.0,0.0,0.0,0.0,0.0,0.0,0.0,0.0
2017-09-11,0.0,0.0,0.0,0.0,29.59,5.0,0.0,0.0,9.76,1.64
2017-09-12,2.4,1.0,2.4,1.0,30.38,6.0,0.34,0.14,3.91,0.78
2017-09-13,0.0,0.0,0.0,0.0,6.38,3.0,0.0,0.0,0.86,1.42
2017-09-14,0.0,0.0,0.0,0.0,6.65,1.0,0.0,0.0,5.68,0.85
2017-09-15,3.74,3.0,3.74,3.0,6.06,4.0,2.22,1.79,4.26,2.66
2017-09-16,0.0,0.0,0.0,0.0,0.0,0.0,0.0,0.0,0.0,0.0
2017-09-17,0.0,0.0,0.0,0.0,1.67,1.0,0.0,0.0,1.38,0.82
2017-09-18,2.72,2.0,17.49,5.0,70.07,17.0,2.38,1.65,52.92,12.95
2017-09-19,0.0,0.0,0.0,0.0,67.26,13.0,0.0,0.0,0.05,0.02
2017-09-20,0.0,0.0,44.28,6.0,121.12,22.0,3.68,0.5,8.93,1.75
2017-09-21,1.0,1.0,1.0,1.0,7.12,3.0,0.0,0.0,0.0,0.0
2017-09-22,0.0,0.0,0.0,0.0,0.0,0.0,0.0,0.0,0.0,0.0
2017-09-23,0.0,0.0,0.0,0.0,0.0,0.0,0.0,0.0,0.0,0.0
2017-09-24,0.0,0.0,0.0,0.0,0.0,0.0,0.0,0.0,0.0,0.0
2017-09-25,0.0,0.0,0.0,0.0,0.0,0.0,0.0,0.0,0.0,0.0
2017-09-26,1.13,1.0,1.13,1.0,9.32,4.0,0.0,0.0,1.85,0.56
2017-09-27,1.38,1.0,12.37,3.0,70.77,8.0,3.37,0.61,3.37,0.61
2017-09-28,1.53,2.0,7.92,3.0,22.92,7.0,0.0,0.0,0.01,0.0
2017-09-29,0.0,0.0,3.98,1.0,21.33,5.0,3.91,0.98,19.82,4.47
2017-09-30,2.05,3.0,2.05,3.0,58.22,18.0,0.97,1.23,32.69,10.37
2017-10-01,0.0,0.0,0.0,0.0,71.87,19.0,0.0,0.0,21.47,5.53
2017-10-02,1.14,1.0,8.35,3.0,154.1,30.0,0.51,0.29,18.19,3.33
2017-10-03,1.1,1.0,14.32,4.0,236.29,52.0,12.6,2.88,212.38,44.58
2017-10-04,2.44,2.0,9.59,5.0,229.56,62.0,4.02,2.62,163.45,45.29
2017-10-05,0.0,0.0,7.33,2.0,388.7,74.0,7.12,1.94,322.48,60.91
2017-10-06,0.0,0.0,0.0,0.0,268.01,60.0,0.0,0.0,238.05,52.39
2017-10-07,2.18,1.0,5.06,2.0,382.67,103.0,4.07,1.59,235.49,64.76
2017-10-08,1.09,1.0,62.29,16.0,994.08,207.0,3.0,1.27,129.03,29.7
2017-10-09,2.56,2.0,43.67,13.0,774.47,194.0,6.38,2.01,95.63,17.64
2017-10-10,1.3,1.0,42.12,13.0,988.35,197.0,6.34,2.21,120.28,24.19
2017-10-11,0.0,0.0,0.0,0.0,471.54,75.0,0.0,0.0,29.58,7.91
2017-10-12,0.0,0.0,10.0,2.0,647.25,128.0,0.0,0.0,570.83,113.08
2017-10-13,6.25,2.0,68.82,11.0,1074.18,162.0,0.01,0.01,30.05,5.66
2017-10-14,4.14,3.0,102.12,26.0,2098.87,394.0,6.68,1.98,1608.85,286.62
2017-10-15,6.1,3.0,191.9,32.0,2489.99,480.0,21.74,8.19,1661.39,328.0
2017-10-16,0.83,1.0,49.45,13.0,1031.01,214.0,3.83,2.0,897.69,182.34
2017-10-17,3.38,2.0,91.47,20.0,1469.53,283.0,0.49,0.98,1166.99,219.14
2017-10-18,11.0,4.0,133.96,25.0,2002.53,284.0,11.66,4.01,1581.09,218.07
2017-10-19,7.09,4.0,264.53,54.0,3916.34,587.0,4.36,1.36,368.41,67.49
2017-10-20,2.82,2.0,313.47,63.0,2814.37,602.0,16.96,5.46,1858.75,409.06
2017-10-21,0.0,0.0,160.6,24.0,1832.03,325.0,5.42,1.64,1379.28,241.01
2017-10-22,4.69,3.0,172.65,47.0,1027.81,224.0,122.89,33.05,133.58,36.1
2017-10-23,4.28,2.0,120.89,24.0,1228.52,233.0,0.28,0.91,879.45,164.32
2017-10-24,15.81,3.0,428.87,75.0,2254.26,348.0,5.51,3.4,1274.24,189.77
2017-10-25,5.98,2.0,246.02,63.0,2116.24,411.0,7.05,2.79,580.19,102.35
2017-10-26,11.0,3.0,329.6,73.0,2431.95,401.0,220.06,47.38,282.62,64.39
2017-10-27,0.0,0.0,143.12,29.0,1519.03,209.0,119.81,22.33,186.84,37.41
2017-10-28,29.62,5.0,258.54,47.0,2581.29,440.0,33.11,6.04,67.62,15.0
2017-10-29,30.38,5.0,430.58,71.0,3106.6,483.0,19.74,3.45,69.13,16.51
2017-10-30,26.32,7.0,367.51,76.0,3415.58,576.0,12.08,5.28,2274.52,372.15
2017-10-31,14.25,4.0,458.01,101.0,3273.4,578.0,258.17,57.99,402.77,85.09
2017-11-01,8.28,3.0,511.63,75.0,2688.27,422.0,302.5,45.72,405.25,63.94
2017-11-02,5.26,2.0,194.9,39.0,1802.02,291.0,7.22,1.99,9.77,2.78
2017-11-03,0.0,0.0,206.13,36.0,1955.96,298.0,5.52,0.96,28.62,10.22
2017-11-04,12.25,6.0,174.14,43.0,5176.66,779.0,22.85,5.91,92.95,21.97
2017-11-05,54.42,18.0,426.26,113.0,3039.83,612.0,20.45,7.55,112.85,33.99
2017-11-06,6.29,2.0,266.26,42.0,412.39,73.0,22.67,5.45,61.64,12.57
2017-11-07,0.0,0.0,79.06,14.0,269.56,55.0,5.24,1.23,138.28,25.29
2017-11-08,1.56,2.0,52.47,17.0,909.98,216.0,16.58,4.42,834.59,192.69
2017-11-09,10.9,6.0,70.19,20.0,1488.37,243.0,14.77,6.19,960.81,150.13
2017-11-10,19.5,10.0,231.66,51.0,2045.62,422.0,69.12,22.15,1199.79,254.46
2017-11-11,10.24,4.0,99.83,29.0,215.0,65.0,28.28,7.09,73.55,19.42
2017-11-12,0.0,0.0,28.64,7.0,93.48,26.0,1.64,0.35,5.64,1.46
2017-11-13,0.0,0.0,30.2,10.0,86.21,29.0,14.6,4.18,39.07,11.37
2017-11-14,6.66,2.0,48.94,15.0,1208.42,209.0,8.91,2.87,22.91,6.32
2017-11-15,2.2,3.0,63.94,20.0,180.92,56.0,12.36,4.37,34.25,11.32
2017-11-16,13.57,3.0,69.26,20.0,185.72,58.0,48.31,12.69,129.83,38.45
2017-11-17,10.68,4.0,34.96,12.0,50.25,18.0,13.8,5.29,16.5,6.24
2017-11-18,0.0,0.0,12.2,4.0,112.68,33.0,0.92,0.56,61.18,15.56
2017-11-19,28.14,6.0,57.89,14.0,701.58,114.0,39.63,8.21,616.54,91.38
2017-11-20,3.7,5.0,43.86,14.0,635.31,120.0,23.29,6.26,516.6,87.82
2017-11-21,2.01,2.0,82.96,25.0,855.43,157.0,41.52,9.39,597.7,86.52
2017-11-22,9.28,5.0,87.73,26.0,502.5,92.0,31.77,8.97,328.12,45.62
2017-11-23,2.16,2.0,96.56,23.0,468.91,81.0,48.2,10.7,335.63,51.52
2017-11-24,23.0,7.0,59.02,17.0,471.55,89.0,27.72,7.31,302.75,46.95
2017-11-25,10.31,4.0,102.34,27.0,378.79,75.0,52.9,12.52,225.9,32.85
2017-11-26,10.1,6.0,115.14,40.0,451.45,114.0,43.43,13.74,253.87,55.22
2017-11-27,23.07,9.0,138.21,33.0,266.43,77.0,38.7,8.35,68.73,16.53
2017-11-28,2.56,3.0,63.18,16.0,193.52,50.0,0.87,0.27,2.87,0.72
2017-11-29,16.53,3.0,54.39,15.0,227.53,54.0,7.33,2.96,44.55,15.66
2017-11-30,0.0,0.0,64.58,15.0,267.99,50.0,15.9,3.12,118.81,18.08
2017-12-01,3.68,2.0,104.97,21.0,235.22,61.0,67.95,10.61,130.51,28.37
2017-12-02,15.86,7.0,150.8,50.0,312.61,111.0,95.33,30.89,169.5,62.41
2017-12-03,0.0,0.0,30.36,9.0,62.91,17.0,14.43,3.44,21.73,5.08
2017-12-04,0.0,0.0,2.76,1.0,2.76,1.0,1.97,0.72,1.97,0.72
2017-12-05,0.0,0.0,0.0,0.0,0.0,0.0,0.0,0.0,0.0,0.0
2017-12-06,1.21,1.0,1.77,2.0,118.27,14.0,0.66,0.54,89.78,6.22
2017-12-07,56.9,10.0,122.39,34.0,229.19,72.0,13.54,6.09,34.88,13.85
2017-12-08,2.26,1.0,96.49,16.0,169.43,39.0,21.98,2.96,35.17,6.04
2017-12-09,8.45,4.0,65.91,18.0,132.42,33.0,27.24,6.51,57.47,12.62
2017-12-10,6.28,4.0,70.62,26.0,173.68,55.0,42.78,15.17,117.86,36.16
2017-12-11,0.0,0.0,8.63,2.0,45.77,14.0,3.69,0.99,4.72,1.35
2017-12-12,0.0,0.0,10.48,4.0,21.68,11.0,0.0,0.0,0.0,0.0
2017-12-13,0.0,0.0,2.22,1.0,2.22,1.0,0.0,0.0,0.0,0.0
2017-12-14,0.0,0.0,8.88,3.0,17.36,6.0,3.08,0.75,3.08,0.75
2017-12-15,0.0,0.0,3.3,1.0,29.66,9.0,0.0,0.0,2.8,0.96
2017-12-16,4.63,2.0,70.17,20.0,154.13,42.0,16.17,5.75,22.11,7.29
2017-12-17,34.52,10.0,103.28,32.0,282.36,71.0,11.38,5.66,22.46,9.1
2017-12-18,14.83,6.0,137.33,50.0,300.53,111.0,10.23,3.62,30.39,10.69
2017-12-19,0.0,0.0,15.01,2.0,60.69,12.0,0.0,0.0,7.4,1.34
2017-12-20,5.68,1.0,11.1,4.0,44.45,12.0,2.02,1.53,4.09,2.31
2017-12-21,23.78,9.0,146.6,46.0,245.85,80.0,17.86,6.43,26.65,9.7
2017-12-22,1.92,4.0,53.49,16.0,170.72,51.0,22.72,7.54,29.84,10.87
2017-12-23,4.73,3.0,44.96,15.0,230.47,68.0,9.17,4.24,36.24,12.71
2017-12-24,0.78,1.0,34.13,10.0,139.09,39.0,18.68,4.94,84.38,22.76
2017-12-25,41.48,7.0,76.58,21.0,146.53,40.0,10.9,5.06,20.44,8.48
2017-12-26,21.89,6.0,62.68,17.0,132.31,34.0,18.12,4.0,27.33,6.39
2017-12-27,2.88,3.0,83.65,30.0,147.99,46.0,13.0,5.22,22.55,7.29
2017-12-28,1.48,2.0,108.25,39.0,269.57,90.0,29.89,12.3,71.3,25.5
2017-12-29,3.31,5.0,91.69,32.0,247.46,81.0,38.35,10.66,95.05,25.67
2017-12-30,0.78,1.0,49.94,16.0,121.84,35.0,20.33,6.17,39.31,10.26
2017-12-31,14.95,4.0,47.92,14.0,117.41,32.0,8.76,2.8,14.29,4.19
2018-01-01,5.19,2.0,13.32,4.0,34.59,10.0,2.46,0.96,2.46,0.96
2018-01-02,10.85,4.0,84.99,25.0,105.2,33.0,31.06,8.58,31.38,8.81
2018-01-03,3.89,1.0,77.87,24.0,133.85,40.0,15.47,3.46,26.53,6.85
2018-01-04,11.89,4.0,15.42,5.0,17.87,6.0,1.68,0.4,1.87,0.48
2018-01-05,0.0,0.0,11.62,4.0,72.92,14.0,4.3,0.88,4.3,0.88
2018-01-06,12.79,8.0,47.99,23.0,77.78,35.0,14.43,3.61,16.17,4.0
2018-01-07,17.18,5.0,114.63,30.0,199.59,54.0,15.6,5.35,22.7,7.25
2018-01-08,6.22,4.0,61.67,28.0,129.86,55.0,4.81,2.59,10.91,5.24
2018-01-09,11.79,5.0,76.18,23.0,111.58,32.0,10.51,2.52,23.31,4.92
2018-01-10,5.1,5.0,49.89,13.0,82.27,22.0,9.23,1.65,14.84,3.72
2018-01-11,11.46,4.0,45.76,13.0,65.5,20.0,12.62,5.4,14.35,6.38
2018-01-12,10.97,6.0,39.36,18.0,70.42,27.0,7.81,5.02,9.83,5.67
2018-01-13,25.01,7.0,117.24,37.0,254.81,81.0,21.41,7.03,48.76,13.84
2018-01-14,19.6,7.0,114.19,31.0,217.22,67.0,7.41,3.63,13.06,5.84
2018-01-15,32.64,11.0,87.55,25.0,156.88,39.0,3.66,4.46,8.4,5.93
2018-01-16,16.89,5.0,65.48,24.0,88.01,32.0,5.82,3.68,10.45,5.38
2018-01-17,11.37,4.0,76.9,13.0,152.8,26.0,0.04,0.01,5.79,0.64
2018-01-18,7.6,5.0,112.26,37.0,238.28,72.0,33.74,10.64,41.34,14.04
2018-01-19,12.2,3.0,67.28,26.0,184.17,67.0,4.72,2.43,26.7,8.35
2018-01-20,4.32,5.0,46.23,15.0,117.33,36.0,0.42,0.8,1.13,0.91
2018-01-21,35.59,9.0,120.56,39.0,179.08,59.0,5.27,1.95,5.27,1.95
2018-01-22,8.02,5.0,103.92,37.0,179.75,64.0,1.6,1.01,5.62,2.97
2018-01-23,0.0,0.0,0.0,0.0,0.0,0.0,0.0,0.0,0.0,0.0
2018-01-24,0.0,0.0,2.48,1.0,25.74,10.0,0.0,0.0,0.16,0.07
2018-01-25,0.0,0.0,17.5,4.0,50.09,14.0,0.0,0.0,0.4,0.11
2018-01-26,0.0,0.0,16.31,5.0,20.46,6.0,3.66,1.16,3.7,1.17
2018-01-27,5.28,2.0,64.14,16.0,167.2,39.0,7.22,2.92,11.6,4.31
2018-01-28,0.68,1.0,87.03,25.0,157.61,43.0,9.76,3.0,12.02,3.78
2018-01-29,3.83,4.0,120.8,38.0,290.97,85.0,11.76,5.3,41.01,12.1
2018-01-30,14.14,5.0,43.97,12.0,136.31,44.0,14.37,2.65,16.35,4.04
2018-01-31,0.63,1.0,0.63,1.0,140.15,23.0,0.35,0.56,2.87,1.09
2018-02-01,23.79,6.0,67.52,18.0,140.88,37.0,6.75,2.43,28.61,6.61
2018-02-02,8.39,3.0,152.4,25.0,202.15,35.0,78.09,12.36,83.8,14.91
2018-02-03,9.05,6.0,71.5,25.0,240.66,66.0,31.33,12.48,65.64,22.76
2018-02-04,7.53,2.0,52.2,17.0,233.22,71.0,4.17,1.34,13.42,3.55
2018-02-05,0.0,0.0,0.0,0.0,0.0,0.0,0.0,0.0,0.0,0.0
2018-02-06,0.0,0.0,2.91,1.0,38.33,9.0,2.47,0.85,23.05,4.06
2018-02-07,10.29,5.0,38.07,13.0,148.2,44.0,9.87,2.28,41.74,9.21
2018-02-08,2.73,5.0,12.85,8.0,138.22,37.0,5.3,2.63,23.49,5.33
2018-02-09,30.19,10.0,109.67,37.0,325.31,90.0,35.97,10.79,81.95,18.71
2018-02-10,11.13,4.0,45.12,12.0,124.48,26.0,11.8,3.72,36.08,8.66
2018-02-11,11.7,2.0,12.44,3.0,33.97,6.0,4.82,0.99,7.58,1.2
2018-02-12,0.5,1.0,1.2,2.0,39.24,3.0,0.42,0.84,0.42,0.84
2018-02-13,5.97,3.0,62.16,23.0,72.38,26.0,31.95,12.1,35.51,13.16
2018-02-14,0.93,1.0,17.02,7.0,111.47,38.0,8.53,2.9,9.38,3.27
2018-02-15,2.39,2.0,29.21,13.0,80.26,26.0,5.35,2.48,8.28,3.51
2018-02-16,0.0,0.0,28.4,5.0,62.84,15.0,3.87,0.93,5.1,1.2
2018-02-17,0.0,0.0,9.52,4.0,23.67,7.0,3.63,1.33,5.32,2.34
2018-02-18,20.25,5.0,25.29,7.0,115.31,23.0,13.23,4.31,17.21,5.09
2018-02-19,8.88,7.0,121.38,29.0,201.56,52.0,12.71,6.2,26.79,10.14
2018-02-20,8.83,2.0,57.86,15.0,193.52,49.0,29.02,6.2,81.74,16.61
2018-02-21,48.28,6.0,112.54,22.0,195.93,45.0,29.16,2.84,33.77,4.4
2018-02-22,0.0,0.0,28.71,8.0,65.93,21.0,13.48,3.61,23.5,6.62
2018-02-23,0.94,1.0,3.87,3.0,8.48,5.0,0.0,0.0,3.01,1.31
2018-02-24,11.66,3.0,28.91,7.0,74.93,18.0,22.27,3.38,34.77,6.28
2018-02-25,4.75,5.0,54.4,18.0,169.91,54.0,24.27,8.18,46.6,15.4
2018-02-26,0.93,1.0,16.26,4.0,98.63,26.0,5.08,2.4,16.19,6.4
2018-02-27,2.68,2.0,39.77,9.0,68.47,17.0,35.13,6.03,41.84,7.97
2018-02-28,10.37,5.0,16.47,8.0,25.63,12.0,3.06,2.82,3.83,3.62
2018-03-01,0.73,1.0,9.02,6.0,59.62,29.0,1.17,1.51,23.46,7.16
2018-03-02,5.41,4.0,24.09,10.0,130.26,33.0,16.94,5.45,37.02,10.09
2018-03-03,1.48,1.0,11.6,3.0,45.3,15.0,1.59,0.99,5.53,1.94
2018-03-04,0.0,0.0,18.57,3.0,38.76,7.0,0.87,0.11,8.83,1.35
2018-03-05,1.57,2.0,14.13,5.0,131.83,23.0,3.69,1.03,33.66,4.69
2018-03-06,1.6,3.0,2.19,4.0,98.49,26.0,1.42,2.58,6.85,3.84
2018-03-07,1.76,4.0,10.37,7.0,98.09,31.0,1.29,2.82,11.33,5.68
2018-03-08,2.52,2.0,11.73,5.0,118.09,41.0,2.73,2.86,80.38,28.33
2018-03-09,0.89,2.0,21.6,9.0,88.45,29.0,9.95,3.66,24.86,8.4
2018-03-10,1.05,2.0,41.09,10.0,117.23,24.0,7.84,2.78,34.06,6.19
2018-03-11,2.6,2.0,5.32,3.0,49.03,19.0,0.26,0.13,1.4,0.57
2018-03-12,19.45,7.0,34.38,8.0,122.98,32.0,10.9,3.29,11.74,3.87
2018-03-13,7.94,3.0,24.09,11.0,104.02,39.0,1.65,0.67,2.02,0.78
2018-03-14,12.92,4.0,19.19,5.0,42.04,12.0,2.64,0.69,2.64,0.69
2018-03-15,0.59,1.0,25.13,7.0,27.57,9.0,21.27,5.98,21.27,5.98
2018-03-16,1.8,2.0,3.52,3.0,55.95,17.0,2.61,2.46,4.41,3.1
2018-03-17,21.3,9.0,47.97,17.0,163.32,44.0,22.36,6.5,72.67,15.49
2018-03-18,12.21,4.0,19.55,8.0,123.36,39.0,3.13,1.46,34.52,10.75
2018-03-19,0.0,0.0,2.4,1.0,141.08,29.0,0.0,0.0,16.5,2.98
2018-03-20,0.66,1.0,21.04,6.0,78.74,23.0,0.66,1.0,17.54,5.7
2018-03-21,0.87,1.0,3.37,2.0,17.64,5.0,0.97,0.91,4.04,1.59
2018-03-22,4.99,6.0,13.69,8.0,22.64,12.0,6.79,5.23,14.08,7.81
2018-03-23,8.76,5.0,15.75,7.0,93.34,23.0,4.54,3.51,18.42,6.0
2018-03-24,9.29,4.0,15.25,6.0,92.55,30.0,4.78,2.45,9.54,4.83
2018-03-25,0.0,0.0,12.36,2.0,78.7,19.0,0.0,0.0,4.98,2.28
2018-03-26,3.72,2.0,6.4,4.0,88.75,23.0,0.34,0.75,25.9,5.47
2018-03-27,13.73,3.0,13.73,3.0,80.15,24.0,0.19,0.63,9.6,3.98
2018-03-28,19.53,6.0,46.11,13.0,202.68,53.0,7.73,4.59,16.82,7.31
2018-03-29,11.34,3.0,18.32,5.0,101.73,32.0,1.82,1.55,3.36,2.62
2018-03-30,17.64,4.0,17.64,4.0,201.75,36.0,3.74,2.82,14.38,6.61
2018-03-31,5.87,1.0,10.63,4.0,61.29,14.0,0.78,0.46,10.08,2.1
2018-04-01,0.79,1.0,8.75,3.0,21.7,8.0,2.61,0.59,2.97,0.75
2018-04-02,0.77,1.0,7.39,2.0,29.44,7.0,4.08,0.62,6.27,1.6
2018-04-03,1.71,2.0,21.85,7.0,163.3,27.0,2.26,0.64,9.1,4.6
2018-04-04,0.5,1.0,7.32,4.0,73.65,22.0,4.83,2.31,54.66,17.21
2018-04-05,0.0,0.0,0.0,0.0,32.59,12.0,0.0,0.0,22.0,8.17
2018-04-06,0.0,0.0,0.0,0.0,1.55,3.0,0.0,0.0,0.01,0.02
2018-04-07,10.99,2.0,16.01,4.0,31.41,12.0,2.03,0.2,5.66,2.15
2018-04-08,4.54,5.0,14.16,11.0,61.68,23.0,2.84,1.53,26.68,5.93
2018-04-09,0.0,0.0,0.0,0.0,0.0,0.0,0.0,0.0,0.0,0.0
2018-04-10,0.0,0.0,33.91,12.0,83.49,26.0,20.65,4.27,29.48,7.25
2018-04-11,0.0,0.0,0.0,0.0,28.44,6.0,0.0,0.0,12.28,2.84
2018-04-12,5.85,4.0,25.09,9.0,34.58,14.0,4.56,2.14,5.89,3.05
2018-04-13,7.57,6.0,40.35,13.0,83.33,23.0,6.88,5.22,15.74,6.58
2018-04-14,21.03,4.0,53.5,12.0,133.43,30.0,29.61,5.64,38.51,9.02
2018-04-15,0.0,0.0,8.16,2.0,213.65,23.0,1.15,0.73,1.44,0.98
2018-04-16,10.17,5.0,255.49,21.0,329.79,33.0,7.55,4.55,7.55,4.55
2018-04-17,1.18,2.0,24.78,9.0,57.16,20.0,7.28,4.13,24.66,9.56
2018-04-18,189.4,17.0,517.24,35.0,1030.28,84.0,396.53,18.32,592.14,27.8
2018-04-19,69.84,15.0,116.93,31.0,419.61,62.0,72.84,17.67,157.01,29.82
2018-04-20,15.09,2.0,15.09,2.0,106.03,16.0,13.73,1.83,15.18,2.17
2018-04-21,53.76,11.0,76.64,16.0,200.78,38.0,37.03,5.7,115.21,16.52
2018-04-22,15.22,3.0,178.0,29.0,414.69,75.0,119.24,16.71,267.73,36.36
2018-04-23,35.23,6.0,165.24,28.0,656.98,94.0,84.56,14.86,269.88,29.28
2018-04-24,112.52,13.0,323.86,44.0,874.04,113.0,68.55,11.68,193.13,19.11
2018-04-25,69.73,4.0,433.35,35.0,704.76,86.0,197.29,13.87,197.29,13.87
2018-04-26,34.1,8.0,352.64,56.0,642.46,104.0,77.19,14.56,204.79,40.15
2018-04-27,4.17,2.0,272.52,44.0,385.47,78.0,15.01,3.83,35.93,9.54
2018-04-28,29.55,10.0,197.58,32.0,357.39,78.0,8.54,4.26,19.94,8.7
2018-04-29,238.31,39.0,1185.06,143.0,1654.29,207.0,172.59,18.5,189.61,23.36
2018-04-30,79.73,10.0,918.56,69.0,1335.97,147.0,65.34,8.61,88.91,18.15
2018-05-01,78.84,18.0,329.86,73.0,856.63,185.0,34.22,7.1,51.5,11.23
2018-05-02,23.31,4.0,148.7,28.0,381.15,68.0,6.4,1.76,23.78,5.83
2018-05-03,11.72,4.0,376.52,57.0,583.24,104.0,3.22,1.07,10.49,3.19
2018-05-04,70.96,18.0,750.57,130.0,1811.51,326.0,46.36,10.26,60.8,15.79
2018-05-05,342.66,57.0,2100.34,293.0,4947.17,728.0,699.73,105.15,1923.37,311.39
2018-05-06,62.1,14.0,297.55,52.0,2446.75,387.0,85.41,15.68,1920.72,291.02
2018-05-07,192.23,24.0,901.23,119.0,2613.37,415.0,500.3,68.55,1759.78,283.08
2018-05-08,200.02,23.0,306.54,47.0,1839.46,378.0,221.28,27.74,1363.56,277.77
2018-05-09,0.0,0.0,206.62,32.0,1379.18,232.0,41.69,11.93,1005.64,181.8
2018-05-10,138.62,27.0,1081.33,188.0,4248.21,688.0,838.14,144.33,3246.21,509.27
2018-05-11,0.0,0.0,321.44,49.0,1990.15,302.0,198.8,29.27,967.02,136.18
2018-05-12,60.07,14.0,489.63,90.0,1932.23,343.0,52.69,17.74,114.57,28.74
2018-05-13,39.74,9.0,188.19,47.0,992.27,242.0,3.7,2.31,94.59,26.46
2018-05-14,0.0,0.0,23.82,8.0,85.54,26.0,9.29,3.1,18.47,6.78
2018-05-15,6.17,2.0,79.66,16.0,363.33,92.0,9.57,2.22,41.84,11.95
2018-05-16,3.96,2.0,17.0,6.0,188.42,57.0,4.61,2.8,50.05,12.3
2018-05-17,11.82,3.0,91.83,15.0,443.84,74.0,28.49,4.15,260.7,42.28
2018-05-18,5.43,3.0,101.94,26.0,274.41,85.0,16.1,3.78,83.41,25.76
2018-05-19,7.48,3.0,34.62,9.0,497.29,101.0,8.04,1.08,29.79,4.83
2018-05-20,15.11,5.0,71.42,18.0,587.85,142.0,36.57,8.18,228.43,45.95
2018-05-21,47.15,9.0,108.26,23.0,811.82,165.0,34.92,7.4,217.56,38.73
2018-05-22,18.44,3.0,19.05,4.0,461.33,108.0,0.0,0.0,91.44,14.96
2018-05-23,16.98,3.0,87.83,13.0,335.75,71.0,16.83,3.11,107.64,29.39
2018-05-24,4.67,1.0,50.44,12.0,290.24,73.0,40.35,8.34,206.55,48.74
2018-05-25,21.49,3.0,40.49,6.0,397.32,60.0,10.84,1.77,25.96,4.96
2018-05-26,4.07,4.0,66.91,12.0,1056.28,168.0,30.77,4.22,62.02,9.82
2018-05-27,33.07,4.0,33.07,4.0,472.9,109.0,0.0,0.0,0.0,0.0
2018-05-28,4.15,1.0,23.69,6.0,252.79,54.0,13.73,3.5,90.16,20.04
2018-05-29,4.95,2.0,31.71,8.0,173.41,37.0,11.2,3.35,19.66,6.65
2018-05-30,1.92,1.0,1.92,1.0,78.28,15.0,0.73,0.38,0.73,0.38
2018-05-31,2.3,2.0,23.32,7.0,135.42,28.0,12.75,2.34,82.29,6.41
2018-06-01,3.88,2.0,8.54,4.0,35.07,12.0,2.08,0.89,8.37,2.86
2018-06-02,5.22,4.0,5.22,4.0,13.37,7.0,2.0,1.52,2.0,1.52
2018-06-03,0.0,0.0,11.1,6.0,55.02,20.0,5.67,3.1,6.77,3.37
2018-06-04,0.0,0.0,0.0,0.0,24.81,7.0,0.0,0.0,0.01,0.0
2018-06-05,3.05,2.0,3.05,2.0,42.14,11.0,0.0,0.0,26.65,4.27
2018-06-06,6.12,4.0,6.12,4.0,11.24,6.0,0.81,0.9,1.79,1.78
2018-06-07,7.19,2.0,7.19,2.0,15.15,4.0,0.0,0.0,0.57,0.15
2018-06-08,0.0,0.0,0.0,0.0,6.82,2.0,0.0,0.0,0.0,0.0
2018-06-09,0.0,0.0,0.0,0.0,0.0,0.0,0.0,0.0,0.0,0.0
2018-06-10,0.0,0.0,20.16,3.0,33.14,5.0,3.73,0.8,3.73,0.8
2018-06-11,2.01,2.0,8.16,3.0,23.06,10.0,0.97,0.99,3.92,2.75
2018-06-12,0.0,0.0,0.0,0.0,14.18,2.0,0.0,0.0,0.0,0.0
2018-06-13,0.0,0.0,0.0,0.0,16.8,3.0,0.0,0.0,0.0,0.0
2018-06-14,0.0,0.0,0.0,0.0,1.74,1.0,0.0,0.0,0.0,0.0
2018-06-15,0.86,1.0,0.86,1.0,0.86,1.0,0.0,0.0,0.0,0.0
2018-06-16,0.0,0.0,1.43,1.0,7.21,3.0,0.68,0.48,0.68,0.48
2018-06-17,0.0,0.0,0.0,0.0,3.85,1.0,0.0,0.0,0.02,0.01
2018-06-18,6.44,1.0,7.79,2.0,9.14,3.0,7.22,1.61,7.22,1.61
2018-06-19,2.72,2.0,2.72,2.0,10.4,4.0,1.89,1.51,4.33,2.36
2018-06-20,0.0,0.0,13.79,3.0,15.92,4.0,0.0,0.0,0.68,0.32
2018-06-21,4.33,2.0,4.33,2.0,8.39,3.0,1.91,1.0,5.8,1.96
2018-06-22,0.0,0.0,0.0,0.0,19.53,7.0,0.0,0.0,10.69,3.59
2018-06-23,0.0,0.0,0.0,0.0,0.0,0.0,0.0,0.0,0.0,0.0
2018-06-24,0.0,0.0,5.87,2.0,39.19,8.0,0.0,0.0,4.82,0.52
2018-06-25,0.0,0.0,0.0,0.0,4.3,2.0,0.0,0.0,0.0,0.0
2018-06-26,0.0,0.0,0.0,0.0,0.0,0.0,0.0,0.0,0.0,0.0
2018-06-27,5.4,2.0,15.52,4.0,20.25,6.0,0.56,0.21,3.45,1.66
2018-06-28,0.0,0.0,0.0,0.0,0.0,0.0,0.0,0.0,0.0,0.0
2018-06-29,0.0,0.0,0.0,0.0,0.0,0.0,0.0,0.0,0.0,0.0
2018-06-30,0.0,0.0,0.0,0.0,3.68,1.0,0.0,0.0,0.71,0.19
2018-07-01,0.0,0.0,0.0,0.0,0.0,0.0,0.0,0.0,0.0,0.0
2018-07-02,0.0,0.0,0.0,0.0,0.0,0.0,0.0,0.0,0.0,0.0
2018-07-03,11.48,2.0,11.48,2.0,11.48,2.0,0.0,0.0,0.0,0.0
2018-07-04,0.0,0.0,0.0,0.0,0.0,0.0,0.0,0.0,0.0,0.0
2018-07-05,0.0,0.0,0.0,0.0,3.89,1.0,0.0,0.0,0.0,0.0
2018-07-06,1.03,1.0,1.03,1.0,1.03,1.0,0.0,0.0,0.0,0.0
2018-07-07,2.47,1.0,2.47,1.0,2.47,1.0,1.32,0.54,1.32,0.54
2018-07-08,1.78,3.0,1.78,3.0,13.84,6.0,1.73,2.91,8.8,4.46
2018-07-09,0.0,0.0,0.0,0.0,0.0,0.0,0.0,0.0,0.0,0.0
2018-07-10,10.08,1.0,10.08,1.0,15.34,3.0,0.0,0.0,3.7,0.89
2018-07-11,0.0,0.0,0.0,0.0,0.0,0.0,0.0,0.0,0.0,0.0
2018-07-12,0.0,0.0,0.0,0.0,0.0,0.0,0.0,0.0,0.0,0.0
2018-07-13,1.54,1.0,1.54,1.0,1.54,1.0,0.0,0.0,0.0,0.0
2018-07-14,4.92,4.0,4.92,4.0,4.92,4.0,0.0,0.0,0.0,0.0
2018-07-15,0.0,0.0,0.0,0.0,0.0,0.0,0.0,0.0,0.0,0.0
2018-07-16,0.0,0.0,0.0,0.0,0.0,0.0,0.0,0.0,0.0,0.0
2018-07-17,2.29,2.0,2.29,2.0,2.29,2.0,0.09,0.2,0.09,0.2
2018-07-18,0.0,0.0,0.0,0.0,0.0,0.0,0.0,0.0,0.0,0.0
2018-07-19,0.0,0.0,0.0,0.0,0.0,0.0,0.0,0.0,0.0,0.0
2018-07-20,0.0,0.0,0.0,0.0,0.0,0.0,0.0,0.0,0.0,0.0
2018-07-21,0.0,0.0,0.0,0.0,0.0,0.0,0.0,0.0,0.0,0.0
2018-07-22,0.0,0.0,0.0,0.0,0.0,0.0,0.0,0.0,0.0,0.0
2018-07-23,2.27,3.0,2.27,3.0,2.27,3.0,0.76,0.55,0.76,0.55
2018-07-24,1.34,2.0,1.34,2.0,1.34,2.0,0.0,0.0,0.0,0.0
2018-07-25,0.0,0.0,0.0,0.0,0.0,0.0,0.0,0.0,0.0,0.0
2018-07-26,0.0,0.0,0.0,0.0,0.0,0.0,0.0,0.0,0.0,0.0
2018-07-27,0.0,0.0,0.0,0.0,0.0,0.0,0.0,0.0,0.0,0.0
2018-07-28,0.0,0.0,0.0,0.0,0.0,0.0,0.0,0.0,0.0,0.0
2018-07-29,0.0,0.0,0.0,0.0,0.0,0.0,0.0,0.0,0.0,0.0
2018-07-30,0.0,0.0,0.0,0.0,0.0,0.0,0.0,0.0,0.0,0.0
2018-07-31,0.0,0.0,0.0,0.0,0.0,0.0,0.0,0.0,0.0,0.0
2018-08-01,1.3,2.0,1.3,2.0,1.3,2.0,0.59,0.98,0.59,0.98
2018-08-02,0.0,0.0,0.0,0.0,0.0,0.0,0.0,0.0,0.0,0.0
2018-08-03,2.75,3.0,2.75,3.0,2.75,3.0,0.01,0.01,0.01,0.01
2018-08-04,0.0,0.0,0.0,0.0,0.0,0.0,0.0,0.0,0.0,0.0
2018-08-05,0.0,0.0,0.0,0.0,0.0,0.0,0.0,0.0,0.0,0.0
2018-08-06,0.0,0.0,0.0,0.0,0.0,0.0,0.0,0.0,0.0,0.0
2018-08-07,0.0,0.0,0.0,0.0,0.0,0.0,0.0,0.0,0.0,0.0
2018-08-08,0.55,1.0,0.55,1.0,0.55,1.0,0.0,0.0,0.0,0.0
2018-08-09,12.17,5.0,12.17,5.0,15.74,7.0,7.16,1.95,8.7,2.87
2018-08-10,0.0,0.0,0.0,0.0,3.48,1.0,0.0,0.0,0.0,0.0
2018-08-11,0.0,0.0,0.0,0.0,0.0,0.0,0.0,0.0,0.0,0.0
2018-08-12,0.0,0.0,0.0,0.0,0.0,0.0,0.0,0.0,0.0,0.0
2018-08-13,0.0,0.0,0.0,0.0,0.0,0.0,0.0,0.0,0.0,0.0
2018-08-14,0.0,0.0,0.0,0.0,3.27,2.0,0.0,0.0,0.0,0.0
2018-08-15,0.0,0.0,0.0,0.0,0.0,0.0,0.0,0.0,0.0,0.0
2018-08-16,0.0,0.0,0.0,0.0,1.99,1.0,0.0,0.0,0.0,0.0
2018-08-17,0.0,0.0,0.0,0.0,0.0,0.0,0.0,0.0,0.0,0.0
2018-08-18,0.0,0.0,0.0,0.0,1.15,1.0,0.0,0.0,0.75,0.65
2018-08-19,0.0,0.0,0.0,0.0,0.0,0.0,0.0,0.0,0.0,0.0
2018-08-20,0.44,1.0,0.44,1.0,0.44,1.0,0.37,0.84,0.37,0.84
2018-08-21,6.29,1.0,6.29,1.0,6.29,1.0,0.0,0.0,0.0,0.0
2018-08-22,0.0,0.0,0.0,0.0,0.0,0.0,0.0,0.0,0.0,0.0
2018-08-23,0.0,0.0,0.0,0.0,0.0,0.0,0.0,0.0,0.0,0.0
2018-08-24,0.0,0.0,0.0,0.0,0.0,0.0,0.0,0.0,0.0,0.0
2018-08-25,0.0,0.0,0.0,0.0,3.17,1.0,0.0,0.0,0.0,0.0
2018-08-26,0.0,0.0,0.0,0.0,0.0,0.0,0.0,0.0,0.0,0.0
2018-08-27,0.0,0.0,0.0,0.0,0.0,0.0,0.0,0.0,0.0,0.0
2018-08-28,0.0,0.0,0.0,0.0,0.0,0.0,0.0,0.0,0.0,0.0
2018-08-29,0.0,0.0,0.0,0.0,0.0,0.0,0.0,0.0,0.0,0.0
2018-08-30,0.0,0.0,0.0,0.0,3.85,1.0,0.0,0.0,0.0,0.0
2018-08-31,0.0,0.0,0.0,0.0,0.0,0.0,0.0,0.0,0.0,0.0
2018-09-01,0.0,0.0,0.0,0.0,0.0,0.0,0.0,0.0,0.0,0.0
2018-09-02,0.0,0.0,0.0,0.0,0.0,0.0,0.0,0.0,0.0,0.0
2018-09-03,0.0,0.0,0.0,0.0,0.0,0.0,0.0,0.0,0.0,0.0
2018-09-04,0.0,0.0,0.0,0.0,0.0,0.0,0.0,0.0,0.0,0.0
2018-09-05,1.44,1.0,1.44,1.0,1.44,1.0,0.82,0.57,0.82,0.57
2018-09-06,0.0,0.0,0.0,0.0,0.0,0.0,0.0,0.0,0.0,0.0
2018-09-07,0.0,0.0,0.0,0.0,0.0,0.0,0.0,0.0,0.0,0.0
2018-09-08,0.0,0.0,0.0,0.0,0.0,0.0,0.0,0.0,0.0,0.0
2018-09-09,0.0,0.0,0.0,0.0,0.0,0.0,0.0,0.0,0.0,0.0
2018-09-10,0.78,1.0,0.78,1.0,3.82,2.0,0.0,0.0,0.0,0.0
2018-09-11,0.0,0.0,0.0,0.0,1.17,1.0,0.0,0.0,0.0,0.0
2018-09-12,0.0,0.0,0.0,0.0,1.08,1.0,0.0,0.0,0.03,0.03
2018-09-13,0.0,0.0,0.82,1.0,0.82,1.0,0.6,0.74,0.6,0.74
2018-09-14,0.59,1.0,0.59,1.0,9.71,3.0,0.4,0.68,0.4,0.68
2018-09-15,2.63,2.0,2.63,2.0,25.42,8.0,1.28,0.84,10.27,2.42
2018-09-16,0.0,0.0,0.0,0.0,11.0,3.0,0.0,0.0,1.24,0.34
2018-09-17,0.0,0.0,0.0,0.0,0.0,0.0,0.0,0.0,0.0,0.0
2018-09-18,0.79,1.0,0.79,1.0,17.77,3.0,0.0,0.0,9.57,1.13
2018-09-19,0.0,0.0,0.0,0.0,27.92,5.0,0.0,0.0,20.76,3.6
2018-09-20,3.64,1.0,3.64,1.0,60.67,11.0,1.03,0.28,17.0,3.33
2018-09-21,0.0,0.0,6.52,2.0,161.53,36.0,0.0,0.0,0.0,0.0
2018-09-22,0.0,0.0,0.0,0.0,0.0,0.0,0.0,0.0,0.0,0.0
2018-09-23,0.0,0.0,0.0,0.0,0.0,0.0,0.0,0.0,0.0,0.0
2018-09-24,0.0,0.0,0.0,0.0,0.35,1.0,0.0,0.0,0.0,0.0
2018-09-25,0.0,0.0,0.0,0.0,0.0,0.0,0.0,0.0,0.0,0.0
2018-09-26,0.0,0.0,1.94,1.0,1.94,1.0,0.58,0.3,0.58,0.3
2018-09-27,1.25,1.0,1.25,1.0,1.25,1.0,1.23,0.99,1.23,0.99
2018-09-28,0.0,0.0,0.0,0.0,0.0,0.0,0.0,0.0,0.0,0.0
2018-09-29,0.0,0.0,3.45,1.0,3.45,1.0,0.0,0.0,0.0,0.0
2018-09-30,0.0,0.0,11.54,1.0,23.03,3.0,0.0,0.0,4.83,0.96
2018-10-01,4.92,6.0,21.63,9.0,46.71,16.0,2.79,3.51,9.02,5.65
2018-10-02,8.46,2.0,8.46,2.0,74.99,24.0,0.26,0.08,11.69,3.62
2018-10-03,0.0,0.0,2.72,1.0,24.62,6.0,0.0,0.0,0.14,0.05
2018-10-04,1.1,2.0,1.1,2.0,49.44,18.0,0.03,0.09,7.43,2.51
2018-10-05,0.0,0.0,4.68,1.0,127.71,23.0,4.59,0.98,119.22,21.0
2018-10-06,1.87,3.0,30.33,9.0,303.71,71.0,5.04,3.25,156.41,37.94
2018-10-07,4.16,4.0,70.29,28.0,744.19,215.0,12.32,6.81,561.97,158.16
2018-10-08,1.4,1.0,15.39,5.0,189.5,48.0,11.17,3.59,28.9,8.93
2018-10-09,0.0,0.0,13.76,4.0,186.93,45.0,7.93,2.27,16.92,4.71
2018-10-10,0.0,0.0,47.57,8.0,187.76,35.0,11.84,2.09,11.84,2.09
2018-10-11,14.65,3.0,65.1,12.0,386.17,91.0,0.77,0.11,1.84,0.44
2018-10-12,4.98,3.0,82.28,22.0,654.07,176.0,9.38,4.49,249.54,69.33
2018-10-13,1.74,2.0,125.34,26.0,903.37,188.0,29.54,4.4,689.89,134.85
2018-10-14,0.73,2.0,159.1,23.0,910.86,153.0,2.19,1.05,313.64,49.41
2018-10-15,0.0,0.0,70.61,10.0,652.37,124.0,0.0,0.0,316.08,60.78
2018-10-16,1.2,2.0,34.95,6.0,771.2,158.0,15.58,2.05,21.08,3.33
2018-10-17,1.07,2.0,291.66,55.0,1678.6,341.0,162.5,28.47,189.28,36.59
2018-10-18,12.81,6.0,189.78,52.0,1673.75,358.0,2.58,1.34,52.17,18.73
2018-10-19,7.24,2.0,206.3,45.0,1505.88,265.0,0.0,0.0,1142.53,184.79
2018-10-20,0.7,1.0,97.43,19.0,1210.62,219.0,0.0,0.0,778.74,139.61
2018-10-21,7.68,4.0,214.19,31.0,1876.04,282.0,7.56,2.31,1559.34,228.04
2018-10-22,4.91,4.0,339.15,55.0,1292.68,225.0,0.81,1.36,354.11,67.77
2018-10-23,10.68,5.0,267.22,58.0,1641.24,328.0,5.46,2.57,615.91,112.43
2018-10-24,3.79,1.0,214.76,33.0,1448.88,248.0,5.92,0.99,74.32,17.54
2018-10-25,0.0,0.0,174.35,41.0,1352.87,245.0,0.4,0.1,40.29,6.8
2018-10-26,1.99,3.0,56.53,13.0,1685.58,297.0,1.63,2.69,1429.66,251.38
2018-10-27,11.67,6.0,226.66,50.0,2535.82,364.0,5.64,3.14,1982.59,265.17
2018-10-28,4.27,2.0,589.76,117.0,3309.15,609.0,16.35,3.74,2261.54,397.66
2018-10-29,4.17,2.0,303.06,49.0,1917.61,301.0,4.06,1.95,1142.41,156.87
2018-10-30,0.0,0.0,79.57,19.0,855.69,144.0,12.6,3.64,34.46,9.85
2018-10-31,0.0,0.0,294.43,38.0,2124.63,360.0,272.94,35.55,402.87,54.97
2018-11-01,2.92,1.0,175.29,34.0,2581.78,376.0,61.06,11.72,88.46,17.86
2018-11-02,1.98,4.0,295.72,62.0,3033.74,500.0,184.04,35.64,225.77,48.34
2018-11-03,6.2,4.0,244.26,50.0,1774.39,300.0,35.28,7.34,57.03,13.95
2018-11-04,0.0,0.0,81.36,20.0,916.92,149.0,0.0,0.0,594.9,108.42
2018-11-05,0.0,0.0,21.89,4.0,1129.96,190.0,0.0,0.0,836.98,135.11
2018-11-06,6.7,9.0,130.54,37.0,2312.96,314.0,6.8,4.7,1525.26,193.25
2018-11-07,44.2,10.0,118.83,35.0,3317.92,521.0,14.47,6.55,940.46,147.39
2018-11-08,4.79,3.0,57.92,22.0,2414.09,464.0,7.57,3.42,1805.45,331.68
2018-11-09,14.49,5.0,81.15,18.0,959.96,184.0,16.03,4.46,794.68,147.87
2018-11-10,4.69,3.0,22.21,7.0,678.18,136.0,2.18,0.8,16.95,3.19
2018-11-11,1.06,2.0,7.56,5.0,850.36,185.0,0.0,0.0,1.05,0.47
2018-11-12,3.06,2.0,40.5,12.0,1127.07,171.0,7.23,2.04,15.02,4.18
2018-11-13,15.51,5.0,46.72,17.0,1550.44,295.0,10.52,3.72,14.44,5.91
2018-11-14,0.0,0.0,25.54,7.0,1368.47,200.0,4.23,3.02,14.91,5.04
2018-11-15,1.46,2.0,37.12,11.0,448.27,89.0,1.22,1.67,384.85,73.38
2018-11-16,7.05,3.0,25.81,7.0,710.4,116.0,0.64,0.99,501.25,80.73
2018-11-17,15.56,4.0,49.44,10.0,671.0,133.0,35.21,6.02,452.19,85.75
2018-11-18,2.96,1.0,89.41,22.0,874.26,188.0,2.16,1.29,8.71,4.16
2018-11-19,0.46,1.0,1.17,2.0,416.39,82.0,0.0,0.0,1.95,1.74
2018-11-20,0.0,0.0,88.2,15.0,320.42,60.0,49.06,4.69,226.67,34.3
2018-11-21,0.0,0.0,0.0,0.0,319.56,57.0,0.0,0.0,153.85,29.0
2018-11-22,0.64,1.0,63.13,18.0,479.34,71.0,18.21,4.14,393.66,47.31
2018-11-23,3.16,3.0,40.29,17.0,546.77,95.0,30.98,12.46,476.15,75.55
2018-11-24,5.63,3.0,124.25,19.0,361.09,77.0,44.64,6.49,197.22,36.37
2018-11-25,4.37,1.0,62.76,21.0,207.56,55.0,29.62,10.83,103.62,28.18
2018-11-26,2.93,1.0,21.7,5.0,95.68,23.0,10.03,2.72,66.88,15.67
2018-11-27,0.0,0.0,40.17,11.0,44.76,13.0,8.91,2.62,10.14,3.39
2018-11-28,11.57,4.0,87.74,22.0,211.15,50.0,15.3,3.22,16.17,3.88
2018-11-29,6.94,4.0,123.78,37.0,219.82,69.0,18.29,6.42,25.41,8.57
2018-11-30,3.92,1.0,47.19,14.0,180.46,48.0,10.98,3.5,54.58,10.52
2018-12-01,5.23,2.0,40.61,12.0,112.07,30.0,14.44,3.55,30.58,5.34
2018-12-02,0.0,0.0,24.0,8.0,64.07,21.0,9.79,3.39,28.41,9.13
2018-12-03,0.0,0.0,35.1,9.0,79.35,23.0,16.24,4.58,24.51,7.39
2018-12-04,5.77,4.0,159.24,43.0,262.95,72.0,26.25,8.02,62.26,16.1
2018-12-05,5.8,4.0,111.74,38.0,249.86,91.0,10.14,3.93,48.0,17.49
2018-12-06,4.17,1.0,45.57,16.0,119.32,46.0,18.79,6.26,64.64,25.21
2018-12-07,17.02,6.0,48.55,17.0,115.44,40.0,19.76,6.97,35.13,12.31
2018-12-08,10.29,4.0,44.3,16.0,120.87,44.0,13.66,3.97,46.57,14.32
2018-12-09,21.27,7.0,166.31,41.0,316.41,75.0,79.2,20.6,143.85,34.14
2018-12-10,2.81,2.0,100.68,34.0,208.38,75.0,22.76,8.36,39.47,15.36
2018-12-11,2.7,1.0,52.7,15.0,146.4,38.0,12.22,4.2,43.56,12.83
2018-12-12,5.19,1.0,6.91,2.0,6.91,2.0,6.11,1.56,6.11,1.56
2018-12-13,2.68,2.0,12.7,6.0,29.17,13.0,2.04,1.36,5.7,2.3
2018-12-14,12.66,5.0,64.29,22.0,130.45,43.0,16.61,5.21,28.52,8.34
2018-12-15,10.5,4.0,144.73,53.0,289.9,108.0,31.48,8.08,58.96,18.74
2018-12-16,8.99,2.0,131.09,48.0,292.91,97.0,22.95,9.52,80.91,23.64
2018-12-17,0.93,1.0,31.84,13.0,72.67,28.0,19.69,8.78,36.63,14.91
2018-12-18,26.89,6.0,47.22,14.0,83.87,31.0,0.47,0.2,9.5,3.24
2018-12-19,28.73,5.0,111.39,25.0,181.71,43.0,15.41,3.11,34.16,5.94
2018-12-20,18.52,10.0,178.47,58.0,331.56,103.0,31.38,10.13,52.95,17.03
2018-12-21,14.45,6.0,126.71,43.0,209.52,74.0,23.89,6.29,26.02,6.88
2018-12-22,8.24,3.0,126.22,39.0,188.4,61.0,10.72,5.74,19.5,8.26
2018-12-23,14.11,4.0,77.1,16.0,131.33,33.0,5.4,0.89,8.77,2.82
2018-12-24,24.69,9.0,62.03,22.0,134.97,51.0,17.12,3.53,35.42,9.8
2018-12-25,8.76,4.0,40.6,12.0,193.83,47.0,4.06,2.01,16.24,5.2
2018-12-26,14.65,5.0,93.03,32.0,210.53,71.0,6.77,1.29,29.54,5.21
2018-12-27,14.01,4.0,109.95,29.0,183.57,55.0,40.3,8.67,56.67,16.49
2018-12-28,0.87,1.0,15.24,7.0,27.03,12.0,5.03,2.65,8.82,4.95
2018-12-29,7.66,1.0,81.98,24.0,101.86,31.0,6.33,2.13,10.16,3.07
2018-12-30,18.62,6.0,100.68,30.0,207.4,58.0,25.01,7.57,67.96,17.68
2018-12-31,10.05,6.0,110.38,38.0,192.97,67.0,12.94,5.43,15.43,6.34
2019-01-01,13.11,4.0,90.75,30.0,181.35,64.0,32.53,10.24,75.71,27.12
2019-01-02,0.0,0.0,40.51,11.0,99.72,31.0,7.93,2.29,32.6,12.79
2019-01-03,0.0,0.0,22.26,6.0,62.46,18.0,3.67,1.21,14.42,3.56
2019-01-04,7.15,2.0,7.15,2.0,7.15,2.0,6.15,1.64,6.15,1.64
2019-01-05,2.33,2.0,39.19,17.0,75.38,27.0,16.87,6.05,37.82,11.14
2019-01-06,0.0,0.0,15.64,7.0,58.43,18.0,13.65,6.26,37.64,11.35
2019-01-07,0.0,0.0,15.64,6.0,39.38,15.0,2.38,1.75,8.84,3.95
2019-01-08,1.39,3.0,6.81,5.0,10.62,8.0,1.08,1.66,1.25,2.03
2019-01-09,13.23,4.0,40.54,14.0,82.97,26.0,0.04,0.03,0.21,0.08
2019-01-10,6.19,7.0,43.64,13.0,92.52,23.0,8.95,6.11,21.02,10.13
2019-01-11,22.13,10.0,120.15,42.0,221.58,76.0,30.14,10.63,38.16,13.66
2019-01-12,18.08,3.0,62.36,15.0,130.28,34.0,9.64,2.32,15.12,4.23
2019-01-13,6.89,4.0,21.47,9.0,63.89,19.0,15.84,6.35,37.91,13.19
2019-01-14,11.32,3.0,36.68,10.0,148.14,31.0,13.09,4.61,20.48,7.2
2019-01-15,1.09,2.0,2.62,3.0,2.62,3.0,0.29,0.51,0.29,0.51
2019-01-16,0.0,0.0,27.13,9.0,37.46,15.0,5.52,2.06,7.69,3.16
2019-01-17,18.37,6.0,118.18,31.0,165.66,51.0,21.7,6.4,35.17,11.1
2019-01-18,0.0,0.0,7.94,2.0,56.43,11.0,0.0,0.0,0.28,0.07
2019-01-19,3.91,1.0,18.19,5.0,29.15,9.0,4.93,1.77,4.99,1.82
2019-01-20,4.26,1.0,44.39,8.0,84.36,17.0,4.48,1.29,10.77,2.69
2019-01-21,0.0,0.0,48.14,2.0,52.89,4.0,0.0,0.0,0.0,0.0
2019-01-22,0.0,0.0,0.0,0.0,0.0,0.0,0.0,0.0,0.0,0.0
2019-01-23,0.0,0.0,0.0,0.0,0.0,0.0,0.0,0.0,0.0,0.0
2019-01-24,0.0,0.0,0.0,0.0,0.0,0.0,0.0,0.0,0.0,0.0
2019-01-25,0.0,0.0,0.0,0.0,8.2,4.0,0.0,0.0,2.66,0.86
2019-01-26,9.63,4.0,28.31,9.0,59.2,20.0,10.69,3.97,12.97,4.84
2019-01-27,0.0,0.0,20.81,7.0,75.26,23.0,9.92,4.92,34.21,10.39
2019-01-28,0.0,0.0,86.52,15.0,137.26,27.0,28.27,2.42,31.73,3.16
2019-01-29,5.48,3.0,33.39,10.0,85.44,27.0,14.93,4.04,21.64,6.39
2019-01-30,0.0,0.0,2.37,1.0,2.37,1.0,0.0,0.0,0.0,0.0
2019-01-31,9.18,3.0,26.53,7.0,42.46,9.0,0.68,0.17,12.4,1.64
2019-02-01,2.57,1.0,28.01,10.0,92.45,28.0,11.2,3.52,35.16,11.64
2019-02-02,2.81,1.0,58.66,16.0,142.35,45.0,9.42,2.09,15.93,4.03
2019-02-03,0.0,0.0,3.17,1.0,15.68,6.0,2.53,0.8,9.05,2.84
2019-02-04,8.81,2.0,32.69,11.0,55.96,20.0,5.14,1.21,7.42,2.16
2019-02-05,0.0,0.0,20.15,4.0,50.09,15.0,9.57,1.67,21.15,6.54
2019-02-06,3.01,1.0,32.95,14.0,149.56,37.0,2.57,1.18,16.85,3.66
2019-02-07,0.0,0.0,0.0,0.0,0.0,0.0,0.0,0.0,0.0,0.0
2019-02-08,0.7,2.0,0.7,2.0,0.7,2.0,0.47,1.35,0.47,1.35
2019-02-09,0.0,0.0,0.0,0.0,4.56,2.0,0.0,0.0,1.93,0.85
2019-02-10,1.97,1.0,21.31,4.0,39.21,7.0,6.34,0.94,15.51,2.58
2019-02-11,5.06,2.0,34.81,9.0,72.95,16.0,7.83,2.23,16.65,4.13
2019-02-12,18.53,1.0,37.19,8.0,112.73,26.0,16.14,5.03,49.22,14.3
2019-02-13,0.0,0.0,13.07,3.0,22.23,6.0,0.0,0.0,0.06,0.03
2019-02-14,0.0,0.0,0.0,0.0,1.64,1.0,0.0,0.0,1.54,0.94
2019-02-15,0.0,0.0,0.0,0.0,0.0,0.0,0.0,0.0,0.0,0.0
2019-02-16,0.0,0.0,0.0,0.0,7.47,2.0,0.0,0.0,3.36,0.48
2019-02-17,4.21,2.0,19.81,7.0,25.87,10.0,8.78,2.62,9.97,3.19
2019-02-18,0.0,0.0,6.26,2.0,51.43,12.0,0.0,0.0,0.85,0.32
2019-02-19,0.0,0.0,15.68,4.0,30.14,7.0,4.52,1.19,8.68,2.08
2019-02-20,0.0,0.0,0.0,0.0,0.0,0.0,0.0,0.0,0.0,0.0
2019-02-21,1.24,2.0,5.64,3.0,12.09,5.0,0.0,0.0,0.0,0.0
2019-02-22,3.44,2.0,38.15,14.0,103.52,36.0,15.92,5.87,32.89,12.6
2019-02-23,12.66,5.0,33.85,13.0,161.38,52.0,8.49,3.63,22.68,9.07
2019-02-24,8.74,7.0,79.57,30.0,232.29,55.0,42.61,13.49,122.72,29.92
2019-02-25,16.03,2.0,65.32,10.0,127.17,30.0,34.71,4.35,43.53,8.68
2019-02-26,0.0,0.0,0.0,0.0,7.32,1.0,0.0,0.0,0.0,0.0
2019-02-27,0.57,1.0,23.06,5.0,40.86,8.0,21.34,4.05,33.25,5.8
2019-02-28,12.02,7.0,49.79,21.0,82.69,35.0,35.0,13.72,51.34,20.58
2019-03-01,18.2,4.0,42.05,10.0,89.67,19.0,15.61,4.39,26.8,7.39
2019-03-02,0.0,0.0,0.0,0.0,0.0,0.0,0.0,0.0,0.0,0.0
2019-03-03,0.0,0.0,0.0,0.0,0.0,0.0,0.0,0.0,0.0,0.0
2019-03-04,4.58,5.0,22.1,11.0,25.37,13.0,5.68,3.13,6.78,4.21
2019-03-05,0.72,1.0,32.93,12.0,71.64,28.0,5.24,2.68,8.79,4.93
2019-03-06,5.59,4.0,49.06,15.0,151.42,36.0,11.4,3.57,19.83,5.99
2019-03-07,2.32,1.0,41.2,8.0,120.54,21.0,27.18,3.02,50.68,5.82
2019-03-08,0.0,0.0,49.15,3.0,61.21,7.0,43.84,2.68,47.51,3.81
2019-03-09,11.7,5.0,19.11,7.0,147.67,20.0,8.7,3.87,25.53,5.74
2019-03-10,6.57,5.0,54.93,15.0,110.51,31.0,26.56,7.9,58.32,17.94
2019-03-11,2.65,2.0,10.31,4.0,27.28,9.0,6.0,1.04,12.12,3.3
2019-03-12,0.0,0.0,12.24,3.0,26.55,7.0,7.2,1.63,18.31,4.64
2019-03-13,0.0,0.0,0.0,0.0,1.34,2.0,0.0,0.0,1.16,1.73
2019-03-14,0.73,2.0,1.26,3.0,10.72,6.0,0.73,2.0,3.7,3.03
2019-03-15,7.33,6.0,11.23,9.0,73.53,29.0,4.51,4.71,23.78,10.0
2019-03-16,1.04,1.0,16.35,4.0,36.41,10.0,2.25,1.34,6.3,3.19
2019-03-17,14.35,3.0,39.08,7.0,92.91,25.0,17.66,2.87,28.28,5.8
2019-03-18,26.15,7.0,32.27,9.0,55.01,16.0,3.89,1.32,5.27,2.01
2019-03-19,7.6,3.0,34.42,9.0,55.21,13.0,9.75,2.57,20.52,4.19
2019-03-20,0.96,2.0,8.31,6.0,45.09,25.0,2.23,1.77,10.59,13.42
2019-03-21,0.0,0.0,40.21,10.0,55.68,14.0,11.66,4.52,22.87,6.65
2019-03-22,3.09,1.0,41.57,10.0,76.33,20.0,25.44,4.9,29.84,5.96
2019-03-23,11.7,4.0,11.7,4.0,37.04,12.0,2.77,1.55,9.88,2.89
2019-03-24,0.0,0.0,0.0,0.0,19.87,6.0,0.0,0.0,9.06,2.57
2019-03-25,2.25,1.0,11.86,3.0,23.72,6.0,6.12,1.47,9.27,2.78
2019-03-26,3.73,4.0,5.18,5.0,32.63,15.0,0.99,1.08,1.19,1.27
2019-03-27,2.94,5.0,17.53,7.0,47.29,17.0,7.14,3.9,11.38,5.21
2019-03-28,0.0,0.0,9.47,2.0,35.71,9.0,0.0,0.0,9.8,1.53
2019-03-29,18.47,4.0,23.32,5.0,38.6,9.0,6.46,2.71,14.68,4.27
2019-03-30,0.0,0.0,3.25,2.0,30.66,7.0,0.0,0.0,10.55,0.98
2019-03-31,1.53,3.0,36.6,7.0,64.1,18.0,23.89,3.48,38.0,6.14
2019-04-01,11.1,4.0,25.42,8.0,64.98,22.0,11.34,2.54,21.63,5.27
2019-04-02,0.0,0.0,0.0,0.0,237.24,25.0,0.0,0.0,53.73,9.37
2019-04-03,1.89,2.0,16.74,7.0,43.7,13.0,3.74,1.65,8.97,3.69
2019-04-04,1.87,1.0,29.46,6.0,35.59,8.0,5.85,2.34,5.85,2.34
2019-04-05,2.5,2.0,4.21,3.0,69.41,13.0,1.26,0.78,36.87,6.7
2019-04-06,5.25,1.0,10.26,3.0,19.87,9.0,0.95,0.27,8.03,5.06
2019-04-07,0.0,0.0,8.12,2.0,56.35,7.0,7.67,1.89,10.69,3.1
2019-04-08,0.0,0.0,8.74,3.0,10.25,5.0,0.0,0.0,0.64,0.82
2019-04-09,0.0,0.0,1.65,1.0,55.1,16.0,1.57,0.95,33.33,10.05
2019-04-10,0.0,0.0,2.41,1.0,86.28,11.0,2.28,0.95,2.66,0.98
2019-04-11,8.18,3.0,18.19,7.0,49.13,15.0,1.51,1.62,11.51,3.95
2019-04-12,0.66,2.0,1.13,3.0,20.49,8.0,0.46,1.03,8.03,2.83
2019-04-13,3.2,3.0,7.93,5.0,28.91,11.0,5.39,3.08,9.67,4.16
2019-04-14,0.0,0.0,5.24,4.0,20.32,15.0,1.31,1.85,6.99,5.69
2019-04-15,1.01,1.0,1.01,1.0,32.56,10.0,0.0,0.0,0.17,0.1
2019-04-16,0.0,0.0,0.0,0.0,0.0,0.0,0.0,0.0,0.0,0.0
2019-04-17,0.0,0.0,2.89,2.0,2.89,2.0,0.0,0.0,0.0,0.0
2019-04-18,0.0,0.0,0.53,1.0,4.36,2.0,0.21,0.4,2.53,1.0
2019-04-19,0.0,0.0,9.96,4.0,25.09,10.0,0.96,0.47,0.96,0.48
2019-04-20,0.0,0.0,24.03,4.0,49.13,9.0,8.28,0.96,8.5,0.99
2019-04-21,35.08,4.0,35.08,4.0,95.24,18.0,19.74,2.29,30.28,6.17
2019-04-22,24.26,6.0,65.96,16.0,169.5,25.0,15.61,3.92,97.86,7.64
2019-04-23,9.89,2.0,18.4,5.0,58.87,18.0,0.68,0.38,15.75,6.27
2019-04-24,133.45,9.0,160.68,13.0,168.06,16.0,7.83,0.96,9.56,1.77
2019-04-25,50.75,6.0,82.85,15.0,132.23,22.0,0.03,0.01,3.31,2.74
2019-04-26,76.49,8.0,203.82,22.0,589.76,66.0,117.94,12.85,306.16,28.34
2019-04-27,148.99,24.0,1458.16,107.0,6673.37,318.0,880.66,60.93,5473.87,216.87
2019-04-28,1.89,2.0,171.53,18.0,2357.32,99.0,149.15,9.76,1816.97,59.98
2019-04-29,68.26,6.0,290.24,35.0,464.35,70.0,117.05,15.19,225.66,38.82
2019-04-30,51.78,12.0,419.4,69.0,1276.03,184.0,64.43,13.84,95.19,18.5
2019-05-01,117.22,24.0,330.04,67.0,539.93,118.0,26.62,6.05,62.54,15.33
2019-05-02,4.39,3.0,321.43,39.0,657.96,94.0,35.48,3.72,166.58,24.8
2019-05-03,29.32,5.0,108.56,18.0,248.52,63.0,31.54,6.71,102.39,26.9
2019-05-04,220.02,22.0,2490.42,192.0,3237.03,306.0,1932.94,141.58,2533.46,226.19
2019-05-05,290.88,61.0,1769.52,285.0,4492.2,547.0,985.28,159.89,2548.66,310.47
2019-05-06,292.07,41.0,3375.89,354.0,5884.83,651.0,2358.48,240.29,4340.69,459.27
2019-05-07,114.55,33.0,1651.54,248.0,4205.38,476.0,886.75,141.47,2167.91,232.83
2019-05-08,361.72,65.0,1942.12,313.0,4235.31,693.0,770.02,148.57,1427.57,244.92
2019-05-09,120.49,23.0,1097.82,140.0,4506.39,493.0,572.74,68.22,1705.3,167.34
2019-05-10,202.27,40.0,1195.76,205.0,4188.07,655.0,775.15,114.9,2434.44,321.7
2019-05-11,156.72,24.0,813.68,133.0,2287.04,440.0,476.72,85.08,1422.91,253.98
2019-05-12,59.5,17.0,546.48,103.0,2171.42,439.0,401.4,76.89,1291.39,257.49
2019-05-13,321.84,34.0,1302.78,170.0,5476.91,608.0,908.19,122.73,3966.01,430.12
2019-05-14,46.93,8.0,124.93,25.0,509.81,100.0,59.52,13.39,361.68,65.38
2019-05-15,38.65,8.0,89.98,21.0,257.71,56.0,2.1,0.66,18.01,4.97
2019-05-16,56.71,12.0,166.1,39.0,797.97,166.0,85.26,19.1,577.37,114.84
2019-05-17,67.29,12.0,528.0,61.0,1328.46,186.0,410.03,38.04,956.3,114.36
2019-05-18,38.59,10.0,209.29,40.0,1657.74,299.0,88.77,18.82,877.53,151.63
2019-05-19,62.31,9.0,201.28,31.0,1023.28,186.0,102.14,16.75,427.84,71.16
2019-05-20,110.73,9.0,497.35,78.0,748.8,130.0,228.79,43.7,323.89,63.68
2019-05-21,17.36,6.0,176.15,49.0,904.75,210.0,98.8,25.65,321.06,81.03
2019-05-22,4.55,1.0,128.71,18.0,638.43,129.0,9.68,2.43,38.6,8.49
2019-05-23,45.39,10.0,115.47,25.0,320.56,57.0,67.49,13.87,188.51,32.79
2019-05-24,0.73,1.0,2.26,2.0,109.48,27.0,0.28,0.18,36.64,12.4
2019-05-25,40.49,8.0,109.76,23.0,484.17,100.0,68.38,16.5,321.74,65.48
2019-05-26,30.0,4.0,100.58,14.0,637.23,80.0,64.44,8.68,350.97,45.67
2019-05-27,38.83,7.0,141.58,25.0,636.48,118.0,85.61,15.91,248.97,46.17
2019-05-28,91.42,15.0,122.37,21.0,345.14,72.0,61.2,8.84,105.9,17.84
2019-05-29,11.56,2.0,64.13,12.0,364.03,71.0,19.3,4.12,73.11,13.04
2019-05-30,0.0,0.0,2.64,1.0,141.25,23.0,2.51,0.95,39.45,5.68
2019-05-31,0.0,0.0,6.55,1.0,196.17,27.0,6.49,0.99,44.5,8.02
2019-06-01,7.87,1.0,23.65,5.0,220.28,38.0,7.78,0.99,37.86,7.0
2019-06-02,28.46,3.0,47.84,4.0,106.33,19.0,0.0,0.0,4.0,1.99
2019-06-03,0.46,1.0,106.81,6.0,153.66,23.0,30.44,2.08,33.02,3.63
2019-06-04,8.49,3.0,8.49,3.0,55.61,11.0,0.05,0.01,23.07,3.15
2019-06-05,0.0,0.0,16.54,4.0,39.05,10.0,0.84,0.34,2.56,0.74
2019-06-06,31.4,5.0,44.51,11.0,55.48,14.0,10.73,1.64,17.7,2.64
2019-06-07,0.0,0.0,5.87,1.0,54.03,11.0,0.0,0.0,5.56,1.15
2019-06-08,0.0,0.0,15.75,2.0,67.84,12.0,9.29,1.18,20.02,4.08
2019-06-09,0.0,0.0,6.5,1.0,66.96,22.0,1.27,0.2,14.12,5.07
2019-06-10,5.83,1.0,7.61,2.0,107.59,18.0,0.0,0.0,0.0,0.0
2019-06-11,0.0,0.0,2.49,1.0,30.2,9.0,0.0,0.0,2.62,0.94
2019-06-12,0.0,0.0,0.0,0.0,4.84,2.0,0.0,0.0,1.91,0.47
2019-06-13,2.08,1.0,7.74,3.0,20.02,6.0,0.65,0.57,0.65,0.57
2019-06-14,18.13,5.0,22.21,6.0,82.84,19.0,1.28,1.73,2.92,1.99
2019-06-15,0.0,0.0,0.0,0.0,45.92,6.0,0.0,0.0,0.72,0.14
2019-06-16,0.0,0.0,0.0,0.0,1.76,1.0,0.0,0.0,0.72,0.41
2019-06-17,0.0,0.0,0.0,0.0,0.0,0.0,0.0,0.0,0.0,0.0
2019-06-18,0.57,1.0,0.57,1.0,0.57,1.0,0.0,0.0,0.0,0.0
2019-06-19,7.9,2.0,19.93,3.0,22.14,5.0,8.08,0.67,8.08,0.67
2019-06-20,2.67,2.0,2.67,2.0,7.29,5.0,1.32,1.0,1.32,1.0
2019-06-21,0.0,0.0,0.0,0.0,5.43,3.0,0.0,0.0,0.81,0.68
2019-06-22,2.34,1.0,3.56,2.0,46.68,12.0,3.48,1.95,12.86,4.95
2019-06-23,0.0,0.0,0.0,0.0,30.35,7.0,0.0,0.0,8.05,1.66
2019-06-24,0.0,0.0,9.41,2.0,23.31,5.0,0.0,0.0,3.21,0.77
2019-06-25,0.0,0.0,1.54,1.0,29.19,6.0,0.24,0.16,20.1,3.89
2019-06-26,0.0,0.0,6.78,2.0,12.48,4.0,5.44,1.6,6.02,2.32
2019-06-27,7.66,2.0,7.66,2.0,12.11,4.0,0.0,0.0,0.0,0.0
2019-06-28,0.0,0.0,6.75,2.0,30.87,7.0,0.0,0.0,0.14,0.04
2019-06-29,0.0,0.0,9.47,3.0,48.24,10.0,5.56,2.08,6.02,2.31
2019-06-30,4.84,2.0,15.96,4.0,31.02,7.0,4.27,0.99,4.27,0.99
2019-07-01,0.0,0.0,0.0,0.0,0.0,0.0,0.0,0.0,0.0,0.0
2019-07-02,0.0,0.0,0.0,0.0,3.69,2.0,0.0,0.0,0.0,0.0
2019-07-03,9.62,2.0,9.62,2.0,15.28,4.0,0.0,0.0,0.0,0.0
2019-07-04,0.0,0.0,0.0,0.0,0.0,0.0,0.0,0.0,0.0,0.0
2019-07-05,0.0,0.0,0.0,0.0,0.0,0.0,0.0,0.0,0.0,0.0
2019-07-06,0.0,0.0,0.0,0.0,0.0,0.0,0.0,0.0,0.0,0.0
2019-07-07,0.0,0.0,0.0,0.0,0.0,0.0,0.0,0.0,0.0,0.0
2019-07-08,0.0,0.0,0.0,0.0,0.0,0.0,0.0,0.0,0.0,0.0
2019-07-09,0.0,0.0,0.0,0.0,0.0,0.0,0.0,0.0,0.0,0.0
2019-07-10,0.0,0.0,0.0,0.0,0.0,0.0,0.0,0.0,0.0,0.0
2019-07-11,0.0,0.0,0.0,0.0,4.86,2.0,0.0,0.0,0.0,0.0
2019-07-12,0.0,0.0,0.0,0.0,0.0,0.0,0.0,0.0,0.0,0.0
2019-07-13,0.0,0.0,0.0,0.0,0.0,0.0,0.0,0.0,0.0,0.0
2019-07-14,0.0,0.0,0.0,0.0,0.0,0.0,0.0,0.0,0.0,0.0
2019-07-15,0.0,0.0,0.0,0.0,0.0,0.0,0.0,0.0,0.0,0.0
2019-07-16,0.0,0.0,0.0,0.0,0.0,0.0,0.0,0.0,0.0,0.0
2019-07-17,0.0,0.0,0.0,0.0,0.0,0.0,0.0,0.0,0.0,0.0
2019-07-18,0.0,0.0,0.0,0.0,2.59,1.0,0.0,0.0,0.0,0.0
2019-07-19,0.0,0.0,0.0,0.0,0.0,0.0,0.0,0.0,0.0,0.0
2019-07-20,1.73,2.0,2.78,3.0,2.78,3.0,0.16,0.32,0.16,0.32
2019-07-21,0.0,0.0,0.0,0.0,8.57,2.0,0.0,0.0,0.0,0.0
2019-07-22,0.0,0.0,2.75,1.0,2.75,1.0,0.0,0.0,0.0,0.0
2019-07-23,0.0,0.0,0.0,0.0,6.81,1.0,0.0,0.0,6.54,0.96
2019-07-24,0.0,0.0,0.0,0.0,0.0,0.0,0.0,0.0,0.0,0.0
2019-07-25,0.0,0.0,0.0,0.0,0.0,0.0,0.0,0.0,0.0,0.0
2019-07-26,0.0,0.0,0.0,0.0,0.0,0.0,0.0,0.0,0.0,0.0
2019-07-27,0.0,0.0,0.0,0.0,0.0,0.0,0.0,0.0,0.0,0.0
2019-07-28,0.0,0.0,0.0,0.0,0.0,0.0,0.0,0.0,0.0,0.0
2019-07-29,0.0,0.0,0.0,0.0,0.0,0.0,0.0,0.0,0.0,0.0
2019-07-30,0.0,0.0,0.0,0.0,0.0,0.0,0.0,0.0,0.0,0.0
2019-07-31,0.0,0.0,0.0,0.0,0.0,0.0,0.0,0.0,0.0,0.0
2019-08-01,0.0,0.0,0.0,0.0,0.0,0.0,0.0,0.0,0.0,0.0
2019-08-02,0.0,0.0,0.0,0.0,0.0,0.0,0.0,0.0,0.0,0.0
2019-08-03,0.0,0.0,0.0,0.0,0.0,0.0,0.0,0.0,0.0,0.0
2019-08-04,0.0,0.0,0.0,0.0,2.68,1.0,0.0,0.0,0.0,0.0
2019-08-05,0.0,0.0,0.0,0.0,0.0,0.0,0.0,0.0,0.0,0.0
2019-08-06,0.0,0.0,0.0,0.0,0.0,0.0,0.0,0.0,0.0,0.0
2019-08-07,0.0,0.0,0.0,0.0,0.0,0.0,0.0,0.0,0.0,0.0
2019-08-08,0.0,0.0,0.0,0.0,3.94,1.0,0.0,0.0,0.0,0.0
2019-08-09,2.74,2.0,2.74,2.0,7.26,3.0,0.24,0.17,0.91,0.32
2019-08-10,1.5,1.0,1.5,1.0,1.5,1.0,0.0,0.0,0.0,0.0
2019-08-11,0.0,0.0,0.0,0.0,0.0,0.0,0.0,0.0,0.0,0.0
2019-08-12,0.0,0.0,0.0,0.0,0.0,0.0,0.0,0.0,0.0,0.0
2019-08-13,0.0,0.0,0.0,0.0,0.0,0.0,0.0,0.0,0.0,0.0
2019-08-14,0.0,0.0,0.0,0.0,0.0,0.0,0.0,0.0,0.0,0.0
2019-08-15,0.0,0.0,0.0,0.0,0.0,0.0,0.0,0.0,0.0,0.0
2019-08-16,0.0,0.0,0.0,0.0,0.0,0.0,0.0,0.0,0.0,0.0
2019-08-17,0.0,0.0,0.0,0.0,0.0,0.0,0.0,0.0,0.0,0.0
2019-08-18,0.0,0.0,0.0,0.0,0.0,0.0,0.0,0.0,0.0,0.0
2019-08-19,0.0,0.0,0.0,0.0,0.0,0.0,0.0,0.0,0.0,0.0
2019-08-20,0.0,0.0,0.0,0.0,0.0,0.0,0.0,0.0,0.0,0.0
2019-08-21,0.0,0.0,0.0,0.0,2.18,1.0,0.0,0.0,2.12,0.97
2019-08-22,1.63,2.0,1.63,2.0,1.63,2.0,1.09,0.9,1.09,0.9
2019-08-23,0.0,0.0,0.0,0.0,2.89,2.0,0.0,0.0,0.0,0.0
2019-08-24,0.0,0.0,0.0,0.0,0.0,0.0,0.0,0.0,0.0,0.0
2019-08-25,18.65,6.0,18.65,6.0,18.65,6.0,14.92,4.8,14.92,4.8
2019-08-26,0.0,0.0,0.0,0.0,0.0,0.0,0.0,0.0,0.0,0.0
2019-08-27,0.0,0.0,0.0,0.0,0.0,0.0,0.0,0.0,0.0,0.0
2019-08-28,0.0,0.0,0.0,0.0,0.0,0.0,0.0,0.0,0.0,0.0
2019-08-29,0.0,0.0,0.0,0.0,0.0,0.0,0.0,0.0,0.0,0.0
2019-08-30,0.0,0.0,0.0,0.0,4.74,1.0,0.0,0.0,0.0,0.0
2019-08-31,0.0,0.0,0.0,0.0,0.0,0.0,0.0,0.0,0.0,0.0
2019-09-01,0.0,0.0,0.0,0.0,0.0,0.0,0.0,0.0,0.0,0.0
2019-09-02,2.25,2.0,2.25,2.0,8.57,4.0,0.0,0.0,0.0,0.0
2019-09-03,0.0,0.0,0.0,0.0,6.71,2.0,0.0,0.0,2.22,0.58
2019-09-04,0.0,0.0,0.0,0.0,0.0,0.0,0.0,0.0,0.0,0.0
2019-09-05,0.0,0.0,0.0,0.0,0.0,0.0,0.0,0.0,0.0,0.0
2019-09-06,0.0,0.0,0.0,0.0,0.0,0.0,0.0,0.0,0.0,0.0
2019-09-07,0.0,0.0,0.0,0.0,0.0,0.0,0.0,0.0,0.0,0.0
2019-09-08,2.21,1.0,2.21,1.0,7.38,2.0,2.2,1.0,2.2,1.0
2019-09-09,0.0,0.0,0.0,0.0,0.0,0.0,0.0,0.0,0.0,0.0
2019-09-10,0.0,0.0,0.0,0.0,0.74,1.0,0.0,0.0,0.01,0.02
2019-09-11,0.0,0.0,0.0,0.0,0.0,0.0,0.0,0.0,0.0,0.0
2019-09-12,0.0,0.0,0.0,0.0,0.0,0.0,0.0,0.0,0.0,0.0
2019-09-13,5.63,2.0,11.53,4.0,13.68,5.0,2.23,0.76,2.23,0.76
2019-09-14,0.0,0.0,0.0,0.0,0.0,0.0,0.0,0.0,0.0,0.0
2019-09-15,0.0,0.0,0.0,0.0,1.54,1.0,0.0,0.0,0.0,0.0
2019-09-16,0.0,0.0,0.0,0.0,0.0,0.0,0.0,0.0,0.0,0.0
2019-09-17,0.0,0.0,0.0,0.0,10.68,2.0,0.0,0.0,0.0,0.0
2019-09-18,4.59,3.0,7.73,4.0,28.86,10.0,1.63,0.56,1.63,0.56
2019-09-19,0.0,0.0,1.22,2.0,5.05,6.0,0.0,0.0,2.3,2.4
2019-09-20,0.0,0.0,0.0,0.0,28.95,6.0,0.0,0.0,0.0,0.0
2019-09-21,0.0,0.0,0.0,0.0,23.53,8.0,0.0,0.0,0.0,0.0
2019-09-22,0.0,0.0,0.0,0.0,44.31,7.0,0.0,0.0,0.0,0.0
2019-09-23,2.79,4.0,3.37,5.0,32.61,13.0,0.32,0.72,0.79,1.56
2019-09-24,2.88,4.0,2.88,4.0,135.46,36.0,0.0,0.0,0.0,0.0
2019-09-25,0.0,0.0,10.35,2.0,32.36,10.0,0.0,0.0,0.86,0.83
2019-09-26,0.0,0.0,0.0,0.0,40.21,8.0,0.0,0.0,0.0,0.0
2019-09-27,0.0,0.0,0.0,0.0,53.5,10.0,0.0,0.0,1.98,0.45
2019-09-28,0.0,0.0,0.0,0.0,52.0,11.0,0.0,0.0,0.1,0.02
2019-09-29,1.07,3.0,1.07,3.0,5.33,5.0,0.23,0.61,0.23,0.61
2019-09-30,0.0,0.0,0.0,0.0,24.94,7.0,0.0,0.0,0.61,0.81
2019-10-01,0.0,0.0,0.0,0.0,3.75,2.0,0.0,0.0,0.33,0.41
2019-10-02,0.0,0.0,0.0,0.0,10.2,3.0,0.0,0.0,0.0,0.0
2019-10-03,0.0,0.0,0.0,0.0,53.7,10.0,0.0,0.0,0.25,0.04
2019-10-04,0.96,3.0,0.96,3.0,134.16,36.0,0.54,1.62,94.5,24.75
2019-10-05,3.25,2.0,3.25,2.0,145.55,42.0,1.46,0.94,109.06,30.2
2019-10-06,0.68,1.0,10.26,4.0,109.91,35.0,0.0,0.0,84.84,26.12
2019-10-07,0.42,1.0,0.42,1.0,103.86,23.0,0.39,0.94,66.38,14.18
2019-10-08,0.0,0.0,6.29,2.0,442.43,77.0,0.0,0.0,133.35,21.78
2019-10-09,0.9,2.0,66.45,12.0,447.63,92.0,60.32,8.77,60.66,8.85
2019-10-10,2.81,1.0,32.16,10.0,759.53,194.0,1.06,0.38,10.76,2.33
2019-10-11,0.0,0.0,34.57,9.0,780.68,150.0,14.36,3.43,708.59,130.68
2019-10-12,0.8,1.0,24.66,7.0,414.53,119.0,0.7,0.88,303.9,89.66
2019-10-13,0.0,0.0,63.83,12.0,671.06,162.0,2.87,1.32,503.64,125.59
2019-10-14,0.0,0.0,51.8,14.0,802.46,147.0,0.0,0.0,368.67,69.76
2019-10-15,7.28,3.0,58.88,22.0,1192.14,279.0,8.81,3.13,89.37,22.51
2019-10-16,0.0,0.0,82.22,25.0,868.44,181.0,61.56,18.48,74.81,22.41
2019-10-17,0.0,0.0,32.3,6.0,831.72,135.0,31.91,5.94,38.31,7.32
2019-10-18,0.0,0.0,77.06,13.0,576.03,113.0,10.95,2.07,44.25,8.23
2019-10-19,16.71,4.0,87.46,14.0,1140.82,198.0,0.44,0.37,50.48,10.03
2019-10-20,110.14,26.0,608.99,110.0,2903.37,536.0,8.22,2.27,1886.99,340.01
2019-10-21,31.67,11.0,398.68,72.0,2429.05,418.0,18.63,5.85,1192.09,202.46
2019-10-22,2.44,2.0,133.49,32.0,1082.36,207.0,1.49,0.73,523.33,91.88
2019-10-23,0.0,0.0,136.92,29.0,1259.07,228.0,0.33,0.64,972.96,169.56
2019-10-24,0.6,1.0,235.68,34.0,1646.54,229.0,2.87,0.6,74.1,13.26
2019-10-25,26.75,5.0,306.19,54.0,2017.84,335.0,162.39,29.69,191.43,38.45
2019-10-26,23.26,6.0,409.92,97.0,2694.74,545.0,6.65,1.85,151.56,26.99
2019-10-27,21.28,4.0,361.16,64.0,2756.32,418.0,12.04,3.98,1886.76,269.56
2019-10-28,18.64,3.0,38.07,7.0,1950.97,314.0,0.0,0.0,1469.35,226.24
2019-10-29,0.0,0.0,0.0,0.0,39.52,11.0,0.0,0.0,22.65,6.16
2019-10-30,11.46,1.0,89.73,20.0,3445.23,423.0,0.0,0.0,2241.44,252.58
2019-10-31,0.45,1.0,0.45,1.0,1.84,3.0,0.0,0.0,0.04,0.07
2019-11-01,0.0,0.0,232.32,38.0,753.03,130.0,2.51,0.93,397.4,70.04
2019-11-02,1.98,2.0,12.13,5.0,24.76,7.0,2.92,2.67,2.95,2.67
2019-11-03,1.15,1.0,1.15,1.0,1382.52,240.0,0.87,0.75,934.64,161.36
2019-11-04,22.22,4.0,73.83,15.0,3398.51,504.0,10.99,1.72,2693.08,385.81
2019-11-05,34.26,4.0,124.54,27.0,3509.52,544.0,7.11,1.56,2035.72,295.99
2019-11-06,0.0,0.0,44.35,13.0,3059.05,441.0,4.3,0.64,5.28,0.78
2019-11-07,1.61,1.0,1.61,1.0,2.21,2.0,0.0,0.0,0.0,0.0
2019-11-08,1.61,3.0,34.09,7.0,176.48,38.0,0.51,1.43,94.96,21.83
2019-11-09,5.85,2.0,143.27,20.0,2186.21,278.0,9.41,1.68,1890.86,229.14
2019-11-10,7.22,3.0,118.31,18.0,2032.52,272.0,19.64,2.64,1718.75,221.25
2019-11-11,4.92,3.0,57.84,25.0,662.26,143.0,12.17,6.87,537.5,100.54
2019-11-12,14.52,4.0,97.65,24.0,882.34,172.0,17.15,5.9,752.57,138.93
2019-11-13,1.87,1.0,22.15,6.0,109.65,23.0,7.11,1.49,51.55,8.42
2019-11-14,1.33,2.0,1.33,2.0,3.7,3.0,0.0,0.0,2.23,0.94
2019-11-15,9.98,2.0,45.87,12.0,202.7,48.0,13.02,3.76,144.3,32.63
2019-11-16,10.91,2.0,40.83,16.0,362.28,77.0,16.98,6.55,249.83,47.46
2019-11-17,4.15,2.0,45.3,12.0,575.23,97.0,22.71,4.37,393.39,60.66
2019-11-18,1.05,1.0,32.35,7.0,359.3,56.0,8.46,1.9,180.31,29.36
2019-11-19,14.04,5.0,37.12,8.0,323.87,67.0,4.91,1.35,193.07,38.9
2019-11-20,0.0,0.0,26.93,10.0,251.85,61.0,8.7,2.43,29.61,10.36
2019-11-21,1.3,1.0,20.6,6.0,134.3,36.0,10.48,2.86,39.99,10.43
2019-11-22,3.69,1.0,25.38,8.0,58.29,12.0,7.45,2.18,34.54,4.07
2019-11-23,0.95,2.0,38.84,13.0,65.07,19.0,9.84,2.82,25.5,6.4
2019-11-24,2.55,3.0,10.3,7.0,71.66,25.0,2.62,3.16,48.31,16.45
2019-11-25,10.88,3.0,20.23,7.0,87.72,25.0,12.66,4.04,39.2,12.86
2019-11-26,0.0,0.0,0.0,0.0,23.45,4.0,0.0,0.0,10.46,1.54
2019-11-27,22.63,7.0,36.29,14.0,70.08,26.0,28.42,9.52,60.23,20.79
2019-11-28,0.0,0.0,0.0,0.0,0.0,0.0,0.0,0.0,0.0,0.0
2019-11-29,0.0,0.0,0.0,0.0,5.58,2.0,0.0,0.0,5.55,1.99
2019-11-30,5.52,2.0,17.6,5.0,38.69,13.0,0.03,0.01,1.26,0.53
2019-12-01,0.0,0.0,19.27,8.0,70.49,26.0,0.77,1.37,7.77,2.69
2019-12-02,4.79,2.0,31.76,14.0,142.28,49.0,6.58,2.7,18.84,5.2
2019-12-03,19.19,4.0,113.03,24.0,295.32,74.0,31.97,4.15,49.53,7.64
2019-12-04,0.0,0.0,27.35,6.0,84.44,26.0,15.94,3.62,57.16,15.66
2019-12-05,0.0,0.0,21.42,6.0,35.45,11.0,13.1,3.41,23.29,6.68
2019-12-06,0.59,1.0,60.57,15.0,141.26,34.0,28.3,6.56,86.15,19.32
2019-12-07,3.53,3.0,135.68,37.0,310.78,87.0,78.36,20.0,177.45,48.41
2019-12-08,10.39,5.0,201.16,58.0,383.4,125.0,67.66,16.02,128.36,37.51
2019-12-09,6.63,3.0,60.86,21.0,165.25,50.0,15.09,3.84,35.0,10.31
2019-12-10,25.04,5.0,69.65,16.0,152.76,42.0,17.63,3.6,48.04,9.71
2019-12-11,0.0,0.0,0.0,0.0,8.59,3.0,0.0,0.0,3.33,1.73
2019-12-12,0.0,0.0,0.0,0.0,2.05,1.0,0.0,0.0,2.04,0.99
2019-12-13,0.0,0.0,1.14,1.0,1.14,1.0,0.33,0.29,0.33,0.29
2019-12-14,0.0,0.0,0.0,0.0,0.0,0.0,0.0,0.0,0.0,0.0
2019-12-15,0.0,0.0,2.83,2.0,7.15,3.0,1.37,1.05,1.48,1.07
2019-12-16,0.0,0.0,0.0,0.0,0.0,0.0,0.0,0.0,0.0,0.0
2019-12-17,0.0,0.0,0.0,0.0,4.61,1.0,0.0,0.0,0.0,0.0
2019-12-18,10.85,5.0,52.71,17.0,57.56,19.0,22.44,5.59,22.44,5.59
2019-12-19,0.0,0.0,0.0,0.0,0.0,0.0,0.0,0.0,0.0,0.0
2019-12-20,3.57,1.0,3.57,1.0,21.95,7.0,1.59,0.45,9.59,3.02
2019-12-21,0.0,0.0,0.0,0.0,0.0,0.0,0.0,0.0,0.0,0.0
2019-12-22,0.0,0.0,4.68,1.0,52.42,11.0,0.0,0.0,1.02,0.16
2019-12-23,0.0,0.0,32.95,13.0,60.63,21.0,6.74,2.52,13.83,5.15
2019-12-24,15.51,5.0,171.1,54.0,303.23,97.0,114.4,34.51,171.37,53.64
2019-12-25,0.0,0.0,0.0,0.0,0.0,0.0,0.0,0.0,0.0,0.0
2019-12-26,0.0,0.0,0.0,0.0,3.91,1.0,0.0,0.0,3.91,1.0
2019-12-27,0.0,0.0,10.09,5.0,29.14,11.0,4.35,1.77,6.42,2.42
2019-12-28,0.0,0.0,10.08,3.0,14.29,5.0,2.16,0.6,5.96,2.41
2019-12-29,15.86,6.0,93.38,29.0,171.85,56.0,30.63,10.66,89.05,28.96
2019-12-30,0.0,0.0,0.0,0.0,0.0,0.0,0.0,0.0,0.0,0.0
2019-12-31,11.27,5.0,50.56,18.0,66.5,23.0,21.37,5.41,25.45,6.95
2020-01-01,0.0,0.0,0.65,1.0,0.65,1.0,0.01,0.01,0.01,0.01
2020-01-02,5.9,2.0,43.53,10.0,62.57,15.0,14.44,3.37,19.09,4.48
2020-01-03,8.23,3.0,56.15,23.0,121.52,42.0,34.78,15.19,72.68,26.51
2020-01-04,3.51,2.0,47.47,18.0,102.4,38.0,22.27,8.31,29.21,10.72
2020-01-05,8.77,2.0,92.62,14.0,115.83,21.0,2.87,0.71,6.76,1.44
2020-01-06,0.0,0.0,0.0,0.0,0.0,0.0,0.0,0.0,0.0,0.0
2020-01-07,0.0,0.0,0.0,0.0,128.3,3.0,0.0,0.0,0.0,0.0
2020-01-08,0.0,0.0,0.62,1.0,3.69,2.0,0.56,0.91,0.56,0.91
2020-01-09,0.0,0.0,0.0,0.0,0.0,0.0,0.0,0.0,0.0,0.0
2020-01-10,0.0,0.0,2.12,1.0,5.57,4.0,0.0,0.0,1.8,1.29
2020-01-11,5.73,2.0,40.27,13.0,51.56,19.0,22.91,6.9,22.91,6.9
2020-01-12,18.0,3.0,37.76,11.0,50.46,14.0,1.73,2.14,1.97,2.18
2020-01-13,4.45,2.0,8.93,3.0,8.93,3.0,5.76,1.64,5.76,1.64
2020-01-14,0.0,0.0,15.35,6.0,37.54,15.0,0.65,0.45,2.08,1.1
2020-01-15,0.0,0.0,18.96,4.0,25.27,6.0,13.99,2.59,15.49,3.21
2020-01-16,0.0,0.0,0.0,0.0,0.0,0.0,0.0,0.0,0.0,0.0
2020-01-17,0.0,0.0,0.0,0.0,0.0,0.0,0.0,0.0,0.0,0.0
2020-01-18,0.0,0.0,9.44,2.0,11.61,3.0,5.19,1.1,5.19,1.1
2020-01-19,0.0,0.0,0.0,0.0,5.21,2.0,0.0,0.0,0.0,0.0
2020-01-20,0.0,0.0,12.13,2.0,12.13,2.0,10.2,1.66,10.2,1.66
2020-01-21,0.0,0.0,0.0,0.0,5.16,1.0,0.0,0.0,0.0,0.0
2020-01-22,4.23,2.0,6.04,3.0,37.25,11.0,0.29,0.14,1.55,0.88
2020-01-23,9.69,2.0,35.33,10.0,55.89,16.0,13.63,3.96,26.85,7.29
2020-01-24,17.99,5.0,70.33,18.0,111.39,31.0,9.31,3.54,19.93,4.56
2020-01-25,7.75,4.0,92.04,24.0,124.94,33.0,40.71,10.35,45.18,11.32
2020-01-26,3.01,1.0,57.03,15.0,107.19,31.0,9.39,2.23,25.57,5.27
2020-01-27,0.0,0.0,7.74,2.0,46.95,12.0,3.14,0.86,11.49,3.97
2020-01-28,0.0,0.0,0.0,0.0,1.25,1.0,0.0,0.0,1.18,0.94
2020-01-29,3.94,3.0,169.36,6.0,174.32,10.0,1.34,1.89,1.69,2.62
2020-01-30,9.87,5.0,32.61,11.0,72.62,24.0,7.74,3.4,17.96,6.4
2020-01-31,6.7,3.0,17.18,6.0,33.61,11.0,5.91,2.32,6.72,3.03
2020-02-01,0.0,0.0,21.74,7.0,35.01,11.0,14.24,4.53,16.04,5.34
2020-02-02,15.21,4.0,68.24,16.0,118.27,32.0,13.29,4.64,17.64,6.39
2020-02-03,3.72,1.0,35.64,13.0,120.52,32.0,9.47,3.87,24.83,7.87
2020-02-04,11.08,1.0,60.96,20.0,132.08,46.0,32.17,11.67,65.87,22.74
2020-02-05,0.7,1.0,7.07,3.0,80.62,24.0,0.84,0.93,24.36,6.15
2020-02-06,11.93,4.0,86.95,20.0,127.93,33.0,27.34,6.93,38.69,10.88
2020-02-07,10.8,2.0,58.53,13.0,100.47,26.0,23.77,4.81,30.33,7.33
2020-02-08,0.0,0.0,29.05,9.0,90.29,24.0,12.19,4.38,28.55,8.3
2020-02-09,4.15,4.0,74.49,22.0,222.12,58.0,12.41,6.17,35.73,13.31
2020-02-10,0.75,1.0,44.85,17.0,183.76,54.0,15.96,4.39,56.4,10.9
2020-02-11,2.51,1.0,49.24,17.0,131.63,32.0,13.22,4.34,34.95,9.85
2020-02-12,0.0,0.0,5.75,2.0,145.96,30.0,0.0,0.0,11.53,2.61
2020-02-13,9.85,3.0,43.57,8.0,194.22,28.0,6.68,1.88,15.79,3.7
2020-02-14,1.43,3.0,10.03,6.0,73.4,22.0,7.68,4.27,16.9,7.15
2020-02-15,16.86,6.0,77.95,20.0,217.43,57.0,0.73,0.96,28.38,6.6
2020-02-16,0.0,0.0,50.01,15.0,171.97,43.0,16.89,5.35,36.63,9.16
2020-02-17,21.45,6.0,44.72,14.0,114.28,34.0,7.2,2.93,14.5,5.76
2020-02-18,4.44,3.0,24.68,9.0,85.96,30.0,4.6,2.4,5.06,2.58
2020-02-19,0.0,0.0,12.98,4.0,202.63,16.0,2.96,0.99,7.01,1.11
2020-02-20,0.0,0.0,29.28,11.0,125.12,37.0,8.57,4.31,28.48,10.38
2020-02-21,0.0,0.0,0.0,0.0,0.0,0.0,0.0,0.0,0.0,0.0
2020-02-22,0.0,0.0,8.95,1.0,24.29,5.0,1.75,0.2,1.88,0.82
2020-02-23,0.0,0.0,6.83,2.0,17.73,5.0,4.3,1.23,9.35,2.23
2020-02-24,0.64,1.0,17.38,7.0,69.84,16.0,8.35,3.68,34.29,7.26
2020-02-25,5.81,3.0,24.8,8.0,98.13,26.0,7.9,1.48,45.53,9.7
2020-02-26,15.91,8.0,56.87,24.0,138.06,50.0,4.31,1.8,13.63,5.86
2020-02-27,0.0,0.0,2.8,1.0,17.2,4.0,0.0,0.0,0.0,0.0
2020-02-28,0.0,0.0,6.51,4.0,20.54,10.0,1.28,1.01,2.82,1.58
2020-02-29,0.0,0.0,0.0,0.0,21.18,3.0,0.0,0.0,0.0,0.0
2020-03-01,1.14,2.0,1.14,2.0,10.29,5.0,0.03,0.06,3.11,2.08
2020-03-02,4.29,4.0,6.95,5.0,197.61,35.0,4.64,3.07,77.45,18.35
2020-03-03,6.35,1.0,29.95,7.0,116.84,27.0,9.99,2.15,76.78,15.75
2020-03-04,2.91,1.0,53.88,15.0,81.41,23.0,0.0,0.0,3.84,0.79
2020-03-05,0.0,0.0,0.0,0.0,18.39,4.0,0.0,0.0,8.06,1.26
2020-03-06,0.0,0.0,0.0,0.0,0.0,0.0,0.0,0.0,0.0,0.0
2020-03-07,0.0,0.0,0.0,0.0,0.0,0.0,0.0,0.0,0.0,0.0
2020-03-08,1.09,2.0,1.09,2.0,72.01,8.0,0.86,1.5,5.14,2.74
2020-03-09,0.0,0.0,3.9,1.0,43.16,11.0,0.0,0.0,2.68,0.95
2020-03-10,0.0,0.0,40.8,9.0,85.87,24.0,0.0,0.0,3.3,1.36
2020-03-11,0.0,0.0,3.87,1.0,11.9,3.0,0.0,0.0,0.01,0.0
2020-03-12,8.81,2.0,11.81,4.0,30.88,8.0,3.24,0.96,6.38,1.56
2020-03-13,1.87,1.0,17.34,6.0,21.09,7.0,3.39,1.37,3.39,1.37
2020-03-14,4.78,3.0,4.78,3.0,4.78,3.0,1.99,1.21,1.99,1.21
2020-03-15,19.15,5.0,36.39,11.0,46.77,16.0,3.53,1.04,4.29,1.44
2020-03-16,0.6,1.0,8.3,4.0,8.3,4.0,1.8,1.18,1.8,1.18
2020-03-17,1.27,4.0,10.36,7.0,71.42,25.0,0.25,1.11,6.86,3.04
2020-03-18,2.58,3.0,40.26,9.0,96.34,29.0,17.76,2.97,33.07,8.05
2020-03-19,0.0,0.0,29.9,4.0,52.18,12.0,11.05,2.45,19.55,5.57
2020-03-20,0.0,0.0,5.25,2.0,31.45,8.0,0.0,0.0,12.15,2.63
2020-03-21,0.42,1.0,7.41,4.0,18.45,7.0,3.08,1.37,10.74,3.29
2020-03-22,0.0,0.0,5.62,2.0,15.07,5.0,1.74,0.75,10.85,3.35
2020-03-23,2.79,1.0,7.97,3.0,40.33,12.0,4.7,1.99,22.48,7.19
2020-03-24,3.35,1.0,12.61,3.0,42.13,11.0,3.15,0.94,4.55,1.29
2020-03-25,0.0,0.0,3.61,1.0,17.67,5.0,0.0,0.0,2.22,0.83
2020-03-26,0.0,0.0,0.0,0.0,0.0,0.0,0.0,0.0,0.0,0.0
2020-03-27,0.0,0.0,0.0,0.0,0.0,0.0,0.0,0.0,0.0,0.0
2020-03-28,0.0,0.0,5.41,2.0,13.42,4.0,0.0,0.0,3.83,0.66
2020-03-29,8.12,2.0,33.75,6.0,62.19,15.0,17.71,2.11,27.83,5.06
2020-03-30,2.7,1.0,5.18,2.0,38.31,8.0,1.51,0.61,3.56,1.15
2020-03-31,0.0,0.0,11.95,3.0,23.25,6.0,0.34,0.06,3.08,1.05
2020-04-01,0.0,0.0,5.03,1.0,26.43,7.0,0.12,0.02,9.07,2.59
2020-04-02,0.0,0.0,18.99,6.0,32.9,10.0,5.0,1.79,8.99,3.41
2020-04-03,8.82,3.0,43.97,10.0,85.12,25.0,19.18,3.34,26.54,4.95
2020-04-04,8.96,3.0,8.96,3.0,34.71,13.0,0.21,0.06,8.76,4.08
2020-04-05,0.7,1.0,3.15,2.0,5.9,4.0,2.94,1.8,5.33,3.54
2020-04-06,0.0,0.0,0.0,0.0,11.59,3.0,0.0,0.0,6.5,1.33
2020-04-07,1.79,1.0,4.66,2.0,10.52,4.0,0.53,0.18,1.48,0.81
2020-04-08,13.57,3.0,28.86,7.0,65.86,14.0,9.57,2.49,17.58,3.2
2020-04-09,0.0,0.0,9.17,3.0,26.62,6.0,0.96,0.29,1.57,0.56
2020-04-10,0.0,0.0,9.11,3.0,22.64,8.0,0.08,0.05,12.66,4.45
2020-04-11,0.0,0.0,18.42,4.0,23.6,6.0,1.0,1.0,3.29,1.89
2020-04-12,0.6,1.0,1.34,2.0,10.92,5.0,1.05,1.58,1.17,1.78
2020-04-13,0.0,0.0,15.79,3.0,98.7,8.0,0.0,0.0,0.0,0.0
2020-04-14,0.0,0.0,6.84,1.0,29.47,11.0,0.09,0.01,4.58,2.36
2020-04-15,3.32,1.0,14.34,4.0,16.19,6.0,3.21,0.98,4.91,2.81
2020-04-16,0.0,0.0,1.09,1.0,14.03,5.0,0.0,0.0,1.81,0.57
2020-04-17,0.0,0.0,16.82,2.0,58.95,8.0,0.0,0.0,6.33,1.69
2020-04-18,0.71,1.0,0.71,1.0,12.51,4.0,0.0,0.0,3.92,0.82
2020-04-19,6.12,2.0,11.91,6.0,20.7,7.0,2.66,2.24,2.66,2.24
2020-04-20,8.92,2.0,18.22,5.0,25.34,7.0,4.24,1.02,8.38,2.2
2020-04-21,2.51,1.0,2.51,1.0,23.34,7.0,0.0,0.0,5.69,2.12
2020-04-22,3.32,1.0,61.13,12.0,82.48,16.0,1.63,0.46,4.89,1.27
2020-04-23,0.0,0.0,0.0,0.0,24.72,6.0,0.0,0.0,0.0,0.0
2020-04-24,69.85,10.0,197.45,35.0,326.72,63.0,23.99,5.96,85.43,19.01
2020-04-25,47.63,5.0,57.71,8.0,131.64,17.0,30.88,2.82,37.07,3.52
2020-04-26,6.12,3.0,20.59,5.0,27.11,6.0,14.43,3.43,19.02,4.14
2020-04-27,22.11,5.0,78.21,21.0,98.57,26.0,10.1,2.21,11.91,2.88
2020-04-28,3.33,1.0,52.4,11.0,102.71,23.0,33.75,5.68,47.8,7.54
2020-04-29,104.16,18.0,317.28,51.0,511.1,93.0,89.85,13.09,107.14,18.28
2020-04-30,3.47,2.0,93.71,12.0,203.4,29.0,39.15,4.82,71.73,8.45
2020-05-01,75.71,13.0,174.49,40.0,356.71,75.0,27.54,7.63,32.84,9.36
2020-05-02,17.57,6.0,145.16,31.0,237.3,54.0,50.41,9.25,59.15,12.51
2020-05-03,0.94,1.0,10.75,4.0,80.59,24.0,0.0,0.0,3.71,1.47
2020-05-04,66.07,8.0,156.87,23.0,166.22,25.0,13.13,1.9,13.14,1.9
2020-05-05,32.66,8.0,254.76,43.0,368.58,75.0,32.33,7.36,69.31,17.18
2020-05-06,0.0,0.0,0.0,0.0,47.46,16.0,0.0,0.0,6.54,1.57
2020-05-07,294.49,57.0,951.97,197.0,1371.22,312.0,45.26,12.61,54.92,14.34
2020-05-08,415.13,83.0,1206.74,263.0,1745.9,417.0,125.43,32.04,130.39,33.01
2020-05-09,137.81,24.0,872.16,118.0,1672.64,255.0,46.69,7.39,140.77,20.72
2020-05-10,2.7,2.0,8.69,5.0,8.69,5.0,0.0,0.0,0.0,0.0
2020-05-11,0.0,0.0,7.73,5.0,315.96,68.0,0.0,0.0,0.0,0.0
2020-05-12,58.5,14.0,655.31,119.0,1658.32,346.0,29.09,6.17,34.92,7.84
2020-05-13,7.01,1.0,7.01,1.0,11.96,3.0,6.99,1.0,8.01,1.36
2020-05-14,138.69,26.0,961.95,148.0,2393.35,342.0,331.13,59.42,761.44,126.29
2020-05-15,102.68,15.0,782.82,119.0,2319.34,345.0,596.1,89.48,1897.37,281.28
2020-05-16,54.87,8.0,380.15,40.0,1400.46,153.0,317.24,30.87,1251.64,130.53
2020-05-17,240.62,22.0,476.19,59.0,2128.3,351.0,195.17,31.69,1597.77,269.84
2020-05-18,41.57,11.0,600.31,106.0,2320.99,409.0,526.57,89.49,2025.96,347.89
2020-05-19,31.49,5.0,429.38,50.0,2170.55,258.0,342.62,38.12,1908.35,222.09
2020-05-20,32.46,6.0,172.86,23.0,1054.27,131.0,111.98,16.5,733.73,91.66
2020-05-21,35.86,7.0,83.44,15.0,282.75,39.0,25.89,4.21,130.4,14.75
2020-05-22,9.04,1.0,76.02,10.0,541.18,65.0,0.0,0.0,11.28,1.76
2020-05-23,5.49,1.0,65.35,9.0,409.73,85.0,0.0,0.0,12.16,2.68
2020-05-24,6.95,2.0,52.03,8.0,508.13,101.0,38.93,5.32,330.47,62.68
2020-05-25,16.54,5.0,170.74,24.0,510.42,74.0,93.69,10.57,210.05,26.46
2020-05-26,0.0,0.0,28.68,5.0,160.44,30.0,13.3,2.87,68.04,10.92
2020-05-27,4.37,1.0,4.37,1.0,75.36,14.0,1.81,0.41,44.62,7.58
2020-05-28,2.24,1.0,2.24,1.0,132.31,26.0,0.0,0.0,23.92,3.27
2020-05-29,0.0,0.0,0.0,0.0,4.57,1.0,0.0,0.0,0.0,0.0
2020-05-30,0.0,0.0,0.0,0.0,11.69,3.0,0.0,0.0,0.0,0.0
2020-05-31,0.0,0.0,0.41,1.0,21.58,4.0,0.0,0.0,8.23,1.01
2020-06-01,0.0,0.0,0.0,0.0,0.0,0.0,0.0,0.0,0.0,0.0
2020-06-02,4.84,2.0,4.84,2.0,48.81,9.0,0.0,0.0,1.02,0.36
2020-06-03,0.0,0.0,6.04,2.0,6.04,2.0,0.72,0.24,0.72,0.24
2020-06-04,0.0,0.0,0.0,0.0,1.97,2.0,0.0,0.0,0.0,0.0
2020-06-05,5.95,2.0,21.63,5.0,25.1,6.0,6.32,1.0,6.32,1.0
2020-06-06,0.0,0.0,0.0,0.0,5.58,1.0,0.0,0.0,0.0,0.0
2020-06-07,0.0,0.0,0.0,0.0,0.0,0.0,0.0,0.0,0.0,0.0
2020-06-08,1.36,1.0,1.36,1.0,5.77,2.0,0.0,0.0,0.03,0.01
2020-06-09,0.0,0.0,0.0,0.0,0.0,0.0,0.0,0.0,0.0,0.0
2020-06-10,0.0,0.0,5.99,1.0,10.21,2.0,4.79,0.8,6.86,1.29
2020-06-11,0.74,1.0,0.74,1.0,11.76,4.0,0.01,0.01,6.21,1.66
2020-06-12,0.0,0.0,0.0,0.0,0.0,0.0,0.0,0.0,0.0,0.0
2020-06-13,0.0,0.0,0.0,0.0,5.87,2.0,0.0,0.0,0.0,0.0
2020-06-14,3.33,2.0,3.33,2.0,5.46,3.0,0.0,0.0,2.12,0.99
2020-06-15,0.0,0.0,0.0,0.0,1.62,1.0,0.0,0.0,0.0,0.0
2020-06-16,1.41,1.0,35.58,5.0,82.2,13.0,2.19,0.33,4.87,1.05
2020-06-17,5.83,1.0,5.83,1.0,8.41,2.0,0.0,0.0,0.0,0.0
2020-06-18,3.38,3.0,19.09,6.0,60.3,16.0,0.31,0.42,0.31,0.42
2020-06-19,0.0,0.0,0.0,0.0,0.0,0.0,0.0,0.0,0.0,0.0
2020-06-20,6.82,1.0,6.82,1.0,10.42,2.0,0.0,0.0,0.0,0.0
2020-06-21,0.58,1.0,0.58,1.0,6.8,3.0,0.15,0.26,0.15,0.26
2020-06-22,0.0,0.0,0.0,0.0,7.3,3.0,0.0,0.0,5.27,1.91
2020-06-23,0.0,0.0,0.0,0.0,9.06,1.0,0.0,0.0,0.0,0.0
2020-06-24,0.0,0.0,0.0,0.0,0.0,0.0,0.0,0.0,0.0,0.0
2020-06-25,0.0,0.0,0.0,0.0,0.0,0.0,0.0,0.0,0.0,0.0
2020-06-26,3.98,2.0,3.98,2.0,3.98,2.0,0.14,0.07,0.14,0.07
2020-06-27,0.7,1.0,4.79,2.0,4.79,2.0,1.18,0.3,1.18,0.3
2020-06-28,0.0,0.0,4.57,1.0,4.57,1.0,2.08,0.46,2.08,0.46
2020-06-29,0.0,0.0,0.0,0.0,0.0,0.0,0.0,0.0,0.0,0.0
2020-06-30,0.0,0.0,0.0,0.0,0.0,0.0,0.0,0.0,0.0,0.0
2020-07-01,0.0,0.0,0.0,0.0,2.34,1.0,0.0,0.0,0.0,0.0
2020-07-02,7.15,3.0,11.08,4.0,13.86,5.0,5.78,1.99,5.78,1.99
2020-07-03,0.0,0.0,0.0,0.0,0.0,0.0,0.0,0.0,0.0,0.0
2020-07-04,0.0,0.0,3.06,1.0,3.06,1.0,0.0,0.0,0.0,0.0
2020-07-05,0.0,0.0,0.0,0.0,0.47,1.0,0.0,0.0,0.37,0.78
2020-07-06,0.0,0.0,0.0,0.0,0.0,0.0,0.0,0.0,0.0,0.0
2020-07-07,0.0,0.0,0.0,0.0,3.04,1.0,0.0,0.0,0.0,0.0
2020-07-08,3.54,1.0,3.54,1.0,3.54,1.0,0.0,0.0,0.0,0.0
2020-07-09,0.0,0.0,0.0,0.0,0.0,0.0,0.0,0.0,0.0,0.0
2020-07-10,0.0,0.0,0.0,0.0,0.0,0.0,0.0,0.0,0.0,0.0
2020-07-11,0.0,0.0,0.0,0.0,0.0,0.0,0.0,0.0,0.0,0.0
2020-07-12,0.69,1.0,0.69,1.0,2.63,2.0,0.0,0.0,0.0,0.0
2020-07-13,0.0,0.0,2.96,1.0,8.89,3.0,0.0,0.0,0.0,0.0
2020-07-14,1.51,1.0,5.24,2.0,8.82,3.0,1.49,0.4,1.6,0.43
2020-07-15,4.61,1.0,4.61,1.0,5.65,2.0,0.0,0.0,1.04,1.0
2020-07-16,0.0,0.0,0.0,0.0,0.0,0.0,0.0,0.0,0.0,0.0
2020-07-17,0.0,0.0,0.0,0.0,2.99,1.0,0.0,0.0,2.72,0.91
2020-07-18,0.82,1.0,0.82,1.0,0.82,1.0,0.29,0.35,0.29,0.35
2020-07-19,0.0,0.0,0.0,0.0,0.0,0.0,0.0,0.0,0.0,0.0
2020-07-20,0.0,0.0,0.0,0.0,3.76,1.0,0.0,0.0,0.08,0.02
2020-07-21,0.0,0.0,0.0,0.0,0.0,0.0,0.0,0.0,0.0,0.0
2020-07-22,2.2,2.0,2.2,2.0,2.2,2.0,0.03,0.02,0.03,0.02
2020-07-23,0.0,0.0,0.0,0.0,4.37,2.0,0.0,0.0,1.55,0.41
2020-07-24,1.85,1.0,1.85,1.0,3.46,2.0,0.11,0.06,1.65,1.02
2020-07-25,0.0,0.0,0.0,0.0,0.0,0.0,0.0,0.0,0.0,0.0
2020-07-26,0.0,0.0,0.0,0.0,2.92,1.0,0.0,0.0,0.91,0.31
2020-07-27,0.0,0.0,0.0,0.0,0.0,0.0,0.0,0.0,0.0,0.0
2020-07-28,0.0,0.0,0.0,0.0,0.0,0.0,0.0,0.0,0.0,0.0
2020-07-29,0.0,0.0,0.0,0.0,0.0,0.0,0.0,0.0,0.0,0.0
2020-07-30,0.0,0.0,0.0,0.0,0.0,0.0,0.0,0.0,0.0,0.0
2020-07-31,0.0,0.0,0.0,0.0,0.0,0.0,0.0,0.0,0.0,0.0
2020-08-01,0.0,0.0,0.0,0.0,5.61,3.0,0.0,0.0,1.86,0.99
2020-08-02,0.0,0.0,0.0,0.0,0.0,0.0,0.0,0.0,0.0,0.0
2020-08-03,0.0,0.0,0.0,0.0,0.0,0.0,0.0,0.0,0.0,0.0
2020-08-04,0.0,0.0,0.0,0.0,0.0,0.0,0.0,0.0,0.0,0.0
2020-08-05,0.0,0.0,0.0,0.0,0.0,0.0,0.0,0.0,0.0,0.0
2020-08-06,0.0,0.0,0.0,0.0,0.0,0.0,0.0,0.0,0.0,0.0
2020-08-07,0.0,0.0,0.0,0.0,0.0,0.0,0.0,0.0,0.0,0.0
2020-08-08,0.0,0.0,1.65,1.0,13.83,3.0,0.23,0.14,0.63,0.21
2020-08-09,0.0,0.0,0.0,0.0,0.0,0.0,0.0,0.0,0.0,0.0
2020-08-10,0.0,0.0,0.0,0.0,0.0,0.0,0.0,0.0,0.0,0.0
2020-08-11,0.0,0.0,0.0,0.0,0.0,0.0,0.0,0.0,0.0,0.0
2020-08-12,0.0,0.0,0.0,0.0,0.0,0.0,0.0,0.0,0.0,0.0
2020-08-13,0.0,0.0,0.0,0.0,0.0,0.0,0.0,0.0,0.0,0.0
2020-08-14,1.05,1.0,1.05,1.0,1.05,1.0,1.05,1.0,1.05,1.0
2020-08-15,0.0,0.0,1.8,1.0,1.8,1.0,0.4,0.22,0.4,0.22
2020-08-16,0.0,0.0,0.0,0.0,0.0,0.0,0.0,0.0,0.0,0.0
2020-08-17,0.0,0.0,0.0,0.0,6.69,2.0,0.0,0.0,0.0,0.0
2020-08-18,0.0,0.0,0.0,0.0,0.0,0.0,0.0,0.0,0.0,0.0
2020-08-19,0.0,0.0,0.0,0.0,0.0,0.0,0.0,0.0,0.0,0.0
2020-08-20,0.0,0.0,0.0,0.0,0.0,0.0,0.0,0.0,0.0,0.0
2020-08-21,1.08,2.0,1.08,2.0,4.56,4.0,0.49,0.96,3.9,2.92
2020-08-22,0.0,0.0,0.0,0.0,0.0,0.0,0.0,0.0,0.0,0.0
2020-08-23,0.0,0.0,2.24,1.0,2.24,1.0,0.0,0.0,0.0,0.0
2020-08-24,1.83,1.0,2.4,2.0,5.42,4.0,0.0,0.0,0.0,0.0
2020-08-25,0.0,0.0,0.0,0.0,1.2,2.0,0.0,0.0,0.02,0.03
2020-08-26,0.0,0.0,0.0,0.0,4.21,1.0,0.0,0.0,0.0,0.0
2020-08-27,0.0,0.0,0.0,0.0,0.0,0.0,0.0,0.0,0.0,0.0
2020-08-28,0.0,0.0,0.0,0.0,0.71,1.0,0.0,0.0,0.0,0.0
2020-08-29,3.64,3.0,3.64,3.0,3.64,3.0,0.77,1.06,0.77,1.06
2020-08-30,8.15,1.0,8.15,1.0,10.56,2.0,0.0,0.0,0.0,0.0
2020-08-31,0.0,0.0,0.0,0.0,3.76,1.0,0.0,0.0,0.0,0.0
2020-09-01,0.0,0.0,0.0,0.0,0.0,0.0,0.0,0.0,0.0,0.0
2020-09-02,0.0,0.0,0.0,0.0,0.0,0.0,0.0,0.0,0.0,0.0
2020-09-03,0.0,0.0,0.0,0.0,0.0,0.0,0.0,0.0,0.0,0.0
2020-09-04,3.16,1.0,3.16,1.0,12.32,3.0,3.06,0.97,3.06,0.97
2020-09-05,0.0,0.0,0.0,0.0,0.0,0.0,0.0,0.0,0.0,0.0
2020-09-06,0.7,1.0,0.7,1.0,6.48,2.0,0.37,0.53,4.12,1.18
2020-09-07,0.0,0.0,0.0,0.0,2.66,3.0,0.0,0.0,1.54,0.95
2020-09-08,0.6,1.0,0.9,2.0,0.9,2.0,0.03,0.09,0.03,0.09
2020-09-09,1.84,1.0,1.84,1.0,1.84,1.0,1.1,0.6,1.1,0.6
2020-09-10,4.85,2.0,4.85,2.0,6.93,3.0,0.03,0.02,0.03,0.02
2020-09-11,0.0,0.0,0.0,0.0,0.0,0.0,0.0,0.0,0.0,0.0
2020-09-12,1.73,2.0,1.73,2.0,2.86,3.0,0.0,0.01,0.83,0.74
2020-09-13,0.0,0.0,0.0,0.0,9.88,2.0,0.0,0.0,5.66,1.15
2020-09-14,3.28,3.0,3.28,3.0,5.2,4.0,0.0,0.0,0.0,0.0
2020-09-15,0.0,0.0,2.63,1.0,7.19,2.0,0.0,0.0,3.63,0.8
2020-09-16,4.28,1.0,4.28,1.0,12.96,3.0,4.28,1.0,4.97,1.15
2020-09-17,0.0,0.0,1.18,1.0,62.58,6.0,0.31,0.26,10.66,1.1
2020-09-18,0.0,0.0,0.0,0.0,0.0,0.0,0.0,0.0,0.0,0.0
2020-09-19,0.62,1.0,0.62,1.0,0.62,1.0,0.0,0.0,0.0,0.0
2020-09-20,11.01,3.0,14.28,5.0,57.05,16.0,11.28,3.84,51.25,13.09
2020-09-21,5.29,1.0,7.98,2.0,14.56,5.0,4.16,1.18,7.76,2.08
2020-09-22,4.35,2.0,7.91,3.0,10.3,4.0,2.19,0.88,2.19,0.88
2020-09-23,0.0,0.0,3.38,1.0,3.38,1.0,0.92,0.27,0.92,0.27
2020-09-24,2.53,3.0,2.53,3.0,12.42,6.0,0.51,0.51,2.34,1.85
2020-09-25,0.6,1.0,8.48,4.0,131.12,27.0,0.09,0.15,37.8,7.4
2020-09-26,0.0,0.0,0.0,0.0,39.19,14.0,0.0,0.0,5.81,2.51
2020-09-27,4.73,2.0,18.41,6.0,72.91,21.0,4.23,1.06,17.76,5.51
2020-09-28,0.39,1.0,5.28,2.0,33.79,9.0,0.43,0.53,17.66,4.87
2020-09-29,0.0,0.0,0.0,0.0,97.23,26.0,0.0,0.0,55.13,15.3
2020-09-30,3.32,3.0,39.65,11.0,213.31,56.0,12.16,3.69,100.99,25.8
2020-10-01,0.89,1.0,17.52,7.0,145.1,46.0,1.16,0.66,58.65,18.5
2020-10-02,3.31,1.0,14.34,5.0,254.58,60.0,3.69,1.05,112.2,25.69
2020-10-03,2.74,3.0,2.74,3.0,92.88,19.0,0.25,0.58,66.38,10.49
2020-10-04,9.0,3.0,9.0,3.0,249.32,60.0,3.34,1.33,120.35,28.74
2020-10-05,1.44,2.0,13.99,5.0,193.18,37.0,3.88,2.29,108.73,21.06
2020-10-06,1.86,2.0,22.01,11.0,291.48,87.0,3.93,3.1,135.56,40.51
2020-10-07,8.66,6.0,30.17,10.0,354.14,109.0,15.63,5.09,169.28,48.49
2020-10-08,1.54,2.0,71.82,9.0,300.07,59.0,0.3,0.4,126.43,25.97
2020-10-09,0.0,0.0,0.0,0.0,180.15,43.0,0.0,0.0,138.37,31.55
2020-10-10,0.78,1.0,22.7,8.0,495.37,89.0,2.37,0.83,186.77,29.57
2020-10-11,2.18,1.0,18.55,7.0,835.29,181.0,7.24,1.42,645.18,139.41
2020-10-12,8.76,5.0,27.79,13.0,557.35,157.0,1.57,2.07,76.31,26.79
2020-10-13,0.0,0.0,0.89,1.0,476.51,88.0,0.32,0.36,26.78,4.55
2020-10-14,1.79,2.0,10.59,9.0,344.61,89.0,1.32,1.43,19.46,6.18
2020-10-15,3.22,2.0,48.59,11.0,828.16,206.0,30.14,4.82,569.55,136.94
2020-10-16,16.76,9.0,43.34,18.0,819.93,163.0,15.76,6.36,614.38,115.19
2020-10-17,22.41,5.0,63.07,21.0,1345.33,288.0,13.49,5.7,1120.23,224.22
2020-10-18,53.14,8.0,143.73,19.0,1556.85,283.0,13.5,3.59,828.98,152.93
2020-10-19,5.44,5.0,38.39,15.0,549.27,99.0,5.03,2.45,274.87,42.74
2020-10-20,0.94,1.0,29.78,12.0,790.64,173.0,17.62,4.11,697.44,141.54
2020-10-21,18.09,7.0,58.87,18.0,833.43,164.0,2.41,0.68,184.68,35.75
2020-10-22,1.97,4.0,45.94,22.0,1324.84,273.0,1.79,1.11,173.85,30.86
2020-10-23,15.56,6.0,63.6,21.0,1101.44,232.0,17.38,5.93,797.28,161.58
2020-10-24,11.88,8.0,30.81,19.0,693.98,149.0,1.52,2.27,383.44,71.85
2020-10-25,0.0,0.0,42.08,9.0,1644.78,268.0,0.48,0.39,122.15,26.97
2020-10-26,0.49,1.0,47.22,18.0,1223.6,188.0,3.28,2.01,1070.46,148.3
2020-10-27,10.95,6.0,64.35,28.0,1601.07,288.0,33.1,10.78,1037.3,171.06
2020-10-28,2.4,3.0,118.44,36.0,1895.3,372.0,45.74,12.2,1612.7,290.42
2020-10-29,5.32,4.0,24.89,11.0,1319.2,208.0,2.66,1.39,753.47,114.31
2020-10-30,1.46,2.0,45.3,17.0,2073.62,344.0,27.49,7.93,1607.74,252.25
2020-10-31,5.5,5.0,67.67,25.0,2807.56,435.0,13.27,10.38,2202.84,323.95
2020-11-01,34.02,9.0,97.59,36.0,3223.89,353.0,27.76,7.14,1718.56,165.87
2020-11-02,6.39,7.0,93.54,37.0,2258.39,394.0,39.76,14.2,1454.64,231.8
2020-11-03,9.64,7.0,76.25,29.0,1999.01,305.0,27.56,7.21,379.79,54.07
2020-11-04,0.92,2.0,27.88,9.0,1798.44,230.0,0.16,0.18,818.56,96.11
2020-11-05,0.0,0.0,15.88,7.0,2499.28,379.0,5.83,1.19,1347.7,198.0
2020-11-06,113.51,6.0,138.15,17.0,2983.59,362.0,19.15,5.88,1876.92,220.99
2020-11-07,134.66,7.0,291.7,47.0,3105.34,477.0,73.58,15.96,1674.25,253.0
2020-11-08,76.27,10.0,156.1,36.0,2148.84,365.0,37.06,14.13,1884.09,303.97
2020-11-09,52.49,12.0,92.87,20.0,820.64,129.0,20.9,5.35,594.15,88.28
2020-11-10,16.71,7.0,54.18,20.0,2232.17,342.0,34.8,9.15,71.64,23.11
2020-11-11,13.64,5.0,41.7,14.0,1658.12,232.0,19.51,8.3,52.91,20.53
2020-11-12,7.89,8.0,69.08,28.0,1148.23,217.0,17.95,7.06,101.45,28.08
2020-11-13,16.83,7.0,106.85,33.0,998.85,199.0,38.32,11.16,572.15,102.89
2020-11-14,26.29,5.0,55.61,15.0,315.09,75.0,21.55,6.22,55.68,16.29
2020-11-15,0.0,0.0,34.08,8.0,202.65,50.0,4.7,0.69,23.46,4.89
2020-11-16,2.46,3.0,4.9,5.0,10.97,8.0,0.81,0.82,4.0,2.16
2020-11-17,2.66,4.0,32.45,12.0,67.06,21.0,12.94,4.59,27.34,8.63
2020-11-18,2.89,4.0,91.09,31.0,280.89,71.0,48.59,14.87,177.73,40.34
2020-11-19,17.09,7.0,66.02,23.0,361.3,71.0,39.77,12.3,237.99,38.44
2020-11-20,0.0,0.0,29.49,10.0,202.3,35.0,12.14,4.47,157.09,19.58
2020-11-21,24.79,4.0,84.15,16.0,362.33,61.0,34.97,7.37,200.1,34.2
2020-11-22,0.48,1.0,52.64,12.0,116.17,29.0,20.65,4.9,48.43,10.27
2020-11-23,0.0,0.0,90.59,25.0,191.82,45.0,38.49,9.1,52.23,13.77
2020-11-24,2.35,1.0,18.83,8.0,59.79,19.0,12.42,5.16,24.48,11.2
2020-11-25,0.0,0.0,5.52,2.0,5.52,2.0,2.31,0.82,2.31,0.82
2020-11-26,2.03,4.0,33.62,14.0,67.06,27.0,11.07,4.91,31.09,12.92
2020-11-27,3.64,4.0,33.04,14.0,98.86,33.0,3.88,2.9,37.03,10.56
2020-11-28,8.75,4.0,60.69,17.0,216.89,53.0,17.64,3.16,82.84,17.37
2020-11-29,16.33,7.0,147.4,42.0,246.48,76.0,20.33,6.74,40.64,11.91
2020-11-30,11.4,4.0,117.36,26.0,190.25,49.0,15.27,4.68,24.57,8.84
2020-12-01,5.24,6.0,70.5,27.0,140.87,44.0,14.14,4.84,29.67,8.34
2020-12-02,10.44,5.0,43.06,15.0,134.49,41.0,4.86,2.66,15.68,5.12
2020-12-03,19.09,3.0,159.94,43.0,270.14,71.0,39.53,8.93,56.09,13.64
2020-12-04,20.71,7.0,126.59,44.0,238.36,84.0,19.35,6.29,29.05,11.79
2020-12-05,15.48,11.0,182.58,56.0,308.77,99.0,29.46,11.79,48.43,19.62
2020-12-06,0.0,0.0,85.78,21.0,184.11,56.0,1.45,1.22,6.69,4.34
2020-12-07,6.9,3.0,49.79,16.0,119.17,36.0,1.87,0.74,7.89,3.6
2020-12-08,16.04,6.0,171.74,33.0,217.19,49.0,64.62,12.23,82.22,19.51
2020-12-09,6.74,5.0,132.78,38.0,268.67,69.0,50.39,16.37,119.99,33.06
2020-12-10,17.43,8.0,153.43,38.0,283.84,81.0,53.1,13.63,114.29,32.55
2020-12-11,0.0,0.0,13.2,4.0,47.9,17.0,0.13,0.08,0.13,0.08
2020-12-12,0.0,0.0,0.0,0.0,4.76,2.0,0.0,0.0,3.55,1.49
2020-12-13,6.87,4.0,22.73,9.0,67.71,19.0,3.38,0.79,3.38,0.79
2020-12-14,14.02,9.0,100.14,30.0,160.65,48.0,47.28,12.76,65.15,17.88
2020-12-15,25.72,8.0,169.73,65.0,371.0,131.0,46.23,17.17,114.36,39.98
2020-12-16,14.37,4.0,88.72,24.0,153.94,41.0,19.41,5.95,47.81,12.09
2020-12-17,1.79,1.0,55.15,14.0,90.16,24.0,11.2,3.14,18.42,5.64
2020-12-18,28.23,7.0,72.73,22.0,159.5,44.0,4.92,2.6,11.16,5.54
2020-12-19,8.49,4.0,113.52,33.0,267.77,59.0,23.53,4.92,30.21,6.82
2020-12-20,31.39,15.0,112.45,44.0,192.55,74.0,14.55,5.0,26.27,9.49
2020-12-21,9.27,4.0,95.23,28.0,167.86,52.0,18.68,4.49,26.84,7.96
2020-12-22,12.85,4.0,89.12,26.0,194.75,54.0,7.26,2.2,14.22,4.18
2020-12-23,2.5,1.0,71.93,22.0,128.59,42.0,21.71,5.69,39.33,11.65
2020-12-24,4.74,2.0,84.84,24.0,146.04,46.0,22.6,8.66,44.09,17.35
2020-12-25,4.17,2.0,108.7,34.0,243.91,73.0,40.58,11.92,65.67,19.07
2020-12-26,4.85,2.0,104.89,29.0,231.37,66.0,8.82,2.43,49.29,11.22
2020-12-27,14.76,4.0,134.53,43.0,230.84,68.0,5.8,1.33,12.34,2.14
2020-12-28,1.24,1.0,45.45,18.0,62.95,26.0,18.5,8.28,24.24,10.79
2020-12-29,2.12,2.0,69.22,18.0,126.47,38.0,16.24,3.52,40.23,9.08
2020-12-30,17.34,4.0,81.31,24.0,127.04,36.0,12.11,5.03,31.7,9.48
2020-12-31,5.88,2.0,38.92,16.0,73.36,29.0,0.63,0.41,2.9,1.66
2021-01-01,0.0,0.0,8.0,4.0,19.76,10.0,1.39,1.21,8.85,5.42
2021-01-02,0.76,1.0,0.76,1.0,10.87,4.0,0.27,0.35,8.95,2.66
2021-01-03,0.0,0.0,0.0,0.0,1.9,1.0,0.0,0.0,0.0,0.0
2021-01-04,0.0,0.0,4.36,2.0,74.73,18.0,0.87,0.39,3.01,1.06
2021-01-05,0.0,0.0,0.0,0.0,0.51,1.0,0.0,0.0,0.25,0.48
2021-01-06,0.0,0.0,0.0,0.0,0.58,1.0,0.0,0.0,0.49,0.85
2021-01-07,0.0,0.0,0.0,0.0,0.0,0.0,0.0,0.0,0.0,0.0
2021-01-08,0.0,0.0,0.0,0.0,0.0,0.0,0.0,0.0,0.0,0.0
2021-01-09,0.0,0.0,8.55,3.0,26.99,8.0,2.27,0.84,9.65,2.97
2021-01-10,3.13,1.0,16.4,6.0,31.86,11.0,0.54,0.14,0.54,0.14
2021-01-11,7.78,3.0,28.84,12.0,76.1,29.0,1.21,0.89,7.89,2.74
2021-01-12,0.0,0.0,33.6,11.0,43.62,12.0,0.0,0.0,0.16,0.02
2021-01-13,14.06,4.0,31.99,9.0,69.44,21.0,5.04,1.06,8.48,1.99
2021-01-14,0.0,0.0,1.38,1.0,20.8,6.0,1.35,0.98,20.01,5.71
2021-01-15,12.46,3.0,68.28,14.0,204.96,42.0,44.48,9.29,155.1,30.36
2021-01-16,0.0,0.0,20.4,8.0,65.36,22.0,3.14,0.77,6.21,2.22
2021-01-17,0.0,0.0,5.79,2.0,22.16,6.0,0.0,0.0,0.0,0.0
2021-01-18,0.0,0.0,1.91,1.0,9.5,3.0,0.89,0.47,5.3,1.7
2021-01-19,3.74,1.0,41.75,11.0,144.33,35.0,11.88,1.24,17.36,3.31
2021-01-20,3.58,1.0,62.51,18.0,166.71,38.0,5.16,1.99,6.63,3.07
2021-01-21,8.48,6.0,81.58,30.0,175.88,60.0,22.47,7.14,32.35,11.35
2021-01-22,3.43,2.0,34.16,10.0,92.49,28.0,1.9,0.4,14.34,4.55
2021-01-23,6.6,3.0,15.6,6.0,101.23,17.0,2.91,1.71,4.79,1.81
2021-01-24,0.0,0.0,7.52,2.0,17.91,6.0,6.99,1.86,7.03,1.87
2021-01-25,0.0,0.0,36.78,8.0,36.78,8.0,0.32,0.18,0.32,0.18
2021-01-26,5.16,2.0,78.47,21.0,122.31,35.0,21.89,3.89,34.27,7.28
2021-01-27,5.3,3.0,95.89,35.0,150.71,52.0,9.48,4.9,20.52,7.1
2021-01-28,3.62,2.0,16.46,7.0,56.73,18.0,8.9,2.22,19.31,5.13
2021-01-29,0.0,0.0,17.41,6.0,43.17,15.0,9.29,3.3,11.27,3.68
2021-01-30,0.0,0.0,62.91,15.0,141.78,33.0,24.72,3.8,39.92,5.88
2021-01-31,8.86,3.0,69.1,19.0,190.85,53.0,2.81,1.22,27.28,8.38
2021-02-01,6.2,3.0,89.81,34.0,257.53,87.0,10.63,4.27,30.3,9.85
2021-02-02,15.58,4.0,73.35,19.0,186.84,52.0,19.05,4.18,86.82,22.66
2021-02-03,1.66,1.0,104.23,17.0,245.19,42.0,11.97,3.19,29.27,6.23
2021-02-04,0.0,0.0,6.45,3.0,10.43,4.0,0.55,0.12,0.55,0.12
2021-02-05,5.3,3.0,15.54,7.0,38.75,15.0,4.55,2.42,5.43,3.29
2021-02-06,8.53,4.0,58.29,21.0,201.56,73.0,15.66,5.88,27.36,10.81
2021-02-07,11.05,1.0,40.8,9.0,324.72,71.0,3.34,1.19,4.97,1.65
2021-02-08,5.98,1.0,23.72,6.0,93.08,26.0,0.81,0.2,2.57,1.45
2021-02-09,33.91,3.0,149.23,23.0,310.89,46.0,52.0,8.68,58.94,11.09
2021-02-10,0.0,0.0,42.33,13.0,208.41,42.0,23.78,7.58,114.68,25.49
2021-02-11,9.97,4.0,115.94,33.0,348.65,88.0,27.66,7.66,64.09,17.24
2021-02-12,19.77,5.0,59.82,17.0,129.55,43.0,9.77,3.25,21.86,7.06
2021-02-13,0.0,0.0,14.18,5.0,59.37,18.0,6.55,2.01,28.78,7.47
2021-02-14,13.96,3.0,59.78,14.0,107.24,23.0,32.19,8.63,53.76,13.56
2021-02-15,0.0,0.0,49.18,16.0,154.12,46.0,2.57,0.88,11.37,2.84
2021-02-16,6.61,2.0,89.69,22.0,367.86,63.0,34.03,9.53,227.01,34.61
2021-02-17,0.66,1.0,62.0,27.0,250.96,92.0,30.71,11.21,105.01,39.89
2021-02-18,25.26,1.0,62.76,12.0,168.3,40.0,18.91,4.94,64.31,17.51
2021-02-19,29.79,4.0,50.72,10.0,128.7,29.0,32.1,4.67,57.23,10.87
2021-02-20,1.79,1.0,56.9,17.0,158.83,45.0,16.12,5.29,24.47,7.09
2021-02-21,11.87,10.0,28.4,17.0,122.99,39.0,5.39,3.65,22.53,6.23
2021-02-22,5.61,3.0,72.16,17.0,197.1,55.0,33.05,5.52,58.52,11.47
2021-02-23,9.65,3.0,71.96,20.0,224.7,64.0,11.58,2.39,27.81,6.09
2021-02-24,0.38,1.0,45.38,10.0,177.38,37.0,20.47,3.53,34.98,5.78
2021-02-25,1.29,1.0,16.54,4.0,157.52,27.0,4.39,1.1,4.45,1.1
2021-02-26,57.1,2.0,93.67,8.0,300.43,32.0,6.8,1.41,12.92,2.86
2021-02-27,1.9,1.0,34.17,9.0,84.92,25.0,5.43,2.09,21.7,6.85
2021-02-28,17.75,6.0,72.41,19.0,434.58,76.0,21.39,6.04,132.12,26.92
2021-03-01,4.87,5.0,26.57,8.0,141.57,39.0,16.02,3.72,19.56,5.6
2021-03-02,0.0,0.0,20.89,3.0,265.03,45.0,19.07,2.77,26.69,4.22
2021-03-03,4.29,3.0,7.53,6.0,59.27,20.0,2.7,1.92,11.21,3.8
2021-03-04,4.95,7.0,36.54,15.0,106.41,36.0,11.39,5.89,65.47,20.91
2021-03-05,9.15,4.0,22.86,11.0,242.92,79.0,10.34,6.25,100.29,22.05
2021-03-06,17.57,8.0,21.08,9.0,161.33,41.0,1.32,0.38,3.52,1.05
2021-03-07,0.0,0.0,11.03,3.0,38.35,8.0,0.9,0.17,7.86,1.24
2021-03-08,0.0,0.0,3.34,1.0,9.39,4.0,0.0,0.0,1.24,0.63
2021-03-09,1.04,1.0,10.81,4.0,64.2,16.0,2.36,0.64,39.79,7.47
2021-03-10,0.0,0.0,7.12,3.0,73.19,30.0,0.91,0.37,15.67,6.19
2021-03-11,0.87,2.0,11.74,5.0,164.71,58.0,5.72,2.49,71.0,22.74
2021-03-12,0.0,0.0,0.0,0.0,12.57,3.0,0.0,0.0,0.97,0.22
2021-03-13,0.76,1.0,0.76,1.0,121.28,43.0,0.76,1.0,9.44,3.58
2021-03-14,3.48,1.0,8.13,4.0,86.52,20.0,5.3,1.98,8.78,2.71
2021-03-15,0.0,0.0,0.0,0.0,81.6,22.0,0.0,0.0,2.17,1.71
2021-03-16,0.37,1.0,3.17,4.0,203.72,42.0,0.21,0.57,8.54,2.45
2021-03-17,0.64,2.0,3.69,3.0,111.64,24.0,0.53,1.65,11.04,4.77
2021-03-18,0.0,0.0,0.0,0.0,25.99,9.0,0.0,0.0,1.94,0.5
2021-03-19,4.3,4.0,7.11,5.0,115.48,35.0,2.75,1.01,2.75,1.01
2021-03-20,4.36,6.0,5.11,7.0,107.61,34.0,0.75,0.85,1.76,1.72
2021-03-21,6.6,3.0,21.47,6.0,174.82,42.0,2.6,0.65,12.59,2.91
2021-03-22,0.0,0.0,8.09,2.0,33.0,9.0,6.97,1.7,19.63,5.54
2021-03-23,4.82,2.0,4.82,2.0,10.84,7.0,3.89,1.62,5.84,3.45
2021-03-24,3.6,1.0,3.6,1.0,129.37,26.0,0.3,0.08,14.13,2.35
2021-03-25,1.11,3.0,1.11,3.0,41.82,21.0,0.53,1.19,1.26,2.19
2021-03-26,4.2,5.0,29.4,11.0,174.41,66.0,10.78,4.55,18.6,8.07
2021-03-27,3.06,1.0,22.11,9.0,216.38,68.0,1.51,1.0,3.02,1.34
2021-03-28,5.39,1.0,16.02,4.0,99.83,42.0,0.0,0.0,4.72,3.36
2021-03-29,7.03,2.0,14.64,5.0,110.62,37.0,0.0,0.0,12.06,6.53
2021-03-30,2.66,3.0,24.12,9.0,345.98,70.0,6.96,2.03,10.39,4.13
2021-03-31,2.4,3.0,74.67,12.0,713.82,151.0,7.89,3.92,14.88,5.5
2021-04-01,54.97,7.0,108.31,18.0,602.35,155.0,22.31,2.84,37.9,6.09
2021-04-02,12.8,6.0,21.91,10.0,376.29,103.0,11.83,5.06,31.68,12.3
2021-04-03,53.43,6.0,57.57,7.0,350.65,122.0,4.39,1.04,88.39,36.73
2021-04-04,0.37,1.0,19.09,4.0,379.32,111.0,15.34,1.92,29.68,6.77
2021-04-05,0.0,0.0,1.2,3.0,55.96,23.0,0.0,0.0,17.04,5.15
2021-04-06,2.36,1.0,8.72,4.0,85.17,18.0,4.87,2.06,12.69,4.57
2021-04-07,6.09,3.0,18.35,8.0,238.65,71.0,12.59,4.97,48.65,14.3
2021-04-08,1.13,2.0,24.09,10.0,205.2,46.0,0.99,1.69,19.24,5.49
2021-04-09,58.97,10.0,170.23,29.0,340.75,56.0,11.67,5.69,78.06,16.59
2021-04-10,31.61,8.0,229.47,26.0,625.59,89.0,96.83,8.51,103.39,10.51
2021-04-11,2.84,3.0,28.04,8.0,410.43,81.0,3.86,1.97,87.5,7.22
2021-04-12,10.6,2.0,41.14,8.0,308.6,68.0,1.13,0.95,27.62,6.38
2021-04-13,43.61,7.0,100.06,19.0,289.99,64.0,16.9,2.26,27.58,5.83
2021-04-14,158.47,20.0,219.41,36.0,392.77,76.0,80.41,10.56,83.96,11.19
2021-04-15,58.96,7.0,107.38,20.0,308.66,85.0,38.7,5.01,59.19,12.26
2021-04-16,9.16,2.0,120.03,17.0,462.49,63.0,1.25,0.48,1.36,0.58
2021-04-17,6.27,4.0,20.55,9.0,74.22,30.0,2.48,1.6,13.51,5.9
2021-04-18,49.95,11.0,340.67,51.0,755.88,98.0,60.39,4.95,106.36,17.12
2021-04-19,35.59,10.0,176.08,39.0,568.96,96.0,20.45,5.41,101.42,21.33
2021-04-20,0.0,0.0,0.76,1.0,12.29,6.0,0.0,0.0,3.51,1.21
2021-04-21,62.78,12.0,279.66,45.0,419.73,83.0,58.47,13.13,70.44,16.73
2021-04-22,51.07,16.0,258.64,57.0,347.43,87.0,33.37,8.56,76.25,20.95
2021-04-23,19.52,4.0,142.26,25.0,180.04,40.0,16.57,1.94,18.46,3.02
2021-04-24,186.57,36.0,904.98,151.0,1613.28,288.0,596.95,89.62,1089.77,178.52
2021-04-25,196.01,30.0,984.11,144.0,1966.41,329.0,659.3,91.67,1339.95,209.11
2021-04-26,278.23,32.0,1437.14,155.0,4076.07,374.0,809.47,87.75,2203.53,193.0
2021-04-27,463.9,65.0,2055.58,253.0,3898.61,478.0,1415.28,175.92,2830.93,333.77
2021-04-28,159.35,19.0,1538.17,134.0,3597.18,336.0,1161.66,99.82,2441.14,219.99
2021-04-29,460.34,58.0,1612.53,227.0,4633.44,618.0,1158.59,154.14,3139.88,389.57
2021-04-30,151.83,29.0,387.66,88.0,1277.08,263.0,12.04,2.45,54.43,9.2
2021-05-01,93.77,17.0,758.97,109.0,3408.2,501.0,146.18,20.92,215.53,32.72
2021-05-02,572.82,71.0,1881.02,246.0,3063.63,505.0,192.26,25.9,214.18,31.36
2021-05-03,59.42,17.0,394.63,50.0,950.44,132.0,322.57,42.11,696.23,94.57
2021-05-04,63.76,13.0,337.51,52.0,891.88,145.0,40.43,7.92,180.39,32.53
2021-05-05,181.05,35.0,753.52,153.0,1609.56,394.0,98.45,20.12,157.68,37.71
2021-05-06,53.37,7.0,219.29,38.0,484.93,90.0,59.0,10.57,111.73,24.08
2021-05-07,0.0,0.0,188.96,22.0,672.03,107.0,19.64,3.34,122.58,22.7
2021-05-08,30.53,6.0,219.53,33.0,1025.86,182.0,87.1,10.51,332.82,69.98
2021-05-09,47.38,11.0,306.98,78.0,1164.89,276.0,34.86,7.08,42.25,10.03
2021-05-10,0.0,0.0,66.84,9.0,204.25,32.0,14.57,2.23,67.22,9.02
2021-05-11,19.25,2.0,166.43,33.0,540.35,127.0,31.04,4.69,119.01,19.16
2021-05-12,16.0,3.0,21.73,5.0,80.96,17.0,15.2,2.96,20.28,4.36
2021-05-13,0.68,1.0,26.78,10.0,101.11,28.0,3.88,1.73,69.22,16.71
2021-05-14,2.17,1.0,115.27,17.0,417.88,79.0,15.32,2.14,44.75,9.72
2021-05-15,26.15,6.0,52.91,14.0,106.68,26.0,23.76,5.59,47.74,10.46
2021-05-16,35.13,9.0,107.4,26.0,566.71,135.0,23.68,5.17,263.3,54.58
2021-05-17,0.0,0.0,0.0,0.0,64.55,13.0,0.0,0.0,0.52,0.14
2021-05-18,0.0,0.0,0.0,0.0,0.0,0.0,0.0,0.0,0.0,0.0
2021-05-19,0.0,0.0,0.0,0.0,0.0,0.0,0.0,0.0,0.0,0.0
2021-05-20,0.0,0.0,0.0,0.0,44.5,14.0,0.0,0.0,0.57,0.21
2021-05-21,0.0,0.0,0.0,0.0,0.0,0.0,0.0,0.0,0.0,0.0
2021-05-22,0.0,0.0,0.0,0.0,6.35,3.0,0.0,0.0,0.0,0.0
2021-05-23,5.73,3.0,31.32,6.0,43.63,10.0,6.67,1.65,7.49,2.49
2021-05-24,0.0,0.0,0.0,0.0,23.52,7.0,0.0,0.0,2.65,1.02
2021-05-25,9.83,2.0,14.23,3.0,65.42,13.0,7.01,1.32,20.26,3.66
2021-05-26,10.53,2.0,31.73,10.0,94.64,19.0,18.12,5.99,41.11,10.96
2021-05-27,2.06,1.0,19.03,4.0,114.15,19.0,4.37,1.27,19.9,4.19
2021-05-28,12.61,4.0,12.61,4.0,26.84,8.0,1.5,0.95,1.5,0.95
2021-05-29,5.99,2.0,11.46,4.0,20.87,8.0,0.56,0.12,0.72,0.28
2021-05-30,0.0,0.0,0.0,0.0,0.0,0.0,0.0,0.0,0.0,0.0
2021-05-31,0.0,0.0,1.57,1.0,4.14,2.0,0.0,0.0,0.02,0.01
2021-06-01,0.0,0.0,6.75,1.0,6.75,1.0,1.81,0.27,1.81,0.27
2021-06-02,0.0,0.0,0.0,0.0,1.19,2.0,0.0,0.0,0.37,0.69
2021-06-03,0.0,0.0,6.27,1.0,48.49,7.0,0.51,0.08,11.94,2.0
2021-06-04,0.0,0.0,0.0,0.0,2.39,1.0,0.0,0.0,2.39,1.0
2021-06-05,2.21,2.0,8.49,5.0,15.87,9.0,0.0,0.0,1.63,0.89
2021-06-06,0.0,0.0,0.0,0.0,7.62,2.0,0.0,0.0,0.0,0.0
2021-06-07,0.0,0.0,0.0,0.0,10.2,3.0,0.0,0.0,2.82,0.89
2021-06-08,0.0,0.0,0.97,1.0,8.69,3.0,0.52,0.54,0.52,0.54
2021-06-09,0.0,0.0,8.38,2.0,9.55,3.0,8.37,2.0,8.87,2.43
2021-06-10,0.0,0.0,0.0,0.0,0.0,0.0,0.0,0.0,0.0,0.0
2021-06-11,0.0,0.0,0.0,0.0,0.0,0.0,0.0,0.0,0.0,0.0
2021-06-12,0.0,0.0,0.0,0.0,0.0,0.0,0.0,0.0,0.0,0.0
2021-06-13,0.0,0.0,0.0,0.0,0.0,0.0,0.0,0.0,0.0,0.0
2021-06-14,0.7,1.0,0.7,1.0,6.45,2.0,0.0,0.0,4.83,0.84
2021-06-15,0.0,0.0,0.0,0.0,0.0,0.0,0.0,0.0,0.0,0.0
2021-06-16,0.0,0.0,0.0,0.0,0.0,0.0,0.0,0.0,0.0,0.0
2021-06-17,0.0,0.0,0.0,0.0,2.03,1.0,0.0,0.0,0.0,0.0
2021-06-18,0.0,0.0,0.0,0.0,1.2,1.0,0.0,0.0,0.0,0.0
2021-06-19,0.0,0.0,0.0,0.0,2.06,1.0,0.0,0.0,0.63,0.3
2021-06-20,0.46,1.0,1.55,2.0,5.04,3.0,0.0,0.0,0.0,0.0
2021-06-21,2.32,1.0,7.74,3.0,7.74,3.0,0.0,0.0,0.0,0.0
2021-06-22,0.0,0.0,2.9,1.0,4.29,2.0,0.0,0.0,0.0,0.0
2021-06-23,0.0,0.0,0.0,0.0,1.93,1.0,0.0,0.0,0.0,0.0
2021-06-24,1.82,2.0,2.53,3.0,3.59,4.0,0.0,0.0,0.0,0.0
2021-06-25,0.0,0.0,0.0,0.0,0.0,0.0,0.0,0.0,0.0,0.0
2021-06-26,0.0,0.0,0.0,0.0,2.27,2.0,0.0,0.0,0.0,0.0
2021-06-27,0.0,0.0,0.0,0.0,5.5,2.0,0.0,0.0,0.0,0.0
2021-06-28,0.75,1.0,0.75,1.0,0.75,1.0,0.0,0.0,0.0,0.0
2021-06-29,0.44,1.0,1.02,2.0,5.06,4.0,0.0,0.0,0.03,0.01
2021-06-30,0.0,0.0,0.0,0.0,13.86,5.0,0.0,0.0,0.87,0.2
2021-07-01,0.0,0.0,1.46,2.0,9.07,3.0,0.98,0.99,0.98,0.99
2021-07-02,0.0,0.0,0.0,0.0,19.64,4.0,0.0,0.0,12.44,1.97
2021-07-03,0.0,0.0,0.0,0.0,0.0,0.0,0.0,0.0,0.0,0.0
2021-07-04,0.0,0.0,0.0,0.0,13.36,2.0,0.0,0.0,8.54,1.28
2021-07-05,2.44,1.0,2.44,1.0,7.43,2.0,0.63,0.26,5.59,1.25
2021-07-06,0.0,0.0,0.0,0.0,0.0,0.0,0.0,0.0,0.0,0.0
2021-07-07,0.0,0.0,10.05,3.0,39.98,9.0,3.33,0.73,9.3,2.26
2021-07-08,0.0,0.0,0.0,0.0,2.46,1.0,0.0,0.0,0.0,0.0
2021-07-09,0.95,1.0,0.95,1.0,4.88,2.0,0.42,0.45,4.28,1.43
2021-07-10,0.0,0.0,2.54,1.0,30.13,7.0,0.76,0.3,7.85,2.28
2021-07-11,54.78,19.0,54.78,19.0,62.08,21.0,0.0,0.0,0.0,0.0
2021-07-12,22.35,2.0,22.35,2.0,22.35,2.0,0.0,0.0,0.0,0.0
2021-07-13,0.0,0.0,0.0,0.0,0.0,0.0,0.0,0.0,0.0,0.0
2021-07-14,0.0,0.0,0.0,0.0,0.0,0.0,0.0,0.0,0.0,0.0
2021-07-15,0.0,0.0,0.0,0.0,6.91,1.0,0.0,0.0,0.31,0.04
2021-07-16,2.87,1.0,7.68,2.0,42.03,9.0,0.34,0.07,18.99,2.95
2021-07-17,0.0,0.0,0.0,0.0,0.0,0.0,0.0,0.0,0.0,0.0
2021-07-18,0.0,0.0,0.0,0.0,0.0,0.0,0.0,0.0,0.0,0.0
2021-07-19,0.0,0.0,0.0,0.0,0.0,0.0,0.0,0.0,0.0,0.0
2021-07-20,0.0,0.0,0.0,0.0,0.0,0.0,0.0,0.0,0.0,0.0
2021-07-21,0.0,0.0,0.0,0.0,0.0,0.0,0.0,0.0,0.0,0.0
2021-07-22,0.0,0.0,0.0,0.0,0.0,0.0,0.0,0.0,0.0,0.0
2021-07-23,0.0,0.0,0.0,0.0,3.01,2.0,0.0,0.0,0.0,0.0
2021-07-24,0.0,0.0,0.0,0.0,1.09,1.0,0.0,0.0,0.0,0.0
2021-07-25,0.0,0.0,0.0,0.0,0.0,0.0,0.0,0.0,0.0,0.0
2021-07-26,0.0,0.0,0.0,0.0,0.0,0.0,0.0,0.0,0.0,0.0
2021-07-27,0.0,0.0,0.0,0.0,0.0,0.0,0.0,0.0,0.0,0.0
2021-07-28,0.0,0.0,0.0,0.0,0.0,0.0,0.0,0.0,0.0,0.0
2021-07-29,0.0,0.0,0.0,0.0,0.0,0.0,0.0,0.0,0.0,0.0
2021-07-30,0.0,0.0,0.0,0.0,0.0,0.0,0.0,0.0,0.0,0.0
2021-07-31,0.0,0.0,0.0,0.0,0.0,0.0,0.0,0.0,0.0,0.0
2021-08-01,0.0,0.0,0.0,0.0,0.0,0.0,0.0,0.0,0.0,0.0
2021-08-02,0.0,0.0,0.0,0.0,7.28,2.0,0.0,0.0,6.98,1.92
2021-08-03,0.0,0.0,0.0,0.0,0.0,0.0,0.0,0.0,0.0,0.0
2021-08-04,0.0,0.0,0.0,0.0,0.0,0.0,0.0,0.0,0.0,0.0
2021-08-05,0.0,0.0,0.0,0.0,0.0,0.0,0.0,0.0,0.0,0.0
2021-08-06,0.0,0.0,0.0,0.0,0.0,0.0,0.0,0.0,0.0,0.0
2021-08-07,0.0,0.0,0.0,0.0,0.0,0.0,0.0,0.0,0.0,0.0
2021-08-08,0.0,0.0,0.0,0.0,0.0,0.0,0.0,0.0,0.0,0.0
2021-08-09,0.0,0.0,0.0,0.0,0.0,0.0,0.0,0.0,0.0,0.0
2021-08-10,0.63,1.0,1.24,2.0,1.24,2.0,0.0,0.0,0.0,0.0
2021-08-11,1.42,2.0,1.42,2.0,1.42,2.0,0.35,0.39,0.35,0.39
2021-08-12,0.0,0.0,0.0,0.0,7.96,1.0,0.0,0.0,0.0,0.0
2021-08-13,0.0,0.0,0.0,0.0,0.0,0.0,0.0,0.0,0.0,0.0
2021-08-14,2.44,1.0,2.44,1.0,2.44,1.0,0.0,0.0,0.0,0.0
2021-08-15,0.0,0.0,0.0,0.0,2.41,1.0,0.0,0.0,0.02,0.01
2021-08-16,0.0,0.0,1.01,1.0,1.01,1.0,0.95,0.94,0.95,0.94
2021-08-17,1.16,1.0,5.35,4.0,5.35,4.0,1.04,0.76,1.04,0.76
2021-08-18,0.0,0.0,0.0,0.0,0.0,0.0,0.0,0.0,0.0,0.0
2021-08-19,0.0,0.0,0.0,0.0,0.0,0.0,0.0,0.0,0.0,0.0
2021-08-20,0.0,0.0,0.0,0.0,0.0,0.0,0.0,0.0,0.0,0.0
2021-08-21,0.0,0.0,0.0,0.0,0.0,0.0,0.0,0.0,0.0,0.0
2021-08-22,0.0,0.0,0.0,0.0,0.49,1.0,0.0,0.0,0.0,0.0
2021-08-23,0.0,0.0,0.0,0.0,0.0,0.0,0.0,0.0,0.0,0.0
2021-08-24,0.0,0.0,0.0,0.0,3.27,1.0,0.0,0.0,0.0,0.0
2021-08-25,0.0,0.0,0.0,0.0,0.0,0.0,0.0,0.0,0.0,0.0
2021-08-26,0.0,0.0,0.0,0.0,0.0,0.0,0.0,0.0,0.0,0.0
2021-08-27,0.0,0.0,0.0,0.0,11.68,2.0,0.0,0.0,0.0,0.0
2021-08-28,0.43,1.0,0.43,1.0,0.43,1.0,0.0,0.0,0.0,0.0
2021-08-29,0.0,0.0,0.0,0.0,0.0,0.0,0.0,0.0,0.0,0.0
2021-08-30,0.0,0.0,0.0,0.0,2.38,1.0,0.0,0.0,0.0,0.0
2021-08-31,0.0,0.0,0.0,0.0,0.0,0.0,0.0,0.0,0.0,0.0
2021-09-01,0.0,0.0,0.0,0.0,0.0,0.0,0.0,0.0,0.0,0.0
2021-09-02,0.0,0.0,0.0,0.0,0.0,0.0,0.0,0.0,0.0,0.0
2021-09-03,0.0,0.0,0.0,0.0,0.0,0.0,0.0,0.0,0.0,0.0
2021-09-04,0.0,0.0,0.0,0.0,0.0,0.0,0.0,0.0,0.0,0.0
2021-09-05,0.0,0.0,0.0,0.0,0.0,0.0,0.0,0.0,0.0,0.0
2021-09-06,0.0,0.0,0.0,0.0,0.0,0.0,0.0,0.0,0.0,0.0
2021-09-07,1.64,1.0,6.12,3.0,6.12,3.0,1.62,0.99,1.62,0.99
2021-09-08,4.33,1.0,4.33,1.0,4.33,1.0,0.0,0.0,0.0,0.0
2021-09-09,3.39,4.0,4.18,5.0,5.53,6.0,1.32,0.89,1.32,0.89
2021-09-10,0.0,0.0,0.0,0.0,0.0,0.0,0.0,0.0,0.0,0.0
2021-09-11,0.0,0.0,0.7,1.0,0.7,1.0,0.0,0.0,0.0,0.0
2021-09-12,0.0,0.0,0.0,0.0,0.0,0.0,0.0,0.0,0.0,0.0
2021-09-13,0.0,0.0,0.0,0.0,0.0,0.0,0.0,0.0,0.0,0.0
2021-09-14,0.0,0.0,0.0,0.0,0.0,0.0,0.0,0.0,0.0,0.0
2021-09-15,0.0,0.0,0.0,0.0,0.0,0.0,0.0,0.0,0.0,0.0
2021-09-16,0.0,0.0,0.0,0.0,0.0,0.0,0.0,0.0,0.0,0.0
2021-09-17,0.92,1.0,0.92,1.0,0.92,1.0,0.24,0.27,0.24,0.27
2021-09-18,0.0,0.0,1.28,1.0,4.95,4.0,0.0,0.0,1.63,1.05
2021-09-19,0.56,1.0,0.56,1.0,2.74,2.0,0.0,0.0,0.0,0.0
2021-09-20,0.0,0.0,0.0,0.0,5.26,1.0,0.0,0.0,0.0,0.0
2021-09-21,0.0,0.0,0.0,0.0,0.0,0.0,0.0,0.0,0.0,0.0
2021-09-22,0.0,0.0,0.0,0.0,0.0,0.0,0.0,0.0,0.0,0.0
2021-09-23,0.0,0.0,0.0,0.0,1.31,1.0,0.0,0.0,0.05,0.04
2021-09-24,0.69,1.0,0.69,1.0,1.24,2.0,0.0,0.0,0.54,0.98
2021-09-25,0.82,1.0,0.82,1.0,0.82,1.0,0.0,0.0,0.0,0.0
2021-09-26,0.0,0.0,0.0,0.0,1.82,1.0,0.0,0.0,0.14,0.08
2021-09-27,1.02,1.0,1.89,2.0,5.82,4.0,0.04,0.04,1.58,1.13
2021-09-28,1.28,1.0,1.28,1.0,8.61,3.0,0.0,0.0,0.0,0.0
2021-09-29,2.44,2.0,3.77,3.0,28.77,12.0,0.0,0.0,1.5,0.77
2021-09-30,2.23,1.0,2.23,1.0,42.03,6.0,0.0,0.0,0.0,0.0
2021-10-01,0.0,0.0,0.0,0.0,4.49,2.0,0.0,0.0,0.0,0.0
2021-10-02,0.0,0.0,0.0,0.0,9.74,3.0,0.0,0.0,2.01,0.64
2021-10-03,1.52,1.0,3.12,2.0,40.33,10.0,0.86,0.54,2.38,0.93
2021-10-04,5.52,2.0,8.85,3.0,18.82,6.0,0.15,0.05,0.15,0.05
2021-10-05,1.78,1.0,1.78,1.0,14.03,4.0,0.12,0.07,4.27,1.13
2021-10-06,1.38,1.0,5.98,2.0,19.01,5.0,2.45,0.85,8.1,2.15
2021-10-07,0.0,0.0,9.59,2.0,83.16,16.0,0.0,0.0,32.84,6.68
2021-10-08,4.24,1.0,11.52,3.0,166.28,32.0,0.22,0.06,38.39,7.23
2021-10-09,5.87,2.0,39.41,9.0,387.2,92.0,9.73,1.21,97.91,18.17
2021-10-10,13.63,8.0,34.77,17.0,689.37,192.0,1.18,0.44,1.85,0.61
2021-10-11,0.0,0.0,47.17,10.0,433.4,89.0,9.69,1.66,13.09,2.14
2021-10-12,1.68,1.0,16.24,8.0,429.02,97.0,1.68,1.0,245.96,49.7
2021-10-13,0.93,1.0,40.76,12.0,793.62,150.0,0.8,0.54,457.04,76.47
2021-10-14,3.77,5.0,137.55,31.0,1197.95,240.0,19.64,6.0,581.03,107.17
2021-10-15,2.98,2.0,198.76,53.0,2827.22,654.0,54.76,16.92,2167.3,486.26
2021-10-16,0.0,0.0,61.16,15.0,1869.39,349.0,18.02,3.66,52.1,12.8
2021-10-17,0.0,0.0,0.0,0.0,0.0,0.0,0.0,0.0,0.0,0.0
2021-10-18,0.0,0.0,0.0,0.0,10.79,1.0,0.0,0.0,3.53,0.33
2021-10-19,0.64,1.0,1.15,2.0,519.99,85.0,0.17,0.28,339.22,53.79
2021-10-20,1.9,2.0,6.13,5.0,1335.93,265.0,0.37,0.41,420.22,81.89
2021-10-21,3.83,2.0,20.43,8.0,1195.57,252.0,7.29,2.98,222.14,45.51
2021-10-22,3.89,4.0,20.85,6.0,1143.66,164.0,1.17,0.61,68.78,8.45
2021-10-23,0.0,0.0,31.57,5.0,1725.6,304.0,30.79,4.84,30.79,4.84
2021-10-24,0.0,0.0,106.35,15.0,330.54,51.0,24.31,3.11,28.36,3.97
2021-10-25,0.69,1.0,73.75,18.0,708.74,150.0,0.0,0.0,604.92,123.91
2021-10-26,6.62,5.0,52.96,22.0,1186.88,283.0,10.05,5.13,886.3,194.92
2021-10-27,0.45,1.0,33.39,9.0,910.26,183.0,1.76,0.7,578.33,112.16
2021-10-28,6.8,4.0,33.82,11.0,1574.81,271.0,3.74,2.05,1178.87,185.92
2021-10-29,7.01,4.0,51.14,17.0,1941.95,266.0,10.22,4.81,1682.97,208.58
2021-10-30,11.79,2.0,153.39,33.0,2303.42,355.0,14.12,5.19,1361.92,189.19
2021-10-31,2.15,4.0,210.87,53.0,2908.79,594.0,1.27,0.34,225.68,39.43
2021-11-01,8.89,4.0,166.88,30.0,2377.86,373.0,79.06,11.25,90.58,15.4
2021-11-02,5.64,2.0,72.49,26.0,1658.76,294.0,36.53,12.3,37.09,12.43
2021-11-03,0.0,0.0,164.0,33.0,2913.2,488.0,124.05,22.98,126.43,23.84
2021-11-04,11.14,4.0,446.58,74.0,3340.86,462.0,42.4,13.13,2670.66,353.37
2021-11-05,10.19,1.0,148.17,47.0,4269.97,736.0,61.81,20.38,3056.75,490.06
2021-11-06,15.69,3.0,310.44,76.0,3585.27,525.0,84.18,19.16,2235.99,288.8
2021-11-07,28.42,4.0,94.01,19.0,2630.62,307.0,29.21,5.42,1799.63,194.91
2021-11-08,11.56,3.0,50.88,15.0,3222.6,439.0,20.92,6.54,2123.25,287.59
2021-11-09,9.82,2.0,113.88,23.0,3263.82,433.0,59.48,11.34,2600.23,339.17
2021-11-10,10.72,6.0,207.81,64.0,3273.56,591.0,68.68,21.62,1855.13,318.78
2021-11-11,24.47,7.0,107.98,35.0,2372.77,422.0,42.96,13.33,1919.93,315.69
2021-11-12,10.95,2.0,78.27,23.0,2883.77,398.0,41.02,12.64,2340.12,311.51
2021-11-13,0.0,0.0,144.17,37.0,2620.43,408.0,60.08,15.75,1969.0,296.23
2021-11-14,2.97,4.0,101.35,22.0,2494.21,290.0,54.76,9.65,1597.69,174.28
2021-11-15,22.49,8.0,190.5,45.0,1898.59,289.0,88.55,22.1,1442.77,210.09
2021-11-16,24.58,8.0,343.33,96.0,1848.73,375.0,220.2,62.43,1398.8,270.35
2021-11-17,10.51,3.0,144.97,33.0,754.24,150.0,124.4,27.94,661.67,126.02
2021-11-18,3.42,2.0,65.98,25.0,495.24,99.0,36.45,16.35,305.29,63.41
2021-11-19,2.14,1.0,83.94,28.0,704.42,158.0,66.04,22.1,630.86,139.36
2021-11-20,2.35,3.0,202.38,66.0,748.61,168.0,139.02,42.33,569.78,120.76
2021-11-21,26.95,11.0,255.36,81.0,987.82,216.0,168.31,50.29,800.97,161.54
2021-11-22,13.04,4.0,258.16,54.0,716.44,138.0,153.82,33.02,465.89,84.26
2021-11-23,7.27,5.0,82.52,18.0,210.46,47.0,16.9,3.85,78.28,15.08
2021-11-24,3.76,1.0,73.5,21.0,207.38,55.0,3.23,1.3,4.77,1.75
2021-11-25,4.76,3.0,53.71,15.0,188.93,45.0,6.67,1.74,7.17,1.9
2021-11-26,7.87,8.0,165.4,55.0,297.76,93.0,18.87,4.71,24.55,6.73
2021-11-27,13.69,5.0,185.32,59.0,363.75,123.0,26.49,10.54,55.85,21.93
2021-11-28,14.43,10.0,100.09,34.0,166.44,59.0,51.85,18.74,89.6,31.92
2021-11-29,14.21,7.0,72.32,24.0,172.93,58.0,49.9,16.4,63.87,20.47
2021-11-30,0.0,0.0,50.22,14.0,124.22,38.0,25.48,5.25,48.21,11.99
2021-12-01,0.0,0.0,0.0,0.0,0.0,0.0,0.0,0.0,0.0,0.0
2021-12-02,4.82,4.0,4.82,4.0,7.44,6.0,2.43,1.28,5.03,3.27
2021-12-03,1.55,3.0,4.67,4.0,21.67,12.0,1.8,0.98,9.89,6.9
2021-12-04,17.72,4.0,97.97,19.0,164.9,45.0,54.0,7.9,71.38,16.86
2021-12-05,0.0,0.0,7.56,2.0,33.87,10.0,0.0,0.0,0.0,0.0
2021-12-06,9.92,7.0,35.8,17.0,90.55,29.0,13.58,7.2,38.66,11.91
2021-12-07,4.03,2.0,99.81,28.0,202.13,65.0,36.11,9.15,54.85,15.37
2021-12-08,7.18,3.0,76.94,23.0,234.63,76.0,3.61,1.07,8.15,2.85
2021-12-09,0.0,0.0,58.37,16.0,104.71,28.0,11.36,5.01,12.37,5.31
2021-12-10,12.97,4.0,55.38,16.0,112.61,34.0,4.16,2.02,8.47,3.56
2021-12-11,11.5,6.0,88.41,23.0,137.78,38.0,4.71,1.66,10.02,3.19
2021-12-12,20.48,9.0,159.63,52.0,252.8,83.0,3.27,0.33,4.0,0.55
2021-12-13,10.69,6.0,75.25,32.0,203.45,79.0,8.41,4.27,14.64,6.59
2021-12-14,4.1,3.0,78.67,29.0,182.62,59.0,35.81,14.6,100.94,32.42
2021-12-15,0.0,0.0,56.94,19.0,118.76,43.0,37.13,12.33,74.75,26.33
2021-12-16,5.61,6.0,29.34,16.0,87.66,36.0,11.05,6.65,34.46,14.63
2021-12-17,23.15,6.0,68.87,19.0,159.73,41.0,28.4,8.96,43.13,12.37
2021-12-18,16.51,7.0,101.7,32.0,190.87,71.0,21.53,7.71,37.06,13.65
2021-12-19,3.62,1.0,66.83,17.0,155.29,41.0,8.24,2.31,16.01,4.78
2021-12-20,5.65,3.0,62.41,17.0,101.2,29.0,20.36,5.59,25.57,7.35
2021-12-21,6.09,2.0,43.64,14.0,123.95,40.0,4.9,2.4,23.1,8.16
2021-12-22,28.05,8.0,105.81,34.0,226.99,72.0,32.14,11.69,86.13,26.6
2021-12-23,17.26,7.0,102.86,43.0,214.52,84.0,7.79,3.5,11.81,5.07
2021-12-24,5.24,3.0,150.02,45.0,249.58,77.0,23.1,6.74,37.16,10.84
2021-12-25,11.76,2.0,37.61,10.0,118.32,31.0,26.14,6.41,65.07,16.77
2021-12-26,2.22,2.0,2.22,2.0,5.49,3.0,0.0,0.0,3.01,0.92
2021-12-27,3.61,1.0,19.56,6.0,31.07,10.0,14.95,4.69,23.97,7.86
2021-12-28,0.0,0.0,5.67,4.0,7.72,5.0,1.53,0.78,1.87,0.94
2021-12-29,9.55,4.0,62.6,25.0,145.57,49.0,14.14,4.51,40.43,11.22
2021-12-30,6.83,3.0,10.07,5.0,16.03,6.0,1.01,1.79,1.01,1.79
2021-12-31,8.74,4.0,39.95,15.0,58.14,22.0,7.66,2.95,9.52,3.58
2022-01-01,5.31,3.0,45.65,17.0,71.06,29.0,0.71,0.44,1.27,0.81
2022-01-02,1.69,1.0,56.28,15.0,74.96,24.0,13.76,3.97,16.63,5.83
2022-01-03,7.32,2.0,105.82,32.0,239.04,79.0,10.78,4.25,15.64,6.28
2022-01-04,0.0,0.0,18.87,6.0,57.26,11.0,0.0,0.0,0.0,0.0
2022-01-05,0.0,0.0,0.0,0.0,0.0,0.0,0.0,0.0,0.0,0.0
2022-01-06,0.0,0.0,0.0,0.0,1.54,1.0,0.0,0.0,0.0,0.0
2022-01-07,0.0,0.0,0.0,0.0,5.29,1.0,0.0,0.0,4.9,0.93
2022-01-08,0.0,0.0,0.0,0.0,0.0,0.0,0.0,0.0,0.0,0.0
2022-01-09,0.0,0.0,0.0,0.0,0.0,0.0,0.0,0.0,0.0,0.0
2022-01-10,0.0,0.0,0.0,0.0,0.0,0.0,0.0,0.0,0.0,0.0
2022-01-11,0.0,0.0,0.0,0.0,0.0,0.0,0.0,0.0,0.0,0.0
2022-01-12,0.0,0.0,0.0,0.0,0.81,1.0,0.0,0.0,0.13,0.16
2022-01-13,0.48,1.0,4.03,2.0,13.01,4.0,0.47,0.98,9.04,2.88
2022-01-14,3.32,1.0,3.32,1.0,3.32,1.0,0.0,0.0,0.0,0.0
2022-01-15,0.0,0.0,0.0,0.0,0.0,0.0,0.0,0.0,0.0,0.0
2022-01-16,0.0,0.0,2.15,2.0,2.15,2.0,0.01,0.01,0.01,0.01
2022-01-17,0.0,0.0,0.0,0.0,4.24,2.0,0.0,0.0,0.0,0.0
2022-01-18,0.0,0.0,12.34,3.0,25.21,4.0,1.21,0.34,2.81,0.46
2022-01-19,0.0,0.0,29.77,11.0,29.77,11.0,4.52,1.69,4.52,1.69
2022-01-20,0.0,0.0,0.0,0.0,0.0,0.0,0.0,0.0,0.0,0.0
2022-01-21,0.0,0.0,0.0,0.0,12.69,3.0,0.0,0.0,0.56,0.15
2022-01-22,0.0,0.0,0.0,0.0,0.0,0.0,0.0,0.0,0.0,0.0
2022-01-23,0.0,0.0,0.0,0.0,0.63,1.0,0.0,0.0,0.03,0.04
2022-01-24,0.68,1.0,1.39,2.0,1.39,2.0,0.33,0.49,0.33,0.49
2022-01-25,0.0,0.0,0.0,0.0,0.0,0.0,0.0,0.0,0.0,0.0
2022-01-26,0.0,0.0,0.0,0.0,0.86,1.0,0.0,0.0,0.24,0.28
2022-01-27,0.0,0.0,0.0,0.0,0.0,0.0,0.0,0.0,0.0,0.0
2022-01-28,1.12,1.0,71.42,3.0,97.61,9.0,0.06,0.05,7.73,1.97
2022-01-29,0.74,2.0,55.9,16.0,87.34,26.0,9.44,2.97,17.73,4.7
2022-01-30,7.64,5.0,49.88,22.0,108.19,39.0,18.13,6.89,35.7,10.52
2022-01-31,1.31,1.0,34.0,7.0,38.91,8.0,5.53,1.69,5.53,1.69
2022-02-01,4.65,5.0,20.49,9.0,30.69,11.0,3.25,0.62,5.23,1.08
2022-02-02,0.0,0.0,27.45,10.0,32.0,12.0,2.89,1.06,3.02,1.32
2022-02-03,0.0,0.0,0.0,0.0,0.0,0.0,0.0,0.0,0.0,0.0
2022-02-04,0.82,1.0,5.25,3.0,9.05,4.0,1.24,1.2,3.64,1.83
2022-02-05,0.0,0.0,0.0,0.0,10.56,3.0,0.0,0.0,2.07,0.81
2022-02-06,0.0,0.0,7.95,2.0,10.05,3.0,2.72,0.76,4.21,1.47
2022-02-07,0.85,2.0,13.2,8.0,31.7,14.0,1.56,0.71,1.56,0.71
2022-02-08,26.54,5.0,48.95,12.0,98.31,25.0,16.34,4.67,25.86,7.94
2022-02-09,0.0,0.0,0.78,1.0,4.22,2.0,0.0,0.0,0.22,0.06
2022-02-10,4.68,1.0,14.95,5.0,67.0,17.0,4.8,1.7,10.18,3.7
2022-02-11,0.0,0.0,7.35,2.0,18.05,6.0,4.43,0.98,6.08,2.12
2022-02-12,5.92,2.0,36.04,10.0,121.91,24.0,11.97,3.13,29.24,6.03
2022-02-13,2.88,1.0,67.52,16.0,121.67,32.0,12.63,2.8,20.69,4.3
2022-02-14,8.99,6.0,107.26,30.0,225.71,65.0,2.24,2.88,2.26,2.89
2022-02-15,15.11,6.0,115.89,36.0,252.33,76.0,6.19,3.32,16.84,5.93
2022-02-16,3.13,3.0,61.35,20.0,103.62,34.0,19.1,5.92,30.5,9.65
2022-02-17,5.72,5.0,31.47,17.0,122.82,38.0,8.51,4.18,44.47,11.43
2022-02-18,32.23,6.0,70.46,16.0,186.09,46.0,41.88,7.39,61.0,12.04
2022-02-19,4.59,6.0,90.7,15.0,137.65,29.0,16.86,2.94,23.32,4.13
2022-02-20,6.07,4.0,47.7,16.0,160.57,55.0,16.05,5.33,55.75,18.04
2022-02-21,3.99,2.0,43.97,10.0,149.25,37.0,2.1,0.42,5.39,1.4
2022-02-22,7.12,3.0,50.46,14.0,132.82,28.0,1.08,1.0,12.38,2.66
2022-02-23,0.0,0.0,0.0,0.0,6.6,2.0,0.0,0.0,0.88,0.27
2022-02-24,1.32,2.0,9.29,5.0,25.84,11.0,4.95,3.04,20.68,8.79
2022-02-25,5.08,3.0,51.35,15.0,101.44,31.0,6.18,2.18,19.72,6.9
2022-02-26,3.45,2.0,4.53,3.0,4.53,3.0,1.56,0.73,1.56,0.73
2022-02-27,4.53,3.0,11.17,5.0,34.81,11.0,3.96,2.68,10.42,4.58
2022-02-28,0.69,1.0,13.81,5.0,38.07,12.0,3.91,1.44,4.7,1.7
2022-03-01,0.17,1.0,40.51,9.0,86.03,20.0,10.54,3.38,18.48,6.41
2022-03-02,0.37,1.0,51.19,11.0,168.66,45.0,10.43,2.12,29.71,9.77
2022-03-03,4.23,2.0,29.3,9.0,64.72,24.0,14.76,4.39,34.55,12.99
2022-03-04,0.94,3.0,27.15,14.0,75.38,29.0,1.32,1.24,1.96,1.52
2022-03-05,0.0,0.0,6.42,2.0,55.24,17.0,0.0,0.0,0.46,0.17
2022-03-06,0.0,0.0,5.1,1.0,5.1,1.0,0.0,0.0,0.0,0.0
2022-03-07,0.9,3.0,22.79,7.0,85.01,17.0,15.25,2.48,42.0,6.94
2022-03-08,11.19,2.0,27.0,7.0,93.08,30.0,3.96,1.79,36.16,10.0
2022-03-09,0.0,0.0,20.45,5.0,72.57,16.0,0.66,0.37,14.11,2.85
2022-03-10,0.0,0.0,65.2,16.0,102.66,24.0,45.3,8.17,60.18,12.03
2022-03-11,0.46,1.0,31.68,5.0,68.89,12.0,14.89,2.02,16.17,2.31
2022-03-12,1.97,5.0,13.57,9.0,99.32,19.0,0.18,0.47,1.78,1.01
2022-03-13,2.2,5.0,15.81,10.0,52.13,25.0,9.45,4.29,19.85,7.86
2022-03-14,2.97,2.0,22.69,4.0,46.21,11.0,8.92,0.95,10.67,1.5
2022-03-15,0.59,1.0,1.21,2.0,16.87,7.0,0.13,0.22,0.15,0.22
2022-03-16,6.22,3.0,10.01,4.0,22.02,8.0,0.17,0.2,0.74,0.56
2022-03-17,0.0,0.0,0.0,0.0,51.44,14.0,0.0,0.0,33.34,7.07
2022-03-18,0.0,0.0,17.9,2.0,30.16,6.0,4.86,0.97,4.86,0.97
2022-03-19,0.0,0.0,20.04,6.0,76.5,23.0,0.0,0.0,1.3,0.26
2022-03-20,0.44,1.0,17.27,7.0,60.48,21.0,0.05,0.01,0.63,0.94
2022-03-21,3.94,2.0,7.51,3.0,83.85,15.0,5.41,1.95,50.47,8.39
2022-03-22,0.55,1.0,4.67,2.0,46.58,9.0,0.98,0.35,0.98,0.35
2022-03-23,10.2,4.0,13.79,6.0,90.18,19.0,0.81,1.17,0.82,1.17
2022-03-24,0.39,1.0,18.95,8.0,77.0,28.0,1.71,0.91,8.16,3.68
2022-03-25,0.0,0.0,15.13,3.0,114.25,21.0,2.49,0.44,14.96,3.36
2022-03-26,1.94,2.0,15.47,4.0,115.66,20.0,9.54,1.41,41.66,4.02
2022-03-27,0.0,0.0,2.52,1.0,68.58,15.0,0.59,0.23,1.33,0.54
2022-03-28,0.87,2.0,12.03,5.0,287.74,33.0,0.0,0.0,12.42,1.44
2022-03-29,1.48,1.0,17.97,5.0,131.21,26.0,0.31,0.21,0.49,0.25
2022-03-30,0.0,0.0,10.04,1.0,103.89,19.0,3.24,0.32,32.12,8.36
2022-03-31,0.57,1.0,5.07,3.0,40.81,12.0,0.0,0.0,10.07,2.89
2022-04-01,29.23,4.0,35.72,7.0,48.36,13.0,16.09,2.67,17.97,4.14
2022-04-02,0.6,1.0,0.6,1.0,21.69,8.0,0.32,0.53,3.82,1.53
2022-04-03,5.05,5.0,11.13,8.0,67.93,25.0,0.63,0.98,3.84,2.63
2022-04-04,0.69,1.0,6.37,3.0,92.31,32.0,4.07,1.03,11.86,3.66
2022-04-05,1.95,1.0,12.26,5.0,38.93,12.0,0.09,0.14,2.99,0.79
2022-04-06,4.69,4.0,9.71,5.0,41.34,16.0,0.85,0.85,0.85,0.85
2022-04-07,19.1,4.0,23.86,6.0,72.65,18.0,1.28,0.77,1.36,0.85
2022-04-08,2.67,2.0,9.44,5.0,52.19,16.0,1.67,0.98,16.19,2.49
2022-04-09,21.77,6.0,23.86,7.0,64.6,18.0,7.84,2.9,8.83,3.21
2022-04-10,112.89,2.0,118.72,5.0,186.47,14.0,18.55,1.46,25.99,2.03
2022-04-11,4.43,1.0,10.07,3.0,73.54,9.0,0.0,0.0,10.08,1.51
2022-04-12,0.66,1.0,1.11,2.0,10.52,5.0,0.49,0.74,7.7,2.84
2022-04-13,2.19,3.0,30.92,9.0,236.84,41.0,1.74,2.03,18.97,4.39
2022-04-14,21.53,6.0,90.44,25.0,167.92,50.0,15.73,4.56,17.21,4.9
2022-04-15,3.86,4.0,26.63,12.0,81.41,32.0,14.55,7.55,26.44,11.96
2022-04-16,8.39,2.0,68.21,12.0,317.0,60.0,4.7,1.11,159.02,34.64
2022-04-17,62.76,10.0,217.29,38.0,354.29,68.0,128.39,22.07,131.31,23.07
2022-04-18,94.43,14.0,208.59,33.0,612.15,87.0,45.47,7.64,151.85,18.34
2022-04-19,277.56,25.0,387.8,41.0,681.08,110.0,47.89,6.88,86.73,16.64
2022-04-20,137.89,2.0,143.63,4.0,292.28,48.0,19.1,0.23,19.25,0.27
2022-04-21,0.0,0.0,4.52,1.0,11.66,4.0,0.01,0.0,2.34,1.19
2022-04-22,37.02,11.0,97.29,32.0,289.45,93.0,11.15,4.23,54.84,17.04
2022-04-23,152.15,25.0,416.18,65.0,1110.71,193.0,185.49,23.83,398.96,52.65
2022-04-24,104.9,17.0,534.26,71.0,3339.57,384.0,298.5,37.67,1833.9,175.21
2022-04-25,50.22,6.0,299.55,48.0,931.33,163.0,155.22,19.69,246.54,32.88
2022-04-26,59.27,10.0,200.47,39.0,1201.92,194.0,149.5,29.38,763.41,108.47
2022-04-27,332.14,45.0,1727.69,219.0,4721.24,635.0,1152.87,133.69,2735.73,343.87
2022-04-28,318.04,61.0,1871.8,298.0,5286.29,840.0,1128.74,164.04,2418.43,363.15
2022-04-29,298.22,44.0,2056.59,245.0,6690.66,787.0,1265.21,128.55,3455.06,352.61
2022-04-30,416.28,43.0,2086.17,259.0,6317.13,734.0,481.34,63.19,1001.56,115.59
2022-05-01,22.92,5.0,215.34,31.0,884.69,127.0,0.0,0.0,8.37,2.51
2022-05-02,101.33,19.0,458.88,74.0,1149.33,210.0,37.45,7.34,61.31,12.93
2022-05-03,0.0,0.0,10.77,4.0,260.51,66.0,0.0,0.0,1.33,0.19
2022-05-04,0.0,0.0,115.94,17.0,732.17,110.0,0.11,0.05,1.45,0.41
2022-05-05,0.83,1.0,309.17,59.0,986.03,179.0,186.57,36.46,634.46,114.99
2022-05-06,0.64,1.0,0.64,1.0,49.26,11.0,0.24,0.38,11.62,1.26
2022-05-07,36.8,9.0,395.57,76.0,1594.42,295.0,42.24,11.48,237.0,61.27
2022-05-08,97.75,21.0,282.68,71.0,1102.31,278.0,97.66,19.56,104.86,20.73
2022-05-09,1.24,1.0,37.88,7.0,186.95,50.0,7.08,0.67,21.27,5.64
2022-05-10,15.33,6.0,106.59,20.0,338.55,82.0,7.49,2.67,14.09,5.26
2022-05-11,28.01,10.0,39.01,12.0,177.68,49.0,18.83,4.52,45.35,11.07
2022-05-12,15.42,2.0,92.87,13.0,493.45,98.0,16.47,1.74,16.55,1.77
2022-05-13,16.21,4.0,98.5,20.0,403.58,88.0,10.16,2.87,33.84,6.0
2022-05-14,34.9,8.0,112.34,24.0,443.02,88.0,48.64,10.07,224.1,43.58
2022-05-15,5.61,2.0,74.27,13.0,181.2,23.0,13.11,2.93,39.22,4.91
2022-05-16,13.72,3.0,13.72,3.0,49.12,12.0,4.21,1.77,14.68,3.53
2022-05-17,0.0,0.0,0.0,0.0,25.8,6.0,0.0,0.0,1.31,0.26
2022-05-18,0.0,0.0,11.32,3.0,44.51,13.0,7.53,1.99,12.52,4.56
2022-05-19,0.0,0.0,3.16,1.0,113.52,27.0,0.0,0.0,14.45,2.04
2022-05-20,0.0,0.0,18.51,3.0,73.99,18.0,8.5,1.17,15.29,3.35
2022-05-21,1.29,2.0,31.17,5.0,120.94,26.0,11.56,1.08,11.61,1.1
2022-05-22,1.98,2.0,1.98,2.0,27.99,9.0,0.0,0.0,14.55,4.04
2022-05-23,0.0,0.0,0.0,0.0,0.0,0.0,0.0,0.0,0.0,0.0
2022-05-24,0.33,1.0,0.33,1.0,0.33,1.0,0.07,0.22,0.07,0.22
2022-05-25,0.87,2.0,3.34,3.0,3.82,4.0,1.24,1.2,1.6,1.95
2022-05-26,0.0,0.0,0.0,0.0,37.33,8.0,0.0,0.0,5.5,0.87
2022-05-27,6.15,2.0,6.15,2.0,14.23,7.0,0.18,0.04,1.28,0.66
2022-05-28,0.0,0.0,0.0,0.0,43.93,7.0,0.0,0.0,23.85,2.17
2022-05-29,0.0,0.0,0.0,0.0,18.43,2.0,0.0,0.0,0.0,0.0
2022-05-30,0.0,0.0,0.0,0.0,14.17,2.0,0.0,0.0,1.13,0.16
2022-05-31,2.32,2.0,2.32,2.0,10.85,6.0,0.35,0.3,1.03,0.45
2022-06-01,2.35,1.0,2.35,1.0,11.23,4.0,0.0,0.0,0.0,0.0
2022-06-02,0.0,0.0,0.0,0.0,8.08,3.0,0.0,0.0,0.0,0.0
2022-06-03,0.0,0.0,5.49,1.0,139.3,11.0,0.6,0.11,7.68,0.18
2022-06-04,0.0,0.0,12.84,2.0,121.28,12.0,6.81,0.68,35.48,2.36
2022-06-05,5.45,1.0,23.84,3.0,108.26,13.0,1.12,0.22,7.13,0.88
2022-06-06,13.72,3.0,20.26,5.0,320.07,25.0,2.18,0.9,4.11,1.78
2022-06-07,0.0,0.0,0.0,0.0,18.43,4.0,0.0,0.0,0.0,0.0
2022-06-08,5.44,1.0,29.18,4.0,59.81,13.0,7.23,1.32,7.28,1.34
2022-06-09,4.32,3.0,4.32,3.0,29.29,11.0,0.18,0.22,9.11,2.98
2022-06-10,0.0,0.0,0.0,0.0,26.84,5.0,0.0,0.0,6.97,1.39
2022-06-11,16.43,3.0,29.92,6.0,106.99,22.0,9.24,1.25,10.92,2.11
2022-06-12,14.82,2.0,14.82,2.0,28.64,7.0,12.21,1.65,12.21,1.65
2022-06-13,0.0,0.0,4.45,1.0,36.95,9.0,3.28,0.74,10.83,2.29
2022-06-14,0.0,0.0,0.0,0.0,0.0,0.0,0.0,0.0,0.0,0.0
2022-06-15,0.0,0.0,5.5,2.0,27.06,7.0,0.07,0.11,0.07,0.11
2022-06-16,0.0,0.0,38.8,5.0,100.74,24.0,0.0,0.0,2.65,0.62
2022-06-17,0.0,0.0,0.0,0.0,13.28,3.0,0.0,0.0,0.51,0.08
2022-06-18,0.0,0.0,0.0,0.0,0.0,0.0,0.0,0.0,0.0,0.0
2022-06-19,0.0,0.0,1.82,1.0,3.12,2.0,0.0,0.0,0.0,0.0
2022-06-20,0.0,0.0,0.0,0.0,0.0,0.0,0.0,0.0,0.0,0.0
2022-06-21,0.75,1.0,0.75,1.0,0.75,1.0,0.0,0.0,0.0,0.0
2022-06-22,2.48,2.0,3.31,3.0,9.65,5.0,0.64,1.0,0.64,1.0
2022-06-23,0.84,1.0,0.84,1.0,1.55,2.0,0.41,0.48,0.41,0.48
2022-06-24,0.51,1.0,12.64,4.0,64.85,12.0,9.97,1.99,17.98,3.92
2022-06-25,1.86,1.0,1.86,1.0,15.98,5.0,0.0,0.0,12.95,3.71
2022-06-26,0.75,1.0,0.75,1.0,3.05,2.0,0.0,0.0,2.12,0.92
2022-06-27,3.0,3.0,3.0,3.0,10.81,7.0,0.79,0.79,5.46,2.98
2022-06-28,0.61,1.0,0.61,1.0,0.61,1.0,0.0,0.0,0.0,0.0
2022-06-29,0.0,0.0,0.0,0.0,1.4,1.0,0.0,0.0,0.0,0.0
2022-06-30,0.0,0.0,0.0,0.0,0.0,0.0,0.0,0.0,0.0,0.0
2022-07-01,0.0,0.0,0.0,0.0,0.0,0.0,0.0,0.0,0.0,0.0
2022-07-02,0.0,0.0,0.0,0.0,0.0,0.0,0.0,0.0,0.0,0.0
2022-07-03,0.0,0.0,0.0,0.0,11.55,3.0,0.0,0.0,0.99,0.32
2022-07-04,0.0,0.0,0.0,0.0,3.86,1.0,0.0,0.0,3.11,0.81
2022-07-05,0.0,0.0,0.0,0.0,17.63,5.0,0.0,0.0,2.01,0.97
2022-07-06,0.0,0.0,0.0,0.0,0.0,0.0,0.0,0.0,0.0,0.0
2022-07-07,0.0,0.0,0.0,0.0,0.0,0.0,0.0,0.0,0.0,0.0
2022-07-08,0.35,1.0,0.35,1.0,10.18,3.0,0.06,0.18,8.71,1.95
2022-07-09,0.0,0.0,0.0,0.0,0.0,0.0,0.0,0.0,0.0,0.0
2022-07-10,0.0,0.0,0.0,0.0,0.0,0.0,0.0,0.0,0.0,0.0
2022-07-11,0.0,0.0,0.0,0.0,123.81,15.0,0.0,0.0,81.22,9.88
2022-07-12,0.57,1.0,0.57,1.0,2.14,3.0,0.02,0.04,0.02,0.04
2022-07-13,0.0,0.0,0.0,0.0,0.0,0.0,0.0,0.0,0.0,0.0
2022-07-14,0.0,0.0,0.0,0.0,12.97,4.0,0.0,0.0,6.32,2.63
2022-07-15,5.89,2.0,5.89,2.0,10.13,4.0,0.08,0.08,3.8,1.83
2022-07-16,0.0,0.0,0.0,0.0,0.0,0.0,0.0,0.0,0.0,0.0
2022-07-17,0.0,0.0,0.0,0.0,3.85,1.0,0.0,0.0,0.0,0.0
2022-07-18,5.44,2.0,5.44,2.0,13.92,4.0,0.0,0.0,2.58,0.61
2022-07-19,0.92,2.0,1.7,3.0,1.7,3.0,0.78,1.0,0.78,1.0
2022-07-20,0.0,0.0,0.0,0.0,0.78,1.0,0.0,0.0,0.0,0.0
2022-07-21,0.0,0.0,0.0,0.0,0.0,0.0,0.0,0.0,0.0,0.0
2022-07-22,0.0,0.0,0.0,0.0,0.0,0.0,0.0,0.0,0.0,0.0
2022-07-23,0.0,0.0,0.0,0.0,0.0,0.0,0.0,0.0,0.0,0.0
2022-07-24,2.42,2.0,2.42,2.0,2.42,2.0,0.49,0.24,0.49,0.24
2022-07-25,3.25,1.0,3.25,1.0,3.82,2.0,1.03,0.32,1.03,0.32
2022-07-26,0.0,0.0,18.82,2.0,18.82,2.0,0.0,0.0,0.0,0.0
2022-07-27,0.0,0.0,0.0,0.0,0.0,0.0,0.0,0.0,0.0,0.0
2022-07-28,0.0,0.0,0.0,0.0,0.0,0.0,0.0,0.0,0.0,0.0
2022-07-29,0.0,0.0,0.0,0.0,0.0,0.0,0.0,0.0,0.0,0.0
2022-07-30,0.0,0.0,0.0,0.0,0.0,0.0,0.0,0.0,0.0,0.0
2022-07-31,0.0,0.0,0.0,0.0,0.0,0.0,0.0,0.0,0.0,0.0
2022-08-01,0.0,0.0,0.0,0.0,0.0,0.0,0.0,0.0,0.0,0.0
2022-08-02,0.0,0.0,0.0,0.0,0.0,0.0,0.0,0.0,0.0,0.0
2022-08-03,0.0,0.0,0.0,0.0,0.0,0.0,0.0,0.0,0.0,0.0
2022-08-04,0.0,0.0,0.0,0.0,0.0,0.0,0.0,0.0,0.0,0.0
2022-08-05,0.0,0.0,0.0,0.0,0.0,0.0,0.0,0.0,0.0,0.0
2022-08-06,0.0,0.0,0.0,0.0,0.0,0.0,0.0,0.0,0.0,0.0
2022-08-07,0.0,0.0,0.0,0.0,0.0,0.0,0.0,0.0,0.0,0.0
2022-08-08,0.0,0.0,0.0,0.0,0.0,0.0,0.0,0.0,0.0,0.0
2022-08-09,0.0,0.0,0.0,0.0,0.0,0.0,0.0,0.0,0.0,0.0
2022-08-10,0.0,0.0,0.0,0.0,0.0,0.0,0.0,0.0,0.0,0.0
2022-08-11,0.52,1.0,0.52,1.0,0.52,1.0,0.35,0.67,0.35,0.67
2022-08-12,2.95,1.0,2.95,1.0,2.95,1.0,0.34,0.12,0.34,0.12
2022-08-13,0.0,0.0,0.0,0.0,2.16,1.0,0.0,0.0,0.0,0.0
2022-08-14,0.0,0.0,0.0,0.0,0.0,0.0,0.0,0.0,0.0,0.0
2022-08-15,0.0,0.0,0.0,0.0,0.0,0.0,0.0,0.0,0.0,0.0
2022-08-16,1.43,1.0,1.43,1.0,1.43,1.0,0.0,0.0,0.0,0.0
2022-08-17,0.0,0.0,0.0,0.0,1.71,1.0,0.0,0.0,0.0,0.0
2022-08-18,0.0,0.0,1.62,1.0,1.62,1.0,0.0,0.0,0.0,0.0
2022-08-19,0.0,0.0,0.0,0.0,0.0,0.0,0.0,0.0,0.0,0.0
2022-08-20,0.0,0.0,0.0,0.0,0.0,0.0,0.0,0.0,0.0,0.0
2022-08-21,0.0,0.0,0.0,0.0,0.0,0.0,0.0,0.0,0.0,0.0
2022-08-22,1.47,2.0,1.47,2.0,2.52,3.0,0.0,0.0,0.0,0.0
2022-08-23,0.0,0.0,0.0,0.0,0.0,0.0,0.0,0.0,0.0,0.0
2022-08-24,0.0,0.0,0.0,0.0,0.0,0.0,0.0,0.0,0.0,0.0
2022-08-25,5.66,2.0,5.66,2.0,5.66,2.0,0.0,0.0,0.0,0.0
2022-08-26,2.9,1.0,2.9,1.0,4.17,2.0,2.36,0.81,2.37,0.82
2022-08-27,0.0,0.0,4.05,1.0,18.01,4.0,0.78,0.19,3.04,0.67
2022-08-28,0.0,0.0,0.0,0.0,0.0,0.0,0.0,0.0,0.0,0.0
2022-08-29,1.88,1.0,3.84,2.0,3.84,2.0,2.68,1.41,2.68,1.41
2022-08-30,1.8,3.0,1.8,3.0,4.47,5.0,0.38,0.46,0.38,0.46
2022-08-31,0.0,0.0,0.0,0.0,0.0,0.0,0.0,0.0,0.0,0.0
2022-09-01,0.0,0.0,0.0,0.0,0.0,0.0,0.0,0.0,0.0,0.0
2022-09-02,0.0,0.0,0.0,0.0,0.0,0.0,0.0,0.0,0.0,0.0
2022-09-03,0.0,0.0,1.31,1.0,1.31,1.0,0.08,0.06,0.08,0.06
2022-09-04,3.82,3.0,3.82,3.0,5.63,4.0,1.7,1.25,1.7,1.25
2022-09-05,3.46,3.0,6.48,4.0,11.77,7.0,0.02,0.02,0.04,0.02
2022-09-06,1.48,1.0,1.48,1.0,1.48,1.0,0.58,0.39,0.58,0.39
2022-09-07,1.84,2.0,2.94,3.0,6.63,4.0,1.06,0.97,4.72,1.96
2022-09-08,0.0,0.0,0.0,0.0,0.0,0.0,0.0,0.0,0.0,0.0
2022-09-09,2.68,2.0,2.68,2.0,2.68,2.0,0.1,0.12,0.1,0.12
2022-09-10,0.6,1.0,0.6,1.0,23.31,8.0,0.11,0.18,0.11,0.18
2022-09-11,0.0,0.0,0.0,0.0,0.0,0.0,0.0,0.0,0.0,0.0
2022-09-12,0.0,0.0,0.0,0.0,9.77,2.0,0.0,0.0,0.0,0.0
2022-09-13,0.0,0.0,0.0,0.0,0.0,0.0,0.0,0.0,0.0,0.0
2022-09-14,0.0,0.0,0.0,0.0,0.0,0.0,0.0,0.0,0.0,0.0
2022-09-15,0.0,0.0,0.0,0.0,0.0,0.0,0.0,0.0,0.0,0.0
2022-09-16,0.83,1.0,0.83,1.0,0.83,1.0,0.0,0.0,0.0,0.0
2022-09-17,1.51,1.0,1.51,1.0,1.51,1.0,0.0,0.0,0.0,0.0
2022-09-18,0.0,0.0,0.0,0.0,3.68,1.0,0.0,0.0,2.62,0.71
2022-09-19,0.0,0.0,0.0,0.0,0.0,0.0,0.0,0.0,0.0,0.0
2022-09-20,0.0,0.0,0.0,0.0,0.0,0.0,0.0,0.0,0.0,0.0
2022-09-21,0.0,0.0,0.81,1.0,5.79,2.0,0.0,0.0,0.12,0.02
2022-09-22,0.0,0.0,0.0,0.0,0.0,0.0,0.0,0.0,0.0,0.0
2022-09-23,0.0,0.0,0.0,0.0,0.0,0.0,0.0,0.0,0.0,0.0
2022-09-24,0.0,0.0,0.0,0.0,0.0,0.0,0.0,0.0,0.0,0.0
2022-09-25,0.0,0.0,0.69,1.0,0.69,1.0,0.0,0.0,0.0,0.0
2022-09-26,0.98,1.0,0.98,1.0,0.98,1.0,0.0,0.0,0.0,0.0
2022-09-27,2.8,1.0,5.89,3.0,13.3,6.0,0.46,0.16,3.83,0.92
2022-09-28,0.44,1.0,0.68,2.0,1.83,3.0,0.03,0.14,0.63,0.66
2022-09-29,0.0,0.0,1.64,1.0,1.64,1.0,0.0,0.0,0.0,0.0
2022-09-30,2.68,4.0,2.68,4.0,7.1,6.0,0.75,1.59,2.09,2.31
2022-10-01,2.19,2.0,4.61,5.0,14.54,8.0,2.49,2.39,6.07,2.97
2022-10-02,2.53,2.0,14.48,6.0,62.29,21.0,2.41,0.88,23.81,7.43
2022-10-03,0.0,0.0,15.93,4.0,32.21,8.0,6.74,1.59,10.16,2.26
2022-10-04,1.33,3.0,1.33,3.0,29.86,14.0,0.93,2.1,19.6,9.36
2022-10-05,0.0,0.0,0.0,0.0,76.41,25.0,0.0,0.0,0.13,0.04
2022-10-06,0.0,0.0,3.32,1.0,122.88,27.0,0.0,0.0,0.0,0.0
2022-10-07,0.0,0.0,0.0,0.0,26.08,9.0,0.0,0.0,0.03,0.01
2022-10-08,0.0,0.0,0.0,0.0,0.0,0.0,0.0,0.0,0.0,0.0
2022-10-09,0.0,0.0,0.0,0.0,0.0,0.0,0.0,0.0,0.0,0.0
2022-10-10,0.0,0.0,0.0,0.0,9.51,2.0,0.0,0.0,0.0,0.0
2022-10-11,0.41,1.0,0.41,1.0,1.93,3.0,0.21,0.5,1.17,1.77
2022-10-12,0.43,1.0,0.43,1.0,8.79,5.0,0.43,1.0,7.96,4.54
2022-10-13,19.78,6.0,23.53,7.0,149.13,35.0,15.24,5.28,107.3,25.7
2022-10-14,0.92,1.0,0.92,1.0,141.14,33.0,0.0,0.0,104.74,22.79
2022-10-15,0.39,1.0,0.39,1.0,158.83,51.0,0.09,0.23,75.68,22.36
2022-10-16,2.88,3.0,2.88,3.0,518.06,100.0,0.78,0.95,298.27,53.41
2022-10-17,2.82,5.0,21.06,9.0,658.26,113.0,0.71,0.74,114.0,19.63
2022-10-18,4.15,3.0,32.66,14.0,813.33,202.0,0.5,0.23,6.03,1.8
2022-10-19,13.44,3.0,23.65,7.0,609.84,134.0,1.78,1.0,3.29,1.32
2022-10-20,0.0,0.0,16.57,4.0,385.7,94.0,16.12,3.92,16.12,3.92
2022-10-21,1.2,2.0,6.11,4.0,535.73,130.0,0.1,0.12,30.71,7.46
2022-10-22,0.0,0.0,34.72,12.0,1098.35,204.0,5.01,2.83,847.98,149.55
2022-10-23,9.05,6.0,118.29,40.0,1655.71,379.0,8.15,4.85,1069.1,225.22
2022-10-24,26.08,8.0,141.56,42.0,2138.99,394.0,17.05,6.26,1429.41,237.97
2022-10-25,11.01,2.0,64.52,14.0,1058.23,153.0,0.0,0.0,434.52,57.61
2022-10-26,0.0,0.0,51.46,10.0,1097.83,201.0,13.33,2.6,614.25,114.73
2022-10-27,13.52,2.0,29.69,6.0,1339.4,217.0,0.05,0.01,97.14,15.37
2022-10-28,2.89,1.0,29.42,10.0,1681.68,306.0,2.55,0.88,1578.14,278.26
2022-10-29,18.76,5.0,40.47,13.0,1936.44,338.0,7.97,2.85,1317.09,214.48
2022-10-30,2.37,1.0,25.96,7.0,1574.54,248.0,1.33,0.27,662.02,94.69
2022-10-31,0.0,0.0,32.92,7.0,1076.03,175.0,1.52,0.38,11.41,1.93
2022-11-01,19.72,3.0,34.25,7.0,2009.44,251.0,19.36,2.92,20.5,3.33
2022-11-02,8.09,2.0,35.6,8.0,2646.43,353.0,7.42,3.26,2080.74,266.2
2022-11-03,16.76,7.0,64.59,22.0,2257.93,335.0,19.49,7.84,1755.77,245.67
2022-11-04,3.59,1.0,34.37,7.0,894.76,155.0,23.73,4.54,29.73,6.69
2022-11-05,0.64,1.0,8.13,4.0,2238.08,317.0,3.55,0.99,6.07,1.81
2022-11-06,0.0,0.0,8.69,3.0,430.63,91.0,2.48,1.0,2.48,1.0
2022-11-07,1.34,2.0,48.75,11.0,673.26,97.0,14.12,5.62,497.08,70.66
2022-11-08,0.8,1.0,27.03,9.0,76.73,24.0,0.91,0.55,17.85,4.6
2022-11-09,1.89,1.0,50.28,13.0,575.76,96.0,34.09,8.14,491.68,80.72
2022-11-10,2.37,1.0,18.78,5.0,426.97,65.0,7.13,1.27,396.52,55.9
2022-11-11,1.85,2.0,65.55,14.0,1162.78,192.0,16.36,4.69,809.55,128.36
2022-11-12,2.21,3.0,54.55,15.0,899.3,146.0,39.11,6.99,668.26,103.59
2022-11-13,9.73,4.0,138.9,45.0,620.58,162.0,32.93,10.19,123.25,33.19
2022-11-14,5.51,2.0,54.36,17.0,135.61,38.0,1.64,0.63,14.53,5.51
2022-11-15,0.24,1.0,34.0,11.0,123.03,41.0,20.01,6.14,67.98,23.71
2022-11-16,10.3,4.0,84.27,20.0,304.73,60.0,59.67,11.04,241.84,38.34
2022-11-17,2.22,1.0,34.91,7.0,369.56,49.0,21.88,2.98,269.93,27.44
2022-11-18,14.04,7.0,124.67,37.0,459.28,106.0,82.12,23.16,349.09,76.75
2022-11-19,3.94,3.0,115.28,38.0,379.19,99.0,58.66,18.17,267.43,62.14
2022-11-20,1.3,2.0,33.06,12.0,208.42,56.0,11.0,3.34,111.68,26.66
2022-11-21,0.0,0.0,14.32,5.0,86.91,24.0,8.86,2.8,51.37,13.34
2022-11-22,10.16,4.0,42.33,13.0,213.85,49.0,31.16,8.53,163.03,32.21
2022-11-23,18.42,10.0,139.31,28.0,207.92,50.0,55.24,9.35,69.52,14.07
2022-11-24,11.95,7.0,122.81,38.0,272.39,86.0,41.41,11.03,81.16,24.66
2022-11-25,7.35,2.0,104.09,28.0,227.79,64.0,52.81,14.44,75.59,19.93
2022-11-26,12.82,3.0,34.61,9.0,71.24,20.0,12.06,1.99,16.5,4.05
2022-11-27,1.07,1.0,60.23,20.0,144.33,48.0,16.03,6.21,20.73,7.95
2022-11-28,15.07,5.0,44.42,10.0,160.23,36.0,6.07,1.94,39.57,8.67
2022-11-29,20.67,6.0,145.07,40.0,223.76,68.0,14.72,6.57,37.77,13.77
2022-11-30,15.29,6.0,145.97,51.0,338.37,117.0,27.65,8.59,69.66,17.01
2022-12-01,0.28,1.0,57.15,21.0,187.91,57.0,9.14,2.81,19.91,5.28
2022-12-02,8.92,5.0,55.7,12.0,95.27,29.0,28.77,3.67,29.85,4.32
2022-12-03,0.77,1.0,50.01,19.0,129.68,53.0,1.16,0.82,1.36,0.94
2022-12-04,10.29,4.0,117.67,34.0,215.42,66.0,28.08,9.03,38.63,11.78
2022-12-05,2.93,2.0,148.18,57.0,324.0,121.0,17.98,5.68,35.15,8.54
2022-12-06,15.68,3.0,56.08,14.0,212.8,43.0,8.63,2.87,95.52,12.15
2022-12-07,7.32,3.0,57.56,18.0,131.31,39.0,13.15,3.44,30.55,7.76
2022-12-08,1.08,1.0,50.14,21.0,109.15,38.0,7.17,4.06,11.32,5.82
2022-12-09,7.05,7.0,61.22,26.0,152.48,49.0,15.88,6.08,41.34,10.86
2022-12-10,12.75,7.0,179.28,49.0,335.78,105.0,81.24,13.82,107.49,22.82
2022-12-11,18.79,7.0,149.37,49.0,344.18,112.0,18.54,5.34,48.69,12.99
2022-12-12,0.0,0.0,82.97,21.0,272.62,64.0,29.43,11.03,77.84,18.98
2022-12-13,3.63,2.0,30.15,13.0,230.33,51.0,6.25,3.39,78.78,15.39
2022-12-14,16.91,4.0,26.69,9.0,77.5,20.0,5.78,1.92,22.45,4.93
2022-12-15,7.29,10.0,116.52,33.0,267.85,75.0,37.46,7.66,51.93,11.29
2022-12-16,19.78,11.0,129.73,51.0,296.75,110.0,17.97,7.33,26.76,9.55
2022-12-17,2.98,1.0,88.42,31.0,228.13,74.0,6.22,2.2,13.21,4.26
2022-12-18,4.48,2.0,34.27,17.0,137.44,46.0,3.23,1.9,41.24,8.27
2022-12-19,4.85,2.0,57.27,18.0,108.13,42.0,14.73,3.67,19.15,5.2
2022-12-20,48.12,11.0,119.42,31.0,126.86,34.0,5.3,3.95,6.98,4.77
2022-12-21,30.54,7.0,122.54,47.0,220.2,86.0,37.48,16.11,82.6,36.81
2022-12-22,0.0,0.0,43.26,14.0,114.08,38.0,6.62,2.5,28.71,9.97
2022-12-23,0.0,0.0,39.79,13.0,80.47,24.0,26.9,9.77,40.25,14.31
2022-12-24,3.33,1.0,34.35,12.0,80.79,27.0,8.02,3.07,24.34,8.43
2022-12-25,19.98,6.0,56.57,17.0,71.34,21.0,6.41,2.43,8.41,2.96
2022-12-26,4.85,2.0,42.35,16.0,110.67,43.0,3.6,1.55,9.98,4.4
2022-12-27,0.0,0.0,20.38,7.0,45.35,15.0,2.11,0.77,4.89,1.71
2022-12-28,2.19,1.0,18.91,5.0,107.41,17.0,5.32,0.9,41.78,5.53
2022-12-29,0.0,0.0,9.64,4.0,9.64,4.0,0.0,0.0,0.0,0.0
2022-12-30,3.1,1.0,10.29,3.0,37.76,10.0,0.0,0.0,0.0,0.0
2022-12-31,0.53,1.0,36.89,16.0,64.97,27.0,4.71,2.06,9.0,4.06
2023-01-01,4.91,2.0,31.88,7.0,33.81,8.0,5.81,1.38,6.83,1.9
2023-01-02,0.0,0.0,7.65,4.0,15.48,6.0,0.65,1.0,0.65,1.0
2023-01-03,0.0,0.0,0.0,0.0,1.1,1.0,0.0,0.0,0.0,0.0
2023-01-04,0.0,0.0,6.06,4.0,17.65,11.0,0.37,0.27,6.21,4.05
2023-01-05,0.0,0.0,8.66,3.0,8.66,3.0,3.6,1.37,3.6,1.37
2023-01-06,19.61,7.0,31.35,11.0,53.87,18.0,0.36,0.13,3.39,2.03
2023-01-07,3.36,1.0,26.63,7.0,33.52,8.0,2.44,0.56,2.44,0.56
2023-01-08,0.0,0.0,0.0,0.0,0.0,0.0,0.0,0.0,0.0,0.0
2023-01-09,0.0,0.0,0.0,0.0,0.0,0.0,0.0,0.0,0.0,0.0
2023-01-10,0.0,0.0,10.66,4.0,11.59,5.0,7.6,2.96,7.6,2.96
2023-01-11,0.0,0.0,40.15,11.0,47.28,12.0,1.13,0.27,1.13,0.27
2023-01-12,11.31,3.0,34.27,11.0,172.83,42.0,5.24,1.06,13.21,4.43
2023-01-13,0.0,0.0,4.64,1.0,9.77,2.0,0.1,0.02,1.91,0.37
2023-01-14,0.0,0.0,18.62,3.0,18.62,3.0,16.92,2.76,16.92,2.76
2023-01-15,0.43,1.0,47.66,13.0,148.27,22.0,10.96,3.69,12.43,3.99
2023-01-16,0.96,2.0,59.48,21.0,98.32,35.0,12.71,6.39,23.96,10.56
2023-01-17,36.08,9.0,82.71,21.0,147.26,44.0,17.26,3.89,33.69,9.92
2023-01-18,9.81,3.0,77.65,23.0,128.18,37.0,20.1,5.08,27.11,6.5
2023-01-19,4.58,2.0,39.19,15.0,51.3,18.0,19.36,6.76,27.08,8.56
2023-01-20,8.51,4.0,20.76,8.0,34.97,14.0,2.72,2.33,4.28,2.84
2023-01-21,9.39,5.0,68.87,21.0,137.91,42.0,30.32,9.41,47.63,15.11
2023-01-22,9.12,6.0,105.39,42.0,253.27,90.0,61.5,22.97,156.86,53.41
2023-01-23,7.74,3.0,88.1,22.0,179.72,45.0,55.79,14.89,126.14,32.38
2023-01-24,0.0,0.0,6.78,1.0,8.97,3.0,0.0,0.0,0.0,0.0
2023-01-25,0.75,1.0,3.23,3.0,5.48,4.0,2.31,2.27,2.31,2.27
2023-01-26,28.0,4.0,28.0,4.0,30.7,6.0,0.0,0.0,0.63,0.98
2023-01-27,12.24,8.0,56.63,20.0,132.68,44.0,7.02,3.59,18.23,7.33
2023-01-28,2.73,1.0,36.0,13.0,110.19,37.0,0.15,0.09,6.78,1.53
2023-01-29,0.0,0.0,0.0,0.0,0.0,0.0,0.0,0.0,0.0,0.0
2023-01-30,0.0,0.0,0.0,0.0,0.0,0.0,0.0,0.0,0.0,0.0
2023-01-31,0.0,0.0,0.0,0.0,20.58,5.0,0.0,0.0,0.68,0.18
2023-02-01,1.04,2.0,14.32,7.0,69.23,21.0,4.58,1.68,5.72,1.93
2023-02-02,3.33,4.0,47.64,17.0,105.47,40.0,2.0,1.12,6.49,3.37
2023-02-03,10.14,5.0,61.01,15.0,104.4,27.0,2.75,2.0,7.17,2.89
2023-02-04,0.0,0.0,59.93,16.0,110.78,33.0,19.94,4.56,26.49,6.58
2023-02-05,0.39,1.0,70.34,21.0,130.49,45.0,2.71,0.54,2.71,0.54
2023-02-06,2.34,4.0,57.81,17.0,159.46,48.0,1.27,0.33,3.53,0.8
2023-02-07,8.29,5.0,63.85,26.0,201.99,66.0,17.78,4.92,48.44,12.45
2023-02-08,16.53,4.0,30.71,8.0,170.07,27.0,5.57,1.55,18.68,3.7
2023-02-09,5.05,3.0,47.54,16.0,82.67,29.0,1.71,0.59,1.71,0.59
2023-02-10,2.64,1.0,24.59,8.0,65.07,21.0,0.03,0.05,1.6,0.97
2023-02-11,8.63,5.0,66.53,19.0,126.32,36.0,14.32,5.11,40.77,12.25
2023-02-12,13.71,8.0,50.72,22.0,233.65,78.0,18.46,7.64,45.25,15.08
2023-02-13,38.43,10.0,109.26,24.0,465.09,80.0,44.1,10.25,86.89,14.31
2023-02-14,0.0,0.0,28.97,7.0,188.57,31.0,0.84,0.18,16.57,4.61
2023-02-15,3.44,2.0,20.71,7.0,44.03,13.0,6.85,1.8,8.55,2.59
2023-02-16,1.89,1.0,24.77,8.0,92.65,20.0,8.36,3.04,20.18,5.6
2023-02-17,0.5,1.0,19.38,6.0,44.13,13.0,6.21,2.81,19.4,6.65
2023-02-18,10.2,6.0,91.17,28.0,211.24,64.0,13.04,4.57,30.1,7.4
2023-02-19,7.15,4.0,47.52,15.0,96.62,31.0,6.02,1.47,9.37,2.56
2023-02-20,0.0,0.0,21.02,6.0,33.35,10.0,1.05,0.4,2.51,1.07
2023-02-21,0.26,1.0,22.74,7.0,44.76,16.0,7.59,1.36,7.64,1.39
2023-02-22,10.91,8.0,38.02,14.0,96.27,28.0,20.13,6.28,24.59,7.13
2023-02-23,14.49,7.0,60.73,20.0,215.08,61.0,17.09,3.9,104.4,24.36
2023-02-24,21.94,7.0,52.59,15.0,164.67,39.0,3.77,1.89,10.88,3.06
2023-02-25,5.12,4.0,20.7,11.0,77.11,26.0,11.13,5.12,23.27,10.18
2023-02-26,17.84,2.0,27.26,4.0,63.31,16.0,6.74,1.08,12.46,2.57
2023-02-27,1.01,2.0,20.46,9.0,75.87,23.0,2.52,1.41,17.91,5.91
2023-02-28,0.0,0.0,26.76,9.0,162.89,44.0,5.43,2.55,79.07,21.74
2023-03-01,0.57,1.0,16.2,3.0,119.52,30.0,9.43,0.85,74.22,15.73
2023-03-02,5.84,4.0,20.96,8.0,82.24,22.0,6.52,4.07,14.33,6.5
2023-03-03,0.51,1.0,16.49,5.0,101.49,22.0,3.69,1.16,4.25,1.34
2023-03-04,2.46,2.0,2.46,2.0,33.32,9.0,0.0,0.0,2.43,0.92
2023-03-05,5.54,6.0,15.04,9.0,112.17,29.0,3.56,1.39,15.06,5.71
2023-03-06,7.63,4.0,31.7,10.0,185.43,40.0,0.23,0.12,20.61,2.91
2023-03-07,27.69,12.0,30.23,14.0,110.76,40.0,0.61,0.48,3.17,1.56
2023-03-08,0.57,1.0,14.74,5.0,35.32,10.0,1.92,0.97,3.28,1.33
2023-03-09,0.48,1.0,19.95,5.0,32.29,11.0,4.48,0.72,4.48,0.72
2023-03-10,0.3,1.0,21.15,7.0,47.06,17.0,1.28,0.67,5.44,1.7
2023-03-11,9.02,7.0,34.85,13.0,161.8,51.0,11.93,3.98,38.77,10.73
2023-03-12,0.0,0.0,5.46,2.0,48.3,11.0,0.11,0.04,2.59,0.53
2023-03-13,0.36,1.0,0.36,1.0,44.13,9.0,0.31,0.86,24.83,2.72
2023-03-14,0.48,1.0,0.48,1.0,39.84,10.0,0.28,0.58,1.21,0.92
2023-03-15,4.48,1.0,10.24,2.0,104.88,19.0,8.16,1.61,79.52,14.92
2023-03-16,1.26,2.0,17.31,7.0,39.96,23.0,0.03,0.01,0.03,0.01
2023-03-17,0.0,0.0,10.09,2.0,164.36,28.0,0.0,0.0,18.57,2.6
2023-03-18,0.0,0.0,2.89,1.0,2.89,1.0,2.88,1.0,2.88,1.0
2023-03-19,0.0,0.0,0.0,0.0,11.82,2.0,0.0,0.0,0.03,0.01
2023-03-20,0.0,0.0,0.0,0.0,3.32,1.0,0.0,0.0,0.0,0.0
2023-03-21,2.29,6.0,2.98,7.0,2.98,7.0,0.76,2.33,0.76,2.33
2023-03-22,0.56,1.0,4.85,2.0,47.8,12.0,2.6,0.6,11.61,2.63
2023-03-23,0.0,0.0,23.83,5.0,38.94,11.0,0.07,0.12,2.83,1.22
2023-03-24,0.0,0.0,17.32,3.0,17.91,4.0,0.0,0.0,0.0,0.0
2023-03-25,1.27,2.0,5.01,3.0,9.04,5.0,0.58,0.85,1.3,1.1
2023-03-26,3.26,7.0,6.27,8.0,29.75,14.0,3.55,3.32,22.52,7.58
2023-03-27,2.88,2.0,29.95,9.0,92.76,27.0,11.35,3.0,22.77,5.87
2023-03-28,1.39,2.0,9.95,4.0,41.6,13.0,1.86,0.48,7.43,3.05
2023-03-29,0.0,0.0,8.37,3.0,18.55,7.0,0.0,0.0,0.0,0.0
2023-03-30,5.06,1.0,5.06,1.0,12.64,4.0,0.01,0.0,5.37,2.15
2023-03-31,4.01,6.0,4.01,6.0,4.65,7.0,1.51,2.07,1.86,2.62
2023-04-01,0.0,0.0,0.62,1.0,11.86,6.0,0.0,0.0,0.02,0.06
2023-04-02,1.11,2.0,6.73,4.0,25.17,9.0,5.78,2.38,9.98,3.48
2023-04-03,1.86,3.0,1.86,3.0,21.92,9.0,0.27,0.67,15.24,5.32
2023-04-04,0.39,1.0,0.39,1.0,10.92,4.0,0.35,0.89,2.12,1.48
2023-04-05,0.0,0.0,9.85,2.0,32.67,9.0,4.81,0.98,6.44,1.49
2023-04-06,0.41,1.0,8.33,3.0,76.3,17.0,5.07,1.28,29.71,5.46
2023-04-07,16.87,3.0,18.09,4.0,51.52,17.0,15.14,2.02,16.09,2.84
2023-04-08,4.7,3.0,37.97,11.0,75.08,19.0,5.59,1.79,12.64,3.46
2023-04-09,1.13,2.0,26.36,9.0,50.56,20.0,7.24,2.93,7.24,2.93
2023-04-10,0.0,0.0,4.66,1.0,127.57,15.0,0.0,0.0,8.34,1.97
2023-04-11,14.34,4.0,15.02,5.0,22.91,11.0,0.45,0.94,0.47,0.96
2023-04-12,0.0,0.0,49.77,2.0,64.32,10.0,0.0,0.0,0.15,0.25
2023-04-13,4.39,1.0,81.9,6.0,125.52,13.0,0.0,0.0,26.07,2.0
2023-04-14,1.43,2.0,25.57,12.0,147.16,28.0,0.46,0.93,28.6,3.76
2023-04-15,18.95,5.0,78.65,19.0,153.59,40.0,4.48,0.7,5.14,0.87
2023-04-16,19.55,3.0,56.3,12.0,95.09,22.0,16.92,2.53,19.53,2.75
2023-04-17,8.78,2.0,60.43,11.0,145.04,35.0,7.32,0.88,12.89,1.75
2023-04-18,7.41,2.0,28.43,8.0,172.42,35.0,1.59,0.42,3.49,1.52
2023-04-19,34.03,5.0,112.98,20.0,130.53,25.0,3.64,1.46,3.68,1.48
2023-04-20,25.18,6.0,65.34,14.0,79.28,18.0,12.83,3.68,19.68,5.07
2023-04-21,20.47,5.0,91.65,19.0,148.82,34.0,1.39,0.25,25.15,9.16
2023-04-22,23.6,7.0,115.84,25.0,333.42,74.0,29.2,8.01,84.37,25.31
2023-04-23,3.98,2.0,15.5,8.0,47.05,23.0,1.1,0.69,14.68,7.28
2023-04-24,67.49,18.0,195.38,50.0,376.75,91.0,63.66,15.85,72.89,19.86
2023-04-25,19.49,9.0,136.37,43.0,312.59,94.0,44.32,17.42,99.36,31.99
2023-04-26,12.91,3.0,66.54,14.0,85.6,25.0,23.94,4.6,27.37,6.8
2023-04-27,127.39,21.0,502.92,94.0,962.2,183.0,122.37,24.38,148.25,32.57
2023-04-28,2.02,2.0,5.98,5.0,61.21,23.0,0.03,0.06,0.04,0.06
2023-04-29,0.0,0.0,0.0,0.0,2.95,1.0,0.0,0.0,0.0,0.0
2023-04-30,1.56,1.0,10.65,4.0,57.65,13.0,0.0,0.0,6.27,1.1
2023-05-01,0.0,0.0,0.0,0.0,0.0,0.0,0.0,0.0,0.0,0.0
2023-05-02,0.71,1.0,0.71,1.0,52.91,9.0,0.0,0.0,0.0,0.0
2023-05-03,12.9,6.0,74.15,20.0,102.24,28.0,6.26,2.12,6.69,2.23
2023-05-04,5.12,3.0,54.89,15.0,998.07,222.0,5.19,2.11,8.35,3.55
2023-05-05,1.13,2.0,204.73,32.0,2710.6,443.0,76.51,10.63,1118.87,192.81
2023-05-06,19.26,6.0,182.44,43.0,1314.36,265.0,39.35,9.29,467.51,94.62
2023-05-07,80.72,22.0,619.85,133.0,2794.19,463.0,30.92,8.61,35.8,9.61
2023-05-08,29.32,7.0,782.32,145.0,2552.38,396.0,34.74,5.64,36.83,6.41
2023-05-09,9.85,1.0,447.32,53.0,981.56,133.0,399.52,46.81,884.93,115.22
2023-05-10,90.86,17.0,648.37,98.0,2013.23,302.0,438.28,63.09,1236.86,171.63
2023-05-11,58.47,15.0,650.25,129.0,1882.05,365.0,316.63,57.43,762.91,133.34
2023-05-12,55.01,7.0,639.91,78.0,1472.17,201.0,20.26,3.45,20.26,3.45
2023-05-13,16.64,7.0,461.35,62.0,1265.1,240.0,12.92,2.31,26.13,6.39
2023-05-14,44.07,8.0,111.26,25.0,550.32,133.0,62.64,10.92,226.58,44.15
2023-05-15,57.6,5.0,164.54,24.0,670.79,119.0,114.47,18.33,376.81,62.63
2023-05-16,4.62,1.0,21.94,7.0,161.0,59.0,10.42,2.8,25.36,9.41
2023-05-17,8.14,2.0,30.59,9.0,145.08,36.0,0.52,0.17,4.01,0.9
2023-05-18,15.63,3.0,24.28,6.0,39.25,12.0,6.55,1.96,17.74,6.34
2023-05-19,12.95,4.0,29.71,10.0,189.92,53.0,7.81,2.71,45.82,13.51
2023-05-20,0.0,0.0,9.07,2.0,101.07,16.0,7.03,1.27,28.32,5.13
2023-05-21,0.0,0.0,18.62,2.0,134.38,23.0,5.3,0.66,31.44,4.87
2023-05-22,0.0,0.0,24.07,4.0,57.39,13.0,0.0,0.0,8.4,2.14
2023-05-23,11.53,2.0,50.51,7.0,75.42,11.0,32.78,3.83,38.84,4.25
2023-05-24,0.0,0.0,0.0,0.0,7.48,1.0,0.0,0.0,0.0,0.0
2023-05-25,0.0,0.0,3.55,1.0,3.55,1.0,0.0,0.0,0.0,0.0
2023-05-26,1.85,3.0,3.46,4.0,4.89,5.0,2.05,2.23,2.05,2.23
2023-05-27,0.0,0.0,0.0,0.0,0.0,0.0,0.0,0.0,0.0,0.0
2023-05-28,11.79,2.0,11.79,2.0,41.15,6.0,0.0,0.0,0.03,0.0
2023-05-29,1.41,3.0,2.49,4.0,25.62,8.0,0.4,0.98,12.26,3.07
2023-05-30,0.0,0.0,0.41,1.0,47.97,5.0,0.03,0.08,0.03,0.08
2023-05-31,0.0,0.0,5.08,1.0,8.63,2.0,2.01,0.4,2.01,0.4
2023-06-01,2.01,1.0,2.01,1.0,2.01,1.0,1.8,0.9,1.8,0.9
2023-06-02,0.0,0.0,0.0,0.0,55.16,5.0,0.0,0.0,42.57,2.95
2023-06-03,1.43,1.0,1.43,1.0,52.94,15.0,1.36,0.95,35.38,8.63
2023-06-04,1.39,3.0,1.39,3.0,5.48,6.0,0.07,0.19,1.51,1.25
2023-06-05,0.0,0.0,0.0,0.0,15.92,3.0,0.0,0.0,1.03,0.18
2023-06-06,1.95,1.0,1.95,1.0,72.04,21.0,0.48,0.25,8.03,3.02
2023-06-07,0.0,0.0,2.96,2.0,22.8,10.0,0.0,0.0,3.07,1.05
2023-06-08,11.52,4.0,13.82,5.0,82.02,26.0,6.43,1.78,13.19,3.89
2023-06-09,0.0,0.0,18.73,3.0,108.95,25.0,0.0,0.0,2.4,1.03
2023-06-10,10.42,1.0,10.42,1.0,48.01,9.0,7.63,0.73,8.69,0.87
2023-06-11,2.04,1.0,2.04,1.0,90.41,21.0,0.0,0.0,9.96,2.59
2023-06-12,4.85,2.0,29.69,6.0,59.17,18.0,1.64,0.86,7.09,3.02
2023-06-13,38.62,2.0,38.62,2.0,125.91,21.0,6.99,0.36,10.73,1.03
2023-06-14,6.46,6.0,6.46,6.0,83.95,31.0,3.49,3.99,12.38,5.58
2023-06-15,0.95,1.0,0.95,1.0,49.92,13.0,0.19,0.2,2.53,0.61
2023-06-16,0.0,0.0,0.0,0.0,21.45,5.0,0.0,0.0,0.07,0.04
2023-06-17,0.0,0.0,0.0,0.0,8.02,2.0,0.0,0.0,0.0,0.0
2023-06-18,0.0,0.0,0.0,0.0,7.88,2.0,0.0,0.0,1.52,0.39
2023-06-19,0.0,0.0,0.0,0.0,19.41,5.0,0.0,0.0,8.25,2.42
2023-06-20,2.96,1.0,2.96,1.0,39.92,14.0,0.0,0.0,0.0,0.0
2023-06-21,0.0,0.0,0.0,0.0,6.3,2.0,0.0,0.0,4.03,1.28
2023-06-22,0.0,0.0,0.0,0.0,22.05,4.0,0.0,0.0,0.0,0.0
2023-06-23,0.0,0.0,0.0,0.0,0.0,0.0,0.0,0.0,0.0,0.0
2023-06-24,0.0,0.0,0.0,0.0,0.0,0.0,0.0,0.0,0.0,0.0
2023-06-25,0.0,0.0,0.0,0.0,0.0,0.0,0.0,0.0,0.0,0.0
2023-06-26,0.0,0.0,0.0,0.0,1.17,1.0,0.0,0.0,0.0,0.0
2023-06-27,0.0,0.0,4.06,1.0,4.06,1.0,0.0,0.0,0.0,0.0
2023-06-28,0.0,0.0,0.0,0.0,5.06,1.0,0.0,0.0,4.57,0.9
2023-06-29,0.0,0.0,0.0,0.0,1.76,1.0,0.0,0.0,0.0,0.0
2023-06-30,0.0,0.0,0.0,0.0,4.7,1.0,0.0,0.0,0.0,0.0
2023-07-01,0.0,0.0,0.0,0.0,0.0,0.0,0.0,0.0,0.0,0.0
2023-07-02,0.0,0.0,0.0,0.0,13.79,3.0,0.0,0.0,4.04,0.96
2023-07-03,0.0,0.0,0.0,0.0,0.0,0.0,0.0,0.0,0.0,0.0
2023-07-04,0.0,0.0,0.0,0.0,10.43,1.0,0.0,0.0,0.0,0.0
2023-07-05,1.4,1.0,1.4,1.0,1.4,1.0,0.0,0.0,0.0,0.0
2023-07-06,0.0,0.0,0.0,0.0,7.06,2.0,0.0,0.0,0.01,0.0
2023-07-07,0.0,0.0,0.0,0.0,0.0,0.0,0.0,0.0,0.0,0.0
2023-07-08,0.0,0.0,0.0,0.0,0.0,0.0,0.0,0.0,0.0,0.0
2023-07-09,0.0,0.0,0.0,0.0,0.0,0.0,0.0,0.0,0.0,0.0
2023-07-10,0.0,0.0,0.0,0.0,0.0,0.0,0.0,0.0,0.0,0.0
2023-07-11,0.0,0.0,0.0,0.0,0.0,0.0,0.0,0.0,0.0,0.0
2023-07-12,0.0,0.0,0.0,0.0,0.0,0.0,0.0,0.0,0.0,0.0
2023-07-13,0.84,1.0,0.84,1.0,4.77,2.0,0.09,0.11,0.09,0.11
2023-07-14,0.0,0.0,0.0,0.0,0.0,0.0,0.0,0.0,0.0,0.0
2023-07-15,0.0,0.0,0.0,0.0,0.0,0.0,0.0,0.0,0.0,0.0
2023-07-16,0.0,0.0,0.0,0.0,3.51,1.0,0.0,0.0,0.0,0.0
2023-07-17,6.55,3.0,6.55,3.0,6.55,3.0,0.31,0.17,0.31,0.17
2023-07-18,0.0,0.0,0.0,0.0,0.0,0.0,0.0,0.0,0.0,0.0
2023-07-19,0.0,0.0,0.0,0.0,0.0,0.0,0.0,0.0,0.0,0.0
2023-07-20,1.07,1.0,1.07,1.0,1.07,1.0,0.0,0.0,0.0,0.0
2023-07-21,5.46,2.0,5.46,2.0,5.46,2.0,2.55,0.95,2.55,0.95
2023-07-22,3.64,2.0,3.64,2.0,3.64,2.0,0.0,0.0,0.0,0.0
2023-07-23,3.45,1.0,3.45,1.0,3.45,1.0,0.27,0.08,0.27,0.08
2023-07-24,0.0,0.0,0.0,0.0,0.0,0.0,0.0,0.0,0.0,0.0
2023-07-25,0.0,0.0,0.0,0.0,0.0,0.0,0.0,0.0,0.0,0.0
2023-07-26,0.0,0.0,0.0,0.0,0.0,0.0,0.0,0.0,0.0,0.0
2023-07-27,0.0,0.0,0.0,0.0,0.0,0.0,0.0,0.0,0.0,0.0
2023-07-28,0.0,0.0,0.0,0.0,0.0,0.0,0.0,0.0,0.0,0.0
2023-07-29,0.49,1.0,0.49,1.0,1.43,3.0,0.0,0.0,0.0,0.0
2023-07-30,0.0,0.0,0.0,0.0,0.0,0.0,0.0,0.0,0.0,0.0
2023-07-31,0.0,0.0,0.0,0.0,0.0,0.0,0.0,0.0,0.0,0.0
2023-08-01,0.79,1.0,0.79,1.0,7.87,4.0,0.52,0.66,1.64,1.22
2023-08-02,0.0,0.0,0.0,0.0,0.0,0.0,0.0,0.0,0.0,0.0
2023-08-03,0.0,0.0,0.0,0.0,0.0,0.0,0.0,0.0,0.0,0.0
2023-08-04,0.0,0.0,0.0,0.0,0.59,1.0,0.0,0.0,0.59,1.0
2023-08-05,0.0,0.0,0.0,0.0,0.0,0.0,0.0,0.0,0.0,0.0
2023-08-06,0.0,0.0,0.0,0.0,0.0,0.0,0.0,0.0,0.0,0.0
2023-08-07,0.0,0.0,0.0,0.0,0.0,0.0,0.0,0.0,0.0,0.0
2023-08-08,0.0,0.0,0.0,0.0,0.0,0.0,0.0,0.0,0.0,0.0
2023-08-09,0.0,0.0,0.0,0.0,11.92,3.0,0.0,0.0,1.05,0.19
2023-08-10,0.0,0.0,0.0,0.0,5.62,1.0,0.0,0.0,1.13,0.2
2023-08-11,0.0,0.0,1.95,1.0,1.95,1.0,1.67,0.86,1.67,0.86
2023-08-12,3.14,3.0,6.13,4.0,6.13,4.0,0.93,0.72,0.93,0.72
2023-08-13,0.0,0.0,0.0,0.0,0.0,0.0,0.0,0.0,0.0,0.0
2023-08-14,0.0,0.0,0.0,0.0,0.0,0.0,0.0,0.0,0.0,0.0
2023-08-15,0.0,0.0,0.0,0.0,0.0,0.0,0.0,0.0,0.0,0.0
2023-08-16,5.34,2.0,5.34,2.0,9.68,3.0,0.0,0.0,0.63,0.15
2023-08-17,3.8,1.0,3.8,1.0,3.8,1.0,0.0,0.0,0.0,0.0
2023-08-18,9.32,4.0,15.63,6.0,15.63,6.0,2.59,1.24,2.59,1.24
2023-08-19,0.0,0.0,0.0,0.0,0.0,0.0,0.0,0.0,0.0,0.0
2023-08-20,10.87,3.0,10.87,3.0,10.87,3.0,0.0,0.0,0.0,0.0
2023-08-21,0.0,0.0,0.0,0.0,0.0,0.0,0.0,0.0,0.0,0.0
2023-08-22,0.0,0.0,0.0,0.0,0.0,0.0,0.0,0.0,0.0,0.0
2023-08-23,0.0,0.0,0.0,0.0,0.0,0.0,0.0,0.0,0.0,0.0
2023-08-24,0.0,0.0,0.0,0.0,0.0,0.0,0.0,0.0,0.0,0.0
2023-08-25,0.0,0.0,0.0,0.0,0.0,0.0,0.0,0.0,0.0,0.0
2023-08-26,0.0,0.0,0.0,0.0,0.0,0.0,0.0,0.0,0.0,0.0
2023-08-27,0.0,0.0,0.0,0.0,0.0,0.0,0.0,0.0,0.0,0.0
2023-08-28,0.0,0.0,0.0,0.0,0.0,0.0,0.0,0.0,0.0,0.0
2023-08-29,3.95,2.0,3.95,2.0,6.15,4.0,1.44,0.68,1.48,0.72
2023-08-30,6.92,2.0,13.65,4.0,28.92,6.0,5.3,1.19,6.94,1.52
2023-08-31,0.0,0.0,0.0,0.0,0.0,0.0,0.0,0.0,0.0,0.0
2023-09-01,1.19,1.0,1.19,1.0,1.19,1.0,0.21,0.18,0.21,0.18
2023-09-02,3.37,3.0,3.63,4.0,10.27,7.0,1.89,1.38,5.79,2.69
2023-09-03,4.02,2.0,4.02,2.0,12.22,5.0,0.08,0.1,0.78,0.37
2023-09-04,0.0,0.0,0.0,0.0,0.0,0.0,0.0,0.0,0.0,0.0
2023-09-05,0.0,0.0,0.0,0.0,14.8,4.0,0.0,0.0,0.92,0.28
2023-09-06,0.0,0.0,0.0,0.0,2.51,1.0,0.0,0.0,0.0,0.0
2023-09-07,0.0,0.0,11.26,2.0,17.67,4.0,0.0,0.0,0.0,0.0
2023-09-08,0.0,0.0,9.7,3.0,70.22,19.0,0.0,0.0,0.0,0.0
2023-09-09,0.0,0.0,0.0,0.0,12.78,2.0,0.0,0.0,0.0,0.0
2023-09-10,0.0,0.0,0.0,0.0,2.54,1.0,0.0,0.0,0.22,0.09
2023-09-11,0.0,0.0,0.0,0.0,0.0,0.0,0.0,0.0,0.0,0.0
2023-09-12,0.0,0.0,0.0,0.0,4.23,1.0,0.0,0.0,0.0,0.0
2023-09-13,2.87,1.0,2.87,1.0,17.31,5.0,0.0,0.0,0.0,0.0
2023-09-14,0.61,1.0,0.61,1.0,2.83,2.0,0.0,0.0,0.0,0.0
2023-09-15,0.55,1.0,1.92,2.0,12.17,3.0,0.09,0.17,0.09,0.17
2023-09-16,0.0,0.0,0.0,0.0,0.0,0.0,0.0,0.0,0.0,0.0
2023-09-17,0.0,0.0,0.0,0.0,4.01,1.0,0.0,0.0,0.0,0.0
2023-09-18,0.0,0.0,0.0,0.0,0.0,0.0,0.0,0.0,0.0,0.0
2023-09-19,4.71,2.0,11.88,4.0,16.28,5.0,2.97,1.35,2.97,1.35
2023-09-20,0.0,0.0,0.0,0.0,9.29,2.0,0.0,0.0,4.69,1.02
2023-09-21,0.0,0.0,2.18,1.0,4.74,2.0,0.02,0.01,0.66,0.26
2023-09-22,0.0,0.0,0.0,0.0,9.89,3.0,0.0,0.0,1.97,0.57
2023-09-23,0.0,0.0,0.0,0.0,19.15,4.0,0.0,0.0,0.0,0.0
2023-09-24,1.01,2.0,1.01,2.0,1.01,2.0,0.0,0.0,0.0,0.0
2023-09-25,2.94,3.0,2.94,3.0,5.56,4.0,1.71,1.77,4.33,2.77
2023-09-26,0.0,0.0,0.0,0.0,5.9,2.0,0.0,0.0,1.82,0.45
2023-09-27,6.04,4.0,12.93,7.0,40.4,15.0,8.15,4.67,27.05,10.16
2023-09-28,1.83,2.0,9.22,4.0,61.81,15.0,1.77,1.93,40.08,9.73
2023-09-29,11.39,6.0,47.0,17.0,100.47,35.0,17.52,6.85,51.79,17.89
2023-09-30,12.67,6.0,91.17,28.0,202.08,62.0,22.95,8.25,94.89,29.62
2023-10-01,25.04,5.0,63.87,13.0,126.82,27.0,21.9,4.83,79.44,17.67
2023-10-02,1.81,1.0,39.74,7.0,151.34,38.0,7.02,1.8,95.14,25.06
2023-10-03,2.11,1.0,61.13,12.0,163.49,28.0,5.79,1.61,59.56,9.62
2023-10-04,4.87,1.0,97.53,15.0,272.06,59.0,17.7,4.28,108.07,28.23
2023-10-05,9.43,5.0,35.27,15.0,181.36,64.0,11.45,6.34,95.16,31.67
2023-10-06,5.67,1.0,53.44,11.0,132.96,33.0,6.78,1.66,51.51,13.54
2023-10-07,2.52,2.0,16.95,10.0,62.93,24.0,2.89,1.5,28.09,8.2
2023-10-08,5.33,3.0,35.74,13.0,177.57,58.0,2.34,1.08,61.44,18.17
2023-10-09,4.27,3.0,38.82,16.0,191.32,48.0,1.04,0.68,10.07,2.99
2023-10-10,8.04,5.0,48.93,17.0,278.2,77.0,4.67,3.27,162.17,44.35
2023-10-11,22.89,8.0,85.93,28.0,389.27,98.0,25.87,8.93,197.36,44.44
2023-10-12,9.83,3.0,41.09,11.0,215.09,50.0,4.96,1.09,112.12,24.11
2023-10-13,2.49,2.0,33.64,9.0,143.38,35.0,9.43,2.08,89.24,22.37
2023-10-14,5.8,4.0,101.64,20.0,414.38,90.0,4.94,2.13,218.9,48.81
2023-10-15,36.36,7.0,146.03,36.0,735.04,177.0,43.17,12.48,452.62,108.31
2023-10-16,2.35,2.0,49.38,15.0,66.39,21.0,14.21,3.91,19.12,5.67
2023-10-17,0.79,1.0,1.17,2.0,1.17,2.0,0.69,1.37,0.69,1.37
2023-10-18,0.68,1.0,5.08,3.0,35.72,16.0,0.0,0.0,26.93,9.8
2023-10-19,0.0,0.0,3.29,1.0,145.78,30.0,0.0,0.0,126.03,24.55
2023-10-20,4.75,4.0,56.5,18.0,472.13,100.0,10.89,4.85,349.8,67.53
2023-10-21,12.66,6.0,55.0,21.0,460.56,134.0,10.05,3.75,342.57,93.19
2023-10-22,0.0,0.0,33.38,5.0,198.3,43.0,0.42,0.1,123.61,27.18
2023-10-23,0.34,1.0,2.46,2.0,131.98,41.0,1.56,1.54,100.81,30.97
2023-10-24,2.57,2.0,71.98,16.0,514.67,122.0,22.18,5.11,359.77,82.58
2023-10-25,31.65,9.0,78.23,22.0,632.24,114.0,17.32,5.05,461.61,72.95
2023-10-26,10.81,5.0,167.63,30.0,1025.67,205.0,71.69,12.82,538.76,101.46
2023-10-27,11.86,5.0,46.8,14.0,695.13,135.0,6.86,1.85,452.84,80.64
2023-10-28,0.44,1.0,4.38,2.0,108.19,20.0,0.2,0.45,36.68,6.21
2023-10-29,9.3,3.0,9.3,3.0,668.29,117.0,0.01,0.02,1.78,0.62
2023-10-30,0.48,1.0,8.81,4.0,728.57,121.0,0.0,0.0,8.11,2.31
2023-10-31,6.66,3.0,55.94,13.0,1067.06,181.0,13.19,3.83,17.27,5.71
2023-11-01,6.41,3.0,29.58,11.0,1009.08,190.0,3.46,1.1,118.74,29.68
2023-11-02,0.71,1.0,1.18,2.0,2.93,4.0,0.7,0.99,2.12,2.67
2023-11-03,0.0,0.0,0.0,0.0,233.51,46.0,0.0,0.0,173.08,31.59
2023-11-04,3.93,3.0,3.93,3.0,959.33,122.0,3.75,2.87,816.47,98.48
2023-11-05,0.79,2.0,50.3,16.0,1862.14,311.0,38.61,12.52,1731.35,283.75
2023-11-06,4.33,6.0,60.69,20.0,918.81,195.0,12.2,6.45,95.66,25.61
2023-11-07,1.85,3.0,38.98,14.0,818.87,139.0,9.05,3.32,737.69,115.6
2023-11-08,13.15,6.0,23.82,9.0,630.76,103.0,9.89,3.02,578.64,89.11
2023-11-09,0.0,0.0,18.49,3.0,452.88,93.0,0.0,0.0,289.86,59.89
2023-11-10,0.51,1.0,3.57,2.0,5.33,4.0,0.86,0.28,0.92,0.32
2023-11-11,0.0,0.0,12.46,5.0,87.0,31.0,0.02,0.01,45.29,14.07
2023-11-12,10.43,3.0,41.72,15.0,1072.81,175.0,18.05,6.51,734.11,107.22
2023-11-13,0.0,0.0,38.11,5.0,451.81,65.0,8.38,1.9,385.14,54.8
2023-11-14,1.44,2.0,15.97,6.0,354.5,55.0,9.4,2.23,284.48,41.98
2023-11-15,18.46,4.0,30.85,8.0,723.16,112.0,9.86,4.08,538.22,82.98
2023-11-16,14.12,5.0,55.9,16.0,555.71,104.0,25.25,6.27,170.6,32.35
2023-11-17,11.96,6.0,42.17,14.0,388.34,84.0,15.34,6.0,57.14,18.27
2023-11-18,4.37,5.0,49.0,18.0,139.66,47.0,0.82,0.4,1.26,0.57
2023-11-19,5.58,2.0,64.95,19.0,244.86,57.0,2.3,0.67,6.72,2.28
2023-11-20,8.18,4.0,53.55,20.0,208.09,54.0,7.91,2.61,111.21,23.03
2023-11-21,7.81,7.0,60.74,21.0,388.33,87.0,38.58,10.83,246.34,51.29
2023-11-22,8.53,5.0,79.62,29.0,344.57,98.0,33.06,10.43,185.43,43.42
2023-11-23,13.12,4.0,61.76,16.0,272.34,66.0,2.66,1.19,13.03,4.17
2023-11-24,8.96,6.0,47.51,21.0,135.52,46.0,13.98,8.44,72.18,21.63
2023-11-25,0.0,0.0,16.56,6.0,41.13,14.0,0.0,0.0,4.47,1.55
2023-11-26,0.0,0.0,0.0,0.0,27.84,8.0,0.0,0.0,0.45,0.13
2023-11-27,5.71,3.0,34.74,9.0,40.22,12.0,18.92,3.68,21.13,4.67
2023-11-28,1.06,2.0,1.06,2.0,9.38,6.0,0.5,0.97,2.44,1.9
2023-11-29,7.77,3.0,12.43,4.0,91.28,25.0,1.91,0.71,19.42,6.05
2023-11-30,0.0,0.0,5.57,2.0,23.68,5.0,4.01,1.52,9.05,2.72
2023-12-01,2.98,2.0,18.52,5.0,93.15,20.0,4.74,2.03,54.3,12.12
2023-12-02,13.77,8.0,133.04,42.0,263.59,78.0,71.46,22.05,157.66,42.97
2023-12-03,10.86,3.0,95.66,30.0,218.23,84.0,36.4,11.39,91.4,37.72
2023-12-04,10.12,7.0,52.76,20.0,83.15,28.0,20.95,6.49,41.18,11.25
2023-12-05,13.44,6.0,29.58,11.0,101.97,35.0,10.01,2.88,32.34,7.82
2023-12-06,1.9,2.0,84.29,28.0,200.01,64.0,12.35,3.08,40.8,9.33
2023-12-07,14.76,8.0,101.4,29.0,205.49,59.0,6.52,2.71,22.95,6.24
2023-12-08,13.43,5.0,117.99,40.0,211.63,79.0,26.12,9.27,41.52,14.51
2023-12-09,7.3,3.0,83.21,26.0,152.92,46.0,19.58,5.97,26.0,7.74
2023-12-10,10.43,9.0,60.44,25.0,86.73,36.0,11.67,4.77,14.86,5.99
2023-12-11,2.8,1.0,52.69,19.0,117.77,33.0,7.69,2.26,59.53,9.99
2023-12-12,41.03,13.0,133.34,42.0,185.69,59.0,56.2,15.46,67.52,18.78
2023-12-13,31.04,14.0,195.69,69.0,336.16,112.0,62.25,20.94,104.93,34.47
2023-12-14,9.51,8.0,42.97,18.0,97.28,35.0,11.82,3.32,14.8,4.03
2023-12-15,0.5,1.0,47.08,13.0,134.53,32.0,7.48,1.83,16.48,4.04
2023-12-16,20.66,6.0,109.73,33.0,124.79,40.0,17.78,5.18,21.78,6.98
2023-12-17,14.23,6.0,50.24,16.0,84.87,27.0,10.05,4.05,15.62,5.75
2023-12-18,30.65,14.0,105.85,36.0,253.39,63.0,34.53,10.22,46.0,13.43
2023-12-19,24.25,7.0,153.36,42.0,275.26,86.0,29.89,7.29,43.56,11.59
2023-12-20,0.0,0.0,70.67,21.0,139.71,43.0,17.56,4.71,24.37,7.02
2023-12-21,5.66,2.0,59.02,19.0,88.51,32.0,15.53,4.68,25.11,8.18
2023-12-22,5.68,3.0,69.18,28.0,98.45,39.0,15.56,6.04,27.84,10.61
2023-12-23,4.91,3.0,105.77,32.0,184.1,56.0,13.68,5.3,27.48,11.89
2023-12-24,32.36,12.0,166.82,61.0,267.98,101.0,28.16,9.85,45.75,16.75
2023-12-25,10.39,8.0,66.31,27.0,85.16,33.0,9.88,4.54,10.15,4.59
2023-12-26,0.0,0.0,3.69,1.0,5.62,2.0,0.0,0.0,1.84,0.95
2023-12-27,0.0,0.0,6.93,3.0,61.34,20.0,0.7,0.38,6.3,2.0
2023-12-28,0.0,0.0,6.9,3.0,16.45,5.0,0.58,0.25,3.92,0.76
2023-12-29,0.0,0.0,0.0,0.0,12.48,5.0,0.0,0.0,4.08,2.0
2023-12-30,0.0,0.0,0.0,0.0,0.0,0.0,0.0,0.0,0.0,0.0
2023-12-31,0.0,0.0,0.0,0.0,0.0,0.0,0.0,0.0,0.0,0.0
2024-01-01,0.0,0.0,7.86,3.0,7.86,3.0,0.35,0.13,0.35,0.13
2024-01-02,0.0,0.0,43.02,10.0,50.51,12.0,19.01,4.38,22.32,5.11
2024-01-03,1.54,2.0,1.54,2.0,6.68,4.0,1.01,1.4,3.5,2.27
2024-01-04,0.0,0.0,0.0,0.0,12.02,4.0,0.0,0.0,0.03,0.01
2024-01-05,0.0,0.0,0.0,0.0,1.9,2.0,0.0,0.0,0.0,0.0
2024-01-06,0.0,0.0,0.0,0.0,2.0,1.0,0.0,0.0,0.0,0.0
2024-01-07,19.37,4.0,19.37,4.0,22.22,5.0,0.0,0.0,0.09,0.03
2024-01-08,3.73,2.0,26.84,7.0,26.84,7.0,25.82,6.5,25.82,6.5
2024-01-09,0.45,1.0,2.41,2.0,17.14,5.0,0.0,0.0,0.2,0.06
2024-01-10,0.0,0.0,3.48,1.0,21.23,5.0,0.0,0.0,5.67,1.46
2024-01-11,3.64,3.0,24.98,9.0,25.91,10.0,3.43,1.14,3.92,1.68
2024-01-12,6.15,2.0,12.97,4.0,17.69,6.0,6.08,1.99,6.62,2.22
2024-01-13,0.0,0.0,7.64,3.0,7.64,3.0,0.31,0.07,0.31,0.07
2024-01-14,1.02,1.0,13.64,8.0,28.25,14.0,7.43,4.29,10.09,5.35
2024-01-15,9.63,3.0,35.22,14.0,39.73,15.0,5.71,2.71,8.21,3.26
2024-01-16,0.0,0.0,0.0,0.0,0.0,0.0,0.0,0.0,0.0,0.0
2024-01-17,0.0,0.0,13.57,4.0,30.95,7.0,2.25,0.76,2.25,0.76
2024-01-18,3.68,1.0,3.68,1.0,3.68,1.0,0.0,0.0,0.0,0.0
2024-01-19,0.0,0.0,0.0,0.0,0.0,0.0,0.0,0.0,0.0,0.0
2024-01-20,13.18,5.0,84.77,28.0,121.13,40.0,16.24,5.99,20.33,7.22
2024-01-21,0.0,0.0,0.0,0.0,0.0,0.0,0.0,0.0,0.0,0.0
2024-01-22,0.0,0.0,15.01,6.0,29.21,11.0,0.0,0.0,0.0,0.0
2024-01-23,0.0,0.0,0.0,0.0,5.97,1.0,0.0,0.0,0.0,0.0
2024-01-24,0.0,0.0,50.13,15.0,70.47,22.0,14.1,4.49,16.9,5.42
2024-01-25,0.0,0.0,48.45,18.0,65.96,24.0,7.15,2.28,10.95,3.73
2024-01-26,0.0,0.0,48.1,13.0,77.03,20.0,13.63,4.15,18.8,5.09
2024-01-27,7.27,3.0,26.99,12.0,59.01,19.0,0.53,0.3,2.34,0.97
2024-01-28,0.0,0.0,0.0,0.0,0.0,0.0,0.0,0.0,0.0,0.0
2024-01-29,1.41,1.0,89.36,22.0,161.65,38.0,5.25,2.11,47.53,10.72
2024-01-30,0.0,0.0,22.25,6.0,81.69,25.0,8.63,2.76,42.36,12.04
2024-01-31,0.0,0.0,0.0,0.0,0.0,0.0,0.0,0.0,0.0,0.0
2024-02-01,1.35,2.0,1.35,2.0,1.35,2.0,0.15,0.22,0.15,0.22
2024-02-02,0.0,0.0,0.0,0.0,0.0,0.0,0.0,0.0,0.0,0.0
2024-02-03,0.0,0.0,1.95,1.0,12.8,3.0,1.22,0.62,6.17,1.54
2024-02-04,0.0,0.0,0.0,0.0,0.0,0.0,0.0,0.0,0.0,0.0
2024-02-05,0.0,0.0,2.84,1.0,2.84,1.0,0.58,0.2,0.58,0.2
2024-02-06,0.0,0.0,22.43,7.0,28.65,10.0,1.49,0.88,3.93,2.0
2024-02-07,0.0,0.0,35.12,14.0,64.54,25.0,2.42,1.81,5.68,3.78
2024-02-08,2.41,3.0,40.31,10.0,114.88,27.0,0.8,0.98,15.75,3.33
2024-02-09,8.97,5.0,71.06,22.0,204.23,61.0,33.47,7.31,85.15,20.31
2024-02-10,10.57,6.0,98.4,36.0,286.3,84.0,32.35,12.63,86.01,30.16
2024-02-11,5.96,3.0,58.18,21.0,248.71,49.0,21.63,6.45,104.55,18.68
2024-02-12,2.35,3.0,2.35,3.0,8.85,5.0,0.01,0.01,0.01,0.01
2024-02-13,0.81,1.0,29.79,6.0,31.62,8.0,18.49,4.04,19.58,5.15
2024-02-14,2.73,4.0,8.55,7.0,101.61,30.0,3.05,2.06,29.98,7.25
2024-02-15,13.84,10.0,60.54,30.0,183.73,63.0,19.49,10.98,37.28,16.62
2024-02-16,2.91,3.0,36.23,16.0,166.83,51.0,14.85,6.07,26.31,10.45
2024-02-17,0.38,1.0,38.42,10.0,126.21,31.0,15.53,3.91,26.63,7.71
2024-02-18,0.0,0.0,0.0,0.0,30.23,8.0,0.0,0.0,0.15,0.05
2024-02-19,0.0,0.0,0.0,0.0,3.5,2.0,0.0,0.0,0.64,0.34
2024-02-20,0.71,2.0,12.93,5.0,50.16,13.0,0.76,0.54,6.33,2.31
2024-02-21,1.74,1.0,40.07,13.0,147.94,41.0,9.77,4.41,38.52,11.56
2024-02-22,6.12,4.0,45.13,15.0,222.43,64.0,23.53,6.86,78.59,22.93
2024-02-23,3.21,2.0,50.52,12.0,120.45,33.0,22.38,5.83,32.97,10.54
2024-02-24,1.29,2.0,59.93,13.0,122.72,35.0,25.81,7.18,55.55,18.55
2024-02-25,0.0,0.0,3.21,1.0,71.69,18.0,0.0,0.0,49.73,12.35
2024-02-26,0.0,0.0,7.66,1.0,17.15,3.0,7.41,0.97,10.84,1.7
2024-02-27,10.83,4.0,10.83,4.0,31.13,9.0,0.01,0.0,8.99,1.76
2024-02-28,0.87,1.0,17.25,7.0,171.97,34.0,4.54,1.45,53.48,12.11
2024-02-29,6.21,2.0,30.56,7.0,117.82,21.0,8.52,1.98,18.93,4.24
2024-03-01,0.0,0.0,2.31,1.0,2.31,1.0,0.0,0.0,0.0,0.0
2024-03-02,0.0,0.0,0.0,0.0,3.47,1.0,0.0,0.0,0.0,0.0
2024-03-03,1.72,1.0,12.43,4.0,28.96,6.0,5.21,1.5,6.3,1.6
2024-03-04,2.43,3.0,51.31,10.0,69.66,15.0,32.94,3.71,33.75,4.7
2024-03-05,1.92,2.0,14.33,6.0,16.53,7.0,3.91,2.71,4.16,2.83
2024-03-06,5.95,4.0,21.38,7.0,47.61,16.0,10.53,2.42,24.35,6.31
2024-03-07,14.33,8.0,28.82,13.0,88.33,31.0,2.0,2.03,19.82,5.91
2024-03-08,0.0,0.0,26.26,7.0,103.58,30.0,4.92,2.31,18.58,7.87
2024-03-09,3.89,5.0,38.66,9.0,69.76,20.0,25.96,3.13,34.91,6.32
2024-03-10,0.0,0.0,2.85,1.0,13.42,4.0,0.0,0.0,0.36,0.08
2024-03-11,0.62,1.0,3.77,3.0,36.48,15.0,2.31,1.65,26.35,10.22
2024-03-12,6.21,6.0,12.92,8.0,60.8,20.0,7.66,4.08,39.1,10.81
2024-03-13,8.72,5.0,20.78,10.0,36.98,19.0,8.02,3.48,10.56,5.57
2024-03-14,5.42,3.0,22.95,9.0,35.05,14.0,8.97,2.84,12.31,4.18
2024-03-15,1.57,2.0,3.37,3.0,17.64,7.0,0.54,0.51,1.85,0.86
2024-03-16,17.96,7.0,23.33,8.0,49.76,13.0,2.23,1.51,16.26,3.56
2024-03-17,5.63,3.0,25.54,11.0,47.57,17.0,12.5,4.78,33.49,9.49
2024-03-18,45.68,10.0,55.77,14.0,114.5,27.0,3.18,0.94,5.82,1.76
2024-03-19,7.82,7.0,21.13,12.0,72.79,28.0,5.64,2.65,28.25,8.44
2024-03-20,1.22,2.0,1.22,2.0,27.95,8.0,1.15,1.88,21.3,6.41
2024-03-21,5.93,1.0,27.51,6.0,60.04,13.0,0.0,0.0,0.85,0.34
2024-03-22,0.0,0.0,7.66,2.0,66.96,8.0,3.46,0.85,5.01,1.73
2024-03-23,3.08,6.0,23.89,11.0,103.79,30.0,3.72,2.4,34.54,8.35
2024-03-24,0.95,1.0,2.18,3.0,20.05,26.0,0.2,0.34,0.29,0.49
2024-03-25,17.66,10.0,57.65,12.0,90.77,22.0,4.51,0.83,12.32,3.43
2024-03-26,14.15,3.0,26.96,5.0,32.76,7.0,11.54,1.8,12.62,2.11
2024-03-27,0.0,0.0,7.37,2.0,9.53,3.0,5.4,0.93,5.4,0.93
2024-03-28,2.76,4.0,2.76,4.0,2.96,5.0,0.93,1.94,1.09,2.75
2024-03-29,8.81,2.0,25.23,7.0,30.17,10.0,8.52,2.63,10.24,3.27
2024-03-30,3.92,3.0,7.97,4.0,37.21,16.0,1.94,0.69,21.65,8.9
2024-03-31,1.61,2.0,1.61,2.0,155.08,12.0,0.0,0.0,4.52,0.38
2024-04-01,0.0,0.0,6.23,2.0,6.23,2.0,0.96,0.46,0.96,0.46
2024-04-02,1.26,2.0,23.51,6.0,48.77,13.0,0.68,1.03,0.93,1.07
2024-04-03,4.33,5.0,8.6,8.0,14.8,10.0,0.7,1.23,4.26,2.23
2024-04-04,0.0,0.0,12.6,2.0,85.11,20.0,6.08,1.22,44.87,11.72
2024-04-05,5.17,4.0,5.17,4.0,32.03,13.0,3.99,2.82,5.7,3.43
2024-04-06,0.29,1.0,11.65,3.0,135.23,24.0,7.03,1.0,57.6,4.41
2024-04-07,8.76,4.0,8.76,4.0,81.7,21.0,0.3,0.26,16.11,3.71
2024-04-08,6.43,4.0,6.43,4.0,42.8,19.0,0.27,0.4,0.83,0.76
2024-04-09,3.49,2.0,3.72,3.0,46.36,25.0,2.58,1.63,13.34,8.59
2024-04-10,3.04,1.0,17.24,4.0,75.0,19.0,3.14,1.05,46.86,12.57
2024-04-11,6.63,2.0,219.69,9.0,258.33,27.0,1.0,0.25,30.14,13.85
2024-04-12,0.39,1.0,5.14,4.0,56.86,17.0,3.58,2.92,10.68,5.0
2024-04-13,0.0,0.0,3.4,1.0,17.9,6.0,0.45,0.13,1.66,0.91
2024-04-14,0.0,0.0,0.0,0.0,13.7,4.0,0.0,0.0,10.92,3.22
2024-04-15,0.0,0.0,0.0,0.0,0.0,0.0,0.0,0.0,0.0,0.0
2024-04-16,12.6,3.0,28.21,10.0,105.85,27.0,0.0,0.0,15.47,2.38
2024-04-17,5.74,4.0,16.78,9.0,27.34,17.0,2.67,1.55,2.67,1.55
2024-04-18,7.32,6.0,82.78,19.0,280.87,56.0,4.66,2.32,5.21,2.53
2024-04-19,37.75,8.0,107.68,17.0,245.28,48.0,9.3,1.52,12.08,2.43
2024-04-20,59.5,7.0,60.35,8.0,100.34,26.0,20.4,2.65,20.4,2.65
2024-04-21,88.37,5.0,90.5,6.0,245.58,27.0,18.18,1.87,42.07,5.59
2024-04-22,18.62,4.0,164.83,34.0,283.73,70.0,12.37,2.28,28.52,4.18
2024-04-23,36.01,7.0,142.83,22.0,316.35,41.0,41.69,7.12,53.91,7.97
2024-04-24,121.31,10.0,352.19,39.0,542.24,70.0,102.24,10.63,120.48,13.26
2024-04-25,22.47,5.0,72.08,10.0,430.91,61.0,24.6,3.58,183.72,10.75
2024-04-26,106.39,15.0,457.13,55.0,785.14,105.0,115.86,12.07,132.44,14.07
2024-04-27,10.94,5.0,69.98,24.0,161.01,58.0,32.12,9.97,33.19,10.99
2024-04-28,59.97,11.0,727.17,75.0,868.53,99.0,158.02,16.38,230.54,26.15
2024-04-29,82.15,20.0,432.31,55.0,653.6,100.0,269.03,27.64,318.92,41.47
2024-04-30,66.64,11.0,167.89,44.0,384.95,93.0,105.34,29.61,125.26,34.73
2024-05-01,111.7,15.0,754.48,77.0,1149.39,147.0,469.95,42.64,720.88,83.38
2024-05-02,211.72,41.0,914.52,180.0,2132.95,390.0,647.59,125.05,1497.23,269.84
2024-05-03,21.25,5.0,383.71,42.0,626.99,84.0,327.39,31.41,481.11,58.3
2024-05-04,524.66,59.0,1740.87,152.0,5236.24,507.0,1219.34,101.53,3514.59,306.82
2024-05-05,693.23,89.0,2983.03,409.0,6173.9,880.0,2278.11,304.85,4477.91,604.87
2024-05-06,231.39,30.0,1360.94,157.0,3272.22,339.0,1072.71,128.75,2558.62,251.9
2024-05-07,392.08,61.0,1796.33,232.0,6039.07,720.0,29.13,7.5,70.19,21.29
2024-05-08,118.42,30.0,508.89,124.0,1620.01,347.0,9.98,2.96,18.74,6.24
2024-05-09,173.62,30.0,826.81,148.0,1801.1,341.0,29.16,5.59,69.29,14.77
2024-05-10,150.98,31.0,949.67,177.0,2454.17,503.0,67.68,10.3,133.73,25.91
2024-05-11,28.93,7.0,76.21,15.0,481.78,66.0,13.44,2.83,220.43,27.64
2024-05-12,47.33,11.0,333.21,68.0,1885.73,423.0,17.19,5.63,286.98,73.48
2024-05-13,26.76,9.0,576.38,112.0,1891.35,385.0,451.19,86.38,1616.49,327.82
2024-05-14,0.0,0.0,300.78,42.0,2590.15,295.0,233.34,30.62,1913.63,199.44
2024-05-15,45.38,9.0,366.27,62.0,1348.1,196.0,301.77,50.15,1067.14,149.7
2024-05-16,3.1,1.0,60.66,13.0,510.99,91.0,41.61,9.39,307.15,58.31
2024-05-17,0.0,0.0,130.64,14.0,922.35,102.0,72.49,7.05,587.75,58.59
2024-05-18,65.24,17.0,236.54,59.0,804.69,209.0,176.5,42.44,510.24,130.5
2024-05-19,74.71,8.0,134.94,19.0,425.89,79.0,38.11,6.52,139.85,28.76
2024-05-20,69.17,10.0,101.36,15.0,386.05,60.0,47.64,6.13,133.5,15.61
2024-05-21,19.33,7.0,51.04,11.0,270.87,55.0,18.45,2.85,63.51,12.94
2024-05-22,0.0,0.0,88.42,7.0,217.56,31.0,0.0,0.0,2.64,1.89
2024-05-23,8.54,2.0,17.81,6.0,114.84,31.0,6.36,2.65,14.51,5.19
2024-05-24,0.0,0.0,46.57,10.0,171.78,34.0,10.58,2.88,15.96,4.29
2024-05-25,5.4,1.0,19.04,3.0,110.21,17.0,9.72,1.52,53.8,8.68
2024-05-26,2.97,3.0,73.93,11.0,204.56,43.0,52.37,7.18,94.69,18.66
2024-05-27,3.98,3.0,3.98,3.0,142.13,29.0,2.57,1.82,76.36,14.7
2024-05-28,9.3,4.0,42.45,7.0,166.44,26.0,7.7,2.33,65.93,10.63
2024-05-29,7.98,1.0,16.99,3.0,124.0,17.0,0.0,0.0,36.98,2.76
2024-05-30,0.0,0.0,0.0,0.0,0.0,0.0,0.0,0.0,0.0,0.0
2024-05-31,0.0,0.0,0.0,0.0,0.0,0.0,0.0,0.0,0.0,0.0
2024-06-01,0.0,0.0,0.0,0.0,0.0,0.0,0.0,0.0,0.0,0.0
2024-06-02,0.0,0.0,0.0,0.0,0.0,0.0,0.0,0.0,0.0,0.0
2024-06-03,0.0,0.0,0.0,0.0,0.0,0.0,0.0,0.0,0.0,0.0
2024-06-04,2.74,1.0,20.14,2.0,44.4,9.0,0.0,0.0,3.82,1.35
2024-06-05,6.05,2.0,23.3,7.0,119.46,15.0,6.83,1.88,74.59,5.31
2024-06-06,7.28,4.0,7.28,4.0,61.31,18.0,4.9,2.65,24.6,7.67
2024-06-07,0.0,0.0,0.0,0.0,21.23,4.0,0.0,0.0,12.39,2.05
2024-06-08,4.71,1.0,13.87,3.0,33.9,11.0,8.68,1.92,9.49,2.1
2024-06-09,10.19,2.0,25.12,4.0,148.6,21.0,11.46,1.54,52.01,6.88
2024-06-10,15.96,3.0,60.34,8.0,260.19,34.0,37.73,4.28,103.9,10.16
2024-06-11,13.98,4.0,43.12,8.0,275.71,44.0,20.75,3.09,50.01,7.53
2024-06-12,3.38,3.0,6.58,4.0,65.95,16.0,1.02,1.62,1.15,1.64
2024-06-13,39.3,7.0,57.12,10.0,223.06,43.0,15.16,1.81,25.9,4.03
2024-06-14,35.36,7.0,48.97,10.0,204.94,46.0,10.29,2.52,15.6,3.83
2024-06-15,14.68,3.0,14.68,3.0,233.9,35.0,0.79,0.88,25.11,3.48
2024-06-16,89.98,10.0,94.17,12.0,663.67,106.0,33.79,4.3,56.08,9.09
2024-06-17,0.0,0.0,0.0,0.0,191.64,40.0,0.0,0.0,0.01,0.0
2024-06-18,0.0,0.0,4.93,1.0,84.91,21.0,4.78,0.97,7.44,1.77
2024-06-19,0.0,0.0,0.0,0.0,42.95,10.0,0.0,0.0,2.1,0.57
2024-06-20,3.86,1.0,3.86,1.0,12.82,2.0,0.0,0.0,0.0,0.0
2024-06-21,5.47,2.0,5.47,2.0,14.8,5.0,2.85,0.82,5.32,1.8
2024-06-22,0.0,0.0,10.78,2.0,39.85,9.0,5.22,0.96,15.85,3.49
2024-06-23,0.0,0.0,0.0,0.0,9.17,2.0,0.0,0.0,0.0,0.0
2024-06-24,0.0,0.0,0.0,0.0,12.96,2.0,0.0,0.0,0.0,0.0
2024-06-25,0.0,0.0,0.0,0.0,0.0,0.0,0.0,0.0,0.0,0.0
2024-06-26,0.0,0.0,0.0,0.0,0.0,0.0,0.0,0.0,0.0,0.0
2024-06-27,0.0,0.0,0.0,0.0,3.17,1.0,0.0,0.0,0.0,0.0
2024-06-28,0.0,0.0,0.0,0.0,0.0,0.0,0.0,0.0,0.0,0.0
2024-06-29,0.0,0.0,13.84,2.0,87.81,14.0,0.0,0.0,0.0,0.0
2024-06-30,0.0,0.0,0.0,0.0,3.26,1.0,0.0,0.0,3.24,0.99
2024-07-01,0.0,0.0,0.0,0.0,0.0,0.0,0.0,0.0,0.0,0.0
2024-07-02,2.16,1.0,4.04,2.0,4.04,2.0,1.25,0.67,1.25,0.67
2024-07-03,0.0,0.0,0.0,0.0,0.0,0.0,0.0,0.0,0.0,0.0
2024-07-04,0.0,0.0,0.0,0.0,0.0,0.0,0.0,0.0,0.0,0.0
2024-07-05,0.0,0.0,0.0,0.0,0.0,0.0,0.0,0.0,0.0,0.0
2024-07-06,0.0,0.0,0.0,0.0,0.0,0.0,0.0,0.0,0.0,0.0
2024-07-07,0.0,0.0,0.0,0.0,0.0,0.0,0.0,0.0,0.0,0.0
2024-07-08,2.74,2.0,3.9,3.0,3.9,3.0,0.01,0.01,0.01,0.01
2024-07-09,0.4,1.0,0.4,1.0,0.4,1.0,0.0,0.0,0.0,0.0
2024-07-10,0.0,0.0,0.0,0.0,0.0,0.0,0.0,0.0,0.0,0.0
2024-07-11,0.0,0.0,0.0,0.0,0.0,0.0,0.0,0.0,0.0,0.0
2024-07-12,0.0,0.0,0.0,0.0,0.0,0.0,0.0,0.0,0.0,0.0
2024-07-13,0.0,0.0,0.0,0.0,0.0,0.0,0.0,0.0,0.0,0.0
2024-07-14,0.0,0.0,0.0,0.0,0.0,0.0,0.0,0.0,0.0,0.0
2024-07-15,0.0,0.0,0.0,0.0,0.0,0.0,0.0,0.0,0.0,0.0
2024-07-16,0.0,0.0,0.0,0.0,0.0,0.0,0.0,0.0,0.0,0.0
2024-07-17,4.02,1.0,4.02,1.0,4.97,2.0,0.0,0.0,0.0,0.0
2024-07-18,1.58,1.0,1.58,1.0,10.72,2.0,0.0,0.0,0.0,0.0
2024-07-19,0.0,0.0,0.0,0.0,0.0,0.0,0.0,0.0,0.0,0.0
2024-07-20,1.28,1.0,1.28,1.0,1.28,1.0,0.0,0.0,0.0,0.0
2024-07-21,20.1,5.0,38.99,9.0,91.32,25.0,16.37,4.16,32.21,8.96
2024-07-22,0.0,0.0,0.0,0.0,0.0,0.0,0.0,0.0,0.0,0.0
2024-07-23,0.0,0.0,7.45,3.0,9.81,4.0,2.05,1.38,2.05,1.38
2024-07-24,0.0,0.0,0.0,0.0,0.0,0.0,0.0,0.0,0.0,0.0
2024-07-25,0.0,0.0,0.0,0.0,0.0,0.0,0.0,0.0,0.0,0.0
2024-07-26,0.0,0.0,0.0,0.0,0.0,0.0,0.0,0.0,0.0,0.0
2024-07-27,0.0,0.0,0.0,0.0,0.0,0.0,0.0,0.0,0.0,0.0
2024-07-28,0.0,0.0,0.0,0.0,0.0,0.0,0.0,0.0,0.0,0.0
2024-07-29,8.02,4.0,8.02,4.0,8.02,4.0,2.69,0.85,2.69,0.85
2024-07-30,0.0,0.0,0.0,0.0,1.7,1.0,0.0,0.0,0.37,0.22
2024-07-31,0.0,0.0,0.0,0.0,0.0,0.0,0.0,0.0,0.0,0.0
2024-08-01,0.0,0.0,0.0,0.0,0.0,0.0,0.0,0.0,0.0,0.0
2024-08-02,0.0,0.0,0.0,0.0,0.0,0.0,0.0,0.0,0.0,0.0
2024-08-03,0.0,0.0,0.0,0.0,0.0,0.0,0.0,0.0,0.0,0.0
2024-08-04,2.75,1.0,2.75,1.0,4.92,2.0,0.0,0.0,2.14,0.99
2024-08-05,3.68,1.0,3.68,1.0,3.68,1.0,0.0,0.0,0.0,0.0
2024-08-06,0.0,0.0,0.0,0.0,0.0,0.0,0.0,0.0,0.0,0.0
2024-08-07,0.0,0.0,0.0,0.0,0.0,0.0,0.0,0.0,0.0,0.0
2024-08-08,0.0,0.0,0.0,0.0,0.0,0.0,0.0,0.0,0.0,0.0
2024-08-09,3.66,2.0,3.66,2.0,11.66,5.0,1.02,0.77,1.02,0.77
2024-08-10,0.0,0.0,0.0,0.0,0.0,0.0,0.0,0.0,0.0,0.0
2024-08-11,0.0,0.0,0.0,0.0,0.5,1.0,0.0,0.0,0.44,0.88
2024-08-12,0.0,0.0,0.0,0.0,0.0,0.0,0.0,0.0,0.0,0.0
2024-08-13,0.0,0.0,0.0,0.0,0.0,0.0,0.0,0.0,0.0,0.0
2024-08-14,0.0,0.0,0.0,0.0,0.0,0.0,0.0,0.0,0.0,0.0
2024-08-15,0.0,0.0,0.0,0.0,2.64,1.0,0.0,0.0,1.59,0.6
2024-08-16,0.0,0.0,0.0,0.0,0.0,0.0,0.0,0.0,0.0,0.0
2024-08-17,0.0,0.0,0.0,0.0,0.0,0.0,0.0,0.0,0.0,0.0
2024-08-18,0.0,0.0,0.0,0.0,2.65,1.0,0.0,0.0,0.04,0.01
2024-08-19,0.0,0.0,0.0,0.0,0.0,0.0,0.0,0.0,0.0,0.0
2024-08-20,1.36,1.0,1.36,1.0,1.36,1.0,0.39,0.29,0.39,0.29
2024-08-21,0.0,0.0,0.0,0.0,0.0,0.0,0.0,0.0,0.0,0.0
2024-08-22,0.0,0.0,0.0,0.0,0.0,0.0,0.0,0.0,0.0,0.0
2024-08-23,0.0,0.0,0.0,0.0,0.0,0.0,0.0,0.0,0.0,0.0
2024-08-24,0.0,0.0,0.0,0.0,3.88,1.0,0.0,0.0,1.11,0.29
2024-08-25,3.86,5.0,4.33,6.0,34.68,14.0,0.28,0.55,0.55,0.62
2024-08-26,0.0,0.0,0.0,0.0,7.45,1.0,0.0,0.0,0.0,0.0
2024-08-27,0.0,0.0,0.0,0.0,0.0,0.0,0.0,0.0,0.0,0.0
2024-08-28,0.0,0.0,0.0,0.0,0.0,0.0,0.0,0.0,0.0,0.0
2024-08-29,0.0,0.0,0.0,0.0,0.0,0.0,0.0,0.0,0.0,0.0
2024-08-30,0.0,0.0,1.55,2.0,1.55,2.0,0.0,0.0,0.0,0.0
2024-08-31,0.0,0.0,0.0,0.0,2.73,1.0,0.0,0.0,0.49,0.18
2024-09-01,2.08,1.0,9.74,2.0,27.1,6.0,7.08,1.35,20.28,4.52
2024-09-02,0.0,0.0,0.0,0.0,0.0,0.0,0.0,0.0,0.0,0.0
2024-09-03,0.0,0.0,0.0,0.0,0.0,0.0,0.0,0.0,0.0,0.0
2024-09-04,0.0,0.0,1.02,1.0,1.02,1.0,0.17,0.17,0.17,0.17
2024-09-05,5.59,2.0,5.59,2.0,5.59,2.0,1.25,0.91,1.25,0.91
2024-09-06,0.0,0.0,0.0,0.0,0.0,0.0,0.0,0.0,0.0,0.0
2024-09-07,0.0,0.0,0.0,0.0,0.0,0.0,0.0,0.0,0.0,0.0
2024-09-08,0.0,0.0,0.0,0.0,0.0,0.0,0.0,0.0,0.0,0.0
2024-09-09,2.59,1.0,2.59,1.0,4.07,2.0,0.0,0.0,0.0,0.0
2024-09-10,3.4,1.0,5.19,2.0,5.19,2.0,3.04,0.89,3.04,0.89
2024-09-11,0.0,0.0,0.0,0.0,0.0,0.0,0.0,0.0,0.0,0.0
2024-09-12,0.0,0.0,0.0,0.0,0.0,0.0,0.0,0.0,0.0,0.0
2024-09-13,0.0,0.0,0.0,0.0,0.0,0.0,0.0,0.0,0.0,0.0
2024-09-14,0.0,0.0,0.0,0.0,0.0,0.0,0.0,0.0,0.0,0.0
2024-09-15,0.0,0.0,0.0,0.0,0.0,0.0,0.0,0.0,0.0,0.0
2024-09-16,2.56,2.0,2.56,2.0,2.56,2.0,1.28,0.82,1.28,0.82
2024-09-17,0.0,0.0,0.0,0.0,0.0,0.0,0.0,0.0,0.0,0.0
2024-09-18,0.0,0.0,0.0,0.0,0.0,0.0,0.0,0.0,0.0,0.0
2024-09-19,1.34,1.0,1.34,1.0,1.34,1.0,0.1,0.07,0.1,0.07
2024-09-20,4.66,2.0,4.66,2.0,10.03,5.0,2.37,0.99,2.48,1.12
2024-09-21,0.0,0.0,0.0,0.0,38.83,11.0,0.0,0.0,0.0,0.0
2024-09-22,1.38,2.0,1.38,2.0,83.76,17.0,0.67,1.0,47.99,9.47
2024-09-23,0.0,0.0,0.0,0.0,41.68,13.0,0.0,0.0,6.0,1.77
2024-09-24,0.0,0.0,0.0,0.0,16.06,4.0,0.0,0.0,5.62,1.34
2024-09-25,0.29,1.0,3.07,2.0,74.89,20.0,0.12,0.43,0.12,0.43
2024-09-26,0.0,0.0,0.0,0.0,0.0,0.0,0.0,0.0,0.0,0.0
2024-09-27,1.96,2.0,1.96,2.0,1.96,2.0,0.0,0.0,0.0,0.0
2024-09-28,0.65,1.0,0.65,1.0,0.65,1.0,0.0,0.0,0.0,0.0
2024-09-29,0.0,0.0,0.42,1.0,0.42,1.0,0.01,0.02,0.01,0.02
2024-09-30,6.9,2.0,18.97,5.0,25.19,7.0,3.79,1.3,6.55,2.05
2024-10-01,1.71,2.0,4.37,4.0,24.34,9.0,0.24,0.19,9.18,2.47
2024-10-02,31.4,6.0,76.86,18.0,141.51,36.0,4.65,1.71,11.49,3.14
2024-10-03,4.7,1.0,18.33,5.0,35.04,13.0,3.81,0.97,5.28,1.42
2024-10-04,0.0,0.0,0.0,0.0,32.04,10.0,0.0,0.0,1.99,0.64
2024-10-05,3.37,2.0,19.86,4.0,97.95,18.0,0.58,0.4,8.66,2.39
2024-10-06,7.12,4.0,80.5,22.0,198.38,54.0,3.54,1.51,76.75,20.45
2024-10-07,12.59,7.0,67.52,27.0,132.21,52.0,9.73,4.76,54.39,20.97
2024-10-08,3.95,2.0,105.25,25.0,220.92,56.0,4.67,1.62,77.86,22.86
2024-10-09,2.9,1.0,14.36,4.0,61.47,17.0,0.0,0.0,22.53,6.07
2024-10-10,27.16,6.0,120.3,29.0,289.43,65.0,22.62,5.64,127.46,27.94
2024-10-11,13.27,7.0,102.26,33.0,221.89,64.0,17.37,4.36,53.12,12.35
2024-10-12,33.03,11.0,188.1,56.0,640.08,164.0,13.74,4.22,48.78,11.89
2024-10-13,13.98,4.0,34.65,10.0,276.99,68.0,10.6,2.74,119.53,27.25
2024-10-14,1.84,2.0,1.84,2.0,51.04,16.0,1.03,0.88,11.32,4.42
2024-10-15,6.28,4.0,40.59,14.0,206.34,42.0,9.0,3.77,81.96,14.29
2024-10-16,6.79,1.0,30.78,8.0,69.64,16.0,7.5,2.71,17.64,4.81
2024-10-17,19.81,10.0,43.79,19.0,454.12,96.0,2.01,1.73,27.38,8.4
2024-10-18,18.84,8.0,58.2,19.0,259.29,76.0,22.63,5.65,41.06,12.03
2024-10-19,9.72,6.0,38.31,15.0,147.6,47.0,22.55,8.88,31.14,13.05
2024-10-20,0.46,1.0,8.45,4.0,119.06,27.0,1.81,0.5,2.2,0.59
2024-10-21,11.17,6.0,56.43,15.0,81.52,26.0,7.29,2.09,10.76,3.97
2024-10-22,6.15,4.0,27.96,10.0,238.42,51.0,0.51,0.49,80.72,14.7
2024-10-23,15.64,5.0,65.93,22.0,261.14,81.0,16.28,4.66,102.64,29.56
2024-10-24,12.65,3.0,47.38,10.0,202.74,44.0,0.31,0.07,82.12,18.24
2024-10-25,22.28,6.0,27.78,10.0,201.15,48.0,15.77,3.1,126.36,26.33
2024-10-26,1.76,1.0,38.72,12.0,104.75,35.0,4.84,1.69,38.91,13.66
2024-10-27,0.0,0.0,37.27,11.0,164.32,40.0,25.15,8.38,25.97,8.77
2024-10-28,0.9,1.0,34.44,13.0,214.59,58.0,25.12,9.42,47.5,16.84
2024-10-29,7.47,2.0,27.4,8.0,136.53,38.0,17.32,5.03,53.21,17.15
2024-10-30,0.0,0.0,43.61,12.0,291.29,34.0,1.24,0.33,189.0,14.36
2024-10-31,0.0,0.0,49.05,19.0,357.37,77.0,16.47,5.4,233.58,43.18
2024-11-01,13.55,4.0,95.67,23.0,625.64,109.0,6.14,2.43,326.62,47.24
2024-11-02,70.66,9.0,107.85,23.0,454.01,107.0,15.67,2.54,28.12,7.02
2024-11-03,0.0,0.0,0.0,0.0,0.0,0.0,0.0,0.0,0.0,0.0
2024-11-04,0.0,0.0,0.0,0.0,0.0,0.0,0.0,0.0,0.0,0.0
2024-11-05,0.0,0.0,0.0,0.0,0.0,0.0,0.0,0.0,0.0,0.0
2024-11-06,0.0,0.0,0.0,0.0,0.74,1.0,0.0,0.0,0.05,0.07
2024-11-07,1.66,2.0,4.5,4.0,397.2,60.0,0.04,0.11,8.81,3.81
2024-11-08,3.41,1.0,49.33,15.0,300.15,78.0,14.31,4.35,25.61,10.1
2024-11-09,3.18,3.0,43.57,12.0,303.23,61.0,8.64,3.58,15.13,6.7
2024-11-10,1.7,3.0,11.84,5.0,128.84,32.0,0.83,0.88,5.24,2.69
2024-11-11,0.0,0.0,4.32,1.0,197.76,54.0,0.0,0.0,0.68,0.37
2024-11-12,14.79,7.0,41.85,17.0,231.39,52.0,4.68,1.82,94.76,17.18
2024-11-13,5.37,6.0,32.53,18.0,79.3,39.0,4.57,3.24,10.33,5.59
2024-11-14,2.75,3.0,35.45,15.0,64.52,26.0,11.44,3.68,15.11,4.69
2024-11-15,8.36,6.0,24.22,10.0,234.18,44.0,3.41,1.26,162.1,22.68
2024-11-16,0.0,0.0,19.98,5.0,272.67,53.0,13.04,3.02,176.12,34.26
2024-11-17,5.7,1.0,23.08,7.0,64.18,18.0,4.68,1.59,23.34,5.1
2024-11-18,34.92,9.0,49.36,14.0,161.68,49.0,6.35,2.31,49.09,17.6
2024-11-19,3.21,2.0,60.92,19.0,317.67,94.0,5.86,2.67,105.22,25.79
2024-11-20,8.68,2.0,35.79,12.0,193.68,55.0,13.57,4.45,78.39,20.08
2024-11-21,0.47,1.0,19.09,9.0,207.31,47.0,5.17,2.04,86.73,11.96
2024-11-22,3.98,3.0,14.1,7.0,134.88,36.0,2.94,0.69,64.22,10.04
2024-11-23,1.84,3.0,140.11,37.0,367.53,98.0,13.79,3.79,37.31,10.03
2024-11-24,12.96,6.0,117.7,41.0,432.01,144.0,33.45,11.55,154.66,48.56
2024-11-25,1.54,2.0,24.05,8.0,124.67,38.0,1.58,1.66,33.96,10.07
2024-11-26,0.99,2.0,32.66,15.0,110.68,35.0,0.79,0.8,12.03,4.67
2024-11-27,5.28,4.0,52.35,18.0,109.2,37.0,21.52,8.42,55.45,18.59
2024-11-28,3.98,4.0,71.46,27.0,186.47,62.0,16.35,5.15,60.06,17.23
2024-11-29,9.5,5.0,82.28,32.0,241.49,87.0,33.44,15.08,110.6,40.73
2024-11-30,34.96,10.0,111.93,32.0,251.69,78.0,8.23,3.45,39.62,10.68
2024-12-01,19.17,8.0,37.18,12.0,144.44,43.0,4.21,1.71,22.46,5.95
2024-12-02,8.84,5.0,45.94,19.0,64.87,26.0,15.18,6.07,15.23,6.08
2024-12-03,21.73,7.0,41.63,13.0,119.52,34.0,8.98,3.19,23.72,7.87
2024-12-04,6.41,6.0,17.23,10.0,119.5,48.0,6.48,3.61,33.27,13.92
2024-12-05,12.59,6.0,52.69,19.0,262.67,69.0,1.56,0.87,28.22,6.48
2024-12-06,9.02,10.0,44.0,23.0,130.09,45.0,12.83,6.93,25.86,9.59
2024-12-07,11.11,3.0,61.19,20.0,182.89,62.0,31.36,10.52,108.39,38.54
2024-12-08,5.31,4.0,49.16,21.0,175.88,58.0,20.95,9.11,49.27,19.67
2024-12-09,3.48,6.0,73.28,25.0,118.82,43.0,55.96,17.27,73.01,23.05
2024-12-10,11.9,6.0,69.02,28.0,222.42,80.0,17.9,3.27,34.6,8.86
2024-12-11,26.35,8.0,88.99,27.0,289.38,83.0,6.93,2.38,37.79,8.28
2024-12-12,3.43,3.0,15.99,9.0,115.47,31.0,2.68,1.51,12.9,5.45
2024-12-13,35.86,9.0,82.78,17.0,132.09,35.0,10.96,3.17,18.46,6.46
2024-12-14,15.95,7.0,91.97,19.0,231.03,59.0,47.01,2.85,61.16,6.14
2024-12-15,23.7,9.0,196.72,70.0,385.46,138.0,18.94,7.36,35.05,13.46
2024-12-16,29.53,9.0,174.79,55.0,383.41,125.0,31.49,10.73,69.76,21.57
2024-12-17,6.71,4.0,134.1,35.0,218.21,58.0,26.79,7.35,54.07,12.95
2024-12-18,5.72,2.0,57.69,21.0,128.95,44.0,6.67,2.08,15.26,4.23
2024-12-19,3.83,1.0,16.47,3.0,92.37,24.0,4.32,1.1,30.0,8.47
2024-12-20,15.52,8.0,123.6,45.0,274.97,92.0,60.05,21.22,135.47,44.18
2024-12-21,22.67,10.0,130.52,47.0,353.67,126.0,50.52,15.14,127.45,36.59
2024-12-22,9.13,6.0,126.26,45.0,288.15,93.0,21.74,7.94,30.44,10.9
2024-12-23,0.0,0.0,9.51,4.0,9.51,4.0,8.96,3.79,8.96,3.79
2024-12-24,0.88,1.0,10.15,4.0,22.55,9.0,3.91,1.15,13.66,5.04
2024-12-25,11.6,8.0,104.04,35.0,282.04,85.0,21.68,8.51,59.94,18.08
2024-12-26,22.98,7.0,172.04,64.0,365.25,136.0,82.69,33.87,194.38,78.62
2024-12-27,0.0,0.0,0.0,0.0,0.0,0.0,0.0,0.0,0.0,0.0
2024-12-28,0.0,0.0,0.0,0.0,0.0,0.0,0.0,0.0,0.0,0.0
2024-12-29,0.0,0.0,0.0,0.0,0.0,0.0,0.0,0.0,0.0,0.0
2024-12-30,0.0,0.0,0.0,0.0,0.0,0.0,0.0,0.0,0.0,0.0
2024-12-31,0.0,0.0,2.37,1.0,4.21,2.0,1.1,0.47,1.1,0.47
2025-01-01,0.0,0.0,10.21,1.0,10.21,1.0,0.0,0.0,0.0,0.0
2025-01-02,0.0,0.0,0.0,0.0,0.0,0.0,0.0,0.0,0.0,0.0
2025-01-03,0.0,0.0,0.0,0.0,0.52,1.0,0.0,0.0,0.0,0.0
2025-01-04,0.0,0.0,13.32,4.0,21.61,6.0,0.0,0.0,0.0,0.0
2025-01-05,6.85,2.0,66.48,18.0,187.25,50.0,13.23,4.29,27.82,8.45
2025-01-06,0.0,0.0,29.7,8.0,66.38,20.0,2.08,0.45,8.48,2.44
2025-01-07,2.56,4.0,2.56,4.0,3.72,5.0,0.0,0.0,1.16,1.0
2025-01-08,3.31,3.0,59.46,20.0,92.46,32.0,8.89,3.11,17.73,5.48
2025-01-09,0.0,0.0,9.44,5.0,33.99,15.0,4.18,1.68,9.91,4.03
2025-01-10,0.0,0.0,5.39,2.0,51.33,15.0,0.7,0.28,18.08,5.98
2025-01-11,0.77,1.0,6.3,3.0,73.78,27.0,1.23,0.45,25.86,9.61
2025-01-12,2.25,2.0,2.25,2.0,2.25,2.0,0.0,0.0,0.0,0.0
2025-01-13,8.86,2.0,10.86,3.0,15.41,6.0,0.55,0.27,1.73,1.32
2025-01-14,0.97,1.0,2.87,2.0,18.22,7.0,0.66,0.35,7.28,2.89
2025-01-15,0.0,0.0,0.0,0.0,2.63,1.0,0.0,0.0,0.13,0.05
2025-01-16,1.34,2.0,1.34,2.0,3.98,4.0,0.63,0.77,1.28,1.84
2025-01-17,0.0,0.0,4.18,2.0,42.28,15.0,0.23,0.09,2.1,0.55
2025-01-18,3.08,3.0,7.27,4.0,7.27,4.0,0.0,0.0,0.0,0.0
2025-01-19,8.25,4.0,38.94,15.0,116.37,34.0,8.77,3.61,23.04,7.14
2025-01-20,1.27,2.0,40.39,15.0,90.35,30.0,11.78,4.45,14.71,5.51
2025-01-21,9.23,4.0,117.73,37.0,261.64,57.0,56.3,13.62,64.08,14.52
2025-01-22,29.44,11.0,117.97,45.0,236.86,87.0,17.88,7.38,26.81,9.72
2025-01-23,2.59,2.0,29.86,13.0,94.51,34.0,8.05,4.1,17.71,7.72
2025-01-24,5.39,2.0,54.4,16.0,139.18,38.0,3.02,1.03,29.81,3.76
2025-01-25,2.0,1.0,165.73,26.0,300.84,57.0,5.93,1.64,22.63,5.48
2025-01-26,16.92,7.0,110.83,21.0,183.84,45.0,10.31,2.58,14.43,3.71
2025-01-27,7.59,5.0,73.82,28.0,218.68,71.0,3.26,1.06,34.68,7.9
2025-01-28,7.69,2.0,64.17,19.0,151.65,45.0,6.94,1.47,18.16,4.69
2025-01-29,4.46,2.0,61.22,12.0,112.5,24.0,9.62,1.02,27.72,4.05
2025-01-30,1.53,2.0,61.42,18.0,191.53,50.0,4.24,1.73,21.0,6.01
2025-01-31,18.28,7.0,56.53,23.0,132.9,48.0,7.89,3.83,9.46,4.37
2025-02-01,14.71,10.0,115.64,39.0,294.93,94.0,56.2,15.49,141.91,39.57
2025-02-02,10.29,5.0,97.49,33.0,253.46,82.0,22.44,6.65,37.72,12.14
2025-02-03,2.48,1.0,51.2,12.0,188.67,39.0,27.68,5.24,95.39,18.26
2025-02-04,0.37,1.0,0.71,2.0,2.29,3.0,0.16,0.47,1.66,1.42
2025-02-05,1.64,3.0,129.09,18.0,212.26,32.0,46.07,4.73,60.1,7.96
2025-02-06,1.52,3.0,31.48,11.0,143.01,36.0,6.64,3.83,13.87,5.79
2025-02-07,46.42,6.0,84.81,19.0,223.96,46.0,15.79,2.45,28.49,5.14
2025-02-08,5.02,3.0,37.89,15.0,261.66,45.0,4.63,2.06,12.21,3.09
2025-02-09,10.42,5.0,69.8,22.0,142.36,49.0,41.78,9.57,46.75,10.81
2025-02-10,2.34,4.0,55.26,18.0,241.17,44.0,8.97,2.35,10.65,3.22
2025-02-11,15.91,7.0,60.25,18.0,175.09,47.0,19.99,6.26,35.13,10.32
2025-02-12,10.62,7.0,62.45,19.0,300.5,71.0,12.68,2.89,46.5,11.55
2025-02-13,6.8,4.0,33.54,10.0,122.08,36.0,11.47,3.22,30.73,8.53
2025-02-14,25.34,13.0,32.33,15.0,170.05,32.0,4.78,5.25,17.19,7.22
2025-02-15,2.27,3.0,32.5,9.0,78.9,24.0,9.2,1.93,38.24,12.39
2025-02-16,5.84,4.0,40.18,10.0,64.88,17.0,15.2,2.96,28.0,6.4
2025-02-17,0.51,1.0,31.66,11.0,105.16,33.0,8.98,4.65,27.12,13.25
2025-02-18,10.84,6.0,82.74,25.0,258.39,66.0,24.29,6.12,35.16,7.41
2025-02-19,0.95,1.0,7.73,2.0,36.25,8.0,0.0,0.0,0.25,0.08
2025-02-20,5.99,5.0,9.92,6.0,15.58,7.0,3.27,1.25,3.27,1.25
2025-02-21,1.64,2.0,61.22,10.0,107.52,18.0,36.48,3.85,41.83,5.86
2025-02-22,3.3,4.0,20.81,8.0,36.9,11.0,13.98,3.34,14.87,3.5
2025-02-23,2.35,3.0,44.65,20.0,232.37,65.0,9.65,3.67,32.07,10.52
2025-02-24,6.92,10.0,30.98,18.0,101.52,38.0,8.82,3.75,14.28,5.34
2025-02-25,8.09,2.0,27.93,9.0,59.64,22.0,0.07,0.04,0.07,0.04
2025-02-26,0.0,0.0,6.41,2.0,60.92,15.0,0.0,0.0,0.17,0.08
2025-02-27,0.0,0.0,0.0,0.0,0.0,0.0,0.0,0.0,0.0,0.0
2025-02-28,0.71,1.0,2.24,2.0,244.17,24.0,0.91,1.08,0.91,1.08
2025-03-01,0.0,0.0,0.0,0.0,15.58,5.0,0.0,0.0,10.69,2.84
2025-03-02,2.61,4.0,10.13,7.0,16.22,10.0,5.75,4.58,9.39,5.84
2025-03-03,0.57,1.0,22.25,4.0,54.11,16.0,0.92,1.01,0.92,1.01
2025-03-04,4.76,5.0,18.89,10.0,109.0,25.0,4.49,4.05,16.9,6.88
2025-03-05,30.92,14.0,49.28,19.0,286.36,39.0,34.63,9.8,52.03,13.16
2025-03-06,50.78,12.0,84.82,18.0,310.76,53.0,7.44,4.78,30.46,7.21
2025-03-07,15.4,7.0,20.76,8.0,60.68,21.0,14.31,3.62,20.01,6.17
2025-03-08,0.5,1.0,0.5,1.0,75.71,15.0,0.0,0.0,3.35,1.43
2025-03-09,18.11,4.0,18.11,4.0,41.09,9.0,10.09,2.32,15.09,3.24
2025-03-10,6.18,5.0,34.98,13.0,90.3,27.0,7.96,2.6,9.87,3.02
2025-03-11,3.98,5.0,6.06,7.0,20.91,15.0,2.83,3.13,5.38,4.22
2025-03-12,4.79,3.0,22.89,6.0,52.2,15.0,3.05,2.98,9.08,4.54
2025-03-13,0.53,1.0,7.85,5.0,374.04,27.0,5.36,2.8,219.99,13.28
2025-03-14,0.0,0.0,9.85,3.0,15.28,4.0,2.26,1.09,2.26,1.09
2025-03-15,3.93,5.0,4.23,6.0,4.68,7.0,2.01,2.66,2.46,3.66
2025-03-16,15.73,10.0,41.78,17.0,162.71,37.0,15.76,5.73,52.55,10.63
2025-03-17,3.76,2.0,6.85,3.0,52.09,15.0,0.0,0.0,4.04,1.17
2025-03-18,4.57,3.0,8.28,4.0,32.67,11.0,1.64,0.44,2.06,0.97
2025-03-19,39.3,6.0,44.98,9.0,89.46,22.0,37.68,5.57,51.97,10.04
2025-03-20,10.7,12.0,20.86,18.0,135.52,44.0,2.24,3.83,16.3,8.15
2025-03-21,26.47,6.0,39.02,8.0,124.79,36.0,13.24,1.88,18.41,3.82
2025-03-22,4.04,3.0,16.99,7.0,85.54,29.0,1.86,1.09,6.65,2.18
2025-03-23,1.91,3.0,29.39,7.0,112.25,24.0,0.52,0.86,0.52,0.86
2025-03-24,1.57,2.0,1.57,2.0,64.2,20.0,0.93,1.25,0.95,1.3
2025-03-25,1.7,2.0,8.85,5.0,65.13,16.0,0.0,0.0,0.31,0.02
2025-03-26,5.17,1.0,16.59,4.0,87.74,24.0,0.85,0.28,1.11,0.32
2025-03-27,1.29,1.0,18.38,6.0,140.54,36.0,2.43,1.25,4.8,2.19
2025-03-28,48.46,5.0,49.32,6.0,106.68,25.0,3.85,1.14,6.74,3.45
2025-03-29,3.47,5.0,4.27,6.0,49.23,20.0,1.02,1.72,1.02,1.72
2025-03-30,5.41,2.0,13.4,5.0,113.4,29.0,2.67,1.59,3.17,1.86
2025-03-31,0.89,1.0,2.28,2.0,37.06,16.0,0.28,0.31,0.91,1.31
2025-04-01,48.18,8.0,48.18,8.0,160.15,35.0,13.69,1.37,18.45,2.42
2025-04-02,9.25,2.0,39.57,8.0,129.26,21.0,5.44,2.14,5.44,2.14
2025-04-03,0.0,0.0,1.47,1.0,99.39,25.0,0.0,0.0,0.0,0.0
2025-04-04,0.0,0.0,28.82,9.0,219.53,49.0,2.6,1.55,3.52,1.71
2025-04-05,16.93,6.0,22.27,9.0,131.93,41.0,7.55,1.07,11.19,3.1
2025-04-06,4.97,3.0,12.37,9.0,94.82,32.0,0.78,1.1,2.66,1.38
2025-04-07,4.86,4.0,21.96,8.0,172.59,49.0,11.73,3.7,83.34,24.28
2025-04-08,14.3,3.0,26.16,6.0,61.04,14.0,10.33,1.76,11.38,2.1
2025-04-09,6.48,1.0,12.98,3.0,40.83,12.0,0.0,0.0,11.66,4.17
2025-04-10,0.0,0.0,0.0,0.0,12.77,4.0,0.0,0.0,8.71,1.46
2025-04-11,2.39,4.0,5.89,6.0,62.48,20.0,1.17,1.62,8.89,5.03
2025-04-12,0.89,2.0,8.41,4.0,30.71,13.0,2.6,0.62,12.23,4.47
2025-04-13,10.41,5.0,51.37,18.0,103.46,29.0,17.29,5.1,26.14,7.85
2025-04-14,8.47,4.0,53.23,12.0,451.99,47.0,25.1,5.18,31.04,7.07
2025-04-15,12.61,5.0,39.42,11.0,215.79,29.0,9.31,3.44,17.99,7.43
2025-04-16,6.41,4.0,213.28,30.0,487.68,78.0,108.51,14.19,130.79,20.93
2025-04-17,39.14,14.0,110.47,27.0,178.44,40.0,40.34,9.05,58.02,12.24
2025-04-18,27.0,5.0,117.07,25.0,137.04,32.0,18.33,5.56,21.63,6.84
2025-04-19,70.64,14.0,263.75,46.0,384.48,70.0,37.47,13.63,54.98,18.15
2025-04-20,76.23,14.0,211.25,44.0,256.25,57.0,33.34,8.78,38.85,9.9
2025-04-21,85.53,20.0,559.91,67.0,942.33,99.0,271.17,26.02,306.31,31.37
2025-04-22,123.94,23.0,605.87,74.0,918.66,122.0,158.58,21.66,204.94,26.22
2025-04-23,190.66,25.0,731.19,57.0,2380.83,132.0,356.98,23.46,840.18,38.38
2025-04-24,425.77,35.0,1166.92,117.0,1568.98,189.0,580.49,64.35,689.85,81.18
2025-04-25,693.63,40.0,1952.04,197.0,3090.58,312.0,736.26,82.24,1618.65,146.12
2025-04-26,149.72,14.0,934.86,88.0,1425.42,158.0,453.66,38.19,455.02,39.16
2025-04-27,261.04,45.0,1647.71,267.0,2608.31,433.0,555.33,90.3,633.98,101.12
2025-04-28,157.37,22.0,714.43,104.0,1162.69,183.0,81.93,8.18,147.68,29.92
2025-04-29,176.67,40.0,774.35,160.0,1380.82,247.0,54.94,15.85,95.04,25.68
2025-04-30,218.41,52.0,667.78,159.0,1130.55,254.0,61.58,18.05,97.25,28.64
2025-05-01,287.56,24.0,679.63,90.0,1604.41,211.0,25.57,6.3,124.71,26.82
2025-05-02,0.46,1.0,0.46,1.0,0.46,1.0,0.43,0.94,0.43,0.94
2025-05-03,16.25,6.0,78.79,15.0,230.3,48.0,0.0,0.0,34.6,6.61
2025-05-04,44.51,10.0,473.05,92.0,1150.52,230.0,0.0,0.0,4.12,1.13
2025-05-05,0.85,1.0,26.9,7.0,69.93,22.0,2.81,0.75,2.87,0.98
2025-05-06,35.9,8.0,178.85,42.0,615.16,122.0,12.91,2.98,125.72,17.72
2025-05-07,48.72,13.0,258.14,43.0,1708.64,218.0,5.88,2.55,49.02,12.2
2025-05-08,125.1,38.0,490.18,121.0,1426.57,297.0,9.93,3.7,188.43,39.96
2025-05-09,66.03,10.0,235.19,32.0,580.83,99.0,12.65,2.44,54.03,11.15
2025-05-10,40.09,9.0,104.79,17.0,629.27,106.0,3.28,0.88,90.35,19.83
2025-05-11,106.65,19.0,617.37,130.0,2433.64,504.0,460.35,100.03,1872.96,393.68
2025-05-12,41.89,13.0,400.7,74.0,2071.1,320.0,93.11,15.6,354.07,64.08
2025-05-13,60.67,11.0,471.32,69.0,1862.7,292.0,195.21,25.5,703.49,101.8
2025-05-14,3.82,3.0,66.01,11.0,700.32,107.0,47.3,7.42,336.16,44.78
2025-05-15,9.27,4.0,221.37,47.0,1318.14,222.0,101.55,19.25,488.5,78.38
2025-05-16,10.89,5.0,199.14,62.0,822.39,206.0,11.77,3.51,22.39,5.73
2025-05-17,18.64,5.0,96.76,18.0,853.15,129.0,4.46,1.59,57.11,6.52
2025-05-18,35.35,9.0,398.22,50.0,1453.38,160.0,40.86,9.59,257.46,32.56
2025-05-19,8.56,4.0,14.39,6.0,176.01,45.0,1.02,0.73,48.21,11.97
2025-05-20,20.48,3.0,139.31,20.0,381.22,63.0,0.32,0.11,2.4,0.55
2025-05-21,0.0,0.0,24.1,10.0,159.5,47.0,0.0,0.0,10.89,3.15
2025-05-22,3.19,2.0,7.54,4.0,66.54,22.0,0.0,0.0,0.0,0.0
2025-05-23,6.33,2.0,85.36,21.0,255.83,58.0,0.0,0.0,7.17,1.75
2025-05-24,7.37,3.0,33.19,11.0,168.99,44.0,1.53,0.72,15.26,5.42
2025-05-25,1.21,1.0,8.36,3.0,8.36,3.0,0.0,0.0,0.0,0.0
2025-05-26,0.0,0.0,0.0,0.0,3.19,2.0,0.0,0.0,1.92,1.22
2025-05-27,1.08,1.0,3.13,2.0,49.14,7.0,0.71,0.66,0.71,0.66
2025-05-28,0.0,0.0,3.39,1.0,19.94,5.0,0.0,0.0,0.0,0.0
2025-05-29,21.15,5.0,30.1,8.0,83.82,18.0,0.0,0.0,0.0,0.0
2025-05-30,0.98,1.0,0.98,1.0,0.98,1.0,0.0,0.0,0.0,0.0
2025-05-31,2.25,1.0,8.71,3.0,38.18,9.0,0.47,0.21,0.47,0.21
2025-06-01,0.0,0.0,0.0,0.0,26.82,10.0,0.0,0.0,0.0,0.0
2025-06-02,0.0,0.0,20.09,2.0,46.5,9.0,0.29,0.03,0.41,0.06
2025-06-03,0.0,0.0,27.38,3.0,51.32,7.0,0.0,0.0,0.0,0.0
2025-06-04,0.0,0.0,0.0,0.0,15.01,3.0,0.0,0.0,3.73,0.6
2025-06-05,0.0,0.0,4.13,1.0,22.1,5.0,3.09,0.75,3.09,0.75
2025-06-06,5.71,2.0,5.71,2.0,24.98,8.0,0.0,0.0,0.0,0.0
2025-06-07,0.81,1.0,0.81,1.0,14.51,6.0,0.0,0.0,3.06,0.86
2025-06-08,0.0,0.0,0.0,0.0,20.88,3.0,0.0,0.0,0.23,0.04
2025-06-09,8.53,4.0,8.53,4.0,59.05,13.0,1.67,1.3,5.93,2.13
2025-06-10,1.0,1.0,1.0,1.0,64.47,7.0,0.0,0.0,4.46,1.96
2025-06-11,33.58,5.0,43.99,6.0,84.55,16.0,1.21,0.8,8.3,2.72
2025-06-12,0.0,0.0,0.0,0.0,39.39,7.0,0.0,0.0,12.4,2.02
2025-06-13,0.0,0.0,0.0,0.0,51.17,9.0,0.0,0.0,6.54,1.23
2025-06-14,5.0,1.0,5.0,1.0,111.76,17.0,0.0,0.0,30.99,5.04
2025-06-15,0.0,0.0,0.0,0.0,0.0,0.0,0.0,0.0,0.0,0.0
2025-06-16,3.04,1.0,3.04,1.0,6.79,2.0,0.0,0.0,0.03,0.01
2025-06-17,0.0,0.0,0.0,0.0,0.0,0.0,0.0,0.0,0.0,0.0
2025-06-18,0.0,0.0,0.0,0.0,0.0,0.0,0.0,0.0,0.0,0.0
2025-06-19,0.0,0.0,0.88,1.0,12.72,4.0,0.0,0.0,0.0,0.0
2025-06-20,3.65,2.0,3.65,2.0,3.65,2.0,0.22,0.14,0.22,0.14
2025-06-21,7.55,3.0,7.55,3.0,10.89,4.0,0.0,0.0,0.0,0.0
2025-06-22,0.0,0.0,0.0,0.0,0.42,1.0,0.0,0.0,0.04,0.1
2025-06-23,0.0,0.0,0.0,0.0,2.85,1.0,0.0,0.0,0.0,0.0
2025-06-24,0.0,0.0,0.0,0.0,5.94,1.0,0.0,0.0,3.29,0.55
2025-06-25,0.0,0.0,0.0,0.0,0.0,0.0,0.0,0.0,0.0,0.0
2025-06-26,0.38,1.0,0.38,1.0,4.32,2.0,0.0,0.0,0.0,0.0
2025-06-27,0.0,0.0,0.0,0.0,10.39,2.0,0.0,0.0,8.34,1.0
2025-06-28,0.0,0.0,0.0,0.0,0.0,0.0,0.0,0.0,0.0,0.0
2025-06-29,0.0,0.0,0.0,0.0,0.0,0.0,0.0,0.0,0.0,0.0
2025-06-30,0.0,0.0,1.22,1.0,1.22,1.0,0.0,0.0,0.0,0.0
2025-07-01,1.71,1.0,1.71,1.0,3.69,2.0,0.0,0.0,0.02,0.01
2025-07-02,0.81,1.0,0.81,1.0,5.12,2.0,0.14,0.17,0.14,0.17
2025-07-03,5.28,1.0,5.28,1.0,5.28,1.0,0.0,0.0,0.0,0.0
2025-07-04,0.0,0.0,0.0,0.0,0.0,0.0,0.0,0.0,0.0,0.0
2025-07-05,0.0,0.0,0.0,0.0,0.0,0.0,0.0,0.0,0.0,0.0
2025-07-06,0.0,0.0,0.0,0.0,0.0,0.0,0.0,0.0,0.0,0.0
2025-07-07,0.0,0.0,0.0,0.0,0.0,0.0,0.0,0.0,0.0,0.0
2025-07-08,0.0,0.0,0.0,0.0,0.0,0.0,0.0,0.0,0.0,0.0
2025-07-09,0.0,0.0,0.0,0.0,0.0,0.0,0.0,0.0,0.0,0.0
2025-07-10,0.0,0.0,0.0,0.0,0.0,0.0,0.0,0.0,0.0,0.0
2025-07-11,0.0,0.0,0.0,0.0,0.0,0.0,0.0,0.0,0.0,0.0
2025-07-12,0.0,0.0,0.0,0.0,0.0,0.0,0.0,0.0,0.0,0.0
2025-07-13,0.0,0.0,0.0,0.0,5.25,1.0,0.0,0.0,2.26,0.43
2025-07-14,0.0,0.0,0.0,0.0,0.0,0.0,0.0,0.0,0.0,0.0
2025-07-15,0.0,0.0,0.0,0.0,0.0,0.0,0.0,0.0,0.0,0.0
2025-07-16,0.0,0.0,5.43,1.0,5.43,1.0,0.05,0.01,0.05,0.01
2025-07-17,0.0,0.0,0.0,0.0,0.0,0.0,0.0,0.0,0.0,0.0
2025-07-18,0.0,0.0,0.0,0.0,0.0,0.0,0.0,0.0,0.0,0.0
2025-07-19,0.39,1.0,0.39,1.0,0.39,1.0,0.0,0.0,0.0,0.0
2025-07-20,0.0,0.0,0.0,0.0,0.0,0.0,0.0,0.0,0.0,0.0
2025-07-21,0.0,0.0,0.0,0.0,0.0,0.0,0.0,0.0,0.0,0.0
2025-07-22,0.0,0.0,0.0,0.0,2.31,1.0,0.0,0.0,0.0,0.0
2025-07-23,0.0,0.0,0.0,0.0,0.0,0.0,0.0,0.0,0.0,0.0
2025-07-24,0.0,0.0,0.0,0.0,0.0,0.0,0.0,0.0,0.0,0.0
2025-07-25,0.0,0.0,0.0,0.0,0.0,0.0,0.0,0.0,0.0,0.0
2025-07-26,0.95,1.0,0.95,1.0,0.95,1.0,0.0,0.0,0.0,0.0
2025-07-27,0.0,0.0,3.39,1.0,3.39,1.0,0.0,0.0,0.0,0.0
2025-07-28,2.35,1.0,2.35,1.0,2.35,1.0,0.0,0.0,0.0,0.0
2025-07-29,0.0,0.0,0.0,0.0,0.0,0.0,0.0,0.0,0.0,0.0
2025-07-30,0.0,0.0,0.0,0.0,0.0,0.0,0.0,0.0,0.0,0.0
2025-07-31,0.0,0.0,0.0,0.0,0.0,0.0,0.0,0.0,0.0,0.0
2025-08-01,1.98,1.0,1.98,1.0,1.98,1.0,1.98,1.0,1.98,1.0
2025-08-02,0.0,0.0,0.0,0.0,0.0,0.0,0.0,0.0,0.0,0.0
2025-08-03,0.0,0.0,0.0,0.0,0.0,0.0,0.0,0.0,0.0,0.0
2025-08-04,0.0,0.0,0.0,0.0,0.0,0.0,0.0,0.0,0.0,0.0
2025-08-05,0.0,0.0,0.0,0.0,0.0,0.0,0.0,0.0,0.0,0.0
2025-08-06,2.78,2.0,2.78,2.0,2.78,2.0,0.39,0.21,0.39,0.21
2025-08-07,2.99,2.0,2.99,2.0,2.99,2.0,0.79,0.84,0.79,0.84
2025-08-08,0.0,0.0,0.0,0.0,0.0,0.0,0.0,0.0,0.0,0.0
2025-08-09,0.0,0.0,0.0,0.0,4.36,1.0,0.0,0.0,0.0,0.0
2025-08-10,0.0,0.0,0.0,0.0,0.0,0.0,0.0,0.0,0.0,0.0
2025-08-11,0.0,0.0,0.0,0.0,0.0,0.0,0.0,0.0,0.0,0.0
2025-08-12,0.0,0.0,0.0,0.0,0.0,0.0,0.0,0.0,0.0,0.0
2025-08-13,0.0,0.0,0.0,0.0,0.0,0.0,0.0,0.0,0.0,0.0
2025-08-14,0.0,0.0,0.0,0.0,0.0,0.0,0.0,0.0,0.0,0.0
2025-08-15,0.0,0.0,0.0,0.0,0.0,0.0,0.0,0.0,0.0,0.0
2025-08-16,0.0,0.0,0.0,0.0,0.0,0.0,0.0,0.0,0.0,0.0
2025-08-17,0.61,1.0,0.61,1.0,0.61,1.0,0.0,0.01,0.0,0.01
2025-08-18,5.46,1.0,5.46,1.0,5.46,1.0,0.6,0.11,0.6,0.11
2025-08-19,0.0,0.0,0.0,0.0,0.0,0.0,0.0,0.0,0.0,0.0
2025-08-20,0.65,1.0,0.65,1.0,3.25,2.0,0.0,0.0,0.0,0.0
2025-08-21,0.0,0.0,1.42,1.0,1.42,1.0,0.0,0.0,0.0,0.0
2025-08-22,0.0,0.0,0.0,0.0,0.0,0.0,0.0,0.0,0.0,0.0
2025-08-23,0.0,0.0,0.0,0.0,0.0,0.0,0.0,0.0,0.0,0.0
2025-08-24,0.0,0.0,0.0,0.0,0.0,0.0,0.0,0.0,0.0,0.0
2025-08-25,0.0,0.0,0.0,0.0,0.0,0.0,0.0,0.0,0.0,0.0
2025-08-26,0.0,0.0,0.0,0.0,0.0,0.0,0.0,0.0,0.0,0.0
2025-08-27,0.0,0.0,0.0,0.0,0.0,0.0,0.0,0.0,0.0,0.0
2025-08-28,1.15,1.0,1.15,1.0,1.15,1.0,0.56,0.49,0.56,0.49
2025-08-29,6.71,3.0,6.71,3.0,6.71,3.0,0.0,0.0,0.0,0.0
2025-08-30,1.21,2.0,1.21,2.0,3.14,3.0,0.07,0.14,0.07,0.14
2025-08-31,0.0,0.0,0.0,0.0,2.34,1.0,0.0,0.0,0.0,0.0
2025-09-01,0.0,0.0,0.0,0.0,0.0,0.0,0.0,0.0,0.0,0.0
2025-09-02,0.0,0.0,0.0,0.0,0.0,0.0,0.0,0.0,0.0,0.0
2025-09-03,0.0,0.0,0.0,0.0,0.0,0.0,0.0,0.0,0.0,0.0
2025-09-04,1.37,2.0,1.37,2.0,1.37,2.0,0.42,0.77,0.42,0.77
2025-09-05,0.0,0.0,0.0,0.0,0.0,0.0,0.0,0.0,0.0,0.0
2025-09-06,0.0,0.0,0.0,0.0,0.0,0.0,0.0,0.0,0.0,0.0
2025-09-07,2.58,3.0,2.58,3.0,2.58,3.0,0.26,0.32,0.26,0.32
2025-09-08,7.95,3.0,10.26,4.0,14.66,5.0,2.31,0.63,2.31,0.63
2025-09-09,0.0,0.0,0.0,0.0,0.0,0.0,0.0,0.0,0.0,0.0
2025-09-10,0.0,0.0,0.0,0.0,1.28,1.0,0.0,0.0,0.37,0.29
2025-09-11,1.52,1.0,1.52,1.0,1.52,1.0,1.52,1.0,1.52,1.0
2025-09-12,6.13,3.0,6.13,3.0,9.37,4.0,1.53,0.5,1.63,0.53
2025-09-13,1.78,1.0,3.3,2.0,3.3,2.0,0.3,0.17,0.3,0.17
2025-09-14,2.45,2.0,10.83,4.0,10.83,4.0,5.77,1.81,5.77,1.81
2025-09-15,1.26,1.0,15.55,3.0,20.97,4.0,12.68,1.99,12.7,1.99
2025-09-16,0.0,0.0,0.0,0.0,10.43,2.0,0.0,0.0,0.0,0.0
2025-09-17,0.0,0.0,6.92,1.0,12.4,2.0,0.0,0.0,0.0,0.0
2025-09-18,1.25,3.0,1.25,3.0,10.33,6.0,0.0,0.0,0.0,0.0
2025-09-19,0.29,1.0,0.29,1.0,2.62,2.0,0.27,0.92,0.27,0.92
2025-09-20,0.0,0.0,0.0,0.0,0.0,0.0,0.0,0.0,0.0,0.0
2025-09-21,6.76,2.0,14.88,3.0,18.59,4.0,5.95,1.09,9.11,1.94
2025-09-22,2.08,1.0,6.04,4.0,6.04,4.0,1.98,0.95,1.98,0.95
2025-09-23,0.83,1.0,15.3,4.0,23.67,7.0,2.01,0.35,7.2,2.12
2025-09-24,5.04,2.0,11.35,6.0,27.37,12.0,2.49,0.97,6.04,2.14
2025-09-25,6.86,2.0,6.86,2.0,15.22,5.0,3.5,1.22,10.03,3.65
2025-09-26,7.32,2.0,26.94,7.0,48.25,11.0,1.64,0.42,3.54,0.77
2025-09-27,0.0,0.0,0.0,0.0,5.07,2.0,0.0,0.0,0.0,0.0
2025-09-28,0.0,0.0,35.61,9.0,64.27,13.0,12.96,3.52,16.41,4.07
2025-09-29,0.0,0.0,32.95,10.0,63.66,20.0,24.95,7.01,40.81,12.75
2025-09-30,0.0,0.0,0.0,0.0,5.74,2.0,0.0,0.0,0.0,0.0
2025-10-01,1.32,2.0,3.38,3.0,6.62,4.0,0.0,0.0,0.3,0.09
2025-10-02,7.55,3.0,7.55,3.0,17.93,5.0,6.96,2.77,6.96,2.77
2025-10-03,0.0,0.0,5.27,1.0,5.27,1.0,0.0,0.0,0.0,0.0
2025-10-04,9.76,6.0,16.96,9.0,54.09,18.0,1.91,1.99,6.44,3.6
2025-10-05,2.22,1.0,58.83,19.0,147.3,48.0,7.67,1.73,18.2,5.6
2025-10-06,0.0,0.0,0.0,0.0,0.0,0.0,0.0,0.0,0.0,0.0
2025-10-07,0.0,0.0,0.0,0.0,36.01,7.0,0.0,0.0,0.0,0.0
2025-10-08,6.0,8.0,6.0,8.0,6.0,8.0,2.57,3.3,2.57,3.3
2025-10-09,2.91,5.0,3.36,6.0,7.64,8.0,1.88,2.9,6.03,4.84
2025-10-10,0.28,1.0,9.06,5.0,23.39,10.0,2.57,1.31,4.38,2.37
2025-10-11,1.72,2.0,11.87,6.0,26.82,10.0,3.66,2.97,3.66,2.97
2025-10-12,2.49,3.0,29.22,8.0,54.83,15.0,6.01,4.4,19.86,8.81
2025-10-13,1.89,2.0,24.83,9.0,33.71,13.0,2.38,1.91,6.69,4.24
2025-10-14,4.08,5.0,8.82,8.0,50.69,19.0,3.61,2.61,10.92,5.26
2025-10-15,3.8,4.0,27.97,14.0,85.77,30.0,1.9,1.05,3.88,2.31
2025-10-16,0.0,0.0,37.95,10.0,318.11,63.0,1.3,1.16,13.61,5.57
2025-10-17,3.04,2.0,20.51,5.0,54.99,11.0,0.0,0.0,21.16,2.69
2025-10-18,0.0,0.0,4.35,3.0,25.73,7.0,0.98,1.61,7.66,2.98
2025-10-19,0.65,1.0,19.22,6.0,97.89,24.0,4.66,0.99,6.0,1.26
2025-10-20,3.73,4.0,76.28,19.0,352.42,85.0,22.44,5.19,75.88,15.84
2025-10-21,4.69,1.0,21.38,6.0,182.08,50.0,13.8,3.72,67.67,20.96
2025-10-22,2.42,1.0,32.73,8.0,116.37,31.0,3.95,1.9,9.3,4.02
2025-10-23,1.15,1.0,1.15,1.0,54.55,13.0,1.1,0.95,19.8,3.46
2025-10-24,0.0,0.0,12.0,3.0,28.2,7.0,0.0,0.0,5.49,0.63
2025-10-25,0.76,1.0,18.45,6.0,79.78,27.0,12.59,3.87,28.71,9.57
2025-10-26,4.4,4.0,24.48,12.0,252.24,75.0,17.16,7.26,67.64,29.2
2025-10-27,0.0,0.0,0.0,0.0,69.09,15.0,0.0,0.0,0.0,0.0
2025-10-28,0.0,0.0,0.0,0.0,17.88,2.0,0.0,0.0,0.0,0.0
2025-10-29,0.0,0.0,0.0,0.0,123.88,25.0,0.0,0.0,65.75,14.33
2025-10-30,0.91,1.0,0.91,1.0,122.61,16.0,0.0,0.0,0.0,0.0
2025-10-31,2.84,2.0,4.1,3.0,170.21,39.0,0.7,0.76,55.38,12.85
2025-11-01,2.19,3.0,15.06,8.0,213.56,48.0,0.0,0.0,83.99,16.69
2025-11-02,0.57,1.0,11.64,4.0,108.55,29.0,0.0,0.0,35.16,8.01
2025-11-03,0.0,0.0,64.24,11.0,184.8,35.0,2.84,1.19,33.37,7.54
2025-11-04,8.59,3.0,21.35,7.0,130.86,22.0,0.0,0.0,0.0,0.0
2025-11-05,18.78,13.0,62.46,24.0,159.02,53.0,19.91,9.22,56.73,19.76
2025-11-06,2.24,1.0,45.24,16.0,207.83,66.0,28.99,7.82,97.29,29.29
2025-11-07,9.09,4.0,62.84,16.0,133.26,40.0,36.16,8.88,74.7,20.02
2025-11-08,4.43,5.0,21.44,8.0,324.24,62.0,6.33,3.57,215.51,37.67
2025-11-09,1.75,4.0,55.78,17.0,417.23,81.0,36.89,8.9,282.95,48.69
2025-11-10,15.15,6.0,44.7,15.0,286.95,78.0,19.55,6.53,162.62,41.02
2025-11-11,8.19,2.0,85.89,30.0,364.29,103.0,44.98,15.67,201.24,54.46
2025-11-12,2.12,2.0,2.12,2.0,5.71,5.0,0.0,0.0,0.0,0.0
2025-11-13,9.65,6.0,46.77,14.0,117.66,29.0,5.22,1.86,59.3,12.84
2025-11-14,0.54,1.0,57.58,16.0,138.67,38.0,31.22,8.71,79.75,20.39
2025-11-15,3.27,4.0,85.36,30.0,286.4,65.0,35.0,11.07,129.18,27.32
2025-11-16,23.34,9.0,103.64,39.0,263.78,77.0,48.51,17.06,128.11,32.91
2025-11-17,20.22,11.0,85.99,32.0,152.45,54.0,20.38,7.61,32.29,11.51
2025-11-18,1.38,3.0,36.65,13.0,86.3,34.0,4.43,2.59,24.8,8.08
2025-11-19,0.0,0.0,21.37,6.0,52.35,13.0,0.11,0.02,0.11,0.02
2025-11-20,11.65,4.0,43.25,14.0,63.76,23.0,3.46,1.26,3.94,2.0
2025-11-21,5.17,4.0,87.85,28.0,126.36,40.0,2.1,0.77,3.09,1.16
2025-11-22,9.72,10.0,75.95,31.0,176.43,68.0,21.66,8.13,43.03,15.7
2025-11-23,6.98,6.0,70.19,29.0,116.36,44.0,11.47,6.17,12.73,7.13
2025-11-24,3.91,5.0,26.01,12.0,115.16,32.0,0.66,1.41,42.33,8.71
2025-11-25,14.5,11.0,36.1,20.0,73.08,35.0,4.55,1.92,9.9,3.93
2025-11-26,3.8,5.0,74.49,25.0,196.63,58.0,37.23,13.32,56.79,17.97
2025-11-27,14.75,11.0,93.86,42.0,246.83,96.0,35.01,17.02,115.03,45.36
2025-11-28,7.05,2.0,8.52,3.0,48.15,14.0,0.0,0.0,1.21,0.37
2025-11-29,10.9,3.0,37.61,11.0,51.72,15.0,7.68,2.73,7.98,2.87
2025-11-30,6.19,4.0,18.5,9.0,511.31,31.0,12.64,6.26,285.4,15.1
2025-12-01,16.9,9.0,74.09,22.0,135.47,42.0,9.2,4.54,41.26,15.13
2025-12-02,21.84,12.0,125.67,48.0,207.4,84.0,11.56,7.2,17.19,9.73
2025-12-03,23.63,10.0,69.35,29.0,213.55,76.0,4.8,2.55,12.62,4.76
2025-12-04,5.28,4.0,32.81,12.0,54.85,18.0,2.37,1.2,2.37,1.21
2025-12-05,9.25,4.0,60.77,21.0,87.65,31.0,0.27,0.1,4.12,2.3
2025-12-06,19.93,9.0,60.21,19.0,93.26,30.0,8.86,3.23,11.85,4.44
2025-12-07,2.51,4.0,103.03,35.0,198.78,62.0,4.59,2.62,9.49,4.3
2025-12-08,2.98,4.0,41.15,19.0,132.91,60.0,0.86,1.18,10.09,6.74
2025-12-09,6.75,6.0,31.82,16.0,94.73,36.0,4.53,1.75,24.44,5.67
2025-12-10,9.7,7.0,61.39,27.0,99.16,39.0,5.86,4.07,16.39,5.93
2025-12-11,6.11,7.0,43.54,25.0,99.02,45.0,0.11,0.11,10.37,3.04
2025-12-12,5.23,5.0,82.2,25.0,121.27,39.0,23.21,7.03,30.08,10.18
2025-12-13,8.29,5.0,65.53,25.0,137.67,53.0,23.64,10.98,55.54,24.58
2025-12-14,0.0,0.0,39.42,12.0,61.1,19.0,1.49,0.41,6.01,2.42
2025-12-15,11.62,8.0,40.29,19.0,42.24,20.0,1.42,2.51,1.85,2.73
2025-12-16,13.1,8.0,37.96,15.0,86.87,30.0,2.51,0.94,14.09,4.76
2025-12-17,7.93,4.0,55.72,21.0,66.46,24.0,4.92,1.46,9.44,2.74
2025-12-18,0.0,0.0,15.25,5.0,50.65,19.0,0.52,0.18,2.2,0.92
2025-12-19,0.41,1.0,0.41,1.0,16.15,4.0,0.0,0.0,13.37,2.55
2025-12-20,0.0,0.0,3.77,1.0,9.16,4.0,0.0,0.0,1.75,1.0
2025-12-21,0.0,0.0,0.0,0.0,0.0,0.0,0.0,0.0,0.0,0.0
2025-12-22,1.85,3.0,19.12,8.0,30.26,11.0,7.82,2.2,10.23,3.05
2025-12-23,16.71,12.0,86.61,37.0,144.13,50.0,9.32,5.08,25.28,8.31
2025-12-24,9.85,5.0,56.77,26.0,159.19,50.0,4.61,2.28,21.97,4.72
2025-12-25,0.0,0.0,19.57,6.0,26.41,9.0,2.3,0.75,3.56,1.13
2025-12-26,3.75,2.0,8.68,4.0,30.54,12.0,2.4,1.05,12.99,5.8
2025-12-27,5.18,4.0,49.69,17.0,65.91,24.0,3.83,1.86,6.44,3.15
2025-12-28,14.7,3.0,31.64,9.0,82.05,23.0,3.16,1.4,28.8,8.45
2025-12-29,0.0,0.0,15.56,7.0,51.29,19.0,0.02,0.0,10.76,3.38
2025-12-30,2.13,2.0,22.23,7.0,35.67,11.0,0.02,0.0,0.02,0.01
2025-12-31,0.0,0.0,3.53,1.0,6.51,2.0,0.07,0.02,3.03,1.01
2026-01-01,0.0,0.0,0.0,0.0,0.0,0.0,0.0,0.0,0.0,0.0
2026-01-02,0.65,1.0,0.65,1.0,0.65,1.0,0.0,0.0,0.0,0.0
2026-01-03,1.43,2.0,5.87,3.0,10.92,5.0,0.0,0.0,0.56,0.27
2026-01-04,4.36,3.0,15.87,8.0,32.8,13.0,0.08,0.04,0.3,0.09
2026-01-05,0.51,1.0,20.05,4.0,55.4,9.0,0.22,0.06,1.53,0.3
2026-01-06,0.0,0.0,2.71,1.0,2.71,1.0,0.0,0.0,0.0,0.0
2026-01-07,0.0,0.0,5.69,2.0,12.51,5.0,2.94,0.97,3.68,1.25
2026-01-08,8.03,3.0,92.92,20.0,109.25,25.0,46.31,7.58,53.61,9.35
2026-01-09,4.93,3.0,34.1,13.0,44.63,17.0,22.42,7.54,27.92,9.69
2026-01-10,9.46,4.0,48.41,17.0,88.74,27.0,2.07,1.12,2.93,1.5
2026-01-11,2.74,2.0,8.93,5.0,28.61,11.0,0.01,0.01,0.01,0.01
2026-01-12,13.92,4.0,41.25,13.0,89.5,28.0,22.66,4.72,38.71,10.92
2026-01-13,1.27,2.0,26.78,9.0,101.8,28.0,4.51,2.1,9.37,3.43
2026-01-14,8.55,4.0,49.37,19.0,66.11,26.0,7.62,2.19,10.73,3.89
2026-01-15,3.03,1.0,12.07,4.0,14.46,5.0,0.5,0.16,0.51,0.17
2026-01-16,0.0,0.0,3.51,1.0,6.07,2.0,0.0,0.0,0.0,0.0
2026-01-17,1.18,1.0,3.03,2.0,17.28,5.0,0.79,0.65,3.41,1.18
2026-01-18,8.97,5.0,39.96,15.0,89.85,27.0,4.63,2.48,16.64,5.71
2026-01-19,26.76,6.0,88.44,25.0,188.5,61.0,53.44,15.99,105.22,35.11
2026-01-20,8.58,6.0,50.03,18.0,165.27,57.0,18.64,4.85,25.01,6.83
2026-01-21,2.67,5.0,38.76,16.0,117.47,38.0,6.18,2.76,26.87,11.37
2026-01-22,0.0,0.0,36.21,10.0,158.34,38.0,8.15,2.19,17.02,4.47
2026-01-23,0.0,0.0,0.0,0.0,0.0,0.0,0.0,0.0,0.0,0.0
2026-01-24,0.0,0.0,0.0,0.0,0.0,0.0,0.0,0.0,0.0,0.0
2026-01-25,3.45,3.0,8.58,5.0,52.32,15.0,0.15,0.07,13.75,0.88
2026-01-26,2.95,1.0,40.41,12.0,89.41,21.0,12.99,5.6,53.21,12.77
2026-01-27,0.0,0.0,0.0,0.0,0.0,0.0,0.0,0.0,0.0,0.0
2026-01-28,2.17,2.0,2.17,2.0,9.7,4.0,0.0,0.0,0.17,0.02
2026-01-29,4.09,6.0,7.32,7.0,10.2,9.0,3.18,1.66,3.34,1.75
2026-01-30,5.21,6.0,43.86,14.0,59.9,20.0,14.04,3.42,18.95,4.72
2026-01-31,0.0,0.0,6.43,1.0,12.58,3.0,0.0,0.0,0.0,0.0
2026-02-01,0.63,1.0,3.2,2.0,3.2,2.0,0.63,1.0,0.63,1.0
2026-02-02,0.0,0.0,0.0,0.0,14.33,3.0,0.0,0.0,1.44,0.6
2026-02-03,0.94,1.0,6.62,3.0,38.84,8.0,6.37,2.73,18.31,3.57
2026-02-04,34.26,14.0,67.49,26.0,120.75,39.0,14.03,9.3,43.49,14.93
2026-02-05,15.27,7.0,77.26,31.0,246.49,69.0,19.28,7.49,54.46,14.07
2026-02-06,4.92,2.0,17.68,7.0,118.49,25.0,1.66,1.4,5.82,2.47
2026-02-07,0.0,0.0,20.53,6.0,105.0,25.0,7.02,1.89,46.63,8.42
2026-02-08,6.58,2.0,55.87,13.0,164.89,36.0,4.4,1.04,22.09,5.24
2026-02-09,12.56,8.0,50.57,24.0,115.24,43.0,20.95,9.42,33.73,12.71
2026-02-10,12.97,6.0,129.32,31.0,149.03,40.0,49.7,10.95,53.0,12.98
2026-02-11,14.83,9.0,43.99,18.0,151.74,32.0,5.34,3.1,31.57,7.72
2026-02-12,0.0,0.0,14.58,5.0,39.06,13.0,6.87,2.36,6.87,2.36
2026-02-13,5.46,3.0,32.47,13.0,154.88,25.0,6.25,1.9,25.9,2.74
2026-02-14,2.02,5.0,26.01,12.0,337.03,47.0,3.19,1.93,153.17,11.34
2026-02-15,4.91,6.0,68.86,23.0,274.66,77.0,34.41,7.87,166.99,33.63
2026-02-16,8.82,6.0,51.08,17.0,155.28,47.0,6.19,3.98,13.83,6.2
2026-02-17,6.32,2.0,27.77,7.0,116.42,28.0,14.96,3.45,19.75,4.6
2026-02-18,0.0,0.0,0.0,0.0,0.0,0.0,0.0,0.0,0.0,0.0
2026-02-19,5.1,7.0,23.18,13.0,55.71,23.0,2.89,1.5,11.82,4.26
2026-02-20,0.31,1.0,38.84,11.0,121.91,29.0,5.51,1.48,14.95,4.2
2026-02-21,10.99,5.0,30.89,12.0,182.9,52.0,5.3,1.68,16.86,3.87
2026-02-22,8.62,6.0,41.72,14.0,125.04,31.0,4.02,2.39,20.65,5.51
2026-02-23,2.69,3.0,96.75,16.0,200.56,29.0,56.92,7.49,114.42,11.5
2026-02-24,4.86,5.0,48.47,13.0,273.02,31.0,22.3,6.11,154.45,13.1
2026-02-25,24.09,6.0,49.28,15.0,194.81,31.0,17.31,6.36,91.4,14.03
2026-02-26,35.87,11.0,52.58,15.0,103.48,28.0,4.03,4.2,26.84,8.95
2026-02-27,2.42,1.0,81.32,4.0,93.53,8.0,3.06,0.8,3.23,0.83
2026-02-28,1.01,3.0,32.06,8.0,157.42,24.0,21.19,3.88,31.81,5.89
2026-03-01,11.1,5.0,28.81,10.0,145.99,29.0,2.49,0.69,12.25,2.61
2026-03-02,24.2,18.0,44.42,32.0,262.75,189.0,5.54,5.09,18.31,18.74
2026-03-03,3.51,3.0,35.77,11.0,418.62,88.0,11.74,1.97,123.45,24.95
2026-03-04,2.14,1.0,6.37,2.0,87.64,9.0,1.63,0.39,20.68,2.88
2026-03-05,11.86,6.0,13.89,7.0,13.89,7.0,0.25,0.12,0.25,0.12
2026-03-06,10.98,3.0,24.79,8.0,40.45,12.0,9.02,3.0,11.28,3.42
2026-03-07,4.67,2.0,10.54,5.0,26.95,9.0,0.96,0.26,0.96,0.26
2026-03-08,9.22,6.0,30.69,10.0,46.48,17.0,4.88,1.46,5.59,2.33
2026-03-09,0.0,0.0,6.58,2.0,66.93,15.0,0.0,0.0,0.76,0.48
2026-03-10,0.0,0.0,0.0,0.0,0.0,0.0,0.0,0.0,0.0,0.0
2026-03-11,0.0,0.0,0.0,0.0,0.0,0.0,0.0,0.0,0.0,0.0
2026-03-12,0.0,0.0,0.0,0.0,0.0,0.0,0.0,0.0,0.0,0.0
2026-03-13,2.46,5.0,2.46,5.0,2.46,5.0,0.75,1.5,0.75,1.5
2026-03-14,1.57,2.0,4.01,3.0,63.92,14.0,1.25,1.64,26.38,4.71
2026-03-15,4.31,4.0,4.72,5.0,8.83,8.0,0.0,0.0,0.19,0.11
2026-03-16,0.57,2.0,0.57,2.0,26.48,8.0,0.04,0.18,6.36,1.64
2026-03-17,1.06,2.0,6.96,4.0,7.29,5.0,4.35,1.24,4.54,1.79
2026-03-18,5.59,1.0,10.36,2.0,26.51,7.0,5.14,0.93,11.99,2.87
2026-03-19,0.0,0.0,0.0,0.0,0.0,0.0,0.0,0.0,0.0,0.0
2026-03-20,0.0,0.0,0.0,0.0,0.0,0.0,0.0,0.0,0.0,0.0
2026-03-21,1.38,2.0,1.38,2.0,6.51,6.0,1.36,1.97,5.91,5.47
2026-03-22,0.0,0.0,0.0,0.0,13.61,4.0,0.0,0.0,0.66,0.72
2026-03-23,1.06,3.0,1.06,3.0,16.81,11.0,0.2,0.85,0.2,0.85
2026-03-24,0.64,1.0,44.41,10.0,69.34,19.0,23.34,2.94,26.32,4.11
2026-03-25,3.57,2.0,11.51,4.0,37.09,12.0,0.0,0.0,0.33,0.09
2026-03-26,0.6,1.0,8.36,3.0,16.2,5.0,1.06,1.98,1.06,1.98
2026-03-27,1.46,1.0,5.33,2.0,5.33,2.0,3.63,1.54,3.63,1.54
2026-03-28,2.62,3.0,5.9,4.0,15.1,6.0,0.01,0.01,0.01,0.01
2026-03-29,1.48,3.0,1.48,3.0,35.68,10.0,0.45,0.97,8.02,2.33
2026-03-30,2.83,2.0,6.8,5.0,6.8,5.0,2.72,2.11,2.72,2.11
2026-03-31,0.4,1.0,6.99,3.0,11.9,6.0,0.1,0.26,2.56,2.12
2026-04-01,1.76,3.0,1.76,3.0,8.58,5.0,0.29,0.54,0.29,0.54
2026-04-02,1.31,1.0,3.93,2.0,22.15,8.0,0.51,0.19,4.27,0.9
2026-04-03,0.0,0.0,0.0,0.0,0.0,0.0,0.0,0.0,0.0,0.0
2026-04-04,3.66,2.0,3.66,2.0,9.75,3.0,0.14,0.29,1.25,0.47
2026-04-05,7.32,5.0,23.19,9.0,54.76,13.0,8.96,2.2,14.69,2.82
2026-04-06,2.53,1.0,2.53,1.0,3.16,2.0,0.0,0.0,0.0,0.0
2026-04-07,0.0,0.0,0.0,0.0,0.0,0.0,0.0,0.0,0.0,0.0
2026-04-08,1.63,3.0,1.63,3.0,1.63,3.0,0.01,0.01,0.01,0.01
2026-04-09,10.7,10.0,13.69,12.0,36.59,21.0,3.42,3.03,13.12,7.46
2026-04-10,0.95,2.0,20.26,10.0,57.14,17.0,3.64,3.83,4.34,4.03
2026-04-11,0.0,0.0,0.83,2.0,35.34,11.0,0.57,1.37,0.71,1.65
2026-04-12,25.1,7.0,32.3,10.0,64.57,20.0,8.3,2.68,26.84,8.13
2026-04-13,16.89,4.0,38.24,9.0,79.8,18.0,5.23,1.5,8.9,3.11
2026-04-14,75.63,10.0,95.0,17.0,131.51,25.0,45.18,4.93,59.46,6.91
2026-04-15,15.98,4.0,48.79,11.0,77.33,18.0,3.97,2.66,5.31,3.0
2026-04-16,211.16,9.0,263.69,15.0,297.37,23.0,23.36,2.04,28.24,3.19
2026-04-17,0.53,1.0,84.68,14.0,91.77,17.0,75.35,12.09,76.19,12.34
2026-04-18,72.94,14.0,183.52,48.0,256.14,70.0,19.97,5.96,21.2,7.43
2026-04-19,55.45,13.0,151.05,27.0,267.99,46.0,15.36,4.28,79.06,10.18
2026-04-20,40.46,16.0,178.56,41.0,411.55,77.0,43.29,7.3,76.79,11.14
2026-04-21,65.3,6.0,488.76,40.0,824.49,83.0,245.98,17.48,335.08,30.71
2026-04-22,220.4,27.0,585.16,83.0,871.34,121.0,176.61,30.08,220.33,37.53
2026-04-23,207.69,42.0,741.6,129.0,1377.32,229.0,344.35,55.31,393.47,66.52
2026-04-24,127.2,25.0,745.65,83.0,1477.66,176.0,370.37,29.61,744.36,67.22
2026-04-25,364.81,48.0,1931.1,232.0,3182.33,438.0,1229.11,122.51,1874.55,213.35
2026-04-26,167.43,16.0,1014.7,115.0,2124.53,233.0,641.37,68.61,1249.88,121.1
2026-04-27,483.0,60.0,3453.58,345.0,5864.53,582.0,2480.7,214.18,3960.68,342.6
2026-04-28,0.0,0.0,0.0,0.0,0.0,0.0,0.0,0.0,0.0,0.0
2026-04-29,0.0,0.0,0.0,0.0,0.0,0.0,0.0,0.0,0.0,0.0
2026-04-30,0.0,0.0,0.0,0.0,0.0,0.0,0.0,0.0,0.0,0.0
2026-05-01,0.0,0.0,0.0,0.0,0.0,0.0,0.0,0.0,0.0,0.0
2026-05-02,0.0,0.0,0.0,0.0,0.0,0.0,0.0,0.0,0.0,0.0
2026-05-03,0.0,0.0,0.0,0.0,0.0,0.0,0.0,0.0,0.0,0.0
2026-05-04,0.0,0.0,0.0,0.0,0.0,0.0,0.0,0.0,0.0,0.0
2026-05-05,0.0,0.0,0.0,0.0,0.0,0.0,0.0,0.0,0.0,0.0
2026-05-06,0.0,0.0,0.0,0.0,0.0,0.0,0.0,0.0,0.0,0.0
2026-05-07,0.0,0.0,0.0,0.0,0.0,0.0,0.0,0.0,0.0,0.0
2026-05-08,0.0,0.0,0.0,0.0,0.0,0.0,0.0,0.0,0.0,0.0
2026-05-09,0.0,0.0,0.0,0.0,0.0,0.0,0.0,0.0,0.0,0.0
2026-05-10,0.0,0.0,0.0,0.0,0.0,0.0,0.0,0.0,0.0,0.0
2026-05-11,0.0,0.0,0.0,0.0,0.0,0.0,0.0,0.0,0.0,0.0
2026-05-12,0.0,0.0,0.0,0.0,0.0,0.0,0.0,0.0,0.0,0.0
2026-05-13,0.0,0.0,0.0,0.0,0.0,0.0,0.0,0.0,0.0,0.0
2026-05-14,0.0,0.0,0.0,0.0,0.0,0.0,0.0,0.0,0.0,0.0
2026-05-15,0.0,0.0,0.0,0.0,0.0,0.0,0.0,0.0,0.0,0.0
2026-05-16,0.0,0.0,0.0,0.0,0.0,0.0,0.0,0.0,0.0,0.0
2026-05-17,0.0,0.0,0.0,0.0,0.0,0.0,0.0,0.0,0.0,0.0
2026-05-18,0.0,0.0,0.0,0.0,0.0,0.0,0.0,0.0,0.0,0.0
2026-05-19,0.0,0.0,0.0,0.0,0.0,0.0,0.0,0.0,0.0,0.0
2026-05-20,0.0,0.0,0.0,0.0,0.0,0.0,0.0,0.0,0.0,0.0
2026-05-21,0.0,0.0,0.0,0.0,0.0,0.0,0.0,0.0,0.0,0.0
2026-05-22,0.0,0.0,0.0,0.0,0.0,0.0,0.0,0.0,0.0,0.0
2026-05-23,0.0,0.0,0.0,0.0,0.0,0.0,0.0,0.0,0.0,0.0
2026-05-24,0.0,0.0,0.0,0.0,0.0,0.0,0.0,0.0,0.0,0.0
2026-05-25,0.0,0.0,0.0,0.0,0.0,0.0,0.0,0.0,0.0,0.0
2026-05-26,0.0,0.0,0.0,0.0,0.0,0.0,0.0,0.0,0.0,0.0
2026-05-27,0.0,0.0,0.0,0.0,0.0,0.0,0.0,0.0,0.0,0.0
2026-05-28,0.0,0.0,0.0,0.0,0.0,0.0,0.0,0.0,0.0,0.0
2026-05-29,0.0,0.0,0.0,0.0,0.0,0.0,0.0,0.0,0.0,0.0
2026-05-30,0.0,0.0,0.0,0.0,0.0,0.0,0.0,0.0,0.0,0.0
2026-05-31,0.0,0.0,0.0,0.0,0.0,0.0,0.0,0.0,0.0,0.0
2026-06-01,0.0,0.0,0.0,0.0,0.0,0.0,0.0,0.0,0.0,0.0
2026-06-02,0.0,0.0,0.0,0.0,0.0,0.0,0.0,0.0,0.0,0.0
2026-06-03,15.69,8.0,24.64,12.0,34.02,18.0,2.1,1.94,2.69,2.35
2026-06-04,0.0,0.0,0.0,0.0,26.97,4.0,0.0,0.0,10.9,1.08
2026-06-05,1.26,2.0,1.26,2.0,22.49,7.0,0.01,0.01,4.07,0.99
2026-06-06,18.47,4.0,24.74,5.0,65.19,12.0,14.94,2.36,24.47,3.34
2026-06-07,9.05,5.0,9.05,5.0,14.16,8.0,0.04,0.04,0.06,0.05
2026-06-08,0.0,0.0,0.0,0.0,23.49,3.0,0.0,0.0,11.43,1.35
2026-06-09,47.4,5.0,66.25,10.0,112.17,21.0,41.77,4.74,65.57,9.13
2026-06-10,4.03,1.0,4.03,1.0,11.89,3.0,0.0,0.0,1.09,0.4
2026-06-11,4.76,2.0,4.76,2.0,9.91,3.0,0.0,0.0,0.0,0.0
2026-06-12,0.0,0.0,0.0,0.0,2.99,1.0,0.0,0.0,0.01,0.0
2026-06-13,0.0,0.0,1.16,1.0,1.16,1.0,0.64,0.55,0.64,0.55
2026-06-14,0.0,0.0,11.15,2.0,41.67,9.0,0.51,0.09,3.67,0.94
2026-06-15,0.9,1.0,0.9,1.0,12.67,9.0,0.0,0.0,0.0,0.0
2026-06-16,1.12,2.0,1.12,2.0,11.03,6.0,0.0,0.0,0.13,0.05
2026-06-17,8.96,4.0,10.23,5.0,80.21,21.0,4.23,0.79,19.65,4.33
2026-06-18,0.0,0.0,0.91,1.0,25.42,6.0,0.83,0.91,9.55,2.12
2026-06-19,7.49,4.0,7.49,4.0,31.31,11.0,0.12,0.15,2.73,0.83
2026-06-20,0.0,0.0,0.0,0.0,24.89,8.0,0.0,0.0,7.09,1.85
2026-06-21,6.65,4.0,6.65,4.0,44.23,12.0,2.01,0.91,21.72,3.02
2026-06-22,3.68,4.0,4.71,5.0,10.76,7.0,1.23,1.23,1.83,1.62
2026-06-23,0.0,0.0,0.0,0.0,110.86,22.0,0.0,0.0,0.48,0.62
2026-06-24,6.25,1.0,6.25,1.0,25.63,5.0,1.83,0.29,1.83,0.29
2026-06-25,0.0,0.0,0.0,0.0,71.44,17.0,0.0,0.0,0.07,0.01
2026-06-26,24.04,4.0,24.04,4.0,29.84,6.0,1.0,0.17,1.0,0.17
2026-06-27,21.81,4.0,28.37,6.0,113.75,21.0,8.35,1.11,8.77,1.2
2026-06-28,2.9,2.0,2.9,2.0,81.72,23.0,0.02,0.01,1.43,0.35
2026-06-29,0.0,0.0,5.27,1.0,15.32,4.0,1.22,0.23,1.23,0.23
2026-06-30,0.0,0.0,0.0,0.0,0.0,0.0,0.0,0.0,0.0,0.0
