date,frp50,n50,frp100,n100,frp200,n200,frpup100,nup100,frpup200,nup200
2015-01-01,3.74,1.0,14.22,4.0,41.36,11.0,0.0,0.0,0.0,0.0
2015-01-02,0.0,0.0,0.0,0.0,0.0,0.0,0.0,0.0,0.0,0.0
2015-01-03,0.0,0.0,0.0,0.0,0.0,0.0,0.0,0.0,0.0,0.0
2015-01-04,0.0,0.0,0.0,0.0,13.08,4.0,0.0,0.0,0.0,0.0
2015-01-05,9.09,3.0,50.56,19.0,105.24,35.0,0.0,0.0,0.0,0.0
2015-01-06,16.25,6.0,63.24,22.0,74.49,27.0,0.0,0.0,0.0,0.0
2015-01-07,0.0,0.0,0.0,0.0,12.97,5.0,0.0,0.0,0.0,0.0
2015-01-08,0.0,0.0,0.0,0.0,0.0,0.0,0.0,0.0,0.0,0.0
2015-01-09,0.0,0.0,7.5,1.0,13.19,3.0,0.0,0.0,0.0,0.0
2015-01-10,101.48,30.0,341.78,100.0,391.74,117.0,0.0,0.0,0.0,0.0
2015-01-11,11.41,4.0,14.69,5.0,32.75,9.0,0.0,0.0,0.0,0.0
2015-01-12,6.12,3.0,83.01,30.0,189.64,57.0,0.0,0.0,0.0,0.0
2015-01-13,6.43,3.0,40.05,13.0,74.44,27.0,0.0,0.0,0.0,0.0
2015-01-14,0.0,0.0,0.0,0.0,0.0,0.0,0.0,0.0,0.0,0.0
2015-01-15,0.27,1.0,3.07,2.0,41.25,15.0,0.0,0.0,0.0,0.0
2015-01-16,23.97,9.0,99.4,34.0,154.44,57.0,0.0,0.0,0.0,0.0
2015-01-17,0.0,0.0,20.88,5.0,53.47,13.0,0.0,0.0,0.0,0.0
2015-01-18,1.99,1.0,9.33,4.0,24.26,8.0,0.0,0.0,0.0,0.0
2015-01-19,20.32,6.0,55.03,14.0,62.01,17.0,0.0,0.0,0.0,0.0
2015-01-20,0.0,0.0,0.0,0.0,19.76,5.0,0.0,0.0,0.0,0.0
2015-01-21,36.55,10.0,75.0,24.0,142.23,40.0,0.0,0.0,0.0,0.0
2015-01-22,0.0,0.0,0.0,0.0,0.0,0.0,0.0,0.0,0.0,0.0
2015-01-23,0.0,0.0,0.0,0.0,34.04,3.0,0.0,0.0,0.0,0.0
2015-01-24,0.0,0.0,3.21,1.0,3.21,1.0,0.0,0.0,0.0,0.0
2015-01-25,7.08,1.0,20.36,5.0,34.25,9.0,0.0,0.0,0.0,0.0
2015-01-26,0.0,0.0,12.27,3.0,20.25,6.0,0.0,0.0,0.0,0.0
2015-01-27,3.49,1.0,29.46,11.0,71.72,27.0,0.0,0.0,0.0,0.0
2015-01-28,18.67,4.0,41.28,8.0,61.32,13.0,0.0,0.0,0.0,0.0
2015-01-29,9.39,2.0,27.98,8.0,81.11,22.0,0.0,0.0,0.0,0.0
2015-01-30,18.54,4.0,60.6,16.0,159.45,48.0,0.0,0.0,0.0,0.0
2015-01-31,40.38,6.0,168.8,33.0,542.15,67.0,0.0,0.0,0.0,0.0
2015-02-01,21.88,4.0,110.77,29.0,341.22,86.0,0.0,0.0,0.0,0.0
2015-02-02,29.84,7.0,45.04,10.0,97.98,22.0,0.0,0.0,0.0,0.0
2015-02-03,11.0,5.0,28.04,11.0,155.62,24.0,0.0,0.0,0.0,0.0
2015-02-04,0.0,0.0,3.19,1.0,16.06,5.0,0.0,0.0,0.0,0.0
2015-02-05,21.56,6.0,96.03,29.0,189.22,51.0,0.0,0.0,0.0,0.0
2015-02-06,28.77,8.0,142.91,38.0,295.86,85.0,0.0,0.0,0.0,0.0
2015-02-07,72.17,19.0,216.6,61.0,382.87,103.0,0.0,0.0,0.0,0.0
2015-02-08,12.97,2.0,127.01,25.0,236.69,50.0,0.0,0.0,0.0,0.0
2015-02-09,7.62,3.0,43.41,13.0,150.36,41.0,0.0,0.0,0.0,0.0
2015-02-10,0.0,0.0,87.57,11.0,215.53,40.0,0.0,0.0,0.0,0.0
2015-02-11,38.96,6.0,115.12,27.0,278.12,70.0,0.0,0.0,0.0,0.0
2015-02-12,8.47,4.0,115.51,38.0,332.48,91.0,0.0,0.0,0.0,0.0
2015-02-13,10.66,3.0,109.87,21.0,228.07,46.0,0.0,0.0,0.0,0.0
2015-02-14,34.6,8.0,90.97,24.0,231.59,58.0,0.0,0.0,0.0,0.0
2015-02-15,30.58,6.0,93.08,30.0,183.65,57.0,0.0,0.0,0.0,0.0
2015-02-16,1.27,2.0,15.12,5.0,69.64,14.0,0.0,0.0,0.0,0.0
2015-02-17,22.17,4.0,146.84,37.0,329.35,92.0,0.0,0.0,0.0,0.0
2015-02-18,9.33,3.0,74.79,17.0,188.46,48.0,0.0,0.0,0.0,0.0
2015-02-19,6.4,2.0,23.02,8.0,144.67,28.0,0.0,0.0,0.0,0.0
2015-02-20,5.13,2.0,12.0,5.0,45.42,12.0,0.0,0.0,0.0,0.0
2015-02-21,1.92,1.0,23.57,10.0,133.89,28.0,0.0,0.0,0.0,0.0
2015-02-22,41.09,4.0,63.73,10.0,182.94,37.0,0.0,0.0,0.0,0.0
2015-02-23,6.09,2.0,48.62,11.0,159.67,37.0,0.0,0.0,0.0,0.0
2015-02-24,0.0,0.0,0.0,0.0,0.0,0.0,0.0,0.0,0.0,0.0
2015-02-25,0.0,0.0,0.0,0.0,14.74,4.0,0.0,0.0,0.0,0.0
2015-02-26,0.98,1.0,14.79,4.0,44.09,13.0,0.0,0.0,0.0,0.0
2015-02-27,11.21,3.0,59.11,16.0,125.39,38.0,0.0,0.0,0.0,0.0
2015-02-28,6.05,2.0,18.54,6.0,83.88,24.0,0.0,0.0,0.0,0.0
2015-03-01,0.0,0.0,0.0,0.0,0.0,0.0,0.0,0.0,0.0,0.0
2015-03-02,0.0,0.0,0.0,0.0,0.49,1.0,0.0,0.0,0.0,0.0
2015-03-03,0.28,1.0,0.28,1.0,1.36,3.0,0.0,0.0,0.0,0.0
2015-03-04,0.63,1.0,1.56,3.0,15.74,11.0,0.0,0.0,0.0,0.0
2015-03-05,4.28,6.0,20.9,11.0,121.73,58.0,0.0,0.0,0.0,0.0
2015-03-06,0.0,0.0,8.58,3.0,59.85,18.0,0.0,0.0,0.0,0.0
2015-03-07,5.01,2.0,34.02,8.0,77.92,17.0,0.0,0.0,0.0,0.0
2015-03-08,0.0,0.0,0.0,0.0,0.0,0.0,0.0,0.0,0.0,0.0
2015-03-09,1.18,2.0,3.62,4.0,46.19,11.0,0.0,0.0,0.0,0.0
2015-03-10,1.84,4.0,16.26,11.0,130.65,37.0,0.0,0.0,0.0,0.0
2015-03-11,3.52,2.0,34.32,11.0,77.37,26.0,0.0,0.0,0.0,0.0
2015-03-12,0.0,0.0,40.31,10.0,159.95,31.0,0.0,0.0,0.0,0.0
2015-03-13,2.34,1.0,40.6,10.0,54.83,13.0,0.0,0.0,0.0,0.0
2015-03-14,0.0,0.0,0.0,0.0,0.0,0.0,0.0,0.0,0.0,0.0
2015-03-15,0.0,0.0,0.4,1.0,0.64,2.0,0.0,0.0,0.0,0.0
2015-03-16,4.46,2.0,34.52,11.0,125.81,28.0,0.0,0.0,0.0,0.0
2015-03-17,1.7,1.0,18.03,5.0,146.15,25.0,0.0,0.0,0.0,0.0
2015-03-18,7.39,3.0,13.99,6.0,115.42,21.0,0.0,0.0,0.0,0.0
2015-03-19,0.0,0.0,9.65,4.0,57.15,18.0,0.0,0.0,0.0,0.0
2015-03-20,24.11,4.0,30.22,6.0,82.19,16.0,0.0,0.0,0.0,0.0
2015-03-21,2.85,1.0,12.6,5.0,73.52,20.0,0.0,0.0,0.0,0.0
2015-03-22,0.0,0.0,25.81,5.0,139.59,25.0,0.0,0.0,0.0,0.0
2015-03-23,0.0,0.0,3.49,1.0,72.77,8.0,0.0,0.0,0.0,0.0
2015-03-24,0.0,0.0,1.78,1.0,53.9,10.0,0.0,0.0,0.0,0.0
2015-03-25,9.07,2.0,9.07,2.0,46.28,13.0,0.0,0.0,0.0,0.0
2015-03-26,0.0,0.0,10.27,3.0,61.79,15.0,0.0,0.0,0.0,0.0
2015-03-27,3.28,1.0,9.18,3.0,41.6,16.0,0.0,0.0,0.0,0.0
2015-03-28,0.0,0.0,28.32,3.0,61.61,11.0,0.0,0.0,0.0,0.0
2015-03-29,0.0,0.0,0.0,0.0,0.0,0.0,0.0,0.0,0.0,0.0
2015-03-30,0.0,0.0,0.0,0.0,0.17,1.0,0.0,0.0,0.0,0.0
2015-03-31,0.55,1.0,6.01,4.0,9.23,7.0,0.0,0.0,0.0,0.0
2015-04-01,0.0,0.0,13.62,3.0,24.77,6.0,0.0,0.0,0.0,0.0
2015-04-02,4.09,1.0,13.86,3.0,26.59,7.0,0.0,0.0,0.0,0.0
2015-04-03,0.0,0.0,0.0,0.0,0.0,0.0,0.0,0.0,0.0,0.0
2015-04-04,0.0,0.0,0.0,0.0,0.89,1.0,0.0,0.0,0.0,0.0
2015-04-05,0.69,2.0,20.48,10.0,42.4,14.0,0.0,0.0,0.0,0.0
2015-04-06,10.65,5.0,17.78,10.0,32.92,18.0,0.0,0.0,0.0,0.0
2015-04-07,0.0,0.0,0.92,1.0,11.79,6.0,0.0,0.0,0.0,0.0
2015-04-08,3.76,2.0,14.15,4.0,28.24,8.0,0.0,0.0,0.0,0.0
2015-04-09,0.0,0.0,5.68,2.0,33.15,10.0,0.0,0.0,0.0,0.0
2015-04-10,0.24,1.0,0.24,1.0,10.16,6.0,0.0,0.0,0.0,0.0
2015-04-11,15.74,4.0,31.94,10.0,63.84,21.0,0.0,0.0,0.0,0.0
2015-04-12,0.0,0.0,0.0,0.0,0.0,0.0,0.0,0.0,0.0,0.0
2015-04-13,0.0,0.0,0.0,0.0,0.0,0.0,0.0,0.0,0.0,0.0
2015-04-14,0.0,0.0,0.0,0.0,8.7,6.0,0.0,0.0,0.0,0.0
2015-04-15,0.0,0.0,7.19,2.0,22.57,7.0,0.0,0.0,0.0,0.0
2015-04-16,0.63,1.0,0.63,1.0,5.59,5.0,0.0,0.0,0.0,0.0
2015-04-17,1.08,1.0,2.43,2.0,26.47,10.0,0.0,0.0,0.0,0.0
2015-04-18,0.0,0.0,49.9,7.0,62.52,11.0,0.0,0.0,0.0,0.0
2015-04-19,0.0,0.0,22.27,8.0,35.57,13.0,0.0,0.0,0.0,0.0
2015-04-20,0.0,0.0,0.92,1.0,834.86,31.0,0.0,0.0,0.0,0.0
2015-04-21,0.0,0.0,22.82,6.0,98.78,21.0,0.0,0.0,0.0,0.0
2015-04-22,15.29,3.0,138.98,16.0,183.48,30.0,0.0,0.0,0.0,0.0
2015-04-23,0.0,0.0,96.22,15.0,185.68,26.0,0.0,0.0,0.0,0.0
2015-04-24,3.42,1.0,162.46,34.0,320.21,57.0,0.0,0.0,0.0,0.0
2015-04-25,9.08,4.0,65.17,22.0,162.79,39.0,0.0,0.0,0.0,0.0
2015-04-26,15.24,4.0,73.66,23.0,100.12,31.0,0.0,0.0,0.0,0.0
2015-04-27,20.89,7.0,91.79,36.0,173.08,61.0,0.0,0.0,0.0,0.0
2015-04-28,0.0,0.0,118.05,20.0,244.01,45.0,0.0,0.0,0.0,0.0
2015-04-29,0.0,0.0,318.02,52.0,511.59,109.0,0.0,0.0,0.0,0.0
2015-04-30,11.74,6.0,91.33,28.0,171.55,46.0,0.0,0.0,0.0,0.0
2015-05-01,35.5,8.0,415.25,85.0,786.82,184.0,0.0,0.0,0.0,0.0
2015-05-02,82.31,11.0,673.41,96.0,1829.06,250.0,0.0,0.0,0.0,0.0
2015-05-03,67.71,8.0,837.29,106.0,2082.25,266.0,0.0,0.0,0.0,0.0
2015-05-04,71.36,16.0,908.15,122.0,3177.51,362.0,0.0,0.0,0.0,0.0
2015-05-05,49.46,13.0,897.72,187.0,3980.56,770.0,0.0,0.0,0.0,0.0
2015-05-06,181.59,25.0,567.52,92.0,3614.43,473.0,0.0,0.0,0.0,0.0
2015-05-07,142.52,13.0,551.29,83.0,3838.82,529.0,0.0,0.0,0.0,0.0
2015-05-08,54.18,9.0,201.67,28.0,1111.4,179.0,0.0,0.0,0.0,0.0
2015-05-09,24.65,4.0,283.71,40.0,3268.12,436.0,0.0,0.0,0.0,0.0
2015-05-10,22.35,6.0,83.55,24.0,879.38,219.0,0.0,0.0,0.0,0.0
2015-05-11,23.1,8.0,111.91,30.0,625.58,168.0,0.0,0.0,0.0,0.0
2015-05-12,8.83,3.0,187.58,32.0,916.62,171.0,0.0,0.0,0.0,0.0
2015-05-13,0.0,0.0,0.0,0.0,278.42,63.0,0.0,0.0,0.0,0.0
2015-05-14,7.16,2.0,36.47,7.0,666.24,127.0,0.0,0.0,0.0,0.0
2015-05-15,3.23,1.0,17.59,5.0,158.37,33.0,0.0,0.0,0.0,0.0
2015-05-16,11.42,3.0,37.56,10.0,745.86,197.0,0.0,0.0,0.0,0.0
2015-05-17,19.88,3.0,89.55,16.0,584.84,131.0,0.0,0.0,0.0,0.0
2015-05-18,22.29,3.0,104.08,21.0,561.24,121.0,0.0,0.0,0.0,0.0
2015-05-19,0.0,0.0,0.0,0.0,77.68,19.0,0.0,0.0,0.0,0.0
2015-05-20,0.0,0.0,24.77,4.0,325.34,71.0,0.0,0.0,0.0,0.0
2015-05-21,82.33,7.0,153.82,23.0,856.11,187.0,0.0,0.0,0.0,0.0
2015-05-22,11.16,2.0,26.62,6.0,863.38,169.0,0.0,0.0,0.0,0.0
2015-05-23,9.1,4.0,74.23,8.0,581.12,111.0,0.0,0.0,0.0,0.0
2015-05-24,35.8,4.0,35.8,4.0,383.83,101.0,0.0,0.0,0.0,0.0
2015-05-25,0.0,0.0,3.58,2.0,167.36,37.0,0.0,0.0,0.0,0.0
2015-05-26,30.38,6.0,42.95,8.0,224.31,52.0,0.0,0.0,0.0,0.0
2015-05-27,12.94,1.0,52.63,7.0,180.98,43.0,0.0,0.0,0.0,0.0
2015-05-28,9.03,3.0,10.19,4.0,293.82,65.0,0.0,0.0,0.0,0.0
2015-05-29,35.77,5.0,50.87,8.0,183.28,60.0,0.0,0.0,0.0,0.0
2015-05-30,0.0,0.0,0.83,1.0,324.58,79.0,0.0,0.0,0.0,0.0
2015-05-31,8.59,2.0,29.24,4.0,105.54,45.0,0.0,0.0,0.0,0.0
2015-06-01,0.0,0.0,0.0,0.0,147.68,40.0,0.0,0.0,0.0,0.0
2015-06-02,0.0,0.0,0.0,0.0,215.27,60.0,0.0,0.0,0.0,0.0
2015-06-03,0.0,0.0,0.0,0.0,79.58,13.0,0.0,0.0,0.0,0.0
2015-06-04,0.0,0.0,0.0,0.0,210.96,77.0,0.0,0.0,0.0,0.0
2015-06-05,12.47,3.0,17.98,4.0,291.05,67.0,0.0,0.0,0.0,0.0
2015-06-06,9.71,3.0,18.59,7.0,232.86,71.0,0.0,0.0,0.0,0.0
2015-06-07,8.89,3.0,28.5,7.0,259.4,67.0,0.0,0.0,0.0,0.0
2015-06-08,0.0,0.0,0.0,0.0,443.41,96.0,0.0,0.0,0.0,0.0
2015-06-09,0.0,0.0,0.0,0.0,906.93,142.0,0.0,0.0,0.0,0.0
2015-06-10,0.0,0.0,25.9,5.0,105.86,24.0,0.0,0.0,0.0,0.0
2015-06-11,0.0,0.0,0.0,0.0,103.75,29.0,0.0,0.0,0.0,0.0
2015-06-12,0.0,0.0,13.19,2.0,123.36,34.0,0.0,0.0,0.0,0.0
2015-06-13,0.0,0.0,0.0,0.0,40.16,15.0,0.0,0.0,0.0,0.0
2015-06-14,0.0,0.0,0.0,0.0,15.78,13.0,0.0,0.0,0.0,0.0
2015-06-15,0.0,0.0,8.89,1.0,16.59,6.0,0.0,0.0,0.0,0.0
2015-06-16,0.0,0.0,2.02,1.0,32.87,12.0,0.0,0.0,0.0,0.0
2015-06-17,0.0,0.0,0.0,0.0,31.56,7.0,0.0,0.0,0.0,0.0
2015-06-18,0.0,0.0,0.0,0.0,37.01,7.0,0.0,0.0,0.0,0.0
2015-06-19,0.0,0.0,25.44,3.0,67.02,15.0,0.0,0.0,0.0,0.0
2015-06-20,0.0,0.0,6.87,1.0,8.59,2.0,0.0,0.0,0.0,0.0
2015-06-21,0.0,0.0,0.0,0.0,0.0,0.0,0.0,0.0,0.0,0.0
2015-06-22,0.0,0.0,0.0,0.0,12.04,2.0,0.0,0.0,0.0,0.0
2015-06-23,0.0,0.0,0.0,0.0,4.25,1.0,0.0,0.0,0.0,0.0
2015-06-24,0.0,0.0,0.0,0.0,11.02,2.0,0.0,0.0,0.0,0.0
2015-06-25,0.0,0.0,0.0,0.0,1.55,1.0,0.0,0.0,0.0,0.0
2015-06-26,0.0,0.0,0.0,0.0,4.69,1.0,0.0,0.0,0.0,0.0
2015-06-27,0.0,0.0,0.0,0.0,0.0,0.0,0.0,0.0,0.0,0.0
2015-06-28,0.0,0.0,0.0,0.0,0.0,0.0,0.0,0.0,0.0,0.0
2015-06-29,0.0,0.0,0.0,0.0,0.0,0.0,0.0,0.0,0.0,0.0
2015-06-30,0.0,0.0,0.0,0.0,0.0,0.0,0.0,0.0,0.0,0.0
2015-07-01,0.0,0.0,0.0,0.0,6.33,1.0,0.0,0.0,0.0,0.0
2015-07-02,0.0,0.0,0.0,0.0,3.91,1.0,0.0,0.0,0.0,0.0
2015-07-03,0.0,0.0,0.0,0.0,0.0,0.0,0.0,0.0,0.0,0.0
2015-07-04,0.0,0.0,0.0,0.0,0.0,0.0,0.0,0.0,0.0,0.0
2015-07-05,0.0,0.0,0.0,0.0,0.0,0.0,0.0,0.0,0.0,0.0
2015-07-06,0.0,0.0,0.0,0.0,0.0,0.0,0.0,0.0,0.0,0.0
2015-07-07,0.0,0.0,0.0,0.0,0.0,0.0,0.0,0.0,0.0,0.0
2015-07-08,0.0,0.0,0.0,0.0,0.0,0.0,0.0,0.0,0.0,0.0
2015-07-09,0.0,0.0,0.52,1.0,0.52,1.0,0.0,0.0,0.0,0.0
2015-07-10,0.0,0.0,0.0,0.0,0.0,0.0,0.0,0.0,0.0,0.0
2015-07-11,0.0,0.0,0.0,0.0,0.0,0.0,0.0,0.0,0.0,0.0
2015-07-12,0.0,0.0,0.0,0.0,0.0,0.0,0.0,0.0,0.0,0.0
2015-07-13,0.0,0.0,0.0,0.0,0.0,0.0,0.0,0.0,0.0,0.0
2015-07-14,0.0,0.0,0.0,0.0,6.4,1.0,0.0,0.0,0.0,0.0
2015-07-15,0.0,0.0,0.0,0.0,0.0,0.0,0.0,0.0,0.0,0.0
2015-07-16,0.0,0.0,0.0,0.0,0.0,0.0,0.0,0.0,0.0,0.0
2015-07-17,0.0,0.0,0.0,0.0,0.0,0.0,0.0,0.0,0.0,0.0
2015-07-18,0.0,0.0,0.0,0.0,0.0,0.0,0.0,0.0,0.0,0.0
2015-07-19,0.0,0.0,0.0,0.0,0.0,0.0,0.0,0.0,0.0,0.0
2015-07-20,0.0,0.0,0.0,0.0,0.0,0.0,0.0,0.0,0.0,0.0
2015-07-21,0.0,0.0,0.0,0.0,0.0,0.0,0.0,0.0,0.0,0.0
2015-07-22,0.0,0.0,0.0,0.0,0.0,0.0,0.0,0.0,0.0,0.0
2015-07-23,0.0,0.0,0.0,0.0,0.0,0.0,0.0,0.0,0.0,0.0
2015-07-24,0.0,0.0,0.0,0.0,0.0,0.0,0.0,0.0,0.0,0.0
2015-07-25,0.0,0.0,0.0,0.0,0.0,0.0,0.0,0.0,0.0,0.0
2015-07-26,1.36,1.0,1.36,1.0,3.26,2.0,0.0,0.0,0.0,0.0
2015-07-27,0.0,0.0,1.85,1.0,9.09,4.0,0.0,0.0,0.0,0.0
2015-07-28,0.0,0.0,0.0,0.0,1.41,1.0,0.0,0.0,0.0,0.0
2015-07-29,0.0,0.0,0.0,0.0,0.0,0.0,0.0,0.0,0.0,0.0
2015-07-30,0.0,0.0,0.0,0.0,0.0,0.0,0.0,0.0,0.0,0.0
2015-07-31,0.0,0.0,0.0,0.0,0.0,0.0,0.0,0.0,0.0,0.0
2015-08-01,0.0,0.0,0.0,0.0,0.98,1.0,0.0,0.0,0.0,0.0
2015-08-02,0.0,0.0,0.0,0.0,0.0,0.0,0.0,0.0,0.0,0.0
2015-08-03,0.0,0.0,0.0,0.0,0.0,0.0,0.0,0.0,0.0,0.0
2015-08-04,0.0,0.0,0.0,0.0,0.0,0.0,0.0,0.0,0.0,0.0
2015-08-05,0.0,0.0,0.0,0.0,0.0,0.0,0.0,0.0,0.0,0.0
2015-08-06,1.31,1.0,1.31,1.0,1.31,1.0,0.0,0.0,0.0,0.0
2015-08-07,0.0,0.0,0.0,0.0,0.0,0.0,0.0,0.0,0.0,0.0
2015-08-08,0.0,0.0,0.0,0.0,0.0,0.0,0.0,0.0,0.0,0.0
2015-08-09,0.0,0.0,0.0,0.0,0.0,0.0,0.0,0.0,0.0,0.0
2015-08-10,0.0,0.0,0.0,0.0,0.0,0.0,0.0,0.0,0.0,0.0
2015-08-11,0.0,0.0,0.0,0.0,0.0,0.0,0.0,0.0,0.0,0.0
2015-08-12,0.0,0.0,0.0,0.0,6.11,2.0,0.0,0.0,0.0,0.0
2015-08-13,0.0,0.0,0.0,0.0,0.0,0.0,0.0,0.0,0.0,0.0
2015-08-14,0.0,0.0,0.0,0.0,0.0,0.0,0.0,0.0,0.0,0.0
2015-08-15,0.0,0.0,0.0,0.0,0.0,0.0,0.0,0.0,0.0,0.0
2015-08-16,0.0,0.0,0.0,0.0,0.0,0.0,0.0,0.0,0.0,0.0
2015-08-17,0.0,0.0,0.0,0.0,1.77,1.0,0.0,0.0,0.0,0.0
2015-08-18,2.26,1.0,2.26,1.0,2.26,1.0,0.0,0.0,0.0,0.0
2015-08-19,0.0,0.0,0.0,0.0,0.0,0.0,0.0,0.0,0.0,0.0
2015-08-20,0.0,0.0,0.0,0.0,0.0,0.0,0.0,0.0,0.0,0.0
2015-08-21,0.0,0.0,0.0,0.0,0.0,0.0,0.0,0.0,0.0,0.0
2015-08-22,0.0,0.0,0.0,0.0,0.0,0.0,0.0,0.0,0.0,0.0
2015-08-23,0.0,0.0,0.0,0.0,5.87,1.0,0.0,0.0,0.0,0.0
2015-08-24,0.0,0.0,0.0,0.0,0.0,0.0,0.0,0.0,0.0,0.0
2015-08-25,1.37,1.0,1.37,1.0,1.37,1.0,0.0,0.0,0.0,0.0
2015-08-26,0.0,0.0,0.0,0.0,11.16,2.0,0.0,0.0,0.0,0.0
2015-08-27,3.73,1.0,3.73,1.0,3.73,1.0,0.0,0.0,0.0,0.0
2015-08-28,0.0,0.0,0.0,0.0,0.0,0.0,0.0,0.0,0.0,0.0
2015-08-29,5.09,2.0,5.09,2.0,5.09,2.0,0.0,0.0,0.0,0.0
2015-08-30,0.0,0.0,0.0,0.0,0.0,0.0,0.0,0.0,0.0,0.0
2015-08-31,0.0,0.0,0.0,0.0,10.36,2.0,0.0,0.0,0.0,0.0
2015-09-01,0.0,0.0,0.0,0.0,1.66,1.0,0.0,0.0,0.0,0.0
2015-09-02,2.13,1.0,2.13,1.0,7.35,3.0,0.0,0.0,0.0,0.0
2015-09-03,0.0,0.0,0.0,0.0,0.0,0.0,0.0,0.0,0.0,0.0
2015-09-04,0.0,0.0,0.0,0.0,0.0,0.0,0.0,0.0,0.0,0.0
2015-09-05,2.1,1.0,2.1,1.0,34.07,5.0,0.0,0.0,0.0,0.0
2015-09-06,0.0,0.0,0.0,0.0,0.0,0.0,0.0,0.0,0.0,0.0
2015-09-07,0.0,0.0,2.13,1.0,16.65,7.0,0.0,0.0,0.0,0.0
2015-09-08,4.55,1.0,4.55,1.0,14.86,6.0,0.0,0.0,0.0,0.0
2015-09-09,3.37,1.0,6.2,2.0,16.58,4.0,0.0,0.0,0.0,0.0
2015-09-10,0.0,0.0,0.0,0.0,12.59,4.0,0.0,0.0,0.0,0.0
2015-09-11,0.0,0.0,0.0,0.0,4.93,1.0,0.0,0.0,0.0,0.0
2015-09-12,0.0,0.0,3.17,1.0,64.83,12.0,0.0,0.0,0.0,0.0
2015-09-13,0.0,0.0,0.0,0.0,45.93,13.0,0.0,0.0,0.0,0.0
2015-09-14,0.0,0.0,0.0,0.0,0.0,0.0,0.0,0.0,0.0,0.0
2015-09-15,0.0,0.0,1.44,1.0,9.36,4.0,0.0,0.0,0.0,0.0
2015-09-16,0.0,0.0,0.0,0.0,8.44,3.0,0.0,0.0,0.0,0.0
2015-09-17,0.0,0.0,0.0,0.0,49.5,15.0,0.0,0.0,0.0,0.0
2015-09-18,0.0,0.0,0.0,0.0,10.17,1.0,0.0,0.0,0.0,0.0
2015-09-19,0.38,1.0,0.38,1.0,0.38,1.0,0.0,0.0,0.0,0.0
2015-09-20,0.0,0.0,0.0,0.0,3.79,1.0,0.0,0.0,0.0,0.0
2015-09-21,0.0,0.0,0.0,0.0,3.06,1.0,0.0,0.0,0.0,0.0
2015-09-22,0.0,0.0,0.0,0.0,2.06,1.0,0.0,0.0,0.0,0.0
2015-09-23,1.96,1.0,1.96,1.0,2.52,2.0,0.0,0.0,0.0,0.0
2015-09-24,0.93,1.0,2.89,2.0,2.89,2.0,0.0,0.0,0.0,0.0
2015-09-25,0.65,1.0,0.65,1.0,0.65,1.0,0.0,0.0,0.0,0.0
2015-09-26,0.0,0.0,0.0,0.0,8.37,3.0,0.0,0.0,0.0,0.0
2015-09-27,0.0,0.0,0.0,0.0,29.24,3.0,0.0,0.0,0.0,0.0
2015-09-28,0.0,0.0,0.0,0.0,53.44,8.0,0.0,0.0,0.0,0.0
2015-09-29,1.92,1.0,4.21,2.0,107.16,32.0,0.0,0.0,0.0,0.0
2015-09-30,19.42,4.0,19.42,4.0,94.01,21.0,0.0,0.0,0.0,0.0
2015-10-01,0.0,0.0,0.0,0.0,88.93,27.0,0.0,0.0,0.0,0.0
2015-10-02,0.0,0.0,2.34,1.0,176.8,48.0,0.0,0.0,0.0,0.0
2015-10-03,32.5,5.0,35.91,6.0,289.89,55.0,0.0,0.0,0.0,0.0
2015-10-04,0.0,0.0,5.18,1.0,550.53,119.0,0.0,0.0,0.0,0.0
2015-10-05,6.36,2.0,12.71,4.0,345.75,80.0,0.0,0.0,0.0,0.0
2015-10-06,0.0,0.0,3.87,2.0,281.49,46.0,0.0,0.0,0.0,0.0
2015-10-07,0.0,0.0,3.58,1.0,181.02,39.0,0.0,0.0,0.0,0.0
2015-10-08,0.0,0.0,2.83,1.0,560.87,89.0,0.0,0.0,0.0,0.0
2015-10-09,13.35,4.0,23.03,7.0,814.07,165.0,0.0,0.0,0.0,0.0
2015-10-10,6.44,2.0,28.58,9.0,975.04,223.0,0.0,0.0,0.0,0.0
2015-10-11,1.47,1.0,1.47,1.0,800.08,121.0,0.0,0.0,0.0,0.0
2015-10-12,0.0,0.0,0.0,0.0,429.27,85.0,0.0,0.0,0.0,0.0
2015-10-13,2.49,2.0,2.49,2.0,431.32,63.0,0.0,0.0,0.0,0.0
2015-10-14,0.28,1.0,46.66,11.0,631.03,114.0,0.0,0.0,0.0,0.0
2015-10-15,0.0,0.0,17.71,7.0,513.74,111.0,0.0,0.0,0.0,0.0
2015-10-16,0.0,0.0,5.82,1.0,571.31,114.0,0.0,0.0,0.0,0.0
2015-10-17,0.0,0.0,23.52,8.0,516.29,114.0,0.0,0.0,0.0,0.0
2015-10-18,25.46,2.0,45.29,6.0,731.36,163.0,0.0,0.0,0.0,0.0
2015-10-19,11.41,2.0,39.76,12.0,1115.84,207.0,0.0,0.0,0.0,0.0
2015-10-20,4.43,2.0,92.55,27.0,1714.19,358.0,0.0,0.0,0.0,0.0
2015-10-21,6.5,3.0,48.71,12.0,1046.89,203.0,0.0,0.0,0.0,0.0
2015-10-22,16.69,4.0,128.04,26.0,1132.56,202.0,0.0,0.0,0.0,0.0
2015-10-23,0.0,0.0,149.55,22.0,1295.74,220.0,0.0,0.0,0.0,0.0
2015-10-24,20.37,6.0,184.61,39.0,1831.13,325.0,0.0,0.0,0.0,0.0
2015-10-25,55.15,12.0,398.0,80.0,2115.93,373.0,0.0,0.0,0.0,0.0
2015-10-26,10.19,3.0,222.19,44.0,501.93,116.0,0.0,0.0,0.0,0.0
2015-10-27,16.17,5.0,187.73,39.0,1200.31,231.0,0.0,0.0,0.0,0.0
2015-10-28,0.0,0.0,0.0,0.0,32.03,11.0,0.0,0.0,0.0,0.0
2015-10-29,5.97,4.0,14.09,8.0,757.77,110.0,0.0,0.0,0.0,0.0
2015-10-30,37.41,13.0,244.1,51.0,2166.23,363.0,0.0,0.0,0.0,0.0
2015-10-31,20.24,8.0,347.81,92.0,2758.22,521.0,0.0,0.0,0.0,0.0
2015-11-01,25.6,5.0,352.45,66.0,2110.41,355.0,0.0,0.0,0.0,0.0
2015-11-02,1.44,1.0,151.32,34.0,1339.9,238.0,0.0,0.0,0.0,0.0
2015-11-03,2.67,1.0,209.22,41.0,1736.49,358.0,0.0,0.0,0.0,0.0
2015-11-04,27.52,10.0,367.91,72.0,3094.43,457.0,0.0,0.0,0.0,0.0
2015-11-05,6.57,2.0,294.72,63.0,523.1,107.0,0.0,0.0,0.0,0.0
2015-11-06,2.2,1.0,282.65,46.0,630.21,115.0,0.0,0.0,0.0,0.0
2015-11-07,0.93,2.0,164.48,21.0,238.89,39.0,0.0,0.0,0.0,0.0
2015-11-08,6.42,3.0,163.98,29.0,250.36,51.0,0.0,0.0,0.0,0.0
2015-11-09,0.63,2.0,95.65,15.0,572.15,125.0,0.0,0.0,0.0,0.0
2015-11-10,15.73,6.0,139.57,37.0,1046.31,251.0,0.0,0.0,0.0,0.0
2015-11-11,43.84,12.0,364.54,78.0,1681.44,336.0,0.0,0.0,0.0,0.0
2015-11-12,0.0,0.0,138.5,33.0,546.32,110.0,0.0,0.0,0.0,0.0
2015-11-13,0.0,0.0,81.32,15.0,248.53,54.0,0.0,0.0,0.0,0.0
2015-11-14,3.25,1.0,30.6,5.0,211.64,36.0,0.0,0.0,0.0,0.0
2015-11-15,6.1,2.0,95.02,22.0,443.87,104.0,0.0,0.0,0.0,0.0
2015-11-16,28.91,5.0,94.09,27.0,462.02,126.0,0.0,0.0,0.0,0.0
2015-11-17,7.43,2.0,57.02,16.0,392.95,90.0,0.0,0.0,0.0,0.0
2015-11-18,1.21,1.0,14.09,8.0,141.49,43.0,0.0,0.0,0.0,0.0
2015-11-19,1.11,1.0,30.22,10.0,126.23,41.0,0.0,0.0,0.0,0.0
2015-11-20,8.14,3.0,52.59,14.0,201.16,49.0,0.0,0.0,0.0,0.0
2015-11-21,1.99,2.0,61.12,18.0,189.05,63.0,0.0,0.0,0.0,0.0
2015-11-22,13.9,6.0,46.91,19.0,124.43,37.0,0.0,0.0,0.0,0.0
2015-11-23,2.4,1.0,8.15,3.0,35.63,13.0,0.0,0.0,0.0,0.0
2015-11-24,2.29,1.0,31.79,6.0,127.28,23.0,0.0,0.0,0.0,0.0
2015-11-25,0.0,0.0,0.0,0.0,12.11,6.0,0.0,0.0,0.0,0.0
2015-11-26,10.67,4.0,35.96,14.0,59.88,21.0,0.0,0.0,0.0,0.0
2015-11-27,5.69,2.0,23.08,11.0,30.26,13.0,0.0,0.0,0.0,0.0
2015-11-28,6.02,3.0,21.56,7.0,29.03,10.0,0.0,0.0,0.0,0.0
2015-11-29,0.0,0.0,9.62,4.0,16.64,7.0,0.0,0.0,0.0,0.0
2015-11-30,2.92,1.0,21.13,9.0,38.85,16.0,0.0,0.0,0.0,0.0
2015-12-01,5.0,4.0,52.02,14.0,77.12,23.0,0.0,0.0,0.0,0.0
2015-12-02,7.85,3.0,54.42,20.0,134.12,42.0,0.0,0.0,0.0,0.0
2015-12-03,12.91,6.0,42.3,16.0,90.84,32.0,0.0,0.0,0.0,0.0
2015-12-04,21.37,7.0,61.65,13.0,95.97,24.0,0.0,0.0,0.0,0.0
2015-12-05,22.91,6.0,62.54,17.0,99.63,24.0,0.0,0.0,0.0,0.0
2015-12-06,0.31,1.0,76.54,29.0,144.62,48.0,0.0,0.0,0.0,0.0
2015-12-07,26.65,9.0,85.18,28.0,127.67,40.0,0.0,0.0,0.0,0.0
2015-12-08,24.02,7.0,97.92,26.0,141.34,38.0,0.0,0.0,0.0,0.0
2015-12-09,0.5,1.0,0.5,1.0,7.49,5.0,0.0,0.0,0.0,0.0
2015-12-10,28.81,8.0,56.87,15.0,78.7,23.0,0.0,0.0,0.0,0.0
2015-12-11,0.0,0.0,13.0,4.0,42.97,11.0,0.0,0.0,0.0,0.0
2015-12-12,0.61,1.0,11.23,5.0,41.96,14.0,0.0,0.0,0.0,0.0
2015-12-13,24.29,10.0,143.34,52.0,218.03,78.0,0.0,0.0,0.0,0.0
2015-12-14,27.56,8.0,77.64,26.0,170.81,48.0,0.0,0.0,0.0,0.0
2015-12-15,30.29,6.0,75.21,23.0,144.46,43.0,0.0,0.0,0.0,0.0
2015-12-16,40.05,10.0,160.94,40.0,284.48,77.0,0.0,0.0,0.0,0.0
2015-12-17,39.22,9.0,179.28,41.0,296.57,72.0,0.0,0.0,0.0,0.0
2015-12-18,55.35,18.0,208.6,71.0,389.83,127.0,0.0,0.0,0.0,0.0
2015-12-19,16.86,5.0,120.69,38.0,275.65,80.0,0.0,0.0,0.0,0.0
2015-12-20,36.67,11.0,129.68,40.0,227.26,65.0,0.0,0.0,0.0,0.0
2015-12-21,48.6,16.0,130.3,44.0,214.9,71.0,0.0,0.0,0.0,0.0
2015-12-22,31.68,10.0,178.12,51.0,318.82,94.0,0.0,0.0,0.0,0.0
2015-12-23,30.24,9.0,157.6,53.0,338.59,105.0,0.0,0.0,0.0,0.0
2015-12-24,12.36,4.0,139.42,42.0,269.23,85.0,0.0,0.0,0.0,0.0
2015-12-25,14.35,6.0,50.61,15.0,163.74,49.0,0.0,0.0,0.0,0.0
2015-12-26,40.43,12.0,90.82,26.0,178.7,51.0,0.0,0.0,0.0,0.0
2015-12-27,30.77,7.0,112.05,25.0,213.35,49.0,0.0,0.0,0.0,0.0
2015-12-28,7.17,4.0,100.73,19.0,217.35,46.0,0.0,0.0,0.0,0.0
2015-12-29,23.51,9.0,94.89,32.0,264.33,82.0,0.0,0.0,0.0,0.0
2015-12-30,4.47,3.0,4.47,3.0,5.16,4.0,0.0,0.0,0.0,0.0
2015-12-31,11.75,4.0,80.48,30.0,208.38,81.0,0.0,0.0,0.0,0.0
2016-01-01,1.76,1.0,45.05,13.0,107.78,35.0,0.0,0.0,0.0,0.0
2016-01-02,8.98,6.0,114.31,24.0,272.55,73.0,0.0,0.0,0.0,0.0
2016-01-03,59.22,23.0,230.61,83.0,450.93,156.0,0.0,0.0,0.0,0.0
2016-01-04,20.9,5.0,122.82,28.0,213.15,52.0,0.0,0.0,0.0,0.0
2016-01-05,10.8,3.0,106.89,28.0,211.63,44.0,0.0,0.0,0.0,0.0
2016-01-06,0.0,0.0,34.02,6.0,83.94,18.0,0.0,0.0,0.0,0.0
2016-01-07,26.33,7.0,57.6,17.0,108.49,33.0,0.0,0.0,0.0,0.0
2016-01-08,26.71,10.0,102.68,38.0,215.35,77.0,0.0,0.0,0.0,0.0
2016-01-09,14.54,2.0,108.01,17.0,183.51,39.0,0.0,0.0,0.0,0.0
2016-01-10,27.99,6.0,122.61,29.0,226.58,59.0,0.0,0.0,0.0,0.0
2016-01-11,21.5,4.0,106.89,26.0,196.73,46.0,0.0,0.0,0.0,0.0
2016-01-12,20.7,5.0,60.68,16.0,137.15,36.0,0.0,0.0,0.0,0.0
2016-01-13,11.86,5.0,76.77,26.0,206.67,65.0,0.0,0.0,0.0,0.0
2016-01-14,2.52,1.0,7.7,2.0,34.96,7.0,0.0,0.0,0.0,0.0
2016-01-15,0.0,0.0,5.07,2.0,43.87,13.0,0.0,0.0,0.0,0.0
2016-01-16,25.97,6.0,32.19,9.0,50.19,12.0,0.0,0.0,0.0,0.0
2016-01-17,26.46,9.0,112.93,29.0,189.22,56.0,0.0,0.0,0.0,0.0
2016-01-18,49.13,11.0,169.48,40.0,265.87,67.0,0.0,0.0,0.0,0.0
2016-01-19,6.13,2.0,37.42,11.0,52.16,16.0,0.0,0.0,0.0,0.0
2016-01-20,0.0,0.0,0.0,0.0,35.43,7.0,0.0,0.0,0.0,0.0
2016-01-21,1.2,1.0,40.7,10.0,43.39,11.0,0.0,0.0,0.0,0.0
2016-01-22,10.17,4.0,63.26,20.0,116.74,35.0,0.0,0.0,0.0,0.0
2016-01-23,20.66,7.0,122.83,30.0,217.81,55.0,0.0,0.0,0.0,0.0
2016-01-24,5.41,3.0,68.99,25.0,252.14,70.0,0.0,0.0,0.0,0.0
2016-01-25,19.31,4.0,63.58,16.0,131.27,38.0,0.0,0.0,0.0,0.0
2016-01-26,9.26,2.0,44.2,9.0,79.37,19.0,0.0,0.0,0.0,0.0
2016-01-27,24.02,5.0,71.89,17.0,150.74,37.0,0.0,0.0,0.0,0.0
2016-01-28,0.0,0.0,42.9,10.0,176.7,30.0,0.0,0.0,0.0,0.0
2016-01-29,22.15,3.0,168.59,35.0,263.2,58.0,0.0,0.0,0.0,0.0
2016-01-30,10.1,4.0,158.42,47.0,352.9,101.0,0.0,0.0,0.0,0.0
2016-01-31,0.0,0.0,1.72,1.0,8.98,4.0,0.0,0.0,0.0,0.0
2016-02-01,0.0,0.0,39.82,14.0,201.73,47.0,0.0,0.0,0.0,0.0
2016-02-02,6.37,3.0,38.89,11.0,151.24,30.0,0.0,0.0,0.0,0.0
2016-02-03,31.39,9.0,97.73,19.0,265.53,57.0,0.0,0.0,0.0,0.0
2016-02-04,20.94,7.0,132.28,33.0,298.89,80.0,0.0,0.0,0.0,0.0
2016-02-05,38.18,6.0,131.49,26.0,277.86,63.0,0.0,0.0,0.0,0.0
2016-02-06,0.0,0.0,42.14,14.0,251.49,46.0,0.0,0.0,0.0,0.0
2016-02-07,0.0,0.0,22.51,7.0,74.25,16.0,0.0,0.0,0.0,0.0
2016-02-08,18.15,4.0,88.08,18.0,181.23,38.0,0.0,0.0,0.0,0.0
2016-02-09,37.36,9.0,112.47,31.0,218.14,64.0,0.0,0.0,0.0,0.0
2016-02-10,14.97,5.0,139.32,36.0,300.36,81.0,0.0,0.0,0.0,0.0
2016-02-11,5.18,1.0,81.96,14.0,124.58,24.0,0.0,0.0,0.0,0.0
2016-02-12,0.0,0.0,35.34,12.0,666.54,74.0,0.0,0.0,0.0,0.0
2016-02-13,0.0,0.0,12.68,3.0,30.5,9.0,0.0,0.0,0.0,0.0
2016-02-14,7.01,3.0,86.39,21.0,201.81,48.0,0.0,0.0,0.0,0.0
2016-02-15,0.91,2.0,11.66,7.0,72.33,25.0,0.0,0.0,0.0,0.0
2016-02-16,34.26,9.0,96.92,23.0,271.73,68.0,0.0,0.0,0.0,0.0
2016-02-17,8.14,1.0,47.04,12.0,188.19,48.0,0.0,0.0,0.0,0.0
2016-02-18,0.0,0.0,0.0,0.0,22.56,4.0,0.0,0.0,0.0,0.0
2016-02-19,0.0,0.0,0.0,0.0,0.0,0.0,0.0,0.0,0.0,0.0
2016-02-20,0.0,0.0,6.72,4.0,59.87,18.0,0.0,0.0,0.0,0.0
2016-02-21,17.63,5.0,39.84,13.0,111.8,30.0,0.0,0.0,0.0,0.0
2016-02-22,93.99,9.0,124.13,18.0,219.68,36.0,0.0,0.0,0.0,0.0
2016-02-23,7.7,2.0,28.19,9.0,199.04,45.0,0.0,0.0,0.0,0.0
2016-02-24,0.28,1.0,18.7,6.0,161.62,37.0,0.0,0.0,0.0,0.0
2016-02-25,4.9,2.0,20.97,8.0,421.83,73.0,0.0,0.0,0.0,0.0
2016-02-26,6.38,1.0,29.86,5.0,256.76,55.0,0.0,0.0,0.0,0.0
2016-02-27,5.81,2.0,20.28,4.0,175.32,45.0,0.0,0.0,0.0,0.0
2016-02-28,11.94,5.0,14.66,7.0,163.46,49.0,0.0,0.0,0.0,0.0
2016-02-29,0.84,1.0,14.47,3.0,196.33,21.0,0.0,0.0,0.0,0.0
2016-03-01,14.38,5.0,56.87,12.0,143.92,38.0,0.0,0.0,0.0,0.0
2016-03-02,3.95,2.0,23.36,5.0,102.5,31.0,0.0,0.0,0.0,0.0
2016-03-03,0.0,0.0,26.53,7.0,157.52,34.0,0.0,0.0,0.0,0.0
2016-03-04,0.0,0.0,7.88,2.0,87.08,27.0,0.0,0.0,0.0,0.0
2016-03-05,0.0,0.0,21.74,1.0,34.0,7.0,0.0,0.0,0.0,0.0
2016-03-06,0.65,1.0,0.65,1.0,11.04,8.0,0.0,0.0,0.0,0.0
2016-03-07,0.0,0.0,30.37,8.0,92.36,27.0,0.0,0.0,0.0,0.0
2016-03-08,0.0,0.0,28.75,4.0,169.52,30.0,0.0,0.0,0.0,0.0
2016-03-09,0.46,1.0,9.76,2.0,68.13,15.0,0.0,0.0,0.0,0.0
2016-03-10,0.0,0.0,4.85,2.0,20.71,8.0,0.0,0.0,0.0,0.0
2016-03-11,0.0,0.0,3.35,1.0,12.8,6.0,0.0,0.0,0.0,0.0
2016-03-12,0.0,0.0,2.16,1.0,16.46,6.0,0.0,0.0,0.0,0.0
2016-03-13,0.0,0.0,10.49,2.0,18.88,5.0,0.0,0.0,0.0,0.0
2016-03-14,0.0,0.0,0.0,0.0,8.41,2.0,0.0,0.0,0.0,0.0
2016-03-15,0.0,0.0,0.32,1.0,26.94,6.0,0.0,0.0,0.0,0.0
2016-03-16,0.63,1.0,3.43,2.0,18.37,5.0,0.0,0.0,0.0,0.0
2016-03-17,0.0,0.0,1.9,1.0,12.34,3.0,0.0,0.0,0.0,0.0
2016-03-18,3.55,3.0,12.93,5.0,112.07,20.0,0.0,0.0,0.0,0.0
2016-03-19,0.0,0.0,11.96,3.0,173.66,27.0,0.0,0.0,0.0,0.0
2016-03-20,0.0,0.0,0.0,0.0,23.24,7.0,0.0,0.0,0.0,0.0
2016-03-21,0.0,0.0,2.03,1.0,135.82,36.0,0.0,0.0,0.0,0.0
2016-03-22,13.99,1.0,19.12,4.0,138.84,34.0,0.0,0.0,0.0,0.0
2016-03-23,5.42,6.0,12.27,18.0,163.82,113.0,0.0,0.0,0.0,0.0
2016-03-24,3.25,1.0,3.25,1.0,161.73,36.0,0.0,0.0,0.0,0.0
2016-03-25,0.0,0.0,0.0,0.0,21.11,5.0,0.0,0.0,0.0,0.0
2016-03-26,0.0,0.0,0.0,0.0,2.34,2.0,0.0,0.0,0.0,0.0
2016-03-27,6.15,3.0,18.31,5.0,83.77,22.0,0.0,0.0,0.0,0.0
2016-03-28,18.52,5.0,40.89,10.0,154.33,35.0,0.0,0.0,0.0,0.0
2016-03-29,0.0,0.0,1.74,1.0,102.62,29.0,0.0,0.0,0.0,0.0
2016-03-30,0.0,0.0,0.0,0.0,41.55,10.0,0.0,0.0,0.0,0.0
2016-03-31,0.0,0.0,0.0,0.0,146.79,36.0,0.0,0.0,0.0,0.0
2016-04-01,0.0,0.0,4.06,2.0,75.99,29.0,0.0,0.0,0.0,0.0
2016-04-02,7.76,1.0,9.47,2.0,93.91,45.0,0.0,0.0,0.0,0.0
2016-04-03,0.0,0.0,0.42,1.0,40.46,22.0,0.0,0.0,0.0,0.0
2016-04-04,0.68,1.0,0.68,1.0,44.09,19.0,0.0,0.0,0.0,0.0
2016-04-05,4.6,1.0,4.6,1.0,21.79,7.0,0.0,0.0,0.0,0.0
2016-04-06,1.4,2.0,5.45,3.0,45.26,26.0,0.0,0.0,0.0,0.0
2016-04-07,16.84,5.0,22.09,7.0,414.33,110.0,0.0,0.0,0.0,0.0
2016-04-08,2.26,1.0,8.59,3.0,437.27,128.0,0.0,0.0,0.0,0.0
2016-04-09,2.88,1.0,8.37,3.0,384.41,86.0,0.0,0.0,0.0,0.0
2016-04-10,2.43,2.0,2.43,2.0,268.0,100.0,0.0,0.0,0.0,0.0
2016-04-11,1.56,2.0,23.33,9.0,353.74,107.0,0.0,0.0,0.0,0.0
2016-04-12,13.5,6.0,37.61,16.0,573.4,112.0,0.0,0.0,0.0,0.0
2016-04-13,0.8,1.0,57.5,13.0,650.58,149.0,0.0,0.0,0.0,0.0
2016-04-14,79.64,9.0,97.97,12.0,710.9,192.0,0.0,0.0,0.0,0.0
2016-04-15,10.37,3.0,259.8,19.0,572.97,133.0,0.0,0.0,0.0,0.0
2016-04-16,34.33,8.0,129.49,27.0,598.33,117.0,0.0,0.0,0.0,0.0
2016-04-17,0.0,0.0,66.84,12.0,472.81,77.0,0.0,0.0,0.0,0.0
2016-04-18,13.36,3.0,121.58,26.0,531.86,151.0,0.0,0.0,0.0,0.0
2016-04-19,4.44,2.0,142.76,15.0,553.04,126.0,0.0,0.0,0.0,0.0
2016-04-20,11.44,7.0,355.95,51.0,1356.7,192.0,0.0,0.0,0.0,0.0
2016-04-21,124.78,17.0,358.68,66.0,1427.24,319.0,0.0,0.0,0.0,0.0
2016-04-22,87.43,17.0,478.19,72.0,1486.0,220.0,0.0,0.0,0.0,0.0
2016-04-23,33.42,4.0,480.79,55.0,1882.03,380.0,0.0,0.0,0.0,0.0
2016-04-24,102.33,14.0,526.14,68.0,3612.4,636.0,0.0,0.0,0.0,0.0
2016-04-25,14.88,2.0,389.07,43.0,3027.38,550.0,0.0,0.0,0.0,0.0
2016-04-26,76.96,12.0,512.4,79.0,4731.18,906.0,0.0,0.0,0.0,0.0
2016-04-27,69.79,20.0,787.0,164.0,7896.18,1272.0,0.0,0.0,0.0,0.0
2016-04-28,200.94,34.0,1106.13,149.0,8096.81,1109.0,0.0,0.0,0.0,0.0
2016-04-29,75.22,14.0,768.11,99.0,6981.92,908.0,0.0,0.0,0.0,0.0
2016-04-30,30.72,6.0,442.45,42.0,2796.4,338.0,0.0,0.0,0.0,0.0
2016-05-01,70.07,6.0,922.31,75.0,4900.89,560.0,0.0,0.0,0.0,0.0
2016-05-02,21.8,3.0,290.53,47.0,3110.64,426.0,0.0,0.0,0.0,0.0
2016-05-03,0.0,0.0,4.47,1.0,72.89,18.0,0.0,0.0,0.0,0.0
2016-05-04,59.48,8.0,160.4,24.0,469.39,74.0,0.0,0.0,0.0,0.0
2016-05-05,0.0,0.0,2.02,1.0,14.13,7.0,0.0,0.0,0.0,0.0
2016-05-06,0.32,1.0,57.14,15.0,976.9,194.0,0.0,0.0,0.0,0.0
2016-05-07,4.9,3.0,91.28,27.0,552.13,138.0,0.0,0.0,0.0,0.0
2016-05-08,16.11,3.0,60.95,13.0,256.24,52.0,0.0,0.0,0.0,0.0
2016-05-09,3.73,1.0,32.39,9.0,254.17,61.0,0.0,0.0,0.0,0.0
2016-05-10,5.98,3.0,63.4,14.0,260.26,73.0,0.0,0.0,0.0,0.0
2016-05-11,0.0,0.0,31.71,8.0,133.15,33.0,0.0,0.0,0.0,0.0
2016-05-12,6.01,2.0,58.05,17.0,219.57,67.0,0.0,0.0,0.0,0.0
2016-05-13,0.0,0.0,55.23,12.0,165.17,36.0,0.0,0.0,0.0,0.0
2016-05-14,9.22,2.0,49.85,11.0,251.14,51.0,0.0,0.0,0.0,0.0
2016-05-15,82.76,9.0,157.58,21.0,598.62,94.0,0.0,0.0,0.0,0.0
2016-05-16,38.3,1.0,40.78,2.0,214.03,37.0,0.0,0.0,0.0,0.0
2016-05-17,0.0,0.0,6.15,1.0,256.96,42.0,0.0,0.0,0.0,0.0
2016-05-18,14.22,2.0,39.22,6.0,210.15,42.0,0.0,0.0,0.0,0.0
2016-05-19,0.0,0.0,7.0,1.0,70.34,17.0,0.0,0.0,0.0,0.0
2016-05-20,3.46,1.0,23.2,5.0,106.96,27.0,0.0,0.0,0.0,0.0
2016-05-21,0.0,0.0,4.45,1.0,63.03,24.0,0.0,0.0,0.0,0.0
2016-05-22,0.0,0.0,9.2,2.0,104.51,23.0,0.0,0.0,0.0,0.0
2016-05-23,5.81,1.0,11.92,3.0,49.34,6.0,0.0,0.0,0.0,0.0
2016-05-24,0.0,0.0,0.0,0.0,1.27,1.0,0.0,0.0,0.0,0.0
2016-05-25,0.72,1.0,0.72,1.0,22.34,6.0,0.0,0.0,0.0,0.0
2016-05-26,0.0,0.0,0.0,0.0,30.52,8.0,0.0,0.0,0.0,0.0
2016-05-27,0.0,0.0,4.7,1.0,37.15,6.0,0.0,0.0,0.0,0.0
2016-05-28,0.0,0.0,0.0,0.0,1.57,2.0,0.0,0.0,0.0,0.0
2016-05-29,0.0,0.0,1.46,1.0,1.46,1.0,0.0,0.0,0.0,0.0
2016-05-30,0.54,1.0,0.54,1.0,3.37,3.0,0.0,0.0,0.0,0.0
2016-05-31,0.0,0.0,5.2,1.0,17.19,5.0,0.0,0.0,0.0,0.0
2016-06-01,0.0,0.0,0.0,0.0,0.0,0.0,0.0,0.0,0.0,0.0
2016-06-02,0.0,0.0,0.0,0.0,0.0,0.0,0.0,0.0,0.0,0.0
2016-06-03,0.0,0.0,0.0,0.0,0.0,0.0,0.0,0.0,0.0,0.0
2016-06-04,0.0,0.0,29.82,3.0,29.82,3.0,0.0,0.0,0.0,0.0
2016-06-05,0.0,0.0,10.12,1.0,47.74,9.0,0.0,0.0,0.0,0.0
2016-06-06,0.0,0.0,0.0,0.0,2.96,2.0,0.0,0.0,0.0,0.0
2016-06-07,0.0,0.0,6.19,3.0,11.41,8.0,0.0,0.0,0.0,0.0
2016-06-08,0.0,0.0,0.0,0.0,8.49,2.0,0.0,0.0,0.0,0.0
2016-06-09,2.39,1.0,2.39,1.0,2.39,1.0,0.0,0.0,0.0,0.0
2016-06-10,0.0,0.0,5.76,2.0,29.77,4.0,0.0,0.0,0.0,0.0
2016-06-11,0.0,0.0,0.0,0.0,9.88,5.0,0.0,0.0,0.0,0.0
2016-06-12,0.0,0.0,97.17,3.0,101.51,4.0,0.0,0.0,0.0,0.0
2016-06-13,0.0,0.0,0.0,0.0,20.04,5.0,0.0,0.0,0.0,0.0
2016-06-14,0.0,0.0,0.0,0.0,1.23,1.0,0.0,0.0,0.0,0.0
2016-06-15,0.0,0.0,0.0,0.0,0.0,0.0,0.0,0.0,0.0,0.0
2016-06-16,0.0,0.0,0.0,0.0,0.0,0.0,0.0,0.0,0.0,0.0
2016-06-17,0.0,0.0,0.0,0.0,0.0,0.0,0.0,0.0,0.0,0.0
2016-06-18,0.0,0.0,3.19,1.0,5.23,2.0,0.0,0.0,0.0,0.0
2016-06-19,0.0,0.0,0.0,0.0,0.0,0.0,0.0,0.0,0.0,0.0
2016-06-20,0.0,0.0,0.0,0.0,0.0,0.0,0.0,0.0,0.0,0.0
2016-06-21,0.0,0.0,0.0,0.0,0.0,0.0,0.0,0.0,0.0,0.0
2016-06-22,0.0,0.0,0.0,0.0,2.76,2.0,0.0,0.0,0.0,0.0
2016-06-23,0.0,0.0,0.0,0.0,1.17,1.0,0.0,0.0,0.0,0.0
2016-06-24,0.0,0.0,0.0,0.0,0.0,0.0,0.0,0.0,0.0,0.0
2016-06-25,0.0,0.0,0.0,0.0,0.0,0.0,0.0,0.0,0.0,0.0
2016-06-26,0.0,0.0,2.25,1.0,2.91,2.0,0.0,0.0,0.0,0.0
2016-06-27,0.0,0.0,0.0,0.0,0.0,0.0,0.0,0.0,0.0,0.0
2016-06-28,0.0,0.0,0.0,0.0,0.38,1.0,0.0,0.0,0.0,0.0
2016-06-29,0.0,0.0,0.0,0.0,6.28,2.0,0.0,0.0,0.0,0.0
2016-06-30,0.0,0.0,0.0,0.0,0.0,0.0,0.0,0.0,0.0,0.0
2016-07-01,0.0,0.0,0.0,0.0,0.0,0.0,0.0,0.0,0.0,0.0
2016-07-02,0.0,0.0,0.0,0.0,0.0,0.0,0.0,0.0,0.0,0.0
2016-07-03,0.0,0.0,0.0,0.0,0.0,0.0,0.0,0.0,0.0,0.0
2016-07-04,0.0,0.0,0.0,0.0,0.0,0.0,0.0,0.0,0.0,0.0
2016-07-05,0.0,0.0,0.0,0.0,0.0,0.0,0.0,0.0,0.0,0.0
2016-07-06,0.0,0.0,0.0,0.0,0.0,0.0,0.0,0.0,0.0,0.0
2016-07-07,0.62,1.0,0.62,1.0,0.62,1.0,0.0,0.0,0.0,0.0
2016-07-08,0.0,0.0,0.0,0.0,0.0,0.0,0.0,0.0,0.0,0.0
2016-07-09,2.73,1.0,2.73,1.0,2.73,1.0,0.0,0.0,0.0,0.0
2016-07-10,0.0,0.0,0.0,0.0,0.0,0.0,0.0,0.0,0.0,0.0
2016-07-11,0.0,0.0,0.0,0.0,0.0,0.0,0.0,0.0,0.0,0.0
2016-07-12,0.0,0.0,0.0,0.0,0.0,0.0,0.0,0.0,0.0,0.0
2016-07-13,0.0,0.0,0.0,0.0,0.0,0.0,0.0,0.0,0.0,0.0
2016-07-14,0.0,0.0,0.0,0.0,0.0,0.0,0.0,0.0,0.0,0.0
2016-07-15,0.0,0.0,0.0,0.0,0.0,0.0,0.0,0.0,0.0,0.0
2016-07-16,0.0,0.0,0.0,0.0,0.0,0.0,0.0,0.0,0.0,0.0
2016-07-17,0.0,0.0,0.0,0.0,0.0,0.0,0.0,0.0,0.0,0.0
2016-07-18,2.19,1.0,2.19,1.0,4.84,2.0,0.0,0.0,0.0,0.0
2016-07-19,0.0,0.0,0.0,0.0,0.0,0.0,0.0,0.0,0.0,0.0
2016-07-20,0.0,0.0,0.0,0.0,0.0,0.0,0.0,0.0,0.0,0.0
2016-07-21,0.0,0.0,0.0,0.0,0.0,0.0,0.0,0.0,0.0,0.0
2016-07-22,0.0,0.0,0.0,0.0,0.0,0.0,0.0,0.0,0.0,0.0
2016-07-23,0.0,0.0,0.0,0.0,0.0,0.0,0.0,0.0,0.0,0.0
2016-07-24,0.0,0.0,0.0,0.0,0.0,0.0,0.0,0.0,0.0,0.0
2016-07-25,0.0,0.0,0.0,0.0,0.0,0.0,0.0,0.0,0.0,0.0
2016-07-26,0.0,0.0,0.0,0.0,0.0,0.0,0.0,0.0,0.0,0.0
2016-07-27,0.0,0.0,0.0,0.0,0.0,0.0,0.0,0.0,0.0,0.0
2016-07-28,0.0,0.0,0.0,0.0,0.0,0.0,0.0,0.0,0.0,0.0
2016-07-29,0.0,0.0,0.0,0.0,0.0,0.0,0.0,0.0,0.0,0.0
2016-07-30,0.0,0.0,0.0,0.0,0.0,0.0,0.0,0.0,0.0,0.0
2016-07-31,0.0,0.0,0.0,0.0,0.0,0.0,0.0,0.0,0.0,0.0
2016-08-01,0.0,0.0,0.0,0.0,0.0,0.0,0.0,0.0,0.0,0.0
2016-08-02,0.0,0.0,0.0,0.0,0.0,0.0,0.0,0.0,0.0,0.0
2016-08-03,0.0,0.0,0.0,0.0,0.86,1.0,0.0,0.0,0.0,0.0
2016-08-04,0.0,0.0,0.0,0.0,5.65,2.0,0.0,0.0,0.0,0.0
2016-08-05,0.0,0.0,0.0,0.0,0.0,0.0,0.0,0.0,0.0,0.0
2016-08-06,0.0,0.0,2.45,1.0,3.46,2.0,0.0,0.0,0.0,0.0
2016-08-07,0.0,0.0,0.0,0.0,0.0,0.0,0.0,0.0,0.0,0.0
2016-08-08,0.0,0.0,0.0,0.0,0.0,0.0,0.0,0.0,0.0,0.0
2016-08-09,0.0,0.0,0.0,0.0,0.0,0.0,0.0,0.0,0.0,0.0
2016-08-10,0.0,0.0,0.0,0.0,0.0,0.0,0.0,0.0,0.0,0.0
2016-08-11,0.0,0.0,0.0,0.0,0.0,0.0,0.0,0.0,0.0,0.0
2016-08-12,0.0,0.0,0.0,0.0,0.0,0.0,0.0,0.0,0.0,0.0
2016-08-13,0.0,0.0,0.0,0.0,0.0,0.0,0.0,0.0,0.0,0.0
2016-08-14,0.0,0.0,0.0,0.0,0.0,0.0,0.0,0.0,0.0,0.0
2016-08-15,0.0,0.0,0.0,0.0,0.0,0.0,0.0,0.0,0.0,0.0
2016-08-16,0.0,0.0,0.0,0.0,0.93,1.0,0.0,0.0,0.0,0.0
2016-08-17,0.0,0.0,0.0,0.0,0.0,0.0,0.0,0.0,0.0,0.0
2016-08-18,0.0,0.0,0.0,0.0,1.47,1.0,0.0,0.0,0.0,0.0
2016-08-19,0.0,0.0,0.0,0.0,2.38,2.0,0.0,0.0,0.0,0.0
2016-08-20,0.0,0.0,0.0,0.0,2.88,1.0,0.0,0.0,0.0,0.0
2016-08-21,0.0,0.0,0.0,0.0,0.0,0.0,0.0,0.0,0.0,0.0
2016-08-22,0.0,0.0,0.0,0.0,0.0,0.0,0.0,0.0,0.0,0.0
2016-08-23,0.0,0.0,0.0,0.0,0.0,0.0,0.0,0.0,0.0,0.0
2016-08-24,0.0,0.0,0.0,0.0,0.0,0.0,0.0,0.0,0.0,0.0
2016-08-25,0.0,0.0,0.0,0.0,0.0,0.0,0.0,0.0,0.0,0.0
2016-08-26,4.38,1.0,4.38,1.0,8.19,2.0,0.0,0.0,0.0,0.0
2016-08-27,0.0,0.0,0.0,0.0,0.0,0.0,0.0,0.0,0.0,0.0
2016-08-28,0.0,0.0,0.0,0.0,0.0,0.0,0.0,0.0,0.0,0.0
2016-08-29,0.0,0.0,0.0,0.0,0.0,0.0,0.0,0.0,0.0,0.0
2016-08-30,0.0,0.0,0.0,0.0,0.0,0.0,0.0,0.0,0.0,0.0
2016-08-31,0.0,0.0,0.0,0.0,0.0,0.0,0.0,0.0,0.0,0.0
2016-09-01,0.0,0.0,0.0,0.0,0.0,0.0,0.0,0.0,0.0,0.0
2016-09-02,0.0,0.0,0.0,0.0,0.0,0.0,0.0,0.0,0.0,0.0
2016-09-03,0.0,0.0,0.0,0.0,5.68,2.0,0.0,0.0,0.0,0.0
2016-09-04,3.63,2.0,3.63,2.0,17.63,6.0,0.0,0.0,0.0,0.0
2016-09-05,9.46,2.0,9.46,2.0,9.46,2.0,0.0,0.0,0.0,0.0
2016-09-06,0.0,0.0,0.0,0.0,18.79,5.0,0.0,0.0,0.0,0.0
2016-09-07,0.0,0.0,0.0,0.0,0.0,0.0,0.0,0.0,0.0,0.0
2016-09-08,1.91,1.0,1.91,1.0,10.56,4.0,0.0,0.0,0.0,0.0
2016-09-09,0.0,0.0,0.0,0.0,0.0,0.0,0.0,0.0,0.0,0.0
2016-09-10,7.68,2.0,8.08,3.0,8.08,3.0,0.0,0.0,0.0,0.0
2016-09-11,1.54,1.0,1.54,1.0,1.54,1.0,0.0,0.0,0.0,0.0
2016-09-12,0.0,0.0,0.53,1.0,3.65,2.0,0.0,0.0,0.0,0.0
2016-09-13,0.0,0.0,0.0,0.0,8.44,2.0,0.0,0.0,0.0,0.0
2016-09-14,7.14,3.0,7.14,3.0,7.14,3.0,0.0,0.0,0.0,0.0
2016-09-15,2.62,1.0,2.62,1.0,12.63,7.0,0.0,0.0,0.0,0.0
2016-09-16,0.0,0.0,0.0,0.0,23.48,4.0,0.0,0.0,0.0,0.0
2016-09-17,0.0,0.0,0.0,0.0,9.33,1.0,0.0,0.0,0.0,0.0
2016-09-18,0.0,0.0,0.0,0.0,23.91,5.0,0.0,0.0,0.0,0.0
2016-09-19,0.0,0.0,0.0,0.0,38.68,7.0,0.0,0.0,0.0,0.0
2016-09-20,0.0,0.0,7.24,2.0,48.54,14.0,0.0,0.0,0.0,0.0
2016-09-21,0.0,0.0,2.95,1.0,2.95,1.0,0.0,0.0,0.0,0.0
2016-09-22,0.0,0.0,0.0,0.0,11.51,3.0,0.0,0.0,0.0,0.0
2016-09-23,0.0,0.0,0.0,0.0,0.0,0.0,0.0,0.0,0.0,0.0
2016-09-24,0.0,0.0,0.0,0.0,30.17,9.0,0.0,0.0,0.0,0.0
2016-09-25,1.38,2.0,1.38,2.0,91.72,27.0,0.0,0.0,0.0,0.0
2016-09-26,1.28,1.0,3.24,2.0,33.39,13.0,0.0,0.0,0.0,0.0
2016-09-27,0.0,0.0,5.97,1.0,24.54,5.0,0.0,0.0,0.0,0.0
2016-09-28,1.47,1.0,1.47,1.0,19.74,6.0,0.0,0.0,0.0,0.0
2016-09-29,0.0,0.0,0.0,0.0,60.33,10.0,0.0,0.0,0.0,0.0
2016-09-30,2.92,2.0,2.92,2.0,99.0,26.0,0.0,0.0,0.0,0.0
2016-10-01,2.33,1.0,4.6,2.0,236.45,58.0,0.0,0.0,0.0,0.0
2016-10-02,0.0,0.0,0.0,0.0,117.17,21.0,0.0,0.0,0.0,0.0
2016-10-03,0.0,0.0,0.0,0.0,79.18,19.0,0.0,0.0,0.0,0.0
2016-10-04,0.0,0.0,0.0,0.0,30.66,7.0,0.0,0.0,0.0,0.0
2016-10-05,0.0,0.0,0.0,0.0,73.03,14.0,0.0,0.0,0.0,0.0
2016-10-06,0.0,0.0,0.0,0.0,441.31,108.0,0.0,0.0,0.0,0.0
2016-10-07,0.0,0.0,0.0,0.0,658.96,136.0,0.0,0.0,0.0,0.0
2016-10-08,4.02,2.0,9.21,3.0,466.65,71.0,0.0,0.0,0.0,0.0
2016-10-09,16.51,1.0,22.57,3.0,610.68,120.0,0.0,0.0,0.0,0.0
2016-10-10,0.0,0.0,4.75,2.0,974.55,190.0,0.0,0.0,0.0,0.0
2016-10-11,8.92,3.0,29.57,9.0,1748.82,342.0,0.0,0.0,0.0,0.0
2016-10-12,3.35,1.0,32.12,8.0,1722.67,337.0,0.0,0.0,0.0,0.0
2016-10-13,13.94,5.0,40.88,12.0,1736.89,309.0,0.0,0.0,0.0,0.0
2016-10-14,5.08,3.0,11.88,6.0,1761.72,316.0,0.0,0.0,0.0,0.0
2016-10-15,4.54,1.0,23.46,5.0,1778.74,250.0,0.0,0.0,0.0,0.0
2016-10-16,5.39,4.0,166.14,30.0,2428.97,427.0,0.0,0.0,0.0,0.0
2016-10-17,1.1,1.0,131.49,29.0,1968.52,415.0,0.0,0.0,0.0,0.0
2016-10-18,3.21,1.0,78.12,14.0,1637.23,277.0,0.0,0.0,0.0,0.0
2016-10-19,0.0,0.0,46.93,14.0,1082.01,221.0,0.0,0.0,0.0,0.0
2016-10-20,3.2,1.0,93.73,24.0,1091.86,222.0,0.0,0.0,0.0,0.0
2016-10-21,17.26,6.0,99.77,25.0,1551.62,254.0,0.0,0.0,0.0,0.0
2016-10-22,23.23,7.0,240.35,48.0,2011.87,396.0,0.0,0.0,0.0,0.0
2016-10-23,7.16,2.0,199.57,40.0,1995.16,371.0,0.0,0.0,0.0,0.0
2016-10-24,0.0,0.0,128.28,19.0,1545.3,182.0,0.0,0.0,0.0,0.0
2016-10-25,7.06,1.0,126.56,23.0,1072.47,188.0,0.0,0.0,0.0,0.0
2016-10-26,3.95,2.0,546.03,36.0,2387.27,329.0,0.0,0.0,0.0,0.0
2016-10-27,40.99,13.0,678.55,102.0,3122.13,473.0,0.0,0.0,0.0,0.0
2016-10-28,22.51,6.0,566.66,96.0,2278.74,419.0,0.0,0.0,0.0,0.0
2016-10-29,8.29,3.0,337.95,65.0,1511.02,267.0,0.0,0.0,0.0,0.0
2016-10-30,13.12,9.0,395.47,86.0,1315.2,216.0,0.0,0.0,0.0,0.0
2016-10-31,38.65,8.0,407.93,73.0,2647.61,371.0,0.0,0.0,0.0,0.0
2016-11-01,30.34,6.0,648.41,102.0,2429.48,407.0,0.0,0.0,0.0,0.0
2016-11-02,24.79,9.0,283.44,76.0,1646.58,358.0,0.0,0.0,0.0,0.0
2016-11-03,44.2,8.0,674.49,92.0,2266.43,383.0,0.0,0.0,0.0,0.0
2016-11-04,20.19,4.0,240.3,62.0,792.18,164.0,0.0,0.0,0.0,0.0
2016-11-05,15.55,6.0,152.12,39.0,791.2,186.0,0.0,0.0,0.0,0.0
2016-11-06,18.47,7.0,358.76,78.0,1253.09,245.0,0.0,0.0,0.0,0.0
2016-11-07,31.82,9.0,318.74,84.0,2829.16,539.0,0.0,0.0,0.0,0.0
2016-11-08,90.95,15.0,432.68,79.0,1530.73,302.0,0.0,0.0,0.0,0.0
2016-11-09,5.01,4.0,154.68,31.0,1150.65,169.0,0.0,0.0,0.0,0.0
2016-11-10,9.03,3.0,154.1,27.0,684.69,135.0,0.0,0.0,0.0,0.0
2016-11-11,12.9,5.0,199.66,40.0,972.67,180.0,0.0,0.0,0.0,0.0
2016-11-12,18.58,7.0,184.19,51.0,1064.23,225.0,0.0,0.0,0.0,0.0
2016-11-13,28.34,9.0,189.38,54.0,688.29,178.0,0.0,0.0,0.0,0.0
2016-11-14,5.08,2.0,63.92,19.0,328.19,77.0,0.0,0.0,0.0,0.0
2016-11-15,2.78,1.0,20.44,9.0,117.24,35.0,0.0,0.0,0.0,0.0
2016-11-16,0.0,0.0,47.57,12.0,247.14,61.0,0.0,0.0,0.0,0.0
2016-11-17,34.54,3.0,74.58,17.0,286.22,70.0,0.0,0.0,0.0,0.0
2016-11-18,6.4,1.0,84.18,29.0,313.71,97.0,0.0,0.0,0.0,0.0
2016-11-19,5.77,4.0,60.92,17.0,168.93,53.0,0.0,0.0,0.0,0.0
2016-11-20,13.4,5.0,43.73,15.0,235.77,45.0,0.0,0.0,0.0,0.0
2016-11-21,14.51,5.0,56.55,18.0,148.28,46.0,0.0,0.0,0.0,0.0
2016-11-22,5.84,3.0,25.86,14.0,123.97,39.0,0.0,0.0,0.0,0.0
2016-11-23,42.79,11.0,97.61,31.0,234.4,80.0,0.0,0.0,0.0,0.0
2016-11-24,24.56,8.0,97.72,29.0,296.49,79.0,0.0,0.0,0.0,0.0
2016-11-25,26.82,5.0,52.74,12.0,123.73,36.0,0.0,0.0,0.0,0.0
2016-11-26,2.98,1.0,34.66,10.0,80.87,25.0,0.0,0.0,0.0,0.0
2016-11-27,46.59,6.0,66.69,12.0,169.39,35.0,0.0,0.0,0.0,0.0
2016-11-28,2.72,1.0,91.42,20.0,171.61,45.0,0.0,0.0,0.0,0.0
2016-11-29,28.8,11.0,170.32,55.0,359.06,124.0,0.0,0.0,0.0,0.0
2016-11-30,41.23,10.0,125.26,31.0,221.19,60.0,0.0,0.0,0.0,0.0
2016-12-01,22.3,6.0,50.13,14.0,147.32,47.0,0.0,0.0,0.0,0.0
2016-12-02,25.03,10.0,47.05,20.0,120.2,46.0,0.0,0.0,0.0,0.0
2016-12-03,37.63,11.0,131.95,37.0,259.53,78.0,0.0,0.0,0.0,0.0
2016-12-04,53.81,12.0,161.73,44.0,381.51,121.0,0.0,0.0,0.0,0.0
2016-12-05,6.96,3.0,84.55,25.0,226.11,66.0,0.0,0.0,0.0,0.0
2016-12-06,16.02,5.0,21.0,7.0,40.95,13.0,0.0,0.0,0.0,0.0
2016-12-07,8.67,2.0,30.05,11.0,57.98,20.0,0.0,0.0,0.0,0.0
2016-12-08,29.19,9.0,56.23,17.0,114.36,33.0,0.0,0.0,0.0,0.0
2016-12-09,26.24,9.0,103.1,37.0,187.7,63.0,0.0,0.0,0.0,0.0
2016-12-10,0.0,0.0,0.75,1.0,0.75,1.0,0.0,0.0,0.0,0.0
2016-12-11,21.5,7.0,87.99,27.0,166.41,46.0,0.0,0.0,0.0,0.0
2016-12-12,3.23,1.0,70.86,20.0,112.05,35.0,0.0,0.0,0.0,0.0
2016-12-13,0.0,0.0,85.23,19.0,222.39,54.0,0.0,0.0,0.0,0.0
2016-12-14,39.83,9.0,178.85,55.0,348.69,104.0,0.0,0.0,0.0,0.0
2016-12-15,39.7,9.0,114.5,34.0,280.94,90.0,0.0,0.0,0.0,0.0
2016-12-16,64.08,12.0,170.85,44.0,259.32,70.0,0.0,0.0,0.0,0.0
2016-12-17,6.51,3.0,57.27,20.0,166.26,51.0,0.0,0.0,0.0,0.0
2016-12-18,55.7,13.0,182.83,52.0,326.44,102.0,0.0,0.0,0.0,0.0
2016-12-19,33.14,9.0,109.01,27.0,280.55,76.0,0.0,0.0,0.0,0.0
2016-12-20,26.34,8.0,113.13,40.0,213.91,73.0,0.0,0.0,0.0,0.0
2016-12-21,11.54,3.0,73.72,16.0,254.51,59.0,0.0,0.0,0.0,0.0
2016-12-22,18.67,6.0,78.65,20.0,152.31,34.0,0.0,0.0,0.0,0.0
2016-12-23,25.43,7.0,132.12,41.0,287.85,78.0,0.0,0.0,0.0,0.0
2016-12-24,19.41,6.0,134.27,41.0,272.29,80.0,0.0,0.0,0.0,0.0
2016-12-25,71.39,9.0,230.39,60.0,335.7,92.0,0.0,0.0,0.0,0.0
2016-12-26,24.82,6.0,101.76,32.0,178.7,62.0,0.0,0.0,0.0,0.0
2016-12-27,14.35,4.0,79.3,22.0,165.21,45.0,0.0,0.0,0.0,0.0
2016-12-28,10.42,4.0,28.29,10.0,75.36,25.0,0.0,0.0,0.0,0.0
2016-12-29,9.53,2.0,24.62,5.0,41.49,9.0,0.0,0.0,0.0,0.0
2016-12-30,27.6,9.0,190.71,51.0,332.96,95.0,0.0,0.0,0.0,0.0
2016-12-31,3.94,1.0,54.12,19.0,163.97,47.0,0.0,0.0,0.0,0.0
2017-01-01,23.81,5.0,81.52,22.0,224.1,59.0,0.0,0.0,0.0,0.0
2017-01-02,16.47,5.0,121.89,37.0,187.12,58.0,0.0,0.0,0.0,0.0
2017-01-03,6.49,4.0,60.02,21.0,174.47,57.0,0.0,0.0,0.0,0.0
2017-01-04,26.22,6.0,163.76,41.0,400.5,98.0,0.0,0.0,0.0,0.0
2017-01-05,36.7,12.0,171.83,60.0,317.5,106.0,0.0,0.0,0.0,0.0
2017-01-06,8.37,3.0,32.23,9.0,90.54,19.0,0.0,0.0,0.0,0.0
2017-01-07,0.0,0.0,0.0,0.0,0.0,0.0,0.0,0.0,0.0,0.0
2017-01-08,0.0,0.0,3.68,1.0,3.68,1.0,0.0,0.0,0.0,0.0
2017-01-09,19.08,4.0,37.29,10.0,40.24,12.0,0.0,0.0,0.0,0.0
2017-01-10,15.13,7.0,37.66,15.0,157.24,43.0,0.0,0.0,0.0,0.0
2017-01-11,11.02,3.0,53.11,12.0,175.14,48.0,0.0,0.0,0.0,0.0
2017-01-12,3.18,1.0,14.36,5.0,91.76,24.0,0.0,0.0,0.0,0.0
2017-01-13,1.84,1.0,44.41,16.0,114.6,37.0,0.0,0.0,0.0,0.0
2017-01-14,3.27,1.0,38.67,10.0,138.65,35.0,0.0,0.0,0.0,0.0
2017-01-15,17.47,5.0,139.25,37.0,288.55,77.0,0.0,0.0,0.0,0.0
2017-01-16,47.14,19.0,112.91,38.0,178.36,63.0,0.0,0.0,0.0,0.0
2017-01-17,5.56,2.0,10.52,3.0,29.16,8.0,0.0,0.0,0.0,0.0
2017-01-18,2.59,1.0,44.43,12.0,76.42,20.0,0.0,0.0,0.0,0.0
2017-01-19,6.82,4.0,48.88,14.0,197.21,46.0,0.0,0.0,0.0,0.0
2017-01-20,3.62,2.0,25.18,8.0,95.29,19.0,0.0,0.0,0.0,0.0
2017-01-21,3.38,2.0,28.13,10.0,85.03,23.0,0.0,0.0,0.0,0.0
2017-01-22,12.34,1.0,147.34,27.0,256.27,53.0,0.0,0.0,0.0,0.0
2017-01-23,0.0,0.0,23.49,6.0,70.84,17.0,0.0,0.0,0.0,0.0
2017-01-24,60.96,13.0,99.18,27.0,175.79,45.0,0.0,0.0,0.0,0.0
2017-01-25,11.64,1.0,16.96,2.0,16.96,2.0,0.0,0.0,0.0,0.0
2017-01-26,0.0,0.0,9.1,1.0,54.27,10.0,0.0,0.0,0.0,0.0
2017-01-27,0.0,0.0,0.0,0.0,4.44,3.0,0.0,0.0,0.0,0.0
2017-01-28,0.0,0.0,0.0,0.0,0.0,0.0,0.0,0.0,0.0,0.0
2017-01-29,0.0,0.0,0.0,0.0,0.55,1.0,0.0,0.0,0.0,0.0
2017-01-30,0.0,0.0,3.53,1.0,15.74,5.0,0.0,0.0,0.0,0.0
2017-01-31,26.1,6.0,44.91,12.0,97.16,28.0,0.0,0.0,0.0,0.0
2017-02-01,10.83,4.0,23.9,11.0,83.07,33.0,0.0,0.0,0.0,0.0
2017-02-02,10.53,3.0,93.79,19.0,106.7,23.0,0.0,0.0,0.0,0.0
2017-02-03,0.0,0.0,52.19,13.0,146.72,29.0,0.0,0.0,0.0,0.0
2017-02-04,0.0,0.0,0.0,0.0,18.72,6.0,0.0,0.0,0.0,0.0
2017-02-05,1.81,4.0,55.89,10.0,135.05,26.0,0.0,0.0,0.0,0.0
2017-02-06,13.8,4.0,62.5,15.0,182.9,47.0,0.0,0.0,0.0,0.0
2017-02-07,10.9,1.0,43.65,9.0,126.93,28.0,0.0,0.0,0.0,0.0
2017-02-08,29.62,3.0,122.9,30.0,227.33,54.0,0.0,0.0,0.0,0.0
2017-02-09,25.65,5.0,57.52,13.0,246.16,53.0,0.0,0.0,0.0,0.0
2017-02-10,0.0,0.0,34.88,11.0,233.23,55.0,0.0,0.0,0.0,0.0
2017-02-11,31.8,11.0,129.55,38.0,298.39,90.0,0.0,0.0,0.0,0.0
2017-02-12,24.58,5.0,143.64,39.0,378.99,100.0,0.0,0.0,0.0,0.0
2017-02-13,7.68,3.0,50.8,14.0,112.16,34.0,0.0,0.0,0.0,0.0
2017-02-14,8.23,3.0,28.18,9.0,81.75,23.0,0.0,0.0,0.0,0.0
2017-02-15,0.0,0.0,36.68,9.0,88.53,27.0,0.0,0.0,0.0,0.0
2017-02-16,9.09,4.0,42.92,14.0,194.91,51.0,0.0,0.0,0.0,0.0
2017-02-17,4.6,1.0,21.99,7.0,70.81,25.0,0.0,0.0,0.0,0.0
2017-02-18,2.91,1.0,40.9,10.0,133.18,29.0,0.0,0.0,0.0,0.0
2017-02-19,11.08,4.0,31.41,11.0,90.51,32.0,0.0,0.0,0.0,0.0
2017-02-20,1.15,2.0,7.74,4.0,46.85,15.0,0.0,0.0,0.0,0.0
2017-02-21,33.08,7.0,58.14,14.0,92.54,21.0,0.0,0.0,0.0,0.0
2017-02-22,26.04,7.0,79.06,22.0,158.25,50.0,0.0,0.0,0.0,0.0
2017-02-23,64.03,3.0,114.06,13.0,200.7,38.0,0.0,0.0,0.0,0.0
2017-02-24,2.74,2.0,25.3,7.0,72.43,21.0,0.0,0.0,0.0,0.0
2017-02-25,0.0,0.0,13.92,4.0,158.05,26.0,0.0,0.0,0.0,0.0
2017-02-26,36.3,7.0,50.18,12.0,145.42,37.0,0.0,0.0,0.0,0.0
2017-02-27,0.45,1.0,40.04,14.0,170.03,42.0,0.0,0.0,0.0,0.0
2017-02-28,0.0,0.0,35.36,9.0,106.7,23.0,0.0,0.0,0.0,0.0
2017-03-01,0.0,0.0,10.96,3.0,71.07,15.0,0.0,0.0,0.0,0.0
2017-03-02,0.76,1.0,19.44,6.0,83.48,19.0,0.0,0.0,0.0,0.0
2017-03-03,0.57,1.0,0.57,1.0,17.6,5.0,0.0,0.0,0.0,0.0
2017-03-04,18.94,7.0,37.36,13.0,120.59,33.0,0.0,0.0,0.0,0.0
2017-03-05,3.4,2.0,112.52,20.0,336.09,59.0,0.0,0.0,0.0,0.0
2017-03-06,20.11,8.0,51.1,13.0,156.72,39.0,0.0,0.0,0.0,0.0
2017-03-07,0.0,0.0,18.01,6.0,63.89,18.0,0.0,0.0,0.0,0.0
2017-03-08,0.0,0.0,0.0,0.0,0.0,0.0,0.0,0.0,0.0,0.0
2017-03-09,2.12,2.0,10.98,6.0,68.38,21.0,0.0,0.0,0.0,0.0
2017-03-10,3.68,3.0,5.21,4.0,40.13,18.0,0.0,0.0,0.0,0.0
2017-03-11,0.0,0.0,6.11,1.0,6.71,2.0,0.0,0.0,0.0,0.0
2017-03-12,1.42,2.0,7.33,4.0,50.69,18.0,0.0,0.0,0.0,0.0
2017-03-13,0.0,0.0,16.19,5.0,49.47,13.0,0.0,0.0,0.0,0.0
2017-03-14,18.37,4.0,28.06,7.0,75.14,21.0,0.0,0.0,0.0,0.0
2017-03-15,9.42,3.0,34.72,10.0,181.49,44.0,0.0,0.0,0.0,0.0
2017-03-16,8.93,2.0,19.6,5.0,50.19,12.0,0.0,0.0,0.0,0.0
2017-03-17,6.7,3.0,26.55,8.0,110.44,26.0,0.0,0.0,0.0,0.0
2017-03-18,0.0,0.0,9.49,4.0,48.06,14.0,0.0,0.0,0.0,0.0
2017-03-19,1.74,2.0,6.91,3.0,30.62,12.0,0.0,0.0,0.0,0.0
2017-03-20,0.4,1.0,0.4,1.0,60.3,9.0,0.0,0.0,0.0,0.0
2017-03-21,7.85,3.0,20.56,6.0,134.5,38.0,0.0,0.0,0.0,0.0
2017-03-22,0.0,0.0,15.55,4.0,52.05,13.0,0.0,0.0,0.0,0.0
2017-03-23,0.0,0.0,17.98,5.0,52.78,15.0,0.0,0.0,0.0,0.0
2017-03-24,2.24,1.0,2.24,1.0,54.19,14.0,0.0,0.0,0.0,0.0
2017-03-25,1.72,2.0,14.83,5.0,89.38,28.0,0.0,0.0,0.0,0.0
2017-03-26,0.0,0.0,6.51,3.0,153.27,28.0,0.0,0.0,0.0,0.0
2017-03-27,0.0,0.0,31.02,5.0,43.4,9.0,0.0,0.0,0.0,0.0
2017-03-28,0.0,0.0,23.38,4.0,64.79,8.0,0.0,0.0,0.0,0.0
2017-03-29,4.25,3.0,7.54,4.0,17.36,10.0,0.0,0.0,0.0,0.0
2017-03-30,3.54,1.0,3.54,1.0,141.49,44.0,0.0,0.0,0.0,0.0
2017-03-31,0.0,0.0,20.95,5.0,235.83,78.0,0.0,0.0,0.0,0.0
2017-04-01,2.78,1.0,16.11,6.0,197.79,51.0,0.0,0.0,0.0,0.0
2017-04-02,3.86,1.0,8.95,2.0,268.75,71.0,0.0,0.0,0.0,0.0
2017-04-03,12.76,4.0,29.51,8.0,312.47,100.0,0.0,0.0,0.0,0.0
2017-04-04,4.05,1.0,12.19,2.0,24.44,5.0,0.0,0.0,0.0,0.0
2017-04-05,26.56,3.0,43.93,7.0,53.63,11.0,0.0,0.0,0.0,0.0
2017-04-06,3.71,2.0,38.12,7.0,77.63,18.0,0.0,0.0,0.0,0.0
2017-04-07,1.73,2.0,22.3,6.0,46.55,14.0,0.0,0.0,0.0,0.0
2017-04-08,0.0,0.0,7.59,4.0,74.65,25.0,0.0,0.0,0.0,0.0
2017-04-09,11.97,5.0,72.71,17.0,314.5,78.0,0.0,0.0,0.0,0.0
2017-04-10,48.01,4.0,209.07,19.0,416.48,72.0,0.0,0.0,0.0,0.0
2017-04-11,7.13,4.0,24.46,14.0,162.24,47.0,0.0,0.0,0.0,0.0
2017-04-12,8.02,4.0,17.81,7.0,106.49,32.0,0.0,0.0,0.0,0.0
2017-04-13,7.45,2.0,25.51,7.0,106.87,23.0,0.0,0.0,0.0,0.0
2017-04-14,0.0,0.0,58.02,10.0,206.63,28.0,0.0,0.0,0.0,0.0
2017-04-15,10.54,2.0,164.31,22.0,248.73,41.0,0.0,0.0,0.0,0.0
2017-04-16,3.31,2.0,18.28,6.0,96.72,21.0,0.0,0.0,0.0,0.0
2017-04-17,3.88,1.0,69.27,7.0,114.54,22.0,0.0,0.0,0.0,0.0
2017-04-18,18.31,3.0,400.83,27.0,495.1,47.0,0.0,0.0,0.0,0.0
2017-04-19,4.11,1.0,110.51,26.0,429.69,63.0,0.0,0.0,0.0,0.0
2017-04-20,66.63,7.0,264.54,42.0,314.6,53.0,0.0,0.0,0.0,0.0
2017-04-21,10.88,3.0,244.64,45.0,317.28,71.0,0.0,0.0,0.0,0.0
2017-04-22,0.0,0.0,21.26,4.0,60.49,18.0,0.0,0.0,0.0,0.0
2017-04-23,32.91,4.0,168.92,34.0,364.34,66.0,0.0,0.0,0.0,0.0
2017-04-24,54.66,10.0,252.45,71.0,475.57,123.0,0.0,0.0,0.0,0.0
2017-04-25,13.93,7.0,197.07,42.0,958.88,188.0,0.0,0.0,0.0,0.0
2017-04-26,33.83,7.0,792.0,80.0,1519.83,244.0,0.0,0.0,0.0,0.0
2017-04-27,23.35,3.0,187.23,34.0,665.69,129.0,0.0,0.0,0.0,0.0
2017-04-28,0.0,0.0,26.45,14.0,354.42,87.0,0.0,0.0,0.0,0.0
2017-04-29,33.03,11.0,219.51,55.0,771.8,165.0,0.0,0.0,0.0,0.0
2017-04-30,82.03,15.0,432.59,98.0,845.88,207.0,0.0,0.0,0.0,0.0
2017-05-01,79.12,12.0,954.63,112.0,3326.19,370.0,0.0,0.0,0.0,0.0
2017-05-02,242.79,23.0,1622.84,175.0,4113.72,529.0,0.0,0.0,0.0,0.0
2017-05-03,0.0,0.0,53.95,6.0,350.41,28.0,0.0,0.0,0.0,0.0
2017-05-04,97.1,12.0,551.08,74.0,1912.13,300.0,0.0,0.0,0.0,0.0
2017-05-05,174.8,24.0,684.95,125.0,3303.02,620.0,0.0,0.0,0.0,0.0
2017-05-06,173.44,20.0,696.9,87.0,2549.59,382.0,0.0,0.0,0.0,0.0
2017-05-07,233.35,17.0,612.59,70.0,2821.05,376.0,0.0,0.0,0.0,0.0
2017-05-08,13.7,3.0,90.46,20.0,641.05,131.0,0.0,0.0,0.0,0.0
2017-05-09,25.46,7.0,170.05,36.0,911.91,169.0,0.0,0.0,0.0,0.0
2017-05-10,11.42,4.0,102.6,28.0,476.35,113.0,0.0,0.0,0.0,0.0
2017-05-11,18.55,5.0,80.11,17.0,531.04,85.0,0.0,0.0,0.0,0.0
2017-05-12,8.03,2.0,168.2,29.0,393.34,84.0,0.0,0.0,0.0,0.0
2017-05-13,20.37,5.0,41.93,10.0,600.45,121.0,0.0,0.0,0.0,0.0
2017-05-14,47.84,7.0,170.89,21.0,1008.23,121.0,0.0,0.0,0.0,0.0
2017-05-15,12.09,3.0,63.84,16.0,388.09,89.0,0.0,0.0,0.0,0.0
2017-05-16,5.45,1.0,22.96,6.0,184.9,45.0,0.0,0.0,0.0,0.0
2017-05-17,16.18,3.0,37.51,7.0,210.53,42.0,0.0,0.0,0.0,0.0
2017-05-18,24.19,3.0,35.5,6.0,449.32,84.0,0.0,0.0,0.0,0.0
2017-05-19,0.89,1.0,20.31,3.0,486.84,75.0,0.0,0.0,0.0,0.0
2017-05-20,0.0,0.0,25.91,7.0,531.3,47.0,0.0,0.0,0.0,0.0
2017-05-21,0.0,0.0,16.66,4.0,48.8,15.0,0.0,0.0,0.0,0.0
2017-05-22,0.0,0.0,0.0,0.0,26.66,8.0,0.0,0.0,0.0,0.0
2017-05-23,25.26,4.0,44.12,7.0,387.86,62.0,0.0,0.0,0.0,0.0
2017-05-24,7.98,1.0,11.49,2.0,138.88,26.0,0.0,0.0,0.0,0.0
2017-05-25,0.0,0.0,14.1,3.0,152.57,30.0,0.0,0.0,0.0,0.0
2017-05-26,0.0,0.0,11.39,3.0,91.05,21.0,0.0,0.0,0.0,0.0
2017-05-27,0.0,0.0,14.39,3.0,24.47,6.0,0.0,0.0,0.0,0.0
2017-05-28,1.37,1.0,14.44,5.0,87.49,24.0,0.0,0.0,0.0,0.0
2017-05-29,0.0,0.0,0.0,0.0,1.88,1.0,0.0,0.0,0.0,0.0
2017-05-30,0.0,0.0,9.7,3.0,85.25,18.0,0.0,0.0,0.0,0.0
2017-05-31,0.0,0.0,0.0,0.0,10.21,3.0,0.0,0.0,0.0,0.0
2017-06-01,0.0,0.0,5.54,1.0,5.54,1.0,0.0,0.0,0.0,0.0
2017-06-02,0.0,0.0,17.02,2.0,78.29,16.0,0.0,0.0,0.0,0.0
2017-06-03,0.0,0.0,0.0,0.0,123.03,24.0,0.0,0.0,0.0,0.0
2017-06-04,0.0,0.0,0.0,0.0,75.32,13.0,0.0,0.0,0.0,0.0
2017-06-05,7.4,2.0,24.85,6.0,32.15,9.0,0.0,0.0,0.0,0.0
2017-06-06,13.49,2.0,15.87,3.0,36.11,5.0,0.0,0.0,0.0,0.0
2017-06-07,0.0,0.0,0.0,0.0,1.48,1.0,0.0,0.0,0.0,0.0
2017-06-08,3.84,1.0,3.84,1.0,3.84,1.0,0.0,0.0,0.0,0.0
2017-06-09,1.6,1.0,1.6,1.0,2.04,2.0,0.0,0.0,0.0,0.0
2017-06-10,0.0,0.0,7.16,2.0,25.96,7.0,0.0,0.0,0.0,0.0
2017-06-11,0.0,0.0,0.0,0.0,15.67,7.0,0.0,0.0,0.0,0.0
2017-06-12,0.0,0.0,8.93,2.0,35.37,9.0,0.0,0.0,0.0,0.0
2017-06-13,0.0,0.0,16.13,5.0,44.58,15.0,0.0,0.0,0.0,0.0
2017-06-14,0.0,0.0,0.0,0.0,55.84,17.0,0.0,0.0,0.0,0.0
2017-06-15,0.0,0.0,0.0,0.0,12.34,6.0,0.0,0.0,0.0,0.0
2017-06-16,0.0,0.0,0.0,0.0,9.43,4.0,0.0,0.0,0.0,0.0
2017-06-17,0.0,0.0,3.54,1.0,9.24,3.0,0.0,0.0,0.0,0.0
2017-06-18,0.0,0.0,6.67,2.0,23.53,7.0,0.0,0.0,0.0,0.0
2017-06-19,0.0,0.0,0.0,0.0,1.96,1.0,0.0,0.0,0.0,0.0
2017-06-20,0.0,0.0,0.0,0.0,0.0,0.0,0.0,0.0,0.0,0.0
2017-06-21,0.43,1.0,0.43,1.0,5.49,3.0,0.0,0.0,0.0,0.0
2017-06-22,0.0,0.0,0.0,0.0,0.34,1.0,0.0,0.0,0.0,0.0
2017-06-23,1.18,1.0,1.18,1.0,11.37,2.0,0.0,0.0,0.0,0.0
2017-06-24,6.03,1.0,7.08,2.0,43.26,13.0,0.0,0.0,0.0,0.0
2017-06-25,0.0,0.0,0.0,0.0,26.2,1.0,0.0,0.0,0.0,0.0
2017-06-26,0.0,0.0,0.0,0.0,27.71,5.0,0.0,0.0,0.0,0.0
2017-06-27,0.0,0.0,0.0,0.0,24.97,5.0,0.0,0.0,0.0,0.0
2017-06-28,0.0,0.0,0.0,0.0,0.0,0.0,0.0,0.0,0.0,0.0
2017-06-29,0.0,0.0,0.0,0.0,0.0,0.0,0.0,0.0,0.0,0.0
2017-06-30,0.0,0.0,0.0,0.0,0.0,0.0,0.0,0.0,0.0,0.0
2017-07-01,0.0,0.0,0.0,0.0,0.0,0.0,0.0,0.0,0.0,0.0
2017-07-02,0.0,0.0,0.0,0.0,0.0,0.0,0.0,0.0,0.0,0.0
2017-07-03,0.0,0.0,0.0,0.0,0.0,0.0,0.0,0.0,0.0,0.0
2017-07-04,0.0,0.0,8.21,1.0,8.21,1.0,0.0,0.0,0.0,0.0
2017-07-05,0.0,0.0,0.0,0.0,0.0,0.0,0.0,0.0,0.0,0.0
2017-07-06,0.0,0.0,0.0,0.0,0.0,0.0,0.0,0.0,0.0,0.0
2017-07-07,0.0,0.0,0.0,0.0,0.0,0.0,0.0,0.0,0.0,0.0
2017-07-08,0.0,0.0,0.0,0.0,0.0,0.0,0.0,0.0,0.0,0.0
2017-07-09,0.0,0.0,0.0,0.0,0.0,0.0,0.0,0.0,0.0,0.0
2017-07-10,6.24,2.0,6.24,2.0,10.07,3.0,0.0,0.0,0.0,0.0
2017-07-11,0.0,0.0,0.0,0.0,0.0,0.0,0.0,0.0,0.0,0.0
2017-07-12,2.1,2.0,2.1,2.0,2.1,2.0,0.0,0.0,0.0,0.0
2017-07-13,0.0,0.0,0.0,0.0,4.37,2.0,0.0,0.0,0.0,0.0
2017-07-14,0.0,0.0,0.0,0.0,1.31,1.0,0.0,0.0,0.0,0.0
2017-07-15,0.87,1.0,3.56,3.0,7.58,4.0,0.0,0.0,0.0,0.0
2017-07-16,0.0,0.0,0.0,0.0,0.0,0.0,0.0,0.0,0.0,0.0
2017-07-17,0.0,0.0,0.0,0.0,0.0,0.0,0.0,0.0,0.0,0.0
2017-07-18,0.0,0.0,0.0,0.0,9.8,4.0,0.0,0.0,0.0,0.0
2017-07-19,0.0,0.0,0.0,0.0,3.72,1.0,0.0,0.0,0.0,0.0
2017-07-20,0.0,0.0,0.0,0.0,0.0,0.0,0.0,0.0,0.0,0.0
2017-07-21,0.0,0.0,0.0,0.0,3.93,1.0,0.0,0.0,0.0,0.0
2017-07-22,0.0,0.0,0.0,0.0,0.0,0.0,0.0,0.0,0.0,0.0
2017-07-23,0.0,0.0,0.0,0.0,0.97,1.0,0.0,0.0,0.0,0.0
2017-07-24,0.0,0.0,0.0,0.0,0.0,0.0,0.0,0.0,0.0,0.0
2017-07-25,0.0,0.0,0.0,0.0,0.0,0.0,0.0,0.0,0.0,0.0
2017-07-26,0.0,0.0,0.0,0.0,2.97,1.0,0.0,0.0,0.0,0.0
2017-07-27,0.0,0.0,0.0,0.0,0.0,0.0,0.0,0.0,0.0,0.0
2017-07-28,0.0,0.0,0.0,0.0,0.0,0.0,0.0,0.0,0.0,0.0
2017-07-29,0.0,0.0,0.0,0.0,0.0,0.0,0.0,0.0,0.0,0.0
2017-07-30,0.0,0.0,0.0,0.0,0.0,0.0,0.0,0.0,0.0,0.0
2017-07-31,0.0,0.0,0.0,0.0,0.0,0.0,0.0,0.0,0.0,0.0
2017-08-01,0.0,0.0,0.0,0.0,0.0,0.0,0.0,0.0,0.0,0.0
2017-08-02,0.0,0.0,0.0,0.0,0.0,0.0,0.0,0.0,0.0,0.0
2017-08-03,0.0,0.0,0.0,0.0,0.0,0.0,0.0,0.0,0.0,0.0
2017-08-04,2.13,2.0,3.05,3.0,3.05,3.0,0.0,0.0,0.0,0.0
2017-08-05,2.09,1.0,2.09,1.0,2.09,1.0,0.0,0.0,0.0,0.0
2017-08-06,0.0,0.0,18.6,2.0,18.6,2.0,0.0,0.0,0.0,0.0
2017-08-07,0.0,0.0,0.0,0.0,0.0,0.0,0.0,0.0,0.0,0.0
2017-08-08,0.0,0.0,0.0,0.0,0.0,0.0,0.0,0.0,0.0,0.0
2017-08-09,0.0,0.0,0.0,0.0,0.0,0.0,0.0,0.0,0.0,0.0
2017-08-10,0.0,0.0,0.0,0.0,0.0,0.0,0.0,0.0,0.0,0.0
2017-08-11,0.0,0.0,0.0,0.0,0.0,0.0,0.0,0.0,0.0,0.0
2017-08-12,0.0,0.0,0.0,0.0,1.91,1.0,0.0,0.0,0.0,0.0
2017-08-13,0.0,0.0,0.0,0.0,0.0,0.0,0.0,0.0,0.0,0.0
2017-08-14,0.0,0.0,0.0,0.0,0.48,1.0,0.0,0.0,0.0,0.0
2017-08-15,1.42,1.0,1.42,1.0,1.42,1.0,0.0,0.0,0.0,0.0
2017-08-16,1.37,1.0,1.37,1.0,1.37,1.0,0.0,0.0,0.0,0.0
2017-08-17,0.0,0.0,0.0,0.0,0.0,0.0,0.0,0.0,0.0,0.0
2017-08-18,2.47,1.0,2.47,1.0,2.47,1.0,0.0,0.0,0.0,0.0
2017-08-19,0.0,0.0,0.0,0.0,0.0,0.0,0.0,0.0,0.0,0.0
2017-08-20,0.0,0.0,0.0,0.0,1.85,1.0,0.0,0.0,0.0,0.0
2017-08-21,0.0,0.0,0.0,0.0,0.0,0.0,0.0,0.0,0.0,0.0
2017-08-22,1.2,1.0,1.2,1.0,5.87,2.0,0.0,0.0,0.0,0.0
2017-08-23,0.4,1.0,0.4,1.0,0.4,1.0,0.0,0.0,0.0,0.0
2017-08-24,0.0,0.0,0.0,0.0,0.0,0.0,0.0,0.0,0.0,0.0
2017-08-25,0.0,0.0,0.0,0.0,0.0,0.0,0.0,0.0,0.0,0.0
2017-08-26,0.83,1.0,0.83,1.0,0.83,1.0,0.0,0.0,0.0,0.0
2017-08-27,0.0,0.0,0.0,0.0,0.0,0.0,0.0,0.0,0.0,0.0
2017-08-28,0.0,0.0,0.0,0.0,3.47,1.0,0.0,0.0,0.0,0.0
2017-08-29,0.0,0.0,0.56,1.0,5.49,3.0,0.0,0.0,0.0,0.0
2017-08-30,0.5,1.0,0.5,1.0,0.5,1.0,0.0,0.0,0.0,0.0
2017-08-31,0.0,0.0,0.0,0.0,0.0,0.0,0.0,0.0,0.0,0.0
2017-09-01,0.0,0.0,0.0,0.0,0.0,0.0,0.0,0.0,0.0,0.0
2017-09-02,0.0,0.0,0.0,0.0,0.0,0.0,0.0,0.0,0.0,0.0
2017-09-03,0.0,0.0,0.0,0.0,0.55,1.0,0.0,0.0,0.0,0.0
2017-09-04,0.0,0.0,0.0,0.0,0.0,0.0,0.0,0.0,0.0,0.0
2017-09-05,0.0,0.0,0.0,0.0,0.0,0.0,0.0,0.0,0.0,0.0
2017-09-06,2.88,1.0,2.88,1.0,2.88,1.0,0.0,0.0,0.0,0.0
2017-09-07,1.76,2.0,1.76,2.0,4.11,3.0,0.0,0.0,0.0,0.0
2017-09-08,8.25,2.0,8.25,2.0,8.25,2.0,0.0,0.0,0.0,0.0
2017-09-09,3.56,2.0,10.6,4.0,17.14,6.0,0.0,0.0,0.0,0.0
2017-09-10,0.0,0.0,0.0,0.0,7.2,2.0,0.0,0.0,0.0,0.0
2017-09-11,0.0,0.0,0.0,0.0,29.59,5.0,0.0,0.0,0.0,0.0
2017-09-12,2.4,1.0,2.4,1.0,33.8,7.0,0.0,0.0,0.0,0.0
2017-09-13,0.0,0.0,0.0,0.0,5.18,1.0,0.0,0.0,0.0,0.0
2017-09-14,0.0,0.0,0.0,0.0,6.65,1.0,0.0,0.0,0.0,0.0
2017-09-15,3.74,3.0,3.74,3.0,6.06,4.0,0.0,0.0,0.0,0.0
2017-09-16,0.0,0.0,0.0,0.0,0.0,0.0,0.0,0.0,0.0,0.0
2017-09-17,0.0,0.0,0.0,0.0,1.67,1.0,0.0,0.0,0.0,0.0
2017-09-18,2.72,2.0,17.49,5.0,70.07,17.0,0.0,0.0,0.0,0.0
2017-09-19,0.0,0.0,0.0,0.0,58.66,11.0,0.0,0.0,0.0,0.0
2017-09-20,0.0,0.0,0.0,0.0,121.12,22.0,0.0,0.0,0.0,0.0
2017-09-21,1.0,1.0,1.0,1.0,7.12,3.0,0.0,0.0,0.0,0.0
2017-09-22,0.0,0.0,0.0,0.0,0.0,0.0,0.0,0.0,0.0,0.0
2017-09-23,0.0,0.0,0.0,0.0,0.0,0.0,0.0,0.0,0.0,0.0
2017-09-24,0.0,0.0,0.0,0.0,0.0,0.0,0.0,0.0,0.0,0.0
2017-09-25,0.0,0.0,0.0,0.0,0.0,0.0,0.0,0.0,0.0,0.0
2017-09-26,1.13,1.0,1.13,1.0,9.32,4.0,0.0,0.0,0.0,0.0
2017-09-27,1.38,1.0,12.37,3.0,70.77,8.0,0.0,0.0,0.0,0.0
2017-09-28,1.53,2.0,1.53,2.0,19.83,6.0,0.0,0.0,0.0,0.0
2017-09-29,0.0,0.0,3.98,1.0,17.97,4.0,0.0,0.0,0.0,0.0
2017-09-30,2.05,3.0,2.05,3.0,58.22,18.0,0.0,0.0,0.0,0.0
2017-10-01,0.0,0.0,0.0,0.0,71.87,19.0,0.0,0.0,0.0,0.0
2017-10-02,1.14,1.0,4.27,2.0,154.1,30.0,0.0,0.0,0.0,0.0
2017-10-03,1.1,1.0,2.2,2.0,219.89,50.0,0.0,0.0,0.0,0.0
2017-10-04,0.49,1.0,9.59,5.0,185.2,57.0,0.0,0.0,0.0,0.0
2017-10-05,0.0,0.0,7.33,2.0,371.97,69.0,0.0,0.0,0.0,0.0
2017-10-06,0.0,0.0,0.0,0.0,262.66,59.0,0.0,0.0,0.0,0.0
2017-10-07,2.18,1.0,5.06,2.0,362.27,98.0,0.0,0.0,0.0,0.0
2017-10-08,1.09,1.0,59.19,14.0,970.16,206.0,0.0,0.0,0.0,0.0
2017-10-09,2.56,2.0,43.67,13.0,757.91,191.0,0.0,0.0,0.0,0.0
2017-10-10,4.73,2.0,35.99,12.0,983.23,197.0,0.0,0.0,0.0,0.0
2017-10-11,0.0,0.0,0.0,0.0,434.53,71.0,0.0,0.0,0.0,0.0
2017-10-12,0.0,0.0,10.0,2.0,620.35,130.0,0.0,0.0,0.0,0.0
2017-10-13,6.25,2.0,72.36,12.0,1045.09,161.0,0.0,0.0,0.0,0.0
2017-10-14,4.14,3.0,106.35,27.0,2029.21,382.0,0.0,0.0,0.0,0.0
2017-10-15,9.88,5.0,189.81,31.0,2526.37,495.0,0.0,0.0,0.0,0.0
2017-10-16,4.3,2.0,44.15,12.0,983.96,209.0,0.0,0.0,0.0,0.0
2017-10-17,0.49,1.0,91.47,20.0,1366.3,263.0,0.0,0.0,0.0,0.0
2017-10-18,23.88,5.0,133.96,25.0,1807.63,272.0,0.0,0.0,0.0,0.0
2017-10-19,9.41,5.0,254.4,51.0,3532.13,535.0,0.0,0.0,0.0,0.0
2017-10-20,6.27,3.0,323.39,65.0,2610.32,580.0,0.0,0.0,0.0,0.0
2017-10-21,0.0,0.0,160.6,24.0,1554.49,278.0,0.0,0.0,0.0,0.0
2017-10-22,23.72,4.0,162.08,45.0,784.85,183.0,0.0,0.0,0.0,0.0
2017-10-23,4.28,2.0,120.89,24.0,959.29,199.0,0.0,0.0,0.0,0.0
2017-10-24,15.81,3.0,435.26,76.0,1967.39,315.0,0.0,0.0,0.0,0.0
2017-10-25,21.52,4.0,250.15,63.0,1584.49,354.0,0.0,0.0,0.0,0.0
2017-10-26,14.5,6.0,336.26,74.0,1706.56,337.0,0.0,0.0,0.0,0.0
2017-10-27,0.0,0.0,146.77,30.0,772.66,147.0,0.0,0.0,0.0,0.0
2017-10-28,29.62,5.0,256.5,46.0,1646.47,290.0,0.0,0.0,0.0,0.0
2017-10-29,32.87,6.0,432.56,71.0,1920.05,336.0,0.0,0.0,0.0,0.0
2017-10-30,33.66,9.0,404.04,87.0,2085.98,389.0,0.0,0.0,0.0,0.0
2017-10-31,17.05,6.0,460.71,103.0,1879.6,396.0,0.0,0.0,0.0,0.0
2017-11-01,7.82,2.0,536.26,80.0,1600.57,272.0,0.0,0.0,0.0,0.0
2017-11-02,5.26,2.0,232.99,44.0,1048.95,176.0,0.0,0.0,0.0,0.0
2017-11-03,0.0,0.0,227.9,43.0,837.88,151.0,0.0,0.0,0.0,0.0
2017-11-04,15.52,6.0,158.85,39.0,2865.23,444.0,0.0,0.0,0.0,0.0
2017-11-05,59.2,21.0,408.59,113.0,2008.29,451.0,0.0,0.0,0.0,0.0
2017-11-06,32.1,5.0,269.33,40.0,455.63,84.0,0.0,0.0,0.0,0.0
2017-11-07,0.0,0.0,84.49,16.0,155.44,34.0,0.0,0.0,0.0,0.0
2017-11-08,17.44,7.0,33.36,13.0,531.41,121.0,0.0,0.0,0.0,0.0
2017-11-09,16.24,7.0,62.76,18.0,914.69,155.0,0.0,0.0,0.0,0.0
2017-11-10,20.99,11.0,207.39,46.0,1025.01,241.0,0.0,0.0,0.0,0.0
2017-11-11,21.64,8.0,81.25,25.0,298.21,79.0,0.0,0.0,0.0,0.0
2017-11-12,5.67,1.0,28.64,7.0,100.45,29.0,0.0,0.0,0.0,0.0
2017-11-13,15.58,4.0,30.2,10.0,91.84,31.0,0.0,0.0,0.0,0.0
2017-11-14,14.46,4.0,39.12,11.0,607.79,114.0,0.0,0.0,0.0,0.0
2017-11-15,2.2,3.0,58.14,17.0,191.77,58.0,0.0,0.0,0.0,0.0
2017-11-16,18.63,5.0,71.23,21.0,196.81,62.0,0.0,0.0,0.0,0.0
2017-11-17,5.76,3.0,36.72,13.0,71.79,22.0,0.0,0.0,0.0,0.0
2017-11-18,0.0,0.0,13.71,5.0,77.31,25.0,0.0,0.0,0.0,0.0
2017-11-19,4.17,4.0,57.27,13.0,297.94,63.0,0.0,0.0,0.0,0.0
2017-11-20,3.7,5.0,27.96,13.0,240.27,55.0,0.0,0.0,0.0,0.0
2017-11-21,9.02,5.0,74.36,25.0,319.94,97.0,0.0,0.0,0.0,0.0
2017-11-22,9.28,5.0,64.0,22.0,227.29,65.0,0.0,0.0,0.0,0.0
2017-11-23,4.63,2.0,82.27,18.0,175.74,40.0,0.0,0.0,0.0,0.0
2017-11-24,21.46,7.0,54.29,16.0,209.52,55.0,0.0,0.0,0.0,0.0
2017-11-25,14.9,6.0,75.54,22.0,231.34,63.0,0.0,0.0,0.0,0.0
2017-11-26,15.2,8.0,113.95,39.0,352.66,102.0,0.0,0.0,0.0,0.0
2017-11-27,36.23,11.0,135.38,34.0,243.8,71.0,0.0,0.0,0.0,0.0
2017-11-28,6.4,4.0,73.79,19.0,181.33,48.0,0.0,0.0,0.0,0.0
2017-11-29,18.26,4.0,54.39,15.0,163.06,48.0,0.0,0.0,0.0,0.0
2017-11-30,9.78,2.0,63.14,15.0,240.14,45.0,0.0,0.0,0.0,0.0
2017-12-01,3.23,2.0,58.39,20.0,231.18,60.0,0.0,0.0,0.0,0.0
2017-12-02,32.14,11.0,153.76,51.0,320.96,115.0,0.0,0.0,0.0,0.0
2017-12-03,1.03,1.0,20.54,7.0,96.62,21.0,0.0,0.0,0.0,0.0
2017-12-04,0.0,0.0,2.76,1.0,2.76,1.0,0.0,0.0,0.0,0.0
2017-12-05,0.0,0.0,0.0,0.0,0.0,0.0,0.0,0.0,0.0,0.0
2017-12-06,1.77,2.0,1.77,2.0,118.27,14.0,0.0,0.0,0.0,0.0
2017-12-07,66.85,11.0,128.32,36.0,243.96,76.0,0.0,0.0,0.0,0.0
2017-12-08,2.26,1.0,98.93,17.0,178.78,42.0,0.0,0.0,0.0,0.0
2017-12-09,15.41,6.0,47.48,16.0,134.49,34.0,0.0,0.0,0.0,0.0
2017-12-10,3.62,3.0,61.04,23.0,221.98,63.0,0.0,0.0,0.0,0.0
2017-12-11,0.0,0.0,12.12,3.0,62.86,17.0,0.0,0.0,0.0,0.0
2017-12-12,0.0,0.0,10.48,4.0,26.01,12.0,0.0,0.0,0.0,0.0
2017-12-13,0.0,0.0,2.22,1.0,7.42,4.0,0.0,0.0,0.0,0.0
2017-12-14,0.0,0.0,8.88,3.0,22.99,9.0,0.0,0.0,0.0,0.0
2017-12-15,3.3,1.0,18.8,5.0,29.66,9.0,0.0,0.0,0.0,0.0
2017-12-16,23.69,4.0,71.08,20.0,172.24,49.0,0.0,0.0,0.0,0.0
2017-12-17,28.75,9.0,104.15,32.0,286.47,72.0,0.0,0.0,0.0,0.0
2017-12-18,21.15,9.0,149.85,54.0,307.97,114.0,0.0,0.0,0.0,0.0
2017-12-19,0.0,0.0,15.01,2.0,68.61,14.0,0.0,0.0,0.0,0.0
2017-12-20,5.68,1.0,11.1,4.0,44.45,12.0,0.0,0.0,0.0,0.0
2017-12-21,32.93,14.0,155.01,48.0,247.94,81.0,0.0,0.0,0.0,0.0
2017-12-22,1.92,4.0,68.99,20.0,193.55,58.0,0.0,0.0,0.0,0.0
2017-12-23,20.09,5.0,47.4,16.0,241.95,72.0,0.0,0.0,0.0,0.0
2017-12-24,0.78,1.0,49.35,14.0,163.5,40.0,0.0,0.0,0.0,0.0
2017-12-25,40.17,6.0,78.32,22.0,146.53,40.0,0.0,0.0,0.0,0.0
2017-12-26,23.3,6.0,57.05,16.0,145.21,36.0,0.0,0.0,0.0,0.0
2017-12-27,13.9,4.0,82.91,30.0,147.99,46.0,0.0,0.0,0.0,0.0
2017-12-28,1.48,2.0,146.68,47.0,277.36,93.0,0.0,0.0,0.0,0.0
2017-12-29,9.28,8.0,102.17,34.0,253.12,83.0,0.0,0.0,0.0,0.0
2017-12-30,4.16,1.0,56.13,18.0,130.46,37.0,0.0,0.0,0.0,0.0
2017-12-31,12.56,3.0,44.2,13.0,124.83,34.0,0.0,0.0,0.0,0.0
2018-01-01,5.19,2.0,13.32,4.0,34.59,10.0,0.0,0.0,0.0,0.0
2018-01-02,12.98,5.0,82.42,24.0,112.15,35.0,0.0,0.0,0.0,0.0
2018-01-03,12.33,4.0,73.04,23.0,133.85,40.0,0.0,0.0,0.0,0.0
2018-01-04,15.42,5.0,15.42,5.0,17.87,6.0,0.0,0.0,0.0,0.0
2018-01-05,0.0,0.0,16.63,6.0,72.92,14.0,0.0,0.0,0.0,0.0
2018-01-06,10.14,8.0,50.69,24.0,77.78,35.0,0.0,0.0,0.0,0.0
2018-01-07,36.83,8.0,106.95,28.0,202.14,55.0,0.0,0.0,0.0,0.0
2018-01-08,18.19,9.0,58.61,27.0,133.02,56.0,0.0,0.0,0.0,0.0
2018-01-09,36.51,11.0,76.18,23.0,111.58,32.0,0.0,0.0,0.0,0.0
2018-01-10,4.12,4.0,15.71,9.0,82.27,22.0,0.0,0.0,0.0,0.0
2018-01-11,15.25,5.0,41.05,11.0,65.5,20.0,0.0,0.0,0.0,0.0
2018-01-12,10.97,6.0,36.76,17.0,70.42,27.0,0.0,0.0,0.0,0.0
2018-01-13,42.57,11.0,110.38,37.0,288.05,87.0,0.0,0.0,0.0,0.0
2018-01-14,24.81,9.0,118.61,33.0,243.48,74.0,0.0,0.0,0.0,0.0
2018-01-15,36.48,10.0,93.24,27.0,156.88,39.0,0.0,0.0,0.0,0.0
2018-01-16,22.23,7.0,64.15,23.0,88.01,32.0,0.0,0.0,0.0,0.0
2018-01-17,11.37,4.0,30.74,9.0,154.36,27.0,0.0,0.0,0.0,0.0
2018-01-18,18.62,8.0,99.99,32.0,256.55,75.0,0.0,0.0,0.0,0.0
2018-01-19,13.87,4.0,72.22,27.0,185.69,68.0,0.0,0.0,0.0,0.0
2018-01-20,4.32,5.0,49.34,16.0,125.48,38.0,0.0,0.0,0.0,0.0
2018-01-21,28.13,7.0,103.01,36.0,181.81,60.0,0.0,0.0,0.0,0.0
2018-01-22,8.02,5.0,107.33,39.0,209.77,73.0,0.0,0.0,0.0,0.0
2018-01-23,0.0,0.0,0.0,0.0,0.0,0.0,0.0,0.0,0.0,0.0
2018-01-24,2.48,1.0,2.48,1.0,31.45,13.0,0.0,0.0,0.0,0.0
2018-01-25,3.63,2.0,17.5,4.0,55.95,16.0,0.0,0.0,0.0,0.0
2018-01-26,0.0,0.0,20.46,6.0,20.46,6.0,0.0,0.0,0.0,0.0
2018-01-27,5.28,2.0,66.38,17.0,170.27,40.0,0.0,0.0,0.0,0.0
2018-01-28,8.67,3.0,104.78,30.0,165.09,44.0,0.0,0.0,0.0,0.0
2018-01-29,3.83,4.0,149.57,44.0,306.57,89.0,0.0,0.0,0.0,0.0
2018-01-30,14.14,5.0,49.58,15.0,140.69,46.0,0.0,0.0,0.0,0.0
2018-01-31,0.63,1.0,30.0,6.0,148.01,26.0,0.0,0.0,0.0,0.0
2018-02-01,23.79,6.0,64.63,17.0,145.74,39.0,0.0,0.0,0.0,0.0
2018-02-02,0.85,1.0,148.65,24.0,204.69,37.0,0.0,0.0,0.0,0.0
2018-02-03,9.99,6.0,80.98,28.0,281.71,71.0,0.0,0.0,0.0,0.0
2018-02-04,15.46,5.0,69.24,24.0,269.49,78.0,0.0,0.0,0.0,0.0
2018-02-05,0.0,0.0,0.0,0.0,0.0,0.0,0.0,0.0,0.0,0.0
2018-02-06,0.0,0.0,0.0,0.0,38.33,9.0,0.0,0.0,0.0,0.0
2018-02-07,10.29,5.0,39.33,14.0,161.36,47.0,0.0,0.0,0.0,0.0
2018-02-08,5.15,6.0,17.9,9.0,158.13,42.0,0.0,0.0,0.0,0.0
2018-02-09,28.15,10.0,142.83,39.0,339.95,98.0,0.0,0.0,0.0,0.0
2018-02-10,14.44,5.0,50.25,13.0,130.79,28.0,0.0,0.0,0.0,0.0
2018-02-11,4.86,1.0,25.43,4.0,33.97,6.0,0.0,0.0,0.0,0.0
2018-02-12,0.5,1.0,1.2,2.0,39.24,3.0,0.0,0.0,0.0,0.0
2018-02-13,20.79,8.0,64.76,24.0,72.38,26.0,0.0,0.0,0.0,0.0
2018-02-14,0.93,1.0,30.87,10.0,172.75,47.0,0.0,0.0,0.0,0.0
2018-02-15,2.12,2.0,29.21,13.0,167.9,40.0,0.0,0.0,0.0,0.0
2018-02-16,7.16,1.0,25.26,5.0,65.6,16.0,0.0,0.0,0.0,0.0
2018-02-17,0.0,0.0,6.61,3.0,27.33,8.0,0.0,0.0,0.0,0.0
2018-02-18,20.25,5.0,25.29,7.0,135.49,28.0,0.0,0.0,0.0,0.0
2018-02-19,14.81,9.0,117.41,28.0,211.57,53.0,0.0,0.0,0.0,0.0
2018-02-20,7.4,1.0,69.45,19.0,224.77,57.0,0.0,0.0,0.0,0.0
2018-02-21,48.28,6.0,123.99,25.0,228.76,50.0,0.0,0.0,0.0,0.0
2018-02-22,0.0,0.0,23.51,7.0,71.3,23.0,0.0,0.0,0.0,0.0
2018-02-23,0.94,1.0,0.94,1.0,23.46,8.0,0.0,0.0,0.0,0.0
2018-02-24,20.01,3.0,32.88,8.0,69.39,17.0,0.0,0.0,0.0,0.0
2018-02-25,6.73,6.0,52.42,17.0,219.18,62.0,0.0,0.0,0.0,0.0
2018-02-26,0.93,1.0,23.03,6.0,116.61,28.0,0.0,0.0,0.0,0.0
2018-02-27,2.68,2.0,6.89,4.0,75.66,19.0,0.0,0.0,0.0,0.0
2018-02-28,9.5,4.0,18.06,8.0,32.52,14.0,0.0,0.0,0.0,0.0
2018-03-01,0.73,1.0,12.13,8.0,66.29,31.0,0.0,0.0,0.0,0.0
2018-03-02,5.41,4.0,9.76,7.0,153.5,40.0,0.0,0.0,0.0,0.0
2018-03-03,1.48,1.0,11.6,3.0,50.33,16.0,0.0,0.0,0.0,0.0
2018-03-04,4.24,1.0,18.57,3.0,38.76,7.0,0.0,0.0,0.0,0.0
2018-03-05,1.57,2.0,22.94,7.0,136.43,24.0,0.0,0.0,0.0,0.0
2018-03-06,1.6,3.0,2.19,4.0,99.88,27.0,0.0,0.0,0.0,0.0
2018-03-07,4.71,5.0,10.37,7.0,109.68,36.0,0.0,0.0,0.0,0.0
2018-03-08,2.9,3.0,26.65,10.0,158.49,49.0,0.0,0.0,0.0,0.0
2018-03-09,0.89,2.0,20.42,9.0,88.98,30.0,0.0,0.0,0.0,0.0
2018-03-10,1.05,2.0,43.64,11.0,85.22,21.0,0.0,0.0,0.0,0.0
2018-03-11,2.6,2.0,6.56,4.0,127.66,34.0,0.0,0.0,0.0,0.0
2018-03-12,19.45,7.0,23.82,8.0,192.17,39.0,0.0,0.0,0.0,0.0
2018-03-13,7.94,3.0,30.62,13.0,143.99,54.0,0.0,0.0,0.0,0.0
2018-03-14,12.92,4.0,12.92,4.0,58.29,20.0,0.0,0.0,0.0,0.0
2018-03-15,0.0,0.0,12.84,4.0,43.63,18.0,0.0,0.0,0.0,0.0
2018-03-16,1.8,2.0,3.52,3.0,102.89,23.0,0.0,0.0,0.0,0.0
2018-03-17,12.78,8.0,42.98,17.0,168.98,46.0,0.0,0.0,0.0,0.0
2018-03-18,4.88,3.0,23.83,10.0,194.62,52.0,0.0,0.0,0.0,0.0
2018-03-19,0.0,0.0,26.33,3.0,160.77,35.0,0.0,0.0,0.0,0.0
2018-03-20,11.93,3.0,31.61,8.0,147.8,35.0,0.0,0.0,0.0,0.0
2018-03-21,0.87,1.0,3.37,2.0,57.99,7.0,0.0,0.0,0.0,0.0
2018-03-22,4.38,5.0,13.69,8.0,30.4,14.0,0.0,0.0,0.0,0.0
2018-03-23,11.9,5.0,16.18,8.0,113.38,30.0,0.0,0.0,0.0,0.0
2018-03-24,5.76,4.0,16.75,7.0,202.14,53.0,0.0,0.0,0.0,0.0
2018-03-25,0.0,0.0,12.36,2.0,118.26,31.0,0.0,0.0,0.0,0.0
2018-03-26,3.72,2.0,8.88,5.0,120.23,30.0,0.0,0.0,0.0,0.0
2018-03-27,13.73,3.0,15.79,5.0,87.46,26.0,0.0,0.0,0.0,0.0
2018-03-28,8.7,5.0,46.11,13.0,311.28,78.0,0.0,0.0,0.0,0.0
2018-03-29,13.41,3.0,23.96,7.0,210.45,73.0,0.0,0.0,0.0,0.0
2018-03-30,17.64,4.0,18.19,5.0,258.55,53.0,0.0,0.0,0.0,0.0
2018-03-31,0.0,0.0,10.63,4.0,72.76,18.0,0.0,0.0,0.0,0.0
2018-04-01,0.79,1.0,5.2,2.0,21.7,8.0,0.0,0.0,0.0,0.0
2018-04-02,0.77,1.0,7.81,3.0,34.64,8.0,0.0,0.0,0.0,0.0
2018-04-03,7.18,4.0,21.85,7.0,167.51,33.0,0.0,0.0,0.0,0.0
2018-04-04,0.5,1.0,16.12,4.0,105.61,30.0,0.0,0.0,0.0,0.0
2018-04-05,0.0,0.0,0.0,0.0,39.92,16.0,0.0,0.0,0.0,0.0
2018-04-06,0.0,0.0,0.0,0.0,28.88,7.0,0.0,0.0,0.0,0.0
2018-04-07,10.99,2.0,14.49,4.0,36.72,16.0,0.0,0.0,0.0,0.0
2018-04-08,10.36,7.0,13.63,10.0,65.91,28.0,0.0,0.0,0.0,0.0
2018-04-09,0.0,0.0,0.0,0.0,0.0,0.0,0.0,0.0,0.0,0.0
2018-04-10,6.14,1.0,33.91,12.0,83.49,26.0,0.0,0.0,0.0,0.0
2018-04-11,0.0,0.0,3.95,1.0,28.44,6.0,0.0,0.0,0.0,0.0
2018-04-12,7.2,5.0,19.02,8.0,34.58,14.0,0.0,0.0,0.0,0.0
2018-04-13,3.27,4.0,40.35,13.0,84.04,25.0,0.0,0.0,0.0,0.0
2018-04-14,12.6,3.0,44.27,12.0,135.68,32.0,0.0,0.0,0.0,0.0
2018-04-15,0.0,0.0,88.7,8.0,277.16,34.0,0.0,0.0,0.0,0.0
2018-04-16,5.98,4.0,255.49,21.0,332.3,37.0,0.0,0.0,0.0,0.0
2018-04-17,1.18,2.0,22.54,8.0,93.75,34.0,0.0,0.0,0.0,0.0
2018-04-18,138.69,12.0,508.93,34.0,1090.6,127.0,0.0,0.0,0.0,0.0
2018-04-19,40.85,9.0,234.17,35.0,728.9,154.0,0.0,0.0,0.0,0.0
2018-04-20,0.0,0.0,15.09,2.0,130.12,28.0,0.0,0.0,0.0,0.0
2018-04-21,4.26,2.0,79.14,17.0,227.73,50.0,0.0,0.0,0.0,0.0
2018-04-22,3.65,1.0,164.57,27.0,461.58,93.0,0.0,0.0,0.0,0.0
2018-04-23,24.83,3.0,144.8,25.0,709.2,109.0,0.0,0.0,0.0,0.0
2018-04-24,76.25,9.0,305.25,42.0,981.27,164.0,0.0,0.0,0.0,0.0
2018-04-25,50.58,3.0,432.06,36.0,1010.62,188.0,0.0,0.0,0.0,0.0
2018-04-26,5.28,2.0,367.21,59.0,868.87,143.0,0.0,0.0,0.0,0.0
2018-04-27,4.17,2.0,140.54,28.0,396.61,85.0,0.0,0.0,0.0,0.0
2018-04-28,10.34,5.0,171.29,31.0,358.94,85.0,0.0,0.0,0.0,0.0
2018-04-29,146.97,21.0,972.05,125.0,1659.4,212.0,0.0,0.0,0.0,0.0
2018-04-30,19.67,3.0,882.26,62.0,1350.22,169.0,0.0,0.0,0.0,0.0
2018-05-01,47.49,11.0,243.54,56.0,794.44,166.0,0.0,0.0,0.0,0.0
2018-05-02,9.15,1.0,70.72,18.0,428.16,72.0,0.0,0.0,0.0,0.0
2018-05-03,11.72,4.0,214.56,26.0,525.82,98.0,0.0,0.0,0.0,0.0
2018-05-04,44.49,11.0,415.15,84.0,1764.07,314.0,0.0,0.0,0.0,0.0
2018-05-05,141.16,28.0,1688.49,235.0,4647.94,683.0,0.0,0.0,0.0,0.0
2018-05-06,37.82,10.0,236.45,43.0,2163.13,338.0,0.0,0.0,0.0,0.0
2018-05-07,196.96,22.0,617.9,84.0,2400.53,375.0,0.0,0.0,0.0,0.0
2018-05-08,59.42,9.0,275.96,39.0,1723.87,355.0,0.0,0.0,0.0,0.0
2018-05-09,11.03,1.0,188.35,27.0,1172.11,200.0,0.0,0.0,0.0,0.0
2018-05-10,74.14,14.0,740.32,136.0,4041.84,657.0,0.0,0.0,0.0,0.0
2018-05-11,0.0,0.0,217.11,33.0,1904.51,291.0,0.0,0.0,0.0,0.0
2018-05-12,29.17,10.0,374.57,72.0,2011.39,352.0,0.0,0.0,0.0,0.0
2018-05-13,39.74,9.0,122.12,37.0,1011.46,232.0,0.0,0.0,0.0,0.0
2018-05-14,0.0,0.0,19.58,7.0,95.59,31.0,0.0,0.0,0.0,0.0
2018-05-15,3.46,1.0,77.7,16.0,381.73,95.0,0.0,0.0,0.0,0.0
2018-05-16,2.95,1.0,17.0,6.0,268.84,81.0,0.0,0.0,0.0,0.0
2018-05-17,11.82,3.0,68.09,10.0,478.23,83.0,0.0,0.0,0.0,0.0
2018-05-18,2.22,1.0,95.65,22.0,304.8,101.0,0.0,0.0,0.0,0.0
2018-05-19,7.48,3.0,31.7,9.0,509.3,109.0,0.0,0.0,0.0,0.0
2018-05-20,21.48,7.0,86.36,22.0,841.59,202.0,0.0,0.0,0.0,0.0
2018-05-21,63.25,11.0,115.15,25.0,1392.29,299.0,0.0,0.0,0.0,0.0
2018-05-22,16.49,3.0,19.05,4.0,709.92,176.0,0.0,0.0,0.0,0.0
2018-05-23,42.11,7.0,76.25,11.0,391.77,83.0,0.0,0.0,0.0,0.0
2018-05-24,4.67,1.0,48.4,9.0,355.15,100.0,0.0,0.0,0.0,0.0
2018-05-25,21.49,3.0,47.17,7.0,562.7,102.0,0.0,0.0,0.0,0.0
2018-05-26,13.14,5.0,70.37,13.0,1344.48,242.0,0.0,0.0,0.0,0.0
2018-05-27,33.07,4.0,33.07,4.0,890.56,221.0,0.0,0.0,0.0,0.0
2018-05-28,4.75,2.0,23.69,6.0,583.3,127.0,0.0,0.0,0.0,0.0
2018-05-29,13.72,5.0,33.11,9.0,334.11,61.0,0.0,0.0,0.0,0.0
2018-05-30,1.92,1.0,1.92,1.0,104.1,29.0,0.0,0.0,0.0,0.0
2018-05-31,2.3,2.0,23.32,7.0,189.46,35.0,0.0,0.0,0.0,0.0
2018-06-01,3.88,2.0,8.54,4.0,47.12,16.0,0.0,0.0,0.0,0.0
2018-06-02,5.22,4.0,5.22,4.0,13.37,7.0,0.0,0.0,0.0,0.0
2018-06-03,5.87,3.0,11.1,6.0,55.02,20.0,0.0,0.0,0.0,0.0
2018-06-04,0.0,0.0,0.0,0.0,24.81,7.0,0.0,0.0,0.0,0.0
2018-06-05,3.05,2.0,10.69,3.0,42.14,11.0,0.0,0.0,0.0,0.0
2018-06-06,6.12,4.0,6.12,4.0,11.24,6.0,0.0,0.0,0.0,0.0
2018-06-07,7.19,2.0,7.19,2.0,18.53,5.0,0.0,0.0,0.0,0.0
2018-06-08,0.0,0.0,0.0,0.0,4.73,1.0,0.0,0.0,0.0,0.0
2018-06-09,0.0,0.0,0.0,0.0,0.0,0.0,0.0,0.0,0.0,0.0
2018-06-10,0.0,0.0,20.16,3.0,33.14,5.0,0.0,0.0,0.0,0.0
2018-06-11,2.01,2.0,8.16,3.0,28.12,10.0,0.0,0.0,0.0,0.0
2018-06-12,0.0,0.0,0.0,0.0,16.47,4.0,0.0,0.0,0.0,0.0
2018-06-13,0.0,0.0,2.25,1.0,16.8,3.0,0.0,0.0,0.0,0.0
2018-06-14,0.0,0.0,0.0,0.0,1.74,1.0,0.0,0.0,0.0,0.0
2018-06-15,0.86,1.0,0.86,1.0,6.68,3.0,0.0,0.0,0.0,0.0
2018-06-16,0.0,0.0,1.43,1.0,7.21,3.0,0.0,0.0,0.0,0.0
2018-06-17,0.0,0.0,0.0,0.0,3.85,1.0,0.0,0.0,0.0,0.0
2018-06-18,6.44,1.0,7.79,2.0,9.14,3.0,0.0,0.0,0.0,0.0
2018-06-19,2.72,2.0,2.72,2.0,14.56,5.0,0.0,0.0,0.0,0.0
2018-06-20,0.0,0.0,13.79,3.0,15.92,4.0,0.0,0.0,0.0,0.0
2018-06-21,4.33,2.0,4.33,2.0,15.92,5.0,0.0,0.0,0.0,0.0
2018-06-22,0.0,0.0,3.14,1.0,28.91,10.0,0.0,0.0,0.0,0.0
2018-06-23,0.0,0.0,0.0,0.0,0.0,0.0,0.0,0.0,0.0,0.0
2018-06-24,0.0,0.0,5.87,2.0,45.05,10.0,0.0,0.0,0.0,0.0
2018-06-25,0.0,0.0,2.59,1.0,8.13,3.0,0.0,0.0,0.0,0.0
2018-06-26,0.0,0.0,0.0,0.0,0.0,0.0,0.0,0.0,0.0,0.0
2018-06-27,5.4,2.0,15.52,4.0,20.25,6.0,0.0,0.0,0.0,0.0
2018-06-28,0.0,0.0,0.0,0.0,0.0,0.0,0.0,0.0,0.0,0.0
2018-06-29,0.0,0.0,0.0,0.0,0.0,0.0,0.0,0.0,0.0,0.0
2018-06-30,0.0,0.0,0.0,0.0,3.68,1.0,0.0,0.0,0.0,0.0
2018-07-01,0.0,0.0,0.0,0.0,0.0,0.0,0.0,0.0,0.0,0.0
2018-07-02,0.0,0.0,0.0,0.0,0.0,0.0,0.0,0.0,0.0,0.0
2018-07-03,11.48,2.0,11.48,2.0,11.48,2.0,0.0,0.0,0.0,0.0
2018-07-04,0.0,0.0,0.0,0.0,0.0,0.0,0.0,0.0,0.0,0.0
2018-07-05,0.0,0.0,0.0,0.0,3.89,1.0,0.0,0.0,0.0,0.0
2018-07-06,1.03,1.0,1.03,1.0,1.03,1.0,0.0,0.0,0.0,0.0
2018-07-07,2.47,1.0,2.47,1.0,2.47,1.0,0.0,0.0,0.0,0.0
2018-07-08,1.78,3.0,1.78,3.0,9.46,5.0,0.0,0.0,0.0,0.0
2018-07-09,0.0,0.0,0.0,0.0,0.0,0.0,0.0,0.0,0.0,0.0
2018-07-10,10.08,1.0,10.08,1.0,14.24,2.0,0.0,0.0,0.0,0.0
2018-07-11,0.0,0.0,0.0,0.0,0.0,0.0,0.0,0.0,0.0,0.0
2018-07-12,0.0,0.0,0.0,0.0,0.0,0.0,0.0,0.0,0.0,0.0
2018-07-13,1.54,1.0,1.54,1.0,1.54,1.0,0.0,0.0,0.0,0.0
2018-07-14,4.92,4.0,4.92,4.0,4.92,4.0,0.0,0.0,0.0,0.0
2018-07-15,0.0,0.0,0.0,0.0,0.0,0.0,0.0,0.0,0.0,0.0
2018-07-16,0.0,0.0,0.0,0.0,0.0,0.0,0.0,0.0,0.0,0.0
2018-07-17,2.29,2.0,2.29,2.0,2.29,2.0,0.0,0.0,0.0,0.0
2018-07-18,0.0,0.0,0.0,0.0,0.0,0.0,0.0,0.0,0.0,0.0
2018-07-19,0.0,0.0,0.0,0.0,0.0,0.0,0.0,0.0,0.0,0.0
2018-07-20,0.0,0.0,0.0,0.0,0.0,0.0,0.0,0.0,0.0,0.0
2018-07-21,0.0,0.0,0.0,0.0,0.0,0.0,0.0,0.0,0.0,0.0
2018-07-22,0.0,0.0,0.0,0.0,0.0,0.0,0.0,0.0,0.0,0.0
2018-07-23,2.27,3.0,2.27,3.0,2.27,3.0,0.0,0.0,0.0,0.0
2018-07-24,1.34,2.0,1.34,2.0,1.34,2.0,0.0,0.0,0.0,0.0
2018-07-25,0.0,0.0,0.0,0.0,0.0,0.0,0.0,0.0,0.0,0.0
2018-07-26,0.0,0.0,0.0,0.0,0.0,0.0,0.0,0.0,0.0,0.0
2018-07-27,0.0,0.0,0.0,0.0,0.0,0.0,0.0,0.0,0.0,0.0
2018-07-28,0.0,0.0,0.0,0.0,0.0,0.0,0.0,0.0,0.0,0.0
2018-07-29,0.0,0.0,0.0,0.0,0.0,0.0,0.0,0.0,0.0,0.0
2018-07-30,0.0,0.0,0.0,0.0,0.0,0.0,0.0,0.0,0.0,0.0
2018-07-31,0.0,0.0,0.0,0.0,0.0,0.0,0.0,0.0,0.0,0.0
2018-08-01,1.3,2.0,1.3,2.0,1.3,2.0,0.0,0.0,0.0,0.0
2018-08-02,0.0,0.0,0.0,0.0,0.0,0.0,0.0,0.0,0.0,0.0
2018-08-03,2.75,3.0,2.75,3.0,2.75,3.0,0.0,0.0,0.0,0.0
2018-08-04,0.0,0.0,0.0,0.0,0.0,0.0,0.0,0.0,0.0,0.0
2018-08-05,0.0,0.0,0.0,0.0,0.0,0.0,0.0,0.0,0.0,0.0
2018-08-06,0.0,0.0,0.0,0.0,0.0,0.0,0.0,0.0,0.0,0.0
2018-08-07,0.0,0.0,0.0,0.0,0.0,0.0,0.0,0.0,0.0,0.0
2018-08-08,0.55,1.0,0.55,1.0,0.55,1.0,0.0,0.0,0.0,0.0
2018-08-09,8.31,4.0,12.17,5.0,15.74,7.0,0.0,0.0,0.0,0.0
2018-08-10,0.0,0.0,0.0,0.0,3.48,1.0,0.0,0.0,0.0,0.0
2018-08-11,0.0,0.0,0.0,0.0,0.0,0.0,0.0,0.0,0.0,0.0
2018-08-12,0.0,0.0,0.0,0.0,0.0,0.0,0.0,0.0,0.0,0.0
2018-08-13,0.0,0.0,0.0,0.0,0.0,0.0,0.0,0.0,0.0,0.0
2018-08-14,0.0,0.0,0.0,0.0,2.6,1.0,0.0,0.0,0.0,0.0
2018-08-15,0.0,0.0,0.0,0.0,0.0,0.0,0.0,0.0,0.0,0.0
2018-08-16,0.0,0.0,0.0,0.0,1.99,1.0,0.0,0.0,0.0,0.0
2018-08-17,0.0,0.0,0.0,0.0,0.0,0.0,0.0,0.0,0.0,0.0
2018-08-18,0.0,0.0,0.0,0.0,1.15,1.0,0.0,0.0,0.0,0.0
2018-08-19,0.0,0.0,0.0,0.0,0.0,0.0,0.0,0.0,0.0,0.0
2018-08-20,0.44,1.0,0.44,1.0,0.44,1.0,0.0,0.0,0.0,0.0
2018-08-21,6.29,1.0,6.29,1.0,6.29,1.0,0.0,0.0,0.0,0.0
2018-08-22,0.0,0.0,0.0,0.0,0.0,0.0,0.0,0.0,0.0,0.0
2018-08-23,0.0,0.0,0.0,0.0,0.0,0.0,0.0,0.0,0.0,0.0
2018-08-24,0.0,0.0,0.0,0.0,0.0,0.0,0.0,0.0,0.0,0.0
2018-08-25,0.0,0.0,0.0,0.0,3.17,1.0,0.0,0.0,0.0,0.0
2018-08-26,0.0,0.0,0.0,0.0,0.0,0.0,0.0,0.0,0.0,0.0
2018-08-27,0.0,0.0,0.0,0.0,0.0,0.0,0.0,0.0,0.0,0.0
2018-08-28,0.0,0.0,0.0,0.0,0.0,0.0,0.0,0.0,0.0,0.0
2018-08-29,0.0,0.0,0.0,0.0,0.0,0.0,0.0,0.0,0.0,0.0
2018-08-30,0.0,0.0,0.0,0.0,3.85,1.0,0.0,0.0,0.0,0.0
2018-08-31,0.0,0.0,0.0,0.0,0.0,0.0,0.0,0.0,0.0,0.0
2018-09-01,0.0,0.0,0.0,0.0,0.0,0.0,0.0,0.0,0.0,0.0
2018-09-02,0.0,0.0,0.0,0.0,0.0,0.0,0.0,0.0,0.0,0.0
2018-09-03,0.0,0.0,0.0,0.0,0.0,0.0,0.0,0.0,0.0,0.0
2018-09-04,0.0,0.0,0.0,0.0,0.0,0.0,0.0,0.0,0.0,0.0
2018-09-05,1.44,1.0,1.44,1.0,1.44,1.0,0.0,0.0,0.0,0.0
2018-09-06,0.0,0.0,0.0,0.0,0.0,0.0,0.0,0.0,0.0,0.0
2018-09-07,0.0,0.0,0.0,0.0,0.0,0.0,0.0,0.0,0.0,0.0
2018-09-08,0.0,0.0,0.0,0.0,0.0,0.0,0.0,0.0,0.0,0.0
2018-09-09,0.0,0.0,0.0,0.0,0.0,0.0,0.0,0.0,0.0,0.0
2018-09-10,0.78,1.0,0.78,1.0,3.82,2.0,0.0,0.0,0.0,0.0
2018-09-11,0.0,0.0,0.0,0.0,1.17,1.0,0.0,0.0,0.0,0.0
2018-09-12,0.0,0.0,0.0,0.0,1.08,1.0,0.0,0.0,0.0,0.0
2018-09-13,0.0,0.0,0.82,1.0,0.82,1.0,0.0,0.0,0.0,0.0
2018-09-14,0.59,1.0,0.59,1.0,9.71,3.0,0.0,0.0,0.0,0.0
2018-09-15,2.63,2.0,2.63,2.0,25.42,8.0,0.0,0.0,0.0,0.0
2018-09-16,0.0,0.0,0.0,0.0,11.0,3.0,0.0,0.0,0.0,0.0
2018-09-17,0.0,0.0,0.0,0.0,0.0,0.0,0.0,0.0,0.0,0.0
2018-09-18,0.79,1.0,0.79,1.0,17.77,3.0,0.0,0.0,0.0,0.0
2018-09-19,0.0,0.0,0.0,0.0,27.92,5.0,0.0,0.0,0.0,0.0
2018-09-20,3.64,1.0,3.64,1.0,60.67,11.0,0.0,0.0,0.0,0.0
2018-09-21,0.0,0.0,4.34,1.0,158.8,35.0,0.0,0.0,0.0,0.0
2018-09-22,0.0,0.0,0.0,0.0,0.0,0.0,0.0,0.0,0.0,0.0
2018-09-23,0.0,0.0,0.0,0.0,0.0,0.0,0.0,0.0,0.0,0.0
2018-09-24,0.0,0.0,0.0,0.0,0.35,1.0,0.0,0.0,0.0,0.0
2018-09-25,0.0,0.0,0.0,0.0,0.0,0.0,0.0,0.0,0.0,0.0
2018-09-26,0.0,0.0,1.94,1.0,1.94,1.0,0.0,0.0,0.0,0.0
2018-09-27,1.25,1.0,1.25,1.0,1.25,1.0,0.0,0.0,0.0,0.0
2018-09-28,0.0,0.0,0.0,0.0,0.0,0.0,0.0,0.0,0.0,0.0
2018-09-29,0.0,0.0,3.45,1.0,3.45,1.0,0.0,0.0,0.0,0.0
2018-09-30,0.0,0.0,11.54,1.0,18.86,2.0,0.0,0.0,0.0,0.0
2018-10-01,4.32,5.0,21.63,9.0,46.71,16.0,0.0,0.0,0.0,0.0
2018-10-02,8.46,2.0,8.46,2.0,82.99,26.0,0.0,0.0,0.0,0.0
2018-10-03,0.0,0.0,2.72,1.0,24.62,6.0,0.0,0.0,0.0,0.0
2018-10-04,1.1,2.0,1.1,2.0,49.44,18.0,0.0,0.0,0.0,0.0
2018-10-05,0.0,0.0,4.68,1.0,120.17,23.0,0.0,0.0,0.0,0.0
2018-10-06,1.87,3.0,26.67,8.0,303.71,71.0,0.0,0.0,0.0,0.0
2018-10-07,10.59,6.0,70.93,28.0,741.29,217.0,0.0,0.0,0.0,0.0
2018-10-08,1.4,1.0,15.39,5.0,189.82,49.0,0.0,0.0,0.0,0.0
2018-10-09,0.0,0.0,16.96,5.0,214.63,50.0,0.0,0.0,0.0,0.0
2018-10-10,0.0,0.0,47.57,8.0,193.17,36.0,0.0,0.0,0.0,0.0
2018-10-11,14.65,3.0,57.42,11.0,378.48,89.0,0.0,0.0,0.0,0.0
2018-10-12,4.98,3.0,83.2,23.0,628.88,168.0,0.0,0.0,0.0,0.0
2018-10-13,1.74,2.0,125.34,26.0,827.85,179.0,0.0,0.0,0.0,0.0
2018-10-14,26.81,4.0,165.26,24.0,881.05,152.0,0.0,0.0,0.0,0.0
2018-10-15,0.0,0.0,80.33,11.0,610.4,116.0,0.0,0.0,0.0,0.0
2018-10-16,1.2,2.0,34.95,6.0,699.03,140.0,0.0,0.0,0.0,0.0
2018-10-17,1.07,2.0,299.61,57.0,1614.98,323.0,0.0,0.0,0.0,0.0
2018-10-18,17.14,7.0,205.2,56.0,1566.35,347.0,0.0,0.0,0.0,0.0
2018-10-19,7.24,2.0,238.23,53.0,1398.67,252.0,0.0,0.0,0.0,0.0
2018-10-20,0.0,0.0,101.3,20.0,1109.48,196.0,0.0,0.0,0.0,0.0
2018-10-21,14.13,5.0,216.51,33.0,1724.99,261.0,0.0,0.0,0.0,0.0
2018-10-22,4.91,4.0,367.01,59.0,1213.2,209.0,0.0,0.0,0.0,0.0
2018-10-23,8.32,3.0,276.37,61.0,1455.76,307.0,0.0,0.0,0.0,0.0
2018-10-24,0.0,0.0,223.97,34.0,1282.36,226.0,0.0,0.0,0.0,0.0
2018-10-25,0.0,0.0,233.13,54.0,1092.8,216.0,0.0,0.0,0.0,0.0
2018-10-26,1.99,3.0,63.58,14.0,986.66,189.0,0.0,0.0,0.0,0.0
2018-10-27,11.67,6.0,267.41,60.0,1653.53,262.0,0.0,0.0,0.0,0.0
2018-10-28,4.27,2.0,616.92,124.0,2306.8,451.0,0.0,0.0,0.0,0.0
2018-10-29,3.42,1.0,306.4,50.0,1150.08,219.0,0.0,0.0,0.0,0.0
2018-10-30,0.0,0.0,97.9,21.0,467.81,94.0,0.0,0.0,0.0,0.0
2018-10-31,0.0,0.0,316.39,42.0,1292.9,219.0,0.0,0.0,0.0,0.0
2018-11-01,2.92,1.0,192.77,39.0,1295.97,210.0,0.0,0.0,0.0,0.0
2018-11-02,1.98,4.0,315.27,66.0,1481.23,287.0,0.0,0.0,0.0,0.0
2018-11-03,11.88,4.0,289.23,56.0,1119.24,203.0,0.0,0.0,0.0,0.0
2018-11-04,1.75,1.0,108.95,26.0,590.0,91.0,0.0,0.0,0.0,0.0
2018-11-05,0.0,0.0,21.89,4.0,396.98,83.0,0.0,0.0,0.0,0.0
2018-11-06,6.03,8.0,131.97,38.0,1214.51,188.0,0.0,0.0,0.0,0.0
2018-11-07,47.48,12.0,96.42,27.0,1998.8,337.0,0.0,0.0,0.0,0.0
2018-11-08,7.27,4.0,55.48,23.0,1414.05,299.0,0.0,0.0,0.0,0.0
2018-11-09,23.33,7.0,72.2,16.0,450.81,100.0,0.0,0.0,0.0,0.0
2018-11-10,4.69,3.0,17.49,6.0,345.23,66.0,0.0,0.0,0.0,0.0
2018-11-11,1.06,2.0,9.78,6.0,441.66,111.0,0.0,0.0,0.0,0.0
2018-11-12,3.06,2.0,31.72,11.0,836.64,123.0,0.0,0.0,0.0,0.0
2018-11-13,15.51,5.0,35.49,13.0,973.33,197.0,0.0,0.0,0.0,0.0
2018-11-14,1.35,1.0,8.88,5.0,921.13,139.0,0.0,0.0,0.0,0.0
2018-11-15,0.0,0.0,8.67,4.0,285.55,56.0,0.0,0.0,0.0,0.0
2018-11-16,7.05,3.0,25.81,7.0,499.09,84.0,0.0,0.0,0.0,0.0
2018-11-17,7.79,3.0,20.09,5.0,431.68,94.0,0.0,0.0,0.0,0.0
2018-11-18,6.36,3.0,38.42,14.0,589.8,136.0,0.0,0.0,0.0,0.0
2018-11-19,0.46,1.0,1.17,2.0,265.86,58.0,0.0,0.0,0.0,0.0
2018-11-20,8.46,3.0,83.35,15.0,274.73,53.0,0.0,0.0,0.0,0.0
2018-11-21,0.0,0.0,0.0,0.0,196.18,33.0,0.0,0.0,0.0,0.0
2018-11-22,0.64,1.0,48.86,16.0,210.63,44.0,0.0,0.0,0.0,0.0
2018-11-23,1.04,2.0,37.73,14.0,322.89,79.0,0.0,0.0,0.0,0.0
2018-11-24,5.63,3.0,123.17,20.0,271.7,68.0,0.0,0.0,0.0,0.0
2018-11-25,7.3,2.0,39.7,11.0,172.0,49.0,0.0,0.0,0.0,0.0
2018-11-26,2.93,1.0,10.84,2.0,52.19,15.0,0.0,0.0,0.0,0.0
2018-11-27,3.37,1.0,39.61,11.0,59.51,15.0,0.0,0.0,0.0,0.0
2018-11-28,29.73,8.0,83.37,21.0,157.64,45.0,0.0,0.0,0.0,0.0
2018-11-29,36.44,8.0,145.64,44.0,220.31,70.0,0.0,0.0,0.0,0.0
2018-11-30,8.66,3.0,55.72,14.0,150.59,46.0,0.0,0.0,0.0,0.0
2018-12-01,4.19,2.0,36.89,12.0,112.07,30.0,0.0,0.0,0.0,0.0
2018-12-02,3.82,1.0,21.54,7.0,64.07,21.0,0.0,0.0,0.0,0.0
2018-12-03,0.0,0.0,24.34,6.0,79.35,23.0,0.0,0.0,0.0,0.0
2018-12-04,19.1,9.0,168.23,46.0,262.95,72.0,0.0,0.0,0.0,0.0
2018-12-05,10.35,6.0,127.31,44.0,251.63,92.0,0.0,0.0,0.0,0.0
2018-12-06,4.17,1.0,56.34,20.0,119.32,46.0,0.0,0.0,0.0,0.0
2018-12-07,11.49,5.0,47.93,17.0,116.92,41.0,0.0,0.0,0.0,0.0
2018-12-08,14.93,6.0,33.96,15.0,120.87,44.0,0.0,0.0,0.0,0.0
2018-12-09,55.33,13.0,159.61,39.0,321.88,77.0,0.0,0.0,0.0,0.0
2018-12-10,30.09,10.0,119.98,39.0,221.65,80.0,0.0,0.0,0.0,0.0
2018-12-11,5.32,2.0,60.45,17.0,156.82,41.0,0.0,0.0,0.0,0.0
2018-12-12,5.19,1.0,6.91,2.0,6.91,2.0,0.0,0.0,0.0,0.0
2018-12-13,2.68,2.0,17.53,8.0,29.17,13.0,0.0,0.0,0.0,0.0
2018-12-14,32.13,11.0,56.97,20.0,135.3,44.0,0.0,0.0,0.0,0.0
2018-12-15,20.52,8.0,158.29,60.0,297.42,111.0,0.0,0.0,0.0,0.0
2018-12-16,29.42,9.0,134.45,49.0,299.39,99.0,0.0,0.0,0.0,0.0
2018-12-17,0.93,1.0,18.98,8.0,72.67,28.0,0.0,0.0,0.0,0.0
2018-12-18,37.64,10.0,47.22,14.0,85.69,32.0,0.0,0.0,0.0,0.0
2018-12-19,31.72,6.0,90.29,21.0,170.0,45.0,0.0,0.0,0.0,0.0
2018-12-20,33.79,14.0,175.12,56.0,342.45,106.0,0.0,0.0,0.0,0.0
2018-12-21,38.49,14.0,122.04,44.0,219.93,79.0,0.0,0.0,0.0,0.0
2018-12-22,11.94,5.0,126.14,41.0,191.96,62.0,0.0,0.0,0.0,0.0
2018-12-23,18.77,5.0,77.1,16.0,131.33,33.0,0.0,0.0,0.0,0.0
2018-12-24,26.02,10.0,52.5,22.0,141.56,53.0,0.0,0.0,0.0,0.0
2018-12-25,8.76,4.0,48.52,13.0,193.83,47.0,0.0,0.0,0.0,0.0
2018-12-26,24.97,9.0,98.88,35.0,224.34,74.0,0.0,0.0,0.0,0.0
2018-12-27,19.47,6.0,111.66,28.0,187.07,57.0,0.0,0.0,0.0,0.0
2018-12-28,3.46,2.0,13.38,6.0,27.03,12.0,0.0,0.0,0.0,0.0
2018-12-29,17.5,4.0,77.85,23.0,101.86,31.0,0.0,0.0,0.0,0.0
2018-12-30,28.32,9.0,104.99,32.0,211.22,59.0,0.0,0.0,0.0,0.0
2018-12-31,20.8,10.0,116.09,39.0,217.32,71.0,0.0,0.0,0.0,0.0
2019-01-01,17.51,6.0,87.37,31.0,188.43,66.0,0.0,0.0,0.0,0.0
2019-01-02,0.0,0.0,43.11,12.0,111.57,35.0,0.0,0.0,0.0,0.0
2019-01-03,0.0,0.0,22.26,6.0,64.63,19.0,0.0,0.0,0.0,0.0
2019-01-04,0.55,1.0,7.15,2.0,7.15,2.0,0.0,0.0,0.0,0.0
2019-01-05,6.92,3.0,41.11,17.0,86.01,30.0,0.0,0.0,0.0,0.0
2019-01-06,2.77,1.0,15.64,7.0,64.51,20.0,0.0,0.0,0.0,0.0
2019-01-07,5.11,1.0,18.17,7.0,60.58,19.0,0.0,0.0,0.0,0.0
2019-01-08,3.17,4.0,6.81,5.0,10.62,8.0,0.0,0.0,0.0,0.0
2019-01-09,16.37,6.0,40.54,14.0,89.36,27.0,0.0,0.0,0.0,0.0
2019-01-10,27.27,8.0,38.86,12.0,95.38,24.0,0.0,0.0,0.0,0.0
2019-01-11,28.85,13.0,118.88,42.0,224.08,75.0,0.0,0.0,0.0,0.0
2019-01-12,29.39,6.0,64.96,16.0,134.37,35.0,0.0,0.0,0.0,0.0
2019-01-13,8.97,5.0,17.45,8.0,63.89,19.0,0.0,0.0,0.0,0.0
2019-01-14,11.32,3.0,33.42,8.0,156.47,33.0,0.0,0.0,0.0,0.0
2019-01-15,0.0,0.0,2.62,3.0,2.62,3.0,0.0,0.0,0.0,0.0
2019-01-16,7.22,1.0,22.27,8.0,37.46,15.0,0.0,0.0,0.0,0.0
2019-01-17,60.68,11.0,121.84,33.0,169.7,53.0,0.0,0.0,0.0,0.0
2019-01-18,0.0,0.0,7.94,2.0,74.37,15.0,0.0,0.0,0.0,0.0
2019-01-19,3.91,1.0,18.19,5.0,29.15,9.0,0.0,0.0,0.0,0.0
2019-01-20,16.93,3.0,41.83,8.0,99.44,23.0,0.0,0.0,0.0,0.0
2019-01-21,0.0,0.0,48.14,2.0,52.89,4.0,0.0,0.0,0.0,0.0
2019-01-22,0.0,0.0,0.0,0.0,0.0,0.0,0.0,0.0,0.0,0.0
2019-01-23,0.0,0.0,0.0,0.0,0.0,0.0,0.0,0.0,0.0,0.0
2019-01-24,0.0,0.0,0.0,0.0,0.0,0.0,0.0,0.0,0.0,0.0
2019-01-25,0.0,0.0,0.0,0.0,8.2,4.0,0.0,0.0,0.0,0.0
2019-01-26,9.63,4.0,28.31,9.0,59.2,20.0,0.0,0.0,0.0,0.0
2019-01-27,0.0,0.0,22.26,6.0,75.26,23.0,0.0,0.0,0.0,0.0
2019-01-28,19.94,4.0,71.22,14.0,140.73,28.0,0.0,0.0,0.0,0.0
2019-01-29,10.43,4.0,29.91,9.0,91.13,28.0,0.0,0.0,0.0,0.0
2019-01-30,0.0,0.0,2.37,1.0,2.37,1.0,0.0,0.0,0.0,0.0
2019-01-31,9.18,3.0,24.06,6.0,42.46,9.0,0.0,0.0,0.0,0.0
2019-02-01,2.57,1.0,43.06,12.0,94.99,29.0,0.0,0.0,0.0,0.0
2019-02-02,17.33,4.0,58.02,18.0,151.82,49.0,0.0,0.0,0.0,0.0
2019-02-03,0.0,0.0,3.24,1.0,15.68,6.0,0.0,0.0,0.0,0.0
2019-02-04,10.76,3.0,31.96,11.0,55.96,20.0,0.0,0.0,0.0,0.0
2019-02-05,0.0,0.0,11.69,2.0,53.12,16.0,0.0,0.0,0.0,0.0
2019-02-06,9.68,4.0,42.83,17.0,153.42,38.0,0.0,0.0,0.0,0.0
2019-02-07,0.0,0.0,0.0,0.0,0.0,0.0,0.0,0.0,0.0,0.0
2019-02-08,0.7,2.0,0.7,2.0,0.7,2.0,0.0,0.0,0.0,0.0
2019-02-09,0.0,0.0,0.0,0.0,16.6,4.0,0.0,0.0,0.0,0.0
2019-02-10,1.97,1.0,21.31,4.0,39.21,7.0,0.0,0.0,0.0,0.0
2019-02-11,5.06,2.0,34.81,9.0,91.6,20.0,0.0,0.0,0.0,0.0
2019-02-12,18.53,1.0,33.97,8.0,132.61,29.0,0.0,0.0,0.0,0.0
2019-02-13,0.0,0.0,13.07,3.0,22.23,6.0,0.0,0.0,0.0,0.0
2019-02-14,0.0,0.0,0.0,0.0,1.64,1.0,0.0,0.0,0.0,0.0
2019-02-15,0.0,0.0,0.0,0.0,0.0,0.0,0.0,0.0,0.0,0.0
2019-02-16,0.0,0.0,0.0,0.0,7.47,2.0,0.0,0.0,0.0,0.0
2019-02-17,4.21,2.0,19.81,7.0,25.87,10.0,0.0,0.0,0.0,0.0
2019-02-18,0.0,0.0,6.26,2.0,58.29,14.0,0.0,0.0,0.0,0.0
2019-02-19,0.0,0.0,3.61,1.0,30.14,7.0,0.0,0.0,0.0,0.0
2019-02-20,0.0,0.0,0.0,0.0,0.0,0.0,0.0,0.0,0.0,0.0
2019-02-21,0.32,1.0,1.24,2.0,12.09,5.0,0.0,0.0,0.0,0.0
2019-02-22,8.6,4.0,45.08,16.0,106.11,37.0,0.0,0.0,0.0,0.0
2019-02-23,12.66,5.0,37.44,14.0,167.17,55.0,0.0,0.0,0.0,0.0
2019-02-24,7.89,6.0,84.51,33.0,228.79,54.0,0.0,0.0,0.0,0.0
2019-02-25,2.87,1.0,65.32,10.0,129.32,31.0,0.0,0.0,0.0,0.0
2019-02-26,0.0,0.0,0.0,0.0,7.32,1.0,0.0,0.0,0.0,0.0
2019-02-27,0.57,1.0,23.06,5.0,40.86,8.0,0.0,0.0,0.0,0.0
2019-02-28,13.46,7.0,35.16,16.0,84.24,36.0,0.0,0.0,0.0,0.0
2019-03-01,14.46,3.0,34.66,8.0,97.56,21.0,0.0,0.0,0.0,0.0
2019-03-02,0.0,0.0,0.0,0.0,0.0,0.0,0.0,0.0,0.0,0.0
2019-03-03,0.0,0.0,0.0,0.0,0.0,0.0,0.0,0.0,0.0,0.0
2019-03-04,4.58,5.0,22.1,11.0,24.92,12.0,0.0,0.0,0.0,0.0
2019-03-05,2.82,2.0,32.93,12.0,80.75,29.0,0.0,0.0,0.0,0.0
2019-03-06,8.39,5.0,39.32,13.0,156.42,37.0,0.0,0.0,0.0,0.0
2019-03-07,2.32,1.0,25.48,7.0,132.21,25.0,0.0,0.0,0.0,0.0
2019-03-08,0.0,0.0,49.15,3.0,61.21,7.0,0.0,0.0,0.0,0.0
2019-03-09,11.7,5.0,21.55,8.0,151.84,22.0,0.0,0.0,0.0,0.0
2019-03-10,1.27,2.0,38.53,14.0,140.97,34.0,0.0,0.0,0.0,0.0
2019-03-11,1.92,1.0,16.29,6.0,38.99,12.0,0.0,0.0,0.0,0.0
2019-03-12,0.0,0.0,12.24,3.0,26.55,7.0,0.0,0.0,0.0,0.0
2019-03-13,0.0,0.0,0.0,0.0,1.34,2.0,0.0,0.0,0.0,0.0
2019-03-14,0.73,2.0,1.26,3.0,10.72,6.0,0.0,0.0,0.0,0.0
2019-03-15,1.87,3.0,15.22,10.0,75.81,31.0,0.0,0.0,0.0,0.0
2019-03-16,14.25,3.0,16.35,4.0,38.11,11.0,0.0,0.0,0.0,0.0
2019-03-17,14.17,3.0,39.08,7.0,98.58,27.0,0.0,0.0,0.0,0.0
2019-03-18,26.15,7.0,32.27,9.0,61.49,18.0,0.0,0.0,0.0,0.0
2019-03-19,7.6,3.0,34.42,9.0,55.21,13.0,0.0,0.0,0.0,0.0
2019-03-20,0.96,2.0,3.39,4.0,48.48,26.0,0.0,0.0,0.0,0.0
2019-03-21,1.41,1.0,42.93,11.0,63.23,15.0,0.0,0.0,0.0,0.0
2019-03-22,3.09,1.0,30.29,9.0,93.96,24.0,0.0,0.0,0.0,0.0
2019-03-23,7.99,2.0,11.7,4.0,45.67,14.0,0.0,0.0,0.0,0.0
2019-03-24,0.0,0.0,0.0,0.0,26.17,9.0,0.0,0.0,0.0,0.0
2019-03-25,0.0,0.0,11.86,3.0,26.55,8.0,0.0,0.0,0.0,0.0
2019-03-26,3.73,4.0,8.98,6.0,32.63,15.0,0.0,0.0,0.0,0.0
2019-03-27,2.52,4.0,11.93,6.0,47.29,17.0,0.0,0.0,0.0,0.0
2019-03-28,0.0,0.0,9.47,2.0,35.71,9.0,0.0,0.0,0.0,0.0
2019-03-29,18.47,4.0,23.32,5.0,38.6,9.0,0.0,0.0,0.0,0.0
2019-03-30,0.0,0.0,3.25,2.0,30.66,7.0,0.0,0.0,0.0,0.0
2019-03-31,1.53,3.0,36.6,7.0,64.1,18.0,0.0,0.0,0.0,0.0
2019-04-01,9.12,4.0,26.47,9.0,75.44,24.0,0.0,0.0,0.0,0.0
2019-04-02,0.0,0.0,0.44,1.0,237.24,25.0,0.0,0.0,0.0,0.0
2019-04-03,1.89,2.0,16.74,7.0,41.9,12.0,0.0,0.0,0.0,0.0
2019-04-04,7.59,3.0,29.46,6.0,32.79,7.0,0.0,0.0,0.0,0.0
2019-04-05,2.5,2.0,4.21,3.0,69.41,13.0,0.0,0.0,0.0,0.0
2019-04-06,5.25,1.0,10.26,3.0,38.65,11.0,0.0,0.0,0.0,0.0
2019-04-07,8.12,2.0,8.12,2.0,17.68,6.0,0.0,0.0,0.0,0.0
2019-04-08,0.0,0.0,9.46,4.0,24.32,6.0,0.0,0.0,0.0,0.0
2019-04-09,0.0,0.0,1.65,1.0,55.1,16.0,0.0,0.0,0.0,0.0
2019-04-10,0.0,0.0,2.41,1.0,86.28,11.0,0.0,0.0,0.0,0.0
2019-04-11,8.18,3.0,18.19,7.0,70.27,16.0,0.0,0.0,0.0,0.0
2019-04-12,0.0,0.0,3.8,4.0,20.49,8.0,0.0,0.0,0.0,0.0
2019-04-13,3.2,3.0,10.66,5.0,48.5,14.0,0.0,0.0,0.0,0.0
2019-04-14,0.0,0.0,8.11,6.0,20.32,15.0,0.0,0.0,0.0,0.0
2019-04-15,1.01,1.0,1.01,1.0,32.56,10.0,0.0,0.0,0.0,0.0
2019-04-16,0.0,0.0,0.0,0.0,0.0,0.0,0.0,0.0,0.0,0.0
2019-04-17,0.0,0.0,2.89,2.0,2.89,2.0,0.0,0.0,0.0,0.0
2019-04-18,0.0,0.0,0.53,1.0,4.36,2.0,0.0,0.0,0.0,0.0
2019-04-19,0.0,0.0,16.45,6.0,25.09,10.0,0.0,0.0,0.0,0.0
2019-04-20,0.0,0.0,24.03,4.0,49.13,9.0,0.0,0.0,0.0,0.0
2019-04-21,21.84,3.0,35.08,4.0,109.0,21.0,0.0,0.0,0.0,0.0
2019-04-22,23.52,6.0,60.91,14.0,196.83,27.0,0.0,0.0,0.0,0.0
2019-04-23,6.72,2.0,18.4,5.0,74.86,23.0,0.0,0.0,0.0,0.0
2019-04-24,59.61,4.0,160.68,13.0,173.52,18.0,0.0,0.0,0.0,0.0
2019-04-25,10.86,2.0,82.85,15.0,143.96,25.0,0.0,0.0,0.0,0.0
2019-04-26,13.39,2.0,120.66,18.0,725.88,83.0,0.0,0.0,0.0,0.0
2019-04-27,80.44,11.0,1233.78,90.0,6718.17,329.0,0.0,0.0,0.0,0.0
2019-04-28,0.9,1.0,19.7,14.0,2247.41,101.0,0.0,0.0,0.0,0.0
2019-04-29,51.86,5.0,274.75,27.0,494.53,77.0,0.0,0.0,0.0,0.0
2019-04-30,19.84,6.0,409.58,67.0,1216.07,183.0,0.0,0.0,0.0,0.0
2019-05-01,45.67,10.0,308.36,63.0,581.39,138.0,0.0,0.0,0.0,0.0
2019-05-02,0.0,0.0,212.27,32.0,696.98,100.0,0.0,0.0,0.0,0.0
2019-05-03,27.67,4.0,76.82,15.0,258.86,66.0,0.0,0.0,0.0,0.0
2019-05-04,158.14,8.0,1651.56,131.0,3137.94,297.0,0.0,0.0,0.0,0.0
2019-05-05,182.6,42.0,1631.16,260.0,4138.86,522.0,0.0,0.0,0.0,0.0
2019-05-06,210.07,29.0,2592.31,284.0,5342.9,611.0,0.0,0.0,0.0,0.0
2019-05-07,85.5,23.0,1268.59,199.0,3830.0,482.0,0.0,0.0,0.0,0.0
2019-05-08,261.55,36.0,1576.8,254.0,4260.64,722.0,0.0,0.0,0.0,0.0
2019-05-09,79.57,14.0,665.88,113.0,4302.26,514.0,0.0,0.0,0.0,0.0
2019-05-10,85.14,24.0,1008.57,178.0,4055.16,645.0,0.0,0.0,0.0,0.0
2019-05-11,80.14,10.0,723.17,118.0,2275.31,445.0,0.0,0.0,0.0,0.0
2019-05-12,44.49,10.0,250.92,55.0,1982.07,426.0,0.0,0.0,0.0,0.0
2019-05-13,96.11,11.0,1033.45,130.0,5209.72,586.0,0.0,0.0,0.0,0.0
2019-05-14,36.85,6.0,130.98,26.0,411.72,92.0,0.0,0.0,0.0,0.0
2019-05-15,8.7,3.0,74.89,18.0,279.88,61.0,0.0,0.0,0.0,0.0
2019-05-16,17.92,5.0,154.86,36.0,689.19,143.0,0.0,0.0,0.0,0.0
2019-05-17,75.56,15.0,398.73,52.0,1308.79,188.0,0.0,0.0,0.0,0.0
2019-05-18,62.74,11.0,156.5,30.0,1455.19,276.0,0.0,0.0,0.0,0.0
2019-05-19,38.72,4.0,159.75,25.0,1063.35,208.0,0.0,0.0,0.0,0.0
2019-05-20,135.09,13.0,356.08,58.0,760.46,133.0,0.0,0.0,0.0,0.0
2019-05-21,12.74,5.0,101.96,30.0,932.2,217.0,0.0,0.0,0.0,0.0
2019-05-22,0.0,0.0,118.57,16.0,704.43,137.0,0.0,0.0,0.0,0.0
2019-05-23,30.25,6.0,84.46,20.0,342.24,55.0,0.0,0.0,0.0,0.0
2019-05-24,0.73,1.0,2.26,2.0,118.55,28.0,0.0,0.0,0.0,0.0
2019-05-25,25.63,5.0,99.0,19.0,953.42,126.0,0.0,0.0,0.0,0.0
2019-05-26,30.0,4.0,123.86,12.0,694.35,88.0,0.0,0.0,0.0,0.0
2019-05-27,38.83,7.0,95.45,16.0,799.1,141.0,0.0,0.0,0.0,0.0
2019-05-28,68.81,10.0,117.81,20.0,572.95,100.0,0.0,0.0,0.0,0.0
2019-05-29,8.78,2.0,71.44,12.0,499.73,103.0,0.0,0.0,0.0,0.0
2019-05-30,0.0,0.0,0.0,0.0,336.45,62.0,0.0,0.0,0.0,0.0
2019-05-31,0.0,0.0,12.19,2.0,258.83,40.0,0.0,0.0,0.0,0.0
2019-06-01,7.87,1.0,14.53,3.0,240.99,43.0,0.0,0.0,0.0,0.0
2019-06-02,2.67,1.0,47.84,4.0,96.77,20.0,0.0,0.0,0.0,0.0
2019-06-03,0.46,1.0,101.35,6.0,155.04,23.0,0.0,0.0,0.0,0.0
2019-06-04,8.49,3.0,8.49,3.0,70.56,15.0,0.0,0.0,0.0,0.0
2019-06-05,2.48,1.0,21.75,5.0,43.06,12.0,0.0,0.0,0.0,0.0
2019-06-06,26.25,4.0,44.51,11.0,55.48,14.0,0.0,0.0,0.0,0.0
2019-06-07,0.0,0.0,5.87,1.0,54.03,11.0,0.0,0.0,0.0,0.0
2019-06-08,0.0,0.0,15.75,2.0,78.55,19.0,0.0,0.0,0.0,0.0
2019-06-09,0.0,0.0,6.5,1.0,75.5,25.0,0.0,0.0,0.0,0.0
2019-06-10,5.83,1.0,7.61,2.0,107.59,18.0,0.0,0.0,0.0,0.0
2019-06-11,0.0,0.0,2.49,1.0,41.25,12.0,0.0,0.0,0.0,0.0
2019-06-12,0.0,0.0,0.0,0.0,11.99,4.0,0.0,0.0,0.0,0.0
2019-06-13,2.08,1.0,7.74,3.0,34.32,12.0,0.0,0.0,0.0,0.0
2019-06-14,18.13,5.0,25.91,7.0,142.05,38.0,0.0,0.0,0.0,0.0
2019-06-15,0.0,0.0,0.0,0.0,144.69,33.0,0.0,0.0,0.0,0.0
2019-06-16,0.0,0.0,0.0,0.0,0.94,1.0,0.0,0.0,0.0,0.0
2019-06-17,0.0,0.0,0.0,0.0,2.75,1.0,0.0,0.0,0.0,0.0
2019-06-18,0.57,1.0,0.57,1.0,2.42,2.0,0.0,0.0,0.0,0.0
2019-06-19,7.9,2.0,19.93,3.0,22.14,5.0,0.0,0.0,0.0,0.0
2019-06-20,1.35,1.0,2.67,2.0,25.61,10.0,0.0,0.0,0.0,0.0
2019-06-21,0.0,0.0,0.0,0.0,5.43,3.0,0.0,0.0,0.0,0.0
2019-06-22,2.34,1.0,3.56,2.0,48.74,13.0,0.0,0.0,0.0,0.0
2019-06-23,0.0,0.0,0.0,0.0,30.35,7.0,0.0,0.0,0.0,0.0
2019-06-24,0.0,0.0,1.69,1.0,23.31,5.0,0.0,0.0,0.0,0.0
2019-06-25,0.0,0.0,5.74,2.0,29.19,6.0,0.0,0.0,0.0,0.0
2019-06-26,0.0,0.0,6.78,2.0,12.48,4.0,0.0,0.0,0.0,0.0
2019-06-27,7.66,2.0,7.66,2.0,12.11,4.0,0.0,0.0,0.0,0.0
2019-06-28,0.0,0.0,6.75,2.0,30.87,7.0,0.0,0.0,0.0,0.0
2019-06-29,0.0,0.0,37.1,6.0,50.28,11.0,0.0,0.0,0.0,0.0
2019-06-30,4.84,2.0,15.96,4.0,40.31,8.0,0.0,0.0,0.0,0.0
2019-07-01,0.0,0.0,0.0,0.0,0.0,0.0,0.0,0.0,0.0,0.0
2019-07-02,0.0,0.0,0.0,0.0,3.69,2.0,0.0,0.0,0.0,0.0
2019-07-03,4.81,1.0,9.62,2.0,15.28,4.0,0.0,0.0,0.0,0.0
2019-07-04,0.0,0.0,0.0,0.0,0.0,0.0,0.0,0.0,0.0,0.0
2019-07-05,0.0,0.0,0.0,0.0,0.0,0.0,0.0,0.0,0.0,0.0
2019-07-06,0.0,0.0,0.0,0.0,0.0,0.0,0.0,0.0,0.0,0.0
2019-07-07,0.0,0.0,0.0,0.0,0.0,0.0,0.0,0.0,0.0,0.0
2019-07-08,0.0,0.0,0.0,0.0,0.0,0.0,0.0,0.0,0.0,0.0
2019-07-09,0.0,0.0,0.0,0.0,0.0,0.0,0.0,0.0,0.0,0.0
2019-07-10,0.0,0.0,0.0,0.0,0.0,0.0,0.0,0.0,0.0,0.0
2019-07-11,0.0,0.0,0.0,0.0,4.86,2.0,0.0,0.0,0.0,0.0
2019-07-12,0.0,0.0,0.0,0.0,0.0,0.0,0.0,0.0,0.0,0.0
2019-07-13,0.0,0.0,0.0,0.0,0.0,0.0,0.0,0.0,0.0,0.0
2019-07-14,0.0,0.0,0.0,0.0,0.0,0.0,0.0,0.0,0.0,0.0
2019-07-15,0.0,0.0,0.0,0.0,0.0,0.0,0.0,0.0,0.0,0.0
2019-07-16,0.0,0.0,0.0,0.0,0.0,0.0,0.0,0.0,0.0,0.0
2019-07-17,0.0,0.0,0.0,0.0,0.0,0.0,0.0,0.0,0.0,0.0
2019-07-18,0.0,0.0,0.0,0.0,2.59,1.0,0.0,0.0,0.0,0.0
2019-07-19,0.0,0.0,0.0,0.0,0.0,0.0,0.0,0.0,0.0,0.0
2019-07-20,1.73,2.0,2.78,3.0,2.78,3.0,0.0,0.0,0.0,0.0
2019-07-21,0.0,0.0,0.0,0.0,1.33,1.0,0.0,0.0,0.0,0.0
2019-07-22,0.0,0.0,2.75,1.0,2.75,1.0,0.0,0.0,0.0,0.0
2019-07-23,0.0,0.0,0.0,0.0,6.81,1.0,0.0,0.0,0.0,0.0
2019-07-24,0.0,0.0,0.0,0.0,0.0,0.0,0.0,0.0,0.0,0.0
2019-07-25,0.0,0.0,0.0,0.0,0.0,0.0,0.0,0.0,0.0,0.0
2019-07-26,0.0,0.0,0.0,0.0,0.0,0.0,0.0,0.0,0.0,0.0
2019-07-27,0.0,0.0,0.0,0.0,0.0,0.0,0.0,0.0,0.0,0.0
2019-07-28,0.0,0.0,0.0,0.0,0.0,0.0,0.0,0.0,0.0,0.0
2019-07-29,0.0,0.0,0.0,0.0,0.0,0.0,0.0,0.0,0.0,0.0
2019-07-30,0.0,0.0,0.0,0.0,0.0,0.0,0.0,0.0,0.0,0.0
2019-07-31,0.0,0.0,0.0,0.0,0.0,0.0,0.0,0.0,0.0,0.0
2019-08-01,0.0,0.0,0.0,0.0,0.0,0.0,0.0,0.0,0.0,0.0
2019-08-02,0.0,0.0,0.0,0.0,0.0,0.0,0.0,0.0,0.0,0.0
2019-08-03,0.0,0.0,0.0,0.0,0.0,0.0,0.0,0.0,0.0,0.0
2019-08-04,0.0,0.0,0.0,0.0,2.68,1.0,0.0,0.0,0.0,0.0
2019-08-05,0.0,0.0,0.0,0.0,0.0,0.0,0.0,0.0,0.0,0.0
2019-08-06,0.0,0.0,0.0,0.0,0.0,0.0,0.0,0.0,0.0,0.0
2019-08-07,0.0,0.0,0.0,0.0,0.0,0.0,0.0,0.0,0.0,0.0
2019-08-08,0.0,0.0,0.0,0.0,3.94,1.0,0.0,0.0,0.0,0.0
2019-08-09,2.74,2.0,2.74,2.0,7.26,3.0,0.0,0.0,0.0,0.0
2019-08-10,1.5,1.0,1.5,1.0,1.5,1.0,0.0,0.0,0.0,0.0
2019-08-11,0.0,0.0,0.0,0.0,0.0,0.0,0.0,0.0,0.0,0.0
2019-08-12,0.0,0.0,0.0,0.0,0.0,0.0,0.0,0.0,0.0,0.0
2019-08-13,0.0,0.0,0.0,0.0,0.0,0.0,0.0,0.0,0.0,0.0
2019-08-14,0.0,0.0,0.0,0.0,0.0,0.0,0.0,0.0,0.0,0.0
2019-08-15,0.0,0.0,0.0,0.0,0.0,0.0,0.0,0.0,0.0,0.0
2019-08-16,0.0,0.0,0.0,0.0,0.0,0.0,0.0,0.0,0.0,0.0
2019-08-17,0.0,0.0,0.0,0.0,0.0,0.0,0.0,0.0,0.0,0.0
2019-08-18,0.0,0.0,0.0,0.0,0.0,0.0,0.0,0.0,0.0,0.0
2019-08-19,0.0,0.0,0.0,0.0,0.0,0.0,0.0,0.0,0.0,0.0
2019-08-20,0.0,0.0,0.0,0.0,0.0,0.0,0.0,0.0,0.0,0.0
2019-08-21,0.0,0.0,0.0,0.0,2.18,1.0,0.0,0.0,0.0,0.0
2019-08-22,1.63,2.0,1.63,2.0,1.63,2.0,0.0,0.0,0.0,0.0
2019-08-23,0.0,0.0,0.0,0.0,2.89,2.0,0.0,0.0,0.0,0.0
2019-08-24,0.0,0.0,0.0,0.0,0.0,0.0,0.0,0.0,0.0,0.0
2019-08-25,18.65,6.0,18.65,6.0,18.65,6.0,0.0,0.0,0.0,0.0
2019-08-26,0.0,0.0,0.0,0.0,0.0,0.0,0.0,0.0,0.0,0.0
2019-08-27,0.0,0.0,0.0,0.0,0.0,0.0,0.0,0.0,0.0,0.0
2019-08-28,0.0,0.0,0.0,0.0,0.0,0.0,0.0,0.0,0.0,0.0
2019-08-29,0.0,0.0,0.0,0.0,0.0,0.0,0.0,0.0,0.0,0.0
2019-08-30,0.0,0.0,0.0,0.0,4.74,1.0,0.0,0.0,0.0,0.0
2019-08-31,0.0,0.0,0.0,0.0,0.0,0.0,0.0,0.0,0.0,0.0
2019-09-01,0.0,0.0,0.0,0.0,0.0,0.0,0.0,0.0,0.0,0.0
2019-09-02,2.25,2.0,2.25,2.0,8.57,4.0,0.0,0.0,0.0,0.0
2019-09-03,0.0,0.0,0.0,0.0,7.11,3.0,0.0,0.0,0.0,0.0
2019-09-04,0.0,0.0,0.0,0.0,0.0,0.0,0.0,0.0,0.0,0.0
2019-09-05,0.0,0.0,0.0,0.0,0.0,0.0,0.0,0.0,0.0,0.0
2019-09-06,0.0,0.0,0.0,0.0,0.0,0.0,0.0,0.0,0.0,0.0
2019-09-07,0.0,0.0,0.0,0.0,0.0,0.0,0.0,0.0,0.0,0.0
2019-09-08,2.21,1.0,2.21,1.0,7.38,2.0,0.0,0.0,0.0,0.0
2019-09-09,0.0,0.0,0.0,0.0,0.0,0.0,0.0,0.0,0.0,0.0
2019-09-10,0.0,0.0,0.0,0.0,0.74,1.0,0.0,0.0,0.0,0.0
2019-09-11,0.0,0.0,0.0,0.0,0.0,0.0,0.0,0.0,0.0,0.0
2019-09-12,0.0,0.0,0.0,0.0,0.0,0.0,0.0,0.0,0.0,0.0
2019-09-13,5.63,2.0,11.53,4.0,13.68,5.0,0.0,0.0,0.0,0.0
2019-09-14,0.0,0.0,0.0,0.0,0.0,0.0,0.0,0.0,0.0,0.0
2019-09-15,0.0,0.0,0.0,0.0,1.54,1.0,0.0,0.0,0.0,0.0
2019-09-16,0.0,0.0,0.0,0.0,0.0,0.0,0.0,0.0,0.0,0.0
2019-09-17,0.0,0.0,0.0,0.0,10.68,2.0,0.0,0.0,0.0,0.0
2019-09-18,4.59,3.0,7.73,4.0,28.86,10.0,0.0,0.0,0.0,0.0
2019-09-19,0.0,0.0,1.22,2.0,5.05,6.0,0.0,0.0,0.0,0.0
2019-09-20,0.0,0.0,0.0,0.0,28.95,6.0,0.0,0.0,0.0,0.0
2019-09-21,0.0,0.0,0.0,0.0,23.53,8.0,0.0,0.0,0.0,0.0
2019-09-22,0.0,0.0,0.0,0.0,44.31,7.0,0.0,0.0,0.0,0.0
2019-09-23,2.79,4.0,3.37,5.0,32.61,13.0,0.0,0.0,0.0,0.0
2019-09-24,2.02,3.0,2.88,4.0,131.3,34.0,0.0,0.0,0.0,0.0
2019-09-25,0.0,0.0,10.35,2.0,32.36,10.0,0.0,0.0,0.0,0.0
2019-09-26,0.0,0.0,0.0,0.0,40.21,8.0,0.0,0.0,0.0,0.0
2019-09-27,0.0,0.0,0.0,0.0,53.5,10.0,0.0,0.0,0.0,0.0
2019-09-28,0.0,0.0,0.0,0.0,52.0,11.0,0.0,0.0,0.0,0.0
2019-09-29,1.07,3.0,1.07,3.0,3.24,4.0,0.0,0.0,0.0,0.0
2019-09-30,0.0,0.0,0.0,0.0,19.7,6.0,0.0,0.0,0.0,0.0
2019-10-01,0.0,0.0,0.0,0.0,3.75,2.0,0.0,0.0,0.0,0.0
2019-10-02,0.0,0.0,0.0,0.0,28.78,8.0,0.0,0.0,0.0,0.0
2019-10-03,0.0,0.0,0.0,0.0,53.7,10.0,0.0,0.0,0.0,0.0
2019-10-04,0.67,2.0,0.96,3.0,128.75,34.0,0.0,0.0,0.0,0.0
2019-10-05,3.25,2.0,7.38,3.0,138.06,40.0,0.0,0.0,0.0,0.0
2019-10-06,0.68,1.0,10.26,4.0,109.91,35.0,0.0,0.0,0.0,0.0
2019-10-07,0.42,1.0,0.42,1.0,91.97,20.0,0.0,0.0,0.0,0.0
2019-10-08,0.0,0.0,8.45,3.0,416.69,75.0,0.0,0.0,0.0,0.0
2019-10-09,0.9,2.0,66.45,12.0,439.25,89.0,0.0,0.0,0.0,0.0
2019-10-10,2.81,1.0,39.05,12.0,762.22,188.0,0.0,0.0,0.0,0.0
2019-10-11,0.0,0.0,41.22,11.0,746.29,145.0,0.0,0.0,0.0,0.0
2019-10-12,0.8,1.0,24.66,7.0,422.43,118.0,0.0,0.0,0.0,0.0
2019-10-13,0.0,0.0,63.83,12.0,653.49,159.0,0.0,0.0,0.0,0.0
2019-10-14,0.0,0.0,57.84,15.0,776.82,142.0,0.0,0.0,0.0,0.0
2019-10-15,7.28,3.0,60.1,22.0,1233.39,293.0,0.0,0.0,0.0,0.0
2019-10-16,0.0,0.0,85.2,26.0,886.05,189.0,0.0,0.0,0.0,0.0
2019-10-17,0.0,0.0,32.3,6.0,832.51,137.0,0.0,0.0,0.0,0.0
2019-10-18,0.0,0.0,77.06,13.0,570.73,112.0,0.0,0.0,0.0,0.0
2019-10-19,6.97,2.0,83.87,13.0,1033.16,180.0,0.0,0.0,0.0,0.0
2019-10-20,111.43,26.0,622.19,113.0,2735.1,512.0,0.0,0.0,0.0,0.0
2019-10-21,22.56,9.0,406.79,73.0,2409.73,417.0,0.0,0.0,0.0,0.0
2019-10-22,0.64,1.0,134.57,32.0,991.01,190.0,0.0,0.0,0.0,0.0
2019-10-23,0.51,1.0,139.89,30.0,1010.91,183.0,0.0,0.0,0.0,0.0
2019-10-24,0.6,1.0,235.68,34.0,1281.65,179.0,0.0,0.0,0.0,0.0
2019-10-25,34.51,7.0,312.21,57.0,1637.2,280.0,0.0,0.0,0.0,0.0
2019-10-26,19.75,5.0,411.06,98.0,2024.34,447.0,0.0,0.0,0.0,0.0
2019-10-27,29.69,5.0,371.47,66.0,1819.53,297.0,0.0,0.0,0.0,0.0
2019-10-28,18.64,3.0,52.98,9.0,1091.75,191.0,0.0,0.0,0.0,0.0
2019-10-29,0.0,0.0,0.0,0.0,9.82,3.0,0.0,0.0,0.0,0.0
2019-10-30,15.16,2.0,96.11,21.0,1702.08,226.0,0.0,0.0,0.0,0.0
2019-10-31,0.45,1.0,1.25,2.0,1.84,3.0,0.0,0.0,0.0,0.0
2019-11-01,0.0,0.0,258.77,43.0,577.61,106.0,0.0,0.0,0.0,0.0
2019-11-02,1.98,2.0,24.76,7.0,34.33,11.0,0.0,0.0,0.0,0.0
2019-11-03,1.15,1.0,5.99,2.0,733.44,137.0,0.0,0.0,0.0,0.0
2019-11-04,17.1,3.0,73.83,15.0,1536.48,278.0,0.0,0.0,0.0,0.0
2019-11-05,35.27,4.0,199.55,37.0,1800.96,327.0,0.0,0.0,0.0,0.0
2019-11-06,9.19,2.0,34.5,10.0,1481.09,258.0,0.0,0.0,0.0,0.0
2019-11-07,1.61,1.0,1.61,1.0,1.61,1.0,0.0,0.0,0.0,0.0
2019-11-08,1.61,3.0,34.09,7.0,187.83,39.0,0.0,0.0,0.0,0.0
2019-11-09,5.85,2.0,155.08,21.0,1734.97,233.0,0.0,0.0,0.0,0.0
2019-11-10,7.22,3.0,96.2,16.0,1407.11,201.0,0.0,0.0,0.0,0.0
2019-11-11,6.17,3.0,64.14,28.0,514.32,132.0,0.0,0.0,0.0,0.0
2019-11-12,24.1,6.0,90.0,22.0,700.24,151.0,0.0,0.0,0.0,0.0
2019-11-13,1.87,1.0,22.15,6.0,143.14,30.0,0.0,0.0,0.0,0.0
2019-11-14,1.33,2.0,1.33,2.0,7.4,4.0,0.0,0.0,0.0,0.0
2019-11-15,9.98,2.0,43.95,12.0,168.99,40.0,0.0,0.0,0.0,0.0
2019-11-16,10.91,2.0,34.72,14.0,409.92,84.0,0.0,0.0,0.0,0.0
2019-11-17,6.94,3.0,25.04,8.0,469.38,85.0,0.0,0.0,0.0,0.0
2019-11-18,1.05,1.0,16.38,4.0,208.34,39.0,0.0,0.0,0.0,0.0
2019-11-19,14.04,5.0,39.01,9.0,255.59,56.0,0.0,0.0,0.0,0.0
2019-11-20,7.5,3.0,19.7,8.0,215.99,52.0,0.0,0.0,0.0,0.0
2019-11-21,1.3,1.0,23.38,6.0,90.33,28.0,0.0,0.0,0.0,0.0
2019-11-22,7.47,3.0,17.97,6.0,72.02,17.0,0.0,0.0,0.0,0.0
2019-11-23,0.95,2.0,38.84,13.0,65.07,19.0,0.0,0.0,0.0,0.0
2019-11-24,0.0,0.0,12.87,8.0,58.25,21.0,0.0,0.0,0.0,0.0
2019-11-25,15.28,4.0,21.59,8.0,61.1,20.0,0.0,0.0,0.0,0.0
2019-11-26,0.0,0.0,0.0,0.0,35.98,6.0,0.0,0.0,0.0,0.0
2019-11-27,29.26,11.0,36.29,14.0,70.08,26.0,0.0,0.0,0.0,0.0
2019-11-28,0.0,0.0,0.0,0.0,0.0,0.0,0.0,0.0,0.0,0.0
2019-11-29,0.0,0.0,0.0,0.0,5.58,2.0,0.0,0.0,0.0,0.0
2019-11-30,9.19,3.0,17.6,5.0,38.69,13.0,0.0,0.0,0.0,0.0
2019-12-01,6.16,2.0,18.84,7.0,68.25,25.0,0.0,0.0,0.0,0.0
2019-12-02,8.21,4.0,30.82,14.0,154.39,50.0,0.0,0.0,0.0,0.0
2019-12-03,21.5,5.0,62.14,19.0,295.32,74.0,0.0,0.0,0.0,0.0
2019-12-04,0.65,1.0,29.12,7.0,82.02,25.0,0.0,0.0,0.0,0.0
2019-12-05,2.6,1.0,18.14,5.0,30.85,10.0,0.0,0.0,0.0,0.0
2019-12-06,0.59,1.0,48.5,13.0,121.97,31.0,0.0,0.0,0.0,0.0
2019-12-07,14.6,5.0,114.41,33.0,271.2,84.0,0.0,0.0,0.0,0.0
2019-12-08,38.67,12.0,208.99,60.0,392.16,128.0,0.0,0.0,0.0,0.0
2019-12-09,9.3,4.0,69.39,24.0,163.27,50.0,0.0,0.0,0.0,0.0
2019-12-10,31.32,7.0,67.78,18.0,138.29,41.0,0.0,0.0,0.0,0.0
2019-12-11,0.0,0.0,0.0,0.0,15.39,5.0,0.0,0.0,0.0,0.0
2019-12-12,0.0,0.0,0.0,0.0,2.05,1.0,0.0,0.0,0.0,0.0
2019-12-13,0.0,0.0,1.14,1.0,1.14,1.0,0.0,0.0,0.0,0.0
2019-12-14,0.0,0.0,0.0,0.0,0.0,0.0,0.0,0.0,0.0,0.0
2019-12-15,0.0,0.0,2.83,2.0,7.15,3.0,0.0,0.0,0.0,0.0
2019-12-16,0.0,0.0,0.0,0.0,0.0,0.0,0.0,0.0,0.0,0.0
2019-12-17,0.0,0.0,0.0,0.0,4.61,1.0,0.0,0.0,0.0,0.0
2019-12-18,17.14,7.0,52.71,17.0,57.56,19.0,0.0,0.0,0.0,0.0
2019-12-19,0.0,0.0,0.0,0.0,0.0,0.0,0.0,0.0,0.0,0.0
2019-12-20,3.57,1.0,3.57,1.0,21.95,7.0,0.0,0.0,0.0,0.0
2019-12-21,0.0,0.0,0.0,0.0,5.15,1.0,0.0,0.0,0.0,0.0
2019-12-22,0.0,0.0,4.68,1.0,52.42,11.0,0.0,0.0,0.0,0.0
2019-12-23,9.15,4.0,32.95,13.0,60.63,21.0,0.0,0.0,0.0,0.0
2019-12-24,33.49,10.0,187.63,58.0,313.21,100.0,0.0,0.0,0.0,0.0
2019-12-25,0.0,0.0,0.0,0.0,0.0,0.0,0.0,0.0,0.0,0.0
2019-12-26,0.0,0.0,0.0,0.0,3.91,1.0,0.0,0.0,0.0,0.0
2019-12-27,1.87,1.0,16.79,7.0,29.14,11.0,0.0,0.0,0.0,0.0
2019-12-28,6.24,2.0,6.24,2.0,14.29,5.0,0.0,0.0,0.0,0.0
2019-12-29,34.88,11.0,93.2,30.0,173.16,57.0,0.0,0.0,0.0,0.0
2019-12-30,0.0,0.0,0.0,0.0,0.0,0.0,0.0,0.0,0.0,0.0
2019-12-31,16.61,8.0,50.56,18.0,70.41,24.0,0.0,0.0,0.0,0.0
2020-01-01,0.0,0.0,0.65,1.0,0.65,1.0,0.0,0.0,0.0,0.0
2020-01-02,13.96,3.0,32.4,8.0,102.55,20.0,0.0,0.0,0.0,0.0
2020-01-03,24.17,7.0,56.95,23.0,121.52,42.0,0.0,0.0,0.0,0.0
2020-01-04,2.81,1.0,38.84,15.0,102.4,38.0,0.0,0.0,0.0,0.0
2020-01-05,4.57,1.0,92.62,14.0,118.67,22.0,0.0,0.0,0.0,0.0
2020-01-06,0.0,0.0,0.0,0.0,0.0,0.0,0.0,0.0,0.0,0.0
2020-01-07,0.0,0.0,0.0,0.0,128.3,3.0,0.0,0.0,0.0,0.0
2020-01-08,0.0,0.0,0.62,1.0,3.69,2.0,0.0,0.0,0.0,0.0
2020-01-09,0.0,0.0,0.0,0.0,0.0,0.0,0.0,0.0,0.0,0.0
2020-01-10,0.0,0.0,2.12,1.0,5.57,4.0,0.0,0.0,0.0,0.0
2020-01-11,5.73,2.0,33.62,11.0,51.56,19.0,0.0,0.0,0.0,0.0
2020-01-12,18.0,3.0,37.76,11.0,50.46,14.0,0.0,0.0,0.0,0.0
2020-01-13,8.93,3.0,8.93,3.0,8.93,3.0,0.0,0.0,0.0,0.0
2020-01-14,0.0,0.0,19.66,8.0,37.54,15.0,0.0,0.0,0.0,0.0
2020-01-15,0.0,0.0,15.34,4.0,27.37,7.0,0.0,0.0,0.0,0.0
2020-01-16,0.0,0.0,0.0,0.0,0.0,0.0,0.0,0.0,0.0,0.0
2020-01-17,0.0,0.0,0.0,0.0,0.0,0.0,0.0,0.0,0.0,0.0
2020-01-18,0.0,0.0,4.4,1.0,11.61,3.0,0.0,0.0,0.0,0.0
2020-01-19,0.0,0.0,0.0,0.0,5.21,2.0,0.0,0.0,0.0,0.0
2020-01-20,0.0,0.0,12.13,2.0,12.13,2.0,0.0,0.0,0.0,0.0
2020-01-21,0.0,0.0,0.0,0.0,6.57,3.0,0.0,0.0,0.0,0.0
2020-01-22,4.23,2.0,6.04,3.0,37.25,11.0,0.0,0.0,0.0,0.0
2020-01-23,9.69,2.0,32.42,9.0,55.89,16.0,0.0,0.0,0.0,0.0
2020-01-24,17.99,5.0,71.46,17.0,111.39,31.0,0.0,0.0,0.0,0.0
2020-01-25,27.68,10.0,84.38,22.0,124.94,33.0,0.0,0.0,0.0,0.0
2020-01-26,4.58,2.0,42.44,14.0,107.19,31.0,0.0,0.0,0.0,0.0
2020-01-27,7.74,2.0,7.74,2.0,46.95,12.0,0.0,0.0,0.0,0.0
2020-01-28,0.0,0.0,0.0,0.0,1.25,1.0,0.0,0.0,0.0,0.0
2020-01-29,1.06,2.0,169.36,6.0,174.32,10.0,0.0,0.0,0.0,0.0
2020-01-30,8.3,4.0,54.02,18.0,72.62,24.0,0.0,0.0,0.0,0.0
2020-01-31,9.26,4.0,29.12,8.0,36.24,12.0,0.0,0.0,0.0,0.0
2020-02-01,0.0,0.0,12.47,4.0,38.12,12.0,0.0,0.0,0.0,0.0
2020-02-02,42.21,8.0,73.86,18.0,146.21,37.0,0.0,0.0,0.0,0.0
2020-02-03,6.23,2.0,32.99,12.0,139.98,36.0,0.0,0.0,0.0,0.0
2020-02-04,23.07,8.0,63.14,21.0,139.28,48.0,0.0,0.0,0.0,0.0
2020-02-05,0.7,1.0,11.9,5.0,98.97,29.0,0.0,0.0,0.0,0.0
2020-02-06,25.85,7.0,90.18,21.0,134.31,35.0,0.0,0.0,0.0,0.0
2020-02-07,10.8,2.0,58.53,13.0,121.28,32.0,0.0,0.0,0.0,0.0
2020-02-08,4.56,1.0,43.42,10.0,94.55,26.0,0.0,0.0,0.0,0.0
2020-02-09,8.37,5.0,78.88,22.0,254.3,66.0,0.0,0.0,0.0,0.0
2020-02-10,4.68,2.0,44.83,17.0,221.13,61.0,0.0,0.0,0.0,0.0
2020-02-11,8.25,2.0,49.24,17.0,134.05,33.0,0.0,0.0,0.0,0.0
2020-02-12,5.75,2.0,12.78,4.0,145.96,30.0,0.0,0.0,0.0,0.0
2020-02-13,9.85,3.0,140.81,18.0,205.21,31.0,0.0,0.0,0.0,0.0
2020-02-14,0.82,2.0,12.68,7.0,92.02,24.0,0.0,0.0,0.0,0.0
2020-02-15,26.88,9.0,92.95,24.0,224.6,60.0,0.0,0.0,0.0,0.0
2020-02-16,2.97,1.0,58.97,17.0,178.04,46.0,0.0,0.0,0.0,0.0
2020-02-17,21.45,6.0,50.03,15.0,128.64,36.0,0.0,0.0,0.0,0.0
2020-02-18,10.28,3.0,26.51,9.0,94.96,32.0,0.0,0.0,0.0,0.0
2020-02-19,2.98,1.0,8.79,3.0,202.63,16.0,0.0,0.0,0.0,0.0
2020-02-20,2.14,1.0,29.28,11.0,125.12,37.0,0.0,0.0,0.0,0.0
2020-02-21,0.0,0.0,0.0,0.0,0.0,0.0,0.0,0.0,0.0,0.0
2020-02-22,0.0,0.0,8.95,1.0,24.29,5.0,0.0,0.0,0.0,0.0
2020-02-23,0.0,0.0,2.26,1.0,17.73,5.0,0.0,0.0,0.0,0.0
2020-02-24,6.15,2.0,30.37,9.0,72.49,18.0,0.0,0.0,0.0,0.0
2020-02-25,5.81,3.0,27.13,9.0,98.13,26.0,0.0,0.0,0.0,0.0
2020-02-26,18.42,9.0,67.12,26.0,139.63,52.0,0.0,0.0,0.0,0.0
2020-02-27,0.0,0.0,2.8,1.0,27.24,6.0,0.0,0.0,0.0,0.0
2020-02-28,0.0,0.0,9.55,5.0,20.54,10.0,0.0,0.0,0.0,0.0
2020-02-29,0.0,0.0,0.0,0.0,21.18,3.0,0.0,0.0,0.0,0.0
2020-03-01,1.14,2.0,1.14,2.0,15.34,7.0,0.0,0.0,0.0,0.0
2020-03-02,4.17,4.0,6.95,5.0,212.8,41.0,0.0,0.0,0.0,0.0
2020-03-03,18.05,3.0,32.05,8.0,121.8,28.0,0.0,0.0,0.0,0.0
2020-03-04,0.0,0.0,42.44,12.0,81.41,23.0,0.0,0.0,0.0,0.0
2020-03-05,0.0,0.0,0.0,0.0,18.39,4.0,0.0,0.0,0.0,0.0
2020-03-06,0.0,0.0,0.0,0.0,0.0,0.0,0.0,0.0,0.0,0.0
2020-03-07,0.0,0.0,0.0,0.0,0.0,0.0,0.0,0.0,0.0,0.0
2020-03-08,1.09,2.0,1.09,2.0,72.01,8.0,0.0,0.0,0.0,0.0
2020-03-09,0.0,0.0,3.9,1.0,46.18,13.0,0.0,0.0,0.0,0.0
2020-03-10,0.0,0.0,40.8,9.0,85.87,24.0,0.0,0.0,0.0,0.0
2020-03-11,0.0,0.0,11.9,3.0,11.9,3.0,0.0,0.0,0.0,0.0
2020-03-12,8.81,2.0,11.81,4.0,36.93,9.0,0.0,0.0,0.0,0.0
2020-03-13,5.35,2.0,15.12,5.0,21.09,7.0,0.0,0.0,0.0,0.0
2020-03-14,4.31,2.0,4.78,3.0,4.78,3.0,0.0,0.0,0.0,0.0
2020-03-15,19.15,5.0,38.35,12.0,46.77,16.0,0.0,0.0,0.0,0.0
2020-03-16,3.12,2.0,8.3,4.0,10.07,5.0,0.0,0.0,0.0,0.0
2020-03-17,4.66,5.0,28.32,11.0,71.42,25.0,0.0,0.0,0.0,0.0
2020-03-18,2.58,3.0,39.51,9.0,98.62,30.0,0.0,0.0,0.0,0.0
2020-03-19,0.0,0.0,24.33,3.0,54.45,13.0,0.0,0.0,0.0,0.0
2020-03-20,0.0,0.0,2.01,1.0,42.72,10.0,0.0,0.0,0.0,0.0
2020-03-21,0.42,1.0,4.7,3.0,27.5,9.0,0.0,0.0,0.0,0.0
2020-03-22,0.0,0.0,5.62,2.0,14.8,4.0,0.0,0.0,0.0,0.0
2020-03-23,2.79,1.0,15.93,5.0,40.33,12.0,0.0,0.0,0.0,0.0
2020-03-24,3.35,1.0,12.61,3.0,42.13,11.0,0.0,0.0,0.0,0.0
2020-03-25,3.61,1.0,3.61,1.0,25.14,6.0,0.0,0.0,0.0,0.0
2020-03-26,0.0,0.0,0.0,0.0,0.0,0.0,0.0,0.0,0.0,0.0
2020-03-27,0.0,0.0,0.0,0.0,0.0,0.0,0.0,0.0,0.0,0.0
2020-03-28,0.0,0.0,5.41,2.0,13.42,4.0,0.0,0.0,0.0,0.0
2020-03-29,8.12,2.0,33.75,6.0,67.75,16.0,0.0,0.0,0.0,0.0
2020-03-30,2.7,1.0,5.18,2.0,45.51,10.0,0.0,0.0,0.0,0.0
2020-03-31,0.0,0.0,11.95,3.0,23.25,6.0,0.0,0.0,0.0,0.0
2020-04-01,0.0,0.0,5.03,1.0,26.43,7.0,0.0,0.0,0.0,0.0
2020-04-02,7.31,2.0,13.41,4.0,32.9,10.0,0.0,0.0,0.0,0.0
2020-04-03,8.82,3.0,45.73,12.0,92.12,26.0,0.0,0.0,0.0,0.0
2020-04-04,8.96,3.0,12.8,4.0,34.3,14.0,0.0,0.0,0.0,0.0
2020-04-05,0.0,0.0,3.15,2.0,5.9,4.0,0.0,0.0,0.0,0.0
2020-04-06,0.0,0.0,0.0,0.0,11.59,3.0,0.0,0.0,0.0,0.0
2020-04-07,1.79,1.0,4.66,2.0,10.52,4.0,0.0,0.0,0.0,0.0
2020-04-08,13.57,3.0,29.08,7.0,75.34,16.0,0.0,0.0,0.0,0.0
2020-04-09,0.0,0.0,12.75,4.0,29.08,7.0,0.0,0.0,0.0,0.0
2020-04-10,0.0,0.0,9.11,3.0,22.64,8.0,0.0,0.0,0.0,0.0
2020-04-11,3.5,1.0,18.42,4.0,23.6,6.0,0.0,0.0,0.0,0.0
2020-04-12,0.6,1.0,4.31,2.0,10.92,5.0,0.0,0.0,0.0,0.0
2020-04-13,0.0,0.0,18.71,4.0,98.7,8.0,0.0,0.0,0.0,0.0
2020-04-14,0.0,0.0,8.89,3.0,33.06,12.0,0.0,0.0,0.0,0.0
2020-04-15,3.32,1.0,9.39,3.0,16.19,6.0,0.0,0.0,0.0,0.0
2020-04-16,0.0,0.0,1.09,1.0,14.03,5.0,0.0,0.0,0.0,0.0
2020-04-17,0.0,0.0,17.83,3.0,61.42,9.0,0.0,0.0,0.0,0.0
2020-04-18,0.71,1.0,0.71,1.0,134.49,7.0,0.0,0.0,0.0,0.0
2020-04-19,6.12,2.0,8.82,4.0,20.7,7.0,0.0,0.0,0.0,0.0
2020-04-20,8.92,2.0,18.22,5.0,25.34,7.0,0.0,0.0,0.0,0.0
2020-04-21,2.51,1.0,2.51,1.0,32.93,9.0,0.0,0.0,0.0,0.0
2020-04-22,0.0,0.0,66.57,14.0,91.34,21.0,0.0,0.0,0.0,0.0
2020-04-23,0.0,0.0,0.0,0.0,33.13,7.0,0.0,0.0,0.0,0.0
2020-04-24,8.64,4.0,233.26,36.0,325.92,62.0,0.0,0.0,0.0,0.0
2020-04-25,47.63,5.0,61.36,8.0,135.95,18.0,0.0,0.0,0.0,0.0
2020-04-26,6.12,3.0,20.59,5.0,27.11,6.0,0.0,0.0,0.0,0.0
2020-04-27,15.69,3.0,77.7,20.0,105.3,28.0,0.0,0.0,0.0,0.0
2020-04-28,0.0,0.0,35.53,8.0,96.68,22.0,0.0,0.0,0.0,0.0
2020-04-29,48.56,9.0,309.38,49.0,474.52,88.0,0.0,0.0,0.0,0.0
2020-04-30,0.0,0.0,93.71,12.0,205.38,30.0,0.0,0.0,0.0,0.0
2020-05-01,18.37,6.0,162.93,36.0,306.81,68.0,0.0,0.0,0.0,0.0
2020-05-02,13.9,5.0,145.03,31.0,243.42,57.0,0.0,0.0,0.0,0.0
2020-05-03,0.94,1.0,15.94,6.0,71.47,22.0,0.0,0.0,0.0,0.0
2020-05-04,27.47,5.0,156.87,23.0,166.22,25.0,0.0,0.0,0.0,0.0
2020-05-05,30.86,7.0,262.78,45.0,414.2,82.0,0.0,0.0,0.0,0.0
2020-05-06,0.0,0.0,0.0,0.0,22.47,8.0,0.0,0.0,0.0,0.0
2020-05-07,80.42,19.0,838.91,171.0,1283.6,286.0,0.0,0.0,0.0,0.0
2020-05-08,130.04,36.0,1062.67,228.0,1581.71,372.0,0.0,0.0,0.0,0.0
2020-05-09,83.82,14.0,622.84,92.0,1545.76,234.0,0.0,0.0,0.0,0.0
2020-05-10,0.0,0.0,8.69,5.0,8.69,5.0,0.0,0.0,0.0,0.0
2020-05-11,0.0,0.0,4.28,3.0,259.66,56.0,0.0,0.0,0.0,0.0
2020-05-12,30.7,7.0,412.76,77.0,1554.27,319.0,0.0,0.0,0.0,0.0
2020-05-13,7.01,1.0,7.01,1.0,9.1,2.0,0.0,0.0,0.0,0.0
2020-05-14,78.44,12.0,543.77,98.0,2394.35,346.0,0.0,0.0,0.0,0.0
2020-05-15,81.78,12.0,534.02,87.0,2284.21,348.0,0.0,0.0,0.0,0.0
2020-05-16,33.06,5.0,172.73,23.0,1410.79,157.0,0.0,0.0,0.0,0.0
2020-05-17,233.64,20.0,467.72,58.0,1959.16,328.0,0.0,0.0,0.0,0.0
2020-05-18,22.58,5.0,331.51,63.0,2227.52,388.0,0.0,0.0,0.0,0.0
2020-05-19,32.75,6.0,227.26,37.0,2133.85,263.0,0.0,0.0,0.0,0.0
2020-05-20,24.32,5.0,124.98,16.0,1062.31,136.0,0.0,0.0,0.0,0.0
2020-05-21,35.86,7.0,71.1,14.0,307.3,47.0,0.0,0.0,0.0,0.0
2020-05-22,0.0,0.0,67.05,8.0,552.89,66.0,0.0,0.0,0.0,0.0
2020-05-23,3.75,1.0,52.95,8.0,375.19,80.0,0.0,0.0,0.0,0.0
2020-05-24,6.95,2.0,46.39,7.0,489.47,96.0,0.0,0.0,0.0,0.0
2020-05-25,16.54,5.0,109.68,22.0,492.52,76.0,0.0,0.0,0.0,0.0
2020-05-26,0.0,0.0,21.58,4.0,231.96,51.0,0.0,0.0,0.0,0.0
2020-05-27,4.37,1.0,4.37,1.0,81.58,16.0,0.0,0.0,0.0,0.0
2020-05-28,0.0,0.0,2.24,1.0,142.89,29.0,0.0,0.0,0.0,0.0
2020-05-29,0.0,0.0,0.0,0.0,11.64,3.0,0.0,0.0,0.0,0.0
2020-05-30,0.0,0.0,0.0,0.0,7.7,2.0,0.0,0.0,0.0,0.0
2020-05-31,0.0,0.0,0.41,1.0,21.58,4.0,0.0,0.0,0.0,0.0
2020-06-01,0.0,0.0,0.0,0.0,0.0,0.0,0.0,0.0,0.0,0.0
2020-06-02,4.84,2.0,4.84,2.0,45.95,8.0,0.0,0.0,0.0,0.0
2020-06-03,0.0,0.0,6.04,2.0,6.04,2.0,0.0,0.0,0.0,0.0
2020-06-04,0.0,0.0,0.0,0.0,0.0,0.0,0.0,0.0,0.0,0.0
2020-06-05,0.0,0.0,21.2,4.0,21.63,5.0,0.0,0.0,0.0,0.0
2020-06-06,0.0,0.0,0.0,0.0,5.58,1.0,0.0,0.0,0.0,0.0
2020-06-07,0.0,0.0,0.0,0.0,0.0,0.0,0.0,0.0,0.0,0.0
2020-06-08,1.36,1.0,1.36,1.0,1.36,1.0,0.0,0.0,0.0,0.0
2020-06-09,0.0,0.0,0.0,0.0,0.0,0.0,0.0,0.0,0.0,0.0
2020-06-10,0.0,0.0,5.99,1.0,14.61,3.0,0.0,0.0,0.0,0.0
2020-06-11,0.74,1.0,4.85,2.0,16.3,5.0,0.0,0.0,0.0,0.0
2020-06-12,0.0,0.0,0.0,0.0,0.0,0.0,0.0,0.0,0.0,0.0
2020-06-13,0.0,0.0,0.0,0.0,5.87,2.0,0.0,0.0,0.0,0.0
2020-06-14,3.33,2.0,3.33,2.0,5.46,3.0,0.0,0.0,0.0,0.0
2020-06-15,0.0,0.0,0.0,0.0,1.62,1.0,0.0,0.0,0.0,0.0
2020-06-16,1.41,1.0,21.37,4.0,82.49,13.0,0.0,0.0,0.0,0.0
2020-06-17,5.83,1.0,5.83,1.0,5.83,1.0,0.0,0.0,0.0,0.0
2020-06-18,3.38,3.0,12.44,5.0,64.24,17.0,0.0,0.0,0.0,0.0
2020-06-19,0.0,0.0,0.0,0.0,0.0,0.0,0.0,0.0,0.0,0.0
2020-06-20,6.82,1.0,6.82,1.0,10.42,2.0,0.0,0.0,0.0,0.0
2020-06-21,0.58,1.0,0.58,1.0,6.8,3.0,0.0,0.0,0.0,0.0
2020-06-22,0.0,0.0,0.0,0.0,7.3,3.0,0.0,0.0,0.0,0.0
2020-06-23,0.0,0.0,0.0,0.0,9.06,1.0,0.0,0.0,0.0,0.0
2020-06-24,0.0,0.0,0.0,0.0,0.0,0.0,0.0,0.0,0.0,0.0
2020-06-25,0.0,0.0,0.0,0.0,0.0,0.0,0.0,0.0,0.0,0.0
2020-06-26,3.98,2.0,3.98,2.0,3.98,2.0,0.0,0.0,0.0,0.0
2020-06-27,0.7,1.0,4.79,2.0,4.79,2.0,0.0,0.0,0.0,0.0
2020-06-28,0.0,0.0,4.57,1.0,4.57,1.0,0.0,0.0,0.0,0.0
2020-06-29,0.0,0.0,0.0,0.0,0.0,0.0,0.0,0.0,0.0,0.0
2020-06-30,0.0,0.0,0.0,0.0,0.0,0.0,0.0,0.0,0.0,0.0
2020-07-01,0.0,0.0,0.0,0.0,2.34,1.0,0.0,0.0,0.0,0.0
2020-07-02,7.15,3.0,11.08,4.0,13.86,5.0,0.0,0.0,0.0,0.0
2020-07-03,0.0,0.0,0.0,0.0,0.0,0.0,0.0,0.0,0.0,0.0
2020-07-04,0.0,0.0,3.06,1.0,3.06,1.0,0.0,0.0,0.0,0.0
2020-07-05,0.0,0.0,0.0,0.0,0.47,1.0,0.0,0.0,0.0,0.0
2020-07-06,0.0,0.0,0.0,0.0,0.0,0.0,0.0,0.0,0.0,0.0
2020-07-07,0.0,0.0,0.0,0.0,3.04,1.0,0.0,0.0,0.0,0.0
2020-07-08,3.54,1.0,3.54,1.0,3.54,1.0,0.0,0.0,0.0,0.0
2020-07-09,0.0,0.0,0.0,0.0,0.0,0.0,0.0,0.0,0.0,0.0
2020-07-10,0.0,0.0,0.0,0.0,0.0,0.0,0.0,0.0,0.0,0.0
2020-07-11,0.0,0.0,0.0,0.0,0.0,0.0,0.0,0.0,0.0,0.0
2020-07-12,0.69,1.0,0.69,1.0,2.63,2.0,0.0,0.0,0.0,0.0
2020-07-13,0.0,0.0,2.96,1.0,8.89,3.0,0.0,0.0,0.0,0.0
2020-07-14,1.51,1.0,8.82,3.0,8.82,3.0,0.0,0.0,0.0,0.0
2020-07-15,4.61,1.0,4.61,1.0,5.65,2.0,0.0,0.0,0.0,0.0
2020-07-16,0.0,0.0,0.0,0.0,5.29,1.0,0.0,0.0,0.0,0.0
2020-07-17,0.0,0.0,0.0,0.0,2.99,1.0,0.0,0.0,0.0,0.0
2020-07-18,0.82,1.0,0.82,1.0,0.82,1.0,0.0,0.0,0.0,0.0
2020-07-19,0.0,0.0,0.0,0.0,0.0,0.0,0.0,0.0,0.0,0.0
2020-07-20,0.0,0.0,0.0,0.0,3.76,1.0,0.0,0.0,0.0,0.0
2020-07-21,0.0,0.0,0.0,0.0,0.0,0.0,0.0,0.0,0.0,0.0
2020-07-22,2.2,2.0,2.2,2.0,2.2,2.0,0.0,0.0,0.0,0.0
2020-07-23,0.0,0.0,0.0,0.0,0.5,1.0,0.0,0.0,0.0,0.0
2020-07-24,1.85,1.0,1.85,1.0,3.46,2.0,0.0,0.0,0.0,0.0
2020-07-25,0.0,0.0,0.0,0.0,0.0,0.0,0.0,0.0,0.0,0.0
2020-07-26,0.0,0.0,0.0,0.0,2.92,1.0,0.0,0.0,0.0,0.0
2020-07-27,0.0,0.0,0.0,0.0,0.0,0.0,0.0,0.0,0.0,0.0
2020-07-28,0.0,0.0,0.0,0.0,0.0,0.0,0.0,0.0,0.0,0.0
2020-07-29,0.0,0.0,0.0,0.0,0.0,0.0,0.0,0.0,0.0,0.0
2020-07-30,0.0,0.0,0.0,0.0,0.0,0.0,0.0,0.0,0.0,0.0
2020-07-31,0.0,0.0,0.0,0.0,0.0,0.0,0.0,0.0,0.0,0.0
2020-08-01,0.0,0.0,0.0,0.0,5.61,3.0,0.0,0.0,0.0,0.0
2020-08-02,0.0,0.0,0.0,0.0,0.0,0.0,0.0,0.0,0.0,0.0
2020-08-03,0.0,0.0,0.0,0.0,0.0,0.0,0.0,0.0,0.0,0.0
2020-08-04,0.0,0.0,0.0,0.0,0.0,0.0,0.0,0.0,0.0,0.0
2020-08-05,0.0,0.0,0.0,0.0,0.0,0.0,0.0,0.0,0.0,0.0
2020-08-06,0.0,0.0,0.0,0.0,0.0,0.0,0.0,0.0,0.0,0.0
2020-08-07,0.0,0.0,0.0,0.0,0.0,0.0,0.0,0.0,0.0,0.0
2020-08-08,0.0,0.0,1.65,1.0,13.83,3.0,0.0,0.0,0.0,0.0
2020-08-09,0.0,0.0,0.0,0.0,0.0,0.0,0.0,0.0,0.0,0.0
2020-08-10,0.0,0.0,0.0,0.0,0.0,0.0,0.0,0.0,0.0,0.0
2020-08-11,0.0,0.0,0.0,0.0,0.0,0.0,0.0,0.0,0.0,0.0
2020-08-12,0.0,0.0,0.0,0.0,0.0,0.0,0.0,0.0,0.0,0.0
2020-08-13,0.0,0.0,0.0,0.0,0.0,0.0,0.0,0.0,0.0,0.0
2020-08-14,1.05,1.0,1.05,1.0,1.05,1.0,0.0,0.0,0.0,0.0
2020-08-15,1.8,1.0,1.8,1.0,1.8,1.0,0.0,0.0,0.0,0.0
2020-08-16,0.0,0.0,0.0,0.0,0.0,0.0,0.0,0.0,0.0,0.0
2020-08-17,0.0,0.0,0.0,0.0,6.69,2.0,0.0,0.0,0.0,0.0
2020-08-18,0.0,0.0,0.0,0.0,0.0,0.0,0.0,0.0,0.0,0.0
2020-08-19,0.0,0.0,0.0,0.0,0.0,0.0,0.0,0.0,0.0,0.0
2020-08-20,0.0,0.0,0.0,0.0,0.0,0.0,0.0,0.0,0.0,0.0
2020-08-21,1.08,2.0,1.08,2.0,4.56,4.0,0.0,0.0,0.0,0.0
2020-08-22,0.0,0.0,0.0,0.0,0.0,0.0,0.0,0.0,0.0,0.0
2020-08-23,0.0,0.0,2.24,1.0,2.24,1.0,0.0,0.0,0.0,0.0
2020-08-24,1.83,1.0,2.4,2.0,5.42,4.0,0.0,0.0,0.0,0.0
2020-08-25,0.0,0.0,0.0,0.0,1.2,2.0,0.0,0.0,0.0,0.0
2020-08-26,0.0,0.0,0.0,0.0,4.21,1.0,0.0,0.0,0.0,0.0
2020-08-27,0.0,0.0,0.0,0.0,0.0,0.0,0.0,0.0,0.0,0.0
2020-08-28,0.0,0.0,0.0,0.0,0.71,1.0,0.0,0.0,0.0,0.0
2020-08-29,3.64,3.0,3.64,3.0,3.64,3.0,0.0,0.0,0.0,0.0
2020-08-30,8.15,1.0,8.15,1.0,10.56,2.0,0.0,0.0,0.0,0.0
2020-08-31,0.0,0.0,0.0,0.0,3.76,1.0,0.0,0.0,0.0,0.0
2020-09-01,0.0,0.0,0.0,0.0,0.0,0.0,0.0,0.0,0.0,0.0
2020-09-02,0.0,0.0,0.0,0.0,0.0,0.0,0.0,0.0,0.0,0.0
2020-09-03,0.0,0.0,0.0,0.0,0.0,0.0,0.0,0.0,0.0,0.0
2020-09-04,3.16,1.0,3.16,1.0,12.32,3.0,0.0,0.0,0.0,0.0
2020-09-05,0.0,0.0,0.0,0.0,0.0,0.0,0.0,0.0,0.0,0.0
2020-09-06,0.7,1.0,0.7,1.0,6.48,2.0,0.0,0.0,0.0,0.0
2020-09-07,0.0,0.0,1.05,2.0,2.66,3.0,0.0,0.0,0.0,0.0
2020-09-08,0.6,1.0,0.9,2.0,0.9,2.0,0.0,0.0,0.0,0.0
2020-09-09,1.84,1.0,1.84,1.0,1.84,1.0,0.0,0.0,0.0,0.0
2020-09-10,4.85,2.0,4.85,2.0,6.93,3.0,0.0,0.0,0.0,0.0
2020-09-11,0.0,0.0,0.0,0.0,3.43,1.0,0.0,0.0,0.0,0.0
2020-09-12,1.73,2.0,1.73,2.0,2.86,3.0,0.0,0.0,0.0,0.0
2020-09-13,0.0,0.0,0.0,0.0,9.88,2.0,0.0,0.0,0.0,0.0
2020-09-14,3.28,3.0,3.28,3.0,5.2,4.0,0.0,0.0,0.0,0.0
2020-09-15,0.0,0.0,2.63,1.0,7.19,2.0,0.0,0.0,0.0,0.0
2020-09-16,0.0,0.0,4.28,1.0,12.96,3.0,0.0,0.0,0.0,0.0
2020-09-17,0.0,0.0,1.18,1.0,62.58,6.0,0.0,0.0,0.0,0.0
2020-09-18,0.0,0.0,0.0,0.0,0.0,0.0,0.0,0.0,0.0,0.0
2020-09-19,0.62,1.0,0.62,1.0,0.62,1.0,0.0,0.0,0.0,0.0
2020-09-20,11.01,3.0,14.28,5.0,57.05,16.0,0.0,0.0,0.0,0.0
2020-09-21,5.29,1.0,7.98,2.0,14.56,5.0,0.0,0.0,0.0,0.0
2020-09-22,4.35,2.0,4.35,2.0,10.3,4.0,0.0,0.0,0.0,0.0
2020-09-23,0.0,0.0,3.38,1.0,3.38,1.0,0.0,0.0,0.0,0.0
2020-09-24,2.53,3.0,2.53,3.0,12.42,6.0,0.0,0.0,0.0,0.0
2020-09-25,3.25,2.0,8.48,4.0,120.18,24.0,0.0,0.0,0.0,0.0
2020-09-26,0.0,0.0,0.0,0.0,39.19,14.0,0.0,0.0,0.0,0.0
2020-09-27,7.08,3.0,19.14,6.0,72.91,21.0,0.0,0.0,0.0,0.0
2020-09-28,0.39,1.0,5.28,2.0,33.79,9.0,0.0,0.0,0.0,0.0
2020-09-29,0.0,0.0,0.0,0.0,95.63,25.0,0.0,0.0,0.0,0.0
2020-09-30,7.13,4.0,39.65,11.0,187.96,52.0,0.0,0.0,0.0,0.0
2020-10-01,0.89,1.0,17.52,7.0,135.44,43.0,0.0,0.0,0.0,0.0
2020-10-02,3.31,1.0,11.16,4.0,235.05,55.0,0.0,0.0,0.0,0.0
2020-10-03,2.74,3.0,2.74,3.0,83.38,16.0,0.0,0.0,0.0,0.0
2020-10-04,9.0,3.0,9.0,3.0,234.79,57.0,0.0,0.0,0.0,0.0
2020-10-05,1.44,2.0,13.99,5.0,166.08,34.0,0.0,0.0,0.0,0.0
2020-10-06,1.86,2.0,22.01,11.0,278.13,81.0,0.0,0.0,0.0,0.0
2020-10-07,8.66,6.0,36.28,13.0,337.17,106.0,0.0,0.0,0.0,0.0
2020-10-08,1.95,3.0,71.82,9.0,275.46,54.0,0.0,0.0,0.0,0.0
2020-10-09,0.0,0.0,2.36,1.0,174.58,41.0,0.0,0.0,0.0,0.0
2020-10-10,0.78,1.0,23.34,9.0,455.77,86.0,0.0,0.0,0.0,0.0
2020-10-11,2.18,1.0,24.35,11.0,821.56,174.0,0.0,0.0,0.0,0.0
2020-10-12,9.45,6.0,26.78,13.0,552.11,152.0,0.0,0.0,0.0,0.0
2020-10-13,0.0,0.0,0.89,1.0,486.16,90.0,0.0,0.0,0.0,0.0
2020-10-14,1.79,2.0,10.59,9.0,291.86,77.0,0.0,0.0,0.0,0.0
2020-10-15,3.22,2.0,16.21,8.0,750.34,187.0,0.0,0.0,0.0,0.0
2020-10-16,17.31,10.0,42.81,19.0,787.9,155.0,0.0,0.0,0.0,0.0
2020-10-17,24.06,6.0,60.22,20.0,1279.23,274.0,0.0,0.0,0.0,0.0
2020-10-18,53.14,8.0,144.54,20.0,1529.63,282.0,0.0,0.0,0.0,0.0
2020-10-19,5.01,4.0,39.38,16.0,563.14,106.0,0.0,0.0,0.0,0.0
2020-10-20,1.17,2.0,24.54,10.0,624.83,143.0,0.0,0.0,0.0,0.0
2020-10-21,18.09,7.0,44.14,14.0,699.37,144.0,0.0,0.0,0.0,0.0
2020-10-22,6.03,5.0,29.14,17.0,1138.15,239.0,0.0,0.0,0.0,0.0
2020-10-23,13.42,8.0,55.86,20.0,954.32,216.0,0.0,0.0,0.0,0.0
2020-10-24,11.88,8.0,30.81,19.0,565.31,131.0,0.0,0.0,0.0,0.0
2020-10-25,0.0,0.0,46.01,12.0,1139.76,197.0,0.0,0.0,0.0,0.0
2020-10-26,4.96,2.0,47.8,19.0,819.55,144.0,0.0,0.0,0.0,0.0
2020-10-27,11.27,6.0,56.83,28.0,981.44,200.0,0.0,0.0,0.0,0.0
2020-10-28,6.58,5.0,131.25,38.0,1299.87,288.0,0.0,0.0,0.0,0.0
2020-10-29,6.44,5.0,24.89,11.0,799.52,139.0,0.0,0.0,0.0,0.0
2020-10-30,5.54,1.0,25.52,14.0,1227.24,199.0,0.0,0.0,0.0,0.0
2020-10-31,14.79,7.0,56.78,19.0,1554.96,267.0,0.0,0.0,0.0,0.0
2020-11-01,16.23,8.0,109.53,39.0,1722.35,232.0,0.0,0.0,0.0,0.0
2020-11-02,3.36,5.0,54.44,28.0,980.5,238.0,0.0,0.0,0.0,0.0
2020-11-03,9.64,7.0,53.38,23.0,1059.25,191.0,0.0,0.0,0.0,0.0
2020-11-04,0.92,2.0,27.88,9.0,710.09,118.0,0.0,0.0,0.0,0.0
2020-11-05,0.0,0.0,11.8,6.0,1032.28,168.0,0.0,0.0,0.0,0.0
2020-11-06,113.51,6.0,126.89,15.0,1362.58,202.0,0.0,0.0,0.0,0.0
2020-11-07,144.13,10.0,207.19,32.0,1951.65,326.0,0.0,0.0,0.0,0.0
2020-11-08,72.29,8.0,137.96,32.0,1265.22,248.0,0.0,0.0,0.0,0.0
2020-11-09,52.49,12.0,95.55,21.0,459.92,84.0,0.0,0.0,0.0,0.0
2020-11-10,21.31,8.0,50.18,19.0,1259.88,189.0,0.0,0.0,0.0,0.0
2020-11-11,19.38,8.0,35.58,13.0,976.67,151.0,0.0,0.0,0.0,0.0
2020-11-12,9.47,8.0,43.65,21.0,760.93,160.0,0.0,0.0,0.0,0.0
2020-11-13,10.73,5.0,83.4,27.0,652.66,151.0,0.0,0.0,0.0,0.0
2020-11-14,33.33,7.0,48.69,12.0,295.01,77.0,0.0,0.0,0.0,0.0
2020-11-15,0.0,0.0,17.82,4.0,216.63,52.0,0.0,0.0,0.0,0.0
2020-11-16,2.46,3.0,3.02,4.0,10.97,8.0,0.0,0.0,0.0,0.0
2020-11-17,2.66,4.0,34.14,13.0,63.87,20.0,0.0,0.0,0.0,0.0
2020-11-18,5.53,5.0,78.8,26.0,181.1,53.0,0.0,0.0,0.0,0.0
2020-11-19,16.51,6.0,64.67,23.0,276.72,62.0,0.0,0.0,0.0,0.0
2020-11-20,0.0,0.0,29.16,9.0,75.07,27.0,0.0,0.0,0.0,0.0
2020-11-21,31.0,5.0,122.65,17.0,272.38,50.0,0.0,0.0,0.0,0.0
2020-11-22,18.62,5.0,39.93,10.0,93.68,26.0,0.0,0.0,0.0,0.0
2020-11-23,6.51,1.0,77.56,21.0,153.44,36.0,0.0,0.0,0.0,0.0
2020-11-24,5.65,3.0,24.12,10.0,59.79,19.0,0.0,0.0,0.0,0.0
2020-11-25,0.0,0.0,5.52,2.0,7.24,3.0,0.0,0.0,0.0,0.0
2020-11-26,2.03,4.0,40.34,15.0,67.06,27.0,0.0,0.0,0.0,0.0
2020-11-27,6.09,4.0,33.04,14.0,75.26,30.0,0.0,0.0,0.0,0.0
2020-11-28,20.07,7.0,58.65,16.0,205.16,51.0,0.0,0.0,0.0,0.0
2020-11-29,47.34,11.0,136.06,38.0,266.66,83.0,0.0,0.0,0.0,0.0
2020-11-30,13.85,5.0,114.56,25.0,216.72,55.0,0.0,0.0,0.0,0.0
2020-12-01,8.62,7.0,86.22,31.0,142.68,45.0,0.0,0.0,0.0,0.0
2020-12-02,5.4,3.0,46.87,17.0,139.51,43.0,0.0,0.0,0.0,0.0
2020-12-03,15.14,6.0,159.59,42.0,278.83,73.0,0.0,0.0,0.0,0.0
2020-12-04,25.03,9.0,126.67,44.0,251.56,89.0,0.0,0.0,0.0,0.0
2020-12-05,17.29,12.0,191.43,60.0,307.85,102.0,0.0,0.0,0.0,0.0
2020-12-06,23.9,4.0,92.35,23.0,221.14,65.0,0.0,0.0,0.0,0.0
2020-12-07,1.83,1.0,49.79,16.0,131.93,38.0,0.0,0.0,0.0,0.0
2020-12-08,62.89,13.0,141.51,30.0,239.04,53.0,0.0,0.0,0.0,0.0
2020-12-09,10.55,7.0,147.95,40.0,263.77,67.0,0.0,0.0,0.0,0.0
2020-12-10,24.16,10.0,153.53,39.0,321.46,90.0,0.0,0.0,0.0,0.0
2020-12-11,0.0,0.0,6.36,2.0,47.9,17.0,0.0,0.0,0.0,0.0
2020-12-12,0.0,0.0,0.0,0.0,4.76,2.0,0.0,0.0,0.0,0.0
2020-12-13,11.85,6.0,24.06,10.0,122.16,26.0,0.0,0.0,0.0,0.0
2020-12-14,14.02,9.0,96.97,30.0,163.96,49.0,0.0,0.0,0.0,0.0
2020-12-15,49.89,17.0,180.59,70.0,387.85,136.0,0.0,0.0,0.0,0.0
2020-12-16,30.44,7.0,86.81,24.0,160.74,43.0,0.0,0.0,0.0,0.0
2020-12-17,33.06,6.0,46.23,12.0,88.1,25.0,0.0,0.0,0.0,0.0
2020-12-18,31.42,8.0,104.5,28.0,160.68,45.0,0.0,0.0,0.0,0.0
2020-12-19,13.5,6.0,106.79,31.0,267.77,59.0,0.0,0.0,0.0,0.0
2020-12-20,34.64,16.0,108.66,46.0,211.08,79.0,0.0,0.0,0.0,0.0
2020-12-21,10.07,5.0,94.56,29.0,175.35,53.0,0.0,0.0,0.0,0.0
2020-12-22,22.26,6.0,94.91,27.0,198.82,55.0,0.0,0.0,0.0,0.0
2020-12-23,16.98,6.0,72.28,22.0,135.2,46.0,0.0,0.0,0.0,0.0
2020-12-24,25.81,5.0,74.19,20.0,173.43,55.0,0.0,0.0,0.0,0.0
2020-12-25,23.38,7.0,100.49,34.0,254.99,80.0,0.0,0.0,0.0,0.0
2020-12-26,26.12,7.0,113.07,33.0,244.87,72.0,0.0,0.0,0.0,0.0
2020-12-27,23.94,7.0,121.18,37.0,250.44,72.0,0.0,0.0,0.0,0.0
2020-12-28,8.78,4.0,41.52,16.0,62.95,26.0,0.0,0.0,0.0,0.0
2020-12-29,8.04,4.0,69.22,18.0,142.86,41.0,0.0,0.0,0.0,0.0
2020-12-30,13.57,2.0,78.95,23.0,130.59,38.0,0.0,0.0,0.0,0.0
2020-12-31,11.84,5.0,43.29,16.0,85.28,33.0,0.0,0.0,0.0,0.0
2021-01-01,0.0,0.0,3.26,2.0,31.2,15.0,0.0,0.0,0.0,0.0
2021-01-02,0.76,1.0,0.76,1.0,22.01,7.0,0.0,0.0,0.0,0.0
2021-01-03,0.0,0.0,0.0,0.0,1.9,1.0,0.0,0.0,0.0,0.0
2021-01-04,0.0,0.0,2.25,1.0,71.83,17.0,0.0,0.0,0.0,0.0
2021-01-05,0.0,0.0,0.0,0.0,0.51,1.0,0.0,0.0,0.0,0.0
2021-01-06,0.0,0.0,0.0,0.0,0.58,1.0,0.0,0.0,0.0,0.0
2021-01-07,0.0,0.0,0.0,0.0,0.0,0.0,0.0,0.0,0.0,0.0
2021-01-08,0.0,0.0,0.0,0.0,0.0,0.0,0.0,0.0,0.0,0.0
2021-01-09,0.0,0.0,8.55,3.0,27.23,8.0,0.0,0.0,0.0,0.0
2021-01-10,3.13,1.0,26.65,10.0,33.27,13.0,0.0,0.0,0.0,0.0
2021-01-11,17.08,7.0,36.12,16.0,78.37,31.0,0.0,0.0,0.0,0.0
2021-01-12,2.5,1.0,33.6,11.0,46.27,13.0,0.0,0.0,0.0,0.0
2021-01-13,16.31,5.0,31.99,9.0,71.19,22.0,0.0,0.0,0.0,0.0
2021-01-14,0.0,0.0,1.38,1.0,27.52,7.0,0.0,0.0,0.0,0.0
2021-01-15,30.22,7.0,74.58,16.0,204.96,42.0,0.0,0.0,0.0,0.0
2021-01-16,0.0,0.0,21.43,9.0,68.41,23.0,0.0,0.0,0.0,0.0
2021-01-17,0.0,0.0,5.79,2.0,22.16,6.0,0.0,0.0,0.0,0.0
2021-01-18,1.91,1.0,1.91,1.0,9.5,3.0,0.0,0.0,0.0,0.0
2021-01-19,10.18,3.0,55.06,14.0,150.78,37.0,0.0,0.0,0.0,0.0
2021-01-20,11.91,4.0,69.65,20.0,192.09,40.0,0.0,0.0,0.0,0.0
2021-01-21,8.09,5.0,77.92,31.0,185.67,61.0,0.0,0.0,0.0,0.0
2021-01-22,0.0,0.0,36.43,10.0,98.33,30.0,0.0,0.0,0.0,0.0
2021-01-23,8.25,4.0,15.6,6.0,113.83,20.0,0.0,0.0,0.0,0.0
2021-01-24,0.0,0.0,2.09,1.0,44.62,10.0,0.0,0.0,0.0,0.0
2021-01-25,0.0,0.0,36.78,8.0,36.78,8.0,0.0,0.0,0.0,0.0
2021-01-26,13.83,4.0,54.79,17.0,125.97,36.0,0.0,0.0,0.0,0.0
2021-01-27,11.32,6.0,95.79,35.0,158.77,56.0,0.0,0.0,0.0,0.0
2021-01-28,3.29,2.0,16.46,7.0,56.73,18.0,0.0,0.0,0.0,0.0
2021-01-29,4.62,1.0,17.41,6.0,43.17,15.0,0.0,0.0,0.0,0.0
2021-01-30,22.74,5.0,57.48,15.0,201.67,43.0,0.0,0.0,0.0,0.0
2021-01-31,8.86,3.0,79.01,21.0,191.52,53.0,0.0,0.0,0.0,0.0
2021-02-01,21.11,9.0,97.35,36.0,296.01,100.0,0.0,0.0,0.0,0.0
2021-02-02,13.52,3.0,56.83,14.0,197.25,55.0,0.0,0.0,0.0,0.0
2021-02-03,1.66,1.0,52.57,13.0,257.34,44.0,0.0,0.0,0.0,0.0
2021-02-04,0.0,0.0,6.45,3.0,10.43,4.0,0.0,0.0,0.0,0.0
2021-02-05,2.6,2.0,18.23,8.0,38.75,15.0,0.0,0.0,0.0,0.0
2021-02-06,6.93,3.0,74.54,27.0,208.8,75.0,0.0,0.0,0.0,0.0
2021-02-07,19.07,3.0,45.83,11.0,382.27,87.0,0.0,0.0,0.0,0.0
2021-02-08,8.16,2.0,26.11,7.0,117.17,30.0,0.0,0.0,0.0,0.0
2021-02-09,41.88,5.0,105.61,18.0,347.12,53.0,0.0,0.0,0.0,0.0
2021-02-10,16.15,4.0,45.1,14.0,233.32,51.0,0.0,0.0,0.0,0.0
2021-02-11,21.82,8.0,151.45,39.0,386.08,99.0,0.0,0.0,0.0,0.0
2021-02-12,24.68,7.0,58.22,16.0,177.78,46.0,0.0,0.0,0.0,0.0
2021-02-13,0.0,0.0,16.46,6.0,65.37,19.0,0.0,0.0,0.0,0.0
2021-02-14,19.44,4.0,41.39,11.0,109.69,25.0,0.0,0.0,0.0,0.0
2021-02-15,3.51,1.0,46.25,15.0,179.91,50.0,0.0,0.0,0.0,0.0
2021-02-16,6.61,2.0,92.43,23.0,386.52,69.0,0.0,0.0,0.0,0.0
2021-02-17,8.72,5.0,66.41,28.0,277.09,99.0,0.0,0.0,0.0,0.0
2021-02-18,30.4,3.0,62.76,12.0,182.22,44.0,0.0,0.0,0.0,0.0
2021-02-19,4.84,2.0,66.77,13.0,128.7,29.0,0.0,0.0,0.0,0.0
2021-02-20,13.6,3.0,58.53,17.0,158.83,45.0,0.0,0.0,0.0,0.0
2021-02-21,10.23,8.0,28.4,17.0,126.11,40.0,0.0,0.0,0.0,0.0
2021-02-22,9.02,4.0,78.42,19.0,222.25,59.0,0.0,0.0,0.0,0.0
2021-02-23,19.91,7.0,82.86,25.0,227.26,65.0,0.0,0.0,0.0,0.0
2021-02-24,5.13,2.0,26.56,7.0,208.3,42.0,0.0,0.0,0.0,0.0
2021-02-25,1.29,1.0,32.56,5.0,201.18,43.0,0.0,0.0,0.0,0.0
2021-02-26,57.1,2.0,93.67,8.0,379.48,48.0,0.0,0.0,0.0,0.0
2021-02-27,5.48,2.0,35.31,10.0,84.92,25.0,0.0,0.0,0.0,0.0
2021-02-28,14.82,5.0,105.22,22.0,482.88,92.0,0.0,0.0,0.0,0.0
2021-03-01,1.37,3.0,30.75,9.0,148.67,45.0,0.0,0.0,0.0,0.0
2021-03-02,0.0,0.0,45.97,7.0,359.6,58.0,0.0,0.0,0.0,0.0
2021-03-03,3.87,2.0,7.53,6.0,74.7,25.0,0.0,0.0,0.0,0.0
2021-03-04,9.29,8.0,36.54,15.0,257.74,76.0,0.0,0.0,0.0,0.0
2021-03-05,8.57,3.0,23.34,12.0,418.07,139.0,0.0,0.0,0.0,0.0
2021-03-06,17.57,8.0,24.55,10.0,232.21,61.0,0.0,0.0,0.0,0.0
2021-03-07,0.0,0.0,11.03,3.0,42.7,9.0,0.0,0.0,0.0,0.0
2021-03-08,0.0,0.0,0.0,0.0,10.53,5.0,0.0,0.0,0.0,0.0
2021-03-09,0.0,0.0,10.81,4.0,87.81,23.0,0.0,0.0,0.0,0.0
2021-03-10,0.0,0.0,10.97,5.0,119.46,45.0,0.0,0.0,0.0,0.0
2021-03-11,0.87,2.0,16.5,7.0,292.05,92.0,0.0,0.0,0.0,0.0
2021-03-12,0.0,0.0,0.0,0.0,12.57,3.0,0.0,0.0,0.0,0.0
2021-03-13,0.76,1.0,0.76,1.0,156.02,58.0,0.0,0.0,0.0,0.0
2021-03-14,3.48,1.0,8.13,4.0,187.02,49.0,0.0,0.0,0.0,0.0
2021-03-15,0.0,0.0,0.0,0.0,184.02,57.0,0.0,0.0,0.0,0.0
2021-03-16,0.37,1.0,5.54,5.0,219.58,67.0,0.0,0.0,0.0,0.0
2021-03-17,3.44,2.0,6.28,4.0,169.57,44.0,0.0,0.0,0.0,0.0
2021-03-18,0.0,0.0,0.0,0.0,36.56,12.0,0.0,0.0,0.0,0.0
2021-03-19,4.3,4.0,4.3,4.0,232.91,73.0,0.0,0.0,0.0,0.0
2021-03-20,5.11,7.0,38.57,11.0,196.19,71.0,0.0,0.0,0.0,0.0
2021-03-21,9.71,2.0,42.39,9.0,336.54,94.0,0.0,0.0,0.0,0.0
2021-03-22,0.0,0.0,10.88,3.0,44.29,13.0,0.0,0.0,0.0,0.0
2021-03-23,4.82,2.0,4.82,2.0,112.08,30.0,0.0,0.0,0.0,0.0
2021-03-24,3.6,1.0,3.6,1.0,248.36,57.0,0.0,0.0,0.0,0.0
2021-03-25,1.11,3.0,1.11,3.0,100.21,57.0,0.0,0.0,0.0,0.0
2021-03-26,5.56,6.0,29.4,11.0,304.37,131.0,0.0,0.0,0.0,0.0
2021-03-27,3.06,1.0,32.53,10.0,310.73,102.0,0.0,0.0,0.0,0.0
2021-03-28,13.48,3.0,21.45,6.0,133.26,54.0,0.0,0.0,0.0,0.0
2021-03-29,3.55,1.0,14.64,5.0,147.29,59.0,0.0,0.0,0.0,0.0
2021-03-30,2.66,3.0,28.2,11.0,580.15,123.0,0.0,0.0,0.0,0.0
2021-03-31,0.97,2.0,87.97,14.0,1262.29,305.0,0.0,0.0,0.0,0.0
2021-04-01,68.87,10.0,100.72,17.0,1152.3,314.0,0.0,0.0,0.0,0.0
2021-04-02,12.2,5.0,35.62,10.0,870.52,257.0,0.0,0.0,0.0,0.0
2021-04-03,53.43,6.0,63.85,9.0,1001.4,316.0,0.0,0.0,0.0,0.0
2021-04-04,0.37,1.0,22.57,7.0,830.34,248.0,0.0,0.0,0.0,0.0
2021-04-05,0.0,0.0,1.2,3.0,220.36,70.0,0.0,0.0,0.0,0.0
2021-04-06,4.51,2.0,13.66,5.0,87.11,21.0,0.0,0.0,0.0,0.0
2021-04-07,6.09,3.0,21.71,7.0,340.46,95.0,0.0,0.0,0.0,0.0
2021-04-08,0.88,1.0,27.0,9.0,317.71,79.0,0.0,0.0,0.0,0.0
2021-04-09,67.2,11.0,169.64,28.0,577.19,108.0,0.0,0.0,0.0,0.0
2021-04-10,18.36,6.0,242.83,27.0,965.18,183.0,0.0,0.0,0.0,0.0
2021-04-11,2.84,3.0,38.58,10.0,1033.36,235.0,0.0,0.0,0.0,0.0
2021-04-12,10.6,2.0,47.79,10.0,555.77,152.0,0.0,0.0,0.0,0.0
2021-04-13,12.11,4.0,112.31,20.0,373.13,98.0,0.0,0.0,0.0,0.0
2021-04-14,60.46,6.0,257.41,43.0,841.64,134.0,0.0,0.0,0.0,0.0
2021-04-15,2.19,1.0,110.99,21.0,345.85,104.0,0.0,0.0,0.0,0.0
2021-04-16,0.0,0.0,151.65,17.0,608.01,80.0,0.0,0.0,0.0,0.0
2021-04-17,4.99,3.0,25.82,10.0,108.99,46.0,0.0,0.0,0.0,0.0
2021-04-18,46.91,9.0,329.0,47.0,812.53,111.0,0.0,0.0,0.0,0.0
2021-04-19,36.86,9.0,329.93,47.0,819.3,144.0,0.0,0.0,0.0,0.0
2021-04-20,0.0,0.0,2.76,3.0,12.29,6.0,0.0,0.0,0.0,0.0
2021-04-21,38.87,6.0,287.59,46.0,419.73,83.0,0.0,0.0,0.0,0.0
2021-04-22,39.36,12.0,288.14,62.0,364.06,92.0,0.0,0.0,0.0,0.0
2021-04-23,13.77,2.0,131.7,24.0,176.02,39.0,0.0,0.0,0.0,0.0
2021-04-24,172.42,28.0,830.15,138.0,1601.61,283.0,0.0,0.0,0.0,0.0
2021-04-25,58.1,13.0,848.22,131.0,1945.9,322.0,0.0,0.0,0.0,0.0
2021-04-26,222.1,22.0,1335.63,141.0,3984.0,379.0,0.0,0.0,0.0,0.0
2021-04-27,231.41,30.0,1853.51,227.0,4019.46,493.0,0.0,0.0,0.0,0.0
2021-04-28,56.11,7.0,1069.78,102.0,3290.49,336.0,0.0,0.0,0.0,0.0
2021-04-29,251.43,37.0,1213.69,157.0,4487.47,601.0,0.0,0.0,0.0,0.0
2021-04-30,23.46,6.0,278.87,64.0,1164.11,255.0,0.0,0.0,0.0,0.0
2021-05-01,90.24,14.0,634.56,90.0,3274.35,494.0,0.0,0.0,0.0,0.0
2021-05-02,394.82,48.0,1370.88,193.0,3076.28,534.0,0.0,0.0,0.0,0.0
2021-05-03,24.62,7.0,278.83,40.0,949.98,133.0,0.0,0.0,0.0,0.0
2021-05-04,68.58,14.0,349.93,57.0,1018.36,173.0,0.0,0.0,0.0,0.0
2021-05-05,154.73,30.0,591.88,124.0,1427.82,347.0,0.0,0.0,0.0,0.0
2021-05-06,58.31,10.0,171.69,29.0,536.97,103.0,0.0,0.0,0.0,0.0
2021-05-07,0.0,0.0,151.81,20.0,679.5,112.0,0.0,0.0,0.0,0.0
2021-05-08,16.53,4.0,232.86,36.0,1063.8,194.0,0.0,0.0,0.0,0.0
2021-05-09,38.94,11.0,299.46,77.0,1122.29,263.0,0.0,0.0,0.0,0.0
2021-05-10,0.0,0.0,56.31,8.0,174.88,26.0,0.0,0.0,0.0,0.0
2021-05-11,0.0,0.0,152.54,31.0,586.07,129.0,0.0,0.0,0.0,0.0
2021-05-12,12.65,2.0,21.73,5.0,130.07,24.0,0.0,0.0,0.0,0.0
2021-05-13,0.68,1.0,26.19,9.0,115.57,32.0,0.0,0.0,0.0,0.0
2021-05-14,8.67,2.0,98.0,15.0,398.45,75.0,0.0,0.0,0.0,0.0
2021-05-15,29.64,7.0,52.91,14.0,106.68,26.0,0.0,0.0,0.0,0.0
2021-05-16,22.72,5.0,92.29,23.0,702.24,158.0,0.0,0.0,0.0,0.0
2021-05-17,0.0,0.0,0.0,0.0,45.71,7.0,0.0,0.0,0.0,0.0
2021-05-18,0.0,0.0,0.0,0.0,0.0,0.0,0.0,0.0,0.0,0.0
2021-05-19,0.0,0.0,0.0,0.0,0.0,0.0,0.0,0.0,0.0,0.0
2021-05-20,0.0,0.0,0.0,0.0,35.64,11.0,0.0,0.0,0.0,0.0
2021-05-21,0.0,0.0,0.0,0.0,0.0,0.0,0.0,0.0,0.0,0.0
2021-05-22,0.0,0.0,0.0,0.0,6.35,3.0,0.0,0.0,0.0,0.0
2021-05-23,5.73,3.0,31.32,6.0,43.63,10.0,0.0,0.0,0.0,0.0
2021-05-24,0.0,0.0,0.0,0.0,27.97,10.0,0.0,0.0,0.0,0.0
2021-05-25,9.83,2.0,14.52,3.0,84.75,14.0,0.0,0.0,0.0,0.0
2021-05-26,10.53,2.0,22.56,8.0,112.46,23.0,0.0,0.0,0.0,0.0
2021-05-27,2.06,1.0,19.03,4.0,79.17,17.0,0.0,0.0,0.0,0.0
2021-05-28,1.57,1.0,12.61,4.0,29.02,9.0,0.0,0.0,0.0,0.0
2021-05-29,5.99,2.0,11.46,4.0,20.87,8.0,0.0,0.0,0.0,0.0
2021-05-30,0.0,0.0,0.0,0.0,0.0,0.0,0.0,0.0,0.0,0.0
2021-05-31,0.0,0.0,1.57,1.0,24.79,5.0,0.0,0.0,0.0,0.0
2021-06-01,0.0,0.0,6.75,1.0,18.71,3.0,0.0,0.0,0.0,0.0
2021-06-02,0.0,0.0,0.0,0.0,4.68,3.0,0.0,0.0,0.0,0.0
2021-06-03,0.0,0.0,6.27,1.0,67.32,9.0,0.0,0.0,0.0,0.0
2021-06-04,0.0,0.0,0.0,0.0,2.39,1.0,0.0,0.0,0.0,0.0
2021-06-05,2.21,2.0,8.49,5.0,15.87,9.0,0.0,0.0,0.0,0.0
2021-06-06,0.0,0.0,0.0,0.0,7.62,2.0,0.0,0.0,0.0,0.0
2021-06-07,0.0,0.0,0.0,0.0,10.2,3.0,0.0,0.0,0.0,0.0
2021-06-08,0.0,0.0,0.0,0.0,8.69,3.0,0.0,0.0,0.0,0.0
2021-06-09,0.0,0.0,0.0,0.0,9.55,3.0,0.0,0.0,0.0,0.0
2021-06-10,0.0,0.0,0.0,0.0,0.0,0.0,0.0,0.0,0.0,0.0
2021-06-11,0.0,0.0,0.0,0.0,0.0,0.0,0.0,0.0,0.0,0.0
2021-06-12,0.0,0.0,0.0,0.0,0.0,0.0,0.0,0.0,0.0,0.0
2021-06-13,0.0,0.0,0.0,0.0,0.0,0.0,0.0,0.0,0.0,0.0
2021-06-14,0.7,1.0,0.7,1.0,6.45,2.0,0.0,0.0,0.0,0.0
2021-06-15,0.0,0.0,0.0,0.0,0.0,0.0,0.0,0.0,0.0,0.0
2021-06-16,0.0,0.0,0.0,0.0,0.0,0.0,0.0,0.0,0.0,0.0
2021-06-17,0.0,0.0,0.0,0.0,2.03,1.0,0.0,0.0,0.0,0.0
2021-06-18,0.0,0.0,0.0,0.0,1.2,1.0,0.0,0.0,0.0,0.0
2021-06-19,0.0,0.0,0.0,0.0,2.06,1.0,0.0,0.0,0.0,0.0
2021-06-20,0.0,0.0,1.55,2.0,5.04,3.0,0.0,0.0,0.0,0.0
2021-06-21,2.32,1.0,5.35,2.0,7.74,3.0,0.0,0.0,0.0,0.0
2021-06-22,2.9,1.0,2.9,1.0,4.29,2.0,0.0,0.0,0.0,0.0
2021-06-23,0.0,0.0,0.0,0.0,1.93,1.0,0.0,0.0,0.0,0.0
2021-06-24,1.82,2.0,2.53,3.0,3.59,4.0,0.0,0.0,0.0,0.0
2021-06-25,0.0,0.0,0.0,0.0,2.18,1.0,0.0,0.0,0.0,0.0
2021-06-26,0.0,0.0,0.0,0.0,2.27,2.0,0.0,0.0,0.0,0.0
2021-06-27,0.0,0.0,0.0,0.0,5.5,2.0,0.0,0.0,0.0,0.0
2021-06-28,0.0,0.0,0.75,1.0,0.75,1.0,0.0,0.0,0.0,0.0
2021-06-29,0.44,1.0,1.02,2.0,5.06,4.0,0.0,0.0,0.0,0.0
2021-06-30,0.0,0.0,0.0,0.0,13.86,5.0,0.0,0.0,0.0,0.0
2021-07-01,0.0,0.0,0.47,1.0,9.07,3.0,0.0,0.0,0.0,0.0
2021-07-02,0.0,0.0,3.57,1.0,19.64,4.0,0.0,0.0,0.0,0.0
2021-07-03,0.0,0.0,0.0,0.0,0.0,0.0,0.0,0.0,0.0,0.0
2021-07-04,0.0,0.0,0.0,0.0,13.36,2.0,0.0,0.0,0.0,0.0
2021-07-05,2.44,1.0,2.44,1.0,7.43,2.0,0.0,0.0,0.0,0.0
2021-07-06,0.0,0.0,0.0,0.0,0.0,0.0,0.0,0.0,0.0,0.0
2021-07-07,0.0,0.0,10.05,3.0,39.98,9.0,0.0,0.0,0.0,0.0
2021-07-08,0.0,0.0,2.46,1.0,2.46,1.0,0.0,0.0,0.0,0.0
2021-07-09,0.95,1.0,0.95,1.0,4.88,2.0,0.0,0.0,0.0,0.0
2021-07-10,0.0,0.0,2.54,1.0,23.89,6.0,0.0,0.0,0.0,0.0
2021-07-11,54.78,19.0,54.78,19.0,62.77,22.0,0.0,0.0,0.0,0.0
2021-07-12,22.35,2.0,22.35,2.0,22.35,2.0,0.0,0.0,0.0,0.0
2021-07-13,0.0,0.0,0.0,0.0,0.0,0.0,0.0,0.0,0.0,0.0
2021-07-14,0.0,0.0,0.0,0.0,0.0,0.0,0.0,0.0,0.0,0.0
2021-07-15,0.0,0.0,0.0,0.0,6.91,1.0,0.0,0.0,0.0,0.0
2021-07-16,2.87,1.0,7.68,2.0,42.03,9.0,0.0,0.0,0.0,0.0
2021-07-17,0.0,0.0,0.0,0.0,0.0,0.0,0.0,0.0,0.0,0.0
2021-07-18,0.0,0.0,0.0,0.0,0.0,0.0,0.0,0.0,0.0,0.0
2021-07-19,0.0,0.0,0.0,0.0,0.0,0.0,0.0,0.0,0.0,0.0
2021-07-20,0.0,0.0,0.0,0.0,0.0,0.0,0.0,0.0,0.0,0.0
2021-07-21,0.0,0.0,0.0,0.0,0.0,0.0,0.0,0.0,0.0,0.0
2021-07-22,0.0,0.0,0.0,0.0,0.0,0.0,0.0,0.0,0.0,0.0
2021-07-23,0.0,0.0,0.0,0.0,3.01,2.0,0.0,0.0,0.0,0.0
2021-07-24,0.0,0.0,0.0,0.0,1.09,1.0,0.0,0.0,0.0,0.0
2021-07-25,0.0,0.0,0.0,0.0,0.0,0.0,0.0,0.0,0.0,0.0
2021-07-26,0.0,0.0,0.0,0.0,0.0,0.0,0.0,0.0,0.0,0.0
2021-07-27,0.0,0.0,0.0,0.0,0.0,0.0,0.0,0.0,0.0,0.0
2021-07-28,0.0,0.0,0.0,0.0,0.0,0.0,0.0,0.0,0.0,0.0
2021-07-29,0.0,0.0,0.0,0.0,0.0,0.0,0.0,0.0,0.0,0.0
2021-07-30,0.0,0.0,0.0,0.0,0.0,0.0,0.0,0.0,0.0,0.0
2021-07-31,0.0,0.0,0.0,0.0,0.0,0.0,0.0,0.0,0.0,0.0
2021-08-01,0.0,0.0,0.0,0.0,0.0,0.0,0.0,0.0,0.0,0.0
2021-08-02,0.0,0.0,0.0,0.0,7.28,2.0,0.0,0.0,0.0,0.0
2021-08-03,0.0,0.0,0.0,0.0,0.0,0.0,0.0,0.0,0.0,0.0
2021-08-04,0.0,0.0,0.0,0.0,0.0,0.0,0.0,0.0,0.0,0.0
2021-08-05,0.0,0.0,0.0,0.0,0.0,0.0,0.0,0.0,0.0,0.0
2021-08-06,0.0,0.0,0.0,0.0,0.0,0.0,0.0,0.0,0.0,0.0
2021-08-07,0.0,0.0,0.0,0.0,0.0,0.0,0.0,0.0,0.0,0.0
2021-08-08,0.0,0.0,0.0,0.0,0.0,0.0,0.0,0.0,0.0,0.0
2021-08-09,0.0,0.0,0.0,0.0,0.0,0.0,0.0,0.0,0.0,0.0
2021-08-10,1.24,2.0,1.24,2.0,1.24,2.0,0.0,0.0,0.0,0.0
2021-08-11,0.52,1.0,1.42,2.0,1.42,2.0,0.0,0.0,0.0,0.0
2021-08-12,0.0,0.0,0.0,0.0,7.96,1.0,0.0,0.0,0.0,0.0
2021-08-13,0.0,0.0,0.0,0.0,0.0,0.0,0.0,0.0,0.0,0.0
2021-08-14,2.44,1.0,2.44,1.0,2.44,1.0,0.0,0.0,0.0,0.0
2021-08-15,0.0,0.0,0.0,0.0,2.41,1.0,0.0,0.0,0.0,0.0
2021-08-16,0.0,0.0,1.01,1.0,1.01,1.0,0.0,0.0,0.0,0.0
2021-08-17,2.58,2.0,5.35,4.0,5.35,4.0,0.0,0.0,0.0,0.0
2021-08-18,0.0,0.0,0.0,0.0,0.0,0.0,0.0,0.0,0.0,0.0
2021-08-19,0.0,0.0,0.0,0.0,0.0,0.0,0.0,0.0,0.0,0.0
2021-08-20,0.0,0.0,0.0,0.0,0.0,0.0,0.0,0.0,0.0,0.0
2021-08-21,0.0,0.0,0.0,0.0,0.0,0.0,0.0,0.0,0.0,0.0
2021-08-22,0.0,0.0,0.0,0.0,0.49,1.0,0.0,0.0,0.0,0.0
2021-08-23,0.0,0.0,0.0,0.0,0.0,0.0,0.0,0.0,0.0,0.0
2021-08-24,0.0,0.0,0.0,0.0,3.27,1.0,0.0,0.0,0.0,0.0
2021-08-25,0.0,0.0,0.0,0.0,0.0,0.0,0.0,0.0,0.0,0.0
2021-08-26,0.0,0.0,0.0,0.0,0.0,0.0,0.0,0.0,0.0,0.0
2021-08-27,0.0,0.0,0.0,0.0,11.68,2.0,0.0,0.0,0.0,0.0
2021-08-28,0.43,1.0,0.43,1.0,0.43,1.0,0.0,0.0,0.0,0.0
2021-08-29,0.0,0.0,0.0,0.0,0.0,0.0,0.0,0.0,0.0,0.0
2021-08-30,0.0,0.0,0.0,0.0,2.38,1.0,0.0,0.0,0.0,0.0
2021-08-31,0.0,0.0,0.0,0.0,0.0,0.0,0.0,0.0,0.0,0.0
2021-09-01,0.0,0.0,0.0,0.0,0.0,0.0,0.0,0.0,0.0,0.0
2021-09-02,0.0,0.0,0.0,0.0,0.0,0.0,0.0,0.0,0.0,0.0
2021-09-03,0.0,0.0,0.0,0.0,0.0,0.0,0.0,0.0,0.0,0.0
2021-09-04,0.0,0.0,0.0,0.0,0.0,0.0,0.0,0.0,0.0,0.0
2021-09-05,0.0,0.0,0.0,0.0,0.0,0.0,0.0,0.0,0.0,0.0
2021-09-06,0.0,0.0,0.0,0.0,0.0,0.0,0.0,0.0,0.0,0.0
2021-09-07,1.64,1.0,6.12,3.0,6.12,3.0,0.0,0.0,0.0,0.0
2021-09-08,4.33,1.0,4.33,1.0,4.33,1.0,0.0,0.0,0.0,0.0
2021-09-09,2.55,3.0,4.18,5.0,5.53,6.0,0.0,0.0,0.0,0.0
2021-09-10,0.0,0.0,0.0,0.0,0.0,0.0,0.0,0.0,0.0,0.0
2021-09-11,0.0,0.0,0.7,1.0,0.7,1.0,0.0,0.0,0.0,0.0
2021-09-12,0.0,0.0,0.0,0.0,0.0,0.0,0.0,0.0,0.0,0.0
2021-09-13,0.0,0.0,0.0,0.0,0.0,0.0,0.0,0.0,0.0,0.0
2021-09-14,0.0,0.0,0.0,0.0,0.0,0.0,0.0,0.0,0.0,0.0
2021-09-15,0.0,0.0,0.0,0.0,0.0,0.0,0.0,0.0,0.0,0.0
2021-09-16,0.0,0.0,0.0,0.0,0.0,0.0,0.0,0.0,0.0,0.0
2021-09-17,0.92,1.0,0.92,1.0,0.92,1.0,0.0,0.0,0.0,0.0
2021-09-18,0.0,0.0,1.28,1.0,4.95,4.0,0.0,0.0,0.0,0.0
2021-09-19,0.56,1.0,0.56,1.0,2.74,2.0,0.0,0.0,0.0,0.0
2021-09-20,0.0,0.0,0.0,0.0,5.26,1.0,0.0,0.0,0.0,0.0
2021-09-21,0.0,0.0,0.0,0.0,0.0,0.0,0.0,0.0,0.0,0.0
2021-09-22,0.0,0.0,0.0,0.0,0.0,0.0,0.0,0.0,0.0,0.0
2021-09-23,0.0,0.0,0.0,0.0,1.31,1.0,0.0,0.0,0.0,0.0
2021-09-24,0.0,0.0,0.69,1.0,1.24,2.0,0.0,0.0,0.0,0.0
2021-09-25,0.0,0.0,0.82,1.0,0.82,1.0,0.0,0.0,0.0,0.0
2021-09-26,0.0,0.0,0.0,0.0,1.82,1.0,0.0,0.0,0.0,0.0
2021-09-27,1.02,1.0,1.89,2.0,5.82,4.0,0.0,0.0,0.0,0.0
2021-09-28,1.28,1.0,1.28,1.0,8.61,3.0,0.0,0.0,0.0,0.0
2021-09-29,1.1,1.0,3.77,3.0,33.02,14.0,0.0,0.0,0.0,0.0
2021-09-30,2.23,1.0,2.23,1.0,13.65,4.0,0.0,0.0,0.0,0.0
2021-10-01,0.0,0.0,0.0,0.0,4.49,2.0,0.0,0.0,0.0,0.0
2021-10-02,0.0,0.0,0.0,0.0,9.74,3.0,0.0,0.0,0.0,0.0
2021-10-03,1.52,1.0,3.12,2.0,40.33,10.0,0.0,0.0,0.0,0.0
2021-10-04,5.52,2.0,5.52,2.0,18.82,6.0,0.0,0.0,0.0,0.0
2021-10-05,1.78,1.0,1.78,1.0,14.03,4.0,0.0,0.0,0.0,0.0
2021-10-06,1.38,1.0,1.38,1.0,25.93,7.0,0.0,0.0,0.0,0.0
2021-10-07,0.0,0.0,9.59,2.0,89.91,20.0,0.0,0.0,0.0,0.0
2021-10-08,4.24,1.0,11.52,3.0,143.53,29.0,0.0,0.0,0.0,0.0
2021-10-09,5.87,2.0,36.58,8.0,353.11,89.0,0.0,0.0,0.0,0.0
2021-10-10,20.23,10.0,35.19,18.0,679.97,192.0,0.0,0.0,0.0,0.0
2021-10-11,29.38,4.0,47.17,10.0,433.29,89.0,0.0,0.0,0.0,0.0
2021-10-12,3.47,2.0,16.24,8.0,414.17,94.0,0.0,0.0,0.0,0.0
2021-10-13,0.93,1.0,40.78,12.0,813.38,155.0,0.0,0.0,0.0,0.0
2021-10-14,3.77,5.0,118.46,28.0,1149.31,242.0,0.0,0.0,0.0,0.0
2021-10-15,5.99,3.0,182.61,49.0,2828.72,656.0,0.0,0.0,0.0,0.0
2021-10-16,4.41,1.0,63.4,15.0,1879.22,352.0,0.0,0.0,0.0,0.0
2021-10-17,0.0,0.0,0.0,0.0,0.0,0.0,0.0,0.0,0.0,0.0
2021-10-18,0.0,0.0,0.0,0.0,0.0,0.0,0.0,0.0,0.0,0.0
2021-10-19,0.64,1.0,1.15,2.0,445.42,75.0,0.0,0.0,0.0,0.0
2021-10-20,1.9,2.0,2.19,3.0,1201.54,241.0,0.0,0.0,0.0,0.0
2021-10-21,0.0,0.0,16.24,6.0,1072.7,231.0,0.0,0.0,0.0,0.0
2021-10-22,3.89,4.0,20.85,6.0,953.54,145.0,0.0,0.0,0.0,0.0
2021-10-23,0.0,0.0,31.57,5.0,1576.45,276.0,0.0,0.0,0.0,0.0
2021-10-24,0.0,0.0,92.82,12.0,328.68,50.0,0.0,0.0,0.0,0.0
2021-10-25,0.69,1.0,73.75,18.0,655.61,137.0,0.0,0.0,0.0,0.0
2021-10-26,6.49,4.0,47.01,20.0,1002.75,254.0,0.0,0.0,0.0,0.0
2021-10-27,3.62,2.0,30.89,8.0,777.93,159.0,0.0,0.0,0.0,0.0
2021-10-28,6.8,4.0,29.47,9.0,1056.66,201.0,0.0,0.0,0.0,0.0
2021-10-29,7.01,4.0,51.14,17.0,1504.17,224.0,0.0,0.0,0.0,0.0
2021-10-30,16.18,3.0,146.14,31.0,1633.39,291.0,0.0,0.0,0.0,0.0
2021-10-31,3.41,5.0,215.54,54.0,2321.68,495.0,0.0,0.0,0.0,0.0
2021-11-01,6.56,3.0,139.52,23.0,1748.72,299.0,0.0,0.0,0.0,0.0
2021-11-02,5.64,2.0,70.04,25.0,1218.93,226.0,0.0,0.0,0.0,0.0
2021-11-03,0.0,0.0,164.24,33.0,1926.8,341.0,0.0,0.0,0.0,0.0
2021-11-04,13.5,5.0,439.67,72.0,2420.43,354.0,0.0,0.0,0.0,0.0
2021-11-05,10.19,1.0,114.4,39.0,2535.32,513.0,0.0,0.0,0.0,0.0
2021-11-06,9.8,2.0,239.73,61.0,2519.68,396.0,0.0,0.0,0.0,0.0
2021-11-07,28.42,4.0,71.47,15.0,1189.25,184.0,0.0,0.0,0.0,0.0
2021-11-08,3.53,1.0,44.59,13.0,1981.75,268.0,0.0,0.0,0.0,0.0
2021-11-09,9.82,2.0,81.07,18.0,1619.39,242.0,0.0,0.0,0.0,0.0
2021-11-10,12.54,7.0,186.09,55.0,1855.39,391.0,0.0,0.0,0.0,0.0
2021-11-11,16.65,8.0,94.75,30.0,1033.39,245.0,0.0,0.0,0.0,0.0
2021-11-12,10.95,2.0,54.92,16.0,1078.2,196.0,0.0,0.0,0.0,0.0
2021-11-13,0.0,0.0,99.41,27.0,1175.88,222.0,0.0,0.0,0.0,0.0
2021-11-14,1.07,2.0,60.53,15.0,1211.73,164.0,0.0,0.0,0.0,0.0
2021-11-15,55.57,10.0,133.43,31.0,1054.25,194.0,0.0,0.0,0.0,0.0
2021-11-16,25.79,6.0,206.47,61.0,1227.58,299.0,0.0,0.0,0.0,0.0
2021-11-17,10.51,3.0,75.19,19.0,520.91,121.0,0.0,0.0,0.0,0.0
2021-11-18,0.0,0.0,38.16,15.0,270.68,70.0,0.0,0.0,0.0,0.0
2021-11-19,0.0,0.0,36.92,13.0,591.3,131.0,0.0,0.0,0.0,0.0
2021-11-20,11.24,4.0,124.55,41.0,700.66,157.0,0.0,0.0,0.0,0.0
2021-11-21,16.0,8.0,147.85,48.0,765.84,200.0,0.0,0.0,0.0,0.0
2021-11-22,15.17,5.0,132.97,27.0,642.07,131.0,0.0,0.0,0.0,0.0
2021-11-23,7.27,5.0,65.86,14.0,197.05,44.0,0.0,0.0,0.0,0.0
2021-11-24,2.61,1.0,54.43,15.0,186.83,52.0,0.0,0.0,0.0,0.0
2021-11-25,9.07,3.0,37.97,11.0,177.99,42.0,0.0,0.0,0.0,0.0
2021-11-26,9.62,8.0,114.22,38.0,303.01,94.0,0.0,0.0,0.0,0.0
2021-11-27,20.56,8.0,157.89,50.0,374.43,125.0,0.0,0.0,0.0,0.0
2021-11-28,19.35,12.0,94.25,35.0,173.01,61.0,0.0,0.0,0.0,0.0
2021-11-29,3.88,2.0,57.41,20.0,172.93,58.0,0.0,0.0,0.0,0.0
2021-11-30,0.0,0.0,15.49,8.0,124.22,38.0,0.0,0.0,0.0,0.0
2021-12-01,0.0,0.0,0.0,0.0,0.0,0.0,0.0,0.0,0.0,0.0
2021-12-02,4.82,4.0,4.82,4.0,7.44,6.0,0.0,0.0,0.0,0.0
2021-12-03,1.55,3.0,1.55,3.0,22.62,14.0,0.0,0.0,0.0,0.0
2021-12-04,17.72,4.0,97.97,19.0,164.9,45.0,0.0,0.0,0.0,0.0
2021-12-05,0.0,0.0,7.56,2.0,33.87,10.0,0.0,0.0,0.0,0.0
2021-12-06,11.76,7.0,48.16,17.0,90.55,29.0,0.0,0.0,0.0,0.0
2021-12-07,13.84,5.0,94.79,27.0,205.01,66.0,0.0,0.0,0.0,0.0
2021-12-08,16.96,6.0,84.23,26.0,241.68,78.0,0.0,0.0,0.0,0.0
2021-12-09,4.26,2.0,73.12,17.0,104.71,28.0,0.0,0.0,0.0,0.0
2021-12-10,36.77,9.0,55.38,16.0,112.61,34.0,0.0,0.0,0.0,0.0
2021-12-11,32.33,12.0,88.41,23.0,140.35,37.0,0.0,0.0,0.0,0.0
2021-12-12,23.01,10.0,173.62,56.0,252.21,83.0,0.0,0.0,0.0,0.0
2021-12-13,20.75,9.0,73.06,31.0,208.22,81.0,0.0,0.0,0.0,0.0
2021-12-14,11.82,6.0,87.27,32.0,206.47,63.0,0.0,0.0,0.0,0.0
2021-12-15,2.77,1.0,53.66,18.0,118.76,43.0,0.0,0.0,0.0,0.0
2021-12-16,11.89,8.0,29.34,16.0,87.66,36.0,0.0,0.0,0.0,0.0
2021-12-17,33.56,8.0,80.14,20.0,162.86,42.0,0.0,0.0,0.0,0.0
2021-12-18,20.3,8.0,109.07,35.0,190.69,71.0,0.0,0.0,0.0,0.0
2021-12-19,3.62,1.0,70.17,18.0,168.15,46.0,0.0,0.0,0.0,0.0
2021-12-20,5.65,3.0,62.41,17.0,101.2,29.0,0.0,0.0,0.0,0.0
2021-12-21,13.68,4.0,49.45,16.0,123.95,40.0,0.0,0.0,0.0,0.0
2021-12-22,43.98,11.0,110.13,37.0,232.8,74.0,0.0,0.0,0.0,0.0
2021-12-23,27.27,11.0,118.52,48.0,226.16,87.0,0.0,0.0,0.0,0.0
2021-12-24,28.25,11.0,153.05,46.0,261.1,81.0,0.0,0.0,0.0,0.0
2021-12-25,11.76,2.0,33.38,9.0,130.19,35.0,0.0,0.0,0.0,0.0
2021-12-26,2.22,2.0,2.22,2.0,5.49,3.0,0.0,0.0,0.0,0.0
2021-12-27,6.58,2.0,19.56,6.0,34.17,11.0,0.0,0.0,0.0,0.0
2021-12-28,0.0,0.0,4.14,3.0,7.72,5.0,0.0,0.0,0.0,0.0
2021-12-29,11.38,6.0,62.6,25.0,152.01,51.0,0.0,0.0,0.0,0.0
2021-12-30,9.02,3.0,10.07,5.0,16.03,6.0,0.0,0.0,0.0,0.0
2021-12-31,8.74,4.0,39.95,15.0,58.14,22.0,0.0,0.0,0.0,0.0
2022-01-01,5.31,3.0,45.65,17.0,78.09,31.0,0.0,0.0,0.0,0.0
2022-01-02,23.11,5.0,54.21,14.0,74.96,24.0,0.0,0.0,0.0,0.0
2022-01-03,11.89,4.0,107.06,30.0,249.58,83.0,0.0,0.0,0.0,0.0
2022-01-04,3.27,1.0,18.87,6.0,59.85,12.0,0.0,0.0,0.0,0.0
2022-01-05,0.0,0.0,0.0,0.0,0.0,0.0,0.0,0.0,0.0,0.0
2022-01-06,0.0,0.0,0.0,0.0,1.54,1.0,0.0,0.0,0.0,0.0
2022-01-07,0.0,0.0,0.0,0.0,5.29,1.0,0.0,0.0,0.0,0.0
2022-01-08,0.0,0.0,0.0,0.0,0.0,0.0,0.0,0.0,0.0,0.0
2022-01-09,0.0,0.0,0.0,0.0,0.0,0.0,0.0,0.0,0.0,0.0
2022-01-10,0.0,0.0,0.0,0.0,1.95,1.0,0.0,0.0,0.0,0.0
2022-01-11,0.0,0.0,0.0,0.0,0.0,0.0,0.0,0.0,0.0,0.0
2022-01-12,0.0,0.0,0.0,0.0,0.81,1.0,0.0,0.0,0.0,0.0
2022-01-13,0.48,1.0,4.03,2.0,13.01,4.0,0.0,0.0,0.0,0.0
2022-01-14,3.32,1.0,3.32,1.0,3.32,1.0,0.0,0.0,0.0,0.0
2022-01-15,0.0,0.0,0.0,0.0,0.0,0.0,0.0,0.0,0.0,0.0
2022-01-16,0.0,0.0,2.15,2.0,2.15,2.0,0.0,0.0,0.0,0.0
2022-01-17,0.0,0.0,0.0,0.0,6.08,3.0,0.0,0.0,0.0,0.0
2022-01-18,4.42,1.0,4.42,1.0,25.21,4.0,0.0,0.0,0.0,0.0
2022-01-19,8.55,3.0,29.77,11.0,29.77,11.0,0.0,0.0,0.0,0.0
2022-01-20,0.0,0.0,0.0,0.0,0.0,0.0,0.0,0.0,0.0,0.0
2022-01-21,0.0,0.0,0.0,0.0,12.69,3.0,0.0,0.0,0.0,0.0
2022-01-22,0.0,0.0,0.0,0.0,0.0,0.0,0.0,0.0,0.0,0.0
2022-01-23,0.0,0.0,0.0,0.0,0.63,1.0,0.0,0.0,0.0,0.0
2022-01-24,0.68,1.0,1.39,2.0,1.39,2.0,0.0,0.0,0.0,0.0
2022-01-25,0.0,0.0,0.0,0.0,0.0,0.0,0.0,0.0,0.0,0.0
2022-01-26,0.0,0.0,0.0,0.0,0.86,1.0,0.0,0.0,0.0,0.0
2022-01-27,0.0,0.0,0.0,0.0,0.0,0.0,0.0,0.0,0.0,0.0
2022-01-28,1.12,1.0,71.42,3.0,97.61,9.0,0.0,0.0,0.0,0.0
2022-01-29,0.74,2.0,54.03,16.0,87.34,26.0,0.0,0.0,0.0,0.0
2022-01-30,12.28,7.0,48.03,21.0,108.19,39.0,0.0,0.0,0.0,0.0
2022-01-31,7.87,3.0,24.48,6.0,41.54,9.0,0.0,0.0,0.0,0.0
2022-02-01,9.32,6.0,20.49,9.0,35.73,12.0,0.0,0.0,0.0,0.0
2022-02-02,8.69,3.0,27.45,10.0,32.0,12.0,0.0,0.0,0.0,0.0
2022-02-03,0.0,0.0,0.0,0.0,0.0,0.0,0.0,0.0,0.0,0.0
2022-02-04,0.82,1.0,5.25,3.0,9.05,4.0,0.0,0.0,0.0,0.0
2022-02-05,0.0,0.0,0.0,0.0,10.56,3.0,0.0,0.0,0.0,0.0
2022-02-06,0.0,0.0,7.95,2.0,10.05,3.0,0.0,0.0,0.0,0.0
2022-02-07,0.85,2.0,9.36,6.0,31.7,14.0,0.0,0.0,0.0,0.0
2022-02-08,31.63,6.0,52.41,13.0,98.31,25.0,0.0,0.0,0.0,0.0
2022-02-09,0.0,0.0,0.78,1.0,4.22,2.0,0.0,0.0,0.0,0.0
2022-02-10,0.0,0.0,12.25,4.0,157.88,22.0,0.0,0.0,0.0,0.0
2022-02-11,0.0,0.0,2.82,1.0,23.41,6.0,0.0,0.0,0.0,0.0
2022-02-12,9.24,3.0,53.24,13.0,127.15,25.0,0.0,0.0,0.0,0.0
2022-02-13,12.87,4.0,57.65,13.0,121.67,32.0,0.0,0.0,0.0,0.0
2022-02-14,26.72,12.0,112.62,32.0,282.19,68.0,0.0,0.0,0.0,0.0
2022-02-15,34.58,7.0,116.76,37.0,245.58,75.0,0.0,0.0,0.0,0.0
2022-02-16,15.59,7.0,67.32,22.0,112.66,36.0,0.0,0.0,0.0,0.0
2022-02-17,12.44,8.0,43.6,19.0,122.82,38.0,0.0,0.0,0.0,0.0
2022-02-18,0.55,1.0,71.11,17.0,186.09,46.0,0.0,0.0,0.0,0.0
2022-02-19,6.19,6.0,86.06,14.0,168.95,34.0,0.0,0.0,0.0,0.0
2022-02-20,10.28,5.0,53.66,19.0,160.57,55.0,0.0,0.0,0.0,0.0
2022-02-21,3.99,2.0,37.89,9.0,156.04,39.0,0.0,0.0,0.0,0.0
2022-02-22,7.12,3.0,40.11,12.0,140.69,30.0,0.0,0.0,0.0,0.0
2022-02-23,0.0,0.0,0.0,0.0,3.23,1.0,0.0,0.0,0.0,0.0
2022-02-24,1.32,2.0,9.29,5.0,25.84,11.0,0.0,0.0,0.0,0.0
2022-02-25,5.08,3.0,54.76,17.0,99.58,31.0,0.0,0.0,0.0,0.0
2022-02-26,3.45,2.0,4.53,3.0,4.53,3.0,0.0,0.0,0.0,0.0
2022-02-27,4.53,3.0,20.79,7.0,34.81,11.0,0.0,0.0,0.0,0.0
2022-02-28,0.69,1.0,13.81,5.0,40.25,13.0,0.0,0.0,0.0,0.0
2022-03-01,6.31,2.0,48.44,10.0,89.51,21.0,0.0,0.0,0.0,0.0
2022-03-02,2.8,2.0,61.89,12.0,171.95,45.0,0.0,0.0,0.0,0.0
2022-03-03,3.46,2.0,37.08,12.0,70.94,26.0,0.0,0.0,0.0,0.0
2022-03-04,8.59,6.0,44.05,18.0,87.36,33.0,0.0,0.0,0.0,0.0
2022-03-05,0.0,0.0,10.0,4.0,81.12,20.0,0.0,0.0,0.0,0.0
2022-03-06,0.0,0.0,5.1,1.0,5.1,1.0,0.0,0.0,0.0,0.0
2022-03-07,0.9,3.0,35.06,8.0,85.01,17.0,0.0,0.0,0.0,0.0
2022-03-08,13.57,3.0,28.68,8.0,94.92,30.0,0.0,0.0,0.0,0.0
2022-03-09,0.0,0.0,20.45,5.0,83.46,18.0,0.0,0.0,0.0,0.0
2022-03-10,1.51,1.0,46.61,13.0,102.66,24.0,0.0,0.0,0.0,0.0
2022-03-11,0.46,1.0,36.24,6.0,71.97,14.0,0.0,0.0,0.0,0.0
2022-03-12,5.17,6.0,13.57,9.0,99.32,19.0,0.0,0.0,0.0,0.0
2022-03-13,4.16,5.0,21.5,12.0,70.17,28.0,0.0,0.0,0.0,0.0
2022-03-14,2.97,2.0,22.69,4.0,56.9,15.0,0.0,0.0,0.0,0.0
2022-03-15,1.21,2.0,1.21,2.0,25.68,10.0,0.0,0.0,0.0,0.0
2022-03-16,6.22,3.0,10.01,4.0,22.02,8.0,0.0,0.0,0.0,0.0
2022-03-17,0.0,0.0,0.0,0.0,52.36,15.0,0.0,0.0,0.0,0.0
2022-03-18,0.0,0.0,17.9,2.0,30.16,6.0,0.0,0.0,0.0,0.0
2022-03-19,0.0,0.0,27.99,8.0,87.0,26.0,0.0,0.0,0.0,0.0
2022-03-20,0.44,1.0,14.9,7.0,63.27,22.0,0.0,0.0,0.0,0.0
2022-03-21,0.66,1.0,7.51,3.0,99.39,17.0,0.0,0.0,0.0,0.0
2022-03-22,0.55,1.0,4.67,2.0,48.49,10.0,0.0,0.0,0.0,0.0
2022-03-23,10.2,4.0,13.79,6.0,114.93,22.0,0.0,0.0,0.0,0.0
2022-03-24,0.39,1.0,21.33,9.0,82.19,30.0,0.0,0.0,0.0,0.0
2022-03-25,0.0,0.0,15.13,3.0,136.81,26.0,0.0,0.0,0.0,0.0
2022-03-26,1.94,2.0,15.47,4.0,115.66,20.0,0.0,0.0,0.0,0.0
2022-03-27,0.0,0.0,10.04,3.0,79.27,18.0,0.0,0.0,0.0,0.0
2022-03-28,6.15,3.0,12.03,5.0,288.99,35.0,0.0,0.0,0.0,0.0
2022-03-29,1.48,1.0,17.77,5.0,149.72,30.0,0.0,0.0,0.0,0.0
2022-03-30,10.04,1.0,14.02,2.0,107.14,21.0,0.0,0.0,0.0,0.0
2022-03-31,0.57,1.0,5.07,3.0,40.81,12.0,0.0,0.0,0.0,0.0
2022-04-01,29.23,4.0,35.72,7.0,48.36,13.0,0.0,0.0,0.0,0.0
2022-04-02,0.6,1.0,0.6,1.0,33.03,12.0,0.0,0.0,0.0,0.0
2022-04-03,5.05,5.0,11.13,8.0,69.01,27.0,0.0,0.0,0.0,0.0
2022-04-04,0.69,1.0,6.37,3.0,116.76,42.0,0.0,0.0,0.0,0.0
2022-04-05,1.95,1.0,12.26,5.0,47.47,16.0,0.0,0.0,0.0,0.0
2022-04-06,4.69,4.0,9.71,5.0,50.01,22.0,0.0,0.0,0.0,0.0
2022-04-07,19.1,4.0,34.47,8.0,83.05,22.0,0.0,0.0,0.0,0.0
2022-04-08,2.67,2.0,9.44,5.0,53.68,26.0,0.0,0.0,0.0,0.0
2022-04-09,13.67,3.0,23.86,7.0,110.03,39.0,0.0,0.0,0.0,0.0
2022-04-10,112.89,2.0,118.72,5.0,188.26,18.0,0.0,0.0,0.0,0.0
2022-04-11,4.43,1.0,10.07,3.0,80.7,10.0,0.0,0.0,0.0,0.0
2022-04-12,0.0,0.0,1.11,2.0,1.11,2.0,0.0,0.0,0.0,0.0
2022-04-13,0.67,1.0,30.92,9.0,247.06,44.0,0.0,0.0,0.0,0.0
2022-04-14,21.53,6.0,89.83,26.0,196.51,66.0,0.0,0.0,0.0,0.0
2022-04-15,2.01,2.0,41.93,14.0,120.03,62.0,0.0,0.0,0.0,0.0
2022-04-16,8.39,2.0,68.21,12.0,449.47,128.0,0.0,0.0,0.0,0.0
2022-04-17,5.54,2.0,217.29,38.0,409.88,93.0,0.0,0.0,0.0,0.0
2022-04-18,39.99,8.0,246.87,35.0,856.7,140.0,0.0,0.0,0.0,0.0
2022-04-19,244.4,20.0,392.89,41.0,826.29,187.0,0.0,0.0,0.0,0.0
2022-04-20,141.0,3.0,149.67,5.0,374.8,87.0,0.0,0.0,0.0,0.0
2022-04-21,0.0,0.0,4.52,1.0,18.19,8.0,0.0,0.0,0.0,0.0
2022-04-22,21.73,6.0,98.61,33.0,321.56,102.0,0.0,0.0,0.0,0.0
2022-04-23,88.44,17.0,398.22,63.0,1258.53,236.0,0.0,0.0,0.0,0.0
2022-04-24,94.17,13.0,474.97,65.0,3256.17,437.0,0.0,0.0,0.0,0.0
2022-04-25,15.43,5.0,245.71,44.0,1080.59,189.0,0.0,0.0,0.0,0.0
2022-04-26,14.17,3.0,204.53,40.0,1210.21,203.0,0.0,0.0,0.0,0.0
2022-04-27,209.64,32.0,1192.32,171.0,4460.04,616.0,0.0,0.0,0.0,0.0
2022-04-28,141.15,31.0,1323.23,212.0,5082.07,813.0,0.0,0.0,0.0,0.0
2022-04-29,122.59,25.0,1293.63,172.0,6197.23,764.0,0.0,0.0,0.0,0.0
2022-04-30,172.88,19.0,1320.09,166.0,6093.29,729.0,0.0,0.0,0.0,0.0
2022-05-01,1.53,1.0,100.71,15.0,626.99,113.0,0.0,0.0,0.0,0.0
2022-05-02,30.1,8.0,297.31,51.0,1093.45,194.0,0.0,0.0,0.0,0.0
2022-05-03,0.0,0.0,10.77,4.0,204.76,52.0,0.0,0.0,0.0,0.0
2022-05-04,0.0,0.0,67.74,12.0,704.72,108.0,0.0,0.0,0.0,0.0
2022-05-05,0.0,0.0,212.22,44.0,783.76,153.0,0.0,0.0,0.0,0.0
2022-05-06,0.0,0.0,0.64,1.0,59.92,23.0,0.0,0.0,0.0,0.0
2022-05-07,18.16,5.0,243.48,56.0,1405.86,268.0,0.0,0.0,0.0,0.0
2022-05-08,93.1,21.0,216.17,54.0,975.18,237.0,0.0,0.0,0.0,0.0
2022-05-09,11.81,2.0,51.78,11.0,169.94,46.0,0.0,0.0,0.0,0.0
2022-05-10,12.61,5.0,84.18,17.0,334.44,82.0,0.0,0.0,0.0,0.0
2022-05-11,28.01,10.0,39.01,12.0,178.6,51.0,0.0,0.0,0.0,0.0
2022-05-12,10.71,1.0,39.29,7.0,394.52,80.0,0.0,0.0,0.0,0.0
2022-05-13,19.18,5.0,63.27,17.0,376.57,83.0,0.0,0.0,0.0,0.0
2022-05-14,25.23,6.0,86.14,18.0,371.34,73.0,0.0,0.0,0.0,0.0
2022-05-15,9.73,2.0,74.27,13.0,152.8,21.0,0.0,0.0,0.0,0.0
2022-05-16,10.78,2.0,20.31,4.0,51.77,13.0,0.0,0.0,0.0,0.0
2022-05-17,0.0,0.0,0.0,0.0,10.21,2.0,0.0,0.0,0.0,0.0
2022-05-18,0.0,0.0,11.32,3.0,36.8,11.0,0.0,0.0,0.0,0.0
2022-05-19,0.0,0.0,3.16,1.0,102.69,23.0,0.0,0.0,0.0,0.0
2022-05-20,0.0,0.0,13.83,2.0,64.39,16.0,0.0,0.0,0.0,0.0
2022-05-21,1.29,2.0,19.63,4.0,107.24,26.0,0.0,0.0,0.0,0.0
2022-05-22,1.98,2.0,1.98,2.0,27.99,9.0,0.0,0.0,0.0,0.0
2022-05-23,0.0,0.0,0.0,0.0,0.0,0.0,0.0,0.0,0.0,0.0
2022-05-24,0.33,1.0,0.33,1.0,0.33,1.0,0.0,0.0,0.0,0.0
2022-05-25,0.87,2.0,3.34,3.0,3.82,4.0,0.0,0.0,0.0,0.0
2022-05-26,0.0,0.0,0.0,0.0,20.16,4.0,0.0,0.0,0.0,0.0
2022-05-27,6.15,2.0,6.15,2.0,18.28,8.0,0.0,0.0,0.0,0.0
2022-05-28,0.0,0.0,0.0,0.0,43.93,7.0,0.0,0.0,0.0,0.0
2022-05-29,0.0,0.0,0.0,0.0,18.43,2.0,0.0,0.0,0.0,0.0
2022-05-30,0.0,0.0,0.0,0.0,14.17,2.0,0.0,0.0,0.0,0.0
2022-05-31,2.32,2.0,2.32,2.0,11.54,7.0,0.0,0.0,0.0,0.0
2022-06-01,2.35,1.0,7.79,3.0,11.23,4.0,0.0,0.0,0.0,0.0
2022-06-02,0.0,0.0,0.0,0.0,14.84,6.0,0.0,0.0,0.0,0.0
2022-06-03,0.0,0.0,0.0,0.0,157.5,17.0,0.0,0.0,0.0,0.0
2022-06-04,0.0,0.0,2.79,1.0,164.81,24.0,0.0,0.0,0.0,0.0
2022-06-05,5.45,1.0,38.42,4.0,125.02,18.0,0.0,0.0,0.0,0.0
2022-06-06,12.0,2.0,27.76,6.0,324.74,27.0,0.0,0.0,0.0,0.0
2022-06-07,0.0,0.0,0.0,0.0,36.58,8.0,0.0,0.0,0.0,0.0
2022-06-08,5.44,1.0,5.44,1.0,78.05,16.0,0.0,0.0,0.0,0.0
2022-06-09,3.5,2.0,4.32,3.0,38.97,13.0,0.0,0.0,0.0,0.0
2022-06-10,0.0,0.0,0.0,0.0,25.24,5.0,0.0,0.0,0.0,0.0
2022-06-11,11.28,2.0,29.92,6.0,116.12,25.0,0.0,0.0,0.0,0.0
2022-06-12,14.82,2.0,19.3,3.0,97.24,25.0,0.0,0.0,0.0,0.0
2022-06-13,0.0,0.0,2.89,1.0,36.95,9.0,0.0,0.0,0.0,0.0
2022-06-14,0.0,0.0,0.0,0.0,3.91,1.0,0.0,0.0,0.0,0.0
2022-06-15,0.0,0.0,5.5,2.0,27.06,7.0,0.0,0.0,0.0,0.0
2022-06-16,0.0,0.0,27.09,5.0,120.01,30.0,0.0,0.0,0.0,0.0
2022-06-17,0.0,0.0,0.0,0.0,13.28,3.0,0.0,0.0,0.0,0.0
2022-06-18,0.0,0.0,0.0,0.0,0.0,0.0,0.0,0.0,0.0,0.0
2022-06-19,1.82,1.0,1.82,1.0,3.12,2.0,0.0,0.0,0.0,0.0
2022-06-20,0.0,0.0,0.0,0.0,0.0,0.0,0.0,0.0,0.0,0.0
2022-06-21,0.75,1.0,0.75,1.0,0.75,1.0,0.0,0.0,0.0,0.0
2022-06-22,2.48,2.0,3.31,3.0,17.32,6.0,0.0,0.0,0.0,0.0
2022-06-23,0.84,1.0,0.84,1.0,32.56,5.0,0.0,0.0,0.0,0.0
2022-06-24,0.51,1.0,12.64,4.0,66.94,13.0,0.0,0.0,0.0,0.0
2022-06-25,0.0,0.0,1.86,1.0,15.98,5.0,0.0,0.0,0.0,0.0
2022-06-26,0.75,1.0,0.75,1.0,3.05,2.0,0.0,0.0,0.0,0.0
2022-06-27,3.0,3.0,3.0,3.0,8.44,6.0,0.0,0.0,0.0,0.0
2022-06-28,0.0,0.0,0.61,1.0,0.61,1.0,0.0,0.0,0.0,0.0
2022-06-29,0.0,0.0,0.0,0.0,1.4,1.0,0.0,0.0,0.0,0.0
2022-06-30,0.0,0.0,0.0,0.0,0.0,0.0,0.0,0.0,0.0,0.0
2022-07-01,0.0,0.0,0.0,0.0,0.0,0.0,0.0,0.0,0.0,0.0
2022-07-02,0.0,0.0,0.0,0.0,0.0,0.0,0.0,0.0,0.0,0.0
2022-07-03,0.0,0.0,0.0,0.0,11.55,3.0,0.0,0.0,0.0,0.0
2022-07-04,0.0,0.0,0.0,0.0,3.86,1.0,0.0,0.0,0.0,0.0
2022-07-05,0.0,0.0,0.0,0.0,17.63,5.0,0.0,0.0,0.0,0.0
2022-07-06,0.0,0.0,0.0,0.0,0.0,0.0,0.0,0.0,0.0,0.0
2022-07-07,0.0,0.0,0.0,0.0,0.0,0.0,0.0,0.0,0.0,0.0
2022-07-08,0.35,1.0,5.08,2.0,10.18,3.0,0.0,0.0,0.0,0.0
2022-07-09,0.0,0.0,0.0,0.0,0.0,0.0,0.0,0.0,0.0,0.0
2022-07-10,0.0,0.0,0.0,0.0,0.0,0.0,0.0,0.0,0.0,0.0
2022-07-11,0.0,0.0,0.0,0.0,123.81,15.0,0.0,0.0,0.0,0.0
2022-07-12,0.57,1.0,0.57,1.0,2.14,3.0,0.0,0.0,0.0,0.0
2022-07-13,0.0,0.0,0.0,0.0,0.0,0.0,0.0,0.0,0.0,0.0
2022-07-14,0.0,0.0,0.0,0.0,12.97,4.0,0.0,0.0,0.0,0.0
2022-07-15,5.89,2.0,5.89,2.0,10.13,4.0,0.0,0.0,0.0,0.0
2022-07-16,0.0,0.0,0.0,0.0,0.0,0.0,0.0,0.0,0.0,0.0
2022-07-17,0.0,0.0,0.0,0.0,3.85,1.0,0.0,0.0,0.0,0.0
2022-07-18,5.44,2.0,5.44,2.0,13.92,4.0,0.0,0.0,0.0,0.0
2022-07-19,0.92,2.0,1.7,3.0,1.7,3.0,0.0,0.0,0.0,0.0
2022-07-20,0.0,0.0,0.0,0.0,0.78,1.0,0.0,0.0,0.0,0.0
2022-07-21,0.0,0.0,0.0,0.0,0.0,0.0,0.0,0.0,0.0,0.0
2022-07-22,0.0,0.0,0.0,0.0,0.0,0.0,0.0,0.0,0.0,0.0
2022-07-23,0.0,0.0,0.0,0.0,0.0,0.0,0.0,0.0,0.0,0.0
2022-07-24,2.42,2.0,2.42,2.0,2.42,2.0,0.0,0.0,0.0,0.0
2022-07-25,3.25,1.0,3.25,1.0,3.82,2.0,0.0,0.0,0.0,0.0
2022-07-26,0.0,0.0,18.82,2.0,18.82,2.0,0.0,0.0,0.0,0.0
2022-07-27,0.0,0.0,0.0,0.0,0.0,0.0,0.0,0.0,0.0,0.0
2022-07-28,0.0,0.0,0.0,0.0,0.0,0.0,0.0,0.0,0.0,0.0
2022-07-29,0.0,0.0,0.0,0.0,0.0,0.0,0.0,0.0,0.0,0.0
2022-07-30,0.0,0.0,0.0,0.0,0.0,0.0,0.0,0.0,0.0,0.0
2022-07-31,0.0,0.0,0.0,0.0,0.0,0.0,0.0,0.0,0.0,0.0
2022-08-01,0.0,0.0,0.0,0.0,0.0,0.0,0.0,0.0,0.0,0.0
2022-08-02,0.0,0.0,0.0,0.0,0.0,0.0,0.0,0.0,0.0,0.0
2022-08-03,0.0,0.0,0.0,0.0,0.0,0.0,0.0,0.0,0.0,0.0
2022-08-04,0.0,0.0,0.0,0.0,0.0,0.0,0.0,0.0,0.0,0.0
2022-08-05,0.0,0.0,0.0,0.0,0.0,0.0,0.0,0.0,0.0,0.0
2022-08-06,0.0,0.0,0.0,0.0,0.0,0.0,0.0,0.0,0.0,0.0
2022-08-07,0.0,0.0,0.0,0.0,0.0,0.0,0.0,0.0,0.0,0.0
2022-08-08,0.0,0.0,0.0,0.0,0.0,0.0,0.0,0.0,0.0,0.0
2022-08-09,0.0,0.0,0.0,0.0,0.0,0.0,0.0,0.0,0.0,0.0
2022-08-10,0.0,0.0,0.0,0.0,0.0,0.0,0.0,0.0,0.0,0.0
2022-08-11,0.52,1.0,0.52,1.0,0.52,1.0,0.0,0.0,0.0,0.0
2022-08-12,2.95,1.0,2.95,1.0,2.95,1.0,0.0,0.0,0.0,0.0
2022-08-13,0.0,0.0,0.0,0.0,2.16,1.0,0.0,0.0,0.0,0.0
2022-08-14,0.0,0.0,0.0,0.0,0.0,0.0,0.0,0.0,0.0,0.0
2022-08-15,0.0,0.0,0.0,0.0,0.0,0.0,0.0,0.0,0.0,0.0
2022-08-16,0.0,0.0,1.43,1.0,1.43,1.0,0.0,0.0,0.0,0.0
2022-08-17,0.0,0.0,0.0,0.0,1.71,1.0,0.0,0.0,0.0,0.0
2022-08-18,0.0,0.0,1.62,1.0,1.62,1.0,0.0,0.0,0.0,0.0
2022-08-19,0.0,0.0,0.0,0.0,0.0,0.0,0.0,0.0,0.0,0.0
2022-08-20,0.0,0.0,0.0,0.0,0.0,0.0,0.0,0.0,0.0,0.0
2022-08-21,0.0,0.0,0.0,0.0,0.0,0.0,0.0,0.0,0.0,0.0
2022-08-22,1.47,2.0,1.47,2.0,2.52,3.0,0.0,0.0,0.0,0.0
2022-08-23,0.0,0.0,0.0,0.0,0.0,0.0,0.0,0.0,0.0,0.0
2022-08-24,0.0,0.0,0.0,0.0,0.0,0.0,0.0,0.0,0.0,0.0
2022-08-25,5.66,2.0,5.66,2.0,5.66,2.0,0.0,0.0,0.0,0.0
2022-08-26,2.9,1.0,2.9,1.0,4.17,2.0,0.0,0.0,0.0,0.0
2022-08-27,0.0,0.0,4.05,1.0,18.01,4.0,0.0,0.0,0.0,0.0
2022-08-28,0.0,0.0,0.0,0.0,0.0,0.0,0.0,0.0,0.0,0.0
2022-08-29,1.88,1.0,1.88,1.0,3.84,2.0,0.0,0.0,0.0,0.0
2022-08-30,1.8,3.0,1.8,3.0,4.47,5.0,0.0,0.0,0.0,0.0
2022-08-31,0.0,0.0,0.0,0.0,0.0,0.0,0.0,0.0,0.0,0.0
2022-09-01,0.0,0.0,0.0,0.0,0.0,0.0,0.0,0.0,0.0,0.0
2022-09-02,0.0,0.0,0.0,0.0,0.0,0.0,0.0,0.0,0.0,0.0
2022-09-03,0.0,0.0,1.31,1.0,1.31,1.0,0.0,0.0,0.0,0.0
2022-09-04,3.82,3.0,3.82,3.0,5.63,4.0,0.0,0.0,0.0,0.0
2022-09-05,3.46,3.0,6.48,4.0,11.77,7.0,0.0,0.0,0.0,0.0
2022-09-06,1.48,1.0,1.48,1.0,1.48,1.0,0.0,0.0,0.0,0.0
2022-09-07,1.84,2.0,1.84,2.0,6.63,4.0,0.0,0.0,0.0,0.0
2022-09-08,0.0,0.0,0.0,0.0,0.0,0.0,0.0,0.0,0.0,0.0
2022-09-09,2.68,2.0,2.68,2.0,2.68,2.0,0.0,0.0,0.0,0.0
2022-09-10,0.6,1.0,0.6,1.0,23.31,8.0,0.0,0.0,0.0,0.0
2022-09-11,0.0,0.0,0.0,0.0,0.0,0.0,0.0,0.0,0.0,0.0
2022-09-12,0.0,0.0,0.0,0.0,9.77,2.0,0.0,0.0,0.0,0.0
2022-09-13,0.0,0.0,0.0,0.0,0.0,0.0,0.0,0.0,0.0,0.0
2022-09-14,0.0,0.0,0.0,0.0,0.0,0.0,0.0,0.0,0.0,0.0
2022-09-15,0.0,0.0,0.0,0.0,0.0,0.0,0.0,0.0,0.0,0.0
2022-09-16,0.83,1.0,0.83,1.0,0.83,1.0,0.0,0.0,0.0,0.0
2022-09-17,1.51,1.0,1.51,1.0,1.51,1.0,0.0,0.0,0.0,0.0
2022-09-18,0.0,0.0,0.0,0.0,3.68,1.0,0.0,0.0,1.47,0.4
2022-09-19,0.0,0.0,0.0,0.0,0.0,0.0,0.0,0.0,0.0,0.0
2022-09-20,0.0,0.0,0.0,0.0,0.0,0.0,0.0,0.0,0.0,0.0
2022-09-21,0.0,0.0,0.81,1.0,0.81,1.0,0.0,0.0,0.0,0.0
2022-09-22,0.0,0.0,0.0,0.0,0.0,0.0,0.0,0.0,0.0,0.0
2022-09-23,0.0,0.0,0.0,0.0,0.0,0.0,0.0,0.0,0.0,0.0
2022-09-24,0.0,0.0,0.0,0.0,0.0,0.0,0.0,0.0,0.0,0.0
2022-09-25,0.0,0.0,0.69,1.0,0.69,1.0,0.22,0.32,0.22,0.32
2022-09-26,0.98,1.0,0.98,1.0,0.98,1.0,0.0,0.0,0.0,0.0
2022-09-27,2.8,1.0,5.89,3.0,13.3,6.0,1.16,0.42,6.22,1.75
2022-09-28,0.44,1.0,0.44,1.0,1.83,3.0,0.37,0.83,1.37,1.77
2022-09-29,0.0,0.0,1.64,1.0,1.64,1.0,0.0,0.0,0.0,0.0
2022-09-30,2.68,4.0,2.68,4.0,7.1,6.0,1.07,1.75,2.87,2.71
2022-10-01,2.19,2.0,2.91,3.0,14.54,8.0,2.63,2.79,6.93,3.52
2022-10-02,2.53,2.0,14.48,6.0,56.96,19.0,6.25,2.6,29.38,9.78
2022-10-03,0.0,0.0,15.93,4.0,32.21,8.0,9.76,2.28,15.41,3.35
2022-10-04,1.33,3.0,1.33,3.0,33.55,15.0,0.24,0.55,15.78,6.38
2022-10-05,0.0,0.0,0.0,0.0,69.89,23.0,0.0,0.0,0.06,0.02
2022-10-06,0.0,0.0,0.0,0.0,116.55,26.0,0.0,0.0,0.0,0.0
2022-10-07,0.0,0.0,0.0,0.0,23.31,8.0,0.0,0.0,0.0,0.0
2022-10-08,0.0,0.0,0.0,0.0,0.0,0.0,0.0,0.0,0.0,0.0
2022-10-09,0.0,0.0,0.0,0.0,0.0,0.0,0.0,0.0,0.0,0.0
2022-10-10,0.0,0.0,0.0,0.0,9.51,2.0,0.0,0.0,0.0,0.0
2022-10-11,0.41,1.0,0.41,1.0,1.93,3.0,0.36,0.87,1.07,1.81
2022-10-12,0.43,1.0,0.43,1.0,8.79,5.0,0.33,0.77,8.2,4.54
2022-10-13,19.32,5.0,23.53,7.0,143.49,33.0,17.16,5.54,123.7,28.48
2022-10-14,0.92,1.0,0.92,1.0,138.58,33.0,0.0,0.0,120.88,27.28
2022-10-15,0.39,1.0,0.39,1.0,151.58,49.0,0.36,0.93,117.45,36.82
2022-10-16,2.88,3.0,2.88,3.0,455.4,90.0,0.77,0.94,363.5,67.95
2022-10-17,2.82,5.0,21.06,9.0,612.44,110.0,3.96,3.34,283.97,50.08
2022-10-18,5.98,4.0,30.36,13.0,799.18,197.0,1.74,0.93,71.17,18.52
2022-10-19,15.12,4.0,19.76,6.0,557.98,125.0,8.05,2.57,8.05,2.57
2022-10-20,0.0,0.0,16.57,4.0,317.73,84.0,11.48,2.56,11.48,2.56
2022-10-21,1.2,2.0,6.11,4.0,432.98,108.0,0.05,0.05,291.69,69.09
2022-10-22,0.38,1.0,32.32,11.0,1002.02,181.0,4.2,2.74,883.79,154.19
2022-10-23,18.67,10.0,114.04,38.0,1529.23,347.0,9.33,5.31,1250.43,265.09
2022-10-24,45.24,13.0,133.71,39.0,1960.88,384.0,16.37,6.42,1482.18,258.1
2022-10-25,28.92,5.0,64.52,14.0,782.79,129.0,0.0,0.0,413.28,61.18
2022-10-26,0.0,0.0,46.05,8.0,824.48,150.0,28.73,4.82,749.24,134.68
2022-10-27,10.87,1.0,29.69,6.0,991.82,164.0,2.48,0.94,752.05,112.72
2022-10-28,4.52,2.0,29.42,10.0,1049.83,208.0,1.66,0.58,637.49,124.91
2022-10-29,16.45,4.0,37.05,12.0,1239.08,230.0,10.02,2.67,1109.97,190.89
2022-10-30,2.37,1.0,27.84,8.0,942.52,165.0,4.55,0.95,670.65,106.21
2022-10-31,0.0,0.0,32.92,7.0,595.35,104.0,0.0,0.0,297.84,44.76
2022-11-01,19.72,3.0,34.25,7.0,1054.14,149.0,16.97,2.85,17.12,2.9
2022-11-02,8.09,2.0,29.54,6.0,1300.91,202.0,3.01,1.83,1144.48,169.11
2022-11-03,16.08,6.0,55.39,18.0,1277.63,204.0,18.5,6.99,1142.73,165.81
2022-11-04,3.59,1.0,34.37,7.0,425.99,92.0,5.86,0.87,38.61,10.81
2022-11-05,0.64,1.0,5.78,3.0,1012.23,149.0,3.48,0.98,15.91,4.46
2022-11-06,0.0,0.0,2.49,1.0,191.38,45.0,1.92,0.77,1.92,0.77
2022-11-07,1.34,2.0,46.05,10.0,251.72,44.0,8.56,2.56,94.23,16.12
2022-11-08,3.99,2.0,32.57,11.0,83.6,26.0,0.0,0.0,22.77,4.84
2022-11-09,1.89,1.0,46.64,12.0,332.76,61.0,28.94,7.08,251.93,45.7
2022-11-10,0.0,0.0,11.67,4.0,216.54,41.0,0.86,0.34,177.79,31.32
2022-11-11,1.85,2.0,36.19,8.0,627.49,119.0,1.85,2.0,488.4,87.01
2022-11-12,2.21,3.0,24.05,10.0,623.82,115.0,11.25,2.49,529.19,89.06
2022-11-13,7.79,3.0,83.95,28.0,509.05,140.0,31.19,10.84,190.14,56.95
2022-11-14,0.0,0.0,41.91,15.0,143.16,40.0,2.58,1.28,24.65,8.43
2022-11-15,3.58,2.0,18.43,7.0,114.7,41.0,5.29,1.86,59.36,23.1
2022-11-16,8.3,4.0,34.37,13.0,296.7,59.0,21.28,6.57,245.06,39.4
2022-11-17,2.22,1.0,11.71,4.0,371.0,49.0,3.19,0.69,289.13,30.23
2022-11-18,14.04,7.0,75.67,24.0,440.44,107.0,50.01,14.6,332.5,77.02
2022-11-19,12.56,6.0,73.15,26.0,333.74,96.0,22.26,7.93,224.57,59.61
2022-11-20,1.3,2.0,26.6,10.0,185.0,55.0,9.54,3.44,107.38,30.49
2022-11-21,3.63,1.0,16.91,5.0,70.89,21.0,6.16,2.39,45.19,13.69
2022-11-22,0.69,2.0,33.36,11.0,115.99,40.0,28.78,9.24,91.71,30.35
2022-11-23,18.42,10.0,67.0,22.0,209.29,50.0,21.81,9.38,102.31,23.14
2022-11-24,13.45,7.0,84.72,32.0,278.78,87.0,20.73,8.99,121.23,36.57
2022-11-25,7.35,2.0,67.82,18.0,229.21,65.0,24.15,6.97,98.9,25.06
2022-11-26,5.76,2.0,34.61,9.0,75.92,22.0,14.01,2.91,20.62,5.69
2022-11-27,11.3,3.0,56.61,18.0,149.0,49.0,15.26,7.5,47.19,18.26
2022-11-28,28.79,6.0,49.51,12.0,152.55,34.0,7.28,2.54,60.52,14.49
2022-11-29,22.32,7.0,142.75,39.0,230.86,69.0,27.56,10.49,54.5,19.86
2022-11-30,34.56,12.0,150.58,52.0,338.37,117.0,35.54,13.75,120.56,34.07
2022-12-01,6.38,3.0,71.47,26.0,194.99,59.0,12.64,4.13,37.3,10.17
2022-12-02,11.66,5.0,55.7,12.0,98.87,31.0,27.98,3.82,29.85,4.8
2022-12-03,0.77,1.0,56.3,22.0,132.39,54.0,6.31,2.64,12.37,5.2
2022-12-04,13.83,3.0,124.52,36.0,221.52,68.0,39.58,11.59,62.03,18.58
2022-12-05,19.1,7.0,164.03,62.0,327.73,122.0,52.28,19.53,86.94,29.35
2022-12-06,14.05,3.0,65.73,16.0,215.3,44.0,10.27,2.64,115.65,15.54
2022-12-07,13.82,4.0,53.57,16.0,152.51,43.0,18.59,4.33,47.81,13.03
2022-12-08,12.05,5.0,50.14,21.0,121.31,40.0,13.17,6.48,21.68,10.17
2022-12-09,6.04,6.0,67.64,27.0,136.76,48.0,24.9,12.3,45.09,19.34
2022-12-10,13.27,7.0,177.94,49.0,335.78,105.0,80.15,16.78,132.31,33.54
2022-12-11,31.58,13.0,160.47,53.0,351.8,115.0,39.47,11.95,94.84,27.31
2022-12-12,0.0,0.0,100.39,25.0,273.99,65.0,41.38,12.11,121.22,26.72
2022-12-13,3.63,2.0,30.15,13.0,244.22,55.0,8.32,4.35,102.87,18.77
2022-12-14,16.91,4.0,26.69,9.0,79.46,21.0,8.47,2.73,30.3,6.9
2022-12-15,7.29,10.0,111.88,32.0,280.73,78.0,48.52,13.11,89.1,23.1
2022-12-16,31.07,14.0,122.78,51.0,322.21,111.0,23.19,12.28,60.72,19.99
2022-12-17,4.24,2.0,88.15,32.0,230.98,74.0,11.6,3.93,47.62,13.2
2022-12-18,7.81,4.0,38.51,19.0,149.34,49.0,8.11,4.57,68.35,14.56
2022-12-19,12.0,6.0,55.74,19.0,108.13,42.0,10.27,3.21,24.42,8.43
2022-12-20,57.73,14.0,119.42,31.0,126.86,34.0,20.38,7.63,23.41,9.11
2022-12-21,46.61,13.0,134.36,52.0,235.88,90.0,58.8,24.01,101.29,43.68
2022-12-22,0.0,0.0,43.26,14.0,126.67,41.0,12.06,4.28,38.65,13.23
2022-12-23,7.35,2.0,44.29,14.0,85.1,25.0,31.55,10.81,45.29,15.48
2022-12-24,5.57,2.0,40.39,14.0,89.82,29.0,12.17,4.31,33.03,11.14
2022-12-25,31.55,9.0,50.33,15.0,90.1,24.0,4.75,2.21,12.94,4.8
2022-12-26,7.6,3.0,43.5,16.0,108.27,42.0,8.87,3.11,24.64,10.3
2022-12-27,1.75,1.0,22.65,8.0,58.64,18.0,4.1,1.43,10.01,3.21
2022-12-28,4.33,2.0,18.91,5.0,105.13,16.0,9.33,1.68,58.18,6.25
2022-12-29,3.01,1.0,9.64,4.0,9.64,4.0,2.95,0.98,2.95,0.98
2022-12-30,0.0,0.0,8.76,2.0,37.76,10.0,0.07,0.02,0.38,0.12
2022-12-31,5.11,3.0,38.62,17.0,75.67,29.0,9.73,4.83,18.98,8.67
2023-01-01,4.91,2.0,28.97,6.0,33.81,8.0,12.8,1.98,17.43,3.87
2023-01-02,0.0,0.0,11.36,5.0,20.75,8.0,1.5,1.01,1.53,1.01
2023-01-03,0.0,0.0,0.0,0.0,1.1,1.0,0.0,0.0,0.0,0.0
2023-01-04,2.1,1.0,6.06,4.0,17.27,10.0,1.42,1.07,8.9,4.93
2023-01-05,0.0,0.0,8.66,3.0,8.66,3.0,6.75,2.45,6.75,2.45
2023-01-06,19.61,7.0,33.54,12.0,53.87,18.0,5.02,1.61,8.23,3.52
2023-01-07,6.62,2.0,26.63,7.0,33.52,8.0,9.86,2.41,9.86,2.41
2023-01-08,0.0,0.0,0.0,0.0,0.0,0.0,0.0,0.0,0.0,0.0
2023-01-09,0.0,0.0,0.0,0.0,8.02,2.0,0.0,0.0,0.0,0.0
2023-01-10,0.0,0.0,10.66,4.0,15.09,6.0,10.15,3.84,10.15,3.84
2023-01-11,0.0,0.0,40.15,11.0,47.28,12.0,0.0,0.0,0.0,0.0
2023-01-12,11.31,3.0,33.49,11.0,195.47,48.0,3.69,0.73,17.57,5.51
2023-01-13,0.0,0.0,4.64,1.0,9.77,2.0,0.0,0.0,3.0,0.58
2023-01-14,0.0,0.0,15.44,2.0,18.62,3.0,12.72,1.65,15.57,2.54
2023-01-15,4.95,2.0,47.66,13.0,153.41,23.0,16.43,5.88,19.56,6.57
2023-01-16,17.02,3.0,58.72,21.0,114.43,38.0,15.63,7.59,32.69,13.95
2023-01-17,39.36,10.0,80.05,20.0,151.12,46.0,33.83,7.19,61.38,18.17
2023-01-18,15.67,6.0,72.94,22.0,148.9,40.0,27.13,7.01,42.27,10.67
2023-01-19,11.48,5.0,39.19,15.0,51.3,18.0,24.72,8.74,32.21,10.46
2023-01-20,8.51,4.0,22.16,9.0,47.38,17.0,2.92,1.87,4.2,2.28
2023-01-21,13.04,6.0,57.5,19.0,148.49,45.0,37.17,12.42,80.53,23.9
2023-01-22,24.07,11.0,104.56,43.0,260.65,93.0,71.34,27.08,167.74,57.13
2023-01-23,18.72,6.0,97.47,25.0,196.38,50.0,59.79,17.22,109.84,30.0
2023-01-24,0.0,0.0,8.15,2.0,8.97,3.0,0.0,0.0,0.0,0.0
2023-01-25,0.75,1.0,1.38,2.0,5.48,4.0,1.19,1.71,2.46,2.39
2023-01-26,28.0,4.0,28.0,4.0,34.46,7.0,0.0,0.0,0.59,0.92
2023-01-27,10.78,7.0,56.63,20.0,137.56,45.0,17.51,8.6,32.41,13.44
2023-01-28,2.73,1.0,37.27,14.0,120.47,43.0,3.95,2.04,23.03,7.25
2023-01-29,0.0,0.0,0.0,0.0,0.0,0.0,0.0,0.0,0.0,0.0
2023-01-30,0.0,0.0,0.0,0.0,0.0,0.0,0.0,0.0,0.0,0.0
2023-01-31,0.0,0.0,0.0,0.0,25.81,6.0,0.0,0.0,2.54,0.65
2023-02-01,1.04,2.0,19.41,7.0,69.23,21.0,3.36,1.92,11.19,4.14
2023-02-02,1.44,3.0,52.81,19.0,125.59,46.0,5.29,2.84,14.2,6.9
2023-02-03,10.14,5.0,59.37,14.0,107.57,28.0,6.61,2.67,17.96,5.83
2023-02-04,6.17,3.0,63.83,17.0,114.2,34.0,29.63,6.32,37.95,8.87
2023-02-05,13.83,6.0,71.02,23.0,135.06,47.0,19.23,4.49,22.23,5.24
2023-02-06,29.26,8.0,64.99,21.0,171.72,51.0,8.72,2.39,24.19,7.02
2023-02-07,9.56,6.0,71.41,30.0,205.07,68.0,25.01,7.27,61.29,16.34
2023-02-08,7.65,2.0,30.71,8.0,185.76,31.0,14.39,4.09,38.87,7.68
2023-02-09,9.59,4.0,46.48,16.0,153.2,33.0,0.0,0.0,1.04,0.35
2023-02-10,2.64,1.0,16.93,6.0,65.07,21.0,0.24,0.1,1.18,0.66
2023-02-11,24.68,7.0,70.18,21.0,220.6,40.0,20.92,6.97,48.51,14.04
2023-02-12,18.16,8.0,75.23,27.0,290.89,89.0,17.72,8.5,56.84,19.47
2023-02-13,7.79,5.0,108.15,24.0,603.47,99.0,41.55,10.61,106.25,17.65
2023-02-14,9.72,3.0,33.36,8.0,195.26,33.0,4.87,1.1,27.16,6.57
2023-02-15,3.44,2.0,17.57,6.0,44.03,13.0,5.14,1.28,10.62,3.34
2023-02-16,1.89,1.0,24.77,8.0,98.37,23.0,16.9,5.49,42.65,10.35
2023-02-17,4.02,3.0,19.38,6.0,44.13,13.0,4.3,2.65,9.46,4.82
2023-02-18,33.95,11.0,94.77,29.0,225.82,71.0,18.99,6.84,51.55,14.62
2023-02-19,13.33,6.0,43.8,14.0,96.62,31.0,3.8,0.95,5.86,1.58
2023-02-20,3.45,1.0,12.43,4.0,33.35,10.0,1.88,0.71,4.34,1.88
2023-02-21,0.26,1.0,22.74,7.0,44.76,16.0,9.11,1.54,9.18,1.58
2023-02-22,10.29,7.0,19.55,11.0,101.08,30.0,8.31,4.14,27.87,7.79
2023-02-23,18.31,8.0,72.97,24.0,232.7,68.0,18.83,4.64,111.75,26.74
2023-02-24,32.15,9.0,60.91,17.0,178.17,42.0,5.56,2.43,19.3,4.65
2023-02-25,6.02,3.0,16.14,10.0,95.92,30.0,7.58,5.2,30.55,13.07
2023-02-26,17.84,2.0,20.46,3.0,75.64,19.0,4.66,1.11,25.2,6.28
2023-02-27,1.01,2.0,30.02,10.0,78.11,24.0,4.6,2.32,24.45,8.1
2023-02-28,6.69,2.0,33.34,11.0,166.56,46.0,8.53,3.47,80.77,22.54
2023-03-01,0.57,1.0,24.15,4.0,161.97,36.0,14.8,1.52,75.67,15.58
2023-03-02,5.84,4.0,31.13,10.0,99.93,28.0,8.64,5.03,21.86,8.69
2023-03-03,4.86,2.0,16.49,5.0,151.11,37.0,5.29,1.52,6.5,1.89
2023-03-04,2.46,2.0,2.46,2.0,89.07,19.0,0.0,0.0,4.23,1.45
2023-03-05,2.14,5.0,45.47,12.0,139.58,45.0,3.61,1.85,19.25,7.29
2023-03-06,7.63,4.0,31.7,10.0,214.34,46.0,1.99,0.72,38.82,5.97
2023-03-07,27.69,12.0,39.23,19.0,121.79,43.0,26.06,10.54,35.65,14.59
2023-03-08,0.57,1.0,14.74,5.0,54.63,13.0,3.14,1.83,6.18,2.72
2023-03-09,0.48,1.0,22.67,6.0,41.63,14.0,13.33,2.27,13.33,2.27
2023-03-10,0.3,1.0,28.47,9.0,61.22,21.0,2.84,2.03,12.87,4.45
2023-03-11,7.29,5.0,38.78,14.0,181.45,58.0,22.33,6.81,58.59,16.67
2023-03-12,0.0,0.0,21.46,4.0,79.35,19.0,1.55,0.6,10.63,2.63
2023-03-13,0.0,0.0,0.36,1.0,56.21,11.0,0.2,0.56,33.88,3.4
2023-03-14,0.48,1.0,0.48,1.0,40.64,12.0,0.48,1.0,4.7,2.18
2023-03-15,0.0,0.0,21.1,3.0,108.84,20.0,14.25,2.31,55.28,10.99
2023-03-16,6.85,4.0,11.14,6.0,48.45,31.0,0.86,0.31,0.86,0.31
2023-03-17,0.0,0.0,55.49,3.0,172.59,30.0,23.63,1.22,67.27,10.87
2023-03-18,0.0,0.0,2.89,1.0,2.89,1.0,2.88,1.0,2.88,1.0
2023-03-19,0.0,0.0,0.0,0.0,11.82,2.0,0.0,0.0,0.11,0.02
2023-03-20,0.0,0.0,0.0,0.0,3.32,1.0,0.0,0.0,0.0,0.0
2023-03-21,1.62,5.0,2.98,7.0,2.98,7.0,0.61,1.86,0.61,1.86
2023-03-22,0.56,1.0,4.85,2.0,47.8,12.0,3.61,0.84,14.36,3.36
2023-03-23,23.28,4.0,23.83,5.0,48.32,13.0,0.05,0.09,8.31,3.22
2023-03-24,0.0,0.0,17.32,3.0,17.91,4.0,0.0,0.0,0.0,0.0
2023-03-25,1.27,2.0,5.01,3.0,9.04,5.0,0.35,0.52,1.17,0.8
2023-03-26,3.26,7.0,6.27,8.0,40.34,16.0,4.11,4.11,24.79,8.74
2023-03-27,5.82,2.0,23.78,9.0,97.64,29.0,3.56,2.13,31.62,8.22
2023-03-28,1.39,2.0,9.95,4.0,46.52,14.0,3.01,0.75,9.46,3.63
2023-03-29,1.53,1.0,8.37,3.0,22.19,8.0,3.92,1.53,9.56,4.29
2023-03-30,0.0,0.0,9.32,3.0,18.19,5.0,3.55,1.65,8.19,2.76
2023-03-31,4.01,6.0,4.01,6.0,4.65,7.0,0.33,1.14,0.57,1.52
2023-04-01,0.0,0.0,0.62,1.0,10.35,5.0,0.0,0.0,0.0,0.0
2023-04-02,1.11,2.0,6.73,4.0,25.17,9.0,5.46,2.78,13.36,4.85
2023-04-03,1.86,3.0,1.86,3.0,21.92,9.0,0.11,0.44,15.78,4.85
2023-04-04,0.39,1.0,0.39,1.0,29.78,6.0,0.29,0.74,2.37,1.43
2023-04-05,0.0,0.0,9.85,2.0,35.86,10.0,6.53,1.33,8.96,2.05
2023-04-06,0.41,1.0,12.5,4.0,64.85,16.0,7.04,1.78,22.62,5.38
2023-04-07,16.87,3.0,20.49,5.0,55.51,18.0,15.13,2.69,16.4,3.66
2023-04-08,4.7,3.0,37.97,11.0,85.47,22.0,6.87,3.11,16.22,5.23
2023-04-09,1.13,2.0,31.56,11.0,63.47,23.0,6.59,2.71,6.9,2.81
2023-04-10,0.0,0.0,4.66,1.0,127.57,15.0,0.0,0.0,9.03,2.29
2023-04-11,13.86,3.0,15.02,5.0,27.52,13.0,0.53,1.08,0.61,1.18
2023-04-12,46.49,1.0,49.77,2.0,74.61,13.0,0.0,0.0,0.28,0.47
2023-04-13,4.39,1.0,81.9,6.0,132.12,17.0,0.0,0.0,25.91,1.99
2023-04-14,0.46,1.0,25.57,12.0,152.56,29.0,0.67,1.22,46.05,5.46
2023-04-15,15.88,4.0,74.88,19.0,186.93,48.0,7.51,1.91,18.41,4.03
2023-04-16,4.47,1.0,56.3,12.0,141.95,24.0,16.06,2.52,17.0,2.79
2023-04-17,11.71,3.0,60.43,11.0,224.63,61.0,10.45,1.59,20.65,3.77
2023-04-18,11.25,3.0,28.43,8.0,231.64,56.0,1.76,0.46,7.2,2.97
2023-04-19,18.83,5.0,124.53,23.0,136.19,26.0,2.36,1.07,2.58,1.1
2023-04-20,12.59,2.0,65.34,14.0,79.28,18.0,15.82,4.25,21.71,5.44
2023-04-21,0.0,0.0,97.0,20.0,172.13,38.0,4.45,0.83,45.78,11.88
2023-04-22,16.84,3.0,109.49,24.0,384.81,81.0,11.3,4.55,116.5,38.11
2023-04-23,3.98,2.0,15.5,8.0,44.8,22.0,0.79,0.5,16.02,7.65
2023-04-24,35.88,10.0,196.4,51.0,345.71,86.0,38.52,10.14,46.2,12.65
2023-04-25,21.57,10.0,134.14,42.0,319.53,100.0,24.42,10.04,92.0,28.92
2023-04-26,0.0,0.0,60.79,14.0,88.46,26.0,14.2,4.21,14.93,4.99
2023-04-27,88.4,18.0,478.83,90.0,953.56,196.0,18.0,3.74,72.14,27.65
2023-04-28,2.02,2.0,5.98,5.0,71.57,29.0,1.18,1.38,46.71,17.65
2023-04-29,0.0,0.0,0.0,0.0,2.95,1.0,0.0,0.0,0.0,0.0
2023-04-30,10.65,4.0,10.65,4.0,22.31,6.0,0.0,0.0,5.36,0.71
2023-05-01,0.0,0.0,0.0,0.0,0.0,0.0,0.0,0.0,0.0,0.0
2023-05-02,0.0,0.0,0.71,1.0,23.86,6.0,0.0,0.0,0.0,0.0
2023-05-03,1.12,2.0,64.7,17.0,95.42,27.0,3.51,1.25,3.6,1.27
2023-05-04,5.12,3.0,34.81,12.0,672.69,159.0,5.09,2.07,6.46,2.66
2023-05-05,1.13,2.0,128.68,23.0,2120.65,323.0,69.04,10.42,1131.75,174.1
2023-05-06,17.63,5.0,131.87,34.0,1020.25,219.0,70.07,18.03,725.39,155.4
2023-05-07,27.86,9.0,441.29,99.0,2087.64,393.0,39.05,10.74,39.05,10.74
2023-05-08,8.6,3.0,483.02,87.0,2376.17,380.0,19.52,3.51,24.62,6.26
2023-05-09,0.0,0.0,246.35,30.0,920.08,128.0,205.29,24.52,807.27,105.91
2023-05-10,41.18,10.0,419.88,68.0,1711.95,273.0,316.04,48.37,1305.67,194.84
2023-05-11,37.76,14.0,377.1,81.0,1613.2,333.0,260.76,52.7,1116.97,213.17
2023-05-12,20.66,4.0,407.7,54.0,1337.78,199.0,23.38,3.97,23.41,3.98
2023-05-13,8.83,5.0,286.66,42.0,1204.3,236.0,15.03,2.99,50.77,11.85
2023-05-14,20.13,6.0,79.7,18.0,571.14,147.0,41.55,10.7,372.35,87.58
2023-05-15,3.98,1.0,136.08,19.0,660.49,131.0,72.55,11.95,377.61,66.83
2023-05-16,1.85,1.0,17.87,6.0,203.33,68.0,10.22,3.0,25.54,10.1
2023-05-17,8.14,2.0,24.86,7.0,127.87,32.0,10.08,2.9,16.99,4.96
2023-05-18,17.59,4.0,20.83,5.0,56.34,16.0,8.99,1.86,23.33,7.21
2023-05-19,16.73,5.0,37.32,12.0,196.85,54.0,20.1,6.09,70.67,20.92
2023-05-20,0.0,0.0,1.81,1.0,103.48,17.0,0.56,0.31,43.41,7.88
2023-05-21,0.0,0.0,11.15,2.0,139.01,26.0,2.74,0.58,30.92,4.33
2023-05-22,0.0,0.0,24.07,4.0,69.02,16.0,0.0,0.0,10.95,2.83
2023-05-23,2.42,1.0,34.89,6.0,76.72,12.0,20.28,2.9,43.83,5.1
2023-05-24,0.0,0.0,0.0,0.0,13.05,2.0,0.0,0.0,0.03,0.0
2023-05-25,0.0,0.0,3.55,1.0,3.55,1.0,0.42,0.12,0.42,0.12
2023-05-26,1.85,3.0,3.46,4.0,13.59,7.0,1.94,1.61,1.94,1.61
2023-05-27,0.0,0.0,0.0,0.0,0.0,0.0,0.0,0.0,0.0,0.0
2023-05-28,0.0,0.0,11.79,2.0,41.15,6.0,0.0,0.0,0.14,0.02
2023-05-29,1.41,3.0,7.64,5.0,25.62,8.0,4.59,1.3,13.97,2.87
2023-05-30,0.0,0.0,0.41,1.0,59.27,8.0,0.01,0.01,0.08,0.04
2023-05-31,0.0,0.0,5.08,1.0,8.63,2.0,2.76,0.54,2.76,0.54
2023-06-01,2.01,1.0,2.01,1.0,10.44,2.0,1.63,0.81,1.63,0.81
2023-06-02,0.0,0.0,11.84,2.0,55.16,5.0,0.23,0.04,43.52,3.04
2023-06-03,0.0,0.0,1.43,1.0,65.01,16.0,0.96,0.67,24.22,7.35
2023-06-04,0.89,2.0,1.39,3.0,16.18,9.0,0.34,0.92,2.87,2.8
2023-06-05,0.0,0.0,0.0,0.0,82.59,18.0,0.0,0.0,4.77,0.83
2023-06-06,0.0,0.0,14.98,3.0,95.42,36.0,1.68,0.86,13.33,4.11
2023-06-07,0.0,0.0,2.96,2.0,39.17,16.0,0.0,0.0,6.5,2.24
2023-06-08,11.52,4.0,27.77,7.0,121.66,43.0,7.3,2.29,12.35,4.64
2023-06-09,0.0,0.0,18.73,3.0,205.91,53.0,0.0,0.0,11.04,3.6
2023-06-10,0.0,0.0,10.42,1.0,78.88,19.0,10.16,0.98,13.41,1.41
2023-06-11,2.04,1.0,8.96,3.0,113.93,31.0,0.16,0.08,16.56,4.38
2023-06-12,0.0,0.0,29.69,6.0,67.07,21.0,3.22,1.31,9.84,3.77
2023-06-13,38.62,2.0,38.62,2.0,148.48,31.0,24.29,1.26,31.95,2.64
2023-06-14,5.15,5.0,9.07,7.0,216.37,73.0,4.29,4.77,9.43,5.93
2023-06-15,0.95,1.0,0.95,1.0,196.94,54.0,0.8,0.84,7.48,2.17
2023-06-16,0.0,0.0,4.97,1.0,69.56,15.0,0.0,0.0,0.64,0.28
2023-06-17,0.0,0.0,0.0,0.0,8.02,2.0,0.0,0.0,0.0,0.0
2023-06-18,0.0,0.0,0.0,0.0,7.88,2.0,0.0,0.0,0.35,0.09
2023-06-19,0.0,0.0,0.0,0.0,14.5,4.0,0.0,0.0,6.28,1.64
2023-06-20,2.96,1.0,2.96,1.0,39.92,14.0,2.58,0.87,3.38,1.18
2023-06-21,0.0,0.0,0.0,0.0,6.3,2.0,0.0,0.0,6.2,1.97
2023-06-22,0.0,0.0,0.0,0.0,22.05,4.0,0.0,0.0,0.0,0.0
2023-06-23,0.0,0.0,0.0,0.0,0.0,0.0,0.0,0.0,0.0,0.0
2023-06-24,0.0,0.0,0.0,0.0,0.0,0.0,0.0,0.0,0.0,0.0
2023-06-25,0.0,0.0,0.0,0.0,0.0,0.0,0.0,0.0,0.0,0.0
2023-06-26,0.0,0.0,0.0,0.0,1.17,1.0,0.0,0.0,0.0,0.0
2023-06-27,0.0,0.0,4.06,1.0,4.06,1.0,0.0,0.0,0.0,0.0
2023-06-28,0.0,0.0,0.0,0.0,5.06,1.0,0.0,0.0,3.24,0.64
2023-06-29,0.0,0.0,0.0,0.0,1.76,1.0,0.0,0.0,0.0,0.0
2023-06-30,0.0,0.0,0.0,0.0,0.0,0.0,0.0,0.0,0.0,0.0
2023-07-01,0.0,0.0,0.0,0.0,0.0,0.0,0.0,0.0,0.0,0.0
2023-07-02,0.0,0.0,0.0,0.0,13.79,3.0,0.0,0.0,3.68,0.88
2023-07-03,0.0,0.0,0.0,0.0,0.0,0.0,0.0,0.0,0.0,0.0
2023-07-04,0.0,0.0,0.0,0.0,10.43,1.0,0.0,0.0,0.0,0.0
2023-07-05,0.0,0.0,1.4,1.0,1.4,1.0,0.0,0.0,0.0,0.0
2023-07-06,0.0,0.0,0.0,0.0,7.06,2.0,0.0,0.0,0.0,0.0
2023-07-07,0.0,0.0,0.0,0.0,0.0,0.0,0.0,0.0,0.0,0.0
2023-07-08,0.0,0.0,0.0,0.0,0.0,0.0,0.0,0.0,0.0,0.0
2023-07-09,0.0,0.0,0.0,0.0,0.0,0.0,0.0,0.0,0.0,0.0
2023-07-10,0.0,0.0,0.0,0.0,0.0,0.0,0.0,0.0,0.0,0.0
2023-07-11,0.0,0.0,0.0,0.0,0.0,0.0,0.0,0.0,0.0,0.0
2023-07-12,0.0,0.0,0.0,0.0,0.0,0.0,0.0,0.0,0.0,0.0
2023-07-13,0.84,1.0,0.84,1.0,4.77,2.0,0.0,0.0,0.0,0.0
2023-07-14,0.0,0.0,0.0,0.0,0.0,0.0,0.0,0.0,0.0,0.0
2023-07-15,0.0,0.0,0.0,0.0,0.0,0.0,0.0,0.0,0.0,0.0
2023-07-16,0.0,0.0,0.0,0.0,0.0,0.0,0.0,0.0,0.0,0.0
2023-07-17,6.55,3.0,6.55,3.0,6.55,3.0,0.0,0.0,0.0,0.0
2023-07-18,0.0,0.0,0.0,0.0,0.0,0.0,0.0,0.0,0.0,0.0
2023-07-19,0.0,0.0,0.0,0.0,0.0,0.0,0.0,0.0,0.0,0.0
2023-07-20,0.0,0.0,1.07,1.0,1.07,1.0,0.0,0.0,0.0,0.0
2023-07-21,5.46,2.0,5.46,2.0,5.46,2.0,1.56,0.61,1.56,0.61
2023-07-22,3.64,2.0,3.64,2.0,3.64,2.0,0.0,0.0,0.0,0.0
2023-07-23,3.45,1.0,3.45,1.0,3.45,1.0,0.0,0.0,0.0,0.0
2023-07-24,0.0,0.0,0.0,0.0,3.57,1.0,0.0,0.0,3.43,0.96
2023-07-25,0.0,0.0,0.0,0.0,0.0,0.0,0.0,0.0,0.0,0.0
2023-07-26,0.0,0.0,0.0,0.0,0.0,0.0,0.0,0.0,0.0,0.0
2023-07-27,0.0,0.0,0.0,0.0,0.0,0.0,0.0,0.0,0.0,0.0
2023-07-28,0.0,0.0,0.0,0.0,0.0,0.0,0.0,0.0,0.0,0.0
2023-07-29,0.49,1.0,0.49,1.0,1.43,3.0,0.02,0.03,0.02,0.03
2023-07-30,0.0,0.0,0.0,0.0,0.0,0.0,0.0,0.0,0.0,0.0
2023-07-31,0.0,0.0,0.0,0.0,0.0,0.0,0.0,0.0,0.0,0.0
2023-08-01,0.79,1.0,0.79,1.0,7.87,4.0,0.75,0.95,2.24,1.69
2023-08-02,0.0,0.0,0.0,0.0,0.0,0.0,0.0,0.0,0.0,0.0
2023-08-03,0.0,0.0,0.0,0.0,0.0,0.0,0.0,0.0,0.0,0.0
2023-08-04,0.0,0.0,0.0,0.0,0.59,1.0,0.0,0.0,0.17,0.29
2023-08-05,0.0,0.0,0.0,0.0,0.0,0.0,0.0,0.0,0.0,0.0
2023-08-06,0.0,0.0,0.0,0.0,0.0,0.0,0.0,0.0,0.0,0.0
2023-08-07,0.0,0.0,0.0,0.0,0.0,0.0,0.0,0.0,0.0,0.0
2023-08-08,0.0,0.0,0.0,0.0,0.0,0.0,0.0,0.0,0.0,0.0
2023-08-09,0.0,0.0,0.0,0.0,0.95,1.0,0.0,0.0,0.0,0.0
2023-08-10,0.0,0.0,0.0,0.0,5.62,1.0,0.0,0.0,2.25,0.4
2023-08-11,0.0,0.0,1.95,1.0,1.95,1.0,1.87,0.96,1.87,0.96
2023-08-12,3.14,3.0,6.13,4.0,6.13,4.0,2.38,1.96,2.38,1.96
2023-08-13,0.0,0.0,0.0,0.0,0.0,0.0,0.0,0.0,0.0,0.0
2023-08-14,0.0,0.0,0.0,0.0,0.0,0.0,0.0,0.0,0.0,0.0
2023-08-15,0.0,0.0,0.0,0.0,0.0,0.0,0.0,0.0,0.0,0.0
2023-08-16,5.34,2.0,5.34,2.0,9.68,3.0,0.0,0.0,1.94,0.45
2023-08-17,3.8,1.0,3.8,1.0,3.8,1.0,0.73,0.19,0.73,0.19
2023-08-18,3.01,2.0,15.63,6.0,15.63,6.0,0.64,0.99,0.64,0.99
2023-08-19,0.0,0.0,0.0,0.0,0.0,0.0,0.0,0.0,0.0,0.0
2023-08-20,10.87,3.0,10.87,3.0,10.87,3.0,0.0,0.0,0.0,0.0
2023-08-21,0.0,0.0,0.0,0.0,0.0,0.0,0.0,0.0,0.0,0.0
2023-08-22,0.0,0.0,0.0,0.0,0.0,0.0,0.0,0.0,0.0,0.0
2023-08-23,0.0,0.0,0.0,0.0,0.0,0.0,0.0,0.0,0.0,0.0
2023-08-24,0.0,0.0,0.0,0.0,0.0,0.0,0.0,0.0,0.0,0.0
2023-08-25,0.0,0.0,0.0,0.0,0.0,0.0,0.0,0.0,0.0,0.0
2023-08-26,0.0,0.0,0.0,0.0,0.0,0.0,0.0,0.0,0.0,0.0
2023-08-27,0.0,0.0,0.0,0.0,0.0,0.0,0.0,0.0,0.0,0.0
2023-08-28,0.0,0.0,0.0,0.0,0.0,0.0,0.0,0.0,0.0,0.0
2023-08-29,1.82,1.0,3.95,2.0,7.14,5.0,2.61,1.27,2.66,1.32
2023-08-30,6.92,2.0,13.65,4.0,28.92,6.0,11.68,3.33,15.29,4.06
2023-08-31,0.0,0.0,0.0,0.0,0.0,0.0,0.0,0.0,0.0,0.0
2023-09-01,1.19,1.0,1.19,1.0,1.19,1.0,0.95,0.8,0.95,0.8
2023-09-02,3.37,3.0,3.63,4.0,7.04,6.0,3.2,2.73,6.06,3.73
2023-09-03,4.02,2.0,4.02,2.0,12.22,5.0,0.6,0.77,3.63,1.9
2023-09-04,0.0,0.0,0.0,0.0,0.0,0.0,0.0,0.0,0.0,0.0
2023-09-05,0.0,0.0,0.0,0.0,14.8,4.0,0.0,0.0,0.44,0.13
2023-09-06,0.0,0.0,0.0,0.0,2.51,1.0,0.0,0.0,0.0,0.0
2023-09-07,0.0,0.0,0.0,0.0,17.67,4.0,0.0,0.0,0.0,0.0
2023-09-08,0.0,0.0,4.2,1.0,70.22,19.0,0.0,0.0,0.0,0.0
2023-09-09,0.0,0.0,0.0,0.0,12.78,2.0,0.0,0.0,0.0,0.0
2023-09-10,0.0,0.0,0.0,0.0,2.54,1.0,0.0,0.0,0.1,0.04
2023-09-11,0.0,0.0,0.0,0.0,0.95,1.0,0.0,0.0,0.92,0.97
2023-09-12,0.0,0.0,0.0,0.0,4.23,1.0,0.0,0.0,0.0,0.0
2023-09-13,0.0,0.0,2.87,1.0,14.25,4.0,0.0,0.0,0.0,0.0
2023-09-14,0.0,0.0,0.61,1.0,2.83,2.0,0.0,0.0,0.0,0.0
2023-09-15,0.55,1.0,0.55,1.0,12.17,3.0,0.0,0.0,0.0,0.0
2023-09-16,0.0,0.0,0.0,0.0,0.0,0.0,0.0,0.0,0.0,0.0
2023-09-17,0.0,0.0,0.0,0.0,4.01,1.0,0.0,0.0,0.0,0.0
2023-09-18,0.0,0.0,0.0,0.0,0.0,0.0,0.0,0.0,0.0,0.0
2023-09-19,2.14,1.0,11.88,4.0,16.28,5.0,1.51,0.69,1.51,0.69
2023-09-20,0.0,0.0,0.0,0.0,9.29,2.0,0.0,0.0,0.0,0.0
2023-09-21,0.0,0.0,2.18,1.0,4.74,2.0,0.0,0.0,0.0,0.0
2023-09-22,0.0,0.0,0.0,0.0,9.89,3.0,0.0,0.0,0.0,0.0
2023-09-23,0.0,0.0,0.0,0.0,19.15,4.0,0.0,0.0,0.0,0.0
2023-09-24,0.65,1.0,1.01,2.0,1.01,2.0,0.0,0.0,0.0,0.0
2023-09-25,2.16,2.0,2.94,3.0,5.56,4.0,0.82,0.87,3.35,1.83
2023-09-26,0.0,0.0,0.0,0.0,7.69,3.0,0.0,0.0,2.69,0.54
2023-09-27,6.04,4.0,12.93,7.0,40.4,15.0,7.23,4.09,29.26,10.47
2023-09-28,1.83,2.0,9.22,4.0,61.81,15.0,1.39,1.55,46.0,10.73
2023-09-29,11.39,6.0,47.0,17.0,100.47,35.0,22.4,8.86,61.83,21.65
2023-09-30,10.45,5.0,96.26,30.0,209.58,63.0,22.75,7.73,95.78,30.12
2023-10-01,24.65,4.0,63.87,13.0,113.62,25.0,25.1,5.06,70.25,16.15
2023-10-02,1.81,1.0,39.74,7.0,132.63,34.0,5.7,1.41,83.96,22.88
2023-10-03,2.11,1.0,61.13,12.0,157.29,27.0,4.95,1.43,68.39,10.14
2023-10-04,4.87,1.0,94.78,15.0,252.85,54.0,13.47,3.94,123.38,31.54
2023-10-05,9.43,5.0,32.94,14.0,150.35,56.0,14.25,7.51,97.03,35.17
2023-10-06,5.67,1.0,53.44,11.0,113.34,28.0,6.06,1.66,51.88,14.41
2023-10-07,0.64,1.0,20.84,11.0,62.93,24.0,5.95,3.01,43.69,14.1
2023-10-08,5.33,3.0,38.08,14.0,170.11,56.0,8.4,3.87,107.84,34.02
2023-10-09,2.7,2.0,38.5,16.0,163.09,42.0,6.09,3.07,51.85,13.26
2023-10-10,13.39,5.0,48.93,17.0,267.85,76.0,6.48,4.48,163.6,46.21
2023-10-11,22.89,8.0,85.93,28.0,377.83,95.0,32.81,11.59,192.08,44.31
2023-10-12,7.14,2.0,37.65,10.0,227.29,53.0,12.97,2.61,127.52,28.09
2023-10-13,0.0,0.0,53.88,12.0,139.57,33.0,4.08,0.87,62.57,15.68
2023-10-14,5.8,4.0,96.5,19.0,360.38,80.0,4.41,3.18,232.79,55.13
2023-10-15,36.83,5.0,143.87,35.0,625.98,160.0,21.8,6.05,234.68,59.79
2023-10-16,2.35,2.0,49.96,16.0,66.39,21.0,2.86,0.86,3.75,1.15
2023-10-17,0.79,1.0,1.17,2.0,1.17,2.0,0.58,1.2,0.58,1.2
2023-10-18,2.7,2.0,5.08,3.0,25.58,13.0,0.0,0.0,18.9,7.72
2023-10-19,0.0,0.0,3.29,1.0,123.23,27.0,0.0,0.0,106.5,21.87
2023-10-20,3.35,3.0,56.5,18.0,442.9,94.0,14.19,7.11,334.39,66.03
2023-10-21,12.66,6.0,55.0,21.0,437.27,129.0,10.72,3.36,261.91,72.73
2023-10-22,11.04,2.0,40.74,6.0,225.52,49.0,1.96,0.47,88.46,19.61
2023-10-23,0.34,1.0,0.34,1.0,139.84,41.0,0.31,0.9,98.06,31.67
2023-10-24,2.57,2.0,63.52,14.0,495.63,118.0,24.54,5.94,326.74,82.58
2023-10-25,32.55,8.0,77.53,21.0,425.54,98.0,29.61,5.63,335.31,71.3
2023-10-26,8.61,4.0,169.75,27.0,769.85,173.0,58.04,10.66,450.9,97.65
2023-10-27,15.09,6.0,46.8,14.0,505.14,108.0,10.52,2.69,362.14,72.85
2023-10-28,0.44,1.0,4.38,2.0,102.56,24.0,0.43,0.98,49.53,8.94
2023-10-29,9.3,3.0,9.3,3.0,458.09,78.0,0.0,0.0,14.38,4.3
2023-10-30,0.48,1.0,2.89,2.0,284.85,65.0,0.0,0.0,6.75,3.95
2023-10-31,16.99,3.0,52.79,12.0,592.92,107.0,4.53,2.0,9.17,5.84
2023-11-01,3.68,1.0,26.12,10.0,484.77,122.0,4.28,1.32,154.12,41.1
2023-11-02,0.71,1.0,1.18,2.0,2.93,4.0,0.47,0.66,2.12,2.52
2023-11-03,0.0,0.0,0.0,0.0,81.65,17.0,0.0,0.0,61.39,11.25
2023-11-04,3.93,3.0,3.93,3.0,332.73,57.0,3.33,2.54,281.36,43.49
2023-11-05,2.87,3.0,24.97,10.0,1105.91,180.0,11.46,5.6,990.41,155.37
2023-11-06,14.88,10.0,38.08,15.0,472.68,125.0,10.69,5.01,88.26,25.01
2023-11-07,11.39,5.0,31.95,12.0,435.99,77.0,2.41,1.76,371.48,53.63
2023-11-08,13.15,6.0,23.82,9.0,293.41,48.0,14.91,4.78,269.9,39.94
2023-11-09,0.0,0.0,18.49,3.0,199.46,41.0,0.0,0.0,149.08,30.27
2023-11-10,0.51,1.0,3.57,2.0,4.96,3.0,0.0,0.0,0.24,0.17
2023-11-11,0.0,0.0,12.46,5.0,82.46,30.0,0.26,0.08,44.4,14.41
2023-11-12,10.43,3.0,29.03,11.0,835.94,136.0,9.39,4.19,671.02,95.03
2023-11-13,6.8,1.0,30.23,3.0,183.25,34.0,1.69,0.29,111.19,22.01
2023-11-14,1.44,2.0,7.03,5.0,176.52,31.0,1.33,1.1,167.05,26.35
2023-11-15,17.98,3.0,27.99,7.0,276.75,55.0,8.8,3.66,240.65,47.29
2023-11-16,20.42,5.0,46.36,13.0,399.15,75.0,22.7,4.62,73.07,13.85
2023-11-17,11.96,6.0,37.05,12.0,208.02,61.0,24.3,7.54,126.36,34.67
2023-11-18,4.37,3.0,38.76,15.0,112.13,39.0,4.61,3.0,10.14,4.97
2023-11-19,5.58,2.0,25.36,9.0,184.78,48.0,13.31,4.72,75.46,20.49
2023-11-20,10.49,5.0,53.55,20.0,152.81,46.0,20.05,8.02,94.54,26.45
2023-11-21,7.81,7.0,31.79,15.0,269.66,67.0,16.93,8.41,197.12,46.27
2023-11-22,10.23,6.0,58.01,23.0,242.57,83.0,15.08,4.55,139.79,40.66
2023-11-23,9.66,3.0,62.71,16.0,250.53,62.0,14.48,4.01,44.02,14.56
2023-11-24,6.81,3.0,45.93,20.0,120.2,44.0,33.11,14.05,84.21,28.5
2023-11-25,0.0,0.0,16.56,6.0,35.92,12.0,3.8,1.45,19.66,6.03
2023-11-26,0.0,0.0,0.0,0.0,27.84,8.0,0.0,0.0,0.68,0.2
2023-11-27,19.52,5.0,34.74,9.0,40.22,12.0,20.28,3.75,22.24,4.62
2023-11-28,0.52,1.0,1.06,2.0,1.06,2.0,0.5,0.97,0.5,0.97
2023-11-29,7.77,3.0,15.0,5.0,88.89,24.0,0.93,0.28,27.42,7.07
2023-11-30,3.47,1.0,5.57,2.0,8.98,3.0,4.71,1.74,8.07,2.73
2023-12-01,2.98,2.0,10.89,3.0,77.95,18.0,4.55,1.48,38.04,8.57
2023-12-02,20.93,9.0,134.75,42.0,244.41,72.0,94.89,27.95,169.25,45.74
2023-12-03,12.96,4.0,90.84,30.0,221.04,83.0,37.4,11.95,90.78,36.75
2023-12-04,13.17,9.0,56.62,21.0,83.15,28.0,33.67,10.42,54.67,15.33
2023-12-05,10.17,3.0,33.09,13.0,101.97,35.0,12.17,3.91,44.94,11.9
2023-12-06,5.66,3.0,84.33,29.0,215.09,68.0,44.61,13.59,86.17,25.17
2023-12-07,22.59,9.0,108.94,32.0,201.0,58.0,28.25,9.01,53.65,14.96
2023-12-08,20.88,7.0,109.02,36.0,224.6,80.0,38.15,12.46,73.32,25.92
2023-12-09,12.99,5.0,76.45,24.0,157.1,48.0,19.84,6.89,35.91,11.47
2023-12-10,20.79,11.0,54.33,23.0,90.09,37.0,13.64,6.47,24.98,10.92
2023-12-11,0.0,0.0,47.81,18.0,113.06,32.0,17.31,8.58,47.18,15.63
2023-12-12,43.73,14.0,133.34,42.0,198.03,63.0,27.17,8.84,47.32,14.92
2023-12-13,39.99,18.0,192.73,69.0,337.87,114.0,98.59,31.13,159.47,50.27
2023-12-14,14.37,8.0,39.56,18.0,97.28,35.0,10.64,3.77,21.92,5.92
2023-12-15,0.5,1.0,47.08,13.0,141.86,34.0,21.21,5.12,41.84,10.24
2023-12-16,49.63,14.0,108.42,32.0,135.45,43.0,31.36,8.58,37.52,11.69
2023-12-17,10.6,5.0,51.28,16.0,84.87,27.0,11.46,4.72,22.89,8.41
2023-12-18,30.08,13.0,111.22,39.0,259.4,65.0,54.58,14.49,78.12,20.25
2023-12-19,17.22,6.0,146.71,41.0,288.07,90.0,34.34,9.87,67.17,20.04
2023-12-20,13.35,5.0,61.79,18.0,139.71,43.0,16.5,3.95,55.17,16.5
2023-12-21,9.56,3.0,51.38,18.0,88.51,32.0,18.96,6.39,36.77,12.62
2023-12-22,8.6,4.0,71.03,29.0,98.45,39.0,28.74,14.33,50.51,22.66
2023-12-23,8.22,3.0,115.11,36.0,192.65,59.0,14.89,5.71,30.13,12.13
2023-12-24,46.74,15.0,168.54,62.0,273.09,103.0,62.35,24.29,112.7,43.61
2023-12-25,17.35,10.0,68.97,28.0,85.16,33.0,20.79,7.97,24.69,9.29
2023-12-26,0.0,0.0,3.69,1.0,10.67,3.0,0.46,0.12,2.37,1.11
2023-12-27,0.0,0.0,8.91,4.0,61.34,20.0,3.48,1.65,20.03,6.59
2023-12-28,0.0,0.0,6.9,3.0,16.45,5.0,2.16,0.92,8.19,1.93
2023-12-29,0.0,0.0,0.0,0.0,15.91,6.0,0.0,0.0,2.89,1.49
2023-12-30,0.0,0.0,0.0,0.0,0.0,0.0,0.0,0.0,0.0,0.0
2023-12-31,0.0,0.0,0.0,0.0,0.35,1.0,0.0,0.0,0.35,0.99
2024-01-01,0.0,0.0,7.86,3.0,11.46,4.0,1.13,0.41,1.13,0.41
2024-01-02,0.0,0.0,43.02,10.0,50.51,12.0,24.99,6.23,29.22,7.16
2024-01-03,0.61,1.0,1.54,2.0,8.2,5.0,0.61,0.86,3.6,1.92
2024-01-04,0.0,0.0,0.0,0.0,12.02,4.0,0.0,0.0,0.53,0.18
2024-01-05,0.0,0.0,0.0,0.0,1.9,2.0,0.0,0.0,0.0,0.0
2024-01-06,0.0,0.0,0.0,0.0,2.0,1.0,0.0,0.0,0.0,0.0
2024-01-07,19.37,4.0,19.37,4.0,23.71,6.0,0.17,0.2,1.2,0.56
2024-01-08,3.73,2.0,26.84,7.0,29.01,8.0,26.39,6.8,28.02,7.55
2024-01-09,0.45,1.0,2.41,2.0,17.14,5.0,0.0,0.0,0.3,0.08
2024-01-10,0.0,0.0,3.48,1.0,23.43,5.0,0.0,0.0,3.5,0.51
2024-01-11,0.91,1.0,24.98,9.0,25.91,10.0,7.95,2.81,8.66,3.58
2024-01-12,0.0,0.0,10.62,3.0,17.69,6.0,5.69,1.48,9.66,3.16
2024-01-13,4.54,1.0,7.64,3.0,7.64,3.0,0.88,0.21,0.88,0.21
2024-01-14,1.02,1.0,13.79,8.0,30.13,15.0,7.67,4.29,14.23,7.35
2024-01-15,14.95,5.0,35.22,14.0,39.73,15.0,10.98,5.21,14.51,5.99
2024-01-16,0.0,0.0,0.0,0.0,0.0,0.0,0.0,0.0,0.0,0.0
2024-01-17,0.0,0.0,6.12,2.0,30.95,7.0,1.43,0.48,1.43,0.48
2024-01-18,3.68,1.0,3.68,1.0,3.68,1.0,1.06,0.29,1.06,0.29
2024-01-19,0.0,0.0,0.0,0.0,0.0,0.0,0.0,0.0,0.0,0.0
2024-01-20,21.81,9.0,90.35,31.0,125.66,42.0,16.8,6.31,18.43,6.86
2024-01-21,0.0,0.0,0.0,0.0,0.0,0.0,0.0,0.0,0.0,0.0
2024-01-22,2.17,1.0,10.2,5.0,29.21,11.0,0.0,0.0,0.0,0.0
2024-01-23,0.0,0.0,0.0,0.0,5.97,1.0,0.0,0.0,0.0,0.0
2024-01-24,0.0,0.0,44.31,13.0,73.46,23.0,21.94,6.54,30.61,9.47
2024-01-25,6.84,3.0,45.46,17.0,67.74,25.0,5.12,1.98,14.59,5.25
2024-01-26,0.0,0.0,48.11,13.0,89.24,24.0,25.75,7.0,37.51,9.69
2024-01-27,7.27,3.0,27.51,12.0,59.01,19.0,6.5,2.86,10.06,4.53
2024-01-28,0.0,0.0,0.0,0.0,0.0,0.0,0.0,0.0,0.0,0.0
2024-01-29,3.32,2.0,94.05,24.0,172.21,40.0,0.55,0.33,39.49,8.48
2024-01-30,0.0,0.0,22.25,6.0,81.03,25.0,9.43,3.03,39.5,11.22
2024-01-31,0.0,0.0,0.0,0.0,0.0,0.0,0.0,0.0,0.0,0.0
2024-02-01,1.35,2.0,1.35,2.0,1.35,2.0,0.0,0.0,0.0,0.0
2024-02-02,0.0,0.0,0.0,0.0,10.24,2.0,0.0,0.0,0.0,0.0
2024-02-03,0.0,0.0,1.95,1.0,19.56,4.0,1.66,0.85,7.48,1.92
2024-02-04,0.0,0.0,0.0,0.0,0.0,0.0,0.0,0.0,0.0,0.0
2024-02-05,0.0,0.0,2.84,1.0,5.16,2.0,1.21,0.42,1.21,0.42
2024-02-06,0.0,0.0,22.43,7.0,28.65,10.0,2.5,1.39,4.91,2.61
2024-02-07,1.75,1.0,36.56,15.0,102.4,31.0,3.48,2.65,7.52,5.21
2024-02-08,7.86,3.0,43.21,11.0,118.05,28.0,1.63,1.21,18.01,3.98
2024-02-09,7.12,5.0,81.69,25.0,242.12,69.0,42.28,9.65,102.32,24.91
2024-02-10,31.09,10.0,104.29,37.0,366.01,99.0,45.5,16.98,103.52,36.05
2024-02-11,7.52,4.0,51.93,19.0,365.46,62.0,21.55,7.04,125.02,23.42
2024-02-12,1.71,2.0,2.35,3.0,8.85,5.0,0.0,0.01,0.0,0.01
2024-02-13,0.81,1.0,29.79,6.0,31.62,8.0,12.39,2.85,13.77,4.29
2024-02-14,2.73,4.0,13.46,9.0,127.27,36.0,5.16,3.59,33.09,9.9
2024-02-15,6.41,6.0,91.49,35.0,229.96,74.0,28.93,15.01,59.53,24.86
2024-02-16,0.0,0.0,35.6,16.0,219.86,64.0,16.94,6.93,35.64,13.81
2024-02-17,0.38,1.0,34.34,9.0,132.69,32.0,12.21,3.17,34.48,9.17
2024-02-18,0.0,0.0,0.0,0.0,38.04,10.0,0.0,0.0,6.66,1.54
2024-02-19,0.0,0.0,0.0,0.0,3.5,2.0,0.0,0.0,0.69,0.37
2024-02-20,0.71,2.0,13.62,6.0,55.25,14.0,1.5,0.67,8.98,2.46
2024-02-21,4.88,2.0,40.07,13.0,158.35,45.0,11.71,5.04,47.02,14.24
2024-02-22,0.57,2.0,51.79,18.0,230.09,65.0,27.8,8.26,104.08,30.17
2024-02-23,2.03,1.0,51.74,13.0,129.12,35.0,25.11,6.45,42.64,13.25
2024-02-24,22.62,7.0,44.85,12.0,150.1,43.0,7.44,4.41,50.97,17.1
2024-02-25,0.0,0.0,5.52,2.0,101.43,22.0,0.0,0.0,66.82,14.65
2024-02-26,0.0,0.0,7.66,1.0,19.32,4.0,6.82,0.89,10.54,1.68
2024-02-27,2.77,2.0,15.12,5.0,26.09,8.0,0.21,0.05,7.6,1.5
2024-02-28,0.87,1.0,17.1,7.0,178.49,36.0,1.94,1.08,55.32,12.76
2024-02-29,2.78,1.0,47.65,9.0,120.52,22.0,11.54,2.71,21.38,4.42
2024-03-01,0.0,0.0,2.31,1.0,5.99,2.0,0.0,0.0,0.28,0.07
2024-03-02,0.0,0.0,0.0,0.0,3.47,1.0,0.0,0.0,0.0,0.0
2024-03-03,1.72,1.0,6.56,3.0,28.96,6.0,3.22,1.72,3.57,1.78
2024-03-04,2.43,3.0,44.73,9.0,69.66,15.0,29.06,3.91,32.96,5.37
2024-03-05,1.92,2.0,11.74,5.0,16.53,7.0,1.87,1.95,3.97,2.78
2024-03-06,5.5,3.0,17.12,6.0,47.61,16.0,6.32,2.03,25.29,7.39
2024-03-07,11.74,7.0,39.72,15.0,94.54,34.0,2.9,2.59,24.76,7.31
2024-03-08,1.64,1.0,33.95,9.0,105.82,30.0,4.84,2.34,22.69,8.83
2024-03-09,3.89,5.0,40.72,10.0,67.55,19.0,29.73,4.94,39.9,8.75
2024-03-10,0.0,0.0,2.85,1.0,19.61,5.0,0.0,0.0,0.07,0.02
2024-03-11,0.62,1.0,3.77,3.0,43.35,16.0,3.06,2.07,18.9,7.91
2024-03-12,5.85,5.0,12.92,8.0,60.8,20.0,7.02,3.65,39.79,11.53
2024-03-13,4.38,3.0,17.41,9.0,41.49,21.0,5.48,2.92,10.66,5.86
2024-03-14,4.19,1.0,20.92,8.0,63.33,18.0,7.39,2.08,13.66,4.44
2024-03-15,1.57,2.0,4.32,4.0,17.64,7.0,2.37,2.33,4.19,2.91
2024-03-16,17.96,7.0,23.33,8.0,49.76,13.0,3.65,3.28,21.66,5.72
2024-03-17,5.63,3.0,12.08,6.0,47.57,17.0,4.21,0.94,33.07,9.22
2024-03-18,46.08,10.0,59.93,14.0,123.77,30.0,4.52,2.78,24.69,7.29
2024-03-19,7.82,7.0,21.13,12.0,77.25,30.0,10.15,4.41,39.87,13.29
2024-03-20,1.22,2.0,1.22,2.0,34.29,10.0,0.95,1.57,23.08,6.62
2024-03-21,5.93,1.0,22.36,5.0,60.04,13.0,0.0,0.0,0.8,0.32
2024-03-22,0.0,0.0,7.66,2.0,66.96,8.0,2.44,0.6,4.05,1.51
2024-03-23,3.08,6.0,18.94,10.0,118.98,32.0,1.03,1.92,41.73,9.47
2024-03-24,0.95,1.0,3.94,6.0,22.51,30.0,0.94,1.11,1.22,1.59
2024-03-25,17.66,10.0,57.65,12.0,90.77,22.0,16.2,6.68,27.65,10.46
2024-03-26,14.15,3.0,14.15,3.0,32.76,7.0,12.29,1.83,24.38,3.74
2024-03-27,0.0,0.0,7.37,2.0,9.53,3.0,5.81,1.0,5.87,1.03
2024-03-28,0.92,2.0,2.76,4.0,2.96,5.0,0.64,1.34,0.76,1.94
2024-03-29,11.45,3.0,25.23,7.0,40.96,13.0,6.75,2.11,12.56,4.18
2024-03-30,3.16,2.0,7.97,4.0,55.47,19.0,1.77,0.47,28.44,9.77
2024-03-31,1.61,2.0,1.61,2.0,178.3,15.0,0.1,0.12,2.79,0.83
2024-04-01,0.0,0.0,6.23,2.0,6.23,2.0,1.61,0.77,1.61,0.77
2024-04-02,17.15,4.0,29.06,7.0,48.77,13.0,1.18,1.18,1.49,1.24
2024-04-03,4.9,6.0,11.23,9.0,17.2,11.0,0.56,1.21,4.13,2.21
2024-04-04,0.0,0.0,30.95,6.0,87.98,22.0,17.32,3.51,55.93,14.88
2024-04-05,5.17,4.0,10.41,5.0,42.34,19.0,3.76,2.68,6.6,3.77
2024-04-06,4.62,2.0,18.05,5.0,164.9,35.0,6.46,0.92,69.92,5.75
2024-04-07,7.26,3.0,8.76,4.0,149.32,32.0,5.31,1.75,25.04,6.44
2024-04-08,6.43,4.0,6.43,4.0,115.54,53.0,0.65,0.95,7.03,3.19
2024-04-09,0.89,1.0,3.72,3.0,157.18,73.0,1.33,0.92,65.59,31.5
2024-04-10,3.04,1.0,17.24,4.0,188.34,44.0,1.19,0.39,69.74,17.01
2024-04-11,3.96,1.0,219.69,9.0,281.44,34.0,0.0,0.0,40.63,15.18
2024-04-12,0.39,1.0,8.9,5.0,120.94,30.0,2.85,1.78,53.81,13.1
2024-04-13,0.0,0.0,10.36,3.0,19.87,8.0,0.11,0.03,0.59,0.51
2024-04-14,0.0,0.0,4.15,1.0,14.66,5.0,3.09,0.75,11.6,3.8
2024-04-15,0.0,0.0,0.0,0.0,0.0,0.0,0.0,0.0,0.0,0.0
2024-04-16,2.78,1.0,28.21,10.0,130.94,33.0,0.0,0.0,21.46,3.6
2024-04-17,1.73,2.0,16.22,8.0,153.81,23.0,3.79,1.54,4.23,2.33
2024-04-18,7.32,6.0,83.62,20.0,313.63,70.0,10.8,4.07,14.56,5.0
2024-04-19,29.7,7.0,107.68,17.0,577.89,98.0,17.35,3.38,21.66,4.67
2024-04-20,56.82,5.0,63.54,9.0,333.85,51.0,45.79,3.55,46.59,3.79
2024-04-21,71.34,4.0,181.03,11.0,376.46,60.0,23.1,2.04,30.07,4.45
2024-04-22,12.23,2.0,150.47,33.0,503.21,117.0,8.1,1.5,36.37,6.76
2024-04-23,2.35,3.0,154.06,23.0,412.57,86.0,30.02,5.23,96.36,15.4
2024-04-24,43.67,6.0,352.19,39.0,754.9,106.0,106.97,10.94,127.36,13.42
2024-04-25,20.51,4.0,77.49,10.0,649.35,123.0,33.58,4.47,203.22,12.0
2024-04-26,61.55,10.0,454.97,56.0,1123.45,156.0,154.99,15.52,174.1,17.94
2024-04-27,9.12,5.0,74.56,25.0,236.78,85.0,34.1,10.29,36.25,12.1
2024-04-28,8.39,3.0,727.17,75.0,868.84,121.0,119.65,13.32,148.0,25.16
2024-04-29,31.0,12.0,239.66,43.0,687.86,117.0,108.75,21.11,331.26,41.38
2024-04-30,25.04,5.0,136.19,31.0,462.84,126.0,80.15,19.49,139.28,37.0
2024-05-01,115.6,14.0,598.54,71.0,1249.77,184.0,304.8,33.86,661.57,77.72
2024-05-02,58.16,15.0,795.04,155.0,2121.33,407.0,542.52,106.14,1481.95,267.59
2024-05-03,13.21,3.0,352.05,39.0,601.54,84.0,288.34,28.33,437.98,54.35
2024-05-04,322.31,34.0,1619.71,134.0,5522.36,592.0,1215.92,93.27,3666.29,320.79
2024-05-05,245.83,41.0,2695.73,357.0,6578.4,996.0,2028.98,262.53,4802.05,665.62
2024-05-06,93.77,13.0,850.15,86.0,3296.19,392.0,564.49,59.75,2338.81,236.49
2024-05-07,126.76,27.0,1324.81,184.0,5121.17,653.0,22.26,6.11,138.36,31.17
2024-05-08,33.19,9.0,351.24,83.0,1399.96,315.0,10.67,3.17,51.8,14.94
2024-05-09,63.39,11.0,599.48,108.0,1719.13,326.0,22.83,4.78,75.15,18.17
2024-05-10,129.83,26.0,654.23,133.0,2333.12,480.0,27.71,5.22,120.76,25.21
2024-05-11,28.93,7.0,50.05,10.0,417.29,61.0,6.59,2.71,163.34,23.25
2024-05-12,31.34,9.0,262.01,54.0,1667.17,386.0,11.3,3.89,354.4,93.05
2024-05-13,26.27,8.0,374.28,73.0,1715.38,350.0,232.19,45.88,1248.87,260.87
2024-05-14,0.0,0.0,202.68,34.0,2132.54,285.0,147.81,23.66,1684.28,210.4
2024-05-15,18.03,6.0,270.88,48.0,1258.88,189.0,198.28,32.21,941.84,130.11
2024-05-16,7.39,2.0,61.01,14.0,587.22,110.0,36.59,8.16,313.5,67.26
2024-05-17,0.0,0.0,108.29,11.0,868.03,99.0,55.84,5.16,612.03,62.88
2024-05-18,44.44,12.0,189.92,46.0,831.4,209.0,143.65,34.12,544.62,139.22
2024-05-19,66.55,7.0,120.18,16.0,412.93,77.0,42.97,7.32,163.45,34.05
2024-05-20,47.82,7.0,106.89,15.0,329.27,53.0,51.58,6.96,180.52,25.36
2024-05-21,18.46,6.0,73.34,14.0,271.09,57.0,30.47,4.22,72.97,13.07
2024-05-22,0.0,0.0,42.11,4.0,156.75,23.0,0.0,0.0,9.88,2.5
2024-05-23,9.25,3.0,20.42,7.0,86.39,27.0,7.3,2.63,17.25,5.97
2024-05-24,8.67,2.0,42.99,9.0,173.74,35.0,6.88,1.83,21.62,6.73
2024-05-25,0.0,0.0,20.93,4.0,146.58,34.0,19.79,3.41,92.38,18.23
2024-05-26,2.97,3.0,68.91,9.0,214.64,44.0,40.13,6.13,100.62,23.06
2024-05-27,3.98,3.0,3.98,3.0,158.39,32.0,1.13,0.79,109.85,20.81
2024-05-28,9.3,4.0,45.3,8.0,180.57,33.0,13.39,3.78,100.69,17.18
2024-05-29,7.98,1.0,16.99,3.0,134.0,21.0,8.4,1.3,39.21,5.44
2024-05-30,0.0,0.0,0.0,0.0,0.0,0.0,0.0,0.0,0.0,0.0
2024-05-31,0.0,0.0,0.0,0.0,0.0,0.0,0.0,0.0,0.0,0.0
2024-06-01,0.0,0.0,0.0,0.0,0.0,0.0,0.0,0.0,0.0,0.0
2024-06-02,0.0,0.0,0.0,0.0,0.0,0.0,0.0,0.0,0.0,0.0
2024-06-03,0.0,0.0,0.0,0.0,0.0,0.0,0.0,0.0,0.0,0.0
2024-06-04,2.74,1.0,20.14,2.0,42.11,8.0,0.14,0.05,4.99,1.56
2024-06-05,6.05,2.0,15.67,5.0,134.59,16.0,8.46,2.78,83.72,6.83
2024-06-06,6.73,3.0,7.28,4.0,74.86,24.0,6.75,3.48,30.7,9.5
2024-06-07,0.0,0.0,0.0,0.0,33.91,10.0,0.0,0.0,7.46,1.51
2024-06-08,4.71,1.0,13.87,3.0,41.91,15.0,9.36,2.26,10.96,3.01
2024-06-09,10.19,2.0,38.42,5.0,238.96,38.0,9.81,1.33,69.79,9.34
2024-06-10,15.96,3.0,77.82,10.0,316.75,53.0,44.96,5.48,127.28,13.67
2024-06-11,19.6,4.0,30.15,8.0,449.01,72.0,4.46,3.16,65.55,10.52
2024-06-12,3.38,3.0,6.58,4.0,123.67,31.0,1.41,2.05,6.35,2.85
2024-06-13,50.28,8.0,57.12,10.0,339.26,51.0,26.18,4.21,46.92,8.44
2024-06-14,2.65,3.0,51.17,11.0,257.01,61.0,28.38,6.33,32.28,7.52
2024-06-15,14.68,3.0,16.66,4.0,280.81,46.0,8.96,2.17,50.95,6.64
2024-06-16,26.97,7.0,107.73,17.0,692.2,111.0,43.96,5.66,78.42,12.1
2024-06-17,0.0,0.0,3.78,1.0,289.93,59.0,0.0,0.0,1.04,0.16
2024-06-18,0.0,0.0,10.4,2.0,163.33,39.0,4.73,0.96,7.75,1.66
2024-06-19,0.0,0.0,4.53,1.0,51.34,11.0,0.0,0.0,0.98,0.34
2024-06-20,3.86,1.0,3.86,1.0,17.91,3.0,0.0,0.0,5.04,0.99
2024-06-21,5.47,2.0,5.47,2.0,14.8,5.0,2.67,0.76,5.04,1.7
2024-06-22,0.0,0.0,10.78,2.0,40.78,10.0,10.08,1.87,19.66,4.54
2024-06-23,0.0,0.0,0.0,0.0,9.17,2.0,0.0,0.0,0.0,0.0
2024-06-24,0.0,0.0,0.0,0.0,12.96,2.0,0.0,0.0,0.0,0.0
2024-06-25,0.0,0.0,0.0,0.0,0.0,0.0,0.0,0.0,0.0,0.0
2024-06-26,0.0,0.0,0.0,0.0,0.0,0.0,0.0,0.0,0.0,0.0
2024-06-27,0.0,0.0,0.0,0.0,3.17,1.0,0.0,0.0,0.0,0.0
2024-06-28,0.0,0.0,0.0,0.0,0.0,0.0,0.0,0.0,0.0,0.0
2024-06-29,0.0,0.0,13.84,2.0,87.81,14.0,0.0,0.0,0.0,0.0
2024-06-30,0.0,0.0,0.0,0.0,3.26,1.0,0.0,0.0,2.88,0.88
2024-07-01,0.0,0.0,0.0,0.0,0.0,0.0,0.0,0.0,0.0,0.0
2024-07-02,2.16,1.0,4.04,2.0,4.04,2.0,0.3,0.16,0.3,0.16
2024-07-03,0.0,0.0,0.0,0.0,0.0,0.0,0.0,0.0,0.0,0.0
2024-07-04,0.0,0.0,0.0,0.0,0.0,0.0,0.0,0.0,0.0,0.0
2024-07-05,0.0,0.0,0.0,0.0,0.0,0.0,0.0,0.0,0.0,0.0
2024-07-06,0.0,0.0,0.0,0.0,0.0,0.0,0.0,0.0,0.0,0.0
2024-07-07,0.0,0.0,0.0,0.0,0.0,0.0,0.0,0.0,0.0,0.0
2024-07-08,1.18,1.0,3.9,3.0,3.9,3.0,0.0,0.0,0.0,0.0
2024-07-09,0.4,1.0,0.4,1.0,0.4,1.0,0.0,0.0,0.0,0.0
2024-07-10,0.0,0.0,0.0,0.0,0.0,0.0,0.0,0.0,0.0,0.0
2024-07-11,0.0,0.0,0.0,0.0,0.0,0.0,0.0,0.0,0.0,0.0
2024-07-12,0.0,0.0,0.0,0.0,0.0,0.0,0.0,0.0,0.0,0.0
2024-07-13,0.0,0.0,0.0,0.0,0.0,0.0,0.0,0.0,0.0,0.0
2024-07-14,0.0,0.0,0.0,0.0,0.0,0.0,0.0,0.0,0.0,0.0
2024-07-15,0.0,0.0,0.0,0.0,0.0,0.0,0.0,0.0,0.0,0.0
2024-07-16,0.0,0.0,0.0,0.0,0.0,0.0,0.0,0.0,0.0,0.0
2024-07-17,4.02,1.0,4.02,1.0,4.97,2.0,0.0,0.0,0.0,0.0
2024-07-18,1.58,1.0,1.58,1.0,10.72,2.0,0.0,0.0,0.0,0.0
2024-07-19,0.0,0.0,0.0,0.0,0.0,0.0,0.0,0.0,0.0,0.0
2024-07-20,0.0,0.0,1.28,1.0,1.28,1.0,0.0,0.0,0.0,0.0
2024-07-21,20.1,5.0,36.6,9.0,91.32,25.0,17.71,4.85,28.09,7.8
2024-07-22,0.0,0.0,0.0,0.0,0.0,0.0,0.0,0.0,0.0,0.0
2024-07-23,0.0,0.0,7.45,3.0,9.81,4.0,0.98,1.03,0.98,1.03
2024-07-24,0.0,0.0,0.0,0.0,0.0,0.0,0.0,0.0,0.0,0.0
2024-07-25,0.0,0.0,0.0,0.0,0.0,0.0,0.0,0.0,0.0,0.0
2024-07-26,0.0,0.0,0.0,0.0,0.0,0.0,0.0,0.0,0.0,0.0
2024-07-27,0.0,0.0,0.0,0.0,0.0,0.0,0.0,0.0,0.0,0.0
2024-07-28,0.0,0.0,0.0,0.0,0.0,0.0,0.0,0.0,0.0,0.0
2024-07-29,8.02,4.0,8.02,4.0,8.02,4.0,2.84,0.9,2.84,0.9
2024-07-30,0.0,0.0,0.0,0.0,1.7,1.0,0.0,0.0,0.58,0.34
2024-07-31,0.0,0.0,0.0,0.0,0.0,0.0,0.0,0.0,0.0,0.0
2024-08-01,0.0,0.0,0.0,0.0,0.0,0.0,0.0,0.0,0.0,0.0
2024-08-02,0.0,0.0,0.0,0.0,0.0,0.0,0.0,0.0,0.0,0.0
2024-08-03,0.0,0.0,0.0,0.0,0.0,0.0,0.0,0.0,0.0,0.0
2024-08-04,2.75,1.0,2.75,1.0,4.92,2.0,0.0,0.0,2.14,0.99
2024-08-05,3.68,1.0,3.68,1.0,3.68,1.0,0.0,0.0,0.0,0.0
2024-08-06,0.0,0.0,0.0,0.0,0.0,0.0,0.0,0.0,0.0,0.0
2024-08-07,0.0,0.0,0.0,0.0,0.0,0.0,0.0,0.0,0.0,0.0
2024-08-08,0.0,0.0,0.0,0.0,0.0,0.0,0.0,0.0,0.0,0.0
2024-08-09,3.66,2.0,3.66,2.0,11.66,5.0,0.39,0.29,0.39,0.29
2024-08-10,0.0,0.0,0.0,0.0,0.0,0.0,0.0,0.0,0.0,0.0
2024-08-11,0.0,0.0,0.0,0.0,0.5,1.0,0.0,0.0,0.46,0.91
2024-08-12,0.0,0.0,0.0,0.0,0.0,0.0,0.0,0.0,0.0,0.0
2024-08-13,0.0,0.0,0.0,0.0,0.0,0.0,0.0,0.0,0.0,0.0
2024-08-14,0.0,0.0,0.0,0.0,0.0,0.0,0.0,0.0,0.0,0.0
2024-08-15,0.0,0.0,0.0,0.0,2.64,1.0,0.0,0.0,1.19,0.45
2024-08-16,0.0,0.0,0.0,0.0,0.0,0.0,0.0,0.0,0.0,0.0
2024-08-17,0.0,0.0,0.0,0.0,0.0,0.0,0.0,0.0,0.0,0.0
2024-08-18,0.0,0.0,0.0,0.0,2.65,1.0,0.0,0.0,0.09,0.03
2024-08-19,0.0,0.0,0.0,0.0,0.0,0.0,0.0,0.0,0.0,0.0
2024-08-20,1.36,1.0,1.36,1.0,1.36,1.0,0.0,0.0,0.0,0.0
2024-08-21,0.0,0.0,0.0,0.0,0.0,0.0,0.0,0.0,0.0,0.0
2024-08-22,0.0,0.0,0.0,0.0,0.0,0.0,0.0,0.0,0.0,0.0
2024-08-23,0.0,0.0,0.0,0.0,0.0,0.0,0.0,0.0,0.0,0.0
2024-08-24,0.0,0.0,0.0,0.0,3.88,1.0,0.0,0.0,0.8,0.21
2024-08-25,3.06,4.0,4.33,6.0,34.68,14.0,0.16,0.34,0.16,0.34
2024-08-26,0.0,0.0,0.0,0.0,7.45,1.0,0.0,0.0,0.0,0.0
2024-08-27,0.0,0.0,0.0,0.0,0.0,0.0,0.0,0.0,0.0,0.0
2024-08-28,0.0,0.0,0.0,0.0,0.0,0.0,0.0,0.0,0.0,0.0
2024-08-29,0.0,0.0,0.0,0.0,0.0,0.0,0.0,0.0,0.0,0.0
2024-08-30,0.0,0.0,1.55,2.0,1.55,2.0,0.0,0.0,0.0,0.0
2024-08-31,0.0,0.0,0.0,0.0,2.73,1.0,0.0,0.0,1.09,0.4
2024-09-01,2.08,1.0,9.74,2.0,27.1,6.0,3.78,0.55,13.51,2.93
2024-09-02,0.0,0.0,0.0,0.0,0.0,0.0,0.0,0.0,0.0,0.0
2024-09-03,0.0,0.0,0.0,0.0,0.0,0.0,0.0,0.0,0.0,0.0
2024-09-04,0.0,0.0,1.02,1.0,1.02,1.0,0.65,0.64,0.65,0.64
2024-09-05,4.21,1.0,5.59,2.0,5.59,2.0,3.9,0.97,3.9,0.97
2024-09-06,0.0,0.0,0.0,0.0,0.0,0.0,0.0,0.0,0.0,0.0
2024-09-07,0.0,0.0,0.0,0.0,0.0,0.0,0.0,0.0,0.0,0.0
2024-09-08,0.0,0.0,0.0,0.0,0.0,0.0,0.0,0.0,0.0,0.0
2024-09-09,2.59,1.0,2.59,1.0,4.07,2.0,0.0,0.0,0.0,0.0
2024-09-10,3.4,1.0,5.19,2.0,5.19,2.0,0.19,0.06,0.19,0.06
2024-09-11,0.0,0.0,0.0,0.0,0.0,0.0,0.0,0.0,0.0,0.0
2024-09-12,0.0,0.0,0.0,0.0,0.0,0.0,0.0,0.0,0.0,0.0
2024-09-13,0.0,0.0,0.0,0.0,0.0,0.0,0.0,0.0,0.0,0.0
2024-09-14,0.0,0.0,0.0,0.0,0.0,0.0,0.0,0.0,0.0,0.0
2024-09-15,0.0,0.0,0.0,0.0,0.0,0.0,0.0,0.0,0.0,0.0
2024-09-16,1.01,1.0,2.56,2.0,2.56,2.0,1.55,1.0,1.55,1.0
2024-09-17,0.0,0.0,0.0,0.0,0.0,0.0,0.0,0.0,0.0,0.0
2024-09-18,0.0,0.0,0.0,0.0,0.0,0.0,0.0,0.0,0.0,0.0
2024-09-19,1.34,1.0,1.34,1.0,1.34,1.0,0.0,0.0,0.0,0.0
2024-09-20,4.66,2.0,4.66,2.0,10.03,5.0,1.12,0.47,1.26,0.64
2024-09-21,0.0,0.0,0.0,0.0,38.83,11.0,0.0,0.0,0.01,0.0
2024-09-22,0.71,1.0,1.38,2.0,83.76,17.0,0.64,0.95,58.7,11.34
2024-09-23,0.0,0.0,0.0,0.0,41.68,13.0,0.0,0.0,15.48,4.75
2024-09-24,0.0,0.0,0.0,0.0,16.06,4.0,0.0,0.0,1.96,0.45
2024-09-25,0.29,1.0,3.07,2.0,72.3,19.0,0.0,0.0,0.0,0.0
2024-09-26,0.0,0.0,0.0,0.0,0.0,0.0,0.0,0.0,0.0,0.0
2024-09-27,0.0,0.0,1.96,2.0,1.96,2.0,0.0,0.0,0.0,0.0
2024-09-28,0.65,1.0,0.65,1.0,0.65,1.0,0.0,0.0,0.0,0.0
2024-09-29,0.0,0.0,0.42,1.0,0.42,1.0,0.0,0.0,0.0,0.0
2024-09-30,6.9,2.0,18.97,5.0,25.19,7.0,9.32,2.88,13.45,4.08
2024-10-01,1.71,2.0,4.37,4.0,24.34,9.0,1.6,1.38,14.16,4.56
2024-10-02,31.4,6.0,81.25,20.0,126.37,35.0,13.53,4.61,26.25,8.12
2024-10-03,4.7,1.0,19.57,6.0,32.7,12.0,5.09,1.2,10.72,2.97
2024-10-04,0.0,0.0,2.83,1.0,27.63,9.0,0.0,0.0,3.46,1.2
2024-10-05,3.37,2.0,19.86,4.0,97.95,18.0,2.9,1.15,22.47,5.32
2024-10-06,6.67,3.0,84.95,23.0,196.0,53.0,5.47,2.07,92.47,24.09
2024-10-07,11.51,6.0,70.41,28.0,132.21,52.0,9.58,4.5,53.1,20.33
2024-10-08,26.1,5.0,105.25,25.0,198.06,51.0,7.5,2.84,71.19,21.31
2024-10-09,2.9,1.0,14.36,4.0,61.47,17.0,0.0,0.0,32.68,8.73
2024-10-10,21.86,5.0,117.51,28.0,284.91,64.0,40.5,9.9,163.88,35.98
2024-10-11,18.55,8.0,100.08,32.0,215.34,62.0,28.7,9.37,83.94,21.57
2024-10-12,36.8,13.0,184.45,55.0,619.46,160.0,22.42,7.8,158.25,37.33
2024-10-13,4.13,2.0,34.65,10.0,272.98,67.0,11.13,3.18,168.83,36.9
2024-10-14,0.66,1.0,1.84,2.0,47.3,15.0,0.98,0.83,11.15,4.17
2024-10-15,3.01,2.0,45.19,16.0,188.06,37.0,6.9,2.93,116.76,17.08
2024-10-16,6.79,1.0,27.21,7.0,49.78,13.0,1.71,0.75,17.43,5.29
2024-10-17,1.94,2.0,41.99,19.0,378.0,84.0,3.36,1.43,24.57,6.72
2024-10-18,17.31,7.0,71.39,23.0,244.01,71.0,31.53,7.63,61.55,19.22
2024-10-19,1.65,3.0,38.31,15.0,137.1,44.0,4.12,1.96,12.68,5.44
2024-10-20,0.0,0.0,8.45,4.0,111.34,26.0,0.0,0.0,1.85,0.59
2024-10-21,7.05,5.0,57.46,16.0,82.31,26.0,6.86,1.95,12.27,4.18
2024-10-22,2.76,2.0,40.58,12.0,231.03,47.0,1.78,1.13,106.56,17.96
2024-10-23,8.82,3.0,90.41,27.0,268.3,82.0,15.9,4.83,108.92,30.77
2024-10-24,8.91,1.0,54.75,11.0,178.71,43.0,0.56,0.13,67.38,19.17
2024-10-25,5.29,4.0,28.65,10.0,194.92,41.0,17.18,3.06,137.48,25.59
2024-10-26,7.86,3.0,38.72,12.0,101.28,34.0,4.23,1.7,32.25,11.83
2024-10-27,0.0,0.0,37.27,11.0,131.85,33.0,12.99,4.79,13.13,4.86
2024-10-28,4.87,2.0,40.4,15.0,155.68,48.0,29.63,10.86,49.63,17.22
2024-10-29,7.47,2.0,34.79,9.0,130.45,39.0,25.84,6.41,58.1,17.88
2024-10-30,1.26,1.0,27.39,9.0,253.62,31.0,0.76,0.24,181.21,13.15
2024-10-31,0.0,0.0,43.72,17.0,275.85,59.0,10.83,3.54,207.23,36.78
2024-11-01,13.55,4.0,92.09,23.0,491.78,86.0,6.45,2.66,302.26,39.2
2024-11-02,66.48,7.0,113.88,24.0,370.8,92.0,16.76,4.72,109.63,25.84
2024-11-03,0.0,0.0,0.0,0.0,0.0,0.0,0.0,0.0,0.0,0.0
2024-11-04,0.0,0.0,0.0,0.0,0.0,0.0,0.0,0.0,0.0,0.0
2024-11-05,0.0,0.0,0.0,0.0,0.0,0.0,0.0,0.0,0.0,0.0
2024-11-06,0.0,0.0,0.0,0.0,1.32,2.0,0.0,0.0,0.0,0.0
2024-11-07,0.4,1.0,7.82,5.0,242.25,42.0,0.45,0.21,9.36,3.74
2024-11-08,5.35,3.0,36.26,12.0,250.03,71.0,11.66,3.79,35.89,13.76
2024-11-09,6.03,4.0,29.29,9.0,177.7,47.0,6.42,1.78,32.6,8.66
2024-11-10,1.29,2.0,11.84,5.0,83.1,23.0,0.42,0.4,3.89,1.77
2024-11-11,0.0,0.0,4.32,1.0,121.08,34.0,0.0,0.0,0.89,0.34
2024-11-12,20.06,9.0,41.3,17.0,219.78,50.0,5.52,1.86,135.13,22.44
2024-11-13,6.81,5.0,32.53,18.0,111.0,48.0,9.4,5.43,17.7,8.53
2024-11-14,2.75,3.0,40.41,17.0,83.3,35.0,15.47,5.7,19.49,6.83
2024-11-15,8.36,6.0,24.22,10.0,131.78,30.0,8.04,2.57,79.23,11.19
2024-11-16,0.0,0.0,17.51,3.0,206.13,38.0,2.47,0.85,137.17,25.19
2024-11-17,5.7,1.0,18.54,6.0,67.56,20.0,4.45,2.18,31.9,7.59
2024-11-18,36.82,9.0,51.91,15.0,135.84,40.0,20.45,5.43,48.34,15.81
2024-11-19,3.21,2.0,73.72,24.0,295.68,87.0,21.0,7.09,158.06,37.51
2024-11-20,11.24,3.0,35.97,12.0,182.99,53.0,19.28,5.83,105.17,30.28
2024-11-21,2.98,3.0,19.92,10.0,215.44,49.0,10.58,4.46,126.46,21.93
2024-11-22,3.98,3.0,20.72,10.0,134.88,36.0,7.06,2.06,71.69,14.83
2024-11-23,1.32,2.0,111.15,30.0,366.98,98.0,2.59,1.66,3.46,1.94
2024-11-24,20.69,10.0,92.24,34.0,446.95,151.0,14.27,5.75,180.72,58.48
2024-11-25,1.54,2.0,26.85,8.0,119.76,36.0,5.05,1.75,40.55,11.71
2024-11-26,0.99,2.0,29.84,12.0,104.97,34.0,2.62,1.77,19.47,8.63
2024-11-27,7.71,5.0,45.07,15.0,107.45,36.0,11.91,5.15,42.68,14.93
2024-11-28,6.62,6.0,83.04,30.0,187.56,62.0,51.1,15.95,110.74,34.14
2024-11-29,23.6,11.0,101.27,40.0,238.47,86.0,73.21,27.6,171.69,59.82
2024-11-30,58.81,14.0,121.08,33.0,258.06,81.0,29.7,7.99,76.02,21.99
2024-12-01,19.17,8.0,40.29,13.0,145.4,43.0,11.24,3.03,50.51,12.79
2024-12-02,5.66,3.0,40.5,18.0,71.73,27.0,12.46,5.32,20.11,7.03
2024-12-03,20.99,6.0,44.86,14.0,120.02,35.0,30.23,7.72,49.69,13.83
2024-12-04,6.41,6.0,24.1,14.0,128.83,50.0,12.14,6.1,41.13,17.03
2024-12-05,12.59,6.0,59.39,22.0,268.51,71.0,5.85,2.96,48.22,10.91
2024-12-06,16.44,11.0,48.59,25.0,129.13,46.0,19.67,10.41,33.77,13.1
2024-12-07,9.61,2.0,70.15,24.0,176.35,61.0,18.89,7.41,42.37,19.84
2024-12-08,14.29,8.0,61.83,26.0,186.51,60.0,20.0,8.76,51.84,18.0
2024-12-09,2.81,5.0,77.93,27.0,129.68,45.0,61.29,18.88,78.46,24.65
2024-12-10,19.65,10.0,86.71,34.0,224.59,81.0,21.39,5.67,49.68,15.32
2024-12-11,34.13,10.0,121.73,36.0,292.26,85.0,23.61,7.59,72.43,18.17
2024-12-12,3.43,3.0,20.33,9.0,117.78,32.0,2.69,1.44,23.07,8.24
2024-12-13,27.02,7.0,85.54,18.0,128.18,34.0,21.14,5.67,26.72,8.26
2024-12-14,20.38,9.0,87.99,18.0,233.35,60.0,46.15,5.47,71.77,12.03
2024-12-15,40.32,14.0,203.99,74.0,392.6,142.0,88.62,32.26,163.44,57.97
2024-12-16,44.21,14.0,197.44,61.0,403.18,132.0,96.28,29.04,198.33,60.71
2024-12-17,16.68,5.0,130.69,35.0,218.21,58.0,59.72,16.75,117.8,29.43
2024-12-18,11.62,5.0,58.49,22.0,128.95,44.0,6.93,2.35,22.34,6.51
2024-12-19,7.83,2.0,16.47,3.0,95.02,26.0,4.31,1.1,39.68,11.96
2024-12-20,38.35,14.0,127.37,48.0,283.96,95.0,75.33,26.58,155.18,50.03
2024-12-21,23.55,11.0,141.9,53.0,349.72,126.0,72.42,22.47,162.32,49.32
2024-12-22,34.27,14.0,136.04,50.0,299.44,95.0,29.95,10.45,53.75,16.69
2024-12-23,0.0,0.0,9.51,4.0,11.3,5.0,9.28,3.92,10.41,4.55
2024-12-24,0.88,1.0,6.55,3.0,22.55,9.0,3.18,0.86,12.9,4.68
2024-12-25,25.8,11.0,109.55,36.0,284.36,86.0,33.89,11.72,102.34,29.76
2024-12-26,48.3,16.0,174.8,65.0,381.08,141.0,97.04,37.93,207.14,81.86
2024-12-27,0.0,0.0,0.0,0.0,7.42,2.0,0.0,0.0,3.52,0.98
2024-12-28,0.0,0.0,0.0,0.0,0.0,0.0,0.0,0.0,0.0,0.0
2024-12-29,0.0,0.0,0.0,0.0,0.0,0.0,0.0,0.0,0.0,0.0
2024-12-30,0.0,0.0,0.0,0.0,0.0,0.0,0.0,0.0,0.0,0.0
2024-12-31,0.0,0.0,2.37,1.0,4.21,2.0,1.68,0.71,1.68,0.71
2025-01-01,10.21,1.0,10.21,1.0,10.21,1.0,0.0,0.0,0.0,0.0
2025-01-02,0.0,0.0,0.0,0.0,0.0,0.0,0.0,0.0,0.0,0.0
2025-01-03,0.0,0.0,0.0,0.0,0.52,1.0,0.0,0.0,0.0,0.0
2025-01-04,0.0,0.0,6.9,2.0,15.32,5.0,0.0,0.0,0.0,0.0
2025-01-05,33.43,7.0,77.44,20.0,190.72,51.0,12.64,4.38,31.62,9.78
2025-01-06,5.15,2.0,36.14,11.0,66.38,20.0,4.0,0.96,10.2,2.85
2025-01-07,2.56,4.0,2.56,4.0,3.72,5.0,0.09,0.14,1.25,1.14
2025-01-08,15.58,7.0,60.06,20.0,92.46,32.0,15.97,4.99,31.59,9.71
2025-01-09,2.74,1.0,8.29,4.0,33.99,15.0,2.1,0.82,12.08,4.81
2025-01-10,3.13,1.0,10.11,4.0,52.95,16.0,4.54,1.91,16.79,6.15
2025-01-11,0.77,1.0,9.82,4.0,73.78,27.0,3.11,0.96,26.54,9.92
2025-01-12,2.25,2.0,2.25,2.0,2.25,2.0,0.0,0.0,0.0,0.0
2025-01-13,8.86,2.0,10.86,3.0,15.41,6.0,1.14,0.57,2.46,1.72
2025-01-14,0.97,1.0,2.87,2.0,15.85,6.0,1.22,0.64,8.59,3.12
2025-01-15,0.0,0.0,0.0,0.0,2.63,1.0,0.0,0.0,0.1,0.04
2025-01-16,1.34,2.0,1.34,2.0,3.98,4.0,0.53,0.65,1.53,1.82
2025-01-17,0.0,0.0,6.8,3.0,47.24,17.0,0.86,0.35,4.99,1.38
2025-01-18,3.08,3.0,7.27,4.0,7.27,4.0,0.0,0.0,0.0,0.0
2025-01-19,11.27,5.0,39.44,15.0,116.37,34.0,11.07,4.7,27.35,9.04
2025-01-20,18.78,7.0,34.84,13.0,90.35,30.0,6.64,3.71,17.79,7.23
2025-01-21,3.59,3.0,106.67,34.0,261.64,57.0,56.06,14.72,83.14,20.47
2025-01-22,47.17,16.0,117.83,46.0,231.71,86.0,41.69,16.54,63.35,23.33
2025-01-23,0.53,1.0,24.83,11.0,94.51,34.0,7.59,3.82,28.34,11.34
2025-01-24,14.65,5.0,67.74,18.0,139.18,38.0,6.83,1.93,34.4,5.23
2025-01-25,2.0,1.0,200.68,30.0,288.96,58.0,5.27,1.3,20.91,6.46
2025-01-26,23.23,9.0,125.93,26.0,200.19,48.0,12.76,3.48,16.32,4.47
2025-01-27,3.86,4.0,80.21,31.0,221.26,72.0,6.84,3.49,42.06,11.27
2025-01-28,7.69,2.0,61.66,18.0,149.7,44.0,37.97,10.08,82.91,22.61
2025-01-29,34.31,4.0,57.29,10.0,112.5,24.0,5.35,0.51,23.63,3.66
2025-01-30,1.53,2.0,62.26,18.0,194.08,51.0,10.92,1.74,28.89,7.33
2025-01-31,17.58,7.0,57.19,23.0,132.9,48.0,4.43,1.29,5.92,1.79
2025-02-01,40.17,13.0,134.65,43.0,304.63,97.0,72.55,18.69,163.89,47.27
2025-02-02,19.45,8.0,90.65,32.0,276.27,91.0,25.89,9.02,62.18,21.71
2025-02-03,2.48,1.0,52.84,12.0,224.13,43.0,31.51,6.08,117.21,22.26
2025-02-04,0.37,1.0,0.71,2.0,2.29,3.0,0.13,0.38,1.51,1.25
2025-02-05,13.12,5.0,144.42,21.0,214.25,33.0,66.95,7.36,85.69,11.32
2025-02-06,8.1,4.0,35.97,11.0,156.0,39.0,2.36,2.56,21.03,7.74
2025-02-07,42.55,5.0,110.55,24.0,261.16,53.0,19.0,3.84,33.24,6.04
2025-02-08,5.02,3.0,41.34,16.0,261.66,45.0,3.18,1.83,14.86,4.55
2025-02-09,7.92,4.0,74.01,24.0,142.36,49.0,44.43,11.78,63.55,16.84
2025-02-10,3.92,5.0,51.58,17.0,246.15,46.0,13.76,4.59,32.64,9.6
2025-02-11,20.32,8.0,62.31,19.0,184.89,52.0,25.24,8.43,44.93,13.77
2025-02-12,17.5,10.0,67.37,22.0,311.77,74.0,26.06,5.41,60.73,14.61
2025-02-13,13.31,5.0,33.25,11.0,130.55,39.0,12.48,4.5,39.56,11.92
2025-02-14,24.17,11.0,32.33,15.0,170.05,32.0,9.84,7.88,26.37,10.72
2025-02-15,1.36,2.0,15.76,8.0,78.9,24.0,7.16,2.57,31.58,10.68
2025-02-16,5.84,4.0,44.86,11.0,64.88,17.0,15.89,3.75,19.04,4.92
2025-02-17,7.62,2.0,43.11,13.0,103.5,32.0,23.09,8.2,51.53,19.94
2025-02-18,28.06,10.0,80.76,26.0,262.4,67.0,18.65,5.66,44.49,9.86
2025-02-19,0.95,1.0,7.73,2.0,36.25,8.0,0.67,0.1,2.03,0.51
2025-02-20,4.81,4.0,9.92,6.0,18.35,8.0,1.05,0.38,3.81,1.38
2025-02-21,1.64,2.0,85.53,12.0,107.02,18.0,40.32,4.24,40.47,4.28
2025-02-22,3.3,4.0,20.81,8.0,36.9,11.0,14.58,3.67,15.19,3.77
2025-02-23,20.2,8.0,46.63,21.0,230.26,64.0,12.32,4.22,49.16,15.13
2025-02-24,7.92,10.0,35.72,20.0,101.52,38.0,11.39,6.64,30.42,11.17
2025-02-25,8.09,2.0,31.71,10.0,59.64,22.0,14.57,4.05,21.15,6.59
2025-02-26,0.0,0.0,18.12,6.0,72.04,17.0,0.27,0.07,2.23,0.9
2025-02-27,0.0,0.0,0.0,0.0,0.0,0.0,0.0,0.0,0.0,0.0
2025-02-28,2.24,2.0,2.24,2.0,244.17,24.0,0.74,0.96,0.74,0.96
2025-03-01,0.0,0.0,0.0,0.0,15.58,5.0,0.0,0.0,8.75,2.32
2025-03-02,2.61,4.0,7.46,6.0,18.64,11.0,5.16,4.61,11.55,6.89
2025-03-03,2.7,2.0,22.25,4.0,54.11,16.0,0.47,0.83,1.5,1.51
2025-03-04,1.96,4.0,34.49,12.0,115.71,27.0,6.07,5.03,20.28,9.01
2025-03-05,25.08,12.0,55.52,20.0,286.36,39.0,37.04,12.3,68.97,17.47
2025-03-06,55.22,11.0,84.76,18.0,306.56,52.0,6.31,7.21,35.53,11.15
2025-03-07,3.95,4.0,28.85,9.0,57.94,20.0,19.13,5.57,24.98,8.39
2025-03-08,0.5,1.0,9.54,3.0,77.35,15.0,0.0,0.0,8.69,3.45
2025-03-09,18.11,4.0,18.11,4.0,41.09,9.0,4.01,0.9,10.61,2.13
2025-03-10,4.88,3.0,35.44,14.0,90.3,27.0,3.98,1.06,12.3,2.7
2025-03-11,2.32,3.0,6.06,7.0,21.94,16.0,1.01,0.99,13.36,7.77
2025-03-12,14.2,3.0,27.05,7.0,63.65,17.0,3.21,2.85,12.18,5.38
2025-03-13,0.53,1.0,7.85,5.0,375.62,29.0,5.28,2.85,160.52,10.29
2025-03-14,0.0,0.0,9.85,3.0,19.63,5.0,0.8,0.43,0.8,0.43
2025-03-15,3.93,5.0,4.68,7.0,4.68,7.0,0.85,1.77,0.85,1.77
2025-03-16,14.5,10.0,31.16,15.0,167.58,39.0,13.74,6.66,73.65,15.89
2025-03-17,3.76,2.0,6.85,3.0,54.55,16.0,0.0,0.0,6.91,2.04
2025-03-18,4.57,3.0,8.28,4.0,56.69,14.0,3.38,0.91,5.3,2.04
2025-03-19,39.3,6.0,44.98,9.0,93.08,23.0,32.59,4.5,54.45,11.3
2025-03-20,10.01,11.0,23.18,18.0,135.52,44.0,4.5,6.78,30.93,13.9
2025-03-21,26.47,6.0,53.88,13.0,149.98,40.0,34.74,5.9,52.22,10.88
2025-03-22,4.04,3.0,20.83,8.0,95.29,33.0,10.17,4.65,22.96,8.16
2025-03-23,1.91,3.0,42.02,10.0,149.7,30.0,1.64,0.78,1.64,0.78
2025-03-24,1.57,2.0,4.56,3.0,64.2,20.0,1.03,1.23,1.04,1.26
2025-03-25,1.7,2.0,4.31,4.0,70.81,18.0,0.0,0.0,0.62,0.22
2025-03-26,0.0,0.0,22.92,5.0,121.58,28.0,0.45,0.09,4.15,1.04
2025-03-27,1.29,1.0,37.57,10.0,145.24,40.0,1.41,1.05,6.62,2.81
2025-03-28,48.46,5.0,55.58,8.0,132.44,30.0,11.29,1.83,15.77,4.95
2025-03-29,3.47,5.0,4.27,6.0,49.23,20.0,4.15,5.72,4.25,5.76
2025-03-30,5.41,2.0,16.74,6.0,130.56,31.0,3.81,2.01,8.14,3.21
2025-03-31,0.89,1.0,2.28,2.0,62.5,24.0,0.85,0.96,3.35,2.32
2025-04-01,48.18,8.0,59.48,10.0,184.69,46.0,18.42,2.03,26.06,3.81
2025-04-02,25.78,2.0,39.57,8.0,157.59,31.0,12.31,3.42,28.93,6.08
2025-04-03,0.0,0.0,9.11,2.0,112.82,32.0,0.0,0.0,1.1,0.95
2025-04-04,0.0,0.0,39.6,11.0,336.14,67.0,8.74,3.23,11.65,3.79
2025-04-05,7.13,6.0,27.39,11.0,184.37,52.0,7.81,2.01,11.45,3.52
2025-04-06,7.28,4.0,11.86,8.0,102.39,36.0,0.93,1.02,3.92,3.0
2025-04-07,11.09,4.0,32.91,11.0,226.61,71.0,17.0,5.57,160.07,51.7
2025-04-08,12.3,2.0,33.96,8.0,61.04,14.0,3.85,0.58,4.0,0.63
2025-04-09,0.0,0.0,12.98,3.0,40.83,12.0,0.0,0.0,9.04,3.52
2025-04-10,0.0,0.0,11.92,2.0,12.46,3.0,4.34,0.73,4.34,0.73
2025-04-11,0.65,2.0,5.89,6.0,57.16,19.0,1.15,1.43,9.65,5.13
2025-04-12,0.61,1.0,9.91,5.0,30.71,13.0,2.23,1.25,18.96,7.49
2025-04-13,10.1,4.0,51.37,18.0,103.46,29.0,9.66,3.23,19.9,6.02
2025-04-14,8.47,4.0,53.23,12.0,451.99,47.0,9.48,1.77,19.21,4.66
2025-04-15,12.61,5.0,48.93,14.0,221.78,30.0,2.2,0.85,13.36,4.31
2025-04-16,1.39,3.0,215.2,29.0,490.73,78.0,106.24,15.36,121.6,19.49
2025-04-17,34.55,10.0,110.47,27.0,178.44,40.0,21.17,4.34,35.99,6.69
2025-04-18,3.78,1.0,111.86,25.0,139.34,33.0,8.95,3.45,11.23,4.41
2025-04-19,9.91,5.0,278.74,48.0,377.29,69.0,29.24,8.47,33.19,10.53
2025-04-20,12.92,4.0,190.13,42.0,256.25,57.0,3.13,0.82,8.85,2.02
2025-04-21,76.19,13.0,575.1,69.0,942.33,99.0,307.22,29.69,352.01,36.28
2025-04-22,76.02,14.0,578.43,71.0,953.74,136.0,150.27,22.71,249.99,32.37
2025-04-23,113.01,14.0,722.29,56.0,2462.31,152.0,423.2,26.03,1217.38,51.17
2025-04-24,283.07,19.0,1098.45,93.0,1679.28,223.0,508.53,42.58,668.38,77.07
2025-04-25,27.65,7.0,1644.5,151.0,3204.43,365.0,263.06,30.41,1220.04,134.69
2025-04-26,68.82,8.0,788.79,73.0,1692.81,225.0,493.11,41.65,546.1,47.78
2025-04-27,166.93,25.0,1326.53,230.0,2812.27,521.0,287.29,40.71,382.34,53.64
2025-04-28,34.94,11.0,616.5,88.0,1281.2,228.0,43.29,4.78,136.39,40.03
2025-04-29,62.68,22.0,707.31,143.0,1272.78,241.0,44.04,10.44,110.9,26.27
2025-04-30,98.13,29.0,558.72,133.0,1110.3,252.0,26.1,8.15,66.33,19.43
2025-05-01,49.96,11.0,580.93,69.0,1615.44,215.0,18.25,4.05,138.7,29.19
2025-05-02,0.46,1.0,0.46,1.0,0.46,1.0,0.41,0.88,0.41,0.88
2025-05-03,1.79,1.0,75.9,14.0,250.19,54.0,0.0,0.0,2.98,0.68
2025-05-04,0.0,0.0,345.31,61.0,878.87,169.0,0.0,0.0,2.96,0.81
2025-05-05,0.0,0.0,19.45,5.0,51.09,15.0,1.85,0.5,2.75,1.4
2025-05-06,12.06,3.0,161.78,37.0,510.93,99.0,4.87,1.5,110.88,15.04
2025-05-07,13.21,5.0,227.53,40.0,1162.31,163.0,3.53,1.94,67.55,13.76
2025-05-08,45.73,19.0,491.3,122.0,1422.97,293.0,16.45,4.79,254.32,50.0
2025-05-09,24.21,5.0,237.64,33.0,604.87,98.0,8.19,2.03,101.23,16.94
2025-05-10,33.57,8.0,107.75,18.0,566.43,99.0,2.56,0.86,192.28,43.02
2025-05-11,94.01,16.0,566.66,120.0,2298.73,461.0,411.62,86.35,1755.13,355.42
2025-05-12,37.09,13.0,279.12,58.0,2195.64,349.0,157.53,28.27,718.66,132.42
2025-05-13,56.15,8.0,391.13,54.0,1863.12,286.0,197.75,27.28,900.69,132.39
2025-05-14,2.2,1.0,53.62,9.0,612.47,93.0,50.92,8.47,425.05,59.29
2025-05-15,2.01,1.0,211.37,43.0,1295.25,216.0,125.07,25.96,683.7,115.39
2025-05-16,11.13,6.0,139.04,42.0,715.25,184.0,2.95,1.46,7.33,3.07
2025-05-17,1.41,1.0,57.74,12.0,799.04,124.0,1.04,0.4,1.89,0.49
2025-05-18,28.13,7.0,321.99,40.0,1404.4,153.0,18.93,6.28,45.61,13.11
2025-05-19,7.55,3.0,14.39,6.0,241.25,59.0,0.57,0.36,115.15,26.34
2025-05-20,10.12,2.0,84.84,12.0,356.02,58.0,1.08,0.36,7.14,1.69
2025-05-21,0.0,0.0,17.39,7.0,179.12,49.0,0.0,0.0,29.2,5.91
2025-05-22,2.26,1.0,3.19,2.0,58.16,19.0,0.0,0.0,0.0,0.0
2025-05-23,0.0,0.0,30.86,9.0,231.45,52.0,0.0,0.0,6.95,1.73
2025-05-24,2.17,1.0,33.19,11.0,167.49,45.0,0.84,0.4,25.84,8.08
2025-05-25,0.0,0.0,8.36,3.0,8.36,3.0,0.0,0.0,0.0,0.0
2025-05-26,0.0,0.0,0.0,0.0,3.19,2.0,0.0,0.0,1.71,1.08
2025-05-27,1.08,1.0,3.13,2.0,49.64,7.0,0.37,0.34,3.3,1.27
2025-05-28,0.0,0.0,3.39,1.0,23.01,6.0,0.0,0.0,2.97,0.97
2025-05-29,21.15,5.0,30.1,8.0,65.23,16.0,0.0,0.0,0.0,0.0
2025-05-30,0.0,0.0,0.98,1.0,0.98,1.0,0.65,0.67,0.65,0.67
2025-05-31,2.25,1.0,8.71,3.0,44.56,10.0,0.33,0.11,1.02,0.26
2025-06-01,0.0,0.0,0.0,0.0,28.68,12.0,0.0,0.0,0.04,0.02
2025-06-02,0.0,0.0,20.09,2.0,47.24,10.0,0.12,0.01,0.13,0.02
2025-06-03,0.0,0.0,9.12,2.0,52.48,9.0,0.0,0.0,0.56,1.02
2025-06-04,0.0,0.0,6.19,1.0,11.02,3.0,5.34,0.86,7.05,1.6
2025-06-05,0.0,0.0,4.13,1.0,10.52,2.0,0.0,0.0,0.0,0.0
2025-06-06,3.62,1.0,5.71,2.0,26.16,9.0,0.0,0.0,1.27,0.16
2025-06-07,0.81,1.0,0.81,1.0,21.02,7.0,0.0,0.0,2.85,0.81
2025-06-08,0.0,0.0,0.0,0.0,39.69,5.0,0.0,0.0,23.96,2.86
2025-06-09,4.57,1.0,8.53,4.0,61.97,13.0,3.71,2.82,14.94,4.85
2025-06-10,1.0,1.0,1.0,1.0,75.73,10.0,0.0,0.0,19.58,2.85
2025-06-11,0.0,0.0,43.99,6.0,81.61,15.0,0.0,0.0,0.85,0.23
2025-06-12,0.0,0.0,0.0,0.0,39.39,7.0,0.0,0.0,7.65,1.4
2025-06-13,0.0,0.0,0.0,0.0,47.57,8.0,0.0,0.0,2.83,0.78
2025-06-14,5.0,1.0,8.56,2.0,124.31,20.0,3.33,0.94,33.53,6.5
2025-06-15,0.0,0.0,0.0,0.0,0.0,0.0,0.0,0.0,0.0,0.0
2025-06-16,3.04,1.0,3.04,1.0,14.3,4.0,0.0,0.0,0.24,0.06
2025-06-17,0.0,0.0,0.0,0.0,0.0,0.0,0.0,0.0,0.0,0.0
2025-06-18,0.0,0.0,0.0,0.0,0.0,0.0,0.0,0.0,0.0,0.0
2025-06-19,0.0,0.0,0.88,1.0,9.58,3.0,0.0,0.0,0.0,0.0
2025-06-20,1.54,1.0,3.65,2.0,3.65,2.0,0.0,0.0,0.0,0.0
2025-06-21,0.0,0.0,7.55,3.0,10.89,4.0,0.0,0.0,0.0,0.0
2025-06-22,0.0,0.0,0.0,0.0,0.42,1.0,0.0,0.0,0.04,0.09
2025-06-23,0.0,0.0,0.0,0.0,2.85,1.0,0.0,0.0,0.0,0.0
2025-06-24,0.0,0.0,0.0,0.0,5.94,1.0,0.0,0.0,0.85,0.14
2025-06-25,0.0,0.0,0.0,0.0,0.0,0.0,0.0,0.0,0.0,0.0
2025-06-26,0.38,1.0,0.38,1.0,4.32,2.0,0.0,0.0,0.0,0.0
2025-06-27,0.0,0.0,8.36,1.0,10.39,2.0,7.99,0.96,7.99,0.96
2025-06-28,0.0,0.0,0.0,0.0,5.83,1.0,0.0,0.0,3.7,0.63
2025-06-29,0.0,0.0,0.0,0.0,0.0,0.0,0.0,0.0,0.0,0.0
2025-06-30,0.0,0.0,0.0,0.0,1.22,1.0,0.0,0.0,0.0,0.0
2025-07-01,0.0,0.0,1.71,1.0,3.69,2.0,0.0,0.0,0.01,0.01
2025-07-02,0.81,1.0,0.81,1.0,5.12,2.0,0.0,0.0,0.0,0.0
2025-07-03,0.0,0.0,5.28,1.0,5.28,1.0,0.0,0.0,0.0,0.0
2025-07-04,0.0,0.0,0.0,0.0,0.0,0.0,0.0,0.0,0.0,0.0
2025-07-05,0.0,0.0,0.0,0.0,0.0,0.0,0.0,0.0,0.0,0.0
2025-07-06,0.0,0.0,0.0,0.0,0.0,0.0,0.0,0.0,0.0,0.0
2025-07-07,0.0,0.0,0.0,0.0,0.0,0.0,0.0,0.0,0.0,0.0
2025-07-08,0.0,0.0,0.0,0.0,0.0,0.0,0.0,0.0,0.0,0.0
2025-07-09,0.0,0.0,0.0,0.0,0.0,0.0,0.0,0.0,0.0,0.0
2025-07-10,0.0,0.0,0.0,0.0,0.0,0.0,0.0,0.0,0.0,0.0
2025-07-11,0.0,0.0,0.0,0.0,0.0,0.0,0.0,0.0,0.0,0.0
2025-07-12,0.0,0.0,0.0,0.0,0.0,0.0,0.0,0.0,0.0,0.0
2025-07-13,0.0,0.0,0.0,0.0,5.25,1.0,0.0,0.0,2.24,0.43
2025-07-14,0.0,0.0,0.0,0.0,0.0,0.0,0.0,0.0,0.0,0.0
2025-07-15,0.0,0.0,0.0,0.0,0.0,0.0,0.0,0.0,0.0,0.0
2025-07-16,0.0,0.0,5.43,1.0,5.43,1.0,0.0,0.0,0.0,0.0
2025-07-17,0.0,0.0,0.0,0.0,0.0,0.0,0.0,0.0,0.0,0.0
2025-07-18,0.0,0.0,0.0,0.0,0.0,0.0,0.0,0.0,0.0,0.0
2025-07-19,0.39,1.0,0.39,1.0,0.39,1.0,0.0,0.0,0.0,0.0
2025-07-20,0.0,0.0,0.0,0.0,0.0,0.0,0.0,0.0,0.0,0.0
2025-07-21,0.0,0.0,0.0,0.0,0.0,0.0,0.0,0.0,0.0,0.0
2025-07-22,0.0,0.0,0.0,0.0,2.31,1.0,0.0,0.0,0.0,0.0
2025-07-23,0.0,0.0,0.0,0.0,0.0,0.0,0.0,0.0,0.0,0.0
2025-07-24,0.0,0.0,0.0,0.0,0.0,0.0,0.0,0.0,0.0,0.0
2025-07-25,0.0,0.0,0.0,0.0,0.0,0.0,0.0,0.0,0.0,0.0
2025-07-26,0.0,0.0,0.95,1.0,0.95,1.0,0.0,0.0,0.0,0.0
2025-07-27,0.0,0.0,3.39,1.0,3.39,1.0,0.0,0.0,0.0,0.0
2025-07-28,0.0,0.0,2.35,1.0,2.35,1.0,0.0,0.0,0.0,0.0
2025-07-29,0.0,0.0,0.0,0.0,0.0,0.0,0.0,0.0,0.0,0.0
2025-07-30,0.0,0.0,0.0,0.0,0.0,0.0,0.0,0.0,0.0,0.0
2025-07-31,0.0,0.0,0.0,0.0,0.0,0.0,0.0,0.0,0.0,0.0
2025-08-01,0.0,0.0,1.98,1.0,1.98,1.0,1.7,0.86,1.7,0.86
2025-08-02,0.0,0.0,0.0,0.0,0.0,0.0,0.0,0.0,0.0,0.0
2025-08-03,0.0,0.0,0.0,0.0,0.0,0.0,0.0,0.0,0.0,0.0
2025-08-04,0.0,0.0,0.0,0.0,0.0,0.0,0.0,0.0,0.0,0.0
2025-08-05,0.0,0.0,0.0,0.0,0.0,0.0,0.0,0.0,0.0,0.0
2025-08-06,0.51,1.0,2.78,2.0,2.78,2.0,1.68,1.02,1.68,1.02
2025-08-07,2.04,1.0,2.99,2.0,2.99,2.0,1.34,1.18,1.34,1.18
2025-08-08,0.0,0.0,0.0,0.0,0.0,0.0,0.0,0.0,0.0,0.0
2025-08-09,0.0,0.0,0.0,0.0,4.36,1.0,0.0,0.0,0.0,0.0
2025-08-10,0.0,0.0,0.0,0.0,0.0,0.0,0.0,0.0,0.0,0.0
2025-08-11,0.0,0.0,0.0,0.0,0.0,0.0,0.0,0.0,0.0,0.0
2025-08-12,0.0,0.0,0.0,0.0,0.0,0.0,0.0,0.0,0.0,0.0
2025-08-13,0.0,0.0,0.0,0.0,0.0,0.0,0.0,0.0,0.0,0.0
2025-08-14,0.0,0.0,0.0,0.0,0.0,0.0,0.0,0.0,0.0,0.0
2025-08-15,0.0,0.0,0.0,0.0,0.0,0.0,0.0,0.0,0.0,0.0
2025-08-16,0.0,0.0,0.0,0.0,0.0,0.0,0.0,0.0,0.0,0.0
2025-08-17,0.61,1.0,0.61,1.0,0.61,1.0,0.0,0.0,0.0,0.0
2025-08-18,5.46,1.0,5.46,1.0,5.46,1.0,0.0,0.0,0.0,0.0
2025-08-19,0.0,0.0,0.0,0.0,0.0,0.0,0.0,0.0,0.0,0.0
2025-08-20,0.0,0.0,0.65,1.0,3.25,2.0,0.0,0.0,0.0,0.0
2025-08-21,0.0,0.0,1.42,1.0,1.42,1.0,0.0,0.0,0.0,0.0
2025-08-22,0.0,0.0,0.0,0.0,0.0,0.0,0.0,0.0,0.0,0.0
2025-08-23,0.0,0.0,0.0,0.0,0.0,0.0,0.0,0.0,0.0,0.0
2025-08-24,0.0,0.0,0.0,0.0,0.0,0.0,0.0,0.0,0.0,0.0
2025-08-25,0.0,0.0,0.0,0.0,0.0,0.0,0.0,0.0,0.0,0.0
2025-08-26,0.0,0.0,0.0,0.0,0.0,0.0,0.0,0.0,0.0,0.0
2025-08-27,0.0,0.0,0.0,0.0,0.0,0.0,0.0,0.0,0.0,0.0
2025-08-28,1.15,1.0,1.15,1.0,1.15,1.0,0.0,0.0,0.0,0.0
2025-08-29,0.0,0.0,6.71,3.0,6.71,3.0,0.0,0.0,0.0,0.0
2025-08-30,1.21,2.0,1.21,2.0,3.14,3.0,0.0,0.0,0.0,0.0
2025-08-31,0.0,0.0,0.0,0.0,2.34,1.0,0.0,0.0,0.0,0.0
2025-09-01,0.0,0.0,0.0,0.0,0.0,0.0,0.0,0.0,0.0,0.0
2025-09-02,0.0,0.0,0.0,0.0,0.0,0.0,0.0,0.0,0.0,0.0
2025-09-03,0.0,0.0,0.0,0.0,0.0,0.0,0.0,0.0,0.0,0.0
2025-09-04,1.37,2.0,1.37,2.0,1.37,2.0,0.48,0.88,0.48,0.88
2025-09-05,0.0,0.0,0.0,0.0,0.0,0.0,0.0,0.0,0.0,0.0
2025-09-06,0.0,0.0,0.0,0.0,0.0,0.0,0.0,0.0,0.0,0.0
2025-09-07,1.88,2.0,2.58,3.0,2.58,3.0,0.0,0.0,0.0,0.0
2025-09-08,7.63,2.0,10.26,4.0,14.66,5.0,5.7,0.93,5.7,0.93
2025-09-09,0.0,0.0,0.0,0.0,0.0,0.0,0.0,0.0,0.0,0.0
2025-09-10,0.0,0.0,0.0,0.0,1.28,1.0,0.0,0.0,0.64,0.5
2025-09-11,0.0,0.0,1.52,1.0,1.52,1.0,1.5,0.99,1.5,0.99
2025-09-12,3.09,2.0,6.13,3.0,9.37,4.0,2.57,1.02,3.0,1.15
2025-09-13,0.0,0.0,3.3,2.0,3.3,2.0,0.58,0.33,0.58,0.33
2025-09-14,0.64,1.0,10.83,4.0,10.83,4.0,1.81,1.31,1.81,1.31
2025-09-15,0.0,0.0,1.26,1.0,15.55,3.0,0.31,0.25,10.01,1.61
2025-09-16,0.0,0.0,0.0,0.0,10.43,2.0,0.0,0.0,0.0,0.0
2025-09-17,0.0,0.0,6.92,1.0,12.4,2.0,0.0,0.0,0.0,0.0
2025-09-18,0.97,2.0,1.25,3.0,4.51,4.0,0.0,0.0,0.0,0.0
2025-09-19,0.0,0.0,0.29,1.0,2.62,2.0,0.26,0.91,0.26,0.91
2025-09-20,0.0,0.0,0.0,0.0,0.0,0.0,0.0,0.0,0.0,0.0
2025-09-21,0.0,0.0,14.88,3.0,18.59,4.0,5.89,1.13,9.52,2.11
2025-09-22,0.0,0.0,6.04,4.0,6.04,4.0,1.99,0.96,1.99,0.96
2025-09-23,0.83,1.0,15.3,4.0,23.67,7.0,1.81,0.32,7.62,2.3
2025-09-24,1.37,1.0,11.35,6.0,27.37,12.0,1.97,0.78,6.04,2.18
2025-09-25,0.0,0.0,6.86,2.0,15.22,5.0,3.09,1.24,11.29,4.19
2025-09-26,0.0,0.0,25.31,6.0,48.25,11.0,0.75,0.2,1.75,0.38
2025-09-27,0.0,0.0,0.0,0.0,5.07,2.0,0.0,0.0,0.0,0.0
2025-09-28,0.0,0.0,35.36,9.0,58.67,12.0,5.38,1.59,5.88,1.65
2025-09-29,0.0,0.0,32.62,10.0,59.91,19.0,18.4,5.3,29.46,8.91
2025-09-30,0.0,0.0,0.0,0.0,5.74,2.0,0.0,0.0,0.0,0.0
2025-10-01,1.32,2.0,3.38,3.0,6.62,4.0,0.0,0.0,0.37,0.11
2025-10-02,7.55,3.0,7.55,3.0,17.93,5.0,3.23,1.29,3.23,1.29
2025-10-03,0.0,0.0,0.0,0.0,5.27,1.0,0.0,0.0,0.0,0.0
2025-10-04,7.84,4.0,26.99,11.0,54.09,18.0,2.55,2.14,7.7,3.98
2025-10-05,4.68,2.0,77.52,23.0,147.3,48.0,6.81,1.69,23.14,7.26
2025-10-06,0.0,0.0,0.0,0.0,0.0,0.0,0.0,0.0,0.0,0.0
2025-10-07,0.0,0.0,0.0,0.0,36.01,7.0,0.0,0.0,0.0,0.0
2025-10-08,5.37,7.0,6.0,8.0,6.0,8.0,3.82,4.63,3.82,4.63
2025-10-09,1.01,2.0,3.36,6.0,7.64,8.0,2.31,3.57,6.59,5.57
2025-10-10,0.28,1.0,6.9,4.0,25.69,10.0,1.89,1.56,5.11,2.69
2025-10-11,0.0,0.0,11.87,6.0,31.75,12.0,4.19,3.48,4.19,3.48
2025-10-12,1.33,2.0,29.22,8.0,54.83,15.0,5.99,4.43,20.46,9.1
2025-10-13,1.89,2.0,22.31,8.0,35.24,14.0,0.99,1.16,7.54,4.33
2025-10-14,1.07,3.0,8.82,8.0,48.86,18.0,0.25,0.79,14.41,5.3
2025-10-15,3.8,4.0,31.35,15.0,96.39,34.0,4.38,3.22,13.4,7.9
2025-10-16,2.32,1.0,44.93,12.0,333.05,69.0,2.62,1.65,90.49,14.66
2025-10-17,3.04,2.0,20.51,5.0,61.49,12.0,0.0,0.0,21.08,1.85
2025-10-18,0.0,0.0,3.13,1.0,25.73,7.0,0.0,0.0,5.66,0.77
2025-10-19,0.65,1.0,19.22,6.0,118.96,29.0,0.02,0.03,41.78,9.01
2025-10-20,11.57,5.0,76.28,19.0,327.0,80.0,0.25,0.07,42.57,7.68
2025-10-21,4.69,1.0,33.19,8.0,187.92,52.0,6.15,1.56,49.92,14.46
2025-10-22,16.99,3.0,32.73,8.0,149.33,37.0,2.78,1.39,13.18,5.94
2025-10-23,1.15,1.0,15.65,4.0,57.44,14.0,0.9,0.78,24.83,4.22
2025-10-24,0.0,0.0,12.0,3.0,42.48,10.0,0.0,0.0,6.64,1.84
2025-10-25,0.76,1.0,18.45,6.0,82.62,27.0,0.2,0.04,21.83,6.94
2025-10-26,7.96,5.0,32.8,16.0,255.8,86.0,9.78,4.4,86.42,30.24
2025-10-27,0.0,0.0,0.0,0.0,45.6,9.0,0.0,0.0,0.0,0.0
2025-10-28,0.0,0.0,0.0,0.0,0.0,0.0,0.0,0.0,0.0,0.0
2025-10-29,0.0,0.0,0.0,0.0,100.92,18.0,0.0,0.0,36.5,7.56
2025-10-30,0.0,0.0,0.91,1.0,62.82,10.0,0.0,0.0,0.0,0.0
2025-10-31,1.83,2.0,4.1,3.0,79.56,23.0,1.55,1.32,25.13,8.34
2025-11-01,2.81,4.0,18.6,9.0,152.92,39.0,0.33,0.16,52.0,11.42
2025-11-02,0.57,1.0,11.64,4.0,85.22,25.0,0.0,0.01,26.29,6.5
2025-11-03,0.0,0.0,79.12,14.0,167.9,30.0,4.01,1.67,35.41,7.24
2025-11-04,2.59,1.0,12.38,4.0,93.09,16.0,0.0,0.0,0.0,0.0
2025-11-05,11.93,9.0,56.48,22.0,215.48,66.0,16.77,9.55,56.27,21.75
2025-11-06,4.73,2.0,38.87,11.0,272.64,83.0,16.7,3.44,92.56,28.66
2025-11-07,9.09,4.0,34.81,10.0,150.02,43.0,23.76,6.83,87.46,24.01
2025-11-08,3.8,3.0,16.97,7.0,305.53,58.0,4.41,3.99,246.29,41.62
2025-11-09,1.75,4.0,36.91,14.0,397.86,83.0,23.46,6.19,303.83,53.66
2025-11-10,15.15,6.0,31.49,11.0,283.17,79.0,13.85,6.12,173.65,46.97
2025-11-11,11.37,4.0,56.64,21.0,339.74,103.0,23.67,9.59,193.14,54.71
2025-11-12,2.12,2.0,2.12,2.0,5.71,5.0,0.03,0.02,0.03,0.02
2025-11-13,9.65,6.0,37.79,11.0,125.36,32.0,4.23,1.5,66.51,14.36
2025-11-14,5.72,2.0,50.99,14.0,152.1,41.0,36.13,9.33,97.49,24.33
2025-11-15,3.97,4.0,57.11,23.0,287.23,65.0,19.52,8.26,142.31,34.23
2025-11-16,8.26,6.0,85.08,31.0,263.61,77.0,45.58,16.7,163.46,44.99
2025-11-17,15.55,9.0,89.54,33.0,163.05,57.0,41.79,13.7,60.39,21.88
2025-11-18,1.38,3.0,36.65,13.0,88.64,35.0,15.86,5.24,36.14,14.7
2025-11-19,0.0,0.0,21.37,6.0,49.97,13.0,2.67,1.1,17.82,5.13
2025-11-20,11.65,4.0,30.65,9.0,65.74,24.0,15.37,4.49,15.6,4.88
2025-11-21,19.77,5.0,84.18,26.0,130.33,41.0,9.14,2.06,10.5,2.49
2025-11-22,17.08,10.0,69.05,29.0,191.01,74.0,23.95,8.95,72.81,25.8
2025-11-23,9.03,7.0,68.24,28.0,124.92,46.0,21.2,11.91,31.63,16.03
2025-11-24,9.27,6.0,36.78,14.0,109.06,30.0,10.05,6.05,68.42,15.89
2025-11-25,14.5,11.0,31.77,19.0,78.04,37.0,5.41,4.61,20.37,9.35
2025-11-26,2.17,3.0,83.37,26.0,196.63,58.0,51.63,12.52,113.54,28.5
2025-11-27,25.82,13.0,98.0,44.0,243.05,95.0,36.19,16.44,108.82,41.7
2025-11-28,7.05,2.0,8.52,3.0,54.11,17.0,0.09,0.06,7.73,2.27
2025-11-29,21.13,5.0,37.61,11.0,59.25,17.0,14.2,5.76,15.33,6.29
2025-11-30,4.58,2.0,16.85,8.0,511.31,31.0,12.07,5.91,354.2,17.54
2025-12-01,28.66,9.0,80.19,23.0,141.53,43.0,38.83,10.75,67.41,20.37
2025-12-02,19.86,9.0,128.39,50.0,210.69,85.0,66.7,23.38,107.64,41.68
2025-12-03,32.02,14.0,88.6,34.0,220.9,80.0,20.85,8.34,43.83,15.02
2025-12-04,11.49,6.0,32.81,12.0,59.99,20.0,7.34,2.23,7.62,2.43
2025-12-05,29.75,9.0,71.01,24.0,88.86,32.0,8.64,3.05,16.33,6.71
2025-12-06,15.95,8.0,60.54,18.0,101.85,32.0,12.49,4.39,17.43,6.04
2025-12-07,27.79,10.0,107.36,36.0,207.5,63.0,6.94,3.76,16.7,6.59
2025-12-08,9.45,5.0,58.77,27.0,150.91,67.0,3.63,3.24,18.34,11.63
2025-12-09,10.09,8.0,33.55,17.0,94.73,36.0,7.82,4.06,31.78,9.63
2025-12-10,21.36,9.0,62.77,28.0,99.16,39.0,8.66,5.94,17.34,7.6
2025-12-11,11.96,10.0,43.54,25.0,103.17,47.0,5.08,3.37,19.89,8.21
2025-12-12,12.93,7.0,82.56,25.0,129.24,42.0,46.73,11.72,61.67,18.1
2025-12-13,16.54,9.0,68.15,26.0,144.12,57.0,15.52,6.47,70.78,30.35
2025-12-14,9.38,2.0,44.65,13.0,64.54,21.0,12.3,2.96,22.7,7.34
2025-12-15,9.76,5.0,40.29,19.0,43.12,21.0,3.79,4.64,4.67,5.09
2025-12-16,13.1,8.0,42.94,17.0,86.87,30.0,4.81,2.29,23.41,7.98
2025-12-17,15.38,6.0,52.24,20.0,70.84,25.0,8.25,2.71,19.69,5.95
2025-12-18,0.0,0.0,17.46,6.0,51.54,20.0,7.43,2.48,17.02,6.61
2025-12-19,0.41,1.0,0.41,1.0,16.15,4.0,0.0,0.0,13.42,2.59
2025-12-20,0.0,0.0,3.77,1.0,9.16,4.0,0.0,0.0,1.75,1.0
2025-12-21,0.0,0.0,0.0,0.0,0.75,1.0,0.0,0.0,0.0,0.0
2025-12-22,1.85,3.0,16.83,7.0,38.98,13.0,2.94,1.24,5.43,2.24
2025-12-23,26.26,14.0,88.07,38.0,144.13,50.0,18.37,10.08,37.37,13.88
2025-12-24,16.96,6.0,58.34,27.0,160.58,51.0,5.82,3.14,27.92,7.08
2025-12-25,3.02,1.0,19.57,6.0,29.45,10.0,11.18,3.3,11.48,3.41
2025-12-26,6.44,3.0,8.68,4.0,30.54,12.0,4.79,1.75,11.63,4.85
2025-12-27,19.4,6.0,49.69,17.0,67.99,25.0,12.02,4.02,14.56,5.7
2025-12-28,14.7,3.0,31.64,9.0,80.27,22.0,23.84,6.95,39.01,11.81
2025-12-29,0.0,0.0,18.32,8.0,45.5,19.0,0.73,0.27,7.6,2.97
2025-12-30,2.13,2.0,18.59,7.0,39.48,12.0,1.07,0.39,1.71,0.55
2025-12-31,0.0,0.0,3.53,1.0,6.51,2.0,0.0,0.0,2.97,1.0
2026-01-01,0.0,0.0,0.0,0.0,0.0,0.0,0.0,0.0,0.0,0.0
2026-01-02,0.65,1.0,0.65,1.0,0.65,1.0,0.0,0.0,0.0,0.0
2026-01-03,1.43,2.0,5.87,3.0,10.92,5.0,0.0,0.0,0.9,0.39
2026-01-04,7.07,5.0,15.87,8.0,35.32,14.0,2.07,0.89,2.95,1.14
2026-01-05,11.95,2.0,29.36,6.0,55.4,9.0,3.48,0.66,3.97,0.84
2026-01-06,0.0,0.0,2.71,1.0,2.71,1.0,0.0,0.0,0.0,0.0
2026-01-07,2.67,1.0,2.67,1.0,16.07,6.0,0.2,0.08,4.12,1.42
2026-01-08,14.94,6.0,89.59,19.0,109.25,25.0,50.13,9.51,61.34,12.37
2026-01-09,4.19,2.0,36.04,14.0,44.63,17.0,24.33,8.71,27.07,9.63
2026-01-10,12.8,6.0,56.49,19.0,98.82,30.0,6.91,2.77,11.02,4.58
2026-01-11,2.74,2.0,8.93,5.0,28.61,11.0,1.14,0.56,1.14,0.56
2026-01-12,13.16,6.0,36.37,12.0,89.5,28.0,17.11,3.91,38.45,11.99
2026-01-13,1.27,2.0,26.78,10.0,101.8,28.0,8.35,3.31,20.48,6.61
2026-01-14,15.22,7.0,46.61,18.0,66.11,26.0,8.2,2.6,13.25,4.92
2026-01-15,3.03,1.0,14.46,5.0,14.46,5.0,3.97,1.35,3.97,1.35
2026-01-16,0.0,0.0,3.51,1.0,10.9,4.0,0.0,0.0,0.13,0.17
2026-01-17,1.18,1.0,3.03,2.0,17.28,5.0,1.02,0.81,5.09,1.64
2026-01-18,1.83,3.0,42.07,16.0,89.85,27.0,8.57,3.04,28.87,7.34
2026-01-19,32.0,9.0,96.26,28.0,198.78,64.0,47.48,14.89,87.16,29.99
2026-01-20,12.51,8.0,56.09,20.0,176.3,61.0,28.03,7.89,48.28,13.98
2026-01-21,2.19,4.0,40.82,17.0,117.47,38.0,14.27,5.2,39.85,15.53
2026-01-22,4.33,2.0,36.21,10.0,155.38,38.0,8.16,2.0,18.84,5.12
2026-01-23,0.0,0.0,0.0,0.0,0.0,0.0,0.0,0.0,0.0,0.0
2026-01-24,0.0,0.0,0.0,0.0,0.0,0.0,0.0,0.0,0.0,0.0
2026-01-25,1.43,2.0,10.45,6.0,60.71,18.0,1.05,0.57,13.75,1.35
2026-01-26,2.95,1.0,49.46,15.0,92.31,22.0,13.29,4.31,32.45,6.87
2026-01-27,0.0,0.0,0.0,0.0,0.0,0.0,0.0,0.0,0.0,0.0
2026-01-28,2.17,2.0,2.17,2.0,9.7,4.0,0.0,0.0,1.02,0.14
2026-01-29,4.09,6.0,7.32,7.0,10.2,9.0,3.53,2.58,3.95,2.82
2026-01-30,7.27,7.0,43.35,15.0,61.81,21.0,20.43,5.23,29.92,7.97
2026-01-31,0.0,0.0,0.0,0.0,12.58,3.0,0.0,0.0,0.0,0.0
2026-02-01,0.63,1.0,0.63,1.0,3.2,2.0,0.36,0.57,0.36,0.57
2026-02-02,0.0,0.0,0.0,0.0,14.33,3.0,0.0,0.0,2.52,0.71
2026-02-03,0.94,1.0,6.62,3.0,30.07,7.0,5.86,2.72,15.14,3.37
2026-02-04,30.91,13.0,79.35,29.0,120.75,39.0,18.32,10.89,47.7,17.64
2026-02-05,37.57,15.0,68.07,28.0,244.61,69.0,15.01,6.67,65.84,17.7
2026-02-06,4.92,2.0,63.82,13.0,139.21,34.0,4.14,1.84,10.57,3.58
2026-02-07,0.0,0.0,15.98,5.0,117.23,28.0,3.95,1.19,55.62,10.25
2026-02-08,22.9,5.0,46.66,11.0,221.9,42.0,7.08,1.75,26.69,6.77
2026-02-09,30.94,15.0,57.65,27.0,115.24,43.0,24.41,9.21,43.78,13.75
2026-02-10,50.47,13.0,118.88,30.0,149.03,40.0,40.62,9.0,44.48,11.28
2026-02-11,15.35,9.0,43.99,18.0,165.51,37.0,14.06,6.19,48.27,13.26
2026-02-12,0.0,0.0,10.09,4.0,69.05,17.0,4.38,1.49,10.46,3.63
2026-02-13,7.73,4.0,34.07,13.0,154.88,25.0,10.31,3.41,73.16,8.39
2026-02-14,1.12,3.0,45.44,15.0,337.03,47.0,6.12,3.83,136.02,13.93
2026-02-15,10.16,8.0,59.44,23.0,266.24,77.0,28.92,8.35,155.36,35.79
2026-02-16,14.09,7.0,62.35,19.0,161.07,49.0,13.83,3.75,27.45,7.93
2026-02-17,6.32,2.0,35.51,8.0,123.79,30.0,15.63,3.03,27.73,5.98
2026-02-18,0.0,0.0,0.0,0.0,0.0,0.0,0.0,0.0,0.0,0.0
2026-02-19,8.49,8.0,30.78,16.0,55.71,23.0,10.75,4.41,24.23,7.97
2026-02-20,0.31,1.0,34.94,13.0,121.91,29.0,2.29,1.94,22.81,6.22
2026-02-21,10.99,5.0,30.89,12.0,196.91,56.0,8.39,3.4,29.27,7.63
2026-02-22,8.81,5.0,45.14,15.0,136.35,34.0,16.49,6.22,27.76,10.21
2026-02-23,7.47,2.0,41.12,11.0,200.56,29.0,12.03,3.41,63.75,10.1
2026-02-24,2.3,3.0,48.47,13.0,284.56,33.0,22.29,4.69,183.58,13.55
2026-02-25,13.97,4.0,46.73,14.0,211.81,35.0,20.1,6.76,68.17,14.26
2026-02-26,33.7,9.0,50.75,14.0,106.01,29.0,5.52,5.91,31.41,11.78
2026-02-27,2.42,1.0,81.32,4.0,100.37,10.0,4.88,1.56,11.11,3.01
2026-02-28,1.01,3.0,37.34,8.0,152.73,25.0,16.08,4.29,29.99,9.84
2026-03-01,11.62,6.0,32.07,11.0,170.5,33.0,5.46,1.87,16.56,4.22
2026-03-02,23.94,18.0,44.13,32.0,283.68,193.0,10.19,13.73,26.8,28.51
2026-03-03,3.97,4.0,30.33,12.0,538.98,98.0,8.9,1.84,124.64,25.6
2026-03-04,2.14,1.0,6.37,2.0,92.07,10.0,5.16,1.66,25.75,4.58
2026-03-05,11.86,6.0,13.89,7.0,24.79,10.0,1.63,0.84,1.63,0.84
2026-03-06,10.98,3.0,22.06,7.0,40.45,12.0,7.31,2.46,12.83,3.52
2026-03-07,4.93,2.0,10.54,5.0,26.95,9.0,3.97,1.34,7.92,2.04
2026-03-08,8.01,5.0,33.61,11.0,48.12,18.0,8.65,3.4,9.56,4.41
2026-03-09,0.0,0.0,6.58,2.0,66.93,15.0,1.66,0.43,6.63,2.38
2026-03-10,0.0,0.0,0.0,0.0,0.0,0.0,0.0,0.0,0.0,0.0
2026-03-11,0.0,0.0,0.0,0.0,0.0,0.0,0.0,0.0,0.0,0.0
2026-03-12,0.0,0.0,0.0,0.0,0.0,0.0,0.0,0.0,0.0,0.0
2026-03-13,2.03,4.0,2.46,5.0,2.85,6.0,1.02,1.91,1.02,1.91
2026-03-14,0.0,0.0,4.01,3.0,66.89,15.0,2.69,1.42,13.01,4.74
2026-03-15,4.31,4.0,4.72,5.0,8.83,8.0,0.0,0.0,0.29,0.16
2026-03-16,0.57,2.0,5.87,3.0,26.48,8.0,5.14,0.97,6.17,1.42
2026-03-17,0.67,1.0,7.29,5.0,7.29,5.0,4.4,1.87,4.4,1.87
2026-03-18,5.59,1.0,10.36,2.0,44.96,9.0,5.61,1.0,29.11,4.76
2026-03-19,0.0,0.0,0.0,0.0,0.0,0.0,0.0,0.0,0.0,0.0
2026-03-20,0.0,0.0,0.0,0.0,0.0,0.0,0.0,0.0,0.0,0.0
2026-03-21,0.57,1.0,1.38,2.0,3.43,4.0,1.14,1.65,3.11,3.58
2026-03-22,0.0,0.0,0.0,0.0,13.61,4.0,0.0,0.0,0.79,0.82
2026-03-23,1.06,3.0,7.66,7.0,16.81,11.0,0.22,0.92,0.22,0.92
2026-03-24,0.0,0.0,51.83,13.0,72.83,20.0,21.49,2.95,25.15,4.4
2026-03-25,3.57,2.0,11.51,4.0,45.92,15.0,1.01,0.6,3.75,1.44
2026-03-26,0.0,0.0,16.2,5.0,19.4,6.0,1.0,1.87,1.0,1.87
2026-03-27,1.46,1.0,5.33,2.0,5.33,2.0,3.14,1.3,3.14,1.3
2026-03-28,2.62,3.0,5.9,4.0,16.78,7.0,4.45,2.39,11.72,4.1
2026-03-29,0.95,2.0,1.48,3.0,48.39,11.0,0.31,0.68,13.15,2.46
2026-03-30,1.75,1.0,6.8,5.0,9.11,6.0,3.58,2.78,3.58,2.78
2026-03-31,0.0,0.0,6.99,3.0,11.9,6.0,0.16,0.41,2.8,2.4
2026-04-01,0.94,2.0,1.76,3.0,8.58,5.0,0.16,0.56,0.16,0.56
2026-04-02,0.0,0.0,3.93,2.0,30.38,11.0,0.0,0.0,6.35,1.2
2026-04-03,0.0,0.0,0.0,0.0,4.2,1.0,0.0,0.0,0.0,0.0
2026-04-04,3.66,2.0,3.66,2.0,9.75,3.0,0.33,0.71,1.44,0.89
2026-04-05,3.35,4.0,23.19,9.0,59.05,14.0,10.32,2.66,13.36,2.98
2026-04-06,2.53,1.0,2.53,1.0,3.16,2.0,0.0,0.0,0.0,0.0
2026-04-07,0.0,0.0,0.0,0.0,0.0,0.0,0.0,0.0,0.0,0.0
2026-04-08,0.73,1.0,1.63,3.0,1.63,3.0,0.0,0.0,0.0,0.0
2026-04-09,9.46,8.0,24.55,16.0,36.59,21.0,7.26,5.38,12.56,7.5
2026-04-10,4.75,3.0,17.46,9.0,59.15,18.0,2.49,3.72,5.93,4.77
2026-04-11,0.0,0.0,0.83,2.0,32.09,10.0,0.47,1.13,0.65,1.51
2026-04-12,19.26,6.0,40.91,13.0,64.57,20.0,12.38,3.97,29.6,9.04
2026-04-13,10.1,2.0,34.13,9.0,79.8,18.0,7.51,2.84,11.24,4.58
2026-04-14,74.96,9.0,90.0,16.0,135.33,29.0,37.11,5.86,51.5,7.99
2026-04-15,7.03,2.0,52.65,12.0,77.33,18.0,6.91,3.54,10.38,4.39
2026-04-16,135.32,4.0,254.05,16.0,320.32,29.0,120.92,4.07,131.0,6.58
2026-04-17,0.53,1.0,84.68,14.0,96.16,21.0,47.89,7.48,49.02,8.82
2026-04-18,63.39,12.0,204.3,52.0,295.23,79.0,21.32,6.57,31.0,10.79
2026-04-19,42.81,11.0,129.15,25.0,373.64,63.0,10.09,5.18,93.08,13.2
2026-04-20,43.94,16.0,164.97,41.0,448.67,94.0,32.28,8.28,99.08,16.11
2026-04-21,22.56,3.0,443.23,32.0,774.94,84.0,240.32,13.11,337.67,30.69
2026-04-22,131.3,14.0,598.06,84.0,1114.3,136.0,243.11,33.41,327.08,46.84
2026-04-23,82.48,21.0,688.55,121.0,1416.67,239.0,338.45,57.21,469.47,82.69
2026-04-24,71.45,14.0,634.59,74.0,1512.24,185.0,236.66,20.12,824.21,78.49
2026-04-25,225.46,37.0,1389.79,194.0,3141.03,450.0,852.03,106.47,2027.13,243.72
2026-04-26,64.0,9.0,706.68,82.0,2161.64,268.0,384.27,42.41,1277.16,120.78
2026-04-27,308.77,41.0,2324.66,259.0,5704.04,574.0,1504.83,144.46,4092.59,364.24
2026-04-28,0.0,0.0,0.0,0.0,0.0,0.0,0.0,0.0,0.0,0.0
2026-04-29,0.0,0.0,0.0,0.0,0.0,0.0,0.0,0.0,0.0,0.0
2026-04-30,0.0,0.0,0.0,0.0,0.0,0.0,0.0,0.0,0.0,0.0
2026-05-01,0.0,0.0,0.0,0.0,0.0,0.0,0.0,0.0,0.0,0.0
2026-05-02,0.0,0.0,0.0,0.0,0.0,0.0,0.0,0.0,0.0,0.0
2026-05-03,0.0,0.0,0.0,0.0,0.0,0.0,0.0,0.0,0.0,0.0
2026-05-04,0.0,0.0,0.0,0.0,0.0,0.0,0.0,0.0,0.0,0.0
2026-05-05,0.0,0.0,0.0,0.0,0.0,0.0,0.0,0.0,0.0,0.0
2026-05-06,0.0,0.0,0.0,0.0,0.0,0.0,0.0,0.0,0.0,0.0
2026-05-07,0.0,0.0,0.0,0.0,0.0,0.0,0.0,0.0,0.0,0.0
2026-05-08,0.0,0.0,0.0,0.0,0.0,0.0,0.0,0.0,0.0,0.0
2026-05-09,0.0,0.0,0.0,0.0,0.0,0.0,0.0,0.0,0.0,0.0
2026-05-10,0.0,0.0,0.0,0.0,0.0,0.0,0.0,0.0,0.0,0.0
2026-05-11,0.0,0.0,0.0,0.0,0.0,0.0,0.0,0.0,0.0,0.0
2026-05-12,0.0,0.0,0.0,0.0,0.0,0.0,0.0,0.0,0.0,0.0
2026-05-13,0.0,0.0,0.0,0.0,0.0,0.0,0.0,0.0,0.0,0.0
2026-05-14,0.0,0.0,0.0,0.0,0.0,0.0,0.0,0.0,0.0,0.0
2026-05-15,0.0,0.0,0.0,0.0,0.0,0.0,0.0,0.0,0.0,0.0
2026-05-16,0.0,0.0,0.0,0.0,0.0,0.0,0.0,0.0,0.0,0.0
2026-05-17,0.0,0.0,0.0,0.0,0.0,0.0,0.0,0.0,0.0,0.0
2026-05-18,0.0,0.0,0.0,0.0,0.0,0.0,0.0,0.0,0.0,0.0
2026-05-19,0.0,0.0,0.0,0.0,0.0,0.0,0.0,0.0,0.0,0.0
2026-05-20,0.0,0.0,0.0,0.0,0.0,0.0,0.0,0.0,0.0,0.0
2026-05-21,0.0,0.0,0.0,0.0,0.0,0.0,0.0,0.0,0.0,0.0
2026-05-22,0.0,0.0,0.0,0.0,0.0,0.0,0.0,0.0,0.0,0.0
2026-05-23,0.0,0.0,0.0,0.0,0.0,0.0,0.0,0.0,0.0,0.0
2026-05-24,0.0,0.0,0.0,0.0,0.0,0.0,0.0,0.0,0.0,0.0
2026-05-25,0.0,0.0,0.0,0.0,0.0,0.0,0.0,0.0,0.0,0.0
2026-05-26,0.0,0.0,0.0,0.0,0.0,0.0,0.0,0.0,0.0,0.0
2026-05-27,0.0,0.0,0.0,0.0,0.0,0.0,0.0,0.0,0.0,0.0
2026-05-28,0.0,0.0,0.0,0.0,0.0,0.0,0.0,0.0,0.0,0.0
2026-05-29,0.0,0.0,0.0,0.0,0.0,0.0,0.0,0.0,0.0,0.0
2026-05-30,0.0,0.0,0.0,0.0,0.0,0.0,0.0,0.0,0.0,0.0
2026-05-31,0.0,0.0,0.0,0.0,0.0,0.0,0.0,0.0,0.0,0.0
2026-06-01,0.0,0.0,0.0,0.0,0.0,0.0,0.0,0.0,0.0,0.0
2026-06-02,0.0,0.0,0.0,0.0,0.0,0.0,0.0,0.0,0.0,0.0
2026-06-03,14.95,7.0,19.94,12.0,34.02,18.0,1.33,1.36,1.94,1.68
2026-06-04,0.0,0.0,0.0,0.0,26.97,4.0,0.0,0.0,5.18,1.6
2026-06-05,1.26,2.0,1.26,2.0,22.49,7.0,0.0,0.0,3.58,0.88
2026-06-06,2.99,2.0,24.74,5.0,65.19,12.0,19.66,3.59,29.8,4.69
2026-06-07,9.05,5.0,9.05,5.0,15.62,9.0,0.57,0.55,0.88,0.7
2026-06-08,0.0,0.0,0.0,0.0,23.49,3.0,0.0,0.0,10.64,1.25
2026-06-09,0.0,0.0,66.25,10.0,112.17,21.0,50.62,6.42,80.89,12.27
2026-06-10,4.03,1.0,4.03,1.0,78.18,7.0,0.0,0.0,0.0,0.0
2026-06-11,4.76,2.0,4.76,2.0,9.91,3.0,0.0,0.0,0.0,0.0
2026-06-12,0.0,0.0,0.0,0.0,2.99,1.0,0.0,0.0,0.0,0.0
2026-06-13,0.0,0.0,1.16,1.0,1.16,1.0,0.0,0.0,0.0,0.0
2026-06-14,0.0,0.0,11.15,2.0,41.67,9.0,9.48,1.7,28.2,5.03
2026-06-15,0.9,1.0,0.9,1.0,19.09,10.0,0.0,0.0,0.0,0.0
2026-06-16,1.12,2.0,1.12,2.0,19.79,8.0,0.21,0.33,1.54,0.81
2026-06-17,1.82,3.0,29.41,8.0,77.3,22.0,2.31,1.19,24.19,7.82
2026-06-18,0.0,0.0,0.91,1.0,25.42,6.0,0.86,0.94,8.66,2.47
2026-06-19,7.49,4.0,8.83,5.0,31.31,11.0,0.67,0.82,6.7,2.42
2026-06-20,0.0,0.0,0.0,0.0,32.1,10.0,0.0,0.0,9.57,2.53
2026-06-21,4.45,3.0,6.65,4.0,49.65,14.0,2.89,1.44,23.62,3.69
2026-06-22,3.68,4.0,4.71,5.0,46.47,14.0,1.67,1.78,2.94,2.6
2026-06-23,0.0,0.0,0.0,0.0,133.9,28.0,0.0,0.0,1.48,0.81
2026-06-24,6.25,1.0,6.25,1.0,25.63,5.0,4.9,0.78,4.97,0.8
2026-06-25,0.0,0.0,7.32,1.0,76.92,18.0,0.16,0.02,6.34,1.71
2026-06-26,24.04,4.0,24.04,4.0,35.66,7.0,7.26,1.2,7.26,1.2
2026-06-27,25.41,5.0,28.37,6.0,113.75,21.0,14.21,2.39,14.23,2.39
2026-06-28,2.9,2.0,8.86,3.0,96.22,27.0,3.2,0.54,40.78,10.14
2026-06-29,0.0,0.0,5.27,1.0,15.32,4.0,5.03,0.95,6.6,1.42
2026-06-30,0.0,0.0,0.0,0.0,0.0,0.0,0.0,0.0,0.0,0.0
