date,frp50,n50,frp100,n100,frp200,n200,frpup100,nup100,frpup200,nup200
2015-01-01,3.74,1.0,14.22,4.0,41.36,11.0,0.0,0.0,0.0,0.0
2015-01-02,0.0,0.0,0.0,0.0,0.0,0.0,0.0,0.0,0.0,0.0
2015-01-03,0.0,0.0,0.0,0.0,0.0,0.0,0.0,0.0,0.0,0.0
2015-01-04,0.0,0.0,4.32,1.0,13.08,4.0,0.0,0.0,0.0,0.0
2015-01-05,6.79,2.0,49.87,18.0,101.79,34.0,0.0,0.0,0.0,0.0
2015-01-06,18.73,6.0,67.91,24.0,74.49,27.0,0.0,0.0,0.0,0.0
2015-01-07,0.0,0.0,0.0,0.0,12.97,5.0,0.0,0.0,0.0,0.0
2015-01-08,0.0,0.0,0.0,0.0,0.0,0.0,0.0,0.0,0.0,0.0
2015-01-09,0.0,0.0,7.5,1.0,13.19,3.0,0.0,0.0,0.0,0.0
2015-01-10,78.91,24.0,346.69,102.0,391.74,117.0,0.0,0.0,0.0,0.0
2015-01-11,9.53,3.0,14.69,5.0,32.75,9.0,0.0,0.0,0.0,0.0
2015-01-12,4.09,2.0,85.39,31.0,189.64,57.0,0.0,0.0,0.0,0.0
2015-01-13,2.43,1.0,53.59,16.0,74.44,27.0,0.0,0.0,0.0,0.0
2015-01-14,0.0,0.0,0.0,0.0,0.0,0.0,0.0,0.0,0.0,0.0
2015-01-15,0.27,1.0,8.76,4.0,41.25,15.0,0.0,0.0,0.0,0.0
2015-01-16,23.69,9.0,99.4,34.0,154.44,57.0,0.0,0.0,0.0,0.0
2015-01-17,0.0,0.0,23.17,6.0,53.47,13.0,0.0,0.0,0.0,0.0
2015-01-18,1.99,1.0,9.33,4.0,24.26,8.0,0.0,0.0,0.0,0.0
2015-01-19,12.83,4.0,56.62,15.0,62.01,17.0,0.0,0.0,0.0,0.0
2015-01-20,0.0,0.0,0.0,0.0,19.76,5.0,0.0,0.0,0.0,0.0
2015-01-21,27.64,8.0,72.29,23.0,142.23,40.0,0.0,0.0,0.0,0.0
2015-01-22,0.0,0.0,0.0,0.0,0.0,0.0,0.0,0.0,0.0,0.0
2015-01-23,0.0,0.0,0.0,0.0,34.04,3.0,0.0,0.0,0.0,0.0
2015-01-24,0.0,0.0,3.21,1.0,3.21,1.0,0.0,0.0,0.0,0.0
2015-01-25,7.08,1.0,23.5,6.0,34.25,9.0,0.0,0.0,0.0,0.0
2015-01-26,0.0,0.0,18.68,5.0,20.25,6.0,0.0,0.0,0.0,0.0
2015-01-27,0.0,0.0,32.25,12.0,71.72,27.0,0.0,0.0,0.0,0.0
2015-01-28,22.17,5.0,41.28,8.0,61.32,13.0,0.0,0.0,0.0,0.0
2015-01-29,9.39,2.0,30.07,9.0,81.11,22.0,0.0,0.0,0.0,0.0
2015-01-30,9.15,3.0,64.49,17.0,163.01,49.0,0.0,0.0,0.0,0.0
2015-01-31,40.38,6.0,171.1,34.0,545.03,68.0,0.0,0.0,0.0,0.0
2015-02-01,16.42,2.0,115.8,31.0,299.51,85.0,0.0,0.0,0.0,0.0
2015-02-02,19.55,4.0,45.04,10.0,97.98,22.0,0.0,0.0,0.0,0.0
2015-02-03,14.28,6.0,28.04,11.0,155.62,24.0,0.0,0.0,0.0,0.0
2015-02-04,0.0,0.0,3.19,1.0,16.06,5.0,0.0,0.0,0.0,0.0
2015-02-05,19.89,6.0,104.12,30.0,189.22,51.0,0.0,0.0,0.0,0.0
2015-02-06,19.55,9.0,153.42,42.0,290.67,84.0,0.0,0.0,0.0,0.0
2015-02-07,62.77,15.0,217.89,62.0,399.76,105.0,0.0,0.0,0.0,0.0
2015-02-08,12.97,2.0,127.01,25.0,229.85,48.0,0.0,0.0,0.0,0.0
2015-02-09,7.62,3.0,50.68,15.0,150.36,41.0,0.0,0.0,0.0,0.0
2015-02-10,0.0,0.0,92.78,12.0,215.53,40.0,0.0,0.0,0.0,0.0
2015-02-11,47.1,9.0,126.06,31.0,277.12,69.0,0.0,0.0,0.0,0.0
2015-02-12,8.47,4.0,121.81,40.0,324.58,89.0,0.0,0.0,0.0,0.0
2015-02-13,10.66,3.0,127.6,22.0,235.31,49.0,0.0,0.0,0.0,0.0
2015-02-14,39.1,10.0,98.03,26.0,226.91,57.0,0.0,0.0,0.0,0.0
2015-02-15,30.58,6.0,92.51,30.0,183.65,57.0,0.0,0.0,0.0,0.0
2015-02-16,1.27,2.0,15.12,5.0,69.64,14.0,0.0,0.0,0.0,0.0
2015-02-17,16.88,3.0,172.26,43.0,329.35,92.0,0.0,0.0,0.0,0.0
2015-02-18,9.1,3.0,83.04,19.0,183.72,47.0,0.0,0.0,0.0,0.0
2015-02-19,9.25,4.0,23.02,8.0,144.67,28.0,0.0,0.0,0.0,0.0
2015-02-20,5.13,2.0,12.0,5.0,59.62,14.0,0.0,0.0,0.0,0.0
2015-02-21,2.3,2.0,23.57,10.0,133.89,28.0,0.0,0.0,0.0,0.0
2015-02-22,41.09,4.0,63.73,10.0,187.54,38.0,0.0,0.0,0.0,0.0
2015-02-23,7.59,3.0,63.38,14.0,159.67,37.0,0.0,0.0,0.0,0.0
2015-02-24,0.0,0.0,0.0,0.0,0.0,0.0,0.0,0.0,0.0,0.0
2015-02-25,0.0,0.0,0.0,0.0,14.74,4.0,0.0,0.0,0.0,0.0
2015-02-26,0.98,1.0,20.8,6.0,47.7,15.0,0.0,0.0,0.0,0.0
2015-02-27,11.21,3.0,70.54,20.0,122.0,37.0,0.0,0.0,0.0,0.0
2015-02-28,3.68,1.0,18.54,6.0,76.78,22.0,0.0,0.0,0.0,0.0
2015-03-01,0.0,0.0,0.0,0.0,0.0,0.0,0.0,0.0,0.0,0.0
2015-03-02,0.0,0.0,0.0,0.0,0.49,1.0,0.0,0.0,0.0,0.0
2015-03-03,0.28,1.0,0.28,1.0,1.36,3.0,0.0,0.0,0.0,0.0
2015-03-04,0.63,1.0,3.92,4.0,15.74,11.0,0.0,0.0,0.0,0.0
2015-03-05,4.28,6.0,20.9,11.0,121.73,58.0,0.0,0.0,0.0,0.0
2015-03-06,0.0,0.0,8.58,3.0,59.85,18.0,0.0,0.0,0.0,0.0
2015-03-07,5.01,2.0,34.02,8.0,77.92,17.0,0.0,0.0,0.0,0.0
2015-03-08,0.0,0.0,0.0,0.0,0.0,0.0,0.0,0.0,0.0,0.0
2015-03-09,1.18,2.0,3.62,4.0,46.19,11.0,0.0,0.0,0.0,0.0
2015-03-10,1.84,4.0,12.83,9.0,130.65,37.0,0.0,0.0,0.0,0.0
2015-03-11,5.94,2.0,36.26,12.0,80.31,27.0,0.0,0.0,0.0,0.0
2015-03-12,0.0,0.0,40.31,10.0,155.9,30.0,0.0,0.0,0.0,0.0
2015-03-13,2.34,1.0,40.6,10.0,54.83,13.0,0.0,0.0,0.0,0.0
2015-03-14,0.0,0.0,0.0,0.0,0.0,0.0,0.0,0.0,0.0,0.0
2015-03-15,0.0,0.0,0.4,1.0,0.64,2.0,0.0,0.0,0.0,0.0
2015-03-16,9.31,4.0,34.52,11.0,125.81,28.0,0.0,0.0,0.0,0.0
2015-03-17,1.7,1.0,18.03,5.0,146.15,25.0,0.0,0.0,0.0,0.0
2015-03-18,0.62,1.0,75.86,8.0,115.42,21.0,0.0,0.0,0.0,0.0
2015-03-19,5.83,2.0,9.65,4.0,57.15,18.0,0.0,0.0,0.0,0.0
2015-03-20,24.11,4.0,30.22,6.0,80.56,16.0,0.0,0.0,0.0,0.0
2015-03-21,2.85,1.0,12.6,5.0,75.91,21.0,0.0,0.0,0.0,0.0
2015-03-22,12.77,2.0,25.81,5.0,139.59,25.0,0.0,0.0,0.0,0.0
2015-03-23,0.0,0.0,5.31,2.0,72.77,8.0,0.0,0.0,0.0,0.0
2015-03-24,0.0,0.0,1.78,1.0,53.9,10.0,0.0,0.0,0.0,0.0
2015-03-25,9.07,2.0,15.73,4.0,46.28,13.0,0.0,0.0,0.0,0.0
2015-03-26,0.0,0.0,10.27,3.0,61.79,15.0,0.0,0.0,0.0,0.0
2015-03-27,3.28,1.0,8.99,3.0,41.6,16.0,0.0,0.0,0.0,0.0
2015-03-28,0.0,0.0,37.32,5.0,61.61,11.0,0.0,0.0,0.0,0.0
2015-03-29,0.0,0.0,0.0,0.0,0.0,0.0,0.0,0.0,0.0,0.0
2015-03-30,0.0,0.0,0.0,0.0,0.17,1.0,0.0,0.0,0.0,0.0
2015-03-31,0.55,1.0,6.01,4.0,9.23,7.0,0.0,0.0,0.0,0.0
2015-04-01,0.0,0.0,13.62,3.0,24.77,6.0,0.0,0.0,0.0,0.0
2015-04-02,4.09,1.0,13.86,3.0,26.59,7.0,0.0,0.0,0.0,0.0
2015-04-03,0.0,0.0,0.0,0.0,0.0,0.0,0.0,0.0,0.0,0.0
2015-04-04,0.0,0.0,0.0,0.0,0.89,1.0,0.0,0.0,0.0,0.0
2015-04-05,0.69,2.0,20.48,10.0,42.4,14.0,0.0,0.0,0.0,0.0
2015-04-06,8.81,4.0,17.78,10.0,32.92,18.0,0.0,0.0,0.0,0.0
2015-04-07,0.0,0.0,0.92,1.0,11.79,6.0,0.0,0.0,0.0,0.0
2015-04-08,3.76,2.0,14.15,4.0,28.24,8.0,0.0,0.0,0.0,0.0
2015-04-09,0.0,0.0,9.51,3.0,33.15,10.0,0.0,0.0,0.0,0.0
2015-04-10,0.24,1.0,0.24,1.0,10.16,6.0,0.0,0.0,0.0,0.0
2015-04-11,12.45,3.0,24.24,8.0,63.84,21.0,0.0,0.0,0.0,0.0
2015-04-12,0.0,0.0,0.0,0.0,0.0,0.0,0.0,0.0,0.0,0.0
2015-04-13,0.0,0.0,0.0,0.0,0.0,0.0,0.0,0.0,0.0,0.0
2015-04-14,0.0,0.0,0.0,0.0,8.7,6.0,0.0,0.0,0.0,0.0
2015-04-15,0.0,0.0,7.19,2.0,22.57,7.0,0.0,0.0,0.0,0.0
2015-04-16,0.63,1.0,0.63,1.0,5.59,5.0,0.0,0.0,0.0,0.0
2015-04-17,1.08,1.0,2.43,2.0,26.47,10.0,0.0,0.0,0.0,0.0
2015-04-18,0.0,0.0,49.9,7.0,62.52,11.0,0.0,0.0,0.0,0.0
2015-04-19,2.13,1.0,22.27,8.0,35.57,13.0,0.0,0.0,0.0,0.0
2015-04-20,0.92,1.0,0.92,1.0,834.86,31.0,0.0,0.0,0.0,0.0
2015-04-21,0.0,0.0,22.82,6.0,98.78,21.0,0.0,0.0,0.0,0.0
2015-04-22,15.29,3.0,138.98,16.0,182.14,29.0,0.0,0.0,0.0,0.0
2015-04-23,0.0,0.0,127.31,16.0,185.68,26.0,0.0,0.0,0.0,0.0
2015-04-24,0.0,0.0,162.46,34.0,320.21,57.0,0.0,0.0,0.0,0.0
2015-04-25,9.08,4.0,65.17,22.0,162.79,39.0,0.0,0.0,0.0,0.0
2015-04-26,17.35,5.0,69.07,21.0,100.12,31.0,0.0,0.0,0.0,0.0
2015-04-27,19.93,6.0,89.65,34.0,173.08,61.0,0.0,0.0,0.0,0.0
2015-04-28,0.0,0.0,129.04,21.0,238.52,44.0,0.0,0.0,0.0,0.0
2015-04-29,0.0,0.0,326.73,53.0,520.65,112.0,0.0,0.0,0.0,0.0
2015-04-30,23.25,11.0,113.86,33.0,174.19,47.0,0.0,0.0,0.0,0.0
2015-05-01,82.38,15.0,445.09,95.0,790.25,186.0,0.0,0.0,0.0,0.0
2015-05-02,77.13,11.0,738.07,110.0,1870.91,255.0,0.0,0.0,0.0,0.0
2015-05-03,81.89,10.0,915.76,120.0,2127.82,271.0,0.0,0.0,0.0,0.0
2015-05-04,86.44,20.0,1027.56,137.0,3240.16,369.0,0.0,0.0,0.0,0.0
2015-05-05,69.22,17.0,1000.1,211.0,4265.45,818.0,0.0,0.0,0.0,0.0
2015-05-06,199.71,29.0,817.2,114.0,3685.92,486.0,0.0,0.0,0.0,0.0
2015-05-07,151.24,16.0,969.94,129.0,4042.71,549.0,0.0,0.0,0.0,0.0
2015-05-08,81.22,12.0,252.21,36.0,1130.81,182.0,0.0,0.0,0.0,0.0
2015-05-09,31.96,5.0,416.12,55.0,3402.37,458.0,0.0,0.0,0.0,0.0
2015-05-10,22.35,6.0,92.37,26.0,1000.28,251.0,0.0,0.0,0.0,0.0
2015-05-11,23.1,8.0,137.61,37.0,679.58,178.0,0.0,0.0,0.0,0.0
2015-05-12,13.27,4.0,189.31,35.0,1045.93,192.0,0.0,0.0,0.0,0.0
2015-05-13,0.0,0.0,0.0,0.0,351.34,73.0,0.0,0.0,0.0,0.0
2015-05-14,7.16,2.0,36.47,7.0,754.06,139.0,0.0,0.0,0.0,0.0
2015-05-15,3.23,1.0,65.7,7.0,161.68,33.0,0.0,0.0,0.0,0.0
2015-05-16,11.42,3.0,35.77,9.0,775.79,205.0,0.0,0.0,0.0,0.0
2015-05-17,19.88,3.0,93.21,17.0,688.07,143.0,0.0,0.0,0.0,0.0
2015-05-18,22.29,3.0,117.06,25.0,590.1,127.0,0.0,0.0,0.0,0.0
2015-05-19,0.0,0.0,0.0,0.0,71.22,18.0,0.0,0.0,0.0,0.0
2015-05-20,0.0,0.0,37.83,6.0,369.14,78.0,0.0,0.0,0.0,0.0
2015-05-21,82.33,7.0,153.82,23.0,877.98,197.0,0.0,0.0,0.0,0.0
2015-05-22,11.16,2.0,26.62,6.0,898.37,177.0,0.0,0.0,0.0,0.0
2015-05-23,7.95,3.0,76.8,9.0,580.1,111.0,0.0,0.0,0.0,0.0
2015-05-24,35.8,4.0,35.8,4.0,404.93,105.0,0.0,0.0,0.0,0.0
2015-05-25,0.0,0.0,5.12,3.0,182.8,42.0,0.0,0.0,0.0,0.0
2015-05-26,30.38,6.0,51.34,10.0,226.65,53.0,0.0,0.0,0.0,0.0
2015-05-27,12.94,1.0,52.63,7.0,184.33,44.0,0.0,0.0,0.0,0.0
2015-05-28,9.03,3.0,42.53,7.0,320.84,76.0,0.0,0.0,0.0,0.0
2015-05-29,28.75,4.0,50.87,8.0,198.74,69.0,0.0,0.0,0.0,0.0
2015-05-30,0.0,0.0,0.83,1.0,336.89,82.0,0.0,0.0,0.0,0.0
2015-05-31,8.59,2.0,36.46,5.0,108.87,48.0,0.0,0.0,0.0,0.0
2015-06-01,0.0,0.0,0.0,0.0,152.56,42.0,0.0,0.0,0.0,0.0
2015-06-02,0.0,0.0,0.0,0.0,215.27,60.0,0.0,0.0,0.0,0.0
2015-06-03,0.0,0.0,0.0,0.0,79.58,13.0,0.0,0.0,0.0,0.0
2015-06-04,0.0,0.0,0.0,0.0,246.5,89.0,0.0,0.0,0.0,0.0
2015-06-05,12.47,3.0,22.6,5.0,302.34,71.0,0.0,0.0,0.0,0.0
2015-06-06,12.68,4.0,18.59,7.0,235.3,72.0,0.0,0.0,0.0,0.0
2015-06-07,8.89,3.0,28.5,7.0,276.26,73.0,0.0,0.0,0.0,0.0
2015-06-08,0.0,0.0,0.0,0.0,468.06,103.0,0.0,0.0,0.0,0.0
2015-06-09,0.0,0.0,0.0,0.0,1061.91,170.0,0.0,0.0,0.0,0.0
2015-06-10,0.0,0.0,31.45,6.0,116.28,26.0,0.0,0.0,0.0,0.0
2015-06-11,0.0,0.0,0.0,0.0,333.67,44.0,0.0,0.0,0.0,0.0
2015-06-12,0.0,0.0,13.19,2.0,125.81,35.0,0.0,0.0,0.0,0.0
2015-06-13,0.0,0.0,0.0,0.0,40.16,15.0,0.0,0.0,0.0,0.0
2015-06-14,0.0,0.0,0.0,0.0,15.78,13.0,0.0,0.0,0.0,0.0
2015-06-15,0.0,0.0,8.89,1.0,16.59,6.0,0.0,0.0,0.0,0.0
2015-06-16,0.0,0.0,2.02,1.0,40.87,14.0,0.0,0.0,0.0,0.0
2015-06-17,0.0,0.0,0.0,0.0,58.96,9.0,0.0,0.0,0.0,0.0
2015-06-18,0.0,0.0,0.0,0.0,42.75,8.0,0.0,0.0,0.0,0.0
2015-06-19,0.0,0.0,29.05,4.0,67.02,15.0,0.0,0.0,0.0,0.0
2015-06-20,0.0,0.0,6.87,1.0,8.59,2.0,0.0,0.0,0.0,0.0
2015-06-21,0.0,0.0,0.0,0.0,0.0,0.0,0.0,0.0,0.0,0.0
2015-06-22,0.0,0.0,0.0,0.0,10.86,1.0,0.0,0.0,0.0,0.0
2015-06-23,0.0,0.0,0.0,0.0,4.25,1.0,0.0,0.0,0.0,0.0
2015-06-24,0.0,0.0,0.0,0.0,11.02,2.0,0.0,0.0,0.0,0.0
2015-06-25,0.0,0.0,0.0,0.0,1.55,1.0,0.0,0.0,0.0,0.0
2015-06-26,0.0,0.0,0.0,0.0,4.69,1.0,0.0,0.0,0.0,0.0
2015-06-27,0.0,0.0,0.0,0.0,0.0,0.0,0.0,0.0,0.0,0.0
2015-06-28,0.0,0.0,0.0,0.0,0.0,0.0,0.0,0.0,0.0,0.0
2015-06-29,0.0,0.0,0.0,0.0,0.0,0.0,0.0,0.0,0.0,0.0
2015-06-30,0.0,0.0,0.0,0.0,0.0,0.0,0.0,0.0,0.0,0.0
2015-07-01,0.0,0.0,0.0,0.0,6.33,1.0,0.0,0.0,0.0,0.0
2015-07-02,0.0,0.0,0.0,0.0,3.91,1.0,0.0,0.0,0.0,0.0
2015-07-03,0.0,0.0,0.0,0.0,0.0,0.0,0.0,0.0,0.0,0.0
2015-07-04,0.0,0.0,0.0,0.0,0.0,0.0,0.0,0.0,0.0,0.0
2015-07-05,0.0,0.0,0.0,0.0,0.0,0.0,0.0,0.0,0.0,0.0
2015-07-06,0.0,0.0,0.0,0.0,0.0,0.0,0.0,0.0,0.0,0.0
2015-07-07,0.0,0.0,0.0,0.0,0.0,0.0,0.0,0.0,0.0,0.0
2015-07-08,0.0,0.0,0.0,0.0,0.0,0.0,0.0,0.0,0.0,0.0
2015-07-09,0.0,0.0,0.52,1.0,0.52,1.0,0.0,0.0,0.0,0.0
2015-07-10,0.0,0.0,0.0,0.0,0.0,0.0,0.0,0.0,0.0,0.0
2015-07-11,0.0,0.0,0.0,0.0,0.0,0.0,0.0,0.0,0.0,0.0
2015-07-12,0.0,0.0,0.0,0.0,0.0,0.0,0.0,0.0,0.0,0.0
2015-07-13,0.0,0.0,0.0,0.0,0.0,0.0,0.0,0.0,0.0,0.0
2015-07-14,0.0,0.0,0.0,0.0,6.4,1.0,0.0,0.0,0.0,0.0
2015-07-15,0.0,0.0,0.0,0.0,0.0,0.0,0.0,0.0,0.0,0.0
2015-07-16,0.0,0.0,0.0,0.0,0.0,0.0,0.0,0.0,0.0,0.0
2015-07-17,0.0,0.0,0.0,0.0,0.0,0.0,0.0,0.0,0.0,0.0
2015-07-18,0.0,0.0,0.0,0.0,0.0,0.0,0.0,0.0,0.0,0.0
2015-07-19,0.0,0.0,0.0,0.0,0.0,0.0,0.0,0.0,0.0,0.0
2015-07-20,0.0,0.0,0.0,0.0,0.0,0.0,0.0,0.0,0.0,0.0
2015-07-21,0.0,0.0,0.0,0.0,0.0,0.0,0.0,0.0,0.0,0.0
2015-07-22,0.0,0.0,0.0,0.0,0.0,0.0,0.0,0.0,0.0,0.0
2015-07-23,0.0,0.0,0.0,0.0,0.0,0.0,0.0,0.0,0.0,0.0
2015-07-24,0.0,0.0,0.0,0.0,0.0,0.0,0.0,0.0,0.0,0.0
2015-07-25,0.0,0.0,0.0,0.0,0.0,0.0,0.0,0.0,0.0,0.0
2015-07-26,1.36,1.0,1.36,1.0,3.26,2.0,0.0,0.0,0.0,0.0
2015-07-27,1.85,1.0,1.85,1.0,9.09,4.0,0.0,0.0,0.0,0.0
2015-07-28,0.0,0.0,0.0,0.0,1.41,1.0,0.0,0.0,0.0,0.0
2015-07-29,0.0,0.0,0.0,0.0,0.0,0.0,0.0,0.0,0.0,0.0
2015-07-30,0.0,0.0,0.0,0.0,0.0,0.0,0.0,0.0,0.0,0.0
2015-07-31,0.0,0.0,0.0,0.0,0.0,0.0,0.0,0.0,0.0,0.0
2015-08-01,0.0,0.0,0.0,0.0,0.98,1.0,0.0,0.0,0.0,0.0
2015-08-02,0.0,0.0,0.0,0.0,0.0,0.0,0.0,0.0,0.0,0.0
2015-08-03,0.0,0.0,0.0,0.0,0.0,0.0,0.0,0.0,0.0,0.0
2015-08-04,0.0,0.0,0.0,0.0,0.0,0.0,0.0,0.0,0.0,0.0
2015-08-05,0.0,0.0,0.0,0.0,0.0,0.0,0.0,0.0,0.0,0.0
2015-08-06,1.31,1.0,1.31,1.0,1.31,1.0,0.0,0.0,0.0,0.0
2015-08-07,0.0,0.0,0.0,0.0,0.0,0.0,0.0,0.0,0.0,0.0
2015-08-08,0.0,0.0,0.0,0.0,0.0,0.0,0.0,0.0,0.0,0.0
2015-08-09,0.0,0.0,0.0,0.0,0.0,0.0,0.0,0.0,0.0,0.0
2015-08-10,0.0,0.0,0.0,0.0,0.0,0.0,0.0,0.0,0.0,0.0
2015-08-11,0.0,0.0,0.0,0.0,0.0,0.0,0.0,0.0,0.0,0.0
2015-08-12,0.0,0.0,0.0,0.0,6.11,2.0,0.0,0.0,0.0,0.0
2015-08-13,0.0,0.0,0.0,0.0,0.0,0.0,0.0,0.0,0.0,0.0
2015-08-14,0.0,0.0,0.0,0.0,0.0,0.0,0.0,0.0,0.0,0.0
2015-08-15,0.0,0.0,0.0,0.0,0.0,0.0,0.0,0.0,0.0,0.0
2015-08-16,0.0,0.0,0.0,0.0,0.0,0.0,0.0,0.0,0.0,0.0
2015-08-17,0.0,0.0,0.0,0.0,1.77,1.0,0.0,0.0,0.0,0.0
2015-08-18,2.26,1.0,2.26,1.0,2.26,1.0,0.0,0.0,0.0,0.0
2015-08-19,0.0,0.0,0.0,0.0,0.0,0.0,0.0,0.0,0.0,0.0
2015-08-20,0.0,0.0,0.0,0.0,0.0,0.0,0.0,0.0,0.0,0.0
2015-08-21,0.0,0.0,0.0,0.0,0.0,0.0,0.0,0.0,0.0,0.0
2015-08-22,0.0,0.0,0.0,0.0,0.0,0.0,0.0,0.0,0.0,0.0
2015-08-23,0.0,0.0,0.0,0.0,5.87,1.0,0.0,0.0,0.0,0.0
2015-08-24,0.0,0.0,0.0,0.0,0.0,0.0,0.0,0.0,0.0,0.0
2015-08-25,1.37,1.0,1.37,1.0,1.37,1.0,0.0,0.0,0.0,0.0
2015-08-26,0.0,0.0,0.0,0.0,11.16,2.0,0.0,0.0,0.0,0.0
2015-08-27,3.73,1.0,3.73,1.0,3.73,1.0,0.0,0.0,0.0,0.0
2015-08-28,0.0,0.0,0.0,0.0,0.0,0.0,0.0,0.0,0.0,0.0
2015-08-29,5.09,2.0,5.09,2.0,5.09,2.0,0.0,0.0,0.0,0.0
2015-08-30,0.0,0.0,0.0,0.0,0.0,0.0,0.0,0.0,0.0,0.0
2015-08-31,0.0,0.0,0.0,0.0,10.36,2.0,0.0,0.0,0.0,0.0
2015-09-01,0.0,0.0,0.0,0.0,1.66,1.0,0.0,0.0,0.0,0.0
2015-09-02,2.13,1.0,2.13,1.0,7.35,3.0,0.0,0.0,0.0,0.0
2015-09-03,0.0,0.0,0.0,0.0,0.0,0.0,0.0,0.0,0.0,0.0
2015-09-04,0.0,0.0,0.0,0.0,0.0,0.0,0.0,0.0,0.0,0.0
2015-09-05,2.1,1.0,2.1,1.0,34.07,5.0,0.0,0.0,0.0,0.0
2015-09-06,0.0,0.0,0.0,0.0,0.0,0.0,0.0,0.0,0.0,0.0
2015-09-07,0.0,0.0,2.13,1.0,16.65,7.0,0.0,0.0,0.0,0.0
2015-09-08,4.55,1.0,4.55,1.0,14.86,6.0,0.0,0.0,0.0,0.0
2015-09-09,3.37,1.0,6.2,2.0,16.58,4.0,0.0,0.0,0.0,0.0
2015-09-10,0.0,0.0,0.0,0.0,12.59,4.0,0.0,0.0,0.0,0.0
2015-09-11,0.0,0.0,0.0,0.0,4.93,1.0,0.0,0.0,0.0,0.0
2015-09-12,0.0,0.0,5.09,2.0,64.83,12.0,0.0,0.0,0.0,0.0
2015-09-13,0.0,0.0,0.0,0.0,45.93,13.0,0.0,0.0,0.0,0.0
2015-09-14,0.0,0.0,0.0,0.0,0.0,0.0,0.0,0.0,0.0,0.0
2015-09-15,0.0,0.0,1.44,1.0,9.36,4.0,0.0,0.0,0.0,0.0
2015-09-16,0.0,0.0,0.0,0.0,8.44,3.0,0.0,0.0,0.0,0.0
2015-09-17,0.0,0.0,0.0,0.0,49.5,15.0,0.0,0.0,0.0,0.0
2015-09-18,0.0,0.0,0.0,0.0,10.17,1.0,0.0,0.0,0.0,0.0
2015-09-19,0.38,1.0,0.38,1.0,0.38,1.0,0.0,0.0,0.0,0.0
2015-09-20,0.0,0.0,0.0,0.0,3.79,1.0,0.0,0.0,0.0,0.0
2015-09-21,0.0,0.0,0.0,0.0,3.06,1.0,0.0,0.0,0.0,0.0
2015-09-22,0.0,0.0,0.0,0.0,2.06,1.0,0.0,0.0,0.0,0.0
2015-09-23,1.96,1.0,1.96,1.0,2.52,2.0,0.0,0.0,0.0,0.0
2015-09-24,0.93,1.0,2.89,2.0,2.89,2.0,0.0,0.0,0.0,0.0
2015-09-25,0.65,1.0,0.65,1.0,0.65,1.0,0.0,0.0,0.0,0.0
2015-09-26,0.0,0.0,0.0,0.0,8.37,3.0,0.0,0.0,0.0,0.0
2015-09-27,0.0,0.0,0.0,0.0,29.24,3.0,0.0,0.0,0.0,0.0
2015-09-28,0.0,0.0,0.0,0.0,54.94,9.0,0.0,0.0,0.0,0.0
2015-09-29,1.92,1.0,4.21,2.0,117.84,35.0,0.0,0.0,0.0,0.0
2015-09-30,19.42,4.0,19.42,4.0,110.51,22.0,0.0,0.0,0.0,0.0
2015-10-01,0.0,0.0,0.0,0.0,88.93,27.0,0.0,0.0,0.0,0.0
2015-10-02,0.0,0.0,2.34,1.0,185.9,52.0,0.0,0.0,0.0,0.0
2015-10-03,32.2,4.0,37.65,7.0,307.86,59.0,0.0,0.0,0.0,0.0
2015-10-04,0.0,0.0,10.39,2.0,508.42,126.0,0.0,0.0,0.0,0.0
2015-10-05,6.36,2.0,12.71,4.0,352.29,83.0,0.0,0.0,0.0,0.0
2015-10-06,0.0,0.0,3.87,2.0,299.89,50.0,0.0,0.0,0.0,0.0
2015-10-07,0.0,0.0,3.58,1.0,180.33,39.0,0.0,0.0,0.0,0.0
2015-10-08,0.0,0.0,2.83,1.0,592.75,94.0,0.0,0.0,0.0,0.0
2015-10-09,13.35,4.0,19.6,5.0,880.93,176.0,0.0,0.0,0.0,0.0
2015-10-10,6.44,2.0,33.15,11.0,998.72,229.0,0.0,0.0,0.0,0.0
2015-10-11,1.47,1.0,6.64,2.0,832.79,127.0,0.0,0.0,0.0,0.0
2015-10-12,0.0,0.0,0.0,0.0,452.39,89.0,0.0,0.0,0.0,0.0
2015-10-13,2.49,2.0,9.72,4.0,465.85,68.0,0.0,0.0,0.0,0.0
2015-10-14,0.28,1.0,46.66,11.0,646.61,117.0,0.0,0.0,0.0,0.0
2015-10-15,0.0,0.0,22.08,8.0,601.14,125.0,0.0,0.0,0.0,0.0
2015-10-16,0.0,0.0,11.08,2.0,669.4,134.0,0.0,0.0,0.0,0.0
2015-10-17,0.0,0.0,22.61,7.0,604.29,133.0,0.0,0.0,0.0,0.0
2015-10-18,25.46,2.0,45.29,6.0,854.17,195.0,0.0,0.0,0.0,0.0
2015-10-19,1.52,1.0,39.76,12.0,1247.43,231.0,0.0,0.0,0.0,0.0
2015-10-20,1.88,1.0,104.87,31.0,1900.81,385.0,0.0,0.0,0.0,0.0
2015-10-21,6.5,3.0,47.54,12.0,1197.03,224.0,0.0,0.0,0.0,0.0
2015-10-22,24.99,6.0,121.35,25.0,1432.37,238.0,0.0,0.0,0.0,0.0
2015-10-23,0.0,0.0,155.89,23.0,1583.54,267.0,0.0,0.0,0.0,0.0
2015-10-24,9.03,3.0,173.09,37.0,2310.32,388.0,0.0,0.0,0.0,0.0
2015-10-25,34.15,9.0,410.18,82.0,2440.45,425.0,0.0,0.0,0.0,0.0
2015-10-26,6.79,2.0,222.25,45.0,507.6,118.0,0.0,0.0,0.0,0.0
2015-10-27,12.65,4.0,181.39,40.0,1344.76,250.0,0.0,0.0,0.0,0.0
2015-10-28,0.0,0.0,0.0,0.0,48.18,15.0,0.0,0.0,0.0,0.0
2015-10-29,3.23,3.0,18.67,10.0,1325.1,175.0,0.0,0.0,0.0,0.0
2015-10-30,32.51,12.0,231.19,49.0,3229.06,500.0,0.0,0.0,0.0,0.0
2015-10-31,17.88,7.0,305.81,85.0,3893.94,693.0,0.0,0.0,0.0,0.0
2015-11-01,25.6,5.0,328.16,60.0,2721.5,452.0,0.0,0.0,0.0,0.0
2015-11-02,1.44,1.0,126.94,29.0,1813.56,307.0,0.0,0.0,0.0,0.0
2015-11-03,2.67,1.0,171.48,33.0,2828.82,563.0,0.0,0.0,0.0,0.0
2015-11-04,13.65,6.0,247.34,65.0,4565.6,608.0,0.0,0.0,0.0,0.0
2015-11-05,3.67,1.0,240.43,50.0,542.73,114.0,0.0,0.0,0.0,0.0
2015-11-06,0.0,0.0,212.19,34.0,759.77,139.0,0.0,0.0,0.0,0.0
2015-11-07,0.93,2.0,115.55,18.0,242.54,40.0,0.0,0.0,0.0,0.0
2015-11-08,2.71,2.0,149.16,28.0,406.84,73.0,0.0,0.0,0.0,0.0
2015-11-09,0.63,2.0,66.39,11.0,796.9,162.0,0.0,0.0,0.0,0.0
2015-11-10,15.73,6.0,103.42,28.0,1698.16,343.0,0.0,0.0,0.0,0.0
2015-11-11,36.46,8.0,329.95,73.0,2117.99,395.0,0.0,0.0,0.0,0.0
2015-11-12,0.0,0.0,119.45,28.0,752.6,142.0,0.0,0.0,0.0,0.0
2015-11-13,0.0,0.0,68.11,12.0,324.61,72.0,0.0,0.0,0.0,0.0
2015-11-14,0.0,0.0,30.6,5.0,283.32,48.0,0.0,0.0,0.0,0.0
2015-11-15,2.84,1.0,81.41,20.0,546.17,120.0,0.0,0.0,0.0,0.0
2015-11-16,6.48,2.0,100.7,30.0,520.81,138.0,0.0,0.0,0.0,0.0
2015-11-17,7.43,2.0,45.33,14.0,419.41,96.0,0.0,0.0,0.0,0.0
2015-11-18,1.21,1.0,13.65,8.0,152.9,47.0,0.0,0.0,0.0,0.0
2015-11-19,1.11,1.0,30.22,10.0,201.37,54.0,0.0,0.0,0.0,0.0
2015-11-20,8.14,3.0,52.59,14.0,212.69,53.0,0.0,0.0,0.0,0.0
2015-11-21,1.99,2.0,56.81,18.0,199.32,66.0,0.0,0.0,0.0,0.0
2015-11-22,13.9,6.0,54.14,21.0,110.63,36.0,0.0,0.0,0.0,0.0
2015-11-23,0.0,0.0,12.51,5.0,33.35,12.0,0.0,0.0,0.0,0.0
2015-11-24,2.29,1.0,31.79,6.0,129.67,24.0,0.0,0.0,0.0,0.0
2015-11-25,0.0,0.0,1.68,1.0,12.11,6.0,0.0,0.0,0.0,0.0
2015-11-26,10.67,4.0,37.92,15.0,52.63,20.0,0.0,0.0,0.0,0.0
2015-11-27,5.69,2.0,23.08,11.0,30.26,13.0,0.0,0.0,0.0,0.0
2015-11-28,6.02,3.0,21.56,7.0,33.04,11.0,0.0,0.0,0.0,0.0
2015-11-29,0.0,0.0,9.62,4.0,16.64,7.0,0.0,0.0,0.0,0.0
2015-11-30,0.48,1.0,21.13,9.0,38.85,16.0,0.0,0.0,0.0,0.0
2015-12-01,9.29,5.0,52.02,14.0,82.55,24.0,0.0,0.0,0.0,0.0
2015-12-02,7.85,3.0,55.79,21.0,132.66,41.0,0.0,0.0,0.0,0.0
2015-12-03,12.91,6.0,44.82,17.0,90.84,32.0,0.0,0.0,0.0,0.0
2015-12-04,19.69,6.0,61.65,13.0,95.97,24.0,0.0,0.0,0.0,0.0
2015-12-05,22.91,6.0,62.54,17.0,99.63,24.0,0.0,0.0,0.0,0.0
2015-12-06,2.08,3.0,83.38,31.0,144.62,48.0,0.0,0.0,0.0,0.0
2015-12-07,35.48,11.0,88.0,29.0,124.8,39.0,0.0,0.0,0.0,0.0
2015-12-08,48.82,11.0,105.68,28.0,141.34,38.0,0.0,0.0,0.0,0.0
2015-12-09,0.5,1.0,0.5,1.0,7.49,5.0,0.0,0.0,0.0,0.0
2015-12-10,28.81,8.0,56.87,15.0,78.7,23.0,0.0,0.0,0.0,0.0
2015-12-11,0.0,0.0,13.0,4.0,42.97,11.0,0.0,0.0,0.0,0.0
2015-12-12,0.61,1.0,13.46,6.0,41.96,14.0,0.0,0.0,0.0,0.0
2015-12-13,29.42,13.0,146.92,52.0,218.03,78.0,0.0,0.0,0.0,0.0
2015-12-14,20.91,6.0,93.99,28.0,166.13,46.0,0.0,0.0,0.0,0.0
2015-12-15,30.29,6.0,75.21,23.0,144.46,43.0,0.0,0.0,0.0,0.0
2015-12-16,31.6,10.0,166.88,44.0,280.12,76.0,0.0,0.0,0.0,0.0
2015-12-17,41.49,10.0,181.89,42.0,295.21,71.0,0.0,0.0,0.0,0.0
2015-12-18,64.91,22.0,215.44,74.0,376.72,129.0,0.0,0.0,0.0,0.0
2015-12-19,12.35,4.0,129.46,40.0,276.52,80.0,0.0,0.0,0.0,0.0
2015-12-20,45.28,13.0,129.68,40.0,229.1,65.0,0.0,0.0,0.0,0.0
2015-12-21,47.82,16.0,130.3,44.0,209.83,69.0,0.0,0.0,0.0,0.0
2015-12-22,34.28,11.0,186.29,53.0,318.82,94.0,0.0,0.0,0.0,0.0
2015-12-23,47.42,11.0,168.82,56.0,327.37,103.0,0.0,0.0,0.0,0.0
2015-12-24,15.49,6.0,136.1,41.0,258.82,82.0,0.0,0.0,0.0,0.0
2015-12-25,14.35,6.0,54.77,18.0,163.74,49.0,0.0,0.0,0.0,0.0
2015-12-26,40.43,12.0,97.65,28.0,175.43,50.0,0.0,0.0,0.0,0.0
2015-12-27,30.77,7.0,114.22,26.0,214.71,49.0,0.0,0.0,0.0,0.0
2015-12-28,4.51,3.0,119.53,23.0,223.77,47.0,0.0,0.0,0.0,0.0
2015-12-29,25.2,10.0,96.17,33.0,267.13,83.0,0.0,0.0,0.0,0.0
2015-12-30,4.47,3.0,4.47,3.0,5.16,4.0,0.0,0.0,0.0,0.0
2015-12-31,15.34,6.0,77.35,28.0,200.57,80.0,0.0,0.0,0.0,0.0
2016-01-01,1.76,1.0,45.05,13.0,107.78,35.0,0.0,0.0,0.0,0.0
2016-01-02,5.26,5.0,119.72,25.0,270.93,72.0,0.0,0.0,0.0,0.0
2016-01-03,60.73,23.0,239.64,86.0,448.31,155.0,0.0,0.0,0.0,0.0
2016-01-04,24.02,6.0,122.82,28.0,213.15,52.0,0.0,0.0,0.0,0.0
2016-01-05,12.68,4.0,106.89,28.0,211.63,44.0,0.0,0.0,0.0,0.0
2016-01-06,0.0,0.0,34.02,6.0,83.94,18.0,0.0,0.0,0.0,0.0
2016-01-07,26.33,7.0,54.0,16.0,108.49,33.0,0.0,0.0,0.0,0.0
2016-01-08,36.17,13.0,102.47,39.0,207.09,74.0,0.0,0.0,0.0,0.0
2016-01-09,14.54,2.0,108.01,17.0,173.91,37.0,0.0,0.0,0.0,0.0
2016-01-10,37.73,7.0,130.78,31.0,226.58,59.0,0.0,0.0,0.0,0.0
2016-01-11,24.76,6.0,109.7,27.0,196.73,46.0,0.0,0.0,0.0,0.0
2016-01-12,20.7,5.0,65.06,16.0,136.0,35.0,0.0,0.0,0.0,0.0
2016-01-13,11.3,5.0,89.99,29.0,206.67,65.0,0.0,0.0,0.0,0.0
2016-01-14,2.52,1.0,7.7,2.0,34.96,7.0,0.0,0.0,0.0,0.0
2016-01-15,0.0,0.0,5.07,2.0,43.87,13.0,0.0,0.0,0.0,0.0
2016-01-16,11.49,4.0,47.49,11.0,56.36,14.0,0.0,0.0,0.0,0.0
2016-01-17,26.46,9.0,116.49,31.0,189.22,56.0,0.0,0.0,0.0,0.0
2016-01-18,49.13,11.0,167.18,39.0,253.93,65.0,0.0,0.0,0.0,0.0
2016-01-19,21.63,4.0,37.42,11.0,57.22,18.0,0.0,0.0,0.0,0.0
2016-01-20,0.0,0.0,0.0,0.0,44.08,10.0,0.0,0.0,0.0,0.0
2016-01-21,3.17,2.0,40.7,10.0,43.39,11.0,0.0,0.0,0.0,0.0
2016-01-22,10.17,4.0,70.7,21.0,116.74,35.0,0.0,0.0,0.0,0.0
2016-01-23,22.94,8.0,132.87,31.0,217.81,55.0,0.0,0.0,0.0,0.0
2016-01-24,10.12,5.0,66.86,24.0,251.96,69.0,0.0,0.0,0.0,0.0
2016-01-25,27.98,8.0,67.01,17.0,126.95,36.0,0.0,0.0,0.0,0.0
2016-01-26,11.63,3.0,44.2,9.0,83.13,20.0,0.0,0.0,0.0,0.0
2016-01-27,29.58,6.0,68.61,16.0,150.74,37.0,0.0,0.0,0.0,0.0
2016-01-28,0.0,0.0,70.71,14.0,181.21,31.0,0.0,0.0,0.0,0.0
2016-01-29,22.15,3.0,171.44,36.0,263.2,58.0,0.0,0.0,0.0,0.0
2016-01-30,16.06,6.0,160.63,48.0,346.72,99.0,0.0,0.0,0.0,0.0
2016-01-31,0.0,0.0,0.0,0.0,8.98,4.0,0.0,0.0,0.0,0.0
2016-02-01,0.0,0.0,39.82,14.0,201.73,47.0,0.0,0.0,0.0,0.0
2016-02-02,8.13,4.0,38.89,11.0,158.72,31.0,0.0,0.0,0.0,0.0
2016-02-03,31.39,9.0,131.03,25.0,262.54,56.0,0.0,0.0,0.0,0.0
2016-02-04,17.17,5.0,129.22,32.0,296.44,80.0,0.0,0.0,0.0,0.0
2016-02-05,41.26,7.0,142.05,28.0,267.91,61.0,0.0,0.0,0.0,0.0
2016-02-06,5.17,2.0,59.18,16.0,249.82,46.0,0.0,0.0,0.0,0.0
2016-02-07,0.0,0.0,22.51,7.0,74.25,16.0,0.0,0.0,0.0,0.0
2016-02-08,3.53,2.0,88.08,18.0,178.28,37.0,0.0,0.0,0.0,0.0
2016-02-09,41.3,11.0,115.83,32.0,213.84,63.0,0.0,0.0,0.0,0.0
2016-02-10,19.15,7.0,141.87,37.0,294.88,80.0,0.0,0.0,0.0,0.0
2016-02-11,24.39,4.0,81.96,14.0,124.58,24.0,0.0,0.0,0.0,0.0
2016-02-12,0.0,0.0,35.0,11.0,666.54,74.0,0.0,0.0,0.0,0.0
2016-02-13,0.0,0.0,12.68,3.0,27.84,8.0,0.0,0.0,0.0,0.0
2016-02-14,7.01,3.0,94.71,22.0,217.96,50.0,0.0,0.0,0.0,0.0
2016-02-15,0.91,2.0,11.66,7.0,79.56,26.0,0.0,0.0,0.0,0.0
2016-02-16,38.08,10.0,102.72,25.0,258.35,65.0,0.0,0.0,0.0,0.0
2016-02-17,8.14,1.0,45.47,11.0,186.64,47.0,0.0,0.0,0.0,0.0
2016-02-18,0.0,0.0,0.0,0.0,10.58,2.0,0.0,0.0,0.0,0.0
2016-02-19,0.0,0.0,0.0,0.0,0.0,0.0,0.0,0.0,0.0,0.0
2016-02-20,1.63,1.0,6.72,4.0,59.87,18.0,0.0,0.0,0.0,0.0
2016-02-21,17.63,5.0,39.84,13.0,111.8,30.0,0.0,0.0,0.0,0.0
2016-02-22,93.99,9.0,124.13,18.0,215.4,33.0,0.0,0.0,0.0,0.0
2016-02-23,7.7,2.0,34.96,10.0,158.84,39.0,0.0,0.0,0.0,0.0
2016-02-24,0.28,1.0,20.57,7.0,156.2,36.0,0.0,0.0,0.0,0.0
2016-02-25,4.9,2.0,20.97,8.0,419.02,72.0,0.0,0.0,0.0,0.0
2016-02-26,9.34,2.0,29.86,5.0,254.02,54.0,0.0,0.0,0.0,0.0
2016-02-27,5.81,2.0,25.02,5.0,170.63,44.0,0.0,0.0,0.0,0.0
2016-02-28,11.94,5.0,14.35,6.0,163.46,49.0,0.0,0.0,0.0,0.0
2016-02-29,0.84,1.0,14.47,3.0,194.92,20.0,0.0,0.0,0.0,0.0
2016-03-01,14.38,5.0,56.87,12.0,143.92,38.0,0.0,0.0,0.0,0.0
2016-03-02,0.42,1.0,31.92,8.0,102.5,31.0,0.0,0.0,0.0,0.0
2016-03-03,0.0,0.0,26.53,7.0,162.23,34.0,0.0,0.0,0.0,0.0
2016-03-04,0.0,0.0,7.88,2.0,87.08,27.0,0.0,0.0,0.0,0.0
2016-03-05,0.0,0.0,21.74,1.0,34.0,7.0,0.0,0.0,0.0,0.0
2016-03-06,0.65,1.0,0.65,1.0,11.04,8.0,0.0,0.0,0.0,0.0
2016-03-07,0.0,0.0,34.16,9.0,92.36,27.0,0.0,0.0,0.0,0.0
2016-03-08,7.66,1.0,36.77,6.0,163.21,28.0,0.0,0.0,0.0,0.0
2016-03-09,0.46,1.0,9.76,2.0,68.13,15.0,0.0,0.0,0.0,0.0
2016-03-10,0.0,0.0,4.85,2.0,20.71,8.0,0.0,0.0,0.0,0.0
2016-03-11,0.0,0.0,8.2,2.0,12.8,6.0,0.0,0.0,0.0,0.0
2016-03-12,0.0,0.0,2.16,1.0,16.46,6.0,0.0,0.0,0.0,0.0
2016-03-13,0.0,0.0,10.49,2.0,18.88,5.0,0.0,0.0,0.0,0.0
2016-03-14,0.0,0.0,0.0,0.0,8.41,2.0,0.0,0.0,0.0,0.0
2016-03-15,0.0,0.0,7.48,1.0,26.94,6.0,0.0,0.0,0.0,0.0
2016-03-16,0.63,1.0,3.43,2.0,18.37,5.0,0.0,0.0,0.0,0.0
2016-03-17,0.0,0.0,1.9,1.0,12.34,3.0,0.0,0.0,0.0,0.0
2016-03-18,3.55,3.0,12.93,5.0,112.07,20.0,0.0,0.0,0.0,0.0
2016-03-19,0.0,0.0,11.96,3.0,153.82,25.0,0.0,0.0,0.0,0.0
2016-03-20,0.0,0.0,3.5,1.0,23.24,7.0,0.0,0.0,0.0,0.0
2016-03-21,0.0,0.0,0.0,0.0,135.82,36.0,0.0,0.0,0.0,0.0
2016-03-22,13.99,1.0,19.12,4.0,139.16,35.0,0.0,0.0,0.0,0.0
2016-03-23,5.42,6.0,9.88,14.0,170.22,115.0,0.0,0.0,0.0,0.0
2016-03-24,3.25,1.0,3.25,1.0,167.94,37.0,0.0,0.0,0.0,0.0
2016-03-25,0.0,0.0,0.0,0.0,21.11,5.0,0.0,0.0,0.0,0.0
2016-03-26,0.0,0.0,0.0,0.0,2.34,2.0,0.0,0.0,0.0,0.0
2016-03-27,6.15,3.0,18.31,5.0,83.77,22.0,0.0,0.0,0.0,0.0
2016-03-28,18.52,5.0,37.08,9.0,162.08,40.0,0.0,0.0,0.0,0.0
2016-03-29,0.0,0.0,1.74,1.0,111.92,33.0,0.0,0.0,0.0,0.0
2016-03-30,0.0,0.0,0.0,0.0,43.77,12.0,0.0,0.0,0.0,0.0
2016-03-31,0.0,0.0,3.28,1.0,146.79,36.0,0.0,0.0,0.0,0.0
2016-04-01,3.25,1.0,4.06,2.0,75.99,29.0,0.0,0.0,0.0,0.0
2016-04-02,7.76,1.0,11.46,3.0,93.91,45.0,0.0,0.0,0.0,0.0
2016-04-03,0.0,0.0,0.42,1.0,40.46,22.0,0.0,0.0,0.0,0.0
2016-04-04,0.68,1.0,0.68,1.0,44.09,19.0,0.0,0.0,0.0,0.0
2016-04-05,0.0,0.0,4.6,1.0,21.79,7.0,0.0,0.0,0.0,0.0
2016-04-06,1.4,2.0,6.59,4.0,45.26,26.0,0.0,0.0,0.0,0.0
2016-04-07,16.84,5.0,30.41,9.0,462.7,117.0,0.0,0.0,0.0,0.0
2016-04-08,2.26,1.0,7.8,2.0,437.27,128.0,0.0,0.0,0.0,0.0
2016-04-09,2.88,1.0,12.22,4.0,389.37,87.0,0.0,0.0,0.0,0.0
2016-04-10,2.43,2.0,4.29,3.0,270.68,104.0,0.0,0.0,0.0,0.0
2016-04-11,1.56,2.0,24.46,10.0,377.65,112.0,0.0,0.0,0.0,0.0
2016-04-12,11.81,5.0,31.53,14.0,645.82,128.0,0.0,0.0,0.0,0.0
2016-04-13,7.95,2.0,57.5,13.0,721.88,169.0,0.0,0.0,0.0,0.0
2016-04-14,79.64,9.0,108.53,13.0,808.2,224.0,0.0,0.0,0.0,0.0
2016-04-15,10.37,3.0,248.69,17.0,599.27,142.0,0.0,0.0,0.0,0.0
2016-04-16,14.95,3.0,112.95,24.0,860.39,140.0,0.0,0.0,0.0,0.0
2016-04-17,0.0,0.0,66.84,12.0,491.16,81.0,0.0,0.0,0.0,0.0
2016-04-18,14.12,4.0,169.82,29.0,625.02,173.0,0.0,0.0,0.0,0.0
2016-04-19,4.44,2.0,142.76,15.0,558.34,129.0,0.0,0.0,0.0,0.0
2016-04-20,11.95,7.0,375.94,57.0,1385.04,200.0,0.0,0.0,0.0,0.0
2016-04-21,135.17,21.0,365.96,69.0,1427.38,323.0,0.0,0.0,0.0,0.0
2016-04-22,113.52,20.0,486.9,73.0,1732.89,226.0,0.0,0.0,0.0,0.0
2016-04-23,33.42,4.0,539.61,65.0,1901.5,390.0,0.0,0.0,0.0,0.0
2016-04-24,102.33,14.0,709.32,79.0,3742.59,675.0,0.0,0.0,0.0,0.0
2016-04-25,40.7,4.0,530.86,50.0,3249.85,586.0,0.0,0.0,0.0,0.0
2016-04-26,103.49,15.0,583.45,94.0,5004.73,984.0,0.0,0.0,0.0,0.0
2016-04-27,107.7,30.0,861.88,179.0,8302.53,1351.0,0.0,0.0,0.0,0.0
2016-04-28,263.68,44.0,1321.91,179.0,8389.34,1178.0,0.0,0.0,0.0,0.0
2016-04-29,93.86,19.0,1056.68,135.0,7451.4,999.0,0.0,0.0,0.0,0.0
2016-04-30,30.72,6.0,521.39,51.0,3022.7,370.0,0.0,0.0,0.0,0.0
2016-05-01,128.96,9.0,1030.99,85.0,5176.2,587.0,0.0,0.0,0.0,0.0
2016-05-02,33.89,6.0,492.2,70.0,3429.5,467.0,0.0,0.0,0.0,0.0
2016-05-03,0.0,0.0,4.47,1.0,74.66,19.0,0.0,0.0,0.0,0.0
2016-05-04,66.93,10.0,179.13,26.0,481.8,79.0,0.0,0.0,0.0,0.0
2016-05-05,0.0,0.0,2.02,1.0,36.33,14.0,0.0,0.0,0.0,0.0
2016-05-06,0.32,1.0,94.11,23.0,1041.41,209.0,0.0,0.0,0.0,0.0
2016-05-07,4.9,3.0,95.71,29.0,591.6,148.0,0.0,0.0,0.0,0.0
2016-05-08,16.11,3.0,67.85,15.0,274.57,55.0,0.0,0.0,0.0,0.0
2016-05-09,3.73,1.0,40.47,10.0,278.7,65.0,0.0,0.0,0.0,0.0
2016-05-10,5.98,3.0,67.09,15.0,317.54,83.0,0.0,0.0,0.0,0.0
2016-05-11,0.0,0.0,31.71,8.0,142.16,36.0,0.0,0.0,0.0,0.0
2016-05-12,6.01,2.0,72.73,19.0,255.75,80.0,0.0,0.0,0.0,0.0
2016-05-13,7.18,1.0,57.7,11.0,181.45,40.0,0.0,0.0,0.0,0.0
2016-05-14,7.17,1.0,64.62,13.0,289.81,56.0,0.0,0.0,0.0,0.0
2016-05-15,70.36,7.0,198.04,24.0,620.32,97.0,0.0,0.0,0.0,0.0
2016-05-16,38.3,1.0,40.78,2.0,223.97,40.0,0.0,0.0,0.0,0.0
2016-05-17,0.0,0.0,19.55,2.0,303.14,48.0,0.0,0.0,0.0,0.0
2016-05-18,14.22,2.0,44.35,7.0,210.97,43.0,0.0,0.0,0.0,0.0
2016-05-19,0.0,0.0,7.0,1.0,155.17,25.0,0.0,0.0,0.0,0.0
2016-05-20,0.0,0.0,24.09,6.0,114.97,29.0,0.0,0.0,0.0,0.0
2016-05-21,0.0,0.0,4.45,1.0,66.09,25.0,0.0,0.0,0.0,0.0
2016-05-22,0.0,0.0,11.46,3.0,104.51,23.0,0.0,0.0,0.0,0.0
2016-05-23,5.81,1.0,11.92,3.0,51.66,7.0,0.0,0.0,0.0,0.0
2016-05-24,0.0,0.0,0.0,0.0,1.27,1.0,0.0,0.0,0.0,0.0
2016-05-25,0.72,1.0,0.72,1.0,22.34,6.0,0.0,0.0,0.0,0.0
2016-05-26,0.0,0.0,0.0,0.0,30.52,8.0,0.0,0.0,0.0,0.0
2016-05-27,0.0,0.0,4.7,1.0,37.15,6.0,0.0,0.0,0.0,0.0
2016-05-28,0.0,0.0,0.0,0.0,1.57,2.0,0.0,0.0,0.0,0.0
2016-05-29,0.0,0.0,1.46,1.0,1.46,1.0,0.0,0.0,0.0,0.0
2016-05-30,0.54,1.0,0.54,1.0,3.37,3.0,0.0,0.0,0.0,0.0
2016-05-31,0.0,0.0,5.2,1.0,17.19,5.0,0.0,0.0,0.0,0.0
2016-06-01,0.0,0.0,0.0,0.0,0.0,0.0,0.0,0.0,0.0,0.0
2016-06-02,0.0,0.0,0.0,0.0,0.0,0.0,0.0,0.0,0.0,0.0
2016-06-03,0.0,0.0,0.0,0.0,0.0,0.0,0.0,0.0,0.0,0.0
2016-06-04,0.0,0.0,29.82,3.0,29.82,3.0,0.0,0.0,0.0,0.0
2016-06-05,0.0,0.0,10.12,1.0,47.74,9.0,0.0,0.0,0.0,0.0
2016-06-06,0.0,0.0,0.0,0.0,2.96,2.0,0.0,0.0,0.0,0.0
2016-06-07,0.0,0.0,9.65,5.0,11.41,8.0,0.0,0.0,0.0,0.0
2016-06-08,0.0,0.0,0.0,0.0,8.49,2.0,0.0,0.0,0.0,0.0
2016-06-09,2.39,1.0,2.39,1.0,2.39,1.0,0.0,0.0,0.0,0.0
2016-06-10,0.0,0.0,5.76,2.0,29.77,4.0,0.0,0.0,0.0,0.0
2016-06-11,0.0,0.0,0.0,0.0,9.88,5.0,0.0,0.0,0.0,0.0
2016-06-12,0.0,0.0,97.17,3.0,101.51,4.0,0.0,0.0,0.0,0.0
2016-06-13,0.0,0.0,0.0,0.0,20.04,5.0,0.0,0.0,0.0,0.0
2016-06-14,0.0,0.0,0.0,0.0,1.23,1.0,0.0,0.0,0.0,0.0
2016-06-15,0.0,0.0,0.0,0.0,0.0,0.0,0.0,0.0,0.0,0.0
2016-06-16,0.0,0.0,0.0,0.0,0.0,0.0,0.0,0.0,0.0,0.0
2016-06-17,0.0,0.0,0.0,0.0,0.0,0.0,0.0,0.0,0.0,0.0
2016-06-18,0.0,0.0,3.19,1.0,5.23,2.0,0.0,0.0,0.0,0.0
2016-06-19,0.0,0.0,0.0,0.0,0.0,0.0,0.0,0.0,0.0,0.0
2016-06-20,0.0,0.0,0.0,0.0,0.0,0.0,0.0,0.0,0.0,0.0
2016-06-21,0.0,0.0,0.0,0.0,0.0,0.0,0.0,0.0,0.0,0.0
2016-06-22,0.0,0.0,0.0,0.0,2.76,2.0,0.0,0.0,0.0,0.0
2016-06-23,0.0,0.0,0.0,0.0,1.17,1.0,0.0,0.0,0.0,0.0
2016-06-24,0.0,0.0,0.0,0.0,0.0,0.0,0.0,0.0,0.0,0.0
2016-06-25,0.0,0.0,0.0,0.0,11.67,2.0,0.0,0.0,0.0,0.0
2016-06-26,0.0,0.0,2.25,1.0,2.91,2.0,0.0,0.0,0.0,0.0
2016-06-27,0.0,0.0,0.0,0.0,0.0,0.0,0.0,0.0,0.0,0.0
2016-06-28,0.0,0.0,0.0,0.0,0.38,1.0,0.0,0.0,0.0,0.0
2016-06-29,0.0,0.0,0.0,0.0,6.28,2.0,0.0,0.0,0.0,0.0
2016-06-30,0.0,0.0,0.0,0.0,0.0,0.0,0.0,0.0,0.0,0.0
2016-07-01,0.0,0.0,0.0,0.0,0.0,0.0,0.0,0.0,0.0,0.0
2016-07-02,0.0,0.0,0.0,0.0,0.0,0.0,0.0,0.0,0.0,0.0
2016-07-03,0.0,0.0,0.0,0.0,0.0,0.0,0.0,0.0,0.0,0.0
2016-07-04,0.0,0.0,0.0,0.0,0.0,0.0,0.0,0.0,0.0,0.0
2016-07-05,0.0,0.0,0.0,0.0,0.0,0.0,0.0,0.0,0.0,0.0
2016-07-06,0.0,0.0,0.0,0.0,0.0,0.0,0.0,0.0,0.0,0.0
2016-07-07,0.62,1.0,0.62,1.0,0.62,1.0,0.0,0.0,0.0,0.0
2016-07-08,0.0,0.0,0.0,0.0,0.0,0.0,0.0,0.0,0.0,0.0
2016-07-09,2.73,1.0,2.73,1.0,2.73,1.0,0.0,0.0,0.0,0.0
2016-07-10,0.0,0.0,0.0,0.0,0.0,0.0,0.0,0.0,0.0,0.0
2016-07-11,0.0,0.0,0.0,0.0,0.0,0.0,0.0,0.0,0.0,0.0
2016-07-12,0.0,0.0,0.0,0.0,0.0,0.0,0.0,0.0,0.0,0.0
2016-07-13,0.0,0.0,0.0,0.0,0.0,0.0,0.0,0.0,0.0,0.0
2016-07-14,0.0,0.0,0.0,0.0,0.0,0.0,0.0,0.0,0.0,0.0
2016-07-15,0.0,0.0,0.0,0.0,0.0,0.0,0.0,0.0,0.0,0.0
2016-07-16,0.0,0.0,0.0,0.0,0.0,0.0,0.0,0.0,0.0,0.0
2016-07-17,0.0,0.0,0.0,0.0,0.0,0.0,0.0,0.0,0.0,0.0
2016-07-18,2.19,1.0,2.19,1.0,4.84,2.0,0.0,0.0,0.0,0.0
2016-07-19,0.0,0.0,0.0,0.0,0.0,0.0,0.0,0.0,0.0,0.0
2016-07-20,0.0,0.0,0.0,0.0,0.0,0.0,0.0,0.0,0.0,0.0
2016-07-21,0.0,0.0,0.0,0.0,0.0,0.0,0.0,0.0,0.0,0.0
2016-07-22,0.0,0.0,0.0,0.0,0.0,0.0,0.0,0.0,0.0,0.0
2016-07-23,0.0,0.0,0.0,0.0,0.0,0.0,0.0,0.0,0.0,0.0
2016-07-24,0.0,0.0,0.0,0.0,0.0,0.0,0.0,0.0,0.0,0.0
2016-07-25,0.0,0.0,0.0,0.0,0.0,0.0,0.0,0.0,0.0,0.0
2016-07-26,0.0,0.0,0.0,0.0,0.0,0.0,0.0,0.0,0.0,0.0
2016-07-27,0.0,0.0,0.0,0.0,0.0,0.0,0.0,0.0,0.0,0.0
2016-07-28,0.0,0.0,0.0,0.0,0.0,0.0,0.0,0.0,0.0,0.0
2016-07-29,0.0,0.0,0.0,0.0,0.0,0.0,0.0,0.0,0.0,0.0
2016-07-30,0.0,0.0,0.0,0.0,0.0,0.0,0.0,0.0,0.0,0.0
2016-07-31,0.0,0.0,0.0,0.0,0.0,0.0,0.0,0.0,0.0,0.0
2016-08-01,0.0,0.0,0.0,0.0,0.0,0.0,0.0,0.0,0.0,0.0
2016-08-02,0.0,0.0,0.0,0.0,0.0,0.0,0.0,0.0,0.0,0.0
2016-08-03,0.0,0.0,0.0,0.0,0.86,1.0,0.0,0.0,0.0,0.0
2016-08-04,0.0,0.0,0.0,0.0,5.65,2.0,0.0,0.0,0.0,0.0
2016-08-05,0.0,0.0,0.0,0.0,0.0,0.0,0.0,0.0,0.0,0.0
2016-08-06,0.0,0.0,2.45,1.0,3.46,2.0,0.0,0.0,0.0,0.0
2016-08-07,0.0,0.0,0.0,0.0,0.0,0.0,0.0,0.0,0.0,0.0
2016-08-08,0.0,0.0,0.0,0.0,0.0,0.0,0.0,0.0,0.0,0.0
2016-08-09,0.0,0.0,0.0,0.0,0.0,0.0,0.0,0.0,0.0,0.0
2016-08-10,0.0,0.0,0.0,0.0,0.0,0.0,0.0,0.0,0.0,0.0
2016-08-11,0.0,0.0,0.0,0.0,0.0,0.0,0.0,0.0,0.0,0.0
2016-08-12,0.0,0.0,0.0,0.0,0.0,0.0,0.0,0.0,0.0,0.0
2016-08-13,0.0,0.0,0.0,0.0,0.0,0.0,0.0,0.0,0.0,0.0
2016-08-14,0.0,0.0,0.0,0.0,0.0,0.0,0.0,0.0,0.0,0.0
2016-08-15,0.0,0.0,0.0,0.0,0.0,0.0,0.0,0.0,0.0,0.0
2016-08-16,0.0,0.0,0.0,0.0,0.93,1.0,0.0,0.0,0.0,0.0
2016-08-17,0.0,0.0,0.0,0.0,0.0,0.0,0.0,0.0,0.0,0.0
2016-08-18,0.0,0.0,0.0,0.0,1.47,1.0,0.0,0.0,0.0,0.0
2016-08-19,0.0,0.0,0.0,0.0,2.38,2.0,0.0,0.0,0.0,0.0
2016-08-20,0.0,0.0,0.0,0.0,2.88,1.0,0.0,0.0,0.0,0.0
2016-08-21,0.0,0.0,0.0,0.0,0.0,0.0,0.0,0.0,0.0,0.0
2016-08-22,0.0,0.0,0.0,0.0,0.0,0.0,0.0,0.0,0.0,0.0
2016-08-23,0.0,0.0,0.0,0.0,0.0,0.0,0.0,0.0,0.0,0.0
2016-08-24,0.0,0.0,0.0,0.0,0.0,0.0,0.0,0.0,0.0,0.0
2016-08-25,0.0,0.0,0.0,0.0,0.0,0.0,0.0,0.0,0.0,0.0
2016-08-26,4.38,1.0,4.38,1.0,8.19,2.0,0.0,0.0,0.0,0.0
2016-08-27,0.0,0.0,0.0,0.0,0.0,0.0,0.0,0.0,0.0,0.0
2016-08-28,0.0,0.0,0.0,0.0,0.0,0.0,0.0,0.0,0.0,0.0
2016-08-29,0.0,0.0,0.0,0.0,0.0,0.0,0.0,0.0,0.0,0.0
2016-08-30,0.0,0.0,0.0,0.0,0.0,0.0,0.0,0.0,0.0,0.0
2016-08-31,0.0,0.0,0.0,0.0,0.0,0.0,0.0,0.0,0.0,0.0
2016-09-01,0.0,0.0,0.0,0.0,0.0,0.0,0.0,0.0,0.0,0.0
2016-09-02,0.0,0.0,0.0,0.0,0.0,0.0,0.0,0.0,0.0,0.0
2016-09-03,0.0,0.0,0.0,0.0,5.68,2.0,0.0,0.0,0.0,0.0
2016-09-04,3.63,2.0,3.63,2.0,17.63,6.0,0.0,0.0,0.0,0.0
2016-09-05,9.46,2.0,9.46,2.0,9.46,2.0,0.0,0.0,0.0,0.0
2016-09-06,0.0,0.0,0.0,0.0,18.79,5.0,0.0,0.0,0.0,0.0
2016-09-07,0.0,0.0,0.0,0.0,0.0,0.0,0.0,0.0,0.0,0.0
2016-09-08,1.91,1.0,1.91,1.0,10.56,4.0,0.0,0.0,0.0,0.0
2016-09-09,0.0,0.0,0.0,0.0,0.0,0.0,0.0,0.0,0.0,0.0
2016-09-10,7.68,2.0,8.08,3.0,8.08,3.0,0.0,0.0,0.0,0.0
2016-09-11,1.54,1.0,1.54,1.0,4.91,2.0,0.0,0.0,0.0,0.0
2016-09-12,0.0,0.0,0.53,1.0,3.65,2.0,0.0,0.0,0.0,0.0
2016-09-13,0.0,0.0,0.0,0.0,8.44,2.0,0.0,0.0,0.0,0.0
2016-09-14,7.14,3.0,7.14,3.0,7.14,3.0,0.0,0.0,0.0,0.0
2016-09-15,2.62,1.0,5.44,2.0,12.63,7.0,0.0,0.0,0.0,0.0
2016-09-16,0.0,0.0,0.0,0.0,23.48,4.0,0.0,0.0,0.0,0.0
2016-09-17,0.0,0.0,0.0,0.0,9.33,1.0,0.0,0.0,0.0,0.0
2016-09-18,0.0,0.0,0.0,0.0,23.91,5.0,0.0,0.0,0.0,0.0
2016-09-19,0.0,0.0,0.0,0.0,38.68,7.0,0.0,0.0,0.0,0.0
2016-09-20,0.0,0.0,7.24,2.0,48.54,14.0,0.0,0.0,0.0,0.0
2016-09-21,0.0,0.0,2.95,1.0,2.95,1.0,0.0,0.0,0.0,0.0
2016-09-22,0.0,0.0,0.0,0.0,11.51,3.0,0.0,0.0,0.0,0.0
2016-09-23,0.0,0.0,0.0,0.0,0.0,0.0,0.0,0.0,0.0,0.0
2016-09-24,0.0,0.0,0.0,0.0,34.85,10.0,0.0,0.0,0.0,0.0
2016-09-25,1.38,2.0,1.38,2.0,99.33,29.0,0.0,0.0,0.0,0.0
2016-09-26,1.28,1.0,3.24,2.0,33.39,13.0,0.0,0.0,0.0,0.0
2016-09-27,0.0,0.0,5.97,1.0,24.54,5.0,0.0,0.0,0.0,0.0
2016-09-28,1.47,1.0,1.47,1.0,19.74,6.0,0.0,0.0,0.0,0.0
2016-09-29,0.0,0.0,0.0,0.0,60.33,10.0,0.0,0.0,0.0,0.0
2016-09-30,2.92,2.0,2.92,2.0,103.15,27.0,0.0,0.0,0.0,0.0
2016-10-01,2.33,1.0,7.68,3.0,238.84,59.0,0.0,0.0,0.0,0.0
2016-10-02,0.0,0.0,0.0,0.0,125.92,23.0,0.0,0.0,0.0,0.0
2016-10-03,0.0,0.0,1.76,1.0,81.09,20.0,0.0,0.0,0.0,0.0
2016-10-04,0.0,0.0,0.0,0.0,30.66,7.0,0.0,0.0,0.0,0.0
2016-10-05,0.0,0.0,0.0,0.0,73.03,14.0,0.0,0.0,0.0,0.0
2016-10-06,0.0,0.0,1.52,1.0,472.73,115.0,0.0,0.0,0.0,0.0
2016-10-07,0.0,0.0,4.76,1.0,664.78,138.0,0.0,0.0,0.0,0.0
2016-10-08,4.02,2.0,9.21,3.0,466.65,71.0,0.0,0.0,0.0,0.0
2016-10-09,16.51,1.0,22.57,3.0,630.85,124.0,0.0,0.0,0.0,0.0
2016-10-10,0.0,0.0,14.06,4.0,1017.18,200.0,0.0,0.0,0.0,0.0
2016-10-11,8.92,3.0,35.78,11.0,1837.26,356.0,0.0,0.0,0.0,0.0
2016-10-12,3.35,1.0,36.74,10.0,1772.41,347.0,0.0,0.0,0.0,0.0
2016-10-13,13.94,5.0,44.15,13.0,1807.03,320.0,0.0,0.0,0.0,0.0
2016-10-14,5.08,3.0,14.43,7.0,1872.86,335.0,0.0,0.0,0.0,0.0
2016-10-15,4.54,1.0,23.46,5.0,1914.07,271.0,0.0,0.0,0.0,0.0
2016-10-16,20.93,6.0,195.3,36.0,2633.35,455.0,0.0,0.0,0.0,0.0
2016-10-17,1.1,1.0,155.03,35.0,2119.47,444.0,0.0,0.0,0.0,0.0
2016-10-18,5.43,2.0,82.41,15.0,1811.89,305.0,0.0,0.0,0.0,0.0
2016-10-19,0.0,0.0,48.42,15.0,1183.31,245.0,0.0,0.0,0.0,0.0
2016-10-20,3.2,1.0,93.73,24.0,1239.64,251.0,0.0,0.0,0.0,0.0
2016-10-21,19.72,7.0,86.17,23.0,2077.59,301.0,0.0,0.0,0.0,0.0
2016-10-22,13.25,5.0,228.64,47.0,2256.96,452.0,0.0,0.0,0.0,0.0
2016-10-23,7.16,2.0,196.99,42.0,2384.93,416.0,0.0,0.0,0.0,0.0
2016-10-24,0.0,0.0,116.85,16.0,1749.03,212.0,0.0,0.0,0.0,0.0
2016-10-25,7.06,1.0,126.56,23.0,1366.68,231.0,0.0,0.0,0.0,0.0
2016-10-26,3.95,2.0,539.48,34.0,2861.55,401.0,0.0,0.0,0.0,0.0
2016-10-27,28.1,12.0,662.41,98.0,3977.09,582.0,0.0,0.0,0.0,0.0
2016-10-28,17.15,5.0,547.17,90.0,3135.9,536.0,0.0,0.0,0.0,0.0
2016-10-29,8.29,3.0,257.42,57.0,2405.13,377.0,0.0,0.0,0.0,0.0
2016-10-30,7.32,7.0,292.82,66.0,1568.55,254.0,0.0,0.0,0.0,0.0
2016-10-31,35.98,7.0,386.13,68.0,4356.6,542.0,0.0,0.0,0.0,0.0
2016-11-01,0.0,0.0,548.84,88.0,3712.68,577.0,0.0,0.0,0.0,0.0
2016-11-02,23.34,8.0,228.9,64.0,2212.1,453.0,0.0,0.0,0.0,0.0
2016-11-03,29.26,6.0,603.96,84.0,2979.53,486.0,0.0,0.0,0.0,0.0
2016-11-04,17.1,3.0,154.58,42.0,1108.92,218.0,0.0,0.0,0.0,0.0
2016-11-05,14.78,5.0,131.41,34.0,1214.89,269.0,0.0,0.0,0.0,0.0
2016-11-06,12.0,5.0,277.87,64.0,1732.21,319.0,0.0,0.0,0.0,0.0
2016-11-07,30.81,8.0,224.76,66.0,3667.91,674.0,0.0,0.0,0.0,0.0
2016-11-08,35.81,9.0,380.45,66.0,2072.46,370.0,0.0,0.0,0.0,0.0
2016-11-09,5.01,4.0,104.02,25.0,1411.2,192.0,0.0,0.0,0.0,0.0
2016-11-10,9.03,3.0,55.07,14.0,1021.99,193.0,0.0,0.0,0.0,0.0
2016-11-11,10.63,4.0,181.84,31.0,1384.16,245.0,0.0,0.0,0.0,0.0
2016-11-12,18.58,7.0,142.47,45.0,1332.83,273.0,0.0,0.0,0.0,0.0
2016-11-13,28.34,9.0,143.83,48.0,942.57,198.0,0.0,0.0,0.0,0.0
2016-11-14,6.19,2.0,59.91,20.0,367.58,84.0,0.0,0.0,0.0,0.0
2016-11-15,2.78,1.0,18.18,8.0,132.04,38.0,0.0,0.0,0.0,0.0
2016-11-16,0.0,0.0,53.49,13.0,361.16,79.0,0.0,0.0,0.0,0.0
2016-11-17,34.54,3.0,63.15,15.0,319.24,78.0,0.0,0.0,0.0,0.0
2016-11-18,10.2,2.0,89.57,31.0,349.84,102.0,0.0,0.0,0.0,0.0
2016-11-19,9.16,5.0,54.85,17.0,167.67,53.0,0.0,0.0,0.0,0.0
2016-11-20,13.4,5.0,40.45,14.0,239.29,46.0,0.0,0.0,0.0,0.0
2016-11-21,14.51,5.0,56.55,18.0,155.67,49.0,0.0,0.0,0.0,0.0
2016-11-22,5.84,3.0,35.61,16.0,143.04,42.0,0.0,0.0,0.0,0.0
2016-11-23,47.78,13.0,103.5,34.0,253.0,82.0,0.0,0.0,0.0,0.0
2016-11-24,21.26,6.0,102.43,30.0,288.41,76.0,0.0,0.0,0.0,0.0
2016-11-25,26.82,5.0,67.34,14.0,123.73,36.0,0.0,0.0,0.0,0.0
2016-11-26,2.98,1.0,36.2,11.0,83.74,25.0,0.0,0.0,0.0,0.0
2016-11-27,46.59,6.0,72.38,13.0,169.39,35.0,0.0,0.0,0.0,0.0
2016-11-28,2.72,1.0,104.2,23.0,175.01,46.0,0.0,0.0,0.0,0.0
2016-11-29,28.8,11.0,172.77,55.0,359.06,124.0,0.0,0.0,0.0,0.0
2016-11-30,45.08,11.0,121.35,31.0,223.69,61.0,0.0,0.0,0.0,0.0
2016-12-01,18.03,5.0,52.87,15.0,147.32,47.0,0.0,0.0,0.0,0.0
2016-12-02,26.55,11.0,47.05,20.0,128.32,48.0,0.0,0.0,0.0,0.0
2016-12-03,45.45,13.0,141.19,41.0,259.53,78.0,0.0,0.0,0.0,0.0
2016-12-04,53.81,12.0,157.87,43.0,383.95,121.0,0.0,0.0,0.0,0.0
2016-12-05,6.96,3.0,95.86,28.0,233.95,68.0,0.0,0.0,0.0,0.0
2016-12-06,18.46,6.0,23.14,8.0,51.85,16.0,0.0,0.0,0.0,0.0
2016-12-07,2.69,1.0,34.31,12.0,61.02,21.0,0.0,0.0,0.0,0.0
2016-12-08,37.05,11.0,59.43,18.0,121.91,34.0,0.0,0.0,0.0,0.0
2016-12-09,30.83,11.0,115.68,38.0,191.49,64.0,0.0,0.0,0.0,0.0
2016-12-10,0.75,1.0,0.75,1.0,0.75,1.0,0.0,0.0,0.0,0.0
2016-12-11,21.5,7.0,91.14,28.0,166.41,46.0,0.0,0.0,0.0,0.0
2016-12-12,2.22,1.0,80.02,23.0,109.14,34.0,0.0,0.0,0.0,0.0
2016-12-13,0.0,0.0,101.4,23.0,225.07,54.0,0.0,0.0,0.0,0.0
2016-12-14,29.81,8.0,189.76,57.0,348.69,104.0,0.0,0.0,0.0,0.0
2016-12-15,42.83,10.0,120.88,37.0,277.28,88.0,0.0,0.0,0.0,0.0
2016-12-16,64.08,12.0,170.85,44.0,256.92,69.0,0.0,0.0,0.0,0.0
2016-12-17,9.15,5.0,62.45,22.0,168.49,53.0,0.0,0.0,0.0,0.0
2016-12-18,54.87,13.0,167.53,52.0,328.47,103.0,0.0,0.0,0.0,0.0
2016-12-19,28.58,8.0,125.26,31.0,285.41,77.0,0.0,0.0,0.0,0.0
2016-12-20,26.34,8.0,115.28,41.0,213.91,73.0,0.0,0.0,0.0,0.0
2016-12-21,11.54,3.0,73.72,16.0,256.62,60.0,0.0,0.0,0.0,0.0
2016-12-22,18.67,6.0,78.65,20.0,152.31,34.0,0.0,0.0,0.0,0.0
2016-12-23,32.19,10.0,146.7,45.0,287.85,78.0,0.0,0.0,0.0,0.0
2016-12-24,27.23,9.0,135.88,42.0,272.29,80.0,0.0,0.0,0.0,0.0
2016-12-25,75.23,10.0,238.97,62.0,335.7,92.0,0.0,0.0,0.0,0.0
2016-12-26,28.41,6.0,103.21,32.0,178.7,62.0,0.0,0.0,0.0,0.0
2016-12-27,16.57,5.0,79.3,22.0,165.21,45.0,0.0,0.0,0.0,0.0
2016-12-28,7.55,3.0,30.42,11.0,75.36,25.0,0.0,0.0,0.0,0.0
2016-12-29,0.0,0.0,24.62,5.0,41.49,9.0,0.0,0.0,0.0,0.0
2016-12-30,35.85,11.0,192.49,52.0,332.96,95.0,0.0,0.0,0.0,0.0
2016-12-31,5.13,3.0,56.75,20.0,163.97,47.0,0.0,0.0,0.0,0.0
2017-01-01,26.02,6.0,85.35,24.0,226.01,60.0,0.0,0.0,0.0,0.0
2017-01-02,16.47,5.0,121.89,37.0,194.01,59.0,0.0,0.0,0.0,0.0
2017-01-03,3.19,3.0,63.25,22.0,174.47,57.0,0.0,0.0,0.0,0.0
2017-01-04,29.2,7.0,173.16,43.0,384.34,95.0,0.0,0.0,0.0,0.0
2017-01-05,42.61,15.0,186.32,64.0,326.56,107.0,0.0,0.0,0.0,0.0
2017-01-06,8.37,3.0,32.23,9.0,90.54,19.0,0.0,0.0,0.0,0.0
2017-01-07,0.0,0.0,0.0,0.0,0.0,0.0,0.0,0.0,0.0,0.0
2017-01-08,0.0,0.0,3.68,1.0,3.68,1.0,0.0,0.0,0.0,0.0
2017-01-09,5.61,2.0,37.29,10.0,40.24,12.0,0.0,0.0,0.0,0.0
2017-01-10,15.13,7.0,42.68,17.0,145.87,41.0,0.0,0.0,0.0,0.0
2017-01-11,12.84,4.0,53.11,12.0,175.14,48.0,0.0,0.0,0.0,0.0
2017-01-12,0.0,0.0,14.36,5.0,91.76,24.0,0.0,0.0,0.0,0.0
2017-01-13,1.84,1.0,48.14,17.0,110.44,35.0,0.0,0.0,0.0,0.0
2017-01-14,3.27,1.0,48.12,12.0,138.65,35.0,0.0,0.0,0.0,0.0
2017-01-15,23.72,7.0,139.25,37.0,283.44,76.0,0.0,0.0,0.0,0.0
2017-01-16,43.39,19.0,112.91,38.0,176.76,62.0,0.0,0.0,0.0,0.0
2017-01-17,5.56,2.0,10.52,3.0,29.16,8.0,0.0,0.0,0.0,0.0
2017-01-18,5.33,2.0,44.43,12.0,76.42,20.0,0.0,0.0,0.0,0.0
2017-01-19,6.82,4.0,48.88,14.0,143.45,40.0,0.0,0.0,0.0,0.0
2017-01-20,3.62,2.0,25.18,8.0,86.44,18.0,0.0,0.0,0.0,0.0
2017-01-21,3.38,2.0,28.13,10.0,85.03,23.0,0.0,0.0,0.0,0.0
2017-01-22,31.78,6.0,142.49,26.0,245.74,51.0,0.0,0.0,0.0,0.0
2017-01-23,0.0,0.0,23.49,6.0,70.84,17.0,0.0,0.0,0.0,0.0
2017-01-24,62.05,14.0,95.89,26.0,175.79,45.0,0.0,0.0,0.0,0.0
2017-01-25,11.64,1.0,16.96,2.0,16.96,2.0,0.0,0.0,0.0,0.0
2017-01-26,0.0,0.0,9.1,1.0,32.88,9.0,0.0,0.0,0.0,0.0
2017-01-27,0.0,0.0,0.0,0.0,1.08,1.0,0.0,0.0,0.0,0.0
2017-01-28,0.0,0.0,0.0,0.0,0.0,0.0,0.0,0.0,0.0,0.0
2017-01-29,0.0,0.0,0.0,0.0,0.55,1.0,0.0,0.0,0.0,0.0
2017-01-30,0.0,0.0,3.53,1.0,15.74,5.0,0.0,0.0,0.0,0.0
2017-01-31,18.66,4.0,44.91,12.0,97.16,28.0,0.0,0.0,0.0,0.0
2017-02-01,10.83,4.0,29.96,13.0,82.08,32.0,0.0,0.0,0.0,0.0
2017-02-02,15.42,4.0,93.79,19.0,106.7,23.0,0.0,0.0,0.0,0.0
2017-02-03,5.8,1.0,52.19,13.0,146.72,29.0,0.0,0.0,0.0,0.0
2017-02-04,0.0,0.0,0.0,0.0,18.72,6.0,0.0,0.0,0.0,0.0
2017-02-05,1.81,4.0,79.62,14.0,135.05,26.0,0.0,0.0,0.0,0.0
2017-02-06,12.77,4.0,62.5,15.0,178.82,46.0,0.0,0.0,0.0,0.0
2017-02-07,27.3,3.0,53.72,11.0,126.93,28.0,0.0,0.0,0.0,0.0
2017-02-08,28.67,3.0,137.43,33.0,227.33,54.0,0.0,0.0,0.0,0.0
2017-02-09,19.77,4.0,68.53,16.0,241.87,52.0,0.0,0.0,0.0,0.0
2017-02-10,0.0,0.0,44.05,12.0,230.41,54.0,0.0,0.0,0.0,0.0
2017-02-11,27.99,11.0,143.56,41.0,302.75,92.0,0.0,0.0,0.0,0.0
2017-02-12,27.02,6.0,153.4,40.0,378.99,100.0,0.0,0.0,0.0,0.0
2017-02-13,7.68,3.0,59.0,15.0,112.16,34.0,0.0,0.0,0.0,0.0
2017-02-14,5.46,2.0,33.88,11.0,82.86,24.0,0.0,0.0,0.0,0.0
2017-02-15,4.14,1.0,36.68,9.0,88.53,27.0,0.0,0.0,0.0,0.0
2017-02-16,12.44,5.0,45.75,15.0,194.91,51.0,0.0,0.0,0.0,0.0
2017-02-17,4.6,1.0,23.88,8.0,83.14,30.0,0.0,0.0,0.0,0.0
2017-02-18,2.91,1.0,40.9,10.0,129.98,28.0,0.0,0.0,0.0,0.0
2017-02-19,11.08,4.0,31.41,11.0,82.44,30.0,0.0,0.0,0.0,0.0
2017-02-20,1.15,2.0,7.74,4.0,46.85,15.0,0.0,0.0,0.0,0.0
2017-02-21,23.41,6.0,58.14,14.0,92.54,21.0,0.0,0.0,0.0,0.0
2017-02-22,23.73,6.0,79.06,22.0,156.77,49.0,0.0,0.0,0.0,0.0
2017-02-23,64.03,3.0,114.06,13.0,205.12,38.0,0.0,0.0,0.0,0.0
2017-02-24,2.74,2.0,27.16,8.0,65.27,20.0,0.0,0.0,0.0,0.0
2017-02-25,0.0,0.0,13.92,4.0,153.67,25.0,0.0,0.0,0.0,0.0
2017-02-26,36.3,7.0,50.18,12.0,148.84,38.0,0.0,0.0,0.0,0.0
2017-02-27,0.45,1.0,40.04,14.0,154.99,40.0,0.0,0.0,0.0,0.0
2017-02-28,0.0,0.0,62.11,11.0,106.7,23.0,0.0,0.0,0.0,0.0
2017-03-01,0.0,0.0,10.96,3.0,73.11,16.0,0.0,0.0,0.0,0.0
2017-03-02,0.76,1.0,19.44,6.0,83.48,19.0,0.0,0.0,0.0,0.0
2017-03-03,0.57,1.0,0.57,1.0,17.6,5.0,0.0,0.0,0.0,0.0
2017-03-04,18.94,7.0,37.36,13.0,120.59,33.0,0.0,0.0,0.0,0.0
2017-03-05,3.4,2.0,112.52,20.0,336.09,59.0,0.0,0.0,0.0,0.0
2017-03-06,20.11,8.0,51.1,13.0,160.59,40.0,0.0,0.0,0.0,0.0
2017-03-07,0.0,0.0,18.01,6.0,63.89,18.0,0.0,0.0,0.0,0.0
2017-03-08,0.0,0.0,0.0,0.0,0.0,0.0,0.0,0.0,0.0,0.0
2017-03-09,2.12,2.0,14.93,8.0,68.38,21.0,0.0,0.0,0.0,0.0
2017-03-10,3.68,3.0,5.21,4.0,40.13,18.0,0.0,0.0,0.0,0.0
2017-03-11,0.0,0.0,6.11,1.0,6.71,2.0,0.0,0.0,0.0,0.0
2017-03-12,1.42,2.0,9.16,5.0,50.69,18.0,0.0,0.0,0.0,0.0
2017-03-13,3.21,1.0,17.23,6.0,49.47,13.0,0.0,0.0,0.0,0.0
2017-03-14,18.37,4.0,28.06,7.0,78.09,22.0,0.0,0.0,0.0,0.0
2017-03-15,9.42,3.0,33.27,9.0,183.15,45.0,0.0,0.0,0.0,0.0
2017-03-16,8.93,2.0,19.6,5.0,50.19,12.0,0.0,0.0,0.0,0.0
2017-03-17,6.7,3.0,26.55,8.0,110.44,26.0,0.0,0.0,0.0,0.0
2017-03-18,3.3,2.0,9.49,4.0,48.06,14.0,0.0,0.0,0.0,0.0
2017-03-19,1.74,2.0,6.91,3.0,18.4,10.0,0.0,0.0,0.0,0.0
2017-03-20,0.4,1.0,0.4,1.0,60.3,9.0,0.0,0.0,0.0,0.0
2017-03-21,7.85,3.0,26.32,8.0,127.02,37.0,0.0,0.0,0.0,0.0
2017-03-22,0.0,0.0,15.55,4.0,57.45,14.0,0.0,0.0,0.0,0.0
2017-03-23,0.0,0.0,17.98,5.0,52.78,15.0,0.0,0.0,0.0,0.0
2017-03-24,2.24,1.0,8.25,2.0,54.19,14.0,0.0,0.0,0.0,0.0
2017-03-25,1.72,2.0,14.83,5.0,89.96,29.0,0.0,0.0,0.0,0.0
2017-03-26,0.0,0.0,6.51,3.0,153.27,28.0,0.0,0.0,0.0,0.0
2017-03-27,17.46,1.0,31.02,5.0,43.4,9.0,0.0,0.0,0.0,0.0
2017-03-28,0.0,0.0,23.38,4.0,64.79,8.0,0.0,0.0,0.0,0.0
2017-03-29,4.25,3.0,7.54,4.0,21.73,11.0,0.0,0.0,0.0,0.0
2017-03-30,3.54,1.0,3.54,1.0,152.33,46.0,0.0,0.0,0.0,0.0
2017-03-31,0.0,0.0,27.46,6.0,235.83,78.0,0.0,0.0,0.0,0.0
2017-04-01,2.78,1.0,15.69,5.0,202.21,52.0,0.0,0.0,0.0,0.0
2017-04-02,3.86,1.0,11.95,3.0,271.46,72.0,0.0,0.0,0.0,0.0
2017-04-03,12.76,4.0,35.61,9.0,348.88,107.0,0.0,0.0,0.0,0.0
2017-04-04,4.05,1.0,12.19,2.0,24.44,5.0,0.0,0.0,0.0,0.0
2017-04-05,5.53,2.0,43.93,7.0,53.63,11.0,0.0,0.0,0.0,0.0
2017-04-06,3.71,2.0,38.12,7.0,77.63,18.0,0.0,0.0,0.0,0.0
2017-04-07,1.73,2.0,18.81,6.0,46.55,14.0,0.0,0.0,0.0,0.0
2017-04-08,0.0,0.0,7.59,4.0,77.06,26.0,0.0,0.0,0.0,0.0
2017-04-09,4.64,2.0,69.64,18.0,314.5,78.0,0.0,0.0,0.0,0.0
2017-04-10,39.67,3.0,209.07,19.0,416.48,72.0,0.0,0.0,0.0,0.0
2017-04-11,6.58,3.0,24.46,14.0,158.43,49.0,0.0,0.0,0.0,0.0
2017-04-12,8.02,4.0,17.81,7.0,106.49,32.0,0.0,0.0,0.0,0.0
2017-04-13,8.02,3.0,25.51,7.0,106.87,23.0,0.0,0.0,0.0,0.0
2017-04-14,0.0,0.0,74.66,12.0,210.77,29.0,0.0,0.0,0.0,0.0
2017-04-15,33.0,5.0,183.91,26.0,248.73,41.0,0.0,0.0,0.0,0.0
2017-04-16,3.31,2.0,18.28,6.0,96.72,21.0,0.0,0.0,0.0,0.0
2017-04-17,3.88,1.0,69.27,7.0,115.92,23.0,0.0,0.0,0.0,0.0
2017-04-18,18.31,3.0,387.26,25.0,716.79,56.0,0.0,0.0,0.0,0.0
2017-04-19,4.11,1.0,98.0,24.0,433.03,65.0,0.0,0.0,0.0,0.0
2017-04-20,47.17,6.0,223.25,37.0,314.6,53.0,0.0,0.0,0.0,0.0
2017-04-21,3.1,1.0,244.64,45.0,317.28,71.0,0.0,0.0,0.0,0.0
2017-04-22,0.0,0.0,25.47,6.0,60.49,18.0,0.0,0.0,0.0,0.0
2017-04-23,37.51,5.0,172.18,36.0,366.28,67.0,0.0,0.0,0.0,0.0
2017-04-24,41.95,7.0,289.9,80.0,478.35,124.0,0.0,0.0,0.0,0.0
2017-04-25,24.02,9.0,210.53,46.0,956.34,190.0,0.0,0.0,0.0,0.0
2017-04-26,44.89,9.0,816.69,84.0,1541.01,251.0,0.0,0.0,0.0,0.0
2017-04-27,25.64,4.0,193.59,35.0,669.86,134.0,0.0,0.0,0.0,0.0
2017-04-28,0.0,0.0,26.45,14.0,506.09,114.0,0.0,0.0,0.0,0.0
2017-04-29,13.1,8.0,280.47,62.0,796.27,170.0,0.0,0.0,0.0,0.0
2017-04-30,98.64,18.0,432.79,98.0,849.03,208.0,0.0,0.0,0.0,0.0
2017-05-01,110.85,16.0,1054.78,129.0,3340.28,373.0,0.0,0.0,0.0,0.0
2017-05-02,331.46,31.0,1821.95,211.0,4193.71,539.0,0.0,0.0,0.0,0.0
2017-05-03,6.12,1.0,53.95,6.0,350.41,28.0,0.0,0.0,0.0,0.0
2017-05-04,111.16,15.0,769.33,97.0,1986.23,318.0,0.0,0.0,0.0,0.0
2017-05-05,195.88,30.0,762.56,139.0,3487.73,655.0,0.0,0.0,0.0,0.0
2017-05-06,238.46,27.0,962.16,109.0,2651.83,408.0,0.0,0.0,0.0,0.0
2017-05-07,285.32,20.0,811.05,93.0,3053.84,414.0,0.0,0.0,0.0,0.0
2017-05-08,21.17,4.0,95.51,22.0,670.03,139.0,0.0,0.0,0.0,0.0
2017-05-09,25.46,7.0,212.6,40.0,941.73,183.0,0.0,0.0,0.0,0.0
2017-05-10,14.51,6.0,137.65,34.0,502.86,120.0,0.0,0.0,0.0,0.0
2017-05-11,18.55,5.0,92.87,21.0,567.75,91.0,0.0,0.0,0.0,0.0
2017-05-12,31.86,5.0,185.42,34.0,402.92,86.0,0.0,0.0,0.0,0.0
2017-05-13,20.37,5.0,69.93,17.0,629.94,126.0,0.0,0.0,0.0,0.0
2017-05-14,55.02,8.0,195.77,25.0,1063.32,129.0,0.0,0.0,0.0,0.0
2017-05-15,9.97,2.0,63.84,16.0,396.11,91.0,0.0,0.0,0.0,0.0
2017-05-16,5.45,1.0,31.28,9.0,245.52,54.0,0.0,0.0,0.0,0.0
2017-05-17,28.9,4.0,42.77,8.0,229.5,46.0,0.0,0.0,0.0,0.0
2017-05-18,25.34,4.0,35.5,6.0,443.24,86.0,0.0,0.0,0.0,0.0
2017-05-19,0.89,1.0,20.31,3.0,542.27,81.0,0.0,0.0,0.0,0.0
2017-05-20,0.0,0.0,22.77,5.0,562.14,51.0,0.0,0.0,0.0,0.0
2017-05-21,0.0,0.0,16.66,4.0,48.8,15.0,0.0,0.0,0.0,0.0
2017-05-22,0.0,0.0,0.0,0.0,26.66,8.0,0.0,0.0,0.0,0.0
2017-05-23,25.26,4.0,44.12,7.0,395.76,64.0,0.0,0.0,0.0,0.0
2017-05-24,7.98,1.0,11.49,2.0,143.19,27.0,0.0,0.0,0.0,0.0
2017-05-25,0.0,0.0,46.42,7.0,152.57,30.0,0.0,0.0,0.0,0.0
2017-05-26,0.0,0.0,17.4,4.0,91.05,21.0,0.0,0.0,0.0,0.0
2017-05-27,0.0,0.0,14.39,3.0,24.47,6.0,0.0,0.0,0.0,0.0
2017-05-28,1.37,1.0,17.32,6.0,87.49,24.0,0.0,0.0,0.0,0.0
2017-05-29,0.0,0.0,0.0,0.0,1.88,1.0,0.0,0.0,0.0,0.0
2017-05-30,1.75,1.0,14.83,4.0,85.25,18.0,0.0,0.0,0.0,0.0
2017-05-31,0.0,0.0,0.0,0.0,10.21,3.0,0.0,0.0,0.0,0.0
2017-06-01,0.0,0.0,5.54,1.0,5.54,1.0,0.0,0.0,0.0,0.0
2017-06-02,0.0,0.0,18.12,3.0,108.97,19.0,0.0,0.0,0.0,0.0
2017-06-03,0.0,0.0,0.0,0.0,124.33,25.0,0.0,0.0,0.0,0.0
2017-06-04,0.0,0.0,0.0,0.0,80.47,14.0,0.0,0.0,0.0,0.0
2017-06-05,7.4,2.0,24.85,6.0,35.88,10.0,0.0,0.0,0.0,0.0
2017-06-06,13.49,2.0,15.87,3.0,36.11,5.0,0.0,0.0,0.0,0.0
2017-06-07,0.0,0.0,0.0,0.0,1.48,1.0,0.0,0.0,0.0,0.0
2017-06-08,3.84,1.0,3.84,1.0,3.84,1.0,0.0,0.0,0.0,0.0
2017-06-09,1.6,1.0,1.6,1.0,2.04,2.0,0.0,0.0,0.0,0.0
2017-06-10,0.0,0.0,7.16,2.0,25.96,7.0,0.0,0.0,0.0,0.0
2017-06-11,0.0,0.0,0.0,0.0,15.67,7.0,0.0,0.0,0.0,0.0
2017-06-12,0.0,0.0,8.93,2.0,42.43,10.0,0.0,0.0,0.0,0.0
2017-06-13,0.0,0.0,16.13,5.0,43.07,14.0,0.0,0.0,0.0,0.0
2017-06-14,0.0,0.0,0.0,0.0,55.84,17.0,0.0,0.0,0.0,0.0
2017-06-15,0.0,0.0,0.0,0.0,12.34,6.0,0.0,0.0,0.0,0.0
2017-06-16,0.0,0.0,0.0,0.0,9.43,4.0,0.0,0.0,0.0,0.0
2017-06-17,0.0,0.0,3.54,1.0,9.24,3.0,0.0,0.0,0.0,0.0
2017-06-18,0.0,0.0,6.67,2.0,23.53,7.0,0.0,0.0,0.0,0.0
2017-06-19,0.0,0.0,0.0,0.0,1.96,1.0,0.0,0.0,0.0,0.0
2017-06-20,0.0,0.0,0.0,0.0,0.0,0.0,0.0,0.0,0.0,0.0
2017-06-21,0.43,1.0,0.43,1.0,5.49,3.0,0.0,0.0,0.0,0.0
2017-06-22,0.0,0.0,0.0,0.0,0.34,1.0,0.0,0.0,0.0,0.0
2017-06-23,1.18,1.0,1.18,1.0,11.37,2.0,0.0,0.0,0.0,0.0
2017-06-24,6.03,1.0,12.13,3.0,43.26,13.0,0.0,0.0,0.0,0.0
2017-06-25,0.0,0.0,0.0,0.0,29.84,2.0,0.0,0.0,0.0,0.0
2017-06-26,0.0,0.0,0.0,0.0,27.71,5.0,0.0,0.0,0.0,0.0
2017-06-27,0.0,0.0,0.0,0.0,24.97,5.0,0.0,0.0,0.0,0.0
2017-06-28,0.0,0.0,0.0,0.0,0.0,0.0,0.0,0.0,0.0,0.0
2017-06-29,0.0,0.0,0.0,0.0,0.0,0.0,0.0,0.0,0.0,0.0
2017-06-30,0.0,0.0,0.0,0.0,0.0,0.0,0.0,0.0,0.0,0.0
2017-07-01,0.0,0.0,0.0,0.0,0.0,0.0,0.0,0.0,0.0,0.0
2017-07-02,0.0,0.0,0.0,0.0,0.0,0.0,0.0,0.0,0.0,0.0
2017-07-03,0.0,0.0,0.0,0.0,0.0,0.0,0.0,0.0,0.0,0.0
2017-07-04,0.0,0.0,8.21,1.0,8.21,1.0,0.0,0.0,0.0,0.0
2017-07-05,0.0,0.0,0.0,0.0,0.0,0.0,0.0,0.0,0.0,0.0
2017-07-06,0.0,0.0,0.0,0.0,0.0,0.0,0.0,0.0,0.0,0.0
2017-07-07,0.0,0.0,0.0,0.0,0.0,0.0,0.0,0.0,0.0,0.0
2017-07-08,0.0,0.0,0.0,0.0,0.0,0.0,0.0,0.0,0.0,0.0
2017-07-09,0.0,0.0,0.0,0.0,0.0,0.0,0.0,0.0,0.0,0.0
2017-07-10,6.24,2.0,6.24,2.0,10.07,3.0,0.0,0.0,0.0,0.0
2017-07-11,0.0,0.0,0.0,0.0,0.0,0.0,0.0,0.0,0.0,0.0
2017-07-12,2.1,2.0,2.1,2.0,2.1,2.0,0.0,0.0,0.0,0.0
2017-07-13,0.0,0.0,0.0,0.0,4.37,2.0,0.0,0.0,0.0,0.0
2017-07-14,0.0,0.0,0.0,0.0,1.31,1.0,0.0,0.0,0.0,0.0
2017-07-15,1.87,2.0,3.56,3.0,7.58,4.0,0.0,0.0,0.0,0.0
2017-07-16,0.0,0.0,0.0,0.0,0.0,0.0,0.0,0.0,0.0,0.0
2017-07-17,0.0,0.0,0.0,0.0,0.0,0.0,0.0,0.0,0.0,0.0
2017-07-18,0.0,0.0,0.0,0.0,9.8,4.0,0.0,0.0,0.0,0.0
2017-07-19,0.0,0.0,0.0,0.0,3.72,1.0,0.0,0.0,0.0,0.0
2017-07-20,0.0,0.0,0.0,0.0,0.0,0.0,0.0,0.0,0.0,0.0
2017-07-21,0.0,0.0,0.0,0.0,3.93,1.0,0.0,0.0,0.0,0.0
2017-07-22,0.0,0.0,0.0,0.0,0.0,0.0,0.0,0.0,0.0,0.0
2017-07-23,0.0,0.0,0.0,0.0,0.97,1.0,0.0,0.0,0.0,0.0
2017-07-24,0.0,0.0,0.0,0.0,0.0,0.0,0.0,0.0,0.0,0.0
2017-07-25,0.0,0.0,0.0,0.0,0.0,0.0,0.0,0.0,0.0,0.0
2017-07-26,0.0,0.0,0.0,0.0,2.97,1.0,0.0,0.0,0.0,0.0
2017-07-27,0.0,0.0,0.0,0.0,0.0,0.0,0.0,0.0,0.0,0.0
2017-07-28,0.0,0.0,0.0,0.0,0.0,0.0,0.0,0.0,0.0,0.0
2017-07-29,0.0,0.0,0.0,0.0,0.0,0.0,0.0,0.0,0.0,0.0
2017-07-30,0.0,0.0,0.0,0.0,0.0,0.0,0.0,0.0,0.0,0.0
2017-07-31,0.0,0.0,0.0,0.0,0.0,0.0,0.0,0.0,0.0,0.0
2017-08-01,0.0,0.0,0.0,0.0,0.0,0.0,0.0,0.0,0.0,0.0
2017-08-02,0.0,0.0,0.0,0.0,0.0,0.0,0.0,0.0,0.0,0.0
2017-08-03,0.0,0.0,0.0,0.0,0.0,0.0,0.0,0.0,0.0,0.0
2017-08-04,3.05,3.0,3.05,3.0,3.05,3.0,0.0,0.0,0.0,0.0
2017-08-05,2.09,1.0,2.09,1.0,2.09,1.0,0.0,0.0,0.0,0.0
2017-08-06,0.0,0.0,18.6,2.0,18.6,2.0,0.0,0.0,0.0,0.0
2017-08-07,0.0,0.0,0.0,0.0,0.0,0.0,0.0,0.0,0.0,0.0
2017-08-08,0.0,0.0,0.0,0.0,0.0,0.0,0.0,0.0,0.0,0.0
2017-08-09,0.0,0.0,0.0,0.0,0.0,0.0,0.0,0.0,0.0,0.0
2017-08-10,0.0,0.0,0.0,0.0,0.0,0.0,0.0,0.0,0.0,0.0
2017-08-11,0.0,0.0,0.0,0.0,0.0,0.0,0.0,0.0,0.0,0.0
2017-08-12,0.0,0.0,0.0,0.0,1.91,1.0,0.0,0.0,0.0,0.0
2017-08-13,0.0,0.0,0.0,0.0,0.0,0.0,0.0,0.0,0.0,0.0
2017-08-14,0.0,0.0,0.0,0.0,0.48,1.0,0.0,0.0,0.0,0.0
2017-08-15,1.42,1.0,1.42,1.0,1.42,1.0,0.0,0.0,0.0,0.0
2017-08-16,1.37,1.0,1.37,1.0,1.37,1.0,0.0,0.0,0.0,0.0
2017-08-17,0.0,0.0,0.0,0.0,0.0,0.0,0.0,0.0,0.0,0.0
2017-08-18,2.47,1.0,2.47,1.0,2.47,1.0,0.0,0.0,0.0,0.0
2017-08-19,0.0,0.0,0.0,0.0,0.0,0.0,0.0,0.0,0.0,0.0
2017-08-20,0.0,0.0,0.0,0.0,1.85,1.0,0.0,0.0,0.0,0.0
2017-08-21,0.0,0.0,0.0,0.0,0.0,0.0,0.0,0.0,0.0,0.0
2017-08-22,1.2,1.0,1.2,1.0,5.87,2.0,0.0,0.0,0.0,0.0
2017-08-23,0.4,1.0,0.4,1.0,0.4,1.0,0.0,0.0,0.0,0.0
2017-08-24,0.0,0.0,0.0,0.0,0.0,0.0,0.0,0.0,0.0,0.0
2017-08-25,0.0,0.0,0.0,0.0,0.0,0.0,0.0,0.0,0.0,0.0
2017-08-26,0.83,1.0,0.83,1.0,0.83,1.0,0.0,0.0,0.0,0.0
2017-08-27,0.0,0.0,0.0,0.0,0.0,0.0,0.0,0.0,0.0,0.0
2017-08-28,0.0,0.0,0.0,0.0,3.47,1.0,0.0,0.0,0.0,0.0
2017-08-29,0.56,1.0,0.56,1.0,5.49,3.0,0.0,0.0,0.0,0.0
2017-08-30,0.5,1.0,0.5,1.0,0.5,1.0,0.0,0.0,0.0,0.0
2017-08-31,0.0,0.0,0.0,0.0,0.0,0.0,0.0,0.0,0.0,0.0
2017-09-01,0.0,0.0,0.0,0.0,0.0,0.0,0.0,0.0,0.0,0.0
2017-09-02,0.0,0.0,0.0,0.0,0.0,0.0,0.0,0.0,0.0,0.0
2017-09-03,0.0,0.0,0.0,0.0,0.55,1.0,0.0,0.0,0.0,0.0
2017-09-04,0.0,0.0,0.0,0.0,0.0,0.0,0.0,0.0,0.0,0.0
2017-09-05,0.0,0.0,0.0,0.0,0.0,0.0,0.0,0.0,0.0,0.0
2017-09-06,2.88,1.0,2.88,1.0,2.88,1.0,0.0,0.0,0.0,0.0
2017-09-07,1.76,2.0,1.76,2.0,4.11,3.0,0.0,0.0,0.0,0.0
2017-09-08,8.25,2.0,8.25,2.0,8.25,2.0,0.0,0.0,0.0,0.0
2017-09-09,3.56,2.0,10.6,4.0,17.14,6.0,0.0,0.0,0.0,0.0
2017-09-10,0.0,0.0,0.0,0.0,7.2,2.0,0.0,0.0,0.0,0.0
2017-09-11,0.0,0.0,0.0,0.0,29.59,5.0,0.0,0.0,0.0,0.0
2017-09-12,2.4,1.0,2.4,1.0,33.8,7.0,0.0,0.0,0.0,0.0
2017-09-13,0.0,0.0,0.0,0.0,6.38,3.0,0.0,0.0,0.0,0.0
2017-09-14,0.0,0.0,0.0,0.0,6.65,1.0,0.0,0.0,0.0,0.0
2017-09-15,3.74,3.0,3.74,3.0,6.06,4.0,0.0,0.0,0.0,0.0
2017-09-16,0.0,0.0,0.0,0.0,0.0,0.0,0.0,0.0,0.0,0.0
2017-09-17,0.0,0.0,0.0,0.0,1.67,1.0,0.0,0.0,0.0,0.0
2017-09-18,2.72,2.0,17.49,5.0,70.07,17.0,0.0,0.0,0.0,0.0
2017-09-19,0.0,0.0,0.0,0.0,58.66,11.0,0.0,0.0,0.0,0.0
2017-09-20,0.0,0.0,44.28,6.0,121.12,22.0,0.0,0.0,0.0,0.0
2017-09-21,1.0,1.0,1.0,1.0,7.12,3.0,0.0,0.0,0.0,0.0
2017-09-22,0.0,0.0,0.0,0.0,0.0,0.0,0.0,0.0,0.0,0.0
2017-09-23,0.0,0.0,0.0,0.0,0.0,0.0,0.0,0.0,0.0,0.0
2017-09-24,0.0,0.0,0.0,0.0,0.0,0.0,0.0,0.0,0.0,0.0
2017-09-25,0.0,0.0,0.0,0.0,0.0,0.0,0.0,0.0,0.0,0.0
2017-09-26,1.13,1.0,1.13,1.0,9.32,4.0,0.0,0.0,0.0,0.0
2017-09-27,1.38,1.0,12.37,3.0,70.77,8.0,0.0,0.0,0.0,0.0
2017-09-28,1.53,2.0,7.92,3.0,22.92,7.0,0.0,0.0,0.0,0.0
2017-09-29,0.0,0.0,3.98,1.0,21.33,5.0,0.0,0.0,0.0,0.0
2017-09-30,2.05,3.0,2.05,3.0,58.22,18.0,0.0,0.0,0.0,0.0
2017-10-01,0.0,0.0,0.0,0.0,71.87,19.0,0.0,0.0,0.0,0.0
2017-10-02,1.14,1.0,8.35,3.0,154.1,30.0,0.0,0.0,0.0,0.0
2017-10-03,1.1,1.0,14.32,4.0,240.46,53.0,0.0,0.0,0.0,0.0
2017-10-04,2.44,2.0,9.59,5.0,225.58,61.0,0.0,0.0,0.0,0.0
2017-10-05,0.0,0.0,7.33,2.0,384.28,71.0,0.0,0.0,0.0,0.0
2017-10-06,0.0,0.0,0.0,0.0,291.35,62.0,0.0,0.0,0.0,0.0
2017-10-07,2.18,1.0,8.15,3.0,384.57,104.0,0.0,0.0,0.0,0.0
2017-10-08,1.09,1.0,79.27,21.0,1014.02,212.0,0.0,0.0,0.0,0.0
2017-10-09,2.56,2.0,43.67,13.0,794.61,199.0,0.0,0.0,0.0,0.0
2017-10-10,1.3,1.0,42.01,13.0,1005.11,201.0,0.0,0.0,0.0,0.0
2017-10-11,0.0,0.0,0.0,0.0,498.02,78.0,0.0,0.0,0.0,0.0
2017-10-12,0.0,0.0,10.0,2.0,663.15,133.0,0.0,0.0,0.0,0.0
2017-10-13,6.25,2.0,68.82,11.0,1095.87,171.0,0.0,0.0,0.0,0.0
2017-10-14,4.14,3.0,88.99,27.0,2151.9,401.0,0.0,0.0,0.0,0.0
2017-10-15,7.84,4.0,191.9,32.0,2595.48,510.0,0.0,0.0,0.0,0.0
2017-10-16,0.83,1.0,44.15,12.0,1046.45,222.0,0.0,0.0,0.0,0.0
2017-10-17,0.49,1.0,91.47,20.0,1488.29,285.0,0.0,0.0,0.0,0.0
2017-10-18,11.0,4.0,133.96,25.0,2096.83,302.0,0.0,0.0,0.0,0.0
2017-10-19,7.09,4.0,244.2,50.0,3829.41,583.0,0.0,0.0,0.0,0.0
2017-10-20,7.69,4.0,333.04,68.0,2856.86,635.0,0.0,0.0,0.0,0.0
2017-10-21,0.0,0.0,160.71,24.0,1788.93,318.0,0.0,0.0,0.0,0.0
2017-10-22,1.4,1.0,171.47,46.0,955.97,216.0,0.0,0.0,0.0,0.0
2017-10-23,4.28,2.0,116.55,24.0,1161.7,229.0,0.0,0.0,0.0,0.0
2017-10-24,15.81,3.0,411.77,71.0,2199.58,350.0,0.0,0.0,0.0,0.0
2017-10-25,5.98,2.0,241.38,61.0,1919.64,399.0,0.0,0.0,0.0,0.0
2017-10-26,3.59,3.0,285.55,66.0,2244.16,397.0,0.0,0.0,0.0,0.0
2017-10-27,0.0,0.0,137.58,28.0,1254.29,186.0,0.0,0.0,0.0,0.0
2017-10-28,29.62,5.0,246.08,44.0,2322.22,389.0,0.0,0.0,0.0,0.0
2017-10-29,12.23,1.0,428.61,70.0,2489.89,420.0,0.0,0.0,0.0,0.0
2017-10-30,26.32,7.0,278.81,71.0,2814.45,491.0,0.0,0.0,0.0,0.0
2017-10-31,11.1,4.0,431.15,95.0,2644.93,512.0,0.0,0.0,0.0,0.0
2017-11-01,7.82,2.0,480.69,72.0,2247.24,366.0,0.0,0.0,0.0,0.0
2017-11-02,5.26,2.0,170.29,35.0,1370.49,231.0,0.0,0.0,0.0,0.0
2017-11-03,0.0,0.0,140.76,29.0,1367.42,222.0,0.0,0.0,0.0,0.0
2017-11-04,10.3,5.0,152.65,37.0,4223.65,628.0,0.0,0.0,0.0,0.0
2017-11-05,36.15,13.0,375.21,100.0,2483.48,537.0,0.0,0.0,0.0,0.0
2017-11-06,29.22,4.0,153.69,28.0,447.14,83.0,0.0,0.0,0.0,0.0
2017-11-07,0.0,0.0,28.37,7.0,198.63,42.0,0.0,0.0,0.0,0.0
2017-11-08,17.44,7.0,52.06,16.0,724.65,164.0,0.0,0.0,0.0,0.0
2017-11-09,14.02,6.0,56.87,16.0,1188.44,202.0,0.0,0.0,0.0,0.0
2017-11-10,17.68,10.0,158.61,50.0,1396.32,306.0,0.0,0.0,0.0,0.0
2017-11-11,21.64,8.0,92.68,28.0,278.69,76.0,0.0,0.0,0.0,0.0
2017-11-12,7.92,2.0,28.64,7.0,96.45,28.0,0.0,0.0,0.0,0.0
2017-11-13,17.23,5.0,31.98,10.0,89.08,30.0,0.0,0.0,0.0,0.0
2017-11-14,3.3,1.0,40.53,12.0,773.61,142.0,0.0,0.0,0.0,0.0
2017-11-15,2.2,3.0,61.15,19.0,191.77,58.0,0.0,0.0,0.0,0.0
2017-11-16,18.63,5.0,71.23,21.0,196.81,62.0,0.0,0.0,0.0,0.0
2017-11-17,5.76,3.0,36.72,13.0,71.79,22.0,0.0,0.0,0.0,0.0
2017-11-18,0.0,0.0,13.71,5.0,80.73,27.0,0.0,0.0,0.0,0.0
2017-11-19,28.14,6.0,63.4,17.0,356.91,73.0,0.0,0.0,0.0,0.0
2017-11-20,3.7,5.0,39.52,14.0,360.9,74.0,0.0,0.0,0.0,0.0
2017-11-21,9.02,5.0,80.69,27.0,421.5,111.0,0.0,0.0,0.0,0.0
2017-11-22,12.11,6.0,84.56,25.0,256.47,69.0,0.0,0.0,0.0,0.0
2017-11-23,0.43,1.0,88.16,20.0,247.41,52.0,0.0,0.0,0.0,0.0
2017-11-24,23.35,8.0,61.0,18.0,231.72,61.0,0.0,0.0,0.0,0.0
2017-11-25,14.9,6.0,92.93,27.0,254.72,64.0,0.0,0.0,0.0,0.0
2017-11-26,15.2,8.0,125.55,42.0,369.73,106.0,0.0,0.0,0.0,0.0
2017-11-27,40.96,13.0,152.27,38.0,243.8,71.0,0.0,0.0,0.0,0.0
2017-11-28,2.56,3.0,86.15,22.0,181.33,48.0,0.0,0.0,0.0,0.0
2017-11-29,16.53,3.0,56.7,16.0,163.06,48.0,0.0,0.0,0.0,0.0
2017-11-30,9.78,2.0,63.14,15.0,251.17,47.0,0.0,0.0,0.0,0.0
2017-12-01,3.23,2.0,112.42,24.0,224.63,59.0,0.0,0.0,0.0,0.0
2017-12-02,41.24,14.0,165.88,54.0,320.96,115.0,0.0,0.0,0.0,0.0
2017-12-03,3.87,2.0,30.36,9.0,82.49,20.0,0.0,0.0,0.0,0.0
2017-12-04,0.0,0.0,2.76,1.0,2.76,1.0,0.0,0.0,0.0,0.0
2017-12-05,0.0,0.0,0.0,0.0,0.0,0.0,0.0,0.0,0.0,0.0
2017-12-06,1.77,2.0,1.77,2.0,118.27,14.0,0.0,0.0,0.0,0.0
2017-12-07,70.02,13.0,132.73,38.0,240.56,75.0,0.0,0.0,0.0,0.0
2017-12-08,2.26,1.0,104.64,19.0,198.45,46.0,0.0,0.0,0.0,0.0
2017-12-09,18.55,7.0,47.48,16.0,134.49,34.0,0.0,0.0,0.0,0.0
2017-12-10,8.25,5.0,70.62,26.0,218.33,61.0,0.0,0.0,0.0,0.0
2017-12-11,0.0,0.0,12.12,3.0,52.32,16.0,0.0,0.0,0.0,0.0
2017-12-12,0.0,0.0,10.48,4.0,26.01,12.0,0.0,0.0,0.0,0.0
2017-12-13,0.0,0.0,2.22,1.0,7.42,4.0,0.0,0.0,0.0,0.0
2017-12-14,0.0,0.0,8.88,3.0,22.99,9.0,0.0,0.0,0.0,0.0
2017-12-15,3.3,1.0,18.8,5.0,29.66,9.0,0.0,0.0,0.0,0.0
2017-12-16,23.69,4.0,79.18,22.0,172.24,49.0,0.0,0.0,0.0,0.0
2017-12-17,36.24,11.0,108.41,33.0,286.47,72.0,0.0,0.0,0.0,0.0
2017-12-18,25.93,10.0,158.88,57.0,309.78,115.0,0.0,0.0,0.0,0.0
2017-12-19,0.0,0.0,25.02,3.0,68.61,14.0,0.0,0.0,0.0,0.0
2017-12-20,8.08,2.0,11.1,4.0,44.45,12.0,0.0,0.0,0.0,0.0
2017-12-21,41.04,17.0,162.26,50.0,247.94,81.0,0.0,0.0,0.0,0.0
2017-12-22,11.88,6.0,73.4,21.0,185.72,55.0,0.0,0.0,0.0,0.0
2017-12-23,20.09,5.0,71.75,20.0,241.81,72.0,0.0,0.0,0.0,0.0
2017-12-24,0.78,1.0,51.81,15.0,176.21,43.0,0.0,0.0,0.0,0.0
2017-12-25,47.45,9.0,78.32,22.0,146.53,40.0,0.0,0.0,0.0,0.0
2017-12-26,23.3,6.0,76.09,20.0,145.21,36.0,0.0,0.0,0.0,0.0
2017-12-27,2.33,2.0,82.91,30.0,134.54,45.0,0.0,0.0,0.0,0.0
2017-12-28,5.82,4.0,157.28,51.0,277.36,93.0,0.0,0.0,0.0,0.0
2017-12-29,16.47,10.0,117.34,40.0,253.12,83.0,0.0,0.0,0.0,0.0
2017-12-30,7.24,2.0,56.13,18.0,130.46,37.0,0.0,0.0,0.0,0.0
2017-12-31,8.94,2.0,44.2,13.0,124.83,34.0,0.0,0.0,0.0,0.0
2018-01-01,5.19,2.0,13.32,4.0,34.59,10.0,0.0,0.0,0.0,0.0
2018-01-02,12.98,5.0,82.42,24.0,112.15,35.0,0.0,0.0,0.0,0.0
2018-01-03,30.58,10.0,73.04,23.0,133.85,40.0,0.0,0.0,0.0,0.0
2018-01-04,15.42,5.0,15.42,5.0,17.87,6.0,0.0,0.0,0.0,0.0
2018-01-05,0.0,0.0,16.63,6.0,72.92,14.0,0.0,0.0,0.0,0.0
2018-01-06,11.6,9.0,54.83,26.0,77.78,35.0,0.0,0.0,0.0,0.0
2018-01-07,36.83,8.0,113.86,30.0,207.26,57.0,0.0,0.0,0.0,0.0
2018-01-08,15.31,8.0,61.67,28.0,133.02,56.0,0.0,0.0,0.0,0.0
2018-01-09,39.77,12.0,76.18,23.0,111.58,32.0,0.0,0.0,0.0,0.0
2018-01-10,5.1,5.0,49.89,13.0,82.27,22.0,0.0,0.0,0.0,0.0
2018-01-11,15.25,5.0,42.34,12.0,65.5,20.0,0.0,0.0,0.0,0.0
2018-01-12,10.97,6.0,43.88,19.0,70.42,27.0,0.0,0.0,0.0,0.0
2018-01-13,42.57,11.0,117.72,42.0,293.54,88.0,0.0,0.0,0.0,0.0
2018-01-14,29.27,10.0,130.08,39.0,243.48,74.0,0.0,0.0,0.0,0.0
2018-01-15,40.37,11.0,93.24,27.0,156.88,39.0,0.0,0.0,0.0,0.0
2018-01-16,22.23,7.0,65.48,24.0,88.01,32.0,0.0,0.0,0.0,0.0
2018-01-17,15.18,5.0,30.74,9.0,154.36,27.0,0.0,0.0,0.0,0.0
2018-01-18,23.42,10.0,117.5,38.0,257.02,76.0,0.0,0.0,0.0,0.0
2018-01-19,20.25,6.0,75.46,29.0,185.69,68.0,0.0,0.0,0.0,0.0
2018-01-20,6.7,6.0,49.34,16.0,127.71,39.0,0.0,0.0,0.0,0.0
2018-01-21,33.03,9.0,128.87,42.0,181.7,60.0,0.0,0.0,0.0,0.0
2018-01-22,9.03,6.0,113.84,42.0,209.77,73.0,0.0,0.0,0.0,0.0
2018-01-23,0.0,0.0,0.0,0.0,0.0,0.0,0.0,0.0,0.0,0.0
2018-01-24,2.48,1.0,2.48,1.0,30.16,12.0,0.0,0.0,0.0,0.0
2018-01-25,13.81,3.0,17.5,4.0,52.85,15.0,0.0,0.0,0.0,0.0
2018-01-26,0.0,0.0,20.46,6.0,20.46,6.0,0.0,0.0,0.0,0.0
2018-01-27,5.28,2.0,66.38,17.0,170.27,40.0,0.0,0.0,0.0,0.0
2018-01-28,10.97,4.0,100.12,29.0,165.09,44.0,0.0,0.0,0.0,0.0
2018-01-29,3.83,4.0,158.65,46.0,306.57,89.0,0.0,0.0,0.0,0.0
2018-01-30,14.14,5.0,49.58,15.0,135.13,43.0,0.0,0.0,0.0,0.0
2018-01-31,0.63,1.0,36.23,7.0,148.01,26.0,0.0,0.0,0.0,0.0
2018-02-01,23.79,6.0,67.52,18.0,145.74,39.0,0.0,0.0,0.0,0.0
2018-02-02,10.34,4.0,148.65,24.0,202.15,35.0,0.0,0.0,0.0,0.0
2018-02-03,14.34,8.0,85.65,30.0,268.81,69.0,0.0,0.0,0.0,0.0
2018-02-04,13.61,4.0,68.03,22.0,258.72,76.0,0.0,0.0,0.0,0.0
2018-02-05,0.0,0.0,0.0,0.0,0.0,0.0,0.0,0.0,0.0,0.0
2018-02-06,0.0,0.0,2.91,1.0,38.33,9.0,0.0,0.0,0.0,0.0
2018-02-07,10.29,5.0,39.33,14.0,161.36,47.0,0.0,0.0,0.0,0.0
2018-02-08,5.15,6.0,17.9,9.0,158.13,42.0,0.0,0.0,0.0,0.0
2018-02-09,33.57,12.0,151.86,43.0,339.95,98.0,0.0,0.0,0.0,0.0
2018-02-10,14.44,5.0,50.25,13.0,130.79,28.0,0.0,0.0,0.0,0.0
2018-02-11,11.7,2.0,25.43,4.0,33.97,6.0,0.0,0.0,0.0,0.0
2018-02-12,0.5,1.0,1.2,2.0,39.24,3.0,0.0,0.0,0.0,0.0
2018-02-13,13.46,6.0,64.76,24.0,72.38,26.0,0.0,0.0,0.0,0.0
2018-02-14,0.93,1.0,33.77,11.0,150.87,45.0,0.0,0.0,0.0,0.0
2018-02-15,2.12,2.0,29.21,13.0,165.69,39.0,0.0,0.0,0.0,0.0
2018-02-16,7.16,1.0,25.26,5.0,65.6,16.0,0.0,0.0,0.0,0.0
2018-02-17,0.0,0.0,9.52,4.0,23.67,7.0,0.0,0.0,0.0,0.0
2018-02-18,20.25,5.0,29.2,8.0,135.49,28.0,0.0,0.0,0.0,0.0
2018-02-19,14.81,9.0,123.22,30.0,211.91,54.0,0.0,0.0,0.0,0.0
2018-02-20,10.58,3.0,72.34,20.0,226.38,57.0,0.0,0.0,0.0,0.0
2018-02-21,52.48,7.0,123.99,25.0,230.73,51.0,0.0,0.0,0.0,0.0
2018-02-22,0.0,0.0,28.71,8.0,71.3,23.0,0.0,0.0,0.0,0.0
2018-02-23,0.94,1.0,3.87,3.0,12.57,6.0,0.0,0.0,0.0,0.0
2018-02-24,20.54,4.0,28.91,7.0,69.39,17.0,0.0,0.0,0.0,0.0
2018-02-25,6.73,6.0,61.16,20.0,211.96,60.0,0.0,0.0,0.0,0.0
2018-02-26,0.93,1.0,23.03,6.0,113.75,27.0,0.0,0.0,0.0,0.0
2018-02-27,2.68,2.0,6.89,4.0,75.66,19.0,0.0,0.0,0.0,0.0
2018-02-28,10.37,5.0,18.06,8.0,32.52,14.0,0.0,0.0,0.0,0.0
2018-03-01,0.73,1.0,12.13,8.0,66.29,31.0,0.0,0.0,0.0,0.0
2018-03-02,5.41,4.0,16.73,8.0,153.5,40.0,0.0,0.0,0.0,0.0
2018-03-03,5.96,2.0,11.6,3.0,50.33,16.0,0.0,0.0,0.0,0.0
2018-03-04,4.24,1.0,18.57,3.0,38.76,7.0,0.0,0.0,0.0,0.0
2018-03-05,6.75,3.0,22.94,7.0,136.43,24.0,0.0,0.0,0.0,0.0
2018-03-06,1.6,3.0,2.19,4.0,100.43,28.0,0.0,0.0,0.0,0.0
2018-03-07,6.13,6.0,11.84,8.0,107.48,35.0,0.0,0.0,0.0,0.0
2018-03-08,2.9,3.0,24.86,10.0,168.14,52.0,0.0,0.0,0.0,0.0
2018-03-09,4.1,3.0,24.2,10.0,88.98,30.0,0.0,0.0,0.0,0.0
2018-03-10,13.25,5.0,43.64,11.0,85.22,21.0,0.0,0.0,0.0,0.0
2018-03-11,2.6,2.0,5.32,3.0,127.66,34.0,0.0,0.0,0.0,0.0
2018-03-12,19.45,7.0,38.75,9.0,192.17,39.0,0.0,0.0,0.0,0.0
2018-03-13,7.94,3.0,30.62,13.0,144.78,55.0,0.0,0.0,0.0,0.0
2018-03-14,9.06,3.0,19.19,5.0,58.29,20.0,0.0,0.0,0.0,0.0
2018-03-15,0.59,1.0,12.84,4.0,43.63,18.0,0.0,0.0,0.0,0.0
2018-03-16,1.8,2.0,3.52,3.0,105.89,25.0,0.0,0.0,0.0,0.0
2018-03-17,14.1,10.0,42.5,16.0,179.15,47.0,0.0,0.0,0.0,0.0
2018-03-18,4.88,3.0,23.83,10.0,200.23,54.0,0.0,0.0,0.0,0.0
2018-03-19,0.0,0.0,26.33,3.0,160.77,35.0,0.0,0.0,0.0,0.0
2018-03-20,11.93,3.0,31.61,8.0,140.52,38.0,0.0,0.0,0.0,0.0
2018-03-21,0.87,1.0,3.37,2.0,57.99,7.0,0.0,0.0,0.0,0.0
2018-03-22,4.99,6.0,13.69,8.0,30.4,14.0,0.0,0.0,0.0,0.0
2018-03-23,12.38,6.0,16.18,8.0,113.38,30.0,0.0,0.0,0.0,0.0
2018-03-24,11.49,5.0,16.75,7.0,202.88,54.0,0.0,0.0,0.0,0.0
2018-03-25,0.0,0.0,12.36,2.0,118.26,31.0,0.0,0.0,0.0,0.0
2018-03-26,3.72,2.0,6.4,4.0,151.53,35.0,0.0,0.0,0.0,0.0
2018-03-27,13.73,3.0,15.79,5.0,87.46,26.0,0.0,0.0,0.0,0.0
2018-03-28,19.53,6.0,48.05,14.0,379.82,83.0,0.0,0.0,0.0,0.0
2018-03-29,14.79,4.0,23.96,7.0,228.52,77.0,0.0,0.0,0.0,0.0
2018-03-30,17.64,4.0,18.19,5.0,279.63,57.0,0.0,0.0,0.0,0.0
2018-03-31,0.0,0.0,10.63,4.0,73.68,19.0,0.0,0.0,0.0,0.0
2018-04-01,0.79,1.0,9.62,3.0,40.82,13.0,0.0,0.0,0.0,0.0
2018-04-02,0.77,1.0,7.81,3.0,46.58,11.0,0.0,0.0,0.0,0.0
2018-04-03,7.18,4.0,21.85,7.0,170.12,34.0,0.0,0.0,0.0,0.0
2018-04-04,0.5,1.0,16.12,4.0,105.61,30.0,0.0,0.0,0.0,0.0
2018-04-05,0.0,0.0,0.0,0.0,39.92,16.0,0.0,0.0,0.0,0.0
2018-04-06,0.0,0.0,0.0,0.0,43.98,10.0,0.0,0.0,0.0,0.0
2018-04-07,10.99,2.0,14.49,4.0,36.72,16.0,0.0,0.0,0.0,0.0
2018-04-08,10.36,7.0,13.63,10.0,65.91,28.0,0.0,0.0,0.0,0.0
2018-04-09,0.0,0.0,0.0,0.0,0.0,0.0,0.0,0.0,0.0,0.0
2018-04-10,6.14,1.0,34.08,13.0,83.49,26.0,0.0,0.0,0.0,0.0
2018-04-11,0.0,0.0,3.95,1.0,28.44,6.0,0.0,0.0,0.0,0.0
2018-04-12,7.2,5.0,25.09,9.0,34.58,14.0,0.0,0.0,0.0,0.0
2018-04-13,3.81,5.0,52.02,14.0,84.04,25.0,0.0,0.0,0.0,0.0
2018-04-14,16.11,3.0,56.11,13.0,134.54,32.0,0.0,0.0,0.0,0.0
2018-04-15,0.0,0.0,85.89,7.0,280.08,35.0,1.57,0.92,18.56,5.27
2018-04-16,3.02,3.0,255.49,21.0,332.3,37.0,0.5,0.4,2.16,1.96
2018-04-17,1.18,2.0,24.78,9.0,151.75,43.0,5.4,2.48,53.47,16.55
2018-04-18,184.63,16.0,508.93,34.0,1245.75,137.0,388.12,19.57,613.26,31.91
2018-04-19,53.72,12.0,234.17,35.0,802.48,167.0,49.97,12.73,250.43,59.84
2018-04-20,0.0,0.0,15.09,2.0,130.12,28.0,9.55,1.28,15.05,2.55
2018-04-21,4.26,2.0,76.64,16.0,231.65,52.0,33.96,5.28,112.57,17.5
2018-04-22,5.81,2.0,185.43,30.0,483.89,100.0,118.32,15.94,293.02,40.34
2018-04-23,24.83,3.0,164.64,27.0,737.93,120.0,104.18,15.7,351.75,36.4
2018-04-24,81.5,10.0,465.89,47.0,1015.93,178.0,177.19,20.75,360.66,32.06
2018-04-25,74.14,5.0,442.67,37.0,1049.77,201.0,279.74,19.64,280.33,20.16
2018-04-26,5.28,2.0,412.52,64.0,884.1,149.0,23.24,4.4,287.51,56.13
2018-04-27,4.17,2.0,252.89,39.0,433.88,96.0,14.74,3.61,47.54,13.73
2018-04-28,10.34,5.0,201.08,33.0,375.72,88.0,5.51,3.5,24.59,10.48
2018-04-29,165.19,26.0,1054.39,134.0,1676.32,219.0,59.17,7.6,96.29,20.87
2018-04-30,71.55,9.0,897.15,67.0,1385.23,181.0,39.27,5.42,74.12,20.25
2018-05-01,62.12,13.0,320.91,68.0,867.44,193.0,23.32,4.53,61.75,15.65
2018-05-02,9.15,1.0,125.28,24.0,391.51,69.0,2.84,0.75,32.21,7.23
2018-05-03,11.72,4.0,300.8,41.0,525.82,98.0,0.53,0.25,8.31,2.52
2018-05-04,47.62,12.0,584.88,109.0,1830.59,330.0,21.5,4.93,85.07,17.7
2018-05-05,239.93,39.0,1918.49,277.0,4902.3,725.0,1068.4,159.18,3321.4,497.8
2018-05-06,37.82,10.0,295.0,50.0,2326.86,363.0,68.55,10.54,1644.23,240.43
2018-05-07,196.96,22.0,731.01,101.0,2630.41,408.0,259.02,37.06,1269.49,203.64
2018-05-08,85.38,15.0,303.79,46.0,1842.67,381.0,157.63,22.36,1583.29,328.08
2018-05-09,0.0,0.0,165.08,28.0,1299.58,219.0,50.05,11.8,855.6,156.66
2018-05-10,98.49,19.0,977.96,172.0,4242.39,686.0,806.08,142.16,3587.2,563.12
2018-05-11,0.0,0.0,280.79,41.0,2049.04,307.0,239.49,34.07,1374.77,192.91
2018-05-12,36.89,13.0,458.76,88.0,2130.78,378.0,36.43,13.05,209.78,39.39
2018-05-13,39.74,9.0,228.9,52.0,1104.09,252.0,6.95,3.39,159.35,33.69
2018-05-14,0.0,0.0,23.82,8.0,95.59,31.0,8.66,2.56,23.03,8.16
2018-05-15,3.46,1.0,82.65,17.0,405.68,101.0,1.48,0.38,98.27,26.99
2018-05-16,3.96,2.0,17.0,6.0,261.64,80.0,5.0,2.82,56.52,14.21
2018-05-17,11.82,3.0,81.2,14.0,503.41,88.0,21.33,4.48,269.42,47.51
2018-05-18,2.22,1.0,95.65,22.0,307.81,103.0,22.31,4.86,126.92,46.08
2018-05-19,7.48,3.0,55.73,15.0,548.51,118.0,6.17,1.94,129.52,22.59
2018-05-20,18.65,6.0,106.96,27.0,884.58,213.0,46.11,10.72,301.04,65.86
2018-05-21,47.15,9.0,110.77,23.0,1444.94,314.0,34.42,7.41,332.16,68.5
2018-05-22,16.49,3.0,22.75,5.0,817.21,195.0,0.57,0.24,252.15,54.28
2018-05-23,24.85,5.0,85.6,12.0,402.28,85.0,7.84,1.99,137.59,39.44
2018-05-24,7.26,2.0,51.66,10.0,388.01,112.0,6.33,1.92,259.46,77.43
2018-05-25,21.49,3.0,47.17,7.0,609.13,110.0,15.06,2.73,45.15,8.67
2018-05-26,23.19,8.0,70.37,13.0,1360.57,249.0,43.52,7.14,169.7,24.14
2018-05-27,33.07,4.0,33.07,4.0,954.69,234.0,28.37,1.94,41.53,3.13
2018-05-28,4.75,2.0,23.69,6.0,620.8,138.0,13.63,3.36,245.51,58.98
2018-05-29,13.72,5.0,33.11,9.0,334.11,61.0,4.33,1.0,60.81,11.48
2018-05-30,1.92,1.0,1.92,1.0,105.33,30.0,1.71,0.89,5.77,3.01
2018-05-31,2.3,2.0,23.32,7.0,177.16,32.0,16.08,2.94,91.02,8.27
2018-06-01,3.88,2.0,8.54,4.0,43.74,15.0,2.37,1.02,15.51,4.87
2018-06-02,5.22,4.0,5.22,4.0,13.37,7.0,0.21,0.18,0.21,0.18
2018-06-03,5.87,3.0,11.1,6.0,55.02,20.0,4.04,2.19,4.94,2.41
2018-06-04,0.0,0.0,0.0,0.0,24.81,7.0,0.0,0.0,0.02,0.0
2018-06-05,3.05,2.0,3.05,2.0,42.14,11.0,0.0,0.0,24.75,3.97
2018-06-06,6.12,4.0,6.12,4.0,11.24,6.0,0.88,0.98,1.99,1.95
2018-06-07,7.19,2.0,7.19,2.0,18.53,5.0,0.0,0.0,0.32,0.09
2018-06-08,0.0,0.0,0.0,0.0,6.82,2.0,0.0,0.0,0.0,0.0
2018-06-09,0.0,0.0,0.0,0.0,0.0,0.0,0.0,0.0,0.0,0.0
2018-06-10,0.0,0.0,20.16,3.0,33.14,5.0,4.53,0.84,4.53,0.84
2018-06-11,2.01,2.0,8.16,3.0,28.66,11.0,1.97,1.97,6.45,4.61
2018-06-12,0.0,0.0,0.0,0.0,16.47,4.0,0.0,0.0,0.0,0.0
2018-06-13,0.0,0.0,2.25,1.0,16.8,3.0,0.0,0.0,0.0,0.0
2018-06-14,0.0,0.0,0.0,0.0,1.74,1.0,0.0,0.0,0.0,0.0
2018-06-15,0.86,1.0,0.86,1.0,0.86,1.0,0.0,0.0,0.0,0.0
2018-06-16,0.0,0.0,1.43,1.0,7.21,3.0,1.01,0.71,1.01,0.71
2018-06-17,0.0,0.0,0.0,0.0,3.85,1.0,0.0,0.0,0.0,0.0
2018-06-18,6.44,1.0,7.79,2.0,9.14,3.0,5.31,1.55,5.31,1.55
2018-06-19,2.72,2.0,2.72,2.0,14.56,5.0,2.44,1.74,5.24,2.72
2018-06-20,0.0,0.0,13.79,3.0,15.92,4.0,0.0,0.0,2.08,0.98
2018-06-21,4.33,2.0,4.33,2.0,12.59,4.0,0.86,0.36,4.91,1.34
2018-06-22,0.0,0.0,0.0,0.0,21.99,8.0,0.0,0.0,11.07,4.35
2018-06-23,0.0,0.0,0.0,0.0,0.0,0.0,0.0,0.0,0.0,0.0
2018-06-24,0.0,0.0,5.87,2.0,41.48,9.0,0.0,0.0,12.69,1.43
2018-06-25,0.0,0.0,2.59,1.0,8.13,3.0,0.0,0.0,0.0,0.0
2018-06-26,0.0,0.0,0.0,0.0,0.0,0.0,0.0,0.0,0.0,0.0
2018-06-27,5.4,2.0,15.52,4.0,20.25,6.0,0.0,0.0,2.75,1.42
2018-06-28,0.0,0.0,0.0,0.0,0.0,0.0,0.0,0.0,0.0,0.0
2018-06-29,0.0,0.0,0.0,0.0,0.0,0.0,0.0,0.0,0.0,0.0
2018-06-30,0.0,0.0,0.0,0.0,3.68,1.0,0.0,0.0,1.14,0.31
2018-07-01,0.0,0.0,0.0,0.0,0.0,0.0,0.0,0.0,0.0,0.0
2018-07-02,0.0,0.0,0.0,0.0,0.0,0.0,0.0,0.0,0.0,0.0
2018-07-03,11.48,2.0,11.48,2.0,11.48,2.0,8.28,1.45,8.28,1.45
2018-07-04,0.0,0.0,0.0,0.0,0.0,0.0,0.0,0.0,0.0,0.0
2018-07-05,0.0,0.0,0.0,0.0,3.89,1.0,0.0,0.0,0.0,0.0
2018-07-06,1.03,1.0,1.03,1.0,1.03,1.0,0.05,0.05,0.05,0.05
2018-07-07,2.47,1.0,2.47,1.0,2.47,1.0,2.32,0.94,2.32,0.94
2018-07-08,1.78,3.0,1.78,3.0,13.84,6.0,0.51,0.86,7.53,2.38
2018-07-09,0.0,0.0,0.0,0.0,0.0,0.0,0.0,0.0,0.0,0.0
2018-07-10,10.08,1.0,10.08,1.0,15.34,3.0,0.0,0.0,3.35,0.81
2018-07-11,0.0,0.0,0.0,0.0,0.0,0.0,0.0,0.0,0.0,0.0
2018-07-12,0.0,0.0,0.0,0.0,0.0,0.0,0.0,0.0,0.0,0.0
2018-07-13,1.54,1.0,1.54,1.0,1.54,1.0,0.0,0.0,0.0,0.0
2018-07-14,4.92,4.0,4.92,4.0,4.92,4.0,0.0,0.0,0.0,0.0
2018-07-15,0.0,0.0,0.0,0.0,0.0,0.0,0.0,0.0,0.0,0.0
2018-07-16,0.0,0.0,0.0,0.0,0.0,0.0,0.0,0.0,0.0,0.0
2018-07-17,2.29,2.0,2.29,2.0,2.29,2.0,0.0,0.0,0.0,0.0
2018-07-18,0.0,0.0,0.0,0.0,0.0,0.0,0.0,0.0,0.0,0.0
2018-07-19,0.0,0.0,0.0,0.0,0.0,0.0,0.0,0.0,0.0,0.0
2018-07-20,0.0,0.0,0.0,0.0,0.0,0.0,0.0,0.0,0.0,0.0
2018-07-21,0.0,0.0,0.0,0.0,0.0,0.0,0.0,0.0,0.0,0.0
2018-07-22,0.0,0.0,0.0,0.0,0.0,0.0,0.0,0.0,0.0,0.0
2018-07-23,2.27,3.0,2.27,3.0,2.27,3.0,0.0,0.0,0.0,0.0
2018-07-24,1.34,2.0,1.34,2.0,1.34,2.0,0.0,0.0,0.0,0.0
2018-07-25,0.0,0.0,0.0,0.0,0.0,0.0,0.0,0.0,0.0,0.0
2018-07-26,0.0,0.0,0.0,0.0,0.0,0.0,0.0,0.0,0.0,0.0
2018-07-27,0.0,0.0,0.0,0.0,0.0,0.0,0.0,0.0,0.0,0.0
2018-07-28,0.0,0.0,0.0,0.0,0.0,0.0,0.0,0.0,0.0,0.0
2018-07-29,0.0,0.0,0.0,0.0,0.0,0.0,0.0,0.0,0.0,0.0
2018-07-30,0.0,0.0,0.0,0.0,0.0,0.0,0.0,0.0,0.0,0.0
2018-07-31,0.0,0.0,0.0,0.0,0.0,0.0,0.0,0.0,0.0,0.0
2018-08-01,1.3,2.0,1.3,2.0,1.3,2.0,0.59,0.99,0.59,0.99
2018-08-02,0.0,0.0,0.0,0.0,0.0,0.0,0.0,0.0,0.0,0.0
2018-08-03,2.75,3.0,2.75,3.0,2.75,3.0,0.7,0.72,0.7,0.72
2018-08-04,0.0,0.0,0.0,0.0,0.0,0.0,0.0,0.0,0.0,0.0
2018-08-05,0.0,0.0,0.0,0.0,0.0,0.0,0.0,0.0,0.0,0.0
2018-08-06,0.0,0.0,0.0,0.0,0.0,0.0,0.0,0.0,0.0,0.0
2018-08-07,0.0,0.0,0.0,0.0,0.0,0.0,0.0,0.0,0.0,0.0
2018-08-08,0.55,1.0,0.55,1.0,0.55,1.0,0.0,0.0,0.0,0.0
2018-08-09,8.31,4.0,12.17,5.0,15.74,7.0,5.25,1.43,6.9,2.41
2018-08-10,0.0,0.0,0.0,0.0,3.48,1.0,0.0,0.0,0.1,0.03
2018-08-11,0.0,0.0,0.0,0.0,0.0,0.0,0.0,0.0,0.0,0.0
2018-08-12,0.0,0.0,0.0,0.0,0.0,0.0,0.0,0.0,0.0,0.0
2018-08-13,0.0,0.0,0.0,0.0,0.0,0.0,0.0,0.0,0.0,0.0
2018-08-14,0.0,0.0,0.0,0.0,3.27,2.0,0.0,0.0,0.0,0.0
2018-08-15,0.0,0.0,0.0,0.0,0.0,0.0,0.0,0.0,0.0,0.0
2018-08-16,0.0,0.0,0.0,0.0,1.99,1.0,0.0,0.0,0.0,0.0
2018-08-17,0.0,0.0,0.0,0.0,0.0,0.0,0.0,0.0,0.0,0.0
2018-08-18,0.0,0.0,0.0,0.0,1.15,1.0,0.0,0.0,1.04,0.9
2018-08-19,0.0,0.0,0.0,0.0,0.0,0.0,0.0,0.0,0.0,0.0
2018-08-20,0.44,1.0,0.44,1.0,0.44,1.0,0.44,1.0,0.44,1.0
2018-08-21,6.29,1.0,6.29,1.0,6.29,1.0,0.0,0.0,0.0,0.0
2018-08-22,0.0,0.0,0.0,0.0,0.0,0.0,0.0,0.0,0.0,0.0
2018-08-23,0.0,0.0,0.0,0.0,0.0,0.0,0.0,0.0,0.0,0.0
2018-08-24,0.0,0.0,0.0,0.0,0.0,0.0,0.0,0.0,0.0,0.0
2018-08-25,0.0,0.0,0.0,0.0,3.17,1.0,0.0,0.0,0.01,0.0
2018-08-26,0.0,0.0,0.0,0.0,0.0,0.0,0.0,0.0,0.0,0.0
2018-08-27,0.0,0.0,0.0,0.0,0.0,0.0,0.0,0.0,0.0,0.0
2018-08-28,0.0,0.0,0.0,0.0,0.0,0.0,0.0,0.0,0.0,0.0
2018-08-29,0.0,0.0,0.0,0.0,0.0,0.0,0.0,0.0,0.0,0.0
2018-08-30,0.0,0.0,0.0,0.0,3.85,1.0,0.0,0.0,0.0,0.0
2018-08-31,0.0,0.0,0.0,0.0,0.0,0.0,0.0,0.0,0.0,0.0
2018-09-01,0.0,0.0,0.0,0.0,0.0,0.0,0.0,0.0,0.0,0.0
2018-09-02,0.0,0.0,0.0,0.0,0.0,0.0,0.0,0.0,0.0,0.0
2018-09-03,0.0,0.0,0.0,0.0,0.0,0.0,0.0,0.0,0.0,0.0
2018-09-04,0.0,0.0,0.0,0.0,0.0,0.0,0.0,0.0,0.0,0.0
2018-09-05,1.44,1.0,1.44,1.0,1.44,1.0,1.36,0.94,1.36,0.94
2018-09-06,0.0,0.0,0.0,0.0,0.0,0.0,0.0,0.0,0.0,0.0
2018-09-07,0.0,0.0,0.0,0.0,0.0,0.0,0.0,0.0,0.0,0.0
2018-09-08,0.0,0.0,0.0,0.0,0.0,0.0,0.0,0.0,0.0,0.0
2018-09-09,0.0,0.0,0.0,0.0,0.0,0.0,0.0,0.0,0.0,0.0
2018-09-10,0.78,1.0,0.78,1.0,3.82,2.0,0.0,0.0,0.0,0.0
2018-09-11,0.0,0.0,0.0,0.0,1.17,1.0,0.0,0.0,0.0,0.0
2018-09-12,0.0,0.0,0.0,0.0,1.08,1.0,0.0,0.0,0.18,0.17
2018-09-13,0.0,0.0,0.82,1.0,0.82,1.0,0.67,0.81,0.67,0.81
2018-09-14,0.59,1.0,0.59,1.0,9.71,3.0,0.58,0.99,0.85,1.05
2018-09-15,2.63,2.0,2.63,2.0,25.42,8.0,2.51,1.88,16.18,4.37
2018-09-16,0.0,0.0,0.0,0.0,11.0,3.0,0.0,0.0,2.65,0.72
2018-09-17,0.0,0.0,0.0,0.0,0.0,0.0,0.0,0.0,0.0,0.0
2018-09-18,0.79,1.0,0.79,1.0,22.31,4.0,0.0,0.0,15.41,2.07
2018-09-19,0.0,0.0,0.0,0.0,27.92,5.0,0.0,0.0,23.39,4.07
2018-09-20,3.64,1.0,11.32,3.0,60.67,11.0,2.13,0.56,13.54,2.56
2018-09-21,0.0,0.0,6.52,2.0,163.83,37.0,0.0,0.0,0.0,0.0
2018-09-22,0.0,0.0,0.0,0.0,0.0,0.0,0.0,0.0,0.0,0.0
2018-09-23,0.0,0.0,0.0,0.0,0.0,0.0,0.0,0.0,0.0,0.0
2018-09-24,0.0,0.0,0.0,0.0,0.35,1.0,0.0,0.0,0.0,0.0
2018-09-25,0.0,0.0,0.0,0.0,0.0,0.0,0.0,0.0,0.0,0.0
2018-09-26,0.0,0.0,1.94,1.0,1.94,1.0,0.5,0.26,0.5,0.26
2018-09-27,1.25,1.0,1.25,1.0,1.25,1.0,0.75,0.6,0.75,0.6
2018-09-28,0.0,0.0,0.0,0.0,0.0,0.0,0.0,0.0,0.0,0.0
2018-09-29,0.0,0.0,3.45,1.0,3.45,1.0,0.0,0.0,0.0,0.0
2018-09-30,0.0,0.0,11.54,1.0,18.86,2.0,0.0,0.0,3.16,0.43
2018-10-01,4.92,6.0,21.63,9.0,48.54,17.0,4.42,5.42,13.91,8.73
2018-10-02,3.33,1.0,8.46,2.0,82.99,26.0,2.24,0.67,33.13,10.43
2018-10-03,0.0,0.0,2.72,1.0,27.84,7.0,0.0,0.0,6.17,1.53
2018-10-04,1.1,2.0,1.1,2.0,49.44,18.0,0.3,0.99,30.9,11.2
2018-10-05,0.0,0.0,4.68,1.0,120.17,23.0,4.05,0.87,104.21,18.53
2018-10-06,1.87,3.0,26.67,8.0,303.71,71.0,5.01,3.79,214.48,51.39
2018-10-07,9.24,7.0,72.03,29.0,766.06,225.0,13.07,7.35,641.36,178.37
2018-10-08,1.4,1.0,15.39,5.0,193.35,50.0,0.98,0.3,37.24,10.74
2018-10-09,0.0,0.0,16.96,5.0,216.86,51.0,4.65,1.37,33.88,7.91
2018-10-10,0.0,0.0,47.57,8.0,198.3,38.0,2.6,0.52,9.54,2.39
2018-10-11,14.65,3.0,65.1,12.0,382.24,90.0,0.0,0.0,0.5,0.14
2018-10-12,4.98,3.0,82.28,22.0,654.07,176.0,7.23,3.32,268.31,73.44
2018-10-13,1.74,2.0,125.34,26.0,901.07,187.0,31.67,4.28,755.97,150.62
2018-10-14,0.73,2.0,159.1,23.0,915.78,155.0,4.67,1.27,581.02,96.7
2018-10-15,0.0,0.0,81.91,12.0,646.1,124.0,10.53,1.86,418.41,81.11
2018-10-16,1.2,2.0,34.95,6.0,761.06,153.0,5.1,0.67,10.15,1.95
2018-10-17,1.07,2.0,294.38,55.0,1655.97,336.0,21.46,3.89,48.42,11.58
2018-10-18,9.45,5.0,178.58,48.0,1689.65,367.0,1.53,0.99,96.82,32.74
2018-10-19,7.24,2.0,212.53,47.0,1502.92,269.0,0.74,0.24,1132.43,187.28
2018-10-20,0.0,0.0,97.43,19.0,1179.71,214.0,0.0,0.0,783.04,140.33
2018-10-21,7.68,4.0,194.3,30.0,1886.81,289.0,6.88,2.66,1514.2,223.17
2018-10-22,4.91,4.0,330.64,53.0,1312.27,229.0,2.49,3.46,538.34,99.19
2018-10-23,8.32,3.0,183.09,49.0,1612.1,343.0,9.08,4.51,1039.05,213.76
2018-10-24,0.0,0.0,170.28,30.0,1462.82,257.0,0.0,0.0,153.99,35.81
2018-10-25,0.0,0.0,160.05,38.0,1323.33,245.0,0.0,0.0,166.39,33.78
2018-10-26,1.99,3.0,41.91,11.0,1414.77,262.0,0.82,1.52,1077.69,199.79
2018-10-27,11.67,6.0,216.83,48.0,2295.57,340.0,2.33,1.33,1583.39,224.87
2018-10-28,4.27,2.0,512.94,102.0,2978.68,558.0,17.54,4.29,1840.86,330.24
2018-10-29,4.17,2.0,173.94,36.0,1525.01,273.0,2.86,1.45,946.66,150.89
2018-10-30,0.0,0.0,40.14,11.0,716.56,129.0,0.96,0.89,60.07,18.9
2018-10-31,0.0,0.0,277.82,34.0,1760.95,292.0,0.0,0.0,574.05,106.36
2018-11-01,2.92,1.0,137.29,27.0,1787.43,283.0,16.88,3.23,60.72,14.87
2018-11-02,1.98,4.0,225.0,50.0,2362.45,399.0,76.54,16.54,141.46,32.6
2018-11-03,6.2,4.0,165.6,40.0,1519.1,264.0,3.53,0.9,28.64,10.5
2018-11-04,1.75,1.0,42.88,15.0,825.07,133.0,0.0,0.0,500.72,91.28
2018-11-05,0.0,0.0,0.0,0.0,740.77,133.0,0.0,0.0,637.48,108.44
2018-11-06,7.56,10.0,120.66,35.0,1734.6,255.0,12.25,8.19,1366.89,187.27
2018-11-07,44.73,11.0,115.46,32.0,2544.89,432.0,24.83,9.64,1486.23,248.95
2018-11-08,7.27,4.0,45.79,19.0,1960.64,384.0,7.28,3.24,740.98,142.0
2018-11-09,23.33,7.0,64.9,17.0,616.92,136.0,18.43,5.78,509.59,110.3
2018-11-10,4.69,3.0,13.99,5.0,561.01,111.0,2.54,0.95,126.03,25.26
2018-11-11,1.06,2.0,9.78,6.0,517.88,126.0,6.08,2.42,83.1,20.1
2018-11-12,6.8,3.0,40.5,12.0,984.56,150.0,5.88,1.79,19.78,5.2
2018-11-13,15.51,5.0,42.01,15.0,1345.5,256.0,7.47,2.63,10.1,4.11
2018-11-14,1.35,1.0,11.41,6.0,1073.17,159.0,4.53,3.22,21.18,7.32
2018-11-15,0.0,0.0,8.67,4.0,360.46,70.0,1.03,1.41,306.41,55.71
2018-11-16,7.05,3.0,25.81,7.0,565.21,98.0,0.56,0.87,457.13,77.45
2018-11-17,7.79,3.0,49.44,10.0,473.37,103.0,44.2,8.89,417.91,89.46
2018-11-18,9.32,4.0,66.65,19.0,626.01,145.0,3.25,1.47,9.14,4.04
2018-11-19,0.46,1.0,1.17,2.0,307.49,66.0,0.0,0.0,3.43,2.48
2018-11-20,17.02,4.0,91.57,17.0,274.73,53.0,44.74,5.89,188.78,32.09
2018-11-21,0.0,0.0,0.0,0.0,247.57,42.0,0.0,0.0,160.5,27.18
2018-11-22,0.64,1.0,54.85,17.0,346.16,52.0,11.15,3.93,218.89,26.68
2018-11-23,1.04,2.0,37.73,14.0,334.0,81.0,31.34,11.4,278.1,62.38
2018-11-24,5.63,3.0,120.18,19.0,284.49,70.0,59.51,5.98,162.71,32.72
2018-11-25,7.3,2.0,54.73,18.0,177.69,51.0,29.78,9.5,94.0,26.41
2018-11-26,2.93,1.0,16.56,4.0,52.19,15.0,3.01,1.05,18.77,4.87
2018-11-27,11.88,3.0,39.61,11.0,59.51,15.0,12.31,4.2,24.15,5.8
2018-11-28,18.38,6.0,89.27,23.0,157.64,45.0,45.61,10.91,71.41,19.55
2018-11-29,47.22,10.0,145.64,44.0,220.31,70.0,27.3,8.36,42.87,13.27
2018-11-30,7.82,3.0,65.17,16.0,155.68,47.0,17.24,4.64,50.14,14.4
2018-12-01,4.19,2.0,34.92,11.0,112.07,30.0,10.96,3.14,45.57,8.3
2018-12-02,3.82,1.0,24.0,8.0,64.07,21.0,9.71,3.33,24.59,8.51
2018-12-03,0.0,0.0,41.44,10.0,82.59,25.0,18.49,4.35,40.7,12.09
2018-12-04,15.75,8.0,175.48,47.0,262.95,72.0,52.26,15.26,95.95,25.46
2018-12-05,9.87,6.0,130.28,46.0,253.9,93.0,24.54,8.98,82.83,29.82
2018-12-06,15.68,5.0,61.93,21.0,123.5,48.0,31.73,9.9,70.66,27.72
2018-12-07,9.0,4.0,54.09,20.0,115.44,40.0,24.1,9.2,50.07,17.56
2018-12-08,14.93,6.0,45.68,17.0,120.87,44.0,18.76,7.04,52.23,18.29
2018-12-09,43.54,10.0,178.55,43.0,321.88,77.0,84.66,20.88,139.76,32.45
2018-12-10,30.09,10.0,129.03,43.0,221.65,80.0,39.22,14.47,67.11,26.12
2018-12-11,9.0,3.0,70.77,19.0,153.26,40.0,19.46,6.03,46.82,14.08
2018-12-12,5.19,1.0,6.91,2.0,6.91,2.0,5.75,1.52,5.75,1.52
2018-12-13,2.68,2.0,17.53,8.0,29.17,13.0,1.79,0.99,4.79,1.77
2018-12-14,31.52,11.0,63.29,23.0,140.67,45.0,18.45,7.12,38.29,12.32
2018-12-15,17.78,7.0,160.45,62.0,294.53,110.0,43.94,14.12,82.78,28.61
2018-12-16,37.47,11.0,143.42,52.0,304.04,100.0,35.86,13.66,107.05,31.25
2018-12-17,0.93,1.0,20.9,9.0,72.67,28.0,14.04,6.58,47.35,18.73
2018-12-18,39.82,11.0,47.22,14.0,85.69,32.0,4.81,2.09,19.08,7.24
2018-12-19,36.74,8.0,97.67,23.0,170.0,45.0,16.27,4.08,35.79,8.13
2018-12-20,51.94,20.0,182.98,59.0,335.17,104.0,53.86,18.11,101.71,33.26
2018-12-21,36.16,13.0,131.08,47.0,221.9,80.0,25.26,8.37,43.09,12.63
2018-12-22,17.67,7.0,131.25,42.0,188.4,61.0,25.05,11.89,40.17,15.41
2018-12-23,24.79,7.0,78.82,17.0,144.46,35.0,7.71,1.46,13.65,4.89
2018-12-24,26.02,10.0,66.31,24.0,141.56,53.0,32.29,9.99,60.06,19.75
2018-12-25,8.76,4.0,48.52,13.0,193.83,47.0,3.7,1.68,35.53,8.13
2018-12-26,24.97,9.0,103.97,38.0,228.15,75.0,39.01,13.03,110.79,32.76
2018-12-27,27.31,8.0,119.28,31.0,187.07,57.0,59.43,15.4,95.01,28.94
2018-12-28,3.46,2.0,13.38,6.0,27.03,12.0,3.54,1.95,10.61,5.59
2018-12-29,13.61,3.0,82.39,25.0,106.5,33.0,11.4,4.4,24.92,8.31
2018-12-30,25.34,8.0,110.42,33.0,211.22,59.0,37.22,10.6,82.19,22.1
2018-12-31,24.48,12.0,120.39,41.0,217.32,71.0,25.3,9.2,35.21,13.02
2019-01-01,29.73,9.0,89.75,32.0,188.43,66.0,25.3,7.98,54.96,19.12
2019-01-02,0.0,0.0,40.51,11.0,111.57,35.0,18.98,5.28,62.54,21.29
2019-01-03,0.0,0.0,30.26,8.0,64.63,19.0,7.36,2.29,22.76,5.81
2019-01-04,0.55,1.0,7.15,2.0,7.15,2.0,5.21,1.68,5.21,1.68
2019-01-05,6.92,3.0,41.11,17.0,86.01,30.0,20.98,7.03,49.67,14.34
2019-01-06,5.39,2.0,15.64,7.0,60.92,19.0,12.71,5.75,35.57,10.76
2019-01-07,5.11,1.0,21.22,9.0,47.83,16.0,4.79,2.98,14.62,6.26
2019-01-08,3.17,4.0,6.81,5.0,10.62,8.0,2.56,3.24,2.9,3.91
2019-01-09,16.37,6.0,40.54,14.0,89.36,27.0,1.39,0.78,2.49,1.07
2019-01-10,27.5,9.0,38.86,12.0,95.38,24.0,3.21,2.85,17.25,7.17
2019-01-11,40.06,17.0,128.28,44.0,226.22,76.0,37.93,13.46,63.33,19.76
2019-01-12,30.82,6.0,64.96,16.0,130.28,34.0,17.75,4.41,33.04,7.95
2019-01-13,8.97,5.0,27.19,10.0,63.89,19.0,22.89,8.3,41.31,14.57
2019-01-14,11.32,3.0,34.46,9.0,156.47,33.0,18.26,5.42,28.84,9.29
2019-01-15,0.0,0.0,1.09,2.0,2.62,3.0,0.19,0.33,0.19,0.33
2019-01-16,7.22,1.0,22.27,8.0,37.46,15.0,4.31,1.62,6.33,2.62
2019-01-17,41.41,12.0,124.2,34.0,169.7,53.0,38.66,12.72,53.95,18.06
2019-01-18,0.0,0.0,7.94,2.0,60.56,13.0,0.95,0.23,4.72,0.97
2019-01-19,3.91,1.0,18.19,5.0,29.15,9.0,7.34,2.43,8.4,2.99
2019-01-20,13.73,2.0,46.07,9.0,96.88,22.0,5.12,1.4,16.97,4.9
2019-01-21,0.0,0.0,48.14,2.0,52.89,4.0,0.0,0.0,0.0,0.0
2019-01-22,0.0,0.0,0.0,0.0,0.0,0.0,0.0,0.0,0.0,0.0
2019-01-23,0.0,0.0,0.0,0.0,0.0,0.0,0.0,0.0,0.0,0.0
2019-01-24,0.0,0.0,0.0,0.0,0.0,0.0,0.0,0.0,0.0,0.0
2019-01-25,0.0,0.0,0.0,0.0,8.2,4.0,0.0,0.0,4.38,1.5
2019-01-26,9.63,4.0,28.31,9.0,59.2,20.0,16.52,5.09,19.77,6.33
2019-01-27,0.0,0.0,25.75,9.0,75.26,23.0,8.95,4.51,33.49,10.13
2019-01-28,16.04,3.0,71.22,14.0,140.73,28.0,6.0,1.39,36.27,4.68
2019-01-29,5.48,3.0,33.39,10.0,85.44,27.0,21.04,6.49,31.96,10.03
2019-01-30,0.0,0.0,2.37,1.0,2.37,1.0,0.0,0.0,0.0,0.0
2019-01-31,9.18,3.0,26.53,7.0,42.46,9.0,0.41,0.09,14.36,1.84
2019-02-01,2.57,1.0,43.06,12.0,94.99,29.0,17.5,6.03,41.91,14.17
2019-02-02,9.35,2.0,64.05,18.0,153.02,47.0,13.52,3.59,28.36,7.48
2019-02-03,0.0,0.0,3.24,1.0,15.68,6.0,0.0,0.0,10.78,3.17
2019-02-04,10.76,3.0,36.64,12.0,55.96,20.0,10.12,3.28,16.83,5.59
2019-02-05,0.0,0.0,20.15,4.0,53.12,16.0,10.94,1.88,26.37,8.21
2019-02-06,9.68,4.0,50.76,18.0,153.42,38.0,0.69,0.4,22.24,4.8
2019-02-07,0.0,0.0,0.0,0.0,0.0,0.0,0.0,0.0,0.0,0.0
2019-02-08,0.7,2.0,0.7,2.0,0.7,2.0,0.28,0.79,0.28,0.79
2019-02-09,0.0,0.0,0.0,0.0,16.6,4.0,0.0,0.0,3.31,1.45
2019-02-10,1.97,1.0,21.31,4.0,39.21,7.0,6.72,0.99,17.56,2.94
2019-02-11,5.06,2.0,34.81,9.0,88.32,19.0,13.11,3.92,22.51,5.9
2019-02-12,18.53,1.0,35.94,9.0,112.73,26.0,14.84,5.24,26.12,8.95
2019-02-13,0.0,0.0,13.07,3.0,22.23,6.0,0.0,0.0,0.11,0.05
2019-02-14,0.0,0.0,0.0,0.0,1.64,1.0,0.0,0.0,1.64,1.0
2019-02-15,0.0,0.0,0.0,0.0,0.0,0.0,0.0,0.0,0.0,0.0
2019-02-16,0.0,0.0,0.0,0.0,7.47,2.0,0.0,0.0,4.38,0.62
2019-02-17,4.21,2.0,19.81,7.0,25.87,10.0,10.1,3.07,11.58,3.79
2019-02-18,0.0,0.0,7.74,3.0,58.29,14.0,0.0,0.0,7.52,2.2
2019-02-19,0.0,0.0,8.3,2.0,30.14,7.0,3.4,0.94,3.43,0.95
2019-02-20,0.0,0.0,0.0,0.0,0.0,0.0,0.0,0.0,0.0,0.0
2019-02-21,0.32,1.0,1.24,2.0,12.09,5.0,0.0,0.0,0.14,0.04
2019-02-22,8.6,4.0,46.75,17.0,106.11,37.0,17.8,6.22,35.7,13.23
2019-02-23,12.66,5.0,39.6,15.0,170.95,56.0,12.49,5.18,28.44,11.34
2019-02-24,12.88,9.0,92.57,36.0,228.79,54.0,47.87,16.17,118.93,29.83
2019-02-25,10.72,2.0,65.32,10.0,129.32,31.0,37.35,4.55,46.72,9.23
2019-02-26,0.0,0.0,0.0,0.0,7.32,1.0,0.0,0.0,0.0,0.0
2019-02-27,0.57,1.0,23.06,5.0,40.86,8.0,21.13,3.77,33.75,5.55
2019-02-28,13.46,7.0,38.15,17.0,82.69,35.0,22.28,9.16,51.38,20.6
2019-03-01,18.2,4.0,42.05,10.0,98.33,21.0,17.56,4.88,29.43,8.17
2019-03-02,0.0,0.0,0.0,0.0,0.0,0.0,0.0,0.0,0.0,0.0
2019-03-03,0.0,0.0,0.0,0.0,0.0,0.0,0.0,0.0,0.0,0.0
2019-03-04,4.58,5.0,22.1,11.0,25.37,13.0,10.1,5.25,11.63,6.54
2019-03-05,2.82,2.0,36.03,13.0,83.1,30.0,8.91,4.59,16.39,8.41
2019-03-06,8.39,5.0,51.43,16.0,156.42,37.0,17.27,6.44,30.29,9.43
2019-03-07,5.58,3.0,25.48,7.0,132.21,25.0,12.38,2.16,53.08,6.77
2019-03-08,0.0,0.0,49.15,3.0,61.21,7.0,35.17,2.15,39.1,3.36
2019-03-09,11.7,5.0,122.87,12.0,151.46,21.0,18.47,4.28,26.98,5.73
2019-03-10,2.87,3.0,46.75,15.0,140.97,34.0,21.87,7.13,57.03,16.73
2019-03-11,2.65,2.0,16.29,6.0,38.99,12.0,11.42,2.81,23.16,6.1
2019-03-12,0.0,0.0,12.24,3.0,26.55,7.0,6.59,1.47,17.63,4.43
2019-03-13,0.0,0.0,0.55,1.0,1.34,2.0,0.5,0.9,1.18,1.77
2019-03-14,0.73,2.0,1.26,3.0,10.72,6.0,0.53,1.46,3.88,2.54
2019-03-15,3.07,5.0,15.22,10.0,74.03,30.0,4.93,4.99,27.18,11.15
2019-03-16,1.04,1.0,16.35,4.0,38.11,11.0,2.31,1.23,8.18,3.29
2019-03-17,11.46,3.0,44.27,8.0,93.43,26.0,19.08,3.46,38.93,8.73
2019-03-18,26.15,7.0,32.27,9.0,68.36,20.0,10.34,2.79,18.55,5.7
2019-03-19,19.7,5.0,34.42,9.0,55.21,13.0,20.47,5.04,21.31,5.38
2019-03-20,0.96,2.0,8.31,6.0,50.41,29.0,1.66,1.23,12.74,13.13
2019-03-21,0.0,0.0,42.93,11.0,63.23,15.0,12.26,4.68,22.4,6.46
2019-03-22,3.09,1.0,52.17,12.0,93.96,24.0,27.22,5.28,33.56,6.8
2019-03-23,11.7,4.0,11.7,4.0,45.67,14.0,2.16,1.89,10.42,3.54
2019-03-24,0.0,0.0,0.0,0.0,24.07,8.0,0.0,0.0,9.03,2.6
2019-03-25,0.0,0.0,16.31,4.0,26.55,8.0,7.83,1.82,8.01,2.33
2019-03-26,3.52,4.0,8.98,6.0,32.63,15.0,2.36,2.5,2.84,2.96
2019-03-27,2.94,5.0,17.53,7.0,47.29,17.0,11.31,3.85,18.34,6.11
2019-03-28,0.0,0.0,9.47,2.0,35.71,9.0,0.09,0.02,13.09,2.15
2019-03-29,18.47,4.0,23.32,5.0,38.6,9.0,5.51,2.2,14.57,3.91
2019-03-30,1.85,1.0,3.25,2.0,30.66,7.0,0.24,0.16,3.24,0.46
2019-03-31,1.53,3.0,36.6,7.0,64.1,18.0,30.5,4.01,49.12,7.91
2019-04-01,14.64,5.0,26.47,9.0,75.44,24.0,11.29,2.65,22.35,5.75
2019-04-02,0.0,0.0,0.44,1.0,237.24,25.0,0.0,0.0,44.65,11.96
2019-04-03,1.89,2.0,16.74,7.0,43.7,13.0,4.36,1.92,9.1,3.8
2019-04-04,7.59,3.0,29.46,6.0,35.59,8.0,3.01,1.12,5.09,1.81
2019-04-05,2.5,2.0,4.21,3.0,69.41,13.0,1.56,0.95,50.49,8.42
2019-04-06,5.25,1.0,10.26,3.0,38.65,11.0,0.16,0.06,25.68,6.69
2019-04-07,8.12,2.0,8.12,2.0,17.68,6.0,7.89,1.94,14.35,4.51
2019-04-08,3.41,1.0,9.46,4.0,24.32,6.0,0.25,0.35,14.92,2.31
2019-04-09,0.0,0.0,1.65,1.0,55.1,16.0,1.05,0.64,28.74,8.19
2019-04-10,0.0,0.0,2.41,1.0,86.28,11.0,2.18,0.9,4.82,1.18
2019-04-11,8.18,3.0,29.26,10.0,70.27,16.0,3.79,2.25,9.93,3.36
2019-04-12,0.47,1.0,3.8,4.0,22.03,9.0,1.91,1.57,9.5,3.32
2019-04-13,1.06,2.0,10.95,6.0,59.41,16.0,5.65,2.64,15.16,4.63
2019-04-14,0.0,0.0,8.11,6.0,20.32,15.0,1.49,2.05,6.85,5.61
2019-04-15,1.01,1.0,1.01,1.0,32.56,10.0,0.0,0.0,0.79,0.4
2019-04-16,0.0,0.0,0.0,0.0,0.0,0.0,0.0,0.0,0.0,0.0
2019-04-17,0.0,0.0,2.89,2.0,2.89,2.0,0.0,0.0,0.0,0.0
2019-04-18,0.53,1.0,0.53,1.0,4.36,2.0,0.38,0.72,3.16,1.44
2019-04-19,0.0,0.0,19.67,7.0,25.09,10.0,2.27,1.11,2.27,1.11
2019-04-20,0.0,0.0,24.03,4.0,49.13,9.0,6.05,1.15,12.9,2.18
2019-04-21,35.08,4.0,35.08,4.0,109.0,21.0,14.6,1.74,28.71,6.63
2019-04-22,23.52,6.0,60.91,14.0,196.83,27.0,13.52,3.4,97.35,7.34
2019-04-23,0.0,0.0,18.4,5.0,74.86,23.0,0.0,0.0,23.89,9.25
2019-04-24,59.61,4.0,160.68,13.0,173.52,18.0,7.16,0.8,13.8,3.35
2019-04-25,10.86,2.0,79.28,14.0,143.96,25.0,0.0,0.0,13.1,5.2
2019-04-26,13.39,2.0,380.11,32.0,725.88,83.0,257.77,19.53,337.99,29.64
2019-04-27,92.47,13.0,1406.52,106.0,6707.73,328.0,756.53,59.52,5721.82,228.83
2019-04-28,0.9,1.0,171.53,18.0,2376.05,107.0,159.51,10.21,2105.9,68.99
2019-04-29,52.13,6.0,283.07,29.0,494.7,78.0,53.24,6.7,177.25,32.99
2019-04-30,4.77,3.0,547.11,73.0,1287.42,192.0,53.67,11.29,83.46,16.54
2019-05-01,58.75,14.0,342.93,69.0,581.39,138.0,15.56,3.46,72.05,25.33
2019-05-02,0.0,0.0,307.69,37.0,699.68,103.0,30.22,3.8,172.08,31.33
2019-05-03,25.84,4.0,100.77,19.0,273.63,70.0,51.93,8.7,129.46,33.18
2019-05-04,155.84,10.0,1915.64,154.0,3229.39,305.0,1281.28,97.89,2366.4,210.5
2019-05-05,212.79,49.0,1640.15,267.0,4382.06,553.0,1092.9,172.86,3024.53,376.35
2019-05-06,241.32,32.0,3013.79,316.0,5947.0,672.0,2444.03,242.75,4889.83,506.08
2019-05-07,84.0,23.0,1616.2,242.0,4323.61,518.0,1205.09,169.11,3009.72,313.03
2019-05-08,242.42,40.0,1883.38,298.0,4397.48,756.0,1281.79,217.17,2667.17,411.98
2019-05-09,109.82,21.0,1183.23,146.0,4673.5,544.0,818.95,94.35,2504.59,244.4
2019-05-10,139.7,30.0,1131.52,192.0,4207.44,672.0,811.23,125.36,2916.12,396.56
2019-05-11,108.38,14.0,756.39,121.0,2341.04,461.0,440.07,73.92,1502.29,263.19
2019-05-12,44.49,10.0,349.6,71.0,2165.13,459.0,282.17,55.63,1567.03,312.32
2019-05-13,196.01,22.0,1138.16,144.0,5506.08,625.0,602.13,90.2,4130.19,460.28
2019-05-14,46.06,8.0,120.32,24.0,484.14,102.0,44.79,10.69,265.84,53.43
2019-05-15,5.15,2.0,74.89,18.0,292.19,65.0,0.0,0.0,66.83,14.42
2019-05-16,45.2,9.0,158.63,37.0,761.99,158.0,79.09,17.83,581.22,117.2
2019-05-17,69.1,13.0,504.39,61.0,1329.41,190.0,411.67,38.89,1045.39,123.28
2019-05-18,38.59,10.0,181.37,35.0,1647.91,297.0,101.65,22.55,1097.61,187.48
2019-05-19,44.41,5.0,216.33,34.0,1096.34,216.0,144.56,20.97,599.88,102.02
2019-05-20,121.43,11.0,388.99,65.0,771.62,139.0,235.06,43.67,447.48,81.93
2019-05-21,12.74,5.0,161.89,45.0,932.52,221.0,117.8,30.06,438.14,109.63
2019-05-22,0.0,0.0,113.38,14.0,813.97,157.0,16.75,3.25,65.87,13.69
2019-05-23,14.94,4.0,120.35,26.0,367.87,63.0,77.88,16.85,209.62,37.79
2019-05-24,0.73,1.0,2.26,2.0,121.54,29.0,0.21,0.14,36.36,12.5
2019-05-25,40.49,8.0,109.34,23.0,986.19,130.0,66.68,14.0,344.15,68.92
2019-05-26,30.0,4.0,144.0,15.0,708.03,97.0,59.56,8.36,381.1,48.48
2019-05-27,38.83,7.0,139.13,25.0,852.0,155.0,92.87,17.25,261.65,50.26
2019-05-28,68.41,11.0,132.75,22.0,548.3,98.0,65.95,9.17,123.65,19.46
2019-05-29,15.95,3.0,93.2,15.0,533.12,109.0,24.48,4.26,120.11,19.99
2019-05-30,0.0,0.0,0.0,0.0,330.54,63.0,0.0,0.0,56.86,8.34
2019-05-31,0.0,0.0,6.55,1.0,264.99,42.0,4.38,0.67,66.51,11.49
2019-06-01,7.87,1.0,30.25,6.0,240.99,43.0,6.72,0.86,33.93,6.22
2019-06-02,2.67,1.0,51.19,5.0,116.67,22.0,0.29,0.09,5.8,2.42
2019-06-03,0.46,1.0,108.66,7.0,180.12,28.0,37.9,2.58,40.4,4.1
2019-06-04,8.49,3.0,8.49,3.0,72.66,16.0,0.0,0.0,23.51,3.26
2019-06-05,2.48,1.0,27.23,6.0,56.43,14.0,0.97,0.29,1.04,0.41
2019-06-06,31.4,5.0,44.51,11.0,55.48,14.0,0.01,0.01,6.68,0.97
2019-06-07,0.0,0.0,5.87,1.0,54.03,11.0,0.0,0.0,8.84,1.42
2019-06-08,0.0,0.0,15.75,2.0,84.16,21.0,15.5,1.97,46.91,8.07
2019-06-09,0.0,0.0,6.5,1.0,86.28,30.0,4.26,0.66,35.84,12.54
2019-06-10,5.83,1.0,7.61,2.0,116.34,20.0,0.0,0.0,2.28,0.52
2019-06-11,0.0,0.0,2.49,1.0,39.41,11.0,0.0,0.0,12.48,3.17
2019-06-12,0.0,0.0,0.0,0.0,11.99,4.0,0.0,0.0,2.17,0.53
2019-06-13,2.08,1.0,7.74,3.0,34.32,12.0,3.16,1.67,3.16,1.67
2019-06-14,18.13,5.0,25.91,7.0,130.91,36.0,6.37,2.56,13.34,3.74
2019-06-15,0.0,0.0,0.0,0.0,151.98,34.0,0.0,0.0,2.74,0.49
2019-06-16,0.0,0.0,0.0,0.0,0.94,1.0,0.0,0.0,0.0,0.0
2019-06-17,0.0,0.0,0.0,0.0,5.39,2.0,0.0,0.0,0.0,0.0
2019-06-18,0.57,1.0,0.57,1.0,2.42,2.0,0.0,0.0,0.0,0.0
2019-06-19,7.9,2.0,19.93,3.0,22.14,5.0,7.71,0.64,7.71,0.64
2019-06-20,1.35,1.0,2.67,2.0,14.94,8.0,1.14,0.86,1.14,0.86
2019-06-21,0.0,0.0,0.0,0.0,5.43,3.0,0.0,0.0,2.21,1.43
2019-06-22,3.56,2.0,3.56,2.0,48.74,13.0,3.15,1.72,12.05,4.63
2019-06-23,0.0,0.0,0.0,0.0,30.35,7.0,0.0,0.0,6.42,1.32
2019-06-24,0.0,0.0,1.69,1.0,23.31,5.0,1.05,0.62,1.75,0.69
2019-06-25,0.0,0.0,5.74,2.0,29.19,6.0,3.93,1.11,24.16,4.27
2019-06-26,0.0,0.0,6.78,2.0,12.48,4.0,6.77,2.0,8.34,3.14
2019-06-27,7.66,2.0,7.66,2.0,12.11,4.0,0.0,0.0,0.0,0.0
2019-06-28,0.0,0.0,6.75,2.0,30.87,7.0,0.0,0.0,0.61,0.19
2019-06-29,0.0,0.0,17.94,4.0,50.28,11.0,6.65,1.78,9.43,3.23
2019-06-30,4.84,2.0,15.96,4.0,40.31,8.0,0.77,0.18,0.78,0.18
2019-07-01,0.0,0.0,0.0,0.0,0.0,0.0,0.0,0.0,0.0,0.0
2019-07-02,0.0,0.0,0.0,0.0,3.69,2.0,0.0,0.0,0.0,0.0
2019-07-03,4.81,1.0,9.62,2.0,15.28,4.0,0.0,0.0,0.0,0.0
2019-07-04,0.0,0.0,0.0,0.0,0.0,0.0,0.0,0.0,0.0,0.0
2019-07-05,0.0,0.0,0.0,0.0,0.0,0.0,0.0,0.0,0.0,0.0
2019-07-06,0.0,0.0,0.0,0.0,0.0,0.0,0.0,0.0,0.0,0.0
2019-07-07,0.0,0.0,0.0,0.0,0.0,0.0,0.0,0.0,0.0,0.0
2019-07-08,0.0,0.0,0.0,0.0,0.0,0.0,0.0,0.0,0.0,0.0
2019-07-09,0.0,0.0,0.0,0.0,0.0,0.0,0.0,0.0,0.0,0.0
2019-07-10,0.0,0.0,0.0,0.0,0.0,0.0,0.0,0.0,0.0,0.0
2019-07-11,0.0,0.0,0.0,0.0,4.86,2.0,0.0,0.0,0.0,0.0
2019-07-12,0.0,0.0,0.0,0.0,0.0,0.0,0.0,0.0,0.0,0.0
2019-07-13,0.0,0.0,0.0,0.0,0.0,0.0,0.0,0.0,0.0,0.0
2019-07-14,0.0,0.0,0.0,0.0,0.0,0.0,0.0,0.0,0.0,0.0
2019-07-15,0.0,0.0,0.0,0.0,0.0,0.0,0.0,0.0,0.0,0.0
2019-07-16,0.0,0.0,0.0,0.0,0.0,0.0,0.0,0.0,0.0,0.0
2019-07-17,0.0,0.0,0.0,0.0,0.0,0.0,0.0,0.0,0.0,0.0
2019-07-18,0.0,0.0,0.0,0.0,2.59,1.0,0.0,0.0,0.0,0.0
2019-07-19,0.0,0.0,0.0,0.0,0.0,0.0,0.0,0.0,0.0,0.0
2019-07-20,1.73,2.0,2.78,3.0,2.78,3.0,0.0,0.0,0.0,0.0
2019-07-21,0.0,0.0,0.0,0.0,1.33,1.0,0.0,0.0,0.0,0.0
2019-07-22,0.0,0.0,2.75,1.0,2.75,1.0,0.0,0.0,0.0,0.0
2019-07-23,0.0,0.0,0.0,0.0,6.81,1.0,0.0,0.0,6.81,1.0
2019-07-24,0.0,0.0,0.0,0.0,0.0,0.0,0.0,0.0,0.0,0.0
2019-07-25,0.0,0.0,0.0,0.0,0.0,0.0,0.0,0.0,0.0,0.0
2019-07-26,0.0,0.0,0.0,0.0,0.0,0.0,0.0,0.0,0.0,0.0
2019-07-27,0.0,0.0,0.0,0.0,0.0,0.0,0.0,0.0,0.0,0.0
2019-07-28,0.0,0.0,0.0,0.0,0.0,0.0,0.0,0.0,0.0,0.0
2019-07-29,0.0,0.0,0.0,0.0,0.0,0.0,0.0,0.0,0.0,0.0
2019-07-30,0.0,0.0,0.0,0.0,0.0,0.0,0.0,0.0,0.0,0.0
2019-07-31,0.0,0.0,0.0,0.0,0.0,0.0,0.0,0.0,0.0,0.0
2019-08-01,0.0,0.0,0.0,0.0,0.0,0.0,0.0,0.0,0.0,0.0
2019-08-02,0.0,0.0,0.0,0.0,0.0,0.0,0.0,0.0,0.0,0.0
2019-08-03,0.0,0.0,0.0,0.0,0.0,0.0,0.0,0.0,0.0,0.0
2019-08-04,0.0,0.0,0.0,0.0,2.68,1.0,0.0,0.0,0.0,0.0
2019-08-05,0.0,0.0,0.0,0.0,0.0,0.0,0.0,0.0,0.0,0.0
2019-08-06,0.0,0.0,0.0,0.0,0.0,0.0,0.0,0.0,0.0,0.0
2019-08-07,0.0,0.0,0.0,0.0,0.0,0.0,0.0,0.0,0.0,0.0
2019-08-08,0.0,0.0,0.0,0.0,3.94,1.0,0.0,0.0,0.0,0.0
2019-08-09,2.74,2.0,2.74,2.0,7.26,3.0,0.0,0.0,0.45,0.1
2019-08-10,1.5,1.0,1.5,1.0,1.5,1.0,0.0,0.0,0.0,0.0
2019-08-11,0.0,0.0,0.0,0.0,0.0,0.0,0.0,0.0,0.0,0.0
2019-08-12,0.0,0.0,0.0,0.0,0.0,0.0,0.0,0.0,0.0,0.0
2019-08-13,0.0,0.0,0.0,0.0,0.0,0.0,0.0,0.0,0.0,0.0
2019-08-14,0.0,0.0,0.0,0.0,0.0,0.0,0.0,0.0,0.0,0.0
2019-08-15,0.0,0.0,0.0,0.0,0.0,0.0,0.0,0.0,0.0,0.0
2019-08-16,0.0,0.0,0.0,0.0,0.0,0.0,0.0,0.0,0.0,0.0
2019-08-17,0.0,0.0,0.0,0.0,0.0,0.0,0.0,0.0,0.0,0.0
2019-08-18,0.0,0.0,0.0,0.0,0.0,0.0,0.0,0.0,0.0,0.0
2019-08-19,0.0,0.0,0.0,0.0,0.0,0.0,0.0,0.0,0.0,0.0
2019-08-20,0.0,0.0,0.0,0.0,0.0,0.0,0.0,0.0,0.0,0.0
2019-08-21,0.0,0.0,0.0,0.0,2.18,1.0,0.0,0.0,1.23,0.57
2019-08-22,1.63,2.0,1.63,2.0,1.63,2.0,0.0,0.0,0.0,0.0
2019-08-23,0.0,0.0,0.0,0.0,2.89,2.0,0.0,0.0,0.0,0.0
2019-08-24,0.0,0.0,0.0,0.0,0.0,0.0,0.0,0.0,0.0,0.0
2019-08-25,18.65,6.0,18.65,6.0,18.65,6.0,4.05,1.3,4.05,1.3
2019-08-26,0.0,0.0,0.0,0.0,0.0,0.0,0.0,0.0,0.0,0.0
2019-08-27,0.0,0.0,0.0,0.0,0.0,0.0,0.0,0.0,0.0,0.0
2019-08-28,0.0,0.0,0.0,0.0,0.0,0.0,0.0,0.0,0.0,0.0
2019-08-29,0.0,0.0,0.0,0.0,0.0,0.0,0.0,0.0,0.0,0.0
2019-08-30,0.0,0.0,0.0,0.0,4.74,1.0,0.0,0.0,0.0,0.0
2019-08-31,0.0,0.0,0.0,0.0,0.0,0.0,0.0,0.0,0.0,0.0
2019-09-01,0.0,0.0,0.0,0.0,0.0,0.0,0.0,0.0,0.0,0.0
2019-09-02,2.25,2.0,2.25,2.0,8.57,4.0,0.06,0.09,0.06,0.09
2019-09-03,0.0,0.0,0.0,0.0,7.11,3.0,0.0,0.0,1.07,1.15
2019-09-04,0.0,0.0,0.0,0.0,0.0,0.0,0.0,0.0,0.0,0.0
2019-09-05,0.0,0.0,0.0,0.0,0.0,0.0,0.0,0.0,0.0,0.0
2019-09-06,0.0,0.0,0.0,0.0,0.0,0.0,0.0,0.0,0.0,0.0
2019-09-07,0.0,0.0,0.0,0.0,0.0,0.0,0.0,0.0,0.0,0.0
2019-09-08,2.21,1.0,2.21,1.0,7.38,2.0,1.33,0.6,1.33,0.6
2019-09-09,0.0,0.0,0.0,0.0,0.0,0.0,0.0,0.0,0.0,0.0
2019-09-10,0.0,0.0,0.0,0.0,0.74,1.0,0.0,0.0,0.0,0.0
2019-09-11,0.0,0.0,0.0,0.0,0.0,0.0,0.0,0.0,0.0,0.0
2019-09-12,0.0,0.0,0.0,0.0,0.0,0.0,0.0,0.0,0.0,0.0
2019-09-13,5.63,2.0,11.53,4.0,13.68,5.0,1.11,0.38,1.11,0.38
2019-09-14,0.0,0.0,0.0,0.0,0.0,0.0,0.0,0.0,0.0,0.0
2019-09-15,0.0,0.0,0.0,0.0,1.54,1.0,0.0,0.0,0.0,0.0
2019-09-16,0.0,0.0,0.0,0.0,0.0,0.0,0.0,0.0,0.0,0.0
2019-09-17,0.0,0.0,0.0,0.0,10.68,2.0,0.0,0.0,0.0,0.0
2019-09-18,4.59,3.0,7.73,4.0,28.86,10.0,0.9,0.29,0.9,0.29
2019-09-19,0.0,0.0,1.22,2.0,5.05,6.0,0.0,0.0,2.54,2.66
2019-09-20,0.0,0.0,0.0,0.0,28.95,6.0,0.0,0.0,0.0,0.0
2019-09-21,0.0,0.0,0.0,0.0,23.53,8.0,0.0,0.0,0.0,0.0
2019-09-22,0.0,0.0,0.0,0.0,44.31,7.0,0.0,0.0,0.0,0.0
2019-09-23,2.79,4.0,3.37,5.0,32.61,13.0,0.42,0.95,0.92,1.84
2019-09-24,2.88,4.0,2.88,4.0,136.22,36.0,0.0,0.0,0.0,0.0
2019-09-25,0.0,0.0,10.35,2.0,32.36,10.0,0.0,0.0,0.89,0.86
2019-09-26,0.0,0.0,0.0,0.0,40.21,8.0,0.0,0.0,0.0,0.0
2019-09-27,0.0,0.0,0.0,0.0,53.5,10.0,0.0,0.0,1.73,0.39
2019-09-28,0.0,0.0,0.0,0.0,52.0,11.0,0.0,0.0,0.0,0.0
2019-09-29,1.07,3.0,1.07,3.0,5.33,5.0,0.0,0.0,0.0,0.0
2019-09-30,0.0,0.0,0.0,0.0,24.94,7.0,0.0,0.0,0.68,0.9
2019-10-01,0.0,0.0,0.0,0.0,3.75,2.0,0.0,0.0,0.28,0.35
2019-10-02,0.0,0.0,0.0,0.0,28.78,8.0,0.0,0.0,19.89,5.48
2019-10-03,0.0,0.0,0.0,0.0,53.7,10.0,0.0,0.0,35.87,6.68
2019-10-04,0.96,3.0,0.96,3.0,134.16,36.0,0.64,1.78,116.43,30.06
2019-10-05,3.25,2.0,7.38,3.0,147.97,43.0,0.93,0.57,125.76,34.67
2019-10-06,0.68,1.0,15.48,5.0,109.91,35.0,4.9,0.94,90.04,27.83
2019-10-07,0.42,1.0,0.42,1.0,95.62,21.0,0.36,0.85,71.71,14.84
2019-10-08,0.0,0.0,12.98,5.0,448.53,79.0,0.0,0.0,354.33,58.08
2019-10-09,0.9,2.0,66.45,12.0,454.52,93.0,53.27,7.93,54.98,8.28
2019-10-10,2.81,1.0,44.66,14.0,784.77,199.0,10.81,3.56,491.2,130.46
2019-10-11,0.0,0.0,41.83,11.0,789.86,152.0,16.38,4.06,670.98,123.6
2019-10-12,0.8,1.0,19.71,6.0,431.61,121.0,0.48,0.6,314.53,92.57
2019-10-13,0.0,0.0,63.83,12.0,676.23,163.0,3.49,1.61,521.63,130.52
2019-10-14,0.0,0.0,45.31,13.0,802.46,147.0,0.0,0.0,462.08,85.61
2019-10-15,7.28,3.0,60.81,23.0,1270.22,300.0,5.98,1.71,203.95,50.4
2019-10-16,0.0,0.0,85.2,26.0,945.61,202.0,41.64,13.05,89.67,25.51
2019-10-17,0.0,0.0,32.3,6.0,870.61,144.0,27.87,5.27,44.43,9.16
2019-10-18,0.0,0.0,77.06,13.0,595.12,115.0,0.48,0.12,58.59,9.92
2019-10-19,6.97,2.0,87.46,14.0,1143.9,198.0,1.87,1.24,484.62,85.99
2019-10-20,87.27,20.0,631.91,115.0,2843.28,534.0,16.3,3.83,1995.1,371.61
2019-10-21,19.94,8.0,400.03,73.0,2490.57,433.0,21.67,6.88,1433.44,241.18
2019-10-22,2.44,2.0,133.49,32.0,1116.57,214.0,3.01,1.51,647.75,118.49
2019-10-23,0.51,1.0,138.39,30.0,1203.71,219.0,1.33,1.56,663.69,121.1
2019-10-24,0.6,1.0,229.56,33.0,1552.81,221.0,0.0,0.0,113.83,21.23
2019-10-25,28.14,5.0,304.67,53.0,1856.81,319.0,87.21,15.92,128.16,27.79
2019-10-26,15.93,3.0,401.63,95.0,2432.02,523.0,10.91,5.29,1674.4,344.85
2019-10-27,18.76,3.0,357.75,62.0,2528.04,376.0,18.46,3.65,1850.1,253.98
2019-10-28,18.64,3.0,63.58,8.0,1529.95,260.0,2.02,0.33,1261.67,208.32
2019-10-29,0.0,0.0,0.0,0.0,30.93,7.0,0.0,0.0,30.12,6.82
2019-10-30,11.46,1.0,74.45,19.0,2441.52,318.0,0.29,0.03,2025.54,243.53
2019-10-31,0.45,1.0,1.04,2.0,1.84,3.0,0.14,0.24,0.14,0.24
2019-11-01,0.0,0.0,179.37,33.0,771.99,136.0,2.51,0.92,424.39,74.47
2019-11-02,1.98,2.0,19.89,6.0,34.33,11.0,2.65,2.16,2.65,2.16
2019-11-03,1.15,1.0,1.15,1.0,1227.83,211.0,1.04,0.91,1008.01,170.6
2019-11-04,17.1,3.0,77.79,16.0,2586.84,408.0,15.83,2.35,2103.38,317.4
2019-11-05,34.26,4.0,105.57,23.0,2751.62,448.0,5.92,1.58,1878.19,289.59
2019-11-06,9.19,2.0,49.03,15.0,2430.18,367.0,7.14,1.18,7.64,1.27
2019-11-07,1.61,1.0,1.61,1.0,1.61,1.0,0.0,0.0,0.0,0.0
2019-11-08,1.61,3.0,6.7,4.0,185.9,39.0,0.57,1.39,85.68,20.09
2019-11-09,5.85,2.0,127.17,18.0,1925.27,254.0,11.99,1.79,1643.6,199.48
2019-11-10,7.22,3.0,107.61,17.0,1819.12,257.0,26.87,3.52,1512.94,197.77
2019-11-11,6.17,3.0,57.28,25.0,609.92,146.0,12.01,6.82,411.07,80.88
2019-11-12,24.1,6.0,70.62,19.0,824.99,170.0,15.96,5.56,642.54,121.59
2019-11-13,1.87,1.0,17.1,5.0,143.14,30.0,8.32,1.74,52.71,8.58
2019-11-14,1.33,2.0,1.33,2.0,7.4,4.0,0.0,0.0,1.93,0.82
2019-11-15,9.98,2.0,46.4,13.0,211.8,48.0,5.43,2.36,141.56,29.51
2019-11-16,11.27,3.0,34.54,14.0,417.91,86.0,20.63,7.41,275.71,51.1
2019-11-17,6.94,3.0,31.14,8.0,503.06,90.0,15.51,2.37,360.24,54.58
2019-11-18,1.05,1.0,22.93,5.0,315.97,46.0,6.92,1.57,191.88,24.18
2019-11-19,14.04,5.0,27.49,8.0,264.81,58.0,13.93,4.74,209.24,46.5
2019-11-20,7.5,3.0,21.13,8.0,229.66,53.0,8.19,2.17,39.39,11.36
2019-11-21,1.3,1.0,28.04,7.0,87.14,27.0,15.14,3.19,30.39,9.11
2019-11-22,5.52,2.0,22.82,7.0,71.21,16.0,5.41,1.29,33.14,4.15
2019-11-23,0.95,2.0,38.84,13.0,65.07,19.0,14.18,4.06,32.2,8.18
2019-11-24,0.0,0.0,12.87,8.0,58.25,21.0,2.99,3.39,36.68,12.9
2019-11-25,15.28,4.0,21.59,8.0,64.67,21.0,11.13,4.13,35.52,11.86
2019-11-26,0.0,0.0,4.92,1.0,35.98,6.0,4.62,0.94,10.16,1.65
2019-11-27,28.0,10.0,35.41,13.0,70.08,26.0,25.05,7.82,54.36,18.32
2019-11-28,0.0,0.0,0.0,0.0,0.0,0.0,0.0,0.0,0.0,0.0
2019-11-29,0.0,0.0,0.0,0.0,5.58,2.0,0.0,0.0,5.5,1.97
2019-11-30,9.19,3.0,17.6,5.0,41.9,14.0,2.76,1.0,7.23,2.75
2019-12-01,6.16,2.0,18.84,7.0,70.49,26.0,1.28,1.28,12.69,4.4
2019-12-02,8.21,4.0,37.27,16.0,156.44,51.0,7.45,2.87,18.59,5.79
2019-12-03,21.41,5.0,85.48,24.0,297.89,75.0,23.22,5.51,88.85,14.34
2019-12-04,0.65,1.0,35.99,9.0,82.02,25.0,21.31,5.42,49.46,13.34
2019-12-05,2.6,1.0,25.35,7.0,35.45,11.0,16.8,4.28,23.73,6.66
2019-12-06,0.59,1.0,60.57,15.0,128.81,33.0,40.06,9.42,81.94,19.76
2019-12-07,15.02,6.0,138.05,39.0,283.37,86.0,90.3,24.0,181.01,53.04
2019-12-08,43.17,14.0,223.77,64.0,392.29,128.0,95.09,22.34,155.07,45.1
2019-12-09,9.3,4.0,79.35,27.0,163.27,50.0,17.76,5.52,41.67,13.56
2019-12-10,39.19,9.0,75.36,20.0,152.76,42.0,16.41,5.48,53.78,12.36
2019-12-11,0.0,0.0,0.0,0.0,15.39,5.0,0.0,0.0,9.95,3.6
2019-12-12,0.0,0.0,0.0,0.0,2.05,1.0,0.0,0.0,2.02,0.99
2019-12-13,0.0,0.0,1.14,1.0,1.14,1.0,0.0,0.0,0.0,0.0
2019-12-14,0.0,0.0,0.0,0.0,0.0,0.0,0.0,0.0,0.0,0.0
2019-12-15,0.0,0.0,2.83,2.0,7.15,3.0,2.18,1.59,2.6,1.69
2019-12-16,0.0,0.0,0.0,0.0,0.0,0.0,0.0,0.0,0.0,0.0
2019-12-17,0.0,0.0,0.0,0.0,4.61,1.0,0.0,0.0,0.12,0.03
2019-12-18,17.14,7.0,52.71,17.0,57.56,19.0,24.83,8.2,24.83,8.2
2019-12-19,0.0,0.0,0.0,0.0,0.0,0.0,0.0,0.0,0.0,0.0
2019-12-20,3.57,1.0,6.38,2.0,21.95,7.0,5.36,1.64,13.7,4.25
2019-12-21,0.0,0.0,0.0,0.0,5.15,1.0,0.0,0.0,0.0,0.0
2019-12-22,0.0,0.0,7.67,2.0,52.42,11.0,0.31,0.1,3.66,0.64
2019-12-23,10.75,5.0,32.95,13.0,60.63,21.0,13.56,5.22,23.82,8.89
2019-12-24,47.63,15.0,187.63,58.0,315.37,101.0,123.23,36.61,167.37,52.67
2019-12-25,0.0,0.0,0.0,0.0,0.0,0.0,0.0,0.0,0.0,0.0
2019-12-26,0.0,0.0,0.0,0.0,3.91,1.0,0.0,0.0,3.47,0.89
2019-12-27,1.87,1.0,19.54,8.0,29.14,11.0,3.88,1.64,7.59,2.79
2019-12-28,2.85,1.0,6.24,2.0,14.29,5.0,0.66,0.21,5.08,2.14
2019-12-29,32.52,10.0,100.81,32.0,173.16,57.0,36.27,12.47,88.4,28.69
2019-12-30,0.0,0.0,0.0,0.0,0.0,0.0,0.0,0.0,0.0,0.0
2019-12-31,16.61,8.0,50.56,18.0,70.41,24.0,21.15,5.62,28.94,8.14
2020-01-01,0.0,0.0,0.65,1.0,0.65,1.0,0.0,0.0,0.0,0.0
2020-01-02,17.26,4.0,32.4,8.0,93.15,18.0,12.72,2.56,46.48,6.46
2020-01-03,25.62,8.0,66.9,24.0,121.52,42.0,35.74,13.91,60.45,22.4
2020-01-04,5.22,2.0,41.06,16.0,102.4,38.0,22.58,8.37,48.71,17.14
2020-01-05,8.77,2.0,92.62,14.0,118.67,22.0,8.24,1.95,12.53,2.76
2020-01-06,0.0,0.0,0.0,0.0,0.0,0.0,0.0,0.0,0.0,0.0
2020-01-07,0.0,0.0,0.0,0.0,128.3,3.0,0.0,0.0,0.0,0.0
2020-01-08,0.0,0.0,0.62,1.0,3.69,2.0,0.45,0.73,0.45,0.73
2020-01-09,0.0,0.0,0.0,0.0,0.0,0.0,0.0,0.0,0.0,0.0
2020-01-10,0.0,0.0,2.12,1.0,5.57,4.0,0.0,0.0,2.35,1.68
2020-01-11,5.73,2.0,35.29,11.0,51.56,19.0,16.01,4.67,20.21,6.37
2020-01-12,18.0,3.0,37.76,11.0,50.46,14.0,6.2,3.11,8.46,3.49
2020-01-13,8.93,3.0,8.93,3.0,8.93,3.0,6.96,1.62,6.96,1.62
2020-01-14,0.0,0.0,18.11,7.0,37.54,15.0,0.8,0.56,2.25,1.22
2020-01-15,0.0,0.0,22.88,5.0,25.27,6.0,12.46,2.38,13.52,2.83
2020-01-16,0.0,0.0,0.0,0.0,0.0,0.0,0.0,0.0,0.0,0.0
2020-01-17,0.0,0.0,0.0,0.0,0.0,0.0,0.0,0.0,0.0,0.0
2020-01-18,0.0,0.0,9.44,2.0,11.61,3.0,2.49,0.53,2.49,0.53
2020-01-19,0.0,0.0,0.0,0.0,5.21,2.0,0.0,0.0,0.0,0.0
2020-01-20,0.0,0.0,12.13,2.0,12.13,2.0,11.51,1.89,11.51,1.89
2020-01-21,0.0,0.0,0.0,0.0,6.57,3.0,0.0,0.0,1.12,1.58
2020-01-22,4.23,2.0,6.04,3.0,37.25,11.0,1.75,0.85,4.39,2.11
2020-01-23,9.69,2.0,32.42,9.0,55.89,16.0,11.54,3.2,28.04,7.65
2020-01-24,17.99,5.0,77.69,20.0,111.39,31.0,12.52,4.48,25.96,6.67
2020-01-25,27.68,10.0,84.38,22.0,124.94,33.0,31.24,8.21,51.99,12.95
2020-01-26,3.01,1.0,40.51,14.0,107.19,31.0,9.3,2.76,27.27,6.56
2020-01-27,2.65,1.0,7.74,2.0,46.95,12.0,0.41,0.13,4.26,1.65
2020-01-28,0.0,0.0,0.0,0.0,1.25,1.0,0.0,0.0,0.99,0.79
2020-01-29,1.06,2.0,169.36,6.0,174.32,10.0,0.6,1.05,1.07,2.04
2020-01-30,8.3,4.0,53.21,17.0,72.62,24.0,10.38,4.15,20.85,7.04
2020-01-31,9.26,4.0,29.12,8.0,36.24,12.0,8.02,2.81,8.63,3.35
2020-02-01,0.0,0.0,12.47,4.0,35.01,11.0,6.24,1.89,14.65,4.8
2020-02-02,42.21,8.0,77.63,19.0,146.21,37.0,23.68,7.26,29.85,9.51
2020-02-03,6.23,2.0,32.99,12.0,139.98,36.0,5.46,2.5,38.11,11.89
2020-02-04,23.47,8.0,63.14,21.0,139.28,48.0,29.3,10.76,64.97,21.96
2020-02-05,0.7,1.0,11.34,5.0,98.97,29.0,2.11,1.46,32.42,8.33
2020-02-06,25.85,7.0,90.18,21.0,134.31,35.0,30.74,7.4,42.06,11.38
2020-02-07,10.8,2.0,58.53,13.0,121.28,32.0,34.38,7.07,41.76,10.19
2020-02-08,4.56,1.0,46.82,11.0,94.55,26.0,9.78,2.75,31.73,9.02
2020-02-09,8.37,5.0,80.97,23.0,254.3,66.0,22.44,7.47,51.97,17.58
2020-02-10,4.68,2.0,50.47,18.0,205.09,59.0,21.22,6.31,71.03,14.99
2020-02-11,8.25,2.0,49.24,17.0,134.05,33.0,20.06,6.64,44.06,12.88
2020-02-12,5.75,2.0,8.89,3.0,145.96,30.0,0.07,0.02,16.01,3.7
2020-02-13,9.85,3.0,140.81,18.0,201.32,30.0,7.07,1.86,18.14,4.14
2020-02-14,1.43,3.0,12.68,7.0,92.02,24.0,9.27,5.69,18.93,8.74
2020-02-15,26.88,9.0,92.95,24.0,224.6,60.0,2.13,1.47,38.69,8.43
2020-02-16,2.97,1.0,61.38,18.0,176.27,45.0,23.5,7.08,69.46,15.86
2020-02-17,22.99,7.0,44.72,14.0,128.64,36.0,13.71,5.42,24.0,9.59
2020-02-18,10.28,3.0,28.15,10.0,94.96,32.0,9.16,4.58,11.66,5.56
2020-02-19,2.98,1.0,12.98,4.0,202.63,16.0,2.75,0.92,7.24,1.05
2020-02-20,2.14,1.0,38.16,12.0,125.12,37.0,10.89,4.67,31.29,11.13
2020-02-21,0.0,0.0,0.0,0.0,0.0,0.0,0.0,0.0,0.0,0.0
2020-02-22,0.0,0.0,8.95,1.0,24.29,5.0,0.53,0.06,0.63,0.58
2020-02-23,0.0,0.0,2.26,1.0,17.73,5.0,0.86,0.38,8.35,1.91
2020-02-24,6.15,2.0,30.37,9.0,72.49,18.0,7.58,3.27,36.79,7.39
2020-02-25,5.81,3.0,29.28,10.0,98.13,26.0,10.19,3.61,53.58,13.01
2020-02-26,18.42,9.0,67.12,26.0,139.63,52.0,21.26,5.69,38.44,14.48
2020-02-27,0.0,0.0,2.8,1.0,27.24,6.0,0.0,0.0,8.41,1.68
2020-02-28,0.0,0.0,9.55,5.0,20.54,10.0,0.96,0.51,2.24,1.01
2020-02-29,0.0,0.0,3.91,2.0,21.18,3.0,0.0,0.0,0.0,0.0
2020-03-01,1.14,2.0,1.14,2.0,15.34,7.0,0.0,0.0,8.65,3.63
2020-03-02,4.17,4.0,9.81,6.0,213.19,42.0,6.7,3.4,85.48,19.17
2020-03-03,6.35,1.0,32.05,8.0,123.74,29.0,10.51,2.33,70.17,13.89
2020-03-04,2.91,1.0,46.29,14.0,81.41,23.0,1.72,0.26,4.16,0.86
2020-03-05,0.0,0.0,0.0,0.0,18.39,4.0,0.0,0.0,9.72,1.52
2020-03-06,0.0,0.0,0.0,0.0,0.0,0.0,0.0,0.0,0.0,0.0
2020-03-07,0.0,0.0,0.0,0.0,0.0,0.0,0.0,0.0,0.0,0.0
2020-03-08,1.09,2.0,1.09,2.0,72.01,8.0,1.01,1.87,6.69,3.52
2020-03-09,0.0,0.0,10.36,2.0,46.18,13.0,0.0,0.0,4.47,1.54
2020-03-10,1.96,1.0,40.8,9.0,85.87,24.0,0.28,0.07,5.24,2.1
2020-03-11,3.87,1.0,11.9,3.0,11.9,3.0,0.03,0.01,0.03,0.01
2020-03-12,8.81,2.0,11.81,4.0,36.93,9.0,1.54,0.47,9.44,1.93
2020-03-13,1.87,1.0,17.34,6.0,21.09,7.0,2.06,0.98,4.37,1.6
2020-03-14,4.78,3.0,4.78,3.0,4.78,3.0,2.68,1.18,2.68,1.18
2020-03-15,19.15,5.0,38.35,12.0,46.77,16.0,3.37,1.09,3.38,1.09
2020-03-16,4.85,3.0,8.3,4.0,10.07,5.0,2.89,1.76,2.89,1.76
2020-03-17,1.27,4.0,28.32,11.0,71.42,25.0,0.43,1.96,8.72,4.23
2020-03-18,2.58,3.0,47.75,10.0,98.62,30.0,22.51,3.17,39.54,9.4
2020-03-19,0.0,0.0,29.9,4.0,54.45,13.0,11.29,2.5,20.65,5.99
2020-03-20,0.0,0.0,2.01,1.0,52.71,12.0,0.0,0.0,28.8,5.79
2020-03-21,0.42,1.0,7.41,4.0,27.5,9.0,2.85,0.88,17.97,4.45
2020-03-22,0.0,0.0,5.62,2.0,14.8,4.0,1.9,0.82,10.64,2.72
2020-03-23,2.79,1.0,15.93,5.0,40.33,12.0,6.71,2.52,22.38,7.12
2020-03-24,0.0,0.0,12.61,3.0,42.13,11.0,1.15,0.34,4.27,1.13
2020-03-25,0.0,0.0,3.61,1.0,25.14,6.0,0.0,0.0,1.18,0.43
2020-03-26,0.0,0.0,0.0,0.0,0.0,0.0,0.0,0.0,0.0,0.0
2020-03-27,0.0,0.0,0.0,0.0,0.0,0.0,0.0,0.0,0.0,0.0
2020-03-28,0.0,0.0,5.41,2.0,13.42,4.0,0.0,0.0,4.58,0.79
2020-03-29,8.12,2.0,36.24,7.0,67.75,16.0,16.37,2.71,27.76,5.89
2020-03-30,0.0,0.0,5.18,2.0,45.51,10.0,1.97,0.79,5.22,1.66
2020-03-31,0.0,0.0,11.95,3.0,23.25,6.0,0.1,0.02,2.82,1.01
2020-04-01,0.0,0.0,5.03,1.0,26.43,7.0,0.36,0.07,11.14,3.21
2020-04-02,6.65,1.0,18.99,6.0,32.9,10.0,5.52,1.98,10.01,3.72
2020-04-03,8.82,3.0,47.32,13.0,92.12,26.0,19.18,2.65,29.23,5.29
2020-04-04,8.96,3.0,12.8,4.0,35.58,15.0,4.73,1.45,13.78,5.6
2020-04-05,0.7,1.0,3.15,2.0,5.9,4.0,2.72,1.56,5.04,3.24
2020-04-06,0.0,0.0,0.0,0.0,11.59,3.0,0.0,0.0,6.8,1.39
2020-04-07,1.79,1.0,4.66,2.0,10.52,4.0,0.87,0.3,2.1,0.9
2020-04-08,14.92,4.0,28.86,7.0,78.38,17.0,13.75,3.26,27.26,5.1
2020-04-09,0.0,0.0,12.75,4.0,26.62,6.0,1.72,0.53,2.56,0.9
2020-04-10,0.0,0.0,9.11,3.0,22.64,8.0,0.05,0.03,12.59,4.4
2020-04-11,0.0,0.0,18.42,4.0,23.6,6.0,0.96,0.96,3.77,2.05
2020-04-12,0.6,1.0,5.05,3.0,10.92,5.0,0.7,1.04,0.91,1.41
2020-04-13,0.0,0.0,18.71,4.0,98.7,8.0,0.0,0.0,0.03,0.01
2020-04-14,0.0,0.0,8.89,3.0,33.06,12.0,2.09,1.73,10.49,4.8
2020-04-15,3.32,1.0,9.39,3.0,16.19,6.0,0.0,0.0,0.19,0.21
2020-04-16,0.0,0.0,1.09,1.0,14.03,5.0,0.0,0.0,3.16,1.01
2020-04-17,0.0,0.0,17.83,3.0,61.42,9.0,0.93,0.92,6.93,2.11
2020-04-18,0.0,0.0,0.71,1.0,132.98,6.0,0.0,0.0,46.63,1.54
2020-04-19,6.12,2.0,11.91,6.0,20.7,7.0,2.39,2.0,2.39,2.0
2020-04-20,8.92,2.0,18.22,5.0,25.34,7.0,4.07,1.01,10.88,2.91
2020-04-21,2.51,1.0,2.51,1.0,32.93,9.0,0.0,0.0,15.23,3.52
2020-04-22,0.0,0.0,59.47,12.0,91.34,21.0,3.98,1.0,8.08,2.09
2020-04-23,0.0,0.0,0.0,0.0,33.13,7.0,0.0,0.0,0.0,0.0
2020-04-24,18.33,6.0,238.54,37.0,325.92,62.0,39.27,5.3,79.35,17.34
2020-04-25,16.56,2.0,61.36,8.0,135.95,18.0,9.01,1.04,18.51,2.58
2020-04-26,6.12,3.0,20.59,5.0,27.11,6.0,6.05,0.98,8.71,1.39
2020-04-27,22.11,5.0,63.55,19.0,98.57,26.0,1.22,0.35,2.91,0.72
2020-04-28,0.0,0.0,35.53,8.0,102.71,23.0,1.37,1.49,9.31,4.83
2020-04-29,48.56,9.0,309.38,49.0,479.35,89.0,45.59,6.67,59.99,11.14
2020-04-30,0.65,1.0,56.79,10.0,205.38,30.0,12.71,2.25,48.41,6.36
2020-05-01,22.26,7.0,166.41,37.0,328.73,72.0,17.16,4.48,20.8,5.71
2020-05-02,17.57,6.0,148.44,31.0,246.72,58.0,30.74,5.16,53.26,12.98
2020-05-03,0.94,1.0,15.94,6.0,82.05,24.0,3.05,1.16,8.7,2.82
2020-05-04,27.47,5.0,146.67,21.0,166.22,25.0,3.69,0.48,3.9,0.52
2020-05-05,32.66,8.0,207.02,41.0,383.51,79.0,25.76,6.63,59.81,15.75
2020-05-06,0.0,0.0,0.0,0.0,39.51,13.0,0.0,0.0,6.24,1.5
2020-05-07,77.6,18.0,883.44,179.0,1366.23,305.0,14.64,3.84,29.95,6.77
2020-05-08,143.09,39.0,1117.45,243.0,1660.15,393.0,115.98,29.27,122.29,30.57
2020-05-09,94.54,16.0,751.19,108.0,1629.51,248.0,21.97,4.66,116.86,18.61
2020-05-10,0.0,0.0,8.69,5.0,8.69,5.0,0.0,0.0,0.0,0.0
2020-05-11,0.0,0.0,4.28,3.0,292.08,63.0,0.0,0.0,0.0,0.0
2020-05-12,52.06,13.0,502.54,96.0,1584.39,328.0,14.82,3.19,20.76,4.82
2020-05-13,7.01,1.0,7.01,1.0,9.1,2.0,5.9,0.84,5.96,0.87
2020-05-14,111.45,19.0,706.17,117.0,2437.61,351.0,259.29,48.56,854.86,136.19
2020-05-15,86.58,12.0,637.53,101.0,2357.57,355.0,437.05,69.48,1832.09,273.54
2020-05-16,33.06,5.0,204.38,27.0,1436.08,162.0,148.04,18.83,1226.51,125.5
2020-05-17,223.43,19.0,498.17,65.0,2114.87,356.0,232.65,36.44,1577.9,274.39
2020-05-18,28.74,7.0,585.96,102.0,2310.45,406.0,487.97,80.91,2056.37,350.54
2020-05-19,30.43,5.0,394.2,48.0,2225.27,276.0,311.67,35.31,1885.35,218.98
2020-05-20,32.16,6.0,151.34,21.0,1068.57,136.0,104.59,16.31,801.52,98.4
2020-05-21,36.42,8.0,89.16,16.0,333.18,49.0,54.68,9.02,196.11,23.64
2020-05-22,0.0,0.0,79.44,10.0,554.64,67.0,3.59,0.65,24.62,3.83
2020-05-23,3.75,1.0,61.16,8.0,417.01,88.0,0.14,0.04,19.51,5.95
2020-05-24,6.95,2.0,52.03,8.0,517.49,103.0,47.29,6.74,447.66,86.36
2020-05-25,16.54,5.0,186.74,28.0,564.13,89.0,121.18,14.1,279.74,36.1
2020-05-26,0.0,0.0,28.68,5.0,240.91,54.0,19.41,3.95,110.22,19.93
2020-05-27,4.37,1.0,4.37,1.0,81.58,16.0,2.25,0.52,35.18,6.62
2020-05-28,2.24,1.0,2.24,1.0,138.86,28.0,0.0,0.0,36.03,6.16
2020-05-29,0.0,0.0,0.0,0.0,11.64,3.0,0.0,0.0,5.97,1.69
2020-05-30,0.0,0.0,0.0,0.0,11.69,3.0,0.0,0.0,0.0,0.0
2020-05-31,0.0,0.0,0.41,1.0,21.58,4.0,0.0,0.0,5.65,0.63
2020-06-01,0.0,0.0,0.0,0.0,0.0,0.0,0.0,0.0,0.0,0.0
2020-06-02,4.84,2.0,4.84,2.0,45.95,8.0,0.0,0.0,0.0,0.0
2020-06-03,0.0,0.0,6.04,2.0,6.04,2.0,0.52,0.17,0.52,0.17
2020-06-04,0.0,0.0,0.0,0.0,1.32,1.0,0.0,0.0,0.0,0.0
2020-06-05,0.0,0.0,21.2,4.0,21.63,5.0,6.91,0.97,6.91,0.97
2020-06-06,0.0,0.0,0.0,0.0,5.58,1.0,0.0,0.0,0.0,0.0
2020-06-07,0.0,0.0,0.0,0.0,0.0,0.0,0.0,0.0,0.0,0.0
2020-06-08,1.36,1.0,1.36,1.0,1.36,1.0,0.0,0.0,0.0,0.0
2020-06-09,0.0,0.0,0.0,0.0,0.0,0.0,0.0,0.0,0.0,0.0
2020-06-10,0.0,0.0,5.99,1.0,14.61,3.0,5.99,1.0,9.64,1.87
2020-06-11,0.74,1.0,4.85,2.0,11.76,4.0,3.91,0.95,5.89,1.53
2020-06-12,0.0,0.0,0.0,0.0,0.0,0.0,0.0,0.0,0.0,0.0
2020-06-13,0.0,0.0,0.0,0.0,5.87,2.0,0.0,0.0,0.0,0.0
2020-06-14,3.33,2.0,3.33,2.0,7.2,4.0,0.0,0.0,2.11,0.99
2020-06-15,0.0,0.0,0.0,0.0,1.62,1.0,0.0,0.0,0.0,0.0
2020-06-16,1.41,1.0,35.58,5.0,82.49,13.0,1.26,0.19,14.28,1.76
2020-06-17,5.83,1.0,5.83,1.0,5.83,1.0,0.0,0.0,0.0,0.0
2020-06-18,3.38,3.0,12.44,5.0,64.24,17.0,0.35,0.48,10.87,2.08
2020-06-19,0.0,0.0,0.0,0.0,0.0,0.0,0.0,0.0,0.0,0.0
2020-06-20,6.82,1.0,6.82,1.0,10.42,2.0,0.7,0.1,1.62,0.36
2020-06-21,0.58,1.0,0.58,1.0,6.8,3.0,0.0,0.0,0.0,0.0
2020-06-22,0.0,0.0,0.0,0.0,7.3,3.0,0.0,0.0,5.13,1.87
2020-06-23,0.0,0.0,0.0,0.0,9.06,1.0,0.0,0.0,0.0,0.0
2020-06-24,0.0,0.0,0.0,0.0,0.0,0.0,0.0,0.0,0.0,0.0
2020-06-25,0.0,0.0,0.0,0.0,0.0,0.0,0.0,0.0,0.0,0.0
2020-06-26,3.98,2.0,3.98,2.0,3.98,2.0,2.99,1.5,2.99,1.5
2020-06-27,0.7,1.0,4.79,2.0,4.79,2.0,2.38,0.96,2.38,0.96
2020-06-28,0.0,0.0,4.57,1.0,4.57,1.0,2.15,0.47,2.15,0.47
2020-06-29,0.0,0.0,0.0,0.0,0.0,0.0,0.0,0.0,0.0,0.0
2020-06-30,0.0,0.0,0.0,0.0,0.0,0.0,0.0,0.0,0.0,0.0
2020-07-01,0.0,0.0,0.0,0.0,2.34,1.0,0.0,0.0,0.0,0.0
2020-07-02,7.15,3.0,11.08,4.0,13.86,5.0,0.0,0.0,0.0,0.0
2020-07-03,0.0,0.0,0.0,0.0,0.0,0.0,0.0,0.0,0.0,0.0
2020-07-04,0.0,0.0,3.06,1.0,3.06,1.0,0.0,0.0,0.0,0.0
2020-07-05,0.0,0.0,0.0,0.0,0.47,1.0,0.0,0.0,0.34,0.72
2020-07-06,0.0,0.0,0.0,0.0,0.0,0.0,0.0,0.0,0.0,0.0
2020-07-07,0.0,0.0,0.0,0.0,3.04,1.0,0.0,0.0,0.0,0.0
2020-07-08,3.54,1.0,3.54,1.0,3.54,1.0,0.0,0.0,0.0,0.0
2020-07-09,0.0,0.0,0.0,0.0,0.0,0.0,0.0,0.0,0.0,0.0
2020-07-10,0.0,0.0,0.0,0.0,0.0,0.0,0.0,0.0,0.0,0.0
2020-07-11,0.0,0.0,0.0,0.0,0.0,0.0,0.0,0.0,0.0,0.0
2020-07-12,0.69,1.0,0.69,1.0,2.63,2.0,0.0,0.0,0.0,0.0
2020-07-13,0.0,0.0,2.96,1.0,8.89,3.0,0.0,0.0,0.0,0.0
2020-07-14,1.51,1.0,5.24,2.0,8.82,3.0,0.0,0.0,1.95,0.54
2020-07-15,4.61,1.0,4.61,1.0,5.65,2.0,0.0,0.0,1.03,0.99
2020-07-16,0.0,0.0,0.0,0.0,5.29,1.0,0.0,0.0,5.22,0.99
2020-07-17,0.0,0.0,0.0,0.0,2.99,1.0,0.0,0.0,2.8,0.94
2020-07-18,0.82,1.0,0.82,1.0,0.82,1.0,0.0,0.0,0.0,0.0
2020-07-19,0.0,0.0,0.0,0.0,0.0,0.0,0.0,0.0,0.0,0.0
2020-07-20,0.0,0.0,0.0,0.0,3.76,1.0,0.0,0.0,0.26,0.07
2020-07-21,0.0,0.0,0.0,0.0,0.0,0.0,0.0,0.0,0.0,0.0
2020-07-22,2.2,2.0,2.2,2.0,2.2,2.0,1.61,1.47,1.61,1.47
2020-07-23,0.0,0.0,0.0,0.0,0.5,1.0,0.0,0.0,0.0,0.01
2020-07-24,1.85,1.0,1.85,1.0,3.46,2.0,0.0,0.0,1.58,0.98
2020-07-25,0.0,0.0,0.0,0.0,0.0,0.0,0.0,0.0,0.0,0.0
2020-07-26,0.0,0.0,0.0,0.0,2.92,1.0,0.0,0.0,1.35,0.46
2020-07-27,0.0,0.0,0.0,0.0,0.0,0.0,0.0,0.0,0.0,0.0
2020-07-28,0.0,0.0,0.0,0.0,0.0,0.0,0.0,0.0,0.0,0.0
2020-07-29,0.0,0.0,0.0,0.0,0.0,0.0,0.0,0.0,0.0,0.0
2020-07-30,0.0,0.0,0.0,0.0,0.0,0.0,0.0,0.0,0.0,0.0
2020-07-31,0.0,0.0,0.0,0.0,0.0,0.0,0.0,0.0,0.0,0.0
2020-08-01,0.0,0.0,0.0,0.0,5.61,3.0,0.0,0.0,3.29,1.76
2020-08-02,0.0,0.0,0.0,0.0,0.0,0.0,0.0,0.0,0.0,0.0
2020-08-03,0.0,0.0,0.0,0.0,0.0,0.0,0.0,0.0,0.0,0.0
2020-08-04,0.0,0.0,0.0,0.0,0.0,0.0,0.0,0.0,0.0,0.0
2020-08-05,0.0,0.0,0.0,0.0,0.0,0.0,0.0,0.0,0.0,0.0
2020-08-06,0.0,0.0,0.0,0.0,0.0,0.0,0.0,0.0,0.0,0.0
2020-08-07,0.0,0.0,0.0,0.0,0.0,0.0,0.0,0.0,0.0,0.0
2020-08-08,0.0,0.0,1.65,1.0,13.83,3.0,0.0,0.0,0.0,0.0
2020-08-09,0.0,0.0,0.0,0.0,0.0,0.0,0.0,0.0,0.0,0.0
2020-08-10,0.0,0.0,0.0,0.0,0.0,0.0,0.0,0.0,0.0,0.0
2020-08-11,0.0,0.0,0.0,0.0,0.0,0.0,0.0,0.0,0.0,0.0
2020-08-12,0.0,0.0,0.0,0.0,0.0,0.0,0.0,0.0,0.0,0.0
2020-08-13,0.0,0.0,0.0,0.0,0.0,0.0,0.0,0.0,0.0,0.0
2020-08-14,1.05,1.0,1.05,1.0,1.05,1.0,0.96,0.91,0.96,0.91
2020-08-15,1.8,1.0,1.8,1.0,1.8,1.0,0.3,0.17,0.3,0.17
2020-08-16,0.0,0.0,0.0,0.0,0.0,0.0,0.0,0.0,0.0,0.0
2020-08-17,0.0,0.0,0.0,0.0,6.69,2.0,0.0,0.0,0.0,0.0
2020-08-18,0.0,0.0,0.0,0.0,0.0,0.0,0.0,0.0,0.0,0.0
2020-08-19,0.0,0.0,0.0,0.0,0.0,0.0,0.0,0.0,0.0,0.0
2020-08-20,0.0,0.0,0.0,0.0,0.0,0.0,0.0,0.0,0.0,0.0
2020-08-21,1.08,2.0,1.08,2.0,4.56,4.0,0.39,0.76,3.84,2.74
2020-08-22,0.0,0.0,0.0,0.0,0.0,0.0,0.0,0.0,0.0,0.0
2020-08-23,0.0,0.0,2.24,1.0,2.24,1.0,0.0,0.0,0.0,0.0
2020-08-24,1.83,1.0,2.4,2.0,5.42,4.0,0.0,0.0,0.0,0.0
2020-08-25,0.0,0.0,0.0,0.0,1.2,2.0,0.0,0.0,0.09,0.15
2020-08-26,0.0,0.0,0.0,0.0,4.21,1.0,0.0,0.0,0.0,0.0
2020-08-27,0.0,0.0,0.0,0.0,0.0,0.0,0.0,0.0,0.0,0.0
2020-08-28,0.0,0.0,0.0,0.0,0.71,1.0,0.0,0.0,0.0,0.0
2020-08-29,1.62,2.0,3.64,3.0,3.64,3.0,0.49,0.69,0.49,0.69
2020-08-30,8.15,1.0,8.15,1.0,10.56,2.0,0.0,0.0,0.0,0.0
2020-08-31,0.0,0.0,0.0,0.0,3.76,1.0,0.0,0.0,0.0,0.0
2020-09-01,0.0,0.0,0.0,0.0,0.0,0.0,0.0,0.0,0.0,0.0
2020-09-02,0.0,0.0,0.0,0.0,0.0,0.0,0.0,0.0,0.0,0.0
2020-09-03,0.0,0.0,0.0,0.0,0.0,0.0,0.0,0.0,0.0,0.0
2020-09-04,3.16,1.0,3.16,1.0,12.32,3.0,1.1,0.35,1.1,0.35
2020-09-05,0.0,0.0,0.0,0.0,0.0,0.0,0.0,0.0,0.0,0.0
2020-09-06,0.7,1.0,0.7,1.0,6.48,2.0,0.68,0.97,5.91,1.88
2020-09-07,0.0,0.0,1.05,2.0,2.66,3.0,0.0,0.0,1.59,0.99
2020-09-08,0.6,1.0,0.9,2.0,0.9,2.0,0.31,0.55,0.31,0.55
2020-09-09,1.84,1.0,1.84,1.0,1.84,1.0,1.79,0.97,1.79,0.97
2020-09-10,4.85,2.0,4.85,2.0,6.93,3.0,0.88,0.72,0.88,0.72
2020-09-11,0.0,0.0,0.0,0.0,3.43,1.0,0.0,0.0,0.0,0.0
2020-09-12,1.73,2.0,1.73,2.0,2.86,3.0,0.0,0.0,1.02,0.91
2020-09-13,0.0,0.0,0.0,0.0,9.88,2.0,0.0,0.0,4.24,0.86
2020-09-14,3.28,3.0,3.28,3.0,5.2,4.0,0.0,0.0,0.45,0.24
2020-09-15,0.0,0.0,2.63,1.0,7.19,2.0,0.0,0.0,4.5,0.99
2020-09-16,4.28,1.0,4.28,1.0,12.96,3.0,3.84,0.9,5.9,1.35
2020-09-17,0.0,0.0,1.18,1.0,62.58,6.0,0.66,0.56,23.9,2.46
2020-09-18,0.0,0.0,0.0,0.0,0.0,0.0,0.0,0.0,0.0,0.0
2020-09-19,0.62,1.0,0.62,1.0,7.73,2.0,0.0,0.0,6.03,0.85
2020-09-20,11.01,3.0,14.28,5.0,57.05,16.0,9.61,3.58,49.85,12.82
2020-09-21,5.29,1.0,7.98,2.0,14.56,5.0,1.93,0.69,5.26,1.51
2020-09-22,4.35,2.0,7.91,3.0,10.3,4.0,2.42,0.96,2.42,0.96
2020-09-23,0.0,0.0,3.38,1.0,3.38,1.0,1.17,0.35,1.17,0.35
2020-09-24,2.53,3.0,2.53,3.0,12.42,6.0,0.1,0.12,2.78,1.73
2020-09-25,0.6,1.0,8.48,4.0,131.12,27.0,0.57,0.94,74.23,14.71
2020-09-26,0.0,0.0,0.0,0.0,39.19,14.0,0.0,0.0,14.2,5.35
2020-09-27,7.08,3.0,21.77,7.0,72.91,21.0,6.73,1.73,39.34,11.28
2020-09-28,0.39,1.0,5.28,2.0,33.79,9.0,0.5,1.02,23.68,6.74
2020-09-29,0.0,0.0,0.0,0.0,95.63,25.0,0.0,0.0,66.52,17.72
2020-09-30,7.13,4.0,39.65,11.0,202.28,54.0,14.96,5.02,121.24,32.42
2020-10-01,0.89,1.0,17.52,7.0,140.16,45.0,2.81,1.61,82.13,26.02
2020-10-02,7.66,2.0,19.61,7.0,252.0,59.0,13.96,4.29,198.97,44.75
2020-10-03,2.74,3.0,2.74,3.0,83.38,16.0,0.42,0.97,65.13,10.58
2020-10-04,9.0,3.0,12.32,4.0,251.88,61.0,8.2,2.76,183.23,43.7
2020-10-05,1.44,2.0,17.61,6.0,179.18,37.0,7.15,3.59,125.14,26.19
2020-10-06,1.86,2.0,22.01,11.0,294.11,86.0,4.23,3.56,207.81,58.87
2020-10-07,8.66,6.0,36.28,13.0,353.51,111.0,13.59,6.41,250.17,76.97
2020-10-08,1.54,2.0,71.82,9.0,304.1,60.0,0.7,0.95,205.06,43.75
2020-10-09,0.0,0.0,2.36,1.0,176.62,42.0,0.16,0.07,162.8,37.09
2020-10-10,0.78,1.0,22.7,8.0,488.87,90.0,4.32,1.93,308.6,50.71
2020-10-11,2.18,1.0,50.34,13.0,922.14,189.0,32.53,5.06,812.13,157.75
2020-10-12,5.11,6.0,28.84,14.0,579.41,158.0,0.61,0.9,101.02,29.06
2020-10-13,0.0,0.0,0.89,1.0,537.6,100.0,0.07,0.08,66.17,12.91
2020-10-14,1.79,2.0,12.43,10.0,337.03,87.0,0.54,0.34,50.71,12.62
2020-10-15,3.22,2.0,48.59,11.0,830.68,206.0,24.82,3.29,532.0,127.21
2020-10-16,17.31,10.0,50.07,21.0,829.14,166.0,12.9,4.96,513.29,97.65
2020-10-17,4.53,3.0,59.72,19.0,1388.09,298.0,11.95,4.79,1161.24,229.67
2020-10-18,53.14,8.0,159.12,22.0,1592.27,297.0,27.33,6.35,1098.5,203.06
2020-10-19,8.66,6.0,38.39,15.0,584.96,109.0,7.6,3.35,347.16,52.53
2020-10-20,0.94,1.0,24.54,10.0,771.66,172.0,15.48,3.74,686.04,139.37
2020-10-21,18.09,7.0,76.41,17.0,816.23,163.0,18.69,1.79,339.97,61.73
2020-10-22,1.97,4.0,30.28,18.0,1301.08,271.0,0.07,0.03,300.45,59.21
2020-10-23,12.29,7.0,65.6,21.0,1104.1,249.0,19.37,4.89,722.2,152.62
2020-10-24,11.88,8.0,30.81,19.0,773.15,167.0,2.93,3.79,450.9,89.58
2020-10-25,0.0,0.0,45.55,11.0,1582.04,265.0,0.86,0.34,681.53,115.32
2020-10-26,4.96,2.0,47.22,18.0,1128.87,184.0,5.16,2.41,976.91,138.06
2020-10-27,11.27,6.0,67.4,28.0,1496.79,273.0,27.89,9.29,1142.67,183.62
2020-10-28,2.24,3.0,116.87,38.0,1753.81,369.0,36.31,10.59,1380.2,256.25
2020-10-29,6.44,5.0,24.89,11.0,1142.6,193.0,2.93,1.49,816.74,127.31
2020-10-30,5.54,1.0,25.52,14.0,1723.83,292.0,8.77,4.52,1542.11,245.95
2020-10-31,5.5,5.0,49.86,19.0,2339.57,375.0,9.06,7.27,2046.76,308.64
2020-11-01,9.43,5.0,121.46,41.0,2458.63,302.0,30.51,11.56,1874.5,199.16
2020-11-02,3.36,5.0,69.11,31.0,1613.04,323.0,25.37,13.14,1108.16,203.06
2020-11-03,9.64,7.0,63.97,24.0,1749.54,281.0,32.3,6.51,1107.21,148.59
2020-11-04,0.92,2.0,27.88,9.0,1196.56,174.0,1.33,1.61,853.22,102.17
2020-11-05,0.0,0.0,15.88,7.0,1547.41,252.0,9.57,1.98,1442.64,223.86
2020-11-06,113.51,6.0,143.2,18.0,2045.34,271.0,25.35,8.19,1724.61,219.51
2020-11-07,140.83,9.0,245.89,39.0,2499.62,393.0,58.32,14.51,1962.02,298.06
2020-11-08,72.29,8.0,151.48,35.0,1757.04,327.0,32.21,9.92,1112.6,195.82
2020-11-09,52.49,12.0,90.85,19.0,690.29,111.0,20.45,4.87,457.49,66.59
2020-11-10,21.31,8.0,51.81,20.0,1638.39,254.0,35.47,8.85,75.41,23.66
2020-11-11,17.63,7.0,35.58,13.0,1317.95,197.0,16.87,6.77,66.11,24.8
2020-11-12,9.82,9.0,61.05,26.0,981.12,190.0,15.15,5.68,124.02,30.89
2020-11-13,16.83,7.0,90.44,30.0,893.71,185.0,37.93,12.19,706.73,124.14
2020-11-14,33.33,7.0,48.69,12.0,304.12,79.0,9.38,3.76,55.14,19.87
2020-11-15,0.0,0.0,17.82,4.0,216.63,52.0,4.99,0.73,31.09,6.51
2020-11-16,2.46,3.0,4.9,5.0,10.97,8.0,0.04,0.03,2.72,1.16
2020-11-17,2.66,4.0,34.14,13.0,63.87,20.0,15.7,6.11,24.25,8.4
2020-11-18,5.53,5.0,91.6,31.0,234.96,60.0,49.5,14.46,144.75,32.67
2020-11-19,17.09,7.0,68.65,24.0,333.28,68.0,40.25,11.86,205.76,32.66
2020-11-20,0.0,0.0,29.16,9.0,83.01,29.0,12.85,3.91,37.4,11.93
2020-11-21,31.0,5.0,122.65,17.0,288.92,53.0,36.2,7.71,163.27,30.53
2020-11-22,18.62,5.0,57.45,12.0,109.32,28.0,18.7,3.84,49.28,11.27
2020-11-23,10.81,2.0,93.73,26.0,159.24,38.0,49.37,11.19,57.6,13.62
2020-11-24,5.65,3.0,24.12,10.0,59.79,19.0,16.51,6.78,26.17,12.0
2020-11-25,0.0,0.0,5.52,2.0,5.52,2.0,0.42,0.14,0.42,0.14
2020-11-26,2.03,4.0,40.34,15.0,67.06,27.0,13.0,5.01,32.13,12.89
2020-11-27,3.64,4.0,33.04,14.0,83.97,33.0,5.97,4.69,24.19,10.51
2020-11-28,15.76,6.0,64.03,18.0,211.55,52.0,21.11,5.05,75.56,17.73
2020-11-29,51.68,12.0,145.2,42.0,276.71,85.0,26.99,10.14,62.43,18.46
2020-11-30,13.85,5.0,127.78,29.0,207.69,53.0,41.63,8.71,60.53,15.94
2020-12-01,5.24,6.0,87.7,32.0,142.68,45.0,27.27,11.8,50.62,16.79
2020-12-02,14.73,6.0,47.97,17.0,139.51,43.0,9.34,4.76,28.58,9.58
2020-12-03,13.47,6.0,156.66,42.0,283.74,74.0,44.23,12.59,100.63,27.08
2020-12-04,25.76,8.0,135.31,48.0,248.29,87.0,28.75,9.81,50.25,19.25
2020-12-05,29.7,16.0,196.14,61.0,327.16,106.0,30.43,10.87,52.96,20.88
2020-12-06,23.9,4.0,92.35,23.0,221.14,65.0,26.06,8.19,53.64,16.27
2020-12-07,1.83,1.0,52.1,17.0,131.93,38.0,7.24,2.91,19.99,7.99
2020-12-08,71.53,16.0,144.68,31.0,240.14,55.0,61.51,12.82,93.68,21.8
2020-12-09,11.5,7.0,165.15,43.0,271.05,69.0,76.63,21.18,134.95,36.41
2020-12-10,46.34,13.0,162.01,41.0,323.38,90.0,61.43,16.11,118.32,34.0
2020-12-11,0.0,0.0,13.2,4.0,47.9,17.0,0.16,0.11,0.16,0.11
2020-12-12,0.0,0.0,2.41,1.0,4.76,2.0,2.09,0.87,2.33,0.97
2020-12-13,16.98,7.0,24.06,10.0,110.47,25.0,8.24,2.28,8.24,2.28
2020-12-14,25.37,12.0,104.95,33.0,163.96,49.0,58.37,16.83,82.56,22.96
2020-12-15,44.91,17.0,190.76,73.0,389.3,135.0,75.84,26.99,158.08,54.03
2020-12-16,37.49,9.0,88.64,25.0,157.48,42.0,27.18,8.38,67.12,16.86
2020-12-17,17.58,3.0,50.07,13.0,92.15,26.0,6.15,2.62,24.75,7.92
2020-12-18,37.4,9.0,101.49,27.0,168.47,47.0,13.87,5.48,25.87,10.72
2020-12-19,12.41,5.0,113.33,33.0,267.77,59.0,28.1,7.66,46.71,12.77
2020-12-20,39.68,18.0,122.91,48.0,211.08,79.0,32.96,11.85,50.9,18.36
2020-12-21,16.58,7.0,99.59,31.0,180.16,55.0,30.94,8.83,55.34,17.14
2020-12-22,32.17,9.0,94.91,27.0,198.82,55.0,25.0,7.8,47.36,12.31
2020-12-23,16.98,6.0,74.43,23.0,135.2,46.0,34.76,9.39,63.13,19.13
2020-12-24,11.0,3.0,76.83,21.0,171.88,54.0,20.06,7.42,52.43,19.68
2020-12-25,18.24,6.0,93.95,32.0,254.99,80.0,30.87,12.51,83.2,25.46
2020-12-26,10.43,5.0,119.6,35.0,244.87,72.0,16.04,4.69,58.57,14.02
2020-12-27,23.94,7.0,129.29,38.0,254.48,73.0,28.36,7.94,59.64,12.54
2020-12-28,12.45,5.0,48.72,19.0,62.95,26.0,20.39,8.73,25.61,11.33
2020-12-29,33.08,7.0,74.06,20.0,142.86,41.0,24.89,7.01,52.94,14.78
2020-12-30,19.37,4.0,78.95,23.0,130.59,38.0,25.46,8.72,44.79,13.65
2020-12-31,11.84,5.0,44.76,17.0,83.41,32.0,4.62,2.48,11.84,6.35
2021-01-01,0.0,0.0,8.0,4.0,29.96,14.0,1.86,1.42,21.13,10.18
2021-01-02,0.76,1.0,0.76,1.0,22.01,7.0,0.0,0.0,17.68,4.93
2021-01-03,0.0,0.0,0.0,0.0,1.9,1.0,0.0,0.0,0.0,0.0
2021-01-04,0.0,0.0,4.36,2.0,76.98,19.0,1.14,0.51,6.24,2.11
2021-01-05,0.0,0.0,0.0,0.0,0.51,1.0,0.0,0.0,0.08,0.15
2021-01-06,0.0,0.0,0.0,0.0,0.58,1.0,0.0,0.0,0.53,0.92
2021-01-07,0.0,0.0,0.0,0.0,0.0,0.0,0.0,0.0,0.0,0.0
2021-01-08,0.0,0.0,0.0,0.0,0.0,0.0,0.0,0.0,0.0,0.0
2021-01-09,3.07,1.0,8.55,3.0,30.99,9.0,3.77,1.37,12.56,3.89
2021-01-10,4.69,1.0,26.65,10.0,33.27,13.0,2.26,0.62,2.26,0.62
2021-01-11,15.22,6.0,41.63,17.0,78.37,31.0,4.8,2.32,15.44,5.68
2021-01-12,5.97,2.0,33.6,11.0,46.27,13.0,0.86,0.31,2.64,0.48
2021-01-13,16.31,5.0,31.99,9.0,71.19,22.0,19.91,3.72,30.24,6.54
2021-01-14,0.0,0.0,1.38,1.0,27.52,7.0,0.09,0.06,12.46,2.68
2021-01-15,27.09,6.0,76.69,17.0,204.96,42.0,45.59,10.83,142.11,27.65
2021-01-16,0.0,0.0,21.43,9.0,65.36,22.0,3.7,1.57,10.29,4.19
2021-01-17,0.0,0.0,5.79,2.0,25.43,7.0,0.0,0.0,0.0,0.0
2021-01-18,1.91,1.0,1.91,1.0,9.5,3.0,0.57,0.3,5.04,1.54
2021-01-19,13.92,4.0,58.32,15.0,152.44,38.0,16.48,2.39,26.99,6.34
2021-01-20,11.91,4.0,71.35,21.0,179.45,39.0,4.71,1.97,11.06,4.65
2021-01-21,14.13,7.0,93.43,35.0,185.67,61.0,36.15,13.07,59.6,21.74
2021-01-22,3.43,2.0,47.0,12.0,96.13,29.0,3.84,0.71,21.09,6.58
2021-01-23,6.6,3.0,18.05,7.0,113.83,20.0,3.97,2.12,17.99,3.63
2021-01-24,0.0,0.0,9.61,3.0,44.62,10.0,5.98,1.59,6.3,1.7
2021-01-25,0.0,0.0,36.78,8.0,36.78,8.0,3.67,1.03,3.67,1.03
2021-01-26,13.83,4.0,71.71,20.0,125.97,36.0,25.1,5.59,52.88,12.58
2021-01-27,9.77,6.0,101.78,37.0,156.49,55.0,15.24,7.57,32.16,11.7
2021-01-28,6.18,3.0,16.46,7.0,56.73,18.0,10.64,3.71,20.13,6.53
2021-01-29,0.0,0.0,17.41,6.0,46.86,16.0,10.1,3.39,16.67,4.82
2021-01-30,20.25,4.0,57.48,15.0,194.92,42.0,9.69,1.86,42.84,6.2
2021-01-31,8.86,3.0,82.83,22.0,198.44,56.0,33.31,9.96,77.82,22.66
2021-02-01,23.21,9.0,101.93,38.0,297.57,101.0,39.16,13.6,89.68,29.48
2021-02-02,22.87,5.0,61.92,16.0,199.58,56.0,19.38,4.5,88.4,23.62
2021-02-03,4.88,2.0,103.47,17.0,257.34,44.0,9.78,2.79,39.53,8.17
2021-02-04,0.0,0.0,6.45,3.0,10.43,4.0,0.0,0.0,0.0,0.0
2021-02-05,5.3,3.0,18.23,8.0,38.75,15.0,7.34,3.19,8.78,4.09
2021-02-06,8.53,4.0,78.95,29.0,210.84,76.0,22.86,8.98,38.9,15.39
2021-02-07,14.82,2.0,55.39,13.0,382.27,87.0,8.78,2.38,16.17,4.47
2021-02-08,8.16,2.0,27.06,8.0,117.17,30.0,5.44,1.4,9.06,3.21
2021-02-09,41.88,5.0,147.49,23.0,347.12,53.0,55.71,9.65,69.32,13.51
2021-02-10,16.15,4.0,52.79,16.0,233.32,51.0,37.94,11.31,160.03,34.58
2021-02-11,15.18,6.0,159.42,41.0,386.08,99.0,44.62,12.26,100.88,27.14
2021-02-12,24.68,7.0,58.22,16.0,177.78,46.0,9.63,2.79,25.83,8.55
2021-02-13,0.0,0.0,20.07,7.0,65.37,19.0,9.93,3.04,29.05,7.55
2021-02-14,19.44,4.0,53.94,13.0,109.69,25.0,27.96,6.93,59.05,12.29
2021-02-15,3.51,1.0,46.25,15.0,185.59,51.0,22.61,7.37,84.89,24.42
2021-02-16,6.61,2.0,112.87,26.0,391.76,71.0,62.78,15.04,275.64,44.02
2021-02-17,5.3,3.0,73.67,31.0,273.67,98.0,33.86,12.41,129.31,48.05
2021-02-18,28.56,2.0,62.76,12.0,189.89,46.0,25.89,5.65,87.17,22.7
2021-02-19,8.84,3.0,68.65,14.0,128.7,29.0,49.64,9.11,84.15,17.67
2021-02-20,13.6,3.0,59.64,18.0,158.83,45.0,16.33,4.42,35.86,9.61
2021-02-21,12.88,9.0,28.4,17.0,126.11,40.0,9.28,6.07,36.32,10.56
2021-02-22,9.02,4.0,81.97,20.0,227.05,62.0,36.46,5.06,76.26,16.15
2021-02-23,28.25,8.0,93.66,28.0,227.26,65.0,28.92,7.74,62.4,14.46
2021-02-24,0.38,1.0,26.56,7.0,214.8,43.0,7.5,2.11,44.48,8.2
2021-02-25,1.29,1.0,32.56,5.0,201.18,43.0,4.27,1.42,10.71,2.71
2021-02-26,57.1,2.0,93.67,8.0,448.78,56.0,19.53,3.04,29.43,5.0
2021-02-27,5.48,2.0,43.87,12.0,84.92,25.0,14.45,4.03,25.13,7.51
2021-02-28,19.18,6.0,119.91,24.0,502.53,97.0,41.11,8.4,190.4,37.79
2021-03-01,1.37,3.0,26.57,8.0,150.45,47.0,18.56,4.18,24.54,7.1
2021-03-02,0.0,0.0,45.97,7.0,320.16,57.0,20.51,2.94,29.35,4.78
2021-03-03,4.29,3.0,7.53,6.0,108.26,33.0,2.5,1.8,13.44,4.42
2021-03-04,9.29,8.0,36.54,15.0,263.9,80.0,11.15,3.34,165.13,51.48
2021-03-05,9.15,4.0,22.86,11.0,400.41,137.0,9.06,5.6,93.08,20.84
2021-03-06,17.57,8.0,24.55,10.0,233.48,62.0,11.51,4.81,17.87,6.92
2021-03-07,0.0,0.0,11.03,3.0,48.03,11.0,1.32,0.26,13.02,2.37
2021-03-08,0.0,0.0,0.0,0.0,10.53,5.0,0.0,0.0,2.25,1.44
2021-03-09,0.0,0.0,10.81,4.0,93.99,25.0,1.65,0.42,49.69,10.79
2021-03-10,0.0,0.0,10.97,5.0,119.46,45.0,1.35,0.56,24.29,8.82
2021-03-11,0.87,2.0,18.0,7.0,292.12,92.0,9.21,3.38,178.26,52.32
2021-03-12,0.0,0.0,0.0,0.0,12.57,3.0,0.0,0.0,1.34,0.3
2021-03-13,0.76,1.0,0.76,1.0,174.68,63.0,0.57,0.75,21.15,6.98
2021-03-14,3.48,1.0,8.13,4.0,192.8,51.0,5.68,2.03,11.17,3.15
2021-03-15,0.0,0.0,5.94,2.0,189.8,59.0,0.0,0.0,2.6,1.81
2021-03-16,0.37,1.0,37.98,9.0,229.16,68.0,0.38,0.98,9.89,3.54
2021-03-17,0.39,1.0,6.28,4.0,172.53,46.0,0.8,1.6,21.11,7.07
2021-03-18,0.0,0.0,0.0,0.0,43.0,13.0,0.0,0.0,6.87,1.8
2021-03-19,4.3,4.0,4.3,4.0,249.02,82.0,0.35,0.93,3.3,2.0
2021-03-20,5.11,7.0,38.57,11.0,264.89,90.0,3.22,3.39,5.08,4.51
2021-03-21,12.09,3.0,45.1,10.0,354.96,99.0,27.09,4.73,293.47,83.39
2021-03-22,0.0,0.0,10.88,3.0,44.29,13.0,8.36,2.2,29.16,8.72
2021-03-23,4.82,2.0,4.82,2.0,104.87,29.0,1.59,0.66,80.51,23.83
2021-03-24,3.6,1.0,3.6,1.0,352.59,70.0,1.78,0.49,55.89,9.99
2021-03-25,1.11,3.0,1.11,3.0,106.35,61.0,1.0,2.56,2.08,3.78
2021-03-26,5.56,6.0,29.4,11.0,314.42,136.0,14.12,6.73,29.21,13.64
2021-03-27,6.18,2.0,32.53,10.0,324.06,104.0,5.22,1.69,23.9,6.78
2021-03-28,13.48,3.0,20.8,5.0,143.87,57.0,17.63,3.87,96.55,35.48
2021-03-29,3.55,1.0,14.64,5.0,142.84,57.0,0.0,0.0,60.6,32.91
2021-03-30,2.66,3.0,28.2,11.0,591.84,130.0,7.69,3.71,11.66,6.01
2021-03-31,0.97,2.0,92.72,15.0,1395.45,333.0,6.18,3.94,53.15,13.08
2021-04-01,62.6,9.0,108.31,18.0,1240.77,332.0,50.59,5.79,75.89,12.37
2021-04-02,12.8,6.0,35.62,10.0,1010.73,289.0,11.97,3.83,132.9,43.63
2021-04-03,53.43,6.0,66.67,10.0,1123.86,364.0,8.97,2.43,338.16,117.53
2021-04-04,0.37,1.0,54.97,11.0,931.7,286.0,13.31,1.73,90.21,27.51
2021-04-05,0.0,0.0,1.2,3.0,247.72,92.0,0.0,0.0,93.06,29.58
2021-04-06,4.51,2.0,13.66,5.0,87.11,21.0,9.41,2.54,17.98,7.68
2021-04-07,6.09,3.0,21.71,7.0,344.04,98.0,10.48,3.14,66.0,20.47
2021-04-08,1.13,2.0,27.0,9.0,303.81,77.0,1.72,1.9,38.18,10.25
2021-04-09,64.04,10.0,169.64,28.0,593.01,116.0,10.97,5.33,117.35,27.93
2021-04-10,18.36,6.0,242.83,27.0,1057.21,220.0,144.16,12.02,178.83,19.33
2021-04-11,2.84,3.0,32.13,9.0,1186.38,275.0,2.72,2.69,182.91,25.12
2021-04-12,10.6,2.0,71.15,12.0,644.44,166.0,8.26,2.12,137.32,30.96
2021-04-13,12.11,4.0,95.64,19.0,409.47,104.0,16.78,3.23,31.5,7.72
2021-04-14,66.28,7.0,251.11,41.0,860.71,138.0,96.06,11.09,104.35,12.64
2021-04-15,2.19,1.0,114.39,22.0,368.62,109.0,57.23,6.88,82.7,16.23
2021-04-16,0.0,0.0,154.25,18.0,667.99,89.0,3.26,0.52,343.63,50.0
2021-04-17,4.99,3.0,28.0,11.0,125.06,52.0,6.6,3.2,31.62,11.81
2021-04-18,42.41,8.0,336.62,50.0,924.98,148.0,46.7,3.51,128.41,27.19
2021-04-19,36.86,9.0,334.79,48.0,849.73,158.0,19.54,5.15,123.49,25.1
2021-04-20,0.0,0.0,2.76,3.0,12.29,6.0,0.02,0.02,1.91,0.57
2021-04-21,52.8,9.0,287.47,46.0,424.1,84.0,75.87,17.15,89.03,21.5
2021-04-22,34.59,11.0,282.6,61.0,364.06,92.0,21.46,6.23,70.27,22.56
2021-04-23,13.77,2.0,124.93,22.0,180.04,40.0,10.67,1.04,12.32,2.07
2021-04-24,177.62,29.0,835.49,138.0,1617.4,288.0,452.17,70.98,995.41,165.74
2021-04-25,74.42,15.0,1021.88,153.0,2008.74,333.0,487.23,78.12,1154.06,192.01
2021-04-26,197.9,21.0,1424.3,153.0,4118.68,391.0,699.26,88.12,2763.62,243.57
2021-04-27,305.93,43.0,2067.05,248.0,4042.93,500.0,1135.87,143.55,2691.3,331.14
2021-04-28,69.37,8.0,1475.1,129.0,3864.48,372.0,1247.09,103.32,3032.4,274.48
2021-04-29,245.36,40.0,1409.51,194.0,4661.03,626.0,769.24,117.71,3352.77,446.91
2021-04-30,46.68,11.0,320.61,74.0,1306.82,275.0,4.2,1.03,77.07,15.67
2021-05-01,79.51,15.0,778.68,115.0,3423.27,522.0,66.94,10.86,208.26,48.04
2021-05-02,496.97,61.0,1757.96,238.0,3201.81,557.0,131.71,21.42,218.76,43.18
2021-05-03,38.56,11.0,336.63,46.0,990.81,141.0,52.52,4.17,295.51,41.87
2021-05-04,68.58,14.0,371.94,60.0,996.2,170.0,25.08,7.93,281.48,57.32
2021-05-05,169.91,33.0,616.12,131.0,1526.59,374.0,33.44,9.59,124.88,31.18
2021-05-06,58.31,10.0,200.36,35.0,553.91,107.0,50.04,9.38,158.73,37.39
2021-05-07,0.0,0.0,143.94,19.0,712.95,119.0,36.81,6.87,120.72,23.01
2021-05-08,31.32,7.0,238.59,38.0,1141.81,207.0,82.75,10.77,416.57,87.32
2021-05-09,41.08,11.0,351.68,91.0,1209.93,283.0,29.79,6.45,55.91,11.9
2021-05-10,0.0,0.0,36.08,6.0,189.3,28.0,16.1,2.67,62.06,8.3
2021-05-11,7.06,3.0,176.74,35.0,591.92,134.0,19.08,3.63,153.16,24.6
2021-05-12,12.65,2.0,31.59,7.0,104.77,23.0,12.53,2.26,40.62,9.37
2021-05-13,0.68,1.0,26.19,9.0,115.57,32.0,1.42,1.0,80.34,19.79
2021-05-14,2.17,1.0,114.15,18.0,423.46,80.0,19.59,3.6,63.14,12.23
2021-05-15,26.15,6.0,52.91,14.0,106.68,26.0,14.7,3.63,39.09,8.58
2021-05-16,29.72,7.0,118.64,27.0,669.26,152.0,19.29,3.8,329.23,65.28
2021-05-17,0.0,0.0,0.0,0.0,92.8,15.0,0.0,0.0,0.0,0.0
2021-05-18,0.0,0.0,0.0,0.0,0.0,0.0,0.0,0.0,0.0,0.0
2021-05-19,0.0,0.0,0.0,0.0,0.0,0.0,0.0,0.0,0.0,0.0
2021-05-20,0.0,0.0,0.0,0.0,40.88,13.0,0.0,0.0,0.04,0.02
2021-05-21,0.0,0.0,0.0,0.0,0.0,0.0,0.0,0.0,0.0,0.0
2021-05-22,0.0,0.0,0.0,0.0,6.35,3.0,0.0,0.0,0.0,0.0
2021-05-23,5.73,3.0,31.32,6.0,43.63,10.0,8.29,2.6,10.34,3.88
2021-05-24,0.0,0.0,0.0,0.0,27.97,10.0,0.0,0.0,3.69,1.36
2021-05-25,9.83,2.0,14.52,3.0,84.75,14.0,6.65,0.98,28.09,4.12
2021-05-26,10.53,2.0,22.56,8.0,105.82,22.0,10.23,4.97,45.57,12.65
2021-05-27,12.2,2.0,19.03,4.0,116.39,20.0,5.82,1.7,16.47,3.38
2021-05-28,12.61,4.0,12.61,4.0,29.02,9.0,0.82,0.52,2.39,1.24
2021-05-29,9.8,3.0,11.46,4.0,24.94,10.0,0.58,0.13,0.77,0.32
2021-05-30,0.0,0.0,0.0,0.0,0.0,0.0,0.0,0.0,0.0,0.0
2021-05-31,1.57,1.0,1.57,1.0,14.65,4.0,0.0,0.0,10.22,1.98
2021-06-01,0.0,0.0,6.75,1.0,6.75,1.0,6.2,0.92,6.2,0.92
2021-06-02,0.0,0.0,0.0,0.0,1.19,2.0,0.0,0.0,0.7,1.26
2021-06-03,0.0,0.0,6.27,1.0,58.45,8.0,0.58,0.09,17.33,2.52
2021-06-04,0.0,0.0,0.0,0.0,2.39,1.0,0.0,0.0,2.35,0.98
2021-06-05,2.21,2.0,8.49,5.0,15.87,9.0,2.19,2.02,5.03,3.54
2021-06-06,0.0,0.0,7.62,2.0,7.62,2.0,0.0,0.0,0.0,0.0
2021-06-07,0.0,0.0,0.0,0.0,10.2,3.0,0.0,0.0,3.12,0.98
2021-06-08,0.0,0.0,0.0,0.0,8.69,3.0,0.0,0.0,0.72,0.74
2021-06-09,0.0,0.0,0.0,0.0,8.38,2.0,0.0,0.0,0.0,0.0
2021-06-10,0.0,0.0,0.0,0.0,0.0,0.0,0.0,0.0,0.0,0.0
2021-06-11,0.0,0.0,0.0,0.0,0.0,0.0,0.0,0.0,0.0,0.0
2021-06-12,0.0,0.0,0.0,0.0,0.0,0.0,0.0,0.0,0.0,0.0
2021-06-13,0.0,0.0,0.0,0.0,0.0,0.0,0.0,0.0,0.0,0.0
2021-06-14,0.7,1.0,0.7,1.0,6.45,2.0,0.0,0.0,4.28,0.74
2021-06-15,0.0,0.0,0.0,0.0,0.0,0.0,0.0,0.0,0.0,0.0
2021-06-16,0.0,0.0,0.0,0.0,0.0,0.0,0.0,0.0,0.0,0.0
2021-06-17,0.0,0.0,0.0,0.0,2.03,1.0,0.0,0.0,0.0,0.0
2021-06-18,0.0,0.0,0.0,0.0,1.2,1.0,0.0,0.0,0.0,0.0
2021-06-19,0.0,0.0,0.0,0.0,2.06,1.0,0.0,0.0,0.14,0.07
2021-06-20,0.46,1.0,1.55,2.0,5.04,3.0,0.0,0.0,0.0,0.0
2021-06-21,2.32,1.0,5.35,2.0,7.74,3.0,0.0,0.0,0.0,0.0
2021-06-22,0.0,0.0,2.9,1.0,4.29,2.0,0.0,0.0,0.0,0.0
2021-06-23,0.0,0.0,0.0,0.0,1.93,1.0,0.0,0.0,0.0,0.0
2021-06-24,1.82,2.0,2.53,3.0,3.59,4.0,0.0,0.0,0.0,0.0
2021-06-25,0.0,0.0,0.0,0.0,2.18,1.0,0.0,0.0,0.03,0.02
2021-06-26,0.0,0.0,0.0,0.0,2.27,2.0,0.0,0.0,0.0,0.0
2021-06-27,0.0,0.0,0.0,0.0,5.5,2.0,0.0,0.0,0.0,0.0
2021-06-28,0.0,0.0,0.75,1.0,0.75,1.0,0.0,0.0,0.0,0.0
2021-06-29,0.44,1.0,1.02,2.0,5.06,4.0,0.02,0.05,0.24,0.13
2021-06-30,0.0,0.0,0.0,0.0,13.86,5.0,0.0,0.0,1.99,0.49
2021-07-01,0.0,0.0,0.47,1.0,9.07,3.0,0.0,0.0,1.02,1.0
2021-07-02,0.0,0.0,3.57,1.0,19.64,4.0,0.0,0.0,11.66,1.85
2021-07-03,0.0,0.0,0.0,0.0,0.0,0.0,0.0,0.0,0.0,0.0
2021-07-04,0.0,0.0,0.0,0.0,13.36,2.0,0.0,0.0,0.0,0.0
2021-07-05,2.44,1.0,2.44,1.0,7.43,2.0,2.41,0.99,5.63,1.63
2021-07-06,0.0,0.0,0.0,0.0,0.0,0.0,0.0,0.0,0.0,0.0
2021-07-07,0.0,0.0,10.05,3.0,39.98,9.0,4.44,0.98,18.69,4.19
2021-07-08,0.0,0.0,2.46,1.0,2.46,1.0,0.0,0.0,0.0,0.0
2021-07-09,0.95,1.0,0.95,1.0,4.88,2.0,0.0,0.0,3.92,1.0
2021-07-10,0.0,0.0,2.54,1.0,30.13,7.0,0.34,0.14,7.28,2.09
2021-07-11,54.78,19.0,54.78,19.0,62.77,22.0,0.0,0.0,0.49,0.71
2021-07-12,22.35,2.0,22.35,2.0,22.35,2.0,0.0,0.0,0.0,0.0
2021-07-13,0.0,0.0,0.0,0.0,0.0,0.0,0.0,0.0,0.0,0.0
2021-07-14,0.0,0.0,0.0,0.0,0.0,0.0,0.0,0.0,0.0,0.0
2021-07-15,0.0,0.0,0.0,0.0,6.91,1.0,0.0,0.0,0.05,0.01
2021-07-16,2.87,1.0,8.36,3.0,42.03,9.0,0.09,0.13,13.49,1.96
2021-07-17,0.0,0.0,0.0,0.0,0.0,0.0,0.0,0.0,0.0,0.0
2021-07-18,0.0,0.0,0.0,0.0,0.0,0.0,0.0,0.0,0.0,0.0
2021-07-19,0.0,0.0,0.0,0.0,0.0,0.0,0.0,0.0,0.0,0.0
2021-07-20,0.0,0.0,0.0,0.0,0.0,0.0,0.0,0.0,0.0,0.0
2021-07-21,0.0,0.0,0.0,0.0,0.0,0.0,0.0,0.0,0.0,0.0
2021-07-22,0.0,0.0,0.0,0.0,0.0,0.0,0.0,0.0,0.0,0.0
2021-07-23,0.0,0.0,0.0,0.0,3.01,2.0,0.0,0.0,0.0,0.0
2021-07-24,0.0,0.0,0.0,0.0,1.09,1.0,0.0,0.0,0.0,0.0
2021-07-25,0.0,0.0,0.0,0.0,0.0,0.0,0.0,0.0,0.0,0.0
2021-07-26,0.0,0.0,0.0,0.0,0.0,0.0,0.0,0.0,0.0,0.0
2021-07-27,0.0,0.0,0.0,0.0,0.0,0.0,0.0,0.0,0.0,0.0
2021-07-28,0.0,0.0,0.0,0.0,0.0,0.0,0.0,0.0,0.0,0.0
2021-07-29,0.0,0.0,0.0,0.0,0.0,0.0,0.0,0.0,0.0,0.0
2021-07-30,0.0,0.0,0.0,0.0,0.0,0.0,0.0,0.0,0.0,0.0
2021-07-31,0.0,0.0,0.0,0.0,0.0,0.0,0.0,0.0,0.0,0.0
2021-08-01,0.0,0.0,0.0,0.0,0.0,0.0,0.0,0.0,0.0,0.0
2021-08-02,0.0,0.0,0.0,0.0,7.28,2.0,0.0,0.0,7.28,2.0
2021-08-03,0.0,0.0,0.0,0.0,0.0,0.0,0.0,0.0,0.0,0.0
2021-08-04,0.0,0.0,0.0,0.0,0.0,0.0,0.0,0.0,0.0,0.0
2021-08-05,0.0,0.0,0.0,0.0,0.0,0.0,0.0,0.0,0.0,0.0
2021-08-06,0.0,0.0,0.0,0.0,0.0,0.0,0.0,0.0,0.0,0.0
2021-08-07,0.0,0.0,0.0,0.0,0.0,0.0,0.0,0.0,0.0,0.0
2021-08-08,0.0,0.0,0.0,0.0,0.0,0.0,0.0,0.0,0.0,0.0
2021-08-09,0.0,0.0,0.0,0.0,0.0,0.0,0.0,0.0,0.0,0.0
2021-08-10,1.24,2.0,1.24,2.0,1.24,2.0,0.28,0.45,0.28,0.45
2021-08-11,1.42,2.0,1.42,2.0,1.42,2.0,0.69,0.76,0.69,0.76
2021-08-12,0.0,0.0,0.0,0.0,7.96,1.0,0.0,0.0,0.0,0.0
2021-08-13,0.0,0.0,0.0,0.0,0.0,0.0,0.0,0.0,0.0,0.0
2021-08-14,2.44,1.0,2.44,1.0,2.44,1.0,0.0,0.0,0.0,0.0
2021-08-15,0.0,0.0,0.0,0.0,2.41,1.0,0.0,0.0,0.27,0.11
2021-08-16,0.0,0.0,1.01,1.0,1.01,1.0,0.93,0.92,0.93,0.92
2021-08-17,2.58,2.0,5.35,4.0,5.35,4.0,3.74,2.59,3.74,2.59
2021-08-18,0.0,0.0,0.0,0.0,0.0,0.0,0.0,0.0,0.0,0.0
2021-08-19,0.0,0.0,0.0,0.0,0.0,0.0,0.0,0.0,0.0,0.0
2021-08-20,0.0,0.0,0.0,0.0,0.0,0.0,0.0,0.0,0.0,0.0
2021-08-21,0.0,0.0,0.0,0.0,0.0,0.0,0.0,0.0,0.0,0.0
2021-08-22,0.0,0.0,0.0,0.0,0.49,1.0,0.0,0.0,0.0,0.0
2021-08-23,0.0,0.0,0.0,0.0,0.0,0.0,0.0,0.0,0.0,0.0
2021-08-24,0.0,0.0,0.0,0.0,3.27,1.0,0.0,0.0,0.0,0.0
2021-08-25,0.0,0.0,0.0,0.0,0.0,0.0,0.0,0.0,0.0,0.0
2021-08-26,0.0,0.0,0.0,0.0,0.0,0.0,0.0,0.0,0.0,0.0
2021-08-27,0.0,0.0,0.0,0.0,11.68,2.0,0.0,0.0,0.0,0.0
2021-08-28,0.43,1.0,0.43,1.0,0.43,1.0,0.0,0.0,0.0,0.0
2021-08-29,0.0,0.0,0.0,0.0,0.0,0.0,0.0,0.0,0.0,0.0
2021-08-30,0.0,0.0,0.0,0.0,2.38,1.0,0.0,0.0,0.0,0.0
2021-08-31,0.0,0.0,0.0,0.0,0.0,0.0,0.0,0.0,0.0,0.0
2021-09-01,0.0,0.0,0.0,0.0,0.0,0.0,0.0,0.0,0.0,0.0
2021-09-02,0.0,0.0,0.0,0.0,0.0,0.0,0.0,0.0,0.0,0.0
2021-09-03,0.0,0.0,0.0,0.0,0.0,0.0,0.0,0.0,0.0,0.0
2021-09-04,0.0,0.0,0.0,0.0,0.0,0.0,0.0,0.0,0.0,0.0
2021-09-05,0.0,0.0,0.0,0.0,0.0,0.0,0.0,0.0,0.0,0.0
2021-09-06,0.0,0.0,0.0,0.0,0.0,0.0,0.0,0.0,0.0,0.0
2021-09-07,1.64,1.0,6.12,3.0,6.12,3.0,1.53,0.94,1.53,0.94
2021-09-08,4.33,1.0,4.33,1.0,4.33,1.0,0.0,0.0,0.0,0.0
2021-09-09,3.39,4.0,4.18,5.0,5.53,6.0,1.4,0.95,1.4,0.95
2021-09-10,0.0,0.0,0.0,0.0,0.0,0.0,0.0,0.0,0.0,0.0
2021-09-11,0.0,0.0,0.7,1.0,0.7,1.0,0.0,0.0,0.0,0.0
2021-09-12,0.0,0.0,0.0,0.0,0.0,0.0,0.0,0.0,0.0,0.0
2021-09-13,0.0,0.0,0.0,0.0,0.0,0.0,0.0,0.0,0.0,0.0
2021-09-14,0.0,0.0,0.0,0.0,0.0,0.0,0.0,0.0,0.0,0.0
2021-09-15,0.0,0.0,0.0,0.0,0.0,0.0,0.0,0.0,0.0,0.0
2021-09-16,0.0,0.0,0.0,0.0,0.0,0.0,0.0,0.0,0.0,0.0
2021-09-17,0.92,1.0,0.92,1.0,0.92,1.0,0.0,0.0,0.0,0.0
2021-09-18,0.0,0.0,1.28,1.0,4.95,4.0,0.0,0.0,1.59,1.0
2021-09-19,0.56,1.0,0.56,1.0,2.74,2.0,0.0,0.0,0.0,0.0
2021-09-20,0.0,0.0,0.0,0.0,5.26,1.0,0.0,0.0,0.0,0.0
2021-09-21,0.0,0.0,0.0,0.0,0.0,0.0,0.0,0.0,0.0,0.0
2021-09-22,0.0,0.0,0.0,0.0,0.0,0.0,0.0,0.0,0.0,0.0
2021-09-23,0.0,0.0,0.0,0.0,1.31,1.0,0.0,0.0,0.0,0.0
2021-09-24,0.69,1.0,0.69,1.0,1.24,2.0,0.0,0.0,0.53,0.96
2021-09-25,0.0,0.0,0.82,1.0,0.82,1.0,0.0,0.0,0.0,0.0
2021-09-26,0.0,0.0,0.0,0.0,1.82,1.0,0.0,0.0,0.08,0.04
2021-09-27,1.02,1.0,1.89,2.0,5.82,4.0,0.0,0.0,1.56,1.07
2021-09-28,1.28,1.0,1.28,1.0,8.61,3.0,0.0,0.0,0.0,0.0
2021-09-29,2.44,2.0,4.59,4.0,36.35,15.0,0.01,0.01,4.91,2.37
2021-09-30,2.23,1.0,2.23,1.0,45.1,7.0,0.0,0.0,2.76,0.9
2021-10-01,0.0,0.0,0.0,0.0,4.49,2.0,0.0,0.0,0.85,0.39
2021-10-02,0.0,0.0,0.0,0.0,9.74,3.0,0.0,0.0,4.23,1.33
2021-10-03,1.52,1.0,3.12,2.0,40.33,10.0,1.43,0.91,4.51,1.71
2021-10-04,5.52,2.0,8.85,3.0,18.82,6.0,2.17,0.7,2.67,0.85
2021-10-05,1.78,1.0,1.78,1.0,14.03,4.0,0.0,0.0,4.54,1.01
2021-10-06,1.38,1.0,5.98,2.0,30.99,8.0,3.8,1.45,12.55,3.4
2021-10-07,0.0,0.0,9.59,2.0,97.0,22.0,0.0,0.0,50.34,10.1
2021-10-08,4.24,1.0,11.52,3.0,162.85,32.0,1.58,0.41,72.85,13.01
2021-10-09,2.27,1.0,44.05,10.0,392.78,93.0,15.52,2.21,241.17,51.92
2021-10-10,13.63,8.0,35.19,18.0,700.56,198.0,5.76,2.3,8.81,3.07
2021-10-11,0.0,0.0,52.86,12.0,444.95,92.0,26.08,4.69,33.93,5.85
2021-10-12,3.47,2.0,37.54,10.0,429.02,97.0,17.88,2.13,364.11,76.44
2021-10-13,0.93,1.0,40.76,12.0,829.16,158.0,1.23,0.82,610.01,104.05
2021-10-14,3.77,5.0,141.18,32.0,1171.47,248.0,27.52,9.37,721.09,152.7
2021-10-15,2.98,2.0,212.19,57.0,2902.53,673.0,75.09,23.19,2416.86,558.16
2021-10-16,0.0,0.0,66.22,16.0,1928.11,362.0,16.67,2.89,128.45,28.96
2021-10-17,0.0,0.0,0.0,0.0,0.0,0.0,0.0,0.0,0.0,0.0
2021-10-18,0.0,0.0,0.0,0.0,0.0,0.0,0.0,0.0,0.0,0.0
2021-10-19,0.64,1.0,1.15,2.0,453.54,77.0,0.58,0.93,370.97,62.54
2021-10-20,1.9,2.0,6.13,5.0,1315.97,260.0,2.32,1.7,793.32,153.91
2021-10-21,3.03,1.0,26.71,10.0,1191.4,250.0,13.72,5.16,412.29,83.84
2021-10-22,3.89,4.0,23.17,7.0,1132.88,162.0,4.35,2.03,101.85,13.42
2021-10-23,0.0,0.0,31.57,5.0,1720.17,302.0,29.77,4.74,29.77,4.74
2021-10-24,0.0,0.0,103.17,14.0,328.68,50.0,0.53,0.1,0.61,0.12
2021-10-25,0.69,1.0,73.75,18.0,708.74,150.0,0.0,0.0,611.93,125.75
2021-10-26,6.49,4.0,49.94,21.0,1181.46,283.0,10.37,5.51,1002.77,226.06
2021-10-27,0.45,1.0,33.39,9.0,854.38,177.0,2.3,0.92,638.72,131.03
2021-10-28,6.8,4.0,34.94,11.0,1396.95,248.0,4.34,2.75,1210.04,204.47
2021-10-29,7.01,4.0,51.14,17.0,1864.48,269.0,14.94,6.73,1660.89,219.79
2021-10-30,1.47,1.0,150.79,33.0,2121.64,345.0,17.01,6.29,1455.34,215.23
2021-10-31,2.15,4.0,215.03,55.0,2805.67,588.0,18.01,7.02,1235.31,233.66
2021-11-01,8.89,4.0,131.66,22.0,2176.91,360.0,45.64,6.81,98.7,22.3
2021-11-02,10.08,3.0,74.39,27.0,1584.93,288.0,27.25,9.6,31.85,10.63
2021-11-03,0.0,0.0,129.69,27.0,2505.12,436.0,118.67,22.95,153.15,28.94
2021-11-04,11.14,4.0,415.38,67.0,2962.08,425.0,31.1,10.12,1717.18,222.85
2021-11-05,18.52,4.0,138.25,45.0,3470.17,647.0,103.67,33.66,3163.15,560.83
2021-11-06,15.69,3.0,242.93,62.0,3160.18,488.0,63.77,18.19,2426.58,324.44
2021-11-07,28.14,4.0,76.18,16.0,2234.2,273.0,44.69,7.9,1975.63,219.07
2021-11-08,3.53,1.0,39.09,12.0,2694.15,361.0,30.82,9.48,2341.88,307.59
2021-11-09,9.82,2.0,96.51,20.0,2535.41,347.0,66.84,13.46,2403.81,318.55
2021-11-10,10.72,6.0,200.9,61.0,2623.38,494.0,123.48,37.61,2340.45,422.31
2021-11-11,26.55,8.0,102.15,33.0,1733.39,336.0,64.32,17.97,1524.69,267.02
2021-11-12,10.95,2.0,64.32,19.0,1959.0,298.0,44.05,14.13,1810.01,262.68
2021-11-13,0.0,0.0,138.99,35.0,1651.09,292.0,91.66,22.62,1446.47,248.54
2021-11-14,2.03,3.0,98.83,22.0,1636.17,204.0,84.23,17.03,1475.33,171.87
2021-11-15,19.32,6.0,170.21,41.0,1396.59,247.0,92.7,25.68,1210.82,208.0
2021-11-16,31.46,8.0,292.52,84.0,1508.17,333.0,223.77,65.77,1331.62,282.13
2021-11-17,10.51,3.0,133.2,30.0,563.01,130.0,65.07,14.79,258.94,57.5
2021-11-18,3.42,2.0,58.86,22.0,352.41,84.0,43.54,17.08,273.69,65.66
2021-11-19,0.98,1.0,51.29,17.0,626.21,139.0,42.53,13.74,577.92,126.95
2021-11-20,6.76,4.0,174.4,54.0,726.63,162.0,114.8,37.65,616.39,133.42
2021-11-21,13.88,7.0,209.57,64.0,795.88,205.0,151.68,45.45,665.11,165.5
2021-11-22,15.17,5.0,195.73,38.0,649.64,132.0,154.42,29.92,502.31,96.84
2021-11-23,7.27,5.0,82.52,18.0,197.05,44.0,27.62,7.7,99.53,20.54
2021-11-24,2.61,1.0,61.27,17.0,186.83,52.0,6.4,2.21,14.91,4.75
2021-11-25,9.07,3.0,53.21,15.0,177.99,42.0,6.62,1.66,7.34,1.89
2021-11-26,9.62,8.0,133.2,44.0,303.01,94.0,14.69,6.32,29.74,11.2
2021-11-27,20.56,8.0,166.24,54.0,379.58,127.0,29.54,11.27,77.92,28.28
2021-11-28,25.86,14.0,99.87,37.0,179.14,63.0,59.69,20.44,98.31,34.63
2021-11-29,3.88,2.0,87.08,27.0,172.93,58.0,51.24,17.19,85.84,27.17
2021-11-30,0.0,0.0,44.49,15.0,128.44,40.0,26.42,6.88,75.1,19.9
2021-12-01,0.0,0.0,0.0,0.0,0.0,0.0,0.0,0.0,0.0,0.0
2021-12-02,4.82,4.0,4.82,4.0,7.44,6.0,4.05,2.84,6.65,4.83
2021-12-03,1.55,3.0,4.67,4.0,22.62,14.0,3.66,2.82,11.27,8.37
2021-12-04,17.72,4.0,97.97,19.0,164.9,45.0,64.68,11.07,96.61,25.52
2021-12-05,0.0,0.0,7.56,2.0,33.87,10.0,5.48,1.51,25.52,7.19
2021-12-06,13.32,8.0,51.81,18.0,94.58,30.0,20.36,7.62,45.37,13.71
2021-12-07,11.21,4.0,98.7,29.0,205.01,66.0,42.6,10.94,70.89,20.04
2021-12-08,9.52,4.0,90.71,28.0,241.68,78.0,13.48,4.39,27.3,9.67
2021-12-09,4.26,2.0,78.55,20.0,104.71,28.0,13.44,4.93,19.62,6.8
2021-12-10,16.9,6.0,55.38,16.0,112.61,34.0,7.84,4.39,19.77,8.24
2021-12-11,32.33,12.0,90.15,24.0,144.63,39.0,8.53,3.61,18.78,6.39
2021-12-12,43.06,16.0,181.28,60.0,255.87,84.0,17.01,4.07,19.33,4.78
2021-12-13,22.48,10.0,82.89,34.0,211.15,82.0,30.23,12.11,68.49,28.59
2021-12-14,16.24,8.0,93.44,34.0,206.47,63.0,56.6,21.6,129.31,40.76
2021-12-15,2.77,1.0,56.22,19.0,118.76,43.0,34.77,11.56,77.41,27.46
2021-12-16,11.89,8.0,29.34,16.0,89.01,37.0,16.15,8.47,43.68,18.47
2021-12-17,33.56,8.0,87.21,22.0,162.86,42.0,31.65,9.64,53.15,14.99
2021-12-18,22.04,9.0,112.97,37.0,201.43,72.0,30.49,10.95,56.28,19.82
2021-12-19,7.78,2.0,77.26,19.0,166.95,46.0,14.6,3.69,29.04,8.45
2021-12-20,5.65,3.0,65.84,18.0,101.2,29.0,23.32,7.48,32.17,10.25
2021-12-21,13.68,4.0,51.13,17.0,123.95,40.0,15.03,6.16,38.37,13.76
2021-12-22,41.97,11.0,113.08,38.0,232.8,74.0,50.55,18.25,107.06,33.2
2021-12-23,24.71,10.0,127.97,52.0,226.16,87.0,25.4,10.23,45.48,17.75
2021-12-24,27.72,11.0,157.5,47.0,259.63,80.0,38.25,11.77,64.84,20.75
2021-12-25,11.76,2.0,40.38,11.0,133.79,36.0,21.37,6.5,81.86,23.07
2021-12-26,2.22,2.0,2.22,2.0,5.49,3.0,0.0,0.0,2.54,0.78
2021-12-27,6.58,2.0,22.3,7.0,34.17,11.0,17.56,5.59,24.87,8.04
2021-12-28,0.0,0.0,4.14,3.0,7.72,5.0,1.64,0.83,2.19,1.11
2021-12-29,17.93,8.0,65.22,26.0,152.01,51.0,18.57,5.88,54.4,14.81
2021-12-30,9.4,4.0,10.07,5.0,16.03,6.0,1.26,1.71,1.26,1.71
2021-12-31,11.49,5.0,39.95,15.0,58.14,22.0,14.32,5.35,19.33,7.04
2022-01-01,5.31,3.0,46.05,18.0,74.83,30.0,6.56,3.37,9.27,4.43
2022-01-02,26.1,6.0,56.28,15.0,77.73,25.0,12.52,3.64,19.26,7.32
2022-01-03,17.54,5.0,111.74,33.0,249.58,83.0,19.93,6.63,37.72,13.49
2022-01-04,3.36,1.0,18.87,6.0,57.26,11.0,2.82,0.84,3.32,0.96
2022-01-05,0.0,0.0,0.0,0.0,0.0,0.0,0.0,0.0,0.0,0.0
2022-01-06,0.0,0.0,0.0,0.0,1.54,1.0,0.0,0.0,0.0,0.0
2022-01-07,0.0,0.0,0.0,0.0,5.29,1.0,0.0,0.0,5.15,0.97
2022-01-08,0.0,0.0,0.0,0.0,0.0,0.0,0.0,0.0,0.0,0.0
2022-01-09,0.0,0.0,0.0,0.0,0.0,0.0,0.0,0.0,0.0,0.0
2022-01-10,0.0,0.0,0.0,0.0,1.95,1.0,0.0,0.0,0.0,0.0
2022-01-11,0.0,0.0,0.0,0.0,0.0,0.0,0.0,0.0,0.0,0.0
2022-01-12,0.0,0.0,0.0,0.0,0.81,1.0,0.0,0.0,0.43,0.52
2022-01-13,0.48,1.0,4.03,2.0,13.01,4.0,0.37,0.78,9.26,2.76
2022-01-14,3.32,1.0,3.32,1.0,3.32,1.0,0.0,0.0,0.0,0.0
2022-01-15,0.0,0.0,0.0,0.0,0.0,0.0,0.0,0.0,0.0,0.0
2022-01-16,0.0,0.0,2.15,2.0,2.15,2.0,0.0,0.0,0.0,0.0
2022-01-17,0.0,0.0,0.0,0.0,6.08,3.0,0.0,0.0,0.0,0.0
2022-01-18,4.42,1.0,12.34,3.0,25.21,4.0,4.13,1.08,4.53,1.12
2022-01-19,8.55,3.0,29.77,11.0,29.77,11.0,3.33,1.23,3.33,1.23
2022-01-20,0.0,0.0,0.0,0.0,0.0,0.0,0.0,0.0,0.0,0.0
2022-01-21,0.0,0.0,0.0,0.0,12.69,3.0,0.0,0.0,0.49,0.13
2022-01-22,0.0,0.0,0.0,0.0,0.0,0.0,0.0,0.0,0.0,0.0
2022-01-23,0.0,0.0,0.0,0.0,0.63,1.0,0.0,0.0,0.22,0.35
2022-01-24,0.68,1.0,1.39,2.0,1.39,2.0,0.68,1.0,0.68,1.0
2022-01-25,0.0,0.0,0.0,0.0,0.0,0.0,0.0,0.0,0.0,0.0
2022-01-26,0.0,0.0,0.0,0.0,0.86,1.0,0.0,0.0,0.5,0.58
2022-01-27,0.0,0.0,0.0,0.0,0.0,0.0,0.0,0.0,0.0,0.0
2022-01-28,1.12,1.0,71.42,3.0,97.61,9.0,0.79,0.7,10.23,2.96
2022-01-29,0.74,2.0,62.3,18.0,87.34,26.0,13.42,4.25,22.3,6.37
2022-01-30,14.17,8.0,52.99,23.0,114.89,40.0,25.28,10.61,51.11,16.23
2022-01-31,1.31,1.0,34.0,7.0,41.54,9.0,3.5,1.07,4.97,1.62
2022-02-01,9.32,6.0,20.49,9.0,35.73,12.0,4.96,0.95,7.91,1.48
2022-02-02,5.35,2.0,27.45,10.0,32.0,12.0,9.8,3.5,9.82,3.56
2022-02-03,0.0,0.0,0.0,0.0,0.0,0.0,0.0,0.0,0.0,0.0
2022-02-04,0.82,1.0,5.25,3.0,9.05,4.0,1.07,0.98,3.44,1.6
2022-02-05,0.0,0.0,0.0,0.0,10.56,3.0,0.0,0.0,4.2,1.4
2022-02-06,0.0,0.0,7.95,2.0,10.05,3.0,3.23,0.9,3.47,1.02
2022-02-07,0.85,2.0,9.36,6.0,31.7,14.0,2.19,1.0,2.19,1.0
2022-02-08,33.52,7.0,52.41,13.0,98.31,25.0,13.46,4.28,19.46,6.63
2022-02-09,0.0,0.0,0.78,1.0,4.22,2.0,0.0,0.0,1.03,0.3
2022-02-10,0.0,0.0,12.25,4.0,157.88,22.0,4.16,1.49,14.37,5.56
2022-02-11,0.0,0.0,2.82,1.0,23.86,7.0,0.0,0.0,7.13,2.29
2022-02-12,9.24,3.0,53.24,13.0,127.15,25.0,17.29,4.24,35.67,7.6
2022-02-13,12.87,4.0,64.94,16.0,124.07,33.0,9.74,2.23,21.91,4.53
2022-02-14,36.41,15.0,126.42,35.0,287.51,69.0,5.24,3.38,9.41,5.04
2022-02-15,27.54,10.0,126.1,40.0,247.22,75.0,28.14,10.37,61.22,19.18
2022-02-16,22.77,8.0,67.32,22.0,106.76,35.0,26.19,8.22,45.18,14.36
2022-02-17,12.44,8.0,43.6,19.0,122.82,38.0,12.57,6.2,54.51,14.67
2022-02-18,32.23,6.0,76.77,18.0,186.09,46.0,47.25,8.35,74.64,16.55
2022-02-19,6.71,7.0,93.51,16.0,168.95,34.0,29.38,4.88,37.5,6.5
2022-02-20,12.02,6.0,53.66,19.0,160.57,55.0,17.81,6.54,60.41,20.11
2022-02-21,3.99,2.0,40.98,10.0,156.04,39.0,4.81,1.62,20.63,5.57
2022-02-22,11.0,5.0,48.04,13.0,140.69,30.0,0.94,0.87,20.13,3.98
2022-02-23,0.0,0.0,0.0,0.0,6.6,2.0,0.0,0.0,0.85,0.26
2022-02-24,3.62,3.0,9.29,5.0,25.84,11.0,4.05,2.46,19.81,8.18
2022-02-25,9.93,5.0,54.76,17.0,101.44,31.0,7.97,2.85,21.8,7.49
2022-02-26,3.45,2.0,4.53,3.0,4.53,3.0,0.38,0.18,0.38,0.18
2022-02-27,4.53,3.0,20.79,7.0,34.81,11.0,3.3,1.87,9.08,3.65
2022-02-28,0.69,1.0,13.81,5.0,38.07,12.0,5.98,1.9,7.36,2.37
2022-03-01,0.17,1.0,48.44,10.0,89.51,21.0,14.79,2.82,28.4,7.6
2022-03-02,2.8,2.0,76.67,16.0,179.1,48.0,13.88,3.24,36.54,12.07
2022-03-03,7.16,3.0,37.08,12.0,67.37,25.0,20.48,6.22,34.86,13.25
2022-03-04,8.59,6.0,44.05,18.0,82.5,32.0,2.38,2.35,4.84,3.41
2022-03-05,0.0,0.0,10.0,4.0,81.12,20.0,0.0,0.0,0.97,0.36
2022-03-06,0.0,0.0,5.1,1.0,5.1,1.0,0.17,0.03,0.17,0.03
2022-03-07,0.9,3.0,35.06,8.0,85.01,17.0,11.63,1.19,45.47,8.21
2022-03-08,13.57,3.0,28.68,8.0,97.8,32.0,6.75,2.86,39.02,11.94
2022-03-09,0.0,0.0,20.45,5.0,83.46,18.0,1.92,0.96,19.79,4.2
2022-03-10,1.51,1.0,50.46,14.0,102.66,24.0,36.67,8.84,69.29,15.91
2022-03-11,0.46,1.0,39.01,7.0,75.6,14.0,17.72,3.38,20.95,4.01
2022-03-12,5.17,6.0,13.57,9.0,99.32,19.0,0.74,2.01,3.64,2.95
2022-03-13,1.7,4.0,21.5,12.0,70.17,28.0,8.0,4.36,21.02,9.35
2022-03-14,2.97,2.0,22.69,4.0,68.22,17.0,6.63,1.44,17.21,3.83
2022-03-15,1.21,2.0,1.21,2.0,21.51,9.0,0.54,0.92,1.01,1.07
2022-03-16,6.22,3.0,10.01,4.0,22.02,8.0,0.75,0.9,1.57,1.3
2022-03-17,0.0,0.0,0.0,0.0,52.36,15.0,0.0,0.0,35.4,8.4
2022-03-18,0.0,0.0,17.9,2.0,30.16,6.0,4.55,0.91,4.55,0.91
2022-03-19,0.0,0.0,27.99,8.0,87.0,26.0,2.31,0.68,4.02,1.31
2022-03-20,0.44,1.0,14.9,7.0,63.27,22.0,0.42,0.3,2.02,0.85
2022-03-21,0.66,1.0,7.51,3.0,119.92,19.0,6.91,2.82,63.65,10.96
2022-03-22,0.55,1.0,4.67,2.0,48.49,10.0,2.23,1.17,2.23,1.17
2022-03-23,10.2,4.0,13.79,6.0,114.93,22.0,1.43,2.01,10.31,2.69
2022-03-24,0.39,1.0,21.33,9.0,79.5,29.0,2.25,1.61,10.93,5.36
2022-03-25,0.0,0.0,15.13,3.0,136.81,26.0,5.19,0.9,25.42,5.3
2022-03-26,1.94,2.0,15.47,4.0,115.66,20.0,12.16,1.8,45.38,4.9
2022-03-27,0.0,0.0,10.04,3.0,74.27,17.0,1.64,0.65,1.93,0.77
2022-03-28,6.15,3.0,12.03,5.0,288.99,35.0,0.0,0.0,7.58,1.71
2022-03-29,1.48,1.0,17.77,5.0,151.87,31.0,1.36,0.92,2.6,1.48
2022-03-30,10.04,1.0,14.02,2.0,107.14,21.0,10.64,1.47,39.45,11.19
2022-03-31,0.57,1.0,14.61,5.0,40.81,12.0,9.51,2.01,22.48,6.87
2022-04-01,29.23,4.0,35.72,7.0,48.36,13.0,14.33,3.16,16.08,4.73
2022-04-02,0.6,1.0,0.6,1.0,25.68,11.0,0.01,0.01,1.7,1.33
2022-04-03,5.05,5.0,11.13,8.0,72.79,31.0,4.37,4.59,7.36,8.04
2022-04-04,0.69,1.0,19.54,5.0,122.98,45.0,4.38,1.83,13.92,6.06
2022-04-05,1.95,1.0,12.26,5.0,47.47,16.0,0.06,0.1,6.28,1.45
2022-04-06,4.69,4.0,11.73,6.0,50.01,22.0,0.96,0.97,0.96,0.97
2022-04-07,19.1,4.0,34.1,7.0,80.49,21.0,18.32,3.68,18.58,4.15
2022-04-08,2.67,2.0,9.44,5.0,53.68,26.0,2.67,1.98,5.04,2.4
2022-04-09,21.77,6.0,23.86,7.0,122.06,42.0,7.21,2.68,10.44,3.68
2022-04-10,112.89,2.0,118.72,5.0,203.65,20.0,80.62,3.1,90.56,3.86
2022-04-11,4.43,1.0,10.07,3.0,80.7,10.0,1.65,0.37,9.04,1.48
2022-04-12,0.0,0.0,1.11,2.0,3.54,3.0,0.66,1.01,1.49,1.35
2022-04-13,0.67,1.0,31.69,10.0,247.06,44.0,4.2,2.54,24.87,5.29
2022-04-14,21.53,6.0,89.83,26.0,195.93,65.0,15.26,5.52,20.42,6.91
2022-04-15,3.86,4.0,42.86,15.0,122.24,65.0,16.77,4.99,56.72,31.16
2022-04-16,8.39,2.0,68.21,12.0,461.58,135.0,1.64,0.65,217.34,67.94
2022-04-17,1.2,1.0,217.29,38.0,409.88,93.0,62.02,10.95,112.56,14.09
2022-04-18,29.26,6.0,264.95,37.0,861.07,144.0,47.58,6.15,171.72,20.32
2022-04-19,244.4,20.0,402.99,43.0,835.85,189.0,159.24,15.55,201.4,26.1
2022-04-20,141.0,3.0,149.67,5.0,378.61,89.0,88.2,1.61,88.93,1.81
2022-04-21,0.0,0.0,4.52,1.0,18.86,9.0,0.0,0.0,3.29,1.86
2022-04-22,6.23,2.0,98.61,33.0,333.08,108.0,15.24,5.51,61.29,19.65
2022-04-23,114.57,20.0,398.22,63.0,1337.25,249.0,167.67,23.58,463.92,68.43
2022-04-24,72.61,12.0,478.01,66.0,3724.69,475.0,307.24,42.7,1903.23,186.21
2022-04-25,15.43,5.0,343.14,59.0,1119.97,202.0,208.44,31.08,383.39,56.38
2022-04-26,14.17,3.0,221.42,45.0,1323.98,220.0,113.13,22.63,789.66,106.66
2022-04-27,269.49,40.0,1580.58,208.0,4616.44,641.0,1248.73,160.35,3517.27,453.71
2022-04-28,203.51,42.0,1796.44,281.0,5224.0,839.0,1426.48,212.12,3540.54,541.61
2022-04-29,164.71,33.0,1784.99,219.0,6428.86,802.0,1383.0,159.86,4607.26,511.63
2022-04-30,254.12,27.0,1789.26,225.0,6280.57,751.0,866.82,107.94,2183.15,253.64
2022-05-01,1.53,1.0,135.22,20.0,827.7,138.0,0.0,0.0,25.74,6.71
2022-05-02,47.88,12.0,354.21,61.0,1141.38,207.0,19.63,3.97,93.62,20.04
2022-05-03,0.0,0.0,10.77,4.0,279.64,69.0,0.0,0.0,19.7,4.51
2022-05-04,0.0,0.0,80.78,13.0,748.52,115.0,0.25,0.12,53.24,11.89
2022-05-05,0.0,0.0,270.33,51.0,893.25,169.0,189.16,35.75,684.51,123.0
2022-05-06,0.0,0.0,0.64,1.0,87.95,25.0,0.38,0.59,10.17,1.18
2022-05-07,13.96,4.0,326.79,68.0,1550.92,292.0,19.75,6.79,132.93,36.61
2022-05-08,84.04,19.0,274.23,69.0,1041.9,259.0,67.84,13.72,82.59,16.39
2022-05-09,1.24,1.0,51.78,11.0,182.46,50.0,7.83,1.71,20.72,6.6
2022-05-10,12.61,5.0,91.57,20.0,352.08,87.0,1.33,0.48,43.79,12.57
2022-05-11,23.83,7.0,39.01,12.0,172.52,50.0,10.15,2.28,49.63,12.72
2022-05-12,15.42,2.0,72.13,11.0,462.9,91.0,12.41,1.33,12.67,1.42
2022-05-13,19.18,5.0,78.87,19.0,398.13,89.0,16.09,3.84,33.58,7.32
2022-05-14,25.23,6.0,98.63,22.0,397.22,79.0,80.98,17.81,319.93,63.27
2022-05-15,3.57,1.0,74.27,13.0,181.2,23.0,38.51,7.15,90.03,11.09
2022-05-16,13.72,3.0,20.31,4.0,57.31,15.0,2.1,0.97,20.56,4.84
2022-05-17,0.0,0.0,0.0,0.0,20.79,5.0,0.0,0.0,3.44,0.67
2022-05-18,0.0,0.0,11.32,3.0,41.97,12.0,6.39,1.73,10.94,4.23
2022-05-19,0.0,0.0,3.16,1.0,110.46,26.0,0.0,0.0,8.04,1.37
2022-05-20,0.0,0.0,18.51,3.0,64.39,16.0,0.0,0.0,6.98,1.69
2022-05-21,1.29,2.0,19.63,4.0,121.98,27.0,6.06,1.04,21.15,2.92
2022-05-22,1.98,2.0,1.98,2.0,27.99,9.0,0.0,0.0,10.65,3.18
2022-05-23,0.0,0.0,0.0,0.0,0.0,0.0,0.0,0.0,0.0,0.0
2022-05-24,0.33,1.0,0.33,1.0,0.33,1.0,0.0,0.0,0.0,0.0
2022-05-25,0.87,2.0,3.82,4.0,3.82,4.0,1.47,2.02,1.47,2.02
2022-05-26,0.0,0.0,0.0,0.0,20.16,4.0,0.0,0.0,4.43,0.7
2022-05-27,6.15,2.0,6.15,2.0,14.23,7.0,0.44,0.11,4.18,2.18
2022-05-28,0.0,0.0,0.0,0.0,43.93,7.0,0.0,0.0,26.91,2.6
2022-05-29,0.0,0.0,0.0,0.0,18.43,2.0,0.0,0.0,0.12,0.01
2022-05-30,0.0,0.0,0.0,0.0,14.17,2.0,0.0,0.0,0.0,0.0
2022-05-31,2.32,2.0,2.32,2.0,11.54,7.0,1.0,0.86,8.87,4.2
2022-06-01,2.35,1.0,7.79,3.0,11.23,4.0,0.0,0.0,0.0,0.0
2022-06-02,0.0,0.0,0.0,0.0,16.81,7.0,0.0,0.0,0.35,0.09
2022-06-03,0.0,0.0,5.49,1.0,167.33,20.0,3.2,0.58,49.27,1.65
2022-06-04,0.0,0.0,12.84,2.0,189.33,29.0,11.54,1.61,17.14,2.74
2022-06-05,5.45,1.0,55.83,5.0,145.64,24.0,4.37,0.67,14.34,1.81
2022-06-06,12.0,2.0,27.76,6.0,338.13,31.0,5.66,2.21,14.65,3.53
2022-06-07,0.0,0.0,0.0,0.0,43.55,10.0,0.0,0.0,0.0,0.0
2022-06-08,5.44,1.0,29.18,4.0,71.82,17.0,13.13,2.19,13.74,2.4
2022-06-09,4.32,3.0,4.32,3.0,34.13,12.0,2.49,1.83,12.83,4.96
2022-06-10,0.0,0.0,0.0,0.0,27.33,6.0,0.0,0.0,3.6,0.57
2022-06-11,16.43,3.0,29.92,6.0,119.46,27.0,14.74,2.62,17.43,3.7
2022-06-12,14.82,2.0,19.3,3.0,103.32,28.0,9.51,1.28,10.03,1.49
2022-06-13,0.0,0.0,7.34,2.0,36.95,9.0,3.88,0.87,13.1,2.81
2022-06-14,0.0,0.0,0.0,0.0,3.91,1.0,0.0,0.0,0.0,0.0
2022-06-15,0.0,0.0,5.5,2.0,27.06,7.0,0.21,0.33,0.25,0.34
2022-06-16,0.0,0.0,41.49,6.0,118.81,29.0,1.38,0.1,5.6,1.08
2022-06-17,0.0,0.0,0.0,0.0,13.28,3.0,0.0,0.0,0.0,0.0
2022-06-18,0.0,0.0,0.0,0.0,0.0,0.0,0.0,0.0,0.0,0.0
2022-06-19,1.82,1.0,1.82,1.0,3.12,2.0,0.0,0.0,0.08,0.06
2022-06-20,0.0,0.0,0.0,0.0,0.0,0.0,0.0,0.0,0.0,0.0
2022-06-21,0.75,1.0,0.75,1.0,0.75,1.0,0.0,0.0,0.0,0.0
2022-06-22,2.48,2.0,3.31,3.0,9.65,5.0,0.53,0.82,0.53,0.82
2022-06-23,0.84,1.0,0.84,1.0,32.56,5.0,0.84,1.0,0.84,1.0
2022-06-24,0.51,1.0,12.64,4.0,66.94,13.0,7.74,1.55,15.91,3.36
2022-06-25,1.86,1.0,1.86,1.0,15.98,5.0,0.0,0.0,12.7,3.64
2022-06-26,0.75,1.0,0.75,1.0,3.05,2.0,0.0,0.0,1.78,0.77
2022-06-27,3.0,3.0,3.0,3.0,10.81,7.0,0.96,0.96,5.53,3.04
2022-06-28,0.0,0.0,0.61,1.0,0.61,1.0,0.0,0.0,0.0,0.0
2022-06-29,0.0,0.0,0.0,0.0,1.4,1.0,0.0,0.0,0.0,0.0
2022-06-30,0.0,0.0,0.0,0.0,0.0,0.0,0.0,0.0,0.0,0.0
2022-07-01,0.0,0.0,0.0,0.0,0.0,0.0,0.0,0.0,0.0,0.0
2022-07-02,0.0,0.0,0.0,0.0,0.0,0.0,0.0,0.0,0.0,0.0
2022-07-03,0.0,0.0,0.0,0.0,11.55,3.0,0.0,0.0,0.73,0.24
2022-07-04,0.0,0.0,0.0,0.0,3.86,1.0,0.0,0.0,3.15,0.82
2022-07-05,0.0,0.0,0.0,0.0,17.63,5.0,0.0,0.0,1.93,0.93
2022-07-06,0.0,0.0,0.0,0.0,0.0,0.0,0.0,0.0,0.0,0.0
2022-07-07,0.0,0.0,0.0,0.0,0.0,0.0,0.0,0.0,0.0,0.0
2022-07-08,0.35,1.0,5.08,2.0,10.18,3.0,4.08,0.86,7.49,1.53
2022-07-09,0.0,0.0,0.0,0.0,0.0,0.0,0.0,0.0,0.0,0.0
2022-07-10,0.0,0.0,0.0,0.0,0.0,0.0,0.0,0.0,0.0,0.0
2022-07-11,0.0,0.0,0.0,0.0,123.81,15.0,0.0,0.0,46.33,5.65
2022-07-12,0.57,1.0,0.57,1.0,2.14,3.0,0.0,0.0,0.0,0.0
2022-07-13,0.0,0.0,0.0,0.0,0.0,0.0,0.0,0.0,0.0,0.0
2022-07-14,0.0,0.0,0.0,0.0,12.97,4.0,0.0,0.0,5.9,2.54
2022-07-15,5.89,2.0,5.89,2.0,10.13,4.0,0.0,0.0,3.84,1.8
2022-07-16,0.0,0.0,0.0,0.0,0.0,0.0,0.0,0.0,0.0,0.0
2022-07-17,0.0,0.0,0.0,0.0,3.85,1.0,0.0,0.0,0.0,0.0
2022-07-18,5.44,2.0,5.44,2.0,13.92,4.0,0.0,0.0,3.03,0.72
2022-07-19,0.92,2.0,1.7,3.0,1.7,3.0,0.44,0.56,0.44,0.56
2022-07-20,0.0,0.0,0.0,0.0,0.78,1.0,0.0,0.0,0.0,0.0
2022-07-21,0.0,0.0,0.0,0.0,0.0,0.0,0.0,0.0,0.0,0.0
2022-07-22,0.0,0.0,0.0,0.0,0.0,0.0,0.0,0.0,0.0,0.0
2022-07-23,0.0,0.0,0.0,0.0,0.0,0.0,0.0,0.0,0.0,0.0
2022-07-24,2.42,2.0,2.42,2.0,2.42,2.0,0.0,0.0,0.0,0.0
2022-07-25,3.25,1.0,3.25,1.0,3.82,2.0,0.07,0.02,0.07,0.02
2022-07-26,0.0,0.0,18.82,2.0,18.82,2.0,0.0,0.0,0.0,0.0
2022-07-27,0.0,0.0,0.0,0.0,0.0,0.0,0.0,0.0,0.0,0.0
2022-07-28,0.0,0.0,0.0,0.0,0.0,0.0,0.0,0.0,0.0,0.0
2022-07-29,0.0,0.0,0.0,0.0,0.0,0.0,0.0,0.0,0.0,0.0
2022-07-30,0.0,0.0,0.0,0.0,0.0,0.0,0.0,0.0,0.0,0.0
2022-07-31,0.0,0.0,0.0,0.0,0.0,0.0,0.0,0.0,0.0,0.0
2022-08-01,0.0,0.0,0.0,0.0,0.0,0.0,0.0,0.0,0.0,0.0
2022-08-02,0.0,0.0,0.0,0.0,0.0,0.0,0.0,0.0,0.0,0.0
2022-08-03,0.0,0.0,0.0,0.0,0.0,0.0,0.0,0.0,0.0,0.0
2022-08-04,0.0,0.0,0.0,0.0,0.0,0.0,0.0,0.0,0.0,0.0
2022-08-05,0.0,0.0,0.0,0.0,0.0,0.0,0.0,0.0,0.0,0.0
2022-08-06,0.0,0.0,0.0,0.0,0.0,0.0,0.0,0.0,0.0,0.0
2022-08-07,0.0,0.0,0.0,0.0,0.0,0.0,0.0,0.0,0.0,0.0
2022-08-08,0.0,0.0,0.0,0.0,0.0,0.0,0.0,0.0,0.0,0.0
2022-08-09,0.0,0.0,0.0,0.0,0.0,0.0,0.0,0.0,0.0,0.0
2022-08-10,0.0,0.0,0.0,0.0,0.0,0.0,0.0,0.0,0.0,0.0
2022-08-11,0.52,1.0,0.52,1.0,0.52,1.0,0.03,0.06,0.03,0.06
2022-08-12,2.95,1.0,2.95,1.0,2.95,1.0,0.0,0.0,0.0,0.0
2022-08-13,0.0,0.0,0.0,0.0,2.16,1.0,0.0,0.0,0.0,0.0
2022-08-14,0.0,0.0,0.0,0.0,0.0,0.0,0.0,0.0,0.0,0.0
2022-08-15,0.0,0.0,0.0,0.0,0.0,0.0,0.0,0.0,0.0,0.0
2022-08-16,1.43,1.0,1.43,1.0,1.43,1.0,0.0,0.0,0.0,0.0
2022-08-17,0.0,0.0,0.0,0.0,1.71,1.0,0.0,0.0,0.0,0.0
2022-08-18,0.0,0.0,1.62,1.0,1.62,1.0,0.0,0.0,0.0,0.0
2022-08-19,0.0,0.0,0.0,0.0,0.0,0.0,0.0,0.0,0.0,0.0
2022-08-20,0.0,0.0,0.0,0.0,0.0,0.0,0.0,0.0,0.0,0.0
2022-08-21,0.0,0.0,0.0,0.0,0.0,0.0,0.0,0.0,0.0,0.0
2022-08-22,1.47,2.0,1.47,2.0,2.52,3.0,0.0,0.0,0.0,0.0
2022-08-23,0.0,0.0,0.0,0.0,0.0,0.0,0.0,0.0,0.0,0.0
2022-08-24,0.0,0.0,0.0,0.0,0.0,0.0,0.0,0.0,0.0,0.0
2022-08-25,5.66,2.0,5.66,2.0,5.66,2.0,0.32,0.11,0.32,0.11
2022-08-26,2.9,1.0,2.9,1.0,4.17,2.0,2.67,0.92,2.82,1.04
2022-08-27,0.0,0.0,4.05,1.0,18.01,4.0,1.68,0.42,5.9,1.31
2022-08-28,0.0,0.0,0.0,0.0,0.0,0.0,0.0,0.0,0.0,0.0
2022-08-29,1.88,1.0,1.88,1.0,3.84,2.0,0.0,0.0,0.0,0.0
2022-08-30,1.8,3.0,1.8,3.0,4.47,5.0,0.9,1.45,0.9,1.45
2022-08-31,0.0,0.0,0.0,0.0,0.0,0.0,0.0,0.0,0.0,0.0
2022-09-01,0.0,0.0,0.0,0.0,0.0,0.0,0.0,0.0,0.0,0.0
2022-09-02,0.0,0.0,0.0,0.0,0.0,0.0,0.0,0.0,0.0,0.0
2022-09-03,0.0,0.0,1.31,1.0,1.31,1.0,0.42,0.32,0.42,0.32
2022-09-04,3.82,3.0,3.82,3.0,5.63,4.0,2.94,2.2,3.05,2.27
2022-09-05,3.46,3.0,6.48,4.0,11.77,7.0,1.02,0.96,1.24,1.04
2022-09-06,1.48,1.0,1.48,1.0,1.48,1.0,1.47,0.99,1.47,0.99
2022-09-07,1.84,2.0,2.94,3.0,6.63,4.0,1.12,1.03,4.63,1.98
2022-09-08,0.0,0.0,0.0,0.0,0.0,0.0,0.0,0.0,0.0,0.0
2022-09-09,2.68,2.0,2.68,2.0,2.68,2.0,0.0,0.0,0.0,0.0
2022-09-10,0.6,1.0,0.6,1.0,23.31,8.0,0.0,0.0,0.0,0.0
2022-09-11,0.0,0.0,0.0,0.0,0.0,0.0,0.0,0.0,0.0,0.0
2022-09-12,0.0,0.0,0.0,0.0,9.77,2.0,0.0,0.0,0.01,0.0
2022-09-13,0.0,0.0,0.0,0.0,0.0,0.0,0.0,0.0,0.0,0.0
2022-09-14,0.0,0.0,0.0,0.0,0.0,0.0,0.0,0.0,0.0,0.0
2022-09-15,0.0,0.0,0.0,0.0,0.0,0.0,0.0,0.0,0.0,0.0
2022-09-16,0.83,1.0,0.83,1.0,0.83,1.0,0.0,0.0,0.0,0.0
2022-09-17,1.51,1.0,1.51,1.0,1.51,1.0,0.0,0.0,0.0,0.0
2022-09-18,0.0,0.0,0.0,0.0,3.68,1.0,0.0,0.0,1.84,0.5
2022-09-19,0.0,0.0,0.0,0.0,0.0,0.0,0.0,0.0,0.0,0.0
2022-09-20,0.0,0.0,0.0,0.0,0.0,0.0,0.0,0.0,0.0,0.0
2022-09-21,0.0,0.0,0.81,1.0,0.81,1.0,0.0,0.0,0.0,0.0
2022-09-22,0.0,0.0,0.0,0.0,0.0,0.0,0.0,0.0,0.0,0.0
2022-09-23,0.0,0.0,0.0,0.0,0.0,0.0,0.0,0.0,0.0,0.0
2022-09-24,0.0,0.0,0.0,0.0,0.0,0.0,0.0,0.0,0.0,0.0
2022-09-25,0.0,0.0,0.69,1.0,0.69,1.0,0.35,0.5,0.35,0.5
2022-09-26,0.98,1.0,0.98,1.0,0.98,1.0,0.0,0.0,0.0,0.0
2022-09-27,2.8,1.0,5.89,3.0,13.3,6.0,0.52,0.19,5.63,1.51
2022-09-28,0.44,1.0,0.44,1.0,1.83,3.0,0.34,0.78,1.33,1.69
2022-09-29,0.0,0.0,1.64,1.0,1.64,1.0,0.0,0.0,0.0,0.0
2022-09-30,2.68,4.0,2.68,4.0,7.1,6.0,0.98,1.59,2.76,2.54
2022-10-01,2.19,2.0,2.91,3.0,14.54,8.0,2.42,2.67,7.0,3.41
2022-10-02,2.53,2.0,14.48,6.0,60.3,20.0,6.13,2.55,32.17,10.59
2022-10-03,0.0,0.0,15.93,4.0,37.3,9.0,9.65,2.26,17.72,3.81
2022-10-04,1.33,3.0,1.33,3.0,33.55,15.0,0.22,0.51,16.17,6.52
2022-10-05,0.0,0.0,1.28,1.0,76.41,25.0,0.0,0.0,0.16,0.07
2022-10-06,0.0,0.0,0.0,0.0,116.55,26.0,0.0,0.0,0.0,0.0
2022-10-07,0.0,0.0,0.0,0.0,26.08,9.0,0.0,0.0,0.0,0.0
2022-10-08,0.0,0.0,0.0,0.0,0.0,0.0,0.0,0.0,0.0,0.0
2022-10-09,0.0,0.0,0.0,0.0,0.0,0.0,0.0,0.0,0.0,0.0
2022-10-10,0.0,0.0,0.0,0.0,9.51,2.0,0.0,0.0,0.0,0.0
2022-10-11,0.41,1.0,0.41,1.0,1.93,3.0,0.35,0.87,1.82,2.79
2022-10-12,0.43,1.0,0.43,1.0,8.79,5.0,0.29,0.67,8.11,4.42
2022-10-13,19.78,6.0,23.53,7.0,143.49,33.0,15.08,5.03,119.33,27.46
2022-10-14,0.92,1.0,0.92,1.0,155.65,37.0,0.0,0.0,130.72,29.47
2022-10-15,0.39,1.0,0.39,1.0,158.83,51.0,0.36,0.93,120.79,37.54
2022-10-16,2.88,3.0,2.88,3.0,502.29,99.0,0.78,0.95,361.47,66.75
2022-10-17,2.82,5.0,24.84,10.0,653.16,116.0,4.31,3.36,283.0,49.47
2022-10-18,5.98,4.0,30.36,13.0,811.19,201.0,1.37,0.73,43.04,12.04
2022-10-19,15.12,4.0,23.65,7.0,586.66,132.0,7.93,2.61,10.75,3.36
2022-10-20,0.0,0.0,19.36,6.0,372.22,94.0,8.68,1.9,8.68,1.9
2022-10-21,1.2,2.0,6.11,4.0,507.01,126.0,0.05,0.06,257.12,60.93
2022-10-22,0.0,0.0,32.49,12.0,1097.57,204.0,8.0,4.43,967.11,174.01
2022-10-23,5.14,5.0,129.54,42.0,1679.77,390.0,22.08,8.35,1396.09,304.38
2022-10-24,21.51,7.0,159.28,45.0,2130.7,405.0,35.89,11.06,1656.02,281.72
2022-10-25,5.86,1.0,67.14,15.0,1013.15,152.0,0.0,0.0,586.78,79.73
2022-10-26,0.0,0.0,51.46,10.0,1074.71,198.0,32.27,6.33,967.32,177.35
2022-10-27,10.87,1.0,33.71,7.0,1289.09,213.0,5.0,1.57,1009.4,154.06
2022-10-28,2.89,1.0,29.42,10.0,1533.13,282.0,1.94,0.67,1109.03,203.32
2022-10-29,16.45,4.0,37.05,12.0,1642.39,301.0,8.96,2.54,1417.09,241.47
2022-10-30,2.37,1.0,27.84,8.0,1316.41,220.0,4.74,0.98,1021.7,158.58
2022-10-31,0.0,0.0,32.92,7.0,919.75,152.0,0.0,0.0,293.53,42.61
2022-11-01,19.72,3.0,34.25,7.0,1627.94,209.0,17.31,2.98,17.88,3.17
2022-11-02,8.09,2.0,32.03,7.0,2212.02,297.0,5.53,2.78,2026.11,260.1
2022-11-03,16.76,7.0,58.38,19.0,1840.05,282.0,20.29,7.5,1701.4,241.33
2022-11-04,3.59,1.0,34.37,7.0,666.73,131.0,3.69,0.54,34.85,10.23
2022-11-05,0.64,1.0,5.78,3.0,1739.8,247.0,3.29,0.92,18.37,5.02
2022-11-06,0.0,0.0,2.49,1.0,307.0,68.0,1.84,0.74,1.84,0.74
2022-11-07,1.34,2.0,46.05,10.0,513.24,79.0,7.78,2.43,255.63,38.3
2022-11-08,0.8,1.0,27.03,9.0,98.01,30.0,0.0,0.0,27.71,6.21
2022-11-09,1.89,1.0,50.28,13.0,425.4,77.0,32.89,8.03,356.17,63.43
2022-11-10,0.0,0.0,11.67,4.0,251.34,47.0,0.45,0.18,209.1,36.64
2022-11-11,1.85,2.0,53.81,12.0,898.24,162.0,14.28,4.79,704.48,120.16
2022-11-12,2.21,3.0,47.66,13.0,755.66,130.0,34.3,5.35,638.64,102.02
2022-11-13,7.79,3.0,92.28,32.0,595.29,157.0,38.44,13.08,199.5,56.97
2022-11-14,0.0,0.0,47.81,16.0,143.16,40.0,5.01,2.33,30.08,10.6
2022-11-15,3.58,2.0,21.98,8.0,114.7,41.0,8.41,2.69,57.93,22.54
2022-11-16,9.69,5.0,41.89,14.0,296.08,59.0,26.88,7.05,249.2,40.38
2022-11-17,2.22,1.0,32.98,7.0,357.24,47.0,22.15,2.67,294.57,31.07
2022-11-18,14.04,7.0,117.71,35.0,465.56,109.0,88.63,24.67,359.09,80.1
2022-11-19,12.56,6.0,107.48,34.0,376.3,99.0,43.93,13.12,260.66,60.87
2022-11-20,1.3,2.0,35.9,13.0,198.57,55.0,14.07,4.86,118.99,30.59
2022-11-21,0.0,0.0,21.04,6.0,77.83,22.0,10.05,3.32,51.66,14.54
2022-11-22,10.16,4.0,33.36,11.0,118.28,41.0,28.68,9.23,93.55,31.22
2022-11-23,18.42,10.0,126.39,27.0,212.28,51.0,50.76,12.15,103.29,23.91
2022-11-24,13.45,7.0,100.78,37.0,278.78,87.0,28.65,11.74,117.93,35.67
2022-11-25,7.35,2.0,67.82,18.0,229.21,65.0,22.8,6.62,93.78,23.85
2022-11-26,5.76,2.0,34.61,9.0,74.18,21.0,12.83,2.62,19.1,5.29
2022-11-27,11.3,3.0,56.61,18.0,144.33,48.0,13.35,6.83,43.28,16.85
2022-11-28,28.79,6.0,49.51,12.0,160.23,36.0,6.48,2.36,62.86,15.14
2022-11-29,32.67,9.0,142.75,39.0,226.55,68.0,22.52,9.2,48.27,17.94
2022-11-30,37.41,12.0,166.49,55.0,338.37,117.0,46.38,15.32,111.68,31.07
2022-12-01,11.97,4.0,76.58,27.0,187.91,57.0,12.92,4.13,35.31,9.56
2022-12-02,11.66,5.0,55.7,12.0,98.87,31.0,41.6,6.02,46.57,8.24
2022-12-03,0.77,1.0,59.06,24.0,132.39,54.0,4.98,2.24,8.18,3.62
2022-12-04,9.93,2.0,124.52,36.0,221.52,68.0,37.09,10.95,57.62,17.29
2022-12-05,14.82,6.0,164.03,62.0,327.73,122.0,47.33,17.6,78.48,26.05
2022-12-06,18.61,4.0,67.62,17.0,214.05,44.0,11.9,3.52,116.31,15.63
2022-12-07,9.71,4.0,57.57,18.0,141.72,42.0,19.49,5.07,46.47,12.63
2022-12-08,13.65,6.0,50.14,21.0,109.91,39.0,11.41,5.75,19.59,9.51
2022-12-09,9.55,7.0,71.0,28.0,152.48,49.0,25.57,12.32,59.2,19.68
2022-12-10,15.23,8.0,186.12,51.0,337.46,106.0,80.61,16.44,125.83,31.8
2022-12-11,45.62,16.0,169.61,56.0,353.38,116.0,35.49,10.67,85.23,24.4
2022-12-12,4.37,1.0,105.14,27.0,279.11,66.0,41.18,13.06,116.86,25.9
2022-12-13,3.63,2.0,30.15,13.0,237.39,54.0,7.18,3.81,100.78,17.99
2022-12-14,16.91,4.0,26.69,9.0,79.46,21.0,6.87,2.39,28.1,6.42
2022-12-15,7.29,10.0,122.59,35.0,280.11,77.0,54.37,14.73,84.38,21.82
2022-12-16,35.61,16.0,128.87,52.0,322.21,111.0,26.8,12.49,54.43,18.42
2022-12-17,4.24,2.0,89.43,33.0,230.98,74.0,9.99,3.43,42.65,11.69
2022-12-18,9.09,5.0,38.51,19.0,139.68,47.0,7.05,3.99,63.36,13.26
2022-12-19,12.0,6.0,55.74,19.0,115.27,45.0,9.71,3.06,25.63,8.92
2022-12-20,68.01,17.0,119.42,31.0,126.86,34.0,17.65,6.86,20.71,8.35
2022-12-21,46.61,13.0,139.05,54.0,235.88,90.0,56.66,23.71,94.88,41.54
2022-12-22,0.0,0.0,43.26,14.0,126.67,41.0,10.81,3.86,36.53,12.53
2022-12-23,14.62,4.0,48.82,16.0,85.1,25.0,34.49,12.41,43.39,15.04
2022-12-24,3.33,1.0,40.39,14.0,89.82,29.0,11.44,4.06,31.6,10.7
2022-12-25,33.5,10.0,53.57,16.0,97.05,25.0,6.56,2.76,12.02,4.5
2022-12-26,7.6,3.0,51.98,20.0,108.27,42.0,8.78,3.25,21.44,9.05
2022-12-27,0.0,0.0,22.65,8.0,56.39,17.0,3.54,1.27,8.74,2.85
2022-12-28,4.33,2.0,18.91,5.0,105.13,16.0,9.22,1.66,56.62,6.15
2022-12-29,0.0,0.0,9.64,4.0,9.64,4.0,2.16,0.85,2.16,0.85
2022-12-30,0.0,0.0,8.76,2.0,37.76,10.0,0.0,0.0,0.12,0.03
2022-12-31,5.11,3.0,44.81,19.0,75.67,29.0,10.25,4.92,17.07,7.93
2023-01-01,15.64,3.0,31.88,7.0,33.81,8.0,13.73,2.63,15.37,3.48
2023-01-02,0.0,0.0,11.36,5.0,15.48,6.0,0.64,0.77,0.64,0.77
2023-01-03,0.0,0.0,0.0,0.0,1.1,1.0,0.0,0.0,0.0,0.0
2023-01-04,2.1,1.0,6.06,4.0,17.27,10.0,1.0,0.74,7.85,4.26
2023-01-05,0.0,0.0,8.66,3.0,8.66,3.0,6.59,2.41,6.59,2.41
2023-01-06,19.61,7.0,33.54,12.0,53.87,18.0,2.84,0.97,5.92,2.85
2023-01-07,6.62,2.0,26.63,7.0,33.52,8.0,8.26,1.99,8.26,1.99
2023-01-08,0.0,0.0,0.0,0.0,0.0,0.0,0.0,0.0,0.0,0.0
2023-01-09,0.0,0.0,0.0,0.0,8.02,2.0,0.0,0.0,0.0,0.0
2023-01-10,0.0,0.0,10.66,4.0,26.35,8.0,10.13,3.83,10.13,3.83
2023-01-11,1.27,1.0,40.15,11.0,47.28,12.0,1.06,0.27,1.06,0.27
2023-01-12,11.31,3.0,33.49,11.0,193.87,47.0,3.81,0.82,20.97,6.57
2023-01-13,0.0,0.0,4.64,1.0,9.77,2.0,0.0,0.0,3.92,0.76
2023-01-14,0.0,0.0,18.62,3.0,18.62,3.0,14.85,2.44,14.85,2.44
2023-01-15,4.95,2.0,47.66,13.0,153.41,23.0,16.41,5.89,19.25,6.51
2023-01-16,17.02,3.0,64.25,23.0,109.39,37.0,17.46,8.07,30.78,13.16
2023-01-17,47.72,11.0,82.38,21.0,154.72,47.0,28.28,6.36,55.62,17.04
2023-01-18,13.54,5.0,72.94,22.0,147.93,40.0,25.5,6.45,41.43,10.42
2023-01-19,17.79,7.0,39.19,15.0,51.3,18.0,22.74,7.97,29.94,9.61
2023-01-20,8.51,4.0,22.16,9.0,44.38,16.0,2.32,1.46,3.59,1.87
2023-01-21,13.04,6.0,69.47,22.0,142.33,44.0,38.05,12.4,74.46,22.09
2023-01-22,26.74,13.0,116.69,47.0,259.3,92.0,69.16,26.39,157.25,52.71
2023-01-23,23.56,7.0,97.47,25.0,196.38,50.0,58.89,16.92,109.09,29.8
2023-01-24,0.0,0.0,8.15,2.0,8.97,3.0,0.0,0.0,0.0,0.0
2023-01-25,0.75,1.0,1.38,2.0,5.48,4.0,1.15,1.66,2.21,2.23
2023-01-26,28.0,4.0,28.0,4.0,34.46,7.0,0.0,0.0,0.58,0.91
2023-01-27,10.78,7.0,59.02,21.0,137.56,45.0,15.43,7.93,29.28,12.45
2023-01-28,2.73,1.0,36.0,13.0,120.77,41.0,3.34,1.76,21.52,6.7
2023-01-29,0.0,0.0,0.0,0.0,0.0,0.0,0.0,0.0,0.0,0.0
2023-01-30,0.0,0.0,0.0,0.0,0.0,0.0,0.0,0.0,0.0,0.0
2023-01-31,0.0,0.0,0.0,0.0,20.58,5.0,0.0,0.0,2.1,0.54
2023-02-01,1.04,2.0,29.44,10.0,77.95,22.0,8.63,3.59,13.01,4.26
2023-02-02,1.44,3.0,54.47,20.0,128.75,47.0,4.34,2.51,12.37,6.22
2023-02-03,10.14,5.0,68.77,16.0,107.57,28.0,7.22,2.71,17.05,5.55
2023-02-04,9.8,4.0,63.83,17.0,114.2,34.0,28.4,6.04,36.36,8.48
2023-02-05,6.29,4.0,79.21,26.0,135.06,47.0,21.86,5.08,22.1,5.24
2023-02-06,24.11,7.0,72.51,23.0,183.3,53.0,14.15,3.95,35.89,10.68
2023-02-07,9.56,6.0,77.73,32.0,209.58,69.0,26.88,7.71,59.85,15.73
2023-02-08,16.53,4.0,30.71,8.0,185.76,31.0,14.37,4.1,38.38,7.63
2023-02-09,11.39,5.0,46.48,16.0,153.2,33.0,0.0,0.0,1.14,0.39
2023-02-10,2.64,1.0,36.84,11.0,65.07,21.0,0.38,0.16,1.34,0.74
2023-02-11,24.68,7.0,70.18,21.0,151.83,39.0,20.28,6.67,49.4,14.97
2023-02-12,21.44,9.0,75.84,28.0,277.07,87.0,17.5,8.49,55.4,19.1
2023-02-13,7.79,5.0,113.53,26.0,598.01,98.0,44.38,11.39,104.18,17.32
2023-02-14,12.08,3.0,28.97,7.0,195.26,33.0,3.89,0.86,24.46,6.08
2023-02-15,3.44,2.0,17.57,6.0,49.18,16.0,4.47,1.1,10.07,3.26
2023-02-16,1.89,1.0,24.77,8.0,98.37,23.0,16.58,5.41,42.4,10.3
2023-02-17,4.02,3.0,19.38,6.0,44.13,13.0,4.22,2.3,13.33,5.27
2023-02-18,30.1,11.0,103.09,32.0,228.88,72.0,20.54,7.46,52.47,15.12
2023-02-19,13.33,6.0,43.8,14.0,96.62,31.0,13.71,4.29,23.14,7.35
2023-02-20,3.45,1.0,21.02,6.0,33.35,10.0,2.26,0.85,5.12,2.21
2023-02-21,0.26,1.0,22.74,7.0,47.27,17.0,10.4,1.71,10.74,1.88
2023-02-22,10.29,7.0,19.55,11.0,101.08,30.0,7.97,3.91,25.22,7.14
2023-02-23,13.73,7.0,70.69,23.0,230.87,67.0,18.68,4.59,110.84,26.47
2023-02-24,32.15,9.0,89.11,20.0,189.62,44.0,5.05,2.27,19.9,4.68
2023-02-25,4.32,3.0,16.14,10.0,95.92,30.0,7.08,4.65,25.86,11.47
2023-02-26,17.84,2.0,20.46,3.0,79.79,20.0,2.51,0.87,26.21,6.89
2023-02-27,1.01,2.0,33.86,11.0,75.87,23.0,6.24,2.75,23.2,7.82
2023-02-28,6.69,2.0,33.34,11.0,166.56,46.0,7.37,3.04,76.51,21.32
2023-03-01,0.57,1.0,44.33,6.0,168.01,37.0,31.39,3.07,78.8,16.17
2023-03-02,5.84,4.0,24.14,9.0,99.93,28.0,10.03,5.32,19.55,7.99
2023-03-03,4.86,2.0,16.49,5.0,151.11,37.0,5.08,1.45,6.25,1.82
2023-03-04,2.46,2.0,2.46,2.0,89.07,19.0,0.0,0.0,3.69,1.31
2023-03-05,2.14,5.0,48.28,13.0,149.61,48.0,4.71,2.28,19.43,7.34
2023-03-06,9.59,5.0,38.16,11.0,227.1,49.0,1.36,0.56,35.31,5.6
2023-03-07,27.69,12.0,42.16,19.0,122.36,45.0,25.26,9.7,32.84,13.01
2023-03-08,0.57,1.0,19.85,6.0,54.63,13.0,2.69,1.7,5.4,2.47
2023-03-09,0.48,1.0,22.67,6.0,41.63,14.0,13.56,2.31,13.56,2.31
2023-03-10,0.3,1.0,28.47,9.0,61.22,21.0,2.29,1.88,12.12,4.22
2023-03-11,8.0,6.0,46.89,16.0,193.35,59.0,21.87,6.66,56.09,15.73
2023-03-12,0.0,0.0,21.46,4.0,79.35,19.0,1.48,0.59,10.78,2.67
2023-03-13,0.36,1.0,0.36,1.0,56.21,11.0,0.15,0.42,34.28,3.29
2023-03-14,0.48,1.0,0.48,1.0,47.27,13.0,0.47,0.99,4.91,2.23
2023-03-15,4.48,1.0,32.44,5.0,108.84,20.0,18.8,3.1,56.21,11.18
2023-03-16,6.85,4.0,11.14,6.0,53.05,32.0,0.53,0.19,0.53,0.19
2023-03-17,0.0,0.0,55.49,3.0,172.54,30.0,28.63,1.5,73.39,11.06
2023-03-18,0.0,0.0,2.89,1.0,2.89,1.0,2.8,0.97,2.8,0.97
2023-03-19,0.0,0.0,0.0,0.0,11.82,2.0,0.0,0.0,0.72,0.12
2023-03-20,0.0,0.0,0.0,0.0,3.32,1.0,0.0,0.0,0.0,0.0
2023-03-21,1.62,5.0,2.98,7.0,2.98,7.0,0.32,0.97,0.32,0.97
2023-03-22,0.56,1.0,4.85,2.0,47.8,12.0,3.31,0.77,12.73,2.92
2023-03-23,23.28,4.0,23.83,5.0,48.32,13.0,0.01,0.01,9.19,3.46
2023-03-24,0.0,0.0,17.32,3.0,17.91,4.0,0.0,0.0,0.0,0.0
2023-03-25,1.27,2.0,5.01,3.0,9.04,5.0,0.28,0.39,1.23,0.72
2023-03-26,3.26,7.0,6.27,8.0,40.34,16.0,4.01,3.93,24.52,8.53
2023-03-27,5.82,2.0,26.95,10.0,97.64,29.0,4.24,2.29,28.96,7.45
2023-03-28,1.39,2.0,12.21,5.0,46.52,14.0,3.29,1.0,8.27,3.34
2023-03-29,1.53,1.0,8.37,3.0,18.55,7.0,2.64,1.17,7.9,3.68
2023-03-30,5.06,1.0,9.32,3.0,22.4,6.0,3.26,1.53,9.8,3.09
2023-03-31,4.01,6.0,4.01,6.0,4.65,7.0,0.17,0.57,0.33,0.82
2023-04-01,0.0,0.0,0.62,1.0,11.86,6.0,0.0,0.0,0.0,0.0
2023-04-02,1.11,2.0,6.73,4.0,25.17,9.0,5.27,2.69,12.93,4.69
2023-04-03,1.86,3.0,1.86,3.0,21.92,9.0,0.0,0.01,15.52,4.23
2023-04-04,0.39,1.0,0.39,1.0,29.78,6.0,0.25,0.64,2.02,1.24
2023-04-05,0.0,0.0,9.85,2.0,35.86,10.0,6.51,1.32,8.82,2.02
2023-04-06,0.41,1.0,12.5,4.0,76.3,17.0,7.26,1.83,35.24,6.55
2023-04-07,16.87,3.0,20.49,5.0,61.38,19.0,13.63,2.63,14.88,3.62
2023-04-08,4.7,3.0,37.97,11.0,75.08,19.0,6.63,3.08,15.7,5.15
2023-04-09,1.13,2.0,31.56,11.0,86.31,24.0,5.41,2.21,5.69,2.3
2023-04-10,0.0,0.0,4.66,1.0,127.57,15.0,0.0,0.0,8.91,2.22
2023-04-11,3.06,1.0,15.02,5.0,27.52,13.0,0.5,1.03,0.57,1.11
2023-04-12,0.0,0.0,49.77,2.0,81.53,14.0,0.0,0.0,0.28,0.45
2023-04-13,4.39,1.0,77.96,5.0,128.29,16.0,0.0,0.0,25.13,1.94
2023-04-14,0.46,1.0,25.57,12.0,152.56,29.0,0.58,1.12,47.51,5.49
2023-04-15,15.88,4.0,83.77,20.0,186.93,48.0,15.15,2.8,19.72,4.34
2023-04-16,4.47,1.0,56.3,12.0,141.95,24.0,11.26,1.86,13.08,2.42
2023-04-17,8.78,2.0,60.43,11.0,246.38,68.0,10.07,1.48,18.84,3.21
2023-04-18,7.41,2.0,28.43,8.0,234.72,58.0,1.41,0.37,5.86,2.67
2023-04-19,16.34,4.0,116.23,21.0,136.19,26.0,1.26,0.75,1.65,0.82
2023-04-20,0.0,0.0,65.34,14.0,79.28,18.0,16.18,4.53,24.89,6.3
2023-04-21,0.0,0.0,97.0,20.0,172.13,38.0,5.56,1.04,43.71,12.26
2023-04-22,14.13,4.0,113.9,26.0,384.81,81.0,20.12,6.95,82.81,28.58
2023-04-23,3.98,2.0,15.5,8.0,47.05,23.0,0.95,0.6,12.51,6.3
2023-04-24,36.18,11.0,204.3,54.0,360.92,88.0,38.63,10.21,49.48,13.23
2023-04-25,21.57,10.0,134.14,42.0,322.79,102.0,23.46,9.93,99.89,31.77
2023-04-26,0.0,0.0,60.79,14.0,88.46,26.0,20.58,5.43,20.87,5.85
2023-04-27,72.73,16.0,491.63,95.0,995.89,199.0,10.78,2.04,83.11,34.41
2023-04-28,2.02,2.0,8.01,6.0,71.57,29.0,1.32,1.21,42.65,15.95
2023-04-29,0.0,0.0,2.95,1.0,2.95,1.0,0.02,0.01,0.02,0.01
2023-04-30,10.65,4.0,10.65,4.0,51.82,11.0,0.0,0.0,6.46,0.84
2023-05-01,0.0,0.0,0.0,0.0,0.0,0.0,0.0,0.0,0.0,0.0
2023-05-02,0.0,0.0,0.71,1.0,23.86,6.0,0.0,0.0,0.0,0.0
2023-05-03,2.64,3.0,74.15,20.0,95.42,27.0,3.72,1.47,3.85,1.5
2023-05-04,5.12,3.0,57.13,16.0,821.02,189.0,7.7,3.2,10.08,3.83
2023-05-05,1.13,2.0,172.28,28.0,2441.15,379.0,140.59,19.94,2112.66,326.36
2023-05-06,17.63,5.0,171.6,41.0,1190.07,247.0,85.36,20.19,747.42,156.32
2023-05-07,35.59,10.0,593.84,124.0,2554.51,438.0,36.72,9.86,41.3,10.8
2023-05-08,3.66,3.0,586.19,110.0,2468.26,392.0,19.5,3.31,28.54,6.85
2023-05-09,0.0,0.0,415.25,49.0,964.21,134.0,341.49,39.53,831.44,109.5
2023-05-10,46.67,11.0,560.66,86.0,1960.99,300.0,438.83,63.89,1533.96,219.72
2023-05-11,40.61,13.0,522.43,103.0,1779.03,364.0,417.05,77.87,1373.46,264.35
2023-05-12,30.49,5.0,496.13,65.0,1503.55,215.0,23.61,4.01,23.62,4.01
2023-05-13,8.83,5.0,335.92,52.0,1408.85,262.0,15.83,3.45,59.4,14.5
2023-05-14,23.41,7.0,108.72,24.0,604.04,154.0,49.89,13.53,403.04,99.31
2023-05-15,9.1,2.0,145.2,21.0,688.42,135.0,81.78,13.79,383.95,65.56
2023-05-16,6.47,2.0,17.87,6.0,221.34,74.0,10.43,3.0,34.84,12.97
2023-05-17,8.14,2.0,35.07,10.0,146.05,35.0,14.47,4.12,25.25,6.59
2023-05-18,17.59,4.0,24.28,6.0,56.34,16.0,5.96,1.79,17.26,6.24
2023-05-19,16.73,5.0,33.0,11.0,207.29,57.0,11.7,4.19,70.89,21.5
2023-05-20,0.0,0.0,1.81,1.0,115.08,19.0,0.6,0.33,44.49,8.02
2023-05-21,0.0,0.0,25.04,3.0,139.01,26.0,6.73,0.83,26.19,3.66
2023-05-22,0.0,0.0,24.07,4.0,76.77,18.0,0.0,0.0,12.54,3.21
2023-05-23,11.53,2.0,34.89,6.0,76.72,12.0,20.26,2.89,42.59,5.0
2023-05-24,0.0,0.0,0.0,0.0,13.05,2.0,0.0,0.0,0.04,0.0
2023-05-25,0.0,0.0,3.55,1.0,3.55,1.0,0.0,0.0,0.0,0.0
2023-05-26,1.85,3.0,3.46,4.0,13.59,7.0,2.39,2.3,2.39,2.3
2023-05-27,0.0,0.0,0.0,0.0,0.0,0.0,0.0,0.0,0.0,0.0
2023-05-28,0.0,0.0,11.79,2.0,41.15,6.0,0.0,0.0,1.74,0.23
2023-05-29,1.41,3.0,7.64,5.0,25.62,8.0,4.79,1.23,14.94,2.93
2023-05-30,0.0,0.0,0.41,1.0,59.27,8.0,0.0,0.0,0.49,0.18
2023-05-31,0.0,0.0,5.08,1.0,8.63,2.0,2.1,0.41,2.1,0.41
2023-06-01,2.01,1.0,2.01,1.0,10.44,2.0,1.46,0.73,1.46,0.73
2023-06-02,0.0,0.0,11.84,2.0,55.16,5.0,0.12,0.02,43.44,3.02
2023-06-03,1.43,1.0,1.43,1.0,82.24,19.0,0.82,0.57,38.91,9.79
2023-06-04,0.89,2.0,1.39,3.0,16.18,9.0,0.32,0.89,2.78,2.71
2023-06-05,0.0,0.0,0.0,0.0,87.32,19.0,0.0,0.0,5.83,1.04
2023-06-06,1.95,1.0,14.98,3.0,101.09,40.0,1.72,0.88,16.57,5.13
2023-06-07,0.0,0.0,2.96,2.0,51.58,19.0,0.0,0.0,6.96,2.38
2023-06-08,11.52,4.0,27.77,7.0,136.78,46.0,5.79,1.82,15.14,4.89
2023-06-09,0.0,0.0,18.73,3.0,208.81,54.0,0.0,0.0,11.47,3.75
2023-06-10,10.42,1.0,10.42,1.0,81.56,20.0,10.35,0.99,13.49,1.41
2023-06-11,2.04,1.0,8.96,3.0,129.06,33.0,0.0,0.0,17.93,4.57
2023-06-12,3.61,1.0,29.69,6.0,67.07,21.0,3.15,1.21,9.65,3.63
2023-06-13,38.62,2.0,38.62,2.0,220.41,46.0,25.76,1.33,35.54,3.13
2023-06-14,6.46,6.0,18.35,9.0,248.04,81.0,4.3,4.72,16.78,7.17
2023-06-15,0.95,1.0,0.95,1.0,198.9,55.0,0.89,0.94,9.89,2.78
2023-06-16,0.0,0.0,4.97,1.0,77.34,17.0,0.0,0.0,1.27,0.38
2023-06-17,0.0,0.0,0.0,0.0,8.02,2.0,0.0,0.0,0.0,0.0
2023-06-18,0.0,0.0,0.0,0.0,7.88,2.0,0.0,0.0,1.07,0.27
2023-06-19,0.0,0.0,0.0,0.0,21.62,6.0,0.0,0.0,5.4,1.85
2023-06-20,2.96,1.0,2.96,1.0,39.92,14.0,2.63,0.89,3.01,1.04
2023-06-21,0.0,0.0,0.0,0.0,6.3,2.0,0.0,0.0,5.72,1.82
2023-06-22,0.0,0.0,0.0,0.0,22.05,4.0,0.0,0.0,0.0,0.0
2023-06-23,0.0,0.0,0.0,0.0,0.0,0.0,0.0,0.0,0.0,0.0
2023-06-24,0.0,0.0,0.0,0.0,0.0,0.0,0.0,0.0,0.0,0.0
2023-06-25,0.0,0.0,0.0,0.0,0.0,0.0,0.0,0.0,0.0,0.0
2023-06-26,0.0,0.0,0.0,0.0,1.17,1.0,0.0,0.0,0.0,0.0
2023-06-27,0.0,0.0,4.06,1.0,4.06,1.0,0.0,0.0,0.0,0.0
2023-06-28,0.0,0.0,0.0,0.0,5.06,1.0,0.0,0.0,3.27,0.65
2023-06-29,0.0,0.0,0.0,0.0,1.76,1.0,0.0,0.0,0.0,0.0
2023-06-30,0.0,0.0,0.0,0.0,0.0,0.0,0.0,0.0,0.0,0.0
2023-07-01,0.0,0.0,0.0,0.0,0.0,0.0,0.0,0.0,0.0,0.0
2023-07-02,0.0,0.0,0.0,0.0,13.79,3.0,0.0,0.0,3.65,0.87
2023-07-03,0.0,0.0,0.0,0.0,0.0,0.0,0.0,0.0,0.0,0.0
2023-07-04,0.0,0.0,0.0,0.0,10.43,1.0,0.0,0.0,0.0,0.0
2023-07-05,0.0,0.0,1.4,1.0,1.4,1.0,0.0,0.0,0.0,0.0
2023-07-06,0.0,0.0,0.0,0.0,7.06,2.0,0.0,0.0,0.0,0.0
2023-07-07,0.0,0.0,0.0,0.0,0.0,0.0,0.0,0.0,0.0,0.0
2023-07-08,0.0,0.0,0.0,0.0,0.0,0.0,0.0,0.0,0.0,0.0
2023-07-09,0.0,0.0,0.0,0.0,0.0,0.0,0.0,0.0,0.0,0.0
2023-07-10,0.0,0.0,0.0,0.0,0.0,0.0,0.0,0.0,0.0,0.0
2023-07-11,0.0,0.0,0.0,0.0,0.0,0.0,0.0,0.0,0.0,0.0
2023-07-12,0.0,0.0,0.0,0.0,0.0,0.0,0.0,0.0,0.0,0.0
2023-07-13,0.84,1.0,0.84,1.0,4.77,2.0,0.0,0.0,0.0,0.0
2023-07-14,0.0,0.0,0.0,0.0,0.0,0.0,0.0,0.0,0.0,0.0
2023-07-15,0.0,0.0,0.0,0.0,0.0,0.0,0.0,0.0,0.0,0.0
2023-07-16,0.0,0.0,0.0,0.0,0.0,0.0,0.0,0.0,0.0,0.0
2023-07-17,6.55,3.0,6.55,3.0,6.55,3.0,0.0,0.0,0.0,0.0
2023-07-18,0.0,0.0,0.0,0.0,0.0,0.0,0.0,0.0,0.0,0.0
2023-07-19,0.0,0.0,0.0,0.0,0.0,0.0,0.0,0.0,0.0,0.0
2023-07-20,0.0,0.0,1.07,1.0,1.07,1.0,0.0,0.0,0.0,0.0
2023-07-21,5.46,2.0,5.46,2.0,5.46,2.0,2.2,0.86,2.2,0.86
2023-07-22,3.64,2.0,3.64,2.0,3.64,2.0,0.0,0.0,0.0,0.0
2023-07-23,3.45,1.0,3.45,1.0,3.45,1.0,0.0,0.0,0.0,0.0
2023-07-24,0.0,0.0,0.0,0.0,3.57,1.0,0.0,0.0,3.44,0.96
2023-07-25,0.0,0.0,0.0,0.0,0.0,0.0,0.0,0.0,0.0,0.0
2023-07-26,0.0,0.0,0.0,0.0,0.0,0.0,0.0,0.0,0.0,0.0
2023-07-27,0.0,0.0,0.0,0.0,0.0,0.0,0.0,0.0,0.0,0.0
2023-07-28,0.0,0.0,0.0,0.0,0.0,0.0,0.0,0.0,0.0,0.0
2023-07-29,0.49,1.0,0.49,1.0,1.43,3.0,0.01,0.02,0.01,0.02
2023-07-30,0.0,0.0,0.0,0.0,0.0,0.0,0.0,0.0,0.0,0.0
2023-07-31,0.0,0.0,0.0,0.0,0.0,0.0,0.0,0.0,0.0,0.0
2023-08-01,0.79,1.0,0.79,1.0,7.87,4.0,0.76,0.97,2.2,1.69
2023-08-02,0.0,0.0,0.0,0.0,0.0,0.0,0.0,0.0,0.0,0.0
2023-08-03,0.0,0.0,0.0,0.0,0.0,0.0,0.0,0.0,0.0,0.0
2023-08-04,0.0,0.0,0.0,0.0,0.59,1.0,0.0,0.0,0.15,0.26
2023-08-05,0.0,0.0,0.0,0.0,0.0,0.0,0.0,0.0,0.0,0.0
2023-08-06,0.0,0.0,0.0,0.0,0.0,0.0,0.0,0.0,0.0,0.0
2023-08-07,0.0,0.0,0.0,0.0,0.0,0.0,0.0,0.0,0.0,0.0
2023-08-08,0.0,0.0,0.0,0.0,0.0,0.0,0.0,0.0,0.0,0.0
2023-08-09,0.0,0.0,0.0,0.0,11.92,3.0,0.0,0.0,2.13,0.39
2023-08-10,0.0,0.0,0.0,0.0,5.62,1.0,0.0,0.0,2.4,0.43
2023-08-11,0.0,0.0,1.95,1.0,1.95,1.0,1.88,0.96,1.88,0.96
2023-08-12,3.14,3.0,6.13,4.0,6.13,4.0,2.58,1.97,2.58,1.97
2023-08-13,0.0,0.0,0.0,0.0,0.0,0.0,0.0,0.0,0.0,0.0
2023-08-14,0.0,0.0,0.0,0.0,0.0,0.0,0.0,0.0,0.0,0.0
2023-08-15,0.0,0.0,0.0,0.0,0.0,0.0,0.0,0.0,0.0,0.0
2023-08-16,5.34,2.0,5.34,2.0,9.68,3.0,0.0,0.0,1.89,0.44
2023-08-17,3.8,1.0,3.8,1.0,3.8,1.0,0.92,0.24,0.92,0.24
2023-08-18,3.01,2.0,15.63,6.0,15.63,6.0,0.56,0.85,0.56,0.85
2023-08-19,0.0,0.0,0.0,0.0,0.0,0.0,0.0,0.0,0.0,0.0
2023-08-20,10.87,3.0,10.87,3.0,10.87,3.0,0.0,0.0,0.0,0.0
2023-08-21,0.0,0.0,0.0,0.0,0.0,0.0,0.0,0.0,0.0,0.0
2023-08-22,0.0,0.0,0.0,0.0,0.0,0.0,0.0,0.0,0.0,0.0
2023-08-23,0.0,0.0,0.0,0.0,0.0,0.0,0.0,0.0,0.0,0.0
2023-08-24,0.0,0.0,0.0,0.0,0.0,0.0,0.0,0.0,0.0,0.0
2023-08-25,0.0,0.0,0.0,0.0,0.0,0.0,0.0,0.0,0.0,0.0
2023-08-26,0.0,0.0,0.0,0.0,0.0,0.0,0.0,0.0,0.0,0.0
2023-08-27,0.0,0.0,0.0,0.0,0.0,0.0,0.0,0.0,0.0,0.0
2023-08-28,0.0,0.0,0.0,0.0,0.0,0.0,0.0,0.0,0.0,0.0
2023-08-29,1.82,1.0,3.95,2.0,7.14,5.0,2.68,1.3,2.68,1.31
2023-08-30,6.92,2.0,13.65,4.0,28.92,6.0,11.8,3.4,15.54,4.16
2023-08-31,0.0,0.0,0.0,0.0,0.0,0.0,0.0,0.0,0.0,0.0
2023-09-01,1.19,1.0,1.19,1.0,1.19,1.0,1.0,0.84,1.0,0.84
2023-09-02,3.37,3.0,3.63,4.0,10.27,7.0,3.25,2.8,8.19,4.44
2023-09-03,4.02,2.0,4.02,2.0,12.22,5.0,0.62,0.8,3.55,1.89
2023-09-04,0.0,0.0,0.0,0.0,0.0,0.0,0.0,0.0,0.0,0.0
2023-09-05,0.0,0.0,0.0,0.0,14.8,4.0,0.0,0.0,0.5,0.15
2023-09-06,0.0,0.0,0.0,0.0,2.51,1.0,0.0,0.0,0.0,0.0
2023-09-07,0.0,0.0,0.0,0.0,17.67,4.0,0.0,0.0,0.0,0.0
2023-09-08,0.0,0.0,12.98,4.0,70.22,19.0,0.0,0.0,0.0,0.0
2023-09-09,0.0,0.0,0.0,0.0,12.78,2.0,0.0,0.0,0.0,0.0
2023-09-10,0.0,0.0,0.0,0.0,2.54,1.0,0.0,0.0,0.1,0.04
2023-09-11,0.0,0.0,0.0,0.0,0.95,1.0,0.0,0.0,0.92,0.96
2023-09-12,0.0,0.0,0.0,0.0,4.23,1.0,0.0,0.0,0.0,0.0
2023-09-13,0.0,0.0,2.87,1.0,17.31,5.0,0.0,0.0,0.0,0.0
2023-09-14,0.0,0.0,0.61,1.0,2.83,2.0,0.0,0.0,0.0,0.0
2023-09-15,0.55,1.0,0.55,1.0,12.17,3.0,0.0,0.0,0.0,0.0
2023-09-16,0.0,0.0,0.0,0.0,0.0,0.0,0.0,0.0,0.0,0.0
2023-09-17,0.0,0.0,0.0,0.0,4.01,1.0,0.0,0.0,0.0,0.0
2023-09-18,0.0,0.0,0.0,0.0,0.0,0.0,0.0,0.0,0.0,0.0
2023-09-19,2.14,1.0,11.88,4.0,16.28,5.0,1.72,0.78,1.72,0.78
2023-09-20,0.0,0.0,3.96,1.0,9.29,2.0,0.76,0.19,1.58,0.35
2023-09-21,0.0,0.0,2.18,1.0,4.74,2.0,0.0,0.0,0.0,0.0
2023-09-22,0.0,0.0,0.0,0.0,9.89,3.0,0.0,0.0,0.0,0.0
2023-09-23,0.0,0.0,0.0,0.0,19.15,4.0,0.0,0.0,0.0,0.0
2023-09-24,0.65,1.0,1.01,2.0,1.01,2.0,0.0,0.0,0.0,0.0
2023-09-25,2.16,2.0,2.94,3.0,5.56,4.0,0.26,0.27,2.36,1.07
2023-09-26,0.0,0.0,0.0,0.0,7.69,3.0,0.0,0.0,1.58,0.39
2023-09-27,6.04,4.0,12.93,7.0,40.4,15.0,6.33,3.64,28.2,9.96
2023-09-28,1.83,2.0,9.22,4.0,61.81,15.0,1.22,1.37,45.65,10.51
2023-09-29,11.39,6.0,47.95,18.0,100.47,35.0,22.69,9.21,61.42,21.49
2023-09-30,10.13,5.0,95.55,30.0,197.2,61.0,24.26,8.45,95.1,29.75
2023-10-01,24.65,4.0,63.87,13.0,138.6,29.0,22.61,4.63,90.99,19.42
2023-10-02,1.81,1.0,39.74,7.0,152.87,39.0,5.22,1.25,99.13,26.71
2023-10-03,2.11,1.0,61.13,12.0,161.37,28.0,4.37,1.29,68.81,10.22
2023-10-04,4.87,1.0,97.53,15.0,273.76,59.0,21.39,5.66,137.52,35.02
2023-10-05,9.43,5.0,39.98,17.0,181.31,64.0,19.79,9.84,123.2,41.57
2023-10-06,5.67,1.0,53.44,11.0,136.07,34.0,4.16,1.27,70.88,19.72
2023-10-07,3.09,2.0,20.84,11.0,70.97,27.0,5.78,2.92,48.65,15.94
2023-10-08,5.33,3.0,35.74,13.0,177.57,58.0,8.45,3.89,114.18,35.72
2023-10-09,4.27,3.0,38.82,16.0,194.57,48.0,5.19,2.76,43.5,11.25
2023-10-10,8.04,5.0,50.82,18.0,267.85,76.0,7.98,5.26,164.49,46.44
2023-10-11,17.65,6.0,85.93,28.0,385.31,96.0,32.27,11.42,199.79,45.82
2023-10-12,7.14,2.0,37.65,10.0,231.72,54.0,11.54,2.35,129.25,28.57
2023-10-13,0.0,0.0,33.64,9.0,155.47,37.0,3.44,0.75,72.85,18.61
2023-10-14,5.8,4.0,101.64,20.0,404.34,88.0,8.27,3.4,254.46,57.81
2023-10-15,32.14,5.0,154.34,37.0,739.3,180.0,33.84,8.32,337.41,81.13
2023-10-16,2.35,2.0,43.21,13.0,66.39,21.0,1.78,0.48,2.8,0.85
2023-10-17,0.79,1.0,1.17,2.0,1.17,2.0,0.49,1.08,0.49,1.08
2023-10-18,0.68,1.0,5.08,3.0,25.58,13.0,0.0,0.0,18.92,7.71
2023-10-19,0.0,0.0,3.29,1.0,133.28,29.0,0.0,0.0,113.77,23.23
2023-10-20,3.35,3.0,56.5,18.0,470.41,101.0,13.92,6.95,360.33,72.62
2023-10-21,12.66,6.0,55.0,21.0,474.03,139.0,9.93,3.27,315.33,86.36
2023-10-22,11.04,2.0,33.38,5.0,229.06,50.0,1.13,0.27,91.19,20.22
2023-10-23,0.34,1.0,2.46,2.0,159.56,45.0,2.2,1.75,115.76,35.18
2023-10-24,2.57,2.0,67.38,15.0,527.38,127.0,22.69,4.76,380.26,92.66
2023-10-25,29.79,8.0,78.23,22.0,505.14,112.0,30.02,6.44,412.72,84.61
2023-10-26,8.61,4.0,159.85,27.0,935.32,200.0,51.13,12.35,585.57,122.07
2023-10-27,11.86,5.0,46.8,14.0,635.83,128.0,10.33,2.62,486.51,91.96
2023-10-28,0.44,1.0,4.38,2.0,135.97,28.0,0.42,0.96,91.2,13.98
2023-10-29,9.3,3.0,9.3,3.0,539.59,95.0,0.0,0.0,12.27,3.5
2023-10-30,0.48,1.0,6.23,3.0,416.62,86.0,0.0,0.0,7.25,3.99
2023-10-31,3.39,2.0,52.79,12.0,772.1,143.0,2.69,1.38,7.86,5.41
2023-11-01,1.78,1.0,29.58,11.0,928.94,182.0,5.77,1.78,356.52,73.94
2023-11-02,0.71,1.0,1.18,2.0,2.93,4.0,0.45,0.64,2.13,2.53
2023-11-03,0.0,0.0,0.0,0.0,154.79,31.0,0.0,0.0,133.44,24.3
2023-11-04,3.93,3.0,3.93,3.0,583.67,87.0,2.99,2.28,526.03,73.67
2023-11-05,2.87,3.0,24.87,10.0,1580.83,257.0,11.72,5.62,1461.72,231.7
2023-11-06,14.88,10.0,31.45,14.0,714.76,165.0,10.23,4.71,168.04,39.12
2023-11-07,1.85,3.0,35.84,13.0,619.52,111.0,5.73,2.59,552.71,87.0
2023-11-08,13.15,6.0,23.82,9.0,510.73,82.0,14.24,4.26,484.59,72.77
2023-11-09,0.0,0.0,4.04,1.0,265.01,57.0,0.0,0.0,228.57,49.27
2023-11-10,0.0,0.0,3.57,2.0,4.96,3.0,0.0,0.0,0.28,0.2
2023-11-11,0.0,0.0,12.46,5.0,82.46,30.0,0.04,0.02,43.87,14.25
2023-11-12,10.43,3.0,48.38,14.0,932.62,154.0,16.81,5.16,769.96,112.42
2023-11-13,0.0,0.0,34.6,4.0,331.6,50.0,4.59,0.95,252.81,37.19
2023-11-14,1.44,2.0,7.03,5.0,234.28,38.0,0.97,0.86,223.1,32.91
2023-11-15,17.98,3.0,27.99,7.0,464.08,91.0,7.27,3.42,422.54,82.26
2023-11-16,20.42,5.0,55.97,16.0,456.36,90.0,21.9,4.49,68.09,13.4
2023-11-17,11.96,6.0,46.82,15.0,264.78,76.0,24.79,7.74,114.37,32.58
2023-11-18,5.46,5.0,41.85,16.0,136.14,45.0,2.21,1.37,3.76,1.93
2023-11-19,5.58,2.0,43.69,13.0,233.28,55.0,16.45,5.42,141.71,30.77
2023-11-20,15.81,7.0,60.6,23.0,167.89,49.0,20.73,8.3,106.92,28.5
2023-11-21,7.81,7.0,36.04,16.0,325.38,77.0,20.49,9.16,249.59,55.62
2023-11-22,10.23,6.0,73.76,28.0,277.7,91.0,26.28,8.38,173.52,48.85
2023-11-23,9.66,3.0,70.75,19.0,257.77,65.0,17.59,5.0,49.94,16.71
2023-11-24,14.63,5.0,51.27,22.0,120.2,44.0,33.29,14.2,80.72,27.2
2023-11-25,0.0,0.0,16.56,6.0,38.79,13.0,2.76,1.0,20.31,6.15
2023-11-26,0.0,0.0,0.0,0.0,27.84,8.0,0.0,0.0,0.98,0.29
2023-11-27,17.46,4.0,34.74,9.0,40.22,12.0,20.82,3.89,22.71,4.74
2023-11-28,0.52,1.0,1.06,2.0,9.38,6.0,0.48,0.93,3.33,2.3
2023-11-29,7.77,3.0,15.0,5.0,91.28,25.0,1.81,0.52,31.04,7.8
2023-11-30,3.47,1.0,5.57,2.0,8.98,3.0,4.05,1.54,7.36,2.51
2023-12-01,2.98,2.0,10.89,3.0,81.14,19.0,3.37,1.02,38.07,8.71
2023-12-02,28.4,12.0,136.71,43.0,255.71,74.0,85.21,25.1,166.01,43.44
2023-12-03,12.96,4.0,108.08,35.0,222.54,84.0,45.31,14.35,92.23,38.18
2023-12-04,13.17,9.0,56.62,21.0,83.15,28.0,30.36,9.25,50.97,14.06
2023-12-05,10.17,3.0,33.09,13.0,101.97,35.0,10.52,3.41,42.95,11.27
2023-12-06,13.95,5.0,84.33,29.0,215.09,68.0,40.86,12.34,81.01,23.43
2023-12-07,33.54,11.0,108.94,32.0,201.0,58.0,23.96,7.84,47.46,13.4
2023-12-08,13.63,6.0,127.94,44.0,215.41,80.0,45.66,15.7,70.24,24.48
2023-12-09,12.99,5.0,76.45,24.0,163.85,48.0,18.17,6.43,35.77,11.08
2023-12-10,20.79,11.0,60.44,25.0,90.09,37.0,17.45,7.88,24.9,10.9
2023-12-11,9.24,4.0,52.69,19.0,113.06,32.0,16.87,8.1,47.36,15.11
2023-12-12,51.29,17.0,138.31,44.0,198.03,63.0,44.67,12.71,64.17,18.89
2023-12-13,41.69,19.0,199.21,70.0,337.87,114.0,98.73,30.89,154.02,48.35
2023-12-14,2.07,4.0,46.46,19.0,97.28,35.0,15.65,4.16,21.36,5.5
2023-12-15,12.44,4.0,47.08,13.0,141.86,34.0,19.89,4.81,39.4,9.64
2023-12-16,55.86,16.0,109.73,33.0,135.45,43.0,26.55,7.58,31.59,9.85
2023-12-17,13.2,6.0,51.28,16.0,84.87,27.0,9.15,4.06,20.24,7.62
2023-12-18,30.08,13.0,111.22,39.0,256.51,64.0,52.93,13.97,75.98,19.66
2023-12-19,24.95,9.0,150.44,43.0,288.26,90.0,34.13,10.53,64.77,19.29
2023-12-20,11.06,4.0,62.37,19.0,139.71,43.0,17.18,4.36,53.03,15.78
2023-12-21,11.88,4.0,51.38,18.0,88.51,32.0,17.89,6.01,34.65,11.99
2023-12-22,11.52,5.0,74.0,30.0,98.45,39.0,25.07,11.9,41.89,18.33
2023-12-23,3.23,2.0,118.82,37.0,192.65,59.0,21.29,7.45,40.2,15.57
2023-12-24,50.09,17.0,175.48,65.0,275.43,104.0,55.49,21.31,94.59,36.29
2023-12-25,17.35,10.0,70.96,29.0,85.16,33.0,21.56,8.58,23.45,8.92
2023-12-26,0.0,0.0,3.69,1.0,10.67,3.0,0.16,0.04,2.07,1.03
2023-12-27,3.28,1.0,8.91,4.0,61.34,20.0,2.85,1.39,17.73,5.81
2023-12-28,0.0,0.0,6.9,3.0,16.45,5.0,1.76,0.75,7.49,1.69
2023-12-29,0.0,0.0,0.0,0.0,15.91,6.0,0.0,0.0,3.73,1.89
2023-12-30,0.0,0.0,0.0,0.0,0.0,0.0,0.0,0.0,0.0,0.0
2023-12-31,0.0,0.0,0.0,0.0,0.35,1.0,0.0,0.0,0.27,0.77
2024-01-01,0.0,0.0,7.86,3.0,11.46,4.0,0.99,0.36,0.99,0.36
2024-01-02,0.0,0.0,47.59,11.0,56.0,13.0,28.21,6.88,28.72,6.98
2024-01-03,1.54,2.0,1.54,2.0,8.2,5.0,0.55,0.79,3.33,1.76
2024-01-04,0.0,0.0,0.0,0.0,12.02,4.0,0.0,0.0,0.18,0.06
2024-01-05,0.0,0.0,0.0,0.0,4.28,3.0,0.0,0.0,1.58,0.67
2024-01-06,0.0,0.0,0.0,0.0,2.0,1.0,0.0,0.0,0.0,0.0
2024-01-07,19.37,4.0,19.37,4.0,23.71,6.0,0.07,0.1,1.17,0.49
2024-01-08,9.81,4.0,26.84,7.0,29.01,8.0,25.5,6.4,26.91,7.05
2024-01-09,0.45,1.0,2.41,2.0,17.14,5.0,0.0,0.0,0.21,0.06
2024-01-10,0.0,0.0,3.48,1.0,29.99,7.0,0.0,0.0,4.88,1.28
2024-01-11,0.91,1.0,24.98,9.0,25.91,10.0,6.95,2.45,7.64,3.19
2024-01-12,0.0,0.0,15.34,5.0,17.69,6.0,6.91,2.07,8.72,2.84
2024-01-13,4.54,1.0,7.64,3.0,7.64,3.0,0.39,0.09,0.39,0.09
2024-01-14,1.02,1.0,17.18,10.0,30.13,15.0,10.06,5.66,13.34,6.9
2024-01-15,19.53,7.0,35.22,14.0,39.73,15.0,9.84,4.68,13.23,5.43
2024-01-16,0.0,0.0,0.0,0.0,0.0,0.0,0.0,0.0,0.0,0.0
2024-01-17,0.0,0.0,6.12,2.0,30.95,7.0,1.55,0.52,1.55,0.52
2024-01-18,3.68,1.0,3.68,1.0,3.68,1.0,1.21,0.33,1.21,0.33
2024-01-19,0.0,0.0,0.0,0.0,0.0,0.0,0.0,0.0,0.0,0.0
2024-01-20,30.1,13.0,90.35,31.0,125.66,42.0,19.06,7.15,21.49,7.89
2024-01-21,0.0,0.0,0.0,0.0,0.0,0.0,0.0,0.0,0.0,0.0
2024-01-22,4.56,2.0,15.01,6.0,29.21,11.0,0.0,0.0,0.0,0.0
2024-01-23,0.0,0.0,0.0,0.0,5.97,1.0,0.0,0.0,0.0,0.0
2024-01-24,0.0,0.0,44.31,13.0,73.46,23.0,21.92,6.57,30.22,9.37
2024-01-25,8.59,4.0,49.12,19.0,67.74,25.0,8.26,3.55,16.24,5.97
2024-01-26,5.62,1.0,48.11,13.0,87.21,23.0,26.89,7.32,39.48,10.16
2024-01-27,7.27,3.0,29.28,13.0,59.01,19.0,6.36,3.0,8.62,3.98
2024-01-28,0.0,0.0,0.0,0.0,0.0,0.0,0.0,0.0,0.0,0.0
2024-01-29,3.63,2.0,94.05,24.0,180.12,42.0,6.03,2.46,72.47,15.38
2024-01-30,0.0,0.0,23.5,7.0,84.44,26.0,11.0,4.03,44.58,12.73
2024-01-31,0.0,0.0,0.0,0.0,0.0,0.0,0.0,0.0,0.0,0.0
2024-02-01,1.35,2.0,1.35,2.0,1.35,2.0,0.0,0.0,0.0,0.0
2024-02-02,0.0,0.0,0.0,0.0,0.0,0.0,0.0,0.0,0.0,0.0
2024-02-03,1.95,1.0,1.95,1.0,19.56,4.0,1.61,0.83,6.89,1.8
2024-02-04,0.0,0.0,0.0,0.0,0.0,0.0,0.0,0.0,0.0,0.0
2024-02-05,0.0,0.0,2.84,1.0,2.84,1.0,1.18,0.41,1.18,0.41
2024-02-06,0.0,0.0,22.43,7.0,28.65,10.0,2.41,1.35,4.72,2.52
2024-02-07,1.75,1.0,36.56,15.0,102.4,31.0,3.32,2.56,7.17,5.04
2024-02-08,7.86,3.0,44.87,12.0,118.05,28.0,1.64,1.36,17.19,3.74
2024-02-09,19.62,8.0,88.57,27.0,242.12,69.0,42.59,9.67,94.66,22.63
2024-02-10,33.5,11.0,108.2,39.0,356.27,95.0,41.85,15.83,93.38,32.98
2024-02-11,7.52,4.0,57.14,20.0,365.46,62.0,22.69,6.84,118.91,21.99
2024-02-12,1.71,2.0,2.35,3.0,8.85,5.0,0.0,0.0,0.0,0.0
2024-02-13,0.81,1.0,29.79,6.0,31.62,8.0,14.29,2.99,15.52,4.26
2024-02-14,2.73,4.0,13.46,9.0,127.27,36.0,5.07,3.56,32.11,9.71
2024-02-15,8.48,7.0,99.0,37.0,229.96,74.0,30.36,15.11,55.54,23.3
2024-02-16,0.0,0.0,37.88,17.0,228.07,66.0,16.24,6.6,39.95,14.8
2024-02-17,0.38,1.0,34.34,9.0,132.69,32.0,11.97,3.09,33.37,8.86
2024-02-18,0.0,0.0,0.0,0.0,30.23,8.0,0.0,0.0,0.61,0.19
2024-02-19,0.0,0.0,0.0,0.0,3.5,2.0,0.0,0.0,0.89,0.47
2024-02-20,0.71,2.0,19.54,7.0,55.25,14.0,2.44,0.78,10.09,2.74
2024-02-21,4.88,2.0,40.07,13.0,156.86,44.0,10.78,4.6,45.21,13.5
2024-02-22,1.07,3.0,56.02,20.0,231.85,66.0,29.95,9.32,104.4,30.53
2024-02-23,4.9,2.0,51.74,13.0,125.04,34.0,24.38,6.19,40.54,12.66
2024-02-24,9.22,5.0,48.56,13.0,171.21,47.0,8.86,4.59,60.45,17.45
2024-02-25,0.0,0.0,3.21,1.0,117.82,26.0,0.0,0.0,75.25,17.26
2024-02-26,0.0,0.0,7.66,1.0,17.15,3.0,6.64,0.87,10.14,1.61
2024-02-27,2.77,2.0,10.83,4.0,26.09,8.0,0.06,0.01,7.63,1.5
2024-02-28,0.87,1.0,21.17,8.0,178.49,36.0,5.8,2.0,53.96,12.43
2024-02-29,2.78,1.0,47.65,9.0,122.99,23.0,10.63,2.51,18.19,4.73
2024-03-01,0.0,0.0,2.31,1.0,5.99,2.0,0.0,0.0,1.57,0.43
2024-03-02,0.0,0.0,0.0,0.0,3.47,1.0,0.0,0.0,0.0,0.0
2024-03-03,1.72,1.0,6.56,3.0,28.96,6.0,1.86,0.96,1.86,0.96
2024-03-04,2.43,3.0,44.73,9.0,69.66,15.0,27.91,3.76,31.52,5.17
2024-03-05,1.92,2.0,14.33,6.0,16.53,7.0,3.52,2.54,3.72,2.63
2024-03-06,5.5,3.0,17.12,6.0,47.61,16.0,5.43,1.81,24.11,7.15
2024-03-07,11.74,7.0,39.72,15.0,89.32,32.0,2.77,2.48,24.35,7.11
2024-03-08,1.64,1.0,36.52,10.0,108.87,32.0,4.72,2.28,23.24,9.78
2024-03-09,3.89,5.0,40.72,10.0,71.05,20.0,28.94,4.9,39.61,8.86
2024-03-10,0.0,0.0,2.85,1.0,19.61,5.0,0.0,0.0,0.0,0.0
2024-03-11,0.62,1.0,3.77,3.0,44.35,17.0,1.94,1.4,33.56,11.83
2024-03-12,6.21,6.0,12.92,8.0,60.8,20.0,6.38,3.34,38.32,11.06
2024-03-13,6.61,4.0,22.93,11.0,41.49,21.0,7.55,3.53,10.24,5.75
2024-03-14,0.0,0.0,20.92,8.0,55.03,17.0,7.13,1.99,12.87,4.19
2024-03-15,1.57,2.0,4.32,4.0,17.64,7.0,2.15,2.15,3.81,2.69
2024-03-16,17.96,7.0,23.33,8.0,49.76,13.0,3.14,3.1,20.64,5.48
2024-03-17,5.63,3.0,13.32,7.0,47.57,17.0,4.87,1.55,33.21,9.25
2024-03-18,46.08,10.0,59.93,14.0,129.91,31.0,3.31,2.59,24.52,7.24
2024-03-19,7.82,7.0,21.13,12.0,77.25,30.0,8.16,3.38,36.94,11.93
2024-03-20,1.22,2.0,1.22,2.0,40.67,11.0,1.02,1.68,23.61,6.7
2024-03-21,5.93,1.0,22.36,5.0,60.04,13.0,0.0,0.0,1.04,0.42
2024-03-22,0.0,0.0,7.66,2.0,66.96,8.0,1.87,0.48,3.87,1.54
2024-03-23,3.49,7.0,22.91,11.0,118.98,32.0,1.33,1.8,41.04,9.11
2024-03-24,0.95,1.0,3.42,5.0,21.95,29.0,0.11,0.19,0.36,0.63
2024-03-25,17.66,10.0,61.52,13.0,90.77,22.0,6.33,1.23,17.06,4.82
2024-03-26,14.15,3.0,26.96,5.0,32.76,7.0,12.11,1.89,12.27,1.94
2024-03-27,0.0,0.0,7.37,2.0,9.53,3.0,5.8,1.0,5.8,1.0
2024-03-28,0.92,2.0,2.76,4.0,2.96,5.0,0.59,1.22,0.71,1.82
2024-03-29,11.45,3.0,25.23,7.0,48.92,14.0,8.3,2.53,16.06,5.18
2024-03-30,3.16,2.0,7.97,4.0,47.88,17.0,1.45,0.36,25.84,9.07
2024-03-31,1.61,2.0,2.18,3.0,178.3,15.0,0.27,0.47,1.67,0.64
2024-04-01,0.0,0.0,6.23,2.0,6.23,2.0,1.6,0.76,1.6,0.76
2024-04-02,20.14,5.0,29.06,7.0,48.77,13.0,1.33,1.1,1.92,1.2
2024-04-03,4.9,6.0,8.6,8.0,14.8,10.0,0.3,0.63,3.77,1.6
2024-04-04,0.0,0.0,41.29,9.0,87.98,22.0,24.07,5.88,48.31,13.13
2024-04-05,5.17,4.0,10.41,5.0,42.34,19.0,3.38,2.42,5.96,3.39
2024-04-06,4.62,2.0,20.5,6.0,196.31,39.0,7.32,1.41,71.47,5.88
2024-04-07,7.26,3.0,8.76,4.0,149.32,32.0,4.18,1.48,23.34,6.05
2024-04-08,6.43,4.0,6.43,4.0,115.54,53.0,0.52,0.78,5.47,2.58
2024-04-09,0.89,1.0,3.72,3.0,167.03,79.0,1.43,0.88,40.04,20.57
2024-04-10,3.04,1.0,17.24,4.0,197.9,45.0,2.91,0.96,129.77,30.22
2024-04-11,3.96,1.0,219.69,9.0,281.44,34.0,0.0,0.0,51.11,20.17
2024-04-12,0.39,1.0,8.9,5.0,120.94,30.0,3.23,1.39,80.7,18.68
2024-04-13,0.0,0.0,10.36,3.0,19.87,8.0,1.59,0.46,2.82,1.7
2024-04-14,0.0,0.0,4.15,1.0,14.66,5.0,2.62,0.63,10.34,3.37
2024-04-15,0.0,0.0,0.0,0.0,0.0,0.0,0.0,0.0,0.0,0.0
2024-04-16,2.78,1.0,33.81,11.0,130.94,33.0,0.0,0.0,21.18,3.52
2024-04-17,1.73,2.0,16.78,9.0,173.78,28.0,3.72,2.08,3.89,2.15
2024-04-18,7.32,6.0,80.57,19.0,313.63,70.0,9.66,3.67,12.06,4.4
2024-04-19,29.7,7.0,93.16,16.0,593.18,101.0,5.2,0.91,11.03,2.5
2024-04-20,56.82,5.0,63.54,9.0,333.85,51.0,43.37,3.42,43.93,3.57
2024-04-21,71.34,4.0,181.03,11.0,376.46,60.0,11.52,1.35,17.83,3.55
2024-04-22,12.23,2.0,140.68,31.0,503.21,117.0,6.34,1.16,33.58,6.04
2024-04-23,2.35,3.0,154.78,24.0,406.58,83.0,24.19,4.58,95.39,15.52
2024-04-24,44.21,6.0,322.95,38.0,760.2,107.0,103.15,10.92,119.81,12.53
2024-04-25,20.51,4.0,90.85,14.0,681.85,132.0,26.14,3.85,185.03,11.01
2024-04-26,57.51,10.0,410.38,51.0,1185.72,160.0,152.04,15.27,179.18,18.6
2024-04-27,10.94,5.0,68.61,23.0,237.82,89.0,32.77,9.82,34.86,11.61
2024-04-28,19.22,4.0,727.17,75.0,910.21,123.0,98.72,11.95,157.13,23.94
2024-04-29,54.22,15.0,253.55,47.0,693.24,119.0,93.06,20.07,302.3,39.14
2024-04-30,25.04,5.0,162.84,40.0,496.31,140.0,101.2,25.95,133.23,36.29
2024-05-01,106.43,13.0,769.41,80.0,1366.69,201.0,437.54,38.63,690.23,77.31
2024-05-02,119.48,21.0,936.1,177.0,2266.47,436.0,641.56,119.79,1546.07,275.68
2024-05-03,21.25,5.0,383.71,42.0,720.66,102.0,302.49,29.12,455.6,57.45
2024-05-04,327.27,35.0,1713.83,148.0,5754.0,624.0,1197.47,96.48,3818.6,335.55
2024-05-05,483.27,63.0,2953.13,404.0,6805.33,1027.0,2175.85,293.79,4851.46,664.22
2024-05-06,108.22,16.0,1170.73,125.0,3597.0,425.0,836.47,92.66,2552.48,253.15
2024-05-07,205.69,39.0,1528.49,206.0,5721.29,704.0,19.79,5.47,145.36,33.29
2024-05-08,49.18,14.0,398.13,97.0,1502.15,332.0,10.58,3.16,47.31,13.87
2024-05-09,118.42,21.0,690.2,127.0,1752.23,336.0,25.81,5.63,79.08,19.25
2024-05-10,134.24,27.0,832.26,157.0,2405.27,497.0,33.78,6.54,118.93,25.63
2024-05-11,28.93,7.0,56.11,11.0,478.51,66.0,7.67,1.41,254.26,29.3
2024-05-12,39.91,10.0,308.4,64.0,1866.65,423.0,37.63,8.25,384.92,97.65
2024-05-13,26.27,8.0,424.11,82.0,1917.69,395.0,218.85,44.04,1272.14,273.52
2024-05-14,15.03,3.0,221.51,38.0,2603.51,318.0,155.65,25.67,2104.81,240.47
2024-05-15,54.75,9.0,320.79,53.0,1378.06,210.0,247.58,37.12,1062.17,148.5
2024-05-16,7.39,2.0,64.87,15.0,583.31,115.0,37.12,8.22,352.11,72.96
2024-05-17,0.0,0.0,150.9,16.0,1012.06,120.0,76.64,7.91,704.17,75.06
2024-05-18,46.15,13.0,221.79,57.0,875.74,221.0,178.49,44.28,581.17,149.53
2024-05-19,66.55,7.0,128.12,18.0,451.46,86.0,45.75,8.63,179.13,38.5
2024-05-20,62.7,9.0,106.89,15.0,360.59,59.0,45.4,6.32,204.19,30.2
2024-05-21,18.46,6.0,80.01,15.0,278.9,60.0,32.07,4.47,56.6,11.16
2024-05-22,0.0,0.0,46.98,6.0,183.42,26.0,0.63,0.26,9.07,2.33
2024-05-23,8.54,2.0,20.42,7.0,114.03,32.0,7.09,2.6,18.77,6.79
2024-05-24,11.99,3.0,45.41,10.0,171.59,34.0,6.5,1.81,14.57,3.83
2024-05-25,5.4,1.0,20.93,4.0,168.3,38.0,19.31,3.24,104.04,19.46
2024-05-26,2.97,3.0,73.93,11.0,216.21,45.0,43.54,7.83,96.35,22.42
2024-05-27,3.98,3.0,3.98,3.0,153.2,31.0,0.79,0.55,109.75,20.62
2024-05-28,9.3,4.0,45.3,8.0,201.91,36.0,13.15,3.64,112.67,17.82
2024-05-29,7.98,1.0,16.99,3.0,143.54,23.0,7.13,1.05,43.46,5.63
2024-05-30,0.0,0.0,0.0,0.0,0.0,0.0,0.0,0.0,0.0,0.0
2024-05-31,0.0,0.0,0.0,0.0,0.0,0.0,0.0,0.0,0.0,0.0
2024-06-01,0.0,0.0,0.0,0.0,0.0,0.0,0.0,0.0,0.0,0.0
2024-06-02,0.0,0.0,0.0,0.0,0.0,0.0,0.0,0.0,0.0,0.0
2024-06-03,0.0,0.0,0.0,0.0,0.0,0.0,0.0,0.0,0.0,0.0
2024-06-04,2.74,1.0,20.14,2.0,42.11,8.0,0.0,0.0,4.4,1.38
2024-06-05,6.05,2.0,15.67,5.0,134.59,16.0,7.96,2.63,81.87,6.49
2024-06-06,7.28,4.0,7.28,4.0,74.86,24.0,6.55,3.27,29.5,9.05
2024-06-07,0.0,0.0,0.0,0.0,45.99,12.0,0.0,0.0,14.2,2.37
2024-06-08,4.71,1.0,13.87,3.0,41.91,15.0,8.45,2.13,9.74,2.78
2024-06-09,10.19,2.0,38.42,5.0,247.32,39.0,8.53,1.14,67.18,8.95
2024-06-10,15.96,3.0,82.69,11.0,371.87,62.0,44.83,5.46,139.83,14.51
2024-06-11,20.38,5.0,30.15,8.0,652.58,95.0,3.78,3.11,74.12,11.41
2024-06-12,3.38,3.0,6.58,4.0,192.85,47.0,1.31,1.98,9.96,3.65
2024-06-13,50.28,8.0,57.12,10.0,477.08,70.0,26.89,4.37,45.62,8.19
2024-06-14,35.36,7.0,51.17,11.0,352.18,75.0,28.13,6.35,31.99,7.52
2024-06-15,14.68,3.0,16.66,4.0,302.4,50.0,9.18,2.2,52.75,6.83
2024-06-16,26.97,7.0,107.73,17.0,703.45,114.0,35.69,5.35,70.26,11.88
2024-06-17,0.0,0.0,3.78,1.0,354.99,74.0,0.0,0.0,2.16,0.4
2024-06-18,0.0,0.0,10.4,2.0,176.62,43.0,4.57,0.93,9.33,2.24
2024-06-19,0.0,0.0,4.53,1.0,59.17,13.0,0.0,0.0,2.75,0.76
2024-06-20,3.86,1.0,3.86,1.0,17.91,3.0,0.0,0.0,4.47,0.88
2024-06-21,5.47,2.0,5.47,2.0,14.8,5.0,1.97,0.56,4.44,1.55
2024-06-22,0.0,0.0,10.78,2.0,40.78,10.0,8.67,1.6,18.13,4.38
2024-06-23,0.0,0.0,0.0,0.0,9.17,2.0,0.0,0.0,0.0,0.0
2024-06-24,0.0,0.0,0.0,0.0,12.96,2.0,0.0,0.0,0.0,0.0
2024-06-25,0.0,0.0,0.0,0.0,0.0,0.0,0.0,0.0,0.0,0.0
2024-06-26,0.0,0.0,0.0,0.0,0.0,0.0,0.0,0.0,0.0,0.0
2024-06-27,0.0,0.0,0.0,0.0,3.17,1.0,0.0,0.0,0.0,0.0
2024-06-28,0.0,0.0,0.0,0.0,0.0,0.0,0.0,0.0,0.0,0.0
2024-06-29,0.0,0.0,13.84,2.0,87.81,14.0,0.0,0.0,0.0,0.0
2024-06-30,0.0,0.0,0.0,0.0,3.26,1.0,0.0,0.0,2.57,0.79
2024-07-01,0.0,0.0,0.0,0.0,0.0,0.0,0.0,0.0,0.0,0.0
2024-07-02,2.16,1.0,4.04,2.0,4.04,2.0,0.48,0.25,0.48,0.25
2024-07-03,0.0,0.0,0.0,0.0,0.0,0.0,0.0,0.0,0.0,0.0
2024-07-04,0.0,0.0,0.0,0.0,0.0,0.0,0.0,0.0,0.0,0.0
2024-07-05,0.0,0.0,0.0,0.0,0.0,0.0,0.0,0.0,0.0,0.0
2024-07-06,0.0,0.0,0.0,0.0,0.0,0.0,0.0,0.0,0.0,0.0
2024-07-07,0.0,0.0,0.0,0.0,0.0,0.0,0.0,0.0,0.0,0.0
2024-07-08,2.74,2.0,3.9,3.0,3.9,3.0,0.0,0.0,0.0,0.0
2024-07-09,0.4,1.0,0.4,1.0,0.4,1.0,0.0,0.0,0.0,0.0
2024-07-10,0.0,0.0,0.0,0.0,0.0,0.0,0.0,0.0,0.0,0.0
2024-07-11,0.0,0.0,0.0,0.0,0.0,0.0,0.0,0.0,0.0,0.0
2024-07-12,0.0,0.0,0.0,0.0,0.0,0.0,0.0,0.0,0.0,0.0
2024-07-13,0.0,0.0,0.0,0.0,0.0,0.0,0.0,0.0,0.0,0.0
2024-07-14,0.0,0.0,0.0,0.0,0.0,0.0,0.0,0.0,0.0,0.0
2024-07-15,0.0,0.0,0.0,0.0,0.0,0.0,0.0,0.0,0.0,0.0
2024-07-16,0.0,0.0,0.0,0.0,0.0,0.0,0.0,0.0,0.0,0.0
2024-07-17,4.02,1.0,4.02,1.0,4.97,2.0,0.0,0.0,0.0,0.0
2024-07-18,1.58,1.0,10.72,2.0,10.72,2.0,0.0,0.0,0.0,0.0
2024-07-19,0.0,0.0,0.0,0.0,0.0,0.0,0.0,0.0,0.0,0.0
2024-07-20,0.0,0.0,1.28,1.0,1.28,1.0,0.0,0.0,0.0,0.0
2024-07-21,20.1,5.0,26.32,7.0,91.32,25.0,17.4,4.77,28.28,7.88
2024-07-22,0.0,0.0,0.0,0.0,0.0,0.0,0.0,0.0,0.0,0.0
2024-07-23,0.0,0.0,7.45,3.0,9.81,4.0,2.13,1.4,2.13,1.4
2024-07-24,0.0,0.0,0.0,0.0,0.0,0.0,0.0,0.0,0.0,0.0
2024-07-25,0.0,0.0,0.0,0.0,0.0,0.0,0.0,0.0,0.0,0.0
2024-07-26,0.0,0.0,0.0,0.0,0.0,0.0,0.0,0.0,0.0,0.0
2024-07-27,0.0,0.0,0.0,0.0,0.0,0.0,0.0,0.0,0.0,0.0
2024-07-28,0.0,0.0,0.0,0.0,0.0,0.0,0.0,0.0,0.0,0.0
2024-07-29,8.02,4.0,8.02,4.0,8.02,4.0,3.12,0.98,3.12,0.98
2024-07-30,0.0,0.0,0.0,0.0,1.7,1.0,0.0,0.0,0.64,0.38
2024-07-31,0.0,0.0,0.0,0.0,0.0,0.0,0.0,0.0,0.0,0.0
2024-08-01,0.0,0.0,0.0,0.0,0.0,0.0,0.0,0.0,0.0,0.0
2024-08-02,0.0,0.0,0.0,0.0,0.0,0.0,0.0,0.0,0.0,0.0
2024-08-03,0.0,0.0,0.0,0.0,0.0,0.0,0.0,0.0,0.0,0.0
2024-08-04,2.75,1.0,2.75,1.0,4.92,2.0,0.0,0.0,2.15,0.99
2024-08-05,3.68,1.0,3.68,1.0,3.68,1.0,0.0,0.0,0.0,0.0
2024-08-06,0.0,0.0,0.0,0.0,0.0,0.0,0.0,0.0,0.0,0.0
2024-08-07,0.0,0.0,0.0,0.0,0.0,0.0,0.0,0.0,0.0,0.0
2024-08-08,0.0,0.0,0.0,0.0,0.0,0.0,0.0,0.0,0.0,0.0
2024-08-09,3.66,2.0,3.66,2.0,11.66,5.0,1.25,0.95,1.25,0.95
2024-08-10,0.0,0.0,0.0,0.0,0.0,0.0,0.0,0.0,0.0,0.0
2024-08-11,0.0,0.0,0.0,0.0,0.5,1.0,0.0,0.0,0.47,0.95
2024-08-12,0.0,0.0,0.0,0.0,0.0,0.0,0.0,0.0,0.0,0.0
2024-08-13,0.0,0.0,0.0,0.0,0.0,0.0,0.0,0.0,0.0,0.0
2024-08-14,0.0,0.0,0.0,0.0,0.0,0.0,0.0,0.0,0.0,0.0
2024-08-15,0.0,0.0,0.0,0.0,2.64,1.0,0.0,0.0,1.37,0.52
2024-08-16,0.0,0.0,0.0,0.0,0.0,0.0,0.0,0.0,0.0,0.0
2024-08-17,0.0,0.0,0.0,0.0,0.0,0.0,0.0,0.0,0.0,0.0
2024-08-18,0.0,0.0,0.0,0.0,2.65,1.0,0.0,0.0,0.06,0.02
2024-08-19,0.0,0.0,0.0,0.0,0.0,0.0,0.0,0.0,0.0,0.0
2024-08-20,1.36,1.0,1.36,1.0,1.36,1.0,0.0,0.0,0.0,0.0
2024-08-21,0.0,0.0,0.0,0.0,0.0,0.0,0.0,0.0,0.0,0.0
2024-08-22,0.0,0.0,0.0,0.0,0.0,0.0,0.0,0.0,0.0,0.0
2024-08-23,0.0,0.0,0.0,0.0,0.0,0.0,0.0,0.0,0.0,0.0
2024-08-24,0.0,0.0,0.0,0.0,3.88,1.0,0.0,0.0,0.46,0.12
2024-08-25,3.06,4.0,4.33,6.0,34.68,14.0,0.16,0.33,0.16,0.33
2024-08-26,0.0,0.0,0.0,0.0,7.45,1.0,0.0,0.0,0.0,0.0
2024-08-27,0.0,0.0,0.0,0.0,0.0,0.0,0.0,0.0,0.0,0.0
2024-08-28,0.0,0.0,0.0,0.0,0.0,0.0,0.0,0.0,0.0,0.0
2024-08-29,0.0,0.0,0.0,0.0,0.0,0.0,0.0,0.0,0.0,0.0
2024-08-30,0.0,0.0,1.55,2.0,1.55,2.0,0.0,0.0,0.0,0.0
2024-08-31,0.0,0.0,0.0,0.0,2.73,1.0,0.0,0.0,1.0,0.37
2024-09-01,2.08,1.0,9.74,2.0,27.1,6.0,3.86,0.54,13.95,3.0
2024-09-02,0.0,0.0,0.0,0.0,0.0,0.0,0.0,0.0,0.0,0.0
2024-09-03,0.0,0.0,0.0,0.0,0.0,0.0,0.0,0.0,0.0,0.0
2024-09-04,0.0,0.0,1.02,1.0,1.02,1.0,0.64,0.63,0.64,0.63
2024-09-05,5.59,2.0,5.59,2.0,5.59,2.0,2.67,0.7,2.67,0.7
2024-09-06,0.0,0.0,0.0,0.0,0.0,0.0,0.0,0.0,0.0,0.0
2024-09-07,0.0,0.0,0.0,0.0,0.0,0.0,0.0,0.0,0.0,0.0
2024-09-08,0.0,0.0,0.0,0.0,0.0,0.0,0.0,0.0,0.0,0.0
2024-09-09,2.59,1.0,2.59,1.0,4.07,2.0,0.0,0.0,0.0,0.0
2024-09-10,3.4,1.0,5.19,2.0,5.19,2.0,0.63,0.18,0.63,0.18
2024-09-11,0.0,0.0,0.0,0.0,0.0,0.0,0.0,0.0,0.0,0.0
2024-09-12,0.0,0.0,0.0,0.0,0.0,0.0,0.0,0.0,0.0,0.0
2024-09-13,0.0,0.0,0.0,0.0,0.0,0.0,0.0,0.0,0.0,0.0
2024-09-14,0.0,0.0,0.0,0.0,0.0,0.0,0.0,0.0,0.0,0.0
2024-09-15,0.0,0.0,0.0,0.0,0.0,0.0,0.0,0.0,0.0,0.0
2024-09-16,1.01,1.0,2.56,2.0,2.56,2.0,1.54,0.99,1.54,0.99
2024-09-17,0.0,0.0,0.0,0.0,0.0,0.0,0.0,0.0,0.0,0.0
2024-09-18,0.0,0.0,0.0,0.0,0.0,0.0,0.0,0.0,0.0,0.0
2024-09-19,1.34,1.0,1.34,1.0,1.34,1.0,0.0,0.0,0.0,0.0
2024-09-20,4.66,2.0,4.66,2.0,10.03,5.0,1.43,0.6,1.53,0.72
2024-09-21,0.0,0.0,0.0,0.0,38.83,11.0,0.0,0.0,0.12,0.03
2024-09-22,0.71,1.0,14.06,4.0,83.76,17.0,10.06,2.39,60.4,11.6
2024-09-23,0.0,0.0,0.0,0.0,41.68,13.0,0.0,0.0,15.04,4.61
2024-09-24,0.0,0.0,0.0,0.0,16.06,4.0,0.0,0.0,1.74,0.4
2024-09-25,0.29,1.0,3.07,2.0,77.94,21.0,0.0,0.01,0.0,0.01
2024-09-26,0.0,0.0,0.0,0.0,0.0,0.0,0.0,0.0,0.0,0.0
2024-09-27,0.0,0.0,1.96,2.0,1.96,2.0,0.0,0.0,0.0,0.0
2024-09-28,0.65,1.0,0.65,1.0,0.65,1.0,0.0,0.0,0.0,0.0
2024-09-29,0.0,0.0,0.42,1.0,0.42,1.0,0.0,0.0,0.0,0.0
2024-09-30,6.9,2.0,18.97,5.0,25.19,7.0,9.51,2.91,13.71,4.12
2024-10-01,1.71,2.0,4.37,4.0,24.34,9.0,1.83,1.51,16.16,5.13
2024-10-02,38.45,7.0,78.38,19.0,142.77,37.0,13.94,4.77,34.56,9.54
2024-10-03,4.7,1.0,19.57,6.0,35.04,13.0,4.85,1.12,12.62,3.75
2024-10-04,0.0,0.0,0.0,0.0,32.04,10.0,0.0,0.0,6.16,1.92
2024-10-05,3.37,2.0,19.86,4.0,100.01,19.0,2.62,1.13,19.54,4.87
2024-10-06,6.67,3.0,84.95,23.0,202.0,55.0,5.41,2.0,96.73,25.5
2024-10-07,12.59,7.0,67.52,27.0,134.75,53.0,9.38,4.39,55.23,21.13
2024-10-08,26.1,5.0,105.25,25.0,220.92,56.0,7.32,2.7,92.14,25.75
2024-10-09,2.9,1.0,14.36,4.0,61.47,17.0,0.0,0.0,32.45,8.69
2024-10-10,21.86,5.0,117.51,28.0,295.16,66.0,40.48,9.89,171.9,37.5
2024-10-11,14.17,7.0,102.26,33.0,228.98,67.0,29.36,10.03,90.44,23.93
2024-10-12,25.01,10.0,192.66,58.0,624.02,161.0,24.64,8.97,198.75,46.88
2024-10-13,6.91,3.0,39.66,12.0,276.99,68.0,14.28,4.63,169.89,37.44
2024-10-14,1.84,2.0,1.84,2.0,51.04,16.0,0.97,0.82,14.49,5.06
2024-10-15,3.01,2.0,44.73,16.0,198.15,41.0,7.62,3.24,123.53,19.74
2024-10-16,6.79,1.0,30.78,8.0,49.78,13.0,3.23,1.06,16.75,4.99
2024-10-17,10.36,5.0,40.95,18.0,446.51,96.0,1.05,0.57,21.67,5.84
2024-10-18,17.31,7.0,56.67,19.0,260.78,77.0,17.78,4.72,56.52,18.63
2024-10-19,1.65,3.0,33.68,14.0,148.8,48.0,5.92,2.8,12.72,5.52
2024-10-20,0.0,0.0,8.45,4.0,120.78,28.0,0.06,0.02,0.47,0.16
2024-10-21,7.05,5.0,58.72,17.0,84.79,27.0,7.79,2.85,12.34,4.23
2024-10-22,5.65,3.0,29.8,11.0,238.42,51.0,1.43,0.87,109.44,19.81
2024-10-23,8.82,3.0,66.89,22.0,274.91,84.0,13.56,4.24,114.23,32.84
2024-10-24,0.0,0.0,47.38,10.0,210.43,46.0,0.18,0.04,96.87,21.75
2024-10-25,22.24,6.0,28.65,10.0,197.24,46.0,16.56,2.88,153.87,30.93
2024-10-26,6.16,2.0,38.72,12.0,104.93,35.0,3.6,1.46,32.65,11.8
2024-10-27,0.0,0.0,34.17,10.0,145.34,36.0,15.08,5.38,15.9,5.69
2024-10-28,0.9,1.0,33.64,12.0,207.46,57.0,19.41,7.03,48.87,16.95
2024-10-29,7.47,2.0,24.74,7.0,143.18,40.0,16.58,4.7,55.19,16.59
2024-10-30,0.0,0.0,22.99,8.0,286.94,33.0,0.81,0.26,213.21,15.63
2024-10-31,0.0,0.0,44.4,17.0,344.2,73.0,14.12,4.27,265.86,47.85
2024-11-01,13.55,4.0,78.81,20.0,585.72,101.0,10.15,3.41,374.16,51.08
2024-11-02,68.83,8.0,109.14,23.0,456.22,108.0,14.78,4.09,155.31,34.19
2024-11-03,0.0,0.0,0.0,0.0,0.0,0.0,0.0,0.0,0.0,0.0
2024-11-04,0.0,0.0,0.0,0.0,0.0,0.0,0.0,0.0,0.0,0.0
2024-11-05,0.0,0.0,0.0,0.0,0.0,0.0,0.0,0.0,0.0,0.0
2024-11-06,0.0,0.0,0.0,0.0,1.32,2.0,0.0,0.0,0.0,0.0
2024-11-07,0.4,1.0,7.82,5.0,295.93,52.0,0.47,0.3,7.91,3.48
2024-11-08,5.35,3.0,36.26,12.0,284.26,75.0,11.77,3.98,32.65,13.16
2024-11-09,3.18,3.0,31.19,10.0,294.1,60.0,7.73,2.11,24.62,7.28
2024-11-10,1.7,3.0,11.84,5.0,110.26,28.0,0.44,0.41,4.08,1.86
2024-11-11,0.0,0.0,4.32,1.0,171.71,43.0,0.0,0.0,0.91,0.34
2024-11-12,15.7,7.0,42.68,17.0,234.2,52.0,7.19,2.44,153.42,25.4
2024-11-13,5.37,6.0,32.53,18.0,111.59,48.0,9.59,5.23,21.74,9.91
2024-11-14,2.75,3.0,40.41,17.0,77.33,33.0,15.91,6.13,26.21,9.42
2024-11-15,8.36,6.0,24.22,10.0,192.43,36.0,7.36,1.93,142.9,17.57
2024-11-16,0.0,0.0,17.51,3.0,256.33,49.0,2.28,0.8,185.3,35.66
2024-11-17,5.7,1.0,23.08,7.0,66.14,19.0,8.84,3.12,31.74,7.53
2024-11-18,36.82,9.0,51.91,15.0,156.55,47.0,17.21,4.72,65.35,21.93
2024-11-19,3.21,2.0,74.36,24.0,295.68,87.0,24.07,8.11,155.28,36.49
2024-11-20,11.24,3.0,37.72,13.0,186.2,54.0,17.22,5.18,103.67,29.54
2024-11-21,1.61,2.0,28.49,12.0,215.44,49.0,9.96,4.12,124.28,21.21
2024-11-22,3.98,3.0,22.9,11.0,134.88,36.0,7.67,2.38,68.74,14.2
2024-11-23,1.32,2.0,118.94,33.0,366.55,97.0,16.7,5.48,48.1,13.18
2024-11-24,26.76,12.0,113.05,39.0,457.1,153.0,29.64,10.43,206.91,65.08
2024-11-25,4.87,3.0,27.16,9.0,121.0,38.0,5.56,2.77,41.85,12.86
2024-11-26,1.88,3.0,40.41,17.0,115.93,36.0,5.24,3.75,25.66,9.72
2024-11-27,5.28,4.0,50.43,16.0,109.2,37.0,16.23,6.07,46.66,16.36
2024-11-28,6.62,6.0,83.04,30.0,187.56,62.0,40.99,12.7,92.88,28.12
2024-11-29,40.35,16.0,108.77,43.0,238.47,86.0,67.45,26.46,147.69,52.05
2024-11-30,66.87,16.0,124.68,34.0,258.06,81.0,25.09,6.98,67.66,19.65
2024-12-01,19.17,8.0,48.1,15.0,146.99,44.0,14.41,3.9,47.01,12.04
2024-12-02,8.84,5.0,45.94,19.0,64.87,26.0,16.0,5.58,17.36,6.01
2024-12-03,24.46,8.0,44.86,14.0,120.02,35.0,26.35,6.81,43.65,12.39
2024-12-04,6.41,6.0,22.14,13.0,124.66,49.0,12.1,5.98,40.24,16.62
2024-12-05,12.59,6.0,72.06,25.0,263.7,70.0,6.94,3.22,51.69,11.28
2024-12-06,17.1,11.0,55.58,27.0,136.88,48.0,23.7,11.47,40.06,14.68
2024-12-07,11.11,3.0,70.15,24.0,176.35,61.0,26.24,10.58,69.21,30.88
2024-12-08,10.65,7.0,71.13,28.0,186.51,60.0,22.93,10.16,58.23,20.57
2024-12-09,2.81,5.0,73.62,26.0,123.61,44.0,59.33,18.43,75.54,22.99
2024-12-10,21.21,11.0,86.42,34.0,224.59,81.0,19.68,5.32,46.02,14.18
2024-12-11,24.19,8.0,123.54,37.0,295.17,85.0,22.06,7.31,69.96,17.18
2024-12-12,3.43,3.0,20.33,9.0,119.7,33.0,2.46,1.31,23.45,8.67
2024-12-13,46.34,12.0,55.93,16.0,132.09,35.0,18.68,5.02,27.38,8.73
2024-12-14,21.85,10.0,94.1,20.0,233.35,60.0,42.27,5.12,66.02,11.21
2024-12-15,45.41,17.0,213.08,78.0,394.42,143.0,73.7,26.71,130.54,46.49
2024-12-16,47.55,15.0,210.12,66.0,407.53,133.0,95.22,29.55,184.85,56.44
2024-12-17,35.39,10.0,130.69,35.0,218.21,58.0,45.39,13.25,96.91,24.06
2024-12-18,14.1,6.0,58.49,22.0,128.95,44.0,13.49,4.56,36.21,11.16
2024-12-19,7.83,2.0,16.47,3.0,95.02,26.0,6.09,1.56,43.16,12.72
2024-12-20,43.25,16.0,132.35,49.0,283.96,95.0,64.55,22.54,128.36,41.14
2024-12-21,32.27,14.0,155.29,55.0,351.84,127.0,75.74,21.18,148.06,44.3
2024-12-22,33.33,13.0,136.04,50.0,305.12,96.0,41.31,14.74,87.43,25.95
2024-12-23,0.0,0.0,9.51,4.0,11.3,5.0,9.42,3.96,10.56,4.6
2024-12-24,0.88,1.0,10.15,4.0,22.55,9.0,3.38,0.91,12.57,4.54
2024-12-25,27.59,12.0,113.59,38.0,284.36,86.0,33.8,12.26,97.53,28.29
2024-12-26,37.9,13.0,198.03,74.0,381.08,141.0,110.79,41.13,205.72,75.36
2024-12-27,0.0,0.0,0.0,0.0,7.42,2.0,0.0,0.0,3.57,1.0
2024-12-28,0.0,0.0,0.0,0.0,0.0,0.0,0.0,0.0,0.0,0.0
2024-12-29,0.0,0.0,0.0,0.0,0.0,0.0,0.0,0.0,0.0,0.0
2024-12-30,0.0,0.0,0.0,0.0,0.0,0.0,0.0,0.0,0.0,0.0
2024-12-31,0.0,0.0,2.37,1.0,4.21,2.0,1.7,0.72,1.7,0.72
2025-01-01,0.0,0.0,10.21,1.0,10.21,1.0,0.0,0.0,0.0,0.0
2025-01-02,0.0,0.0,0.0,0.0,0.0,0.0,0.0,0.0,0.0,0.0
2025-01-03,0.0,0.0,0.0,0.0,0.52,1.0,0.0,0.0,0.0,0.0
2025-01-04,0.0,0.0,6.9,2.0,15.32,5.0,0.0,0.0,0.0,0.0
2025-01-05,33.43,7.0,89.0,24.0,190.72,51.0,15.17,5.21,36.08,11.09
2025-01-06,5.15,2.0,36.14,11.0,66.38,20.0,3.05,0.74,8.93,2.53
2025-01-07,2.56,4.0,2.56,4.0,3.72,5.0,0.0,0.0,1.16,1.0
2025-01-08,15.58,7.0,62.1,21.0,92.46,32.0,17.89,5.89,31.83,9.74
2025-01-09,2.74,1.0,12.15,6.0,33.99,15.0,2.8,1.14,11.42,4.54
2025-01-10,3.13,1.0,18.28,6.0,52.95,16.0,5.86,2.18,18.16,6.56
2025-01-11,0.77,1.0,18.24,7.0,73.78,27.0,2.84,0.87,24.33,9.13
2025-01-12,2.25,2.0,2.25,2.0,2.25,2.0,0.0,0.0,0.0,0.0
2025-01-13,8.86,2.0,10.86,3.0,15.41,6.0,1.13,0.56,2.41,1.69
2025-01-14,0.97,1.0,2.87,2.0,18.22,7.0,1.05,0.55,9.47,3.62
2025-01-15,0.0,0.0,0.0,0.0,2.63,1.0,0.0,0.0,0.11,0.04
2025-01-16,1.34,2.0,1.77,3.0,3.98,4.0,0.77,1.4,1.0,1.5
2025-01-17,0.0,0.0,6.8,3.0,45.66,16.0,0.74,0.3,4.48,1.23
2025-01-18,3.08,3.0,7.27,4.0,7.27,4.0,0.0,0.0,0.0,0.0
2025-01-19,12.62,5.0,61.43,18.0,116.37,34.0,13.65,5.09,25.96,8.56
2025-01-20,10.44,5.0,43.46,16.0,90.35,30.0,13.32,5.68,17.12,6.99
2025-01-21,3.59,3.0,116.03,38.0,261.64,57.0,58.8,16.24,80.62,19.66
2025-01-22,42.26,15.0,129.25,50.0,237.03,88.0,42.97,16.91,58.41,21.36
2025-01-23,2.59,2.0,36.21,14.0,94.51,34.0,14.06,5.57,28.28,11.27
2025-01-24,15.87,7.0,67.74,18.0,142.22,39.0,5.25,1.58,33.03,4.94
2025-01-25,2.0,1.0,153.43,28.0,312.09,62.0,4.66,2.52,29.13,7.29
2025-01-26,25.88,10.0,129.27,27.0,210.69,50.0,12.69,3.49,20.47,5.42
2025-01-27,17.47,7.0,84.28,33.0,221.26,72.0,6.88,3.65,41.03,11.29
2025-01-28,7.69,2.0,64.31,19.0,153.61,45.0,32.5,8.59,73.37,19.84
2025-01-29,35.81,5.0,63.0,11.0,106.37,23.0,11.42,1.13,30.13,4.42
2025-01-30,1.53,2.0,64.05,19.0,194.08,51.0,11.78,1.84,32.79,8.36
2025-01-31,21.87,9.0,62.08,25.0,132.9,48.0,6.42,1.9,9.29,2.89
2025-02-01,46.21,15.0,136.62,44.0,313.16,100.0,75.95,21.79,180.48,54.4
2025-02-02,24.01,9.0,98.83,34.0,270.55,89.0,27.62,8.97,56.2,19.48
2025-02-03,10.44,4.0,55.27,13.0,224.13,43.0,31.0,5.95,111.65,21.2
2025-02-04,0.37,1.0,0.71,2.0,2.29,3.0,0.01,0.03,1.56,1.01
2025-02-05,8.99,4.0,144.42,21.0,214.25,33.0,67.77,7.27,86.34,11.23
2025-02-06,8.1,4.0,35.97,11.0,153.25,38.0,2.09,2.4,18.32,7.09
2025-02-07,42.55,5.0,105.55,23.0,245.43,49.0,18.06,3.67,32.2,5.85
2025-02-08,5.02,3.0,46.11,17.0,261.66,45.0,3.08,1.84,13.77,4.4
2025-02-09,10.42,5.0,75.69,25.0,139.79,48.0,39.48,11.06,61.78,16.87
2025-02-10,3.92,5.0,55.26,18.0,246.15,46.0,17.69,5.54,38.78,10.71
2025-02-11,23.17,9.0,62.31,19.0,184.89,52.0,23.67,7.96,43.88,13.45
2025-02-12,14.54,9.0,65.25,21.0,316.2,75.0,24.52,5.1,59.12,14.38
2025-02-13,6.8,4.0,33.87,12.0,130.55,39.0,12.91,5.01,40.23,12.26
2025-02-14,30.16,13.0,32.33,15.0,170.05,32.0,5.49,5.87,23.2,8.96
2025-02-15,2.27,3.0,38.28,11.0,78.9,24.0,12.38,3.21,37.43,12.19
2025-02-16,5.84,4.0,41.35,10.0,64.88,17.0,11.11,2.3,13.97,3.67
2025-02-17,7.02,3.0,46.88,15.0,105.16,33.0,20.69,8.28,42.77,18.55
2025-02-18,7.4,5.0,80.76,26.0,262.4,67.0,18.12,5.52,46.07,10.07
2025-02-19,0.95,1.0,7.73,2.0,36.25,8.0,1.5,0.22,4.03,0.99
2025-02-20,5.99,5.0,9.92,6.0,15.58,7.0,1.78,0.66,1.78,0.66
2025-02-21,1.64,2.0,85.53,12.0,107.02,18.0,38.94,3.95,39.12,4.01
2025-02-22,3.3,4.0,20.81,8.0,36.9,11.0,13.81,3.55,14.08,3.59
2025-02-23,15.84,6.0,48.71,22.0,232.37,65.0,12.4,4.4,47.45,14.89
2025-02-24,7.92,10.0,39.41,21.0,101.52,38.0,12.56,6.67,26.54,9.96
2025-02-25,8.09,2.0,31.71,10.0,59.64,22.0,12.5,3.45,16.92,5.19
2025-02-26,0.0,0.0,18.12,6.0,72.04,17.0,8.15,2.46,22.56,6.94
2025-02-27,0.0,0.0,0.0,0.0,0.0,0.0,0.0,0.0,0.0,0.0
2025-02-28,2.24,2.0,2.24,2.0,244.17,24.0,0.93,1.14,0.93,1.14
2025-03-01,0.0,0.0,0.0,0.0,15.58,5.0,0.0,0.0,7.36,1.95
2025-03-02,2.61,4.0,10.13,7.0,16.22,10.0,6.84,5.15,11.2,6.67
2025-03-03,2.7,2.0,22.25,4.0,54.11,16.0,0.5,0.87,1.26,1.37
2025-03-04,1.96,4.0,36.92,13.0,115.71,27.0,6.28,5.08,18.9,8.76
2025-03-05,26.57,13.0,60.53,21.0,286.36,39.0,38.48,11.05,62.83,15.05
2025-03-06,56.92,12.0,88.66,19.0,313.56,54.0,9.52,8.09,37.77,11.79
2025-03-07,15.4,7.0,28.85,9.0,60.68,21.0,19.08,5.68,25.52,8.79
2025-03-08,0.5,1.0,50.79,4.0,79.2,16.0,1.61,0.04,12.35,4.49
2025-03-09,18.11,4.0,18.11,4.0,41.09,9.0,7.53,1.64,14.44,2.92
2025-03-10,4.88,3.0,43.78,15.0,83.54,25.0,6.0,1.79,16.98,4.01
2025-03-11,2.32,3.0,6.06,7.0,21.94,16.0,1.49,1.47,13.32,7.66
2025-03-12,14.2,3.0,22.89,6.0,73.27,19.0,2.87,2.65,12.49,5.3
2025-03-13,0.53,1.0,57.76,8.0,375.62,29.0,10.76,2.9,131.23,8.64
2025-03-14,0.0,0.0,9.85,3.0,19.63,5.0,8.03,2.06,13.9,3.32
2025-03-15,3.93,5.0,4.68,7.0,4.68,7.0,0.93,1.98,0.93,1.98
2025-03-16,18.85,11.0,55.84,20.0,167.58,39.0,20.05,7.22,65.09,13.35
2025-03-17,1.15,1.0,6.85,3.0,54.55,16.0,0.0,0.0,6.83,2.02
2025-03-18,4.57,3.0,8.28,4.0,56.69,14.0,3.4,0.92,4.98,1.93
2025-03-19,39.3,6.0,46.64,10.0,93.08,23.0,34.53,5.36,51.48,10.28
2025-03-20,11.3,12.0,34.56,20.0,135.52,44.0,5.86,6.54,27.64,12.75
2025-03-21,36.47,7.0,53.88,13.0,149.98,40.0,34.6,5.84,51.28,10.6
2025-03-22,4.04,3.0,25.25,10.0,93.46,32.0,9.74,4.46,21.35,7.58
2025-03-23,1.91,3.0,73.36,11.0,149.7,30.0,4.89,1.01,7.5,1.63
2025-03-24,1.57,2.0,4.56,3.0,64.2,20.0,0.88,1.04,1.2,1.38
2025-03-25,1.7,2.0,8.85,5.0,70.81,18.0,0.14,0.1,17.36,3.32
2025-03-26,0.0,0.0,25.62,6.0,121.58,28.0,0.54,0.13,3.67,0.92
2025-03-27,1.29,1.0,37.57,10.0,142.54,39.0,1.42,1.0,7.18,3.0
2025-03-28,48.46,5.0,55.58,8.0,132.44,30.0,5.43,1.15,9.85,4.26
2025-03-29,3.47,5.0,4.27,6.0,49.23,20.0,3.68,5.24,3.75,5.27
2025-03-30,5.41,2.0,19.46,7.0,130.56,31.0,4.48,2.23,8.24,3.15
2025-03-31,0.89,1.0,2.28,2.0,84.3,25.0,0.88,0.99,3.48,2.34
2025-04-01,48.18,8.0,59.48,10.0,187.84,47.0,10.21,1.54,18.7,3.53
2025-04-02,25.78,2.0,39.57,8.0,176.33,35.0,9.3,3.15,33.33,7.67
2025-04-03,1.47,1.0,9.11,2.0,115.4,35.0,0.32,0.22,2.25,1.3
2025-04-04,0.0,0.0,39.6,11.0,336.14,67.0,8.99,3.28,12.3,3.92
2025-04-05,7.13,6.0,24.33,9.0,185.05,53.0,6.17,1.71,9.41,3.1
2025-04-06,7.28,4.0,12.37,9.0,102.39,36.0,1.15,1.78,2.43,2.38
2025-04-07,11.09,4.0,31.55,10.0,226.61,71.0,16.02,4.57,165.35,53.22
2025-04-08,12.3,2.0,26.42,7.0,61.04,14.0,2.26,0.45,4.17,0.82
2025-04-09,6.48,1.0,12.98,3.0,40.83,12.0,0.0,0.0,10.84,3.66
2025-04-10,0.0,0.0,6.77,1.0,12.46,3.0,1.8,0.27,3.17,0.53
2025-04-11,1.69,3.0,5.89,6.0,57.16,19.0,1.34,1.91,10.2,5.72
2025-04-12,0.61,1.0,10.85,6.0,32.67,15.0,2.27,1.39,16.54,6.7
2025-04-13,10.41,5.0,51.37,18.0,105.3,30.0,9.33,3.08,31.75,7.84
2025-04-14,5.21,3.0,53.23,12.0,451.99,47.0,6.94,1.31,23.27,5.76
2025-04-15,4.29,3.0,44.92,13.0,215.79,29.0,2.49,0.98,9.55,3.84
2025-04-16,1.33,3.0,141.35,24.0,491.33,79.0,34.31,6.14,69.98,13.17
2025-04-17,36.04,11.0,116.83,29.0,178.44,40.0,25.71,5.26,40.6,7.63
2025-04-18,6.05,2.0,111.86,25.0,139.34,33.0,8.72,4.04,13.78,6.02
2025-04-19,6.85,3.0,248.76,44.0,377.29,69.0,10.14,4.95,25.59,8.16
2025-04-20,10.61,3.0,208.79,44.0,256.25,57.0,3.16,0.83,9.88,2.25
2025-04-21,73.8,13.0,547.71,65.0,942.33,99.0,371.18,30.3,544.9,45.69
2025-04-22,86.93,17.0,576.74,71.0,958.74,139.0,141.95,21.91,250.85,31.28
2025-04-23,113.01,14.0,723.19,55.0,2462.31,152.0,409.99,23.23,1251.61,49.86
2025-04-24,283.07,19.0,1177.23,108.0,1689.77,226.0,656.82,57.5,817.08,91.15
2025-04-25,451.83,20.0,1868.92,182.0,3203.55,364.0,256.09,35.21,1044.34,122.1
2025-04-26,68.82,8.0,929.03,87.0,1749.71,235.0,539.09,46.13,544.23,47.58
2025-04-27,172.07,26.0,1427.48,244.0,2796.07,524.0,196.94,30.38,304.04,53.14
2025-04-28,39.28,13.0,659.55,97.0,1302.8,232.0,39.31,4.97,157.37,47.29
2025-04-29,116.75,27.0,737.69,150.0,1355.44,253.0,48.26,11.75,124.16,28.96
2025-04-30,129.03,36.0,651.82,154.0,1118.2,255.0,28.93,9.26,67.83,21.06
2025-05-01,59.98,14.0,634.43,79.0,1617.45,215.0,22.53,5.25,132.62,27.64
2025-05-02,0.46,1.0,0.46,1.0,0.46,1.0,0.35,0.76,0.35,0.76
2025-05-03,13.16,4.0,78.79,15.0,250.19,54.0,0.0,0.0,1.03,0.24
2025-05-04,20.77,4.0,407.69,73.0,986.1,199.0,0.0,0.0,3.07,0.84
2025-05-05,0.0,0.0,26.9,7.0,68.39,21.0,1.75,0.47,2.68,1.4
2025-05-06,6.39,2.0,162.18,37.0,552.87,110.0,5.21,1.31,112.85,15.21
2025-05-07,21.45,7.0,243.57,42.0,1425.87,192.0,3.71,1.73,71.62,13.91
2025-05-08,100.08,30.0,516.94,128.0,1562.29,318.0,22.1,6.53,244.47,50.55
2025-05-09,61.88,8.0,244.72,35.0,655.12,107.0,8.21,2.45,130.14,19.7
2025-05-10,40.09,9.0,116.91,19.0,686.68,118.0,8.9,1.48,200.34,44.21
2025-05-11,94.01,16.0,598.78,127.0,2437.97,501.0,391.8,83.47,1802.34,377.2
2025-05-12,40.86,14.0,354.72,67.0,2158.42,350.0,219.01,36.95,841.13,156.27
2025-05-13,49.27,7.0,475.94,65.0,1985.24,308.0,281.63,37.93,1125.16,169.69
2025-05-14,2.91,2.0,58.0,10.0,703.11,111.0,53.45,9.07,550.13,80.18
2025-05-15,3.24,2.0,236.2,48.0,1360.49,226.0,155.46,33.03,872.65,146.1
2025-05-16,11.13,6.0,163.31,51.0,758.9,196.0,4.49,2.26,13.07,5.43
2025-05-17,18.64,5.0,75.38,15.0,888.55,139.0,2.68,0.92,40.03,11.28
2025-05-18,28.13,7.0,364.4,45.0,1458.79,160.0,20.59,6.92,47.2,13.66
2025-05-19,8.56,4.0,14.39,6.0,239.96,59.0,0.9,0.57,113.23,25.72
2025-05-20,10.12,2.0,130.36,18.0,381.72,63.0,1.28,0.42,8.74,2.06
2025-05-21,0.0,0.0,26.86,11.0,179.12,49.0,0.0,0.0,31.59,6.28
2025-05-22,2.26,1.0,7.54,4.0,64.72,21.0,0.0,0.0,0.0,0.0
2025-05-23,0.0,0.0,53.48,16.0,251.9,57.0,0.0,0.0,6.91,1.75
2025-05-24,7.37,3.0,33.19,11.0,177.06,47.0,0.88,0.41,24.94,7.34
2025-05-25,1.21,1.0,8.36,3.0,8.36,3.0,0.0,0.0,0.0,0.0
2025-05-26,0.0,0.0,0.0,0.0,3.19,2.0,0.0,0.0,1.68,1.07
2025-05-27,1.08,1.0,3.13,2.0,52.31,8.0,0.61,0.57,3.57,1.5
2025-05-28,0.0,0.0,3.39,1.0,23.01,6.0,0.0,0.0,2.94,0.96
2025-05-29,21.15,5.0,30.1,8.0,83.82,18.0,0.0,0.0,0.0,0.0
2025-05-30,0.0,0.0,0.98,1.0,0.98,1.0,0.0,0.0,0.0,0.0
2025-05-31,2.25,1.0,10.64,4.0,44.56,10.0,1.03,0.46,4.82,1.05
2025-06-01,0.0,0.0,0.0,0.0,28.68,12.0,0.0,0.0,0.82,0.44
2025-06-02,0.0,0.0,20.09,2.0,47.24,10.0,0.06,0.01,0.08,0.02
2025-06-03,0.0,0.0,27.38,3.0,52.48,9.0,0.0,0.0,1.16,1.58
2025-06-04,0.0,0.0,6.19,1.0,17.31,4.0,5.17,0.84,6.94,1.6
2025-06-05,0.0,0.0,4.13,1.0,22.1,5.0,0.0,0.0,0.0,0.0
2025-06-06,3.62,1.0,5.71,2.0,26.16,9.0,0.0,0.0,6.43,1.04
2025-06-07,0.81,1.0,0.81,1.0,27.53,8.0,0.0,0.0,2.68,0.76
2025-06-08,0.0,0.0,0.0,0.0,20.88,3.0,0.0,0.0,1.01,0.16
2025-06-09,8.53,4.0,8.53,4.0,69.83,15.0,3.89,2.94,23.0,6.76
2025-06-10,1.0,1.0,1.0,1.0,75.73,10.0,0.0,0.0,32.99,3.63
2025-06-11,2.85,2.0,43.99,6.0,84.55,16.0,0.0,0.0,1.03,0.27
2025-06-12,0.0,0.0,0.0,0.0,39.39,7.0,0.0,0.0,7.1,1.32
2025-06-13,0.0,0.0,0.0,0.0,51.17,9.0,0.0,0.0,3.06,0.8
2025-06-14,5.0,1.0,8.56,2.0,113.07,18.0,3.54,0.99,19.81,4.31
2025-06-15,0.0,0.0,0.0,0.0,0.0,0.0,0.0,0.0,0.0,0.0
2025-06-16,3.04,1.0,3.04,1.0,6.79,2.0,0.0,0.0,0.03,0.01
2025-06-17,0.0,0.0,0.0,0.0,0.0,0.0,0.0,0.0,0.0,0.0
2025-06-18,0.0,0.0,0.0,0.0,0.0,0.0,0.0,0.0,0.0,0.0
2025-06-19,0.0,0.0,0.88,1.0,9.58,3.0,0.0,0.0,0.0,0.0
2025-06-20,3.65,2.0,3.65,2.0,3.65,2.0,0.0,0.0,0.0,0.0
2025-06-21,2.73,1.0,7.55,3.0,10.89,4.0,0.0,0.0,0.0,0.0
2025-06-22,0.0,0.0,0.0,0.0,0.42,1.0,0.0,0.0,0.04,0.08
2025-06-23,0.0,0.0,0.0,0.0,2.85,1.0,0.0,0.0,0.0,0.0
2025-06-24,0.0,0.0,0.0,0.0,5.94,1.0,0.0,0.0,1.07,0.18
2025-06-25,0.0,0.0,0.0,0.0,0.0,0.0,0.0,0.0,0.0,0.0
2025-06-26,0.38,1.0,0.38,1.0,4.32,2.0,0.0,0.0,0.0,0.0
2025-06-27,0.0,0.0,8.36,1.0,10.39,2.0,8.01,0.96,8.01,0.96
2025-06-28,0.0,0.0,0.0,0.0,5.83,1.0,0.0,0.0,4.74,0.81
2025-06-29,0.0,0.0,0.0,0.0,0.0,0.0,0.0,0.0,0.0,0.0
2025-06-30,0.0,0.0,1.22,1.0,1.22,1.0,0.0,0.0,0.0,0.0
2025-07-01,1.71,1.0,1.71,1.0,3.69,2.0,0.0,0.0,0.08,0.04
2025-07-02,0.81,1.0,0.81,1.0,5.12,2.0,0.0,0.0,0.0,0.0
2025-07-03,0.0,0.0,5.28,1.0,5.28,1.0,0.0,0.0,0.0,0.0
2025-07-04,0.0,0.0,0.0,0.0,0.0,0.0,0.0,0.0,0.0,0.0
2025-07-05,0.0,0.0,0.0,0.0,0.0,0.0,0.0,0.0,0.0,0.0
2025-07-06,0.0,0.0,0.0,0.0,0.0,0.0,0.0,0.0,0.0,0.0
2025-07-07,0.0,0.0,0.0,0.0,0.0,0.0,0.0,0.0,0.0,0.0
2025-07-08,0.0,0.0,0.0,0.0,0.0,0.0,0.0,0.0,0.0,0.0
2025-07-09,0.0,0.0,0.0,0.0,0.0,0.0,0.0,0.0,0.0,0.0
2025-07-10,0.0,0.0,0.0,0.0,0.0,0.0,0.0,0.0,0.0,0.0
2025-07-11,0.0,0.0,0.0,0.0,0.0,0.0,0.0,0.0,0.0,0.0
2025-07-12,0.0,0.0,0.0,0.0,0.0,0.0,0.0,0.0,0.0,0.0
2025-07-13,0.0,0.0,0.0,0.0,5.25,1.0,0.0,0.0,2.15,0.41
2025-07-14,0.0,0.0,0.0,0.0,0.0,0.0,0.0,0.0,0.0,0.0
2025-07-15,0.0,0.0,0.0,0.0,0.0,0.0,0.0,0.0,0.0,0.0
2025-07-16,0.0,0.0,5.43,1.0,5.43,1.0,0.0,0.0,0.0,0.0
2025-07-17,0.0,0.0,0.0,0.0,0.0,0.0,0.0,0.0,0.0,0.0
2025-07-18,0.0,0.0,0.0,0.0,0.0,0.0,0.0,0.0,0.0,0.0
2025-07-19,0.39,1.0,0.39,1.0,0.39,1.0,0.0,0.0,0.0,0.0
2025-07-20,0.0,0.0,0.0,0.0,0.0,0.0,0.0,0.0,0.0,0.0
2025-07-21,0.0,0.0,0.0,0.0,0.0,0.0,0.0,0.0,0.0,0.0
2025-07-22,0.0,0.0,0.0,0.0,2.31,1.0,0.0,0.0,1.05,0.45
2025-07-23,0.0,0.0,0.0,0.0,0.0,0.0,0.0,0.0,0.0,0.0
2025-07-24,0.0,0.0,0.0,0.0,0.0,0.0,0.0,0.0,0.0,0.0
2025-07-25,0.0,0.0,0.0,0.0,0.0,0.0,0.0,0.0,0.0,0.0
2025-07-26,0.95,1.0,0.95,1.0,0.95,1.0,0.0,0.0,0.0,0.0
2025-07-27,0.0,0.0,3.39,1.0,3.39,1.0,0.0,0.0,0.0,0.0
2025-07-28,2.35,1.0,2.35,1.0,2.35,1.0,0.0,0.0,0.0,0.0
2025-07-29,0.0,0.0,0.0,0.0,0.0,0.0,0.0,0.0,0.0,0.0
2025-07-30,0.0,0.0,0.0,0.0,0.0,0.0,0.0,0.0,0.0,0.0
2025-07-31,0.0,0.0,0.0,0.0,0.0,0.0,0.0,0.0,0.0,0.0
2025-08-01,0.0,0.0,1.98,1.0,1.98,1.0,1.68,0.85,1.68,0.85
2025-08-02,0.0,0.0,0.0,0.0,0.0,0.0,0.0,0.0,0.0,0.0
2025-08-03,0.0,0.0,0.0,0.0,0.0,0.0,0.0,0.0,0.0,0.0
2025-08-04,0.0,0.0,0.0,0.0,0.0,0.0,0.0,0.0,0.0,0.0
2025-08-05,0.0,0.0,0.0,0.0,0.0,0.0,0.0,0.0,0.0,0.0
2025-08-06,2.78,2.0,2.78,2.0,2.78,2.0,1.54,0.92,1.54,0.92
2025-08-07,2.99,2.0,2.99,2.0,2.99,2.0,1.1,1.07,1.1,1.07
2025-08-08,0.0,0.0,0.0,0.0,0.0,0.0,0.0,0.0,0.0,0.0
2025-08-09,0.0,0.0,0.0,0.0,4.36,1.0,0.0,0.0,0.0,0.0
2025-08-10,0.0,0.0,0.0,0.0,0.0,0.0,0.0,0.0,0.0,0.0
2025-08-11,0.0,0.0,0.0,0.0,0.0,0.0,0.0,0.0,0.0,0.0
2025-08-12,0.0,0.0,0.0,0.0,0.0,0.0,0.0,0.0,0.0,0.0
2025-08-13,0.0,0.0,0.0,0.0,0.0,0.0,0.0,0.0,0.0,0.0
2025-08-14,0.0,0.0,0.0,0.0,0.0,0.0,0.0,0.0,0.0,0.0
2025-08-15,0.0,0.0,0.0,0.0,0.0,0.0,0.0,0.0,0.0,0.0
2025-08-16,0.0,0.0,0.0,0.0,0.0,0.0,0.0,0.0,0.0,0.0
2025-08-17,0.61,1.0,0.61,1.0,0.61,1.0,0.0,0.0,0.0,0.0
2025-08-18,5.46,1.0,5.46,1.0,5.46,1.0,0.0,0.0,0.0,0.0
2025-08-19,0.0,0.0,0.0,0.0,0.0,0.0,0.0,0.0,0.0,0.0
2025-08-20,0.0,0.0,0.65,1.0,3.25,2.0,0.0,0.0,0.0,0.0
2025-08-21,0.0,0.0,1.42,1.0,1.42,1.0,0.0,0.0,0.0,0.0
2025-08-22,0.0,0.0,0.0,0.0,0.0,0.0,0.0,0.0,0.0,0.0
2025-08-23,0.0,0.0,0.0,0.0,0.0,0.0,0.0,0.0,0.0,0.0
2025-08-24,0.0,0.0,0.0,0.0,0.0,0.0,0.0,0.0,0.0,0.0
2025-08-25,0.0,0.0,0.0,0.0,0.0,0.0,0.0,0.0,0.0,0.0
2025-08-26,0.0,0.0,0.0,0.0,0.0,0.0,0.0,0.0,0.0,0.0
2025-08-27,0.0,0.0,0.0,0.0,0.0,0.0,0.0,0.0,0.0,0.0
2025-08-28,1.15,1.0,1.15,1.0,1.15,1.0,0.0,0.0,0.0,0.0
2025-08-29,0.0,0.0,6.71,3.0,6.71,3.0,0.0,0.0,0.0,0.0
2025-08-30,1.21,2.0,1.21,2.0,3.14,3.0,0.0,0.0,0.0,0.0
2025-08-31,0.0,0.0,0.0,0.0,2.34,1.0,0.0,0.0,0.0,0.0
2025-09-01,0.0,0.0,0.0,0.0,0.0,0.0,0.0,0.0,0.0,0.0
2025-09-02,0.0,0.0,0.0,0.0,0.0,0.0,0.0,0.0,0.0,0.0
2025-09-03,0.0,0.0,0.0,0.0,0.0,0.0,0.0,0.0,0.0,0.0
2025-09-04,1.37,2.0,1.37,2.0,1.37,2.0,0.2,0.37,0.2,0.37
2025-09-05,0.0,0.0,0.0,0.0,0.0,0.0,0.0,0.0,0.0,0.0
2025-09-06,0.0,0.0,0.0,0.0,0.0,0.0,0.0,0.0,0.0,0.0
2025-09-07,2.58,3.0,2.58,3.0,2.58,3.0,0.0,0.0,0.0,0.0
2025-09-08,7.95,3.0,10.26,4.0,14.66,5.0,6.42,1.02,6.42,1.02
2025-09-09,0.0,0.0,0.0,0.0,0.0,0.0,0.0,0.0,0.0,0.0
2025-09-10,0.0,0.0,0.0,0.0,1.28,1.0,0.0,0.0,0.65,0.51
2025-09-11,0.0,0.0,1.52,1.0,1.52,1.0,1.46,0.96,1.46,0.96
2025-09-12,3.09,2.0,6.13,3.0,9.37,4.0,1.93,0.73,2.37,0.87
2025-09-13,1.78,1.0,3.3,2.0,3.3,2.0,1.88,1.09,1.88,1.09
2025-09-14,0.64,1.0,10.83,4.0,10.83,4.0,1.3,1.16,1.3,1.16
2025-09-15,0.0,0.0,1.26,1.0,20.97,4.0,1.25,0.99,16.82,3.3
2025-09-16,0.0,0.0,0.0,0.0,10.43,2.0,0.0,0.0,0.0,0.0
2025-09-17,0.0,0.0,6.92,1.0,12.4,2.0,0.0,0.0,0.0,0.0
2025-09-18,1.25,3.0,1.25,3.0,10.33,6.0,0.0,0.0,0.0,0.0
2025-09-19,0.29,1.0,0.29,1.0,2.62,2.0,0.22,0.77,0.24,0.78
2025-09-20,0.0,0.0,0.0,0.0,0.0,0.0,0.0,0.0,0.0,0.0
2025-09-21,0.0,0.0,14.88,3.0,18.59,4.0,3.42,0.63,7.12,1.62
2025-09-22,2.08,1.0,6.04,4.0,6.04,4.0,1.84,0.89,1.84,0.89
2025-09-23,0.83,1.0,15.3,4.0,23.67,7.0,1.31,0.23,7.13,2.22
2025-09-24,1.37,1.0,11.35,6.0,27.37,12.0,1.1,0.43,5.1,1.82
2025-09-25,1.79,1.0,6.86,2.0,15.22,5.0,2.59,1.13,10.77,4.07
2025-09-26,0.0,0.0,25.31,6.0,48.25,11.0,0.74,0.2,1.89,0.41
2025-09-27,0.0,0.0,0.0,0.0,5.07,2.0,0.0,0.0,0.27,0.11
2025-09-28,0.0,0.0,30.74,8.0,64.27,13.0,6.95,2.0,8.52,2.25
2025-09-29,0.0,0.0,30.52,9.0,59.91,19.0,14.64,4.08,25.85,7.68
2025-09-30,0.0,0.0,0.0,0.0,5.74,2.0,0.0,0.0,0.0,0.0
2025-10-01,1.32,2.0,3.38,3.0,6.62,4.0,0.0,0.0,0.53,0.16
2025-10-02,7.55,3.0,7.55,3.0,17.93,5.0,3.02,1.21,3.02,1.21
2025-10-03,0.0,0.0,0.0,0.0,5.27,1.0,0.0,0.0,0.0,0.0
2025-10-04,7.84,4.0,21.94,10.0,54.09,18.0,2.08,1.88,7.45,3.8
2025-10-05,4.68,2.0,68.68,22.0,147.3,48.0,3.81,0.99,21.48,7.34
2025-10-06,0.0,0.0,0.0,0.0,0.0,0.0,0.0,0.0,0.0,0.0
2025-10-07,0.0,0.0,0.0,0.0,36.01,7.0,0.0,0.0,0.0,0.0
2025-10-08,5.37,7.0,6.0,8.0,6.0,8.0,3.77,4.53,3.77,4.53
2025-10-09,2.2,4.0,3.36,6.0,7.64,8.0,2.21,3.41,6.49,5.41
2025-10-10,0.28,1.0,6.9,4.0,25.69,10.0,1.57,1.38,4.35,2.44
2025-10-11,0.96,1.0,11.87,6.0,26.82,10.0,3.81,3.36,3.81,3.36
2025-10-12,1.33,2.0,8.54,6.0,54.83,15.0,6.01,4.42,20.36,9.03
2025-10-13,1.89,2.0,22.31,8.0,35.24,14.0,1.13,1.37,8.67,5.04
2025-10-14,1.07,3.0,8.82,8.0,48.86,18.0,0.36,1.01,17.73,6.42
2025-10-15,3.8,4.0,31.35,15.0,94.77,33.0,4.31,3.0,12.72,7.74
2025-10-16,2.32,1.0,36.96,10.0,324.56,66.0,2.39,1.54,74.8,12.78
2025-10-17,3.04,2.0,20.51,5.0,63.36,13.0,0.0,0.0,22.49,2.49
2025-10-18,0.0,0.0,3.13,1.0,25.73,7.0,0.0,0.0,9.24,1.35
2025-10-19,0.65,1.0,19.22,6.0,122.1,30.0,0.0,0.0,36.59,8.14
2025-10-20,1.49,2.0,76.28,19.0,345.71,83.0,0.19,0.05,41.98,7.58
2025-10-21,4.69,1.0,15.46,5.0,194.01,53.0,4.71,1.7,53.51,16.02
2025-10-22,0.0,0.0,30.03,7.0,146.14,36.0,2.87,1.44,12.95,5.82
2025-10-23,1.15,1.0,1.15,1.0,57.44,14.0,0.85,0.74,24.42,4.06
2025-10-24,0.0,0.0,12.0,3.0,42.48,10.0,0.0,0.0,3.43,0.51
2025-10-25,0.76,1.0,21.89,7.0,86.0,28.0,3.44,1.0,22.03,6.17
2025-10-26,8.63,6.0,31.08,15.0,298.47,87.0,9.27,3.93,89.22,31.41
2025-10-27,0.0,0.0,0.0,0.0,57.38,13.0,0.0,0.0,0.0,0.0
2025-10-28,0.0,0.0,0.0,0.0,17.88,2.0,0.0,0.0,0.0,0.0
2025-10-29,0.0,0.0,0.0,0.0,149.38,28.0,0.0,0.0,77.37,16.64
2025-10-30,0.0,0.0,0.91,1.0,77.72,12.0,0.0,0.0,0.0,0.0
2025-10-31,1.83,2.0,18.89,5.0,140.5,33.0,3.53,1.94,79.69,18.08
2025-11-01,2.19,3.0,15.06,8.0,203.7,46.0,0.14,0.05,94.1,17.68
2025-11-02,0.57,1.0,11.64,4.0,90.36,26.0,0.0,0.0,30.44,7.29
2025-11-03,0.0,0.0,46.03,8.0,173.86,32.0,4.59,1.92,49.86,10.46
2025-11-04,2.59,1.0,19.03,6.0,98.23,17.0,0.0,0.0,0.0,0.0
2025-11-05,13.21,11.0,56.48,22.0,198.66,63.0,16.05,9.35,58.71,22.59
2025-11-06,2.24,1.0,42.56,12.0,289.41,88.0,21.36,5.06,109.87,33.75
2025-11-07,9.09,4.0,51.83,14.0,155.92,45.0,40.39,10.64,96.2,26.93
2025-11-08,3.8,3.0,16.97,7.0,308.25,58.0,4.35,3.89,255.33,43.23
2025-11-09,1.75,4.0,39.72,15.0,429.04,86.0,26.86,7.29,344.87,59.53
2025-11-10,15.15,6.0,36.03,12.0,272.72,77.0,15.12,6.46,172.83,47.35
2025-11-11,10.69,4.0,74.98,25.0,382.57,110.0,34.28,12.4,237.39,62.27
2025-11-12,2.12,2.0,2.12,2.0,5.71,5.0,0.0,0.0,0.0,0.0
2025-11-13,9.65,6.0,42.09,12.0,122.99,31.0,7.32,2.11,66.56,14.31
2025-11-14,0.0,0.0,57.58,16.0,147.52,40.0,43.31,11.36,97.84,24.28
2025-11-15,3.27,4.0,63.96,24.0,287.23,65.0,26.86,10.55,138.16,33.55
2025-11-16,15.8,9.0,89.05,33.0,262.4,77.0,47.08,17.92,160.59,44.14
2025-11-17,15.55,9.0,91.85,34.0,161.31,56.0,43.02,14.23,57.5,20.75
2025-11-18,1.38,3.0,36.65,13.0,88.64,35.0,15.58,4.97,35.47,14.55
2025-11-19,0.0,0.0,21.37,6.0,54.03,14.0,4.47,1.67,23.62,6.44
2025-11-20,11.65,4.0,30.65,9.0,65.74,24.0,20.75,5.61,21.37,5.98
2025-11-21,21.42,6.0,91.52,28.0,130.33,41.0,14.49,3.16,17.51,4.12
2025-11-22,12.59,11.0,83.51,35.0,191.01,74.0,29.3,11.03,65.33,23.12
2025-11-23,9.03,7.0,72.2,30.0,124.92,46.0,22.27,12.17,32.47,15.96
2025-11-24,9.27,6.0,36.78,14.0,109.06,30.0,7.87,5.27,65.8,14.82
2025-11-25,14.5,11.0,37.81,21.0,76.64,36.0,8.62,5.15,18.89,8.75
2025-11-26,15.52,6.0,87.05,28.0,196.63,58.0,55.21,15.56,98.97,25.84
2025-11-27,27.89,14.0,103.09,46.0,239.67,94.0,36.76,16.67,104.89,39.85
2025-11-28,7.05,2.0,8.52,3.0,52.71,16.0,0.04,0.03,7.1,2.07
2025-11-29,21.13,5.0,37.61,11.0,59.25,17.0,13.44,5.39,14.48,5.88
2025-11-30,4.58,2.0,19.77,9.0,516.54,33.0,12.12,5.7,371.08,18.25
2025-12-01,29.74,10.0,80.19,23.0,135.47,42.0,33.34,9.66,61.32,19.3
2025-12-02,21.82,11.0,132.59,51.0,210.69,85.0,68.04,23.15,105.51,40.63
2025-12-03,28.41,12.0,88.6,34.0,220.9,80.0,19.36,7.75,41.7,14.26
2025-12-04,12.58,7.0,32.81,12.0,59.99,20.0,7.98,2.23,8.34,2.48
2025-12-05,36.44,11.0,75.3,26.0,88.86,32.0,9.47,3.52,15.06,6.24
2025-12-06,25.71,11.0,60.54,18.0,104.4,33.0,12.1,4.22,18.68,6.62
2025-12-07,26.76,10.0,112.77,37.0,207.5,63.0,8.33,3.59,15.52,5.97
2025-12-08,4.43,4.0,64.51,30.0,146.01,65.0,3.85,3.27,16.36,10.69
2025-12-09,10.09,8.0,33.56,17.0,94.73,36.0,7.4,3.21,30.8,8.49
2025-12-10,14.5,7.0,62.77,28.0,99.16,39.0,8.13,5.64,15.13,7.02
2025-12-11,11.96,10.0,52.88,27.0,101.21,46.0,10.7,4.97,23.22,9.78
2025-12-12,16.41,8.0,84.98,26.0,129.37,42.0,45.36,11.77,59.11,17.73
2025-12-13,9.95,6.0,71.25,27.0,140.51,55.0,16.43,6.57,67.42,28.29
2025-12-14,9.38,2.0,44.65,13.0,64.54,21.0,30.73,8.61,33.71,10.1
2025-12-15,4.67,7.0,40.29,19.0,43.12,21.0,4.0,4.82,5.03,5.35
2025-12-16,13.1,8.0,46.97,18.0,86.87,30.0,5.82,2.55,23.71,8.05
2025-12-17,11.27,5.0,55.72,21.0,70.84,25.0,11.31,3.58,19.59,5.9
2025-12-18,0.0,0.0,17.46,6.0,51.54,20.0,5.23,1.75,12.9,5.04
2025-12-19,0.41,1.0,0.41,1.0,16.15,4.0,0.0,0.0,12.84,2.49
2025-12-20,0.0,0.0,3.77,1.0,9.16,4.0,0.0,0.0,1.73,0.99
2025-12-21,0.0,0.0,0.0,0.0,0.75,1.0,0.0,0.0,0.02,0.03
2025-12-22,1.85,3.0,16.83,7.0,38.98,13.0,9.77,3.18,15.83,5.07
2025-12-23,28.53,15.0,90.13,39.0,150.89,51.0,17.83,9.86,41.06,14.29
2025-12-24,12.67,6.0,58.34,27.0,160.58,51.0,4.41,2.3,22.82,5.8
2025-12-25,11.01,3.0,19.57,6.0,29.45,10.0,10.1,3.06,10.21,3.1
2025-12-26,3.75,2.0,8.68,4.0,30.54,12.0,4.71,1.72,11.29,4.7
2025-12-27,19.4,6.0,51.85,18.0,67.99,25.0,13.26,4.55,14.19,5.54
2025-12-28,14.7,3.0,34.3,10.0,80.27,22.0,25.28,7.53,37.45,11.38
2025-12-29,0.0,0.0,18.32,8.0,45.5,19.0,1.68,0.65,8.55,3.17
2025-12-30,2.13,2.0,21.28,8.0,39.48,12.0,3.15,0.95,4.11,1.15
2025-12-31,0.0,0.0,3.53,1.0,6.51,2.0,0.01,0.0,2.99,1.0
2026-01-01,0.0,0.0,0.0,0.0,0.0,0.0,0.0,0.0,0.0,0.0
2026-01-02,0.65,1.0,0.65,1.0,0.65,1.0,0.0,0.0,0.0,0.0
2026-01-03,1.43,2.0,5.87,3.0,8.94,5.0,0.0,0.0,0.74,0.4
2026-01-04,6.67,4.0,15.87,8.0,35.32,14.0,1.84,0.78,2.59,0.99
2026-01-05,0.51,1.0,29.36,6.0,55.4,9.0,3.8,0.72,4.39,0.93
2026-01-06,0.0,0.0,2.71,1.0,2.71,1.0,0.0,0.0,0.0,0.0
2026-01-07,2.67,1.0,2.67,1.0,13.46,5.0,0.07,0.02,3.85,1.33
2026-01-08,19.69,8.0,89.59,19.0,117.28,26.0,45.66,8.51,57.93,11.43
2026-01-09,4.19,2.0,36.04,14.0,44.63,17.0,21.72,7.69,23.91,8.42
2026-01-10,20.07,8.0,58.72,20.0,98.82,30.0,6.7,2.8,9.28,3.92
2026-01-11,2.74,2.0,8.93,5.0,28.61,11.0,0.92,0.45,0.92,0.45
2026-01-12,21.29,7.0,37.38,13.0,89.5,28.0,17.73,4.6,37.18,11.31
2026-01-13,1.27,2.0,29.21,11.0,100.03,27.0,9.86,4.11,18.76,6.23
2026-01-14,15.22,7.0,49.37,19.0,66.11,26.0,9.72,3.11,12.26,4.48
2026-01-15,3.03,1.0,14.46,5.0,14.46,5.0,3.71,1.25,3.71,1.25
2026-01-16,0.0,0.0,3.51,1.0,10.9,4.0,0.0,0.0,0.2,0.26
2026-01-17,1.18,1.0,3.03,2.0,17.28,5.0,2.04,1.46,6.92,2.46
2026-01-18,1.83,3.0,42.07,16.0,89.85,27.0,10.61,3.67,34.26,8.63
2026-01-19,35.78,9.0,96.26,28.0,198.78,64.0,41.92,13.48,76.55,26.81
2026-01-20,12.51,8.0,58.49,21.0,180.38,62.0,28.97,8.27,49.14,14.1
2026-01-21,2.19,4.0,43.8,18.0,117.47,38.0,15.82,5.65,39.52,15.38
2026-01-22,4.33,2.0,48.9,13.0,155.38,38.0,10.76,2.32,23.04,5.9
2026-01-23,0.0,0.0,0.0,0.0,0.0,0.0,0.0,0.0,0.0,0.0
2026-01-24,0.0,0.0,0.0,0.0,0.0,0.0,0.0,0.0,0.0,0.0
2026-01-25,3.45,3.0,10.45,6.0,60.71,18.0,1.04,0.51,12.58,1.19
2026-01-26,2.95,1.0,49.46,15.0,92.31,22.0,9.25,1.9,10.12,2.01
2026-01-27,0.0,0.0,0.0,0.0,0.0,0.0,0.0,0.0,0.0,0.0
2026-01-28,2.17,2.0,2.17,2.0,9.7,4.0,0.0,0.0,0.78,0.11
2026-01-29,4.09,6.0,7.32,7.0,10.2,9.0,3.29,2.6,3.55,2.78
2026-01-30,7.27,7.0,43.35,15.0,61.81,21.0,19.2,4.78,28.02,7.39
2026-01-31,0.0,0.0,0.0,0.0,12.58,3.0,0.0,0.0,0.0,0.0
2026-02-01,0.63,1.0,3.2,2.0,3.2,2.0,0.4,0.63,0.4,0.63
2026-02-02,0.0,0.0,0.0,0.0,14.33,3.0,0.0,0.0,2.38,0.63
2026-02-03,0.94,1.0,6.62,3.0,30.07,7.0,5.7,2.65,14.64,3.28
2026-02-04,30.91,13.0,79.35,29.0,120.75,39.0,16.08,10.29,44.46,16.85
2026-02-05,27.67,11.0,78.0,31.0,244.61,69.0,19.57,7.78,64.62,17.18
2026-02-06,4.92,2.0,63.82,13.0,135.87,33.0,4.37,1.87,10.75,3.54
2026-02-07,0.0,0.0,23.93,7.0,117.23,28.0,11.35,3.06,56.85,10.41
2026-02-08,16.3,4.0,50.39,12.0,164.89,36.0,7.01,1.77,24.6,6.5
2026-02-09,28.28,14.0,57.65,27.0,115.24,43.0,26.32,10.16,49.16,15.55
2026-02-10,15.95,7.0,126.48,31.0,149.03,40.0,41.9,9.73,46.15,12.17
2026-02-11,15.35,9.0,43.99,18.0,168.29,38.0,11.11,5.27,44.79,12.18
2026-02-12,0.0,0.0,15.91,6.0,69.05,17.0,9.78,3.35,10.26,3.57
2026-02-13,7.73,4.0,34.07,13.0,154.88,25.0,8.01,2.62,60.87,6.63
2026-02-14,1.12,3.0,43.01,14.0,337.03,47.0,6.53,3.93,115.44,13.45
2026-02-15,10.16,8.0,59.44,23.0,281.63,79.0,26.31,8.61,140.22,33.84
2026-02-16,14.09,7.0,62.23,19.0,161.07,49.0,15.15,3.55,34.56,9.99
2026-02-17,6.32,2.0,35.51,8.0,126.97,31.0,15.99,3.09,29.19,6.29
2026-02-18,0.0,0.0,0.0,0.0,0.0,0.0,0.0,0.0,0.0,0.0
2026-02-19,8.49,8.0,30.78,16.0,76.56,25.0,11.43,4.56,29.68,8.6
2026-02-20,0.31,1.0,44.9,13.0,123.8,30.0,11.94,2.75,24.26,6.8
2026-02-21,14.05,6.0,30.89,12.0,196.91,56.0,8.74,3.63,32.74,8.58
2026-02-22,8.81,5.0,47.48,16.0,136.35,34.0,22.0,7.49,27.5,10.22
2026-02-23,7.47,2.0,50.9,13.0,200.56,29.0,10.94,3.42,131.89,12.37
2026-02-24,2.3,3.0,48.47,13.0,284.56,33.0,21.9,5.11,172.91,12.91
2026-02-25,18.65,5.0,46.73,14.0,208.95,34.0,17.31,6.05,50.76,12.54
2026-02-26,33.7,9.0,52.58,15.0,110.51,31.0,6.03,6.44,31.2,12.23
2026-02-27,2.42,1.0,81.32,4.0,100.37,10.0,4.02,1.4,11.95,3.48
2026-02-28,5.1,5.0,37.99,9.0,155.89,26.0,13.22,4.51,27.67,9.57
2026-03-01,11.62,6.0,32.07,11.0,176.12,34.0,4.95,1.72,15.56,3.93
2026-03-02,25.21,20.0,55.21,32.0,276.95,191.0,8.87,12.12,24.1,26.07
2026-03-03,3.97,4.0,36.65,13.0,542.14,100.0,11.41,2.04,121.0,24.74
2026-03-04,2.14,1.0,6.37,2.0,93.33,11.0,5.23,1.7,25.47,4.56
2026-03-05,11.86,6.0,13.89,7.0,24.79,10.0,1.12,0.55,1.12,0.55
2026-03-06,10.98,3.0,22.06,7.0,40.45,12.0,4.84,1.71,10.03,2.67
2026-03-07,4.93,2.0,10.54,5.0,26.95,9.0,4.84,1.92,12.12,3.27
2026-03-08,8.01,5.0,33.61,11.0,50.36,19.0,11.4,3.89,15.58,5.67
2026-03-09,0.0,0.0,6.58,2.0,66.93,15.0,1.2,0.31,5.06,2.01
2026-03-10,0.0,0.0,0.0,0.0,0.0,0.0,0.0,0.0,0.0,0.0
2026-03-11,0.0,0.0,0.0,0.0,0.0,0.0,0.0,0.0,0.0,0.0
2026-03-12,0.0,0.0,0.0,0.0,0.0,0.0,0.0,0.0,0.0,0.0
2026-03-13,2.03,4.0,2.46,5.0,2.85,6.0,1.01,1.88,1.01,1.88
2026-03-14,2.44,1.0,4.01,3.0,66.89,15.0,2.42,1.31,11.68,4.27
2026-03-15,4.31,4.0,4.72,5.0,8.83,8.0,0.0,0.0,0.28,0.16
2026-03-16,0.57,2.0,5.87,3.0,26.48,8.0,5.25,0.99,6.09,1.36
2026-03-17,0.67,1.0,7.29,5.0,7.29,5.0,4.6,1.79,4.6,1.79
2026-03-18,5.59,1.0,10.36,2.0,44.96,9.0,3.44,0.62,21.2,3.65
2026-03-19,0.0,0.0,0.0,0.0,0.0,0.0,0.0,0.0,0.0,0.0
2026-03-20,0.0,0.0,0.0,0.0,0.0,0.0,0.0,0.0,0.0,0.0
2026-03-21,0.57,1.0,1.38,2.0,3.43,4.0,1.1,1.6,3.03,3.48
2026-03-22,0.0,0.0,3.36,1.0,15.84,5.0,0.0,0.0,1.17,0.96
2026-03-23,1.06,3.0,7.66,7.0,16.81,11.0,0.25,1.0,0.25,1.0
2026-03-24,0.64,1.0,51.83,13.0,72.83,20.0,19.24,2.61,22.84,4.04
2026-03-25,3.57,2.0,15.33,5.0,45.92,15.0,2.01,0.62,2.77,0.93
2026-03-26,0.0,0.0,16.2,5.0,19.4,6.0,0.96,1.78,0.96,1.78
2026-03-27,1.46,1.0,5.33,2.0,5.33,2.0,3.3,1.35,3.3,1.35
2026-03-28,2.62,3.0,5.9,4.0,16.78,7.0,4.28,2.23,11.93,4.05
2026-03-29,1.48,3.0,1.48,3.0,48.39,11.0,0.66,1.41,15.37,3.37
2026-03-30,1.75,1.0,6.8,5.0,9.11,6.0,3.64,2.75,3.64,2.75
2026-03-31,0.0,0.0,6.99,3.0,11.9,6.0,0.21,0.52,2.79,2.48
2026-04-01,0.94,2.0,1.76,3.0,8.58,5.0,0.16,0.57,0.16,0.57
2026-04-02,0.0,0.0,3.93,2.0,30.38,11.0,0.07,0.03,6.34,1.21
2026-04-03,0.0,0.0,0.0,0.0,4.2,1.0,0.0,0.0,0.0,0.0
2026-04-04,3.66,2.0,3.66,2.0,9.75,3.0,0.35,0.75,1.39,0.92
2026-04-05,3.35,4.0,23.19,9.0,59.05,14.0,9.29,2.16,9.61,2.19
2026-04-06,2.53,1.0,2.53,1.0,3.16,2.0,0.0,0.0,0.0,0.0
2026-04-07,0.0,0.0,0.0,0.0,0.0,0.0,0.0,0.0,0.0,0.0
2026-04-08,0.73,1.0,1.63,3.0,1.63,3.0,0.0,0.0,0.0,0.0
2026-04-09,9.46,8.0,18.65,15.0,36.59,21.0,6.29,4.82,10.66,6.64
2026-04-10,0.95,2.0,35.71,11.0,57.64,18.0,4.56,4.41,5.72,5.07
2026-04-11,0.0,0.0,0.83,2.0,32.09,10.0,0.37,0.9,0.56,1.29
2026-04-12,19.26,6.0,34.87,11.0,64.57,20.0,9.16,3.11,25.8,8.01
2026-04-13,10.1,2.0,28.32,8.0,79.8,18.0,6.81,2.72,10.43,4.45
2026-04-14,70.73,10.0,90.0,16.0,135.33,29.0,20.39,5.16,34.14,7.4
2026-04-15,7.03,2.0,52.65,12.0,82.0,19.0,6.94,3.42,11.11,4.43
2026-04-16,147.4,5.0,254.05,16.0,321.07,30.0,109.28,3.86,129.85,9.63
2026-04-17,0.53,1.0,84.68,14.0,96.16,21.0,16.5,2.91,19.91,6.35
2026-04-18,60.1,11.0,182.56,46.0,301.08,79.0,21.95,6.67,37.44,12.09
2026-04-19,42.14,11.0,144.1,27.0,277.01,57.0,15.99,6.12,93.61,13.69
2026-04-20,39.7,15.0,161.74,41.0,452.76,95.0,29.67,8.17,96.16,15.07
2026-04-21,16.24,2.0,479.76,38.0,783.25,87.0,260.31,17.23,336.81,31.15
2026-04-22,128.32,13.0,413.82,69.0,1003.91,136.0,232.13,32.26,315.26,44.17
2026-04-23,70.78,19.0,725.82,126.0,1427.44,242.0,358.36,60.22,463.08,83.72
2026-04-24,62.76,11.0,719.42,80.0,1519.54,189.0,235.41,20.15,768.45,80.51
2026-04-25,256.36,38.0,1651.36,216.0,3238.5,467.0,1018.57,119.18,2035.61,249.2
2026-04-26,58.13,7.0,829.14,98.0,2200.97,275.0,491.13,56.14,1278.85,122.68
2026-04-27,268.84,35.0,2760.02,308.0,5733.17,580.0,1906.66,190.64,4053.68,364.05
2026-04-28,0.0,0.0,0.0,0.0,0.0,0.0,0.0,0.0,0.0,0.0
2026-04-29,0.0,0.0,0.0,0.0,0.0,0.0,0.0,0.0,0.0,0.0
2026-04-30,0.0,0.0,0.0,0.0,0.0,0.0,0.0,0.0,0.0,0.0
2026-05-01,0.0,0.0,0.0,0.0,0.0,0.0,0.0,0.0,0.0,0.0
2026-05-02,0.0,0.0,0.0,0.0,0.0,0.0,0.0,0.0,0.0,0.0
2026-05-03,0.0,0.0,0.0,0.0,0.0,0.0,0.0,0.0,0.0,0.0
2026-05-04,0.0,0.0,0.0,0.0,0.0,0.0,0.0,0.0,0.0,0.0
2026-05-05,0.0,0.0,0.0,0.0,0.0,0.0,0.0,0.0,0.0,0.0
2026-05-06,0.0,0.0,0.0,0.0,0.0,0.0,0.0,0.0,0.0,0.0
2026-05-07,0.0,0.0,0.0,0.0,0.0,0.0,0.0,0.0,0.0,0.0
2026-05-08,0.0,0.0,0.0,0.0,0.0,0.0,0.0,0.0,0.0,0.0
2026-05-09,0.0,0.0,0.0,0.0,0.0,0.0,0.0,0.0,0.0,0.0
2026-05-10,0.0,0.0,0.0,0.0,0.0,0.0,0.0,0.0,0.0,0.0
2026-05-11,0.0,0.0,0.0,0.0,0.0,0.0,0.0,0.0,0.0,0.0
2026-05-12,0.0,0.0,0.0,0.0,0.0,0.0,0.0,0.0,0.0,0.0
2026-05-13,0.0,0.0,0.0,0.0,0.0,0.0,0.0,0.0,0.0,0.0
2026-05-14,0.0,0.0,0.0,0.0,0.0,0.0,0.0,0.0,0.0,0.0
2026-05-15,0.0,0.0,0.0,0.0,0.0,0.0,0.0,0.0,0.0,0.0
2026-05-16,0.0,0.0,0.0,0.0,0.0,0.0,0.0,0.0,0.0,0.0
2026-05-17,0.0,0.0,0.0,0.0,0.0,0.0,0.0,0.0,0.0,0.0
2026-05-18,0.0,0.0,0.0,0.0,0.0,0.0,0.0,0.0,0.0,0.0
2026-05-19,0.0,0.0,0.0,0.0,0.0,0.0,0.0,0.0,0.0,0.0
2026-05-20,0.0,0.0,0.0,0.0,0.0,0.0,0.0,0.0,0.0,0.0
2026-05-21,0.0,0.0,0.0,0.0,0.0,0.0,0.0,0.0,0.0,0.0
2026-05-22,0.0,0.0,0.0,0.0,0.0,0.0,0.0,0.0,0.0,0.0
2026-05-23,0.0,0.0,0.0,0.0,0.0,0.0,0.0,0.0,0.0,0.0
2026-05-24,0.0,0.0,0.0,0.0,0.0,0.0,0.0,0.0,0.0,0.0
2026-05-25,0.0,0.0,0.0,0.0,0.0,0.0,0.0,0.0,0.0,0.0
2026-05-26,0.0,0.0,0.0,0.0,0.0,0.0,0.0,0.0,0.0,0.0
2026-05-27,0.0,0.0,0.0,0.0,0.0,0.0,0.0,0.0,0.0,0.0
2026-05-28,0.0,0.0,0.0,0.0,0.0,0.0,0.0,0.0,0.0,0.0
2026-05-29,0.0,0.0,0.0,0.0,0.0,0.0,0.0,0.0,0.0,0.0
2026-05-30,0.0,0.0,0.0,0.0,0.0,0.0,0.0,0.0,0.0,0.0
2026-05-31,0.0,0.0,0.0,0.0,0.0,0.0,0.0,0.0,0.0,0.0
2026-06-01,0.0,0.0,0.0,0.0,0.0,0.0,0.0,0.0,0.0,0.0
2026-06-02,0.0,0.0,0.0,0.0,0.0,0.0,0.0,0.0,0.0,0.0
2026-06-03,14.95,7.0,25.99,14.0,34.02,18.0,2.22,2.13,2.93,2.52
2026-06-04,0.0,0.0,0.0,0.0,26.97,4.0,0.0,0.0,6.07,1.5
2026-06-05,1.26,2.0,1.26,2.0,22.49,7.0,0.0,0.0,4.88,1.15
2026-06-06,2.99,2.0,24.74,5.0,65.19,12.0,20.11,3.64,29.95,4.7
2026-06-07,9.05,5.0,9.05,5.0,15.62,9.0,0.76,0.71,1.39,1.0
2026-06-08,0.0,0.0,0.0,0.0,23.49,3.0,0.0,0.0,13.78,1.61
2026-06-09,40.34,4.0,66.25,10.0,114.4,22.0,49.27,6.35,80.91,12.47
2026-06-10,4.03,1.0,4.03,1.0,25.62,4.0,0.0,0.0,3.26,0.41
2026-06-11,4.76,2.0,4.76,2.0,9.91,3.0,0.0,0.0,0.0,0.0
2026-06-12,0.0,0.0,0.0,0.0,2.99,1.0,0.0,0.0,0.0,0.0
2026-06-13,0.0,0.0,1.16,1.0,1.16,1.0,0.0,0.0,0.0,0.0
2026-06-14,0.0,0.0,11.15,2.0,41.67,9.0,9.54,1.71,28.12,5.0
2026-06-15,0.9,1.0,0.9,1.0,19.09,10.0,0.0,0.0,0.0,0.0
2026-06-16,1.12,2.0,1.12,2.0,19.79,8.0,0.1,0.15,0.76,0.39
2026-06-17,1.82,3.0,26.83,7.0,87.49,23.0,1.28,1.05,34.3,9.02
2026-06-18,0.0,0.0,0.91,1.0,25.42,6.0,0.8,0.88,8.11,2.38
2026-06-19,7.49,4.0,7.49,4.0,31.31,11.0,0.78,0.96,8.82,3.11
2026-06-20,0.0,0.0,0.0,0.0,32.1,10.0,0.0,0.0,10.2,2.71
2026-06-21,4.45,3.0,6.65,4.0,47.43,13.0,2.24,1.02,24.2,3.44
2026-06-22,3.68,4.0,4.71,5.0,19.99,12.0,1.53,1.65,2.94,2.56
2026-06-23,0.0,0.0,0.0,0.0,128.76,27.0,0.0,0.0,4.28,1.03
2026-06-24,6.25,1.0,6.25,1.0,25.63,5.0,2.82,0.45,2.82,0.45
2026-06-25,0.0,0.0,7.32,1.0,76.92,18.0,0.05,0.01,4.37,1.19
2026-06-26,24.04,4.0,24.04,4.0,35.66,7.0,22.34,3.71,24.21,4.37
2026-06-27,25.41,5.0,28.37,6.0,116.57,22.0,14.23,2.33,14.68,2.43
2026-06-28,2.9,2.0,8.86,3.0,89.13,26.0,1.25,0.53,35.69,10.85
2026-06-29,0.0,0.0,5.27,1.0,15.32,4.0,4.93,0.94,6.56,1.42
2026-06-30,0.0,0.0,0.0,0.0,0.0,0.0,0.0,0.0,0.0,0.0
